{"version":2,"table":{"version":2,"table_id":"WMYDDFJ4","columns":[{"index":0,"name":"col0","values":["krypton-99","krypton-98","krypton-97","krypton-96","krypton-95","krypton-94"]},{"index":1,"name":"col1","values":["63","62","61","60","59","58"]},{"index":2,"name":"col2","values":["36","36","36","36","36","36"]}]},"context":{"version":3,"page_title":null,"page_url":null,"entities":[],"literals":[],"content_hierarchy":[]},"links":[[[{"version":2,"start":0,"end":10,"url":null,"entities":[{"id":"Q18845058","type":"wikidata"}]}],[],[]],[[{"version":2,"start":0,"end":10,"url":null,"entities":[{"id":"Q18845057","type":"wikidata"}]}],[],[]],[[{"version":2,"start":0,"end":10,"url":null,"entities":[{"id":"Q18845056","type":"wikidata"}]}],[],[]],[[{"version":2,"start":0,"end":10,"url":null,"entities":[{"id":"Q18845055","type":"wikidata"}]}],[],[]],[[{"version":2,"start":0,"end":10,"url":null,"entities":[{"id":"Q18845054","type":"wikidata"}]}],[],[]],[[{"version":2,"start":0,"end":10,"url":null,"entities":[{"id":"Q18845053","type":"wikidata"}]}],[],[]]]}