{"version":2,"table":{"version":2,"table_id":"WNQJ5RQQ","columns":[{"index":0,"name":"col0","values":["Ngoye","Middelplaat","Mesa La Lagunita","Mesa El Salado","Mafungabusi Plateau"]},{"index":1,"name":"col1","values":["448","1404","205","205","1268"]}]},"context":{"version":3,"page_title":null,"page_url":null,"entities":[],"literals":[],"content_hierarchy":[]},"links":[[[{"version":2,"start":0,"end":5,"url":null,"entities":[{"id":"Q31970208","type":"wikidata"}]}],[]],[[{"version":2,"start":0,"end":11,"url":null,"entities":[{"id":"Q31955123","type":"wikidata"}]}],[]],[[{"version":2,"start":0,"end":16,"url":null,"entities":[{"id":"Q31954238","type":"wikidata"}]}],[]],[[{"version":2,"start":0,"end":14,"url":null,"entities":[{"id":"Q31954221","type":"wikidata"}]}],[]],[[{"version":2,"start":0,"end":19,"url":null,"entities":[{"id":"Q31946888","type":"wikidata"}]}],[]]]}