{"version":2,"table":{"version":2,"table_id":"WRMTK5D8","columns":[{"index":0,"name":"col0","values":["Passage de la Grande Forclaz","Creu d'en Cabruja","Donovaly","Coll de Josa"]},{"index":1,"name":"col1","values":["2311","280","950","1629"]}]},"context":{"version":3,"page_title":null,"page_url":null,"entities":[],"literals":[],"content_hierarchy":[]},"links":[[[{"version":2,"start":0,"end":28,"url":null,"entities":[{"id":"Q107185812","type":"wikidata"}]}],[]],[[{"version":2,"start":0,"end":17,"url":null,"entities":[{"id":"Q107170971","type":"wikidata"}]}],[]],[[{"version":2,"start":0,"end":8,"url":null,"entities":[{"id":"Q107137480","type":"wikidata"}]}],[]],[[{"version":2,"start":0,"end":12,"url":null,"entities":[{"id":"Q106715170","type":"wikidata"}]}],[]]]}