{"version":2,"table":{"version":2,"table_id":"WSQUAWH5","columns":[{"index":0,"name":"col0","values":["V+ V966 Tau","ID 21845."]},{"index":1,"name":"col1","values":["5.987909999999999","-5.475239999999999"]},{"index":2,"name":"col2","values":["5225.856","5626.183999999999"]}]},"context":{"version":3,"page_title":null,"page_url":null,"entities":[],"literals":[],"content_hierarchy":[]},"links":[[[{"version":2,"start":0,"end":11,"url":null,"entities":[{"id":"Q88113209","type":"wikidata"}]}],[],[]],[[{"version":2,"start":0,"end":9,"url":null,"entities":[{"id":"Q88100773","type":"wikidata"}]}],[],[]]]}