{"version":2,"table":{"version":2,"table_id":"WUQA1R6A","columns":[{"index":0,"name":"col0","values":["Vivre","La Cha Ta","GO! GO! MANIAC!","7 Nasihat"]},{"index":1,"name":"col1","values":["1","","","1"]}]},"context":{"version":3,"page_title":null,"page_url":null,"entities":[],"literals":[],"content_hierarchy":[]},"links":[[[{"version":2,"start":0,"end":5,"url":null,"entities":[{"id":"Q107189287","type":"wikidata"}]}],[]],[[{"version":2,"start":0,"end":9,"url":null,"entities":[{"id":"Q485749","type":"wikidata"}]}],[]],[[{"version":2,"start":0,"end":15,"url":null,"entities":[{"id":"Q858442","type":"wikidata"}]}],[]],[[{"version":2,"start":0,"end":9,"url":null,"entities":[{"id":"Q110119173","type":"wikidata"}]}],[]]]}