{"version":2,"table":{"version":2,"table_id":"WYYXAYF7","columns":[{"index":0,"name":"col0","values":["Port-au-Prince","Cockburn Town","Hamilton","Philipsburg","Leeuwarden"]},{"index":1,"name":"col1","values":["98","8","18","8","3"]},{"index":2,"name":"col2","values":["987310","4100","3686","1338","92146"]}]},"context":{"version":3,"page_title":null,"page_url":null,"entities":[],"literals":[],"content_hierarchy":[]},"links":[[[{"version":2,"start":0,"end":14,"url":null,"entities":[{"id":"Q34261","type":"wikidata"}]}],[],[]],[[{"version":2,"start":0,"end":13,"url":null,"entities":[{"id":"Q34205","type":"wikidata"}]}],[],[]],[[{"version":2,"start":0,"end":8,"url":null,"entities":[{"id":"Q30985","type":"wikidata"}]}],[],[]],[[{"version":2,"start":0,"end":11,"url":null,"entities":[{"id":"Q30958","type":"wikidata"}]}],[],[]],[[{"version":2,"start":0,"end":10,"url":null,"entities":[{"id":"Q25390","type":"wikidata"}]}],[],[]]]}