{"version":2,"table":{"version":2,"table_id":"WZ46H0G7","columns":[{"index":0,"name":"col0","values":["Marriage at Cana","Hermes","Last supper"]},{"index":1,"name":"col1","values":["335","102","625"]},{"index":2,"name":"col2","values":["180","111","247"]}]},"context":{"version":3,"page_title":null,"page_url":null,"entities":[],"literals":[],"content_hierarchy":[]},"links":[[[{"version":2,"start":0,"end":16,"url":null,"entities":[{"id":"Q32066758","type":"wikidata"}]}],[],[]],[[{"version":2,"start":0,"end":6,"url":null,"entities":[{"id":"Q3785260","type":"wikidata"}]}],[],[]],[[{"version":2,"start":0,"end":11,"url":null,"entities":[{"id":"Q19966557","type":"wikidata"}]}],[],[]]]}