{"version":2,"table":{"version":2,"table_id":"X3FONOWM","columns":[{"index":0,"name":"col0","values":["Kampala","Maputo","Lusaka","Lilongwe","Nairobi","Dodoma","Doha"]},{"index":1,"name":"col1","values":["1680600","966837","2467563","989318","5545000","45807","1186023"]},{"index":2,"name":"col2","values":["1190","47","1279","1050","1661","1120","0"]}]},"context":{"version":3,"page_title":null,"page_url":null,"entities":[],"literals":[],"content_hierarchy":[]},"links":[[[{"version":2,"start":0,"end":7,"url":null,"entities":[{"id":"Q3894","type":"wikidata"}]}],[],[]],[[{"version":2,"start":0,"end":6,"url":null,"entities":[{"id":"Q3889","type":"wikidata"}]}],[],[]],[[{"version":2,"start":0,"end":6,"url":null,"entities":[{"id":"Q3881","type":"wikidata"}]}],[],[]],[[{"version":2,"start":0,"end":8,"url":null,"entities":[{"id":"Q3876","type":"wikidata"}]}],[],[]],[[{"version":2,"start":0,"end":7,"url":null,"entities":[{"id":"Q3870","type":"wikidata"}]}],[],[]],[[{"version":2,"start":0,"end":6,"url":null,"entities":[{"id":"Q3866","type":"wikidata"}]}],[],[]],[[{"version":2,"start":0,"end":4,"url":null,"entities":[{"id":"Q3861","type":"wikidata"}]}],[],[]]]}