{"version":2,"table":{"version":2,"table_id":"XGCD5EDM","columns":[{"index":0,"name":"col0","values":["Cainda","Taruessos","Marbflla","tockholm"]},{"index":1,"name":"col1","values":["","The Nuttall Encyclopædia","","Brockhaus and Efron Encyclopedic Dictionary"]}]},"context":{"version":3,"page_title":null,"page_url":null,"entities":[],"literals":[],"content_hierarchy":[]},"links":[[[{"version":2,"start":0,"end":6,"url":null,"entities":[{"id":"Q459360","type":"wikidata"}]}],[]],[[{"version":2,"start":0,"end":9,"url":null,"entities":[{"id":"Q320416","type":"wikidata"}]}],[{"version":2,"start":0,"end":24,"url":null,"entities":[{"id":"Q3181656","type":"wikidata"}]}]],[[{"version":2,"start":0,"end":8,"url":null,"entities":[{"id":"Q484799","type":"wikidata"}]}],[]],[[{"version":2,"start":0,"end":8,"url":null,"entities":[{"id":"Q1754","type":"wikidata"}]}],[{"version":2,"start":0,"end":43,"url":null,"entities":[{"id":"Q602358","type":"wikidata"}]}]]]}