{"version":2,"table":{"version":2,"table_id":"XWW7T322","columns":[{"index":0,"name":"col0","values":["Mali","Cuba","Astralia.","Capada","Seeal","Atuba","Anola","Philippnes"]},{"index":1,"name":"col1","values":["58.371762","80.53942","83.07749999999999","83.70362","67.011708","76.62567","62.16247","70.81062"]}]},"context":{"version":3,"page_title":null,"page_url":null,"entities":[],"literals":[],"content_hierarchy":[]},"links":[[[{"version":2,"start":0,"end":4,"url":null,"entities":[{"id":"Q912","type":"wikidata"}]}],[]],[[{"version":2,"start":0,"end":4,"url":null,"entities":[{"id":"Q241","type":"wikidata"}]}],[]],[[{"version":2,"start":0,"end":9,"url":null,"entities":[{"id":"Q408","type":"wikidata"}]}],[]],[[{"version":2,"start":0,"end":6,"url":null,"entities":[{"id":"Q16","type":"wikidata"}]}],[]],[[{"version":2,"start":0,"end":5,"url":null,"entities":[{"id":"Q1041","type":"wikidata"}]}],[]],[[{"version":2,"start":0,"end":5,"url":null,"entities":[{"id":"Q21203","type":"wikidata"}]}],[]],[[{"version":2,"start":0,"end":5,"url":null,"entities":[{"id":"Q916","type":"wikidata"}]}],[]],[[{"version":2,"start":0,"end":10,"url":null,"entities":[{"id":"Q928","type":"wikidata"}]}],[]]]}