{"version":2,"table":{"version":2,"table_id":"XXZ2K4KX","columns":[{"index":0,"name":"col0","values":["Kasukabe City Masayoshi Elementary School","Kasukabe City Kamioki Elementary School","Kasukabe City Midori Elementary School"]},{"index":1,"name":"col1","values":["412","948","349"]},{"index":2,"name":"col2","values":["15","31","14"]}]},"context":{"version":3,"page_title":null,"page_url":null,"entities":[],"literals":[],"content_hierarchy":[]},"links":[[[{"version":2,"start":0,"end":41,"url":null,"entities":[{"id":"Q86498480","type":"wikidata"}]}],[],[]],[[{"version":2,"start":0,"end":39,"url":null,"entities":[{"id":"Q86498478","type":"wikidata"}]}],[],[]],[[{"version":2,"start":0,"end":38,"url":null,"entities":[{"id":"Q86498475","type":"wikidata"}]}],[],[]]]}