{"version":2,"table":{"version":2,"table_id":"XZ6NF635","columns":[{"index":0,"name":"col0","values":["1992 Idian Masters","Belgian Challnge 1991","1995 World Tnooker Championship","Q School 2021 – Evenw 1","2002 Thailand Master","991 Classic","2015 Six.red World Championship"]},{"index":1,"name":"col1","values":["4965.0","64575.99999999999","","","480289.49999999994","297900.0",""]},{"index":2,"name":"col2","values":["7.992","16.08","32.128","194.432","","135.072","47.76"]}]},"context":{"version":3,"page_title":null,"page_url":null,"entities":[],"literals":[],"content_hierarchy":[]},"links":[[[{"version":2,"start":0,"end":18,"url":null,"entities":[{"id":"Q4041362","type":"wikidata"}]}],[],[]],[[{"version":2,"start":0,"end":21,"url":null,"entities":[{"id":"Q4034980","type":"wikidata"}]}],[],[]],[[{"version":2,"start":0,"end":31,"url":null,"entities":[{"id":"Q2402563","type":"wikidata"}]}],[],[]],[[{"version":2,"start":0,"end":23,"url":null,"entities":[{"id":"Q106916692","type":"wikidata"}]}],[],[]],[[{"version":2,"start":0,"end":20,"url":null,"entities":[{"id":"Q48815030","type":"wikidata"}]}],[],[]],[[{"version":2,"start":0,"end":11,"url":null,"entities":[{"id":"Q48815893","type":"wikidata"}]}],[],[]],[[{"version":2,"start":0,"end":31,"url":null,"entities":[{"id":"Q20968203","type":"wikidata"}]}],[],[]]]}