{"version":2,"table":{"version":2,"table_id":"Y2M2KZGI","columns":[{"index":0,"name":"col0","values":["Gaines Township","White Lake Township","Waterford Township","Lansing Township","Flint Township","Tallmadge Township"]},{"index":1,"name":"col1","values":["249","292","289","265","241","207"]},{"index":2,"name":"col2","values":["35.9","37.2","35.3","13.1","23.6","33"]}]},"context":{"version":3,"page_title":null,"page_url":null,"entities":[],"literals":[],"content_hierarchy":[]},"links":[[[{"version":2,"start":0,"end":15,"url":null,"entities":[{"id":"Q1921328","type":"wikidata"}]}],[],[]],[[{"version":2,"start":0,"end":19,"url":null,"entities":[{"id":"Q7994977","type":"wikidata"}]}],[],[]],[[{"version":2,"start":0,"end":18,"url":null,"entities":[{"id":"Q2365407","type":"wikidata"}]}],[],[]],[[{"version":2,"start":0,"end":16,"url":null,"entities":[{"id":"Q6029779","type":"wikidata"}]}],[],[]],[[{"version":2,"start":0,"end":14,"url":null,"entities":[{"id":"Q3344419","type":"wikidata"}]}],[],[]],[[{"version":2,"start":0,"end":18,"url":null,"entities":[{"id":"Q7680160","type":"wikidata"}]}],[],[]]]}