{"version":2,"table":{"version":2,"table_id":"Y2ORT1QW","columns":[{"index":0,"name":"col0","values":["Five imperial Escutcheons (leaf 2)","Kichisuke botan zakari","The Entombment"]},{"index":1,"name":"col1","values":["Five imperial Escutcheons","Peonies in Full Bloom in the Garden of Kichisuke","The Entombment"]},{"index":2,"name":"col2","values":["","17.8",""]}]},"context":{"version":3,"page_title":null,"page_url":null,"entities":[],"literals":[],"content_hierarchy":[]},"links":[[[{"version":2,"start":0,"end":34,"url":null,"entities":[{"id":"Q102304818","type":"wikidata"}]}],[],[]],[[{"version":2,"start":0,"end":22,"url":null,"entities":[{"id":"Q60807311","type":"wikidata"}]}],[],[]],[[{"version":2,"start":0,"end":14,"url":null,"entities":[{"id":"Q64952445","type":"wikidata"}]}],[],[]]]}