{"version":2,"table":{"version":2,"table_id":"Y8TELCIK","columns":[{"index":0,"name":"col0","values":["Grande Anse","Azure Cove","Mitchell Cove","Alice Creek","South Bay","Omelchenko Bluff","Aiguafreda"]},{"index":1,"name":"col1","values":["Canada","","","","","","Spain"]}]},"context":{"version":3,"page_title":null,"page_url":null,"entities":[],"literals":[],"content_hierarchy":[]},"links":[[[{"version":2,"start":0,"end":11,"url":null,"entities":[{"id":"Q22404433","type":"wikidata"}]}],[{"version":2,"start":0,"end":6,"url":null,"entities":[{"id":"Q16","type":"wikidata"}]}]],[[{"version":2,"start":0,"end":10,"url":null,"entities":[{"id":"Q86634","type":"wikidata"}]}],[]],[[{"version":2,"start":0,"end":13,"url":null,"entities":[{"id":"Q58606","type":"wikidata"}]}],[]],[[{"version":2,"start":0,"end":11,"url":null,"entities":[{"id":"Q86807","type":"wikidata"}]}],[]],[[{"version":2,"start":0,"end":9,"url":null,"entities":[{"id":"Q118854","type":"wikidata"}]}],[]],[[{"version":2,"start":0,"end":16,"url":null,"entities":[{"id":"Q22615389","type":"wikidata"}]}],[]],[[{"version":2,"start":0,"end":10,"url":null,"entities":[{"id":"Q19502133","type":"wikidata"}]}],[{"version":2,"start":0,"end":5,"url":null,"entities":[{"id":"Q29","type":"wikidata"}]}]]]}