{"version":2,"table":{"version":2,"table_id":"YHBSZ8UG","columns":[{"index":0,"name":"col0","values":["Alice's Wonderland","Enchanted","Garfield: A Tail of Two Kitties","American Pop","Look Both Ways","Space Jam: A New Legacy","Masquerade"]},{"index":1,"name":"col1","values":["","Don Burgess","Peter Lyons Collister","","Ray Argall","Salvatore Totino",""]}]},"context":{"version":3,"page_title":null,"page_url":null,"entities":[],"literals":[],"content_hierarchy":[]},"links":[[[{"version":2,"start":0,"end":18,"url":null,"entities":[{"id":"Q2078203","type":"wikidata"}]}],[]],[[{"version":2,"start":0,"end":9,"url":null,"entities":[{"id":"Q490464","type":"wikidata"}]}],[{"version":2,"start":0,"end":11,"url":null,"entities":[{"id":"Q484980","type":"wikidata"}]}]],[[{"version":2,"start":0,"end":31,"url":null,"entities":[{"id":"Q587921","type":"wikidata"}]}],[{"version":2,"start":0,"end":21,"url":null,"entities":[{"id":"Q2076780","type":"wikidata"}]}]],[[{"version":2,"start":0,"end":12,"url":null,"entities":[{"id":"Q2559102","type":"wikidata"}]}],[]],[[{"version":2,"start":0,"end":14,"url":null,"entities":[{"id":"Q12125818","type":"wikidata"}]}],[{"version":2,"start":0,"end":10,"url":null,"entities":[{"id":"Q53414693","type":"wikidata"}]}]],[[{"version":2,"start":0,"end":23,"url":null,"entities":[{"id":"Q56850065","type":"wikidata"}]}],[{"version":2,"start":0,"end":16,"url":null,"entities":[{"id":"Q782204","type":"wikidata"}]}]],[[{"version":2,"start":0,"end":10,"url":null,"entities":[{"id":"Q3521810","type":"wikidata"}]}],[]]]}