{"version":2,"table":{"version":2,"table_id":"YHU7CYBS","columns":[{"index":0,"name":"col0","values":["Oiz","Mont Farlagne"]},{"index":1,"name":"col1","values":["Biscay","New Brunswick"]},{"index":2,"name":"col2","values":["Spain","Canada"]}]},"context":{"version":3,"page_title":null,"page_url":null,"entities":[],"literals":[],"content_hierarchy":[]},"links":[[[{"version":2,"start":0,"end":3,"url":null,"entities":[{"id":"Q557367","type":"wikidata"}]}],[{"version":2,"start":0,"end":6,"url":null,"entities":[{"id":"Q93366","type":"wikidata"}]}],[{"version":2,"start":0,"end":5,"url":null,"entities":[{"id":"Q29","type":"wikidata"}]}]],[[{"version":2,"start":0,"end":13,"url":null,"entities":[{"id":"Q542125","type":"wikidata"}]}],[{"version":2,"start":0,"end":13,"url":null,"entities":[{"id":"Q1965","type":"wikidata"}]}],[{"version":2,"start":0,"end":6,"url":null,"entities":[{"id":"Q16","type":"wikidata"}]}]]]}