{"version":2,"table":{"version":2,"table_id":"YIHX7LTT","columns":[{"index":0,"name":"col0","values":["The Bank Tower 2","Bethlen Street residential tower","Skaio","2550 North Lakeview Avenue","Granitehill House"]},{"index":1,"name":"col1","values":["334.65","52","34","442.01","30"]},{"index":2,"name":"col2","values":["33","16","10","39","10"]}]},"context":{"version":3,"page_title":null,"page_url":null,"entities":[],"literals":[],"content_hierarchy":[]},"links":[[[{"version":2,"start":0,"end":16,"url":null,"entities":[{"id":"Q110162752","type":"wikidata"}]}],[],[]],[[{"version":2,"start":0,"end":32,"url":null,"entities":[{"id":"Q108839473","type":"wikidata"}]}],[],[]],[[{"version":2,"start":0,"end":5,"url":null,"entities":[{"id":"Q108837391","type":"wikidata"}]}],[],[]],[[{"version":2,"start":0,"end":26,"url":null,"entities":[{"id":"Q107622201","type":"wikidata"}]}],[],[]],[[{"version":2,"start":0,"end":17,"url":null,"entities":[{"id":"Q107588665","type":"wikidata"}]}],[],[]]]}