{"version":2,"table":{"version":2,"table_id":"YJ2B0YUO","columns":[{"index":0,"name":"col0","values":["Sierra de Albarracín Comarca","Cinca Medio"]},{"index":1,"name":"col1","values":["1414","576.7"]}]},"context":{"version":3,"page_title":null,"page_url":null,"entities":[],"literals":[],"content_hierarchy":[]},"links":[[[{"version":2,"start":0,"end":28,"url":null,"entities":[{"id":"Q569291","type":"wikidata"}]}],[]],[[{"version":2,"start":0,"end":11,"url":null,"entities":[{"id":"Q1092213","type":"wikidata"}]}],[]]]}