{"version":"1.2","table":{"version":"2","table_id":"GWWJVAMA","columns":[{"index":0,"name":"col0","values":["Hertfordshire Archives and Local Studies","Welwyn Garden City Central Library","Kenton Library","Witham Library","Halstead Library","Llandudno Library","Holborn Library","West Wycombe Library","Bromley Central Library","Sparkhill Library","Camelford Library","Winton Library","Tuckton Library","Westbourne Library","Quarry Bay Public Library","Fa Yuen Street Public Library","Shui Wo Street Public Library","Yau Ma Tei Public Library","Much Wenlock Library","Albury Library Museum"]},{"index":1,"name":"col1","values":["County Hall, Pegs Lane, Hertford, England, SG13 8EJ","Welwyn Garden City Library & Information Service, Campus West, Welwyn Garden City, Hertfordshire, AL8 6AJ","Kenton Library, Kenton Lane, Kenton, HA3 8UJ","Witham Library, 18 Newland Street, Witham, Essex, CM8 2AQ, England","Halstead Library, Bridge Street, Halstead, Essex, CO9 1HU","Llandudno Library, Mostyn Street, Llandudno, Conwy, LL30 2RP, Wales","Holborn Library, 32 Theobolds Road, London, WC1X 8PA","West Wycombe Library, Swan Yard, High Street, West Wycombe, HP14 3AE","High Street,  Bromley, BR1 1EX","Sparkhill Library, 641 Straford Road, Birmingham, B11 4EA","Camelford Library and One Stop Shop, Town Hall, Market Place, Camelford, PL32 9PD","Wimborne Road,  Bournemouth, BH9 2EN","Tuckton Library, Wick Lane,  Bournemouth, BH6 4LF","Westbourne Library, Alum Chine Road,  Bournemouth, BH4 8DX","Quarry Bay Public Library, 4-5/F., Quarry Bay Municipal Services Building, 38 Quarry Bay Street, Quarry Bay, Hong Kong","Fa Yuen Street Public Library, 4-5/F., Fa Yuen Street Municipal Services Building, 123A Fa Yuen Street, Mong Kok, Kowloon, Hong Kong","Shui Wo Street Public Library, 5-6/F., Shui Wo Street Municipal Services Buliding, 9 Shui Wo Street, Kwun Tong, Kowloon, Hong Kong","Yau Ma Tei Public Library, G & M/F., 250 Shanghai Street, Yau Ma Tei, Kowloon, Hong Kong","Much Wenlock Library, The Corn Exchange, High Street, Much Wenlock, Shropshire, TF13 6AE","Kiewa Street Albury NSW 2640"]},{"index":2,"name":"col2","values":["Hertfordshire County Council","Hertfordshire County Council","Harrow London Borough Council","Essex County Council","Essex County Council","Conwy County Borough Council","Camden London Borough Council","Buckinghamshire County Council","Bromley London Borough Council","Birmingham City Council","Cornwall Council","Bournemouth Borough Council","Bournemouth Borough Council","Bournemouth Borough Council","Hong Kong Public Libraries","Hong Kong Public Libraries","Hong Kong Public Libraries","Hong Kong Public Libraries","Shropshire Council","AlburyCity Libraries"]}]},"context":{"page_title":null,"page_url":null,"page_entity_id":null,"content_hierarchy":[]},"links":[[[{"start":0,"end":40,"url":null,"entity_id":"Q23305526","candidates":[]}],[],[{"start":0,"end":28,"url":null,"entity_id":"Q5744765","candidates":[]}]],[[{"start":0,"end":34,"url":null,"entity_id":"Q23303986","candidates":[]}],[],[{"start":0,"end":28,"url":null,"entity_id":"Q5744765","candidates":[]}]],[[{"start":0,"end":14,"url":null,"entity_id":"Q26407189","candidates":[]}],[],[{"start":0,"end":29,"url":null,"entity_id":"Q5666565","candidates":[]}]],[[{"start":0,"end":14,"url":null,"entity_id":"Q26415724","candidates":[]}],[],[{"start":0,"end":20,"url":null,"entity_id":"Q5399679","candidates":[]}]],[[{"start":0,"end":16,"url":null,"entity_id":"Q26415607","candidates":[]}],[],[{"start":0,"end":20,"url":null,"entity_id":"Q5399679","candidates":[]}]],[[{"start":0,"end":17,"url":null,"entity_id":"Q20595614","candidates":[]}],[],[{"start":0,"end":28,"url":null,"entity_id":"Q5166758","candidates":[]}]],[[{"start":0,"end":15,"url":null,"entity_id":"Q20870267","candidates":[]}],[],[{"start":0,"end":29,"url":null,"entity_id":"Q5025790","candidates":[]}]],[[{"start":0,"end":20,"url":null,"entity_id":"Q26453714","candidates":[]}],[],[{"start":0,"end":30,"url":null,"entity_id":"Q4983255","candidates":[]}]],[[{"start":0,"end":23,"url":null,"entity_id":"Q26482037","candidates":[]}],[],[{"start":0,"end":30,"url":null,"entity_id":"Q4973687","candidates":[]}]],[[{"start":0,"end":17,"url":null,"entity_id":"Q20031717","candidates":[]}],[],[{"start":0,"end":23,"url":null,"entity_id":"Q4916650","candidates":[]}]],[[{"start":0,"end":17,"url":null,"entity_id":"Q26431541","candidates":[]}],[],[{"start":0,"end":16,"url":null,"entity_id":"Q3774189","candidates":[]}]],[[{"start":0,"end":14,"url":null,"entity_id":"Q26446985","candidates":[]}],[],[{"start":0,"end":27,"url":null,"entity_id":"Q1144019","candidates":[]}]],[[{"start":0,"end":15,"url":null,"entity_id":"Q26446866","candidates":[]}],[],[{"start":0,"end":27,"url":null,"entity_id":"Q1144019","candidates":[]}]],[[{"start":0,"end":18,"url":null,"entity_id":"Q26402630","candidates":[]}],[],[{"start":0,"end":27,"url":null,"entity_id":"Q1144019","candidates":[]}]],[[{"start":0,"end":25,"url":null,"entity_id":"Q19776270","candidates":[]}],[],[{"start":0,"end":26,"url":null,"entity_id":"Q838662","candidates":[]}]],[[{"start":0,"end":29,"url":null,"entity_id":"Q19776266","candidates":[]}],[],[{"start":0,"end":26,"url":null,"entity_id":"Q838662","candidates":[]}]],[[{"start":0,"end":29,"url":null,"entity_id":"Q19776265","candidates":[]}],[],[{"start":0,"end":26,"url":null,"entity_id":"Q838662","candidates":[]}]],[[{"start":0,"end":25,"url":null,"entity_id":"Q19776261","candidates":[]}],[],[{"start":0,"end":26,"url":null,"entity_id":"Q838662","candidates":[]}]],[[{"start":0,"end":20,"url":null,"entity_id":"Q26484317","candidates":[]}],[],[{"start":0,"end":18,"url":null,"entity_id":"Q93612","candidates":[]}]],[[{"start":0,"end":21,"url":null,"entity_id":"Q16868900","candidates":[]}],[],[{"start":0,"end":20,"url":null,"entity_id":"Q86159391","candidates":[]}]]]}