{"version":"1.2","table":{"version":"2","table_id":"GXLA7BHI","columns":[{"index":0,"name":"col0","values":["DER Touristik Group","Men's Wearhouse","Goshen Records","Latin Sumo Records","Evonik Degussa","Gislaveds gummifabrik","Bezoya","Svitoch","Woodford Reserve","Cadbury","Jacobs","KVINT","Marchal (business)","Chocolat Suchard","Carte Noire","Victoria","Pastador","Chat Noir","Chokotoff","Philadelphia"]},{"index":1,"name":"col1","values":["REWE Group","Tailored Brands","Kabad Entertainment","Kabad Entertainment","Evonik Industries","Continental AG","Calidad Pascual S.A.U.","Nestlé","Brown-Forman","Kraft Heinz","Mondelēz International","Sheriff","Valeo","Kraft Foods","Lavazza","Kraft Foods","Kraft Foods","Kraft Foods","Kraft Foods","Kraft Foods"]},{"index":2,"name":"col2","values":["Germany","United States of America","United States of America","United States of America","Germany","Sweden","Spain","Ukraine","United States of America","United Kingdom","Germany","Moldova","France","Switzerland","Italy","Belgium","Belgium","Belgium","Belgium","United States of America"]}]},"context":{"page_title":null,"page_url":null,"page_entity_id":null,"content_hierarchy":[]},"links":[[[{"start":0,"end":19,"url":null,"entity_id":"Q56707994","candidates":[]}],[{"start":0,"end":10,"url":null,"entity_id":"Q573266","candidates":[]}],[{"start":0,"end":7,"url":null,"entity_id":"Q183","candidates":[]}]],[[{"start":0,"end":15,"url":null,"entity_id":"Q57405513","candidates":[]}],[{"start":0,"end":15,"url":null,"entity_id":"Q3305660","candidates":[]}],[{"start":0,"end":24,"url":null,"entity_id":"Q30","candidates":[]}]],[[{"start":0,"end":14,"url":null,"entity_id":"Q67830416","candidates":[]}],[{"start":0,"end":19,"url":null,"entity_id":"Q67687797","candidates":[]}],[{"start":0,"end":24,"url":null,"entity_id":"Q30","candidates":[]}]],[[{"start":0,"end":18,"url":null,"entity_id":"Q67683341","candidates":[]}],[{"start":0,"end":19,"url":null,"entity_id":"Q67687797","candidates":[]}],[{"start":0,"end":24,"url":null,"entity_id":"Q30","candidates":[]}]],[[{"start":0,"end":14,"url":null,"entity_id":"Q4461132","candidates":[]}],[{"start":0,"end":17,"url":null,"entity_id":"Q473513","candidates":[]}],[{"start":0,"end":7,"url":null,"entity_id":"Q183","candidates":[]}]],[[{"start":0,"end":21,"url":null,"entity_id":"Q3769075","candidates":[]}],[{"start":0,"end":14,"url":null,"entity_id":"Q163241","candidates":[]}],[{"start":0,"end":6,"url":null,"entity_id":"Q34","candidates":[]}]],[[{"start":0,"end":6,"url":null,"entity_id":"Q4900385","candidates":[]}],[{"start":0,"end":22,"url":null,"entity_id":"Q5412075","candidates":[]}],[{"start":0,"end":5,"url":null,"entity_id":"Q29","candidates":[]}]],[[{"start":0,"end":7,"url":null,"entity_id":"Q7652758","candidates":[]}],[{"start":0,"end":6,"url":null,"entity_id":"Q160746","candidates":[]}],[{"start":0,"end":7,"url":null,"entity_id":"Q212","candidates":[]}]],[[{"start":0,"end":16,"url":null,"entity_id":"Q8032660","candidates":[]}],[{"start":0,"end":12,"url":null,"entity_id":"Q392221","candidates":[]}],[{"start":0,"end":24,"url":null,"entity_id":"Q30","candidates":[]}]],[[{"start":0,"end":7,"url":null,"entity_id":"Q6677525","candidates":[]}],[{"start":0,"end":11,"url":null,"entity_id":"Q19681433","candidates":[]}],[{"start":0,"end":14,"url":null,"entity_id":"Q145","candidates":[]}]],[[{"start":0,"end":6,"url":null,"entity_id":"Q2468046","candidates":[]}],[{"start":0,"end":22,"url":null,"entity_id":"Q12857502","candidates":[]}],[{"start":0,"end":7,"url":null,"entity_id":"Q183","candidates":[]}]],[[{"start":0,"end":5,"url":null,"entity_id":"Q3182285","candidates":[]}],[{"start":0,"end":7,"url":null,"entity_id":"Q378941","candidates":[]}],[{"start":0,"end":7,"url":null,"entity_id":"Q217","candidates":[]}]],[[{"start":0,"end":18,"url":null,"entity_id":"Q3289679","candidates":[]}],[{"start":0,"end":5,"url":null,"entity_id":"Q1305281","candidates":[]}],[{"start":0,"end":6,"url":null,"entity_id":"Q142","candidates":[]}]],[[{"start":0,"end":16,"url":null,"entity_id":"Q2964274","candidates":[]}],[{"start":0,"end":11,"url":null,"entity_id":"Q327751","candidates":[]}],[{"start":0,"end":11,"url":null,"entity_id":"Q39","candidates":[]}]],[[{"start":0,"end":11,"url":null,"entity_id":"Q2940457","candidates":[]}],[{"start":0,"end":7,"url":null,"entity_id":"Q543750","candidates":[]}],[{"start":0,"end":5,"url":null,"entity_id":"Q38","candidates":[]}]],[[{"start":0,"end":8,"url":null,"entity_id":"Q3557667","candidates":[]}],[{"start":0,"end":11,"url":null,"entity_id":"Q327751","candidates":[]}],[{"start":0,"end":7,"url":null,"entity_id":"Q31","candidates":[]}]],[[{"start":0,"end":8,"url":null,"entity_id":"Q3368437","candidates":[]}],[{"start":0,"end":11,"url":null,"entity_id":"Q327751","candidates":[]}],[{"start":0,"end":7,"url":null,"entity_id":"Q31","candidates":[]}]],[[{"start":0,"end":9,"url":null,"entity_id":"Q2961481","candidates":[]}],[{"start":0,"end":11,"url":null,"entity_id":"Q327751","candidates":[]}],[{"start":0,"end":7,"url":null,"entity_id":"Q31","candidates":[]}]],[[{"start":0,"end":9,"url":null,"entity_id":"Q2007340","candidates":[]}],[{"start":0,"end":11,"url":null,"entity_id":"Q327751","candidates":[]}],[{"start":0,"end":7,"url":null,"entity_id":"Q31","candidates":[]}]],[[{"start":0,"end":12,"url":null,"entity_id":"Q2085762","candidates":[]}],[{"start":0,"end":11,"url":null,"entity_id":"Q327751","candidates":[]}],[{"start":0,"end":24,"url":null,"entity_id":"Q30","candidates":[]}]]]}