{"version":"1.2","table":{"version":"2","table_id":"GY77LFAC","columns":[{"index":0,"name":"col0","values":["Latvian Chess Championship","Croatian Chess Championship","Czechoslovak Chess Championship","Swedish Chess Championship","U.S. Chess Championship","Soviet Women's Chess Championship","Dutch Chess Championship","British Chess Championship","French Chess Championship","Armenian Chess Championship","Polish Chess Championship","Cuban Chess Championship","Russian Chess Championship","Estonian Chess Championship","Italian Chess Championship","Brazilian Chess Championship","Hungarian Chess Championship","Moroccan Chess Championship","Lebanese Chess Championship","Finnish Chess Championship"]},{"index":1,"name":"col1","values":["1924-01-01","1992-01-01","1919-01-01","1917-01-01","1936-01-01","1927-01-01","1873-01-01","1862-01-01","1880-01-01","1934-01-01","1926-01-01","1860-01-01","1874-01-01","1903-01-01","1921-01-01","1927-01-01","1906-01-01","1965-01-01","1994-01-01","1922-01-01"]},{"index":2,"name":"col2","values":["national championship","national championship","national championship","national championship","national championship","national championship","national championship","national championship","national championship","national championship","national championship","national championship","national championship","national championship","national championship","national championship","national championship","national championship","national championship","national championship"]}]},"context":{"page_title":null,"page_url":null,"page_entity_id":null,"content_hierarchy":[]},"links":[[[{"start":0,"end":26,"url":null,"entity_id":"Q2468619","candidates":[]}],[],[{"start":0,"end":21,"url":null,"entity_id":"Q3270632","candidates":[]}]],[[{"start":0,"end":27,"url":null,"entity_id":"Q2375100","candidates":[]}],[],[{"start":0,"end":21,"url":null,"entity_id":"Q3270632","candidates":[]}]],[[{"start":0,"end":31,"url":null,"entity_id":"Q2357382","candidates":[]}],[],[{"start":0,"end":21,"url":null,"entity_id":"Q3270632","candidates":[]}]],[[{"start":0,"end":26,"url":null,"entity_id":"Q2310260","candidates":[]}],[],[{"start":0,"end":21,"url":null,"entity_id":"Q3270632","candidates":[]}]],[[{"start":0,"end":23,"url":null,"entity_id":"Q2297972","candidates":[]}],[],[{"start":0,"end":21,"url":null,"entity_id":"Q3270632","candidates":[]}]],[[{"start":0,"end":33,"url":null,"entity_id":"Q1892680","candidates":[]}],[],[{"start":0,"end":21,"url":null,"entity_id":"Q3270632","candidates":[]}]],[[{"start":0,"end":24,"url":null,"entity_id":"Q1861301","candidates":[]}],[],[{"start":0,"end":21,"url":null,"entity_id":"Q3270632","candidates":[]}]],[[{"start":0,"end":26,"url":null,"entity_id":"Q1812315","candidates":[]}],[],[{"start":0,"end":21,"url":null,"entity_id":"Q3270632","candidates":[]}]],[[{"start":0,"end":25,"url":null,"entity_id":"Q1725521","candidates":[]}],[],[{"start":0,"end":21,"url":null,"entity_id":"Q3270632","candidates":[]}]],[[{"start":0,"end":27,"url":null,"entity_id":"Q1687662","candidates":[]}],[],[{"start":0,"end":21,"url":null,"entity_id":"Q3270632","candidates":[]}]],[[{"start":0,"end":25,"url":null,"entity_id":"Q1660801","candidates":[]}],[],[{"start":0,"end":21,"url":null,"entity_id":"Q3270632","candidates":[]}]],[[{"start":0,"end":24,"url":null,"entity_id":"Q1644969","candidates":[]}],[],[{"start":0,"end":21,"url":null,"entity_id":"Q3270632","candidates":[]}]],[[{"start":0,"end":26,"url":null,"entity_id":"Q1532343","candidates":[]}],[],[{"start":0,"end":21,"url":null,"entity_id":"Q3270632","candidates":[]}]],[[{"start":0,"end":27,"url":null,"entity_id":"Q1530659","candidates":[]}],[],[{"start":0,"end":21,"url":null,"entity_id":"Q3270632","candidates":[]}]],[[{"start":0,"end":26,"url":null,"entity_id":"Q1225128","candidates":[]}],[],[{"start":0,"end":21,"url":null,"entity_id":"Q3270632","candidates":[]}]],[[{"start":0,"end":28,"url":null,"entity_id":"Q971619","candidates":[]}],[],[{"start":0,"end":21,"url":null,"entity_id":"Q3270632","candidates":[]}]],[[{"start":0,"end":28,"url":null,"entity_id":"Q902060","candidates":[]}],[],[{"start":0,"end":21,"url":null,"entity_id":"Q3270632","candidates":[]}]],[[{"start":0,"end":27,"url":null,"entity_id":"Q863688","candidates":[]}],[],[{"start":0,"end":21,"url":null,"entity_id":"Q3270632","candidates":[]}]],[[{"start":0,"end":27,"url":null,"entity_id":"Q863684","candidates":[]}],[],[{"start":0,"end":21,"url":null,"entity_id":"Q3270632","candidates":[]}]],[[{"start":0,"end":26,"url":null,"entity_id":"Q849843","candidates":[]}],[],[{"start":0,"end":21,"url":null,"entity_id":"Q3270632","candidates":[]}]]]}