{"version":"1.2","table":{"version":"2","table_id":"GZ4S7120","columns":[{"index":0,"name":"col0","values":["Meerdaal forest","Peerdsbos","Brakelbos","Tillegembos","Kravaalbos","Heverlee forest","Sebalder Reichswald","Schenkenwald","Huvenhoopsmoor","Luckauer Holz","Grafenwald","Saarkohlenwald","Grünewald","Store Dyrehave","Duisburger Stadtwald","Briloner Stadtforst","Rold Skov","Gruitroderbos","Liedekerkebos","Lorenzer Reichswald"]},{"index":1,"name":"col1","values":["87","17","118","24","72","79","337","419","9","22","293","281","425","74","54","605","75","79","35","382"]},{"index":2,"name":"col2","values":["13.51","1.48","0.52","1.44","0.8","5.34","10","66.1619","1369.55","122.01","16.5","6000","3734","498","600","7750","8600","6.6","1.2","15"]}]},"context":{"page_title":null,"page_url":null,"page_entity_id":null,"content_hierarchy":[]},"links":[[[{"start":0,"end":15,"url":null,"entity_id":"Q2566540","candidates":[]}],[],[]],[[{"start":0,"end":9,"url":null,"entity_id":"Q2522338","candidates":[]}],[],[]],[[{"start":0,"end":9,"url":null,"entity_id":"Q2435498","candidates":[]}],[],[]],[[{"start":0,"end":11,"url":null,"entity_id":"Q2378158","candidates":[]}],[],[]],[[{"start":0,"end":10,"url":null,"entity_id":"Q2345345","candidates":[]}],[],[]],[[{"start":0,"end":15,"url":null,"entity_id":"Q2295848","candidates":[]}],[],[]],[[{"start":0,"end":19,"url":null,"entity_id":"Q2262501","candidates":[]}],[],[]],[[{"start":0,"end":12,"url":null,"entity_id":"Q2233361","candidates":[]}],[],[]],[[{"start":0,"end":14,"url":null,"entity_id":"Q1639383","candidates":[]}],[],[]],[[{"start":0,"end":13,"url":null,"entity_id":"Q1624968","candidates":[]}],[],[]],[[{"start":0,"end":10,"url":null,"entity_id":"Q1541523","candidates":[]}],[],[]],[[{"start":0,"end":14,"url":null,"entity_id":"Q1539859","candidates":[]}],[],[]],[[{"start":0,"end":9,"url":null,"entity_id":"Q1513403","candidates":[]}],[],[]],[[{"start":0,"end":14,"url":null,"entity_id":"Q1390044","candidates":[]}],[],[]],[[{"start":0,"end":20,"url":null,"entity_id":"Q1264278","candidates":[]}],[],[]],[[{"start":0,"end":19,"url":null,"entity_id":"Q917247","candidates":[]}],[],[]],[[{"start":0,"end":9,"url":null,"entity_id":"Q2061221","candidates":[]}],[],[]],[[{"start":0,"end":13,"url":null,"entity_id":"Q2001127","candidates":[]}],[],[]],[[{"start":0,"end":13,"url":null,"entity_id":"Q1916939","candidates":[]}],[],[]],[[{"start":0,"end":19,"url":null,"entity_id":"Q1870164","candidates":[]}],[],[]]]}