{"version":"1.2","table":{"version":"2","table_id":"GZ7KVIK4","columns":[{"index":0,"name":"col0","values":["Collegiate of San Miguel, Ampudia","Beverley Minster","Église Saint-Pierre de Mussy-sur-Seine","Collegiate Church of Santa Juliana","Collegiate church of Innichen","Collégiale Saint-Vincent de Soignies","Collegiate church of Saint Begga","Moulins Cathedral","i St. Peter's Church, Leuven","Santi Simone e Giuda","Collegiata della Santissima Trinità","Sint-Waltrudiskerk","Collegiata dei Santi Lorenzo e Leonardo","Colegiata de Santa María la Mayor","Duomo of Guardiagrele","Colegiata de San Patricio de Lorca","Santa Maria de Manresa","Basilica of San Isidoro","basilique Saint-Martin de Liège","Collégiale Saint-Jean-en-l'isle de Liège"]},{"index":1,"name":"col1","values":["Gothic architecture","Gothic architecture","Gothic art","Romanesque architecture","Romanesque architecture","Romanesque architecture","Neoclassical architecture","Gothic architecture","Gothic architecture","baroque architecture","Gothic architecture","Gothic architecture","Romanesque architecture","Gothic architecture","Romanesque architecture","Renaissance architecture","Gothic architecture","Romanesque architecture","Gothic architecture","Neoclassical architecture"]},{"index":2,"name":"col2","values":["Bien de Interés Cultural","Grade I listed building","monument historique classé","Bien de Interés Cultural","Cultural heritage monuments in South Tyrol","exceptional heritage of Wallonia","protected heritage monument in Wallonia","monument historique classé","Beschermd erfgoed","Italian national heritage","Italian national heritage","exceptional heritage of Wallonia","Italian national heritage","Bien de Interés Cultural","Italian national heritage","Bien de Interés Cultural","Bien de Interés Cultural","Bien de Interés Cultural","protected heritage monument in Wallonia","protected heritage monument in Wallonia"]},{"index":3,"name":"col3","values":["Ampudia","Beverley","Mussy-sur-Seine","Santillana del Mar","Innichen","Soignies","Andenne","Moulins","Leuven","Radicondoli","Cetona","Mons","Castelfiorentino","Caspe","Guardiagrele","Lorca","Manresa","León","Liège","Liège"]}]},"context":{"page_title":null,"page_url":null,"page_entity_id":null,"content_hierarchy":[]},"links":[[[{"start":0,"end":33,"url":null,"entity_id":"Q5776799","candidates":[]}],[{"start":0,"end":19,"url":null,"entity_id":"Q176483","candidates":[]}],[{"start":0,"end":24,"url":null,"entity_id":"Q23712","candidates":[]}],[{"start":0,"end":7,"url":null,"entity_id":"Q1657195","candidates":[]}]],[[{"start":0,"end":16,"url":null,"entity_id":"Q851660","candidates":[]}],[{"start":0,"end":19,"url":null,"entity_id":"Q176483","candidates":[]}],[{"start":0,"end":23,"url":null,"entity_id":"Q15700818","candidates":[]}],[{"start":0,"end":8,"url":null,"entity_id":"Q851718","candidates":[]}]],[[{"start":0,"end":38,"url":null,"entity_id":"Q3584015","candidates":[]}],[{"start":0,"end":10,"url":null,"entity_id":"Q46825","candidates":[]}],[{"start":0,"end":26,"url":null,"entity_id":"Q10387684","candidates":[]}],[{"start":0,"end":15,"url":null,"entity_id":"Q740144","candidates":[]}]],[[{"start":0,"end":34,"url":null,"entity_id":"Q1609022","candidates":[]}],[{"start":0,"end":23,"url":null,"entity_id":"Q46261","candidates":[]}],[{"start":0,"end":24,"url":null,"entity_id":"Q23712","candidates":[]}],[{"start":0,"end":18,"url":null,"entity_id":"Q493817","candidates":[]}]],[[{"start":0,"end":29,"url":null,"entity_id":"Q549129","candidates":[]}],[{"start":0,"end":23,"url":null,"entity_id":"Q46261","candidates":[]}],[{"start":0,"end":42,"url":null,"entity_id":"Q18946666","candidates":[]}],[{"start":0,"end":8,"url":null,"entity_id":"Q474782","candidates":[]}]],[[{"start":0,"end":36,"url":null,"entity_id":"Q1967553","candidates":[]}],[{"start":0,"end":23,"url":null,"entity_id":"Q46261","candidates":[]}],[{"start":0,"end":32,"url":null,"entity_id":"Q2218240","candidates":[]}],[{"start":0,"end":8,"url":null,"entity_id":"Q462985","candidates":[]}]],[[{"start":0,"end":32,"url":null,"entity_id":"Q2984038","candidates":[]}],[{"start":0,"end":25,"url":null,"entity_id":"Q54111","candidates":[]}],[{"start":0,"end":39,"url":null,"entity_id":"Q2403675","candidates":[]}],[{"start":0,"end":7,"url":null,"entity_id":"Q333466","candidates":[]}]],[[{"start":0,"end":17,"url":null,"entity_id":"Q63504","candidates":[]}],[{"start":0,"end":19,"url":null,"entity_id":"Q176483","candidates":[]}],[{"start":0,"end":26,"url":null,"entity_id":"Q10387684","candidates":[]}],[{"start":0,"end":7,"url":null,"entity_id":"Q184883","candidates":[]}]],[[{"start":0,"end":28,"url":null,"entity_id":"Q17722","candidates":[]}],[{"start":0,"end":19,"url":null,"entity_id":"Q176483","candidates":[]}],[{"start":0,"end":17,"url":null,"entity_id":"Q12053139","candidates":[]}],[{"start":0,"end":6,"url":null,"entity_id":"Q118958","candidates":[]}]],[[{"start":0,"end":20,"url":null,"entity_id":"Q3682865","candidates":[]}],[{"start":0,"end":20,"url":null,"entity_id":"Q840829","candidates":[]}],[{"start":0,"end":25,"url":null,"entity_id":"Q26971668","candidates":[]}],[{"start":0,"end":11,"url":null,"entity_id":"Q91382","candidates":[]}]],[[{"start":0,"end":35,"url":null,"entity_id":"Q3682869","candidates":[]}],[{"start":0,"end":19,"url":null,"entity_id":"Q176483","candidates":[]}],[{"start":0,"end":25,"url":null,"entity_id":"Q26971668","candidates":[]}],[{"start":0,"end":6,"url":null,"entity_id":"Q91160","candidates":[]}]],[[{"start":0,"end":18,"url":null,"entity_id":"Q1720565","candidates":[]}],[{"start":0,"end":19,"url":null,"entity_id":"Q176483","candidates":[]}],[{"start":0,"end":32,"url":null,"entity_id":"Q2218240","candidates":[]}],[{"start":0,"end":4,"url":null,"entity_id":"Q83407","candidates":[]}]],[[{"start":0,"end":39,"url":null,"entity_id":"Q3682859","candidates":[]}],[{"start":0,"end":23,"url":null,"entity_id":"Q46261","candidates":[]}],[{"start":0,"end":25,"url":null,"entity_id":"Q26971668","candidates":[]}],[{"start":0,"end":16,"url":null,"entity_id":"Q82643","candidates":[]}]],[[{"start":0,"end":33,"url":null,"entity_id":"Q3897022","candidates":[]}],[{"start":0,"end":19,"url":null,"entity_id":"Q176483","candidates":[]}],[{"start":0,"end":24,"url":null,"entity_id":"Q23712","candidates":[]}],[{"start":0,"end":5,"url":null,"entity_id":"Q64010","candidates":[]}]],[[{"start":0,"end":21,"url":null,"entity_id":"Q512332","candidates":[]}],[{"start":0,"end":23,"url":null,"entity_id":"Q46261","candidates":[]}],[{"start":0,"end":25,"url":null,"entity_id":"Q26971668","candidates":[]}],[{"start":0,"end":12,"url":null,"entity_id":"Q51240","candidates":[]}]],[[{"start":0,"end":34,"url":null,"entity_id":"Q3585484","candidates":[]}],[{"start":0,"end":24,"url":null,"entity_id":"Q236122","candidates":[]}],[{"start":0,"end":24,"url":null,"entity_id":"Q23712","candidates":[]}],[{"start":0,"end":5,"url":null,"entity_id":"Q47571","candidates":[]}]],[[{"start":0,"end":22,"url":null,"entity_id":"Q2744847","candidates":[]}],[{"start":0,"end":19,"url":null,"entity_id":"Q176483","candidates":[]}],[{"start":0,"end":24,"url":null,"entity_id":"Q23712","candidates":[]}],[{"start":0,"end":7,"url":null,"entity_id":"Q16697","candidates":[]}]],[[{"start":0,"end":23,"url":null,"entity_id":"Q383659","candidates":[]}],[{"start":0,"end":23,"url":null,"entity_id":"Q46261","candidates":[]}],[{"start":0,"end":24,"url":null,"entity_id":"Q23712","candidates":[]}],[{"start":0,"end":4,"url":null,"entity_id":"Q15699","candidates":[]}]],[[{"start":0,"end":31,"url":null,"entity_id":"Q2396658","candidates":[]}],[{"start":0,"end":19,"url":null,"entity_id":"Q176483","candidates":[]}],[{"start":0,"end":39,"url":null,"entity_id":"Q2403675","candidates":[]}],[{"start":0,"end":5,"url":null,"entity_id":"Q3992","candidates":[]}]],[[{"start":0,"end":40,"url":null,"entity_id":"Q2983964","candidates":[]}],[{"start":0,"end":25,"url":null,"entity_id":"Q54111","candidates":[]}],[{"start":0,"end":39,"url":null,"entity_id":"Q2403675","candidates":[]}],[{"start":0,"end":5,"url":null,"entity_id":"Q3992","candidates":[]}]]]}