{"version":"1.2","table":{"version":"2","table_id":"GZHLDOET","columns":[{"index":0,"name":"col0","values":["Sevaqar","Kornidzor","Egheg","Agarak (village), Syunik","Aghin","Karmrakar","Mayisyan","Keti","Zorakert","Pokrashen","Jrvezh","Arevshat","Masis","Garnahovit","Akhuryan","Marmashen","Garni","Hovtashat","Malishka","Kanachut"]},{"index":1,"name":"col1","values":["13.7","24.18","10.12","16.6","2.5","1.1","3.2","1.8","2.3","1.1","8.43","2.2","4.2","0.47","14","1.1","33.42","17.71","86","2.68"]},{"index":2,"name":"col2","values":["80","491","45","81","510","51","2010","1099","146","211","108","217","176","70","9668","2300","7215","406","261","926"]}]},"context":{"page_title":null,"page_url":null,"page_entity_id":null,"content_hierarchy":[]},"links":[[[{"start":0,"end":7,"url":null,"entity_id":"Q2074283","candidates":[]}],[],[]],[[{"start":0,"end":9,"url":null,"entity_id":"Q2074273","candidates":[]}],[],[]],[[{"start":0,"end":5,"url":null,"entity_id":"Q2073884","candidates":[]}],[],[]],[[{"start":0,"end":24,"url":null,"entity_id":"Q2059513","candidates":[]}],[],[]],[[{"start":0,"end":5,"url":null,"entity_id":"Q2032260","candidates":[]}],[],[]],[[{"start":0,"end":9,"url":null,"entity_id":"Q2017901","candidates":[]}],[],[]],[[{"start":0,"end":8,"url":null,"entity_id":"Q2017875","candidates":[]}],[],[]],[[{"start":0,"end":4,"url":null,"entity_id":"Q2017836","candidates":[]}],[],[]],[[{"start":0,"end":8,"url":null,"entity_id":"Q2017514","candidates":[]}],[],[]],[[{"start":0,"end":9,"url":null,"entity_id":"Q2017433","candidates":[]}],[],[]],[[{"start":0,"end":6,"url":null,"entity_id":"Q2006535","candidates":[]}],[],[]],[[{"start":0,"end":8,"url":null,"entity_id":"Q1994619","candidates":[]}],[],[]],[[{"start":0,"end":5,"url":null,"entity_id":"Q1993763","candidates":[]}],[],[]],[[{"start":0,"end":10,"url":null,"entity_id":"Q1991630","candidates":[]}],[],[]],[[{"start":0,"end":8,"url":null,"entity_id":"Q1958096","candidates":[]}],[],[]],[[{"start":0,"end":9,"url":null,"entity_id":"Q1110040","candidates":[]}],[],[]],[[{"start":0,"end":5,"url":null,"entity_id":"Q1010273","candidates":[]}],[],[]],[[{"start":0,"end":9,"url":null,"entity_id":"Q958476","candidates":[]}],[],[]],[[{"start":0,"end":8,"url":null,"entity_id":"Q949136","candidates":[]}],[],[]],[[{"start":0,"end":8,"url":null,"entity_id":"Q936690","candidates":[]}],[],[]]]}