{"version":"1.2","table":{"version":"2","table_id":"GZYMNEO0","columns":[{"index":0,"name":"col0","values":["2017 UCI Road World Championships – Women's road race","1964 UCI Road World Championships – Women's road race","1962 UCI Road World Championships – Women's road race","1959 UCI Road World Championships – Women's road race","1958 UCI Road World Championships – Women's road race","1997 UCI Road World Championships – Women's road race","1982 UCI Road World Championships – Women's road race","2000 UCI Road World Championships – Women's road race","2016 UCI Road World Championships – Women's road race","2015 UCI Road World Championships – Women's road race","2018 UCI Road World Championships – Women's road race","1961 UCI Road World Championships – Women's road race","1960 UCI Road World Championships – Women's road race","1965 UCI Road World Championships – Women's road race","2014 UCI Road World Championships – Women's road race","2005 UCI Road World Championships – Women's road race","2004 UCI Road World Championships – Women's road race","2001 UCI Road World Championships – Women's road race","1999 UCI Road World Championships – Women's road race","1998 UCI Road World Championships – Women's road race"]},{"index":1,"name":"col1","values":["2018 UCI Road World Championships – Women's road race","1965 UCI Road World Championships – Women's road race","1963 UCI Road World Championships – Women's road race","1960 UCI Road World Championships – Women's road race","1959 UCI Road World Championships – Women's road race","1998 UCI Road World Championships – Women's road race","1983 UCI Road World Championships – Women's road race","2001 UCI Road World Championships – Women's road race","2017 UCI Road World Championships – Women's road race","2016 UCI Road World Championships – Women's road race","2019 UCI Road World Championships – Women's road race","1962 UCI Road World Championships – Women's road race","1961 UCI Road World Championships – Women's road race","1966 UCI Road World Championships – Women's road race","2015 UCI Road World Championships – Women's road race","2006 UCI Road World Championships – Women's road race","2005 UCI Road World Championships – Women's road race","2002 UCI Road World Championships – Women's road race","2000 UCI Road World Championships – Women's road race","1999 UCI Road World Championships – Women's road race"]},{"index":2,"name":"col2","values":["2017 UCI Road World Championships","1964 UCI Road World Championships","1962 UCI Road World Championships","1959 UCI Road World Championships","1958 UCI Road World Championships","1997 UCI Road World Championships","1982 UCI Road World Championships","2000 UCI Road World Championships","2016 UCI Road World Championships","2015 UCI Road World Championships","2018 UCI Road World Championships","1961 UCI Road World Championships","1960 UCI Road World Championships","1965 UCI Road World Championships","2014 UCI Road World Championships","2005 UCI Road World Championships","2004 UCI Road World Championships","2001 UCI Road World Championships","1999 UCI Road World Championships","1998 UCI Road World Championships"]},{"index":3,"name":"col3","values":["Chantal Blaak","Emīlija Sonka","Yvonne Reynders","Yvonne Reynders","Elsy Jacobs","Alessandra Cappellotto","Maria Canins","Zinaida Stahurskaya","Kirsten Wild","Lizzie Deignan","Tatiana Guderzo","Beryl Burton","Beryl Burton","Elisabeth Eichholz","Lisa Brennauer","Regina Schleicher","Judith Arndt","Rasa Polikevičiūtė","Diana Žiliūtė","Diana Žiliūtė"]}]},"context":{"page_title":null,"page_url":null,"page_entity_id":null,"content_hierarchy":[]},"links":[[[{"start":0,"end":53,"url":null,"entity_id":"Q34987792","candidates":[]}],[{"start":0,"end":53,"url":null,"entity_id":"Q56056127","candidates":[]}],[{"start":0,"end":33,"url":null,"entity_id":"Q16958968","candidates":[]}],[{"start":0,"end":13,"url":null,"entity_id":"Q933927","candidates":[]}]],[[{"start":0,"end":53,"url":null,"entity_id":"Q58310410","candidates":[]}],[{"start":0,"end":53,"url":null,"entity_id":"Q58310171","candidates":[]}],[{"start":0,"end":33,"url":null,"entity_id":"Q1861451","candidates":[]}],[{"start":0,"end":13,"url":null,"entity_id":"Q523639","candidates":[]}]],[[{"start":0,"end":53,"url":null,"entity_id":"Q58310394","candidates":[]}],[{"start":0,"end":53,"url":null,"entity_id":"Q58310400","candidates":[]}],[{"start":0,"end":33,"url":null,"entity_id":"Q2095740","candidates":[]}],[{"start":0,"end":15,"url":null,"entity_id":"Q456282","candidates":[]}]],[[{"start":0,"end":53,"url":null,"entity_id":"Q58310288","candidates":[]}],[{"start":0,"end":53,"url":null,"entity_id":"Q58310355","candidates":[]}],[{"start":0,"end":33,"url":null,"entity_id":"Q175992","candidates":[]}],[{"start":0,"end":15,"url":null,"entity_id":"Q456282","candidates":[]}]],[[{"start":0,"end":53,"url":null,"entity_id":"Q58310266","candidates":[]}],[{"start":0,"end":53,"url":null,"entity_id":"Q58310288","candidates":[]}],[{"start":0,"end":33,"url":null,"entity_id":"Q734245","candidates":[]}],[{"start":0,"end":11,"url":null,"entity_id":"Q452635","candidates":[]}]],[[{"start":0,"end":53,"url":null,"entity_id":"Q16535010","candidates":[]}],[{"start":0,"end":53,"url":null,"entity_id":"Q4594057","candidates":[]}],[{"start":0,"end":33,"url":null,"entity_id":"Q1585973","candidates":[]}],[{"start":0,"end":22,"url":null,"entity_id":"Q433663","candidates":[]}]],[[{"start":0,"end":53,"url":null,"entity_id":"Q4580658","candidates":[]}],[{"start":0,"end":53,"url":null,"entity_id":"Q58318143","candidates":[]}],[{"start":0,"end":33,"url":null,"entity_id":"Q1392670","candidates":[]}],[{"start":0,"end":12,"url":null,"entity_id":"Q432209","candidates":[]}]],[[{"start":0,"end":53,"url":null,"entity_id":"Q16535044","candidates":[]}],[{"start":0,"end":53,"url":null,"entity_id":"Q16535058","candidates":[]}],[{"start":0,"end":33,"url":null,"entity_id":"Q635110","candidates":[]}],[{"start":0,"end":19,"url":null,"entity_id":"Q274345","candidates":[]}]],[[{"start":0,"end":53,"url":null,"entity_id":"Q27207826","candidates":[]}],[{"start":0,"end":53,"url":null,"entity_id":"Q34987792","candidates":[]}],[{"start":0,"end":33,"url":null,"entity_id":"Q14949671","candidates":[]}],[{"start":0,"end":12,"url":null,"entity_id":"Q268156","candidates":[]}]],[[{"start":0,"end":53,"url":null,"entity_id":"Q21006174","candidates":[]}],[{"start":0,"end":53,"url":null,"entity_id":"Q27207826","candidates":[]}],[{"start":0,"end":33,"url":null,"entity_id":"Q4630313","candidates":[]}],[{"start":0,"end":14,"url":null,"entity_id":"Q254811","candidates":[]}]],[[{"start":0,"end":53,"url":null,"entity_id":"Q56056127","candidates":[]}],[{"start":0,"end":53,"url":null,"entity_id":"Q65952767","candidates":[]}],[{"start":0,"end":33,"url":null,"entity_id":"Q23689683","candidates":[]}],[{"start":0,"end":15,"url":null,"entity_id":"Q236488","candidates":[]}]],[[{"start":0,"end":53,"url":null,"entity_id":"Q58310387","candidates":[]}],[{"start":0,"end":53,"url":null,"entity_id":"Q58310394","candidates":[]}],[{"start":0,"end":33,"url":null,"entity_id":"Q676530","candidates":[]}],[{"start":0,"end":12,"url":null,"entity_id":"Q117930","candidates":[]}]],[[{"start":0,"end":53,"url":null,"entity_id":"Q58310355","candidates":[]}],[{"start":0,"end":53,"url":null,"entity_id":"Q58310387","candidates":[]}],[{"start":0,"end":33,"url":null,"entity_id":"Q571489","candidates":[]}],[{"start":0,"end":12,"url":null,"entity_id":"Q117930","candidates":[]}]],[[{"start":0,"end":53,"url":null,"entity_id":"Q58310171","candidates":[]}],[{"start":0,"end":53,"url":null,"entity_id":"Q58310419","candidates":[]}],[{"start":0,"end":33,"url":null,"entity_id":"Q1772771","candidates":[]}],[{"start":0,"end":18,"url":null,"entity_id":"Q104120","candidates":[]}]],[[{"start":0,"end":53,"url":null,"entity_id":"Q17625378","candidates":[]}],[{"start":0,"end":53,"url":null,"entity_id":"Q21006174","candidates":[]}],[{"start":0,"end":33,"url":null,"entity_id":"Q2390797","candidates":[]}],[{"start":0,"end":14,"url":null,"entity_id":"Q91193","candidates":[]}]],[[{"start":0,"end":53,"url":null,"entity_id":"Q3652347","candidates":[]}],[{"start":0,"end":53,"url":null,"entity_id":"Q3652355","candidates":[]}],[{"start":0,"end":33,"url":null,"entity_id":"Q33729","candidates":[]}],[{"start":0,"end":17,"url":null,"entity_id":"Q76940","candidates":[]}]],[[{"start":0,"end":53,"url":null,"entity_id":"Q4603386","candidates":[]}],[{"start":0,"end":53,"url":null,"entity_id":"Q3652347","candidates":[]}],[{"start":0,"end":33,"url":null,"entity_id":"Q1891291","candidates":[]}],[{"start":0,"end":12,"url":null,"entity_id":"Q61161","candidates":[]}]],[[{"start":0,"end":53,"url":null,"entity_id":"Q16535058","candidates":[]}],[{"start":0,"end":53,"url":null,"entity_id":"Q16535072","candidates":[]}],[{"start":0,"end":33,"url":null,"entity_id":"Q517665","candidates":[]}],[{"start":0,"end":18,"url":null,"entity_id":"Q60035","candidates":[]}]],[[{"start":0,"end":53,"url":null,"entity_id":"Q4595197","candidates":[]}],[{"start":0,"end":53,"url":null,"entity_id":"Q16535044","candidates":[]}],[{"start":0,"end":33,"url":null,"entity_id":"Q1503551","candidates":[]}],[{"start":0,"end":13,"url":null,"entity_id":"Q44125","candidates":[]}]],[[{"start":0,"end":53,"url":null,"entity_id":"Q4594057","candidates":[]}],[{"start":0,"end":53,"url":null,"entity_id":"Q4595197","candidates":[]}],[{"start":0,"end":33,"url":null,"entity_id":"Q598133","candidates":[]}],[{"start":0,"end":13,"url":null,"entity_id":"Q44125","candidates":[]}]]]}