{"version":"1.2","table":{"version":"2","table_id":"H1DO377F","columns":[{"index":0,"name":"col0","values":["[SFH81] 161","[SFH81] 87","[SFH81] 38","[FLR2014] p1 sup 188","[FAB2017] NGC4374 S1","[NKF2014] NGC 4350-AIMSS1","[PFR2013] NGC3377 GC67","[PFR2013] NGC3377 GC8","[HGH92] G302","[HGH92] G279","[HGH92] G329","[VHH81] 42","[VHH81] 46","[PFF2004] gc 27","[PFF2004] gc 12","[HGH92] G370","[R2001b] f2.GC-23","[RBD2012] 3019","[SSA2010] 1789","[SSA2010] 716"]},{"index":1,"name":"col1","values":["2.1588","2.4683","0.9874","1.2324","2.5798","1.5007","4.438","1.1732","1.3442","1.0589","0.5218","1.7109","0.4014","1.639","0.5121","1.1105","1.3325","0.0936","3.349","0.513"]},{"index":2,"name":"col2","values":["187.7948796790422","187.8088566907856","187.8175299546693","190.9651614147184","186.2496833386193","185.9961402558047","161.9052456329484","161.8897409347981","201.2219421252707","201.2343506568289","201.2923793908697","201.2118531975795","201.3581355868493","201.2525958803041","201.1614405632658","201.4260028258888","201.3865919080665","50.6297237195091","23.5392184010774","23.1766089620811"]}]},"context":{"page_title":null,"page_url":null,"page_entity_id":null,"content_hierarchy":[]},"links":[[[{"start":0,"end":11,"url":null,"entity_id":"Q78950863","candidates":[]}],[],[]],[[{"start":0,"end":10,"url":null,"entity_id":"Q78950851","candidates":[]}],[],[]],[[{"start":0,"end":10,"url":null,"entity_id":"Q78948142","candidates":[]}],[],[]],[[{"start":0,"end":20,"url":null,"entity_id":"Q78374166","candidates":[]}],[],[]],[[{"start":0,"end":20,"url":null,"entity_id":"Q78360141","candidates":[]}],[],[]],[[{"start":0,"end":25,"url":null,"entity_id":"Q78358996","candidates":[]}],[],[]],[[{"start":0,"end":22,"url":null,"entity_id":"Q81673409","candidates":[]}],[],[]],[[{"start":0,"end":21,"url":null,"entity_id":"Q81675177","candidates":[]}],[],[]],[[{"start":0,"end":12,"url":null,"entity_id":"Q79945912","candidates":[]}],[],[]],[[{"start":0,"end":12,"url":null,"entity_id":"Q79943073","candidates":[]}],[],[]],[[{"start":0,"end":12,"url":null,"entity_id":"Q79941830","candidates":[]}],[],[]],[[{"start":0,"end":10,"url":null,"entity_id":"Q79940074","candidates":[]}],[],[]],[[{"start":0,"end":10,"url":null,"entity_id":"Q79937054","candidates":[]}],[],[]],[[{"start":0,"end":15,"url":null,"entity_id":"Q79936463","candidates":[]}],[],[]],[[{"start":0,"end":15,"url":null,"entity_id":"Q79933733","candidates":[]}],[],[]],[[{"start":0,"end":12,"url":null,"entity_id":"Q79933115","candidates":[]}],[],[]],[[{"start":0,"end":17,"url":null,"entity_id":"Q79932699","candidates":[]}],[],[]],[[{"start":0,"end":14,"url":null,"entity_id":"Q81649858","candidates":[]}],[],[]],[[{"start":0,"end":14,"url":null,"entity_id":"Q81376975","candidates":[]}],[],[]],[[{"start":0,"end":13,"url":null,"entity_id":"Q81375732","candidates":[]}],[],[]]]}