{"version":"1.2","table":{"version":"2","table_id":"H3N8K7TE","columns":[{"index":0,"name":"col0","values":["Place de Lévis","Pereire - Rennequin","Phalsbourg - Villiers","Paul Bodin - Clichy","Place Saint-Ferdinand","Chazelles - Courcelles","Saint-Ouen - Lamarck","Toqueville - Cardinet","Jacques Kellner - Saint-Ouen","Parc Monceau","Guersant - Gouvion-Saint-Cyr","Porte d'Asnières","Brochant - Square des Batignolles","Square des Épinettes","Porte Pouchet-Bessières","Grande Armée - Brunel","Pereire - Saussure","Bessières - Porte de Clichy","Porte de Saint-Ouen - Bessières","Jouffroy d'Abbans - Wagram"]},{"index":1,"name":"col1","values":["48","23","20","34","38","35","45","33","47","18","39","36","31","20","23","62","32","33","42","40"]},{"index":2,"name":"col2","values":["Smovengo","Smovengo","Smovengo","Smovengo","Smovengo","Smovengo","Smovengo","Smovengo","Smovengo","Smovengo","Smovengo","Smovengo","Smovengo","Smovengo","Smovengo","Smovengo","Smovengo","Smovengo","Smovengo","Smovengo"]}]},"context":{"page_title":null,"page_url":null,"page_entity_id":null,"content_hierarchy":[]},"links":[[[{"start":0,"end":14,"url":null,"entity_id":"Q86238410","candidates":[]}],[],[{"start":0,"end":8,"url":null,"entity_id":"Q47008427","candidates":[]}]],[[{"start":0,"end":19,"url":null,"entity_id":"Q86238405","candidates":[]}],[],[{"start":0,"end":8,"url":null,"entity_id":"Q47008427","candidates":[]}]],[[{"start":0,"end":21,"url":null,"entity_id":"Q86238402","candidates":[]}],[],[{"start":0,"end":8,"url":null,"entity_id":"Q47008427","candidates":[]}]],[[{"start":0,"end":19,"url":null,"entity_id":"Q86238392","candidates":[]}],[],[{"start":0,"end":8,"url":null,"entity_id":"Q47008427","candidates":[]}]],[[{"start":0,"end":21,"url":null,"entity_id":"Q86238388","candidates":[]}],[],[{"start":0,"end":8,"url":null,"entity_id":"Q47008427","candidates":[]}]],[[{"start":0,"end":22,"url":null,"entity_id":"Q86238385","candidates":[]}],[],[{"start":0,"end":8,"url":null,"entity_id":"Q47008427","candidates":[]}]],[[{"start":0,"end":20,"url":null,"entity_id":"Q86238378","candidates":[]}],[],[{"start":0,"end":8,"url":null,"entity_id":"Q47008427","candidates":[]}]],[[{"start":0,"end":21,"url":null,"entity_id":"Q86238375","candidates":[]}],[],[{"start":0,"end":8,"url":null,"entity_id":"Q47008427","candidates":[]}]],[[{"start":0,"end":28,"url":null,"entity_id":"Q86238368","candidates":[]}],[],[{"start":0,"end":8,"url":null,"entity_id":"Q47008427","candidates":[]}]],[[{"start":0,"end":12,"url":null,"entity_id":"Q86238363","candidates":[]}],[],[{"start":0,"end":8,"url":null,"entity_id":"Q47008427","candidates":[]}]],[[{"start":0,"end":28,"url":null,"entity_id":"Q86238360","candidates":[]}],[],[{"start":0,"end":8,"url":null,"entity_id":"Q47008427","candidates":[]}]],[[{"start":0,"end":16,"url":null,"entity_id":"Q86238356","candidates":[]}],[],[{"start":0,"end":8,"url":null,"entity_id":"Q47008427","candidates":[]}]],[[{"start":0,"end":33,"url":null,"entity_id":"Q86238352","candidates":[]}],[],[{"start":0,"end":8,"url":null,"entity_id":"Q47008427","candidates":[]}]],[[{"start":0,"end":20,"url":null,"entity_id":"Q86238346","candidates":[]}],[],[{"start":0,"end":8,"url":null,"entity_id":"Q47008427","candidates":[]}]],[[{"start":0,"end":23,"url":null,"entity_id":"Q86238342","candidates":[]}],[],[{"start":0,"end":8,"url":null,"entity_id":"Q47008427","candidates":[]}]],[[{"start":0,"end":21,"url":null,"entity_id":"Q86238338","candidates":[]}],[],[{"start":0,"end":8,"url":null,"entity_id":"Q47008427","candidates":[]}]],[[{"start":0,"end":18,"url":null,"entity_id":"Q86238330","candidates":[]}],[],[{"start":0,"end":8,"url":null,"entity_id":"Q47008427","candidates":[]}]],[[{"start":0,"end":27,"url":null,"entity_id":"Q86238324","candidates":[]}],[],[{"start":0,"end":8,"url":null,"entity_id":"Q47008427","candidates":[]}]],[[{"start":0,"end":31,"url":null,"entity_id":"Q86238320","candidates":[]}],[],[{"start":0,"end":8,"url":null,"entity_id":"Q47008427","candidates":[]}]],[[{"start":0,"end":26,"url":null,"entity_id":"Q86238316","candidates":[]}],[],[{"start":0,"end":8,"url":null,"entity_id":"Q47008427","candidates":[]}]]]}