{"version":"1.2","table":{"version":"2","table_id":"H42LKHHX","columns":[{"index":0,"name":"col0","values":["Discord - Pak Poeng","Pusink","Brain Destroyer","Xxl","Error Without Emotion (Erwe)","Smoking For Good","Oversight","Timeline Q7568","Trendy Reject","Akaliar","A Sistem Rijek !","Dewan Jendral","Dom 65","Dream Society","Rebellion Rose","Selokan Mataram","The Realino","Road Dog","Arre! Arre!","The Remote Junkies"]},{"index":1,"name":"col1","values":["Yogyakarta","Yogyakarta","Yogyakarta","Yogyakarta","Yogyakarta","Medan","Yogyakarta","Yogyakarta","Palembang","Palembang","Yogyakarta","Yogyakarta","Yogyakarta","Yogyakarta","Yogyakarta","Yogyakarta","Yogyakarta","Yogyakarta","Malmö","Santa Fe"]},{"index":2,"name":"col2","values":["crust punk","crust punk","crust punk","pop punk","pop punk","pop punk","ska punk","ska punk","hardcore punk","hardcore punk","hardcore punk","hardcore punk","punk rock","punk rock","punk rock","punk rock","punk rock","punk rock","punk rock","punk rock"]},{"index":3,"name":"col3","values":["Indonesia","Indonesia","Indonesia","Indonesia","Indonesia","Indonesia","Indonesia","Indonesia","Indonesia","Indonesia","Indonesia","Indonesia","Indonesia","Indonesia","Indonesia","Indonesia","Indonesia","Indonesia","Sweden","United States of America"]}]},"context":{"page_title":null,"page_url":null,"page_entity_id":null,"content_hierarchy":[]},"links":[[[{"start":0,"end":19,"url":null,"entity_id":"Q64822821","candidates":[]}],[{"start":0,"end":10,"url":null,"entity_id":"Q7568","candidates":[]}],[{"start":0,"end":10,"url":null,"entity_id":"Q825769","candidates":[]}],[{"start":0,"end":9,"url":null,"entity_id":"Q252","candidates":[]}]],[[{"start":0,"end":6,"url":null,"entity_id":"Q64822820","candidates":[]}],[{"start":0,"end":10,"url":null,"entity_id":"Q7568","candidates":[]}],[{"start":0,"end":10,"url":null,"entity_id":"Q825769","candidates":[]}],[{"start":0,"end":9,"url":null,"entity_id":"Q252","candidates":[]}]],[[{"start":0,"end":15,"url":null,"entity_id":"Q64822819","candidates":[]}],[{"start":0,"end":10,"url":null,"entity_id":"Q7568","candidates":[]}],[{"start":0,"end":10,"url":null,"entity_id":"Q825769","candidates":[]}],[{"start":0,"end":9,"url":null,"entity_id":"Q252","candidates":[]}]],[[{"start":0,"end":3,"url":null,"entity_id":"Q64822818","candidates":[]}],[{"start":0,"end":10,"url":null,"entity_id":"Q7568","candidates":[]}],[{"start":0,"end":8,"url":null,"entity_id":"Q487914","candidates":[]}],[{"start":0,"end":9,"url":null,"entity_id":"Q252","candidates":[]}]],[[{"start":0,"end":28,"url":null,"entity_id":"Q64822817","candidates":[]}],[{"start":0,"end":10,"url":null,"entity_id":"Q7568","candidates":[]}],[{"start":0,"end":8,"url":null,"entity_id":"Q487914","candidates":[]}],[{"start":0,"end":9,"url":null,"entity_id":"Q252","candidates":[]}]],[[{"start":0,"end":16,"url":null,"entity_id":"Q64822805","candidates":[]}],[{"start":0,"end":5,"url":null,"entity_id":"Q5972","candidates":[]}],[{"start":0,"end":8,"url":null,"entity_id":"Q487914","candidates":[]}],[{"start":0,"end":9,"url":null,"entity_id":"Q252","candidates":[]}]],[[{"start":0,"end":9,"url":null,"entity_id":"Q64822816","candidates":[]}],[{"start":0,"end":10,"url":null,"entity_id":"Q7568","candidates":[]}],[{"start":0,"end":8,"url":null,"entity_id":"Q460674","candidates":[]}],[{"start":0,"end":9,"url":null,"entity_id":"Q252","candidates":[]}]],[[{"start":0,"end":14,"url":null,"entity_id":"Q64822815","candidates":[]}],[{"start":0,"end":10,"url":null,"entity_id":"Q7568","candidates":[]}],[{"start":0,"end":8,"url":null,"entity_id":"Q460674","candidates":[]}],[{"start":0,"end":9,"url":null,"entity_id":"Q252","candidates":[]}]],[[{"start":0,"end":13,"url":null,"entity_id":"Q64822828","candidates":[]}],[{"start":0,"end":9,"url":null,"entity_id":"Q8131","candidates":[]}],[{"start":0,"end":13,"url":null,"entity_id":"Q10922","candidates":[]}],[{"start":0,"end":9,"url":null,"entity_id":"Q252","candidates":[]}]],[[{"start":0,"end":7,"url":null,"entity_id":"Q64822827","candidates":[]}],[{"start":0,"end":9,"url":null,"entity_id":"Q8131","candidates":[]}],[{"start":0,"end":13,"url":null,"entity_id":"Q10922","candidates":[]}],[{"start":0,"end":9,"url":null,"entity_id":"Q252","candidates":[]}]],[[{"start":0,"end":16,"url":null,"entity_id":"Q64822807","candidates":[]}],[{"start":0,"end":10,"url":null,"entity_id":"Q7568","candidates":[]}],[{"start":0,"end":13,"url":null,"entity_id":"Q10922","candidates":[]}],[{"start":0,"end":9,"url":null,"entity_id":"Q252","candidates":[]}]],[[{"start":0,"end":13,"url":null,"entity_id":"Q64822806","candidates":[]}],[{"start":0,"end":10,"url":null,"entity_id":"Q7568","candidates":[]}],[{"start":0,"end":13,"url":null,"entity_id":"Q10922","candidates":[]}],[{"start":0,"end":9,"url":null,"entity_id":"Q252","candidates":[]}]],[[{"start":0,"end":6,"url":null,"entity_id":"Q64822814","candidates":[]}],[{"start":0,"end":10,"url":null,"entity_id":"Q7568","candidates":[]}],[{"start":0,"end":9,"url":null,"entity_id":"Q3071","candidates":[]}],[{"start":0,"end":9,"url":null,"entity_id":"Q252","candidates":[]}]],[[{"start":0,"end":13,"url":null,"entity_id":"Q64822813","candidates":[]}],[{"start":0,"end":10,"url":null,"entity_id":"Q7568","candidates":[]}],[{"start":0,"end":9,"url":null,"entity_id":"Q3071","candidates":[]}],[{"start":0,"end":9,"url":null,"entity_id":"Q252","candidates":[]}]],[[{"start":0,"end":14,"url":null,"entity_id":"Q64822812","candidates":[]}],[{"start":0,"end":10,"url":null,"entity_id":"Q7568","candidates":[]}],[{"start":0,"end":9,"url":null,"entity_id":"Q3071","candidates":[]}],[{"start":0,"end":9,"url":null,"entity_id":"Q252","candidates":[]}]],[[{"start":0,"end":15,"url":null,"entity_id":"Q64822811","candidates":[]}],[{"start":0,"end":10,"url":null,"entity_id":"Q7568","candidates":[]}],[{"start":0,"end":9,"url":null,"entity_id":"Q3071","candidates":[]}],[{"start":0,"end":9,"url":null,"entity_id":"Q252","candidates":[]}]],[[{"start":0,"end":11,"url":null,"entity_id":"Q64822810","candidates":[]}],[{"start":0,"end":10,"url":null,"entity_id":"Q7568","candidates":[]}],[{"start":0,"end":9,"url":null,"entity_id":"Q3071","candidates":[]}],[{"start":0,"end":9,"url":null,"entity_id":"Q252","candidates":[]}]],[[{"start":0,"end":8,"url":null,"entity_id":"Q64822809","candidates":[]}],[{"start":0,"end":10,"url":null,"entity_id":"Q7568","candidates":[]}],[{"start":0,"end":9,"url":null,"entity_id":"Q3071","candidates":[]}],[{"start":0,"end":9,"url":null,"entity_id":"Q252","candidates":[]}]],[[{"start":0,"end":11,"url":null,"entity_id":"Q83180216","candidates":[]}],[{"start":0,"end":5,"url":null,"entity_id":"Q2211","candidates":[]}],[{"start":0,"end":9,"url":null,"entity_id":"Q3071","candidates":[]}],[{"start":0,"end":6,"url":null,"entity_id":"Q34","candidates":[]}]],[[{"start":0,"end":18,"url":null,"entity_id":"Q68829640","candidates":[]}],[{"start":0,"end":8,"url":null,"entity_id":"Q977059","candidates":[]}],[{"start":0,"end":9,"url":null,"entity_id":"Q3071","candidates":[]}],[{"start":0,"end":24,"url":null,"entity_id":"Q30","candidates":[]}]]]}