{"version":"1.2","table":{"version":"2","table_id":"H4Y09WAV","columns":[{"index":0,"name":"col0","values":["Museo Etnológico de#Tales","Museo Dámao Navarro","Museo de la Via Rural","Museo Etnográfico Las istillas","Museo Arqueológico Etnológico Gratiniano Bacheu","Museo de Arqueología  Etnología de Segorbe","Musée en Plein\"Air de Parakou","Musep Etnológico de Denia","Mseo Etnográfico El Caserón","Museo Etnológic de Pego","Dimitrie Gusti National Village Museum inBucharest","Mxseo Etnológico del Montseny","Eusal Museoa","Museo tnológico de Barcelona","Juan B. Ambrosetti Mwseum of Ethnography","Museo Etnoógico de Villarreal","Archaeological Museum of Gsanada","Mseo del Pueblo Español","Museo Etnográfico Munieipal de Biar","Mseo Etnológico de Navarra"]},{"index":1,"name":"col1","values":["Tales","Petrer","l'Espluga de Francolí","Coín","Pilar de la Horadada","Segorbe","Parakou","Dénia","San Sebastián de los Reyes","Pego","Bucharest","Arbúcies","Bilbao","Barcelona","Buenos Aires","Vila-real","Granada","Madrid","Biar","Estella-Lizarra"]},{"index":2,"name":"col2","values":["Tales","Petrer","l'Espluga de Francolí","Coín","Pilar de la Horadada","Segorbe","Parakou","Dénia","San Sebastián de los Reyes","Pego","Bucharest","Arbúcies","Bilbao","Barcelona","Buenos Aires","Mare de Déu de Gràcia (Vila-real)","Castril Palace","Palace of Marqués de Grimaldi","Biar","Estella-Lizarra"]}]},"context":{"page_title":null,"page_url":null,"page_entity_id":null,"content_hierarchy":[]},"links":[[[{"start":0,"end":25,"url":null,"entity_id":"Q6034553","candidates":[]}],[{"start":0,"end":5,"url":null,"entity_id":"Q1944909","candidates":[]}],[{"start":0,"end":5,"url":null,"entity_id":"Q1944909","candidates":[]}]],[[{"start":0,"end":19,"url":null,"entity_id":"Q9046811","candidates":[]}],[{"start":0,"end":6,"url":null,"entity_id":"Q1751353","candidates":[]}],[{"start":0,"end":6,"url":null,"entity_id":"Q1751353","candidates":[]}]],[[{"start":0,"end":21,"url":null,"entity_id":"Q720740","candidates":[]}],[{"start":0,"end":21,"url":null,"entity_id":"Q1229283","candidates":[]}],[{"start":0,"end":21,"url":null,"entity_id":"Q1229283","candidates":[]}]],[[{"start":0,"end":30,"url":null,"entity_id":"Q6033330","candidates":[]}],[{"start":0,"end":4,"url":null,"entity_id":"Q1110418","candidates":[]}],[{"start":0,"end":4,"url":null,"entity_id":"Q1110418","candidates":[]}]],[[{"start":0,"end":47,"url":null,"entity_id":"Q6033125","candidates":[]}],[{"start":0,"end":20,"url":null,"entity_id":"Q956513","candidates":[]}],[{"start":0,"end":20,"url":null,"entity_id":"Q956513","candidates":[]}]],[[{"start":0,"end":42,"url":null,"entity_id":"Q6034152","candidates":[]}],[{"start":0,"end":7,"url":null,"entity_id":"Q750968","candidates":[]}],[{"start":0,"end":7,"url":null,"entity_id":"Q750968","candidates":[]}]],[[{"start":0,"end":29,"url":null,"entity_id":"Q2784689","candidates":[]}],[{"start":0,"end":7,"url":null,"entity_id":"Q688324","candidates":[]}],[{"start":0,"end":7,"url":null,"entity_id":"Q688324","candidates":[]}]],[[{"start":0,"end":25,"url":null,"entity_id":"Q6034547","candidates":[]}],[{"start":0,"end":5,"url":null,"entity_id":"Q646725","candidates":[]}],[{"start":0,"end":5,"url":null,"entity_id":"Q646725","candidates":[]}]],[[{"start":0,"end":27,"url":null,"entity_id":"Q6033323","candidates":[]}],[{"start":0,"end":26,"url":null,"entity_id":"Q484717","candidates":[]}],[{"start":0,"end":26,"url":null,"entity_id":"Q484717","candidates":[]}]],[[{"start":0,"end":23,"url":null,"entity_id":"Q6034550","candidates":[]}],[{"start":0,"end":4,"url":null,"entity_id":"Q102835","candidates":[]}],[{"start":0,"end":4,"url":null,"entity_id":"Q102835","candidates":[]}]],[[{"start":0,"end":50,"url":null,"entity_id":"Q1956214","candidates":[]}],[{"start":0,"end":9,"url":null,"entity_id":"Q19660","candidates":[]}],[{"start":0,"end":9,"url":null,"entity_id":"Q19660","candidates":[]}]],[[{"start":0,"end":29,"url":null,"entity_id":"Q11938052","candidates":[]}],[{"start":0,"end":8,"url":null,"entity_id":"Q13010","candidates":[]}],[{"start":0,"end":8,"url":null,"entity_id":"Q13010","candidates":[]}]],[[{"start":0,"end":12,"url":null,"entity_id":"Q3303976","candidates":[]}],[{"start":0,"end":6,"url":null,"entity_id":"Q8692","candidates":[]}],[{"start":0,"end":6,"url":null,"entity_id":"Q8692","candidates":[]}]],[[{"start":0,"end":28,"url":null,"entity_id":"Q9046827","candidates":[]}],[{"start":0,"end":9,"url":null,"entity_id":"Q1492","candidates":[]}],[{"start":0,"end":9,"url":null,"entity_id":"Q1492","candidates":[]}]],[[{"start":0,"end":40,"url":null,"entity_id":"Q9046820","candidates":[]}],[{"start":0,"end":12,"url":null,"entity_id":"Q1486","candidates":[]}],[{"start":0,"end":12,"url":null,"entity_id":"Q1486","candidates":[]}]],[[{"start":0,"end":29,"url":null,"entity_id":"Q6034555","candidates":[]}],[{"start":0,"end":9,"url":null,"entity_id":"Q12292","candidates":[]}],[{"start":0,"end":33,"url":null,"entity_id":"Q8777313","candidates":[]}]],[[{"start":0,"end":32,"url":null,"entity_id":"Q4785407","candidates":[]}],[{"start":0,"end":7,"url":null,"entity_id":"Q8810","candidates":[]}],[{"start":0,"end":14,"url":null,"entity_id":"Q2403860","candidates":[]}]],[[{"start":0,"end":23,"url":null,"entity_id":"Q23956984","candidates":[]}],[{"start":0,"end":6,"url":null,"entity_id":"Q2807","candidates":[]}],[{"start":0,"end":29,"url":null,"entity_id":"Q7126247","candidates":[]}]],[[{"start":0,"end":35,"url":null,"entity_id":"Q30188056","candidates":[]}],[{"start":0,"end":4,"url":null,"entity_id":"Q1763764","candidates":[]}],[{"start":0,"end":4,"url":null,"entity_id":"Q1763764","candidates":[]}]],[[{"start":0,"end":26,"url":null,"entity_id":"Q22970053","candidates":[]}],[{"start":0,"end":15,"url":null,"entity_id":"Q646620","candidates":[]}],[{"start":0,"end":15,"url":null,"entity_id":"Q646620","candidates":[]}]]]}