{"version":"1.2","table":{"version":"2","table_id":"H6IWMIT5","columns":[{"index":0,"name":"col0","values":["Cathedral of los Santos Niños Justo y Pastor de Alcalá de Henares","Tudela Cathedral","Abbey of San Pedro de Siresa","Cathedral of Jaca","Monzón Cathedral","Barbastro Cathedral","Abbey of Santa María de Alaón","Church of San Vicente in Roda de Isabena","Convent of Las Descalzas Reales","Iglesia parroquial de San Pablo","Burgos Cathedral","Collegiate church of Santa María","Teruel Cathedral","San Cayetano","Collegiate Basilica of Gandia","Iglesia parroquial de San Miguel de los Navarros","Iglesia parroquial de San Gil Abad","iglesia parroquial de Santiago el Mayor","iglesia parroquial de Nuestra Señora del Portillo","Church of las Fecetas"]},{"index":1,"name":"col1","values":["Gothic architecture","Romanesque architecture","Romanesque architecture","Romanesque architecture","Mudéjar architecture","Gothic architecture","Romanesque art","Romanesque architecture","Renaissance architecture","Mudéjar architecture of Aragon","Gothic architecture","Mudéjar architecture of Aragon","Mudéjar architecture","baroque architecture","Valencian Gothic","Mudéjar architecture","Mudéjar architecture","baroque architecture","baroque architecture","Baroque"]},{"index":2,"name":"col2","values":["Roman Catholic Diocese of Alcalá de Henares","Roman Catholic Archdiocese of Pamplona y Tudela","Roman Catholic Diocese of Jaca","Roman Catholic Diocese of Jaca","Roman Catholic Diocese of Barbastro-Monzón","Roman Catholic Diocese of Barbastro-Monzón","Roman Catholic Diocese of Barbastro-Monzón","Roman Catholic Diocese of Barbastro-Monzón","Roman Catholic Archdiocese of Madrid","Roman Catholic Archdiocese of Zaragoza","Roman Catholic Archdiocese of Burgos","Roman Catholic Diocese of Tarazona","Roman Catholic Diocese of Teruel and Albarracín","Roman Catholic Diocese of Córdoba","Roman Catholic Archdiocese of Valencia","Roman Catholic Archdiocese of Zaragoza","Roman Catholic Archdiocese of Zaragoza","Roman Catholic Archdiocese of Zaragoza","Roman Catholic Archdiocese of Zaragoza","Roman Catholic Archdiocese of Zaragoza"]},{"index":3,"name":"col3","values":["Bien de Interés Cultural","Bien de Interés Cultural","Bien de Interés Cultural","Bien de Interés Cultural","Bien de Interés Cultural","Bien de Interés Cultural","Bien de Interés Cultural","Bien de Interés Cultural","Bien de Interés Cultural","UNESCO World Heritage Site","UNESCO World Heritage Site","UNESCO World Heritage Site","UNESCO World Heritage Site","Bien de Interés Cultural","Bien de Interés Cultural","Bien de Interés Cultural","Bien de Interés Cultural","Bien de Interés Cultural","Bien de Interés Cultural","Bien de Interés Cultural"]}]},"context":{"page_title":null,"page_url":null,"page_entity_id":null,"content_hierarchy":[]},"links":[[[{"start":0,"end":65,"url":null,"entity_id":"Q2365820","candidates":[]}],[{"start":0,"end":19,"url":null,"entity_id":"Q176483","candidates":[]}],[{"start":0,"end":43,"url":null,"entity_id":"Q866792","candidates":[]}],[{"start":0,"end":24,"url":null,"entity_id":"Q23712","candidates":[]}]],[[{"start":0,"end":16,"url":null,"entity_id":"Q2942843","candidates":[]}],[{"start":0,"end":23,"url":null,"entity_id":"Q46261","candidates":[]}],[{"start":0,"end":47,"url":null,"entity_id":"Q637071","candidates":[]}],[{"start":0,"end":24,"url":null,"entity_id":"Q23712","candidates":[]}]],[[{"start":0,"end":28,"url":null,"entity_id":"Q3085596","candidates":[]}],[{"start":0,"end":23,"url":null,"entity_id":"Q46261","candidates":[]}],[{"start":0,"end":30,"url":null,"entity_id":"Q611109","candidates":[]}],[{"start":0,"end":24,"url":null,"entity_id":"Q23712","candidates":[]}]],[[{"start":0,"end":17,"url":null,"entity_id":"Q2410105","candidates":[]}],[{"start":0,"end":23,"url":null,"entity_id":"Q46261","candidates":[]}],[{"start":0,"end":30,"url":null,"entity_id":"Q611109","candidates":[]}],[{"start":0,"end":24,"url":null,"entity_id":"Q23712","candidates":[]}]],[[{"start":0,"end":16,"url":null,"entity_id":"Q2942734","candidates":[]}],[{"start":0,"end":20,"url":null,"entity_id":"Q2860353","candidates":[]}],[{"start":0,"end":42,"url":null,"entity_id":"Q426937","candidates":[]}],[{"start":0,"end":24,"url":null,"entity_id":"Q23712","candidates":[]}]],[[{"start":0,"end":19,"url":null,"entity_id":"Q2942584","candidates":[]}],[{"start":0,"end":19,"url":null,"entity_id":"Q176483","candidates":[]}],[{"start":0,"end":42,"url":null,"entity_id":"Q426937","candidates":[]}],[{"start":0,"end":24,"url":null,"entity_id":"Q23712","candidates":[]}]],[[{"start":0,"end":29,"url":null,"entity_id":"Q1142782","candidates":[]}],[{"start":0,"end":14,"url":null,"entity_id":"Q46805","candidates":[]}],[{"start":0,"end":42,"url":null,"entity_id":"Q426937","candidates":[]}],[{"start":0,"end":24,"url":null,"entity_id":"Q23712","candidates":[]}]],[[{"start":0,"end":40,"url":null,"entity_id":"Q605621","candidates":[]}],[{"start":0,"end":23,"url":null,"entity_id":"Q46261","candidates":[]}],[{"start":0,"end":42,"url":null,"entity_id":"Q426937","candidates":[]}],[{"start":0,"end":24,"url":null,"entity_id":"Q23712","candidates":[]}]],[[{"start":0,"end":31,"url":null,"entity_id":"Q2268271","candidates":[]}],[{"start":0,"end":24,"url":null,"entity_id":"Q236122","candidates":[]}],[{"start":0,"end":36,"url":null,"entity_id":"Q261490","candidates":[]}],[{"start":0,"end":24,"url":null,"entity_id":"Q23712","candidates":[]}]],[[{"start":0,"end":31,"url":null,"entity_id":"Q2470882","candidates":[]}],[{"start":0,"end":30,"url":null,"entity_id":"Q764675","candidates":[]}],[{"start":0,"end":38,"url":null,"entity_id":"Q1365554","candidates":[]}],[{"start":0,"end":26,"url":null,"entity_id":"Q9259","candidates":[]}]],[[{"start":0,"end":16,"url":null,"entity_id":"Q744420","candidates":[]}],[{"start":0,"end":19,"url":null,"entity_id":"Q176483","candidates":[]}],[{"start":0,"end":36,"url":null,"entity_id":"Q1364260","candidates":[]}],[{"start":0,"end":26,"url":null,"entity_id":"Q9259","candidates":[]}]],[[{"start":0,"end":32,"url":null,"entity_id":"Q3897006","candidates":[]}],[{"start":0,"end":30,"url":null,"entity_id":"Q764675","candidates":[]}],[{"start":0,"end":34,"url":null,"entity_id":"Q877146","candidates":[]}],[{"start":0,"end":26,"url":null,"entity_id":"Q9259","candidates":[]}]],[[{"start":0,"end":16,"url":null,"entity_id":"Q513893","candidates":[]}],[{"start":0,"end":20,"url":null,"entity_id":"Q2860353","candidates":[]}],[{"start":0,"end":47,"url":null,"entity_id":"Q550526","candidates":[]}],[{"start":0,"end":26,"url":null,"entity_id":"Q9259","candidates":[]}]],[[{"start":0,"end":12,"url":null,"entity_id":"Q5910023","candidates":[]}],[{"start":0,"end":20,"url":null,"entity_id":"Q840829","candidates":[]}],[{"start":0,"end":33,"url":null,"entity_id":"Q2089661","candidates":[]}],[{"start":0,"end":24,"url":null,"entity_id":"Q23712","candidates":[]}]],[[{"start":0,"end":29,"url":null,"entity_id":"Q8347673","candidates":[]}],[{"start":0,"end":16,"url":null,"entity_id":"Q21032839","candidates":[]}],[{"start":0,"end":38,"url":null,"entity_id":"Q1365819","candidates":[]}],[{"start":0,"end":24,"url":null,"entity_id":"Q23712","candidates":[]}]],[[{"start":0,"end":48,"url":null,"entity_id":"Q7414993","candidates":[]}],[{"start":0,"end":20,"url":null,"entity_id":"Q2860353","candidates":[]}],[{"start":0,"end":38,"url":null,"entity_id":"Q1365554","candidates":[]}],[{"start":0,"end":24,"url":null,"entity_id":"Q23712","candidates":[]}]],[[{"start":0,"end":34,"url":null,"entity_id":"Q7414232","candidates":[]}],[{"start":0,"end":20,"url":null,"entity_id":"Q2860353","candidates":[]}],[{"start":0,"end":38,"url":null,"entity_id":"Q1365554","candidates":[]}],[{"start":0,"end":24,"url":null,"entity_id":"Q23712","candidates":[]}]],[[{"start":0,"end":39,"url":null,"entity_id":"Q5910291","candidates":[]}],[{"start":0,"end":20,"url":null,"entity_id":"Q840829","candidates":[]}],[{"start":0,"end":38,"url":null,"entity_id":"Q1365554","candidates":[]}],[{"start":0,"end":24,"url":null,"entity_id":"Q23712","candidates":[]}]],[[{"start":0,"end":49,"url":null,"entity_id":"Q5909722","candidates":[]}],[{"start":0,"end":20,"url":null,"entity_id":"Q840829","candidates":[]}],[{"start":0,"end":38,"url":null,"entity_id":"Q1365554","candidates":[]}],[{"start":0,"end":24,"url":null,"entity_id":"Q23712","candidates":[]}]],[[{"start":0,"end":21,"url":null,"entity_id":"Q5912634","candidates":[]}],[{"start":0,"end":7,"url":null,"entity_id":"Q37853","candidates":[]}],[{"start":0,"end":38,"url":null,"entity_id":"Q1365554","candidates":[]}],[{"start":0,"end":24,"url":null,"entity_id":"Q23712","candidates":[]}]]]}