{"version":"1.2","table":{"version":"2","table_id":"H749WFE7","columns":[{"index":0,"name":"col0","values":["Triomfbrog van de stad Antwerpen","Spagnschen triumphelijcken boogs","Toneel in de!Keizerspoort","De roorte des Princelijcken incompst","Plaq van Antwersgn","De Sint-Carolus Borromeuskerk, Anuwerpen","De mathedraal van Antwerpen","De ten van Sint-Carolus Borromeuskerk","De toren va de kathedraal te Antwerpen","Drukkersmer van de uitgever Buschmann","Tabel","Mosselvrovwken","Buildrcger","Acher den hoek","Opde Schelde","e kaai","An de Vlotbrug","Na!ht werk","D Bloedberg","Q.-L.-Vrouwen Kerk"]},{"index":1,"name":"col1","values":["1550/01/01","1550/01/01","1550/01/01","1550/01/01","1567/01/01","1844/01/01","1844/01/01","1892/01/01","1892/01/01","1907/01/01","1907/01/01","1907/01/01","1907/01/01","1907/01/01","1907/01/01","1907/01/01","1907/01/01","1907/01/01","1907/01/01","1907/01/01"]},{"index":2,"name":"col2","values":["anonymous","anonymous","anonymous","anonymous","anonymous","Henry Harris Brown","Henry Harris Brown","Edward Pellens","Edward Pellens","Edward Pellens","Edward Pellens","Edward Pellens","Edward Pellens","Edward Pellens","Edward Pellens","Edward Pellens","Edward Pellens","Edward Pellens","Edward Pellens","Edward Pellens"]}]},"context":{"page_title":null,"page_url":null,"page_entity_id":null,"content_hierarchy":[]},"links":[[[{"start":0,"end":32,"url":null,"entity_id":"Q56282742","candidates":[]}],[],[{"start":0,"end":9,"url":null,"entity_id":"Q4233718","candidates":[]}]],[[{"start":0,"end":32,"url":null,"entity_id":"Q56282741","candidates":[]}],[],[{"start":0,"end":9,"url":null,"entity_id":"Q4233718","candidates":[]}]],[[{"start":0,"end":25,"url":null,"entity_id":"Q56282740","candidates":[]}],[],[{"start":0,"end":9,"url":null,"entity_id":"Q4233718","candidates":[]}]],[[{"start":0,"end":36,"url":null,"entity_id":"Q56282739","candidates":[]}],[],[{"start":0,"end":9,"url":null,"entity_id":"Q4233718","candidates":[]}]],[[{"start":0,"end":18,"url":null,"entity_id":"Q56282738","candidates":[]}],[],[{"start":0,"end":9,"url":null,"entity_id":"Q4233718","candidates":[]}]],[[{"start":0,"end":40,"url":null,"entity_id":"Q56277544","candidates":[]}],[],[{"start":0,"end":18,"url":null,"entity_id":"Q3784938","candidates":[]}]],[[{"start":0,"end":27,"url":null,"entity_id":"Q56277541","candidates":[]}],[],[{"start":0,"end":18,"url":null,"entity_id":"Q3784938","candidates":[]}]],[[{"start":0,"end":37,"url":null,"entity_id":"Q56355974","candidates":[]}],[],[{"start":0,"end":14,"url":null,"entity_id":"Q2497197","candidates":[]}]],[[{"start":0,"end":38,"url":null,"entity_id":"Q56355972","candidates":[]}],[],[{"start":0,"end":14,"url":null,"entity_id":"Q2497197","candidates":[]}]],[[{"start":0,"end":37,"url":null,"entity_id":"Q56355969","candidates":[]}],[],[{"start":0,"end":14,"url":null,"entity_id":"Q2497197","candidates":[]}]],[[{"start":0,"end":5,"url":null,"entity_id":"Q56355966","candidates":[]}],[],[{"start":0,"end":14,"url":null,"entity_id":"Q2497197","candidates":[]}]],[[{"start":0,"end":14,"url":null,"entity_id":"Q56355965","candidates":[]}],[],[{"start":0,"end":14,"url":null,"entity_id":"Q2497197","candidates":[]}]],[[{"start":0,"end":10,"url":null,"entity_id":"Q56355962","candidates":[]}],[],[{"start":0,"end":14,"url":null,"entity_id":"Q2497197","candidates":[]}]],[[{"start":0,"end":14,"url":null,"entity_id":"Q56355960","candidates":[]}],[],[{"start":0,"end":14,"url":null,"entity_id":"Q2497197","candidates":[]}]],[[{"start":0,"end":12,"url":null,"entity_id":"Q56355958","candidates":[]}],[],[{"start":0,"end":14,"url":null,"entity_id":"Q2497197","candidates":[]}]],[[{"start":0,"end":6,"url":null,"entity_id":"Q56355956","candidates":[]}],[],[{"start":0,"end":14,"url":null,"entity_id":"Q2497197","candidates":[]}]],[[{"start":0,"end":14,"url":null,"entity_id":"Q56355954","candidates":[]}],[],[{"start":0,"end":14,"url":null,"entity_id":"Q2497197","candidates":[]}]],[[{"start":0,"end":10,"url":null,"entity_id":"Q56355953","candidates":[]}],[],[{"start":0,"end":14,"url":null,"entity_id":"Q2497197","candidates":[]}]],[[{"start":0,"end":11,"url":null,"entity_id":"Q56355950","candidates":[]}],[],[{"start":0,"end":14,"url":null,"entity_id":"Q2497197","candidates":[]}]],[[{"start":0,"end":18,"url":null,"entity_id":"Q56355948","candidates":[]}],[],[{"start":0,"end":14,"url":null,"entity_id":"Q2497197","candidates":[]}]]]}