{"version":"1.2","table":{"version":"2","table_id":"H7XD0WK4","columns":[{"index":0,"name":"col0","values":["Umm al-Faraj","Orlovka","Khirbat Iribbin","Goose Village","Dayr al-Qassi","Al-Tall, Acre","Al-Sumayriyya","al-Nahr","Al-Manshiyya, Acre","Königsberg","Kuwaykat","Al-Bassa","Iqrit","Suhmata","Karpilaŭka","Arab al-Samniyya","Al-Damun","Gyurgevo","Bulun","Al-Khalasa"]},{"index":1,"name":"col1","values":["1948-05-21","1962-01-01","1948-10-31","1964-01-01","1949-05-27","1948-05-21","1948-05-14","1948-05-21","1948-05-14","1945-01-01","1948-07-10","1948-05-14","1950-12-25","1948-10-30","2010-05-20","1948-10-31","1948-07-01","2015-10-02","1957-01-01","1948-10-01"]},{"index":2,"name":"col2","values":["30","259","450","20","675","50","25","65","25","48","55","65","550","600","126","150","35","630","43","225"]}]},"context":{"page_title":null,"page_url":null,"page_entity_id":null,"content_hierarchy":[]},"links":[[[{"start":0,"end":12,"url":null,"entity_id":"Q7881655","candidates":[]}],[],[]],[[{"start":0,"end":7,"url":null,"entity_id":"Q7103330","candidates":[]}],[],[]],[[{"start":0,"end":15,"url":null,"entity_id":"Q6401728","candidates":[]}],[],[]],[[{"start":0,"end":13,"url":null,"entity_id":"Q5584114","candidates":[]}],[],[]],[[{"start":0,"end":13,"url":null,"entity_id":"Q5243305","candidates":[]}],[],[]],[[{"start":0,"end":13,"url":null,"entity_id":"Q4703274","candidates":[]}],[],[]],[[{"start":0,"end":13,"url":null,"entity_id":"Q4703265","candidates":[]}],[],[]],[[{"start":0,"end":7,"url":null,"entity_id":"Q4703015","candidates":[]}],[],[]],[[{"start":0,"end":18,"url":null,"entity_id":"Q4702804","candidates":[]}],[],[]],[[{"start":0,"end":10,"url":null,"entity_id":"Q4120832","candidates":[]}],[],[]],[[{"start":0,"end":8,"url":null,"entity_id":"Q3545099","candidates":[]}],[],[]],[[{"start":0,"end":8,"url":null,"entity_id":"Q2915875","candidates":[]}],[],[]],[[{"start":0,"end":5,"url":null,"entity_id":"Q2915678","candidates":[]}],[],[]],[[{"start":0,"end":7,"url":null,"entity_id":"Q2777621","candidates":[]}],[],[]],[[{"start":0,"end":10,"url":null,"entity_id":"Q4215740","candidates":[]}],[],[]],[[{"start":0,"end":16,"url":null,"entity_id":"Q2157224","candidates":[]}],[],[]],[[{"start":0,"end":8,"url":null,"entity_id":"Q1186264","candidates":[]}],[],[]],[[{"start":0,"end":8,"url":null,"entity_id":"Q1074942","candidates":[]}],[],[]],[[{"start":0,"end":5,"url":null,"entity_id":"Q225567","candidates":[]}],[],[]],[[{"start":0,"end":10,"url":null,"entity_id":"Q74125","candidates":[]}],[],[]]]}