{"version":"1.2","table":{"version":"2","table_id":"H9AOV0FR","columns":[{"index":0,"name":"col0","values":["Trafalgar Road","Woolwich Church Street","Woolwich Road","Queen's Road","Peckham High Street","Peckham Road","Tooting Bec Road","Colliers Wood High Street","Trinity Road","Münchener Straße","Green Lanes, Palmers Green","Balham Hill","Clapham High Street","Stoke Newington Road","West Hendon Broadway","Cricklewood Broadway","Edgware Road, London NW2/NW9","Archway Road","Münchner Straße","Walther-Rathenau-Straße (Magdeburg)"]},{"index":1,"name":"col1","values":["A206 road","A206 road","A206 road","A202 road","A202 road","A202 road","A214 road","A24 road","A214 road","Münchner Straße","Green Lanes","A24 road","A3 road","A10 road","Edgware Road","Edgware Road","Edgware Road","A1 road","Staatsstraße 2053","Bundesstraße 1"]},{"index":2,"name":"col2","values":["Romney Road","Warspite Road","Warspite Road","New Cross Road","Peckham Road","Camberwell Church Street","Franciscan Road","Tooting High Street","East Hill","Bahnhofstraße","Bourne Hill, London","Clapham Common South Side","Clapham Road","Kingsland High Street","Edgware Road, London NW2/NW9","Edgware Road, London NW2/NW9","Cricklewood Broadway","Highgate Hill","Bahnhofstraße","Universitätsplatz (Magdeburg)"]}]},"context":{"page_title":null,"page_url":null,"page_entity_id":null,"content_hierarchy":[]},"links":[[[{"start":0,"end":14,"url":null,"entity_id":"Q66759344","candidates":[]}],[{"start":0,"end":9,"url":null,"entity_id":"Q4648995","candidates":[]}],[{"start":0,"end":11,"url":null,"entity_id":"Q66759331","candidates":[]}]],[[{"start":0,"end":22,"url":null,"entity_id":"Q66759374","candidates":[]}],[{"start":0,"end":9,"url":null,"entity_id":"Q4648995","candidates":[]}],[{"start":0,"end":13,"url":null,"entity_id":"Q66762649","candidates":[]}]],[[{"start":0,"end":13,"url":null,"entity_id":"Q66759358","candidates":[]}],[{"start":0,"end":9,"url":null,"entity_id":"Q4648995","candidates":[]}],[{"start":0,"end":13,"url":null,"entity_id":"Q66762649","candidates":[]}]],[[{"start":0,"end":12,"url":null,"entity_id":"Q66818228","candidates":[]}],[{"start":0,"end":9,"url":null,"entity_id":"Q4648990","candidates":[]}],[{"start":0,"end":14,"url":null,"entity_id":"Q66816235","candidates":[]}]],[[{"start":0,"end":19,"url":null,"entity_id":"Q66818177","candidates":[]}],[{"start":0,"end":9,"url":null,"entity_id":"Q4648990","candidates":[]}],[{"start":0,"end":12,"url":null,"entity_id":"Q66816387","candidates":[]}]],[[{"start":0,"end":12,"url":null,"entity_id":"Q66816387","candidates":[]}],[{"start":0,"end":9,"url":null,"entity_id":"Q4648990","candidates":[]}],[{"start":0,"end":24,"url":null,"entity_id":"Q66809841","candidates":[]}]],[[{"start":0,"end":16,"url":null,"entity_id":"Q67994363","candidates":[]}],[{"start":0,"end":9,"url":null,"entity_id":"Q4649007","candidates":[]}],[{"start":0,"end":15,"url":null,"entity_id":"Q66414146","candidates":[]}]],[[{"start":0,"end":25,"url":null,"entity_id":"Q68475525","candidates":[]}],[{"start":0,"end":8,"url":null,"entity_id":"Q4649056","candidates":[]}],[{"start":0,"end":19,"url":null,"entity_id":"Q66413887","candidates":[]}]],[[{"start":0,"end":12,"url":null,"entity_id":"Q67980355","candidates":[]}],[{"start":0,"end":9,"url":null,"entity_id":"Q4649007","candidates":[]}],[{"start":0,"end":9,"url":null,"entity_id":"Q66411761","candidates":[]}]],[[{"start":0,"end":16,"url":null,"entity_id":"Q66458689","candidates":[]}],[{"start":0,"end":15,"url":null,"entity_id":"Q64523294","candidates":[]}],[{"start":0,"end":13,"url":null,"entity_id":"Q66458606","candidates":[]}]],[[{"start":0,"end":26,"url":null,"entity_id":"Q66424796","candidates":[]}],[{"start":0,"end":11,"url":null,"entity_id":"Q5602778","candidates":[]}],[{"start":0,"end":19,"url":null,"entity_id":"Q66446637","candidates":[]}]],[[{"start":0,"end":11,"url":null,"entity_id":"Q67995018","candidates":[]}],[{"start":0,"end":8,"url":null,"entity_id":"Q4649056","candidates":[]}],[{"start":0,"end":25,"url":null,"entity_id":"Q66372996","candidates":[]}]],[[{"start":0,"end":19,"url":null,"entity_id":"Q5125867","candidates":[]}],[{"start":0,"end":7,"url":null,"entity_id":"Q2577223","candidates":[]}],[{"start":0,"end":12,"url":null,"entity_id":"Q66372768","candidates":[]}]],[[{"start":0,"end":20,"url":null,"entity_id":"Q68224645","candidates":[]}],[{"start":0,"end":8,"url":null,"entity_id":"Q4648805","candidates":[]}],[{"start":0,"end":21,"url":null,"entity_id":"Q65963737","candidates":[]}]],[[{"start":0,"end":20,"url":null,"entity_id":"Q65964321","candidates":[]}],[{"start":0,"end":12,"url":null,"entity_id":"Q3047586","candidates":[]}],[{"start":0,"end":28,"url":null,"entity_id":"Q65964313","candidates":[]}]],[[{"start":0,"end":20,"url":null,"entity_id":"Q65964307","candidates":[]}],[{"start":0,"end":12,"url":null,"entity_id":"Q3047586","candidates":[]}],[{"start":0,"end":28,"url":null,"entity_id":"Q65964313","candidates":[]}]],[[{"start":0,"end":28,"url":null,"entity_id":"Q65964313","candidates":[]}],[{"start":0,"end":12,"url":null,"entity_id":"Q3047586","candidates":[]}],[{"start":0,"end":20,"url":null,"entity_id":"Q65964307","candidates":[]}]],[[{"start":0,"end":12,"url":null,"entity_id":"Q65648516","candidates":[]}],[{"start":0,"end":7,"url":null,"entity_id":"Q279859","candidates":[]}],[{"start":0,"end":13,"url":null,"entity_id":"Q65648495","candidates":[]}]],[[{"start":0,"end":15,"url":null,"entity_id":"Q64523294","candidates":[]}],[{"start":0,"end":17,"url":null,"entity_id":"Q64528809","candidates":[]}],[{"start":0,"end":13,"url":null,"entity_id":"Q64523225","candidates":[]}]],[[{"start":0,"end":35,"url":null,"entity_id":"Q63348693","candidates":[]}],[{"start":0,"end":14,"url":null,"entity_id":"Q34438","candidates":[]}],[{"start":0,"end":29,"url":null,"entity_id":"Q63348660","candidates":[]}]]]}