{"version":"1.2","table":{"version":"2","table_id":"HB2Q51YU","columns":[{"index":0,"name":"col0","values":["SNCF 232.P.1","SNCF 221.TQ.1","Prussian T 14 (experimental)","SNCF CC 7001 and CC 7002","SNCF CC 6001","SNCF CC 6051 → CC 20001","SNCF BB 7003","SNCF BB 10003","SNCF BBB 6002","PLM 6001","SNCF 5-230.E.93","Nord 3.999","Est 2601 and 2602","SNCF 160.A.1","SNCF 242.A.1","British Rail 18000","Midland Railway Paget locomotive","Pennsylvania Railroad S2","Pennsylvania Railroad R1","Pennsylvania Railroad O1"]},{"index":1,"name":"col1","values":["streamliner","tank locomotive","tank locomotive","electric locomotive","electric locomotive","electric locomotive","electric locomotive","electric locomotive","electric locomotive","compound locomotive","compound locomotive","compound locomotive","compound locomotive","compound locomotive","compound locomotive","gas turbine locomotive","tender locomotive","steam turbine locomotive","electric locomotive","electric locomotive"]},{"index":2,"name":"col2","values":["SNCF","SNCF","SNCF","SNCF","SNCF","SNCF","SNCF","SNCF","SNCF","SNCF","SNCF","SNCF","SNCF","SNCF","SNCF","Western Region of British Railways","Midland Railway","Pennsylvania Railroad","Pennsylvania Railroad","Pennsylvania Railroad"]},{"index":3,"name":"col3","values":["1939-01-01","1949-01-01","1912-01-01","1949-01-01","1946-01-01","1950-01-01","1974-01-01","1982-01-01","1948-01-01","1909-06-01","1938-05-01","1913-01-01","1902-01-01","1940-06-01","1943-01-01","1949-01-01","1908-01-01","1944-01-01","1934-01-01","1930-01-01"]}]},"context":{"page_title":null,"page_url":null,"page_entity_id":null,"content_hierarchy":[]},"links":[[[{"start":0,"end":12,"url":null,"entity_id":"Q2815068","candidates":[]}],[{"start":0,"end":11,"url":null,"entity_id":"Q887455","candidates":[]}],[{"start":0,"end":4,"url":null,"entity_id":"Q13646","candidates":[]}],[]],[[{"start":0,"end":13,"url":null,"entity_id":"Q2814931","candidates":[]}],[{"start":0,"end":15,"url":null,"entity_id":"Q785745","candidates":[]}],[{"start":0,"end":4,"url":null,"entity_id":"Q13646","candidates":[]}],[]],[[{"start":0,"end":28,"url":null,"entity_id":"Q2109264","candidates":[]}],[{"start":0,"end":15,"url":null,"entity_id":"Q785745","candidates":[]}],[{"start":0,"end":4,"url":null,"entity_id":"Q13646","candidates":[]}],[]],[[{"start":0,"end":24,"url":null,"entity_id":"Q2931167","candidates":[]}],[{"start":0,"end":19,"url":null,"entity_id":"Q625151","candidates":[]}],[{"start":0,"end":4,"url":null,"entity_id":"Q13646","candidates":[]}],[]],[[{"start":0,"end":12,"url":null,"entity_id":"Q2931165","candidates":[]}],[{"start":0,"end":19,"url":null,"entity_id":"Q625151","candidates":[]}],[{"start":0,"end":4,"url":null,"entity_id":"Q13646","candidates":[]}],[]],[[{"start":0,"end":23,"url":null,"entity_id":"Q2931159","candidates":[]}],[{"start":0,"end":19,"url":null,"entity_id":"Q625151","candidates":[]}],[{"start":0,"end":4,"url":null,"entity_id":"Q13646","candidates":[]}],[]],[[{"start":0,"end":12,"url":null,"entity_id":"Q2876859","candidates":[]}],[{"start":0,"end":19,"url":null,"entity_id":"Q625151","candidates":[]}],[{"start":0,"end":4,"url":null,"entity_id":"Q13646","candidates":[]}],[]],[[{"start":0,"end":13,"url":null,"entity_id":"Q2876784","candidates":[]}],[{"start":0,"end":19,"url":null,"entity_id":"Q625151","candidates":[]}],[{"start":0,"end":4,"url":null,"entity_id":"Q13646","candidates":[]}],[]],[[{"start":0,"end":13,"url":null,"entity_id":"Q2876709","candidates":[]}],[{"start":0,"end":19,"url":null,"entity_id":"Q625151","candidates":[]}],[{"start":0,"end":4,"url":null,"entity_id":"Q13646","candidates":[]}],[]],[[{"start":0,"end":8,"url":null,"entity_id":"Q2815053","candidates":[]}],[{"start":0,"end":19,"url":null,"entity_id":"Q617792","candidates":[]}],[{"start":0,"end":4,"url":null,"entity_id":"Q13646","candidates":[]}],[]],[[{"start":0,"end":15,"url":null,"entity_id":"Q2815026","candidates":[]}],[{"start":0,"end":19,"url":null,"entity_id":"Q617792","candidates":[]}],[{"start":0,"end":4,"url":null,"entity_id":"Q13646","candidates":[]}],[]],[[{"start":0,"end":10,"url":null,"entity_id":"Q2815022","candidates":[]}],[{"start":0,"end":19,"url":null,"entity_id":"Q617792","candidates":[]}],[{"start":0,"end":4,"url":null,"entity_id":"Q13646","candidates":[]}],[]],[[{"start":0,"end":17,"url":null,"entity_id":"Q2814928","candidates":[]}],[{"start":0,"end":19,"url":null,"entity_id":"Q617792","candidates":[]}],[{"start":0,"end":4,"url":null,"entity_id":"Q13646","candidates":[]}],[]],[[{"start":0,"end":12,"url":null,"entity_id":"Q2808437","candidates":[]}],[{"start":0,"end":19,"url":null,"entity_id":"Q617792","candidates":[]}],[{"start":0,"end":4,"url":null,"entity_id":"Q13646","candidates":[]}],[]],[[{"start":0,"end":12,"url":null,"entity_id":"Q842215","candidates":[]}],[{"start":0,"end":19,"url":null,"entity_id":"Q617792","candidates":[]}],[{"start":0,"end":4,"url":null,"entity_id":"Q13646","candidates":[]}],[]],[[{"start":0,"end":18,"url":null,"entity_id":"Q4970674","candidates":[]}],[{"start":0,"end":22,"url":null,"entity_id":"Q841331","candidates":[]}],[{"start":0,"end":34,"url":null,"entity_id":"Q7988225","candidates":[]}],[]],[[{"start":0,"end":32,"url":null,"entity_id":"Q6842422","candidates":[]}],[{"start":0,"end":17,"url":null,"entity_id":"Q20650761","candidates":[]}],[{"start":0,"end":15,"url":null,"entity_id":"Q1932006","candidates":[]}],[]],[[{"start":0,"end":24,"url":null,"entity_id":"Q7120510","candidates":[]}],[{"start":0,"end":24,"url":null,"entity_id":"Q964851","candidates":[]}],[{"start":0,"end":21,"url":null,"entity_id":"Q1197895","candidates":[]}],[]],[[{"start":0,"end":24,"url":null,"entity_id":"Q7120509","candidates":[]}],[{"start":0,"end":19,"url":null,"entity_id":"Q625151","candidates":[]}],[{"start":0,"end":21,"url":null,"entity_id":"Q1197895","candidates":[]}],[]],[[{"start":0,"end":24,"url":null,"entity_id":"Q7120502","candidates":[]}],[{"start":0,"end":19,"url":null,"entity_id":"Q625151","candidates":[]}],[{"start":0,"end":21,"url":null,"entity_id":"Q1197895","candidates":[]}],[]]]}