{"version":"1.2","table":{"version":"2","table_id":"HC4AYEBS","columns":[{"index":0,"name":"col0","values":["lam Ori A","Westerlund 1-26","UY Scuti","Theta Muscae","Wray 17-96","Upsilon Cygni","S Scuti","Lambda Orionis B","31 Crateris","Phi Cassiopeiae","Pi Aurigae","Tau Scorpii","Sigma Scorpii","V838 Monocerotis","IRAS 17163-3907","RW Cephei","Delta Lupi","Delta Scorpii","Iota Aurigae","Bellatrix"]},{"index":1,"name":"col1","values":["65000","340000","340000","230000","1800000","7305","4634","5500","52262","170000","6493","18000","3000","15000","500000","550000","6400","14000","4581","6400"]},{"index":2,"name":"col2","values":["-2.9","-4.481","-3.033","-4.101","-1.47","-2.079","-4.785","-2.926","-17.68","-1.556","-9.775","-17.948","-14.223","-0.536","-2.299","-3.616","-23.148","-35.41","-22.895","-12.88"]}]},"context":{"page_title":null,"page_url":null,"page_entity_id":null,"content_hierarchy":[]},"links":[[[{"start":0,"end":9,"url":null,"entity_id":"Q66530986","candidates":[]}],[],[]],[[{"start":0,"end":15,"url":null,"entity_id":"Q14914833","candidates":[]}],[],[]],[[{"start":0,"end":8,"url":null,"entity_id":"Q14914807","candidates":[]}],[],[]],[[{"start":0,"end":12,"url":null,"entity_id":"Q10332964","candidates":[]}],[],[]],[[{"start":0,"end":10,"url":null,"entity_id":"Q5177963","candidates":[]}],[],[]],[[{"start":0,"end":13,"url":null,"entity_id":"Q5098588","candidates":[]}],[],[]],[[{"start":0,"end":7,"url":null,"entity_id":"Q4048930","candidates":[]}],[],[]],[[{"start":0,"end":16,"url":null,"entity_id":"Q3826290","candidates":[]}],[],[]],[[{"start":0,"end":11,"url":null,"entity_id":"Q3598850","candidates":[]}],[],[]],[[{"start":0,"end":15,"url":null,"entity_id":"Q3304278","candidates":[]}],[],[]],[[{"start":0,"end":10,"url":null,"entity_id":"Q2444525","candidates":[]}],[],[]],[[{"start":0,"end":11,"url":null,"entity_id":"Q1571090","candidates":[]}],[],[]],[[{"start":0,"end":13,"url":null,"entity_id":"Q1036361","candidates":[]}],[],[]],[[{"start":0,"end":16,"url":null,"entity_id":"Q855198","candidates":[]}],[],[]],[[{"start":0,"end":15,"url":null,"entity_id":"Q540167","candidates":[]}],[],[]],[[{"start":0,"end":9,"url":null,"entity_id":"Q269233","candidates":[]}],[],[]],[[{"start":0,"end":10,"url":null,"entity_id":"Q136235","candidates":[]}],[],[]],[[{"start":0,"end":13,"url":null,"entity_id":"Q14248","candidates":[]}],[],[]],[[{"start":0,"end":12,"url":null,"entity_id":"Q13225","candidates":[]}],[],[]],[[{"start":0,"end":9,"url":null,"entity_id":"Q13066","candidates":[]}],[],[]]]}