{"version":"1.2","table":{"version":"2","table_id":"HCSNH8HB","columns":[{"index":0,"name":"col0","values":["Autonomous!University of Barcelona","Unversity of Marburg","Univrsity of Stuttgart","University o Hamburg","Universivy of Barcelona","Universlty of La Rioja","University of Souwhampton","University f Adelaide","Australian National Uniwersity","Univrsity of Cincinnati","University of Blogna","Humboldt University of Berlln","University#of Tartu","Aato University","iadrina European University","University of Jöttingen","Charles Universjty","Uniersity of Cologne","Complutense University of Nadrid","Universitz of Helsinki"]},{"index":1,"name":"col1","values":["26414.066","24708.484","26721.57","41644.793","63807.850999999995","7545.0","21527.015","25174.999999999996","14757.0","42208.895","80238.99699999999","35693.761","12853.27","19813.063","6689.136","31492.524","50200.0","49184.472","91598.0","31468.559999999998"]},{"index":2,"name":"col2","values":["Autonomous University of Barcelona - Digital Repository of Documents","Marburger Professorenkatalog","Universität Stuttgart Campus Vaihingen","University of Hamburg main building","Pavelló de la República Library","Instituto de Ciencias de la Vid y del Vino","South Stoneham House","Barr Smith Library","Australian National University Classics Museum","Nippert Stadium","Palazzo Poggi","Archive for Alternative Culture","University of Tartu Old Observatory","Aalto University Executive Education","Concert Hall Carl Philipp Emanuel Bach Frankfurt (Oder)","Gesellschaft für wissenschaftliche Datenverarbeitung mbH Göttingen","Karolinum","Arachne","Servicio de Publicaciones","National Library of Finland"]}]},"context":{"page_title":null,"page_url":null,"page_entity_id":null,"content_hierarchy":[]},"links":[[[{"start":0,"end":34,"url":null,"entity_id":"Q43452","candidates":[]}],[],[{"start":0,"end":68,"url":null,"entity_id":"Q31074415","candidates":[]}]],[[{"start":0,"end":20,"url":null,"entity_id":"Q155354","candidates":[]}],[],[{"start":0,"end":28,"url":null,"entity_id":"Q26951121","candidates":[]}]],[[{"start":0,"end":22,"url":null,"entity_id":"Q122453","candidates":[]}],[],[{"start":0,"end":38,"url":null,"entity_id":"Q23785837","candidates":[]}]],[[{"start":0,"end":20,"url":null,"entity_id":"Q156725","candidates":[]}],[],[{"start":0,"end":35,"url":null,"entity_id":"Q19310598","candidates":[]}]],[[{"start":0,"end":23,"url":null,"entity_id":"Q219615","candidates":[]}],[],[{"start":0,"end":31,"url":null,"entity_id":"Q16003642","candidates":[]}]],[[{"start":0,"end":22,"url":null,"entity_id":"Q120795","candidates":[]}],[],[{"start":0,"end":42,"url":null,"entity_id":"Q15061868","candidates":[]}]],[[{"start":0,"end":25,"url":null,"entity_id":"Q76473","candidates":[]}],[],[{"start":0,"end":20,"url":null,"entity_id":"Q7568553","candidates":[]}]],[[{"start":0,"end":21,"url":null,"entity_id":"Q15574","candidates":[]}],[],[{"start":0,"end":18,"url":null,"entity_id":"Q4863112","candidates":[]}]],[[{"start":0,"end":30,"url":null,"entity_id":"Q127990","candidates":[]}],[],[{"start":0,"end":46,"url":null,"entity_id":"Q4824479","candidates":[]}]],[[{"start":0,"end":23,"url":null,"entity_id":"Q153265","candidates":[]}],[],[{"start":0,"end":15,"url":null,"entity_id":"Q3342107","candidates":[]}]],[[{"start":0,"end":20,"url":null,"entity_id":"Q131262","candidates":[]}],[],[{"start":0,"end":13,"url":null,"entity_id":"Q2949875","candidates":[]}]],[[{"start":0,"end":29,"url":null,"entity_id":"Q152087","candidates":[]}],[],[{"start":0,"end":31,"url":null,"entity_id":"Q2654413","candidates":[]}]],[[{"start":0,"end":19,"url":null,"entity_id":"Q204181","candidates":[]}],[],[{"start":0,"end":35,"url":null,"entity_id":"Q2346055","candidates":[]}]],[[{"start":0,"end":15,"url":null,"entity_id":"Q300980","candidates":[]}],[],[{"start":0,"end":36,"url":null,"entity_id":"Q1952587","candidates":[]}]],[[{"start":0,"end":27,"url":null,"entity_id":"Q149481","candidates":[]}],[],[{"start":0,"end":55,"url":null,"entity_id":"Q1783675","candidates":[]}]],[[{"start":0,"end":23,"url":null,"entity_id":"Q152838","candidates":[]}],[],[{"start":0,"end":66,"url":null,"entity_id":"Q1490164","candidates":[]}]],[[{"start":0,"end":18,"url":null,"entity_id":"Q31519","candidates":[]}],[],[{"start":0,"end":9,"url":null,"entity_id":"Q920703","candidates":[]}]],[[{"start":0,"end":20,"url":null,"entity_id":"Q54096","candidates":[]}],[],[{"start":0,"end":7,"url":null,"entity_id":"Q624540","candidates":[]}]],[[{"start":0,"end":32,"url":null,"entity_id":"Q219694","candidates":[]}],[],[{"start":0,"end":25,"url":null,"entity_id":"Q613189","candidates":[]}]],[[{"start":0,"end":22,"url":null,"entity_id":"Q28695","candidates":[]}],[],[{"start":0,"end":27,"url":null,"entity_id":"Q420747","candidates":[]}]]]}