{"version":"1.2","table":{"version":"2","table_id":"HE6ONF3T","columns":[{"index":0,"name":"col0","values":["Cat fuie","Violin Sonata in G!minor","Violin Vonata","Apeggione Sonata","Violin Snata","Violin Sonata Qo. 8","Violin Sonbta No. 10","Piano Soata No. 20","Vlin Sonta No. 1","Violi Sonata No. 5","Xiolin Sonata No. 7","Violn Sonata No. 9","Vjolin Sonata No. 6","Violin SonataNo. 27","Violin Sonata in E-flat Major, K. 484","Violin Sonata No. 2","Violin Sonata No. 3","Sonata K. 2","Violin onata No. 3","Violin Sonata No 2"]},{"index":1,"name":"col1","values":["B-flat major","G minor","A major","A minor","G minor","G major","G major","G major","D major","F major","C minor","A major","A major","G major","E-flat major","B-flat major","A major","D minor","D minor","A major"]},{"index":2,"name":"col2","values":["public domain","public domain","public domain","public domain","public domain","public domain","public domain","public domain","public domain","public domain","public domain","public domain","public domain","public domain","public domain","public domain","public domain","public domain","public domain","public domain"]},{"index":3,"name":"col3","values":["piano","violin","piano","piano","piano","piano","piano","piano","piano","piano","piano","piano","piano","piano","piano","piano","piano","harpsichord","piano","piano"]},{"index":4,"name":"col4","values":["1738/01/01","1799/01/01","1886/01/01","1871/01/01","1917/01/01","1803/01/01","1816/01/01","1805/01/01","1799/01/01","1801/01/01","1803/01/01","1805/01/01","1803/01/01","1781/01/01","1785/01/01","1784/01/01","1787/01/01","1733/01/01","1889/01/01","1887/01/01"]},{"index":5,"name":"col5","values":["Domenico Scarlatti","Giuseppe Tartini","César Franck","Franz Schubert","Claude Debussy","Ludwig van Beethoven","Ludwig van Beethoven","Ludwig van Beethoven","Ludwig van Beethoven","Ludwig van Beethoven","Ludwig van Beethoven","Ludwig van Beethoven","Ludwig van Beethoven","Wolfgang Amadeus Mozart","Wolfgang Amadeus Mozart","Wolfgang Amadeus Mozart","Wolfgang Amadeus Mozart","Domenico Scarlatti","Johannes Brahms","Johannes Brahms"]}]},"context":{"page_title":null,"page_url":null,"page_entity_id":null,"content_hierarchy":[]},"links":[[[{"start":0,"end":8,"url":null,"entity_id":"Q3408309","candidates":[]}],[{"start":0,"end":12,"url":null,"entity_id":"Q795134","candidates":[]}],[{"start":0,"end":13,"url":null,"entity_id":"Q19652","candidates":[]}],[{"start":0,"end":5,"url":null,"entity_id":"Q5994","candidates":[]}],[],[{"start":0,"end":18,"url":null,"entity_id":"Q167837","candidates":[]}]],[[{"start":0,"end":24,"url":null,"entity_id":"Q2641249","candidates":[]}],[{"start":0,"end":7,"url":null,"entity_id":"Q283895","candidates":[]}],[{"start":0,"end":13,"url":null,"entity_id":"Q19652","candidates":[]}],[{"start":0,"end":6,"url":null,"entity_id":"Q8355","candidates":[]}],[],[{"start":0,"end":16,"url":null,"entity_id":"Q108555","candidates":[]}]],[[{"start":0,"end":13,"url":null,"entity_id":"Q2181451","candidates":[]}],[{"start":0,"end":7,"url":null,"entity_id":"Q277793","candidates":[]}],[{"start":0,"end":13,"url":null,"entity_id":"Q19652","candidates":[]}],[{"start":0,"end":5,"url":null,"entity_id":"Q5994","candidates":[]}],[],[{"start":0,"end":12,"url":null,"entity_id":"Q50187","candidates":[]}]],[[{"start":0,"end":16,"url":null,"entity_id":"Q2915782","candidates":[]}],[{"start":0,"end":7,"url":null,"entity_id":"Q277855","candidates":[]}],[{"start":0,"end":13,"url":null,"entity_id":"Q19652","candidates":[]}],[{"start":0,"end":5,"url":null,"entity_id":"Q5994","candidates":[]}],[],[{"start":0,"end":14,"url":null,"entity_id":"Q7312","candidates":[]}]],[[{"start":0,"end":12,"url":null,"entity_id":"Q2719749","candidates":[]}],[{"start":0,"end":7,"url":null,"entity_id":"Q283895","candidates":[]}],[{"start":0,"end":13,"url":null,"entity_id":"Q19652","candidates":[]}],[{"start":0,"end":5,"url":null,"entity_id":"Q5994","candidates":[]}],[],[{"start":0,"end":14,"url":null,"entity_id":"Q4700","candidates":[]}]],[[{"start":0,"end":19,"url":null,"entity_id":"Q1300778","candidates":[]}],[{"start":0,"end":7,"url":null,"entity_id":"Q5728362","candidates":[]}],[{"start":0,"end":13,"url":null,"entity_id":"Q19652","candidates":[]}],[{"start":0,"end":5,"url":null,"entity_id":"Q5994","candidates":[]}],[],[{"start":0,"end":20,"url":null,"entity_id":"Q255","candidates":[]}]],[[{"start":0,"end":20,"url":null,"entity_id":"Q1067735","candidates":[]}],[{"start":0,"end":7,"url":null,"entity_id":"Q5728362","candidates":[]}],[{"start":0,"end":13,"url":null,"entity_id":"Q19652","candidates":[]}],[{"start":0,"end":5,"url":null,"entity_id":"Q5994","candidates":[]}],[],[{"start":0,"end":20,"url":null,"entity_id":"Q255","candidates":[]}]],[[{"start":0,"end":18,"url":null,"entity_id":"Q146423","candidates":[]}],[{"start":0,"end":7,"url":null,"entity_id":"Q5728362","candidates":[]}],[{"start":0,"end":13,"url":null,"entity_id":"Q19652","candidates":[]}],[{"start":0,"end":5,"url":null,"entity_id":"Q5994","candidates":[]}],[],[{"start":0,"end":20,"url":null,"entity_id":"Q255","candidates":[]}]],[[{"start":0,"end":16,"url":null,"entity_id":"Q1635731","candidates":[]}],[{"start":0,"end":7,"url":null,"entity_id":"Q1124006","candidates":[]}],[{"start":0,"end":13,"url":null,"entity_id":"Q19652","candidates":[]}],[{"start":0,"end":5,"url":null,"entity_id":"Q5994","candidates":[]}],[],[{"start":0,"end":20,"url":null,"entity_id":"Q255","candidates":[]}]],[[{"start":0,"end":18,"url":null,"entity_id":"Q669358","candidates":[]}],[{"start":0,"end":7,"url":null,"entity_id":"Q913790","candidates":[]}],[{"start":0,"end":13,"url":null,"entity_id":"Q19652","candidates":[]}],[{"start":0,"end":5,"url":null,"entity_id":"Q5994","candidates":[]}],[],[{"start":0,"end":20,"url":null,"entity_id":"Q255","candidates":[]}]],[[{"start":0,"end":19,"url":null,"entity_id":"Q1892808","candidates":[]}],[{"start":0,"end":7,"url":null,"entity_id":"Q309994","candidates":[]}],[{"start":0,"end":13,"url":null,"entity_id":"Q19652","candidates":[]}],[{"start":0,"end":5,"url":null,"entity_id":"Q5994","candidates":[]}],[],[{"start":0,"end":20,"url":null,"entity_id":"Q255","candidates":[]}]],[[{"start":0,"end":18,"url":null,"entity_id":"Q1154601","candidates":[]}],[{"start":0,"end":7,"url":null,"entity_id":"Q277793","candidates":[]}],[{"start":0,"end":13,"url":null,"entity_id":"Q19652","candidates":[]}],[{"start":0,"end":5,"url":null,"entity_id":"Q5994","candidates":[]}],[],[{"start":0,"end":20,"url":null,"entity_id":"Q255","candidates":[]}]],[[{"start":0,"end":19,"url":null,"entity_id":"Q428956","candidates":[]}],[{"start":0,"end":7,"url":null,"entity_id":"Q277793","candidates":[]}],[{"start":0,"end":13,"url":null,"entity_id":"Q19652","candidates":[]}],[{"start":0,"end":5,"url":null,"entity_id":"Q5994","candidates":[]}],[],[{"start":0,"end":20,"url":null,"entity_id":"Q255","candidates":[]}]],[[{"start":0,"end":19,"url":null,"entity_id":"Q3069052","candidates":[]}],[{"start":0,"end":7,"url":null,"entity_id":"Q5728362","candidates":[]}],[{"start":0,"end":13,"url":null,"entity_id":"Q19652","candidates":[]}],[{"start":0,"end":5,"url":null,"entity_id":"Q5994","candidates":[]}],[],[{"start":0,"end":23,"url":null,"entity_id":"Q254","candidates":[]}]],[[{"start":0,"end":37,"url":null,"entity_id":"Q3069033","candidates":[]}],[{"start":0,"end":12,"url":null,"entity_id":"Q934895","candidates":[]}],[{"start":0,"end":13,"url":null,"entity_id":"Q19652","candidates":[]}],[{"start":0,"end":5,"url":null,"entity_id":"Q5994","candidates":[]}],[],[{"start":0,"end":23,"url":null,"entity_id":"Q254","candidates":[]}]],[[{"start":0,"end":19,"url":null,"entity_id":"Q3133281","candidates":[]}],[{"start":0,"end":12,"url":null,"entity_id":"Q795134","candidates":[]}],[{"start":0,"end":13,"url":null,"entity_id":"Q19652","candidates":[]}],[{"start":0,"end":5,"url":null,"entity_id":"Q5994","candidates":[]}],[],[{"start":0,"end":23,"url":null,"entity_id":"Q254","candidates":[]}]],[[{"start":0,"end":19,"url":null,"entity_id":"Q3069060","candidates":[]}],[{"start":0,"end":7,"url":null,"entity_id":"Q277793","candidates":[]}],[{"start":0,"end":13,"url":null,"entity_id":"Q19652","candidates":[]}],[{"start":0,"end":5,"url":null,"entity_id":"Q5994","candidates":[]}],[],[{"start":0,"end":23,"url":null,"entity_id":"Q254","candidates":[]}]],[[{"start":0,"end":11,"url":null,"entity_id":"Q6132112","candidates":[]}],[{"start":0,"end":7,"url":null,"entity_id":"Q283903","candidates":[]}],[{"start":0,"end":13,"url":null,"entity_id":"Q19652","candidates":[]}],[{"start":0,"end":11,"url":null,"entity_id":"Q81982","candidates":[]}],[],[{"start":0,"end":18,"url":null,"entity_id":"Q167837","candidates":[]}]],[[{"start":0,"end":18,"url":null,"entity_id":"Q3490213","candidates":[]}],[{"start":0,"end":7,"url":null,"entity_id":"Q283903","candidates":[]}],[{"start":0,"end":13,"url":null,"entity_id":"Q19652","candidates":[]}],[{"start":0,"end":5,"url":null,"entity_id":"Q5994","candidates":[]}],[],[{"start":0,"end":15,"url":null,"entity_id":"Q7294","candidates":[]}]],[[{"start":0,"end":18,"url":null,"entity_id":"Q3490207","candidates":[]}],[{"start":0,"end":7,"url":null,"entity_id":"Q277793","candidates":[]}],[{"start":0,"end":13,"url":null,"entity_id":"Q19652","candidates":[]}],[{"start":0,"end":5,"url":null,"entity_id":"Q5994","candidates":[]}],[],[{"start":0,"end":15,"url":null,"entity_id":"Q7294","candidates":[]}]]]}