{"version":"1.2","table":{"version":"2","table_id":"HE7713PF","columns":[{"index":0,"name":"col0","values":["Lehliu Gară","Darabani","Iernut","Câmpeni","Budești","Făget","Comarnic","Aleșd","Pâncota","Vașcău","Deta","Măcin","Curtici","Victoria","Borsec","Băile Tușnad","Cisnădie","Hațeg","Sânnicolau Mare","Covasna"]},{"index":1,"name":"col1","values":["6502","9893","8705","7629","7725","6761","11970","10066","6946","2315","6260","8245","7453","7386","2585","1641","14282","9685","12312","10114"]},{"index":2,"name":"col2","values":["86","3.4","106.36","86.6","93","150.87","89.97","71.95","66.96","65","33.81","44","72.65","6.47","96","1.89","277.13","61.56","136.77","158"]},{"index":3,"name":"col3","values":["55","260","250","583","75","145","555","224","192","295","80","36","101","650","900","650","454","315","82","560"]}]},"context":{"page_title":null,"page_url":null,"page_entity_id":null,"content_hierarchy":[]},"links":[[[{"start":0,"end":11,"url":null,"entity_id":"Q912204","candidates":[]}],[],[],[]],[[{"start":0,"end":8,"url":null,"entity_id":"Q899467","candidates":[]}],[],[],[]],[[{"start":0,"end":6,"url":null,"entity_id":"Q899427","candidates":[]}],[],[],[]],[[{"start":0,"end":7,"url":null,"entity_id":"Q855187","candidates":[]}],[],[],[]],[[{"start":0,"end":7,"url":null,"entity_id":"Q851409","candidates":[]}],[],[],[]],[[{"start":0,"end":5,"url":null,"entity_id":"Q851048","candidates":[]}],[],[],[]],[[{"start":0,"end":8,"url":null,"entity_id":"Q851037","candidates":[]}],[],[],[]],[[{"start":0,"end":5,"url":null,"entity_id":"Q851029","candidates":[]}],[],[],[]],[[{"start":0,"end":7,"url":null,"entity_id":"Q851021","candidates":[]}],[],[],[]],[[{"start":0,"end":6,"url":null,"entity_id":"Q851013","candidates":[]}],[],[],[]],[[{"start":0,"end":4,"url":null,"entity_id":"Q851007","candidates":[]}],[],[],[]],[[{"start":0,"end":5,"url":null,"entity_id":"Q851001","candidates":[]}],[],[],[]],[[{"start":0,"end":7,"url":null,"entity_id":"Q850982","candidates":[]}],[],[],[]],[[{"start":0,"end":8,"url":null,"entity_id":"Q850969","candidates":[]}],[],[],[]],[[{"start":0,"end":6,"url":null,"entity_id":"Q839796","candidates":[]}],[],[],[]],[[{"start":0,"end":12,"url":null,"entity_id":"Q837968","candidates":[]}],[],[],[]],[[{"start":0,"end":8,"url":null,"entity_id":"Q837173","candidates":[]}],[],[],[]],[[{"start":0,"end":5,"url":null,"entity_id":"Q837167","candidates":[]}],[],[],[]],[[{"start":0,"end":15,"url":null,"entity_id":"Q837161","candidates":[]}],[],[],[]],[[{"start":0,"end":7,"url":null,"entity_id":"Q837157","candidates":[]}],[],[],[]]]}