{"version":"1.2","table":{"version":"2","table_id":"HEX00Q35","columns":[{"index":0,"name":"col0","values":["EuroBasket Women 2013","EuroBasket 1952 Women","EuroBasket 1980 Women","EuroBasket 1976 Women","EuroBasket 1970 Women","EuroBasket 1985 Women","EuroBasket 1958 Women","EuroBasket 1968 Women","EuroBasket 1964 Women","EuroBasket 1956 Women","EuroBasket Women 2007","EuroBasket 2001 Women","EuroBasket Women 2011","EuroBasket 2005 Women","EuroBasket 1993 Women","EuroBasket 1974 Women","EuroBasket 1999 Women","EuroBasket 1989 Women","EuroBasket 1991 Women","EuroBasket 1938 Women"]},{"index":1,"name":"col1","values":["2013-01-01","1952-01-01","1980-01-01","1976-01-01","1970-01-01","1985-01-01","1958-01-01","1968-01-01","1964-01-01","1956-01-01","2007-01-01","2001-01-01","2011-01-01","2005-01-01","1993-01-01","1974-01-01","1999-01-01","1989-01-01","1991-01-01","1938-01-01"]},{"index":2,"name":"col2","values":["16","12","14","13","12","12","10","13","10","16","16","12","16","12","8","13","12","8","8","5"]},{"index":3,"name":"col3","values":["2013-06-30","1952-05-25","1980-09-28","1976-05-29","1970-09-19","1985-09-15","1958-05-18","1968-07-15","1964-09-13","1956-06-10","2007-10-07","2001-09-23","2011-07-03","2005-09-11","1993-06-13","1974-09-03","1999-06-06","1989-06-19","1991-06-17","1938-10-16"]},{"index":4,"name":"col4","values":["Spain women's national basketball team","Soviet Union women's national basketball team","Soviet Union women's national basketball team","Soviet Union women's national basketball team","Soviet Union women's national basketball team","Soviet Union women's national basketball team","Bulgaria women's national basketball team","Soviet Union women's national basketball team","Soviet Union women's national basketball team","Soviet Union women's national basketball team","Russia women's national basketball team","France women's national basketball team","Russia women's national basketball team","Czech Republic women's national basketball team","Spain women's national basketball team","Soviet Union women's national basketball team","Poland women's national basketball team","Soviet Union women's national basketball team","Soviet Union women's national basketball team","Italy women's national basketball team"]},{"index":5,"name":"col5","values":["France","Russia","Socialist Federal Republic of Yugoslavia","France","Netherlands","Italy","Poland","Italy","Hungary","Czech Republic","Italy","France","Poland","Turkey","Italy","Italy","Poland","Bulgaria","Israel","Italy"]},{"index":6,"name":"col6","values":["Eurobasket Women 2015","EuroBasket 1954 Women","EuroBasket 1981 Women","EuroBasket 1978 Women","EuroBasket 1972 Women","EuroBasket 1987 Women","EuroBasket 1960 Women","EuroBasket 1970 Women","EuroBasket 1966 Women","EuroBasket 1958 Women","EuroBasket Women 2009","EuroBasket 2003 Women","EuroBasket Women 2013","EuroBasket Women 2007","EuroBasket 1995 Women","EuroBasket 1976 Women","EuroBasket 2001 Women","EuroBasket 1991 Women","EuroBasket 1993 Women","EuroBasket 1950 Women"]}]},"context":{"page_title":null,"page_url":null,"page_entity_id":null,"content_hierarchy":[]},"links":[[[{"start":0,"end":21,"url":null,"entity_id":"Q619048","candidates":[]}],[],[],[],[{"start":0,"end":38,"url":null,"entity_id":"Q1471704","candidates":[]}],[{"start":0,"end":6,"url":null,"entity_id":"Q142","candidates":[]}],[{"start":0,"end":21,"url":null,"entity_id":"Q2949232","candidates":[]}]],[[{"start":0,"end":21,"url":null,"entity_id":"Q1065330","candidates":[]}],[],[],[],[{"start":0,"end":45,"url":null,"entity_id":"Q810370","candidates":[]}],[{"start":0,"end":6,"url":null,"entity_id":"Q159","candidates":[]}],[{"start":0,"end":21,"url":null,"entity_id":"Q1064467","candidates":[]}]],[[{"start":0,"end":21,"url":null,"entity_id":"Q1065687","candidates":[]}],[],[],[],[{"start":0,"end":45,"url":null,"entity_id":"Q810370","candidates":[]}],[{"start":0,"end":40,"url":null,"entity_id":"Q83286","candidates":[]}],[{"start":0,"end":21,"url":null,"entity_id":"Q1041087","candidates":[]}]],[[{"start":0,"end":21,"url":null,"entity_id":"Q384963","candidates":[]}],[],[],[],[{"start":0,"end":45,"url":null,"entity_id":"Q810370","candidates":[]}],[{"start":0,"end":6,"url":null,"entity_id":"Q142","candidates":[]}],[{"start":0,"end":21,"url":null,"entity_id":"Q1041069","candidates":[]}]],[[{"start":0,"end":21,"url":null,"entity_id":"Q913180","candidates":[]}],[],[],[],[{"start":0,"end":45,"url":null,"entity_id":"Q810370","candidates":[]}],[{"start":0,"end":11,"url":null,"entity_id":"Q55","candidates":[]}],[{"start":0,"end":21,"url":null,"entity_id":"Q960687","candidates":[]}]],[[{"start":0,"end":21,"url":null,"entity_id":"Q1041060","candidates":[]}],[],[],[],[{"start":0,"end":45,"url":null,"entity_id":"Q810370","candidates":[]}],[{"start":0,"end":5,"url":null,"entity_id":"Q38","candidates":[]}],[{"start":0,"end":21,"url":null,"entity_id":"Q953747","candidates":[]}]],[[{"start":0,"end":21,"url":null,"entity_id":"Q727845","candidates":[]}],[],[],[],[{"start":0,"end":41,"url":null,"entity_id":"Q2553227","candidates":[]}],[{"start":0,"end":6,"url":null,"entity_id":"Q36","candidates":[]}],[{"start":0,"end":21,"url":null,"entity_id":"Q913428","candidates":[]}]],[[{"start":0,"end":21,"url":null,"entity_id":"Q1041019","candidates":[]}],[],[],[],[{"start":0,"end":45,"url":null,"entity_id":"Q810370","candidates":[]}],[{"start":0,"end":5,"url":null,"entity_id":"Q38","candidates":[]}],[{"start":0,"end":21,"url":null,"entity_id":"Q913180","candidates":[]}]],[[{"start":0,"end":21,"url":null,"entity_id":"Q913189","candidates":[]}],[],[],[],[{"start":0,"end":45,"url":null,"entity_id":"Q810370","candidates":[]}],[{"start":0,"end":7,"url":null,"entity_id":"Q28","candidates":[]}],[{"start":0,"end":21,"url":null,"entity_id":"Q846095","candidates":[]}]],[[{"start":0,"end":21,"url":null,"entity_id":"Q659227","candidates":[]}],[],[],[],[{"start":0,"end":45,"url":null,"entity_id":"Q810370","candidates":[]}],[{"start":0,"end":14,"url":null,"entity_id":"Q213","candidates":[]}],[{"start":0,"end":21,"url":null,"entity_id":"Q727845","candidates":[]}]],[[{"start":0,"end":21,"url":null,"entity_id":"Q595455","candidates":[]}],[],[],[],[{"start":0,"end":39,"url":null,"entity_id":"Q1130089","candidates":[]}],[{"start":0,"end":5,"url":null,"entity_id":"Q38","candidates":[]}],[{"start":0,"end":21,"url":null,"entity_id":"Q685901","candidates":[]}]],[[{"start":0,"end":21,"url":null,"entity_id":"Q278799","candidates":[]}],[],[],[],[{"start":0,"end":39,"url":null,"entity_id":"Q1342224","candidates":[]}],[{"start":0,"end":6,"url":null,"entity_id":"Q142","candidates":[]}],[{"start":0,"end":21,"url":null,"entity_id":"Q683840","candidates":[]}]],[[{"start":0,"end":21,"url":null,"entity_id":"Q810329","candidates":[]}],[],[],[],[{"start":0,"end":39,"url":null,"entity_id":"Q1130089","candidates":[]}],[{"start":0,"end":6,"url":null,"entity_id":"Q36","candidates":[]}],[{"start":0,"end":21,"url":null,"entity_id":"Q619048","candidates":[]}]],[[{"start":0,"end":21,"url":null,"entity_id":"Q810326","candidates":[]}],[],[],[],[{"start":0,"end":47,"url":null,"entity_id":"Q2075892","candidates":[]}],[{"start":0,"end":6,"url":null,"entity_id":"Q43","candidates":[]}],[{"start":0,"end":21,"url":null,"entity_id":"Q595455","candidates":[]}]],[[{"start":0,"end":21,"url":null,"entity_id":"Q1091407","candidates":[]}],[],[],[],[{"start":0,"end":38,"url":null,"entity_id":"Q1471704","candidates":[]}],[{"start":0,"end":5,"url":null,"entity_id":"Q38","candidates":[]}],[{"start":0,"end":21,"url":null,"entity_id":"Q496668","candidates":[]}]],[[{"start":0,"end":21,"url":null,"entity_id":"Q1041051","candidates":[]}],[],[],[],[{"start":0,"end":45,"url":null,"entity_id":"Q810370","candidates":[]}],[{"start":0,"end":5,"url":null,"entity_id":"Q38","candidates":[]}],[{"start":0,"end":21,"url":null,"entity_id":"Q384963","candidates":[]}]],[[{"start":0,"end":21,"url":null,"entity_id":"Q937755","candidates":[]}],[],[],[],[{"start":0,"end":39,"url":null,"entity_id":"Q431189","candidates":[]}],[{"start":0,"end":6,"url":null,"entity_id":"Q36","candidates":[]}],[{"start":0,"end":21,"url":null,"entity_id":"Q278799","candidates":[]}]],[[{"start":0,"end":21,"url":null,"entity_id":"Q371552","candidates":[]}],[],[],[],[{"start":0,"end":45,"url":null,"entity_id":"Q810370","candidates":[]}],[{"start":0,"end":8,"url":null,"entity_id":"Q219","candidates":[]}],[{"start":0,"end":21,"url":null,"entity_id":"Q1092386","candidates":[]}]],[[{"start":0,"end":21,"url":null,"entity_id":"Q1092386","candidates":[]}],[],[],[],[{"start":0,"end":45,"url":null,"entity_id":"Q810370","candidates":[]}],[{"start":0,"end":6,"url":null,"entity_id":"Q801","candidates":[]}],[{"start":0,"end":21,"url":null,"entity_id":"Q1091407","candidates":[]}]],[[{"start":0,"end":21,"url":null,"entity_id":"Q1065870","candidates":[]}],[],[],[],[{"start":0,"end":38,"url":null,"entity_id":"Q656719","candidates":[]}],[{"start":0,"end":5,"url":null,"entity_id":"Q38","candidates":[]}],[{"start":0,"end":21,"url":null,"entity_id":"Q1077074","candidates":[]}]]]}