{"version":"1.2","table":{"version":"2","table_id":"HFNI1LPK","columns":[{"index":0,"name":"col0","values":["Sparrow Farmhouse And Dovecote Cottage Attached","Dovecot To The South-West Of Ockley Manor","Dovecote Approximately 65 Metres North Of Number 25 (The Malt House)","Pigeonnier du Colombier","Dovecote To North West Of Lytham Hall (In Woods Behind Stables)","Pigeonnier-porche de Lavergne","Colombier de Boulonville","Pigeonnier de Venette","Pigeon House To South Of No 8","Colombier de Barlaude","Pigeonnier du Foirail","Colombier du Grilhon","Dovecote And Pigsties At Jodrell Hall","Colombier de Lesmoal","Dovecote South Of Chicheley Hall","Dovecote To Rear Of Glebe House","Dovecote To South Of Manor Farmhouse","Pigeonnier de Bancourel (Saint-Cirq-Lapopie)","Dovecote At Fresden Farm","Stable/Dovecote Approximately 80 Metres To South West Of No 6 (Pickwick House)"]},{"index":1,"name":"col1","values":["Grade II listed building","Grade II listed building","Grade II listed building","registered historic monument","Grade II* listed building or structure","registered historic monument","registered historic monument","registered historic monument","Grade II listed building","registered historic monument","registered historic monument","registered historic monument","Grade II* listed building or structure","registered historic monument","Grade II* listed building or structure","Grade II listed building","Grade II listed building","registered historic monument","Grade II listed building","Grade II listed building"]},{"index":2,"name":"col2","values":["United Kingdom","United Kingdom","United Kingdom","France","United Kingdom","France","France","France","United Kingdom","France","France","France","United Kingdom","France","United Kingdom","United Kingdom","United Kingdom","France","United Kingdom","United Kingdom"]},{"index":3,"name":"col3","values":["Chippenham Without","Hassocks","Bidford-on-Avon","Saint-Germain-des-Prés","Fylde","Lavergne","Parmain","Venette","Lacock","Villeneuve-les-Cerfs","Villeneuve","Carbonne","Cheshire East","Plounérin","Milton Keynes","Grittleton","Grittleton","Saint-Cirq-Lapopie","Highworth","Corsham"]}]},"context":{"page_title":null,"page_url":null,"page_entity_id":null,"content_hierarchy":[]},"links":[[[{"start":0,"end":47,"url":null,"entity_id":"Q26273749","candidates":[]}],[{"start":0,"end":24,"url":null,"entity_id":"Q15700834","candidates":[]}],[{"start":0,"end":14,"url":null,"entity_id":"Q145","candidates":[]}],[{"start":0,"end":18,"url":null,"entity_id":"Q2124023","candidates":[]}]],[[{"start":0,"end":41,"url":null,"entity_id":"Q26276558","candidates":[]}],[{"start":0,"end":24,"url":null,"entity_id":"Q15700834","candidates":[]}],[{"start":0,"end":14,"url":null,"entity_id":"Q145","candidates":[]}],[{"start":0,"end":8,"url":null,"entity_id":"Q1869251","candidates":[]}]],[[{"start":0,"end":68,"url":null,"entity_id":"Q26275553","candidates":[]}],[{"start":0,"end":24,"url":null,"entity_id":"Q15700834","candidates":[]}],[{"start":0,"end":14,"url":null,"entity_id":"Q145","candidates":[]}],[{"start":0,"end":15,"url":null,"entity_id":"Q1770280","candidates":[]}]],[[{"start":0,"end":23,"url":null,"entity_id":"Q22998836","candidates":[]}],[{"start":0,"end":28,"url":null,"entity_id":"Q10387575","candidates":[]}],[{"start":0,"end":6,"url":null,"entity_id":"Q142","candidates":[]}],[{"start":0,"end":22,"url":null,"entity_id":"Q1620716","candidates":[]}]],[[{"start":0,"end":63,"url":null,"entity_id":"Q26263458","candidates":[]}],[{"start":0,"end":38,"url":null,"entity_id":"Q15700831","candidates":[]}],[{"start":0,"end":14,"url":null,"entity_id":"Q145","candidates":[]}],[{"start":0,"end":5,"url":null,"entity_id":"Q1478592","candidates":[]}]],[[{"start":0,"end":29,"url":null,"entity_id":"Q22939583","candidates":[]}],[{"start":0,"end":28,"url":null,"entity_id":"Q10387575","candidates":[]}],[{"start":0,"end":6,"url":null,"entity_id":"Q142","candidates":[]}],[{"start":0,"end":8,"url":null,"entity_id":"Q1470216","candidates":[]}]],[[{"start":0,"end":24,"url":null,"entity_id":"Q22997967","candidates":[]}],[{"start":0,"end":28,"url":null,"entity_id":"Q10387575","candidates":[]}],[{"start":0,"end":6,"url":null,"entity_id":"Q142","candidates":[]}],[{"start":0,"end":7,"url":null,"entity_id":"Q1456977","candidates":[]}]],[[{"start":0,"end":21,"url":null,"entity_id":"Q22966363","candidates":[]}],[{"start":0,"end":28,"url":null,"entity_id":"Q10387575","candidates":[]}],[{"start":0,"end":6,"url":null,"entity_id":"Q142","candidates":[]}],[{"start":0,"end":7,"url":null,"entity_id":"Q1332487","candidates":[]}]],[[{"start":0,"end":29,"url":null,"entity_id":"Q26273063","candidates":[]}],[{"start":0,"end":24,"url":null,"entity_id":"Q15700834","candidates":[]}],[{"start":0,"end":14,"url":null,"entity_id":"Q145","candidates":[]}],[{"start":0,"end":6,"url":null,"entity_id":"Q1230765","candidates":[]}]],[[{"start":0,"end":21,"url":null,"entity_id":"Q22992718","candidates":[]}],[{"start":0,"end":28,"url":null,"entity_id":"Q10387575","candidates":[]}],[{"start":0,"end":6,"url":null,"entity_id":"Q142","candidates":[]}],[{"start":0,"end":20,"url":null,"entity_id":"Q1217283","candidates":[]}]],[[{"start":0,"end":21,"url":null,"entity_id":"Q22995587","candidates":[]}],[{"start":0,"end":28,"url":null,"entity_id":"Q10387575","candidates":[]}],[{"start":0,"end":6,"url":null,"entity_id":"Q142","candidates":[]}],[{"start":0,"end":10,"url":null,"entity_id":"Q1152950","candidates":[]}]],[[{"start":0,"end":20,"url":null,"entity_id":"Q22996474","candidates":[]}],[{"start":0,"end":28,"url":null,"entity_id":"Q10387575","candidates":[]}],[{"start":0,"end":6,"url":null,"entity_id":"Q142","candidates":[]}],[{"start":0,"end":8,"url":null,"entity_id":"Q1088735","candidates":[]}]],[[{"start":0,"end":37,"url":null,"entity_id":"Q26263463","candidates":[]}],[{"start":0,"end":38,"url":null,"entity_id":"Q15700831","candidates":[]}],[{"start":0,"end":14,"url":null,"entity_id":"Q145","candidates":[]}],[{"start":0,"end":13,"url":null,"entity_id":"Q1070590","candidates":[]}]],[[{"start":0,"end":20,"url":null,"entity_id":"Q22996110","candidates":[]}],[{"start":0,"end":28,"url":null,"entity_id":"Q10387575","candidates":[]}],[{"start":0,"end":6,"url":null,"entity_id":"Q142","candidates":[]}],[{"start":0,"end":9,"url":null,"entity_id":"Q1013483","candidates":[]}]],[[{"start":0,"end":32,"url":null,"entity_id":"Q26263455","candidates":[]}],[{"start":0,"end":38,"url":null,"entity_id":"Q15700831","candidates":[]}],[{"start":0,"end":14,"url":null,"entity_id":"Q145","candidates":[]}],[{"start":0,"end":13,"url":null,"entity_id":"Q894090","candidates":[]}]],[[{"start":0,"end":31,"url":null,"entity_id":"Q26273137","candidates":[]}],[{"start":0,"end":24,"url":null,"entity_id":"Q15700834","candidates":[]}],[{"start":0,"end":14,"url":null,"entity_id":"Q145","candidates":[]}],[{"start":0,"end":10,"url":null,"entity_id":"Q781293","candidates":[]}]],[[{"start":0,"end":36,"url":null,"entity_id":"Q26273133","candidates":[]}],[{"start":0,"end":24,"url":null,"entity_id":"Q15700834","candidates":[]}],[{"start":0,"end":14,"url":null,"entity_id":"Q145","candidates":[]}],[{"start":0,"end":10,"url":null,"entity_id":"Q781293","candidates":[]}]],[[{"start":0,"end":44,"url":null,"entity_id":"Q22979361","candidates":[]}],[{"start":0,"end":28,"url":null,"entity_id":"Q10387575","candidates":[]}],[{"start":0,"end":6,"url":null,"entity_id":"Q142","candidates":[]}],[{"start":0,"end":18,"url":null,"entity_id":"Q751961","candidates":[]}]],[[{"start":0,"end":24,"url":null,"entity_id":"Q26273840","candidates":[]}],[{"start":0,"end":24,"url":null,"entity_id":"Q15700834","candidates":[]}],[{"start":0,"end":14,"url":null,"entity_id":"Q145","candidates":[]}],[{"start":0,"end":9,"url":null,"entity_id":"Q684452","candidates":[]}]],[[{"start":0,"end":78,"url":null,"entity_id":"Q26272992","candidates":[]}],[{"start":0,"end":24,"url":null,"entity_id":"Q15700834","candidates":[]}],[{"start":0,"end":14,"url":null,"entity_id":"Q145","candidates":[]}],[{"start":0,"end":7,"url":null,"entity_id":"Q663095","candidates":[]}]]]}