{"version":"1.2","table":{"version":"2","table_id":"HGE9ETEU","columns":[{"index":0,"name":"col0","values":["Sendai Station","Kinshichō Station","Hakata Station","Dortmund Central Station","Ayase Station","Machiya Station","Kobe-Sannomiya Station","Stephansplatz","Tokyo Station","Den Haag Centraal railway station","Nambu Bus Terminal Station","Nagoya Station","Seoul station","Langenhorn Markt","Green Park","Govind Puri","Anand Vihar","Downtown Crossing station","Marutamachi Station","Osterstraße"]},{"index":1,"name":"col1","values":["74672","99167","112371","190000","450965","72689","97189","255000","543121","73000","73582","185387","286696","23100","25282","24739","20859","23478","21796","21000"]},{"index":2,"name":"col2","values":["14","3","14","16","4","4","3","4","2","12","2","23","16","2","2","2","2","4","2","2"]}]},"context":{"page_title":null,"page_url":null,"page_entity_id":null,"content_hierarchy":[]},"links":[[[{"start":0,"end":14,"url":null,"entity_id":"Q801429","candidates":[]}],[],[]],[[{"start":0,"end":17,"url":null,"entity_id":"Q801017","candidates":[]}],[],[]],[[{"start":0,"end":14,"url":null,"entity_id":"Q800875","candidates":[]}],[],[]],[[{"start":0,"end":24,"url":null,"entity_id":"Q704394","candidates":[]}],[],[]],[[{"start":0,"end":13,"url":null,"entity_id":"Q390691","candidates":[]}],[],[]],[[{"start":0,"end":15,"url":null,"entity_id":"Q390638","candidates":[]}],[],[]],[[{"start":0,"end":22,"url":null,"entity_id":"Q377926","candidates":[]}],[],[]],[[{"start":0,"end":13,"url":null,"entity_id":"Q335891","candidates":[]}],[],[]],[[{"start":0,"end":13,"url":null,"entity_id":"Q283196","candidates":[]}],[],[]],[[{"start":0,"end":33,"url":null,"entity_id":"Q200704","candidates":[]}],[],[]],[[{"start":0,"end":26,"url":null,"entity_id":"Q100848","candidates":[]}],[],[]],[[{"start":0,"end":14,"url":null,"entity_id":"Q49381","candidates":[]}],[],[]],[[{"start":0,"end":13,"url":null,"entity_id":"Q20415","candidates":[]}],[],[]],[[{"start":0,"end":16,"url":null,"entity_id":"Q15851861","candidates":[]}],[],[]],[[{"start":0,"end":10,"url":null,"entity_id":"Q5602948","candidates":[]}],[],[]],[[{"start":0,"end":11,"url":null,"entity_id":"Q5589852","candidates":[]}],[],[]],[[{"start":0,"end":11,"url":null,"entity_id":"Q4751288","candidates":[]}],[],[]],[[{"start":0,"end":25,"url":null,"entity_id":"Q2920811","candidates":[]}],[],[]],[[{"start":0,"end":19,"url":null,"entity_id":"Q2346816","candidates":[]}],[],[]],[[{"start":0,"end":11,"url":null,"entity_id":"Q2151985","candidates":[]}],[],[]]]}