{"version":"1.2","table":{"version":"2","table_id":"HHAH8HK9","columns":[{"index":0,"name":"col0","values":["German men's U23 national road cycling team 2017","Australian men's U23 national road cycling team 2017","British men's U23 national road cycling team 2017","Norwegian men's U23 national road cycling team 2017","Russian men's U23 national road cycling team 2018","Russian men's U23 national road cycling team 2017","United States men's U23 national road cycling team 2018","United States men's U23 national road cycling team 2017","French men's U23 national road cycling team 2017","French men's U23 national road cycling team 2016","Austrian men's U23 national road cycling team 2018","Belgian men's U23 national road cycling team 2013","Italian men's U23 national road cycling team 2013","Netherlands men's U23 national road cycling team 2011","Netherlands men's U23 national road cycling team 2013","Swiss men's U23 national road cycling team 2013","Australian men's U23 national road cycling team 2012","Australian men's U23 national road cycling team 2018","Spanish men's U23 national road cycling team 2013","United States men's U23 national road cycling team 2012"]},{"index":1,"name":"col1","values":["German men's U23 national road cycling team 2016","Australian men's U23 national road cycling team 2016","British men's U23 national road cycling team 2016","Norwegian men's U23 national road cycling team 2016","Russian men's U23 national road cycling team 2017","Russian men's U23 national road cycling team 2016","United States men's U23 national road cycling team 2017","United States men's U23 national road cycling team 2016","French men's U23 national road cycling team 2016","French men's U23 national road cycling team 2015","Austrian men's U23 national road cycling team 2017","Belgian men's U23 national road cycling team 2012","Italian men's U23 national road cycling team 2012","Netherlands men's U23 national road cycling team 2010","Netherlands men's U23 national road cycling team 2012","Swiss men's U23 national road cycling team 2012","Australian men's U23 national road cycling team 2011","Australian men's U23 national road cycling team 2017","Spanish men's U23 national road cycling team 2012","United States men's U23 national road cycling team 2011"]},{"index":2,"name":"col2","values":["German men's U23 national road cycling team","Australian men's U23 national road cycling team","British men's U23 national road cycling team","Norwegian men's U23 national road cycling team","Russian men's U23 national road cycling team","Russian men's U23 national road cycling team","United States men's U23 national road cycling team","United States men's U23 national road cycling team","French men's U23 national road cycling team","French men's U23 national road cycling team","Austrian men's U23 national road cycling team","Belgian men's U23 national road cycling team","Italian men's U23 national road cycling team","Netherlands men's U23 national road cycling team","Netherlands men's U23 national road cycling team","Swiss men's U23 national road cycling team","Australian men's U23 national road cycling team","Australian men's U23 national road cycling team","Spanish men's U23 national road cycling team","United States men's U23 national road cycling team"]}]},"context":{"page_title":null,"page_url":null,"page_entity_id":null,"content_hierarchy":[]},"links":[[[{"start":0,"end":48,"url":null,"entity_id":"Q55690812","candidates":[]}],[{"start":0,"end":48,"url":null,"entity_id":"Q26708521","candidates":[]}],[{"start":0,"end":43,"url":null,"entity_id":"Q33512925","candidates":[]}]],[[{"start":0,"end":52,"url":null,"entity_id":"Q55690813","candidates":[]}],[{"start":0,"end":52,"url":null,"entity_id":"Q23925803","candidates":[]}],[{"start":0,"end":47,"url":null,"entity_id":"Q23925801","candidates":[]}]],[[{"start":0,"end":49,"url":null,"entity_id":"Q55690818","candidates":[]}],[{"start":0,"end":49,"url":null,"entity_id":"Q24763702","candidates":[]}],[{"start":0,"end":44,"url":null,"entity_id":"Q21886077","candidates":[]}]],[[{"start":0,"end":51,"url":null,"entity_id":"Q55690824","candidates":[]}],[{"start":0,"end":51,"url":null,"entity_id":"Q24082674","candidates":[]}],[{"start":0,"end":46,"url":null,"entity_id":"Q21009644","candidates":[]}]],[[{"start":0,"end":49,"url":null,"entity_id":"Q54968539","candidates":[]}],[{"start":0,"end":49,"url":null,"entity_id":"Q54968564","candidates":[]}],[{"start":0,"end":44,"url":null,"entity_id":"Q20893960","candidates":[]}]],[[{"start":0,"end":49,"url":null,"entity_id":"Q54968564","candidates":[]}],[{"start":0,"end":49,"url":null,"entity_id":"Q24764044","candidates":[]}],[{"start":0,"end":44,"url":null,"entity_id":"Q20893960","candidates":[]}]],[[{"start":0,"end":55,"url":null,"entity_id":"Q50384817","candidates":[]}],[{"start":0,"end":55,"url":null,"entity_id":"Q29854068","candidates":[]}],[{"start":0,"end":50,"url":null,"entity_id":"Q20823508","candidates":[]}]],[[{"start":0,"end":55,"url":null,"entity_id":"Q29854068","candidates":[]}],[{"start":0,"end":55,"url":null,"entity_id":"Q23709272","candidates":[]}],[{"start":0,"end":50,"url":null,"entity_id":"Q20823508","candidates":[]}]],[[{"start":0,"end":48,"url":null,"entity_id":"Q55690747","candidates":[]}],[{"start":0,"end":48,"url":null,"entity_id":"Q21705192","candidates":[]}],[{"start":0,"end":43,"url":null,"entity_id":"Q17577069","candidates":[]}]],[[{"start":0,"end":48,"url":null,"entity_id":"Q21705192","candidates":[]}],[{"start":0,"end":48,"url":null,"entity_id":"Q19766157","candidates":[]}],[{"start":0,"end":43,"url":null,"entity_id":"Q17577069","candidates":[]}]],[[{"start":0,"end":50,"url":null,"entity_id":"Q55714150","candidates":[]}],[{"start":0,"end":50,"url":null,"entity_id":"Q55690814","candidates":[]}],[{"start":0,"end":45,"url":null,"entity_id":"Q34684633","candidates":[]}]],[[{"start":0,"end":49,"url":null,"entity_id":"Q55709771","candidates":[]}],[{"start":0,"end":49,"url":null,"entity_id":"Q55701943","candidates":[]}],[{"start":0,"end":44,"url":null,"entity_id":"Q33888069","candidates":[]}]],[[{"start":0,"end":49,"url":null,"entity_id":"Q55709747","candidates":[]}],[{"start":0,"end":49,"url":null,"entity_id":"Q55701953","candidates":[]}],[{"start":0,"end":44,"url":null,"entity_id":"Q33514040","candidates":[]}]],[[{"start":0,"end":53,"url":null,"entity_id":"Q55710609","candidates":[]}],[{"start":0,"end":53,"url":null,"entity_id":"Q55702307","candidates":[]}],[{"start":0,"end":48,"url":null,"entity_id":"Q26960601","candidates":[]}]],[[{"start":0,"end":53,"url":null,"entity_id":"Q55709849","candidates":[]}],[{"start":0,"end":53,"url":null,"entity_id":"Q55701959","candidates":[]}],[{"start":0,"end":48,"url":null,"entity_id":"Q26960601","candidates":[]}]],[[{"start":0,"end":47,"url":null,"entity_id":"Q55709977","candidates":[]}],[{"start":0,"end":47,"url":null,"entity_id":"Q55701968","candidates":[]}],[{"start":0,"end":42,"url":null,"entity_id":"Q26945043","candidates":[]}]],[[{"start":0,"end":52,"url":null,"entity_id":"Q55705656","candidates":[]}],[{"start":0,"end":52,"url":null,"entity_id":"Q55702143","candidates":[]}],[{"start":0,"end":47,"url":null,"entity_id":"Q23925801","candidates":[]}]],[[{"start":0,"end":52,"url":null,"entity_id":"Q55714149","candidates":[]}],[{"start":0,"end":52,"url":null,"entity_id":"Q55690813","candidates":[]}],[{"start":0,"end":47,"url":null,"entity_id":"Q23925801","candidates":[]}]],[[{"start":0,"end":49,"url":null,"entity_id":"Q55705958","candidates":[]}],[{"start":0,"end":49,"url":null,"entity_id":"Q55701965","candidates":[]}],[{"start":0,"end":44,"url":null,"entity_id":"Q21885968","candidates":[]}]],[[{"start":0,"end":55,"url":null,"entity_id":"Q55710140","candidates":[]}],[{"start":0,"end":55,"url":null,"entity_id":"Q55702121","candidates":[]}],[{"start":0,"end":50,"url":null,"entity_id":"Q20823508","candidates":[]}]]]}