{"version":"1.2","table":{"version":"2","table_id":"HIFECYUR","columns":[{"index":0,"name":"col0","values":["Mycoplasma pneumoniae infection","ehrlichiosis","cryptosporidiosis","ascariasis","babesiosis","erythema infectiosum","Japanese encephalitis","campylobacteriosis","shigellosis","tick-borne encephalitis","salmonellosis","chikungunya","infectious mononucleosis","scarlet fever","ornithosis","listeriosis","hepatitis A","brucellosis","legionnaires' disease","yellow fever"]},{"index":1,"name":"col1","values":["28","2","10","3","4","18","15","7","4","14","14","12","4","5","19","67","48","5","16","6"]},{"index":2,"name":"col2","values":["7","1","2","1","1","10","5","1","1","7","6","3","4","2","5","1","15","5","2","3"]}]},"context":{"page_title":null,"page_url":null,"page_entity_id":null,"content_hierarchy":[]},"links":[[[{"start":0,"end":31,"url":null,"entity_id":"Q79054860","candidates":[]}],[],[]],[[{"start":0,"end":12,"url":null,"entity_id":"Q2845432","candidates":[]}],[],[]],[[{"start":0,"end":17,"url":null,"entity_id":"Q1359898","candidates":[]}],[],[]],[[{"start":0,"end":10,"url":null,"entity_id":"Q842428","candidates":[]}],[],[]],[[{"start":0,"end":10,"url":null,"entity_id":"Q797668","candidates":[]}],[],[]],[[{"start":0,"end":20,"url":null,"entity_id":"Q753654","candidates":[]}],[],[]],[[{"start":0,"end":21,"url":null,"entity_id":"Q738292","candidates":[]}],[],[]],[[{"start":0,"end":18,"url":null,"entity_id":"Q683861","candidates":[]}],[],[]],[[{"start":0,"end":11,"url":null,"entity_id":"Q327298","candidates":[]}],[],[]],[[{"start":0,"end":23,"url":null,"entity_id":"Q326663","candidates":[]}],[],[]],[[{"start":0,"end":13,"url":null,"entity_id":"Q326648","candidates":[]}],[],[]],[[{"start":0,"end":11,"url":null,"entity_id":"Q243257","candidates":[]}],[],[]],[[{"start":0,"end":24,"url":null,"entity_id":"Q207367","candidates":[]}],[],[]],[[{"start":0,"end":13,"url":null,"entity_id":"Q180266","candidates":[]}],[],[]],[[{"start":0,"end":10,"url":null,"entity_id":"Q164727","candidates":[]}],[],[]],[[{"start":0,"end":11,"url":null,"entity_id":"Q160653","candidates":[]}],[],[]],[[{"start":0,"end":11,"url":null,"entity_id":"Q157661","candidates":[]}],[],[]],[[{"start":0,"end":11,"url":null,"entity_id":"Q156050","candidates":[]}],[],[]],[[{"start":0,"end":21,"url":null,"entity_id":"Q154882","candidates":[]}],[],[]],[[{"start":0,"end":12,"url":null,"entity_id":"Q154874","candidates":[]}],[],[]]]}