{"version":"1.2","table":{"version":"2","table_id":"HIILL34Z","columns":[{"index":0,"name":"col0","values":["Rongkou","Zhuqi","Bingji","Wangjieliu","Pandu","Kuoyiqi Xiang","Manglai Xiang","Akesalayi Xiang","Walijue","Waqunaiwu","Shenpu","Waqujue","Shenguo","Wapumo","Gongmo","Tiexi","Baiguo","Wayan","Xishan","Matuo","Suxiong","Azijue","Shihai","A'er","Laozhaizi","Rekejue","Mayizu","Piyalema Xiang","Zangguy","Yéngiösteng","Segezi Kule Xiang","Tawakule Xiang","Tagarma","Xiao'erbage Xiang","Jinfeng Township, Sichuan","Xilicun","Xiashi Township","Yangjiao","Nandiantou"]},{"index":1,"name":"col1","values":["Qimen County","Minhou County","Jieshou","Huoqiu County","Lianjiang County","Karakax County","Karakax County","Karakax County","Yuexi County","Yuexi County","Yuexi County","Yuexi County","Yuexi County","Yuexi County","Yuexi County","Yuexi County","Yuexi County","Yuexi County","Yuexi County","Yuexi County","Ganluo County","Ganluo County","Ganluo County","Ganluo County","Jinyang County","Jinyang County","Jinyang County","Guma County","Guma County","Maralbexi County","Hotan County","Hotan County","Tashkurgan Tajik Autonomous County","Hotan","Jingyan County","Shanzhou District","Shanzhou District","Tang County","Tang County"]},{"index":2,"name":"col2","values":["UTC+08:00","UTC+08:00","UTC+08:00","UTC+08:00","UTC+08:00","UTC+08:00","UTC+08:00","UTC+08:00","UTC+08:00","UTC+08:00","UTC+08:00","UTC+08:00","UTC+08:00","UTC+08:00","UTC+08:00","UTC+08:00","UTC+08:00","UTC+08:00","UTC+08:00","UTC+08:00","UTC+08:00","UTC+08:00","UTC+08:00","UTC+08:00","UTC+08:00","UTC+08:00","UTC+08:00","UTC+08:00","UTC+08:00","UTC+08:00","UTC+08:00","UTC+08:00","UTC+08:00","UTC+08:00","UTC+08:00","UTC+08:00","UTC+08:00","UTC+08:00","UTC+08:00"]}]},"context":{"page_title":null,"page_url":null,"page_entity_id":null,"content_hierarchy":[]},"links":[[[{"start":0,"end":7,"url":null,"entity_id":"Q14352421","candidates":[]}],[{"start":0,"end":12,"url":null,"entity_id":"Q1335126","candidates":[]}],[{"start":0,"end":9,"url":null,"entity_id":"Q6985","candidates":[]}]],[[{"start":0,"end":5,"url":null,"entity_id":"Q14373807","candidates":[]}],[{"start":0,"end":13,"url":null,"entity_id":"Q1025438","candidates":[]}],[{"start":0,"end":9,"url":null,"entity_id":"Q6985","candidates":[]}]],[[{"start":0,"end":6,"url":null,"entity_id":"Q14362671","candidates":[]}],[{"start":0,"end":7,"url":null,"entity_id":"Q1018527","candidates":[]}],[{"start":0,"end":9,"url":null,"entity_id":"Q6985","candidates":[]}]],[[{"start":0,"end":10,"url":null,"entity_id":"Q14366096","candidates":[]}],[{"start":0,"end":13,"url":null,"entity_id":"Q472626","candidates":[]}],[{"start":0,"end":9,"url":null,"entity_id":"Q6985","candidates":[]}]],[[{"start":0,"end":5,"url":null,"entity_id":"Q14379363","candidates":[]}],[{"start":0,"end":16,"url":null,"entity_id":"Q204827","candidates":[]}],[{"start":0,"end":9,"url":null,"entity_id":"Q6985","candidates":[]}]],[[{"start":0,"end":13,"url":null,"entity_id":"Q14134920","candidates":[]}],[{"start":0,"end":14,"url":null,"entity_id":"Q1207811","candidates":[]}],[{"start":0,"end":9,"url":null,"entity_id":"Q6985","candidates":[]}]],[[{"start":0,"end":13,"url":null,"entity_id":"Q14134863","candidates":[]}],[{"start":0,"end":14,"url":null,"entity_id":"Q1207811","candidates":[]}],[{"start":0,"end":9,"url":null,"entity_id":"Q6985","candidates":[]}]],[[{"start":0,"end":15,"url":null,"entity_id":"Q14134344","candidates":[]}],[{"start":0,"end":14,"url":null,"entity_id":"Q1207811","candidates":[]}],[{"start":0,"end":9,"url":null,"entity_id":"Q6985","candidates":[]}]],[[{"start":0,"end":7,"url":null,"entity_id":"Q14135077","candidates":[]}],[{"start":0,"end":12,"url":null,"entity_id":"Q1200342","candidates":[]}],[{"start":0,"end":9,"url":null,"entity_id":"Q6985","candidates":[]}]],[[{"start":0,"end":9,"url":null,"entity_id":"Q14135070","candidates":[]}],[{"start":0,"end":12,"url":null,"entity_id":"Q1200342","candidates":[]}],[{"start":0,"end":9,"url":null,"entity_id":"Q6985","candidates":[]}]],[[{"start":0,"end":6,"url":null,"entity_id":"Q14135040","candidates":[]}],[{"start":0,"end":12,"url":null,"entity_id":"Q1200342","candidates":[]}],[{"start":0,"end":9,"url":null,"entity_id":"Q6985","candidates":[]}]],[[{"start":0,"end":7,"url":null,"entity_id":"Q14135014","candidates":[]}],[{"start":0,"end":12,"url":null,"entity_id":"Q1200342","candidates":[]}],[{"start":0,"end":9,"url":null,"entity_id":"Q6985","candidates":[]}]],[[{"start":0,"end":7,"url":null,"entity_id":"Q14134986","candidates":[]}],[{"start":0,"end":12,"url":null,"entity_id":"Q1200342","candidates":[]}],[{"start":0,"end":9,"url":null,"entity_id":"Q6985","candidates":[]}]],[[{"start":0,"end":6,"url":null,"entity_id":"Q14134965","candidates":[]}],[{"start":0,"end":12,"url":null,"entity_id":"Q1200342","candidates":[]}],[{"start":0,"end":9,"url":null,"entity_id":"Q6985","candidates":[]}]],[[{"start":0,"end":6,"url":null,"entity_id":"Q14134696","candidates":[]}],[{"start":0,"end":12,"url":null,"entity_id":"Q1200342","candidates":[]}],[{"start":0,"end":9,"url":null,"entity_id":"Q6985","candidates":[]}]],[[{"start":0,"end":5,"url":null,"entity_id":"Q14134612","candidates":[]}],[{"start":0,"end":12,"url":null,"entity_id":"Q1200342","candidates":[]}],[{"start":0,"end":9,"url":null,"entity_id":"Q6985","candidates":[]}]],[[{"start":0,"end":6,"url":null,"entity_id":"Q14134478","candidates":[]}],[{"start":0,"end":12,"url":null,"entity_id":"Q1200342","candidates":[]}],[{"start":0,"end":9,"url":null,"entity_id":"Q6985","candidates":[]}]],[[{"start":0,"end":5,"url":null,"entity_id":"Q14134407","candidates":[]}],[{"start":0,"end":12,"url":null,"entity_id":"Q1200342","candidates":[]}],[{"start":0,"end":9,"url":null,"entity_id":"Q6985","candidates":[]}]],[[{"start":0,"end":6,"url":null,"entity_id":"Q14134355","candidates":[]}],[{"start":0,"end":12,"url":null,"entity_id":"Q1200342","candidates":[]}],[{"start":0,"end":9,"url":null,"entity_id":"Q6985","candidates":[]}]],[[{"start":0,"end":5,"url":null,"entity_id":"Q14134141","candidates":[]}],[{"start":0,"end":12,"url":null,"entity_id":"Q1200342","candidates":[]}],[{"start":0,"end":9,"url":null,"entity_id":"Q6985","candidates":[]}]],[[{"start":0,"end":7,"url":null,"entity_id":"Q14135946","candidates":[]}],[{"start":0,"end":13,"url":null,"entity_id":"Q1200327","candidates":[]}],[{"start":0,"end":9,"url":null,"entity_id":"Q6985","candidates":[]}]],[[{"start":0,"end":6,"url":null,"entity_id":"Q14135867","candidates":[]}],[{"start":0,"end":13,"url":null,"entity_id":"Q1200327","candidates":[]}],[{"start":0,"end":9,"url":null,"entity_id":"Q6985","candidates":[]}]],[[{"start":0,"end":6,"url":null,"entity_id":"Q14135683","candidates":[]}],[{"start":0,"end":13,"url":null,"entity_id":"Q1200327","candidates":[]}],[{"start":0,"end":9,"url":null,"entity_id":"Q6985","candidates":[]}]],[[{"start":0,"end":4,"url":null,"entity_id":"Q14135655","candidates":[]}],[{"start":0,"end":13,"url":null,"entity_id":"Q1200327","candidates":[]}],[{"start":0,"end":9,"url":null,"entity_id":"Q6985","candidates":[]}]],[[{"start":0,"end":9,"url":null,"entity_id":"Q14130985","candidates":[]}],[{"start":0,"end":14,"url":null,"entity_id":"Q1200291","candidates":[]}],[{"start":0,"end":9,"url":null,"entity_id":"Q6985","candidates":[]}]],[[{"start":0,"end":7,"url":null,"entity_id":"Q14130532","candidates":[]}],[{"start":0,"end":14,"url":null,"entity_id":"Q1200291","candidates":[]}],[{"start":0,"end":9,"url":null,"entity_id":"Q6985","candidates":[]}]],[[{"start":0,"end":6,"url":null,"entity_id":"Q14130462","candidates":[]}],[{"start":0,"end":14,"url":null,"entity_id":"Q1200291","candidates":[]}],[{"start":0,"end":9,"url":null,"entity_id":"Q6985","candidates":[]}]],[[{"start":0,"end":14,"url":null,"entity_id":"Q14135887","candidates":[]}],[{"start":0,"end":11,"url":null,"entity_id":"Q1028101","candidates":[]}],[{"start":0,"end":9,"url":null,"entity_id":"Q6985","candidates":[]}]],[[{"start":0,"end":7,"url":null,"entity_id":"Q14135850","candidates":[]}],[{"start":0,"end":11,"url":null,"entity_id":"Q1028101","candidates":[]}],[{"start":0,"end":9,"url":null,"entity_id":"Q6985","candidates":[]}]],[[{"start":0,"end":11,"url":null,"entity_id":"Q14132366","candidates":[]}],[{"start":0,"end":16,"url":null,"entity_id":"Q1023160","candidates":[]}],[{"start":0,"end":9,"url":null,"entity_id":"Q6985","candidates":[]}]],[[{"start":0,"end":17,"url":null,"entity_id":"Q14133817","candidates":[]}],[{"start":0,"end":12,"url":null,"entity_id":"Q922669","candidates":[]}],[{"start":0,"end":9,"url":null,"entity_id":"Q6985","candidates":[]}]],[[{"start":0,"end":14,"url":null,"entity_id":"Q14133697","candidates":[]}],[{"start":0,"end":12,"url":null,"entity_id":"Q922669","candidates":[]}],[{"start":0,"end":9,"url":null,"entity_id":"Q6985","candidates":[]}]],[[{"start":0,"end":7,"url":null,"entity_id":"Q14132526","candidates":[]}],[{"start":0,"end":34,"url":null,"entity_id":"Q911737","candidates":[]}],[{"start":0,"end":9,"url":null,"entity_id":"Q6985","candidates":[]}]],[[{"start":0,"end":17,"url":null,"entity_id":"Q14132896","candidates":[]}],[{"start":0,"end":5,"url":null,"entity_id":"Q235389","candidates":[]}],[{"start":0,"end":9,"url":null,"entity_id":"Q6985","candidates":[]}]],[[{"start":0,"end":25,"url":null,"entity_id":"Q13864222","candidates":[]}],[{"start":0,"end":14,"url":null,"entity_id":"Q1199523","candidates":[]}],[{"start":0,"end":9,"url":null,"entity_id":"Q6985","candidates":[]}]],[[{"start":0,"end":7,"url":null,"entity_id":"Q13840251","candidates":[]}],[{"start":0,"end":17,"url":null,"entity_id":"Q1198709","candidates":[]}],[{"start":0,"end":9,"url":null,"entity_id":"Q6985","candidates":[]}]],[[{"start":0,"end":15,"url":null,"entity_id":"Q13840160","candidates":[]}],[{"start":0,"end":17,"url":null,"entity_id":"Q1198709","candidates":[]}],[{"start":0,"end":9,"url":null,"entity_id":"Q6985","candidates":[]}]],[[{"start":0,"end":8,"url":null,"entity_id":"Q13833887","candidates":[]}],[{"start":0,"end":11,"url":null,"entity_id":"Q1196608","candidates":[]}],[{"start":0,"end":9,"url":null,"entity_id":"Q6985","candidates":[]}]],[[{"start":0,"end":10,"url":null,"entity_id":"Q13833131","candidates":[]}],[{"start":0,"end":11,"url":null,"entity_id":"Q1196608","candidates":[]}],[{"start":0,"end":9,"url":null,"entity_id":"Q6985","candidates":[]}]]]}