{"version":"1.2","table":{"version":"2","table_id":"HLQJMEO4","columns":[{"index":0,"name":"col0","values":["2014 Omloop Het Nieuwsblad","1975 Omloop Het Volk","1967 Omloop Het Volk","1966 Omloop Het Volk","1965 Omloop Het Volk","1964 Omloop Het Volk","1963 Omloop Het Volk","1994 Omloop Het Volk","2013 Omloop Het Nieuwsblad","2012 Omloop Het Nieuwsblad","2003 Omloop Het Volk","2011 Omloop Het Nieuwsblad","2002 Omloop Het Volk","2009 Omloop Het Nieuwsblad","2006 Omloop Het Volk","2008 Omloop Het Volk","2001 Omloop Het Volk","1993 Omloop Het Volk","1957 Omloop Het Volk","1951 Omloop Het Volk"]},{"index":1,"name":"col1","values":["2014-03-01","1975-03-01","1967-03-04","1966-03-05","1965-03-02","1964-02-29","1963-03-02","1994-02-26","2013-02-23","2012-02-25","2003-03-01","2011-02-26","2002-03-02","2009-02-28","2006-02-25","2008-03-01","2001-03-03","1993-02-27","1957-03-24","1951-03-11"]},{"index":2,"name":"col2","values":["2015 Omloop Het Nieuwsblad","1976 Omloop Het Volk","1968 Omloop Het Volk","1967 Omloop Het Volk","1966 Omloop Het Volk","1965 Omloop Het Volk","1964 Omloop Het Volk","1995 Omloop Het Volk","2014 Omloop Het Nieuwsblad","2013 Omloop Het Nieuwsblad","2005 Omloop Het Volk","2012 Omloop Het Nieuwsblad","2003 Omloop Het Volk","2010 Omloop Het Nieuwsblad","2007 Omloop Het Volk","2009 Omloop Het Nieuwsblad","2002 Omloop Het Volk","1994 Omloop Het Volk","1958 Omloop Het Volk","1952 Omloop Het Volk"]}]},"context":{"page_title":null,"page_url":null,"page_entity_id":null,"content_hierarchy":[]},"links":[[[{"start":0,"end":26,"url":null,"entity_id":"Q15731110","candidates":[]}],[],[{"start":0,"end":26,"url":null,"entity_id":"Q19056763","candidates":[]}]],[[{"start":0,"end":20,"url":null,"entity_id":"Q18510748","candidates":[]}],[],[{"start":0,"end":20,"url":null,"entity_id":"Q18510747","candidates":[]}]],[[{"start":0,"end":20,"url":null,"entity_id":"Q18510743","candidates":[]}],[],[{"start":0,"end":20,"url":null,"entity_id":"Q18510745","candidates":[]}]],[[{"start":0,"end":20,"url":null,"entity_id":"Q18510741","candidates":[]}],[],[{"start":0,"end":20,"url":null,"entity_id":"Q18510743","candidates":[]}]],[[{"start":0,"end":20,"url":null,"entity_id":"Q18510740","candidates":[]}],[],[{"start":0,"end":20,"url":null,"entity_id":"Q18510741","candidates":[]}]],[[{"start":0,"end":20,"url":null,"entity_id":"Q18510737","candidates":[]}],[],[{"start":0,"end":20,"url":null,"entity_id":"Q18510740","candidates":[]}]],[[{"start":0,"end":20,"url":null,"entity_id":"Q19622427","candidates":[]}],[],[{"start":0,"end":20,"url":null,"entity_id":"Q18510737","candidates":[]}]],[[{"start":0,"end":20,"url":null,"entity_id":"Q54430678","candidates":[]}],[],[{"start":0,"end":20,"url":null,"entity_id":"Q18507616","candidates":[]}]],[[{"start":0,"end":26,"url":null,"entity_id":"Q4798732","candidates":[]}],[],[{"start":0,"end":26,"url":null,"entity_id":"Q15731110","candidates":[]}]],[[{"start":0,"end":26,"url":null,"entity_id":"Q2403508","candidates":[]}],[],[{"start":0,"end":26,"url":null,"entity_id":"Q4798732","candidates":[]}]],[[{"start":0,"end":20,"url":null,"entity_id":"Q2233952","candidates":[]}],[],[{"start":0,"end":20,"url":null,"entity_id":"Q3882242","candidates":[]}]],[[{"start":0,"end":26,"url":null,"entity_id":"Q2480032","candidates":[]}],[],[{"start":0,"end":26,"url":null,"entity_id":"Q2403508","candidates":[]}]],[[{"start":0,"end":20,"url":null,"entity_id":"Q54430953","candidates":[]}],[],[{"start":0,"end":20,"url":null,"entity_id":"Q2233952","candidates":[]}]],[[{"start":0,"end":26,"url":null,"entity_id":"Q633370","candidates":[]}],[],[{"start":0,"end":26,"url":null,"entity_id":"Q2055395","candidates":[]}]],[[{"start":0,"end":20,"url":null,"entity_id":"Q3882247","candidates":[]}],[],[{"start":0,"end":20,"url":null,"entity_id":"Q773582","candidates":[]}]],[[{"start":0,"end":20,"url":null,"entity_id":"Q2048887","candidates":[]}],[],[{"start":0,"end":26,"url":null,"entity_id":"Q633370","candidates":[]}]],[[{"start":0,"end":20,"url":null,"entity_id":"Q54430932","candidates":[]}],[],[{"start":0,"end":20,"url":null,"entity_id":"Q54430953","candidates":[]}]],[[{"start":0,"end":20,"url":null,"entity_id":"Q54430657","candidates":[]}],[],[{"start":0,"end":20,"url":null,"entity_id":"Q54430678","candidates":[]}]],[[{"start":0,"end":20,"url":null,"entity_id":"Q48863085","candidates":[]}],[],[{"start":0,"end":20,"url":null,"entity_id":"Q48863089","candidates":[]}]],[[{"start":0,"end":20,"url":null,"entity_id":"Q48862919","candidates":[]}],[],[{"start":0,"end":20,"url":null,"entity_id":"Q48862924","candidates":[]}]]]}