{"version":"1.2","table":{"version":"2","table_id":"HMF5ELLY","columns":[{"index":0,"name":"col0","values":["University Line","Main Line","Northern line","Unanderra – Moss Vale railway line","Sperillen Line","Trondhjem–Støren Line","Macclesfield, Bollington and Marple Railway","Lehigh Line","Shore Line East","Special Event Line","S","R","South Line, Tasmania","Monrovia–Glendora","La Habra-Yorba Linda","North Coast railway line","Rock Island District","North Central Service","Redhill–Tonbridge line","Tattenham Corner Line","Upland-San Bernardino","South Pasadena Local","Sierra Vista","Sierra Madre","Sawtelle"]},{"index":1,"name":"col1","values":["Arena","Fort Railway Station","Kankesanthurai","Unanderra railway station","Hen","Throndhjem Kalvskinnet Station","Marple","Oak Island Yard","Union Station","Stadium station","Western Avenue","3rd Street, Los Angeles","Hobart","Pacific Electric Building","Downtown Los Angeles","Maitland railway station","LaSalle Street Station","Chicago Union Station","Tonbridge railway station","London Bridge station","Pacific Electric Building","Pacific Electric Building","Pacific Electric Building","Pacific Electric Building","Pacific Electric Building"]},{"index":2,"name":"col2","values":["Utah Transit Authority","Sri Lanka Railways","Sri Lanka Railways","Rail Corporation New South Wales","Norges Statsbaner","Norges Statsbaner","North Staffordshire Railway","Conrail Shared Assets Operations","Connecticut Department of Transportation","San Diego Metropolitan Transit System","Los Angeles County Metropolitan Transportation Authority","Los Angeles County Metropolitan Transportation Authority","Government of Tasmania","Pacific Electric Railway","Pacific Electric Railway","New South Wales Government Railways","Metra","Metra","Network Rail","Network Rail","Southern Pacific Transportation Company","Southern Pacific Transportation Company","Southern Pacific Transportation Company","Southern Pacific Transportation Company","Southern Pacific Transportation Company"]}]},"context":{"page_title":null,"page_url":null,"page_entity_id":null,"content_hierarchy":[]},"links":[[[{"start":0,"end":15,"url":null,"entity_id":"Q7894807","candidates":[]}],[{"start":0,"end":5,"url":null,"entity_id":"Q4788868","candidates":[]}],[{"start":0,"end":22,"url":null,"entity_id":"Q7902494","candidates":[]}]],[[{"start":0,"end":9,"url":null,"entity_id":"Q6736012","candidates":[]}],[{"start":0,"end":20,"url":null,"entity_id":"Q5471883","candidates":[]}],[{"start":0,"end":18,"url":null,"entity_id":"Q7585945","candidates":[]}]],[[{"start":0,"end":13,"url":null,"entity_id":"Q7058664","candidates":[]}],[{"start":0,"end":14,"url":null,"entity_id":"Q531494","candidates":[]}],[{"start":0,"end":18,"url":null,"entity_id":"Q7585945","candidates":[]}]],[[{"start":0,"end":34,"url":null,"entity_id":"Q7882278","candidates":[]}],[{"start":0,"end":25,"url":null,"entity_id":"Q7882276","candidates":[]}],[{"start":0,"end":32,"url":null,"entity_id":"Q7283888","candidates":[]}]],[[{"start":0,"end":14,"url":null,"entity_id":"Q7576366","candidates":[]}],[{"start":0,"end":3,"url":null,"entity_id":"Q5712892","candidates":[]}],[{"start":0,"end":17,"url":null,"entity_id":"Q7061278","candidates":[]}]],[[{"start":0,"end":21,"url":null,"entity_id":"Q7845495","candidates":[]}],[{"start":0,"end":30,"url":null,"entity_id":"Q2649177","candidates":[]}],[{"start":0,"end":17,"url":null,"entity_id":"Q7061278","candidates":[]}]],[[{"start":0,"end":43,"url":null,"entity_id":"Q6722909","candidates":[]}],[{"start":0,"end":6,"url":null,"entity_id":"Q6772452","candidates":[]}],[{"start":0,"end":27,"url":null,"entity_id":"Q7056819","candidates":[]}]],[[{"start":0,"end":11,"url":null,"entity_id":"Q6518811","candidates":[]}],[{"start":0,"end":15,"url":null,"entity_id":"Q7073606","candidates":[]}],[{"start":0,"end":32,"url":null,"entity_id":"Q5162679","candidates":[]}]],[[{"start":0,"end":15,"url":null,"entity_id":"Q7501304","candidates":[]}],[{"start":0,"end":13,"url":null,"entity_id":"Q6119589","candidates":[]}],[{"start":0,"end":40,"url":null,"entity_id":"Q4923420","candidates":[]}]],[[{"start":0,"end":18,"url":null,"entity_id":"Q7574552","candidates":[]}],[{"start":0,"end":15,"url":null,"entity_id":"Q958564","candidates":[]}],[{"start":0,"end":37,"url":null,"entity_id":"Q3471406","candidates":[]}]],[[{"start":0,"end":1,"url":null,"entity_id":"Q7395329","candidates":[]}],[{"start":0,"end":14,"url":null,"entity_id":"Q7987603","candidates":[]}],[{"start":0,"end":56,"url":null,"entity_id":"Q3259702","candidates":[]}]],[[{"start":0,"end":1,"url":null,"entity_id":"Q7278174","candidates":[]}],[{"start":0,"end":23,"url":null,"entity_id":"Q4636974","candidates":[]}],[{"start":0,"end":56,"url":null,"entity_id":"Q3259702","candidates":[]}]],[[{"start":0,"end":20,"url":null,"entity_id":"Q7567827","candidates":[]}],[{"start":0,"end":6,"url":null,"entity_id":"Q5874777","candidates":[]}],[{"start":0,"end":22,"url":null,"entity_id":"Q3112571","candidates":[]}]],[[{"start":0,"end":17,"url":null,"entity_id":"Q6902450","candidates":[]}],[{"start":0,"end":25,"url":null,"entity_id":"Q7122437","candidates":[]}],[{"start":0,"end":24,"url":null,"entity_id":"Q2107112","candidates":[]}]],[[{"start":0,"end":20,"url":null,"entity_id":"Q6463034","candidates":[]}],[{"start":0,"end":20,"url":null,"entity_id":"Q995043","candidates":[]}],[{"start":0,"end":24,"url":null,"entity_id":"Q2107112","candidates":[]}]],[[{"start":0,"end":24,"url":null,"entity_id":"Q7054876","candidates":[]}],[{"start":0,"end":24,"url":null,"entity_id":"Q6737185","candidates":[]}],[{"start":0,"end":35,"url":null,"entity_id":"Q1982888","candidates":[]}]],[[{"start":0,"end":20,"url":null,"entity_id":"Q7354508","candidates":[]}],[{"start":0,"end":22,"url":null,"entity_id":"Q3031994","candidates":[]}],[{"start":0,"end":5,"url":null,"entity_id":"Q1814208","candidates":[]}]],[[{"start":0,"end":21,"url":null,"entity_id":"Q7054760","candidates":[]}],[{"start":0,"end":21,"url":null,"entity_id":"Q1155989","candidates":[]}],[{"start":0,"end":5,"url":null,"entity_id":"Q1814208","candidates":[]}]],[[{"start":0,"end":22,"url":null,"entity_id":"Q7305911","candidates":[]}],[{"start":0,"end":25,"url":null,"entity_id":"Q2127426","candidates":[]}],[{"start":0,"end":12,"url":null,"entity_id":"Q1501071","candidates":[]}]],[[{"start":0,"end":21,"url":null,"entity_id":"Q7688392","candidates":[]}],[{"start":0,"end":21,"url":null,"entity_id":"Q801125","candidates":[]}],[{"start":0,"end":12,"url":null,"entity_id":"Q1501071","candidates":[]}]],[[{"start":0,"end":21,"url":null,"entity_id":"Q7898337","candidates":[]}],[{"start":0,"end":25,"url":null,"entity_id":"Q7122437","candidates":[]}],[{"start":0,"end":39,"url":null,"entity_id":"Q1473764","candidates":[]}]],[[{"start":0,"end":20,"url":null,"entity_id":"Q7568179","candidates":[]}],[{"start":0,"end":25,"url":null,"entity_id":"Q7122437","candidates":[]}],[{"start":0,"end":39,"url":null,"entity_id":"Q1473764","candidates":[]}]],[[{"start":0,"end":12,"url":null,"entity_id":"Q7511609","candidates":[]}],[{"start":0,"end":25,"url":null,"entity_id":"Q7122437","candidates":[]}],[{"start":0,"end":39,"url":null,"entity_id":"Q1473764","candidates":[]}]],[[{"start":0,"end":12,"url":null,"entity_id":"Q7511485","candidates":[]}],[{"start":0,"end":25,"url":null,"entity_id":"Q7122437","candidates":[]}],[{"start":0,"end":39,"url":null,"entity_id":"Q1473764","candidates":[]}]],[[{"start":0,"end":8,"url":null,"entity_id":"Q7428693","candidates":[]}],[{"start":0,"end":25,"url":null,"entity_id":"Q7122437","candidates":[]}],[{"start":0,"end":39,"url":null,"entity_id":"Q1473764","candidates":[]}]]]}