{"version":"1.2","table":{"version":"2","table_id":"ZCZYEXG7","columns":[{"index":0,"name":"col0","values":["1984 Brabantse Pijl","1987 Brabantse Pijl","1995 Brabantse Pijl","1986 Brabantse Pijl","1978 Brabantse Pijl","1973 Brabantse Pijl","1992 Brabantse Pijl","1990 Brabantse Pijl","1994 Brabantse Pijl","1979 Brabantse Pijl","1977 Brabantse Pijl","1975 Brabantse Pijl","1981 Brabantse Pijl","1974 Brabantse Pijl","1991 Brabantse Pijl","1989 Brabantse Pijl","1993 Brabantse Pijl","1980 Brabantse Pijl","1976 Brabantse Pijl","1972 Brabantse Pijl"]},{"index":1,"name":"col1","values":["1983 Brabantse Pijl","1986 Brabantse Pijl","1994 Brabantse Pijl","1985 Brabantse Pijl","1977 Brabantse Pijl","1972 Brabantse Pijl","1991 Brabantse Pijl","1989 Brabantse Pijl","1993 Brabantse Pijl","1978 Brabantse Pijl","1976 Brabantse Pijl","1974 Brabantse Pijl","1980 Brabantse Pijl","1973 Brabantse Pijl","1990 Brabantse Pijl","1988 Brabantse Pijl","1992 Brabantse Pijl","1979 Brabantse Pijl","1975 Brabantse Pijl","1971 Brabantse Pijl"]},{"index":2,"name":"col2","values":["Paul Haghedooren","Edwig Van Hooydonck","Dimitri Konyshev","Eddy Planckaert","Herman Van Springel","Herman Van Springel","Johan Capiot","Johan Capiot","Gianni Bugno","Gerrie Knetemann","Gerrie Knetemann","Gerrie Knetemann","Roger De Vlaeminck","Freddy Maertens","Dirk De Wolf","Dirk De Wolf","Andrei Tchmil","Sean Kelly","Eddy Merckx","Eddy Merckx"]},{"index":3,"name":"col3","values":["1984-03-25","1987-03-29","1995-03-26","1986-03-23","1978-04-02","1973-03-25","1992-03-29","1990-03-25","1994-03-27","1979-03-25","1977-03-27","1975-03-23","1981-03-29","1974-03-24","1991-03-31","1989-03-26","1993-03-28","1980-03-23","1976-03-21","1972-03-26"]}]},"context":{"page_title":null,"page_url":null,"page_entity_id":null,"content_hierarchy":[]},"links":[[[{"start":0,"end":19,"url":null,"entity_id":"Q55601282","candidates":[]}],[{"start":0,"end":19,"url":null,"entity_id":"Q55601255","candidates":[]}],[{"start":0,"end":19,"url":null,"entity_id":"Q929884","candidates":[]}],[]],[[{"start":0,"end":19,"url":null,"entity_id":"Q57830524","candidates":[]}],[{"start":0,"end":19,"url":null,"entity_id":"Q57830523","candidates":[]}],[{"start":0,"end":16,"url":null,"entity_id":"Q712506","candidates":[]}],[]],[[{"start":0,"end":19,"url":null,"entity_id":"Q55601255","candidates":[]}],[{"start":0,"end":19,"url":null,"entity_id":"Q55601217","candidates":[]}],[{"start":0,"end":15,"url":null,"entity_id":"Q553552","candidates":[]}],[]],[[{"start":0,"end":19,"url":null,"entity_id":"Q57830518","candidates":[]}],[{"start":0,"end":19,"url":null,"entity_id":"Q57830517","candidates":[]}],[{"start":0,"end":19,"url":null,"entity_id":"Q499162","candidates":[]}],[]],[[{"start":0,"end":19,"url":null,"entity_id":"Q57830512","candidates":[]}],[{"start":0,"end":19,"url":null,"entity_id":"Q57830511","candidates":[]}],[{"start":0,"end":19,"url":null,"entity_id":"Q499162","candidates":[]}],[]],[[{"start":0,"end":19,"url":null,"entity_id":"Q55601413","candidates":[]}],[{"start":0,"end":19,"url":null,"entity_id":"Q55601380","candidates":[]}],[{"start":0,"end":12,"url":null,"entity_id":"Q490658","candidates":[]}],[]],[[{"start":0,"end":19,"url":null,"entity_id":"Q55601367","candidates":[]}],[{"start":0,"end":19,"url":null,"entity_id":"Q55601338","candidates":[]}],[{"start":0,"end":12,"url":null,"entity_id":"Q490658","candidates":[]}],[]],[[{"start":0,"end":19,"url":null,"entity_id":"Q57830523","candidates":[]}],[{"start":0,"end":19,"url":null,"entity_id":"Q55601430","candidates":[]}],[{"start":0,"end":12,"url":null,"entity_id":"Q454923","candidates":[]}],[]],[[{"start":0,"end":19,"url":null,"entity_id":"Q57830519","candidates":[]}],[{"start":0,"end":19,"url":null,"entity_id":"Q57830518","candidates":[]}],[{"start":0,"end":16,"url":null,"entity_id":"Q454639","candidates":[]}],[]],[[{"start":0,"end":19,"url":null,"entity_id":"Q57830517","candidates":[]}],[{"start":0,"end":19,"url":null,"entity_id":"Q57830516","candidates":[]}],[{"start":0,"end":16,"url":null,"entity_id":"Q454639","candidates":[]}],[]],[[{"start":0,"end":19,"url":null,"entity_id":"Q57830514","candidates":[]}],[{"start":0,"end":19,"url":null,"entity_id":"Q57830513","candidates":[]}],[{"start":0,"end":16,"url":null,"entity_id":"Q454639","candidates":[]}],[]],[[{"start":0,"end":19,"url":null,"entity_id":"Q57830521","candidates":[]}],[{"start":0,"end":19,"url":null,"entity_id":"Q57830520","candidates":[]}],[{"start":0,"end":18,"url":null,"entity_id":"Q378334","candidates":[]}],[]],[[{"start":0,"end":19,"url":null,"entity_id":"Q57830513","candidates":[]}],[{"start":0,"end":19,"url":null,"entity_id":"Q57830512","candidates":[]}],[{"start":0,"end":15,"url":null,"entity_id":"Q378319","candidates":[]}],[]],[[{"start":0,"end":19,"url":null,"entity_id":"Q55601380","candidates":[]}],[{"start":0,"end":19,"url":null,"entity_id":"Q55601367","candidates":[]}],[{"start":0,"end":12,"url":null,"entity_id":"Q336978","candidates":[]}],[]],[[{"start":0,"end":19,"url":null,"entity_id":"Q55601338","candidates":[]}],[{"start":0,"end":19,"url":null,"entity_id":"Q55601315","candidates":[]}],[{"start":0,"end":12,"url":null,"entity_id":"Q336978","candidates":[]}],[]],[[{"start":0,"end":19,"url":null,"entity_id":"Q55601430","candidates":[]}],[{"start":0,"end":19,"url":null,"entity_id":"Q55601413","candidates":[]}],[{"start":0,"end":13,"url":null,"entity_id":"Q269362","candidates":[]}],[]],[[{"start":0,"end":19,"url":null,"entity_id":"Q57830520","candidates":[]}],[{"start":0,"end":19,"url":null,"entity_id":"Q57830519","candidates":[]}],[{"start":0,"end":10,"url":null,"entity_id":"Q156707","candidates":[]}],[]],[[{"start":0,"end":19,"url":null,"entity_id":"Q57830516","candidates":[]}],[{"start":0,"end":19,"url":null,"entity_id":"Q57830514","candidates":[]}],[{"start":0,"end":11,"url":null,"entity_id":"Q103756","candidates":[]}],[]],[[{"start":0,"end":19,"url":null,"entity_id":"Q57830511","candidates":[]}],[{"start":0,"end":19,"url":null,"entity_id":"Q57830510","candidates":[]}],[{"start":0,"end":11,"url":null,"entity_id":"Q103756","candidates":[]}],[]],[[{"start":0,"end":19,"url":null,"entity_id":"Q55601193","candidates":[]}],[{"start":0,"end":19,"url":null,"entity_id":"Q55601157","candidates":[]}],[{"start":0,"end":16,"url":null,"entity_id":"Q974829","candidates":[]}],[]]]}