{"version":"1.2","table":{"version":"2","table_id":"ZD47TY60","columns":[{"index":0,"name":"col0","values":["omalhaut A","JD 186302","Keler-23","83Cancri","AT-P-8","Nu2 Lpi","31 Aqvilae","39Cancri","50 Canri","Moldoyeanu","47 Ursae Majoriv","3 Librae","Eta Urae Minoris","Atair","L2 Pupqis","Beta Andromede","Deneb","HD 376986","HD 2169","ADS 7251B"]},{"index":1,"name":"col1","values":["1.85185","0.96612","1.5124","1.3052000000000001","1.5705200000000001","0.9801","1.3707259999999999","1.8108","1.6765999999999999","0.927072","1.1825479999999997","1.2525","1.92807","1.7169999999999999","124.10699999999999","130.0","203.20299999999997","0.784346","0.9080999999999999","0.64675"]},{"index":2,"name":"col2","values":["-29.32601466267","-70.1879735044555","49.924550105189155","17.652148725434923","35.44711304530888","-48.31762846777028","11.968300577011709","9.48844095674709","12.097842971172005","27.916034962665993","40.51111673158216","-25.23342048194492","75.45232288940521","8.91266280198","-44.95221788517054","35.549316535698","45.506740501035","-10.977661786115853","-58.32368007959139","52.79173553683462"]},{"index":3,"name":"col3","values":["6.565","-0.9729099999999998","-24.576800000000002","-12.72271","-22.15104","-68.490936","-99.66838","22.0337","23.1602","2.57024","11.46568","5.076918","-10.923","-26.866000000000003","53.424","0.12961","-4.8853","37.575698","39.794430000000006","12.075840000000001"]},{"index":4,"name":"col4","values":["7717.026","5642.692","5776.416","6131.7119999999995","6484.5","5654.866","5683.0","9888.98","8183.313","5700.355","5809.242","5733.582","6767.636","7421.262","3475.5","3739.428","8778.3","5062.188999999999","5445.0","3725.37"]},{"index":5,"name":"col5","values":["-163.02329999999998","-38.55516","2.243904","-135.40026","15.017904","-1624.047","639.518726","-38.113316000000005","-63.135270000000006","-17.300046000000002","-320.50077799999997","-404.31108","-77.84227499999999","387.21644999999995","109.156545","-112.64880000000001","1.8444500000000001","-234.72746500000002","95.40518399999999","-1568.4016370000002"]}]},"context":{"page_title":null,"page_url":null,"page_entity_id":null,"content_hierarchy":[]},"links":[[[{"start":0,"end":9,"url":null,"entity_id":"Q59121867","candidates":[]}],[],[],[],[],[]],[[{"start":0,"end":8,"url":null,"entity_id":"Q4042141","candidates":[]}],[],[],[],[],[]],[[{"start":0,"end":8,"url":null,"entity_id":"Q4032570","candidates":[]}],[],[],[],[],[]],[[{"start":0,"end":6,"url":null,"entity_id":"Q2667524","candidates":[]}],[],[],[],[],[]],[[{"start":0,"end":7,"url":null,"entity_id":"Q2661089","candidates":[]}],[],[],[],[],[]],[[{"start":0,"end":10,"url":null,"entity_id":"Q2545903","candidates":[]}],[],[],[],[],[]],[[{"start":0,"end":8,"url":null,"entity_id":"Q1115923","candidates":[]}],[],[],[],[],[]],[[{"start":0,"end":8,"url":null,"entity_id":"Q936813","candidates":[]}],[],[],[],[],[]],[[{"start":0,"end":10,"url":null,"entity_id":"Q279407","candidates":[]}],[],[],[],[],[]],[[{"start":0,"end":16,"url":null,"entity_id":"Q236654","candidates":[]}],[],[],[],[],[]],[[{"start":0,"end":8,"url":null,"entity_id":"Q216257","candidates":[]}],[],[],[],[],[]],[[{"start":0,"end":16,"url":null,"entity_id":"Q14067","candidates":[]}],[],[],[],[],[]],[[{"start":0,"end":5,"url":null,"entity_id":"Q12975","candidates":[]}],[],[],[],[],[]],[[{"start":0,"end":9,"url":null,"entity_id":"Q2608924","candidates":[]}],[],[],[],[],[]],[[{"start":0,"end":14,"url":null,"entity_id":"Q13043","candidates":[]}],[],[],[],[],[]],[[{"start":0,"end":5,"url":null,"entity_id":"Q12179","candidates":[]}],[],[],[],[],[]],[[{"start":0,"end":9,"url":null,"entity_id":"Q46993062","candidates":[]}],[],[],[],[],[]],[[{"start":0,"end":7,"url":null,"entity_id":"Q30895621","candidates":[]}],[],[],[],[],[]],[[{"start":0,"end":9,"url":null,"entity_id":"Q20669492","candidates":[]}],[],[],[],[],[]],[[{"start":0,"end":10,"url":null,"entity_id":"Q76446963","candidates":[]}],[],[],[],[],[]]]}