{"version":"1.2","table":{"version":"2","table_id":"ZFGL5MXP","columns":[{"index":0,"name":"col0","values":["Bronze Medal for Work Merit (Spain)","Gold Medal of Madrid","Gold Medal of Work Merit (Spain)","Cannes Film Festival Award for Best Actress in a Supporting Role","Medal of the Community of Madrid","Eisner Award category","British Academy Television Award for Best Actor","British Academy Television Award for Best Supporting Actor","British Academy Television Award for Best Actress","British Academy Television Award for Best Comedy","British Academy Television Award for Best Supporting Actress","Primetime Emmy Award for Outstanding Writing for a Variety, Music or Comedy Program","Princess of Asturias Awards","Académie des Grands Québécois","Nobel Prize","World Fantasy Award for Best Novella","Golden Arena for Best Actress","British Academy Television Award for Best Comedy Performance","Silver Medal of Work Merit (Spain)","The culture ministry's prize for youth and children's literature"]},{"index":1,"name":"col1","values":["Ministry of Labor, Migration and Social Security","City Council of Madrid","Council of Ministers of Spain","Cannes Film Festival","Government of the Community of Madrid","Eisner Award committee","British Academy of Film and Television Arts","British Academy of Film and Television Arts","British Academy of Film and Television Arts","British Academy of Film and Television Arts","British Academy of Film and Television Arts","Academy of Television Arts & Sciences","Princess of Asturias Foundation","Chambre de commerce et d'industrie de Québec","Royal Swedish Academy of Sciences","World Fantasy Convention","Pula Film Festival","British Academy of Film and Television Arts","Council of Ministers of Spain","Ministry of Culture of Norway"]},{"index":2,"name":"col2","values":["bronze medal","gold medal","gold medal","Cannes Film Festival Award","Gold Medal of the Community of Madrid","Eisner Award","British Academy Television Awards","British Academy Television Awards","British Academy Television Awards","British Academy Television Awards","British Academy Television Awards","Primetime Emmy Award","award","award","award","World Fantasy Award","Golden Arenas Awards","British Academy Television Awards","silver medal","literary award"]}]},"context":{"page_title":null,"page_url":null,"page_entity_id":null,"content_hierarchy":[]},"links":[[[{"start":0,"end":20,"url":null,"entity_id":"Q41834600","candidates":[]}],[{"start":0,"end":22,"url":null,"entity_id":"Q3773976","candidates":[]}],[{"start":0,"end":10,"url":null,"entity_id":"Q406039","candidates":[]}]],[[{"start":0,"end":32,"url":null,"entity_id":"Q39946570","candidates":[]}],[{"start":0,"end":29,"url":null,"entity_id":"Q3058576","candidates":[]}],[{"start":0,"end":10,"url":null,"entity_id":"Q406039","candidates":[]}]],[[{"start":0,"end":64,"url":null,"entity_id":"Q57376112","candidates":[]}],[{"start":0,"end":20,"url":null,"entity_id":"Q42369","candidates":[]}],[{"start":0,"end":26,"url":null,"entity_id":"Q28444913","candidates":[]}]],[[{"start":0,"end":32,"url":null,"entity_id":"Q52223392","candidates":[]}],[{"start":0,"end":37,"url":null,"entity_id":"Q578788","candidates":[]}],[{"start":0,"end":37,"url":null,"entity_id":"Q9031022","candidates":[]}]],[[{"start":0,"end":21,"url":null,"entity_id":"Q64658361","candidates":[]}],[{"start":0,"end":22,"url":null,"entity_id":"Q64658363","candidates":[]}],[{"start":0,"end":12,"url":null,"entity_id":"Q842614","candidates":[]}]],[[{"start":0,"end":47,"url":null,"entity_id":"Q2925701","candidates":[]}],[{"start":0,"end":43,"url":null,"entity_id":"Q159661","candidates":[]}],[{"start":0,"end":33,"url":null,"entity_id":"Q1369077","candidates":[]}]],[[{"start":0,"end":58,"url":null,"entity_id":"Q2925700","candidates":[]}],[{"start":0,"end":43,"url":null,"entity_id":"Q159661","candidates":[]}],[{"start":0,"end":33,"url":null,"entity_id":"Q1369077","candidates":[]}]],[[{"start":0,"end":49,"url":null,"entity_id":"Q2925697","candidates":[]}],[{"start":0,"end":43,"url":null,"entity_id":"Q159661","candidates":[]}],[{"start":0,"end":33,"url":null,"entity_id":"Q1369077","candidates":[]}]],[[{"start":0,"end":48,"url":null,"entity_id":"Q2925696","candidates":[]}],[{"start":0,"end":43,"url":null,"entity_id":"Q159661","candidates":[]}],[{"start":0,"end":33,"url":null,"entity_id":"Q1369077","candidates":[]}]],[[{"start":0,"end":60,"url":null,"entity_id":"Q2925695","candidates":[]}],[{"start":0,"end":43,"url":null,"entity_id":"Q159661","candidates":[]}],[{"start":0,"end":33,"url":null,"entity_id":"Q1369077","candidates":[]}]],[[{"start":0,"end":83,"url":null,"entity_id":"Q1265782","candidates":[]}],[{"start":0,"end":37,"url":null,"entity_id":"Q427611","candidates":[]}],[{"start":0,"end":20,"url":null,"entity_id":"Q1044427","candidates":[]}]],[[{"start":0,"end":27,"url":null,"entity_id":"Q329157","candidates":[]}],[{"start":0,"end":31,"url":null,"entity_id":"Q5871440","candidates":[]}],[{"start":0,"end":5,"url":null,"entity_id":"Q618779","candidates":[]}]],[[{"start":0,"end":29,"url":null,"entity_id":"Q2822362","candidates":[]}],[{"start":0,"end":44,"url":null,"entity_id":"Q2948152","candidates":[]}],[{"start":0,"end":5,"url":null,"entity_id":"Q618779","candidates":[]}]],[[{"start":0,"end":11,"url":null,"entity_id":"Q7191","candidates":[]}],[{"start":0,"end":33,"url":null,"entity_id":"Q191583","candidates":[]}],[{"start":0,"end":5,"url":null,"entity_id":"Q618779","candidates":[]}]],[[{"start":0,"end":36,"url":null,"entity_id":"Q3405409","candidates":[]}],[{"start":0,"end":24,"url":null,"entity_id":"Q1419048","candidates":[]}],[{"start":0,"end":19,"url":null,"entity_id":"Q594886","candidates":[]}]],[[{"start":0,"end":29,"url":null,"entity_id":"Q5579144","candidates":[]}],[{"start":0,"end":18,"url":null,"entity_id":"Q1262315","candidates":[]}],[{"start":0,"end":20,"url":null,"entity_id":"Q28054047","candidates":[]}]],[[{"start":0,"end":60,"url":null,"entity_id":"Q4969375","candidates":[]}],[{"start":0,"end":43,"url":null,"entity_id":"Q159661","candidates":[]}],[{"start":0,"end":33,"url":null,"entity_id":"Q1369077","candidates":[]}]],[[{"start":0,"end":34,"url":null,"entity_id":"Q6008424","candidates":[]}],[{"start":0,"end":29,"url":null,"entity_id":"Q3058576","candidates":[]}],[{"start":0,"end":12,"url":null,"entity_id":"Q847956","candidates":[]}]],[[{"start":0,"end":64,"url":null,"entity_id":"Q4377073","candidates":[]}],[{"start":0,"end":29,"url":null,"entity_id":"Q1769421","candidates":[]}],[{"start":0,"end":14,"url":null,"entity_id":"Q378427","candidates":[]}]],[[{"start":0,"end":35,"url":null,"entity_id":"Q48540308","candidates":[]}],[{"start":0,"end":48,"url":null,"entity_id":"Q3113880","candidates":[]}],[{"start":0,"end":12,"url":null,"entity_id":"Q873364","candidates":[]}]]]}