{"version":"1.2","table":{"version":"2","table_id":"ZGS95CQZ","columns":[{"index":0,"name":"col0","values":["Peniarth MS 21","Peniarth MS 19","Peniarth MS 18","Peniarth MS 17","Peniarth MS 16","Peniarth MS 15","Peniarth MS 14","Peniarth MS 13","Peniarth MS 12","Peniarth MS 11","Peniarth MS 10","Peniarth MS 9","Peniarth MS 8","Libro de los Epítomes","Gospel (4814)","Armenian Regulation book  (2964)","Gospel (4823)","Interpretation of Esayi (4825, Gevorg Skevratsi)","1783 Catalog of Books","Mekhitar Bible"]},{"index":1,"name":"col1","values":["49","160","80","44","67","84","204","78","88","289","76","68","141","1964","266","254","319","208","246","1280"]},{"index":2,"name":"col2","values":["235","203","172","179","174","177","166","229","232","229","191","184","197","14","30","22","36","24","7.25","32"]}]},"context":{"page_title":null,"page_url":null,"page_entity_id":null,"content_hierarchy":[]},"links":[[[{"start":0,"end":14,"url":null,"entity_id":"Q64359336","candidates":[]}],[],[]],[[{"start":0,"end":14,"url":null,"entity_id":"Q64359335","candidates":[]}],[],[]],[[{"start":0,"end":14,"url":null,"entity_id":"Q64359333","candidates":[]}],[],[]],[[{"start":0,"end":14,"url":null,"entity_id":"Q64359331","candidates":[]}],[],[]],[[{"start":0,"end":14,"url":null,"entity_id":"Q64359330","candidates":[]}],[],[]],[[{"start":0,"end":14,"url":null,"entity_id":"Q64359329","candidates":[]}],[],[]],[[{"start":0,"end":14,"url":null,"entity_id":"Q64359327","candidates":[]}],[],[]],[[{"start":0,"end":14,"url":null,"entity_id":"Q64359326","candidates":[]}],[],[]],[[{"start":0,"end":14,"url":null,"entity_id":"Q64359324","candidates":[]}],[],[]],[[{"start":0,"end":14,"url":null,"entity_id":"Q64359323","candidates":[]}],[],[]],[[{"start":0,"end":13,"url":null,"entity_id":"Q64359322","candidates":[]}],[],[]],[[{"start":0,"end":13,"url":null,"entity_id":"Q64359321","candidates":[]}],[],[]],[[{"start":0,"end":21,"url":null,"entity_id":"Q63220757","candidates":[]}],[],[]],[[{"start":0,"end":13,"url":null,"entity_id":"Q59617470","candidates":[]}],[],[]],[[{"start":0,"end":32,"url":null,"entity_id":"Q59557557","candidates":[]}],[],[]],[[{"start":0,"end":13,"url":null,"entity_id":"Q59555978","candidates":[]}],[],[]],[[{"start":0,"end":48,"url":null,"entity_id":"Q59555893","candidates":[]}],[],[]],[[{"start":0,"end":21,"url":null,"entity_id":"Q57321524","candidates":[]}],[],[]],[[{"start":0,"end":14,"url":null,"entity_id":"Q56696969","candidates":[]}],[],[]],[[{"start":0,"end":14,"url":null,"entity_id":"Q64359337","candidates":[]}],[],[]]]}