{"version":"1.2","table":{"version":"2","table_id":"ZHGQCE4N","columns":[{"index":0,"name":"col0","values":["IC 1311","IC 2714","IC 2488","NGC 6281","NGC 6268","NGC 6425","NGC 7245","NGC 5662","NGC 5460","NGC 5316","NGC 5138","NGC 3228","NGC 1901","NGC 1883","NGC 2547","NGC 2232","NGC 1662","NGC 1545","NGC 1342","NGC 2546"]},{"index":1,"name":"col1","values":["-0.15","0.02","0.08","0.06","0.14","0.16","-0.15","0.04","0.03","0.13","0.12","0.01","-0.08","-0.04","-0.14","0.11","-0.11","-0.06","-0.13","0.01"]},{"index":2,"name":"col2","values":["6.5","1238","1134","494","1029","778","2.1","1037.528","772.681","1215","1986","499","409","3.9","457","325","437","711","665","919"]}]},"context":{"page_title":null,"page_url":null,"page_entity_id":null,"content_hierarchy":[]},"links":[[[{"start":0,"end":7,"url":null,"entity_id":"Q3102281","candidates":[]}],[],[]],[[{"start":0,"end":7,"url":null,"entity_id":"Q2355704","candidates":[]}],[],[]],[[{"start":0,"end":8,"url":null,"entity_id":"Q1995668","candidates":[]}],[],[]],[[{"start":0,"end":8,"url":null,"entity_id":"Q1432311","candidates":[]}],[],[]],[[{"start":0,"end":8,"url":null,"entity_id":"Q1422665","candidates":[]}],[],[]],[[{"start":0,"end":8,"url":null,"entity_id":"Q1150450","candidates":[]}],[],[]],[[{"start":0,"end":8,"url":null,"entity_id":"Q1121822","candidates":[]}],[],[]],[[{"start":0,"end":8,"url":null,"entity_id":"Q1119931","candidates":[]}],[],[]],[[{"start":0,"end":8,"url":null,"entity_id":"Q1118713","candidates":[]}],[],[]],[[{"start":0,"end":8,"url":null,"entity_id":"Q1117227","candidates":[]}],[],[]],[[{"start":0,"end":8,"url":null,"entity_id":"Q1103686","candidates":[]}],[],[]],[[{"start":0,"end":8,"url":null,"entity_id":"Q1045930","candidates":[]}],[],[]],[[{"start":0,"end":8,"url":null,"entity_id":"Q1045843","candidates":[]}],[],[]],[[{"start":0,"end":8,"url":null,"entity_id":"Q1049647","candidates":[]}],[],[]],[[{"start":0,"end":8,"url":null,"entity_id":"Q1047630","candidates":[]}],[],[]],[[{"start":0,"end":8,"url":null,"entity_id":"Q1044601","candidates":[]}],[],[]],[[{"start":0,"end":8,"url":null,"entity_id":"Q1043959","candidates":[]}],[],[]],[[{"start":0,"end":8,"url":null,"entity_id":"Q1042358","candidates":[]}],[],[]],[[{"start":0,"end":8,"url":null,"entity_id":"Q949979","candidates":[]}],[],[]],[[{"start":0,"end":7,"url":null,"entity_id":"Q3710567","candidates":[]}],[],[]]]}