{"version":"1.2","table":{"version":"2","table_id":"ZM3MUSM8","columns":[{"index":0,"name":"col0","values":["Washingtrn Township","Hamilton Trwnship","iberty Township","Rige Township","Union Townsip","Goshen Vownship","Willlamsburg Township","Richland Townshlp","Cay Township","Perry Townthip","Scott Townthip","Pike Townshi","Lougon Township","Spingfield Township","Mebd Township","Pleasant Townshp","Le Township","FlushingTownship","Saybrook Townskip","York Townsip"]},{"index":1,"name":"col1","values":["94.0","13.888","36.7367","36.145199999999996","75.9024","45.975899999999996","80.13510000000001","151.13459999999998","79.20649999999999","72.21","54.645300000000006","64.135","65.238","83.04069999999999","82.253","110.12939999999999","65.107","80.44059999999999","81.9225","97.1835"]},{"index":2,"name":"col2","values":["231.06099999999998","212.574","320.712","239.76","270.68","310.752","231.69299999999998","360.914","305.91","386.92499999999995","282.296","287.0","359.78999999999996","319.59","326.62499999999994","366.184","237.048","324.61499999999995","192.19199999999998","252.25499999999997"]}]},"context":{"page_title":null,"page_url":null,"page_entity_id":null,"content_hierarchy":[]},"links":[[[{"start":0,"end":17,"url":null,"entity_id":"Q927056","candidates":[]}],[],[]],[[{"start":0,"end":15,"url":null,"entity_id":"Q927031","candidates":[]}],[],[]],[[{"start":0,"end":13,"url":null,"entity_id":"Q926280","candidates":[]}],[],[]],[[{"start":0,"end":13,"url":null,"entity_id":"Q926258","candidates":[]}],[],[]],[[{"start":0,"end":15,"url":null,"entity_id":"Q926241","candidates":[]}],[],[]],[[{"start":0,"end":21,"url":null,"entity_id":"Q926228","candidates":[]}],[],[]],[[{"start":0,"end":17,"url":null,"entity_id":"Q925883","candidates":[]}],[],[]],[[{"start":0,"end":12,"url":null,"entity_id":"Q925868","candidates":[]}],[],[]],[[{"start":0,"end":14,"url":null,"entity_id":"Q925851","candidates":[]}],[],[]],[[{"start":0,"end":14,"url":null,"entity_id":"Q925838","candidates":[]}],[],[]],[[{"start":0,"end":12,"url":null,"entity_id":"Q925835","candidates":[]}],[],[]],[[{"start":0,"end":15,"url":null,"entity_id":"Q925793","candidates":[]}],[],[]],[[{"start":0,"end":19,"url":null,"entity_id":"Q925775","candidates":[]}],[],[]],[[{"start":0,"end":13,"url":null,"entity_id":"Q925762","candidates":[]}],[],[]],[[{"start":0,"end":16,"url":null,"entity_id":"Q925751","candidates":[]}],[],[]],[[{"start":0,"end":11,"url":null,"entity_id":"Q925738","candidates":[]}],[],[]],[[{"start":0,"end":16,"url":null,"entity_id":"Q925727","candidates":[]}],[],[]],[[{"start":0,"end":17,"url":null,"entity_id":"Q925714","candidates":[]}],[],[]],[[{"start":0,"end":12,"url":null,"entity_id":"Q925703","candidates":[]}],[],[]],[[{"start":0,"end":19,"url":null,"entity_id":"Q928752","candidates":[]}],[],[]]]}