{"version":"1.2","table":{"version":"2","table_id":"ZM880ULQ","columns":[{"index":0,"name":"col0","values":["Tiy C Compiler","Glasgow HaskellCompiler","SmartEiffe","Fe Pascal","GNU Copiler Collection","Watco C/C++ ompile","LLVM","SWI/Prolog","Ypsklon","XRuby","Tubo C++","Virtua Pascal","Sthel Bank Common Lisp","CMU Commrn Lisp","MILEPOST GC","Opeq64","flat assemble","DJGPP","MinGW","FreeASIC"]},{"index":1,"name":"col1","values":["GNU Lesser General Public License, version 2.1","3-clause BSD License","GNU General Public License, version 2.0","GNU General Public License, version 2.0","GNU General Public License, version 3.0","Sybase Open Watcom Public License","Apache License","GNU Lesser General Public License","BSD licenses","BSD licenses","freeware","freeware","public domain","public domain","GNU General Public License","GNU General Public License","GNU General Public License","GNU General Public License","GNU General Public License","GNU General Public License"]},{"index":2,"name":"col2","values":["2002/01/01","1989/01/01","1994/01/01","1997/01/01","1987/05/23","2003/01/08","2003/10/24","1987/01/01","2008/08/01","2006/09/08","1990/05/01","1995/06/01","1999/01/01","1980/01/01","2009/01/01","2002/01/01","1999/01/01","1989/01/01","1998/07/01","2004/01/01"]}]},"context":{"page_title":null,"page_url":null,"page_entity_id":null,"content_hierarchy":[]},"links":[[[{"start":0,"end":23,"url":null,"entity_id":"Q2318908","candidates":[]}],[{"start":0,"end":20,"url":null,"entity_id":"Q18491847","candidates":[]}],[]],[[{"start":0,"end":10,"url":null,"entity_id":"Q3486867","candidates":[]}],[{"start":0,"end":39,"url":null,"entity_id":"Q10513450","candidates":[]}],[]],[[{"start":0,"end":9,"url":null,"entity_id":"Q210295","candidates":[]}],[{"start":0,"end":39,"url":null,"entity_id":"Q10513450","candidates":[]}],[]],[[{"start":0,"end":22,"url":null,"entity_id":"Q178940","candidates":[]}],[{"start":0,"end":39,"url":null,"entity_id":"Q10513445","candidates":[]}],[]],[[{"start":0,"end":18,"url":null,"entity_id":"Q1059708","candidates":[]}],[{"start":0,"end":33,"url":null,"entity_id":"Q7659488","candidates":[]}],[]],[[{"start":0,"end":4,"url":null,"entity_id":"Q223490","candidates":[]}],[{"start":0,"end":14,"url":null,"entity_id":"Q616526","candidates":[]}],[]],[[{"start":0,"end":10,"url":null,"entity_id":"Q2665141","candidates":[]}],[{"start":0,"end":33,"url":null,"entity_id":"Q192897","candidates":[]}],[]],[[{"start":0,"end":7,"url":null,"entity_id":"Q8059471","candidates":[]}],[{"start":0,"end":12,"url":null,"entity_id":"Q191307","candidates":[]}],[]],[[{"start":0,"end":5,"url":null,"entity_id":"Q8042465","candidates":[]}],[{"start":0,"end":12,"url":null,"entity_id":"Q191307","candidates":[]}],[]],[[{"start":0,"end":8,"url":null,"entity_id":"Q1194352","candidates":[]}],[{"start":0,"end":8,"url":null,"entity_id":"Q178285","candidates":[]}],[]],[[{"start":0,"end":13,"url":null,"entity_id":"Q336135","candidates":[]}],[{"start":0,"end":8,"url":null,"entity_id":"Q178285","candidates":[]}],[]],[[{"start":0,"end":22,"url":null,"entity_id":"Q1427296","candidates":[]}],[{"start":0,"end":13,"url":null,"entity_id":"Q19652","candidates":[]}],[]],[[{"start":0,"end":15,"url":null,"entity_id":"Q1023897","candidates":[]}],[{"start":0,"end":13,"url":null,"entity_id":"Q19652","candidates":[]}],[]],[[{"start":0,"end":11,"url":null,"entity_id":"Q17082791","candidates":[]}],[{"start":0,"end":26,"url":null,"entity_id":"Q7603","candidates":[]}],[]],[[{"start":0,"end":6,"url":null,"entity_id":"Q1572180","candidates":[]}],[{"start":0,"end":26,"url":null,"entity_id":"Q7603","candidates":[]}],[]],[[{"start":0,"end":13,"url":null,"entity_id":"Q852086","candidates":[]}],[{"start":0,"end":26,"url":null,"entity_id":"Q7603","candidates":[]}],[]],[[{"start":0,"end":5,"url":null,"entity_id":"Q780172","candidates":[]}],[{"start":0,"end":26,"url":null,"entity_id":"Q7603","candidates":[]}],[]],[[{"start":0,"end":5,"url":null,"entity_id":"Q595758","candidates":[]}],[{"start":0,"end":26,"url":null,"entity_id":"Q7603","candidates":[]}],[]],[[{"start":0,"end":8,"url":null,"entity_id":"Q195929","candidates":[]}],[{"start":0,"end":26,"url":null,"entity_id":"Q7603","candidates":[]}],[]],[[{"start":0,"end":14,"url":null,"entity_id":"Q1730569","candidates":[]}],[{"start":0,"end":46,"url":null,"entity_id":"Q18534390","candidates":[]}],[]]]}