{"version":"1.2","table":{"version":"2","table_id":"ZMJ6XA2W","columns":[{"index":0,"name":"col0","values":["El Calafate","Choele Choel","Sarmiento","Palpalá","Gaiman, Chubut","Gualeguay","Concordia","Jesús María","Cosquín, Córdoba","Columbus","Esquel","Goya","Haifa","Rawson","Ushuaia","San Miguel de Tucumán","Santiago del Estero","Santa Fe","Río Gallegos","San Luis"]},{"index":1,"name":"col1","values":["1927-12-07","1879-01-01","1897-01-01","1948-04-17","1874-01-01","1783-01-01","1831-11-29","1868-01-01","1876-01-01","1863-01-01","1906-02-25","1807-01-01","1761-01-01","1865-01-01","1884-10-12","1565-01-01","1553-01-01","1573-11-25","1885-12-19","1594-01-01"]},{"index":2,"name":"col2","values":["Lago Argentino Department","Avellaneda Department","Sarmiento Department","Palpalá Department","Gaiman Department","Gualeguay Department","Concordia Department","Colón Department","Punilla Department","Colón Department","Futaleufú Department","Goya Department","Haifa District","Chubut Province","Tierra del Fuego Province","Tucumán Province","Santiago del Estero Province","Santa Fe Province","Santa Cruz Province","San Luis Province"]}]},"context":{"page_title":null,"page_url":null,"page_entity_id":null,"content_hierarchy":[]},"links":[[[{"start":0,"end":12,"url":null,"entity_id":"Q52522","candidates":[]}],[],[{"start":0,"end":21,"url":null,"entity_id":"Q1190249","candidates":[]}]],[[{"start":0,"end":9,"url":null,"entity_id":"Q106034","candidates":[]}],[],[{"start":0,"end":20,"url":null,"entity_id":"Q1088722","candidates":[]}]],[[{"start":0,"end":7,"url":null,"entity_id":"Q55385","candidates":[]}],[],[{"start":0,"end":18,"url":null,"entity_id":"Q1063359","candidates":[]}]],[[{"start":0,"end":14,"url":null,"entity_id":"Q106055","candidates":[]}],[],[{"start":0,"end":17,"url":null,"entity_id":"Q1007366","candidates":[]}]],[[{"start":0,"end":9,"url":null,"entity_id":"Q52602","candidates":[]}],[],[{"start":0,"end":20,"url":null,"entity_id":"Q908545","candidates":[]}]],[[{"start":0,"end":9,"url":null,"entity_id":"Q52578","candidates":[]}],[],[{"start":0,"end":20,"url":null,"entity_id":"Q868704","candidates":[]}]],[[{"start":0,"end":11,"url":null,"entity_id":"Q48288","candidates":[]}],[],[{"start":0,"end":16,"url":null,"entity_id":"Q868409","candidates":[]}]],[[{"start":0,"end":16,"url":null,"entity_id":"Q48290","candidates":[]}],[],[{"start":0,"end":18,"url":null,"entity_id":"Q589321","candidates":[]}]],[[{"start":0,"end":8,"url":null,"entity_id":"Q52591","candidates":[]}],[],[{"start":0,"end":16,"url":null,"entity_id":"Q426903","candidates":[]}]],[[{"start":0,"end":6,"url":null,"entity_id":"Q81656","candidates":[]}],[],[{"start":0,"end":20,"url":null,"entity_id":"Q374155","candidates":[]}]],[[{"start":0,"end":4,"url":null,"entity_id":"Q55862","candidates":[]}],[],[{"start":0,"end":15,"url":null,"entity_id":"Q372623","candidates":[]}]],[[{"start":0,"end":5,"url":null,"entity_id":"Q41621","candidates":[]}],[],[{"start":0,"end":14,"url":null,"entity_id":"Q185845","candidates":[]}]],[[{"start":0,"end":6,"url":null,"entity_id":"Q44208","candidates":[]}],[],[{"start":0,"end":15,"url":null,"entity_id":"Q45007","candidates":[]}]],[[{"start":0,"end":7,"url":null,"entity_id":"Q44254","candidates":[]}],[],[{"start":0,"end":25,"url":null,"entity_id":"Q44832","candidates":[]}]],[[{"start":0,"end":21,"url":null,"entity_id":"Q44255","candidates":[]}],[],[{"start":0,"end":16,"url":null,"entity_id":"Q44829","candidates":[]}]],[[{"start":0,"end":19,"url":null,"entity_id":"Q44253","candidates":[]}],[],[{"start":0,"end":28,"url":null,"entity_id":"Q44827","candidates":[]}]],[[{"start":0,"end":8,"url":null,"entity_id":"Q44244","candidates":[]}],[],[{"start":0,"end":17,"url":null,"entity_id":"Q44823","candidates":[]}]],[[{"start":0,"end":12,"url":null,"entity_id":"Q44242","candidates":[]}],[],[{"start":0,"end":19,"url":null,"entity_id":"Q44821","candidates":[]}]],[[{"start":0,"end":8,"url":null,"entity_id":"Q44243","candidates":[]}],[],[{"start":0,"end":17,"url":null,"entity_id":"Q44818","candidates":[]}]],[[{"start":0,"end":11,"url":null,"entity_id":"Q81561","candidates":[]}],[],[{"start":0,"end":25,"url":null,"entity_id":"Q1190713","candidates":[]}]]]}