{"version":"1.2","table":{"version":"2","table_id":"ZQQZD36B","columns":[{"index":0,"name":"col0","values":["watr supply","air transpt","U Activities of extraterritorial organsations and bodies","Activities of!households as employers; undifferentiated goods- and services-producing activities of households for own use","Other vervice activities","Arts, enterwainment and recreation","Human health and social work ctivities","egucatioq","Administrative and support servic activities","Professional, scientific and tenical activities","Information aqd communication","Tuanspostation and storage","Wholesale and reail trade; repair of motor vehicles and motorcycles","Electricity, gas, steam aod air conditioning supply","Agriclture, forestry and fishing","finncial services","hoeca","softwaue as a service","insurace","reccling"]},{"index":1,"name":"col1","values":["infrastructure","transport","industry classification","industry classification","industry classification","industry classification","industry classification","industry classification","industry classification","industry classification","industry classification","industry classification","industry classification","industry classification","industry classification","industry classification","tertiary sector of the economy","software","financial services","waste management process"]},{"index":2,"name":"col2","values":["water services","aviation","Statistical Classification of Economic Activities in the European Community","Statistical Classification of Economic Activities in the European Community","Statistical Classification of Economic Activities in the European Community","Statistical Classification of Economic Activities in the European Community","Statistical Classification of Economic Activities in the European Community","Statistical Classification of Economic Activities in the European Community","Statistical Classification of Economic Activities in the European Community","Statistical Classification of Economic Activities in the European Community","Statistical Classification of Economic Activities in the European Community","Statistical Classification of Economic Activities in the European Community","Statistical Classification of Economic Activities in the European Community","Statistical Classification of Economic Activities in the European Community","Statistical Classification of Economic Activities in the European Community","Statistical Classification of Economic Activities in the European Community","Statistical Classification of Economic Activities in the European Community","cloud computing","risk management","waste management"]}]},"context":{"page_title":null,"page_url":null,"page_entity_id":null,"content_hierarchy":[]},"links":[[[{"start":0,"end":11,"url":null,"entity_id":"Q1757562","candidates":[]}],[{"start":0,"end":9,"url":null,"entity_id":"Q40525757","candidates":[]}],[{"start":0,"end":8,"url":null,"entity_id":"Q765633","candidates":[]}]],[[{"start":0,"end":56,"url":null,"entity_id":"Q29584239","candidates":[]}],[{"start":0,"end":23,"url":null,"entity_id":"Q2976602","candidates":[]}],[{"start":0,"end":75,"url":null,"entity_id":"Q732298","candidates":[]}]],[[{"start":0,"end":122,"url":null,"entity_id":"Q29584238","candidates":[]}],[{"start":0,"end":23,"url":null,"entity_id":"Q2976602","candidates":[]}],[{"start":0,"end":75,"url":null,"entity_id":"Q732298","candidates":[]}]],[[{"start":0,"end":24,"url":null,"entity_id":"Q29584236","candidates":[]}],[{"start":0,"end":23,"url":null,"entity_id":"Q2976602","candidates":[]}],[{"start":0,"end":75,"url":null,"entity_id":"Q732298","candidates":[]}]],[[{"start":0,"end":34,"url":null,"entity_id":"Q29584234","candidates":[]}],[{"start":0,"end":23,"url":null,"entity_id":"Q2976602","candidates":[]}],[{"start":0,"end":75,"url":null,"entity_id":"Q732298","candidates":[]}]],[[{"start":0,"end":38,"url":null,"entity_id":"Q29584233","candidates":[]}],[{"start":0,"end":23,"url":null,"entity_id":"Q2976602","candidates":[]}],[{"start":0,"end":75,"url":null,"entity_id":"Q732298","candidates":[]}]],[[{"start":0,"end":9,"url":null,"entity_id":"Q29584231","candidates":[]}],[{"start":0,"end":23,"url":null,"entity_id":"Q2976602","candidates":[]}],[{"start":0,"end":75,"url":null,"entity_id":"Q732298","candidates":[]}]],[[{"start":0,"end":44,"url":null,"entity_id":"Q29584228","candidates":[]}],[{"start":0,"end":23,"url":null,"entity_id":"Q2976602","candidates":[]}],[{"start":0,"end":75,"url":null,"entity_id":"Q732298","candidates":[]}]],[[{"start":0,"end":47,"url":null,"entity_id":"Q29584227","candidates":[]}],[{"start":0,"end":23,"url":null,"entity_id":"Q2976602","candidates":[]}],[{"start":0,"end":75,"url":null,"entity_id":"Q732298","candidates":[]}]],[[{"start":0,"end":29,"url":null,"entity_id":"Q29584223","candidates":[]}],[{"start":0,"end":23,"url":null,"entity_id":"Q2976602","candidates":[]}],[{"start":0,"end":75,"url":null,"entity_id":"Q732298","candidates":[]}]],[[{"start":0,"end":26,"url":null,"entity_id":"Q29584220","candidates":[]}],[{"start":0,"end":23,"url":null,"entity_id":"Q2976602","candidates":[]}],[{"start":0,"end":75,"url":null,"entity_id":"Q732298","candidates":[]}]],[[{"start":0,"end":67,"url":null,"entity_id":"Q29584218","candidates":[]}],[{"start":0,"end":23,"url":null,"entity_id":"Q2976602","candidates":[]}],[{"start":0,"end":75,"url":null,"entity_id":"Q732298","candidates":[]}]],[[{"start":0,"end":51,"url":null,"entity_id":"Q29584213","candidates":[]}],[{"start":0,"end":23,"url":null,"entity_id":"Q2976602","candidates":[]}],[{"start":0,"end":75,"url":null,"entity_id":"Q732298","candidates":[]}]],[[{"start":0,"end":32,"url":null,"entity_id":"Q29584207","candidates":[]}],[{"start":0,"end":23,"url":null,"entity_id":"Q2976602","candidates":[]}],[{"start":0,"end":75,"url":null,"entity_id":"Q732298","candidates":[]}]],[[{"start":0,"end":17,"url":null,"entity_id":"Q837171","candidates":[]}],[{"start":0,"end":23,"url":null,"entity_id":"Q2976602","candidates":[]}],[{"start":0,"end":75,"url":null,"entity_id":"Q732298","candidates":[]}]],[[{"start":0,"end":5,"url":null,"entity_id":"Q1431026","candidates":[]}],[{"start":0,"end":30,"url":null,"entity_id":"Q55638","candidates":[]}],[{"start":0,"end":75,"url":null,"entity_id":"Q732298","candidates":[]}]],[[{"start":0,"end":21,"url":null,"entity_id":"Q1254596","candidates":[]}],[{"start":0,"end":8,"url":null,"entity_id":"Q7397","candidates":[]}],[{"start":0,"end":15,"url":null,"entity_id":"Q483639","candidates":[]}]],[[{"start":0,"end":8,"url":null,"entity_id":"Q43183","candidates":[]}],[{"start":0,"end":18,"url":null,"entity_id":"Q837171","candidates":[]}],[{"start":0,"end":15,"url":null,"entity_id":"Q189447","candidates":[]}]],[[{"start":0,"end":8,"url":null,"entity_id":"Q132580","candidates":[]}],[{"start":0,"end":24,"url":null,"entity_id":"Q37305821","candidates":[]}],[{"start":0,"end":16,"url":null,"entity_id":"Q180388","candidates":[]}]],[[{"start":0,"end":11,"url":null,"entity_id":"Q1061108","candidates":[]}],[{"start":0,"end":14,"url":null,"entity_id":"Q121359","candidates":[]}],[{"start":0,"end":14,"url":null,"entity_id":"Q18449863","candidates":[]}]]]}