{"version":"1.2","table":{"version":"2","table_id":"ZS3S9XNG","columns":[{"index":0,"name":"col0","values":["2016 German Badminton Championships","2015 German Badminton Championships","2020 German Badminton Championships","2014 German Badminton Championships","2013 German Badminton Championships","2009 German Badminton Championships","2005 German Badminton Championships","2003 German Badminton Championships","2001 German Badminton Championships","2000 German Badminton Championships","1998 German Badminton Championships","1996 German Badminton Championships","1993 German Badminton Championships","2026 German Badminton Championships","2025 German Badminton Championships","2024 German Badminton Championships","2023 German Badminton Championships","2022 German Badminton Championships","2021 German Badminton Championships","2019 German Badminton Championships"]},{"index":1,"name":"col1","values":["2015 German Badminton Championships","2014 German Badminton Championships","2019 German Badminton Championships","2013 German Badminton Championships","2012 German Badminton Championships","2008 German Badminton Championships","2004 German Badminton Championships","2002 German Badminton Championships","2000 German Badminton Championships","1999 German Badminton Championships","1997 German Badminton Championships","1995 German Badminton Championships","1992 German Badminton Championships","2025 German Badminton Championships","2024 German Badminton Championships","2023 German Badminton Championships","2022 German Badminton Championships","2021 German Badminton Championships","2020 German Badminton Championships","2018 German Badminton Championships"]},{"index":2,"name":"col2","values":["2016 German Badminton Championships – Men's singles","2015 German Badminton Championships – Men's singles","2020 German Badminton Championships – Men's doubles","2014 German Badminton Championships – Men's singles","2013 German Badminton Championships – Men's singles","2009 German Badminton Championships – Men's singles","2005 German Badminton Championships – Men's singles","2003 German Badminton Championships – Men's singles","2001 German Badminton Championships – Men's singles","2000 German Badminton Championships – Men's singles","1998 German Badminton Championships – Men's singles","1996 German Badminton Championships – Men's singles","1993 German Badminton Championships – Men's singles","2026 German Badminton Championships – Women's singles","2025 German Badminton Championships – Women's singles","2024 German Badminton Championships – Women's singles","2023 German Badminton Championships – Women's singles","2022 German Badminton Championships – Women's singles","2021 German Badminton Championships – Women's singles","2019 German Badminton Championships – Women's singles"]}]},"context":{"page_title":null,"page_url":null,"page_entity_id":null,"content_hierarchy":[]},"links":[[[{"start":0,"end":35,"url":null,"entity_id":"Q18936408","candidates":[]}],[{"start":0,"end":35,"url":null,"entity_id":"Q15708045","candidates":[]}],[{"start":0,"end":51,"url":null,"entity_id":"Q27607869","candidates":[]}]],[[{"start":0,"end":35,"url":null,"entity_id":"Q65725628","candidates":[]}],[{"start":0,"end":35,"url":null,"entity_id":"Q62606561","candidates":[]}],[{"start":0,"end":51,"url":null,"entity_id":"Q65725648","candidates":[]}]],[[{"start":0,"end":35,"url":null,"entity_id":"Q15708045","candidates":[]}],[{"start":0,"end":35,"url":null,"entity_id":"Q13506600","candidates":[]}],[{"start":0,"end":51,"url":null,"entity_id":"Q27607867","candidates":[]}]],[[{"start":0,"end":35,"url":null,"entity_id":"Q13506600","candidates":[]}],[{"start":0,"end":35,"url":null,"entity_id":"Q1202166","candidates":[]}],[{"start":0,"end":51,"url":null,"entity_id":"Q27607866","candidates":[]}]],[[{"start":0,"end":35,"url":null,"entity_id":"Q1202162","candidates":[]}],[{"start":0,"end":35,"url":null,"entity_id":"Q1202160","candidates":[]}],[{"start":0,"end":51,"url":null,"entity_id":"Q27607860","candidates":[]}]],[[{"start":0,"end":35,"url":null,"entity_id":"Q1202159","candidates":[]}],[{"start":0,"end":35,"url":null,"entity_id":"Q1202154","candidates":[]}],[{"start":0,"end":51,"url":null,"entity_id":"Q27607855","candidates":[]}]],[[{"start":0,"end":35,"url":null,"entity_id":"Q1202157","candidates":[]}],[{"start":0,"end":35,"url":null,"entity_id":"Q1202155","candidates":[]}],[{"start":0,"end":51,"url":null,"entity_id":"Q27607852","candidates":[]}]],[[{"start":0,"end":35,"url":null,"entity_id":"Q1202158","candidates":[]}],[{"start":0,"end":35,"url":null,"entity_id":"Q1202148","candidates":[]}],[{"start":0,"end":51,"url":null,"entity_id":"Q27607848","candidates":[]}]],[[{"start":0,"end":35,"url":null,"entity_id":"Q1202148","candidates":[]}],[{"start":0,"end":35,"url":null,"entity_id":"Q1202151","candidates":[]}],[{"start":0,"end":51,"url":null,"entity_id":"Q27607847","candidates":[]}]],[[{"start":0,"end":35,"url":null,"entity_id":"Q1202153","candidates":[]}],[{"start":0,"end":35,"url":null,"entity_id":"Q1202149","candidates":[]}],[{"start":0,"end":51,"url":null,"entity_id":"Q27607845","candidates":[]}]],[[{"start":0,"end":35,"url":null,"entity_id":"Q1202150","candidates":[]}],[{"start":0,"end":35,"url":null,"entity_id":"Q1202141","candidates":[]}],[{"start":0,"end":51,"url":null,"entity_id":"Q27607843","candidates":[]}]],[[{"start":0,"end":35,"url":null,"entity_id":"Q1202147","candidates":[]}],[{"start":0,"end":35,"url":null,"entity_id":"Q1202142","candidates":[]}],[{"start":0,"end":51,"url":null,"entity_id":"Q27607838","candidates":[]}]],[[{"start":0,"end":35,"url":null,"entity_id":"Q65725637","candidates":[]}],[{"start":0,"end":35,"url":null,"entity_id":"Q65725636","candidates":[]}],[{"start":0,"end":53,"url":null,"entity_id":"Q65725700","candidates":[]}]],[[{"start":0,"end":35,"url":null,"entity_id":"Q65725636","candidates":[]}],[{"start":0,"end":35,"url":null,"entity_id":"Q65725635","candidates":[]}],[{"start":0,"end":53,"url":null,"entity_id":"Q65725699","candidates":[]}]],[[{"start":0,"end":35,"url":null,"entity_id":"Q65725635","candidates":[]}],[{"start":0,"end":35,"url":null,"entity_id":"Q65725633","candidates":[]}],[{"start":0,"end":53,"url":null,"entity_id":"Q65725698","candidates":[]}]],[[{"start":0,"end":35,"url":null,"entity_id":"Q65725633","candidates":[]}],[{"start":0,"end":35,"url":null,"entity_id":"Q65725632","candidates":[]}],[{"start":0,"end":53,"url":null,"entity_id":"Q65725697","candidates":[]}]],[[{"start":0,"end":35,"url":null,"entity_id":"Q65725632","candidates":[]}],[{"start":0,"end":35,"url":null,"entity_id":"Q65725630","candidates":[]}],[{"start":0,"end":53,"url":null,"entity_id":"Q65725696","candidates":[]}]],[[{"start":0,"end":35,"url":null,"entity_id":"Q65725630","candidates":[]}],[{"start":0,"end":35,"url":null,"entity_id":"Q65725628","candidates":[]}],[{"start":0,"end":53,"url":null,"entity_id":"Q65725695","candidates":[]}]],[[{"start":0,"end":35,"url":null,"entity_id":"Q62606561","candidates":[]}],[{"start":0,"end":35,"url":null,"entity_id":"Q62606562","candidates":[]}],[{"start":0,"end":53,"url":null,"entity_id":"Q65725693","candidates":[]}]],[[{"start":0,"end":35,"url":null,"entity_id":"Q22670099","candidates":[]}],[{"start":0,"end":35,"url":null,"entity_id":"Q18936408","candidates":[]}],[{"start":0,"end":51,"url":null,"entity_id":"Q27607870","candidates":[]}]]]}