{"version":"1.2","table":{"version":"2","table_id":"ZTA5MFRE","columns":[{"index":0,"name":"col0","values":["2000 Swedish Open Badminton Championships","1999 Swedish Open Badminton Championships","1998 Swedish Open Badminton Championships","1995 Swedish Open Badminton Championships","1994 Swedish Open Badminton Championships","1989 Swedish Open Badminton Championships","1983 Swedish Open Badminton Championships","1982 Swedish Open Badminton Championships","1981 Swedish Open Badminton Championships","1974 Swedish Open Badminton Championships","1971 Swedish Open Badminton Championships","1970 Swedish Open Badminton Championships","1968 Swedish Open Badminton Championships","1966 Swedish Open Badminton Championships","1964 Swedish Open Badminton Championships","1963 Swedish Open Badminton Championships","1959 Swedish Open Badminton Championships","1957 Swedish Open Badminton Championships","1997 Swedish Open Badminton Championships","1990 Swedish Open Badminton Championships"]},{"index":1,"name":"col1","values":["open championship","open championship","open championship","open championship","open championship","open championship","open championship","open championship","open championship","open championship","open championship","open championship","open championship","open championship","open championship","open championship","open championship","open championship","open championship","open championship"]},{"index":2,"name":"col2","values":["1999 Swedish Open Badminton Championships","1998 Swedish Open Badminton Championships","1997 Swedish Open Badminton Championships","1994 Swedish Open Badminton Championships","1993 Swedish Open Badminton Championships","1988 Swedish Open Badminton Championships","1982 Swedish Open Badminton Championships","1981 Swedish Open Badminton Championships","1980 Swedish Open Badminton Championships","1973 Swedish Open Badminton Championships","1970 Swedish Open Badminton Championships","1969 Swedish Open Badminton Championships","1967 Swedish Open Badminton Championships","1965 Swedish Open Badminton Championships","1963 Swedish Open Badminton Championships","1962 Swedish Open Badminton Championships","1958 Swedish Open Badminton Championships","1956 Swedish Open Badminton Championships","1996 Swedish Open Badminton Championships","1989 Swedish Open Badminton Championships"]},{"index":3,"name":"col3","values":["badminton","badminton","badminton","badminton","badminton","badminton","badminton","badminton","badminton","badminton","badminton","badminton","badminton","badminton","badminton","badminton","badminton","badminton","badminton","badminton"]},{"index":4,"name":"col4","values":["2000 Swedish Open Badminton Championships – Men's singles","1999 Swedish Open Badminton Championships – Men's singles","1998 Swedish Open Badminton Championships – Men's singles","1995 Swedish Open Badminton Championships – Men's singles","1994 Swedish Open Badminton Championships – Men's singles","1989 Swedish Open Badminton Championships – Men's singles","1983 Swedish Open Badminton Championships – Men's singles","1982 Swedish Open Badminton Championships – Men's singles","1981 Swedish Open Badminton Championships – Men's singles","1974 Swedish Open Badminton Championships – Men's singles","1971 Swedish Open Badminton Championships – Men's singles","1970 Swedish Open Badminton Championships – Men's singles","1968 Swedish Open Badminton Championships – Men's singles","1966 Swedish Open Badminton Championships – Men's singles","1964 Swedish Open Badminton Championships – Men's singles","1963 Swedish Open Badminton Championships – Men's singles","1959 Swedish Open Badminton Championships – Men's singles","1957 Swedish Open Badminton Championships – Men's singles","1997 Swedish Open Badminton Championships – Men's singles","1990 Swedish Open Badminton Championships – Men's singles"]}]},"context":{"page_title":null,"page_url":null,"page_entity_id":null,"content_hierarchy":[]},"links":[[[{"start":0,"end":41,"url":null,"entity_id":"Q1392582","candidates":[]}],[{"start":0,"end":17,"url":null,"entity_id":"Q63869675","candidates":[]}],[{"start":0,"end":41,"url":null,"entity_id":"Q1531414","candidates":[]}],[{"start":0,"end":9,"url":null,"entity_id":"Q7291","candidates":[]}],[{"start":0,"end":57,"url":null,"entity_id":"Q27537582","candidates":[]}]],[[{"start":0,"end":41,"url":null,"entity_id":"Q1531414","candidates":[]}],[{"start":0,"end":17,"url":null,"entity_id":"Q63869675","candidates":[]}],[{"start":0,"end":41,"url":null,"entity_id":"Q2802411","candidates":[]}],[{"start":0,"end":9,"url":null,"entity_id":"Q7291","candidates":[]}],[{"start":0,"end":57,"url":null,"entity_id":"Q27537581","candidates":[]}]],[[{"start":0,"end":41,"url":null,"entity_id":"Q1423634","candidates":[]}],[{"start":0,"end":17,"url":null,"entity_id":"Q63869675","candidates":[]}],[{"start":0,"end":41,"url":null,"entity_id":"Q1413477","candidates":[]}],[{"start":0,"end":9,"url":null,"entity_id":"Q7291","candidates":[]}],[{"start":0,"end":57,"url":null,"entity_id":"Q27537578","candidates":[]}]],[[{"start":0,"end":41,"url":null,"entity_id":"Q1413477","candidates":[]}],[{"start":0,"end":17,"url":null,"entity_id":"Q63869675","candidates":[]}],[{"start":0,"end":41,"url":null,"entity_id":"Q2372385","candidates":[]}],[{"start":0,"end":9,"url":null,"entity_id":"Q7291","candidates":[]}],[{"start":0,"end":57,"url":null,"entity_id":"Q27537577","candidates":[]}]],[[{"start":0,"end":41,"url":null,"entity_id":"Q1457042","candidates":[]}],[{"start":0,"end":17,"url":null,"entity_id":"Q63869675","candidates":[]}],[{"start":0,"end":41,"url":null,"entity_id":"Q2372371","candidates":[]}],[{"start":0,"end":9,"url":null,"entity_id":"Q7291","candidates":[]}],[{"start":0,"end":57,"url":null,"entity_id":"Q27537572","candidates":[]}]],[[{"start":0,"end":41,"url":null,"entity_id":"Q1699017","candidates":[]}],[{"start":0,"end":17,"url":null,"entity_id":"Q63869675","candidates":[]}],[{"start":0,"end":41,"url":null,"entity_id":"Q1277616","candidates":[]}],[{"start":0,"end":9,"url":null,"entity_id":"Q7291","candidates":[]}],[{"start":0,"end":57,"url":null,"entity_id":"Q27537568","candidates":[]}]],[[{"start":0,"end":41,"url":null,"entity_id":"Q1277616","candidates":[]}],[{"start":0,"end":17,"url":null,"entity_id":"Q63869675","candidates":[]}],[{"start":0,"end":41,"url":null,"entity_id":"Q1721103","candidates":[]}],[{"start":0,"end":9,"url":null,"entity_id":"Q7291","candidates":[]}],[{"start":0,"end":57,"url":null,"entity_id":"Q27537567","candidates":[]}]],[[{"start":0,"end":41,"url":null,"entity_id":"Q1721103","candidates":[]}],[{"start":0,"end":17,"url":null,"entity_id":"Q63869675","candidates":[]}],[{"start":0,"end":41,"url":null,"entity_id":"Q2372365","candidates":[]}],[{"start":0,"end":9,"url":null,"entity_id":"Q7291","candidates":[]}],[{"start":0,"end":57,"url":null,"entity_id":"Q27537566","candidates":[]}]],[[{"start":0,"end":41,"url":null,"entity_id":"Q1622746","candidates":[]}],[{"start":0,"end":17,"url":null,"entity_id":"Q63869675","candidates":[]}],[{"start":0,"end":41,"url":null,"entity_id":"Q26995162","candidates":[]}],[{"start":0,"end":9,"url":null,"entity_id":"Q7291","candidates":[]}],[{"start":0,"end":57,"url":null,"entity_id":"Q27537558","candidates":[]}]],[[{"start":0,"end":41,"url":null,"entity_id":"Q1270704","candidates":[]}],[{"start":0,"end":17,"url":null,"entity_id":"Q63869675","candidates":[]}],[{"start":0,"end":41,"url":null,"entity_id":"Q1580945","candidates":[]}],[{"start":0,"end":9,"url":null,"entity_id":"Q7291","candidates":[]}],[{"start":0,"end":57,"url":null,"entity_id":"Q27537555","candidates":[]}]],[[{"start":0,"end":41,"url":null,"entity_id":"Q1580945","candidates":[]}],[{"start":0,"end":17,"url":null,"entity_id":"Q63869675","candidates":[]}],[{"start":0,"end":41,"url":null,"entity_id":"Q2372351","candidates":[]}],[{"start":0,"end":9,"url":null,"entity_id":"Q7291","candidates":[]}],[{"start":0,"end":57,"url":null,"entity_id":"Q27537554","candidates":[]}]],[[{"start":0,"end":41,"url":null,"entity_id":"Q1700184","candidates":[]}],[{"start":0,"end":17,"url":null,"entity_id":"Q63869675","candidates":[]}],[{"start":0,"end":41,"url":null,"entity_id":"Q2372350","candidates":[]}],[{"start":0,"end":9,"url":null,"entity_id":"Q7291","candidates":[]}],[{"start":0,"end":57,"url":null,"entity_id":"Q27537552","candidates":[]}]],[[{"start":0,"end":41,"url":null,"entity_id":"Q1600213","candidates":[]}],[{"start":0,"end":17,"url":null,"entity_id":"Q63869675","candidates":[]}],[{"start":0,"end":41,"url":null,"entity_id":"Q2372346","candidates":[]}],[{"start":0,"end":9,"url":null,"entity_id":"Q7291","candidates":[]}],[{"start":0,"end":57,"url":null,"entity_id":"Q27537550","candidates":[]}]],[[{"start":0,"end":41,"url":null,"entity_id":"Q1561845","candidates":[]}],[{"start":0,"end":17,"url":null,"entity_id":"Q63869675","candidates":[]}],[{"start":0,"end":41,"url":null,"entity_id":"Q1586599","candidates":[]}],[{"start":0,"end":9,"url":null,"entity_id":"Q7291","candidates":[]}],[{"start":0,"end":57,"url":null,"entity_id":"Q27537548","candidates":[]}]],[[{"start":0,"end":41,"url":null,"entity_id":"Q1586599","candidates":[]}],[{"start":0,"end":17,"url":null,"entity_id":"Q63869675","candidates":[]}],[{"start":0,"end":41,"url":null,"entity_id":"Q2372342","candidates":[]}],[{"start":0,"end":9,"url":null,"entity_id":"Q7291","candidates":[]}],[{"start":0,"end":57,"url":null,"entity_id":"Q27537547","candidates":[]}]],[[{"start":0,"end":41,"url":null,"entity_id":"Q1572955","candidates":[]}],[{"start":0,"end":17,"url":null,"entity_id":"Q63869675","candidates":[]}],[{"start":0,"end":41,"url":null,"entity_id":"Q2372328","candidates":[]}],[{"start":0,"end":9,"url":null,"entity_id":"Q7291","candidates":[]}],[{"start":0,"end":57,"url":null,"entity_id":"Q27537543","candidates":[]}]],[[{"start":0,"end":41,"url":null,"entity_id":"Q2372324","candidates":[]}],[{"start":0,"end":17,"url":null,"entity_id":"Q63869675","candidates":[]}],[{"start":0,"end":41,"url":null,"entity_id":"Q2372320","candidates":[]}],[{"start":0,"end":9,"url":null,"entity_id":"Q7291","candidates":[]}],[{"start":0,"end":57,"url":null,"entity_id":"Q27537541","candidates":[]}]],[[{"start":0,"end":41,"url":null,"entity_id":"Q2802411","candidates":[]}],[{"start":0,"end":17,"url":null,"entity_id":"Q63869675","candidates":[]}],[{"start":0,"end":41,"url":null,"entity_id":"Q1246635","candidates":[]}],[{"start":0,"end":9,"url":null,"entity_id":"Q7291","candidates":[]}],[{"start":0,"end":57,"url":null,"entity_id":"Q27537580","candidates":[]}]],[[{"start":0,"end":41,"url":null,"entity_id":"Q2372375","candidates":[]}],[{"start":0,"end":17,"url":null,"entity_id":"Q63869675","candidates":[]}],[{"start":0,"end":41,"url":null,"entity_id":"Q1457042","candidates":[]}],[{"start":0,"end":9,"url":null,"entity_id":"Q7291","candidates":[]}],[{"start":0,"end":57,"url":null,"entity_id":"Q27537573","candidates":[]}]],[[{"start":0,"end":41,"url":null,"entity_id":"Q1347045","candidates":[]}],[{"start":0,"end":17,"url":null,"entity_id":"Q63869675","candidates":[]}],[{"start":0,"end":41,"url":null,"entity_id":"Q1392582","candidates":[]}],[{"start":0,"end":9,"url":null,"entity_id":"Q7291","candidates":[]}],[{"start":0,"end":57,"url":null,"entity_id":"Q27537583","candidates":[]}]]]}