{"version":"1.2","table":{"version":"2","table_id":"ZU1YB0Z6","columns":[{"index":0,"name":"col0","values":["1949 Paris–Roubaix","1958 Paris–Roubaix","1956 Paris–Roubaix","1951 Paris–Roubaix","1954 Paris–Roubaix","1948 Paris–Roubaix","1957 Paris–Roubaix","1952 Paris–Roubaix","1950 Paris–Roubaix","1955 Paris–Roubaix","2001 Paris–Roubaix","2012 Paris–Roubaix","2011 Paris–Roubaix","1953 Paris–Roubaix","1980 Paris–Roubaix","1947 Paris–Roubaix","2014 Paris–Roubaix","2013 Paris–Roubaix","2016 Paris–Roubaix","2019 Paris–Roubaix"]},{"index":1,"name":"col1","values":["Serse Coppi","Roger Hassenforder","Louison Bobet","Louison Bobet","Serge Blusson","Émile Idée","Jacques Dupont","Fausto Coppi","Marcel Kint","Hugo Koblet","George Hincapie","Juan Antonio Flecha","Juan Antonio Flecha","Louison Bobet","Bernard Hinault","Louis Thiétard","John Degenkolb","Juan Antonio Flecha","Heinrich Haussler","Zdeněk Štybar"]},{"index":2,"name":"col2","values":["Roubaix","Roubaix","Roubaix","Roubaix","Roubaix","Roubaix","Roubaix","Roubaix","Roubaix","Roubaix","Vélodrome André-Pétrieux","Vélodrome André-Pétrieux","Vélodrome André-Pétrieux","Roubaix","Roubaix","Roubaix","Vélodrome André-Pétrieux","Vélodrome André-Pétrieux","Roubaix","Roubaix"]}]},"context":{"page_title":null,"page_url":null,"page_entity_id":null,"content_hierarchy":[]},"links":[[[{"start":0,"end":18,"url":null,"entity_id":"Q3365210","candidates":[]}],[{"start":0,"end":18,"url":null,"entity_id":"Q430709","candidates":[]}],[{"start":0,"end":7,"url":null,"entity_id":"Q34001","candidates":[]}]],[[{"start":0,"end":18,"url":null,"entity_id":"Q3365208","candidates":[]}],[{"start":0,"end":13,"url":null,"entity_id":"Q358167","candidates":[]}],[{"start":0,"end":7,"url":null,"entity_id":"Q34001","candidates":[]}]],[[{"start":0,"end":18,"url":null,"entity_id":"Q3365199","candidates":[]}],[{"start":0,"end":13,"url":null,"entity_id":"Q358167","candidates":[]}],[{"start":0,"end":7,"url":null,"entity_id":"Q34001","candidates":[]}]],[[{"start":0,"end":18,"url":null,"entity_id":"Q3365204","candidates":[]}],[{"start":0,"end":13,"url":null,"entity_id":"Q325834","candidates":[]}],[{"start":0,"end":7,"url":null,"entity_id":"Q34001","candidates":[]}]],[[{"start":0,"end":18,"url":null,"entity_id":"Q3365195","candidates":[]}],[{"start":0,"end":10,"url":null,"entity_id":"Q286000","candidates":[]}],[{"start":0,"end":7,"url":null,"entity_id":"Q34001","candidates":[]}]],[[{"start":0,"end":18,"url":null,"entity_id":"Q3365209","candidates":[]}],[{"start":0,"end":14,"url":null,"entity_id":"Q275830","candidates":[]}],[{"start":0,"end":7,"url":null,"entity_id":"Q34001","candidates":[]}]],[[{"start":0,"end":18,"url":null,"entity_id":"Q3365202","candidates":[]}],[{"start":0,"end":12,"url":null,"entity_id":"Q219912","candidates":[]}],[{"start":0,"end":7,"url":null,"entity_id":"Q34001","candidates":[]}]],[[{"start":0,"end":18,"url":null,"entity_id":"Q3365198","candidates":[]}],[{"start":0,"end":11,"url":null,"entity_id":"Q187875","candidates":[]}],[{"start":0,"end":7,"url":null,"entity_id":"Q34001","candidates":[]}]],[[{"start":0,"end":18,"url":null,"entity_id":"Q3365205","candidates":[]}],[{"start":0,"end":11,"url":null,"entity_id":"Q123548","candidates":[]}],[{"start":0,"end":7,"url":null,"entity_id":"Q34001","candidates":[]}]],[[{"start":0,"end":18,"url":null,"entity_id":"Q2634162","candidates":[]}],[{"start":0,"end":15,"url":null,"entity_id":"Q267142","candidates":[]}],[{"start":0,"end":24,"url":null,"entity_id":"Q1752120","candidates":[]}]],[[{"start":0,"end":18,"url":null,"entity_id":"Q938073","candidates":[]}],[{"start":0,"end":19,"url":null,"entity_id":"Q6195","candidates":[]}],[{"start":0,"end":24,"url":null,"entity_id":"Q1752120","candidates":[]}]],[[{"start":0,"end":18,"url":null,"entity_id":"Q904052","candidates":[]}],[{"start":0,"end":19,"url":null,"entity_id":"Q6195","candidates":[]}],[{"start":0,"end":24,"url":null,"entity_id":"Q1752120","candidates":[]}]],[[{"start":0,"end":18,"url":null,"entity_id":"Q929789","candidates":[]}],[{"start":0,"end":13,"url":null,"entity_id":"Q358167","candidates":[]}],[{"start":0,"end":7,"url":null,"entity_id":"Q34001","candidates":[]}]],[[{"start":0,"end":18,"url":null,"entity_id":"Q671290","candidates":[]}],[{"start":0,"end":15,"url":null,"entity_id":"Q109255","candidates":[]}],[{"start":0,"end":7,"url":null,"entity_id":"Q34001","candidates":[]}]],[[{"start":0,"end":18,"url":null,"entity_id":"Q648955","candidates":[]}],[{"start":0,"end":14,"url":null,"entity_id":"Q59535","candidates":[]}],[{"start":0,"end":7,"url":null,"entity_id":"Q34001","candidates":[]}]],[[{"start":0,"end":18,"url":null,"entity_id":"Q15731706","candidates":[]}],[{"start":0,"end":14,"url":null,"entity_id":"Q77352","candidates":[]}],[{"start":0,"end":24,"url":null,"entity_id":"Q1752120","candidates":[]}]],[[{"start":0,"end":18,"url":null,"entity_id":"Q3365218","candidates":[]}],[{"start":0,"end":19,"url":null,"entity_id":"Q6195","candidates":[]}],[{"start":0,"end":24,"url":null,"entity_id":"Q1752120","candidates":[]}]],[[{"start":0,"end":18,"url":null,"entity_id":"Q20175097","candidates":[]}],[{"start":0,"end":17,"url":null,"entity_id":"Q202259","candidates":[]}],[{"start":0,"end":7,"url":null,"entity_id":"Q34001","candidates":[]}]],[[{"start":0,"end":18,"url":null,"entity_id":"Q57084526","candidates":[]}],[{"start":0,"end":13,"url":null,"entity_id":"Q169109","candidates":[]}],[{"start":0,"end":7,"url":null,"entity_id":"Q34001","candidates":[]}]],[[{"start":0,"end":18,"url":null,"entity_id":"Q3365197","candidates":[]}],[{"start":0,"end":11,"url":null,"entity_id":"Q499182","candidates":[]}],[{"start":0,"end":7,"url":null,"entity_id":"Q34001","candidates":[]}]]]}