{"version":"1.2","table":{"version":"2","table_id":"ZWQ1JJMN","columns":[{"index":0,"name":"col0","values":["potassium-42","potassium-38m1","potassium-53","potassium-52","potassium-51","potassium-50","potassium-49","potassium-48","potassium-47","potassium-46","potassium-45","potassium-44","potassium-43","potassium-38","potassium-37","potassium-36","potassium-35","potassium-34","potassium-41","potassium-40"]},{"index":1,"name":"col1","values":["19","19","19","19","19","19","19","19","19","19","19","19","19","19","19","19","19","19","19","19"]},{"index":2,"name":"col2","values":["-1","1","1","-1","1","-1","1","-1","1","-1","1","-1","1","1","1","1","1","1","1","-1"]}]},"context":{"page_title":null,"page_url":null,"page_entity_id":null,"content_hierarchy":[]},"links":[[[{"start":0,"end":14,"url":null,"entity_id":"Q18878219","candidates":[]}],[],[]],[[{"start":0,"end":12,"url":null,"entity_id":"Q18845022","candidates":[]}],[],[]],[[{"start":0,"end":12,"url":null,"entity_id":"Q18845021","candidates":[]}],[],[]],[[{"start":0,"end":12,"url":null,"entity_id":"Q18845019","candidates":[]}],[],[]],[[{"start":0,"end":12,"url":null,"entity_id":"Q18845017","candidates":[]}],[],[]],[[{"start":0,"end":12,"url":null,"entity_id":"Q18845015","candidates":[]}],[],[]],[[{"start":0,"end":12,"url":null,"entity_id":"Q18845014","candidates":[]}],[],[]],[[{"start":0,"end":12,"url":null,"entity_id":"Q18845013","candidates":[]}],[],[]],[[{"start":0,"end":12,"url":null,"entity_id":"Q18845012","candidates":[]}],[],[]],[[{"start":0,"end":12,"url":null,"entity_id":"Q18845011","candidates":[]}],[],[]],[[{"start":0,"end":12,"url":null,"entity_id":"Q18845010","candidates":[]}],[],[]],[[{"start":0,"end":12,"url":null,"entity_id":"Q18845009","candidates":[]}],[],[]],[[{"start":0,"end":12,"url":null,"entity_id":"Q18845008","candidates":[]}],[],[]],[[{"start":0,"end":12,"url":null,"entity_id":"Q18845007","candidates":[]}],[],[]],[[{"start":0,"end":12,"url":null,"entity_id":"Q18845005","candidates":[]}],[],[]],[[{"start":0,"end":12,"url":null,"entity_id":"Q18845004","candidates":[]}],[],[]],[[{"start":0,"end":12,"url":null,"entity_id":"Q18845003","candidates":[]}],[],[]],[[{"start":0,"end":12,"url":null,"entity_id":"Q2956910","candidates":[]}],[],[]],[[{"start":0,"end":12,"url":null,"entity_id":"Q2251076","candidates":[]}],[],[]],[[{"start":0,"end":12,"url":null,"entity_id":"Q18878392","candidates":[]}],[],[]]]}