{"version":"1.2","table":{"version":"2","table_id":"R8P7MU1D","columns":[{"index":0,"name":"col0","values":["Laglöd","Manglham","Mangst","Matzöd","Scheiben","Sulzbach","Thalöd","Waldhörn","Wurmsöd","Wolfskugel","Seiling","Schafweid","Riesberg","Kölberg","Hartmannsöd","Frieberting","Brand","Aichpoint","Brandstetten","Gstockert"]},{"index":1,"name":"col1","values":["2","5","2","4","2","1","2","2","1","1","2","2","2","1","1","1","1","2","1","1"]},{"index":2,"name":"col2","values":["434","439","432","441","455","416","420","443","468","464","473","440","451","450","439","431","451","467","409","440"]},{"index":3,"name":"col3","values":["7","23","12","18","5","0","5","9","2","4","7","4","5","4","3","6","2","7","2","5"]}]},"context":{"page_title":null,"page_url":null,"page_entity_id":null,"content_hierarchy":[]},"links":[[[{"start":0,"end":8,"url":null,"entity_id":"Q75699779","candidates":[]}],[],[],[]],[[{"start":0,"end":6,"url":null,"entity_id":"Q75699773","candidates":[]}],[],[],[]],[[{"start":0,"end":6,"url":null,"entity_id":"Q75699771","candidates":[]}],[],[],[]],[[{"start":0,"end":8,"url":null,"entity_id":"Q75699761","candidates":[]}],[],[],[]],[[{"start":0,"end":8,"url":null,"entity_id":"Q75699754","candidates":[]}],[],[],[]],[[{"start":0,"end":6,"url":null,"entity_id":"Q75699752","candidates":[]}],[],[],[]],[[{"start":0,"end":8,"url":null,"entity_id":"Q75699749","candidates":[]}],[],[],[]],[[{"start":0,"end":7,"url":null,"entity_id":"Q75699454","candidates":[]}],[],[],[]],[[{"start":0,"end":10,"url":null,"entity_id":"Q75699452","candidates":[]}],[],[],[]],[[{"start":0,"end":7,"url":null,"entity_id":"Q75699447","candidates":[]}],[],[],[]],[[{"start":0,"end":9,"url":null,"entity_id":"Q75699443","candidates":[]}],[],[],[]],[[{"start":0,"end":8,"url":null,"entity_id":"Q75699433","candidates":[]}],[],[],[]],[[{"start":0,"end":7,"url":null,"entity_id":"Q75699422","candidates":[]}],[],[],[]],[[{"start":0,"end":11,"url":null,"entity_id":"Q75699417","candidates":[]}],[],[],[]],[[{"start":0,"end":11,"url":null,"entity_id":"Q75699411","candidates":[]}],[],[],[]],[[{"start":0,"end":5,"url":null,"entity_id":"Q75699408","candidates":[]}],[],[],[]],[[{"start":0,"end":9,"url":null,"entity_id":"Q75699402","candidates":[]}],[],[],[]],[[{"start":0,"end":12,"url":null,"entity_id":"Q75699359","candidates":[]}],[],[],[]],[[{"start":0,"end":9,"url":null,"entity_id":"Q75699343","candidates":[]}],[],[],[]],[[{"start":0,"end":6,"url":null,"entity_id":"Q75699782","candidates":[]}],[],[],[]]]}