{"version":"1.2","table":{"version":"2","table_id":"R8YPLFV8","columns":[{"index":0,"name":"col0","values":["vanadium-87","vanadim-66","vanadium-5","vanadiuo-64","vanadium-6","vanadjum-62","vanafium-61","vnadium-60","vanadiun-59","vandium-58","vanadum-57","vanaium-56","vanadlum-55","vaadium-54","vanadiu-53","vanadjum-52","vanadum-49","vanadum-48","anadium-47","vnadium-46"]},{"index":1,"name":"col1","values":["44.264","42.828","42.252","41.328","40.199999999999996","38.805","38.152","36.63","35.964","34.965","33.728","33.066","32.0","30.814","30.3","29.058","25.844","24.85","24.168","23.160999999999998"]},{"index":2,"name":"col2","values":["-644.8","-5654.88","-11850.68","-16352.64","-21868.11","-25476.0","-30384.403284","-32942.778396","-38210.33515","-40482.55650599999","-44546.69034999999","-46570.274929","-49341.164344000004","-49943.066173","-51643.656756000004","-51752.431614","-47626.197482999996","-44166.350142","-42132.637854","-37112.426351"]}]},"context":{"page_title":null,"page_url":null,"page_entity_id":null,"content_hierarchy":[]},"links":[[[{"start":0,"end":10,"url":null,"entity_id":"Q47456768","candidates":[]}],[],[]],[[{"start":0,"end":10,"url":null,"entity_id":"Q18845209","candidates":[]}],[],[]],[[{"start":0,"end":11,"url":null,"entity_id":"Q18845208","candidates":[]}],[],[]],[[{"start":0,"end":10,"url":null,"entity_id":"Q18845207","candidates":[]}],[],[]],[[{"start":0,"end":11,"url":null,"entity_id":"Q18845206","candidates":[]}],[],[]],[[{"start":0,"end":11,"url":null,"entity_id":"Q18845205","candidates":[]}],[],[]],[[{"start":0,"end":10,"url":null,"entity_id":"Q18845204","candidates":[]}],[],[]],[[{"start":0,"end":11,"url":null,"entity_id":"Q18845203","candidates":[]}],[],[]],[[{"start":0,"end":10,"url":null,"entity_id":"Q18845202","candidates":[]}],[],[]],[[{"start":0,"end":10,"url":null,"entity_id":"Q18845201","candidates":[]}],[],[]],[[{"start":0,"end":10,"url":null,"entity_id":"Q18845200","candidates":[]}],[],[]],[[{"start":0,"end":11,"url":null,"entity_id":"Q18845199","candidates":[]}],[],[]],[[{"start":0,"end":10,"url":null,"entity_id":"Q18845198","candidates":[]}],[],[]],[[{"start":0,"end":10,"url":null,"entity_id":"Q18845197","candidates":[]}],[],[]],[[{"start":0,"end":11,"url":null,"entity_id":"Q18845196","candidates":[]}],[],[]],[[{"start":0,"end":10,"url":null,"entity_id":"Q18845195","candidates":[]}],[],[]],[[{"start":0,"end":10,"url":null,"entity_id":"Q18845194","candidates":[]}],[],[]],[[{"start":0,"end":10,"url":null,"entity_id":"Q18845193","candidates":[]}],[],[]],[[{"start":0,"end":10,"url":null,"entity_id":"Q18845192","candidates":[]}],[],[]],[[{"start":0,"end":11,"url":null,"entity_id":"Q47456769","candidates":[]}],[],[]]]}