{"version":"1.2","table":{"version":"2","table_id":"R98RFWZ1","columns":[{"index":0,"name":"col0","values":["Golden Gate Theatre","Haugh Performing Arts Center","Weidner Center for the Performing Art","Heinz Hall","Harrison Opera House","Veterans Memorial Auditorium","Salle DESJARDINS-TELUS","Shell Theatre","Jefferson Performing Arts Center","Kirk Douglas Theatre","Mahalia Jackson Theater of the Performing Arts","Ferguson Center for the Arts","Miller Auditorium","Gammage Memorial Auditorium","National Theater","Ivy Substation","Palace Theatre","Ted Constant Convocation Center","Regina A. Quick Center for the Arts","Regent on Broadway"]},{"index":1,"name":"col1","values":["BroadwaySF","Citrus College","University of Wisconsin–Green Bay","Pittsburgh Symphony Orchestra","Norfolk","Rhode Island","Rimouski","Fort Saskatchewan","Jefferson Parish","Center Theatre Group","Ambassador Theatre Group","Christopher Newport University","Western Michigan University","Arizona State University","Anschutz Entertainment Group","Culver City","Columbus Association for the Performing Arts","Old Dominion University","Fairfield University","Palmerston North"]},{"index":2,"name":"col2","values":["2297","1400","2021","2676","1632","1931","919","550","1061","317","2100","1725","3497","3017","1500","99","2827","8639","740","1393"]}]},"context":{"page_title":null,"page_url":null,"page_entity_id":null,"content_hierarchy":[]},"links":[[[{"start":0,"end":28,"url":null,"entity_id":"Q14682140","candidates":[]}],[{"start":0,"end":14,"url":null,"entity_id":"Q5122883","candidates":[]}],[]],[[{"start":0,"end":37,"url":null,"entity_id":"Q7979818","candidates":[]}],[{"start":0,"end":33,"url":null,"entity_id":"Q2378091","candidates":[]}],[]],[[{"start":0,"end":10,"url":null,"entity_id":"Q12059806","candidates":[]}],[{"start":0,"end":29,"url":null,"entity_id":"Q430642","candidates":[]}],[]],[[{"start":0,"end":20,"url":null,"entity_id":"Q12872618","candidates":[]}],[{"start":0,"end":7,"url":null,"entity_id":"Q49231","candidates":[]}],[]],[[{"start":0,"end":28,"url":null,"entity_id":"Q7923627","candidates":[]}],[{"start":0,"end":12,"url":null,"entity_id":"Q1387","candidates":[]}],[]],[[{"start":0,"end":22,"url":null,"entity_id":"Q12163100","candidates":[]}],[{"start":0,"end":8,"url":null,"entity_id":"Q1336","candidates":[]}],[]],[[{"start":0,"end":13,"url":null,"entity_id":"Q75132580","candidates":[]}],[{"start":0,"end":17,"url":null,"entity_id":"Q1007407","candidates":[]}],[]],[[{"start":0,"end":32,"url":null,"entity_id":"Q20709280","candidates":[]}],[{"start":0,"end":16,"url":null,"entity_id":"Q498276","candidates":[]}],[]],[[{"start":0,"end":20,"url":null,"entity_id":"Q6415419","candidates":[]}],[{"start":0,"end":20,"url":null,"entity_id":"Q5059359","candidates":[]}],[]],[[{"start":0,"end":46,"url":null,"entity_id":"Q6732941","candidates":[]}],[{"start":0,"end":24,"url":null,"entity_id":"Q4741072","candidates":[]}],[]],[[{"start":0,"end":28,"url":null,"entity_id":"Q5444228","candidates":[]}],[{"start":0,"end":30,"url":null,"entity_id":"Q3444675","candidates":[]}],[]],[[{"start":0,"end":17,"url":null,"entity_id":"Q6859077","candidates":[]}],[{"start":0,"end":27,"url":null,"entity_id":"Q1546191","candidates":[]}],[]],[[{"start":0,"end":27,"url":null,"entity_id":"Q5520334","candidates":[]}],[{"start":0,"end":24,"url":null,"entity_id":"Q670897","candidates":[]}],[]],[[{"start":0,"end":16,"url":null,"entity_id":"Q6978913","candidates":[]}],[{"start":0,"end":28,"url":null,"entity_id":"Q569417","candidates":[]}],[]],[[{"start":0,"end":14,"url":null,"entity_id":"Q6099945","candidates":[]}],[{"start":0,"end":11,"url":null,"entity_id":"Q493378","candidates":[]}],[]],[[{"start":0,"end":14,"url":null,"entity_id":"Q7126207","candidates":[]}],[{"start":0,"end":44,"url":null,"entity_id":"Q5150002","candidates":[]}],[]],[[{"start":0,"end":31,"url":null,"entity_id":"Q7693083","candidates":[]}],[{"start":0,"end":23,"url":null,"entity_id":"Q1474100","candidates":[]}],[]],[[{"start":0,"end":35,"url":null,"entity_id":"Q7308427","candidates":[]}],[{"start":0,"end":20,"url":null,"entity_id":"Q1393265","candidates":[]}],[]],[[{"start":0,"end":18,"url":null,"entity_id":"Q7308118","candidates":[]}],[{"start":0,"end":16,"url":null,"entity_id":"Q212289","candidates":[]}],[]],[[{"start":0,"end":19,"url":null,"entity_id":"Q12058772","candidates":[]}],[{"start":0,"end":10,"url":null,"entity_id":"Q7390221","candidates":[]}],[]]]}