{"version":"1.2","table":{"version":"2","table_id":"RACG4DGH","columns":[{"index":0,"name":"col0","values":["Nong Khaem","Suan Luang","Chom Thong","Phasi Charoen","Khlong San","Pom Prap Sattru Phai","Khan Na Yao","Wang Thonglang","Saphan Sung","Watthana","Lak Si","Bueng Kum","Ratchathewi","Phaya Thai","Lat Phrao","Bangkok Noi","Bang Phlat","Bang Na","Bang Khun Thian","Bang Kho Laem"]},{"index":1,"name":"col1","values":["153175","118371","156030","129238","75224","49280","92094","114245","92735","83520","107797","145514","73790","72203","122196","116653","96787","94315","173144","92273"]},{"index":2,"name":"col2","values":["35.825","23.678","26.265","17.834","6.051","1.931","25.98","18.905","28.124","12.565","22.841","24.311","7.126","9.59","21.5","11.944","11.36","18.789","120.687","10.921"]}]},"context":{"page_title":null,"page_url":null,"page_entity_id":null,"content_hierarchy":[]},"links":[[[{"start":0,"end":10,"url":null,"entity_id":"Q1019620","candidates":[]}],[],[]],[[{"start":0,"end":10,"url":null,"entity_id":"Q1019611","candidates":[]}],[],[]],[[{"start":0,"end":10,"url":null,"entity_id":"Q1019598","candidates":[]}],[],[]],[[{"start":0,"end":13,"url":null,"entity_id":"Q1019590","candidates":[]}],[],[]],[[{"start":0,"end":10,"url":null,"entity_id":"Q1019456","candidates":[]}],[],[]],[[{"start":0,"end":20,"url":null,"entity_id":"Q1019440","candidates":[]}],[],[]],[[{"start":0,"end":11,"url":null,"entity_id":"Q1019432","candidates":[]}],[],[]],[[{"start":0,"end":14,"url":null,"entity_id":"Q1019428","candidates":[]}],[],[]],[[{"start":0,"end":11,"url":null,"entity_id":"Q1019420","candidates":[]}],[],[]],[[{"start":0,"end":8,"url":null,"entity_id":"Q1019417","candidates":[]}],[],[]],[[{"start":0,"end":6,"url":null,"entity_id":"Q1008352","candidates":[]}],[],[]],[[{"start":0,"end":9,"url":null,"entity_id":"Q1001823","candidates":[]}],[],[]],[[{"start":0,"end":11,"url":null,"entity_id":"Q999170","candidates":[]}],[],[]],[[{"start":0,"end":10,"url":null,"entity_id":"Q999098","candidates":[]}],[],[]],[[{"start":0,"end":9,"url":null,"entity_id":"Q999094","candidates":[]}],[],[]],[[{"start":0,"end":11,"url":null,"entity_id":"Q806486","candidates":[]}],[],[]],[[{"start":0,"end":10,"url":null,"entity_id":"Q806453","candidates":[]}],[],[]],[[{"start":0,"end":7,"url":null,"entity_id":"Q806448","candidates":[]}],[],[]],[[{"start":0,"end":15,"url":null,"entity_id":"Q806447","candidates":[]}],[],[]],[[{"start":0,"end":13,"url":null,"entity_id":"Q806446","candidates":[]}],[],[]]]}