{"version":"1.2","table":{"version":"2","table_id":"RAI0E97V","columns":[{"index":0,"name":"col0","values":["Beta Andromedae","Barnard's Star","Eta Aurigae","Delta Leonis","Zeta Pegasi","Rho Coronae Borealis","Gliese 745","HD 182101","17 Cygni","Beta Aquilae","Sigma Draconis","23 Ursae Majoris","Beta Pictoris","Lacaille 9352","Xi Geminorum","HD 45067","HD 3795","HD 33608","LHS 1723","HD 9562"]},{"index":1,"name":"col1","values":["semiregular variable star","BY Draconis variable","Beta Cephei variable","cepheid variable","slowly pulsating B star","rotating variable star","rotating variable star","rotating variable star","rotating variable star","rotating variable star","rotating variable star","Delta Scuti variable","Delta Scuti variable","flare star","cepheid variable","rotating variable star","rotating variable star","rotating variable star","rotating variable star","rotating variable star"]},{"index":2,"name":"col2","values":["199","1.8266","63.1445","17.693","70.0393","17.4759","8.823","36.3224","20.8998","13.3755","5.7723","23.5609","19.7538","3.2871","18.2325","33.1754","28.4647","37.418","5.3756","29.7346"]}]},"context":{"page_title":null,"page_url":null,"page_entity_id":null,"content_hierarchy":[]},"links":[[[{"start":0,"end":14,"url":null,"entity_id":"Q14268","candidates":[]}],[{"start":0,"end":20,"url":null,"entity_id":"Q797219","candidates":[]}],[]],[[{"start":0,"end":11,"url":null,"entity_id":"Q13232","candidates":[]}],[{"start":0,"end":20,"url":null,"entity_id":"Q764463","candidates":[]}],[]],[[{"start":0,"end":12,"url":null,"entity_id":"Q14204","candidates":[]}],[{"start":0,"end":16,"url":null,"entity_id":"Q188593","candidates":[]}],[]],[[{"start":0,"end":11,"url":null,"entity_id":"Q607426","candidates":[]}],[{"start":0,"end":23,"url":null,"entity_id":"Q18392084","candidates":[]}],[]],[[{"start":0,"end":20,"url":null,"entity_id":"Q794095","candidates":[]}],[{"start":0,"end":22,"url":null,"entity_id":"Q15917122","candidates":[]}],[]],[[{"start":0,"end":10,"url":null,"entity_id":"Q722242","candidates":[]}],[{"start":0,"end":22,"url":null,"entity_id":"Q15917122","candidates":[]}],[]],[[{"start":0,"end":9,"url":null,"entity_id":"Q652259","candidates":[]}],[{"start":0,"end":22,"url":null,"entity_id":"Q15917122","candidates":[]}],[]],[[{"start":0,"end":8,"url":null,"entity_id":"Q520086","candidates":[]}],[{"start":0,"end":22,"url":null,"entity_id":"Q15917122","candidates":[]}],[]],[[{"start":0,"end":12,"url":null,"entity_id":"Q428417","candidates":[]}],[{"start":0,"end":22,"url":null,"entity_id":"Q15917122","candidates":[]}],[]],[[{"start":0,"end":14,"url":null,"entity_id":"Q311489","candidates":[]}],[{"start":0,"end":22,"url":null,"entity_id":"Q15917122","candidates":[]}],[]],[[{"start":0,"end":16,"url":null,"entity_id":"Q676940","candidates":[]}],[{"start":0,"end":20,"url":null,"entity_id":"Q836976","candidates":[]}],[]],[[{"start":0,"end":13,"url":null,"entity_id":"Q582547","candidates":[]}],[{"start":0,"end":20,"url":null,"entity_id":"Q836976","candidates":[]}],[]],[[{"start":0,"end":13,"url":null,"entity_id":"Q649990","candidates":[]}],[{"start":0,"end":10,"url":null,"entity_id":"Q285400","candidates":[]}],[]],[[{"start":0,"end":12,"url":null,"entity_id":"Q450766","candidates":[]}],[{"start":0,"end":16,"url":null,"entity_id":"Q188593","candidates":[]}],[]],[[{"start":0,"end":8,"url":null,"entity_id":"Q3781098","candidates":[]}],[{"start":0,"end":22,"url":null,"entity_id":"Q15917122","candidates":[]}],[]],[[{"start":0,"end":7,"url":null,"entity_id":"Q3780975","candidates":[]}],[{"start":0,"end":22,"url":null,"entity_id":"Q15917122","candidates":[]}],[]],[[{"start":0,"end":8,"url":null,"entity_id":"Q3780899","candidates":[]}],[{"start":0,"end":22,"url":null,"entity_id":"Q15917122","candidates":[]}],[]],[[{"start":0,"end":8,"url":null,"entity_id":"Q4039151","candidates":[]}],[{"start":0,"end":22,"url":null,"entity_id":"Q15917122","candidates":[]}],[]],[[{"start":0,"end":7,"url":null,"entity_id":"Q3781976","candidates":[]}],[{"start":0,"end":22,"url":null,"entity_id":"Q15917122","candidates":[]}],[]],[[{"start":0,"end":15,"url":null,"entity_id":"Q13043","candidates":[]}],[{"start":0,"end":25,"url":null,"entity_id":"Q1054411","candidates":[]}],[]]]}