{"version":"1.2","table":{"version":"2","table_id":"RBIVOB6Q","columns":[{"index":0,"name":"col0","values":["Verkhovskaya","Novlenskoye","Gromovo","Kubenskoe","Gostilitskoye Rural Settlement","Ivashevsky","Kikerinsky Rural Settlement","Gorodetsky","Borsky Selsovet (Turukhansky District)","Zavyalovsky","Veps National rural settlement","Vyshesteblievskoe rural settlement","Petrovskoye, Leningrad Oblast","Solovetsky District","Syas'kelevskoe rural settlement","Beloyarsky Selsovet","Novosvetskoe","Elizavetinskoe rural settlement","Bol'shekolpanskoe rural settlement","Pudomyagskoe"]},{"index":1,"name":"col1","values":["Kuzminska","Knyazhevo, Vologodsky District, Vologda Oblast","Gromovo","Buyanovo","Gostilitsy","Marino","Kikerino","Kichmengsky Gorodok","Bor","Zavyalovo, Altai Krai","Virino","Vyshesteblievskaya","Petajarvi","Solovetsky","Bol'shoe Ondrovo","Zertsaly","Novyj Svet (Leningrad region)","Verolantsy","Vakkolovo","Bol'shoe Sergelevo"]},{"index":2,"name":"col2","values":["Russia","Russia","Russia","Russia","Russia","Russia","Russia","Russia","Russia","Russia","Russia","Russia","Russia","Russia","Russia","Russia","Russia","Russia","Russia","Russia"]}]},"context":{"page_title":null,"page_url":null,"page_entity_id":null,"content_hierarchy":[]},"links":[[[{"start":0,"end":11,"url":null,"entity_id":"Q4322878","candidates":[]}],[{"start":0,"end":46,"url":null,"entity_id":"Q4224839","candidates":[]}],[{"start":0,"end":6,"url":null,"entity_id":"Q159","candidates":[]}]],[[{"start":0,"end":7,"url":null,"entity_id":"Q4150251","candidates":[]}],[{"start":0,"end":7,"url":null,"entity_id":"Q2626296","candidates":[]}],[{"start":0,"end":6,"url":null,"entity_id":"Q159","candidates":[]}]],[[{"start":0,"end":9,"url":null,"entity_id":"Q4243589","candidates":[]}],[{"start":0,"end":8,"url":null,"entity_id":"Q481239","candidates":[]}],[{"start":0,"end":6,"url":null,"entity_id":"Q159","candidates":[]}]],[[{"start":0,"end":30,"url":null,"entity_id":"Q4146454","candidates":[]}],[{"start":0,"end":10,"url":null,"entity_id":"Q1538637","candidates":[]}],[{"start":0,"end":6,"url":null,"entity_id":"Q159","candidates":[]}]],[[{"start":0,"end":10,"url":null,"entity_id":"Q4197012","candidates":[]}],[{"start":0,"end":6,"url":null,"entity_id":"Q20143451","candidates":[]}],[{"start":0,"end":6,"url":null,"entity_id":"Q159","candidates":[]}]],[[{"start":0,"end":27,"url":null,"entity_id":"Q4220404","candidates":[]}],[{"start":0,"end":8,"url":null,"entity_id":"Q4220403","candidates":[]}],[{"start":0,"end":6,"url":null,"entity_id":"Q159","candidates":[]}]],[[{"start":0,"end":10,"url":null,"entity_id":"Q4145114","candidates":[]}],[{"start":0,"end":19,"url":null,"entity_id":"Q4222611","candidates":[]}],[{"start":0,"end":6,"url":null,"entity_id":"Q159","candidates":[]}]],[[{"start":0,"end":38,"url":null,"entity_id":"Q4094724","candidates":[]}],[{"start":0,"end":3,"url":null,"entity_id":"Q4093419","candidates":[]}],[{"start":0,"end":6,"url":null,"entity_id":"Q159","candidates":[]}]],[[{"start":0,"end":11,"url":null,"entity_id":"Q4183363","candidates":[]}],[{"start":0,"end":21,"url":null,"entity_id":"Q4183361","candidates":[]}],[{"start":0,"end":6,"url":null,"entity_id":"Q159","candidates":[]}]],[[{"start":0,"end":30,"url":null,"entity_id":"Q4136072","candidates":[]}],[{"start":0,"end":6,"url":null,"entity_id":"Q46085","candidates":[]}],[{"start":0,"end":6,"url":null,"entity_id":"Q159","candidates":[]}]],[[{"start":0,"end":34,"url":null,"entity_id":"Q4129999","candidates":[]}],[{"start":0,"end":18,"url":null,"entity_id":"Q1974379","candidates":[]}],[{"start":0,"end":6,"url":null,"entity_id":"Q159","candidates":[]}]],[[{"start":0,"end":29,"url":null,"entity_id":"Q2342996","candidates":[]}],[{"start":0,"end":9,"url":null,"entity_id":"Q4361890","candidates":[]}],[{"start":0,"end":6,"url":null,"entity_id":"Q159","candidates":[]}]],[[{"start":0,"end":19,"url":null,"entity_id":"Q1658805","candidates":[]}],[{"start":0,"end":10,"url":null,"entity_id":"Q3964446","candidates":[]}],[{"start":0,"end":6,"url":null,"entity_id":"Q159","candidates":[]}]],[[{"start":0,"end":31,"url":null,"entity_id":"Q51017","candidates":[]}],[{"start":0,"end":16,"url":null,"entity_id":"Q50575","candidates":[]}],[{"start":0,"end":6,"url":null,"entity_id":"Q159","candidates":[]}]],[[{"start":0,"end":19,"url":null,"entity_id":"Q4082962","candidates":[]}],[{"start":0,"end":8,"url":null,"entity_id":"Q13648172","candidates":[]}],[{"start":0,"end":6,"url":null,"entity_id":"Q159","candidates":[]}]],[[{"start":0,"end":12,"url":null,"entity_id":"Q50994","candidates":[]}],[{"start":0,"end":29,"url":null,"entity_id":"Q50938","candidates":[]}],[{"start":0,"end":6,"url":null,"entity_id":"Q159","candidates":[]}]],[[{"start":0,"end":31,"url":null,"entity_id":"Q50924","candidates":[]}],[{"start":0,"end":10,"url":null,"entity_id":"Q50681","candidates":[]}],[{"start":0,"end":6,"url":null,"entity_id":"Q159","candidates":[]}]],[[{"start":0,"end":34,"url":null,"entity_id":"Q50699","candidates":[]}],[{"start":0,"end":9,"url":null,"entity_id":"Q50676","candidates":[]}],[{"start":0,"end":6,"url":null,"entity_id":"Q159","candidates":[]}]],[[{"start":0,"end":12,"url":null,"entity_id":"Q50995","candidates":[]}],[{"start":0,"end":18,"url":null,"entity_id":"Q50577","candidates":[]}],[{"start":0,"end":6,"url":null,"entity_id":"Q159","candidates":[]}]],[[{"start":0,"end":12,"url":null,"entity_id":"Q4109125","candidates":[]}],[{"start":0,"end":9,"url":null,"entity_id":"Q4245439","candidates":[]}],[{"start":0,"end":6,"url":null,"entity_id":"Q159","candidates":[]}]]]}