{"version":"1.2","table":{"version":"2","table_id":"RBVYYJ8P","columns":[{"index":0,"name":"col0","values":["Chinese gunboat Chung Shan","HMS Eclipse","HNLMS Van Speijk","USS Concord","USS Bennington","USS Aroostook","HNoMS Vidar","HNoMS Vale","HNoMS Nor","HNoMS Brage","HNoMS Uller","French aviso Savorgnan de Brazza","USS Ready","USS Marathon","USS Grand Rapids","USS Gallup","USS Defiance","USS Crockett","USS Chehalis","USS Canon"]},{"index":1,"name":"col1","values":["Republic of China Navy","Royal Navy","German Navy","United States Navy","United States Navy","United States Navy","Royal Norwegian Navy","Royal Norwegian Navy","Royal Norwegian Navy","Royal Norwegian Navy","German Navy","French Navy","United States Navy","United States Navy","United States Navy","United States Navy","United States Navy","United States Navy","United States Navy","United States Navy"]},{"index":2,"name":"col2","values":["Yongfeng-class coastal defense ship","Cormorant-class gunvessel","K class","Yorktown-class gunboat","Yorktown-class gunboat","Unadilla-class gunboat","Vale-class gunboat","Vale-class gunboat","Vale-class gunboat","Vale-class gunboat","Vale-class gunboat","Bougainville-class aviso","Asheville","Asheville","Asheville","Asheville","Asheville","Asheville","Asheville","Asheville"]}]},"context":{"page_title":null,"page_url":null,"page_entity_id":null,"content_hierarchy":[]},"links":[[[{"start":0,"end":11,"url":null,"entity_id":"Q5632256","candidates":[]}],[{"start":0,"end":10,"url":null,"entity_id":"Q172771","candidates":[]}],[{"start":0,"end":25,"url":null,"entity_id":"Q15942287","candidates":[]}]],[[{"start":0,"end":16,"url":null,"entity_id":"Q820519","candidates":[]}],[{"start":0,"end":11,"url":null,"entity_id":"Q151701","candidates":[]}],[{"start":0,"end":7,"url":null,"entity_id":"Q11049745","candidates":[]}]],[[{"start":0,"end":11,"url":null,"entity_id":"Q7868504","candidates":[]}],[{"start":0,"end":18,"url":null,"entity_id":"Q11220","candidates":[]}],[{"start":0,"end":22,"url":null,"entity_id":"Q8055798","candidates":[]}]],[[{"start":0,"end":14,"url":null,"entity_id":"Q2468580","candidates":[]}],[{"start":0,"end":18,"url":null,"entity_id":"Q11220","candidates":[]}],[{"start":0,"end":22,"url":null,"entity_id":"Q8055798","candidates":[]}]],[[{"start":0,"end":13,"url":null,"entity_id":"Q7867428","candidates":[]}],[{"start":0,"end":18,"url":null,"entity_id":"Q11220","candidates":[]}],[{"start":0,"end":22,"url":null,"entity_id":"Q7882221","candidates":[]}]],[[{"start":0,"end":11,"url":null,"entity_id":"Q5635424","candidates":[]}],[{"start":0,"end":20,"url":null,"entity_id":"Q2083573","candidates":[]}],[{"start":0,"end":18,"url":null,"entity_id":"Q4253402","candidates":[]}]],[[{"start":0,"end":10,"url":null,"entity_id":"Q5635417","candidates":[]}],[{"start":0,"end":20,"url":null,"entity_id":"Q2083573","candidates":[]}],[{"start":0,"end":18,"url":null,"entity_id":"Q4253402","candidates":[]}]],[[{"start":0,"end":9,"url":null,"entity_id":"Q5635379","candidates":[]}],[{"start":0,"end":20,"url":null,"entity_id":"Q2083573","candidates":[]}],[{"start":0,"end":18,"url":null,"entity_id":"Q4253402","candidates":[]}]],[[{"start":0,"end":11,"url":null,"entity_id":"Q5635355","candidates":[]}],[{"start":0,"end":20,"url":null,"entity_id":"Q2083573","candidates":[]}],[{"start":0,"end":18,"url":null,"entity_id":"Q4253402","candidates":[]}]],[[{"start":0,"end":11,"url":null,"entity_id":"Q821152","candidates":[]}],[{"start":0,"end":11,"url":null,"entity_id":"Q151701","candidates":[]}],[{"start":0,"end":18,"url":null,"entity_id":"Q4253402","candidates":[]}]],[[{"start":0,"end":32,"url":null,"entity_id":"Q3474630","candidates":[]}],[{"start":0,"end":11,"url":null,"entity_id":"Q217406","candidates":[]}],[{"start":0,"end":24,"url":null,"entity_id":"Q2975791","candidates":[]}]],[[{"start":0,"end":9,"url":null,"entity_id":"Q7873313","candidates":[]}],[{"start":0,"end":18,"url":null,"entity_id":"Q11220","candidates":[]}],[{"start":0,"end":9,"url":null,"entity_id":"Q2975756","candidates":[]}]],[[{"start":0,"end":12,"url":null,"entity_id":"Q7871509","candidates":[]}],[{"start":0,"end":18,"url":null,"entity_id":"Q11220","candidates":[]}],[{"start":0,"end":9,"url":null,"entity_id":"Q2975756","candidates":[]}]],[[{"start":0,"end":16,"url":null,"entity_id":"Q7869811","candidates":[]}],[{"start":0,"end":18,"url":null,"entity_id":"Q11220","candidates":[]}],[{"start":0,"end":9,"url":null,"entity_id":"Q2975756","candidates":[]}]],[[{"start":0,"end":10,"url":null,"entity_id":"Q7869562","candidates":[]}],[{"start":0,"end":18,"url":null,"entity_id":"Q11220","candidates":[]}],[{"start":0,"end":9,"url":null,"entity_id":"Q2975756","candidates":[]}]],[[{"start":0,"end":12,"url":null,"entity_id":"Q7868800","candidates":[]}],[{"start":0,"end":18,"url":null,"entity_id":"Q11220","candidates":[]}],[{"start":0,"end":9,"url":null,"entity_id":"Q2975756","candidates":[]}]],[[{"start":0,"end":12,"url":null,"entity_id":"Q7868645","candidates":[]}],[{"start":0,"end":18,"url":null,"entity_id":"Q11220","candidates":[]}],[{"start":0,"end":9,"url":null,"entity_id":"Q2975756","candidates":[]}]],[[{"start":0,"end":12,"url":null,"entity_id":"Q7868268","candidates":[]}],[{"start":0,"end":18,"url":null,"entity_id":"Q11220","candidates":[]}],[{"start":0,"end":9,"url":null,"entity_id":"Q2975756","candidates":[]}]],[[{"start":0,"end":9,"url":null,"entity_id":"Q7868043","candidates":[]}],[{"start":0,"end":18,"url":null,"entity_id":"Q11220","candidates":[]}],[{"start":0,"end":9,"url":null,"entity_id":"Q2975756","candidates":[]}]],[[{"start":0,"end":26,"url":null,"entity_id":"Q718158","candidates":[]}],[{"start":0,"end":22,"url":null,"entity_id":"Q702116","candidates":[]}],[{"start":0,"end":35,"url":null,"entity_id":"Q20203189","candidates":[]}]]]}