{"version":"1.2","table":{"version":"2","table_id":"RBXTX55M","columns":[{"index":0,"name":"col0","values":["Rio de Janeiro: Carioca Landscapes between the Mountain and the Sea","Assisi, the Basilica of San Francesco and Other Franciscan Sites","Heritage of Mercury. Almadén and Idrija","Fremantle Prison","Historic Monuments and Sites in Kaesong","Syracuse and the Rocky Necropolis of Pantalica","Archaeological Area and the Patriarchal Basilica of Aquileia","Mines of Rammelsberg, Historic Town of Goslar and Upper Harz Water Management System","Churches and Convents of Goa","Genoa: Le Strade Nuove and the system of the Palazzi dei Rolli","Mount Emei Scenic Area, including Leshan Giant Buddha Scenic Area","Budapest, including the Banks of the Danube, the Buda Castle Quarter and Andrássy Avenue","Venice and its Lagoon","Baekje Historic Areas","Champagne hillsides, houses and cellars","Silk Roads: the Routes Network of Chang'an-Tianshan Corridor","The Persian Qanat","Strasbourg: from Grande-île to Neustadt, a European urban scene","Arab-Norman Palermo and the Cathedral Churches of Cefalú and Monreale","Cathedral and Churches of Echmiatsin and the Archaeological Site of Zvartnots"]},{"index":1,"name":"col1","values":["Brazil","Italy","Spain","Australia","North Korea","Italy","Italy","Germany","India","Italy","People's Republic of China","Hungary","Italy","South Korea","France","Kyrgyzstan","Iran","France","Italy","Armenia"]},{"index":2,"name":"col2","values":["Tijuca Forest, Pretos Forros and Covanca – Tijuca National Park","Town of Assisi, San Damiano, Eremo delle Carceri, Santuario di Rivotorto and cultural landscape","Almadén Old Town","Crown Theatre","Manwoldae","necropolis of Pantalica","Basilica di Santa Maria Assunta","Upper Harz Water Regale","Basilica of Bom Jesus","Strade Nuove","Mount Emei","Budapest","Venice","Mireuksa","avenue de Champagne","Luoyang","qanats of Gonabad","Grande Île, Strasbourg","San Giovanni degli Eremiti","Zvartnots"]}]},"context":{"page_title":null,"page_url":null,"page_entity_id":null,"content_hierarchy":[]},"links":[[[{"start":0,"end":67,"url":null,"entity_id":"Q3374972","candidates":[]}],[{"start":0,"end":6,"url":null,"entity_id":"Q155","candidates":[]}],[{"start":0,"end":63,"url":null,"entity_id":"Q65559517","candidates":[]}]],[[{"start":0,"end":64,"url":null,"entity_id":"Q16913154","candidates":[]}],[{"start":0,"end":5,"url":null,"entity_id":"Q38","candidates":[]}],[{"start":0,"end":95,"url":null,"entity_id":"Q65017042","candidates":[]}]],[[{"start":0,"end":39,"url":null,"entity_id":"Q3370031","candidates":[]}],[{"start":0,"end":5,"url":null,"entity_id":"Q29","candidates":[]}],[{"start":0,"end":16,"url":null,"entity_id":"Q64485181","candidates":[]}]],[[{"start":0,"end":16,"url":null,"entity_id":"Q3089169","candidates":[]}],[{"start":0,"end":9,"url":null,"entity_id":"Q408","candidates":[]}],[{"start":0,"end":13,"url":null,"entity_id":"Q45308156","candidates":[]}]],[[{"start":0,"end":39,"url":null,"entity_id":"Q15726137","candidates":[]}],[{"start":0,"end":11,"url":null,"entity_id":"Q423","candidates":[]}],[{"start":0,"end":9,"url":null,"entity_id":"Q5369516","candidates":[]}]],[[{"start":0,"end":46,"url":null,"entity_id":"Q15604441","candidates":[]}],[{"start":0,"end":5,"url":null,"entity_id":"Q38","candidates":[]}],[{"start":0,"end":23,"url":null,"entity_id":"Q931434","candidates":[]}]],[[{"start":0,"end":60,"url":null,"entity_id":"Q3575761","candidates":[]}],[{"start":0,"end":5,"url":null,"entity_id":"Q38","candidates":[]}],[{"start":0,"end":31,"url":null,"entity_id":"Q810128","candidates":[]}]],[[{"start":0,"end":84,"url":null,"entity_id":"Q10649093","candidates":[]}],[{"start":0,"end":7,"url":null,"entity_id":"Q183","candidates":[]}],[{"start":0,"end":23,"url":null,"entity_id":"Q519907","candidates":[]}]],[[{"start":0,"end":28,"url":null,"entity_id":"Q15726428","candidates":[]}],[{"start":0,"end":5,"url":null,"entity_id":"Q668","candidates":[]}],[{"start":0,"end":21,"url":null,"entity_id":"Q391123","candidates":[]}]],[[{"start":0,"end":62,"url":null,"entity_id":"Q10293286","candidates":[]}],[{"start":0,"end":5,"url":null,"entity_id":"Q38","candidates":[]}],[{"start":0,"end":12,"url":null,"entity_id":"Q204812","candidates":[]}]],[[{"start":0,"end":65,"url":null,"entity_id":"Q16914686","candidates":[]}],[{"start":0,"end":26,"url":null,"entity_id":"Q148","candidates":[]}],[{"start":0,"end":10,"url":null,"entity_id":"Q134927","candidates":[]}]],[[{"start":0,"end":88,"url":null,"entity_id":"Q9668161","candidates":[]}],[{"start":0,"end":7,"url":null,"entity_id":"Q28","candidates":[]}],[{"start":0,"end":8,"url":null,"entity_id":"Q1781","candidates":[]}]],[[{"start":0,"end":21,"url":null,"entity_id":"Q11352141","candidates":[]}],[{"start":0,"end":5,"url":null,"entity_id":"Q38","candidates":[]}],[{"start":0,"end":6,"url":null,"entity_id":"Q641","candidates":[]}]],[[{"start":0,"end":21,"url":null,"entity_id":"Q20650483","candidates":[]}],[{"start":0,"end":11,"url":null,"entity_id":"Q884","candidates":[]}],[{"start":0,"end":8,"url":null,"entity_id":"Q6873175","candidates":[]}]],[[{"start":0,"end":39,"url":null,"entity_id":"Q20650698","candidates":[]}],[{"start":0,"end":6,"url":null,"entity_id":"Q142","candidates":[]}],[{"start":0,"end":19,"url":null,"entity_id":"Q4828216","candidates":[]}]],[[{"start":0,"end":60,"url":null,"entity_id":"Q17277933","candidates":[]}],[{"start":0,"end":10,"url":null,"entity_id":"Q813","candidates":[]}],[{"start":0,"end":7,"url":null,"entity_id":"Q187136","candidates":[]}]],[[{"start":0,"end":17,"url":null,"entity_id":"Q55130396","candidates":[]}],[{"start":0,"end":4,"url":null,"entity_id":"Q794","candidates":[]}],[{"start":0,"end":17,"url":null,"entity_id":"Q5937813","candidates":[]}]],[[{"start":0,"end":63,"url":null,"entity_id":"Q55523908","candidates":[]}],[{"start":0,"end":6,"url":null,"entity_id":"Q142","candidates":[]}],[{"start":0,"end":22,"url":null,"entity_id":"Q1895943","candidates":[]}]],[[{"start":0,"end":69,"url":null,"entity_id":"Q20963672","candidates":[]}],[{"start":0,"end":5,"url":null,"entity_id":"Q38","candidates":[]}],[{"start":0,"end":26,"url":null,"entity_id":"Q745359","candidates":[]}]],[[{"start":0,"end":77,"url":null,"entity_id":"Q22026170","candidates":[]}],[{"start":0,"end":7,"url":null,"entity_id":"Q399","candidates":[]}],[{"start":0,"end":9,"url":null,"entity_id":"Q505175","candidates":[]}]]]}