{"version":"1.2","table":{"version":"2","table_id":"RDKA7RA8","columns":[{"index":0,"name":"col0","values":["Marlow","Falmouth","Reading","Litchfield","Atkinson","Barkhamsted","Acushnet","Amherst","Ashland","Bridgewater","Plymouth","Conway","Hinsdale","Manchester","Dorset","Granville","Goshen","Alfred","Arlington","Groton"]},{"index":1,"name":"col1","values":["742","11185","24747","8271","6751","3711","10303","11201","2076","26563","5892","8604","4046","4391","2031","298","164","3035","42844","40115"]},{"index":2,"name":"col2","values":["354","31","39","39","92","171","22","79","170","32","158","142","66","281","397","504","516","88","14","24"]},{"index":3,"name":"col3","values":["Eastern Time Zone","Eastern Time Zone","Eastern Time Zone","Eastern Time Zone","UTC−05:00","UTC−05:00","UTC−05:00","UTC−05:00","UTC−05:00","Eastern Time Zone","Eastern Time Zone","Eastern Time Zone","Eastern Time Zone","Eastern Time Zone","Eastern Time Zone","Eastern Time Zone","Eastern Time Zone","UTC−05:00","UTC−05:00","Eastern Time Zone"]}]},"context":{"page_title":null,"page_url":null,"page_entity_id":null,"content_hierarchy":[]},"links":[[[{"start":0,"end":6,"url":null,"entity_id":"Q2418295","candidates":[]}],[],[],[{"start":0,"end":17,"url":null,"entity_id":"Q941023","candidates":[]}]],[[{"start":0,"end":8,"url":null,"entity_id":"Q2323206","candidates":[]}],[],[],[{"start":0,"end":17,"url":null,"entity_id":"Q941023","candidates":[]}]],[[{"start":0,"end":7,"url":null,"entity_id":"Q2318684","candidates":[]}],[],[],[{"start":0,"end":17,"url":null,"entity_id":"Q941023","candidates":[]}]],[[{"start":0,"end":10,"url":null,"entity_id":"Q2304567","candidates":[]}],[],[],[{"start":0,"end":17,"url":null,"entity_id":"Q941023","candidates":[]}]],[[{"start":0,"end":8,"url":null,"entity_id":"Q3349760","candidates":[]}],[],[],[{"start":0,"end":9,"url":null,"entity_id":"Q5390","candidates":[]}]],[[{"start":0,"end":11,"url":null,"entity_id":"Q2446108","candidates":[]}],[],[],[{"start":0,"end":9,"url":null,"entity_id":"Q5390","candidates":[]}]],[[{"start":0,"end":8,"url":null,"entity_id":"Q2426530","candidates":[]}],[],[],[{"start":0,"end":9,"url":null,"entity_id":"Q5390","candidates":[]}]],[[{"start":0,"end":7,"url":null,"entity_id":"Q2323115","candidates":[]}],[],[],[{"start":0,"end":9,"url":null,"entity_id":"Q5390","candidates":[]}]],[[{"start":0,"end":7,"url":null,"entity_id":"Q2310716","candidates":[]}],[],[],[{"start":0,"end":9,"url":null,"entity_id":"Q5390","candidates":[]}]],[[{"start":0,"end":11,"url":null,"entity_id":"Q2086280","candidates":[]}],[],[],[{"start":0,"end":17,"url":null,"entity_id":"Q941023","candidates":[]}]],[[{"start":0,"end":8,"url":null,"entity_id":"Q2076221","candidates":[]}],[],[],[{"start":0,"end":17,"url":null,"entity_id":"Q941023","candidates":[]}]],[[{"start":0,"end":6,"url":null,"entity_id":"Q2076159","candidates":[]}],[],[],[{"start":0,"end":17,"url":null,"entity_id":"Q941023","candidates":[]}]],[[{"start":0,"end":8,"url":null,"entity_id":"Q1911833","candidates":[]}],[],[],[{"start":0,"end":17,"url":null,"entity_id":"Q941023","candidates":[]}]],[[{"start":0,"end":10,"url":null,"entity_id":"Q1905654","candidates":[]}],[],[],[{"start":0,"end":17,"url":null,"entity_id":"Q941023","candidates":[]}]],[[{"start":0,"end":6,"url":null,"entity_id":"Q1903749","candidates":[]}],[],[],[{"start":0,"end":17,"url":null,"entity_id":"Q941023","candidates":[]}]],[[{"start":0,"end":9,"url":null,"entity_id":"Q1876087","candidates":[]}],[],[],[{"start":0,"end":17,"url":null,"entity_id":"Q941023","candidates":[]}]],[[{"start":0,"end":6,"url":null,"entity_id":"Q1875742","candidates":[]}],[],[],[{"start":0,"end":17,"url":null,"entity_id":"Q941023","candidates":[]}]],[[{"start":0,"end":6,"url":null,"entity_id":"Q2283266","candidates":[]}],[],[],[{"start":0,"end":9,"url":null,"entity_id":"Q5390","candidates":[]}]],[[{"start":0,"end":9,"url":null,"entity_id":"Q2090461","candidates":[]}],[],[],[{"start":0,"end":9,"url":null,"entity_id":"Q5390","candidates":[]}]],[[{"start":0,"end":6,"url":null,"entity_id":"Q10385027","candidates":[]}],[],[],[{"start":0,"end":17,"url":null,"entity_id":"Q941023","candidates":[]}]]]}