{"version":"1.2","table":{"version":"2","table_id":"REJ8BCOS","columns":[{"index":0,"name":"col0","values":["Murderock","La Chiesa – Original Soundtrack","The Twilight Saga: Eclipse – The Score","The Twilight Saga: New Moon – The Score","Twilight – The Score","The Cardinal – An Original Soundtrack Recording","Nighthawks","Million Dollar Mystery – Original Motion Picture Soundtrack","Black Panther – Original Score","Philadelphia – Music from the Motion Picture","The Searcher – The Original Soundtrack – Deluxe Edition","Rodgers & Hammerstein's South Pacific – In Concert from Carnegie Hall","Flight of the Condor – Original Soundtrack Music from the BBC TV Series","Music From The Motion Picture Soundtrack \"Beverly Hills Cop\"","Good Burger – Music From the Original Motion Picture","Mr. & Mrs. Smith – Original Motion Picture Score","Midnight Run – Original Motion Picture Soundtrack","American Beauty – Original Motion Picture Score","Mr. & Mrs. Smith – Original Motion Picture Soundtrack","Bad Company – Music from the Motion Picture"]},{"index":1,"name":"col1","values":["1984-01-01","1989-01-01","2010-06-29","2009-11-24","2008-12-09","1963-01-01","1981-01-01","1987-01-01","2018-02-16","1993-01-01","2018-01-01","2006-01-01","1982-01-01","1984-12-01","1997-07-15","2005-01-01","1988-01-01","2000-01-11","2005-01-01","2002-06-04"]},{"index":2,"name":"col2","values":["Original soundtrack","Original Soundtrack","The Score","The Score","The Score","An Original Soundtrack Recording","Original Soundtrack","Original Motion Picture Soundtrack","Original Score","Music from the Motion Picture","The Original Soundtrack","In Concert from Carnegie Hall","Original Soundtrack Music from the BBC TV Series","Music From The Motion Picture Soundtrack","Music From the Original Motion Picture","Original Motion Picture Score","Original Motion Picture Soundtrack","Original Motion Picture Score","Original Motion Picture Soundtrack","Music From The Motion Picture"]},{"index":3,"name":"col3","values":["original soundtrack album","original soundtrack album","original soundtrack album","original soundtrack album","original soundtrack album","original soundtrack album","original soundtrack album","original soundtrack album","original soundtrack album","compilation soundtrack album","deluxe edition","cast recording","studio album","compilation soundtrack album","compilation soundtrack album","original soundtrack album","original soundtrack album","original soundtrack album","compilation soundtrack album","compilation soundtrack album"]}]},"context":{"page_title":null,"page_url":null,"page_entity_id":null,"content_hierarchy":[]},"links":[[[{"start":0,"end":31,"url":null,"entity_id":"Q85653337","candidates":[]}],[],[],[{"start":0,"end":25,"url":null,"entity_id":"Q64547452","candidates":[]}]],[[{"start":0,"end":38,"url":null,"entity_id":"Q80861456","candidates":[]}],[],[],[{"start":0,"end":25,"url":null,"entity_id":"Q64547452","candidates":[]}]],[[{"start":0,"end":39,"url":null,"entity_id":"Q80854686","candidates":[]}],[],[],[{"start":0,"end":25,"url":null,"entity_id":"Q64547452","candidates":[]}]],[[{"start":0,"end":20,"url":null,"entity_id":"Q80850308","candidates":[]}],[],[],[{"start":0,"end":25,"url":null,"entity_id":"Q64547452","candidates":[]}]],[[{"start":0,"end":47,"url":null,"entity_id":"Q79270073","candidates":[]}],[],[],[{"start":0,"end":25,"url":null,"entity_id":"Q64547452","candidates":[]}]],[[{"start":0,"end":10,"url":null,"entity_id":"Q77673329","candidates":[]}],[],[],[{"start":0,"end":25,"url":null,"entity_id":"Q64547452","candidates":[]}]],[[{"start":0,"end":59,"url":null,"entity_id":"Q77038621","candidates":[]}],[],[],[{"start":0,"end":25,"url":null,"entity_id":"Q64547452","candidates":[]}]],[[{"start":0,"end":30,"url":null,"entity_id":"Q61414304","candidates":[]}],[],[],[{"start":0,"end":25,"url":null,"entity_id":"Q64547452","candidates":[]}]],[[{"start":0,"end":44,"url":null,"entity_id":"Q56322323","candidates":[]}],[],[],[{"start":0,"end":28,"url":null,"entity_id":"Q60030240","candidates":[]}]],[[{"start":0,"end":55,"url":null,"entity_id":"Q61747974","candidates":[]}],[],[],[{"start":0,"end":14,"url":null,"entity_id":"Q58482603","candidates":[]}]],[[{"start":0,"end":69,"url":null,"entity_id":"Q78939673","candidates":[]}],[],[],[{"start":0,"end":14,"url":null,"entity_id":"Q5049564","candidates":[]}]],[[{"start":0,"end":71,"url":null,"entity_id":"Q56756106","candidates":[]}],[],[],[{"start":0,"end":12,"url":null,"entity_id":"Q208569","candidates":[]}]],[[{"start":0,"end":60,"url":null,"entity_id":"Q20064914","candidates":[]}],[],[],[{"start":0,"end":28,"url":null,"entity_id":"Q60030240","candidates":[]}]],[[{"start":0,"end":52,"url":null,"entity_id":"Q16993125","candidates":[]}],[],[],[{"start":0,"end":28,"url":null,"entity_id":"Q60030240","candidates":[]}]],[[{"start":0,"end":48,"url":null,"entity_id":"Q3327185","candidates":[]}],[],[],[{"start":0,"end":25,"url":null,"entity_id":"Q64547452","candidates":[]}]],[[{"start":0,"end":49,"url":null,"entity_id":"Q3312711","candidates":[]}],[],[],[{"start":0,"end":25,"url":null,"entity_id":"Q64547452","candidates":[]}]],[[{"start":0,"end":47,"url":null,"entity_id":"Q3283773","candidates":[]}],[],[],[{"start":0,"end":25,"url":null,"entity_id":"Q64547452","candidates":[]}]],[[{"start":0,"end":53,"url":null,"entity_id":"Q3327186","candidates":[]}],[],[],[{"start":0,"end":28,"url":null,"entity_id":"Q60030240","candidates":[]}]],[[{"start":0,"end":43,"url":null,"entity_id":"Q3287510","candidates":[]}],[],[],[{"start":0,"end":28,"url":null,"entity_id":"Q60030240","candidates":[]}]],[[{"start":0,"end":9,"url":null,"entity_id":"Q85821640","candidates":[]}],[],[],[{"start":0,"end":25,"url":null,"entity_id":"Q64547452","candidates":[]}]]]}