{"version":"1.2","table":{"version":"2","table_id":"REK6MQ58","columns":[{"index":0,"name":"col0","values":["Tillydrone","Thackley","Trinity, Edinburgh","Torphin","Tollcross, Edinburgh","Torry","Victoria Park","Tonge","Edinburgh Waterfront","Gaywood","Fairstead","Joppa, Edinburgh","Jock's Lodge","Low Moor","Greengates","Walsgrave on Sowe","Walton","West Pilton","West Coates","Warriston"]},{"index":1,"name":"col1","values":["Aberdeen","Bradford","Edinburgh","Edinburgh","Edinburgh","Aberdeen","Manchester","Bolton","Edinburgh","King's Lynn","King's Lynn","Edinburgh","Edinburgh","Bradford","Bradford","Coventry","Chesterfield","Edinburgh","Edinburgh","Edinburgh"]},{"index":2,"name":"col2","values":["Aberdeen","Bradford","Edinburgh","Edinburgh","Edinburgh","Aberdeen","Manchester","Bolton","City of Edinburgh","King's Lynn and West Norfolk","King's Lynn and West Norfolk","Edinburgh","Edinburgh","Bradford","Bradford","Coventry","Holymoorside and Walton","City of Edinburgh","City of Edinburgh","City of Edinburgh"]}]},"context":{"page_title":null,"page_url":null,"page_entity_id":null,"content_hierarchy":[]},"links":[[[{"start":0,"end":10,"url":null,"entity_id":"Q7802921","candidates":[]}],[{"start":0,"end":8,"url":null,"entity_id":"Q36405","candidates":[]}],[{"start":0,"end":8,"url":null,"entity_id":"Q68814792","candidates":[]}]],[[{"start":0,"end":8,"url":null,"entity_id":"Q7708917","candidates":[]}],[{"start":0,"end":8,"url":null,"entity_id":"Q22905","candidates":[]}],[{"start":0,"end":8,"url":null,"entity_id":"Q2834810","candidates":[]}]],[[{"start":0,"end":18,"url":null,"entity_id":"Q7842528","candidates":[]}],[{"start":0,"end":9,"url":null,"entity_id":"Q23436","candidates":[]}],[{"start":0,"end":9,"url":null,"entity_id":"Q68826067","candidates":[]}]],[[{"start":0,"end":7,"url":null,"entity_id":"Q7826758","candidates":[]}],[{"start":0,"end":9,"url":null,"entity_id":"Q23436","candidates":[]}],[{"start":0,"end":9,"url":null,"entity_id":"Q68826067","candidates":[]}]],[[{"start":0,"end":20,"url":null,"entity_id":"Q7814360","candidates":[]}],[{"start":0,"end":9,"url":null,"entity_id":"Q23436","candidates":[]}],[{"start":0,"end":9,"url":null,"entity_id":"Q68826067","candidates":[]}]],[[{"start":0,"end":5,"url":null,"entity_id":"Q7827168","candidates":[]}],[{"start":0,"end":8,"url":null,"entity_id":"Q36405","candidates":[]}],[{"start":0,"end":8,"url":null,"entity_id":"Q68814792","candidates":[]}]],[[{"start":0,"end":13,"url":null,"entity_id":"Q7926917","candidates":[]}],[{"start":0,"end":10,"url":null,"entity_id":"Q18125","candidates":[]}],[{"start":0,"end":10,"url":null,"entity_id":"Q21525592","candidates":[]}]],[[{"start":0,"end":5,"url":null,"entity_id":"Q7821065","candidates":[]}],[{"start":0,"end":6,"url":null,"entity_id":"Q184579","candidates":[]}],[{"start":0,"end":6,"url":null,"entity_id":"Q1364541","candidates":[]}]],[[{"start":0,"end":20,"url":null,"entity_id":"Q5338285","candidates":[]}],[{"start":0,"end":9,"url":null,"entity_id":"Q23436","candidates":[]}],[{"start":0,"end":17,"url":null,"entity_id":"Q2379199","candidates":[]}]],[[{"start":0,"end":7,"url":null,"entity_id":"Q5528939","candidates":[]}],[{"start":0,"end":11,"url":null,"entity_id":"Q157341","candidates":[]}],[{"start":0,"end":28,"url":null,"entity_id":"Q1742192","candidates":[]}]],[[{"start":0,"end":9,"url":null,"entity_id":"Q5430718","candidates":[]}],[{"start":0,"end":11,"url":null,"entity_id":"Q157341","candidates":[]}],[{"start":0,"end":28,"url":null,"entity_id":"Q1742192","candidates":[]}]],[[{"start":0,"end":16,"url":null,"entity_id":"Q6276190","candidates":[]}],[{"start":0,"end":9,"url":null,"entity_id":"Q23436","candidates":[]}],[{"start":0,"end":9,"url":null,"entity_id":"Q68826067","candidates":[]}]],[[{"start":0,"end":12,"url":null,"entity_id":"Q6207268","candidates":[]}],[{"start":0,"end":9,"url":null,"entity_id":"Q23436","candidates":[]}],[{"start":0,"end":9,"url":null,"entity_id":"Q68826067","candidates":[]}]],[[{"start":0,"end":8,"url":null,"entity_id":"Q6692921","candidates":[]}],[{"start":0,"end":8,"url":null,"entity_id":"Q22905","candidates":[]}],[{"start":0,"end":8,"url":null,"entity_id":"Q2834810","candidates":[]}]],[[{"start":0,"end":10,"url":null,"entity_id":"Q5604058","candidates":[]}],[{"start":0,"end":8,"url":null,"entity_id":"Q22905","candidates":[]}],[{"start":0,"end":8,"url":null,"entity_id":"Q2834810","candidates":[]}]],[[{"start":0,"end":17,"url":null,"entity_id":"Q7963805","candidates":[]}],[{"start":0,"end":8,"url":null,"entity_id":"Q6225","candidates":[]}],[{"start":0,"end":8,"url":null,"entity_id":"Q20986417","candidates":[]}]],[[{"start":0,"end":6,"url":null,"entity_id":"Q7966697","candidates":[]}],[{"start":0,"end":12,"url":null,"entity_id":"Q823600","candidates":[]}],[{"start":0,"end":23,"url":null,"entity_id":"Q20887996","candidates":[]}]],[[{"start":0,"end":11,"url":null,"entity_id":"Q7986222","candidates":[]}],[{"start":0,"end":9,"url":null,"entity_id":"Q23436","candidates":[]}],[{"start":0,"end":17,"url":null,"entity_id":"Q2379199","candidates":[]}]],[[{"start":0,"end":11,"url":null,"entity_id":"Q7984852","candidates":[]}],[{"start":0,"end":9,"url":null,"entity_id":"Q23436","candidates":[]}],[{"start":0,"end":17,"url":null,"entity_id":"Q2379199","candidates":[]}]],[[{"start":0,"end":9,"url":null,"entity_id":"Q7970835","candidates":[]}],[{"start":0,"end":9,"url":null,"entity_id":"Q23436","candidates":[]}],[{"start":0,"end":17,"url":null,"entity_id":"Q2379199","candidates":[]}]]]}