{"version":"1.2","table":{"version":"2","table_id":"REVNQSMX","columns":[{"index":0,"name":"col0","values":["Austrian men's U23 national road cycling team 2018","Australian men's U23 national road cycling team 2018","Netherlands men's U23 national road cycling team 2011","South African men's U23 national road cycling team 2012","United States men's U23 national road cycling team 2012","Polish men's U23 national road cycling team 2012","Swiss men's U23 national road cycling team 2013","Netherlands men's U23 national road cycling team 2013","Belgian men's U23 national road cycling team 2013","Italian men's U23 national road cycling team 2013","Ecuadoran men's U23 national road cycling team 2018","Rwandan men's U23 national road cycling team 2018","Spanish men's U23 national road cycling team 2013","French men's U23 national road cycling team 2013","French men's U23 national road cycling team 2012","Australian men's U23 national road cycling team 2012","Danish men's U23 national road cycling team 2010","Kazakh men's U23 national road cycling team 2010","Polish men's U23 national road cycling team 2010","Swiss men's U23 national road cycling team 2010"]},{"index":1,"name":"col1","values":["2018-12-31","2018-12-31","2011-12-31","2012-12-31","2012-12-31","2012-12-31","2013-12-31","2013-12-31","2013-12-31","2013-12-31","2018-12-31","2018-12-31","2013-12-31","2013-12-31","2012-12-31","2012-12-31","2010-12-31","2010-12-31","2010-12-31","2010-12-31"]},{"index":2,"name":"col2","values":["under-23 sport","under-23 sport","under-23 sport","under-23 sport","under-23 sport","under-23 sport","under-23 sport","under-23 sport","under-23 sport","under-23 sport","under-23 sport","under-23 sport","under-23 sport","under-23 sport","under-23 sport","under-23 sport","under-23 sport","under-23 sport","under-23 sport","under-23 sport"]}]},"context":{"page_title":null,"page_url":null,"page_entity_id":null,"content_hierarchy":[]},"links":[[[{"start":0,"end":52,"url":null,"entity_id":"Q55714149","candidates":[]}],[],[{"start":0,"end":14,"url":null,"entity_id":"Q14510042","candidates":[]}]],[[{"start":0,"end":53,"url":null,"entity_id":"Q55710609","candidates":[]}],[],[{"start":0,"end":14,"url":null,"entity_id":"Q14510042","candidates":[]}]],[[{"start":0,"end":55,"url":null,"entity_id":"Q55710141","candidates":[]}],[],[{"start":0,"end":14,"url":null,"entity_id":"Q14510042","candidates":[]}]],[[{"start":0,"end":55,"url":null,"entity_id":"Q55710140","candidates":[]}],[],[{"start":0,"end":14,"url":null,"entity_id":"Q14510042","candidates":[]}]],[[{"start":0,"end":48,"url":null,"entity_id":"Q55710139","candidates":[]}],[],[{"start":0,"end":14,"url":null,"entity_id":"Q14510042","candidates":[]}]],[[{"start":0,"end":47,"url":null,"entity_id":"Q55709977","candidates":[]}],[],[{"start":0,"end":14,"url":null,"entity_id":"Q14510042","candidates":[]}]],[[{"start":0,"end":53,"url":null,"entity_id":"Q55709849","candidates":[]}],[],[{"start":0,"end":14,"url":null,"entity_id":"Q14510042","candidates":[]}]],[[{"start":0,"end":49,"url":null,"entity_id":"Q55709771","candidates":[]}],[],[{"start":0,"end":14,"url":null,"entity_id":"Q14510042","candidates":[]}]],[[{"start":0,"end":49,"url":null,"entity_id":"Q55709747","candidates":[]}],[],[{"start":0,"end":14,"url":null,"entity_id":"Q14510042","candidates":[]}]],[[{"start":0,"end":51,"url":null,"entity_id":"Q55709208","candidates":[]}],[],[{"start":0,"end":14,"url":null,"entity_id":"Q14510042","candidates":[]}]],[[{"start":0,"end":49,"url":null,"entity_id":"Q55709170","candidates":[]}],[],[{"start":0,"end":14,"url":null,"entity_id":"Q14510042","candidates":[]}]],[[{"start":0,"end":49,"url":null,"entity_id":"Q55705958","candidates":[]}],[],[{"start":0,"end":14,"url":null,"entity_id":"Q14510042","candidates":[]}]],[[{"start":0,"end":48,"url":null,"entity_id":"Q55705660","candidates":[]}],[],[{"start":0,"end":14,"url":null,"entity_id":"Q14510042","candidates":[]}]],[[{"start":0,"end":48,"url":null,"entity_id":"Q55705658","candidates":[]}],[],[{"start":0,"end":14,"url":null,"entity_id":"Q14510042","candidates":[]}]],[[{"start":0,"end":52,"url":null,"entity_id":"Q55705656","candidates":[]}],[],[{"start":0,"end":14,"url":null,"entity_id":"Q14510042","candidates":[]}]],[[{"start":0,"end":48,"url":null,"entity_id":"Q55702323","candidates":[]}],[],[{"start":0,"end":14,"url":null,"entity_id":"Q14510042","candidates":[]}]],[[{"start":0,"end":48,"url":null,"entity_id":"Q55702321","candidates":[]}],[],[{"start":0,"end":14,"url":null,"entity_id":"Q14510042","candidates":[]}]],[[{"start":0,"end":48,"url":null,"entity_id":"Q55702320","candidates":[]}],[],[{"start":0,"end":14,"url":null,"entity_id":"Q14510042","candidates":[]}]],[[{"start":0,"end":47,"url":null,"entity_id":"Q55702318","candidates":[]}],[],[{"start":0,"end":14,"url":null,"entity_id":"Q14510042","candidates":[]}]],[[{"start":0,"end":50,"url":null,"entity_id":"Q55714150","candidates":[]}],[],[{"start":0,"end":14,"url":null,"entity_id":"Q14510042","candidates":[]}]]]}