{"version":"1.2","table":{"version":"2","table_id":"RFKCOA0Q","columns":[{"index":0,"name":"col0","values":["Ttofaiach","Limbadh bei Neudau","Eichderg","Grtwein","Pöls","ttendqrf","Unverpremstätten","Rewznei","Aug-adisch","Flatchach","Krumeg","Tulitz","Seiersbrg","Ratsch an der Weinstrße","Brghausen","chrattenbach","Mtterndorf an der Fischa","Gosdor","Grkmmenstein","Dobl"]},{"index":1,"name":"col1","values":["Vordernberg","Sebersdorf","Riegersberg","Eisbach","Oberkurzheim","Hitzendorf","Haselsdorf-Tobelbad","Wagna","Unterauersbach","Gaal","Edelsgrub","Schrems bei Frohnleiten","Attendorf","Gamlitz","Spielfeld","Ternitz","Ebreichsdorf","Sankt Peter am Ottersbach","Feistritz am Wechsel","Lieboch"]},{"index":2,"name":"col2","values":["1654.0","104.58","370.30299999999994","967.0","806.85","697.495","1212.42","92.442","91.63699999999999","57.942","457.773","144.00099999999998","2167.064","190.76","245.464","23.23","496.5","515.088","296.888","598.1579999999999"]}]},"context":{"page_title":null,"page_url":null,"page_entity_id":null,"content_hierarchy":[]},"links":[[[{"start":0,"end":18,"url":null,"entity_id":"Q689671","candidates":[]}],[{"start":0,"end":10,"url":null,"entity_id":"Q701671","candidates":[]}],[]],[[{"start":0,"end":8,"url":null,"entity_id":"Q690910","candidates":[]}],[{"start":0,"end":11,"url":null,"entity_id":"Q701433","candidates":[]}],[]],[[{"start":0,"end":7,"url":null,"entity_id":"Q691262","candidates":[]}],[{"start":0,"end":7,"url":null,"entity_id":"Q700603","candidates":[]}],[]],[[{"start":0,"end":4,"url":null,"entity_id":"Q691165","candidates":[]}],[{"start":0,"end":12,"url":null,"entity_id":"Q696342","candidates":[]}],[]],[[{"start":0,"end":8,"url":null,"entity_id":"Q680044","candidates":[]}],[{"start":0,"end":10,"url":null,"entity_id":"Q696264","candidates":[]}],[]],[[{"start":0,"end":16,"url":null,"entity_id":"Q690041","candidates":[]}],[{"start":0,"end":19,"url":null,"entity_id":"Q695450","candidates":[]}],[]],[[{"start":0,"end":7,"url":null,"entity_id":"Q689467","candidates":[]}],[{"start":0,"end":5,"url":null,"entity_id":"Q693460","candidates":[]}],[]],[[{"start":0,"end":10,"url":null,"entity_id":"Q693475","candidates":[]}],[{"start":0,"end":14,"url":null,"entity_id":"Q693433","candidates":[]}],[]],[[{"start":0,"end":9,"url":null,"entity_id":"Q690071","candidates":[]}],[{"start":0,"end":4,"url":null,"entity_id":"Q689376","candidates":[]}],[]],[[{"start":0,"end":6,"url":null,"entity_id":"Q695432","candidates":[]}],[{"start":0,"end":9,"url":null,"entity_id":"Q689153","candidates":[]}],[]],[[{"start":0,"end":6,"url":null,"entity_id":"Q689451","candidates":[]}],[{"start":0,"end":23,"url":null,"entity_id":"Q687516","candidates":[]}],[]],[[{"start":0,"end":9,"url":null,"entity_id":"Q688974","candidates":[]}],[{"start":0,"end":9,"url":null,"entity_id":"Q680044","candidates":[]}],[]],[[{"start":0,"end":23,"url":null,"entity_id":"Q688131","candidates":[]}],[{"start":0,"end":7,"url":null,"entity_id":"Q672576","candidates":[]}],[]],[[{"start":0,"end":9,"url":null,"entity_id":"Q691130","candidates":[]}],[{"start":0,"end":9,"url":null,"entity_id":"Q672498","candidates":[]}],[]],[[{"start":0,"end":12,"url":null,"entity_id":"Q675125","candidates":[]}],[{"start":0,"end":7,"url":null,"entity_id":"Q659984","candidates":[]}],[]],[[{"start":0,"end":24,"url":null,"entity_id":"Q677094","candidates":[]}],[{"start":0,"end":12,"url":null,"entity_id":"Q646396","candidates":[]}],[]],[[{"start":0,"end":6,"url":null,"entity_id":"Q680274","candidates":[]}],[{"start":0,"end":25,"url":null,"entity_id":"Q639181","candidates":[]}],[]],[[{"start":0,"end":12,"url":null,"entity_id":"Q676179","candidates":[]}],[{"start":0,"end":20,"url":null,"entity_id":"Q585693","candidates":[]}],[]],[[{"start":0,"end":4,"url":null,"entity_id":"Q689653","candidates":[]}],[{"start":0,"end":7,"url":null,"entity_id":"Q509098","candidates":[]}],[]],[[{"start":0,"end":9,"url":null,"entity_id":"Q675834","candidates":[]}],[{"start":0,"end":11,"url":null,"entity_id":"Q876380","candidates":[]}],[]]]}