{"version":"1.2","table":{"version":"2","table_id":"RFSNR3XS","columns":[{"index":0,"name":"col0","values":["Soyuz 27","Chang'e 4","Apollo 8","Soyuz MS-01","Kosmos 382","Kosmos 2499","Sentinel-5 Precursor","Kounotori 5","Soyuz MS-09","ISEE-2","ISEE-1","Soyuz MS-05","Progress MS-13","Soyuz TM-8","Orbiting Frog Otolith","Soyuz TM-15","Soyuz TM-17","Soyuz TM-16","Soyuz TM-9","Soyuz TM-21"]},{"index":1,"name":"col1","values":["Soyuz-U","Long March 3B","Saturn V","Soyuz-FG","Proton-K","Rokot","Rokot","H-IIB","Long March 3A","Delta 2000","Delta 2000","Soyuz-FG","Soyuz 2","Soyuz-U2","Scout B","Soyuz-U2","Soyuz-U2","Soyuz-U2","Soyuz-U2","Soyuz-U2"]},{"index":2,"name":"col2","values":["docking and berthing of spacecraft","Moon landing","lection","rocket launch","rocket launch","rocket launch","rocket launch","rocket launch","rocket launch","rocket launch","rocket launch","docking and berthing of spacecraft","docking and berthing of spacecraft","landing","rocket launch","rocket launch","rocket launch","rocket launch","rocket launch","rocket launch"]}]},"context":{"page_title":null,"page_url":null,"page_entity_id":null,"content_hierarchy":[]},"links":[[[{"start":0,"end":8,"url":null,"entity_id":"Q734249","candidates":[]}],[{"start":0,"end":7,"url":null,"entity_id":"Q660345","candidates":[]}],[{"start":0,"end":34,"url":null,"entity_id":"Q557450","candidates":[]}]],[[{"start":0,"end":9,"url":null,"entity_id":"Q723045","candidates":[]}],[{"start":0,"end":13,"url":null,"entity_id":"Q54164","candidates":[]}],[{"start":0,"end":12,"url":null,"entity_id":"Q495307","candidates":[]}]],[[{"start":0,"end":8,"url":null,"entity_id":"Q184201","candidates":[]}],[{"start":0,"end":8,"url":null,"entity_id":"Q54363","candidates":[]}],[{"start":0,"end":7,"url":null,"entity_id":"Q337921","candidates":[]}]],[[{"start":0,"end":11,"url":null,"entity_id":"Q15971488","candidates":[]}],[{"start":0,"end":8,"url":null,"entity_id":"Q2415633","candidates":[]}],[{"start":0,"end":13,"url":null,"entity_id":"Q797476","candidates":[]}]],[[{"start":0,"end":10,"url":null,"entity_id":"Q12753823","candidates":[]}],[{"start":0,"end":8,"url":null,"entity_id":"Q1756428","candidates":[]}],[{"start":0,"end":13,"url":null,"entity_id":"Q797476","candidates":[]}]],[[{"start":0,"end":11,"url":null,"entity_id":"Q18543495","candidates":[]}],[{"start":0,"end":5,"url":null,"entity_id":"Q682764","candidates":[]}],[{"start":0,"end":13,"url":null,"entity_id":"Q797476","candidates":[]}]],[[{"start":0,"end":20,"url":null,"entity_id":"Q17502490","candidates":[]}],[{"start":0,"end":5,"url":null,"entity_id":"Q682764","candidates":[]}],[{"start":0,"end":13,"url":null,"entity_id":"Q797476","candidates":[]}]],[[{"start":0,"end":11,"url":null,"entity_id":"Q16821032","candidates":[]}],[{"start":0,"end":5,"url":null,"entity_id":"Q60580","candidates":[]}],[{"start":0,"end":13,"url":null,"entity_id":"Q797476","candidates":[]}]],[[{"start":0,"end":11,"url":null,"entity_id":"Q23937039","candidates":[]}],[{"start":0,"end":13,"url":null,"entity_id":"Q54162","candidates":[]}],[{"start":0,"end":13,"url":null,"entity_id":"Q797476","candidates":[]}]],[[{"start":0,"end":6,"url":null,"entity_id":"Q16063713","candidates":[]}],[{"start":0,"end":10,"url":null,"entity_id":"Q49516","candidates":[]}],[{"start":0,"end":13,"url":null,"entity_id":"Q797476","candidates":[]}]],[[{"start":0,"end":6,"url":null,"entity_id":"Q16063700","candidates":[]}],[{"start":0,"end":10,"url":null,"entity_id":"Q49516","candidates":[]}],[{"start":0,"end":13,"url":null,"entity_id":"Q797476","candidates":[]}]],[[{"start":0,"end":11,"url":null,"entity_id":"Q20667807","candidates":[]}],[{"start":0,"end":8,"url":null,"entity_id":"Q2415633","candidates":[]}],[{"start":0,"end":34,"url":null,"entity_id":"Q557450","candidates":[]}]],[[{"start":0,"end":14,"url":null,"entity_id":"Q67478960","candidates":[]}],[{"start":0,"end":7,"url":null,"entity_id":"Q619816","candidates":[]}],[{"start":0,"end":34,"url":null,"entity_id":"Q557450","candidates":[]}]],[[{"start":0,"end":10,"url":null,"entity_id":"Q1424265","candidates":[]}],[{"start":0,"end":8,"url":null,"entity_id":"Q5957052","candidates":[]}],[{"start":0,"end":7,"url":null,"entity_id":"Q844947","candidates":[]}]],[[{"start":0,"end":21,"url":null,"entity_id":"Q7100107","candidates":[]}],[{"start":0,"end":7,"url":null,"entity_id":"Q10368958","candidates":[]}],[{"start":0,"end":13,"url":null,"entity_id":"Q797476","candidates":[]}]],[[{"start":0,"end":11,"url":null,"entity_id":"Q1540622","candidates":[]}],[{"start":0,"end":8,"url":null,"entity_id":"Q5957052","candidates":[]}],[{"start":0,"end":13,"url":null,"entity_id":"Q797476","candidates":[]}]],[[{"start":0,"end":11,"url":null,"entity_id":"Q1540613","candidates":[]}],[{"start":0,"end":8,"url":null,"entity_id":"Q5957052","candidates":[]}],[{"start":0,"end":13,"url":null,"entity_id":"Q797476","candidates":[]}]],[[{"start":0,"end":11,"url":null,"entity_id":"Q1540599","candidates":[]}],[{"start":0,"end":8,"url":null,"entity_id":"Q5957052","candidates":[]}],[{"start":0,"end":13,"url":null,"entity_id":"Q797476","candidates":[]}]],[[{"start":0,"end":10,"url":null,"entity_id":"Q1475435","candidates":[]}],[{"start":0,"end":8,"url":null,"entity_id":"Q5957052","candidates":[]}],[{"start":0,"end":13,"url":null,"entity_id":"Q797476","candidates":[]}]],[[{"start":0,"end":11,"url":null,"entity_id":"Q1424853","candidates":[]}],[{"start":0,"end":8,"url":null,"entity_id":"Q5957052","candidates":[]}],[{"start":0,"end":13,"url":null,"entity_id":"Q797476","candidates":[]}]]]}