{"version":"1.2","table":{"version":"2","table_id":"RG5BHX4K","columns":[{"index":0,"name":"col0","values":["Villiers and Heytesbury","The Murray","Yarraville","Syndal","Reservoir","Dundas","Port Melbourne","Tullamarine","Collingwood","Seymour","Warrnambool","Maryborough and Daylesford","Mitcham","Clifton Hill","Clayton","Bulla","Keilor","Moonee Ponds","Flemington","Fitzroy"]},{"index":1,"name":"col1","values":["Victoria","Victoria","Victoria","Victoria","Victoria","Victoria","Victoria","Victoria","Victoria","Victoria","Victoria","Victoria","Victoria","Victoria","Victoria","Victoria","Victoria","Victoria","Victoria","Victoria"]},{"index":2,"name":"col2","values":["Australia","Colony of Victoria","Australia","Australia","Australia","Australia","Australia","Australia","Australia","Australia","Australia","Australia","Australia","Australia","Australia","Australia","Australia","Australia","Australia","Australia"]},{"index":3,"name":"col3","values":["1904-01-01","1877-01-01","1967-01-01","1992-01-01","1992-01-01","1976-01-01","1958-01-01","2002-01-01","1958-01-01","2014-01-01","1955-01-01","1945-01-01","2014-01-01","1955-01-01","2014-01-01","1927-01-01","2014-01-01","1976-01-01","1967-01-01","1967-01-01"]},{"index":4,"name":"col4","values":["1856-01-01","1856-01-01","1958-01-01","1967-01-01","1955-01-01","1856-01-01","1889-01-01","1992-01-01","1856-01-01","1992-01-01","1856-01-01","1927-01-01","1967-01-01","1927-01-01","1985-01-01","1904-01-01","1976-01-01","1945-01-01","1955-01-01","1958-01-01"]},{"index":5,"name":"col5","values":["Heytesbury","Murray River","Yarraville","Syndal","Reservoir","Dundas","Port Melbourne","Tullamarine","Collingwood","Seymour","Warrnambool","Maryborough","Mitcham","Clifton Hill","Clayton","Bulla","Keilor","Moonee Ponds","Flemington","Fitzroy"]}]},"context":{"page_title":null,"page_url":null,"page_entity_id":null,"content_hierarchy":[]},"links":[[[{"start":0,"end":23,"url":null,"entity_id":"Q16902719","candidates":[]}],[{"start":0,"end":8,"url":null,"entity_id":"Q36687","candidates":[]}],[{"start":0,"end":9,"url":null,"entity_id":"Q408","candidates":[]}],[],[],[{"start":0,"end":10,"url":null,"entity_id":"Q5177869","candidates":[]}]],[[{"start":0,"end":10,"url":null,"entity_id":"Q14935132","candidates":[]}],[{"start":0,"end":8,"url":null,"entity_id":"Q36687","candidates":[]}],[{"start":0,"end":18,"url":null,"entity_id":"Q56850459","candidates":[]}],[],[],[{"start":0,"end":12,"url":null,"entity_id":"Q183078","candidates":[]}]],[[{"start":0,"end":10,"url":null,"entity_id":"Q5356162","candidates":[]}],[{"start":0,"end":8,"url":null,"entity_id":"Q36687","candidates":[]}],[{"start":0,"end":9,"url":null,"entity_id":"Q408","candidates":[]}],[],[],[{"start":0,"end":10,"url":null,"entity_id":"Q8049542","candidates":[]}]],[[{"start":0,"end":6,"url":null,"entity_id":"Q5356017","candidates":[]}],[{"start":0,"end":8,"url":null,"entity_id":"Q36687","candidates":[]}],[{"start":0,"end":9,"url":null,"entity_id":"Q408","candidates":[]}],[],[],[{"start":0,"end":6,"url":null,"entity_id":"Q7662283","candidates":[]}]],[[{"start":0,"end":9,"url":null,"entity_id":"Q5355891","candidates":[]}],[{"start":0,"end":8,"url":null,"entity_id":"Q36687","candidates":[]}],[{"start":0,"end":9,"url":null,"entity_id":"Q408","candidates":[]}],[],[],[{"start":0,"end":9,"url":null,"entity_id":"Q7315303","candidates":[]}]],[[{"start":0,"end":6,"url":null,"entity_id":"Q14935099","candidates":[]}],[{"start":0,"end":8,"url":null,"entity_id":"Q36687","candidates":[]}],[{"start":0,"end":9,"url":null,"entity_id":"Q408","candidates":[]}],[],[],[{"start":0,"end":6,"url":null,"entity_id":"Q5177849","candidates":[]}]],[[{"start":0,"end":14,"url":null,"entity_id":"Q5355869","candidates":[]}],[{"start":0,"end":8,"url":null,"entity_id":"Q36687","candidates":[]}],[{"start":0,"end":9,"url":null,"entity_id":"Q408","candidates":[]}],[],[],[{"start":0,"end":14,"url":null,"entity_id":"Q1623026","candidates":[]}]],[[{"start":0,"end":11,"url":null,"entity_id":"Q5356047","candidates":[]}],[{"start":0,"end":8,"url":null,"entity_id":"Q36687","candidates":[]}],[{"start":0,"end":9,"url":null,"entity_id":"Q408","candidates":[]}],[],[],[{"start":0,"end":11,"url":null,"entity_id":"Q1521059","candidates":[]}]],[[{"start":0,"end":11,"url":null,"entity_id":"Q15216408","candidates":[]}],[{"start":0,"end":8,"url":null,"entity_id":"Q36687","candidates":[]}],[{"start":0,"end":9,"url":null,"entity_id":"Q408","candidates":[]}],[],[],[{"start":0,"end":11,"url":null,"entity_id":"Q1109698","candidates":[]}]],[[{"start":0,"end":7,"url":null,"entity_id":"Q16962365","candidates":[]}],[{"start":0,"end":8,"url":null,"entity_id":"Q36687","candidates":[]}],[{"start":0,"end":9,"url":null,"entity_id":"Q408","candidates":[]}],[],[],[{"start":0,"end":7,"url":null,"entity_id":"Q985689","candidates":[]}]],[[{"start":0,"end":11,"url":null,"entity_id":"Q55732330","candidates":[]}],[{"start":0,"end":8,"url":null,"entity_id":"Q36687","candidates":[]}],[{"start":0,"end":9,"url":null,"entity_id":"Q408","candidates":[]}],[],[],[{"start":0,"end":11,"url":null,"entity_id":"Q705867","candidates":[]}]],[[{"start":0,"end":26,"url":null,"entity_id":"Q5355640","candidates":[]}],[{"start":0,"end":8,"url":null,"entity_id":"Q36687","candidates":[]}],[{"start":0,"end":9,"url":null,"entity_id":"Q408","candidates":[]}],[],[],[{"start":0,"end":11,"url":null,"entity_id":"Q1014561","candidates":[]}]],[[{"start":0,"end":7,"url":null,"entity_id":"Q5355669","candidates":[]}],[{"start":0,"end":8,"url":null,"entity_id":"Q36687","candidates":[]}],[{"start":0,"end":9,"url":null,"entity_id":"Q408","candidates":[]}],[],[],[{"start":0,"end":7,"url":null,"entity_id":"Q6881034","candidates":[]}]],[[{"start":0,"end":12,"url":null,"entity_id":"Q5355245","candidates":[]}],[{"start":0,"end":8,"url":null,"entity_id":"Q36687","candidates":[]}],[{"start":0,"end":9,"url":null,"entity_id":"Q408","candidates":[]}],[],[],[{"start":0,"end":12,"url":null,"entity_id":"Q5133240","candidates":[]}]],[[{"start":0,"end":7,"url":null,"entity_id":"Q5355242","candidates":[]}],[{"start":0,"end":8,"url":null,"entity_id":"Q36687","candidates":[]}],[{"start":0,"end":9,"url":null,"entity_id":"Q408","candidates":[]}],[],[],[{"start":0,"end":7,"url":null,"entity_id":"Q5130161","candidates":[]}]],[[{"start":0,"end":5,"url":null,"entity_id":"Q5355172","candidates":[]}],[{"start":0,"end":8,"url":null,"entity_id":"Q36687","candidates":[]}],[{"start":0,"end":9,"url":null,"entity_id":"Q408","candidates":[]}],[],[],[{"start":0,"end":5,"url":null,"entity_id":"Q4996655","candidates":[]}]],[[{"start":0,"end":6,"url":null,"entity_id":"Q5355556","candidates":[]}],[{"start":0,"end":8,"url":null,"entity_id":"Q36687","candidates":[]}],[{"start":0,"end":9,"url":null,"entity_id":"Q408","candidates":[]}],[],[],[{"start":0,"end":6,"url":null,"entity_id":"Q1638235","candidates":[]}]],[[{"start":0,"end":12,"url":null,"entity_id":"Q5355685","candidates":[]}],[{"start":0,"end":8,"url":null,"entity_id":"Q36687","candidates":[]}],[{"start":0,"end":9,"url":null,"entity_id":"Q408","candidates":[]}],[],[],[{"start":0,"end":12,"url":null,"entity_id":"Q1586921","candidates":[]}]],[[{"start":0,"end":10,"url":null,"entity_id":"Q5355402","candidates":[]}],[{"start":0,"end":8,"url":null,"entity_id":"Q36687","candidates":[]}],[{"start":0,"end":9,"url":null,"entity_id":"Q408","candidates":[]}],[],[],[{"start":0,"end":10,"url":null,"entity_id":"Q1427991","candidates":[]}]],[[{"start":0,"end":7,"url":null,"entity_id":"Q5355401","candidates":[]}],[{"start":0,"end":8,"url":null,"entity_id":"Q36687","candidates":[]}],[{"start":0,"end":9,"url":null,"entity_id":"Q408","candidates":[]}],[],[],[{"start":0,"end":7,"url":null,"entity_id":"Q1421389","candidates":[]}]]]}