{"version":"1.2","table":{"version":"2","table_id":"RINHVVXL","columns":[{"index":0,"name":"col0","values":["Brinquedo - Panelinha (Tampa De)","Brinquedo - Conjunto de Cozinha","Brinquedo - Concha","Brinquedo - Panelinha de Escorrer","Brinquedo - Panelinha com Tampa","Brinquedo - Máquina de Costura","Brinquedo - Apito","Brinquedo - Trenzinho","Brinquedo - Avião (Jato) com Caixa Original","Brinquedo - Veículo Amassa-Barro","Brinquedo - Ônibus \"Expresso Brasileiro\"","Brinquedo - Carrinho para Praia","Brinquedo - Carrinho para Praia","Brinquedo - Bonde","Brinquedo - Balde para Praia","Brinquedo - Balde de Praia","Brinquedo - Balde de Praia","Brinquedo - Trenzinho - Trem de Carga","Brinquedo - Motocicleta","Brinquedo - Lata de Mantimentos"]},{"index":1,"name":"col1","values":["aluminum","aluminum","aluminum","wood","wood","wood","wood","metal","metal","metal","metal","metal","metal","metal","metal","metal","metal","metal","metal","metal"]},{"index":2,"name":"col2","values":["Museu Paulista collection","Museu Paulista collection","Museu Paulista collection","Museu Paulista collection","Museu Paulista collection","Museu Paulista collection","Museu Paulista collection","Museu Paulista collection","Museu Paulista collection","Museu Paulista collection","Museu Paulista collection","Museu Paulista collection","Museu Paulista collection","Museu Paulista collection","Museu Paulista collection","Museu Paulista collection","Museu Paulista collection","Museu Paulista collection","Museu Paulista collection","Museu Paulista collection"]}]},"context":{"page_title":null,"page_url":null,"page_entity_id":null,"content_hierarchy":[]},"links":[[[{"start":0,"end":31,"url":null,"entity_id":"Q65033093","candidates":[]}],[{"start":0,"end":8,"url":null,"entity_id":"Q663","candidates":[]}],[{"start":0,"end":25,"url":null,"entity_id":"Q56677470","candidates":[]}]],[[{"start":0,"end":18,"url":null,"entity_id":"Q65033092","candidates":[]}],[{"start":0,"end":8,"url":null,"entity_id":"Q663","candidates":[]}],[{"start":0,"end":25,"url":null,"entity_id":"Q56677470","candidates":[]}]],[[{"start":0,"end":33,"url":null,"entity_id":"Q65033102","candidates":[]}],[{"start":0,"end":4,"url":null,"entity_id":"Q287","candidates":[]}],[{"start":0,"end":25,"url":null,"entity_id":"Q56677470","candidates":[]}]],[[{"start":0,"end":31,"url":null,"entity_id":"Q65033101","candidates":[]}],[{"start":0,"end":4,"url":null,"entity_id":"Q287","candidates":[]}],[{"start":0,"end":25,"url":null,"entity_id":"Q56677470","candidates":[]}]],[[{"start":0,"end":30,"url":null,"entity_id":"Q65033090","candidates":[]}],[{"start":0,"end":4,"url":null,"entity_id":"Q287","candidates":[]}],[{"start":0,"end":25,"url":null,"entity_id":"Q56677470","candidates":[]}]],[[{"start":0,"end":17,"url":null,"entity_id":"Q65033089","candidates":[]}],[{"start":0,"end":4,"url":null,"entity_id":"Q287","candidates":[]}],[{"start":0,"end":25,"url":null,"entity_id":"Q56677470","candidates":[]}]],[[{"start":0,"end":21,"url":null,"entity_id":"Q65033159","candidates":[]}],[{"start":0,"end":5,"url":null,"entity_id":"Q11426","candidates":[]}],[{"start":0,"end":25,"url":null,"entity_id":"Q56677470","candidates":[]}]],[[{"start":0,"end":43,"url":null,"entity_id":"Q65033158","candidates":[]}],[{"start":0,"end":5,"url":null,"entity_id":"Q11426","candidates":[]}],[{"start":0,"end":25,"url":null,"entity_id":"Q56677470","candidates":[]}]],[[{"start":0,"end":32,"url":null,"entity_id":"Q65033157","candidates":[]}],[{"start":0,"end":5,"url":null,"entity_id":"Q11426","candidates":[]}],[{"start":0,"end":25,"url":null,"entity_id":"Q56677470","candidates":[]}]],[[{"start":0,"end":40,"url":null,"entity_id":"Q65033156","candidates":[]}],[{"start":0,"end":5,"url":null,"entity_id":"Q11426","candidates":[]}],[{"start":0,"end":25,"url":null,"entity_id":"Q56677470","candidates":[]}]],[[{"start":0,"end":31,"url":null,"entity_id":"Q65033155","candidates":[]}],[{"start":0,"end":5,"url":null,"entity_id":"Q11426","candidates":[]}],[{"start":0,"end":25,"url":null,"entity_id":"Q56677470","candidates":[]}]],[[{"start":0,"end":31,"url":null,"entity_id":"Q65033154","candidates":[]}],[{"start":0,"end":5,"url":null,"entity_id":"Q11426","candidates":[]}],[{"start":0,"end":25,"url":null,"entity_id":"Q56677470","candidates":[]}]],[[{"start":0,"end":17,"url":null,"entity_id":"Q65033153","candidates":[]}],[{"start":0,"end":5,"url":null,"entity_id":"Q11426","candidates":[]}],[{"start":0,"end":25,"url":null,"entity_id":"Q56677470","candidates":[]}]],[[{"start":0,"end":28,"url":null,"entity_id":"Q65033152","candidates":[]}],[{"start":0,"end":5,"url":null,"entity_id":"Q11426","candidates":[]}],[{"start":0,"end":25,"url":null,"entity_id":"Q56677470","candidates":[]}]],[[{"start":0,"end":26,"url":null,"entity_id":"Q65033151","candidates":[]}],[{"start":0,"end":5,"url":null,"entity_id":"Q11426","candidates":[]}],[{"start":0,"end":25,"url":null,"entity_id":"Q56677470","candidates":[]}]],[[{"start":0,"end":26,"url":null,"entity_id":"Q65033150","candidates":[]}],[{"start":0,"end":5,"url":null,"entity_id":"Q11426","candidates":[]}],[{"start":0,"end":25,"url":null,"entity_id":"Q56677470","candidates":[]}]],[[{"start":0,"end":37,"url":null,"entity_id":"Q65033149","candidates":[]}],[{"start":0,"end":5,"url":null,"entity_id":"Q11426","candidates":[]}],[{"start":0,"end":25,"url":null,"entity_id":"Q56677470","candidates":[]}]],[[{"start":0,"end":23,"url":null,"entity_id":"Q65033148","candidates":[]}],[{"start":0,"end":5,"url":null,"entity_id":"Q11426","candidates":[]}],[{"start":0,"end":25,"url":null,"entity_id":"Q56677470","candidates":[]}]],[[{"start":0,"end":31,"url":null,"entity_id":"Q65033147","candidates":[]}],[{"start":0,"end":5,"url":null,"entity_id":"Q11426","candidates":[]}],[{"start":0,"end":25,"url":null,"entity_id":"Q56677470","candidates":[]}]],[[{"start":0,"end":32,"url":null,"entity_id":"Q65033094","candidates":[]}],[{"start":0,"end":8,"url":null,"entity_id":"Q663","candidates":[]}],[{"start":0,"end":25,"url":null,"entity_id":"Q56677470","candidates":[]}]]]}