{"version":"1.2","table":{"version":"2","table_id":"RIR86N1U","columns":[{"index":0,"name":"col0","values":["Ichinohe High School","Iwate Prefectural Morioka Agricultural High School","Iwate Prefectural Morioka Kita High School","Yamagata Prefectural Sagae High School","Tsuruoka Technical High School","Yamagata Prefectural Yonezawa Kojokan High School","Yamagata Kenritsu Yonezawa Higashi Kōtō Gakkō","Yonezawa Technical High School","Iwate Kenritsu Fukuoka Kōtō Gakkō","Yamagata Prefectural Sakata Higashi High School","Ichinoseki Daiichi Senior High School","Iwate Prefectural Mizusawa Agricultural High School","Iwate Prefectural Mizusawa High School","Yamagata Prefectural Tendō High School","Hanakita Seiun High School","Yamagata Prefectural Yamagata East High School","Yamagata Prefectural Yamagata Central High School","Morioka First High School","Iwate Prefectural Toryo High School","Tokyo Metropolitan Saginomiya High School"]},{"index":1,"name":"col1","values":["1911-01-01","1879-01-01","1974-04-01","1921-01-01","1920-01-01","1697-01-01","1898-01-01","1897-01-01","1901-01-01","1920-01-01","1898-01-01","1903-01-01","1911-04-15","1920-01-01","1953-04-01","1884-10-29","1946-04-01","1880-05-13","1924-10-13","1912-01-01"]},{"index":2,"name":"col2","values":["Ichinohe","Takizawa","Takizawa","Sagae","Tsuruoka","Yonezawa","Yonezawa","Yonezawa","Ninohe","Sakata","Ichinoseki","Ōshū","Ōshū","Tendō","Hanamaki","Yamagata","Yamagata","Morioka","Morioka","Nakano-ku"]},{"index":3,"name":"col3","values":["9","16","18","50","61","49","39","66","18","46","6","7","18","42","12","56","56","21","26","21"]}]},"context":{"page_title":null,"page_url":null,"page_entity_id":null,"content_hierarchy":[]},"links":[[[{"start":0,"end":20,"url":null,"entity_id":"Q11474700","candidates":[]}],[],[{"start":0,"end":8,"url":null,"entity_id":"Q1205998","candidates":[]}],[]],[[{"start":0,"end":50,"url":null,"entity_id":"Q11474757","candidates":[]}],[],[{"start":0,"end":8,"url":null,"entity_id":"Q1205932","candidates":[]}],[]],[[{"start":0,"end":42,"url":null,"entity_id":"Q11474750","candidates":[]}],[],[{"start":0,"end":8,"url":null,"entity_id":"Q1205932","candidates":[]}],[]],[[{"start":0,"end":38,"url":null,"entity_id":"Q11468511","candidates":[]}],[],[{"start":0,"end":5,"url":null,"entity_id":"Q823955","candidates":[]}],[]],[[{"start":0,"end":30,"url":null,"entity_id":"Q11468565","candidates":[]}],[],[{"start":0,"end":8,"url":null,"entity_id":"Q734416","candidates":[]}],[]],[[{"start":0,"end":49,"url":null,"entity_id":"Q11468541","candidates":[]}],[],[{"start":0,"end":8,"url":null,"entity_id":"Q734378","candidates":[]}],[]],[[{"start":0,"end":45,"url":null,"entity_id":"Q11468540","candidates":[]}],[],[{"start":0,"end":8,"url":null,"entity_id":"Q734378","candidates":[]}],[]],[[{"start":0,"end":30,"url":null,"entity_id":"Q11468539","candidates":[]}],[],[{"start":0,"end":8,"url":null,"entity_id":"Q734378","candidates":[]}],[]],[[{"start":0,"end":33,"url":null,"entity_id":"Q11474759","candidates":[]}],[],[{"start":0,"end":6,"url":null,"entity_id":"Q695907","candidates":[]}],[]],[[{"start":0,"end":47,"url":null,"entity_id":"Q11468554","candidates":[]}],[],[{"start":0,"end":6,"url":null,"entity_id":"Q504690","candidates":[]}],[]],[[{"start":0,"end":37,"url":null,"entity_id":"Q11474701","candidates":[]}],[],[{"start":0,"end":10,"url":null,"entity_id":"Q390817","candidates":[]}],[]],[[{"start":0,"end":51,"url":null,"entity_id":"Q11474747","candidates":[]}],[],[{"start":0,"end":4,"url":null,"entity_id":"Q386052","candidates":[]}],[]],[[{"start":0,"end":38,"url":null,"entity_id":"Q11474746","candidates":[]}],[],[{"start":0,"end":4,"url":null,"entity_id":"Q386052","candidates":[]}],[]],[[{"start":0,"end":38,"url":null,"entity_id":"Q11468507","candidates":[]}],[],[{"start":0,"end":5,"url":null,"entity_id":"Q385779","candidates":[]}],[]],[[{"start":0,"end":26,"url":null,"entity_id":"Q11474764","candidates":[]}],[],[{"start":0,"end":8,"url":null,"entity_id":"Q317827","candidates":[]}],[]],[[{"start":0,"end":46,"url":null,"entity_id":"Q11468516","candidates":[]}],[],[{"start":0,"end":8,"url":null,"entity_id":"Q205526","candidates":[]}],[]],[[{"start":0,"end":49,"url":null,"entity_id":"Q11468512","candidates":[]}],[],[{"start":0,"end":8,"url":null,"entity_id":"Q205526","candidates":[]}],[]],[[{"start":0,"end":25,"url":null,"entity_id":"Q11474755","candidates":[]}],[],[{"start":0,"end":7,"url":null,"entity_id":"Q200077","candidates":[]}],[]],[[{"start":0,"end":35,"url":null,"entity_id":"Q11474742","candidates":[]}],[],[{"start":0,"end":7,"url":null,"entity_id":"Q200077","candidates":[]}],[]],[[{"start":0,"end":41,"url":null,"entity_id":"Q11525645","candidates":[]}],[],[{"start":0,"end":9,"url":null,"entity_id":"Q234087","candidates":[]}],[]]]}