{"version":"1.2","table":{"version":"2","table_id":"RJHORWE3","columns":[{"index":0,"name":"col0","values":["Arabian Sea","Java Sea","Andaman Sea","Norwegian Sea","Barents Sea","Bering Sea","Tyrrhenian Sea","Yellow Sea","South China Sea","Baffin Bay","Sea of Marmara","Sea of Azov","Persian Gulf","Aegean Sea","Tasman Sea","Sea of Japan","Red Sea","Celebes Sea","Adriatic Sea","North Sea"]},{"index":1,"name":"col1","values":["5800","67","3777","3970","600","4191","3731","152","5559","2136","1370","15","90","2100","5994","3742","3040","6200","1233","700"]},{"index":2,"name":"col2","values":["3862000","320000","798000","1383000","175000","2300000","634","380000","3500000","689000","11350","37555","251000","214000","2300000","978000","438000","280000","132000","570000"]}]},"context":{"page_title":null,"page_url":null,"page_entity_id":null,"content_hierarchy":[]},"links":[[[{"start":0,"end":11,"url":null,"entity_id":"Q58705","candidates":[]}],[],[]],[[{"start":0,"end":8,"url":null,"entity_id":"Q49364","candidates":[]}],[],[]],[[{"start":0,"end":11,"url":null,"entity_id":"Q47632","candidates":[]}],[],[]],[[{"start":0,"end":13,"url":null,"entity_id":"Q47545","candidates":[]}],[],[]],[[{"start":0,"end":11,"url":null,"entity_id":"Q45823","candidates":[]}],[],[]],[[{"start":0,"end":10,"url":null,"entity_id":"Q44725","candidates":[]}],[],[]],[[{"start":0,"end":14,"url":null,"entity_id":"Q38882","candidates":[]}],[],[]],[[{"start":0,"end":10,"url":null,"entity_id":"Q37960","candidates":[]}],[],[]],[[{"start":0,"end":15,"url":null,"entity_id":"Q37660","candidates":[]}],[],[]],[[{"start":0,"end":10,"url":null,"entity_id":"Q37040","candidates":[]}],[],[]],[[{"start":0,"end":14,"url":null,"entity_id":"Q35367","candidates":[]}],[],[]],[[{"start":0,"end":11,"url":null,"entity_id":"Q35000","candidates":[]}],[],[]],[[{"start":0,"end":12,"url":null,"entity_id":"Q34675","candidates":[]}],[],[]],[[{"start":0,"end":10,"url":null,"entity_id":"Q34575","candidates":[]}],[],[]],[[{"start":0,"end":10,"url":null,"entity_id":"Q33254","candidates":[]}],[],[]],[[{"start":0,"end":12,"url":null,"entity_id":"Q27092","candidates":[]}],[],[]],[[{"start":0,"end":7,"url":null,"entity_id":"Q23406","candidates":[]}],[],[]],[[{"start":0,"end":11,"url":null,"entity_id":"Q19270","candidates":[]}],[],[]],[[{"start":0,"end":12,"url":null,"entity_id":"Q13924","candidates":[]}],[],[]],[[{"start":0,"end":9,"url":null,"entity_id":"Q1693","candidates":[]}],[],[]]]}