{"version":"1.2","table":{"version":"2","table_id":"RK8C6I4S","columns":[{"index":0,"name":"col0","values":[".zm",".gt",".sy",".sg",".sm",".ga",".kn",".gy",".pg",".jm",".kr",".lv",".li",".tz",".bv",".pn",".ni",".ne",".pm",".yt"]},{"index":1,"name":"col1","values":["Zambia","Guatemala","Syria","Singapore","San Marino","Gabon","Saint Kitts and Nevis","Guyana","Papua New Guinea","Jamaica","South Korea","Latvia","Liechtenstein","Tanzania","Norway","United Kingdom","Nicaragua","Niger","France","France"]},{"index":2,"name":"col2","values":["1994-01-01","1992-01-01","1996-01-01","1988-01-01","1995-01-01","1994-01-01","1991-01-01","1994-01-01","1991-01-01","1991-01-01","1986-01-01","1993-01-01","1993-01-01","1995-01-01","1997-08-21","1997-01-01","1988-01-01","1996-01-01","1997-01-01","1997-11-17"]},{"index":3,"name":"col3","values":["ZAMNET","Universidad del Valle de Guatemala","Syrian Telecom","Singapore Network Information Centre","Telecom Italia San Marino","Gabon Telecom","University of Puerto Rico","University of Guyana","Papua New Guinea University of Technology","University of the West Indies","Korea Internet & Security Agency","University of Latvia","University of Liechtenstein","University of Dar es Salaam","The Norwegian Communications Authority","Island Council","Universidad Nacional de Ingeniería","Société nigérienne des télécommunications","AFNIC","AFNIC"]},{"index":4,"name":"col4","values":["ZAMNET","Universidad del Valle de Guatemala","Syrian Telecom","Singapore Network Information Centre","Telecom Italia San Marino","Gabon Telecom","University of Puerto Rico","University of Guyana","Papua New Guinea University of Technology","University of the West Indies","Korea Internet & Security Agency","University of Latvia","SWITCH Information Technology Services","TzNIC","Norid","Island Council","Universidad Nacional de Ingeniería","Société nigérienne des télécommunications","AFNIC","AFNIC"]}]},"context":{"page_title":null,"page_url":null,"page_entity_id":null,"content_hierarchy":[]},"links":[[[{"start":0,"end":3,"url":null,"entity_id":"Q41781","candidates":[]}],[{"start":0,"end":9,"url":null,"entity_id":"Q774","candidates":[]}],[],[{"start":0,"end":34,"url":null,"entity_id":"Q7894349","candidates":[]}],[{"start":0,"end":34,"url":null,"entity_id":"Q7894349","candidates":[]}]],[[{"start":0,"end":3,"url":null,"entity_id":"Q42778","candidates":[]}],[{"start":0,"end":5,"url":null,"entity_id":"Q858","candidates":[]}],[],[{"start":0,"end":14,"url":null,"entity_id":"Q7663248","candidates":[]}],[{"start":0,"end":14,"url":null,"entity_id":"Q7663248","candidates":[]}]],[[{"start":0,"end":3,"url":null,"entity_id":"Q41851","candidates":[]}],[{"start":0,"end":9,"url":null,"entity_id":"Q334","candidates":[]}],[],[{"start":0,"end":36,"url":null,"entity_id":"Q7523065","candidates":[]}],[{"start":0,"end":36,"url":null,"entity_id":"Q7523065","candidates":[]}]],[[{"start":0,"end":3,"url":null,"entity_id":"Q43094","candidates":[]}],[{"start":0,"end":10,"url":null,"entity_id":"Q238","candidates":[]}],[],[{"start":0,"end":25,"url":null,"entity_id":"Q3982795","candidates":[]}],[{"start":0,"end":25,"url":null,"entity_id":"Q3982795","candidates":[]}]],[[{"start":0,"end":3,"url":null,"entity_id":"Q41784","candidates":[]}],[{"start":0,"end":5,"url":null,"entity_id":"Q1000","candidates":[]}],[],[{"start":0,"end":13,"url":null,"entity_id":"Q3093528","candidates":[]}],[{"start":0,"end":13,"url":null,"entity_id":"Q3093528","candidates":[]}]],[[{"start":0,"end":3,"url":null,"entity_id":"Q43146","candidates":[]}],[{"start":0,"end":21,"url":null,"entity_id":"Q763","candidates":[]}],[],[{"start":0,"end":25,"url":null,"entity_id":"Q2075365","candidates":[]}],[{"start":0,"end":25,"url":null,"entity_id":"Q2075365","candidates":[]}]],[[{"start":0,"end":3,"url":null,"entity_id":"Q41448","candidates":[]}],[{"start":0,"end":6,"url":null,"entity_id":"Q734","candidates":[]}],[],[{"start":0,"end":20,"url":null,"entity_id":"Q1502975","candidates":[]}],[{"start":0,"end":20,"url":null,"entity_id":"Q1502975","candidates":[]}]],[[{"start":0,"end":3,"url":null,"entity_id":"Q43147","candidates":[]}],[{"start":0,"end":16,"url":null,"entity_id":"Q691","candidates":[]}],[],[{"start":0,"end":41,"url":null,"entity_id":"Q890684","candidates":[]}],[{"start":0,"end":41,"url":null,"entity_id":"Q890684","candidates":[]}]],[[{"start":0,"end":3,"url":null,"entity_id":"Q41943","candidates":[]}],[{"start":0,"end":7,"url":null,"entity_id":"Q766","candidates":[]}],[],[{"start":0,"end":29,"url":null,"entity_id":"Q746153","candidates":[]}],[{"start":0,"end":29,"url":null,"entity_id":"Q746153","candidates":[]}]],[[{"start":0,"end":3,"url":null,"entity_id":"Q41853","candidates":[]}],[{"start":0,"end":11,"url":null,"entity_id":"Q884","candidates":[]}],[],[{"start":0,"end":32,"url":null,"entity_id":"Q623679","candidates":[]}],[{"start":0,"end":32,"url":null,"entity_id":"Q623679","candidates":[]}]],[[{"start":0,"end":3,"url":null,"entity_id":"Q41629","candidates":[]}],[{"start":0,"end":6,"url":null,"entity_id":"Q211","candidates":[]}],[],[{"start":0,"end":20,"url":null,"entity_id":"Q498407","candidates":[]}],[{"start":0,"end":20,"url":null,"entity_id":"Q498407","candidates":[]}]],[[{"start":0,"end":3,"url":null,"entity_id":"Q42641","candidates":[]}],[{"start":0,"end":13,"url":null,"entity_id":"Q347","candidates":[]}],[],[{"start":0,"end":27,"url":null,"entity_id":"Q974328","candidates":[]}],[{"start":0,"end":38,"url":null,"entity_id":"Q683229","candidates":[]}]],[[{"start":0,"end":3,"url":null,"entity_id":"Q43159","candidates":[]}],[{"start":0,"end":8,"url":null,"entity_id":"Q924","candidates":[]}],[],[{"start":0,"end":27,"url":null,"entity_id":"Q557597","candidates":[]}],[{"start":0,"end":5,"url":null,"entity_id":"Q7861925","candidates":[]}]],[[{"start":0,"end":3,"url":null,"entity_id":"Q433729","candidates":[]}],[{"start":0,"end":6,"url":null,"entity_id":"Q20","candidates":[]}],[],[{"start":0,"end":38,"url":null,"entity_id":"Q1772077","candidates":[]}],[{"start":0,"end":5,"url":null,"entity_id":"Q1769603","candidates":[]}]],[[{"start":0,"end":3,"url":null,"entity_id":"Q48275","candidates":[]}],[{"start":0,"end":14,"url":null,"entity_id":"Q145","candidates":[]}],[],[{"start":0,"end":14,"url":null,"entity_id":"Q6083065","candidates":[]}],[{"start":0,"end":14,"url":null,"entity_id":"Q6083065","candidates":[]}]],[[{"start":0,"end":3,"url":null,"entity_id":"Q487644","candidates":[]}],[{"start":0,"end":9,"url":null,"entity_id":"Q811","candidates":[]}],[],[{"start":0,"end":34,"url":null,"entity_id":"Q3847544","candidates":[]}],[{"start":0,"end":34,"url":null,"entity_id":"Q3847544","candidates":[]}]],[[{"start":0,"end":3,"url":null,"entity_id":"Q43158","candidates":[]}],[{"start":0,"end":5,"url":null,"entity_id":"Q1032","candidates":[]}],[],[{"start":0,"end":41,"url":null,"entity_id":"Q3488556","candidates":[]}],[{"start":0,"end":41,"url":null,"entity_id":"Q3488556","candidates":[]}]],[[{"start":0,"end":3,"url":null,"entity_id":"Q133434","candidates":[]}],[{"start":0,"end":6,"url":null,"entity_id":"Q142","candidates":[]}],[],[{"start":0,"end":5,"url":null,"entity_id":"Q2867785","candidates":[]}],[{"start":0,"end":5,"url":null,"entity_id":"Q2867785","candidates":[]}]],[[{"start":0,"end":3,"url":null,"entity_id":"Q132639","candidates":[]}],[{"start":0,"end":6,"url":null,"entity_id":"Q142","candidates":[]}],[],[{"start":0,"end":5,"url":null,"entity_id":"Q2867785","candidates":[]}],[{"start":0,"end":5,"url":null,"entity_id":"Q2867785","candidates":[]}]],[[{"start":0,"end":3,"url":null,"entity_id":"Q41842","candidates":[]}],[{"start":0,"end":6,"url":null,"entity_id":"Q953","candidates":[]}],[],[{"start":0,"end":6,"url":null,"entity_id":"Q8062936","candidates":[]}],[{"start":0,"end":6,"url":null,"entity_id":"Q8062936","candidates":[]}]]]}