{"version":"1.2","table":{"version":"2","table_id":"RKOI3ZSI","columns":[{"index":0,"name":"col0","values":["Psi-figurine","Phi figurines-MNE 1007","Attic red-figure neck amphora","Apulian red-figure calyx krater","Cup (26126)","Musée Saint-Raymond, 26362","Musée Saint-Raymond, 26102","Stirrup vase with octopus","Cup decorated with an octopus","Stirrup vase","Stirrup vase","Stirrup vase","Cup with spiralling decoration","Reversed-neck jug","Amphoroid krater","Woman's head","Musée Saint-Raymond, 26307","Musée Saint-Raymond, 26222","Terracotta oinochoe (jug)","Terracotta plate"]},{"index":1,"name":"col1","values":["Department of Greek, Etruscan, and Roman Antiquities of the Louvre","Department of Greek, Etruscan, and Roman Antiquities of the Louvre","Department of Greek, Etruscan, and Roman Antiquities of the Louvre","Musée Saint-Raymond","Musée Saint-Raymond","Musée Saint-Raymond","Musée Saint-Raymond","Department of Greek, Etruscan, and Roman Antiquities of the Louvre","Department of Greek, Etruscan, and Roman Antiquities of the Louvre","Department of Greek, Etruscan, and Roman Antiquities of the Louvre","Department of Greek, Etruscan, and Roman Antiquities of the Louvre","Department of Greek, Etruscan, and Roman Antiquities of the Louvre","Department of Greek, Etruscan, and Roman Antiquities of the Louvre","Department of Greek, Etruscan, and Roman Antiquities of the Louvre","Department of Greek, Etruscan, and Roman Antiquities of the Louvre","Department of Greek, Etruscan, and Roman Antiquities of the Louvre","Musée Saint-Raymond","Musée Saint-Raymond","Metropolitan Museum of Art","Metropolitan Museum of Art"]},{"index":2,"name":"col2","values":["woman","woman","Zeus","Dionysus","man","rock","eye","octopus","octopus","geometric shape","geometric shape","geometric shape","geometric shape","geometric shape","Cyperus papyrus","woman","square","fish","tree","man"]},{"index":3,"name":"col3","values":["Room 170, display case 18","Room 170, display case 18","in depot of the musée du Louvre or in temporary movement","Saint-Raymond Museum reserves","Saint-Raymond Museum reserves","Saint-Raymond Museum reserves","Saint-Raymond Museum reserves","Room 170","Room 170","Room 170","Room 170","Room 170","Room 170","Room 170","Room 170","Room 170","Saint-Raymond Museum reserves","Saint-Raymond Museum reserves","Metropolitan Museum of Art","Metropolitan Museum of Art"]}]},"context":{"page_title":null,"page_url":null,"page_entity_id":null,"content_hierarchy":[]},"links":[[[{"start":0,"end":12,"url":null,"entity_id":"Q20012269","candidates":[]}],[{"start":0,"end":66,"url":null,"entity_id":"Q3044747","candidates":[]}],[{"start":0,"end":5,"url":null,"entity_id":"Q467","candidates":[]}],[{"start":0,"end":25,"url":null,"entity_id":"Q84763132","candidates":[]}]],[[{"start":0,"end":22,"url":null,"entity_id":"Q20012247","candidates":[]}],[{"start":0,"end":66,"url":null,"entity_id":"Q3044747","candidates":[]}],[{"start":0,"end":5,"url":null,"entity_id":"Q467","candidates":[]}],[{"start":0,"end":25,"url":null,"entity_id":"Q84763132","candidates":[]}]],[[{"start":0,"end":29,"url":null,"entity_id":"Q26982284","candidates":[]}],[{"start":0,"end":66,"url":null,"entity_id":"Q3044747","candidates":[]}],[{"start":0,"end":4,"url":null,"entity_id":"Q34201","candidates":[]}],[{"start":0,"end":56,"url":null,"entity_id":"Q40147970","candidates":[]}]],[[{"start":0,"end":31,"url":null,"entity_id":"Q28194581","candidates":[]}],[{"start":0,"end":19,"url":null,"entity_id":"Q1376","candidates":[]}],[{"start":0,"end":8,"url":null,"entity_id":"Q41680","candidates":[]}],[{"start":0,"end":29,"url":null,"entity_id":"Q28039516","candidates":[]}]],[[{"start":0,"end":11,"url":null,"entity_id":"Q27869274","candidates":[]}],[{"start":0,"end":19,"url":null,"entity_id":"Q1376","candidates":[]}],[{"start":0,"end":3,"url":null,"entity_id":"Q8441","candidates":[]}],[{"start":0,"end":29,"url":null,"entity_id":"Q28039516","candidates":[]}]],[[{"start":0,"end":26,"url":null,"entity_id":"Q27891490","candidates":[]}],[{"start":0,"end":19,"url":null,"entity_id":"Q1376","candidates":[]}],[{"start":0,"end":4,"url":null,"entity_id":"Q8063","candidates":[]}],[{"start":0,"end":29,"url":null,"entity_id":"Q28039516","candidates":[]}]],[[{"start":0,"end":26,"url":null,"entity_id":"Q28533205","candidates":[]}],[{"start":0,"end":19,"url":null,"entity_id":"Q1376","candidates":[]}],[{"start":0,"end":3,"url":null,"entity_id":"Q7364","candidates":[]}],[{"start":0,"end":29,"url":null,"entity_id":"Q28039516","candidates":[]}]],[[{"start":0,"end":25,"url":null,"entity_id":"Q20012277","candidates":[]}],[{"start":0,"end":66,"url":null,"entity_id":"Q3044747","candidates":[]}],[{"start":0,"end":7,"url":null,"entity_id":"Q13219075","candidates":[]}],[{"start":0,"end":8,"url":null,"entity_id":"Q19019133","candidates":[]}]],[[{"start":0,"end":29,"url":null,"entity_id":"Q20012222","candidates":[]}],[{"start":0,"end":66,"url":null,"entity_id":"Q3044747","candidates":[]}],[{"start":0,"end":7,"url":null,"entity_id":"Q13219075","candidates":[]}],[{"start":0,"end":8,"url":null,"entity_id":"Q19019133","candidates":[]}]],[[{"start":0,"end":12,"url":null,"entity_id":"Q20200041","candidates":[]}],[{"start":0,"end":66,"url":null,"entity_id":"Q3044747","candidates":[]}],[{"start":0,"end":15,"url":null,"entity_id":"Q815741","candidates":[]}],[{"start":0,"end":8,"url":null,"entity_id":"Q19019133","candidates":[]}]],[[{"start":0,"end":12,"url":null,"entity_id":"Q20200040","candidates":[]}],[{"start":0,"end":66,"url":null,"entity_id":"Q3044747","candidates":[]}],[{"start":0,"end":15,"url":null,"entity_id":"Q815741","candidates":[]}],[{"start":0,"end":8,"url":null,"entity_id":"Q19019133","candidates":[]}]],[[{"start":0,"end":12,"url":null,"entity_id":"Q20200038","candidates":[]}],[{"start":0,"end":66,"url":null,"entity_id":"Q3044747","candidates":[]}],[{"start":0,"end":15,"url":null,"entity_id":"Q815741","candidates":[]}],[{"start":0,"end":8,"url":null,"entity_id":"Q19019133","candidates":[]}]],[[{"start":0,"end":30,"url":null,"entity_id":"Q20200012","candidates":[]}],[{"start":0,"end":66,"url":null,"entity_id":"Q3044747","candidates":[]}],[{"start":0,"end":15,"url":null,"entity_id":"Q815741","candidates":[]}],[{"start":0,"end":8,"url":null,"entity_id":"Q19019133","candidates":[]}]],[[{"start":0,"end":17,"url":null,"entity_id":"Q20200004","candidates":[]}],[{"start":0,"end":66,"url":null,"entity_id":"Q3044747","candidates":[]}],[{"start":0,"end":15,"url":null,"entity_id":"Q815741","candidates":[]}],[{"start":0,"end":8,"url":null,"entity_id":"Q19019133","candidates":[]}]],[[{"start":0,"end":16,"url":null,"entity_id":"Q20012242","candidates":[]}],[{"start":0,"end":66,"url":null,"entity_id":"Q3044747","candidates":[]}],[{"start":0,"end":15,"url":null,"entity_id":"Q158808","candidates":[]}],[{"start":0,"end":8,"url":null,"entity_id":"Q19019133","candidates":[]}]],[[{"start":0,"end":12,"url":null,"entity_id":"Q20012264","candidates":[]}],[{"start":0,"end":66,"url":null,"entity_id":"Q3044747","candidates":[]}],[{"start":0,"end":5,"url":null,"entity_id":"Q467","candidates":[]}],[{"start":0,"end":8,"url":null,"entity_id":"Q19019133","candidates":[]}]],[[{"start":0,"end":26,"url":null,"entity_id":"Q29555789","candidates":[]}],[{"start":0,"end":19,"url":null,"entity_id":"Q1376","candidates":[]}],[{"start":0,"end":6,"url":null,"entity_id":"Q164","candidates":[]}],[{"start":0,"end":29,"url":null,"entity_id":"Q28039516","candidates":[]}]],[[{"start":0,"end":26,"url":null,"entity_id":"Q28808845","candidates":[]}],[{"start":0,"end":19,"url":null,"entity_id":"Q1376","candidates":[]}],[{"start":0,"end":4,"url":null,"entity_id":"Q152","candidates":[]}],[{"start":0,"end":29,"url":null,"entity_id":"Q28039516","candidates":[]}]],[[{"start":0,"end":25,"url":null,"entity_id":"Q42244789","candidates":[]}],[{"start":0,"end":26,"url":null,"entity_id":"Q160236","candidates":[]}],[{"start":0,"end":4,"url":null,"entity_id":"Q10884","candidates":[]}],[{"start":0,"end":26,"url":null,"entity_id":"Q160236","candidates":[]}]],[[{"start":0,"end":16,"url":null,"entity_id":"Q42174058","candidates":[]}],[{"start":0,"end":26,"url":null,"entity_id":"Q160236","candidates":[]}],[{"start":0,"end":3,"url":null,"entity_id":"Q8441","candidates":[]}],[{"start":0,"end":26,"url":null,"entity_id":"Q160236","candidates":[]}]]]}