{"version":"1.2","table":{"version":"2","table_id":"RLDPSDSV","columns":[{"index":0,"name":"col0","values":["Imperial Trans-Antarctic Expedition","Malaspina Expedition","S. A. Andrée's Arctic Balloon Expedition of 1897","Australasian Antarctic Expedition","Nimrod Expedition","Valdivia expedition","Arabian expedition","Discovery Expedition","Amundsen's South Pole expedition","1907 Tumuk Humak expedition","Darwin Chilean Initiative (2002 - 2005)","Apaizac Obeto expedition","1904 Tapanahony expedition","Francisco Hernández Expedition","Yellowstone Expedition","United States Antarctic Service Expedition","Kon-Tiki expedition","Smithsonian–Roosevelt African Expedition","Mackenzie River expedition","Expedition to Lapland"]},{"index":1,"name":"col1","values":["1914-01-01","1789-01-01","1897-07-11","1911-12-02","1907-08-01","1898-07-31","1761-01-04","1901-01-01","1910-06-03","1907-07-03","2003-01-18","2006-06-05","1904-06-01","1570-01-01","1819-01-01","1939-01-01","1947-04-28","1909-03-23","1825-01-01","1732-05-12"]},{"index":2,"name":"col2","values":["1916-01-01","1794-01-01","1897-10-01","1914-02-26","1909-03-01","1899-05-01","1767-11-01","1904-01-01","1912-01-30","1907-11-24","2004-12-09","2006-07-15","1904-12-16","1577-01-01","1820-01-01","1941-01-01","1947-08-07","1910-01-01","1827-01-01","1732-10-10"]},{"index":3,"name":"col3","values":["Thomas Crean","Alessandro Malaspina","Salomon August Andrée","Xavier Mertz","Robert Falcon Scott","Carl Chun","Peter Forsskål","Louis Bernacchi","Roald Amundsen","Harmen Bisschop van Tuinen","Martin Fraser Gardner","Jon Maia","Claudius Henricus de Goeje","Francisco Hernández de Toledo","William Baldwin","Carl R. Eklund","Thor Heyerdahl","Theodore Roosevelt","John Franklin","Carl Linnaeus"]}]},"context":{"page_title":null,"page_url":null,"page_entity_id":null,"content_hierarchy":[]},"links":[[[{"start":0,"end":35,"url":null,"entity_id":"Q1162294","candidates":[]}],[],[],[{"start":0,"end":12,"url":null,"entity_id":"Q470767","candidates":[]}]],[[{"start":0,"end":20,"url":null,"entity_id":"Q1227138","candidates":[]}],[],[],[{"start":0,"end":20,"url":null,"entity_id":"Q459906","candidates":[]}]],[[{"start":0,"end":48,"url":null,"entity_id":"Q261538","candidates":[]}],[],[],[{"start":0,"end":21,"url":null,"entity_id":"Q350420","candidates":[]}]],[[{"start":0,"end":33,"url":null,"entity_id":"Q781233","candidates":[]}],[],[],[{"start":0,"end":12,"url":null,"entity_id":"Q124562","candidates":[]}]],[[{"start":0,"end":17,"url":null,"entity_id":"Q975593","candidates":[]}],[],[],[{"start":0,"end":19,"url":null,"entity_id":"Q102527","candidates":[]}]],[[{"start":0,"end":19,"url":null,"entity_id":"Q1312945","candidates":[]}],[],[],[{"start":0,"end":9,"url":null,"entity_id":"Q62747","candidates":[]}]],[[{"start":0,"end":18,"url":null,"entity_id":"Q624082","candidates":[]}],[],[],[{"start":0,"end":14,"url":null,"entity_id":"Q27684","candidates":[]}]],[[{"start":0,"end":20,"url":null,"entity_id":"Q1031706","candidates":[]}],[],[],[{"start":0,"end":15,"url":null,"entity_id":"Q19999","candidates":[]}]],[[{"start":0,"end":32,"url":null,"entity_id":"Q8414","candidates":[]}],[],[],[{"start":0,"end":14,"url":null,"entity_id":"Q926","candidates":[]}]],[[{"start":0,"end":27,"url":null,"entity_id":"Q72927166","candidates":[]}],[],[],[{"start":0,"end":26,"url":null,"entity_id":"Q73024418","candidates":[]}]],[[{"start":0,"end":39,"url":null,"entity_id":"Q67436630","candidates":[]}],[],[],[{"start":0,"end":21,"url":null,"entity_id":"Q67437570","candidates":[]}]],[[{"start":0,"end":24,"url":null,"entity_id":"Q12253719","candidates":[]}],[],[],[{"start":0,"end":8,"url":null,"entity_id":"Q12260530","candidates":[]}]],[[{"start":0,"end":26,"url":null,"entity_id":"Q60609222","candidates":[]}],[],[],[{"start":0,"end":26,"url":null,"entity_id":"Q2606748","candidates":[]}]],[[{"start":0,"end":30,"url":null,"entity_id":"Q5483438","candidates":[]}],[],[],[{"start":0,"end":29,"url":null,"entity_id":"Q940017","candidates":[]}]],[[{"start":0,"end":22,"url":null,"entity_id":"Q8051990","candidates":[]}],[],[],[{"start":0,"end":15,"url":null,"entity_id":"Q787698","candidates":[]}]],[[{"start":0,"end":42,"url":null,"entity_id":"Q6836794","candidates":[]}],[],[],[{"start":0,"end":14,"url":null,"entity_id":"Q143507","candidates":[]}]],[[{"start":0,"end":19,"url":null,"entity_id":"Q66666935","candidates":[]}],[],[],[{"start":0,"end":14,"url":null,"entity_id":"Q133622","candidates":[]}]],[[{"start":0,"end":40,"url":null,"entity_id":"Q17019548","candidates":[]}],[],[],[{"start":0,"end":18,"url":null,"entity_id":"Q33866","candidates":[]}]],[[{"start":0,"end":26,"url":null,"entity_id":"Q65082588","candidates":[]}],[],[],[{"start":0,"end":13,"url":null,"entity_id":"Q2655","candidates":[]}]],[[{"start":0,"end":21,"url":null,"entity_id":"Q5420971","candidates":[]}],[],[],[{"start":0,"end":13,"url":null,"entity_id":"Q1043","candidates":[]}]]]}