{"version":"1.2","table":{"version":"2","table_id":"RLIF2LYT","columns":[{"index":0,"name":"col0","values":["1991 World Table Tennis Championships","2001 World Table Tennis Championships","2018 World Team Table Tennis Championships","1985 World Table Tennis Championships","1953 World Table Tennis Championships","1971 World Table Tennis Championships","1995 World Table Tennis Championships","1977 World Table Tennis Championships","2016 World Team Table Tennis Championships","1931 World Table Tennis Championships","1928 World Table Tennis Championships","2014 World Team Table Tennis Championships","1975 World Table Tennis Championships","1961 World Table Tennis Championships","1965 World Table Tennis Championships","1981 World Table Tennis Championships","1993 World Table Tennis Championships","1979 World Table Tennis Championships","1997 World Table Tennis Championships","1973 World Table Tennis Championships"]},{"index":1,"name":"col1","values":["1989 World Table Tennis Championships","2000 World Team Table Tennis Championships","2017 World Table Tennis Championships","1983 World Table Tennis Championships","1952 World Table Tennis Championships","1969 World Table Tennis Championships","1993 World Table Tennis Championships","1975 World Table Tennis Championships","2015 World Table Tennis Championships","1930 World Table Tennis Championships","1926 World Table Tennis Championships","2013 World Table Tennis Championships","1973 World Table Tennis Championships","1959 World Table Tennis Championships","1963 World Table Tennis Championships","1979 World Table Tennis Championships","1991 World Table Tennis Championships","1977 World Table Tennis Championships","1995 World Table Tennis Championships","1971 World Table Tennis Championships"]},{"index":2,"name":"col2","values":["1991-04-24","2001-04-23","2018-04-29","1985-03-28","1953-03-20","1971-03-28","1995-05-01","1977-03-28","2016-02-28","1931-02-10","1928-01-24","2014-04-28","1975-02-06","1961-04-05","1965-04-15","1981-04-14","1993-05-11","1979-04-25","1997-04-24","1973-04-05"]},{"index":3,"name":"col3","values":["Chiba","Ōsaka","Halmstad","Gothenburg","Bucharest","Nagoya","Tianjin","Birmingham","Kuala Lumpur","Budapest","Stockholm","Tokyo","Kolkata","Beijing","Ljubljana","Novi Sad","Gothenburg","Pyongyang","Manchester","Sarajevo"]},{"index":4,"name":"col4","values":["1991-05-06","2001-05-06","2018-05-06","1985-04-07","1953-03-29","1971-04-07","1995-05-14","1977-04-07","2016-03-06","1931-02-15","1928-01-29","2014-05-05","1975-02-16","1961-04-14","1965-04-25","1981-04-26","1993-05-23","1979-05-06","1997-05-05","1973-04-15"]},{"index":5,"name":"col5","values":["1991-01-01","2001-01-01","2018-01-01","1985-01-01","1953-01-01","1971-01-01","1995-01-01","1977-01-01","2016-01-01","1931-01-01","1928-01-01","2014-01-01","1975-01-01","1961-01-01","1965-01-01","1981-01-01","1993-01-01","1979-01-01","1997-01-01","1973-01-01"]}]},"context":{"page_title":null,"page_url":null,"page_entity_id":null,"content_hierarchy":[]},"links":[[[{"start":0,"end":37,"url":null,"entity_id":"Q339782","candidates":[]}],[{"start":0,"end":37,"url":null,"entity_id":"Q253722","candidates":[]}],[],[{"start":0,"end":5,"url":null,"entity_id":"Q170616","candidates":[]}],[],[]],[[{"start":0,"end":37,"url":null,"entity_id":"Q1928319","candidates":[]}],[{"start":0,"end":42,"url":null,"entity_id":"Q338031","candidates":[]}],[],[{"start":0,"end":5,"url":null,"entity_id":"Q35765","candidates":[]}],[],[]],[[{"start":0,"end":42,"url":null,"entity_id":"Q16938963","candidates":[]}],[{"start":0,"end":37,"url":null,"entity_id":"Q16868401","candidates":[]}],[],[{"start":0,"end":8,"url":null,"entity_id":"Q26521","candidates":[]}],[],[]],[[{"start":0,"end":37,"url":null,"entity_id":"Q339816","candidates":[]}],[{"start":0,"end":37,"url":null,"entity_id":"Q278525","candidates":[]}],[],[{"start":0,"end":10,"url":null,"entity_id":"Q25287","candidates":[]}],[],[]],[[{"start":0,"end":37,"url":null,"entity_id":"Q2436663","candidates":[]}],[{"start":0,"end":37,"url":null,"entity_id":"Q2436660","candidates":[]}],[],[{"start":0,"end":9,"url":null,"entity_id":"Q19660","candidates":[]}],[],[]],[[{"start":0,"end":37,"url":null,"entity_id":"Q1410587","candidates":[]}],[{"start":0,"end":37,"url":null,"entity_id":"Q896350","candidates":[]}],[],[{"start":0,"end":6,"url":null,"entity_id":"Q11751","candidates":[]}],[],[]],[[{"start":0,"end":37,"url":null,"entity_id":"Q339768","candidates":[]}],[{"start":0,"end":37,"url":null,"entity_id":"Q339740","candidates":[]}],[],[{"start":0,"end":7,"url":null,"entity_id":"Q11736","candidates":[]}],[],[]],[[{"start":0,"end":37,"url":null,"entity_id":"Q604870","candidates":[]}],[{"start":0,"end":37,"url":null,"entity_id":"Q339390","candidates":[]}],[],[{"start":0,"end":10,"url":null,"entity_id":"Q2256","candidates":[]}],[],[]],[[{"start":0,"end":42,"url":null,"entity_id":"Q16057440","candidates":[]}],[{"start":0,"end":37,"url":null,"entity_id":"Q19838794","candidates":[]}],[],[{"start":0,"end":12,"url":null,"entity_id":"Q1865","candidates":[]}],[],[]],[[{"start":0,"end":37,"url":null,"entity_id":"Q1723967","candidates":[]}],[{"start":0,"end":37,"url":null,"entity_id":"Q576751","candidates":[]}],[],[{"start":0,"end":8,"url":null,"entity_id":"Q1781","candidates":[]}],[],[]],[[{"start":0,"end":37,"url":null,"entity_id":"Q2436610","candidates":[]}],[{"start":0,"end":37,"url":null,"entity_id":"Q2436605","candidates":[]}],[],[{"start":0,"end":9,"url":null,"entity_id":"Q1754","candidates":[]}],[],[]],[[{"start":0,"end":42,"url":null,"entity_id":"Q16267960","candidates":[]}],[{"start":0,"end":37,"url":null,"entity_id":"Q1555356","candidates":[]}],[],[{"start":0,"end":5,"url":null,"entity_id":"Q1490","candidates":[]}],[],[]],[[{"start":0,"end":37,"url":null,"entity_id":"Q339390","candidates":[]}],[{"start":0,"end":37,"url":null,"entity_id":"Q1383156","candidates":[]}],[],[{"start":0,"end":7,"url":null,"entity_id":"Q1348","candidates":[]}],[],[]],[[{"start":0,"end":37,"url":null,"entity_id":"Q1698308","candidates":[]}],[{"start":0,"end":37,"url":null,"entity_id":"Q684270","candidates":[]}],[],[{"start":0,"end":7,"url":null,"entity_id":"Q956","candidates":[]}],[],[]],[[{"start":0,"end":37,"url":null,"entity_id":"Q2436684","candidates":[]}],[{"start":0,"end":37,"url":null,"entity_id":"Q535590","candidates":[]}],[],[{"start":0,"end":9,"url":null,"entity_id":"Q437","candidates":[]}],[],[]],[[{"start":0,"end":37,"url":null,"entity_id":"Q2436698","candidates":[]}],[{"start":0,"end":37,"url":null,"entity_id":"Q2436694","candidates":[]}],[],[{"start":0,"end":8,"url":null,"entity_id":"Q55630","candidates":[]}],[],[]],[[{"start":0,"end":37,"url":null,"entity_id":"Q339740","candidates":[]}],[{"start":0,"end":37,"url":null,"entity_id":"Q339782","candidates":[]}],[],[{"start":0,"end":10,"url":null,"entity_id":"Q25287","candidates":[]}],[],[]],[[{"start":0,"end":37,"url":null,"entity_id":"Q2436694","candidates":[]}],[{"start":0,"end":37,"url":null,"entity_id":"Q604870","candidates":[]}],[],[{"start":0,"end":9,"url":null,"entity_id":"Q18808","candidates":[]}],[],[]],[[{"start":0,"end":37,"url":null,"entity_id":"Q1361952","candidates":[]}],[{"start":0,"end":37,"url":null,"entity_id":"Q339768","candidates":[]}],[],[{"start":0,"end":10,"url":null,"entity_id":"Q18125","candidates":[]}],[],[]],[[{"start":0,"end":37,"url":null,"entity_id":"Q1383156","candidates":[]}],[{"start":0,"end":37,"url":null,"entity_id":"Q1410587","candidates":[]}],[],[{"start":0,"end":8,"url":null,"entity_id":"Q11194","candidates":[]}],[],[]]]}