{"version":"1.2","table":{"version":"2","table_id":"RM6N6U64","columns":[{"index":0,"name":"col0","values":["Velasco (1764)","Louis XIV","HMS Plantagenet","HMS Illustrious","HMS Fame","HMS Dragon","HMS Bulwark","HMS Royal Oak","HMS Illustrious","HMS Greenwich","HMS Exeter","Puissant","Censeur","USS North Carolina","Kronan","Vasa","San Telmo","Soleil Royal","French ship Orignal","Bourgogne"]},{"index":1,"name":"col1","values":["Spain","France","United Kingdom of Great Britain and Ireland","United Kingdom of Great Britain and Ireland","United Kingdom of Great Britain and Ireland","United Kingdom of Great Britain and Ireland","United Kingdom of Great Britain and Ireland","Great Britain","Great Britain","Great Britain","Great Britain","France","France","United States of America","Sweden","Sweden","Spain","Kingdom of France","France","France"]},{"index":2,"name":"col2","values":["Spanish Navy","French Navy","Royal Navy","Royal Navy","Royal Navy","Royal Navy","Royal Navy","Royal Navy","Royal Navy","Royal Navy","Royal Navy","Royal Navy","Royal Navy","United States Navy","Swedish Navy","Swedish Navy","Spanish Navy","French Navy","French Navy","French Navy"]}]},"context":{"page_title":null,"page_url":null,"page_entity_id":null,"content_hierarchy":[]},"links":[[[{"start":0,"end":14,"url":null,"entity_id":"Q5857715","candidates":[]}],[{"start":0,"end":5,"url":null,"entity_id":"Q29","candidates":[]}],[{"start":0,"end":12,"url":null,"entity_id":"Q676404","candidates":[]}]],[[{"start":0,"end":9,"url":null,"entity_id":"Q5502515","candidates":[]}],[{"start":0,"end":6,"url":null,"entity_id":"Q142","candidates":[]}],[{"start":0,"end":11,"url":null,"entity_id":"Q217406","candidates":[]}]],[[{"start":0,"end":15,"url":null,"entity_id":"Q5633798","candidates":[]}],[{"start":0,"end":43,"url":null,"entity_id":"Q174193","candidates":[]}],[{"start":0,"end":10,"url":null,"entity_id":"Q172771","candidates":[]}]],[[{"start":0,"end":15,"url":null,"entity_id":"Q5632855","candidates":[]}],[{"start":0,"end":43,"url":null,"entity_id":"Q174193","candidates":[]}],[{"start":0,"end":10,"url":null,"entity_id":"Q172771","candidates":[]}]],[[{"start":0,"end":8,"url":null,"entity_id":"Q5632391","candidates":[]}],[{"start":0,"end":43,"url":null,"entity_id":"Q174193","candidates":[]}],[{"start":0,"end":10,"url":null,"entity_id":"Q172771","candidates":[]}]],[[{"start":0,"end":10,"url":null,"entity_id":"Q5632190","candidates":[]}],[{"start":0,"end":43,"url":null,"entity_id":"Q174193","candidates":[]}],[{"start":0,"end":10,"url":null,"entity_id":"Q172771","candidates":[]}]],[[{"start":0,"end":11,"url":null,"entity_id":"Q5631709","candidates":[]}],[{"start":0,"end":43,"url":null,"entity_id":"Q174193","candidates":[]}],[{"start":0,"end":10,"url":null,"entity_id":"Q172771","candidates":[]}]],[[{"start":0,"end":13,"url":null,"entity_id":"Q9284753","candidates":[]}],[{"start":0,"end":13,"url":null,"entity_id":"Q161885","candidates":[]}],[{"start":0,"end":10,"url":null,"entity_id":"Q172771","candidates":[]}]],[[{"start":0,"end":15,"url":null,"entity_id":"Q5632854","candidates":[]}],[{"start":0,"end":13,"url":null,"entity_id":"Q161885","candidates":[]}],[{"start":0,"end":10,"url":null,"entity_id":"Q172771","candidates":[]}]],[[{"start":0,"end":13,"url":null,"entity_id":"Q5632624","candidates":[]}],[{"start":0,"end":13,"url":null,"entity_id":"Q161885","candidates":[]}],[{"start":0,"end":10,"url":null,"entity_id":"Q172771","candidates":[]}]],[[{"start":0,"end":10,"url":null,"entity_id":"Q5632352","candidates":[]}],[{"start":0,"end":13,"url":null,"entity_id":"Q161885","candidates":[]}],[{"start":0,"end":10,"url":null,"entity_id":"Q172771","candidates":[]}]],[[{"start":0,"end":8,"url":null,"entity_id":"Q5502557","candidates":[]}],[{"start":0,"end":6,"url":null,"entity_id":"Q142","candidates":[]}],[{"start":0,"end":10,"url":null,"entity_id":"Q172771","candidates":[]}]],[[{"start":0,"end":7,"url":null,"entity_id":"Q5502398","candidates":[]}],[{"start":0,"end":6,"url":null,"entity_id":"Q142","candidates":[]}],[{"start":0,"end":10,"url":null,"entity_id":"Q172771","candidates":[]}]],[[{"start":0,"end":18,"url":null,"entity_id":"Q7872328","candidates":[]}],[{"start":0,"end":24,"url":null,"entity_id":"Q30","candidates":[]}],[{"start":0,"end":18,"url":null,"entity_id":"Q11220","candidates":[]}]],[[{"start":0,"end":6,"url":null,"entity_id":"Q1789811","candidates":[]}],[{"start":0,"end":6,"url":null,"entity_id":"Q34","candidates":[]}],[{"start":0,"end":12,"url":null,"entity_id":"Q1141396","candidates":[]}]],[[{"start":0,"end":4,"url":null,"entity_id":"Q219821","candidates":[]}],[{"start":0,"end":6,"url":null,"entity_id":"Q34","candidates":[]}],[{"start":0,"end":12,"url":null,"entity_id":"Q1141396","candidates":[]}]],[[{"start":0,"end":9,"url":null,"entity_id":"Q3271651","candidates":[]}],[{"start":0,"end":5,"url":null,"entity_id":"Q29","candidates":[]}],[{"start":0,"end":12,"url":null,"entity_id":"Q676404","candidates":[]}]],[[{"start":0,"end":12,"url":null,"entity_id":"Q2006248","candidates":[]}],[{"start":0,"end":17,"url":null,"entity_id":"Q70972","candidates":[]}],[{"start":0,"end":11,"url":null,"entity_id":"Q217406","candidates":[]}]],[[{"start":0,"end":19,"url":null,"entity_id":"Q3356325","candidates":[]}],[{"start":0,"end":6,"url":null,"entity_id":"Q142","candidates":[]}],[{"start":0,"end":11,"url":null,"entity_id":"Q217406","candidates":[]}]],[[{"start":0,"end":9,"url":null,"entity_id":"Q2922342","candidates":[]}],[{"start":0,"end":6,"url":null,"entity_id":"Q142","candidates":[]}],[{"start":0,"end":11,"url":null,"entity_id":"Q217406","candidates":[]}]]]}