{"version":"1.2","table":{"version":"2","table_id":"RMU3UO3Z","columns":[{"index":0,"name":"col0","values":["Toyama Chihō Railway","Nishi-Nippon Railroad","Okayama Electric Tramway","Kanto Railway","Fuji Kyuko","Oita Transportation","Showa Bus","Dr. Richard","Regionalverkehr Oberbayern","OVG Güstrow","In-der-City-Bus","Griensteidl","Dublin Bus","Regional Bus and Rail Company of Ticino","Autolinee Regionali Pubbliche Abruzzesi","Autolinee Romano","London Buses","Nordlandsbuss","Kamogawa Nitto Bus","Tateyama Nitto Bus"]},{"index":1,"name":"col1","values":["1943-01-01","1908-12-17","1910-05-21","1922-09-03","1926-09-18","1927-06-01","1937-09-11","1942-01-01","1976-01-01","1990-08-17","1992-01-01","1949-01-01","1987-02-02","1909-01-01","1978-01-01","1922-01-01","1999-01-01","2001-12-05","1994-04-25","1994-04-25"]},{"index":2,"name":"col2","values":["kabushiki gaisha","kabushiki gaisha","kabushiki gaisha","kabushiki gaisha","kabushiki gaisha","kabushiki gaisha","kabushiki gaisha","GmbH & Co. KG","GmbH","GmbH","GmbH","GmbH","Limited Company","state-owned enterprise","joint-stock company","joint-stock company","limited company","aksjeselskap","kabushiki gaisha","kabushiki gaisha"]}]},"context":{"page_title":null,"page_url":null,"page_entity_id":null,"content_hierarchy":[]},"links":[[[{"start":0,"end":20,"url":null,"entity_id":"Q1131125","candidates":[]}],[],[{"start":0,"end":16,"url":null,"entity_id":"Q1480166","candidates":[]}]],[[{"start":0,"end":21,"url":null,"entity_id":"Q869251","candidates":[]}],[],[{"start":0,"end":16,"url":null,"entity_id":"Q1480166","candidates":[]}]],[[{"start":0,"end":24,"url":null,"entity_id":"Q860466","candidates":[]}],[],[{"start":0,"end":16,"url":null,"entity_id":"Q1480166","candidates":[]}]],[[{"start":0,"end":13,"url":null,"entity_id":"Q845943","candidates":[]}],[],[{"start":0,"end":16,"url":null,"entity_id":"Q1480166","candidates":[]}]],[[{"start":0,"end":10,"url":null,"entity_id":"Q842879","candidates":[]}],[],[{"start":0,"end":16,"url":null,"entity_id":"Q1480166","candidates":[]}]],[[{"start":0,"end":19,"url":null,"entity_id":"Q130439","candidates":[]}],[],[{"start":0,"end":16,"url":null,"entity_id":"Q1480166","candidates":[]}]],[[{"start":0,"end":9,"url":null,"entity_id":"Q128159","candidates":[]}],[],[{"start":0,"end":16,"url":null,"entity_id":"Q1480166","candidates":[]}]],[[{"start":0,"end":11,"url":null,"entity_id":"Q1254031","candidates":[]}],[],[{"start":0,"end":13,"url":null,"entity_id":"Q897103","candidates":[]}]],[[{"start":0,"end":26,"url":null,"entity_id":"Q2138493","candidates":[]}],[],[{"start":0,"end":4,"url":null,"entity_id":"Q460178","candidates":[]}]],[[{"start":0,"end":11,"url":null,"entity_id":"Q2023458","candidates":[]}],[],[{"start":0,"end":4,"url":null,"entity_id":"Q460178","candidates":[]}]],[[{"start":0,"end":15,"url":null,"entity_id":"Q1652183","candidates":[]}],[],[{"start":0,"end":4,"url":null,"entity_id":"Q460178","candidates":[]}]],[[{"start":0,"end":11,"url":null,"entity_id":"Q1546455","candidates":[]}],[],[{"start":0,"end":4,"url":null,"entity_id":"Q460178","candidates":[]}]],[[{"start":0,"end":10,"url":null,"entity_id":"Q1263090","candidates":[]}],[],[{"start":0,"end":15,"url":null,"entity_id":"Q422069","candidates":[]}]],[[{"start":0,"end":39,"url":null,"entity_id":"Q358627","candidates":[]}],[],[{"start":0,"end":22,"url":null,"entity_id":"Q270791","candidates":[]}]],[[{"start":0,"end":39,"url":null,"entity_id":"Q3630518","candidates":[]}],[],[{"start":0,"end":19,"url":null,"entity_id":"Q134161","candidates":[]}]],[[{"start":0,"end":16,"url":null,"entity_id":"Q3630515","candidates":[]}],[],[{"start":0,"end":19,"url":null,"entity_id":"Q134161","candidates":[]}]],[[{"start":0,"end":12,"url":null,"entity_id":"Q1192411","candidates":[]}],[],[{"start":0,"end":15,"url":null,"entity_id":"Q33685","candidates":[]}]],[[{"start":0,"end":13,"url":null,"entity_id":"Q11991861","candidates":[]}],[],[{"start":0,"end":12,"url":null,"entity_id":"Q15042660","candidates":[]}]],[[{"start":0,"end":18,"url":null,"entity_id":"Q11675558","candidates":[]}],[],[{"start":0,"end":16,"url":null,"entity_id":"Q1480166","candidates":[]}]],[[{"start":0,"end":18,"url":null,"entity_id":"Q11666934","candidates":[]}],[],[{"start":0,"end":16,"url":null,"entity_id":"Q1480166","candidates":[]}]]]}