{"version":"1.2","table":{"version":"2","table_id":"RN4CU569","columns":[{"index":0,"name":"col0","values":["Empress Theatre","Copley Symphony Hall","Cinesphere","Edinburgh Playhouse","Cineworld Glasgow Renfrew Street","Devonshire Park Theatre","New Victory Theatre","Hollywood Pantages Theatre","Lyceum Theatre","GV Yishun","Hilbert Circle Theatre","Gramercy Theatre","Russisches Haus","Saga","Symphony Center","King's Theatre, Edinburgh","Samuel J. Friedman Theater","Coliseu do Porto","Bleecker Street Cinemas","Cinerama Dome"]},{"index":1,"name":"col1","values":["Montreal","San Diego Symphony","Government of Ontario","Ambassador Theatre Group","Cineworld","Eastbourne","New York City","Nederlander Organization","George S. Kaufman","Golden Village","Indianapolis Symphony Orchestra","Live Nation Entertainment","Russia","Svenska Bio","Chicago Symphony Orchestra","Edinburgh","Manhattan Theatre Club","Porto","Lionel Rogosin","Pacific Theatres"]},{"index":2,"name":"col2","values":["Notre-Dame-de-Grâce","Downtown San Diego","Ontario Place","Edinburgh","Glasgow","Eastbourne","Garment District","Hollywood","Midtown Manhattan","Yishun","Indianapolis","New York City","Mitte","Kalmar","Chicago","Edinburgh","Midtown Manhattan","Santo Ildefonso","Greenwich Village","Hollywood"]}]},"context":{"page_title":null,"page_url":null,"page_entity_id":null,"content_hierarchy":[]},"links":[[[{"start":0,"end":15,"url":null,"entity_id":"Q5374601","candidates":[]}],[{"start":0,"end":8,"url":null,"entity_id":"Q340","candidates":[]}],[{"start":0,"end":19,"url":null,"entity_id":"Q3344587","candidates":[]}]],[[{"start":0,"end":20,"url":null,"entity_id":"Q5168634","candidates":[]}],[{"start":0,"end":18,"url":null,"entity_id":"Q2920427","candidates":[]}],[{"start":0,"end":18,"url":null,"entity_id":"Q3038344","candidates":[]}]],[[{"start":0,"end":10,"url":null,"entity_id":"Q5120894","candidates":[]}],[{"start":0,"end":21,"url":null,"entity_id":"Q5589283","candidates":[]}],[{"start":0,"end":13,"url":null,"entity_id":"Q935388","candidates":[]}]],[[{"start":0,"end":19,"url":null,"entity_id":"Q5338244","candidates":[]}],[{"start":0,"end":24,"url":null,"entity_id":"Q4741072","candidates":[]}],[{"start":0,"end":9,"url":null,"entity_id":"Q23436","candidates":[]}]],[[{"start":0,"end":32,"url":null,"entity_id":"Q5120902","candidates":[]}],[{"start":0,"end":9,"url":null,"entity_id":"Q5120901","candidates":[]}],[{"start":0,"end":7,"url":null,"entity_id":"Q4093","candidates":[]}]],[[{"start":0,"end":23,"url":null,"entity_id":"Q5267874","candidates":[]}],[{"start":0,"end":10,"url":null,"entity_id":"Q208262","candidates":[]}],[{"start":0,"end":10,"url":null,"entity_id":"Q208262","candidates":[]}]],[[{"start":0,"end":19,"url":null,"entity_id":"Q1467005","candidates":[]}],[{"start":0,"end":13,"url":null,"entity_id":"Q60","candidates":[]}],[{"start":0,"end":16,"url":null,"entity_id":"Q1494337","candidates":[]}]],[[{"start":0,"end":26,"url":null,"entity_id":"Q1584748","candidates":[]}],[{"start":0,"end":24,"url":null,"entity_id":"Q12063654","candidates":[]}],[{"start":0,"end":9,"url":null,"entity_id":"Q34006","candidates":[]}]],[[{"start":0,"end":14,"url":null,"entity_id":"Q1756846","candidates":[]}],[{"start":0,"end":17,"url":null,"entity_id":"Q163662","candidates":[]}],[{"start":0,"end":17,"url":null,"entity_id":"Q11249","candidates":[]}]],[[{"start":0,"end":9,"url":null,"entity_id":"Q5514862","candidates":[]}],[{"start":0,"end":14,"url":null,"entity_id":"Q5579944","candidates":[]}],[{"start":0,"end":6,"url":null,"entity_id":"Q8053845","candidates":[]}]],[[{"start":0,"end":22,"url":null,"entity_id":"Q5761189","candidates":[]}],[{"start":0,"end":31,"url":null,"entity_id":"Q654387","candidates":[]}],[{"start":0,"end":12,"url":null,"entity_id":"Q6346","candidates":[]}]],[[{"start":0,"end":16,"url":null,"entity_id":"Q5593640","candidates":[]}],[{"start":0,"end":25,"url":null,"entity_id":"Q1061903","candidates":[]}],[{"start":0,"end":13,"url":null,"entity_id":"Q60","candidates":[]}]],[[{"start":0,"end":15,"url":null,"entity_id":"Q2177146","candidates":[]}],[{"start":0,"end":6,"url":null,"entity_id":"Q159","candidates":[]}],[{"start":0,"end":5,"url":null,"entity_id":"Q2013767","candidates":[]}]],[[{"start":0,"end":4,"url":null,"entity_id":"Q2211598","candidates":[]}],[{"start":0,"end":11,"url":null,"entity_id":"Q3506261","candidates":[]}],[{"start":0,"end":6,"url":null,"entity_id":"Q26345","candidates":[]}]],[[{"start":0,"end":15,"url":null,"entity_id":"Q2154167","candidates":[]}],[{"start":0,"end":26,"url":null,"entity_id":"Q1050470","candidates":[]}],[{"start":0,"end":7,"url":null,"entity_id":"Q1297","candidates":[]}]],[[{"start":0,"end":25,"url":null,"entity_id":"Q6411122","candidates":[]}],[{"start":0,"end":9,"url":null,"entity_id":"Q23436","candidates":[]}],[{"start":0,"end":9,"url":null,"entity_id":"Q23436","candidates":[]}]],[[{"start":0,"end":26,"url":null,"entity_id":"Q5935075","candidates":[]}],[{"start":0,"end":22,"url":null,"entity_id":"Q6749316","candidates":[]}],[{"start":0,"end":17,"url":null,"entity_id":"Q11249","candidates":[]}]],[[{"start":0,"end":16,"url":null,"entity_id":"Q2982699","candidates":[]}],[{"start":0,"end":5,"url":null,"entity_id":"Q36433","candidates":[]}],[{"start":0,"end":15,"url":null,"entity_id":"Q1499319","candidates":[]}]],[[{"start":0,"end":23,"url":null,"entity_id":"Q2906365","candidates":[]}],[{"start":0,"end":14,"url":null,"entity_id":"Q1344057","candidates":[]}],[{"start":0,"end":17,"url":null,"entity_id":"Q205380","candidates":[]}]],[[{"start":0,"end":13,"url":null,"entity_id":"Q2972810","candidates":[]}],[{"start":0,"end":16,"url":null,"entity_id":"Q7122729","candidates":[]}],[{"start":0,"end":9,"url":null,"entity_id":"Q34006","candidates":[]}]]]}