{"version":"1.2","table":{"version":"2","table_id":"RNQ54I5L","columns":[{"index":0,"name":"col0","values":["Hohenberg (Hohenberg-Krusemark)","Belfort (Klötze)","Hasselbusch","Kenzendorf","Gut Priemern","Kahlenberge","Voßhof (Krüden)","Klein Wanzer","Rehmate","Lochow","Käcklitz","Heimberg","Gladowshöhe","Bronnbach","Albert","Ablaincourt-Pressoir","Parera","Obereubigheim","Schwarzenbrunn","Brauneck"]},{"index":1,"name":"col1","values":["32","57","68","58","25","20","20","19","45","68","27","454","72","160","67","83","178","354","410","330.4"]},{"index":2,"name":"col2","values":["UTC+01:00","Central European Time","Central European Time","Central European Time","UTC+01:00","UTC+01:00","UTC+01:00","UTC+01:00","UTC+01:00","UTC+01:00","UTC+01:00","UTC+01:00","UTC+01:00","UTC+01:00","UTC+01:00","UTC+01:00","UTC−03:00","UTC+01:00","UTC+01:00","UTC+01:00"]}]},"context":{"page_title":null,"page_url":null,"page_entity_id":null,"content_hierarchy":[]},"links":[[[{"start":0,"end":31,"url":null,"entity_id":"Q85948254","candidates":[]}],[],[{"start":0,"end":9,"url":null,"entity_id":"Q6655","candidates":[]}]],[[{"start":0,"end":16,"url":null,"entity_id":"Q61945234","candidates":[]}],[],[{"start":0,"end":21,"url":null,"entity_id":"Q25989","candidates":[]}]],[[{"start":0,"end":11,"url":null,"entity_id":"Q60232518","candidates":[]}],[],[{"start":0,"end":21,"url":null,"entity_id":"Q25989","candidates":[]}]],[[{"start":0,"end":10,"url":null,"entity_id":"Q59193453","candidates":[]}],[],[{"start":0,"end":21,"url":null,"entity_id":"Q25989","candidates":[]}]],[[{"start":0,"end":12,"url":null,"entity_id":"Q57313006","candidates":[]}],[],[{"start":0,"end":9,"url":null,"entity_id":"Q6655","candidates":[]}]],[[{"start":0,"end":11,"url":null,"entity_id":"Q23560373","candidates":[]}],[],[{"start":0,"end":9,"url":null,"entity_id":"Q6655","candidates":[]}]],[[{"start":0,"end":15,"url":null,"entity_id":"Q22694465","candidates":[]}],[],[{"start":0,"end":9,"url":null,"entity_id":"Q6655","candidates":[]}]],[[{"start":0,"end":12,"url":null,"entity_id":"Q22692586","candidates":[]}],[],[{"start":0,"end":9,"url":null,"entity_id":"Q6655","candidates":[]}]],[[{"start":0,"end":7,"url":null,"entity_id":"Q19963948","candidates":[]}],[],[{"start":0,"end":9,"url":null,"entity_id":"Q6655","candidates":[]}]],[[{"start":0,"end":6,"url":null,"entity_id":"Q1867413","candidates":[]}],[],[{"start":0,"end":9,"url":null,"entity_id":"Q6655","candidates":[]}]],[[{"start":0,"end":8,"url":null,"entity_id":"Q1709943","candidates":[]}],[],[{"start":0,"end":9,"url":null,"entity_id":"Q6655","candidates":[]}]],[[{"start":0,"end":8,"url":null,"entity_id":"Q1595729","candidates":[]}],[],[{"start":0,"end":9,"url":null,"entity_id":"Q6655","candidates":[]}]],[[{"start":0,"end":11,"url":null,"entity_id":"Q1529074","candidates":[]}],[],[{"start":0,"end":9,"url":null,"entity_id":"Q6655","candidates":[]}]],[[{"start":0,"end":9,"url":null,"entity_id":"Q927699","candidates":[]}],[],[{"start":0,"end":9,"url":null,"entity_id":"Q6655","candidates":[]}]],[[{"start":0,"end":6,"url":null,"entity_id":"Q30940","candidates":[]}],[],[{"start":0,"end":9,"url":null,"entity_id":"Q6655","candidates":[]}]],[[{"start":0,"end":20,"url":null,"entity_id":"Q28526","candidates":[]}],[],[{"start":0,"end":9,"url":null,"entity_id":"Q6655","candidates":[]}]],[[{"start":0,"end":6,"url":null,"entity_id":"Q2728178","candidates":[]}],[],[{"start":0,"end":9,"url":null,"entity_id":"Q6513","candidates":[]}]],[[{"start":0,"end":13,"url":null,"entity_id":"Q28786222","candidates":[]}],[],[{"start":0,"end":9,"url":null,"entity_id":"Q6655","candidates":[]}]],[[{"start":0,"end":14,"url":null,"entity_id":"Q28777568","candidates":[]}],[],[{"start":0,"end":9,"url":null,"entity_id":"Q6655","candidates":[]}]],[[{"start":0,"end":8,"url":null,"entity_id":"Q28109545","candidates":[]}],[],[{"start":0,"end":9,"url":null,"entity_id":"Q6655","candidates":[]}]]]}