{"version":"1.2","table":{"version":"2","table_id":"RPKH7TX9","columns":[{"index":0,"name":"col0","values":["gold-210","gold-209","gold-208","gold-207","gold-206","gold-205","gold-204","gold-203","gold-202","gold-201","gold-200","gold-199","gold-198","gold-197","gold-196","gold-195","gold-194","gold-193","gold-192","gold-191"]},{"index":1,"name":"col1","values":["1630860","1627692","1623232","1619775","1615040","1611505","1605480","1599815.392","1592953.618","1586930.175","1579698.2","1573480.463","1565896.266","1559383.838","1551311.58","1544668.515","1536242.156","1529363.652","1520659.584","1513614.071"]},{"index":2,"name":"col2","values":["131","130","129","128","127","126","125","124","123","122","121","120","119","118","117","116","115","114","113","112"]},{"index":3,"name":"col3","values":["210.0025","208.997273","207.99345","206.988395","205.98474","204.97985","203.977831","202.975154498","201.973856","200.971657665","199.970756556","198.968766582","197.968","196.966570114","195.966571221","194.965037851","193.965419062","192.964138447","191.964817684","190.963716455"]}]},"context":{"page_title":null,"page_url":null,"page_entity_id":null,"content_hierarchy":[]},"links":[[[{"start":0,"end":8,"url":null,"entity_id":"Q47457375","candidates":[]}],[],[],[]],[[{"start":0,"end":8,"url":null,"entity_id":"Q47457374","candidates":[]}],[],[],[]],[[{"start":0,"end":8,"url":null,"entity_id":"Q47457371","candidates":[]}],[],[],[]],[[{"start":0,"end":8,"url":null,"entity_id":"Q47457369","candidates":[]}],[],[],[]],[[{"start":0,"end":8,"url":null,"entity_id":"Q47457366","candidates":[]}],[],[],[]],[[{"start":0,"end":8,"url":null,"entity_id":"Q18883187","candidates":[]}],[],[],[]],[[{"start":0,"end":8,"url":null,"entity_id":"Q18883186","candidates":[]}],[],[],[]],[[{"start":0,"end":8,"url":null,"entity_id":"Q18883185","candidates":[]}],[],[],[]],[[{"start":0,"end":8,"url":null,"entity_id":"Q18883184","candidates":[]}],[],[],[]],[[{"start":0,"end":8,"url":null,"entity_id":"Q18883183","candidates":[]}],[],[],[]],[[{"start":0,"end":8,"url":null,"entity_id":"Q18883181","candidates":[]}],[],[],[]],[[{"start":0,"end":8,"url":null,"entity_id":"Q18883179","candidates":[]}],[],[],[]],[[{"start":0,"end":8,"url":null,"entity_id":"Q18883176","candidates":[]}],[],[],[]],[[{"start":0,"end":8,"url":null,"entity_id":"Q18883174","candidates":[]}],[],[],[]],[[{"start":0,"end":8,"url":null,"entity_id":"Q18883171","candidates":[]}],[],[],[]],[[{"start":0,"end":8,"url":null,"entity_id":"Q18883167","candidates":[]}],[],[],[]],[[{"start":0,"end":8,"url":null,"entity_id":"Q18883164","candidates":[]}],[],[],[]],[[{"start":0,"end":8,"url":null,"entity_id":"Q18883161","candidates":[]}],[],[],[]],[[{"start":0,"end":8,"url":null,"entity_id":"Q18883158","candidates":[]}],[],[],[]],[[{"start":0,"end":8,"url":null,"entity_id":"Q18883155","candidates":[]}],[],[],[]]]}