{"version":"1.2","table":{"version":"2","table_id":"RPRVUXZT","columns":[{"index":0,"name":"col0","values":["Zeleni vir","Steneto Biosphere Reserve","Ålleberg","Shemurat Tel Shimron","Vestvannet","Billudden","Bremossen","Arksjöberget","Storsund","Mayon Volcano Natural Park","Jezerské jazero","Koebos","Amager Fælled","Gitchie Manitou State Preserve","Fort Atkinson State Preserve","Flag Ponds Nature Park","Hoverberget","Waterberg Biosphere","Vitberget","Erebuni Reserve"]},{"index":1,"name":"col1","values":["302","933","330","130","25","14","252","445","3","2353","919","47","1","395","331","28","548","830","594","1300"]},{"index":2,"name":"col2","values":["252","3578.8","1.88","28","7.5479","147.283","0.28","18.1","34.56","5803","0.6","0.27","2.4","91","5","1.2","0","654033","0.56","120"]}]},"context":{"page_title":null,"page_url":null,"page_entity_id":null,"content_hierarchy":[]},"links":[[[{"start":0,"end":25,"url":null,"entity_id":"Q9079796","candidates":[]}],[],[]],[[{"start":0,"end":8,"url":null,"entity_id":"Q6978819","candidates":[]}],[],[]],[[{"start":0,"end":20,"url":null,"entity_id":"Q6622341","candidates":[]}],[],[]],[[{"start":0,"end":10,"url":null,"entity_id":"Q6515479","candidates":[]}],[],[]],[[{"start":0,"end":9,"url":null,"entity_id":"Q16502182","candidates":[]}],[],[]],[[{"start":0,"end":9,"url":null,"entity_id":"Q16498173","candidates":[]}],[],[]],[[{"start":0,"end":12,"url":null,"entity_id":"Q16497102","candidates":[]}],[],[]],[[{"start":0,"end":8,"url":null,"entity_id":"Q15407937","candidates":[]}],[],[]],[[{"start":0,"end":26,"url":null,"entity_id":"Q15252301","candidates":[]}],[],[]],[[{"start":0,"end":15,"url":null,"entity_id":"Q12024635","candidates":[]}],[],[]],[[{"start":0,"end":6,"url":null,"entity_id":"Q18612706","candidates":[]}],[],[]],[[{"start":0,"end":13,"url":null,"entity_id":"Q11957648","candidates":[]}],[],[]],[[{"start":0,"end":30,"url":null,"entity_id":"Q5565073","candidates":[]}],[],[]],[[{"start":0,"end":28,"url":null,"entity_id":"Q5470759","candidates":[]}],[],[]],[[{"start":0,"end":22,"url":null,"entity_id":"Q5456635","candidates":[]}],[],[]],[[{"start":0,"end":11,"url":null,"entity_id":"Q4992097","candidates":[]}],[],[]],[[{"start":0,"end":19,"url":null,"entity_id":"Q2670965","candidates":[]}],[],[]],[[{"start":0,"end":9,"url":null,"entity_id":"Q2528645","candidates":[]}],[],[]],[[{"start":0,"end":15,"url":null,"entity_id":"Q4532395","candidates":[]}],[],[]],[[{"start":0,"end":10,"url":null,"entity_id":"Q12645682","candidates":[]}],[],[]]]}