{"version":"1.2","table":{"version":"2","table_id":"RQ5G0UCC","columns":[{"index":0,"name":"col0","values":["place EK/20","place DY/13","place DC/12","place BV/13","Evert Taubes terrass","Plaza de Armas of Cuzco","Riddarhustorget","Mosebacke","Largo","Karl Johans torg","Järntorget","place Benjamin-Fondane","place Baudoyer","place Balard","place Auguste-Métivier","place Auguste-Baron","place Arnault-Tzanck","place Armand-Carrel","place André-Trannoy","place André-Masson","place André-Malraux","place Amédée-Gordini","place Alphonse-Laveran","place Alphonse-Deville","place Alphonse-Allais","place Alfred-Dreyfus","place Alfred-Sauvy","place Alfred-Kastler","place Albert-Londres","place Albert-Kahn","Place Aimé-Maillart","place Adrien-Oudin","place Adolphe-Max","place Adolphe-Chérioux","place Étienne-Pernet","place Émile-Mâle"]},{"index":1,"name":"col1","values":["50","31","50","23","24","78","23","52","50","34","22","9","40","34","30","28","42.8","59","10","12","67","25","20","30","30","18","12","12","16","64","30","2040","56.4","49","44","16"]},{"index":2,"name":"col2","values":["105","51","105","120","91","141","105","74","200","41","40","12","56","100","70","50","73","95","38","49","70","68","35","50","45","30","68","28","20","64","70","25","65","154","135","25"]}]},"context":{"page_title":null,"page_url":null,"page_entity_id":null,"content_hierarchy":[]},"links":[[[{"start":0,"end":11,"url":null,"entity_id":"Q21098115","candidates":[]}],[],[]],[[{"start":0,"end":11,"url":null,"entity_id":"Q21098114","candidates":[]}],[],[]],[[{"start":0,"end":11,"url":null,"entity_id":"Q21098110","candidates":[]}],[],[]],[[{"start":0,"end":11,"url":null,"entity_id":"Q21098106","candidates":[]}],[],[]],[[{"start":0,"end":20,"url":null,"entity_id":"Q10492792","candidates":[]}],[],[]],[[{"start":0,"end":23,"url":null,"entity_id":"Q9060929","candidates":[]}],[],[]],[[{"start":0,"end":15,"url":null,"entity_id":"Q7332366","candidates":[]}],[],[]],[[{"start":0,"end":9,"url":null,"entity_id":"Q6915592","candidates":[]}],[],[]],[[{"start":0,"end":5,"url":null,"entity_id":"Q6489272","candidates":[]}],[],[]],[[{"start":0,"end":16,"url":null,"entity_id":"Q6371948","candidates":[]}],[],[]],[[{"start":0,"end":10,"url":null,"entity_id":"Q4566667","candidates":[]}],[],[]],[[{"start":0,"end":22,"url":null,"entity_id":"Q3389722","candidates":[]}],[],[]],[[{"start":0,"end":14,"url":null,"entity_id":"Q3389716","candidates":[]}],[],[]],[[{"start":0,"end":12,"url":null,"entity_id":"Q3389713","candidates":[]}],[],[]],[[{"start":0,"end":22,"url":null,"entity_id":"Q3389712","candidates":[]}],[],[]],[[{"start":0,"end":19,"url":null,"entity_id":"Q3389711","candidates":[]}],[],[]],[[{"start":0,"end":20,"url":null,"entity_id":"Q3389709","candidates":[]}],[],[]],[[{"start":0,"end":19,"url":null,"entity_id":"Q3389708","candidates":[]}],[],[]],[[{"start":0,"end":19,"url":null,"entity_id":"Q3389702","candidates":[]}],[],[]],[[{"start":0,"end":18,"url":null,"entity_id":"Q3389701","candidates":[]}],[],[]],[[{"start":0,"end":19,"url":null,"entity_id":"Q3389700","candidates":[]}],[],[]],[[{"start":0,"end":20,"url":null,"entity_id":"Q3389698","candidates":[]}],[],[]],[[{"start":0,"end":22,"url":null,"entity_id":"Q3389696","candidates":[]}],[],[]],[[{"start":0,"end":22,"url":null,"entity_id":"Q3389695","candidates":[]}],[],[]],[[{"start":0,"end":21,"url":null,"entity_id":"Q3389693","candidates":[]}],[],[]],[[{"start":0,"end":20,"url":null,"entity_id":"Q3389692","candidates":[]}],[],[]],[[{"start":0,"end":18,"url":null,"entity_id":"Q3389691","candidates":[]}],[],[]],[[{"start":0,"end":20,"url":null,"entity_id":"Q3389689","candidates":[]}],[],[]],[[{"start":0,"end":20,"url":null,"entity_id":"Q3389685","candidates":[]}],[],[]],[[{"start":0,"end":17,"url":null,"entity_id":"Q3389684","candidates":[]}],[],[]],[[{"start":0,"end":19,"url":null,"entity_id":"Q3389681","candidates":[]}],[],[]],[[{"start":0,"end":18,"url":null,"entity_id":"Q3389679","candidates":[]}],[],[]],[[{"start":0,"end":17,"url":null,"entity_id":"Q3389678","candidates":[]}],[],[]],[[{"start":0,"end":22,"url":null,"entity_id":"Q3389676","candidates":[]}],[],[]],[[{"start":0,"end":20,"url":null,"entity_id":"Q3390742","candidates":[]}],[],[]],[[{"start":0,"end":16,"url":null,"entity_id":"Q3390741","candidates":[]}],[],[]]]}