{"version":"1.2","table":{"version":"2","table_id":"RQHKSW0J","columns":[{"index":0,"name":"col0","values":["Nagoya metropolitan area","Kagoshima metropolitan area","Takamatsu metropolitan area","Shizuoka metropolitan area","Nagasaki metropolitan area","Kanazawa metropolitan area","Naha metropolitan area","Toyohashi metropolitan area","Kobe metropolitan area","Kumamoto metropolitan area","Hamamatsu metropolitan area","Mito metropolitan area","Niigata metropolitan area","Tokushima metropolitan area","Okayama metropolitan area","Gifu metropolitan area","Toyama metropolitan area","Utsunomiya metropolitan area","Himeji metropolitan area","Osaka metropolitan area"]},{"index":1,"name":"col1","values":["2791.72","1031.45","1352.17","1676.5","1185.03","1558.52","281.85","1233.35","1245.46","1603.67","2051.17","1309.51","3138.45","2246.7","2709.72","1026.71","4247.61","3851.05","1998.12","4291.37"]},{"index":2,"name":"col2","values":["22497113060000","2319206000000","3047862000000","4023824087000","2446159000000","2784531000000","2352817000000","2721311000000","8427218685000","3490414978000","4762690011000","2656089000000","3804713426000","2491554000000","5538983004000","2824475997000","4342143000000","4453515019000","2948236000000","45362486066000"]},{"index":3,"name":"col3","values":["6871532","731477","830040","988056","803828","743647","830532","676333","2419973","1111596","1129296","678969","1060013","680467","1526503","831430","1066328","1103745","724209","12078820"]}]},"context":{"page_title":null,"page_url":null,"page_entity_id":null,"content_hierarchy":[]},"links":[[[{"start":0,"end":24,"url":null,"entity_id":"Q24901650","candidates":[]}],[],[],[]],[[{"start":0,"end":27,"url":null,"entity_id":"Q17223297","candidates":[]}],[],[],[]],[[{"start":0,"end":27,"url":null,"entity_id":"Q11670507","candidates":[]}],[],[],[]],[[{"start":0,"end":26,"url":null,"entity_id":"Q11663594","candidates":[]}],[],[],[]],[[{"start":0,"end":26,"url":null,"entity_id":"Q11652903","candidates":[]}],[],[],[]],[[{"start":0,"end":26,"url":null,"entity_id":"Q11647548","candidates":[]}],[],[],[]],[[{"start":0,"end":22,"url":null,"entity_id":"Q11642855","candidates":[]}],[],[],[]],[[{"start":0,"end":27,"url":null,"entity_id":"Q11633865","candidates":[]}],[],[],[]],[[{"start":0,"end":22,"url":null,"entity_id":"Q11590230","candidates":[]}],[],[],[]],[[{"start":0,"end":26,"url":null,"entity_id":"Q11568614","candidates":[]}],[],[],[]],[[{"start":0,"end":27,"url":null,"entity_id":"Q11557888","candidates":[]}],[],[],[]],[[{"start":0,"end":22,"url":null,"entity_id":"Q11548646","candidates":[]}],[],[],[]],[[{"start":0,"end":25,"url":null,"entity_id":"Q11503605","candidates":[]}],[],[],[]],[[{"start":0,"end":27,"url":null,"entity_id":"Q11490235","candidates":[]}],[],[],[]],[[{"start":0,"end":25,"url":null,"entity_id":"Q11472765","candidates":[]}],[],[],[]],[[{"start":0,"end":22,"url":null,"entity_id":"Q11471896","candidates":[]}],[],[],[]],[[{"start":0,"end":24,"url":null,"entity_id":"Q11456854","candidates":[]}],[],[],[]],[[{"start":0,"end":28,"url":null,"entity_id":"Q11449830","candidates":[]}],[],[],[]],[[{"start":0,"end":24,"url":null,"entity_id":"Q11447578","candidates":[]}],[],[],[]],[[{"start":0,"end":23,"url":null,"entity_id":"Q11441649","candidates":[]}],[],[],[]]]}