{"version":"1.2","table":{"version":"2","table_id":"RROWB300","columns":[{"index":0,"name":"col0","values":["Goyases School Shooting","2017 Las Vegas shooting","2017 Istanbul nightclub attack","2016 Berlin attack","July 2016 Kabul bombing","2016 Nice attack","2016 Orlando nightclub shooting","2016 Mosul massacre","2016 Dalori attack","Lions' Gate stabbings","Fountain Valley massacre","2014 Peshawar school attack","2014 Jerusalem synagogue attack","Coro massacre","massacre of Celano","Midnight Massacre (1945)","2019 Coatzacoalcos Massacre","March 2019 attacks against Fulani herders","Massacre of Avola","Machuca massacre"]},{"index":1,"name":"col1","values":["2017-10-14","2017-10-01","2017-01-01","2016-12-19","2016-07-23","2016-07-14","2016-06-12","2016-02-08","2016-01-30","2015-10-03","1972-09-06","2014-12-16","2014-11-18","2013-07-04","1950-04-30","1945-07-01","2019-08-27","2019-03-23","1968-12-02","1998-10-18"]},{"index":2,"name":"col2","values":["4","851","70","48","260","434","53","0","136","2","8","114","7","2","12","20","13","55","48","30"]}]},"context":{"page_title":null,"page_url":null,"page_entity_id":null,"content_hierarchy":[]},"links":[[[{"start":0,"end":23,"url":null,"entity_id":"Q41522095","candidates":[]}],[],[]],[[{"start":0,"end":30,"url":null,"entity_id":"Q28094271","candidates":[]}],[],[]],[[{"start":0,"end":18,"url":null,"entity_id":"Q28036573","candidates":[]}],[],[]],[[{"start":0,"end":23,"url":null,"entity_id":"Q25995756","candidates":[]}],[],[]],[[{"start":0,"end":16,"url":null,"entity_id":"Q25893254","candidates":[]}],[],[]],[[{"start":0,"end":31,"url":null,"entity_id":"Q24561572","candidates":[]}],[],[]],[[{"start":0,"end":19,"url":null,"entity_id":"Q22948704","candidates":[]}],[],[]],[[{"start":0,"end":18,"url":null,"entity_id":"Q22348438","candidates":[]}],[],[]],[[{"start":0,"end":21,"url":null,"entity_id":"Q21154238","candidates":[]}],[],[]],[[{"start":0,"end":24,"url":null,"entity_id":"Q19865885","candidates":[]}],[],[]],[[{"start":0,"end":27,"url":null,"entity_id":"Q18641076","candidates":[]}],[],[]],[[{"start":0,"end":31,"url":null,"entity_id":"Q18551886","candidates":[]}],[],[]],[[{"start":0,"end":13,"url":null,"entity_id":"Q16601614","candidates":[]}],[],[]],[[{"start":0,"end":18,"url":null,"entity_id":"Q16551157","candidates":[]}],[],[]],[[{"start":0,"end":24,"url":null,"entity_id":"Q15730206","candidates":[]}],[],[]],[[{"start":0,"end":27,"url":null,"entity_id":"Q66822981","candidates":[]}],[],[]],[[{"start":0,"end":41,"url":null,"entity_id":"Q62389968","candidates":[]}],[],[]],[[{"start":0,"end":17,"url":null,"entity_id":"Q60583463","candidates":[]}],[],[]],[[{"start":0,"end":16,"url":null,"entity_id":"Q5786070","candidates":[]}],[],[]],[[{"start":0,"end":23,"url":null,"entity_id":"Q42307187","candidates":[]}],[],[]]]}