{"version":"1.2","table":{"version":"2","table_id":"RRVAO590","columns":[{"index":0,"name":"col0","values":["USS Bass","USS Bream","USS Wolffish","USS Eel","BAP Pacocha","USS Archer-Fish","USS Ono","USS Dugong","USS Jawfish","USS Nerka","USS Goldring","USS Needlefish","USS Espada","USS Garlopa","USS Garrupa","USS Parche","HNLMS Tijgerhaai","Yugoslav submarine Osvetnik","Luigi Settembrini submarine","Glauco"]},{"index":1,"name":"col1","values":["United States Barracuda-class submarines (1951)","Gato-class submarine","Balao-class submarine","Balao-class submarine","Balao-class submarine","Balao-class submarine","Balao-class submarine","Balao-class submarine","Balao-class submarine","Balao-class submarine","Balao-class submarine","Balao-class submarine","Balao-class submarine","Balao-class submarine","Balao-class submarine","Balao-class submarine","Zwaardvis-class submarine","Osvetnik-class submarine","Settembrini-class submarine","Glauco-class submarine"]},{"index":2,"name":"col2","values":["United States Navy","United States Navy","United States Navy","United States Navy","United States Navy","United States Navy","United States Navy","United States Navy","United States Navy","United States Navy","United States Navy","United States Navy","United States Navy","United States Navy","United States Navy","United States Navy","United States Navy","Royal Navy","Royal Navy","Royal Navy"]}]},"context":{"page_title":null,"page_url":null,"page_entity_id":null,"content_hierarchy":[]},"links":[[[{"start":0,"end":9,"url":null,"entity_id":"Q5229935","candidates":[]}],[{"start":0,"end":20,"url":null,"entity_id":"Q1144934","candidates":[]}],[{"start":0,"end":18,"url":null,"entity_id":"Q11220","candidates":[]}]],[[{"start":0,"end":12,"url":null,"entity_id":"Q5236685","candidates":[]}],[{"start":0,"end":21,"url":null,"entity_id":"Q699842","candidates":[]}],[{"start":0,"end":18,"url":null,"entity_id":"Q11220","candidates":[]}]],[[{"start":0,"end":7,"url":null,"entity_id":"Q5224391","candidates":[]}],[{"start":0,"end":21,"url":null,"entity_id":"Q699842","candidates":[]}],[{"start":0,"end":18,"url":null,"entity_id":"Q11220","candidates":[]}]],[[{"start":0,"end":11,"url":null,"entity_id":"Q4834624","candidates":[]}],[{"start":0,"end":21,"url":null,"entity_id":"Q699842","candidates":[]}],[{"start":0,"end":18,"url":null,"entity_id":"Q11220","candidates":[]}]],[[{"start":0,"end":15,"url":null,"entity_id":"Q4388520","candidates":[]}],[{"start":0,"end":21,"url":null,"entity_id":"Q699842","candidates":[]}],[{"start":0,"end":18,"url":null,"entity_id":"Q11220","candidates":[]}]],[[{"start":0,"end":7,"url":null,"entity_id":"Q4384576","candidates":[]}],[{"start":0,"end":21,"url":null,"entity_id":"Q699842","candidates":[]}],[{"start":0,"end":18,"url":null,"entity_id":"Q11220","candidates":[]}]],[[{"start":0,"end":10,"url":null,"entity_id":"Q4384571","candidates":[]}],[{"start":0,"end":21,"url":null,"entity_id":"Q699842","candidates":[]}],[{"start":0,"end":18,"url":null,"entity_id":"Q11220","candidates":[]}]],[[{"start":0,"end":11,"url":null,"entity_id":"Q4384568","candidates":[]}],[{"start":0,"end":21,"url":null,"entity_id":"Q699842","candidates":[]}],[{"start":0,"end":18,"url":null,"entity_id":"Q11220","candidates":[]}]],[[{"start":0,"end":9,"url":null,"entity_id":"Q4384562","candidates":[]}],[{"start":0,"end":21,"url":null,"entity_id":"Q699842","candidates":[]}],[{"start":0,"end":18,"url":null,"entity_id":"Q11220","candidates":[]}]],[[{"start":0,"end":12,"url":null,"entity_id":"Q4384555","candidates":[]}],[{"start":0,"end":21,"url":null,"entity_id":"Q699842","candidates":[]}],[{"start":0,"end":18,"url":null,"entity_id":"Q11220","candidates":[]}]],[[{"start":0,"end":14,"url":null,"entity_id":"Q4384551","candidates":[]}],[{"start":0,"end":21,"url":null,"entity_id":"Q699842","candidates":[]}],[{"start":0,"end":18,"url":null,"entity_id":"Q11220","candidates":[]}]],[[{"start":0,"end":10,"url":null,"entity_id":"Q4384528","candidates":[]}],[{"start":0,"end":21,"url":null,"entity_id":"Q699842","candidates":[]}],[{"start":0,"end":18,"url":null,"entity_id":"Q11220","candidates":[]}]],[[{"start":0,"end":11,"url":null,"entity_id":"Q4384521","candidates":[]}],[{"start":0,"end":21,"url":null,"entity_id":"Q699842","candidates":[]}],[{"start":0,"end":18,"url":null,"entity_id":"Q11220","candidates":[]}]],[[{"start":0,"end":11,"url":null,"entity_id":"Q4384501","candidates":[]}],[{"start":0,"end":21,"url":null,"entity_id":"Q699842","candidates":[]}],[{"start":0,"end":18,"url":null,"entity_id":"Q11220","candidates":[]}]],[[{"start":0,"end":10,"url":null,"entity_id":"Q4382378","candidates":[]}],[{"start":0,"end":21,"url":null,"entity_id":"Q699842","candidates":[]}],[{"start":0,"end":18,"url":null,"entity_id":"Q11220","candidates":[]}]],[[{"start":0,"end":16,"url":null,"entity_id":"Q5030451","candidates":[]}],[{"start":0,"end":25,"url":null,"entity_id":"Q231533","candidates":[]}],[{"start":0,"end":18,"url":null,"entity_id":"Q11220","candidates":[]}]],[[{"start":0,"end":27,"url":null,"entity_id":"Q3750543","candidates":[]}],[{"start":0,"end":24,"url":null,"entity_id":"Q7108083","candidates":[]}],[{"start":0,"end":10,"url":null,"entity_id":"Q855186","candidates":[]}]],[[{"start":0,"end":27,"url":null,"entity_id":"Q3840157","candidates":[]}],[{"start":0,"end":27,"url":null,"entity_id":"Q3679483","candidates":[]}],[{"start":0,"end":10,"url":null,"entity_id":"Q855186","candidates":[]}]],[[{"start":0,"end":6,"url":null,"entity_id":"Q3771903","candidates":[]}],[{"start":0,"end":22,"url":null,"entity_id":"Q3679320","candidates":[]}],[{"start":0,"end":10,"url":null,"entity_id":"Q855186","candidates":[]}]],[[{"start":0,"end":8,"url":null,"entity_id":"Q5364203","candidates":[]}],[{"start":0,"end":47,"url":null,"entity_id":"Q5234874","candidates":[]}],[{"start":0,"end":18,"url":null,"entity_id":"Q11220","candidates":[]}]]]}