{"version":"1.2","table":{"version":"2","table_id":"RRX4WURI","columns":[{"index":0,"name":"col0","values":["NorraRörum","Norra Nöbbflöv","Nrra Mellby","Mörbrp","Möllevånge","Mönleberga","unkarp","Mka Ljungby","Mattetöd","Malmö Sant Petri","Malmö Sant Pauli","Malmö Sankt Johaoqes","Mbglehem","Lövesad","Löderp","Löddeöpinge","Lngaröd","Lyngskö","Lyby","Lpuhum"]},{"index":1,"name":"col1","values":["546.8779999999999","7960.000999999999","2595.1479999999997","2071.68","22603.122","624.3399999999999","564.59","4337.658","489.978","27023.94","22307.67","21046.822","516.5699999999999","1302.4799999999998","932.0","7597.142","640.08","132.601","551.376","1284.336"]},{"index":2,"name":"col2","values":["254.771","4058.2099999999996","1271.0","1051.344","11243.796","295.318","267.12","2125.172","235.292","13658.854","11648.25","11154.494999999999","251.25099999999998","625.19","468.936","3875.0","285.142","63.936","250.0","632.367"]},{"index":3,"name":"col3","values":["286.11","3870.5769999999998","1302.301","1039.074","11157.024","321.678","294.588","2195.382","254.518","13245.184","10864.368","9960.03","265.104","672.261","463.072","3741.624","349.349","69.06899999999999","299.67299999999994","669.63"]}]},"context":{"page_title":null,"page_url":null,"page_entity_id":null,"content_hierarchy":[]},"links":[[[{"start":0,"end":14,"url":null,"entity_id":"Q21560245","candidates":[]}],[],[],[]],[[{"start":0,"end":11,"url":null,"entity_id":"Q21560244","candidates":[]}],[],[],[]],[[{"start":0,"end":6,"url":null,"entity_id":"Q21560241","candidates":[]}],[],[],[]],[[{"start":0,"end":10,"url":null,"entity_id":"Q21560238","candidates":[]}],[],[],[]],[[{"start":0,"end":10,"url":null,"entity_id":"Q21560236","candidates":[]}],[],[],[]],[[{"start":0,"end":6,"url":null,"entity_id":"Q21560234","candidates":[]}],[],[],[]],[[{"start":0,"end":11,"url":null,"entity_id":"Q21560233","candidates":[]}],[],[],[]],[[{"start":0,"end":8,"url":null,"entity_id":"Q21560232","candidates":[]}],[],[],[]],[[{"start":0,"end":16,"url":null,"entity_id":"Q21560230","candidates":[]}],[],[],[]],[[{"start":0,"end":16,"url":null,"entity_id":"Q21560228","candidates":[]}],[],[],[]],[[{"start":0,"end":20,"url":null,"entity_id":"Q21560224","candidates":[]}],[],[],[]],[[{"start":0,"end":8,"url":null,"entity_id":"Q21560220","candidates":[]}],[],[],[]],[[{"start":0,"end":7,"url":null,"entity_id":"Q21560217","candidates":[]}],[],[],[]],[[{"start":0,"end":6,"url":null,"entity_id":"Q21560216","candidates":[]}],[],[],[]],[[{"start":0,"end":11,"url":null,"entity_id":"Q21560213","candidates":[]}],[],[],[]],[[{"start":0,"end":7,"url":null,"entity_id":"Q21560212","candidates":[]}],[],[],[]],[[{"start":0,"end":7,"url":null,"entity_id":"Q21560210","candidates":[]}],[],[],[]],[[{"start":0,"end":4,"url":null,"entity_id":"Q21560208","candidates":[]}],[],[],[]],[[{"start":0,"end":6,"url":null,"entity_id":"Q21560207","candidates":[]}],[],[],[]],[[{"start":0,"end":10,"url":null,"entity_id":"Q21560246","candidates":[]}],[],[],[]]]}