{"version":"1.2","table":{"version":"2","table_id":"RSYN9P75","columns":[{"index":0,"name":"col0","values":["arrondissement of Gaillac","arrondissement of Doullens","arrondissement of Domfront","arrondissement of Delémont","arrondissement of Coulommiers","arrondissement of Clèves","arrondissement of Châtillon-sur-Seine","arrondissement of Civray","arrondissement of Cavaillon","arrondissement of Castelnaudary","arrondissement of Cassel","arrondissement of Boussac","arrondissement of Bourganeuf","arrondissement of Bergues","arrondissement of Beaupreau","arrondissement of Bazas","arrondissement of Baume","arrondissement of Baugé","arrondissement of Barr","arrondissement of Barbezieux"]},{"index":1,"name":"col1","values":["1926-01-01","1926-01-01","1926-01-01","1814-01-01","1926-01-01","1814-01-01","1926-01-01","1926-01-01","1933-01-01","1926-01-01","1926-01-01","1926-01-01","1926-01-01","1803-01-01","1857-01-01","1926-01-01","1926-01-01","1926-01-01","1804-01-01","1926-01-01"]},{"index":2,"name":"col2","values":["1800-01-01","1800-01-01","1800-01-01","1800-01-01","1800-01-01","1798-01-01","1800-01-01","1800-01-01","1926-01-01","1800-01-01","1800-01-01","1800-01-01","1800-01-01","1800-01-01","1800-02-17","1800-01-01","1800-01-01","1800-01-01","1800-01-01","1800-01-01"]}]},"context":{"page_title":null,"page_url":null,"page_entity_id":null,"content_hierarchy":[]},"links":[[[{"start":0,"end":26,"url":null,"entity_id":"Q2863781","candidates":[]}],[],[]],[[{"start":0,"end":26,"url":null,"entity_id":"Q2863778","candidates":[]}],[],[]],[[{"start":0,"end":26,"url":null,"entity_id":"Q2863764","candidates":[]}],[],[]],[[{"start":0,"end":29,"url":null,"entity_id":"Q2863757","candidates":[]}],[],[]],[[{"start":0,"end":24,"url":null,"entity_id":"Q2863751","candidates":[]}],[],[]],[[{"start":0,"end":37,"url":null,"entity_id":"Q2863750","candidates":[]}],[],[]],[[{"start":0,"end":24,"url":null,"entity_id":"Q2863749","candidates":[]}],[],[]],[[{"start":0,"end":27,"url":null,"entity_id":"Q2863744","candidates":[]}],[],[]],[[{"start":0,"end":31,"url":null,"entity_id":"Q2863742","candidates":[]}],[],[]],[[{"start":0,"end":24,"url":null,"entity_id":"Q2863739","candidates":[]}],[],[]],[[{"start":0,"end":25,"url":null,"entity_id":"Q2863728","candidates":[]}],[],[]],[[{"start":0,"end":28,"url":null,"entity_id":"Q2863727","candidates":[]}],[],[]],[[{"start":0,"end":25,"url":null,"entity_id":"Q2863715","candidates":[]}],[],[]],[[{"start":0,"end":27,"url":null,"entity_id":"Q2863713","candidates":[]}],[],[]],[[{"start":0,"end":23,"url":null,"entity_id":"Q2863711","candidates":[]}],[],[]],[[{"start":0,"end":23,"url":null,"entity_id":"Q2863710","candidates":[]}],[],[]],[[{"start":0,"end":23,"url":null,"entity_id":"Q2863708","candidates":[]}],[],[]],[[{"start":0,"end":22,"url":null,"entity_id":"Q2863706","candidates":[]}],[],[]],[[{"start":0,"end":28,"url":null,"entity_id":"Q2863704","candidates":[]}],[],[]],[[{"start":0,"end":25,"url":null,"entity_id":"Q2863793","candidates":[]}],[],[]]]}