{"version":"1.2","table":{"version":"2","table_id":"RTD037RR","columns":[{"index":0,"name":"col0","values":["Roman Catholic Diocese of San Sebastián","Roman Catholic Diocese of Quilon","Roman Catholic Diocese of Punalur","Roman Catholic Diocese of Salem","Roman Catholic Diocese of Purnea","Roman Catholic Diocese of Sambalpur","Roman Catholic Diocese of Rourkela","Roman Catholic Diocese of Raiganj","Roman Catholic Diocese of Port-Vila","Roman Catholic Diocese of Neyyattinkara","Roman Catholic Diocese of Nellore","Roman Catholic Diocese of Muzaffarpur","Roman Catholic Diocese of Miao","Roman Catholic Diocese of Mysore","Roman Catholic Diocese of Palayamkottai","Roman Catholic Diocese of Ootacamund","Roman Catholic Diocese of Calicut","Roman Catholic Diocese of Bettiah","Roman Catholic Diocese of Berhampur","Roman Catholic Diocese of Chikmagalur"]},{"index":1,"name":"col1","values":["José Ignacio Munilla Aguirre","Paul Antony Mullassery","Selvister Ponnumuthan","Sebastianappan Singaroyan","Angelus Kujur","Niranjan Sual Singh","Kishore Kumar Kujur","Fulgence Aloysius Tigga","Jean Bosco Baremes","Vincent Samuel","D. M. Prakasam","Cajetan Francis Osta","George Palliparampil","Kannikadass William Antony","Antonysamy Savarimuthu","Arulappan Amalraj","Varghese Chakkalakal","Peter Sebastian Goveas","Sarat Chandra Nayak","Anthony Swamy Thomasappa"]},{"index":2,"name":"col2","values":["Ecclesiastical province of Pamplona and Tudela","Ecclesiastical Province of Trivandrum","Ecclesiastical Province of Trivandrum","Ecclesiastical Province of Pondicherry and Cuddalore","Ecclesiastical Province of Patna","Ecclesiastical Province of Cuttack - Bhubaneswar","Ecclesiastical Province of Cuttack - Bhubaneswar","Ecclesiastical Province of Calcutta","Roman Catholic Archdiocese of Nouméa","Ecclesiastical Province of Trivandrum","Ecclesiastical Province of Visakhapatnam","Ecclesiastical Province of Patna","Ecclesiastical Province of Guwahati","Ecclesiastical Province of Bangalore","Ecclesiastical Province of Madurai","Ecclesiastical Province of Madras and Mylapore","Ecclesiastical Province of Verapoly","Ecclesiastical Province of Patna","Ecclesiastical Province of Cuttack - Bhubaneswar","Ecclesiastical Province of Bangalore"]}]},"context":{"page_title":null,"page_url":null,"page_entity_id":null,"content_hierarchy":[]},"links":[[[{"start":0,"end":39,"url":null,"entity_id":"Q875955","candidates":[]}],[{"start":0,"end":28,"url":null,"entity_id":"Q562451","candidates":[]}],[{"start":0,"end":46,"url":null,"entity_id":"Q11778085","candidates":[]}]],[[{"start":0,"end":32,"url":null,"entity_id":"Q874794","candidates":[]}],[{"start":0,"end":22,"url":null,"entity_id":"Q51973740","candidates":[]}],[{"start":0,"end":37,"url":null,"entity_id":"Q64447154","candidates":[]}]],[[{"start":0,"end":33,"url":null,"entity_id":"Q874629","candidates":[]}],[{"start":0,"end":21,"url":null,"entity_id":"Q2268754","candidates":[]}],[{"start":0,"end":37,"url":null,"entity_id":"Q64447154","candidates":[]}]],[[{"start":0,"end":31,"url":null,"entity_id":"Q875534","candidates":[]}],[{"start":0,"end":25,"url":null,"entity_id":"Q2263280","candidates":[]}],[{"start":0,"end":52,"url":null,"entity_id":"Q64446915","candidates":[]}]],[[{"start":0,"end":32,"url":null,"entity_id":"Q874667","candidates":[]}],[{"start":0,"end":13,"url":null,"entity_id":"Q537600","candidates":[]}],[{"start":0,"end":32,"url":null,"entity_id":"Q64446914","candidates":[]}]],[[{"start":0,"end":35,"url":null,"entity_id":"Q875608","candidates":[]}],[{"start":0,"end":19,"url":null,"entity_id":"Q15836924","candidates":[]}],[{"start":0,"end":48,"url":null,"entity_id":"Q64446893","candidates":[]}]],[[{"start":0,"end":34,"url":null,"entity_id":"Q875095","candidates":[]}],[{"start":0,"end":19,"url":null,"entity_id":"Q15823648","candidates":[]}],[{"start":0,"end":48,"url":null,"entity_id":"Q64446893","candidates":[]}]],[[{"start":0,"end":33,"url":null,"entity_id":"Q874818","candidates":[]}],[{"start":0,"end":23,"url":null,"entity_id":"Q54862787","candidates":[]}],[{"start":0,"end":35,"url":null,"entity_id":"Q64446892","candidates":[]}]],[[{"start":0,"end":35,"url":null,"entity_id":"Q874409","candidates":[]}],[{"start":0,"end":18,"url":null,"entity_id":"Q1685386","candidates":[]}],[{"start":0,"end":36,"url":null,"entity_id":"Q633695","candidates":[]}]],[[{"start":0,"end":39,"url":null,"entity_id":"Q873024","candidates":[]}],[{"start":0,"end":14,"url":null,"entity_id":"Q2526724","candidates":[]}],[{"start":0,"end":37,"url":null,"entity_id":"Q64447154","candidates":[]}]],[[{"start":0,"end":33,"url":null,"entity_id":"Q872986","candidates":[]}],[{"start":0,"end":14,"url":null,"entity_id":"Q1243671","candidates":[]}],[{"start":0,"end":40,"url":null,"entity_id":"Q64446931","candidates":[]}]],[[{"start":0,"end":37,"url":null,"entity_id":"Q872739","candidates":[]}],[{"start":0,"end":20,"url":null,"entity_id":"Q17352942","candidates":[]}],[{"start":0,"end":32,"url":null,"entity_id":"Q64446914","candidates":[]}]],[[{"start":0,"end":30,"url":null,"entity_id":"Q872370","candidates":[]}],[{"start":0,"end":20,"url":null,"entity_id":"Q1256093","candidates":[]}],[{"start":0,"end":35,"url":null,"entity_id":"Q64446900","candidates":[]}]],[[{"start":0,"end":32,"url":null,"entity_id":"Q872761","candidates":[]}],[{"start":0,"end":26,"url":null,"entity_id":"Q28522936","candidates":[]}],[{"start":0,"end":36,"url":null,"entity_id":"Q64446885","candidates":[]}]],[[{"start":0,"end":39,"url":null,"entity_id":"Q873783","candidates":[]}],[{"start":0,"end":22,"url":null,"entity_id":"Q75818821","candidates":[]}],[{"start":0,"end":34,"url":null,"entity_id":"Q64446909","candidates":[]}]],[[{"start":0,"end":36,"url":null,"entity_id":"Q873452","candidates":[]}],[{"start":0,"end":17,"url":null,"entity_id":"Q716450","candidates":[]}],[{"start":0,"end":46,"url":null,"entity_id":"Q64446907","candidates":[]}]],[[{"start":0,"end":33,"url":null,"entity_id":"Q867555","candidates":[]}],[{"start":0,"end":20,"url":null,"entity_id":"Q1493239","candidates":[]}],[{"start":0,"end":35,"url":null,"entity_id":"Q64446943","candidates":[]}]],[[{"start":0,"end":33,"url":null,"entity_id":"Q867144","candidates":[]}],[{"start":0,"end":22,"url":null,"entity_id":"Q33134904","candidates":[]}],[{"start":0,"end":32,"url":null,"entity_id":"Q64446914","candidates":[]}]],[[{"start":0,"end":35,"url":null,"entity_id":"Q867124","candidates":[]}],[{"start":0,"end":19,"url":null,"entity_id":"Q1114788","candidates":[]}],[{"start":0,"end":48,"url":null,"entity_id":"Q64446893","candidates":[]}]],[[{"start":0,"end":37,"url":null,"entity_id":"Q867889","candidates":[]}],[{"start":0,"end":24,"url":null,"entity_id":"Q574042","candidates":[]}],[{"start":0,"end":36,"url":null,"entity_id":"Q64446885","candidates":[]}]]]}