{"version":"1.2","table":{"version":"2","table_id":"RUERC9IJ","columns":[{"index":0,"name":"col0","values":["1981 Vuelta a Colombia","1982 Vuelta a Colombia","1980 Vuelta a Colombia","1990 Vuelta a Colombia","1989 Vuelta a Colombia","1987 Vuelta a Colombia","1986 Vuelta a Colombia","1985 Vuelta a Colombia","1984 Vuelta a Colombia","1983 Vuelta a Colombia","1988 Vuelta a Colombia","1992 Vuelta a Colombia","1993 Vuelta a Colombia","2010 Vuelta a Colombia","2012 Vuelta a Colombia","1994 Vuelta a Colombia","2009 Vuelta a Colombia","2011 Vuelta a Colombia","1961 Vuelta a Colombia","1960 Vuelta a Colombia"]},{"index":1,"name":"col1","values":["60","58","88","70","87","97","84","86","65","90","74","76","65","92","138","76","116","114","39","47"]},{"index":2,"name":"col2","values":["Samuel Cabrera","Rafaël Antonio Acevedo","Rafaël Antonio Acevedo","Hernán Buenahora","Oliverio Rincón","Luis Herrera","Luis Herrera","Luis Herrera","Luis Herrera","Luis Herrera","Álvaro Mejía","Chepe González","Israel Ochoa","José Rujano","Alejandro Ramírez","Álvaro Sierra","EPM","Boyacá Raza de Campeones","Rubén Darío Gómez","Rubén Darío Gómez"]}]},"context":{"page_title":null,"page_url":null,"page_entity_id":null,"content_hierarchy":[]},"links":[[[{"start":0,"end":22,"url":null,"entity_id":"Q20803711","candidates":[]}],[],[{"start":0,"end":22,"url":null,"entity_id":"Q667604","candidates":[]}]],[[{"start":0,"end":22,"url":null,"entity_id":"Q20803709","candidates":[]}],[],[{"start":0,"end":22,"url":null,"entity_id":"Q667604","candidates":[]}]],[[{"start":0,"end":22,"url":null,"entity_id":"Q20803729","candidates":[]}],[],[{"start":0,"end":16,"url":null,"entity_id":"Q1613729","candidates":[]}]],[[{"start":0,"end":22,"url":null,"entity_id":"Q20803718","candidates":[]}],[],[{"start":0,"end":15,"url":null,"entity_id":"Q586240","candidates":[]}]],[[{"start":0,"end":22,"url":null,"entity_id":"Q20803716","candidates":[]}],[],[{"start":0,"end":12,"url":null,"entity_id":"Q428038","candidates":[]}]],[[{"start":0,"end":22,"url":null,"entity_id":"Q20803715","candidates":[]}],[],[{"start":0,"end":12,"url":null,"entity_id":"Q428038","candidates":[]}]],[[{"start":0,"end":22,"url":null,"entity_id":"Q20803714","candidates":[]}],[],[{"start":0,"end":12,"url":null,"entity_id":"Q428038","candidates":[]}]],[[{"start":0,"end":22,"url":null,"entity_id":"Q20803713","candidates":[]}],[],[{"start":0,"end":12,"url":null,"entity_id":"Q428038","candidates":[]}]],[[{"start":0,"end":22,"url":null,"entity_id":"Q20803712","candidates":[]}],[],[{"start":0,"end":12,"url":null,"entity_id":"Q428038","candidates":[]}]],[[{"start":0,"end":22,"url":null,"entity_id":"Q20803717","candidates":[]}],[],[{"start":0,"end":12,"url":null,"entity_id":"Q251064","candidates":[]}]],[[{"start":0,"end":22,"url":null,"entity_id":"Q4587998","candidates":[]}],[],[{"start":0,"end":14,"url":null,"entity_id":"Q1314612","candidates":[]}]],[[{"start":0,"end":22,"url":null,"entity_id":"Q4588858","candidates":[]}],[],[{"start":0,"end":12,"url":null,"entity_id":"Q932328","candidates":[]}]],[[{"start":0,"end":22,"url":null,"entity_id":"Q3533314","candidates":[]}],[],[{"start":0,"end":11,"url":null,"entity_id":"Q441305","candidates":[]}]],[[{"start":0,"end":22,"url":null,"entity_id":"Q3533316","candidates":[]}],[],[{"start":0,"end":17,"url":null,"entity_id":"Q356249","candidates":[]}]],[[{"start":0,"end":22,"url":null,"entity_id":"Q4589798","candidates":[]}],[],[{"start":0,"end":13,"url":null,"entity_id":"Q251283","candidates":[]}]],[[{"start":0,"end":22,"url":null,"entity_id":"Q3533312","candidates":[]}],[],[{"start":0,"end":3,"url":null,"entity_id":"Q183269","candidates":[]}]],[[{"start":0,"end":22,"url":null,"entity_id":"Q3533313","candidates":[]}],[],[{"start":0,"end":24,"url":null,"entity_id":"Q119491","candidates":[]}]],[[{"start":0,"end":22,"url":null,"entity_id":"Q20803330","candidates":[]}],[],[{"start":0,"end":17,"url":null,"entity_id":"Q3446588","candidates":[]}]],[[{"start":0,"end":22,"url":null,"entity_id":"Q20803329","candidates":[]}],[],[{"start":0,"end":17,"url":null,"entity_id":"Q3446588","candidates":[]}]],[[{"start":0,"end":22,"url":null,"entity_id":"Q20803710","candidates":[]}],[],[{"start":0,"end":14,"url":null,"entity_id":"Q933677","candidates":[]}]]]}