{"version":"1.2","table":{"version":"2","table_id":"RUOOTZZI","columns":[{"index":0,"name":"col0","values":["Luboń","Zduńska Wola","Zakopane","Rawa Mazowiecka","Kętrzyn","Zgierz","Puławy","Ełk","Kostrzyn nad Odrą","Nowy Targ","Lubin","Tomaszów Mazowiecki","Ostrów Wielkopolski","Malbork","Jordanów","Jasło","Sucha Beskidzka","Mielec","Gorlice","Świdnica"]},{"index":1,"name":"col1","values":["1954-09-29","1394-01-01","1578-01-01","1228-01-01","1329-01-01","1161-01-01","1501-01-01","1237-01-01","1201-01-01","1201-01-01","1280-01-01","1363-01-01","1711-01-01","1201-01-01","1564-01-01","1365-01-01","1405-01-01","1457-03-26","1354-01-01","1250-01-01"]},{"index":2,"name":"col2","values":["Gromada Luboń","Zduńska Wola County","Tatra County","Rawa County","Kętrzyn County","Zgierz County","Puławy County","Lyck District","Neumark","Nowy Targ County","Lubin County","Tomaszów Mazowiecki County","Ostrów Wielkopolski County","Malbork Voivodeship","Gmina Jordanów","Jasło County","Sucha County","Mielec County","Gorlice County","Świdnica County"]}]},"context":{"page_title":null,"page_url":null,"page_entity_id":null,"content_hierarchy":[]},"links":[[[{"start":0,"end":12,"url":null,"entity_id":"Q169237","candidates":[]}],[],[{"start":0,"end":19,"url":null,"entity_id":"Q1277165","candidates":[]}]],[[{"start":0,"end":8,"url":null,"entity_id":"Q144786","candidates":[]}],[],[{"start":0,"end":12,"url":null,"entity_id":"Q1147584","candidates":[]}]],[[{"start":0,"end":15,"url":null,"entity_id":"Q149059","candidates":[]}],[],[{"start":0,"end":11,"url":null,"entity_id":"Q1143041","candidates":[]}]],[[{"start":0,"end":7,"url":null,"entity_id":"Q319397","candidates":[]}],[],[{"start":0,"end":14,"url":null,"entity_id":"Q1135341","candidates":[]}]],[[{"start":0,"end":6,"url":null,"entity_id":"Q104407","candidates":[]}],[],[{"start":0,"end":13,"url":null,"entity_id":"Q1125855","candidates":[]}]],[[{"start":0,"end":6,"url":null,"entity_id":"Q320007","candidates":[]}],[],[{"start":0,"end":13,"url":null,"entity_id":"Q913353","candidates":[]}]],[[{"start":0,"end":3,"url":null,"entity_id":"Q61480","candidates":[]}],[],[{"start":0,"end":13,"url":null,"entity_id":"Q895817","candidates":[]}]],[[{"start":0,"end":17,"url":null,"entity_id":"Q156837","candidates":[]}],[],[{"start":0,"end":7,"url":null,"entity_id":"Q819411","candidates":[]}]],[[{"start":0,"end":9,"url":null,"entity_id":"Q231593","candidates":[]}],[],[{"start":0,"end":16,"url":null,"entity_id":"Q770911","candidates":[]}]],[[{"start":0,"end":5,"url":null,"entity_id":"Q237512","candidates":[]}],[],[{"start":0,"end":12,"url":null,"entity_id":"Q687839","candidates":[]}]],[[{"start":0,"end":19,"url":null,"entity_id":"Q157994","candidates":[]}],[],[{"start":0,"end":26,"url":null,"entity_id":"Q606486","candidates":[]}]],[[{"start":0,"end":19,"url":null,"entity_id":"Q52895","candidates":[]}],[],[{"start":0,"end":26,"url":null,"entity_id":"Q133216","candidates":[]}]],[[{"start":0,"end":7,"url":null,"entity_id":"Q146820","candidates":[]}],[],[{"start":0,"end":19,"url":null,"entity_id":"Q82114","candidates":[]}]],[[{"start":0,"end":8,"url":null,"entity_id":"Q514407","candidates":[]}],[],[{"start":0,"end":14,"url":null,"entity_id":"Q2141206","candidates":[]}]],[[{"start":0,"end":5,"url":null,"entity_id":"Q848983","candidates":[]}],[],[{"start":0,"end":12,"url":null,"entity_id":"Q1340537","candidates":[]}]],[[{"start":0,"end":15,"url":null,"entity_id":"Q745005","candidates":[]}],[],[{"start":0,"end":12,"url":null,"entity_id":"Q1280815","candidates":[]}]],[[{"start":0,"end":6,"url":null,"entity_id":"Q658861","candidates":[]}],[],[{"start":0,"end":13,"url":null,"entity_id":"Q1147184","candidates":[]}]],[[{"start":0,"end":7,"url":null,"entity_id":"Q947521","candidates":[]}],[],[{"start":0,"end":14,"url":null,"entity_id":"Q970547","candidates":[]}]],[[{"start":0,"end":8,"url":null,"entity_id":"Q387396","candidates":[]}],[],[{"start":0,"end":15,"url":null,"entity_id":"Q716351","candidates":[]}]],[[{"start":0,"end":5,"url":null,"entity_id":"Q50973","candidates":[]}],[],[{"start":0,"end":13,"url":null,"entity_id":"Q30909290","candidates":[]}]]]}