{"version":"1.2","table":{"version":"2","table_id":"RVCFR03R","columns":[{"index":0,"name":"col0","values":["Netfinity Cluster PIII 1 GHz","HELICS AMD 1.4 GHz","Netfinity Cluster PIII 1 GHz","P4 Xeon Cluster 2.4 GHz","P4 Xeon Cluster 2.0 GHz","Evolocity (TM) Xeon 2.4 GHz","Vplant Cluster P4 XEON 2.4/2.0 GHz","Netfinity Cluster PIII 1 GHz","Netfinity Cluster P4 Xeon 2 GHz","Netfinity Cluster PIII 933 MHz","Netfinity Cluster PIII 866 MHz","Netfinity Cluster PIII 733 MHz","Netfinity Cluster PIII 866 MHz","Netfinity Cluster PIII 1 GHz","Netfinity Cluster PIII 933 MHz","PowerEdge 2650 Cluster P4 Xeon 2.4 GHz","PowerEdge 2650 Cluster P4 Xeon 2.4 GHz","PowerEdge 2650 Cluster P4 Xeon 2.4 GHz","P4 Xeon Cluster 2 GHz","BioCORTEX AMD 1.533 GHz"]},{"index":1,"name":"col1","values":["Myrinet","Myrinet","Myrinet","Myrinet","Myrinet","Myrinet","Myrinet","Myrinet","Myrinet","Myrinet","Myrinet","Myrinet","Myrinet","Myrinet","Myrinet","Myrinet","Myrinet","Myrinet","Myrinet","Myrinet"]},{"index":2,"name":"col2","values":["Linux","Linux","Linux","Linux","Linux","Linux","Linux","Linux","Linux","Linux","Linux","Linux","Linux","Linux","Linux","Linux","Linux","Linux","Linux","Linux"]}]},"context":{"page_title":null,"page_url":null,"page_entity_id":null,"content_hierarchy":[]},"links":[[[{"start":0,"end":28,"url":null,"entity_id":"Q72985043","candidates":[]}],[{"start":0,"end":7,"url":null,"entity_id":"Q1863181","candidates":[]}],[{"start":0,"end":5,"url":null,"entity_id":"Q388","candidates":[]}]],[[{"start":0,"end":18,"url":null,"entity_id":"Q73315172","candidates":[]}],[{"start":0,"end":7,"url":null,"entity_id":"Q1863181","candidates":[]}],[{"start":0,"end":5,"url":null,"entity_id":"Q388","candidates":[]}]],[[{"start":0,"end":28,"url":null,"entity_id":"Q72975715","candidates":[]}],[{"start":0,"end":7,"url":null,"entity_id":"Q1863181","candidates":[]}],[{"start":0,"end":5,"url":null,"entity_id":"Q388","candidates":[]}]],[[{"start":0,"end":23,"url":null,"entity_id":"Q72750904","candidates":[]}],[{"start":0,"end":7,"url":null,"entity_id":"Q1863181","candidates":[]}],[{"start":0,"end":5,"url":null,"entity_id":"Q388","candidates":[]}]],[[{"start":0,"end":23,"url":null,"entity_id":"Q72749363","candidates":[]}],[{"start":0,"end":7,"url":null,"entity_id":"Q1863181","candidates":[]}],[{"start":0,"end":5,"url":null,"entity_id":"Q388","candidates":[]}]],[[{"start":0,"end":27,"url":null,"entity_id":"Q72592360","candidates":[]}],[{"start":0,"end":7,"url":null,"entity_id":"Q1863181","candidates":[]}],[{"start":0,"end":5,"url":null,"entity_id":"Q388","candidates":[]}]],[[{"start":0,"end":34,"url":null,"entity_id":"Q72591254","candidates":[]}],[{"start":0,"end":7,"url":null,"entity_id":"Q1863181","candidates":[]}],[{"start":0,"end":5,"url":null,"entity_id":"Q388","candidates":[]}]],[[{"start":0,"end":28,"url":null,"entity_id":"Q72935121","candidates":[]}],[{"start":0,"end":7,"url":null,"entity_id":"Q1863181","candidates":[]}],[{"start":0,"end":5,"url":null,"entity_id":"Q388","candidates":[]}]],[[{"start":0,"end":31,"url":null,"entity_id":"Q73109945","candidates":[]}],[{"start":0,"end":7,"url":null,"entity_id":"Q1863181","candidates":[]}],[{"start":0,"end":5,"url":null,"entity_id":"Q388","candidates":[]}]],[[{"start":0,"end":30,"url":null,"entity_id":"Q73101345","candidates":[]}],[{"start":0,"end":7,"url":null,"entity_id":"Q1863181","candidates":[]}],[{"start":0,"end":5,"url":null,"entity_id":"Q388","candidates":[]}]],[[{"start":0,"end":30,"url":null,"entity_id":"Q73099738","candidates":[]}],[{"start":0,"end":7,"url":null,"entity_id":"Q1863181","candidates":[]}],[{"start":0,"end":5,"url":null,"entity_id":"Q388","candidates":[]}]],[[{"start":0,"end":30,"url":null,"entity_id":"Q73098033","candidates":[]}],[{"start":0,"end":7,"url":null,"entity_id":"Q1863181","candidates":[]}],[{"start":0,"end":5,"url":null,"entity_id":"Q388","candidates":[]}]],[[{"start":0,"end":30,"url":null,"entity_id":"Q72391773","candidates":[]}],[{"start":0,"end":7,"url":null,"entity_id":"Q1863181","candidates":[]}],[{"start":0,"end":5,"url":null,"entity_id":"Q388","candidates":[]}]],[[{"start":0,"end":28,"url":null,"entity_id":"Q72388730","candidates":[]}],[{"start":0,"end":7,"url":null,"entity_id":"Q1863181","candidates":[]}],[{"start":0,"end":5,"url":null,"entity_id":"Q388","candidates":[]}]],[[{"start":0,"end":30,"url":null,"entity_id":"Q72378873","candidates":[]}],[{"start":0,"end":7,"url":null,"entity_id":"Q1863181","candidates":[]}],[{"start":0,"end":5,"url":null,"entity_id":"Q388","candidates":[]}]],[[{"start":0,"end":38,"url":null,"entity_id":"Q72012721","candidates":[]}],[{"start":0,"end":7,"url":null,"entity_id":"Q1863181","candidates":[]}],[{"start":0,"end":5,"url":null,"entity_id":"Q388","candidates":[]}]],[[{"start":0,"end":38,"url":null,"entity_id":"Q72009252","candidates":[]}],[{"start":0,"end":7,"url":null,"entity_id":"Q1863181","candidates":[]}],[{"start":0,"end":5,"url":null,"entity_id":"Q388","candidates":[]}]],[[{"start":0,"end":38,"url":null,"entity_id":"Q72006045","candidates":[]}],[{"start":0,"end":7,"url":null,"entity_id":"Q1863181","candidates":[]}],[{"start":0,"end":5,"url":null,"entity_id":"Q388","candidates":[]}]],[[{"start":0,"end":21,"url":null,"entity_id":"Q71714561","candidates":[]}],[{"start":0,"end":7,"url":null,"entity_id":"Q1863181","candidates":[]}],[{"start":0,"end":5,"url":null,"entity_id":"Q388","candidates":[]}]],[[{"start":0,"end":23,"url":null,"entity_id":"Q71709295","candidates":[]}],[{"start":0,"end":7,"url":null,"entity_id":"Q1863181","candidates":[]}],[{"start":0,"end":5,"url":null,"entity_id":"Q388","candidates":[]}]]]}