{"version":"1.2","table":{"version":"2","table_id":"RVY8JF06","columns":[{"index":0,"name":"col0","values":["BredaMenarinibus Monocar 521","Menarinibus Citypood","Autoveare","Van Hoql AU138","CAM lè","Solarit Urbino 12","Solarls Urbino 15","Van Hol A300","Va Hopl A600","Ikars 556","Merdedes-Benz O 404","Solaris Urbino48","Van Hrol A360","Van Hool A50","Van Hool 330","Van Kool A320","Ikarus1","Solaris Urbino 8,9 LE eectric","BredaMenarjnibus Avanciwy","Vbn Hool AGG300"]},{"index":1,"name":"col1","values":["Italy","Italy","Italy","Belgium","Italy","Poland","Poland","Belgium","Belgium","Hungary","Germany","Poland","Belgium","Belgium","Belgium","Belgium","Hungary","Poland","Italy","Belgium"]},{"index":2,"name":"col2","values":["11964.0","10642.4","12248.8","8835.12","7638.129999999999","11892.0","14487.87","11882.09","11530.285","10779.015","9302.98","17.982","12107.999999999998","11747.82","11988.0","12059.999999999998","8625.4","8923.15","10437.0","24537.15"]}]},"context":{"page_title":null,"page_url":null,"page_entity_id":null,"content_hierarchy":[]},"links":[[[{"start":0,"end":28,"url":null,"entity_id":"Q55831237","candidates":[]}],[{"start":0,"end":5,"url":null,"entity_id":"Q38","candidates":[]}],[]],[[{"start":0,"end":20,"url":null,"entity_id":"Q23021088","candidates":[]}],[{"start":0,"end":5,"url":null,"entity_id":"Q38","candidates":[]}],[]],[[{"start":0,"end":9,"url":null,"entity_id":"Q21207367","candidates":[]}],[{"start":0,"end":5,"url":null,"entity_id":"Q38","candidates":[]}],[]],[[{"start":0,"end":14,"url":null,"entity_id":"Q20020810","candidates":[]}],[{"start":0,"end":7,"url":null,"entity_id":"Q31","candidates":[]}],[]],[[{"start":0,"end":6,"url":null,"entity_id":"Q3630483","candidates":[]}],[{"start":0,"end":5,"url":null,"entity_id":"Q38","candidates":[]}],[]],[[{"start":0,"end":17,"url":null,"entity_id":"Q3489162","candidates":[]}],[{"start":0,"end":6,"url":null,"entity_id":"Q36","candidates":[]}],[]],[[{"start":0,"end":17,"url":null,"entity_id":"Q3488843","candidates":[]}],[{"start":0,"end":6,"url":null,"entity_id":"Q36","candidates":[]}],[]],[[{"start":0,"end":12,"url":null,"entity_id":"Q3554414","candidates":[]}],[{"start":0,"end":7,"url":null,"entity_id":"Q31","candidates":[]}],[]],[[{"start":0,"end":12,"url":null,"entity_id":"Q3109659","candidates":[]}],[{"start":0,"end":7,"url":null,"entity_id":"Q31","candidates":[]}],[]],[[{"start":0,"end":9,"url":null,"entity_id":"Q4041284","candidates":[]}],[{"start":0,"end":7,"url":null,"entity_id":"Q28","candidates":[]}],[]],[[{"start":0,"end":19,"url":null,"entity_id":"Q1517675","candidates":[]}],[{"start":0,"end":7,"url":null,"entity_id":"Q183","candidates":[]}],[]],[[{"start":0,"end":16,"url":null,"entity_id":"Q2596370","candidates":[]}],[{"start":0,"end":6,"url":null,"entity_id":"Q36","candidates":[]}],[]],[[{"start":0,"end":13,"url":null,"entity_id":"Q2525073","candidates":[]}],[{"start":0,"end":7,"url":null,"entity_id":"Q31","candidates":[]}],[]],[[{"start":0,"end":12,"url":null,"entity_id":"Q2257316","candidates":[]}],[{"start":0,"end":7,"url":null,"entity_id":"Q31","candidates":[]}],[]],[[{"start":0,"end":12,"url":null,"entity_id":"Q2056985","candidates":[]}],[{"start":0,"end":7,"url":null,"entity_id":"Q31","candidates":[]}],[]],[[{"start":0,"end":13,"url":null,"entity_id":"Q1819546","candidates":[]}],[{"start":0,"end":7,"url":null,"entity_id":"Q31","candidates":[]}],[]],[[{"start":0,"end":7,"url":null,"entity_id":"Q1658060","candidates":[]}],[{"start":0,"end":7,"url":null,"entity_id":"Q28","candidates":[]}],[]],[[{"start":0,"end":29,"url":null,"entity_id":"Q9339285","candidates":[]}],[{"start":0,"end":6,"url":null,"entity_id":"Q36","candidates":[]}],[]],[[{"start":0,"end":25,"url":null,"entity_id":"Q16533555","candidates":[]}],[{"start":0,"end":5,"url":null,"entity_id":"Q38","candidates":[]}],[]],[[{"start":0,"end":15,"url":null,"entity_id":"Q579526","candidates":[]}],[{"start":0,"end":7,"url":null,"entity_id":"Q31","candidates":[]}],[]]]}