{"version":"1.2","table":{"version":"2","table_id":"RWY67956","columns":[{"index":0,"name":"col0","values":["1,1-dimethylhydrazine","1,1,2-trichloroethane","tetrachloroethane","formaldehyde","acetaldehyde","hydrazine","benzene","arsenic","nickel","beryllium","propylenimine","4-Chloronitrobenzene","o-anisidine","4-vinylcyclohexene dioxide","bis(2-chloroethyl)ether","4,4'-methylenebis(2-chloroaniline)","phenyl glycidyl ether","captan","bis(2,3-epoxypropyl) ether","propylene oxide"]},{"index":1,"name":"col1","values":["1","45","7","0.02","5","1.3","0.32","0.01","0.015","0.002","5","1","0.1","60","30","0.003","60","5","0.5","240"]},{"index":2,"name":"col2","values":["0.79","1.44","1.59","0.8153","0.79","1.01","0.88","5.73","8.9","1.85","0.8","1.52","1.1","1.1","1.22","1.44","1.11","1.74","1.12","0.83"]}]},"context":{"page_title":null,"page_url":null,"page_entity_id":null,"content_hierarchy":[]},"links":[[[{"start":0,"end":21,"url":null,"entity_id":"Q161296","candidates":[]}],[],[]],[[{"start":0,"end":21,"url":null,"entity_id":"Q161280","candidates":[]}],[],[]],[[{"start":0,"end":17,"url":null,"entity_id":"Q161275","candidates":[]}],[],[]],[[{"start":0,"end":12,"url":null,"entity_id":"Q161210","candidates":[]}],[],[]],[[{"start":0,"end":12,"url":null,"entity_id":"Q61457","candidates":[]}],[],[]],[[{"start":0,"end":9,"url":null,"entity_id":"Q58447","candidates":[]}],[],[]],[[{"start":0,"end":7,"url":null,"entity_id":"Q2270","candidates":[]}],[],[]],[[{"start":0,"end":7,"url":null,"entity_id":"Q871","candidates":[]}],[],[]],[[{"start":0,"end":6,"url":null,"entity_id":"Q744","candidates":[]}],[],[]],[[{"start":0,"end":9,"url":null,"entity_id":"Q569","candidates":[]}],[],[]],[[{"start":0,"end":13,"url":null,"entity_id":"Q7250470","candidates":[]}],[],[]],[[{"start":0,"end":20,"url":null,"entity_id":"Q4637187","candidates":[]}],[],[]],[[{"start":0,"end":11,"url":null,"entity_id":"Q3295808","candidates":[]}],[],[]],[[{"start":0,"end":26,"url":null,"entity_id":"Q2618250","candidates":[]}],[],[]],[[{"start":0,"end":23,"url":null,"entity_id":"Q2509768","candidates":[]}],[],[]],[[{"start":0,"end":34,"url":null,"entity_id":"Q2257591","candidates":[]}],[],[]],[[{"start":0,"end":21,"url":null,"entity_id":"Q2257129","candidates":[]}],[],[]],[[{"start":0,"end":6,"url":null,"entity_id":"Q2194382","candidates":[]}],[],[]],[[{"start":0,"end":26,"url":null,"entity_id":"Q2108794","candidates":[]}],[],[]],[[{"start":0,"end":15,"url":null,"entity_id":"Q727742","candidates":[]}],[],[]]]}