{"version":"1.2","table":{"version":"2","table_id":"RXILACAY","columns":[{"index":0,"name":"col0","values":["Mount Yosifon","Piton des Neiges","Quilotoa","Prevo Peak","Goryashchaya Sopka","Zavaritski Caldera","San Félix Island","Sinarka","Ebeko","Chikurachki","Gunung Dukono","Wolo Inelika","Keli Mutubuurai","Leroboleng","Cumbal","Mount Isarog","Mount Parker","Mount Smart","Mount Victoria, Auckland","Mont Ross","Poike","Mount Ontake","Mount Nikkō-Shirane","Mount Nantai","Mount Sempu","Kamojang","Lopevi","Fonualei","Rangitoto Island","Volcán Azufral","Cuicocha","Croscat","Mount Sirung","Concepción","Atacazo","Berutarube","Baransky","Mount Cleveland","Bridgeman Island","Gareloi Volcano","Baluan Island","Atlasov Island"]},{"index":1,"name":"col1","values":["Golan Heights","Cilaos","Pujilí Canton","Kurilsky District","Kurilsky District","Kurilsky District","Juan Fernández","Severo-Kurilsky District","Severo-Kurilsky District","Severo-Kurilsky District","Halmahera Utara","Ngada","Ende","Flores Timur","Nariño Department","Bicol Region","T'Boli","Auckland Region","Auckland","French Southern and Antarctic Lands","Easter Island Commune","Takayama","Tochigi Prefecture","Tochigi Prefecture","Minahasa","Garut","Malampa","Vavaʻu","Auckland","Nariño Department","Imbabura Province","Olot","Alor","Rivas Department","Pichincha Province","Kurilsky District","Kurilsky District","Aleutians West Census Area","Antarctic Treaty area","Aleutians West Census Area","Manus Province","Severo-Kurilsky District"]},{"index":2,"name":"col2","values":["Golan Heights","Réunion","Andean Highlands","Simushir","Simushir","Simushir","Desventuradas Islands","Shiashkotan","Paramushir","Paramushir","Halmahera Island","Flores","Flores","Flores","Cordillera Central","Luzon","Mindanao","North Island","North Island","Kerguelen Islands","Easter Island","Honshu","Honshu","Honshu","Sulawesi","Java","Vanuatu","Tonga","New Zealand","Nudo de los Pastos","Andean Highlands","Garrotxa Volcanic Zone Natural Park","Pantar","Ometepe","Cordillera Occidental","Iturup Island","Iturup Island","Islands of Four Mountains","South Shetland Islands","Aleutian Islands","Admiralty Islands","Kuril Islands"]}]},"context":{"page_title":null,"page_url":null,"page_entity_id":null,"content_hierarchy":[]},"links":[[[{"start":0,"end":16,"url":null,"entity_id":"Q1545452","candidates":[]}],[{"start":0,"end":6,"url":null,"entity_id":"Q1014746","candidates":[]}],[{"start":0,"end":7,"url":null,"entity_id":"Q25396403","candidates":[]}]],[[{"start":0,"end":8,"url":null,"entity_id":"Q1641276","candidates":[]}],[{"start":0,"end":13,"url":null,"entity_id":"Q385955","candidates":[]}],[{"start":0,"end":16,"url":null,"entity_id":"Q2404229","candidates":[]}]],[[{"start":0,"end":10,"url":null,"entity_id":"Q2080294","candidates":[]}],[{"start":0,"end":17,"url":null,"entity_id":"Q2213976","candidates":[]}],[{"start":0,"end":8,"url":null,"entity_id":"Q1423489","candidates":[]}]],[[{"start":0,"end":18,"url":null,"entity_id":"Q2080283","candidates":[]}],[{"start":0,"end":17,"url":null,"entity_id":"Q2213976","candidates":[]}],[{"start":0,"end":8,"url":null,"entity_id":"Q1423489","candidates":[]}]],[[{"start":0,"end":18,"url":null,"entity_id":"Q2072520","candidates":[]}],[{"start":0,"end":17,"url":null,"entity_id":"Q2213976","candidates":[]}],[{"start":0,"end":8,"url":null,"entity_id":"Q1423489","candidates":[]}]],[[{"start":0,"end":16,"url":null,"entity_id":"Q1891390","candidates":[]}],[{"start":0,"end":14,"url":null,"entity_id":"Q14454","candidates":[]}],[{"start":0,"end":21,"url":null,"entity_id":"Q1160526","candidates":[]}]],[[{"start":0,"end":7,"url":null,"entity_id":"Q2186376","candidates":[]}],[{"start":0,"end":24,"url":null,"entity_id":"Q2109294","candidates":[]}],[{"start":0,"end":11,"url":null,"entity_id":"Q1138833","candidates":[]}]],[[{"start":0,"end":5,"url":null,"entity_id":"Q2417680","candidates":[]}],[{"start":0,"end":24,"url":null,"entity_id":"Q2109294","candidates":[]}],[{"start":0,"end":10,"url":null,"entity_id":"Q818749","candidates":[]}]],[[{"start":0,"end":11,"url":null,"entity_id":"Q2282091","candidates":[]}],[{"start":0,"end":24,"url":null,"entity_id":"Q2109294","candidates":[]}],[{"start":0,"end":10,"url":null,"entity_id":"Q818749","candidates":[]}]],[[{"start":0,"end":13,"url":null,"entity_id":"Q2340739","candidates":[]}],[{"start":0,"end":15,"url":null,"entity_id":"Q19147","candidates":[]}],[{"start":0,"end":16,"url":null,"entity_id":"Q201398","candidates":[]}]],[[{"start":0,"end":12,"url":null,"entity_id":"Q2352524","candidates":[]}],[{"start":0,"end":5,"url":null,"entity_id":"Q14145","candidates":[]}],[{"start":0,"end":6,"url":null,"entity_id":"Q148440","candidates":[]}]],[[{"start":0,"end":15,"url":null,"entity_id":"Q1738211","candidates":[]}],[{"start":0,"end":4,"url":null,"entity_id":"Q14140","candidates":[]}],[{"start":0,"end":6,"url":null,"entity_id":"Q148440","candidates":[]}]],[[{"start":0,"end":10,"url":null,"entity_id":"Q2396057","candidates":[]}],[{"start":0,"end":12,"url":null,"entity_id":"Q14136","candidates":[]}],[{"start":0,"end":6,"url":null,"entity_id":"Q148440","candidates":[]}]],[[{"start":0,"end":6,"url":null,"entity_id":"Q2019666","candidates":[]}],[{"start":0,"end":17,"url":null,"entity_id":"Q230217","candidates":[]}],[{"start":0,"end":18,"url":null,"entity_id":"Q143982","candidates":[]}]],[[{"start":0,"end":12,"url":null,"entity_id":"Q1673747","candidates":[]}],[{"start":0,"end":12,"url":null,"entity_id":"Q13662","candidates":[]}],[{"start":0,"end":5,"url":null,"entity_id":"Q125384","candidates":[]}]],[[{"start":0,"end":12,"url":null,"entity_id":"Q1582571","candidates":[]}],[{"start":0,"end":6,"url":null,"entity_id":"Q174003","candidates":[]}],[{"start":0,"end":8,"url":null,"entity_id":"Q124873","candidates":[]}]],[[{"start":0,"end":11,"url":null,"entity_id":"Q1950728","candidates":[]}],[{"start":0,"end":15,"url":null,"entity_id":"Q726917","candidates":[]}],[{"start":0,"end":12,"url":null,"entity_id":"Q118863","candidates":[]}]],[[{"start":0,"end":24,"url":null,"entity_id":"Q1950774","candidates":[]}],[{"start":0,"end":8,"url":null,"entity_id":"Q37100","candidates":[]}],[{"start":0,"end":12,"url":null,"entity_id":"Q118863","candidates":[]}]],[[{"start":0,"end":9,"url":null,"entity_id":"Q1945447","candidates":[]}],[{"start":0,"end":35,"url":null,"entity_id":"Q129003","candidates":[]}],[{"start":0,"end":17,"url":null,"entity_id":"Q46772","candidates":[]}]],[[{"start":0,"end":5,"url":null,"entity_id":"Q1827535","candidates":[]}],[{"start":0,"end":21,"url":null,"entity_id":"Q9009773","candidates":[]}],[{"start":0,"end":13,"url":null,"entity_id":"Q14452","candidates":[]}]],[[{"start":0,"end":12,"url":null,"entity_id":"Q1754806","candidates":[]}],[{"start":0,"end":8,"url":null,"entity_id":"Q622594","candidates":[]}],[{"start":0,"end":6,"url":null,"entity_id":"Q13989","candidates":[]}]],[[{"start":0,"end":19,"url":null,"entity_id":"Q2360542","candidates":[]}],[{"start":0,"end":18,"url":null,"entity_id":"Q44843","candidates":[]}],[{"start":0,"end":6,"url":null,"entity_id":"Q13989","candidates":[]}]],[[{"start":0,"end":12,"url":null,"entity_id":"Q1964765","candidates":[]}],[{"start":0,"end":18,"url":null,"entity_id":"Q44843","candidates":[]}],[{"start":0,"end":6,"url":null,"entity_id":"Q13989","candidates":[]}]],[[{"start":0,"end":11,"url":null,"entity_id":"Q2162588","candidates":[]}],[{"start":0,"end":8,"url":null,"entity_id":"Q15836","candidates":[]}],[{"start":0,"end":8,"url":null,"entity_id":"Q3812","candidates":[]}]],[[{"start":0,"end":8,"url":null,"entity_id":"Q2181214","candidates":[]}],[{"start":0,"end":5,"url":null,"entity_id":"Q10371","candidates":[]}],[{"start":0,"end":4,"url":null,"entity_id":"Q3757","candidates":[]}]],[[{"start":0,"end":6,"url":null,"entity_id":"Q1869839","candidates":[]}],[{"start":0,"end":7,"url":null,"entity_id":"Q740656","candidates":[]}],[{"start":0,"end":7,"url":null,"entity_id":"Q686","candidates":[]}]],[[{"start":0,"end":8,"url":null,"entity_id":"Q1427939","candidates":[]}],[{"start":0,"end":6,"url":null,"entity_id":"Q10389402","candidates":[]}],[{"start":0,"end":5,"url":null,"entity_id":"Q678","candidates":[]}]],[[{"start":0,"end":16,"url":null,"entity_id":"Q1422715","candidates":[]}],[{"start":0,"end":8,"url":null,"entity_id":"Q37100","candidates":[]}],[{"start":0,"end":11,"url":null,"entity_id":"Q664","candidates":[]}]],[[{"start":0,"end":14,"url":null,"entity_id":"Q794264","candidates":[]}],[{"start":0,"end":17,"url":null,"entity_id":"Q230217","candidates":[]}],[{"start":0,"end":18,"url":null,"entity_id":"Q2587024","candidates":[]}]],[[{"start":0,"end":8,"url":null,"entity_id":"Q1143300","candidates":[]}],[{"start":0,"end":17,"url":null,"entity_id":"Q321863","candidates":[]}],[{"start":0,"end":16,"url":null,"entity_id":"Q2404229","candidates":[]}]],[[{"start":0,"end":7,"url":null,"entity_id":"Q1141050","candidates":[]}],[{"start":0,"end":4,"url":null,"entity_id":"Q12618","candidates":[]}],[{"start":0,"end":35,"url":null,"entity_id":"Q1971559","candidates":[]}]],[[{"start":0,"end":12,"url":null,"entity_id":"Q1322666","candidates":[]}],[{"start":0,"end":4,"url":null,"entity_id":"Q14131","candidates":[]}],[{"start":0,"end":6,"url":null,"entity_id":"Q974980","candidates":[]}]],[[{"start":0,"end":10,"url":null,"entity_id":"Q1067452","candidates":[]}],[{"start":0,"end":16,"url":null,"entity_id":"Q728127","candidates":[]}],[{"start":0,"end":7,"url":null,"entity_id":"Q950875","candidates":[]}]],[[{"start":0,"end":7,"url":null,"entity_id":"Q753140","candidates":[]}],[{"start":0,"end":18,"url":null,"entity_id":"Q272586","candidates":[]}],[{"start":0,"end":21,"url":null,"entity_id":"Q779298","candidates":[]}]],[[{"start":0,"end":10,"url":null,"entity_id":"Q829207","candidates":[]}],[{"start":0,"end":17,"url":null,"entity_id":"Q2213976","candidates":[]}],[{"start":0,"end":13,"url":null,"entity_id":"Q215727","candidates":[]}]],[[{"start":0,"end":8,"url":null,"entity_id":"Q807265","candidates":[]}],[{"start":0,"end":17,"url":null,"entity_id":"Q2213976","candidates":[]}],[{"start":0,"end":13,"url":null,"entity_id":"Q215727","candidates":[]}]],[[{"start":0,"end":15,"url":null,"entity_id":"Q783798","candidates":[]}],[{"start":0,"end":26,"url":null,"entity_id":"Q185533","candidates":[]}],[{"start":0,"end":25,"url":null,"entity_id":"Q166612","candidates":[]}]],[[{"start":0,"end":16,"url":null,"entity_id":"Q913722","candidates":[]}],[{"start":0,"end":21,"url":null,"entity_id":"Q21590062","candidates":[]}],[{"start":0,"end":22,"url":null,"entity_id":"Q140948","candidates":[]}]],[[{"start":0,"end":15,"url":null,"entity_id":"Q1139121","candidates":[]}],[{"start":0,"end":26,"url":null,"entity_id":"Q185533","candidates":[]}],[{"start":0,"end":16,"url":null,"entity_id":"Q119285","candidates":[]}]],[[{"start":0,"end":13,"url":null,"entity_id":"Q805832","candidates":[]}],[{"start":0,"end":14,"url":null,"entity_id":"Q874935","candidates":[]}],[{"start":0,"end":17,"url":null,"entity_id":"Q119230","candidates":[]}]],[[{"start":0,"end":14,"url":null,"entity_id":"Q757314","candidates":[]}],[{"start":0,"end":24,"url":null,"entity_id":"Q2109294","candidates":[]}],[{"start":0,"end":13,"url":null,"entity_id":"Q80389","candidates":[]}]],[[{"start":0,"end":13,"url":null,"entity_id":"Q4327829","candidates":[]}],[{"start":0,"end":13,"url":null,"entity_id":"Q83210","candidates":[]}],[{"start":0,"end":13,"url":null,"entity_id":"Q83210","candidates":[]}]]]}