{"version":"1.2","table":{"version":"2","table_id":"RY3OZ4KG","columns":[{"index":0,"name":"col0","values":["Merinda Park","Edithvale","Croxton","Batman","Ashburton","Altona","Heyington","Ruthven","Hartwell","Aircraft","Gowrie","Aspendale","Cross Gates railway station","Eaglemont","Diamond Creek","Williamstown Beach","Westona","Patterson","Merri","Chatham"]},{"index":1,"name":"col1","values":["VicTrack","VicTrack","VicTrack","VicTrack","VicTrack","VicTrack","VicTrack","VicTrack","VicTrack","VicTrack","VicTrack","VicTrack","Northern Rail","VicTrack","VicTrack","VicTrack","VicTrack","VicTrack","VicTrack","VicTrack"]},{"index":2,"name":"col2","values":["311688","308338","307410","313372","307056","308479","205321","205368","190936","203161","229491","229728","229315","216022","218632","223411","227634","225417","220480","220773"]}]},"context":{"page_title":null,"page_url":null,"page_entity_id":null,"content_hierarchy":[]},"links":[[[{"start":0,"end":12,"url":null,"entity_id":"Q6819470","candidates":[]}],[{"start":0,"end":8,"url":null,"entity_id":"Q7924717","candidates":[]}],[]],[[{"start":0,"end":9,"url":null,"entity_id":"Q5338706","candidates":[]}],[{"start":0,"end":8,"url":null,"entity_id":"Q7924717","candidates":[]}],[]],[[{"start":0,"end":7,"url":null,"entity_id":"Q5189632","candidates":[]}],[{"start":0,"end":8,"url":null,"entity_id":"Q7924717","candidates":[]}],[]],[[{"start":0,"end":6,"url":null,"entity_id":"Q4869423","candidates":[]}],[{"start":0,"end":8,"url":null,"entity_id":"Q7924717","candidates":[]}],[]],[[{"start":0,"end":9,"url":null,"entity_id":"Q4804680","candidates":[]}],[{"start":0,"end":8,"url":null,"entity_id":"Q7924717","candidates":[]}],[]],[[{"start":0,"end":6,"url":null,"entity_id":"Q4736939","candidates":[]}],[{"start":0,"end":8,"url":null,"entity_id":"Q7924717","candidates":[]}],[]],[[{"start":0,"end":9,"url":null,"entity_id":"Q14935157","candidates":[]}],[{"start":0,"end":8,"url":null,"entity_id":"Q7924717","candidates":[]}],[]],[[{"start":0,"end":7,"url":null,"entity_id":"Q7383421","candidates":[]}],[{"start":0,"end":8,"url":null,"entity_id":"Q7924717","candidates":[]}],[]],[[{"start":0,"end":8,"url":null,"entity_id":"Q5675424","candidates":[]}],[{"start":0,"end":8,"url":null,"entity_id":"Q7924717","candidates":[]}],[]],[[{"start":0,"end":8,"url":null,"entity_id":"Q4698564","candidates":[]}],[{"start":0,"end":8,"url":null,"entity_id":"Q7924717","candidates":[]}],[]],[[{"start":0,"end":6,"url":null,"entity_id":"Q5590136","candidates":[]}],[{"start":0,"end":8,"url":null,"entity_id":"Q7924717","candidates":[]}],[]],[[{"start":0,"end":9,"url":null,"entity_id":"Q4807863","candidates":[]}],[{"start":0,"end":8,"url":null,"entity_id":"Q7924717","candidates":[]}],[]],[[{"start":0,"end":27,"url":null,"entity_id":"Q1857460","candidates":[]}],[{"start":0,"end":13,"url":null,"entity_id":"Q2001085","candidates":[]}],[]],[[{"start":0,"end":9,"url":null,"entity_id":"Q5325337","candidates":[]}],[{"start":0,"end":8,"url":null,"entity_id":"Q7924717","candidates":[]}],[]],[[{"start":0,"end":13,"url":null,"entity_id":"Q5270762","candidates":[]}],[{"start":0,"end":8,"url":null,"entity_id":"Q7924717","candidates":[]}],[]],[[{"start":0,"end":18,"url":null,"entity_id":"Q8021294","candidates":[]}],[{"start":0,"end":8,"url":null,"entity_id":"Q7924717","candidates":[]}],[]],[[{"start":0,"end":7,"url":null,"entity_id":"Q7989494","candidates":[]}],[{"start":0,"end":8,"url":null,"entity_id":"Q7924717","candidates":[]}],[]],[[{"start":0,"end":9,"url":null,"entity_id":"Q7148480","candidates":[]}],[{"start":0,"end":8,"url":null,"entity_id":"Q7924717","candidates":[]}],[]],[[{"start":0,"end":5,"url":null,"entity_id":"Q6820043","candidates":[]}],[{"start":0,"end":8,"url":null,"entity_id":"Q7924717","candidates":[]}],[]],[[{"start":0,"end":7,"url":null,"entity_id":"Q5087713","candidates":[]}],[{"start":0,"end":8,"url":null,"entity_id":"Q7924717","candidates":[]}],[]]]}