{"version":"1.2","table":{"version":"2","table_id":"RYUYAL0Z","columns":[{"index":0,"name":"col0","values":["2016 TCU Horned Frogs baseball team","2017 Louisiana–Lafayette Ragin' Cajuns baseball team","2016 Arizona Wildcats baseball team","2016 Texas Longhorns baseball team","2015 Texas Longhorns baseball team","2011 Texas Longhorns baseball team","2011 Texas A&M Aggies baseball team","2017 Vanderbilt Commodores baseball team","2017 Oregon State Beavers baseball team","2016 Oregon State Beavers baseball team","2015 Oregon State Beavers baseball team","2016 Mississippi State Bulldogs baseball team","1953 Texas Longhorns baseball team","2017 Florida State Seminoles baseball team","2017 Wake Forest Demon Deacons baseball team","2014 Grand Canyon Antelopes baseball team","2013 LSU Tigers baseball team","2004 Texas Longhorns baseball team","1988 Stanford Cardinal baseball team","2012 St. John's Red Storm baseball team"]},{"index":1,"name":"col1","values":["Lupton Stadium","M. L. Tigue Moore Field","Hi Corbett Field","UFCU Disch–Falk Field","UFCU Disch–Falk Field","UFCU Disch–Falk Field","Olsen Field at Blue Bell Park","Hawkins Field","Goss Stadium at Coleman Field","Goss Stadium at Coleman Field","Goss Stadium at Coleman Field","Dudy Noble Field, Polk-DeMent Stadium","Clark Field","Mike Martin Field at Dick Howser Stadium","Gene Hooks Field at Wake Forest Baseball Park","Brazell Stadium","Alex Box Stadium/Skip Bertman Field","UFCU Disch–Falk Field","Klein Field at Sunken Diamond","Jack Kaiser Stadium"]},{"index":2,"name":"col2","values":["baseball","baseball","baseball","baseball","baseball","baseball","baseball","baseball","baseball","baseball","baseball","baseball","baseball","baseball","baseball","baseball","baseball","baseball","baseball","baseball"]},{"index":3,"name":"col3","values":["2016-01-01","2017-01-01","2016-01-01","2016-01-01","2015-01-01","2011-01-01","2011-01-01","2017-01-01","2017-01-01","2016-01-01","2015-01-01","2016-01-01","1953-01-01","2017-01-01","2017-01-01","2014-01-01","2013-01-01","2004-01-01","1988-01-01","2012-01-01"]}]},"context":{"page_title":null,"page_url":null,"page_entity_id":null,"content_hierarchy":[]},"links":[[[{"start":0,"end":52,"url":null,"entity_id":"Q28450835","candidates":[]}],[{"start":0,"end":23,"url":null,"entity_id":"Q14691806","candidates":[]}],[{"start":0,"end":8,"url":null,"entity_id":"Q5369","candidates":[]}],[]],[[{"start":0,"end":35,"url":null,"entity_id":"Q24636317","candidates":[]}],[{"start":0,"end":16,"url":null,"entity_id":"Q14680394","candidates":[]}],[{"start":0,"end":8,"url":null,"entity_id":"Q5369","candidates":[]}],[]],[[{"start":0,"end":34,"url":null,"entity_id":"Q24260859","candidates":[]}],[{"start":0,"end":21,"url":null,"entity_id":"Q7864459","candidates":[]}],[{"start":0,"end":8,"url":null,"entity_id":"Q5369","candidates":[]}],[]],[[{"start":0,"end":34,"url":null,"entity_id":"Q19864068","candidates":[]}],[{"start":0,"end":21,"url":null,"entity_id":"Q7864459","candidates":[]}],[{"start":0,"end":8,"url":null,"entity_id":"Q5369","candidates":[]}],[]],[[{"start":0,"end":34,"url":null,"entity_id":"Q18748869","candidates":[]}],[{"start":0,"end":21,"url":null,"entity_id":"Q7864459","candidates":[]}],[{"start":0,"end":8,"url":null,"entity_id":"Q5369","candidates":[]}],[]],[[{"start":0,"end":35,"url":null,"entity_id":"Q18748867","candidates":[]}],[{"start":0,"end":29,"url":null,"entity_id":"Q7088553","candidates":[]}],[{"start":0,"end":8,"url":null,"entity_id":"Q5369","candidates":[]}],[]],[[{"start":0,"end":40,"url":null,"entity_id":"Q29097533","candidates":[]}],[{"start":0,"end":13,"url":null,"entity_id":"Q5685143","candidates":[]}],[{"start":0,"end":8,"url":null,"entity_id":"Q5369","candidates":[]}],[]],[[{"start":0,"end":39,"url":null,"entity_id":"Q29098234","candidates":[]}],[{"start":0,"end":29,"url":null,"entity_id":"Q5587459","candidates":[]}],[{"start":0,"end":8,"url":null,"entity_id":"Q5369","candidates":[]}],[]],[[{"start":0,"end":39,"url":null,"entity_id":"Q29098233","candidates":[]}],[{"start":0,"end":29,"url":null,"entity_id":"Q5587459","candidates":[]}],[{"start":0,"end":8,"url":null,"entity_id":"Q5369","candidates":[]}],[]],[[{"start":0,"end":39,"url":null,"entity_id":"Q20648891","candidates":[]}],[{"start":0,"end":29,"url":null,"entity_id":"Q5587459","candidates":[]}],[{"start":0,"end":8,"url":null,"entity_id":"Q5369","candidates":[]}],[]],[[{"start":0,"end":45,"url":null,"entity_id":"Q23303251","candidates":[]}],[{"start":0,"end":37,"url":null,"entity_id":"Q5312116","candidates":[]}],[{"start":0,"end":8,"url":null,"entity_id":"Q5369","candidates":[]}],[]],[[{"start":0,"end":34,"url":null,"entity_id":"Q18748802","candidates":[]}],[{"start":0,"end":11,"url":null,"entity_id":"Q5127222","candidates":[]}],[{"start":0,"end":8,"url":null,"entity_id":"Q5369","candidates":[]}],[]],[[{"start":0,"end":42,"url":null,"entity_id":"Q29098037","candidates":[]}],[{"start":0,"end":40,"url":null,"entity_id":"Q3313428","candidates":[]}],[{"start":0,"end":8,"url":null,"entity_id":"Q5369","candidates":[]}],[]],[[{"start":0,"end":44,"url":null,"entity_id":"Q30645076","candidates":[]}],[{"start":0,"end":45,"url":null,"entity_id":"Q3100454","candidates":[]}],[{"start":0,"end":8,"url":null,"entity_id":"Q5369","candidates":[]}],[]],[[{"start":0,"end":41,"url":null,"entity_id":"Q16972673","candidates":[]}],[{"start":0,"end":15,"url":null,"entity_id":"Q16632776","candidates":[]}],[{"start":0,"end":8,"url":null,"entity_id":"Q5369","candidates":[]}],[]],[[{"start":0,"end":29,"url":null,"entity_id":"Q16241168","candidates":[]}],[{"start":0,"end":35,"url":null,"entity_id":"Q14691559","candidates":[]}],[{"start":0,"end":8,"url":null,"entity_id":"Q5369","candidates":[]}],[]],[[{"start":0,"end":34,"url":null,"entity_id":"Q16951579","candidates":[]}],[{"start":0,"end":21,"url":null,"entity_id":"Q7864459","candidates":[]}],[{"start":0,"end":8,"url":null,"entity_id":"Q5369","candidates":[]}],[]],[[{"start":0,"end":36,"url":null,"entity_id":"Q16970841","candidates":[]}],[{"start":0,"end":29,"url":null,"entity_id":"Q6420148","candidates":[]}],[{"start":0,"end":8,"url":null,"entity_id":"Q5369","candidates":[]}],[]],[[{"start":0,"end":39,"url":null,"entity_id":"Q4626828","candidates":[]}],[{"start":0,"end":19,"url":null,"entity_id":"Q6113390","candidates":[]}],[{"start":0,"end":8,"url":null,"entity_id":"Q5369","candidates":[]}],[]],[[{"start":0,"end":35,"url":null,"entity_id":"Q22025613","candidates":[]}],[{"start":0,"end":14,"url":null,"entity_id":"Q14710987","candidates":[]}],[{"start":0,"end":8,"url":null,"entity_id":"Q5369","candidates":[]}],[]]]}