{"version":"1.2","table":{"version":"2","table_id":"S0DG6D7C","columns":[{"index":0,"name":"col0","values":["[ZGV2011] 182","[BFK2009] 185","[BFK2009] 174","[BFK2009] 194","[BFK2009] 96","NAME [LIW2015] 79","NAME [LIW2015] 23","NAME [LIW2015] 63","NAME [LIW2015] 181","NAME [LIW2015] 96","NAME [LIW2015] 31","NAME [LIW2015] 72","NAME [LIW2015] 122","NAME [LIW2015] 223","NAME [LIW2015] 17","NAME [LIW2015] 24","NAME [LIW2015] 232","NAME [LIW2015] 192","NAME [LIW2015] 19","NAME [LIW2015] 180"]},{"index":1,"name":"col1","values":["NGC 4278","NGC 4278","NGC 4278","NGC 4278","NGC 4278","NGC 3115","NGC 3115","NGC 3115","NGC 3115","NGC 3115","NGC 3115","NGC 3115","NGC 3115","NGC 3115","NGC 3115","NGC 3115","NGC 3115","NGC 3115","NGC 3115","NGC 3115"]},{"index":2,"name":"col2","values":["185.021833","185.017625","185.019125","185.014333","185.032333","151.31292","151.32125","151.30458","151.29167","151.3175","151.31083","151.315","151.30292","151.33958","151.30125","151.31","151.3475","151.29083","151.305","151.28292"]}]},"context":{"page_title":null,"page_url":null,"page_entity_id":null,"content_hierarchy":[]},"links":[[[{"start":0,"end":13,"url":null,"entity_id":"Q83619190","candidates":[]}],[{"start":0,"end":8,"url":null,"entity_id":"Q1110364","candidates":[]}],[]],[[{"start":0,"end":13,"url":null,"entity_id":"Q83615501","candidates":[]}],[{"start":0,"end":8,"url":null,"entity_id":"Q1110364","candidates":[]}],[]],[[{"start":0,"end":13,"url":null,"entity_id":"Q83615294","candidates":[]}],[{"start":0,"end":8,"url":null,"entity_id":"Q1110364","candidates":[]}],[]],[[{"start":0,"end":13,"url":null,"entity_id":"Q83614398","candidates":[]}],[{"start":0,"end":8,"url":null,"entity_id":"Q1110364","candidates":[]}],[]],[[{"start":0,"end":12,"url":null,"entity_id":"Q83613881","candidates":[]}],[{"start":0,"end":8,"url":null,"entity_id":"Q1110364","candidates":[]}],[]],[[{"start":0,"end":17,"url":null,"entity_id":"Q83409250","candidates":[]}],[{"start":0,"end":8,"url":null,"entity_id":"Q671468","candidates":[]}],[]],[[{"start":0,"end":17,"url":null,"entity_id":"Q83409184","candidates":[]}],[{"start":0,"end":8,"url":null,"entity_id":"Q671468","candidates":[]}],[]],[[{"start":0,"end":17,"url":null,"entity_id":"Q83408670","candidates":[]}],[{"start":0,"end":8,"url":null,"entity_id":"Q671468","candidates":[]}],[]],[[{"start":0,"end":18,"url":null,"entity_id":"Q83408432","candidates":[]}],[{"start":0,"end":8,"url":null,"entity_id":"Q671468","candidates":[]}],[]],[[{"start":0,"end":17,"url":null,"entity_id":"Q83408410","candidates":[]}],[{"start":0,"end":8,"url":null,"entity_id":"Q671468","candidates":[]}],[]],[[{"start":0,"end":17,"url":null,"entity_id":"Q83408330","candidates":[]}],[{"start":0,"end":8,"url":null,"entity_id":"Q671468","candidates":[]}],[]],[[{"start":0,"end":17,"url":null,"entity_id":"Q83408210","candidates":[]}],[{"start":0,"end":8,"url":null,"entity_id":"Q671468","candidates":[]}],[]],[[{"start":0,"end":18,"url":null,"entity_id":"Q83407875","candidates":[]}],[{"start":0,"end":8,"url":null,"entity_id":"Q671468","candidates":[]}],[]],[[{"start":0,"end":18,"url":null,"entity_id":"Q83406817","candidates":[]}],[{"start":0,"end":8,"url":null,"entity_id":"Q671468","candidates":[]}],[]],[[{"start":0,"end":17,"url":null,"entity_id":"Q83406424","candidates":[]}],[{"start":0,"end":8,"url":null,"entity_id":"Q671468","candidates":[]}],[]],[[{"start":0,"end":17,"url":null,"entity_id":"Q83406008","candidates":[]}],[{"start":0,"end":8,"url":null,"entity_id":"Q671468","candidates":[]}],[]],[[{"start":0,"end":18,"url":null,"entity_id":"Q83405603","candidates":[]}],[{"start":0,"end":8,"url":null,"entity_id":"Q671468","candidates":[]}],[]],[[{"start":0,"end":18,"url":null,"entity_id":"Q83405340","candidates":[]}],[{"start":0,"end":8,"url":null,"entity_id":"Q671468","candidates":[]}],[]],[[{"start":0,"end":17,"url":null,"entity_id":"Q83405029","candidates":[]}],[{"start":0,"end":8,"url":null,"entity_id":"Q671468","candidates":[]}],[]],[[{"start":0,"end":18,"url":null,"entity_id":"Q83404496","candidates":[]}],[{"start":0,"end":8,"url":null,"entity_id":"Q671468","candidates":[]}],[]]]}