{"version":"1.2","table":{"version":"2","table_id":"S0J32GQW","columns":[{"index":0,"name":"col0","values":["Sasa","Grofit","Yir'on","Tel Yitzhak","Kiryat Anavim","Rosh HaNikra","Shefayim","Ein HaShlosha","Ami'ad","Ein Zivan","Natur","Beit Alfa","Nir Am","Ma'ale HaHamisha","Alumim","Ga'aton","Moran","Mitzpe Shalem","Gazit","Gvulot"]},{"index":1,"name":"col1","values":["856","140","686","29","664","33","43","106","239","960","400","-84","114","797","101","294","317","-250","127","128"]},{"index":2,"name":"col2","values":["398","262","386","1023","466","1271","1208","372","421","280","567","862","491","674","470","568","427","173","655","299"]}]},"context":{"page_title":null,"page_url":null,"page_entity_id":null,"content_hierarchy":[]},"links":[[[{"start":0,"end":4,"url":null,"entity_id":"Q2916550","candidates":[]}],[],[]],[[{"start":0,"end":6,"url":null,"entity_id":"Q2916536","candidates":[]}],[],[]],[[{"start":0,"end":6,"url":null,"entity_id":"Q2916534","candidates":[]}],[],[]],[[{"start":0,"end":11,"url":null,"entity_id":"Q2916529","candidates":[]}],[],[]],[[{"start":0,"end":13,"url":null,"entity_id":"Q2916378","candidates":[]}],[],[]],[[{"start":0,"end":12,"url":null,"entity_id":"Q2915530","candidates":[]}],[],[]],[[{"start":0,"end":8,"url":null,"entity_id":"Q2915514","candidates":[]}],[],[]],[[{"start":0,"end":13,"url":null,"entity_id":"Q2915464","candidates":[]}],[],[]],[[{"start":0,"end":6,"url":null,"entity_id":"Q2910412","candidates":[]}],[],[]],[[{"start":0,"end":9,"url":null,"entity_id":"Q2909997","candidates":[]}],[],[]],[[{"start":0,"end":5,"url":null,"entity_id":"Q2909681","candidates":[]}],[],[]],[[{"start":0,"end":9,"url":null,"entity_id":"Q2900562","candidates":[]}],[],[]],[[{"start":0,"end":6,"url":null,"entity_id":"Q2891278","candidates":[]}],[],[]],[[{"start":0,"end":16,"url":null,"entity_id":"Q2891264","candidates":[]}],[],[]],[[{"start":0,"end":6,"url":null,"entity_id":"Q2890889","candidates":[]}],[],[]],[[{"start":0,"end":7,"url":null,"entity_id":"Q2890864","candidates":[]}],[],[]],[[{"start":0,"end":5,"url":null,"entity_id":"Q2890825","candidates":[]}],[],[]],[[{"start":0,"end":13,"url":null,"entity_id":"Q2890805","candidates":[]}],[],[]],[[{"start":0,"end":5,"url":null,"entity_id":"Q2890799","candidates":[]}],[],[]],[[{"start":0,"end":6,"url":null,"entity_id":"Q2890725","candidates":[]}],[],[]]]}