{"version":"1.2","table":{"version":"2","table_id":"S0XD8TUG","columns":[{"index":0,"name":"col0","values":["passage du Ponceau","passage des Deux-Pavillons","passage de Beaujolais","passage Vendôme","passage Sainte-Anne","passage Puteaux","passage des Panoramas","galerie de la Madeleine","cour du Commerce-Saint-André","passage du Prado","passage Choiseul","passage du Caire","passage Verdeau","passage Jouffroy","passage du Grand-Cerf","passage du Havre","passage du Bourg-l'Abbé","passage Brady","Galerie Véro-Dodat","galerie Vivienne"]},{"index":1,"name":"col1","values":["92","33","17","57","47","29","133","53","120","120","190","360","75","140","117","115","47","216","80","176"]},{"index":2,"name":"col2","values":["2.5","2.2","1.5","4","2.85","2.8","3.2","4","3.5","4","3.9","2.6","3.75","4","3","3.65","3","3.5","4","3"]}]},"context":{"page_title":null,"page_url":null,"page_entity_id":null,"content_hierarchy":[]},"links":[[[{"start":0,"end":18,"url":null,"entity_id":"Q3368175","candidates":[]}],[],[]],[[{"start":0,"end":26,"url":null,"entity_id":"Q3368108","candidates":[]}],[],[]],[[{"start":0,"end":21,"url":null,"entity_id":"Q3368038","candidates":[]}],[],[]],[[{"start":0,"end":15,"url":null,"entity_id":"Q3368019","candidates":[]}],[],[]],[[{"start":0,"end":19,"url":null,"entity_id":"Q3368000","candidates":[]}],[],[]],[[{"start":0,"end":15,"url":null,"entity_id":"Q3367965","candidates":[]}],[],[]],[[{"start":0,"end":21,"url":null,"entity_id":"Q3141829","candidates":[]}],[],[]],[[{"start":0,"end":23,"url":null,"entity_id":"Q3094646","candidates":[]}],[],[]],[[{"start":0,"end":28,"url":null,"entity_id":"Q3001058","candidates":[]}],[],[]],[[{"start":0,"end":16,"url":null,"entity_id":"Q2055794","candidates":[]}],[],[]],[[{"start":0,"end":16,"url":null,"entity_id":"Q2055787","candidates":[]}],[],[]],[[{"start":0,"end":16,"url":null,"entity_id":"Q2055785","candidates":[]}],[],[]],[[{"start":0,"end":15,"url":null,"entity_id":"Q2055779","candidates":[]}],[],[]],[[{"start":0,"end":16,"url":null,"entity_id":"Q2055773","candidates":[]}],[],[]],[[{"start":0,"end":21,"url":null,"entity_id":"Q1696160","candidates":[]}],[],[]],[[{"start":0,"end":16,"url":null,"entity_id":"Q1678564","candidates":[]}],[],[]],[[{"start":0,"end":23,"url":null,"entity_id":"Q1659270","candidates":[]}],[],[]],[[{"start":0,"end":13,"url":null,"entity_id":"Q1567455","candidates":[]}],[],[]],[[{"start":0,"end":18,"url":null,"entity_id":"Q1373064","candidates":[]}],[],[]],[[{"start":0,"end":16,"url":null,"entity_id":"Q1314020","candidates":[]}],[],[]]]}