{"version":"1.2","table":{"version":"2","table_id":"S14FEPRA","columns":[{"index":0,"name":"col0","values":["Rosa 'Impératrice Farah'","Rosa 'Kaiserin Auguste Viktoria'","Rosa 'Horace Vernet'","Rosa 'Juliette Gréco'","Rosa 'Maria Callas'","Rosa 'Maréchal Niel'","Rosa 'Graf Zeppelin'","Rosa 'Souvenir de Spa'","Rosa 'Rembrandt'","Rosa 'Aviateur Blériot'","Rosa 'Pope John Paul II'","Rosa 'Rose de Rennes'","Rosa 'Neige d'Avril'","Rosa 'Graham Thomas'","Rosa 'Montana'","Rosa 'Gertrude Jekyll'","Rosa 'Abraham Darby'","Rosa 'Eden'","Rosa 'Ingrid Bergman'","Rosa 'Louis de Funès'"]},{"index":1,"name":"col1","values":["1986-01-01","1891-01-01","1866-01-01","1999-01-01","1965-01-01","1864-01-01","1910-01-01","1873-01-01","1883-01-01","1910-01-01","2006-01-01","1995-01-01","1908-01-01","1983-01-01","1974-01-01","1986-01-01","1985-01-01","1987-01-01","1984-01-01","1984-01-01"]},{"index":2,"name":"col2","values":["Farah Pahlavi","Augusta Victoria of Schleswig-Holstein","Horace Vernet","Juliette Gréco","Maria Callas","Adolphe Niel","Ferdinand von Zeppelin","Spa","Rembrandt","Louis Blériot","John Paul II","Rennes","April","Graham Stuart Thomas","Claude Montana","Gertrude Jekyll","Abraham Darby III","Pierre de Ronsard","Ingrid Bergman","Louis de Funès"]}]},"context":{"page_title":null,"page_url":null,"page_entity_id":null,"content_hierarchy":[]},"links":[[[{"start":0,"end":24,"url":null,"entity_id":"Q60964822","candidates":[]}],[],[{"start":0,"end":13,"url":null,"entity_id":"Q164111","candidates":[]}]],[[{"start":0,"end":32,"url":null,"entity_id":"Q64030580","candidates":[]}],[],[{"start":0,"end":38,"url":null,"entity_id":"Q161247","candidates":[]}]],[[{"start":0,"end":20,"url":null,"entity_id":"Q60965045","candidates":[]}],[],[{"start":0,"end":13,"url":null,"entity_id":"Q161145","candidates":[]}]],[[{"start":0,"end":21,"url":null,"entity_id":"Q64030581","candidates":[]}],[],[{"start":0,"end":14,"url":null,"entity_id":"Q156485","candidates":[]}]],[[{"start":0,"end":19,"url":null,"entity_id":"Q60964776","candidates":[]}],[],[{"start":0,"end":12,"url":null,"entity_id":"Q128297","candidates":[]}]],[[{"start":0,"end":20,"url":null,"entity_id":"Q60964835","candidates":[]}],[],[{"start":0,"end":12,"url":null,"entity_id":"Q115701","candidates":[]}]],[[{"start":0,"end":20,"url":null,"entity_id":"Q60965033","candidates":[]}],[],[{"start":0,"end":22,"url":null,"entity_id":"Q75780","candidates":[]}]],[[{"start":0,"end":22,"url":null,"entity_id":"Q60964884","candidates":[]}],[],[{"start":0,"end":3,"url":null,"entity_id":"Q39865","candidates":[]}]],[[{"start":0,"end":16,"url":null,"entity_id":"Q64030566","candidates":[]}],[],[{"start":0,"end":9,"url":null,"entity_id":"Q5598","candidates":[]}]],[[{"start":0,"end":23,"url":null,"entity_id":"Q60964576","candidates":[]}],[],[{"start":0,"end":13,"url":null,"entity_id":"Q5396","candidates":[]}]],[[{"start":0,"end":24,"url":null,"entity_id":"Q64030582","candidates":[]}],[],[{"start":0,"end":12,"url":null,"entity_id":"Q989","candidates":[]}]],[[{"start":0,"end":21,"url":null,"entity_id":"Q60851663","candidates":[]}],[],[{"start":0,"end":6,"url":null,"entity_id":"Q647","candidates":[]}]],[[{"start":0,"end":20,"url":null,"entity_id":"Q60964681","candidates":[]}],[],[{"start":0,"end":5,"url":null,"entity_id":"Q118","candidates":[]}]],[[{"start":0,"end":20,"url":null,"entity_id":"Q1541976","candidates":[]}],[],[{"start":0,"end":20,"url":null,"entity_id":"Q5593292","candidates":[]}]],[[{"start":0,"end":14,"url":null,"entity_id":"Q1603820","candidates":[]}],[],[{"start":0,"end":14,"url":null,"entity_id":"Q1096995","candidates":[]}]],[[{"start":0,"end":22,"url":null,"entity_id":"Q1515770","candidates":[]}],[],[{"start":0,"end":15,"url":null,"entity_id":"Q452354","candidates":[]}]],[[{"start":0,"end":20,"url":null,"entity_id":"Q329915","candidates":[]}],[],[{"start":0,"end":17,"url":null,"entity_id":"Q329925","candidates":[]}]],[[{"start":0,"end":11,"url":null,"entity_id":"Q489991","candidates":[]}],[],[{"start":0,"end":17,"url":null,"entity_id":"Q49752","candidates":[]}]],[[{"start":0,"end":21,"url":null,"entity_id":"Q488088","candidates":[]}],[],[{"start":0,"end":14,"url":null,"entity_id":"Q43247","candidates":[]}]],[[{"start":0,"end":21,"url":null,"entity_id":"Q3263456","candidates":[]}],[],[{"start":0,"end":14,"url":null,"entity_id":"Q2737","candidates":[]}]]]}