{"version":"1.2","table":{"version":"2","table_id":"S2HG701V","columns":[{"index":0,"name":"col0","values":["Het Slaakhuis","Fort Pannerden","Klinika","Wielingen","Vredenburgh","de Molli","Rioolrat","Remise Tollensstraat","Graansilo Korthals Altes","Krakesteijn","Joe’s Garage","Villa Omval","Huiszittenweduwenhof","Villa Friekens","Lucky Luyk","Binnenpret","de Gaten","de Dirk","Dikke Daan","Heftige Huis"]},{"index":1,"name":"col1","values":["Slaak","Waaldijk","Jeseniova","Wielingenstraat","Vredenburgersteeg","Van Ostadestraat","Van Hogendorpplein","Tollensstraat","Silodam","Servaes Noutsstraat","Pretoriusstraat","Omval","Karthuizersstraat","Kadoelenweg","Jan Luijkenstraat","Eerste Schinkelstraat","Dirk van Hasseltssteeg","Dirk van Hasseltssteeg","Daniël Stalpertstraat","Alexanderkade"]},{"index":2,"name":"col2","values":["Rotterdam","Lingewaard","Žižkov","Amsterdam","Amsterdam","Amsterdam","Amsterdam","Amsterdam","Amsterdam","Amsterdam","Amsterdam","Amsterdam","Amsterdam","Amsterdam","Amsterdam","Amsterdam","Amsterdam","Amsterdam","Amsterdam","Amsterdam"]}]},"context":{"page_title":null,"page_url":null,"page_entity_id":null,"content_hierarchy":[]},"links":[[[{"start":0,"end":13,"url":null,"entity_id":"Q2044998","candidates":[]}],[{"start":0,"end":5,"url":null,"entity_id":"Q19516943","candidates":[]}],[{"start":0,"end":9,"url":null,"entity_id":"Q2680952","candidates":[]}]],[[{"start":0,"end":14,"url":null,"entity_id":"Q1438648","candidates":[]}],[{"start":0,"end":8,"url":null,"entity_id":"Q19643906","candidates":[]}],[{"start":0,"end":10,"url":null,"entity_id":"Q952939","candidates":[]}]],[[{"start":0,"end":7,"url":null,"entity_id":"Q22670339","candidates":[]}],[{"start":0,"end":9,"url":null,"entity_id":"Q43387872","candidates":[]}],[{"start":0,"end":6,"url":null,"entity_id":"Q378120","candidates":[]}]],[[{"start":0,"end":9,"url":null,"entity_id":"Q50138627","candidates":[]}],[{"start":0,"end":15,"url":null,"entity_id":"Q19652712","candidates":[]}],[{"start":0,"end":9,"url":null,"entity_id":"Q9899","candidates":[]}]],[[{"start":0,"end":11,"url":null,"entity_id":"Q11721744","candidates":[]}],[{"start":0,"end":17,"url":null,"entity_id":"Q19642650","candidates":[]}],[{"start":0,"end":9,"url":null,"entity_id":"Q9899","candidates":[]}]],[[{"start":0,"end":8,"url":null,"entity_id":"Q56604129","candidates":[]}],[{"start":0,"end":16,"url":null,"entity_id":"Q19623782","candidates":[]}],[{"start":0,"end":9,"url":null,"entity_id":"Q9899","candidates":[]}]],[[{"start":0,"end":8,"url":null,"entity_id":"Q56612006","candidates":[]}],[{"start":0,"end":18,"url":null,"entity_id":"Q19621057","candidates":[]}],[{"start":0,"end":9,"url":null,"entity_id":"Q9899","candidates":[]}]],[[{"start":0,"end":20,"url":null,"entity_id":"Q2665406","candidates":[]}],[{"start":0,"end":13,"url":null,"entity_id":"Q19567896","candidates":[]}],[{"start":0,"end":9,"url":null,"entity_id":"Q9899","candidates":[]}]],[[{"start":0,"end":24,"url":null,"entity_id":"Q2109392","candidates":[]}],[{"start":0,"end":7,"url":null,"entity_id":"Q19514958","candidates":[]}],[{"start":0,"end":9,"url":null,"entity_id":"Q9899","candidates":[]}]],[[{"start":0,"end":11,"url":null,"entity_id":"Q56598366","candidates":[]}],[{"start":0,"end":19,"url":null,"entity_id":"Q19514345","candidates":[]}],[{"start":0,"end":9,"url":null,"entity_id":"Q9899","candidates":[]}]],[[{"start":0,"end":12,"url":null,"entity_id":"Q56597453","candidates":[]}],[{"start":0,"end":15,"url":null,"entity_id":"Q19429615","candidates":[]}],[{"start":0,"end":9,"url":null,"entity_id":"Q9899","candidates":[]}]],[[{"start":0,"end":11,"url":null,"entity_id":"Q56604472","candidates":[]}],[{"start":0,"end":5,"url":null,"entity_id":"Q19394342","candidates":[]}],[{"start":0,"end":9,"url":null,"entity_id":"Q9899","candidates":[]}]],[[{"start":0,"end":20,"url":null,"entity_id":"Q2856405","candidates":[]}],[{"start":0,"end":17,"url":null,"entity_id":"Q19291926","candidates":[]}],[{"start":0,"end":9,"url":null,"entity_id":"Q9899","candidates":[]}]],[[{"start":0,"end":14,"url":null,"entity_id":"Q56604464","candidates":[]}],[{"start":0,"end":11,"url":null,"entity_id":"Q19284412","candidates":[]}],[{"start":0,"end":9,"url":null,"entity_id":"Q9899","candidates":[]}]],[[{"start":0,"end":10,"url":null,"entity_id":"Q2341020","candidates":[]}],[{"start":0,"end":17,"url":null,"entity_id":"Q19277498","candidates":[]}],[{"start":0,"end":9,"url":null,"entity_id":"Q9899","candidates":[]}]],[[{"start":0,"end":10,"url":null,"entity_id":"Q17301699","candidates":[]}],[{"start":0,"end":21,"url":null,"entity_id":"Q19061482","candidates":[]}],[{"start":0,"end":9,"url":null,"entity_id":"Q9899","candidates":[]}]],[[{"start":0,"end":8,"url":null,"entity_id":"Q56596930","candidates":[]}],[{"start":0,"end":22,"url":null,"entity_id":"Q19018339","candidates":[]}],[{"start":0,"end":9,"url":null,"entity_id":"Q9899","candidates":[]}]],[[{"start":0,"end":7,"url":null,"entity_id":"Q56596786","candidates":[]}],[{"start":0,"end":22,"url":null,"entity_id":"Q19018339","candidates":[]}],[{"start":0,"end":9,"url":null,"entity_id":"Q9899","candidates":[]}]],[[{"start":0,"end":10,"url":null,"entity_id":"Q56596769","candidates":[]}],[{"start":0,"end":21,"url":null,"entity_id":"Q19003290","candidates":[]}],[{"start":0,"end":9,"url":null,"entity_id":"Q9899","candidates":[]}]],[[{"start":0,"end":12,"url":null,"entity_id":"Q56597326","candidates":[]}],[{"start":0,"end":13,"url":null,"entity_id":"Q18936220","candidates":[]}],[{"start":0,"end":9,"url":null,"entity_id":"Q9899","candidates":[]}]]]}