{"version":"1.2","table":{"version":"2","table_id":"S30XPVET","columns":[{"index":0,"name":"col0","values":["1986 Estonian Badminton Championships","1982 Estonian Badminton Championships","1980 Estonian Badminton Championships","1978 Estonian Badminton Championships","1976 Estonian Badminton Championships","1973 Estonian Badminton Championships","1970 Estonian Badminton Championships","1971 Estonian Badminton Championships","1969 Estonian Badminton Championships","1967 Estonian Badminton Championships","2009 Estonian Badminton Championships","2003 Estonian Badminton Championships","1966 Estonian Badminton Championships","1975 Estonian Badminton Championships","1984 Estonian Badminton Championships","1990 Estonian Badminton Championships","1977 Estonian Badminton Championships","1996 Estonian Badminton Championships","1991 Estonian Badminton Championships","1987 Estonian Badminton Championships"]},{"index":1,"name":"col1","values":["1986-01-01","1982-01-01","1980-01-01","1978-01-01","1976-01-01","1973-01-01","1970-01-01","1971-01-01","1969-01-01","1967-01-01","2009-01-01","2003-01-01","1966-01-01","1975-01-01","1984-01-01","1990-01-01","1977-01-01","1996-01-01","1991-01-01","1987-01-01"]},{"index":2,"name":"col2","values":["1987 Estonian Badminton Championships","1983 Estonian Badminton Championships","1981 Estonian Badminton Championships","1979 Estonian Badminton Championships","1977 Estonian Badminton Championships","1974 Estonian Badminton Championships","1971 Estonian Badminton Championships","1972 Estonian Badminton Championships","1970 Estonian Badminton Championships","1968 Estonian Badminton Championships","2010 Estonian Badminton Championships","2004 Estonian Badminton Championships","1967 Estonian Badminton Championships","1976 Estonian Badminton Championships","1985 Estonian Badminton Championships","1991 Estonian Badminton Championships","1978 Estonian Badminton Championships","1997 Estonian Badminton Championships","1992 Estonian Badminton Championships","1988 Estonian Badminton Championships"]},{"index":3,"name":"col3","values":["1985 Estonian Badminton Championships","1981 Estonian Badminton Championships","1979 Estonian Badminton Championships","1977 Estonian Badminton Championships","1975 Estonian Badminton Championships","1972 Estonian Badminton Championships","1969 Estonian Badminton Championships","1970 Estonian Badminton Championships","1968 Estonian Badminton Championships","1966 Estonian Badminton Championships","2008 Estonian Badminton Championships","2002 Estonian Badminton Championships","1965 Estonian Badminton Championships","1974 Estonian Badminton Championships","1983 Estonian Badminton Championships","1989 Estonian Badminton Championships","1976 Estonian Badminton Championships","1995 Estonian Badminton Championships","1990 Estonian Badminton Championships","1986 Estonian Badminton Championships"]},{"index":4,"name":"col4","values":["Estonia","Estonia","Estonia","Estonia","Estonia","Estonia","Estonia","Estonia","Estonia","Estonia","Estonia","Estonia","Estonia","Estonia","Estonia","Estonia","Estonia","Estonia","Estonia","Estonia"]}]},"context":{"page_title":null,"page_url":null,"page_entity_id":null,"content_hierarchy":[]},"links":[[[{"start":0,"end":37,"url":null,"entity_id":"Q1370229","candidates":[]}],[],[{"start":0,"end":37,"url":null,"entity_id":"Q1245294","candidates":[]}],[{"start":0,"end":37,"url":null,"entity_id":"Q1370225","candidates":[]}],[{"start":0,"end":7,"url":null,"entity_id":"Q191","candidates":[]}]],[[{"start":0,"end":37,"url":null,"entity_id":"Q1370227","candidates":[]}],[],[{"start":0,"end":37,"url":null,"entity_id":"Q1370225","candidates":[]}],[{"start":0,"end":37,"url":null,"entity_id":"Q1370224","candidates":[]}],[{"start":0,"end":7,"url":null,"entity_id":"Q191","candidates":[]}]],[[{"start":0,"end":37,"url":null,"entity_id":"Q1370220","candidates":[]}],[],[{"start":0,"end":37,"url":null,"entity_id":"Q1370224","candidates":[]}],[{"start":0,"end":37,"url":null,"entity_id":"Q1370218","candidates":[]}],[{"start":0,"end":7,"url":null,"entity_id":"Q191","candidates":[]}]],[[{"start":0,"end":37,"url":null,"entity_id":"Q989841","candidates":[]}],[],[{"start":0,"end":37,"url":null,"entity_id":"Q1370218","candidates":[]}],[{"start":0,"end":37,"url":null,"entity_id":"Q1370217","candidates":[]}],[{"start":0,"end":7,"url":null,"entity_id":"Q191","candidates":[]}]],[[{"start":0,"end":37,"url":null,"entity_id":"Q1370211","candidates":[]}],[],[{"start":0,"end":37,"url":null,"entity_id":"Q1261558","candidates":[]}],[{"start":0,"end":37,"url":null,"entity_id":"Q1370210","candidates":[]}],[{"start":0,"end":7,"url":null,"entity_id":"Q191","candidates":[]}]],[[{"start":0,"end":37,"url":null,"entity_id":"Q1370202","candidates":[]}],[],[{"start":0,"end":37,"url":null,"entity_id":"Q1370206","candidates":[]}],[{"start":0,"end":37,"url":null,"entity_id":"Q1370204","candidates":[]}],[{"start":0,"end":7,"url":null,"entity_id":"Q191","candidates":[]}]],[[{"start":0,"end":37,"url":null,"entity_id":"Q1370206","candidates":[]}],[],[{"start":0,"end":37,"url":null,"entity_id":"Q1370210","candidates":[]}],[{"start":0,"end":37,"url":null,"entity_id":"Q1370202","candidates":[]}],[{"start":0,"end":7,"url":null,"entity_id":"Q191","candidates":[]}]],[[{"start":0,"end":37,"url":null,"entity_id":"Q1370204","candidates":[]}],[],[{"start":0,"end":37,"url":null,"entity_id":"Q1370202","candidates":[]}],[{"start":0,"end":37,"url":null,"entity_id":"Q1370200","candidates":[]}],[{"start":0,"end":7,"url":null,"entity_id":"Q191","candidates":[]}]],[[{"start":0,"end":37,"url":null,"entity_id":"Q1370198","candidates":[]}],[],[{"start":0,"end":37,"url":null,"entity_id":"Q1370200","candidates":[]}],[{"start":0,"end":37,"url":null,"entity_id":"Q1370196","candidates":[]}],[{"start":0,"end":7,"url":null,"entity_id":"Q191","candidates":[]}]],[[{"start":0,"end":37,"url":null,"entity_id":"Q1370271","candidates":[]}],[],[{"start":0,"end":37,"url":null,"entity_id":"Q1370272","candidates":[]}],[{"start":0,"end":37,"url":null,"entity_id":"Q1370265","candidates":[]}],[{"start":0,"end":7,"url":null,"entity_id":"Q191","candidates":[]}]],[[{"start":0,"end":37,"url":null,"entity_id":"Q1370260","candidates":[]}],[],[{"start":0,"end":37,"url":null,"entity_id":"Q1370262","candidates":[]}],[{"start":0,"end":37,"url":null,"entity_id":"Q1370255","candidates":[]}],[{"start":0,"end":7,"url":null,"entity_id":"Q191","candidates":[]}]],[[{"start":0,"end":37,"url":null,"entity_id":"Q1370196","candidates":[]}],[],[{"start":0,"end":37,"url":null,"entity_id":"Q1370198","candidates":[]}],[{"start":0,"end":37,"url":null,"entity_id":"Q1370192","candidates":[]}],[{"start":0,"end":7,"url":null,"entity_id":"Q191","candidates":[]}]],[[{"start":0,"end":37,"url":null,"entity_id":"Q1370217","candidates":[]}],[],[{"start":0,"end":37,"url":null,"entity_id":"Q989841","candidates":[]}],[{"start":0,"end":37,"url":null,"entity_id":"Q1261558","candidates":[]}],[{"start":0,"end":7,"url":null,"entity_id":"Q191","candidates":[]}]],[[{"start":0,"end":37,"url":null,"entity_id":"Q1370232","candidates":[]}],[],[{"start":0,"end":37,"url":null,"entity_id":"Q1370231","candidates":[]}],[{"start":0,"end":37,"url":null,"entity_id":"Q1245294","candidates":[]}],[{"start":0,"end":7,"url":null,"entity_id":"Q191","candidates":[]}]],[[{"start":0,"end":37,"url":null,"entity_id":"Q1370242","candidates":[]}],[],[{"start":0,"end":37,"url":null,"entity_id":"Q1370240","candidates":[]}],[{"start":0,"end":37,"url":null,"entity_id":"Q999967","candidates":[]}],[{"start":0,"end":7,"url":null,"entity_id":"Q191","candidates":[]}]],[[{"start":0,"end":37,"url":null,"entity_id":"Q1370218","candidates":[]}],[],[{"start":0,"end":37,"url":null,"entity_id":"Q1370220","candidates":[]}],[{"start":0,"end":37,"url":null,"entity_id":"Q989841","candidates":[]}],[{"start":0,"end":7,"url":null,"entity_id":"Q191","candidates":[]}]],[[{"start":0,"end":37,"url":null,"entity_id":"Q1370247","candidates":[]}],[],[{"start":0,"end":37,"url":null,"entity_id":"Q1370252","candidates":[]}],[{"start":0,"end":37,"url":null,"entity_id":"Q1370249","candidates":[]}],[{"start":0,"end":7,"url":null,"entity_id":"Q191","candidates":[]}]],[[{"start":0,"end":37,"url":null,"entity_id":"Q1370240","candidates":[]}],[],[{"start":0,"end":37,"url":null,"entity_id":"Q1370245","candidates":[]}],[{"start":0,"end":37,"url":null,"entity_id":"Q1370242","candidates":[]}],[{"start":0,"end":7,"url":null,"entity_id":"Q191","candidates":[]}]],[[{"start":0,"end":37,"url":null,"entity_id":"Q1370234","candidates":[]}],[],[{"start":0,"end":37,"url":null,"entity_id":"Q1370237","candidates":[]}],[{"start":0,"end":37,"url":null,"entity_id":"Q1370239","candidates":[]}],[{"start":0,"end":7,"url":null,"entity_id":"Q191","candidates":[]}]],[[{"start":0,"end":37,"url":null,"entity_id":"Q1370239","candidates":[]}],[],[{"start":0,"end":37,"url":null,"entity_id":"Q1370234","candidates":[]}],[{"start":0,"end":37,"url":null,"entity_id":"Q1370231","candidates":[]}],[{"start":0,"end":7,"url":null,"entity_id":"Q191","candidates":[]}]]]}