{"version":"1.2","table":{"version":"2","table_id":"S428CMPG","columns":[{"index":0,"name":"col0","values":["Regensburg","Anklam","Rottweil","Augsburg","Kassel","Bremerhaven","Osnabrück","Darmstadt","Solingen","Brunswick","Erlangen","Bad Doberan","Königs Wusterhausen","Freiberg","Bautzen","Naumburg (Saale)","Trier","Pasewalk","Bad Wimpfen","Ostfildern"]},{"index":1,"name":"col1","values":["1245-01-01","1201-01-01","1140-01-01","-0014-01-01T00:00:00Z","1330-01-01","1827-05-01","0780-01-01","1330-01-01","1067-01-01","0861-01-01","1002-01-01","1879-01-01","1320-01-01","1186-01-01","1002-01-01","1029-01-01","-0015-01-01T00:00:00Z","1201-01-01","1300-01-01","1975-01-01"]},{"index":2,"name":"col2","values":["Odessa","Burlöv Municipality","L’Aquila","Dayton","Florence","Szczecin","Tver","Alkmaar","Aue","Kiryat Tiv'on","Rennes","Bad Schwartau","Neunkirchen","Delft","Heidelberg","Aachen","Mbabane","Police","Sopron","Reinach"]},{"index":3,"name":"col3","values":["Danube","Peene","Neckar","Lech","Fulda","Weser","Hase","Modau","Wupper","Oker","Aurach","Bay of Mecklenburg","Dahme","Freiberger Mulde","Spree","Saale","Moselle","Ucker","Neckar","Körsch"]}]},"context":{"page_title":null,"page_url":null,"page_entity_id":null,"content_hierarchy":[]},"links":[[[{"start":0,"end":10,"url":null,"entity_id":"Q2978","candidates":[]}],[],[{"start":0,"end":6,"url":null,"entity_id":"Q1874","candidates":[]}],[{"start":0,"end":6,"url":null,"entity_id":"Q1653","candidates":[]}]],[[{"start":0,"end":6,"url":null,"entity_id":"Q488513","candidates":[]}],[],[{"start":0,"end":19,"url":null,"entity_id":"Q186662","candidates":[]}],[{"start":0,"end":5,"url":null,"entity_id":"Q1658","candidates":[]}]],[[{"start":0,"end":8,"url":null,"entity_id":"Q82960","candidates":[]}],[],[{"start":0,"end":8,"url":null,"entity_id":"Q3476","candidates":[]}],[{"start":0,"end":6,"url":null,"entity_id":"Q1673","candidates":[]}]],[[{"start":0,"end":8,"url":null,"entity_id":"Q2749","candidates":[]}],[],[{"start":0,"end":6,"url":null,"entity_id":"Q34739","candidates":[]}],[{"start":0,"end":4,"url":null,"entity_id":"Q155841","candidates":[]}]],[[{"start":0,"end":6,"url":null,"entity_id":"Q2865","candidates":[]}],[],[{"start":0,"end":8,"url":null,"entity_id":"Q2044","candidates":[]}],[{"start":0,"end":5,"url":null,"entity_id":"Q6434","candidates":[]}]],[[{"start":0,"end":11,"url":null,"entity_id":"Q2706","candidates":[]}],[],[{"start":0,"end":8,"url":null,"entity_id":"Q393","candidates":[]}],[{"start":0,"end":5,"url":null,"entity_id":"Q1650","candidates":[]}]],[[{"start":0,"end":9,"url":null,"entity_id":"Q2916","candidates":[]}],[],[{"start":0,"end":4,"url":null,"entity_id":"Q2288","candidates":[]}],[{"start":0,"end":4,"url":null,"entity_id":"Q700566","candidates":[]}]],[[{"start":0,"end":9,"url":null,"entity_id":"Q2973","candidates":[]}],[],[{"start":0,"end":7,"url":null,"entity_id":"Q972","candidates":[]}],[{"start":0,"end":5,"url":null,"entity_id":"Q663762","candidates":[]}]],[[{"start":0,"end":8,"url":null,"entity_id":"Q2942","candidates":[]}],[],[{"start":0,"end":3,"url":null,"entity_id":"Q57948","candidates":[]}],[{"start":0,"end":6,"url":null,"entity_id":"Q639374","candidates":[]}]],[[{"start":0,"end":9,"url":null,"entity_id":"Q2773","candidates":[]}],[],[{"start":0,"end":13,"url":null,"entity_id":"Q1743479","candidates":[]}],[{"start":0,"end":4,"url":null,"entity_id":"Q701512","candidates":[]}]],[[{"start":0,"end":8,"url":null,"entity_id":"Q3126","candidates":[]}],[],[{"start":0,"end":6,"url":null,"entity_id":"Q647","candidates":[]}],[{"start":0,"end":6,"url":null,"entity_id":"Q317594","candidates":[]}]],[[{"start":0,"end":11,"url":null,"entity_id":"Q9536","candidates":[]}],[],[{"start":0,"end":13,"url":null,"entity_id":"Q516432","candidates":[]}],[{"start":0,"end":18,"url":null,"entity_id":"Q317006","candidates":[]}]],[[{"start":0,"end":19,"url":null,"entity_id":"Q16013","candidates":[]}],[],[{"start":0,"end":11,"url":null,"entity_id":"Q6880","candidates":[]}],[{"start":0,"end":5,"url":null,"entity_id":"Q161455","candidates":[]}]],[[{"start":0,"end":8,"url":null,"entity_id":"Q14819","candidates":[]}],[],[{"start":0,"end":5,"url":null,"entity_id":"Q690","candidates":[]}],[{"start":0,"end":16,"url":null,"entity_id":"Q13655","candidates":[]}]],[[{"start":0,"end":7,"url":null,"entity_id":"Q14835","candidates":[]}],[],[{"start":0,"end":10,"url":null,"entity_id":"Q2966","candidates":[]}],[{"start":0,"end":5,"url":null,"entity_id":"Q1684","candidates":[]}]],[[{"start":0,"end":16,"url":null,"entity_id":"Q15986","candidates":[]}],[],[{"start":0,"end":6,"url":null,"entity_id":"Q1017","candidates":[]}],[{"start":0,"end":5,"url":null,"entity_id":"Q1678","candidates":[]}]],[[{"start":0,"end":5,"url":null,"entity_id":"Q3138","candidates":[]}],[],[{"start":0,"end":7,"url":null,"entity_id":"Q3904","candidates":[]}],[{"start":0,"end":7,"url":null,"entity_id":"Q1667","candidates":[]}]],[[{"start":0,"end":8,"url":null,"entity_id":"Q493924","candidates":[]}],[],[{"start":0,"end":6,"url":null,"entity_id":"Q208022","candidates":[]}],[{"start":0,"end":5,"url":null,"entity_id":"Q704775","candidates":[]}]],[[{"start":0,"end":11,"url":null,"entity_id":"Q491535","candidates":[]}],[],[{"start":0,"end":6,"url":null,"entity_id":"Q168648","candidates":[]}],[{"start":0,"end":6,"url":null,"entity_id":"Q1673","candidates":[]}]],[[{"start":0,"end":10,"url":null,"entity_id":"Q14916","candidates":[]}],[],[{"start":0,"end":7,"url":null,"entity_id":"Q69747","candidates":[]}],[{"start":0,"end":6,"url":null,"entity_id":"Q1770345","candidates":[]}]]]}