{"version":"1.2","table":{"version":"2","table_id":"G0TXA7YI","columns":[{"index":0,"name":"col0","values":["2016 Orlando nightclub shooting","hostage crisis at the Iraqi embassy in Paris","2015 Bamako hotel attack","Henry's Pub hostage incident","Mothers' Bus attack","Coastal Road massacre","Cokeville Elementary School hostage crisis","2016 Magnanville stabbing","2014 Sydney hostage crisis","Nakhon Ratchasima shooting","January 2015 Île-de-France attacks","Beslan school hostage crisis","1974 French Embassy attack in The Hague","Carcassonne and Trèbes attack","Gladbeck hostage crisis","2016 Ouagadougou attacks","2017 Tehran attacks","2014 Moscow school shooting","Moscow theater hostage crisis","1981 Turkish consulate attack in Paris"]},{"index":1,"name":"col1","values":["53","3","9","7","8","71","79","0","4","58","22","727","3","15","5","150","43","1","700","3"]},{"index":2,"name":"col2","values":["Pulse","53 rue de la Faisanderie","Radisson Blu Hotel in Bamako","Graduate Berkeley","Ar'arat an-Naqab","Highway 2","Cokeville","Magnanville","Martin Place","Nakhon Ratchasima","Montrouge","Beslan","The Hague","Carcassonne","Gladbeck","Ouagadougou","Tehran","Moscow","Moscow","Paris"]},{"index":3,"name":"col3","values":["49","2","20","2","6","35","2","3","3","29","20","334","0","5","3","30","6","2","174","1"]}]},"context":{"page_title":null,"page_url":null,"page_entity_id":null,"content_hierarchy":[]},"links":[[[{"start":0,"end":31,"url":null,"entity_id":"Q24561572","candidates":[]}],[],[{"start":0,"end":5,"url":null,"entity_id":"Q24566959","candidates":[]}],[]],[[{"start":0,"end":44,"url":null,"entity_id":"Q3403799","candidates":[]}],[],[{"start":0,"end":24,"url":null,"entity_id":"Q23010234","candidates":[]}],[]],[[{"start":0,"end":24,"url":null,"entity_id":"Q21516923","candidates":[]}],[],[{"start":0,"end":28,"url":null,"entity_id":"Q21532003","candidates":[]}],[]],[[{"start":0,"end":28,"url":null,"entity_id":"Q28405368","candidates":[]}],[],[{"start":0,"end":17,"url":null,"entity_id":"Q17506844","candidates":[]}],[]],[[{"start":0,"end":19,"url":null,"entity_id":"Q12403527","candidates":[]}],[],[{"start":0,"end":16,"url":null,"entity_id":"Q2915541","candidates":[]}],[]],[[{"start":0,"end":21,"url":null,"entity_id":"Q301448","candidates":[]}],[],[{"start":0,"end":9,"url":null,"entity_id":"Q2072859","candidates":[]}],[]],[[{"start":0,"end":42,"url":null,"entity_id":"Q5141744","candidates":[]}],[],[{"start":0,"end":9,"url":null,"entity_id":"Q1028465","candidates":[]}],[]],[[{"start":0,"end":25,"url":null,"entity_id":"Q24576744","candidates":[]}],[],[{"start":0,"end":11,"url":null,"entity_id":"Q762728","candidates":[]}],[]],[[{"start":0,"end":26,"url":null,"entity_id":"Q18638636","candidates":[]}],[],[{"start":0,"end":12,"url":null,"entity_id":"Q761633","candidates":[]}],[]],[[{"start":0,"end":26,"url":null,"entity_id":"Q84599740","candidates":[]}],[],[{"start":0,"end":17,"url":null,"entity_id":"Q633036","candidates":[]}],[]],[[{"start":0,"end":34,"url":null,"entity_id":"Q18748338","candidates":[]}],[],[{"start":0,"end":9,"url":null,"entity_id":"Q241021","candidates":[]}],[]],[[{"start":0,"end":28,"url":null,"entity_id":"Q193733","candidates":[]}],[],[{"start":0,"end":6,"url":null,"entity_id":"Q105035","candidates":[]}],[]],[[{"start":0,"end":39,"url":null,"entity_id":"Q4576078","candidates":[]}],[],[{"start":0,"end":9,"url":null,"entity_id":"Q36600","candidates":[]}],[]],[[{"start":0,"end":29,"url":null,"entity_id":"Q50842170","candidates":[]}],[],[{"start":0,"end":11,"url":null,"entity_id":"Q6582","candidates":[]}],[]],[[{"start":0,"end":23,"url":null,"entity_id":"Q896727","candidates":[]}],[],[{"start":0,"end":8,"url":null,"entity_id":"Q3905","candidates":[]}],[]],[[{"start":0,"end":24,"url":null,"entity_id":"Q22082207","candidates":[]}],[],[{"start":0,"end":11,"url":null,"entity_id":"Q3777","candidates":[]}],[]],[[{"start":0,"end":19,"url":null,"entity_id":"Q30147595","candidates":[]}],[],[{"start":0,"end":6,"url":null,"entity_id":"Q3616","candidates":[]}],[]],[[{"start":0,"end":27,"url":null,"entity_id":"Q15708337","candidates":[]}],[],[{"start":0,"end":6,"url":null,"entity_id":"Q649","candidates":[]}],[]],[[{"start":0,"end":29,"url":null,"entity_id":"Q4670","candidates":[]}],[],[{"start":0,"end":6,"url":null,"entity_id":"Q649","candidates":[]}],[]],[[{"start":0,"end":38,"url":null,"entity_id":"Q2367389","candidates":[]}],[],[{"start":0,"end":5,"url":null,"entity_id":"Q90","candidates":[]}],[]]]}