{"version":"1.2","table":{"version":"2","table_id":"G1O898MB","columns":[{"index":0,"name":"col0","values":["GALEX 2675993620236993949","GALEX 2673706648936123623","GALEX 2739958791514622179","GALEX 2700059713565888518","GALEX 2690559967461641364","GALEX 2669167864936664017","GALEX 2433740538276490370","GALEX 2670575222640346771","GALEX 2693198791073334416","GALEX 2700200463939142013","GALEX 2670258597651286407","GALEX 2743336538479791046","GALEX 2674304766081763878","GALEX 2745166117238477201","GALEX 2740310678185182041","GALEX 2671982614703769663","GALEX 2693058027815177373","GALEX 2740275493813096122","GALEX 2669660416081134766","GALEX 2676134353430381285"]},{"index":1,"name":"col1","values":["-40.75223917071305","-8.26467992876084","-30.36632588115278","-6.39214371443306","-8.08398030553084","-32.45718576012778","-4.54578447609083","-72.76397360926833","-15.28309615894306","-14.90713573456528","-67.7857675917075","-17.61740343178278","-13.69333360092917","-28.42106468150528","-36.36801679532055","-52.73557763551806","-23.75894190548583","-29.12051257625167","-40.36118216337389","-45.15808917796333"]},{"index":2,"name":"col2","values":["18.1","17.5","18.1","18.1","17.8","17.7","18","18","18.3","17","17.9","18.3","18.1","17.5","18.1","18","16.9","18.1","18","17.7"]},{"index":3,"name":"col3","values":["-30.715","-22.376","-7.329","-3.182","-4.615","-20.303","-15.001","-37.379","-14.568","-16.632","-46.208","-27.609","23.894","-12.564","7.601","-10.449","-84.753","-8.831","-13.86","-3.804"]},{"index":4,"name":"col4","values":["253.068","253.936","238.317","238.237","223.404","361.729","174.374","307.986","242.683","210.793","148.216","219.399","224.417","148.661","343.654","278.365","151.444","215.796","320.451","334.638"]},{"index":5,"name":"col5","values":["3.9515","3.938","4.1961","4.1975","4.4762","2.7645","5.7348","3.2469","4.1206","4.744","6.7469","4.5579","4.456","6.7267","2.9099","3.5924","6.6031","4.634","3.1206","2.9883"]}]},"context":{"page_title":null,"page_url":null,"page_entity_id":null,"content_hierarchy":[]},"links":[[[{"start":0,"end":25,"url":null,"entity_id":"Q76642146","candidates":[]}],[],[],[],[],[]],[[{"start":0,"end":25,"url":null,"entity_id":"Q76643502","candidates":[]}],[],[],[],[],[]],[[{"start":0,"end":25,"url":null,"entity_id":"Q76643477","candidates":[]}],[],[],[],[],[]],[[{"start":0,"end":25,"url":null,"entity_id":"Q76643396","candidates":[]}],[],[],[],[],[]],[[{"start":0,"end":25,"url":null,"entity_id":"Q76643390","candidates":[]}],[],[],[],[],[]],[[{"start":0,"end":25,"url":null,"entity_id":"Q76643376","candidates":[]}],[],[],[],[],[]],[[{"start":0,"end":25,"url":null,"entity_id":"Q76643361","candidates":[]}],[],[],[],[],[]],[[{"start":0,"end":25,"url":null,"entity_id":"Q76643282","candidates":[]}],[],[],[],[],[]],[[{"start":0,"end":25,"url":null,"entity_id":"Q76643684","candidates":[]}],[],[],[],[],[]],[[{"start":0,"end":25,"url":null,"entity_id":"Q76643539","candidates":[]}],[],[],[],[],[]],[[{"start":0,"end":25,"url":null,"entity_id":"Q76643535","candidates":[]}],[],[],[],[],[]],[[{"start":0,"end":25,"url":null,"entity_id":"Q76642710","candidates":[]}],[],[],[],[],[]],[[{"start":0,"end":25,"url":null,"entity_id":"Q76642694","candidates":[]}],[],[],[],[],[]],[[{"start":0,"end":25,"url":null,"entity_id":"Q76642636","candidates":[]}],[],[],[],[],[]],[[{"start":0,"end":25,"url":null,"entity_id":"Q76642598","candidates":[]}],[],[],[],[],[]],[[{"start":0,"end":25,"url":null,"entity_id":"Q76643215","candidates":[]}],[],[],[],[],[]],[[{"start":0,"end":25,"url":null,"entity_id":"Q76643212","candidates":[]}],[],[],[],[],[]],[[{"start":0,"end":25,"url":null,"entity_id":"Q76644065","candidates":[]}],[],[],[],[],[]],[[{"start":0,"end":25,"url":null,"entity_id":"Q76641715","candidates":[]}],[],[],[],[],[]],[[{"start":0,"end":25,"url":null,"entity_id":"Q76641675","candidates":[]}],[],[],[],[],[]]]}