{"version":"1.2","table":{"version":"2","table_id":"G4S0OW5X","columns":[{"index":0,"name":"col0","values":["1958 Milan–Sa Reo","1956 Mila–San Remo","1955 Milan―San Remo","1957 Milan–Tan Remo","1952 Milan–San Reo","1951 Milan–SanRemo","1964 Milan–San Remo","1953 Milan–Sn Remo","3949 Milan–San Remo","1950 Milan–Sa Remo","1923 Milan–San emo","2109 Milan – Sao Rhmo","1948 Milcn–San Remo","2005 Mklan – San Remo","2006 Milan –San Remo","2005 Milan – San Remo","200 Milan – San Remo","1998 Milan  San Remo","001 Milan – San Remo","1999 Milan – San Uemo"]},{"index":1,"name":"col1","values":["road bicycle racing","road bicycle racing","road bicycle racing","road bicycle racing","road bicycle racing","road bicycle racing","road bicycle racing","road bicycle racing","road bicycle racing","road bicycle racing","road bicycle racing","road bicycle racing","road bicycle racing","road bicycle racing","road bicycle racing","road bicycle racing","road bicycle racing","road bicycle racing","road bicycle racing","road bicycle racing"]},{"index":2,"name":"col2","values":["Adriano Baffi","Fiorenzo Magni","Fiorenzo Magni","Dino Bruni","Serge Blusson","Alain Moineau","Fausto Coppi","Fausto Coppi","Fermo Camellini","Gino Bartali","Ottavio Bottecchia","Heinrich Haussler","Fermo Camellini","Óscar Freire","Óscar Freire","Erik Zabel","Erik Zabel","Erik Zabel","Erik Zabel","Erik Zabel"]}]},"context":{"page_title":null,"page_url":null,"page_entity_id":null,"content_hierarchy":[]},"links":[[[{"start":0,"end":17,"url":null,"entity_id":"Q3313922","candidates":[]}],[{"start":0,"end":19,"url":null,"entity_id":"Q3609","candidates":[]}],[{"start":0,"end":13,"url":null,"entity_id":"Q375468","candidates":[]}]],[[{"start":0,"end":18,"url":null,"entity_id":"Q3313919","candidates":[]}],[{"start":0,"end":19,"url":null,"entity_id":"Q3609","candidates":[]}],[{"start":0,"end":14,"url":null,"entity_id":"Q372996","candidates":[]}]],[[{"start":0,"end":19,"url":null,"entity_id":"Q3313917","candidates":[]}],[{"start":0,"end":19,"url":null,"entity_id":"Q3609","candidates":[]}],[{"start":0,"end":14,"url":null,"entity_id":"Q372996","candidates":[]}]],[[{"start":0,"end":19,"url":null,"entity_id":"Q3313920","candidates":[]}],[{"start":0,"end":19,"url":null,"entity_id":"Q3609","candidates":[]}],[{"start":0,"end":10,"url":null,"entity_id":"Q332182","candidates":[]}]],[[{"start":0,"end":18,"url":null,"entity_id":"Q3313914","candidates":[]}],[{"start":0,"end":19,"url":null,"entity_id":"Q3609","candidates":[]}],[{"start":0,"end":13,"url":null,"entity_id":"Q325834","candidates":[]}]],[[{"start":0,"end":18,"url":null,"entity_id":"Q3313913","candidates":[]}],[{"start":0,"end":19,"url":null,"entity_id":"Q3609","candidates":[]}],[{"start":0,"end":13,"url":null,"entity_id":"Q276092","candidates":[]}]],[[{"start":0,"end":19,"url":null,"entity_id":"Q3313916","candidates":[]}],[{"start":0,"end":19,"url":null,"entity_id":"Q3609","candidates":[]}],[{"start":0,"end":12,"url":null,"entity_id":"Q219912","candidates":[]}]],[[{"start":0,"end":18,"url":null,"entity_id":"Q3313915","candidates":[]}],[{"start":0,"end":19,"url":null,"entity_id":"Q3609","candidates":[]}],[{"start":0,"end":12,"url":null,"entity_id":"Q219912","candidates":[]}]],[[{"start":0,"end":19,"url":null,"entity_id":"Q3313908","candidates":[]}],[{"start":0,"end":19,"url":null,"entity_id":"Q3609","candidates":[]}],[{"start":0,"end":15,"url":null,"entity_id":"Q155293","candidates":[]}]],[[{"start":0,"end":18,"url":null,"entity_id":"Q3313909","candidates":[]}],[{"start":0,"end":19,"url":null,"entity_id":"Q3609","candidates":[]}],[{"start":0,"end":12,"url":null,"entity_id":"Q155010","candidates":[]}]],[[{"start":0,"end":18,"url":null,"entity_id":"Q3247593","candidates":[]}],[{"start":0,"end":19,"url":null,"entity_id":"Q3609","candidates":[]}],[{"start":0,"end":18,"url":null,"entity_id":"Q379572","candidates":[]}]],[[{"start":0,"end":21,"url":null,"entity_id":"Q2283877","candidates":[]}],[{"start":0,"end":19,"url":null,"entity_id":"Q3609","candidates":[]}],[{"start":0,"end":17,"url":null,"entity_id":"Q202259","candidates":[]}]],[[{"start":0,"end":19,"url":null,"entity_id":"Q3313907","candidates":[]}],[{"start":0,"end":19,"url":null,"entity_id":"Q3609","candidates":[]}],[{"start":0,"end":15,"url":null,"entity_id":"Q155293","candidates":[]}]],[[{"start":0,"end":21,"url":null,"entity_id":"Q2555793","candidates":[]}],[{"start":0,"end":19,"url":null,"entity_id":"Q3609","candidates":[]}],[{"start":0,"end":12,"url":null,"entity_id":"Q138393","candidates":[]}]],[[{"start":0,"end":20,"url":null,"entity_id":"Q2343021","candidates":[]}],[{"start":0,"end":19,"url":null,"entity_id":"Q3609","candidates":[]}],[{"start":0,"end":12,"url":null,"entity_id":"Q138393","candidates":[]}]],[[{"start":0,"end":21,"url":null,"entity_id":"Q2691396","candidates":[]}],[{"start":0,"end":19,"url":null,"entity_id":"Q3609","candidates":[]}],[{"start":0,"end":10,"url":null,"entity_id":"Q44781","candidates":[]}]],[[{"start":0,"end":20,"url":null,"entity_id":"Q2454400","candidates":[]}],[{"start":0,"end":19,"url":null,"entity_id":"Q3609","candidates":[]}],[{"start":0,"end":10,"url":null,"entity_id":"Q44781","candidates":[]}]],[[{"start":0,"end":20,"url":null,"entity_id":"Q2453924","candidates":[]}],[{"start":0,"end":19,"url":null,"entity_id":"Q3609","candidates":[]}],[{"start":0,"end":10,"url":null,"entity_id":"Q44781","candidates":[]}]],[[{"start":0,"end":20,"url":null,"entity_id":"Q2453887","candidates":[]}],[{"start":0,"end":19,"url":null,"entity_id":"Q3609","candidates":[]}],[{"start":0,"end":10,"url":null,"entity_id":"Q44781","candidates":[]}]],[[{"start":0,"end":21,"url":null,"entity_id":"Q2139475","candidates":[]}],[{"start":0,"end":19,"url":null,"entity_id":"Q3609","candidates":[]}],[{"start":0,"end":10,"url":null,"entity_id":"Q44781","candidates":[]}]]]}