{"version":"1.2","table":{"version":"2","table_id":"G5NRO6RO","columns":[{"index":0,"name":"col0","values":["Russian Air Force","Afghan Air Force","Colombian Air Force","Soviet Air Forces","Spanish Republican Air Force","Royal Lao Air Force","Australian Flying Corps","Islamic Republic of Iran Air Force","Ecuadorian Air Force","Hungarian Air Force","Imperial Russian Air Service","Bolivarian National Military Aviation of Venezuela","Royal Jordanian Air Force","Egyptian Air Force","Lebanese Air Force","Portuguese Air Force","Royal Malaysian Air Force","Royal New Zealand Air Force","Royal Air Force of Oman","Mexican Air Force"]},{"index":1,"name":"col1","values":["1912-08-12","1924-08-22","1921-02-15","1918-01-01","1936-01-01","1955-01-01","1912-01-01","1925-01-01","1920-01-01","1918-01-01","1910-01-01","1946-01-01","1955-09-25","1937-01-01","1949-01-01","1952-01-01","1958-01-01","1923-01-01","1959-01-01","1915-02-05"]},{"index":2,"name":"col2","values":["Russian Aerospace Forces","Afghan Armed Forces","Military Forces of Colombia","Soviet Armed Forces","Spanish Republican Armed Forces","Royal Lao Armed Forces","First Australian Imperial Force","Islamic Republic of Iran Army","Ecuadorian Armed Forces","Hungarian Defence Force","Imperial Russian Army","National Bolivarian Armed Forces of Venezuela","Jordanian Armed Forces","Egyptian Armed Forces","Lebanese Armed Forces","Portuguese Armed Forces","Malaysian Armed Forces","New Zealand Defence Force","Sultan's Armed Forces","Mexican Armed Forces"]}]},"context":{"page_title":null,"page_url":null,"page_entity_id":null,"content_hierarchy":[]},"links":[[[{"start":0,"end":17,"url":null,"entity_id":"Q209833","candidates":[]}],[],[{"start":0,"end":24,"url":null,"entity_id":"Q21042210","candidates":[]}]],[[{"start":0,"end":16,"url":null,"entity_id":"Q1814147","candidates":[]}],[],[{"start":0,"end":19,"url":null,"entity_id":"Q11062919","candidates":[]}]],[[{"start":0,"end":19,"url":null,"entity_id":"Q500407","candidates":[]}],[],[{"start":0,"end":27,"url":null,"entity_id":"Q10990495","candidates":[]}]],[[{"start":0,"end":17,"url":null,"entity_id":"Q921432","candidates":[]}],[],[{"start":0,"end":19,"url":null,"entity_id":"Q7915590","candidates":[]}]],[[{"start":0,"end":28,"url":null,"entity_id":"Q653821","candidates":[]}],[],[{"start":0,"end":31,"url":null,"entity_id":"Q7573282","candidates":[]}]],[[{"start":0,"end":19,"url":null,"entity_id":"Q863938","candidates":[]}],[],[{"start":0,"end":22,"url":null,"entity_id":"Q3851431","candidates":[]}]],[[{"start":0,"end":23,"url":null,"entity_id":"Q781410","candidates":[]}],[],[{"start":0,"end":31,"url":null,"entity_id":"Q2631278","candidates":[]}]],[[{"start":0,"end":34,"url":null,"entity_id":"Q378442","candidates":[]}],[],[{"start":0,"end":29,"url":null,"entity_id":"Q2465096","candidates":[]}]],[[{"start":0,"end":20,"url":null,"entity_id":"Q956632","candidates":[]}],[],[{"start":0,"end":23,"url":null,"entity_id":"Q1472865","candidates":[]}]],[[{"start":0,"end":19,"url":null,"entity_id":"Q1092290","candidates":[]}],[],[{"start":0,"end":23,"url":null,"entity_id":"Q1161970","candidates":[]}]],[[{"start":0,"end":28,"url":null,"entity_id":"Q919160","candidates":[]}],[],[{"start":0,"end":21,"url":null,"entity_id":"Q1078222","candidates":[]}]],[[{"start":0,"end":50,"url":null,"entity_id":"Q723344","candidates":[]}],[],[{"start":0,"end":45,"url":null,"entity_id":"Q1076869","candidates":[]}]],[[{"start":0,"end":25,"url":null,"entity_id":"Q783164","candidates":[]}],[],[{"start":0,"end":22,"url":null,"entity_id":"Q1075753","candidates":[]}]],[[{"start":0,"end":18,"url":null,"entity_id":"Q1351405","candidates":[]}],[],[{"start":0,"end":21,"url":null,"entity_id":"Q1075553","candidates":[]}]],[[{"start":0,"end":18,"url":null,"entity_id":"Q529987","candidates":[]}],[],[{"start":0,"end":21,"url":null,"entity_id":"Q1074908","candidates":[]}]],[[{"start":0,"end":20,"url":null,"entity_id":"Q591136","candidates":[]}],[],[{"start":0,"end":23,"url":null,"entity_id":"Q1074294","candidates":[]}]],[[{"start":0,"end":25,"url":null,"entity_id":"Q224577","candidates":[]}],[],[{"start":0,"end":22,"url":null,"entity_id":"Q1073939","candidates":[]}]],[[{"start":0,"end":27,"url":null,"entity_id":"Q542164","candidates":[]}],[],[{"start":0,"end":25,"url":null,"entity_id":"Q1051650","candidates":[]}]],[[{"start":0,"end":23,"url":null,"entity_id":"Q861031","candidates":[]}],[],[{"start":0,"end":21,"url":null,"entity_id":"Q1048127","candidates":[]}]],[[{"start":0,"end":17,"url":null,"entity_id":"Q1472842","candidates":[]}],[],[{"start":0,"end":20,"url":null,"entity_id":"Q1047699","candidates":[]}]]]}