{"version":"1.2","table":{"version":"2","table_id":"G78IY8AA","columns":[{"index":0,"name":"col0","values":["Bayt ash Shamā‘","Bayt al Ḩajjī","Bayt al Ḩajarī","Bayt al Juraydī","Bayt al Jabarī","Bayt Abū ‘Āţif","Būbān","Bayt Ibn Mahdī","Bahwān","Banī Yūsuf","Banī Yusuf","Banī Yūs","Banī Wahbān","Banī Ya‘far","Banī Wahab","Banī Walīd","Banī Waqīd","Banī Wāqid","Banī Wā'il","Banī Hanī","Banī Haytham","Banī Nawf","Banī Hāt","Banī Nufay‘","Banī Nufay‘","Banī Nashar","Banī Nasr","Banī Nadīb","Banī Mīdī","Banī Nāḩit","Banī Mawhib","Banī Musá","Banī Mahdī","Banī Mahdī"]},{"index":1,"name":"col1","values":["775","642","715","630","669","891","597","507","469","3440","2985","3918","3358","5497","3201","982","480","4568","2168","9119","1177","5807","6745","674","3948","7986","4946","1077","4820","917","4583","1840","4331","1595"]},{"index":2,"name":"col2","values":["712","610","680","623","647","863","535","473","614","3303","3619","3690","3775","5712","2722","864","538","4836","2612","8308","1281","5638","7009","719","4053","7299","4596","979","4367","1010","4444","2122","4263","1465"]},{"index":3,"name":"col3","values":["1430","2231","2282","1579","1764","2366","1889","1526","1732","1328","1404","517","1450","1177","1859","1718","1227","715","1645","696","2075","1952","1368","2288","1445","383","1364","1543","24","1901","1868","769","84","1925"]}]},"context":{"page_title":null,"page_url":null,"page_entity_id":null,"content_hierarchy":[]},"links":[[[{"start":0,"end":15,"url":null,"entity_id":"Q12226419","candidates":[]}],[],[],[]],[[{"start":0,"end":13,"url":null,"entity_id":"Q12226418","candidates":[]}],[],[],[]],[[{"start":0,"end":14,"url":null,"entity_id":"Q12226417","candidates":[]}],[],[],[]],[[{"start":0,"end":15,"url":null,"entity_id":"Q12226416","candidates":[]}],[],[],[]],[[{"start":0,"end":14,"url":null,"entity_id":"Q12226415","candidates":[]}],[],[],[]],[[{"start":0,"end":14,"url":null,"entity_id":"Q12226414","candidates":[]}],[],[],[]],[[{"start":0,"end":5,"url":null,"entity_id":"Q12226413","candidates":[]}],[],[],[]],[[{"start":0,"end":14,"url":null,"entity_id":"Q12226412","candidates":[]}],[],[],[]],[[{"start":0,"end":6,"url":null,"entity_id":"Q12226411","candidates":[]}],[],[],[]],[[{"start":0,"end":10,"url":null,"entity_id":"Q12226407","candidates":[]}],[],[],[]],[[{"start":0,"end":10,"url":null,"entity_id":"Q12226406","candidates":[]}],[],[],[]],[[{"start":0,"end":8,"url":null,"entity_id":"Q12226405","candidates":[]}],[],[],[]],[[{"start":0,"end":11,"url":null,"entity_id":"Q12226403","candidates":[]}],[],[],[]],[[{"start":0,"end":11,"url":null,"entity_id":"Q12226402","candidates":[]}],[],[],[]],[[{"start":0,"end":10,"url":null,"entity_id":"Q12226401","candidates":[]}],[],[],[]],[[{"start":0,"end":10,"url":null,"entity_id":"Q12226400","candidates":[]}],[],[],[]],[[{"start":0,"end":10,"url":null,"entity_id":"Q12226399","candidates":[]}],[],[],[]],[[{"start":0,"end":10,"url":null,"entity_id":"Q12226398","candidates":[]}],[],[],[]],[[{"start":0,"end":10,"url":null,"entity_id":"Q12226396","candidates":[]}],[],[],[]],[[{"start":0,"end":9,"url":null,"entity_id":"Q12226395","candidates":[]}],[],[],[]],[[{"start":0,"end":12,"url":null,"entity_id":"Q12226394","candidates":[]}],[],[],[]],[[{"start":0,"end":9,"url":null,"entity_id":"Q12226392","candidates":[]}],[],[],[]],[[{"start":0,"end":8,"url":null,"entity_id":"Q12226391","candidates":[]}],[],[],[]],[[{"start":0,"end":11,"url":null,"entity_id":"Q12226390","candidates":[]}],[],[],[]],[[{"start":0,"end":11,"url":null,"entity_id":"Q12226389","candidates":[]}],[],[],[]],[[{"start":0,"end":11,"url":null,"entity_id":"Q12226388","candidates":[]}],[],[],[]],[[{"start":0,"end":9,"url":null,"entity_id":"Q12226387","candidates":[]}],[],[],[]],[[{"start":0,"end":10,"url":null,"entity_id":"Q12226386","candidates":[]}],[],[],[]],[[{"start":0,"end":9,"url":null,"entity_id":"Q12226385","candidates":[]}],[],[],[]],[[{"start":0,"end":10,"url":null,"entity_id":"Q12226384","candidates":[]}],[],[],[]],[[{"start":0,"end":11,"url":null,"entity_id":"Q12226383","candidates":[]}],[],[],[]],[[{"start":0,"end":9,"url":null,"entity_id":"Q12226382","candidates":[]}],[],[],[]],[[{"start":0,"end":10,"url":null,"entity_id":"Q12226380","candidates":[]}],[],[],[]],[[{"start":0,"end":10,"url":null,"entity_id":"Q12226379","candidates":[]}],[],[],[]]]}