{"version":"1.2","table":{"version":"2","table_id":"G9A8SJHW","columns":[{"index":0,"name":"col0","values":["IC 3773","IC 3976","IC 4012","IC 4011","IC 4255","IC 4289","IC 4451","IC 4516","IC 4562","IC 4765","IC 4742","IC 4753","IC 4931","IC 4943","PGC 57128","PGC 57068","PGC 57004","PGC 56847","PGC 56780","PGC 56704","PGC 56547","PGC 55551","PGC 54804","PGC 54644","PGC 54526","PGC 54520","PGC 53666","IC 4926","IC 4967","IC 4956","IC 5157","IC 5105","IC 5180","UGC 2717","UGC 2698","UGC 2398","UGC 2261","ESO 246-13","UGC 1914","UGC 1891","UGC 1877","ESO 115-8","ESO 153-18","MCG+06-05-073","UGC 1389","ESO 352-51","ESO 151-26","ESO 294-10","IC 5350","IC 5315","IC 5328","IC 4797","IC 3370","IC 4296","IC 4421","NGC 6160"]},{"index":1,"name":"col1","values":["19.14","99.8","97.72","81.66","137.58","141.13","53.21","205.12","83.72","72.44","57.81","53.66","66.99","33.57","130.62","133.66","130.62","141.25","141.91","139.96","69.6","128.1","184.8","43.85","122.46","61.66","33.27","68.87","57.99","73.9","61.95","76.18","82.81","42.46","109.65","58.65","67.19","73.68","74.34","128.14","139.32","125.5","82.69","65.35","96.77","100.46","105.68","2.03","103.28","60.66","37.15","28.31","26.79","54.9","52.9","111.17"]},{"index":2,"name":"col2","values":["10.928","14.42","14.64","15.05","10.037","10.143","8.992","14.22","9.535","11.36","8.491","10.239","8.662","13.19","11.072","10.69","11.482","11.018","10.073","11.042","10.701","15.27","10.495","10.164","14.17","9.881","9.627","9.461","10.828","8.835","9.118","11.54","9.59","9.966","9.571","10.223","8.733","11.056","10.26","10.103","10.288","10.19","10.086","10.79","9.626","10.876","10.375","15.3","10.692","10.539","11.03","11.27","12.12","12.99","12.4","13.3"]}]},"context":{"page_title":null,"page_url":null,"page_entity_id":null,"content_hierarchy":[]},"links":[[[{"start":0,"end":7,"url":null,"entity_id":"Q3685333","candidates":[]}],[],[]],[[{"start":0,"end":7,"url":null,"entity_id":"Q3684614","candidates":[]}],[],[]],[[{"start":0,"end":7,"url":null,"entity_id":"Q3684488","candidates":[]}],[],[]],[[{"start":0,"end":7,"url":null,"entity_id":"Q3684482","candidates":[]}],[],[]],[[{"start":0,"end":7,"url":null,"entity_id":"Q3683701","candidates":[]}],[],[]],[[{"start":0,"end":7,"url":null,"entity_id":"Q3683104","candidates":[]}],[],[]],[[{"start":0,"end":7,"url":null,"entity_id":"Q3682828","candidates":[]}],[],[]],[[{"start":0,"end":7,"url":null,"entity_id":"Q3682817","candidates":[]}],[],[]],[[{"start":0,"end":7,"url":null,"entity_id":"Q3682476","candidates":[]}],[],[]],[[{"start":0,"end":7,"url":null,"entity_id":"Q3682139","candidates":[]}],[],[]],[[{"start":0,"end":7,"url":null,"entity_id":"Q3682132","candidates":[]}],[],[]],[[{"start":0,"end":7,"url":null,"entity_id":"Q3681829","candidates":[]}],[],[]],[[{"start":0,"end":7,"url":null,"entity_id":"Q3681631","candidates":[]}],[],[]],[[{"start":0,"end":7,"url":null,"entity_id":"Q3681590","candidates":[]}],[],[]],[[{"start":0,"end":9,"url":null,"entity_id":"Q60239856","candidates":[]}],[],[]],[[{"start":0,"end":9,"url":null,"entity_id":"Q60239838","candidates":[]}],[],[]],[[{"start":0,"end":9,"url":null,"entity_id":"Q60239831","candidates":[]}],[],[]],[[{"start":0,"end":9,"url":null,"entity_id":"Q60239800","candidates":[]}],[],[]],[[{"start":0,"end":9,"url":null,"entity_id":"Q60239787","candidates":[]}],[],[]],[[{"start":0,"end":9,"url":null,"entity_id":"Q60239772","candidates":[]}],[],[]],[[{"start":0,"end":9,"url":null,"entity_id":"Q60239738","candidates":[]}],[],[]],[[{"start":0,"end":9,"url":null,"entity_id":"Q60239549","candidates":[]}],[],[]],[[{"start":0,"end":9,"url":null,"entity_id":"Q60239442","candidates":[]}],[],[]],[[{"start":0,"end":9,"url":null,"entity_id":"Q60239422","candidates":[]}],[],[]],[[{"start":0,"end":9,"url":null,"entity_id":"Q60239397","candidates":[]}],[],[]],[[{"start":0,"end":9,"url":null,"entity_id":"Q60239396","candidates":[]}],[],[]],[[{"start":0,"end":9,"url":null,"entity_id":"Q60239254","candidates":[]}],[],[]],[[{"start":0,"end":7,"url":null,"entity_id":"Q3681382","candidates":[]}],[],[]],[[{"start":0,"end":7,"url":null,"entity_id":"Q3681177","candidates":[]}],[],[]],[[{"start":0,"end":7,"url":null,"entity_id":"Q3681055","candidates":[]}],[],[]],[[{"start":0,"end":7,"url":null,"entity_id":"Q3680577","candidates":[]}],[],[]],[[{"start":0,"end":7,"url":null,"entity_id":"Q3680534","candidates":[]}],[],[]],[[{"start":0,"end":7,"url":null,"entity_id":"Q3680346","candidates":[]}],[],[]],[[{"start":0,"end":8,"url":null,"entity_id":"Q60223749","candidates":[]}],[],[]],[[{"start":0,"end":8,"url":null,"entity_id":"Q60223739","candidates":[]}],[],[]],[[{"start":0,"end":8,"url":null,"entity_id":"Q60223611","candidates":[]}],[],[]],[[{"start":0,"end":8,"url":null,"entity_id":"Q60223545","candidates":[]}],[],[]],[[{"start":0,"end":10,"url":null,"entity_id":"Q60223399","candidates":[]}],[],[]],[[{"start":0,"end":8,"url":null,"entity_id":"Q60223388","candidates":[]}],[],[]],[[{"start":0,"end":8,"url":null,"entity_id":"Q60223374","candidates":[]}],[],[]],[[{"start":0,"end":8,"url":null,"entity_id":"Q60223365","candidates":[]}],[],[]],[[{"start":0,"end":9,"url":null,"entity_id":"Q60223343","candidates":[]}],[],[]],[[{"start":0,"end":10,"url":null,"entity_id":"Q60223250","candidates":[]}],[],[]],[[{"start":0,"end":13,"url":null,"entity_id":"Q60223201","candidates":[]}],[],[]],[[{"start":0,"end":8,"url":null,"entity_id":"Q60223176","candidates":[]}],[],[]],[[{"start":0,"end":10,"url":null,"entity_id":"Q60222991","candidates":[]}],[],[]],[[{"start":0,"end":10,"url":null,"entity_id":"Q60222937","candidates":[]}],[],[]],[[{"start":0,"end":10,"url":null,"entity_id":"Q60222740","candidates":[]}],[],[]],[[{"start":0,"end":7,"url":null,"entity_id":"Q3679815","candidates":[]}],[],[]],[[{"start":0,"end":7,"url":null,"entity_id":"Q3679676","candidates":[]}],[],[]],[[{"start":0,"end":7,"url":null,"entity_id":"Q3679619","candidates":[]}],[],[]],[[{"start":0,"end":7,"url":null,"entity_id":"Q3102407","candidates":[]}],[],[]],[[{"start":0,"end":7,"url":null,"entity_id":"Q3102298","candidates":[]}],[],[]],[[{"start":0,"end":7,"url":null,"entity_id":"Q2670966","candidates":[]}],[],[]],[[{"start":0,"end":7,"url":null,"entity_id":"Q2624806","candidates":[]}],[],[]],[[{"start":0,"end":8,"url":null,"entity_id":"Q2086973","candidates":[]}],[],[]]]}