{"version":"1.2","table":{"version":"2","table_id":"G9ROHBQ5","columns":[{"index":0,"name":"col0","values":["Operation Tinombala","Operation Crazy Horse","Operation Distant Plain","Operation Austin IV","Operation Wahiawa","Operation Sunset Beach","Operation Lejeune","Operation Yodel","Battle of al-Qaryatayn","Operation Euphrates Shield","Operation Martyr Yalçın","Operation Mastiff","Operation Fairfax","Operation Benton","Operation Silver City","Operation Khyber-1","Russian military support  in the Syrian Civil War","Aleppo offensive (October–December 2015)","Operation Tigris Shield","Gunnut Operation"]},{"index":1,"name":"col1","values":["2016-01-10","1966-05-16","1966-07-07","1966-05-01","1966-05-16","1966-09-02","1967-04-07","1966-09-13","2016-03-03","2016-08-24","2015-07-24","1966-02-21","1966-11-01","1967-08-13","1966-03-07","2014-10-01","2015-09-30","2015-10-16","2018-03-11","2018-05-20"]},{"index":2,"name":"col2","values":["Poso","Vĩnh Thạnh","Suffield Experimental Station","Phước Long","Hậu Nghĩa","Hậu Nghĩa","Đức Phổ","Chirundu","Al-Qaryatayn","Syria–Turkey border","Syria–Turkey border","Dầu Tiếng","Gia Định","Quảng Tín","Biên Hòa","Khyber Agency","Homs Governorate","Aleppo Governorate","Kurdistan Region","Nakhchivan Autonomous Republic"]}]},"context":{"page_title":null,"page_url":null,"page_entity_id":null,"content_hierarchy":[]},"links":[[[{"start":0,"end":19,"url":null,"entity_id":"Q25245555","candidates":[]}],[],[{"start":0,"end":4,"url":null,"entity_id":"Q12492354","candidates":[]}]],[[{"start":0,"end":21,"url":null,"entity_id":"Q19876986","candidates":[]}],[],[{"start":0,"end":10,"url":null,"entity_id":"Q7932539","candidates":[]}]],[[{"start":0,"end":23,"url":null,"entity_id":"Q29991973","candidates":[]}],[],[{"start":0,"end":29,"url":null,"entity_id":"Q7634509","candidates":[]}]],[[{"start":0,"end":19,"url":null,"entity_id":"Q42886566","candidates":[]}],[],[{"start":0,"end":10,"url":null,"entity_id":"Q7188369","candidates":[]}]],[[{"start":0,"end":17,"url":null,"entity_id":"Q42886513","candidates":[]}],[],[{"start":0,"end":9,"url":null,"entity_id":"Q5965402","candidates":[]}]],[[{"start":0,"end":22,"url":null,"entity_id":"Q42886511","candidates":[]}],[],[{"start":0,"end":9,"url":null,"entity_id":"Q5965402","candidates":[]}]],[[{"start":0,"end":17,"url":null,"entity_id":"Q42886472","candidates":[]}],[],[{"start":0,"end":7,"url":null,"entity_id":"Q5311205","candidates":[]}]],[[{"start":0,"end":15,"url":null,"entity_id":"Q42886468","candidates":[]}],[],[{"start":0,"end":8,"url":null,"entity_id":"Q5102022","candidates":[]}]],[[{"start":0,"end":22,"url":null,"entity_id":"Q23701422","candidates":[]}],[],[{"start":0,"end":12,"url":null,"entity_id":"Q4703079","candidates":[]}]],[[{"start":0,"end":26,"url":null,"entity_id":"Q26690015","candidates":[]}],[],[{"start":0,"end":19,"url":null,"entity_id":"Q3088996","candidates":[]}]],[[{"start":0,"end":23,"url":null,"entity_id":"Q20737097","candidates":[]}],[],[{"start":0,"end":19,"url":null,"entity_id":"Q3088996","candidates":[]}]],[[{"start":0,"end":17,"url":null,"entity_id":"Q42886488","candidates":[]}],[],[{"start":0,"end":9,"url":null,"entity_id":"Q2691808","candidates":[]}]],[[{"start":0,"end":17,"url":null,"entity_id":"Q42886538","candidates":[]}],[],[{"start":0,"end":8,"url":null,"entity_id":"Q2681546","candidates":[]}]],[[{"start":0,"end":16,"url":null,"entity_id":"Q42886529","candidates":[]}],[],[{"start":0,"end":9,"url":null,"entity_id":"Q2538777","candidates":[]}]],[[{"start":0,"end":21,"url":null,"entity_id":"Q42886504","candidates":[]}],[],[{"start":0,"end":8,"url":null,"entity_id":"Q2502014","candidates":[]}]],[[{"start":0,"end":18,"url":null,"entity_id":"Q18711631","candidates":[]}],[],[{"start":0,"end":13,"url":null,"entity_id":"Q2373383","candidates":[]}]],[[{"start":0,"end":49,"url":null,"entity_id":"Q21032720","candidates":[]}],[],[{"start":0,"end":16,"url":null,"entity_id":"Q214094","candidates":[]}]],[[{"start":0,"end":40,"url":null,"entity_id":"Q21190371","candidates":[]}],[],[{"start":0,"end":18,"url":null,"entity_id":"Q214064","candidates":[]}]],[[{"start":0,"end":23,"url":null,"entity_id":"Q54866739","candidates":[]}],[],[{"start":0,"end":16,"url":null,"entity_id":"Q205047","candidates":[]}]],[[{"start":0,"end":16,"url":null,"entity_id":"Q54448834","candidates":[]}],[],[{"start":0,"end":30,"url":null,"entity_id":"Q131083","candidates":[]}]]]}