{"version":"1.2","table":{"version":"2","table_id":"GBM7OQY0","columns":[{"index":0,"name":"col0","values":["Glenfinnan Viaduct","Eleutherna Bridge","Emsbach Bridge","Union Arch Bridge","Trinity Bridge","Nied Railway Bridge","Maximilian Bridge","Marco Polo Bridge","Alcántara Bridge","Roman Bridge of Chaves","Ponte de Rubiães","Ponte delle Guglie","Pons Fabricius","Petit Pont","Almondell Bridge","Jean Street Railway Bridge","Eisenbahnbrücke (Frischborn)","Begna Bridge","Farndon Bridge","Bridge over Žepa river"]},{"index":1,"name":"col1","values":["United Kingdom","Greece","Germany","United States of America","United Kingdom","Germany","Germany","People's Republic of China","Spain","Portugal","Portugal","Italy","Italy","France","United Kingdom","United Kingdom","Germany","Norway","United Kingdom","Bosnia and Herzegovina"]},{"index":2,"name":"col2","values":["Glenfinnan","Eleutherna","Niederselters","Cabin John","Crowland","Nied","Lehel","Fengtai District","Alcántara","Gallaecia","Gallaecia","Cannaregio","Rome","Paris","Uphall","Port Glasgow","Frischborn","Hønefoss","Farndon","Žepa"]}]},"context":{"page_title":null,"page_url":null,"page_entity_id":null,"content_hierarchy":[]},"links":[[[{"start":0,"end":18,"url":null,"entity_id":"Q1155735","candidates":[]}],[{"start":0,"end":14,"url":null,"entity_id":"Q145","candidates":[]}],[{"start":0,"end":10,"url":null,"entity_id":"Q1530983","candidates":[]}]],[[{"start":0,"end":17,"url":null,"entity_id":"Q996135","candidates":[]}],[{"start":0,"end":6,"url":null,"entity_id":"Q41","candidates":[]}],[{"start":0,"end":10,"url":null,"entity_id":"Q1328347","candidates":[]}]],[[{"start":0,"end":14,"url":null,"entity_id":"Q1339649","candidates":[]}],[{"start":0,"end":7,"url":null,"entity_id":"Q183","candidates":[]}],[{"start":0,"end":13,"url":null,"entity_id":"Q870852","candidates":[]}]],[[{"start":0,"end":17,"url":null,"entity_id":"Q973120","candidates":[]}],[{"start":0,"end":24,"url":null,"entity_id":"Q30","candidates":[]}],[{"start":0,"end":10,"url":null,"entity_id":"Q586576","candidates":[]}]],[[{"start":0,"end":14,"url":null,"entity_id":"Q1130043","candidates":[]}],[{"start":0,"end":14,"url":null,"entity_id":"Q145","candidates":[]}],[{"start":0,"end":8,"url":null,"entity_id":"Q581158","candidates":[]}]],[[{"start":0,"end":19,"url":null,"entity_id":"Q1311527","candidates":[]}],[{"start":0,"end":7,"url":null,"entity_id":"Q183","candidates":[]}],[{"start":0,"end":4,"url":null,"entity_id":"Q450758","candidates":[]}]],[[{"start":0,"end":17,"url":null,"entity_id":"Q955838","candidates":[]}],[{"start":0,"end":7,"url":null,"entity_id":"Q183","candidates":[]}],[{"start":0,"end":5,"url":null,"entity_id":"Q445471","candidates":[]}]],[[{"start":0,"end":17,"url":null,"entity_id":"Q1060121","candidates":[]}],[{"start":0,"end":26,"url":null,"entity_id":"Q148","candidates":[]}],[{"start":0,"end":16,"url":null,"entity_id":"Q393831","candidates":[]}]],[[{"start":0,"end":16,"url":null,"entity_id":"Q996197","candidates":[]}],[{"start":0,"end":5,"url":null,"entity_id":"Q29","candidates":[]}],[{"start":0,"end":9,"url":null,"entity_id":"Q389205","candidates":[]}]],[[{"start":0,"end":22,"url":null,"entity_id":"Q1504273","candidates":[]}],[{"start":0,"end":8,"url":null,"entity_id":"Q45","candidates":[]}],[{"start":0,"end":9,"url":null,"entity_id":"Q369692","candidates":[]}]],[[{"start":0,"end":16,"url":null,"entity_id":"Q910908","candidates":[]}],[{"start":0,"end":8,"url":null,"entity_id":"Q45","candidates":[]}],[{"start":0,"end":9,"url":null,"entity_id":"Q369692","candidates":[]}]],[[{"start":0,"end":18,"url":null,"entity_id":"Q1268698","candidates":[]}],[{"start":0,"end":5,"url":null,"entity_id":"Q38","candidates":[]}],[{"start":0,"end":10,"url":null,"entity_id":"Q52423","candidates":[]}]],[[{"start":0,"end":14,"url":null,"entity_id":"Q944688","candidates":[]}],[{"start":0,"end":5,"url":null,"entity_id":"Q38","candidates":[]}],[{"start":0,"end":4,"url":null,"entity_id":"Q220","candidates":[]}]],[[{"start":0,"end":10,"url":null,"entity_id":"Q1323635","candidates":[]}],[{"start":0,"end":6,"url":null,"entity_id":"Q142","candidates":[]}],[{"start":0,"end":5,"url":null,"entity_id":"Q90","candidates":[]}]],[[{"start":0,"end":16,"url":null,"entity_id":"Q15782507","candidates":[]}],[{"start":0,"end":14,"url":null,"entity_id":"Q145","candidates":[]}],[{"start":0,"end":6,"url":null,"entity_id":"Q12125205","candidates":[]}]],[[{"start":0,"end":26,"url":null,"entity_id":"Q15115700","candidates":[]}],[{"start":0,"end":14,"url":null,"entity_id":"Q145","candidates":[]}],[{"start":0,"end":12,"url":null,"entity_id":"Q1786145","candidates":[]}]],[[{"start":0,"end":28,"url":null,"entity_id":"Q14545223","candidates":[]}],[{"start":0,"end":7,"url":null,"entity_id":"Q183","candidates":[]}],[{"start":0,"end":10,"url":null,"entity_id":"Q1464986","candidates":[]}]],[[{"start":0,"end":12,"url":null,"entity_id":"Q11960426","candidates":[]}],[{"start":0,"end":6,"url":null,"entity_id":"Q20","candidates":[]}],[{"start":0,"end":8,"url":null,"entity_id":"Q865925","candidates":[]}]],[[{"start":0,"end":14,"url":null,"entity_id":"Q13528092","candidates":[]}],[{"start":0,"end":14,"url":null,"entity_id":"Q145","candidates":[]}],[{"start":0,"end":7,"url":null,"entity_id":"Q769166","candidates":[]}]],[[{"start":0,"end":22,"url":null,"entity_id":"Q12755750","candidates":[]}],[{"start":0,"end":22,"url":null,"entity_id":"Q225","candidates":[]}],[{"start":0,"end":4,"url":null,"entity_id":"Q393848","candidates":[]}]]]}