{"version":"1.2","table":{"version":"2","table_id":"GBTQ6I6J","columns":[{"index":0,"name":"col0","values":["Tamerlano","Tito Manlio","Alessandro Severo","Brockes Passion","Zenobia","Il trionfo di Clelia","Temistocle","Siroe","Siface re di Numidia","Il Ruggiero","Romolo ed Ersilia","Antigono","Ipermestra","Issipile","L’eroe cinese","Ciro riconosciuto","Achille in Sciro","L'impresario delle Isole Canarie","Adriano in Siria","La clemenza di Tito"]},{"index":1,"name":"col1","values":["Agostino Piovene","Matteo Noris","Apostolo Zeno","Barthold Heinrich Brockes","Pietro Metastasio","Pietro Metastasio","Pietro Metastasio","Pietro Metastasio","Pietro Metastasio","Pietro Metastasio","Pietro Metastasio","Pietro Metastasio","Pietro Metastasio","Pietro Metastasio","Pietro Metastasio","Pietro Metastasio","Pietro Metastasio","Pietro Metastasio","Pietro Metastasio","Pietro Metastasio"]},{"index":2,"name":"col2","values":["1711-01-24","1696-09-20","1716-12-26","1712-01-01","1737-08-28","1762-04-27","1736-11-04","1726-02-02","1723-05-13","1771-10-16","1765-08-06","1743-10-10","1744-01-08","1732-02-07","1752-05-13","1736-08-28","1736-02-13","1724-02-01","1732-11-09","1734-11-04"]}]},"context":{"page_title":null,"page_url":null,"page_entity_id":null,"content_hierarchy":[]},"links":[[[{"start":0,"end":9,"url":null,"entity_id":"Q30137149","candidates":[]}],[{"start":0,"end":16,"url":null,"entity_id":"Q20750793","candidates":[]}],[]],[[{"start":0,"end":11,"url":null,"entity_id":"Q26265437","candidates":[]}],[{"start":0,"end":12,"url":null,"entity_id":"Q3299633","candidates":[]}],[]],[[{"start":0,"end":17,"url":null,"entity_id":"Q26212200","candidates":[]}],[{"start":0,"end":13,"url":null,"entity_id":"Q349507","candidates":[]}],[]],[[{"start":0,"end":15,"url":null,"entity_id":"Q20743756","candidates":[]}],[{"start":0,"end":25,"url":null,"entity_id":"Q67054","candidates":[]}],[]],[[{"start":0,"end":7,"url":null,"entity_id":"Q18762187","candidates":[]}],[{"start":0,"end":17,"url":null,"entity_id":"Q29473","candidates":[]}],[]],[[{"start":0,"end":20,"url":null,"entity_id":"Q18748077","candidates":[]}],[{"start":0,"end":17,"url":null,"entity_id":"Q29473","candidates":[]}],[]],[[{"start":0,"end":10,"url":null,"entity_id":"Q18697456","candidates":[]}],[{"start":0,"end":17,"url":null,"entity_id":"Q29473","candidates":[]}],[]],[[{"start":0,"end":5,"url":null,"entity_id":"Q18689551","candidates":[]}],[{"start":0,"end":17,"url":null,"entity_id":"Q29473","candidates":[]}],[]],[[{"start":0,"end":20,"url":null,"entity_id":"Q18663527","candidates":[]}],[{"start":0,"end":17,"url":null,"entity_id":"Q29473","candidates":[]}],[]],[[{"start":0,"end":11,"url":null,"entity_id":"Q18618645","candidates":[]}],[{"start":0,"end":17,"url":null,"entity_id":"Q29473","candidates":[]}],[]],[[{"start":0,"end":17,"url":null,"entity_id":"Q18603562","candidates":[]}],[{"start":0,"end":17,"url":null,"entity_id":"Q29473","candidates":[]}],[]],[[{"start":0,"end":8,"url":null,"entity_id":"Q18600822","candidates":[]}],[{"start":0,"end":17,"url":null,"entity_id":"Q29473","candidates":[]}],[]],[[{"start":0,"end":10,"url":null,"entity_id":"Q18600820","candidates":[]}],[{"start":0,"end":17,"url":null,"entity_id":"Q29473","candidates":[]}],[]],[[{"start":0,"end":8,"url":null,"entity_id":"Q18563323","candidates":[]}],[{"start":0,"end":17,"url":null,"entity_id":"Q29473","candidates":[]}],[]],[[{"start":0,"end":13,"url":null,"entity_id":"Q18402522","candidates":[]}],[{"start":0,"end":17,"url":null,"entity_id":"Q29473","candidates":[]}],[]],[[{"start":0,"end":17,"url":null,"entity_id":"Q18325000","candidates":[]}],[{"start":0,"end":17,"url":null,"entity_id":"Q29473","candidates":[]}],[]],[[{"start":0,"end":16,"url":null,"entity_id":"Q18280239","candidates":[]}],[{"start":0,"end":17,"url":null,"entity_id":"Q29473","candidates":[]}],[]],[[{"start":0,"end":32,"url":null,"entity_id":"Q16386274","candidates":[]}],[{"start":0,"end":17,"url":null,"entity_id":"Q29473","candidates":[]}],[]],[[{"start":0,"end":16,"url":null,"entity_id":"Q15630110","candidates":[]}],[{"start":0,"end":17,"url":null,"entity_id":"Q29473","candidates":[]}],[]],[[{"start":0,"end":19,"url":null,"entity_id":"Q14331000","candidates":[]}],[{"start":0,"end":17,"url":null,"entity_id":"Q29473","candidates":[]}],[]]]}