{"version":"1.2","table":{"version":"2","table_id":"GD5WIF8F","columns":[{"index":0,"name":"col0","values":["Felgueras","Villazón","Torce","Taja, Teverga","Santullano","Santiago de la Barca","San Vicente","San Justo de las Dórigas","San Esteban de la Dóriga","San Antolín de la Dóriga","Salas","Rozagás","Oceño","Malleza","Mallecina","Llonín","Lavio","Laneo","La Focella","San Andrés de Agues"]},{"index":1,"name":"col1","values":["8.48","17.7","7.51","14.65","4.55","1.52","7.79","2.53","5.66","2.02","6.86","10.86","18.69","23.25","6.21","6.54","25.49","5.16","23.84","35.63"]},{"index":2,"name":"col2","values":["525","200","797","955","184","71","233","80","135","207","240","321","497","374","552","186","492","66","1077","430"]}]},"context":{"page_title":null,"page_url":null,"page_entity_id":null,"content_hierarchy":[]},"links":[[[{"start":0,"end":9,"url":null,"entity_id":"Q8580914","candidates":[]}],[],[]],[[{"start":0,"end":8,"url":null,"entity_id":"Q7930981","candidates":[]}],[],[]],[[{"start":0,"end":5,"url":null,"entity_id":"Q7825520","candidates":[]}],[],[]],[[{"start":0,"end":13,"url":null,"entity_id":"Q7676754","candidates":[]}],[],[]],[[{"start":0,"end":10,"url":null,"entity_id":"Q7420725","candidates":[]}],[],[]],[[{"start":0,"end":20,"url":null,"entity_id":"Q7420388","candidates":[]}],[],[]],[[{"start":0,"end":11,"url":null,"entity_id":"Q7415360","candidates":[]}],[],[]],[[{"start":0,"end":24,"url":null,"entity_id":"Q7414663","candidates":[]}],[],[]],[[{"start":0,"end":24,"url":null,"entity_id":"Q7413814","candidates":[]}],[],[]],[[{"start":0,"end":24,"url":null,"entity_id":"Q7413280","candidates":[]}],[],[]],[[{"start":0,"end":5,"url":null,"entity_id":"Q7403690","candidates":[]}],[],[]],[[{"start":0,"end":7,"url":null,"entity_id":"Q7375309","candidates":[]}],[],[]],[[{"start":0,"end":5,"url":null,"entity_id":"Q7076288","candidates":[]}],[],[]],[[{"start":0,"end":7,"url":null,"entity_id":"Q6744159","candidates":[]}],[],[]],[[{"start":0,"end":9,"url":null,"entity_id":"Q6744105","candidates":[]}],[],[]],[[{"start":0,"end":6,"url":null,"entity_id":"Q6662199","candidates":[]}],[],[]],[[{"start":0,"end":5,"url":null,"entity_id":"Q6502749","candidates":[]}],[],[]],[[{"start":0,"end":5,"url":null,"entity_id":"Q6485497","candidates":[]}],[],[]],[[{"start":0,"end":10,"url":null,"entity_id":"Q6462569","candidates":[]}],[],[]],[[{"start":0,"end":19,"url":null,"entity_id":"Q6118309","candidates":[]}],[],[]]]}