{"version":"1.2","table":{"version":"2","table_id":"GG5MV46O","columns":[{"index":0,"name":"col0","values":["trams jnFlorence","DTrcin","Seattle Strgetcar","Tramlipk","Lille tramwa","Metro Lkgero de Madrid","trams ip Brussels","trams in Jhent","ttams in Antwerp","Tramways i Île-de-France","tramu in Budapest","Istanbul nostalic tram","Trams in Luembourg-City","Chengdu ram","Rio de Janeiro light raim","İzir Tram","Guangzhu Trams","Ittanbul modern tram","Wrams in Beijing","Casabnanca tramway"]},{"index":1,"name":"col1","values":["Italy","Canada","United States of America","United Kingdom","France","Spain","Belgium","Belgium","Belgium","France","Hungary","Turkey","Luxembourg","People's Republic of China","Brazil","Turkey","People's Republic of China","Turkey","People's Republic of China","Morocco"]},{"index":2,"name":"col2","values":["Florence tramway Line 1","Red Line","First Hill Streetcar","Tramlink route 4","Line R","Metro Ligero 1","Brussels tram route 3","Ghent tram line 1","Antwerp tram line 15","Île-de-France tramway Line 1","Tram line 37A","T3","LuxTram T1","Line 2, Chengdu Tram","Line 1","Karşıyaka Tram","Haizhu Tram","T4 (Habibler-Topkapı)","Xijiao line","Line 1"]}]},"context":{"page_title":null,"page_url":null,"page_entity_id":null,"content_hierarchy":[]},"links":[[[{"start":0,"end":16,"url":null,"entity_id":"Q746258","candidates":[]}],[{"start":0,"end":5,"url":null,"entity_id":"Q38","candidates":[]}],[{"start":0,"end":23,"url":null,"entity_id":"Q55693065","candidates":[]}]],[[{"start":0,"end":6,"url":null,"entity_id":"Q1022321","candidates":[]}],[{"start":0,"end":6,"url":null,"entity_id":"Q16","candidates":[]}],[{"start":0,"end":8,"url":null,"entity_id":"Q51898028","candidates":[]}]],[[{"start":0,"end":17,"url":null,"entity_id":"Q763309","candidates":[]}],[{"start":0,"end":24,"url":null,"entity_id":"Q30","candidates":[]}],[{"start":0,"end":20,"url":null,"entity_id":"Q5453077","candidates":[]}]],[[{"start":0,"end":8,"url":null,"entity_id":"Q786032","candidates":[]}],[{"start":0,"end":14,"url":null,"entity_id":"Q145","candidates":[]}],[{"start":0,"end":16,"url":null,"entity_id":"Q3825811","candidates":[]}]],[[{"start":0,"end":12,"url":null,"entity_id":"Q973076","candidates":[]}],[{"start":0,"end":6,"url":null,"entity_id":"Q142","candidates":[]}],[{"start":0,"end":6,"url":null,"entity_id":"Q3239181","candidates":[]}]],[[{"start":0,"end":22,"url":null,"entity_id":"Q939283","candidates":[]}],[{"start":0,"end":5,"url":null,"entity_id":"Q29","candidates":[]}],[{"start":0,"end":14,"url":null,"entity_id":"Q2058921","candidates":[]}]],[[{"start":0,"end":17,"url":null,"entity_id":"Q778680","candidates":[]}],[{"start":0,"end":7,"url":null,"entity_id":"Q31","candidates":[]}],[{"start":0,"end":21,"url":null,"entity_id":"Q1888831","candidates":[]}]],[[{"start":0,"end":14,"url":null,"entity_id":"Q778264","candidates":[]}],[{"start":0,"end":7,"url":null,"entity_id":"Q31","candidates":[]}],[{"start":0,"end":17,"url":null,"entity_id":"Q972127","candidates":[]}]],[[{"start":0,"end":16,"url":null,"entity_id":"Q777867","candidates":[]}],[{"start":0,"end":7,"url":null,"entity_id":"Q31","candidates":[]}],[{"start":0,"end":20,"url":null,"entity_id":"Q959739","candidates":[]}]],[[{"start":0,"end":24,"url":null,"entity_id":"Q1142114","candidates":[]}],[{"start":0,"end":6,"url":null,"entity_id":"Q142","candidates":[]}],[{"start":0,"end":28,"url":null,"entity_id":"Q369969","candidates":[]}]],[[{"start":0,"end":17,"url":null,"entity_id":"Q785837","candidates":[]}],[{"start":0,"end":7,"url":null,"entity_id":"Q28","candidates":[]}],[{"start":0,"end":13,"url":null,"entity_id":"Q287376","candidates":[]}]],[[{"start":0,"end":22,"url":null,"entity_id":"Q6088696","candidates":[]}],[{"start":0,"end":6,"url":null,"entity_id":"Q43","candidates":[]}],[{"start":0,"end":2,"url":null,"entity_id":"Q56221678","candidates":[]}]],[[{"start":0,"end":23,"url":null,"entity_id":"Q33228583","candidates":[]}],[{"start":0,"end":10,"url":null,"entity_id":"Q32","candidates":[]}],[{"start":0,"end":10,"url":null,"entity_id":"Q50319281","candidates":[]}]],[[{"start":0,"end":11,"url":null,"entity_id":"Q30948635","candidates":[]}],[{"start":0,"end":26,"url":null,"entity_id":"Q148","candidates":[]}],[{"start":0,"end":20,"url":null,"entity_id":"Q39111397","candidates":[]}]],[[{"start":0,"end":25,"url":null,"entity_id":"Q10388586","candidates":[]}],[{"start":0,"end":6,"url":null,"entity_id":"Q155","candidates":[]}],[{"start":0,"end":6,"url":null,"entity_id":"Q30926891","candidates":[]}]],[[{"start":0,"end":9,"url":null,"entity_id":"Q42955777","candidates":[]}],[{"start":0,"end":6,"url":null,"entity_id":"Q43","candidates":[]}],[{"start":0,"end":14,"url":null,"entity_id":"Q21523607","candidates":[]}]],[[{"start":0,"end":14,"url":null,"entity_id":"Q11062152","candidates":[]}],[{"start":0,"end":26,"url":null,"entity_id":"Q148","candidates":[]}],[{"start":0,"end":11,"url":null,"entity_id":"Q15906593","candidates":[]}]],[[{"start":0,"end":20,"url":null,"entity_id":"Q6088693","candidates":[]}],[{"start":0,"end":6,"url":null,"entity_id":"Q43","candidates":[]}],[{"start":0,"end":21,"url":null,"entity_id":"Q15507510","candidates":[]}]],[[{"start":0,"end":16,"url":null,"entity_id":"Q4881198","candidates":[]}],[{"start":0,"end":26,"url":null,"entity_id":"Q148","candidates":[]}],[{"start":0,"end":11,"url":null,"entity_id":"Q3400451","candidates":[]}]],[[{"start":0,"end":18,"url":null,"entity_id":"Q1522904","candidates":[]}],[{"start":0,"end":7,"url":null,"entity_id":"Q1028","candidates":[]}],[{"start":0,"end":6,"url":null,"entity_id":"Q59134535","candidates":[]}]]]}