{"version":"1.2","table":{"version":"2","table_id":"GGYOFHE7","columns":[{"index":0,"name":"col0","values":["1964 Preakness Stakes","1963 Preakness Stakes","1962 Preakness Stakes","1961 Preakness Stakes","1960 Preakness Stakes","1959 Preakness Stakes","1958 Preakness Stakes","1957 Preakness Stakes","2013 Black-Eyed Susan Stakes","2010 Black-Eyed Susan Stakes","2012 Black-Eyed Susan Stakes","2011 Black-Eyed Susan Stakes","2006 Black-Eyed Susan Stakes","2009 Black-Eyed Susan Stakes","2008 Black-Eyed Susan Stakes","2007 Black-Eyed Susan Stakes","2005 Black-Eyed Susan Stakes","2017 Melbourne Cup","2010 Preakness Stakes","2009 Preakness Stakes"]},{"index":1,"name":"col1","values":["horse racing","horse racing","horse racing","horse racing","horse racing","horse racing","horse racing","horse racing","horse racing","horse racing","horse racing","horse racing","horse racing","horse racing","horse racing","horse racing","horse racing","horse racing","horse racing","horse racing"]},{"index":2,"name":"col2","values":["1964-01-01","1963-01-01","1962-01-01","1961-01-01","1960-01-01","1959-01-01","1958-01-01","1957-01-01","2013-01-01","2010-01-01","2012-01-01","2011-01-01","2006-01-01","2009-01-01","2008-01-01","2007-01-01","2005-01-01","2017-11-07","2010-01-01","2009-01-01"]}]},"context":{"page_title":null,"page_url":null,"page_entity_id":null,"content_hierarchy":[]},"links":[[[{"start":0,"end":21,"url":null,"entity_id":"Q17015358","candidates":[]}],[{"start":0,"end":12,"url":null,"entity_id":"Q187916","candidates":[]}],[]],[[{"start":0,"end":21,"url":null,"entity_id":"Q17015346","candidates":[]}],[{"start":0,"end":12,"url":null,"entity_id":"Q187916","candidates":[]}],[]],[[{"start":0,"end":21,"url":null,"entity_id":"Q17015333","candidates":[]}],[{"start":0,"end":12,"url":null,"entity_id":"Q187916","candidates":[]}],[]],[[{"start":0,"end":21,"url":null,"entity_id":"Q17015320","candidates":[]}],[{"start":0,"end":12,"url":null,"entity_id":"Q187916","candidates":[]}],[]],[[{"start":0,"end":21,"url":null,"entity_id":"Q17015308","candidates":[]}],[{"start":0,"end":12,"url":null,"entity_id":"Q187916","candidates":[]}],[]],[[{"start":0,"end":21,"url":null,"entity_id":"Q17015298","candidates":[]}],[{"start":0,"end":12,"url":null,"entity_id":"Q187916","candidates":[]}],[]],[[{"start":0,"end":21,"url":null,"entity_id":"Q17015284","candidates":[]}],[{"start":0,"end":12,"url":null,"entity_id":"Q187916","candidates":[]}],[]],[[{"start":0,"end":21,"url":null,"entity_id":"Q17015271","candidates":[]}],[{"start":0,"end":12,"url":null,"entity_id":"Q187916","candidates":[]}],[]],[[{"start":0,"end":28,"url":null,"entity_id":"Q16957848","candidates":[]}],[{"start":0,"end":12,"url":null,"entity_id":"Q187916","candidates":[]}],[]],[[{"start":0,"end":28,"url":null,"entity_id":"Q16957714","candidates":[]}],[{"start":0,"end":12,"url":null,"entity_id":"Q187916","candidates":[]}],[]],[[{"start":0,"end":28,"url":null,"entity_id":"Q16953462","candidates":[]}],[{"start":0,"end":12,"url":null,"entity_id":"Q187916","candidates":[]}],[]],[[{"start":0,"end":28,"url":null,"entity_id":"Q16953132","candidates":[]}],[{"start":0,"end":12,"url":null,"entity_id":"Q187916","candidates":[]}],[]],[[{"start":0,"end":28,"url":null,"entity_id":"Q16951988","candidates":[]}],[{"start":0,"end":12,"url":null,"entity_id":"Q187916","candidates":[]}],[]],[[{"start":0,"end":28,"url":null,"entity_id":"Q16827524","candidates":[]}],[{"start":0,"end":12,"url":null,"entity_id":"Q187916","candidates":[]}],[]],[[{"start":0,"end":28,"url":null,"entity_id":"Q16827520","candidates":[]}],[{"start":0,"end":12,"url":null,"entity_id":"Q187916","candidates":[]}],[]],[[{"start":0,"end":28,"url":null,"entity_id":"Q16827516","candidates":[]}],[{"start":0,"end":12,"url":null,"entity_id":"Q187916","candidates":[]}],[]],[[{"start":0,"end":28,"url":null,"entity_id":"Q16827509","candidates":[]}],[{"start":0,"end":12,"url":null,"entity_id":"Q187916","candidates":[]}],[]],[[{"start":0,"end":18,"url":null,"entity_id":"Q42832208","candidates":[]}],[{"start":0,"end":12,"url":null,"entity_id":"Q187916","candidates":[]}],[]],[[{"start":0,"end":21,"url":null,"entity_id":"Q4618215","candidates":[]}],[{"start":0,"end":12,"url":null,"entity_id":"Q187916","candidates":[]}],[]],[[{"start":0,"end":21,"url":null,"entity_id":"Q4614631","candidates":[]}],[{"start":0,"end":12,"url":null,"entity_id":"Q187916","candidates":[]}],[]]]}