{"version":"1.2","table":{"version":"2","table_id":"GIOJURHA","columns":[{"index":0,"name":"col0","values":["Kopren Waterfall","Belmore Falls","Morans Falls","Howick Falls","Smolare Falls","Huangguoshu Waterfall","Thi Lo Su waterfall","Sai Yok Noi waterfall","Dry Falls","Trummelbach","Namtok Si Dit","Herbert River Falls","Multnomah Falls","La Paz Waterfall","Liffey Falls","Lower Mesa Falls","Purlingbrook Falls","Tolmer Falls","Tully Falls","Milmilgee Falls"]},{"index":1,"name":"col1","values":["Dojkinci","Southern Highlands","South East Queensland","Howick","Belasica","Anshun","Umphang","Sai Yok","Grant County","Lauterbrunnen","Thailand","Far North Queensland","Columbia River Gorge","Alajuela","Midlands","Fremont County","South East Queensland","Litchfield National Park","Far North Queensland","Far North Queensland"]},{"index":2,"name":"col2","values":["1820","572","780","991","630","903.9","604","166","460","1147","681","498","191","37","514","1682","590","102","698","377"]}]},"context":{"page_title":null,"page_url":null,"page_entity_id":null,"content_hierarchy":[]},"links":[[[{"start":0,"end":16,"url":null,"entity_id":"Q16081364","candidates":[]}],[{"start":0,"end":8,"url":null,"entity_id":"Q2734351","candidates":[]}],[]],[[{"start":0,"end":13,"url":null,"entity_id":"Q38406","candidates":[]}],[{"start":0,"end":18,"url":null,"entity_id":"Q3128623","candidates":[]}],[]],[[{"start":0,"end":12,"url":null,"entity_id":"Q38528","candidates":[]}],[{"start":0,"end":21,"url":null,"entity_id":"Q1894392","candidates":[]}],[]],[[{"start":0,"end":12,"url":null,"entity_id":"Q38525","candidates":[]}],[{"start":0,"end":6,"url":null,"entity_id":"Q1503458","candidates":[]}],[]],[[{"start":0,"end":13,"url":null,"entity_id":"Q38445","candidates":[]}],[{"start":0,"end":8,"url":null,"entity_id":"Q587149","candidates":[]}],[]],[[{"start":0,"end":21,"url":null,"entity_id":"Q38432","candidates":[]}],[{"start":0,"end":6,"url":null,"entity_id":"Q486149","candidates":[]}],[]],[[{"start":0,"end":19,"url":null,"entity_id":"Q38225","candidates":[]}],[{"start":0,"end":7,"url":null,"entity_id":"Q476973","candidates":[]}],[]],[[{"start":0,"end":21,"url":null,"entity_id":"Q38284","candidates":[]}],[{"start":0,"end":7,"url":null,"entity_id":"Q476592","candidates":[]}],[]],[[{"start":0,"end":9,"url":null,"entity_id":"Q38402","candidates":[]}],[{"start":0,"end":12,"url":null,"entity_id":"Q281681","candidates":[]}],[]],[[{"start":0,"end":11,"url":null,"entity_id":"Q38141","candidates":[]}],[{"start":0,"end":13,"url":null,"entity_id":"Q64011","candidates":[]}],[]],[[{"start":0,"end":13,"url":null,"entity_id":"Q38205","candidates":[]}],[{"start":0,"end":8,"url":null,"entity_id":"Q869","candidates":[]}],[]],[[{"start":0,"end":19,"url":null,"entity_id":"Q37299","candidates":[]}],[{"start":0,"end":20,"url":null,"entity_id":"Q1396047","candidates":[]}],[]],[[{"start":0,"end":15,"url":null,"entity_id":"Q37319","candidates":[]}],[{"start":0,"end":20,"url":null,"entity_id":"Q1112581","candidates":[]}],[]],[[{"start":0,"end":16,"url":null,"entity_id":"Q37316","candidates":[]}],[{"start":0,"end":8,"url":null,"entity_id":"Q37104","candidates":[]}],[]],[[{"start":0,"end":12,"url":null,"entity_id":"Q6545563","candidates":[]}],[{"start":0,"end":8,"url":null,"entity_id":"Q3312691","candidates":[]}],[]],[[{"start":0,"end":16,"url":null,"entity_id":"Q6693611","candidates":[]}],[{"start":0,"end":14,"url":null,"entity_id":"Q494508","candidates":[]}],[]],[[{"start":0,"end":18,"url":null,"entity_id":"Q37754","candidates":[]}],[{"start":0,"end":21,"url":null,"entity_id":"Q1894392","candidates":[]}],[]],[[{"start":0,"end":12,"url":null,"entity_id":"Q37823","candidates":[]}],[{"start":0,"end":24,"url":null,"entity_id":"Q1568376","candidates":[]}],[]],[[{"start":0,"end":11,"url":null,"entity_id":"Q37790","candidates":[]}],[{"start":0,"end":20,"url":null,"entity_id":"Q1396047","candidates":[]}],[]],[[{"start":0,"end":15,"url":null,"entity_id":"Q37787","candidates":[]}],[{"start":0,"end":20,"url":null,"entity_id":"Q1396047","candidates":[]}],[]]]}