{"version":"1.2","table":{"version":"2","table_id":"GKXS12TY","columns":[{"index":0,"name":"col0","values":["mercury-201","mercury-200","mercury-199","mercury-198","mercury-196","gold-197","platinum-198","platinum-196","platinum-195","platinum-194","platinum-192","iridium-193","iridium-191","osmium-192","osmium-190","osmium-189","osmium-188","osmium-187","rhenium-185","tungsten-184"]},{"index":1,"name":"col1","values":["1.5","0","0.5","0","0","1.5","0","0","0.5","0","0","1.5","1.5","0","0","1.5","0","0.5","2.5","0"]},{"index":2,"name":"col2","values":["-27662.542","-29503.27","-29546.068","-30954.31","-31825.941","-31139.738","-29903.999","-32644.51","-32793.849","-34760.07","-36288.457","-34536.235","-36708.756","-35882.191","-38707.771","-38986.745","-41137.233","-41218.945","-43819.027","-45705.373"]},{"index":3,"name":"col3","values":["80","80","80","80","80","79","78","78","78","78","78","77","77","76","76","76","76","76","75","74"]},{"index":4,"name":"col4","values":["0.1318","0.231","0.1687","0.0997","0.0015","1","0.0736","0.2521","0.3378","0.3286","0.00782","0.627","0.373","0.4078","0.2626","0.1615","0.1324","0.0196","0.374","0.3064"]},{"index":5,"name":"col5","values":["200.970303038","199.968326934","198.968280989","197.966769179","195.965833444","196.966570114","197.967896734","195.964954675","194.964794353","193.962683527","191.961042736","192.962923824","190.960591527","191.961478881","189.958445496","188.958146005","187.955837361","186.95574964","184.952958337","183.95093326"]},{"index":6,"name":"col6","values":["-1","1","-1","1","1","1","1","1","-1","1","1","1","1","1","1","-1","1","-1","1","1"]}]},"context":{"page_title":null,"page_url":null,"page_entity_id":null,"content_hierarchy":[]},"links":[[[{"start":0,"end":11,"url":null,"entity_id":"Q18883237","candidates":[]}],[],[],[],[],[],[]],[[{"start":0,"end":11,"url":null,"entity_id":"Q18883236","candidates":[]}],[],[],[],[],[],[]],[[{"start":0,"end":11,"url":null,"entity_id":"Q18883234","candidates":[]}],[],[],[],[],[],[]],[[{"start":0,"end":11,"url":null,"entity_id":"Q18883233","candidates":[]}],[],[],[],[],[],[]],[[{"start":0,"end":11,"url":null,"entity_id":"Q18883230","candidates":[]}],[],[],[],[],[],[]],[[{"start":0,"end":8,"url":null,"entity_id":"Q18883174","candidates":[]}],[],[],[],[],[],[]],[[{"start":0,"end":12,"url":null,"entity_id":"Q18883105","candidates":[]}],[],[],[],[],[],[]],[[{"start":0,"end":12,"url":null,"entity_id":"Q18883102","candidates":[]}],[],[],[],[],[],[]],[[{"start":0,"end":12,"url":null,"entity_id":"Q18883100","candidates":[]}],[],[],[],[],[],[]],[[{"start":0,"end":12,"url":null,"entity_id":"Q18883099","candidates":[]}],[],[],[],[],[],[]],[[{"start":0,"end":12,"url":null,"entity_id":"Q18883096","candidates":[]}],[],[],[],[],[],[]],[[{"start":0,"end":11,"url":null,"entity_id":"Q18883045","candidates":[]}],[],[],[],[],[],[]],[[{"start":0,"end":11,"url":null,"entity_id":"Q18883039","candidates":[]}],[],[],[],[],[],[]],[[{"start":0,"end":10,"url":null,"entity_id":"Q18882981","candidates":[]}],[],[],[],[],[],[]],[[{"start":0,"end":10,"url":null,"entity_id":"Q18882977","candidates":[]}],[],[],[],[],[],[]],[[{"start":0,"end":10,"url":null,"entity_id":"Q18882975","candidates":[]}],[],[],[],[],[],[]],[[{"start":0,"end":10,"url":null,"entity_id":"Q18882973","candidates":[]}],[],[],[],[],[],[]],[[{"start":0,"end":10,"url":null,"entity_id":"Q18882972","candidates":[]}],[],[],[],[],[],[]],[[{"start":0,"end":11,"url":null,"entity_id":"Q18882926","candidates":[]}],[],[],[],[],[],[]],[[{"start":0,"end":12,"url":null,"entity_id":"Q18882868","candidates":[]}],[],[],[],[],[],[]]]}