{"version":"1.2","table":{"version":"2","table_id":"GQDOPCSN","columns":[{"index":0,"name":"col0","values":["Sadinia","Siclly","Calabrb","Basinicata","Apwlia","Mlise","ampanla","Aeruzzo","Lazio","Xmbria","Mrche","useay","Emilid-Romagna","Miguria","Friuli–Venezia Giuia","Venet","Trentno-South Tyrol","Dosta Valley","Piedmon","Lombard"]},{"index":1,"name":"col1","values":["23901.102","25556.734","15145.7905","9944.63695","19462.628999999997","4406.934","13588.9243","10907.66288","17132.584","8422.176","9713.388","22872.1048","22100.96691","5449.11","7925.1984","18210.627","13511.62191","3292.5889799999995","25325.794","24054.559200000003"]},{"index":2,"name":"col2","values":["1634672.227","5003411.9120000005","1945183.869","561180.393","4065314.4769999995","305502.14","5751654.762","1314993.255","5931993.737999999","873194.85","1537834.08","3766937.41","4472855.431","1545988.08","1215220.0","4950006.686","1069059.172","126922.66","4369475.217999999","10077561.493999999"]}]},"context":{"page_title":null,"page_url":null,"page_entity_id":null,"content_hierarchy":[]},"links":[[[{"start":0,"end":7,"url":null,"entity_id":"Q1462","candidates":[]}],[],[]],[[{"start":0,"end":6,"url":null,"entity_id":"Q1460","candidates":[]}],[],[]],[[{"start":0,"end":7,"url":null,"entity_id":"Q1458","candidates":[]}],[],[]],[[{"start":0,"end":10,"url":null,"entity_id":"Q1452","candidates":[]}],[],[]],[[{"start":0,"end":6,"url":null,"entity_id":"Q1447","candidates":[]}],[],[]],[[{"start":0,"end":5,"url":null,"entity_id":"Q1443","candidates":[]}],[],[]],[[{"start":0,"end":7,"url":null,"entity_id":"Q1438","candidates":[]}],[],[]],[[{"start":0,"end":7,"url":null,"entity_id":"Q1284","candidates":[]}],[],[]],[[{"start":0,"end":5,"url":null,"entity_id":"Q1282","candidates":[]}],[],[]],[[{"start":0,"end":6,"url":null,"entity_id":"Q1280","candidates":[]}],[],[]],[[{"start":0,"end":5,"url":null,"entity_id":"Q1279","candidates":[]}],[],[]],[[{"start":0,"end":5,"url":null,"entity_id":"Q1273","candidates":[]}],[],[]],[[{"start":0,"end":14,"url":null,"entity_id":"Q1263","candidates":[]}],[],[]],[[{"start":0,"end":7,"url":null,"entity_id":"Q1256","candidates":[]}],[],[]],[[{"start":0,"end":20,"url":null,"entity_id":"Q1250","candidates":[]}],[],[]],[[{"start":0,"end":5,"url":null,"entity_id":"Q1243","candidates":[]}],[],[]],[[{"start":0,"end":19,"url":null,"entity_id":"Q1237","candidates":[]}],[],[]],[[{"start":0,"end":12,"url":null,"entity_id":"Q1222","candidates":[]}],[],[]],[[{"start":0,"end":7,"url":null,"entity_id":"Q1216","candidates":[]}],[],[]],[[{"start":0,"end":7,"url":null,"entity_id":"Q1210","candidates":[]}],[],[]]]}