{"version":"1.2","table":{"version":"2","table_id":"GRFGYKWN","columns":[{"index":0,"name":"col0","values":["2019 Grand Prix de Denain","2017 Grand Prix de Denain","1985 Grand Prix de Denain","1983 Grand Prix de Denain","1980 Grand Prix de Denain","1974 Grand Prix de Denain","1973 Grand Prix de Denain","1964 Grand Prix de Denain","1963 Grand Prix de Denain","1962 Grand Prix de Denain","1961 Grand Prix de Denain","1960 Grand Prix de Denain","1959 Grand Prix de Denain","2016 Grand Prix de Denain","2015 Grand Prix de Denain","2014 Grand Prix de Denain","2013 Grand Prix de Denain","Grand Prix de Denain 2007","Grand Prix de Denain 2006","Grand Prix de Denain 2005"]},{"index":1,"name":"col1","values":["45.4","43.642","39.913","38.908","40.227","43.944","40.136","39.619","40.775","39.843","38.59","40.065","37.19","44.457","44.095","42.793","40.395","46.205","43.31","44.312"]},{"index":2,"name":"col2","values":["198","196.4","175","181","187","190","180","170","170","170","160","170","150","199.6","198","197.3","199","199.4","194","199"]}]},"context":{"page_title":null,"page_url":null,"page_entity_id":null,"content_hierarchy":[]},"links":[[[{"start":0,"end":25,"url":null,"entity_id":"Q60456444","candidates":[]}],[],[]],[[{"start":0,"end":25,"url":null,"entity_id":"Q29051814","candidates":[]}],[],[]],[[{"start":0,"end":25,"url":null,"entity_id":"Q21008452","candidates":[]}],[],[]],[[{"start":0,"end":25,"url":null,"entity_id":"Q21008450","candidates":[]}],[],[]],[[{"start":0,"end":25,"url":null,"entity_id":"Q21008447","candidates":[]}],[],[]],[[{"start":0,"end":25,"url":null,"entity_id":"Q21008441","candidates":[]}],[],[]],[[{"start":0,"end":25,"url":null,"entity_id":"Q21008440","candidates":[]}],[],[]],[[{"start":0,"end":25,"url":null,"entity_id":"Q21008431","candidates":[]}],[],[]],[[{"start":0,"end":25,"url":null,"entity_id":"Q21008430","candidates":[]}],[],[]],[[{"start":0,"end":25,"url":null,"entity_id":"Q21008429","candidates":[]}],[],[]],[[{"start":0,"end":25,"url":null,"entity_id":"Q21008428","candidates":[]}],[],[]],[[{"start":0,"end":25,"url":null,"entity_id":"Q21008427","candidates":[]}],[],[]],[[{"start":0,"end":25,"url":null,"entity_id":"Q21008426","candidates":[]}],[],[]],[[{"start":0,"end":25,"url":null,"entity_id":"Q19842424","candidates":[]}],[],[]],[[{"start":0,"end":25,"url":null,"entity_id":"Q19249082","candidates":[]}],[],[]],[[{"start":0,"end":25,"url":null,"entity_id":"Q15999749","candidates":[]}],[],[]],[[{"start":0,"end":25,"url":null,"entity_id":"Q11080986","candidates":[]}],[],[]],[[{"start":0,"end":25,"url":null,"entity_id":"Q3775251","candidates":[]}],[],[]],[[{"start":0,"end":25,"url":null,"entity_id":"Q3775250","candidates":[]}],[],[]],[[{"start":0,"end":25,"url":null,"entity_id":"Q3775249","candidates":[]}],[],[]]]}