{"version":"1.2","table":{"version":"2","table_id":"GT2WO6Q8","columns":[{"index":0,"name":"col0","values":["Oceania Football Confederation","ASEAN Football Federation","Union of Arab Football Associations","CECAFA","FIFA","CONCACAF","Confederation of African Football","International Olympic Committee","Asian Football Confederation","CONMEBOL","Union of European Football Associations","Confederación Panamericana de Billar","World Confederation of Billiards Sports","Caribbean Football Union","Union Mondiale de Billard","Central American Football Union","East Asian Football Federation","Union of North African Football Federations","West African Football Union","Central African Football Federations' Union"]},{"index":1,"name":"col1","values":["1966-11-15","1984-01-01","1974-01-01","1926-01-01","1904-05-21","1961-09-18","1957-02-08","1894-06-23","1954-05-08","1916-07-09","1954-06-15","1954-01-01","1992-01-25","1978-01-01","1959-06-01","1990-01-01","2002-05-28","2005-06-26","1972-01-01","1959-01-01"]},{"index":2,"name":"col2","values":["New Zealand Football","National Football Association of Brunei Darussalam","Libyan Football Federation","Zanzibar Football Association","Union of European Football Associations","United States Soccer Federation","Football Association of Malawi","Olympic Broadcasting Services","Jordan Football Association","Brazilian Football Confederation","The Football Association","Federación Argentina de Aficionados al Billar","World Snooker Federation","Bahamas Football Association","Asian Carom Billiard Confederation","Salvadoran Football Federation","Korea Football Association","Libyan Football Federation","Federação Caboverdiana de Futebol","Fédération Centrafricaine de Football"]}]},"context":{"page_title":null,"page_url":null,"page_entity_id":null,"content_hierarchy":[]},"links":[[[{"start":0,"end":30,"url":null,"entity_id":"Q180344","candidates":[]}],[],[{"start":0,"end":20,"url":null,"entity_id":"Q842596","candidates":[]}]],[[{"start":0,"end":25,"url":null,"entity_id":"Q297590","candidates":[]}],[],[{"start":0,"end":50,"url":null,"entity_id":"Q622172","candidates":[]}]],[[{"start":0,"end":35,"url":null,"entity_id":"Q369329","candidates":[]}],[],[{"start":0,"end":26,"url":null,"entity_id":"Q239089","candidates":[]}]],[[{"start":0,"end":6,"url":null,"entity_id":"Q169333","candidates":[]}],[],[{"start":0,"end":29,"url":null,"entity_id":"Q147088","candidates":[]}]],[[{"start":0,"end":4,"url":null,"entity_id":"Q253414","candidates":[]}],[],[{"start":0,"end":39,"url":null,"entity_id":"Q35572","candidates":[]}]],[[{"start":0,"end":8,"url":null,"entity_id":"Q160549","candidates":[]}],[],[{"start":0,"end":31,"url":null,"entity_id":"Q222131","candidates":[]}]],[[{"start":0,"end":33,"url":null,"entity_id":"Q168360","candidates":[]}],[],[{"start":0,"end":30,"url":null,"entity_id":"Q181740","candidates":[]}]],[[{"start":0,"end":31,"url":null,"entity_id":"Q40970","candidates":[]}],[],[{"start":0,"end":29,"url":null,"entity_id":"Q282595","candidates":[]}]],[[{"start":0,"end":28,"url":null,"entity_id":"Q83276","candidates":[]}],[],[{"start":0,"end":27,"url":null,"entity_id":"Q250720","candidates":[]}]],[[{"start":0,"end":8,"url":null,"entity_id":"Q58733","candidates":[]}],[],[{"start":0,"end":32,"url":null,"entity_id":"Q244754","candidates":[]}]],[[{"start":0,"end":39,"url":null,"entity_id":"Q35572","candidates":[]}],[],[{"start":0,"end":24,"url":null,"entity_id":"Q9500","candidates":[]}]],[[{"start":0,"end":36,"url":null,"entity_id":"Q1124828","candidates":[]}],[],[{"start":0,"end":45,"url":null,"entity_id":"Q75602617","candidates":[]}]],[[{"start":0,"end":39,"url":null,"entity_id":"Q693652","candidates":[]}],[],[{"start":0,"end":24,"url":null,"entity_id":"Q55690492","candidates":[]}]],[[{"start":0,"end":24,"url":null,"entity_id":"Q375033","candidates":[]}],[],[{"start":0,"end":28,"url":null,"entity_id":"Q2606456","candidates":[]}]],[[{"start":0,"end":25,"url":null,"entity_id":"Q847053","candidates":[]}],[],[{"start":0,"end":34,"url":null,"entity_id":"Q727312","candidates":[]}]],[[{"start":0,"end":31,"url":null,"entity_id":"Q633389","candidates":[]}],[],[{"start":0,"end":30,"url":null,"entity_id":"Q547761","candidates":[]}]],[[{"start":0,"end":30,"url":null,"entity_id":"Q846598","candidates":[]}],[],[{"start":0,"end":26,"url":null,"entity_id":"Q495584","candidates":[]}]],[[{"start":0,"end":43,"url":null,"entity_id":"Q427061","candidates":[]}],[],[{"start":0,"end":26,"url":null,"entity_id":"Q239089","candidates":[]}]],[[{"start":0,"end":27,"url":null,"entity_id":"Q1352284","candidates":[]}],[],[{"start":0,"end":33,"url":null,"entity_id":"Q463623","candidates":[]}]],[[{"start":0,"end":43,"url":null,"entity_id":"Q2299353","candidates":[]}],[],[{"start":0,"end":37,"url":null,"entity_id":"Q286496","candidates":[]}]]]}