{"version":"1.2","table":{"version":"2","table_id":"GW4O87KM","columns":[{"index":0,"name":"col0","values":["Saaservispa","Bittva","Bystřice","Gadmerwasser","Biber","Manol river","Langete","Gürbe","Grande Eau","Ripoll","Bobrůvka","Verzasca River","Turtmänna","Dranse de Ferret","Březnice","Branná","Aranyhegyi-patak","Aurach (Rednitz)","Usnarka","Lonza"]},{"index":1,"name":"col1","values":["256","290","267.6","168.85","166.9","150","133","143","132","243","236.9","235.5","110","121","124.9","115.3","120","128.48","86","78"]},{"index":2,"name":"col2","values":["25","45.4","53.9","14","30.6","40","31.1","29","26","39.2","54","30","183","19","24.8","21.6","23","31.77","12","22"]},{"index":3,"name":"col3","values":["1889","121","216","622","393","48","471","512","388","55","472","197","624","977","216","400","107","328","112","629"]}]},"context":{"page_title":null,"page_url":null,"page_entity_id":null,"content_hierarchy":[]},"links":[[[{"start":0,"end":11,"url":null,"entity_id":"Q1239458","candidates":[]}],[],[],[]],[[{"start":0,"end":6,"url":null,"entity_id":"Q879068","candidates":[]}],[],[],[]],[[{"start":0,"end":8,"url":null,"entity_id":"Q603506","candidates":[]}],[],[],[]],[[{"start":0,"end":12,"url":null,"entity_id":"Q1490897","candidates":[]}],[],[],[]],[[{"start":0,"end":5,"url":null,"entity_id":"Q681992","candidates":[]}],[],[],[]],[[{"start":0,"end":11,"url":null,"entity_id":"Q11696494","candidates":[]}],[],[],[]],[[{"start":0,"end":7,"url":null,"entity_id":"Q693806","candidates":[]}],[],[],[]],[[{"start":0,"end":5,"url":null,"entity_id":"Q684789","candidates":[]}],[],[],[]],[[{"start":0,"end":10,"url":null,"entity_id":"Q684668","candidates":[]}],[],[],[]],[[{"start":0,"end":6,"url":null,"entity_id":"Q1765692","candidates":[]}],[],[],[]],[[{"start":0,"end":8,"url":null,"entity_id":"Q888883","candidates":[]}],[],[],[]],[[{"start":0,"end":14,"url":null,"entity_id":"Q601671","candidates":[]}],[],[],[]],[[{"start":0,"end":9,"url":null,"entity_id":"Q3542411","candidates":[]}],[],[],[]],[[{"start":0,"end":16,"url":null,"entity_id":"Q1441542","candidates":[]}],[],[],[]],[[{"start":0,"end":8,"url":null,"entity_id":"Q1022168","candidates":[]}],[],[],[]],[[{"start":0,"end":6,"url":null,"entity_id":"Q898782","candidates":[]}],[],[],[]],[[{"start":0,"end":16,"url":null,"entity_id":"Q775451","candidates":[]}],[],[],[]],[[{"start":0,"end":16,"url":null,"entity_id":"Q774311","candidates":[]}],[],[],[]],[[{"start":0,"end":7,"url":null,"entity_id":"Q3919911","candidates":[]}],[],[],[]],[[{"start":0,"end":5,"url":null,"entity_id":"Q672715","candidates":[]}],[],[],[]]]}