{"version":"1.2","table":{"version":"2","table_id":"GWF6ABLW","columns":[{"index":0,"name":"col0","values":["Sonamukhi community development block","Sitalkuchi community development block","Sitai community development block","Singur community development block","Simlapal community development block","Shyampur I community development block","Shyampur II community development block","Sarenga community development block","Santuri community development block","Sankrail community development block","Sankrail community development block","Sandeshkhali II community development block","Sandeshkhali I community development block","Samserganj community development block","Saltora community development block","Salboni community development block","Salanpur community development block","Sainthia community development block","Sahid Matangini community development block","Sagardighi community development block"]},{"index":1,"name":"col1","values":["66197","72781","50738","64429","56866","61409","56958","36712","34911","85577","40390","62171","63487","159876","63126","64679","48117","70500","45117","138279"]},{"index":2,"name":"col2","values":["0","0","0","19537","0","0","0","0","0","194353","0","0","0","73309","0","0","61697","8411","4879","0"]}]},"context":{"page_title":null,"page_url":null,"page_entity_id":null,"content_hierarchy":[]},"links":[[[{"start":0,"end":37,"url":null,"entity_id":"Q7560785","candidates":[]}],[],[]],[[{"start":0,"end":38,"url":null,"entity_id":"Q7531623","candidates":[]}],[],[]],[[{"start":0,"end":33,"url":null,"entity_id":"Q7531602","candidates":[]}],[],[]],[[{"start":0,"end":34,"url":null,"entity_id":"Q7524284","candidates":[]}],[],[]],[[{"start":0,"end":36,"url":null,"entity_id":"Q7517922","candidates":[]}],[],[]],[[{"start":0,"end":38,"url":null,"entity_id":"Q7505997","candidates":[]}],[],[]],[[{"start":0,"end":39,"url":null,"entity_id":"Q7505995","candidates":[]}],[],[]],[[{"start":0,"end":35,"url":null,"entity_id":"Q7423856","candidates":[]}],[],[]],[[{"start":0,"end":35,"url":null,"entity_id":"Q7420728","candidates":[]}],[],[]],[[{"start":0,"end":36,"url":null,"entity_id":"Q7418747","candidates":[]}],[],[]],[[{"start":0,"end":36,"url":null,"entity_id":"Q7418744","candidates":[]}],[],[]],[[{"start":0,"end":43,"url":null,"entity_id":"Q7416180","candidates":[]}],[],[]],[[{"start":0,"end":42,"url":null,"entity_id":"Q7416179","candidates":[]}],[],[]],[[{"start":0,"end":38,"url":null,"entity_id":"Q7410333","candidates":[]}],[],[]],[[{"start":0,"end":35,"url":null,"entity_id":"Q7406185","candidates":[]}],[],[]],[[{"start":0,"end":35,"url":null,"entity_id":"Q7403749","candidates":[]}],[],[]],[[{"start":0,"end":36,"url":null,"entity_id":"Q7403632","candidates":[]}],[],[]],[[{"start":0,"end":36,"url":null,"entity_id":"Q7402384","candidates":[]}],[],[]],[[{"start":0,"end":43,"url":null,"entity_id":"Q7399631","candidates":[]}],[],[]],[[{"start":0,"end":38,"url":null,"entity_id":"Q7399052","candidates":[]}],[],[]]]}