[
  {
    "version": 1,
    "nodes": [
      {
        "id": "c-2",
        "abs_uri": "http://www.wikidata.org/entity/Q5",
        "rel_uri": "wd:Q5",
        "approximation": false,
        "readable_label": null
      },
      {
        "id": "d:c-2",
        "col_index": 2,
        "label": "Name"
      },
      {
        "id": "c-3",
        "abs_uri": "http://www.wikidata.org/entity/Q6256",
        "rel_uri": "wd:Q6256",
        "approximation": false,
        "readable_label": null
      },
      {
        "id": "d:c-3",
        "col_index": 3,
        "label": "Nationality"
      },
      {
        "id": "c-0",
        "col_index": 0,
        "label": "Rank"
      },
      {
        "id": "c-1",
        "col_index": 1,
        "label": "Heat"
      },
      {
        "id": "d-4",
        "col_index": 4,
        "label": "Time"
      },
      {
        "id": "d-5",
        "col_index": 5,
        "label": "Notes"
      }
    ],
    "edges": [
      {
        "source": "c-2",
        "target": "d:c-2",
        "abs_uri": "http://www.w3.org/2000/01/rdf-schema#label",
        "rel_uri": "rdfs:label",
        "approximation": false,
        "readable_label": null,
        "id": 1
      },
      {
        "source": "c-2",
        "target": "c-3",
        "abs_uri": "http://www.wikidata.org/prop/P27",
        "rel_uri": "p:P27",
        "approximation": false,
        "readable_label": null,
        "id": 2
      },
      {
        "source": "c-3",
        "target": "d:c-3",
        "abs_uri": "http://www.w3.org/2000/01/rdf-schema#label",
        "rel_uri": "rdfs:label",
        "approximation": false,
        "readable_label": null,
        "id": 3
      }
    ]
  }
]