{"version":"1.2","table":{"version":"2","table_id":"ED9TS1EL","columns":[{"index":0,"name":"col0","values":["The Two-Front War","Missing in Action","Stone and Anvil","Dagger of the Mind","Arena","The Trouble with Tribbles","Precipice","Storming Heaven","In Tempest's Wake","Twilight","Trill: Unjoined","Rising Son","The Cry Of The Onlies","The Covenant of the Crown","The Abode of Life","Strangers from the Sky","Star Trek: The Motion Picture","Surprise!","Ni Var","Spock, Messiah!"]},{"index":1,"name":"col1","values":["Star Trek multiverse","Star Trek multiverse","Star Trek multiverse","Star Trek multiverse","Star Trek multiverse","Star Trek multiverse","Star Trek multiverse","Star Trek multiverse","Star Trek multiverse","Star Trek multiverse","Star Trek multiverse","Star Trek multiverse","Star Trek multiverse","Star Trek multiverse","Star Trek multiverse","Star Trek multiverse","Star Trek multiverse","Star Trek multiverse","Star Trek multiverse","Star Trek multiverse"]},{"index":2,"name":"col2","values":["New Frontier","New Frontier","New Frontier","Star Trek","Star Trek","Star Trek","Vanguard","Vanguard","Vanguard","Star Trek: Deep Space Nine – Relaunch","Star Trek: Deep Space Nine – Relaunch","Star Trek: Deep Space Nine – Relaunch","Star Trek","Star Trek","Star Trek","Star Trek","Star Trek","Star Trek","Star Trek","Star Trek"]},{"index":3,"name":"col3","values":["1997-08-01","2006-02-28","2003-10-01","1967-01-01","1968-02-01","1969-04-01","2009-05-01","2012-03-01","2012-10-02","2002-09-01","2005-01-25","2003-01-01","1989-10-01","1981-08-01","1982-04-01","1987-09-01","1979-12-01","1978-01-01","1976-01-01","1976-09-01"]}]},"context":{"page_title":null,"page_url":null,"page_entity_id":null,"content_hierarchy":[]},"links":[[[{"start":0,"end":17,"url":null,"entity_id":"Q54807399","candidates":[]}],[{"start":0,"end":20,"url":null,"entity_id":"Q18043309","candidates":[]}],[{"start":0,"end":12,"url":null,"entity_id":"Q8273161","candidates":[]}],[]],[[{"start":0,"end":17,"url":null,"entity_id":"Q54807379","candidates":[]}],[{"start":0,"end":20,"url":null,"entity_id":"Q18043309","candidates":[]}],[{"start":0,"end":12,"url":null,"entity_id":"Q8273161","candidates":[]}],[]],[[{"start":0,"end":15,"url":null,"entity_id":"Q54807315","candidates":[]}],[{"start":0,"end":20,"url":null,"entity_id":"Q18043309","candidates":[]}],[{"start":0,"end":12,"url":null,"entity_id":"Q8273161","candidates":[]}],[]],[[{"start":0,"end":18,"url":null,"entity_id":"Q54920779","candidates":[]}],[{"start":0,"end":20,"url":null,"entity_id":"Q18043309","candidates":[]}],[{"start":0,"end":9,"url":null,"entity_id":"Q7601033","candidates":[]}],[]],[[{"start":0,"end":5,"url":null,"entity_id":"Q54807323","candidates":[]}],[{"start":0,"end":20,"url":null,"entity_id":"Q18043309","candidates":[]}],[{"start":0,"end":9,"url":null,"entity_id":"Q7601033","candidates":[]}],[]],[[{"start":0,"end":25,"url":null,"entity_id":"Q54807271","candidates":[]}],[{"start":0,"end":20,"url":null,"entity_id":"Q18043309","candidates":[]}],[{"start":0,"end":9,"url":null,"entity_id":"Q7601033","candidates":[]}],[]],[[{"start":0,"end":9,"url":null,"entity_id":"Q54807381","candidates":[]}],[{"start":0,"end":20,"url":null,"entity_id":"Q18043309","candidates":[]}],[{"start":0,"end":8,"url":null,"entity_id":"Q7601025","candidates":[]}],[]],[[{"start":0,"end":15,"url":null,"entity_id":"Q54807329","candidates":[]}],[{"start":0,"end":20,"url":null,"entity_id":"Q18043309","candidates":[]}],[{"start":0,"end":8,"url":null,"entity_id":"Q7601025","candidates":[]}],[]],[[{"start":0,"end":17,"url":null,"entity_id":"Q54807274","candidates":[]}],[{"start":0,"end":20,"url":null,"entity_id":"Q18043309","candidates":[]}],[{"start":0,"end":8,"url":null,"entity_id":"Q7601025","candidates":[]}],[]],[[{"start":0,"end":8,"url":null,"entity_id":"Q54807402","candidates":[]}],[{"start":0,"end":20,"url":null,"entity_id":"Q18043309","candidates":[]}],[{"start":0,"end":37,"url":null,"entity_id":"Q7600972","candidates":[]}],[]],[[{"start":0,"end":15,"url":null,"entity_id":"Q54807357","candidates":[]}],[{"start":0,"end":20,"url":null,"entity_id":"Q18043309","candidates":[]}],[{"start":0,"end":37,"url":null,"entity_id":"Q7600972","candidates":[]}],[]],[[{"start":0,"end":10,"url":null,"entity_id":"Q54807261","candidates":[]}],[{"start":0,"end":20,"url":null,"entity_id":"Q18043309","candidates":[]}],[{"start":0,"end":37,"url":null,"entity_id":"Q7600972","candidates":[]}],[]],[[{"start":0,"end":21,"url":null,"entity_id":"Q7728306","candidates":[]}],[{"start":0,"end":20,"url":null,"entity_id":"Q18043309","candidates":[]}],[{"start":0,"end":9,"url":null,"entity_id":"Q12056086","candidates":[]}],[]],[[{"start":0,"end":25,"url":null,"entity_id":"Q7727879","candidates":[]}],[{"start":0,"end":20,"url":null,"entity_id":"Q18043309","candidates":[]}],[{"start":0,"end":9,"url":null,"entity_id":"Q12056086","candidates":[]}],[]],[[{"start":0,"end":17,"url":null,"entity_id":"Q7712126","candidates":[]}],[{"start":0,"end":20,"url":null,"entity_id":"Q18043309","candidates":[]}],[{"start":0,"end":9,"url":null,"entity_id":"Q12056086","candidates":[]}],[]],[[{"start":0,"end":22,"url":null,"entity_id":"Q7621604","candidates":[]}],[{"start":0,"end":20,"url":null,"entity_id":"Q18043309","candidates":[]}],[{"start":0,"end":9,"url":null,"entity_id":"Q12056086","candidates":[]}],[]],[[{"start":0,"end":29,"url":null,"entity_id":"Q7601010","candidates":[]}],[{"start":0,"end":20,"url":null,"entity_id":"Q18043309","candidates":[]}],[{"start":0,"end":9,"url":null,"entity_id":"Q12056086","candidates":[]}],[]],[[{"start":0,"end":9,"url":null,"entity_id":"Q7601009","candidates":[]}],[{"start":0,"end":20,"url":null,"entity_id":"Q18043309","candidates":[]}],[{"start":0,"end":9,"url":null,"entity_id":"Q12056086","candidates":[]}],[]],[[{"start":0,"end":6,"url":null,"entity_id":"Q7601008","candidates":[]}],[{"start":0,"end":20,"url":null,"entity_id":"Q18043309","candidates":[]}],[{"start":0,"end":9,"url":null,"entity_id":"Q12056086","candidates":[]}],[]],[[{"start":0,"end":15,"url":null,"entity_id":"Q7578765","candidates":[]}],[{"start":0,"end":20,"url":null,"entity_id":"Q18043309","candidates":[]}],[{"start":0,"end":9,"url":null,"entity_id":"Q12056086","candidates":[]}],[]]]}