{"version":"1.2","table":{"version":"2","table_id":"EDOIV744","columns":[{"index":0,"name":"col0","values":["Junín-1 oil field","Ravva oil field","Wafra oil field","Sapinhoá oil field","Upper Zakum oil field","Umm Shaif oil field","Lower Zakum oil field","Rabi Kounga oil field","Adar oilfield","Kuparuk River oil field","Borankol oil field","Dolynsky oil field","Snorre oil field","Bustuchin oil field","Buștenari-Runcu oil field","Boldești-Scăeni oil field","Brădești oil field","Călacea oil field","Abrămuț oil field","Dambořice oil field"]},{"index":1,"name":"col1","values":["Venezuela","India","Kuwait","Brazil","United Arab Emirates","United Arab Emirates","United Arab Emirates","Gabon","South Sudan","United States of America","Kazakhstan","Ukraine","Norway","Romania","Romania","Romania","Romania","Romania","Romania","Czech Republic"]},{"index":2,"name":"col2","values":["Orinoco Belt","Andhra Pradesh","Great Burgan","Santos Basin","Persian Gulf","Persian Gulf","Persian Gulf","Ogooué-Maritime Province","White Nile","Alaska","Mangystau Region","Ivano-Frankivsk Oblast","North Sea","Gorj County","Prahova County","Prahova County","Vâlcea County","Timiș County","Bihor County","Dambořice"]},{"index":3,"name":"col3","values":["PDVSA","Cairn Energy","Chevron Corporation","Repsol","ADNOC","ADNOC","ADNOC","Royal Dutch Shell","PetroDar","ConocoPhillips Alaska","Ascom Group","Ukrnafta","Equinor","OMV Petrom","OMV Petrom","OMV Petrom","OMV Petrom","OMV Petrom","OMV Petrom","Unipetrol"]}]},"context":{"page_title":null,"page_url":null,"page_entity_id":null,"content_hierarchy":[]},"links":[[[{"start":0,"end":17,"url":null,"entity_id":"Q17074413","candidates":[]}],[{"start":0,"end":9,"url":null,"entity_id":"Q717","candidates":[]}],[{"start":0,"end":12,"url":null,"entity_id":"Q2990565","candidates":[]}],[{"start":0,"end":5,"url":null,"entity_id":"Q718194","candidates":[]}]],[[{"start":0,"end":15,"url":null,"entity_id":"Q24950800","candidates":[]}],[{"start":0,"end":5,"url":null,"entity_id":"Q668","candidates":[]}],[{"start":0,"end":14,"url":null,"entity_id":"Q1159","candidates":[]}],[{"start":0,"end":12,"url":null,"entity_id":"Q502309","candidates":[]}]],[[{"start":0,"end":15,"url":null,"entity_id":"Q17071388","candidates":[]}],[{"start":0,"end":6,"url":null,"entity_id":"Q817","candidates":[]}],[{"start":0,"end":12,"url":null,"entity_id":"Q3776119","candidates":[]}],[{"start":0,"end":19,"url":null,"entity_id":"Q319642","candidates":[]}]],[[{"start":0,"end":18,"url":null,"entity_id":"Q17053567","candidates":[]}],[{"start":0,"end":6,"url":null,"entity_id":"Q155","candidates":[]}],[{"start":0,"end":12,"url":null,"entity_id":"Q2060371","candidates":[]}],[{"start":0,"end":6,"url":null,"entity_id":"Q174747","candidates":[]}]],[[{"start":0,"end":21,"url":null,"entity_id":"Q17071152","candidates":[]}],[{"start":0,"end":20,"url":null,"entity_id":"Q878","candidates":[]}],[{"start":0,"end":12,"url":null,"entity_id":"Q34675","candidates":[]}],[{"start":0,"end":5,"url":null,"entity_id":"Q166729","candidates":[]}]],[[{"start":0,"end":19,"url":null,"entity_id":"Q17071086","candidates":[]}],[{"start":0,"end":20,"url":null,"entity_id":"Q878","candidates":[]}],[{"start":0,"end":12,"url":null,"entity_id":"Q34675","candidates":[]}],[{"start":0,"end":5,"url":null,"entity_id":"Q166729","candidates":[]}]],[[{"start":0,"end":21,"url":null,"entity_id":"Q17068129","candidates":[]}],[{"start":0,"end":20,"url":null,"entity_id":"Q878","candidates":[]}],[{"start":0,"end":12,"url":null,"entity_id":"Q34675","candidates":[]}],[{"start":0,"end":5,"url":null,"entity_id":"Q166729","candidates":[]}]],[[{"start":0,"end":21,"url":null,"entity_id":"Q17069684","candidates":[]}],[{"start":0,"end":5,"url":null,"entity_id":"Q1000","candidates":[]}],[{"start":0,"end":24,"url":null,"entity_id":"Q823751","candidates":[]}],[{"start":0,"end":17,"url":null,"entity_id":"Q154950","candidates":[]}]],[[{"start":0,"end":13,"url":null,"entity_id":"Q4057401","candidates":[]}],[{"start":0,"end":11,"url":null,"entity_id":"Q958","candidates":[]}],[{"start":0,"end":10,"url":null,"entity_id":"Q4814791","candidates":[]}],[{"start":0,"end":8,"url":null,"entity_id":"Q7178849","candidates":[]}]],[[{"start":0,"end":23,"url":null,"entity_id":"Q4247407","candidates":[]}],[{"start":0,"end":24,"url":null,"entity_id":"Q30","candidates":[]}],[{"start":0,"end":6,"url":null,"entity_id":"Q797","candidates":[]}],[{"start":0,"end":21,"url":null,"entity_id":"Q5162109","candidates":[]}]],[[{"start":0,"end":18,"url":null,"entity_id":"Q4944296","candidates":[]}],[{"start":0,"end":10,"url":null,"entity_id":"Q232","candidates":[]}],[{"start":0,"end":16,"url":null,"entity_id":"Q238931","candidates":[]}],[{"start":0,"end":11,"url":null,"entity_id":"Q4803999","candidates":[]}]],[[{"start":0,"end":18,"url":null,"entity_id":"Q5289704","candidates":[]}],[{"start":0,"end":7,"url":null,"entity_id":"Q212","candidates":[]}],[{"start":0,"end":22,"url":null,"entity_id":"Q178269","candidates":[]}],[{"start":0,"end":8,"url":null,"entity_id":"Q2447961","candidates":[]}]],[[{"start":0,"end":16,"url":null,"entity_id":"Q4579848","candidates":[]}],[{"start":0,"end":6,"url":null,"entity_id":"Q20","candidates":[]}],[{"start":0,"end":9,"url":null,"entity_id":"Q1693","candidates":[]}],[{"start":0,"end":7,"url":null,"entity_id":"Q1776022","candidates":[]}]],[[{"start":0,"end":19,"url":null,"entity_id":"Q5002217","candidates":[]}],[{"start":0,"end":7,"url":null,"entity_id":"Q218","candidates":[]}],[{"start":0,"end":11,"url":null,"entity_id":"Q190406","candidates":[]}],[{"start":0,"end":10,"url":null,"entity_id":"Q1755034","candidates":[]}]],[[{"start":0,"end":25,"url":null,"entity_id":"Q5003649","candidates":[]}],[{"start":0,"end":7,"url":null,"entity_id":"Q218","candidates":[]}],[{"start":0,"end":14,"url":null,"entity_id":"Q188665","candidates":[]}],[{"start":0,"end":10,"url":null,"entity_id":"Q1755034","candidates":[]}]],[[{"start":0,"end":25,"url":null,"entity_id":"Q4939105","candidates":[]}],[{"start":0,"end":7,"url":null,"entity_id":"Q218","candidates":[]}],[{"start":0,"end":14,"url":null,"entity_id":"Q188665","candidates":[]}],[{"start":0,"end":10,"url":null,"entity_id":"Q1755034","candidates":[]}]],[[{"start":0,"end":18,"url":null,"entity_id":"Q4981957","candidates":[]}],[{"start":0,"end":7,"url":null,"entity_id":"Q218","candidates":[]}],[{"start":0,"end":13,"url":null,"entity_id":"Q186838","candidates":[]}],[{"start":0,"end":10,"url":null,"entity_id":"Q1755034","candidates":[]}]],[[{"start":0,"end":17,"url":null,"entity_id":"Q5202825","candidates":[]}],[{"start":0,"end":7,"url":null,"entity_id":"Q218","candidates":[]}],[{"start":0,"end":12,"url":null,"entity_id":"Q185586","candidates":[]}],[{"start":0,"end":10,"url":null,"entity_id":"Q1755034","candidates":[]}]],[[{"start":0,"end":17,"url":null,"entity_id":"Q4669631","candidates":[]}],[{"start":0,"end":7,"url":null,"entity_id":"Q218","candidates":[]}],[{"start":0,"end":12,"url":null,"entity_id":"Q179588","candidates":[]}],[{"start":0,"end":10,"url":null,"entity_id":"Q1755034","candidates":[]}]],[[{"start":0,"end":19,"url":null,"entity_id":"Q5212099","candidates":[]}],[{"start":0,"end":14,"url":null,"entity_id":"Q213","candidates":[]}],[{"start":0,"end":9,"url":null,"entity_id":"Q1158317","candidates":[]}],[{"start":0,"end":9,"url":null,"entity_id":"Q1593113","candidates":[]}]]]}