{"version":"1.2","table":{"version":"2","table_id":"EIEFPWMO","columns":[{"index":0,"name":"col0","values":["Siege of Breda of 1624–25","Siege of Antwerp","Siege of Nicaea","Siege of Damascus","Siege of Akragas","Battle of Nancy","Siege of Kuwabara","Battle of Firebase Anaconda","Battle of Gergovia","Siege of Haengju","god rest ye gentlemen","Fall of Constantinople","Battle of Alesia","Siege of Vyborg","Siege of Halicarnassus","Siege of Ueda","Battle of Mainz","Battle of Ascalon","Siege of Saguntum","Siege of Seringapatam"]},{"index":1,"name":"col1","values":["1624-08-27","1914-09-28","0727-01-01","1148-07-31","-0405-04-01T00:00:00Z","1476-10-31","1542-01-01","2007-08-08","-0051-01-01T00:00:00Z","1593-03-14","1836-02-23","1453-04-15","-0051-07-01T00:00:00Z","1706-10-11","-0333-01-01T00:00:00Z","1600-01-01","1794-01-01","1099-08-18","-0218-05-01T00:00:00Z","1799-04-05"]},{"index":2,"name":"col2","values":["1624-01-01","1914-01-01","0727-01-01","1148-07-28","-0405-01-01T00:00:00Z","1477-01-14","1542-01-01","2007-08-08","-0051-01-01T00:00:00Z","1593-03-14","1836-03-06","1453-05-29","-0051-09-01T00:00:00Z","1706-01-01","-0333-01-01T00:00:00Z","1600-01-01","1795-10-29","1099-08-24","-0218-01-01T00:00:00Z","1799-01-01"]}]},"context":{"page_title":null,"page_url":null,"page_entity_id":null,"content_hierarchy":[]},"links":[[[{"start":0,"end":25,"url":null,"entity_id":"Q431488","candidates":[]}],[],[]],[[{"start":0,"end":16,"url":null,"entity_id":"Q426099","candidates":[]}],[],[]],[[{"start":0,"end":15,"url":null,"entity_id":"Q398174","candidates":[]}],[],[]],[[{"start":0,"end":17,"url":null,"entity_id":"Q382967","candidates":[]}],[],[]],[[{"start":0,"end":16,"url":null,"entity_id":"Q368257","candidates":[]}],[],[]],[[{"start":0,"end":15,"url":null,"entity_id":"Q316877","candidates":[]}],[],[]],[[{"start":0,"end":17,"url":null,"entity_id":"Q304135","candidates":[]}],[],[]],[[{"start":0,"end":27,"url":null,"entity_id":"Q281145","candidates":[]}],[],[]],[[{"start":0,"end":18,"url":null,"entity_id":"Q280868","candidates":[]}],[],[]],[[{"start":0,"end":16,"url":null,"entity_id":"Q279611","candidates":[]}],[],[]],[[{"start":0,"end":21,"url":null,"entity_id":"Q235344","candidates":[]}],[],[]],[[{"start":0,"end":22,"url":null,"entity_id":"Q160077","candidates":[]}],[],[]],[[{"start":0,"end":16,"url":null,"entity_id":"Q131386","candidates":[]}],[],[]],[[{"start":0,"end":15,"url":null,"entity_id":"Q32559","candidates":[]}],[],[]],[[{"start":0,"end":22,"url":null,"entity_id":"Q28933","candidates":[]}],[],[]],[[{"start":0,"end":13,"url":null,"entity_id":"Q848897","candidates":[]}],[],[]],[[{"start":0,"end":15,"url":null,"entity_id":"Q840250","candidates":[]}],[],[]],[[{"start":0,"end":17,"url":null,"entity_id":"Q827472","candidates":[]}],[],[]],[[{"start":0,"end":17,"url":null,"entity_id":"Q815210","candidates":[]}],[],[]],[[{"start":0,"end":21,"url":null,"entity_id":"Q815204","candidates":[]}],[],[]]]}