{"version":"1.2","table":{"version":"2","table_id":"EIX09OIM","columns":[{"index":0,"name":"col0","values":["Europe Ecology – The Greens","The Greens","Green Party Taiwan","Earth Party","Green Party","Greens of Serbia","Red–Green Alliance","Party of Greens of Ukraine","Federation of the Greens","Latvian Green Party","Green League","Groen","Green Party","Green Party of Switzerland","Green Left","Left-Green Movement","Green Party of Canada","Civil Will-Green Party","Green Party","Lithuanian Peasant and Greens Union"]},{"index":1,"name":"col1","values":["European Green Party","Global Greens","Asia-Pacific Green Network","European People's Party","European Green Party","European Green Party","European Anti-Capitalist Left","European Green Party","Global Greens","European Green Party","Global Greens","European Green Party","European Green Party","Swiss Climate Alliance","European Green Party","Nordic Green Left Alliance","Global Greens","Liberal International","European Green Party","Alliance for Europe of the Nations"]},{"index":2,"name":"col2","values":["David Cormand","Małgorzata Tracz","Wang Hau-yu","José Inácio Faria","Roderic O'Gorman","Ivan Karić","Pernille Skipper","Vitaliy Kononov","Angelo Bonelli","Raimonds Vējonis","Ville Niinistö","Meyrem Almaci","Ondřej Liška","Regula Rytz","G.M. Tamás","Katrín Jakobsdóttir","Elizabeth May","Sanjaasürengiin Oyuun","Isabella Lövin","Ramūnas Karbauskis"]}]},"context":{"page_title":null,"page_url":null,"page_entity_id":null,"content_hierarchy":[]},"links":[[[{"start":0,"end":27,"url":null,"entity_id":"Q613786","candidates":[]}],[{"start":0,"end":20,"url":null,"entity_id":"Q950179","candidates":[]}],[{"start":0,"end":13,"url":null,"entity_id":"Q23058507","candidates":[]}]],[[{"start":0,"end":10,"url":null,"entity_id":"Q199007","candidates":[]}],[{"start":0,"end":13,"url":null,"entity_id":"Q384069","candidates":[]}],[{"start":0,"end":16,"url":null,"entity_id":"Q20873946","candidates":[]}]],[[{"start":0,"end":18,"url":null,"entity_id":"Q713302","candidates":[]}],[{"start":0,"end":26,"url":null,"entity_id":"Q4806270","candidates":[]}],[{"start":0,"end":11,"url":null,"entity_id":"Q18654613","candidates":[]}]],[[{"start":0,"end":11,"url":null,"entity_id":"Q1546030","candidates":[]}],[{"start":0,"end":23,"url":null,"entity_id":"Q208242","candidates":[]}],[{"start":0,"end":17,"url":null,"entity_id":"Q17024746","candidates":[]}]],[[{"start":0,"end":11,"url":null,"entity_id":"Q831015","candidates":[]}],[{"start":0,"end":20,"url":null,"entity_id":"Q950179","candidates":[]}],[{"start":0,"end":16,"url":null,"entity_id":"Q16980123","candidates":[]}]],[[{"start":0,"end":16,"url":null,"entity_id":"Q1294528","candidates":[]}],[{"start":0,"end":20,"url":null,"entity_id":"Q950179","candidates":[]}],[{"start":0,"end":10,"url":null,"entity_id":"Q15733587","candidates":[]}]],[[{"start":0,"end":18,"url":null,"entity_id":"Q25785","candidates":[]}],[{"start":0,"end":29,"url":null,"entity_id":"Q1377231","candidates":[]}],[{"start":0,"end":16,"url":null,"entity_id":"Q12331411","candidates":[]}]],[[{"start":0,"end":26,"url":null,"entity_id":"Q2415479","candidates":[]}],[{"start":0,"end":20,"url":null,"entity_id":"Q950179","candidates":[]}],[{"start":0,"end":15,"url":null,"entity_id":"Q4231087","candidates":[]}]],[[{"start":0,"end":24,"url":null,"entity_id":"Q662502","candidates":[]}],[{"start":0,"end":13,"url":null,"entity_id":"Q384069","candidates":[]}],[{"start":0,"end":14,"url":null,"entity_id":"Q3616895","candidates":[]}]],[[{"start":0,"end":19,"url":null,"entity_id":"Q1135496","candidates":[]}],[{"start":0,"end":20,"url":null,"entity_id":"Q950179","candidates":[]}],[{"start":0,"end":16,"url":null,"entity_id":"Q2416022","candidates":[]}]],[[{"start":0,"end":12,"url":null,"entity_id":"Q196695","candidates":[]}],[{"start":0,"end":13,"url":null,"entity_id":"Q384069","candidates":[]}],[{"start":0,"end":14,"url":null,"entity_id":"Q2366466","candidates":[]}]],[[{"start":0,"end":5,"url":null,"entity_id":"Q513521","candidates":[]}],[{"start":0,"end":20,"url":null,"entity_id":"Q950179","candidates":[]}],[{"start":0,"end":13,"url":null,"entity_id":"Q1820692","candidates":[]}]],[[{"start":0,"end":11,"url":null,"entity_id":"Q631218","candidates":[]}],[{"start":0,"end":20,"url":null,"entity_id":"Q950179","candidates":[]}],[{"start":0,"end":12,"url":null,"entity_id":"Q1399947","candidates":[]}]],[[{"start":0,"end":26,"url":null,"entity_id":"Q659739","candidates":[]}],[{"start":0,"end":22,"url":null,"entity_id":"Q54984676","candidates":[]}],[{"start":0,"end":11,"url":null,"entity_id":"Q1029622","candidates":[]}]],[[{"start":0,"end":10,"url":null,"entity_id":"Q589489","candidates":[]}],[{"start":0,"end":20,"url":null,"entity_id":"Q950179","candidates":[]}],[{"start":0,"end":10,"url":null,"entity_id":"Q830994","candidates":[]}]],[[{"start":0,"end":19,"url":null,"entity_id":"Q1130754","candidates":[]}],[{"start":0,"end":26,"url":null,"entity_id":"Q940628","candidates":[]}],[{"start":0,"end":19,"url":null,"entity_id":"Q467464","candidates":[]}]],[[{"start":0,"end":21,"url":null,"entity_id":"Q691730","candidates":[]}],[{"start":0,"end":13,"url":null,"entity_id":"Q384069","candidates":[]}],[{"start":0,"end":13,"url":null,"entity_id":"Q445620","candidates":[]}]],[[{"start":0,"end":22,"url":null,"entity_id":"Q945843","candidates":[]}],[{"start":0,"end":21,"url":null,"entity_id":"Q212712","candidates":[]}],[{"start":0,"end":21,"url":null,"entity_id":"Q276238","candidates":[]}]],[[{"start":0,"end":11,"url":null,"entity_id":"Q213451","candidates":[]}],[{"start":0,"end":20,"url":null,"entity_id":"Q950179","candidates":[]}],[{"start":0,"end":14,"url":null,"entity_id":"Q241208","candidates":[]}]],[[{"start":0,"end":35,"url":null,"entity_id":"Q285817","candidates":[]}],[{"start":0,"end":34,"url":null,"entity_id":"Q1538908","candidates":[]}],[{"start":0,"end":18,"url":null,"entity_id":"Q145315","candidates":[]}]]]}