{"version":"1.2","table":{"version":"2","table_id":"EJH7GPJP","columns":[{"index":0,"name":"col0","values":["10 Canis Majoris","Alpha Lyncis","HD 107661","R Cassiopeiae","Lambda Andromedae","55 Cygni","Omicron Cassiopeiae","Iota Phoenicis","HD 208095","SV* ZI 175","HD 129954","30 Cygni","5 Lyncis","HD 190918","Delta Cephei","HD 208440","HD 220392","HD 40665","U Sagittarii","61 Cygni A"]},{"index":1,"name":"col1","values":["34","37.15","-35.57","-22.94","6.84","-7.2","-18.7","19.4","-19.4","49.19","19","-26","-4.7","88","-12.33","-41.3","16.3","73.77","19.38","-65.94"]},{"index":2,"name":"col2","values":["1.7924","15.7715","4.1922","5.3417","41.3744","0.8496","4.7046","12.8425","5.0402","0.798","2.3265","5.0579","5.5363","0.5116","3.77","1.2072","7.8463","3.9004","1.4601","285.9459"]},{"index":3,"name":"col3","values":["557.9112","63.4055","238.5382","187.206","24.1695","1453","212.5579","77.8665","198.4048","1253.1328","429.8302","197.7105","180.626","1954.6521","0.244","828.3632","127.4486","256.384","684.8846","3.4972"]},{"index":4,"name":"col4","values":["UCAC3 118-29198","BD+35 1981","UCAC3 132-144861","BD+50 4201","BD+45 4283C","2MASS J20485654+4606288","BD+47 183B","HD 221736","HD 208063","UCAC3 262-30215","HD 129936","31 Cyg B","HD 44647","BD+35 3955","HD 213307","HD 208392","HD 220391","HD 40643","CPD-19 6897","GSC3168-1028"]}]},"context":{"page_title":null,"page_url":null,"page_entity_id":null,"content_hierarchy":[]},"links":[[[{"start":0,"end":16,"url":null,"entity_id":"Q973087","candidates":[]}],[],[],[],[{"start":0,"end":15,"url":null,"entity_id":"Q74971581","candidates":[]}]],[[{"start":0,"end":12,"url":null,"entity_id":"Q253406","candidates":[]}],[],[],[],[{"start":0,"end":10,"url":null,"entity_id":"Q75172683","candidates":[]}]],[[{"start":0,"end":9,"url":null,"entity_id":"Q66613304","candidates":[]}],[],[],[],[{"start":0,"end":16,"url":null,"entity_id":"Q75039431","candidates":[]}]],[[{"start":0,"end":13,"url":null,"entity_id":"Q257904","candidates":[]}],[],[],[],[{"start":0,"end":10,"url":null,"entity_id":"Q74132667","candidates":[]}]],[[{"start":0,"end":17,"url":null,"entity_id":"Q749234","candidates":[]}],[],[],[],[{"start":0,"end":11,"url":null,"entity_id":"Q74001167","candidates":[]}]],[[{"start":0,"end":8,"url":null,"entity_id":"Q4640599","candidates":[]}],[],[],[],[{"start":0,"end":23,"url":null,"entity_id":"Q74337960","candidates":[]}]],[[{"start":0,"end":19,"url":null,"entity_id":"Q3304216","candidates":[]}],[],[],[],[{"start":0,"end":10,"url":null,"entity_id":"Q74057417","candidates":[]}]],[[{"start":0,"end":14,"url":null,"entity_id":"Q3281126","candidates":[]}],[],[],[],[{"start":0,"end":9,"url":null,"entity_id":"Q66485768","candidates":[]}]],[[{"start":0,"end":9,"url":null,"entity_id":"Q6868583","candidates":[]}],[],[],[],[{"start":0,"end":9,"url":null,"entity_id":"Q66485563","candidates":[]}]],[[{"start":0,"end":10,"url":null,"entity_id":"Q74172652","candidates":[]}],[],[],[],[{"start":0,"end":15,"url":null,"entity_id":"Q74178423","candidates":[]}]],[[{"start":0,"end":9,"url":null,"entity_id":"Q10847940","candidates":[]}],[],[],[],[{"start":0,"end":9,"url":null,"entity_id":"Q66639229","candidates":[]}]],[[{"start":0,"end":8,"url":null,"entity_id":"Q4634474","candidates":[]}],[],[],[],[{"start":0,"end":8,"url":null,"entity_id":"Q66481609","candidates":[]}]],[[{"start":0,"end":8,"url":null,"entity_id":"Q10892338","candidates":[]}],[],[],[],[{"start":0,"end":8,"url":null,"entity_id":"Q66652491","candidates":[]}]],[[{"start":0,"end":9,"url":null,"entity_id":"Q66531078","candidates":[]}],[],[],[],[{"start":0,"end":10,"url":null,"entity_id":"Q66531529","candidates":[]}]],[[{"start":0,"end":12,"url":null,"entity_id":"Q13024","candidates":[]}],[],[],[],[{"start":0,"end":9,"url":null,"entity_id":"Q66531076","candidates":[]}]],[[{"start":0,"end":9,"url":null,"entity_id":"Q12067426","candidates":[]}],[],[],[],[{"start":0,"end":9,"url":null,"entity_id":"Q66613535","candidates":[]}]],[[{"start":0,"end":9,"url":null,"entity_id":"Q10849597","candidates":[]}],[],[],[],[{"start":0,"end":9,"url":null,"entity_id":"Q66612644","candidates":[]}]],[[{"start":0,"end":8,"url":null,"entity_id":"Q10850072","candidates":[]}],[],[],[],[{"start":0,"end":8,"url":null,"entity_id":"Q66607572","candidates":[]}]],[[{"start":0,"end":12,"url":null,"entity_id":"Q5645086","candidates":[]}],[],[],[],[{"start":0,"end":11,"url":null,"entity_id":"Q12072209","candidates":[]}]],[[{"start":0,"end":10,"url":null,"entity_id":"Q15868298","candidates":[]}],[],[],[],[{"start":0,"end":12,"url":null,"entity_id":"Q12063652","candidates":[]}]]]}