{"version":"1.2","table":{"version":"2","table_id":"EKJXZPR6","columns":[{"index":0,"name":"col0","values":["Sivaganga District","Thanjavur district","Salem district","Ramanathapuram district","Pudukkottai district","Nilgiris district","Namakkal district","Perambalur district","Nagapattinam district","Madurai district","Krishnagiri district","Karur district","Kanyakumari district","Kanchipuram district","Erode district","Dindigul district","Dharmapuri district","Cuddalore district","Coimbatore district","Chennai district"]},{"index":1,"name":"col1","values":["4189","3396","5219","4129","4651","2549","3429","1750","2715","3497","5143","2896","1684","4393","8209","6058","4498","3645","7469","174"]},{"index":2,"name":"col2","values":["379357","614892","1196494","374499","507800","165747","550470","189400","403442","764822","691851","337449","321636","984870","759082","677941","589134","790633","822138","870456"]}]},"context":{"page_title":null,"page_url":null,"page_entity_id":null,"content_hierarchy":[]},"links":[[[{"start":0,"end":18,"url":null,"entity_id":"Q15195","candidates":[]}],[],[]],[[{"start":0,"end":18,"url":null,"entity_id":"Q15194","candidates":[]}],[],[]],[[{"start":0,"end":14,"url":null,"entity_id":"Q15192","candidates":[]}],[],[]],[[{"start":0,"end":23,"url":null,"entity_id":"Q15191","candidates":[]}],[],[]],[[{"start":0,"end":20,"url":null,"entity_id":"Q15190","candidates":[]}],[],[]],[[{"start":0,"end":17,"url":null,"entity_id":"Q15188","candidates":[]}],[],[]],[[{"start":0,"end":17,"url":null,"entity_id":"Q15187","candidates":[]}],[],[]],[[{"start":0,"end":19,"url":null,"entity_id":"Q15186","candidates":[]}],[],[]],[[{"start":0,"end":21,"url":null,"entity_id":"Q15185","candidates":[]}],[],[]],[[{"start":0,"end":16,"url":null,"entity_id":"Q15184","candidates":[]}],[],[]],[[{"start":0,"end":20,"url":null,"entity_id":"Q15183","candidates":[]}],[],[]],[[{"start":0,"end":14,"url":null,"entity_id":"Q15182","candidates":[]}],[],[]],[[{"start":0,"end":20,"url":null,"entity_id":"Q15158","candidates":[]}],[],[]],[[{"start":0,"end":20,"url":null,"entity_id":"Q15157","candidates":[]}],[],[]],[[{"start":0,"end":14,"url":null,"entity_id":"Q15155","candidates":[]}],[],[]],[[{"start":0,"end":17,"url":null,"entity_id":"Q15154","candidates":[]}],[],[]],[[{"start":0,"end":19,"url":null,"entity_id":"Q15152","candidates":[]}],[],[]],[[{"start":0,"end":18,"url":null,"entity_id":"Q15150","candidates":[]}],[],[]],[[{"start":0,"end":19,"url":null,"entity_id":"Q15136","candidates":[]}],[],[]],[[{"start":0,"end":16,"url":null,"entity_id":"Q15116","candidates":[]}],[],[]]]}