{"version":"1.2","table":{"version":"2","table_id":"ENPPHIXJ","columns":[{"index":0,"name":"col0","values":["Virgin Mary with Baby Jesus sleeping","Detail of Vegetable Ornament","Holy Martyr. The Western Wall, North Side, the Fourth Figure from the Entrance","Pietà","Decorative Panel with Eagles","Bear","Last supper","The Last Supper","Joseph Reveals Himself to His Brothers","Fragment of a wall painting","The Apotheosis of Hercules","Pippo Spano","Blessing Christ","Adoration of the Magi","Nativity and Annunciation to the Shepherds","Altarpiece of the Disciplines","Madonna enthroned with child","Calling of the First Apostles","Camera degli Sposi - 1. Court Scene","Becker's madonna"]},{"index":1,"name":"col1","values":["72","98","216","117","154.6","199.4","247","191","236","290","1850","250","140","222","222","280","186","349","805","90"]},{"index":2,"name":"col2","values":["52","52","75","89","112","112.4","625","265","290","320","1700","154","110","165","165","193","96","570","807","102"]}]},"context":{"page_title":null,"page_url":null,"page_entity_id":null,"content_hierarchy":[]},"links":[[[{"start":0,"end":36,"url":null,"entity_id":"Q22917363","candidates":[]}],[],[]],[[{"start":0,"end":28,"url":null,"entity_id":"Q21725265","candidates":[]}],[],[]],[[{"start":0,"end":78,"url":null,"entity_id":"Q21716781","candidates":[]}],[],[]],[[{"start":0,"end":5,"url":null,"entity_id":"Q21157096","candidates":[]}],[],[]],[[{"start":0,"end":28,"url":null,"entity_id":"Q20200988","candidates":[]}],[],[]],[[{"start":0,"end":4,"url":null,"entity_id":"Q20200982","candidates":[]}],[],[]],[[{"start":0,"end":11,"url":null,"entity_id":"Q19966557","candidates":[]}],[],[]],[[{"start":0,"end":15,"url":null,"entity_id":"Q19645927","candidates":[]}],[],[]],[[{"start":0,"end":38,"url":null,"entity_id":"Q18688358","candidates":[]}],[],[]],[[{"start":0,"end":27,"url":null,"entity_id":"Q18683215","candidates":[]}],[],[]],[[{"start":0,"end":26,"url":null,"entity_id":"Q18683147","candidates":[]}],[],[]],[[{"start":0,"end":11,"url":null,"entity_id":"Q18683107","candidates":[]}],[],[]],[[{"start":0,"end":15,"url":null,"entity_id":"Q18572493","candidates":[]}],[],[]],[[{"start":0,"end":21,"url":null,"entity_id":"Q18572492","candidates":[]}],[],[]],[[{"start":0,"end":42,"url":null,"entity_id":"Q18572491","candidates":[]}],[],[]],[[{"start":0,"end":29,"url":null,"entity_id":"Q16585867","candidates":[]}],[],[]],[[{"start":0,"end":28,"url":null,"entity_id":"Q16574862","candidates":[]}],[],[]],[[{"start":0,"end":29,"url":null,"entity_id":"Q16170348","candidates":[]}],[],[]],[[{"start":0,"end":35,"url":null,"entity_id":"Q15980184","candidates":[]}],[],[]],[[{"start":0,"end":16,"url":null,"entity_id":"Q15974341","candidates":[]}],[],[]]]}