{"version":"1.2","table":{"version":"2","table_id":"ETU4C328","columns":[{"index":0,"name":"col0","values":["Catalan regional election 2015 in Llobera","Catalan regional election 2015 in Garrigoles","Catalan regional election 2015 in Garrigàs","Catalan regional election 2015 in Fortià","Catalan regional election 2015 in Fornells de la Selva","Catalan regional election 2015 in Fontcoberta","Catalan regional election 2015 in Fontanilles","Catalan regional election 2015 in Fontanals de Cerdanya","Catalan regional election 2015 in Foixà","Catalan regional election 2015 in Flaçà","Catalan regional election 2015 in Figueres","Catalan regional election 2015 in Esponellà","Catalan regional election 2015 in Espolla","Catalan regional election 2015 in Espinelves","Catalan regional election 2015 in l'Escala","Catalan regional election 2015 in Das","Catalan regional election 2015 in Darnius","Catalan regional election 2015 in Crespià","Catalan regional election 2015 in Corçà","Catalan regional election 2015 in Cornellà del Terri"]},{"index":1,"name":"col1","values":["146","96","258","412","1675","985","95","315","214","602","18450","283","275","147","4357","137","330","139","801","1449"]},{"index":2,"name":"col2","values":["174","122","328","510","1852","1124","107","371","246","707","26489","329","323","164","5971","164","416","183","958","1706"]},{"index":3,"name":"col3","values":["148","101","260","412","1677","986","96","319","215","605","18537","284","279","150","4366","137","330","139","805","1452"]}]},"context":{"page_title":null,"page_url":null,"page_entity_id":null,"content_hierarchy":[]},"links":[[[{"start":0,"end":41,"url":null,"entity_id":"Q45033430","candidates":[]}],[],[],[]],[[{"start":0,"end":44,"url":null,"entity_id":"Q45033305","candidates":[]}],[],[],[]],[[{"start":0,"end":42,"url":null,"entity_id":"Q45033111","candidates":[]}],[],[],[]],[[{"start":0,"end":40,"url":null,"entity_id":"Q45032922","candidates":[]}],[],[],[]],[[{"start":0,"end":54,"url":null,"entity_id":"Q45032737","candidates":[]}],[],[],[]],[[{"start":0,"end":45,"url":null,"entity_id":"Q45032540","candidates":[]}],[],[],[]],[[{"start":0,"end":45,"url":null,"entity_id":"Q45032357","candidates":[]}],[],[],[]],[[{"start":0,"end":55,"url":null,"entity_id":"Q45032165","candidates":[]}],[],[],[]],[[{"start":0,"end":39,"url":null,"entity_id":"Q45031978","candidates":[]}],[],[],[]],[[{"start":0,"end":39,"url":null,"entity_id":"Q45031815","candidates":[]}],[],[],[]],[[{"start":0,"end":42,"url":null,"entity_id":"Q45031624","candidates":[]}],[],[],[]],[[{"start":0,"end":43,"url":null,"entity_id":"Q45031448","candidates":[]}],[],[],[]],[[{"start":0,"end":41,"url":null,"entity_id":"Q45031266","candidates":[]}],[],[],[]],[[{"start":0,"end":44,"url":null,"entity_id":"Q45031093","candidates":[]}],[],[],[]],[[{"start":0,"end":42,"url":null,"entity_id":"Q45030934","candidates":[]}],[],[],[]],[[{"start":0,"end":37,"url":null,"entity_id":"Q45030778","candidates":[]}],[],[],[]],[[{"start":0,"end":41,"url":null,"entity_id":"Q45030702","candidates":[]}],[],[],[]],[[{"start":0,"end":41,"url":null,"entity_id":"Q45030538","candidates":[]}],[],[],[]],[[{"start":0,"end":39,"url":null,"entity_id":"Q45030372","candidates":[]}],[],[],[]],[[{"start":0,"end":52,"url":null,"entity_id":"Q45030228","candidates":[]}],[],[],[]]]}