{"version":"1.2","table":{"version":"2","table_id":"EXITNDW2","columns":[{"index":0,"name":"col0","values":["Iosco Township","Idun Township","Hubbard Township","Hokah Township","Hill Lake Township","Hinckley Township","Hawley Township","Hangaard Township","Hancock Township","Grey Cloud Island Township","Hamlin Township","Rockville Township","Moose Park Township","Cloverleaf Township","Woodside Township","Belgium Township","Columbus","Pleasant Prairie Township","Woodville Township","Ogema Township"]},{"index":1,"name":"col1","values":["35.7","96.4","36","25.4","89.6","35.8","31.2","22","17.9","3.9","93.5","34.5","36.6","26.9","93.8","36.5","123.506384","36","31.2","48"]},{"index":2,"name":"col2","values":["342","396","433","202","393","320","340","356","285","218","333","335","441","354","438","286","279","344","345","304"]},{"index":3,"name":"col3","values":["598","235","786","545","447","820","459","5","367","307","185","1254","68","70","293","81","3914","273","2273","298"]}]},"context":{"page_title":null,"page_url":null,"page_entity_id":null,"content_hierarchy":[]},"links":[[[{"start":0,"end":14,"url":null,"entity_id":"Q1905803","candidates":[]}],[],[],[]],[[{"start":0,"end":13,"url":null,"entity_id":"Q1905168","candidates":[]}],[],[],[]],[[{"start":0,"end":16,"url":null,"entity_id":"Q1905087","candidates":[]}],[],[],[]],[[{"start":0,"end":14,"url":null,"entity_id":"Q1905015","candidates":[]}],[],[],[]],[[{"start":0,"end":18,"url":null,"entity_id":"Q1904400","candidates":[]}],[],[],[]],[[{"start":0,"end":17,"url":null,"entity_id":"Q1904180","candidates":[]}],[],[],[]],[[{"start":0,"end":15,"url":null,"entity_id":"Q1903688","candidates":[]}],[],[],[]],[[{"start":0,"end":17,"url":null,"entity_id":"Q1902956","candidates":[]}],[],[],[]],[[{"start":0,"end":16,"url":null,"entity_id":"Q1902903","candidates":[]}],[],[],[]],[[{"start":0,"end":26,"url":null,"entity_id":"Q1902784","candidates":[]}],[],[],[]],[[{"start":0,"end":15,"url":null,"entity_id":"Q1902508","candidates":[]}],[],[],[]],[[{"start":0,"end":18,"url":null,"entity_id":"Q7355642","candidates":[]}],[],[],[]],[[{"start":0,"end":19,"url":null,"entity_id":"Q6908637","candidates":[]}],[],[],[]],[[{"start":0,"end":19,"url":null,"entity_id":"Q4224015","candidates":[]}],[],[],[]],[[{"start":0,"end":17,"url":null,"entity_id":"Q4128247","candidates":[]}],[],[],[]],[[{"start":0,"end":16,"url":null,"entity_id":"Q2587282","candidates":[]}],[],[],[]],[[{"start":0,"end":8,"url":null,"entity_id":"Q2463946","candidates":[]}],[],[],[]],[[{"start":0,"end":25,"url":null,"entity_id":"Q2221981","candidates":[]}],[],[],[]],[[{"start":0,"end":18,"url":null,"entity_id":"Q2221599","candidates":[]}],[],[],[]],[[{"start":0,"end":14,"url":null,"entity_id":"Q2221233","candidates":[]}],[],[],[]]]}