{"version":"1.2","table":{"version":"2","table_id":"EXZ2ZWNZ","columns":[{"index":0,"name":"col0","values":["erector spinae muscles","cervix","femur","ischium","pubic bone","triceps surae","ciliary muscle","iliococcygeus muscle","stapedius muscle","incus","genioglossus","hyoglossus","detrusor urinae muscle","malleus","Masseter muscle","iliacus muscle","mesentery","dysmorphism","pubococcygeus muscle","chondroglossus"]},{"index":1,"name":"col1","values":["muscle","neck of organ","bone","zone of hip bone","zone of hip bone","set of superficial muscles of posterior compartment of leg","intraocular muscle","zone of levator ani","muscle of auditory ossicle","auditory ossicle","extrinsic muscle of tongue","extrinsic muscle of tongue","smooth muscle tissue","auditory ossicle","Muscles of mastication","muscle of pelvic girdle","organ component","deformity","zone of levator ani","zone of hyoglossus"]},{"index":2,"name":"col2","values":["back","uterus","human leg","hip bone","hip bone","calf","ciliary body","levator ani","middle ear","middle ear","Tongue muscles","Tongue muscles","urinary bladder","ear","Muscles of mastication","Iliopsoas","serous membrane","medical terminology","levator ani","Tongue muscles"]}]},"context":{"page_title":null,"page_url":null,"page_entity_id":null,"content_hierarchy":[]},"links":[[[{"start":0,"end":22,"url":null,"entity_id":"Q774933","candidates":[]}],[{"start":0,"end":6,"url":null,"entity_id":"Q7365","candidates":[]}],[{"start":0,"end":4,"url":null,"entity_id":"Q133279","candidates":[]}]],[[{"start":0,"end":6,"url":null,"entity_id":"Q666412","candidates":[]}],[{"start":0,"end":13,"url":null,"entity_id":"Q66425236","candidates":[]}],[{"start":0,"end":6,"url":null,"entity_id":"Q9612","candidates":[]}]],[[{"start":0,"end":5,"url":null,"entity_id":"Q176503","candidates":[]}],[{"start":0,"end":4,"url":null,"entity_id":"Q265868","candidates":[]}],[{"start":0,"end":9,"url":null,"entity_id":"Q6027402","candidates":[]}]],[[{"start":0,"end":7,"url":null,"entity_id":"Q531029","candidates":[]}],[{"start":0,"end":16,"url":null,"entity_id":"Q66514143","candidates":[]}],[{"start":0,"end":8,"url":null,"entity_id":"Q3356933","candidates":[]}]],[[{"start":0,"end":10,"url":null,"entity_id":"Q220815","candidates":[]}],[{"start":0,"end":16,"url":null,"entity_id":"Q66514143","candidates":[]}],[{"start":0,"end":8,"url":null,"entity_id":"Q3356933","candidates":[]}]],[[{"start":0,"end":13,"url":null,"entity_id":"Q431282","candidates":[]}],[{"start":0,"end":58,"url":null,"entity_id":"Q66540384","candidates":[]}],[{"start":0,"end":4,"url":null,"entity_id":"Q3216080","candidates":[]}]],[[{"start":0,"end":14,"url":null,"entity_id":"Q239972","candidates":[]}],[{"start":0,"end":18,"url":null,"entity_id":"Q11394398","candidates":[]}],[{"start":0,"end":12,"url":null,"entity_id":"Q1048080","candidates":[]}]],[[{"start":0,"end":20,"url":null,"entity_id":"Q383359","candidates":[]}],[{"start":0,"end":19,"url":null,"entity_id":"Q66510301","candidates":[]}],[{"start":0,"end":11,"url":null,"entity_id":"Q537123","candidates":[]}]],[[{"start":0,"end":16,"url":null,"entity_id":"Q507538","candidates":[]}],[{"start":0,"end":26,"url":null,"entity_id":"Q6940333","candidates":[]}],[{"start":0,"end":10,"url":null,"entity_id":"Q501553","candidates":[]}]],[[{"start":0,"end":5,"url":null,"entity_id":"Q497385","candidates":[]}],[{"start":0,"end":16,"url":null,"entity_id":"Q816052","candidates":[]}],[{"start":0,"end":10,"url":null,"entity_id":"Q501553","candidates":[]}]],[[{"start":0,"end":12,"url":null,"entity_id":"Q580326","candidates":[]}],[{"start":0,"end":26,"url":null,"entity_id":"Q66536677","candidates":[]}],[{"start":0,"end":14,"url":null,"entity_id":"Q230070","candidates":[]}]],[[{"start":0,"end":10,"url":null,"entity_id":"Q247359","candidates":[]}],[{"start":0,"end":26,"url":null,"entity_id":"Q66536677","candidates":[]}],[{"start":0,"end":14,"url":null,"entity_id":"Q230070","candidates":[]}]],[[{"start":0,"end":22,"url":null,"entity_id":"Q568055","candidates":[]}],[{"start":0,"end":20,"url":null,"entity_id":"Q208453","candidates":[]}],[{"start":0,"end":15,"url":null,"entity_id":"Q9382","candidates":[]}]],[[{"start":0,"end":7,"url":null,"entity_id":"Q319636","candidates":[]}],[{"start":0,"end":16,"url":null,"entity_id":"Q816052","candidates":[]}],[{"start":0,"end":3,"url":null,"entity_id":"Q7362","candidates":[]}]],[[{"start":0,"end":15,"url":null,"entity_id":"Q725408","candidates":[]}],[{"start":0,"end":22,"url":null,"entity_id":"Q286978","candidates":[]}],[{"start":0,"end":22,"url":null,"entity_id":"Q286978","candidates":[]}]],[[{"start":0,"end":14,"url":null,"entity_id":"Q1508879","candidates":[]}],[{"start":0,"end":23,"url":null,"entity_id":"Q66526722","candidates":[]}],[{"start":0,"end":9,"url":null,"entity_id":"Q2083654","candidates":[]}]],[[{"start":0,"end":9,"url":null,"entity_id":"Q1135563","candidates":[]}],[{"start":0,"end":15,"url":null,"entity_id":"Q62122079","candidates":[]}],[{"start":0,"end":15,"url":null,"entity_id":"Q1364005","candidates":[]}]],[[{"start":0,"end":11,"url":null,"entity_id":"Q1269290","candidates":[]}],[{"start":0,"end":9,"url":null,"entity_id":"Q1182746","candidates":[]}],[{"start":0,"end":19,"url":null,"entity_id":"Q1192539","candidates":[]}]],[[{"start":0,"end":20,"url":null,"entity_id":"Q1084757","candidates":[]}],[{"start":0,"end":19,"url":null,"entity_id":"Q66510301","candidates":[]}],[{"start":0,"end":11,"url":null,"entity_id":"Q537123","candidates":[]}]],[[{"start":0,"end":14,"url":null,"entity_id":"Q1180005","candidates":[]}],[{"start":0,"end":18,"url":null,"entity_id":"Q66536696","candidates":[]}],[{"start":0,"end":14,"url":null,"entity_id":"Q230070","candidates":[]}]]]}