{"version":"1.2","table":{"version":"2","table_id":"F0ENU568","columns":[{"index":0,"name":"col0","values":["Washingto County","Scqtt County","Mgnifee County","Mason Counuy","Lincoln Couoty","rant County","Cumberland\"County","Boone Count|","BathCounty","Allen Couny","Pike Cunty","Pendleton Founty","Owen Count","Ohio Coxnty","Nicholas Counwy","Ouhlenberg County","Morgan Couty","Montgomery Count","Metcalfe Conty","Nercer County"]},{"index":1,"name":"col1","values":["1.2935","1.3","1.1088","2.5766","0.707","1.1066","1.7946","3.9194999999999993","1.8","2.1147","0.2016","1.6932","0.8973","1.4955","0.8039999999999999","2.6026","0.6979","0.7006999999999999","0.5005","1.8017999999999998"]},{"index":2,"name":"col2","values":["George Washington","Charles Scott","Richard Menefee","George Mason","Benjamin Lincoln","John Grant","Cumberland River","Daniel Boone","spring","John Allen","Zebulon Pike","Edmund Pendleton","Abraham Owen","Ohio River","George Nicholas","Peter Muhlenberg","Daniel Morgan","Richard Montgomery","Thomas Metcalfe","Hugh Mercer"]},{"index":3,"name":"col3","values":["Springfield","Georgetown","Frenchburg","Maysville","Stanford","Williamstown","Burkesville","Burlington","Owingsville","Scottsville","Pikeville","Falmouth","Owenton","Hartford","Carlisle","Greenville","West Liberty","Mount Sterling","Edmonton","Harrodsburg"]},{"index":4,"name":"col4","values":["National Register of Historic Places listings in Washington County, Kentucky","National Register of Historic Places listings in Scott County, Kentucky","National Register of Historic Places listings in Menifee County, Kentucky","National Register of Historic Places listings in Mason County, Kentucky","National Register of Historic Places listings in Lincoln County, Kentucky","National Register of Historic Places listings in Grant County, Kentucky","National Register of Historic Places listings in Cumberland County, Kentucky","National Register of Historic Places listings in Boone County, Kentucky","National Register of Historic Places listings in Bath County, Kentucky","National Register of Historic Places listings in Allen County, Kentucky","National Register of Historic Places listings in Pike County, Kentucky","National Register of Historic Places listings in Pendleton County, Kentucky","National Register of Historic Places listings in Owen County, Kentucky","National Register of Historic Places listings in Ohio County, Kentucky","National Register of Historic Places listings in Nicholas County, Kentucky","National Register of Historic Places listings in Muhlenberg County, Kentucky","National Register of Historic Places listings in Morgan County, Kentucky","National Register of Historic Places listings in Montgomery County, Kentucky","National Register of Historic Places listings in Metcalfe County, Kentucky","National Register of Historic Places listings in Mercer County, Kentucky"]},{"index":5,"name":"col5","values":["Kentucky","Kentucky","Kentucky","Kentucky","Kentucky","Kentucky","Kentucky","Kentucky","Kentucky","Kentucky","Kentucky","Kentucky","Kentucky","Kentucky","Kentucky","Kentucky","Kentucky","Kentucky","Kentucky","Kentucky"]}]},"context":{"page_title":null,"page_url":null,"page_entity_id":null,"content_hierarchy":[]},"links":[[[{"start":0,"end":16,"url":null,"entity_id":"Q502929","candidates":[]}],[],[{"start":0,"end":17,"url":null,"entity_id":"Q23","candidates":[]}],[{"start":0,"end":11,"url":null,"entity_id":"Q986180","candidates":[]}],[{"start":0,"end":76,"url":null,"entity_id":"Q12063479","candidates":[]}],[{"start":0,"end":8,"url":null,"entity_id":"Q1603","candidates":[]}]],[[{"start":0,"end":12,"url":null,"entity_id":"Q498028","candidates":[]}],[],[{"start":0,"end":13,"url":null,"entity_id":"Q735235","candidates":[]}],[{"start":0,"end":10,"url":null,"entity_id":"Q877247","candidates":[]}],[{"start":0,"end":71,"url":null,"entity_id":"Q12063343","candidates":[]}],[{"start":0,"end":8,"url":null,"entity_id":"Q1603","candidates":[]}]],[[{"start":0,"end":14,"url":null,"entity_id":"Q498123","candidates":[]}],[],[{"start":0,"end":15,"url":null,"entity_id":"Q2150206","candidates":[]}],[{"start":0,"end":10,"url":null,"entity_id":"Q1999789","candidates":[]}],[{"start":0,"end":73,"url":null,"entity_id":"Q12063095","candidates":[]}],[{"start":0,"end":8,"url":null,"entity_id":"Q1603","candidates":[]}]],[[{"start":0,"end":12,"url":null,"entity_id":"Q491112","candidates":[]}],[],[{"start":0,"end":12,"url":null,"entity_id":"Q532329","candidates":[]}],[{"start":0,"end":9,"url":null,"entity_id":"Q478393","candidates":[]}],[{"start":0,"end":71,"url":null,"entity_id":"Q12063056","candidates":[]}],[{"start":0,"end":8,"url":null,"entity_id":"Q1603","candidates":[]}]],[[{"start":0,"end":14,"url":null,"entity_id":"Q498066","candidates":[]}],[],[{"start":0,"end":16,"url":null,"entity_id":"Q817605","candidates":[]}],[{"start":0,"end":8,"url":null,"entity_id":"Q951131","candidates":[]}],[{"start":0,"end":73,"url":null,"entity_id":"Q12062979","candidates":[]}],[{"start":0,"end":8,"url":null,"entity_id":"Q1603","candidates":[]}]],[[{"start":0,"end":11,"url":null,"entity_id":"Q491959","candidates":[]}],[],[{"start":0,"end":10,"url":null,"entity_id":"Q85410735","candidates":[]}],[{"start":0,"end":12,"url":null,"entity_id":"Q2306982","candidates":[]}],[{"start":0,"end":71,"url":null,"entity_id":"Q12062765","candidates":[]}],[{"start":0,"end":8,"url":null,"entity_id":"Q1603","candidates":[]}]],[[{"start":0,"end":17,"url":null,"entity_id":"Q175756","candidates":[]}],[],[{"start":0,"end":16,"url":null,"entity_id":"Q1143718","candidates":[]}],[{"start":0,"end":11,"url":null,"entity_id":"Q2928518","candidates":[]}],[{"start":0,"end":76,"url":null,"entity_id":"Q12062639","candidates":[]}],[{"start":0,"end":8,"url":null,"entity_id":"Q1603","candidates":[]}]],[[{"start":0,"end":12,"url":null,"entity_id":"Q113185","candidates":[]}],[],[{"start":0,"end":12,"url":null,"entity_id":"Q316661","candidates":[]}],[{"start":0,"end":10,"url":null,"entity_id":"Q1016628","candidates":[]}],[{"start":0,"end":71,"url":null,"entity_id":"Q12062487","candidates":[]}],[{"start":0,"end":8,"url":null,"entity_id":"Q1603","candidates":[]}]],[[{"start":0,"end":10,"url":null,"entity_id":"Q486060","candidates":[]}],[],[{"start":0,"end":6,"url":null,"entity_id":"Q124714","candidates":[]}],[{"start":0,"end":11,"url":null,"entity_id":"Q2789943","candidates":[]}],[{"start":0,"end":70,"url":null,"entity_id":"Q12062475","candidates":[]}],[{"start":0,"end":8,"url":null,"entity_id":"Q1603","candidates":[]}]],[[{"start":0,"end":11,"url":null,"entity_id":"Q486067","candidates":[]}],[],[{"start":0,"end":10,"url":null,"entity_id":"Q6218759","candidates":[]}],[{"start":0,"end":11,"url":null,"entity_id":"Q765866","candidates":[]}],[{"start":0,"end":71,"url":null,"entity_id":"Q12062439","candidates":[]}],[{"start":0,"end":8,"url":null,"entity_id":"Q1603","candidates":[]}]],[[{"start":0,"end":10,"url":null,"entity_id":"Q496729","candidates":[]}],[],[{"start":0,"end":12,"url":null,"entity_id":"Q169549","candidates":[]}],[{"start":0,"end":9,"url":null,"entity_id":"Q2855088","candidates":[]}],[{"start":0,"end":70,"url":null,"entity_id":"Q6977190","candidates":[]}],[{"start":0,"end":8,"url":null,"entity_id":"Q1603","candidates":[]}]],[[{"start":0,"end":16,"url":null,"entity_id":"Q497707","candidates":[]}],[],[{"start":0,"end":16,"url":null,"entity_id":"Q3048125","candidates":[]}],[{"start":0,"end":8,"url":null,"entity_id":"Q2627136","candidates":[]}],[{"start":0,"end":75,"url":null,"entity_id":"Q6977158","candidates":[]}],[{"start":0,"end":8,"url":null,"entity_id":"Q1603","candidates":[]}]],[[{"start":0,"end":10,"url":null,"entity_id":"Q496771","candidates":[]}],[],[{"start":0,"end":12,"url":null,"entity_id":"Q4669119","candidates":[]}],[{"start":0,"end":7,"url":null,"entity_id":"Q3181169","candidates":[]}],[{"start":0,"end":70,"url":null,"entity_id":"Q6977125","candidates":[]}],[{"start":0,"end":8,"url":null,"entity_id":"Q1603","candidates":[]}]],[[{"start":0,"end":11,"url":null,"entity_id":"Q500663","candidates":[]}],[],[{"start":0,"end":10,"url":null,"entity_id":"Q4915","candidates":[]}],[{"start":0,"end":8,"url":null,"entity_id":"Q1897716","candidates":[]}],[{"start":0,"end":70,"url":null,"entity_id":"Q6977072","candidates":[]}],[{"start":0,"end":8,"url":null,"entity_id":"Q1603","candidates":[]}]],[[{"start":0,"end":15,"url":null,"entity_id":"Q503583","candidates":[]}],[],[{"start":0,"end":15,"url":null,"entity_id":"Q5542868","candidates":[]}],[{"start":0,"end":8,"url":null,"entity_id":"Q2624404","candidates":[]}],[{"start":0,"end":74,"url":null,"entity_id":"Q6977015","candidates":[]}],[{"start":0,"end":8,"url":null,"entity_id":"Q1603","candidates":[]}]],[[{"start":0,"end":17,"url":null,"entity_id":"Q498077","candidates":[]}],[],[{"start":0,"end":16,"url":null,"entity_id":"Q4382323","candidates":[]}],[{"start":0,"end":10,"url":null,"entity_id":"Q1991013","candidates":[]}],[{"start":0,"end":76,"url":null,"entity_id":"Q6976957","candidates":[]}],[{"start":0,"end":8,"url":null,"entity_id":"Q1603","candidates":[]}]],[[{"start":0,"end":12,"url":null,"entity_id":"Q503505","candidates":[]}],[],[{"start":0,"end":13,"url":null,"entity_id":"Q2767","candidates":[]}],[{"start":0,"end":12,"url":null,"entity_id":"Q2485102","candidates":[]}],[{"start":0,"end":72,"url":null,"entity_id":"Q6976943","candidates":[]}],[{"start":0,"end":8,"url":null,"entity_id":"Q1603","candidates":[]}]],[[{"start":0,"end":16,"url":null,"entity_id":"Q269164","candidates":[]}],[],[{"start":0,"end":18,"url":null,"entity_id":"Q444947","candidates":[]}],[{"start":0,"end":14,"url":null,"entity_id":"Q3182166","candidates":[]}],[{"start":0,"end":76,"url":null,"entity_id":"Q6976920","candidates":[]}],[{"start":0,"end":8,"url":null,"entity_id":"Q1603","candidates":[]}]],[[{"start":0,"end":14,"url":null,"entity_id":"Q505287","candidates":[]}],[],[{"start":0,"end":15,"url":null,"entity_id":"Q735297","candidates":[]}],[{"start":0,"end":8,"url":null,"entity_id":"Q669416","candidates":[]}],[{"start":0,"end":74,"url":null,"entity_id":"Q6976831","candidates":[]}],[{"start":0,"end":8,"url":null,"entity_id":"Q1603","candidates":[]}]],[[{"start":0,"end":13,"url":null,"entity_id":"Q500711","candidates":[]}],[],[{"start":0,"end":11,"url":null,"entity_id":"Q3030909","candidates":[]}],[{"start":0,"end":11,"url":null,"entity_id":"Q947405","candidates":[]}],[{"start":0,"end":72,"url":null,"entity_id":"Q6976823","candidates":[]}],[{"start":0,"end":8,"url":null,"entity_id":"Q1603","candidates":[]}]]]}