{"version":"1.2","table":{"version":"2","table_id":"F0GE135D","columns":[{"index":0,"name":"col0","values":["Uzbekistan District","Uchkuprik District","Termiz District","Tashlaq District","Sirdaryo District","Shurchi District","Rishton District","Quyi Chirchiq District","Kumkurghon District","Kizirik District","Qibray District","Piskent District","Parkent District","Orta Chirchiq District","Oqqurgan District","Akaltyn District","Okhangaron District","Muzrabot District","Mirzaabad District","Khavast District"]},{"index":1,"name":"col1","values":["489","396","310","484","266","434","462","294","489","384","661","478","752","380","314","273","1022","288","267","319"]},{"index":2,"name":"col2","values":["690","280","860","240","550","850","420","560","2200","330","559","790","1080","510","400","570","3190","740","440","1500"]}]},"context":{"page_title":null,"page_url":null,"page_entity_id":null,"content_hierarchy":[]},"links":[[[{"start":0,"end":19,"url":null,"entity_id":"Q3711572","candidates":[]}],[],[]],[[{"start":0,"end":18,"url":null,"entity_id":"Q3711558","candidates":[]}],[],[]],[[{"start":0,"end":15,"url":null,"entity_id":"Q3711528","candidates":[]}],[],[]],[[{"start":0,"end":16,"url":null,"entity_id":"Q3711523","candidates":[]}],[],[]],[[{"start":0,"end":17,"url":null,"entity_id":"Q3711500","candidates":[]}],[],[]],[[{"start":0,"end":16,"url":null,"entity_id":"Q3711471","candidates":[]}],[],[]],[[{"start":0,"end":16,"url":null,"entity_id":"Q3711411","candidates":[]}],[],[]],[[{"start":0,"end":22,"url":null,"entity_id":"Q3711398","candidates":[]}],[],[]],[[{"start":0,"end":19,"url":null,"entity_id":"Q3711395","candidates":[]}],[],[]],[[{"start":0,"end":16,"url":null,"entity_id":"Q3711390","candidates":[]}],[],[]],[[{"start":0,"end":15,"url":null,"entity_id":"Q3711386","candidates":[]}],[],[]],[[{"start":0,"end":16,"url":null,"entity_id":"Q3711373","candidates":[]}],[],[]],[[{"start":0,"end":16,"url":null,"entity_id":"Q3711354","candidates":[]}],[],[]],[[{"start":0,"end":22,"url":null,"entity_id":"Q3711299","candidates":[]}],[],[]],[[{"start":0,"end":17,"url":null,"entity_id":"Q3711295","candidates":[]}],[],[]],[[{"start":0,"end":16,"url":null,"entity_id":"Q3711293","candidates":[]}],[],[]],[[{"start":0,"end":19,"url":null,"entity_id":"Q3711285","candidates":[]}],[],[]],[[{"start":0,"end":17,"url":null,"entity_id":"Q3711209","candidates":[]}],[],[]],[[{"start":0,"end":18,"url":null,"entity_id":"Q3711173","candidates":[]}],[],[]],[[{"start":0,"end":16,"url":null,"entity_id":"Q3711063","candidates":[]}],[],[]]]}