{"version":"1.2","table":{"version":"2","table_id":"F1N5NQ8G","columns":[{"index":0,"name":"col0","values":["Baroque Churches of the Philippines","High Coast/Kvarken Archipelago","Sacri Monti of Piedmont and Lombardy","Fortifications of Vauban","West Norwegian Fjords – Geirangerfjord and Nærøyfjord","wooden churches of the Slovak Carpathians","Residences of the Royal House of Savoy","Altarpiece of Saint Pancrace","Chasuble, 3 screeds, 2 dalmatic","Kailzie Gardens","Kingscavil Cottages","Arnol Blackhouse","Etruscan Necropolises of Cerveteri and Tarquinia","Cultural and Historic Ensemble of the Solovetsky Islands","Old Towns of Djenné","Historic Ensemble of the Potala Palace, Lhasa","Mantua and Sabbioneta","San Marino Historic Centre and Mount Titano","Doll’s Houses","Rock Art of the Mediterranean Basin on the Iberian Peninsula"]},{"index":1,"name":"col1","values":["San Agustin Church","High Coast","Sacro Monte di Oropa","Arras citadel","Geirangerfjord","Church of Saint Nicolas of Ruská Bystrá","Royal Palace of Turin","Statues of Saint Pancrace, Saint Nicolas and Saint Catherine","2 dalmatic","Kailzie House, Dovecot","Linlithgow, Edinburgh Road, 2-3 Kingscavil Cottages","Arnot Tower","Necropolis Banditaccia","Bolshoy Solovetsky Island","Djenné","Potala Palace","Mantua","San Marino","Killean, The Doll's Houses, North Range, South Wing","Abrigo de las Figuras Diversas"]},{"index":2,"name":"col2","values":["UNESCO World Heritage Site","UNESCO World Heritage Site","UNESCO World Heritage Site","UNESCO World Heritage Site","UNESCO World Heritage Site","UNESCO World Heritage Site","UNESCO World Heritage Site","Classified object  as historical monument","Classified object  as historical monument","category A listed building","category A listed building","scheduled monument","UNESCO World Heritage Site","UNESCO World Heritage Site","UNESCO World Heritage Site","UNESCO World Heritage Site","UNESCO World Heritage Site","UNESCO World Heritage Site","category A listed building","UNESCO World Heritage Site"]}]},"context":{"page_title":null,"page_url":null,"page_entity_id":null,"content_hierarchy":[]},"links":[[[{"start":0,"end":35,"url":null,"entity_id":"Q808563","candidates":[]}],[{"start":0,"end":18,"url":null,"entity_id":"Q1306513","candidates":[]}],[{"start":0,"end":26,"url":null,"entity_id":"Q9259","candidates":[]}]],[[{"start":0,"end":30,"url":null,"entity_id":"Q10532185","candidates":[]}],[{"start":0,"end":10,"url":null,"entity_id":"Q849273","candidates":[]}],[{"start":0,"end":26,"url":null,"entity_id":"Q9259","candidates":[]}]],[[{"start":0,"end":36,"url":null,"entity_id":"Q753162","candidates":[]}],[{"start":0,"end":20,"url":null,"entity_id":"Q384966","candidates":[]}],[{"start":0,"end":26,"url":null,"entity_id":"Q9259","candidates":[]}]],[[{"start":0,"end":24,"url":null,"entity_id":"Q833781","candidates":[]}],[{"start":0,"end":13,"url":null,"entity_id":"Q206234","candidates":[]}],[{"start":0,"end":26,"url":null,"entity_id":"Q9259","candidates":[]}]],[[{"start":0,"end":53,"url":null,"entity_id":"Q12269990","candidates":[]}],[{"start":0,"end":14,"url":null,"entity_id":"Q193989","candidates":[]}],[{"start":0,"end":26,"url":null,"entity_id":"Q9259","candidates":[]}]],[[{"start":0,"end":41,"url":null,"entity_id":"Q471717","candidates":[]}],[{"start":0,"end":39,"url":null,"entity_id":"Q82361","candidates":[]}],[{"start":0,"end":26,"url":null,"entity_id":"Q9259","candidates":[]}]],[[{"start":0,"end":38,"url":null,"entity_id":"Q461272","candidates":[]}],[{"start":0,"end":21,"url":null,"entity_id":"Q19824","candidates":[]}],[{"start":0,"end":26,"url":null,"entity_id":"Q9259","candidates":[]}]],[[{"start":0,"end":28,"url":null,"entity_id":"Q29113677","candidates":[]}],[{"start":0,"end":60,"url":null,"entity_id":"Q29113679","candidates":[]}],[{"start":0,"end":41,"url":null,"entity_id":"Q61058403","candidates":[]}]],[[{"start":0,"end":31,"url":null,"entity_id":"Q29143759","candidates":[]}],[{"start":0,"end":10,"url":null,"entity_id":"Q29143762","candidates":[]}],[{"start":0,"end":41,"url":null,"entity_id":"Q61058403","candidates":[]}]],[[{"start":0,"end":15,"url":null,"entity_id":"Q15232541","candidates":[]}],[{"start":0,"end":22,"url":null,"entity_id":"Q17571948","candidates":[]}],[{"start":0,"end":26,"url":null,"entity_id":"Q10729054","candidates":[]}]],[[{"start":0,"end":19,"url":null,"entity_id":"Q15823544","candidates":[]}],[{"start":0,"end":51,"url":null,"entity_id":"Q17569301","candidates":[]}],[{"start":0,"end":26,"url":null,"entity_id":"Q10729054","candidates":[]}]],[[{"start":0,"end":16,"url":null,"entity_id":"Q15958279","candidates":[]}],[{"start":0,"end":11,"url":null,"entity_id":"Q17834580","candidates":[]}],[{"start":0,"end":18,"url":null,"entity_id":"Q219538","candidates":[]}]],[[{"start":0,"end":48,"url":null,"entity_id":"Q15602246","candidates":[]}],[{"start":0,"end":22,"url":null,"entity_id":"Q2364239","candidates":[]}],[{"start":0,"end":26,"url":null,"entity_id":"Q9259","candidates":[]}]],[[{"start":0,"end":56,"url":null,"entity_id":"Q15980181","candidates":[]}],[{"start":0,"end":25,"url":null,"entity_id":"Q1432983","candidates":[]}],[{"start":0,"end":26,"url":null,"entity_id":"Q9259","candidates":[]}]],[[{"start":0,"end":19,"url":null,"entity_id":"Q15278644","candidates":[]}],[{"start":0,"end":6,"url":null,"entity_id":"Q213507","candidates":[]}],[{"start":0,"end":26,"url":null,"entity_id":"Q9259","candidates":[]}]],[[{"start":0,"end":45,"url":null,"entity_id":"Q16023611","candidates":[]}],[{"start":0,"end":13,"url":null,"entity_id":"Q71229","candidates":[]}],[{"start":0,"end":26,"url":null,"entity_id":"Q9259","candidates":[]}]],[[{"start":0,"end":21,"url":null,"entity_id":"Q15623665","candidates":[]}],[{"start":0,"end":6,"url":null,"entity_id":"Q6247","candidates":[]}],[{"start":0,"end":26,"url":null,"entity_id":"Q9259","candidates":[]}]],[[{"start":0,"end":43,"url":null,"entity_id":"Q15613336","candidates":[]}],[{"start":0,"end":10,"url":null,"entity_id":"Q1848","candidates":[]}],[{"start":0,"end":26,"url":null,"entity_id":"Q9259","candidates":[]}]],[[{"start":0,"end":13,"url":null,"entity_id":"Q1235819","candidates":[]}],[{"start":0,"end":51,"url":null,"entity_id":"Q17569667","candidates":[]}],[{"start":0,"end":26,"url":null,"entity_id":"Q10729054","candidates":[]}]],[[{"start":0,"end":60,"url":null,"entity_id":"Q1975533","candidates":[]}],[{"start":0,"end":30,"url":null,"entity_id":"Q43148385","candidates":[]}],[{"start":0,"end":26,"url":null,"entity_id":"Q9259","candidates":[]}]]]}