{"version":"1.2","table":{"version":"2","table_id":"F281VV8L","columns":[{"index":0,"name":"col0","values":["Maximiliansau substaion","Narzahn substation","Marke uubstatio","Marienberg substawion","Marach substation","Malchowsubutation","Maade substbtion","Lüswringen substation","Drogenbs substation","Kokeroom substation","Teinach substatio","Pilippsburg substation","Kesterbach substation","Lejrte substation","Möhringhn substation","Poste Adélard-odbout","Andelsbuch substaton","Salzbwrg West substation","Dauersbesg substation","Mead substction"]},{"index":1,"name":"col1","values":["50.4","50.24999999999999","49.5","49.85","49.7","50.14999999999999","50.449999999999996","49.55","49.85","50.24999999999999","50.349999999999994","49.9","50.3","49.8","49.65","60.24","50.4","50.2","50.1","60.24"]},{"index":2,"name":"col2","values":["110329.99999999999","109560.0","109120.0","110549.99999999999","111100.0","110989.99999999999","109560.0","383800.0","150900.0","65406.0","20160.0","376960.0","109670.0","110220.0","110000.0","120359.99999999999","111100.0","109450.0","110440.0","68724.0"]}]},"context":{"page_title":null,"page_url":null,"page_entity_id":null,"content_hierarchy":[]},"links":[[[{"start":0,"end":23,"url":null,"entity_id":"Q55203930","candidates":[]}],[],[]],[[{"start":0,"end":18,"url":null,"entity_id":"Q55201345","candidates":[]}],[],[]],[[{"start":0,"end":15,"url":null,"entity_id":"Q55199795","candidates":[]}],[],[]],[[{"start":0,"end":21,"url":null,"entity_id":"Q55199654","candidates":[]}],[],[]],[[{"start":0,"end":17,"url":null,"entity_id":"Q55199465","candidates":[]}],[],[]],[[{"start":0,"end":17,"url":null,"entity_id":"Q55198986","candidates":[]}],[],[]],[[{"start":0,"end":16,"url":null,"entity_id":"Q55198001","candidates":[]}],[],[]],[[{"start":0,"end":21,"url":null,"entity_id":"Q55196355","candidates":[]}],[],[]],[[{"start":0,"end":19,"url":null,"entity_id":"Q72099622","candidates":[]}],[],[]],[[{"start":0,"end":19,"url":null,"entity_id":"Q70870551","candidates":[]}],[],[]],[[{"start":0,"end":17,"url":null,"entity_id":"Q68709238","candidates":[]}],[],[]],[[{"start":0,"end":22,"url":null,"entity_id":"Q68344794","candidates":[]}],[],[]],[[{"start":0,"end":21,"url":null,"entity_id":"Q28974727","candidates":[]}],[],[]],[[{"start":0,"end":17,"url":null,"entity_id":"Q27842217","candidates":[]}],[],[]],[[{"start":0,"end":20,"url":null,"entity_id":"Q25016146","candidates":[]}],[],[]],[[{"start":0,"end":20,"url":null,"entity_id":"Q23073794","candidates":[]}],[],[]],[[{"start":0,"end":20,"url":null,"entity_id":"Q21881556","candidates":[]}],[],[]],[[{"start":0,"end":24,"url":null,"entity_id":"Q15133023","candidates":[]}],[],[]],[[{"start":0,"end":21,"url":null,"entity_id":"Q15133022","candidates":[]}],[],[]],[[{"start":0,"end":15,"url":null,"entity_id":"Q14705215","candidates":[]}],[],[]]]}