{"version":"1.2","table":{"version":"2","table_id":"F2CO0JFV","columns":[{"index":0,"name":"col0","values":["Quebrada Arenas, San Juan, Puerto Rico","Pueblo, San Juan, Puerto Rico","Monacillo, San Juan, Puerto Rico","Turabo","Tortugo","Cuarto","Coto Laurel","Cerrillos","Capitanejo","Canas Urbano","Canas","Bucaná","Anón","Quebrada Limón","Marueño","San Antón","Machuelo Arriba","Cupey","Caimito, San Juan, Puerto Rico","Borinquen"]},{"index":1,"name":"col1","values":["San Juan","San Juan","San Juan","Puerto Rico","Puerto Rico","Ponce","Ponce","Ponce","Ponce","Ponce","Ponce","Ponce","Ponce","Ponce","Ponce","Ponce","Ponce","San Juan","San Juan","Puerto Rico"]},{"index":2,"name":"col2","values":["2.44","0.72","1.15","5.5","2.17","0.17","3.66","3.31","4.82","2.31","22.82","2.16","12.85","2.67","4.21","1.17","6.61","7.55","5.43","4.56"]}]},"context":{"page_title":null,"page_url":null,"page_entity_id":null,"content_hierarchy":[]},"links":[[[{"start":0,"end":38,"url":null,"entity_id":"Q7269877","candidates":[]}],[{"start":0,"end":8,"url":null,"entity_id":"Q41211","candidates":[]}],[]],[[{"start":0,"end":29,"url":null,"entity_id":"Q7258419","candidates":[]}],[{"start":0,"end":8,"url":null,"entity_id":"Q41211","candidates":[]}],[]],[[{"start":0,"end":32,"url":null,"entity_id":"Q6021190","candidates":[]}],[{"start":0,"end":8,"url":null,"entity_id":"Q41211","candidates":[]}],[]],[[{"start":0,"end":6,"url":null,"entity_id":"Q6153859","candidates":[]}],[{"start":0,"end":11,"url":null,"entity_id":"Q1183","candidates":[]}],[]],[[{"start":0,"end":7,"url":null,"entity_id":"Q6151018","candidates":[]}],[{"start":0,"end":11,"url":null,"entity_id":"Q1183","candidates":[]}],[]],[[{"start":0,"end":6,"url":null,"entity_id":"Q5191866","candidates":[]}],[{"start":0,"end":5,"url":null,"entity_id":"Q864024","candidates":[]}],[]],[[{"start":0,"end":11,"url":null,"entity_id":"Q5175410","candidates":[]}],[{"start":0,"end":5,"url":null,"entity_id":"Q864024","candidates":[]}],[]],[[{"start":0,"end":9,"url":null,"entity_id":"Q5064825","candidates":[]}],[{"start":0,"end":5,"url":null,"entity_id":"Q864024","candidates":[]}],[]],[[{"start":0,"end":10,"url":null,"entity_id":"Q5035816","candidates":[]}],[{"start":0,"end":5,"url":null,"entity_id":"Q864024","candidates":[]}],[]],[[{"start":0,"end":12,"url":null,"entity_id":"Q5031215","candidates":[]}],[{"start":0,"end":5,"url":null,"entity_id":"Q864024","candidates":[]}],[]],[[{"start":0,"end":5,"url":null,"entity_id":"Q5031211","candidates":[]}],[{"start":0,"end":5,"url":null,"entity_id":"Q864024","candidates":[]}],[]],[[{"start":0,"end":6,"url":null,"entity_id":"Q4982364","candidates":[]}],[{"start":0,"end":5,"url":null,"entity_id":"Q864024","candidates":[]}],[]],[[{"start":0,"end":4,"url":null,"entity_id":"Q4778528","candidates":[]}],[{"start":0,"end":5,"url":null,"entity_id":"Q864024","candidates":[]}],[]],[[{"start":0,"end":14,"url":null,"entity_id":"Q2894881","candidates":[]}],[{"start":0,"end":5,"url":null,"entity_id":"Q864024","candidates":[]}],[]],[[{"start":0,"end":7,"url":null,"entity_id":"Q2402487","candidates":[]}],[{"start":0,"end":5,"url":null,"entity_id":"Q864024","candidates":[]}],[]],[[{"start":0,"end":9,"url":null,"entity_id":"Q576989","candidates":[]}],[{"start":0,"end":5,"url":null,"entity_id":"Q864024","candidates":[]}],[]],[[{"start":0,"end":15,"url":null,"entity_id":"Q388089","candidates":[]}],[{"start":0,"end":5,"url":null,"entity_id":"Q864024","candidates":[]}],[]],[[{"start":0,"end":5,"url":null,"entity_id":"Q5194457","candidates":[]}],[{"start":0,"end":8,"url":null,"entity_id":"Q41211","candidates":[]}],[]],[[{"start":0,"end":30,"url":null,"entity_id":"Q5017564","candidates":[]}],[{"start":0,"end":8,"url":null,"entity_id":"Q41211","candidates":[]}],[]],[[{"start":0,"end":9,"url":null,"entity_id":"Q5486932","candidates":[]}],[{"start":0,"end":11,"url":null,"entity_id":"Q1183","candidates":[]}],[]]]}