{"version":"1.2","table":{"version":"2","table_id":"F2NVYDQ0","columns":[{"index":0,"name":"col0","values":["Porvenir","Peñaflor","Penco","Parral","Palmilla","Melipilla","San Pedro de la Paz","Mariquina","Maipú","Lota","Lonquimay","Lo Barnechea","Las Condes","Lampa","Lago Ranco, Chile","Vilcún","Zapallar","Vitacura","Villarrica","Victoria"]},{"index":1,"name":"col1","values":["17","395","115","162","153","174","20","6","450","82","842","800","1111","499","64","295","50","708","227","334"]},{"index":2,"name":"col2","values":["6982.6","69.2","107.6","1638.4","237.3","1344.8","112.5","1320.5","133","136","3914.2","1023.7","99.4","451.9","1763.3","1420.9","289","28.3","1291.1","1256"]},{"index":3,"name":"col3","values":["6801","90201","47367","39404","11844","123627","131808","21278","521627","43427","10251","105833","249893","102034","9896","22499","7339","85384","55478","34890"]}]},"context":{"page_title":null,"page_url":null,"page_entity_id":null,"content_hierarchy":[]},"links":[[[{"start":0,"end":8,"url":null,"entity_id":"Q51120","candidates":[]}],[],[],[]],[[{"start":0,"end":8,"url":null,"entity_id":"Q51098","candidates":[]}],[],[],[]],[[{"start":0,"end":5,"url":null,"entity_id":"Q51093","candidates":[]}],[],[],[]],[[{"start":0,"end":6,"url":null,"entity_id":"Q51083","candidates":[]}],[],[],[]],[[{"start":0,"end":8,"url":null,"entity_id":"Q51074","candidates":[]}],[],[],[]],[[{"start":0,"end":9,"url":null,"entity_id":"Q51032","candidates":[]}],[],[],[]],[[{"start":0,"end":19,"url":null,"entity_id":"Q19344","candidates":[]}],[],[],[]],[[{"start":0,"end":9,"url":null,"entity_id":"Q16922","candidates":[]}],[],[],[]],[[{"start":0,"end":5,"url":null,"entity_id":"Q16918","candidates":[]}],[],[],[]],[[{"start":0,"end":4,"url":null,"entity_id":"Q16911","candidates":[]}],[],[],[]],[[{"start":0,"end":9,"url":null,"entity_id":"Q16902","candidates":[]}],[],[],[]],[[{"start":0,"end":12,"url":null,"entity_id":"Q14502","candidates":[]}],[],[],[]],[[{"start":0,"end":10,"url":null,"entity_id":"Q14484","candidates":[]}],[],[],[]],[[{"start":0,"end":5,"url":null,"entity_id":"Q14477","candidates":[]}],[],[],[]],[[{"start":0,"end":17,"url":null,"entity_id":"Q14470","candidates":[]}],[],[],[]],[[{"start":0,"end":6,"url":null,"entity_id":"Q1643896","candidates":[]}],[],[],[]],[[{"start":0,"end":8,"url":null,"entity_id":"Q201064","candidates":[]}],[],[],[]],[[{"start":0,"end":8,"url":null,"entity_id":"Q201036","candidates":[]}],[],[],[]],[[{"start":0,"end":10,"url":null,"entity_id":"Q201019","candidates":[]}],[],[],[]],[[{"start":0,"end":8,"url":null,"entity_id":"Q200999","candidates":[]}],[],[],[]]]}