{"version":"1.2","table":{"version":"2","table_id":"5N2C3GH0","columns":[{"index":0,"name":"col0","values":["Caroline Island","Ngulu Atoll","Hall Islands","Pulap","Chinijo Archipelago","Princes' Islands","Zaforas","Borromean Islands","Marinier Archipelago","Ascrib Islands","Duke of York Islands","Picton, Nueva and Lennox","Astronomical Society Islands","Saronic Islands","Barat Daya Islands","Banks Islands","Aragusuku Islands","Echinades","Oki Islands","Argentine Islands"]},{"index":1,"name":"col1","values":["Line Islands","Caroline Islands","Caroline Islands","Caroline Islands","Canary Islands","Sea of Marmara","Aegean Sea","Lake Maggiore","Lake Magog","Inner Hebrides","Bismarck Archipelago","Tierra del Fuego","Canadian Arctic Archipelago","Aegean Islands","Maluku Islands","Vanuatu","Pacific Ocean","Ionian Islands","Japanese Archipelago","Wilhelm Archipelago"]},{"index":2,"name":"col2","values":["Pacific Ocean","Pacific Ocean","Pacific Ocean","Pacific Ocean","Atlantic Ocean","Sea of Marmara","Aegean Sea","Lake Maggiore","Lake Magog","Loch Snizort","Saint George's Channel","Chilean Sea","Gulf of Boothia","Saronic Gulf","Banda Sea","Coral Sea","East China Sea","Ionian Sea","Sea of Japan","Southern Ocean"]}]},"context":{"page_title":null,"page_url":null,"page_entity_id":null,"content_hierarchy":[]},"links":[[[{"start":0,"end":15,"url":null,"entity_id":"Q822151","candidates":[]}],[{"start":0,"end":12,"url":null,"entity_id":"Q234796","candidates":[]}],[{"start":0,"end":13,"url":null,"entity_id":"Q98","candidates":[]}]],[[{"start":0,"end":11,"url":null,"entity_id":"Q1115131","candidates":[]}],[{"start":0,"end":16,"url":null,"entity_id":"Q118350","candidates":[]}],[{"start":0,"end":13,"url":null,"entity_id":"Q98","candidates":[]}]],[[{"start":0,"end":12,"url":null,"entity_id":"Q1115052","candidates":[]}],[{"start":0,"end":16,"url":null,"entity_id":"Q118350","candidates":[]}],[{"start":0,"end":13,"url":null,"entity_id":"Q98","candidates":[]}]],[[{"start":0,"end":5,"url":null,"entity_id":"Q1115044","candidates":[]}],[{"start":0,"end":16,"url":null,"entity_id":"Q118350","candidates":[]}],[{"start":0,"end":13,"url":null,"entity_id":"Q98","candidates":[]}]],[[{"start":0,"end":19,"url":null,"entity_id":"Q1074390","candidates":[]}],[{"start":0,"end":14,"url":null,"entity_id":"Q5813","candidates":[]}],[{"start":0,"end":14,"url":null,"entity_id":"Q97","candidates":[]}]],[[{"start":0,"end":16,"url":null,"entity_id":"Q1020668","candidates":[]}],[{"start":0,"end":14,"url":null,"entity_id":"Q35367","candidates":[]}],[{"start":0,"end":14,"url":null,"entity_id":"Q35367","candidates":[]}]],[[{"start":0,"end":7,"url":null,"entity_id":"Q1132928","candidates":[]}],[{"start":0,"end":10,"url":null,"entity_id":"Q34575","candidates":[]}],[{"start":0,"end":10,"url":null,"entity_id":"Q34575","candidates":[]}]],[[{"start":0,"end":17,"url":null,"entity_id":"Q894161","candidates":[]}],[{"start":0,"end":13,"url":null,"entity_id":"Q14379","candidates":[]}],[{"start":0,"end":13,"url":null,"entity_id":"Q14379","candidates":[]}]],[[{"start":0,"end":20,"url":null,"entity_id":"Q20829724","candidates":[]}],[{"start":0,"end":10,"url":null,"entity_id":"Q3215032","candidates":[]}],[{"start":0,"end":10,"url":null,"entity_id":"Q3215032","candidates":[]}]],[[{"start":0,"end":14,"url":null,"entity_id":"Q723406","candidates":[]}],[{"start":0,"end":14,"url":null,"entity_id":"Q81052","candidates":[]}],[{"start":0,"end":12,"url":null,"entity_id":"Q3057390","candidates":[]}]],[[{"start":0,"end":20,"url":null,"entity_id":"Q707916","candidates":[]}],[{"start":0,"end":20,"url":null,"entity_id":"Q154628","candidates":[]}],[{"start":0,"end":22,"url":null,"entity_id":"Q2935951","candidates":[]}]],[[{"start":0,"end":24,"url":null,"entity_id":"Q580370","candidates":[]}],[{"start":0,"end":16,"url":null,"entity_id":"Q82601","candidates":[]}],[{"start":0,"end":11,"url":null,"entity_id":"Q1251080","candidates":[]}]],[[{"start":0,"end":28,"url":null,"entity_id":"Q751766","candidates":[]}],[{"start":0,"end":27,"url":null,"entity_id":"Q85377","candidates":[]}],[{"start":0,"end":15,"url":null,"entity_id":"Q919520","candidates":[]}]],[[{"start":0,"end":15,"url":null,"entity_id":"Q499663","candidates":[]}],[{"start":0,"end":14,"url":null,"entity_id":"Q878481","candidates":[]}],[{"start":0,"end":12,"url":null,"entity_id":"Q211779","candidates":[]}]],[[{"start":0,"end":18,"url":null,"entity_id":"Q662674","candidates":[]}],[{"start":0,"end":14,"url":null,"entity_id":"Q3827","candidates":[]}],[{"start":0,"end":9,"url":null,"entity_id":"Q171510","candidates":[]}]],[[{"start":0,"end":13,"url":null,"entity_id":"Q537817","candidates":[]}],[{"start":0,"end":7,"url":null,"entity_id":"Q686","candidates":[]}],[{"start":0,"end":9,"url":null,"entity_id":"Q82931","candidates":[]}]],[[{"start":0,"end":17,"url":null,"entity_id":"Q702414","candidates":[]}],[{"start":0,"end":13,"url":null,"entity_id":"Q98","candidates":[]}],[{"start":0,"end":14,"url":null,"entity_id":"Q45341","candidates":[]}]],[[{"start":0,"end":9,"url":null,"entity_id":"Q767387","candidates":[]}],[{"start":0,"end":14,"url":null,"entity_id":"Q170295","candidates":[]}],[{"start":0,"end":10,"url":null,"entity_id":"Q37495","candidates":[]}]],[[{"start":0,"end":11,"url":null,"entity_id":"Q483146","candidates":[]}],[{"start":0,"end":20,"url":null,"entity_id":"Q841337","candidates":[]}],[{"start":0,"end":12,"url":null,"entity_id":"Q27092","candidates":[]}]],[[{"start":0,"end":17,"url":null,"entity_id":"Q645941","candidates":[]}],[{"start":0,"end":19,"url":null,"entity_id":"Q2033674","candidates":[]}],[{"start":0,"end":14,"url":null,"entity_id":"Q7354","candidates":[]}]]]}