{"version":"1.2","table":{"version":"2","table_id":"5ODNPTFZ","columns":[{"index":0,"name":"col0","values":["Rheineahlen","Siedlug Nordostbahnhof","Old!Town","Rdeberger Vorstadt","Wuthhnow","bieńsko","Nußorf","Fstat","Pereš","Mysoava","Orsoy","roichweiden","Bachelen","Bkllig","Bltzheim","Dülkgn","Hclle-Neustadt","Großgründlac","Boxdor","Devínskd Nová Ves"]},{"index":1,"name":"col1","values":["Germany","Germany","Slovakia","Germany","Germany","Poland","Germany","Egypt","Slovakia","Slovakia","Germany","Germany","Germany","Germany","Germany","Germany","German Democratic Republic","Germany","Germany","Slovakia"]},{"index":2,"name":"col2","values":["Mönchengladbach","Nuremberg","Bratislava","Dresden","Brandenburg","Czerwionka-Leszczyny","Überlingen","Cairo Governorate","Košice","Košice","Rheinberg","Würselen","Hückelhoven","Euskirchen","Kerpen","Viersen","Halle (Saale)","Nuremberg","Nuremberg","Bratislava"]},{"index":3,"name":"col3","values":["3.20463","0.2772","9.53246","2.27356","8.3916","14.949959999999999","1.9701","53.945100000000004","1.3326600000000002","7.059069999999999","14.67625","17.657600000000002","12.4496","3.0","23.949149999999996","24.994969999999995","9.884564999999998","5.0394332","3.4029","24.050459999999998"]}]},"context":{"page_title":null,"page_url":null,"page_entity_id":null,"content_hierarchy":[]},"links":[[[{"start":0,"end":11,"url":null,"entity_id":"Q2147624","candidates":[]}],[{"start":0,"end":7,"url":null,"entity_id":"Q183","candidates":[]}],[{"start":0,"end":15,"url":null,"entity_id":"Q2758","candidates":[]}],[]],[[{"start":0,"end":22,"url":null,"entity_id":"Q2282656","candidates":[]}],[{"start":0,"end":7,"url":null,"entity_id":"Q183","candidates":[]}],[{"start":0,"end":9,"url":null,"entity_id":"Q2090","candidates":[]}],[]],[[{"start":0,"end":8,"url":null,"entity_id":"Q1898406","candidates":[]}],[{"start":0,"end":8,"url":null,"entity_id":"Q214","candidates":[]}],[{"start":0,"end":10,"url":null,"entity_id":"Q1780","candidates":[]}],[]],[[{"start":0,"end":18,"url":null,"entity_id":"Q2125486","candidates":[]}],[{"start":0,"end":7,"url":null,"entity_id":"Q183","candidates":[]}],[{"start":0,"end":7,"url":null,"entity_id":"Q1731","candidates":[]}],[]],[[{"start":0,"end":8,"url":null,"entity_id":"Q2089328","candidates":[]}],[{"start":0,"end":7,"url":null,"entity_id":"Q183","candidates":[]}],[{"start":0,"end":11,"url":null,"entity_id":"Q1208","candidates":[]}],[]],[[{"start":0,"end":7,"url":null,"entity_id":"Q984979","candidates":[]}],[{"start":0,"end":6,"url":null,"entity_id":"Q36","candidates":[]}],[{"start":0,"end":20,"url":null,"entity_id":"Q1005538","candidates":[]}],[]],[[{"start":0,"end":6,"url":null,"entity_id":"Q873606","candidates":[]}],[{"start":0,"end":7,"url":null,"entity_id":"Q183","candidates":[]}],[{"start":0,"end":10,"url":null,"entity_id":"Q332952","candidates":[]}],[]],[[{"start":0,"end":5,"url":null,"entity_id":"Q839456","candidates":[]}],[{"start":0,"end":5,"url":null,"entity_id":"Q79","candidates":[]}],[{"start":0,"end":17,"url":null,"entity_id":"Q30805","candidates":[]}],[]],[[{"start":0,"end":5,"url":null,"entity_id":"Q946422","candidates":[]}],[{"start":0,"end":8,"url":null,"entity_id":"Q214","candidates":[]}],[{"start":0,"end":6,"url":null,"entity_id":"Q25409","candidates":[]}],[]],[[{"start":0,"end":7,"url":null,"entity_id":"Q938471","candidates":[]}],[{"start":0,"end":8,"url":null,"entity_id":"Q214","candidates":[]}],[{"start":0,"end":6,"url":null,"entity_id":"Q25409","candidates":[]}],[]],[[{"start":0,"end":5,"url":null,"entity_id":"Q896382","candidates":[]}],[{"start":0,"end":7,"url":null,"entity_id":"Q183","candidates":[]}],[{"start":0,"end":9,"url":null,"entity_id":"Q16086","candidates":[]}],[]],[[{"start":0,"end":11,"url":null,"entity_id":"Q925377","candidates":[]}],[{"start":0,"end":7,"url":null,"entity_id":"Q183","candidates":[]}],[{"start":0,"end":8,"url":null,"entity_id":"Q14901","candidates":[]}],[]],[[{"start":0,"end":8,"url":null,"entity_id":"Q896576","candidates":[]}],[{"start":0,"end":7,"url":null,"entity_id":"Q183","candidates":[]}],[{"start":0,"end":11,"url":null,"entity_id":"Q14884","candidates":[]}],[]],[[{"start":0,"end":6,"url":null,"entity_id":"Q862854","candidates":[]}],[{"start":0,"end":7,"url":null,"entity_id":"Q183","candidates":[]}],[{"start":0,"end":10,"url":null,"entity_id":"Q4074","candidates":[]}],[]],[[{"start":0,"end":8,"url":null,"entity_id":"Q882288","candidates":[]}],[{"start":0,"end":7,"url":null,"entity_id":"Q183","candidates":[]}],[{"start":0,"end":6,"url":null,"entity_id":"Q3959","candidates":[]}],[]],[[{"start":0,"end":6,"url":null,"entity_id":"Q896146","candidates":[]}],[{"start":0,"end":7,"url":null,"entity_id":"Q183","candidates":[]}],[{"start":0,"end":7,"url":null,"entity_id":"Q3902","candidates":[]}],[]],[[{"start":0,"end":14,"url":null,"entity_id":"Q896427","candidates":[]}],[{"start":0,"end":26,"url":null,"entity_id":"Q16957","candidates":[]}],[{"start":0,"end":13,"url":null,"entity_id":"Q2814","candidates":[]}],[]],[[{"start":0,"end":12,"url":null,"entity_id":"Q896486","candidates":[]}],[{"start":0,"end":7,"url":null,"entity_id":"Q183","candidates":[]}],[{"start":0,"end":9,"url":null,"entity_id":"Q2090","candidates":[]}],[]],[[{"start":0,"end":6,"url":null,"entity_id":"Q895568","candidates":[]}],[{"start":0,"end":7,"url":null,"entity_id":"Q183","candidates":[]}],[{"start":0,"end":9,"url":null,"entity_id":"Q2090","candidates":[]}],[]],[[{"start":0,"end":17,"url":null,"entity_id":"Q970325","candidates":[]}],[{"start":0,"end":8,"url":null,"entity_id":"Q214","candidates":[]}],[{"start":0,"end":10,"url":null,"entity_id":"Q1780","candidates":[]}],[]]]}