{"version":"1.2","table":{"version":"2","table_id":"5QYPZWPO","columns":[{"index":0,"name":"col0","values":["Mogila Municipality","Kočani Municipality","Bosilovo Municipality","Rankovce Municipality","Karpoš Municipality","Centar Municipality","Kriva Palanka Municipality","Kisela Voda Municipality","Karbinci","Debar Municipality","Debarca Municipality","Mavrovo and Rostuša Municipality","Delčevo Municipality","Saraj Municipality","Kavadarci Municipality","Ohrid Municipality","Brvenica Municipality","Šuto Orizari Municipality","Zrnovci Municipality","Demir Hisar Municipality"]},{"index":1,"name":"col1","values":["255.62","375.44","161.99","240.71","105","7.52","480.81","46.86","229.7","145.67","425.39","663.19","422.39","229.06","992.44","389.93","164.3","7.48","55.82","780.13"]},{"index":2,"name":"col2","values":["582","814","249","819","258","247","1004","233","367","688","792","1835","933","336","909","747","1079","297","743","861"]}]},"context":{"page_title":null,"page_url":null,"page_entity_id":null,"content_hierarchy":[]},"links":[[[{"start":0,"end":19,"url":null,"entity_id":"Q1839369","candidates":[]}],[],[]],[[{"start":0,"end":19,"url":null,"entity_id":"Q1819289","candidates":[]}],[],[]],[[{"start":0,"end":21,"url":null,"entity_id":"Q1779775","candidates":[]}],[],[]],[[{"start":0,"end":21,"url":null,"entity_id":"Q1475001","candidates":[]}],[],[]],[[{"start":0,"end":19,"url":null,"entity_id":"Q1463246","candidates":[]}],[],[]],[[{"start":0,"end":19,"url":null,"entity_id":"Q1463152","candidates":[]}],[],[]],[[{"start":0,"end":26,"url":null,"entity_id":"Q1422453","candidates":[]}],[],[]],[[{"start":0,"end":24,"url":null,"entity_id":"Q1386136","candidates":[]}],[],[]],[[{"start":0,"end":8,"url":null,"entity_id":"Q1346554","candidates":[]}],[],[]],[[{"start":0,"end":18,"url":null,"entity_id":"Q1344996","candidates":[]}],[],[]],[[{"start":0,"end":20,"url":null,"entity_id":"Q1323340","candidates":[]}],[],[]],[[{"start":0,"end":32,"url":null,"entity_id":"Q1323332","candidates":[]}],[],[]],[[{"start":0,"end":20,"url":null,"entity_id":"Q1323322","candidates":[]}],[],[]],[[{"start":0,"end":18,"url":null,"entity_id":"Q1309481","candidates":[]}],[],[]],[[{"start":0,"end":22,"url":null,"entity_id":"Q1155055","candidates":[]}],[],[]],[[{"start":0,"end":18,"url":null,"entity_id":"Q1125333","candidates":[]}],[],[]],[[{"start":0,"end":21,"url":null,"entity_id":"Q1057563","candidates":[]}],[],[]],[[{"start":0,"end":25,"url":null,"entity_id":"Q1020859","candidates":[]}],[],[]],[[{"start":0,"end":20,"url":null,"entity_id":"Q950881","candidates":[]}],[],[]],[[{"start":0,"end":24,"url":null,"entity_id":"Q856278","candidates":[]}],[],[]]]}