{"version":"1.2","table":{"version":"2","table_id":"5QZ61EC3","columns":[{"index":0,"name":"col0","values":["Eazy-Dvz-It","3 eet High and Rising","meriKKKa's Most Wanted","Hraju na klavr v bordelu","Bílé včemy","5150","Panprdma","Tke Dlueprint","Terezín 0 Theresienstadt","i plan","Thaía","Frut de Amor","The Best Damn Thin","Music from the HBO\"Film: Angels in America","Schndler's List","Chickenfoo III","Big\"Generator","90125","Imperial Bldze","Hello Naty"]},{"index":1,"name":"col1","values":["American Music Award for Favorite Rap/Hip-Hop Album","Soul Train Music Award for Best Rap Album","Soul Train Music Award for Best Rap Album","Anděl Awards 2012","Anděl Awards 2012","Favorite Pop/Rock Album","Anděl Awards 2014","Soul Train Music Award for Best R&B/Soul Album of the Year","Grammy Award for Best Classical Vocal Solo","Latin Grammy Award for Best Female Pop Vocal Album","Latin Grammy Award for Best Female Pop Vocal Album","Latin Grammy Award for Best Portuguese Language Christian Album","MTV Europe Music Award for Best Album","Grammy Award for Best Score Soundtrack for Visual Media","Grammy Award for Best Score Soundtrack for Visual Media","Grammy Award for Best Recording Package","Grammy Award for Best Rock Performance by a Duo or Group with Vocal","Grammy Award for Best Rock Performance by a Duo or Group with Vocal","Grammy Award for Best Reggae Album","Grammy Award for Best Alternative Music Album"]},{"index":2,"name":"col2","values":["2997.96","4068.264","2981.952","2481.345","2555.982","2596.5939999999996","3055.238","3839.664","4274.2","2703.111","3388.229","47.63699999999999","2434.122","72.562","3890.5","2698.44","2594.438","2662.11","4000.9969999999994","4019.6639999999998"]}]},"context":{"page_title":null,"page_url":null,"page_entity_id":null,"content_hierarchy":[]},"links":[[[{"start":0,"end":11,"url":null,"entity_id":"Q1935187","candidates":[]}],[{"start":0,"end":51,"url":null,"entity_id":"Q16974858","candidates":[]}],[]],[[{"start":0,"end":21,"url":null,"entity_id":"Q1079807","candidates":[]}],[{"start":0,"end":41,"url":null,"entity_id":"Q7564368","candidates":[]}],[]],[[{"start":0,"end":22,"url":null,"entity_id":"Q689666","candidates":[]}],[{"start":0,"end":41,"url":null,"entity_id":"Q7564368","candidates":[]}],[]],[[{"start":0,"end":24,"url":null,"entity_id":"Q12020638","candidates":[]}],[{"start":0,"end":17,"url":null,"entity_id":"Q11722855","candidates":[]}],[]],[[{"start":0,"end":10,"url":null,"entity_id":"Q11706578","candidates":[]}],[{"start":0,"end":17,"url":null,"entity_id":"Q11722855","candidates":[]}],[]],[[{"start":0,"end":4,"url":null,"entity_id":"Q939380","candidates":[]}],[{"start":0,"end":23,"url":null,"entity_id":"Q19858080","candidates":[]}],[]],[[{"start":0,"end":8,"url":null,"entity_id":"Q18915538","candidates":[]}],[{"start":0,"end":17,"url":null,"entity_id":"Q19602034","candidates":[]}],[]],[[{"start":0,"end":13,"url":null,"entity_id":"Q1088473","candidates":[]}],[{"start":0,"end":58,"url":null,"entity_id":"Q7564359","candidates":[]}],[]],[[{"start":0,"end":24,"url":null,"entity_id":"Q10693325","candidates":[]}],[{"start":0,"end":42,"url":null,"entity_id":"Q5593766","candidates":[]}],[]],[[{"start":0,"end":6,"url":null,"entity_id":"Q1176628","candidates":[]}],[{"start":0,"end":50,"url":null,"entity_id":"Q6496347","candidates":[]}],[]],[[{"start":0,"end":5,"url":null,"entity_id":"Q1076142","candidates":[]}],[{"start":0,"end":50,"url":null,"entity_id":"Q6496347","candidates":[]}],[]],[[{"start":0,"end":12,"url":null,"entity_id":"Q10286115","candidates":[]}],[{"start":0,"end":63,"url":null,"entity_id":"Q6496335","candidates":[]}],[]],[[{"start":0,"end":18,"url":null,"entity_id":"Q192257","candidates":[]}],[{"start":0,"end":37,"url":null,"entity_id":"Q3841592","candidates":[]}],[]],[[{"start":0,"end":42,"url":null,"entity_id":"Q6941874","candidates":[]}],[{"start":0,"end":55,"url":null,"entity_id":"Q4376972","candidates":[]}],[]],[[{"start":0,"end":15,"url":null,"entity_id":"Q1137740","candidates":[]}],[{"start":0,"end":55,"url":null,"entity_id":"Q4376972","candidates":[]}],[]],[[{"start":0,"end":14,"url":null,"entity_id":"Q1072202","candidates":[]}],[{"start":0,"end":39,"url":null,"entity_id":"Q1836411","candidates":[]}],[]],[[{"start":0,"end":13,"url":null,"entity_id":"Q794719","candidates":[]}],[{"start":0,"end":67,"url":null,"entity_id":"Q1542205","candidates":[]}],[]],[[{"start":0,"end":5,"url":null,"entity_id":"Q276033","candidates":[]}],[{"start":0,"end":67,"url":null,"entity_id":"Q1542205","candidates":[]}],[]],[[{"start":0,"end":14,"url":null,"entity_id":"Q1084636","candidates":[]}],[{"start":0,"end":34,"url":null,"entity_id":"Q1542180","candidates":[]}],[]],[[{"start":0,"end":10,"url":null,"entity_id":"Q1035160","candidates":[]}],[{"start":0,"end":45,"url":null,"entity_id":"Q1542129","candidates":[]}],[]]]}