{"version":"1.2","table":{"version":"2","table_id":"5R96YZ9E","columns":[{"index":0,"name":"col0","values":["48th International Film Festival Rotterdam","2019 San Diego Film Week","2nd Hungarian Film Week","3rd Hungarian Film Week","74th Venice International Film Festival","2017 Sundance Film Festival","67th Berlin International Film Festival","43rd Film Fest Gent","44rd Film Fest Gent","2016 Toronto International Film Festival","73rd Venice International Film Festival","2016 Sundance Film Festival","66th Berlin International Film Festival","42nd Film Fest Gent","2016 Cannes Film Festival","2017 Cannes Film Festival","2019 Sundance Film Festival","5th Hungarian Film Week","72nd Venice International Film Festival","4th Hungarian Film Week"]},{"index":1,"name":"col1","values":["Rotterdam","San Diego","Budapest","Budapest","Venice","Salt Lake City","Berlin","Ghent","Ghent","Toronto","Venice","Salt Lake City","Berlin","Ghent","Cannes","Cannes","Salt Lake City","Budapest","Venice","Budapest"]},{"index":2,"name":"col2","values":["47th International Film Festival Rotterdam","2018 San Diego Film Week","1st Hungarian Film Week","2nd Hungarian Film Week","73rd Venice International Film Festival","2016 Sundance Film Festival","66th Berlin International Film Festival","42nd Film Fest Gent","43rd Film Fest Gent","2015 Toronto International Film Festival","72nd Venice International Film Festival","2015 Sundance Film Festival","65th Berlin International Film Festival","41st Film Fest Gent","2015 Cannes Film Festival","2016 Cannes Film Festival","2018 Sundance Film Festival","4th Hungarian Film Week","71st Venice International Film Festival","3rd Hungarian Film Week"]},{"index":3,"name":"col3","values":["International Film Festival Rotterdam","San Diego Film Week","Hungarian Film Week","Hungarian Film Week","Venice Film Festival","Sundance Film Festival","Berlin International Film Festival","Film Fest Gent","Film Fest Gent","Toronto International Film Festival","Venice Film Festival","Sundance Film Festival","Berlin International Film Festival","Film Fest Gent","Cannes Film Festival","Cannes Film Festival","Sundance Film Festival","Hungarian Film Week","Venice Film Festival","Hungarian Film Week"]},{"index":4,"name":"col4","values":["2019-02-03","2019-04-20","2016-03-06","2017-03-05","2017-09-09","2017-01-29","2017-02-18","2016-10-21","2017-10-20","2016-09-18","2016-09-10","2016-01-31","2016-02-21","2015-10-24","2016-05-22","2017-05-28","2019-02-03","2019-04-27","2015-09-12","2018-02-11"]},{"index":5,"name":"col5","values":["Netherlands","United States of America","Hungary","Hungary","Italy","United States of America","Germany","Belgium","Belgium","Canada","Italy","United States of America","Germany","Belgium","France","France","United States of America","Hungary","Italy","Hungary"]},{"index":6,"name":"col6","values":["49th International Film Festival Rotterdam","2020 San Diego Film Week","3rd Hungarian Film Week","4th Hungarian Film Week","75th Venice International Film Festival","2018 Sundance Film Festival","68th Berlin International Film Festival","44rd Film Fest Gent","45th Film Fest Gent","2017 Toronto International Film Festival","74th Venice International Film Festival","2017 Sundance Film Festival","67th Berlin International Film Festival","43rd Film Fest Gent","2017 Cannes Film Festival","2018 Cannes Film Festival","2020 Sundance Film Festival","5th Hungarian Film Week","73rd Venice International Film Festival","5th Hungarian Film Week"]}]},"context":{"page_title":null,"page_url":null,"page_entity_id":null,"content_hierarchy":[]},"links":[[[{"start":0,"end":42,"url":null,"entity_id":"Q61653888","candidates":[]}],[{"start":0,"end":9,"url":null,"entity_id":"Q34370","candidates":[]}],[{"start":0,"end":42,"url":null,"entity_id":"Q61654036","candidates":[]}],[{"start":0,"end":37,"url":null,"entity_id":"Q1666554","candidates":[]}],[],[{"start":0,"end":11,"url":null,"entity_id":"Q55","candidates":[]}],[{"start":0,"end":42,"url":null,"entity_id":"Q79792227","candidates":[]}]],[[{"start":0,"end":24,"url":null,"entity_id":"Q62666161","candidates":[]}],[{"start":0,"end":9,"url":null,"entity_id":"Q16552","candidates":[]}],[{"start":0,"end":24,"url":null,"entity_id":"Q31599812","candidates":[]}],[{"start":0,"end":19,"url":null,"entity_id":"Q28485515","candidates":[]}],[],[{"start":0,"end":24,"url":null,"entity_id":"Q30","candidates":[]}],[{"start":0,"end":24,"url":null,"entity_id":"Q70940639","candidates":[]}]],[[{"start":0,"end":23,"url":null,"entity_id":"Q28972891","candidates":[]}],[{"start":0,"end":8,"url":null,"entity_id":"Q1781","candidates":[]}],[{"start":0,"end":23,"url":null,"entity_id":"Q28963378","candidates":[]}],[{"start":0,"end":19,"url":null,"entity_id":"Q28923774","candidates":[]}],[],[{"start":0,"end":7,"url":null,"entity_id":"Q28","candidates":[]}],[{"start":0,"end":23,"url":null,"entity_id":"Q28963402","candidates":[]}]],[[{"start":0,"end":23,"url":null,"entity_id":"Q28963402","candidates":[]}],[{"start":0,"end":8,"url":null,"entity_id":"Q1781","candidates":[]}],[{"start":0,"end":23,"url":null,"entity_id":"Q28972891","candidates":[]}],[{"start":0,"end":19,"url":null,"entity_id":"Q28923774","candidates":[]}],[],[{"start":0,"end":7,"url":null,"entity_id":"Q28","candidates":[]}],[{"start":0,"end":23,"url":null,"entity_id":"Q44515553","candidates":[]}]],[[{"start":0,"end":39,"url":null,"entity_id":"Q28445205","candidates":[]}],[{"start":0,"end":6,"url":null,"entity_id":"Q641","candidates":[]}],[{"start":0,"end":39,"url":null,"entity_id":"Q22905781","candidates":[]}],[{"start":0,"end":20,"url":null,"entity_id":"Q49024","candidates":[]}],[],[{"start":0,"end":5,"url":null,"entity_id":"Q38","candidates":[]}],[{"start":0,"end":39,"url":null,"entity_id":"Q48684904","candidates":[]}]],[[{"start":0,"end":27,"url":null,"entity_id":"Q27956421","candidates":[]}],[{"start":0,"end":14,"url":null,"entity_id":"Q23337","candidates":[]}],[{"start":0,"end":27,"url":null,"entity_id":"Q21795310","candidates":[]}],[{"start":0,"end":22,"url":null,"entity_id":"Q189887","candidates":[]}],[],[{"start":0,"end":24,"url":null,"entity_id":"Q30","candidates":[]}],[{"start":0,"end":27,"url":null,"entity_id":"Q44478761","candidates":[]}]],[[{"start":0,"end":39,"url":null,"entity_id":"Q27885683","candidates":[]}],[{"start":0,"end":6,"url":null,"entity_id":"Q64","candidates":[]}],[{"start":0,"end":39,"url":null,"entity_id":"Q21600317","candidates":[]}],[{"start":0,"end":34,"url":null,"entity_id":"Q130871","candidates":[]}],[],[{"start":0,"end":7,"url":null,"entity_id":"Q183","candidates":[]}],[{"start":0,"end":39,"url":null,"entity_id":"Q42562641","candidates":[]}]],[[{"start":0,"end":19,"url":null,"entity_id":"Q27207185","candidates":[]}],[{"start":0,"end":5,"url":null,"entity_id":"Q1296","candidates":[]}],[{"start":0,"end":19,"url":null,"entity_id":"Q21096979","candidates":[]}],[{"start":0,"end":14,"url":null,"entity_id":"Q1427084","candidates":[]}],[],[{"start":0,"end":7,"url":null,"entity_id":"Q31","candidates":[]}],[{"start":0,"end":19,"url":null,"entity_id":"Q27921644","candidates":[]}]],[[{"start":0,"end":19,"url":null,"entity_id":"Q27921644","candidates":[]}],[{"start":0,"end":5,"url":null,"entity_id":"Q1296","candidates":[]}],[{"start":0,"end":19,"url":null,"entity_id":"Q27207185","candidates":[]}],[{"start":0,"end":14,"url":null,"entity_id":"Q1427084","candidates":[]}],[],[{"start":0,"end":7,"url":null,"entity_id":"Q31","candidates":[]}],[{"start":0,"end":19,"url":null,"entity_id":"Q57563973","candidates":[]}]],[[{"start":0,"end":40,"url":null,"entity_id":"Q22905775","candidates":[]}],[{"start":0,"end":7,"url":null,"entity_id":"Q172","candidates":[]}],[{"start":0,"end":40,"url":null,"entity_id":"Q19604590","candidates":[]}],[{"start":0,"end":35,"url":null,"entity_id":"Q390018","candidates":[]}],[],[{"start":0,"end":6,"url":null,"entity_id":"Q16","candidates":[]}],[{"start":0,"end":40,"url":null,"entity_id":"Q28445236","candidates":[]}]],[[{"start":0,"end":39,"url":null,"entity_id":"Q22905781","candidates":[]}],[{"start":0,"end":6,"url":null,"entity_id":"Q641","candidates":[]}],[{"start":0,"end":39,"url":null,"entity_id":"Q18950365","candidates":[]}],[{"start":0,"end":20,"url":null,"entity_id":"Q49024","candidates":[]}],[],[{"start":0,"end":5,"url":null,"entity_id":"Q38","candidates":[]}],[{"start":0,"end":39,"url":null,"entity_id":"Q28445205","candidates":[]}]],[[{"start":0,"end":27,"url":null,"entity_id":"Q21795310","candidates":[]}],[{"start":0,"end":14,"url":null,"entity_id":"Q23337","candidates":[]}],[{"start":0,"end":27,"url":null,"entity_id":"Q18916054","candidates":[]}],[{"start":0,"end":22,"url":null,"entity_id":"Q189887","candidates":[]}],[],[{"start":0,"end":24,"url":null,"entity_id":"Q30","candidates":[]}],[{"start":0,"end":27,"url":null,"entity_id":"Q27956421","candidates":[]}]],[[{"start":0,"end":39,"url":null,"entity_id":"Q21600317","candidates":[]}],[{"start":0,"end":6,"url":null,"entity_id":"Q64","candidates":[]}],[{"start":0,"end":39,"url":null,"entity_id":"Q18208614","candidates":[]}],[{"start":0,"end":34,"url":null,"entity_id":"Q130871","candidates":[]}],[],[{"start":0,"end":7,"url":null,"entity_id":"Q183","candidates":[]}],[{"start":0,"end":39,"url":null,"entity_id":"Q27885683","candidates":[]}]],[[{"start":0,"end":19,"url":null,"entity_id":"Q21096979","candidates":[]}],[{"start":0,"end":5,"url":null,"entity_id":"Q1296","candidates":[]}],[{"start":0,"end":19,"url":null,"entity_id":"Q18433398","candidates":[]}],[{"start":0,"end":14,"url":null,"entity_id":"Q1427084","candidates":[]}],[],[{"start":0,"end":7,"url":null,"entity_id":"Q31","candidates":[]}],[{"start":0,"end":19,"url":null,"entity_id":"Q27207185","candidates":[]}]],[[{"start":0,"end":25,"url":null,"entity_id":"Q21061237","candidates":[]}],[{"start":0,"end":6,"url":null,"entity_id":"Q39984","candidates":[]}],[{"start":0,"end":25,"url":null,"entity_id":"Q18348657","candidates":[]}],[{"start":0,"end":20,"url":null,"entity_id":"Q42369","candidates":[]}],[],[{"start":0,"end":6,"url":null,"entity_id":"Q142","candidates":[]}],[{"start":0,"end":25,"url":null,"entity_id":"Q24204092","candidates":[]}]],[[{"start":0,"end":25,"url":null,"entity_id":"Q24204092","candidates":[]}],[{"start":0,"end":6,"url":null,"entity_id":"Q39984","candidates":[]}],[{"start":0,"end":25,"url":null,"entity_id":"Q21061237","candidates":[]}],[{"start":0,"end":20,"url":null,"entity_id":"Q42369","candidates":[]}],[],[{"start":0,"end":6,"url":null,"entity_id":"Q142","candidates":[]}],[{"start":0,"end":25,"url":null,"entity_id":"Q43119724","candidates":[]}]],[[{"start":0,"end":27,"url":null,"entity_id":"Q59156630","candidates":[]}],[{"start":0,"end":14,"url":null,"entity_id":"Q23337","candidates":[]}],[{"start":0,"end":27,"url":null,"entity_id":"Q44478761","candidates":[]}],[{"start":0,"end":22,"url":null,"entity_id":"Q189887","candidates":[]}],[],[{"start":0,"end":24,"url":null,"entity_id":"Q30","candidates":[]}],[{"start":0,"end":27,"url":null,"entity_id":"Q76412985","candidates":[]}]],[[{"start":0,"end":23,"url":null,"entity_id":"Q60496165","candidates":[]}],[{"start":0,"end":8,"url":null,"entity_id":"Q1781","candidates":[]}],[{"start":0,"end":23,"url":null,"entity_id":"Q44515553","candidates":[]}],[{"start":0,"end":19,"url":null,"entity_id":"Q28923774","candidates":[]}],[],[{"start":0,"end":7,"url":null,"entity_id":"Q28","candidates":[]}],[{"start":0,"end":23,"url":null,"entity_id":"Q85964446","candidates":[]}]],[[{"start":0,"end":39,"url":null,"entity_id":"Q18950365","candidates":[]}],[{"start":0,"end":6,"url":null,"entity_id":"Q641","candidates":[]}],[{"start":0,"end":39,"url":null,"entity_id":"Q16023169","candidates":[]}],[{"start":0,"end":20,"url":null,"entity_id":"Q49024","candidates":[]}],[],[{"start":0,"end":5,"url":null,"entity_id":"Q38","candidates":[]}],[{"start":0,"end":39,"url":null,"entity_id":"Q22905781","candidates":[]}]],[[{"start":0,"end":23,"url":null,"entity_id":"Q44515553","candidates":[]}],[{"start":0,"end":8,"url":null,"entity_id":"Q1781","candidates":[]}],[{"start":0,"end":23,"url":null,"entity_id":"Q28963402","candidates":[]}],[{"start":0,"end":19,"url":null,"entity_id":"Q28923774","candidates":[]}],[],[{"start":0,"end":7,"url":null,"entity_id":"Q28","candidates":[]}],[{"start":0,"end":23,"url":null,"entity_id":"Q60496165","candidates":[]}]]]}