{"version":"1.2","table":{"version":"2","table_id":"5S4YERA7","columns":[{"index":0,"name":"col0","values":["Pfarrkirche Sankt Peter bei Taggenbrunn","Eilsum Church (Krummhörn)","St. Peter","St. Markus","Pfarrkirche Mauthen","Laurentiuskirche","St. Laurentius","Mariä Himmelfahrt (Walting)","St. Ulrich","St. Ulrich","St. Crucis (Espenfeld)","St. Vitus (Langweid am Lech)","Pfarrkirche Untergreutschach","St. Martin","St. Wolfgang","St. Sola","Sankt Nikolaus (Pfünz)","St. Benedikt (Landershofen)","Bartholomäuskirche (Maßbach)","St. Trinitatis (Sohnstedt)"]},{"index":1,"name":"col1","values":["Sankt Georgen am Längsee","Krummhörn","Petersaurach","Weiden an der March","Kötschach-Mauthen","Pleinfeld","Bavaria","Pleinfeld","Obermehler","Suhl","Arnstadt","Bavaria","Griffen","Heidenheim","Gunzenhausen","Solnhofen","Bavaria","Bavaria","Bavaria","Mönchenholzhausen"]},{"index":2,"name":"col2","values":["Peter","Peter","Peter","Mark the Evangelist","Mark the Evangelist","Lawrence of Rome","Lawrence of Rome","Virgin Mary","Ulrich of Augsburg","Ulrich of Augsburg","True Cross","Vitus","Martin of Tours","Martin of Tours","Wolfgang of Regensburg","Solus","Saint Nicholas","Benedict of Nursia","Bartholomew the Apostle","Trinity"]}]},"context":{"page_title":null,"page_url":null,"page_entity_id":null,"content_hierarchy":[]},"links":[[[{"start":0,"end":39,"url":null,"entity_id":"Q2083148","candidates":[]}],[{"start":0,"end":24,"url":null,"entity_id":"Q664135","candidates":[]}],[{"start":0,"end":5,"url":null,"entity_id":"Q33923","candidates":[]}]],[[{"start":0,"end":25,"url":null,"entity_id":"Q719347","candidates":[]}],[{"start":0,"end":9,"url":null,"entity_id":"Q559432","candidates":[]}],[{"start":0,"end":5,"url":null,"entity_id":"Q33923","candidates":[]}]],[[{"start":0,"end":9,"url":null,"entity_id":"Q2322547","candidates":[]}],[{"start":0,"end":12,"url":null,"entity_id":"Q507397","candidates":[]}],[{"start":0,"end":5,"url":null,"entity_id":"Q33923","candidates":[]}]],[[{"start":0,"end":10,"url":null,"entity_id":"Q2801566","candidates":[]}],[{"start":0,"end":19,"url":null,"entity_id":"Q677047","candidates":[]}],[{"start":0,"end":19,"url":null,"entity_id":"Q31966","candidates":[]}]],[[{"start":0,"end":19,"url":null,"entity_id":"Q2082830","candidates":[]}],[{"start":0,"end":17,"url":null,"entity_id":"Q667212","candidates":[]}],[{"start":0,"end":19,"url":null,"entity_id":"Q31966","candidates":[]}]],[[{"start":0,"end":16,"url":null,"entity_id":"Q5955937","candidates":[]}],[{"start":0,"end":9,"url":null,"entity_id":"Q252320","candidates":[]}],[{"start":0,"end":16,"url":null,"entity_id":"Q17590","candidates":[]}]],[[{"start":0,"end":14,"url":null,"entity_id":"Q2320173","candidates":[]}],[{"start":0,"end":7,"url":null,"entity_id":"Q980","candidates":[]}],[{"start":0,"end":16,"url":null,"entity_id":"Q17590","candidates":[]}]],[[{"start":0,"end":27,"url":null,"entity_id":"Q1532920","candidates":[]}],[{"start":0,"end":9,"url":null,"entity_id":"Q252320","candidates":[]}],[{"start":0,"end":11,"url":null,"entity_id":"Q345","candidates":[]}]],[[{"start":0,"end":10,"url":null,"entity_id":"Q17127515","candidates":[]}],[{"start":0,"end":10,"url":null,"entity_id":"Q637507","candidates":[]}],[{"start":0,"end":18,"url":null,"entity_id":"Q714866","candidates":[]}]],[[{"start":0,"end":10,"url":null,"entity_id":"Q18631045","candidates":[]}],[{"start":0,"end":4,"url":null,"entity_id":"Q14891","candidates":[]}],[{"start":0,"end":18,"url":null,"entity_id":"Q714866","candidates":[]}]],[[{"start":0,"end":22,"url":null,"entity_id":"Q15848461","candidates":[]}],[{"start":0,"end":8,"url":null,"entity_id":"Q490665","candidates":[]}],[{"start":0,"end":10,"url":null,"entity_id":"Q380356","candidates":[]}]],[[{"start":0,"end":28,"url":null,"entity_id":"Q18510484","candidates":[]}],[{"start":0,"end":7,"url":null,"entity_id":"Q980","candidates":[]}],[{"start":0,"end":5,"url":null,"entity_id":"Q212850","candidates":[]}]],[[{"start":0,"end":28,"url":null,"entity_id":"Q18025338","candidates":[]}],[{"start":0,"end":7,"url":null,"entity_id":"Q696964","candidates":[]}],[{"start":0,"end":15,"url":null,"entity_id":"Q133704","candidates":[]}]],[[{"start":0,"end":10,"url":null,"entity_id":"Q21554226","candidates":[]}],[{"start":0,"end":10,"url":null,"entity_id":"Q548982","candidates":[]}],[{"start":0,"end":15,"url":null,"entity_id":"Q133704","candidates":[]}]],[[{"start":0,"end":12,"url":null,"entity_id":"Q21683153","candidates":[]}],[{"start":0,"end":12,"url":null,"entity_id":"Q503640","candidates":[]}],[{"start":0,"end":22,"url":null,"entity_id":"Q60889","candidates":[]}]],[[{"start":0,"end":8,"url":null,"entity_id":"Q20754435","candidates":[]}],[{"start":0,"end":9,"url":null,"entity_id":"Q572949","candidates":[]}],[{"start":0,"end":5,"url":null,"entity_id":"Q50803","candidates":[]}]],[[{"start":0,"end":22,"url":null,"entity_id":"Q24075243","candidates":[]}],[{"start":0,"end":7,"url":null,"entity_id":"Q980","candidates":[]}],[{"start":0,"end":14,"url":null,"entity_id":"Q44269","candidates":[]}]],[[{"start":0,"end":27,"url":null,"entity_id":"Q20978657","candidates":[]}],[{"start":0,"end":7,"url":null,"entity_id":"Q980","candidates":[]}],[{"start":0,"end":18,"url":null,"entity_id":"Q44265","candidates":[]}]],[[{"start":0,"end":28,"url":null,"entity_id":"Q15848445","candidates":[]}],[{"start":0,"end":7,"url":null,"entity_id":"Q980","candidates":[]}],[{"start":0,"end":23,"url":null,"entity_id":"Q43982","candidates":[]}]],[[{"start":0,"end":26,"url":null,"entity_id":"Q15129845","candidates":[]}],[{"start":0,"end":17,"url":null,"entity_id":"Q285717","candidates":[]}],[{"start":0,"end":7,"url":null,"entity_id":"Q37090","candidates":[]}]]]}