{"version":"1.2","table":{"version":"2","table_id":"5TV8SNHE","columns":[{"index":0,"name":"col0","values":["TYC 8005-1060-1","KOI-1827","KOI-1054","LAMOST J192331.87+440557.5","OQ Vel","HD 73818","HD 73730","HD 73709","HD 73618","HD 73045","HD 72942","HD 70826","HD 22879","HD 45282","HD 37210","CPD-19 6897","Cl* NGC 3293 ESL 94","HD 8862","HD 58599","HD 58585"]},{"index":1,"name":"col1","values":["31600","7","205","320","16000","10500","9300","6000","7400","11200","8000","1150","22900","1700","7330","31600","56000","2040","3100","83"]},{"index":2,"name":"col2","values":["3800","4164","5212","4664","7900","7470","8070","8070","8170","7570","8450","5228","5901","5422","6999","12800","19600","10740","13203","7240"]},{"index":3,"name":"col3","values":["114","232","5.5","122","104","65","35","45","62","20","58","6.1","2.816","3.6","413.228","15","70","64","17","21"]},{"index":4,"name":"col4","values":["0.2","1.396","-9.978","-2.491","-19.714","-35.823","-36.527","-35.839","-35.342","-36.146","-34.491","-6.161","690.662","-89.269","0.487","-5.736","-7.963","-7.164","-11.323","-2.865"]}]},"context":{"page_title":null,"page_url":null,"page_entity_id":null,"content_hierarchy":[]},"links":[[[{"start":0,"end":15,"url":null,"entity_id":"Q86970697","candidates":[]}],[],[],[],[]],[[{"start":0,"end":8,"url":null,"entity_id":"Q86853644","candidates":[]}],[],[],[],[]],[[{"start":0,"end":8,"url":null,"entity_id":"Q86843900","candidates":[]}],[],[],[],[]],[[{"start":0,"end":26,"url":null,"entity_id":"Q84064844","candidates":[]}],[],[],[],[]],[[{"start":0,"end":6,"url":null,"entity_id":"Q12070193","candidates":[]}],[],[],[],[]],[[{"start":0,"end":8,"url":null,"entity_id":"Q12070137","candidates":[]}],[],[],[],[]],[[{"start":0,"end":8,"url":null,"entity_id":"Q12070133","candidates":[]}],[],[],[],[]],[[{"start":0,"end":8,"url":null,"entity_id":"Q12070129","candidates":[]}],[],[],[],[]],[[{"start":0,"end":8,"url":null,"entity_id":"Q12070124","candidates":[]}],[],[],[],[]],[[{"start":0,"end":8,"url":null,"entity_id":"Q12070101","candidates":[]}],[],[],[],[]],[[{"start":0,"end":8,"url":null,"entity_id":"Q12070098","candidates":[]}],[],[],[],[]],[[{"start":0,"end":8,"url":null,"entity_id":"Q12070023","candidates":[]}],[],[],[],[]],[[{"start":0,"end":8,"url":null,"entity_id":"Q66531049","candidates":[]}],[],[],[],[]],[[{"start":0,"end":8,"url":null,"entity_id":"Q80233193","candidates":[]}],[],[],[],[]],[[{"start":0,"end":8,"url":null,"entity_id":"Q16688032","candidates":[]}],[],[],[],[]],[[{"start":0,"end":11,"url":null,"entity_id":"Q12072209","candidates":[]}],[],[],[],[]],[[{"start":0,"end":19,"url":null,"entity_id":"Q12072172","candidates":[]}],[],[],[],[]],[[{"start":0,"end":7,"url":null,"entity_id":"Q12070672","candidates":[]}],[],[],[],[]],[[{"start":0,"end":8,"url":null,"entity_id":"Q3781371","candidates":[]}],[],[],[],[]],[[{"start":0,"end":8,"url":null,"entity_id":"Q3781370","candidates":[]}],[],[],[],[]]]}