{"version":"1.2","table":{"version":"2","table_id":"5UIZH3RH","columns":[{"index":0,"name":"col0","values":["Salem County","Ocean County","Warren County","Gloucester County","Union County","Hunterdon County","Monmouth County","Somerset County","Morris County","Atlantic County","Cumberland County","Camden County","Cape May County","Mercer County","Middlesex County","Sussex County","Passaic County","Hudson County","Burlington County","Essex County"]},{"index":1,"name":"col1","values":["10.86","31.31","1.64","4.5","2.42","2.2","29.54","1","4.45","17.28","28.62","2.32","59.47","1.89","4.31","3.12","6.35","25.87","2.59","2.64"]},{"index":2,"name":"col2","values":["65166","583414","107379","290265","548256","126250","629672","330585","499397","275862","157332","512854","95897","370414","828919","145992","505672","660282","450838","789565"]}]},"context":{"page_title":null,"page_url":null,"page_entity_id":null,"content_hierarchy":[]},"links":[[[{"start":0,"end":12,"url":null,"entity_id":"Q502587","candidates":[]}],[],[]],[[{"start":0,"end":12,"url":null,"entity_id":"Q502564","candidates":[]}],[],[]],[[{"start":0,"end":13,"url":null,"entity_id":"Q502468","candidates":[]}],[],[]],[[{"start":0,"end":17,"url":null,"entity_id":"Q502463","candidates":[]}],[],[]],[[{"start":0,"end":12,"url":null,"entity_id":"Q502459","candidates":[]}],[],[]],[[{"start":0,"end":16,"url":null,"entity_id":"Q502451","candidates":[]}],[],[]],[[{"start":0,"end":15,"url":null,"entity_id":"Q502424","candidates":[]}],[],[]],[[{"start":0,"end":15,"url":null,"entity_id":"Q502414","candidates":[]}],[],[]],[[{"start":0,"end":13,"url":null,"entity_id":"Q498163","candidates":[]}],[],[]],[[{"start":0,"end":15,"url":null,"entity_id":"Q497928","candidates":[]}],[],[]],[[{"start":0,"end":17,"url":null,"entity_id":"Q497845","candidates":[]}],[],[]],[[{"start":0,"end":13,"url":null,"entity_id":"Q497810","candidates":[]}],[],[]],[[{"start":0,"end":15,"url":null,"entity_id":"Q497795","candidates":[]}],[],[]],[[{"start":0,"end":13,"url":null,"entity_id":"Q496886","candidates":[]}],[],[]],[[{"start":0,"end":16,"url":null,"entity_id":"Q496862","candidates":[]}],[],[]],[[{"start":0,"end":13,"url":null,"entity_id":"Q495998","candidates":[]}],[],[]],[[{"start":0,"end":14,"url":null,"entity_id":"Q495974","candidates":[]}],[],[]],[[{"start":0,"end":13,"url":null,"entity_id":"Q490505","candidates":[]}],[],[]],[[{"start":0,"end":17,"url":null,"entity_id":"Q138141","candidates":[]}],[],[]],[[{"start":0,"end":12,"url":null,"entity_id":"Q128077","candidates":[]}],[],[]]]}