{"version":"1.2","table":{"version":"2","table_id":"5UQUP0ZL","columns":[{"index":0,"name":"col0","values":["La Paz Incident","2019 Hong Kong International Airport protest","Battle of Shuangqiaozhen","2014 Odessa clashes","Crabb Massacre","First Fiji Expedition","Black Hawk War","Colorado Coalfield War","Operation Herring","Battle of Munfordville","Battle of Albuquerque","Siege of Huy","Insurgency in the Preševo Valley","Walcheren Campaign","Gunpowder Incident","Shenandoah Valley Campaign","Battle of McDowell","Sherman's March to the Sea","Siege of Jebus","M23 rebellion"]},{"index":1,"name":"col1","values":["American Civil War","2019–2020 Hong Kong protests","Chinese Civil War","Ukrainian crisis","Reform War","Fiji Expeditions","Ute Wars","Coal Wars","World War II","American Civil War","American Civil War","Eighty Years' War","Yugoslav Wars","War of the Fifth Coalition","American Revolutionary War","American Civil War","American Civil War","American Civil War","Template:Campaignbox Later Israelite Campaigns","Kivu conflict"]},{"index":2,"name":"col2","values":["Arizona","Islands District","Henan","Odessa","Sonora","Fiji","Utah Territory","Colorado","Province of Mantua","Kentucky","New Mexico","Huy","Pčinja District","Zeeland","Virginia","Virginia","Virginia","United States of America","Jerusalem","North Kivu"]},{"index":3,"name":"col3","values":["United States of America","People's Republic of China","People's Republic of China","Ukraine","Mexico","Fiji","United States of America","United States of America","Italy","United States of America","United States of America","Belgium","Serbia","Netherlands","United States of America","United States of America","United States of America","United States of America","Israel","Democratic Republic of the Congo"]}]},"context":{"page_title":null,"page_url":null,"page_entity_id":null,"content_hierarchy":[]},"links":[[[{"start":0,"end":15,"url":null,"entity_id":"Q6464335","candidates":[]}],[{"start":0,"end":18,"url":null,"entity_id":"Q8676","candidates":[]}],[{"start":0,"end":7,"url":null,"entity_id":"Q816","candidates":[]}],[{"start":0,"end":24,"url":null,"entity_id":"Q30","candidates":[]}]],[[{"start":0,"end":44,"url":null,"entity_id":"Q67635900","candidates":[]}],[{"start":0,"end":28,"url":null,"entity_id":"Q64509602","candidates":[]}],[{"start":0,"end":16,"url":null,"entity_id":"Q752523","candidates":[]}],[{"start":0,"end":26,"url":null,"entity_id":"Q148","candidates":[]}]],[[{"start":0,"end":24,"url":null,"entity_id":"Q15940930","candidates":[]}],[{"start":0,"end":17,"url":null,"entity_id":"Q179975","candidates":[]}],[{"start":0,"end":5,"url":null,"entity_id":"Q43684","candidates":[]}],[{"start":0,"end":26,"url":null,"entity_id":"Q148","candidates":[]}]],[[{"start":0,"end":19,"url":null,"entity_id":"Q19429010","candidates":[]}],[{"start":0,"end":16,"url":null,"entity_id":"Q16918333","candidates":[]}],[{"start":0,"end":6,"url":null,"entity_id":"Q1874","candidates":[]}],[{"start":0,"end":7,"url":null,"entity_id":"Q212","candidates":[]}]],[[{"start":0,"end":14,"url":null,"entity_id":"Q5180256","candidates":[]}],[{"start":0,"end":10,"url":null,"entity_id":"Q2091916","candidates":[]}],[{"start":0,"end":6,"url":null,"entity_id":"Q46422","candidates":[]}],[{"start":0,"end":6,"url":null,"entity_id":"Q96","candidates":[]}]],[[{"start":0,"end":21,"url":null,"entity_id":"Q5453007","candidates":[]}],[{"start":0,"end":16,"url":null,"entity_id":"Q5448117","candidates":[]}],[{"start":0,"end":4,"url":null,"entity_id":"Q712","candidates":[]}],[{"start":0,"end":4,"url":null,"entity_id":"Q712","candidates":[]}]],[[{"start":0,"end":14,"url":null,"entity_id":"Q4920891","candidates":[]}],[{"start":0,"end":8,"url":null,"entity_id":"Q7902616","candidates":[]}],[{"start":0,"end":14,"url":null,"entity_id":"Q128026","candidates":[]}],[{"start":0,"end":24,"url":null,"entity_id":"Q30","candidates":[]}]],[[{"start":0,"end":22,"url":null,"entity_id":"Q5148759","candidates":[]}],[{"start":0,"end":9,"url":null,"entity_id":"Q5137792","candidates":[]}],[{"start":0,"end":8,"url":null,"entity_id":"Q1261","candidates":[]}],[{"start":0,"end":24,"url":null,"entity_id":"Q30","candidates":[]}]],[[{"start":0,"end":17,"url":null,"entity_id":"Q3883973","candidates":[]}],[{"start":0,"end":12,"url":null,"entity_id":"Q362","candidates":[]}],[{"start":0,"end":18,"url":null,"entity_id":"Q16204","candidates":[]}],[{"start":0,"end":5,"url":null,"entity_id":"Q38","candidates":[]}]],[[{"start":0,"end":22,"url":null,"entity_id":"Q2904764","candidates":[]}],[{"start":0,"end":18,"url":null,"entity_id":"Q8676","candidates":[]}],[{"start":0,"end":8,"url":null,"entity_id":"Q1603","candidates":[]}],[{"start":0,"end":24,"url":null,"entity_id":"Q30","candidates":[]}]],[[{"start":0,"end":21,"url":null,"entity_id":"Q2659718","candidates":[]}],[{"start":0,"end":18,"url":null,"entity_id":"Q8676","candidates":[]}],[{"start":0,"end":10,"url":null,"entity_id":"Q1522","candidates":[]}],[{"start":0,"end":24,"url":null,"entity_id":"Q30","candidates":[]}]],[[{"start":0,"end":12,"url":null,"entity_id":"Q14632126","candidates":[]}],[{"start":0,"end":17,"url":null,"entity_id":"Q164432","candidates":[]}],[{"start":0,"end":3,"url":null,"entity_id":"Q207095","candidates":[]}],[{"start":0,"end":7,"url":null,"entity_id":"Q31","candidates":[]}]],[[{"start":0,"end":32,"url":null,"entity_id":"Q1030724","candidates":[]}],[{"start":0,"end":13,"url":null,"entity_id":"Q242352","candidates":[]}],[{"start":0,"end":15,"url":null,"entity_id":"Q1061099","candidates":[]}],[{"start":0,"end":6,"url":null,"entity_id":"Q403","candidates":[]}]],[[{"start":0,"end":18,"url":null,"entity_id":"Q1080899","candidates":[]}],[{"start":0,"end":26,"url":null,"entity_id":"Q684324","candidates":[]}],[{"start":0,"end":7,"url":null,"entity_id":"Q705","candidates":[]}],[{"start":0,"end":11,"url":null,"entity_id":"Q55","candidates":[]}]],[[{"start":0,"end":18,"url":null,"entity_id":"Q985470","candidates":[]}],[{"start":0,"end":26,"url":null,"entity_id":"Q40949","candidates":[]}],[{"start":0,"end":8,"url":null,"entity_id":"Q1370","candidates":[]}],[{"start":0,"end":24,"url":null,"entity_id":"Q30","candidates":[]}]],[[{"start":0,"end":26,"url":null,"entity_id":"Q1153610","candidates":[]}],[{"start":0,"end":18,"url":null,"entity_id":"Q8676","candidates":[]}],[{"start":0,"end":8,"url":null,"entity_id":"Q1370","candidates":[]}],[{"start":0,"end":24,"url":null,"entity_id":"Q30","candidates":[]}]],[[{"start":0,"end":18,"url":null,"entity_id":"Q855913","candidates":[]}],[{"start":0,"end":18,"url":null,"entity_id":"Q8676","candidates":[]}],[{"start":0,"end":8,"url":null,"entity_id":"Q1370","candidates":[]}],[{"start":0,"end":24,"url":null,"entity_id":"Q30","candidates":[]}]],[[{"start":0,"end":26,"url":null,"entity_id":"Q1052780","candidates":[]}],[{"start":0,"end":18,"url":null,"entity_id":"Q8676","candidates":[]}],[{"start":0,"end":24,"url":null,"entity_id":"Q30","candidates":[]}],[{"start":0,"end":24,"url":null,"entity_id":"Q30","candidates":[]}]],[[{"start":0,"end":14,"url":null,"entity_id":"Q7510114","candidates":[]}],[{"start":0,"end":46,"url":null,"entity_id":"Q6855985","candidates":[]}],[{"start":0,"end":9,"url":null,"entity_id":"Q1218","candidates":[]}],[{"start":0,"end":6,"url":null,"entity_id":"Q801","candidates":[]}]],[[{"start":0,"end":13,"url":null,"entity_id":"Q82962","candidates":[]}],[{"start":0,"end":13,"url":null,"entity_id":"Q327237","candidates":[]}],[{"start":0,"end":10,"url":null,"entity_id":"Q130625","candidates":[]}],[{"start":0,"end":32,"url":null,"entity_id":"Q974","candidates":[]}]]]}