{"version":"1.2","table":{"version":"2","table_id":"5V2S9JK2","columns":[{"index":0,"name":"col0","values":["Kanchikacherla mandal","Avanigadda mandal","Tadepalligudem mandal","Atchampet mandal","Ponnur mandal","Vuyyuru mandal","Pedakakani mandal","Nizampatnam mandal","Ibrahimpatnam mandal","Nandigama mandal","Bapatla mandal","Amaravathi mandal","Mangalagiri mandal","Srikalahasti mandal","Chandarllapadu Mandal","Ongole mandal","Dhone mandal","Jami mandal","Etcherla mandal","Bhattiprolu mandal"]},{"index":1,"name":"col1","values":["173.8","80.08","199.26","191.17","25.64","103.18","116.46","13046","104.81","189.68","233.91","202.79","101.31","420.59","223.02","19681","4790","2705","404","112.92"]},{"index":2,"name":"col2","values":["19897","11954","53034","15068","34297","21682","19990","17086","27827","24662","38605","17502","42639","34860","16489","64690","2568","14855","21805","15372"]},{"index":3,"name":"col3","values":["71075","40986","192162","58447","123417","76703","73689","59973","103559","92291","143825","66277","160303","137637","59943","253122","120232","58066","87847","50252"]},{"index":4,"name":"col4","values":["UTC+05:30","UTC+05:30","UTC+05:30","UTC+05:30","UTC+05:30","UTC+05:30","UTC+05:30","UTC+05:30","UTC+05:30","UTC+05:00","UTC+05:30","UTC+05:30","UTC+05:30","UTC+05:30","UTC+05:30","UTC+05:30","UTC+05:30","UTC+05:30","UTC+05:30","UTC+05:30"]},{"index":5,"name":"col5","values":["67662","40986","80779","55722","63504","73767","64693","59973","29567","85405","69125","64221","53106","54064","56885","45954","60960","58066","82051","50252"]}]},"context":{"page_title":null,"page_url":null,"page_entity_id":null,"content_hierarchy":[]},"links":[[[{"start":0,"end":21,"url":null,"entity_id":"Q24946228","candidates":[]}],[],[],[],[{"start":0,"end":9,"url":null,"entity_id":"Q6828","candidates":[]}],[]],[[{"start":0,"end":17,"url":null,"entity_id":"Q24946037","candidates":[]}],[],[],[],[{"start":0,"end":9,"url":null,"entity_id":"Q6828","candidates":[]}],[]],[[{"start":0,"end":21,"url":null,"entity_id":"Q24944101","candidates":[]}],[],[],[],[{"start":0,"end":9,"url":null,"entity_id":"Q6828","candidates":[]}],[]],[[{"start":0,"end":16,"url":null,"entity_id":"Q24943595","candidates":[]}],[],[],[],[{"start":0,"end":9,"url":null,"entity_id":"Q6828","candidates":[]}],[]],[[{"start":0,"end":13,"url":null,"entity_id":"Q24906544","candidates":[]}],[],[],[],[{"start":0,"end":9,"url":null,"entity_id":"Q6828","candidates":[]}],[]],[[{"start":0,"end":14,"url":null,"entity_id":"Q24906032","candidates":[]}],[],[],[],[{"start":0,"end":9,"url":null,"entity_id":"Q6828","candidates":[]}],[]],[[{"start":0,"end":17,"url":null,"entity_id":"Q19895189","candidates":[]}],[],[],[],[{"start":0,"end":9,"url":null,"entity_id":"Q6828","candidates":[]}],[]],[[{"start":0,"end":18,"url":null,"entity_id":"Q18128770","candidates":[]}],[],[],[],[{"start":0,"end":9,"url":null,"entity_id":"Q6828","candidates":[]}],[]],[[{"start":0,"end":20,"url":null,"entity_id":"Q18125838","candidates":[]}],[],[],[],[{"start":0,"end":9,"url":null,"entity_id":"Q6828","candidates":[]}],[]],[[{"start":0,"end":16,"url":null,"entity_id":"Q24946064","candidates":[]}],[],[],[],[{"start":0,"end":9,"url":null,"entity_id":"Q6806","candidates":[]}],[]],[[{"start":0,"end":14,"url":null,"entity_id":"Q18110227","candidates":[]}],[],[],[],[{"start":0,"end":9,"url":null,"entity_id":"Q6828","candidates":[]}],[]],[[{"start":0,"end":17,"url":null,"entity_id":"Q18109580","candidates":[]}],[],[],[],[{"start":0,"end":9,"url":null,"entity_id":"Q6828","candidates":[]}],[]],[[{"start":0,"end":18,"url":null,"entity_id":"Q17071737","candidates":[]}],[],[],[],[{"start":0,"end":9,"url":null,"entity_id":"Q6828","candidates":[]}],[]],[[{"start":0,"end":19,"url":null,"entity_id":"Q16338919","candidates":[]}],[],[],[],[{"start":0,"end":9,"url":null,"entity_id":"Q6828","candidates":[]}],[]],[[{"start":0,"end":21,"url":null,"entity_id":"Q16257659","candidates":[]}],[],[],[],[{"start":0,"end":9,"url":null,"entity_id":"Q6828","candidates":[]}],[]],[[{"start":0,"end":13,"url":null,"entity_id":"Q11104042","candidates":[]}],[],[],[],[{"start":0,"end":9,"url":null,"entity_id":"Q6828","candidates":[]}],[]],[[{"start":0,"end":12,"url":null,"entity_id":"Q11033202","candidates":[]}],[],[],[],[{"start":0,"end":9,"url":null,"entity_id":"Q6828","candidates":[]}],[]],[[{"start":0,"end":11,"url":null,"entity_id":"Q11009950","candidates":[]}],[],[],[],[{"start":0,"end":9,"url":null,"entity_id":"Q6828","candidates":[]}],[]],[[{"start":0,"end":15,"url":null,"entity_id":"Q10948850","candidates":[]}],[],[],[],[{"start":0,"end":9,"url":null,"entity_id":"Q6828","candidates":[]}],[]],[[{"start":0,"end":18,"url":null,"entity_id":"Q59207485","candidates":[]}],[],[],[],[{"start":0,"end":9,"url":null,"entity_id":"Q6828","candidates":[]}],[]]]}