{"version":"1.2","table":{"version":"2","table_id":"5V49R0LO","columns":[{"index":0,"name":"col0","values":["Nit de lluna","Enclosed Garden","Rotoreliefs: optical discs","Rotoreliefs: optical discs","Rotoreliefs: optical discs","Rotoreliefs: optical discs","Marcel Duchamp, ready-mades etc. (1913-1964)","De ou par Marcel Duchamp ou Rrose Sélavy (La boîte-en valise)","Observations and Documents from the Kitchen","Vollmilch","After the Surf","F. Liszt's Works for Piano","If I Were King","Life, Suffering and Death of our Lord Jesus Christ","Huguenots","Untitled (for Chiarina)","Rotoreliefs: optical discs","Rotoreliefs: optical discs","Rotoreliefs: optical discs","Rotoreliefs: optical discs"]},{"index":1,"name":"col1","values":["Museu d'Art Jaume Morera","Royal Museum of Fine Arts Antwerp","Museum Boijmans Van Beuningen","Museum Boijmans Van Beuningen","Museum Boijmans Van Beuningen","Museum Boijmans Van Beuningen","Museum Boijmans Van Beuningen","Museum Boijmans Van Beuningen","Teresia and Rafael Lönnström Foundation art collection","Teresia and Rafael Lönnström Foundation art collection","Teresia and Rafael Lönnström Foundation art collection","Teresia and Rafael Lönnström Foundation art collection","Teresia and Rafael Lönnström Foundation art collection","Teresia and Rafael Lönnström Foundation art collection","Teresia and Rafael Lönnström Foundation art collection","Museum Boijmans Van Beuningen","Museum Boijmans Van Beuningen","Museum Boijmans Van Beuningen","Museum Boijmans Van Beuningen","Museum Boijmans Van Beuningen"]},{"index":2,"name":"col2","values":["Museu d'Art Jaume Morera","Royal Museum of Fine Arts Antwerp","Museum Boijmans Van Beuningen","Museum Boijmans Van Beuningen","Museum Boijmans Van Beuningen","Museum Boijmans Van Beuningen","Museum Boijmans Van Beuningen","Museum Boijmans Van Beuningen","Lönnström museums","Lönnström museums","Lönnström museums","Lönnström museums","Lönnström museums","Lönnström museums","Lönnström museums","Museum Boijmans Van Beuningen","Museum Boijmans Van Beuningen","Museum Boijmans Van Beuningen","Museum Boijmans Van Beuningen","Museum Boijmans Van Beuningen"]},{"index":3,"name":"col3","values":["Leandre Cristòfol","anonymous","Marcel Duchamp","Marcel Duchamp","Marcel Duchamp","Marcel Duchamp","Marcel Duchamp","Marcel Duchamp","Aulis Harmaala","Laura Beloff","Kirsi Backman","Koen Broucke","Koen Broucke","Koen Broucke","Koen Broucke","Joseph Cornell","Marcel Duchamp","Marcel Duchamp","Marcel Duchamp","Marcel Duchamp"]}]},"context":{"page_title":null,"page_url":null,"page_entity_id":null,"content_hierarchy":[]},"links":[[[{"start":0,"end":12,"url":null,"entity_id":"Q20103957","candidates":[]}],[{"start":0,"end":24,"url":null,"entity_id":"Q5476145","candidates":[]}],[{"start":0,"end":24,"url":null,"entity_id":"Q5476145","candidates":[]}],[{"start":0,"end":17,"url":null,"entity_id":"Q21936861","candidates":[]}]],[[{"start":0,"end":15,"url":null,"entity_id":"Q22076690","candidates":[]}],[{"start":0,"end":33,"url":null,"entity_id":"Q1471477","candidates":[]}],[{"start":0,"end":33,"url":null,"entity_id":"Q1471477","candidates":[]}],[{"start":0,"end":9,"url":null,"entity_id":"Q4233718","candidates":[]}]],[[{"start":0,"end":26,"url":null,"entity_id":"Q39931629","candidates":[]}],[{"start":0,"end":29,"url":null,"entity_id":"Q679527","candidates":[]}],[{"start":0,"end":29,"url":null,"entity_id":"Q679527","candidates":[]}],[{"start":0,"end":14,"url":null,"entity_id":"Q5912","candidates":[]}]],[[{"start":0,"end":26,"url":null,"entity_id":"Q39931618","candidates":[]}],[{"start":0,"end":29,"url":null,"entity_id":"Q679527","candidates":[]}],[{"start":0,"end":29,"url":null,"entity_id":"Q679527","candidates":[]}],[{"start":0,"end":14,"url":null,"entity_id":"Q5912","candidates":[]}]],[[{"start":0,"end":26,"url":null,"entity_id":"Q39931611","candidates":[]}],[{"start":0,"end":29,"url":null,"entity_id":"Q679527","candidates":[]}],[{"start":0,"end":29,"url":null,"entity_id":"Q679527","candidates":[]}],[{"start":0,"end":14,"url":null,"entity_id":"Q5912","candidates":[]}]],[[{"start":0,"end":26,"url":null,"entity_id":"Q39931604","candidates":[]}],[{"start":0,"end":29,"url":null,"entity_id":"Q679527","candidates":[]}],[{"start":0,"end":29,"url":null,"entity_id":"Q679527","candidates":[]}],[{"start":0,"end":14,"url":null,"entity_id":"Q5912","candidates":[]}]],[[{"start":0,"end":44,"url":null,"entity_id":"Q39931516","candidates":[]}],[{"start":0,"end":29,"url":null,"entity_id":"Q679527","candidates":[]}],[{"start":0,"end":29,"url":null,"entity_id":"Q679527","candidates":[]}],[{"start":0,"end":14,"url":null,"entity_id":"Q5912","candidates":[]}]],[[{"start":0,"end":61,"url":null,"entity_id":"Q39931386","candidates":[]}],[{"start":0,"end":29,"url":null,"entity_id":"Q679527","candidates":[]}],[{"start":0,"end":29,"url":null,"entity_id":"Q679527","candidates":[]}],[{"start":0,"end":14,"url":null,"entity_id":"Q5912","candidates":[]}]],[[{"start":0,"end":43,"url":null,"entity_id":"Q83948047","candidates":[]}],[{"start":0,"end":54,"url":null,"entity_id":"Q83222759","candidates":[]}],[{"start":0,"end":17,"url":null,"entity_id":"Q58636599","candidates":[]}],[{"start":0,"end":14,"url":null,"entity_id":"Q80396715","candidates":[]}]],[[{"start":0,"end":9,"url":null,"entity_id":"Q83942890","candidates":[]}],[{"start":0,"end":54,"url":null,"entity_id":"Q83222759","candidates":[]}],[{"start":0,"end":17,"url":null,"entity_id":"Q58636599","candidates":[]}],[{"start":0,"end":12,"url":null,"entity_id":"Q80311642","candidates":[]}]],[[{"start":0,"end":14,"url":null,"entity_id":"Q83942960","candidates":[]}],[{"start":0,"end":54,"url":null,"entity_id":"Q83222759","candidates":[]}],[{"start":0,"end":17,"url":null,"entity_id":"Q58636599","candidates":[]}],[{"start":0,"end":13,"url":null,"entity_id":"Q80310681","candidates":[]}]],[[{"start":0,"end":26,"url":null,"entity_id":"Q83944712","candidates":[]}],[{"start":0,"end":54,"url":null,"entity_id":"Q83222759","candidates":[]}],[{"start":0,"end":17,"url":null,"entity_id":"Q58636599","candidates":[]}],[{"start":0,"end":12,"url":null,"entity_id":"Q2497869","candidates":[]}]],[[{"start":0,"end":14,"url":null,"entity_id":"Q83944707","candidates":[]}],[{"start":0,"end":54,"url":null,"entity_id":"Q83222759","candidates":[]}],[{"start":0,"end":17,"url":null,"entity_id":"Q58636599","candidates":[]}],[{"start":0,"end":12,"url":null,"entity_id":"Q2497869","candidates":[]}]],[[{"start":0,"end":50,"url":null,"entity_id":"Q83944702","candidates":[]}],[{"start":0,"end":54,"url":null,"entity_id":"Q83222759","candidates":[]}],[{"start":0,"end":17,"url":null,"entity_id":"Q58636599","candidates":[]}],[{"start":0,"end":12,"url":null,"entity_id":"Q2497869","candidates":[]}]],[[{"start":0,"end":9,"url":null,"entity_id":"Q83944681","candidates":[]}],[{"start":0,"end":54,"url":null,"entity_id":"Q83222759","candidates":[]}],[{"start":0,"end":17,"url":null,"entity_id":"Q58636599","candidates":[]}],[{"start":0,"end":12,"url":null,"entity_id":"Q2497869","candidates":[]}]],[[{"start":0,"end":23,"url":null,"entity_id":"Q39931786","candidates":[]}],[{"start":0,"end":29,"url":null,"entity_id":"Q679527","candidates":[]}],[{"start":0,"end":29,"url":null,"entity_id":"Q679527","candidates":[]}],[{"start":0,"end":14,"url":null,"entity_id":"Q694774","candidates":[]}]],[[{"start":0,"end":26,"url":null,"entity_id":"Q39931718","candidates":[]}],[{"start":0,"end":29,"url":null,"entity_id":"Q679527","candidates":[]}],[{"start":0,"end":29,"url":null,"entity_id":"Q679527","candidates":[]}],[{"start":0,"end":14,"url":null,"entity_id":"Q5912","candidates":[]}]],[[{"start":0,"end":26,"url":null,"entity_id":"Q39931710","candidates":[]}],[{"start":0,"end":29,"url":null,"entity_id":"Q679527","candidates":[]}],[{"start":0,"end":29,"url":null,"entity_id":"Q679527","candidates":[]}],[{"start":0,"end":14,"url":null,"entity_id":"Q5912","candidates":[]}]],[[{"start":0,"end":26,"url":null,"entity_id":"Q39931703","candidates":[]}],[{"start":0,"end":29,"url":null,"entity_id":"Q679527","candidates":[]}],[{"start":0,"end":29,"url":null,"entity_id":"Q679527","candidates":[]}],[{"start":0,"end":14,"url":null,"entity_id":"Q5912","candidates":[]}]],[[{"start":0,"end":26,"url":null,"entity_id":"Q39931695","candidates":[]}],[{"start":0,"end":29,"url":null,"entity_id":"Q679527","candidates":[]}],[{"start":0,"end":29,"url":null,"entity_id":"Q679527","candidates":[]}],[{"start":0,"end":14,"url":null,"entity_id":"Q5912","candidates":[]}]]]}