{"version":"1.2","table":{"version":"2","table_id":"5WQ9D1QY","columns":[{"index":0,"name":"col0","values":["2019 Peru earthquake","2017 Oaxaca and Chiapas Earthquake argentina","2016 North Canterbury earthquake","2015 Mount Everest earthquake","1556 Shaanxi earthquake","2004 Indian Ocean earthquake","2011 Tōhoku earthquake and tsunami","1995 Neftegorsk earthquake","1976 Tangshan earthquake","Chirpan earthquake","April 2011 Miyagi earthquake","2016 Myanmar earthquake","2010 Canterbury earthquake","1963 Skopje earthquake","2016 Afghanistan earthquake","1995 Dinar earthquake","1976 Friuli earthquake","2017 earthquake in Silesia","2015 Lower Navarre earthquake","2002 Dudley earthquake"]},{"index":1,"name":"col1","values":["8","8.2","7.8","7.8","7.9","9.3","9","7.6","7.4","7","7.2","6.9","7","6.9","6.6","6.4","6.5","3.5","3.5","4.7"]},{"index":2,"name":"col2","values":["2","98","2","24","830000","227898","15896","2400","242769","107","4","2","1","1000","6","95","965","0","0","0"]}]},"context":{"page_title":null,"page_url":null,"page_entity_id":null,"content_hierarchy":[]},"links":[[[{"start":0,"end":20,"url":null,"entity_id":"Q64031974","candidates":[]}],[],[]],[[{"start":0,"end":44,"url":null,"entity_id":"Q38982786","candidates":[]}],[],[]],[[{"start":0,"end":32,"url":null,"entity_id":"Q27850765","candidates":[]}],[],[]],[[{"start":0,"end":29,"url":null,"entity_id":"Q19839023","candidates":[]}],[],[]],[[{"start":0,"end":23,"url":null,"entity_id":"Q191293","candidates":[]}],[],[]],[[{"start":0,"end":28,"url":null,"entity_id":"Q130754","candidates":[]}],[],[]],[[{"start":0,"end":34,"url":null,"entity_id":"Q36204","candidates":[]}],[],[]],[[{"start":0,"end":26,"url":null,"entity_id":"Q2666975","candidates":[]}],[],[]],[[{"start":0,"end":24,"url":null,"entity_id":"Q462195","candidates":[]}],[],[]],[[{"start":0,"end":18,"url":null,"entity_id":"Q12299195","candidates":[]}],[],[]],[[{"start":0,"end":28,"url":null,"entity_id":"Q1066427","candidates":[]}],[],[]],[[{"start":0,"end":23,"url":null,"entity_id":"Q23809830","candidates":[]}],[],[]],[[{"start":0,"end":26,"url":null,"entity_id":"Q750144","candidates":[]}],[],[]],[[{"start":0,"end":22,"url":null,"entity_id":"Q578179","candidates":[]}],[],[]],[[{"start":0,"end":27,"url":null,"entity_id":"Q23838164","candidates":[]}],[],[]],[[{"start":0,"end":21,"url":null,"entity_id":"Q5943405","candidates":[]}],[],[]],[[{"start":0,"end":22,"url":null,"entity_id":"Q587127","candidates":[]}],[],[]],[[{"start":0,"end":26,"url":null,"entity_id":"Q45171488","candidates":[]}],[],[]],[[{"start":0,"end":29,"url":null,"entity_id":"Q23893812","candidates":[]}],[],[]],[[{"start":0,"end":22,"url":null,"entity_id":"Q3444725","candidates":[]}],[],[]]]}