{"version":"1.2","table":{"version":"2","table_id":"60XAE6TB","columns":[{"index":0,"name":"col0","values":["A13 autoroute","A12 autoroute","A139 autoroute","A132 autoroute","A131 autoroute","A28 autoroute","A6 autoroute","A450 autoroute","A27 autoroute","A34 autoroute","A314 autoroute","A3 autoroute","A330 autoroute","A72 autoroute","A75 autoroute","A311 autoroute","A39 autoroute","A154 autoroute","A29 autoroute","A315 autoroute"]},{"index":1,"name":"col1","values":["DIR Île-de-France","DIR Île-de-France","Société des Autoroutes de Paris Normandie","Société des Autoroutes de Paris Normandie","Société des Autoroutes de Paris Normandie","Cofiroute","Autoroutes Paris-Rhin-Rhône","DIR Centre-Est","DIR Nord","Société des Autoroutes du Nord et de l'Est de la France","Société des Autoroutes du Nord et de l'Est de la France","DIR Île-de-France","DIR Est","Autoroutes du Sud de la France","Autoroutes Paris-Rhin-Rhône","Autoroutes Paris-Rhin-Rhône","Autoroutes Paris-Rhin-Rhône","Société des Autoroutes de Paris Normandie","Société des Autoroutes de Paris Normandie","Société des Autoroutes du Nord et de l'Est de la France"]},{"index":2,"name":"col2","values":["A131 autoroute","A13 autoroute","A13 autoroute","A13 autoroute","A13 autoroute","A29 autoroute","A77 autoroute","A7 autoroute","A23 autoroute","A4 autoroute","A4 autoroute","A1 autoroute","A33 autoroute","A89 autoroute","A71 autoroute","A31 autoroute","A31 autoroute","A13 autoroute","A13 autoroute","A4 autoroute"]}]},"context":{"page_title":null,"page_url":null,"page_entity_id":null,"content_hierarchy":[]},"links":[[[{"start":0,"end":13,"url":null,"entity_id":"Q788648","candidates":[]}],[{"start":0,"end":17,"url":null,"entity_id":"Q27551460","candidates":[]}],[{"start":0,"end":14,"url":null,"entity_id":"Q788650","candidates":[]}]],[[{"start":0,"end":13,"url":null,"entity_id":"Q788644","candidates":[]}],[{"start":0,"end":17,"url":null,"entity_id":"Q27551460","candidates":[]}],[{"start":0,"end":13,"url":null,"entity_id":"Q788648","candidates":[]}]],[[{"start":0,"end":14,"url":null,"entity_id":"Q788658","candidates":[]}],[{"start":0,"end":41,"url":null,"entity_id":"Q3488113","candidates":[]}],[{"start":0,"end":13,"url":null,"entity_id":"Q788648","candidates":[]}]],[[{"start":0,"end":14,"url":null,"entity_id":"Q788655","candidates":[]}],[{"start":0,"end":41,"url":null,"entity_id":"Q3488113","candidates":[]}],[{"start":0,"end":13,"url":null,"entity_id":"Q788648","candidates":[]}]],[[{"start":0,"end":14,"url":null,"entity_id":"Q788650","candidates":[]}],[{"start":0,"end":41,"url":null,"entity_id":"Q3488113","candidates":[]}],[{"start":0,"end":13,"url":null,"entity_id":"Q788648","candidates":[]}]],[[{"start":0,"end":13,"url":null,"entity_id":"Q168746","candidates":[]}],[{"start":0,"end":9,"url":null,"entity_id":"Q2405919","candidates":[]}],[{"start":0,"end":13,"url":null,"entity_id":"Q176069","candidates":[]}]],[[{"start":0,"end":12,"url":null,"entity_id":"Q1595","candidates":[]}],[{"start":0,"end":27,"url":null,"entity_id":"Q2393003","candidates":[]}],[{"start":0,"end":13,"url":null,"entity_id":"Q168750","candidates":[]}]],[[{"start":0,"end":14,"url":null,"entity_id":"Q788805","candidates":[]}],[{"start":0,"end":14,"url":null,"entity_id":"Q18610935","candidates":[]}],[{"start":0,"end":12,"url":null,"entity_id":"Q788948","candidates":[]}]],[[{"start":0,"end":13,"url":null,"entity_id":"Q788710","candidates":[]}],[{"start":0,"end":8,"url":null,"entity_id":"Q27550886","candidates":[]}],[{"start":0,"end":13,"url":null,"entity_id":"Q788695","candidates":[]}]],[[{"start":0,"end":13,"url":null,"entity_id":"Q788742","candidates":[]}],[{"start":0,"end":55,"url":null,"entity_id":"Q1474126","candidates":[]}],[{"start":0,"end":12,"url":null,"entity_id":"Q733222","candidates":[]}]],[[{"start":0,"end":14,"url":null,"entity_id":"Q788727","candidates":[]}],[{"start":0,"end":55,"url":null,"entity_id":"Q1474126","candidates":[]}],[{"start":0,"end":12,"url":null,"entity_id":"Q733222","candidates":[]}]],[[{"start":0,"end":12,"url":null,"entity_id":"Q788719","candidates":[]}],[{"start":0,"end":17,"url":null,"entity_id":"Q27551460","candidates":[]}],[{"start":0,"end":12,"url":null,"entity_id":"Q692788","candidates":[]}]],[[{"start":0,"end":14,"url":null,"entity_id":"Q788740","candidates":[]}],[{"start":0,"end":7,"url":null,"entity_id":"Q27550802","candidates":[]}],[{"start":0,"end":13,"url":null,"entity_id":"Q168773","candidates":[]}]],[[{"start":0,"end":13,"url":null,"entity_id":"Q642851","candidates":[]}],[{"start":0,"end":30,"url":null,"entity_id":"Q2873028","candidates":[]}],[{"start":0,"end":13,"url":null,"entity_id":"Q788989","candidates":[]}]],[[{"start":0,"end":13,"url":null,"entity_id":"Q429949","candidates":[]}],[{"start":0,"end":27,"url":null,"entity_id":"Q2393003","candidates":[]}],[{"start":0,"end":13,"url":null,"entity_id":"Q788946","candidates":[]}]],[[{"start":0,"end":14,"url":null,"entity_id":"Q636647","candidates":[]}],[{"start":0,"end":27,"url":null,"entity_id":"Q2393003","candidates":[]}],[{"start":0,"end":13,"url":null,"entity_id":"Q788721","candidates":[]}]],[[{"start":0,"end":13,"url":null,"entity_id":"Q581523","candidates":[]}],[{"start":0,"end":27,"url":null,"entity_id":"Q2393003","candidates":[]}],[{"start":0,"end":13,"url":null,"entity_id":"Q788721","candidates":[]}]],[[{"start":0,"end":14,"url":null,"entity_id":"Q654709","candidates":[]}],[{"start":0,"end":41,"url":null,"entity_id":"Q3488113","candidates":[]}],[{"start":0,"end":13,"url":null,"entity_id":"Q788648","candidates":[]}]],[[{"start":0,"end":13,"url":null,"entity_id":"Q176069","candidates":[]}],[{"start":0,"end":41,"url":null,"entity_id":"Q3488113","candidates":[]}],[{"start":0,"end":13,"url":null,"entity_id":"Q788648","candidates":[]}]],[[{"start":0,"end":14,"url":null,"entity_id":"Q674210","candidates":[]}],[{"start":0,"end":55,"url":null,"entity_id":"Q1474126","candidates":[]}],[{"start":0,"end":12,"url":null,"entity_id":"Q733222","candidates":[]}]]]}