{"version":"1.2","table":{"version":"2","table_id":"62G554JQ","columns":[{"index":0,"name":"col0","values":["Oulu Energy","Pohjolan Voima","EnPowered","British Gas","Kemijoki","AEK Energie","Williams Companies","Eneco","Stadtwerke Uelzen","AVU","Elektroprivreda Bosne i Hercegovine","Stadtwerke Neumünster","Lechwerke","VNG – Verbundnetz Gas","Innogy","Elektrizitätswerk Schlesien","DB Energie","National Utilities","Wien Energie","Vorarlberger Kraftwerke"]},{"index":1,"name":"col1","values":["Finland","Finland","Canada","United Kingdom","Finland","Switzerland","United States of America","Netherlands","Germany","Germany","Bosnia and Herzegovina","Germany","Germany","Germany","Germany","Germany","Germany","Hungary","Austria","Austria"]},{"index":2,"name":"col2","values":["Oy","julkinen osakeyhtiö","corporation","public company","Oy","Aktiengesellschaft","joint-stock company","Naamloze vennootschap","GmbH","Aktiengesellschaft","state-owned enterprise","GmbH","Aktiengesellschaft","Aktiengesellschaft","Societas Europaea","joint-stock company","GmbH","Limited company","Gesellschaft mit beschränkter Haftung","Aktiengesellschaft"]},{"index":3,"name":"col3","values":["Myllytulli","Etu-Töölö","Waterloo","Windsor","Rovaniemi","Solothurn","Tulsa","Rotterdam","Uelzen","Gevelsberg","Sarajevo","Neumünster","Augsburg","Leipzig","Essen","Wrocław","Frankfurt am Main","Budapest","Vienna","Bregenz"]},{"index":4,"name":"col4","values":["1889-01-01","1943-01-01","2015-03-18","1986-01-01","1954-01-01","1894-01-01","1908-01-01","1995-01-01","1971-01-01","1905-01-01","1945-08-30","1899-01-01","1903-01-01","1990-06-29","2016-04-01","1909-11-18","1997-01-01","2015-02-13","2001-01-01","1901-01-01"]}]},"context":{"page_title":null,"page_url":null,"page_entity_id":null,"content_hierarchy":[]},"links":[[[{"start":0,"end":11,"url":null,"entity_id":"Q18643976","candidates":[]}],[{"start":0,"end":7,"url":null,"entity_id":"Q33","candidates":[]}],[{"start":0,"end":2,"url":null,"entity_id":"Q333920","candidates":[]}],[{"start":0,"end":10,"url":null,"entity_id":"Q3788566","candidates":[]}],[]],[[{"start":0,"end":14,"url":null,"entity_id":"Q4047151","candidates":[]}],[{"start":0,"end":7,"url":null,"entity_id":"Q33","candidates":[]}],[{"start":0,"end":19,"url":null,"entity_id":"Q30056758","candidates":[]}],[{"start":0,"end":9,"url":null,"entity_id":"Q2741998","candidates":[]}],[]],[[{"start":0,"end":9,"url":null,"entity_id":"Q29053314","candidates":[]}],[{"start":0,"end":6,"url":null,"entity_id":"Q16","candidates":[]}],[{"start":0,"end":11,"url":null,"entity_id":"Q167037","candidates":[]}],[{"start":0,"end":8,"url":null,"entity_id":"Q639408","candidates":[]}],[]],[[{"start":0,"end":11,"url":null,"entity_id":"Q2925725","candidates":[]}],[{"start":0,"end":14,"url":null,"entity_id":"Q145","candidates":[]}],[{"start":0,"end":14,"url":null,"entity_id":"Q891723","candidates":[]}],[{"start":0,"end":7,"url":null,"entity_id":"Q464955","candidates":[]}],[]],[[{"start":0,"end":8,"url":null,"entity_id":"Q11870854","candidates":[]}],[{"start":0,"end":7,"url":null,"entity_id":"Q33","candidates":[]}],[{"start":0,"end":2,"url":null,"entity_id":"Q333920","candidates":[]}],[{"start":0,"end":9,"url":null,"entity_id":"Q103717","candidates":[]}],[]],[[{"start":0,"end":11,"url":null,"entity_id":"Q291411","candidates":[]}],[{"start":0,"end":11,"url":null,"entity_id":"Q39","candidates":[]}],[{"start":0,"end":18,"url":null,"entity_id":"Q693737","candidates":[]}],[{"start":0,"end":9,"url":null,"entity_id":"Q68965","candidates":[]}],[]],[[{"start":0,"end":18,"url":null,"entity_id":"Q930639","candidates":[]}],[{"start":0,"end":24,"url":null,"entity_id":"Q30","candidates":[]}],[{"start":0,"end":19,"url":null,"entity_id":"Q134161","candidates":[]}],[{"start":0,"end":5,"url":null,"entity_id":"Q44989","candidates":[]}],[]],[[{"start":0,"end":5,"url":null,"entity_id":"Q1341079","candidates":[]}],[{"start":0,"end":11,"url":null,"entity_id":"Q55","candidates":[]}],[{"start":0,"end":21,"url":null,"entity_id":"Q1436139","candidates":[]}],[{"start":0,"end":9,"url":null,"entity_id":"Q34370","candidates":[]}],[]],[[{"start":0,"end":17,"url":null,"entity_id":"Q2328641","candidates":[]}],[{"start":0,"end":7,"url":null,"entity_id":"Q183","candidates":[]}],[{"start":0,"end":4,"url":null,"entity_id":"Q460178","candidates":[]}],[{"start":0,"end":6,"url":null,"entity_id":"Q15989","candidates":[]}],[]],[[{"start":0,"end":3,"url":null,"entity_id":"Q422118","candidates":[]}],[{"start":0,"end":7,"url":null,"entity_id":"Q183","candidates":[]}],[{"start":0,"end":18,"url":null,"entity_id":"Q422062","candidates":[]}],[{"start":0,"end":10,"url":null,"entity_id":"Q11331","candidates":[]}],[]],[[{"start":0,"end":35,"url":null,"entity_id":"Q3048615","candidates":[]}],[{"start":0,"end":22,"url":null,"entity_id":"Q225","candidates":[]}],[{"start":0,"end":22,"url":null,"entity_id":"Q270791","candidates":[]}],[{"start":0,"end":8,"url":null,"entity_id":"Q11194","candidates":[]}],[]],[[{"start":0,"end":21,"url":null,"entity_id":"Q1498154","candidates":[]}],[{"start":0,"end":7,"url":null,"entity_id":"Q183","candidates":[]}],[{"start":0,"end":4,"url":null,"entity_id":"Q460178","candidates":[]}],[{"start":0,"end":10,"url":null,"entity_id":"Q3879","candidates":[]}],[]],[[{"start":0,"end":9,"url":null,"entity_id":"Q1811384","candidates":[]}],[{"start":0,"end":7,"url":null,"entity_id":"Q183","candidates":[]}],[{"start":0,"end":18,"url":null,"entity_id":"Q422062","candidates":[]}],[{"start":0,"end":8,"url":null,"entity_id":"Q2749","candidates":[]}],[]],[[{"start":0,"end":21,"url":null,"entity_id":"Q2506364","candidates":[]}],[{"start":0,"end":7,"url":null,"entity_id":"Q183","candidates":[]}],[{"start":0,"end":18,"url":null,"entity_id":"Q422062","candidates":[]}],[{"start":0,"end":7,"url":null,"entity_id":"Q2079","candidates":[]}],[]],[[{"start":0,"end":6,"url":null,"entity_id":"Q2124721","candidates":[]}],[{"start":0,"end":7,"url":null,"entity_id":"Q183","candidates":[]}],[{"start":0,"end":17,"url":null,"entity_id":"Q279014","candidates":[]}],[{"start":0,"end":5,"url":null,"entity_id":"Q2066","candidates":[]}],[]],[[{"start":0,"end":27,"url":null,"entity_id":"Q1326632","candidates":[]}],[{"start":0,"end":7,"url":null,"entity_id":"Q183","candidates":[]}],[{"start":0,"end":19,"url":null,"entity_id":"Q134161","candidates":[]}],[{"start":0,"end":7,"url":null,"entity_id":"Q1799","candidates":[]}],[]],[[{"start":0,"end":10,"url":null,"entity_id":"Q1152043","candidates":[]}],[{"start":0,"end":7,"url":null,"entity_id":"Q183","candidates":[]}],[{"start":0,"end":4,"url":null,"entity_id":"Q460178","candidates":[]}],[{"start":0,"end":17,"url":null,"entity_id":"Q1794","candidates":[]}],[]],[[{"start":0,"end":18,"url":null,"entity_id":"Q73507644","candidates":[]}],[{"start":0,"end":7,"url":null,"entity_id":"Q28","candidates":[]}],[{"start":0,"end":15,"url":null,"entity_id":"Q56410106","candidates":[]}],[{"start":0,"end":8,"url":null,"entity_id":"Q1781","candidates":[]}],[]],[[{"start":0,"end":12,"url":null,"entity_id":"Q2568787","candidates":[]}],[{"start":0,"end":7,"url":null,"entity_id":"Q40","candidates":[]}],[{"start":0,"end":37,"url":null,"entity_id":"Q1518609","candidates":[]}],[{"start":0,"end":6,"url":null,"entity_id":"Q1741","candidates":[]}],[]],[[{"start":0,"end":23,"url":null,"entity_id":"Q1267084","candidates":[]}],[{"start":0,"end":7,"url":null,"entity_id":"Q40","candidates":[]}],[{"start":0,"end":18,"url":null,"entity_id":"Q875765","candidates":[]}],[{"start":0,"end":7,"url":null,"entity_id":"Q1737","candidates":[]}],[]]]}