{"version":"1.2","table":{"version":"2","table_id":"64DMFR3V","columns":[{"index":0,"name":"col0","values":["[T2015] nest 100012","[T2015] nest 100011","[T2015] nest 100010","[T2015] nest 100009","[T2015] nest 100008","[T2015] nest 100007","[T2015] nest 100006","[T2015] nest 100005","[T2015] nest 100004","[T2015] nest 100003","[T2015] nest 100002","[T2015] nest 100001","HCG 16","MACS J0717.5+3745","Phoenix Cluster","NGC 6264","NGC 6269","Perseus Cluster","NGC 7796","Norma Cluster"]},{"index":1,"name":"col1","values":["4178","4597","14414","8886","908","11180","3712","6536","9177","3550","1156","6926","3934","122898","130763","10177","10538","5318","3342","4841"]},{"index":2,"name":"col2","values":["-33.8578","-30.5033","-31.7704","-23.5142","47.933","16.9544","-27.5921","20.0036","40.2248","-41.1333","12.2826","27.9327","-10.1837111","37.756389","-42.6983","27.8496417","27.8543667","41.51306","-55.4583667","-60.86861"]},{"index":3,"name":"col3","values":["55.9","62","194.7","154.2","16.6","148.7","54.3","88.4","124.3","40.5","15.9","96.5","52.5","5400000000","5700000000","154.17","118.58","150000000","48.75","67.8"]}]},"context":{"page_title":null,"page_url":null,"page_entity_id":null,"content_hierarchy":[]},"links":[[[{"start":0,"end":19,"url":null,"entity_id":"Q67790388","candidates":[]}],[],[],[]],[[{"start":0,"end":19,"url":null,"entity_id":"Q67790386","candidates":[]}],[],[],[]],[[{"start":0,"end":19,"url":null,"entity_id":"Q67790384","candidates":[]}],[],[],[]],[[{"start":0,"end":19,"url":null,"entity_id":"Q67790382","candidates":[]}],[],[],[]],[[{"start":0,"end":19,"url":null,"entity_id":"Q67790380","candidates":[]}],[],[],[]],[[{"start":0,"end":19,"url":null,"entity_id":"Q67790378","candidates":[]}],[],[],[]],[[{"start":0,"end":19,"url":null,"entity_id":"Q67790377","candidates":[]}],[],[],[]],[[{"start":0,"end":19,"url":null,"entity_id":"Q67790374","candidates":[]}],[],[],[]],[[{"start":0,"end":19,"url":null,"entity_id":"Q67790372","candidates":[]}],[],[],[]],[[{"start":0,"end":19,"url":null,"entity_id":"Q67790371","candidates":[]}],[],[],[]],[[{"start":0,"end":19,"url":null,"entity_id":"Q67790367","candidates":[]}],[],[],[]],[[{"start":0,"end":19,"url":null,"entity_id":"Q67790366","candidates":[]}],[],[],[]],[[{"start":0,"end":6,"url":null,"entity_id":"Q6083799","candidates":[]}],[],[],[]],[[{"start":0,"end":17,"url":null,"entity_id":"Q4043370","candidates":[]}],[],[],[]],[[{"start":0,"end":15,"url":null,"entity_id":"Q2617291","candidates":[]}],[],[],[]],[[{"start":0,"end":8,"url":null,"entity_id":"Q2085117","candidates":[]}],[],[],[]],[[{"start":0,"end":8,"url":null,"entity_id":"Q2084813","candidates":[]}],[],[],[]],[[{"start":0,"end":15,"url":null,"entity_id":"Q1200684","candidates":[]}],[],[],[]],[[{"start":0,"end":8,"url":null,"entity_id":"Q1169390","candidates":[]}],[],[],[]],[[{"start":0,"end":13,"url":null,"entity_id":"Q1068075","candidates":[]}],[],[],[]]]}