{"version":"1.2","table":{"version":"2","table_id":"64QRKCE2","columns":[{"index":0,"name":"col0","values":["Museum of the Ancient Agora","Museo del Teatro Romano de Cartagena","Yorkshire Museum","Aleppo Citadel Museum","Musée départemental de l'Arles antique","Museum of Archaeology and Anthropology, University of Cambridge","Museum für Islamische Kunst","Larco Museum","Regional Archaeological Museum Antonio Salinas","Museo Arqueológico y de Historia de Elche","Museo archeologico regionale Paolo Orsi","Unterlinden Museum","South Tyrol Museum of Archaeology","Keltenwelt am Glauberg","National Archaeological Museum","Rockefeller Museum","Museo archeologico regionale eoliano (Lipari)","National Archaeological Museum of Spain","Ephesus Archaeological Museum","Halle State Museum of Prehistory"]},{"index":1,"name":"col1","values":["1957-01-01","2008-01-01","1830-01-01","1994-01-01","1995-01-01","1884-01-01","1904-01-01","1926-01-01","1866-01-01","2006-01-01","1878-06-17","1849-01-01","1998-01-01","2011-01-01","1892-01-01","1930-06-19","1954-01-01","1867-03-20","1964-01-01","1819-10-03"]},{"index":2,"name":"col2","values":["1957-01-01","2008-07-11","1830-01-01","1994-01-01","1995-01-01","1884-01-01","1904-10-18","1926-07-28","1866-01-01","2006-05-18","1878-06-17","1849-01-01","1998-01-01","2011-05-05","1905-05-18","1938-01-01","1954-01-01","1871-07-09","1964-01-01","1918-10-09"]}]},"context":{"page_title":null,"page_url":null,"page_entity_id":null,"content_hierarchy":[]},"links":[[[{"start":0,"end":27,"url":null,"entity_id":"Q2383284","candidates":[]}],[],[]],[[{"start":0,"end":36,"url":null,"entity_id":"Q2361695","candidates":[]}],[],[]],[[{"start":0,"end":16,"url":null,"entity_id":"Q2086562","candidates":[]}],[],[]],[[{"start":0,"end":21,"url":null,"entity_id":"Q1961855","candidates":[]}],[],[]],[[{"start":0,"end":38,"url":null,"entity_id":"Q1955741","candidates":[]}],[],[]],[[{"start":0,"end":63,"url":null,"entity_id":"Q1954733","candidates":[]}],[],[]],[[{"start":0,"end":27,"url":null,"entity_id":"Q1954632","candidates":[]}],[],[]],[[{"start":0,"end":12,"url":null,"entity_id":"Q1954240","candidates":[]}],[],[]],[[{"start":0,"end":46,"url":null,"entity_id":"Q1954237","candidates":[]}],[],[]],[[{"start":0,"end":41,"url":null,"entity_id":"Q1954226","candidates":[]}],[],[]],[[{"start":0,"end":39,"url":null,"entity_id":"Q1954223","candidates":[]}],[],[]],[[{"start":0,"end":18,"url":null,"entity_id":"Q1851283","candidates":[]}],[],[]],[[{"start":0,"end":33,"url":null,"entity_id":"Q1755973","candidates":[]}],[],[]],[[{"start":0,"end":22,"url":null,"entity_id":"Q1738369","candidates":[]}],[],[]],[[{"start":0,"end":30,"url":null,"entity_id":"Q1497827","candidates":[]}],[],[]],[[{"start":0,"end":18,"url":null,"entity_id":"Q1430185","candidates":[]}],[],[]],[[{"start":0,"end":45,"url":null,"entity_id":"Q1380173","candidates":[]}],[],[]],[[{"start":0,"end":39,"url":null,"entity_id":"Q1352282","candidates":[]}],[],[]],[[{"start":0,"end":29,"url":null,"entity_id":"Q1346784","candidates":[]}],[],[]],[[{"start":0,"end":32,"url":null,"entity_id":"Q1332407","candidates":[]}],[],[]]]}