{"version":"1.2","table":{"version":"2","table_id":"64UYJ6TF","columns":[{"index":0,"name":"col0","values":["Planetarium of Medellín","Planetarium of Bogotá","M. P. Birla Planetarium","Planetario Galileo Galilei","Sir Thomas Brisbane Planetarium","Zeiss Major Planetarium","Hamburg Planetarium","Southend Central Museum","Planetarium of Nantes","Artis Planetarium","Thessaloniki Science Center and Technology Museum","Cosmonova","Fairbanks Museum and Planetarium","Morehead Planetarium and Science Center","California Academy of Sciences","Minnesota Planetarium","Chabot Space and Science Center","Hayden Planetarium","Vladimir Planetarium","Kalpana Chawla Memorial Planetarium"]},{"index":1,"name":"col1","values":["Medellín","La gran bretaña","Kolkata","Parque Tres de Febrero","Brisbane Botanic Gardens, Mount Coot-tha","Prenzlauer Berg","Hamburg Stadtpark","Southend-on-Sea","Nantes","Plantage","Thessaloniki","Norra Djurgården","St. Johnsbury","Chapel Hill","Golden Gate Park","Minneapolis","Oakland","New York City","Russia","Jyotisar"]},{"index":2,"name":"col2","values":["Colombia","Colombia","India","Argentina","Australia","Germany","Germany","United Kingdom","France","Netherlands","Greece","Sweden","United States of America","United States of America","United States of America","United States of America","United States of America","United States of America","Russia","India"]},{"index":3,"name":"col3","values":["1984-01-01","1967-12-22","1963-01-01","1966-12-20","1978-01-01","1987-01-01","1930-01-01","1981-01-01","1980-01-01","1988-01-01","1978-01-01","1992-10-01","1890-01-01","1949-05-10","1853-01-01","2003-01-01","1883-01-01","1935-01-01","1962-04-01","2007-07-24"]}]},"context":{"page_title":null,"page_url":null,"page_entity_id":null,"content_hierarchy":[]},"links":[[[{"start":0,"end":23,"url":null,"entity_id":"Q6077645","candidates":[]}],[{"start":0,"end":8,"url":null,"entity_id":"Q48278","candidates":[]}],[{"start":0,"end":8,"url":null,"entity_id":"Q739","candidates":[]}],[]],[[{"start":0,"end":21,"url":null,"entity_id":"Q6077641","candidates":[]}],[{"start":0,"end":15,"url":null,"entity_id":"Q2841","candidates":[]}],[{"start":0,"end":8,"url":null,"entity_id":"Q739","candidates":[]}],[]],[[{"start":0,"end":23,"url":null,"entity_id":"Q4916536","candidates":[]}],[{"start":0,"end":7,"url":null,"entity_id":"Q1348","candidates":[]}],[{"start":0,"end":5,"url":null,"entity_id":"Q668","candidates":[]}],[]],[[{"start":0,"end":26,"url":null,"entity_id":"Q606675","candidates":[]}],[{"start":0,"end":22,"url":null,"entity_id":"Q1276582","candidates":[]}],[{"start":0,"end":9,"url":null,"entity_id":"Q414","candidates":[]}],[]],[[{"start":0,"end":31,"url":null,"entity_id":"Q1444706","candidates":[]}],[{"start":0,"end":40,"url":null,"entity_id":"Q917672","candidates":[]}],[{"start":0,"end":9,"url":null,"entity_id":"Q408","candidates":[]}],[]],[[{"start":0,"end":23,"url":null,"entity_id":"Q184985","candidates":[]}],[{"start":0,"end":15,"url":null,"entity_id":"Q313186","candidates":[]}],[{"start":0,"end":7,"url":null,"entity_id":"Q183","candidates":[]}],[]],[[{"start":0,"end":19,"url":null,"entity_id":"Q961913","candidates":[]}],[{"start":0,"end":17,"url":null,"entity_id":"Q2472","candidates":[]}],[{"start":0,"end":7,"url":null,"entity_id":"Q183","candidates":[]}],[]],[[{"start":0,"end":23,"url":null,"entity_id":"Q7569537","candidates":[]}],[{"start":0,"end":15,"url":null,"entity_id":"Q203995","candidates":[]}],[{"start":0,"end":14,"url":null,"entity_id":"Q145","candidates":[]}],[]],[[{"start":0,"end":21,"url":null,"entity_id":"Q585479","candidates":[]}],[{"start":0,"end":6,"url":null,"entity_id":"Q12191","candidates":[]}],[{"start":0,"end":6,"url":null,"entity_id":"Q142","candidates":[]}],[]],[[{"start":0,"end":17,"url":null,"entity_id":"Q3226805","candidates":[]}],[{"start":0,"end":8,"url":null,"entity_id":"Q988087","candidates":[]}],[{"start":0,"end":11,"url":null,"entity_id":"Q55","candidates":[]}],[]],[[{"start":0,"end":49,"url":null,"entity_id":"Q1271635","candidates":[]}],[{"start":0,"end":12,"url":null,"entity_id":"Q17151","candidates":[]}],[{"start":0,"end":6,"url":null,"entity_id":"Q41","candidates":[]}],[]],[[{"start":0,"end":9,"url":null,"entity_id":"Q2998313","candidates":[]}],[{"start":0,"end":16,"url":null,"entity_id":"Q4348917","candidates":[]}],[{"start":0,"end":6,"url":null,"entity_id":"Q34","candidates":[]}],[]],[[{"start":0,"end":32,"url":null,"entity_id":"Q5430021","candidates":[]}],[{"start":0,"end":13,"url":null,"entity_id":"Q1014607","candidates":[]}],[{"start":0,"end":24,"url":null,"entity_id":"Q30","candidates":[]}],[]],[[{"start":0,"end":39,"url":null,"entity_id":"Q6911256","candidates":[]}],[{"start":0,"end":11,"url":null,"entity_id":"Q671812","candidates":[]}],[{"start":0,"end":24,"url":null,"entity_id":"Q30","candidates":[]}],[]],[[{"start":0,"end":30,"url":null,"entity_id":"Q965731","candidates":[]}],[{"start":0,"end":16,"url":null,"entity_id":"Q635559","candidates":[]}],[{"start":0,"end":24,"url":null,"entity_id":"Q30","candidates":[]}],[]],[[{"start":0,"end":21,"url":null,"entity_id":"Q6868397","candidates":[]}],[{"start":0,"end":11,"url":null,"entity_id":"Q36091","candidates":[]}],[{"start":0,"end":24,"url":null,"entity_id":"Q30","candidates":[]}],[]],[[{"start":0,"end":31,"url":null,"entity_id":"Q5066015","candidates":[]}],[{"start":0,"end":7,"url":null,"entity_id":"Q17042","candidates":[]}],[{"start":0,"end":24,"url":null,"entity_id":"Q30","candidates":[]}],[]],[[{"start":0,"end":18,"url":null,"entity_id":"Q665475","candidates":[]}],[{"start":0,"end":13,"url":null,"entity_id":"Q60","candidates":[]}],[{"start":0,"end":24,"url":null,"entity_id":"Q30","candidates":[]}],[]],[[{"start":0,"end":20,"url":null,"entity_id":"Q4113284","candidates":[]}],[{"start":0,"end":6,"url":null,"entity_id":"Q159","candidates":[]}],[{"start":0,"end":6,"url":null,"entity_id":"Q159","candidates":[]}],[]],[[{"start":0,"end":35,"url":null,"entity_id":"Q63845275","candidates":[]}],[{"start":0,"end":8,"url":null,"entity_id":"Q6319472","candidates":[]}],[{"start":0,"end":5,"url":null,"entity_id":"Q668","candidates":[]}],[]]]}