{"version":"1.2","table":{"version":"2","table_id":"65U1HY2C","columns":[{"index":0,"name":"col0","values":["[PLH2010] 150","[PLH2010] 158","[PLH2010] 199","NAME PA-44","[PR95] 60045","[SRH2012] f02-39","Hanes III-239","[JPB2009] 187.7273511+12.2708720","[PLP2016] 187.714387+12.446628","[PLP2016] 187.236780+13.169444","[PLP2016] 187.359453+12.876772","[FDK2008] J123307.36+095254.3","[WHH2005] 18","[HGH92] G348","[PFF2004] gc 23","[HGH92] G271","[UFS2013] acs 1115","[UFS2013] sub 29914","[UFS2013] acs 36","[PR95] 40083"]},{"index":1,"name":"col1","values":["-0.981","-1.789","-2.294","-3.8","-1.858","-0.679","-34.466","-1.984","-0.707","-5.837","-2.255","-0.163","-2.689","-14.02","-4.237","-8.334","-1.73","-0.213","0.17","-1.222"]},{"index":2,"name":"col2","values":["2.2817","0.798","0.0688","0.2146","0.3415","1.2962","4.6354","1.7825","1.4646","0.3415","0.9212","3.1352","0.65","0.1874","0.1042","0.0995","2.0714","5.1343","0.4326","0.0456"]},{"index":3,"name":"col3","values":["928","697","787","-349","-28","959","93","1372","1900","1874","1488","1101","759","330","397","373","556","669","765","-87"]}]},"context":{"page_title":null,"page_url":null,"page_entity_id":null,"content_hierarchy":[]},"links":[[[{"start":0,"end":13,"url":null,"entity_id":"Q85503032","candidates":[]}],[],[],[]],[[{"start":0,"end":13,"url":null,"entity_id":"Q85503000","candidates":[]}],[],[],[]],[[{"start":0,"end":13,"url":null,"entity_id":"Q85502938","candidates":[]}],[],[],[]],[[{"start":0,"end":10,"url":null,"entity_id":"Q85320191","candidates":[]}],[],[],[]],[[{"start":0,"end":12,"url":null,"entity_id":"Q85230294","candidates":[]}],[],[],[]],[[{"start":0,"end":16,"url":null,"entity_id":"Q85219658","candidates":[]}],[],[],[]],[[{"start":0,"end":13,"url":null,"entity_id":"Q85104003","candidates":[]}],[],[],[]],[[{"start":0,"end":32,"url":null,"entity_id":"Q84647800","candidates":[]}],[],[],[]],[[{"start":0,"end":30,"url":null,"entity_id":"Q84376665","candidates":[]}],[],[],[]],[[{"start":0,"end":30,"url":null,"entity_id":"Q84325935","candidates":[]}],[],[],[]],[[{"start":0,"end":30,"url":null,"entity_id":"Q84325039","candidates":[]}],[],[],[]],[[{"start":0,"end":29,"url":null,"entity_id":"Q84200207","candidates":[]}],[],[],[]],[[{"start":0,"end":12,"url":null,"entity_id":"Q83763666","candidates":[]}],[],[],[]],[[{"start":0,"end":12,"url":null,"entity_id":"Q83763107","candidates":[]}],[],[],[]],[[{"start":0,"end":15,"url":null,"entity_id":"Q83761650","candidates":[]}],[],[],[]],[[{"start":0,"end":12,"url":null,"entity_id":"Q83761171","candidates":[]}],[],[],[]],[[{"start":0,"end":18,"url":null,"entity_id":"Q83212394","candidates":[]}],[],[],[]],[[{"start":0,"end":19,"url":null,"entity_id":"Q83212330","candidates":[]}],[],[],[]],[[{"start":0,"end":16,"url":null,"entity_id":"Q82416333","candidates":[]}],[],[],[]],[[{"start":0,"end":12,"url":null,"entity_id":"Q82199867","candidates":[]}],[],[],[]]]}