{"version":"1.2","table":{"version":"2","table_id":"69AS039C","columns":[{"index":0,"name":"col0","values":["C&A 178","Cari-Sonne-Dampagnolo-Merckx","C&A","Boule 'Or-Sunair-Colnago","DAF Trucks-Côte d'O-Gazelle 1981","Novemail-Histor-Laser Comquter","Cio-Auina","Beckers Snacms","BostonMvic 1981","Boston-IFI-Navic 1980","Re{nolds 1980","TL-Raleigh","Fesina","TI-Raleigh-Crfda 1980","Mercir","BostonMavic","Mapei","TI-Raleigh 1<75","TI-Ralejgh-McGregor 1979","Vittadelno"]},{"index":1,"name":"col1","values":["C&A","Cpri-Sonne-Campagnolo-Merckx","C&A","Boule d'Or-Sunir-Colnago","DAFTrucks-Côte d'Or-Gazelle","Noemail-Histor-Laser Computer","Clo-Aufina","Beckers Snbcks-Gazelle","Boston-Mavi","Boston/IFI-Mavic","Reynoldu","TI/Raleigh","Fetina","I-Raleigh-Creda","Coop-Hooned","Bpston-IFI-Mavic","Eldor-Vines","UI-Raleigh","TI-Raleiih-McGregor","Pepsi-Cla"]},{"index":2,"name":"col2","values":["Belgium","Belgium","Belgium","Belgium","Belgium","France","Switzerland","Kingdom of the Netherlands","Belgium","Belgium","Spain","Netherlands","Spain","Kingdom of the Netherlands","France","Belgium","Belgium","Kingdom of the Netherlands","Netherlands","Italy"]}]},"context":{"page_title":null,"page_url":null,"page_entity_id":null,"content_hierarchy":[]},"links":[[[{"start":0,"end":7,"url":null,"entity_id":"Q24045514","candidates":[]}],[],[{"start":0,"end":7,"url":null,"entity_id":"Q31","candidates":[]}]],[[{"start":0,"end":28,"url":null,"entity_id":"Q3589515","candidates":[]}],[],[{"start":0,"end":7,"url":null,"entity_id":"Q31","candidates":[]}]],[[{"start":0,"end":3,"url":null,"entity_id":"Q3589506","candidates":[]}],[],[{"start":0,"end":7,"url":null,"entity_id":"Q31","candidates":[]}]],[[{"start":0,"end":24,"url":null,"entity_id":"Q3589502","candidates":[]}],[],[{"start":0,"end":7,"url":null,"entity_id":"Q31","candidates":[]}]],[[{"start":0,"end":32,"url":null,"entity_id":"Q42882022","candidates":[]}],[],[{"start":0,"end":7,"url":null,"entity_id":"Q31","candidates":[]}]],[[{"start":0,"end":30,"url":null,"entity_id":"Q3589579","candidates":[]}],[],[{"start":0,"end":6,"url":null,"entity_id":"Q142","candidates":[]}]],[[{"start":0,"end":9,"url":null,"entity_id":"Q3589523","candidates":[]}],[],[{"start":0,"end":11,"url":null,"entity_id":"Q39","candidates":[]}]],[[{"start":0,"end":14,"url":null,"entity_id":"Q27171423","candidates":[]}],[],[{"start":0,"end":26,"url":null,"entity_id":"Q29999","candidates":[]}]],[[{"start":0,"end":15,"url":null,"entity_id":"Q26856854","candidates":[]}],[],[{"start":0,"end":7,"url":null,"entity_id":"Q31","candidates":[]}]],[[{"start":0,"end":21,"url":null,"entity_id":"Q26856853","candidates":[]}],[],[{"start":0,"end":7,"url":null,"entity_id":"Q31","candidates":[]}]],[[{"start":0,"end":13,"url":null,"entity_id":"Q27002985","candidates":[]}],[],[{"start":0,"end":5,"url":null,"entity_id":"Q29","candidates":[]}]],[[{"start":0,"end":10,"url":null,"entity_id":"Q910228","candidates":[]}],[],[{"start":0,"end":11,"url":null,"entity_id":"Q55","candidates":[]}]],[[{"start":0,"end":6,"url":null,"entity_id":"Q1408522","candidates":[]}],[],[{"start":0,"end":5,"url":null,"entity_id":"Q29","candidates":[]}]],[[{"start":0,"end":21,"url":null,"entity_id":"Q2675417","candidates":[]}],[],[{"start":0,"end":26,"url":null,"entity_id":"Q29999","candidates":[]}]],[[{"start":0,"end":6,"url":null,"entity_id":"Q2288517","candidates":[]}],[],[{"start":0,"end":6,"url":null,"entity_id":"Q142","candidates":[]}]],[[{"start":0,"end":11,"url":null,"entity_id":"Q3589501","candidates":[]}],[],[{"start":0,"end":7,"url":null,"entity_id":"Q31","candidates":[]}]],[[{"start":0,"end":5,"url":null,"entity_id":"Q1892064","candidates":[]}],[],[{"start":0,"end":7,"url":null,"entity_id":"Q31","candidates":[]}]],[[{"start":0,"end":15,"url":null,"entity_id":"Q20875175","candidates":[]}],[],[{"start":0,"end":26,"url":null,"entity_id":"Q29999","candidates":[]}]],[[{"start":0,"end":24,"url":null,"entity_id":"Q20875192","candidates":[]}],[],[{"start":0,"end":11,"url":null,"entity_id":"Q55","candidates":[]}]],[[{"start":0,"end":10,"url":null,"entity_id":"Q20109122","candidates":[]}],[],[{"start":0,"end":5,"url":null,"entity_id":"Q38","candidates":[]}]]]}