{"version":"1.2","table":{"version":"2","table_id":"69WHROC0","columns":[{"index":0,"name":"col0","values":["Herengracht 42, Middelburg","Gorttraat 73, Middelburg","Nieuwstraat 58,Medemblik","Wittebroodstaat 11, Heusden","Teisterbandstraat 32, Kerkdriel","Kruishergngang 23, Maastricht","Geboortehuis Simon Vestdijk, Harliqgen","Sinv Walburgstraat 3 (Groningen)","Beekstraat43, Elburg","Koestraat 60, eertruidenberg","Kerkstraat 6, Goedreede","Turfkade 5 Goes","Sit Jacobstraat 16 Goes","Vooriaen 11, Edam","Zilverstraat#47, Franeker","Zilverstraat\"15, Franeker","Walem 04, Walem","Spuisraat 3, Edam","Eilandsgracht 8,Edam","Sint Annastraat 27, Alkmaa"]},{"index":1,"name":"col1","values":["Herengracht","Gortstraat","Nieuwstraat","Wittebroodstraat","Teisterbandstraat","Kruisherengang","Voorstraat","Sint Walburgstraat","Beekstraat","Koestraat","Kerkstraat","Turfkade","Sint Jacobstraat","Voorhaven","Zilverstraat","Zilverstraat","Walem","Spuistraat","Eilandsgracht","Sint Annastraat"]},{"index":2,"name":"col2","values":["Middelburg","Middelburg","Medemblik","Heusden","Kerkdriel","Kommelkwartier","Harlingen","Groningen","Elburg","Geertruidenberg","Goedereede","Goes","Goes","Edam","Franeker","Franeker","Walem","Edam","Edam","Alkmaar"]}]},"context":{"page_title":null,"page_url":null,"page_entity_id":null,"content_hierarchy":[]},"links":[[[{"start":0,"end":26,"url":null,"entity_id":"Q17432516","candidates":[]}],[{"start":0,"end":11,"url":null,"entity_id":"Q19249627","candidates":[]}],[{"start":0,"end":10,"url":null,"entity_id":"Q52101","candidates":[]}]],[[{"start":0,"end":24,"url":null,"entity_id":"Q17432480","candidates":[]}],[{"start":0,"end":10,"url":null,"entity_id":"Q19201272","candidates":[]}],[{"start":0,"end":10,"url":null,"entity_id":"Q52101","candidates":[]}]],[[{"start":0,"end":24,"url":null,"entity_id":"Q17429835","candidates":[]}],[{"start":0,"end":11,"url":null,"entity_id":"Q19356006","candidates":[]}],[{"start":0,"end":9,"url":null,"entity_id":"Q3303930","candidates":[]}]],[[{"start":0,"end":27,"url":null,"entity_id":"Q17404847","candidates":[]}],[{"start":0,"end":16,"url":null,"entity_id":"Q18947412","candidates":[]}],[{"start":0,"end":7,"url":null,"entity_id":"Q3134986","candidates":[]}]],[[{"start":0,"end":31,"url":null,"entity_id":"Q17418338","candidates":[]}],[{"start":0,"end":17,"url":null,"entity_id":"Q19564622","candidates":[]}],[{"start":0,"end":9,"url":null,"entity_id":"Q3112493","candidates":[]}]],[[{"start":0,"end":29,"url":null,"entity_id":"Q17420048","candidates":[]}],[{"start":0,"end":14,"url":null,"entity_id":"Q19315039","candidates":[]}],[{"start":0,"end":14,"url":null,"entity_id":"Q978650","candidates":[]}]],[[{"start":0,"end":38,"url":null,"entity_id":"Q17397317","candidates":[]}],[{"start":0,"end":10,"url":null,"entity_id":"Q19639695","candidates":[]}],[{"start":0,"end":9,"url":null,"entity_id":"Q60475","candidates":[]}]],[[{"start":0,"end":32,"url":null,"entity_id":"Q17389716","candidates":[]}],[{"start":0,"end":18,"url":null,"entity_id":"Q19516450","candidates":[]}],[{"start":0,"end":9,"url":null,"entity_id":"Q749","candidates":[]}]],[[{"start":0,"end":20,"url":null,"entity_id":"Q17366713","candidates":[]}],[{"start":0,"end":10,"url":null,"entity_id":"Q18943399","candidates":[]}],[{"start":0,"end":6,"url":null,"entity_id":"Q13188262","candidates":[]}]],[[{"start":0,"end":28,"url":null,"entity_id":"Q17373492","candidates":[]}],[{"start":0,"end":9,"url":null,"entity_id":"Q19305688","candidates":[]}],[{"start":0,"end":15,"url":null,"entity_id":"Q10639634","candidates":[]}]],[[{"start":0,"end":23,"url":null,"entity_id":"Q17373710","candidates":[]}],[{"start":0,"end":10,"url":null,"entity_id":"Q19295811","candidates":[]}],[{"start":0,"end":10,"url":null,"entity_id":"Q924091","candidates":[]}]],[[{"start":0,"end":15,"url":null,"entity_id":"Q17373962","candidates":[]}],[{"start":0,"end":8,"url":null,"entity_id":"Q19574581","candidates":[]}],[{"start":0,"end":4,"url":null,"entity_id":"Q81220","candidates":[]}]],[[{"start":0,"end":23,"url":null,"entity_id":"Q17373892","candidates":[]}],[{"start":0,"end":16,"url":null,"entity_id":"Q19515769","candidates":[]}],[{"start":0,"end":4,"url":null,"entity_id":"Q81220","candidates":[]}]],[[{"start":0,"end":17,"url":null,"entity_id":"Q17366101","candidates":[]}],[{"start":0,"end":9,"url":null,"entity_id":"Q19639116","candidates":[]}],[{"start":0,"end":4,"url":null,"entity_id":"Q77056","candidates":[]}]],[[{"start":0,"end":25,"url":null,"entity_id":"Q17373325","candidates":[]}],[{"start":0,"end":12,"url":null,"entity_id":"Q18955045","candidates":[]}],[{"start":0,"end":8,"url":null,"entity_id":"Q41974","candidates":[]}]],[[{"start":0,"end":25,"url":null,"entity_id":"Q17373312","candidates":[]}],[{"start":0,"end":12,"url":null,"entity_id":"Q18955045","candidates":[]}],[{"start":0,"end":8,"url":null,"entity_id":"Q41974","candidates":[]}]],[[{"start":0,"end":15,"url":null,"entity_id":"Q17388967","candidates":[]}],[{"start":0,"end":5,"url":null,"entity_id":"Q19644830","candidates":[]}],[{"start":0,"end":5,"url":null,"entity_id":"Q1973423","candidates":[]}]],[[{"start":0,"end":17,"url":null,"entity_id":"Q17366073","candidates":[]}],[{"start":0,"end":10,"url":null,"entity_id":"Q19544823","candidates":[]}],[{"start":0,"end":4,"url":null,"entity_id":"Q77056","candidates":[]}]],[[{"start":0,"end":20,"url":null,"entity_id":"Q17365971","candidates":[]}],[{"start":0,"end":13,"url":null,"entity_id":"Q19115750","candidates":[]}],[{"start":0,"end":4,"url":null,"entity_id":"Q77056","candidates":[]}]],[[{"start":0,"end":26,"url":null,"entity_id":"Q17319363","candidates":[]}],[{"start":0,"end":15,"url":null,"entity_id":"Q19515498","candidates":[]}],[{"start":0,"end":7,"url":null,"entity_id":"Q16977290","candidates":[]}]]]}