{"version":"1.2","table":{"version":"2","table_id":"6CA67QZ7","columns":[{"index":0,"name":"col0","values":["Qala","Santa Luċija","Għarb","Gudja","Għargħur","Mqabba","Ta' Xbiex","Għasri","Fontana","Nadur","Xewkija","Siġġiewi","Dingli","Senglea","Floriana","Balzan","Lija","Marsaxlokk","Pembroke","Għajnsielem"]},{"index":1,"name":"col1","values":["98","54","106","63","144","95","20","102","71","124","104","130","231","18","38","56","79","8","64","76"]},{"index":2,"name":"col2","values":["2284","2997","1539","2997","2768","3315","1804","525","985","4509","3300","8367","3608","2784","2205","3958","3070","3534","3645","3200"]},{"index":3,"name":"col3","values":["5.9","0.7","4.6","2.3","2","2.6","0.8","5","0.5","7.2","4.5","19.9","5.7","0.2","0.94","0.6","1.1","4.7","2.3","72"]}]},"context":{"page_title":null,"page_url":null,"page_entity_id":null,"content_hierarchy":[]},"links":[[[{"start":0,"end":4,"url":null,"entity_id":"Q1088033","candidates":[]}],[],[],[]],[[{"start":0,"end":12,"url":null,"entity_id":"Q1087776","candidates":[]}],[],[],[]],[[{"start":0,"end":5,"url":null,"entity_id":"Q1026487","candidates":[]}],[],[],[]],[[{"start":0,"end":5,"url":null,"entity_id":"Q1018153","candidates":[]}],[],[],[]],[[{"start":0,"end":8,"url":null,"entity_id":"Q1018111","candidates":[]}],[],[],[]],[[{"start":0,"end":6,"url":null,"entity_id":"Q1017953","candidates":[]}],[],[],[]],[[{"start":0,"end":9,"url":null,"entity_id":"Q1017348","candidates":[]}],[],[],[]],[[{"start":0,"end":6,"url":null,"entity_id":"Q1017339","candidates":[]}],[],[],[]],[[{"start":0,"end":7,"url":null,"entity_id":"Q1002742","candidates":[]}],[],[],[]],[[{"start":0,"end":5,"url":null,"entity_id":"Q929969","candidates":[]}],[],[],[]],[[{"start":0,"end":7,"url":null,"entity_id":"Q919921","candidates":[]}],[],[],[]],[[{"start":0,"end":8,"url":null,"entity_id":"Q919908","candidates":[]}],[],[],[]],[[{"start":0,"end":6,"url":null,"entity_id":"Q905641","candidates":[]}],[],[],[]],[[{"start":0,"end":7,"url":null,"entity_id":"Q846593","candidates":[]}],[],[],[]],[[{"start":0,"end":8,"url":null,"entity_id":"Q832807","candidates":[]}],[],[],[]],[[{"start":0,"end":6,"url":null,"entity_id":"Q789794","candidates":[]}],[],[],[]],[[{"start":0,"end":4,"url":null,"entity_id":"Q782049","candidates":[]}],[],[],[]],[[{"start":0,"end":10,"url":null,"entity_id":"Q781921","candidates":[]}],[],[],[]],[[{"start":0,"end":8,"url":null,"entity_id":"Q775756","candidates":[]}],[],[],[]],[[{"start":0,"end":11,"url":null,"entity_id":"Q761675","candidates":[]}],[],[],[]]]}