{"version":"1.2","table":{"version":"2","table_id":"6D5A382R","columns":[{"index":0,"name":"col0","values":["Szydłowiec Ghetto","Węgrów Ghetto","Turek Ghetto","Ulanów Ghetto","Szydłów Ghetto","Końskie Ghetto","Włodawa Ghetto","Bolimów Ghetto","Włoszczowa Ghetto","Radzymin Ghetto","Wyśmierzyce Ghetto","Łuków Ghetto","Płońsk Ghetto","Siemiatycze Ghetto","Łomazy Ghetto","Włocławek Ghetto","Płock Ghetto","Końskowola Ghetto","Tiszafüred Ghetto","Sajószentpéter Ghetto"]},{"index":1,"name":"col1","values":["Szydłowiec","Węgrów","Turek","Ulanów","Szydłów","Końskie","Włodawa","Bolimów","Włoszczowa","Radzymin","Wyśmierzyce","Łuków","Płońsk","Siemiatycze","Łomazy","Włocławek","Płock","Końskowola","Tiszafüred","Sajószentpéter"]},{"index":2,"name":"col2","values":["Poland","Poland","Poland","Poland","Poland","Poland","Poland","Poland","Poland","Poland","Poland","Poland","Poland","Poland","Poland","Poland","Poland","Poland","Hungary","Hungary"]}]},"context":{"page_title":null,"page_url":null,"page_entity_id":null,"content_hierarchy":[]},"links":[[[{"start":0,"end":17,"url":null,"entity_id":"Q30006126","candidates":[]}],[{"start":0,"end":10,"url":null,"entity_id":"Q974977","candidates":[]}],[{"start":0,"end":6,"url":null,"entity_id":"Q36","candidates":[]}]],[[{"start":0,"end":13,"url":null,"entity_id":"Q30006234","candidates":[]}],[{"start":0,"end":6,"url":null,"entity_id":"Q953156","candidates":[]}],[{"start":0,"end":6,"url":null,"entity_id":"Q36","candidates":[]}]],[[{"start":0,"end":12,"url":null,"entity_id":"Q30006131","candidates":[]}],[{"start":0,"end":5,"url":null,"entity_id":"Q924132","candidates":[]}],[{"start":0,"end":6,"url":null,"entity_id":"Q36","candidates":[]}]],[[{"start":0,"end":13,"url":null,"entity_id":"Q30006207","candidates":[]}],[{"start":0,"end":6,"url":null,"entity_id":"Q867437","candidates":[]}],[{"start":0,"end":6,"url":null,"entity_id":"Q36","candidates":[]}]],[[{"start":0,"end":14,"url":null,"entity_id":"Q30006128","candidates":[]}],[{"start":0,"end":7,"url":null,"entity_id":"Q787968","candidates":[]}],[{"start":0,"end":6,"url":null,"entity_id":"Q36","candidates":[]}]],[[{"start":0,"end":14,"url":null,"entity_id":"Q30006196","candidates":[]}],[{"start":0,"end":7,"url":null,"entity_id":"Q776499","candidates":[]}],[{"start":0,"end":6,"url":null,"entity_id":"Q36","candidates":[]}]],[[{"start":0,"end":14,"url":null,"entity_id":"Q30006238","candidates":[]}],[{"start":0,"end":7,"url":null,"entity_id":"Q751076","candidates":[]}],[{"start":0,"end":6,"url":null,"entity_id":"Q36","candidates":[]}]],[[{"start":0,"end":14,"url":null,"entity_id":"Q30006184","candidates":[]}],[{"start":0,"end":7,"url":null,"entity_id":"Q627392","candidates":[]}],[{"start":0,"end":6,"url":null,"entity_id":"Q36","candidates":[]}]],[[{"start":0,"end":17,"url":null,"entity_id":"Q30006235","candidates":[]}],[{"start":0,"end":10,"url":null,"entity_id":"Q611784","candidates":[]}],[{"start":0,"end":6,"url":null,"entity_id":"Q36","candidates":[]}]],[[{"start":0,"end":15,"url":null,"entity_id":"Q30006164","candidates":[]}],[{"start":0,"end":8,"url":null,"entity_id":"Q609246","candidates":[]}],[{"start":0,"end":6,"url":null,"entity_id":"Q36","candidates":[]}]],[[{"start":0,"end":18,"url":null,"entity_id":"Q30006237","candidates":[]}],[{"start":0,"end":11,"url":null,"entity_id":"Q432353","candidates":[]}],[{"start":0,"end":6,"url":null,"entity_id":"Q36","candidates":[]}]],[[{"start":0,"end":12,"url":null,"entity_id":"Q30006065","candidates":[]}],[{"start":0,"end":5,"url":null,"entity_id":"Q384244","candidates":[]}],[{"start":0,"end":6,"url":null,"entity_id":"Q36","candidates":[]}]],[[{"start":0,"end":13,"url":null,"entity_id":"Q30006094","candidates":[]}],[{"start":0,"end":6,"url":null,"entity_id":"Q270656","candidates":[]}],[{"start":0,"end":6,"url":null,"entity_id":"Q36","candidates":[]}]],[[{"start":0,"end":18,"url":null,"entity_id":"Q30006119","candidates":[]}],[{"start":0,"end":11,"url":null,"entity_id":"Q218980","candidates":[]}],[{"start":0,"end":6,"url":null,"entity_id":"Q36","candidates":[]}]],[[{"start":0,"end":13,"url":null,"entity_id":"Q30006068","candidates":[]}],[{"start":0,"end":6,"url":null,"entity_id":"Q152112","candidates":[]}],[{"start":0,"end":6,"url":null,"entity_id":"Q36","candidates":[]}]],[[{"start":0,"end":16,"url":null,"entity_id":"Q30006232","candidates":[]}],[{"start":0,"end":9,"url":null,"entity_id":"Q106681","candidates":[]}],[{"start":0,"end":6,"url":null,"entity_id":"Q36","candidates":[]}]],[[{"start":0,"end":12,"url":null,"entity_id":"Q30006095","candidates":[]}],[{"start":0,"end":5,"url":null,"entity_id":"Q104725","candidates":[]}],[{"start":0,"end":6,"url":null,"entity_id":"Q36","candidates":[]}]],[[{"start":0,"end":17,"url":null,"entity_id":"Q30006200","candidates":[]}],[{"start":0,"end":10,"url":null,"entity_id":"Q1959","candidates":[]}],[{"start":0,"end":6,"url":null,"entity_id":"Q36","candidates":[]}]],[[{"start":0,"end":17,"url":null,"entity_id":"Q30006223","candidates":[]}],[{"start":0,"end":10,"url":null,"entity_id":"Q903177","candidates":[]}],[{"start":0,"end":7,"url":null,"entity_id":"Q28","candidates":[]}]],[[{"start":0,"end":21,"url":null,"entity_id":"Q30006130","candidates":[]}],[{"start":0,"end":14,"url":null,"entity_id":"Q855086","candidates":[]}],[{"start":0,"end":7,"url":null,"entity_id":"Q28","candidates":[]}]]]}