{"version":2,"table":{"version":2,"table_id":"7NBLRLGU","columns":[{"index":0,"name":"col0","values":["Hermann Schubert","Alfredo","Franz Meyer","Daniel Rhys Davies","Wilhelm Vollhering","Eduard Endert"]},{"index":1,"name":"col1","values":["10.5","9.2","10.5","104","10.5","10.5"]},{"index":2,"name":"col2","values":["6.6","5.5","6.4","63","6.4","6.4"]}]},"context":{"version":3,"page_title":null,"page_url":null,"entities":[],"literals":[],"content_hierarchy":[]},"links":[[[{"version":2,"start":0,"end":16,"url":null,"entities":[{"id":"Q107490302","type":"wikidata"}]}],[],[]],[[{"version":2,"start":0,"end":7,"url":null,"entities":[{"id":"Q90329467","type":"wikidata"}]}],[],[]],[[{"version":2,"start":0,"end":11,"url":null,"entities":[{"id":"Q106647070","type":"wikidata"}]}],[],[]],[[{"version":2,"start":0,"end":18,"url":null,"entities":[{"id":"Q106564960","type":"wikidata"}]}],[],[]],[[{"version":2,"start":0,"end":18,"url":null,"entities":[{"id":"Q107486077","type":"wikidata"}]}],[],[]],[[{"version":2,"start":0,"end":13,"url":null,"entities":[{"id":"Q107492734","type":"wikidata"}]}],[],[]]]}