{"version":2,"table":{"version":2,"table_id":"7PYLE6MK","columns":[{"index":0,"name":"col0","values":["duration","field theory"]},{"index":1,"name":"col1","values":["","classical field theory"]},{"index":2,"name":"col2","values":["Henri Bergson",""]}]},"context":{"version":3,"page_title":null,"page_url":null,"entities":[],"literals":[],"content_hierarchy":[]},"links":[[[{"version":2,"start":0,"end":8,"url":null,"entities":[{"id":"Q2341537","type":"wikidata"}]}],[],[{"version":2,"start":0,"end":13,"url":null,"entities":[{"id":"Q42156","type":"wikidata"}]}]],[[{"version":2,"start":0,"end":12,"url":null,"entities":[{"id":"Q1262328","type":"wikidata"}]}],[{"version":2,"start":0,"end":22,"url":null,"entities":[{"id":"Q2603912","type":"wikidata"}]}],[]]]}