{"version":2,"table":{"version":2,"table_id":"7SF61PC6","columns":[{"index":0,"name":"col0","values":["Velké Němčice","Doubice","Holubov","Karlín"]},{"index":1,"name":"col1","values":["1759","98","1089","202"]},{"index":2,"name":"col2","values":["180","","512","195"]},{"index":3,"name":"col3","values":["21.975816","19.282788","15.560625","2.237084"]}]},"context":{"version":3,"page_title":null,"page_url":null,"entities":[],"literals":[],"content_hierarchy":[]},"links":[[[{"version":2,"start":0,"end":13,"url":null,"entities":[{"id":"Q1023862","type":"wikidata"}]}],[],[],[]],[[{"version":2,"start":0,"end":7,"url":null,"entities":[{"id":"Q662227","type":"wikidata"}]}],[],[],[]],[[{"version":2,"start":0,"end":7,"url":null,"entities":[{"id":"Q1625294","type":"wikidata"}]}],[],[],[]],[[{"version":2,"start":0,"end":6,"url":null,"entities":[{"id":"Q929698","type":"wikidata"}]}],[],[],[]]]}