{"version":2,"table":{"version":2,"table_id":"7V6CW33M","columns":[{"index":0,"name":"col0","values":["2027 World Aquatics Championships","1994 World Aquatics Championships","1978 World Aquatics Championships","1973 World Aquatics Championships","1975 World Aquatics Championships","2007 World Aquatics Championships","2011 World Aquatics Championships","1991 World Aquatics Championships","1998 World Aquatics Championships","2005 World Aquatics Championships"]},{"index":1,"name":"col1","values":["","1994-09-11","1978-08-28","1973-09-09","1975-07-27","2007-04-01","2011-07-31","1991-01-13","1998-01-17","2005-07-31"]}]},"context":{"version":3,"page_title":null,"page_url":null,"entities":[],"literals":[],"content_hierarchy":[]},"links":[[[{"version":2,"start":0,"end":33,"url":null,"entities":[{"id":"Q73633779","type":"wikidata"}]}],[]],[[{"version":2,"start":0,"end":33,"url":null,"entities":[{"id":"Q850212","type":"wikidata"}]}],[]],[[{"version":2,"start":0,"end":33,"url":null,"entities":[{"id":"Q698154","type":"wikidata"}]}],[]],[[{"version":2,"start":0,"end":33,"url":null,"entities":[{"id":"Q210160","type":"wikidata"}]}],[]],[[{"version":2,"start":0,"end":33,"url":null,"entities":[{"id":"Q1048437","type":"wikidata"}]}],[]],[[{"version":2,"start":0,"end":33,"url":null,"entities":[{"id":"Q752378","type":"wikidata"}]}],[]],[[{"version":2,"start":0,"end":33,"url":null,"entities":[{"id":"Q330343","type":"wikidata"}]}],[]],[[{"version":2,"start":0,"end":33,"url":null,"entities":[{"id":"Q850183","type":"wikidata"}]}],[]],[[{"version":2,"start":0,"end":33,"url":null,"entities":[{"id":"Q654479","type":"wikidata"}]}],[]],[[{"version":2,"start":0,"end":33,"url":null,"entities":[{"id":"Q750601","type":"wikidata"}]}],[]]]}