{"version":2,"table":{"version":2,"table_id":"86YTH012","columns":[{"index":0,"name":"col0","values":["theory of everything","change"]},{"index":1,"name":"col1","values":["theory of everything","inconstancy"]}]},"context":{"version":3,"page_title":null,"page_url":null,"entities":[],"literals":[],"content_hierarchy":[]},"links":[[[{"version":2,"start":0,"end":20,"url":null,"entities":[{"id":"Q7782435","type":"wikidata"}]}],[{"version":2,"start":0,"end":20,"url":null,"entities":[{"id":"Q18359","type":"wikidata"}]}]],[[{"version":2,"start":0,"end":6,"url":null,"entities":[{"id":"Q1150070","type":"wikidata"}]}],[{"version":2,"start":0,"end":11,"url":null,"entities":[{"id":"Q5915039","type":"wikidata"}]}]]]}