{"version":2,"table":{"version":2,"table_id":"899M5RQ4","columns":[{"index":0,"name":"col0","values":["Trine University","Eastern University","Beacon College","La Salle University","Siena College","Northwestern University"]},{"index":1,"name":"col1","values":["3573","3504","120","6200","3460","22448"]},{"index":2,"name":"col2","values":["582","663","","816","480","3915"]}]},"context":{"version":3,"page_title":null,"page_url":null,"entities":[],"literals":[],"content_hierarchy":[]},"links":[[[{"version":2,"start":0,"end":16,"url":null,"entities":[{"id":"Q7842344","type":"wikidata"}]}],[],[]],[[{"version":2,"start":0,"end":18,"url":null,"entities":[{"id":"Q5330550","type":"wikidata"}]}],[],[]],[[{"version":2,"start":0,"end":14,"url":null,"entities":[{"id":"Q812885","type":"wikidata"}]}],[],[]],[[{"version":2,"start":0,"end":19,"url":null,"entities":[{"id":"Q3106542","type":"wikidata"}]}],[],[]],[[{"version":2,"start":0,"end":13,"url":null,"entities":[{"id":"Q768054","type":"wikidata"}]}],[],[]],[[{"version":2,"start":0,"end":23,"url":null,"entities":[{"id":"Q309350","type":"wikidata"}]}],[],[]]]}