{"version":2,"table":{"version":2,"table_id":"89L920I3","columns":[{"index":0,"name":"col0","values":["Pivada","Siuet","Măcjn","Bdraolt","Iihni"]},{"index":1,"name":"col1","values":["116.87","43.7472","44.088","127.8376","28.32036"]},{"index":2,"name":"col2","values":["6732.362","7952.072","8302.714999999998","8724.032","7549.065"]}]},"context":{"version":3,"page_title":null,"page_url":null,"entities":[],"literals":[],"content_hierarchy":[]},"links":[[[{"version":2,"start":0,"end":6,"url":null,"entities":[{"id":"Q276336","type":"wikidata"}]}],[],[]],[[{"version":2,"start":0,"end":5,"url":null,"entities":[{"id":"Q587746","type":"wikidata"}]}],[],[]],[[{"version":2,"start":0,"end":5,"url":null,"entities":[{"id":"Q851001","type":"wikidata"}]}],[],[]],[[{"version":2,"start":0,"end":7,"url":null,"entities":[{"id":"Q533078","type":"wikidata"}]}],[],[]],[[{"version":2,"start":0,"end":5,"url":null,"entities":[{"id":"Q678884","type":"wikidata"}]}],[],[]]]}