{"version":2,"table":{"version":2,"table_id":"8D77ZI6R","columns":[{"index":0,"name":"col0","values":["gallium-63","gallium-78","gallium-77","gallium-86"]},{"index":1,"name":"col1","values":["540787.338","669015.906","663231.03","703996"]},{"index":2,"name":"col2","values":["32.4","5.09","13.2","150"]},{"index":3,"name":"col3","values":["31","31","31","31"]}]},"context":{"version":3,"page_title":null,"page_url":null,"entities":[],"literals":[],"content_hierarchy":[]},"links":[[[{"version":2,"start":0,"end":10,"url":null,"entities":[{"id":"Q18844956","type":"wikidata"}]}],[],[],[]],[[{"version":2,"start":0,"end":10,"url":null,"entities":[{"id":"Q18844967","type":"wikidata"}]}],[],[],[]],[[{"version":2,"start":0,"end":10,"url":null,"entities":[{"id":"Q18844966","type":"wikidata"}]}],[],[],[]],[[{"version":2,"start":0,"end":10,"url":null,"entities":[{"id":"Q18844976","type":"wikidata"}]}],[],[],[]]]}