{"version":2,"table":{"version":2,"table_id":"8JCYBMXI","columns":[{"index":0,"name":"col0","values":["Caldecott","Korsberga","Stoke Lyne","Worth","Elsing","Naundorf","Stone Park"]},{"index":1,"name":"col1","values":["1.82","54","13.02","2.38","6.34","4.12","0.34"]}]},"context":{"version":3,"page_title":null,"page_url":null,"entities":[],"literals":[],"content_hierarchy":[]},"links":[[[{"version":2,"start":0,"end":9,"url":null,"entities":[{"id":"Q1975543","type":"wikidata"}]}],[]],[[{"version":2,"start":0,"end":9,"url":null,"entities":[{"id":"Q1973118","type":"wikidata"}]}],[]],[[{"version":2,"start":0,"end":10,"url":null,"entities":[{"id":"Q1972951","type":"wikidata"}]}],[]],[[{"version":2,"start":0,"end":5,"url":null,"entities":[{"id":"Q1972787","type":"wikidata"}]}],[]],[[{"version":2,"start":0,"end":6,"url":null,"entities":[{"id":"Q1971997","type":"wikidata"}]}],[]],[[{"version":2,"start":0,"end":8,"url":null,"entities":[{"id":"Q1971935","type":"wikidata"}]}],[]],[[{"version":2,"start":0,"end":10,"url":null,"entities":[{"id":"Q1970830","type":"wikidata"}]}],[]]]}