{"version":2,"table":{"version":2,"table_id":"8KLTKIGF","columns":[{"index":0,"name":"col0","values":["Chumakov","Grushka","Dmitriyevsky","Dzhankhot","Grozny"]},{"index":1,"name":"col1","values":["33","607","119","12","232"]},{"index":2,"name":"col2","values":["74","293","466","416","712"]}]},"context":{"version":3,"page_title":null,"page_url":null,"entities":[],"literals":[],"content_hierarchy":[]},"links":[[[{"version":2,"start":0,"end":8,"url":null,"entities":[{"id":"Q4518004","type":"wikidata"}]}],[],[]],[[{"version":2,"start":0,"end":7,"url":null,"entities":[{"id":"Q19922120","type":"wikidata"}]}],[],[]],[[{"version":2,"start":0,"end":12,"url":null,"entities":[{"id":"Q4162847","type":"wikidata"}]}],[],[]],[[{"version":2,"start":0,"end":9,"url":null,"entities":[{"id":"Q4159917","type":"wikidata"}]}],[],[]],[[{"version":2,"start":0,"end":6,"url":null,"entities":[{"id":"Q4150106","type":"wikidata"}]}],[],[]]]}