{"version":2,"table":{"version":2,"table_id":"8N4ES5RV","columns":[{"index":0,"name":"col0","values":["boulevard de Reuilly","boulevard de Reims"]},{"index":1,"name":"col1","values":["790","685"]},{"index":2,"name":"col2","values":["42","12"]}]},"context":{"version":3,"page_title":null,"page_url":null,"entities":[],"literals":[],"content_hierarchy":[]},"links":[[[{"version":2,"start":0,"end":20,"url":null,"entities":[{"id":"Q2921995","type":"wikidata"}]}],[],[]],[[{"version":2,"start":0,"end":18,"url":null,"entities":[{"id":"Q2921994","type":"wikidata"}]}],[],[]]]}