{"version":2,"table":{"version":2,"table_id":"8N4VIMFX","columns":[{"index":0,"name":"col0","values":["The Hitchhiker's Guide to the Galaxy","Blackfish City"]},{"index":1,"name":"col1","values":["Far out in the uncharted backwaters of the unfashionable end of the western spiral arm of the Galaxy lies a small, unregarded yellow sun.",""]},{"index":2,"name":"col2","values":["","Locus Award for Best Science Fiction Novel"]}]},"context":{"version":3,"page_title":null,"page_url":null,"entities":[],"literals":[],"content_hierarchy":[]},"links":[[[{"version":2,"start":0,"end":36,"url":null,"entities":[{"id":"Q3107329","type":"wikidata"}]}],[],[]],[[{"version":2,"start":0,"end":14,"url":null,"entities":[{"id":"Q65284007","type":"wikidata"}]}],[],[{"version":2,"start":0,"end":42,"url":null,"entities":[{"id":"Q2576795","type":"wikidata"}]}]]]}