{"version":2,"table":{"version":2,"table_id":"8WMI8RVD","columns":[{"index":0,"name":"col0","values":["Pewakee","Nenasha","Neenak"]},{"index":1,"name":"col1","values":["13129.025","2204.582","25628.504999999997"]},{"index":2,"name":"col2","values":["54.849238443999994","19.667610628999995","24.70586979"]},{"index":3,"name":"col3","values":["856.8","231.60999999999999","747.0"]}]},"context":{"version":3,"page_title":null,"page_url":null,"entities":[],"literals":[],"content_hierarchy":[]},"links":[[[{"version":2,"start":0,"end":7,"url":null,"entities":[{"id":"Q1992191","type":"wikidata"}]}],[],[],[]],[[{"version":2,"start":0,"end":7,"url":null,"entities":[{"id":"Q1570626","type":"wikidata"}]}],[],[],[]],[[{"version":2,"start":0,"end":6,"url":null,"entities":[{"id":"Q1570604","type":"wikidata"}]}],[],[],[]]]}