{"version":2,"table":{"version":2,"table_id":"8YNNT6KM","columns":[{"index":0,"name":"col0","values":["Young Girl, Dream Girl","Azeroth Choppers","Gakkō no Kaidan","All About Lizzie","How It Should Have Ended","Poison"]},{"index":1,"name":"col1","values":["1","","","1","",""]}]},"context":{"version":3,"page_title":null,"page_url":null,"entities":[],"literals":[],"content_hierarchy":[]},"links":[[[{"version":2,"start":0,"end":22,"url":null,"entities":[{"id":"Q18679919","type":"wikidata"}]}],[]],[[{"version":2,"start":0,"end":16,"url":null,"entities":[{"id":"Q16983421","type":"wikidata"}]}],[]],[[{"version":2,"start":0,"end":15,"url":null,"entities":[{"id":"Q11448229","type":"wikidata"}]}],[]],[[{"version":2,"start":0,"end":16,"url":null,"entities":[{"id":"Q65132132","type":"wikidata"}]}],[]],[[{"version":2,"start":0,"end":24,"url":null,"entities":[{"id":"Q17055492","type":"wikidata"}]}],[]],[[{"version":2,"start":0,"end":6,"url":null,"entities":[{"id":"Q67873023","type":"wikidata"}]}],[]]]}