{"version":2,"table":{"version":2,"table_id":"8Z5YQ3FR","columns":[{"index":0,"name":"col0","values":["Peter Jackson","Peter Atherton"]},{"index":1,"name":"col1","values":["Bradford City A.F.C.","Bradford City A.F.C."]}]},"context":{"version":3,"page_title":null,"page_url":null,"entities":[],"literals":[],"content_hierarchy":[]},"links":[[[{"version":2,"start":0,"end":13,"url":null,"entities":[{"id":"Q7174913","type":"wikidata"}]}],[{"version":2,"start":0,"end":20,"url":null,"entities":[{"id":"Q48879","type":"wikidata"}]}]],[[{"version":2,"start":0,"end":14,"url":null,"entities":[{"id":"Q7172578","type":"wikidata"}]}],[{"version":2,"start":0,"end":20,"url":null,"entities":[{"id":"Q48879","type":"wikidata"}]}]]]}