{"version":2,"table":{"version":2,"table_id":"97K6YQ4H","columns":[{"index":0,"name":"col0","values":["E. Fischer","O. Blumenthal","W. Ackermann","M. Haskins","C. L. Paige"]},{"index":1,"name":"col1","values":["Adolf von Baeyer","David Hilbert","David Hilbert","Karen Keskulla Uhlenbeck","Eugène Charles Catalan"]},{"index":2,"name":"col2","values":["Russian Academy of Sciences","German Academy of Sciences Leopoldina","Göttingen Academy of Sciences","Learned Society of Wales","Royal Academy of Science, Letters and Fine Arts of Belgium"]}]},"context":{"version":3,"page_title":null,"page_url":null,"entities":[],"literals":[],"content_hierarchy":[]},"links":[[[{"version":2,"start":0,"end":10,"url":null,"entities":[{"id":"Q70554","type":"wikidata"}]}],[{"version":2,"start":0,"end":16,"url":null,"entities":[{"id":"Q57078","type":"wikidata"}]}],[{"version":2,"start":0,"end":27,"url":null,"entities":[{"id":"Q83172","type":"wikidata"}]}]],[[{"version":2,"start":0,"end":13,"url":null,"entities":[{"id":"Q68542","type":"wikidata"}]}],[{"version":2,"start":0,"end":13,"url":null,"entities":[{"id":"Q41585","type":"wikidata"}]}],[{"version":2,"start":0,"end":37,"url":null,"entities":[{"id":"Q543804","type":"wikidata"}]}]],[[{"version":2,"start":0,"end":12,"url":null,"entities":[{"id":"Q61037","type":"wikidata"}]}],[{"version":2,"start":0,"end":13,"url":null,"entities":[{"id":"Q41585","type":"wikidata"}]}],[{"version":2,"start":0,"end":29,"url":null,"entities":[{"id":"Q414188","type":"wikidata"}]}]],[[{"version":2,"start":0,"end":10,"url":null,"entities":[{"id":"Q102238439","type":"wikidata"}]}],[{"version":2,"start":0,"end":24,"url":null,"entities":[{"id":"Q38636","type":"wikidata"}]}],[{"version":2,"start":0,"end":24,"url":null,"entities":[{"id":"Q371160","type":"wikidata"}]}]],[[{"version":2,"start":0,"end":11,"url":null,"entities":[{"id":"Q2995004","type":"wikidata"}]}],[{"version":2,"start":0,"end":22,"url":null,"entities":[{"id":"Q41485","type":"wikidata"}]}],[{"version":2,"start":0,"end":58,"url":null,"entities":[{"id":"Q337580","type":"wikidata"}]}]]]}