{"version":2,"table":{"version":2,"table_id":"98PRGQ3L","columns":[{"index":0,"name":"col0","values":["(Cmpositae)","(Coopositae)","(Compoviae)","(urnera)"]},{"index":1,"name":"col1","values":["26.579499999999996","26.3145","26.659","26.3145"]}]},"context":{"version":3,"page_title":null,"page_url":null,"entities":[],"literals":[],"content_hierarchy":[]},"links":[[[{"version":2,"start":0,"end":11,"url":null,"entities":[{"id":"Q59824734","type":"wikidata"}]}],[]],[[{"version":2,"start":0,"end":12,"url":null,"entities":[{"id":"Q59824733","type":"wikidata"}]}],[]],[[{"version":2,"start":0,"end":11,"url":null,"entities":[{"id":"Q59824732","type":"wikidata"}]}],[]],[[{"version":2,"start":0,"end":8,"url":null,"entities":[{"id":"Q59824472","type":"wikidata"}]}],[]]]}