{"version":2,"table":{"version":2,"table_id":"9A3H1T0H","columns":[{"index":0,"name":"col0","values":["Eidsfossen power station","Sagfossen power station","Sagfossen power station","Sagfossen power station","Mo power station"]},{"index":1,"name":"col1","values":["34.5","","4","","4.7"]},{"index":2,"name":"col2","values":["59.1","46","2","3.1","16.3"]}]},"context":{"version":3,"page_title":null,"page_url":null,"entities":[],"literals":[],"content_hierarchy":[]},"links":[[[{"version":2,"start":0,"end":24,"url":null,"entities":[{"id":"Q17769289","type":"wikidata"}]}],[],[]],[[{"version":2,"start":0,"end":23,"url":null,"entities":[{"id":"Q11110786","type":"wikidata"}]}],[],[]],[[{"version":2,"start":0,"end":23,"url":null,"entities":[{"id":"Q19387360","type":"wikidata"}]}],[],[]],[[{"version":2,"start":0,"end":23,"url":null,"entities":[{"id":"Q20750736","type":"wikidata"}]}],[],[]],[[{"version":2,"start":0,"end":16,"url":null,"entities":[{"id":"Q19381702","type":"wikidata"}]}],[],[]]]}