{"version":2,"table":{"version":2,"table_id":"9DHUXCOU","columns":[{"index":0,"name":"col0","values":["Troodos","Kornos","Agios Theodoros","Fyllia"]},{"index":1,"name":"col1","values":["","Michalakis Savva","Iakovos Stephanou",""]}]},"context":{"version":3,"page_title":null,"page_url":null,"entities":[],"literals":[],"content_hierarchy":[]},"links":[[[{"version":2,"start":0,"end":7,"url":null,"entities":[{"id":"Q5395800","type":"wikidata"}]}],[]],[[{"version":2,"start":0,"end":6,"url":null,"entities":[{"id":"Q6432453","type":"wikidata"}]}],[{"version":2,"start":0,"end":16,"url":null,"entities":[{"id":"Q79915243","type":"wikidata"}]}]],[[{"version":2,"start":0,"end":15,"url":null,"entities":[{"id":"Q4692671","type":"wikidata"}]}],[{"version":2,"start":0,"end":17,"url":null,"entities":[{"id":"Q79915209","type":"wikidata"}]}]],[[{"version":2,"start":0,"end":6,"url":null,"entities":[{"id":"Q56425803","type":"wikidata"}]}],[]]]}