{"version":2,"table":{"version":"2","table_id":"F1DXJNUJ","columns":[{"index":0,"name":"col0","values":["Masawar","Mudhaykhirah","Al Hijrah","An Nawbah","An Nakhlah"]},{"index":1,"name":"col1","values":["16416","5319","1677","7224","2177"]}]},"context":{"version":2,"page_title":null,"page_url":null,"page_entities":[],"content_hierarchy":[]},"links":[[[{"version":2,"start":0,"end":7,"url":null,"entities":[{"id":"Q12226983","type":"wikidata"}]}],[]],[[{"version":2,"start":0,"end":12,"url":null,"entities":[{"id":"Q12226970","type":"wikidata"}]}],[]],[[{"version":2,"start":0,"end":9,"url":null,"entities":[{"id":"Q12225974","type":"wikidata"}]}],[]],[[{"version":2,"start":0,"end":9,"url":null,"entities":[{"id":"Q12225967","type":"wikidata"}]}],[]],[[{"version":2,"start":0,"end":10,"url":null,"entities":[{"id":"Q12225960","type":"wikidata"}]}],[]]]}