{"version":2,"table":{"version":"2","table_id":"FKP4DA8B","columns":[{"index":0,"name":"col0","values":["Church of the Dorition of the#Theotokos","Wooden Chrch","Exaltation of tie Holy Cross church"]},{"index":1,"name":"col1","values":["wood","wood","wood"]}]},"context":{"version":2,"page_title":null,"page_url":null,"page_entities":[],"content_hierarchy":[]},"links":[[[{"version":2,"start":0,"end":39,"url":null,"entities":[{"id":"Q110831147","type":"wikidata"}]}],[{"version":2,"start":0,"end":4,"url":null,"entities":[{"id":"Q287","type":"wikidata"}]}]],[[{"version":2,"start":0,"end":12,"url":null,"entities":[{"id":"Q63099532","type":"wikidata"}]}],[{"version":2,"start":0,"end":4,"url":null,"entities":[{"id":"Q287","type":"wikidata"}]}]],[[{"version":2,"start":0,"end":35,"url":null,"entities":[{"id":"Q11745685","type":"wikidata"}]}],[{"version":2,"start":0,"end":4,"url":null,"entities":[{"id":"Q287","type":"wikidata"}]}]]]}