{"version":2,"table":{"version":"2","table_id":"FO90LZOS","columns":[{"index":0,"name":"col0","values":["Giannitsa Municipal Unit","Balashikhinskiy Rayon","Ruzsky District"]},{"index":1,"name":"col1","values":["2010-01-01","2006-01-01","2017-04-23"]},{"index":2,"name":"col2","values":["31442","187988","62845"]}]},"context":{"version":2,"page_title":null,"page_url":null,"page_entities":[],"content_hierarchy":[]},"links":[[[{"version":2,"start":0,"end":24,"url":null,"entities":[{"id":"Q12875650","type":"wikidata"}]}],[],[]],[[{"version":2,"start":0,"end":21,"url":null,"entities":[{"id":"Q10737463","type":"wikidata"}]}],[],[]],[[{"version":2,"start":0,"end":15,"url":null,"entities":[{"id":"Q2627668","type":"wikidata"}]}],[],[]]]}