{"version":2,"table":{"version":"2","table_id":"G09MZ7HS","columns":[{"index":0,"name":"col0","values":["Parco del Lambro Meridionale e del Ticinello","Parco delle Cascine","Parco dell'Alto Martesana","Parco del Brembiolo"]},{"index":1,"name":"col1","values":["616.07","213","298","546"]}]},"context":{"version":2,"page_title":null,"page_url":null,"page_entities":[],"content_hierarchy":[]},"links":[[[{"version":2,"start":0,"end":44,"url":null,"entities":[{"id":"Q55436306","type":"wikidata"}]}],[]],[[{"version":2,"start":0,"end":19,"url":null,"entities":[{"id":"Q55436272","type":"wikidata"}]}],[]],[[{"version":2,"start":0,"end":25,"url":null,"entities":[{"id":"Q55415291","type":"wikidata"}]}],[]],[[{"version":2,"start":0,"end":19,"url":null,"entities":[{"id":"Q55070390","type":"wikidata"}]}],[]]]}