{"version":2,"table":{"version":"2","table_id":"G56YYIKS","columns":[{"index":0,"name":"col0","values":["HAL","Infiity","Hypertensio"]},{"index":1,"name":"col1","values":["2001/01/01","1952/01/01","1957/01/01"]}]},"context":{"version":2,"page_title":null,"page_url":null,"page_entities":[],"content_hierarchy":[]},"links":[[[{"version":2,"start":0,"end":3,"url":null,"entities":[{"id":"Q3144107","type":"wikidata"}]}],[]],[[{"version":2,"start":0,"end":7,"url":null,"entities":[{"id":"Q106876484","type":"wikidata"}]}],[]],[[{"version":2,"start":0,"end":11,"url":null,"entities":[{"id":"Q106876447","type":"wikidata"}]}],[]]]}