{"version":2,"table":{"version":"2","table_id":"G6HBSKU6","columns":[{"index":0,"name":"col0","values":["Osaka","Madrid","Brisbane","Minsk","Auckland","Birmingham"]},{"index":1,"name":"col1","values":["20","667","0","280","196","140"]},{"index":2,"name":"col2","values":["223","604.4551","15826","409.5","559","267.77"]},{"index":3,"name":"col3","values":["2751862","3305408","2360241","1996553","1346091","1137100"]}]},"context":{"version":2,"page_title":null,"page_url":null,"page_entities":[],"content_hierarchy":[]},"links":[[[{"version":2,"start":0,"end":5,"url":null,"entities":[{"id":"Q35765","type":"wikidata"}]}],[],[],[]],[[{"version":2,"start":0,"end":6,"url":null,"entities":[{"id":"Q2807","type":"wikidata"}]}],[],[],[]],[[{"version":2,"start":0,"end":8,"url":null,"entities":[{"id":"Q34932","type":"wikidata"}]}],[],[],[]],[[{"version":2,"start":0,"end":5,"url":null,"entities":[{"id":"Q2280","type":"wikidata"}]}],[],[],[]],[[{"version":2,"start":0,"end":8,"url":null,"entities":[{"id":"Q37100","type":"wikidata"}]}],[],[],[]],[[{"version":2,"start":0,"end":10,"url":null,"entities":[{"id":"Q2256","type":"wikidata"}]}],[],[],[]]]}