{"version":2,"table":{"version":"2","table_id":"G9F6D4KO","columns":[{"index":0,"name":"col0","values":["C class","Kilo-class submarine","Havmanden-class submarine"]},{"index":1,"name":"col1","values":["38","57","6"]}]},"context":{"version":2,"page_title":null,"page_url":null,"page_entities":[],"content_hierarchy":[]},"links":[[[{"version":2,"start":0,"end":7,"url":null,"entities":[{"id":"Q2657561","type":"wikidata"}]}],[]],[[{"version":2,"start":0,"end":20,"url":null,"entities":[{"id":"Q55520","type":"wikidata"}]}],[]],[[{"version":2,"start":0,"end":25,"url":null,"entities":[{"id":"Q5798816","type":"wikidata"}]}],[]]]}