{"version":2,"table":{"version":"2","table_id":"GP2YF5M9","columns":[{"index":0,"name":"col0","values":["DBAG#Class 424","Renfe Class 477.","CFL Claus 2300","F ALn 442+ALn 448"]},{"index":1,"name":"col1","values":["2.83432","4164.075","2.786","3012.0"]},{"index":2,"name":"col2","values":["3.7199999999999998","2897.1","4.63463","3753.7499999999995"]},{"index":3,"name":"col3","values":["140.7","119.88","160.64","138.74"]}]},"context":{"version":2,"page_title":null,"page_url":null,"page_entities":[],"content_hierarchy":[]},"links":[[[{"version":2,"start":0,"end":14,"url":null,"entities":[{"id":"Q3721997","type":"wikidata"}]}],[],[],[]],[[{"version":2,"start":0,"end":16,"url":null,"entities":[{"id":"Q3425408","type":"wikidata"}]}],[],[],[]],[[{"version":2,"start":0,"end":14,"url":null,"entities":[{"id":"Q2619257","type":"wikidata"}]}],[],[],[]],[[{"version":2,"start":0,"end":17,"url":null,"entities":[{"id":"Q2612765","type":"wikidata"}]}],[],[],[]]]}