{"version":2,"table":{"version":"2","table_id":"HMS1DUYG","columns":[{"index":0,"name":"col0","values":["USS Bainridge","USS John S.McCain.","SS Jrhn Paul Jones","USS Spruace","S Glasgow","USU The Sullivans","rancesco Pimbelli"]},{"index":1,"name":"col1","values":["United States Navy","United States Navy","United States Navy","United States Navy","Royal Navy","United States Navy","Italian Navy"]},{"index":2,"name":"col2","values":["Bath Iron Works","Bath Iron Works","Bath Iron Works","Bath Iron Works","Swan Hunter","Bath Iron Works","Fincantieri"]}]},"context":{"version":2,"page_title":null,"page_url":null,"page_entities":[],"content_hierarchy":[]},"links":[[[{"version":2,"start":0,"end":13,"url":null,"entities":[{"id":"Q2301237","type":"wikidata"}]}],[{"version":2,"start":0,"end":18,"url":null,"entities":[{"id":"Q11220","type":"wikidata"}]}],[{"version":2,"start":0,"end":15,"url":null,"entities":[{"id":"Q810783","type":"wikidata"}]}]],[[{"version":2,"start":0,"end":18,"url":null,"entities":[{"id":"Q1195559","type":"wikidata"}]}],[{"version":2,"start":0,"end":18,"url":null,"entities":[{"id":"Q11220","type":"wikidata"}]}],[{"version":2,"start":0,"end":15,"url":null,"entities":[{"id":"Q810783","type":"wikidata"}]}]],[[{"version":2,"start":0,"end":18,"url":null,"entities":[{"id":"Q1187838","type":"wikidata"}]}],[{"version":2,"start":0,"end":18,"url":null,"entities":[{"id":"Q11220","type":"wikidata"}]}],[{"version":2,"start":0,"end":15,"url":null,"entities":[{"id":"Q810783","type":"wikidata"}]}]],[[{"version":2,"start":0,"end":11,"url":null,"entities":[{"id":"Q1042794","type":"wikidata"}]}],[{"version":2,"start":0,"end":18,"url":null,"entities":[{"id":"Q11220","type":"wikidata"}]}],[{"version":2,"start":0,"end":15,"url":null,"entities":[{"id":"Q810783","type":"wikidata"}]}]],[[{"version":2,"start":0,"end":9,"url":null,"entities":[{"id":"Q1640754","type":"wikidata"}]}],[{"version":2,"start":0,"end":10,"url":null,"entities":[{"id":"Q172771","type":"wikidata"}]}],[{"version":2,"start":0,"end":11,"url":null,"entities":[{"id":"Q2061530","type":"wikidata"}]}]],[[{"version":2,"start":0,"end":17,"url":null,"entities":[{"id":"Q1606158","type":"wikidata"}]}],[{"version":2,"start":0,"end":18,"url":null,"entities":[{"id":"Q11220","type":"wikidata"}]}],[{"version":2,"start":0,"end":15,"url":null,"entities":[{"id":"Q810783","type":"wikidata"}]}]],[[{"version":2,"start":0,"end":17,"url":null,"entities":[{"id":"Q3019982","type":"wikidata"}]}],[{"version":2,"start":0,"end":12,"url":null,"entities":[{"id":"Q833040","type":"wikidata"}]}],[{"version":2,"start":0,"end":11,"url":null,"entities":[{"id":"Q1327429","type":"wikidata"}]}]]]}