{"version":2,"table":{"version":"2","table_id":"HR6F3A4P","columns":[{"index":0,"name":"col0","values":["Rozbark mine main area buildings","Ottendorfer Public Library and Stuyvesant Polyclinic Hospital","Sint-Jozefgesticht","Haeundae I Park","Teem Plaza"]},{"index":1,"name":"col1","values":["Rozbark Dance Theater","Ottendorfer Library","school","Haeundae I Park Marina Tower 2","Teemall"]},{"index":2,"name":"col2","values":["Zillmanns","J. William Schickel","Jean-Baptiste Bethune","Daniel Libeskind","P & T Architects & Engineers Ltd."]},{"index":3,"name":"col3","values":["Gothic Revival","Renaissance Revival architecture","Gothic Revival","postmodern architecture","modern architecture"]}]},"context":{"version":2,"page_title":null,"page_url":null,"page_entities":[],"content_hierarchy":[]},"links":[[[{"version":2,"start":0,"end":32,"url":null,"entities":[{"id":"Q30063367","type":"wikidata"}]}],[{"version":2,"start":0,"end":21,"url":null,"entities":[{"id":"Q30063370","type":"wikidata"}]}],[{"version":2,"start":0,"end":9,"url":null,"entities":[{"id":"Q9391190","type":"wikidata"}]}],[{"version":2,"start":0,"end":14,"url":null,"entities":[{"id":"Q186363","type":"wikidata"}]}]],[[{"version":2,"start":0,"end":61,"url":null,"entities":[{"id":"Q110315829","type":"wikidata"}]}],[{"version":2,"start":0,"end":19,"url":null,"entities":[{"id":"Q7109347","type":"wikidata"}]}],[{"version":2,"start":0,"end":19,"url":null,"entities":[{"id":"Q6107474","type":"wikidata"}]}],[{"version":2,"start":0,"end":32,"url":null,"entities":[{"id":"Q502163","type":"wikidata"}]}]],[[{"version":2,"start":0,"end":18,"url":null,"entities":[{"id":"Q111586694","type":"wikidata"}]}],[{"version":2,"start":0,"end":6,"url":null,"entities":[{"id":"Q3914","type":"wikidata"}]}],[{"version":2,"start":0,"end":21,"url":null,"entities":[{"id":"Q354052","type":"wikidata"}]}],[{"version":2,"start":0,"end":14,"url":null,"entities":[{"id":"Q186363","type":"wikidata"}]}]],[[{"version":2,"start":0,"end":15,"url":null,"entities":[{"id":"Q5638300","type":"wikidata"}]}],[{"version":2,"start":0,"end":30,"url":null,"entities":[{"id":"Q17331386","type":"wikidata"}]}],[{"version":2,"start":0,"end":16,"url":null,"entities":[{"id":"Q154538","type":"wikidata"}]}],[{"version":2,"start":0,"end":23,"url":null,"entities":[{"id":"Q595448","type":"wikidata"}]}]],[[{"version":2,"start":0,"end":10,"url":null,"entities":[{"id":"Q7694232","type":"wikidata"}]}],[{"version":2,"start":0,"end":7,"url":null,"entities":[{"id":"Q10939906","type":"wikidata"}]}],[{"version":2,"start":0,"end":33,"url":null,"entities":[{"id":"Q3359930","type":"wikidata"}]}],[{"version":2,"start":0,"end":19,"url":null,"entities":[{"id":"Q245188","type":"wikidata"}]}]]]}