{"version":2,"table":{"version":"2","table_id":"I7KSNW3H","columns":[{"index":0,"name":"col0","values":["The Smurfs 2","The Pagemaster","Arthur and the Revenge of Maltazard","Fantasia","Scooby-Doo","Arthur and the Minimoys"]},{"index":1,"name":"col1","values":["fantasy film","fantasy film","fantasy film","fantasy film","fantasy film","children's film"]},{"index":2,"name":"col2","values":["Suitable for a general audience","Suitable for a general audience","Suitable for a general audience, but not recommended for children under 7","Prohibited for children under 16","For ages 11 and up","Suitable for a general audience, but not recommended for children under 7"]}]},"context":{"version":2,"page_title":null,"page_url":null,"page_entities":[],"content_hierarchy":[]},"links":[[[{"version":2,"start":0,"end":12,"url":null,"entities":[{"id":"Q1253366","type":"wikidata"}]}],[{"version":2,"start":0,"end":12,"url":null,"entities":[{"id":"Q157394","type":"wikidata"}]}],[{"version":2,"start":0,"end":31,"url":null,"entities":[{"id":"Q56887384","type":"wikidata"}]}]],[[{"version":2,"start":0,"end":14,"url":null,"entities":[{"id":"Q1196110","type":"wikidata"}]}],[{"version":2,"start":0,"end":12,"url":null,"entities":[{"id":"Q157394","type":"wikidata"}]}],[{"version":2,"start":0,"end":31,"url":null,"entities":[{"id":"Q56887384","type":"wikidata"}]}]],[[{"version":2,"start":0,"end":35,"url":null,"entities":[{"id":"Q389466","type":"wikidata"}]}],[{"version":2,"start":0,"end":12,"url":null,"entities":[{"id":"Q157394","type":"wikidata"}]}],[{"version":2,"start":0,"end":73,"url":null,"entities":[{"id":"Q56887459","type":"wikidata"}]}]],[[{"version":2,"start":0,"end":8,"url":null,"entities":[{"id":"Q943192","type":"wikidata"}]}],[{"version":2,"start":0,"end":12,"url":null,"entities":[{"id":"Q157394","type":"wikidata"}]}],[{"version":2,"start":0,"end":32,"url":null,"entities":[{"id":"Q80656032","type":"wikidata"}]}]],[[{"version":2,"start":0,"end":10,"url":null,"entities":[{"id":"Q936302","type":"wikidata"}]}],[{"version":2,"start":0,"end":12,"url":null,"entities":[{"id":"Q157394","type":"wikidata"}]}],[{"version":2,"start":0,"end":18,"url":null,"entities":[{"id":"Q56887490","type":"wikidata"}]}]],[[{"version":2,"start":0,"end":23,"url":null,"entities":[{"id":"Q550232","type":"wikidata"}]}],[{"version":2,"start":0,"end":15,"url":null,"entities":[{"id":"Q2143665","type":"wikidata"}]}],[{"version":2,"start":0,"end":73,"url":null,"entities":[{"id":"Q56887459","type":"wikidata"}]}]]]}