{"version":2,"table":{"version":"2","table_id":"IGCROBMJ","columns":[{"index":0,"name":"col0","values":["Cears of Lebanoq State Park","Booker#T. Washington State Park","Roan Mountain State ark"]},{"index":1,"name":"col1","values":["1150.39","355.824","2018.036"]}]},"context":{"version":2,"page_title":null,"page_url":null,"page_entities":[],"content_hierarchy":[]},"links":[[[{"version":2,"start":0,"end":27,"url":null,"entities":[{"id":"Q5056995","type":"wikidata"}]}],[]],[[{"version":2,"start":0,"end":31,"url":null,"entities":[{"id":"Q4943213","type":"wikidata"}]}],[]],[[{"version":2,"start":0,"end":23,"url":null,"entities":[{"id":"Q3364089","type":"wikidata"}]}],[]]]}