{"version":2,"table":{"version":"2","table_id":"ISSZH2M4","columns":[{"index":0,"name":"col0","values":["Capital depicting Hathor-MAHG 027868","part of a capital showing the head of the goddess Hathor","Chapiteau d’angle à décor de lion crachant des rinceaux - Cl. 18954"]},{"index":1,"name":"col1","values":["Hathor","Hathor","lion"]}]},"context":{"version":2,"page_title":null,"page_url":null,"page_entities":[],"content_hierarchy":[]},"links":[[[{"version":2,"start":0,"end":36,"url":null,"entities":[{"id":"Q64518435","type":"wikidata"}]}],[{"version":2,"start":0,"end":6,"url":null,"entities":[{"id":"Q133343","type":"wikidata"}]}]],[[{"version":2,"start":0,"end":56,"url":null,"entities":[{"id":"Q63870181","type":"wikidata"}]}],[{"version":2,"start":0,"end":6,"url":null,"entities":[{"id":"Q133343","type":"wikidata"}]}]],[[{"version":2,"start":0,"end":67,"url":null,"entities":[{"id":"Q65999892","type":"wikidata"}]}],[{"version":2,"start":0,"end":4,"url":null,"entities":[{"id":"Q140","type":"wikidata"}]}]]]}