{"version":2,"table":{"version":"2","table_id":"IYZRV8J1","columns":[{"index":0,"name":"col0","values":["Skalky","Kunderberg","Allt y Main"]},{"index":1,"name":"col1","values":["64.3031","0.95","0.79"]}]},"context":{"version":2,"page_title":null,"page_url":null,"page_entities":[],"content_hierarchy":[]},"links":[[[{"version":2,"start":0,"end":6,"url":null,"entities":[{"id":"Q15290722","type":"wikidata"}]}],[]],[[{"version":2,"start":0,"end":10,"url":null,"entities":[{"id":"Q13746244","type":"wikidata"}]}],[]],[[{"version":2,"start":0,"end":11,"url":null,"entities":[{"id":"Q13125464","type":"wikidata"}]}],[]]]}