{"version":2,"table":{"version":"2","table_id":"J0BFCXRY","columns":[{"index":0,"name":"col0","values":["Appenzell","Neuchâtel","Chur","Liestal","Solothurn","Schwyz","Sion"]},{"index":1,"name":"col1","values":["778","434","593","327","432","516","515"]},{"index":2,"name":"col2","values":["16.86","18.05","28.09","18.18","6.28","53.18","29.81"]}]},"context":{"version":2,"page_title":null,"page_url":null,"page_entities":[],"content_hierarchy":[]},"links":[[[{"version":2,"start":0,"end":9,"url":null,"entities":[{"id":"Q209270","type":"wikidata"}]}],[],[]],[[{"version":2,"start":0,"end":9,"url":null,"entities":[{"id":"Q69345","type":"wikidata"}]}],[],[]],[[{"version":2,"start":0,"end":4,"url":null,"entities":[{"id":"Q69007","type":"wikidata"}]}],[],[]],[[{"version":2,"start":0,"end":7,"url":null,"entities":[{"id":"Q68972","type":"wikidata"}]}],[],[]],[[{"version":2,"start":0,"end":9,"url":null,"entities":[{"id":"Q68965","type":"wikidata"}]}],[],[]],[[{"version":2,"start":0,"end":6,"url":null,"entities":[{"id":"Q68155","type":"wikidata"}]}],[],[]],[[{"version":2,"start":0,"end":4,"url":null,"entities":[{"id":"Q68136","type":"wikidata"}]}],[],[]]]}