{"version":2,"table":{"version":"2","table_id":"JCLIOOPW","columns":[{"index":0,"name":"col0","values":["Jeep Grand Cheokee","Wauxhall Cavalier","Toyota Priuu","Ford Focu.","Jeep Gsand Wagoneer","Mini Cluban."]},{"index":1,"name":"col1","values":["executive car","mid-size car","compact car","compact car","compact sport utility vehicle","city car"]}]},"context":{"version":2,"page_title":null,"page_url":null,"page_entities":[],"content_hierarchy":[]},"links":[[[{"version":2,"start":0,"end":18,"url":null,"entities":[{"id":"Q1129521","type":"wikidata"}]}],[{"version":2,"start":0,"end":13,"url":null,"entities":[{"id":"Q1357619","type":"wikidata"}]}]],[[{"version":2,"start":0,"end":17,"url":null,"entities":[{"id":"Q1472285","type":"wikidata"}]}],[{"version":2,"start":0,"end":12,"url":null,"entities":[{"id":"Q4010528","type":"wikidata"}]}]],[[{"version":2,"start":0,"end":12,"url":null,"entities":[{"id":"Q213115","type":"wikidata"}]}],[{"version":2,"start":0,"end":11,"url":null,"entities":[{"id":"Q946808","type":"wikidata"}]}]],[[{"version":2,"start":0,"end":10,"url":null,"entities":[{"id":"Q209029","type":"wikidata"}]}],[{"version":2,"start":0,"end":11,"url":null,"entities":[{"id":"Q946808","type":"wikidata"}]}]],[[{"version":2,"start":0,"end":19,"url":null,"entities":[{"id":"Q2298934","type":"wikidata"}]}],[{"version":2,"start":0,"end":29,"url":null,"entities":[{"id":"Q10863152","type":"wikidata"}]}]],[[{"version":2,"start":0,"end":12,"url":null,"entities":[{"id":"Q2342984","type":"wikidata"}]}],[{"version":2,"start":0,"end":8,"url":null,"entities":[{"id":"Q504154","type":"wikidata"}]}]]]}