{"version":2,"table":{"version":"2","table_id":"JI0WQ0GA","columns":[{"index":0,"name":"col0","values":["NSV 16162","25 Sagittarii","19 Piscis Austrini"]},{"index":1,"name":"col1","values":["67.1398","1028.2776","197.8513"]},{"index":2,"name":"col2","values":["22.115","-2.227","-19.51"]},{"index":3,"name":"col3","values":["1.15","-4.01","-0.51"]}]},"context":{"version":2,"page_title":null,"page_url":null,"page_entities":[],"content_hierarchy":[]},"links":[[[{"version":2,"start":0,"end":9,"url":null,"entities":[{"id":"Q86133715","type":"wikidata"}]}],[],[],[]],[[{"version":2,"start":0,"end":13,"url":null,"entities":[{"id":"Q66493340","type":"wikidata"}]}],[],[],[]],[[{"version":2,"start":0,"end":18,"url":null,"entities":[{"id":"Q66493339","type":"wikidata"}]}],[],[],[]]]}