{"version":2,"table":{"version":2,"table_id":"01A3XKCU","columns":[{"index":0,"name":"col0","values":["Pittsburgh metropolitan area","Pine Bluff metropolitan area","Peoria metropolitan area","Pensacola metropolitan area","Parkersburg-Vienna, WV Metropolitan Statistical Area","Oklahoma City metropolitan area"]},{"index":1,"name":"col1","values":["2317600","87751","402391","509905","89490","1425695"]}]},"context":{"version":3,"page_title":null,"page_url":null,"entities":[],"literals":[],"content_hierarchy":[]},"links":[[[{"version":2,"start":0,"end":28,"url":null,"entities":[{"id":"Q7199458","type":"wikidata"}]}],[]],[[{"version":2,"start":0,"end":28,"url":null,"entities":[{"id":"Q7195073","type":"wikidata"}]}],[]],[[{"version":2,"start":0,"end":24,"url":null,"entities":[{"id":"Q7166165","type":"wikidata"}]}],[]],[[{"version":2,"start":0,"end":27,"url":null,"entities":[{"id":"Q7164715","type":"wikidata"}]}],[]],[[{"version":2,"start":0,"end":52,"url":null,"entities":[{"id":"Q7138431","type":"wikidata"}]}],[]],[[{"version":2,"start":0,"end":31,"url":null,"entities":[{"id":"Q7082164","type":"wikidata"}]}],[]]]}