{"version":2,"table":{"version":2,"table_id":"01Y6MABD","columns":[{"index":0,"name":"col0","values":["Alcántara dam","A Castellana Reservoir","Larji hydro power station","Koldam hydroelectric power station","Nathpa Jhakri Hydro Power station"]},{"index":1,"name":"col1","values":["130","7.5","27","167","63"]},{"index":2,"name":"col2","values":["570","20","50","474","185"]}]},"context":{"version":3,"page_title":null,"page_url":null,"entities":[],"literals":[],"content_hierarchy":[]},"links":[[[{"version":2,"start":0,"end":13,"url":null,"entities":[{"id":"Q94989675","type":"wikidata"}]}],[],[]],[[{"version":2,"start":0,"end":22,"url":null,"entities":[{"id":"Q84045928","type":"wikidata"}]}],[],[]],[[{"version":2,"start":0,"end":25,"url":null,"entities":[{"id":"Q65199794","type":"wikidata"}]}],[],[]],[[{"version":2,"start":0,"end":34,"url":null,"entities":[{"id":"Q65199789","type":"wikidata"}]}],[],[]],[[{"version":2,"start":0,"end":33,"url":null,"entities":[{"id":"Q65199764","type":"wikidata"}]}],[],[]]]}