{"version":2,"table":{"version":2,"table_id":"0C3QGVKA","columns":[{"index":0,"name":"col0","values":["Cato the Younger","Gaius Octavius","Gaius Marius","Marcus Marius","Quintus Marcius Rex"]},{"index":1,"name":"col1","values":["-0094-01-01T00:00:00Z","-0099-01-01T00:00:00Z","-0157-01-01T00:00:00Z","-0200-01-01T00:00:00Z","-0150-01-01T00:00:00Z"]},{"index":2,"name":"col2","values":["Cato the Elder","Caligula","Gnaeus Granius","Marcus Marius Gratidianus","Julius Caesar"]},{"index":3,"name":"col3","values":["Porcius","Octavius","Marius","Marius","Marcius"]}]},"context":{"version":3,"page_title":null,"page_url":null,"entities":[],"literals":[],"content_hierarchy":[]},"links":[[[{"version":2,"start":0,"end":16,"url":null,"entities":[{"id":"Q193506","type":"wikidata"}]}],[],[{"version":2,"start":0,"end":14,"url":null,"entities":[{"id":"Q180081","type":"wikidata"}]}],[{"version":2,"start":0,"end":7,"url":null,"entities":[{"id":"Q32979368","type":"wikidata"}]}]],[[{"version":2,"start":0,"end":14,"url":null,"entities":[{"id":"Q363084","type":"wikidata"}]}],[],[{"version":2,"start":0,"end":8,"url":null,"entities":[{"id":"Q1409","type":"wikidata"}]}],[{"version":2,"start":0,"end":8,"url":null,"entities":[{"id":"Q32979324","type":"wikidata"}]}]],[[{"version":2,"start":0,"end":12,"url":null,"entities":[{"id":"Q177975","type":"wikidata"}]}],[],[{"version":2,"start":0,"end":14,"url":null,"entities":[{"id":"Q1329741","type":"wikidata"}]}],[{"version":2,"start":0,"end":6,"url":null,"entities":[{"id":"Q32979284","type":"wikidata"}]}]],[[{"version":2,"start":0,"end":13,"url":null,"entities":[{"id":"Q15833814","type":"wikidata"}]}],[],[{"version":2,"start":0,"end":25,"url":null,"entities":[{"id":"Q378407","type":"wikidata"}]}],[{"version":2,"start":0,"end":6,"url":null,"entities":[{"id":"Q32979284","type":"wikidata"}]}]],[[{"version":2,"start":0,"end":19,"url":null,"entities":[{"id":"Q568498","type":"wikidata"}]}],[],[{"version":2,"start":0,"end":13,"url":null,"entities":[{"id":"Q1048","type":"wikidata"}]}],[{"version":2,"start":0,"end":7,"url":null,"entities":[{"id":"Q32979282","type":"wikidata"}]}]]]}