{"version":2,"table":{"version":2,"table_id":"0F0PX0LV","columns":[{"index":0,"name":"col0","values":["Boujdour","Ouarzazate","El Ouatia","Jorf","Selouane","Figuig"]},{"index":1,"name":"col1","values":["9511","15475","2372","2227","5025","2774"]}]},"context":{"version":3,"page_title":null,"page_url":null,"entities":[],"literals":[],"content_hierarchy":[]},"links":[[[{"version":2,"start":0,"end":8,"url":null,"entities":[{"id":"Q599897","type":"wikidata"}]}],[]],[[{"version":2,"start":0,"end":10,"url":null,"entities":[{"id":"Q505208","type":"wikidata"}]}],[]],[[{"version":2,"start":0,"end":9,"url":null,"entities":[{"id":"Q3050142","type":"wikidata"}]}],[]],[[{"version":2,"start":0,"end":4,"url":null,"entities":[{"id":"Q1276800","type":"wikidata"}]}],[]],[[{"version":2,"start":0,"end":8,"url":null,"entities":[{"id":"Q280853","type":"wikidata"}]}],[]],[[{"version":2,"start":0,"end":6,"url":null,"entities":[{"id":"Q425646","type":"wikidata"}]}],[]]]}