{"version":2,"table":{"version":2,"table_id":"0ICXN8CJ","columns":[{"index":0,"name":"col0","values":["Pantaivka","Yasynivka","Sad"]},{"index":1,"name":"col1","values":["UTC+02:00","UTC+03:00","UTC+02:00"]}]},"context":{"version":3,"page_title":null,"page_url":null,"entities":[],"literals":[],"content_hierarchy":[]},"links":[[[{"version":2,"start":0,"end":9,"url":null,"entities":[{"id":"Q4344273","type":"wikidata"}]}],[{"version":2,"start":0,"end":9,"url":null,"entities":[{"id":"Q6723","type":"wikidata"}]}]],[[{"version":2,"start":0,"end":9,"url":null,"entities":[{"id":"Q4539260","type":"wikidata"}]}],[{"version":2,"start":0,"end":9,"url":null,"entities":[{"id":"Q6760","type":"wikidata"}]}]],[[{"version":2,"start":0,"end":3,"url":null,"entities":[{"id":"Q3461063","type":"wikidata"}]}],[{"version":2,"start":0,"end":9,"url":null,"entities":[{"id":"Q6723","type":"wikidata"}]}]]]}