{"version":2,"table":{"version":2,"table_id":"0JRWL7AU","columns":[{"index":0,"name":"col0","values":["Stall Manholding 15 in Chieming","Schafstall"]},{"index":1,"name":"col1","values":["Chieming","Höchheim"]}]},"context":{"version":3,"page_title":null,"page_url":null,"entities":[],"literals":[],"content_hierarchy":[]},"links":[[[{"version":2,"start":0,"end":31,"url":null,"entities":[{"id":"Q98750785","type":"wikidata"}]}],[{"version":2,"start":0,"end":8,"url":null,"entities":[{"id":"Q255752","type":"wikidata"}]}]],[[{"version":2,"start":0,"end":10,"url":null,"entities":[{"id":"Q98455209","type":"wikidata"}]}],[{"version":2,"start":0,"end":8,"url":null,"entities":[{"id":"Q589530","type":"wikidata"}]}]]]}