{"version":2,"table":{"version":2,"table_id":"0LPTB6OO","columns":[{"index":0,"name":"col0","values":["athiramanbl","Ktereh"]},{"index":1,"name":"col1","values":["India","Malaysia"]}]},"context":{"version":3,"page_title":null,"page_url":null,"entities":[],"literals":[],"content_hierarchy":[]},"links":[[[{"version":2,"start":0,"end":11,"url":null,"entities":[{"id":"Q7144785","type":"wikidata"}]}],[{"version":2,"start":0,"end":5,"url":null,"entities":[{"id":"Q668","type":"wikidata"}]}]],[[{"version":2,"start":0,"end":6,"url":null,"entities":[{"id":"Q6395379","type":"wikidata"}]}],[{"version":2,"start":0,"end":8,"url":null,"entities":[{"id":"Q833","type":"wikidata"}]}]]]}