{"version":2,"table":{"version":2,"table_id":"0UPZSQQB","columns":[{"index":0,"name":"col0","values":["tram line 1","Line 1"]},{"index":1,"name":"col1","values":["1897-07-10","1988-01-01"]}]},"context":{"version":3,"page_title":null,"page_url":null,"entities":[],"literals":[],"content_hierarchy":[]},"links":[[[{"version":2,"start":0,"end":11,"url":null,"entities":[{"id":"Q1484152","type":"wikidata"}]}],[]],[[{"version":2,"start":0,"end":6,"url":null,"entities":[{"id":"Q2165952","type":"wikidata"}]}],[]]]}