{"version":2,"table":{"version":2,"table_id":"0V85PAR1","columns":[{"index":0,"name":"col0","values":["Balrs","La Pulgas","Olegarlo","El Paito","Lot Frailes","Vilaello","Qugmada"]},{"index":1,"name":"col1","values":["1002.9999999999999","11.988","90.18","251.0","59.46","70.14","310.0"]},{"index":2,"name":"col2","values":["11.964","3.018","30.18","13.958","19.84","40.16","8.008"]}]},"context":{"version":3,"page_title":null,"page_url":null,"entities":[],"literals":[],"content_hierarchy":[]},"links":[[[{"version":2,"start":0,"end":5,"url":null,"entities":[{"id":"Q28120875","type":"wikidata"}]}],[],[]],[[{"version":2,"start":0,"end":9,"url":null,"entities":[{"id":"Q28120629","type":"wikidata"}]}],[],[]],[[{"version":2,"start":0,"end":8,"url":null,"entities":[{"id":"Q28119763","type":"wikidata"}]}],[],[]],[[{"version":2,"start":0,"end":8,"url":null,"entities":[{"id":"Q28119707","type":"wikidata"}]}],[],[]],[[{"version":2,"start":0,"end":11,"url":null,"entities":[{"id":"Q28119640","type":"wikidata"}]}],[],[]],[[{"version":2,"start":0,"end":8,"url":null,"entities":[{"id":"Q28122322","type":"wikidata"}]}],[],[]],[[{"version":2,"start":0,"end":7,"url":null,"entities":[{"id":"Q28119213","type":"wikidata"}]}],[],[]]]}