{"version":2,"table":{"version":2,"table_id":"0YY0GYGE","columns":[{"index":0,"name":"col0","values":["limate Council of Greater Knsas City","San Franciseo AIDS Foundation","American Assocation of Physicians of Indian Origin","hildren’s Theatre of Wiqnetka"]},{"index":1,"name":"col1","values":["","51611790.074999996","",""]}]},"context":{"version":3,"page_title":null,"page_url":null,"entities":[],"literals":[],"content_hierarchy":[]},"links":[[[{"version":2,"start":0,"end":36,"url":null,"entities":[{"id":"Q100166732","type":"wikidata"}]}],[]],[[{"version":2,"start":0,"end":29,"url":null,"entities":[{"id":"Q19647912","type":"wikidata"}]}],[]],[[{"version":2,"start":0,"end":50,"url":null,"entities":[{"id":"Q4743085","type":"wikidata"}]}],[]],[[{"version":2,"start":0,"end":29,"url":null,"entities":[{"id":"Q53499446","type":"wikidata"}]}],[]]]}