{"version":2,"table":{"version":2,"table_id":"0Z5O49OY","columns":[{"index":0,"name":"col0","values":["holmium-160","holmium-176"]},{"index":1,"name":"col1","values":["5",""]},{"index":2,"name":"col2","values":["67","67"]}]},"context":{"version":3,"page_title":null,"page_url":null,"entities":[],"literals":[],"content_hierarchy":[]},"links":[[[{"version":2,"start":0,"end":11,"url":null,"entities":[{"id":"Q18882419","type":"wikidata"}]}],[],[]],[[{"version":2,"start":0,"end":11,"url":null,"entities":[{"id":"Q47456958","type":"wikidata"}]}],[],[]]]}