{"version":2,"table":{"version":2,"table_id":"12DAMY0T","columns":[{"index":0,"name":"col0","values":["Sophienstädt","Hohenahlsdorf","Hohengörsdorf"]},{"index":1,"name":"col1","values":["0.77","4.64","6.99"]}]},"context":{"version":3,"page_title":null,"page_url":null,"entities":[],"literals":[],"content_hierarchy":[]},"links":[[[{"version":2,"start":0,"end":12,"url":null,"entities":[{"id":"Q61037305","type":"wikidata"}]}],[]],[[{"version":2,"start":0,"end":13,"url":null,"entities":[{"id":"Q60692909","type":"wikidata"}]}],[]],[[{"version":2,"start":0,"end":13,"url":null,"entities":[{"id":"Q60617514","type":"wikidata"}]}],[]]]}