{"version":2,"table":{"version":2,"table_id":"12G38FD2","columns":[{"index":0,"name":"col0","values":["rubidium-85","molybdenum-92","barium-136","mercury-204","xenon-129"]},{"index":1,"name":"col1","values":["2.5","0","0","0","0.5"]},{"index":2,"name":"col2","values":["0.7217","0.1453","0.07854","0.0687","0.264006"]}]},"context":{"version":3,"page_title":null,"page_url":null,"entities":[],"literals":[],"content_hierarchy":[]},"links":[[[{"version":2,"start":0,"end":11,"url":null,"entities":[{"id":"Q2171949","type":"wikidata"}]}],[],[]],[[{"version":2,"start":0,"end":13,"url":null,"entities":[{"id":"Q4499982","type":"wikidata"}]}],[],[]],[[{"version":2,"start":0,"end":10,"url":null,"entities":[{"id":"Q2449314","type":"wikidata"}]}],[],[]],[[{"version":2,"start":0,"end":11,"url":null,"entities":[{"id":"Q18883242","type":"wikidata"}]}],[],[]],[[{"version":2,"start":0,"end":9,"url":null,"entities":[{"id":"Q2388818","type":"wikidata"}]}],[],[]]]}