{"version":2,"table":{"version":2,"table_id":"140DJM6K","columns":[{"index":0,"name":"col0","values":["Fukushima sakaro no matsu","Hirota hoshiga-ike inari","Hirota no yashiro","Hamamura kishibojin","Hakken-chaya yūkei","Nonaka-kannon momohana sakari"]},{"index":1,"name":"col1","values":["One Hundred Views of Naniwa","One Hundred Views of Naniwa","One Hundred Views of Naniwa","One Hundred Views of Naniwa","One Hundred Views of Naniwa","One Hundred Views of Naniwa"]},{"index":2,"name":"col2","values":["The Pine Tree of the Reversed Oars in Fukushima","Inari Shrine at Star Pond in Hirota","Hirota Shrine","Temple of the Goddess Kishibojin at Hamamura","Evening View of Hachiken'ya","Peach Blossoms in Bloom at Nonaka Kannon Temple"]}]},"context":{"version":3,"page_title":null,"page_url":null,"entities":[],"literals":[],"content_hierarchy":[]},"links":[[[{"version":2,"start":0,"end":25,"url":null,"entities":[{"id":"Q60807424","type":"wikidata"}]}],[{"version":2,"start":0,"end":27,"url":null,"entities":[{"id":"Q60737402","type":"wikidata"}]}],[]],[[{"version":2,"start":0,"end":24,"url":null,"entities":[{"id":"Q60807423","type":"wikidata"}]}],[{"version":2,"start":0,"end":27,"url":null,"entities":[{"id":"Q60737402","type":"wikidata"}]}],[]],[[{"version":2,"start":0,"end":17,"url":null,"entities":[{"id":"Q60807421","type":"wikidata"}]}],[{"version":2,"start":0,"end":27,"url":null,"entities":[{"id":"Q60737402","type":"wikidata"}]}],[]],[[{"version":2,"start":0,"end":19,"url":null,"entities":[{"id":"Q60807420","type":"wikidata"}]}],[{"version":2,"start":0,"end":27,"url":null,"entities":[{"id":"Q60737402","type":"wikidata"}]}],[]],[[{"version":2,"start":0,"end":18,"url":null,"entities":[{"id":"Q60807418","type":"wikidata"}]}],[{"version":2,"start":0,"end":27,"url":null,"entities":[{"id":"Q60737402","type":"wikidata"}]}],[]],[[{"version":2,"start":0,"end":29,"url":null,"entities":[{"id":"Q60807415","type":"wikidata"}]}],[{"version":2,"start":0,"end":27,"url":null,"entities":[{"id":"Q60737402","type":"wikidata"}]}],[]]]}