{"version":2,"table":{"version":2,"table_id":"156YIJW4","columns":[{"index":0,"name":"col0","values":["Rev-9","Charlie","Zankou","Neron","Helspont","Count Dracula","T-1000"]},{"index":1,"name":"col1","values":["Terminator: Dark Fate","Legends of Tomorrow","list of Charmed books","Legends of Tomorrow","WildC.A.T.s","Dracula's Guest","Terminator Genisys"]},{"index":2,"name":"col2","values":["","","","","Wildcats","Abraham Van Helsing","Terminator"]},{"index":3,"name":"col3","values":["Gabriel Luna","Maisie Richardson-Sellers","Oded Fehr","Christian Keyes","","Claes Bang","Lee Byung-hun"]}]},"context":{"version":3,"page_title":null,"page_url":null,"entities":[],"literals":[],"content_hierarchy":[]},"links":[[[{"version":2,"start":0,"end":5,"url":null,"entities":[{"id":"Q72289924","type":"wikidata"}]}],[{"version":2,"start":0,"end":21,"url":null,"entities":[{"id":"Q39072454","type":"wikidata"}]}],[],[{"version":2,"start":0,"end":12,"url":null,"entities":[{"id":"Q16221878","type":"wikidata"}]}]],[[{"version":2,"start":0,"end":7,"url":null,"entities":[{"id":"Q91348025","type":"wikidata"}]}],[{"version":2,"start":0,"end":19,"url":null,"entities":[{"id":"Q19863968","type":"wikidata"}]}],[],[{"version":2,"start":0,"end":25,"url":null,"entities":[{"id":"Q19896733","type":"wikidata"}]}]],[[{"version":2,"start":0,"end":6,"url":null,"entities":[{"id":"Q4023801","type":"wikidata"}]}],[{"version":2,"start":0,"end":21,"url":null,"entities":[{"id":"Q3250997","type":"wikidata"}]}],[],[{"version":2,"start":0,"end":9,"url":null,"entities":[{"id":"Q127996","type":"wikidata"}]}]],[[{"version":2,"start":0,"end":5,"url":null,"entities":[{"id":"Q2469510","type":"wikidata"}]}],[{"version":2,"start":0,"end":19,"url":null,"entities":[{"id":"Q19863968","type":"wikidata"}]}],[],[{"version":2,"start":0,"end":15,"url":null,"entities":[{"id":"Q23663979","type":"wikidata"}]}]],[[{"version":2,"start":0,"end":8,"url":null,"entities":[{"id":"Q16385991","type":"wikidata"}]}],[{"version":2,"start":0,"end":11,"url":null,"entities":[{"id":"Q28836952","type":"wikidata"}]}],[{"version":2,"start":0,"end":8,"url":null,"entities":[{"id":"Q2095356","type":"wikidata"}]}],[]],[[{"version":2,"start":0,"end":13,"url":null,"entities":[{"id":"Q3266236","type":"wikidata"}]}],[{"version":2,"start":0,"end":15,"url":null,"entities":[{"id":"Q20726020","type":"wikidata"}]}],[{"version":2,"start":0,"end":19,"url":null,"entities":[{"id":"Q1622359","type":"wikidata"}]}],[{"version":2,"start":0,"end":10,"url":null,"entities":[{"id":"Q5565254","type":"wikidata"}]}]],[[{"version":2,"start":0,"end":6,"url":null,"entities":[{"id":"Q2327890","type":"wikidata"}]}],[{"version":2,"start":0,"end":18,"url":null,"entities":[{"id":"Q15140437","type":"wikidata"}]}],[{"version":2,"start":0,"end":10,"url":null,"entities":[{"id":"Q1976616","type":"wikidata"}]}],[{"version":2,"start":0,"end":13,"url":null,"entities":[{"id":"Q380121","type":"wikidata"}]}]]]}