{"version":2,"table":{"version":2,"table_id":"18CJ50OV","columns":[{"index":0,"name":"col0","values":["Holmforsen","Edsforsen","Edsforsen","Edsforsen","Dunderforsen"]},{"index":1,"name":"col1","values":["52","217","65","309","366"]}]},"context":{"version":3,"page_title":null,"page_url":null,"entities":[],"literals":[],"content_hierarchy":[]},"links":[[[{"version":2,"start":0,"end":10,"url":null,"entities":[{"id":"Q32252090","type":"wikidata"}]}],[]],[[{"version":2,"start":0,"end":9,"url":null,"entities":[{"id":"Q32232823","type":"wikidata"}]}],[]],[[{"version":2,"start":0,"end":9,"url":null,"entities":[{"id":"Q32232817","type":"wikidata"}]}],[]],[[{"version":2,"start":0,"end":9,"url":null,"entities":[{"id":"Q32232812","type":"wikidata"}]}],[]],[[{"version":2,"start":0,"end":12,"url":null,"entities":[{"id":"Q32232255","type":"wikidata"}]}],[]]]}