{"version":2,"table":{"version":2,"table_id":"1KCM4O3A","columns":[{"index":0,"name":"col0","values":["Ocoee County","Hrrry County","Lexingtoq County","Lancaster Dounty","Bambeg Count"]},{"index":1,"name":"col1","values":["","Peter Horry","Battles of Lexington and Concord","","Francis Marion Bamberg"]}]},"context":{"version":3,"page_title":null,"page_url":null,"entities":[],"literals":[],"content_hierarchy":[]},"links":[[[{"version":2,"start":0,"end":12,"url":null,"entities":[{"id":"Q513833","type":"wikidata"}]}],[]],[[{"version":2,"start":0,"end":12,"url":null,"entities":[{"id":"Q502288","type":"wikidata"}]}],[{"version":2,"start":0,"end":11,"url":null,"entities":[{"id":"Q6311434","type":"wikidata"}]}]],[[{"version":2,"start":0,"end":16,"url":null,"entities":[{"id":"Q502411","type":"wikidata"}]}],[{"version":2,"start":0,"end":32,"url":null,"entities":[{"id":"Q778010","type":"wikidata"}]}]],[[{"version":2,"start":0,"end":16,"url":null,"entities":[{"id":"Q495090","type":"wikidata"}]}],[]],[[{"version":2,"start":0,"end":12,"url":null,"entities":[{"id":"Q497890","type":"wikidata"}]}],[{"version":2,"start":0,"end":22,"url":null,"entities":[{"id":"Q84771225","type":"wikidata"}]}]]]}