{"version":2,"table":{"version":2,"table_id":"1N66GXIB","columns":[{"index":0,"name":"col0","values":["Selusta","Vonga","ittle Ratuxent River"]},{"index":1,"name":"col1","values":["2.012","","23.7805"]},{"index":2,"name":"col2","values":["","5.9399999999999995",""]}]},"context":{"version":3,"page_title":null,"page_url":null,"entities":[],"literals":[],"content_hierarchy":[]},"links":[[[{"version":2,"start":0,"end":7,"url":null,"entities":[{"id":"Q3954919","type":"wikidata"}]}],[],[]],[[{"version":2,"start":0,"end":5,"url":null,"entities":[{"id":"Q11254175","type":"wikidata"}]}],[],[]],[[{"version":2,"start":0,"end":20,"url":null,"entities":[{"id":"Q35312679","type":"wikidata"}]}],[],[]]]}