{"version":2,"table":{"version":2,"table_id":"1QKYZTS1","columns":[{"index":0,"name":"col0","values":["Amistad Dam","Mettur Dam"]},{"index":1,"name":"col1","values":["287","70.41"]},{"index":2,"name":"col2","values":["2975","1615"]}]},"context":{"version":3,"page_title":null,"page_url":null,"entities":[],"literals":[],"content_hierarchy":[]},"links":[[[{"version":2,"start":0,"end":11,"url":null,"entities":[{"id":"Q15179838","type":"wikidata"}]}],[],[]],[[{"version":2,"start":0,"end":10,"url":null,"entities":[{"id":"Q14772349","type":"wikidata"}]}],[],[]]]}