{"version":2,"table":{"version":2,"table_id":"3YQSKSKG","columns":[{"index":0,"name":"col0","values":["copper-61","copper-76","copper-69","copper-71","copper-72","copper-59","copper-74","copper-64","copper-53","copper-66"]},{"index":1,"name":"col1","values":["60.933457371","75.945275025","68.929429268","70.932676832","71.935820307","58.939496844","73.939874862","63.929763857","52.985754","65.928868814"]},{"index":2,"name":"col2","values":["-61984.059","-50975.985","-65736.213","-62711.127","-59782.999","-56358.327","-56006.205","-65424.545","-13270","-66258.272"]},{"index":3,"name":"col3","values":["3.333","637","2.85","19.4","6.63","81.5","1.594","12.701","300","5.12"]}]},"context":{"version":3,"page_title":null,"page_url":null,"entities":[],"literals":[],"content_hierarchy":[]},"links":[[[{"version":2,"start":0,"end":9,"url":null,"entities":[{"id":"Q2787140","type":"wikidata"}]}],[],[],[]],[[{"version":2,"start":0,"end":9,"url":null,"entities":[{"id":"Q18844915","type":"wikidata"}]}],[],[],[]],[[{"version":2,"start":0,"end":9,"url":null,"entities":[{"id":"Q18844904","type":"wikidata"}]}],[],[],[]],[[{"version":2,"start":0,"end":9,"url":null,"entities":[{"id":"Q18844908","type":"wikidata"}]}],[],[],[]],[[{"version":2,"start":0,"end":9,"url":null,"entities":[{"id":"Q18844910","type":"wikidata"}]}],[],[],[]],[[{"version":2,"start":0,"end":9,"url":null,"entities":[{"id":"Q18844899","type":"wikidata"}]}],[],[],[]],[[{"version":2,"start":0,"end":9,"url":null,"entities":[{"id":"Q18844912","type":"wikidata"}]}],[],[],[]],[[{"version":2,"start":0,"end":9,"url":null,"entities":[{"id":"Q4847079","type":"wikidata"}]}],[],[],[]],[[{"version":2,"start":0,"end":9,"url":null,"entities":[{"id":"Q18844893","type":"wikidata"}]}],[],[],[]],[[{"version":2,"start":0,"end":9,"url":null,"entities":[{"id":"Q18844900","type":"wikidata"}]}],[],[],[]]]}