{"version":2,"table":{"version":2,"table_id":"7E95YXCI","columns":[{"index":0,"name":"col0","values":["Varde River","Remstrup Å","Mieån","Ansager Å","Höje River","Uggerby Å","Havmølle Å","Snoderån","Högvadsån"]},{"index":1,"name":"col1","values":["1090","","248.3","","316","355","","","476"]},{"index":2,"name":"col2","values":["40","2.5","48","20","45","55","5","27",""]}]},"context":{"version":3,"page_title":null,"page_url":null,"entities":[],"literals":[],"content_hierarchy":[]},"links":[[[{"version":2,"start":0,"end":11,"url":null,"entities":[{"id":"Q5767687","type":"wikidata"}]}],[],[]],[[{"version":2,"start":0,"end":10,"url":null,"entities":[{"id":"Q12333214","type":"wikidata"}]}],[],[]],[[{"version":2,"start":0,"end":5,"url":null,"entities":[{"id":"Q6843979","type":"wikidata"}]}],[],[]],[[{"version":2,"start":0,"end":9,"url":null,"entities":[{"id":"Q23750323","type":"wikidata"}]}],[],[]],[[{"version":2,"start":0,"end":10,"url":null,"entities":[{"id":"Q1501168","type":"wikidata"}]}],[],[]],[[{"version":2,"start":0,"end":9,"url":null,"entities":[{"id":"Q4504996","type":"wikidata"}]}],[],[]],[[{"version":2,"start":0,"end":10,"url":null,"entities":[{"id":"Q12315850","type":"wikidata"}]}],[],[]],[[{"version":2,"start":0,"end":8,"url":null,"entities":[{"id":"Q7547889","type":"wikidata"}]}],[],[]],[[{"version":2,"start":0,"end":9,"url":null,"entities":[{"id":"Q1639460","type":"wikidata"}]}],[],[]]]}