{"version":2,"table":{"version":2,"table_id":"GMMIPL1X","columns":[{"index":0,"name":"col0","values":["selenium","pyrocatechol","triphenyl phosphate","tellurium","phosphorus pentasulfide"]},{"index":1,"name":"col1","values":["","NFPA 704: Standard System for the Identification of the Hazards of Materials for Emergency Response","","",""]},{"index":2,"name":"col2","values":["4.28","1.34","1.29","6.24","2.09"]},{"index":3,"name":"col3","values":["1265","474","776","1814","957"]}]},"context":{"version":3,"page_title":null,"page_url":null,"entities":[],"literals":[],"content_hierarchy":[]},"links":[[[{"version":2,"start":0,"end":8,"url":null,"entities":[{"id":"Q876","type":"wikidata"}]}],[],[],[]],[[{"version":2,"start":0,"end":12,"url":null,"entities":[{"id":"Q282440","type":"wikidata"}]}],[{"version":2,"start":0,"end":99,"url":null,"entities":[{"id":"Q51139288","type":"wikidata"}]}],[],[]],[[{"version":2,"start":0,"end":19,"url":null,"entities":[{"id":"Q418573","type":"wikidata"}]}],[],[],[]],[[{"version":2,"start":0,"end":9,"url":null,"entities":[{"id":"Q1100","type":"wikidata"}]}],[],[],[]],[[{"version":2,"start":0,"end":23,"url":null,"entities":[{"id":"Q415704","type":"wikidata"}]}],[],[],[]]]}