{"version":2,"table":{"version":2,"table_id":"J9I9G055","columns":[{"index":0,"name":"col0","values":["Catalog of leading seeds from Smith Brothers Seed Company","Catalog of leading seeds from Smith Brothers Seed Company","Bred-up field seeds and selected and tested garden seeds [catalog]","Bloodgood Nurseries [catalog","William Henry Harrison (Tippecanoe) brand","Hardy plants for the home garden","Catalog of evergreens, shrubs, vines, roses, perennials and bulbs, fruit trees and plants : landscaping the home grounds","Fancy Oregon asters","New annual nursery catalog : fruit and ornamental trees, shruds [shrubs], plants, bulbs, etc","Illustrated and descriptive catalogue of fruit and ornamental trees, vines, shrubbery, roses, bulbs, etc"]},{"index":1,"name":"col1","values":["","","24","76","68","28","40","24","80","40"]}]},"context":{"version":3,"page_title":null,"page_url":null,"entities":[],"literals":[],"content_hierarchy":[]},"links":[[[{"version":2,"start":0,"end":57,"url":null,"entities":[{"id":"Q51394433","type":"wikidata"}]}],[]],[[{"version":2,"start":0,"end":57,"url":null,"entities":[{"id":"Q51394445","type":"wikidata"}]}],[]],[[{"version":2,"start":0,"end":66,"url":null,"entities":[{"id":"Q51406119","type":"wikidata"}]}],[]],[[{"version":2,"start":0,"end":28,"url":null,"entities":[{"id":"Q51388210","type":"wikidata"}]}],[]],[[{"version":2,"start":0,"end":41,"url":null,"entities":[{"id":"Q51406254","type":"wikidata"}]}],[]],[[{"version":2,"start":0,"end":32,"url":null,"entities":[{"id":"Q51402117","type":"wikidata"}]}],[]],[[{"version":2,"start":0,"end":120,"url":null,"entities":[{"id":"Q51399266","type":"wikidata"}]}],[]],[[{"version":2,"start":0,"end":19,"url":null,"entities":[{"id":"Q51406311","type":"wikidata"}]}],[]],[[{"version":2,"start":0,"end":92,"url":null,"entities":[{"id":"Q51398455","type":"wikidata"}]}],[]],[[{"version":2,"start":0,"end":104,"url":null,"entities":[{"id":"Q51377256","type":"wikidata"}]}],[]]]}