{"version":2,"table":{"version":2,"table_id":"R9VI0ZU0","columns":[{"index":0,"name":"col0","values":["flag of Dayton","flag of Victoria"]},{"index":1,"name":"col1","values":["Dayton","Victoria"]}]},"context":{"version":3,"page_title":null,"page_url":null,"entities":[],"literals":[],"content_hierarchy":[]},"links":[[[{"version":2,"start":0,"end":14,"url":null,"entities":[{"id":"Q98400609","type":"wikidata"}]}],[{"version":2,"start":0,"end":6,"url":null,"entities":[{"id":"Q34739","type":"wikidata"}]}]],[[{"version":2,"start":0,"end":16,"url":null,"entities":[{"id":"Q5456837","type":"wikidata"}]}],[{"version":2,"start":0,"end":8,"url":null,"entities":[{"id":"Q2132","type":"wikidata"}]}]]]}