[{"version":1,"nodes":[{"col_index":0,"label":"col0","id":0},{"col_index":1,"label":"col1","id":1},{"col_index":2,"label":"col2","id":2},{"abs_uri":"http://www.wikidata.org/entity/Q217012","rel_uri":"wd:Q217012","approximation":false,"readable_label":"radio galaxy (Q217012)","id":3}],"edges":[{"source":3,"target":0,"abs_uri":"http://www.w3.org/2000/01/rdf-schema#label","rel_uri":"rdfs:label","approximation":false,"readable_label":"rdfs:label","id":0},{"source":3,"target":1,"abs_uri":"http://www.wikidata.org/prop/P2583","rel_uri":"p:P2583","approximation":false,"readable_label":"distance from Earth (P2583)","id":1},{"source":3,"target":2,"abs_uri":"http://www.wikidata.org/prop/P1090","rel_uri":"p:P1090","approximation":false,"readable_label":"redshift (P1090)","id":2}]}]