[{"version":1,"nodes":[{"col_index":0,"label":"col0","id":0},{"col_index":1,"label":"col1","id":1},{"col_index":2,"label":"col2","id":2},{"abs_uri":"http://www.wikidata.org/entity/Q377262","rel_uri":"wd:Q377262","approximation":false,"readable_label":"isotope of radium (Q377262)","id":3}],"edges":[{"source":3,"target":0,"abs_uri":"http://www.w3.org/2000/01/rdf-schema#label","rel_uri":"rdfs:label","approximation":false,"readable_label":"rdfs:label","id":0},{"source":3,"target":1,"abs_uri":"http://www.wikidata.org/prop/P1086","rel_uri":"p:P1086","approximation":false,"readable_label":"atomic number (P1086)","id":1},{"source":3,"target":2,"abs_uri":"http://www.wikidata.org/prop/P2160","rel_uri":"p:P2160","approximation":false,"readable_label":"mass excess (P2160)","id":2}]}]