[{"version":1,"nodes":[{"col_index":0,"label":"col0","id":0},{"col_index":1,"label":"col1","id":1},{"col_index":2,"label":"col2","id":2},{"col_index":3,"label":"col3","id":3},{"abs_uri":"http://www.wikidata.org/entity/Q20680270","rel_uri":"wd:Q20680270","approximation":false,"readable_label":"medium mountain stage (Q20680270)","id":4},{"abs_uri":"http://www.wikidata.org/entity/Q3624078","rel_uri":"wd:Q3624078","approximation":false,"readable_label":"sovereign state (Q3624078)","id":5}],"edges":[{"source":4,"target":0,"abs_uri":"http://www.w3.org/2000/01/rdf-schema#label","rel_uri":"rdfs:label","approximation":false,"readable_label":"rdfs:label","id":0},{"source":5,"target":1,"abs_uri":"http://www.w3.org/2000/01/rdf-schema#label","rel_uri":"rdfs:label","approximation":false,"readable_label":"rdfs:label","id":1},{"source":4,"target":5,"abs_uri":"http://www.wikidata.org/prop/P17","rel_uri":"p:P17","approximation":false,"readable_label":"country (P17)","id":2},{"source":4,"target":3,"abs_uri":"http://www.wikidata.org/prop/P361","rel_uri":"p:P361","approximation":false,"readable_label":"part of (P361)","id":3},{"source":4,"target":2,"abs_uri":"http://www.wikidata.org/prop/P585","rel_uri":"p:P585","approximation":false,"readable_label":"point in time (P585)","id":4}]}]