[{"version":1,"nodes":[{"col_index":0,"label":"col0","id":0},{"col_index":1,"label":"col1","id":1},{"col_index":2,"label":"col2","id":2},{"col_index":3,"label":"col3","id":3},{"abs_uri":"http://www.wikidata.org/entity/Q29168811","rel_uri":"wd:Q29168811","approximation":false,"readable_label":"animated feature film (Q29168811)","id":4},{"abs_uri":"http://www.wikidata.org/entity/Q1207505","rel_uri":"wd:Q1207505","approximation":false,"readable_label":"quality (Q1207505)","id":5},{"abs_uri":"http://www.wikidata.org/entity/Q5","rel_uri":"wd:Q5","approximation":false,"readable_label":"human (Q5)","id":6}],"edges":[{"source":4,"target":0,"abs_uri":"http://www.w3.org/2000/01/rdf-schema#label","rel_uri":"rdfs:label","approximation":false,"readable_label":"rdfs:label","id":0},{"source":5,"target":2,"abs_uri":"http://www.w3.org/2000/01/rdf-schema#label","rel_uri":"rdfs:label","approximation":false,"readable_label":"rdfs:label","id":1},{"source":6,"target":3,"abs_uri":"http://www.w3.org/2000/01/rdf-schema#label","rel_uri":"rdfs:label","approximation":false,"readable_label":"rdfs:label","id":2},{"source":4,"target":5,"abs_uri":"http://www.wikidata.org/prop/P1552","rel_uri":"p:P1552","approximation":false,"readable_label":"has quality (P1552)","id":3},{"source":4,"target":6,"abs_uri":"http://www.wikidata.org/prop/P344","rel_uri":"p:P344","approximation":false,"readable_label":"director of photography (P344)","id":4},{"source":4,"target":1,"abs_uri":"http://www.wikidata.org/prop/P577","rel_uri":"p:P577","approximation":false,"readable_label":"publication date (P577)","id":5}]}]