[{"version":1,"nodes":[{"col_index":0,"label":"col0","id":0},{"col_index":1,"label":"col1","id":1},{"col_index":2,"label":"col2","id":2},{"col_index":3,"label":"col3","id":3},{"abs_uri":"http://www.wikidata.org/entity/Q18011171","rel_uri":"wd:Q18011171","approximation":false,"readable_label":"unfinished or abandoned film project (Q18011171)","id":4},{"abs_uri":"http://www.wikidata.org/entity/Q5","rel_uri":"wd:Q5","approximation":false,"readable_label":"human (Q5)","id":5}],"edges":[{"source":4,"target":0,"abs_uri":"http://www.w3.org/2000/01/rdf-schema#label","rel_uri":"rdfs:label","approximation":false,"readable_label":"rdfs:label","id":0},{"source":5,"target":3,"abs_uri":"http://www.w3.org/2000/01/rdf-schema#label","rel_uri":"rdfs:label","approximation":false,"readable_label":"rdfs:label","id":1},{"source":4,"target":1,"abs_uri":"http://www.wikidata.org/prop/P161","rel_uri":"p:P161","approximation":false,"readable_label":"cast member (P161)","id":2},{"source":4,"target":2,"abs_uri":"http://www.wikidata.org/prop/P364","rel_uri":"p:P364","approximation":false,"readable_label":"original language of film or TV show (P364)","id":3},{"source":4,"target":5,"abs_uri":"http://www.wikidata.org/prop/P57","rel_uri":"p:P57","approximation":false,"readable_label":"director (P57)","id":4}]}]