[{"version":1,"nodes":[{"col_index":0,"label":"col0","id":0},{"col_index":1,"label":"col1","id":1},{"abs_uri":"http://www.wikidata.org/entity/Q18564289","rel_uri":"wd:Q18564289","approximation":false,"readable_label":"cultural heritage site in Slovenia (Q18564289)","id":2},{"abs_uri":"http://www.wikidata.org/entity/Q17272482","rel_uri":"wd:Q17272482","approximation":false,"readable_label":"time zone named for a UTC offset (Q17272482)","id":3}],"edges":[{"source":2,"target":0,"abs_uri":"http://www.w3.org/2000/01/rdf-schema#label","rel_uri":"rdfs:label","approximation":false,"readable_label":"rdfs:label","id":0},{"source":3,"target":1,"abs_uri":"http://www.w3.org/2000/01/rdf-schema#label","rel_uri":"rdfs:label","approximation":false,"readable_label":"rdfs:label","id":1},{"source":2,"target":3,"abs_uri":"http://www.wikidata.org/prop/P421","rel_uri":"p:P421","approximation":false,"readable_label":"located in time zone (P421)","id":2}]}]