{"version":2,"table":{"version":"2","table_id":"01QVSSKI","columns":[{"index":0,"name":"col0","values":["Oak Creek","Pewaukee","Wausau","Menasha","Stevens Point","West Bend"]},{"index":1,"name":"col1","values":["34451","13195","543","2209","25666","1058"]},{"index":2,"name":"col2","values":["73.679995","54.794444","51.907909","19.492181","44.559448","38.110486"]},{"index":3,"name":"col3","values":["214","850","368","230","332","284"]}]},"context":{"version":2,"page_title":null,"page_url":null,"page_entities":[],"content_hierarchy":[]},"links":[[[{"version":2,"start":0,"end":9,"url":null,"entities":[{"id":"Q1003711","type":"wikidata"}]}],[],[],[]],[[{"version":2,"start":0,"end":8,"url":null,"entities":[{"id":"Q1992191","type":"wikidata"}]}],[],[],[]],[[{"version":2,"start":0,"end":6,"url":null,"entities":[{"id":"Q998675","type":"wikidata"}]}],[],[],[]],[[{"version":2,"start":0,"end":7,"url":null,"entities":[{"id":"Q1570626","type":"wikidata"}]}],[],[],[]],[[{"version":2,"start":0,"end":13,"url":null,"entities":[{"id":"Q991209","type":"wikidata"}]}],[],[],[]],[[{"version":2,"start":0,"end":9,"url":null,"entities":[{"id":"Q989459","type":"wikidata"}]}],[],[],[]]]}