{"version":2,"table":{"version":"2","table_id":"0672AM0Z","columns":[{"index":0,"name":"col0","values":["Amiantos","Moni, Cyprus","Mandria, Limassol","Foinikaria"]},{"index":1,"name":"col1","values":["asbestos","monastery","pen","Phoenix"]}]},"context":{"version":2,"page_title":null,"page_url":null,"page_entities":[],"content_hierarchy":[]},"links":[[[{"version":2,"start":0,"end":8,"url":null,"entities":[{"id":"Q6377735","type":"wikidata"}]}],[{"version":2,"start":0,"end":8,"url":null,"entities":[{"id":"Q104085","type":"wikidata"}]}]],[[{"version":2,"start":0,"end":12,"url":null,"entities":[{"id":"Q10588215","type":"wikidata"}]}],[{"version":2,"start":0,"end":9,"url":null,"entities":[{"id":"Q44613","type":"wikidata"}]}]],[[{"version":2,"start":0,"end":17,"url":null,"entities":[{"id":"Q6748199","type":"wikidata"}]}],[{"version":2,"start":0,"end":3,"url":null,"entities":[{"id":"Q858177","type":"wikidata"}]}]],[[{"version":2,"start":0,"end":10,"url":null,"entities":[{"id":"Q5464169","type":"wikidata"}]}],[{"version":2,"start":0,"end":7,"url":null,"entities":[{"id":"Q27685","type":"wikidata"}]}]]]}