{"version":2,"table":{"version":"2","table_id":"0CT03OJD","columns":[{"index":0,"name":"col0","values":["Vcory Thrpugh Aiu Power","Song of th South","Saludos migos."]},{"index":1,"name":"col1","values":["Bill Herwig","Perry Ferguson","Mary Blair"]}]},"context":{"version":2,"page_title":null,"page_url":null,"page_entities":[],"content_hierarchy":[]},"links":[[[{"version":2,"start":0,"end":23,"url":null,"entities":[{"id":"Q2471434","type":"wikidata"}]}],[{"version":2,"start":0,"end":11,"url":null,"entities":[{"id":"Q28727439","type":"wikidata"}]}]],[[{"version":2,"start":0,"end":16,"url":null,"entities":[{"id":"Q1345920","type":"wikidata"}]}],[{"version":2,"start":0,"end":14,"url":null,"entities":[{"id":"Q509223","type":"wikidata"}]}]],[[{"version":2,"start":0,"end":14,"url":null,"entities":[{"id":"Q842306","type":"wikidata"}]}],[{"version":2,"start":0,"end":10,"url":null,"entities":[{"id":"Q231082","type":"wikidata"}]}]]]}