{"version":2,"table":{"version":"2","table_id":"0GAOU6ZM","columns":[{"index":0,"name":"col0","values":["Royal Swedish Academy of EngineeringSciences","Royal Academy of Medicine of Belgivm","Belgium Royal Academy of French language and litrature","Royal Swedish Academy o Letters, History and Antiquities.","eal Academia Nacioqal de Medicina de España"]},{"index":1,"name":"col1","values":["1919/10/24","1841/09/19","1920/01/01","1753/01/01","1861/01/01"]},{"index":2,"name":"col2","values":["Gustaf V of Sweden","Leopold I of Belgium","Jules Destrée","Louisa Ulrika of Prussia","Isabel II of Spain"]}]},"context":{"version":2,"page_title":null,"page_url":null,"page_entities":[],"content_hierarchy":[]},"links":[[[{"version":2,"start":0,"end":44,"url":null,"entities":[{"id":"Q3394637","type":"wikidata"}]}],[],[{"version":2,"start":0,"end":18,"url":null,"entities":[{"id":"Q52890","type":"wikidata"}]}]],[[{"version":2,"start":0,"end":36,"url":null,"entities":[{"id":"Q2124852","type":"wikidata"}]}],[],[{"version":2,"start":0,"end":20,"url":null,"entities":[{"id":"Q12971","type":"wikidata"}]}]],[[{"version":2,"start":0,"end":54,"url":null,"entities":[{"id":"Q2166029","type":"wikidata"}]}],[],[{"version":2,"start":0,"end":13,"url":null,"entities":[{"id":"Q522308","type":"wikidata"}]}]],[[{"version":2,"start":0,"end":57,"url":null,"entities":[{"id":"Q1792159","type":"wikidata"}]}],[],[{"version":2,"start":0,"end":24,"url":null,"entities":[{"id":"Q234251","type":"wikidata"}]}]],[[{"version":2,"start":0,"end":43,"url":null,"entities":[{"id":"Q2134665","type":"wikidata"}]}],[],[{"version":2,"start":0,"end":18,"url":null,"entities":[{"id":"Q183085","type":"wikidata"}]}]]]}