{"version":2,"table":{"version":"2","table_id":"0M4CB9JW","columns":[{"index":0,"name":"col0","values":["Fischbach","Boevange-sur-Attert","Grosbous","Dalheim","Erpeldange","Strassen"]},{"index":1,"name":"col1","values":["19.61","1887","2011","1898","2841","1071"]}]},"context":{"version":2,"page_title":null,"page_url":null,"page_entities":[],"content_hierarchy":[]},"links":[[[{"version":2,"start":0,"end":9,"url":null,"entities":[{"id":"Q1016233","type":"wikidata"}]}],[]],[[{"version":2,"start":0,"end":19,"url":null,"entities":[{"id":"Q986590","type":"wikidata"}]}],[]],[[{"version":2,"start":0,"end":8,"url":null,"entities":[{"id":"Q986417","type":"wikidata"}]}],[]],[[{"version":2,"start":0,"end":7,"url":null,"entities":[{"id":"Q986412","type":"wikidata"}]}],[]],[[{"version":2,"start":0,"end":10,"url":null,"entities":[{"id":"Q986403","type":"wikidata"}]}],[]],[[{"version":2,"start":0,"end":8,"url":null,"entities":[{"id":"Q986400","type":"wikidata"}]}],[]]]}