{"version":2,"table":{"version":"2","table_id":"0TZ2FZ43","columns":[{"index":0,"name":"col0","values":["Design for a sanctuary lamp","Design for a sanctuary lamp","Design for a Female Saint","Design for a Virgin Mary","Design for a Female Saint","Design for a Virgin Mary"]},{"index":1,"name":"col1","values":["paper","paper","paper","paper","paper","paper"]}]},"context":{"version":2,"page_title":null,"page_url":null,"page_entities":[],"content_hierarchy":[]},"links":[[[{"version":2,"start":0,"end":27,"url":null,"entities":[{"id":"Q59134791","type":"wikidata"}]}],[{"version":2,"start":0,"end":5,"url":null,"entities":[{"id":"Q11472","type":"wikidata"}]}]],[[{"version":2,"start":0,"end":27,"url":null,"entities":[{"id":"Q59134745","type":"wikidata"}]}],[{"version":2,"start":0,"end":5,"url":null,"entities":[{"id":"Q11472","type":"wikidata"}]}]],[[{"version":2,"start":0,"end":25,"url":null,"entities":[{"id":"Q56216465","type":"wikidata"}]}],[{"version":2,"start":0,"end":5,"url":null,"entities":[{"id":"Q11472","type":"wikidata"}]}]],[[{"version":2,"start":0,"end":24,"url":null,"entities":[{"id":"Q56042129","type":"wikidata"}]}],[{"version":2,"start":0,"end":5,"url":null,"entities":[{"id":"Q11472","type":"wikidata"}]}]],[[{"version":2,"start":0,"end":25,"url":null,"entities":[{"id":"Q55928528","type":"wikidata"}]}],[{"version":2,"start":0,"end":5,"url":null,"entities":[{"id":"Q11472","type":"wikidata"}]}]],[[{"version":2,"start":0,"end":24,"url":null,"entities":[{"id":"Q55693869","type":"wikidata"}]}],[{"version":2,"start":0,"end":5,"url":null,"entities":[{"id":"Q11472","type":"wikidata"}]}]]]}