{"version":2,"table":{"version":"2","table_id":"134LRQ9N","columns":[{"index":0,"name":"col0","values":["Alto San Juan","Perogordo","Senda F","Ingata","Ossarn","Klein Denkte","Oberbairing"]},{"index":1,"name":"col1","values":["2","6.8","2","4382","404","2.77","8.1597"]},{"index":2,"name":"col2","values":["270","980","220","3960","233","83","645"]},{"index":3,"name":"col3","values":["971","22","1511","355","798","430","477"]}]},"context":{"version":2,"page_title":null,"page_url":null,"page_entities":[],"content_hierarchy":[]},"links":[[[{"version":2,"start":0,"end":13,"url":null,"entities":[{"id":"Q110990602","type":"wikidata"}]}],[],[],[]],[[{"version":2,"start":0,"end":9,"url":null,"entities":[{"id":"Q107304177","type":"wikidata"}]}],[],[],[]],[[{"version":2,"start":0,"end":7,"url":null,"entities":[{"id":"Q106939562","type":"wikidata"}]}],[],[],[]],[[{"version":2,"start":0,"end":6,"url":null,"entities":[{"id":"Q105037362","type":"wikidata"}]}],[],[],[]],[[{"version":2,"start":0,"end":6,"url":null,"entities":[{"id":"Q98059114","type":"wikidata"}]}],[],[],[]],[[{"version":2,"start":0,"end":12,"url":null,"entities":[{"id":"Q84150629","type":"wikidata"}]}],[],[],[]],[[{"version":2,"start":0,"end":11,"url":null,"entities":[{"id":"Q67584148","type":"wikidata"}]}],[],[],[]]]}