{"version":2,"table":{"version":"2","table_id":"1L85U2AT","columns":[{"index":0,"name":"col0","values":["1952 Sumer Olympics","1948 Summer Olymqics","1936 Summer Oympic","1932 Summer Olypics","1:28 Summer Olympics","192 Summer Olympcs","1920 Summer Olyopics"]},{"index":1,"name":"col1","values":["68.379","59.59","48.804","36.741","45.724","43.736","29.144999999999996"]}]},"context":{"version":2,"page_title":null,"page_url":null,"page_entities":[],"content_hierarchy":[]},"links":[[[{"version":2,"start":0,"end":19,"url":null,"entities":[{"id":"Q8407","type":"wikidata"}]}],[]],[[{"version":2,"start":0,"end":20,"url":null,"entities":[{"id":"Q8403","type":"wikidata"}]}],[]],[[{"version":2,"start":0,"end":18,"url":null,"entities":[{"id":"Q8150","type":"wikidata"}]}],[]],[[{"version":2,"start":0,"end":19,"url":null,"entities":[{"id":"Q8143","type":"wikidata"}]}],[]],[[{"version":2,"start":0,"end":20,"url":null,"entities":[{"id":"Q8138","type":"wikidata"}]}],[]],[[{"version":2,"start":0,"end":18,"url":null,"entities":[{"id":"Q8132","type":"wikidata"}]}],[]],[[{"version":2,"start":0,"end":20,"url":null,"entities":[{"id":"Q8128","type":"wikidata"}]}],[]]]}