{"version":2,"table":{"version":"2","table_id":"1OYZWFXO","columns":[{"index":0,"name":"col0","values":["Shetidan County","Platt County","Teton Couty.","Lincon County","Johnson ounty","Fremont Conty.","Crbon County"]},{"index":1,"name":"col1","values":["29943.296","8817.59","22178.928","18290.544","8584.86","41120.994","15748.0"]}]},"context":{"version":2,"page_title":null,"page_url":null,"page_entities":[],"content_hierarchy":[]},"links":[[[{"version":2,"start":0,"end":15,"url":null,"entities":[{"id":"Q490522","type":"wikidata"}]}],[]],[[{"version":2,"start":0,"end":12,"url":null,"entities":[{"id":"Q490512","type":"wikidata"}]}],[]],[[{"version":2,"start":0,"end":12,"url":null,"entities":[{"id":"Q488912","type":"wikidata"}]}],[]],[[{"version":2,"start":0,"end":13,"url":null,"entities":[{"id":"Q484527","type":"wikidata"}]}],[]],[[{"version":2,"start":0,"end":13,"url":null,"entities":[{"id":"Q484268","type":"wikidata"}]}],[]],[[{"version":2,"start":0,"end":14,"url":null,"entities":[{"id":"Q484142","type":"wikidata"}]}],[]],[[{"version":2,"start":0,"end":12,"url":null,"entities":[{"id":"Q156452","type":"wikidata"}]}],[]]]}