{"version":2,"table":{"version":"2","table_id":"1R3WJ5SB","columns":[{"index":0,"name":"col0","values":["SAX J1818.6-1703","SS 188","HD 249179","LS V +44 17","CXO J140421.7+541921","V* V441 Pup"]},{"index":1,"name":"col1","values":["0.9556","0.1","0.3867","0.2732","3.77","0.0276"]}]},"context":{"version":2,"page_title":null,"page_url":null,"page_entities":[],"content_hierarchy":[]},"links":[[[{"version":2,"start":0,"end":16,"url":null,"entities":[{"id":"Q91103726","type":"wikidata"}]}],[]],[[{"version":2,"start":0,"end":6,"url":null,"entities":[{"id":"Q91043854","type":"wikidata"}]}],[]],[[{"version":2,"start":0,"end":9,"url":null,"entities":[{"id":"Q90868103","type":"wikidata"}]}],[]],[[{"version":2,"start":0,"end":11,"url":null,"entities":[{"id":"Q90768763","type":"wikidata"}]}],[]],[[{"version":2,"start":0,"end":20,"url":null,"entities":[{"id":"Q90561244","type":"wikidata"}]}],[]],[[{"version":2,"start":0,"end":11,"url":null,"entities":[{"id":"Q89989675","type":"wikidata"}]}],[]]]}