{"version":2,"table":{"version":"2","table_id":"2L2Y8BKC","columns":[{"index":0,"name":"col0","values":["SDSSCGB 27194","SDSSCGB 26866","SDSSCGB 26745","SDSSCGB 26660","SDSSCGB 26685","SDSSCGB 26443","SDSSCGB 26309"]},{"index":1,"name":"col1","values":["168.85667","228.81667","186.5575","193.25417","182.91792","212.64125","238.05167"]}]},"context":{"version":2,"page_title":null,"page_url":null,"page_entities":[],"content_hierarchy":[]},"links":[[[{"version":2,"start":0,"end":13,"url":null,"entities":[{"id":"Q74877438","type":"wikidata"}]}],[]],[[{"version":2,"start":0,"end":13,"url":null,"entities":[{"id":"Q74877434","type":"wikidata"}]}],[]],[[{"version":2,"start":0,"end":13,"url":null,"entities":[{"id":"Q74877430","type":"wikidata"}]}],[]],[[{"version":2,"start":0,"end":13,"url":null,"entities":[{"id":"Q74877428","type":"wikidata"}]}],[]],[[{"version":2,"start":0,"end":13,"url":null,"entities":[{"id":"Q74877425","type":"wikidata"}]}],[]],[[{"version":2,"start":0,"end":13,"url":null,"entities":[{"id":"Q74877422","type":"wikidata"}]}],[]],[[{"version":2,"start":0,"end":13,"url":null,"entities":[{"id":"Q74877419","type":"wikidata"}]}],[]]]}