{"version":2,"table":{"version":"2","table_id":"2YPODSK2","columns":[{"index":0,"name":"col0","values":["ESO 286-43","ESO 474-28","ESO 254-42","ESO 287-41"]},{"index":1,"name":"col1","values":["-44.079222","-22.8000667","-44.89389","-42.7612"]},{"index":2,"name":"col2","values":["15.6","13.048","15.6","12.725"]}]},"context":{"version":2,"page_title":null,"page_url":null,"page_entities":[],"content_hierarchy":[]},"links":[[[{"version":2,"start":0,"end":10,"url":null,"entities":[{"id":"Q93959635","type":"wikidata"}]}],[],[]],[[{"version":2,"start":0,"end":10,"url":null,"entities":[{"id":"Q78963073","type":"wikidata"}]}],[],[]],[[{"version":2,"start":0,"end":10,"url":null,"entities":[{"id":"Q78942531","type":"wikidata"}]}],[],[]],[[{"version":2,"start":0,"end":10,"url":null,"entities":[{"id":"Q93920893","type":"wikidata"}]}],[],[]]]}