{"version":2,"table":{"version":"2","table_id":"3F6UEMUF","columns":[{"index":0,"name":"col0","values":["2MASS J14023374+5422331","HD 100199","V* V635 Cas","[KRL2007b] 353","2MASS J12153725+3622190","[KRL2007b] 171"]},{"index":1,"name":"col1","values":["210.6405500275142","172.7788015878973","19.6332101788525","287.221167","183.9052077429292","236.008"]},{"index":2,"name":"col2","values":["148.1196","1299.883","8","2","372.3563","10"]}]},"context":{"version":2,"page_title":null,"page_url":null,"page_entities":[],"content_hierarchy":[]},"links":[[[{"version":2,"start":0,"end":23,"url":null,"entities":[{"id":"Q97379527","type":"wikidata"}]}],[],[]],[[{"version":2,"start":0,"end":9,"url":null,"entities":[{"id":"Q94320978","type":"wikidata"}]}],[],[]],[[{"version":2,"start":0,"end":11,"url":null,"entities":[{"id":"Q93506426","type":"wikidata"}]}],[],[]],[[{"version":2,"start":0,"end":14,"url":null,"entities":[{"id":"Q93299799","type":"wikidata"}]}],[],[]],[[{"version":2,"start":0,"end":23,"url":null,"entities":[{"id":"Q92975953","type":"wikidata"}]}],[],[]],[[{"version":2,"start":0,"end":14,"url":null,"entities":[{"id":"Q92852078","type":"wikidata"}]}],[],[]]]}