{"version":2,"table":{"version":"2","table_id":"3NRRN3YE","columns":[{"index":0,"name":"col0","values":["Bood","Bonbong","Bidbas","Benli","Ba‑ang","Achla","aogpang"]},{"index":1,"name":"col1","values":["1542.42","567.26","1525.248","1324.68","1046.3329999999999","800.8","755.2499999999999"]}]},"context":{"version":2,"page_title":null,"page_url":null,"page_entities":[],"content_hierarchy":[]},"links":[[[{"version":2,"start":0,"end":4,"url":null,"entities":[{"id":"Q4942788","type":"wikidata"}]}],[]],[[{"version":2,"start":0,"end":7,"url":null,"entities":[{"id":"Q4941843","type":"wikidata"}]}],[]],[[{"version":2,"start":0,"end":6,"url":null,"entities":[{"id":"Q4902397","type":"wikidata"}]}],[]],[[{"version":2,"start":0,"end":5,"url":null,"entities":[{"id":"Q4889572","type":"wikidata"}]}],[]],[[{"version":2,"start":0,"end":6,"url":null,"entities":[{"id":"Q4873888","type":"wikidata"}]}],[]],[[{"version":2,"start":0,"end":5,"url":null,"entities":[{"id":"Q4673688","type":"wikidata"}]}],[]],[[{"version":2,"start":0,"end":7,"url":null,"entities":[{"id":"Q7130989","type":"wikidata"}]}],[]]]}