{"version":2,"table":{"version":"2","table_id":"3NW31033","columns":[{"index":0,"name":"col0","values":["Tayuan District","Nortj District","Detbent"]},{"index":1,"name":"col1","values":["930.8379600000001","6.919180000000001","332.166"]},{"index":2,"name":"col2","values":["1840.8389999999997","96.86399999999999","1575.6"]}]},"context":{"version":2,"page_title":null,"page_url":null,"page_entities":[],"content_hierarchy":[]},"links":[[[{"version":2,"start":0,"end":15,"url":null,"entities":[{"id":"Q708252","type":"wikidata"}]}],[],[]],[[{"version":2,"start":0,"end":14,"url":null,"entities":[{"id":"Q569469","type":"wikidata"}]}],[],[]],[[{"version":2,"start":0,"end":7,"url":null,"entities":[{"id":"Q3023581","type":"wikidata"}]}],[],[]]]}