{"version":2,"table":{"version":"2","table_id":"3XODPCDZ","columns":[{"index":0,"name":"col0","values":["Mircea","RMS Amazon","SS Vega"]},{"index":1,"name":"col1","values":["12","13","8.6"]}]},"context":{"version":2,"page_title":null,"page_url":null,"page_entities":[],"content_hierarchy":[]},"links":[[[{"version":2,"start":0,"end":6,"url":null,"entities":[{"id":"Q560984","type":"wikidata"}]}],[]],[[{"version":2,"start":0,"end":10,"url":null,"entities":[{"id":"Q456046","type":"wikidata"}]}],[]],[[{"version":2,"start":0,"end":7,"url":null,"entities":[{"id":"Q175437","type":"wikidata"}]}],[]]]}