{"version":2,"table":{"version":"2","table_id":"414SFTBS","columns":[{"index":0,"name":"col0","values":["Poortgebouw Huis Doorn","Poortgebouw Klooster Zusters onder de Bogen","gate of Begraafplaats Tongerseweg","Amstenrade Castle: gatehouse at vegetable garden","Amstenrade Castle: horse stables, gatehouse and service house","Gate of Algemene Begraafplaats Crooswijk","Poortgebouw Esserveld"]},{"index":1,"name":"col1","values":["Huis Doorn","Klooster van de Zusters Onder de Bogen","Algemene Begraafplaats Tongerseweg","Amstenrade castle","Amstenrade castle","Crooswijk General Cemetery","Esserveld"]}]},"context":{"version":2,"page_title":null,"page_url":null,"page_entities":[],"content_hierarchy":[]},"links":[[[{"version":2,"start":0,"end":22,"url":null,"entities":[{"id":"Q17457548","type":"wikidata"}]}],[{"version":2,"start":0,"end":10,"url":null,"entities":[{"id":"Q18768206","type":"wikidata"}]}]],[[{"version":2,"start":0,"end":43,"url":null,"entities":[{"id":"Q17457458","type":"wikidata"}]}],[{"version":2,"start":0,"end":38,"url":null,"entities":[{"id":"Q18768162","type":"wikidata"}]}]],[[{"version":2,"start":0,"end":33,"url":null,"entities":[{"id":"Q17427656","type":"wikidata"}]}],[{"version":2,"start":0,"end":34,"url":null,"entities":[{"id":"Q18768147","type":"wikidata"}]}]],[[{"version":2,"start":0,"end":48,"url":null,"entities":[{"id":"Q17453980","type":"wikidata"}]}],[{"version":2,"start":0,"end":17,"url":null,"entities":[{"id":"Q11171626","type":"wikidata"}]}]],[[{"version":2,"start":0,"end":61,"url":null,"entities":[{"id":"Q17453979","type":"wikidata"}]}],[{"version":2,"start":0,"end":17,"url":null,"entities":[{"id":"Q11171626","type":"wikidata"}]}]],[[{"version":2,"start":0,"end":40,"url":null,"entities":[{"id":"Q17457090","type":"wikidata"}]}],[{"version":2,"start":0,"end":26,"url":null,"entities":[{"id":"Q4241729","type":"wikidata"}]}]],[[{"version":2,"start":0,"end":21,"url":null,"entities":[{"id":"Q17456366","type":"wikidata"}]}],[{"version":2,"start":0,"end":9,"url":null,"entities":[{"id":"Q2334369","type":"wikidata"}]}]]]}