{"version":2,"table":{"version":"2","table_id":"4JKBWRO8","columns":[{"index":0,"name":"col0","values":["Lithuanian Academy of Sciences","National Academies of Sciences, Engineering, and Medicine","Royal Swedish Academy of Engineering Sciences","Royal Philatelic Society London"]},{"index":1,"name":"col1","values":["Vilnius","Washington, D.C.","Stockholm Municipality","City of Westminster"]}]},"context":{"version":2,"page_title":null,"page_url":null,"page_entities":[],"content_hierarchy":[]},"links":[[[{"version":2,"start":0,"end":30,"url":null,"entities":[{"id":"Q1865003","type":"wikidata"}]}],[{"version":2,"start":0,"end":7,"url":null,"entities":[{"id":"Q216","type":"wikidata"}]}]],[[{"version":2,"start":0,"end":57,"url":null,"entities":[{"id":"Q3233780","type":"wikidata"}]}],[{"version":2,"start":0,"end":16,"url":null,"entities":[{"id":"Q61","type":"wikidata"}]}]],[[{"version":2,"start":0,"end":45,"url":null,"entities":[{"id":"Q3394637","type":"wikidata"}]}],[{"version":2,"start":0,"end":22,"url":null,"entities":[{"id":"Q506250","type":"wikidata"}]}]],[[{"version":2,"start":0,"end":31,"url":null,"entities":[{"id":"Q3446009","type":"wikidata"}]}],[{"version":2,"start":0,"end":19,"url":null,"entities":[{"id":"Q179351","type":"wikidata"}]}]]]}