{"version":2,"table":{"version":"2","table_id":"4KX4OMJX","columns":[{"index":0,"name":"col0","values":["Ten#Boer","Noordwijkfrhout","Haarlgm"]},{"index":1,"name":"col1","values":["45.501349999999995","23.282999999999998","32.218360000000004"]},{"index":2,"name":"col2","values":["2958.0","6832.22","75959.0"]}]},"context":{"version":2,"page_title":null,"page_url":null,"page_entities":[],"content_hierarchy":[]},"links":[[[{"version":2,"start":0,"end":8,"url":null,"entities":[{"id":"Q849566","type":"wikidata"}]}],[],[]],[[{"version":2,"start":0,"end":15,"url":null,"entities":[{"id":"Q848988","type":"wikidata"}]}],[],[]],[[{"version":2,"start":0,"end":7,"url":null,"entities":[{"id":"Q9920","type":"wikidata"}]}],[],[]]]}