{"version":2,"table":{"version":"2","table_id":"4POMR4EY","columns":[{"index":0,"name":"col0","values":["Eyjafjörður","Breiðafjörður","Trondheimsfjord"]},{"index":1,"name":"col1","values":["60","125","130"]},{"index":2,"name":"col2","values":["Arctic Ocean","Atlantic Ocean","Norwegian Sea"]}]},"context":{"version":2,"page_title":null,"page_url":null,"page_entities":[],"content_hierarchy":[]},"links":[[[{"version":2,"start":0,"end":11,"url":null,"entities":[{"id":"Q604986","type":"wikidata"}]}],[],[{"version":2,"start":0,"end":12,"url":null,"entities":[{"id":"Q788","type":"wikidata"}]}]],[[{"version":2,"start":0,"end":13,"url":null,"entities":[{"id":"Q682905","type":"wikidata"}]}],[],[{"version":2,"start":0,"end":14,"url":null,"entities":[{"id":"Q97","type":"wikidata"}]}]],[[{"version":2,"start":0,"end":15,"url":null,"entities":[{"id":"Q279579","type":"wikidata"}]}],[],[{"version":2,"start":0,"end":13,"url":null,"entities":[{"id":"Q47545","type":"wikidata"}]}]]]}