{"version":2,"table":{"version":"2","table_id":"505681LT","columns":[{"index":0,"name":"col0","values":["Upper Prouerozoic outcrop near Cerlina","Fossil site oear Moscovei","Fauna fossil neas Calfa","Yea Flora ossil Site"]},{"index":1,"name":"col1","values":["59.88","9.91","35.245","12.64597942654"]}]},"context":{"version":2,"page_title":null,"page_url":null,"page_entities":[],"content_hierarchy":[]},"links":[[[{"version":2,"start":0,"end":38,"url":null,"entities":[{"id":"Q28916237","type":"wikidata"}]}],[]],[[{"version":2,"start":0,"end":25,"url":null,"entities":[{"id":"Q28916141","type":"wikidata"}]}],[]],[[{"version":2,"start":0,"end":23,"url":null,"entities":[{"id":"Q28916111","type":"wikidata"}]}],[]],[[{"version":2,"start":0,"end":20,"url":null,"entities":[{"id":"Q8050787","type":"wikidata"}]}],[]]]}