[{"version":1,"nodes":[{"col_index":0,"label":"col0","id":0},{"col_index":1,"label":"col1","id":1},{"col_index":2,"label":"col2","id":2},{"abs_uri":"http://www.wikidata.org/entity/Q26887310","rel_uri":"wd:Q26887310","approximation":false,"readable_label":"association football team season (Q26887310)","id":3},{"abs_uri":"http://www.wikidata.org/entity/Q476028","rel_uri":"wd:Q476028","approximation":false,"readable_label":"association football club (Q476028)","id":4},{"abs_uri":"http://www.wikidata.org/entity/Q30227593","rel_uri":"wd:Q30227593","approximation":false,"readable_label":"one-year-period overlapping two calendar years (Q30227593)","id":5}],"edges":[{"source":3,"target":0,"abs_uri":"http://www.w3.org/2000/01/rdf-schema#label","rel_uri":"rdfs:label","approximation":false,"readable_label":"rdfs:label","id":0},{"source":4,"target":1,"abs_uri":"http://www.w3.org/2000/01/rdf-schema#label","rel_uri":"rdfs:label","approximation":false,"readable_label":"rdfs:label","id":1},{"source":5,"target":2,"abs_uri":"http://www.w3.org/2000/01/rdf-schema#label","rel_uri":"rdfs:label","approximation":false,"readable_label":"rdfs:label","id":2},{"source":3,"target":4,"abs_uri":"http://www.wikidata.org/prop/P5138","rel_uri":"p:P5138","approximation":false,"readable_label":"season of club or team (P5138)","id":3},{"source":3,"target":5,"abs_uri":"http://www.wikidata.org/prop/P2348","rel_uri":"p:P2348","approximation":false,"readable_label":"time period (P2348)","id":4}]}]