[{"version":1,"nodes":[{"col_index":0,"label":"col0","id":0},{"col_index":1,"label":"col1","id":1},{"col_index":2,"label":"col2","id":2},{"col_index":3,"label":"col3","id":3},{"abs_uri":"http://www.wikidata.org/entity/Q848197","rel_uri":"wd:Q848197","approximation":false,"readable_label":"parliamentary group (Q848197)","id":4},{"abs_uri":"http://www.wikidata.org/entity/Q5","rel_uri":"wd:Q5","approximation":false,"readable_label":"human (Q5)","id":5}],"edges":[{"source":4,"target":0,"abs_uri":"http://www.w3.org/2000/01/rdf-schema#label","rel_uri":"rdfs:label","approximation":false,"readable_label":"rdfs:label","id":0},{"source":5,"target":3,"abs_uri":"http://www.w3.org/2000/01/rdf-schema#label","rel_uri":"rdfs:label","approximation":false,"readable_label":"rdfs:label","id":1},{"source":4,"target":2,"abs_uri":"http://www.wikidata.org/prop/P1142","rel_uri":"p:P1142","approximation":false,"readable_label":"political ideology (P1142)","id":2},{"source":4,"target":5,"abs_uri":"http://www.wikidata.org/prop/P488","rel_uri":"p:P488","approximation":false,"readable_label":"chairperson (P488)","id":3},{"source":4,"target":1,"abs_uri":"http://www.wikidata.org/prop/P571","rel_uri":"p:P571","approximation":false,"readable_label":"inception (P571)","id":4}]}]