[{"version":1,"nodes":[{"col_index":0,"label":"col0","id":0},{"col_index":1,"label":"col1","id":1},{"col_index":2,"label":"col2","id":2},{"col_index":3,"label":"col3","id":3},{"abs_uri":"http://www.wikidata.org/entity/Q1073355","rel_uri":"wd:Q1073355","approximation":false,"readable_label":"China Open Badminton Championships (Q1073355)","id":4},{"abs_uri":"http://www.wikidata.org/entity/Q57733494","rel_uri":"wd:Q57733494","approximation":false,"readable_label":"badminton event (Q57733494)","id":5}],"edges":[{"source":4,"target":0,"abs_uri":"http://www.w3.org/2000/01/rdf-schema#label","rel_uri":"rdfs:label","approximation":false,"readable_label":"rdfs:label","id":0},{"source":5,"target":2,"abs_uri":"http://www.w3.org/2000/01/rdf-schema#label","rel_uri":"rdfs:label","approximation":false,"readable_label":"rdfs:label","id":1},{"source":4,"target":5,"abs_uri":"http://www.wikidata.org/prop/P527","rel_uri":"p:P527","approximation":false,"readable_label":"has part (P527)","id":2},{"source":4,"target":1,"abs_uri":"http://www.wikidata.org/prop/P580","rel_uri":"p:P580","approximation":false,"readable_label":"start time (P580)","id":3},{"source":4,"target":3,"abs_uri":"http://www.wikidata.org/prop/P582","rel_uri":"p:P582","approximation":false,"readable_label":"end time (P582)","id":4}]}]