[{"version":1,"nodes":[{"col_index":0,"label":"col0","id":0},{"col_index":1,"label":"col1","id":1},{"col_index":2,"label":"col2","id":2},{"abs_uri":"http://www.wikidata.org/entity/Q6368","rel_uri":"wd:Q6368","approximation":false,"readable_label":"web browser (Q6368)","id":3}],"edges":[{"source":3,"target":0,"abs_uri":"http://www.w3.org/2000/01/rdf-schema#label","rel_uri":"rdfs:label","approximation":false,"readable_label":"rdfs:label","id":0},{"source":3,"target":1,"abs_uri":"http://www.wikidata.org/prop/P306","rel_uri":"p:P306","approximation":false,"readable_label":"operating system (P306)","id":1},{"source":3,"target":2,"abs_uri":"http://www.wikidata.org/prop/P275","rel_uri":"p:P275","approximation":false,"readable_label":"copyright license (P275)","id":2}]}]