[{"version":1,"nodes":[{"col_index":0,"label":"col0","id":0},{"col_index":1,"label":"col1","id":1},{"col_index":2,"label":"col2","id":2},{"abs_uri":"http://www.wikidata.org/entity/Q2522813","rel_uri":"wd:Q2522813","approximation":false,"readable_label":"isotope of arsenic (Q2522813)","id":3}],"edges":[{"source":3,"target":0,"abs_uri":"http://www.w3.org/2000/01/rdf-schema#label","rel_uri":"rdfs:label","approximation":false,"readable_label":"rdfs:label","id":0},{"source":3,"target":1,"abs_uri":"http://www.wikidata.org/prop/P2067","rel_uri":"p:P2067","approximation":false,"readable_label":"mass (P2067)","id":1},{"source":3,"target":2,"abs_uri":"http://www.wikidata.org/prop/P1148","rel_uri":"p:P1148","approximation":false,"readable_label":"neutron number (P1148)","id":2}]}]