[{"version":1,"nodes":[{"col_index":0,"label":"col0","id":0},{"col_index":1,"label":"col1","id":1},{"col_index":2,"label":"col2","id":2},{"abs_uri":"http://www.wikidata.org/entity/Q55983715","rel_uri":"wd:Q55983715","approximation":false,"readable_label":"organisms known by a particular common name (Q55983715)","id":3}],"edges":[{"source":3,"target":0,"abs_uri":"http://www.w3.org/2000/01/rdf-schema#label","rel_uri":"rdfs:label","approximation":false,"readable_label":"rdfs:label","id":0},{"source":3,"target":1,"abs_uri":"http://www.wikidata.org/prop/P279","rel_uri":"p:P279","approximation":false,"readable_label":"subclass of (P279)","id":1},{"source":3,"target":2,"abs_uri":"http://www.wikidata.org/prop/P1343","rel_uri":"p:P1343","approximation":false,"readable_label":"described by source (P1343)","id":2}]}]