{"version":"1.2","table":{"version":"2","table_id":"77OW3QYL","columns":[{"index":0,"name":"col0","values":["MCG-03-14-017","2MASX J10370945+2049158","2MFGC 15174","2MASX J13405011+4033584","2MASX J06413528+5015514","2MASX J00575196-1944343","2dFGRS TGN106Z052","2MASX J05450078+4940137","MCG+09-28-030","2MASX J06363671+5129206","ESO 446-12","2MASX J22365094+2509477","2MASX J04442700-0013159","ESO 421-13","2MASX J05055209-2110519","2MASX J05073524-1629009","2MASX J05074168-1105077","2MASX J05084482-3709162","2MASX J21224295+2916291","2MASX J21025195+2747225"]},{"index":1,"name":"col1","values":["82.0587520339211","159.2895128912041","298.2340538188636","205.2088163088735","100.3970121897447","14.4663676199718","166.7844665177068","86.2531914557122","258.6979047255222","99.1527440326173","211.7709558318394","339.2123771031288","71.1125849833486","70.8873997670495","76.4669616985907","76.8967929361393","76.9237246469897","77.1867665553748","320.6787059197347","315.716563768308"]},{"index":2,"name":"col2","values":["-1.282","-1.783","-1.577","-3.097","-2.325","3.813","-0.506","-1.713","-5.476","-1.279","-9.321","0.416","1.041","-25.888","0.245","-0.646","0.302","-0.498","-0.485","-3.499"]},{"index":3,"name":"col3","values":["-16.124525544221","20.8211992474764","-25.1501825452541","40.5662447543356","50.2642649734012","-19.7428286953062","-5.3764580421549","49.6703925591553","52.3883628007754","51.4890695091688","-31.2123331336352","25.1633729351897","-0.2209153266153","-27.6691765745837","-21.1810991231985","-16.483706691702","-11.0856776949872","-37.1543784948566","29.2746699804657","27.789582888835"]}]},"context":{"page_title":null,"page_url":null,"page_entity_id":null,"content_hierarchy":[]},"links":[[[{"start":0,"end":23,"url":null,"entity_id":"Q84119693","candidates":[]}],[],[],[]],[[{"start":0,"end":11,"url":null,"entity_id":"Q84010387","candidates":[]}],[],[],[]],[[{"start":0,"end":23,"url":null,"entity_id":"Q83762445","candidates":[]}],[],[],[]],[[{"start":0,"end":23,"url":null,"entity_id":"Q83307291","candidates":[]}],[],[],[]],[[{"start":0,"end":23,"url":null,"entity_id":"Q81557241","candidates":[]}],[],[],[]],[[{"start":0,"end":17,"url":null,"entity_id":"Q81181703","candidates":[]}],[],[],[]],[[{"start":0,"end":23,"url":null,"entity_id":"Q81122044","candidates":[]}],[],[],[]],[[{"start":0,"end":13,"url":null,"entity_id":"Q80672686","candidates":[]}],[],[],[]],[[{"start":0,"end":23,"url":null,"entity_id":"Q80668725","candidates":[]}],[],[],[]],[[{"start":0,"end":10,"url":null,"entity_id":"Q80664696","candidates":[]}],[],[],[]],[[{"start":0,"end":23,"url":null,"entity_id":"Q80421876","candidates":[]}],[],[],[]],[[{"start":0,"end":23,"url":null,"entity_id":"Q80282312","candidates":[]}],[],[],[]],[[{"start":0,"end":10,"url":null,"entity_id":"Q80281780","candidates":[]}],[],[],[]],[[{"start":0,"end":23,"url":null,"entity_id":"Q80123391","candidates":[]}],[],[],[]],[[{"start":0,"end":23,"url":null,"entity_id":"Q80119793","candidates":[]}],[],[],[]],[[{"start":0,"end":23,"url":null,"entity_id":"Q80119320","candidates":[]}],[],[],[]],[[{"start":0,"end":23,"url":null,"entity_id":"Q80118624","candidates":[]}],[],[],[]],[[{"start":0,"end":23,"url":null,"entity_id":"Q79497606","candidates":[]}],[],[],[]],[[{"start":0,"end":23,"url":null,"entity_id":"Q79493687","candidates":[]}],[],[],[]],[[{"start":0,"end":13,"url":null,"entity_id":"Q84205780","candidates":[]}],[],[],[]]]}