{"version":"1.2","table":{"version":"2","table_id":"795K9BSZ","columns":[{"index":0,"name":"col0","values":["German submarine U-536","German submarine U-535","German submarine U-184","German submarine U-187","German submarine U-545","German submarine U-540","German submarine U-539","German submarine U-183","German submarine U-186","German submarine U-189","German submarine U-546","German submarine U-547","German submarine U-194","German submarine U-541","German submarine U-544","German submarine U-543","German submarine U-531","German submarine U-532","German submarine U-529","German submarine U-542"]},{"index":1,"name":"col1","values":["Lorient","Lorient","Lorient","Lorient","Lorient","Lorient","Lorient","Lorient","Lorient","Lorient","Lorient","Lorient","Lorient","Lorient","Lorient","Lorient","Lorient","Lorient","Lorient","Lorient"]},{"index":2,"name":"col2","values":["German Navy","German Navy","German Navy","German Navy","German Navy","German Navy","German Navy","German Navy","German Navy","German Navy","German Navy","German Navy","German Navy","German Navy","German Navy","German Navy","German Navy","German Navy","German Navy","German Navy"]}]},"context":{"page_title":null,"page_url":null,"page_entity_id":null,"content_hierarchy":[]},"links":[[[{"start":0,"end":22,"url":null,"entity_id":"Q2023456","candidates":[]}],[{"start":0,"end":7,"url":null,"entity_id":"Q71724","candidates":[]}],[{"start":0,"end":11,"url":null,"entity_id":"Q151701","candidates":[]}]],[[{"start":0,"end":22,"url":null,"entity_id":"Q2023446","candidates":[]}],[{"start":0,"end":7,"url":null,"entity_id":"Q71724","candidates":[]}],[{"start":0,"end":11,"url":null,"entity_id":"Q151701","candidates":[]}]],[[{"start":0,"end":22,"url":null,"entity_id":"Q2023437","candidates":[]}],[{"start":0,"end":7,"url":null,"entity_id":"Q71724","candidates":[]}],[{"start":0,"end":11,"url":null,"entity_id":"Q151701","candidates":[]}]],[[{"start":0,"end":22,"url":null,"entity_id":"Q2023421","candidates":[]}],[{"start":0,"end":7,"url":null,"entity_id":"Q71724","candidates":[]}],[{"start":0,"end":11,"url":null,"entity_id":"Q151701","candidates":[]}]],[[{"start":0,"end":22,"url":null,"entity_id":"Q2023410","candidates":[]}],[{"start":0,"end":7,"url":null,"entity_id":"Q71724","candidates":[]}],[{"start":0,"end":11,"url":null,"entity_id":"Q151701","candidates":[]}]],[[{"start":0,"end":22,"url":null,"entity_id":"Q2023404","candidates":[]}],[{"start":0,"end":7,"url":null,"entity_id":"Q71724","candidates":[]}],[{"start":0,"end":11,"url":null,"entity_id":"Q151701","candidates":[]}]],[[{"start":0,"end":22,"url":null,"entity_id":"Q2023388","candidates":[]}],[{"start":0,"end":7,"url":null,"entity_id":"Q71724","candidates":[]}],[{"start":0,"end":11,"url":null,"entity_id":"Q151701","candidates":[]}]],[[{"start":0,"end":22,"url":null,"entity_id":"Q2023380","candidates":[]}],[{"start":0,"end":7,"url":null,"entity_id":"Q71724","candidates":[]}],[{"start":0,"end":11,"url":null,"entity_id":"Q151701","candidates":[]}]],[[{"start":0,"end":22,"url":null,"entity_id":"Q2023374","candidates":[]}],[{"start":0,"end":7,"url":null,"entity_id":"Q71724","candidates":[]}],[{"start":0,"end":11,"url":null,"entity_id":"Q151701","candidates":[]}]],[[{"start":0,"end":22,"url":null,"entity_id":"Q2023363","candidates":[]}],[{"start":0,"end":7,"url":null,"entity_id":"Q71724","candidates":[]}],[{"start":0,"end":11,"url":null,"entity_id":"Q151701","candidates":[]}]],[[{"start":0,"end":22,"url":null,"entity_id":"Q2023353","candidates":[]}],[{"start":0,"end":7,"url":null,"entity_id":"Q71724","candidates":[]}],[{"start":0,"end":11,"url":null,"entity_id":"Q151701","candidates":[]}]],[[{"start":0,"end":22,"url":null,"entity_id":"Q2023336","candidates":[]}],[{"start":0,"end":7,"url":null,"entity_id":"Q71724","candidates":[]}],[{"start":0,"end":11,"url":null,"entity_id":"Q151701","candidates":[]}]],[[{"start":0,"end":22,"url":null,"entity_id":"Q2023328","candidates":[]}],[{"start":0,"end":7,"url":null,"entity_id":"Q71724","candidates":[]}],[{"start":0,"end":11,"url":null,"entity_id":"Q151701","candidates":[]}]],[[{"start":0,"end":22,"url":null,"entity_id":"Q2023319","candidates":[]}],[{"start":0,"end":7,"url":null,"entity_id":"Q71724","candidates":[]}],[{"start":0,"end":11,"url":null,"entity_id":"Q151701","candidates":[]}]],[[{"start":0,"end":22,"url":null,"entity_id":"Q2023312","candidates":[]}],[{"start":0,"end":7,"url":null,"entity_id":"Q71724","candidates":[]}],[{"start":0,"end":11,"url":null,"entity_id":"Q151701","candidates":[]}]],[[{"start":0,"end":22,"url":null,"entity_id":"Q2023301","candidates":[]}],[{"start":0,"end":7,"url":null,"entity_id":"Q71724","candidates":[]}],[{"start":0,"end":11,"url":null,"entity_id":"Q151701","candidates":[]}]],[[{"start":0,"end":22,"url":null,"entity_id":"Q2023293","candidates":[]}],[{"start":0,"end":7,"url":null,"entity_id":"Q71724","candidates":[]}],[{"start":0,"end":11,"url":null,"entity_id":"Q151701","candidates":[]}]],[[{"start":0,"end":22,"url":null,"entity_id":"Q2023281","candidates":[]}],[{"start":0,"end":7,"url":null,"entity_id":"Q71724","candidates":[]}],[{"start":0,"end":11,"url":null,"entity_id":"Q151701","candidates":[]}]],[[{"start":0,"end":22,"url":null,"entity_id":"Q2023270","candidates":[]}],[{"start":0,"end":7,"url":null,"entity_id":"Q71724","candidates":[]}],[{"start":0,"end":11,"url":null,"entity_id":"Q151701","candidates":[]}]],[[{"start":0,"end":22,"url":null,"entity_id":"Q2023463","candidates":[]}],[{"start":0,"end":7,"url":null,"entity_id":"Q71724","candidates":[]}],[{"start":0,"end":11,"url":null,"entity_id":"Q151701","candidates":[]}]]]}