{"version":"1.2","table":{"version":"2","table_id":"79V2O1SM","columns":[{"index":0,"name":"col0","values":["Watchdog.org","Vuclip","Voices.com","Upworthy","Trilulilu","TransferWise","The FCPA Blog","The Daily Voice","The Conversation","Book Depository","Terraserver.com","Wattpad","Sonico.com","SodaHead.com","Simply Hired","Shutterfly","Runtastic","PeekYou","Oodle","netd.com"]},{"index":1,"name":"col1","values":["2009-01-01","2008-07-01","2003-01-01","2012-01-01","2007-01-01","2011-01-01","2007-01-01","2010-01-01","2011-01-01","2004-01-01","1997-01-01","2006-11-01","2007-01-01","2007-01-01","2003-01-01","1999-01-01","2009-10-01","2006-01-01","2004-01-01","2013-01-01"]},{"index":2,"name":"col2","values":["375934","77948","34511","7733","90829","2279","521059","56594","5566","3378","289908","512","769057","592348","9488","1806","8952","11902","42827","28145"]}]},"context":{"page_title":null,"page_url":null,"page_entity_id":null,"content_hierarchy":[]},"links":[[[{"start":0,"end":6,"url":null,"entity_id":"Q7943296","candidates":[]}],[],[]],[[{"start":0,"end":10,"url":null,"entity_id":"Q7939664","candidates":[]}],[],[]],[[{"start":0,"end":8,"url":null,"entity_id":"Q7899505","candidates":[]}],[],[]],[[{"start":0,"end":9,"url":null,"entity_id":"Q7842113","candidates":[]}],[],[]],[[{"start":0,"end":12,"url":null,"entity_id":"Q7833987","candidates":[]}],[],[]],[[{"start":0,"end":13,"url":null,"entity_id":"Q7732964","candidates":[]}],[],[]],[[{"start":0,"end":15,"url":null,"entity_id":"Q7728736","candidates":[]}],[],[]],[[{"start":0,"end":16,"url":null,"entity_id":"Q7727516","candidates":[]}],[],[]],[[{"start":0,"end":15,"url":null,"entity_id":"Q7719162","candidates":[]}],[],[]],[[{"start":0,"end":15,"url":null,"entity_id":"Q7703318","candidates":[]}],[],[]],[[{"start":0,"end":7,"url":null,"entity_id":"Q7664857","candidates":[]}],[],[]],[[{"start":0,"end":10,"url":null,"entity_id":"Q7561875","candidates":[]}],[],[]],[[{"start":0,"end":12,"url":null,"entity_id":"Q7553159","candidates":[]}],[],[]],[[{"start":0,"end":12,"url":null,"entity_id":"Q7520999","candidates":[]}],[],[]],[[{"start":0,"end":10,"url":null,"entity_id":"Q7505672","candidates":[]}],[],[]],[[{"start":0,"end":9,"url":null,"entity_id":"Q7380124","candidates":[]}],[],[]],[[{"start":0,"end":7,"url":null,"entity_id":"Q7160165","candidates":[]}],[],[]],[[{"start":0,"end":5,"url":null,"entity_id":"Q7095257","candidates":[]}],[],[]],[[{"start":0,"end":8,"url":null,"entity_id":"Q6998846","candidates":[]}],[],[]],[[{"start":0,"end":12,"url":null,"entity_id":"Q7973118","candidates":[]}],[],[]]]}