{"version":"1.2","table":{"version":"2","table_id":"7B2NMZD3","columns":[{"index":0,"name":"col0","values":["Mont-Saint-Pierre","Massueville","Marsoui","Lawrenceville","Laurier-Station","Lac-Saguay","Lac-Poulin","La Guadeloupe","Kingsbury","Hébertville-Station","Hemmingford","Grenville","Grandes-Piles","Godbout","Fort-Coulonge","Chute-aux-Outardes","Brome","Baie-Trinité","Ayer's Cliff","Abercorn"]},{"index":1,"name":"col1","values":["51.5","1.3","177.1","17.2","12","184.9","1.6","32.7","7.1","32.7","0.91","5.3","124.8","202.4","3.2","9.7","11.5","538.58","5.5","27"]},{"index":2,"name":"col2","values":["155","529","275","635","2573","459","147","1707","148","1311","755","1711","415","265","1433","1563","296","407","1073","334"]}]},"context":{"page_title":null,"page_url":null,"page_entity_id":null,"content_hierarchy":[]},"links":[[[{"start":0,"end":11,"url":null,"entity_id":"Q3297817","candidates":[]}],[],[]],[[{"start":0,"end":7,"url":null,"entity_id":"Q3295063","candidates":[]}],[],[]],[[{"start":0,"end":13,"url":null,"entity_id":"Q3219932","candidates":[]}],[],[]],[[{"start":0,"end":15,"url":null,"entity_id":"Q3219662","candidates":[]}],[],[]],[[{"start":0,"end":10,"url":null,"entity_id":"Q3214646","candidates":[]}],[],[]],[[{"start":0,"end":10,"url":null,"entity_id":"Q3214643","candidates":[]}],[],[]],[[{"start":0,"end":13,"url":null,"entity_id":"Q3209643","candidates":[]}],[],[]],[[{"start":0,"end":9,"url":null,"entity_id":"Q3197101","candidates":[]}],[],[]],[[{"start":0,"end":19,"url":null,"entity_id":"Q3144527","candidates":[]}],[],[]],[[{"start":0,"end":11,"url":null,"entity_id":"Q3130214","candidates":[]}],[],[]],[[{"start":0,"end":9,"url":null,"entity_id":"Q3116515","candidates":[]}],[],[]],[[{"start":0,"end":13,"url":null,"entity_id":"Q3115147","candidates":[]}],[],[]],[[{"start":0,"end":7,"url":null,"entity_id":"Q3109682","candidates":[]}],[],[]],[[{"start":0,"end":13,"url":null,"entity_id":"Q3077737","candidates":[]}],[],[]],[[{"start":0,"end":18,"url":null,"entity_id":"Q2967703","candidates":[]}],[],[]],[[{"start":0,"end":5,"url":null,"entity_id":"Q2925998","candidates":[]}],[],[]],[[{"start":0,"end":12,"url":null,"entity_id":"Q2879389","candidates":[]}],[],[]],[[{"start":0,"end":12,"url":null,"entity_id":"Q2874879","candidates":[]}],[],[]],[[{"start":0,"end":8,"url":null,"entity_id":"Q2821567","candidates":[]}],[],[]],[[{"start":0,"end":17,"url":null,"entity_id":"Q3321623","candidates":[]}],[],[]]]}