{"version":"1.2","table":{"version":"2","table_id":"7DMLC5BR","columns":[{"index":0,"name":"col0","values":["Marshall Islands","Fiji","Nauru","Palau","Papua New Guinea","Kiribati","Trinidad and Tobago","Solomon Islands","Guyana","Tonga","Tuvalu","Namibia","Rwanda","Uganda","Nigeria","Seychelles","Sudan","Sierra Leone","Malta","Barbados"]},{"index":1,"name":"col1","values":["Marshall Islands","Fiji","Nauru","Palau","Papua New Guinea","Republic of Kiribati","Trinidad and Tobago","Solomon Islands","Guyana","Tonga","Tuvalu","Namibia","Rwanda","Uganda","Nigeria","Seychelles","Sudan","Sierra Leone","Malta","Barbados"]},{"index":2,"name":"col2","values":["Marshallese","Fijian","Nauruan","Palauan","Papua New Guinean","I-Kiribati","Trinidadian","Solomon Islands","Guyanese","Tongan","Tuvaluan","Namibian","Rwandan","Ugandan","Nigerian","Seychellois","Sudanese","Sierra Leonean","Maltese","Barbadian"]},{"index":3,"name":"col3","values":["Micronesia","Melanesia","Micronesia","Micronesia","New Guinea","Polynesia","Caribbean","Melanesia","South America","Polynesia","Polynesia","Southern Africa","Central Africa","East Africa","West Africa","East African islands","Sahel","West Africa","Europe","Caribbean"]}]},"context":{"page_title":null,"page_url":null,"page_entity_id":null,"content_hierarchy":[]},"links":[[[{"start":0,"end":4,"url":null,"entity_id":"Q712","candidates":[]}],[],[],[{"start":0,"end":9,"url":null,"entity_id":"Q37394","candidates":[]}]],[[{"start":0,"end":5,"url":null,"entity_id":"Q697","candidates":[]}],[],[],[{"start":0,"end":10,"url":null,"entity_id":"Q3359409","candidates":[]}]],[[{"start":0,"end":5,"url":null,"entity_id":"Q695","candidates":[]}],[],[],[{"start":0,"end":10,"url":null,"entity_id":"Q3359409","candidates":[]}]],[[{"start":0,"end":16,"url":null,"entity_id":"Q691","candidates":[]}],[],[],[{"start":0,"end":10,"url":null,"entity_id":"Q40285","candidates":[]}]],[[{"start":0,"end":8,"url":null,"entity_id":"Q710","candidates":[]}],[],[],[{"start":0,"end":9,"url":null,"entity_id":"Q35942","candidates":[]}]],[[{"start":0,"end":19,"url":null,"entity_id":"Q754","candidates":[]}],[],[],[{"start":0,"end":9,"url":null,"entity_id":"Q664609","candidates":[]}]],[[{"start":0,"end":15,"url":null,"entity_id":"Q685","candidates":[]}],[],[],[{"start":0,"end":9,"url":null,"entity_id":"Q37394","candidates":[]}]],[[{"start":0,"end":6,"url":null,"entity_id":"Q734","candidates":[]}],[],[],[{"start":0,"end":13,"url":null,"entity_id":"Q18","candidates":[]}]],[[{"start":0,"end":5,"url":null,"entity_id":"Q678","candidates":[]}],[],[],[{"start":0,"end":9,"url":null,"entity_id":"Q35942","candidates":[]}]],[[{"start":0,"end":6,"url":null,"entity_id":"Q672","candidates":[]}],[],[],[{"start":0,"end":9,"url":null,"entity_id":"Q35942","candidates":[]}]],[[{"start":0,"end":7,"url":null,"entity_id":"Q1030","candidates":[]}],[],[],[{"start":0,"end":15,"url":null,"entity_id":"Q27394","candidates":[]}]],[[{"start":0,"end":6,"url":null,"entity_id":"Q1037","candidates":[]}],[],[],[{"start":0,"end":14,"url":null,"entity_id":"Q27433","candidates":[]}]],[[{"start":0,"end":6,"url":null,"entity_id":"Q1036","candidates":[]}],[],[],[{"start":0,"end":11,"url":null,"entity_id":"Q27407","candidates":[]}]],[[{"start":0,"end":7,"url":null,"entity_id":"Q1033","candidates":[]}],[],[],[{"start":0,"end":11,"url":null,"entity_id":"Q4412","candidates":[]}]],[[{"start":0,"end":10,"url":null,"entity_id":"Q1042","candidates":[]}],[],[],[{"start":0,"end":20,"url":null,"entity_id":"Q28901162","candidates":[]}]],[[{"start":0,"end":5,"url":null,"entity_id":"Q1049","candidates":[]}],[],[],[{"start":0,"end":5,"url":null,"entity_id":"Q66065","candidates":[]}]],[[{"start":0,"end":12,"url":null,"entity_id":"Q1044","candidates":[]}],[],[],[{"start":0,"end":11,"url":null,"entity_id":"Q4412","candidates":[]}]],[[{"start":0,"end":5,"url":null,"entity_id":"Q233","candidates":[]}],[],[],[{"start":0,"end":6,"url":null,"entity_id":"Q46","candidates":[]}]],[[{"start":0,"end":8,"url":null,"entity_id":"Q244","candidates":[]}],[],[],[{"start":0,"end":9,"url":null,"entity_id":"Q664609","candidates":[]}]],[[{"start":0,"end":16,"url":null,"entity_id":"Q709","candidates":[]}],[],[],[{"start":0,"end":10,"url":null,"entity_id":"Q3359409","candidates":[]}]]]}