{"version":"1.2","table":{"version":"2","table_id":"7HKKVJOP","columns":[{"index":0,"name":"col0","values":["Temple of Athena Ergani","La Barca de la Fe","Church of the Transfiguration","Jatar Deul","Temple of Ichai Ghosh","Baikuntha Temple","Agia Aikaterini (Athens)","Jagdish Mandir","Varadaraja Perumal Temple","Jagatnagar Kalibari","Reformed church in Suceagu","Roman-Catholic church in Chinteni, Cluj","Reformed church in Căpușu Mare, Cluj","Nepali Mandir","Saint John the Baptist Cathedral (Pskov)","Agioi Asomatoi","Mrinmoyee temple","Church of the Transfiguration (Spas-Zagorye)","Roman-Catholic church in Cătina, Cluj","Reformed church in Cojocna"]},{"index":1,"name":"col1","values":["Acropolis of Athens","José María Morelos Buenavista","Nikita","Pashchim Jatar deul","Gourangapur","Jorasanko","Plaka","Kurseong","Thirubuvanai","Jagatnagar","Suceagu","Chinteni","Căpușu Mare","Lalita Ghat","Pskov","Thiseio","Bishnupur","Spas-Zagorye","Cătina","Cojocna"]},{"index":2,"name":"col2","values":["Athens","Tlaxco","Republic of Crimea","Mathurapur II community development block","Kanksa community development block","Kolkata district","Athens Municipality","Darjeeling district","Puducherry district","Hooghly district","Cluj County","Cluj County","Cluj County","Varanasi","Pskov Oblast","Athens","Bishnupur","Spas-Zagorye","Cătina","Cojocna"]}]},"context":{"page_title":null,"page_url":null,"page_entity_id":null,"content_hierarchy":[]},"links":[[[{"start":0,"end":17,"url":null,"entity_id":"Q24699777","candidates":[]}],[{"start":0,"end":29,"url":null,"entity_id":"Q19356945","candidates":[]}],[{"start":0,"end":6,"url":null,"entity_id":"Q19824930","candidates":[]}]],[[{"start":0,"end":29,"url":null,"entity_id":"Q21011886","candidates":[]}],[{"start":0,"end":6,"url":null,"entity_id":"Q2368326","candidates":[]}],[{"start":0,"end":18,"url":null,"entity_id":"Q15966495","candidates":[]}]],[[{"start":0,"end":10,"url":null,"entity_id":"Q25378223","candidates":[]}],[{"start":0,"end":19,"url":null,"entity_id":"Q60626220","candidates":[]}],[{"start":0,"end":41,"url":null,"entity_id":"Q6787366","candidates":[]}]],[[{"start":0,"end":21,"url":null,"entity_id":"Q25378270","candidates":[]}],[{"start":0,"end":11,"url":null,"entity_id":"Q60814776","candidates":[]}],[{"start":0,"end":34,"url":null,"entity_id":"Q6363765","candidates":[]}]],[[{"start":0,"end":16,"url":null,"entity_id":"Q26258403","candidates":[]}],[{"start":0,"end":9,"url":null,"entity_id":"Q6276260","candidates":[]}],[{"start":0,"end":16,"url":null,"entity_id":"Q2088496","candidates":[]}]],[[{"start":0,"end":24,"url":null,"entity_id":"Q27981490","candidates":[]}],[{"start":0,"end":5,"url":null,"entity_id":"Q1231816","candidates":[]}],[{"start":0,"end":19,"url":null,"entity_id":"Q1224979","candidates":[]}]],[[{"start":0,"end":14,"url":null,"entity_id":"Q24907398","candidates":[]}],[{"start":0,"end":8,"url":null,"entity_id":"Q1025634","candidates":[]}],[{"start":0,"end":19,"url":null,"entity_id":"Q1134759","candidates":[]}]],[[{"start":0,"end":25,"url":null,"entity_id":"Q24938746","candidates":[]}],[{"start":0,"end":12,"url":null,"entity_id":"Q7785258","candidates":[]}],[{"start":0,"end":19,"url":null,"entity_id":"Q984035","candidates":[]}]],[[{"start":0,"end":19,"url":null,"entity_id":"Q24952347","candidates":[]}],[{"start":0,"end":10,"url":null,"entity_id":"Q24949075","candidates":[]}],[{"start":0,"end":16,"url":null,"entity_id":"Q548518","candidates":[]}]],[[{"start":0,"end":26,"url":null,"entity_id":"Q28739040","candidates":[]}],[{"start":0,"end":7,"url":null,"entity_id":"Q723087","candidates":[]}],[{"start":0,"end":11,"url":null,"entity_id":"Q182624","candidates":[]}]],[[{"start":0,"end":39,"url":null,"entity_id":"Q28842772","candidates":[]}],[{"start":0,"end":8,"url":null,"entity_id":"Q719714","candidates":[]}],[{"start":0,"end":11,"url":null,"entity_id":"Q182624","candidates":[]}]],[[{"start":0,"end":36,"url":null,"entity_id":"Q28801870","candidates":[]}],[{"start":0,"end":11,"url":null,"entity_id":"Q588209","candidates":[]}],[{"start":0,"end":11,"url":null,"entity_id":"Q182624","candidates":[]}]],[[{"start":0,"end":13,"url":null,"entity_id":"Q24912881","candidates":[]}],[{"start":0,"end":11,"url":null,"entity_id":"Q24913614","candidates":[]}],[{"start":0,"end":8,"url":null,"entity_id":"Q79980","candidates":[]}]],[[{"start":0,"end":40,"url":null,"entity_id":"Q28667534","candidates":[]}],[{"start":0,"end":5,"url":null,"entity_id":"Q2214","candidates":[]}],[{"start":0,"end":12,"url":null,"entity_id":"Q2218","candidates":[]}]],[[{"start":0,"end":14,"url":null,"entity_id":"Q23794646","candidates":[]}],[{"start":0,"end":7,"url":null,"entity_id":"Q2984896","candidates":[]}],[{"start":0,"end":6,"url":null,"entity_id":"Q1524","candidates":[]}]],[[{"start":0,"end":16,"url":null,"entity_id":"Q16346267","candidates":[]}],[{"start":0,"end":9,"url":null,"entity_id":"Q533087","candidates":[]}],[{"start":0,"end":9,"url":null,"entity_id":"Q533087","candidates":[]}]],[[{"start":0,"end":44,"url":null,"entity_id":"Q24563647","candidates":[]}],[{"start":0,"end":12,"url":null,"entity_id":"Q4414085","candidates":[]}],[{"start":0,"end":12,"url":null,"entity_id":"Q4414085","candidates":[]}]],[[{"start":0,"end":37,"url":null,"entity_id":"Q28842931","candidates":[]}],[{"start":0,"end":6,"url":null,"entity_id":"Q1076342","candidates":[]}],[{"start":0,"end":6,"url":null,"entity_id":"Q1076342","candidates":[]}]],[[{"start":0,"end":26,"url":null,"entity_id":"Q28758931","candidates":[]}],[{"start":0,"end":7,"url":null,"entity_id":"Q267692","candidates":[]}],[{"start":0,"end":7,"url":null,"entity_id":"Q267692","candidates":[]}]],[[{"start":0,"end":23,"url":null,"entity_id":"Q12878106","candidates":[]}],[{"start":0,"end":19,"url":null,"entity_id":"Q131013","candidates":[]}],[{"start":0,"end":6,"url":null,"entity_id":"Q1524","candidates":[]}]]]}