{"version":"1.2","table":{"version":"2","table_id":"7JSJN054","columns":[{"index":0,"name":"col0","values":["1986 United States Senate election in Conncuicut","1992 United States Senate electjon in Hawaii","2000 Uqited States Senate flection in Georgia","1986 Uited States Senate election in Indiana","178 United States Senate election in Delaware","1998 United States Senate electiop in Alabama","19<8 United States Senate election in Alaska","1942 United States Senate elecuions","1998 United States Senate electionin Drkansas","198 United States Senate elfction in California","2914 United States Senate elections","1894 ane 1895 United States Senate elections","1810 and 1814 United States Senate elections","1888and 1889 United States Senate elections","1998 United States Seate emection in Arizona","1996 United States Senate election ln North Carolina","1998 United Ttates Senate election in New York","1998 United States Senate electioo in North Carolina","188 United States Senate election in Maryland","1998 United States Senate election in Kentueky"]},{"index":1,"name":"col1","values":["1992 United States Senate election in Connecticut","1998 United States Senate election in Hawaii","2004 United States Senate election in Georgia","1990 United States Senate special election in Indiana","1984 United States Senate election in Delaware","2004 United States Senate election in Alabama","2004 United States Senate election in Alaska","1944 United States Senate elections","2004 United States Senate election in Arkansas","2004 United States Senate election in California","1916 United States Senate elections","1896 and 1897 United States Senate elections","1812 and 1813 United States Senate elections","1890 and 1891 United States Senate elections","2004 United States Senate election in Arizona","2002 United States Senate election in North Carolina","2004 United States Senate election in New York","2004 United States Senate election in North Carolina","1994 United States Senate election in Maryland","2004 United States Senate election in Kentucky"]},{"index":2,"name":"col2","values":["1986/11/04","1992/11/03","2000/11/07","1986/11/05","1978/11/07","1998/11/03","1998/11/03","1942/01/01","1998/11/03","1998/11/03","1914/11/03","1894/06/11","1810/01/01","1888/11/11","1998/11/03","1996/11/05","1998/11/03","1998/11/03","1988/11/07","1998/11/03"]},{"index":3,"name":"col3","values":["1980 United States Senate election in Connecticut","1986 United States Senate elections","1998 United States Senate election in Georgia","1980 United States Senate election in Indiana","1972 United States Senate election in Delaware","1992 United States Senate election in Alabama","1992 United States Senate election in Alaska","1940 United States Senate elections","1992 United States Senate election in Arkansas","1992 United States Senate election in California","1912 and 1913 United States Senate elections","1892 and 1893 United States Senate elections","1808 and 1809 United States Senate elections","1886 and 1887 United States Senate elections","1992 United States Senate election in Arizona","1990 United States Senate election in North Carolina","1992 United States Senate election in New York","1992 United States Senate election in North Carolina","1982 United States Senate election in Maryland","1992 United States Senate election in Kentucky"]},{"index":4,"name":"col4","values":["Chris Dodd","Daniel Inouye","Zell Miller","Dan Quayle","Joe Biden","Richard Shelby","Frank Murkowski","Alben W. Barkley","Blanche Lincoln","Barbara Boxer","Republican","Republican","Democratic-Republican Party","Republican Party","John McCain","Jesse Helms","Charles Ellis Schumer","John Edwards","Paul Sarbanes","Jim Bunning"]}]},"context":{"page_title":null,"page_url":null,"page_entity_id":null,"content_hierarchy":[]},"links":[[[{"start":0,"end":44,"url":null,"entity_id":"Q7891496","candidates":[]}],[{"start":0,"end":44,"url":null,"entity_id":"Q7891498","candidates":[]}],[],[{"start":0,"end":35,"url":null,"entity_id":"Q4347855","candidates":[]}],[{"start":0,"end":13,"url":null,"entity_id":"Q312845","candidates":[]}]],[[{"start":0,"end":45,"url":null,"entity_id":"Q7891489","candidates":[]}],[{"start":0,"end":45,"url":null,"entity_id":"Q16959378","candidates":[]}],[],[{"start":0,"end":45,"url":null,"entity_id":"Q7891488","candidates":[]}],[{"start":0,"end":11,"url":null,"entity_id":"Q187516","candidates":[]}]],[[{"start":0,"end":44,"url":null,"entity_id":"Q7891531","candidates":[]}],[{"start":0,"end":53,"url":null,"entity_id":"Q7892150","candidates":[]}],[],[{"start":0,"end":45,"url":null,"entity_id":"Q7891530","candidates":[]}],[{"start":0,"end":10,"url":null,"entity_id":"Q49214","candidates":[]}]],[[{"start":0,"end":45,"url":null,"entity_id":"Q7891452","candidates":[]}],[{"start":0,"end":46,"url":null,"entity_id":"Q7891455","candidates":[]}],[],[{"start":0,"end":46,"url":null,"entity_id":"Q7891450","candidates":[]}],[{"start":0,"end":9,"url":null,"entity_id":"Q6279","candidates":[]}]],[[{"start":0,"end":45,"url":null,"entity_id":"Q7891367","candidates":[]}],[{"start":0,"end":45,"url":null,"entity_id":"Q7891369","candidates":[]}],[],[{"start":0,"end":45,"url":null,"entity_id":"Q7891365","candidates":[]}],[{"start":0,"end":14,"url":null,"entity_id":"Q472254","candidates":[]}]],[[{"start":0,"end":44,"url":null,"entity_id":"Q7891378","candidates":[]}],[{"start":0,"end":44,"url":null,"entity_id":"Q7891379","candidates":[]}],[],[{"start":0,"end":44,"url":null,"entity_id":"Q7891376","candidates":[]}],[{"start":0,"end":15,"url":null,"entity_id":"Q448813","candidates":[]}]],[[{"start":0,"end":35,"url":null,"entity_id":"Q4348187","candidates":[]}],[{"start":0,"end":35,"url":null,"entity_id":"Q4348193","candidates":[]}],[],[{"start":0,"end":35,"url":null,"entity_id":"Q5510993","candidates":[]}],[{"start":0,"end":16,"url":null,"entity_id":"Q273549","candidates":[]}]],[[{"start":0,"end":45,"url":null,"entity_id":"Q7891401","candidates":[]}],[{"start":0,"end":46,"url":null,"entity_id":"Q7891403","candidates":[]}],[],[{"start":0,"end":46,"url":null,"entity_id":"Q7891397","candidates":[]}],[{"start":0,"end":15,"url":null,"entity_id":"Q237681","candidates":[]}]],[[{"start":0,"end":47,"url":null,"entity_id":"Q7891415","candidates":[]}],[{"start":0,"end":48,"url":null,"entity_id":"Q7891417","candidates":[]}],[],[{"start":0,"end":48,"url":null,"entity_id":"Q7891413","candidates":[]}],[{"start":0,"end":13,"url":null,"entity_id":"Q237560","candidates":[]}]],[[{"start":0,"end":35,"url":null,"entity_id":"Q5510951","candidates":[]}],[{"start":0,"end":35,"url":null,"entity_id":"Q5510958","candidates":[]}],[],[{"start":0,"end":44,"url":null,"entity_id":"Q4348227","candidates":[]}],[{"start":0,"end":10,"url":null,"entity_id":"Q228563","candidates":[]}]],[[{"start":0,"end":44,"url":null,"entity_id":"Q5510913","candidates":[]}],[{"start":0,"end":44,"url":null,"entity_id":"Q4348159","candidates":[]}],[],[{"start":0,"end":44,"url":null,"entity_id":"Q4348174","candidates":[]}],[{"start":0,"end":10,"url":null,"entity_id":"Q228563","candidates":[]}]],[[{"start":0,"end":44,"url":null,"entity_id":"Q5510732","candidates":[]}],[{"start":0,"end":44,"url":null,"entity_id":"Q5510738","candidates":[]}],[],[{"start":0,"end":44,"url":null,"entity_id":"Q5510726","candidates":[]}],[{"start":0,"end":27,"url":null,"entity_id":"Q42186","candidates":[]}]],[[{"start":0,"end":43,"url":null,"entity_id":"Q4348241","candidates":[]}],[{"start":0,"end":44,"url":null,"entity_id":"Q5510903","candidates":[]}],[],[{"start":0,"end":44,"url":null,"entity_id":"Q4347747","candidates":[]}],[{"start":0,"end":16,"url":null,"entity_id":"Q29468","candidates":[]}]],[[{"start":0,"end":44,"url":null,"entity_id":"Q7891390","candidates":[]}],[{"start":0,"end":45,"url":null,"entity_id":"Q7891392","candidates":[]}],[],[{"start":0,"end":45,"url":null,"entity_id":"Q7891388","candidates":[]}],[{"start":0,"end":11,"url":null,"entity_id":"Q10390","candidates":[]}]],[[{"start":0,"end":52,"url":null,"entity_id":"Q7891845","candidates":[]}],[{"start":0,"end":52,"url":null,"entity_id":"Q7891848","candidates":[]}],[],[{"start":0,"end":52,"url":null,"entity_id":"Q7891842","candidates":[]}],[{"start":0,"end":11,"url":null,"entity_id":"Q503426","candidates":[]}]],[[{"start":0,"end":46,"url":null,"entity_id":"Q7891828","candidates":[]}],[{"start":0,"end":46,"url":null,"entity_id":"Q7891831","candidates":[]}],[],[{"start":0,"end":46,"url":null,"entity_id":"Q7891826","candidates":[]}],[{"start":0,"end":21,"url":null,"entity_id":"Q380900","candidates":[]}]],[[{"start":0,"end":52,"url":null,"entity_id":"Q7891846","candidates":[]}],[{"start":0,"end":52,"url":null,"entity_id":"Q7891849","candidates":[]}],[],[{"start":0,"end":52,"url":null,"entity_id":"Q7891844","candidates":[]}],[{"start":0,"end":12,"url":null,"entity_id":"Q217314","candidates":[]}]],[[{"start":0,"end":45,"url":null,"entity_id":"Q7891597","candidates":[]}],[{"start":0,"end":46,"url":null,"entity_id":"Q7891598","candidates":[]}],[],[{"start":0,"end":46,"url":null,"entity_id":"Q25021838","candidates":[]}],[{"start":0,"end":13,"url":null,"entity_id":"Q1895804","candidates":[]}]],[[{"start":0,"end":46,"url":null,"entity_id":"Q7891568","candidates":[]}],[{"start":0,"end":46,"url":null,"entity_id":"Q7891570","candidates":[]}],[],[{"start":0,"end":46,"url":null,"entity_id":"Q7891566","candidates":[]}],[{"start":0,"end":11,"url":null,"entity_id":"Q918265","candidates":[]}]],[[{"start":0,"end":48,"url":null,"entity_id":"Q7891442","candidates":[]}],[{"start":0,"end":49,"url":null,"entity_id":"Q7891444","candidates":[]}],[],[{"start":0,"end":49,"url":null,"entity_id":"Q7891439","candidates":[]}],[{"start":0,"end":10,"url":null,"entity_id":"Q319111","candidates":[]}]]]}