{"version":"1.2","table":{"version":"2","table_id":"7LEVSEWT","columns":[{"index":0,"name":"col0","values":["NAME AT 2017ixh","NAME AT 2016bfa","NAME AT 2016bfb","NAME ATLAS 16ago","NAME PS 16bho","NAME AT 2016bey","ZTF18aaayemw","SNhunt 261","Gaia 16aqc","SN 2016emx","NAME AT 2016eve","NAME PS 15dpx","NAME PS 16lj","DES14C1kia","PS1-14jb","FI Cnc","SN 2011co","SN 2011be","SN 2011an","SN 2011ae"]},{"index":1,"name":"col1","values":["101.102042","224.504542","248.491375","116.959208","216.335708","174.417625","134.8982917","41.374708","26.230792","91.045792","352.115417","91.148083","95.787917","53.697875","198.11846","128.0722534704887","139.090208","140.71925","119.85175","178.70521"]},{"index":2,"name":"col2","values":["3280","13654","9012","3219","3872","21098","15184","7985","102411","14615","3576","14900","25225","44676","14615","-1.92","2983","10020","4758","1793"]}]},"context":{"page_title":null,"page_url":null,"page_entity_id":null,"content_hierarchy":[]},"links":[[[{"start":0,"end":15,"url":null,"entity_id":"Q84518409","candidates":[]}],[],[]],[[{"start":0,"end":15,"url":null,"entity_id":"Q84518388","candidates":[]}],[],[]],[[{"start":0,"end":16,"url":null,"entity_id":"Q84517074","candidates":[]}],[],[]],[[{"start":0,"end":13,"url":null,"entity_id":"Q84517004","candidates":[]}],[],[]],[[{"start":0,"end":15,"url":null,"entity_id":"Q84515152","candidates":[]}],[],[]],[[{"start":0,"end":12,"url":null,"entity_id":"Q83993253","candidates":[]}],[],[]],[[{"start":0,"end":10,"url":null,"entity_id":"Q83898095","candidates":[]}],[],[]],[[{"start":0,"end":10,"url":null,"entity_id":"Q76749157","candidates":[]}],[],[]],[[{"start":0,"end":10,"url":null,"entity_id":"Q76748864","candidates":[]}],[],[]],[[{"start":0,"end":15,"url":null,"entity_id":"Q76748841","candidates":[]}],[],[]],[[{"start":0,"end":13,"url":null,"entity_id":"Q76439196","candidates":[]}],[],[]],[[{"start":0,"end":12,"url":null,"entity_id":"Q76434755","candidates":[]}],[],[]],[[{"start":0,"end":10,"url":null,"entity_id":"Q76105042","candidates":[]}],[],[]],[[{"start":0,"end":8,"url":null,"entity_id":"Q76093973","candidates":[]}],[],[]],[[{"start":0,"end":6,"url":null,"entity_id":"Q66610582","candidates":[]}],[],[]],[[{"start":0,"end":9,"url":null,"entity_id":"Q9331951","candidates":[]}],[],[]],[[{"start":0,"end":9,"url":null,"entity_id":"Q9331915","candidates":[]}],[],[]],[[{"start":0,"end":9,"url":null,"entity_id":"Q9331897","candidates":[]}],[],[]],[[{"start":0,"end":9,"url":null,"entity_id":"Q9331887","candidates":[]}],[],[]],[[{"start":0,"end":15,"url":null,"entity_id":"Q85058966","candidates":[]}],[],[]]]}