{"version":"1.2","table":{"version":"2","table_id":"7MDT8PFU","columns":[{"index":0,"name":"col0","values":["Cerebrosides","butyrate salt","acrylate salt","valerate salt","triflyl compound","oligosaccharide","antimony compound","titanium compound","RNA","Dextrin","pentose","hydrocarbon","uranium compound","gallates","oxazaphosphinan","nitrosophenol","fatty aldehyde","aminonitrile","aldehydic acid","lithium dialkylamide"]},{"index":1,"name":"col1","values":["lipid","carboxylate salt","carboxylate salt","carboxylate salt","sulfonyl compound","carbohydrate","chemical compound","chemical compound","nucleic acid","polysaccharides","monosaccharide","binary compound","chemical compound","chemical compound","heterocyclic compound","chemical compound","chemical compound","chemical compound","chemical compound","chemical compound"]},{"index":2,"name":"col2","values":["hydrogen","butyrate","acrylate","valerate anion","Trifluoromethylsulfonyl","monosaccharide","antimony","titanium","nucleotides","hydrogen","hydrogen","hydrogen","uranium","gallium","carbon","carbon","carbon","carbon","carbon","lithium"]}]},"context":{"page_title":null,"page_url":null,"page_entity_id":null,"content_hierarchy":[]},"links":[[[{"start":0,"end":13,"url":null,"entity_id":"Q55582564","candidates":[]}],[{"start":0,"end":16,"url":null,"entity_id":"Q55524651","candidates":[]}],[{"start":0,"end":8,"url":null,"entity_id":"Q55582441","candidates":[]}]],[[{"start":0,"end":13,"url":null,"entity_id":"Q55589903","candidates":[]}],[{"start":0,"end":16,"url":null,"entity_id":"Q55524651","candidates":[]}],[{"start":0,"end":8,"url":null,"entity_id":"Q27104395","candidates":[]}]],[[{"start":0,"end":13,"url":null,"entity_id":"Q55523437","candidates":[]}],[{"start":0,"end":16,"url":null,"entity_id":"Q55524651","candidates":[]}],[{"start":0,"end":14,"url":null,"entity_id":"Q27104189","candidates":[]}]],[[{"start":0,"end":16,"url":null,"entity_id":"Q56425508","candidates":[]}],[{"start":0,"end":17,"url":null,"entity_id":"Q56380605","candidates":[]}],[{"start":0,"end":23,"url":null,"entity_id":"Q249735","candidates":[]}]],[[{"start":0,"end":15,"url":null,"entity_id":"Q320607","candidates":[]}],[{"start":0,"end":12,"url":null,"entity_id":"Q11358","candidates":[]}],[{"start":0,"end":14,"url":null,"entity_id":"Q133516","candidates":[]}]],[[{"start":0,"end":17,"url":null,"entity_id":"Q72399431","candidates":[]}],[{"start":0,"end":17,"url":null,"entity_id":"Q11173","candidates":[]}],[{"start":0,"end":8,"url":null,"entity_id":"Q1099","candidates":[]}]],[[{"start":0,"end":17,"url":null,"entity_id":"Q72406844","candidates":[]}],[{"start":0,"end":17,"url":null,"entity_id":"Q11173","candidates":[]}],[{"start":0,"end":8,"url":null,"entity_id":"Q716","candidates":[]}]],[[{"start":0,"end":3,"url":null,"entity_id":"Q11053","candidates":[]}],[{"start":0,"end":12,"url":null,"entity_id":"Q123619","candidates":[]}],[{"start":0,"end":11,"url":null,"entity_id":"Q28745","candidates":[]}]],[[{"start":0,"end":7,"url":null,"entity_id":"Q191978","candidates":[]}],[{"start":0,"end":15,"url":null,"entity_id":"Q134219","candidates":[]}],[{"start":0,"end":8,"url":null,"entity_id":"Q556","candidates":[]}]],[[{"start":0,"end":7,"url":null,"entity_id":"Q205654","candidates":[]}],[{"start":0,"end":14,"url":null,"entity_id":"Q133516","candidates":[]}],[{"start":0,"end":8,"url":null,"entity_id":"Q556","candidates":[]}]],[[{"start":0,"end":11,"url":null,"entity_id":"Q43648","candidates":[]}],[{"start":0,"end":15,"url":null,"entity_id":"Q66392","candidates":[]}],[{"start":0,"end":8,"url":null,"entity_id":"Q556","candidates":[]}]],[[{"start":0,"end":16,"url":null,"entity_id":"Q15731574","candidates":[]}],[{"start":0,"end":17,"url":null,"entity_id":"Q11173","candidates":[]}],[{"start":0,"end":7,"url":null,"entity_id":"Q1098","candidates":[]}]],[[{"start":0,"end":8,"url":null,"entity_id":"Q16635615","candidates":[]}],[{"start":0,"end":17,"url":null,"entity_id":"Q11173","candidates":[]}],[{"start":0,"end":7,"url":null,"entity_id":"Q861","candidates":[]}]],[[{"start":0,"end":15,"url":null,"entity_id":"Q16682748","candidates":[]}],[{"start":0,"end":21,"url":null,"entity_id":"Q193430","candidates":[]}],[{"start":0,"end":6,"url":null,"entity_id":"Q623","candidates":[]}]],[[{"start":0,"end":13,"url":null,"entity_id":"Q16681098","candidates":[]}],[{"start":0,"end":17,"url":null,"entity_id":"Q11173","candidates":[]}],[{"start":0,"end":6,"url":null,"entity_id":"Q623","candidates":[]}]],[[{"start":0,"end":14,"url":null,"entity_id":"Q16652161","candidates":[]}],[{"start":0,"end":17,"url":null,"entity_id":"Q11173","candidates":[]}],[{"start":0,"end":6,"url":null,"entity_id":"Q623","candidates":[]}]],[[{"start":0,"end":12,"url":null,"entity_id":"Q16533777","candidates":[]}],[{"start":0,"end":17,"url":null,"entity_id":"Q11173","candidates":[]}],[{"start":0,"end":6,"url":null,"entity_id":"Q623","candidates":[]}]],[[{"start":0,"end":14,"url":null,"entity_id":"Q16533682","candidates":[]}],[{"start":0,"end":17,"url":null,"entity_id":"Q11173","candidates":[]}],[{"start":0,"end":6,"url":null,"entity_id":"Q623","candidates":[]}]],[[{"start":0,"end":20,"url":null,"entity_id":"Q16671624","candidates":[]}],[{"start":0,"end":17,"url":null,"entity_id":"Q11173","candidates":[]}],[{"start":0,"end":7,"url":null,"entity_id":"Q568","candidates":[]}]],[[{"start":0,"end":12,"url":null,"entity_id":"Q412468","candidates":[]}],[{"start":0,"end":5,"url":null,"entity_id":"Q11367","candidates":[]}],[{"start":0,"end":8,"url":null,"entity_id":"Q556","candidates":[]}]]]}