{"version":"1.2","table":{"version":"2","table_id":"7MPA1TQH","columns":[{"index":0,"name":"col0","values":["Xavier Chevrier","Satoshi Asano","Luis Stewart Pérez","Anderson Leite","Elena Utkina","Freddy Álvarez","Eric Franke","Rico Gathers","Juan Gabriel Guzmán","Jonathan Moya","Kenner Gutiérrez","Tibor Ordina","Ricardo Blanco","Dayana Colmenares","Marta Sirotkina","Juan Bustos Golobio","James Luisi","Elisabetta Gregoraci","Costanza Caracciolo","Rebecca Adlington"]},{"index":1,"name":"col1","values":["185","174","178","183","180","170","192","1.98","172","187","179","193","172","1.75","166","176","188","176","170","179"]},{"index":2,"name":"col2","values":["65","75","72","79","75","80","96","281","71","84","74","75","65","59","61","71","82","57","52","71"]},{"index":3,"name":"col3","values":["1","1","1","1","1","1","1","1","1","1","1","1","1","1","1","1","1","1","1","1"]}]},"context":{"page_title":null,"page_url":null,"page_entity_id":null,"content_hierarchy":[]},"links":[[[{"start":0,"end":13,"url":null,"entity_id":"Q41770642","candidates":[]}],[],[],[]],[[{"start":0,"end":18,"url":null,"entity_id":"Q29511566","candidates":[]}],[],[],[]],[[{"start":0,"end":14,"url":null,"entity_id":"Q28114249","candidates":[]}],[],[],[]],[[{"start":0,"end":12,"url":null,"entity_id":"Q27983392","candidates":[]}],[],[],[]],[[{"start":0,"end":14,"url":null,"entity_id":"Q25407203","candidates":[]}],[],[],[]],[[{"start":0,"end":11,"url":null,"entity_id":"Q23830581","candidates":[]}],[],[],[]],[[{"start":0,"end":12,"url":null,"entity_id":"Q19866383","candidates":[]}],[],[],[]],[[{"start":0,"end":19,"url":null,"entity_id":"Q16584662","candidates":[]}],[],[],[]],[[{"start":0,"end":13,"url":null,"entity_id":"Q16582014","candidates":[]}],[],[],[]],[[{"start":0,"end":16,"url":null,"entity_id":"Q16300975","candidates":[]}],[],[],[]],[[{"start":0,"end":12,"url":null,"entity_id":"Q7800494","candidates":[]}],[],[],[]],[[{"start":0,"end":14,"url":null,"entity_id":"Q6108035","candidates":[]}],[],[],[]],[[{"start":0,"end":17,"url":null,"entity_id":"Q5243034","candidates":[]}],[],[],[]],[[{"start":0,"end":15,"url":null,"entity_id":"Q4420837","candidates":[]}],[],[],[]],[[{"start":0,"end":19,"url":null,"entity_id":"Q3810781","candidates":[]}],[],[],[]],[[{"start":0,"end":11,"url":null,"entity_id":"Q3808353","candidates":[]}],[],[],[]],[[{"start":0,"end":20,"url":null,"entity_id":"Q3723234","candidates":[]}],[],[],[]],[[{"start":0,"end":19,"url":null,"entity_id":"Q3695621","candidates":[]}],[],[],[]],[[{"start":0,"end":17,"url":null,"entity_id":"Q49287","candidates":[]}],[],[],[]],[[{"start":0,"end":15,"url":null,"entity_id":"Q42298193","candidates":[]}],[],[],[]]]}