{"version":"1.2","table":{"version":"2","table_id":"7OJG8K4I","columns":[{"index":0,"name":"col0","values":["Unter den Linden","boulevard Bourdon","boulevard Montmartre","boulevard Marguerite-de-Rochechouart","boulevard Morland","boulevard Saint-Denis","boulevard des Italiens","boulevard Saint-Michel","boulevard Jules-Ferry","boulevard Henri-IV","boulevard des Capucines","boulevard de Magenta","boulevard Barbès","boulevard Marbeau","boulevard Delessert","boulevard Jules-Sandeau","boulevard Edgar-Quinet","boulevard Malesherbes","Junipero Serra Boulevard","Kurfürstendamm"]},{"index":1,"name":"col1","values":["Germany","France","France","France","France","France","France","France","France","France","France","France","France","France","France","France","France","France","United States of America","Germany"]},{"index":2,"name":"col2","values":["1390","585","215","730","434","210","390","1380","245","714","440","1920","835","96","250","342","621","2650","7.1","3500"]},{"index":3,"name":"col3","values":["linden tree","Ferdinand Pierre Agathe Bourdon","porte Montmartre","Marguerite de Rochechouart","François Louis de Morlan","rue Saint-Denis","Comédie-Italienne","pont Saint-Michel","Jules Ferry","Henry IV of France","Capuchin Poor Clares","Battle of Magenta","Armand Barbes","landlord","landlord","Jules Sandeau","Edgar Quinet","Guillaume-Chrétien de Lamoignon de Malesherbes","Junípero Serra","Joachim II Hector, Elector of Brandenburg"]}]},"context":{"page_title":null,"page_url":null,"page_entity_id":null,"content_hierarchy":[]},"links":[[[{"start":0,"end":17,"url":null,"entity_id":"Q2921778","candidates":[]}],[{"start":0,"end":6,"url":null,"entity_id":"Q142","candidates":[]}],[],[{"start":0,"end":31,"url":null,"entity_id":"Q28053837","candidates":[]}]],[[{"start":0,"end":20,"url":null,"entity_id":"Q1027566","candidates":[]}],[{"start":0,"end":6,"url":null,"entity_id":"Q142","candidates":[]}],[],[{"start":0,"end":16,"url":null,"entity_id":"Q3398926","candidates":[]}]],[[{"start":0,"end":36,"url":null,"entity_id":"Q2504703","candidates":[]}],[{"start":0,"end":6,"url":null,"entity_id":"Q142","candidates":[]}],[],[{"start":0,"end":26,"url":null,"entity_id":"Q3290789","candidates":[]}]],[[{"start":0,"end":17,"url":null,"entity_id":"Q2921888","candidates":[]}],[{"start":0,"end":6,"url":null,"entity_id":"Q142","candidates":[]}],[],[{"start":0,"end":24,"url":null,"entity_id":"Q3085220","candidates":[]}]],[[{"start":0,"end":21,"url":null,"entity_id":"Q2404571","candidates":[]}],[{"start":0,"end":6,"url":null,"entity_id":"Q142","candidates":[]}],[],[{"start":0,"end":15,"url":null,"entity_id":"Q2174628","candidates":[]}]],[[{"start":0,"end":22,"url":null,"entity_id":"Q895082","candidates":[]}],[{"start":0,"end":6,"url":null,"entity_id":"Q142","candidates":[]}],[],[{"start":0,"end":17,"url":null,"entity_id":"Q1581237","candidates":[]}]],[[{"start":0,"end":22,"url":null,"entity_id":"Q895078","candidates":[]}],[{"start":0,"end":6,"url":null,"entity_id":"Q142","candidates":[]}],[],[{"start":0,"end":17,"url":null,"entity_id":"Q1329076","candidates":[]}]],[[{"start":0,"end":21,"url":null,"entity_id":"Q2921844","candidates":[]}],[{"start":0,"end":6,"url":null,"entity_id":"Q142","candidates":[]}],[],[{"start":0,"end":11,"url":null,"entity_id":"Q959708","candidates":[]}]],[[{"start":0,"end":18,"url":null,"entity_id":"Q2921837","candidates":[]}],[{"start":0,"end":6,"url":null,"entity_id":"Q142","candidates":[]}],[],[{"start":0,"end":18,"url":null,"entity_id":"Q936976","candidates":[]}]],[[{"start":0,"end":23,"url":null,"entity_id":"Q590441","candidates":[]}],[{"start":0,"end":6,"url":null,"entity_id":"Q142","candidates":[]}],[],[{"start":0,"end":20,"url":null,"entity_id":"Q691196","candidates":[]}]],[[{"start":0,"end":20,"url":null,"entity_id":"Q895077","candidates":[]}],[{"start":0,"end":6,"url":null,"entity_id":"Q142","candidates":[]}],[],[{"start":0,"end":17,"url":null,"entity_id":"Q681430","candidates":[]}]],[[{"start":0,"end":16,"url":null,"entity_id":"Q2017492","candidates":[]}],[{"start":0,"end":6,"url":null,"entity_id":"Q142","candidates":[]}],[],[{"start":0,"end":13,"url":null,"entity_id":"Q677193","candidates":[]}]],[[{"start":0,"end":17,"url":null,"entity_id":"Q2921871","candidates":[]}],[{"start":0,"end":6,"url":null,"entity_id":"Q142","candidates":[]}],[],[{"start":0,"end":8,"url":null,"entity_id":"Q618532","candidates":[]}]],[[{"start":0,"end":19,"url":null,"entity_id":"Q2921803","candidates":[]}],[{"start":0,"end":6,"url":null,"entity_id":"Q142","candidates":[]}],[],[{"start":0,"end":8,"url":null,"entity_id":"Q618532","candidates":[]}]],[[{"start":0,"end":23,"url":null,"entity_id":"Q2921845","candidates":[]}],[{"start":0,"end":6,"url":null,"entity_id":"Q142","candidates":[]}],[],[{"start":0,"end":13,"url":null,"entity_id":"Q609039","candidates":[]}]],[[{"start":0,"end":22,"url":null,"entity_id":"Q2921810","candidates":[]}],[{"start":0,"end":6,"url":null,"entity_id":"Q142","candidates":[]}],[],[{"start":0,"end":12,"url":null,"entity_id":"Q551735","candidates":[]}]],[[{"start":0,"end":21,"url":null,"entity_id":"Q2921874","candidates":[]}],[{"start":0,"end":6,"url":null,"entity_id":"Q142","candidates":[]}],[],[{"start":0,"end":46,"url":null,"entity_id":"Q551456","candidates":[]}]],[[{"start":0,"end":24,"url":null,"entity_id":"Q564354","candidates":[]}],[{"start":0,"end":24,"url":null,"entity_id":"Q30","candidates":[]}],[],[{"start":0,"end":14,"url":null,"entity_id":"Q522107","candidates":[]}]],[[{"start":0,"end":14,"url":null,"entity_id":"Q160272","candidates":[]}],[{"start":0,"end":7,"url":null,"entity_id":"Q183","candidates":[]}],[],[{"start":0,"end":41,"url":null,"entity_id":"Q506527","candidates":[]}]],[[{"start":0,"end":16,"url":null,"entity_id":"Q160899","candidates":[]}],[{"start":0,"end":7,"url":null,"entity_id":"Q183","candidates":[]}],[],[{"start":0,"end":11,"url":null,"entity_id":"Q45417383","candidates":[]}]]]}