{"version":"1.2","table":{"version":"2","table_id":"7P415D44","columns":[{"index":0,"name":"col0","values":["NC 3615","PGC 2783","NGC 954","NGC 877","NGC623","NGC 08","NGC 508","NGC 327","NGC 318","NGC 509","NGC 427","NGC 1:3","QGC 821","NGC 139","NGC\"1132","NGD 1404","NGC 481","NGC 47","NHC 1600","NGC#1399"]},{"index":1,"name":"col1","values":["97.48738999999999","95.2252","63.228339999999996","65.2652","122.15858","82.41","64.82827999999999","137.09297999999998","62.865","88.0758","20.049749999999996","72.8041","23.16031","23.722459999999998","80.42454","18.86516","94.43076","72.15024","62.920199999999994","21.947519999999997"]},{"index":2,"name":"col2","values":["6638.632","6634.8506","4739.174999999999","4914.9102","9008.73","5477.518","4953.736","14185.314","4919.4432","6538.326","1390.389","5376.102","1765.2709999999997","1701.0","6978.873999999999","1963.514","6725.988","5549.108","4646.9484","1426.0"]},{"index":3,"name":"col3","values":["0.02186146","0.022190472","0.015868463","0.016641168","0.029930742000000003","0.01836835","0.01654501","0.0476046","0.016513154999999998","0.02217152","0.0046007800000000005","0.017676576","0.005808186","0.005628366","234246.27","0.0062793599999999995","0.022504220000000002","0.018518389","0.01590312","0.0049700000000000005"]},{"index":4,"name":"col4","values":["1785/04/10","1785/03/13","1865/09/26","1784/09/12","1837/11/30","1784/09/12","1784/09/12","1865/08/24","1784/09/11","1837/11/29","1837/11/28","1883/10/06","1786/09/04","1784/11/17","1827/11/23","1837/11/28","1865/04/22","1785/10/01","1786/11/26","1835/10/22"]}]},"context":{"page_title":null,"page_url":null,"page_entity_id":null,"content_hierarchy":[]},"links":[[[{"start":0,"end":8,"url":null,"entity_id":"Q1050896","candidates":[]}],[],[],[],[]],[[{"start":0,"end":7,"url":null,"entity_id":"Q1040467","candidates":[]}],[],[],[],[]],[[{"start":0,"end":7,"url":null,"entity_id":"Q1039015","candidates":[]}],[],[],[],[]],[[{"start":0,"end":6,"url":null,"entity_id":"Q1037734","candidates":[]}],[],[],[],[]],[[{"start":0,"end":6,"url":null,"entity_id":"Q1037063","candidates":[]}],[],[],[],[]],[[{"start":0,"end":7,"url":null,"entity_id":"Q1037057","candidates":[]}],[],[],[],[]],[[{"start":0,"end":7,"url":null,"entity_id":"Q1036153","candidates":[]}],[],[],[],[]],[[{"start":0,"end":7,"url":null,"entity_id":"Q1036111","candidates":[]}],[],[],[],[]],[[{"start":0,"end":7,"url":null,"entity_id":"Q958836","candidates":[]}],[],[],[],[]],[[{"start":0,"end":7,"url":null,"entity_id":"Q956075","candidates":[]}],[],[],[],[]],[[{"start":0,"end":7,"url":null,"entity_id":"Q942981","candidates":[]}],[],[],[],[]],[[{"start":0,"end":7,"url":null,"entity_id":"Q929049","candidates":[]}],[],[],[],[]],[[{"start":0,"end":7,"url":null,"entity_id":"Q921244","candidates":[]}],[],[],[],[]],[[{"start":0,"end":8,"url":null,"entity_id":"Q909725","candidates":[]}],[],[],[],[]],[[{"start":0,"end":8,"url":null,"entity_id":"Q851285","candidates":[]}],[],[],[],[]],[[{"start":0,"end":7,"url":null,"entity_id":"Q845388","candidates":[]}],[],[],[],[]],[[{"start":0,"end":6,"url":null,"entity_id":"Q582589","candidates":[]}],[],[],[],[]],[[{"start":0,"end":8,"url":null,"entity_id":"Q581171","candidates":[]}],[],[],[],[]],[[{"start":0,"end":8,"url":null,"entity_id":"Q548329","candidates":[]}],[],[],[],[]],[[{"start":0,"end":7,"url":null,"entity_id":"Q1105622","candidates":[]}],[],[],[],[]]]}