{"version":"1.2","table":{"version":"2","table_id":"7QRD96S8","columns":[{"index":0,"name":"col0","values":["Çorum Province","Zonguldak Province","Niğde Province","Sinop Province","Mersin Province","Kırklareli Province","Muş Province","Malatya Province","Mardin Province","Kütahya Province","Iğdır Province","Muğla Province","Hakkâri Province","Kocaeli Province","Bitlis Province","Diyarbakır Province","Kars Province","Aksaray Province","Sakarya Province","Bolu Province"]},{"index":1,"name":"col1","values":["536483","599698","364707","219733","1814468","360860","407992","797036","829195","577941","197456","967487","286470","1906391","349396","1732396","288878","412172","1010700","311810"]},{"index":2,"name":"col2","values":["12820","3481","7312","5862","15737","6550","8196","12146","9097","11977","3588","13338","9521","3397","10582","15355","9442","7626","4878","7410"]}]},"context":{"page_title":null,"page_url":null,"page_entity_id":null,"content_hierarchy":[]},"links":[[[{"start":0,"end":18,"url":null,"entity_id":"Q219956","candidates":[]}],[],[]],[[{"start":0,"end":14,"url":null,"entity_id":"Q155219","candidates":[]}],[],[]],[[{"start":0,"end":14,"url":null,"entity_id":"Q134413","candidates":[]}],[],[]],[[{"start":0,"end":15,"url":null,"entity_id":"Q132637","candidates":[]}],[],[]],[[{"start":0,"end":19,"url":null,"entity_id":"Q131597","candidates":[]}],[],[]],[[{"start":0,"end":12,"url":null,"entity_id":"Q131387","candidates":[]}],[],[]],[[{"start":0,"end":16,"url":null,"entity_id":"Q131384","candidates":[]}],[],[]],[[{"start":0,"end":15,"url":null,"entity_id":"Q131293","candidates":[]}],[],[]],[[{"start":0,"end":16,"url":null,"entity_id":"Q126874","candidates":[]}],[],[]],[[{"start":0,"end":14,"url":null,"entity_id":"Q125506","candidates":[]}],[],[]],[[{"start":0,"end":14,"url":null,"entity_id":"Q123934","candidates":[]}],[],[]],[[{"start":0,"end":16,"url":null,"entity_id":"Q93209","candidates":[]}],[],[]],[[{"start":0,"end":16,"url":null,"entity_id":"Q83965","candidates":[]}],[],[]],[[{"start":0,"end":15,"url":null,"entity_id":"Q83239","candidates":[]}],[],[]],[[{"start":0,"end":19,"url":null,"entity_id":"Q83081","candidates":[]}],[],[]],[[{"start":0,"end":13,"url":null,"entity_id":"Q83077","candidates":[]}],[],[]],[[{"start":0,"end":16,"url":null,"entity_id":"Q83073","candidates":[]}],[],[]],[[{"start":0,"end":16,"url":null,"entity_id":"Q83069","candidates":[]}],[],[]],[[{"start":0,"end":13,"url":null,"entity_id":"Q82089","candidates":[]}],[],[]],[[{"start":0,"end":14,"url":null,"entity_id":"Q272947","candidates":[]}],[],[]]]}