{"version":"1.2","table":{"version":"2","table_id":"7SQUH9DN","columns":[{"index":0,"name":"col0","values":["Eastern Research Iqstitute of Coal Chemistry","The Rusian State Center for Animal Feed and Drug Standardization and Quality","VUTS (Czedh Republic)","Planetarium Česk Budějovice","Institute of Applied Mechanicu","Slamka Consunting","Military Technicdl Insttute","Institute og Hydrodynamics","Insitute of Thermomechanics","Institute of History, Czech Acafemy of Sciences","Studio of Eological Models","Centrum wýzkumu Řež","Centro de Estwdios Avanzados de Blane","Hans Knöll Istitute","Manhiça Health ResearchCentre","National Insttute of Mental Health","SIUI","Masaryk Meporial Cancer Institute","K-UITH","PIKIMT-Atomstroy"]},{"index":1,"name":"col1","values":["1931/01/01","1931/01/01","1951/01/01","1937/01/01","1959/01/01","1995/01/01","2012/09/27","1952/01/01","1953/01/01","1921/01/01","1991/01/01","2002/10/09","1985/01/01","1992/01/01","1996/01/01","2015/01/01","1978/01/01","1935/01/01","2009/01/01","1956/01/01"]},{"index":2,"name":"col2","values":["Yekaterinburg","Moscow","Liberec","České Budějovice","Brno","Ostrava","Prague","Prague","Prague","Prague","Prague","Husinec","Blanes","Jena","Manhiça","Klecany","Shantou","Brno","Durban","Moscow"]}]},"context":{"page_title":null,"page_url":null,"page_entity_id":null,"content_hierarchy":[]},"links":[[[{"start":0,"end":76,"url":null,"entity_id":"Q21659216","candidates":[]}],[],[{"start":0,"end":6,"url":null,"entity_id":"Q649","candidates":[]}]],[[{"start":0,"end":21,"url":null,"entity_id":"Q30258859","candidates":[]}],[],[{"start":0,"end":7,"url":null,"entity_id":"Q146351","candidates":[]}]],[[{"start":0,"end":27,"url":null,"entity_id":"Q30258636","candidates":[]}],[],[{"start":0,"end":16,"url":null,"entity_id":"Q16506","candidates":[]}]],[[{"start":0,"end":30,"url":null,"entity_id":"Q30258679","candidates":[]}],[],[{"start":0,"end":4,"url":null,"entity_id":"Q14960","candidates":[]}]],[[{"start":0,"end":17,"url":null,"entity_id":"Q30258867","candidates":[]}],[],[{"start":0,"end":7,"url":null,"entity_id":"Q8385","candidates":[]}]],[[{"start":0,"end":27,"url":null,"entity_id":"Q30258816","candidates":[]}],[],[{"start":0,"end":6,"url":null,"entity_id":"Q1085","candidates":[]}]],[[{"start":0,"end":26,"url":null,"entity_id":"Q30258732","candidates":[]}],[],[{"start":0,"end":6,"url":null,"entity_id":"Q1085","candidates":[]}]],[[{"start":0,"end":27,"url":null,"entity_id":"Q30258726","candidates":[]}],[],[{"start":0,"end":6,"url":null,"entity_id":"Q1085","candidates":[]}]],[[{"start":0,"end":47,"url":null,"entity_id":"Q30258605","candidates":[]}],[],[{"start":0,"end":6,"url":null,"entity_id":"Q1085","candidates":[]}]],[[{"start":0,"end":26,"url":null,"entity_id":"Q30258576","candidates":[]}],[],[{"start":0,"end":6,"url":null,"entity_id":"Q1085","candidates":[]}]],[[{"start":0,"end":19,"url":null,"entity_id":"Q30284610","candidates":[]}],[],[{"start":0,"end":7,"url":null,"entity_id":"Q2298363","candidates":[]}]],[[{"start":0,"end":37,"url":null,"entity_id":"Q30284404","candidates":[]}],[],[{"start":0,"end":6,"url":null,"entity_id":"Q12991","candidates":[]}]],[[{"start":0,"end":19,"url":null,"entity_id":"Q30281702","candidates":[]}],[],[{"start":0,"end":4,"url":null,"entity_id":"Q3150","candidates":[]}]],[[{"start":0,"end":29,"url":null,"entity_id":"Q16545895","candidates":[]}],[],[{"start":0,"end":7,"url":null,"entity_id":"Q10323671","candidates":[]}]],[[{"start":0,"end":34,"url":null,"entity_id":"Q16515821","candidates":[]}],[],[{"start":0,"end":7,"url":null,"entity_id":"Q291237","candidates":[]}]],[[{"start":0,"end":4,"url":null,"entity_id":"Q17019980","candidates":[]}],[],[{"start":0,"end":7,"url":null,"entity_id":"Q59100","candidates":[]}]],[[{"start":0,"end":33,"url":null,"entity_id":"Q14828023","candidates":[]}],[],[{"start":0,"end":4,"url":null,"entity_id":"Q14960","candidates":[]}]],[[{"start":0,"end":6,"url":null,"entity_id":"Q17060860","candidates":[]}],[],[{"start":0,"end":6,"url":null,"entity_id":"Q5468","candidates":[]}]],[[{"start":0,"end":16,"url":null,"entity_id":"Q18405435","candidates":[]}],[],[{"start":0,"end":6,"url":null,"entity_id":"Q649","candidates":[]}]],[[{"start":0,"end":44,"url":null,"entity_id":"Q24932802","candidates":[]}],[],[{"start":0,"end":13,"url":null,"entity_id":"Q887","candidates":[]}]]]}