{"version":"1.2","table":{"version":"2","table_id":"7UAQNFOZ","columns":[{"index":0,"name":"col0","values":["Ydre Municipality","Årjäng Municipality","Vadstena Municipality","Eslöv Municipality","Lidingö Municipality","Södertälje Municipality","Borås Municipality","Karlskrona Municipality","Solna Municipality","Norberg Municipality","Älvdalen Municipality","Skinnskatteberg Municipality","Partille Municipality","Upplands-Bro Municipality","Haninge Municipality","Dorotea Municipality","Hallstahammar Municipality","Danderyd Municipality","Fagersta Municipality","Bollnäs Municipality"]},{"index":1,"name":"col1","values":["Sweden","Sweden","Sweden","Sweden","Sweden","Sweden","Sweden","Sweden","Sweden","Sweden","Sweden","Sweden","Sweden","Sweden","Sweden","Sweden","Sweden","Sweden","Sweden","Sweden"]},{"index":2,"name":"col2","values":["Östergötland","Värmland","Östergötland","Malmö metropolitan area","Uppland","Stockholm metropolitan area","Västergötland","Blekinge","Uppland","Västmanland","Dalarna","Västmanland","Västergötland","Uppland","Stockholm metropolitan area","Lapland","Västmanland","Uppland","Västmanland","Hälsingland"]},{"index":3,"name":"col3","values":["Österbymo","Årjäng","Vadstena","Eslöv","Lidingö","Södertälje","Borås","Karlskrona","Solna","Norberg","Älvdalen","Skinnskatteberg","Partille","Kungsängen","Handen","Dorotea","Hallstahammar","Djursholm","Fagersta","Bollnäs"]}]},"context":{"page_title":null,"page_url":null,"page_entity_id":null,"content_hierarchy":[]},"links":[[[{"start":0,"end":19,"url":null,"entity_id":"Q2777887","candidates":[]}],[{"start":0,"end":6,"url":null,"entity_id":"Q34","candidates":[]}],[{"start":0,"end":8,"url":null,"entity_id":"Q211638","candidates":[]}],[{"start":0,"end":6,"url":null,"entity_id":"Q271180","candidates":[]}]],[[{"start":0,"end":21,"url":null,"entity_id":"Q515969","candidates":[]}],[{"start":0,"end":6,"url":null,"entity_id":"Q34","candidates":[]}],[{"start":0,"end":12,"url":null,"entity_id":"Q214829","candidates":[]}],[{"start":0,"end":8,"url":null,"entity_id":"Q265682","candidates":[]}]],[[{"start":0,"end":18,"url":null,"entity_id":"Q1130264","candidates":[]}],[{"start":0,"end":6,"url":null,"entity_id":"Q34","candidates":[]}],[{"start":0,"end":23,"url":null,"entity_id":"Q94298","candidates":[]}],[{"start":0,"end":5,"url":null,"entity_id":"Q79237","candidates":[]}]],[[{"start":0,"end":20,"url":null,"entity_id":"Q3120654","candidates":[]}],[{"start":0,"end":6,"url":null,"entity_id":"Q34","candidates":[]}],[{"start":0,"end":7,"url":null,"entity_id":"Q203509","candidates":[]}],[{"start":0,"end":7,"url":null,"entity_id":"Q54349","candidates":[]}]],[[{"start":0,"end":23,"url":null,"entity_id":"Q516336","candidates":[]}],[{"start":0,"end":6,"url":null,"entity_id":"Q34","candidates":[]}],[{"start":0,"end":27,"url":null,"entity_id":"Q427543","candidates":[]}],[{"start":0,"end":10,"url":null,"entity_id":"Q26518","candidates":[]}]],[[{"start":0,"end":18,"url":null,"entity_id":"Q894327","candidates":[]}],[{"start":0,"end":6,"url":null,"entity_id":"Q34","candidates":[]}],[{"start":0,"end":13,"url":null,"entity_id":"Q213551","candidates":[]}],[{"start":0,"end":5,"url":null,"entity_id":"Q26040","candidates":[]}]],[[{"start":0,"end":23,"url":null,"entity_id":"Q1128384","candidates":[]}],[{"start":0,"end":6,"url":null,"entity_id":"Q34","candidates":[]}],[{"start":0,"end":8,"url":null,"entity_id":"Q675653","candidates":[]}],[{"start":0,"end":10,"url":null,"entity_id":"Q25789","candidates":[]}]],[[{"start":0,"end":18,"url":null,"entity_id":"Q109010","candidates":[]}],[{"start":0,"end":6,"url":null,"entity_id":"Q34","candidates":[]}],[{"start":0,"end":7,"url":null,"entity_id":"Q203509","candidates":[]}],[{"start":0,"end":5,"url":null,"entity_id":"Q28476747","candidates":[]}]],[[{"start":0,"end":20,"url":null,"entity_id":"Q37404","candidates":[]}],[{"start":0,"end":6,"url":null,"entity_id":"Q34","candidates":[]}],[{"start":0,"end":11,"url":null,"entity_id":"Q321430","candidates":[]}],[{"start":0,"end":7,"url":null,"entity_id":"Q2551945","candidates":[]}]],[[{"start":0,"end":21,"url":null,"entity_id":"Q123855","candidates":[]}],[{"start":0,"end":6,"url":null,"entity_id":"Q34","candidates":[]}],[{"start":0,"end":7,"url":null,"entity_id":"Q205218","candidates":[]}],[{"start":0,"end":8,"url":null,"entity_id":"Q2453291","candidates":[]}]],[[{"start":0,"end":28,"url":null,"entity_id":"Q37462","candidates":[]}],[{"start":0,"end":6,"url":null,"entity_id":"Q34","candidates":[]}],[{"start":0,"end":11,"url":null,"entity_id":"Q321430","candidates":[]}],[{"start":0,"end":15,"url":null,"entity_id":"Q2060790","candidates":[]}]],[[{"start":0,"end":21,"url":null,"entity_id":"Q125222","candidates":[]}],[{"start":0,"end":6,"url":null,"entity_id":"Q34","candidates":[]}],[{"start":0,"end":13,"url":null,"entity_id":"Q213551","candidates":[]}],[{"start":0,"end":8,"url":null,"entity_id":"Q2054961","candidates":[]}]],[[{"start":0,"end":25,"url":null,"entity_id":"Q113673","candidates":[]}],[{"start":0,"end":6,"url":null,"entity_id":"Q34","candidates":[]}],[{"start":0,"end":7,"url":null,"entity_id":"Q203509","candidates":[]}],[{"start":0,"end":10,"url":null,"entity_id":"Q1632006","candidates":[]}]],[[{"start":0,"end":20,"url":null,"entity_id":"Q113692","candidates":[]}],[{"start":0,"end":6,"url":null,"entity_id":"Q34","candidates":[]}],[{"start":0,"end":27,"url":null,"entity_id":"Q427543","candidates":[]}],[{"start":0,"end":6,"url":null,"entity_id":"Q1574991","candidates":[]}]],[[{"start":0,"end":20,"url":null,"entity_id":"Q132334","candidates":[]}],[{"start":0,"end":6,"url":null,"entity_id":"Q34","candidates":[]}],[{"start":0,"end":7,"url":null,"entity_id":"Q212640","candidates":[]}],[{"start":0,"end":7,"url":null,"entity_id":"Q1202958","candidates":[]}]],[[{"start":0,"end":26,"url":null,"entity_id":"Q47019","candidates":[]}],[{"start":0,"end":6,"url":null,"entity_id":"Q34","candidates":[]}],[{"start":0,"end":11,"url":null,"entity_id":"Q321430","candidates":[]}],[{"start":0,"end":13,"url":null,"entity_id":"Q1019560","candidates":[]}]],[[{"start":0,"end":21,"url":null,"entity_id":"Q113679","candidates":[]}],[{"start":0,"end":6,"url":null,"entity_id":"Q34","candidates":[]}],[{"start":0,"end":7,"url":null,"entity_id":"Q203509","candidates":[]}],[{"start":0,"end":9,"url":null,"entity_id":"Q990076","candidates":[]}]],[[{"start":0,"end":21,"url":null,"entity_id":"Q47018","candidates":[]}],[{"start":0,"end":6,"url":null,"entity_id":"Q34","candidates":[]}],[{"start":0,"end":11,"url":null,"entity_id":"Q321430","candidates":[]}],[{"start":0,"end":8,"url":null,"entity_id":"Q985617","candidates":[]}]],[[{"start":0,"end":20,"url":null,"entity_id":"Q62469","candidates":[]}],[{"start":0,"end":6,"url":null,"entity_id":"Q34","candidates":[]}],[{"start":0,"end":11,"url":null,"entity_id":"Q206564","candidates":[]}],[{"start":0,"end":7,"url":null,"entity_id":"Q953769","candidates":[]}]],[[{"start":0,"end":17,"url":null,"entity_id":"Q515699","candidates":[]}],[{"start":0,"end":6,"url":null,"entity_id":"Q34","candidates":[]}],[{"start":0,"end":12,"url":null,"entity_id":"Q214829","candidates":[]}],[{"start":0,"end":9,"url":null,"entity_id":"Q298357","candidates":[]}]]]}