{"version":"1.2","table":{"version":"2","table_id":"7UCAN3A5","columns":[{"index":0,"name":"col0","values":["Record of rancrest War","Segoku Night Blood","Idrlish7","Dream Festival","B-Projet","Angls of Death","The Princess, the Stray Cat, ane Matters of the Heart","Islane","Onihiri","Shōotachi wa Kōya o Mezasu","Grimns Notes","Seisen erberus","Aurd Battler Dunbine","Ŏkami Kakushi","Muhishi","MimiKiss","Myself ; Youuself","Straberry Marshmallow","Princesu Princess","Neo Anghlique","Fial pproch","DearS","Gakuen Aliee","Bmberman Jetters","La Eorda d'Oro","To Heast","Yami to Bōshi to Hon no abibito","Akanelroni Somaru Saka","Tsvkihime","oihime Musō","Thuffle!","School Day","Brothers Conflit","Bonoboo","Taisho Mebusline Chicchaisan","Holfen Time","Danball Seki","In Search of the Losw Futre","Walkure Romanze; Shōjo Kishi Monogatari"]},{"index":1,"name":"col1","values":["2013/01/01","2017/01/01","2015/08/20","2016/01/01","2018/01/01","2016/12/20","2016/01/01","2016/04/28","2013/01/01","2016/01/01","2016/01/01","2011/04/18","1983/01/01","2010/01/01","2007/01/01","2006/01/01","2007/01/01","2005/01/01","2006/01/01","2008/01/01","2004/01/01","2004/01/01","2004/01/01","2002/01/01","2006/01/01","1999/01/01","2002/01/01","2007/01/01","2003/01/01","2007/01/01","2004/01/01","2007/01/01","2012/01/01","1993/01/01","2016/01/01","2013/01/01","2011/01/01","2010/11/26","2011/01/01"]},{"index":2,"name":"col2","values":["PlayStation Network","iOS","iOS","iOS","iOS","Microsoft Windows","Microsoft Windows","Microsoft Windows","Microsoft Windows","Microsoft Windows","Android","Android","MSX","PlayStation Portable","Nintendo DS","PlayStation 2","PlayStation 2","PlayStation 2","PlayStation 2","PlayStation 2","PlayStation 2","PlayStation 2","PlayStation 2","PlayStation 2","Microsoft Windows","Microsoft Windows","Microsoft Windows","Microsoft Windows","Microsoft Windows","Microsoft Windows","Microsoft Windows","Microsoft Windows","PlayStation Network","3DO Interactive Multiplayer","PlayStation Vita","PlayStation Vita","PlayStation Portable","Microsoft Windows","Microsoft Windows"]}]},"context":{"page_title":null,"page_url":null,"page_entity_id":null,"content_hierarchy":[]},"links":[[[{"start":0,"end":18,"url":null,"entity_id":"Q45255003","candidates":[]}],[],[{"start":0,"end":3,"url":null,"entity_id":"Q48493","candidates":[]}]],[[{"start":0,"end":8,"url":null,"entity_id":"Q28055772","candidates":[]}],[],[{"start":0,"end":3,"url":null,"entity_id":"Q48493","candidates":[]}]],[[{"start":0,"end":14,"url":null,"entity_id":"Q27089505","candidates":[]}],[],[{"start":0,"end":3,"url":null,"entity_id":"Q48493","candidates":[]}]],[[{"start":0,"end":8,"url":null,"entity_id":"Q24668320","candidates":[]}],[],[{"start":0,"end":3,"url":null,"entity_id":"Q48493","candidates":[]}]],[[{"start":0,"end":14,"url":null,"entity_id":"Q48847238","candidates":[]}],[],[{"start":0,"end":17,"url":null,"entity_id":"Q1406","candidates":[]}]],[[{"start":0,"end":53,"url":null,"entity_id":"Q24876613","candidates":[]}],[],[{"start":0,"end":17,"url":null,"entity_id":"Q1406","candidates":[]}]],[[{"start":0,"end":6,"url":null,"entity_id":"Q23540774","candidates":[]}],[],[{"start":0,"end":17,"url":null,"entity_id":"Q1406","candidates":[]}]],[[{"start":0,"end":7,"url":null,"entity_id":"Q21463395","candidates":[]}],[],[{"start":0,"end":17,"url":null,"entity_id":"Q1406","candidates":[]}]],[[{"start":0,"end":26,"url":null,"entity_id":"Q21402045","candidates":[]}],[],[{"start":0,"end":17,"url":null,"entity_id":"Q1406","candidates":[]}]],[[{"start":0,"end":12,"url":null,"entity_id":"Q47473878","candidates":[]}],[],[{"start":0,"end":7,"url":null,"entity_id":"Q94","candidates":[]}]],[[{"start":0,"end":14,"url":null,"entity_id":"Q23012901","candidates":[]}],[],[{"start":0,"end":7,"url":null,"entity_id":"Q94","candidates":[]}]],[[{"start":0,"end":20,"url":null,"entity_id":"Q1154223","candidates":[]}],[],[{"start":0,"end":3,"url":null,"entity_id":"Q853547","candidates":[]}]],[[{"start":0,"end":13,"url":null,"entity_id":"Q1204015","candidates":[]}],[],[{"start":0,"end":20,"url":null,"entity_id":"Q170325","candidates":[]}]],[[{"start":0,"end":7,"url":null,"entity_id":"Q1055370","candidates":[]}],[],[{"start":0,"end":11,"url":null,"entity_id":"Q170323","candidates":[]}]],[[{"start":0,"end":8,"url":null,"entity_id":"Q1323695","candidates":[]}],[],[{"start":0,"end":13,"url":null,"entity_id":"Q10680","candidates":[]}]],[[{"start":0,"end":17,"url":null,"entity_id":"Q1191926","candidates":[]}],[],[{"start":0,"end":13,"url":null,"entity_id":"Q10680","candidates":[]}]],[[{"start":0,"end":21,"url":null,"entity_id":"Q1156204","candidates":[]}],[],[{"start":0,"end":13,"url":null,"entity_id":"Q10680","candidates":[]}]],[[{"start":0,"end":17,"url":null,"entity_id":"Q1139741","candidates":[]}],[],[{"start":0,"end":13,"url":null,"entity_id":"Q10680","candidates":[]}]],[[{"start":0,"end":13,"url":null,"entity_id":"Q1134973","candidates":[]}],[],[{"start":0,"end":13,"url":null,"entity_id":"Q10680","candidates":[]}]],[[{"start":0,"end":11,"url":null,"entity_id":"Q1074073","candidates":[]}],[],[{"start":0,"end":13,"url":null,"entity_id":"Q10680","candidates":[]}]],[[{"start":0,"end":5,"url":null,"entity_id":"Q1051912","candidates":[]}],[],[{"start":0,"end":13,"url":null,"entity_id":"Q10680","candidates":[]}]],[[{"start":0,"end":12,"url":null,"entity_id":"Q1050266","candidates":[]}],[],[{"start":0,"end":13,"url":null,"entity_id":"Q10680","candidates":[]}]],[[{"start":0,"end":16,"url":null,"entity_id":"Q871683","candidates":[]}],[],[{"start":0,"end":13,"url":null,"entity_id":"Q10680","candidates":[]}]],[[{"start":0,"end":14,"url":null,"entity_id":"Q1314543","candidates":[]}],[],[{"start":0,"end":17,"url":null,"entity_id":"Q1406","candidates":[]}]],[[{"start":0,"end":8,"url":null,"entity_id":"Q1314509","candidates":[]}],[],[{"start":0,"end":17,"url":null,"entity_id":"Q1406","candidates":[]}]],[[{"start":0,"end":31,"url":null,"entity_id":"Q1234084","candidates":[]}],[],[{"start":0,"end":17,"url":null,"entity_id":"Q1406","candidates":[]}]],[[{"start":0,"end":22,"url":null,"entity_id":"Q1205695","candidates":[]}],[],[{"start":0,"end":17,"url":null,"entity_id":"Q1406","candidates":[]}]],[[{"start":0,"end":9,"url":null,"entity_id":"Q1193720","candidates":[]}],[],[{"start":0,"end":17,"url":null,"entity_id":"Q1406","candidates":[]}]],[[{"start":0,"end":11,"url":null,"entity_id":"Q1184973","candidates":[]}],[],[{"start":0,"end":17,"url":null,"entity_id":"Q1406","candidates":[]}]],[[{"start":0,"end":8,"url":null,"entity_id":"Q1065670","candidates":[]}],[],[{"start":0,"end":17,"url":null,"entity_id":"Q1406","candidates":[]}]],[[{"start":0,"end":10,"url":null,"entity_id":"Q1055893","candidates":[]}],[],[{"start":0,"end":17,"url":null,"entity_id":"Q1406","candidates":[]}]],[[{"start":0,"end":16,"url":null,"entity_id":"Q4975665","candidates":[]}],[],[{"start":0,"end":19,"url":null,"entity_id":"Q719629","candidates":[]}]],[[{"start":0,"end":7,"url":null,"entity_id":"Q3642202","candidates":[]}],[],[{"start":0,"end":27,"url":null,"entity_id":"Q229429","candidates":[]}]],[[{"start":0,"end":28,"url":null,"entity_id":"Q11436681","candidates":[]}],[],[{"start":0,"end":16,"url":null,"entity_id":"Q188808","candidates":[]}]],[[{"start":0,"end":11,"url":null,"entity_id":"Q4039564","candidates":[]}],[],[{"start":0,"end":16,"url":null,"entity_id":"Q188808","candidates":[]}]],[[{"start":0,"end":12,"url":null,"entity_id":"Q5239103","candidates":[]}],[],[{"start":0,"end":20,"url":null,"entity_id":"Q170325","candidates":[]}]],[[{"start":0,"end":27,"url":null,"entity_id":"Q11054409","candidates":[]}],[],[{"start":0,"end":17,"url":null,"entity_id":"Q1406","candidates":[]}]],[[{"start":0,"end":39,"url":null,"entity_id":"Q5934433","candidates":[]}],[],[{"start":0,"end":17,"url":null,"entity_id":"Q1406","candidates":[]}]],[[{"start":0,"end":22,"url":null,"entity_id":"Q27536990","candidates":[]}],[],[{"start":0,"end":19,"url":null,"entity_id":"Q719629","candidates":[]}]]]}