{"version":"1.2","table":{"version":"2","table_id":"7UJJP6U9","columns":[{"index":0,"name":"col0","values":["Grand Prix du Midi Libre 2001","Grand Prix du Midi Libre 2000","Grand Prix du Midi Libre 1999","Grand Prix du Midi Libre 1998","Grand Prix du Midi Libre 1997","Grand Prix du Midi Libre 1996","Grand Prix du Midi Libre 1995","Grand Prix du Midi Libre 1994","Grand Prix du Midi Libre 1993","Grand Prix du Midi Libre 1992","Grand Prix du Midi Libre 1991","Grand Prix du Midi Libre 1990","Grand Prix du Midi Libre 1989","Grand Prix du Midi Libre 1965","Grand Prix du Midi Libre 1964","Grand Prix du Midi Libre 1963","Grand Prix du Midi Libre 1962","Grand Prix du Midi Libre 1960","Grand Prix du Midi Libre 1959","Grand Prix du Midi Libre 1958"]},{"index":1,"name":"col1","values":["Grand Prix du Midi Libre 2002","Grand Prix du Midi Libre 2001","Grand Prix du Midi Libre 2000","Grand Prix du Midi Libre 1999","Grand Prix du Midi Libre 1998","Grand Prix du Midi Libre 1997","Grand Prix du Midi Libre 1996","Grand Prix du Midi Libre 1995","Grand Prix du Midi Libre 1994","Grand Prix du Midi Libre 1993","Grand Prix du Midi Libre 1992","Grand Prix du Midi Libre 1991","Grand Prix du Midi Libre 1990","Grand Prix du Midi Libre 1966","Grand Prix du Midi Libre 1965","Grand Prix du Midi Libre 1964","Grand Prix du Midi Libre 1963","Grand Prix du Midi Libre 1961","Grand Prix du Midi Libre 1960","Grand Prix du Midi Libre 1959"]},{"index":2,"name":"col2","values":["Grand Prix du Midi Libre 2000","Grand Prix du Midi Libre 1999","Grand Prix du Midi Libre 1998","Grand Prix du Midi Libre 1997","Grand Prix du Midi Libre 1996","Grand Prix du Midi Libre 1995","Grand Prix du Midi Libre 1994","Grand Prix du Midi Libre 1993","Grand Prix du Midi Libre 1992","Grand Prix du Midi Libre 1991","Grand Prix du Midi Libre 1990","Grand Prix du Midi Libre 1989","Grand Prix du Midi Libre 1988","Grand Prix du Midi Libre 1964","Grand Prix du Midi Libre 1963","Grand Prix du Midi Libre 1962","Grand Prix du Midi Libre 1961","Grand Prix du Midi Libre 1959","Grand Prix du Midi Libre 1958","Grand Prix du Midi Libre 1957"]},{"index":3,"name":"col3","values":["2001-01-01","2000-01-01","1999-01-01","1998-01-01","1997-01-01","1996-01-01","1995-01-01","1994-01-01","1993-01-01","1992-01-01","1991-01-01","1990-01-01","1989-01-01","1965-01-01","1964-01-01","1963-01-01","1962-01-01","1960-01-01","1959-01-01","1958-01-01"]}]},"context":{"page_title":null,"page_url":null,"page_entity_id":null,"content_hierarchy":[]},"links":[[[{"start":0,"end":29,"url":null,"entity_id":"Q72488973","candidates":[]}],[{"start":0,"end":29,"url":null,"entity_id":"Q72488978","candidates":[]}],[{"start":0,"end":29,"url":null,"entity_id":"Q72488969","candidates":[]}],[]],[[{"start":0,"end":29,"url":null,"entity_id":"Q72488969","candidates":[]}],[{"start":0,"end":29,"url":null,"entity_id":"Q72488973","candidates":[]}],[{"start":0,"end":29,"url":null,"entity_id":"Q72488965","candidates":[]}],[]],[[{"start":0,"end":29,"url":null,"entity_id":"Q72488965","candidates":[]}],[{"start":0,"end":29,"url":null,"entity_id":"Q72488969","candidates":[]}],[{"start":0,"end":29,"url":null,"entity_id":"Q72488960","candidates":[]}],[]],[[{"start":0,"end":29,"url":null,"entity_id":"Q72488960","candidates":[]}],[{"start":0,"end":29,"url":null,"entity_id":"Q72488965","candidates":[]}],[{"start":0,"end":29,"url":null,"entity_id":"Q72488958","candidates":[]}],[]],[[{"start":0,"end":29,"url":null,"entity_id":"Q72488958","candidates":[]}],[{"start":0,"end":29,"url":null,"entity_id":"Q72488960","candidates":[]}],[{"start":0,"end":29,"url":null,"entity_id":"Q72488954","candidates":[]}],[]],[[{"start":0,"end":29,"url":null,"entity_id":"Q72488954","candidates":[]}],[{"start":0,"end":29,"url":null,"entity_id":"Q72488958","candidates":[]}],[{"start":0,"end":29,"url":null,"entity_id":"Q72488949","candidates":[]}],[]],[[{"start":0,"end":29,"url":null,"entity_id":"Q72488949","candidates":[]}],[{"start":0,"end":29,"url":null,"entity_id":"Q72488954","candidates":[]}],[{"start":0,"end":29,"url":null,"entity_id":"Q72488942","candidates":[]}],[]],[[{"start":0,"end":29,"url":null,"entity_id":"Q72488942","candidates":[]}],[{"start":0,"end":29,"url":null,"entity_id":"Q72488949","candidates":[]}],[{"start":0,"end":29,"url":null,"entity_id":"Q72488939","candidates":[]}],[]],[[{"start":0,"end":29,"url":null,"entity_id":"Q72488939","candidates":[]}],[{"start":0,"end":29,"url":null,"entity_id":"Q72488942","candidates":[]}],[{"start":0,"end":29,"url":null,"entity_id":"Q72488936","candidates":[]}],[]],[[{"start":0,"end":29,"url":null,"entity_id":"Q72488936","candidates":[]}],[{"start":0,"end":29,"url":null,"entity_id":"Q72488939","candidates":[]}],[{"start":0,"end":29,"url":null,"entity_id":"Q72488933","candidates":[]}],[]],[[{"start":0,"end":29,"url":null,"entity_id":"Q72488933","candidates":[]}],[{"start":0,"end":29,"url":null,"entity_id":"Q72488936","candidates":[]}],[{"start":0,"end":29,"url":null,"entity_id":"Q72488929","candidates":[]}],[]],[[{"start":0,"end":29,"url":null,"entity_id":"Q72488929","candidates":[]}],[{"start":0,"end":29,"url":null,"entity_id":"Q72488933","candidates":[]}],[{"start":0,"end":29,"url":null,"entity_id":"Q72488926","candidates":[]}],[]],[[{"start":0,"end":29,"url":null,"entity_id":"Q72488775","candidates":[]}],[{"start":0,"end":29,"url":null,"entity_id":"Q72488783","candidates":[]}],[{"start":0,"end":29,"url":null,"entity_id":"Q72488767","candidates":[]}],[]],[[{"start":0,"end":29,"url":null,"entity_id":"Q72488767","candidates":[]}],[{"start":0,"end":29,"url":null,"entity_id":"Q72488775","candidates":[]}],[{"start":0,"end":29,"url":null,"entity_id":"Q72488761","candidates":[]}],[]],[[{"start":0,"end":29,"url":null,"entity_id":"Q72488761","candidates":[]}],[{"start":0,"end":29,"url":null,"entity_id":"Q72488767","candidates":[]}],[{"start":0,"end":29,"url":null,"entity_id":"Q72488751","candidates":[]}],[]],[[{"start":0,"end":29,"url":null,"entity_id":"Q72488751","candidates":[]}],[{"start":0,"end":29,"url":null,"entity_id":"Q72488761","candidates":[]}],[{"start":0,"end":29,"url":null,"entity_id":"Q72488741","candidates":[]}],[]],[[{"start":0,"end":29,"url":null,"entity_id":"Q72488736","candidates":[]}],[{"start":0,"end":29,"url":null,"entity_id":"Q72488741","candidates":[]}],[{"start":0,"end":29,"url":null,"entity_id":"Q72488730","candidates":[]}],[]],[[{"start":0,"end":29,"url":null,"entity_id":"Q72488730","candidates":[]}],[{"start":0,"end":29,"url":null,"entity_id":"Q72488736","candidates":[]}],[{"start":0,"end":29,"url":null,"entity_id":"Q72488724","candidates":[]}],[]],[[{"start":0,"end":29,"url":null,"entity_id":"Q72488724","candidates":[]}],[{"start":0,"end":29,"url":null,"entity_id":"Q72488730","candidates":[]}],[{"start":0,"end":29,"url":null,"entity_id":"Q72488717","candidates":[]}],[]],[[{"start":0,"end":29,"url":null,"entity_id":"Q72488978","candidates":[]}],[{"start":0,"end":29,"url":null,"entity_id":"Q72488982","candidates":[]}],[{"start":0,"end":29,"url":null,"entity_id":"Q72488973","candidates":[]}],[]]]}