{"version":"1.2","table":{"version":"2","table_id":"7V6CP5AL","columns":[{"index":0,"name":"col0","values":["Calloway County","Franklin County","Hart County","Casey County","Carroll County","Henderson County","Hardin County","Ballard County","Breckinridge County","Clinton County","Breathitt County","Carlisle County","Fulton County","Logan County","Lee County","Powell County","Mason County","Jessamine County","Boyle County","Bourbon County"]},{"index":1,"name":"col1","values":["37657","49648","18573","16067","10953","46347","108191","8332","20040","10146","13545","5001","6385","26876","7260","12494","17278","50173","29013","19998"]},{"index":2,"name":"col2","values":["1064","549","1082","1154","356","1210","1631","709","1517","532","1283","515","597","1443","547","467","639","452","474","755"]},{"index":3,"name":"col3","values":["6.3","2","1.4","0.3","6.4","6.4","1.1","9.9","3.2","4","0.6","4.8","11","0.9","1.1","0.6","2.6","1.4","1.4","0.6"]}]},"context":{"page_title":null,"page_url":null,"page_entity_id":null,"content_hierarchy":[]},"links":[[[{"start":0,"end":15,"url":null,"entity_id":"Q491919","candidates":[]}],[],[],[]],[[{"start":0,"end":11,"url":null,"entity_id":"Q491911","candidates":[]}],[],[],[]],[[{"start":0,"end":12,"url":null,"entity_id":"Q491903","candidates":[]}],[],[],[]],[[{"start":0,"end":14,"url":null,"entity_id":"Q491899","candidates":[]}],[],[],[]],[[{"start":0,"end":16,"url":null,"entity_id":"Q491894","candidates":[]}],[],[],[]],[[{"start":0,"end":13,"url":null,"entity_id":"Q491878","candidates":[]}],[],[],[]],[[{"start":0,"end":14,"url":null,"entity_id":"Q491872","candidates":[]}],[],[],[]],[[{"start":0,"end":19,"url":null,"entity_id":"Q491862","candidates":[]}],[],[],[]],[[{"start":0,"end":14,"url":null,"entity_id":"Q491850","candidates":[]}],[],[],[]],[[{"start":0,"end":16,"url":null,"entity_id":"Q491843","candidates":[]}],[],[],[]],[[{"start":0,"end":15,"url":null,"entity_id":"Q491837","candidates":[]}],[],[],[]],[[{"start":0,"end":13,"url":null,"entity_id":"Q491831","candidates":[]}],[],[],[]],[[{"start":0,"end":12,"url":null,"entity_id":"Q491479","candidates":[]}],[],[],[]],[[{"start":0,"end":10,"url":null,"entity_id":"Q491136","candidates":[]}],[],[],[]],[[{"start":0,"end":13,"url":null,"entity_id":"Q491116","candidates":[]}],[],[],[]],[[{"start":0,"end":12,"url":null,"entity_id":"Q491112","candidates":[]}],[],[],[]],[[{"start":0,"end":16,"url":null,"entity_id":"Q491108","candidates":[]}],[],[],[]],[[{"start":0,"end":12,"url":null,"entity_id":"Q486920","candidates":[]}],[],[],[]],[[{"start":0,"end":14,"url":null,"entity_id":"Q486105","candidates":[]}],[],[],[]],[[{"start":0,"end":15,"url":null,"entity_id":"Q491927","candidates":[]}],[],[],[]]]}