[{"version":1,"nodes":[{"col_index":0,"label":"col0","id":0},{"col_index":1,"label":"col1","id":1},{"col_index":2,"label":"col2","id":2},{"abs_uri":"http://www.wikidata.org/entity/Q3863","rel_uri":"wd:Q3863","approximation":false,"readable_label":"asteroid (Q3863)","id":3}],"edges":[{"source":3,"target":0,"abs_uri":"http://www.w3.org/2000/01/rdf-schema#label","rel_uri":"rdfs:label","approximation":false,"readable_label":"rdfs:label","id":0},{"source":3,"target":1,"abs_uri":"http://www.wikidata.org/prop/P2243","rel_uri":"p:P2243","approximation":false,"readable_label":"apoapsis (P2243)","id":1},{"source":3,"target":2,"abs_uri":"http://www.wikidata.org/prop/P2146","rel_uri":"p:P2146","approximation":false,"readable_label":"orbital period (P2146)","id":2}]}]