MMAA,"methylmalonic aciduria type A protein, mitochondrial",nucleotide binding,short-chain fatty acid catabolic process,mitochondrial matrix,Homo sapiens,"SIMIBI class G3E GTPase, ArgK/MeaB"
MMAA,"methylmalonic aciduria type A protein, mitochondrial",GTP binding,short-chain fatty acid catabolic process,mitochondrial matrix,Homo sapiens,"SIMIBI class G3E GTPase, ArgK/MeaB"
MMAA,"methylmalonic aciduria type A protein, mitochondrial",nucleotide binding,short-chain fatty acid catabolic process,membranous cytoplasmic organelle,Homo sapiens,"SIMIBI class G3E GTPase, ArgK/MeaB"
MMAA,"methylmalonic aciduria type A protein, mitochondrial",protein homodimerization activity,short-chain fatty acid catabolic process,mitochondrion,Homo sapiens,"SIMIBI class G3E GTPase, ArgK/MeaB"
nuclease-like protein,Nuclease-like protein LA_3720,,,,Leptospira interrogans serovar Lai str. 56601,"Staphylococcal nuclease (SNase-like), OB-fold, protein family"
nuclease-like protein,Nuclease-like protein LA_3720,,,,Leptospira interrogans serovar Lai str. 56601,"SNase-like, OB-fold superfamily"
Zbtb48,Zinc finger and BTB domain containing 48,protein binding,telomere maintenance via telomere lengthening,nucleoplasm,house mouse,SKP1/BTB/POZ domain superfamily
monooxygenase PA4190,pqsL,monooxygenase activity,,,Pseudomonas aeruginosa PAO1,FAD-binding domain
monooxygenase PA4190,pqsL,nucleotide binding,,,Pseudomonas aeruginosa PAO1,FAD-binding domain
PLP-dependent aminotransferase,LBA0743,transferase activity,biosynthetic process,,Lactobacillus acidophilus NCFM,"Aminotransferase, class I/classII"
PLP-dependent aminotransferase,LBA0743,catalytic activity,biosynthetic process,,Lactobacillus acidophilus NCFM,"Aminotransferase, class I/classII"
Rv1367c,Hypothetical protein Rv1367c,,,plasma membrane,Mycobacterium tuberculosis H37Rv,"Beta-lactamase-related, protein family"
Rv1367c,Hypothetical protein Rv1367c,,,plasma membrane,Mycobacterium tuberculosis H37Rv,Beta-lactamase/transpeptidase-like
Rv1367c,Hypothetical protein Rv1367c,,,plasma membrane,Mycobacterium tuberculosis H37Rv,"Beta-lactamase-related, protein family"
GASP1,G protein-coupled receptor associated sorting protein 1,,endosome to lysosome transport,nucleus,house mouse,Armadillo-type fold
hypothetical protein,ECIAI39_1068,,,,Escherichia coli IAI39,Big-1 (bacterial Ig-like domain 1) domain
thiamine biosynthesis protein ThiI LBA0790,LBA0790,"transferase activity, transferring sulfur-containing groups",thiamine biosynthetic process,cytoplasm,Lactobacillus acidophilus NCFM,"Thil, AANH domain"
thiamine biosynthesis protein ThiI LBA0790,LBA0790,tRNA binding,thiamine biosynthetic process,cytoplasm,Lactobacillus acidophilus NCFM,"Thil, AANH domain"
thiamine biosynthesis protein ThiI LBA0790,LBA0790,nucleotide binding,thiamine-containing compound biosynthetic process,cytoplasm,Lactobacillus acidophilus NCFM,"Thil, AANH domain"
EH2,epoxide hydrolase 2,aminopeptidase activity,"cytoadherence to microvasculature, mediated by symbiont protein",host cell cytoplasm,Plasmodium falciparum 3D7,Alpha/Beta hydrolase fold
EH2,epoxide hydrolase 2,epoxide hydrolase activity,"cytoadherence to microvasculature, mediated by symbiont protein",host cell cytoplasm,Plasmodium falciparum 3D7,Alpha/Beta hydrolase fold
EH2,epoxide hydrolase 2,spectrin binding,"cytoadherence to microvasculature, mediated by symbiont protein",host cell periphery,Plasmodium falciparum 3D7,Alpha/Beta hydrolase fold
TRIM49D1,"tripartite motif containing 49D1, pseudogene",metal ion binding,,intracellular anatomical structure,Homo sapiens,B30.2/SPRY domain
TRIM49D1,"tripartite motif containing 49D1, pseudogene",metal ion binding,,intracellular anatomical structure,Homo sapiens,B-box-type zinc finger
preprotein translocase subunit SecF TDE0680,TDE0680,P-P-bond-hydrolysis-driven protein transmembrane transporter activity,intracellular protein transmembrane transport,plasma membrane,Treponema denticola ATCC 35405,"Protein-export membrane protein SecF, bacterial"
preprotein translocase subunit SecF TDE0680,TDE0680,P-P-bond-hydrolysis-driven protein transmembrane transporter activity,protein transport by the Sec complex,plasma membrane,Treponema denticola ATCC 35405,"Protein-export membrane protein SecF, bacterial"
preprotein translocase subunit SecF TDE0680,TDE0680,P-P-bond-hydrolysis-driven protein transmembrane transporter activity,intracellular protein transmembrane transport,intracellular anatomical structure,Treponema denticola ATCC 35405,"Protein-export membrane protein SecF, bacterial"
argininosuccinate synthase,ARGG,,arginine biosynthetic process,cytoplasm,Yersinia pestis CO92,
argininosuccinate synthase,ARGG,,arginine biosynthetic process,cytoplasm,Yersinia pestis CO92,
argininosuccinate synthase,ARGG,,arginine biosynthetic process,cytoplasm,Yersinia pestis CO92,
molybdate ABC transporter ATP-binding protein,Molybdate ABC transporter ATP-binding protein ECL_02972,ATP binding,molybdate ion transport,membrane,Enterobacter cloacae subsp. cloacae ATCC 13047,P-loop containing nucleoside triphosphate hydrolase
molybdate ABC transporter ATP-binding protein,Molybdate ABC transporter ATP-binding protein ECL_02972,ATPase activity,molybdate ion transport,plasma membrane,Enterobacter cloacae subsp. cloacae ATCC 13047,P-loop containing nucleoside triphosphate hydrolase
molybdate ABC transporter ATP-binding protein,Molybdate ABC transporter ATP-binding protein ECL_02972,ATP binding,molybdate ion transport,plasma membrane,Enterobacter cloacae subsp. cloacae ATCC 13047,P-loop containing nucleoside triphosphate hydrolase
NGO1960a,NGO1960a,,,,Neisseria gonorrhoeae FA 1090,Protein of unknown function DUF4177
nucleoside transporter,EAE_00295,nucleoside transmembrane transporter activity,nucleoside transmembrane transport,integral component of membrane,Enterobacter aerogenes KCTC 2190,"Concentrative nucleoside transporter C-terminal domain, protein family"
nucleoside transporter,EAE_00295,nucleoside transmembrane transporter activity,nucleoside transmembrane transport,integral component of membrane,Enterobacter aerogenes KCTC 2190,"Concentrative nucleoside transporter N-terminal domain, protein family"
hypothetical protein ECIAI39_1140,ECIAI39_1140,,,,Escherichia coli IAI39,
IRX5,Iroquois homeobox 5,DNA binding,anatomical structure maturation,nucleus,Homo sapiens,"Homeobox, conserved site"
IRX5,Iroquois homeobox 5,vitamin D binding,neuron maturation,nucleus,Homo sapiens,"Homeobox, conserved site"
CDX4,caudal type homeobox transcription factor 4,"DNA-binding transcription factor activity, RNA polymerase II-specific",labyrinthine layer development,nucleus,Homo sapiens,basic helix-loop-helix transcription factor
CDX4,caudal type homeobox transcription factor 4,sequence-specific DNA binding,anterior/posterior axis specification,nucleus,Homo sapiens,basic helix-loop-helix transcription factor
minor curlin subunit ECL_02599,ECL_02599,,cell adhesion,pilus,Enterobacter cloacae subsp. cloacae ATCC 13047,Curlin associated
EAE_21405,EAE_21405,double-stranded RNA binding,,,Enterobacter aerogenes KCTC 2190,YrdC-like domain
polyamine ABC transporter permease PotB PA3608,Polyamine ABC transporter permease PotB PA3608,,transmembrane transport,plasma membrane,Pseudomonas aeruginosa PAO1,"ABC transporter type 1, transmembrane domain MetI-like"
polyamine ABC transporter permease PotB PA3608,Polyamine ABC transporter permease PotB PA3608,,transmembrane transport,plasma membrane,Pseudomonas aeruginosa PAO1,"ABC transporter type 1, transmembrane domain MetI-like"
polyamine ABC transporter permease PotB PA3608,Polyamine ABC transporter permease PotB PA3608,,transmembrane transport,integral component of membrane,Pseudomonas aeruginosa PAO1,"ABC transporter type 1, transmembrane domain MetI-like"
polyamine ABC transporter permease PotB PA3608,Polyamine ABC transporter permease PotB PA3608,,transmembrane transport,plasma membrane,Pseudomonas aeruginosa PAO1,"ABC transporter type 1, transmembrane domain MetI-like"
polyamine ABC transporter permease PotB PA3608,Polyamine ABC transporter permease PotB PA3608,,transmembrane transport,membrane,Pseudomonas aeruginosa PAO1,"ABC transporter type 1, transmembrane domain MetI-like"
ZSCAN22,ZSCAN22,molecular function,biological process,organelle,Homo sapiens,Zinc finger C2H2 superfamily
ZSCAN22,ZSCAN22,protein binding,biological process,nucleus,Homo sapiens,Zinc finger C2H2 superfamily
C9orf66,Chromosome 9 open reading frame 66,,,,Homo sapiens,
TTHA0550,TTHA0550,catalytic activity,metabolism,,Thermus thermophilus HB8,Enoyl-CoA hydratase/isomerase
TTHA0550,TTHA0550,isomerase activity,metabolism,,Thermus thermophilus HB8,"Enoyl-CoA hydratase/isomerase, conserved site, protein family"
TTHA0550,TTHA0550,catalytic activity,metabolism,,Thermus thermophilus HB8,"Enoyl-CoA hydratase, C-terminal"
TTHA0550,TTHA0550,catalytic activity,metabolism,,Thermus thermophilus HB8,ClpP/crotonase-like domain superfamily
PA5115,PA5115,methyltransferase activity,methylation,cellular anatomical entity,Pseudomonas aeruginosa PAO1,S-adenosyl-L-methionine-dependent methyltransferase
PA4722,hypothetical protein,catalytic activity,biosynthetic process,,Pseudomonas aeruginosa PAO1,"Pyridoxal phosphate-dependent transferase, major domain"
PA4722,hypothetical protein,catalytic activity,biosynthetic process,,Pseudomonas aeruginosa PAO1,"Aminotransferase, class I/classII, protein family"
PA4722,hypothetical protein,pyridoxal phosphate binding,biosynthetic process,,Pseudomonas aeruginosa PAO1,"Aminotransferases, class-I, pyridoxal-phosphate-binding site, protein family"
PA4722,hypothetical protein,catalytic activity,biosynthetic process,,Pseudomonas aeruginosa PAO1,Pyridoxal phosphate-dependent transferase
PA4722,hypothetical protein,pyridoxal phosphate binding,biosynthetic process,,Pseudomonas aeruginosa PAO1,"Pyridoxal phosphate-dependent transferase, major domain"
zinc finger SWIM-type containing 5,Zinc finger SWIM-type containing 5,metal ion binding,regulation of axon guidance,cellular anatomical entity,Homo sapiens,"Zinc finger, SWIM-type, protein family"
morB,PA2932,catalytic activity,,cytosol,Pseudomonas aeruginosa PAO1,"NADH:flavin oxidoreductase/NADH oxidase, N-terminal domain, protein family"
morB,PA2932,catalytic activity,,cytosol,Pseudomonas aeruginosa PAO1,TIM barrel
morB,PA2932,oxidoreductase activity,,cytosol,Pseudomonas aeruginosa PAO1,TIM barrel
morB,PA2932,FMN binding,,cytosol,Pseudomonas aeruginosa PAO1,"NADH:flavin oxidoreductase/NADH oxidase, N-terminal domain, protein family"
hypothetical protein LA_4191,LA_4191,,,,Leptospira interrogans serovar Lai str. 56601,
HBZ1,Hemoglobin subunit zeta,small molecule binding,cellular detoxification,protein-containing complex,Homo sapiens,Globin domain
ECL_01470,Putative solute/DNA competence effector ECL_01470,RNA strand annealing activity,regulation of gene expression,cytoplasm,Enterobacter cloacae subsp. cloacae ATCC 13047,RNA chaperone ProQ
ECL_01470,Putative solute/DNA competence effector ECL_01470,RNA strand-exchange activity,posttranscriptional regulation of gene expression,cellular anatomical entity,Enterobacter cloacae subsp. cloacae ATCC 13047,RNA chaperone ProQ
ECL_01470,Putative solute/DNA competence effector ECL_01470,RNA strand annealing activity,posttranscriptional regulation of gene expression,cytoplasm,Enterobacter cloacae subsp. cloacae ATCC 13047,RNA chaperone ProQ
Tmem181,Transmembrane protein 181A,toxic substance binding,pathogenesis,membrane,house mouse,
sperm associated antigen 8,Spag8,microtubule binding,positive regulation of binding,cytoplasmic vesicle,house mouse,Sperm-associated antigen 8
sperm associated antigen 8,Spag8,protein binding,single fertilization,cytoplasmic vesicle,house mouse,Sperm-associated antigen 8
PFI1505c,PFI1505c,GTP binding,,nucleus,Plasmodium falciparum 3D7,"Transcription factor, GTP-binding domain"
PFI1505c,PFI1505c,GTP binding,,nucleus,Plasmodium falciparum 3D7,"Transcription factor, GTP-binding domain"
PFI1505c,PFI1505c,GTP binding,,nucleus,Plasmodium falciparum 3D7,"Transcription factor, GTP-binding domain"
PFI1505c,PFI1505c,GTP binding,,nucleus,Plasmodium falciparum 3D7,"Transcription factor, GTP-binding domain"
PFI1505c,PFI1505c,GTPase activity,,nucleus,Plasmodium falciparum 3D7,"Transcription factor, GTP-binding domain"
hypothetical protein RSP_1633,Hypothetical protein RSP_1633,,,,Rhodobacter sphaeroides 2.4.1,
Protein containing a CBS domain,Protein containing a CBS domain RSP_2961,,,,Rhodobacter sphaeroides 2.4.1,"CBS domain, protein family"
TAFII-80,TATA-box binding protein associated factor 6,protein binding,snRNA transcription by RNA polymerase II,SLIK (SAGA-like) complex,Homo sapiens,Histone-fold
TAFII-80,TATA-box binding protein associated factor 6,protein heterodimerization activity,snRNA transcription,SAGA complex,Homo sapiens,Histone-fold
TAFII-80,TATA-box binding protein associated factor 6,aryl hydrocarbon receptor binding,snRNA transcription by RNA polymerase II,peptidase complex,Homo sapiens,Histone-fold
TAFII-80,TATA-box binding protein associated factor 6,DNA-binding transcription factor activity,snRNA transcription by RNA polymerase II,SLIK (SAGA-like) complex,Homo sapiens,Histone-fold
Efhb,"EF hand domain family, member B",calcium ion sensor activity,regulation of calcineurin-NFAT signaling cascade,cellular component,house mouse,
TonB-dependent receptor NGO0021,NGO0021,signaling receptor activity,signal transduction,cell outer membrane,Neisseria gonorrhoeae FA 1090,"TonB-dependent receptor-like, beta-barrel, protein family"
Na(+)-translocating NADH-quinone reductase subunit D NMB0566,nqrD,"oxidoreductase activity, acting on NAD(P)H, quinone or similar compound as acceptor",sodium ion transport,plasma membrane,Neisseria meningitidis MC58,
Na(+)-translocating NADH-quinone reductase subunit D NMB0566,nqrD,"oxidoreductase activity, acting on NAD(P)H, quinone or similar compound as acceptor",sodium ion transport,plasma membrane,Neisseria meningitidis MC58,
Na(+)-translocating NADH-quinone reductase subunit D NMB0566,nqrD,"oxidoreductase activity, acting on NAD(P)H, quinone or similar compound as acceptor",ion transport,plasma membrane,Neisseria meningitidis MC58,
Na(+)-translocating NADH-quinone reductase subunit D NMB0566,nqrD,oxidoreductase activity,sodium ion transport,integral component of membrane,Neisseria meningitidis MC58,
Na(+)-translocating NADH-quinone reductase subunit D NMB0566,nqrD,oxidoreductase activity,sodium ion transport,membrane,Neisseria meningitidis MC58,
PE-PGRS family protein PE_PGRS10 Rv0747,PE-PGRS family protein PE_PGRS10 Rv0747,,,,Mycobacterium tuberculosis H37Rv,"PE-PGRS family, N-terminal domain, protein family"
AW111792,Flavin containing monooxygenase 3,trimethylamine monooxygenase activity,drug metabolic process,membrane,house mouse,
hypothetical protein LA_2301,LA_2301,,,,Leptospira interrogans serovar Lai str. 56601,
CP4-44 prophage; cytoskeleton bundling-enhancing factor A; CbtA antitoxin,CP4-44 prophage,,,,Escherichia coli str. K-12 substr. MG1655,Antitoxin CbeA
CP4-44 prophage; cytoskeleton bundling-enhancing factor A; CbtA antitoxin,CP4-44 prophage,,,,Escherichia coli str. K-12 substr. MG1655,Antitoxin CbeA superfamily
hypothetical protein,BB_0592,peptidase activity,proteolysis,integral component of membrane,Borrelia burgdorferi B31,
hypothetical protein,BB_0592,peptidase activity,proteolysis,membrane,Borrelia burgdorferi B31,
hypothetical protein,BB_0592,peptidase activity,proteolysis,membrane,Borrelia burgdorferi B31,
Olfr6,Olfactory receptor 6,signal transducer activity,detection of chemical stimulus involved in sensory perception of smell,membrane,house mouse,membrane proteins
Olfr6,Olfactory receptor 6,olfactory receptor activity,response to stimulus,membrane,house mouse,membrane proteins
Olfr6,Olfactory receptor 6,G protein-coupled receptor activity,sensory perception of smell,plasma membrane,house mouse,membrane proteins
Olfr6,Olfactory receptor 6,signal transducer activity,detection of chemical stimulus involved in sensory perception of smell,plasma membrane,house mouse,membrane proteins
Olfr6,Olfactory receptor 6,olfactory receptor activity,sensory perception of smell,membrane,house mouse,membrane proteins
2-aminoethylphosphonate ABC transporter permease PP_1724,PP_1724,,transmembrane transport,integral component of membrane,Pseudomonas putida KT2440,"ABC transporter type 1, transmembrane domain MetI-like"
2-aminoethylphosphonate ABC transporter permease PP_1724,PP_1724,,transmembrane transport,membrane,Pseudomonas putida KT2440,"ABC transporter type 1, transmembrane domain MetI-like"
2-aminoethylphosphonate ABC transporter permease PP_1724,PP_1724,,transmembrane transport,plasma membrane,Pseudomonas putida KT2440,"ABC transporter type 1, transmembrane domain MetI-like"
2-aminoethylphosphonate ABC transporter permease PP_1724,PP_1724,,transmembrane transport,plasma membrane,Pseudomonas putida KT2440,"ABC transporter type 1, transmembrane domain MetI-like"
Nkap,NF-kappa-B-activating protein,chromatin DNA binding,hematopoietic stem cell proliferation,nucleoplasm,house mouse,
hypothetical protein ECIAI39_0428,Hypothetical protein ECIAI39_0428,transferase activity,,,Escherichia coli IAI39,"L,D-transpeptidase catalytic domain, protein family"
hypothetical protein ECIAI39_0428,Hypothetical protein ECIAI39_0428,transferase activity,,,Escherichia coli IAI39,"L,D-transpeptidase catalytic domain-like"
NPC-A-10,RICH-2,phospholipid binding,regulation of endosome to plasma membrane protein transport,leading edge membrane,Homo sapiens,Rho GTPase-activating protein domain
NPC-A-10,RICH-2,GTPase activator activity,"regulation of neurotransmitter receptor transport, endosome to postsynaptic membrane",synapse,Homo sapiens,Rho GTPase-activating protein domain
NPC-A-10,RICH-2,phospholipid binding,"regulation of neurotransmitter receptor transport, endosome to postsynaptic membrane",glutamatergic synapse,Homo sapiens,Rho GTPase-activating protein domain
NPC-A-10,RICH-2,GTPase activator activity,"regulation of neurotransmitter receptor transport, endosome to postsynaptic membrane",glutamatergic synapse,Homo sapiens,Rho GTPase-activating protein domain
ybiW,Putative glycyl radical cofactor protein ECIAI39_0800,formate C-acetyltransferase activity,carbohydrate metabolic process,cytoplasm,Escherichia coli IAI39,"Formate acetyltransferase, subgroup"
ybiW,Putative glycyl radical cofactor protein ECIAI39_0800,catalytic activity,carbohydrate metabolic process,cytoplasm,Escherichia coli IAI39,"Glycyl radical enzyme, PFL2/glycerol dehydratase family"
ybiW,Putative glycyl radical cofactor protein ECIAI39_0800,formate C-acetyltransferase activity,primary metabolic process,cytoplasm,Escherichia coli IAI39,"Glycyl radical enzyme, PFL2/glycerol dehydratase family"
ybiW,Putative glycyl radical cofactor protein ECIAI39_0800,catalytic activity,carbohydrate metabolic process,cytoplasm,Escherichia coli IAI39,"Formate acetyltransferase, subgroup"
phosphoribulokinase,prkB,ATP binding,carbohydrate metabolic process,,Escherichia coli IAI39,P-loop containing nucleoside triphosphate hydrolase
phosphoribulokinase,prkB,phosphoribulokinase activity,phosphorylation,,Escherichia coli IAI39,P-loop containing nucleoside triphosphate hydrolase
olfactory receptor 643,olfactory receptor 643,olfactory receptor activity,response to stimulus,membrane,house mouse,olfactory receptor
olfactory receptor 643,olfactory receptor 643,G protein-coupled receptor activity,detection of chemical stimulus involved in sensory perception of smell,integral component of membrane,house mouse,olfactory receptor
PEG10,myelin expression factor 3-like protein 1,nucleic acid binding,negative regulation of transforming growth factor beta receptor signaling pathway,cytoplasm,Homo sapiens,Aspartic peptidase domain superfamily
dual oxidase maturation factor 2,Dual oxidase maturation factor 2,enzyme binding,positive regulation of hydrogen peroxide biosynthetic process,membrane,Homo sapiens,
hypoxanthine phosphoribosyltransferase EAE_11455,EAE_11455,nucleotide binding,IMP biosynthetic process,cytoplasm,Enterobacter aerogenes KCTC 2190,Phosphoribosyltransferase-like
hypoxanthine phosphoribosyltransferase EAE_11455,EAE_11455,hypoxanthine phosphoribosyltransferase activity,IMP salvage,cytoplasm,Enterobacter aerogenes KCTC 2190,Phosphoribosyltransferase-like
hypoxanthine phosphoribosyltransferase EAE_11455,EAE_11455,nucleotide binding,IMP salvage,cytoplasm,Enterobacter aerogenes KCTC 2190,Phosphoribosyltransferase-like
glycosyltransferase WbpL PA3145,glycosyltransferase WbpL,phospho-N-acetylmuramoyl-pentapeptide-transferase activity,cell wall macromolecule biosynthetic process,integral component of plasma membrane,Pseudomonas aeruginosa PAO1,membrane proteins
glycosyltransferase WbpL PA3145,glycosyltransferase WbpL,"transferase activity, transferring glycosyl groups",cell wall macromolecule biosynthetic process,integral component of plasma membrane,Pseudomonas aeruginosa PAO1,membrane proteins
glycosyltransferase WbpL PA3145,glycosyltransferase WbpL,phospho-N-acetylmuramoyl-pentapeptide-transferase activity,cellular component macromolecule biosynthetic process,integral component of plasma membrane,Pseudomonas aeruginosa PAO1,membrane proteins
transmembrane protein 252,transmembrane protein 252,,,membrane,Homo sapiens,Transmembrane protein 252
Filip1l,filamin A-interacting protein 1-like,molecular function,biological process,nucleus,house mouse,membrane proteins
Filip1l,filamin A-interacting protein 1-like,molecular function,biological process,cellular component,house mouse,membrane proteins
Filip1l,filamin A-interacting protein 1-like,molecular function,biological process,cytoplasm,house mouse,membrane proteins
Filip1l,filamin A-interacting protein 1-like,molecular function,biological phenomenon,cytoplasm,house mouse,membrane proteins
Slc6a14,"Solute carrier family 6 (neurotransmitter transporter), member 14",amine transmembrane transporter activity,amine transport,brush border membrane,house mouse,
Slc6a14,"Solute carrier family 6 (neurotransmitter transporter), member 14",symporter activity,amine transport,integral component of plasma membrane,house mouse,
coagulation factor X,Coagulation factor X,phospholipid binding,positive regulation of intracellular signal transduction,extracellular region,house mouse,EGF-like domain
coagulation factor X,Coagulation factor X,phospholipid binding,positive regulation of protein kinase B signaling,intracellular membrane-bounded organelle,house mouse,EGF-like domain
TAB1,TGF-beta activated kinase 1 (MAP3K7) binding protein 1,kinase regulator activity,aorta development,oligomer,Homo sapiens,PPM-type phosphatase domain superfamily
hypothetical protein EAE_18115,Hypothetical protein EAE_18115,,,,Enterobacter aerogenes KCTC 2190,Uncharacterised protein YdiH
N5-glutamine S-adenosyl-L-methionine-dependent methyltransferase,hemK,protein-glutamine N-methyltransferase activity,protein methylation,ribosome,Francisella tularensis subsp. tularensis SCHU S4,"DNA methylase, N-6 adenine-specific, conserved site"
N5-glutamine S-adenosyl-L-methionine-dependent methyltransferase,hemK,site-specific DNA-methyltransferase (adenine-specific) activity,protein methylation,intracellular anatomical structure,Francisella tularensis subsp. tularensis SCHU S4,"DNA methylase, N-6 adenine-specific, conserved site"
N5-glutamine S-adenosyl-L-methionine-dependent methyltransferase,hemK,protein methyltransferase activity,macromolecule methylation,ribosome,Francisella tularensis subsp. tularensis SCHU S4,"DNA methylase, N-6 adenine-specific, conserved site"
N5-glutamine S-adenosyl-L-methionine-dependent methyltransferase,hemK,nucleic acid binding,protein methylation,intracellular anatomical structure,Francisella tularensis subsp. tularensis SCHU S4,"DNA methylase, N-6 adenine-specific, conserved site"
N5-glutamine S-adenosyl-L-methionine-dependent methyltransferase,hemK,site-specific DNA-methyltransferase (adenine-specific) activity,protein methylation,ribosome,Francisella tularensis subsp. tularensis SCHU S4,"DNA methylase, N-6 adenine-specific, conserved site"
hypothetical protein,Hypothetical protein PA0645,,,,Pseudomonas aeruginosa PAO1,
PF3D7_1110400,PF11_0111,nucleic acid binding,,nucleus,Plasmodium falciparum 3D7,"RNA recognition motif domain, protein family"
ketoacid-binding protein ECIAI39_4718,yjgF,deaminase activity,,,Escherichia coli IAI39,"RidA, conserved site"
ABC transporter permease,FTT_0207c,ATPase-coupled transmembrane transporter activity,transmembrane transport,plasma membrane,Francisella tularensis subsp. tularensis SCHU S4,"ABC transporter, TroCD-like"
ABC transporter permease,FTT_0207c,ATPase-coupled transmembrane transporter activity,transmembrane transport,integral component of membrane,Francisella tularensis subsp. tularensis SCHU S4,"ABC transporter, TroCD-like"
hypothetical protein,PP_1369,catalytic activity,carbohydrate metabolic process,,Pseudomonas putida KT2440,"Glycoside hydrolase/deacetylase, beta/alpha-barrel"
hypothetical protein,PP_1369,catalytic activity,carbohydrate metabolic process,,Pseudomonas putida KT2440,Protein of unknown function DUF2334
hypothetical protein,PP_1369,catalytic activity,carbohydrate metabolic process,,Pseudomonas putida KT2440,Protein of unknown function DUF2334
TDE1290,Hypothetical protein TDE1290,,,,Treponema denticola ATCC 35405,
hypothetical protein,Hypothetical protein HP0014,,,,Helicobacter pylori 26695,
rplJ,rplJ,structural constituent of ribosome,protein biosynthesis,ribosome,Campylobacter jejuni subsp. jejuni NCTC 11168 = ATCC 700819,"Ribosomal protein L10, eubacterial, conserved site, protein family"
rplJ,rplJ,large ribosomal subunit rRNA binding,protein biosynthesis,ribosome,Campylobacter jejuni subsp. jejuni NCTC 11168 = ATCC 700819,"Ribosomal protein L10, eubacterial, conserved site, protein family"
hypothetical protein Rv2680,Rv2680,,,,Mycobacterium tuberculosis H37Rv,Protein of unknown function DUF3000
YVH1,dual specificity protein phosphatase,protein tyrosine phosphatase activity,protein dephosphorylation,cytoplasm,Plasmodium falciparum 3D7,Protein-tyrosine phosphatase-like
YVH1,dual specificity protein phosphatase,protein tyrosine phosphatase activity,protein dephosphorylation,cytoplasm,Plasmodium falciparum 3D7,Protein-tyrosine phosphatase-like
YVH1,dual specificity protein phosphatase,phosphatase activity,protein dephosphorylation,cytoplasm,Plasmodium falciparum 3D7,Protein-tyrosine phosphatase-like
YVH1,dual specificity protein phosphatase,protein tyrosine/serine/threonine phosphatase activity,protein dephosphorylation,cytoplasm,Plasmodium falciparum 3D7,Protein-tyrosine phosphatase-like
YVH1,dual specificity protein phosphatase,phosphatase activity,protein dephosphorylation,nucleus,Plasmodium falciparum 3D7,Protein-tyrosine phosphatase-like
hydrolase HMPREF0421_20592,Hydrolase HMPREF0421_20592,hydrolase activity,,,Gardnerella vaginalis ATCC 14019,"HAD-superfamily hydrolase, subfamily IIA"
hydrolase HMPREF0421_20592,Hydrolase HMPREF0421_20592,hydrolase activity,,,Gardnerella vaginalis ATCC 14019,HAD-like superfamily
RSP_4212,Putative multidrug-efflux transporter RSP_4212,,,integral component of membrane,Rhodobacter sphaeroides 2.4.1,
RSP_4212,Putative multidrug-efflux transporter RSP_4212,,,membrane,Rhodobacter sphaeroides 2.4.1,
hypothetical protein CTL0518,CTL0518,,,,Chlamydia trachomatis 434/BU,
EF-P arginine 32 rhamnosyl-transferase PP_1857,earP,transferase activity,,,Pseudomonas putida KT2440,
hypothetical protein,LA_1366,,,,Leptospira interrogans serovar Lai str. 56601,
30S ribosomal protein S14 BB_0491,rpsN,structural constituent of ribosome,protein biosynthesis,ribosome,Borrelia burgdorferi B31,
30S ribosomal protein S14 BB_0491,rpsN,RNA binding,protein biosynthesis,intracellular anatomical structure,Borrelia burgdorferi B31,
30S ribosomal protein S14 BB_0491,rpsN,metal ion binding,protein biosynthesis,intracellular anatomical structure,Borrelia burgdorferi B31,
putative dithiobiotin synthetase,ECL_02219,ligase activity,biotin biosynthetic process,cytoplasm,Enterobacter cloacae subsp. cloacae ATCC 13047,
putative dithiobiotin synthetase,ECL_02219,ligase activity,biotin biosynthetic process,cytoplasm,Enterobacter cloacae subsp. cloacae ATCC 13047,
putative dithiobiotin synthetase,ECL_02219,ATP binding,biotin biosynthetic process,cytoplasm,Enterobacter cloacae subsp. cloacae ATCC 13047,
putative dithiobiotin synthetase,ECL_02219,metal ion binding,biotin biosynthetic process,cytoplasm,Enterobacter cloacae subsp. cloacae ATCC 13047,
putative dithiobiotin synthetase,ECL_02219,ATP binding,biotin biosynthetic process,cytoplasm,Enterobacter cloacae subsp. cloacae ATCC 13047,
hypothetical protein RSP_3636,RSP_3636,peptidase activity,proteolysis,,Rhodobacter sphaeroides 2.4.1,
hypothetical protein RSP_3636,RSP_3636,peptidase activity,proteolysis,,Rhodobacter sphaeroides 2.4.1,
R3H domain and coiled-coil containing 1,R3H and coiled-coil domain-containing protein 1,nucleic acid binding,,exon-exon junction complex,Homo sapiens,
R3H domain and coiled-coil containing 1,R3H and coiled-coil domain-containing protein 1,nucleic acid binding,,exon-exon junction complex,Homo sapiens,
C4b,Complement component 4B (Chido blood group),peptidase inhibitor activity,immune system process,neuronal cell body,house mouse,Netrin domain
C4b,Complement component 4B (Chido blood group),complement component C1q complex binding,biological process,neuronal cell body,house mouse,Netrin domain
C4b,Complement component 4B (Chido blood group),carbohydrate binding,immune system process,extracellular region,house mouse,Netrin domain
LBA1633,LBA1633,calcium ion binding,,integral component of membrane,Lactobacillus acidophilus NCFM,Immunoglobulin-like fold
LBA1633,LBA1633,calcium ion binding,,integral component of membrane,Lactobacillus acidophilus NCFM,"Rib/alpha/Esp surface antigen, protein family"
putative transcriptional regulator,RSP_1790,DNA binding,"regulation of transcription, DNA-templated",,Rhodobacter sphaeroides 2.4.1,Putative DNA-binding domain superfamily
putative transcriptional regulator,RSP_1790,DNA binding,"regulation of transcription, DNA-templated",,Rhodobacter sphaeroides 2.4.1,"MerR-type HTH domain, protein family"
putative transcriptional regulator,RSP_1790,DNA binding,"regulation of transcription, DNA-templated",,Rhodobacter sphaeroides 2.4.1,Putative DNA-binding domain superfamily
hypothetical protein PA1957,hypothetical protein,nicotinamide-nucleotide adenylyltransferase activity,,,Pseudomonas aeruginosa PAO1,"NadR/Ttd14, AAA domain"
phenylalanine--tRNA ligase subunit beta,Phenylalanine--tRNA ligase subunit beta CT_475,nucleotide binding,phenylalanyl-tRNA aminoacylation,phenylalanine-tRNA ligase complex,Chlamydia trachomatis D/UW-3/CX,
phenylalanine--tRNA ligase subunit beta,Phenylalanine--tRNA ligase subunit beta CT_475,RNA binding,phenylalanyl-tRNA aminoacylation,cytoplasm,Chlamydia trachomatis D/UW-3/CX,
phenylalanine--tRNA ligase subunit beta,Phenylalanine--tRNA ligase subunit beta CT_475,phenylalanine-tRNA ligase activity,phenylalanyl-tRNA aminoacylation,phenylalanine-tRNA ligase complex,Chlamydia trachomatis D/UW-3/CX,
phenylalanine--tRNA ligase subunit beta,Phenylalanine--tRNA ligase subunit beta CT_475,magnesium ion binding,phenylalanyl-tRNA aminoacylation,phenylalanine-tRNA ligase complex,Chlamydia trachomatis D/UW-3/CX,
PA2259,PA2259,,,,Pseudomonas aeruginosa PAO1,Periplasmic binding protein/LacI sugar binding domain
PA2259,PA2259,,,,Pseudomonas aeruginosa PAO1,LacI-type HTH domain
COL4A4,Collagen type IV alpha 4 chain,extracellular matrix structural constituent conferring tensile strength,endothelial cell morphogenesis,extracellular space,Homo sapiens,C-type lectin fold
COL4A4,Collagen type IV alpha 4 chain,extracellular matrix structural constituent conferring tensile strength,endothelial cell morphogenesis,network-forming collagen trimer,Homo sapiens,C-type lectin fold
COL4A4,Collagen type IV alpha 4 chain,extracellular matrix structural constituent,endothelial cell morphogenesis,endoplasmic reticulum lumen,Homo sapiens,C-type lectin fold
hypothetical protein ECL_01737,Hypothetical protein ECL_01737,,,,Enterobacter cloacae subsp. cloacae ATCC 13047,
pilus assembly protein HofP ECL_04755,ECL_04755,,,,Enterobacter cloacae subsp. cloacae ATCC 13047,HofP protein
PFF0685c,"cytosolic Fe-S cluster assembly factor NAR1, putative",iron-sulfur cluster binding,iron-sulfur cluster assembly,nucleus,Plasmodium falciparum 3D7,"Iron hydrogenase, large subunit, C-terminal domain, protein family"
PFF0685c,"cytosolic Fe-S cluster assembly factor NAR1, putative",iron-sulfur cluster binding,iron-sulfur cluster assembly,nucleus,Plasmodium falciparum 3D7,Iron hydrogenase
PP_2569,PP_2569,transporter activity,transmembrane transport,integral component of membrane,Pseudomonas putida KT2440,"Sugar transporter, conserved site"
PP_2569,PP_2569,transporter activity,transmembrane transport,integral component of membrane,Pseudomonas putida KT2440,Major facilitator superfamily domain
PP_2569,PP_2569,transporter activity,transmembrane transport,membrane,Pseudomonas putida KT2440,"Sugar transporter, conserved site"
PP_2569,PP_2569,transmembrane transporter activity,transmembrane transport,cellular anatomical entity,Pseudomonas putida KT2440,"Sugar transporter, conserved site"
PP_2569,PP_2569,transporter activity,transmembrane transport,membrane,Pseudomonas putida KT2440,Major facilitator superfamily domain
ENPP5,Ectonucleotide pyrophosphatase/phosphodiesterase family member 5,catalytic activity,cell communication,plasma membrane,Homo sapiens,Type I phosphodiesterase/nucleotide pyrophosphatase/phosphate transferase
ENPP5,Ectonucleotide pyrophosphatase/phosphodiesterase family member 5,metal ion binding,cell communication,plasma membrane,Homo sapiens,Type I phosphodiesterase/nucleotide pyrophosphatase/phosphate transferase
KRT222,Keratin 222,structural molecule activity,,intermediate filament,Homo sapiens,"Keratin, type I"
KRT222,Keratin 222,structural molecule activity,,intermediate filament,Homo sapiens,"Intermediate filament, rod domain, protein family"
KRT222,Keratin 222,structural molecule activity,,intermediate filament,Homo sapiens,"Keratin, type I"
KRT222,Keratin 222,structural molecule activity,,intermediate filament,Homo sapiens,"Intermediate filament, rod domain, protein family"
hypothetical protein,LB_350,,,,Leptospira interrogans serovar Lai str. 56601,
oxidoreductase domain-containing protein EAE_20665,EAE_20665,oxidoreductase activity,metabolism,,Enterobacter aerogenes KCTC 2190,"Oxidoreductase, C-terminal domain, protein family"
phage protein Rv1582c,Phage protein Rv1582c,,,plasma membrane,Mycobacterium tuberculosis H37Rv,P-loop containing nucleoside triphosphate hydrolase
phage protein Rv1582c,Phage protein Rv1582c,,,plasma membrane,Mycobacterium tuberculosis H37Rv,"Helicase, superfamily 3, DNA virus, protein family"
phage protein Rv1582c,Phage protein Rv1582c,,,plasma membrane,Mycobacterium tuberculosis H37Rv,"DNA primase, phage/plasmid, protein family"
phage protein Rv1582c,Phage protein Rv1582c,,,plasma membrane,Mycobacterium tuberculosis H37Rv,"Bacteriophage/plasmid primase, P4, C-terminal domain, protein family"
esterase LipW Rv0217c,Rv0217c,short-chain carboxylesterase activity,metabolism,,Mycobacterium tuberculosis H37Rv,"Alpha/beta hydrolase fold-3, protein family"
PP_5269,Alanine racemase PP_5269,alanine racemase activity,alanine metabolic process,,Pseudomonas putida KT2440,"Alanine racemase, C-terminal"
PP_5269,Alanine racemase PP_5269,catalytic activity,D-alanine biosynthetic process,,Pseudomonas putida KT2440,"Alanine racemase, N-terminal"
PP_5269,Alanine racemase PP_5269,catalytic activity,D-alanine biosynthetic process,,Pseudomonas putida KT2440,"Alanine racemase, N-terminal"
CTL0039,Hypothetical protein CTL0039,,,,Chlamydia trachomatis 434/BU,
Rv3799c,Propionyl-CoA carboxylase subunit beta AccD Rv3799c,acetyl-CoA carboxylase activity,mycolate cell wall layer assembly,cell wall,Mycobacterium tuberculosis H37Rv,"Acetyl-coenzyme A carboxyltransferase, C-terminal"
Rv3799c,Propionyl-CoA carboxylase subunit beta AccD Rv3799c,acetyl-CoA carboxylase activity,growth,plasma membrane,Mycobacterium tuberculosis H37Rv,"Acetyl-coenzyme A carboxyltransferase, C-terminal"
Rv3799c,Propionyl-CoA carboxylase subunit beta AccD Rv3799c,transferase activity,increase,acetyl-CoA carboxylase complex,Mycobacterium tuberculosis H37Rv,"Acetyl-coenzyme A carboxyltransferase, C-terminal"
membrane-bound lytic murein transglycosylase B PP_4805,Membrane-bound lytic murein transglycosylase B PP_4805,hydrolase activity,metabolism,,Pseudomonas putida KT2440,Transglycosylase SLT domain 2
"K+-transporting ATPase, KdpF subunit RSP_1264",RSP_1264,P-type potassium transmembrane transporter activity,inorganic cation transmembrane transport,cellular component,Rhodobacter sphaeroides 2.4.1,"K+ transporting P-type ATPase, F subunit"
"K+-transporting ATPase, KdpF subunit RSP_1264",RSP_1264,ATPase-coupled cation transmembrane transporter activity,regulation of ATPase activity,plasma membrane,Rhodobacter sphaeroides 2.4.1,"K+ transporting P-type ATPase, F subunit"
ABC transporter ATPase EAE_15310,ABC transporter ATPase EAE_15310,valine-tRNA ligase activity,valyl-tRNA aminoacylation,cytoplasm,Enterobacter aerogenes KCTC 2190,ABC-transporter extension domain
ABC transporter ATPase EAE_15310,ABC transporter ATPase EAE_15310,DNA binding,tRNA aminoacylation for protein translation,cytoplasm,Enterobacter aerogenes KCTC 2190,"ABC transporter, conserved site"
ABC transporter ATPase EAE_15310,ABC transporter ATPase EAE_15310,ATPase activity,valyl-tRNA aminoacylation,cytoplasm,Enterobacter aerogenes KCTC 2190,"ABC transporter, conserved site"
ABC transporter ATPase EAE_15310,ABC transporter ATPase EAE_15310,ATP binding,valyl-tRNA aminoacylation,cytoplasm,Enterobacter aerogenes KCTC 2190,"ABC transporter, conserved site"
ABC transporter ATPase EAE_15310,ABC transporter ATPase EAE_15310,ATPase activity,valyl-tRNA aminoacylation,cytoplasm,Enterobacter aerogenes KCTC 2190,"ABC transporter, conserved site"
TDE1484,TDE1484,,,,Treponema denticola ATCC 35405,
HOXA9,Homeobox A9,sequence-specific DNA binding,regionalization,cytoplasm,Homo sapiens,Homeobox protein HXA9/HXB9/HXC9
"ribonucleoside-diphosphate reductase, beta subunit","Ribonucleoside-diphosphate reductase, beta subunit TTHB208",oxidoreductase activity,deoxyribonucleotide biosynthetic process,integral component of membrane,Thermus thermophilus HB8,
Pacsin1,protein kinase C and casein kinase substrate in neurons protein 1,cytoskeletal protein binding,regulation of postsynaptic neurotransmitter receptor internalization,COPI-coated vesicle,house mouse,membrane proteins
Pacsin1,protein kinase C and casein kinase substrate in neurons protein 1,identical protein binding,regulation of postsynaptic neurotransmitter receptor internalization,presynaptic endocytic zone,house mouse,membrane proteins
Pacsin1,protein kinase C and casein kinase substrate in neurons protein 1,phospholipid binding,regulation of postsynaptic neurotransmitter receptor internalization,presynaptic endocytic zone,house mouse,membrane proteins
Pacsin1,protein kinase C and casein kinase substrate in neurons protein 1,binding,regulation of postsynaptic neurotransmitter receptor internalization,postsynaptic density membrane,house mouse,membrane proteins
Pacsin1,protein kinase C and casein kinase substrate in neurons protein 1,protein binding,regulation of postsynaptic neurotransmitter receptor internalization,photoreceptor ribbon synapse,house mouse,membrane proteins
CCDC169-SOHLH2,Spermatogenesis and oogenesis specific basic helix-loop-helix 2,protein homodimerization activity,oocyte differentiation,cytoplasm,Homo sapiens,"Myc-type, basic helix-loop-helix (bHLH) domain"
CCDC169-SOHLH2,Spermatogenesis and oogenesis specific basic helix-loop-helix 2,"DNA-binding transcription activator activity, RNA polymerase II-specific",oocyte differentiation,cytoplasm,Homo sapiens,"Myc-type, basic helix-loop-helix (bHLH) domain"
CCDC169-SOHLH2,Spermatogenesis and oogenesis specific basic helix-loop-helix 2,"DNA-binding transcription activator activity, RNA polymerase II-specific",oocyte differentiation,cytoplasm,Homo sapiens,"Myc-type, basic helix-loop-helix (bHLH) domain"
CCDC169-SOHLH2,Spermatogenesis and oogenesis specific basic helix-loop-helix 2,core promoter sequence-specific DNA binding,oocyte differentiation,cytoplasm,Homo sapiens,"Myc-type, basic helix-loop-helix (bHLH) domain"
JW1309,ycjT,,,,Escherichia coli str. K-12 substr. MG1655,"Glycoside hydrolase, family 65, central catalytic"
ring finger protein 6,ring finger protein (C3H2C3 type) 6,metal ion binding,protein K27-linked ubiquitination,PML body,Homo sapiens,"Zinc finger, RING/FYVE/PHD-type"
ring finger protein 6,ring finger protein (C3H2C3 type) 6,metal ion binding,protein K27-linked ubiquitination,nucleoplasm,Homo sapiens,"Zinc finger, RING/FYVE/PHD-type"
ring finger protein 6,ring finger protein (C3H2C3 type) 6,DNA binding,protein K27-linked ubiquitination,PML body,Homo sapiens,"Zinc finger, RING/FYVE/PHD-type"
ring finger protein 6,ring finger protein (C3H2C3 type) 6,ubiquitin-protein transferase activity,protein K27-linked ubiquitination,PML body,Homo sapiens,"Zinc finger, RING/FYVE/PHD-type"
ring finger protein 6,ring finger protein (C3H2C3 type) 6,androgen receptor binding,protein K27-linked ubiquitination,cell projection,Homo sapiens,"Zinc finger, RING/FYVE/PHD-type"
50S ribosomal protein L22 LBA0296,rplV,RNA binding,protein biosynthesis,large ribosomal subunit,Lactobacillus acidophilus NCFM,"Ribosomal protein L22, bacterial/chloroplast-type"
50S ribosomal protein L22 LBA0296,rplV,structural constituent of ribosome,cellular macromolecule biosynthetic process,ribosome,Lactobacillus acidophilus NCFM,"Ribosomal protein L22, bacterial/chloroplast-type"
site-specific DNA-methyltransferase NGO0365,Site-specific DNA-methyltransferase NGO0365,DNA (cytosine-5-)-methyltransferase activity,DNA restriction-modification system,,Neisseria gonorrhoeae FA 1090,"DNA methylase, C-5 cytosine-specific, active site"
site-specific DNA-methyltransferase NGO0365,Site-specific DNA-methyltransferase NGO0365,transferase activity,C-5 methylation of cytosine,,Neisseria gonorrhoeae FA 1090,"DNA methylase, C-5 cytosine-specific, active site"
site-specific DNA-methyltransferase NGO0365,Site-specific DNA-methyltransferase NGO0365,methyltransferase activity,C-5 methylation of cytosine,,Neisseria gonorrhoeae FA 1090,"DNA methylase, C-5 cytosine-specific, active site"
site-specific DNA-methyltransferase NGO0365,Site-specific DNA-methyltransferase NGO0365,DNA (cytosine-5-)-methyltransferase activity,methylation,,Neisseria gonorrhoeae FA 1090,"DNA methylase, C-5 cytosine-specific, active site"
site-specific DNA-methyltransferase NGO0365,Site-specific DNA-methyltransferase NGO0365,transferase activity,methylation,,Neisseria gonorrhoeae FA 1090,"DNA methylase, C-5 cytosine-specific, active site"
recX,FTT_1751,,regulation of DNA repair,cytoplasm,Francisella tularensis subsp. tularensis SCHU S4,
recX,FTT_1751,,regulation of DNA repair,cytoplasm,Francisella tularensis subsp. tularensis SCHU S4,
recX,FTT_1751,,regulation of DNA repair,cytoplasm,Francisella tularensis subsp. tularensis SCHU S4,
recX,FTT_1751,,regulation of DNA repair,cytoplasm,Francisella tularensis subsp. tularensis SCHU S4,
leucine/isoleucine/valine transporter ATP-binding subunit EAE_05480,livF,ATPase activity,branched-chain amino acid transport,,Enterobacter aerogenes KCTC 2190,"ABC transporter, conserved site"
PFD0595w,"LITAF-like zinc finger protein, putative",nucleotide binding,,cytoplasm,Plasmodium falciparum 3D7,"LPS-induced tumour necrosis factor alpha factor, protein family"
MED16,mediator of RNA polymerase II transcription subunit 16,transcription coactivator activity,intracellular steroid hormone receptor signaling pathway,membrane,Homo sapiens,WD40 repeat
MED16,mediator of RNA polymerase II transcription subunit 16,physical quantity,intracellular steroid hormone receptor signaling pathway,membrane,Homo sapiens,WD40 repeat
MED16,mediator of RNA polymerase II transcription subunit 16,catalytic activity,intracellular steroid hormone receptor signaling pathway,membrane,Homo sapiens,WD40 repeat
MED16,mediator of RNA polymerase II transcription subunit 16,signaling receptor activity,intracellular steroid hormone receptor signaling pathway,nucleoplasm,Homo sapiens,WD40 repeat
MED16,mediator of RNA polymerase II transcription subunit 16,protein binding,intracellular steroid hormone receptor signaling pathway,nucleoplasm,Homo sapiens,WD40 repeat
2610102I01Rik,endothelial differentiation inhibitory protein D10,histone methyltransferase activity (H3-K4 specific),peptidyl-lysine trimethylation,nucleus,house mouse,"Histone-lysine N-methyltransferase, SETD3"
2610102I01Rik,endothelial differentiation inhibitory protein D10,histone-lysine N-methyltransferase activity,peptidyl-lysine trimethylation,nucleus,house mouse,"Histone-lysine N-methyltransferase, SETD3"
2610102I01Rik,endothelial differentiation inhibitory protein D10,protein-lysine N-methyltransferase activity,peptidyl-lysine trimethylation,nucleus,house mouse,"Histone-lysine N-methyltransferase, SETD3"
2610102I01Rik,endothelial differentiation inhibitory protein D10,histone-lysine N-methyltransferase activity,peptidyl-lysine trimethylation,nucleus,house mouse,"Histone-lysine N-methyltransferase, SETD3"
DNA gyrase subunit A CTL0441,DNA gyrase subunit A CTL0441,ATP binding,DNA-dependent DNA replication,cytoplasm,Chlamydia trachomatis 434/BU,
DNA gyrase subunit A CTL0441,DNA gyrase subunit A CTL0441,ATP binding,DNA-dependent DNA replication,cytoplasm,Chlamydia trachomatis 434/BU,
sulfate adenylyltransferase subunit 2,cysD,sulfate adenylyltransferase (ATP) activity,cellular response to oxidative stress,cytosol,Mycobacterium tuberculosis H37Rv,Rossmann fold
sulfate adenylyltransferase subunit 2,cysD,ATP binding,cellular response to oxidative stress,cytosol,Mycobacterium tuberculosis H37Rv,Rossmann fold
sulfate adenylyltransferase subunit 2,cysD,sulfate adenylyltransferase (ATP) activity,cellular response to oxidative stress,sulfate adenylyltransferase complex (ATP),Mycobacterium tuberculosis H37Rv,Rossmann fold
sulfate adenylyltransferase subunit 2,cysD,ATP binding,cellular response to oxidative stress,sulfate adenylyltransferase complex (ATP),Mycobacterium tuberculosis H37Rv,Rossmann fold
H4c11,Histone H4,DNA binding,,,,"Histone H4, conserved site"
TetR family transcriptional regulator,RV3295,DNA binding,"regulation of transcription, DNA-templated",plasma membrane,Mycobacterium tuberculosis H37Rv,
TetR family transcriptional regulator,RV3295,DNA binding,"regulation of transcription, DNA-templated",plasma membrane,Mycobacterium tuberculosis H37Rv,
TetR family transcriptional regulator,RV3295,DNA-binding transcription factor activity,"regulation of transcription, DNA-templated",plasma membrane,Mycobacterium tuberculosis H37Rv,
transmembrane 6 superfamily member 1,Transmembrane 6 superfamily member 1,binding,biological process,lysosomal membrane,Homo sapiens,EXPERA domain
transmembrane 6 superfamily member 1,Transmembrane 6 superfamily member 1,protein binding,biological process,lysosomal membrane,Homo sapiens,EXPERA domain
Lef1,Lymphoid enhancer binding factor 1,histone deacetylase binding,secondary palate development,beta-catenin-TCF complex,house mouse,Catenin binding domain superfamily
Lef1,Lymphoid enhancer binding factor 1,histone binding,secondary palate development,beta-catenin-TCF complex,house mouse,Catenin binding domain superfamily
Otx2,Orthodenticle homolog 2,cis-regulatory region sequence-specific DNA binding,protein-containing complex assembly,protein-containing complex,house mouse,"Homeobox, conserved site"
"Cation/multidrug efflux pump, RND superfamily","Cation/multidrug efflux pump, RND superfamily RSP_2855",transmembrane transporter activity,transmembrane transport,membrane,Rhodobacter sphaeroides 2.4.1,
"Cation/multidrug efflux pump, RND superfamily","Cation/multidrug efflux pump, RND superfamily RSP_2855",transmembrane transporter activity,transmembrane transport,integral component of membrane,Rhodobacter sphaeroides 2.4.1,
acyltransferase PP_0923,Acyltransferase PP_0923,transferase activity,metabolism,,Pseudomonas putida KT2440,Phospholipid/glycerol acyltransferase
acyltransferase PP_0923,Acyltransferase PP_0923,"transferase activity, transferring acyl groups",metabolism,,Pseudomonas putida KT2440,Phospholipid/glycerol acyltransferase
GIMAP4,hIAN1,GTP binding,,cytosol,Homo sapiens,P-loop containing nucleoside triphosphate hydrolase
GIMAP4,hIAN1,GTP binding,,cytoplasm,Homo sapiens,P-loop containing nucleoside triphosphate hydrolase
GIMAP4,hIAN1,GTP binding,,cytosol,Homo sapiens,P-loop containing nucleoside triphosphate hydrolase
TMEM213,Transmembrane protein 213,,,integral component of membrane,Homo sapiens,
Rv3722c,Hypothetical protein Rv3722c,transaminase activity,growth,extracellular region,Mycobacterium tuberculosis H37Rv,
Rv3722c,Hypothetical protein Rv3722c,transaminase activity,growth,extracellular region,Mycobacterium tuberculosis H37Rv,
Rv3722c,Hypothetical protein Rv3722c,transaminase activity,growth,extracellular region,Mycobacterium tuberculosis H37Rv,
PHKG,Phosphorylase kinase catalytic subunit gamma 1,ATP binding,glycogen metabolic process,phosphorylase kinase complex,Homo sapiens,Protein kinase domain
lpg0730,lpg0730,,,membrane,Legionella pneumophila subsp. pneumophila str. Philadelphia 1,
lpg0730,lpg0730,,,integral component of membrane,Legionella pneumophila subsp. pneumophila str. Philadelphia 1,
sensor histidine kinase PP_3371,Sensor histidine kinase PP_3371,phosphorelay sensor kinase activity,peptidyl-histidine phosphorylation,membrane,Pseudomonas putida KT2440,membrane proteins
sensor histidine kinase PP_3371,Sensor histidine kinase PP_3371,nucleotide binding,peptidyl-histidine phosphorylation,integral component of membrane,Pseudomonas putida KT2440,membrane proteins
sensor histidine kinase PP_3371,Sensor histidine kinase PP_3371,transferase activity,peptidyl-histidine phosphorylation,integral component of membrane,Pseudomonas putida KT2440,membrane proteins
sensor histidine kinase PP_3371,Sensor histidine kinase PP_3371,phosphorelay sensor kinase activity,peptidyl-histidine phosphorylation,integral component of membrane,Pseudomonas putida KT2440,membrane proteins
sensor histidine kinase PP_3371,Sensor histidine kinase PP_3371,ATP binding,peptidyl-histidine phosphorylation,membrane,Pseudomonas putida KT2440,membrane proteins
ZNF829,Zinc finger protein 829,nucleic acid binding,"transcription, DNA-templated",intracellular anatomical structure,Homo sapiens,KRAB domain superfamily
ZNF829,Zinc finger protein 829,"DNA-binding transcription factor activity, RNA polymerase II-specific",regulation of transcription by RNA polymerase II,nucleus,Homo sapiens,KRAB domain superfamily
ZNF829,Zinc finger protein 829,DNA binding,regulation of transcription by RNA polymerase II,nucleus,Homo sapiens,KRAB domain superfamily
hypothetical protein,HMPREF0421_20902,DNA binding,"regulation of transcription, DNA-templated",,Gardnerella vaginalis ATCC 14019,Winged helix-like DNA-binding domain superfamily
LA_2621,Short-chain dehydrogenase LA_2621,oxidoreductase activity,metabolism,,Leptospira interrogans serovar Lai str. 56601,
sodium/proline symporter NMB0402,putP,sodium ion binding,proline transport,membrane,Neisseria meningitidis MC58,Sodium/proline symporter
sodium/proline symporter NMB0402,putP,proline:sodium symporter activity,proline transport,plasma membrane,Neisseria meningitidis MC58,Sodium/proline symporter
sodium/proline symporter NMB0402,putP,sodium ion binding,proline transport,plasma membrane,Neisseria meningitidis MC58,Sodium/proline symporter
sodium/proline symporter NMB0402,putP,transmembrane transporter activity,proline transport,plasma membrane,Neisseria meningitidis MC58,Sodium/proline symporter
sodium/proline symporter NMB0402,putP,symporter activity,proline transport,integral component of membrane,Neisseria meningitidis MC58,Sodium/proline symporter
NS4ATP1,TBC1D23,protein binding,multicellular organism development,cytosol,Homo sapiens,
NS4ATP1,TBC1D23,protein binding,brain development,cytosol,Homo sapiens,
NS4ATP1,TBC1D23,protein binding,brain development,WASH complex,Homo sapiens,
NS4ATP1,TBC1D23,protein binding,embryonic brain development,cytoplasmic vesicle,Homo sapiens,
NS4ATP1,TBC1D23,protein binding,vesicle tethering to Golgi,Golgi apparatus,Homo sapiens,
tehB,tehB,,,,Yersinia pestis CO92,"Domain of unknown function DUF1971, protein family"
tehB,tehB,,,,Yersinia pestis CO92,RmlC-like jelly roll fold
tehB,tehB,,,,Yersinia pestis CO92,"Tellurite resistance methyltransferase, TehB type-2"
4-hydroxybenzoate octaprenyltransferase ECL_00296,4-hydroxybenzoate octaprenyltransferase ECL_00296,polyprenyltransferase activity,ubiquinone biosynthetic process,membrane,Enterobacter cloacae subsp. cloacae ATCC 13047,UbiA prenyltransferase conserved site
4-hydroxybenzoate octaprenyltransferase ECL_00296,4-hydroxybenzoate octaprenyltransferase ECL_00296,4-hydroxybenzoate decaprenyltransferase activity,ubiquinone biosynthetic process,plasma membrane,Enterobacter cloacae subsp. cloacae ATCC 13047,UbiA prenyltransferase conserved site
hypothetical protein,Hypothetical protein TDE2547,,,,Treponema denticola ATCC 35405,
SEMA3A,Semaphorin 3A,neuropilin binding,basal dendrite arborization,dendrite,Homo sapiens,Sema domain
carbon starvation protein CstA HP1168,Carbon starvation protein CstA HP1168,,cellular response to nutrient levels,integral component of plasma membrane,Helicobacter pylori 26695,membrane proteins
carbon starvation protein CstA HP1168,Carbon starvation protein CstA HP1168,,cellular response to nutrient levels,plasma membrane,Helicobacter pylori 26695,membrane proteins
pup deamidase/depupylase,Pup deamidase/depupylase Rv2112c,,,,Mycobacterium tuberculosis H37Rv,
Gria2,"Glutamate receptor, ionotropic, AMPA2 (alpha 2)",AMPA glutamate receptor activity,regulation of receptor recycling,Schaffer collateral - CA1 synapse,house mouse,Periplasmic binding protein-like I
Gria2,"Glutamate receptor, ionotropic, AMPA2 (alpha 2)",extracellularly glutamate-gated ion channel activity,regulation of receptor recycling,synapse,house mouse,Periplasmic binding protein-like I
Gria2,"Glutamate receptor, ionotropic, AMPA2 (alpha 2)",protein binding,regulation of receptor recycling,Schaffer collateral - CA1 synapse,house mouse,Periplasmic binding protein-like I
Gria2,"Glutamate receptor, ionotropic, AMPA2 (alpha 2)",ion channel activity,regulation of receptor recycling,Schaffer collateral - CA1 synapse,house mouse,Periplasmic binding protein-like I
Gria2,"Glutamate receptor, ionotropic, AMPA2 (alpha 2)",transmitter-gated ion channel activity involved in regulation of postsynaptic membrane potential,regulation of receptor recycling,integral component of postsynaptic density membrane,house mouse,Periplasmic binding protein-like I
YPO0424,YPO0424,,,,Yersinia pestis CO92,
Armc3,Armadillo repeat containing 3,biological function,natural process,intracellular membrane-bounded organelle,house mouse,armadillo domain proteins
exopolysaccharide biosynthesis/transport protein PP_3128,PP_3128,,,,Pseudomonas putida KT2440,"CobQ/CobB/MinD/ParA nucleotide binding domain, protein family"
hypothetical protein ECIAI39_2284,ECIAI39_2284,,,membrane,Escherichia coli IAI39,
KIF2A,KIF2A,nucleotide binding,microtubule-based movement,kinesin complex,Homo sapiens,P-loop containing nucleoside triphosphate hydrolase
KIF2A,KIF2A,ATP binding,microtubule-based movement,sperm principal piece,Homo sapiens,P-loop containing nucleoside triphosphate hydrolase
KIF2A,KIF2A,ATP binding,microtubule-based movement,sperm principal piece,Homo sapiens,P-loop containing nucleoside triphosphate hydrolase
ER lipid raft associated 1,ER lipid raft associated 1,ubiquitin protein ligase binding,ERAD pathway,integral component of membrane,house mouse,Band 7 domain
ER lipid raft associated 1,ER lipid raft associated 1,lipid binding,ubiquitin-dependent ERAD pathway,protein-containing complex,house mouse,Band 7 domain
ER lipid raft associated 1,ER lipid raft associated 1,ubiquitin protein ligase binding,ubiquitin-dependent ERAD pathway,endoplasmic reticulum membrane,house mouse,Band 7 domain
Plac9,Gm9780,molecular function,biological process,extracellular space,house mouse,Placenta-specific protein 9
Plac9,Gm9780,molecular function,biological process,cellular component,house mouse,Placenta-specific protein 9
Plac9,Gm9780,molecular function,biological process,extracellular space,house mouse,Placenta-specific protein 9
Taar6,Taar6,G protein-coupled amine receptor activity,signal transduction,integral component of membrane,house mouse,"GPCR, rhodopsin-like, 7TM"
Taar6,Taar6,signal transducer activity,G protein-coupled receptor signaling pathway,plasma membrane,house mouse,"GPCR, rhodopsin-like, 7TM"
Taar6,Taar6,G protein-coupled amine receptor activity,signal transduction,integral component of membrane,house mouse,"GPCR, rhodopsin-like, 7TM"
OR13H1,OR13H1,signal transducer activity,detection of chemical stimulus involved in sensory perception of smell,plasma membrane,Homo sapiens,olfactory receptor
polymerase (RNA) III (DNA directed) polypeptide G like,RNA polymerase III subunit C7-like,DNA-directed 5'-3' RNA polymerase activity,transcription by RNA polymerase III,nucleus,house mouse,
aspartate carbamoyltransferase BU370,BU370,metal ion binding,pyrimidine nucleotide biosynthetic process,aspartate carbamoyltransferase complex,Buchnera aphidicola str. APS (Acyrthosiphon pisum),
aspartate carbamoyltransferase BU370,BU370,metal ion binding,pyrimidine nucleotide biosynthetic process,aspartate carbamoyltransferase complex,Buchnera aphidicola str. APS (Acyrthosiphon pisum),
aspartate carbamoyltransferase BU370,BU370,metal ion binding,'de novo' pyrimidine nucleobase biosynthetic process,aspartate carbamoyltransferase complex,Buchnera aphidicola str. APS (Acyrthosiphon pisum),
aspartate carbamoyltransferase BU370,BU370,metal ion binding,pyrimidine nucleotide biosynthetic process,aspartate carbamoyltransferase complex,Buchnera aphidicola str. APS (Acyrthosiphon pisum),
putative peptide/nickel transport system permease,Putative peptide/nickel transport system permease ECL_03498,,transmembrane transport,membrane,Enterobacter cloacae subsp. cloacae ATCC 13047,"ABC transporter type 1, transmembrane domain MetI-like"
putative peptide/nickel transport system permease,Putative peptide/nickel transport system permease ECL_03498,,transmembrane transport,membrane,Enterobacter cloacae subsp. cloacae ATCC 13047,"Oligopeptide transport permease C-like, N-terminal domain"
putative peptide/nickel transport system permease,Putative peptide/nickel transport system permease ECL_03498,,transmembrane transport,integral component of membrane,Enterobacter cloacae subsp. cloacae ATCC 13047,"ABC transporter type 1, transmembrane domain MetI-like"
putative peptide/nickel transport system permease,Putative peptide/nickel transport system permease ECL_03498,,transmembrane transport,plasma membrane,Enterobacter cloacae subsp. cloacae ATCC 13047,"ABC transporter type 1, transmembrane domain MetI-like"
hypothetical protein LBA0583,Hypothetical protein LBA0583,,,,Lactobacillus acidophilus NCFM,Alpha/Beta hydrolase fold
"2-hydroxy-6-ketonona-2,4-dienedioate hydrolase b0349",mhpC,,,,Escherichia coli str. K-12 substr. MG1655,"Alpha/beta hydrolase fold-1, protein family"
Nnt,Pyridine nucleotide transhydrogenase,NAD binding,inorganic cation transmembrane transport,integral component of membrane,house mouse,"Alanine dehydrogenase/pyridine nucleotide transhydrogenase, NAD(H)-binding domain"
Nnt,Pyridine nucleotide transhydrogenase,catalysis,proton transmembrane transport,mitochondrial inner membrane,house mouse,"Alanine dehydrogenase/pyridine nucleotide transhydrogenase, NAD(H)-binding domain"
flagellin FlaG PP_4377,PP_4377,,,,Pseudomonas putida KT2440,FlaG protein
TF,tissue factor,protease binding,activation of plasma proteins involved in acute inflammatory response,collagen-containing extracellular matrix,Homo sapiens,Tissue factor
TF,tissue factor,serine-type peptidase activity,activation of plasma proteins involved in acute inflammatory response,collagen-containing extracellular matrix,Homo sapiens,Tissue factor
vomeronasal 1 receptor 37,Vomeronasal 1 receptor 37,pheromone receptor activity,response to pheromone,membrane,house mouse,"GPCR, rhodopsin-like, 7TM"
vomeronasal 1 receptor 37,Vomeronasal 1 receptor 37,signal transducer activity,response to pheromone,integral component of membrane,house mouse,"GPCR, rhodopsin-like, 7TM"
vomeronasal 1 receptor 37,Vomeronasal 1 receptor 37,pheromone binding,signal transduction,plasma membrane,house mouse,"GPCR, rhodopsin-like, 7TM"
vomeronasal 1 receptor 37,Vomeronasal 1 receptor 37,pheromone binding,signal transduction,cellular component,house mouse,"GPCR, rhodopsin-like, 7TM"
ABC transporter permease/ATP-binding protein PP_3466,ABC transporter permease/ATP-binding protein PP_3466,ATPase-coupled transmembrane transporter activity,transmembrane transport,integral component of membrane,Pseudomonas putida KT2440,
ABC transporter permease/ATP-binding protein PP_3466,ABC transporter permease/ATP-binding protein PP_3466,ATP binding,transmembrane transport,integral component of membrane,Pseudomonas putida KT2440,
ABC transporter permease/ATP-binding protein PP_3466,ABC transporter permease/ATP-binding protein PP_3466,ATPase activity,transmembrane transport,membrane,Pseudomonas putida KT2440,
Vdac6,Voltage-dependent anion channel 2,voltage-gated anion channel activity,anion transmembrane transport,pore complex,house mouse,Porin domain superfamily
Vdac6,Voltage-dependent anion channel 2,wide pore channel activity,anion transmembrane transport,mitochondrial nucleoid,house mouse,Porin domain superfamily
PC,"Protein C, inactivator of coagulation factors Va and VIIIa",peptidase activity,regulation of biological quality,endoplasmic reticulum lumen,Homo sapiens,EGF-like domain
PC,"Protein C, inactivator of coagulation factors Va and VIIIa",calcium ion binding,regulation of circulating fibrinogen levels,Golgi lumen,Homo sapiens,EGF-like domain
HTMP10,transmembrane protein TMP10,,,Golgi apparatus,Homo sapiens,Opalin
HTMP10,transmembrane protein TMP10,,,plasma membrane,Homo sapiens,Opalin
HTMP10,transmembrane protein TMP10,,,Golgi apparatus,Homo sapiens,membrane proteins
HTMP10,transmembrane protein TMP10,,,plasma membrane,Homo sapiens,membrane proteins
HTMP10,transmembrane protein TMP10,,,plasma membrane,Homo sapiens,Opalin
Fabpe,Fabp5,monocarboxylic acid binding,positive regulation of cold-induced thermogenesis,cellular anatomical entity,house mouse,Intracellular lipid binding protein
DHHC5,palmitoyltransferase ZDHHC5,transferase activity,protein acylation,dendrite,Homo sapiens,DHHC domain
DHHC5,palmitoyltransferase ZDHHC5,protein-cysteine S-palmitoyltransferase activity,protein palmitoylation,dendrite,Homo sapiens,DHHC domain
DHHC5,palmitoyltransferase ZDHHC5,palmitoyltransferase activity,protein palmitoylation,cytoplasm,Homo sapiens,DHHC domain
required for meiotic nuclear division 5 homolog A,Required for meiotic nuclear division 5 homolog A,transferase activity,protein ubiquitination,nucleus,house mouse,"CTLH/CRA C-terminal to LisH motif domain, protein family"
required for meiotic nuclear division 5 homolog A,Required for meiotic nuclear division 5 homolog A,metal ion binding,protein ubiquitination,nucleus,house mouse,"CTLH/CRA C-terminal to LisH motif domain, protein family"
required for meiotic nuclear division 5 homolog A,Required for meiotic nuclear division 5 homolog A,transferase activity,protein ubiquitination,cytoplasm,house mouse,"CTLH/CRA C-terminal to LisH motif domain, protein family"
required for meiotic nuclear division 5 homolog A,Required for meiotic nuclear division 5 homolog A,ubiquitin-protein transferase activity,protein ubiquitination,nucleus,house mouse,"RING-type zinc-finger, LisH dimerisation motif, protein family"
required for meiotic nuclear division 5 homolog A,Required for meiotic nuclear division 5 homolog A,metal ion binding,protein ubiquitination,nucleoplasm,house mouse,"CTLH/CRA C-terminal to LisH motif domain, protein family"
Ly6/neurotoxin 1,GC26,ion channel inhibitor activity,regulation of molecular function,cell projection,house mouse,
Adam15,MDC-15,integrin binding,response to phorbol 13-acetate 12-myristate,motile cilium,house mouse,"Peptidase M12B, propeptide"
Adam15,MDC-15,endopeptidase activity,cellular response to phorbol 13-acetate 12-myristate,motile cilium,house mouse,"Peptidase M12B, propeptide"
Nup62,62 kDa nucleoporin,signaling receptor complex adaptor activity,positive regulation of protein localization to centrosome,protein-containing complex,house mouse,"Nucleoporin, NSP1-like, C-terminal"
Nup62,62 kDa nucleoporin,Hsp70 protein binding,regulation of protein localization to centrosome,protein-containing complex,house mouse,"Nucleoporin, NSP1-like, C-terminal"
Nup62,62 kDa nucleoporin,protein binding,positive regulation of protein localization to centrosome,annulate lamellae,house mouse,"Nucleoporin, NSP1-like, C-terminal"
4930403G24Rik,Toll interacting protein,"interleukin-1, type I receptor binding",defense response,cellular component,house mouse,C2 domain
4930403G24Rik,Toll interacting protein,Toll-like receptor binding,inflammatory response,cytoplasm,house mouse,C2 domain
4930403G24Rik,Toll interacting protein,ubiquitin protein ligase binding,inflammatory response,cytoplasm,house mouse,C2 domain
4930403G24Rik,Toll interacting protein,protein binding,inflammatory response,cytoplasm,house mouse,C2 domain
TMEM145,Transmembrane protein 145,,response to pheromone,membrane,Homo sapiens,"Intimal thickness related receptor, IRP"
TMEM145,Transmembrane protein 145,,G protein-coupled receptor signaling pathway,membrane,Homo sapiens,"Intimal thickness related receptor, IRP"
TMEM145,Transmembrane protein 145,,response to pheromone,integral component of membrane,Homo sapiens,"Intimal thickness related receptor, IRP"
carbamoyltransferase HypF b2712,hypF,,,,Escherichia coli str. K-12 substr. MG1655,"Zinc finger, HypF-type"
carbamoyltransferase HypF b2712,hypF,,,,Escherichia coli str. K-12 substr. MG1655,Acylphosphatase-like domain
carbamoyltransferase HypF b2712,hypF,,,,Escherichia coli str. K-12 substr. MG1655,YrdC-like domain
carbamoyltransferase HypF b2712,hypF,,,,Escherichia coli str. K-12 substr. MG1655,"Acylphosphatase, conserved site"
PFI0605c,"alkaline phosphatase, putative",,,symbiont-containing vacuole,Plasmodium falciparum 3D7,PhoD-like superfamily
PFI0605c,"alkaline phosphatase, putative",,,plasma membrane,Plasmodium falciparum 3D7,PhoD-like superfamily
PFI0605c,"alkaline phosphatase, putative",,,symbiont-containing vacuole,Plasmodium falciparum 3D7,Alkaline phosphatase D-related
PFI0605c,"alkaline phosphatase, putative",,,nucleus,Plasmodium falciparum 3D7,Alkaline phosphatase D-related
PFI0605c,"alkaline phosphatase, putative",,,plasma membrane,Plasmodium falciparum 3D7,Alkaline phosphatase D-related
Slc25a46,"Solute carrier family 25, member 46",molecular function,membrane fission,membrane,house mouse,membrane proteins
Slc25a46,"Solute carrier family 25, member 46",molecular function,mitochondrial membrane fission,mitochondrial outer membrane,house mouse,membrane proteins
EAE_15835,Flagellar biosynthesis sigma factor EAE_15835,DNA-binding transcription factor activity,"regulation of DNA-templated transcription, initiation",cellular anatomical entity,Enterobacter aerogenes KCTC 2190,RNA polymerase sigma-70 region 4
EAE_15835,Flagellar biosynthesis sigma factor EAE_15835,DNA-binding transcription factor activity,"DNA-templated transcription, initiation",cytoplasm,Enterobacter aerogenes KCTC 2190,RNA polymerase sigma-70 region 4
EAE_15835,Flagellar biosynthesis sigma factor EAE_15835,DNA-binding transcription factor activity,"regulation of DNA-templated transcription, initiation",cytoplasm,Enterobacter aerogenes KCTC 2190,RNA polymerase sigma-70 region 4
EAE_15835,Flagellar biosynthesis sigma factor EAE_15835,DNA-directed 5'-3' RNA polymerase activity,RNA biosynthetic process,cytoplasm,Enterobacter aerogenes KCTC 2190,RNA polymerase sigma-70 region 4
EAE_15835,Flagellar biosynthesis sigma factor EAE_15835,sigma factor activity,"regulation of DNA-templated transcription, initiation",cytoplasm,Enterobacter aerogenes KCTC 2190,RNA polymerase sigma-70 region 4
LA_2460,LA_2460,methyltransferase activity,metabolism,cellular anatomical entity,Leptospira interrogans serovar Lai str. 56601,S-adenosyl-L-methionine-dependent methyltransferase
putative acetyltransferase,ECL_01982,transferase activity,,,Enterobacter cloacae subsp. cloacae ATCC 13047,"GNAT domain, protein family"
F-box and leucine rich repeat protein 7,F-box and leucine rich repeat protein 7,ubiquitin-protein transferase activity,mitotic cell cycle,centrosome,Homo sapiens,"Leucine-rich repeat, protein family"
F-box and leucine rich repeat protein 7,F-box and leucine rich repeat protein 7,ubiquitin-protein transferase activity,mitotic cell cycle,portion of cell substance,Homo sapiens,"Leucine-rich repeat, protein family"
F-box and leucine rich repeat protein 7,F-box and leucine rich repeat protein 7,ubiquitin-protein transferase activity,protein ubiquitination,centrosome,Homo sapiens,"Leucine-rich repeat, protein family"
F-box and leucine rich repeat protein 7,F-box and leucine rich repeat protein 7,ubiquitin-protein transferase activity,mitotic cell cycle,cytoskeleton,Homo sapiens,"Leucine-rich repeat, protein family"
F-box and leucine rich repeat protein 7,F-box and leucine rich repeat protein 7,ubiquitin-protein transferase activity,protein ubiquitination,SCF ubiquitin ligase complex,Homo sapiens,"Leucine-rich repeat, protein family"
HSP40,"heat shock protein 40, type II",unfolded protein binding,protein folding,Maurer's cleft,Plasmodium falciparum 3D7,DnaJ domain
HSP40,"heat shock protein 40, type II",unfolded protein binding,protein folding,host cell cytosol,Plasmodium falciparum 3D7,"Chaperone DnaJ, C-terminal"
HSP40,"heat shock protein 40, type II",chaperone binding,protein folding,host cell cytosol,Plasmodium falciparum 3D7,"Chaperone DnaJ, C-terminal"
HSP40,"heat shock protein 40, type II",alcohol binding,protein folding,host cell cytosol,Plasmodium falciparum 3D7,"DnaJ domain, conserved site"
HSP40,"heat shock protein 40, type II",protein binding,protein folding,host cell cytosol,Plasmodium falciparum 3D7,DnaJ domain
protease FtsH subunit HflK,RSP_0357,peptidase activity,protein metabolic process,integral component of membrane,Rhodobacter sphaeroides 2.4.1,Band 7 domain
protease FtsH subunit HflK,RSP_0357,catalysis,proteolysis,membrane,Rhodobacter sphaeroides 2.4.1,Band 7 domain
protease FtsH subunit HflK,RSP_0357,peptidase activity,proteolysis,membrane,Rhodobacter sphaeroides 2.4.1,Band 7 domain
protease FtsH subunit HflK,RSP_0357,peptidase activity,proteolysis,membrane,Rhodobacter sphaeroides 2.4.1,Band 7 domain
amino acid transporter YPO3264,Amino acid transporter YPO3264,,,,Yersinia pestis CO92,
PA0380,Sulfur carrier protein ThiS PA0380,,,,Pseudomonas aeruginosa PAO1,
30S ribosomal protein S1 PA3162,rpsA,RNA binding,protein biosynthesis,ribosome,Pseudomonas aeruginosa PAO1,"RNA-binding domain, S1"
30S ribosomal protein S1 PA3162,rpsA,nucleic acid binding,protein biosynthesis,ribosome,Pseudomonas aeruginosa PAO1,"RNA-binding domain, S1"
30S ribosomal protein S1 PA3162,rpsA,structural constituent of ribosome,protein biosynthesis,ribosome,Pseudomonas aeruginosa PAO1,"RNA-binding domain, S1"
30S ribosomal protein S1 PA3162,rpsA,mRNA binding,protein biosynthesis,ribosome,Pseudomonas aeruginosa PAO1,"RNA-binding domain, S1"
30S ribosomal protein S1 PA3162,rpsA,nucleic acid binding,protein biosynthesis,cytosolic small ribosomal subunit,Pseudomonas aeruginosa PAO1,S1 domain
germ cell nuclear acidic peptidase,acidic repeat-containing protein,,DNA demethylation,nucleus,Homo sapiens,"SprT-like domain, protein family"
germ cell nuclear acidic peptidase,acidic repeat-containing protein,,DNA demethylation,nucleus,Homo sapiens,"SprT-like domain, protein family"
germ cell nuclear acidic peptidase,acidic repeat-containing protein,,DNA demethylation,nucleus,Homo sapiens,"SprT-like domain, protein family"
germ cell nuclear acidic peptidase,acidic repeat-containing protein,,DNA demethylation,nucleus,Homo sapiens,"SprT-like domain, protein family"
Slc29a4,equilibrative nucleoside transporter 4,nucleobase-containing compound transmembrane transporter activity,nucleoside transmembrane transport,plasma membrane,house mouse,MFS transporter superfamily
Slc29a4,equilibrative nucleoside transporter 4,nucleoside transmembrane transporter activity,monoamine transport,membrane,house mouse,MFS transporter superfamily
dihydrolipoamide succinyltransferase NMB0956,Dihydrolipoamide succinyltransferase NMB0956,dihydrolipoyllysine-residue succinyltransferase activity,L-lysine catabolic process to acetyl-CoA via saccharopine,oxoglutarate dehydrogenase complex,Neisseria meningitidis MC58,Single hybrid motif
dihydrolipoamide succinyltransferase NMB0956,Dihydrolipoamide succinyltransferase NMB0956,dihydrolipoyllysine-residue succinyltransferase activity,tricarboxylic acid cycle,oxoglutarate dehydrogenase complex,Neisseria meningitidis MC58,Single hybrid motif
dihydrolipoamide succinyltransferase NMB0956,Dihydrolipoamide succinyltransferase NMB0956,transferase activity,L-lysine catabolic process to acetyl-CoA via saccharopine,dihydrolipoyl dehydrogenase complex,Neisseria meningitidis MC58,Single hybrid motif
Tbc1d21,"TBC1 domain family, member 21",GTPase activator activity,regulation of vesicle fusion,secretory granule,house mouse,Rab-GTPase-TBC domain
hypothetical protein,Hypothetical protein TDE0433,,,,Treponema denticola ATCC 35405,
2-Cys peroxiredoxin Rv1932,Rv1932,,cell redox homeostasis,,Mycobacterium tuberculosis H37Rv,Thiol peroxidase conserved site
2-Cys peroxiredoxin Rv1932,Rv1932,,cellular oxidant detoxification,,Mycobacterium tuberculosis H37Rv,Redoxin domain
2-Cys peroxiredoxin Rv1932,Rv1932,,cell redox homeostasis,,Mycobacterium tuberculosis H37Rv,Redoxin domain
2-Cys peroxiredoxin Rv1932,Rv1932,,cell redox homeostasis,,Mycobacterium tuberculosis H37Rv,Thioredoxin domain
hypothetical protein PP_2172,PP_2172,,,,Pseudomonas putida KT2440,
glucose kinase LA_1437,Glucose kinase LA_1437,kinase activity,phosphorylation,,Leptospira interrogans serovar Lai str. 56601,ROK family
hypothetical protein NMB0012,Hypothetical protein NMB0012,,,membrane,Neisseria meningitidis MC58,
MRFF,Mitochondrial ribosome recycling factor,ribosomal large subunit binding,protein biosynthesis,mitochondrial matrix,Homo sapiens,Ribosome recycling factor
MRFF,Mitochondrial ribosome recycling factor,ribosomal large subunit binding,protein biosynthesis,mitochondrion,Homo sapiens,Ribosome recycling factor
MRFF,Mitochondrial ribosome recycling factor,ribosomal large subunit binding,protein biosynthesis,mitochondrion,Homo sapiens,Ribosome recycling factor
MRFF,Mitochondrial ribosome recycling factor,ribosomal large subunit binding,protein biosynthesis,mitochondrial matrix,Homo sapiens,Ribosome recycling factor
MRFF,Mitochondrial ribosome recycling factor,ribosomal large subunit binding,protein biosynthesis,mitochondrion,Homo sapiens,Ribosome recycling factor
Olfr732,GA_x6K02T2PMLR-5975274-5974348,G protein-coupled receptor activity,detection of chemical stimulus involved in sensory perception,plasma membrane,house mouse,olfactory receptor
Olfr732,GA_x6K02T2PMLR-5975274-5974348,olfactory receptor activity,detection of chemical stimulus involved in sensory perception,plasma membrane,house mouse,olfactory receptor
Olfr732,GA_x6K02T2PMLR-5975274-5974348,transmembrane signaling receptor activity,detection of chemical stimulus,cellular component,house mouse,olfactory receptor
Olfr732,GA_x6K02T2PMLR-5975274-5974348,olfactory receptor activity,detection of chemical stimulus involved in sensory perception,integral component of membrane,house mouse,olfactory receptor
Olfr659,Olfactory receptor 659,signal transducer activity,sensory perception of smell,integral component of membrane,house mouse,"GPCR, rhodopsin-like, 7TM"
Olfr659,Olfactory receptor 659,G protein-coupled receptor activity,detection of chemical stimulus involved in sensory perception of smell,integral component of membrane,house mouse,"GPCR, rhodopsin-like, 7TM"
Olfr659,Olfactory receptor 659,G protein-coupled receptor activity,detection of chemical stimulus involved in sensory perception of smell,plasma membrane,house mouse,"GPCR, rhodopsin-like, 7TM"
Olfr659,Olfactory receptor 659,molecular function,sensory perception of smell,membrane,house mouse,"GPCR, rhodopsin-like, 7TM"
Olfr659,Olfactory receptor 659,signal transducer activity,detection of chemical stimulus involved in sensory perception of smell,membrane,house mouse,"GPCR, rhodopsin-like, 7TM"
ECIAI39_4671,Acyl CoA:acetate/3-ketoacid CoA transferase ECIAI39_4671,acetate CoA-transferase activity,ketone body catabolic process,,Escherichia coli IAI39,
ECIAI39_4671,Acyl CoA:acetate/3-ketoacid CoA transferase ECIAI39_4671,CoA-transferase activity,metabolism,,Escherichia coli IAI39,
ECIAI39_4671,Acyl CoA:acetate/3-ketoacid CoA transferase ECIAI39_4671,acetate CoA-transferase activity,ketone body catabolic process,,Escherichia coli IAI39,
ECIAI39_4671,Acyl CoA:acetate/3-ketoacid CoA transferase ECIAI39_4671,transferase activity,ketone body catabolic process,,Escherichia coli IAI39,
