{"version":"1.2","table":{"version":"2","table_id":"O3IV923C","columns":[{"index":0,"name":"col0","values":["Iheya","Mizukai","Yamae","Sagbra","Itvuki","Kuma","Minaoiso","Ubuydma","Nkijin","Nishiawalura","Shnjō","Hidka","zumizaki","Miybke","Toshma","Chikuhokv","Chihayaakaaka","Tōkai","Ogasazara","Hakwba"]},{"index":1,"name":"col1","values":["21.68908","190.96","122.15952","93.5946","251.40248","209.24064","77.68332","60.32352","40.3293","58.31782","67.17711","44.5809","35.536289999999994","55.944","4.1035200000000005","98.97265","37.374599999999994","38.207879999999996","104.51440999999998","191.06423999999998"]},{"index":2,"name":"col2","values":["1179.878","2088.39","3221.554","4188.839999999999","944.4239999999999","3310.307","10423.2","1409.76","9326.833999999999","1409.408","815.0","4760.675","6288.714999999999","2298.8759999999997","345.744","4306.938999999999","4930.842","37777.404","3077.47","8690.234999999999"]}]},"context":{"page_title":null,"page_url":null,"page_entity_id":null,"content_hierarchy":[]},"links":[[[{"start":0,"end":7,"url":null,"entity_id":"Q1184789","candidates":[]}],[],[]],[[{"start":0,"end":5,"url":null,"entity_id":"Q1184728","candidates":[]}],[],[]],[[{"start":0,"end":6,"url":null,"entity_id":"Q1184723","candidates":[]}],[],[]],[[{"start":0,"end":6,"url":null,"entity_id":"Q1184716","candidates":[]}],[],[]],[[{"start":0,"end":4,"url":null,"entity_id":"Q1184708","candidates":[]}],[],[]],[[{"start":0,"end":8,"url":null,"entity_id":"Q1184681","candidates":[]}],[],[]],[[{"start":0,"end":7,"url":null,"entity_id":"Q1184667","candidates":[]}],[],[]],[[{"start":0,"end":6,"url":null,"entity_id":"Q1184661","candidates":[]}],[],[]],[[{"start":0,"end":12,"url":null,"entity_id":"Q1156206","candidates":[]}],[],[]],[[{"start":0,"end":5,"url":null,"entity_id":"Q1156191","candidates":[]}],[],[]],[[{"start":0,"end":5,"url":null,"entity_id":"Q1156151","candidates":[]}],[],[]],[[{"start":0,"end":8,"url":null,"entity_id":"Q1155676","candidates":[]}],[],[]],[[{"start":0,"end":6,"url":null,"entity_id":"Q1154797","candidates":[]}],[],[]],[[{"start":0,"end":6,"url":null,"entity_id":"Q1143112","candidates":[]}],[],[]],[[{"start":0,"end":9,"url":null,"entity_id":"Q1072656","candidates":[]}],[],[]],[[{"start":0,"end":13,"url":null,"entity_id":"Q1072574","candidates":[]}],[],[]],[[{"start":0,"end":5,"url":null,"entity_id":"Q1023784","candidates":[]}],[],[]],[[{"start":0,"end":9,"url":null,"entity_id":"Q1022925","candidates":[]}],[],[]],[[{"start":0,"end":6,"url":null,"entity_id":"Q1011157","candidates":[]}],[],[]],[[{"start":0,"end":5,"url":null,"entity_id":"Q1193315","candidates":[]}],[],[]]]}