{"version":"1.2","table":{"version":"2","table_id":"O4CRMMZQ","columns":[{"index":0,"name":"col0","values":["Steiner Ruderclub","Ruderverein Wiking Linz","KRZV Het Spaarne","Ruder-Club Witten","Ludwigshafener Ruderverein","Akademische Ruderverbindung Westfalen","Circolo Nautico Posillipo","Mannheimer Ruderverein Amicitia von 1876","Frankfurter Rudergesellschaft Germania 1869","Wiener Ruderclub Pirat","Kasteler Ruder- und Kanu-Gesellschaft","Rudergemeinschaft Angaria Hannover","Deutscher Ruder-Club von 1884","SV Energie Berlin (Abteilung Rudern)","Leander Club","Manila Yacht Club","Kölner Rudergesellschaft 1891","Club Remo Olímpico Orio","Club de Remo Pontejos","Sociedad Deportiva de Remo Astillero"]},{"index":1,"name":"col1","values":["1876-01-01","1900-01-01","1885-01-01","1892-01-01","1878-01-01","1891-01-01","1925-01-01","1876-01-01","1869-01-01","1875-01-01","1880-01-01","1886-01-01","1884-01-01","1913-01-01","1818-01-01","1927-01-20","1891-05-15","1965-01-01","1964-01-01","1966-01-01"]},{"index":2,"name":"col2","values":["Lower Austria","Upper Austria","Heemstede","Witten","Ludwigshafen","Münster","Naples","Mannheim","Frankfurt am Main","Vienna","Wiesbaden","Hanover","Hanover","Berlin","Remenham","Malate","Rodenkirchen","Orio","Marina de Cudeyo","El Astillero"]},{"index":3,"name":"col3","values":["Lower Austria","Upper Austria","Heemstede","Witten","Ludwigshafen","Münster","Naples","Mannheim","Frankfurt am Main","Vienna","Wiesbaden","Hanover","Hanover","Berlin","Henley-on-Thames","Malate","Rodenkirchen","Aia","Marina de Cudeyo","El Astillero"]}]},"context":{"page_title":null,"page_url":null,"page_entity_id":null,"content_hierarchy":[]},"links":[[[{"start":0,"end":23,"url":null,"entity_id":"Q1325451","candidates":[]}],[],[{"start":0,"end":13,"url":null,"entity_id":"Q41967","candidates":[]}],[{"start":0,"end":13,"url":null,"entity_id":"Q41967","candidates":[]}]],[[{"start":0,"end":16,"url":null,"entity_id":"Q2357966","candidates":[]}],[],[{"start":0,"end":9,"url":null,"entity_id":"Q9928","candidates":[]}],[{"start":0,"end":9,"url":null,"entity_id":"Q9928","candidates":[]}]],[[{"start":0,"end":17,"url":null,"entity_id":"Q1457579","candidates":[]}],[],[{"start":0,"end":6,"url":null,"entity_id":"Q3764","candidates":[]}],[{"start":0,"end":6,"url":null,"entity_id":"Q3764","candidates":[]}]],[[{"start":0,"end":26,"url":null,"entity_id":"Q1875427","candidates":[]}],[],[{"start":0,"end":12,"url":null,"entity_id":"Q2910","candidates":[]}],[{"start":0,"end":12,"url":null,"entity_id":"Q2910","candidates":[]}]],[[{"start":0,"end":37,"url":null,"entity_id":"Q414746","candidates":[]}],[],[{"start":0,"end":7,"url":null,"entity_id":"Q2742","candidates":[]}],[{"start":0,"end":7,"url":null,"entity_id":"Q2742","candidates":[]}]],[[{"start":0,"end":25,"url":null,"entity_id":"Q673393","candidates":[]}],[],[{"start":0,"end":6,"url":null,"entity_id":"Q2634","candidates":[]}],[{"start":0,"end":6,"url":null,"entity_id":"Q2634","candidates":[]}]],[[{"start":0,"end":40,"url":null,"entity_id":"Q1382972","candidates":[]}],[],[{"start":0,"end":8,"url":null,"entity_id":"Q2119","candidates":[]}],[{"start":0,"end":8,"url":null,"entity_id":"Q2119","candidates":[]}]],[[{"start":0,"end":43,"url":null,"entity_id":"Q1445017","candidates":[]}],[],[{"start":0,"end":17,"url":null,"entity_id":"Q1794","candidates":[]}],[{"start":0,"end":17,"url":null,"entity_id":"Q1794","candidates":[]}]],[[{"start":0,"end":22,"url":null,"entity_id":"Q1239054","candidates":[]}],[],[{"start":0,"end":6,"url":null,"entity_id":"Q1741","candidates":[]}],[{"start":0,"end":6,"url":null,"entity_id":"Q1741","candidates":[]}]],[[{"start":0,"end":37,"url":null,"entity_id":"Q1256570","candidates":[]}],[],[{"start":0,"end":9,"url":null,"entity_id":"Q1721","candidates":[]}],[{"start":0,"end":9,"url":null,"entity_id":"Q1721","candidates":[]}]],[[{"start":0,"end":34,"url":null,"entity_id":"Q1299297","candidates":[]}],[],[{"start":0,"end":7,"url":null,"entity_id":"Q1715","candidates":[]}],[{"start":0,"end":7,"url":null,"entity_id":"Q1715","candidates":[]}]],[[{"start":0,"end":29,"url":null,"entity_id":"Q1205253","candidates":[]}],[],[{"start":0,"end":7,"url":null,"entity_id":"Q1715","candidates":[]}],[{"start":0,"end":7,"url":null,"entity_id":"Q1715","candidates":[]}]],[[{"start":0,"end":36,"url":null,"entity_id":"Q1530895","candidates":[]}],[],[{"start":0,"end":6,"url":null,"entity_id":"Q64","candidates":[]}],[{"start":0,"end":6,"url":null,"entity_id":"Q64","candidates":[]}]],[[{"start":0,"end":12,"url":null,"entity_id":"Q2351629","candidates":[]}],[],[{"start":0,"end":8,"url":null,"entity_id":"Q2830827","candidates":[]}],[{"start":0,"end":16,"url":null,"entity_id":"Q990253","candidates":[]}]],[[{"start":0,"end":17,"url":null,"entity_id":"Q61787540","candidates":[]}],[],[{"start":0,"end":6,"url":null,"entity_id":"Q3547032","candidates":[]}],[{"start":0,"end":6,"url":null,"entity_id":"Q3547032","candidates":[]}]],[[{"start":0,"end":29,"url":null,"entity_id":"Q61235434","candidates":[]}],[],[{"start":0,"end":12,"url":null,"entity_id":"Q446716","candidates":[]}],[{"start":0,"end":12,"url":null,"entity_id":"Q885372","candidates":[]}]],[[{"start":0,"end":23,"url":null,"entity_id":"Q2980103","candidates":[]}],[],[{"start":0,"end":4,"url":null,"entity_id":"Q1649616","candidates":[]}],[{"start":0,"end":3,"url":null,"entity_id":"Q1631163","candidates":[]}]],[[{"start":0,"end":21,"url":null,"entity_id":"Q2980108","candidates":[]}],[],[{"start":0,"end":16,"url":null,"entity_id":"Q1606273","candidates":[]}],[{"start":0,"end":16,"url":null,"entity_id":"Q1606273","candidates":[]}]],[[{"start":0,"end":36,"url":null,"entity_id":"Q3066914","candidates":[]}],[],[{"start":0,"end":12,"url":null,"entity_id":"Q1443915","candidates":[]}],[{"start":0,"end":12,"url":null,"entity_id":"Q1443915","candidates":[]}]],[[{"start":0,"end":17,"url":null,"entity_id":"Q1284287","candidates":[]}],[],[{"start":0,"end":13,"url":null,"entity_id":"Q42497","candidates":[]}],[{"start":0,"end":13,"url":null,"entity_id":"Q42497","candidates":[]}]]]}