{"version":"1.2","table":{"version":"2","table_id":"O5X7YUBF","columns":[{"index":0,"name":"col0","values":["1955 Vuelta a Colombia","1954 Vuelta a Colombia","1953 Vuelta a Colombia","1952 Vuelta a Colombia","1951 Vuelta a Colombia","2014 Vuelta a Colombia","2013 Vuelta a Colombia","2008 Vuelta a Colombia","2007 Vuelta a Colombia","2006 Vuelta a Colombia","2005 Vuelta a Colombia","2004 Vuelta a Colombia","2003 Vuelta a Colombia","2002 Vuelta a Colombia","2001 Vuelta a Colombia","2000 Vuelta a Colombia","1999 Vuelta a Colombia","1998 Vuelta a Colombia","1997 Vuelta a Colombia","1996 Vuelta a Colombia"]},{"index":1,"name":"col1","values":["2246","1866","1923","1678","1157","1517.8","2142","2069.3","2253.4","1905","2111.9","1945.7","2200","1728.8","1946.3","2310.8","2300","2438.1","1960","1968"]},{"index":2,"name":"col2","values":["1955-06-12","1954-01-31","1953-03-08","1952-01-17","1951-01-17","2014-08-17","2013-06-23","2008-05-25","2007-08-12","2006-08-20","2005-08-07","2004-06-20","2003-06-30","2002-07-14","2001-07-02","2000-06-26","1999-06-27","1998-05-10","1997-05-04","1996-05-05"]}]},"context":{"page_title":null,"page_url":null,"page_entity_id":null,"content_hierarchy":[]},"links":[[[{"start":0,"end":22,"url":null,"entity_id":"Q20726361","candidates":[]}],[],[]],[[{"start":0,"end":22,"url":null,"entity_id":"Q20726360","candidates":[]}],[],[]],[[{"start":0,"end":22,"url":null,"entity_id":"Q20726359","candidates":[]}],[],[]],[[{"start":0,"end":22,"url":null,"entity_id":"Q20726358","candidates":[]}],[],[]],[[{"start":0,"end":22,"url":null,"entity_id":"Q17486742","candidates":[]}],[],[]],[[{"start":0,"end":22,"url":null,"entity_id":"Q13405647","candidates":[]}],[],[]],[[{"start":0,"end":22,"url":null,"entity_id":"Q4612216","candidates":[]}],[],[]],[[{"start":0,"end":22,"url":null,"entity_id":"Q4609545","candidates":[]}],[],[]],[[{"start":0,"end":22,"url":null,"entity_id":"Q4607115","candidates":[]}],[],[]],[[{"start":0,"end":22,"url":null,"entity_id":"Q4605035","candidates":[]}],[],[]],[[{"start":0,"end":22,"url":null,"entity_id":"Q4603437","candidates":[]}],[],[]],[[{"start":0,"end":22,"url":null,"entity_id":"Q4601970","candidates":[]}],[],[]],[[{"start":0,"end":22,"url":null,"entity_id":"Q4600619","candidates":[]}],[],[]],[[{"start":0,"end":22,"url":null,"entity_id":"Q4599214","candidates":[]}],[],[]],[[{"start":0,"end":22,"url":null,"entity_id":"Q4597951","candidates":[]}],[],[]],[[{"start":0,"end":22,"url":null,"entity_id":"Q4595226","candidates":[]}],[],[]],[[{"start":0,"end":22,"url":null,"entity_id":"Q4594081","candidates":[]}],[],[]],[[{"start":0,"end":22,"url":null,"entity_id":"Q4592891","candidates":[]}],[],[]],[[{"start":0,"end":22,"url":null,"entity_id":"Q4591796","candidates":[]}],[],[]],[[{"start":0,"end":22,"url":null,"entity_id":"Q20726362","candidates":[]}],[],[]]]}