{"version":"1.2","table":{"version":"2","table_id":"O66R5UK4","columns":[{"index":0,"name":"col0","values":["Le Studio","Muscle Shoals Sound Studio","Fascination Street Studios","Record Plant","Studio Fredman","Virtue Studios","Compass Point Studios","Stage One Studio","Sun Studio","Black Ark Studios","Townhouse Studios","Fisher Lane Farm","Sound Supreme","Kingsize Soundlabs","Hitsville","Astia-studio","American Sound Studio, Atlanta, GA","American Studios, Nashville","RCA Studio A","Dreamh Record"]},{"index":1,"name":"col1","values":["Canada","United States of America","Sweden","United States of America","Sweden","United States of America","Bahamas","Germany","United States of America","Jamaica","United Kingdom","United Kingdom","Finland","United States of America","Finland","Finland","United States of America","United States of America","United States of America","Angola"]},{"index":2,"name":"col2","values":["Quebec","Sheffield","Örebro","New York City","Gothenburg Municipality","Philadelphia","Nassau","Borgentreich","Memphis","Kingston","Shepherd's Bush","Chiddingfold","Hämeenlinna","Glassell Park","Pitäjänmäki","Lappeenranta","Atlanta","Nashville","Nashville","Golfe (Luanda)"]},{"index":3,"name":"col3","values":["André Perry","Muscle Shoals Rhythm Section","Jens Bogren","Chris Stone","Fredrik Nordström","Frank Virtue","Chris Blackwell","Andy Classen","Sam Phillips","Lee \"Scratch\" Perry","Richard Branson","Genesis","Janne Saksa","Dave Trumfio","Esa Pulliainen","Anssi Kippo","Chips Moman","Chips Moman","Chet Atkins","David Russell Samuel"]}]},"context":{"page_title":null,"page_url":null,"page_entity_id":null,"content_hierarchy":[]},"links":[[[{"start":0,"end":26,"url":null,"entity_id":"Q679366","candidates":[]}],[{"start":0,"end":24,"url":null,"entity_id":"Q30","candidates":[]}],[{"start":0,"end":9,"url":null,"entity_id":"Q79568","candidates":[]}],[{"start":0,"end":28,"url":null,"entity_id":"Q6940302","candidates":[]}]],[[{"start":0,"end":26,"url":null,"entity_id":"Q1397372","candidates":[]}],[{"start":0,"end":6,"url":null,"entity_id":"Q34","candidates":[]}],[{"start":0,"end":6,"url":null,"entity_id":"Q25732","candidates":[]}],[{"start":0,"end":11,"url":null,"entity_id":"Q6179620","candidates":[]}]],[[{"start":0,"end":12,"url":null,"entity_id":"Q1095593","candidates":[]}],[{"start":0,"end":24,"url":null,"entity_id":"Q30","candidates":[]}],[{"start":0,"end":13,"url":null,"entity_id":"Q60","candidates":[]}],[{"start":0,"end":11,"url":null,"entity_id":"Q5108174","candidates":[]}]],[[{"start":0,"end":14,"url":null,"entity_id":"Q1170074","candidates":[]}],[{"start":0,"end":6,"url":null,"entity_id":"Q34","candidates":[]}],[{"start":0,"end":23,"url":null,"entity_id":"Q52502","candidates":[]}],[{"start":0,"end":17,"url":null,"entity_id":"Q2457132","candidates":[]}]],[[{"start":0,"end":14,"url":null,"entity_id":"Q2410931","candidates":[]}],[{"start":0,"end":24,"url":null,"entity_id":"Q30","candidates":[]}],[{"start":0,"end":12,"url":null,"entity_id":"Q1345","candidates":[]}],[{"start":0,"end":12,"url":null,"entity_id":"Q1893187","candidates":[]}]],[[{"start":0,"end":21,"url":null,"entity_id":"Q600140","candidates":[]}],[{"start":0,"end":7,"url":null,"entity_id":"Q778","candidates":[]}],[{"start":0,"end":6,"url":null,"entity_id":"Q2467","candidates":[]}],[{"start":0,"end":15,"url":null,"entity_id":"Q861129","candidates":[]}]],[[{"start":0,"end":16,"url":null,"entity_id":"Q1748688","candidates":[]}],[{"start":0,"end":7,"url":null,"entity_id":"Q183","candidates":[]}],[{"start":0,"end":12,"url":null,"entity_id":"Q241978","candidates":[]}],[{"start":0,"end":12,"url":null,"entity_id":"Q525530","candidates":[]}]],[[{"start":0,"end":10,"url":null,"entity_id":"Q2516615","candidates":[]}],[{"start":0,"end":24,"url":null,"entity_id":"Q30","candidates":[]}],[{"start":0,"end":7,"url":null,"entity_id":"Q16563","candidates":[]}],[{"start":0,"end":12,"url":null,"entity_id":"Q321354","candidates":[]}]],[[{"start":0,"end":17,"url":null,"entity_id":"Q2331306","candidates":[]}],[{"start":0,"end":7,"url":null,"entity_id":"Q766","candidates":[]}],[{"start":0,"end":8,"url":null,"entity_id":"Q34692","candidates":[]}],[{"start":0,"end":19,"url":null,"entity_id":"Q315417","candidates":[]}]],[[{"start":0,"end":17,"url":null,"entity_id":"Q1326315","candidates":[]}],[{"start":0,"end":14,"url":null,"entity_id":"Q145","candidates":[]}],[{"start":0,"end":15,"url":null,"entity_id":"Q1026182","candidates":[]}],[{"start":0,"end":15,"url":null,"entity_id":"Q194419","candidates":[]}]],[[{"start":0,"end":16,"url":null,"entity_id":"Q766948","candidates":[]}],[{"start":0,"end":14,"url":null,"entity_id":"Q145","candidates":[]}],[{"start":0,"end":12,"url":null,"entity_id":"Q1776354","candidates":[]}],[{"start":0,"end":7,"url":null,"entity_id":"Q151012","candidates":[]}]],[[{"start":0,"end":13,"url":null,"entity_id":"Q25451450","candidates":[]}],[{"start":0,"end":7,"url":null,"entity_id":"Q33","candidates":[]}],[{"start":0,"end":11,"url":null,"entity_id":"Q202158","candidates":[]}],[{"start":0,"end":11,"url":null,"entity_id":"Q15894109","candidates":[]}]],[[{"start":0,"end":18,"url":null,"entity_id":"Q16998437","candidates":[]}],[{"start":0,"end":24,"url":null,"entity_id":"Q30","candidates":[]}],[{"start":0,"end":13,"url":null,"entity_id":"Q4619624","candidates":[]}],[{"start":0,"end":12,"url":null,"entity_id":"Q5230014","candidates":[]}]],[[{"start":0,"end":9,"url":null,"entity_id":"Q56399829","candidates":[]}],[{"start":0,"end":7,"url":null,"entity_id":"Q33","candidates":[]}],[{"start":0,"end":11,"url":null,"entity_id":"Q3132961","candidates":[]}],[{"start":0,"end":14,"url":null,"entity_id":"Q3057623","candidates":[]}]],[[{"start":0,"end":12,"url":null,"entity_id":"Q47509095","candidates":[]}],[{"start":0,"end":7,"url":null,"entity_id":"Q33","candidates":[]}],[{"start":0,"end":12,"url":null,"entity_id":"Q181854","candidates":[]}],[{"start":0,"end":11,"url":null,"entity_id":"Q2852527","candidates":[]}]],[[{"start":0,"end":34,"url":null,"entity_id":"Q58319241","candidates":[]}],[{"start":0,"end":24,"url":null,"entity_id":"Q30","candidates":[]}],[{"start":0,"end":7,"url":null,"entity_id":"Q23556","candidates":[]}],[{"start":0,"end":11,"url":null,"entity_id":"Q1074626","candidates":[]}]],[[{"start":0,"end":27,"url":null,"entity_id":"Q58319337","candidates":[]}],[{"start":0,"end":24,"url":null,"entity_id":"Q30","candidates":[]}],[{"start":0,"end":9,"url":null,"entity_id":"Q23197","candidates":[]}],[{"start":0,"end":11,"url":null,"entity_id":"Q1074626","candidates":[]}]],[[{"start":0,"end":12,"url":null,"entity_id":"Q54954093","candidates":[]}],[{"start":0,"end":24,"url":null,"entity_id":"Q30","candidates":[]}],[{"start":0,"end":9,"url":null,"entity_id":"Q23197","candidates":[]}],[{"start":0,"end":11,"url":null,"entity_id":"Q72096","candidates":[]}]],[[{"start":0,"end":13,"url":null,"entity_id":"Q64617335","candidates":[]}],[{"start":0,"end":6,"url":null,"entity_id":"Q916","candidates":[]}],[{"start":0,"end":14,"url":null,"entity_id":"Q10290419","candidates":[]}],[{"start":0,"end":20,"url":null,"entity_id":"Q64627997","candidates":[]}]],[[{"start":0,"end":9,"url":null,"entity_id":"Q3227432","candidates":[]}],[{"start":0,"end":6,"url":null,"entity_id":"Q16","candidates":[]}],[{"start":0,"end":6,"url":null,"entity_id":"Q176","candidates":[]}],[{"start":0,"end":11,"url":null,"entity_id":"Q65115482","candidates":[]}]]]}