{"version":"1.2","table":{"version":"2","table_id":"O6XERSWL","columns":[{"index":0,"name":"col0","values":["Brandstetten","Gstatt","Sand","Hohenöd","Dellern","Kainz","Manglham","Ed","Lindberg","Schönhof","Katzenthal","Großweiher","Pützrath","Altmannsberg","Matzöd","Lohmann","Stinglham","Stallhof","Hasling","Buch"]},{"index":1,"name":"col1","values":["409","431","441","460","441","441","439","419","438","447","490","434","75","444","441","422","417","456","455","450"]},{"index":2,"name":"col2","values":["2","24","26","15","16","19","23","17","13","14","33","13","23","10","18","9","10","10","8","7"]},{"index":3,"name":"col3","values":["1","6","6","4","4","4","4","4","4","4","6","4","5","3","3","3","3","3","3","3"]}]},"context":{"page_title":null,"page_url":null,"page_entity_id":null,"content_hierarchy":[]},"links":[[[{"start":0,"end":6,"url":null,"entity_id":"Q75699832","candidates":[]}],[],[],[]],[[{"start":0,"end":4,"url":null,"entity_id":"Q75699438","candidates":[]}],[],[],[]],[[{"start":0,"end":7,"url":null,"entity_id":"Q75700091","candidates":[]}],[],[],[]],[[{"start":0,"end":7,"url":null,"entity_id":"Q75699952","candidates":[]}],[],[],[]],[[{"start":0,"end":5,"url":null,"entity_id":"Q75699788","candidates":[]}],[],[],[]],[[{"start":0,"end":8,"url":null,"entity_id":"Q75699779","candidates":[]}],[],[],[]],[[{"start":0,"end":2,"url":null,"entity_id":"Q75699357","candidates":[]}],[],[],[]],[[{"start":0,"end":8,"url":null,"entity_id":"Q75699324","candidates":[]}],[],[],[]],[[{"start":0,"end":8,"url":null,"entity_id":"Q75698972","candidates":[]}],[],[],[]],[[{"start":0,"end":10,"url":null,"entity_id":"Q1700256","candidates":[]}],[],[],[]],[[{"start":0,"end":10,"url":null,"entity_id":"Q28119443","candidates":[]}],[],[],[]],[[{"start":0,"end":8,"url":null,"entity_id":"Q1591154","candidates":[]}],[],[],[]],[[{"start":0,"end":12,"url":null,"entity_id":"Q75699977","candidates":[]}],[],[],[]],[[{"start":0,"end":6,"url":null,"entity_id":"Q75699771","candidates":[]}],[],[],[]],[[{"start":0,"end":7,"url":null,"entity_id":"Q75699321","candidates":[]}],[],[],[]],[[{"start":0,"end":9,"url":null,"entity_id":"Q75699283","candidates":[]}],[],[],[]],[[{"start":0,"end":8,"url":null,"entity_id":"Q75698976","candidates":[]}],[],[],[]],[[{"start":0,"end":7,"url":null,"entity_id":"Q75698958","candidates":[]}],[],[],[]],[[{"start":0,"end":4,"url":null,"entity_id":"Q75698950","candidates":[]}],[],[],[]],[[{"start":0,"end":12,"url":null,"entity_id":"Q75699359","candidates":[]}],[],[],[]]]}