{"version":"1.2","table":{"version":"2","table_id":"O7PS9R3Q","columns":[{"index":0,"name":"col0","values":["Écluse de Guipry","Écluse de Macaire","Écluse de La Bouëxière","Écluse du Boël","Écluse de Cicé","Schleuse Regow","Schleuse Liebenwalde","Béarnais Lock","Minimes Lock","Écluse de Vic","Méditerranée Lock","La Grange Lock and Dam","Coffeeville Lock and Dam","Lock and Dam No. 9","Jamie Whitten Lock and Dam","Tom Bevill Lock and Dam","Tidewater Lock","Starved Rock Lock and Dam","Resclosa de la Séquia de Manresa","Münster lock"]},{"index":1,"name":"col1","values":["France","France","France","France","France","Germany","Germany","France","France","France","France","United States of America","United States of America","United States of America","United States of America","United States of America","United States of America","United States of America","Spain","Germany"]},{"index":2,"name":"col2","values":["3.92","5.554","10.986","12.707","17.382","48.34","39.1","135","139","151","193","134","9","193","114","41","0","137","300","56.5"]}]},"context":{"page_title":null,"page_url":null,"page_entity_id":null,"content_hierarchy":[]},"links":[[[{"start":0,"end":17,"url":null,"entity_id":"Q27745196","candidates":[]}],[{"start":0,"end":6,"url":null,"entity_id":"Q142","candidates":[]}],[]],[[{"start":0,"end":22,"url":null,"entity_id":"Q27743130","candidates":[]}],[{"start":0,"end":6,"url":null,"entity_id":"Q142","candidates":[]}],[]],[[{"start":0,"end":14,"url":null,"entity_id":"Q27742994","candidates":[]}],[{"start":0,"end":6,"url":null,"entity_id":"Q142","candidates":[]}],[]],[[{"start":0,"end":14,"url":null,"entity_id":"Q27741150","candidates":[]}],[{"start":0,"end":6,"url":null,"entity_id":"Q142","candidates":[]}],[]],[[{"start":0,"end":14,"url":null,"entity_id":"Q16294530","candidates":[]}],[{"start":0,"end":7,"url":null,"entity_id":"Q183","candidates":[]}],[]],[[{"start":0,"end":20,"url":null,"entity_id":"Q12350694","candidates":[]}],[{"start":0,"end":7,"url":null,"entity_id":"Q183","candidates":[]}],[]],[[{"start":0,"end":13,"url":null,"entity_id":"Q18611208","candidates":[]}],[{"start":0,"end":6,"url":null,"entity_id":"Q142","candidates":[]}],[]],[[{"start":0,"end":12,"url":null,"entity_id":"Q18611207","candidates":[]}],[{"start":0,"end":6,"url":null,"entity_id":"Q142","candidates":[]}],[]],[[{"start":0,"end":13,"url":null,"entity_id":"Q18611206","candidates":[]}],[{"start":0,"end":6,"url":null,"entity_id":"Q142","candidates":[]}],[]],[[{"start":0,"end":17,"url":null,"entity_id":"Q18611203","candidates":[]}],[{"start":0,"end":6,"url":null,"entity_id":"Q142","candidates":[]}],[]],[[{"start":0,"end":22,"url":null,"entity_id":"Q16893851","candidates":[]}],[{"start":0,"end":24,"url":null,"entity_id":"Q30","candidates":[]}],[]],[[{"start":0,"end":24,"url":null,"entity_id":"Q16890483","candidates":[]}],[{"start":0,"end":24,"url":null,"entity_id":"Q30","candidates":[]}],[]],[[{"start":0,"end":18,"url":null,"entity_id":"Q14714517","candidates":[]}],[{"start":0,"end":24,"url":null,"entity_id":"Q30","candidates":[]}],[]],[[{"start":0,"end":26,"url":null,"entity_id":"Q14693256","candidates":[]}],[{"start":0,"end":24,"url":null,"entity_id":"Q30","candidates":[]}],[]],[[{"start":0,"end":23,"url":null,"entity_id":"Q7814957","candidates":[]}],[{"start":0,"end":24,"url":null,"entity_id":"Q30","candidates":[]}],[]],[[{"start":0,"end":14,"url":null,"entity_id":"Q7800879","candidates":[]}],[{"start":0,"end":24,"url":null,"entity_id":"Q30","candidates":[]}],[]],[[{"start":0,"end":25,"url":null,"entity_id":"Q7602645","candidates":[]}],[{"start":0,"end":24,"url":null,"entity_id":"Q30","candidates":[]}],[]],[[{"start":0,"end":32,"url":null,"entity_id":"Q18006225","candidates":[]}],[{"start":0,"end":5,"url":null,"entity_id":"Q29","candidates":[]}],[]],[[{"start":0,"end":12,"url":null,"entity_id":"Q77972365","candidates":[]}],[{"start":0,"end":7,"url":null,"entity_id":"Q183","candidates":[]}],[]],[[{"start":0,"end":16,"url":null,"entity_id":"Q27745319","candidates":[]}],[{"start":0,"end":6,"url":null,"entity_id":"Q142","candidates":[]}],[]]]}