{"version":"1.2","table":{"version":"2","table_id":"O7R41X82","columns":[{"index":0,"name":"col0","values":["Sokawera Kidul","Kedungwringin","Besuki","Karangsalam","Alasmalang","Kebarongan","Kecila","Pageralang","Sidamulya","Nusamangir","Karangjati","Sibrama","Sibalung","Sirau","Karanggintung","Grujugan","Petarangan","Tambaksari Kidul","Karangsari","Karangtengah"]},{"index":1,"name":"col1","values":["Patikraja","Patikraja","Lumbir","Kemranjen","Kemranjen","Kemranjen","Kemranjen","Kemranjen","Kemranjen","Kemranjen","Kemranjen","Kemranjen","Kemranjen","Kemranjen","Kemranjen","Kemranjen","Kemranjen","Kembaran","Kembaran","Kembaran"]},{"index":2,"name":"col2","values":["UTC+07:00","UTC+07:00","UTC+07:00","UTC+07:00","UTC+07:00","UTC+07:00","UTC+07:00","UTC+07:00","UTC+07:00","UTC+07:00","UTC+07:00","UTC+07:00","UTC+07:00","UTC+07:00","UTC+07:00","UTC+07:00","UTC+07:00","UTC+07:00","UTC+07:00","UTC+07:00"]}]},"context":{"page_title":null,"page_url":null,"page_entity_id":null,"content_hierarchy":[]},"links":[[[{"start":0,"end":13,"url":null,"entity_id":"Q4184931","candidates":[]}],[{"start":0,"end":9,"url":null,"entity_id":"Q3669672","candidates":[]}],[{"start":0,"end":9,"url":null,"entity_id":"Q6940","candidates":[]}]],[[{"start":0,"end":6,"url":null,"entity_id":"Q4184854","candidates":[]}],[{"start":0,"end":6,"url":null,"entity_id":"Q3669636","candidates":[]}],[{"start":0,"end":9,"url":null,"entity_id":"Q6940","candidates":[]}]],[[{"start":0,"end":11,"url":null,"entity_id":"Q4185052","candidates":[]}],[{"start":0,"end":9,"url":null,"entity_id":"Q3669591","candidates":[]}],[{"start":0,"end":9,"url":null,"entity_id":"Q6940","candidates":[]}]],[[{"start":0,"end":10,"url":null,"entity_id":"Q4184992","candidates":[]}],[{"start":0,"end":9,"url":null,"entity_id":"Q3669591","candidates":[]}],[{"start":0,"end":9,"url":null,"entity_id":"Q6940","candidates":[]}]],[[{"start":0,"end":10,"url":null,"entity_id":"Q4184966","candidates":[]}],[{"start":0,"end":9,"url":null,"entity_id":"Q3669591","candidates":[]}],[{"start":0,"end":9,"url":null,"entity_id":"Q6940","candidates":[]}]],[[{"start":0,"end":6,"url":null,"entity_id":"Q4184961","candidates":[]}],[{"start":0,"end":9,"url":null,"entity_id":"Q3669591","candidates":[]}],[{"start":0,"end":9,"url":null,"entity_id":"Q6940","candidates":[]}]],[[{"start":0,"end":10,"url":null,"entity_id":"Q4184952","candidates":[]}],[{"start":0,"end":9,"url":null,"entity_id":"Q3669591","candidates":[]}],[{"start":0,"end":9,"url":null,"entity_id":"Q6940","candidates":[]}]],[[{"start":0,"end":9,"url":null,"entity_id":"Q4184895","candidates":[]}],[{"start":0,"end":9,"url":null,"entity_id":"Q3669591","candidates":[]}],[{"start":0,"end":9,"url":null,"entity_id":"Q6940","candidates":[]}]],[[{"start":0,"end":10,"url":null,"entity_id":"Q4184889","candidates":[]}],[{"start":0,"end":9,"url":null,"entity_id":"Q3669591","candidates":[]}],[{"start":0,"end":9,"url":null,"entity_id":"Q6940","candidates":[]}]],[[{"start":0,"end":10,"url":null,"entity_id":"Q4184843","candidates":[]}],[{"start":0,"end":9,"url":null,"entity_id":"Q3669591","candidates":[]}],[{"start":0,"end":9,"url":null,"entity_id":"Q6940","candidates":[]}]],[[{"start":0,"end":7,"url":null,"entity_id":"Q4184823","candidates":[]}],[{"start":0,"end":9,"url":null,"entity_id":"Q3669591","candidates":[]}],[{"start":0,"end":9,"url":null,"entity_id":"Q6940","candidates":[]}]],[[{"start":0,"end":8,"url":null,"entity_id":"Q4184817","candidates":[]}],[{"start":0,"end":9,"url":null,"entity_id":"Q3669591","candidates":[]}],[{"start":0,"end":9,"url":null,"entity_id":"Q6940","candidates":[]}]],[[{"start":0,"end":5,"url":null,"entity_id":"Q4184808","candidates":[]}],[{"start":0,"end":9,"url":null,"entity_id":"Q3669591","candidates":[]}],[{"start":0,"end":9,"url":null,"entity_id":"Q6940","candidates":[]}]],[[{"start":0,"end":13,"url":null,"entity_id":"Q4184804","candidates":[]}],[{"start":0,"end":9,"url":null,"entity_id":"Q3669591","candidates":[]}],[{"start":0,"end":9,"url":null,"entity_id":"Q6940","candidates":[]}]],[[{"start":0,"end":8,"url":null,"entity_id":"Q4184797","candidates":[]}],[{"start":0,"end":9,"url":null,"entity_id":"Q3669591","candidates":[]}],[{"start":0,"end":9,"url":null,"entity_id":"Q6940","candidates":[]}]],[[{"start":0,"end":10,"url":null,"entity_id":"Q4184786","candidates":[]}],[{"start":0,"end":9,"url":null,"entity_id":"Q3669591","candidates":[]}],[{"start":0,"end":9,"url":null,"entity_id":"Q6940","candidates":[]}]],[[{"start":0,"end":16,"url":null,"entity_id":"Q4185036","candidates":[]}],[{"start":0,"end":8,"url":null,"entity_id":"Q3669585","candidates":[]}],[{"start":0,"end":9,"url":null,"entity_id":"Q6940","candidates":[]}]],[[{"start":0,"end":10,"url":null,"entity_id":"Q4185008","candidates":[]}],[{"start":0,"end":8,"url":null,"entity_id":"Q3669585","candidates":[]}],[{"start":0,"end":9,"url":null,"entity_id":"Q6940","candidates":[]}]],[[{"start":0,"end":12,"url":null,"entity_id":"Q4185000","candidates":[]}],[{"start":0,"end":8,"url":null,"entity_id":"Q3669585","candidates":[]}],[{"start":0,"end":9,"url":null,"entity_id":"Q6940","candidates":[]}]],[[{"start":0,"end":14,"url":null,"entity_id":"Q4185099","candidates":[]}],[{"start":0,"end":9,"url":null,"entity_id":"Q3669672","candidates":[]}],[{"start":0,"end":9,"url":null,"entity_id":"Q6940","candidates":[]}]]]}