{"version":"1.2","table":{"version":"2","table_id":"OC719C3O","columns":[{"index":0,"name":"col0","values":["Wanderbilder","The Sufferings of the Queen of France","Musiques foraines","Dix pièces pittoresques","Cinq morceaux","Métopes","Masques","Danzas Españolas","Eight Preludes","Gnossiennes","Gymnopédies","Le candélabre à sept branches","4 Preludes, Op. 31","4 Preludes, Op. 33","4 Preludes, Op. 22","Nine Mazurkas","8 Études, Op. 42","12 Études, Op. 8","10 Mazurkas","2 Preludes, Op. 67","2 Preludes, Op. 27","Two Poems, Op. 32","Two Poems, Op. 71","Two Poems, Op. 69","Two Poems, Op. 63","Two Poems, Op. 44","2 Mazurkas, Op. 40","2 Impromptus, Op. 14"]},{"index":1,"name":"col1","values":["piano","piano","piano","piano","piano","piano","piano","piano","piano","piano","piano","piano","piano","piano","piano","piano","piano","piano","piano","piano","piano","piano","piano","piano","piano","piano","piano","piano"]},{"index":2,"name":"col2","values":["12","10","6","10","5","3","3","12","8","6","3","7","4","4","4","9","8","12","10","2","2","2","2","2","2","2","2","2"]},{"index":3,"name":"col3","values":["Adolf Jensen","Jan Ladislav Dussek","Florent Schmitt","Emmanuel Chabrier","Emmanuel Chabrier","Karol Szymanowski","Karol Szymanowski","Enrique Granados","Bohuslav Martinů","Erik Satie","Erik Satie","Darius Milhaud","Alexander Scriabin","Alexander Scriabin","Alexander Scriabin","Alexander Scriabin","Alexander Scriabin","Alexander Scriabin","Alexander Scriabin","Alexander Scriabin","Alexander Scriabin","Alexander Scriabin","Alexander Scriabin","Alexander Scriabin","Alexander Scriabin","Alexander Scriabin","Alexander Scriabin","Alexander Scriabin"]}]},"context":{"page_title":null,"page_url":null,"page_entity_id":null,"content_hierarchy":[]},"links":[[[{"start":0,"end":37,"url":null,"entity_id":"Q1459261","candidates":[]}],[{"start":0,"end":5,"url":null,"entity_id":"Q5994","candidates":[]}],[],[{"start":0,"end":19,"url":null,"entity_id":"Q357172","candidates":[]}]],[[{"start":0,"end":17,"url":null,"entity_id":"Q3328822","candidates":[]}],[{"start":0,"end":5,"url":null,"entity_id":"Q5994","candidates":[]}],[],[{"start":0,"end":15,"url":null,"entity_id":"Q321630","candidates":[]}]],[[{"start":0,"end":23,"url":null,"entity_id":"Q3032593","candidates":[]}],[{"start":0,"end":5,"url":null,"entity_id":"Q5994","candidates":[]}],[],[{"start":0,"end":17,"url":null,"entity_id":"Q313374","candidates":[]}]],[[{"start":0,"end":13,"url":null,"entity_id":"Q2972897","candidates":[]}],[{"start":0,"end":5,"url":null,"entity_id":"Q5994","candidates":[]}],[],[{"start":0,"end":17,"url":null,"entity_id":"Q313374","candidates":[]}]],[[{"start":0,"end":7,"url":null,"entity_id":"Q3333755","candidates":[]}],[{"start":0,"end":5,"url":null,"entity_id":"Q5994","candidates":[]}],[],[{"start":0,"end":17,"url":null,"entity_id":"Q295400","candidates":[]}]],[[{"start":0,"end":7,"url":null,"entity_id":"Q3297377","candidates":[]}],[{"start":0,"end":5,"url":null,"entity_id":"Q5994","candidates":[]}],[],[{"start":0,"end":17,"url":null,"entity_id":"Q295400","candidates":[]}]],[[{"start":0,"end":16,"url":null,"entity_id":"Q3015676","candidates":[]}],[{"start":0,"end":5,"url":null,"entity_id":"Q5994","candidates":[]}],[],[{"start":0,"end":16,"url":null,"entity_id":"Q294225","candidates":[]}]],[[{"start":0,"end":14,"url":null,"entity_id":"Q3409000","candidates":[]}],[{"start":0,"end":5,"url":null,"entity_id":"Q5994","candidates":[]}],[],[{"start":0,"end":16,"url":null,"entity_id":"Q223258","candidates":[]}]],[[{"start":0,"end":11,"url":null,"entity_id":"Q2602501","candidates":[]}],[{"start":0,"end":5,"url":null,"entity_id":"Q5994","candidates":[]}],[],[{"start":0,"end":10,"url":null,"entity_id":"Q187192","candidates":[]}]],[[{"start":0,"end":11,"url":null,"entity_id":"Q1190965","candidates":[]}],[{"start":0,"end":5,"url":null,"entity_id":"Q5994","candidates":[]}],[],[{"start":0,"end":10,"url":null,"entity_id":"Q187192","candidates":[]}]],[[{"start":0,"end":29,"url":null,"entity_id":"Q3220792","candidates":[]}],[{"start":0,"end":5,"url":null,"entity_id":"Q5994","candidates":[]}],[],[{"start":0,"end":14,"url":null,"entity_id":"Q186264","candidates":[]}]],[[{"start":0,"end":18,"url":null,"entity_id":"Q3413456","candidates":[]}],[{"start":0,"end":5,"url":null,"entity_id":"Q5994","candidates":[]}],[],[{"start":0,"end":18,"url":null,"entity_id":"Q185647","candidates":[]}]],[[{"start":0,"end":18,"url":null,"entity_id":"Q3413455","candidates":[]}],[{"start":0,"end":5,"url":null,"entity_id":"Q5994","candidates":[]}],[],[{"start":0,"end":18,"url":null,"entity_id":"Q185647","candidates":[]}]],[[{"start":0,"end":18,"url":null,"entity_id":"Q3413454","candidates":[]}],[{"start":0,"end":5,"url":null,"entity_id":"Q5994","candidates":[]}],[],[{"start":0,"end":18,"url":null,"entity_id":"Q185647","candidates":[]}]],[[{"start":0,"end":13,"url":null,"entity_id":"Q3338599","candidates":[]}],[{"start":0,"end":5,"url":null,"entity_id":"Q5994","candidates":[]}],[],[{"start":0,"end":18,"url":null,"entity_id":"Q185647","candidates":[]}]],[[{"start":0,"end":16,"url":null,"entity_id":"Q3142918","candidates":[]}],[{"start":0,"end":5,"url":null,"entity_id":"Q5994","candidates":[]}],[],[{"start":0,"end":18,"url":null,"entity_id":"Q185647","candidates":[]}]],[[{"start":0,"end":16,"url":null,"entity_id":"Q3038232","candidates":[]}],[{"start":0,"end":5,"url":null,"entity_id":"Q5994","candidates":[]}],[],[{"start":0,"end":18,"url":null,"entity_id":"Q185647","candidates":[]}]],[[{"start":0,"end":11,"url":null,"entity_id":"Q3032542","candidates":[]}],[{"start":0,"end":5,"url":null,"entity_id":"Q5994","candidates":[]}],[],[{"start":0,"end":18,"url":null,"entity_id":"Q185647","candidates":[]}]],[[{"start":0,"end":18,"url":null,"entity_id":"Q3024899","candidates":[]}],[{"start":0,"end":5,"url":null,"entity_id":"Q5994","candidates":[]}],[],[{"start":0,"end":18,"url":null,"entity_id":"Q185647","candidates":[]}]],[[{"start":0,"end":18,"url":null,"entity_id":"Q3024897","candidates":[]}],[{"start":0,"end":5,"url":null,"entity_id":"Q5994","candidates":[]}],[],[{"start":0,"end":18,"url":null,"entity_id":"Q185647","candidates":[]}]],[[{"start":0,"end":17,"url":null,"entity_id":"Q3024896","candidates":[]}],[{"start":0,"end":5,"url":null,"entity_id":"Q5994","candidates":[]}],[],[{"start":0,"end":18,"url":null,"entity_id":"Q185647","candidates":[]}]],[[{"start":0,"end":17,"url":null,"entity_id":"Q3024895","candidates":[]}],[{"start":0,"end":5,"url":null,"entity_id":"Q5994","candidates":[]}],[],[{"start":0,"end":18,"url":null,"entity_id":"Q185647","candidates":[]}]],[[{"start":0,"end":17,"url":null,"entity_id":"Q3024894","candidates":[]}],[{"start":0,"end":5,"url":null,"entity_id":"Q5994","candidates":[]}],[],[{"start":0,"end":18,"url":null,"entity_id":"Q185647","candidates":[]}]],[[{"start":0,"end":17,"url":null,"entity_id":"Q3024893","candidates":[]}],[{"start":0,"end":5,"url":null,"entity_id":"Q5994","candidates":[]}],[],[{"start":0,"end":18,"url":null,"entity_id":"Q185647","candidates":[]}]],[[{"start":0,"end":17,"url":null,"entity_id":"Q3024892","candidates":[]}],[{"start":0,"end":5,"url":null,"entity_id":"Q5994","candidates":[]}],[],[{"start":0,"end":18,"url":null,"entity_id":"Q185647","candidates":[]}]],[[{"start":0,"end":18,"url":null,"entity_id":"Q3024890","candidates":[]}],[{"start":0,"end":5,"url":null,"entity_id":"Q5994","candidates":[]}],[],[{"start":0,"end":18,"url":null,"entity_id":"Q185647","candidates":[]}]],[[{"start":0,"end":20,"url":null,"entity_id":"Q3024886","candidates":[]}],[{"start":0,"end":5,"url":null,"entity_id":"Q5994","candidates":[]}],[],[{"start":0,"end":18,"url":null,"entity_id":"Q185647","candidates":[]}]],[[{"start":0,"end":12,"url":null,"entity_id":"Q2547959","candidates":[]}],[{"start":0,"end":5,"url":null,"entity_id":"Q5994","candidates":[]}],[],[{"start":0,"end":12,"url":null,"entity_id":"Q362798","candidates":[]}]]]}