{"version":"1.2","table":{"version":"2","table_id":"OFV47BI0","columns":[{"index":0,"name":"col0","values":["Touro Synagogue","Synagoge (Floß)","Synagoge (Reckendorf)","Synagogue of Bouxwiller","Synagogue d'Ingwiller","Synagoge (Padberg)","Sarajevo Synagogue","Old Synagogue in Sarajevo","Synagoge","Synagoge (Wächtersbach)","Synagoge (Gochsheim)","Synagogue","Synagogue (Sennfeld)","Synagoge (Michelbach an der Lücke)","Synagogue in Auerbach","Synagogue (Vallendar)","Grand Synagogue of Paris","Synagoge (Lunéville)","Synagogue of Besançon","Synagogue d'Avignon"]},{"index":1,"name":"col1","values":["Newport","Floß","Bavaria","Bouxwiller","Ingwiller","Marsberg","Stari Grad","Stari Grad","Hadamar","Wächtersbach","Kraichtal","Kippenheim","Adelsheim","Wallhausen","Bensheim","Rhineland-Palatinate","9th arrondissement of Paris","Lunéville","Besançon","Avignon"]},{"index":2,"name":"col2","values":["place listed on the National Register of Historic Places","architectural heritage monument in Bavaria","architectural heritage monument in Bavaria","bien recensé dans l'inventaire général du patrimoine culturel","bien recensé dans l'inventaire général du patrimoine culturel","architectural heritage monument in North Rhine-Westphalia","National Monument of Bosnia and Herzegovina","National Monument of Bosnia and Herzegovina","Kulturdenkmal","Kulturdenkmal","Kulturdenkmal","Kulturdenkmal","Kulturdenkmal","Kulturdenkmal","Kulturdenkmal","Kulturdenkmal","monument historique classé","monument historique classé","monument historique classé","monument historique classé"]}]},"context":{"page_title":null,"page_url":null,"page_entity_id":null,"content_hierarchy":[]},"links":[[[{"start":0,"end":15,"url":null,"entity_id":"Q1344735","candidates":[]}],[{"start":0,"end":4,"url":null,"entity_id":"Q507904","candidates":[]}],[{"start":0,"end":42,"url":null,"entity_id":"Q17297633","candidates":[]}]],[[{"start":0,"end":21,"url":null,"entity_id":"Q1430617","candidates":[]}],[{"start":0,"end":7,"url":null,"entity_id":"Q980","candidates":[]}],[{"start":0,"end":42,"url":null,"entity_id":"Q17297633","candidates":[]}]],[[{"start":0,"end":23,"url":null,"entity_id":"Q1465509","candidates":[]}],[{"start":0,"end":10,"url":null,"entity_id":"Q22740","candidates":[]}],[{"start":0,"end":61,"url":null,"entity_id":"Q16739336","candidates":[]}]],[[{"start":0,"end":21,"url":null,"entity_id":"Q1362802","candidates":[]}],[{"start":0,"end":9,"url":null,"entity_id":"Q22507","candidates":[]}],[{"start":0,"end":61,"url":null,"entity_id":"Q16739336","candidates":[]}]],[[{"start":0,"end":18,"url":null,"entity_id":"Q1386186","candidates":[]}],[{"start":0,"end":8,"url":null,"entity_id":"Q5645","candidates":[]}],[{"start":0,"end":57,"url":null,"entity_id":"Q15632117","candidates":[]}]],[[{"start":0,"end":18,"url":null,"entity_id":"Q1268899","candidates":[]}],[{"start":0,"end":10,"url":null,"entity_id":"Q1258239","candidates":[]}],[{"start":0,"end":43,"url":null,"entity_id":"Q12637954","candidates":[]}]],[[{"start":0,"end":25,"url":null,"entity_id":"Q1257060","candidates":[]}],[{"start":0,"end":10,"url":null,"entity_id":"Q1258239","candidates":[]}],[{"start":0,"end":43,"url":null,"entity_id":"Q12637954","candidates":[]}]],[[{"start":0,"end":8,"url":null,"entity_id":"Q1282588","candidates":[]}],[{"start":0,"end":7,"url":null,"entity_id":"Q565530","candidates":[]}],[{"start":0,"end":13,"url":null,"entity_id":"Q11691318","candidates":[]}]],[[{"start":0,"end":23,"url":null,"entity_id":"Q1476711","candidates":[]}],[{"start":0,"end":12,"url":null,"entity_id":"Q558612","candidates":[]}],[{"start":0,"end":13,"url":null,"entity_id":"Q11691318","candidates":[]}]],[[{"start":0,"end":20,"url":null,"entity_id":"Q1253981","candidates":[]}],[{"start":0,"end":9,"url":null,"entity_id":"Q542606","candidates":[]}],[{"start":0,"end":13,"url":null,"entity_id":"Q11691318","candidates":[]}]],[[{"start":0,"end":9,"url":null,"entity_id":"Q1456757","candidates":[]}],[{"start":0,"end":10,"url":null,"entity_id":"Q527898","candidates":[]}],[{"start":0,"end":13,"url":null,"entity_id":"Q11691318","candidates":[]}]],[[{"start":0,"end":20,"url":null,"entity_id":"Q1284030","candidates":[]}],[{"start":0,"end":9,"url":null,"entity_id":"Q355435","candidates":[]}],[{"start":0,"end":13,"url":null,"entity_id":"Q11691318","candidates":[]}]],[[{"start":0,"end":34,"url":null,"entity_id":"Q1400520","candidates":[]}],[{"start":0,"end":10,"url":null,"entity_id":"Q82007","candidates":[]}],[{"start":0,"end":13,"url":null,"entity_id":"Q11691318","candidates":[]}]],[[{"start":0,"end":21,"url":null,"entity_id":"Q1396332","candidates":[]}],[{"start":0,"end":8,"url":null,"entity_id":"Q14872","candidates":[]}],[{"start":0,"end":13,"url":null,"entity_id":"Q11691318","candidates":[]}]],[[{"start":0,"end":21,"url":null,"entity_id":"Q1482481","candidates":[]}],[{"start":0,"end":20,"url":null,"entity_id":"Q1200","candidates":[]}],[{"start":0,"end":13,"url":null,"entity_id":"Q11691318","candidates":[]}]],[[{"start":0,"end":24,"url":null,"entity_id":"Q1358886","candidates":[]}],[{"start":0,"end":27,"url":null,"entity_id":"Q275118","candidates":[]}],[{"start":0,"end":26,"url":null,"entity_id":"Q10387684","candidates":[]}]],[[{"start":0,"end":20,"url":null,"entity_id":"Q1359148","candidates":[]}],[{"start":0,"end":9,"url":null,"entity_id":"Q208794","candidates":[]}],[{"start":0,"end":26,"url":null,"entity_id":"Q10387684","candidates":[]}]],[[{"start":0,"end":21,"url":null,"entity_id":"Q1141086","candidates":[]}],[{"start":0,"end":8,"url":null,"entity_id":"Q37776","candidates":[]}],[{"start":0,"end":26,"url":null,"entity_id":"Q10387684","candidates":[]}]],[[{"start":0,"end":19,"url":null,"entity_id":"Q1366211","candidates":[]}],[{"start":0,"end":7,"url":null,"entity_id":"Q6397","candidates":[]}],[{"start":0,"end":26,"url":null,"entity_id":"Q10387684","candidates":[]}]],[[{"start":0,"end":15,"url":null,"entity_id":"Q1355822","candidates":[]}],[{"start":0,"end":7,"url":null,"entity_id":"Q54264","candidates":[]}],[{"start":0,"end":56,"url":null,"entity_id":"Q19558910","candidates":[]}]]]}