{"version":"1.2","table":{"version":"2","table_id":"OG4B6GN4","columns":[{"index":0,"name":"col0","values":["Ministry of Wildlife Conservation and Tourism","Department of Tourism","Ministry of Culture, Sports and Tourism","Ministry of Culture, Sports and Tourism","Ministry of Tourism and Sports (Thailand)","Ministry of Culture, Tourism and Civil Aviation","Ministry of Tourism","Tourism Ministry","Cultural Heritage, Handicrafts and Tourism Organization of Iran","Ministry of Commerce, Industry and Tourism","Ministerio de Turismo","Ministry of Tourism","Ministry of Foreign Commerce and Tourism","Department for Trade, Tourism and Investment","South Australian Tourism Commission","Ministry of Trade, Tourism and Telecommunications of the Republic of Serbia","Ministry of Economy, Development and Tourism","Deputy Ministry Of Tourism (Cyprus)","Ministry of Commerce, Industry and Tourism","Ministry of Energy, Commerce, Industry and Tourism"]},{"index":1,"name":"col1","values":["2011-01-01","1973-01-01","2008-02-29","2007-01-01","2002-01-01","1978-01-01","2013-01-01","1964-01-01","1985-01-01","2002-01-01","2000-01-01","1967-01-01","2002-07-23","2018-07-01","1993-01-01","1991-01-01","1941-01-01","2019-01-02","1994-10-27","2013-07-12"]},{"index":2,"name":"col2","values":["South Sudan","Philippines","South Korea","Vietnam","Thailand","Nepal","Malaysia","Israel","Iran","Colombia","Ecuador","India","Peru","Australia","Australia","Serbia","Chile","Republic of Cyprus","Republic of Cyprus","Republic of Cyprus"]}]},"context":{"page_title":null,"page_url":null,"page_entity_id":null,"content_hierarchy":[]},"links":[[[{"start":0,"end":21,"url":null,"entity_id":"Q3543587","candidates":[]}],[],[{"start":0,"end":11,"url":null,"entity_id":"Q928","candidates":[]}]],[[{"start":0,"end":39,"url":null,"entity_id":"Q488744","candidates":[]}],[],[{"start":0,"end":11,"url":null,"entity_id":"Q884","candidates":[]}]],[[{"start":0,"end":39,"url":null,"entity_id":"Q10743686","candidates":[]}],[],[{"start":0,"end":7,"url":null,"entity_id":"Q881","candidates":[]}]],[[{"start":0,"end":41,"url":null,"entity_id":"Q4919401","candidates":[]}],[],[{"start":0,"end":8,"url":null,"entity_id":"Q869","candidates":[]}]],[[{"start":0,"end":47,"url":null,"entity_id":"Q13186531","candidates":[]}],[],[{"start":0,"end":5,"url":null,"entity_id":"Q837","candidates":[]}]],[[{"start":0,"end":19,"url":null,"entity_id":"Q6867583","candidates":[]}],[],[{"start":0,"end":8,"url":null,"entity_id":"Q833","candidates":[]}]],[[{"start":0,"end":16,"url":null,"entity_id":"Q2565132","candidates":[]}],[],[{"start":0,"end":6,"url":null,"entity_id":"Q801","candidates":[]}]],[[{"start":0,"end":63,"url":null,"entity_id":"Q3355992","candidates":[]}],[],[{"start":0,"end":4,"url":null,"entity_id":"Q794","candidates":[]}]],[[{"start":0,"end":42,"url":null,"entity_id":"Q949040","candidates":[]}],[],[{"start":0,"end":8,"url":null,"entity_id":"Q739","candidates":[]}]],[[{"start":0,"end":21,"url":null,"entity_id":"Q6017482","candidates":[]}],[],[{"start":0,"end":7,"url":null,"entity_id":"Q736","candidates":[]}]],[[{"start":0,"end":19,"url":null,"entity_id":"Q4294772","candidates":[]}],[],[{"start":0,"end":5,"url":null,"entity_id":"Q668","candidates":[]}]],[[{"start":0,"end":40,"url":null,"entity_id":"Q538854","candidates":[]}],[],[{"start":0,"end":4,"url":null,"entity_id":"Q419","candidates":[]}]],[[{"start":0,"end":44,"url":null,"entity_id":"Q56396107","candidates":[]}],[],[{"start":0,"end":9,"url":null,"entity_id":"Q408","candidates":[]}]],[[{"start":0,"end":35,"url":null,"entity_id":"Q7566162","candidates":[]}],[],[{"start":0,"end":9,"url":null,"entity_id":"Q408","candidates":[]}]],[[{"start":0,"end":75,"url":null,"entity_id":"Q16664654","candidates":[]}],[],[{"start":0,"end":6,"url":null,"entity_id":"Q403","candidates":[]}]],[[{"start":0,"end":44,"url":null,"entity_id":"Q4294819","candidates":[]}],[],[{"start":0,"end":5,"url":null,"entity_id":"Q298","candidates":[]}]],[[{"start":0,"end":35,"url":null,"entity_id":"Q86689369","candidates":[]}],[],[{"start":0,"end":18,"url":null,"entity_id":"Q229","candidates":[]}]],[[{"start":0,"end":42,"url":null,"entity_id":"Q66724376","candidates":[]}],[],[{"start":0,"end":18,"url":null,"entity_id":"Q229","candidates":[]}]],[[{"start":0,"end":50,"url":null,"entity_id":"Q50041100","candidates":[]}],[],[{"start":0,"end":18,"url":null,"entity_id":"Q229","candidates":[]}]],[[{"start":0,"end":45,"url":null,"entity_id":"Q6867651","candidates":[]}],[],[{"start":0,"end":11,"url":null,"entity_id":"Q958","candidates":[]}]]]}