{"version":"1.2","table":{"version":"2","table_id":"OHCRZJA3","columns":[{"index":0,"name":"col0","values":["Wiki Workshop 2020","Workshop on Computational Terminology","The Tenth International Workshop on Health Text Mining and Information Analysis","Fourth International Workshop on Visualization and Interaction for Ontologies and Linked Data","The 4th Joint SIGHUM Workshop on Computational Linguistics for Cultural Heritage, Social Sciences, Humanities and Literature","Third Workshop on e-Commerce and NLP","The 15th Workshop on Innovative Use of NLP for Building Educational Applications","The Second Workshop on e-Commerce and NLP","The 8th International Workshop on Natural Language Processing for Social Media @ TheWebConf 2020","7th Workshop on Linked Data in Linguistics","Second Workshop on NLP for Internet Freedom (NLP4IF): Censorship,  Disinformation, and Propaganda","6th Workshop on Argument Mining","The 7th Swedish Workshop on Data Science","1st International Workshop on Approaches for Making Data Interoperable","VOILA 2019 - Visualization and Interaction for Ontologies and Linked Data","2nd Workshop on Quality of Open Data","Workshop on eLexicography between Digital Humanities and Artificial Intelligence Complexities in Data, Technologies, Communities","8th Natural Language Processing (NLP) for Computer-Assisted Language Learning Workshop","The 13th Workshop on Graph-based Methods for  Natural Language Processing","4th Joint Workshop on  Bibliometric-enhanced IR and NLP for Digital Libraries"]},{"index":1,"name":"col1","values":["Markus Krötzsch","Lynne Bowker","Sophia Ananiadou","Harald Sack","Gerard de Melo","Barbara Plank","Joachim Bingel","Besnik Fetahu","Mike Thelwall","Piek Vossen","Paolo Rosso","Iryna Gurevych","Danica Kragic","Amrapali Zaveri","Harald Sack","Finn Årup Nielsen","Christiane Fellbaum","Torsten Zesch","Simone Paolo Ponzetto","Mike Thelwall"]},{"index":2,"name":"col2","values":["paper submission deadline","paper submission deadline","paper submission deadline","paper submission deadline","paper submission deadline","paper submission deadline","paper submission deadline","paper submission deadline","paper submission deadline","paper submission deadline","paper submission deadline","paper submission deadline","abstract submission deadline","paper submission deadline","abstract submission deadline","paper submission deadline","paper submission deadline","paper submission deadline","paper submission deadline","paper submission deadline"]},{"index":3,"name":"col3","values":["Wikimedia Movement","terminology","text mining","visualization","computational linguistics","natural language processing","natural language processing","natural language processing","natural language processing","linguistics","censorship","argumentation mining","data science","data integration","ontology","open data","lexicography","natural language processing","natural language processing","natural language processing"]}]},"context":{"page_title":null,"page_url":null,"page_entity_id":null,"content_hierarchy":[]},"links":[[[{"start":0,"end":37,"url":null,"entity_id":"Q80682702","candidates":[]}],[{"start":0,"end":12,"url":null,"entity_id":"Q58147621","candidates":[]}],[{"start":0,"end":25,"url":null,"entity_id":"Q47483633","candidates":[]}],[{"start":0,"end":11,"url":null,"entity_id":"Q1725664","candidates":[]}]],[[{"start":0,"end":79,"url":null,"entity_id":"Q64936161","candidates":[]}],[{"start":0,"end":16,"url":null,"entity_id":"Q30318445","candidates":[]}],[{"start":0,"end":25,"url":null,"entity_id":"Q47483633","candidates":[]}],[{"start":0,"end":11,"url":null,"entity_id":"Q676880","candidates":[]}]],[[{"start":0,"end":93,"url":null,"entity_id":"Q77234128","candidates":[]}],[{"start":0,"end":11,"url":null,"entity_id":"Q30078997","candidates":[]}],[{"start":0,"end":25,"url":null,"entity_id":"Q47483633","candidates":[]}],[{"start":0,"end":13,"url":null,"entity_id":"Q451553","candidates":[]}]],[[{"start":0,"end":124,"url":null,"entity_id":"Q76643629","candidates":[]}],[{"start":0,"end":14,"url":null,"entity_id":"Q21057281","candidates":[]}],[{"start":0,"end":25,"url":null,"entity_id":"Q47483633","candidates":[]}],[{"start":0,"end":25,"url":null,"entity_id":"Q182557","candidates":[]}]],[[{"start":0,"end":36,"url":null,"entity_id":"Q81530371","candidates":[]}],[{"start":0,"end":13,"url":null,"entity_id":"Q57697598","candidates":[]}],[{"start":0,"end":25,"url":null,"entity_id":"Q47483633","candidates":[]}],[{"start":0,"end":27,"url":null,"entity_id":"Q30642","candidates":[]}]],[[{"start":0,"end":80,"url":null,"entity_id":"Q77325127","candidates":[]}],[{"start":0,"end":14,"url":null,"entity_id":"Q50377864","candidates":[]}],[{"start":0,"end":25,"url":null,"entity_id":"Q47483633","candidates":[]}],[{"start":0,"end":27,"url":null,"entity_id":"Q30642","candidates":[]}]],[[{"start":0,"end":41,"url":null,"entity_id":"Q80677620","candidates":[]}],[{"start":0,"end":13,"url":null,"entity_id":"Q33292049","candidates":[]}],[{"start":0,"end":25,"url":null,"entity_id":"Q47483633","candidates":[]}],[{"start":0,"end":27,"url":null,"entity_id":"Q30642","candidates":[]}]],[[{"start":0,"end":96,"url":null,"entity_id":"Q79147383","candidates":[]}],[{"start":0,"end":13,"url":null,"entity_id":"Q1446808","candidates":[]}],[{"start":0,"end":25,"url":null,"entity_id":"Q47483633","candidates":[]}],[{"start":0,"end":27,"url":null,"entity_id":"Q30642","candidates":[]}]],[[{"start":0,"end":42,"url":null,"entity_id":"Q79137947","candidates":[]}],[{"start":0,"end":11,"url":null,"entity_id":"Q7191588","candidates":[]}],[{"start":0,"end":25,"url":null,"entity_id":"Q47483633","candidates":[]}],[{"start":0,"end":11,"url":null,"entity_id":"Q8162","candidates":[]}]],[[{"start":0,"end":97,"url":null,"entity_id":"Q66054686","candidates":[]}],[{"start":0,"end":11,"url":null,"entity_id":"Q27977403","candidates":[]}],[{"start":0,"end":25,"url":null,"entity_id":"Q47483633","candidates":[]}],[{"start":0,"end":10,"url":null,"entity_id":"Q543","candidates":[]}]],[[{"start":0,"end":31,"url":null,"entity_id":"Q63075690","candidates":[]}],[{"start":0,"end":14,"url":null,"entity_id":"Q21262416","candidates":[]}],[{"start":0,"end":25,"url":null,"entity_id":"Q47483633","candidates":[]}],[{"start":0,"end":20,"url":null,"entity_id":"Q31836357","candidates":[]}]],[[{"start":0,"end":40,"url":null,"entity_id":"Q64605850","candidates":[]}],[{"start":0,"end":13,"url":null,"entity_id":"Q4959723","candidates":[]}],[{"start":0,"end":28,"url":null,"entity_id":"Q59399035","candidates":[]}],[{"start":0,"end":12,"url":null,"entity_id":"Q2374463","candidates":[]}]],[[{"start":0,"end":70,"url":null,"entity_id":"Q63564917","candidates":[]}],[{"start":0,"end":15,"url":null,"entity_id":"Q34315853","candidates":[]}],[{"start":0,"end":25,"url":null,"entity_id":"Q47483633","candidates":[]}],[{"start":0,"end":16,"url":null,"entity_id":"Q386824","candidates":[]}]],[[{"start":0,"end":73,"url":null,"entity_id":"Q64747233","candidates":[]}],[{"start":0,"end":11,"url":null,"entity_id":"Q30078997","candidates":[]}],[{"start":0,"end":28,"url":null,"entity_id":"Q59399035","candidates":[]}],[{"start":0,"end":8,"url":null,"entity_id":"Q324254","candidates":[]}]],[[{"start":0,"end":36,"url":null,"entity_id":"Q61141551","candidates":[]}],[{"start":0,"end":17,"url":null,"entity_id":"Q20980928","candidates":[]}],[{"start":0,"end":25,"url":null,"entity_id":"Q47483633","candidates":[]}],[{"start":0,"end":9,"url":null,"entity_id":"Q309901","candidates":[]}]],[[{"start":0,"end":128,"url":null,"entity_id":"Q63049816","candidates":[]}],[{"start":0,"end":19,"url":null,"entity_id":"Q4558744","candidates":[]}],[{"start":0,"end":25,"url":null,"entity_id":"Q47483633","candidates":[]}],[{"start":0,"end":12,"url":null,"entity_id":"Q184524","candidates":[]}]],[[{"start":0,"end":86,"url":null,"entity_id":"Q62522328","candidates":[]}],[{"start":0,"end":13,"url":null,"entity_id":"Q60417391","candidates":[]}],[{"start":0,"end":25,"url":null,"entity_id":"Q47483633","candidates":[]}],[{"start":0,"end":27,"url":null,"entity_id":"Q30642","candidates":[]}]],[[{"start":0,"end":73,"url":null,"entity_id":"Q64007253","candidates":[]}],[{"start":0,"end":21,"url":null,"entity_id":"Q28578432","candidates":[]}],[{"start":0,"end":25,"url":null,"entity_id":"Q47483633","candidates":[]}],[{"start":0,"end":27,"url":null,"entity_id":"Q30642","candidates":[]}]],[[{"start":0,"end":77,"url":null,"entity_id":"Q63088359","candidates":[]}],[{"start":0,"end":13,"url":null,"entity_id":"Q1446808","candidates":[]}],[{"start":0,"end":25,"url":null,"entity_id":"Q47483633","candidates":[]}],[{"start":0,"end":27,"url":null,"entity_id":"Q30642","candidates":[]}]],[[{"start":0,"end":18,"url":null,"entity_id":"Q75538824","candidates":[]}],[{"start":0,"end":15,"url":null,"entity_id":"Q18618630","candidates":[]}],[{"start":0,"end":25,"url":null,"entity_id":"Q47483633","candidates":[]}],[{"start":0,"end":18,"url":null,"entity_id":"Q3568028","candidates":[]}]]]}