{"version":"1.2","table":{"version":"2","table_id":"OI5V4DU4","columns":[{"index":0,"name":"col0","values":["Russian\"cruiser Oleg","Russiao cruiser Aurora","HPS Andromeda","Japanese cruiser Yahai","Japanee cruiser Chitose","USS SanFrancisco","HMS Poerful","Japanese cruiser Akathi","apanese cruiser Suma","Japanese cruiser Chikuma (3911)","Russian cruiseu Pamiat Merkuria","HMS Terrble","HMS Jawke","USV Minneapolis","USS Baltimorf","Japanese cruser Kasagi","Japanese cruiser Tkachiho","Ottoman crwiser Hamidiye","Chilean cruiser Chcabuco","USS Alany"]},{"index":1,"name":"col1","values":["Admiralty Shipyard","Admiralty Shipyard","Pembroke Dockyard","Mitsubishi Heavy Industries Nagasaki Shipyard & Machinery","Union Iron Works","Union Iron Works","Vickers Limited","Yokosuka Naval Arsenal","Yokosuka Naval Arsenal","Sasebo Naval Arsenal","Mykolayiv Shipyard","John Brown & Company","Chatham Dockyard","William Cramp and Sons","William Cramp and Sons","William Cramp and Sons","Armstrong Whitworth","Armstrong Whitworth","Armstrong Whitworth","Armstrong Whitworth"]},{"index":2,"name":"col2","values":["Battle of Tsushima","World War II","World War I","World War I","World War I","World War I","World War I","World War I","World War I","World War I","World War I","World War I","World War I","World War I","World War I","World War I","World War I","World War I","World War I","World War I"]}]},"context":{"page_title":null,"page_url":null,"page_entity_id":null,"content_hierarchy":[]},"links":[[[{"start":0,"end":22,"url":null,"entity_id":"Q168713","candidates":[]}],[{"start":0,"end":18,"url":null,"entity_id":"Q2292711","candidates":[]}],[{"start":0,"end":12,"url":null,"entity_id":"Q362","candidates":[]}]],[[{"start":0,"end":13,"url":null,"entity_id":"Q5631337","candidates":[]}],[{"start":0,"end":17,"url":null,"entity_id":"Q24204847","candidates":[]}],[{"start":0,"end":11,"url":null,"entity_id":"Q361","candidates":[]}]],[[{"start":0,"end":22,"url":null,"entity_id":"Q6151350","candidates":[]}],[{"start":0,"end":57,"url":null,"entity_id":"Q11357147","candidates":[]}],[{"start":0,"end":11,"url":null,"entity_id":"Q361","candidates":[]}]],[[{"start":0,"end":23,"url":null,"entity_id":"Q4516692","candidates":[]}],[{"start":0,"end":16,"url":null,"entity_id":"Q7885783","candidates":[]}],[{"start":0,"end":11,"url":null,"entity_id":"Q361","candidates":[]}]],[[{"start":0,"end":16,"url":null,"entity_id":"Q4052279","candidates":[]}],[{"start":0,"end":16,"url":null,"entity_id":"Q7885783","candidates":[]}],[{"start":0,"end":11,"url":null,"entity_id":"Q361","candidates":[]}]],[[{"start":0,"end":11,"url":null,"entity_id":"Q2121074","candidates":[]}],[{"start":0,"end":15,"url":null,"entity_id":"Q5195090","candidates":[]}],[{"start":0,"end":11,"url":null,"entity_id":"Q361","candidates":[]}]],[[{"start":0,"end":23,"url":null,"entity_id":"Q4059328","candidates":[]}],[{"start":0,"end":22,"url":null,"entity_id":"Q2790777","candidates":[]}],[{"start":0,"end":11,"url":null,"entity_id":"Q361","candidates":[]}]],[[{"start":0,"end":20,"url":null,"entity_id":"Q386674","candidates":[]}],[{"start":0,"end":22,"url":null,"entity_id":"Q2790777","candidates":[]}],[{"start":0,"end":11,"url":null,"entity_id":"Q361","candidates":[]}]],[[{"start":0,"end":31,"url":null,"entity_id":"Q11855241","candidates":[]}],[{"start":0,"end":20,"url":null,"entity_id":"Q2754053","candidates":[]}],[{"start":0,"end":11,"url":null,"entity_id":"Q361","candidates":[]}]],[[{"start":0,"end":31,"url":null,"entity_id":"Q2424120","candidates":[]}],[{"start":0,"end":18,"url":null,"entity_id":"Q1980771","candidates":[]}],[{"start":0,"end":11,"url":null,"entity_id":"Q361","candidates":[]}]],[[{"start":0,"end":11,"url":null,"entity_id":"Q165787","candidates":[]}],[{"start":0,"end":20,"url":null,"entity_id":"Q1699428","candidates":[]}],[{"start":0,"end":11,"url":null,"entity_id":"Q361","candidates":[]}]],[[{"start":0,"end":9,"url":null,"entity_id":"Q1564801","candidates":[]}],[{"start":0,"end":16,"url":null,"entity_id":"Q1068204","candidates":[]}],[{"start":0,"end":11,"url":null,"entity_id":"Q361","candidates":[]}]],[[{"start":0,"end":15,"url":null,"entity_id":"Q7871838","candidates":[]}],[{"start":0,"end":22,"url":null,"entity_id":"Q846694","candidates":[]}],[{"start":0,"end":11,"url":null,"entity_id":"Q361","candidates":[]}]],[[{"start":0,"end":13,"url":null,"entity_id":"Q2345059","candidates":[]}],[{"start":0,"end":22,"url":null,"entity_id":"Q846694","candidates":[]}],[{"start":0,"end":11,"url":null,"entity_id":"Q361","candidates":[]}]],[[{"start":0,"end":22,"url":null,"entity_id":"Q2042746","candidates":[]}],[{"start":0,"end":22,"url":null,"entity_id":"Q846694","candidates":[]}],[{"start":0,"end":11,"url":null,"entity_id":"Q361","candidates":[]}]],[[{"start":0,"end":25,"url":null,"entity_id":"Q2094974","candidates":[]}],[{"start":0,"end":19,"url":null,"entity_id":"Q689159","candidates":[]}],[{"start":0,"end":11,"url":null,"entity_id":"Q361","candidates":[]}]],[[{"start":0,"end":24,"url":null,"entity_id":"Q1193382","candidates":[]}],[{"start":0,"end":19,"url":null,"entity_id":"Q689159","candidates":[]}],[{"start":0,"end":11,"url":null,"entity_id":"Q361","candidates":[]}]],[[{"start":0,"end":24,"url":null,"entity_id":"Q1058322","candidates":[]}],[{"start":0,"end":19,"url":null,"entity_id":"Q689159","candidates":[]}],[{"start":0,"end":11,"url":null,"entity_id":"Q361","candidates":[]}]],[[{"start":0,"end":9,"url":null,"entity_id":"Q114352","candidates":[]}],[{"start":0,"end":19,"url":null,"entity_id":"Q689159","candidates":[]}],[{"start":0,"end":11,"url":null,"entity_id":"Q361","candidates":[]}]],[[{"start":0,"end":20,"url":null,"entity_id":"Q1502804","candidates":[]}],[{"start":0,"end":18,"url":null,"entity_id":"Q2292711","candidates":[]}],[{"start":0,"end":18,"url":null,"entity_id":"Q208127","candidates":[]}]]]}