{"version":"1.2","table":{"version":"2","table_id":"OIGGYFE3","columns":[{"index":0,"name":"col0","values":["Hałcnóz","Gôrniki","Czuby","Helipolis","Empel","Wolnmatingen","Wald","Marka","Sentrm","Weidenu","Djurgåreen","Angyaföld","Jahnbege","Wrsow","Wvlkow","Ganla Enskede","Enkede ård","Skarpnäks gård","Låghlmen","ödermalm"]},{"index":1,"name":"col1","values":["Poland","Poland","Poland","Egypt","Netherlands","Germany","Germany","Norway","Norway","Germany","Sweden","Hungary","Germany","Germany","Germany","Sweden","Sweden","Sweden","Sweden","Sweden"]},{"index":2,"name":"col2","values":["Bielsko-Biała","Bytom","Lublin","Cairo Governorate","'s-Hertogenbosch","Konstanz","Solingen","Oslo","Oslo","Weidenau (district)","Östermalm city district","13th district of Budapest","Wiesenaue","Wiesenaue","Jerichow","Stockholm Municipality","Stockholm Municipality","Stockholm Municipality","Stockholm Municipality","Stockholm Municipality"]},{"index":3,"name":"col3","values":["13.5496273","1.6367999999999998","4.22304","9.234189999999998","6.66978","10.219188084","7.86","302.6055","1.791","7.091209999999999","2.77326","6.8448","12.87","11.964","33.8148","2.96592","0.86172","2.8356600000000003","0.35819999999999996","5.738549999999999"]}]},"context":{"page_title":null,"page_url":null,"page_entity_id":null,"content_hierarchy":[]},"links":[[[{"start":0,"end":7,"url":null,"entity_id":"Q9283757","candidates":[]}],[{"start":0,"end":6,"url":null,"entity_id":"Q36","candidates":[]}],[{"start":0,"end":5,"url":null,"entity_id":"Q102350","candidates":[]}],[]],[[{"start":0,"end":5,"url":null,"entity_id":"Q9199671","candidates":[]}],[{"start":0,"end":6,"url":null,"entity_id":"Q36","candidates":[]}],[{"start":0,"end":6,"url":null,"entity_id":"Q37333","candidates":[]}],[]],[[{"start":0,"end":9,"url":null,"entity_id":"Q2739389","candidates":[]}],[{"start":0,"end":5,"url":null,"entity_id":"Q79","candidates":[]}],[{"start":0,"end":17,"url":null,"entity_id":"Q30805","candidates":[]}],[]],[[{"start":0,"end":5,"url":null,"entity_id":"Q2756855","candidates":[]}],[{"start":0,"end":11,"url":null,"entity_id":"Q55","candidates":[]}],[{"start":0,"end":16,"url":null,"entity_id":"Q9807","candidates":[]}],[]],[[{"start":0,"end":12,"url":null,"entity_id":"Q2592645","candidates":[]}],[{"start":0,"end":7,"url":null,"entity_id":"Q183","candidates":[]}],[{"start":0,"end":8,"url":null,"entity_id":"Q3834","candidates":[]}],[]],[[{"start":0,"end":4,"url":null,"entity_id":"Q2541035","candidates":[]}],[{"start":0,"end":7,"url":null,"entity_id":"Q183","candidates":[]}],[{"start":0,"end":8,"url":null,"entity_id":"Q2942","candidates":[]}],[]],[[{"start":0,"end":5,"url":null,"entity_id":"Q3181543","candidates":[]}],[{"start":0,"end":6,"url":null,"entity_id":"Q20","candidates":[]}],[{"start":0,"end":4,"url":null,"entity_id":"Q585","candidates":[]}],[]],[[{"start":0,"end":6,"url":null,"entity_id":"Q3114525","candidates":[]}],[{"start":0,"end":6,"url":null,"entity_id":"Q20","candidates":[]}],[{"start":0,"end":4,"url":null,"entity_id":"Q585","candidates":[]}],[]],[[{"start":0,"end":7,"url":null,"entity_id":"Q831279","candidates":[]}],[{"start":0,"end":7,"url":null,"entity_id":"Q183","candidates":[]}],[{"start":0,"end":19,"url":null,"entity_id":"Q59263010","candidates":[]}],[]],[[{"start":0,"end":10,"url":null,"entity_id":"Q831527","candidates":[]}],[{"start":0,"end":6,"url":null,"entity_id":"Q34","candidates":[]}],[{"start":0,"end":23,"url":null,"entity_id":"Q12904658","candidates":[]}],[]],[[{"start":0,"end":9,"url":null,"entity_id":"Q716098","candidates":[]}],[{"start":0,"end":7,"url":null,"entity_id":"Q28","candidates":[]}],[{"start":0,"end":25,"url":null,"entity_id":"Q851023","candidates":[]}],[]],[[{"start":0,"end":8,"url":null,"entity_id":"Q834255","candidates":[]}],[{"start":0,"end":7,"url":null,"entity_id":"Q183","candidates":[]}],[{"start":0,"end":9,"url":null,"entity_id":"Q581753","candidates":[]}],[]],[[{"start":0,"end":5,"url":null,"entity_id":"Q746311","candidates":[]}],[{"start":0,"end":7,"url":null,"entity_id":"Q183","candidates":[]}],[{"start":0,"end":9,"url":null,"entity_id":"Q581753","candidates":[]}],[]],[[{"start":0,"end":6,"url":null,"entity_id":"Q699113","candidates":[]}],[{"start":0,"end":7,"url":null,"entity_id":"Q183","candidates":[]}],[{"start":0,"end":8,"url":null,"entity_id":"Q530090","candidates":[]}],[]],[[{"start":0,"end":13,"url":null,"entity_id":"Q832882","candidates":[]}],[{"start":0,"end":6,"url":null,"entity_id":"Q34","candidates":[]}],[{"start":0,"end":22,"url":null,"entity_id":"Q506250","candidates":[]}],[]],[[{"start":0,"end":10,"url":null,"entity_id":"Q832833","candidates":[]}],[{"start":0,"end":6,"url":null,"entity_id":"Q34","candidates":[]}],[{"start":0,"end":22,"url":null,"entity_id":"Q506250","candidates":[]}],[]],[[{"start":0,"end":14,"url":null,"entity_id":"Q831973","candidates":[]}],[{"start":0,"end":6,"url":null,"entity_id":"Q34","candidates":[]}],[{"start":0,"end":22,"url":null,"entity_id":"Q506250","candidates":[]}],[]],[[{"start":0,"end":8,"url":null,"entity_id":"Q780785","candidates":[]}],[{"start":0,"end":6,"url":null,"entity_id":"Q34","candidates":[]}],[{"start":0,"end":22,"url":null,"entity_id":"Q506250","candidates":[]}],[]],[[{"start":0,"end":8,"url":null,"entity_id":"Q740149","candidates":[]}],[{"start":0,"end":6,"url":null,"entity_id":"Q34","candidates":[]}],[{"start":0,"end":22,"url":null,"entity_id":"Q506250","candidates":[]}],[]],[[{"start":0,"end":7,"url":null,"entity_id":"Q9286851","candidates":[]}],[{"start":0,"end":6,"url":null,"entity_id":"Q36","candidates":[]}],[{"start":0,"end":13,"url":null,"entity_id":"Q106583","candidates":[]}],[]]]}