{"version":"1.2","table":{"version":"2","table_id":"OKIFWJV1","columns":[{"index":0,"name":"col0","values":["Grünlandinseln um Winterberg","Magergrünlandkomplex westlich Schmallenberg","Schmallenberg Nordwest","Niedersfelder Ruhr und Seitentäler","Oberes Ruhrtal südlich Olsberg","Talraum der Rümmecke","Talraum des Kesselbaches","Oberes Immental","Ortsrandlage Bracht","Ortsrandlage Sellinghausen","Offenlandinsel beim Quellbereich der Kleinen Ilpe südwestlich von Niederhenneborn","Freiflächen um Radlinghausen und Madfeld","Ortsrandlage Kirchrarbach","Offenlandbereich Steimel nördlich Kirchrarbach","Offenland bei Sellmecke","Freiflächen westlich Hoppecke","Freiflächen östlich Hoppecke","Kulturlandschafts- und Offenlandkomplex um Holthausen","Freiflächen um Gudenhagen","Ortsrandlage Nierentrop"]},{"index":1,"name":"col1","values":["99.6","25.04","7162.86","31.69","38.8","3.2038","37.76","18.54","99.19","35.26","7.58","475.55","50.64","18.38","37.6","11.64","76.32","316.1","33.21","49.09"]},{"index":2,"name":"col2","values":["Winterberg","Schmallenberg","Schmallenberg","Ruhr","Ruhr","Rümmecke","Kessel-Bach","Immen-Tal","Bracht","Sellinghausen","Niederhenneborn","Madfeld","Kirchrarbach","Kirchrarbach","Sellmecke","Hoppecke","Hoppecke","Holthausen","Gudenhagen-Petersborn","Nierentrop"]}]},"context":{"page_title":null,"page_url":null,"page_entity_id":null,"content_hierarchy":[]},"links":[[[{"start":0,"end":43,"url":null,"entity_id":"Q28801012","candidates":[]}],[],[{"start":0,"end":13,"url":null,"entity_id":"Q5628","candidates":[]}]],[[{"start":0,"end":22,"url":null,"entity_id":"Q28792352","candidates":[]}],[],[{"start":0,"end":13,"url":null,"entity_id":"Q5628","candidates":[]}]],[[{"start":0,"end":34,"url":null,"entity_id":"Q28791158","candidates":[]}],[],[{"start":0,"end":4,"url":null,"entity_id":"Q1664","candidates":[]}]],[[{"start":0,"end":30,"url":null,"entity_id":"Q28785340","candidates":[]}],[],[{"start":0,"end":4,"url":null,"entity_id":"Q1664","candidates":[]}]],[[{"start":0,"end":20,"url":null,"entity_id":"Q31401882","candidates":[]}],[],[{"start":0,"end":8,"url":null,"entity_id":"Q63463666","candidates":[]}]],[[{"start":0,"end":24,"url":null,"entity_id":"Q31608008","candidates":[]}],[],[{"start":0,"end":11,"url":null,"entity_id":"Q35405743","candidates":[]}]],[[{"start":0,"end":15,"url":null,"entity_id":"Q29445204","candidates":[]}],[],[{"start":0,"end":9,"url":null,"entity_id":"Q32062329","candidates":[]}]],[[{"start":0,"end":19,"url":null,"entity_id":"Q29045118","candidates":[]}],[],[{"start":0,"end":6,"url":null,"entity_id":"Q2769174","candidates":[]}]],[[{"start":0,"end":26,"url":null,"entity_id":"Q29045114","candidates":[]}],[],[{"start":0,"end":13,"url":null,"entity_id":"Q2268490","candidates":[]}]],[[{"start":0,"end":81,"url":null,"entity_id":"Q29045178","candidates":[]}],[],[{"start":0,"end":15,"url":null,"entity_id":"Q1987844","candidates":[]}]],[[{"start":0,"end":40,"url":null,"entity_id":"Q29445622","candidates":[]}],[],[{"start":0,"end":7,"url":null,"entity_id":"Q1883305","candidates":[]}]],[[{"start":0,"end":25,"url":null,"entity_id":"Q29045144","candidates":[]}],[],[{"start":0,"end":12,"url":null,"entity_id":"Q1743366","candidates":[]}]],[[{"start":0,"end":46,"url":null,"entity_id":"Q29042704","candidates":[]}],[],[{"start":0,"end":12,"url":null,"entity_id":"Q1743366","candidates":[]}]],[[{"start":0,"end":23,"url":null,"entity_id":"Q29045121","candidates":[]}],[],[{"start":0,"end":9,"url":null,"entity_id":"Q1645841","candidates":[]}]],[[{"start":0,"end":29,"url":null,"entity_id":"Q29445565","candidates":[]}],[],[{"start":0,"end":8,"url":null,"entity_id":"Q1627730","candidates":[]}]],[[{"start":0,"end":28,"url":null,"entity_id":"Q29445406","candidates":[]}],[],[{"start":0,"end":8,"url":null,"entity_id":"Q1627730","candidates":[]}]],[[{"start":0,"end":53,"url":null,"entity_id":"Q29051441","candidates":[]}],[],[{"start":0,"end":10,"url":null,"entity_id":"Q1625212","candidates":[]}]],[[{"start":0,"end":25,"url":null,"entity_id":"Q29445687","candidates":[]}],[],[{"start":0,"end":21,"url":null,"entity_id":"Q1553033","candidates":[]}]],[[{"start":0,"end":23,"url":null,"entity_id":"Q29045149","candidates":[]}],[],[{"start":0,"end":10,"url":null,"entity_id":"Q1524435","candidates":[]}]],[[{"start":0,"end":28,"url":null,"entity_id":"Q28791152","candidates":[]}],[],[{"start":0,"end":10,"url":null,"entity_id":"Q10923","candidates":[]}]]]}