{"version":"1.2","table":{"version":"2","table_id":"OL568CHI","columns":[{"index":0,"name":"col0","values":["Two Boys Blowing Bubbles","A Woman Drawing a Sculpture","Pictura","Allegory of Contentment","Self-Portrait of Pieter Paul Rubens","David and Bathsheba","Seaport with Figures","Woman plucking a duck in an Italian landscape","A Man and Woman Singing","Falcon hunters in front of an inn in a ruin","Christ and the centurion of Capernaum","The Gallant Offer","Allegory of the Arts","The Annunciation","Campo Vaccino","Drunken Silenus","Apollo and Hermes","Sine Cerere et Baccho friget Venus","Mater Dolorosa","Portrait of David II Teniers"]},{"index":1,"name":"col1","values":["Charles Louis Lingée","Robert Brichet","Thérèse Eléonore Lingée née Hémery","Pietro Antonio Martini","Paulus Pontius","Th. Le Grand","Pietro Antonio Martini","Carl Guttenberg","François Hubert","Th. Le Grand","anonymous","Jean-Louis Delignon","Laurent Guyot","Th. Le Grand","Pietro Antonio Martini","Franciscus van der Steen","Robert de Launay","Heinrich Guttenberg","Jan van Troyen","Lucas Vorsterman II"]},{"index":2,"name":"col2","values":["Two Boys blowing Bubbles","A Young Woman seated drawing","Pictura (An Allegory of Painting)","Il Contento","Self-portrait 1623","Bathsheba at her Toilette","Port with Capitol","Italian landscape with shelter and antiques ruins","A Man and Woman Singing","Falcon hunters in front of an inn in a ruin","Christ and the centurion of Capernaum","The Gallant Offer","Allegory of the Arts","The Annunciation","Campo Vaccino","Drunken Silenus","Apollo and Hermes","Sine Cerere et Baccho friget Venus","Mater Dolorosa","Portrait of David II Teniers"]}]},"context":{"page_title":null,"page_url":null,"page_entity_id":null,"content_hierarchy":[]},"links":[[[{"start":0,"end":27,"url":null,"entity_id":"Q60022866","candidates":[]}],[{"start":0,"end":14,"url":null,"entity_id":"Q55467951","candidates":[]}],[{"start":0,"end":28,"url":null,"entity_id":"Q26705760","candidates":[]}]],[[{"start":0,"end":7,"url":null,"entity_id":"Q60036240","candidates":[]}],[{"start":0,"end":34,"url":null,"entity_id":"Q18508692","candidates":[]}],[{"start":0,"end":33,"url":null,"entity_id":"Q20184860","candidates":[]}]],[[{"start":0,"end":23,"url":null,"entity_id":"Q59652009","candidates":[]}],[{"start":0,"end":22,"url":null,"entity_id":"Q19282410","candidates":[]}],[{"start":0,"end":11,"url":null,"entity_id":"Q19926228","candidates":[]}]],[[{"start":0,"end":35,"url":null,"entity_id":"Q61742659","candidates":[]}],[{"start":0,"end":14,"url":null,"entity_id":"Q1854445","candidates":[]}],[{"start":0,"end":18,"url":null,"entity_id":"Q19888550","candidates":[]}]],[[{"start":0,"end":19,"url":null,"entity_id":"Q60054617","candidates":[]}],[{"start":0,"end":12,"url":null,"entity_id":"Q60054382","candidates":[]}],[{"start":0,"end":25,"url":null,"entity_id":"Q19863030","candidates":[]}]],[[{"start":0,"end":20,"url":null,"entity_id":"Q59647338","candidates":[]}],[{"start":0,"end":22,"url":null,"entity_id":"Q19282410","candidates":[]}],[{"start":0,"end":17,"url":null,"entity_id":"Q18762436","candidates":[]}]],[[{"start":0,"end":45,"url":null,"entity_id":"Q61869605","candidates":[]}],[{"start":0,"end":15,"url":null,"entity_id":"Q1038373","candidates":[]}],[{"start":0,"end":49,"url":null,"entity_id":"Q17276184","candidates":[]}]],[[{"start":0,"end":23,"url":null,"entity_id":"Q59647544","candidates":[]}],[{"start":0,"end":15,"url":null,"entity_id":"Q27661636","candidates":[]}],[{"start":0,"end":23,"url":null,"entity_id":"Q35984559","candidates":[]}]],[[{"start":0,"end":43,"url":null,"entity_id":"Q59661487","candidates":[]}],[{"start":0,"end":12,"url":null,"entity_id":"Q60054382","candidates":[]}],[{"start":0,"end":43,"url":null,"entity_id":"Q34860192","candidates":[]}]],[[{"start":0,"end":37,"url":null,"entity_id":"Q59647224","candidates":[]}],[{"start":0,"end":9,"url":null,"entity_id":"Q4233718","candidates":[]}],[{"start":0,"end":37,"url":null,"entity_id":"Q34257176","candidates":[]}]],[[{"start":0,"end":17,"url":null,"entity_id":"Q59661529","candidates":[]}],[{"start":0,"end":19,"url":null,"entity_id":"Q26277977","candidates":[]}],[{"start":0,"end":17,"url":null,"entity_id":"Q29470386","candidates":[]}]],[[{"start":0,"end":20,"url":null,"entity_id":"Q59652232","candidates":[]}],[{"start":0,"end":13,"url":null,"entity_id":"Q51463837","candidates":[]}],[{"start":0,"end":20,"url":null,"entity_id":"Q27974834","candidates":[]}]],[[{"start":0,"end":16,"url":null,"entity_id":"Q60054525","candidates":[]}],[{"start":0,"end":12,"url":null,"entity_id":"Q60054382","candidates":[]}],[{"start":0,"end":16,"url":null,"entity_id":"Q20176789","candidates":[]}]],[[{"start":0,"end":13,"url":null,"entity_id":"Q59647367","candidates":[]}],[{"start":0,"end":22,"url":null,"entity_id":"Q19282410","candidates":[]}],[{"start":0,"end":13,"url":null,"entity_id":"Q19820182","candidates":[]}]],[[{"start":0,"end":15,"url":null,"entity_id":"Q61985158","candidates":[]}],[{"start":0,"end":24,"url":null,"entity_id":"Q19760410","candidates":[]}],[{"start":0,"end":15,"url":null,"entity_id":"Q3960488","candidates":[]}]],[[{"start":0,"end":17,"url":null,"entity_id":"Q59641664","candidates":[]}],[{"start":0,"end":16,"url":null,"entity_id":"Q23902706","candidates":[]}],[{"start":0,"end":17,"url":null,"entity_id":"Q36536099","candidates":[]}]],[[{"start":0,"end":34,"url":null,"entity_id":"Q59640664","candidates":[]}],[{"start":0,"end":19,"url":null,"entity_id":"Q1597438","candidates":[]}],[{"start":0,"end":34,"url":null,"entity_id":"Q35651676","candidates":[]}]],[[{"start":0,"end":14,"url":null,"entity_id":"Q58213106","candidates":[]}],[{"start":0,"end":14,"url":null,"entity_id":"Q27048007","candidates":[]}],[{"start":0,"end":14,"url":null,"entity_id":"Q28465469","candidates":[]}]],[[{"start":0,"end":28,"url":null,"entity_id":"Q58466778","candidates":[]}],[{"start":0,"end":19,"url":null,"entity_id":"Q1095959","candidates":[]}],[{"start":0,"end":28,"url":null,"entity_id":"Q28379861","candidates":[]}]],[[{"start":0,"end":24,"url":null,"entity_id":"Q60054893","candidates":[]}],[{"start":0,"end":20,"url":null,"entity_id":"Q35822439","candidates":[]}],[{"start":0,"end":24,"url":null,"entity_id":"Q26708030","candidates":[]}]]]}