{"version":"1.2","table":{"version":"2","table_id":"OL64MQZ1","columns":[{"index":0,"name":"col0","values":["Allegorische Dichtererklärung (Pauly-Wissowa)","Herodes 23 (Pauly-Wissowa)","Alani (Pauly-Wissowa)","Ala miliaria (Pauly-Wissowa)","Alamanni (Pauly-Wissowa)","Alaebaece (Pauly-Wissowa)","Alexenor (Pauly-Wissowa)","Alexinos (Pauly-Wissowa)","Alexibios (Pauly-Wissowa)","Alexandros 107 (Pauly-Wissowa)","Alexandros 105 (Pauly-Wissowa)","Alexandros 103 (Pauly-Wissowa)","Alexandros 101 (Pauly-Wissowa)","Alexandros 94 (Pauly-Wissowa)","Alexandros 88 (Pauly-Wissowa)","Alexandros 84 (Pauly-Wissowa)","Alexandros 83 (Pauly-Wissowa)","Alexandros 75 (Pauly-Wissowa)","Alexandros 71 (Pauly-Wissowa)","Alastor 9 (Pauly-Wissowa)","Alastor 1 (Pauly-Wissowa)","Alaricus 4 (Pauly-Wissowa)","Alaricus 2 (Pauly-Wissowa)","Ala nova (Pauly-Wissowa)","Alamannicus (Pauly-Wissowa)","Alalkomeneis 1 (Pauly-Wissowa)","Alalkomenai 3 (Pauly-Wissowa)","Alalkomenai 2 (Pauly-Wissowa)","Alalkomenai 1 (Pauly-Wissowa)","Ἀλαλαίου νῆσοι (Pauly-Wissowa)","Alala (Pauly-Wissowa)","Alaisiagae (Pauly-Wissowa)","Alabastron 2 (Pauly-Wissowa)","Alabastrites (Pauly-Wissowa)","Alabandos 2 (Pauly-Wissowa)","Alabandos 1 (Pauly-Wissowa)","Alabandicus (Pauly-Wissowa)","Alabanda (Pauly-Wissowa)","Akusilaos 3 (Pauly-Wissowa)","Aiakeion (Pauly-Wissowa)","Aiakeia (Pauly-Wissowa)","Aiaia 1 (Pauly-Wissowa)","Aiacius 2 (Pauly-Wissowa)","Aia 1 (Pauly-Wissowa)"]},{"index":1,"name":"col1","values":["public domain","public domain","public domain","public domain","public domain","public domain","public domain","public domain","public domain","public domain","public domain","public domain","public domain","public domain","public domain","public domain","public domain","public domain","public domain","public domain","public domain","public domain","public domain","public domain","public domain","public domain","public domain","public domain","public domain","public domain","public domain","public domain","public domain","public domain","public domain","public domain","public domain","public domain","public domain","public domain","public domain","public domain","public domain","public domain"]},{"index":2,"name":"col2","values":["allegory","Agrippa I","Alans","Ala miliaria","Alamanni","Riez","Alexanor","Alexinus","Alexibius","Alexander","Alexandros of Antioch","Pope Alexander of Alexandria","Alexander of Tralles","Alexander of Aphrodisias","Alexander Polyhistor","Alexander Aetolus","Alexandros of Tanagra","Sulpicius Alexander","Domitius Alexander","Alastor","Alastor","Alaric II","Alaric I","Castra Ala Nova","Alamannicus","Athena","Alalcomenae","Alalcomenae (Ithaca)","Alalcomenae","Adulis","Alala","Alaisiagae","alabastron","alabaster","Alabandus","Alabandus","almandine","Alabanda","Acusilaus","Aiakeion","Aeacea","Aeaea","Quintus Aiacius Modestus Crescentianus","Aeaea"]},{"index":3,"name":"col3","values":["Allodios (Pauly-Wissowa)","RE:Herodes 24","Alanicus (Pauly-Wissowa)","Alamon (Pauly-Wissowa)","Alamannici ludi (Pauly-Wissowa)","Alaesiagae (Pauly-Wissowa)","Alexeterios (Pauly-Wissowa)","Alexion 1 (Pauly-Wissowa)","Alexida (Pauly-Wissowa)","Alexandroschene (Pauly-Wissowa)","Alexandros 106 (Pauly-Wissowa)","Alexandros 104 (Pauly-Wissowa)","Alexandros 102 (Pauly-Wissowa)","Alexandros 95 (Pauly-Wissowa)","Alexandros 89 (Pauly-Wissowa)","Alexandros 85 (Pauly-Wissowa)","Alexandros 84 (Pauly-Wissowa)","Alexandros 76 (Pauly-Wissowa)","Alexandros 72 (Pauly-Wissowa)","Alastor 10 (Pauly-Wissowa)","Alastor 2 (Pauly-Wissowa)","Alarodioi (Pauly-Wissowa)","Alaricus 3 (Pauly-Wissowa)","Alanoviiamuthis (Pauly-Wissowa)","Alamatha (Pauly-Wissowa)","Alalkomeneis 2 (Pauly-Wissowa)","Alalkomenai 4 (Pauly-Wissowa)","Alalkomenai 3 (Pauly-Wissowa)","Alalkomenai 2 (Pauly-Wissowa)","Alalaxios (Pauly-Wissowa)","Ἀλαλαίου νῆσοι (Pauly-Wissowa)","Alaison (Pauly-Wissowa)","Alabastron 3 (Pauly-Wissowa)","Alabastron 1 (Pauly-Wissowa)","Alabanenses (Pauly-Wissowa)","Alabandos 2 (Pauly-Wissowa)","Alabandos 1 (Pauly-Wissowa)","Alabandicus (Pauly-Wissowa)","Akusilaos 4 (Pauly-Wissowa)","Aiakes 1 (Pauly-Wissowa)","Aiakeion (Pauly-Wissowa)","Aiaia 2 (Pauly-Wissowa)","Aiadaba (Pauly-Wissowa)","Aia 2 (Pauly-Wissowa)"]}]},"context":{"page_title":null,"page_url":null,"page_entity_id":null,"content_hierarchy":[]},"links":[[[{"start":0,"end":26,"url":null,"entity_id":"Q19800132","candidates":[]}],[{"start":0,"end":13,"url":null,"entity_id":"Q19652","candidates":[]}],[{"start":0,"end":9,"url":null,"entity_id":"Q298636","candidates":[]}],[{"start":0,"end":13,"url":null,"entity_id":"Q19358704","candidates":[]}]],[[{"start":0,"end":21,"url":null,"entity_id":"Q19984296","candidates":[]}],[{"start":0,"end":13,"url":null,"entity_id":"Q19652","candidates":[]}],[{"start":0,"end":5,"url":null,"entity_id":"Q178054","candidates":[]}],[{"start":0,"end":24,"url":null,"entity_id":"Q19998541","candidates":[]}]],[[{"start":0,"end":28,"url":null,"entity_id":"Q19984288","candidates":[]}],[{"start":0,"end":13,"url":null,"entity_id":"Q19652","candidates":[]}],[{"start":0,"end":12,"url":null,"entity_id":"Q64007082","candidates":[]}],[{"start":0,"end":22,"url":null,"entity_id":"Q19998538","candidates":[]}]],[[{"start":0,"end":24,"url":null,"entity_id":"Q19984284","candidates":[]}],[{"start":0,"end":13,"url":null,"entity_id":"Q19652","candidates":[]}],[{"start":0,"end":8,"url":null,"entity_id":"Q132990","candidates":[]}],[{"start":0,"end":31,"url":null,"entity_id":"Q19998536","candidates":[]}]],[[{"start":0,"end":25,"url":null,"entity_id":"Q19984254","candidates":[]}],[{"start":0,"end":13,"url":null,"entity_id":"Q19652","candidates":[]}],[{"start":0,"end":4,"url":null,"entity_id":"Q457002","candidates":[]}],[{"start":0,"end":26,"url":null,"entity_id":"Q19998533","candidates":[]}]],[[{"start":0,"end":24,"url":null,"entity_id":"Q19985191","candidates":[]}],[{"start":0,"end":13,"url":null,"entity_id":"Q19652","candidates":[]}],[{"start":0,"end":8,"url":null,"entity_id":"Q1408128","candidates":[]}],[{"start":0,"end":27,"url":null,"entity_id":"Q19998362","candidates":[]}]],[[{"start":0,"end":24,"url":null,"entity_id":"Q19985245","candidates":[]}],[{"start":0,"end":13,"url":null,"entity_id":"Q19652","candidates":[]}],[{"start":0,"end":8,"url":null,"entity_id":"Q2617709","candidates":[]}],[{"start":0,"end":25,"url":null,"entity_id":"Q19985247","candidates":[]}]],[[{"start":0,"end":25,"url":null,"entity_id":"Q19985229","candidates":[]}],[{"start":0,"end":13,"url":null,"entity_id":"Q19652","candidates":[]}],[{"start":0,"end":9,"url":null,"entity_id":"Q17122163","candidates":[]}],[{"start":0,"end":23,"url":null,"entity_id":"Q19985231","candidates":[]}]],[[{"start":0,"end":30,"url":null,"entity_id":"Q19985130","candidates":[]}],[{"start":0,"end":13,"url":null,"entity_id":"Q19652","candidates":[]}],[{"start":0,"end":9,"url":null,"entity_id":"Q3610404","candidates":[]}],[{"start":0,"end":31,"url":null,"entity_id":"Q19985133","candidates":[]}]],[[{"start":0,"end":30,"url":null,"entity_id":"Q19985127","candidates":[]}],[{"start":0,"end":13,"url":null,"entity_id":"Q19652","candidates":[]}],[{"start":0,"end":21,"url":null,"entity_id":"Q2415821","candidates":[]}],[{"start":0,"end":30,"url":null,"entity_id":"Q19985129","candidates":[]}]],[[{"start":0,"end":30,"url":null,"entity_id":"Q19985124","candidates":[]}],[{"start":0,"end":13,"url":null,"entity_id":"Q19652","candidates":[]}],[{"start":0,"end":28,"url":null,"entity_id":"Q44794","candidates":[]}],[{"start":0,"end":30,"url":null,"entity_id":"Q19985126","candidates":[]}]],[[{"start":0,"end":30,"url":null,"entity_id":"Q19985117","candidates":[]}],[{"start":0,"end":13,"url":null,"entity_id":"Q19652","candidates":[]}],[{"start":0,"end":20,"url":null,"entity_id":"Q708684","candidates":[]}],[{"start":0,"end":30,"url":null,"entity_id":"Q19985121","candidates":[]}]],[[{"start":0,"end":29,"url":null,"entity_id":"Q19985098","candidates":[]}],[{"start":0,"end":13,"url":null,"entity_id":"Q19652","candidates":[]}],[{"start":0,"end":24,"url":null,"entity_id":"Q317146","candidates":[]}],[{"start":0,"end":29,"url":null,"entity_id":"Q19985103","candidates":[]}]],[[{"start":0,"end":29,"url":null,"entity_id":"Q19985088","candidates":[]}],[{"start":0,"end":13,"url":null,"entity_id":"Q19652","candidates":[]}],[{"start":0,"end":20,"url":null,"entity_id":"Q441138","candidates":[]}],[{"start":0,"end":29,"url":null,"entity_id":"Q19985089","candidates":[]}]],[[{"start":0,"end":29,"url":null,"entity_id":"Q19985072","candidates":[]}],[{"start":0,"end":13,"url":null,"entity_id":"Q19652","candidates":[]}],[{"start":0,"end":17,"url":null,"entity_id":"Q622261","candidates":[]}],[{"start":0,"end":29,"url":null,"entity_id":"Q19985075","candidates":[]}]],[[{"start":0,"end":29,"url":null,"entity_id":"Q19985069","candidates":[]}],[{"start":0,"end":13,"url":null,"entity_id":"Q19652","candidates":[]}],[{"start":0,"end":21,"url":null,"entity_id":"Q2643826","candidates":[]}],[{"start":0,"end":29,"url":null,"entity_id":"Q19985072","candidates":[]}]],[[{"start":0,"end":29,"url":null,"entity_id":"Q19985042","candidates":[]}],[{"start":0,"end":13,"url":null,"entity_id":"Q19652","candidates":[]}],[{"start":0,"end":19,"url":null,"entity_id":"Q1376509","candidates":[]}],[{"start":0,"end":29,"url":null,"entity_id":"Q19985047","candidates":[]}]],[[{"start":0,"end":29,"url":null,"entity_id":"Q19985026","candidates":[]}],[{"start":0,"end":13,"url":null,"entity_id":"Q19652","candidates":[]}],[{"start":0,"end":18,"url":null,"entity_id":"Q366394","candidates":[]}],[{"start":0,"end":29,"url":null,"entity_id":"Q19985030","candidates":[]}]],[[{"start":0,"end":25,"url":null,"entity_id":"Q19984326","candidates":[]}],[{"start":0,"end":13,"url":null,"entity_id":"Q19652","candidates":[]}],[{"start":0,"end":7,"url":null,"entity_id":"Q21548208","candidates":[]}],[{"start":0,"end":26,"url":null,"entity_id":"Q19984328","candidates":[]}]],[[{"start":0,"end":25,"url":null,"entity_id":"Q19984317","candidates":[]}],[{"start":0,"end":13,"url":null,"entity_id":"Q19652","candidates":[]}],[{"start":0,"end":7,"url":null,"entity_id":"Q576123","candidates":[]}],[{"start":0,"end":25,"url":null,"entity_id":"Q19984318","candidates":[]}]],[[{"start":0,"end":26,"url":null,"entity_id":"Q19984312","candidates":[]}],[{"start":0,"end":13,"url":null,"entity_id":"Q19652","candidates":[]}],[{"start":0,"end":9,"url":null,"entity_id":"Q110884","candidates":[]}],[{"start":0,"end":25,"url":null,"entity_id":"Q19984313","candidates":[]}]],[[{"start":0,"end":26,"url":null,"entity_id":"Q19984310","candidates":[]}],[{"start":0,"end":13,"url":null,"entity_id":"Q19652","candidates":[]}],[{"start":0,"end":8,"url":null,"entity_id":"Q102371","candidates":[]}],[{"start":0,"end":26,"url":null,"entity_id":"Q19984311","candidates":[]}]],[[{"start":0,"end":24,"url":null,"entity_id":"Q19984300","candidates":[]}],[{"start":0,"end":13,"url":null,"entity_id":"Q19652","candidates":[]}],[{"start":0,"end":15,"url":null,"entity_id":"Q1735327","candidates":[]}],[{"start":0,"end":31,"url":null,"entity_id":"Q19984301","candidates":[]}]],[[{"start":0,"end":27,"url":null,"entity_id":"Q19984285","candidates":[]}],[{"start":0,"end":13,"url":null,"entity_id":"Q19652","candidates":[]}],[{"start":0,"end":11,"url":null,"entity_id":"Q13142462","candidates":[]}],[{"start":0,"end":24,"url":null,"entity_id":"Q19984286","candidates":[]}]],[[{"start":0,"end":30,"url":null,"entity_id":"Q19984276","candidates":[]}],[{"start":0,"end":13,"url":null,"entity_id":"Q19652","candidates":[]}],[{"start":0,"end":6,"url":null,"entity_id":"Q37122","candidates":[]}],[{"start":0,"end":30,"url":null,"entity_id":"Q19984277","candidates":[]}]],[[{"start":0,"end":29,"url":null,"entity_id":"Q19984273","candidates":[]}],[{"start":0,"end":13,"url":null,"entity_id":"Q19652","candidates":[]}],[{"start":0,"end":11,"url":null,"entity_id":"Q18410069","candidates":[]}],[{"start":0,"end":29,"url":null,"entity_id":"Q19984275","candidates":[]}]],[[{"start":0,"end":29,"url":null,"entity_id":"Q19984272","candidates":[]}],[{"start":0,"end":13,"url":null,"entity_id":"Q19652","candidates":[]}],[{"start":0,"end":20,"url":null,"entity_id":"Q1706457","candidates":[]}],[{"start":0,"end":29,"url":null,"entity_id":"Q19984273","candidates":[]}]],[[{"start":0,"end":29,"url":null,"entity_id":"Q19984271","candidates":[]}],[{"start":0,"end":13,"url":null,"entity_id":"Q19652","candidates":[]}],[{"start":0,"end":11,"url":null,"entity_id":"Q1044061","candidates":[]}],[{"start":0,"end":29,"url":null,"entity_id":"Q19984272","candidates":[]}]],[[{"start":0,"end":30,"url":null,"entity_id":"Q19984268","candidates":[]}],[{"start":0,"end":13,"url":null,"entity_id":"Q19652","candidates":[]}],[{"start":0,"end":6,"url":null,"entity_id":"Q378940","candidates":[]}],[{"start":0,"end":25,"url":null,"entity_id":"Q19984269","candidates":[]}]],[[{"start":0,"end":21,"url":null,"entity_id":"Q19984267","candidates":[]}],[{"start":0,"end":13,"url":null,"entity_id":"Q19652","candidates":[]}],[{"start":0,"end":5,"url":null,"entity_id":"Q391089","candidates":[]}],[{"start":0,"end":30,"url":null,"entity_id":"Q19984268","candidates":[]}]],[[{"start":0,"end":26,"url":null,"entity_id":"Q19984264","candidates":[]}],[{"start":0,"end":13,"url":null,"entity_id":"Q19652","candidates":[]}],[{"start":0,"end":10,"url":null,"entity_id":"Q4705725","candidates":[]}],[{"start":0,"end":23,"url":null,"entity_id":"Q19984266","candidates":[]}]],[[{"start":0,"end":28,"url":null,"entity_id":"Q19984247","candidates":[]}],[{"start":0,"end":13,"url":null,"entity_id":"Q19652","candidates":[]}],[{"start":0,"end":10,"url":null,"entity_id":"Q673338","candidates":[]}],[{"start":0,"end":28,"url":null,"entity_id":"Q19984248","candidates":[]}]],[[{"start":0,"end":28,"url":null,"entity_id":"Q19984245","candidates":[]}],[{"start":0,"end":13,"url":null,"entity_id":"Q19652","candidates":[]}],[{"start":0,"end":9,"url":null,"entity_id":"Q143447","candidates":[]}],[{"start":0,"end":28,"url":null,"entity_id":"Q19984246","candidates":[]}]],[[{"start":0,"end":27,"url":null,"entity_id":"Q19984241","candidates":[]}],[{"start":0,"end":13,"url":null,"entity_id":"Q19652","candidates":[]}],[{"start":0,"end":9,"url":null,"entity_id":"Q4705405","candidates":[]}],[{"start":0,"end":27,"url":null,"entity_id":"Q19984242","candidates":[]}]],[[{"start":0,"end":27,"url":null,"entity_id":"Q19984240","candidates":[]}],[{"start":0,"end":13,"url":null,"entity_id":"Q19652","candidates":[]}],[{"start":0,"end":9,"url":null,"entity_id":"Q4705405","candidates":[]}],[{"start":0,"end":27,"url":null,"entity_id":"Q19984241","candidates":[]}]],[[{"start":0,"end":27,"url":null,"entity_id":"Q19984239","candidates":[]}],[{"start":0,"end":13,"url":null,"entity_id":"Q19652","candidates":[]}],[{"start":0,"end":9,"url":null,"entity_id":"Q273663","candidates":[]}],[{"start":0,"end":27,"url":null,"entity_id":"Q19984240","candidates":[]}]],[[{"start":0,"end":24,"url":null,"entity_id":"Q19984238","candidates":[]}],[{"start":0,"end":13,"url":null,"entity_id":"Q19652","candidates":[]}],[{"start":0,"end":8,"url":null,"entity_id":"Q778224","candidates":[]}],[{"start":0,"end":27,"url":null,"entity_id":"Q19984239","candidates":[]}]],[[{"start":0,"end":27,"url":null,"entity_id":"Q19984224","candidates":[]}],[{"start":0,"end":13,"url":null,"entity_id":"Q19652","candidates":[]}],[{"start":0,"end":9,"url":null,"entity_id":"Q423894","candidates":[]}],[{"start":0,"end":27,"url":null,"entity_id":"Q19984225","candidates":[]}]],[[{"start":0,"end":24,"url":null,"entity_id":"Q19982615","candidates":[]}],[{"start":0,"end":13,"url":null,"entity_id":"Q19652","candidates":[]}],[{"start":0,"end":8,"url":null,"entity_id":"Q403346","candidates":[]}],[{"start":0,"end":24,"url":null,"entity_id":"Q19982616","candidates":[]}]],[[{"start":0,"end":23,"url":null,"entity_id":"Q19982614","candidates":[]}],[{"start":0,"end":13,"url":null,"entity_id":"Q19652","candidates":[]}],[{"start":0,"end":6,"url":null,"entity_id":"Q4687007","candidates":[]}],[{"start":0,"end":24,"url":null,"entity_id":"Q19982615","candidates":[]}]],[[{"start":0,"end":23,"url":null,"entity_id":"Q19982611","candidates":[]}],[{"start":0,"end":13,"url":null,"entity_id":"Q19652","candidates":[]}],[{"start":0,"end":5,"url":null,"entity_id":"Q403366","candidates":[]}],[{"start":0,"end":23,"url":null,"entity_id":"Q19982612","candidates":[]}]],[[{"start":0,"end":25,"url":null,"entity_id":"Q19982609","candidates":[]}],[{"start":0,"end":13,"url":null,"entity_id":"Q19652","candidates":[]}],[{"start":0,"end":38,"url":null,"entity_id":"Q668767","candidates":[]}],[{"start":0,"end":23,"url":null,"entity_id":"Q19982610","candidates":[]}]],[[{"start":0,"end":21,"url":null,"entity_id":"Q19982601","candidates":[]}],[{"start":0,"end":13,"url":null,"entity_id":"Q19652","candidates":[]}],[{"start":0,"end":5,"url":null,"entity_id":"Q403366","candidates":[]}],[{"start":0,"end":21,"url":null,"entity_id":"Q19982602","candidates":[]}]],[[{"start":0,"end":45,"url":null,"entity_id":"Q19756766","candidates":[]}],[{"start":0,"end":13,"url":null,"entity_id":"Q19652","candidates":[]}],[{"start":0,"end":8,"url":null,"entity_id":"Q18535","candidates":[]}],[{"start":0,"end":24,"url":null,"entity_id":"Q19756765","candidates":[]}]]]}