{"version":"1.2","table":{"version":"2","table_id":"OLI8W8LA","columns":[{"index":0,"name":"col0","values":["vanadium-46m","vanadium-44m","vanadium-63","vanadium-61","vanadium-59","vanadium-58","vanadium-57","vanadium-56","vanadium-55","vanadium-54","vanadium-53","vanadium-52","vanadium-49","vanadium-48","vanadium-47","vanadium-46","vanadium-45","vanadium-44","vanadium-50","vanadium-51"]},{"index":1,"name":"col1","values":["1","1","-1","-1","-1","1","-1","1","-1","1","-1","1","-1","1","-1","1","-1","1","1","-1"]},{"index":2,"name":"col2","values":["3","6","3.5","1.5","2.5","1","3.5","1","3.5","3","3.5","3","3.5","4","1.5","0","3.5","2","6","3.5"]}]},"context":{"page_title":null,"page_url":null,"page_entity_id":null,"content_hierarchy":[]},"links":[[[{"start":0,"end":12,"url":null,"entity_id":"Q18879219","candidates":[]}],[],[]],[[{"start":0,"end":11,"url":null,"entity_id":"Q18845207","candidates":[]}],[],[]],[[{"start":0,"end":11,"url":null,"entity_id":"Q18845205","candidates":[]}],[],[]],[[{"start":0,"end":11,"url":null,"entity_id":"Q18845203","candidates":[]}],[],[]],[[{"start":0,"end":11,"url":null,"entity_id":"Q18845202","candidates":[]}],[],[]],[[{"start":0,"end":11,"url":null,"entity_id":"Q18845201","candidates":[]}],[],[]],[[{"start":0,"end":11,"url":null,"entity_id":"Q18845200","candidates":[]}],[],[]],[[{"start":0,"end":11,"url":null,"entity_id":"Q18845199","candidates":[]}],[],[]],[[{"start":0,"end":11,"url":null,"entity_id":"Q18845198","candidates":[]}],[],[]],[[{"start":0,"end":11,"url":null,"entity_id":"Q18845197","candidates":[]}],[],[]],[[{"start":0,"end":11,"url":null,"entity_id":"Q18845196","candidates":[]}],[],[]],[[{"start":0,"end":11,"url":null,"entity_id":"Q18845195","candidates":[]}],[],[]],[[{"start":0,"end":11,"url":null,"entity_id":"Q18845194","candidates":[]}],[],[]],[[{"start":0,"end":11,"url":null,"entity_id":"Q18845193","candidates":[]}],[],[]],[[{"start":0,"end":11,"url":null,"entity_id":"Q18845192","candidates":[]}],[],[]],[[{"start":0,"end":11,"url":null,"entity_id":"Q18845191","candidates":[]}],[],[]],[[{"start":0,"end":11,"url":null,"entity_id":"Q18845190","candidates":[]}],[],[]],[[{"start":0,"end":11,"url":null,"entity_id":"Q4504994","candidates":[]}],[],[]],[[{"start":0,"end":11,"url":null,"entity_id":"Q1931262","candidates":[]}],[],[]],[[{"start":0,"end":12,"url":null,"entity_id":"Q18879275","candidates":[]}],[],[]]]}