{"version":"1.2","table":{"version":"2","table_id":"ONIVAI6E","columns":[{"index":0,"name":"col0","values":["Krita","IrfanView","Serif PhotoPlus","PaintShop Pro","Adobe Photoshop Lightroom","Adobe Creative Suite","Aperture","Picasa","NeoPaint","ImageMagick","Manga Studio","Digital Darkroom","Deluxe Paint Animation","Deluxe Paint","Adobe ImageReady","IconBuilder","Adobe Photoshop","Photos","SuperPaint","PCPaint"]},{"index":1,"name":"col1","values":["KDE","Irfan Škiljan","Serif Europe","Jasc Software","Adobe","Adobe","Apple Inc.","Google","NeoSoft Corp.","ImageMagick Studio LLC","Celsys","Silicon Beach Software","Electronic Arts","Electronic Arts","Adobe","The Iconfactory","Adobe","Apple Inc.","Silicon Beach Software","John Bridges"]},{"index":2,"name":"col2","values":["digital painting","image viewer","digital photography","digital photography","digital photography","digital photography","digital photography","digital photography","computer graphics","computer graphics","computer graphics","computer graphics","computer graphics","computer graphics","computer graphics","computer icon","printing","digital photography","computer graphics","computer graphics"]}]},"context":{"page_title":null,"page_url":null,"page_entity_id":null,"content_hierarchy":[]},"links":[[[{"start":0,"end":9,"url":null,"entity_id":"Q324957","candidates":[]}],[{"start":0,"end":13,"url":null,"entity_id":"Q93063","candidates":[]}],[{"start":0,"end":12,"url":null,"entity_id":"Q860676","candidates":[]}]],[[{"start":0,"end":15,"url":null,"entity_id":"Q1684426","candidates":[]}],[{"start":0,"end":12,"url":null,"entity_id":"Q7454826","candidates":[]}],[{"start":0,"end":19,"url":null,"entity_id":"Q173095","candidates":[]}]],[[{"start":0,"end":13,"url":null,"entity_id":"Q24614","candidates":[]}],[{"start":0,"end":13,"url":null,"entity_id":"Q1683742","candidates":[]}],[{"start":0,"end":19,"url":null,"entity_id":"Q173095","candidates":[]}]],[[{"start":0,"end":25,"url":null,"entity_id":"Q360403","candidates":[]}],[{"start":0,"end":5,"url":null,"entity_id":"Q11463","candidates":[]}],[{"start":0,"end":19,"url":null,"entity_id":"Q173095","candidates":[]}]],[[{"start":0,"end":20,"url":null,"entity_id":"Q360118","candidates":[]}],[{"start":0,"end":5,"url":null,"entity_id":"Q11463","candidates":[]}],[{"start":0,"end":19,"url":null,"entity_id":"Q173095","candidates":[]}]],[[{"start":0,"end":8,"url":null,"entity_id":"Q618265","candidates":[]}],[{"start":0,"end":10,"url":null,"entity_id":"Q312","candidates":[]}],[{"start":0,"end":19,"url":null,"entity_id":"Q173095","candidates":[]}]],[[{"start":0,"end":6,"url":null,"entity_id":"Q9349","candidates":[]}],[{"start":0,"end":6,"url":null,"entity_id":"Q95","candidates":[]}],[{"start":0,"end":19,"url":null,"entity_id":"Q173095","candidates":[]}]],[[{"start":0,"end":8,"url":null,"entity_id":"Q5371587","candidates":[]}],[{"start":0,"end":13,"url":null,"entity_id":"Q70904598","candidates":[]}],[{"start":0,"end":17,"url":null,"entity_id":"Q150971","candidates":[]}]],[[{"start":0,"end":11,"url":null,"entity_id":"Q1047199","candidates":[]}],[{"start":0,"end":22,"url":null,"entity_id":"Q55935484","candidates":[]}],[{"start":0,"end":17,"url":null,"entity_id":"Q150971","candidates":[]}]],[[{"start":0,"end":12,"url":null,"entity_id":"Q1064896","candidates":[]}],[{"start":0,"end":6,"url":null,"entity_id":"Q8254046","candidates":[]}],[{"start":0,"end":17,"url":null,"entity_id":"Q150971","candidates":[]}]],[[{"start":0,"end":16,"url":null,"entity_id":"Q5275831","candidates":[]}],[{"start":0,"end":22,"url":null,"entity_id":"Q7514940","candidates":[]}],[{"start":0,"end":17,"url":null,"entity_id":"Q150971","candidates":[]}]],[[{"start":0,"end":22,"url":null,"entity_id":"Q5254925","candidates":[]}],[{"start":0,"end":15,"url":null,"entity_id":"Q173941","candidates":[]}],[{"start":0,"end":17,"url":null,"entity_id":"Q150971","candidates":[]}]],[[{"start":0,"end":12,"url":null,"entity_id":"Q2683487","candidates":[]}],[{"start":0,"end":15,"url":null,"entity_id":"Q173941","candidates":[]}],[{"start":0,"end":17,"url":null,"entity_id":"Q150971","candidates":[]}]],[[{"start":0,"end":16,"url":null,"entity_id":"Q360258","candidates":[]}],[{"start":0,"end":5,"url":null,"entity_id":"Q11463","candidates":[]}],[{"start":0,"end":17,"url":null,"entity_id":"Q150971","candidates":[]}]],[[{"start":0,"end":11,"url":null,"entity_id":"Q3147730","candidates":[]}],[{"start":0,"end":15,"url":null,"entity_id":"Q986326","candidates":[]}],[{"start":0,"end":13,"url":null,"entity_id":"Q138754","candidates":[]}]],[[{"start":0,"end":15,"url":null,"entity_id":"Q129793","candidates":[]}],[{"start":0,"end":5,"url":null,"entity_id":"Q11463","candidates":[]}],[{"start":0,"end":8,"url":null,"entity_id":"Q11034","candidates":[]}]],[[{"start":0,"end":6,"url":null,"entity_id":"Q19788937","candidates":[]}],[{"start":0,"end":10,"url":null,"entity_id":"Q312","candidates":[]}],[{"start":0,"end":19,"url":null,"entity_id":"Q173095","candidates":[]}]],[[{"start":0,"end":10,"url":null,"entity_id":"Q7642043","candidates":[]}],[{"start":0,"end":22,"url":null,"entity_id":"Q7514940","candidates":[]}],[{"start":0,"end":17,"url":null,"entity_id":"Q150971","candidates":[]}]],[[{"start":0,"end":7,"url":null,"entity_id":"Q7118644","candidates":[]}],[{"start":0,"end":12,"url":null,"entity_id":"Q6223166","candidates":[]}],[{"start":0,"end":17,"url":null,"entity_id":"Q150971","candidates":[]}]],[[{"start":0,"end":5,"url":null,"entity_id":"Q604945","candidates":[]}],[{"start":0,"end":3,"url":null,"entity_id":"Q1431","candidates":[]}],[{"start":0,"end":16,"url":null,"entity_id":"Q1225029","candidates":[]}]]]}