{"version":"1.2","table":{"version":"2","table_id":"OOFGAV7R","columns":[{"index":0,"name":"col0","values":["Being Kevin Pietersen","Katharina Luther","Tenerife","Tatort: Der scheidende Schupo","Herr Lenz reist in den Frühling","Unter der Haut","Break of Dawn","Ground Zero Supertower","The Rocky Horror Picture Show: Let's Do the Time Warp Again","Tatort: Hydra","Sunny Side Up","Tatort: Der Inder","Sharktopus vs. Whalewolf","Letzte Ausfahrt Gera – Acht Stunden mit Beate Zschäpe","Sharknado 2: The Second One","Coming Home","Crisis in Mid-Air","Chain of Command","The King","The New Americans"]},{"index":1,"name":"col1","values":["Kevin Pietersen","Martin Luther","Tenerife airport disaster","ricin","midlife crisis","contaminated haemophilia blood products","Pedro J. González","One World Trade Center","mad scientist","far-right","Sunderum","Stuttgart 21","mad scientist","Beate Zschäpe","aviation accident","Alzheimer's disease","aviation","terrorism","Graham Kennedy","immigration to the United States"]},{"index":2,"name":"col2","values":["Louis Myles","Ernst Ludwig Ganzert","M6","Max Wiedemann","Ernst Ludwig Ganzert","Cornel Schäfer","Jude Pauline Eberhard","Terri Randall","Kenny Ortega","Sonja Goslicki","Pieter Kuijpers","Sabine Tettenborn","Roger Corman","Walid Nakschbandi","David Michael Latt","Sonja Goslicki","Roger Lewis","Lisa M. Hansen","Jason Stephens","Steve James"]}]},"context":{"page_title":null,"page_url":null,"page_entity_id":null,"content_hierarchy":[]},"links":[[[{"start":0,"end":16,"url":null,"entity_id":"Q28819427","candidates":[]}],[{"start":0,"end":13,"url":null,"entity_id":"Q9554","candidates":[]}],[{"start":0,"end":20,"url":null,"entity_id":"Q26793361","candidates":[]}]],[[{"start":0,"end":8,"url":null,"entity_id":"Q29429760","candidates":[]}],[{"start":0,"end":25,"url":null,"entity_id":"Q223288","candidates":[]}],[{"start":0,"end":2,"url":null,"entity_id":"Q1881062","candidates":[]}]],[[{"start":0,"end":29,"url":null,"entity_id":"Q28555813","candidates":[]}],[{"start":0,"end":5,"url":null,"entity_id":"Q408668","candidates":[]}],[{"start":0,"end":13,"url":null,"entity_id":"Q1300333","candidates":[]}]],[[{"start":0,"end":31,"url":null,"entity_id":"Q26791246","candidates":[]}],[{"start":0,"end":14,"url":null,"entity_id":"Q1332059","candidates":[]}],[{"start":0,"end":20,"url":null,"entity_id":"Q26793361","candidates":[]}]],[[{"start":0,"end":14,"url":null,"entity_id":"Q24705007","candidates":[]}],[{"start":0,"end":39,"url":null,"entity_id":"Q928528","candidates":[]}],[{"start":0,"end":14,"url":null,"entity_id":"Q17126622","candidates":[]}]],[[{"start":0,"end":13,"url":null,"entity_id":"Q64628885","candidates":[]}],[{"start":0,"end":17,"url":null,"entity_id":"Q47034969","candidates":[]}],[{"start":0,"end":21,"url":null,"entity_id":"Q64627273","candidates":[]}]],[[{"start":0,"end":22,"url":null,"entity_id":"Q45908288","candidates":[]}],[{"start":0,"end":22,"url":null,"entity_id":"Q11245","candidates":[]}],[{"start":0,"end":13,"url":null,"entity_id":"Q22114583","candidates":[]}]],[[{"start":0,"end":59,"url":null,"entity_id":"Q21450483","candidates":[]}],[{"start":0,"end":13,"url":null,"entity_id":"Q614130","candidates":[]}],[{"start":0,"end":12,"url":null,"entity_id":"Q380852","candidates":[]}]],[[{"start":0,"end":13,"url":null,"entity_id":"Q18819289","candidates":[]}],[{"start":0,"end":9,"url":null,"entity_id":"Q204481","candidates":[]}],[{"start":0,"end":14,"url":null,"entity_id":"Q11619182","candidates":[]}]],[[{"start":0,"end":13,"url":null,"entity_id":"Q18923073","candidates":[]}],[{"start":0,"end":8,"url":null,"entity_id":"Q5837997","candidates":[]}],[{"start":0,"end":15,"url":null,"entity_id":"Q3093329","candidates":[]}]],[[{"start":0,"end":17,"url":null,"entity_id":"Q21041342","candidates":[]}],[{"start":0,"end":12,"url":null,"entity_id":"Q700996","candidates":[]}],[{"start":0,"end":17,"url":null,"entity_id":"Q15843703","candidates":[]}]],[[{"start":0,"end":24,"url":null,"entity_id":"Q20899575","candidates":[]}],[{"start":0,"end":13,"url":null,"entity_id":"Q614130","candidates":[]}],[{"start":0,"end":12,"url":null,"entity_id":"Q318292","candidates":[]}]],[[{"start":0,"end":53,"url":null,"entity_id":"Q21923236","candidates":[]}],[{"start":0,"end":13,"url":null,"entity_id":"Q813212","candidates":[]}],[{"start":0,"end":17,"url":null,"entity_id":"Q2542270","candidates":[]}]],[[{"start":0,"end":27,"url":null,"entity_id":"Q17131362","candidates":[]}],[{"start":0,"end":17,"url":null,"entity_id":"Q744913","candidates":[]}],[{"start":0,"end":18,"url":null,"entity_id":"Q1175663","candidates":[]}]],[[{"start":0,"end":11,"url":null,"entity_id":"Q20058821","candidates":[]}],[{"start":0,"end":19,"url":null,"entity_id":"Q11081","candidates":[]}],[{"start":0,"end":14,"url":null,"entity_id":"Q11619182","candidates":[]}]],[[{"start":0,"end":17,"url":null,"entity_id":"Q5185966","candidates":[]}],[{"start":0,"end":8,"url":null,"entity_id":"Q765633","candidates":[]}],[{"start":0,"end":11,"url":null,"entity_id":"Q14945739","candidates":[]}]],[[{"start":0,"end":16,"url":null,"entity_id":"Q5067939","candidates":[]}],[{"start":0,"end":9,"url":null,"entity_id":"Q7283","candidates":[]}],[{"start":0,"end":14,"url":null,"entity_id":"Q6558221","candidates":[]}]],[[{"start":0,"end":8,"url":null,"entity_id":"Q7744489","candidates":[]}],[{"start":0,"end":14,"url":null,"entity_id":"Q2111930","candidates":[]}],[{"start":0,"end":14,"url":null,"entity_id":"Q6163550","candidates":[]}]],[[{"start":0,"end":17,"url":null,"entity_id":"Q7753504","candidates":[]}],[{"start":0,"end":32,"url":null,"entity_id":"Q1309633","candidates":[]}],[{"start":0,"end":11,"url":null,"entity_id":"Q2347045","candidates":[]}]],[[{"start":0,"end":21,"url":null,"entity_id":"Q57708079","candidates":[]}],[{"start":0,"end":15,"url":null,"entity_id":"Q1398682","candidates":[]}],[{"start":0,"end":11,"url":null,"entity_id":"Q57707623","candidates":[]}]]]}