{"version":"1.2","table":{"version":"2","table_id":"OSKJAU5O","columns":[{"index":0,"name":"col0","values":["Scale model of Millenium-MnM 2001.9.1","Scale model of Marcel Schiaffino-7 MM 60","Scale model of Louléa-MnM 7 MM 66","Scale model of Lorraine-MnM 25 MG 33","Scale model of Loire-MnM 5 MM 9","Scale model of Lionne-MnM 17 MG 14","Scale model of Laurent Schiaffino-MnM 7 MM 63","Scale model of Jupiter-MnM 5 MM 4","Scale model of Hoche-MnM 25 MG 16","Scale model of Georges Leygues-MnM 29 MG 79","Scale model of Foudroyante-MnM 17 MG 18","Scale model of Flore-MnM 17 MG 10","Scale model of Espérance-MnM 21 MG 33","Scale model of Danton-MnM 25 MG 23","Scale model of Cygne-MnM 17 MG 13","Scale model of a 16-gun cutter-MnM 17 MG 15","1/50-scale Model of a 14-carronade cutter of the 1830s.","1/40th Scale model of the corvette [[:en:French corvette Créole (1829)|''Créole'']]","1/100th scale model of the E 50-type escort Corse","1/40th Scale model of a 118-gun ship of the ''Océan'' class under construction"]},{"index":1,"name":"col1","values":["47","33","38","66.5","97","82","37","30","76","46.5","150","124","85","160","106","127.5","79","85","29","64"]},{"index":2,"name":"col2","values":["196","111","133","166","170","116","120","32.7","172","144","195","171","112","320","141","150","93","112","102","199"]},{"index":3,"name":"col3","values":["22","15","19","30","55","43","17","4.8","46","16","63","56","38","60","34","45","41","38","11","84"]},{"index":4,"name":"col4","values":["150","100","100","100","66","48","100","100","66","100","36","44","48","50","36","28.8","50","40","100","40"]}]},"context":{"page_title":null,"page_url":null,"page_entity_id":null,"content_hierarchy":[]},"links":[[[{"start":0,"end":40,"url":null,"entity_id":"Q47908428","candidates":[]}],[],[],[],[]],[[{"start":0,"end":33,"url":null,"entity_id":"Q47904589","candidates":[]}],[],[],[],[]],[[{"start":0,"end":36,"url":null,"entity_id":"Q47894695","candidates":[]}],[],[],[],[]],[[{"start":0,"end":31,"url":null,"entity_id":"Q47892687","candidates":[]}],[],[],[],[]],[[{"start":0,"end":34,"url":null,"entity_id":"Q47891336","candidates":[]}],[],[],[],[]],[[{"start":0,"end":45,"url":null,"entity_id":"Q47890717","candidates":[]}],[],[],[],[]],[[{"start":0,"end":33,"url":null,"entity_id":"Q47875459","candidates":[]}],[],[],[],[]],[[{"start":0,"end":33,"url":null,"entity_id":"Q47817372","candidates":[]}],[],[],[],[]],[[{"start":0,"end":43,"url":null,"entity_id":"Q47791264","candidates":[]}],[],[],[],[]],[[{"start":0,"end":39,"url":null,"entity_id":"Q47789312","candidates":[]}],[],[],[],[]],[[{"start":0,"end":33,"url":null,"entity_id":"Q47788173","candidates":[]}],[],[],[],[]],[[{"start":0,"end":37,"url":null,"entity_id":"Q47783051","candidates":[]}],[],[],[],[]],[[{"start":0,"end":34,"url":null,"entity_id":"Q47780900","candidates":[]}],[],[],[],[]],[[{"start":0,"end":33,"url":null,"entity_id":"Q47779117","candidates":[]}],[],[],[],[]],[[{"start":0,"end":43,"url":null,"entity_id":"Q47777363","candidates":[]}],[],[],[],[]],[[{"start":0,"end":55,"url":null,"entity_id":"Q47776393","candidates":[]}],[],[],[],[]],[[{"start":0,"end":83,"url":null,"entity_id":"Q47769604","candidates":[]}],[],[],[],[]],[[{"start":0,"end":49,"url":null,"entity_id":"Q47684913","candidates":[]}],[],[],[],[]],[[{"start":0,"end":78,"url":null,"entity_id":"Q47683628","candidates":[]}],[],[],[],[]],[[{"start":0,"end":37,"url":null,"entity_id":"Q47909260","candidates":[]}],[],[],[],[]]]}