{"version":"1.2","table":{"version":"2","table_id":"5LIKAZK2","columns":[{"index":0,"name":"col0","values":["IRAS 19453+1917","IRAS 18076+3445","IRAS 17276-2846","RAFGL 5383","IRAS 19375+4322","IRAS 17447-3418","IRAS 18216+0634","IRAS 17528+1144","IRAS 19516+2217","V* XY Gem","NSV 16214","OH 27.6 -0.9","IRAS 12123-6157","IRC -10151","IRAS 18050-0518","IRAS 1938+154P09","IRAS 18028-4455","IRAS 21100+2205","OH 31.7 -0.8","IRAS 14119-6453"]},{"index":1,"name":"col1","values":["296.8998709010382","272.3528289523124","262.70140595700127","266.7043166160386","294.7865496671492","267.0063142864484","276.0155201628498","268.807177959202","298.4559954735221","119.2889569010082","75.1025284289928","281.1707269022215","183.761429246863","106.9557789497973","271.920935444655","295.2630681760177","271.6229977366349","318.0696123199411","283.0060292138868","213.9533453203895"]},{"index":2,"name":"col2","values":["0.0107","0.1477","0.2437","2.0939","0.6391","2.0029","0.1458","0.4373","0.439","0.8447","3.9043","0.2424","0.6747","0.3529","0.2351","0.3211","0.1657","0.2952","0.152","0.3085"]},{"index":3,"name":"col3","values":["19.4150938884628","34.7720459847345","-28.81716101738778","-34.2519028898637","43.4985604575649","-34.32786340032111","6.60715149352","11.7294720618144","22.427405502126","21.319448655678","12.9351483236118","-5.1538506196925","-62.2339726087472","-10.7349994392007","-5.3054096303634","15.572002063955","-44.91867842941","22.2986902173335","-1.4461774708484","-65.1307171577019"]}]},"context":{"page_title":null,"page_url":null,"page_entity_id":null,"content_hierarchy":[]},"links":[[[{"start":0,"end":15,"url":null,"entity_id":"Q87028722","candidates":[]}],[],[],[]],[[{"start":0,"end":15,"url":null,"entity_id":"Q87017927","candidates":[]}],[],[],[]],[[{"start":0,"end":10,"url":null,"entity_id":"Q86770307","candidates":[]}],[],[],[]],[[{"start":0,"end":15,"url":null,"entity_id":"Q86726596","candidates":[]}],[],[],[]],[[{"start":0,"end":15,"url":null,"entity_id":"Q86696449","candidates":[]}],[],[],[]],[[{"start":0,"end":15,"url":null,"entity_id":"Q86634899","candidates":[]}],[],[],[]],[[{"start":0,"end":15,"url":null,"entity_id":"Q86591346","candidates":[]}],[],[],[]],[[{"start":0,"end":15,"url":null,"entity_id":"Q86543501","candidates":[]}],[],[],[]],[[{"start":0,"end":9,"url":null,"entity_id":"Q86535112","candidates":[]}],[],[],[]],[[{"start":0,"end":9,"url":null,"entity_id":"Q86394063","candidates":[]}],[],[],[]],[[{"start":0,"end":12,"url":null,"entity_id":"Q86347329","candidates":[]}],[],[],[]],[[{"start":0,"end":15,"url":null,"entity_id":"Q85920165","candidates":[]}],[],[],[]],[[{"start":0,"end":10,"url":null,"entity_id":"Q85826228","candidates":[]}],[],[],[]],[[{"start":0,"end":15,"url":null,"entity_id":"Q85672418","candidates":[]}],[],[],[]],[[{"start":0,"end":16,"url":null,"entity_id":"Q85521820","candidates":[]}],[],[],[]],[[{"start":0,"end":15,"url":null,"entity_id":"Q85511236","candidates":[]}],[],[],[]],[[{"start":0,"end":15,"url":null,"entity_id":"Q85424108","candidates":[]}],[],[],[]],[[{"start":0,"end":12,"url":null,"entity_id":"Q85422329","candidates":[]}],[],[],[]],[[{"start":0,"end":15,"url":null,"entity_id":"Q85371810","candidates":[]}],[],[],[]],[[{"start":0,"end":15,"url":null,"entity_id":"Q87053247","candidates":[]}],[],[],[]]]}