{"version":"1.2","table":{"version":"2","table_id":"5OUD1WSE","columns":[{"index":0,"name":"col0","values":["SDSS J204435.17-005117.0","SDSS J204541.61-050231.6","SDSS J111311.62-164457.3","SDSS J101829.05+650218.9","SDSS J104838.61+005839.4","SDSS J014858.65+001851.4","SDSS J092513.13+071055.3","SDSS J015905.73-003222.3","SDSS J103658.20+163609.2","SDSS J142255.29+125353.0","SDSS J151555.13+135708.7","SDSS J230110.76+054925.8","SDSS J215703.64+003722.8","SDSS J022207.13+011344.6","SDSS J1539+0239","SDSS J101749.41+404601.5","SDSS J172433.73+260332.7","SDSS J163516.45+143604.4","SDSS J214325.56-001037.6","SDSS J011441.01+010914.7"]},{"index":1,"name":"col1","values":["15.732","16.637","15.79","16.05","16.252","17.385","16.771","17.471","17.947","15.659","16.253","16.594","17.538","15.936","14.92","17.147","17.223","16.963","15.97","15.968"]},{"index":2,"name":"col2","values":["0.979","1.863","1.166","1611.3439","1.539","1.347","1.039","1.914","1.985","1414.0271","1.569","1.683","1.109","959.3246","9","1.619","1.078","1.733","1.465","1.193"]},{"index":3,"name":"col3","values":["-0.00107","-0.00095","0.0005","-0.00096","0.00072","0.00063","0.00099","-0.00045","0.00069","-0.00004","-0.00007","-0.00078","-0.00064","0.00062","-0.00134","0.00018","-0.00038","-0.00053","-0.00113","0.00007"]},{"index":4,"name":"col4","values":["-1.86","-1.917","-1.899","-1.87","-1.93","-1.913","-1.901","-1.919","-2.659","-2.537","-2.723","-2.464","-2.485","-2.74","-2.55","-2.233","-2.267","-2.297","-2.412","-2.389"]}]},"context":{"page_title":null,"page_url":null,"page_entity_id":null,"content_hierarchy":[]},"links":[[[{"start":0,"end":24,"url":null,"entity_id":"Q75081831","candidates":[]}],[],[],[],[]],[[{"start":0,"end":24,"url":null,"entity_id":"Q75081819","candidates":[]}],[],[],[],[]],[[{"start":0,"end":24,"url":null,"entity_id":"Q75081785","candidates":[]}],[],[],[],[]],[[{"start":0,"end":24,"url":null,"entity_id":"Q75081750","candidates":[]}],[],[],[],[]],[[{"start":0,"end":24,"url":null,"entity_id":"Q75081680","candidates":[]}],[],[],[],[]],[[{"start":0,"end":24,"url":null,"entity_id":"Q75081644","candidates":[]}],[],[],[],[]],[[{"start":0,"end":24,"url":null,"entity_id":"Q75081614","candidates":[]}],[],[],[],[]],[[{"start":0,"end":24,"url":null,"entity_id":"Q75081910","candidates":[]}],[],[],[],[]],[[{"start":0,"end":24,"url":null,"entity_id":"Q75081709","candidates":[]}],[],[],[],[]],[[{"start":0,"end":24,"url":null,"entity_id":"Q75081667","candidates":[]}],[],[],[],[]],[[{"start":0,"end":24,"url":null,"entity_id":"Q75081662","candidates":[]}],[],[],[],[]],[[{"start":0,"end":24,"url":null,"entity_id":"Q75081602","candidates":[]}],[],[],[],[]],[[{"start":0,"end":24,"url":null,"entity_id":"Q75081565","candidates":[]}],[],[],[],[]],[[{"start":0,"end":15,"url":null,"entity_id":"Q4048714","candidates":[]}],[],[],[],[]],[[{"start":0,"end":24,"url":null,"entity_id":"Q75081778","candidates":[]}],[],[],[],[]],[[{"start":0,"end":24,"url":null,"entity_id":"Q75081719","candidates":[]}],[],[],[],[]],[[{"start":0,"end":24,"url":null,"entity_id":"Q75081682","candidates":[]}],[],[],[],[]],[[{"start":0,"end":24,"url":null,"entity_id":"Q75081668","candidates":[]}],[],[],[],[]],[[{"start":0,"end":24,"url":null,"entity_id":"Q75081621","candidates":[]}],[],[],[],[]],[[{"start":0,"end":24,"url":null,"entity_id":"Q75081854","candidates":[]}],[],[],[],[]]]}