{"version":"1.2","table":{"version":"2","table_id":"5RIAPLQ8","columns":[{"index":0,"name":"col0","values":["Annan District","West Central District","Yongkang District","Daxi","Dongshan District","Xinying District","Fengshan District","Sanxia District","Banqiao District","Dadu District, Taichung","East District","Zhongshan District","Xinyi District","Wenshan District","Neihu District","Nangang District","Datong District","Shilin District","Da'an District","Beitou District"]},{"index":1,"name":"col1","values":["107.2016","6.26","40.38","40.6","124.1978","38.54","26.76","191","23.1368","37.0024","9.2885","13.68","11.21","31.51","31.58","21.84","5.68","62.37","11.36","56.82"]},{"index":2,"name":"col2","values":["193704","78276","234231","94875","20905","78288","354093","115670","554008","56654","75811","231068","226379","274689","287746","122214","129667","289149","311124","256766"]}]},"context":{"page_title":null,"page_url":null,"page_entity_id":null,"content_hierarchy":[]},"links":[[[{"start":0,"end":21,"url":null,"entity_id":"Q706699","candidates":[]}],[],[]],[[{"start":0,"end":17,"url":null,"entity_id":"Q706511","candidates":[]}],[],[]],[[{"start":0,"end":4,"url":null,"entity_id":"Q706455","candidates":[]}],[],[]],[[{"start":0,"end":17,"url":null,"entity_id":"Q703924","candidates":[]}],[],[]],[[{"start":0,"end":16,"url":null,"entity_id":"Q701497","candidates":[]}],[],[]],[[{"start":0,"end":17,"url":null,"entity_id":"Q633500","candidates":[]}],[],[]],[[{"start":0,"end":15,"url":null,"entity_id":"Q570349","candidates":[]}],[],[]],[[{"start":0,"end":16,"url":null,"entity_id":"Q570090","candidates":[]}],[],[]],[[{"start":0,"end":23,"url":null,"entity_id":"Q569652","candidates":[]}],[],[]],[[{"start":0,"end":13,"url":null,"entity_id":"Q569465","candidates":[]}],[],[]],[[{"start":0,"end":18,"url":null,"entity_id":"Q271167","candidates":[]}],[],[]],[[{"start":0,"end":14,"url":null,"entity_id":"Q271151","candidates":[]}],[],[]],[[{"start":0,"end":16,"url":null,"entity_id":"Q271143","candidates":[]}],[],[]],[[{"start":0,"end":14,"url":null,"entity_id":"Q271094","candidates":[]}],[],[]],[[{"start":0,"end":16,"url":null,"entity_id":"Q271073","candidates":[]}],[],[]],[[{"start":0,"end":15,"url":null,"entity_id":"Q271060","candidates":[]}],[],[]],[[{"start":0,"end":15,"url":null,"entity_id":"Q254626","candidates":[]}],[],[]],[[{"start":0,"end":14,"url":null,"entity_id":"Q252951","candidates":[]}],[],[]],[[{"start":0,"end":15,"url":null,"entity_id":"Q252864","candidates":[]}],[],[]],[[{"start":0,"end":14,"url":null,"entity_id":"Q706749","candidates":[]}],[],[]]]}