{"version":"1.2","table":{"version":"2","table_id":"5RXRO6RM","columns":[{"index":0,"name":"col0","values":["HMS Tuscan (R56)","HMS Argyll","HMS Boxer","HMS Chatham","HMS Arrow","HMS Active","Greek frigate Psara","Greek frigate Spetsai","Greek frigate Hydra","Greek frigate Salamis","HMS Nordenskjöld","Westdiep","HMS Dominica","HMS Ascension","USS John L. Hall","USS Flatley","USS Ramsey","USS Richard L. Page","USS Brooke","HMCS Toronto"]},{"index":1,"name":"col1","values":["S and T-class destroyer","Type 23 frigate","Type 22 frigate","Type 22 frigate","Type 21 frigate","Type 21 frigate","Hydra class frigate","Hydra class frigate","Hydra class frigate","Hydra class frigate","Ehrensköld class destroyer","Wielingen-class","Colony-class frigate","Colony-class frigate","Oliver Hazard Perry-class","Oliver Hazard Perry-class","Brooke class frigate","Brooke class frigate","Brooke class frigate","River-class"]},{"index":2,"name":"col2","values":["United Kingdom","United Kingdom","United Kingdom","United Kingdom","United Kingdom","United Kingdom","Greece","Greece","Greece","Greece","Sweden","Belgium","United States of America","United States of America","United States of America","United States of America","United States of America","United States of America","United States of America","Norway"]}]},"context":{"page_title":null,"page_url":null,"page_entity_id":null,"content_hierarchy":[]},"links":[[[{"start":0,"end":10,"url":null,"entity_id":"Q5631404","candidates":[]}],[{"start":0,"end":15,"url":null,"entity_id":"Q1264384","candidates":[]}],[{"start":0,"end":14,"url":null,"entity_id":"Q145","candidates":[]}]],[[{"start":0,"end":9,"url":null,"entity_id":"Q4353304","candidates":[]}],[{"start":0,"end":15,"url":null,"entity_id":"Q922727","candidates":[]}],[{"start":0,"end":14,"url":null,"entity_id":"Q145","candidates":[]}]],[[{"start":0,"end":11,"url":null,"entity_id":"Q4352491","candidates":[]}],[{"start":0,"end":15,"url":null,"entity_id":"Q922727","candidates":[]}],[{"start":0,"end":14,"url":null,"entity_id":"Q145","candidates":[]}]],[[{"start":0,"end":9,"url":null,"entity_id":"Q4352867","candidates":[]}],[{"start":0,"end":15,"url":null,"entity_id":"Q456033","candidates":[]}],[{"start":0,"end":14,"url":null,"entity_id":"Q145","candidates":[]}]],[[{"start":0,"end":10,"url":null,"entity_id":"Q4352612","candidates":[]}],[{"start":0,"end":15,"url":null,"entity_id":"Q456033","candidates":[]}],[{"start":0,"end":14,"url":null,"entity_id":"Q145","candidates":[]}]],[[{"start":0,"end":19,"url":null,"entity_id":"Q5601954","candidates":[]}],[{"start":0,"end":19,"url":null,"entity_id":"Q305398","candidates":[]}],[{"start":0,"end":6,"url":null,"entity_id":"Q41","candidates":[]}]],[[{"start":0,"end":21,"url":null,"entity_id":"Q5601953","candidates":[]}],[{"start":0,"end":19,"url":null,"entity_id":"Q305398","candidates":[]}],[{"start":0,"end":6,"url":null,"entity_id":"Q41","candidates":[]}]],[[{"start":0,"end":19,"url":null,"entity_id":"Q5601951","candidates":[]}],[{"start":0,"end":19,"url":null,"entity_id":"Q305398","candidates":[]}],[{"start":0,"end":6,"url":null,"entity_id":"Q41","candidates":[]}]],[[{"start":0,"end":21,"url":null,"entity_id":"Q5601950","candidates":[]}],[{"start":0,"end":19,"url":null,"entity_id":"Q305398","candidates":[]}],[{"start":0,"end":6,"url":null,"entity_id":"Q41","candidates":[]}]],[[{"start":0,"end":16,"url":null,"entity_id":"Q5393173","candidates":[]}],[{"start":0,"end":26,"url":null,"entity_id":"Q10480344","candidates":[]}],[{"start":0,"end":6,"url":null,"entity_id":"Q34","candidates":[]}]],[[{"start":0,"end":8,"url":null,"entity_id":"Q4882508","candidates":[]}],[{"start":0,"end":15,"url":null,"entity_id":"Q1360863","candidates":[]}],[{"start":0,"end":7,"url":null,"entity_id":"Q31","candidates":[]}]],[[{"start":0,"end":12,"url":null,"entity_id":"Q5632163","candidates":[]}],[{"start":0,"end":20,"url":null,"entity_id":"Q3793581","candidates":[]}],[{"start":0,"end":24,"url":null,"entity_id":"Q30","candidates":[]}]],[[{"start":0,"end":13,"url":null,"entity_id":"Q5631426","candidates":[]}],[{"start":0,"end":20,"url":null,"entity_id":"Q3793581","candidates":[]}],[{"start":0,"end":24,"url":null,"entity_id":"Q30","candidates":[]}]],[[{"start":0,"end":16,"url":null,"entity_id":"Q5232228","candidates":[]}],[{"start":0,"end":25,"url":null,"entity_id":"Q1146814","candidates":[]}],[{"start":0,"end":24,"url":null,"entity_id":"Q30","candidates":[]}]],[[{"start":0,"end":11,"url":null,"entity_id":"Q4821789","candidates":[]}],[{"start":0,"end":25,"url":null,"entity_id":"Q1146814","candidates":[]}],[{"start":0,"end":24,"url":null,"entity_id":"Q30","candidates":[]}]],[[{"start":0,"end":10,"url":null,"entity_id":"Q5234847","candidates":[]}],[{"start":0,"end":20,"url":null,"entity_id":"Q928759","candidates":[]}],[{"start":0,"end":24,"url":null,"entity_id":"Q30","candidates":[]}]],[[{"start":0,"end":19,"url":null,"entity_id":"Q5228129","candidates":[]}],[{"start":0,"end":20,"url":null,"entity_id":"Q928759","candidates":[]}],[{"start":0,"end":24,"url":null,"entity_id":"Q30","candidates":[]}]],[[{"start":0,"end":10,"url":null,"entity_id":"Q4383934","candidates":[]}],[{"start":0,"end":20,"url":null,"entity_id":"Q928759","candidates":[]}],[{"start":0,"end":24,"url":null,"entity_id":"Q30","candidates":[]}]],[[{"start":0,"end":12,"url":null,"entity_id":"Q5630952","candidates":[]}],[{"start":0,"end":11,"url":null,"entity_id":"Q2500278","candidates":[]}],[{"start":0,"end":6,"url":null,"entity_id":"Q20","candidates":[]}]],[[{"start":0,"end":16,"url":null,"entity_id":"Q4353268","candidates":[]}],[{"start":0,"end":23,"url":null,"entity_id":"Q2464628","candidates":[]}],[{"start":0,"end":14,"url":null,"entity_id":"Q145","candidates":[]}]]]}