{"version":"1.2","table":{"version":"2","table_id":"5TOXHFQK","columns":[{"index":0,"name":"col0","values":["Aviemore Dam","Kouris Dam","Fontana Dam","Evretou Dam","Wirtz Dam","Hartwell Dam","Krasnoyarsk Dam","Solina Dam","Irkutsk Hydroelectric Power Station","Mansfield Dam","Kaniv Hydroelectric Station","Roxburgh Dam","Saratov Hydroelectric Station","Kremenchuk Hydroelectric Power Plant","Kerr Dam","Kiev Hydroelectric Power Plant","Nizhnekamsk Hydroelectric Station","Sultan Mahmud Power Station","Nickajack Dam","Sau Dam"]},{"index":1,"name":"col1","values":["Lake Aviemore","Kouris Reservoir","Fontana Lake","Evretou Reservoir","Lake Lyndon B. Johnson","Lake Hartwell","Krasnoyarsk Reservoir","Lake Solina","Irkutsk Reservoir","Lake Travis","Kaniv Reservoir","Lake Roxburgh","Saratov Reservoir","Kremenchuk Reservoir","Flathead Lake","Kiev Reservoir","Nizhnekamsk Reservoir","Kenyir Lake","Nickajack Lake","Pantà de Sau"]},{"index":2,"name":"col2","values":["760","408","721","182","1674","5441","1065","664","2500","2161","10500","358","725","10500","137","288","2976","800","1148","260"]}]},"context":{"page_title":null,"page_url":null,"page_entity_id":null,"content_hierarchy":[]},"links":[[[{"start":0,"end":10,"url":null,"entity_id":"Q62511184","candidates":[]}],[{"start":0,"end":16,"url":null,"entity_id":"Q6434705","candidates":[]}],[]],[[{"start":0,"end":11,"url":null,"entity_id":"Q2885120","candidates":[]}],[{"start":0,"end":12,"url":null,"entity_id":"Q5465129","candidates":[]}],[]],[[{"start":0,"end":11,"url":null,"entity_id":"Q62343601","candidates":[]}],[{"start":0,"end":17,"url":null,"entity_id":"Q5418789","candidates":[]}],[]],[[{"start":0,"end":9,"url":null,"entity_id":"Q14711411","candidates":[]}],[{"start":0,"end":22,"url":null,"entity_id":"Q1800987","candidates":[]}],[]],[[{"start":0,"end":12,"url":null,"entity_id":"Q5675411","candidates":[]}],[{"start":0,"end":13,"url":null,"entity_id":"Q1800945","candidates":[]}],[]],[[{"start":0,"end":15,"url":null,"entity_id":"Q1120899","candidates":[]}],[{"start":0,"end":21,"url":null,"entity_id":"Q1786720","candidates":[]}],[]],[[{"start":0,"end":10,"url":null,"entity_id":"Q7558147","candidates":[]}],[{"start":0,"end":11,"url":null,"entity_id":"Q1760896","candidates":[]}],[]],[[{"start":0,"end":35,"url":null,"entity_id":"Q1965660","candidates":[]}],[{"start":0,"end":17,"url":null,"entity_id":"Q1672940","candidates":[]}],[]],[[{"start":0,"end":13,"url":null,"entity_id":"Q6751639","candidates":[]}],[{"start":0,"end":11,"url":null,"entity_id":"Q1625606","candidates":[]}],[]],[[{"start":0,"end":27,"url":null,"entity_id":"Q2027431","candidates":[]}],[{"start":0,"end":15,"url":null,"entity_id":"Q1551994","candidates":[]}],[]],[[{"start":0,"end":12,"url":null,"entity_id":"Q1246704","candidates":[]}],[{"start":0,"end":13,"url":null,"entity_id":"Q1521877","candidates":[]}],[]],[[{"start":0,"end":29,"url":null,"entity_id":"Q1542516","candidates":[]}],[{"start":0,"end":17,"url":null,"entity_id":"Q1431535","candidates":[]}],[]],[[{"start":0,"end":36,"url":null,"entity_id":"Q3379438","candidates":[]}],[{"start":0,"end":20,"url":null,"entity_id":"Q1431500","candidates":[]}],[]],[[{"start":0,"end":8,"url":null,"entity_id":"Q4688016","candidates":[]}],[{"start":0,"end":13,"url":null,"entity_id":"Q1427364","candidates":[]}],[]],[[{"start":0,"end":30,"url":null,"entity_id":"Q3443779","candidates":[]}],[{"start":0,"end":14,"url":null,"entity_id":"Q1425651","candidates":[]}],[]],[[{"start":0,"end":33,"url":null,"entity_id":"Q12133686","candidates":[]}],[{"start":0,"end":21,"url":null,"entity_id":"Q1425346","candidates":[]}],[]],[[{"start":0,"end":27,"url":null,"entity_id":"Q17056517","candidates":[]}],[{"start":0,"end":11,"url":null,"entity_id":"Q1420437","candidates":[]}],[]],[[{"start":0,"end":13,"url":null,"entity_id":"Q4027209","candidates":[]}],[{"start":0,"end":14,"url":null,"entity_id":"Q1217778","candidates":[]}],[]],[[{"start":0,"end":7,"url":null,"entity_id":"Q44019086","candidates":[]}],[{"start":0,"end":12,"url":null,"entity_id":"Q1140094","candidates":[]}],[]],[[{"start":0,"end":12,"url":null,"entity_id":"Q4828803","candidates":[]}],[{"start":0,"end":13,"url":null,"entity_id":"Q6474869","candidates":[]}],[]]]}