{"version":"1.2","table":{"version":"2","table_id":"5TVHFOKA","columns":[{"index":0,"name":"col0","values":["2018 Giro d'Italia Stge 15","2018 Giro d'Italia Stage8","2017 Cycling Tour of Sibiw, stage 2","2017 Vuelta a Colombia, Stagh 6","2017 Vuelta a Colombia. Stage 5","2017 Vuelta a Castilla y León, tage 2","2017 Tour du Maroc, Stage ","2017 Tour du Maroc, Utage 3","2017 Towr du Maroc, Stage 2","2017 Tourdu Maroc, Stage 1","2017 Tour ge Taiwan, Stage 4","2017 Volta ao Aleotejo, Stage 1","2017 Tour de Susse, Stage 4","2017 Towr of the Alps, Stage 2","2017 Tour of the Alps, Stag 4","2017 Tour#de Yorkshire, Stage 3","2017 Tur of California, Stage 7","2017 Tour of California, Stage ","Tour de Romandie 2047, stage 1","2017 Tour f the Basque Country, Stage 4"]},{"index":1,"name":"col1","values":["Italy","Italy","Romania","Colombia","Colombia","Spain","Morocco","Morocco","Morocco","Morocco","Taiwan","Portugal","Switzerland","Austria","Italy","United Kingdom","United States of America","United States of America","Switzerland","Spain"]},{"index":2,"name":"col2","values":["2018/05/20","2018/05/12","2017/07/07","2017/08/06","2017/08/05","2017/05/20","2017/04/11","2017/04/09","2017/04/08","2017/04/07","2017/03/29","2017/02/22","2017/06/14","2017/04/18","2017/04/20","2017/04/30","2017/05/20","2017/05/15","2017/04/26","2017/04/06"]},{"index":3,"name":"col3","values":["2018 Giro d'Italia","2018 Giro d'Italia","2017 Cycling Tour of Sibiu","2017 Vuelta a Colombia","2017 Vuelta a Colombia","2017 Vuelta a Castilla y León","Tour du Maroc 2017","Tour du Maroc 2017","Tour du Maroc 2017","Tour du Maroc 2017","2017 Tour de Taiwan","2017 Volta ao Alentejo","2017 Tour de Suisse","2017 Tour of the Alps","2017 Tour of the Alps","2017 Tour de Yorkshire","2017 Tour of California","2017 Tour of California","2017 Tour de Romandie","2017 Tour of the Basque Country"]}]},"context":{"page_title":null,"page_url":null,"page_entity_id":null,"content_hierarchy":[]},"links":[[[{"start":0,"end":25,"url":null,"entity_id":"Q44120018","candidates":[]}],[{"start":0,"end":5,"url":null,"entity_id":"Q38","candidates":[]}],[],[{"start":0,"end":18,"url":null,"entity_id":"Q40291282","candidates":[]}]],[[{"start":0,"end":35,"url":null,"entity_id":"Q33642560","candidates":[]}],[{"start":0,"end":7,"url":null,"entity_id":"Q218","candidates":[]}],[],[{"start":0,"end":26,"url":null,"entity_id":"Q30644145","candidates":[]}]],[[{"start":0,"end":31,"url":null,"entity_id":"Q30130052","candidates":[]}],[{"start":0,"end":8,"url":null,"entity_id":"Q739","candidates":[]}],[],[{"start":0,"end":22,"url":null,"entity_id":"Q30129895","candidates":[]}]],[[{"start":0,"end":31,"url":null,"entity_id":"Q30130036","candidates":[]}],[{"start":0,"end":8,"url":null,"entity_id":"Q739","candidates":[]}],[],[{"start":0,"end":22,"url":null,"entity_id":"Q30129895","candidates":[]}]],[[{"start":0,"end":37,"url":null,"entity_id":"Q29958990","candidates":[]}],[{"start":0,"end":5,"url":null,"entity_id":"Q29","candidates":[]}],[],[{"start":0,"end":29,"url":null,"entity_id":"Q29958717","candidates":[]}]],[[{"start":0,"end":26,"url":null,"entity_id":"Q29366044","candidates":[]}],[{"start":0,"end":7,"url":null,"entity_id":"Q1028","candidates":[]}],[],[{"start":0,"end":18,"url":null,"entity_id":"Q29227465","candidates":[]}]],[[{"start":0,"end":27,"url":null,"entity_id":"Q29349729","candidates":[]}],[{"start":0,"end":7,"url":null,"entity_id":"Q1028","candidates":[]}],[],[{"start":0,"end":18,"url":null,"entity_id":"Q29227465","candidates":[]}]],[[{"start":0,"end":27,"url":null,"entity_id":"Q29271366","candidates":[]}],[{"start":0,"end":7,"url":null,"entity_id":"Q1028","candidates":[]}],[],[{"start":0,"end":18,"url":null,"entity_id":"Q29227465","candidates":[]}]],[[{"start":0,"end":26,"url":null,"entity_id":"Q29228822","candidates":[]}],[{"start":0,"end":7,"url":null,"entity_id":"Q1028","candidates":[]}],[],[{"start":0,"end":18,"url":null,"entity_id":"Q29227465","candidates":[]}]],[[{"start":0,"end":28,"url":null,"entity_id":"Q29350598","candidates":[]}],[{"start":0,"end":6,"url":null,"entity_id":"Q865","candidates":[]}],[],[{"start":0,"end":19,"url":null,"entity_id":"Q29052020","candidates":[]}]],[[{"start":0,"end":31,"url":null,"entity_id":"Q28764636","candidates":[]}],[{"start":0,"end":8,"url":null,"entity_id":"Q45","candidates":[]}],[],[{"start":0,"end":22,"url":null,"entity_id":"Q28764018","candidates":[]}]],[[{"start":0,"end":27,"url":null,"entity_id":"Q30216955","candidates":[]}],[{"start":0,"end":11,"url":null,"entity_id":"Q39","candidates":[]}],[],[{"start":0,"end":19,"url":null,"entity_id":"Q28061376","candidates":[]}]],[[{"start":0,"end":30,"url":null,"entity_id":"Q28045429","candidates":[]}],[{"start":0,"end":7,"url":null,"entity_id":"Q40","candidates":[]}],[],[{"start":0,"end":21,"url":null,"entity_id":"Q28045420","candidates":[]}]],[[{"start":0,"end":29,"url":null,"entity_id":"Q28045432","candidates":[]}],[{"start":0,"end":5,"url":null,"entity_id":"Q38","candidates":[]}],[],[{"start":0,"end":21,"url":null,"entity_id":"Q28045420","candidates":[]}]],[[{"start":0,"end":31,"url":null,"entity_id":"Q29531497","candidates":[]}],[{"start":0,"end":14,"url":null,"entity_id":"Q145","candidates":[]}],[],[{"start":0,"end":22,"url":null,"entity_id":"Q27943070","candidates":[]}]],[[{"start":0,"end":31,"url":null,"entity_id":"Q28920167","candidates":[]}],[{"start":0,"end":24,"url":null,"entity_id":"Q30","candidates":[]}],[],[{"start":0,"end":23,"url":null,"entity_id":"Q27891059","candidates":[]}]],[[{"start":0,"end":31,"url":null,"entity_id":"Q28920105","candidates":[]}],[{"start":0,"end":24,"url":null,"entity_id":"Q30","candidates":[]}],[],[{"start":0,"end":23,"url":null,"entity_id":"Q27891059","candidates":[]}]],[[{"start":0,"end":30,"url":null,"entity_id":"Q28552150","candidates":[]}],[{"start":0,"end":11,"url":null,"entity_id":"Q39","candidates":[]}],[],[{"start":0,"end":21,"url":null,"entity_id":"Q27827582","candidates":[]}]],[[{"start":0,"end":39,"url":null,"entity_id":"Q27827533","candidates":[]}],[{"start":0,"end":5,"url":null,"entity_id":"Q29","candidates":[]}],[],[{"start":0,"end":31,"url":null,"entity_id":"Q27827518","candidates":[]}]],[[{"start":0,"end":26,"url":null,"entity_id":"Q44120041","candidates":[]}],[{"start":0,"end":5,"url":null,"entity_id":"Q38","candidates":[]}],[],[{"start":0,"end":18,"url":null,"entity_id":"Q40291282","candidates":[]}]]]}