{"version":"1.2","table":{"version":"2","table_id":"5UB0BVWI","columns":[{"index":0,"name":"col0","values":["HD 120237","HD 113415","Kappa Fornacis","78 Ursae Majoris","46 Draconis","HD 159870","Sigma2 Ursae Majoris","Iota1 Normae","Theta Indi","Tau Coronae Borealis","Epsilon Coronae Borealis","Kappa Cephei","Tau2 Capricorni","Gliese 752","41 Ophiuchi","35 Comae Berenices","23 Vulpeculae","WASP-8","Rho Orionis","HD 64440","HD 13594","30 Arietis B","Epsilon Sculptoris","Delta Equulei","Tau Herculis","Iota Leonis","26 Draconis","Epsilon2 Arae","94 Aquarii","57 Cancri","31 Arietis","4 Aquarii","Delta Sculptoris","Alpha Volantis","HD 131473","HD 214810","HD 216718","HD 200375"]},{"index":1,"name":"col1","values":["3.8","26.8","18.33","-5.1","-28.4","-2.27","-2.98","-14.4","-14.5","-21.02","-30.92","-22.2","-4.1","35.55","-0.35","-6.091","-2.18","-1.94","40.5","25.4","-11.9","12.89","13.1","-15.8","-15.5","-11.8","-15.35","6","15.89","-59.2","8.6","-21.5","8.7","7.6","17.6","12.9","-7.06","7.7"]},{"index":2,"name":"col2","values":["33.93","35.45","44.0905","39.3","9.1133","4.6622","49.07","25.39","33.02","27.95","14.2898","10.0861","2.87","169.159","16.1517","11.52","9.7718","11.0873","9.32","9.6591","25.26","22.3641","35.57","53.5882","10.61","42.24","71.6489","38.2155","44.8996","7.07","28.8632","16.47","23.73","26.4884","20.99","28.93","11.99","14.12"]},{"index":3,"name":"col3","values":["20400","12600","9300","8700","8500","275","11500","8100","13200","1070","87","9300","8000","72000","490","650","8","29500","220","46","31600","22000","15500","11200","11500","5000","23400","14800","6600","550","15000","6200","16000","12300","13000","15500","800","5500"]}]},"context":{"page_title":null,"page_url":null,"page_entity_id":null,"content_hierarchy":[]},"links":[[[{"start":0,"end":9,"url":null,"entity_id":"Q10847655","candidates":[]}],[],[],[]],[[{"start":0,"end":14,"url":null,"entity_id":"Q9017189","candidates":[]}],[],[],[]],[[{"start":0,"end":16,"url":null,"entity_id":"Q7351107","candidates":[]}],[],[],[]],[[{"start":0,"end":11,"url":null,"entity_id":"Q7233226","candidates":[]}],[],[],[]],[[{"start":0,"end":9,"url":null,"entity_id":"Q6871463","candidates":[]}],[],[],[]],[[{"start":0,"end":20,"url":null,"entity_id":"Q5178668","candidates":[]}],[],[],[]],[[{"start":0,"end":12,"url":null,"entity_id":"Q5176152","candidates":[]}],[],[],[]],[[{"start":0,"end":10,"url":null,"entity_id":"Q5175622","candidates":[]}],[],[],[]],[[{"start":0,"end":20,"url":null,"entity_id":"Q5098360","candidates":[]}],[],[],[]],[[{"start":0,"end":24,"url":null,"entity_id":"Q5098336","candidates":[]}],[],[],[]],[[{"start":0,"end":12,"url":null,"entity_id":"Q5097842","candidates":[]}],[],[],[]],[[{"start":0,"end":15,"url":null,"entity_id":"Q5097355","candidates":[]}],[],[],[]],[[{"start":0,"end":10,"url":null,"entity_id":"Q5096652","candidates":[]}],[],[],[]],[[{"start":0,"end":11,"url":null,"entity_id":"Q4637607","candidates":[]}],[],[],[]],[[{"start":0,"end":18,"url":null,"entity_id":"Q4635544","candidates":[]}],[],[],[]],[[{"start":0,"end":13,"url":null,"entity_id":"Q4631592","candidates":[]}],[],[],[]],[[{"start":0,"end":6,"url":null,"entity_id":"Q4408353","candidates":[]}],[],[],[]],[[{"start":0,"end":11,"url":null,"entity_id":"Q3934122","candidates":[]}],[],[],[]],[[{"start":0,"end":8,"url":null,"entity_id":"Q3781495","candidates":[]}],[],[],[]],[[{"start":0,"end":8,"url":null,"entity_id":"Q3780552","candidates":[]}],[],[],[]],[[{"start":0,"end":12,"url":null,"entity_id":"Q3598823","candidates":[]}],[],[],[]],[[{"start":0,"end":18,"url":null,"entity_id":"Q3303880","candidates":[]}],[],[],[]],[[{"start":0,"end":13,"url":null,"entity_id":"Q3236071","candidates":[]}],[],[],[]],[[{"start":0,"end":12,"url":null,"entity_id":"Q3232652","candidates":[]}],[],[],[]],[[{"start":0,"end":11,"url":null,"entity_id":"Q3232250","candidates":[]}],[],[],[]],[[{"start":0,"end":11,"url":null,"entity_id":"Q2815485","candidates":[]}],[],[],[]],[[{"start":0,"end":13,"url":null,"entity_id":"Q2720235","candidates":[]}],[],[],[]],[[{"start":0,"end":10,"url":null,"entity_id":"Q2607823","candidates":[]}],[],[],[]],[[{"start":0,"end":9,"url":null,"entity_id":"Q2403980","candidates":[]}],[],[],[]],[[{"start":0,"end":10,"url":null,"entity_id":"Q2402081","candidates":[]}],[],[],[]],[[{"start":0,"end":9,"url":null,"entity_id":"Q2398910","candidates":[]}],[],[],[]],[[{"start":0,"end":16,"url":null,"entity_id":"Q2278686","candidates":[]}],[],[],[]],[[{"start":0,"end":14,"url":null,"entity_id":"Q1826702","candidates":[]}],[],[],[]],[[{"start":0,"end":9,"url":null,"entity_id":"Q1748998","candidates":[]}],[],[],[]],[[{"start":0,"end":9,"url":null,"entity_id":"Q1747990","candidates":[]}],[],[],[]],[[{"start":0,"end":9,"url":null,"entity_id":"Q1747923","candidates":[]}],[],[],[]],[[{"start":0,"end":9,"url":null,"entity_id":"Q1747866","candidates":[]}],[],[],[]],[[{"start":0,"end":9,"url":null,"entity_id":"Q10847798","candidates":[]}],[],[],[]]]}