{"version":"1.2","table":{"version":"2","table_id":"5UZHNNGG","columns":[{"index":0,"name":"col0","values":["Braunwaldbahn","Gurtenbahn","Heimwehfluhbahn","Harderbahn","Ligerz-Tessenberg-Bahn","Lauterbrunnen–Mürren mountain railway","Peak Tram","Lugano Città–Stazione funicular","Merkurbergbahn","Mergellina Funicular","Central Funicular","Hungerburgbahn","Dresden Funicular Railway","Nerobergbahn","Funicular del Tibidabo","Funicular de Montjuïc","Montevergine funicular","Duquesne Incline","Como–Brunate funicular","Malbergbahn"]},{"index":1,"name":"col1","values":["Switzerland","Switzerland","Switzerland","Switzerland","Switzerland","Switzerland","People's Republic of China","Switzerland","Germany","Italy","Italy","Austria","Germany","Germany","Spain","Spain","Italy","United States of America","Italy","Germany"]},{"index":2,"name":"col2","values":["Glarus","canton of Bern","canton of Bern","canton of Bern","canton of Bern","canton of Bern","Hong Kong","Lugano","Baden-Baden","Naples","Naples","Innsbruck","Dresden","Wiesbaden","Barcelona","Barcelona","Campania","Pittsburgh","Como","Rhineland-Palatinate"]},{"index":3,"name":"col3","values":["1.367","1.059","0.197","1.47","12","1.4","1365","220","1.192","0.55","1.234","1.838","0.547","0.438","1.13","758","1.669","0.24","1.084","520"]}]},"context":{"page_title":null,"page_url":null,"page_entity_id":null,"content_hierarchy":[]},"links":[[[{"start":0,"end":10,"url":null,"entity_id":"Q1555265","candidates":[]}],[{"start":0,"end":11,"url":null,"entity_id":"Q39","candidates":[]}],[{"start":0,"end":14,"url":null,"entity_id":"Q11911","candidates":[]}],[]],[[{"start":0,"end":15,"url":null,"entity_id":"Q1255420","candidates":[]}],[{"start":0,"end":11,"url":null,"entity_id":"Q39","candidates":[]}],[{"start":0,"end":14,"url":null,"entity_id":"Q11911","candidates":[]}],[]],[[{"start":0,"end":10,"url":null,"entity_id":"Q338139","candidates":[]}],[{"start":0,"end":11,"url":null,"entity_id":"Q39","candidates":[]}],[{"start":0,"end":14,"url":null,"entity_id":"Q11911","candidates":[]}],[]],[[{"start":0,"end":22,"url":null,"entity_id":"Q100010","candidates":[]}],[{"start":0,"end":11,"url":null,"entity_id":"Q39","candidates":[]}],[{"start":0,"end":14,"url":null,"entity_id":"Q11911","candidates":[]}],[]],[[{"start":0,"end":37,"url":null,"entity_id":"Q99649","candidates":[]}],[{"start":0,"end":11,"url":null,"entity_id":"Q39","candidates":[]}],[{"start":0,"end":14,"url":null,"entity_id":"Q11911","candidates":[]}],[]],[[{"start":0,"end":9,"url":null,"entity_id":"Q1652985","candidates":[]}],[{"start":0,"end":26,"url":null,"entity_id":"Q148","candidates":[]}],[{"start":0,"end":9,"url":null,"entity_id":"Q8646","candidates":[]}],[]],[[{"start":0,"end":31,"url":null,"entity_id":"Q547337","candidates":[]}],[{"start":0,"end":11,"url":null,"entity_id":"Q39","candidates":[]}],[{"start":0,"end":6,"url":null,"entity_id":"Q7024","candidates":[]}],[]],[[{"start":0,"end":14,"url":null,"entity_id":"Q895924","candidates":[]}],[{"start":0,"end":7,"url":null,"entity_id":"Q183","candidates":[]}],[{"start":0,"end":11,"url":null,"entity_id":"Q4100","candidates":[]}],[]],[[{"start":0,"end":20,"url":null,"entity_id":"Q948209","candidates":[]}],[{"start":0,"end":5,"url":null,"entity_id":"Q38","candidates":[]}],[{"start":0,"end":6,"url":null,"entity_id":"Q2634","candidates":[]}],[]],[[{"start":0,"end":17,"url":null,"entity_id":"Q100008","candidates":[]}],[{"start":0,"end":5,"url":null,"entity_id":"Q38","candidates":[]}],[{"start":0,"end":6,"url":null,"entity_id":"Q2634","candidates":[]}],[]],[[{"start":0,"end":14,"url":null,"entity_id":"Q1370993","candidates":[]}],[{"start":0,"end":7,"url":null,"entity_id":"Q40","candidates":[]}],[{"start":0,"end":9,"url":null,"entity_id":"Q1735","candidates":[]}],[]],[[{"start":0,"end":25,"url":null,"entity_id":"Q314571","candidates":[]}],[{"start":0,"end":7,"url":null,"entity_id":"Q183","candidates":[]}],[{"start":0,"end":7,"url":null,"entity_id":"Q1731","candidates":[]}],[]],[[{"start":0,"end":12,"url":null,"entity_id":"Q153716","candidates":[]}],[{"start":0,"end":7,"url":null,"entity_id":"Q183","candidates":[]}],[{"start":0,"end":9,"url":null,"entity_id":"Q1721","candidates":[]}],[]],[[{"start":0,"end":22,"url":null,"entity_id":"Q1474299","candidates":[]}],[{"start":0,"end":5,"url":null,"entity_id":"Q29","candidates":[]}],[{"start":0,"end":9,"url":null,"entity_id":"Q1492","candidates":[]}],[]],[[{"start":0,"end":21,"url":null,"entity_id":"Q388195","candidates":[]}],[{"start":0,"end":5,"url":null,"entity_id":"Q29","candidates":[]}],[{"start":0,"end":9,"url":null,"entity_id":"Q1492","candidates":[]}],[]],[[{"start":0,"end":22,"url":null,"entity_id":"Q129388","candidates":[]}],[{"start":0,"end":5,"url":null,"entity_id":"Q38","candidates":[]}],[{"start":0,"end":8,"url":null,"entity_id":"Q1438","candidates":[]}],[]],[[{"start":0,"end":16,"url":null,"entity_id":"Q1266663","candidates":[]}],[{"start":0,"end":24,"url":null,"entity_id":"Q30","candidates":[]}],[{"start":0,"end":10,"url":null,"entity_id":"Q1342","candidates":[]}],[]],[[{"start":0,"end":22,"url":null,"entity_id":"Q1055831","candidates":[]}],[{"start":0,"end":5,"url":null,"entity_id":"Q38","candidates":[]}],[{"start":0,"end":4,"url":null,"entity_id":"Q1308","candidates":[]}],[]],[[{"start":0,"end":11,"url":null,"entity_id":"Q1298956","candidates":[]}],[{"start":0,"end":7,"url":null,"entity_id":"Q183","candidates":[]}],[{"start":0,"end":20,"url":null,"entity_id":"Q1200","candidates":[]}],[]],[[{"start":0,"end":13,"url":null,"entity_id":"Q902234","candidates":[]}],[{"start":0,"end":11,"url":null,"entity_id":"Q39","candidates":[]}],[{"start":0,"end":6,"url":null,"entity_id":"Q11922","candidates":[]}],[]]]}