{"version":"1.2","table":{"version":"2","table_id":"5WMANFEW","columns":[{"index":0,"name":"col0","values":["PGC 42219","PGC 41890","PGC 41807","PGC 41668","PGC 41647","PGC 41644","PGC 41619","PGC 41570","PGC 41469","PGC 41442","PGC 41263","PGC 40867","PGC 40844","PGC 40779","PGC 40688","PGC 40670","PGC 51711","PGC 51664","PGC 51659","PGC 51604"]},{"index":1,"name":"col1","values":["17.48","16.84","16.769","16.63","15","15.56","15.954","13.1","15.682","18.8","16.45","16.344","16.624","16.504","18","15.13","15.14","13.123","15","15.395"]},{"index":2,"name":"col2","values":["14.872956","9.186084","3.739076","9.253261","4.578152","3.360428","7.799037","11.893266","10.840678","9.47528","17.398326","9.339496","13.716005","14.782346","6.70833","8.3497472","21.340052","13.5514472","-46.30167","5.132944"]},{"index":3,"name":"col3","values":["0.00247","0.00429","0.1218","0.02467","0.00411","0.00243","0.00444","0.00285","0.00211","0.00202","0.82048","0.00574","0.00114","0.00632","0.014003","0.0033","0.00391","0.0044","0.001324","0.00528"]}]},"context":{"page_title":null,"page_url":null,"page_entity_id":null,"content_hierarchy":[]},"links":[[[{"start":0,"end":9,"url":null,"entity_id":"Q60236898","candidates":[]}],[],[],[]],[[{"start":0,"end":9,"url":null,"entity_id":"Q60236896","candidates":[]}],[],[],[]],[[{"start":0,"end":9,"url":null,"entity_id":"Q60236892","candidates":[]}],[],[],[]],[[{"start":0,"end":9,"url":null,"entity_id":"Q60236890","candidates":[]}],[],[],[]],[[{"start":0,"end":9,"url":null,"entity_id":"Q60236889","candidates":[]}],[],[],[]],[[{"start":0,"end":9,"url":null,"entity_id":"Q60236886","candidates":[]}],[],[],[]],[[{"start":0,"end":9,"url":null,"entity_id":"Q60236884","candidates":[]}],[],[],[]],[[{"start":0,"end":9,"url":null,"entity_id":"Q60236882","candidates":[]}],[],[],[]],[[{"start":0,"end":9,"url":null,"entity_id":"Q60236877","candidates":[]}],[],[],[]],[[{"start":0,"end":9,"url":null,"entity_id":"Q60236876","candidates":[]}],[],[],[]],[[{"start":0,"end":9,"url":null,"entity_id":"Q60236869","candidates":[]}],[],[],[]],[[{"start":0,"end":9,"url":null,"entity_id":"Q60236868","candidates":[]}],[],[],[]],[[{"start":0,"end":9,"url":null,"entity_id":"Q60236865","candidates":[]}],[],[],[]],[[{"start":0,"end":9,"url":null,"entity_id":"Q60236858","candidates":[]}],[],[],[]],[[{"start":0,"end":9,"url":null,"entity_id":"Q60236857","candidates":[]}],[],[],[]],[[{"start":0,"end":9,"url":null,"entity_id":"Q60238905","candidates":[]}],[],[],[]],[[{"start":0,"end":9,"url":null,"entity_id":"Q60238897","candidates":[]}],[],[],[]],[[{"start":0,"end":9,"url":null,"entity_id":"Q60238895","candidates":[]}],[],[],[]],[[{"start":0,"end":9,"url":null,"entity_id":"Q60238888","candidates":[]}],[],[],[]],[[{"start":0,"end":9,"url":null,"entity_id":"Q60236905","candidates":[]}],[],[],[]]]}