{"version":"1.2","table":{"version":"2","table_id":"5XH6V19W","columns":[{"index":0,"name":"col0","values":["Mas d'en Blai","Mas d'en Mestres (Alforja)","Mas de Sant Pau","mas dels Canonges","Mas d'en Bruno","Mas d'en Vall","Mas d'en Cabrer","Mas del Toda","Mas d'en Llop","mas de Sant Hilari","Les Piques","El Soler de Jaumàs (Puig-reig)","Cal Fèlix (Montmajor)","Mas d'Obiols","Mas Carbonells","Mas d'en Bosc","Mas Boscà","Mas Amigó","Mas de la Torre (la Roca del Vallès)","La Cavalleria","Mas de Salou","L'Espinoi","Mas Carrera","Mas de Mianes","Hort de l'Arreus","Mas els Plans","Mas el Guixer","Mas el Colomer","Mas al carrer de Dalt"]},{"index":1,"name":"col1","values":["Cambrils","Alforja","Masdenverge","Roquetes","Torroja del Priorat","Riudecols","Riudecols","Riudoms","Figuerola del Camp","Abrera","Olivella","Puig-reig","Montmajor","Avià","Avià","Berga","Badalona","Badalona","La Roca del Vallès","Manlleu","Les Masies de Roda","Collsuspina","Sant Gregori","Tortosa","Tortosa","Sant Joan de les Abadesses","Les Llosses","Les Llosses","Vilaür"]},{"index":2,"name":"col2","values":["vernacular architecture","vernacular architecture","vernacular architecture","vernacular architecture","vernacular architecture","vernacular architecture","vernacular architecture","vernacular architecture","vernacular architecture","vernacular architecture","vernacular architecture","vernacular architecture","vernacular architecture","vernacular architecture","vernacular architecture","vernacular architecture","vernacular architecture","vernacular architecture","vernacular architecture","vernacular architecture","vernacular architecture","vernacular architecture","vernacular architecture","vernacular architecture","vernacular architecture","vernacular architecture","vernacular architecture","vernacular architecture","vernacular architecture"]}]},"context":{"page_title":null,"page_url":null,"page_entity_id":null,"content_hierarchy":[]},"links":[[[{"start":0,"end":26,"url":null,"entity_id":"Q18004375","candidates":[]}],[{"start":0,"end":7,"url":null,"entity_id":"Q771036","candidates":[]}],[{"start":0,"end":23,"url":null,"entity_id":"Q930314","candidates":[]}]],[[{"start":0,"end":15,"url":null,"entity_id":"Q18004448","candidates":[]}],[{"start":0,"end":11,"url":null,"entity_id":"Q766912","candidates":[]}],[{"start":0,"end":23,"url":null,"entity_id":"Q930314","candidates":[]}]],[[{"start":0,"end":17,"url":null,"entity_id":"Q18004476","candidates":[]}],[{"start":0,"end":8,"url":null,"entity_id":"Q762516","candidates":[]}],[{"start":0,"end":23,"url":null,"entity_id":"Q930314","candidates":[]}]],[[{"start":0,"end":14,"url":null,"entity_id":"Q18004351","candidates":[]}],[{"start":0,"end":19,"url":null,"entity_id":"Q745357","candidates":[]}],[{"start":0,"end":23,"url":null,"entity_id":"Q930314","candidates":[]}]],[[{"start":0,"end":13,"url":null,"entity_id":"Q18004382","candidates":[]}],[{"start":0,"end":9,"url":null,"entity_id":"Q742282","candidates":[]}],[{"start":0,"end":23,"url":null,"entity_id":"Q930314","candidates":[]}]],[[{"start":0,"end":15,"url":null,"entity_id":"Q18004365","candidates":[]}],[{"start":0,"end":9,"url":null,"entity_id":"Q742282","candidates":[]}],[{"start":0,"end":23,"url":null,"entity_id":"Q930314","candidates":[]}]],[[{"start":0,"end":12,"url":null,"entity_id":"Q18004469","candidates":[]}],[{"start":0,"end":7,"url":null,"entity_id":"Q679015","candidates":[]}],[{"start":0,"end":23,"url":null,"entity_id":"Q930314","candidates":[]}]],[[{"start":0,"end":13,"url":null,"entity_id":"Q18004352","candidates":[]}],[{"start":0,"end":18,"url":null,"entity_id":"Q367969","candidates":[]}],[{"start":0,"end":23,"url":null,"entity_id":"Q930314","candidates":[]}]],[[{"start":0,"end":18,"url":null,"entity_id":"Q18004447","candidates":[]}],[{"start":0,"end":6,"url":null,"entity_id":"Q15593","candidates":[]}],[{"start":0,"end":23,"url":null,"entity_id":"Q930314","candidates":[]}]],[[{"start":0,"end":10,"url":null,"entity_id":"Q18004196","candidates":[]}],[{"start":0,"end":8,"url":null,"entity_id":"Q15557","candidates":[]}],[{"start":0,"end":23,"url":null,"entity_id":"Q930314","candidates":[]}]],[[{"start":0,"end":30,"url":null,"entity_id":"Q18004483","candidates":[]}],[{"start":0,"end":9,"url":null,"entity_id":"Q15534","candidates":[]}],[{"start":0,"end":23,"url":null,"entity_id":"Q930314","candidates":[]}]],[[{"start":0,"end":21,"url":null,"entity_id":"Q18004051","candidates":[]}],[{"start":0,"end":9,"url":null,"entity_id":"Q15522","candidates":[]}],[{"start":0,"end":23,"url":null,"entity_id":"Q930314","candidates":[]}]],[[{"start":0,"end":12,"url":null,"entity_id":"Q18004385","candidates":[]}],[{"start":0,"end":4,"url":null,"entity_id":"Q15495","candidates":[]}],[{"start":0,"end":23,"url":null,"entity_id":"Q930314","candidates":[]}]],[[{"start":0,"end":14,"url":null,"entity_id":"Q18004344","candidates":[]}],[{"start":0,"end":4,"url":null,"entity_id":"Q15495","candidates":[]}],[{"start":0,"end":23,"url":null,"entity_id":"Q930314","candidates":[]}]],[[{"start":0,"end":13,"url":null,"entity_id":"Q18004363","candidates":[]}],[{"start":0,"end":5,"url":null,"entity_id":"Q15487","candidates":[]}],[{"start":0,"end":23,"url":null,"entity_id":"Q930314","candidates":[]}]],[[{"start":0,"end":9,"url":null,"entity_id":"Q18004334","candidates":[]}],[{"start":0,"end":8,"url":null,"entity_id":"Q15468","candidates":[]}],[{"start":0,"end":23,"url":null,"entity_id":"Q930314","candidates":[]}]],[[{"start":0,"end":9,"url":null,"entity_id":"Q18004322","candidates":[]}],[{"start":0,"end":8,"url":null,"entity_id":"Q15468","candidates":[]}],[{"start":0,"end":23,"url":null,"entity_id":"Q930314","candidates":[]}]],[[{"start":0,"end":36,"url":null,"entity_id":"Q18004427","candidates":[]}],[{"start":0,"end":18,"url":null,"entity_id":"Q15439","candidates":[]}],[{"start":0,"end":23,"url":null,"entity_id":"Q930314","candidates":[]}]],[[{"start":0,"end":13,"url":null,"entity_id":"Q18004156","candidates":[]}],[{"start":0,"end":7,"url":null,"entity_id":"Q13804","candidates":[]}],[{"start":0,"end":23,"url":null,"entity_id":"Q930314","candidates":[]}]],[[{"start":0,"end":12,"url":null,"entity_id":"Q18004445","candidates":[]}],[{"start":0,"end":18,"url":null,"entity_id":"Q13803","candidates":[]}],[{"start":0,"end":23,"url":null,"entity_id":"Q930314","candidates":[]}]],[[{"start":0,"end":9,"url":null,"entity_id":"Q18004153","candidates":[]}],[{"start":0,"end":11,"url":null,"entity_id":"Q13779","candidates":[]}],[{"start":0,"end":23,"url":null,"entity_id":"Q930314","candidates":[]}]],[[{"start":0,"end":11,"url":null,"entity_id":"Q18004345","candidates":[]}],[{"start":0,"end":12,"url":null,"entity_id":"Q13448","candidates":[]}],[{"start":0,"end":23,"url":null,"entity_id":"Q930314","candidates":[]}]],[[{"start":0,"end":13,"url":null,"entity_id":"Q18004436","candidates":[]}],[{"start":0,"end":7,"url":null,"entity_id":"Q12812","candidates":[]}],[{"start":0,"end":23,"url":null,"entity_id":"Q930314","candidates":[]}]],[[{"start":0,"end":16,"url":null,"entity_id":"Q18004130","candidates":[]}],[{"start":0,"end":7,"url":null,"entity_id":"Q12812","candidates":[]}],[{"start":0,"end":23,"url":null,"entity_id":"Q930314","candidates":[]}]],[[{"start":0,"end":13,"url":null,"entity_id":"Q18004484","candidates":[]}],[{"start":0,"end":26,"url":null,"entity_id":"Q12339","candidates":[]}],[{"start":0,"end":23,"url":null,"entity_id":"Q930314","candidates":[]}]],[[{"start":0,"end":13,"url":null,"entity_id":"Q18004482","candidates":[]}],[{"start":0,"end":11,"url":null,"entity_id":"Q12275","candidates":[]}],[{"start":0,"end":23,"url":null,"entity_id":"Q930314","candidates":[]}]],[[{"start":0,"end":14,"url":null,"entity_id":"Q18004481","candidates":[]}],[{"start":0,"end":11,"url":null,"entity_id":"Q12275","candidates":[]}],[{"start":0,"end":23,"url":null,"entity_id":"Q930314","candidates":[]}]],[[{"start":0,"end":21,"url":null,"entity_id":"Q18004319","candidates":[]}],[{"start":0,"end":6,"url":null,"entity_id":"Q12177","candidates":[]}],[{"start":0,"end":23,"url":null,"entity_id":"Q930314","candidates":[]}]],[[{"start":0,"end":13,"url":null,"entity_id":"Q18004361","candidates":[]}],[{"start":0,"end":8,"url":null,"entity_id":"Q828572","candidates":[]}],[{"start":0,"end":23,"url":null,"entity_id":"Q930314","candidates":[]}]]]}