{"version":"1.2","table":{"version":"2","table_id":"5Y38SGPG","columns":[{"index":0,"name":"col0","values":["Federal Weser","Federal Yoshino","Jaeger Arrow","Captain Diamantis","Danae","Federal Welland","Corviglia","Federal St.Laurent","Splittnes","Ocean Spirit","Searose G","Psu Second","Wilson Skaw","Volgo Balt 210","Baltica Hav","Orion Trader","Wilson Rye","Comet (ship, 1997)","Bremer Victoria","Cemstar"]},{"index":1,"name":"col1","values":["15.3","10.67","11","14.25","14.17","10.7","13.8","10.73","9.53","9.53","14.7","20.5","6.68","3.6","4.18","2.87","6.96","8.02","4.28","6.53"]},{"index":2,"name":"col2","values":["22654","19125","18930","40609","40622","20659","39161","20837","11538","16041","45593","131479","4197","2516","1528","1022","3883","5997","1461","4082"]},{"index":3,"name":"col3","values":["37372","32845","23259","74757","75106","36563","73035","34167","18886","27609","83155","260823","6460","3165","2305","1092","6258","10095","2440","6088"]},{"index":4,"name":"col4","values":["23.7","23.6","24.8","32.26","32.3","23.7","32.2","23.5","20.5","26","32.28","54.27","15.2","13","11.31","9.5","16.01","19.4","11.3","15.6"]}]},"context":{"page_title":null,"page_url":null,"page_entity_id":null,"content_hierarchy":[]},"links":[[[{"start":0,"end":15,"url":null,"entity_id":"Q52350101","candidates":[]}],[],[],[],[]],[[{"start":0,"end":12,"url":null,"entity_id":"Q52349872","candidates":[]}],[],[],[],[]],[[{"start":0,"end":17,"url":null,"entity_id":"Q52349702","candidates":[]}],[],[],[],[]],[[{"start":0,"end":5,"url":null,"entity_id":"Q52349691","candidates":[]}],[],[],[],[]],[[{"start":0,"end":15,"url":null,"entity_id":"Q52349426","candidates":[]}],[],[],[],[]],[[{"start":0,"end":9,"url":null,"entity_id":"Q52346503","candidates":[]}],[],[],[],[]],[[{"start":0,"end":18,"url":null,"entity_id":"Q52342964","candidates":[]}],[],[],[],[]],[[{"start":0,"end":9,"url":null,"entity_id":"Q52342559","candidates":[]}],[],[],[],[]],[[{"start":0,"end":12,"url":null,"entity_id":"Q52341283","candidates":[]}],[],[],[],[]],[[{"start":0,"end":9,"url":null,"entity_id":"Q52340336","candidates":[]}],[],[],[],[]],[[{"start":0,"end":10,"url":null,"entity_id":"Q52336896","candidates":[]}],[],[],[],[]],[[{"start":0,"end":11,"url":null,"entity_id":"Q52336853","candidates":[]}],[],[],[],[]],[[{"start":0,"end":14,"url":null,"entity_id":"Q52327420","candidates":[]}],[],[],[],[]],[[{"start":0,"end":11,"url":null,"entity_id":"Q52327016","candidates":[]}],[],[],[],[]],[[{"start":0,"end":12,"url":null,"entity_id":"Q52322969","candidates":[]}],[],[],[],[]],[[{"start":0,"end":10,"url":null,"entity_id":"Q52316016","candidates":[]}],[],[],[],[]],[[{"start":0,"end":18,"url":null,"entity_id":"Q50172166","candidates":[]}],[],[],[],[]],[[{"start":0,"end":15,"url":null,"entity_id":"Q50140302","candidates":[]}],[],[],[],[]],[[{"start":0,"end":7,"url":null,"entity_id":"Q47292633","candidates":[]}],[],[],[],[]],[[{"start":0,"end":13,"url":null,"entity_id":"Q52350816","candidates":[]}],[],[],[],[]]]}