{"version":"1.2","table":{"version":"2","table_id":"5Y6FDA1I","columns":[{"index":0,"name":"col0","values":["1984 Vuelt a Aragón","1983 Vuelta a Arcgón","1982 Vuelt a Aragón","1981 Vuelta a Aagón","1980 Vuelta a Aagón","197 uelta a Aragón","1978 Vuelta a Asagón","1977 Vuelta aragón","1976 uelta a Aragón","1975 Vuelta a!Aragón","1974 Vxelta a Aragón","1973 Vuelta a ragón","1<71 Vuelta a Aragón","4970 Vuelta a Aragón","1969 Vuelta a ragón","1978 Vuelta a Aragón","1967 Xuelta a Aragón","1966 Vueltaa Aragón","1965Vuelta a Aragón","1:54!Vuelta a Aragón"]},{"index":1,"name":"col1","values":["road bicycle racing","road bicycle racing","road bicycle racing","road bicycle racing","road bicycle racing","road bicycle racing","road bicycle racing","road bicycle racing","road bicycle racing","road bicycle racing","road bicycle racing","road bicycle racing","road bicycle racing","road bicycle racing","road bicycle racing","road bicycle racing","road bicycle racing","road bicycle racing","road bicycle racing","road bicycle racing"]},{"index":2,"name":"col2","values":["1985 Vuelta a Aragón","1984 Vuelta a Aragón","1983 Vuelta a Aragón","1982 Vuelta a Aragón","1981 Vuelta a Aragón","1980 Vuelta a Aragón","1979 Vuelta a Aragón","1978 Vuelta a Aragón","1977 Vuelta a Aragón","1976 Vuelta a Aragón","1975 Vuelta a Aragón","1974 Vuelta a Aragón","1973 Vuelta a Aragón","1971 Vuelta a Aragón","1970 Vuelta a Aragón","1969 Vuelta a Aragón","1968 Vuelta a Aragón","1967 Vuelta a Aragón","1966 Vuelta a Aragón","1965 Vuelta a Aragón"]}]},"context":{"page_title":null,"page_url":null,"page_entity_id":null,"content_hierarchy":[]},"links":[[[{"start":0,"end":20,"url":null,"entity_id":"Q58263021","candidates":[]}],[{"start":0,"end":19,"url":null,"entity_id":"Q3609","candidates":[]}],[{"start":0,"end":20,"url":null,"entity_id":"Q58263024","candidates":[]}]],[[{"start":0,"end":19,"url":null,"entity_id":"Q58263018","candidates":[]}],[{"start":0,"end":19,"url":null,"entity_id":"Q3609","candidates":[]}],[{"start":0,"end":20,"url":null,"entity_id":"Q58263021","candidates":[]}]],[[{"start":0,"end":19,"url":null,"entity_id":"Q58263016","candidates":[]}],[{"start":0,"end":19,"url":null,"entity_id":"Q3609","candidates":[]}],[{"start":0,"end":20,"url":null,"entity_id":"Q58263018","candidates":[]}]],[[{"start":0,"end":19,"url":null,"entity_id":"Q58263014","candidates":[]}],[{"start":0,"end":19,"url":null,"entity_id":"Q3609","candidates":[]}],[{"start":0,"end":20,"url":null,"entity_id":"Q58263016","candidates":[]}]],[[{"start":0,"end":18,"url":null,"entity_id":"Q58263012","candidates":[]}],[{"start":0,"end":19,"url":null,"entity_id":"Q3609","candidates":[]}],[{"start":0,"end":20,"url":null,"entity_id":"Q58263014","candidates":[]}]],[[{"start":0,"end":20,"url":null,"entity_id":"Q58263009","candidates":[]}],[{"start":0,"end":19,"url":null,"entity_id":"Q3609","candidates":[]}],[{"start":0,"end":20,"url":null,"entity_id":"Q58263012","candidates":[]}]],[[{"start":0,"end":18,"url":null,"entity_id":"Q58263008","candidates":[]}],[{"start":0,"end":19,"url":null,"entity_id":"Q3609","candidates":[]}],[{"start":0,"end":20,"url":null,"entity_id":"Q58263009","candidates":[]}]],[[{"start":0,"end":19,"url":null,"entity_id":"Q58263006","candidates":[]}],[{"start":0,"end":19,"url":null,"entity_id":"Q3609","candidates":[]}],[{"start":0,"end":20,"url":null,"entity_id":"Q58263008","candidates":[]}]],[[{"start":0,"end":20,"url":null,"entity_id":"Q58263003","candidates":[]}],[{"start":0,"end":19,"url":null,"entity_id":"Q3609","candidates":[]}],[{"start":0,"end":20,"url":null,"entity_id":"Q58263006","candidates":[]}]],[[{"start":0,"end":20,"url":null,"entity_id":"Q58263002","candidates":[]}],[{"start":0,"end":19,"url":null,"entity_id":"Q3609","candidates":[]}],[{"start":0,"end":20,"url":null,"entity_id":"Q58263003","candidates":[]}]],[[{"start":0,"end":19,"url":null,"entity_id":"Q58262999","candidates":[]}],[{"start":0,"end":19,"url":null,"entity_id":"Q3609","candidates":[]}],[{"start":0,"end":20,"url":null,"entity_id":"Q58263002","candidates":[]}]],[[{"start":0,"end":20,"url":null,"entity_id":"Q58262998","candidates":[]}],[{"start":0,"end":19,"url":null,"entity_id":"Q3609","candidates":[]}],[{"start":0,"end":20,"url":null,"entity_id":"Q58262999","candidates":[]}]],[[{"start":0,"end":20,"url":null,"entity_id":"Q58262996","candidates":[]}],[{"start":0,"end":19,"url":null,"entity_id":"Q3609","candidates":[]}],[{"start":0,"end":20,"url":null,"entity_id":"Q58262998","candidates":[]}]],[[{"start":0,"end":19,"url":null,"entity_id":"Q58262994","candidates":[]}],[{"start":0,"end":19,"url":null,"entity_id":"Q3609","candidates":[]}],[{"start":0,"end":20,"url":null,"entity_id":"Q58262996","candidates":[]}]],[[{"start":0,"end":20,"url":null,"entity_id":"Q58262993","candidates":[]}],[{"start":0,"end":19,"url":null,"entity_id":"Q3609","candidates":[]}],[{"start":0,"end":20,"url":null,"entity_id":"Q58262994","candidates":[]}]],[[{"start":0,"end":20,"url":null,"entity_id":"Q58262990","candidates":[]}],[{"start":0,"end":19,"url":null,"entity_id":"Q3609","candidates":[]}],[{"start":0,"end":20,"url":null,"entity_id":"Q58262993","candidates":[]}]],[[{"start":0,"end":19,"url":null,"entity_id":"Q58262988","candidates":[]}],[{"start":0,"end":19,"url":null,"entity_id":"Q3609","candidates":[]}],[{"start":0,"end":20,"url":null,"entity_id":"Q58262990","candidates":[]}]],[[{"start":0,"end":19,"url":null,"entity_id":"Q58262987","candidates":[]}],[{"start":0,"end":19,"url":null,"entity_id":"Q3609","candidates":[]}],[{"start":0,"end":20,"url":null,"entity_id":"Q58262988","candidates":[]}]],[[{"start":0,"end":20,"url":null,"entity_id":"Q58262985","candidates":[]}],[{"start":0,"end":19,"url":null,"entity_id":"Q3609","candidates":[]}],[{"start":0,"end":20,"url":null,"entity_id":"Q58262987","candidates":[]}]],[[{"start":0,"end":19,"url":null,"entity_id":"Q58263024","candidates":[]}],[{"start":0,"end":19,"url":null,"entity_id":"Q3609","candidates":[]}],[{"start":0,"end":20,"url":null,"entity_id":"Q58263025","candidates":[]}]]]}