{"version":"1.2","table":{"version":"2","table_id":"60BUZ4UI","columns":[{"index":0,"name":"col0","values":["Trabalhadores em Obras de Fundação de Ponte em Afluente do Rio Madeira","Castanheira Derrubada na Abertura do Traçado da Ferrovia Madeira-Mamoré - 1223","A Via Férrea em Terreno Rochoso - 800","Maquinista Junto a Locomotiva Baldwin Deixada na Vila Santo Antonio por P.& T. Collins em 1879 - 1378","Ponte sobre o Rio Jaci-Paraná - 1266","Autoridades em Visita ao Trecho Concluído da Ferrovia Madeira-Mamoré - 582","Pélas de Borracha Aguardando o Embarque - 1137","Aterro no Trecho entre os Rios Mutumparaná e Abunã - 713","Na Época da Cheia do Rio Madeira Suas Águas Sobem 14 M. Acima da Taxa Mínima Pluviométrico - 973","Deslizamento de Trilhos Ocasionado Pelas Chuvas na Região - 619","No Trecho Pantanoso do Rio Abunã, Trabalhadores Fazem Assentamento dos Trilhos sobre uma Estiva de Galharia para a Passagem do Trem de Lastro - 972","No Trecho Pantanoso do Rio Abunã, Trabalhadores Executam o Assentamento dos Trilhos sobre uma Estiva de Galharia para a Passagem do Trem de Lastro - 970","O Ibicaba","Stanley Baldwin","[The Oriel Window, South Gallery, Lacock Abbey]","Trabalhadores em Obras no Leito de Drenagem ao Longo da Futura Ferrovia - 1019","Sombra do Fotógrafo Dana B. Merrill ao Registrar a Imagem dos Cavaleiros - 354","Engenheiros Americanos e Desenhista - 1216","Vilarejo e Desmatamento ao Longo do Traçado da Ferrovia Madeira-Mamoré - 514","Em Trecho Pantanoso, na Reta do Rio Abunã, É Construído uma Estiva de Troncos de Palmeiras, para o Trem do Lastro - 934"]},{"index":1,"name":"col1","values":["Dana Merrill collection","Dana Merrill collection","Dana Merrill collection","Dana Merrill collection","Dana Merrill collection","Dana Merrill collection","Dana Merrill collection","Dana Merrill collection","Dana Merrill collection","Dana Merrill collection","Dana Merrill collection","Dana Merrill collection","João Baptista de Campos Aguirra Collection","Library of Congress","Metropolitan Museum of Art","Dana Merrill collection","Dana Merrill collection","Dana Merrill collection","Dana Merrill collection","Dana Merrill collection"]},{"index":2,"name":"col2","values":["1910-01-01","1910-01-01","1910-01-01","1910-01-01","1910-01-01","1910-01-01","1910-01-01","1910-01-01","1910-01-01","1910-01-01","1910-01-01","1910-01-01","1881-01-01","1920-01-01","1835-01-01","1910-01-01","1910-01-01","1910-01-01","1910-01-01","1910-01-01"]}]},"context":{"page_title":null,"page_url":null,"page_entity_id":null,"content_hierarchy":[]},"links":[[[{"start":0,"end":78,"url":null,"entity_id":"Q59099527","candidates":[]}],[{"start":0,"end":23,"url":null,"entity_id":"Q56677364","candidates":[]}],[]],[[{"start":0,"end":37,"url":null,"entity_id":"Q59099526","candidates":[]}],[{"start":0,"end":23,"url":null,"entity_id":"Q56677364","candidates":[]}],[]],[[{"start":0,"end":101,"url":null,"entity_id":"Q59099525","candidates":[]}],[{"start":0,"end":23,"url":null,"entity_id":"Q56677364","candidates":[]}],[]],[[{"start":0,"end":36,"url":null,"entity_id":"Q59099524","candidates":[]}],[{"start":0,"end":23,"url":null,"entity_id":"Q56677364","candidates":[]}],[]],[[{"start":0,"end":74,"url":null,"entity_id":"Q59099523","candidates":[]}],[{"start":0,"end":23,"url":null,"entity_id":"Q56677364","candidates":[]}],[]],[[{"start":0,"end":46,"url":null,"entity_id":"Q59099522","candidates":[]}],[{"start":0,"end":23,"url":null,"entity_id":"Q56677364","candidates":[]}],[]],[[{"start":0,"end":56,"url":null,"entity_id":"Q59099521","candidates":[]}],[{"start":0,"end":23,"url":null,"entity_id":"Q56677364","candidates":[]}],[]],[[{"start":0,"end":96,"url":null,"entity_id":"Q59099520","candidates":[]}],[{"start":0,"end":23,"url":null,"entity_id":"Q56677364","candidates":[]}],[]],[[{"start":0,"end":63,"url":null,"entity_id":"Q59099519","candidates":[]}],[{"start":0,"end":23,"url":null,"entity_id":"Q56677364","candidates":[]}],[]],[[{"start":0,"end":147,"url":null,"entity_id":"Q59099517","candidates":[]}],[{"start":0,"end":23,"url":null,"entity_id":"Q56677364","candidates":[]}],[]],[[{"start":0,"end":152,"url":null,"entity_id":"Q59099516","candidates":[]}],[{"start":0,"end":23,"url":null,"entity_id":"Q56677364","candidates":[]}],[]],[[{"start":0,"end":9,"url":null,"entity_id":"Q55763332","candidates":[]}],[{"start":0,"end":42,"url":null,"entity_id":"Q53008700","candidates":[]}],[]],[[{"start":0,"end":15,"url":null,"entity_id":"Q56826320","candidates":[]}],[{"start":0,"end":19,"url":null,"entity_id":"Q131454","candidates":[]}],[]],[[{"start":0,"end":47,"url":null,"entity_id":"Q29384095","candidates":[]}],[{"start":0,"end":26,"url":null,"entity_id":"Q160236","candidates":[]}],[]],[[{"start":0,"end":78,"url":null,"entity_id":"Q59099673","candidates":[]}],[{"start":0,"end":23,"url":null,"entity_id":"Q56677364","candidates":[]}],[]],[[{"start":0,"end":78,"url":null,"entity_id":"Q59099672","candidates":[]}],[{"start":0,"end":23,"url":null,"entity_id":"Q56677364","candidates":[]}],[]],[[{"start":0,"end":42,"url":null,"entity_id":"Q59099670","candidates":[]}],[{"start":0,"end":23,"url":null,"entity_id":"Q56677364","candidates":[]}],[]],[[{"start":0,"end":76,"url":null,"entity_id":"Q59099669","candidates":[]}],[{"start":0,"end":23,"url":null,"entity_id":"Q56677364","candidates":[]}],[]],[[{"start":0,"end":119,"url":null,"entity_id":"Q59099668","candidates":[]}],[{"start":0,"end":23,"url":null,"entity_id":"Q56677364","candidates":[]}],[]],[[{"start":0,"end":70,"url":null,"entity_id":"Q59099528","candidates":[]}],[{"start":0,"end":23,"url":null,"entity_id":"Q56677364","candidates":[]}],[]]]}