{"version":"1.2","table":{"version":"2","table_id":"61FNC8UO","columns":[{"index":0,"name":"col0","values":["building protected by a tow plan","Santana d Parnaíba Dity Hall Good Class","Gudrulhos City Hall Good Class","SUPAC Good Dlass","CEC Good Cldss","SECULT-TO Goog Class","FCMS Good lass","FJA God Class","SEUCEL Good Class","GMP Good lass","CPC-MT God Class","FUNDAC-PI Good Elass","SECULT-RR Good Clats","UPC Good Class","SPPC Good Clasv","INEPAC Good#Class","FCC Good lass","SECULT-AL Good\"Class","DRHC Good Class","IPAC historic eritage site"]},{"index":1,"name":"col1","values":["Finland","Brazil","Brazil","Brazil","Brazil","Brazil","Brazil","Brazil","Brazil","Brazil","Brazil","Brazil","Brazil","Brazil","Brazil","Brazil","Brazil","Brazil","Brazil","Brazil"]},{"index":2,"name":"col2","values":["municipality of Finland","Santana de Parnaíba","Guarulhos","Federal District","Sergipe","Tocantins","Mato Grosso do Sul","Rio Grande do Norte","Rondônia","Espírito Santo","Mato Grosso","Piauí","Roraima","Maranhão","Goiás","Rio de Janeiro","Santa Catarina","Alagoas","Acre","Bahia"]}]},"context":{"page_title":null,"page_url":null,"page_entity_id":null,"content_hierarchy":[]},"links":[[[{"start":0,"end":39,"url":null,"entity_id":"Q66164519","candidates":[]}],[{"start":0,"end":6,"url":null,"entity_id":"Q155","candidates":[]}],[{"start":0,"end":19,"url":null,"entity_id":"Q526318","candidates":[]}]],[[{"start":0,"end":30,"url":null,"entity_id":"Q64910912","candidates":[]}],[{"start":0,"end":6,"url":null,"entity_id":"Q155","candidates":[]}],[{"start":0,"end":9,"url":null,"entity_id":"Q184409","candidates":[]}]],[[{"start":0,"end":16,"url":null,"entity_id":"Q66714019","candidates":[]}],[{"start":0,"end":6,"url":null,"entity_id":"Q155","candidates":[]}],[{"start":0,"end":16,"url":null,"entity_id":"Q119158","candidates":[]}]],[[{"start":0,"end":14,"url":null,"entity_id":"Q66714041","candidates":[]}],[{"start":0,"end":6,"url":null,"entity_id":"Q155","candidates":[]}],[{"start":0,"end":7,"url":null,"entity_id":"Q43783","candidates":[]}]],[[{"start":0,"end":20,"url":null,"entity_id":"Q66714043","candidates":[]}],[{"start":0,"end":6,"url":null,"entity_id":"Q155","candidates":[]}],[{"start":0,"end":9,"url":null,"entity_id":"Q43695","candidates":[]}]],[[{"start":0,"end":14,"url":null,"entity_id":"Q66316269","candidates":[]}],[{"start":0,"end":6,"url":null,"entity_id":"Q155","candidates":[]}],[{"start":0,"end":18,"url":null,"entity_id":"Q43319","candidates":[]}]],[[{"start":0,"end":13,"url":null,"entity_id":"Q66714035","candidates":[]}],[{"start":0,"end":6,"url":null,"entity_id":"Q155","candidates":[]}],[{"start":0,"end":19,"url":null,"entity_id":"Q43255","candidates":[]}]],[[{"start":0,"end":17,"url":null,"entity_id":"Q66714037","candidates":[]}],[{"start":0,"end":6,"url":null,"entity_id":"Q155","candidates":[]}],[{"start":0,"end":8,"url":null,"entity_id":"Q43235","candidates":[]}]],[[{"start":0,"end":13,"url":null,"entity_id":"Q66714021","candidates":[]}],[{"start":0,"end":6,"url":null,"entity_id":"Q155","candidates":[]}],[{"start":0,"end":14,"url":null,"entity_id":"Q43233","candidates":[]}]],[[{"start":0,"end":16,"url":null,"entity_id":"Q66714024","candidates":[]}],[{"start":0,"end":6,"url":null,"entity_id":"Q155","candidates":[]}],[{"start":0,"end":11,"url":null,"entity_id":"Q42824","candidates":[]}]],[[{"start":0,"end":20,"url":null,"entity_id":"Q60172528","candidates":[]}],[{"start":0,"end":6,"url":null,"entity_id":"Q155","candidates":[]}],[{"start":0,"end":5,"url":null,"entity_id":"Q42722","candidates":[]}]],[[{"start":0,"end":20,"url":null,"entity_id":"Q66714039","candidates":[]}],[{"start":0,"end":6,"url":null,"entity_id":"Q155","candidates":[]}],[{"start":0,"end":7,"url":null,"entity_id":"Q42508","candidates":[]}]],[[{"start":0,"end":14,"url":null,"entity_id":"Q66714022","candidates":[]}],[{"start":0,"end":6,"url":null,"entity_id":"Q155","candidates":[]}],[{"start":0,"end":8,"url":null,"entity_id":"Q42362","candidates":[]}]],[[{"start":0,"end":15,"url":null,"entity_id":"Q59320816","candidates":[]}],[{"start":0,"end":6,"url":null,"entity_id":"Q155","candidates":[]}],[{"start":0,"end":5,"url":null,"entity_id":"Q41587","candidates":[]}]],[[{"start":0,"end":17,"url":null,"entity_id":"Q57201471","candidates":[]}],[{"start":0,"end":6,"url":null,"entity_id":"Q155","candidates":[]}],[{"start":0,"end":14,"url":null,"entity_id":"Q41428","candidates":[]}]],[[{"start":0,"end":13,"url":null,"entity_id":"Q60586294","candidates":[]}],[{"start":0,"end":6,"url":null,"entity_id":"Q155","candidates":[]}],[{"start":0,"end":14,"url":null,"entity_id":"Q41115","candidates":[]}]],[[{"start":0,"end":20,"url":null,"entity_id":"Q56750049","candidates":[]}],[{"start":0,"end":6,"url":null,"entity_id":"Q155","candidates":[]}],[{"start":0,"end":7,"url":null,"entity_id":"Q40885","candidates":[]}]],[[{"start":0,"end":15,"url":null,"entity_id":"Q66714015","candidates":[]}],[{"start":0,"end":6,"url":null,"entity_id":"Q155","candidates":[]}],[{"start":0,"end":4,"url":null,"entity_id":"Q40780","candidates":[]}]],[[{"start":0,"end":26,"url":null,"entity_id":"Q57700382","candidates":[]}],[{"start":0,"end":6,"url":null,"entity_id":"Q155","candidates":[]}],[{"start":0,"end":5,"url":null,"entity_id":"Q40430","candidates":[]}]],[[{"start":0,"end":32,"url":null,"entity_id":"Q60986091","candidates":[]}],[{"start":0,"end":7,"url":null,"entity_id":"Q33","candidates":[]}],[{"start":0,"end":23,"url":null,"entity_id":"Q856076","candidates":[]}]]]}