{"version":"1.2","table":{"version":"2","table_id":"62SZNJNU","columns":[{"index":0,"name":"col0","values":["Pravdy Avenue, Kiev","Staryi-Petergof avenue","Soborny avenue","Rečycki Avenue","Petra Hryhorenka Avenue","Prospekt Sedova","Ligovsky Avenue","Yaroslavsky Prospekt","Shuvalovsky Prospect","Shlisselburgsky Prospect","Finlandsky Prospect","Tramvainy Prospekt","Sredneohtinsky Prospekt (Saint Petersburg)","Smolny Prospekt (Saint Petersburg)","Saint Petersburg avenue (Peterhof)","Rybatsky Prospekt","Rossysky Prospekt (Saint Petersburg)","Pryamoy Prospekt","Khudozhnikov Prospekt","Toreza Prospekt"]},{"index":1,"name":"col1","values":["Podil Raion","Admiralteysky District","Zaporizhzhia","Gomel","Kyiv","Yekaterinburg","Saint Petersburg","Saint Petersburg","Saint Petersburg","Saint Petersburg","Saint Petersburg","Saint Petersburg","Saint Petersburg","Saint Petersburg","Saint Petersburg","Saint Petersburg","Saint Petersburg","Saint Petersburg","Saint Petersburg","Saint Petersburg"]},{"index":2,"name":"col2","values":["4.5","1755","10.8","4550","3000","1300","6","2200","4.6","2700","300","2.1","2080","400","3.24","3","1380","570","3042","4.2"]}]},"context":{"page_title":null,"page_url":null,"page_entity_id":null,"content_hierarchy":[]},"links":[[[{"start":0,"end":22,"url":null,"entity_id":"Q4440029","candidates":[]}],[{"start":0,"end":22,"url":null,"entity_id":"Q219746","candidates":[]}],[]],[[{"start":0,"end":14,"url":null,"entity_id":"Q7216170","candidates":[]}],[{"start":0,"end":12,"url":null,"entity_id":"Q157835","candidates":[]}],[]],[[{"start":0,"end":14,"url":null,"entity_id":"Q4393955","candidates":[]}],[{"start":0,"end":5,"url":null,"entity_id":"Q2678","candidates":[]}],[]],[[{"start":0,"end":23,"url":null,"entity_id":"Q4381317","candidates":[]}],[{"start":0,"end":4,"url":null,"entity_id":"Q1899","candidates":[]}],[]],[[{"start":0,"end":15,"url":null,"entity_id":"Q4381348","candidates":[]}],[{"start":0,"end":13,"url":null,"entity_id":"Q887","candidates":[]}],[]],[[{"start":0,"end":15,"url":null,"entity_id":"Q6546819","candidates":[]}],[{"start":0,"end":16,"url":null,"entity_id":"Q656","candidates":[]}],[]],[[{"start":0,"end":20,"url":null,"entity_id":"Q4538898","candidates":[]}],[{"start":0,"end":16,"url":null,"entity_id":"Q656","candidates":[]}],[]],[[{"start":0,"end":20,"url":null,"entity_id":"Q4527296","candidates":[]}],[{"start":0,"end":16,"url":null,"entity_id":"Q656","candidates":[]}],[]],[[{"start":0,"end":24,"url":null,"entity_id":"Q4525442","candidates":[]}],[{"start":0,"end":16,"url":null,"entity_id":"Q656","candidates":[]}],[]],[[{"start":0,"end":19,"url":null,"entity_id":"Q4484887","candidates":[]}],[{"start":0,"end":16,"url":null,"entity_id":"Q656","candidates":[]}],[]],[[{"start":0,"end":18,"url":null,"entity_id":"Q4461935","candidates":[]}],[{"start":0,"end":16,"url":null,"entity_id":"Q656","candidates":[]}],[]],[[{"start":0,"end":42,"url":null,"entity_id":"Q4438547","candidates":[]}],[{"start":0,"end":16,"url":null,"entity_id":"Q656","candidates":[]}],[]],[[{"start":0,"end":34,"url":null,"entity_id":"Q4425095","candidates":[]}],[{"start":0,"end":16,"url":null,"entity_id":"Q656","candidates":[]}],[]],[[{"start":0,"end":34,"url":null,"entity_id":"Q4407735","candidates":[]}],[{"start":0,"end":16,"url":null,"entity_id":"Q656","candidates":[]}],[]],[[{"start":0,"end":17,"url":null,"entity_id":"Q4401477","candidates":[]}],[{"start":0,"end":16,"url":null,"entity_id":"Q656","candidates":[]}],[]],[[{"start":0,"end":36,"url":null,"entity_id":"Q4398114","candidates":[]}],[{"start":0,"end":16,"url":null,"entity_id":"Q656","candidates":[]}],[]],[[{"start":0,"end":16,"url":null,"entity_id":"Q4382766","candidates":[]}],[{"start":0,"end":16,"url":null,"entity_id":"Q656","candidates":[]}],[]],[[{"start":0,"end":21,"url":null,"entity_id":"Q4381393","candidates":[]}],[{"start":0,"end":16,"url":null,"entity_id":"Q656","candidates":[]}],[]],[[{"start":0,"end":15,"url":null,"entity_id":"Q4381379","candidates":[]}],[{"start":0,"end":16,"url":null,"entity_id":"Q656","candidates":[]}],[]],[[{"start":0,"end":19,"url":null,"entity_id":"Q4381331","candidates":[]}],[{"start":0,"end":11,"url":null,"entity_id":"Q892548","candidates":[]}],[]]]}