{"version":"1.2","table":{"version":"2","table_id":"6935JWBS","columns":[{"index":0,"name":"col0","values":["Wilson (village), New York","Elbridge (village), New York","Kaleva","New Middletown","Middletown","Tuckahoe","Clifton Springs","Babylon Village","Cobleskill","Bonnie","Oxford","Lake George (village), New York","Bienville","Goshen","Bath","Haverstraw","LaRue","Floral Park","Salem","Ogden"]},{"index":1,"name":"col1","values":["1858-05-11","1793-01-01","1900-01-01","1825-01-01","1832-01-01","1903-01-01","1801-01-01","1893-01-01","1868-01-01","1905-01-01","1791-01-01","1903-01-01","1891-01-01","1809-01-01","1793-01-01","1854-01-01","1853-01-01","1874-01-01","1761-01-01","1870-01-01"]},{"index":2,"name":"col2","values":["Wilson (town), New York","Elbridge","Kaleva","New Middletown","Middletown","Tuckahoe","Clifton Springs","Babylon","Cobleskill","Bonnie","Oxford","Lake George","Bienville Parish","Goshen","Bath","Haverstraw","LaRue","Floral Park","Salem","Odgen"]}]},"context":{"page_title":null,"page_url":null,"page_entity_id":null,"content_hierarchy":[]},"links":[[[{"start":0,"end":28,"url":null,"entity_id":"Q3460741","candidates":[]}],[],[{"start":0,"end":8,"url":null,"entity_id":"Q5353808","candidates":[]}]],[[{"start":0,"end":6,"url":null,"entity_id":"Q2543060","candidates":[]}],[],[{"start":0,"end":6,"url":null,"entity_id":"Q3192167","candidates":[]}]],[[{"start":0,"end":14,"url":null,"entity_id":"Q2545807","candidates":[]}],[],[{"start":0,"end":14,"url":null,"entity_id":"Q2134853","candidates":[]}]],[[{"start":0,"end":10,"url":null,"entity_id":"Q2671702","candidates":[]}],[],[{"start":0,"end":10,"url":null,"entity_id":"Q49192","candidates":[]}]],[[{"start":0,"end":8,"url":null,"entity_id":"Q3459934","candidates":[]}],[],[{"start":0,"end":8,"url":null,"entity_id":"Q6153682","candidates":[]}]],[[{"start":0,"end":15,"url":null,"entity_id":"Q3453183","candidates":[]}],[],[{"start":0,"end":15,"url":null,"entity_id":"Q2800261","candidates":[]}]],[[{"start":0,"end":15,"url":null,"entity_id":"Q3461796","candidates":[]}],[],[{"start":0,"end":7,"url":null,"entity_id":"Q1750870","candidates":[]}]],[[{"start":0,"end":10,"url":null,"entity_id":"Q3462021","candidates":[]}],[],[{"start":0,"end":10,"url":null,"entity_id":"Q5138934","candidates":[]}]],[[{"start":0,"end":6,"url":null,"entity_id":"Q4689725","candidates":[]}],[],[{"start":0,"end":6,"url":null,"entity_id":"Q4689423","candidates":[]}]],[[{"start":0,"end":6,"url":null,"entity_id":"Q3461644","candidates":[]}],[],[{"start":0,"end":6,"url":null,"entity_id":"Q3708820","candidates":[]}]],[[{"start":0,"end":31,"url":null,"entity_id":"Q2980661","candidates":[]}],[],[{"start":0,"end":11,"url":null,"entity_id":"Q1495651","candidates":[]}]],[[{"start":0,"end":9,"url":null,"entity_id":"Q3240489","candidates":[]}],[],[{"start":0,"end":16,"url":null,"entity_id":"Q369211","candidates":[]}]],[[{"start":0,"end":6,"url":null,"entity_id":"Q3111420","candidates":[]}],[],[{"start":0,"end":6,"url":null,"entity_id":"Q10950572","candidates":[]}]],[[{"start":0,"end":4,"url":null,"entity_id":"Q2891223","candidates":[]}],[],[{"start":0,"end":4,"url":null,"entity_id":"Q4868877","candidates":[]}]],[[{"start":0,"end":10,"url":null,"entity_id":"Q2891324","candidates":[]}],[],[{"start":0,"end":10,"url":null,"entity_id":"Q3710418","candidates":[]}]],[[{"start":0,"end":5,"url":null,"entity_id":"Q2413269","candidates":[]}],[],[{"start":0,"end":5,"url":null,"entity_id":"Q6460840","candidates":[]}]],[[{"start":0,"end":11,"url":null,"entity_id":"Q991627","candidates":[]}],[],[{"start":0,"end":11,"url":null,"entity_id":"Q5460477","candidates":[]}]],[[{"start":0,"end":5,"url":null,"entity_id":"Q984132","candidates":[]}],[],[{"start":0,"end":5,"url":null,"entity_id":"Q195898","candidates":[]}]],[[{"start":0,"end":5,"url":null,"entity_id":"Q749419","candidates":[]}],[],[{"start":0,"end":5,"url":null,"entity_id":"Q7077764","candidates":[]}]],[[{"start":0,"end":26,"url":null,"entity_id":"Q3452818","candidates":[]}],[],[{"start":0,"end":23,"url":null,"entity_id":"Q8022965","candidates":[]}]]]}