{"version":"1.2","table":{"version":"2","table_id":"698511PG","columns":[{"index":0,"name":"col0","values":["2009 AEGON International","1885 Wimbledon Championships","2012 Royal Indian Open","2012 Sparkassen Open","2000 Grand Prix de Tennis de Lyon","2003 Mutua Madrileña Masters Madrid","2012 Family Circle Cup","2002 Energis Open","2004 Monte Carlo Masters","2010 Toray Pan Pacific Open","1886 Wimbledon Championships","2011 Baku Cup","2011 AEGON International","1978 Wimbledon Championships","1999 Dutch Open","2011 Internationaux de Strasbourg","1989 French Open","1969 French Open","2011 Barcelona Ladies Open","2008 Barcelona KIA"]},{"index":1,"name":"col1","values":["2009-01-01","1885-01-01","2012-01-01","2012-01-01","2000-01-01","2003-01-01","2012-01-01","2002-01-01","2004-01-01","2010-01-01","1886-01-01","2011-01-01","2011-01-01","1978-01-01","1999-01-01","2011-01-01","1989-01-01","1969-01-01","2011-01-01","2008-01-01"]},{"index":2,"name":"col2","values":["2010 AEGON International","1886 Wimbledon Championships","2017 Mumbai Open","2013 Sparkassen Open","2001 Grand Prix de Tennis de Lyon","2004 Mutua Madrileña Masters Madrid","2013 Family Circle Cup","2003 Priority Telecom Open","2005 Monte Carlo Masters","2011 Toray Pan Pacific Open","1887 Wimbledon Championships","2012 Baku Cup","2012 AEGON International","1979 Wimbledon Championships","2000 Energis Dutch Open","2012 Internationaux de Strasbourg","1990 French Open","1970 French Open","2012 Barcelona Ladies Open","2009 Barcelona Ladies Open"]}]},"context":{"page_title":null,"page_url":null,"page_entity_id":null,"content_hierarchy":[]},"links":[[[{"start":0,"end":28,"url":null,"entity_id":"Q1326511","candidates":[]}],[],[{"start":0,"end":28,"url":null,"entity_id":"Q47220","candidates":[]}]],[[{"start":0,"end":22,"url":null,"entity_id":"Q171482","candidates":[]}],[],[{"start":0,"end":16,"url":null,"entity_id":"Q42844395","candidates":[]}]],[[{"start":0,"end":20,"url":null,"entity_id":"Q168076","candidates":[]}],[],[{"start":0,"end":20,"url":null,"entity_id":"Q13622474","candidates":[]}]],[[{"start":0,"end":33,"url":null,"entity_id":"Q143469","candidates":[]}],[],[{"start":0,"end":33,"url":null,"entity_id":"Q3775347","candidates":[]}]],[[{"start":0,"end":35,"url":null,"entity_id":"Q261267","candidates":[]}],[],[{"start":0,"end":35,"url":null,"entity_id":"Q3297926","candidates":[]}]],[[{"start":0,"end":22,"url":null,"entity_id":"Q238887","candidates":[]}],[],[{"start":0,"end":22,"url":null,"entity_id":"Q2999179","candidates":[]}]],[[{"start":0,"end":17,"url":null,"entity_id":"Q169056","candidates":[]}],[],[{"start":0,"end":26,"url":null,"entity_id":"Q2664915","candidates":[]}]],[[{"start":0,"end":24,"url":null,"entity_id":"Q26335","candidates":[]}],[],[{"start":0,"end":24,"url":null,"entity_id":"Q1922061","candidates":[]}]],[[{"start":0,"end":27,"url":null,"entity_id":"Q118578","candidates":[]}],[],[{"start":0,"end":27,"url":null,"entity_id":"Q1781509","candidates":[]}]],[[{"start":0,"end":28,"url":null,"entity_id":"Q47220","candidates":[]}],[],[{"start":0,"end":28,"url":null,"entity_id":"Q1724301","candidates":[]}]],[[{"start":0,"end":13,"url":null,"entity_id":"Q188400","candidates":[]}],[],[{"start":0,"end":13,"url":null,"entity_id":"Q1093491","candidates":[]}]],[[{"start":0,"end":24,"url":null,"entity_id":"Q174688","candidates":[]}],[],[{"start":0,"end":24,"url":null,"entity_id":"Q1093116","candidates":[]}]],[[{"start":0,"end":28,"url":null,"entity_id":"Q173961","candidates":[]}],[],[{"start":0,"end":28,"url":null,"entity_id":"Q1049039","candidates":[]}]],[[{"start":0,"end":15,"url":null,"entity_id":"Q152054","candidates":[]}],[],[{"start":0,"end":23,"url":null,"entity_id":"Q952148","candidates":[]}]],[[{"start":0,"end":33,"url":null,"entity_id":"Q178454","candidates":[]}],[],[{"start":0,"end":33,"url":null,"entity_id":"Q925337","candidates":[]}]],[[{"start":0,"end":16,"url":null,"entity_id":"Q241162","candidates":[]}],[],[{"start":0,"end":16,"url":null,"entity_id":"Q925004","candidates":[]}]],[[{"start":0,"end":16,"url":null,"entity_id":"Q202226","candidates":[]}],[],[{"start":0,"end":16,"url":null,"entity_id":"Q922533","candidates":[]}]],[[{"start":0,"end":26,"url":null,"entity_id":"Q175935","candidates":[]}],[],[{"start":0,"end":26,"url":null,"entity_id":"Q807925","candidates":[]}]],[[{"start":0,"end":18,"url":null,"entity_id":"Q174101","candidates":[]}],[],[{"start":0,"end":26,"url":null,"entity_id":"Q807922","candidates":[]}]],[[{"start":0,"end":24,"url":null,"entity_id":"Q1388201","candidates":[]}],[],[{"start":0,"end":24,"url":null,"entity_id":"Q291254","candidates":[]}]]]}