{"version":"1.2","table":{"version":"2","table_id":"6A61NIUG","columns":[{"index":0,"name":"col0","values":["1996 Circuit de la Sarthe","1995 Circuit de la Sarthe","1994 Circuit de la Sarthe","1993 Circuit de la Sarthe","1975 Circuit de la Sarthe","1974 Circuit de la Sarthe","1973 Circuit de la Sarthe","1972 Circuit de la Sarthe","1971 Circuit de la Sarthe","1970 Circuit de la Sarthe","1969 Circuit de la Sarthe","1968 Circuit de la Sarthe","1967 Circuit de la Sarthe","1966 Circuit de la Sarthe","1965 Circuit de la Sarthe","1964 Circuit de la Sarthe","1963 Circuit de la Sarthe","1962 Circuit de la Sarthe","1961 Circuit de la Sarthe","1960 Circuit de la Sarthe"]},{"index":1,"name":"col1","values":["France","France","France","France","France","France","France","France","France","France","France","France","France","France","France","France","France","France","France","France"]},{"index":2,"name":"col2","values":["1995 Circuit de la Sarthe","1994 Circuit de la Sarthe","1993 Circuit de la Sarthe","1992 Circuit de la Sarthe","1974 Circuit de la Sarthe","1973 Circuit de la Sarthe","1972 Circuit de la Sarthe","1971 Circuit de la Sarthe","1970 Circuit de la Sarthe","1969 Circuit de la Sarthe","1968 Circuit de la Sarthe","1967 Circuit de la Sarthe","1966 Circuit de la Sarthe","1965 Circuit de la Sarthe","1964 Circuit de la Sarthe","1963 Circuit de la Sarthe","1962 Circuit de la Sarthe","1961 Circuit de la Sarthe","1960 Circuit de la Sarthe","1959 Circuit de la Sarthe"]},{"index":3,"name":"col3","values":["1996-01-01","1995-01-01","1994-01-01","1993-01-01","1975-01-01","1974-01-01","1973-01-01","1972-01-01","1971-01-01","1970-01-01","1969-01-01","1968-01-01","1967-01-01","1966-01-01","1965-01-01","1964-01-01","1963-01-01","1962-01-01","1961-01-01","1960-01-01"]}]},"context":{"page_title":null,"page_url":null,"page_entity_id":null,"content_hierarchy":[]},"links":[[[{"start":0,"end":25,"url":null,"entity_id":"Q63043052","candidates":[]}],[{"start":0,"end":6,"url":null,"entity_id":"Q142","candidates":[]}],[{"start":0,"end":25,"url":null,"entity_id":"Q63043051","candidates":[]}],[]],[[{"start":0,"end":25,"url":null,"entity_id":"Q63043051","candidates":[]}],[{"start":0,"end":6,"url":null,"entity_id":"Q142","candidates":[]}],[{"start":0,"end":25,"url":null,"entity_id":"Q63043050","candidates":[]}],[]],[[{"start":0,"end":25,"url":null,"entity_id":"Q63043050","candidates":[]}],[{"start":0,"end":6,"url":null,"entity_id":"Q142","candidates":[]}],[{"start":0,"end":25,"url":null,"entity_id":"Q63043049","candidates":[]}],[]],[[{"start":0,"end":25,"url":null,"entity_id":"Q63043030","candidates":[]}],[{"start":0,"end":6,"url":null,"entity_id":"Q142","candidates":[]}],[{"start":0,"end":25,"url":null,"entity_id":"Q63043029","candidates":[]}],[]],[[{"start":0,"end":25,"url":null,"entity_id":"Q63043029","candidates":[]}],[{"start":0,"end":6,"url":null,"entity_id":"Q142","candidates":[]}],[{"start":0,"end":25,"url":null,"entity_id":"Q63043028","candidates":[]}],[]],[[{"start":0,"end":25,"url":null,"entity_id":"Q63043028","candidates":[]}],[{"start":0,"end":6,"url":null,"entity_id":"Q142","candidates":[]}],[{"start":0,"end":25,"url":null,"entity_id":"Q63043027","candidates":[]}],[]],[[{"start":0,"end":25,"url":null,"entity_id":"Q63043027","candidates":[]}],[{"start":0,"end":6,"url":null,"entity_id":"Q142","candidates":[]}],[{"start":0,"end":25,"url":null,"entity_id":"Q63043026","candidates":[]}],[]],[[{"start":0,"end":25,"url":null,"entity_id":"Q63043026","candidates":[]}],[{"start":0,"end":6,"url":null,"entity_id":"Q142","candidates":[]}],[{"start":0,"end":25,"url":null,"entity_id":"Q63043024","candidates":[]}],[]],[[{"start":0,"end":25,"url":null,"entity_id":"Q63043024","candidates":[]}],[{"start":0,"end":6,"url":null,"entity_id":"Q142","candidates":[]}],[{"start":0,"end":25,"url":null,"entity_id":"Q63043023","candidates":[]}],[]],[[{"start":0,"end":25,"url":null,"entity_id":"Q63043023","candidates":[]}],[{"start":0,"end":6,"url":null,"entity_id":"Q142","candidates":[]}],[{"start":0,"end":25,"url":null,"entity_id":"Q63043020","candidates":[]}],[]],[[{"start":0,"end":25,"url":null,"entity_id":"Q63043020","candidates":[]}],[{"start":0,"end":6,"url":null,"entity_id":"Q142","candidates":[]}],[{"start":0,"end":25,"url":null,"entity_id":"Q63043019","candidates":[]}],[]],[[{"start":0,"end":25,"url":null,"entity_id":"Q63043019","candidates":[]}],[{"start":0,"end":6,"url":null,"entity_id":"Q142","candidates":[]}],[{"start":0,"end":25,"url":null,"entity_id":"Q63043018","candidates":[]}],[]],[[{"start":0,"end":25,"url":null,"entity_id":"Q63043018","candidates":[]}],[{"start":0,"end":6,"url":null,"entity_id":"Q142","candidates":[]}],[{"start":0,"end":25,"url":null,"entity_id":"Q63043016","candidates":[]}],[]],[[{"start":0,"end":25,"url":null,"entity_id":"Q63043016","candidates":[]}],[{"start":0,"end":6,"url":null,"entity_id":"Q142","candidates":[]}],[{"start":0,"end":25,"url":null,"entity_id":"Q63043015","candidates":[]}],[]],[[{"start":0,"end":25,"url":null,"entity_id":"Q63043015","candidates":[]}],[{"start":0,"end":6,"url":null,"entity_id":"Q142","candidates":[]}],[{"start":0,"end":25,"url":null,"entity_id":"Q63043014","candidates":[]}],[]],[[{"start":0,"end":25,"url":null,"entity_id":"Q63043014","candidates":[]}],[{"start":0,"end":6,"url":null,"entity_id":"Q142","candidates":[]}],[{"start":0,"end":25,"url":null,"entity_id":"Q63043013","candidates":[]}],[]],[[{"start":0,"end":25,"url":null,"entity_id":"Q63043013","candidates":[]}],[{"start":0,"end":6,"url":null,"entity_id":"Q142","candidates":[]}],[{"start":0,"end":25,"url":null,"entity_id":"Q63043012","candidates":[]}],[]],[[{"start":0,"end":25,"url":null,"entity_id":"Q63043012","candidates":[]}],[{"start":0,"end":6,"url":null,"entity_id":"Q142","candidates":[]}],[{"start":0,"end":25,"url":null,"entity_id":"Q63043011","candidates":[]}],[]],[[{"start":0,"end":25,"url":null,"entity_id":"Q63043011","candidates":[]}],[{"start":0,"end":6,"url":null,"entity_id":"Q142","candidates":[]}],[{"start":0,"end":25,"url":null,"entity_id":"Q63043010","candidates":[]}],[]],[[{"start":0,"end":25,"url":null,"entity_id":"Q63043053","candidates":[]}],[{"start":0,"end":6,"url":null,"entity_id":"Q142","candidates":[]}],[{"start":0,"end":25,"url":null,"entity_id":"Q63043052","candidates":[]}],[]]]}