{"version":2,"table":{"version":2,"table_id":"9PJWJ0WG","columns":[{"index":0,"name":"col0","values":["Länderbank","Banesco","Banco Angolano de Investimentos","Bancoro","Hypo Tirol Bank","İşbank"]},{"index":1,"name":"col1","values":["","","","","519","234"]}]},"context":{"version":3,"page_title":null,"page_url":null,"entities":[],"literals":[],"content_hierarchy":[]},"links":[[[{"version":2,"start":0,"end":10,"url":null,"entities":[{"id":"Q1426044","type":"wikidata"}]}],[]],[[{"version":2,"start":0,"end":7,"url":null,"entities":[{"id":"Q4854841","type":"wikidata"}]}],[]],[[{"version":2,"start":0,"end":31,"url":null,"entities":[{"id":"Q806172","type":"wikidata"}]}],[]],[[{"version":2,"start":0,"end":7,"url":null,"entities":[{"id":"Q5718203","type":"wikidata"}]}],[]],[[{"version":2,"start":0,"end":15,"url":null,"entities":[{"id":"Q1641284","type":"wikidata"}]}],[]],[[{"version":2,"start":0,"end":6,"url":null,"entities":[{"id":"Q2607251","type":"wikidata"}]}],[]]]}