{"version":2,"table":{"version":2,"table_id":"9ZDSLTTO","columns":[{"index":0,"name":"col0","values":["Hennepin County","Wright County"]},{"index":1,"name":"col1","values":["1571","714"]},{"index":2,"name":"col2","values":["8.7","7.4"]}]},"context":{"version":3,"page_title":null,"page_url":null,"entities":[],"literals":[],"content_hierarchy":[]},"links":[[[{"version":2,"start":0,"end":15,"url":null,"entities":[{"id":"Q486229","type":"wikidata"}]}],[],[]],[[{"version":2,"start":0,"end":13,"url":null,"entities":[{"id":"Q490390","type":"wikidata"}]}],[],[]]]}