{"version":2,"table":{"version":2,"table_id":"A18GIVOV","columns":[{"index":0,"name":"col0","values":["Consdorf","Garnich","Hollerich"]},{"index":1,"name":"col1","values":["2123","2221",""]}]},"context":{"version":3,"page_title":null,"page_url":null,"entities":[],"literals":[],"content_hierarchy":[]},"links":[[[{"version":2,"start":0,"end":8,"url":null,"entities":[{"id":"Q660217","type":"wikidata"}]}],[]],[[{"version":2,"start":0,"end":7,"url":null,"entities":[{"id":"Q985388","type":"wikidata"}]}],[]],[[{"version":2,"start":0,"end":9,"url":null,"entities":[{"id":"Q25583424","type":"wikidata"}]}],[]]]}