{"version":2,"table":{"version":2,"table_id":"ABXDL9M8","columns":[{"index":0,"name":"col0","values":["Hall each A","Wiarton!A"]},{"index":1,"name":"col1","values":["9.0181","219.90290000000002"]}]},"context":{"version":3,"page_title":null,"page_url":null,"entities":[],"literals":[],"content_hierarchy":[]},"links":[[[{"version":2,"start":0,"end":11,"url":null,"entities":[{"id":"Q61309156","type":"wikidata"}]}],[]],[[{"version":2,"start":0,"end":9,"url":null,"entities":[{"id":"Q61039112","type":"wikidata"}]}],[]]]}