{"version":2,"table":{"version":2,"table_id":"ARJZSMOP","columns":[{"index":0,"name":"col0","values":["Bin el Ouidane Dam","Barrage d'Argentat"]},{"index":1,"name":"col1","values":["133","31"]},{"index":2,"name":"col2","values":["290","196"]}]},"context":{"version":3,"page_title":null,"page_url":null,"entities":[],"literals":[],"content_hierarchy":[]},"links":[[[{"version":2,"start":0,"end":18,"url":null,"entities":[{"id":"Q2884936","type":"wikidata"}]}],[],[]],[[{"version":2,"start":0,"end":18,"url":null,"entities":[{"id":"Q2367090","type":"wikidata"}]}],[],[]]]}