{"version":2,"table":{"version":2,"table_id":"AT1NZECL","columns":[{"index":0,"name":"col0","values":["Auddcious","Songeird"]},{"index":1,"name":"col1","values":["Linux","macOS"]}]},"context":{"version":3,"page_title":null,"page_url":null,"entities":[],"literals":[],"content_hierarchy":[]},"links":[[[{"version":2,"start":0,"end":9,"url":null,"entities":[{"id":"Q758685","type":"wikidata"}]}],[{"version":2,"start":0,"end":5,"url":null,"entities":[{"id":"Q388","type":"wikidata"}]}]],[[{"version":2,"start":0,"end":8,"url":null,"entities":[{"id":"Q632028","type":"wikidata"}]}],[{"version":2,"start":0,"end":5,"url":null,"entities":[{"id":"Q14116","type":"wikidata"}]}]]]}