{"version":2,"table":{"version":2,"table_id":"ATLUYBXH","columns":[{"index":0,"name":"col0","values":["Kernberge","Loma Escondida","Loma del Arbolito","Clogher Hill","Cerro Soncopa","Cerro Tingo","Markovo Kale"]},{"index":1,"name":"col1","values":["391.6","786","404","","4029","2802","787"]}]},"context":{"version":3,"page_title":null,"page_url":null,"entities":[],"literals":[],"content_hierarchy":[]},"links":[[[{"version":2,"start":0,"end":9,"url":null,"entities":[{"id":"Q1739314","type":"wikidata"}]}],[]],[[{"version":2,"start":0,"end":14,"url":null,"entities":[{"id":"Q23774133","type":"wikidata"}]}],[]],[[{"version":2,"start":0,"end":17,"url":null,"entities":[{"id":"Q23653677","type":"wikidata"}]}],[]],[[{"version":2,"start":0,"end":12,"url":null,"entities":[{"id":"Q26718228","type":"wikidata"}]}],[]],[[{"version":2,"start":0,"end":13,"url":null,"entities":[{"id":"Q31640445","type":"wikidata"}]}],[]],[[{"version":2,"start":0,"end":11,"url":null,"entities":[{"id":"Q31476741","type":"wikidata"}]}],[]],[[{"version":2,"start":0,"end":12,"url":null,"entities":[{"id":"Q31522813","type":"wikidata"}]}],[]]]}