{"version":2,"table":{"version":2,"table_id":"B3ODTJ04","columns":[{"index":0,"name":"col0","values":["Isla Contoy National Park","Los Novillos National Park","Bahía de Loreto National Park","Palenque  National Park","Los Remedios National Park","Insurgente José María Morelos National Park","General Juan N. Álvarez National Park"]},{"index":1,"name":"col1","values":["51.26","38.21","206580.75","1771.95","400.16","7191.76","528"]}]},"context":{"version":3,"page_title":null,"page_url":null,"entities":[],"literals":[],"content_hierarchy":[]},"links":[[[{"version":2,"start":0,"end":25,"url":null,"entities":[{"id":"Q6378133","type":"wikidata"}]}],[]],[[{"version":2,"start":0,"end":26,"url":null,"entities":[{"id":"Q6378123","type":"wikidata"}]}],[]],[[{"version":2,"start":0,"end":29,"url":null,"entities":[{"id":"Q6378115","type":"wikidata"}]}],[]],[[{"version":2,"start":0,"end":23,"url":null,"entities":[{"id":"Q6378098","type":"wikidata"}]}],[]],[[{"version":2,"start":0,"end":26,"url":null,"entities":[{"id":"Q6063011","type":"wikidata"}]}],[]],[[{"version":2,"start":0,"end":43,"url":null,"entities":[{"id":"Q6062990","type":"wikidata"}]}],[]],[[{"version":2,"start":0,"end":37,"url":null,"entities":[{"id":"Q6062986","type":"wikidata"}]}],[]]]}