{"version":2,"table":{"version":2,"table_id":"B5XJ1UWQ","columns":[{"index":0,"name":"col0","values":["Cranbrook","Coorow","Used","Plamondon","Ciudad Evita","Itsaso"]},{"index":1,"name":"col1","values":["496","172","1","348","92957","49"]},{"index":2,"name":"col2","values":["1206.7","258.7","10.8","1.96","16.2","5.6"]},{"index":3,"name":"col3","values":["258","272","1150","555","15","514"]}]},"context":{"version":3,"page_title":null,"page_url":null,"entities":[],"literals":[],"content_hierarchy":[]},"links":[[[{"version":2,"start":0,"end":9,"url":null,"entities":[{"id":"Q3696492","type":"wikidata"}]}],[],[],[]],[[{"version":2,"start":0,"end":6,"url":null,"entities":[{"id":"Q3690043","type":"wikidata"}]}],[],[],[]],[[{"version":2,"start":0,"end":4,"url":null,"entities":[{"id":"Q3571287","type":"wikidata"}]}],[],[],[]],[[{"version":2,"start":0,"end":9,"url":null,"entities":[{"id":"Q3391093","type":"wikidata"}]}],[],[],[]],[[{"version":2,"start":0,"end":12,"url":null,"entities":[{"id":"Q3315989","type":"wikidata"}]}],[],[],[]],[[{"version":2,"start":0,"end":6,"url":null,"entities":[{"id":"Q3155990","type":"wikidata"}]}],[],[],[]]]}