[{"version":1,"nodes":[{"col_index":0,"label":"col0","id":0},{"col_index":1,"label":"col1","id":1},{"col_index":2,"label":"col2","id":2},{"abs_uri":"http://www.wikidata.org/entity/Q19832486","rel_uri":"wd:Q19832486","approximation":false,"readable_label":"locomotive class (Q19832486)","id":3}],"edges":[{"source":3,"target":0,"abs_uri":"http://www.w3.org/2000/01/rdf-schema#label","rel_uri":"rdfs:label","approximation":false,"readable_label":"rdfs:label","id":0},{"source":3,"target":1,"abs_uri":"http://www.wikidata.org/prop/P1114","rel_uri":"p:P1114","approximation":false,"readable_label":"quantity (P1114)","id":1},{"source":3,"target":2,"abs_uri":"http://www.wikidata.org/prop/P1092","rel_uri":"p:P1092","approximation":false,"readable_label":"total produced (P1092)","id":2}]}]