[{"version":1,"nodes":[{"col_index":0,"label":"col0","id":0},{"col_index":1,"label":"col1","id":1},{"col_index":2,"label":"col2","id":2},{"abs_uri":"http://www.wikidata.org/entity/Q63952888","rel_uri":"wd:Q63952888","approximation":false,"readable_label":"anime television series (Q63952888)","id":3}],"edges":[{"source":3,"target":0,"abs_uri":"http://www.w3.org/2000/01/rdf-schema#label","rel_uri":"rdfs:label","approximation":false,"readable_label":"rdfs:label","id":0},{"source":3,"target":1,"abs_uri":"http://www.wikidata.org/prop/P1113","rel_uri":"p:P1113","approximation":false,"readable_label":"number of episodes (P1113)","id":1},{"source":3,"target":2,"abs_uri":"http://www.wikidata.org/prop/P2047","rel_uri":"p:P2047","approximation":false,"readable_label":"duration (P2047)","id":2}]}]