[{"version":1,"nodes":[{"col_index":0,"label":"col0","id":0},{"col_index":1,"label":"col1","id":1},{"col_index":2,"label":"col2","id":2},{"col_index":3,"label":"col3","id":3},{"col_index":4,"label":"col4","id":4},{"abs_uri":"http://www.wikidata.org/entity/Q16830604","rel_uri":"wd:Q16830604","approximation":false,"readable_label":"census town of India (Q16830604)","id":5}],"edges":[{"source":5,"target":0,"abs_uri":"http://www.w3.org/2000/01/rdf-schema#label","rel_uri":"rdfs:label","approximation":false,"readable_label":"rdfs:label","id":0},{"source":5,"target":1,"abs_uri":"http://www.wikidata.org/prop/P6498","rel_uri":"p:P6498","approximation":false,"readable_label":"illiterate population (P6498)","id":1},{"source":5,"target":2,"abs_uri":"http://www.wikidata.org/prop/P1540","rel_uri":"p:P1540","approximation":false,"readable_label":"male population (P1540)","id":2},{"source":5,"target":3,"abs_uri":"http://www.wikidata.org/prop/P1539","rel_uri":"p:P1539","approximation":false,"readable_label":"female population (P1539)","id":3},{"source":5,"target":4,"abs_uri":"http://www.wikidata.org/prop/P2044","rel_uri":"p:P2044","approximation":false,"readable_label":"elevation above sea level (P2044)","id":4}]}]