{"version":2,"table":{"version":2,"table_id":"B8Z005CW","columns":[{"index":0,"name":"col0","values":["Textile fragment","Piece","Piece","Piece","Sample","Tapestry Fragment"]},{"index":1,"name":"col1","values":["silk","silk","silk","silk","silk","cotton"]}]},"context":{"version":3,"page_title":null,"page_url":null,"entities":[],"literals":[],"content_hierarchy":[]},"links":[[[{"version":2,"start":0,"end":16,"url":null,"entities":[{"id":"Q20200629","type":"wikidata"}]}],[{"version":2,"start":0,"end":4,"url":null,"entities":[{"id":"Q37681","type":"wikidata"}]}]],[[{"version":2,"start":0,"end":5,"url":null,"entities":[{"id":"Q20199429","type":"wikidata"}]}],[{"version":2,"start":0,"end":4,"url":null,"entities":[{"id":"Q37681","type":"wikidata"}]}]],[[{"version":2,"start":0,"end":5,"url":null,"entities":[{"id":"Q20199427","type":"wikidata"}]}],[{"version":2,"start":0,"end":4,"url":null,"entities":[{"id":"Q37681","type":"wikidata"}]}]],[[{"version":2,"start":0,"end":5,"url":null,"entities":[{"id":"Q20199424","type":"wikidata"}]}],[{"version":2,"start":0,"end":4,"url":null,"entities":[{"id":"Q37681","type":"wikidata"}]}]],[[{"version":2,"start":0,"end":6,"url":null,"entities":[{"id":"Q20199394","type":"wikidata"}]}],[{"version":2,"start":0,"end":4,"url":null,"entities":[{"id":"Q37681","type":"wikidata"}]}]],[[{"version":2,"start":0,"end":17,"url":null,"entities":[{"id":"Q60740248","type":"wikidata"}]}],[{"version":2,"start":0,"end":6,"url":null,"entities":[{"id":"Q11457","type":"wikidata"}]}]]]}