{"version":2,"table":{"version":2,"table_id":"B9TGVDLW","columns":[{"index":0,"name":"col0","values":["Harrison Township","Harrison Township","Harrison Township","Harrison Township"]},{"index":1,"name":"col1","values":["23.41","8.89","17.58","55.18"]},{"index":2,"name":"col2","values":["250","213","240","160"]}]},"context":{"version":3,"page_title":null,"page_url":null,"entities":[],"literals":[],"content_hierarchy":[]},"links":[[[{"version":2,"start":0,"end":17,"url":null,"entities":[{"id":"Q5666014","type":"wikidata"}]}],[],[]],[[{"version":2,"start":0,"end":17,"url":null,"entities":[{"id":"Q5666033","type":"wikidata"}]}],[],[]],[[{"version":2,"start":0,"end":17,"url":null,"entities":[{"id":"Q5666047","type":"wikidata"}]}],[],[]],[[{"version":2,"start":0,"end":17,"url":null,"entities":[{"id":"Q5666093","type":"wikidata"}]}],[],[]]]}