{"version":2,"table":{"version":2,"table_id":"BBGEDTM3","columns":[{"index":0,"name":"col0","values":["Mindwarp","Black Orchid","The Romans","The Keys of Marinus","The Face of Evil"]},{"index":1,"name":"col1","values":["4","2","4","6","4"]}]},"context":{"version":3,"page_title":null,"page_url":null,"entities":[],"literals":[],"content_hierarchy":[]},"links":[[[{"version":2,"start":0,"end":8,"url":null,"entities":[{"id":"Q6312988","type":"wikidata"}]}],[]],[[{"version":2,"start":0,"end":12,"url":null,"entities":[{"id":"Q4921410","type":"wikidata"}]}],[]],[[{"version":2,"start":0,"end":10,"url":null,"entities":[{"id":"Q3024838","type":"wikidata"}]}],[]],[[{"version":2,"start":0,"end":19,"url":null,"entities":[{"id":"Q2989851","type":"wikidata"}]}],[]],[[{"version":2,"start":0,"end":16,"url":null,"entities":[{"id":"Q5491984","type":"wikidata"}]}],[]]]}