{"version":2,"table":{"version":2,"table_id":"BEHX9GQC","columns":[{"index":0,"name":"col0","values":["Ohio Township","Ohio Township"]},{"index":1,"name":"col1","values":["181","131"]},{"index":2,"name":"col2","values":["30.73","44.37"]}]},"context":{"version":3,"page_title":null,"page_url":null,"entities":[],"literals":[],"content_hierarchy":[]},"links":[[[{"version":2,"start":0,"end":13,"url":null,"entities":[{"id":"Q7080993","type":"wikidata"}]}],[],[]],[[{"version":2,"start":0,"end":13,"url":null,"entities":[{"id":"Q7081003","type":"wikidata"}]}],[],[]]]}