{"version":2,"table":{"version":2,"table_id":"BKGCXAU1","columns":[{"index":0,"name":"col0","values":["Rygene power station","Pikerfoss power station"]},{"index":1,"name":"col1","values":["172.5","150"]}]},"context":{"version":3,"page_title":null,"page_url":null,"entities":[],"literals":[],"content_hierarchy":[]},"links":[[[{"version":2,"start":0,"end":20,"url":null,"entities":[{"id":"Q19387123","type":"wikidata"}]}],[]],[[{"version":2,"start":0,"end":23,"url":null,"entities":[{"id":"Q19385335","type":"wikidata"}]}],[]]]}