{"version":2,"table":{"version":2,"table_id":"BLZQQKOV","columns":[{"index":0,"name":"col0","values":["Gammlia","Barkerville","Hessenpark","Fosterfields","Craggaunowen"]},{"index":1,"name":"col1","values":["","British Columbia designated provincial heritage site","","National Register of Historic Places listed place",""]},{"index":2,"name":"col2","values":["1919-01-01","1862-01-01","1974-01-01","","1965-01-01"]}]},"context":{"version":3,"page_title":null,"page_url":null,"entities":[],"literals":[],"content_hierarchy":[]},"links":[[[{"version":2,"start":0,"end":7,"url":null,"entities":[{"id":"Q10502609","type":"wikidata"}]}],[],[]],[[{"version":2,"start":0,"end":11,"url":null,"entities":[{"id":"Q808269","type":"wikidata"}]}],[{"version":2,"start":0,"end":52,"url":null,"entities":[{"id":"Q16872697","type":"wikidata"}]}],[]],[[{"version":2,"start":0,"end":10,"url":null,"entities":[{"id":"Q319728","type":"wikidata"}]}],[],[]],[[{"version":2,"start":0,"end":12,"url":null,"entities":[{"id":"Q105086212","type":"wikidata"}]}],[{"version":2,"start":0,"end":49,"url":null,"entities":[{"id":"Q19558910","type":"wikidata"}]}],[]],[[{"version":2,"start":0,"end":12,"url":null,"entities":[{"id":"Q1138489","type":"wikidata"}]}],[],[]]]}