{"version":2,"table":{"version":2,"table_id":"BMZR2HIY","columns":[{"index":0,"name":"col0","values":["State Highway 19","State Highway 19","Federal Highway","State Highway 60","N518","State Highway 6"]},{"index":1,"name":"col1","values":["","","Template:Attached KML/Federal Highway","","",""]}]},"context":{"version":3,"page_title":null,"page_url":null,"entities":[],"literals":[],"content_hierarchy":[]},"links":[[[{"version":2,"start":0,"end":16,"url":null,"entities":[{"id":"Q2187967","type":"wikidata"}]}],[]],[[{"version":2,"start":0,"end":16,"url":null,"entities":[{"id":"Q7603262","type":"wikidata"}]}],[]],[[{"version":2,"start":0,"end":15,"url":null,"entities":[{"id":"Q977654","type":"wikidata"}]}],[{"version":2,"start":0,"end":37,"url":null,"entities":[{"id":"Q26329674","type":"wikidata"}]}]],[[{"version":2,"start":0,"end":16,"url":null,"entities":[{"id":"Q7603329","type":"wikidata"}]}],[]],[[{"version":2,"start":0,"end":4,"url":null,"entities":[{"id":"Q25587944","type":"wikidata"}]}],[]],[[{"version":2,"start":0,"end":15,"url":null,"entities":[{"id":"Q7603347","type":"wikidata"}]}],[]]]}