{"version":2,"table":{"version":2,"table_id":"BT29IWDV","columns":[{"index":0,"name":"col0","values":["ethion","2-methyl-2,4-pentanediol","diethanolamine","oil mist","hexamethylphosphoramide triamide","formamide"]},{"index":1,"name":"col1","values":["1.22","0.92","1.097","","1.03","1.13"]}]},"context":{"version":3,"page_title":null,"page_url":null,"entities":[],"literals":[],"content_hierarchy":[]},"links":[[[{"version":2,"start":0,"end":6,"url":null,"entities":[{"id":"Q414724","type":"wikidata"}]}],[]],[[{"version":2,"start":0,"end":24,"url":null,"entities":[{"id":"Q2792203","type":"wikidata"}]}],[]],[[{"version":2,"start":0,"end":14,"url":null,"entities":[{"id":"Q418437","type":"wikidata"}]}],[]],[[{"version":2,"start":0,"end":8,"url":null,"entities":[{"id":"Q12269575","type":"wikidata"}]}],[]],[[{"version":2,"start":0,"end":32,"url":null,"entities":[{"id":"Q416086","type":"wikidata"}]}],[]],[[{"version":2,"start":0,"end":9,"url":null,"entities":[{"id":"Q283917","type":"wikidata"}]}],[]]]}