{"version":2,"table":{"version":2,"table_id":"C4M9U6HT","columns":[{"index":0,"name":"col0","values":["Haguro","USS New Orleans","HMS Cornwall","Japanese cruiser Chikuma","HMS Dorsetshire","Baleares"]},{"index":1,"name":"col1","values":["19.51","18.8","20.8","19.4","20.12","19.52"]},{"index":2,"name":"col2","values":["203.76","179","190","201.6","193","193.9"]},{"index":3,"name":"col3","values":["6.35","5.9","4.95","6.48","6.37","6.51"]}]},"context":{"version":3,"page_title":null,"page_url":null,"entities":[],"literals":[],"content_hierarchy":[]},"links":[[[{"version":2,"start":0,"end":6,"url":null,"entities":[{"id":"Q1568768","type":"wikidata"}]}],[],[],[]],[[{"version":2,"start":0,"end":15,"url":null,"entities":[{"id":"Q1483636","type":"wikidata"}]}],[],[],[]],[[{"version":2,"start":0,"end":12,"url":null,"entities":[{"id":"Q1265295","type":"wikidata"}]}],[],[],[]],[[{"version":2,"start":0,"end":24,"url":null,"entities":[{"id":"Q1072658","type":"wikidata"}]}],[],[],[]],[[{"version":2,"start":0,"end":15,"url":null,"entities":[{"id":"Q967341","type":"wikidata"}]}],[],[],[]],[[{"version":2,"start":0,"end":8,"url":null,"entities":[{"id":"Q804890","type":"wikidata"}]}],[],[],[]]]}