{"version":2,"table":{"version":2,"table_id":"CA8ZQF6N","columns":[{"index":0,"name":"col0","values":["John Inman","Luis Miguel","Christopher Connelly","Corey Allen","Claire Anderson"]},{"index":1,"name":"col1","values":["21st century","21st century","20th century","20th century","20th century"]},{"index":2,"name":"col2","values":["Maida Vale","Acapulco","Wichita","Cleveland","Detroit"]}]},"context":{"version":3,"page_title":null,"page_url":null,"entities":[],"literals":[],"content_hierarchy":[]},"links":[[[{"version":2,"start":0,"end":10,"url":null,"entities":[{"id":"Q1086893","type":"wikidata"}]}],[{"version":2,"start":0,"end":12,"url":null,"entities":[{"id":"Q6939","type":"wikidata"}]}],[{"version":2,"start":0,"end":10,"url":null,"entities":[{"id":"Q122744","type":"wikidata"}]}]],[[{"version":2,"start":0,"end":11,"url":null,"entities":[{"id":"Q1069140","type":"wikidata"}]}],[{"version":2,"start":0,"end":12,"url":null,"entities":[{"id":"Q6939","type":"wikidata"}]}],[{"version":2,"start":0,"end":8,"url":null,"entities":[{"id":"Q81398","type":"wikidata"}]}]],[[{"version":2,"start":0,"end":20,"url":null,"entities":[{"id":"Q1086603","type":"wikidata"}]}],[{"version":2,"start":0,"end":12,"url":null,"entities":[{"id":"Q6927","type":"wikidata"}]}],[{"version":2,"start":0,"end":7,"url":null,"entities":[{"id":"Q49266","type":"wikidata"}]}]],[[{"version":2,"start":0,"end":11,"url":null,"entities":[{"id":"Q1132617","type":"wikidata"}]}],[{"version":2,"start":0,"end":12,"url":null,"entities":[{"id":"Q6927","type":"wikidata"}]}],[{"version":2,"start":0,"end":9,"url":null,"entities":[{"id":"Q37320","type":"wikidata"}]}]],[[{"version":2,"start":0,"end":15,"url":null,"entities":[{"id":"Q1094759","type":"wikidata"}]}],[{"version":2,"start":0,"end":12,"url":null,"entities":[{"id":"Q6927","type":"wikidata"}]}],[{"version":2,"start":0,"end":7,"url":null,"entities":[{"id":"Q12439","type":"wikidata"}]}]]]}