{"version":2,"table":{"version":2,"table_id":"CG5X8LT2","columns":[{"index":0,"name":"col0","values":["boulevard Roger-Chieusse","boulevard Poniatowski","boulevard Poissonnière","boulevard Pereire","boulevard Ney"]},{"index":1,"name":"col1","values":["635","1450","351","2540","3000"]},{"index":2,"name":"col2","values":["10","28.8","35","43.7","36"]}]},"context":{"version":3,"page_title":null,"page_url":null,"entities":[],"literals":[],"content_hierarchy":[]},"links":[[[{"version":2,"start":0,"end":24,"url":null,"entities":[{"id":"Q2921912","type":"wikidata"}]}],[],[]],[[{"version":2,"start":0,"end":21,"url":null,"entities":[{"id":"Q2921907","type":"wikidata"}]}],[],[]],[[{"version":2,"start":0,"end":22,"url":null,"entities":[{"id":"Q2921899","type":"wikidata"}]}],[],[]],[[{"version":2,"start":0,"end":17,"url":null,"entities":[{"id":"Q2921894","type":"wikidata"}]}],[],[]],[[{"version":2,"start":0,"end":13,"url":null,"entities":[{"id":"Q2921892","type":"wikidata"}]}],[],[]]]}