{"version":2,"table":{"version":2,"table_id":"CGJ0JTPD","columns":[{"index":0,"name":"col0","values":["Palatik","Dabrava","Dorkovo","Izgrev","Zebil","Krakra","Zdravets"]},{"index":1,"name":"col1","values":["22.313","13551","79.459","6306","12.581","11.016","24.947"]},{"index":2,"name":"col2","values":["1337","593","822","561","218","233","189"]},{"index":3,"name":"col3","values":["234","39","2692","263","680","4","263"]}]},"context":{"version":3,"page_title":null,"page_url":null,"entities":[],"literals":[],"content_hierarchy":[]},"links":[[[{"version":2,"start":0,"end":7,"url":null,"entities":[{"id":"Q2654293","type":"wikidata"}]}],[],[],[]],[[{"version":2,"start":0,"end":7,"url":null,"entities":[{"id":"Q2014816","type":"wikidata"}]}],[],[],[]],[[{"version":2,"start":0,"end":7,"url":null,"entities":[{"id":"Q2014051","type":"wikidata"}]}],[],[],[]],[[{"version":2,"start":0,"end":6,"url":null,"entities":[{"id":"Q2016606","type":"wikidata"}]}],[],[],[]],[[{"version":2,"start":0,"end":5,"url":null,"entities":[{"id":"Q2016238","type":"wikidata"}]}],[],[],[]],[[{"version":2,"start":0,"end":6,"url":null,"entities":[{"id":"Q2016177","type":"wikidata"}]}],[],[],[]],[[{"version":2,"start":0,"end":8,"url":null,"entities":[{"id":"Q2016084","type":"wikidata"}]}],[],[],[]]]}