{"version":2,"table":{"version":2,"table_id":"CMM10JV7","columns":[{"index":0,"name":"col0","values":["Design for a Female Saint","Design for a Female Saint","Design for an antependium","Design for an antependium","Design for an altar","Design for an altar","Design for an altar"]},{"index":1,"name":"col1","values":["","","Drawings from the 17th and 18th centuries. The Van Herck collection","Drawings from the 17th and 18th centuries. The Van Herck collection","Drawings from the 17th and 18th centuries. The Van Herck collection","Drawings from the 17th and 18th centuries. The Van Herck collection","Drawings from the 17th and 18th centuries. The Van Herck collection"]}]},"context":{"version":3,"page_title":null,"page_url":null,"entities":[],"literals":[],"content_hierarchy":[]},"links":[[[{"version":2,"start":0,"end":25,"url":null,"entities":[{"id":"Q55928528","type":"wikidata"}]}],[]],[[{"version":2,"start":0,"end":25,"url":null,"entities":[{"id":"Q56216465","type":"wikidata"}]}],[]],[[{"version":2,"start":0,"end":25,"url":null,"entities":[{"id":"Q59097656","type":"wikidata"}]}],[{"version":2,"start":0,"end":67,"url":null,"entities":[{"id":"Q58326846","type":"wikidata"}]}]],[[{"version":2,"start":0,"end":25,"url":null,"entities":[{"id":"Q59097657","type":"wikidata"}]}],[{"version":2,"start":0,"end":67,"url":null,"entities":[{"id":"Q58326846","type":"wikidata"}]}]],[[{"version":2,"start":0,"end":19,"url":null,"entities":[{"id":"Q59097855","type":"wikidata"}]}],[{"version":2,"start":0,"end":67,"url":null,"entities":[{"id":"Q58326846","type":"wikidata"}]}]],[[{"version":2,"start":0,"end":19,"url":null,"entities":[{"id":"Q59097878","type":"wikidata"}]}],[{"version":2,"start":0,"end":67,"url":null,"entities":[{"id":"Q58326846","type":"wikidata"}]}]],[[{"version":2,"start":0,"end":19,"url":null,"entities":[{"id":"Q59097881","type":"wikidata"}]}],[{"version":2,"start":0,"end":67,"url":null,"entities":[{"id":"Q58326846","type":"wikidata"}]}]]]}