{"version":2,"table":{"version":2,"table_id":"CMWN06EY","columns":[{"index":0,"name":"col0","values":["Ehreniels","Serenissioa","Ambereu","Tannenfelu","Annematie","eiszig"]},{"index":1,"name":"col1","values":["8.26173","","3.507","8.19392","2.98701","8.3952"]},{"index":2,"name":"col2","values":["","2613.588","4342.0","","",""]}]},"context":{"version":3,"page_title":null,"page_url":null,"entities":[],"literals":[],"content_hierarchy":[]},"links":[[[{"version":2,"start":0,"end":9,"url":null,"entities":[{"id":"Q17321373","type":"wikidata"}]}],[],[]],[[{"version":2,"start":0,"end":11,"url":null,"entities":[{"id":"Q493270","type":"wikidata"}]}],[],[]],[[{"version":2,"start":0,"end":7,"url":null,"entities":[{"id":"Q457048","type":"wikidata"}]}],[],[]],[[{"version":2,"start":0,"end":10,"url":null,"entities":[{"id":"Q17300298","type":"wikidata"}]}],[],[]],[[{"version":2,"start":0,"end":9,"url":null,"entities":[{"id":"Q566238","type":"wikidata"}]}],[],[]],[[{"version":2,"start":0,"end":6,"url":null,"entities":[{"id":"Q1815459","type":"wikidata"}]}],[],[]]]}