{"version":2,"table":{"version":2,"table_id":"CNT9O9QX","columns":[{"index":0,"name":"col0","values":["Special Operation Group","Long Beach Police Department","Wayne County Sheriff's Office","Punjab Police","Punjab Police","Lee County Sheriff's Office","State Police"]},{"index":1,"name":"col1","values":["1370","1164","170","180000","70000","42","8167"]}]},"context":{"version":3,"page_title":null,"page_url":null,"entities":[],"literals":[],"content_hierarchy":[]},"links":[[[{"version":2,"start":0,"end":23,"url":null,"entities":[{"id":"Q17154006","type":"wikidata"}]}],[]],[[{"version":2,"start":0,"end":28,"url":null,"entities":[{"id":"Q17035148","type":"wikidata"}]}],[]],[[{"version":2,"start":0,"end":29,"url":null,"entities":[{"id":"Q7976151","type":"wikidata"}]}],[]],[[{"version":2,"start":0,"end":13,"url":null,"entities":[{"id":"Q7260282","type":"wikidata"}]}],[]],[[{"version":2,"start":0,"end":13,"url":null,"entities":[{"id":"Q7260281","type":"wikidata"}]}],[]],[[{"version":2,"start":0,"end":27,"url":null,"entities":[{"id":"Q6513378","type":"wikidata"}]}],[]],[[{"version":2,"start":0,"end":12,"url":null,"entities":[{"id":"Q3741089","type":"wikidata"}]}],[]]]}