{"version":2,"table":{"version":2,"table_id":"CT81Z7PF","columns":[{"index":0,"name":"col0","values":["RV Simon Stevin","Präsident Schaefer"]},{"index":1,"name":"col1","values":["","3.76"]},{"index":2,"name":"col2","values":["458",""]}]},"context":{"version":3,"page_title":null,"page_url":null,"entities":[],"literals":[],"content_hierarchy":[]},"links":[[[{"version":2,"start":0,"end":15,"url":null,"entities":[{"id":"Q14855111","type":"wikidata"}]}],[],[]],[[{"version":2,"start":0,"end":18,"url":null,"entities":[{"id":"Q55520190","type":"wikidata"}]}],[],[]]]}