{"version":2,"table":{"version":2,"table_id":"CVRP3HC6","columns":[{"index":0,"name":"col0","values":["Macauley Island","Ischia","Rarotonga"]},{"index":1,"name":"col1","values":["Kermadec Islands","Phlegraean Islands","Cook Islands"]},{"index":2,"name":"col2","values":["0","62027","10572"]}]},"context":{"version":3,"page_title":null,"page_url":null,"entities":[],"literals":[],"content_hierarchy":[]},"links":[[[{"version":2,"start":0,"end":15,"url":null,"entities":[{"id":"Q444549","type":"wikidata"}]}],[{"version":2,"start":0,"end":16,"url":null,"entities":[{"id":"Q114935","type":"wikidata"}]}],[]],[[{"version":2,"start":0,"end":6,"url":null,"entities":[{"id":"Q189387","type":"wikidata"}]}],[{"version":2,"start":0,"end":18,"url":null,"entities":[{"id":"Q75524","type":"wikidata"}]}],[]],[[{"version":2,"start":0,"end":9,"url":null,"entities":[{"id":"Q471793","type":"wikidata"}]}],[{"version":2,"start":0,"end":12,"url":null,"entities":[{"id":"Q26988","type":"wikidata"}]}],[]]]}