{"version":2,"table":{"version":2,"table_id":"R9Q51KJO","columns":[{"index":0,"name":"col0","values":["Robert Pattinson","Anthony Perkins","Fred Astaire","Joe Pesci","Robert Mitchum","George Segal"]},{"index":1,"name":"col1","values":["piano","voice","voice","voice","voice","banjo"]},{"index":2,"name":"col2","values":["MTV Movie Award for Best Kiss","Academy Award for Best Supporting Actor","Academy Award for Best Supporting Actor","Academy Award for Best Supporting Actor","Academy Award for Best Supporting Actor","Academy Award for Best Supporting Actor"]}]},"context":{"version":3,"page_title":null,"page_url":null,"entities":[],"literals":[],"content_hierarchy":[]},"links":[[[{"version":2,"start":0,"end":16,"url":null,"entities":[{"id":"Q36767","type":"wikidata"}]}],[{"version":2,"start":0,"end":5,"url":null,"entities":[{"id":"Q5994","type":"wikidata"}]}],[{"version":2,"start":0,"end":29,"url":null,"entities":[{"id":"Q257235","type":"wikidata"}]}]],[[{"version":2,"start":0,"end":15,"url":null,"entities":[{"id":"Q193146","type":"wikidata"}]}],[{"version":2,"start":0,"end":5,"url":null,"entities":[{"id":"Q17172850","type":"wikidata"}]}],[{"version":2,"start":0,"end":39,"url":null,"entities":[{"id":"Q106291","type":"wikidata"}]}]],[[{"version":2,"start":0,"end":12,"url":null,"entities":[{"id":"Q100937","type":"wikidata"}]}],[{"version":2,"start":0,"end":5,"url":null,"entities":[{"id":"Q17172850","type":"wikidata"}]}],[{"version":2,"start":0,"end":39,"url":null,"entities":[{"id":"Q106291","type":"wikidata"}]}]],[[{"version":2,"start":0,"end":9,"url":null,"entities":[{"id":"Q20178","type":"wikidata"}]}],[{"version":2,"start":0,"end":5,"url":null,"entities":[{"id":"Q17172850","type":"wikidata"}]}],[{"version":2,"start":0,"end":39,"url":null,"entities":[{"id":"Q106291","type":"wikidata"}]}]],[[{"version":2,"start":0,"end":14,"url":null,"entities":[{"id":"Q16472","type":"wikidata"}]}],[{"version":2,"start":0,"end":5,"url":null,"entities":[{"id":"Q17172850","type":"wikidata"}]}],[{"version":2,"start":0,"end":39,"url":null,"entities":[{"id":"Q106291","type":"wikidata"}]}]],[[{"version":2,"start":0,"end":12,"url":null,"entities":[{"id":"Q449900","type":"wikidata"}]}],[{"version":2,"start":0,"end":5,"url":null,"entities":[{"id":"Q258896","type":"wikidata"}]}],[{"version":2,"start":0,"end":39,"url":null,"entities":[{"id":"Q106291","type":"wikidata"}]}]]]}