{"version":2,"table":{"version":2,"table_id":"REDCDKKL","columns":[{"index":0,"name":"col0","values":["Ever Given","Grande Ghana"]},{"index":1,"name":"col1","values":["59","32.26"]},{"index":2,"name":"col2","values":["199692","25000"]},{"index":3,"name":"col3","values":["58.8","32.26"]}]},"context":{"version":3,"page_title":null,"page_url":null,"entities":[],"literals":[],"content_hierarchy":[]},"links":[[[{"version":2,"start":0,"end":10,"url":null,"entities":[{"id":"Q104378621","type":"wikidata"}]}],[],[],[]],[[{"version":2,"start":0,"end":12,"url":null,"entities":[{"id":"Q75297336","type":"wikidata"}]}],[],[],[]]]}