{"version":2,"table":{"version":2,"table_id":"RJ1XOA6E","columns":[{"index":0,"name":"col0","values":["2016 Tour of Qinghai Lake","2014 Tour de Luxembourg","2019 Tour of Slovenia","2016 Giro del Trentino","2013 Four Days of Dunkirk"]},{"index":1,"name":"col1","values":["156","103","129","142","147"]}]},"context":{"version":3,"page_title":null,"page_url":null,"entities":[],"literals":[],"content_hierarchy":[]},"links":[[[{"version":2,"start":0,"end":25,"url":null,"entities":[{"id":"Q20647587","type":"wikidata"}]}],[]],[[{"version":2,"start":0,"end":23,"url":null,"entities":[{"id":"Q17135105","type":"wikidata"}]}],[]],[[{"version":2,"start":0,"end":21,"url":null,"entities":[{"id":"Q63385699","type":"wikidata"}]}],[]],[[{"version":2,"start":0,"end":22,"url":null,"entities":[{"id":"Q23691294","type":"wikidata"}]}],[]],[[{"version":2,"start":0,"end":25,"url":null,"entities":[{"id":"Q12294851","type":"wikidata"}]}],[]]]}