{"version":2,"table":{"version":2,"table_id":"RNE25798","columns":[{"index":0,"name":"col0","values":["Xia Guoqi","Fang Xiangying","Fang Feilin"]},{"index":1,"name":"col1","values":["Han Chinese people","Han Chinese people","Han Chinese people"]}]},"context":{"version":3,"page_title":null,"page_url":null,"entities":[],"literals":[],"content_hierarchy":[]},"links":[[[{"version":2,"start":0,"end":9,"url":null,"entities":[{"id":"Q10931901","type":"wikidata"}]}],[{"version":2,"start":0,"end":18,"url":null,"entities":[{"id":"Q42740","type":"wikidata"}]}]],[[{"version":2,"start":0,"end":14,"url":null,"entities":[{"id":"Q11085013","type":"wikidata"}]}],[{"version":2,"start":0,"end":18,"url":null,"entities":[{"id":"Q42740","type":"wikidata"}]}]],[[{"version":2,"start":0,"end":11,"url":null,"entities":[{"id":"Q11084988","type":"wikidata"}]}],[{"version":2,"start":0,"end":18,"url":null,"entities":[{"id":"Q42740","type":"wikidata"}]}]]]}