{"version":2,"table":{"version":2,"table_id":"RSQ3IQ5M","columns":[{"index":0,"name":"col0","values":["The Adoration of the Magi","Land of Fire","The Elevation of the Cross","Resurrection of Lazarus","The Taira Ghosts Attacking Yoshitsune's Ship","The Taira Ghosts Attacking Yoshitsune's Ship","The Taira Ghosts Attacking Yoshitsune's Ship","The Taira Ghosts Attacking Yoshitsune's Ship"]},{"index":1,"name":"col1","values":["oil paint","canvas","oakwood","panel","paper","paper","paper","paper"]},{"index":2,"name":"col2","values":["Christianity","","Christianity","Christianity","","","",""]},{"index":3,"name":"col3","values":["Master of the Bob Jones Adoration","Tahir Teimurovitsch Salakhov","Peter Paul Rubens","Nicolas Froment","Utagawa Kuniyoshi","Utagawa Kuniyoshi","Utagawa Kuniyoshi","Utagawa Kuniyoshi"]}]},"context":{"version":3,"page_title":null,"page_url":null,"entities":[],"literals":[],"content_hierarchy":[]},"links":[[[{"version":2,"start":0,"end":25,"url":null,"entities":[{"id":"Q79777305","type":"wikidata"}]}],[{"version":2,"start":0,"end":9,"url":null,"entities":[{"id":"Q296955","type":"wikidata"}]}],[{"version":2,"start":0,"end":12,"url":null,"entities":[{"id":"Q5043","type":"wikidata"}]}],[{"version":2,"start":0,"end":33,"url":null,"entities":[{"id":"Q56033627","type":"wikidata"}]}]],[[{"version":2,"start":0,"end":12,"url":null,"entities":[{"id":"Q4443325","type":"wikidata"}]}],[{"version":2,"start":0,"end":6,"url":null,"entities":[{"id":"Q12321255","type":"wikidata"}]}],[],[{"version":2,"start":0,"end":28,"url":null,"entities":[{"id":"Q2627373","type":"wikidata"}]}]],[[{"version":2,"start":0,"end":26,"url":null,"entities":[{"id":"Q2653851","type":"wikidata"}]}],[{"version":2,"start":0,"end":7,"url":null,"entities":[{"id":"Q2075708","type":"wikidata"}]}],[{"version":2,"start":0,"end":12,"url":null,"entities":[{"id":"Q5043","type":"wikidata"}]}],[{"version":2,"start":0,"end":17,"url":null,"entities":[{"id":"Q5599","type":"wikidata"}]}]],[[{"version":2,"start":0,"end":23,"url":null,"entities":[{"id":"Q51046347","type":"wikidata"}]}],[{"version":2,"start":0,"end":5,"url":null,"entities":[{"id":"Q106857709","type":"wikidata"}]}],[{"version":2,"start":0,"end":12,"url":null,"entities":[{"id":"Q5043","type":"wikidata"}]}],[{"version":2,"start":0,"end":15,"url":null,"entities":[{"id":"Q712821","type":"wikidata"}]}]],[[{"version":2,"start":0,"end":44,"url":null,"entities":[{"id":"Q50814125","type":"wikidata"}]}],[{"version":2,"start":0,"end":5,"url":null,"entities":[{"id":"Q11472","type":"wikidata"}]}],[],[{"version":2,"start":0,"end":17,"url":null,"entities":[{"id":"Q317736","type":"wikidata"}]}]],[[{"version":2,"start":0,"end":44,"url":null,"entities":[{"id":"Q50814128","type":"wikidata"}]}],[{"version":2,"start":0,"end":5,"url":null,"entities":[{"id":"Q11472","type":"wikidata"}]}],[],[{"version":2,"start":0,"end":17,"url":null,"entities":[{"id":"Q317736","type":"wikidata"}]}]],[[{"version":2,"start":0,"end":44,"url":null,"entities":[{"id":"Q50814129","type":"wikidata"}]}],[{"version":2,"start":0,"end":5,"url":null,"entities":[{"id":"Q11472","type":"wikidata"}]}],[],[{"version":2,"start":0,"end":17,"url":null,"entities":[{"id":"Q317736","type":"wikidata"}]}]],[[{"version":2,"start":0,"end":44,"url":null,"entities":[{"id":"Q50814131","type":"wikidata"}]}],[{"version":2,"start":0,"end":5,"url":null,"entities":[{"id":"Q11472","type":"wikidata"}]}],[],[{"version":2,"start":0,"end":17,"url":null,"entities":[{"id":"Q317736","type":"wikidata"}]}]]]}