{"version":2,"table":{"version":2,"table_id":"RY4NDPI0","columns":[{"index":0,"name":"col0","values":["Akira","The King and I","Treasure Planet","Shark Tale","Tangled"]},{"index":1,"name":"col1","values":["124","90","91","90","100"]},{"index":2,"name":"col2","values":["2263389400","11993021","110041363","367300000","591794936"]},{"index":3,"name":"col3","values":["5500000","","140000000","75000000","260000000"]}]},"context":{"version":3,"page_title":null,"page_url":null,"entities":[],"literals":[],"content_hierarchy":[]},"links":[[[{"version":2,"start":0,"end":5,"url":null,"entities":[{"id":"Q1905968","type":"wikidata"}]}],[],[],[]],[[{"version":2,"start":0,"end":14,"url":null,"entities":[{"id":"Q467516","type":"wikidata"}]}],[],[],[]],[[{"version":2,"start":0,"end":15,"url":null,"entities":[{"id":"Q392530","type":"wikidata"}]}],[],[],[]],[[{"version":2,"start":0,"end":10,"url":null,"entities":[{"id":"Q120367","type":"wikidata"}]}],[],[],[]],[[{"version":2,"start":0,"end":7,"url":null,"entities":[{"id":"Q188439","type":"wikidata"}]}],[],[],[]]]}