{"version":2,"table":{"version":2,"table_id":"S1646BZT","columns":[{"index":0,"name":"col0","values":["Al Burbyhah","d Dayr","Al'Urayn","Cl Jabaayn"]},{"index":1,"name":"col1","values":["9774.216","9804.453","2659.4869999999996","11882.0"]}]},"context":{"version":3,"page_title":null,"page_url":null,"entities":[],"literals":[],"content_hierarchy":[]},"links":[[[{"version":2,"start":0,"end":11,"url":null,"entities":[{"id":"Q12225218","type":"wikidata"}]}],[]],[[{"version":2,"start":0,"end":6,"url":null,"entities":[{"id":"Q12225409","type":"wikidata"}]}],[]],[[{"version":2,"start":0,"end":8,"url":null,"entities":[{"id":"Q12225670","type":"wikidata"}]}],[]],[[{"version":2,"start":0,"end":10,"url":null,"entities":[{"id":"Q12225264","type":"wikidata"}]}],[]]]}