{"version":2,"table":{"version":2,"table_id":"S37BB8LM","columns":[{"index":0,"name":"col0","values":["Falvarieberg.","Tombof Gewa"]},{"index":1,"name":"col1","values":["Netherlands","Italy"]}]},"context":{"version":3,"page_title":null,"page_url":null,"entities":[],"literals":[],"content_hierarchy":[]},"links":[[[{"version":2,"start":0,"end":13,"url":null,"entities":[{"id":"Q17596929","type":"wikidata"}]}],[{"version":2,"start":0,"end":11,"url":null,"entities":[{"id":"Q55","type":"wikidata"}]}]],[[{"version":2,"start":0,"end":11,"url":null,"entities":[{"id":"Q18746692","type":"wikidata"}]}],[{"version":2,"start":0,"end":5,"url":null,"entities":[{"id":"Q38","type":"wikidata"}]}]]]}