{"version":2,"table":{"version":2,"table_id":"S8VDCU5X","columns":[{"index":0,"name":"col0","values":["Stall","Stall","Stall","Stall"]},{"index":1,"name":"col1","values":["Hofheim","Hofheim","Hofheim","Abenberg"]},{"index":2,"name":"col2","values":["architectural heritage monument in Bavaria","architectural heritage monument in Bavaria","architectural heritage monument in Bavaria","architectural heritage monument in Bavaria"]}]},"context":{"version":3,"page_title":null,"page_url":null,"entities":[],"literals":[],"content_hierarchy":[]},"links":[[[{"version":2,"start":0,"end":5,"url":null,"entities":[{"id":"Q98496538","type":"wikidata"}]}],[{"version":2,"start":0,"end":7,"url":null,"entities":[{"id":"Q164009","type":"wikidata"}]}],[{"version":2,"start":0,"end":42,"url":null,"entities":[{"id":"Q17297633","type":"wikidata"}]}]],[[{"version":2,"start":0,"end":5,"url":null,"entities":[{"id":"Q98496539","type":"wikidata"}]}],[{"version":2,"start":0,"end":7,"url":null,"entities":[{"id":"Q164009","type":"wikidata"}]}],[{"version":2,"start":0,"end":42,"url":null,"entities":[{"id":"Q17297633","type":"wikidata"}]}]],[[{"version":2,"start":0,"end":5,"url":null,"entities":[{"id":"Q98496540","type":"wikidata"}]}],[{"version":2,"start":0,"end":7,"url":null,"entities":[{"id":"Q164009","type":"wikidata"}]}],[{"version":2,"start":0,"end":42,"url":null,"entities":[{"id":"Q17297633","type":"wikidata"}]}]],[[{"version":2,"start":0,"end":5,"url":null,"entities":[{"id":"Q98141678","type":"wikidata"}]}],[{"version":2,"start":0,"end":8,"url":null,"entities":[{"id":"Q261822","type":"wikidata"}]}],[{"version":2,"start":0,"end":42,"url":null,"entities":[{"id":"Q17297633","type":"wikidata"}]}]]]}