{"version":2,"table":{"version":2,"table_id":"S9YO966K","columns":[{"index":0,"name":"col0","values":["North-South power line","North-South power line"]},{"index":1,"name":"col1","values":["500000",""]},{"index":2,"name":"col2","values":["50","50"]}]},"context":{"version":3,"page_title":null,"page_url":null,"entities":[],"literals":[],"content_hierarchy":[]},"links":[[[{"version":2,"start":0,"end":22,"url":null,"entities":[{"id":"Q10841004","type":"wikidata"}]}],[],[]],[[{"version":2,"start":0,"end":22,"url":null,"entities":[{"id":"Q876731","type":"wikidata"}]}],[],[]]]}