{"version":2,"table":{"version":2,"table_id":"SCLJSKO9","columns":[{"index":0,"name":"col0","values":["ESO 230-4","ESO 230-3","ESO 73-1","VV 301"]},{"index":1,"name":"col1","values":["-51.46056","-51.085275","-70.43944","32.1025"]}]},"context":{"version":3,"page_title":null,"page_url":null,"entities":[],"literals":[],"content_hierarchy":[]},"links":[[[{"version":2,"start":0,"end":9,"url":null,"entities":[{"id":"Q85596023","type":"wikidata"}]}],[]],[[{"version":2,"start":0,"end":9,"url":null,"entities":[{"id":"Q85595899","type":"wikidata"}]}],[]],[[{"version":2,"start":0,"end":8,"url":null,"entities":[{"id":"Q85585274","type":"wikidata"}]}],[]],[[{"version":2,"start":0,"end":6,"url":null,"entities":[{"id":"Q85582799","type":"wikidata"}]}],[]]]}