{"version":2,"table":{"version":2,"table_id":"SFX7BM8Z","columns":[{"index":0,"name":"col0","values":["2MASS J17425720-3620520","OGLE LMC-RCB-17","2MASS J04584835-7237434"]},{"index":1,"name":"col1","values":["8.503","19.19","10.957"]},{"index":2,"name":"col2","values":["265.738337","83.0556282594056","74.7016820225201"]}]},"context":{"version":3,"page_title":null,"page_url":null,"entities":[],"literals":[],"content_hierarchy":[]},"links":[[[{"version":2,"start":0,"end":23,"url":null,"entities":[{"id":"Q93317080","type":"wikidata"}]}],[],[]],[[{"version":2,"start":0,"end":15,"url":null,"entities":[{"id":"Q92341612","type":"wikidata"}]}],[],[]],[[{"version":2,"start":0,"end":23,"url":null,"entities":[{"id":"Q90756298","type":"wikidata"}]}],[],[]]]}