{"version":2,"table":{"version":2,"table_id":"SHLB2HES","columns":[{"index":0,"name":"col0","values":["LakesideStadium","Robestson Oval","Hurstville\"Oval","Moun Plasant Airfigld Oval.","Zaar Ali Stadium","NCA Ground"]},{"index":1,"name":"col1","values":["14925.0","7944.0","1004.9999999999999","504.49999999999994","10069.999999999998","10020.0"]}]},"context":{"version":3,"page_title":null,"page_url":null,"entities":[],"literals":[],"content_hierarchy":[]},"links":[[[{"version":2,"start":0,"end":15,"url":null,"entities":[{"id":"Q14935190","type":"wikidata"}]}],[]],[[{"version":2,"start":0,"end":14,"url":null,"entities":[{"id":"Q14934987","type":"wikidata"}]}],[]],[[{"version":2,"start":0,"end":15,"url":null,"entities":[{"id":"Q14934839","type":"wikidata"}]}],[]],[[{"version":2,"start":0,"end":27,"url":null,"entities":[{"id":"Q11786220","type":"wikidata"}]}],[]],[[{"version":2,"start":0,"end":16,"url":null,"entities":[{"id":"Q8064219","type":"wikidata"}]}],[]],[[{"version":2,"start":0,"end":10,"url":null,"entities":[{"id":"Q6955446","type":"wikidata"}]}],[]]]}