{"version":2,"table":{"version":2,"table_id":"SKBXAZOD","columns":[{"index":0,"name":"col0","values":["MaK GDT","VAG Class DT1","VAG Class DT2","VR Class Dm12"]},{"index":1,"name":"col1","values":["13","64","12","16"]},{"index":2,"name":"col2","values":["2825","2900","2900","2850"]}]},"context":{"version":3,"page_title":null,"page_url":null,"entities":[],"literals":[],"content_hierarchy":[]},"links":[[[{"version":2,"start":0,"end":7,"url":null,"entities":[{"id":"Q1882190","type":"wikidata"}]}],[],[]],[[{"version":2,"start":0,"end":13,"url":null,"entities":[{"id":"Q1454245","type":"wikidata"}]}],[],[]],[[{"version":2,"start":0,"end":13,"url":null,"entities":[{"id":"Q1441986","type":"wikidata"}]}],[],[]],[[{"version":2,"start":0,"end":13,"url":null,"entities":[{"id":"Q1038358","type":"wikidata"}]}],[],[]]]}