{"version":2,"table":{"version":2,"table_id":"SSFUG0ZQ","columns":[{"index":0,"name":"col0","values":["Sega 3D Reprint Archives","5 Arcade Gems","Mega Man Zero Collection","Sudoku and 3 Puzzles","Bit.Trip Complete","Maximum Pleasure Pack"]},{"index":1,"name":"col1","values":["Nintendo eShop","Nintendo eShop","Nintendo eShop","Nintendo eShop","Nintendo eShop","PlayStation Store"]}]},"context":{"version":3,"page_title":null,"page_url":null,"entities":[],"literals":[],"content_hierarchy":[]},"links":[[[{"version":2,"start":0,"end":24,"url":null,"entities":[{"id":"Q18337133","type":"wikidata"}]}],[{"version":2,"start":0,"end":14,"url":null,"entities":[{"id":"Q3070866","type":"wikidata"}]}]],[[{"version":2,"start":0,"end":13,"url":null,"entities":[{"id":"Q18176225","type":"wikidata"}]}],[{"version":2,"start":0,"end":14,"url":null,"entities":[{"id":"Q3070866","type":"wikidata"}]}]],[[{"version":2,"start":0,"end":24,"url":null,"entities":[{"id":"Q17215546","type":"wikidata"}]}],[{"version":2,"start":0,"end":14,"url":null,"entities":[{"id":"Q3070866","type":"wikidata"}]}]],[[{"version":2,"start":0,"end":20,"url":null,"entities":[{"id":"Q17201971","type":"wikidata"}]}],[{"version":2,"start":0,"end":14,"url":null,"entities":[{"id":"Q3070866","type":"wikidata"}]}]],[[{"version":2,"start":0,"end":17,"url":null,"entities":[{"id":"Q16259262","type":"wikidata"}]}],[{"version":2,"start":0,"end":14,"url":null,"entities":[{"id":"Q3070866","type":"wikidata"}]}]],[[{"version":2,"start":0,"end":21,"url":null,"entities":[{"id":"Q60722673","type":"wikidata"}]}],[{"version":2,"start":0,"end":17,"url":null,"entities":[{"id":"Q1052025","type":"wikidata"}]}]]]}