{"version":2,"table":{"version":2,"table_id":"SSSJBZCQ","columns":[{"index":0,"name":"col0","values":["Portrait Diptych of Jean de Gros","Diptych of Joan of France","Diptych of Munich","Mary with Jesus by a fireplace (diptych)","Black and White","Man of Sorrows","Chicago diptych"]},{"index":1,"name":"col1","values":["portrait","religious art","religious art","religious art","","religious art","religious art"]},{"index":2,"name":"col2","values":["36","","43.4","34","16.9","37.9",""]},{"index":3,"name":"col3","values":["","Condé Museum","Alte Pinakothek","Hermitage Museum","Pori Art Museum","Fogg Museum","Art Institute of Chicago"]}]},"context":{"version":3,"page_title":null,"page_url":null,"entities":[],"literals":[],"content_hierarchy":[]},"links":[[[{"version":2,"start":0,"end":32,"url":null,"entities":[{"id":"Q18424337","type":"wikidata"}]}],[{"version":2,"start":0,"end":8,"url":null,"entities":[{"id":"Q134307","type":"wikidata"}]}],[],[]],[[{"version":2,"start":0,"end":25,"url":null,"entities":[{"id":"Q64667560","type":"wikidata"}]}],[{"version":2,"start":0,"end":13,"url":null,"entities":[{"id":"Q2864737","type":"wikidata"}]}],[],[{"version":2,"start":0,"end":12,"url":null,"entities":[{"id":"Q1236032","type":"wikidata"}]}]],[[{"version":2,"start":0,"end":17,"url":null,"entities":[{"id":"Q9213727","type":"wikidata"}]}],[{"version":2,"start":0,"end":13,"url":null,"entities":[{"id":"Q2864737","type":"wikidata"}]}],[],[{"version":2,"start":0,"end":15,"url":null,"entities":[{"id":"Q154568","type":"wikidata"}]}]],[[{"version":2,"start":0,"end":40,"url":null,"entities":[{"id":"Q17167087","type":"wikidata"}]}],[{"version":2,"start":0,"end":13,"url":null,"entities":[{"id":"Q2864737","type":"wikidata"}]}],[],[{"version":2,"start":0,"end":16,"url":null,"entities":[{"id":"Q132783","type":"wikidata"}]}]],[[{"version":2,"start":0,"end":15,"url":null,"entities":[{"id":"Q92402922","type":"wikidata"}]}],[],[],[{"version":2,"start":0,"end":15,"url":null,"entities":[{"id":"Q4412746","type":"wikidata"}]}]],[[{"version":2,"start":0,"end":14,"url":null,"entities":[{"id":"Q27565352","type":"wikidata"}]}],[{"version":2,"start":0,"end":13,"url":null,"entities":[{"id":"Q2864737","type":"wikidata"}]}],[],[{"version":2,"start":0,"end":11,"url":null,"entities":[{"id":"Q809600","type":"wikidata"}]}]],[[{"version":2,"start":0,"end":15,"url":null,"entities":[{"id":"Q43198257","type":"wikidata"}]}],[{"version":2,"start":0,"end":13,"url":null,"entities":[{"id":"Q2864737","type":"wikidata"}]}],[],[{"version":2,"start":0,"end":24,"url":null,"entities":[{"id":"Q239303","type":"wikidata"}]}]]]}