{"version":2,"table":{"version":2,"table_id":"I4TJN3SM","columns":[{"index":0,"name":"col0","values":["Cap","Textile","Elephants","Handkerchief"]},{"index":1,"name":"col1","values":["1400-01-01","1927-01-01","1924-01-01","1933-01-01"]}]},"context":{"version":3,"page_title":null,"page_url":null,"entities":[],"literals":[],"content_hierarchy":[]},"links":[[[{"version":2,"start":0,"end":3,"url":null,"entities":[{"id":"Q60763546","type":"wikidata"}]}],[]],[[{"version":2,"start":0,"end":7,"url":null,"entities":[{"id":"Q20197931","type":"wikidata"}]}],[]],[[{"version":2,"start":0,"end":9,"url":null,"entities":[{"id":"Q60781270","type":"wikidata"}]}],[]],[[{"version":2,"start":0,"end":12,"url":null,"entities":[{"id":"Q20197954","type":"wikidata"}]}],[]]]}