{"version":2,"table":{"version":2,"table_id":"I6076ICC","columns":[{"index":0,"name":"col0","values":["Dacil","Amaranth","MT Sanchi","British Explorer"]},{"index":1,"name":"col1","values":["7.2","6.25","17","10.85"]},{"index":2,"name":"col2","values":["112.7","118.36","274.18","182"]},{"index":3,"name":"col3","values":["17.6","15.52","50","27.4"]}]},"context":{"version":3,"page_title":null,"page_url":null,"entities":[],"literals":[],"content_hierarchy":[]},"links":[[[{"version":2,"start":0,"end":5,"url":null,"entities":[{"id":"Q57418415","type":"wikidata"}]}],[],[],[]],[[{"version":2,"start":0,"end":8,"url":null,"entities":[{"id":"Q52084281","type":"wikidata"}]}],[],[],[]],[[{"version":2,"start":0,"end":9,"url":null,"entities":[{"id":"Q47119690","type":"wikidata"}]}],[],[],[]],[[{"version":2,"start":0,"end":16,"url":null,"entities":[{"id":"Q26987769","type":"wikidata"}]}],[],[],[]]]}