{"version":2,"table":{"version":2,"table_id":"I7K08PEY","columns":[{"index":0,"name":"col0","values":["Sullivan County","Pike County"]},{"index":1,"name":"col1","values":["0.5","2.1"]},{"index":2,"name":"col2","values":["1687","1774"]},{"index":3,"name":"col3","values":["5999","17587"]}]},"context":{"version":3,"page_title":null,"page_url":null,"entities":[],"literals":[],"content_hierarchy":[]},"links":[[[{"version":2,"start":0,"end":15,"url":null,"entities":[{"id":"Q496475","type":"wikidata"}]}],[],[],[]],[[{"version":2,"start":0,"end":11,"url":null,"entities":[{"id":"Q489877","type":"wikidata"}]}],[],[],[]]]}