{"version":2,"table":{"version":2,"table_id":"IJTREJQ9","columns":[{"index":0,"name":"col0","values":["Hurricane Ioke","Hurricane Allen"]},{"index":1,"name":"col1","values":["900","899"]}]},"context":{"version":3,"page_title":null,"page_url":null,"entities":[],"literals":[],"content_hierarchy":[]},"links":[[[{"version":2,"start":0,"end":14,"url":null,"entities":[{"id":"Q1190829","type":"wikidata"}]}],[]],[[{"version":2,"start":0,"end":15,"url":null,"entities":[{"id":"Q1346161","type":"wikidata"}]}],[]]]}