{"version":2,"table":{"version":2,"table_id":"IL3M24ZV","columns":[{"index":0,"name":"col0","values":["Nooran Sisters","Gemeun","For King & Country","Legendury Beatz","Bröderna Hedlund"]},{"index":1,"name":"col1","values":["India","State of Mexico","Australia","Nigeria",""]},{"index":2,"name":"col2","values":["Jalandhar District","","Nashville","","Vasastaden"]},{"index":3,"name":"col3","values":["2010-01-01","1985-05-21","2007-01-01","2009-01-01","1911-01-01"]}]},"context":{"version":3,"page_title":null,"page_url":null,"entities":[],"literals":[],"content_hierarchy":[]},"links":[[[{"version":2,"start":0,"end":14,"url":null,"entities":[{"id":"Q27802201","type":"wikidata"}]}],[{"version":2,"start":0,"end":5,"url":null,"entities":[{"id":"Q668","type":"wikidata"}]}],[{"version":2,"start":0,"end":18,"url":null,"entities":[{"id":"Q1817425","type":"wikidata"}]}],[]],[[{"version":2,"start":0,"end":6,"url":null,"entities":[{"id":"Q65032637","type":"wikidata"}]}],[{"version":2,"start":0,"end":15,"url":null,"entities":[{"id":"Q82112","type":"wikidata"}]}],[],[]],[[{"version":2,"start":0,"end":18,"url":null,"entities":[{"id":"Q5466761","type":"wikidata"}]}],[{"version":2,"start":0,"end":9,"url":null,"entities":[{"id":"Q408","type":"wikidata"}]}],[{"version":2,"start":0,"end":9,"url":null,"entities":[{"id":"Q23197","type":"wikidata"}]}],[]],[[{"version":2,"start":0,"end":15,"url":null,"entities":[{"id":"Q18808523","type":"wikidata"}]}],[{"version":2,"start":0,"end":7,"url":null,"entities":[{"id":"Q1033","type":"wikidata"}]}],[],[]],[[{"version":2,"start":0,"end":16,"url":null,"entities":[{"id":"Q10437049","type":"wikidata"}]}],[],[{"version":2,"start":0,"end":10,"url":null,"entities":[{"id":"Q3646335","type":"wikidata"}]}],[]]]}