{"version":2,"table":{"version":2,"table_id":"IU0VH72E","columns":[{"index":0,"name":"col0","values":["Citgroup Center","Pacific Toxer","Landesversicherungsanstalt Brandenbxrg","Penpbscot Building","First Naional Bank","BahnToer","HSBC Bwilding"]},{"index":1,"name":"col1","values":["53rd Street","","","Griswold Street","","Potsdamer Platz",""]}]},"context":{"version":3,"page_title":null,"page_url":null,"entities":[],"literals":[],"content_hierarchy":[]},"links":[[[{"version":2,"start":0,"end":15,"url":null,"entities":[{"id":"Q391243","type":"wikidata"}]}],[{"version":2,"start":0,"end":11,"url":null,"entities":[{"id":"Q4640404","type":"wikidata"}]}]],[[{"version":2,"start":0,"end":13,"url":null,"entities":[{"id":"Q7122556","type":"wikidata"}]}],[]],[[{"version":2,"start":0,"end":38,"url":null,"entities":[{"id":"Q32654854","type":"wikidata"}]}],[]],[[{"version":2,"start":0,"end":18,"url":null,"entities":[{"id":"Q3355290","type":"wikidata"}]}],[{"version":2,"start":0,"end":15,"url":null,"entities":[{"id":"Q5609699","type":"wikidata"}]}]],[[{"version":2,"start":0,"end":18,"url":null,"entities":[{"id":"Q16836959","type":"wikidata"}]}],[]],[[{"version":2,"start":0,"end":8,"url":null,"entities":[{"id":"Q643536","type":"wikidata"}]}],[{"version":2,"start":0,"end":15,"url":null,"entities":[{"id":"Q152252","type":"wikidata"}]}]],[[{"version":2,"start":0,"end":13,"url":null,"entities":[{"id":"Q1372014","type":"wikidata"}]}],[]]]}