{"version":2,"table":{"version":2,"table_id":"IWPGF3CA","columns":[{"index":0,"name":"col0","values":["Equatorial Guinea","Italy","Ivory Coast","Cameroon","Algeria","Morocco","Myanmar"]},{"index":1,"name":"col1","values":["28051","301338","322463","475442","2381741","446550","676577.2"]},{"index":2,"name":"col2","values":["history of Equatorial Guinea","history of Italy","history of Ivory Coast","history of Cameroon","history of Algeria","history of Morocco","history of Myanmar"]}]},"context":{"version":3,"page_title":null,"page_url":null,"entities":[],"literals":[],"content_hierarchy":[]},"links":[[[{"version":2,"start":0,"end":17,"url":null,"entities":[{"id":"Q983","type":"wikidata"}]}],[],[{"version":2,"start":0,"end":28,"url":null,"entities":[{"id":"Q750817","type":"wikidata"}]}]],[[{"version":2,"start":0,"end":5,"url":null,"entities":[{"id":"Q38","type":"wikidata"}]}],[],[{"version":2,"start":0,"end":16,"url":null,"entities":[{"id":"Q7791","type":"wikidata"}]}]],[[{"version":2,"start":0,"end":11,"url":null,"entities":[{"id":"Q1008","type":"wikidata"}]}],[],[{"version":2,"start":0,"end":22,"url":null,"entities":[{"id":"Q5865014","type":"wikidata"}]}]],[[{"version":2,"start":0,"end":8,"url":null,"entities":[{"id":"Q1009","type":"wikidata"}]}],[],[{"version":2,"start":0,"end":19,"url":null,"entities":[{"id":"Q1143972","type":"wikidata"}]}]],[[{"version":2,"start":0,"end":7,"url":null,"entities":[{"id":"Q262","type":"wikidata"}]}],[],[{"version":2,"start":0,"end":18,"url":null,"entities":[{"id":"Q473761","type":"wikidata"}]}]],[[{"version":2,"start":0,"end":7,"url":null,"entities":[{"id":"Q1028","type":"wikidata"}]}],[],[{"version":2,"start":0,"end":18,"url":null,"entities":[{"id":"Q472658","type":"wikidata"}]}]],[[{"version":2,"start":0,"end":7,"url":null,"entities":[{"id":"Q836","type":"wikidata"}]}],[],[{"version":2,"start":0,"end":18,"url":null,"entities":[{"id":"Q216841","type":"wikidata"}]}]]]}