{"version":2,"table":{"version":2,"table_id":"IY5PX3YY","columns":[{"index":0,"name":"col0","values":["Cherokee County","Florence County","Dorchester County","Jasper County","Fairfield County","Sumter County","Lancaster County"]},{"index":1,"name":"col1","values":["Cleveland County","Sumter County","Orangeburg County","Hampton County","Newberry County","Kershaw County","Union County"]},{"index":2,"name":"col2","values":["South Carolina","South Carolina","South Carolina","South Carolina","South Carolina","South Carolina","South Carolina"]},{"index":3,"name":"col3","values":["1029","2082","1494","1512","1839","1766","1438"]}]},"context":{"version":3,"page_title":null,"page_url":null,"entities":[],"literals":[],"content_hierarchy":[]},"links":[[[{"version":2,"start":0,"end":15,"url":null,"entities":[{"id":"Q619609","type":"wikidata"}]}],[{"version":2,"start":0,"end":16,"url":null,"entities":[{"id":"Q511691","type":"wikidata"}]}],[{"version":2,"start":0,"end":14,"url":null,"entities":[{"id":"Q1456","type":"wikidata"}]}],[]],[[{"version":2,"start":0,"end":15,"url":null,"entities":[{"id":"Q505987","type":"wikidata"}]}],[{"version":2,"start":0,"end":13,"url":null,"entities":[{"id":"Q513933","type":"wikidata"}]}],[{"version":2,"start":0,"end":14,"url":null,"entities":[{"id":"Q1456","type":"wikidata"}]}],[]],[[{"version":2,"start":0,"end":17,"url":null,"entities":[{"id":"Q502431","type":"wikidata"}]}],[{"version":2,"start":0,"end":17,"url":null,"entities":[{"id":"Q506068","type":"wikidata"}]}],[{"version":2,"start":0,"end":14,"url":null,"entities":[{"id":"Q1456","type":"wikidata"}]}],[]],[[{"version":2,"start":0,"end":13,"url":null,"entities":[{"id":"Q112957","type":"wikidata"}]}],[{"version":2,"start":0,"end":14,"url":null,"entities":[{"id":"Q497880","type":"wikidata"}]}],[{"version":2,"start":0,"end":14,"url":null,"entities":[{"id":"Q1456","type":"wikidata"}]}],[]],[[{"version":2,"start":0,"end":16,"url":null,"entities":[{"id":"Q505975","type":"wikidata"}]}],[{"version":2,"start":0,"end":15,"url":null,"entities":[{"id":"Q515177","type":"wikidata"}]}],[{"version":2,"start":0,"end":14,"url":null,"entities":[{"id":"Q1456","type":"wikidata"}]}],[]],[[{"version":2,"start":0,"end":13,"url":null,"entities":[{"id":"Q513933","type":"wikidata"}]}],[{"version":2,"start":0,"end":14,"url":null,"entities":[{"id":"Q506162","type":"wikidata"}]}],[{"version":2,"start":0,"end":14,"url":null,"entities":[{"id":"Q1456","type":"wikidata"}]}],[]],[[{"version":2,"start":0,"end":16,"url":null,"entities":[{"id":"Q495090","type":"wikidata"}]}],[{"version":2,"start":0,"end":12,"url":null,"entities":[{"id":"Q508247","type":"wikidata"}]}],[{"version":2,"start":0,"end":14,"url":null,"entities":[{"id":"Q1456","type":"wikidata"}]}],[]]]}