{"version":2,"table":{"version":2,"table_id":"J25N034B","columns":[{"index":0,"name":"col0","values":["Hradec Králové District","Tábor District"]},{"index":1,"name":"col1","values":["Písek","Dírná"]},{"index":2,"name":"col2","values":["43.4","43"]},{"index":3,"name":"col3","values":["891.62","1326"]}]},"context":{"version":3,"page_title":null,"page_url":null,"entities":[],"literals":[],"content_hierarchy":[]},"links":[[[{"version":2,"start":0,"end":23,"url":null,"entities":[{"id":"Q176082","type":"wikidata"}]}],[{"version":2,"start":0,"end":5,"url":null,"entities":[{"id":"Q174622","type":"wikidata"}]}],[],[]],[[{"version":2,"start":0,"end":14,"url":null,"entities":[{"id":"Q117503","type":"wikidata"}]}],[{"version":2,"start":0,"end":5,"url":null,"entities":[{"id":"Q1270825","type":"wikidata"}]}],[],[]]]}