{"version":2,"table":{"version":2,"table_id":"J8OTXKRO","columns":[{"index":0,"name":"col0","values":["Reitereck","Kamchik Pass","Wegscheide","Eikenberg","Col de San Quilico","El Collell","Bain's Kloof Pass","Misty Pass","Abbot Pass","Kaiserjoch"]},{"index":1,"name":"col1","values":["","2268","","82","559","","","700","2925","2310"]}]},"context":{"version":3,"page_title":null,"page_url":null,"entities":[],"literals":[],"content_hierarchy":[]},"links":[[[{"version":2,"start":0,"end":9,"url":null,"entities":[{"id":"Q21865097","type":"wikidata"}]}],[]],[[{"version":2,"start":0,"end":12,"url":null,"entities":[{"id":"Q4211804","type":"wikidata"}]}],[]],[[{"version":2,"start":0,"end":10,"url":null,"entities":[{"id":"Q13882333","type":"wikidata"}]}],[]],[[{"version":2,"start":0,"end":9,"url":null,"entities":[{"id":"Q2392674","type":"wikidata"}]}],[]],[[{"version":2,"start":0,"end":18,"url":null,"entities":[{"id":"Q3683295","type":"wikidata"}]}],[]],[[{"version":2,"start":0,"end":10,"url":null,"entities":[{"id":"Q21329497","type":"wikidata"}]}],[]],[[{"version":2,"start":0,"end":17,"url":null,"entities":[{"id":"Q2422542","type":"wikidata"}]}],[]],[[{"version":2,"start":0,"end":10,"url":null,"entities":[{"id":"Q6880559","type":"wikidata"}]}],[]],[[{"version":2,"start":0,"end":10,"url":null,"entities":[{"id":"Q4664204","type":"wikidata"}]}],[]],[[{"version":2,"start":0,"end":10,"url":null,"entities":[{"id":"Q1648629","type":"wikidata"}]}],[]]]}