{"version":2,"table":{"version":2,"table_id":"JQ6TUWL5","columns":[{"index":0,"name":"col0","values":["Institute of Geophysics","Dutch Techcentre for Life Sciences","Institute of Psychology","Harrison House","Sternberg Astronomical Institute","Educational Research Institute","Center for Information Technology","Institute of Agricultural and Environmental Sciences"]},{"index":1,"name":"col1","values":["","","1967-01-01","1834-05-16","1931-01-01","","","2005-01-01"]}]},"context":{"version":3,"page_title":null,"page_url":null,"entities":[],"literals":[],"content_hierarchy":[]},"links":[[[{"version":2,"start":0,"end":23,"url":null,"entities":[{"id":"Q12018164","type":"wikidata"}]}],[]],[[{"version":2,"start":0,"end":34,"url":null,"entities":[{"id":"Q109513811","type":"wikidata"}]}],[]],[[{"version":2,"start":0,"end":23,"url":null,"entities":[{"id":"Q30258728","type":"wikidata"}]}],[]],[[{"version":2,"start":0,"end":14,"url":null,"entities":[{"id":"Q26426950","type":"wikidata"}]}],[]],[[{"version":2,"start":0,"end":32,"url":null,"entities":[{"id":"Q1853182","type":"wikidata"}]}],[]],[[{"version":2,"start":0,"end":30,"url":null,"entities":[{"id":"Q30299397","type":"wikidata"}]}],[]],[[{"version":2,"start":0,"end":33,"url":null,"entities":[{"id":"Q109513957","type":"wikidata"}]}],[]],[[{"version":2,"start":0,"end":52,"url":null,"entities":[{"id":"Q42888263","type":"wikidata"}]}],[]]]}