{"version":2,"table":{"version":2,"table_id":"JZVIP1ZP","columns":[{"index":0,"name":"col0","values":["ESO 328-13","ESO 203-1","ESO 203-8","ESO 296-17","ESO 235-48","ESO 286-73","ESO 235-34"]},{"index":1,"name":"col1","values":["-41.92806","-48.5584333","-48.32139","-38.0121111","-47.83222","-45.2522083","-48.2396387168616"]}]},"context":{"version":3,"page_title":null,"page_url":null,"entities":[],"literals":[],"content_hierarchy":[]},"links":[[[{"version":2,"start":0,"end":10,"url":null,"entities":[{"id":"Q85136573","type":"wikidata"}]}],[]],[[{"version":2,"start":0,"end":9,"url":null,"entities":[{"id":"Q85126233","type":"wikidata"}]}],[]],[[{"version":2,"start":0,"end":9,"url":null,"entities":[{"id":"Q85126225","type":"wikidata"}]}],[]],[[{"version":2,"start":0,"end":10,"url":null,"entities":[{"id":"Q85122545","type":"wikidata"}]}],[]],[[{"version":2,"start":0,"end":10,"url":null,"entities":[{"id":"Q85105112","type":"wikidata"}]}],[]],[[{"version":2,"start":0,"end":10,"url":null,"entities":[{"id":"Q85105085","type":"wikidata"}]}],[]],[[{"version":2,"start":0,"end":10,"url":null,"entities":[{"id":"Q85105084","type":"wikidata"}]}],[]]]}