{"version":2,"table":{"version":2,"table_id":"K08Y2ZO6","columns":[{"index":0,"name":"col0","values":["(urnera)","Theobrom)","(Thgobroma).","(Theobroma,"]},{"index":1,"name":"col1","values":["26.632499999999997","31.904","31.84","31.720499999999998"]}]},"context":{"version":3,"page_title":null,"page_url":null,"entities":[],"literals":[],"content_hierarchy":[]},"links":[[[{"version":2,"start":0,"end":8,"url":null,"entities":[{"id":"Q59824471","type":"wikidata"}]}],[]],[[{"version":2,"start":0,"end":9,"url":null,"entities":[{"id":"Q59824467","type":"wikidata"}]}],[]],[[{"version":2,"start":0,"end":12,"url":null,"entities":[{"id":"Q59824466","type":"wikidata"}]}],[]],[[{"version":2,"start":0,"end":11,"url":null,"entities":[{"id":"Q59824465","type":"wikidata"}]}],[]]]}