{"version":"1.2","table":{"version":"2","table_id":"SZXAACIX","columns":[{"index":0,"name":"col0","values":["Miechów","Świecie","Galle","Międzychód","Zbąszyń","Zlataritsa","Tutrakan","Łask","Wolbórz","Zlatitsa","Ścinawa","Wieruszów","Żmigród","Botevgrad","Brzesko","Staszów","Valencia","Cerro de Pasco","Oulu","Vaasa"]},{"index":1,"name":"col1","values":["Miechów-Kolonia","Gmina Świecie","Gali","Gmina Międzychód","Gmina Zbąszyń","Zlataritsa Municipality","Tutrakan Municipality","Gmina Łask","Gmina Wolbórz","Zlatitsa Municipality","Gmina Ścinawa","Gmina Wieruszów","Gmina Żmigród","Botevgrad Municipality","Gmina Brzesko","Gmina Staszów","Valencia","Cerro de Pasco deposit","Oulu","Korsholm"]},{"index":2,"name":"col2","values":["Brockhaus and Efron Encyclopedic Dictionary","Jewish Encyclopedia of Brockhaus and Efron","Ottův slovník naučný","Brockhaus and Efron Encyclopedic Dictionary","Brockhaus and Efron Encyclopedic Dictionary","Brockhaus and Efron Encyclopedic Dictionary","Brockhaus and Efron Encyclopedic Dictionary","Brockhaus and Efron Encyclopedic Dictionary","Brockhaus and Efron Encyclopedic Dictionary","Brockhaus and Efron Encyclopedic Dictionary","Brockhaus and Efron Encyclopedic Dictionary","Brockhaus and Efron Encyclopedic Dictionary","Brockhaus and Efron Encyclopedic Dictionary","Brockhaus and Efron Encyclopedic Dictionary","Brockhaus and Efron Encyclopedic Dictionary","Brockhaus and Efron Encyclopedic Dictionary","Brockhaus and Efron Encyclopedic Dictionary","The Nuttall Encyclopædia","Brockhaus and Efron Encyclopedic Dictionary","Brockhaus and Efron Encyclopedic Dictionary"]},{"index":3,"name":"col3","values":["Miechów County","Świecie County","Galle District","Gmina Międzychód","Gmina Zbąszyń","Zlataritsa Municipality","Tutrakan Municipality","Gmina Łask","Gmina Wolbórz","Zlatitsa Municipality","Gmina Ścinawa","Gmina Wieruszów","Gmina Żmigród","Botevgrad Municipality","Gmina Brzesko","Gmina Staszów","Carabobo","Pasco","Northern Ostrobothnia","Ostrobothnia"]}]},"context":{"page_title":null,"page_url":null,"page_entity_id":null,"content_hierarchy":[]},"links":[[[{"start":0,"end":7,"url":null,"entity_id":"Q387502","candidates":[]}],[{"start":0,"end":13,"url":null,"entity_id":"Q1817381","candidates":[]}],[{"start":0,"end":42,"url":null,"entity_id":"Q4173137","candidates":[]}],[{"start":0,"end":14,"url":null,"entity_id":"Q774944","candidates":[]}]],[[{"start":0,"end":5,"url":null,"entity_id":"Q319366","candidates":[]}],[{"start":0,"end":4,"url":null,"entity_id":"Q236673","candidates":[]}],[{"start":0,"end":20,"url":null,"entity_id":"Q2041543","candidates":[]}],[{"start":0,"end":14,"url":null,"entity_id":"Q647649","candidates":[]}]],[[{"start":0,"end":10,"url":null,"entity_id":"Q556484","candidates":[]}],[{"start":0,"end":16,"url":null,"entity_id":"Q539469","candidates":[]}],[{"start":0,"end":43,"url":null,"entity_id":"Q602358","candidates":[]}],[{"start":0,"end":16,"url":null,"entity_id":"Q539469","candidates":[]}]],[[{"start":0,"end":7,"url":null,"entity_id":"Q168905","candidates":[]}],[{"start":0,"end":13,"url":null,"entity_id":"Q554038","candidates":[]}],[{"start":0,"end":43,"url":null,"entity_id":"Q602358","candidates":[]}],[{"start":0,"end":13,"url":null,"entity_id":"Q554038","candidates":[]}]],[[{"start":0,"end":10,"url":null,"entity_id":"Q405323","candidates":[]}],[{"start":0,"end":23,"url":null,"entity_id":"Q2609640","candidates":[]}],[{"start":0,"end":43,"url":null,"entity_id":"Q602358","candidates":[]}],[{"start":0,"end":23,"url":null,"entity_id":"Q2609640","candidates":[]}]],[[{"start":0,"end":8,"url":null,"entity_id":"Q404939","candidates":[]}],[{"start":0,"end":21,"url":null,"entity_id":"Q2609628","candidates":[]}],[{"start":0,"end":43,"url":null,"entity_id":"Q602358","candidates":[]}],[{"start":0,"end":21,"url":null,"entity_id":"Q2609628","candidates":[]}]],[[{"start":0,"end":4,"url":null,"entity_id":"Q324897","candidates":[]}],[{"start":0,"end":10,"url":null,"entity_id":"Q2460673","candidates":[]}],[{"start":0,"end":43,"url":null,"entity_id":"Q602358","candidates":[]}],[{"start":0,"end":10,"url":null,"entity_id":"Q2460673","candidates":[]}]],[[{"start":0,"end":7,"url":null,"entity_id":"Q386659","candidates":[]}],[{"start":0,"end":13,"url":null,"entity_id":"Q2458246","candidates":[]}],[{"start":0,"end":43,"url":null,"entity_id":"Q602358","candidates":[]}],[{"start":0,"end":13,"url":null,"entity_id":"Q2458246","candidates":[]}]],[[{"start":0,"end":8,"url":null,"entity_id":"Q405262","candidates":[]}],[{"start":0,"end":21,"url":null,"entity_id":"Q2407916","candidates":[]}],[{"start":0,"end":43,"url":null,"entity_id":"Q602358","candidates":[]}],[{"start":0,"end":21,"url":null,"entity_id":"Q2407916","candidates":[]}]],[[{"start":0,"end":7,"url":null,"entity_id":"Q387095","candidates":[]}],[{"start":0,"end":13,"url":null,"entity_id":"Q2376267","candidates":[]}],[{"start":0,"end":43,"url":null,"entity_id":"Q602358","candidates":[]}],[{"start":0,"end":13,"url":null,"entity_id":"Q2376267","candidates":[]}]],[[{"start":0,"end":9,"url":null,"entity_id":"Q324907","candidates":[]}],[{"start":0,"end":15,"url":null,"entity_id":"Q2316215","candidates":[]}],[{"start":0,"end":43,"url":null,"entity_id":"Q602358","candidates":[]}],[{"start":0,"end":15,"url":null,"entity_id":"Q2316215","candidates":[]}]],[[{"start":0,"end":7,"url":null,"entity_id":"Q393138","candidates":[]}],[{"start":0,"end":13,"url":null,"entity_id":"Q2134655","candidates":[]}],[{"start":0,"end":43,"url":null,"entity_id":"Q602358","candidates":[]}],[{"start":0,"end":13,"url":null,"entity_id":"Q2134655","candidates":[]}]],[[{"start":0,"end":9,"url":null,"entity_id":"Q405426","candidates":[]}],[{"start":0,"end":22,"url":null,"entity_id":"Q1750337","candidates":[]}],[{"start":0,"end":43,"url":null,"entity_id":"Q602358","candidates":[]}],[{"start":0,"end":22,"url":null,"entity_id":"Q1750337","candidates":[]}]],[[{"start":0,"end":7,"url":null,"entity_id":"Q324884","candidates":[]}],[{"start":0,"end":13,"url":null,"entity_id":"Q667954","candidates":[]}],[{"start":0,"end":43,"url":null,"entity_id":"Q602358","candidates":[]}],[{"start":0,"end":13,"url":null,"entity_id":"Q667954","candidates":[]}]],[[{"start":0,"end":7,"url":null,"entity_id":"Q324892","candidates":[]}],[{"start":0,"end":13,"url":null,"entity_id":"Q553766","candidates":[]}],[{"start":0,"end":43,"url":null,"entity_id":"Q602358","candidates":[]}],[{"start":0,"end":13,"url":null,"entity_id":"Q553766","candidates":[]}]],[[{"start":0,"end":8,"url":null,"entity_id":"Q54880","candidates":[]}],[{"start":0,"end":8,"url":null,"entity_id":"Q8818","candidates":[]}],[{"start":0,"end":43,"url":null,"entity_id":"Q602358","candidates":[]}],[{"start":0,"end":8,"url":null,"entity_id":"Q191186","candidates":[]}]],[[{"start":0,"end":14,"url":null,"entity_id":"Q674320","candidates":[]}],[{"start":0,"end":22,"url":null,"entity_id":"Q12152421","candidates":[]}],[{"start":0,"end":24,"url":null,"entity_id":"Q3181656","candidates":[]}],[{"start":0,"end":5,"url":null,"entity_id":"Q211208","candidates":[]}]],[[{"start":0,"end":4,"url":null,"entity_id":"Q47048","candidates":[]}],[{"start":0,"end":4,"url":null,"entity_id":"Q2224475","candidates":[]}],[{"start":0,"end":43,"url":null,"entity_id":"Q602358","candidates":[]}],[{"start":0,"end":21,"url":null,"entity_id":"Q5704","candidates":[]}]],[[{"start":0,"end":5,"url":null,"entity_id":"Q125080","candidates":[]}],[{"start":0,"end":8,"url":null,"entity_id":"Q1784789","candidates":[]}],[{"start":0,"end":43,"url":null,"entity_id":"Q602358","candidates":[]}],[{"start":0,"end":12,"url":null,"entity_id":"Q5702","candidates":[]}]],[[{"start":0,"end":7,"url":null,"entity_id":"Q324927","candidates":[]}],[{"start":0,"end":15,"url":null,"entity_id":"Q797980","candidates":[]}],[{"start":0,"end":43,"url":null,"entity_id":"Q602358","candidates":[]}],[{"start":0,"end":14,"url":null,"entity_id":"Q1147610","candidates":[]}]]]}