{"version":"1.2","table":{"version":"2","table_id":"T0DIMIVJ","columns":[{"index":0,"name":"col0","values":["Roman Catholic Archdiocese of Grouard–McLennan","Roman Catholic Archdiocese of Goiânia","archdiocese of Gatineau","Roman Catholic Archdiocese of Garoua","Roman Catholic Archdiocese of Gaeta","Roman Catholic Archdiocese of Fortaleza","Roman Catholic Archdiocese of Florianópolis","Roman Catholic Archdiocese of Freetown","Roman Catholic Archdiocese of Ferrara-Comacchio","Roman Catholic Archdiocese of Warmia","Roman Catholic Archdiocese of Edmonton","Archdiocese of Dubuque","Roman Catholic Archdiocese of Dublin","Roman Catholic Archdiocese of Dhaka","Roman Catholic Archdiocese of Detroit","Roman Catholic Archdiocese of Denver","Roman Catholic Archdiocese of Delhi","Archdiocese of Davao","Roman Catholic Archdiocese of Dar-es-Salaam","Roman Catholic Archdiocese of Dakar"]},{"index":1,"name":"col1","values":["224596","13320","151375","65234","603","15571","8887","4677","3138","12000","81151","45056","3184","12000","10106","101279","15420","2443","40000","5395"]},{"index":2,"name":"col2","values":["165330","2445902","353573","1135072","162457","3812000","1587000","1657000","277211","706000","1653279","998638","1440000","23339945","4626000","3352228","19016000","1747000","5782472","3179000"]}]},"context":{"page_title":null,"page_url":null,"page_entity_id":null,"content_hierarchy":[]},"links":[[[{"start":0,"end":37,"url":null,"entity_id":"Q1364537","candidates":[]}],[],[]],[[{"start":0,"end":23,"url":null,"entity_id":"Q1364522","candidates":[]}],[],[]],[[{"start":0,"end":36,"url":null,"entity_id":"Q1364512","candidates":[]}],[],[]],[[{"start":0,"end":35,"url":null,"entity_id":"Q1364506","candidates":[]}],[],[]],[[{"start":0,"end":39,"url":null,"entity_id":"Q1364502","candidates":[]}],[],[]],[[{"start":0,"end":43,"url":null,"entity_id":"Q1364493","candidates":[]}],[],[]],[[{"start":0,"end":38,"url":null,"entity_id":"Q1364487","candidates":[]}],[],[]],[[{"start":0,"end":47,"url":null,"entity_id":"Q1364481","candidates":[]}],[],[]],[[{"start":0,"end":36,"url":null,"entity_id":"Q1364478","candidates":[]}],[],[]],[[{"start":0,"end":38,"url":null,"entity_id":"Q1364472","candidates":[]}],[],[]],[[{"start":0,"end":22,"url":null,"entity_id":"Q1364466","candidates":[]}],[],[]],[[{"start":0,"end":36,"url":null,"entity_id":"Q1364451","candidates":[]}],[],[]],[[{"start":0,"end":35,"url":null,"entity_id":"Q1364448","candidates":[]}],[],[]],[[{"start":0,"end":37,"url":null,"entity_id":"Q1364441","candidates":[]}],[],[]],[[{"start":0,"end":36,"url":null,"entity_id":"Q1364433","candidates":[]}],[],[]],[[{"start":0,"end":35,"url":null,"entity_id":"Q1364423","candidates":[]}],[],[]],[[{"start":0,"end":20,"url":null,"entity_id":"Q1364414","candidates":[]}],[],[]],[[{"start":0,"end":43,"url":null,"entity_id":"Q1364405","candidates":[]}],[],[]],[[{"start":0,"end":35,"url":null,"entity_id":"Q1364403","candidates":[]}],[],[]],[[{"start":0,"end":46,"url":null,"entity_id":"Q1364546","candidates":[]}],[],[]]]}