{"version":"1.2","table":{"version":"2","table_id":"T0M4QMJW","columns":[{"index":0,"name":"col0","values":["Te Ridge","Chin Village","Wertsille","Sand Brpok, New Jersey","Pleasant Valle","Munt Pleasant","Mouqtainville","Redingsbrgh","Reavile","Mount Blry","Pralluville","errace, Minnesota","Amterdam","Clovfrhill, New Jersey","Vilage Number 1","Cesuncook","Harboutton","Gverittstown","Haterwown","Arlington VillageHistoric District (Arlington, Virginia)","Hkstoric Third Ward","Asjton Heights Hisoric District","Columbia Forest Hiutoric District","Coloniam Village (Arlington, Virginia)","Claremont Historic#District","Aurora Highlands Historic Disrict","Arlington Keights Historic District","Motos, Iowa","ittle#York","Rosemnt","Lineoln Park","Round Hil","Slaersvklle","Ohkay!Owingeh","Newry","Indian Vilnage","Lime Rok","Xest Hartford","Wes Canfield Historic Distict","West Granby Historid District","Woodbidge Historic District","Wilis-Selden Historic District","West Village HistoricDistrict","West Vernor-Springwells!Historic District","West ernor-Junction Historic District","West Vernor-Lawndame Historic District","Virginville Historic Disvuict","Wavhington Boulevard ivtoric District","Windso"]},{"index":1,"name":"col1","values":["place listed on the National Register of Historic Places","place listed on the National Register of Historic Places","place listed on the National Register of Historic Places","place listed on the National Register of Historic Places","place listed on the National Register of Historic Places","place listed on the National Register of Historic Places","place listed on the National Register of Historic Places","place listed on the National Register of Historic Places","place listed on the National Register of Historic Places","place listed on the National Register of Historic Places","place listed on the National Register of Historic Places","place listed on the National Register of Historic Places","place listed on the National Register of Historic Places","place listed on the National Register of Historic Places","place listed on the National Register of Historic Places","place listed on the National Register of Historic Places","place listed on the National Register of Historic Places","place listed on the National Register of Historic Places","place listed on the National Register of Historic Places","place listed on the National Register of Historic Places","place listed on the National Register of Historic Places","Virginia Historic Landmark","place listed on the National Register of Historic Places","place listed on the National Register of Historic Places","place listed on the National Register of Historic Places","place listed on the National Register of Historic Places","place listed on the National Register of Historic Places","place listed on the National Register of Historic Places","place listed on the National Register of Historic Places","place listed on the National Register of Historic Places","place listed on the National Register of Historic Places","place listed on the National Register of Historic Places","place listed on the National Register of Historic Places","place listed on the National Register of Historic Places","place listed on the National Register of Historic Places","place listed on the National Register of Historic Places","place listed on the National Register of Historic Places","place listed on the National Register of Historic Places","place listed on the National Register of Historic Places","place listed on the National Register of Historic Places","place listed on the National Register of Historic Places","place listed on the National Register of Historic Places","place listed on the National Register of Historic Places","place listed on the National Register of Historic Places","place listed on the National Register of Historic Places","place listed on the National Register of Historic Places","place listed on the National Register of Historic Places","place listed on the National Register of Historic Places","place listed on the National Register of Historic Places"]},{"index":2,"name":"col2","values":["McIntosh County","China","East Amwell Township","Delaware Township","Hopewell Township","Alexandria Township","Tewksbury Township","Clinton Township","East Amwell Township","West Amwell Township","Stockton","Minnesota","Holland Township","East Amwell Township","Colbert County","Northwest Piscataquis","Hopewell Township","Alexandria Township","Newtown","Virginia","Milwaukee","Arlington County","Virginia","Virginia","Virginia","Virginia","Virginia","Clayton County","Holland Township","Delaware Township","Newark","Madison County","North Smithfield","Rio Arriba County","Oconee County","Detroit","Connecticut","Hartford","Detroit","Connecticut","Detroit","Detroit","Detroit","Detroit","Detroit","Detroit","Richmond Township","Detroit","Robbinsville Township"]}]},"context":{"page_title":null,"page_url":null,"page_entity_id":null,"content_hierarchy":[]},"links":[[[{"start":0,"end":12,"url":null,"entity_id":"Q22059329","candidates":[]}],[{"start":0,"end":56,"url":null,"entity_id":"Q19558910","candidates":[]}],[{"start":0,"end":5,"url":null,"entity_id":"Q3447500","candidates":[]}]],[[{"start":0,"end":9,"url":null,"entity_id":"Q22083230","candidates":[]}],[{"start":0,"end":56,"url":null,"entity_id":"Q19558910","candidates":[]}],[{"start":0,"end":20,"url":null,"entity_id":"Q3016094","candidates":[]}]],[[{"start":0,"end":22,"url":null,"entity_id":"Q22083116","candidates":[]}],[{"start":0,"end":56,"url":null,"entity_id":"Q19558910","candidates":[]}],[{"start":0,"end":17,"url":null,"entity_id":"Q614185","candidates":[]}]],[[{"start":0,"end":14,"url":null,"entity_id":"Q20657577","candidates":[]}],[{"start":0,"end":56,"url":null,"entity_id":"Q19558910","candidates":[]}],[{"start":0,"end":17,"url":null,"entity_id":"Q5900433","candidates":[]}]],[[{"start":0,"end":13,"url":null,"entity_id":"Q20657383","candidates":[]}],[{"start":0,"end":56,"url":null,"entity_id":"Q19558910","candidates":[]}],[{"start":0,"end":19,"url":null,"entity_id":"Q3017769","candidates":[]}]],[[{"start":0,"end":13,"url":null,"entity_id":"Q20657388","candidates":[]}],[{"start":0,"end":56,"url":null,"entity_id":"Q19558910","candidates":[]}],[{"start":0,"end":18,"url":null,"entity_id":"Q3016994","candidates":[]}]],[[{"start":0,"end":11,"url":null,"entity_id":"Q20657665","candidates":[]}],[{"start":0,"end":56,"url":null,"entity_id":"Q19558910","candidates":[]}],[{"start":0,"end":16,"url":null,"entity_id":"Q3016644","candidates":[]}]],[[{"start":0,"end":7,"url":null,"entity_id":"Q20657666","candidates":[]}],[{"start":0,"end":56,"url":null,"entity_id":"Q19558910","candidates":[]}],[{"start":0,"end":20,"url":null,"entity_id":"Q3016094","candidates":[]}]],[[{"start":0,"end":10,"url":null,"entity_id":"Q20657379","candidates":[]}],[{"start":0,"end":56,"url":null,"entity_id":"Q19558910","candidates":[]}],[{"start":0,"end":20,"url":null,"entity_id":"Q3016070","candidates":[]}]],[[{"start":0,"end":11,"url":null,"entity_id":"Q20657606","candidates":[]}],[{"start":0,"end":56,"url":null,"entity_id":"Q19558910","candidates":[]}],[{"start":0,"end":8,"url":null,"entity_id":"Q46216","candidates":[]}]],[[{"start":0,"end":17,"url":null,"entity_id":"Q20709748","candidates":[]}],[{"start":0,"end":56,"url":null,"entity_id":"Q19558910","candidates":[]}],[{"start":0,"end":9,"url":null,"entity_id":"Q1527","candidates":[]}]],[[{"start":0,"end":8,"url":null,"entity_id":"Q19059403","candidates":[]}],[{"start":0,"end":56,"url":null,"entity_id":"Q19558910","candidates":[]}],[{"start":0,"end":16,"url":null,"entity_id":"Q3017015","candidates":[]}]],[[{"start":0,"end":22,"url":null,"entity_id":"Q19059288","candidates":[]}],[{"start":0,"end":56,"url":null,"entity_id":"Q19558910","candidates":[]}],[{"start":0,"end":20,"url":null,"entity_id":"Q3016094","candidates":[]}]],[[{"start":0,"end":15,"url":null,"entity_id":"Q18359248","candidates":[]}],[{"start":0,"end":56,"url":null,"entity_id":"Q19558910","candidates":[]}],[{"start":0,"end":14,"url":null,"entity_id":"Q487731","candidates":[]}]],[[{"start":0,"end":9,"url":null,"entity_id":"Q19864387","candidates":[]}],[{"start":0,"end":56,"url":null,"entity_id":"Q19558910","candidates":[]}],[{"start":0,"end":21,"url":null,"entity_id":"Q7060166","candidates":[]}]],[[{"start":0,"end":10,"url":null,"entity_id":"Q19462173","candidates":[]}],[{"start":0,"end":56,"url":null,"entity_id":"Q19558910","candidates":[]}],[{"start":0,"end":17,"url":null,"entity_id":"Q5900433","candidates":[]}]],[[{"start":0,"end":12,"url":null,"entity_id":"Q19461640","candidates":[]}],[{"start":0,"end":56,"url":null,"entity_id":"Q19558910","candidates":[]}],[{"start":0,"end":19,"url":null,"entity_id":"Q3017769","candidates":[]}]],[[{"start":0,"end":9,"url":null,"entity_id":"Q14714919","candidates":[]}],[{"start":0,"end":56,"url":null,"entity_id":"Q19558910","candidates":[]}],[{"start":0,"end":7,"url":null,"entity_id":"Q738356","candidates":[]}]],[[{"start":0,"end":56,"url":null,"entity_id":"Q16088478","candidates":[]}],[{"start":0,"end":56,"url":null,"entity_id":"Q19558910","candidates":[]}],[{"start":0,"end":8,"url":null,"entity_id":"Q1370","candidates":[]}]],[[{"start":0,"end":19,"url":null,"entity_id":"Q16984248","candidates":[]}],[{"start":0,"end":56,"url":null,"entity_id":"Q19558910","candidates":[]}],[{"start":0,"end":9,"url":null,"entity_id":"Q37836","candidates":[]}]],[[{"start":0,"end":31,"url":null,"entity_id":"Q14711979","candidates":[]}],[{"start":0,"end":26,"url":null,"entity_id":"Q7934314","candidates":[]}],[{"start":0,"end":16,"url":null,"entity_id":"Q107126","candidates":[]}]],[[{"start":0,"end":33,"url":null,"entity_id":"Q14712202","candidates":[]}],[{"start":0,"end":56,"url":null,"entity_id":"Q19558910","candidates":[]}],[{"start":0,"end":8,"url":null,"entity_id":"Q1370","candidates":[]}]],[[{"start":0,"end":38,"url":null,"entity_id":"Q14712201","candidates":[]}],[{"start":0,"end":56,"url":null,"entity_id":"Q19558910","candidates":[]}],[{"start":0,"end":8,"url":null,"entity_id":"Q1370","candidates":[]}]],[[{"start":0,"end":27,"url":null,"entity_id":"Q14712177","candidates":[]}],[{"start":0,"end":56,"url":null,"entity_id":"Q19558910","candidates":[]}],[{"start":0,"end":8,"url":null,"entity_id":"Q1370","candidates":[]}]],[[{"start":0,"end":33,"url":null,"entity_id":"Q14711989","candidates":[]}],[{"start":0,"end":56,"url":null,"entity_id":"Q19558910","candidates":[]}],[{"start":0,"end":8,"url":null,"entity_id":"Q1370","candidates":[]}]],[[{"start":0,"end":35,"url":null,"entity_id":"Q14711974","candidates":[]}],[{"start":0,"end":56,"url":null,"entity_id":"Q19558910","candidates":[]}],[{"start":0,"end":8,"url":null,"entity_id":"Q1370","candidates":[]}]],[[{"start":0,"end":11,"url":null,"entity_id":"Q16895429","candidates":[]}],[{"start":0,"end":56,"url":null,"entity_id":"Q19558910","candidates":[]}],[{"start":0,"end":14,"url":null,"entity_id":"Q113815","candidates":[]}]],[[{"start":0,"end":10,"url":null,"entity_id":"Q14705711","candidates":[]}],[{"start":0,"end":56,"url":null,"entity_id":"Q19558910","candidates":[]}],[{"start":0,"end":16,"url":null,"entity_id":"Q3017015","candidates":[]}]],[[{"start":0,"end":7,"url":null,"entity_id":"Q14705863","candidates":[]}],[{"start":0,"end":56,"url":null,"entity_id":"Q19558910","candidates":[]}],[{"start":0,"end":17,"url":null,"entity_id":"Q614185","candidates":[]}]],[[{"start":0,"end":12,"url":null,"entity_id":"Q14705706","candidates":[]}],[{"start":0,"end":56,"url":null,"entity_id":"Q19558910","candidates":[]}],[{"start":0,"end":6,"url":null,"entity_id":"Q25395","candidates":[]}]],[[{"start":0,"end":9,"url":null,"entity_id":"Q14691182","candidates":[]}],[{"start":0,"end":56,"url":null,"entity_id":"Q19558910","candidates":[]}],[{"start":0,"end":14,"url":null,"entity_id":"Q501172","candidates":[]}]],[[{"start":0,"end":11,"url":null,"entity_id":"Q14358808","candidates":[]}],[{"start":0,"end":56,"url":null,"entity_id":"Q19558910","candidates":[]}],[{"start":0,"end":16,"url":null,"entity_id":"Q1816636","candidates":[]}]],[[{"start":0,"end":13,"url":null,"entity_id":"Q13437115","candidates":[]}],[{"start":0,"end":56,"url":null,"entity_id":"Q19558910","candidates":[]}],[{"start":0,"end":17,"url":null,"entity_id":"Q156481","candidates":[]}]],[[{"start":0,"end":5,"url":null,"entity_id":"Q11695539","candidates":[]}],[{"start":0,"end":56,"url":null,"entity_id":"Q19558910","candidates":[]}],[{"start":0,"end":13,"url":null,"entity_id":"Q513833","candidates":[]}]],[[{"start":0,"end":14,"url":null,"entity_id":"Q12060727","candidates":[]}],[{"start":0,"end":56,"url":null,"entity_id":"Q19558910","candidates":[]}],[{"start":0,"end":7,"url":null,"entity_id":"Q12439","candidates":[]}]],[[{"start":0,"end":8,"url":null,"entity_id":"Q10976564","candidates":[]}],[{"start":0,"end":56,"url":null,"entity_id":"Q19558910","candidates":[]}],[{"start":0,"end":11,"url":null,"entity_id":"Q779","candidates":[]}]],[[{"start":0,"end":13,"url":null,"entity_id":"Q7985309","candidates":[]}],[{"start":0,"end":56,"url":null,"entity_id":"Q19558910","candidates":[]}],[{"start":0,"end":8,"url":null,"entity_id":"Q1587168","candidates":[]}]],[[{"start":0,"end":29,"url":null,"entity_id":"Q7984652","candidates":[]}],[{"start":0,"end":56,"url":null,"entity_id":"Q19558910","candidates":[]}],[{"start":0,"end":7,"url":null,"entity_id":"Q12439","candidates":[]}]],[[{"start":0,"end":29,"url":null,"entity_id":"Q7985244","candidates":[]}],[{"start":0,"end":56,"url":null,"entity_id":"Q19558910","candidates":[]}],[{"start":0,"end":11,"url":null,"entity_id":"Q779","candidates":[]}]],[[{"start":0,"end":27,"url":null,"entity_id":"Q8032418","candidates":[]}],[{"start":0,"end":56,"url":null,"entity_id":"Q19558910","candidates":[]}],[{"start":0,"end":7,"url":null,"entity_id":"Q12439","candidates":[]}]],[[{"start":0,"end":30,"url":null,"entity_id":"Q8022009","candidates":[]}],[{"start":0,"end":56,"url":null,"entity_id":"Q19558910","candidates":[]}],[{"start":0,"end":7,"url":null,"entity_id":"Q12439","candidates":[]}]],[[{"start":0,"end":29,"url":null,"entity_id":"Q7986797","candidates":[]}],[{"start":0,"end":56,"url":null,"entity_id":"Q19558910","candidates":[]}],[{"start":0,"end":7,"url":null,"entity_id":"Q12439","candidates":[]}]],[[{"start":0,"end":41,"url":null,"entity_id":"Q7986784","candidates":[]}],[{"start":0,"end":56,"url":null,"entity_id":"Q19558910","candidates":[]}],[{"start":0,"end":7,"url":null,"entity_id":"Q12439","candidates":[]}]],[[{"start":0,"end":37,"url":null,"entity_id":"Q7986783","candidates":[]}],[{"start":0,"end":56,"url":null,"entity_id":"Q19558910","candidates":[]}],[{"start":0,"end":7,"url":null,"entity_id":"Q12439","candidates":[]}]],[[{"start":0,"end":38,"url":null,"entity_id":"Q7986782","candidates":[]}],[{"start":0,"end":56,"url":null,"entity_id":"Q19558910","candidates":[]}],[{"start":0,"end":7,"url":null,"entity_id":"Q12439","candidates":[]}]],[[{"start":0,"end":29,"url":null,"entity_id":"Q7934772","candidates":[]}],[{"start":0,"end":56,"url":null,"entity_id":"Q19558910","candidates":[]}],[{"start":0,"end":17,"url":null,"entity_id":"Q585105","candidates":[]}]],[[{"start":0,"end":37,"url":null,"entity_id":"Q7971699","candidates":[]}],[{"start":0,"end":56,"url":null,"entity_id":"Q19558910","candidates":[]}],[{"start":0,"end":7,"url":null,"entity_id":"Q12439","candidates":[]}]],[[{"start":0,"end":6,"url":null,"entity_id":"Q8024529","candidates":[]}],[{"start":0,"end":56,"url":null,"entity_id":"Q19558910","candidates":[]}],[{"start":0,"end":21,"url":null,"entity_id":"Q65330","candidates":[]}]],[[{"start":0,"end":8,"url":null,"entity_id":"Q30598316","candidates":[]}],[{"start":0,"end":56,"url":null,"entity_id":"Q19558910","candidates":[]}],[{"start":0,"end":15,"url":null,"entity_id":"Q492652","candidates":[]}]]]}