{"version":"1.2","table":{"version":"2","table_id":"T0WCACZ4","columns":[{"index":0,"name":"col0","values":["2016 Orlando nghtclub shooting","2016 Tel Axiv stabbings","2017 Jerusalem Ligt Rail sabbing","2017 Quebec City mosqug shooting","2017 Notre Dae attack","2016 Nice attadk","2016 aint-Étienne-du-Rouvray church attack","January 2015 Île-de-Fance attacks","207 Temple Mount shooting","June 2017 Jrusalem attack","October 216 Sinai attacks","2012 Srceles grenade attack","June 2016\"Tel Aviv shooting","2017 Pauis machete attack","5016 Jakarta attacks","2017 Istcnbul nightclub attack","Bærum mosque shoting","2017 Sinai mosque\"attack","208 Paris knife attack","2017 Har Aar hoting"]},{"index":1,"name":"col1","values":["Glock","knife","kitchen knife","semi-automatic rifle","hammer","firearm","knife","Tokarev","small arm","knife","assault rifle","hand grenade","Carl Gustav M/45","machete","hand grenade","AK-47","shotgun","explosive material","knife","CZ 82"]},{"index":2,"name":"col2","values":["Pulse","Tel Aviv Promenade","Allenby Square","Islamic Cultural Centre of Quebec City","Parvis Notre-Dame – Place Jean-Paul-II","Promenade des Anglais","Saint-Étienne-du-Rouvray","Montrouge","Old City of Jerusalem","Old City of Jerusalem","Egypt","Sarcelles","Tel Aviv","Louvre Museum","Central Jakarta","Turkey","Al-Noor Islamic Centre","Al Rawda Mosque","rue Monsigny","Har Adar"]}]},"context":{"page_title":null,"page_url":null,"page_entity_id":null,"content_hierarchy":[]},"links":[[[{"start":0,"end":23,"url":null,"entity_id":"Q23019045","candidates":[]}],[{"start":0,"end":5,"url":null,"entity_id":"Q32489","candidates":[]}],[{"start":0,"end":18,"url":null,"entity_id":"Q7695551","candidates":[]}]],[[{"start":0,"end":32,"url":null,"entity_id":"Q29413297","candidates":[]}],[{"start":0,"end":13,"url":null,"entity_id":"Q599312","candidates":[]}],[{"start":0,"end":14,"url":null,"entity_id":"Q4731981","candidates":[]}]],[[{"start":0,"end":32,"url":null,"entity_id":"Q28549976","candidates":[]}],[{"start":0,"end":20,"url":null,"entity_id":"Q2291248","candidates":[]}],[{"start":0,"end":38,"url":null,"entity_id":"Q2945010","candidates":[]}]],[[{"start":0,"end":21,"url":null,"entity_id":"Q30146851","candidates":[]}],[{"start":0,"end":6,"url":null,"entity_id":"Q25294","candidates":[]}],[{"start":0,"end":38,"url":null,"entity_id":"Q2720522","candidates":[]}]],[[{"start":0,"end":16,"url":null,"entity_id":"Q25893254","candidates":[]}],[{"start":0,"end":7,"url":null,"entity_id":"Q12796","candidates":[]}],[{"start":0,"end":21,"url":null,"entity_id":"Q1849491","candidates":[]}]],[[{"start":0,"end":42,"url":null,"entity_id":"Q26085646","candidates":[]}],[{"start":0,"end":5,"url":null,"entity_id":"Q32489","candidates":[]}],[{"start":0,"end":24,"url":null,"entity_id":"Q1058186","candidates":[]}]],[[{"start":0,"end":33,"url":null,"entity_id":"Q18748338","candidates":[]}],[{"start":0,"end":7,"url":null,"entity_id":"Q494249","candidates":[]}],[{"start":0,"end":9,"url":null,"entity_id":"Q241021","candidates":[]}]],[[{"start":0,"end":25,"url":null,"entity_id":"Q33035595","candidates":[]}],[{"start":0,"end":9,"url":null,"entity_id":"Q1058629","candidates":[]}],[{"start":0,"end":21,"url":null,"entity_id":"Q213274","candidates":[]}]],[[{"start":0,"end":25,"url":null,"entity_id":"Q30319823","candidates":[]}],[{"start":0,"end":5,"url":null,"entity_id":"Q32489","candidates":[]}],[{"start":0,"end":21,"url":null,"entity_id":"Q213274","candidates":[]}]],[[{"start":0,"end":25,"url":null,"entity_id":"Q27913984","candidates":[]}],[{"start":0,"end":13,"url":null,"entity_id":"Q177456","candidates":[]}],[{"start":0,"end":5,"url":null,"entity_id":"Q202311","candidates":[]}]],[[{"start":0,"end":27,"url":null,"entity_id":"Q28953322","candidates":[]}],[{"start":0,"end":12,"url":null,"entity_id":"Q173517","candidates":[]}],[{"start":0,"end":9,"url":null,"entity_id":"Q107501","candidates":[]}]],[[{"start":0,"end":27,"url":null,"entity_id":"Q24454786","candidates":[]}],[{"start":0,"end":16,"url":null,"entity_id":"Q1038494","candidates":[]}],[{"start":0,"end":8,"url":null,"entity_id":"Q33935","candidates":[]}]],[[{"start":0,"end":25,"url":null,"entity_id":"Q28631966","candidates":[]}],[{"start":0,"end":7,"url":null,"entity_id":"Q230711","candidates":[]}],[{"start":0,"end":13,"url":null,"entity_id":"Q19675","candidates":[]}]],[[{"start":0,"end":20,"url":null,"entity_id":"Q22067779","candidates":[]}],[{"start":0,"end":12,"url":null,"entity_id":"Q173517","candidates":[]}],[{"start":0,"end":15,"url":null,"entity_id":"Q10109","candidates":[]}]],[[{"start":0,"end":30,"url":null,"entity_id":"Q28094271","candidates":[]}],[{"start":0,"end":5,"url":null,"entity_id":"Q37116","candidates":[]}],[{"start":0,"end":6,"url":null,"entity_id":"Q43","candidates":[]}]],[[{"start":0,"end":20,"url":null,"entity_id":"Q66363708","candidates":[]}],[{"start":0,"end":7,"url":null,"entity_id":"Q486396","candidates":[]}],[{"start":0,"end":22,"url":null,"entity_id":"Q66364313","candidates":[]}]],[[{"start":0,"end":24,"url":null,"entity_id":"Q43544477","candidates":[]}],[{"start":0,"end":18,"url":null,"entity_id":"Q12870","candidates":[]}],[{"start":0,"end":15,"url":null,"entity_id":"Q43681587","candidates":[]}]],[[{"start":0,"end":22,"url":null,"entity_id":"Q53282087","candidates":[]}],[{"start":0,"end":5,"url":null,"entity_id":"Q32489","candidates":[]}],[{"start":0,"end":12,"url":null,"entity_id":"Q3449215","candidates":[]}]],[[{"start":0,"end":19,"url":null,"entity_id":"Q41071849","candidates":[]}],[{"start":0,"end":5,"url":null,"entity_id":"Q1478819","candidates":[]}],[{"start":0,"end":8,"url":null,"entity_id":"Q668897","candidates":[]}]],[[{"start":0,"end":30,"url":null,"entity_id":"Q24561572","candidates":[]}],[{"start":0,"end":5,"url":null,"entity_id":"Q739882","candidates":[]}],[{"start":0,"end":5,"url":null,"entity_id":"Q24566959","candidates":[]}]]]}