{"version":"1.2","table":{"version":"2","table_id":"T1MH2EE6","columns":[{"index":0,"name":"col0","values":["Deakin v Webb","Elena Petru v Casa Judeţeană de Asigurări de Sănătate Sibiu and Casa Naţională de Asigurări de Sănătate","Liberace v Daily Mirror","People v. Turner","case Steve Caniço","I3 Ventures case","New York Times Co. v. Sullivan","Greenbelt Cooperative Publishing Association, Inc. v. Bresler","National Judicial Appointments Commission","Bond v Commonwealth","Ubeda v. Zialcita","Skelton v. Dill","Philip Morris v. Uruguay","Wik Peoples v Queensland","Hommel case","Warner Bros. and J. K. Rowling v. RDR Books","Maletinazo","Evans v United Kingdom","Greek Junta Trials","Erie v. Pap's A. M."]},{"index":1,"name":"col1","values":["Australia","Romania","United Kingdom","United States of America","France","Spain","United States of America","United States of America","India","Australia","United States of America","United States of America","China","Australia","Denmark","United States of America","Argentina","United Kingdom","Greece","United States of America"]},{"index":2,"name":"col2","values":["1904-01-01","2013-05-16","1959-06-08","2015-01-01","2019-06-22","2017-01-01","1964-01-06","1970-02-24","2014-12-31","1903-01-01","1912-12-06","1914-11-05","2010-02-19","1996-01-01","2005-05-01","2007-10-31","2007-08-04","2002-01-01","1975-07-28","1999-01-01"]}]},"context":{"page_title":null,"page_url":null,"page_entity_id":null,"content_hierarchy":[]},"links":[[[{"start":0,"end":103,"url":null,"entity_id":"Q28056772","candidates":[]}],[{"start":0,"end":7,"url":null,"entity_id":"Q218","candidates":[]}],[]],[[{"start":0,"end":23,"url":null,"entity_id":"Q25168626","candidates":[]}],[{"start":0,"end":14,"url":null,"entity_id":"Q145","candidates":[]}],[]],[[{"start":0,"end":16,"url":null,"entity_id":"Q24517896","candidates":[]}],[{"start":0,"end":24,"url":null,"entity_id":"Q30","candidates":[]}],[]],[[{"start":0,"end":17,"url":null,"entity_id":"Q65979513","candidates":[]}],[{"start":0,"end":6,"url":null,"entity_id":"Q142","candidates":[]}],[]],[[{"start":0,"end":16,"url":null,"entity_id":"Q85614721","candidates":[]}],[{"start":0,"end":5,"url":null,"entity_id":"Q29","candidates":[]}],[]],[[{"start":0,"end":30,"url":null,"entity_id":"Q19073411","candidates":[]}],[{"start":0,"end":24,"url":null,"entity_id":"Q30","candidates":[]}],[]],[[{"start":0,"end":61,"url":null,"entity_id":"Q19063256","candidates":[]}],[{"start":0,"end":24,"url":null,"entity_id":"Q30","candidates":[]}],[]],[[{"start":0,"end":41,"url":null,"entity_id":"Q17519522","candidates":[]}],[{"start":0,"end":5,"url":null,"entity_id":"Q668","candidates":[]}],[]],[[{"start":0,"end":19,"url":null,"entity_id":"Q17001533","candidates":[]}],[{"start":0,"end":9,"url":null,"entity_id":"Q408","candidates":[]}],[]],[[{"start":0,"end":17,"url":null,"entity_id":"Q19020530","candidates":[]}],[{"start":0,"end":24,"url":null,"entity_id":"Q30","candidates":[]}],[]],[[{"start":0,"end":15,"url":null,"entity_id":"Q19039110","candidates":[]}],[{"start":0,"end":24,"url":null,"entity_id":"Q30","candidates":[]}],[]],[[{"start":0,"end":24,"url":null,"entity_id":"Q8342066","candidates":[]}],[{"start":0,"end":5,"url":null,"entity_id":"Q29520","candidates":[]}],[]],[[{"start":0,"end":24,"url":null,"entity_id":"Q7999803","candidates":[]}],[{"start":0,"end":9,"url":null,"entity_id":"Q408","candidates":[]}],[]],[[{"start":0,"end":11,"url":null,"entity_id":"Q12317182","candidates":[]}],[{"start":0,"end":7,"url":null,"entity_id":"Q35","candidates":[]}],[]],[[{"start":0,"end":43,"url":null,"entity_id":"Q7969709","candidates":[]}],[{"start":0,"end":24,"url":null,"entity_id":"Q30","candidates":[]}],[]],[[{"start":0,"end":10,"url":null,"entity_id":"Q5575873","candidates":[]}],[{"start":0,"end":9,"url":null,"entity_id":"Q414","candidates":[]}],[]],[[{"start":0,"end":22,"url":null,"entity_id":"Q5415978","candidates":[]}],[{"start":0,"end":14,"url":null,"entity_id":"Q145","candidates":[]}],[]],[[{"start":0,"end":18,"url":null,"entity_id":"Q5601795","candidates":[]}],[{"start":0,"end":6,"url":null,"entity_id":"Q41","candidates":[]}],[]],[[{"start":0,"end":19,"url":null,"entity_id":"Q5388366","candidates":[]}],[{"start":0,"end":24,"url":null,"entity_id":"Q30","candidates":[]}],[]],[[{"start":0,"end":13,"url":null,"entity_id":"Q28220217","candidates":[]}],[{"start":0,"end":9,"url":null,"entity_id":"Q408","candidates":[]}],[]]]}