{"version":"1.2","table":{"version":"2","table_id":"T29BOYE3","columns":[{"index":0,"name":"col0","values":["DWMG","DWLB-FM","DZYM-AM","DWZR","DYRM","DYRM-AM","DXCR","DWEH-AM","DZCO-AM","DWBS-AM","DYAF","DWMF-AM","DWPR-AM","DWDY","DYAJ-AM","DYUV","DYRL-AM","DZHO","DXDA-AM","DYZZ"]},{"index":1,"name":"col1","values":["1969-05-22","2019-10-28","2019-09-19","1969-06-21","1978-08-22","1958-06-01","2019-11-29","2018-11-04","2018-06-12","1991-01-10","1992-12-19","2018-09-10","1969-08-04","1990-12-01","2018-04-09","2018-02-14","1956-02-05","2020-01-10","2020-01-25","2019-12-03"]},{"index":2,"name":"col2","values":["Vanguard Radio Network","Audiovisual Communicators, Inc.","Audiovisual Communicators, Inc.","Audiovisual Communicators, Inc.","Audiovisual Communicators, Inc.","Audiovisual Communicators, Inc.","Audiovisual Communicators, Inc.","Sorsogon State College","Daet Cathedral","Catholic Media Network","Catholic Media Network","DZME","Radio Mindanao Network","Radio Mindanao Network","University of Cebu","University of the Visayas","Audiovisual Communicators, Inc.","Audiovisual Communicators, Inc.","Audiovisual Communicators, Inc.","Audiovisual Communicators, Inc."]}]},"context":{"page_title":null,"page_url":null,"page_entity_id":null,"content_hierarchy":[]},"links":[[[{"start":0,"end":7,"url":null,"entity_id":"Q68614847","candidates":[]}],[],[{"start":0,"end":31,"url":null,"entity_id":"Q31058254","candidates":[]}]],[[{"start":0,"end":7,"url":null,"entity_id":"Q67905901","candidates":[]}],[],[{"start":0,"end":31,"url":null,"entity_id":"Q31058254","candidates":[]}]],[[{"start":0,"end":4,"url":null,"entity_id":"Q65065752","candidates":[]}],[],[{"start":0,"end":31,"url":null,"entity_id":"Q31058254","candidates":[]}]],[[{"start":0,"end":4,"url":null,"entity_id":"Q60787564","candidates":[]}],[],[{"start":0,"end":31,"url":null,"entity_id":"Q31058254","candidates":[]}]],[[{"start":0,"end":7,"url":null,"entity_id":"Q54620501","candidates":[]}],[],[{"start":0,"end":31,"url":null,"entity_id":"Q31058254","candidates":[]}]],[[{"start":0,"end":4,"url":null,"entity_id":"Q48844601","candidates":[]}],[],[{"start":0,"end":31,"url":null,"entity_id":"Q31058254","candidates":[]}]],[[{"start":0,"end":7,"url":null,"entity_id":"Q58201170","candidates":[]}],[],[{"start":0,"end":22,"url":null,"entity_id":"Q7563754","candidates":[]}]],[[{"start":0,"end":7,"url":null,"entity_id":"Q54917985","candidates":[]}],[],[{"start":0,"end":14,"url":null,"entity_id":"Q5208283","candidates":[]}]],[[{"start":0,"end":7,"url":null,"entity_id":"Q65426032","candidates":[]}],[],[{"start":0,"end":22,"url":null,"entity_id":"Q5053196","candidates":[]}]],[[{"start":0,"end":4,"url":null,"entity_id":"Q65070881","candidates":[]}],[],[{"start":0,"end":22,"url":null,"entity_id":"Q5053196","candidates":[]}]],[[{"start":0,"end":7,"url":null,"entity_id":"Q56552469","candidates":[]}],[],[{"start":0,"end":4,"url":null,"entity_id":"Q3547803","candidates":[]}]],[[{"start":0,"end":7,"url":null,"entity_id":"Q66123713","candidates":[]}],[],[{"start":0,"end":22,"url":null,"entity_id":"Q3544836","candidates":[]}]],[[{"start":0,"end":4,"url":null,"entity_id":"Q65944844","candidates":[]}],[],[{"start":0,"end":22,"url":null,"entity_id":"Q3544836","candidates":[]}]],[[{"start":0,"end":7,"url":null,"entity_id":"Q51654806","candidates":[]}],[],[{"start":0,"end":18,"url":null,"entity_id":"Q3543958","candidates":[]}]],[[{"start":0,"end":4,"url":null,"entity_id":"Q48660593","candidates":[]}],[],[{"start":0,"end":25,"url":null,"entity_id":"Q2485020","candidates":[]}]],[[{"start":0,"end":7,"url":null,"entity_id":"Q84379196","candidates":[]}],[],[{"start":0,"end":31,"url":null,"entity_id":"Q31058254","candidates":[]}]],[[{"start":0,"end":4,"url":null,"entity_id":"Q81605378","candidates":[]}],[],[{"start":0,"end":31,"url":null,"entity_id":"Q31058254","candidates":[]}]],[[{"start":0,"end":7,"url":null,"entity_id":"Q78145337","candidates":[]}],[],[{"start":0,"end":31,"url":null,"entity_id":"Q31058254","candidates":[]}]],[[{"start":0,"end":4,"url":null,"entity_id":"Q77229814","candidates":[]}],[],[{"start":0,"end":31,"url":null,"entity_id":"Q31058254","candidates":[]}]],[[{"start":0,"end":4,"url":null,"entity_id":"Q63979220","candidates":[]}],[],[{"start":0,"end":22,"url":null,"entity_id":"Q63979250","candidates":[]}]]]}