{"version":"1.2","table":{"version":"2","table_id":"T3LRSFF8","columns":[{"index":0,"name":"col0","values":["Windermere Supergroup","Cincinnati Group","Crag Group","Cherokee Group","Great Oolite Group","Lower Greensand Group","Scoresby Land Group","Solva Group","Supai Group","Tonto Group","Unkar Group","Woodbend Group","Saskatchewan Group","Wapiti Group","Itararé Group","Penarth Group","Stoddart Group","Purbeck Group","Schooler Creek Group","Mannville Group"]},{"index":1,"name":"col1","values":["Purcell Supergroup","Point Pleasant Formation","unconformity","Riverton Formation","Inferior Oolite","Wealden","Schuchert Dal Formation","Caerfai Group","Redwall Limestone","Vishnu Basement Rocks","Vishnu Basement Rocks","Beaverhill Lake Group","Manitoba Group","Smoky Group","Ponta Grossa Formation","Mercia Mudstone Group","Debolt Formation","Portland Group","Grayling Formation","Ellis Group"]},{"index":2,"name":"col2","values":["Canada","United States of America","United Kingdom","United States of America","United Kingdom","United Kingdom","Greenland","United Kingdom","United States of America","United States of America","United States of America","Canada","Canada","Canada","Brazil","United Kingdom","Canada","France","Canada","Canada"]},{"index":3,"name":"col3","values":["Hamill Group","Cataract Group","Dunwich Group","Marmaton Group","Ancholme Group","Selborne Group","Kap Stewart Group","Menevian Group","Hermit Formation","Temple Butte Limestone","Nankoweap Formation","Winterburn Group","Three Forks Group","Scollard Formation","Rio Bonito Formation","Lias Group","Ishbel Group","Wealden","Fernie Formation","Colorado Group"]}]},"context":{"page_title":null,"page_url":null,"page_entity_id":null,"content_hierarchy":[]},"links":[[[{"start":0,"end":16,"url":null,"entity_id":"Q17509652","candidates":[]}],[{"start":0,"end":24,"url":null,"entity_id":"Q30644119","candidates":[]}],[{"start":0,"end":24,"url":null,"entity_id":"Q30","candidates":[]}],[{"start":0,"end":14,"url":null,"entity_id":"Q30644183","candidates":[]}]],[[{"start":0,"end":10,"url":null,"entity_id":"Q15144312","candidates":[]}],[{"start":0,"end":12,"url":null,"entity_id":"Q876798","candidates":[]}],[{"start":0,"end":14,"url":null,"entity_id":"Q145","candidates":[]}],[{"start":0,"end":13,"url":null,"entity_id":"Q19587203","candidates":[]}]],[[{"start":0,"end":14,"url":null,"entity_id":"Q17508828","candidates":[]}],[{"start":0,"end":18,"url":null,"entity_id":"Q18390578","candidates":[]}],[{"start":0,"end":24,"url":null,"entity_id":"Q30","candidates":[]}],[{"start":0,"end":14,"url":null,"entity_id":"Q18155065","candidates":[]}]],[[{"start":0,"end":18,"url":null,"entity_id":"Q14442986","candidates":[]}],[{"start":0,"end":15,"url":null,"entity_id":"Q6029266","candidates":[]}],[{"start":0,"end":14,"url":null,"entity_id":"Q145","candidates":[]}],[{"start":0,"end":14,"url":null,"entity_id":"Q17511998","candidates":[]}]],[[{"start":0,"end":21,"url":null,"entity_id":"Q6693494","candidates":[]}],[{"start":0,"end":7,"url":null,"entity_id":"Q5514487","candidates":[]}],[{"start":0,"end":14,"url":null,"entity_id":"Q145","candidates":[]}],[{"start":0,"end":14,"url":null,"entity_id":"Q17509956","candidates":[]}]],[[{"start":0,"end":19,"url":null,"entity_id":"Q17509794","candidates":[]}],[{"start":0,"end":23,"url":null,"entity_id":"Q17509775","candidates":[]}],[{"start":0,"end":9,"url":null,"entity_id":"Q223","candidates":[]}],[{"start":0,"end":17,"url":null,"entity_id":"Q17112000","candidates":[]}]],[[{"start":0,"end":11,"url":null,"entity_id":"Q15056475","candidates":[]}],[{"start":0,"end":13,"url":null,"entity_id":"Q15056469","candidates":[]}],[{"start":0,"end":14,"url":null,"entity_id":"Q145","candidates":[]}],[{"start":0,"end":14,"url":null,"entity_id":"Q17016053","candidates":[]}]],[[{"start":0,"end":11,"url":null,"entity_id":"Q7641892","candidates":[]}],[{"start":0,"end":17,"url":null,"entity_id":"Q15266889","candidates":[]}],[{"start":0,"end":24,"url":null,"entity_id":"Q30","candidates":[]}],[{"start":0,"end":16,"url":null,"entity_id":"Q16983942","candidates":[]}]],[[{"start":0,"end":11,"url":null,"entity_id":"Q7821714","candidates":[]}],[{"start":0,"end":21,"url":null,"entity_id":"Q17101836","candidates":[]}],[{"start":0,"end":24,"url":null,"entity_id":"Q30","candidates":[]}],[{"start":0,"end":22,"url":null,"entity_id":"Q15266892","candidates":[]}]],[[{"start":0,"end":11,"url":null,"entity_id":"Q7896940","candidates":[]}],[{"start":0,"end":21,"url":null,"entity_id":"Q17101836","candidates":[]}],[{"start":0,"end":24,"url":null,"entity_id":"Q30","candidates":[]}],[{"start":0,"end":19,"url":null,"entity_id":"Q14439111","candidates":[]}]],[[{"start":0,"end":14,"url":null,"entity_id":"Q8032344","candidates":[]}],[{"start":0,"end":21,"url":null,"entity_id":"Q4878248","candidates":[]}],[{"start":0,"end":6,"url":null,"entity_id":"Q16","candidates":[]}],[{"start":0,"end":16,"url":null,"entity_id":"Q8026442","candidates":[]}]],[[{"start":0,"end":18,"url":null,"entity_id":"Q7425207","candidates":[]}],[{"start":0,"end":14,"url":null,"entity_id":"Q6750013","candidates":[]}],[{"start":0,"end":6,"url":null,"entity_id":"Q16","candidates":[]}],[{"start":0,"end":17,"url":null,"entity_id":"Q7797485","candidates":[]}]],[[{"start":0,"end":12,"url":null,"entity_id":"Q7968257","candidates":[]}],[{"start":0,"end":11,"url":null,"entity_id":"Q7546141","candidates":[]}],[{"start":0,"end":6,"url":null,"entity_id":"Q16","candidates":[]}],[{"start":0,"end":18,"url":null,"entity_id":"Q7434305","candidates":[]}]],[[{"start":0,"end":13,"url":null,"entity_id":"Q9281255","candidates":[]}],[{"start":0,"end":22,"url":null,"entity_id":"Q9261401","candidates":[]}],[{"start":0,"end":6,"url":null,"entity_id":"Q155","candidates":[]}],[{"start":0,"end":20,"url":null,"entity_id":"Q7335158","candidates":[]}]],[[{"start":0,"end":13,"url":null,"entity_id":"Q7162262","candidates":[]}],[{"start":0,"end":21,"url":null,"entity_id":"Q6818480","candidates":[]}],[{"start":0,"end":14,"url":null,"entity_id":"Q145","candidates":[]}],[{"start":0,"end":10,"url":null,"entity_id":"Q6540284","candidates":[]}]],[[{"start":0,"end":14,"url":null,"entity_id":"Q7618312","candidates":[]}],[{"start":0,"end":16,"url":null,"entity_id":"Q5248130","candidates":[]}],[{"start":0,"end":6,"url":null,"entity_id":"Q16","candidates":[]}],[{"start":0,"end":12,"url":null,"entity_id":"Q6080066","candidates":[]}]],[[{"start":0,"end":13,"url":null,"entity_id":"Q7260887","candidates":[]}],[{"start":0,"end":14,"url":null,"entity_id":"Q3399326","candidates":[]}],[{"start":0,"end":6,"url":null,"entity_id":"Q142","candidates":[]}],[{"start":0,"end":7,"url":null,"entity_id":"Q5514487","candidates":[]}]],[[{"start":0,"end":20,"url":null,"entity_id":"Q7432663","candidates":[]}],[{"start":0,"end":18,"url":null,"entity_id":"Q17511716","candidates":[]}],[{"start":0,"end":6,"url":null,"entity_id":"Q16","candidates":[]}],[{"start":0,"end":16,"url":null,"entity_id":"Q5445104","candidates":[]}]],[[{"start":0,"end":15,"url":null,"entity_id":"Q6750964","candidates":[]}],[{"start":0,"end":11,"url":null,"entity_id":"Q5365888","candidates":[]}],[{"start":0,"end":6,"url":null,"entity_id":"Q16","candidates":[]}],[{"start":0,"end":14,"url":null,"entity_id":"Q5148813","candidates":[]}]],[[{"start":0,"end":21,"url":null,"entity_id":"Q16886755","candidates":[]}],[{"start":0,"end":18,"url":null,"entity_id":"Q55138146","candidates":[]}],[{"start":0,"end":6,"url":null,"entity_id":"Q16","candidates":[]}],[{"start":0,"end":12,"url":null,"entity_id":"Q73906751","candidates":[]}]]]}