{"version":"1.2","table":{"version":"2","table_id":"T3W112BN","columns":[{"index":0,"name":"col0","values":["Misión La Purísima Concepción de Cadegomó","Robertsbridge Abbey","Jouy Abbey","Tvis Abbey","Santa María la Mayor","Nuestra Señora de Santa Ana","Red Abbey","Holyrood Abbey","Varnhem Abbey","Cistercian Abbey, Pásztó","Frauenalb Monastery","San Ignacio Miní","Visita de San Juan Bautista Londó","Misión Nuestra Señora de los Dolores del Sur Chillá","Stolpe Abbey","Aulne Abbey","Bury St Edmunds Abbey","Jesús de Tavarangüé","Nuestra Señora de Loreto","Budaszentlőrinc Pauline Monastery"]},{"index":1,"name":"col1","values":["Baja California Sur","Salehurst and Robertsbridge","Chenoise","Holstebro Municipality","Santa María","Candelaria","Cork","City of Edinburgh","Skara Municipality","Pásztó","Marxzell","San Ignacio","Baja California Sur","Baja California Sur","Stolpe an der Peene","Gozée","Bury St Edmunds","Jesús","Candelaria","Budapest II. District"]},{"index":2,"name":"col2","values":["Society of Jesus","Cistercians","Cistercians","Cistercians","Society of Jesus","Society of Jesus","Augustinian friars","Augustinians","Cistercians","Benedictines","Benedictines","Society of Jesus","Society of Jesus","Society of Jesus","Cistercians","Benedictines","Benedictines","Society of Jesus","Society of Jesus","Order of Saint Paul the First Hermit"]}]},"context":{"page_title":null,"page_url":null,"page_entity_id":null,"content_hierarchy":[]},"links":[[[{"start":0,"end":19,"url":null,"entity_id":"Q2159660","candidates":[]}],[{"start":0,"end":27,"url":null,"entity_id":"Q2444635","candidates":[]}],[{"start":0,"end":11,"url":null,"entity_id":"Q166861","candidates":[]}]],[[{"start":0,"end":10,"url":null,"entity_id":"Q1775398","candidates":[]}],[{"start":0,"end":8,"url":null,"entity_id":"Q1418515","candidates":[]}],[{"start":0,"end":11,"url":null,"entity_id":"Q166861","candidates":[]}]],[[{"start":0,"end":10,"url":null,"entity_id":"Q1776184","candidates":[]}],[{"start":0,"end":22,"url":null,"entity_id":"Q506109","candidates":[]}],[{"start":0,"end":11,"url":null,"entity_id":"Q166861","candidates":[]}]],[[{"start":0,"end":20,"url":null,"entity_id":"Q2036701","candidates":[]}],[{"start":0,"end":11,"url":null,"entity_id":"Q2238097","candidates":[]}],[{"start":0,"end":16,"url":null,"entity_id":"Q36380","candidates":[]}]],[[{"start":0,"end":27,"url":null,"entity_id":"Q2092494","candidates":[]}],[{"start":0,"end":10,"url":null,"entity_id":"Q55379","candidates":[]}],[{"start":0,"end":16,"url":null,"entity_id":"Q36380","candidates":[]}]],[[{"start":0,"end":9,"url":null,"entity_id":"Q2135883","candidates":[]}],[{"start":0,"end":4,"url":null,"entity_id":"Q36647","candidates":[]}],[{"start":0,"end":18,"url":null,"entity_id":"Q29075","candidates":[]}]],[[{"start":0,"end":14,"url":null,"entity_id":"Q966862","candidates":[]}],[{"start":0,"end":17,"url":null,"entity_id":"Q2379199","candidates":[]}],[{"start":0,"end":12,"url":null,"entity_id":"Q214528","candidates":[]}]],[[{"start":0,"end":13,"url":null,"entity_id":"Q860739","candidates":[]}],[{"start":0,"end":18,"url":null,"entity_id":"Q499421","candidates":[]}],[{"start":0,"end":11,"url":null,"entity_id":"Q166861","candidates":[]}]],[[{"start":0,"end":24,"url":null,"entity_id":"Q867639","candidates":[]}],[{"start":0,"end":6,"url":null,"entity_id":"Q637647","candidates":[]}],[{"start":0,"end":12,"url":null,"entity_id":"Q131132","candidates":[]}]],[[{"start":0,"end":19,"url":null,"entity_id":"Q983972","candidates":[]}],[{"start":0,"end":8,"url":null,"entity_id":"Q542521","candidates":[]}],[{"start":0,"end":12,"url":null,"entity_id":"Q131132","candidates":[]}]],[[{"start":0,"end":16,"url":null,"entity_id":"Q868799","candidates":[]}],[{"start":0,"end":11,"url":null,"entity_id":"Q3181334","candidates":[]}],[{"start":0,"end":16,"url":null,"entity_id":"Q36380","candidates":[]}]],[[{"start":0,"end":33,"url":null,"entity_id":"Q971750","candidates":[]}],[{"start":0,"end":19,"url":null,"entity_id":"Q46508","candidates":[]}],[{"start":0,"end":16,"url":null,"entity_id":"Q36380","candidates":[]}]],[[{"start":0,"end":51,"url":null,"entity_id":"Q953407","candidates":[]}],[{"start":0,"end":19,"url":null,"entity_id":"Q46508","candidates":[]}],[{"start":0,"end":16,"url":null,"entity_id":"Q36380","candidates":[]}]],[[{"start":0,"end":12,"url":null,"entity_id":"Q321490","candidates":[]}],[{"start":0,"end":19,"url":null,"entity_id":"Q671964","candidates":[]}],[{"start":0,"end":11,"url":null,"entity_id":"Q166861","candidates":[]}]],[[{"start":0,"end":11,"url":null,"entity_id":"Q333832","candidates":[]}],[{"start":0,"end":5,"url":null,"entity_id":"Q1821791","candidates":[]}],[{"start":0,"end":12,"url":null,"entity_id":"Q131132","candidates":[]}]],[[{"start":0,"end":21,"url":null,"entity_id":"Q334286","candidates":[]}],[{"start":0,"end":15,"url":null,"entity_id":"Q764754","candidates":[]}],[{"start":0,"end":12,"url":null,"entity_id":"Q131132","candidates":[]}]],[[{"start":0,"end":19,"url":null,"entity_id":"Q318338","candidates":[]}],[{"start":0,"end":5,"url":null,"entity_id":"Q1688403","candidates":[]}],[{"start":0,"end":16,"url":null,"entity_id":"Q36380","candidates":[]}]],[[{"start":0,"end":24,"url":null,"entity_id":"Q681861","candidates":[]}],[{"start":0,"end":10,"url":null,"entity_id":"Q55379","candidates":[]}],[{"start":0,"end":16,"url":null,"entity_id":"Q36380","candidates":[]}]],[[{"start":0,"end":33,"url":null,"entity_id":"Q1242240","candidates":[]}],[{"start":0,"end":21,"url":null,"entity_id":"Q1068701","candidates":[]}],[{"start":0,"end":36,"url":null,"entity_id":"Q846687","candidates":[]}]],[[{"start":0,"end":41,"url":null,"entity_id":"Q6875710","candidates":[]}],[{"start":0,"end":19,"url":null,"entity_id":"Q46508","candidates":[]}],[{"start":0,"end":16,"url":null,"entity_id":"Q36380","candidates":[]}]]]}