{"version":"1.2","table":{"version":"2","table_id":"T4BXLTYY","columns":[{"index":0,"name":"col0","values":["Clérigos Church","Giotto's Campanile","Leaning Tower of Pisa","Saint Catherine Tower","Clocher porche de Mimizan","Ivan the Great Bell Tower","Tour romane de Pont-de-Loup","Church of Saint Barbara (Židlochovice)","El Micalet","Alminar de Árchez","El Fadrí","Torre de San Martín","Tower of Iglesia de San Salvador","Campanar de Sant Martí Sesgueioles","Tower of the hermitage of Our Lady of the Castle, Belmonte de Gracián","clocher d'Annecy-le-Vieux","Clerigos tower","Torre mudéjar de Olalla","bell tower of San Miguel","Tower of St Mary"]},{"index":1,"name":"col1","values":["baroque architecture","Gothic architecture","Romanesque architecture","baroque architecture","Gothic architecture","Russian architecture","Romanesque art","baroque architecture","Valencian Gothic","art of Almoravides and Almohades","Renaissance","Mudéjar architecture","Mudéjar architecture of Aragon","baroque architecture","Mudéjar architecture of Aragon","Romanesque art","baroque architecture","Mudéjar architecture","Mudéjar architecture of Aragon","Mudéjar architecture of Aragon"]},{"index":2,"name":"col2","values":["Portugal","Italy","Italy","Belgium","France","Russia","Belgium","Czech Republic","Spain","Spain","Spain","Spain","Spain","Spain","Spain","France","Portugal","Spain","Spain","Spain"]},{"index":3,"name":"col3","values":["National Monument of Portugal","Italian national heritage","Italian national heritage","protected heritage site in Brussels","monument historique classé","cultural heritage site in Russia","protected heritage monument in Wallonia","cultural monument of the Czech Republic","Bien de Interés Cultural","Bien de Interés Cultural","Bien de Interés Cultural","UNESCO World Heritage Site","UNESCO World Heritage Site","Cultural Asset part of the architectural heritage of Catalonia","Bien Catalogado of the Aragonese Cultural Heritage","monument historique classé","National Monument of Portugal","Bien de Interés Cultural","Bien de Interés Cultural","Bien de Interés Cultural"]}]},"context":{"page_title":null,"page_url":null,"page_entity_id":null,"content_hierarchy":[]},"links":[[[{"start":0,"end":18,"url":null,"entity_id":"Q1140023","candidates":[]}],[{"start":0,"end":19,"url":null,"entity_id":"Q176483","candidates":[]}],[{"start":0,"end":5,"url":null,"entity_id":"Q38","candidates":[]}],[{"start":0,"end":25,"url":null,"entity_id":"Q26971668","candidates":[]}]],[[{"start":0,"end":21,"url":null,"entity_id":"Q39054","candidates":[]}],[{"start":0,"end":23,"url":null,"entity_id":"Q46261","candidates":[]}],[{"start":0,"end":5,"url":null,"entity_id":"Q38","candidates":[]}],[{"start":0,"end":25,"url":null,"entity_id":"Q26971668","candidates":[]}]],[[{"start":0,"end":21,"url":null,"entity_id":"Q3533571","candidates":[]}],[{"start":0,"end":20,"url":null,"entity_id":"Q840829","candidates":[]}],[{"start":0,"end":7,"url":null,"entity_id":"Q31","candidates":[]}],[{"start":0,"end":35,"url":null,"entity_id":"Q19346745","candidates":[]}]],[[{"start":0,"end":25,"url":null,"entity_id":"Q2979479","candidates":[]}],[{"start":0,"end":19,"url":null,"entity_id":"Q176483","candidates":[]}],[{"start":0,"end":6,"url":null,"entity_id":"Q142","candidates":[]}],[{"start":0,"end":26,"url":null,"entity_id":"Q10387684","candidates":[]}]],[[{"start":0,"end":25,"url":null,"entity_id":"Q957441","candidates":[]}],[{"start":0,"end":20,"url":null,"entity_id":"Q2600188","candidates":[]}],[{"start":0,"end":6,"url":null,"entity_id":"Q159","candidates":[]}],[{"start":0,"end":32,"url":null,"entity_id":"Q8346700","candidates":[]}]],[[{"start":0,"end":27,"url":null,"entity_id":"Q15923765","candidates":[]}],[{"start":0,"end":14,"url":null,"entity_id":"Q46805","candidates":[]}],[{"start":0,"end":7,"url":null,"entity_id":"Q31","candidates":[]}],[{"start":0,"end":39,"url":null,"entity_id":"Q2403675","candidates":[]}]],[[{"start":0,"end":38,"url":null,"entity_id":"Q12030602","candidates":[]}],[{"start":0,"end":20,"url":null,"entity_id":"Q840829","candidates":[]}],[{"start":0,"end":14,"url":null,"entity_id":"Q213","candidates":[]}],[{"start":0,"end":39,"url":null,"entity_id":"Q385405","candidates":[]}]],[[{"start":0,"end":10,"url":null,"entity_id":"Q2975344","candidates":[]}],[{"start":0,"end":16,"url":null,"entity_id":"Q21032839","candidates":[]}],[{"start":0,"end":5,"url":null,"entity_id":"Q29","candidates":[]}],[{"start":0,"end":24,"url":null,"entity_id":"Q23712","candidates":[]}]],[[{"start":0,"end":17,"url":null,"entity_id":"Q5669772","candidates":[]}],[{"start":0,"end":32,"url":null,"entity_id":"Q2864591","candidates":[]}],[{"start":0,"end":5,"url":null,"entity_id":"Q29","candidates":[]}],[{"start":0,"end":24,"url":null,"entity_id":"Q23712","candidates":[]}]],[[{"start":0,"end":8,"url":null,"entity_id":"Q2511122","candidates":[]}],[{"start":0,"end":11,"url":null,"entity_id":"Q4692","candidates":[]}],[{"start":0,"end":5,"url":null,"entity_id":"Q29","candidates":[]}],[{"start":0,"end":24,"url":null,"entity_id":"Q23712","candidates":[]}]],[[{"start":0,"end":19,"url":null,"entity_id":"Q7826989","candidates":[]}],[{"start":0,"end":20,"url":null,"entity_id":"Q2860353","candidates":[]}],[{"start":0,"end":5,"url":null,"entity_id":"Q29","candidates":[]}],[{"start":0,"end":26,"url":null,"entity_id":"Q9259","candidates":[]}]],[[{"start":0,"end":32,"url":null,"entity_id":"Q3896939","candidates":[]}],[{"start":0,"end":30,"url":null,"entity_id":"Q764675","candidates":[]}],[{"start":0,"end":5,"url":null,"entity_id":"Q29","candidates":[]}],[{"start":0,"end":26,"url":null,"entity_id":"Q9259","candidates":[]}]],[[{"start":0,"end":34,"url":null,"entity_id":"Q20888235","candidates":[]}],[{"start":0,"end":20,"url":null,"entity_id":"Q840829","candidates":[]}],[{"start":0,"end":5,"url":null,"entity_id":"Q29","candidates":[]}],[{"start":0,"end":62,"url":null,"entity_id":"Q28034408","candidates":[]}]],[[{"start":0,"end":69,"url":null,"entity_id":"Q28662624","candidates":[]}],[{"start":0,"end":30,"url":null,"entity_id":"Q764675","candidates":[]}],[{"start":0,"end":5,"url":null,"entity_id":"Q29","candidates":[]}],[{"start":0,"end":50,"url":null,"entity_id":"Q26934132","candidates":[]}]],[[{"start":0,"end":25,"url":null,"entity_id":"Q18147974","candidates":[]}],[{"start":0,"end":14,"url":null,"entity_id":"Q46805","candidates":[]}],[{"start":0,"end":6,"url":null,"entity_id":"Q142","candidates":[]}],[{"start":0,"end":26,"url":null,"entity_id":"Q10387684","candidates":[]}]],[[{"start":0,"end":14,"url":null,"entity_id":"Q20986654","candidates":[]}],[{"start":0,"end":20,"url":null,"entity_id":"Q840829","candidates":[]}],[{"start":0,"end":8,"url":null,"entity_id":"Q45","candidates":[]}],[{"start":0,"end":29,"url":null,"entity_id":"Q908411","candidates":[]}]],[[{"start":0,"end":23,"url":null,"entity_id":"Q18213033","candidates":[]}],[{"start":0,"end":20,"url":null,"entity_id":"Q2860353","candidates":[]}],[{"start":0,"end":5,"url":null,"entity_id":"Q29","candidates":[]}],[{"start":0,"end":24,"url":null,"entity_id":"Q23712","candidates":[]}]],[[{"start":0,"end":24,"url":null,"entity_id":"Q29349599","candidates":[]}],[{"start":0,"end":30,"url":null,"entity_id":"Q764675","candidates":[]}],[{"start":0,"end":5,"url":null,"entity_id":"Q29","candidates":[]}],[{"start":0,"end":24,"url":null,"entity_id":"Q23712","candidates":[]}]],[[{"start":0,"end":16,"url":null,"entity_id":"Q27230589","candidates":[]}],[{"start":0,"end":30,"url":null,"entity_id":"Q764675","candidates":[]}],[{"start":0,"end":5,"url":null,"entity_id":"Q29","candidates":[]}],[{"start":0,"end":24,"url":null,"entity_id":"Q23712","candidates":[]}]],[[{"start":0,"end":15,"url":null,"entity_id":"Q54802080","candidates":[]}],[{"start":0,"end":20,"url":null,"entity_id":"Q840829","candidates":[]}],[{"start":0,"end":8,"url":null,"entity_id":"Q45","candidates":[]}],[{"start":0,"end":29,"url":null,"entity_id":"Q908411","candidates":[]}]]]}