{"version":"1.2","table":{"version":"2","table_id":"T4MQ4FH4","columns":[{"index":0,"name":"col0","values":["Aimalankangas","Jokimaa","Fastarby gård","Pokronlampi","Petterinpelto","Pajari","Ketunkankare","Öfverbygård 3","Pelttari","archaeological site Kö 7.1","archaeological site Kö 4.67","archaeological site Kö 4.6","archaeological site Kö 4.19","archaeological site Kö 3.1","archaeological site Kö 2.13","archaeological site Br 7.1 on Långö","archaeological site Br 12.1","Jönsas","Bodhagbergen, archaeological site Ec 3.7","Tuomi-Lehtonen-Muonamiestalot"]},{"index":1,"name":"col1","values":["registered archaeological site in Finland","registered archaeological site in Finland","registered archaeological site in Finland","registered archaeological site in Finland","registered archaeological site in Finland","registered archaeological site in Finland","registered archaeological site in Finland","registered archaeological site in Finland","registered archaeological site in Finland","site in Åland archaeological sites register","site in Åland archaeological sites register","site in Åland archaeological sites register","site in Åland archaeological sites register","site in Åland archaeological sites register","site in Åland archaeological sites register","site in Åland archaeological sites register","site in Åland archaeological sites register","registered archaeological site in Finland","site in Åland archaeological sites register","registered archaeological site in Finland"]},{"index":2,"name":"col2","values":["Lempäälä","Urjala","Raseborg","Lieksa","Raisio","Salo","Salo","Salo","Nokia","Kökar","Kökar","Kökar","Kökar","Kökar","Kökar","Brändö","Brändö","Vantaa","Eckerö","Turku"]},{"index":3,"name":"col3","values":["Finland","Finland","Finland","Finland","Finland","Finland","Finland","Finland","Finland","Finland","Finland","Finland","Finland","Finland","Finland","Finland","Finland","Finland","Finland","Finland"]}]},"context":{"page_title":null,"page_url":null,"page_entity_id":null,"content_hierarchy":[]},"links":[[[{"start":0,"end":7,"url":null,"entity_id":"Q65109807","candidates":[]}],[{"start":0,"end":41,"url":null,"entity_id":"Q31027091","candidates":[]}],[{"start":0,"end":6,"url":null,"entity_id":"Q636459","candidates":[]}],[{"start":0,"end":7,"url":null,"entity_id":"Q33","candidates":[]}]],[[{"start":0,"end":13,"url":null,"entity_id":"Q65108046","candidates":[]}],[{"start":0,"end":41,"url":null,"entity_id":"Q31027091","candidates":[]}],[{"start":0,"end":8,"url":null,"entity_id":"Q633371","candidates":[]}],[{"start":0,"end":7,"url":null,"entity_id":"Q33","candidates":[]}]],[[{"start":0,"end":11,"url":null,"entity_id":"Q65105092","candidates":[]}],[{"start":0,"end":41,"url":null,"entity_id":"Q31027091","candidates":[]}],[{"start":0,"end":6,"url":null,"entity_id":"Q608752","candidates":[]}],[{"start":0,"end":7,"url":null,"entity_id":"Q33","candidates":[]}]],[[{"start":0,"end":13,"url":null,"entity_id":"Q65108068","candidates":[]}],[{"start":0,"end":41,"url":null,"entity_id":"Q31027091","candidates":[]}],[{"start":0,"end":6,"url":null,"entity_id":"Q372075","candidates":[]}],[{"start":0,"end":7,"url":null,"entity_id":"Q33","candidates":[]}]],[[{"start":0,"end":6,"url":null,"entity_id":"Q65108773","candidates":[]}],[{"start":0,"end":41,"url":null,"entity_id":"Q31027091","candidates":[]}],[{"start":0,"end":4,"url":null,"entity_id":"Q210987","candidates":[]}],[{"start":0,"end":7,"url":null,"entity_id":"Q33","candidates":[]}]],[[{"start":0,"end":12,"url":null,"entity_id":"Q65108677","candidates":[]}],[{"start":0,"end":41,"url":null,"entity_id":"Q31027091","candidates":[]}],[{"start":0,"end":4,"url":null,"entity_id":"Q210987","candidates":[]}],[{"start":0,"end":7,"url":null,"entity_id":"Q33","candidates":[]}]],[[{"start":0,"end":13,"url":null,"entity_id":"Q65108630","candidates":[]}],[{"start":0,"end":41,"url":null,"entity_id":"Q31027091","candidates":[]}],[{"start":0,"end":4,"url":null,"entity_id":"Q210987","candidates":[]}],[{"start":0,"end":7,"url":null,"entity_id":"Q33","candidates":[]}]],[[{"start":0,"end":8,"url":null,"entity_id":"Q65106253","candidates":[]}],[{"start":0,"end":41,"url":null,"entity_id":"Q31027091","candidates":[]}],[{"start":0,"end":5,"url":null,"entity_id":"Q192870","candidates":[]}],[{"start":0,"end":7,"url":null,"entity_id":"Q33","candidates":[]}]],[[{"start":0,"end":26,"url":null,"entity_id":"Q65971258","candidates":[]}],[{"start":0,"end":43,"url":null,"entity_id":"Q65967032","candidates":[]}],[{"start":0,"end":5,"url":null,"entity_id":"Q179730","candidates":[]}],[{"start":0,"end":7,"url":null,"entity_id":"Q33","candidates":[]}]],[[{"start":0,"end":27,"url":null,"entity_id":"Q65971221","candidates":[]}],[{"start":0,"end":43,"url":null,"entity_id":"Q65967032","candidates":[]}],[{"start":0,"end":5,"url":null,"entity_id":"Q179730","candidates":[]}],[{"start":0,"end":7,"url":null,"entity_id":"Q33","candidates":[]}]],[[{"start":0,"end":26,"url":null,"entity_id":"Q65971210","candidates":[]}],[{"start":0,"end":43,"url":null,"entity_id":"Q65967032","candidates":[]}],[{"start":0,"end":5,"url":null,"entity_id":"Q179730","candidates":[]}],[{"start":0,"end":7,"url":null,"entity_id":"Q33","candidates":[]}]],[[{"start":0,"end":27,"url":null,"entity_id":"Q65971138","candidates":[]}],[{"start":0,"end":43,"url":null,"entity_id":"Q65967032","candidates":[]}],[{"start":0,"end":5,"url":null,"entity_id":"Q179730","candidates":[]}],[{"start":0,"end":7,"url":null,"entity_id":"Q33","candidates":[]}]],[[{"start":0,"end":26,"url":null,"entity_id":"Q65971124","candidates":[]}],[{"start":0,"end":43,"url":null,"entity_id":"Q65967032","candidates":[]}],[{"start":0,"end":5,"url":null,"entity_id":"Q179730","candidates":[]}],[{"start":0,"end":7,"url":null,"entity_id":"Q33","candidates":[]}]],[[{"start":0,"end":27,"url":null,"entity_id":"Q65971116","candidates":[]}],[{"start":0,"end":43,"url":null,"entity_id":"Q65967032","candidates":[]}],[{"start":0,"end":5,"url":null,"entity_id":"Q179730","candidates":[]}],[{"start":0,"end":7,"url":null,"entity_id":"Q33","candidates":[]}]],[[{"start":0,"end":35,"url":null,"entity_id":"Q66018860","candidates":[]}],[{"start":0,"end":43,"url":null,"entity_id":"Q65967032","candidates":[]}],[{"start":0,"end":6,"url":null,"entity_id":"Q179706","candidates":[]}],[{"start":0,"end":7,"url":null,"entity_id":"Q33","candidates":[]}]],[[{"start":0,"end":27,"url":null,"entity_id":"Q66018859","candidates":[]}],[{"start":0,"end":43,"url":null,"entity_id":"Q65967032","candidates":[]}],[{"start":0,"end":6,"url":null,"entity_id":"Q179706","candidates":[]}],[{"start":0,"end":7,"url":null,"entity_id":"Q33","candidates":[]}]],[[{"start":0,"end":6,"url":null,"entity_id":"Q65110142","candidates":[]}],[{"start":0,"end":41,"url":null,"entity_id":"Q31027091","candidates":[]}],[{"start":0,"end":6,"url":null,"entity_id":"Q127623","candidates":[]}],[{"start":0,"end":7,"url":null,"entity_id":"Q33","candidates":[]}]],[[{"start":0,"end":40,"url":null,"entity_id":"Q66022986","candidates":[]}],[{"start":0,"end":43,"url":null,"entity_id":"Q65967032","candidates":[]}],[{"start":0,"end":6,"url":null,"entity_id":"Q51909","candidates":[]}],[{"start":0,"end":7,"url":null,"entity_id":"Q33","candidates":[]}]],[[{"start":0,"end":29,"url":null,"entity_id":"Q65109662","candidates":[]}],[{"start":0,"end":41,"url":null,"entity_id":"Q31027091","candidates":[]}],[{"start":0,"end":5,"url":null,"entity_id":"Q38511","candidates":[]}],[{"start":0,"end":7,"url":null,"entity_id":"Q33","candidates":[]}]],[[{"start":0,"end":13,"url":null,"entity_id":"Q65105053","candidates":[]}],[{"start":0,"end":41,"url":null,"entity_id":"Q31027091","candidates":[]}],[{"start":0,"end":8,"url":null,"entity_id":"Q838821","candidates":[]}],[{"start":0,"end":7,"url":null,"entity_id":"Q33","candidates":[]}]]]}