{"version":"1.2","table":{"version":"2","table_id":"TBBKFO1I","columns":[{"index":0,"name":"col0","values":["6087 Lupo","7449 Döllen","7229 Tonimoore","9011 Angelou","13069 Umbertoeco","3519 Ambiorix","2831 Stevin","2714 Matti","24712 Boltzmann","1991 Darwin","1527 Malmquista","1418 Fayeta","1387 Kama","1060 Magnolia","1058 Grubba","6630 Skepticus","(17704) 1997 UM5","(15311) 1993 FZ22","(14851) 1989 SD","(14485) 1994 RK11","(12784) 1995 QE3","15224 Penttilä","(15317) 1993 HW1","(39846) 1998 BB37","39734 Marchiori","(37820) 1998 BL8","(37636) 1993 UQ4","(36625) 2000 QT158","(35879) 1999 JA76","(36344) 2000 NP19","(36329) 2000 LU35","(30635) 6186 P-L","(35698) 1999 CJ118","(34020) 2000 ON21","(32773) 1986 TD","(32551) 2001 QF22","(31359) 1998 UA28","(30843) 1991 JK1","(30044) 2000 EG19","(30011) 2000 CM56","(28919) 2000 QP27","28714 Gandall","(27851) 1994 VG2","(26241) 1998 QY40","(25007) 1998 PJ"]},{"index":1,"name":"col1","values":["1.7831315","1.7864667","1.7842226","1.783881","1.7834824","1.785986","1.7836753","1.7829298","1.7843271","1.7829599","1.785813","1.7856886","1.7861567","1.7848109","1.7842128","1.7842761","1.8291645","1.8290684","1.8304331","1.8302094","1.8311564","1.8313158","1.829598","1.8298674","1.8305906","1.8293628","1.8308356","1.8303056","1.8291242","1.8294246","1.8294391","1.8302464","1.8307048","1.8302136","1.8307336","1.8304248","1.8312877","1.8310228","1.8316463","1.8302159","1.8297239","1.8308664","1.8299213","1.8290478","1.8293065"]},{"index":2,"name":"col2","values":["2.077","2.66","3.043","2.913","2.961","2.554","2.666","2.706","2.904","2.715","2.67","2.697","2.73","2.69","2.608","2.68","2.6","2.677","2.473","2.94","2.916","3.002","2.77","2.723","2.915","2.851","2.689","3.506","2.714","2.589","2.938","2.702","2.487","2.927","3.727","2.92","2.714","3.589","2.546","2.532","2.827","2.682","2.79","2.783","2.926"]}]},"context":{"page_title":null,"page_url":null,"page_entity_id":null,"content_hierarchy":[]},"links":[[[{"start":0,"end":11,"url":null,"entity_id":"Q507762","candidates":[]}],[],[]],[[{"start":0,"end":14,"url":null,"entity_id":"Q282006","candidates":[]}],[],[]],[[{"start":0,"end":12,"url":null,"entity_id":"Q267084","candidates":[]}],[],[]],[[{"start":0,"end":16,"url":null,"entity_id":"Q259449","candidates":[]}],[],[]],[[{"start":0,"end":13,"url":null,"entity_id":"Q151748","candidates":[]}],[],[]],[[{"start":0,"end":11,"url":null,"entity_id":"Q150189","candidates":[]}],[],[]],[[{"start":0,"end":10,"url":null,"entity_id":"Q149981","candidates":[]}],[],[]],[[{"start":0,"end":15,"url":null,"entity_id":"Q149152","candidates":[]}],[],[]],[[{"start":0,"end":11,"url":null,"entity_id":"Q146590","candidates":[]}],[],[]],[[{"start":0,"end":15,"url":null,"entity_id":"Q140452","candidates":[]}],[],[]],[[{"start":0,"end":11,"url":null,"entity_id":"Q138940","candidates":[]}],[],[]],[[{"start":0,"end":9,"url":null,"entity_id":"Q138611","candidates":[]}],[],[]],[[{"start":0,"end":13,"url":null,"entity_id":"Q132886","candidates":[]}],[],[]],[[{"start":0,"end":11,"url":null,"entity_id":"Q132879","candidates":[]}],[],[]],[[{"start":0,"end":14,"url":null,"entity_id":"Q76779","candidates":[]}],[],[]],[[{"start":0,"end":16,"url":null,"entity_id":"Q22345033","candidates":[]}],[],[]],[[{"start":0,"end":17,"url":null,"entity_id":"Q19626231","candidates":[]}],[],[]],[[{"start":0,"end":15,"url":null,"entity_id":"Q19626014","candidates":[]}],[],[]],[[{"start":0,"end":17,"url":null,"entity_id":"Q19625798","candidates":[]}],[],[]],[[{"start":0,"end":16,"url":null,"entity_id":"Q19625008","candidates":[]}],[],[]],[[{"start":0,"end":14,"url":null,"entity_id":"Q17391539","candidates":[]}],[],[]],[[{"start":0,"end":16,"url":null,"entity_id":"Q8322491","candidates":[]}],[],[]],[[{"start":0,"end":17,"url":null,"entity_id":"Q7475282","candidates":[]}],[],[]],[[{"start":0,"end":15,"url":null,"entity_id":"Q7475120","candidates":[]}],[],[]],[[{"start":0,"end":16,"url":null,"entity_id":"Q7470774","candidates":[]}],[],[]],[[{"start":0,"end":16,"url":null,"entity_id":"Q7470340","candidates":[]}],[],[]],[[{"start":0,"end":18,"url":null,"entity_id":"Q7465224","candidates":[]}],[],[]],[[{"start":0,"end":17,"url":null,"entity_id":"Q7463579","candidates":[]}],[],[]],[[{"start":0,"end":17,"url":null,"entity_id":"Q7453621","candidates":[]}],[],[]],[[{"start":0,"end":17,"url":null,"entity_id":"Q7453499","candidates":[]}],[],[]],[[{"start":0,"end":16,"url":null,"entity_id":"Q6835353","candidates":[]}],[],[]],[[{"start":0,"end":18,"url":null,"entity_id":"Q6756313","candidates":[]}],[],[]],[[{"start":0,"end":17,"url":null,"entity_id":"Q6740329","candidates":[]}],[],[]],[[{"start":0,"end":15,"url":null,"entity_id":"Q6725319","candidates":[]}],[],[]],[[{"start":0,"end":17,"url":null,"entity_id":"Q6722586","candidates":[]}],[],[]],[[{"start":0,"end":17,"url":null,"entity_id":"Q6706967","candidates":[]}],[],[]],[[{"start":0,"end":16,"url":null,"entity_id":"Q6701180","candidates":[]}],[],[]],[[{"start":0,"end":17,"url":null,"entity_id":"Q6681921","candidates":[]}],[],[]],[[{"start":0,"end":17,"url":null,"entity_id":"Q6681391","candidates":[]}],[],[]],[[{"start":0,"end":17,"url":null,"entity_id":"Q6587404","candidates":[]}],[],[]],[[{"start":0,"end":13,"url":null,"entity_id":"Q6586338","candidates":[]}],[],[]],[[{"start":0,"end":16,"url":null,"entity_id":"Q6466914","candidates":[]}],[],[]],[[{"start":0,"end":17,"url":null,"entity_id":"Q6461799","candidates":[]}],[],[]],[[{"start":0,"end":15,"url":null,"entity_id":"Q6457088","candidates":[]}],[],[]],[[{"start":0,"end":9,"url":null,"entity_id":"Q552112","candidates":[]}],[],[]]]}