{"version":"1.2","table":{"version":"2","table_id":"TDOBIMWW","columns":[{"index":0,"name":"col0","values":["Kemper Arena","Yardmen Arena","Los Angeles Memorial Sports Arena","North Charleston Coliseum","Joe Louis Arena","Vivint Smart Home Arena","Montreal Forum","Sleep Train Arena","SAP Center","The Forum","AccorHotels Arena","United Spirit Arena","Coca-Cola Coliseum","Scotiabank Arena","The SSE Hydro","Veterans Memorial Coliseum","Mercedes-Benz Arena Berlin","Arena at Gwinnett Center","Bankers Life Fieldhouse","Bridgestone Arena"]},{"index":1,"name":"col1","values":["19500","3257","16161","13295","19275","19911","17959","16517","19190","17500","19400","15098","8140","19800","13000","12888","15000","11355","18165","19395"]},{"index":2,"name":"col2","values":["Kansas City","Belleville","University of Southern California","SMG","Olympia Entertainment","Larry H. Miller","Brookfield Office Properties","Maloof family","Silicon Valley Sports & Entertainment","The Madison Square Garden Company","business with mixed revenue streams","Texas Tech University","Maple Leaf Sports & Entertainment","Maple Leaf Sports & Entertainment","Anschutz Entertainment Group","Anschutz Entertainment Group","Anschutz Entertainment Group","Anschutz Entertainment Group","Marion County","Nashville Predators"]}]},"context":{"page_title":null,"page_url":null,"page_entity_id":null,"content_hierarchy":[]},"links":[[[{"start":0,"end":13,"url":null,"entity_id":"Q1416718","candidates":[]}],[],[{"start":0,"end":10,"url":null,"entity_id":"Q34227","candidates":[]}]],[[{"start":0,"end":33,"url":null,"entity_id":"Q1571403","candidates":[]}],[],[{"start":0,"end":33,"url":null,"entity_id":"Q4614","candidates":[]}]],[[{"start":0,"end":25,"url":null,"entity_id":"Q574113","candidates":[]}],[],[{"start":0,"end":3,"url":null,"entity_id":"Q17088423","candidates":[]}]],[[{"start":0,"end":15,"url":null,"entity_id":"Q168579","candidates":[]}],[],[{"start":0,"end":21,"url":null,"entity_id":"Q7088947","candidates":[]}]],[[{"start":0,"end":23,"url":null,"entity_id":"Q82294","candidates":[]}],[],[{"start":0,"end":15,"url":null,"entity_id":"Q6490443","candidates":[]}]],[[{"start":0,"end":14,"url":null,"entity_id":"Q367272","candidates":[]}],[],[{"start":0,"end":28,"url":null,"entity_id":"Q4974584","candidates":[]}]],[[{"start":0,"end":17,"url":null,"entity_id":"Q93831","candidates":[]}],[],[{"start":0,"end":13,"url":null,"entity_id":"Q2905421","candidates":[]}]],[[{"start":0,"end":10,"url":null,"entity_id":"Q261863","candidates":[]}],[],[{"start":0,"end":37,"url":null,"entity_id":"Q2286042","candidates":[]}]],[[{"start":0,"end":9,"url":null,"entity_id":"Q639129","candidates":[]}],[],[{"start":0,"end":33,"url":null,"entity_id":"Q1573416","candidates":[]}]],[[{"start":0,"end":17,"url":null,"entity_id":"Q537720","candidates":[]}],[],[{"start":0,"end":35,"url":null,"entity_id":"Q1430364","candidates":[]}]],[[{"start":0,"end":19,"url":null,"entity_id":"Q378655","candidates":[]}],[],[{"start":0,"end":21,"url":null,"entity_id":"Q1423756","candidates":[]}]],[[{"start":0,"end":18,"url":null,"entity_id":"Q541481","candidates":[]}],[],[{"start":0,"end":33,"url":null,"entity_id":"Q1185319","candidates":[]}]],[[{"start":0,"end":16,"url":null,"entity_id":"Q406972","candidates":[]}],[],[{"start":0,"end":33,"url":null,"entity_id":"Q1185319","candidates":[]}]],[[{"start":0,"end":13,"url":null,"entity_id":"Q610092","candidates":[]}],[],[{"start":0,"end":28,"url":null,"entity_id":"Q569417","candidates":[]}]],[[{"start":0,"end":26,"url":null,"entity_id":"Q549437","candidates":[]}],[],[{"start":0,"end":28,"url":null,"entity_id":"Q569417","candidates":[]}]],[[{"start":0,"end":26,"url":null,"entity_id":"Q265463","candidates":[]}],[],[{"start":0,"end":28,"url":null,"entity_id":"Q569417","candidates":[]}]],[[{"start":0,"end":24,"url":null,"entity_id":"Q224703","candidates":[]}],[],[{"start":0,"end":28,"url":null,"entity_id":"Q569417","candidates":[]}]],[[{"start":0,"end":23,"url":null,"entity_id":"Q545007","candidates":[]}],[],[{"start":0,"end":13,"url":null,"entity_id":"Q506230","candidates":[]}]],[[{"start":0,"end":17,"url":null,"entity_id":"Q302869","candidates":[]}],[],[{"start":0,"end":19,"url":null,"entity_id":"Q207980","candidates":[]}]],[[{"start":0,"end":12,"url":null,"entity_id":"Q1489399","candidates":[]}],[],[{"start":0,"end":11,"url":null,"entity_id":"Q41819","candidates":[]}]]]}