{"version":"1.2","table":{"version":"2","table_id":"TERJF8C8","columns":[{"index":0,"name":"col0","values":["cadmium-134","cadmium-133","cadmium-94","cadmium-132","cadmium-131","cadmium-130","cadmium-129","cadmium-128","cadmium-127","cadmium-126","cadmium-125","cadmium-124","cadmium-123","cadmium-122","cadmium-121","cadmium-120","cadmium-119","cadmium-118","cadmium-117","cadmium-101"]},{"index":1,"name":"col1","values":["48","48","48","48","48","48","48","48","48","48","48","48","48","48","48","48","48","48","48","48"]},{"index":2,"name":"col2","values":["-38920","-43920","-40140","-50263","-55218.965","-61117.589","-63058.046","-67241.89","-68747.402","-72256.802","-73348.095","-76701.672","-77414.181","-80612.374","-81073.826","-83957.354","-83977.068","-86701.641","-86418.389","-75836.456"]}]},"context":{"page_title":null,"page_url":null,"page_entity_id":null,"content_hierarchy":[]},"links":[[[{"start":0,"end":11,"url":null,"entity_id":"Q47456905","candidates":[]}],[],[]],[[{"start":0,"end":10,"url":null,"entity_id":"Q47456830","candidates":[]}],[],[]],[[{"start":0,"end":11,"url":null,"entity_id":"Q18881303","candidates":[]}],[],[]],[[{"start":0,"end":11,"url":null,"entity_id":"Q18881302","candidates":[]}],[],[]],[[{"start":0,"end":11,"url":null,"entity_id":"Q18881301","candidates":[]}],[],[]],[[{"start":0,"end":11,"url":null,"entity_id":"Q18881299","candidates":[]}],[],[]],[[{"start":0,"end":11,"url":null,"entity_id":"Q18881298","candidates":[]}],[],[]],[[{"start":0,"end":11,"url":null,"entity_id":"Q18881297","candidates":[]}],[],[]],[[{"start":0,"end":11,"url":null,"entity_id":"Q18881296","candidates":[]}],[],[]],[[{"start":0,"end":11,"url":null,"entity_id":"Q18881294","candidates":[]}],[],[]],[[{"start":0,"end":11,"url":null,"entity_id":"Q18881293","candidates":[]}],[],[]],[[{"start":0,"end":11,"url":null,"entity_id":"Q18881291","candidates":[]}],[],[]],[[{"start":0,"end":11,"url":null,"entity_id":"Q18881290","candidates":[]}],[],[]],[[{"start":0,"end":11,"url":null,"entity_id":"Q18881288","candidates":[]}],[],[]],[[{"start":0,"end":11,"url":null,"entity_id":"Q18881287","candidates":[]}],[],[]],[[{"start":0,"end":11,"url":null,"entity_id":"Q18881285","candidates":[]}],[],[]],[[{"start":0,"end":11,"url":null,"entity_id":"Q18881284","candidates":[]}],[],[]],[[{"start":0,"end":11,"url":null,"entity_id":"Q18881281","candidates":[]}],[],[]],[[{"start":0,"end":11,"url":null,"entity_id":"Q18881273","candidates":[]}],[],[]],[[{"start":0,"end":11,"url":null,"entity_id":"Q47456913","candidates":[]}],[],[]]]}