{"version":"1.2","table":{"version":"2","table_id":"TEXL3KJA","columns":[{"index":0,"name":"col0","values":["Karelian Research Centre of RAS","Rizzoli Orthopedic Institute","Hellenic instute of byzantine and post-byzantine studies","National Oceanography Centre","Institute of Geophysics","University of New South Wales","Mathematical Research Institute of Oberwolfach","Mauna Kea Observatories","Max Planck Institute for Psycholinguistics","University of Bamberg","Max Planck Institute for Biophysical Chemistry","GSI Helmholtz Centre for Heavy Ion Research","Argonne National Laboratory","German Archaeological Institute","Ocean Networks Canada","Estación Experimental de Zonas Áridas","African Studies Centre Leiden","Curie Institute","State Institute for Music Research","Institute for Occupational Safety and Health"]},{"index":1,"name":"col1","values":["Institute of Geology of the Karelian Research Center","San Michele in Bosco","Museum of icons","National Oceanography Centre, Southampton","Geofyzikální muzeum (Skalná)","National Institute of Dramatic Art","Library of the Mathematisches Forschungsinstitut Oberwolfach","Submillimeter Array","Library of the Max Planck Institute for Psycholinguistics","Bamberg University Library","Otto-Hahn-Library of the Max Planck Institute for Biophysical Chemistry","ExtreMe Matter Institute","Track Imaging Cherenkov Experiment","German Archaeological Institute at Athens","NEPTUNE","Experimental Farm \"La Hoya\"","African Studies Centre Library","René Huguenin Hospital","Berlin Musical Instrument Museum","Berufsgenossenschaftliches Institut für Arbeitssicherheit"]},{"index":2,"name":"col2","values":["Petrozavodsk","Bologna","Venice","Southampton","Prague","Kensington","Oberwolfach","Hawaii County","Nijmegen","Bamberg","Göttingen","Mainz","Illinois","Berlin","Victoria","Almería","Leiden","Paris","Berlin","Sankt Augustin"]}]},"context":{"page_title":null,"page_url":null,"page_entity_id":null,"content_hierarchy":[]},"links":[[[{"start":0,"end":28,"url":null,"entity_id":"Q3803656","candidates":[]}],[{"start":0,"end":20,"url":null,"entity_id":"Q3685212","candidates":[]}],[{"start":0,"end":7,"url":null,"entity_id":"Q1891","candidates":[]}]],[[{"start":0,"end":56,"url":null,"entity_id":"Q4148754","candidates":[]}],[{"start":0,"end":15,"url":null,"entity_id":"Q63331707","candidates":[]}],[{"start":0,"end":6,"url":null,"entity_id":"Q641","candidates":[]}]],[[{"start":0,"end":28,"url":null,"entity_id":"Q12812368","candidates":[]}],[{"start":0,"end":41,"url":null,"entity_id":"Q6974623","candidates":[]}],[{"start":0,"end":11,"url":null,"entity_id":"Q79848","candidates":[]}]],[[{"start":0,"end":23,"url":null,"entity_id":"Q12018164","candidates":[]}],[{"start":0,"end":28,"url":null,"entity_id":"Q26868363","candidates":[]}],[{"start":0,"end":6,"url":null,"entity_id":"Q1085","candidates":[]}]],[[{"start":0,"end":29,"url":null,"entity_id":"Q734764","candidates":[]}],[{"start":0,"end":34,"url":null,"entity_id":"Q1815371","candidates":[]}],[{"start":0,"end":10,"url":null,"entity_id":"Q2916106","candidates":[]}]],[[{"start":0,"end":46,"url":null,"entity_id":"Q656142","candidates":[]}],[{"start":0,"end":60,"url":null,"entity_id":"Q28737831","candidates":[]}],[{"start":0,"end":11,"url":null,"entity_id":"Q557688","candidates":[]}]],[[{"start":0,"end":23,"url":null,"entity_id":"Q831790","candidates":[]}],[{"start":0,"end":19,"url":null,"entity_id":"Q1205241","candidates":[]}],[{"start":0,"end":13,"url":null,"entity_id":"Q487334","candidates":[]}]],[[{"start":0,"end":42,"url":null,"entity_id":"Q832911","candidates":[]}],[{"start":0,"end":57,"url":null,"entity_id":"Q28720135","candidates":[]}],[{"start":0,"end":8,"url":null,"entity_id":"Q47887","candidates":[]}]],[[{"start":0,"end":21,"url":null,"entity_id":"Q707272","candidates":[]}],[{"start":0,"end":26,"url":null,"entity_id":"Q23786596","candidates":[]}],[{"start":0,"end":7,"url":null,"entity_id":"Q3936","candidates":[]}]],[[{"start":0,"end":46,"url":null,"entity_id":"Q836125","candidates":[]}],[{"start":0,"end":71,"url":null,"entity_id":"Q28720020","candidates":[]}],[{"start":0,"end":9,"url":null,"entity_id":"Q3033","candidates":[]}]],[[{"start":0,"end":43,"url":null,"entity_id":"Q703993","candidates":[]}],[{"start":0,"end":24,"url":null,"entity_id":"Q54820063","candidates":[]}],[{"start":0,"end":5,"url":null,"entity_id":"Q1720","candidates":[]}]],[[{"start":0,"end":27,"url":null,"entity_id":"Q649120","candidates":[]}],[{"start":0,"end":34,"url":null,"entity_id":"Q7831479","candidates":[]}],[{"start":0,"end":8,"url":null,"entity_id":"Q1204","candidates":[]}]],[[{"start":0,"end":31,"url":null,"entity_id":"Q695302","candidates":[]}],[{"start":0,"end":41,"url":null,"entity_id":"Q833782","candidates":[]}],[{"start":0,"end":6,"url":null,"entity_id":"Q64","candidates":[]}]],[[{"start":0,"end":21,"url":null,"entity_id":"Q16959841","candidates":[]}],[{"start":0,"end":7,"url":null,"entity_id":"Q1977857","candidates":[]}],[{"start":0,"end":8,"url":null,"entity_id":"Q2132","candidates":[]}]],[[{"start":0,"end":37,"url":null,"entity_id":"Q5842226","candidates":[]}],[{"start":0,"end":27,"url":null,"entity_id":"Q6062823","candidates":[]}],[{"start":0,"end":7,"url":null,"entity_id":"Q10400","candidates":[]}]],[[{"start":0,"end":29,"url":null,"entity_id":"Q2174585","candidates":[]}],[{"start":0,"end":30,"url":null,"entity_id":"Q62518728","candidates":[]}],[{"start":0,"end":6,"url":null,"entity_id":"Q43631","candidates":[]}]],[[{"start":0,"end":15,"url":null,"entity_id":"Q2451973","candidates":[]}],[{"start":0,"end":22,"url":null,"entity_id":"Q22924354","candidates":[]}],[{"start":0,"end":5,"url":null,"entity_id":"Q90","candidates":[]}]],[[{"start":0,"end":34,"url":null,"entity_id":"Q2324586","candidates":[]}],[{"start":0,"end":32,"url":null,"entity_id":"Q567069","candidates":[]}],[{"start":0,"end":6,"url":null,"entity_id":"Q64","candidates":[]}]],[[{"start":0,"end":44,"url":null,"entity_id":"Q896270","candidates":[]}],[{"start":0,"end":57,"url":null,"entity_id":"Q28738480","candidates":[]}],[{"start":0,"end":14,"url":null,"entity_id":"Q4090","candidates":[]}]],[[{"start":0,"end":31,"url":null,"entity_id":"Q4214946","candidates":[]}],[{"start":0,"end":52,"url":null,"entity_id":"Q4201466","candidates":[]}],[{"start":0,"end":12,"url":null,"entity_id":"Q1895","candidates":[]}]]]}