{"version":"1.2","table":{"version":"2","table_id":"TFRAKC0K","columns":[{"index":0,"name":"col0","values":["From Vækerø","Portrait of J.C. Dahl (landscape painter)","The Last Judgment","Portrait of Albert VII, Archduke of Austria (1559-1621); sovereign of the Habsburg Netherlands, BE SA 322525","Portrait of Balten, Pieter (ca. 1527 - ca. 1584); poet and painter, BE SA 322537","Portrait of Joannes van Bosco (1613-1684); franciscan, BE SA 322550","Portrait of Peeter Van Bredael,  BE SA 335837","Van Bavegem, Petrus Joannes (1745-1805); physician, BE SA 335832","Álvarez de Toledo, Fernando (1507-1582); Duke of Alva and sovereign of the Habsburg Netherlands, BE SA 322529","Portrait of Albert VII, Archduke of Austria (1559-1621); sovereign of the Habsburg Netherlands and Isabella of  Spain (1566-1633); archdutchess and sovereign of the Habsburg Netherlands, BE SA 322522","Portrait of Pieter Van Avont (1600-1652); painter, BE SA 335830","Portrait of Bloemaert, Abraham (1566-1651); painter, BE SA 322543","Portrait of Otto van Veen (1556-1629), BE SA 335917","The Ill-Assorted Couple","The Ill-Assorted Couple","Johann Andreas Cramer","Madonna and Child with a Monkey","Nemesis","Nemesis","Three small dogs"]},{"index":1,"name":"col1","values":["294","213","35.6","16","140","185","245","200","175","205","215","105","24.5","15.88","14.9","31","18.2","33.5","33.2","90"]},{"index":2,"name":"col2","values":["392","178","49","12","80","145","170","115","120","165","145","100","16","14.92","13.8","21.8","12.5","23.3","23.2","149"]}]},"context":{"page_title":null,"page_url":null,"page_entity_id":null,"content_hierarchy":[]},"links":[[[{"start":0,"end":41,"url":null,"entity_id":"Q72554797","candidates":[]}],[],[]],[[{"start":0,"end":17,"url":null,"entity_id":"Q64955980","candidates":[]}],[],[]],[[{"start":0,"end":108,"url":null,"entity_id":"Q63052884","candidates":[]}],[],[]],[[{"start":0,"end":80,"url":null,"entity_id":"Q63052523","candidates":[]}],[],[]],[[{"start":0,"end":67,"url":null,"entity_id":"Q63052482","candidates":[]}],[],[]],[[{"start":0,"end":45,"url":null,"entity_id":"Q63052407","candidates":[]}],[],[]],[[{"start":0,"end":64,"url":null,"entity_id":"Q63052370","candidates":[]}],[],[]],[[{"start":0,"end":109,"url":null,"entity_id":"Q63052364","candidates":[]}],[],[]],[[{"start":0,"end":199,"url":null,"entity_id":"Q63052220","candidates":[]}],[],[]],[[{"start":0,"end":63,"url":null,"entity_id":"Q63052084","candidates":[]}],[],[]],[[{"start":0,"end":65,"url":null,"entity_id":"Q63052046","candidates":[]}],[],[]],[[{"start":0,"end":51,"url":null,"entity_id":"Q63039017","candidates":[]}],[],[]],[[{"start":0,"end":23,"url":null,"entity_id":"Q58793268","candidates":[]}],[],[]],[[{"start":0,"end":23,"url":null,"entity_id":"Q58792732","candidates":[]}],[],[]],[[{"start":0,"end":21,"url":null,"entity_id":"Q41344944","candidates":[]}],[],[]],[[{"start":0,"end":31,"url":null,"entity_id":"Q41132872","candidates":[]}],[],[]],[[{"start":0,"end":7,"url":null,"entity_id":"Q25253495","candidates":[]}],[],[]],[[{"start":0,"end":7,"url":null,"entity_id":"Q25252922","candidates":[]}],[],[]],[[{"start":0,"end":16,"url":null,"entity_id":"Q20968205","candidates":[]}],[],[]],[[{"start":0,"end":11,"url":null,"entity_id":"Q72669557","candidates":[]}],[],[]]]}