{"version":"1.2","table":{"version":"2","table_id":"TG4Q7EQ2","columns":[{"index":0,"name":"col0","values":["Yu-Gi-Oh! Capsule Monters","Hello Kitty's Furr| Tdle Theater","Metsage from Space: Galactic Wars","Unoffical Sentai Akibaranger","Cutie Honfy: Thg Live","Ohisamc","Time Jam:Valerian & Laureline","Ultrman Nexus","word Art Online","Miss Sheulock","Sekai no!Chuushin de, Ai wo Sakebu","Celms at Work!","Fairy Tdil","Dfath Note","Ymegoku: Yakuza Yamete Itadakimasu","Dr.Riotarō","Moarch: The Big Bear of Tallac","Tyania","Once Xpon a Time... Space","Marumo no Okte"]},{"index":1,"name":"col1","values":["12.096","26.233999999999998","27.054","26.0","25.948","155.376","39.8","37.037","73.146","7.92","10.978","12.87","327.344","11.088000000000001","9.91","9.99","25.766","26.26","26.233999999999998","11.088000000000001"]},{"index":2,"name":"col2","values":["0.998","1.009","0.998","1.988","1.006","1.007","1.008","1.01","3.0089999999999995","0.997","0.997","0.995","8.919","0.998","0.991","0.991","1.005","1.01","0.995","0.99"]}]},"context":{"page_title":null,"page_url":null,"page_entity_id":null,"content_hierarchy":[]},"links":[[[{"start":0,"end":32,"url":null,"entity_id":"Q3129904","candidates":[]}],[],[]],[[{"start":0,"end":33,"url":null,"entity_id":"Q2777601","candidates":[]}],[],[]],[[{"start":0,"end":28,"url":null,"entity_id":"Q2773983","candidates":[]}],[],[]],[[{"start":0,"end":21,"url":null,"entity_id":"Q2758181","candidates":[]}],[],[]],[[{"start":0,"end":7,"url":null,"entity_id":"Q2757970","candidates":[]}],[],[]],[[{"start":0,"end":29,"url":null,"entity_id":"Q2743635","candidates":[]}],[],[]],[[{"start":0,"end":13,"url":null,"entity_id":"Q2735562","candidates":[]}],[],[]],[[{"start":0,"end":15,"url":null,"entity_id":"Q63348493","candidates":[]}],[],[]],[[{"start":0,"end":13,"url":null,"entity_id":"Q52204741","candidates":[]}],[],[]],[[{"start":0,"end":34,"url":null,"entity_id":"Q25408749","candidates":[]}],[],[]],[[{"start":0,"end":14,"url":null,"entity_id":"Q22123892","candidates":[]}],[],[]],[[{"start":0,"end":10,"url":null,"entity_id":"Q21820671","candidates":[]}],[],[]],[[{"start":0,"end":10,"url":null,"entity_id":"Q19961524","candidates":[]}],[],[]],[[{"start":0,"end":34,"url":null,"entity_id":"Q19693301","candidates":[]}],[],[]],[[{"start":0,"end":10,"url":null,"entity_id":"Q19360344","candidates":[]}],[],[]],[[{"start":0,"end":30,"url":null,"entity_id":"Q1677312","candidates":[]}],[],[]],[[{"start":0,"end":6,"url":null,"entity_id":"Q1413399","candidates":[]}],[],[]],[[{"start":0,"end":25,"url":null,"entity_id":"Q1366626","candidates":[]}],[],[]],[[{"start":0,"end":14,"url":null,"entity_id":"Q1353486","candidates":[]}],[],[]],[[{"start":0,"end":25,"url":null,"entity_id":"Q3273001","candidates":[]}],[],[]]]}