{"version":"1.2","table":{"version":"2","table_id":"TI8LLHON","columns":[{"index":0,"name":"col0","values":["Palau","Papua New Guinha","Vdnuatu","SolomonIslands","Samoa","Tonga","India","Nw Zealand","Chad","East Tmor","Camboia","North Kotea","Peru","Argentna","xstrali","Shrbic","Armeni","Liechtestein","Singapqre","Chile"]},{"index":1,"name":"col1","values":["69.75143342999999","65.87172","72.493665","70.230918","74.487909","73.10202899999999","68.35432","81.04115292","52.638484999999996","69.156524","68.70507599999999","71.469945","74.23317","76.270692","83.24249999999999","75.53997608","74.24490999999999","83.06938049999998","83.37468583999998","79.91960999999999"]},{"index":2,"name":"col2","values":["119.52","240.71999999999997","222.2","219.56","232.3","238.07999999999998","231.60999999999999","229.77","218.46","220.44","230.22999999999996","110.66","221.98","219.78","230.92","231.60999999999999","218.68","232.06999999999996","228.85","218.46"]},{"index":3,"name":"col3","values":["15.904","21.042","20.937","17.874","18.981","18.0","18.036","17.982","14.865","17.136","17.856","17.084999999999997","18.017999999999997","17.874","15.984","18.125999999999998","17.946","18.089999999999996","21.020999999999997","17.82"]}]},"context":{"page_title":null,"page_url":null,"page_entity_id":null,"content_hierarchy":[]},"links":[[[{"start":0,"end":16,"url":null,"entity_id":"Q691","candidates":[]}],[],[],[]],[[{"start":0,"end":7,"url":null,"entity_id":"Q686","candidates":[]}],[],[],[]],[[{"start":0,"end":14,"url":null,"entity_id":"Q685","candidates":[]}],[],[],[]],[[{"start":0,"end":5,"url":null,"entity_id":"Q683","candidates":[]}],[],[],[]],[[{"start":0,"end":5,"url":null,"entity_id":"Q678","candidates":[]}],[],[],[]],[[{"start":0,"end":5,"url":null,"entity_id":"Q668","candidates":[]}],[],[],[]],[[{"start":0,"end":10,"url":null,"entity_id":"Q664","candidates":[]}],[],[],[]],[[{"start":0,"end":4,"url":null,"entity_id":"Q657","candidates":[]}],[],[],[]],[[{"start":0,"end":9,"url":null,"entity_id":"Q574","candidates":[]}],[],[],[]],[[{"start":0,"end":7,"url":null,"entity_id":"Q424","candidates":[]}],[],[],[]],[[{"start":0,"end":11,"url":null,"entity_id":"Q423","candidates":[]}],[],[],[]],[[{"start":0,"end":4,"url":null,"entity_id":"Q419","candidates":[]}],[],[],[]],[[{"start":0,"end":8,"url":null,"entity_id":"Q414","candidates":[]}],[],[],[]],[[{"start":0,"end":7,"url":null,"entity_id":"Q408","candidates":[]}],[],[],[]],[[{"start":0,"end":6,"url":null,"entity_id":"Q403","candidates":[]}],[],[],[]],[[{"start":0,"end":6,"url":null,"entity_id":"Q399","candidates":[]}],[],[],[]],[[{"start":0,"end":12,"url":null,"entity_id":"Q347","candidates":[]}],[],[],[]],[[{"start":0,"end":9,"url":null,"entity_id":"Q334","candidates":[]}],[],[],[]],[[{"start":0,"end":5,"url":null,"entity_id":"Q298","candidates":[]}],[],[],[]],[[{"start":0,"end":5,"url":null,"entity_id":"Q695","candidates":[]}],[],[],[]]]}