{"version":"1.2","table":{"version":"2","table_id":"TJXCZHMJ","columns":[{"index":0,"name":"col0","values":["Ohkay Owingeh","Moore","Old Forge","Oella, Maryland","Lake Hughes","Eagle Crest Resort","Navarre","Andes","Bridgewater","Bellfountain, Oregon","Edwards","Babb","Silver Lake","Allensville","Plymouth Meeting","Rose Lodge","Bolinas","Marin City","Suitland","Altmar"]},{"index":1,"name":"col1","values":["9.957501","1.3","2","130","10.687","15.2","75.973639","3.602549","2.531759","1.3","2.490698","24.76","1.48","2.425372","3.8","24.830328","15.090533","0.537","10877950","5.38675"]},{"index":2,"name":"col2","values":["Mountain Time Zone","UTC−07:00","Eastern Time Zone","UTC−05:00","Pacific Time Zone","UTC−08:00","Central Time Zone","Eastern Time Zone","Eastern Time Zone","UTC−08:00","Eastern Time Zone","Mountain Time Zone","UTC−08:00","Central Time Zone","UTC−05:00","UTC−08:00","UTC−08:00","UTC−08:00","Eastern Time Zone","Eastern Time Zone"]},{"index":3,"name":"col3","values":["1726","1904","566","101","984","930","10","1598","369","101","204","1379","1324","180","184","55","11","7","290","175"]},{"index":4,"name":"col4","values":["1540-01-01","1895-01-01","1798-01-01","1808-01-01","1873-01-01","1985-01-01","1693-01-01","1861-01-03","1825-04-21","1895-01-01","1814-01-01","1905-01-01","1875-12-09","1867-01-01","1686-01-01","1908-01-01","1863-01-01","1942-01-01","1867-01-01","1813-01-01"]}]},"context":{"page_title":null,"page_url":null,"page_entity_id":null,"content_hierarchy":[]},"links":[[[{"start":0,"end":5,"url":null,"entity_id":"Q6908114","candidates":[]}],[],[{"start":0,"end":9,"url":null,"entity_id":"Q2212","candidates":[]}],[],[]],[[{"start":0,"end":9,"url":null,"entity_id":"Q7084012","candidates":[]}],[],[{"start":0,"end":17,"url":null,"entity_id":"Q941023","candidates":[]}],[],[]],[[{"start":0,"end":15,"url":null,"entity_id":"Q7078548","candidates":[]}],[],[{"start":0,"end":9,"url":null,"entity_id":"Q5390","candidates":[]}],[],[]],[[{"start":0,"end":11,"url":null,"entity_id":"Q6476239","candidates":[]}],[],[{"start":0,"end":17,"url":null,"entity_id":"Q847142","candidates":[]}],[],[]],[[{"start":0,"end":18,"url":null,"entity_id":"Q5325065","candidates":[]}],[],[{"start":0,"end":9,"url":null,"entity_id":"Q2204","candidates":[]}],[],[]],[[{"start":0,"end":7,"url":null,"entity_id":"Q3470764","candidates":[]}],[],[{"start":0,"end":17,"url":null,"entity_id":"Q2086913","candidates":[]}],[],[]],[[{"start":0,"end":5,"url":null,"entity_id":"Q3472275","candidates":[]}],[],[{"start":0,"end":17,"url":null,"entity_id":"Q941023","candidates":[]}],[],[]],[[{"start":0,"end":11,"url":null,"entity_id":"Q3461734","candidates":[]}],[],[{"start":0,"end":17,"url":null,"entity_id":"Q941023","candidates":[]}],[],[]],[[{"start":0,"end":20,"url":null,"entity_id":"Q4883986","candidates":[]}],[],[{"start":0,"end":9,"url":null,"entity_id":"Q2204","candidates":[]}],[],[]],[[{"start":0,"end":7,"url":null,"entity_id":"Q3460834","candidates":[]}],[],[{"start":0,"end":17,"url":null,"entity_id":"Q941023","candidates":[]}],[],[]],[[{"start":0,"end":4,"url":null,"entity_id":"Q4837574","candidates":[]}],[],[{"start":0,"end":18,"url":null,"entity_id":"Q3134980","candidates":[]}],[],[]],[[{"start":0,"end":11,"url":null,"entity_id":"Q3459587","candidates":[]}],[],[{"start":0,"end":9,"url":null,"entity_id":"Q2204","candidates":[]}],[],[]],[[{"start":0,"end":11,"url":null,"entity_id":"Q3317137","candidates":[]}],[],[{"start":0,"end":17,"url":null,"entity_id":"Q2086913","candidates":[]}],[],[]],[[{"start":0,"end":16,"url":null,"entity_id":"Q1183878","candidates":[]}],[],[{"start":0,"end":9,"url":null,"entity_id":"Q5390","candidates":[]}],[],[]],[[{"start":0,"end":10,"url":null,"entity_id":"Q2688786","candidates":[]}],[],[{"start":0,"end":9,"url":null,"entity_id":"Q2204","candidates":[]}],[],[]],[[{"start":0,"end":7,"url":null,"entity_id":"Q2686131","candidates":[]}],[],[{"start":0,"end":9,"url":null,"entity_id":"Q2204","candidates":[]}],[],[]],[[{"start":0,"end":10,"url":null,"entity_id":"Q2586362","candidates":[]}],[],[{"start":0,"end":9,"url":null,"entity_id":"Q2204","candidates":[]}],[],[]],[[{"start":0,"end":8,"url":null,"entity_id":"Q3886817","candidates":[]}],[],[{"start":0,"end":17,"url":null,"entity_id":"Q941023","candidates":[]}],[],[]],[[{"start":0,"end":6,"url":null,"entity_id":"Q2417439","candidates":[]}],[],[{"start":0,"end":17,"url":null,"entity_id":"Q941023","candidates":[]}],[],[]],[[{"start":0,"end":13,"url":null,"entity_id":"Q13437115","candidates":[]}],[],[{"start":0,"end":18,"url":null,"entity_id":"Q3134980","candidates":[]}],[],[]]]}