{"version":"1.2","table":{"version":"2","table_id":"TJXQHBYL","columns":[{"index":0,"name":"col0","values":["Dráteničky","Bílá skála (Žďárské vrchy)","Přírodní památka Bučina - Spálený kopec","V Koutech","V Dubech","Quarré","Dobšena","Kočičí skály","Částrovické rybníky","Vachalka","Valachov","Daliboř","Vlčí kámen (Žďárské vrchy)","U Tučkovy hájenky","Velké bahno","Vústra","U Kunštátské kaple","Mlýnský potok a Uhlířky","Devět skal","Naděje"]},{"index":1,"name":"col1","values":["Žďárské vrchy Protected Landscape Area","Žďárské vrchy Protected Landscape Area","Žďárské vrchy Protected Landscape Area","Železné hory Protected Landscape Area","Český ráj Protected Landscape Area","Jizerské hory Protected Landscape Area","Bílé Karpaty Protected Landscape Area","Broumovsko Protected Landscape Area","Blaník Protected Landscape Area","Beskydy Protected Landscape Area","Křivoklátsko Protected Landscape Area","Litovelské Pomoraví Protected Landscape Area","Žďárské vrchy Protected Landscape Area","Žďárské vrchy Protected Landscape Area","Šumava Protected Landscape Area","Český ráj Protected Landscape Area","Orlické hory Protected Landscape Area","Žďárské vrchy Protected Landscape Area","Žďárské vrchy Protected Landscape Area","Lužické hory Protected Landscape Area"]},{"index":2,"name":"col2","values":["1976-01-29","1979-03-08","2010-10-05","1949-05-30","1998-01-01","2008-01-01","1982-09-16","1956-07-04","2001-06-20","1999-12-16","1977-11-29","1992-04-01","1990-11-15","1990-12-01","1992-05-27","1996-01-01","1973-10-24","1984-04-05","1976-01-01","1966-08-04"]}]},"context":{"page_title":null,"page_url":null,"page_entity_id":null,"content_hierarchy":[]},"links":[[[{"start":0,"end":26,"url":null,"entity_id":"Q11706532","candidates":[]}],[{"start":0,"end":38,"url":null,"entity_id":"Q8465757","candidates":[]}],[]],[[{"start":0,"end":39,"url":null,"entity_id":"Q11706231","candidates":[]}],[{"start":0,"end":38,"url":null,"entity_id":"Q8465757","candidates":[]}],[]],[[{"start":0,"end":9,"url":null,"entity_id":"Q11865447","candidates":[]}],[{"start":0,"end":37,"url":null,"entity_id":"Q8465728","candidates":[]}],[]],[[{"start":0,"end":8,"url":null,"entity_id":"Q11865843","candidates":[]}],[{"start":0,"end":34,"url":null,"entity_id":"Q8465664","candidates":[]}],[]],[[{"start":0,"end":6,"url":null,"entity_id":"Q11863379","candidates":[]}],[{"start":0,"end":38,"url":null,"entity_id":"Q8465303","candidates":[]}],[]],[[{"start":0,"end":7,"url":null,"entity_id":"Q11813012","candidates":[]}],[{"start":0,"end":37,"url":null,"entity_id":"Q8465260","candidates":[]}],[]],[[{"start":0,"end":12,"url":null,"entity_id":"Q11740676","candidates":[]}],[{"start":0,"end":35,"url":null,"entity_id":"Q8465235","candidates":[]}],[]],[[{"start":0,"end":19,"url":null,"entity_id":"Q11386412","candidates":[]}],[{"start":0,"end":31,"url":null,"entity_id":"Q8465184","candidates":[]}],[]],[[{"start":0,"end":8,"url":null,"entity_id":"Q11867180","candidates":[]}],[{"start":0,"end":32,"url":null,"entity_id":"Q3491363","candidates":[]}],[]],[[{"start":0,"end":8,"url":null,"entity_id":"Q11870031","candidates":[]}],[{"start":0,"end":37,"url":null,"entity_id":"Q1429234","candidates":[]}],[]],[[{"start":0,"end":7,"url":null,"entity_id":"Q11774126","candidates":[]}],[{"start":0,"end":44,"url":null,"entity_id":"Q916910","candidates":[]}],[]],[[{"start":0,"end":26,"url":null,"entity_id":"Q11920881","candidates":[]}],[{"start":0,"end":38,"url":null,"entity_id":"Q8465757","candidates":[]}],[]],[[{"start":0,"end":17,"url":null,"entity_id":"Q11876990","candidates":[]}],[{"start":0,"end":38,"url":null,"entity_id":"Q8465757","candidates":[]}],[]],[[{"start":0,"end":11,"url":null,"entity_id":"Q11878963","candidates":[]}],[{"start":0,"end":31,"url":null,"entity_id":"Q8465690","candidates":[]}],[]],[[{"start":0,"end":6,"url":null,"entity_id":"Q11993344","candidates":[]}],[{"start":0,"end":34,"url":null,"entity_id":"Q8465664","candidates":[]}],[]],[[{"start":0,"end":18,"url":null,"entity_id":"Q11876961","candidates":[]}],[{"start":0,"end":37,"url":null,"entity_id":"Q8465509","candidates":[]}],[]],[[{"start":0,"end":23,"url":null,"entity_id":"Q9392733","candidates":[]}],[{"start":0,"end":38,"url":null,"entity_id":"Q8465757","candidates":[]}],[]],[[{"start":0,"end":10,"url":null,"entity_id":"Q573570","candidates":[]}],[{"start":0,"end":38,"url":null,"entity_id":"Q8465757","candidates":[]}],[]],[[{"start":0,"end":6,"url":null,"entity_id":"Q1811654","candidates":[]}],[{"start":0,"end":37,"url":null,"entity_id":"Q8465387","candidates":[]}],[]],[[{"start":0,"end":10,"url":null,"entity_id":"Q11831053","candidates":[]}],[{"start":0,"end":38,"url":null,"entity_id":"Q8465757","candidates":[]}],[]]]}