[{"version":1,"nodes":[{"col_index":0,"label":"col0","id":0},{"col_index":1,"label":"col1","id":1},{"abs_uri":"http://www.wikidata.org/entity/Q2143354","rel_uri":"wd:Q2143354","approximation":false,"readable_label":"insurance company (Q2143354)","id":2},{"abs_uri":"http://www.wikidata.org/entity/Q891723","rel_uri":"wd:Q891723","approximation":false,"readable_label":"public company (Q891723)","id":3}],"edges":[{"source":2,"target":0,"abs_uri":"http://www.w3.org/2000/01/rdf-schema#label","rel_uri":"rdfs:label","approximation":false,"readable_label":"rdfs:label","id":0},{"source":3,"target":1,"abs_uri":"http://www.w3.org/2000/01/rdf-schema#label","rel_uri":"rdfs:label","approximation":false,"readable_label":"rdfs:label","id":1},{"source":2,"target":3,"abs_uri":"http://www.wikidata.org/prop/P749","rel_uri":"p:P749","approximation":false,"readable_label":"parent organization (P749)","id":2}]}]