{"version":"1.2","table":{"version":"2","table_id":"ABXE0JBK","columns":[{"index":0,"name":"col0","values":["Šolta","Sućurj","Čavle","Brnje","Jelsa","Erdut","Trinja","Gvoz / Vrginmost","Dugi Rct","Pučišć","ovran","Veliki GrĒevac","Klis","Kumrovhc","Lišae Ostrovičke","Smokvicd","ribunj","Jasenovaf, Sisak-Mpslavina County","Piovac","Brela"]},{"index":1,"name":"col1","values":["58.111830000000005","44.2928","84.12579","357.86178","145.5486","157.842","125.1087","211.1256","10.8864","105.258","21.104999999999997","166.4884","177.68489999999997","15.856","49.47072","24.8157","2551.598","168.5","25.296","20.2"]},{"index":2,"name":"col2","values":["235.528","0.0","318.15","467.593","3.0149999999999997","159.264","85.828","132.048","0.0","0.0","0.0","145.708","290.86999999999995","178.463","0.0","121.146","5.05","93.372","11.022","0.0"]}]},"context":{"page_title":null,"page_url":null,"page_entity_id":null,"content_hierarchy":[]},"links":[[[{"start":0,"end":5,"url":null,"entity_id":"Q392225","candidates":[]}],[],[]],[[{"start":0,"end":6,"url":null,"entity_id":"Q370650","candidates":[]}],[],[]],[[{"start":0,"end":5,"url":null,"entity_id":"Q337798","candidates":[]}],[],[]],[[{"start":0,"end":5,"url":null,"entity_id":"Q283566","candidates":[]}],[],[]],[[{"start":0,"end":5,"url":null,"entity_id":"Q239903","candidates":[]}],[],[]],[[{"start":0,"end":5,"url":null,"entity_id":"Q220669","candidates":[]}],[],[]],[[{"start":0,"end":6,"url":null,"entity_id":"Q208178","candidates":[]}],[],[]],[[{"start":0,"end":16,"url":null,"entity_id":"Q4550","candidates":[]}],[],[]],[[{"start":0,"end":8,"url":null,"entity_id":"Q775571","candidates":[]}],[],[]],[[{"start":0,"end":6,"url":null,"entity_id":"Q769612","candidates":[]}],[],[]],[[{"start":0,"end":5,"url":null,"entity_id":"Q757311","candidates":[]}],[],[]],[[{"start":0,"end":14,"url":null,"entity_id":"Q744840","candidates":[]}],[],[]],[[{"start":0,"end":4,"url":null,"entity_id":"Q738630","candidates":[]}],[],[]],[[{"start":0,"end":8,"url":null,"entity_id":"Q696051","candidates":[]}],[],[]],[[{"start":0,"end":16,"url":null,"entity_id":"Q660107","candidates":[]}],[],[]],[[{"start":0,"end":8,"url":null,"entity_id":"Q609468","candidates":[]}],[],[]],[[{"start":0,"end":6,"url":null,"entity_id":"Q607058","candidates":[]}],[],[]],[[{"start":0,"end":33,"url":null,"entity_id":"Q605889","candidates":[]}],[],[]],[[{"start":0,"end":6,"url":null,"entity_id":"Q600410","candidates":[]}],[],[]],[[{"start":0,"end":5,"url":null,"entity_id":"Q582946","candidates":[]}],[],[]]]}