{"version":"1.2","table":{"version":"2","table_id":"ADQ47DCG","columns":[{"index":0,"name":"col0","values":["Mulhouse Alsace Agglomération","Communauté intercommunale des Villes solidaires","Agglomeration community of Hénin-Carvin","Agglomeration community of Pays de Saint-Malo","Communauté d'agglomération du Pays de Meaux","Grand Avignon","communauté d'agglomération du Douaisis","Communauté d'agglomération du Bassin de Thau","Communauté d'agglomération du Bassin d'Aurillac","Saint-Quentin-en-Yvelines","Agglomeration Community of Metropolitan Valenciennes","Communauté d'agglomération de Sophia Antipolis","Communauté d'agglomération de Marne et Gondoire","Communauté d'agglomération de Forbach Porte de France","Agglomeration community of Lens – Liévin","communauté d'agglomération du Bassin de Brive","Communauté d'agglomération Ventoux-Comtat-Venaissin","communauté d'agglomération d'Épinal","Communauté d’agglomération Nîmes Métropole","Communauté d'agglomération Hérault Méditerranée"]},{"index":1,"name":"col1","values":["277180","182868","126414","84975","98796","197746","151307","126206","56066","227427","194673","179146","105085","79237","244709","110698","71153","115386","262891","79041"]},{"index":2,"name":"col2","values":["39","6","14","18","22","16","35","14","25","12","35","24","20","21","36","48","25","78","39","20"]},{"index":3,"name":"col3","values":["France","France","France","France","France","France","France","France","France","France","France","France","France","France","France","France","France","France","France","France"]}]},"context":{"page_title":null,"page_url":null,"page_entity_id":null,"content_hierarchy":[]},"links":[[[{"start":0,"end":29,"url":null,"entity_id":"Q1143710","candidates":[]}],[],[],[{"start":0,"end":6,"url":null,"entity_id":"Q142","candidates":[]}]],[[{"start":0,"end":47,"url":null,"entity_id":"Q1120209","candidates":[]}],[],[],[{"start":0,"end":6,"url":null,"entity_id":"Q142","candidates":[]}]],[[{"start":0,"end":39,"url":null,"entity_id":"Q1120196","candidates":[]}],[],[],[{"start":0,"end":6,"url":null,"entity_id":"Q142","candidates":[]}]],[[{"start":0,"end":45,"url":null,"entity_id":"Q1120177","candidates":[]}],[],[],[{"start":0,"end":6,"url":null,"entity_id":"Q142","candidates":[]}]],[[{"start":0,"end":43,"url":null,"entity_id":"Q1120141","candidates":[]}],[],[],[{"start":0,"end":6,"url":null,"entity_id":"Q142","candidates":[]}]],[[{"start":0,"end":13,"url":null,"entity_id":"Q1120105","candidates":[]}],[],[],[{"start":0,"end":6,"url":null,"entity_id":"Q142","candidates":[]}]],[[{"start":0,"end":38,"url":null,"entity_id":"Q1120083","candidates":[]}],[],[],[{"start":0,"end":6,"url":null,"entity_id":"Q142","candidates":[]}]],[[{"start":0,"end":44,"url":null,"entity_id":"Q1120063","candidates":[]}],[],[],[{"start":0,"end":6,"url":null,"entity_id":"Q142","candidates":[]}]],[[{"start":0,"end":47,"url":null,"entity_id":"Q1120054","candidates":[]}],[],[],[{"start":0,"end":6,"url":null,"entity_id":"Q142","candidates":[]}]],[[{"start":0,"end":25,"url":null,"entity_id":"Q1120022","candidates":[]}],[],[],[{"start":0,"end":6,"url":null,"entity_id":"Q142","candidates":[]}]],[[{"start":0,"end":52,"url":null,"entity_id":"Q1120000","candidates":[]}],[],[],[{"start":0,"end":6,"url":null,"entity_id":"Q142","candidates":[]}]],[[{"start":0,"end":46,"url":null,"entity_id":"Q1119987","candidates":[]}],[],[],[{"start":0,"end":6,"url":null,"entity_id":"Q142","candidates":[]}]],[[{"start":0,"end":47,"url":null,"entity_id":"Q1119960","candidates":[]}],[],[],[{"start":0,"end":6,"url":null,"entity_id":"Q142","candidates":[]}]],[[{"start":0,"end":53,"url":null,"entity_id":"Q1119954","candidates":[]}],[],[],[{"start":0,"end":6,"url":null,"entity_id":"Q142","candidates":[]}]],[[{"start":0,"end":40,"url":null,"entity_id":"Q1119951","candidates":[]}],[],[],[{"start":0,"end":6,"url":null,"entity_id":"Q142","candidates":[]}]],[[{"start":0,"end":45,"url":null,"entity_id":"Q1119914","candidates":[]}],[],[],[{"start":0,"end":6,"url":null,"entity_id":"Q142","candidates":[]}]],[[{"start":0,"end":51,"url":null,"entity_id":"Q1119907","candidates":[]}],[],[],[{"start":0,"end":6,"url":null,"entity_id":"Q142","candidates":[]}]],[[{"start":0,"end":35,"url":null,"entity_id":"Q1119902","candidates":[]}],[],[],[{"start":0,"end":6,"url":null,"entity_id":"Q142","candidates":[]}]],[[{"start":0,"end":42,"url":null,"entity_id":"Q1119865","candidates":[]}],[],[],[{"start":0,"end":6,"url":null,"entity_id":"Q142","candidates":[]}]],[[{"start":0,"end":47,"url":null,"entity_id":"Q1119855","candidates":[]}],[],[],[{"start":0,"end":6,"url":null,"entity_id":"Q142","candidates":[]}]]]}