{"version":"1.2","table":{"version":"2","table_id":"AG2AER5E","columns":[{"index":0,"name":"col0","values":["Montblanc","Neuzelle","Nădlac","Nordholz","Scholen","Peshtera","Berkovitsa","Kocherinovo","Kubrat","Septemvri","Malko Tarnovo","Elin Pelin","Tervel","Saedinenie, Plovdiv Province","Isperih","Svilengrad","Momchilgrad","Radomir","Galabovo","Boboshevo"]},{"index":1,"name":"col1","values":["350","43","85","9","52","450","371","392","201","239","348","558","201","280","241","60","452","764","83","386"]},{"index":2,"name":"col2","values":["91.1","135.92","133.15","65.11","20.47","90.245","80.655","18.515","56.846","22.454","137.687","29.098","43.589","100.2","35.73","79.686","16.2","47.499","17.8","22.931"]},{"index":3,"name":"col3","values":["7364","4291","7398","7248","786","20954","13532","2298","7624","8420","2017","7430","6729","5804","9006","18005","9320","14232","8612","1224"]}]},"context":{"page_title":null,"page_url":null,"page_entity_id":null,"content_hierarchy":[]},"links":[[[{"start":0,"end":9,"url":null,"entity_id":"Q761735","candidates":[]}],[],[],[]],[[{"start":0,"end":8,"url":null,"entity_id":"Q635531","candidates":[]}],[],[],[]],[[{"start":0,"end":6,"url":null,"entity_id":"Q508313","candidates":[]}],[],[],[]],[[{"start":0,"end":8,"url":null,"entity_id":"Q508015","candidates":[]}],[],[],[]],[[{"start":0,"end":7,"url":null,"entity_id":"Q502822","candidates":[]}],[],[],[]],[[{"start":0,"end":8,"url":null,"entity_id":"Q407570","candidates":[]}],[],[],[]],[[{"start":0,"end":10,"url":null,"entity_id":"Q407314","candidates":[]}],[],[],[]],[[{"start":0,"end":11,"url":null,"entity_id":"Q407307","candidates":[]}],[],[],[]],[[{"start":0,"end":6,"url":null,"entity_id":"Q406545","candidates":[]}],[],[],[]],[[{"start":0,"end":9,"url":null,"entity_id":"Q406523","candidates":[]}],[],[],[]],[[{"start":0,"end":13,"url":null,"entity_id":"Q406488","candidates":[]}],[],[],[]],[[{"start":0,"end":10,"url":null,"entity_id":"Q406042","candidates":[]}],[],[],[]],[[{"start":0,"end":6,"url":null,"entity_id":"Q405984","candidates":[]}],[],[],[]],[[{"start":0,"end":28,"url":null,"entity_id":"Q405965","candidates":[]}],[],[],[]],[[{"start":0,"end":7,"url":null,"entity_id":"Q405797","candidates":[]}],[],[],[]],[[{"start":0,"end":10,"url":null,"entity_id":"Q405789","candidates":[]}],[],[],[]],[[{"start":0,"end":11,"url":null,"entity_id":"Q405784","candidates":[]}],[],[],[]],[[{"start":0,"end":7,"url":null,"entity_id":"Q405742","candidates":[]}],[],[],[]],[[{"start":0,"end":8,"url":null,"entity_id":"Q405736","candidates":[]}],[],[],[]],[[{"start":0,"end":9,"url":null,"entity_id":"Q405726","candidates":[]}],[],[],[]]]}