{"version":"1.2","table":{"version":"2","table_id":"AKCE5MSR","columns":[{"index":0,"name":"col0","values":["Smoky Bay","Streaky Bay","Wudinna","Pemberton","Nyngan","Wynyard","Bright","Warburton","Caboolture","Brewarrina","Bourke","Bothwell","Boggabri","Boddington","Blackwater","Blackall","Birdwood","Birdsville","Bingara","Halls Gap"]},{"index":1,"name":"col1","values":["4","12","91","125","172","17","319","159","21","120","110","350","256","219","184","287","390","48","302","287"]},{"index":2,"name":"col2","values":["279","1378","659","974","2159","6001","2406","2012","26433","1143","1909","485","1130","1198","4749","1416","1298","140","1428","430"]},{"index":3,"name":"col3","values":["149","716","321","502","1070","2883","1164","981","12806","594","925","257","569","595","2608","691","656","80","680","228"]}]},"context":{"page_title":null,"page_url":null,"page_entity_id":null,"content_hierarchy":[]},"links":[[[{"start":0,"end":9,"url":null,"entity_id":"Q922230","candidates":[]}],[],[],[]],[[{"start":0,"end":11,"url":null,"entity_id":"Q918732","candidates":[]}],[],[],[]],[[{"start":0,"end":7,"url":null,"entity_id":"Q918191","candidates":[]}],[],[],[]],[[{"start":0,"end":9,"url":null,"entity_id":"Q918067","candidates":[]}],[],[],[]],[[{"start":0,"end":6,"url":null,"entity_id":"Q917556","candidates":[]}],[],[],[]],[[{"start":0,"end":7,"url":null,"entity_id":"Q916063","candidates":[]}],[],[],[]],[[{"start":0,"end":6,"url":null,"entity_id":"Q915640","candidates":[]}],[],[],[]],[[{"start":0,"end":9,"url":null,"entity_id":"Q914214","candidates":[]}],[],[],[]],[[{"start":0,"end":10,"url":null,"entity_id":"Q913820","candidates":[]}],[],[],[]],[[{"start":0,"end":10,"url":null,"entity_id":"Q911376","candidates":[]}],[],[],[]],[[{"start":0,"end":6,"url":null,"entity_id":"Q895237","candidates":[]}],[],[],[]],[[{"start":0,"end":8,"url":null,"entity_id":"Q894738","candidates":[]}],[],[],[]],[[{"start":0,"end":8,"url":null,"entity_id":"Q890557","candidates":[]}],[],[],[]],[[{"start":0,"end":10,"url":null,"entity_id":"Q889385","candidates":[]}],[],[],[]],[[{"start":0,"end":10,"url":null,"entity_id":"Q880963","candidates":[]}],[],[],[]],[[{"start":0,"end":8,"url":null,"entity_id":"Q880676","candidates":[]}],[],[],[]],[[{"start":0,"end":8,"url":null,"entity_id":"Q865122","candidates":[]}],[],[],[]],[[{"start":0,"end":10,"url":null,"entity_id":"Q865118","candidates":[]}],[],[],[]],[[{"start":0,"end":7,"url":null,"entity_id":"Q863749","candidates":[]}],[],[],[]],[[{"start":0,"end":9,"url":null,"entity_id":"Q844442","candidates":[]}],[],[],[]]]}