{"version":"1.2","table":{"version":"2","table_id":"AKHILYXW","columns":[{"index":0,"name":"col0","values":["Osman Shah Mosque","Piyale Pasha Mosque","Sokollu Mehmed Pasha Mosque (Azapkapı)","Sokollu Mehmed Pasha Mosque","Khusruwiyah Mosque","Seven Saints Church, Sofia","Molla Çelebi Mosque","Mihrimah Sultan Mosque","Atik Valide Mosque","Juma-Jami Mosque","Mihrimah Mosque","Sokollu Mehmet Pasha Mosque","Zal Mahmud Pasha Mosque","Şemsi Pasha Mosque","Sinan Pasha Mosque","Kara Ahmet Pasha Mosque","Kılıç Ali Pasha Complex","Tekkiye Mosque","Şehzade Mosque","Mesih Mehmed Pasha Mosque"]},{"index":1,"name":"col1","values":["Ottoman architecture","Ottoman architecture","Ottoman architecture","Ottoman architecture","Ottoman architecture","Ottoman architecture","Ottoman architecture","Ottoman architecture","Ottoman architecture","Ottoman architecture","Ottoman architecture","Ottoman architecture","Ottoman architecture","Ottoman architecture","Ottoman architecture","Ottoman architecture","Ottoman architecture","Ottoman architecture","Ottoman architecture","Ottoman architecture"]},{"index":2,"name":"col2","values":["1570-01-01","1573-01-01","1577-01-01","1566-01-01","1547-01-01","1528-01-01","1584-01-01","1548-01-01","1586-01-01","1564-01-01","1562-01-01","1665-01-01","1590-01-01","1581-01-01","1554-01-01","1572-01-01","1578-01-01","1554-01-01","1543-01-01","1585-01-01"]}]},"context":{"page_title":null,"page_url":null,"page_entity_id":null,"content_hierarchy":[]},"links":[[[{"start":0,"end":17,"url":null,"entity_id":"Q15911667","candidates":[]}],[{"start":0,"end":20,"url":null,"entity_id":"Q527449","candidates":[]}],[]],[[{"start":0,"end":19,"url":null,"entity_id":"Q7199786","candidates":[]}],[{"start":0,"end":20,"url":null,"entity_id":"Q527449","candidates":[]}],[]],[[{"start":0,"end":38,"url":null,"entity_id":"Q6071846","candidates":[]}],[{"start":0,"end":20,"url":null,"entity_id":"Q527449","candidates":[]}],[]],[[{"start":0,"end":27,"url":null,"entity_id":"Q6049801","candidates":[]}],[{"start":0,"end":20,"url":null,"entity_id":"Q527449","candidates":[]}],[]],[[{"start":0,"end":18,"url":null,"entity_id":"Q4022689","candidates":[]}],[{"start":0,"end":20,"url":null,"entity_id":"Q527449","candidates":[]}],[]],[[{"start":0,"end":26,"url":null,"entity_id":"Q2989415","candidates":[]}],[{"start":0,"end":20,"url":null,"entity_id":"Q527449","candidates":[]}],[]],[[{"start":0,"end":19,"url":null,"entity_id":"Q2719788","candidates":[]}],[{"start":0,"end":20,"url":null,"entity_id":"Q527449","candidates":[]}],[]],[[{"start":0,"end":22,"url":null,"entity_id":"Q2537376","candidates":[]}],[{"start":0,"end":20,"url":null,"entity_id":"Q527449","candidates":[]}],[]],[[{"start":0,"end":18,"url":null,"entity_id":"Q2483550","candidates":[]}],[{"start":0,"end":20,"url":null,"entity_id":"Q527449","candidates":[]}],[]],[[{"start":0,"end":16,"url":null,"entity_id":"Q2390721","candidates":[]}],[{"start":0,"end":20,"url":null,"entity_id":"Q527449","candidates":[]}],[]],[[{"start":0,"end":15,"url":null,"entity_id":"Q1581190","candidates":[]}],[{"start":0,"end":20,"url":null,"entity_id":"Q527449","candidates":[]}],[]],[[{"start":0,"end":27,"url":null,"entity_id":"Q1572472","candidates":[]}],[{"start":0,"end":20,"url":null,"entity_id":"Q527449","candidates":[]}],[]],[[{"start":0,"end":23,"url":null,"entity_id":"Q1572457","candidates":[]}],[{"start":0,"end":20,"url":null,"entity_id":"Q527449","candidates":[]}],[]],[[{"start":0,"end":18,"url":null,"entity_id":"Q1572431","candidates":[]}],[{"start":0,"end":20,"url":null,"entity_id":"Q527449","candidates":[]}],[]],[[{"start":0,"end":18,"url":null,"entity_id":"Q1572395","candidates":[]}],[{"start":0,"end":20,"url":null,"entity_id":"Q527449","candidates":[]}],[]],[[{"start":0,"end":23,"url":null,"entity_id":"Q1572049","candidates":[]}],[{"start":0,"end":20,"url":null,"entity_id":"Q527449","candidates":[]}],[]],[[{"start":0,"end":23,"url":null,"entity_id":"Q862848","candidates":[]}],[{"start":0,"end":20,"url":null,"entity_id":"Q527449","candidates":[]}],[]],[[{"start":0,"end":14,"url":null,"entity_id":"Q715273","candidates":[]}],[{"start":0,"end":20,"url":null,"entity_id":"Q527449","candidates":[]}],[]],[[{"start":0,"end":14,"url":null,"entity_id":"Q644677","candidates":[]}],[{"start":0,"end":20,"url":null,"entity_id":"Q527449","candidates":[]}],[]],[[{"start":0,"end":25,"url":null,"entity_id":"Q56907","candidates":[]}],[{"start":0,"end":20,"url":null,"entity_id":"Q527449","candidates":[]}],[]]]}