{"version":"1.2","table":{"version":"2","table_id":"ALRFVXGD","columns":[{"index":0,"name":"col0","values":["Vendrogno","Introzzo","Veruno","Valle Mosso","Soprana","Valstagna","San Nazario","Conco","Cismon del Grappa","Campolongo sul Brenta","Paderno del Grappa","Crespano del Grappa","Osmate","Megliadino San Fidenzio","Barchi, Marche","Falmenta","Cavaglio-Spoccia","Sant’Agostino","Daiano","Smarano"]},{"index":1,"name":"col1","values":["298","119","1857","3231","690","1827","1665","2128","925","799","2195","4511","817","1928","956","127","265","6842","658","492"]},{"index":2,"name":"col2","values":["Tremenico","Tremenico","Agrate Conturbia","Bioglio","Trivero","Cismon del Grappa","Cismon del Grappa","Valstagna","Paderno del Grappa","Valstagna","Cismon del Grappa","Cismon del Grappa","Cadrezzate","Santa Margherita d'Adige","Orciano di Pesaro","Cavaglio-Spoccia","Falmenta","Galliera","Carano","Coredo"]},{"index":3,"name":"col3","values":["Vendrogno","Introzzo","Veruno","Valle Mosso","Soprana","Valstagna","San Nazario","Conco","Cismon del Grappa","Campolongo sul Brenta","Paderno del Grappa","Crespano del Grappa","Osmate","Megliadino San Fidenzio","Barchi","Falmenta","Cavaglio-Spoccia","Sant'Agostino","Daiano","Smarano"]},{"index":4,"name":"col4","values":["Province of Lecco","Province of Lecco","Province of Novara","Province of Biella","Province of Biella","Province of Vicenza","Province of Vicenza","Province of Vicenza","Province of Vicenza","Province of Vicenza","Province of Treviso","Province of Treviso","Province of Varese","Province of Padua","Pesaro and Urbino Province","Province of Verbano-Cusio-Ossola","Province of Verbano-Cusio-Ossola","Province of Ferrara","Trentino","Trentino"]}]},"context":{"page_title":null,"page_url":null,"page_entity_id":null,"content_hierarchy":[]},"links":[[[{"start":0,"end":9,"url":null,"entity_id":"Q43075","candidates":[]}],[],[{"start":0,"end":9,"url":null,"entity_id":"Q42728","candidates":[]}],[{"start":0,"end":9,"url":null,"entity_id":"Q30031603","candidates":[]}],[{"start":0,"end":17,"url":null,"entity_id":"Q16199","candidates":[]}]],[[{"start":0,"end":8,"url":null,"entity_id":"Q42741","candidates":[]}],[],[{"start":0,"end":9,"url":null,"entity_id":"Q42728","candidates":[]}],[{"start":0,"end":8,"url":null,"entity_id":"Q30026351","candidates":[]}],[{"start":0,"end":17,"url":null,"entity_id":"Q16199","candidates":[]}]],[[{"start":0,"end":6,"url":null,"entity_id":"Q22648","candidates":[]}],[],[{"start":0,"end":16,"url":null,"entity_id":"Q22030","candidates":[]}],[{"start":0,"end":6,"url":null,"entity_id":"Q30031657","candidates":[]}],[{"start":0,"end":18,"url":null,"entity_id":"Q16216","candidates":[]}]],[[{"start":0,"end":11,"url":null,"entity_id":"Q18184","candidates":[]}],[],[{"start":0,"end":7,"url":null,"entity_id":"Q18022","candidates":[]}],[{"start":0,"end":11,"url":null,"entity_id":"Q30031492","candidates":[]}],[{"start":0,"end":18,"url":null,"entity_id":"Q15094","candidates":[]}]],[[{"start":0,"end":7,"url":null,"entity_id":"Q18166","candidates":[]}],[],[{"start":0,"end":7,"url":null,"entity_id":"Q18177","candidates":[]}],[{"start":0,"end":7,"url":null,"entity_id":"Q30030806","candidates":[]}],[{"start":0,"end":18,"url":null,"entity_id":"Q15094","candidates":[]}]],[[{"start":0,"end":9,"url":null,"entity_id":"Q46748","candidates":[]}],[],[{"start":0,"end":17,"url":null,"entity_id":"Q46297","candidates":[]}],[{"start":0,"end":9,"url":null,"entity_id":"Q30031531","candidates":[]}],[{"start":0,"end":19,"url":null,"entity_id":"Q16316","candidates":[]}]],[[{"start":0,"end":11,"url":null,"entity_id":"Q46878","candidates":[]}],[],[{"start":0,"end":17,"url":null,"entity_id":"Q46297","candidates":[]}],[{"start":0,"end":11,"url":null,"entity_id":"Q30030060","candidates":[]}],[{"start":0,"end":19,"url":null,"entity_id":"Q16316","candidates":[]}]],[[{"start":0,"end":5,"url":null,"entity_id":"Q46842","candidates":[]}],[],[{"start":0,"end":9,"url":null,"entity_id":"Q46748","candidates":[]}],[{"start":0,"end":5,"url":null,"entity_id":"Q30025028","candidates":[]}],[{"start":0,"end":19,"url":null,"entity_id":"Q16316","candidates":[]}]],[[{"start":0,"end":17,"url":null,"entity_id":"Q46297","candidates":[]}],[],[{"start":0,"end":18,"url":null,"entity_id":"Q46521","candidates":[]}],[{"start":0,"end":17,"url":null,"entity_id":"Q30024797","candidates":[]}],[{"start":0,"end":19,"url":null,"entity_id":"Q16316","candidates":[]}]],[[{"start":0,"end":21,"url":null,"entity_id":"Q46290","candidates":[]}],[],[{"start":0,"end":9,"url":null,"entity_id":"Q46748","candidates":[]}],[{"start":0,"end":21,"url":null,"entity_id":"Q30023529","candidates":[]}],[{"start":0,"end":19,"url":null,"entity_id":"Q16316","candidates":[]}]],[[{"start":0,"end":18,"url":null,"entity_id":"Q46521","candidates":[]}],[],[{"start":0,"end":17,"url":null,"entity_id":"Q46297","candidates":[]}],[{"start":0,"end":18,"url":null,"entity_id":"Q30028498","candidates":[]}],[{"start":0,"end":19,"url":null,"entity_id":"Q16292","candidates":[]}]],[[{"start":0,"end":19,"url":null,"entity_id":"Q47036","candidates":[]}],[],[{"start":0,"end":17,"url":null,"entity_id":"Q46297","candidates":[]}],[{"start":0,"end":19,"url":null,"entity_id":"Q30025273","candidates":[]}],[{"start":0,"end":19,"url":null,"entity_id":"Q16292","candidates":[]}]],[[{"start":0,"end":6,"url":null,"entity_id":"Q39123","candidates":[]}],[],[{"start":0,"end":10,"url":null,"entity_id":"Q39933","candidates":[]}],[{"start":0,"end":6,"url":null,"entity_id":"Q30028439","candidates":[]}],[{"start":0,"end":18,"url":null,"entity_id":"Q16299","candidates":[]}]],[[{"start":0,"end":23,"url":null,"entity_id":"Q34295","candidates":[]}],[],[{"start":0,"end":24,"url":null,"entity_id":"Q34543","candidates":[]}],[{"start":0,"end":23,"url":null,"entity_id":"Q30027408","candidates":[]}],[{"start":0,"end":17,"url":null,"entity_id":"Q16226","candidates":[]}]],[[{"start":0,"end":14,"url":null,"entity_id":"Q190242","candidates":[]}],[],[{"start":0,"end":17,"url":null,"entity_id":"Q207443","candidates":[]}],[{"start":0,"end":6,"url":null,"entity_id":"Q30022585","candidates":[]}],[{"start":0,"end":26,"url":null,"entity_id":"Q16241","candidates":[]}]],[[{"start":0,"end":8,"url":null,"entity_id":"Q23331","candidates":[]}],[],[{"start":0,"end":16,"url":null,"entity_id":"Q23300","candidates":[]}],[{"start":0,"end":8,"url":null,"entity_id":"Q30025617","candidates":[]}],[{"start":0,"end":32,"url":null,"entity_id":"Q16312","candidates":[]}]],[[{"start":0,"end":16,"url":null,"entity_id":"Q23300","candidates":[]}],[],[{"start":0,"end":8,"url":null,"entity_id":"Q23331","candidates":[]}],[{"start":0,"end":16,"url":null,"entity_id":"Q30024429","candidates":[]}],[{"start":0,"end":32,"url":null,"entity_id":"Q16312","candidates":[]}]],[[{"start":0,"end":13,"url":null,"entity_id":"Q95139","candidates":[]}],[],[{"start":0,"end":8,"url":null,"entity_id":"Q94880","candidates":[]}],[{"start":0,"end":13,"url":null,"entity_id":"Q30030304","candidates":[]}],[{"start":0,"end":19,"url":null,"entity_id":"Q16168","candidates":[]}]],[[{"start":0,"end":6,"url":null,"entity_id":"Q268523","candidates":[]}],[],[{"start":0,"end":6,"url":null,"entity_id":"Q260614","candidates":[]}],[{"start":0,"end":6,"url":null,"entity_id":"Q30025371","candidates":[]}],[{"start":0,"end":8,"url":null,"entity_id":"Q16289","candidates":[]}]],[[{"start":0,"end":7,"url":null,"entity_id":"Q305653","candidates":[]}],[],[{"start":0,"end":6,"url":null,"entity_id":"Q269797","candidates":[]}],[{"start":0,"end":7,"url":null,"entity_id":"Q30030753","candidates":[]}],[{"start":0,"end":8,"url":null,"entity_id":"Q16289","candidates":[]}]]]}