{"version":"1.2","table":{"version":"2","table_id":"AN2GUTX2","columns":[{"index":0,"name":"col0","values":["2005 Four Continents Figure Skating Championships - ice dancing original dance","2008 Four Continents Figure Skating Championships - ice dancing original dance","2008–2009 Grand Prix of Figure Skating Final - ice dancing original dance","2010 Four Continents Figure Skating Championships - ice dancing original dance","2008 European Figure Skating Championships - ice dancing original dance","2010 European Figure Skating Championships - ice dancing original dance","2009 NRW Trophy - senior ice dancing original dance","2008 NRW Trophy - senior ice dancing original dance","2007 NRW Trophy - senior ice dancing original dance","2004 Cup of Russia - ice dancing original dance","2005 Cup of Russia - ice dancing original dance","2006 Cup of Russia - ice dancing original dance","2007 Cup of Russia - ice dancing original dance","2008 Cup of Russia - ice dancing original dance","2009 Rostelecom Cup - ice dancing original dance","2006–2007 Grand Prix of Figure Skating Final - ice dancing original dance","2004 Cup of China - ice dancing original dance","2005 Cup of China - ice dancing original dance","2006 Cup of China - ice dancing original dance","2007 Cup of China - ice dancing original dance"]},{"index":1,"name":"col1","values":["International Skating Union","International Skating Union","International Skating Union","International Skating Union","International Skating Union","International Skating Union","Deutsche Eislauf-Union","Deutsche Eislauf-Union","Deutsche Eislauf-Union","Figure Skating Federation of Russia","Figure Skating Federation of Russia","Figure Skating Federation of Russia","Figure Skating Federation of Russia","Figure Skating Federation of Russia","Figure Skating Federation of Russia","International Skating Union","Chinese Skating Association","Chinese Skating Association","Chinese Skating Association","Chinese Skating Association"]},{"index":2,"name":"col2","values":["2005-02-17","2008-02-14","2008-12-12","2010-01-28","2008-01-24","2010-01-21","2009-11-07","2008-11-01","2007-11-03","2004-11-27","2005-11-26","2006-11-25","2007-11-24","2008-11-22","2009-10-23","2006-12-15","2004-11-12","2005-11-04","2006-11-10","2007-11-09"]},{"index":3,"name":"col3","values":["2005 Four Continents Figure Skating Championships - ice dancing","2008 Four Continents Figure Skating Championships - ice dancing","2008–2009 Grand Prix of Figure Skating Final - ice dancing","2010 Four Continents Figure Skating Championships - ice dancing","2008 European Figure Skating Championships - ice dancing","2010 European Figure Skating Championships - ice dancing","2009 NRW Trophy - senior ice dance","2008 NRW Trophy - senior ice dance","2007 NRW Trophy - senior ice dance","2004 Cup of Russia - ice dancing","2005 Cup of Russia - ice dancing","2006 Cup of Russia - ice dancing","2007 Cup of Russia - ice dancing","2008 Cup of Russia - ice dancing","2009 Rostelecom Cup - ice dancing","2006–2007 Grand Prix of Figure Skating Final - ice dancing","2004 Cup of China - ice dancing","2005 Cup of China - ice dancing","2006 Cup of China - ice dancing","2007 Cup of China - ice dancing"]},{"index":4,"name":"col4","values":["South Korea","South Korea","South Korea","South Korea","Croatia","Estonia","Germany","Germany","Germany","Russia","Russia","Russia","Russia","Russia","Russia","Russia","People's Republic of China","People's Republic of China","People's Republic of China","People's Republic of China"]},{"index":5,"name":"col5","values":["senior","senior","senior","senior","senior","senior","senior","senior","senior","senior","senior","senior","senior","senior","senior","senior","senior","senior","senior","senior"]}]},"context":{"page_title":null,"page_url":null,"page_entity_id":null,"content_hierarchy":[]},"links":[[[{"start":0,"end":78,"url":null,"entity_id":"Q73760836","candidates":[]}],[{"start":0,"end":27,"url":null,"entity_id":"Q543115","candidates":[]}],[],[{"start":0,"end":63,"url":null,"entity_id":"Q73760835","candidates":[]}],[{"start":0,"end":11,"url":null,"entity_id":"Q884","candidates":[]}],[{"start":0,"end":6,"url":null,"entity_id":"Q58954843","candidates":[]}]],[[{"start":0,"end":78,"url":null,"entity_id":"Q73759342","candidates":[]}],[{"start":0,"end":27,"url":null,"entity_id":"Q543115","candidates":[]}],[],[{"start":0,"end":63,"url":null,"entity_id":"Q73759343","candidates":[]}],[{"start":0,"end":11,"url":null,"entity_id":"Q884","candidates":[]}],[{"start":0,"end":6,"url":null,"entity_id":"Q58954843","candidates":[]}]],[[{"start":0,"end":73,"url":null,"entity_id":"Q67504355","candidates":[]}],[{"start":0,"end":27,"url":null,"entity_id":"Q543115","candidates":[]}],[],[{"start":0,"end":58,"url":null,"entity_id":"Q67504354","candidates":[]}],[{"start":0,"end":11,"url":null,"entity_id":"Q884","candidates":[]}],[{"start":0,"end":6,"url":null,"entity_id":"Q58954843","candidates":[]}]],[[{"start":0,"end":78,"url":null,"entity_id":"Q61983489","candidates":[]}],[{"start":0,"end":27,"url":null,"entity_id":"Q543115","candidates":[]}],[],[{"start":0,"end":63,"url":null,"entity_id":"Q61983484","candidates":[]}],[{"start":0,"end":11,"url":null,"entity_id":"Q884","candidates":[]}],[{"start":0,"end":6,"url":null,"entity_id":"Q58954843","candidates":[]}]],[[{"start":0,"end":71,"url":null,"entity_id":"Q74025080","candidates":[]}],[{"start":0,"end":27,"url":null,"entity_id":"Q543115","candidates":[]}],[],[{"start":0,"end":56,"url":null,"entity_id":"Q74025079","candidates":[]}],[{"start":0,"end":7,"url":null,"entity_id":"Q224","candidates":[]}],[{"start":0,"end":6,"url":null,"entity_id":"Q58954843","candidates":[]}]],[[{"start":0,"end":71,"url":null,"entity_id":"Q74019668","candidates":[]}],[{"start":0,"end":27,"url":null,"entity_id":"Q543115","candidates":[]}],[],[{"start":0,"end":56,"url":null,"entity_id":"Q74019664","candidates":[]}],[{"start":0,"end":7,"url":null,"entity_id":"Q191","candidates":[]}],[{"start":0,"end":6,"url":null,"entity_id":"Q58954843","candidates":[]}]],[[{"start":0,"end":51,"url":null,"entity_id":"Q75502836","candidates":[]}],[{"start":0,"end":22,"url":null,"entity_id":"Q871160","candidates":[]}],[],[{"start":0,"end":34,"url":null,"entity_id":"Q11186825","candidates":[]}],[{"start":0,"end":7,"url":null,"entity_id":"Q183","candidates":[]}],[{"start":0,"end":6,"url":null,"entity_id":"Q58954843","candidates":[]}]],[[{"start":0,"end":51,"url":null,"entity_id":"Q75504121","candidates":[]}],[{"start":0,"end":22,"url":null,"entity_id":"Q871160","candidates":[]}],[],[{"start":0,"end":34,"url":null,"entity_id":"Q11186741","candidates":[]}],[{"start":0,"end":7,"url":null,"entity_id":"Q183","candidates":[]}],[{"start":0,"end":6,"url":null,"entity_id":"Q58954843","candidates":[]}]],[[{"start":0,"end":51,"url":null,"entity_id":"Q75505331","candidates":[]}],[{"start":0,"end":22,"url":null,"entity_id":"Q871160","candidates":[]}],[],[{"start":0,"end":34,"url":null,"entity_id":"Q11186685","candidates":[]}],[{"start":0,"end":7,"url":null,"entity_id":"Q183","candidates":[]}],[{"start":0,"end":6,"url":null,"entity_id":"Q58954843","candidates":[]}]],[[{"start":0,"end":47,"url":null,"entity_id":"Q74828808","candidates":[]}],[{"start":0,"end":35,"url":null,"entity_id":"Q5448019","candidates":[]}],[],[{"start":0,"end":32,"url":null,"entity_id":"Q74828806","candidates":[]}],[{"start":0,"end":6,"url":null,"entity_id":"Q159","candidates":[]}],[{"start":0,"end":6,"url":null,"entity_id":"Q58954843","candidates":[]}]],[[{"start":0,"end":47,"url":null,"entity_id":"Q74826789","candidates":[]}],[{"start":0,"end":35,"url":null,"entity_id":"Q5448019","candidates":[]}],[],[{"start":0,"end":32,"url":null,"entity_id":"Q74826787","candidates":[]}],[{"start":0,"end":6,"url":null,"entity_id":"Q159","candidates":[]}],[{"start":0,"end":6,"url":null,"entity_id":"Q58954843","candidates":[]}]],[[{"start":0,"end":47,"url":null,"entity_id":"Q74825570","candidates":[]}],[{"start":0,"end":35,"url":null,"entity_id":"Q5448019","candidates":[]}],[],[{"start":0,"end":32,"url":null,"entity_id":"Q74825569","candidates":[]}],[{"start":0,"end":6,"url":null,"entity_id":"Q159","candidates":[]}],[{"start":0,"end":6,"url":null,"entity_id":"Q58954843","candidates":[]}]],[[{"start":0,"end":47,"url":null,"entity_id":"Q74824278","candidates":[]}],[{"start":0,"end":35,"url":null,"entity_id":"Q5448019","candidates":[]}],[],[{"start":0,"end":32,"url":null,"entity_id":"Q74824277","candidates":[]}],[{"start":0,"end":6,"url":null,"entity_id":"Q159","candidates":[]}],[{"start":0,"end":6,"url":null,"entity_id":"Q58954843","candidates":[]}]],[[{"start":0,"end":47,"url":null,"entity_id":"Q74819461","candidates":[]}],[{"start":0,"end":35,"url":null,"entity_id":"Q5448019","candidates":[]}],[],[{"start":0,"end":32,"url":null,"entity_id":"Q74819460","candidates":[]}],[{"start":0,"end":6,"url":null,"entity_id":"Q159","candidates":[]}],[{"start":0,"end":6,"url":null,"entity_id":"Q58954843","candidates":[]}]],[[{"start":0,"end":48,"url":null,"entity_id":"Q74816798","candidates":[]}],[{"start":0,"end":35,"url":null,"entity_id":"Q5448019","candidates":[]}],[],[{"start":0,"end":33,"url":null,"entity_id":"Q74816799","candidates":[]}],[{"start":0,"end":6,"url":null,"entity_id":"Q159","candidates":[]}],[{"start":0,"end":6,"url":null,"entity_id":"Q58954843","candidates":[]}]],[[{"start":0,"end":73,"url":null,"entity_id":"Q67504815","candidates":[]}],[{"start":0,"end":27,"url":null,"entity_id":"Q543115","candidates":[]}],[],[{"start":0,"end":58,"url":null,"entity_id":"Q67504814","candidates":[]}],[{"start":0,"end":6,"url":null,"entity_id":"Q159","candidates":[]}],[{"start":0,"end":6,"url":null,"entity_id":"Q58954843","candidates":[]}]],[[{"start":0,"end":46,"url":null,"entity_id":"Q74828482","candidates":[]}],[{"start":0,"end":27,"url":null,"entity_id":"Q5100609","candidates":[]}],[],[{"start":0,"end":31,"url":null,"entity_id":"Q74828480","candidates":[]}],[{"start":0,"end":26,"url":null,"entity_id":"Q148","candidates":[]}],[{"start":0,"end":6,"url":null,"entity_id":"Q58954843","candidates":[]}]],[[{"start":0,"end":46,"url":null,"entity_id":"Q74826300","candidates":[]}],[{"start":0,"end":27,"url":null,"entity_id":"Q5100609","candidates":[]}],[],[{"start":0,"end":31,"url":null,"entity_id":"Q74826302","candidates":[]}],[{"start":0,"end":26,"url":null,"entity_id":"Q148","candidates":[]}],[{"start":0,"end":6,"url":null,"entity_id":"Q58954843","candidates":[]}]],[[{"start":0,"end":46,"url":null,"entity_id":"Q74825240","candidates":[]}],[{"start":0,"end":27,"url":null,"entity_id":"Q5100609","candidates":[]}],[],[{"start":0,"end":31,"url":null,"entity_id":"Q74825238","candidates":[]}],[{"start":0,"end":26,"url":null,"entity_id":"Q148","candidates":[]}],[{"start":0,"end":6,"url":null,"entity_id":"Q58954843","candidates":[]}]],[[{"start":0,"end":46,"url":null,"entity_id":"Q74823815","candidates":[]}],[{"start":0,"end":27,"url":null,"entity_id":"Q5100609","candidates":[]}],[],[{"start":0,"end":31,"url":null,"entity_id":"Q74823814","candidates":[]}],[{"start":0,"end":26,"url":null,"entity_id":"Q148","candidates":[]}],[{"start":0,"end":6,"url":null,"entity_id":"Q58954843","candidates":[]}]]]}