{"version":"1.2","table":{"version":"2","table_id":"ARC3QM66","columns":[{"index":0,"name":"col0","values":["Institutes coutxmières (1758)","Instituues coutumières (1846)","Institutes cputumières (1710)","Umschau in Hekmat und Fremde (1886 edition)","Ein Polarsommer. Reise nach appland und Kanin (1874 edition)","Foods of the Foreign-bosn","Modern Athens; or, Edinburgh in the nineeenth century (1829 edition)","A Topographical and Historical Description of London and Middlesgx (1820 edition)","The Histor of Russia from the earliest times to 1877, in two volumes (1879 edition)","Alpine fmora of the Canadian Rocky Mountains","Dictionary of National Biography,1885–1900","London and its Environs (1888 editirn)","A journey from London toPersepolis (1865 edition)","The miscellaneous works of John Drden - in Four Volumes. (1760 edition)","The Adventures of a Post Cptain. (1817 edition)","Memoir of R. L. Freer, Archdeacon of Hereford (1866 gdition)","The Canadian Haqdbook and Tourist's Guide (1867 edition)","A Cigányokról (1:94 edition)","Hamburg und sine Umgebungen im 19. Jahrhundert., F. G. Bueck, 1844","The Cabinet of Irish Literature. Selections from the works of the chief poets,orators, and prose writers of Ireland (1879 edition)","Die Rosenauer Burg ... Mit 12Abbildungen (1896 edition)","A tour in Greece, 1880 (1882 edltion)","Recent Expedtions to the Polar Regions, including all the voyages undertaken in search of Sir J. F. (1852 edition)","Las Mujeres Españqlas, Americanas y Lusitanas (1886 edition)","The Empire of the Tsars and the Russins (1893-96 edition)","The Dukf of Edinburgh in Ceylon (1871 edition)","Urkundenbuch zur Geschichte der Deutschen n Siebenbürgen. (1892 edition)","The Constitutiqn of the Czechoslovak Republic","Okolice Galicyi (1847 eeition)","Thg Decoration of Houses","The History and Topography of the UnitedStates (1834 edition)","obin Hood - a collection of all the ancient poems, songs, and ballads (1795 edition)","Toronto, past and present, historical and descriptive (1884 edition"]},{"index":1,"name":"col1","values":["Eusèbe Jacques de Laurière","Eusèbe Jacques de Laurière","Eusèbe Jacques de Laurière","Ernst Seydlitz","Carl Aubel","Michael M. Davis","John Britton","John Britton","Leonora Blanche Lang","Mary Schäffer Warren","Henry James Robinson","Henry Frith","Vincent Brooks","Samuel Derrick","Samuel Williams","Richard Lane Freer","Henry Beaumont Small","Heinrich von Wlislocki","Carl Lill","Thomas Power O'Connor","Ernst Kühlbrandt","Robert Windsor-Clive, 1st Earl of Plymouth","Robert Huish","Eusebi Planas i Franquesa","Zénaïde Alexeïevna Ragozin","Vincent Brooks, Day & Son","Franz Joseph Zimmermann","Václav Joachim","Maciej Bogusz Zygmunt Stȩczyński","Ogden Codman, Jr.","Samuel Lorenzo Knapp","Joseph Ritson","John Charles Dent"]},{"index":2,"name":"col2","values":["public domain","public domain","public domain","public domain","public domain","public domain","public domain","public domain","public domain","public domain","public domain","public domain","public domain","public domain","public domain","public domain","public domain","public domain","public domain","public domain","public domain","public domain","public domain","public domain","public domain","public domain","public domain","public domain","public domain","public domain","public domain","public domain","public domain"]}]},"context":{"page_title":null,"page_url":null,"page_entity_id":null,"content_hierarchy":[]},"links":[[[{"start":0,"end":29,"url":null,"entity_id":"Q28859128","candidates":[]}],[{"start":0,"end":26,"url":null,"entity_id":"Q22693067","candidates":[]}],[{"start":0,"end":13,"url":null,"entity_id":"Q19652","candidates":[]}]],[[{"start":0,"end":29,"url":null,"entity_id":"Q27864002","candidates":[]}],[{"start":0,"end":26,"url":null,"entity_id":"Q22693067","candidates":[]}],[{"start":0,"end":13,"url":null,"entity_id":"Q19652","candidates":[]}]],[[{"start":0,"end":29,"url":null,"entity_id":"Q22693228","candidates":[]}],[{"start":0,"end":26,"url":null,"entity_id":"Q22693067","candidates":[]}],[{"start":0,"end":13,"url":null,"entity_id":"Q19652","candidates":[]}]],[[{"start":0,"end":43,"url":null,"entity_id":"Q63314691","candidates":[]}],[{"start":0,"end":14,"url":null,"entity_id":"Q15808565","candidates":[]}],[{"start":0,"end":13,"url":null,"entity_id":"Q19652","candidates":[]}]],[[{"start":0,"end":60,"url":null,"entity_id":"Q63314364","candidates":[]}],[{"start":0,"end":10,"url":null,"entity_id":"Q15791009","candidates":[]}],[{"start":0,"end":13,"url":null,"entity_id":"Q19652","candidates":[]}]],[[{"start":0,"end":25,"url":null,"entity_id":"Q66092487","candidates":[]}],[{"start":0,"end":16,"url":null,"entity_id":"Q15498188","candidates":[]}],[{"start":0,"end":13,"url":null,"entity_id":"Q19652","candidates":[]}]],[[{"start":0,"end":68,"url":null,"entity_id":"Q63315036","candidates":[]}],[{"start":0,"end":12,"url":null,"entity_id":"Q15462617","candidates":[]}],[{"start":0,"end":13,"url":null,"entity_id":"Q19652","candidates":[]}]],[[{"start":0,"end":81,"url":null,"entity_id":"Q63314467","candidates":[]}],[{"start":0,"end":12,"url":null,"entity_id":"Q15462617","candidates":[]}],[{"start":0,"end":13,"url":null,"entity_id":"Q19652","candidates":[]}]],[[{"start":0,"end":83,"url":null,"entity_id":"Q63314982","candidates":[]}],[{"start":0,"end":20,"url":null,"entity_id":"Q18912654","candidates":[]}],[{"start":0,"end":13,"url":null,"entity_id":"Q19652","candidates":[]}]],[[{"start":0,"end":44,"url":null,"entity_id":"Q51439346","candidates":[]}],[{"start":0,"end":20,"url":null,"entity_id":"Q18911948","candidates":[]}],[{"start":0,"end":13,"url":null,"entity_id":"Q19652","candidates":[]}]],[[{"start":0,"end":42,"url":null,"entity_id":"Q15987216","candidates":[]}],[{"start":0,"end":20,"url":null,"entity_id":"Q18911835","candidates":[]}],[{"start":0,"end":13,"url":null,"entity_id":"Q19652","candidates":[]}]],[[{"start":0,"end":38,"url":null,"entity_id":"Q63315131","candidates":[]}],[{"start":0,"end":11,"url":null,"entity_id":"Q18911751","candidates":[]}],[{"start":0,"end":13,"url":null,"entity_id":"Q19652","candidates":[]}]],[[{"start":0,"end":49,"url":null,"entity_id":"Q63315113","candidates":[]}],[{"start":0,"end":14,"url":null,"entity_id":"Q18508706","candidates":[]}],[{"start":0,"end":13,"url":null,"entity_id":"Q19652","candidates":[]}]],[[{"start":0,"end":71,"url":null,"entity_id":"Q63314566","candidates":[]}],[{"start":0,"end":14,"url":null,"entity_id":"Q16859289","candidates":[]}],[{"start":0,"end":13,"url":null,"entity_id":"Q19652","candidates":[]}]],[[{"start":0,"end":47,"url":null,"entity_id":"Q63314213","candidates":[]}],[{"start":0,"end":15,"url":null,"entity_id":"Q16859223","candidates":[]}],[{"start":0,"end":13,"url":null,"entity_id":"Q19652","candidates":[]}]],[[{"start":0,"end":60,"url":null,"entity_id":"Q63314592","candidates":[]}],[{"start":0,"end":18,"url":null,"entity_id":"Q16065963","candidates":[]}],[{"start":0,"end":13,"url":null,"entity_id":"Q19652","candidates":[]}]],[[{"start":0,"end":56,"url":null,"entity_id":"Q63314491","candidates":[]}],[{"start":0,"end":20,"url":null,"entity_id":"Q16043820","candidates":[]}],[{"start":0,"end":13,"url":null,"entity_id":"Q19652","candidates":[]}]],[[{"start":0,"end":28,"url":null,"entity_id":"Q63314755","candidates":[]}],[{"start":0,"end":22,"url":null,"entity_id":"Q18020805","candidates":[]}],[{"start":0,"end":13,"url":null,"entity_id":"Q19652","candidates":[]}]],[[{"start":0,"end":66,"url":null,"entity_id":"Q63314475","candidates":[]}],[{"start":0,"end":9,"url":null,"entity_id":"Q13360230","candidates":[]}],[{"start":0,"end":13,"url":null,"entity_id":"Q19652","candidates":[]}]],[[{"start":0,"end":130,"url":null,"entity_id":"Q63314985","candidates":[]}],[{"start":0,"end":21,"url":null,"entity_id":"Q12064625","candidates":[]}],[{"start":0,"end":13,"url":null,"entity_id":"Q19652","candidates":[]}]],[[{"start":0,"end":55,"url":null,"entity_id":"Q63315040","candidates":[]}],[{"start":0,"end":16,"url":null,"entity_id":"Q21030273","candidates":[]}],[{"start":0,"end":13,"url":null,"entity_id":"Q19652","candidates":[]}]],[[{"start":0,"end":37,"url":null,"entity_id":"Q63314597","candidates":[]}],[{"start":0,"end":42,"url":null,"entity_id":"Q7351172","candidates":[]}],[{"start":0,"end":13,"url":null,"entity_id":"Q19652","candidates":[]}]],[[{"start":0,"end":114,"url":null,"entity_id":"Q63314621","candidates":[]}],[{"start":0,"end":12,"url":null,"entity_id":"Q7345686","candidates":[]}],[{"start":0,"end":13,"url":null,"entity_id":"Q19652","candidates":[]}]],[[{"start":0,"end":60,"url":null,"entity_id":"Q63315013","candidates":[]}],[{"start":0,"end":25,"url":null,"entity_id":"Q8846537","candidates":[]}],[{"start":0,"end":13,"url":null,"entity_id":"Q19652","candidates":[]}]],[[{"start":0,"end":57,"url":null,"entity_id":"Q63314808","candidates":[]}],[{"start":0,"end":26,"url":null,"entity_id":"Q8076049","candidates":[]}],[{"start":0,"end":13,"url":null,"entity_id":"Q19652","candidates":[]}]],[[{"start":0,"end":46,"url":null,"entity_id":"Q63314494","candidates":[]}],[{"start":0,"end":25,"url":null,"entity_id":"Q7931687","candidates":[]}],[{"start":0,"end":13,"url":null,"entity_id":"Q19652","candidates":[]}]],[[{"start":0,"end":72,"url":null,"entity_id":"Q63315039","candidates":[]}],[{"start":0,"end":23,"url":null,"entity_id":"Q12347990","candidates":[]}],[{"start":0,"end":13,"url":null,"entity_id":"Q19652","candidates":[]}]],[[{"start":0,"end":45,"url":null,"entity_id":"Q59877639","candidates":[]}],[{"start":0,"end":14,"url":null,"entity_id":"Q11985592","candidates":[]}],[{"start":0,"end":13,"url":null,"entity_id":"Q19652","candidates":[]}]],[[{"start":0,"end":30,"url":null,"entity_id":"Q63314736","candidates":[]}],[{"start":0,"end":32,"url":null,"entity_id":"Q11765299","candidates":[]}],[{"start":0,"end":13,"url":null,"entity_id":"Q19652","candidates":[]}]],[[{"start":0,"end":24,"url":null,"entity_id":"Q55740552","candidates":[]}],[{"start":0,"end":17,"url":null,"entity_id":"Q7079909","candidates":[]}],[{"start":0,"end":13,"url":null,"entity_id":"Q19652","candidates":[]}]],[[{"start":0,"end":61,"url":null,"entity_id":"Q63314701","candidates":[]}],[{"start":0,"end":20,"url":null,"entity_id":"Q7412041","candidates":[]}],[{"start":0,"end":13,"url":null,"entity_id":"Q19652","candidates":[]}]],[[{"start":0,"end":84,"url":null,"entity_id":"Q63314710","candidates":[]}],[{"start":0,"end":13,"url":null,"entity_id":"Q6286581","candidates":[]}],[{"start":0,"end":13,"url":null,"entity_id":"Q19652","candidates":[]}]],[[{"start":0,"end":67,"url":null,"entity_id":"Q63315021","candidates":[]}],[{"start":0,"end":17,"url":null,"entity_id":"Q6225742","candidates":[]}],[{"start":0,"end":13,"url":null,"entity_id":"Q19652","candidates":[]}]]]}