{"version":"1.2","table":{"version":"2","table_id":"AXSV1JXF","columns":[{"index":0,"name":"col0","values":["TVA","Citytv","Phoenix Television","BET Gospel","Nicktoons","Tr3s","France Ô","Outre-Mer 1ère","RecordTV","W9","TX Network","Universal TV","Telemundo","Calle 13","Eurosport","Rede Globo","ANT1","Canale 5","Telecinco","MTV Brasil"]},{"index":1,"name":"col1","values":["Canada","Canada","Hong Kong","United States of America","United States of America","United States of America","France","France","Brazil","France","Japan","United States of America","United States of America","Spain","France","Brazil","Greece","Italy","Spain","Brazil"]},{"index":2,"name":"col2","values":["TVA Group","Rogers Media","TPG Capital","ViacomCBS Domestic Media Networks","ViacomCBS Domestic Media Networks","ViacomCBS Domestic Media Networks","France Télévisions","France Télévisions","Edir Macedo","RTL Group","TV Tokyo","NBCUniversal","NBCUniversal","NBCUniversal","Discovery Inc.","Grupo Globo","ANT1 Group","Mediaset S.p.A.","Mediaset S.p.A.","Viacom"]}]},"context":{"page_title":null,"page_url":null,"page_entity_id":null,"content_hierarchy":[]},"links":[[[{"start":0,"end":3,"url":null,"entity_id":"Q1188923","candidates":[]}],[{"start":0,"end":6,"url":null,"entity_id":"Q16","candidates":[]}],[{"start":0,"end":9,"url":null,"entity_id":"Q3117582","candidates":[]}]],[[{"start":0,"end":6,"url":null,"entity_id":"Q1532871","candidates":[]}],[{"start":0,"end":6,"url":null,"entity_id":"Q16","candidates":[]}],[{"start":0,"end":12,"url":null,"entity_id":"Q2386987","candidates":[]}]],[[{"start":0,"end":18,"url":null,"entity_id":"Q724186","candidates":[]}],[{"start":0,"end":9,"url":null,"entity_id":"Q8646","candidates":[]}],[{"start":0,"end":11,"url":null,"entity_id":"Q2164606","candidates":[]}]],[[{"start":0,"end":10,"url":null,"entity_id":"Q2876994","candidates":[]}],[{"start":0,"end":24,"url":null,"entity_id":"Q30","candidates":[]}],[{"start":0,"end":33,"url":null,"entity_id":"Q1156334","candidates":[]}]],[[{"start":0,"end":9,"url":null,"entity_id":"Q18878","candidates":[]}],[{"start":0,"end":24,"url":null,"entity_id":"Q30","candidates":[]}],[{"start":0,"end":33,"url":null,"entity_id":"Q1156334","candidates":[]}]],[[{"start":0,"end":4,"url":null,"entity_id":"Q18629","candidates":[]}],[{"start":0,"end":24,"url":null,"entity_id":"Q30","candidates":[]}],[{"start":0,"end":33,"url":null,"entity_id":"Q1156334","candidates":[]}]],[[{"start":0,"end":8,"url":null,"entity_id":"Q2625977","candidates":[]}],[{"start":0,"end":6,"url":null,"entity_id":"Q142","candidates":[]}],[{"start":0,"end":18,"url":null,"entity_id":"Q1124861","candidates":[]}]],[[{"start":0,"end":14,"url":null,"entity_id":"Q1513499","candidates":[]}],[{"start":0,"end":6,"url":null,"entity_id":"Q142","candidates":[]}],[{"start":0,"end":18,"url":null,"entity_id":"Q1124861","candidates":[]}]],[[{"start":0,"end":8,"url":null,"entity_id":"Q1458581","candidates":[]}],[{"start":0,"end":6,"url":null,"entity_id":"Q155","candidates":[]}],[{"start":0,"end":11,"url":null,"entity_id":"Q980714","candidates":[]}]],[[{"start":0,"end":2,"url":null,"entity_id":"Q117649","candidates":[]}],[{"start":0,"end":6,"url":null,"entity_id":"Q142","candidates":[]}],[{"start":0,"end":9,"url":null,"entity_id":"Q921159","candidates":[]}]],[[{"start":0,"end":10,"url":null,"entity_id":"Q1323547","candidates":[]}],[{"start":0,"end":5,"url":null,"entity_id":"Q17","candidates":[]}],[{"start":0,"end":8,"url":null,"entity_id":"Q734663","candidates":[]}]],[[{"start":0,"end":12,"url":null,"entity_id":"Q262523","candidates":[]}],[{"start":0,"end":24,"url":null,"entity_id":"Q30","candidates":[]}],[{"start":0,"end":12,"url":null,"entity_id":"Q724759","candidates":[]}]],[[{"start":0,"end":9,"url":null,"entity_id":"Q136538","candidates":[]}],[{"start":0,"end":24,"url":null,"entity_id":"Q30","candidates":[]}],[{"start":0,"end":12,"url":null,"entity_id":"Q724759","candidates":[]}]],[[{"start":0,"end":8,"url":null,"entity_id":"Q614539","candidates":[]}],[{"start":0,"end":5,"url":null,"entity_id":"Q29","candidates":[]}],[{"start":0,"end":12,"url":null,"entity_id":"Q724759","candidates":[]}]],[[{"start":0,"end":9,"url":null,"entity_id":"Q539296","candidates":[]}],[{"start":0,"end":6,"url":null,"entity_id":"Q142","candidates":[]}],[{"start":0,"end":14,"url":null,"entity_id":"Q621592","candidates":[]}]],[[{"start":0,"end":10,"url":null,"entity_id":"Q3587","candidates":[]}],[{"start":0,"end":6,"url":null,"entity_id":"Q155","candidates":[]}],[{"start":0,"end":11,"url":null,"entity_id":"Q614283","candidates":[]}]],[[{"start":0,"end":4,"url":null,"entity_id":"Q2629071","candidates":[]}],[{"start":0,"end":6,"url":null,"entity_id":"Q41","candidates":[]}],[{"start":0,"end":10,"url":null,"entity_id":"Q571837","candidates":[]}]],[[{"start":0,"end":8,"url":null,"entity_id":"Q617643","candidates":[]}],[{"start":0,"end":5,"url":null,"entity_id":"Q38","candidates":[]}],[{"start":0,"end":15,"url":null,"entity_id":"Q368151","candidates":[]}]],[[{"start":0,"end":9,"url":null,"entity_id":"Q301129","candidates":[]}],[{"start":0,"end":5,"url":null,"entity_id":"Q29","candidates":[]}],[{"start":0,"end":15,"url":null,"entity_id":"Q368151","candidates":[]}]],[[{"start":0,"end":10,"url":null,"entity_id":"Q3062264","candidates":[]}],[{"start":0,"end":6,"url":null,"entity_id":"Q155","candidates":[]}],[{"start":0,"end":6,"url":null,"entity_id":"Q214346","candidates":[]}]]]}