{"version":"1.2","table":{"version":"2","table_id":"B03ZSO6I","columns":[{"index":0,"name":"col0","values":["1988 Pan Pacific Open","2006 Tashkent Open","2005 Tashkent Open","2004 Tashkent Open","2003 Tashkent Open","1999 Tashkent Open","1989 Taiwan Open","1988 Taiwan Open","1999 Prokom Open","2004 Idea Prokom Open (women)","2006 Zurich Open","2005 Zurich Open","2004 Swisscom Challenge","2003 Swisscom Challenge","1998 Swisscom Challenge","1999 Swisscom Challenge","1994 Toray Pan Pacific Open","1996 European Indoors","1999 Toray Pan Pacific Open","2009 Swedish Open","2004 Idea Prokom Open (men)","2000 du Maurier Open","2011 Guangzhou International Women's Open","2010 GDF Suez Grand Prix","2010 e-Boks Danish Open","2011 Copa Sony Ericsson Colsanitas","2010 Copa BBVA-Colsanitas","2009 Copa Sony Ericsson Colsanitas","2009 Commonwealth Bank Tournament of Champions","1983 Bridgestone Doubles Championships","2012 New Haven Open at Yale","2010 Copa Telmex","1996 Estoril Open","2012 Delray Beach International Tennis Championships","2009 Davidoff Swiss Indoors","2008 Davidoff Swiss Indoors","2007 Davidoff Swiss Indoors","2005 Davidoff Swiss Indoors","2004 Davidoff Swiss Indoors","2001 Davidoff Swiss Indoors","2000 Davidoff Swiss Indoors","2012 Copa Claro"]},{"index":1,"name":"col1","values":["1988 Pan Pacific Open – Doubles","2006 Tashkent Open – Singles","2005 Tashkent Open – Singles","2004 Tashkent Open – Doubles","2003 Tashkent Open – Doubles","1999 Tashkent Open – Doubles","1989 Taiwan Open – Doubles","1988 Taiwan Open – Doubles","1999 Prokom Polish Open – Doubles","2004 Idea Prokom Open – Women's Doubles","2006 Zurich Open – Singles","2005 Zurich Open – Doubles","2004 Swisscom Challenge  – Singles","2003 Swisscom Challenge – Singles","1998 Swisscom Challenge – Doubles","1999 Swisscom Challenge – Doubles","1994 Toray Pan Pacific Open – Singles","1996 Barilla Indoors – Singles","1999 Toray Pan Pacific Open – Singles","2009 Swedish Open (women)","2004 Idea Prokom Open – Men's Doubles","du Maurier Open 2000 Men","2011 Guangzhou International Women's Open – Doubles","2010 GDF SUEZ Grand Prix – Singles","2010 e-Boks Danish Open – Doubles","2011 Copa Sony Ericsson Colsanitas – Doubles","2010 Copa BBVA-Colsanitas – Doubles","2009 Copa Sony Ericsson Colsanitas – Doubles","2009 Commonwealth Bank Tournament of Champions – Singles","1983 Bridgestone Doubles Championships – Doubles","2012 New Haven Open at Yale – Singles","2010 Copa Telmex – Singles","1996 Estoril Open – Singles","2012 Delray Beach International Tennis Championships – Singles","2009 Davidoff Swiss Indoors – Doubles","2008 Davidoff Swiss Indoors – Doubles","2007 Davidoff Swiss Indoors – Doubles","2005 Davidoff Swiss Indoors – Doubles","2004 Davidoff Swiss Indoors – Doubles","2001 Davidoff Swiss Indoors – Doubles","2000 Davidoff Swiss Indoors – Doubles","2012 Copa Claro – Singles"]},{"index":2,"name":"col2","values":["Women's Tennis Association","Women's Tennis Association","Women's Tennis Association","Women's Tennis Association","Women's Tennis Association","Women's Tennis Association","Women's Tennis Association","Women's Tennis Association","Women's Tennis Association","Women's Tennis Association","Women's Tennis Association","Women's Tennis Association","Women's Tennis Association","Women's Tennis Association","Women's Tennis Association","Women's Tennis Association","Women's Tennis Association","Women's Tennis Association","Women's Tennis Association","Association of Tennis Professionals","Association of Tennis Professionals","Tennis Canada","Women's Tennis Association","Women's Tennis Association","Women's Tennis Association","Women's Tennis Association","Women's Tennis Association","Women's Tennis Association","Women's Tennis Association","Women's Tennis Association","Women's Tennis Association","Association of Tennis Professionals","Association of Tennis Professionals","Association of Tennis Professionals","Association of Tennis Professionals","Association of Tennis Professionals","Association of Tennis Professionals","Association of Tennis Professionals","Association of Tennis Professionals","Association of Tennis Professionals","Association of Tennis Professionals","Association of Tennis Professionals"]}]},"context":{"page_title":null,"page_url":null,"page_entity_id":null,"content_hierarchy":[]},"links":[[[{"start":0,"end":21,"url":null,"entity_id":"Q3353851","candidates":[]}],[{"start":0,"end":31,"url":null,"entity_id":"Q3993626","candidates":[]}],[{"start":0,"end":26,"url":null,"entity_id":"Q948442","candidates":[]}]],[[{"start":0,"end":18,"url":null,"entity_id":"Q3353826","candidates":[]}],[{"start":0,"end":28,"url":null,"entity_id":"Q3981322","candidates":[]}],[{"start":0,"end":26,"url":null,"entity_id":"Q948442","candidates":[]}]],[[{"start":0,"end":18,"url":null,"entity_id":"Q3353825","candidates":[]}],[{"start":0,"end":28,"url":null,"entity_id":"Q3981319","candidates":[]}],[{"start":0,"end":26,"url":null,"entity_id":"Q948442","candidates":[]}]],[[{"start":0,"end":18,"url":null,"entity_id":"Q3353824","candidates":[]}],[{"start":0,"end":28,"url":null,"entity_id":"Q3981317","candidates":[]}],[{"start":0,"end":26,"url":null,"entity_id":"Q948442","candidates":[]}]],[[{"start":0,"end":18,"url":null,"entity_id":"Q3353823","candidates":[]}],[{"start":0,"end":28,"url":null,"entity_id":"Q3981314","candidates":[]}],[{"start":0,"end":26,"url":null,"entity_id":"Q948442","candidates":[]}]],[[{"start":0,"end":18,"url":null,"entity_id":"Q3353816","candidates":[]}],[{"start":0,"end":28,"url":null,"entity_id":"Q3981296","candidates":[]}],[{"start":0,"end":26,"url":null,"entity_id":"Q948442","candidates":[]}]],[[{"start":0,"end":16,"url":null,"entity_id":"Q3353831","candidates":[]}],[{"start":0,"end":26,"url":null,"entity_id":"Q3980219","candidates":[]}],[{"start":0,"end":26,"url":null,"entity_id":"Q948442","candidates":[]}]],[[{"start":0,"end":16,"url":null,"entity_id":"Q3353828","candidates":[]}],[{"start":0,"end":26,"url":null,"entity_id":"Q3980214","candidates":[]}],[{"start":0,"end":26,"url":null,"entity_id":"Q948442","candidates":[]}]],[[{"start":0,"end":16,"url":null,"entity_id":"Q3353766","candidates":[]}],[{"start":0,"end":33,"url":null,"entity_id":"Q3884374","candidates":[]}],[{"start":0,"end":26,"url":null,"entity_id":"Q948442","candidates":[]}]],[[{"start":0,"end":29,"url":null,"entity_id":"Q3353772","candidates":[]}],[{"start":0,"end":39,"url":null,"entity_id":"Q3884359","candidates":[]}],[{"start":0,"end":26,"url":null,"entity_id":"Q948442","candidates":[]}]],[[{"start":0,"end":16,"url":null,"entity_id":"Q3353915","candidates":[]}],[{"start":0,"end":26,"url":null,"entity_id":"Q3883840","candidates":[]}],[{"start":0,"end":26,"url":null,"entity_id":"Q948442","candidates":[]}]],[[{"start":0,"end":16,"url":null,"entity_id":"Q3353911","candidates":[]}],[{"start":0,"end":26,"url":null,"entity_id":"Q3883838","candidates":[]}],[{"start":0,"end":26,"url":null,"entity_id":"Q948442","candidates":[]}]],[[{"start":0,"end":23,"url":null,"entity_id":"Q3353909","candidates":[]}],[{"start":0,"end":34,"url":null,"entity_id":"Q3883835","candidates":[]}],[{"start":0,"end":26,"url":null,"entity_id":"Q948442","candidates":[]}]],[[{"start":0,"end":23,"url":null,"entity_id":"Q3353907","candidates":[]}],[{"start":0,"end":33,"url":null,"entity_id":"Q3883833","candidates":[]}],[{"start":0,"end":26,"url":null,"entity_id":"Q948442","candidates":[]}]],[[{"start":0,"end":23,"url":null,"entity_id":"Q3353902","candidates":[]}],[{"start":0,"end":33,"url":null,"entity_id":"Q3883823","candidates":[]}],[{"start":0,"end":26,"url":null,"entity_id":"Q948442","candidates":[]}]],[[{"start":0,"end":23,"url":null,"entity_id":"Q3353900","candidates":[]}],[{"start":0,"end":33,"url":null,"entity_id":"Q3883821","candidates":[]}],[{"start":0,"end":26,"url":null,"entity_id":"Q948442","candidates":[]}]],[[{"start":0,"end":27,"url":null,"entity_id":"Q3353863","candidates":[]}],[{"start":0,"end":37,"url":null,"entity_id":"Q1122030","candidates":[]}],[{"start":0,"end":26,"url":null,"entity_id":"Q948442","candidates":[]}]],[[{"start":0,"end":21,"url":null,"entity_id":"Q3353899","candidates":[]}],[{"start":0,"end":30,"url":null,"entity_id":"Q947061","candidates":[]}],[{"start":0,"end":26,"url":null,"entity_id":"Q948442","candidates":[]}]],[[{"start":0,"end":27,"url":null,"entity_id":"Q3353866","candidates":[]}],[{"start":0,"end":37,"url":null,"entity_id":"Q368530","candidates":[]}],[{"start":0,"end":26,"url":null,"entity_id":"Q948442","candidates":[]}]],[[{"start":0,"end":17,"url":null,"entity_id":"Q3353819","candidates":[]}],[{"start":0,"end":25,"url":null,"entity_id":"Q10456941","candidates":[]}],[{"start":0,"end":35,"url":null,"entity_id":"Q744089","candidates":[]}]],[[{"start":0,"end":27,"url":null,"entity_id":"Q3353773","candidates":[]}],[{"start":0,"end":37,"url":null,"entity_id":"Q3884360","candidates":[]}],[{"start":0,"end":35,"url":null,"entity_id":"Q744089","candidates":[]}]],[[{"start":0,"end":20,"url":null,"entity_id":"Q1262355","candidates":[]}],[{"start":0,"end":24,"url":null,"entity_id":"Q22961687","candidates":[]}],[{"start":0,"end":13,"url":null,"entity_id":"Q7700298","candidates":[]}]],[[{"start":0,"end":41,"url":null,"entity_id":"Q1252633","candidates":[]}],[{"start":0,"end":51,"url":null,"entity_id":"Q3778207","candidates":[]}],[{"start":0,"end":26,"url":null,"entity_id":"Q948442","candidates":[]}]],[[{"start":0,"end":24,"url":null,"entity_id":"Q1189381","candidates":[]}],[{"start":0,"end":34,"url":null,"entity_id":"Q3755655","candidates":[]}],[{"start":0,"end":26,"url":null,"entity_id":"Q948442","candidates":[]}]],[[{"start":0,"end":23,"url":null,"entity_id":"Q1273096","candidates":[]}],[{"start":0,"end":33,"url":null,"entity_id":"Q3702234","candidates":[]}],[{"start":0,"end":26,"url":null,"entity_id":"Q948442","candidates":[]}]],[[{"start":0,"end":34,"url":null,"entity_id":"Q1130405","candidates":[]}],[{"start":0,"end":44,"url":null,"entity_id":"Q3690821","candidates":[]}],[{"start":0,"end":26,"url":null,"entity_id":"Q948442","candidates":[]}]],[[{"start":0,"end":25,"url":null,"entity_id":"Q1129972","candidates":[]}],[{"start":0,"end":35,"url":null,"entity_id":"Q3690817","candidates":[]}],[{"start":0,"end":26,"url":null,"entity_id":"Q948442","candidates":[]}]],[[{"start":0,"end":34,"url":null,"entity_id":"Q1130402","candidates":[]}],[{"start":0,"end":44,"url":null,"entity_id":"Q3690813","candidates":[]}],[{"start":0,"end":26,"url":null,"entity_id":"Q948442","candidates":[]}]],[[{"start":0,"end":46,"url":null,"entity_id":"Q1116358","candidates":[]}],[{"start":0,"end":56,"url":null,"entity_id":"Q3684872","candidates":[]}],[{"start":0,"end":26,"url":null,"entity_id":"Q948442","candidates":[]}]],[[{"start":0,"end":38,"url":null,"entity_id":"Q1121500","candidates":[]}],[{"start":0,"end":48,"url":null,"entity_id":"Q693155","candidates":[]}],[{"start":0,"end":26,"url":null,"entity_id":"Q948442","candidates":[]}]],[[{"start":0,"end":27,"url":null,"entity_id":"Q1187474","candidates":[]}],[{"start":0,"end":37,"url":null,"entity_id":"Q662394","candidates":[]}],[{"start":0,"end":26,"url":null,"entity_id":"Q948442","candidates":[]}]],[[{"start":0,"end":16,"url":null,"entity_id":"Q1130471","candidates":[]}],[{"start":0,"end":26,"url":null,"entity_id":"Q6593381","candidates":[]}],[{"start":0,"end":35,"url":null,"entity_id":"Q744089","candidates":[]}]],[[{"start":0,"end":17,"url":null,"entity_id":"Q1241678","candidates":[]}],[{"start":0,"end":27,"url":null,"entity_id":"Q3733513","candidates":[]}],[{"start":0,"end":35,"url":null,"entity_id":"Q744089","candidates":[]}]],[[{"start":0,"end":52,"url":null,"entity_id":"Q1184740","candidates":[]}],[{"start":0,"end":62,"url":null,"entity_id":"Q3705193","candidates":[]}],[{"start":0,"end":35,"url":null,"entity_id":"Q744089","candidates":[]}]],[[{"start":0,"end":27,"url":null,"entity_id":"Q1177630","candidates":[]}],[{"start":0,"end":37,"url":null,"entity_id":"Q3703753","candidates":[]}],[{"start":0,"end":35,"url":null,"entity_id":"Q744089","candidates":[]}]],[[{"start":0,"end":27,"url":null,"entity_id":"Q1177627","candidates":[]}],[{"start":0,"end":37,"url":null,"entity_id":"Q3703750","candidates":[]}],[{"start":0,"end":35,"url":null,"entity_id":"Q744089","candidates":[]}]],[[{"start":0,"end":27,"url":null,"entity_id":"Q1177628","candidates":[]}],[{"start":0,"end":37,"url":null,"entity_id":"Q3703746","candidates":[]}],[{"start":0,"end":35,"url":null,"entity_id":"Q744089","candidates":[]}]],[[{"start":0,"end":27,"url":null,"entity_id":"Q1177623","candidates":[]}],[{"start":0,"end":37,"url":null,"entity_id":"Q3703739","candidates":[]}],[{"start":0,"end":35,"url":null,"entity_id":"Q744089","candidates":[]}]],[[{"start":0,"end":27,"url":null,"entity_id":"Q1177619","candidates":[]}],[{"start":0,"end":37,"url":null,"entity_id":"Q3703736","candidates":[]}],[{"start":0,"end":35,"url":null,"entity_id":"Q744089","candidates":[]}]],[[{"start":0,"end":27,"url":null,"entity_id":"Q1177613","candidates":[]}],[{"start":0,"end":37,"url":null,"entity_id":"Q3703729","candidates":[]}],[{"start":0,"end":35,"url":null,"entity_id":"Q744089","candidates":[]}]],[[{"start":0,"end":27,"url":null,"entity_id":"Q1177607","candidates":[]}],[{"start":0,"end":37,"url":null,"entity_id":"Q3703726","candidates":[]}],[{"start":0,"end":35,"url":null,"entity_id":"Q744089","candidates":[]}]],[[{"start":0,"end":15,"url":null,"entity_id":"Q1130054","candidates":[]}],[{"start":0,"end":25,"url":null,"entity_id":"Q3690211","candidates":[]}],[{"start":0,"end":35,"url":null,"entity_id":"Q744089","candidates":[]}]]]}