{"version":"1.2","table":{"version":"2","table_id":"B1NBFZWU","columns":[{"index":0,"name":"col0","values":["Adelaide Town Hall","Gothic Theatre","Clarice Smith Performing Arts Center","Carnegie Library of Homestead","Genesee Theatre","Forum Theatre","Aberystwyth Arts Centre","Embassy Theatre","Eastman Theatre","Meyer Theatre","Civic Center Music Hall","Albert Hall","Fox Oakland Theatre","Hilbert Circle Theatre","Arlene Schnitzer Concert Hall","Winter Gardens, Rothesay","St. George's Hall, London","Brixton Academy","Sydney Town Hall","Symphony Center"]},{"index":1,"name":"col1","values":["Adelaide","Englewood","College Park","Munhall","Waukegan","Binghamton","Aberystwyth","Fort Wayne","Rochester","Green Bay","Oklahoma City","Tasmania","Oakland","Indianapolis","Portland","Argyll and Bute","City of Westminster","London Borough of Lambeth","New South Wales","Chicago"]},{"index":2,"name":"col2","values":["128 King William Street, Adelaide SA 5000","3263 South Broadway, Englewood, CO 80113","8270 Alumni Drive, College Park, MD 20742-1625","510 East 10th Ave, Munhall, PA 15120, US","203 N. Genesee Street, Waukegan, IL 60085","236 Washington Street, Binghamton, NY 13901","University of Wales Aberystwyth, Penglais Campus, Aberystwyth, SY23 3DE, Wales","125 W. Jefferson Boulevard, Fort Wayne, IN 46802","60 Gibbs Street, Rochester, NY 14604","117 S. Washington Street, Green Bay, WI 54301","201 Channing Square, Oklahoma City, OK 73102","45-51 Tamar Street, Launceston, 7250","1807 Telegraph Avenue, Oakland, CA 94612","45 Monument Circle, Indianapolis, IN 46204","1037 SW Broadway, Portland, OR 97205","Espanade Gardens, Victoria Street, Rothesay, PA20 0AH, Scotland","14 Langham Place, London, W1B 2QS, England","211 Stockwell Road, Brixton, London, Lambeth, SW9 9SL, England","483 George Street Sydney NSW 2000","220 S. Michigan Avenue, Chicago, IL 60604"]}]},"context":{"page_title":null,"page_url":null,"page_entity_id":null,"content_hierarchy":[]},"links":[[[{"start":0,"end":18,"url":null,"entity_id":"Q4681798","candidates":[]}],[{"start":0,"end":8,"url":null,"entity_id":"Q1094063","candidates":[]}],[]],[[{"start":0,"end":14,"url":null,"entity_id":"Q5587876","candidates":[]}],[{"start":0,"end":9,"url":null,"entity_id":"Q991177","candidates":[]}],[]],[[{"start":0,"end":36,"url":null,"entity_id":"Q5126942","candidates":[]}],[{"start":0,"end":12,"url":null,"entity_id":"Q668676","candidates":[]}],[]],[[{"start":0,"end":29,"url":null,"entity_id":"Q5043944","candidates":[]}],[{"start":0,"end":7,"url":null,"entity_id":"Q659120","candidates":[]}],[]],[[{"start":0,"end":15,"url":null,"entity_id":"Q5532738","candidates":[]}],[{"start":0,"end":8,"url":null,"entity_id":"Q578289","candidates":[]}],[]],[[{"start":0,"end":13,"url":null,"entity_id":"Q4914251","candidates":[]}],[{"start":0,"end":10,"url":null,"entity_id":"Q213814","candidates":[]}],[]],[[{"start":0,"end":23,"url":null,"entity_id":"Q4667219","candidates":[]}],[{"start":0,"end":11,"url":null,"entity_id":"Q213154","candidates":[]}],[]],[[{"start":0,"end":15,"url":null,"entity_id":"Q5369527","candidates":[]}],[{"start":0,"end":10,"url":null,"entity_id":"Q49268","candidates":[]}],[]],[[{"start":0,"end":15,"url":null,"entity_id":"Q5330794","candidates":[]}],[{"start":0,"end":9,"url":null,"entity_id":"Q49218","candidates":[]}],[]],[[{"start":0,"end":13,"url":null,"entity_id":"Q5476999","candidates":[]}],[{"start":0,"end":9,"url":null,"entity_id":"Q47430","candidates":[]}],[]],[[{"start":0,"end":23,"url":null,"entity_id":"Q5124287","candidates":[]}],[{"start":0,"end":13,"url":null,"entity_id":"Q34863","candidates":[]}],[]],[[{"start":0,"end":11,"url":null,"entity_id":"Q4710400","candidates":[]}],[{"start":0,"end":8,"url":null,"entity_id":"Q34366","candidates":[]}],[]],[[{"start":0,"end":19,"url":null,"entity_id":"Q5476853","candidates":[]}],[{"start":0,"end":7,"url":null,"entity_id":"Q17042","candidates":[]}],[]],[[{"start":0,"end":22,"url":null,"entity_id":"Q5761189","candidates":[]}],[{"start":0,"end":12,"url":null,"entity_id":"Q6346","candidates":[]}],[]],[[{"start":0,"end":29,"url":null,"entity_id":"Q4792174","candidates":[]}],[{"start":0,"end":8,"url":null,"entity_id":"Q6106","candidates":[]}],[]],[[{"start":0,"end":24,"url":null,"entity_id":"Q2584928","candidates":[]}],[{"start":0,"end":15,"url":null,"entity_id":"Q202174","candidates":[]}],[]],[[{"start":0,"end":25,"url":null,"entity_id":"Q3527559","candidates":[]}],[{"start":0,"end":19,"url":null,"entity_id":"Q179351","candidates":[]}],[]],[[{"start":0,"end":15,"url":null,"entity_id":"Q2239788","candidates":[]}],[{"start":0,"end":25,"url":null,"entity_id":"Q202059","candidates":[]}],[]],[[{"start":0,"end":16,"url":null,"entity_id":"Q1192985","candidates":[]}],[{"start":0,"end":15,"url":null,"entity_id":"Q3224","candidates":[]}],[]],[[{"start":0,"end":15,"url":null,"entity_id":"Q2154167","candidates":[]}],[{"start":0,"end":7,"url":null,"entity_id":"Q1297","candidates":[]}],[]]]}