{"version":"1.2","table":{"version":"2","table_id":"B27R5CBF","columns":[{"index":0,"name":"col0","values":["Flodk and Fowl","Cason Kitchen","ureole","Buddy V's Rivtorante","Boufhon","Bardo Brasserie","Cae Bellagio","Las Vegas Rocms Cafe","heeueburger","Maugaritaville","Javer's","Cahé Vettro","Chew &Chug","Buca di Beppp","Tangaroa Terrace Tropicdl Bar & Grill","Beer Pak","Splitsille Luxury Lanes","Tortilla Jo'","La Bra Bakery Express","Cafe Oreans"]},{"index":1,"name":"col1","values":["The Odgen","Downtown Las Vegas","Mandalay Bay","The Venetian","The Venetian","Aria Resort and Casino","Bellagio Hotel & Casino","Neonopolis","Miracle Mile Shops","Flamingo Las Vegas","Aria Resort and Casino","Aria Resort and Casino","Hawaiian Marketplace","Excalibur Hotel and Casino","Disneyland Hotel","Paris Las Vegas","Downtown Disney","Downtown Disney","Downtown Disney","Disneyland"]},{"index":2,"name":"col2","values":["150 N Las Vegas Blve #100","124 S. 6th St., Suive 100","950 Las Vegas Blvd South","3327 S Las Vegas Boulhvad","3355 S Lds Vegas Blvd #10101","3730 Las Vegs Boulevard","3600 Souuh Las Vegas Boulevard","450 Fremont Su","366 Las Vegas Boulevard S","3555 SouthLas Vegas Boulevard","373 S Las Vegas Blvd","3730 Las Yegas Blvd S","374 S Las Vegas Blvd #120","380 S Las Vegas Blvd","1150\"Magic Way","3655 S Las Vegas lvd","1530 S. Dispeyland Dr","1510 Disneylbnd Dr","4313 S Harbor Blvd Suite A","1313 S Harbor Bvd"]},{"index":3,"name":"col3","values":["2015/01/01","2014/01/01","1999/01/01","2013/10/07","2004/01/01","2015/01/01","1998/10/15","2009/01/01","2002/01/01","2003/01/01","2012/01/01","2009/12/16","2018/01/01","2011/12/01","2011/05/01","2016/01/01","2018/03/01","2001/01/01","2001/01/01","1972/08/01"]}]},"context":{"page_title":null,"page_url":null,"page_entity_id":null,"content_hierarchy":[]},"links":[[[{"start":0,"end":14,"url":null,"entity_id":"Q61986209","candidates":[]}],[{"start":0,"end":9,"url":null,"entity_id":"Q7622704","candidates":[]}],[],[]],[[{"start":0,"end":13,"url":null,"entity_id":"Q61982078","candidates":[]}],[{"start":0,"end":18,"url":null,"entity_id":"Q5303486","candidates":[]}],[],[]],[[{"start":0,"end":6,"url":null,"entity_id":"Q61968543","candidates":[]}],[{"start":0,"end":12,"url":null,"entity_id":"Q1368043","candidates":[]}],[],[]],[[{"start":0,"end":20,"url":null,"entity_id":"Q61969421","candidates":[]}],[{"start":0,"end":12,"url":null,"entity_id":"Q1049209","candidates":[]}],[],[]],[[{"start":0,"end":7,"url":null,"entity_id":"Q61969122","candidates":[]}],[{"start":0,"end":12,"url":null,"entity_id":"Q1049209","candidates":[]}],[],[]],[[{"start":0,"end":15,"url":null,"entity_id":"Q61968714","candidates":[]}],[{"start":0,"end":22,"url":null,"entity_id":"Q654279","candidates":[]}],[],[]],[[{"start":0,"end":12,"url":null,"entity_id":"Q61987063","candidates":[]}],[{"start":0,"end":23,"url":null,"entity_id":"Q25007","candidates":[]}],[],[]],[[{"start":0,"end":20,"url":null,"entity_id":"Q61906139","candidates":[]}],[{"start":0,"end":10,"url":null,"entity_id":"Q6993531","candidates":[]}],[],[]],[[{"start":0,"end":11,"url":null,"entity_id":"Q61795642","candidates":[]}],[{"start":0,"end":18,"url":null,"entity_id":"Q2134698","candidates":[]}],[],[]],[[{"start":0,"end":14,"url":null,"entity_id":"Q61893368","candidates":[]}],[{"start":0,"end":18,"url":null,"entity_id":"Q1426968","candidates":[]}],[],[]],[[{"start":0,"end":7,"url":null,"entity_id":"Q61857522","candidates":[]}],[{"start":0,"end":22,"url":null,"entity_id":"Q654279","candidates":[]}],[],[]],[[{"start":0,"end":11,"url":null,"entity_id":"Q61758980","candidates":[]}],[{"start":0,"end":22,"url":null,"entity_id":"Q654279","candidates":[]}],[],[]],[[{"start":0,"end":10,"url":null,"entity_id":"Q75066045","candidates":[]}],[{"start":0,"end":20,"url":null,"entity_id":"Q61631949","candidates":[]}],[],[]],[[{"start":0,"end":13,"url":null,"entity_id":"Q74941599","candidates":[]}],[{"start":0,"end":26,"url":null,"entity_id":"Q1064873","candidates":[]}],[],[]],[[{"start":0,"end":37,"url":null,"entity_id":"Q76432584","candidates":[]}],[{"start":0,"end":16,"url":null,"entity_id":"Q1055872","candidates":[]}],[],[]],[[{"start":0,"end":8,"url":null,"entity_id":"Q75064375","candidates":[]}],[{"start":0,"end":15,"url":null,"entity_id":"Q691491","candidates":[]}],[],[]],[[{"start":0,"end":23,"url":null,"entity_id":"Q76987468","candidates":[]}],[{"start":0,"end":15,"url":null,"entity_id":"Q659605","candidates":[]}],[],[]],[[{"start":0,"end":12,"url":null,"entity_id":"Q76981660","candidates":[]}],[{"start":0,"end":15,"url":null,"entity_id":"Q659605","candidates":[]}],[],[]],[[{"start":0,"end":21,"url":null,"entity_id":"Q76851845","candidates":[]}],[{"start":0,"end":15,"url":null,"entity_id":"Q659605","candidates":[]}],[],[]],[[{"start":0,"end":11,"url":null,"entity_id":"Q76444065","candidates":[]}],[{"start":0,"end":10,"url":null,"entity_id":"Q181185","candidates":[]}],[],[]]]}