{"version":"1.2","table":{"version":"2","table_id":"B2UGL4PI","columns":[{"index":0,"name":"col0","values":["football at the 2004 Summer Olympics – Women's tournament","2004 Copa América","1916 South American Championship","1924 South American Championship","1919 South American Championship","2001 Copa América","1995 Copa América","1917 South American Championship","2007 Copa América","2011 Copa América","1992–93 UEFA Cup","2001–02 UEFA Champions League","1976–77 European Cup","1998–99 Coupe de la Ligue","2009 Supertaça Cândido de Oliveira","1957 Torneio Rio-São Paulo","1958 Torneio Rio-São Paulo","1954 Torneio Rio-São Paulo","1953  Torneio Rio-São Paulo","2012 Superclásico de las Américas"]},{"index":1,"name":"col1","values":["association football","association football","association football","association football","association football","association football","association football","association football","association football","association football","association football","association football","association football","association football","association football","association football","association football","association football","association football","association football"]},{"index":2,"name":"col2","values":["football at the Summer Olympics","Copa América","Copa América","Copa América","Copa América","Copa América","Copa América","Copa América","Copa América","Copa América","UEFA Europa League","UEFA Champions League","UEFA Champions League","Coupe de la Ligue","Supertaça Cândido de Oliveira","Torneio Rio – São Paulo","Torneio Rio – São Paulo","Torneio Rio – São Paulo","Torneio Rio – São Paulo","Superclásico de las Américas"]},{"index":3,"name":"col3","values":["20","26","6","6","7","26","26","6","26","26","126","157","61","40","1","45","45","45","45","2"]}]},"context":{"page_title":null,"page_url":null,"page_entity_id":null,"content_hierarchy":[]},"links":[[[{"start":0,"end":57,"url":null,"entity_id":"Q128838","candidates":[]}],[{"start":0,"end":20,"url":null,"entity_id":"Q2736","candidates":[]}],[{"start":0,"end":31,"url":null,"entity_id":"Q188317","candidates":[]}],[]],[[{"start":0,"end":17,"url":null,"entity_id":"Q735014","candidates":[]}],[{"start":0,"end":20,"url":null,"entity_id":"Q2736","candidates":[]}],[{"start":0,"end":12,"url":null,"entity_id":"Q178750","candidates":[]}],[]],[[{"start":0,"end":32,"url":null,"entity_id":"Q725963","candidates":[]}],[{"start":0,"end":20,"url":null,"entity_id":"Q2736","candidates":[]}],[{"start":0,"end":12,"url":null,"entity_id":"Q178750","candidates":[]}],[]],[[{"start":0,"end":32,"url":null,"entity_id":"Q658688","candidates":[]}],[{"start":0,"end":20,"url":null,"entity_id":"Q2736","candidates":[]}],[{"start":0,"end":12,"url":null,"entity_id":"Q178750","candidates":[]}],[]],[[{"start":0,"end":32,"url":null,"entity_id":"Q635007","candidates":[]}],[{"start":0,"end":20,"url":null,"entity_id":"Q2736","candidates":[]}],[{"start":0,"end":12,"url":null,"entity_id":"Q178750","candidates":[]}],[]],[[{"start":0,"end":17,"url":null,"entity_id":"Q545012","candidates":[]}],[{"start":0,"end":20,"url":null,"entity_id":"Q2736","candidates":[]}],[{"start":0,"end":12,"url":null,"entity_id":"Q178750","candidates":[]}],[]],[[{"start":0,"end":17,"url":null,"entity_id":"Q532089","candidates":[]}],[{"start":0,"end":20,"url":null,"entity_id":"Q2736","candidates":[]}],[{"start":0,"end":12,"url":null,"entity_id":"Q178750","candidates":[]}],[]],[[{"start":0,"end":32,"url":null,"entity_id":"Q426247","candidates":[]}],[{"start":0,"end":20,"url":null,"entity_id":"Q2736","candidates":[]}],[{"start":0,"end":12,"url":null,"entity_id":"Q178750","candidates":[]}],[]],[[{"start":0,"end":17,"url":null,"entity_id":"Q383272","candidates":[]}],[{"start":0,"end":20,"url":null,"entity_id":"Q2736","candidates":[]}],[{"start":0,"end":12,"url":null,"entity_id":"Q178750","candidates":[]}],[]],[[{"start":0,"end":17,"url":null,"entity_id":"Q207729","candidates":[]}],[{"start":0,"end":20,"url":null,"entity_id":"Q2736","candidates":[]}],[{"start":0,"end":12,"url":null,"entity_id":"Q178750","candidates":[]}],[]],[[{"start":0,"end":16,"url":null,"entity_id":"Q268859","candidates":[]}],[{"start":0,"end":20,"url":null,"entity_id":"Q2736","candidates":[]}],[{"start":0,"end":18,"url":null,"entity_id":"Q18760","candidates":[]}],[]],[[{"start":0,"end":29,"url":null,"entity_id":"Q727058","candidates":[]}],[{"start":0,"end":20,"url":null,"entity_id":"Q2736","candidates":[]}],[{"start":0,"end":21,"url":null,"entity_id":"Q18756","candidates":[]}],[]],[[{"start":0,"end":20,"url":null,"entity_id":"Q497020","candidates":[]}],[{"start":0,"end":20,"url":null,"entity_id":"Q2736","candidates":[]}],[{"start":0,"end":21,"url":null,"entity_id":"Q18756","candidates":[]}],[]],[[{"start":0,"end":25,"url":null,"entity_id":"Q3000252","candidates":[]}],[{"start":0,"end":20,"url":null,"entity_id":"Q2736","candidates":[]}],[{"start":0,"end":17,"url":null,"entity_id":"Q476539","candidates":[]}],[]],[[{"start":0,"end":34,"url":null,"entity_id":"Q4614853","candidates":[]}],[{"start":0,"end":20,"url":null,"entity_id":"Q2736","candidates":[]}],[{"start":0,"end":29,"url":null,"entity_id":"Q1127062","candidates":[]}],[]],[[{"start":0,"end":26,"url":null,"entity_id":"Q10383496","candidates":[]}],[{"start":0,"end":20,"url":null,"entity_id":"Q2736","candidates":[]}],[{"start":0,"end":23,"url":null,"entity_id":"Q2030503","candidates":[]}],[]],[[{"start":0,"end":26,"url":null,"entity_id":"Q10383495","candidates":[]}],[{"start":0,"end":20,"url":null,"entity_id":"Q2736","candidates":[]}],[{"start":0,"end":23,"url":null,"entity_id":"Q2030503","candidates":[]}],[]],[[{"start":0,"end":26,"url":null,"entity_id":"Q10383494","candidates":[]}],[{"start":0,"end":20,"url":null,"entity_id":"Q2736","candidates":[]}],[{"start":0,"end":23,"url":null,"entity_id":"Q2030503","candidates":[]}],[]],[[{"start":0,"end":27,"url":null,"entity_id":"Q10383493","candidates":[]}],[{"start":0,"end":20,"url":null,"entity_id":"Q2736","candidates":[]}],[{"start":0,"end":23,"url":null,"entity_id":"Q2030503","candidates":[]}],[]],[[{"start":0,"end":33,"url":null,"entity_id":"Q2244861","candidates":[]}],[{"start":0,"end":20,"url":null,"entity_id":"Q2736","candidates":[]}],[{"start":0,"end":28,"url":null,"entity_id":"Q13512875","candidates":[]}],[]]]}