{"version":"1.2","table":{"version":"2","table_id":"B3KZLUHR","columns":[{"index":0,"name":"col0","values":["2MASX J12433546+4342221","2XMM J023613.4-523036","2MASX J21213585+1118062","2MASX J08390692-0736370","2MASX J08030948-0349384","2MASX J18465481-2758217","2MASX J15505397-1117580","2MASX J13563373-3213161","2MASX J09472014-3720443","2MASX J15510669-3224476","2MASX J08512754-2329078","2MASX J19471341-3036139","2MASX J19241075-3510366","2MASX J09415193-3550342","2MASX J11312528-1349113","2MASX J08332885-2259109","2MASX J18274562-3444240","2MASX J10101472-3301468","2MASX J14301541-3414156","2MASX J13072651-1620076"]},{"index":1,"name":"col1","values":["0.0226","0.0546","2.3831","1.3299","0.1321","1.304","1.4086","0.9198","0.9678","0.6305","0.2944","0.9378","2.2215","1.5274","1.9678","0.559","0.4021","0.538","0.7175","0.2243"]},{"index":2,"name":"col2","values":["-0.937","-0.412","-43.916","-4.539","0.524","-8.67","0.339","-0.107","-8.913","1.916","0.891","-1.177","-6.976","-12.325","-17.305","-4.055","-9.825","-2.871","-6.754","-0.947"]}]},"context":{"page_title":null,"page_url":null,"page_entity_id":null,"content_hierarchy":[]},"links":[[[{"start":0,"end":23,"url":null,"entity_id":"Q78776312","candidates":[]}],[],[]],[[{"start":0,"end":21,"url":null,"entity_id":"Q78713782","candidates":[]}],[],[]],[[{"start":0,"end":23,"url":null,"entity_id":"Q78458502","candidates":[]}],[],[]],[[{"start":0,"end":23,"url":null,"entity_id":"Q80952133","candidates":[]}],[],[]],[[{"start":0,"end":23,"url":null,"entity_id":"Q80951904","candidates":[]}],[],[]],[[{"start":0,"end":23,"url":null,"entity_id":"Q80950945","candidates":[]}],[],[]],[[{"start":0,"end":23,"url":null,"entity_id":"Q80948234","candidates":[]}],[],[]],[[{"start":0,"end":23,"url":null,"entity_id":"Q80948161","candidates":[]}],[],[]],[[{"start":0,"end":23,"url":null,"entity_id":"Q80947892","candidates":[]}],[],[]],[[{"start":0,"end":23,"url":null,"entity_id":"Q80946925","candidates":[]}],[],[]],[[{"start":0,"end":23,"url":null,"entity_id":"Q80945947","candidates":[]}],[],[]],[[{"start":0,"end":23,"url":null,"entity_id":"Q80945826","candidates":[]}],[],[]],[[{"start":0,"end":23,"url":null,"entity_id":"Q80945806","candidates":[]}],[],[]],[[{"start":0,"end":23,"url":null,"entity_id":"Q80945173","candidates":[]}],[],[]],[[{"start":0,"end":23,"url":null,"entity_id":"Q80944972","candidates":[]}],[],[]],[[{"start":0,"end":23,"url":null,"entity_id":"Q80944533","candidates":[]}],[],[]],[[{"start":0,"end":23,"url":null,"entity_id":"Q80941271","candidates":[]}],[],[]],[[{"start":0,"end":23,"url":null,"entity_id":"Q80941212","candidates":[]}],[],[]],[[{"start":0,"end":23,"url":null,"entity_id":"Q80940164","candidates":[]}],[],[]],[[{"start":0,"end":23,"url":null,"entity_id":"Q80939555","candidates":[]}],[],[]]]}