{"version":"1.2","table":{"version":"2","table_id":"0WEIN2YO","columns":[{"index":0,"name":"col0","values":["Gullhaug Idrettslag","A.S.D. Polisportiva Olonia","IK Sirius","Ullevål IL","Maple Club","Skeid","SK Falk","SFK Lyn","Polonia Poznań","Jyväskylän Seudun Palloseura","IF Frisk Asker","Hommelvik IL","Pyrkivä Turku","Veitsiluodon Vastus","Club Atlético Alvarado","Abildsø IL","Aalto University Sports Club","Oulun Palloseura","Oulun Luistinseura","Drammens BK"]},{"index":1,"name":"col1","values":["1974-08-05","1973-06-12","1907-01-01","1920-01-01","1958-01-01","1915-01-01","1917-01-01","1896-01-01","1921-01-01","1962-01-01","1922-01-01","1924-01-01","1906-01-01","1930-01-01","1928-06-21","1931-09-03","1903-01-01","1925-01-01","1880-01-01","1909-01-01"]},{"index":2,"name":"col2","values":["athletics","athletics","floorball","gymnastics","cricket","association football","association football","association football","association football","association football","association football","association football","association football","association football","association football","association football","association football","association football","association football","association football"]}]},"context":{"page_title":null,"page_url":null,"page_entity_id":null,"content_hierarchy":[]},"links":[[[{"start":0,"end":26,"url":null,"entity_id":"Q20994305","candidates":[]}],[],[{"start":0,"end":9,"url":null,"entity_id":"Q542","candidates":[]}]],[[{"start":0,"end":9,"url":null,"entity_id":"Q6573779","candidates":[]}],[],[{"start":0,"end":9,"url":null,"entity_id":"Q206763","candidates":[]}]],[[{"start":0,"end":10,"url":null,"entity_id":"Q4582370","candidates":[]}],[],[{"start":0,"end":10,"url":null,"entity_id":"Q43450","candidates":[]}]],[[{"start":0,"end":10,"url":null,"entity_id":"Q6753847","candidates":[]}],[],[{"start":0,"end":7,"url":null,"entity_id":"Q5375","candidates":[]}]],[[{"start":0,"end":5,"url":null,"entity_id":"Q7534332","candidates":[]}],[],[{"start":0,"end":20,"url":null,"entity_id":"Q2736","candidates":[]}]],[[{"start":0,"end":7,"url":null,"entity_id":"Q7390668","candidates":[]}],[],[{"start":0,"end":20,"url":null,"entity_id":"Q2736","candidates":[]}]],[[{"start":0,"end":7,"url":null,"entity_id":"Q7389964","candidates":[]}],[],[{"start":0,"end":20,"url":null,"entity_id":"Q2736","candidates":[]}]],[[{"start":0,"end":14,"url":null,"entity_id":"Q7225938","candidates":[]}],[],[{"start":0,"end":20,"url":null,"entity_id":"Q2736","candidates":[]}]],[[{"start":0,"end":28,"url":null,"entity_id":"Q6319556","candidates":[]}],[],[{"start":0,"end":20,"url":null,"entity_id":"Q2736","candidates":[]}]],[[{"start":0,"end":14,"url":null,"entity_id":"Q5970894","candidates":[]}],[],[{"start":0,"end":20,"url":null,"entity_id":"Q2736","candidates":[]}]],[[{"start":0,"end":12,"url":null,"entity_id":"Q5890954","candidates":[]}],[],[{"start":0,"end":20,"url":null,"entity_id":"Q2736","candidates":[]}]],[[{"start":0,"end":13,"url":null,"entity_id":"Q5767623","candidates":[]}],[],[{"start":0,"end":20,"url":null,"entity_id":"Q2736","candidates":[]}]],[[{"start":0,"end":19,"url":null,"entity_id":"Q5396541","candidates":[]}],[],[{"start":0,"end":20,"url":null,"entity_id":"Q2736","candidates":[]}]],[[{"start":0,"end":22,"url":null,"entity_id":"Q4737892","candidates":[]}],[],[{"start":0,"end":20,"url":null,"entity_id":"Q2736","candidates":[]}]],[[{"start":0,"end":10,"url":null,"entity_id":"Q4667749","candidates":[]}],[],[{"start":0,"end":20,"url":null,"entity_id":"Q2736","candidates":[]}]],[[{"start":0,"end":28,"url":null,"entity_id":"Q4412791","candidates":[]}],[],[{"start":0,"end":20,"url":null,"entity_id":"Q2736","candidates":[]}]],[[{"start":0,"end":16,"url":null,"entity_id":"Q4354228","candidates":[]}],[],[{"start":0,"end":20,"url":null,"entity_id":"Q2736","candidates":[]}]],[[{"start":0,"end":18,"url":null,"entity_id":"Q4345739","candidates":[]}],[],[{"start":0,"end":20,"url":null,"entity_id":"Q2736","candidates":[]}]],[[{"start":0,"end":11,"url":null,"entity_id":"Q3715157","candidates":[]}],[],[{"start":0,"end":20,"url":null,"entity_id":"Q2736","candidates":[]}]],[[{"start":0,"end":19,"url":null,"entity_id":"Q37773532","candidates":[]}],[],[{"start":0,"end":9,"url":null,"entity_id":"Q542","candidates":[]}]]]}