{"version":"1.2","table":{"version":"2","table_id":"0ZY7BPOH","columns":[{"index":0,"name":"col0","values":["MBTA fare zone 10","MBTA fare zone 9","MBTA fare zone 8","MBTA fare zone 7","MBTA fare zone 6","MBTA fare zone 5","MBTA fare zone 4","MBTA fare zone 3","MBTA fare zone 2","MBTA fare zone 1A","VRE fare zone 9","VRE fare zone 8","VRE fare zone 7","VRE fare zone 6","VRE fare zone 5","VRE fare zone 4","VRE fare zone 3","VRE fare zone 1","Seville Metro fare zone 2","Seville Metro fare zone 0"]},{"index":1,"name":"col1","values":["Rhode Island","Rhode Island","United States of America","Massachusetts","Massachusetts","Massachusetts","Massachusetts","Massachusetts","Massachusetts","Massachusetts","Virginia","Virginia","Virginia","Virginia","Virginia","Virginia","Virginia","Washington, D.C.","Seville Province","Seville Province"]},{"index":2,"name":"col2","values":["MBTA fare zone 9","MBTA fare zone 8","MBTA fare zone 7","MBTA fare zone 6","MBTA fare zone 5","MBTA fare zone 4","MBTA fare zone 3","MBTA fare zone 2","MBTA fare zone 1","MBTA fare zone 1","VRE fare zone 8","VRE fare zone 7","VRE fare zone 6","VRE fare zone 5","VRE fare zone 4","VRE fare zone 3","VRE fare zone 2","VRE fare zone 2","Seville Metro fare zone 1","Seville Metro fare zone 1"]}]},"context":{"page_title":null,"page_url":null,"page_entity_id":null,"content_hierarchy":[]},"links":[[[{"start":0,"end":16,"url":null,"entity_id":"Q41753706","candidates":[]}],[{"start":0,"end":12,"url":null,"entity_id":"Q1387","candidates":[]}],[{"start":0,"end":16,"url":null,"entity_id":"Q41753701","candidates":[]}]],[[{"start":0,"end":16,"url":null,"entity_id":"Q41753701","candidates":[]}],[{"start":0,"end":24,"url":null,"entity_id":"Q30","candidates":[]}],[{"start":0,"end":16,"url":null,"entity_id":"Q41753694","candidates":[]}]],[[{"start":0,"end":16,"url":null,"entity_id":"Q41753694","candidates":[]}],[{"start":0,"end":13,"url":null,"entity_id":"Q771","candidates":[]}],[{"start":0,"end":16,"url":null,"entity_id":"Q41753689","candidates":[]}]],[[{"start":0,"end":16,"url":null,"entity_id":"Q41753689","candidates":[]}],[{"start":0,"end":13,"url":null,"entity_id":"Q771","candidates":[]}],[{"start":0,"end":16,"url":null,"entity_id":"Q41753685","candidates":[]}]],[[{"start":0,"end":16,"url":null,"entity_id":"Q41753685","candidates":[]}],[{"start":0,"end":13,"url":null,"entity_id":"Q771","candidates":[]}],[{"start":0,"end":16,"url":null,"entity_id":"Q41753680","candidates":[]}]],[[{"start":0,"end":16,"url":null,"entity_id":"Q41753680","candidates":[]}],[{"start":0,"end":13,"url":null,"entity_id":"Q771","candidates":[]}],[{"start":0,"end":16,"url":null,"entity_id":"Q41753675","candidates":[]}]],[[{"start":0,"end":16,"url":null,"entity_id":"Q41753675","candidates":[]}],[{"start":0,"end":13,"url":null,"entity_id":"Q771","candidates":[]}],[{"start":0,"end":16,"url":null,"entity_id":"Q41753670","candidates":[]}]],[[{"start":0,"end":16,"url":null,"entity_id":"Q41753670","candidates":[]}],[{"start":0,"end":13,"url":null,"entity_id":"Q771","candidates":[]}],[{"start":0,"end":16,"url":null,"entity_id":"Q41753666","candidates":[]}]],[[{"start":0,"end":17,"url":null,"entity_id":"Q41753525","candidates":[]}],[{"start":0,"end":13,"url":null,"entity_id":"Q771","candidates":[]}],[{"start":0,"end":16,"url":null,"entity_id":"Q41753666","candidates":[]}]],[[{"start":0,"end":15,"url":null,"entity_id":"Q41743093","candidates":[]}],[{"start":0,"end":8,"url":null,"entity_id":"Q1370","candidates":[]}],[{"start":0,"end":15,"url":null,"entity_id":"Q41743088","candidates":[]}]],[[{"start":0,"end":15,"url":null,"entity_id":"Q41743088","candidates":[]}],[{"start":0,"end":8,"url":null,"entity_id":"Q1370","candidates":[]}],[{"start":0,"end":15,"url":null,"entity_id":"Q41743085","candidates":[]}]],[[{"start":0,"end":15,"url":null,"entity_id":"Q41743085","candidates":[]}],[{"start":0,"end":8,"url":null,"entity_id":"Q1370","candidates":[]}],[{"start":0,"end":15,"url":null,"entity_id":"Q41743081","candidates":[]}]],[[{"start":0,"end":15,"url":null,"entity_id":"Q41743081","candidates":[]}],[{"start":0,"end":8,"url":null,"entity_id":"Q1370","candidates":[]}],[{"start":0,"end":15,"url":null,"entity_id":"Q41743078","candidates":[]}]],[[{"start":0,"end":15,"url":null,"entity_id":"Q41743078","candidates":[]}],[{"start":0,"end":8,"url":null,"entity_id":"Q1370","candidates":[]}],[{"start":0,"end":15,"url":null,"entity_id":"Q41743074","candidates":[]}]],[[{"start":0,"end":15,"url":null,"entity_id":"Q41743074","candidates":[]}],[{"start":0,"end":8,"url":null,"entity_id":"Q1370","candidates":[]}],[{"start":0,"end":15,"url":null,"entity_id":"Q41743072","candidates":[]}]],[[{"start":0,"end":15,"url":null,"entity_id":"Q41743072","candidates":[]}],[{"start":0,"end":8,"url":null,"entity_id":"Q1370","candidates":[]}],[{"start":0,"end":15,"url":null,"entity_id":"Q41743069","candidates":[]}]],[[{"start":0,"end":15,"url":null,"entity_id":"Q41743065","candidates":[]}],[{"start":0,"end":16,"url":null,"entity_id":"Q61","candidates":[]}],[{"start":0,"end":15,"url":null,"entity_id":"Q41743069","candidates":[]}]],[[{"start":0,"end":25,"url":null,"entity_id":"Q41740414","candidates":[]}],[{"start":0,"end":16,"url":null,"entity_id":"Q95088","candidates":[]}],[{"start":0,"end":25,"url":null,"entity_id":"Q41740411","candidates":[]}]],[[{"start":0,"end":25,"url":null,"entity_id":"Q41740404","candidates":[]}],[{"start":0,"end":16,"url":null,"entity_id":"Q95088","candidates":[]}],[{"start":0,"end":25,"url":null,"entity_id":"Q41740411","candidates":[]}]],[[{"start":0,"end":17,"url":null,"entity_id":"Q41753711","candidates":[]}],[{"start":0,"end":12,"url":null,"entity_id":"Q1387","candidates":[]}],[{"start":0,"end":16,"url":null,"entity_id":"Q41753706","candidates":[]}]]]}