{"version":"1.2","table":{"version":"2","table_id":"10FVQH2L","columns":[{"index":0,"name":"col0","values":["Brighton Belle street mural","Il faut se méfier des mots","Slave Labour","Dante Monument","Mission Dolores mural","Mississippi River Tales Mural","grande fresque de la gare de Lyon","Historical Panorama of Alabama Agriculture","Jacob Wrestling with the Angel","The Last Supper","cats and chickens making music","Mountains and Yucca","Reindeers","Substation 13","owner pedigree of the Zeerleder house","Two pilgrims","A pilgrim","A pilgrim","Aux gloires du Lyonnais et du Beaujolais","Balloon Girl"]},{"index":1,"name":"col1","values":["United Kingdom","France","United Kingdom","Spain","United States of America","United States of America","France","United States of America","France","Italy","Switzerland","United States of America","United Kingdom","South Africa","Switzerland","France","France","France","France","United Kingdom"]},{"index":2,"name":"col2","values":["Brighton Belle","scaffold","child","Dante Alighieri","Sacred Heart","Indigenous peoples of America","Paris","agriculture","man","human","house cat","cloud","reindeer","Nelson Mandela","coat of arms","Catherine of Alexandria","Catherine of Alexandria","Catherine of Alexandria","woman","girl"]},{"index":3,"name":"col3","values":["Brighton Toy and Model Museum","place Fréhel","Wood Green","Buen Retiro park","Mission San Francisco de Asís","Cape Girardeau","Paris-Gare de Lyon","Auburn University","Saint-Sulpice","Santa Maria delle Grazie","Meienegg","Deming Main Post Office","Jewellery Quarter","District Six","Old City of Bern","Église du Musée des Augustins de Toulouse","Église du Musée des Augustins de Toulouse","Église du Musée des Augustins de Toulouse","Prefecture hotel of Rhône","Shoreditch"]}]},"context":{"page_title":null,"page_url":null,"page_entity_id":null,"content_hierarchy":[]},"links":[[[{"start":0,"end":26,"url":null,"entity_id":"Q3148502","candidates":[]}],[{"start":0,"end":6,"url":null,"entity_id":"Q142","candidates":[]}],[{"start":0,"end":8,"url":null,"entity_id":"Q233320","candidates":[]}],[{"start":0,"end":12,"url":null,"entity_id":"Q3389814","candidates":[]}]],[[{"start":0,"end":12,"url":null,"entity_id":"Q5829280","candidates":[]}],[{"start":0,"end":14,"url":null,"entity_id":"Q145","candidates":[]}],[{"start":0,"end":5,"url":null,"entity_id":"Q7569","candidates":[]}],[{"start":0,"end":10,"url":null,"entity_id":"Q1992780","candidates":[]}]],[[{"start":0,"end":14,"url":null,"entity_id":"Q6023007","candidates":[]}],[{"start":0,"end":5,"url":null,"entity_id":"Q29","candidates":[]}],[{"start":0,"end":15,"url":null,"entity_id":"Q1067","candidates":[]}],[{"start":0,"end":16,"url":null,"entity_id":"Q1131807","candidates":[]}]],[[{"start":0,"end":21,"url":null,"entity_id":"Q6878583","candidates":[]}],[{"start":0,"end":24,"url":null,"entity_id":"Q30","candidates":[]}],[{"start":0,"end":12,"url":null,"entity_id":"Q408284","candidates":[]}],[{"start":0,"end":29,"url":null,"entity_id":"Q1000321","candidates":[]}]],[[{"start":0,"end":29,"url":null,"entity_id":"Q6879289","candidates":[]}],[{"start":0,"end":24,"url":null,"entity_id":"Q30","candidates":[]}],[{"start":0,"end":29,"url":null,"entity_id":"Q36747","candidates":[]}],[{"start":0,"end":14,"url":null,"entity_id":"Q866294","candidates":[]}]],[[{"start":0,"end":33,"url":null,"entity_id":"Q3115074","candidates":[]}],[{"start":0,"end":6,"url":null,"entity_id":"Q142","candidates":[]}],[{"start":0,"end":5,"url":null,"entity_id":"Q90","candidates":[]}],[{"start":0,"end":18,"url":null,"entity_id":"Q747541","candidates":[]}]],[[{"start":0,"end":42,"url":null,"entity_id":"Q5773918","candidates":[]}],[{"start":0,"end":24,"url":null,"entity_id":"Q30","candidates":[]}],[{"start":0,"end":11,"url":null,"entity_id":"Q11451","candidates":[]}],[{"start":0,"end":17,"url":null,"entity_id":"Q540672","candidates":[]}]],[[{"start":0,"end":30,"url":null,"entity_id":"Q3837491","candidates":[]}],[{"start":0,"end":6,"url":null,"entity_id":"Q142","candidates":[]}],[{"start":0,"end":3,"url":null,"entity_id":"Q8441","candidates":[]}],[{"start":0,"end":13,"url":null,"entity_id":"Q295844","candidates":[]}]],[[{"start":0,"end":15,"url":null,"entity_id":"Q128910","candidates":[]}],[{"start":0,"end":5,"url":null,"entity_id":"Q38","candidates":[]}],[{"start":0,"end":5,"url":null,"entity_id":"Q5","candidates":[]}],[{"start":0,"end":24,"url":null,"entity_id":"Q244952","candidates":[]}]],[[{"start":0,"end":30,"url":null,"entity_id":"Q64382529","candidates":[]}],[{"start":0,"end":11,"url":null,"entity_id":"Q39","candidates":[]}],[{"start":0,"end":9,"url":null,"entity_id":"Q146","candidates":[]}],[{"start":0,"end":8,"url":null,"entity_id":"Q67207096","candidates":[]}]],[[{"start":0,"end":19,"url":null,"entity_id":"Q84176186","candidates":[]}],[{"start":0,"end":24,"url":null,"entity_id":"Q30","candidates":[]}],[{"start":0,"end":5,"url":null,"entity_id":"Q8074","candidates":[]}],[{"start":0,"end":23,"url":null,"entity_id":"Q65119743","candidates":[]}]],[[{"start":0,"end":9,"url":null,"entity_id":"Q78092952","candidates":[]}],[{"start":0,"end":14,"url":null,"entity_id":"Q145","candidates":[]}],[{"start":0,"end":8,"url":null,"entity_id":"Q5410921","candidates":[]}],[{"start":0,"end":17,"url":null,"entity_id":"Q6189579","candidates":[]}]],[[{"start":0,"end":13,"url":null,"entity_id":"Q64767639","candidates":[]}],[{"start":0,"end":12,"url":null,"entity_id":"Q258","candidates":[]}],[{"start":0,"end":14,"url":null,"entity_id":"Q8023","candidates":[]}],[{"start":0,"end":12,"url":null,"entity_id":"Q1229689","candidates":[]}]],[[{"start":0,"end":37,"url":null,"entity_id":"Q67608945","candidates":[]}],[{"start":0,"end":11,"url":null,"entity_id":"Q39","candidates":[]}],[{"start":0,"end":12,"url":null,"entity_id":"Q14659","candidates":[]}],[{"start":0,"end":16,"url":null,"entity_id":"Q687973","candidates":[]}]],[[{"start":0,"end":12,"url":null,"entity_id":"Q21808513","candidates":[]}],[{"start":0,"end":6,"url":null,"entity_id":"Q142","candidates":[]}],[{"start":0,"end":23,"url":null,"entity_id":"Q179718","candidates":[]}],[{"start":0,"end":41,"url":null,"entity_id":"Q21493622","candidates":[]}]],[[{"start":0,"end":9,"url":null,"entity_id":"Q21808510","candidates":[]}],[{"start":0,"end":6,"url":null,"entity_id":"Q142","candidates":[]}],[{"start":0,"end":23,"url":null,"entity_id":"Q179718","candidates":[]}],[{"start":0,"end":41,"url":null,"entity_id":"Q21493622","candidates":[]}]],[[{"start":0,"end":9,"url":null,"entity_id":"Q21807969","candidates":[]}],[{"start":0,"end":6,"url":null,"entity_id":"Q142","candidates":[]}],[{"start":0,"end":23,"url":null,"entity_id":"Q179718","candidates":[]}],[{"start":0,"end":41,"url":null,"entity_id":"Q21493622","candidates":[]}]],[[{"start":0,"end":40,"url":null,"entity_id":"Q15150145","candidates":[]}],[{"start":0,"end":6,"url":null,"entity_id":"Q142","candidates":[]}],[{"start":0,"end":5,"url":null,"entity_id":"Q467","candidates":[]}],[{"start":0,"end":25,"url":null,"entity_id":"Q3146104","candidates":[]}]],[[{"start":0,"end":12,"url":null,"entity_id":"Q22000063","candidates":[]}],[{"start":0,"end":14,"url":null,"entity_id":"Q145","candidates":[]}],[{"start":0,"end":4,"url":null,"entity_id":"Q3031","candidates":[]}],[{"start":0,"end":10,"url":null,"entity_id":"Q1027127","candidates":[]}]],[[{"start":0,"end":27,"url":null,"entity_id":"Q4967606","candidates":[]}],[{"start":0,"end":14,"url":null,"entity_id":"Q145","candidates":[]}],[{"start":0,"end":14,"url":null,"entity_id":"Q16241006","candidates":[]}],[{"start":0,"end":29,"url":null,"entity_id":"Q4967734","candidates":[]}]]]}