{"version":"1.2","table":{"version":"2","table_id":"10WA15QW","columns":[{"index":0,"name":"col0","values":["Tyumen Biathlon Stadium","Canmore Nordic Centre","Vysočina Arena","Larrakia Park","Sylvie Becaert Biathlon Stadium","Civic Field","Alpensia Biathlon Centre","Shipley Field","Kontiolahti Biathlon Stadium","Norwood Oval","Arlington Stadium","Hochfilzen Ski and Biathlon Stadium","Cromer Park","Cramton Bowl","DKB-Ski-Arena Oberhof","Brookvale Oval","Laura Biathlon & Ski Complex","Pokljuka Biathlon Stadium","Osrblie Biathlon Centre","La Romareda"]},{"index":1,"name":"col1","values":["80","604","530","23","930","120","750","36","70","59","167","1010","71","73","820","14","1460","1345","615","229"]},{"index":2,"name":"col2","values":["6500","10000","35000","6000","20000","2500","3000","2500","15000","22000","10600","15000","5000","25000","11000","23000","7500","7000","2000","34596"]}]},"context":{"page_title":null,"page_url":null,"page_entity_id":null,"content_hierarchy":[]},"links":[[[{"start":0,"end":21,"url":null,"entity_id":"Q29015671","candidates":[]}],[],[]],[[{"start":0,"end":14,"url":null,"entity_id":"Q29015670","candidates":[]}],[],[]],[[{"start":0,"end":13,"url":null,"entity_id":"Q21932701","candidates":[]}],[],[]],[[{"start":0,"end":31,"url":null,"entity_id":"Q20380110","candidates":[]}],[],[]],[[{"start":0,"end":11,"url":null,"entity_id":"Q71328179","candidates":[]}],[],[]],[[{"start":0,"end":24,"url":null,"entity_id":"Q18492965","candidates":[]}],[],[]],[[{"start":0,"end":13,"url":null,"entity_id":"Q7498019","candidates":[]}],[],[]],[[{"start":0,"end":28,"url":null,"entity_id":"Q11872395","candidates":[]}],[],[]],[[{"start":0,"end":12,"url":null,"entity_id":"Q2996598","candidates":[]}],[],[]],[[{"start":0,"end":17,"url":null,"entity_id":"Q2861657","candidates":[]}],[],[]],[[{"start":0,"end":35,"url":null,"entity_id":"Q1796664","candidates":[]}],[],[]],[[{"start":0,"end":11,"url":null,"entity_id":"Q5187606","candidates":[]}],[],[]],[[{"start":0,"end":12,"url":null,"entity_id":"Q5181871","candidates":[]}],[],[]],[[{"start":0,"end":21,"url":null,"entity_id":"Q1154329","candidates":[]}],[],[]],[[{"start":0,"end":14,"url":null,"entity_id":"Q4975186","candidates":[]}],[],[]],[[{"start":0,"end":28,"url":null,"entity_id":"Q4255149","candidates":[]}],[],[]],[[{"start":0,"end":25,"url":null,"entity_id":"Q855869","candidates":[]}],[],[]],[[{"start":0,"end":23,"url":null,"entity_id":"Q855499","candidates":[]}],[],[]],[[{"start":0,"end":11,"url":null,"entity_id":"Q17484","candidates":[]}],[],[]],[[{"start":0,"end":23,"url":null,"entity_id":"Q52087708","candidates":[]}],[],[]]]}