{"version":"1.2","table":{"version":"2","table_id":"11F09MC7","columns":[{"index":0,"name":"col0","values":["Lou Anna Guidry","DHB Dauntless","Florian","ALP Winger","Bugsier 17","Elma C","Nautilus Balder","Bugsier 5","Stein","VB Weser","VB Wilhelmshaven","Falckenstein","VB Berne","Emilio Panfido","USCGC Penobscot Bay","SD Tempest","Torsten","Italian ship Ercole","Kiel (tugboat, 2008)","Menominee"]},{"index":1,"name":"col1","values":["109","304","251","2789","240","633","370","377","269","518","359","194","229","258","500","495","364","279","473","352"]},{"index":2,"name":"col2","values":["17.62","30.82","29.04","59.06","28","37","35","28","28","34","32","27","28","33.15","42.67","32.9","31.3","28","32.04","27.43"]}]},"context":{"page_title":null,"page_url":null,"page_entity_id":null,"content_hierarchy":[]},"links":[[[{"start":0,"end":13,"url":null,"entity_id":"Q83569185","candidates":[]}],[],[]],[[{"start":0,"end":7,"url":null,"entity_id":"Q83007849","candidates":[]}],[],[]],[[{"start":0,"end":10,"url":null,"entity_id":"Q63869441","candidates":[]}],[],[]],[[{"start":0,"end":10,"url":null,"entity_id":"Q63213446","candidates":[]}],[],[]],[[{"start":0,"end":6,"url":null,"entity_id":"Q56425867","candidates":[]}],[],[]],[[{"start":0,"end":15,"url":null,"entity_id":"Q52508898","candidates":[]}],[],[]],[[{"start":0,"end":9,"url":null,"entity_id":"Q52377921","candidates":[]}],[],[]],[[{"start":0,"end":5,"url":null,"entity_id":"Q52351521","candidates":[]}],[],[]],[[{"start":0,"end":8,"url":null,"entity_id":"Q52349516","candidates":[]}],[],[]],[[{"start":0,"end":16,"url":null,"entity_id":"Q52346840","candidates":[]}],[],[]],[[{"start":0,"end":12,"url":null,"entity_id":"Q52336799","candidates":[]}],[],[]],[[{"start":0,"end":8,"url":null,"entity_id":"Q52331461","candidates":[]}],[],[]],[[{"start":0,"end":14,"url":null,"entity_id":"Q52311783","candidates":[]}],[],[]],[[{"start":0,"end":19,"url":null,"entity_id":"Q33137417","candidates":[]}],[],[]],[[{"start":0,"end":10,"url":null,"entity_id":"Q33129649","candidates":[]}],[],[]],[[{"start":0,"end":7,"url":null,"entity_id":"Q29054504","candidates":[]}],[],[]],[[{"start":0,"end":19,"url":null,"entity_id":"Q28229345","candidates":[]}],[],[]],[[{"start":0,"end":20,"url":null,"entity_id":"Q28153826","candidates":[]}],[],[]],[[{"start":0,"end":9,"url":null,"entity_id":"Q22935654","candidates":[]}],[],[]],[[{"start":0,"end":15,"url":null,"entity_id":"Q83626501","candidates":[]}],[],[]]]}