{"version":"1.2","table":{"version":"2","table_id":"12MLK2A7","columns":[{"index":0,"name":"col0","values":["Zianagar Upazila","Dakshin Sunamganj Upazila","Dumki Upazila","Madhabpur Upazila","Bishwamvarpur Upazila","Zakiganj Upazila","Tahirpur Upazila","Sullah Upazila","Nesarabad (Swarupkati) Upazila","Maulvibazar Sadar Upazila","Juri Upazila","Jaintiapur Upazila","Habiganj Sadar Upazila","Dowarabazar Upazila","Kathalia Upazila","Mehendiganj Upazila","Barisal Sadar Upazila","Muladi Upazila","Gowainghat Upazila","Jhalokati Sadar Upazila"]},{"index":1,"name":"col1","values":["17199","32033","15542","62300","29336","40548","37931","20299","48492","62881","27509","27719","62281","42693","30855","65231","114774","38394","47992","50315"]},{"index":2,"name":"col2","values":["8","7","3","5","12","16","20","11","10","15","28","14","15","15","3","11","9","11","12","9"]}]},"context":{"page_title":null,"page_url":null,"page_entity_id":null,"content_hierarchy":[]},"links":[[[{"start":0,"end":25,"url":null,"entity_id":"Q18987579","candidates":[]}],[],[]],[[{"start":0,"end":13,"url":null,"entity_id":"Q16967435","candidates":[]}],[],[]],[[{"start":0,"end":17,"url":null,"entity_id":"Q10960049","candidates":[]}],[],[]],[[{"start":0,"end":21,"url":null,"entity_id":"Q10954380","candidates":[]}],[],[]],[[{"start":0,"end":16,"url":null,"entity_id":"Q8065098","candidates":[]}],[],[]],[[{"start":0,"end":16,"url":null,"entity_id":"Q7675540","candidates":[]}],[],[]],[[{"start":0,"end":14,"url":null,"entity_id":"Q7636355","candidates":[]}],[],[]],[[{"start":0,"end":30,"url":null,"entity_id":"Q6997147","candidates":[]}],[],[]],[[{"start":0,"end":25,"url":null,"entity_id":"Q6792479","candidates":[]}],[],[]],[[{"start":0,"end":12,"url":null,"entity_id":"Q6315117","candidates":[]}],[],[]],[[{"start":0,"end":18,"url":null,"entity_id":"Q6124105","candidates":[]}],[],[]],[[{"start":0,"end":22,"url":null,"entity_id":"Q5636856","candidates":[]}],[],[]],[[{"start":0,"end":19,"url":null,"entity_id":"Q5302652","candidates":[]}],[],[]],[[{"start":0,"end":16,"url":null,"entity_id":"Q3347838","candidates":[]}],[],[]],[[{"start":0,"end":19,"url":null,"entity_id":"Q3347614","candidates":[]}],[],[]],[[{"start":0,"end":21,"url":null,"entity_id":"Q3347579","candidates":[]}],[],[]],[[{"start":0,"end":14,"url":null,"entity_id":"Q3347563","candidates":[]}],[],[]],[[{"start":0,"end":18,"url":null,"entity_id":"Q3347504","candidates":[]}],[],[]],[[{"start":0,"end":23,"url":null,"entity_id":"Q3347490","candidates":[]}],[],[]],[[{"start":0,"end":16,"url":null,"entity_id":"Q21757017","candidates":[]}],[],[]]]}