{"version":"1.2","table":{"version":"2","table_id":"1381436R","columns":[{"index":0,"name":"col0","values":["Shop (VII.9.15)","Shop (VII.9.14)","Steps to upper floor (VII.9.13)","Shop (VII.9.12)","Shop (VII.9.11)","Shop (VII.9.10)","Shop (VII.9.9)","Secondary entrance (VII.9.8)","Shop (VII.9.6)","Shop (VII.9.5)","Shop (VII.7.27)","Shop (VII.7.25)","Shop (VII.7.24)","Steps to upper floor (VII.7.20)","House (VII.7.19)","Secondary entrance (VII.7.17)","Secondary entrance (VII.7.15)","Secondary entrance (VII.7.14)","House (VII.7.13)","Steps to upper floor (VII.7.12)","Thermopolium (VII.7.9)","Steps to upper floor (VII.7.8)","Shop (VII.7.7)","Shop (VII.7.6)","Shop (VII.7.4)","Shop (VII.7.3)","Secondary entrance (VII.7.2)","Shop (VII.7.1)","Secondary entrance (VII.6.37)"]},{"index":1,"name":"col1","values":["Italian national heritage","Italian national heritage","Italian national heritage","Italian national heritage","Italian national heritage","Italian national heritage","Italian national heritage","Italian national heritage","Italian national heritage","Italian national heritage","Italian national heritage","Italian national heritage","Italian national heritage","Italian national heritage","Italian national heritage","Italian national heritage","Italian national heritage","Italian national heritage","Italian national heritage","Italian national heritage","Italian national heritage","Italian national heritage","Italian national heritage","Italian national heritage","Italian national heritage","Italian national heritage","Italian national heritage","Italian national heritage","Italian national heritage"]},{"index":2,"name":"col2","values":["Pompeii Regio VII Insula 9","Pompeii Regio VII Insula 9","Pompeii Regio VII Insula 9","Pompeii Regio VII Insula 9","Pompeii Regio VII Insula 9","Pompeii Regio VII Insula 9","Pompeii Regio VII Insula 9","Pompeii Regio VII Insula 9","Pompeii Regio VII Insula 9","Pompeii Regio VII Insula 9","Pompeii Regio VII Insula 7","Pompeii Regio VII Insula 7","Pompeii Regio VII Insula 7","Pompeii Regio VII Insula 7","Pompeii Regio VII Insula 7","Pompeii Regio VII Insula 7","Pompeii Regio VII Insula 7","Pompeii Regio VII Insula 7","Pompeii Regio VII Insula 7","Pompeii Regio VII Insula 7","Pompeii Regio VII Insula 7","Pompeii Regio VII Insula 7","Pompeii Regio VII Insula 7","Pompeii Regio VII Insula 7","Pompeii Regio VII Insula 7","Pompeii Regio VII Insula 7","Pompeii Regio VII Insula 7","Pompeii Regio VII Insula 7","Pompeii Regio VII Insula 6"]}]},"context":{"page_title":null,"page_url":null,"page_entity_id":null,"content_hierarchy":[]},"links":[[[{"start":0,"end":15,"url":null,"entity_id":"Q27687380","candidates":[]}],[{"start":0,"end":25,"url":null,"entity_id":"Q26971668","candidates":[]}],[{"start":0,"end":26,"url":null,"entity_id":"Q27680333","candidates":[]}]],[[{"start":0,"end":31,"url":null,"entity_id":"Q27687378","candidates":[]}],[{"start":0,"end":25,"url":null,"entity_id":"Q26971668","candidates":[]}],[{"start":0,"end":26,"url":null,"entity_id":"Q27680333","candidates":[]}]],[[{"start":0,"end":15,"url":null,"entity_id":"Q27687374","candidates":[]}],[{"start":0,"end":25,"url":null,"entity_id":"Q26971668","candidates":[]}],[{"start":0,"end":26,"url":null,"entity_id":"Q27680333","candidates":[]}]],[[{"start":0,"end":15,"url":null,"entity_id":"Q27687372","candidates":[]}],[{"start":0,"end":25,"url":null,"entity_id":"Q26971668","candidates":[]}],[{"start":0,"end":26,"url":null,"entity_id":"Q27680333","candidates":[]}]],[[{"start":0,"end":15,"url":null,"entity_id":"Q27687369","candidates":[]}],[{"start":0,"end":25,"url":null,"entity_id":"Q26971668","candidates":[]}],[{"start":0,"end":26,"url":null,"entity_id":"Q27680333","candidates":[]}]],[[{"start":0,"end":14,"url":null,"entity_id":"Q27687365","candidates":[]}],[{"start":0,"end":25,"url":null,"entity_id":"Q26971668","candidates":[]}],[{"start":0,"end":26,"url":null,"entity_id":"Q27680333","candidates":[]}]],[[{"start":0,"end":28,"url":null,"entity_id":"Q27687363","candidates":[]}],[{"start":0,"end":25,"url":null,"entity_id":"Q26971668","candidates":[]}],[{"start":0,"end":26,"url":null,"entity_id":"Q27680333","candidates":[]}]],[[{"start":0,"end":14,"url":null,"entity_id":"Q27687357","candidates":[]}],[{"start":0,"end":25,"url":null,"entity_id":"Q26971668","candidates":[]}],[{"start":0,"end":26,"url":null,"entity_id":"Q27680333","candidates":[]}]],[[{"start":0,"end":14,"url":null,"entity_id":"Q27687353","candidates":[]}],[{"start":0,"end":25,"url":null,"entity_id":"Q26971668","candidates":[]}],[{"start":0,"end":26,"url":null,"entity_id":"Q27680333","candidates":[]}]],[[{"start":0,"end":15,"url":null,"entity_id":"Q27687324","candidates":[]}],[{"start":0,"end":25,"url":null,"entity_id":"Q26971668","candidates":[]}],[{"start":0,"end":26,"url":null,"entity_id":"Q27680330","candidates":[]}]],[[{"start":0,"end":15,"url":null,"entity_id":"Q27687319","candidates":[]}],[{"start":0,"end":25,"url":null,"entity_id":"Q26971668","candidates":[]}],[{"start":0,"end":26,"url":null,"entity_id":"Q27680330","candidates":[]}]],[[{"start":0,"end":15,"url":null,"entity_id":"Q27687315","candidates":[]}],[{"start":0,"end":25,"url":null,"entity_id":"Q26971668","candidates":[]}],[{"start":0,"end":26,"url":null,"entity_id":"Q27680330","candidates":[]}]],[[{"start":0,"end":31,"url":null,"entity_id":"Q27687304","candidates":[]}],[{"start":0,"end":25,"url":null,"entity_id":"Q26971668","candidates":[]}],[{"start":0,"end":26,"url":null,"entity_id":"Q27680330","candidates":[]}]],[[{"start":0,"end":16,"url":null,"entity_id":"Q27687302","candidates":[]}],[{"start":0,"end":25,"url":null,"entity_id":"Q26971668","candidates":[]}],[{"start":0,"end":26,"url":null,"entity_id":"Q27680330","candidates":[]}]],[[{"start":0,"end":29,"url":null,"entity_id":"Q27687297","candidates":[]}],[{"start":0,"end":25,"url":null,"entity_id":"Q26971668","candidates":[]}],[{"start":0,"end":26,"url":null,"entity_id":"Q27680330","candidates":[]}]],[[{"start":0,"end":29,"url":null,"entity_id":"Q27687288","candidates":[]}],[{"start":0,"end":25,"url":null,"entity_id":"Q26971668","candidates":[]}],[{"start":0,"end":26,"url":null,"entity_id":"Q27680330","candidates":[]}]],[[{"start":0,"end":29,"url":null,"entity_id":"Q27687285","candidates":[]}],[{"start":0,"end":25,"url":null,"entity_id":"Q26971668","candidates":[]}],[{"start":0,"end":26,"url":null,"entity_id":"Q27680330","candidates":[]}]],[[{"start":0,"end":16,"url":null,"entity_id":"Q27687282","candidates":[]}],[{"start":0,"end":25,"url":null,"entity_id":"Q26971668","candidates":[]}],[{"start":0,"end":26,"url":null,"entity_id":"Q27680330","candidates":[]}]],[[{"start":0,"end":31,"url":null,"entity_id":"Q27687279","candidates":[]}],[{"start":0,"end":25,"url":null,"entity_id":"Q26971668","candidates":[]}],[{"start":0,"end":26,"url":null,"entity_id":"Q27680330","candidates":[]}]],[[{"start":0,"end":22,"url":null,"entity_id":"Q27687271","candidates":[]}],[{"start":0,"end":25,"url":null,"entity_id":"Q26971668","candidates":[]}],[{"start":0,"end":26,"url":null,"entity_id":"Q27680330","candidates":[]}]],[[{"start":0,"end":30,"url":null,"entity_id":"Q27687267","candidates":[]}],[{"start":0,"end":25,"url":null,"entity_id":"Q26971668","candidates":[]}],[{"start":0,"end":26,"url":null,"entity_id":"Q27680330","candidates":[]}]],[[{"start":0,"end":14,"url":null,"entity_id":"Q27687264","candidates":[]}],[{"start":0,"end":25,"url":null,"entity_id":"Q26971668","candidates":[]}],[{"start":0,"end":26,"url":null,"entity_id":"Q27680330","candidates":[]}]],[[{"start":0,"end":14,"url":null,"entity_id":"Q27687261","candidates":[]}],[{"start":0,"end":25,"url":null,"entity_id":"Q26971668","candidates":[]}],[{"start":0,"end":26,"url":null,"entity_id":"Q27680330","candidates":[]}]],[[{"start":0,"end":14,"url":null,"entity_id":"Q27687255","candidates":[]}],[{"start":0,"end":25,"url":null,"entity_id":"Q26971668","candidates":[]}],[{"start":0,"end":26,"url":null,"entity_id":"Q27680330","candidates":[]}]],[[{"start":0,"end":14,"url":null,"entity_id":"Q27687252","candidates":[]}],[{"start":0,"end":25,"url":null,"entity_id":"Q26971668","candidates":[]}],[{"start":0,"end":26,"url":null,"entity_id":"Q27680330","candidates":[]}]],[[{"start":0,"end":28,"url":null,"entity_id":"Q27687249","candidates":[]}],[{"start":0,"end":25,"url":null,"entity_id":"Q26971668","candidates":[]}],[{"start":0,"end":26,"url":null,"entity_id":"Q27680330","candidates":[]}]],[[{"start":0,"end":14,"url":null,"entity_id":"Q27687245","candidates":[]}],[{"start":0,"end":25,"url":null,"entity_id":"Q26971668","candidates":[]}],[{"start":0,"end":26,"url":null,"entity_id":"Q27680330","candidates":[]}]],[[{"start":0,"end":29,"url":null,"entity_id":"Q27687238","candidates":[]}],[{"start":0,"end":25,"url":null,"entity_id":"Q26971668","candidates":[]}],[{"start":0,"end":26,"url":null,"entity_id":"Q27680328","candidates":[]}]],[[{"start":0,"end":15,"url":null,"entity_id":"Q27687383","candidates":[]}],[{"start":0,"end":25,"url":null,"entity_id":"Q26971668","candidates":[]}],[{"start":0,"end":26,"url":null,"entity_id":"Q27680333","candidates":[]}]]]}