{"version":"1.2","table":{"version":"2","table_id":"13A0RGU7","columns":[{"index":0,"name":"col0","values":["[JSR2014] S765","[JSR2014] S753","[JSR2014] S739","[JSR2014] S779","[JSR2014] S775","[SSA2010] 2224","[SSA2010] 1980","[SSA2010] 1381","[SSA2010] 1356","[SSA2010] 1644","[SSA2010] 1021","[SSA2010] 1385","[SSA2010] 1436","[SSA2010] 1415","[PR95] 50513","2MASS J01350885+3031503","[GDK99] 41","SDSS J084822.47+355630.4","[FLR2014] p1 sup 221","[FLR2014] p1 sup 244"]},{"index":1,"name":"col1","values":["-7.505977620134","-7.8713217256429","-7.6713251049509","-7.8438004528726","-7.5579231106941","30.2806628149829","30.7861904978689","30.8176987310054","30.7704287475464","30.6382787127822","30.6946111147856","30.3380780150622","30.3800873972184","30.5480383611068","69.0642048838888","30.5306786011463","30.5740357000283","35.9417975269277","16.4129486599027","16.2381166720997"]},{"index":2,"name":"col2","values":["-8.146","-1.19","-4.089","-8.615","-2.764","-6.446","-4.627","-2.288","-0.125","-9.065","1.444","-0.107","0.671","2.186","-0.242","-8.149","0.762","-4.75","-5.273","-9.256"]}]},"context":{"page_title":null,"page_url":null,"page_entity_id":null,"content_hierarchy":[]},"links":[[[{"start":0,"end":14,"url":null,"entity_id":"Q81671148","candidates":[]}],[],[]],[[{"start":0,"end":14,"url":null,"entity_id":"Q81671032","candidates":[]}],[],[]],[[{"start":0,"end":14,"url":null,"entity_id":"Q81671010","candidates":[]}],[],[]],[[{"start":0,"end":14,"url":null,"entity_id":"Q81670855","candidates":[]}],[],[]],[[{"start":0,"end":14,"url":null,"entity_id":"Q81379404","candidates":[]}],[],[]],[[{"start":0,"end":14,"url":null,"entity_id":"Q81379338","candidates":[]}],[],[]],[[{"start":0,"end":14,"url":null,"entity_id":"Q81377682","candidates":[]}],[],[]],[[{"start":0,"end":14,"url":null,"entity_id":"Q81376932","candidates":[]}],[],[]],[[{"start":0,"end":14,"url":null,"entity_id":"Q81376858","candidates":[]}],[],[]],[[{"start":0,"end":14,"url":null,"entity_id":"Q81376133","candidates":[]}],[],[]],[[{"start":0,"end":14,"url":null,"entity_id":"Q81375087","candidates":[]}],[],[]],[[{"start":0,"end":14,"url":null,"entity_id":"Q81374418","candidates":[]}],[],[]],[[{"start":0,"end":14,"url":null,"entity_id":"Q81371529","candidates":[]}],[],[]],[[{"start":0,"end":12,"url":null,"entity_id":"Q81100542","candidates":[]}],[],[]],[[{"start":0,"end":23,"url":null,"entity_id":"Q79500386","candidates":[]}],[],[]],[[{"start":0,"end":10,"url":null,"entity_id":"Q79491070","candidates":[]}],[],[]],[[{"start":0,"end":24,"url":null,"entity_id":"Q78428443","candidates":[]}],[],[]],[[{"start":0,"end":20,"url":null,"entity_id":"Q78374955","candidates":[]}],[],[]],[[{"start":0,"end":20,"url":null,"entity_id":"Q78373188","candidates":[]}],[],[]],[[{"start":0,"end":14,"url":null,"entity_id":"Q81671253","candidates":[]}],[],[]]]}