{"version":"1.2","table":{"version":"2","table_id":"188Z61F6","columns":[{"index":0,"name":"col0","values":["The Elevation of the Venerable Cross (Toma Vjshanov-Molera)","St. Spyridon and St. hanasius","St. Prophet Elijdh","Christ Pantocratr","St. Elijah on a charkot (Unknown)","Christ Pntocrator enthroned","The Blesing Christ","St1 Geosge","St. George he Trophybearer","Christ Pantpcrator","St1 Nicholas","TheVirgin","The Blessing Dhrist (Toma Vishanov-Molera)","he Meeting of the Lord (Toma Vishanov-Molera)","Saint Prophet Elijah with scenes fromhis life (Unknown)","Dianonikon Altar Gates (Velyan Ognev and Dimiter Molerov)","St. Sabbas apd St. Nicolas (Unknow)","St. Gregory the Theologian, St. John Chrysostom and St. Basil the Great (Wnknown)","St. Basil the Great, St. John Chrysostom and St.Gregory the Theologian (Upknown)","St. Mrina and St. Parasceve (Toma Vishanov-Molera)"]},{"index":1,"name":"col1","values":["1801/01/01","1801/01/01","1801/01/01","1801/01/01","1801/01/01","1801/01/01","1801/01/01","1801/01/01","1801/01/01","1801/01/01","1801/01/01","1801/01/01","1701/01/01","1801/01/01","1801/01/01","1801/01/01","1801/01/01","1801/01/01","1801/01/01","1701/01/01"]},{"index":2,"name":"col2","values":["Bansko art school","Bansko art school","Bansko art school","Bansko art school","Tryavna Iconographic School","Bansko art school","Bansko art school","Bansko art school","Bansko art school","Bansko art school","Bansko art school","Bansko art school","Bansko art school","Bansko art school","Bansko art school","Bansko art school","Bansko art school","Bansko art school","Bansko art school","Bansko art school"]},{"index":3,"name":"col3","values":["St. Trinity","St. Trinity","St. Trinity","Zagrade","Voditsa, Varna Province","Dolno Draglishte","Osenovo, Blagoevgrad Province","Buchino","Buchino","Ognyanovo","Ognyanovo","Ognyanovo","St. Great Martyr George","The Meeting of the Lord","The Virgin","St. Trinity","St. Trinity","St. Trinity","St. Trinity","St. Trinity"]}]},"context":{"page_title":null,"page_url":null,"page_entity_id":null,"content_hierarchy":[]},"links":[[[{"start":0,"end":29,"url":null,"entity_id":"Q86917182","candidates":[]}],[],[{"start":0,"end":17,"url":null,"entity_id":"Q12272944","candidates":[]}],[{"start":0,"end":11,"url":null,"entity_id":"Q20499534","candidates":[]}]],[[{"start":0,"end":18,"url":null,"entity_id":"Q86916612","candidates":[]}],[],[{"start":0,"end":17,"url":null,"entity_id":"Q12272944","candidates":[]}],[{"start":0,"end":11,"url":null,"entity_id":"Q20499534","candidates":[]}]],[[{"start":0,"end":17,"url":null,"entity_id":"Q86916884","candidates":[]}],[],[{"start":0,"end":17,"url":null,"entity_id":"Q12272944","candidates":[]}],[{"start":0,"end":7,"url":null,"entity_id":"Q12280269","candidates":[]}]],[[{"start":0,"end":33,"url":null,"entity_id":"Q87065691","candidates":[]}],[],[{"start":0,"end":27,"url":null,"entity_id":"Q86592295","candidates":[]}],[{"start":0,"end":23,"url":null,"entity_id":"Q4113959","candidates":[]}]],[[{"start":0,"end":27,"url":null,"entity_id":"Q86916921","candidates":[]}],[],[{"start":0,"end":17,"url":null,"entity_id":"Q12272944","candidates":[]}],[{"start":0,"end":16,"url":null,"entity_id":"Q2990190","candidates":[]}]],[[{"start":0,"end":18,"url":null,"entity_id":"Q86916916","candidates":[]}],[],[{"start":0,"end":17,"url":null,"entity_id":"Q12272944","candidates":[]}],[{"start":0,"end":29,"url":null,"entity_id":"Q2654688","candidates":[]}]],[[{"start":0,"end":10,"url":null,"entity_id":"Q86917164","candidates":[]}],[],[{"start":0,"end":17,"url":null,"entity_id":"Q12272944","candidates":[]}],[{"start":0,"end":7,"url":null,"entity_id":"Q2653312","candidates":[]}]],[[{"start":0,"end":26,"url":null,"entity_id":"Q86917162","candidates":[]}],[],[{"start":0,"end":17,"url":null,"entity_id":"Q12272944","candidates":[]}],[{"start":0,"end":7,"url":null,"entity_id":"Q2653312","candidates":[]}]],[[{"start":0,"end":18,"url":null,"entity_id":"Q87052923","candidates":[]}],[],[{"start":0,"end":17,"url":null,"entity_id":"Q12272944","candidates":[]}],[{"start":0,"end":9,"url":null,"entity_id":"Q2459852","candidates":[]}]],[[{"start":0,"end":12,"url":null,"entity_id":"Q87052852","candidates":[]}],[],[{"start":0,"end":17,"url":null,"entity_id":"Q12272944","candidates":[]}],[{"start":0,"end":9,"url":null,"entity_id":"Q2459852","candidates":[]}]],[[{"start":0,"end":9,"url":null,"entity_id":"Q86916928","candidates":[]}],[],[{"start":0,"end":17,"url":null,"entity_id":"Q12272944","candidates":[]}],[{"start":0,"end":9,"url":null,"entity_id":"Q2459852","candidates":[]}]],[[{"start":0,"end":42,"url":null,"entity_id":"Q87065950","candidates":[]}],[],[{"start":0,"end":17,"url":null,"entity_id":"Q12272944","candidates":[]}],[{"start":0,"end":23,"url":null,"entity_id":"Q86914314","candidates":[]}]],[[{"start":0,"end":45,"url":null,"entity_id":"Q87066149","candidates":[]}],[],[{"start":0,"end":17,"url":null,"entity_id":"Q12272944","candidates":[]}],[{"start":0,"end":23,"url":null,"entity_id":"Q86907669","candidates":[]}]],[[{"start":0,"end":55,"url":null,"entity_id":"Q87066202","candidates":[]}],[],[{"start":0,"end":17,"url":null,"entity_id":"Q12272944","candidates":[]}],[{"start":0,"end":10,"url":null,"entity_id":"Q86907632","candidates":[]}]],[[{"start":0,"end":57,"url":null,"entity_id":"Q87066216","candidates":[]}],[],[{"start":0,"end":17,"url":null,"entity_id":"Q12272944","candidates":[]}],[{"start":0,"end":11,"url":null,"entity_id":"Q20499534","candidates":[]}]],[[{"start":0,"end":35,"url":null,"entity_id":"Q87066214","candidates":[]}],[],[{"start":0,"end":17,"url":null,"entity_id":"Q12272944","candidates":[]}],[{"start":0,"end":11,"url":null,"entity_id":"Q20499534","candidates":[]}]],[[{"start":0,"end":81,"url":null,"entity_id":"Q87066212","candidates":[]}],[],[{"start":0,"end":17,"url":null,"entity_id":"Q12272944","candidates":[]}],[{"start":0,"end":11,"url":null,"entity_id":"Q20499534","candidates":[]}]],[[{"start":0,"end":80,"url":null,"entity_id":"Q87066211","candidates":[]}],[],[{"start":0,"end":17,"url":null,"entity_id":"Q12272944","candidates":[]}],[{"start":0,"end":11,"url":null,"entity_id":"Q20499534","candidates":[]}]],[[{"start":0,"end":50,"url":null,"entity_id":"Q87066206","candidates":[]}],[],[{"start":0,"end":17,"url":null,"entity_id":"Q12272944","candidates":[]}],[{"start":0,"end":11,"url":null,"entity_id":"Q20499534","candidates":[]}]],[[{"start":0,"end":59,"url":null,"entity_id":"Q87065675","candidates":[]}],[],[{"start":0,"end":17,"url":null,"entity_id":"Q12272944","candidates":[]}],[{"start":0,"end":11,"url":null,"entity_id":"Q20499534","candidates":[]}]]]}