{"version":"1.2","table":{"version":"2","table_id":"18ULJY8C","columns":[{"index":0,"name":"col0","values":["Maladerv","Degen","Hinwerrhein","Waltenburg/Vuorz","Spmügen","Lohnstor","Saane","Wolfiuberg","Mühlethurnn","rutigen","Kirchenthusnen","Nauterbrunnen","Grlndelwald","Blokzjl","Dilghez","Voiwpzi","Saint Lawrepce","Xlodrop","Ioești","Sâmboeni"]},{"index":1,"name":"col1","values":["520.5899999999999","251.496","61.122","323.375","375.73199999999997","229.04299999999998","6878.352999999999","182.528","1396.392","6921.0","292.414","2748.392","3770.592","962.922","389.47399999999993","456.17099999999994","742.764","737.262","1098.72","609.39"]},{"index":2,"name":"col2","values":["Graubünden","Graubünden","Graubünden","Graubünden","Graubünden","canton of Bern","canton of Bern","canton of Bern","canton of Bern","canton of Bern","canton of Bern","canton of Bern","canton of Bern","Overijssel","Nușfalău","Șimian","Gozo","Roerdalen","Ionești","Cămărașu"]}]},"context":{"page_title":null,"page_url":null,"page_entity_id":null,"content_hierarchy":[]},"links":[[[{"start":0,"end":5,"url":null,"entity_id":"Q64933","candidates":[]}],[],[{"start":0,"end":10,"url":null,"entity_id":"Q11925","candidates":[]}]],[[{"start":0,"end":11,"url":null,"entity_id":"Q64886","candidates":[]}],[],[{"start":0,"end":10,"url":null,"entity_id":"Q11925","candidates":[]}]],[[{"start":0,"end":16,"url":null,"entity_id":"Q64559","candidates":[]}],[],[{"start":0,"end":10,"url":null,"entity_id":"Q11925","candidates":[]}]],[[{"start":0,"end":7,"url":null,"entity_id":"Q64195","candidates":[]}],[],[{"start":0,"end":10,"url":null,"entity_id":"Q11925","candidates":[]}]],[[{"start":0,"end":8,"url":null,"entity_id":"Q66646","candidates":[]}],[],[{"start":0,"end":14,"url":null,"entity_id":"Q11911","candidates":[]}]],[[{"start":0,"end":5,"url":null,"entity_id":"Q66629","candidates":[]}],[],[{"start":0,"end":14,"url":null,"entity_id":"Q11911","candidates":[]}]],[[{"start":0,"end":10,"url":null,"entity_id":"Q66494","candidates":[]}],[],[{"start":0,"end":14,"url":null,"entity_id":"Q11911","candidates":[]}]],[[{"start":0,"end":11,"url":null,"entity_id":"Q66263","candidates":[]}],[],[{"start":0,"end":14,"url":null,"entity_id":"Q11911","candidates":[]}]],[[{"start":0,"end":7,"url":null,"entity_id":"Q66208","candidates":[]}],[],[{"start":0,"end":14,"url":null,"entity_id":"Q11911","candidates":[]}]],[[{"start":0,"end":14,"url":null,"entity_id":"Q65912","candidates":[]}],[],[{"start":0,"end":14,"url":null,"entity_id":"Q11911","candidates":[]}]],[[{"start":0,"end":13,"url":null,"entity_id":"Q64011","candidates":[]}],[],[{"start":0,"end":14,"url":null,"entity_id":"Q11911","candidates":[]}]],[[{"start":0,"end":11,"url":null,"entity_id":"Q64004","candidates":[]}],[],[{"start":0,"end":14,"url":null,"entity_id":"Q11911","candidates":[]}]],[[{"start":0,"end":7,"url":null,"entity_id":"Q59605","candidates":[]}],[],[{"start":0,"end":10,"url":null,"entity_id":"Q773","candidates":[]}]],[[{"start":0,"end":7,"url":null,"entity_id":"Q277499","candidates":[]}],[],[{"start":0,"end":8,"url":null,"entity_id":"Q5056132","candidates":[]}]],[[{"start":0,"end":7,"url":null,"entity_id":"Q537258","candidates":[]}],[],[{"start":0,"end":6,"url":null,"entity_id":"Q5055450","candidates":[]}]],[[{"start":0,"end":14,"url":null,"entity_id":"Q537308","candidates":[]}],[],[{"start":0,"end":4,"url":null,"entity_id":"Q170488","candidates":[]}]],[[{"start":0,"end":7,"url":null,"entity_id":"Q283082","candidates":[]}],[],[{"start":0,"end":9,"url":null,"entity_id":"Q9784","candidates":[]}]],[[{"start":0,"end":6,"url":null,"entity_id":"Q537298","candidates":[]}],[],[{"start":0,"end":7,"url":null,"entity_id":"Q12724876","candidates":[]}]],[[{"start":0,"end":8,"url":null,"entity_id":"Q586596","candidates":[]}],[],[{"start":0,"end":8,"url":null,"entity_id":"Q12724718","candidates":[]}]],[[{"start":0,"end":8,"url":null,"entity_id":"Q64972","candidates":[]}],[],[{"start":0,"end":10,"url":null,"entity_id":"Q11925","candidates":[]}]]]}