{"version":"1.2","table":{"version":"2","table_id":"1AXBOBYJ","columns":[{"index":0,"name":"col0","values":["Powrscourt Covered Bridge","Point Wolie Bridge","qont de Milby","Pont Thiffawlt","Tascherecu bridge","Pont Joseph-Édouard-Pfrrault","Heppell Briege","Pont Granfchamp","Ducharme Brige","Great Sto Bridge","Bridge o the Americas","Hartland Briege","Afghanivtan–Uzbekistan Friendship Bridge","Glienicke Bridhe","Kakserbrücke","Weengr railway bridge","Forth Bridgh","Viaur Viaduc","Rhin Bridge","ades viaduct"]},{"index":1,"name":"col1","values":["Canada","Canada","Canada","Canada","Canada","Canada","Canada","Canada","Canada","Japan","Panama","Canada","Uzbekistan","Germany","Germany","Germany","United Kingdom","France","France","France"]},{"index":2,"name":"col2","values":["wood","wood","wood","wood","wood","wood","wood","wood","wood","reinforced concrete","concrete","concrete","steel","steel","steel","steel","steel","steel","steel","steel"]}]},"context":{"page_title":null,"page_url":null,"page_entity_id":null,"content_hierarchy":[]},"links":[[[{"start":0,"end":18,"url":null,"entity_id":"Q3397087","candidates":[]}],[{"start":0,"end":6,"url":null,"entity_id":"Q16","candidates":[]}],[{"start":0,"end":4,"url":null,"entity_id":"Q287","candidates":[]}]],[[{"start":0,"end":13,"url":null,"entity_id":"Q3397052","candidates":[]}],[{"start":0,"end":6,"url":null,"entity_id":"Q16","candidates":[]}],[{"start":0,"end":4,"url":null,"entity_id":"Q287","candidates":[]}]],[[{"start":0,"end":14,"url":null,"entity_id":"Q3396762","candidates":[]}],[{"start":0,"end":6,"url":null,"entity_id":"Q16","candidates":[]}],[{"start":0,"end":4,"url":null,"entity_id":"Q287","candidates":[]}]],[[{"start":0,"end":17,"url":null,"entity_id":"Q3396761","candidates":[]}],[{"start":0,"end":6,"url":null,"entity_id":"Q16","candidates":[]}],[{"start":0,"end":4,"url":null,"entity_id":"Q287","candidates":[]}]],[[{"start":0,"end":28,"url":null,"entity_id":"Q3396584","candidates":[]}],[{"start":0,"end":6,"url":null,"entity_id":"Q16","candidates":[]}],[{"start":0,"end":4,"url":null,"entity_id":"Q287","candidates":[]}]],[[{"start":0,"end":14,"url":null,"entity_id":"Q3396567","candidates":[]}],[{"start":0,"end":6,"url":null,"entity_id":"Q16","candidates":[]}],[{"start":0,"end":4,"url":null,"entity_id":"Q287","candidates":[]}]],[[{"start":0,"end":15,"url":null,"entity_id":"Q3396547","candidates":[]}],[{"start":0,"end":6,"url":null,"entity_id":"Q16","candidates":[]}],[{"start":0,"end":4,"url":null,"entity_id":"Q287","candidates":[]}]],[[{"start":0,"end":14,"url":null,"entity_id":"Q3396521","candidates":[]}],[{"start":0,"end":6,"url":null,"entity_id":"Q16","candidates":[]}],[{"start":0,"end":4,"url":null,"entity_id":"Q287","candidates":[]}]],[[{"start":0,"end":16,"url":null,"entity_id":"Q976648","candidates":[]}],[{"start":0,"end":5,"url":null,"entity_id":"Q17","candidates":[]}],[{"start":0,"end":19,"url":null,"entity_id":"Q184190","candidates":[]}]],[[{"start":0,"end":21,"url":null,"entity_id":"Q216061","candidates":[]}],[{"start":0,"end":6,"url":null,"entity_id":"Q804","candidates":[]}],[{"start":0,"end":8,"url":null,"entity_id":"Q22657","candidates":[]}]],[[{"start":0,"end":15,"url":null,"entity_id":"Q99290","candidates":[]}],[{"start":0,"end":6,"url":null,"entity_id":"Q16","candidates":[]}],[{"start":0,"end":8,"url":null,"entity_id":"Q22657","candidates":[]}]],[[{"start":0,"end":40,"url":null,"entity_id":"Q509824","candidates":[]}],[{"start":0,"end":10,"url":null,"entity_id":"Q265","candidates":[]}],[{"start":0,"end":5,"url":null,"entity_id":"Q11427","candidates":[]}]],[[{"start":0,"end":16,"url":null,"entity_id":"Q694708","candidates":[]}],[{"start":0,"end":7,"url":null,"entity_id":"Q183","candidates":[]}],[{"start":0,"end":5,"url":null,"entity_id":"Q11427","candidates":[]}]],[[{"start":0,"end":12,"url":null,"entity_id":"Q328874","candidates":[]}],[{"start":0,"end":7,"url":null,"entity_id":"Q183","candidates":[]}],[{"start":0,"end":5,"url":null,"entity_id":"Q11427","candidates":[]}]],[[{"start":0,"end":21,"url":null,"entity_id":"Q162459","candidates":[]}],[{"start":0,"end":7,"url":null,"entity_id":"Q183","candidates":[]}],[{"start":0,"end":5,"url":null,"entity_id":"Q11427","candidates":[]}]],[[{"start":0,"end":12,"url":null,"entity_id":"Q275","candidates":[]}],[{"start":0,"end":14,"url":null,"entity_id":"Q145","candidates":[]}],[{"start":0,"end":5,"url":null,"entity_id":"Q11427","candidates":[]}]],[[{"start":0,"end":12,"url":null,"entity_id":"Q835647","candidates":[]}],[{"start":0,"end":6,"url":null,"entity_id":"Q142","candidates":[]}],[{"start":0,"end":5,"url":null,"entity_id":"Q11427","candidates":[]}]],[[{"start":0,"end":11,"url":null,"entity_id":"Q832802","candidates":[]}],[{"start":0,"end":6,"url":null,"entity_id":"Q142","candidates":[]}],[{"start":0,"end":5,"url":null,"entity_id":"Q11427","candidates":[]}]],[[{"start":0,"end":12,"url":null,"entity_id":"Q532694","candidates":[]}],[{"start":0,"end":6,"url":null,"entity_id":"Q142","candidates":[]}],[{"start":0,"end":5,"url":null,"entity_id":"Q11427","candidates":[]}]],[[{"start":0,"end":25,"url":null,"entity_id":"Q3397101","candidates":[]}],[{"start":0,"end":6,"url":null,"entity_id":"Q16","candidates":[]}],[{"start":0,"end":4,"url":null,"entity_id":"Q287","candidates":[]}]]]}