{"version":"1.2","table":{"version":"2","table_id":"1BED2Z8G","columns":[{"index":0,"name":"col0","values":["Lääneranna Rural Municipality","Kastre Parish","Hiiumaa Rural Municipality","Valga Rural Municipality","Lääne-Harju Rural Municipality","Mustvee Rural Municipality","Tõrva Rural Municipality","Lääne-Saare Rural Municipality","Järva Rural Municipality","Põhja-Sakala Rural Municipality","Põhja-Pärnumaa Rural Municipality","Mulgi Rural Municipality","Elva Rural Municipality","Setomaa Rural Municipality","Alutaguse Rural Municipality","Viljandi Rural Municipality","Tapa Rural Municipality","Saaremaa Rural Municipality","Lääne-Nigula Rural Municipality","Tapa Rural Municipality"]},{"index":1,"name":"col1","values":["5343","5184","9387","15785","12507","5469","6129","7086","8910","7959","8235","7436","14494","3280","4714","13685","7443","31091","7041","10902"]},{"index":2,"name":"col2","values":["Pärnu County","Tartu County","Hiiu County","Valga County","Harju County","Jõgeva County","Valga County","Saare County","Järva County","Viljandi County","Pärnu County","Viljandi County","Tartu County","Võru County","Ida-Viru County","Viljandi County","Lääne-Viru County","Saare County","Lääne County","Lääne-Viru County"]},{"index":3,"name":"col3","values":["2017-01-01","2017-01-01","2017-01-01","2017-01-01","2017-01-01","2017-01-01","2017-01-01","2014-01-01","2017-01-01","2017-01-01","2017-01-01","2017-10-24","2017-01-01","2017-01-01","2017-01-01","2013-01-01","2005-01-01","2017-01-01","2017-01-01","2017-01-01"]},{"index":4,"name":"col4","values":["Lihula Rural Municipality","Mäksa Rural Municipality","Pühalepa Rural Municipality","Tõlliste Rural Municipality","Vasalemma Rural Municipality","Lohusuu Rural Municipality","Helme Parish","Kaarma Rural Municipality","Ambla Rural Municipality","Kõpu Rural Municipality","Vändra Rural Municipality","Abja Rural Municipality","Rannu Rural Municipality","Misso Rural Municipality","Alajõe Rural Municipality","Kolga-Jaani Rural Municipality","Saksi Rural Municipality","Lääne-Saare Rural Municipality","Lääne-Nigula Rural Municipality","Tapa Rural Municipality"]}]},"context":{"page_title":null,"page_url":null,"page_entity_id":null,"content_hierarchy":[]},"links":[[[{"start":0,"end":13,"url":null,"entity_id":"Q31271803","candidates":[]}],[],[{"start":0,"end":12,"url":null,"entity_id":"Q192370","candidates":[]}],[],[{"start":0,"end":24,"url":null,"entity_id":"Q968812","candidates":[]}]],[[{"start":0,"end":26,"url":null,"entity_id":"Q31277892","candidates":[]}],[],[{"start":0,"end":11,"url":null,"entity_id":"Q1466462","candidates":[]}],[],[{"start":0,"end":27,"url":null,"entity_id":"Q647560","candidates":[]}]],[[{"start":0,"end":24,"url":null,"entity_id":"Q42846054","candidates":[]}],[],[{"start":0,"end":12,"url":null,"entity_id":"Q192362","candidates":[]}],[],[{"start":0,"end":27,"url":null,"entity_id":"Q633727","candidates":[]}]],[[{"start":0,"end":30,"url":null,"entity_id":"Q42309166","candidates":[]}],[],[{"start":0,"end":12,"url":null,"entity_id":"Q180200","candidates":[]}],[],[{"start":0,"end":28,"url":null,"entity_id":"Q602909","candidates":[]}]],[[{"start":0,"end":26,"url":null,"entity_id":"Q42802743","candidates":[]}],[],[{"start":0,"end":13,"url":null,"entity_id":"Q189974","candidates":[]}],[],[{"start":0,"end":26,"url":null,"entity_id":"Q588141","candidates":[]}]],[[{"start":0,"end":24,"url":null,"entity_id":"Q42814725","candidates":[]}],[],[{"start":0,"end":12,"url":null,"entity_id":"Q192362","candidates":[]}],[],[{"start":0,"end":12,"url":null,"entity_id":"Q525207","candidates":[]}]],[[{"start":0,"end":30,"url":null,"entity_id":"Q18625066","candidates":[]}],[],[{"start":0,"end":12,"url":null,"entity_id":"Q203272","candidates":[]}],[],[{"start":0,"end":25,"url":null,"entity_id":"Q519001","candidates":[]}]],[[{"start":0,"end":24,"url":null,"entity_id":"Q42808650","candidates":[]}],[],[{"start":0,"end":12,"url":null,"entity_id":"Q188068","candidates":[]}],[],[{"start":0,"end":24,"url":null,"entity_id":"Q457723","candidates":[]}]],[[{"start":0,"end":31,"url":null,"entity_id":"Q31273591","candidates":[]}],[],[{"start":0,"end":15,"url":null,"entity_id":"Q192061","candidates":[]}],[],[{"start":0,"end":23,"url":null,"entity_id":"Q429031","candidates":[]}]],[[{"start":0,"end":33,"url":null,"entity_id":"Q42329911","candidates":[]}],[],[{"start":0,"end":12,"url":null,"entity_id":"Q185036","candidates":[]}],[],[{"start":0,"end":25,"url":null,"entity_id":"Q378613","candidates":[]}]],[[{"start":0,"end":24,"url":null,"entity_id":"Q31273592","candidates":[]}],[],[{"start":0,"end":15,"url":null,"entity_id":"Q192061","candidates":[]}],[],[{"start":0,"end":23,"url":null,"entity_id":"Q321774","candidates":[]}]],[[{"start":0,"end":23,"url":null,"entity_id":"Q42811297","candidates":[]}],[],[{"start":0,"end":12,"url":null,"entity_id":"Q192370","candidates":[]}],[],[{"start":0,"end":24,"url":null,"entity_id":"Q304243","candidates":[]}]],[[{"start":0,"end":26,"url":null,"entity_id":"Q42900601","candidates":[]}],[],[{"start":0,"end":11,"url":null,"entity_id":"Q188076","candidates":[]}],[],[{"start":0,"end":24,"url":null,"entity_id":"Q290165","candidates":[]}]],[[{"start":0,"end":28,"url":null,"entity_id":"Q42892510","candidates":[]}],[],[{"start":0,"end":15,"url":null,"entity_id":"Q189963","candidates":[]}],[],[{"start":0,"end":25,"url":null,"entity_id":"Q241101","candidates":[]}]],[[{"start":0,"end":27,"url":null,"entity_id":"Q15100022","candidates":[]}],[],[{"start":0,"end":15,"url":null,"entity_id":"Q192061","candidates":[]}],[],[{"start":0,"end":30,"url":null,"entity_id":"Q303053","candidates":[]}]],[[{"start":0,"end":23,"url":null,"entity_id":"Q1854990","candidates":[]}],[],[{"start":0,"end":17,"url":null,"entity_id":"Q189952","candidates":[]}],[],[{"start":0,"end":24,"url":null,"entity_id":"Q179928","candidates":[]}]],[[{"start":0,"end":27,"url":null,"entity_id":"Q31273165","candidates":[]}],[],[{"start":0,"end":12,"url":null,"entity_id":"Q203272","candidates":[]}],[],[{"start":0,"end":30,"url":null,"entity_id":"Q18625066","candidates":[]}]],[[{"start":0,"end":31,"url":null,"entity_id":"Q43281154","candidates":[]}],[],[{"start":0,"end":12,"url":null,"entity_id":"Q189968","candidates":[]}],[],[{"start":0,"end":31,"url":null,"entity_id":"Q15092085","candidates":[]}]],[[{"start":0,"end":23,"url":null,"entity_id":"Q23890484","candidates":[]}],[],[{"start":0,"end":17,"url":null,"entity_id":"Q189952","candidates":[]}],[],[{"start":0,"end":23,"url":null,"entity_id":"Q1854990","candidates":[]}]],[[{"start":0,"end":29,"url":null,"entity_id":"Q31273628","candidates":[]}],[],[{"start":0,"end":12,"url":null,"entity_id":"Q185036","candidates":[]}],[],[{"start":0,"end":25,"url":null,"entity_id":"Q1010496","candidates":[]}]]]}