{"version":"1.2","table":{"version":"2","table_id":"1CS2NQUR","columns":[{"index":0,"name":"col0","values":["Planet Of Judgment","The Covenant of the Crown","The Klingon Gambit","Doctor's Orders","Deep Domain","Mindshadow","The Trellisane Confrontation","Thin Air","Demons","Ghost Walker","The Flaming Arrow","Dwellers in the Crucible","Home Is The Hunter","Web of the Romulans","Vulcan!","World Without End","The Kobayashi Maru","Shadow Lord","The Romulan Way","Vulcan's Glory"]},{"index":1,"name":"col1","values":["The Price Of The Phoenix","The Klingon Gambit","The Entropy Effect","The Pandora Principle","Chain of Attack","Pawns and Symbols","The Wounded Sky","The Flaming Arrow","Dreadnought!","Home Is The Hunter","Rough Trails","Killing time","Enemy Unseen","Triangle","Planet Of Judgment","Trek to Madworld","The Cry Of The Onlies","Uhura's Song","Dreams Of The Raven","The Final Nexus"]},{"index":2,"name":"col2","values":["Vulcan!","The Prometheus Design","The Covenant of the Crown","Enemy Unseen","Dreams Of The Raven","Crisis on Centaurus","Corona","Challenger","Battlestations!","A Flag Full Of Stars","Thin Air","Pawns and Symbols","Ghost Walker","Yesterday's Son","The Starless World","The Price Of The Phoenix","Rules Of Engagement","Ishmael","How Much For Just The Planet?","Double, Double"]}]},"context":{"page_title":null,"page_url":null,"page_entity_id":null,"content_hierarchy":[]},"links":[[[{"start":0,"end":25,"url":null,"entity_id":"Q7727879","candidates":[]}],[{"start":0,"end":18,"url":null,"entity_id":"Q7744804","candidates":[]}],[{"start":0,"end":21,"url":null,"entity_id":"Q7758524","candidates":[]}]],[[{"start":0,"end":18,"url":null,"entity_id":"Q7744804","candidates":[]}],[{"start":0,"end":18,"url":null,"entity_id":"Q7732318","candidates":[]}],[{"start":0,"end":25,"url":null,"entity_id":"Q7727879","candidates":[]}]],[[{"start":0,"end":15,"url":null,"entity_id":"Q5287277","candidates":[]}],[{"start":0,"end":21,"url":null,"entity_id":"Q7755986","candidates":[]}],[{"start":0,"end":12,"url":null,"entity_id":"Q5376786","candidates":[]}]],[[{"start":0,"end":11,"url":null,"entity_id":"Q5250158","candidates":[]}],[{"start":0,"end":15,"url":null,"entity_id":"Q5067936","candidates":[]}],[{"start":0,"end":19,"url":null,"entity_id":"Q5306756","candidates":[]}]],[[{"start":0,"end":10,"url":null,"entity_id":"Q6863964","candidates":[]}],[{"start":0,"end":17,"url":null,"entity_id":"Q7156312","candidates":[]}],[{"start":0,"end":19,"url":null,"entity_id":"Q5185983","candidates":[]}]],[[{"start":0,"end":28,"url":null,"entity_id":"Q7770111","candidates":[]}],[{"start":0,"end":15,"url":null,"entity_id":"Q7776246","candidates":[]}],[{"start":0,"end":6,"url":null,"entity_id":"Q5172115","candidates":[]}]],[[{"start":0,"end":8,"url":null,"entity_id":"Q7784253","candidates":[]}],[{"start":0,"end":17,"url":null,"entity_id":"Q7734353","candidates":[]}],[{"start":0,"end":10,"url":null,"entity_id":"Q5068942","candidates":[]}]],[[{"start":0,"end":6,"url":null,"entity_id":"Q5256286","candidates":[]}],[{"start":0,"end":12,"url":null,"entity_id":"Q5306225","candidates":[]}],[{"start":0,"end":15,"url":null,"entity_id":"Q4873254","candidates":[]}]],[[{"start":0,"end":12,"url":null,"entity_id":"Q5557213","candidates":[]}],[{"start":0,"end":18,"url":null,"entity_id":"Q5888488","candidates":[]}],[{"start":0,"end":20,"url":null,"entity_id":"Q4656792","candidates":[]}]],[[{"start":0,"end":17,"url":null,"entity_id":"Q7734353","candidates":[]}],[{"start":0,"end":12,"url":null,"entity_id":"Q7370868","candidates":[]}],[{"start":0,"end":8,"url":null,"entity_id":"Q7784253","candidates":[]}]],[[{"start":0,"end":24,"url":null,"entity_id":"Q5318075","candidates":[]}],[{"start":0,"end":12,"url":null,"entity_id":"Q6407763","candidates":[]}],[{"start":0,"end":17,"url":null,"entity_id":"Q7156312","candidates":[]}]],[[{"start":0,"end":18,"url":null,"entity_id":"Q5888488","candidates":[]}],[{"start":0,"end":12,"url":null,"entity_id":"Q5376786","candidates":[]}],[{"start":0,"end":12,"url":null,"entity_id":"Q5557213","candidates":[]}]],[[{"start":0,"end":19,"url":null,"entity_id":"Q7978609","candidates":[]}],[{"start":0,"end":8,"url":null,"entity_id":"Q7840052","candidates":[]}],[{"start":0,"end":15,"url":null,"entity_id":"Q8052959","candidates":[]}]],[[{"start":0,"end":7,"url":null,"entity_id":"Q7943448","candidates":[]}],[{"start":0,"end":18,"url":null,"entity_id":"Q7201197","candidates":[]}],[{"start":0,"end":18,"url":null,"entity_id":"Q7766313","candidates":[]}]],[[{"start":0,"end":17,"url":null,"entity_id":"Q8036508","candidates":[]}],[{"start":0,"end":16,"url":null,"entity_id":"Q7837949","candidates":[]}],[{"start":0,"end":24,"url":null,"entity_id":"Q7758167","candidates":[]}]],[[{"start":0,"end":18,"url":null,"entity_id":"Q15034077","candidates":[]}],[{"start":0,"end":21,"url":null,"entity_id":"Q7728306","candidates":[]}],[{"start":0,"end":19,"url":null,"entity_id":"Q7379028","candidates":[]}]],[[{"start":0,"end":11,"url":null,"entity_id":"Q17056219","candidates":[]}],[{"start":0,"end":12,"url":null,"entity_id":"Q7878026","candidates":[]}],[{"start":0,"end":7,"url":null,"entity_id":"Q6080488","candidates":[]}]],[[{"start":0,"end":15,"url":null,"entity_id":"Q17083293","candidates":[]}],[{"start":0,"end":19,"url":null,"entity_id":"Q5306756","candidates":[]}],[{"start":0,"end":29,"url":null,"entity_id":"Q5918025","candidates":[]}]],[[{"start":0,"end":14,"url":null,"entity_id":"Q7943453","candidates":[]}],[{"start":0,"end":15,"url":null,"entity_id":"Q7733923","candidates":[]}],[{"start":0,"end":14,"url":null,"entity_id":"Q5299565","candidates":[]}]],[[{"start":0,"end":18,"url":null,"entity_id":"Q7201197","candidates":[]}],[{"start":0,"end":24,"url":null,"entity_id":"Q7758167","candidates":[]}],[{"start":0,"end":7,"url":null,"entity_id":"Q7943448","candidates":[]}]]]}