{"version":"1.2","table":{"version":"2","table_id":"1F65N0OC","columns":[{"index":0,"name":"col0","values":["IC 1042","IC 1017","IC 1020","IC 1625","IC 1796","IC 1749","IC 1534","IC 1178","IC 1182","IC 810","IC 4267","IC 4647","IC 4064","IC 4818","IC 4726","IC 4505","IC 4453","IC 4251","IC 4180","IC 4796"]},{"index":1,"name":"col1","values":["Virgo","Boötes","Boötes","Phoenix","Phoenix","Pisces","Andromeda","Hercules","Hercules","Virgo","Hydra","Apus","Canes Venatici","Telescopium","Pavo","Boötes","Hydra","Hydra","Hydra","Telescopium"]},{"index":2,"name":"col2","values":["3.4696028","25.868809","26.0322568000889","-46.907575","-41.3710498438873","6.744622619334","48.1512719289919","17.6014253374948","17.8020605592472","12.5968099648381","-26.2560889","-80.1951332550003","39.8413917","-55.1368320232423","-62.8542558803699","33.4085980222412","-27.5185556","-29.4443228155748","-23.9170694","-54.2140249804027"]},{"index":3,"name":"col3","values":["7977","4358","4283","6765","5096","5085","5224","10176","10206","-75","4475","4974","10648","4686","4529","9214","3559","4489","2924","3098"]},{"index":4,"name":"col4","values":["[CHM2007] HDC 885","[CHM2007] HDC 875","[CHM2007] HDC 875","[CHM2007] HDC 50","[CHM2007] HDC 133","[CHM2007] HDC 102","[CHM2007] HDC 10","Hercules Cluster","Hercules Cluster","Virgo Cluster","[TSK2008] 2543","[T2015] nest 200977","[T2015] nest 100587","[CHM2007] LDC 1326","[CHM2007] LDC 1323","[CHM2007] LDC 1078","[CHM2007] HDC 880","[CHM2007] HDC 788","[CHM2007] HDC 763","[CHM2007] HDC 1051"]}]},"context":{"page_title":null,"page_url":null,"page_entity_id":null,"content_hierarchy":[]},"links":[[[{"start":0,"end":7,"url":null,"entity_id":"Q3711370","candidates":[]}],[{"start":0,"end":6,"url":null,"entity_id":"Q8667","candidates":[]}],[],[],[{"start":0,"end":17,"url":null,"entity_id":"Q67623695","candidates":[]}]],[[{"start":0,"end":7,"url":null,"entity_id":"Q3711284","candidates":[]}],[{"start":0,"end":6,"url":null,"entity_id":"Q8667","candidates":[]}],[],[],[{"start":0,"end":17,"url":null,"entity_id":"Q67623695","candidates":[]}]],[[{"start":0,"end":7,"url":null,"entity_id":"Q3693943","candidates":[]}],[{"start":0,"end":7,"url":null,"entity_id":"Q10441","candidates":[]}],[],[],[{"start":0,"end":16,"url":null,"entity_id":"Q67623258","candidates":[]}]],[[{"start":0,"end":7,"url":null,"entity_id":"Q3693286","candidates":[]}],[{"start":0,"end":7,"url":null,"entity_id":"Q10441","candidates":[]}],[],[],[{"start":0,"end":17,"url":null,"entity_id":"Q67622816","candidates":[]}]],[[{"start":0,"end":7,"url":null,"entity_id":"Q3694123","candidates":[]}],[{"start":0,"end":6,"url":null,"entity_id":"Q8679","candidates":[]}],[],[],[{"start":0,"end":17,"url":null,"entity_id":"Q67622492","candidates":[]}]],[[{"start":0,"end":7,"url":null,"entity_id":"Q3694205","candidates":[]}],[{"start":0,"end":9,"url":null,"entity_id":"Q9256","candidates":[]}],[],[],[{"start":0,"end":16,"url":null,"entity_id":"Q67622452","candidates":[]}]],[[{"start":0,"end":7,"url":null,"entity_id":"Q3711072","candidates":[]}],[{"start":0,"end":8,"url":null,"entity_id":"Q10448","candidates":[]}],[],[],[{"start":0,"end":16,"url":null,"entity_id":"Q777857","candidates":[]}]],[[{"start":0,"end":7,"url":null,"entity_id":"Q3711026","candidates":[]}],[{"start":0,"end":8,"url":null,"entity_id":"Q10448","candidates":[]}],[],[],[{"start":0,"end":16,"url":null,"entity_id":"Q777857","candidates":[]}]],[[{"start":0,"end":6,"url":null,"entity_id":"Q3711465","candidates":[]}],[{"start":0,"end":5,"url":null,"entity_id":"Q8842","candidates":[]}],[],[],[{"start":0,"end":13,"url":null,"entity_id":"Q271818","candidates":[]}]],[[{"start":0,"end":7,"url":null,"entity_id":"Q3683674","candidates":[]}],[{"start":0,"end":5,"url":null,"entity_id":"Q10578","candidates":[]}],[],[],[{"start":0,"end":14,"url":null,"entity_id":"Q67796488","candidates":[]}]],[[{"start":0,"end":7,"url":null,"entity_id":"Q3681872","candidates":[]}],[{"start":0,"end":4,"url":null,"entity_id":"Q10506","candidates":[]}],[],[],[{"start":0,"end":19,"url":null,"entity_id":"Q67794856","candidates":[]}]],[[{"start":0,"end":7,"url":null,"entity_id":"Q3684356","candidates":[]}],[{"start":0,"end":14,"url":null,"entity_id":"Q10452","candidates":[]}],[],[],[{"start":0,"end":19,"url":null,"entity_id":"Q67791425","candidates":[]}]],[[{"start":0,"end":7,"url":null,"entity_id":"Q3681946","candidates":[]}],[{"start":0,"end":11,"url":null,"entity_id":"Q10546","candidates":[]}],[],[],[{"start":0,"end":18,"url":null,"entity_id":"Q67624253","candidates":[]}]],[[{"start":0,"end":7,"url":null,"entity_id":"Q3681843","candidates":[]}],[{"start":0,"end":4,"url":null,"entity_id":"Q10515","candidates":[]}],[],[],[{"start":0,"end":18,"url":null,"entity_id":"Q67624251","candidates":[]}]],[[{"start":0,"end":7,"url":null,"entity_id":"Q3682588","candidates":[]}],[{"start":0,"end":6,"url":null,"entity_id":"Q8667","candidates":[]}],[],[],[{"start":0,"end":18,"url":null,"entity_id":"Q67623943","candidates":[]}]],[[{"start":0,"end":7,"url":null,"entity_id":"Q3682717","candidates":[]}],[{"start":0,"end":5,"url":null,"entity_id":"Q10578","candidates":[]}],[],[],[{"start":0,"end":17,"url":null,"entity_id":"Q67623702","candidates":[]}]],[[{"start":0,"end":7,"url":null,"entity_id":"Q3683449","candidates":[]}],[{"start":0,"end":5,"url":null,"entity_id":"Q10578","candidates":[]}],[],[],[{"start":0,"end":17,"url":null,"entity_id":"Q67623593","candidates":[]}]],[[{"start":0,"end":7,"url":null,"entity_id":"Q3683726","candidates":[]}],[{"start":0,"end":5,"url":null,"entity_id":"Q10578","candidates":[]}],[],[],[{"start":0,"end":17,"url":null,"entity_id":"Q67623570","candidates":[]}]],[[{"start":0,"end":7,"url":null,"entity_id":"Q3682160","candidates":[]}],[{"start":0,"end":11,"url":null,"entity_id":"Q10546","candidates":[]}],[],[],[{"start":0,"end":18,"url":null,"entity_id":"Q67622539","candidates":[]}]],[[{"start":0,"end":7,"url":null,"entity_id":"Q3711290","candidates":[]}],[{"start":0,"end":5,"url":null,"entity_id":"Q8842","candidates":[]}],[],[],[{"start":0,"end":17,"url":null,"entity_id":"Q67623708","candidates":[]}]]]}