{"version":"1.2","table":{"version":"2","table_id":"1FHI6XWX","columns":[{"index":0,"name":"col0","values":["Hurricane Bluff","Kings Bluff","Fowler Point","Kangaroo Point","Pin Oak Break","Mansfield Bluff","Preston Bluff","Mays Bluff","Ecores Rouges","Salt Cave Bluff","Rollins Point","Red Bluff","Point Peter","Nolan Point","John Reddell Bluff","Henderson Point","Gower Point","Doins Point","Sams Throne","Rocklick Point","Roark Bluff","Red Rock Point","Rainbow Bluff","Morgan Point","Jim Bluff","Gray Bluff","Goat Bluff","Gar Hole Bluff","Flatiron Bluff","Molten Bluff","Paroquet Bluff","Little Paroquet Bluff","Roach Point","High Point","North Bluff","Lackey Bluff","Red Bluff","Salts Bluff","Rolloff Bluff"]},{"index":1,"name":"col1","values":["133","59","60","52","120","158","56","46","52","369","562","267","511","531","245","488","523","496","375","587","354","559","562","611","285","285","272","316","311","172","70","62","82","81","225","250","75","365","385"]},{"index":2,"name":"col2","values":["Sharp County","Prairie County","Prairie County","Phillips County","Faulkner County","Faulkner County","Arkansas County","Arkansas County","Arkansas County","Searcy County","Searcy County","Searcy County","Searcy County","Searcy County","Searcy County","Searcy County","Searcy County","Searcy County","Newton County","Newton County","Newton County","Newton County","Newton County","Newton County","Newton County","Newton County","Newton County","Newton County","Newton County","Conway County","Independence County","Independence County","Clay County","Clay County","Yell County","Yell County","Jefferson County","Carroll County","Carroll County"]}]},"context":{"page_title":null,"page_url":null,"page_entity_id":null,"content_hierarchy":[]},"links":[[[{"start":0,"end":11,"url":null,"entity_id":"Q31562630","candidates":[]}],[],[{"start":0,"end":14,"url":null,"entity_id":"Q61472","candidates":[]}]],[[{"start":0,"end":12,"url":null,"entity_id":"Q31558939","candidates":[]}],[],[{"start":0,"end":14,"url":null,"entity_id":"Q61472","candidates":[]}]],[[{"start":0,"end":14,"url":null,"entity_id":"Q31562303","candidates":[]}],[],[{"start":0,"end":15,"url":null,"entity_id":"Q61470","candidates":[]}]],[[{"start":0,"end":13,"url":null,"entity_id":"Q31566615","candidates":[]}],[],[{"start":0,"end":15,"url":null,"entity_id":"Q61468","candidates":[]}]],[[{"start":0,"end":15,"url":null,"entity_id":"Q31563810","candidates":[]}],[],[{"start":0,"end":15,"url":null,"entity_id":"Q61468","candidates":[]}]],[[{"start":0,"end":13,"url":null,"entity_id":"Q31567702","candidates":[]}],[],[{"start":0,"end":15,"url":null,"entity_id":"Q61414","candidates":[]}]],[[{"start":0,"end":10,"url":null,"entity_id":"Q31563983","candidates":[]}],[],[{"start":0,"end":15,"url":null,"entity_id":"Q61414","candidates":[]}]],[[{"start":0,"end":13,"url":null,"entity_id":"Q31558100","candidates":[]}],[],[{"start":0,"end":15,"url":null,"entity_id":"Q61414","candidates":[]}]],[[{"start":0,"end":15,"url":null,"entity_id":"Q31570270","candidates":[]}],[],[{"start":0,"end":13,"url":null,"entity_id":"Q61379","candidates":[]}]],[[{"start":0,"end":13,"url":null,"entity_id":"Q31569023","candidates":[]}],[],[{"start":0,"end":13,"url":null,"entity_id":"Q61379","candidates":[]}]],[[{"start":0,"end":9,"url":null,"entity_id":"Q31568280","candidates":[]}],[],[{"start":0,"end":13,"url":null,"entity_id":"Q61379","candidates":[]}]],[[{"start":0,"end":11,"url":null,"entity_id":"Q31567287","candidates":[]}],[],[{"start":0,"end":13,"url":null,"entity_id":"Q61379","candidates":[]}]],[[{"start":0,"end":11,"url":null,"entity_id":"Q31565351","candidates":[]}],[],[{"start":0,"end":13,"url":null,"entity_id":"Q61379","candidates":[]}]],[[{"start":0,"end":18,"url":null,"entity_id":"Q31562247","candidates":[]}],[],[{"start":0,"end":13,"url":null,"entity_id":"Q61379","candidates":[]}]],[[{"start":0,"end":15,"url":null,"entity_id":"Q31560665","candidates":[]}],[],[{"start":0,"end":13,"url":null,"entity_id":"Q61379","candidates":[]}]],[[{"start":0,"end":11,"url":null,"entity_id":"Q31559771","candidates":[]}],[],[{"start":0,"end":13,"url":null,"entity_id":"Q61379","candidates":[]}]],[[{"start":0,"end":11,"url":null,"entity_id":"Q31557773","candidates":[]}],[],[{"start":0,"end":13,"url":null,"entity_id":"Q61379","candidates":[]}]],[[{"start":0,"end":11,"url":null,"entity_id":"Q31570367","candidates":[]}],[],[{"start":0,"end":13,"url":null,"entity_id":"Q61370","candidates":[]}]],[[{"start":0,"end":14,"url":null,"entity_id":"Q31568895","candidates":[]}],[],[{"start":0,"end":13,"url":null,"entity_id":"Q61370","candidates":[]}]],[[{"start":0,"end":11,"url":null,"entity_id":"Q31568718","candidates":[]}],[],[{"start":0,"end":13,"url":null,"entity_id":"Q61370","candidates":[]}]],[[{"start":0,"end":14,"url":null,"entity_id":"Q31568380","candidates":[]}],[],[{"start":0,"end":13,"url":null,"entity_id":"Q61370","candidates":[]}]],[[{"start":0,"end":13,"url":null,"entity_id":"Q31567999","candidates":[]}],[],[{"start":0,"end":13,"url":null,"entity_id":"Q61370","candidates":[]}]],[[{"start":0,"end":12,"url":null,"entity_id":"Q31564774","candidates":[]}],[],[{"start":0,"end":13,"url":null,"entity_id":"Q61370","candidates":[]}]],[[{"start":0,"end":9,"url":null,"entity_id":"Q31562116","candidates":[]}],[],[{"start":0,"end":13,"url":null,"entity_id":"Q61370","candidates":[]}]],[[{"start":0,"end":10,"url":null,"entity_id":"Q31559916","candidates":[]}],[],[{"start":0,"end":13,"url":null,"entity_id":"Q61370","candidates":[]}]],[[{"start":0,"end":10,"url":null,"entity_id":"Q31559530","candidates":[]}],[],[{"start":0,"end":13,"url":null,"entity_id":"Q61370","candidates":[]}]],[[{"start":0,"end":14,"url":null,"entity_id":"Q31559234","candidates":[]}],[],[{"start":0,"end":13,"url":null,"entity_id":"Q61370","candidates":[]}]],[[{"start":0,"end":14,"url":null,"entity_id":"Q31558599","candidates":[]}],[],[{"start":0,"end":13,"url":null,"entity_id":"Q61370","candidates":[]}]],[[{"start":0,"end":12,"url":null,"entity_id":"Q31564621","candidates":[]}],[],[{"start":0,"end":13,"url":null,"entity_id":"Q61352","candidates":[]}]],[[{"start":0,"end":14,"url":null,"entity_id":"Q31565905","candidates":[]}],[],[{"start":0,"end":19,"url":null,"entity_id":"Q61350","candidates":[]}]],[[{"start":0,"end":21,"url":null,"entity_id":"Q31563152","candidates":[]}],[],[{"start":0,"end":19,"url":null,"entity_id":"Q61350","candidates":[]}]],[[{"start":0,"end":11,"url":null,"entity_id":"Q31568702","candidates":[]}],[],[{"start":0,"end":11,"url":null,"entity_id":"Q61330","candidates":[]}]],[[{"start":0,"end":10,"url":null,"entity_id":"Q31560824","candidates":[]}],[],[{"start":0,"end":11,"url":null,"entity_id":"Q61330","candidates":[]}]],[[{"start":0,"end":11,"url":null,"entity_id":"Q31565387","candidates":[]}],[],[{"start":0,"end":11,"url":null,"entity_id":"Q61317","candidates":[]}]],[[{"start":0,"end":12,"url":null,"entity_id":"Q31562678","candidates":[]}],[],[{"start":0,"end":11,"url":null,"entity_id":"Q61317","candidates":[]}]],[[{"start":0,"end":9,"url":null,"entity_id":"Q31568247","candidates":[]}],[],[{"start":0,"end":16,"url":null,"entity_id":"Q61289","candidates":[]}]],[[{"start":0,"end":11,"url":null,"entity_id":"Q31570319","candidates":[]}],[],[{"start":0,"end":14,"url":null,"entity_id":"Q61216","candidates":[]}]],[[{"start":0,"end":13,"url":null,"entity_id":"Q31569055","candidates":[]}],[],[{"start":0,"end":14,"url":null,"entity_id":"Q61216","candidates":[]}]],[[{"start":0,"end":15,"url":null,"entity_id":"Q31561656","candidates":[]}],[],[{"start":0,"end":12,"url":null,"entity_id":"Q61481","candidates":[]}]]]}