{"version":"1.2","table":{"version":"2","table_id":"1FOWI8V1","columns":[{"index":0,"name":"col0","values":["Allegro Non Troppo","Sunday Lovers","Woman Times Seven","Eros","Nothing But Ghosts","Mickey's Once Upon a Christmas","Mickey's House of Villains","Fear(s) of the Dark","Night of the Day of the Dawn of the Son of the Bride of the Return of the Revenge of the Terror of the Attack of the Evil, Mutant, Alien, Flesh Eating, Hellbound, Zombified Living Dead Part 2: In Shocking 2-D","Crush","Visions of Europe","The Power of Emotion","Les plus belles escroqueries du monde","Plasticine Crow","Germany 09","Mickey's Twice Upon a Christmas","To Each His Own Cinema","Four Rooms","Coffee and Cigarettes","Fantasia"]},{"index":1,"name":"col1","values":["6","4","7","3","5","3","8","5","5","5","25","20","5","3","13","5","34","4","11","7"]},{"index":2,"name":"col2","values":["85","125","100","104","120","70","70","85","96","95","140","115","108","9","152","68","100","94","96","120"]}]},"context":{"page_title":null,"page_url":null,"page_entity_id":null,"content_hierarchy":[]},"links":[[[{"start":0,"end":13,"url":null,"entity_id":"Q1892136","candidates":[]}],[],[]],[[{"start":0,"end":17,"url":null,"entity_id":"Q1753626","candidates":[]}],[],[]],[[{"start":0,"end":4,"url":null,"entity_id":"Q1742092","candidates":[]}],[],[]],[[{"start":0,"end":18,"url":null,"entity_id":"Q1727478","candidates":[]}],[],[]],[[{"start":0,"end":30,"url":null,"entity_id":"Q1655222","candidates":[]}],[],[]],[[{"start":0,"end":26,"url":null,"entity_id":"Q1630767","candidates":[]}],[],[]],[[{"start":0,"end":19,"url":null,"entity_id":"Q1628524","candidates":[]}],[],[]],[[{"start":0,"end":208,"url":null,"entity_id":"Q1579799","candidates":[]}],[],[]],[[{"start":0,"end":5,"url":null,"entity_id":"Q1527812","candidates":[]}],[],[]],[[{"start":0,"end":17,"url":null,"entity_id":"Q1377566","candidates":[]}],[],[]],[[{"start":0,"end":20,"url":null,"entity_id":"Q1214661","candidates":[]}],[],[]],[[{"start":0,"end":37,"url":null,"entity_id":"Q1212729","candidates":[]}],[],[]],[[{"start":0,"end":15,"url":null,"entity_id":"Q1212415","candidates":[]}],[],[]],[[{"start":0,"end":10,"url":null,"entity_id":"Q1206255","candidates":[]}],[],[]],[[{"start":0,"end":31,"url":null,"entity_id":"Q1203831","candidates":[]}],[],[]],[[{"start":0,"end":22,"url":null,"entity_id":"Q1144967","candidates":[]}],[],[]],[[{"start":0,"end":10,"url":null,"entity_id":"Q1137372","candidates":[]}],[],[]],[[{"start":0,"end":21,"url":null,"entity_id":"Q1106851","candidates":[]}],[],[]],[[{"start":0,"end":8,"url":null,"entity_id":"Q943192","candidates":[]}],[],[]],[[{"start":0,"end":18,"url":null,"entity_id":"Q2000923","candidates":[]}],[],[]]]}