{"version":"1.2","table":{"version":"2","table_id":"1GK7KF5D","columns":[{"index":0,"name":"col0","values":["Devil's Ashpit","Butt Crater","Dark Slope Crater","Devils Cauldron","Devils Riding School","East Crater","Green Top Crater","Horse Shoe Crater","Perfect Crater","Saddle Crater","South East Crater","Spoon Crater","Street Crater","Table Crater","Upper Valley Crater","Gara Medouar","Kanaka Crater","Gleïb Aoueloûl","Ngorongoro Crater","Embagai Crater"]},{"index":1,"name":"col1","values":["Ascension Island","Ascension Island","Ascension Island","Ascension Island","Ascension Island","Ascension Island","Ascension Island","Ascension Island","Ascension Island","Ascension Island","Ascension Island","Ascension Island","Ascension Island","Ascension Island","Ascension Island","Sijilmasa","Savanne District","Adrar Region","Arusha Region","Arusha Region"]},{"index":2,"name":"col2","values":["Saint Helena, Ascension and Tristan da Cunha","Saint Helena, Ascension and Tristan da Cunha","Saint Helena, Ascension and Tristan da Cunha","Saint Helena, Ascension and Tristan da Cunha","Saint Helena, Ascension and Tristan da Cunha","Saint Helena, Ascension and Tristan da Cunha","Saint Helena, Ascension and Tristan da Cunha","Saint Helena, Ascension and Tristan da Cunha","Saint Helena, Ascension and Tristan da Cunha","Saint Helena, Ascension and Tristan da Cunha","Saint Helena, Ascension and Tristan da Cunha","Saint Helena, Ascension and Tristan da Cunha","Saint Helena, Ascension and Tristan da Cunha","Saint Helena, Ascension and Tristan da Cunha","Saint Helena, Ascension and Tristan da Cunha","Morocco","Mauritius","Mauritania","Tanzania","Tanzania"]},{"index":3,"name":"col3","values":["166","254","85","321","184","166","261","85","254","85","152","300","254","162","232","859","553","597","1700","2666"]}]},"context":{"page_title":null,"page_url":null,"page_entity_id":null,"content_hierarchy":[]},"links":[[[{"start":0,"end":11,"url":null,"entity_id":"Q31454503","candidates":[]}],[{"start":0,"end":16,"url":null,"entity_id":"Q46197","candidates":[]}],[{"start":0,"end":44,"url":null,"entity_id":"Q192184","candidates":[]}],[]],[[{"start":0,"end":17,"url":null,"entity_id":"Q31454502","candidates":[]}],[{"start":0,"end":16,"url":null,"entity_id":"Q46197","candidates":[]}],[{"start":0,"end":44,"url":null,"entity_id":"Q192184","candidates":[]}],[]],[[{"start":0,"end":15,"url":null,"entity_id":"Q31454501","candidates":[]}],[{"start":0,"end":16,"url":null,"entity_id":"Q46197","candidates":[]}],[{"start":0,"end":44,"url":null,"entity_id":"Q192184","candidates":[]}],[]],[[{"start":0,"end":20,"url":null,"entity_id":"Q31454499","candidates":[]}],[{"start":0,"end":16,"url":null,"entity_id":"Q46197","candidates":[]}],[{"start":0,"end":44,"url":null,"entity_id":"Q192184","candidates":[]}],[]],[[{"start":0,"end":11,"url":null,"entity_id":"Q31454498","candidates":[]}],[{"start":0,"end":16,"url":null,"entity_id":"Q46197","candidates":[]}],[{"start":0,"end":44,"url":null,"entity_id":"Q192184","candidates":[]}],[]],[[{"start":0,"end":16,"url":null,"entity_id":"Q31454497","candidates":[]}],[{"start":0,"end":16,"url":null,"entity_id":"Q46197","candidates":[]}],[{"start":0,"end":44,"url":null,"entity_id":"Q192184","candidates":[]}],[]],[[{"start":0,"end":17,"url":null,"entity_id":"Q31454496","candidates":[]}],[{"start":0,"end":16,"url":null,"entity_id":"Q46197","candidates":[]}],[{"start":0,"end":44,"url":null,"entity_id":"Q192184","candidates":[]}],[]],[[{"start":0,"end":14,"url":null,"entity_id":"Q31454495","candidates":[]}],[{"start":0,"end":16,"url":null,"entity_id":"Q46197","candidates":[]}],[{"start":0,"end":44,"url":null,"entity_id":"Q192184","candidates":[]}],[]],[[{"start":0,"end":13,"url":null,"entity_id":"Q31454494","candidates":[]}],[{"start":0,"end":16,"url":null,"entity_id":"Q46197","candidates":[]}],[{"start":0,"end":44,"url":null,"entity_id":"Q192184","candidates":[]}],[]],[[{"start":0,"end":17,"url":null,"entity_id":"Q31454493","candidates":[]}],[{"start":0,"end":16,"url":null,"entity_id":"Q46197","candidates":[]}],[{"start":0,"end":44,"url":null,"entity_id":"Q192184","candidates":[]}],[]],[[{"start":0,"end":12,"url":null,"entity_id":"Q31454492","candidates":[]}],[{"start":0,"end":16,"url":null,"entity_id":"Q46197","candidates":[]}],[{"start":0,"end":44,"url":null,"entity_id":"Q192184","candidates":[]}],[]],[[{"start":0,"end":13,"url":null,"entity_id":"Q31454491","candidates":[]}],[{"start":0,"end":16,"url":null,"entity_id":"Q46197","candidates":[]}],[{"start":0,"end":44,"url":null,"entity_id":"Q192184","candidates":[]}],[]],[[{"start":0,"end":12,"url":null,"entity_id":"Q31454490","candidates":[]}],[{"start":0,"end":16,"url":null,"entity_id":"Q46197","candidates":[]}],[{"start":0,"end":44,"url":null,"entity_id":"Q192184","candidates":[]}],[]],[[{"start":0,"end":19,"url":null,"entity_id":"Q31454489","candidates":[]}],[{"start":0,"end":16,"url":null,"entity_id":"Q46197","candidates":[]}],[{"start":0,"end":44,"url":null,"entity_id":"Q192184","candidates":[]}],[]],[[{"start":0,"end":12,"url":null,"entity_id":"Q30242699","candidates":[]}],[{"start":0,"end":9,"url":null,"entity_id":"Q1334331","candidates":[]}],[{"start":0,"end":7,"url":null,"entity_id":"Q1028","candidates":[]}],[]],[[{"start":0,"end":13,"url":null,"entity_id":"Q27763706","candidates":[]}],[{"start":0,"end":16,"url":null,"entity_id":"Q1053600","candidates":[]}],[{"start":0,"end":9,"url":null,"entity_id":"Q1027","candidates":[]}],[]],[[{"start":0,"end":14,"url":null,"entity_id":"Q27749485","candidates":[]}],[{"start":0,"end":12,"url":null,"entity_id":"Q366626","candidates":[]}],[{"start":0,"end":10,"url":null,"entity_id":"Q1025","candidates":[]}],[]],[[{"start":0,"end":17,"url":null,"entity_id":"Q31625114","candidates":[]}],[{"start":0,"end":13,"url":null,"entity_id":"Q329261","candidates":[]}],[{"start":0,"end":8,"url":null,"entity_id":"Q924","candidates":[]}],[]],[[{"start":0,"end":14,"url":null,"entity_id":"Q31454608","candidates":[]}],[{"start":0,"end":13,"url":null,"entity_id":"Q329261","candidates":[]}],[{"start":0,"end":8,"url":null,"entity_id":"Q924","candidates":[]}],[]],[[{"start":0,"end":14,"url":null,"entity_id":"Q31454504","candidates":[]}],[{"start":0,"end":16,"url":null,"entity_id":"Q46197","candidates":[]}],[{"start":0,"end":44,"url":null,"entity_id":"Q192184","candidates":[]}],[]]]}