{"version":"1.2","table":{"version":"2","table_id":"1IAD62YZ","columns":[{"index":0,"name":"col0","values":["Bramsche","Vechta","Nienburg/Weser","Georgsmarienhütte","Cloppenburg","Seelze","Stuhr","Barsinghausen","Winsen","Uelzen","Leer","Meppen","Papenburg","Buxtehude","Laatzen","Aurich","Wunstorf","Gifhorn","Seevetal","Lehrte"]},{"index":1,"name":"col1","values":["183.32","87.79","64.45","55","70.6","54.08","81.65","102.65","109.77","136.84","70.11","188.4","118.44","76.49","34.05","197.21","125.74","104.86","105.1","127.67"]},{"index":2,"name":"col2","values":["48","37","25","110","39","50","20","73","5","43","3","15","6","5","68","4","43","53","14","62"]},{"index":3,"name":"col3","values":["30952","32433","31550","31827","34913","34442","33526","34234","34896","33614","34486","35373","37579","40150","41422","41991","41594","42519","41506","43999"]}]},"context":{"page_title":null,"page_url":null,"page_entity_id":null,"content_hierarchy":[]},"links":[[[{"start":0,"end":6,"url":null,"entity_id":"Q16096","candidates":[]}],[],[],[]],[[{"start":0,"end":14,"url":null,"entity_id":"Q16079","candidates":[]}],[],[],[]],[[{"start":0,"end":17,"url":null,"entity_id":"Q16078","candidates":[]}],[],[],[]],[[{"start":0,"end":11,"url":null,"entity_id":"Q16059","candidates":[]}],[],[],[]],[[{"start":0,"end":6,"url":null,"entity_id":"Q16052","candidates":[]}],[],[],[]],[[{"start":0,"end":5,"url":null,"entity_id":"Q16027","candidates":[]}],[],[],[]],[[{"start":0,"end":13,"url":null,"entity_id":"Q16022","candidates":[]}],[],[],[]],[[{"start":0,"end":6,"url":null,"entity_id":"Q16000","candidates":[]}],[],[],[]],[[{"start":0,"end":6,"url":null,"entity_id":"Q15989","candidates":[]}],[],[],[]],[[{"start":0,"end":4,"url":null,"entity_id":"Q15984","candidates":[]}],[],[],[]],[[{"start":0,"end":6,"url":null,"entity_id":"Q15977","candidates":[]}],[],[],[]],[[{"start":0,"end":9,"url":null,"entity_id":"Q14957","candidates":[]}],[],[],[]],[[{"start":0,"end":9,"url":null,"entity_id":"Q14868","candidates":[]}],[],[],[]],[[{"start":0,"end":7,"url":null,"entity_id":"Q14856","candidates":[]}],[],[],[]],[[{"start":0,"end":6,"url":null,"entity_id":"Q14839","candidates":[]}],[],[],[]],[[{"start":0,"end":8,"url":null,"entity_id":"Q14827","candidates":[]}],[],[],[]],[[{"start":0,"end":7,"url":null,"entity_id":"Q14813","candidates":[]}],[],[],[]],[[{"start":0,"end":8,"url":null,"entity_id":"Q7084","candidates":[]}],[],[],[]],[[{"start":0,"end":6,"url":null,"entity_id":"Q7057","candidates":[]}],[],[],[]],[[{"start":0,"end":8,"url":null,"entity_id":"Q16109","candidates":[]}],[],[],[]]]}