{"version":"1.2","table":{"version":"2","table_id":"1IX6V0TC","columns":[{"index":0,"name":"col0","values":["squire","agrimensor","haruspex","Cataphract","musketeer","hoplite","druid","flamen","herald","amanuensis","gladiator","archer","minstrel","scribe","provost","ab actis","Amtmann","lictor","centurion","page"]},{"index":1,"name":"col1","values":["Ottův slovník naučný","Paulys Realenzyklopädie der klassischen Altertumswissenschaft","Brockhaus and Efron Encyclopedic Dictionary","Paulys Realenzyklopädie der klassischen Altertumswissenschaft","Brockhaus and Efron Encyclopedic Dictionary","Brockhaus and Efron Encyclopedic Dictionary","Brockhaus and Efron Encyclopedic Dictionary","Brockhaus and Efron Encyclopedic Dictionary","Armenian Soviet Encyclopedia","Brockhaus and Efron Encyclopedic Dictionary","Brockhaus and Efron Encyclopedic Dictionary","Brockhaus and Efron Encyclopedic Dictionary","Brockhaus and Efron Encyclopedic Dictionary","Ottův slovník naučný","Brockhaus and Efron Encyclopedic Dictionary","The New Pauly","Brockhaus and Efron Encyclopedic Dictionary","Brockhaus and Efron Encyclopedic Dictionary","Paulys Realenzyklopädie der klassischen Altertumswissenschaft","Brockhaus and Efron Encyclopedic Dictionary"]},{"index":2,"name":"col2","values":["horseman","geodesist","fortune teller","soldier","soldier","soldier","religious servant","Ancient Roman priest","officer of arms","cleric","combatant","warrior","musician","amanuensis","public office","civil servant","civil servant","civil servant","military officer","domestic worker"]}]},"context":{"page_title":null,"page_url":null,"page_entity_id":null,"content_hierarchy":[]},"links":[[[{"start":0,"end":10,"url":null,"entity_id":"Q396762","candidates":[]}],[{"start":0,"end":61,"url":null,"entity_id":"Q1138524","candidates":[]}],[{"start":0,"end":9,"url":null,"entity_id":"Q11699606","candidates":[]}]],[[{"start":0,"end":8,"url":null,"entity_id":"Q623455","candidates":[]}],[{"start":0,"end":43,"url":null,"entity_id":"Q602358","candidates":[]}],[{"start":0,"end":14,"url":null,"entity_id":"Q8011724","candidates":[]}]],[[{"start":0,"end":10,"url":null,"entity_id":"Q204766","candidates":[]}],[{"start":0,"end":61,"url":null,"entity_id":"Q1138524","candidates":[]}],[{"start":0,"end":7,"url":null,"entity_id":"Q4991371","candidates":[]}]],[[{"start":0,"end":9,"url":null,"entity_id":"Q721960","candidates":[]}],[{"start":0,"end":43,"url":null,"entity_id":"Q602358","candidates":[]}],[{"start":0,"end":7,"url":null,"entity_id":"Q4991371","candidates":[]}]],[[{"start":0,"end":7,"url":null,"entity_id":"Q175249","candidates":[]}],[{"start":0,"end":43,"url":null,"entity_id":"Q602358","candidates":[]}],[{"start":0,"end":7,"url":null,"entity_id":"Q4991371","candidates":[]}]],[[{"start":0,"end":5,"url":null,"entity_id":"Q131081","candidates":[]}],[{"start":0,"end":43,"url":null,"entity_id":"Q602358","candidates":[]}],[{"start":0,"end":17,"url":null,"entity_id":"Q4504549","candidates":[]}]],[[{"start":0,"end":6,"url":null,"entity_id":"Q585305","candidates":[]}],[{"start":0,"end":43,"url":null,"entity_id":"Q602358","candidates":[]}],[{"start":0,"end":20,"url":null,"entity_id":"Q3409374","candidates":[]}]],[[{"start":0,"end":6,"url":null,"entity_id":"Q696819","candidates":[]}],[{"start":0,"end":28,"url":null,"entity_id":"Q2657718","candidates":[]}],[{"start":0,"end":15,"url":null,"entity_id":"Q3247049","candidates":[]}]],[[{"start":0,"end":10,"url":null,"entity_id":"Q499134","candidates":[]}],[{"start":0,"end":43,"url":null,"entity_id":"Q602358","candidates":[]}],[{"start":0,"end":6,"url":null,"entity_id":"Q2259532","candidates":[]}]],[[{"start":0,"end":9,"url":null,"entity_id":"Q482999","candidates":[]}],[{"start":0,"end":43,"url":null,"entity_id":"Q602358","candidates":[]}],[{"start":0,"end":9,"url":null,"entity_id":"Q1414937","candidates":[]}]],[[{"start":0,"end":6,"url":null,"entity_id":"Q890527","candidates":[]}],[{"start":0,"end":43,"url":null,"entity_id":"Q602358","candidates":[]}],[{"start":0,"end":7,"url":null,"entity_id":"Q1250916","candidates":[]}]],[[{"start":0,"end":8,"url":null,"entity_id":"Q841192","candidates":[]}],[{"start":0,"end":43,"url":null,"entity_id":"Q602358","candidates":[]}],[{"start":0,"end":8,"url":null,"entity_id":"Q639669","candidates":[]}]],[[{"start":0,"end":6,"url":null,"entity_id":"Q916292","candidates":[]}],[{"start":0,"end":20,"url":null,"entity_id":"Q2041543","candidates":[]}],[{"start":0,"end":10,"url":null,"entity_id":"Q499134","candidates":[]}]],[[{"start":0,"end":7,"url":null,"entity_id":"Q518782","candidates":[]}],[{"start":0,"end":43,"url":null,"entity_id":"Q602358","candidates":[]}],[{"start":0,"end":13,"url":null,"entity_id":"Q294414","candidates":[]}]],[[{"start":0,"end":8,"url":null,"entity_id":"Q303928","candidates":[]}],[{"start":0,"end":13,"url":null,"entity_id":"Q12899625","candidates":[]}],[{"start":0,"end":13,"url":null,"entity_id":"Q212238","candidates":[]}]],[[{"start":0,"end":7,"url":null,"entity_id":"Q592996","candidates":[]}],[{"start":0,"end":43,"url":null,"entity_id":"Q602358","candidates":[]}],[{"start":0,"end":13,"url":null,"entity_id":"Q212238","candidates":[]}]],[[{"start":0,"end":6,"url":null,"entity_id":"Q59671","candidates":[]}],[{"start":0,"end":43,"url":null,"entity_id":"Q602358","candidates":[]}],[{"start":0,"end":13,"url":null,"entity_id":"Q212238","candidates":[]}]],[[{"start":0,"end":9,"url":null,"entity_id":"Q26409","candidates":[]}],[{"start":0,"end":61,"url":null,"entity_id":"Q1138524","candidates":[]}],[{"start":0,"end":16,"url":null,"entity_id":"Q189290","candidates":[]}]],[[{"start":0,"end":4,"url":null,"entity_id":"Q855855","candidates":[]}],[{"start":0,"end":43,"url":null,"entity_id":"Q602358","candidates":[]}],[{"start":0,"end":15,"url":null,"entity_id":"Q54128","candidates":[]}]],[[{"start":0,"end":6,"url":null,"entity_id":"Q579516","candidates":[]}],[{"start":0,"end":20,"url":null,"entity_id":"Q2041543","candidates":[]}],[{"start":0,"end":8,"url":null,"entity_id":"Q16684351","candidates":[]}]]]}