{"version":"1.2","table":{"version":"2","table_id":"1JZJQH3G","columns":[{"index":0,"name":"col0","values":["Uppland Runic Inscription 541","Södermanland Runic Inscription 298","Färlövstenen","Uppland Runic Inscription 993","Fugliestenen 1 (DR 259)","Uppland Runic Inscription 15","Uppland Runic Inscription Fv1948;168","Kyrkogården Runestones","Rö runestone","Dalby Stone","Bjäresjöstenen 2","Västra Strö 2 Runestone","Södermanland Runic Inscription 178","Sm 104","U 241","Vs 19","Vs 18","Ölands runinskrifter 27","Sm 27","U 85","Gorm's runestone","Harald's runestone","Småland Runic Inscription 35","Hybystenen 1","Gästriklands runinskrifter 11","Sövestadstenen","Rydsgård Runestone","Vaksala Runestone","Uppland Runic Inscription 1043"]},{"index":1,"name":"col1","values":["monument in Fornminnesregistret","monument in Fornminnesregistret","monument in Fornminnesregistret","monument in Fornminnesregistret","monument in Fornminnesregistret","monument in Fornminnesregistret","monument in Fornminnesregistret","monument in Fornminnesregistret","monument in Fornminnesregistret","monument in Fornminnesregistret","monument in Fornminnesregistret","monument in Fornminnesregistret","monument in Fornminnesregistret","monument in Fornminnesregistret","monument in Fornminnesregistret","monument in Fornminnesregistret","monument in Fornminnesregistret","monument in Fornminnesregistret","monument in Fornminnesregistret","monument in Fornminnesregistret","protected ancient monument in Denmark","protected ancient monument in Denmark","monument in Fornminnesregistret","monument in Fornminnesregistret","monument in Fornminnesregistret","monument in Fornminnesregistret","monument in Fornminnesregistret","monument in Fornminnesregistret","monument in Fornminnesregistret"]},{"index":2,"name":"col2","values":["Sweden","Sweden","Sweden","Sweden","Sweden","Sweden","Sweden","Sweden","Sweden","Sweden","Sweden","Sweden","Sweden","Sweden","Sweden","Sweden","Sweden","Sweden","Sweden","Sweden","Denmark","Denmark","Sweden","Sweden","Sweden","Sweden","Sweden","Sweden","Sweden"]},{"index":3,"name":"col3","values":["Husby-Sjuhundra socken","Grödinge Socken","Färlöv Church","Funbo socken","Fuglie socken","Ekerö church","Alsike socken","Sigtuna city municipality","Swedish History Museum","Kulturen","Kulturen","Västra Strö","Gripsholm Castle","Vetlanda socken","Vallentuna socken","Skultuna socken","Skultuna socken","Sandby socken","Berga socken","Hässelby Villastad","Jelling","Jelling","Ljungby parish, Sunnerbo","Hyby socken","Gävle Town","Krageholm Castle","Villie socken","Vaksala socken","Tensta socken"]}]},"context":{"page_title":null,"page_url":null,"page_entity_id":null,"content_hierarchy":[]},"links":[[[{"start":0,"end":34,"url":null,"entity_id":"Q7666326","candidates":[]}],[{"start":0,"end":31,"url":null,"entity_id":"Q21287602","candidates":[]}],[{"start":0,"end":6,"url":null,"entity_id":"Q34","candidates":[]}],[{"start":0,"end":15,"url":null,"entity_id":"Q10509950","candidates":[]}]],[[{"start":0,"end":12,"url":null,"entity_id":"Q10500874","candidates":[]}],[{"start":0,"end":31,"url":null,"entity_id":"Q21287602","candidates":[]}],[{"start":0,"end":6,"url":null,"entity_id":"Q34","candidates":[]}],[{"start":0,"end":13,"url":null,"entity_id":"Q10500872","candidates":[]}]],[[{"start":0,"end":29,"url":null,"entity_id":"Q7899139","candidates":[]}],[{"start":0,"end":31,"url":null,"entity_id":"Q21287602","candidates":[]}],[{"start":0,"end":6,"url":null,"entity_id":"Q34","candidates":[]}],[{"start":0,"end":12,"url":null,"entity_id":"Q10500091","candidates":[]}]],[[{"start":0,"end":23,"url":null,"entity_id":"Q10499839","candidates":[]}],[{"start":0,"end":31,"url":null,"entity_id":"Q21287602","candidates":[]}],[{"start":0,"end":6,"url":null,"entity_id":"Q34","candidates":[]}],[{"start":0,"end":13,"url":null,"entity_id":"Q10499836","candidates":[]}]],[[{"start":0,"end":28,"url":null,"entity_id":"Q7899109","candidates":[]}],[{"start":0,"end":31,"url":null,"entity_id":"Q21287602","candidates":[]}],[{"start":0,"end":6,"url":null,"entity_id":"Q34","candidates":[]}],[{"start":0,"end":12,"url":null,"entity_id":"Q10480599","candidates":[]}]],[[{"start":0,"end":36,"url":null,"entity_id":"Q7899142","candidates":[]}],[{"start":0,"end":31,"url":null,"entity_id":"Q21287602","candidates":[]}],[{"start":0,"end":6,"url":null,"entity_id":"Q34","candidates":[]}],[{"start":0,"end":13,"url":null,"entity_id":"Q10406791","candidates":[]}]],[[{"start":0,"end":22,"url":null,"entity_id":"Q6452547","candidates":[]}],[{"start":0,"end":31,"url":null,"entity_id":"Q21287602","candidates":[]}],[{"start":0,"end":6,"url":null,"entity_id":"Q34","candidates":[]}],[{"start":0,"end":25,"url":null,"entity_id":"Q3595999","candidates":[]}]],[[{"start":0,"end":12,"url":null,"entity_id":"Q7386669","candidates":[]}],[{"start":0,"end":31,"url":null,"entity_id":"Q21287602","candidates":[]}],[{"start":0,"end":6,"url":null,"entity_id":"Q34","candidates":[]}],[{"start":0,"end":22,"url":null,"entity_id":"Q1726607","candidates":[]}]],[[{"start":0,"end":11,"url":null,"entity_id":"Q10466127","candidates":[]}],[{"start":0,"end":31,"url":null,"entity_id":"Q21287602","candidates":[]}],[{"start":0,"end":6,"url":null,"entity_id":"Q34","candidates":[]}],[{"start":0,"end":8,"url":null,"entity_id":"Q1363442","candidates":[]}]],[[{"start":0,"end":16,"url":null,"entity_id":"Q10430474","candidates":[]}],[{"start":0,"end":31,"url":null,"entity_id":"Q21287602","candidates":[]}],[{"start":0,"end":6,"url":null,"entity_id":"Q34","candidates":[]}],[{"start":0,"end":8,"url":null,"entity_id":"Q1363442","candidates":[]}]],[[{"start":0,"end":23,"url":null,"entity_id":"Q7944452","candidates":[]}],[{"start":0,"end":31,"url":null,"entity_id":"Q21287602","candidates":[]}],[{"start":0,"end":6,"url":null,"entity_id":"Q34","candidates":[]}],[{"start":0,"end":11,"url":null,"entity_id":"Q942468","candidates":[]}]],[[{"start":0,"end":34,"url":null,"entity_id":"Q7666312","candidates":[]}],[{"start":0,"end":31,"url":null,"entity_id":"Q21287602","candidates":[]}],[{"start":0,"end":6,"url":null,"entity_id":"Q34","candidates":[]}],[{"start":0,"end":16,"url":null,"entity_id":"Q714783","candidates":[]}]],[[{"start":0,"end":6,"url":null,"entity_id":"Q24576090","candidates":[]}],[{"start":0,"end":31,"url":null,"entity_id":"Q21287602","candidates":[]}],[{"start":0,"end":6,"url":null,"entity_id":"Q34","candidates":[]}],[{"start":0,"end":15,"url":null,"entity_id":"Q10714738","candidates":[]}]],[[{"start":0,"end":5,"url":null,"entity_id":"Q24576098","candidates":[]}],[{"start":0,"end":31,"url":null,"entity_id":"Q21287602","candidates":[]}],[{"start":0,"end":6,"url":null,"entity_id":"Q34","candidates":[]}],[{"start":0,"end":17,"url":null,"entity_id":"Q10712345","candidates":[]}]],[[{"start":0,"end":5,"url":null,"entity_id":"Q24701818","candidates":[]}],[{"start":0,"end":31,"url":null,"entity_id":"Q21287602","candidates":[]}],[{"start":0,"end":6,"url":null,"entity_id":"Q34","candidates":[]}],[{"start":0,"end":15,"url":null,"entity_id":"Q10670718","candidates":[]}]],[[{"start":0,"end":5,"url":null,"entity_id":"Q24576094","candidates":[]}],[{"start":0,"end":31,"url":null,"entity_id":"Q21287602","candidates":[]}],[{"start":0,"end":6,"url":null,"entity_id":"Q34","candidates":[]}],[{"start":0,"end":15,"url":null,"entity_id":"Q10670718","candidates":[]}]],[[{"start":0,"end":23,"url":null,"entity_id":"Q20010122","candidates":[]}],[{"start":0,"end":31,"url":null,"entity_id":"Q21287602","candidates":[]}],[{"start":0,"end":6,"url":null,"entity_id":"Q34","candidates":[]}],[{"start":0,"end":13,"url":null,"entity_id":"Q10661142","candidates":[]}]],[[{"start":0,"end":5,"url":null,"entity_id":"Q24576093","candidates":[]}],[{"start":0,"end":31,"url":null,"entity_id":"Q21287602","candidates":[]}],[{"start":0,"end":6,"url":null,"entity_id":"Q34","candidates":[]}],[{"start":0,"end":12,"url":null,"entity_id":"Q10428349","candidates":[]}]],[[{"start":0,"end":4,"url":null,"entity_id":"Q20665141","candidates":[]}],[{"start":0,"end":31,"url":null,"entity_id":"Q21287602","candidates":[]}],[{"start":0,"end":6,"url":null,"entity_id":"Q34","candidates":[]}],[{"start":0,"end":18,"url":null,"entity_id":"Q1781561","candidates":[]}]],[[{"start":0,"end":16,"url":null,"entity_id":"Q21162316","candidates":[]}],[{"start":0,"end":37,"url":null,"entity_id":"Q12312385","candidates":[]}],[{"start":0,"end":7,"url":null,"entity_id":"Q35","candidates":[]}],[{"start":0,"end":7,"url":null,"entity_id":"Q835708","candidates":[]}]],[[{"start":0,"end":18,"url":null,"entity_id":"Q21162313","candidates":[]}],[{"start":0,"end":37,"url":null,"entity_id":"Q12312385","candidates":[]}],[{"start":0,"end":7,"url":null,"entity_id":"Q35","candidates":[]}],[{"start":0,"end":7,"url":null,"entity_id":"Q835708","candidates":[]}]],[[{"start":0,"end":28,"url":null,"entity_id":"Q18332732","candidates":[]}],[{"start":0,"end":31,"url":null,"entity_id":"Q21287602","candidates":[]}],[{"start":0,"end":6,"url":null,"entity_id":"Q34","candidates":[]}],[{"start":0,"end":24,"url":null,"entity_id":"Q10568333","candidates":[]}]],[[{"start":0,"end":12,"url":null,"entity_id":"Q16268008","candidates":[]}],[{"start":0,"end":31,"url":null,"entity_id":"Q21287602","candidates":[]}],[{"start":0,"end":6,"url":null,"entity_id":"Q34","candidates":[]}],[{"start":0,"end":11,"url":null,"entity_id":"Q10527918","candidates":[]}]],[[{"start":0,"end":29,"url":null,"entity_id":"Q18290373","candidates":[]}],[{"start":0,"end":31,"url":null,"entity_id":"Q21287602","candidates":[]}],[{"start":0,"end":6,"url":null,"entity_id":"Q34","candidates":[]}],[{"start":0,"end":10,"url":null,"entity_id":"Q10512453","candidates":[]}]],[[{"start":0,"end":14,"url":null,"entity_id":"Q18333806","candidates":[]}],[{"start":0,"end":31,"url":null,"entity_id":"Q21287602","candidates":[]}],[{"start":0,"end":6,"url":null,"entity_id":"Q34","candidates":[]}],[{"start":0,"end":16,"url":null,"entity_id":"Q3364963","candidates":[]}]],[[{"start":0,"end":18,"url":null,"entity_id":"Q4994480","candidates":[]}],[{"start":0,"end":31,"url":null,"entity_id":"Q21287602","candidates":[]}],[{"start":0,"end":6,"url":null,"entity_id":"Q34","candidates":[]}],[{"start":0,"end":13,"url":null,"entity_id":"Q10715568","candidates":[]}]],[[{"start":0,"end":17,"url":null,"entity_id":"Q1616146","candidates":[]}],[{"start":0,"end":31,"url":null,"entity_id":"Q21287602","candidates":[]}],[{"start":0,"end":6,"url":null,"entity_id":"Q34","candidates":[]}],[{"start":0,"end":14,"url":null,"entity_id":"Q10712065","candidates":[]}]],[[{"start":0,"end":30,"url":null,"entity_id":"Q3802429","candidates":[]}],[{"start":0,"end":31,"url":null,"entity_id":"Q21287602","candidates":[]}],[{"start":0,"end":6,"url":null,"entity_id":"Q34","candidates":[]}],[{"start":0,"end":13,"url":null,"entity_id":"Q10692742","candidates":[]}]],[[{"start":0,"end":29,"url":null,"entity_id":"Q7899121","candidates":[]}],[{"start":0,"end":31,"url":null,"entity_id":"Q21287602","candidates":[]}],[{"start":0,"end":6,"url":null,"entity_id":"Q34","candidates":[]}],[{"start":0,"end":22,"url":null,"entity_id":"Q10527321","candidates":[]}]]]}