{"version":"1.2","table":{"version":"2","table_id":"1K47VLGF","columns":[{"index":0,"name":"col0","values":["Mount Fuji","Jezreel","Didi Abuli","Děvín","Veľký Choč","Mont Buet","Monte Cavo","Taburnus","Letná","Negoiu Peak","Chugush","Monte Soratte","Koshtan-Tau","Mont Beuvray","Tofane","Mount Elbrus","Aiguille Verte","Lauteraarhorn","Bristen","Bürgenstock"]},{"index":1,"name":"col1","values":["Japan","Israel","Georgia","Czech Republic","Slovakia","France","Italy","Italy","Czech Republic","Romania","Russia","Italy","Russia","France","Italy","Russia","France","Switzerland","Switzerland","Switzerland"]},{"index":2,"name":"col2","values":["Asia","Asia","Asia","Europe","Europe","Europe","Europe","Europe","Europe","Europe","Europe","Europe","Europe","Europe","Europe","Europe","Europe","Europe","Europe","Europe"]},{"index":3,"name":"col3","values":["Brockhaus and Efron Encyclopedic Dictionary","Paulys Realenzyklopädie der klassischen Altertumswissenschaft","Brockhaus and Efron Encyclopedic Dictionary","Vlastenský slovník historický","Brockhaus and Efron Encyclopedic Dictionary","Brockhaus and Efron Encyclopedic Dictionary","Paulys Realenzyklopädie der klassischen Altertumswissenschaft","Real'nyj slovar' klassicheskih drevnostej po Ljubkeru","Vlastenský slovník historický","New Encyclopedic Dictionary","Brockhaus and Efron Encyclopedic Dictionary","Brockhaus and Efron Encyclopedic Dictionary","Brockhaus and Efron Encyclopedic Dictionary","Brockhaus and Efron Encyclopedic Dictionary","Brockhaus and Efron Encyclopedic Dictionary","Ottův slovník naučný","Ottův slovník naučný","Svensk uppslagsbok","Brockhaus and Efron Encyclopedic Dictionary","Brockhaus and Efron Encyclopedic Dictionary"]}]},"context":{"page_title":null,"page_url":null,"page_entity_id":null,"content_hierarchy":[]},"links":[[[{"start":0,"end":7,"url":null,"entity_id":"Q2914898","candidates":[]}],[{"start":0,"end":6,"url":null,"entity_id":"Q801","candidates":[]}],[{"start":0,"end":4,"url":null,"entity_id":"Q48","candidates":[]}],[{"start":0,"end":61,"url":null,"entity_id":"Q1138524","candidates":[]}]],[[{"start":0,"end":10,"url":null,"entity_id":"Q3026890","candidates":[]}],[{"start":0,"end":7,"url":null,"entity_id":"Q230","candidates":[]}],[{"start":0,"end":4,"url":null,"entity_id":"Q48","candidates":[]}],[{"start":0,"end":43,"url":null,"entity_id":"Q602358","candidates":[]}]],[[{"start":0,"end":5,"url":null,"entity_id":"Q11863119","candidates":[]}],[{"start":0,"end":14,"url":null,"entity_id":"Q213","candidates":[]}],[{"start":0,"end":6,"url":null,"entity_id":"Q46","candidates":[]}],[{"start":0,"end":29,"url":null,"entity_id":"Q19538713","candidates":[]}]],[[{"start":0,"end":10,"url":null,"entity_id":"Q3506100","candidates":[]}],[{"start":0,"end":8,"url":null,"entity_id":"Q214","candidates":[]}],[{"start":0,"end":6,"url":null,"entity_id":"Q46","candidates":[]}],[{"start":0,"end":43,"url":null,"entity_id":"Q602358","candidates":[]}]],[[{"start":0,"end":9,"url":null,"entity_id":"Q3321720","candidates":[]}],[{"start":0,"end":6,"url":null,"entity_id":"Q142","candidates":[]}],[{"start":0,"end":6,"url":null,"entity_id":"Q46","candidates":[]}],[{"start":0,"end":43,"url":null,"entity_id":"Q602358","candidates":[]}]],[[{"start":0,"end":10,"url":null,"entity_id":"Q1729630","candidates":[]}],[{"start":0,"end":5,"url":null,"entity_id":"Q38","candidates":[]}],[{"start":0,"end":6,"url":null,"entity_id":"Q46","candidates":[]}],[{"start":0,"end":61,"url":null,"entity_id":"Q1138524","candidates":[]}]],[[{"start":0,"end":8,"url":null,"entity_id":"Q1088931","candidates":[]}],[{"start":0,"end":5,"url":null,"entity_id":"Q38","candidates":[]}],[{"start":0,"end":6,"url":null,"entity_id":"Q46","candidates":[]}],[{"start":0,"end":53,"url":null,"entity_id":"Q30059240","candidates":[]}]],[[{"start":0,"end":5,"url":null,"entity_id":"Q1126206","candidates":[]}],[{"start":0,"end":14,"url":null,"entity_id":"Q213","candidates":[]}],[{"start":0,"end":6,"url":null,"entity_id":"Q46","candidates":[]}],[{"start":0,"end":29,"url":null,"entity_id":"Q19538713","candidates":[]}]],[[{"start":0,"end":11,"url":null,"entity_id":"Q1090036","candidates":[]}],[{"start":0,"end":7,"url":null,"entity_id":"Q218","candidates":[]}],[{"start":0,"end":6,"url":null,"entity_id":"Q46","candidates":[]}],[{"start":0,"end":27,"url":null,"entity_id":"Q19190511","candidates":[]}]],[[{"start":0,"end":7,"url":null,"entity_id":"Q1971946","candidates":[]}],[{"start":0,"end":6,"url":null,"entity_id":"Q159","candidates":[]}],[{"start":0,"end":6,"url":null,"entity_id":"Q46","candidates":[]}],[{"start":0,"end":43,"url":null,"entity_id":"Q602358","candidates":[]}]],[[{"start":0,"end":13,"url":null,"entity_id":"Q1334215","candidates":[]}],[{"start":0,"end":5,"url":null,"entity_id":"Q38","candidates":[]}],[{"start":0,"end":6,"url":null,"entity_id":"Q46","candidates":[]}],[{"start":0,"end":43,"url":null,"entity_id":"Q602358","candidates":[]}]],[[{"start":0,"end":11,"url":null,"entity_id":"Q925592","candidates":[]}],[{"start":0,"end":6,"url":null,"entity_id":"Q159","candidates":[]}],[{"start":0,"end":6,"url":null,"entity_id":"Q46","candidates":[]}],[{"start":0,"end":43,"url":null,"entity_id":"Q602358","candidates":[]}]],[[{"start":0,"end":12,"url":null,"entity_id":"Q924562","candidates":[]}],[{"start":0,"end":6,"url":null,"entity_id":"Q142","candidates":[]}],[{"start":0,"end":6,"url":null,"entity_id":"Q46","candidates":[]}],[{"start":0,"end":43,"url":null,"entity_id":"Q602358","candidates":[]}]],[[{"start":0,"end":6,"url":null,"entity_id":"Q944214","candidates":[]}],[{"start":0,"end":5,"url":null,"entity_id":"Q38","candidates":[]}],[{"start":0,"end":6,"url":null,"entity_id":"Q46","candidates":[]}],[{"start":0,"end":43,"url":null,"entity_id":"Q602358","candidates":[]}]],[[{"start":0,"end":12,"url":null,"entity_id":"Q43105","candidates":[]}],[{"start":0,"end":6,"url":null,"entity_id":"Q159","candidates":[]}],[{"start":0,"end":6,"url":null,"entity_id":"Q46","candidates":[]}],[{"start":0,"end":20,"url":null,"entity_id":"Q2041543","candidates":[]}]],[[{"start":0,"end":14,"url":null,"entity_id":"Q30466","candidates":[]}],[{"start":0,"end":6,"url":null,"entity_id":"Q142","candidates":[]}],[{"start":0,"end":6,"url":null,"entity_id":"Q46","candidates":[]}],[{"start":0,"end":20,"url":null,"entity_id":"Q2041543","candidates":[]}]],[[{"start":0,"end":13,"url":null,"entity_id":"Q30499","candidates":[]}],[{"start":0,"end":11,"url":null,"entity_id":"Q39","candidates":[]}],[{"start":0,"end":6,"url":null,"entity_id":"Q46","candidates":[]}],[{"start":0,"end":18,"url":null,"entity_id":"Q1766280","candidates":[]}]],[[{"start":0,"end":7,"url":null,"entity_id":"Q43299","candidates":[]}],[{"start":0,"end":11,"url":null,"entity_id":"Q39","candidates":[]}],[{"start":0,"end":6,"url":null,"entity_id":"Q46","candidates":[]}],[{"start":0,"end":43,"url":null,"entity_id":"Q602358","candidates":[]}]],[[{"start":0,"end":11,"url":null,"entity_id":"Q43246","candidates":[]}],[{"start":0,"end":11,"url":null,"entity_id":"Q39","candidates":[]}],[{"start":0,"end":6,"url":null,"entity_id":"Q46","candidates":[]}],[{"start":0,"end":43,"url":null,"entity_id":"Q602358","candidates":[]}]],[[{"start":0,"end":10,"url":null,"entity_id":"Q39231","candidates":[]}],[{"start":0,"end":5,"url":null,"entity_id":"Q17","candidates":[]}],[{"start":0,"end":4,"url":null,"entity_id":"Q48","candidates":[]}],[{"start":0,"end":43,"url":null,"entity_id":"Q602358","candidates":[]}]]]}