{"version":"1.2","table":{"version":"2","table_id":"1LAPT872","columns":[{"index":0,"name":"col0","values":["Porta Venezia","Muiderpoort","Koepoort","Bab el-Marsa","Porte de Mérantais (Magny-les-Hameaux)","Paris Gate","Waterpoort","Porta Felice","Munttoren","Bab Dar Assinaa","St. Helen's Gate","Porta Nuova","Porta Volta","Bab Lamrissa","Haarlemmerpoort","Lublin Grodzka Gate","Porta Garibaldi","Gate of Peyrou","Porta Ticinese","Żuławska Gate in Gdańsk"]},{"index":1,"name":"col1","values":["Italian national heritage","Rijksmonument","Rijksmonument","Heritage of Portuguese Influence","registered historic monument","monument historique classé","Rijksmonument","Italian national heritage","Rijksmonument","Moroccan cultural heritage","Grade 1","Italian national heritage","Italian national heritage","Moroccan cultural heritage","Rijksmonument","object on the Polish cultural heritage register","Italian national heritage","registered historic monument","Italian national heritage","object on the Polish cultural heritage register"]},{"index":2,"name":"col2","values":["Rodolfo Vantini","Cornelis Rauws","Jan Peter van Baurscheit the Younger","Ahmed el Inglizi","Jules Hardouin Mansart","Simon Vollant","Thomas Romein","Mariano Smiriglio","Hendrick de Keyser","Mohamed Ben Ali","Charles François de Mondion","Giuseppe Zanoia","Cesare Beruto","Mohamed Ben Ali","Hendrick de Keyser","Domenico Merlini","Giacomo Moraglia","Augustin-Charles d'Aviler","Luigi Cagnola","Jan Strakowski"]}]},"context":{"page_title":null,"page_url":null,"page_entity_id":null,"content_hierarchy":[]},"links":[[[{"start":0,"end":11,"url":null,"entity_id":"Q1976404","candidates":[]}],[{"start":0,"end":13,"url":null,"entity_id":"Q916333","candidates":[]}],[{"start":0,"end":14,"url":null,"entity_id":"Q2688346","candidates":[]}]],[[{"start":0,"end":8,"url":null,"entity_id":"Q1994402","candidates":[]}],[{"start":0,"end":13,"url":null,"entity_id":"Q916333","candidates":[]}],[{"start":0,"end":36,"url":null,"entity_id":"Q2019596","candidates":[]}]],[[{"start":0,"end":12,"url":null,"entity_id":"Q20726168","candidates":[]}],[{"start":0,"end":32,"url":null,"entity_id":"Q40461605","candidates":[]}],[{"start":0,"end":16,"url":null,"entity_id":"Q748971","candidates":[]}]],[[{"start":0,"end":38,"url":null,"entity_id":"Q15953111","candidates":[]}],[{"start":0,"end":28,"url":null,"entity_id":"Q10387575","candidates":[]}],[{"start":0,"end":22,"url":null,"entity_id":"Q8053","candidates":[]}]],[[{"start":0,"end":10,"url":null,"entity_id":"Q1359548","candidates":[]}],[{"start":0,"end":26,"url":null,"entity_id":"Q10387684","candidates":[]}],[{"start":0,"end":13,"url":null,"entity_id":"Q3484470","candidates":[]}]],[[{"start":0,"end":10,"url":null,"entity_id":"Q1439345","candidates":[]}],[{"start":0,"end":13,"url":null,"entity_id":"Q916333","candidates":[]}],[{"start":0,"end":13,"url":null,"entity_id":"Q2381464","candidates":[]}]],[[{"start":0,"end":12,"url":null,"entity_id":"Q1574291","candidates":[]}],[{"start":0,"end":25,"url":null,"entity_id":"Q26971668","candidates":[]}],[{"start":0,"end":17,"url":null,"entity_id":"Q1897014","candidates":[]}]],[[{"start":0,"end":9,"url":null,"entity_id":"Q1429748","candidates":[]}],[{"start":0,"end":13,"url":null,"entity_id":"Q916333","candidates":[]}],[{"start":0,"end":18,"url":null,"entity_id":"Q525861","candidates":[]}]],[[{"start":0,"end":15,"url":null,"entity_id":"Q67195111","candidates":[]}],[{"start":0,"end":26,"url":null,"entity_id":"Q57338034","candidates":[]}],[{"start":0,"end":15,"url":null,"entity_id":"Q3318402","candidates":[]}]],[[{"start":0,"end":16,"url":null,"entity_id":"Q26953727","candidates":[]}],[{"start":0,"end":7,"url":null,"entity_id":"Q19718195","candidates":[]}],[{"start":0,"end":27,"url":null,"entity_id":"Q5077816","candidates":[]}]],[[{"start":0,"end":11,"url":null,"entity_id":"Q48800489","candidates":[]}],[{"start":0,"end":25,"url":null,"entity_id":"Q26971668","candidates":[]}],[{"start":0,"end":15,"url":null,"entity_id":"Q3108170","candidates":[]}]],[[{"start":0,"end":11,"url":null,"entity_id":"Q3879055","candidates":[]}],[{"start":0,"end":25,"url":null,"entity_id":"Q26971668","candidates":[]}],[{"start":0,"end":13,"url":null,"entity_id":"Q3665349","candidates":[]}]],[[{"start":0,"end":12,"url":null,"entity_id":"Q2389277","candidates":[]}],[{"start":0,"end":26,"url":null,"entity_id":"Q57338034","candidates":[]}],[{"start":0,"end":15,"url":null,"entity_id":"Q3318402","candidates":[]}]],[[{"start":0,"end":15,"url":null,"entity_id":"Q2343931","candidates":[]}],[{"start":0,"end":13,"url":null,"entity_id":"Q916333","candidates":[]}],[{"start":0,"end":18,"url":null,"entity_id":"Q525861","candidates":[]}]],[[{"start":0,"end":19,"url":null,"entity_id":"Q9178738","candidates":[]}],[{"start":0,"end":47,"url":null,"entity_id":"Q21438156","candidates":[]}],[{"start":0,"end":16,"url":null,"entity_id":"Q1237207","candidates":[]}]],[[{"start":0,"end":15,"url":null,"entity_id":"Q205844","candidates":[]}],[{"start":0,"end":25,"url":null,"entity_id":"Q26971668","candidates":[]}],[{"start":0,"end":16,"url":null,"entity_id":"Q3762192","candidates":[]}]],[[{"start":0,"end":14,"url":null,"entity_id":"Q832351","candidates":[]}],[{"start":0,"end":28,"url":null,"entity_id":"Q10387575","candidates":[]}],[{"start":0,"end":25,"url":null,"entity_id":"Q2871505","candidates":[]}]],[[{"start":0,"end":14,"url":null,"entity_id":"Q734204","candidates":[]}],[{"start":0,"end":25,"url":null,"entity_id":"Q26971668","candidates":[]}],[{"start":0,"end":13,"url":null,"entity_id":"Q1853227","candidates":[]}]],[[{"start":0,"end":23,"url":null,"entity_id":"Q933004","candidates":[]}],[{"start":0,"end":47,"url":null,"entity_id":"Q21438156","candidates":[]}],[{"start":0,"end":14,"url":null,"entity_id":"Q652166","candidates":[]}]],[[{"start":0,"end":13,"url":null,"entity_id":"Q2104876","candidates":[]}],[{"start":0,"end":25,"url":null,"entity_id":"Q26971668","candidates":[]}],[{"start":0,"end":15,"url":null,"entity_id":"Q3438269","candidates":[]}]]]}