{"version":"1.2","table":{"version":"2","table_id":"G1X41WLY","columns":[{"index":0,"name":"col0","values":["Havelland culture","Kura–Araxes culture","Mousterian","Aurignacian","Ahrensburg culture","Hamburg culture","Jōmon period","Yayoi period","Cernavodă culture","Khvalynsk culture","Lengyel culture","Vlaardingen culture","La Tène culture","Hallstatt culture","Lusatian culture","Urnfield culture","Trialeti culture","Ordos culture","Minoan civilization","Indus Valley Civilization","Harifian","Argaric culture","Koman culture","Elmenteitan","Bogaczewo-Kultur","Rössen culture","Sögel-Wohlde culture","Salzmünde group","Micoquien","Pavlovian culture","Varna culture","Tardenoisian","Karanovo culture","Esik Bes-Shatir Culture","Hunsrück-Eifel culture","Piliny culture","Körös culture","Oldowan","Tisza culture","Walternienburg-Bernburg Culture"]},{"index":1,"name":"col1","values":["Havelland","Kura River","Le Moustier","Aurignac","Ahrensburg","Hamburg","Jōmon Pottery","Yayoi","Cernavodă","Khvalynsk","Lengyel","Vlaardingen","La Tène","Hallstatt","Lusatia","urnfield","Trialeti","Ordos Desert","Minos","Indus River","Mount Harif","El Argar","Koman","Lake Elmenteita","Bogaczewo, Giżycko County","Rössen","Sögel","Salzmünde","La Micoque","Pavlov","Varna","Tardenois","Karanovo","Esik","Eifel","Piliny","Körös River","Olduvai Gorge","Tisza","Bernburg"]},{"index":2,"name":"col2","values":["Middle Neolithic","Early Bronze Age","Middle Paleolithic","Upper Paleolithic","Upper Paleolithic","Upper Paleolithic","history of Japan","history of Japan","Chalcolithic","Chalcolithic","Neolithic era","Neolithic era","Iron Age","Iron Age","Iron Age","Bronze Age","Bronze Age","Bronze Age","Bronze Age","Bronze Age","Epipaleolithic","Nordic Bronze Age","Early Middle Ages","Neolithic era","Iron Age","Middle Neolithic","Early Bronze Age","Funnelbeaker culture","Middle Paleolithic","Upper Paleolithic","Chalcolithic","Mesolithic","Neolithic era","Iron Age","Iron Age","Bronze Age","Starčevo–Kőrös–Criş culture","Lower Paleolithic","Late Neolithic","Late Neolithic"]}]},"context":{"page_title":null,"page_url":null,"page_entity_id":null,"content_hierarchy":[]},"links":[[[{"start":0,"end":19,"url":null,"entity_id":"Q169349","candidates":[]}],[{"start":0,"end":10,"url":null,"entity_id":"Q156557","candidates":[]}],[{"start":0,"end":16,"url":null,"entity_id":"Q1471923","candidates":[]}]],[[{"start":0,"end":10,"url":null,"entity_id":"Q259118","candidates":[]}],[{"start":0,"end":11,"url":null,"entity_id":"Q602572","candidates":[]}],[{"start":0,"end":18,"url":null,"entity_id":"Q626270","candidates":[]}]],[[{"start":0,"end":11,"url":null,"entity_id":"Q221901","candidates":[]}],[{"start":0,"end":8,"url":null,"entity_id":"Q679894","candidates":[]}],[{"start":0,"end":17,"url":null,"entity_id":"Q479505","candidates":[]}]],[[{"start":0,"end":18,"url":null,"entity_id":"Q402743","candidates":[]}],[{"start":0,"end":10,"url":null,"entity_id":"Q16104","candidates":[]}],[{"start":0,"end":17,"url":null,"entity_id":"Q479505","candidates":[]}]],[[{"start":0,"end":15,"url":null,"entity_id":"Q502702","candidates":[]}],[{"start":0,"end":7,"url":null,"entity_id":"Q1055","candidates":[]}],[{"start":0,"end":17,"url":null,"entity_id":"Q479505","candidates":[]}]],[[{"start":0,"end":12,"url":null,"entity_id":"Q52824","candidates":[]}],[{"start":0,"end":13,"url":null,"entity_id":"Q4390366","candidates":[]}],[{"start":0,"end":16,"url":null,"entity_id":"Q130436","candidates":[]}]],[[{"start":0,"end":12,"url":null,"entity_id":"Q207858","candidates":[]}],[{"start":0,"end":5,"url":null,"entity_id":"Q3117905","candidates":[]}],[{"start":0,"end":16,"url":null,"entity_id":"Q130436","candidates":[]}]],[[{"start":0,"end":17,"url":null,"entity_id":"Q575396","candidates":[]}],[{"start":0,"end":9,"url":null,"entity_id":"Q736276","candidates":[]}],[{"start":0,"end":12,"url":null,"entity_id":"Q130253","candidates":[]}]],[[{"start":0,"end":17,"url":null,"entity_id":"Q113965","candidates":[]}],[{"start":0,"end":9,"url":null,"entity_id":"Q197560","candidates":[]}],[{"start":0,"end":12,"url":null,"entity_id":"Q130253","candidates":[]}]],[[{"start":0,"end":15,"url":null,"entity_id":"Q668742","candidates":[]}],[{"start":0,"end":7,"url":null,"entity_id":"Q1027240","candidates":[]}],[{"start":0,"end":13,"url":null,"entity_id":"Q36422","candidates":[]}]],[[{"start":0,"end":19,"url":null,"entity_id":"Q378100","candidates":[]}],[{"start":0,"end":11,"url":null,"entity_id":"Q210007","candidates":[]}],[{"start":0,"end":13,"url":null,"entity_id":"Q36422","candidates":[]}]],[[{"start":0,"end":15,"url":null,"entity_id":"Q208247","candidates":[]}],[{"start":0,"end":7,"url":null,"entity_id":"Q176775","candidates":[]}],[{"start":0,"end":8,"url":null,"entity_id":"Q11764","candidates":[]}]],[[{"start":0,"end":17,"url":null,"entity_id":"Q202165","candidates":[]}],[{"start":0,"end":9,"url":null,"entity_id":"Q131633","candidates":[]}],[{"start":0,"end":8,"url":null,"entity_id":"Q11764","candidates":[]}]],[[{"start":0,"end":16,"url":null,"entity_id":"Q611017","candidates":[]}],[{"start":0,"end":7,"url":null,"entity_id":"Q32530","candidates":[]}],[{"start":0,"end":8,"url":null,"entity_id":"Q11764","candidates":[]}]],[[{"start":0,"end":16,"url":null,"entity_id":"Q223998","candidates":[]}],[{"start":0,"end":8,"url":null,"entity_id":"Q18088463","candidates":[]}],[{"start":0,"end":10,"url":null,"entity_id":"Q11761","candidates":[]}]],[[{"start":0,"end":16,"url":null,"entity_id":"Q169320","candidates":[]}],[{"start":0,"end":8,"url":null,"entity_id":"Q2556836","candidates":[]}],[{"start":0,"end":10,"url":null,"entity_id":"Q11761","candidates":[]}]],[[{"start":0,"end":13,"url":null,"entity_id":"Q127455","candidates":[]}],[{"start":0,"end":12,"url":null,"entity_id":"Q1670841","candidates":[]}],[{"start":0,"end":10,"url":null,"entity_id":"Q11761","candidates":[]}]],[[{"start":0,"end":19,"url":null,"entity_id":"Q134178","candidates":[]}],[{"start":0,"end":5,"url":null,"entity_id":"Q23168","candidates":[]}],[{"start":0,"end":10,"url":null,"entity_id":"Q11761","candidates":[]}]],[[{"start":0,"end":25,"url":null,"entity_id":"Q42534","candidates":[]}],[{"start":0,"end":11,"url":null,"entity_id":"Q7348","candidates":[]}],[{"start":0,"end":10,"url":null,"entity_id":"Q11761","candidates":[]}]],[[{"start":0,"end":8,"url":null,"entity_id":"Q4495960","candidates":[]}],[{"start":0,"end":11,"url":null,"entity_id":"Q2899908","candidates":[]}],[{"start":0,"end":14,"url":null,"entity_id":"Q829005","candidates":[]}]],[[{"start":0,"end":15,"url":null,"entity_id":"Q13409799","candidates":[]}],[{"start":0,"end":8,"url":null,"entity_id":"Q1323802","candidates":[]}],[{"start":0,"end":17,"url":null,"entity_id":"Q605601","candidates":[]}]],[[{"start":0,"end":13,"url":null,"entity_id":"Q16360834","candidates":[]}],[{"start":0,"end":5,"url":null,"entity_id":"Q6428105","candidates":[]}],[{"start":0,"end":17,"url":null,"entity_id":"Q202763","candidates":[]}]],[[{"start":0,"end":11,"url":null,"entity_id":"Q12103822","candidates":[]}],[{"start":0,"end":15,"url":null,"entity_id":"Q517633","candidates":[]}],[{"start":0,"end":13,"url":null,"entity_id":"Q36422","candidates":[]}]],[[{"start":0,"end":16,"url":null,"entity_id":"Q11750960","candidates":[]}],[{"start":0,"end":25,"url":null,"entity_id":"Q2908604","candidates":[]}],[{"start":0,"end":8,"url":null,"entity_id":"Q11764","candidates":[]}]],[[{"start":0,"end":14,"url":null,"entity_id":"Q1886212","candidates":[]}],[{"start":0,"end":6,"url":null,"entity_id":"Q977138","candidates":[]}],[{"start":0,"end":16,"url":null,"entity_id":"Q1527687","candidates":[]}]],[[{"start":0,"end":20,"url":null,"entity_id":"Q2379716","candidates":[]}],[{"start":0,"end":5,"url":null,"entity_id":"Q700831","candidates":[]}],[{"start":0,"end":16,"url":null,"entity_id":"Q1471923","candidates":[]}]],[[{"start":0,"end":15,"url":null,"entity_id":"Q2216194","candidates":[]}],[{"start":0,"end":9,"url":null,"entity_id":"Q699133","candidates":[]}],[{"start":0,"end":20,"url":null,"entity_id":"Q875115","candidates":[]}]],[[{"start":0,"end":9,"url":null,"entity_id":"Q1759091","candidates":[]}],[{"start":0,"end":10,"url":null,"entity_id":"Q975257","candidates":[]}],[{"start":0,"end":18,"url":null,"entity_id":"Q626270","candidates":[]}]],[[{"start":0,"end":17,"url":null,"entity_id":"Q2064825","candidates":[]}],[{"start":0,"end":6,"url":null,"entity_id":"Q667920","candidates":[]}],[{"start":0,"end":17,"url":null,"entity_id":"Q479505","candidates":[]}]],[[{"start":0,"end":13,"url":null,"entity_id":"Q1859432","candidates":[]}],[{"start":0,"end":5,"url":null,"entity_id":"Q6506","candidates":[]}],[{"start":0,"end":12,"url":null,"entity_id":"Q130253","candidates":[]}]],[[{"start":0,"end":12,"url":null,"entity_id":"Q1808482","candidates":[]}],[{"start":0,"end":9,"url":null,"entity_id":"Q3515632","candidates":[]}],[{"start":0,"end":10,"url":null,"entity_id":"Q44155","candidates":[]}]],[[{"start":0,"end":16,"url":null,"entity_id":"Q1728968","candidates":[]}],[{"start":0,"end":8,"url":null,"entity_id":"Q998136","candidates":[]}],[{"start":0,"end":13,"url":null,"entity_id":"Q36422","candidates":[]}]],[[{"start":0,"end":23,"url":null,"entity_id":"Q1688286","candidates":[]}],[{"start":0,"end":4,"url":null,"entity_id":"Q1688290","candidates":[]}],[{"start":0,"end":8,"url":null,"entity_id":"Q11764","candidates":[]}]],[[{"start":0,"end":22,"url":null,"entity_id":"Q1638026","candidates":[]}],[{"start":0,"end":5,"url":null,"entity_id":"Q152356","candidates":[]}],[{"start":0,"end":8,"url":null,"entity_id":"Q11764","candidates":[]}]],[[{"start":0,"end":14,"url":null,"entity_id":"Q2332687","candidates":[]}],[{"start":0,"end":6,"url":null,"entity_id":"Q1089207","candidates":[]}],[{"start":0,"end":10,"url":null,"entity_id":"Q11761","candidates":[]}]],[[{"start":0,"end":13,"url":null,"entity_id":"Q739604","candidates":[]}],[{"start":0,"end":11,"url":null,"entity_id":"Q833573","candidates":[]}],[{"start":0,"end":27,"url":null,"entity_id":"Q7602903","candidates":[]}]],[[{"start":0,"end":7,"url":null,"entity_id":"Q746287","candidates":[]}],[{"start":0,"end":13,"url":null,"entity_id":"Q217043","candidates":[]}],[{"start":0,"end":17,"url":null,"entity_id":"Q7463501","candidates":[]}]],[[{"start":0,"end":13,"url":null,"entity_id":"Q1041623","candidates":[]}],[{"start":0,"end":5,"url":null,"entity_id":"Q134350","candidates":[]}],[{"start":0,"end":14,"url":null,"entity_id":"Q2314809","candidates":[]}]],[[{"start":0,"end":31,"url":null,"entity_id":"Q871703","candidates":[]}],[{"start":0,"end":8,"url":null,"entity_id":"Q14938","candidates":[]}],[{"start":0,"end":14,"url":null,"entity_id":"Q2314809","candidates":[]}]],[[{"start":0,"end":17,"url":null,"entity_id":"Q260801","candidates":[]}],[{"start":0,"end":9,"url":null,"entity_id":"Q897270","candidates":[]}],[{"start":0,"end":16,"url":null,"entity_id":"Q1527687","candidates":[]}]]]}