{"version":"1.2","table":{"version":"2","table_id":"G29ANSJC","columns":[{"index":0,"name":"col0","values":["Brabantse Kouters","Land of Rijen","Noorderkempen","Rupelstreek","Voorkempen","Klein-Brabant","Waasland","Land of Aalst","Meetjesland","Westland","Bachten de Kupe","Leiestreek","West-Vlaams Heuvelland","Houtland","Midden-West-Vlaamse Heuvelrug","Brugse Ommeland","Veurne-Ambacht","De Polders","Kempens Plateau","De Wijers"]},{"index":1,"name":"col1","values":["Flemish Brabant","Antwerp","Antwerp","Antwerp","Antwerp","Antwerp","East Flanders","East Flanders","East Flanders","West Flanders","West Flanders","West Flanders","West Flanders","West Flanders","West Flanders","West Flanders","West Flanders","West Flanders","Limburg","Limburg"]},{"index":2,"name":"col2","values":["Belgium","Belgium","Belgium","Belgium","Belgium","Belgium","Belgium","Belgium","Belgium","Belgium","Belgium","Belgium","Belgium","Belgium","Belgium","Belgium","Belgium","Belgium","Belgium","Belgium"]}]},"context":{"page_title":null,"page_url":null,"page_entity_id":null,"content_hierarchy":[]},"links":[[[{"start":0,"end":13,"url":null,"entity_id":"Q2540746","candidates":[]}],[{"start":0,"end":7,"url":null,"entity_id":"Q1116","candidates":[]}],[{"start":0,"end":7,"url":null,"entity_id":"Q31","candidates":[]}]],[[{"start":0,"end":13,"url":null,"entity_id":"Q2471340","candidates":[]}],[{"start":0,"end":7,"url":null,"entity_id":"Q1116","candidates":[]}],[{"start":0,"end":7,"url":null,"entity_id":"Q31","candidates":[]}]],[[{"start":0,"end":11,"url":null,"entity_id":"Q2203509","candidates":[]}],[{"start":0,"end":7,"url":null,"entity_id":"Q1116","candidates":[]}],[{"start":0,"end":7,"url":null,"entity_id":"Q31","candidates":[]}]],[[{"start":0,"end":10,"url":null,"entity_id":"Q2180803","candidates":[]}],[{"start":0,"end":7,"url":null,"entity_id":"Q1116","candidates":[]}],[{"start":0,"end":7,"url":null,"entity_id":"Q31","candidates":[]}]],[[{"start":0,"end":13,"url":null,"entity_id":"Q1963500","candidates":[]}],[{"start":0,"end":7,"url":null,"entity_id":"Q1116","candidates":[]}],[{"start":0,"end":7,"url":null,"entity_id":"Q31","candidates":[]}]],[[{"start":0,"end":8,"url":null,"entity_id":"Q2465242","candidates":[]}],[{"start":0,"end":13,"url":null,"entity_id":"Q1114","candidates":[]}],[{"start":0,"end":7,"url":null,"entity_id":"Q31","candidates":[]}]],[[{"start":0,"end":13,"url":null,"entity_id":"Q2358281","candidates":[]}],[{"start":0,"end":13,"url":null,"entity_id":"Q1114","candidates":[]}],[{"start":0,"end":7,"url":null,"entity_id":"Q31","candidates":[]}]],[[{"start":0,"end":11,"url":null,"entity_id":"Q2224284","candidates":[]}],[{"start":0,"end":13,"url":null,"entity_id":"Q1114","candidates":[]}],[{"start":0,"end":7,"url":null,"entity_id":"Q31","candidates":[]}]],[[{"start":0,"end":8,"url":null,"entity_id":"Q2671144","candidates":[]}],[{"start":0,"end":13,"url":null,"entity_id":"Q1113","candidates":[]}],[{"start":0,"end":7,"url":null,"entity_id":"Q31","candidates":[]}]],[[{"start":0,"end":15,"url":null,"entity_id":"Q2660663","candidates":[]}],[{"start":0,"end":13,"url":null,"entity_id":"Q1113","candidates":[]}],[{"start":0,"end":7,"url":null,"entity_id":"Q31","candidates":[]}]],[[{"start":0,"end":10,"url":null,"entity_id":"Q2651128","candidates":[]}],[{"start":0,"end":13,"url":null,"entity_id":"Q1113","candidates":[]}],[{"start":0,"end":7,"url":null,"entity_id":"Q31","candidates":[]}]],[[{"start":0,"end":22,"url":null,"entity_id":"Q2541006","candidates":[]}],[{"start":0,"end":13,"url":null,"entity_id":"Q1113","candidates":[]}],[{"start":0,"end":7,"url":null,"entity_id":"Q31","candidates":[]}]],[[{"start":0,"end":8,"url":null,"entity_id":"Q2537617","candidates":[]}],[{"start":0,"end":13,"url":null,"entity_id":"Q1113","candidates":[]}],[{"start":0,"end":7,"url":null,"entity_id":"Q31","candidates":[]}]],[[{"start":0,"end":29,"url":null,"entity_id":"Q2514788","candidates":[]}],[{"start":0,"end":13,"url":null,"entity_id":"Q1113","candidates":[]}],[{"start":0,"end":7,"url":null,"entity_id":"Q31","candidates":[]}]],[[{"start":0,"end":15,"url":null,"entity_id":"Q2426633","candidates":[]}],[{"start":0,"end":13,"url":null,"entity_id":"Q1113","candidates":[]}],[{"start":0,"end":7,"url":null,"entity_id":"Q31","candidates":[]}]],[[{"start":0,"end":14,"url":null,"entity_id":"Q2390250","candidates":[]}],[{"start":0,"end":13,"url":null,"entity_id":"Q1113","candidates":[]}],[{"start":0,"end":7,"url":null,"entity_id":"Q31","candidates":[]}]],[[{"start":0,"end":10,"url":null,"entity_id":"Q1994070","candidates":[]}],[{"start":0,"end":13,"url":null,"entity_id":"Q1113","candidates":[]}],[{"start":0,"end":7,"url":null,"entity_id":"Q31","candidates":[]}]],[[{"start":0,"end":15,"url":null,"entity_id":"Q2437132","candidates":[]}],[{"start":0,"end":7,"url":null,"entity_id":"Q1095","candidates":[]}],[{"start":0,"end":7,"url":null,"entity_id":"Q31","candidates":[]}]],[[{"start":0,"end":9,"url":null,"entity_id":"Q2288974","candidates":[]}],[{"start":0,"end":7,"url":null,"entity_id":"Q1095","candidates":[]}],[{"start":0,"end":7,"url":null,"entity_id":"Q31","candidates":[]}]],[[{"start":0,"end":17,"url":null,"entity_id":"Q1841716","candidates":[]}],[{"start":0,"end":15,"url":null,"entity_id":"Q1118","candidates":[]}],[{"start":0,"end":7,"url":null,"entity_id":"Q31","candidates":[]}]]]}