{"version":"1.2","table":{"version":"2","table_id":"G480633O","columns":[{"index":0,"name":"col0","values":["Bloodshot","Captain Dynamo","I…Vampire","Byth","Apollo","Hermes","Zeus","Poseidon","Ares","Everyman","Secret","Supergirl","Miss Martian","T-3000","Superman","Martian Manhunter","Enchantress","Clayface","Gemini","Madame Rouge"]},{"index":1,"name":"col1","values":["Valiant Universe","Image Universe","DC Universe","DC Universe","DC Universe","DC Universe","DC Universe","DC Universe","DC Universe","DC Universe","DC Universe","DC Universe","DC Universe","Terminator","DC Universe","DC Universe","DC Universe","DC Universe","DC Universe","DC Universe"]},{"index":2,"name":"col2","values":["Unity","Dynamo 5","Justice League Dark","Wingmen of Thanagar","Olympian Gods","Olympian Gods","Olympian Gods","Olympian Gods","Olympian Gods","Infinity, Inc.","Young Justice","Teen Titans","Teen Titans","Cyberdyne Systems","All-Star Squadron","Justice League","Suicide Squad","Secret Society of Super Villains","Brotherhood of Evil","Brotherhood of Evil"]}]},"context":{"page_title":null,"page_url":null,"page_entity_id":null,"content_hierarchy":[]},"links":[[[{"start":0,"end":14,"url":null,"entity_id":"Q5036625","candidates":[]}],[{"start":0,"end":14,"url":null,"entity_id":"Q6002180","candidates":[]}],[{"start":0,"end":8,"url":null,"entity_id":"Q5319107","candidates":[]}]],[[{"start":0,"end":9,"url":null,"entity_id":"Q5942295","candidates":[]}],[{"start":0,"end":11,"url":null,"entity_id":"Q1152150","candidates":[]}],[{"start":0,"end":19,"url":null,"entity_id":"Q5230093","candidates":[]}]],[[{"start":0,"end":4,"url":null,"entity_id":"Q3543850","candidates":[]}],[{"start":0,"end":11,"url":null,"entity_id":"Q1152150","candidates":[]}],[{"start":0,"end":19,"url":null,"entity_id":"Q4020391","candidates":[]}]],[[{"start":0,"end":6,"url":null,"entity_id":"Q53672421","candidates":[]}],[{"start":0,"end":11,"url":null,"entity_id":"Q1152150","candidates":[]}],[{"start":0,"end":13,"url":null,"entity_id":"Q3012134","candidates":[]}]],[[{"start":0,"end":6,"url":null,"entity_id":"Q30602573","candidates":[]}],[{"start":0,"end":11,"url":null,"entity_id":"Q1152150","candidates":[]}],[{"start":0,"end":13,"url":null,"entity_id":"Q3012134","candidates":[]}]],[[{"start":0,"end":4,"url":null,"entity_id":"Q8069806","candidates":[]}],[{"start":0,"end":11,"url":null,"entity_id":"Q1152150","candidates":[]}],[{"start":0,"end":13,"url":null,"entity_id":"Q3012134","candidates":[]}]],[[{"start":0,"end":8,"url":null,"entity_id":"Q7232998","candidates":[]}],[{"start":0,"end":11,"url":null,"entity_id":"Q1152150","candidates":[]}],[{"start":0,"end":13,"url":null,"entity_id":"Q3012134","candidates":[]}]],[[{"start":0,"end":4,"url":null,"entity_id":"Q2426111","candidates":[]}],[{"start":0,"end":11,"url":null,"entity_id":"Q1152150","candidates":[]}],[{"start":0,"end":13,"url":null,"entity_id":"Q3012134","candidates":[]}]],[[{"start":0,"end":8,"url":null,"entity_id":"Q3549274","candidates":[]}],[{"start":0,"end":11,"url":null,"entity_id":"Q1152150","candidates":[]}],[{"start":0,"end":14,"url":null,"entity_id":"Q1748105","candidates":[]}]],[[{"start":0,"end":6,"url":null,"entity_id":"Q3954069","candidates":[]}],[{"start":0,"end":11,"url":null,"entity_id":"Q1152150","candidates":[]}],[{"start":0,"end":13,"url":null,"entity_id":"Q1670786","candidates":[]}]],[[{"start":0,"end":9,"url":null,"entity_id":"Q3977897","candidates":[]}],[{"start":0,"end":11,"url":null,"entity_id":"Q1152150","candidates":[]}],[{"start":0,"end":11,"url":null,"entity_id":"Q927354","candidates":[]}]],[[{"start":0,"end":12,"url":null,"entity_id":"Q3316564","candidates":[]}],[{"start":0,"end":11,"url":null,"entity_id":"Q1152150","candidates":[]}],[{"start":0,"end":11,"url":null,"entity_id":"Q927354","candidates":[]}]],[[{"start":0,"end":6,"url":null,"entity_id":"Q20648364","candidates":[]}],[{"start":0,"end":10,"url":null,"entity_id":"Q620588","candidates":[]}],[{"start":0,"end":17,"url":null,"entity_id":"Q899722","candidates":[]}]],[[{"start":0,"end":8,"url":null,"entity_id":"Q2428427","candidates":[]}],[{"start":0,"end":11,"url":null,"entity_id":"Q1152150","candidates":[]}],[{"start":0,"end":17,"url":null,"entity_id":"Q780667","candidates":[]}]],[[{"start":0,"end":17,"url":null,"entity_id":"Q675179","candidates":[]}],[{"start":0,"end":11,"url":null,"entity_id":"Q1152150","candidates":[]}],[{"start":0,"end":14,"url":null,"entity_id":"Q735744","candidates":[]}]],[[{"start":0,"end":11,"url":null,"entity_id":"Q5375407","candidates":[]}],[{"start":0,"end":11,"url":null,"entity_id":"Q1152150","candidates":[]}],[{"start":0,"end":13,"url":null,"entity_id":"Q616136","candidates":[]}]],[[{"start":0,"end":8,"url":null,"entity_id":"Q551747","candidates":[]}],[{"start":0,"end":11,"url":null,"entity_id":"Q1152150","candidates":[]}],[{"start":0,"end":32,"url":null,"entity_id":"Q600113","candidates":[]}]],[[{"start":0,"end":6,"url":null,"entity_id":"Q5530627","candidates":[]}],[{"start":0,"end":11,"url":null,"entity_id":"Q1152150","candidates":[]}],[{"start":0,"end":19,"url":null,"entity_id":"Q427903","candidates":[]}]],[[{"start":0,"end":12,"url":null,"entity_id":"Q3109628","candidates":[]}],[{"start":0,"end":11,"url":null,"entity_id":"Q1152150","candidates":[]}],[{"start":0,"end":19,"url":null,"entity_id":"Q427903","candidates":[]}]],[[{"start":0,"end":9,"url":null,"entity_id":"Q4928003","candidates":[]}],[{"start":0,"end":16,"url":null,"entity_id":"Q39072006","candidates":[]}],[{"start":0,"end":5,"url":null,"entity_id":"Q21160153","candidates":[]}]]]}