{"version":"1.2","table":{"version":"2","table_id":"G7HCTZO1","columns":[{"index":0,"name":"col0","values":["quai du Marché-Neuf","quai du Louvre","quai du Lot","quai des Orfèvres","quai des Célestins","quai de la Seine","quai de la Rapée","quai de la Mégisserie","quai de la Marne","quai de la Loire","quai de la Gironde","quai de la Garonne","quai de la Gare","quai de la Corse","quai de la Charente","quai de l'Oise","quai de l'Archevêché","quai de l'Hôtel-de-Ville","quai de l'Allier","quai de Valmy"]},{"index":1,"name":"col1","values":["155","80","345","366","400","850","890","315","610","850","740","140","240","280","790","650","100","535","370","1720"]},{"index":2,"name":"col2","values":["20","32.8","7.5","14","28","12","19","2320","14.3","12","5","20","16","15","12","14.3","22","32","6.5","11.5"]}]},"context":{"page_title":null,"page_url":null,"page_entity_id":null,"content_hierarchy":[]},"links":[[[{"start":0,"end":14,"url":null,"entity_id":"Q3412735","candidates":[]}],[],[]],[[{"start":0,"end":11,"url":null,"entity_id":"Q3412732","candidates":[]}],[],[]],[[{"start":0,"end":17,"url":null,"entity_id":"Q3412725","candidates":[]}],[],[]],[[{"start":0,"end":18,"url":null,"entity_id":"Q3412724","candidates":[]}],[],[]],[[{"start":0,"end":16,"url":null,"entity_id":"Q3412716","candidates":[]}],[],[]],[[{"start":0,"end":16,"url":null,"entity_id":"Q3412710","candidates":[]}],[],[]],[[{"start":0,"end":21,"url":null,"entity_id":"Q3412709","candidates":[]}],[],[]],[[{"start":0,"end":16,"url":null,"entity_id":"Q3412708","candidates":[]}],[],[]],[[{"start":0,"end":16,"url":null,"entity_id":"Q3412707","candidates":[]}],[],[]],[[{"start":0,"end":18,"url":null,"entity_id":"Q3412705","candidates":[]}],[],[]],[[{"start":0,"end":18,"url":null,"entity_id":"Q3412703","candidates":[]}],[],[]],[[{"start":0,"end":15,"url":null,"entity_id":"Q3412701","candidates":[]}],[],[]],[[{"start":0,"end":16,"url":null,"entity_id":"Q3412700","candidates":[]}],[],[]],[[{"start":0,"end":19,"url":null,"entity_id":"Q3412697","candidates":[]}],[],[]],[[{"start":0,"end":14,"url":null,"entity_id":"Q3412696","candidates":[]}],[],[]],[[{"start":0,"end":20,"url":null,"entity_id":"Q3412695","candidates":[]}],[],[]],[[{"start":0,"end":24,"url":null,"entity_id":"Q3412693","candidates":[]}],[],[]],[[{"start":0,"end":16,"url":null,"entity_id":"Q3412692","candidates":[]}],[],[]],[[{"start":0,"end":13,"url":null,"entity_id":"Q3412690","candidates":[]}],[],[]],[[{"start":0,"end":19,"url":null,"entity_id":"Q3412736","candidates":[]}],[],[]]]}