{"version":"1.2","table":{"version":"2","table_id":"G7HQIXJZ","columns":[{"index":0,"name":"col0","values":["Main Building","Beylerbeyi Palace","Adile Sultan Palace","Remuera Library","Neue Reichskanzlei","Ilion Music School","Agnes Blackadder Hall","Eiffel Building","Lijnbaansgracht 211-218","Doelenhuis","Tallinn Synagogue","Casino Kursaal Ostend","'t Groote Holt, Assen","Koestraat 80, Schoonhoven","246 Bath Street, St Matthew's Blythswood","Christ Church, Taitā","Insole Court","Maison du Roi","Clune Park Church","Chateau Bela"]},{"index":1,"name":"col1","values":["Philippines","Turkey","Turkey","New Zealand","Germany","Greece","United Kingdom","Brazil","Netherlands","Netherlands","Estonia","Belgium","Netherlands","Netherlands","United Kingdom","New Zealand","United Kingdom","Belgium","United Kingdom","Romania"]},{"index":2,"name":"col2","values":["University of Santo Tomas","Istanbul","Turkey","Remuera","Mitte","Ilion","St Andrews","São Paulo","Amsterdam-Centrum","Schoonhoven","Sadama","Ostend","Van der Feltzpark","Schoonhoven","Glasgow","Taitā","Llandaff","Pentagon","Port Glasgow","Finiș"]},{"index":3,"name":"col3","values":["Renaissance Revival architecture","Ottoman architecture","Ottoman architecture","Arts and Crafts movement","Nazi architecture","Modern Movement","Modern Movement","Modern Movement","Amsterdam School","Louis XVI style","Modern Movement","Modern Movement","eclecticism","eclecticism","Gothic Revival architecture","Gothic Revival architecture","Gothic Revival architecture","Gothic Revival architecture","Gothic Revival architecture","Gothic architecture"]}]},"context":{"page_title":null,"page_url":null,"page_entity_id":null,"content_hierarchy":[]},"links":[[[{"start":0,"end":17,"url":null,"entity_id":"Q794349","candidates":[]}],[{"start":0,"end":6,"url":null,"entity_id":"Q43","candidates":[]}],[{"start":0,"end":8,"url":null,"entity_id":"Q406","candidates":[]}],[{"start":0,"end":20,"url":null,"entity_id":"Q527449","candidates":[]}]],[[{"start":0,"end":19,"url":null,"entity_id":"Q3397413","candidates":[]}],[{"start":0,"end":6,"url":null,"entity_id":"Q43","candidates":[]}],[{"start":0,"end":6,"url":null,"entity_id":"Q43","candidates":[]}],[{"start":0,"end":20,"url":null,"entity_id":"Q527449","candidates":[]}]],[[{"start":0,"end":15,"url":null,"entity_id":"Q16899193","candidates":[]}],[{"start":0,"end":11,"url":null,"entity_id":"Q664","candidates":[]}],[{"start":0,"end":7,"url":null,"entity_id":"Q7312235","candidates":[]}],[{"start":0,"end":24,"url":null,"entity_id":"Q330369","candidates":[]}]],[[{"start":0,"end":18,"url":null,"entity_id":"Q14524204","candidates":[]}],[{"start":0,"end":7,"url":null,"entity_id":"Q183","candidates":[]}],[{"start":0,"end":5,"url":null,"entity_id":"Q2013767","candidates":[]}],[{"start":0,"end":17,"url":null,"entity_id":"Q287025","candidates":[]}]],[[{"start":0,"end":18,"url":null,"entity_id":"Q30524217","candidates":[]}],[{"start":0,"end":6,"url":null,"entity_id":"Q41","candidates":[]}],[{"start":0,"end":5,"url":null,"entity_id":"Q556471","candidates":[]}],[{"start":0,"end":15,"url":null,"entity_id":"Q245188","candidates":[]}]],[[{"start":0,"end":21,"url":null,"entity_id":"Q4693014","candidates":[]}],[{"start":0,"end":14,"url":null,"entity_id":"Q145","candidates":[]}],[{"start":0,"end":10,"url":null,"entity_id":"Q207736","candidates":[]}],[{"start":0,"end":15,"url":null,"entity_id":"Q245188","candidates":[]}]],[[{"start":0,"end":15,"url":null,"entity_id":"Q10270223","candidates":[]}],[{"start":0,"end":6,"url":null,"entity_id":"Q155","candidates":[]}],[{"start":0,"end":9,"url":null,"entity_id":"Q174","candidates":[]}],[{"start":0,"end":15,"url":null,"entity_id":"Q245188","candidates":[]}]],[[{"start":0,"end":23,"url":null,"entity_id":"Q30141566","candidates":[]}],[{"start":0,"end":11,"url":null,"entity_id":"Q55","candidates":[]}],[{"start":0,"end":17,"url":null,"entity_id":"Q478282","candidates":[]}],[{"start":0,"end":16,"url":null,"entity_id":"Q478742","candidates":[]}]],[[{"start":0,"end":10,"url":null,"entity_id":"Q2530285","candidates":[]}],[{"start":0,"end":11,"url":null,"entity_id":"Q55","candidates":[]}],[{"start":0,"end":11,"url":null,"entity_id":"Q478036","candidates":[]}],[{"start":0,"end":15,"url":null,"entity_id":"Q388587","candidates":[]}]],[[{"start":0,"end":17,"url":null,"entity_id":"Q2304576","candidates":[]}],[{"start":0,"end":7,"url":null,"entity_id":"Q191","candidates":[]}],[{"start":0,"end":6,"url":null,"entity_id":"Q2097437","candidates":[]}],[{"start":0,"end":15,"url":null,"entity_id":"Q245188","candidates":[]}]],[[{"start":0,"end":21,"url":null,"entity_id":"Q2516946","candidates":[]}],[{"start":0,"end":7,"url":null,"entity_id":"Q31","candidates":[]}],[{"start":0,"end":6,"url":null,"entity_id":"Q12996","candidates":[]}],[{"start":0,"end":15,"url":null,"entity_id":"Q245188","candidates":[]}]],[[{"start":0,"end":21,"url":null,"entity_id":"Q3481521","candidates":[]}],[{"start":0,"end":11,"url":null,"entity_id":"Q55","candidates":[]}],[{"start":0,"end":17,"url":null,"entity_id":"Q3192643","candidates":[]}],[{"start":0,"end":11,"url":null,"entity_id":"Q192068","candidates":[]}]],[[{"start":0,"end":25,"url":null,"entity_id":"Q2749518","candidates":[]}],[{"start":0,"end":11,"url":null,"entity_id":"Q55","candidates":[]}],[{"start":0,"end":11,"url":null,"entity_id":"Q478036","candidates":[]}],[{"start":0,"end":11,"url":null,"entity_id":"Q192068","candidates":[]}]],[[{"start":0,"end":40,"url":null,"entity_id":"Q17804573","candidates":[]}],[{"start":0,"end":14,"url":null,"entity_id":"Q145","candidates":[]}],[{"start":0,"end":7,"url":null,"entity_id":"Q4093","candidates":[]}],[{"start":0,"end":27,"url":null,"entity_id":"Q186363","candidates":[]}]],[[{"start":0,"end":20,"url":null,"entity_id":"Q5108718","candidates":[]}],[{"start":0,"end":11,"url":null,"entity_id":"Q664","candidates":[]}],[{"start":0,"end":5,"url":null,"entity_id":"Q7676505","candidates":[]}],[{"start":0,"end":27,"url":null,"entity_id":"Q186363","candidates":[]}]],[[{"start":0,"end":12,"url":null,"entity_id":"Q6038209","candidates":[]}],[{"start":0,"end":14,"url":null,"entity_id":"Q145","candidates":[]}],[{"start":0,"end":8,"url":null,"entity_id":"Q1244613","candidates":[]}],[{"start":0,"end":27,"url":null,"entity_id":"Q186363","candidates":[]}]],[[{"start":0,"end":13,"url":null,"entity_id":"Q14505682","candidates":[]}],[{"start":0,"end":7,"url":null,"entity_id":"Q31","candidates":[]}],[{"start":0,"end":8,"url":null,"entity_id":"Q18435290","candidates":[]}],[{"start":0,"end":27,"url":null,"entity_id":"Q186363","candidates":[]}]],[[{"start":0,"end":17,"url":null,"entity_id":"Q13444586","candidates":[]}],[{"start":0,"end":14,"url":null,"entity_id":"Q145","candidates":[]}],[{"start":0,"end":12,"url":null,"entity_id":"Q1786145","candidates":[]}],[{"start":0,"end":27,"url":null,"entity_id":"Q186363","candidates":[]}]],[[{"start":0,"end":12,"url":null,"entity_id":"Q2967850","candidates":[]}],[{"start":0,"end":7,"url":null,"entity_id":"Q218","candidates":[]}],[{"start":0,"end":5,"url":null,"entity_id":"Q1093260","candidates":[]}],[{"start":0,"end":19,"url":null,"entity_id":"Q176483","candidates":[]}]],[[{"start":0,"end":13,"url":null,"entity_id":"Q6735943","candidates":[]}],[{"start":0,"end":11,"url":null,"entity_id":"Q928","candidates":[]}],[{"start":0,"end":25,"url":null,"entity_id":"Q1401524","candidates":[]}],[{"start":0,"end":32,"url":null,"entity_id":"Q502163","candidates":[]}]]]}