{"version":"1.2","table":{"version":"2","table_id":"G9J1ABF2","columns":[{"index":0,"name":"col0","values":["Zarkora","Sound! Euphonium","Isekai Cheat Magician","Titan","Ryūō no Oshigoto!","Goblin Slayer","The Dreamblood","The Night Angel Trilogy","Cooking with Wild Game","Cold as Ice","Confederation series","The Clan Chronicles","Vatta's War","The War That Came Early","The Voyage of the Jerle Shannara trilogy","Outlander series","The Bane Chronicles","Ore ga Suki nano wa Imōto dakedo Imōto ja nai","Gamers!","Death March to the Parallel World Rhapsody"]},{"index":1,"name":"col1","values":["English","Japanese","Japanese","English","Japanese","Japanese","English","English","Japanese","American English","English","English","English","English","English","American English","English","Japanese","Japanese","Japanese"]},{"index":2,"name":"col2","values":["Hachette Australia","Takarajimasha","Shufunotomo","Pocket Books","SoftBank Creative","SoftBank Creative","Orbit Books","Orbit Books","Hobby Japan","Tor Books","DAW Books","DAW Books","Del Rey Books","Del Rey Books","Del Rey Books","Dell Publishing","Simon & Schuster","Fujimi Shobo","Fujimi Shobo","Fujimi Shobo"]}]},"context":{"page_title":null,"page_url":null,"page_entity_id":null,"content_hierarchy":[]},"links":[[[{"start":0,"end":16,"url":null,"entity_id":"Q18357843","candidates":[]}],[{"start":0,"end":8,"url":null,"entity_id":"Q5287","candidates":[]}],[{"start":0,"end":13,"url":null,"entity_id":"Q11452544","candidates":[]}]],[[{"start":0,"end":21,"url":null,"entity_id":"Q24247018","candidates":[]}],[{"start":0,"end":8,"url":null,"entity_id":"Q5287","candidates":[]}],[{"start":0,"end":11,"url":null,"entity_id":"Q11368743","candidates":[]}]],[[{"start":0,"end":5,"url":null,"entity_id":"Q17063038","candidates":[]}],[{"start":0,"end":7,"url":null,"entity_id":"Q1860","candidates":[]}],[{"start":0,"end":12,"url":null,"entity_id":"Q7206385","candidates":[]}]],[[{"start":0,"end":17,"url":null,"entity_id":"Q24868819","candidates":[]}],[{"start":0,"end":8,"url":null,"entity_id":"Q5287","candidates":[]}],[{"start":0,"end":17,"url":null,"entity_id":"Q5361952","candidates":[]}]],[[{"start":0,"end":13,"url":null,"entity_id":"Q24211279","candidates":[]}],[{"start":0,"end":8,"url":null,"entity_id":"Q5287","candidates":[]}],[{"start":0,"end":17,"url":null,"entity_id":"Q5361952","candidates":[]}]],[[{"start":0,"end":14,"url":null,"entity_id":"Q61061310","candidates":[]}],[{"start":0,"end":7,"url":null,"entity_id":"Q1860","candidates":[]}],[{"start":0,"end":11,"url":null,"entity_id":"Q3355196","candidates":[]}]],[[{"start":0,"end":23,"url":null,"entity_id":"Q7754058","candidates":[]}],[{"start":0,"end":7,"url":null,"entity_id":"Q1860","candidates":[]}],[{"start":0,"end":11,"url":null,"entity_id":"Q3355196","candidates":[]}]],[[{"start":0,"end":22,"url":null,"entity_id":"Q83591005","candidates":[]}],[{"start":0,"end":8,"url":null,"entity_id":"Q5287","candidates":[]}],[{"start":0,"end":11,"url":null,"entity_id":"Q3138899","candidates":[]}]],[[{"start":0,"end":11,"url":null,"entity_id":"Q19947378","candidates":[]}],[{"start":0,"end":16,"url":null,"entity_id":"Q7976","candidates":[]}],[{"start":0,"end":9,"url":null,"entity_id":"Q2647037","candidates":[]}]],[[{"start":0,"end":20,"url":null,"entity_id":"Q56760914","candidates":[]}],[{"start":0,"end":7,"url":null,"entity_id":"Q1860","candidates":[]}],[{"start":0,"end":9,"url":null,"entity_id":"Q2646630","candidates":[]}]],[[{"start":0,"end":19,"url":null,"entity_id":"Q55069564","candidates":[]}],[{"start":0,"end":7,"url":null,"entity_id":"Q1860","candidates":[]}],[{"start":0,"end":9,"url":null,"entity_id":"Q2646630","candidates":[]}]],[[{"start":0,"end":11,"url":null,"entity_id":"Q7917185","candidates":[]}],[{"start":0,"end":7,"url":null,"entity_id":"Q1860","candidates":[]}],[{"start":0,"end":13,"url":null,"entity_id":"Q2562301","candidates":[]}]],[[{"start":0,"end":23,"url":null,"entity_id":"Q7773487","candidates":[]}],[{"start":0,"end":7,"url":null,"entity_id":"Q1860","candidates":[]}],[{"start":0,"end":13,"url":null,"entity_id":"Q2562301","candidates":[]}]],[[{"start":0,"end":40,"url":null,"entity_id":"Q7773122","candidates":[]}],[{"start":0,"end":7,"url":null,"entity_id":"Q1860","candidates":[]}],[{"start":0,"end":13,"url":null,"entity_id":"Q2562301","candidates":[]}]],[[{"start":0,"end":16,"url":null,"entity_id":"Q18153036","candidates":[]}],[{"start":0,"end":16,"url":null,"entity_id":"Q7976","candidates":[]}],[{"start":0,"end":15,"url":null,"entity_id":"Q2075464","candidates":[]}]],[[{"start":0,"end":19,"url":null,"entity_id":"Q10695388","candidates":[]}],[{"start":0,"end":7,"url":null,"entity_id":"Q1860","candidates":[]}],[{"start":0,"end":16,"url":null,"entity_id":"Q1756332","candidates":[]}]],[[{"start":0,"end":45,"url":null,"entity_id":"Q42298146","candidates":[]}],[{"start":0,"end":8,"url":null,"entity_id":"Q5287","candidates":[]}],[{"start":0,"end":12,"url":null,"entity_id":"Q1357695","candidates":[]}]],[[{"start":0,"end":7,"url":null,"entity_id":"Q27731433","candidates":[]}],[{"start":0,"end":8,"url":null,"entity_id":"Q5287","candidates":[]}],[{"start":0,"end":12,"url":null,"entity_id":"Q1357695","candidates":[]}]],[[{"start":0,"end":42,"url":null,"entity_id":"Q21015467","candidates":[]}],[{"start":0,"end":8,"url":null,"entity_id":"Q5287","candidates":[]}],[{"start":0,"end":12,"url":null,"entity_id":"Q1357695","candidates":[]}]],[[{"start":0,"end":7,"url":null,"entity_id":"Q28403005","candidates":[]}],[{"start":0,"end":7,"url":null,"entity_id":"Q1860","candidates":[]}],[{"start":0,"end":18,"url":null,"entity_id":"Q42398483","candidates":[]}]]]}