{"version":"1.2","table":{"version":"2","table_id":"GA6TKW42","columns":[{"index":0,"name":"col0","values":["Cyklon","Black Prince Motors Ltd.","Cito Fahrradwerke","D-Rad","Boss Hoss Cycles","Česká zbrojovka Strakonice","Boge Kompressoren","Durkopp Adler","Kreidler","Miele","Arimofa","Möve","Magna PT","Hirth","Express Werke","Gritzner motorcycles","ILO-Motorenwerke","Hercules","Tornax","Münch"]},{"index":1,"name":"col1","values":["1900-01-01","1920-01-01","1896-01-01","1925-01-01","1990-01-01","1936-01-01","1907-01-01","1860-01-01","1904-01-01","1899-07-01","1921-01-01","1897-01-01","1935-01-01","1974-01-01","1884-01-12","1872-01-01","1911-01-01","1886-01-01","1925-01-01","1966-01-01"]},{"index":2,"name":"col2","values":["German Reich","United Kingdom of Great Britain and Ireland","German Empire","Weimar Republic","Tennessee","Czech Republic","Germany","Germany","Germany","Germany","Germany","Germany","Germany","Germany","Germany","Germany","Germany","Germany","Germany","Germany"]}]},"context":{"page_title":null,"page_url":null,"page_entity_id":null,"content_hierarchy":[]},"links":[[[{"start":0,"end":24,"url":null,"entity_id":"Q880474","candidates":[]}],[],[{"start":0,"end":43,"url":null,"entity_id":"Q174193","candidates":[]}]],[[{"start":0,"end":17,"url":null,"entity_id":"Q1093451","candidates":[]}],[],[{"start":0,"end":13,"url":null,"entity_id":"Q43287","candidates":[]}]],[[{"start":0,"end":5,"url":null,"entity_id":"Q320058","candidates":[]}],[],[{"start":0,"end":15,"url":null,"entity_id":"Q41304","candidates":[]}]],[[{"start":0,"end":16,"url":null,"entity_id":"Q260345","candidates":[]}],[],[{"start":0,"end":9,"url":null,"entity_id":"Q1509","candidates":[]}]],[[{"start":0,"end":26,"url":null,"entity_id":"Q341139","candidates":[]}],[],[{"start":0,"end":14,"url":null,"entity_id":"Q213","candidates":[]}]],[[{"start":0,"end":17,"url":null,"entity_id":"Q890472","candidates":[]}],[],[{"start":0,"end":7,"url":null,"entity_id":"Q183","candidates":[]}]],[[{"start":0,"end":13,"url":null,"entity_id":"Q879289","candidates":[]}],[],[{"start":0,"end":7,"url":null,"entity_id":"Q183","candidates":[]}]],[[{"start":0,"end":8,"url":null,"entity_id":"Q832249","candidates":[]}],[],[{"start":0,"end":7,"url":null,"entity_id":"Q183","candidates":[]}]],[[{"start":0,"end":5,"url":null,"entity_id":"Q695230","candidates":[]}],[],[{"start":0,"end":7,"url":null,"entity_id":"Q183","candidates":[]}]],[[{"start":0,"end":7,"url":null,"entity_id":"Q653840","candidates":[]}],[],[{"start":0,"end":7,"url":null,"entity_id":"Q183","candidates":[]}]],[[{"start":0,"end":4,"url":null,"entity_id":"Q646169","candidates":[]}],[],[{"start":0,"end":7,"url":null,"entity_id":"Q183","candidates":[]}]],[[{"start":0,"end":8,"url":null,"entity_id":"Q548212","candidates":[]}],[],[{"start":0,"end":7,"url":null,"entity_id":"Q183","candidates":[]}]],[[{"start":0,"end":5,"url":null,"entity_id":"Q480302","candidates":[]}],[],[{"start":0,"end":7,"url":null,"entity_id":"Q183","candidates":[]}]],[[{"start":0,"end":13,"url":null,"entity_id":"Q321316","candidates":[]}],[],[{"start":0,"end":7,"url":null,"entity_id":"Q183","candidates":[]}]],[[{"start":0,"end":20,"url":null,"entity_id":"Q320635","candidates":[]}],[],[{"start":0,"end":7,"url":null,"entity_id":"Q183","candidates":[]}]],[[{"start":0,"end":16,"url":null,"entity_id":"Q318937","candidates":[]}],[],[{"start":0,"end":7,"url":null,"entity_id":"Q183","candidates":[]}]],[[{"start":0,"end":8,"url":null,"entity_id":"Q314803","candidates":[]}],[],[{"start":0,"end":7,"url":null,"entity_id":"Q183","candidates":[]}]],[[{"start":0,"end":6,"url":null,"entity_id":"Q314437","candidates":[]}],[],[{"start":0,"end":7,"url":null,"entity_id":"Q183","candidates":[]}]],[[{"start":0,"end":5,"url":null,"entity_id":"Q314226","candidates":[]}],[],[{"start":0,"end":7,"url":null,"entity_id":"Q183","candidates":[]}]],[[{"start":0,"end":6,"url":null,"entity_id":"Q1147736","candidates":[]}],[],[{"start":0,"end":12,"url":null,"entity_id":"Q1206012","candidates":[]}]]]}