{"version":"1.2","table":{"version":"2","table_id":"GAZ1RNJL","columns":[{"index":0,"name":"col0","values":["Gmina Kamienica","Gmina Mokrsko","Gmina Platerówka","Gmina Dziemiany","Gmina Głowno","Gmina Magnuszew","Gmina Rusinów","Gmina Trzcianne","Gmina Skrzyszów","Gmina Spytkowice, Wadowice County","Gmina Sadkowice","Gmina Sękowa","Gmina Raciechowice","Gmina Rzeczyca","Gmina Czerniewice","Gmina Tymbark","Gmina Nur","Gmina Tomaszów Lubelski","Gmina Fajsławice","Gmina Brodnica, Kuyavian-Pomeranian Voivodeship","Gmina Lipinki Łużyckie","Gmina Markowa","Gmina Wielopole Skrzyńskie"]},{"index":1,"name":"col1","values":["Limanowa County","Wieluń County","Lubań County","Kościerzyna County","Zgierz County","Kozienice County","Przysucha County","Mońki County","Tarnów County","Wadowice County","Rawa County","Gorlice County","Myślenice County","Tomaszów Mazowiecki County","Tomaszów Mazowiecki County","Limanowa County","Ostrów Mazowiecka County","Tomaszów Lubelski County","Krasnystaw County","Brodnica County","Żary County","Łańcut County","Ropczyce-Sędziszów County"]},{"index":2,"name":"col2","values":["7227","5452","1739","4029","5034","6619","4451","4584","13399","9282","5687","4743","6022","5041","5144","6192","3020","10909","5099","7969","3247","6607","8415"]},{"index":3,"name":"col3","values":["96.11","77.75","47.94","124.97","104.45","140.92","82.93","331.64","86.23","47.03","121.08","194.75","60.97","108.29","127.73","32.7","102.85","170.78","70.69","126.96","88.55","68.46","93.41"]}]},"context":{"page_title":null,"page_url":null,"page_entity_id":null,"content_hierarchy":[]},"links":[[[{"start":0,"end":13,"url":null,"entity_id":"Q2460349","candidates":[]}],[{"start":0,"end":13,"url":null,"entity_id":"Q1144100","candidates":[]}],[],[]],[[{"start":0,"end":16,"url":null,"entity_id":"Q2460056","candidates":[]}],[{"start":0,"end":12,"url":null,"entity_id":"Q687757","candidates":[]}],[],[]],[[{"start":0,"end":15,"url":null,"entity_id":"Q2176891","candidates":[]}],[{"start":0,"end":18,"url":null,"entity_id":"Q1145214","candidates":[]}],[],[]],[[{"start":0,"end":12,"url":null,"entity_id":"Q2221466","candidates":[]}],[{"start":0,"end":13,"url":null,"entity_id":"Q1125855","candidates":[]}],[],[]],[[{"start":0,"end":15,"url":null,"entity_id":"Q2187483","candidates":[]}],[{"start":0,"end":16,"url":null,"entity_id":"Q947574","candidates":[]}],[],[]],[[{"start":0,"end":13,"url":null,"entity_id":"Q2176459","candidates":[]}],[{"start":0,"end":16,"url":null,"entity_id":"Q936235","candidates":[]}],[],[]],[[{"start":0,"end":15,"url":null,"entity_id":"Q2172239","candidates":[]}],[{"start":0,"end":12,"url":null,"entity_id":"Q615905","candidates":[]}],[],[]],[[{"start":0,"end":15,"url":null,"entity_id":"Q2442302","candidates":[]}],[{"start":0,"end":13,"url":null,"entity_id":"Q1340642","candidates":[]}],[],[]],[[{"start":0,"end":33,"url":null,"entity_id":"Q2459091","candidates":[]}],[{"start":0,"end":15,"url":null,"entity_id":"Q1340573","candidates":[]}],[],[]],[[{"start":0,"end":15,"url":null,"entity_id":"Q2459571","candidates":[]}],[{"start":0,"end":11,"url":null,"entity_id":"Q1143041","candidates":[]}],[],[]],[[{"start":0,"end":12,"url":null,"entity_id":"Q2459607","candidates":[]}],[{"start":0,"end":14,"url":null,"entity_id":"Q970547","candidates":[]}],[],[]],[[{"start":0,"end":18,"url":null,"entity_id":"Q2459861","candidates":[]}],[{"start":0,"end":16,"url":null,"entity_id":"Q959228","candidates":[]}],[],[]],[[{"start":0,"end":14,"url":null,"entity_id":"Q2459493","candidates":[]}],[{"start":0,"end":26,"url":null,"entity_id":"Q606486","candidates":[]}],[],[]],[[{"start":0,"end":17,"url":null,"entity_id":"Q2437662","candidates":[]}],[{"start":0,"end":26,"url":null,"entity_id":"Q606486","candidates":[]}],[],[]],[[{"start":0,"end":13,"url":null,"entity_id":"Q2090400","candidates":[]}],[{"start":0,"end":15,"url":null,"entity_id":"Q1340585","candidates":[]}],[],[]],[[{"start":0,"end":9,"url":null,"entity_id":"Q1957582","candidates":[]}],[{"start":0,"end":24,"url":null,"entity_id":"Q1135401","candidates":[]}],[],[]],[[{"start":0,"end":23,"url":null,"entity_id":"Q2107658","candidates":[]}],[{"start":0,"end":24,"url":null,"entity_id":"Q913630","candidates":[]}],[],[]],[[{"start":0,"end":16,"url":null,"entity_id":"Q1998673","candidates":[]}],[{"start":0,"end":17,"url":null,"entity_id":"Q772111","candidates":[]}],[],[]],[[{"start":0,"end":47,"url":null,"entity_id":"Q2108657","candidates":[]}],[{"start":0,"end":15,"url":null,"entity_id":"Q552043","candidates":[]}],[],[]],[[{"start":0,"end":22,"url":null,"entity_id":"Q2058240","candidates":[]}],[{"start":0,"end":11,"url":null,"entity_id":"Q318459","candidates":[]}],[],[]],[[{"start":0,"end":13,"url":null,"entity_id":"Q2325822","candidates":[]}],[{"start":0,"end":13,"url":null,"entity_id":"Q1340547","candidates":[]}],[],[]],[[{"start":0,"end":26,"url":null,"entity_id":"Q2324466","candidates":[]}],[{"start":0,"end":25,"url":null,"entity_id":"Q1335538","candidates":[]}],[],[]],[[{"start":0,"end":15,"url":null,"entity_id":"Q2461186","candidates":[]}],[{"start":0,"end":15,"url":null,"entity_id":"Q1340585","candidates":[]}],[],[]]]}