{"version":"1.2","table":{"version":"2","table_id":"GFBHPG21","columns":[{"index":0,"name":"col0","values":["Orangery And Garden Walls About 200 Yards North Of Hagley Hall","Orangery","Orangery, 25 Yards To East Of Shockerwick House","Margam Orangery","Orangery North East Of Woodfold Hall","Orangery And Walled Garden At Rear Of Ammerdown House","Orangery At Langtons","Former Orangery Portico To North Of Comins House","Orangery To The North East Of Langford Court","Stable Block Including Orangery","Orangery In Grounds Of Garrick's Villa","Linneanum","Orangery At The Island","Orangery 200 Yards North North East Of Craycombe House","Orangery About 150 Yards North East Of Downton Castle","The Palm House Or Orangery","Orangery And Attached Game Larder Approximately 20 Metres South West Of Bulwick Hall","The Orangery","Orangery At Beeston Hall","Orangery And Wall And Outbuildings 90 Metres East Of Hopton Court"]},{"index":1,"name":"col1","values":["Grade II listed building","Grade II listed building","Grade II listed building","Grade I listed building","Grade II listed building","Grade II* listed building or structure","Grade II listed building","Grade II listed building","Grade II listed building","Grade I listed building","Grade II listed building","governmental listed building","Grade II listed building","Grade II listed building","Grade II listed building","Grade II listed building","Grade II listed building","Grade II listed building","Grade II listed building","Grade II* listed building or structure"]},{"index":2,"name":"col2","values":["Hagley","Trafford","Bathford","Neath Port Talbot County Borough","Mellor","Mendip","London Borough of Havering","London Borough of Lambeth","North Somerset","Newport","London Borough of Richmond upon Thames","Uppsala","Surrey","Worcestershire","Herefordshire","Northamptonshire","Northamptonshire","Norfolk","Norfolk","Shropshire"]}]},"context":{"page_title":null,"page_url":null,"page_entity_id":null,"content_hierarchy":[]},"links":[[[{"start":0,"end":8,"url":null,"entity_id":"Q26320726","candidates":[]}],[{"start":0,"end":24,"url":null,"entity_id":"Q15700834","candidates":[]}],[{"start":0,"end":8,"url":null,"entity_id":"Q915954","candidates":[]}]],[[{"start":0,"end":47,"url":null,"entity_id":"Q26409043","candidates":[]}],[{"start":0,"end":24,"url":null,"entity_id":"Q15700834","candidates":[]}],[{"start":0,"end":8,"url":null,"entity_id":"Q753547","candidates":[]}]],[[{"start":0,"end":15,"url":null,"entity_id":"Q17742057","candidates":[]}],[{"start":0,"end":23,"url":null,"entity_id":"Q15700818","candidates":[]}],[{"start":0,"end":32,"url":null,"entity_id":"Q748078","candidates":[]}]],[[{"start":0,"end":36,"url":null,"entity_id":"Q26327490","candidates":[]}],[{"start":0,"end":24,"url":null,"entity_id":"Q15700834","candidates":[]}],[{"start":0,"end":6,"url":null,"entity_id":"Q742852","candidates":[]}]],[[{"start":0,"end":53,"url":null,"entity_id":"Q17552803","candidates":[]}],[{"start":0,"end":38,"url":null,"entity_id":"Q15700831","candidates":[]}],[{"start":0,"end":6,"url":null,"entity_id":"Q657798","candidates":[]}]],[[{"start":0,"end":20,"url":null,"entity_id":"Q26353912","candidates":[]}],[{"start":0,"end":24,"url":null,"entity_id":"Q15700834","candidates":[]}],[{"start":0,"end":26,"url":null,"entity_id":"Q215038","candidates":[]}]],[[{"start":0,"end":48,"url":null,"entity_id":"Q26321536","candidates":[]}],[{"start":0,"end":24,"url":null,"entity_id":"Q15700834","candidates":[]}],[{"start":0,"end":25,"url":null,"entity_id":"Q202059","candidates":[]}]],[[{"start":0,"end":44,"url":null,"entity_id":"Q26422013","candidates":[]}],[{"start":0,"end":24,"url":null,"entity_id":"Q15700834","candidates":[]}],[{"start":0,"end":14,"url":null,"entity_id":"Q178196","candidates":[]}]],[[{"start":0,"end":31,"url":null,"entity_id":"Q17742086","candidates":[]}],[{"start":0,"end":23,"url":null,"entity_id":"Q15700818","candidates":[]}],[{"start":0,"end":7,"url":null,"entity_id":"Q101254","candidates":[]}]],[[{"start":0,"end":38,"url":null,"entity_id":"Q26318534","candidates":[]}],[{"start":0,"end":24,"url":null,"entity_id":"Q15700834","candidates":[]}],[{"start":0,"end":38,"url":null,"entity_id":"Q32515","candidates":[]}]],[[{"start":0,"end":9,"url":null,"entity_id":"Q20730250","candidates":[]}],[{"start":0,"end":28,"url":null,"entity_id":"Q19845339","candidates":[]}],[{"start":0,"end":7,"url":null,"entity_id":"Q25286","candidates":[]}]],[[{"start":0,"end":22,"url":null,"entity_id":"Q26291781","candidates":[]}],[{"start":0,"end":24,"url":null,"entity_id":"Q15700834","candidates":[]}],[{"start":0,"end":6,"url":null,"entity_id":"Q23276","candidates":[]}]],[[{"start":0,"end":54,"url":null,"entity_id":"Q26290935","candidates":[]}],[{"start":0,"end":24,"url":null,"entity_id":"Q15700834","candidates":[]}],[{"start":0,"end":14,"url":null,"entity_id":"Q23135","candidates":[]}]],[[{"start":0,"end":53,"url":null,"entity_id":"Q26357571","candidates":[]}],[{"start":0,"end":24,"url":null,"entity_id":"Q15700834","candidates":[]}],[{"start":0,"end":13,"url":null,"entity_id":"Q23129","candidates":[]}]],[[{"start":0,"end":26,"url":null,"entity_id":"Q26293533","candidates":[]}],[{"start":0,"end":24,"url":null,"entity_id":"Q15700834","candidates":[]}],[{"start":0,"end":16,"url":null,"entity_id":"Q23115","candidates":[]}]],[[{"start":0,"end":84,"url":null,"entity_id":"Q26291958","candidates":[]}],[{"start":0,"end":24,"url":null,"entity_id":"Q15700834","candidates":[]}],[{"start":0,"end":16,"url":null,"entity_id":"Q23115","candidates":[]}]],[[{"start":0,"end":12,"url":null,"entity_id":"Q26303305","candidates":[]}],[{"start":0,"end":24,"url":null,"entity_id":"Q15700834","candidates":[]}],[{"start":0,"end":7,"url":null,"entity_id":"Q23109","candidates":[]}]],[[{"start":0,"end":24,"url":null,"entity_id":"Q26301917","candidates":[]}],[{"start":0,"end":24,"url":null,"entity_id":"Q15700834","candidates":[]}],[{"start":0,"end":7,"url":null,"entity_id":"Q23109","candidates":[]}]],[[{"start":0,"end":65,"url":null,"entity_id":"Q17551418","candidates":[]}],[{"start":0,"end":38,"url":null,"entity_id":"Q15700831","candidates":[]}],[{"start":0,"end":10,"url":null,"entity_id":"Q23103","candidates":[]}]],[[{"start":0,"end":62,"url":null,"entity_id":"Q26392202","candidates":[]}],[{"start":0,"end":24,"url":null,"entity_id":"Q15700834","candidates":[]}],[{"start":0,"end":6,"url":null,"entity_id":"Q1009859","candidates":[]}]]]}