{"version":"1.2","table":{"version":"2","table_id":"GKHVJR47","columns":[{"index":0,"name":"col0","values":["Pachuca","Puebla City","San Luis Potosí","Cuernavaca","Merida","Xalapa","Mexicali","La Paz","Hermosillo","Oaxaca de Juárez","Guadalajara","San Miguel de Allende","Actopan","Tuxtla Gutiérrez","Zacatecas","Papantla","Tecolutla","Orizaba","Huajuapan de León","Ciudad Hidalgo"]},{"index":1,"name":"col1","values":["Hidalgo","Puebla","Zacatecas Zacatecas","Morelos","Yucatán","Veracruz","Baja California","Baja California Sur","Sonora","Oaxaca","Jalisco","San Miguel de Allende","Actopan","Tuxtla Gutiérrez","Zacatecas","Papantla Municipality","Tecolutla Municipality","Orizaba Municipality","Huajuapan de León Municipality","Hidalgo"]},{"index":2,"name":"col2","values":["8034","546","1443.14","151.2","227.141","118.45","202","27","16.927","85.47","151.4","40.05","10.615","412.4","356.14","1199.26","471.31","27.97","361.06","1063.06"]}]},"context":{"page_title":null,"page_url":null,"page_entity_id":null,"content_hierarchy":[]},"links":[[[{"start":0,"end":11,"url":null,"entity_id":"Q125293","candidates":[]}],[{"start":0,"end":6,"url":null,"entity_id":"Q79923","candidates":[]}],[]],[[{"start":0,"end":15,"url":null,"entity_id":"Q204271","candidates":[]}],[{"start":0,"end":19,"url":null,"entity_id":"Q78980","candidates":[]}],[]],[[{"start":0,"end":10,"url":null,"entity_id":"Q204245","candidates":[]}],[{"start":0,"end":7,"url":null,"entity_id":"Q66117","candidates":[]}],[]],[[{"start":0,"end":6,"url":null,"entity_id":"Q165204","candidates":[]}],[{"start":0,"end":7,"url":null,"entity_id":"Q60176","candidates":[]}],[]],[[{"start":0,"end":6,"url":null,"entity_id":"Q221051","candidates":[]}],[{"start":0,"end":8,"url":null,"entity_id":"Q60130","candidates":[]}],[]],[[{"start":0,"end":8,"url":null,"entity_id":"Q199440","candidates":[]}],[{"start":0,"end":15,"url":null,"entity_id":"Q58731","candidates":[]}],[]],[[{"start":0,"end":6,"url":null,"entity_id":"Q214215","candidates":[]}],[{"start":0,"end":19,"url":null,"entity_id":"Q46508","candidates":[]}],[]],[[{"start":0,"end":10,"url":null,"entity_id":"Q189138","candidates":[]}],[{"start":0,"end":6,"url":null,"entity_id":"Q46422","candidates":[]}],[]],[[{"start":0,"end":16,"url":null,"entity_id":"Q131429","candidates":[]}],[{"start":0,"end":6,"url":null,"entity_id":"Q34110","candidates":[]}],[]],[[{"start":0,"end":11,"url":null,"entity_id":"Q9022","candidates":[]}],[{"start":0,"end":7,"url":null,"entity_id":"Q13160","candidates":[]}],[]],[[{"start":0,"end":21,"url":null,"entity_id":"Q753891","candidates":[]}],[{"start":0,"end":21,"url":null,"entity_id":"Q4063467","candidates":[]}],[]],[[{"start":0,"end":7,"url":null,"entity_id":"Q344513","candidates":[]}],[{"start":0,"end":7,"url":null,"entity_id":"Q3827542","candidates":[]}],[]],[[{"start":0,"end":16,"url":null,"entity_id":"Q207429","candidates":[]}],[{"start":0,"end":16,"url":null,"entity_id":"Q2002727","candidates":[]}],[]],[[{"start":0,"end":9,"url":null,"entity_id":"Q139242","candidates":[]}],[{"start":0,"end":9,"url":null,"entity_id":"Q80269","candidates":[]}],[]],[[{"start":0,"end":8,"url":null,"entity_id":"Q1962777","candidates":[]}],[{"start":0,"end":21,"url":null,"entity_id":"Q23677498","candidates":[]}],[]],[[{"start":0,"end":9,"url":null,"entity_id":"Q1675800","candidates":[]}],[{"start":0,"end":22,"url":null,"entity_id":"Q20270909","candidates":[]}],[]],[[{"start":0,"end":7,"url":null,"entity_id":"Q993904","candidates":[]}],[{"start":0,"end":20,"url":null,"entity_id":"Q20270903","candidates":[]}],[]],[[{"start":0,"end":17,"url":null,"entity_id":"Q1005759","candidates":[]}],[{"start":0,"end":30,"url":null,"entity_id":"Q5903850","candidates":[]}],[]],[[{"start":0,"end":14,"url":null,"entity_id":"Q1962248","candidates":[]}],[{"start":0,"end":7,"url":null,"entity_id":"Q4197829","candidates":[]}],[]],[[{"start":0,"end":7,"url":null,"entity_id":"Q160750","candidates":[]}],[{"start":0,"end":7,"url":null,"entity_id":"Q80903","candidates":[]}],[]]]}