{"version":"1.2","table":{"version":"2","table_id":"GL3DCCVU","columns":[{"index":0,"name":"col0","values":["Boat model-E 12027","Funerary model of a large boat and crew-E 32566","Boat model with owner holding a flower-E 284","Foreign prisoner-E 7691 C","Tablet of archives-AO 13322","Ithyphallic figure-E 27457","Offering carrier-E 10781","Head of a king-E 25480","Portrait of a man with a shaven head-E 10973","Statuette of a naked child-E 322","Man holding his cloth-E 14701","Feet of a statue of Didufri-E 12627","Neferrenpet-N 852","Penimen and two friends-N 435","Vase-AO 3151","Musée Saint-Raymond, 25791","Musée Saint-Raymond, 25613","Musée Saint-Raymond, 75 2 19","Belt buckle 85.1.1","Dagger with massive rivetted handle (2000.5.4)"]},{"index":1,"name":"col1","values":["Middle Kingdom of Egypt","Middle Kingdom of Egypt","Middle Kingdom of Egypt","New Kingdom of Egypt","Early Dynastic period","Naqada culture","Twelfth Dynasty of Egypt","Twenty-sixth Dynasty of Egypt","Thirtieth Dynasty of Egypt","Sixth Dynasty of Egypt","Sixth Dynasty of Egypt","Fourth Dynasty of Egypt","New Kingdom of Egypt","Nineteenth Dynasty of Egypt","Jemdet Nasr","ancient Rome","ancient Rome","Early Middle Ages","Early Middle Ages","Bronze Age"]},{"index":2,"name":"col2","values":["Department of Egyptian Antiquities of the Louvre","Department of Egyptian Antiquities of the Louvre","Department of Egyptian Antiquities of the Louvre","Department of Egyptian Antiquities of the Louvre","Department of Near Eastern Antiquities of the Louvre","Department of Egyptian Antiquities of the Louvre","Department of Egyptian Antiquities of the Louvre","Department of Egyptian Antiquities of the Louvre","Department of Egyptian Antiquities of the Louvre","Department of Egyptian Antiquities of the Louvre","Department of Egyptian Antiquities of the Louvre","Department of Egyptian Antiquities of the Louvre","Department of Egyptian Antiquities of the Louvre","Department of Egyptian Antiquities of the Louvre","Department of Near Eastern Antiquities of the Louvre","Musée Saint-Raymond","Musée Saint-Raymond","Musée Saint-Raymond","Musée Saint-Raymond","Musée Saint-Raymond"]}]},"context":{"page_title":null,"page_url":null,"page_entity_id":null,"content_hierarchy":[]},"links":[[[{"start":0,"end":47,"url":null,"entity_id":"Q87069484","candidates":[]}],[{"start":0,"end":23,"url":null,"entity_id":"Q191324","candidates":[]}],[{"start":0,"end":48,"url":null,"entity_id":"Q3044749","candidates":[]}]],[[{"start":0,"end":44,"url":null,"entity_id":"Q87067868","candidates":[]}],[{"start":0,"end":23,"url":null,"entity_id":"Q191324","candidates":[]}],[{"start":0,"end":48,"url":null,"entity_id":"Q3044749","candidates":[]}]],[[{"start":0,"end":25,"url":null,"entity_id":"Q65095536","candidates":[]}],[{"start":0,"end":20,"url":null,"entity_id":"Q180568","candidates":[]}],[{"start":0,"end":48,"url":null,"entity_id":"Q3044749","candidates":[]}]],[[{"start":0,"end":27,"url":null,"entity_id":"Q62027436","candidates":[]}],[{"start":0,"end":21,"url":null,"entity_id":"Q716742","candidates":[]}],[{"start":0,"end":52,"url":null,"entity_id":"Q3044751","candidates":[]}]],[[{"start":0,"end":26,"url":null,"entity_id":"Q58916946","candidates":[]}],[{"start":0,"end":14,"url":null,"entity_id":"Q753391","candidates":[]}],[{"start":0,"end":48,"url":null,"entity_id":"Q3044749","candidates":[]}]],[[{"start":0,"end":24,"url":null,"entity_id":"Q60461642","candidates":[]}],[{"start":0,"end":24,"url":null,"entity_id":"Q719639","candidates":[]}],[{"start":0,"end":48,"url":null,"entity_id":"Q3044749","candidates":[]}]],[[{"start":0,"end":22,"url":null,"entity_id":"Q60484964","candidates":[]}],[{"start":0,"end":29,"url":null,"entity_id":"Q662410","candidates":[]}],[{"start":0,"end":48,"url":null,"entity_id":"Q3044749","candidates":[]}]],[[{"start":0,"end":44,"url":null,"entity_id":"Q62027246","candidates":[]}],[{"start":0,"end":26,"url":null,"entity_id":"Q386303","candidates":[]}],[{"start":0,"end":48,"url":null,"entity_id":"Q3044749","candidates":[]}]],[[{"start":0,"end":32,"url":null,"entity_id":"Q60542459","candidates":[]}],[{"start":0,"end":22,"url":null,"entity_id":"Q269979","candidates":[]}],[{"start":0,"end":48,"url":null,"entity_id":"Q3044749","candidates":[]}]],[[{"start":0,"end":29,"url":null,"entity_id":"Q60460341","candidates":[]}],[{"start":0,"end":22,"url":null,"entity_id":"Q269979","candidates":[]}],[{"start":0,"end":48,"url":null,"entity_id":"Q3044749","candidates":[]}]],[[{"start":0,"end":35,"url":null,"entity_id":"Q60483720","candidates":[]}],[{"start":0,"end":23,"url":null,"entity_id":"Q211001","candidates":[]}],[{"start":0,"end":48,"url":null,"entity_id":"Q3044749","candidates":[]}]],[[{"start":0,"end":17,"url":null,"entity_id":"Q60540871","candidates":[]}],[{"start":0,"end":20,"url":null,"entity_id":"Q180568","candidates":[]}],[{"start":0,"end":48,"url":null,"entity_id":"Q3044749","candidates":[]}]],[[{"start":0,"end":29,"url":null,"entity_id":"Q60541210","candidates":[]}],[{"start":0,"end":27,"url":null,"entity_id":"Q157956","candidates":[]}],[{"start":0,"end":48,"url":null,"entity_id":"Q3044749","candidates":[]}]],[[{"start":0,"end":12,"url":null,"entity_id":"Q29001889","candidates":[]}],[{"start":0,"end":11,"url":null,"entity_id":"Q342799","candidates":[]}],[{"start":0,"end":52,"url":null,"entity_id":"Q3044751","candidates":[]}]],[[{"start":0,"end":26,"url":null,"entity_id":"Q28822749","candidates":[]}],[{"start":0,"end":12,"url":null,"entity_id":"Q1747689","candidates":[]}],[{"start":0,"end":19,"url":null,"entity_id":"Q1376","candidates":[]}]],[[{"start":0,"end":26,"url":null,"entity_id":"Q28803062","candidates":[]}],[{"start":0,"end":12,"url":null,"entity_id":"Q1747689","candidates":[]}],[{"start":0,"end":19,"url":null,"entity_id":"Q1376","candidates":[]}]],[[{"start":0,"end":28,"url":null,"entity_id":"Q28799994","candidates":[]}],[{"start":0,"end":17,"url":null,"entity_id":"Q202763","candidates":[]}],[{"start":0,"end":19,"url":null,"entity_id":"Q1376","candidates":[]}]],[[{"start":0,"end":18,"url":null,"entity_id":"Q28544915","candidates":[]}],[{"start":0,"end":17,"url":null,"entity_id":"Q202763","candidates":[]}],[{"start":0,"end":19,"url":null,"entity_id":"Q1376","candidates":[]}]],[[{"start":0,"end":46,"url":null,"entity_id":"Q28837154","candidates":[]}],[{"start":0,"end":10,"url":null,"entity_id":"Q11761","candidates":[]}],[{"start":0,"end":19,"url":null,"entity_id":"Q1376","candidates":[]}]],[[{"start":0,"end":18,"url":null,"entity_id":"Q87069508","candidates":[]}],[{"start":0,"end":23,"url":null,"entity_id":"Q191324","candidates":[]}],[{"start":0,"end":48,"url":null,"entity_id":"Q3044749","candidates":[]}]]]}