{"version":"1.2","table":{"version":"2","table_id":"GLSCO573","columns":[{"index":0,"name":"col0","values":["Verin Karmiraghbyur","Taperakan","Meghradzor","Jrashen","Merdzavan","Hovtashat","Karadzor","Ptghni","Geghasar","Dvin","Lchashen","Arevshat","Masis","Dprabak","Zovaber","Avshar","Irind","Ararat (village), Armenia","Aygepar","Aralez"]},{"index":1,"name":"col1","values":["1860-01-01","1932-01-01","1830-01-01","1914-01-01","1947-01-01","1831-01-01","1836-01-01","1831-01-01","1920-01-01","1831-01-01","1828-01-01","1831-01-01","1831-01-01","1778-01-01","1828-01-01","1831-01-01","1921-01-01","1828-01-01","1937-01-01","1831-01-01"]},{"index":2,"name":"col2","values":["1837","645","336","187","1624","406","124","92","916","183","4182","217","176","508","339","80","29","661","605","49"]}]},"context":{"page_title":null,"page_url":null,"page_entity_id":null,"content_hierarchy":[]},"links":[[[{"start":0,"end":9,"url":null,"entity_id":"Q431507","candidates":[]}],[],[]],[[{"start":0,"end":10,"url":null,"entity_id":"Q2222193","candidates":[]}],[],[]],[[{"start":0,"end":7,"url":null,"entity_id":"Q2222156","candidates":[]}],[],[]],[[{"start":0,"end":9,"url":null,"entity_id":"Q2222146","candidates":[]}],[],[]],[[{"start":0,"end":9,"url":null,"entity_id":"Q958476","candidates":[]}],[],[]],[[{"start":0,"end":8,"url":null,"entity_id":"Q955198","candidates":[]}],[],[]],[[{"start":0,"end":6,"url":null,"entity_id":"Q1920828","candidates":[]}],[],[]],[[{"start":0,"end":8,"url":null,"entity_id":"Q1920820","candidates":[]}],[],[]],[[{"start":0,"end":4,"url":null,"entity_id":"Q1774051","candidates":[]}],[],[]],[[{"start":0,"end":8,"url":null,"entity_id":"Q1528531","candidates":[]}],[],[]],[[{"start":0,"end":8,"url":null,"entity_id":"Q1994619","candidates":[]}],[],[]],[[{"start":0,"end":5,"url":null,"entity_id":"Q1993763","candidates":[]}],[],[]],[[{"start":0,"end":7,"url":null,"entity_id":"Q1024554","candidates":[]}],[],[]],[[{"start":0,"end":7,"url":null,"entity_id":"Q1528217","candidates":[]}],[],[]],[[{"start":0,"end":6,"url":null,"entity_id":"Q1446028","candidates":[]}],[],[]],[[{"start":0,"end":5,"url":null,"entity_id":"Q1249823","candidates":[]}],[],[]],[[{"start":0,"end":25,"url":null,"entity_id":"Q2028649","candidates":[]}],[],[]],[[{"start":0,"end":7,"url":null,"entity_id":"Q367425","candidates":[]}],[],[]],[[{"start":0,"end":6,"url":null,"entity_id":"Q338107","candidates":[]}],[],[]],[[{"start":0,"end":19,"url":null,"entity_id":"Q784550","candidates":[]}],[],[]]]}