{"version":"1.2","table":{"version":"2","table_id":"GOCJ2C7Y","columns":[{"index":0,"name":"col0","values":["20th Guards Motorized Rifle Brigade","10 Artillery Brigade","12th Indian Cavalry Brigade","Oz Brigade","58th Motorized Infantry Brigade","56th Motorized Brigade","54th Mechanized Brigade","53rd Mechanized Brigade","25th Transport Aviation Brigade","10th Mountain Brigade (Ukraine)","1st Artillery Brigade (Japan)","12th Brigade","14th Brigade (Japan)","13th Brigade","1st Armoured Infantry Brigade","1st Sustainment Brigade","192nd Infantry Brigade","174th Infantry Brigade","52nd Infantry Brigade","7th Armoured Brigade"]},{"index":1,"name":"col1","values":["Russian Ground Forces","South African Army","cavalry","GOC Army Headquarters","Armed Forces of Ukraine","Armed Forces of Ukraine","Armed Forces of Ukraine","Armed Forces of Ukraine","Armed Forces of Ukraine","Armed Forces of Ukraine","Japan Ground Self-Defense Force","Japan Ground Self-Defense Force","Japan Ground Self-Defense Force","Japan Ground Self-Defense Force","British Army","United States Army","United States Army","United States Army","British Army","British Army"]},{"index":2,"name":"col2","values":["8th Guards Army (Russian Federation)","South African Army Artillery Formation","4th (Quetta) Division","Central Command","Armed Forces of Ukraine","Armed Forces of Ukraine","Armed Forces of Ukraine","Armed Forces of Ukraine","Armed Forces of Ukraine","Armed Forces of Ukraine","Northern Army","Eastern Army","Central Army","Central Army","3rd Division","1st Infantry Division","First Army","First Army","3rd Division","1st (UK) Armoured Division"]}]},"context":{"page_title":null,"page_url":null,"page_entity_id":null,"content_hierarchy":[]},"links":[[[{"start":0,"end":20,"url":null,"entity_id":"Q27628306","candidates":[]}],[{"start":0,"end":18,"url":null,"entity_id":"Q1815399","candidates":[]}],[{"start":0,"end":38,"url":null,"entity_id":"Q7565429","candidates":[]}]],[[{"start":0,"end":27,"url":null,"entity_id":"Q20715462","candidates":[]}],[{"start":0,"end":7,"url":null,"entity_id":"Q47315","candidates":[]}],[{"start":0,"end":21,"url":null,"entity_id":"Q4639159","candidates":[]}]],[[{"start":0,"end":10,"url":null,"entity_id":"Q22079719","candidates":[]}],[{"start":0,"end":21,"url":null,"entity_id":"Q1674702","candidates":[]}],[{"start":0,"end":15,"url":null,"entity_id":"Q1532963","candidates":[]}]],[[{"start":0,"end":31,"url":null,"entity_id":"Q22132032","candidates":[]}],[{"start":0,"end":23,"url":null,"entity_id":"Q936105","candidates":[]}],[{"start":0,"end":23,"url":null,"entity_id":"Q936105","candidates":[]}]],[[{"start":0,"end":22,"url":null,"entity_id":"Q22132031","candidates":[]}],[{"start":0,"end":23,"url":null,"entity_id":"Q936105","candidates":[]}],[{"start":0,"end":23,"url":null,"entity_id":"Q936105","candidates":[]}]],[[{"start":0,"end":23,"url":null,"entity_id":"Q22132030","candidates":[]}],[{"start":0,"end":23,"url":null,"entity_id":"Q936105","candidates":[]}],[{"start":0,"end":23,"url":null,"entity_id":"Q936105","candidates":[]}]],[[{"start":0,"end":23,"url":null,"entity_id":"Q22132029","candidates":[]}],[{"start":0,"end":23,"url":null,"entity_id":"Q936105","candidates":[]}],[{"start":0,"end":23,"url":null,"entity_id":"Q936105","candidates":[]}]],[[{"start":0,"end":31,"url":null,"entity_id":"Q22132024","candidates":[]}],[{"start":0,"end":23,"url":null,"entity_id":"Q936105","candidates":[]}],[{"start":0,"end":23,"url":null,"entity_id":"Q936105","candidates":[]}]],[[{"start":0,"end":31,"url":null,"entity_id":"Q22132019","candidates":[]}],[{"start":0,"end":23,"url":null,"entity_id":"Q936105","candidates":[]}],[{"start":0,"end":23,"url":null,"entity_id":"Q936105","candidates":[]}]],[[{"start":0,"end":29,"url":null,"entity_id":"Q4596154","candidates":[]}],[{"start":0,"end":31,"url":null,"entity_id":"Q889751","candidates":[]}],[{"start":0,"end":13,"url":null,"entity_id":"Q5360610","candidates":[]}]],[[{"start":0,"end":12,"url":null,"entity_id":"Q4548798","candidates":[]}],[{"start":0,"end":31,"url":null,"entity_id":"Q889751","candidates":[]}],[{"start":0,"end":12,"url":null,"entity_id":"Q5329989","candidates":[]}]],[[{"start":0,"end":20,"url":null,"entity_id":"Q4550000","candidates":[]}],[{"start":0,"end":31,"url":null,"entity_id":"Q889751","candidates":[]}],[{"start":0,"end":12,"url":null,"entity_id":"Q704421","candidates":[]}]],[[{"start":0,"end":12,"url":null,"entity_id":"Q4549422","candidates":[]}],[{"start":0,"end":31,"url":null,"entity_id":"Q889751","candidates":[]}],[{"start":0,"end":12,"url":null,"entity_id":"Q704421","candidates":[]}]],[[{"start":0,"end":29,"url":null,"entity_id":"Q4596468","candidates":[]}],[{"start":0,"end":12,"url":null,"entity_id":"Q222595","candidates":[]}],[{"start":0,"end":12,"url":null,"entity_id":"Q223165","candidates":[]}]],[[{"start":0,"end":23,"url":null,"entity_id":"Q4596640","candidates":[]}],[{"start":0,"end":18,"url":null,"entity_id":"Q9212","candidates":[]}],[{"start":0,"end":21,"url":null,"entity_id":"Q163659","candidates":[]}]],[[{"start":0,"end":22,"url":null,"entity_id":"Q4562596","candidates":[]}],[{"start":0,"end":18,"url":null,"entity_id":"Q9212","candidates":[]}],[{"start":0,"end":10,"url":null,"entity_id":"Q163646","candidates":[]}]],[[{"start":0,"end":22,"url":null,"entity_id":"Q4552844","candidates":[]}],[{"start":0,"end":18,"url":null,"entity_id":"Q9212","candidates":[]}],[{"start":0,"end":10,"url":null,"entity_id":"Q163646","candidates":[]}]],[[{"start":0,"end":21,"url":null,"entity_id":"Q14903921","candidates":[]}],[{"start":0,"end":12,"url":null,"entity_id":"Q222595","candidates":[]}],[{"start":0,"end":12,"url":null,"entity_id":"Q223165","candidates":[]}]],[[{"start":0,"end":20,"url":null,"entity_id":"Q15058177","candidates":[]}],[{"start":0,"end":12,"url":null,"entity_id":"Q222595","candidates":[]}],[{"start":0,"end":26,"url":null,"entity_id":"Q161896","candidates":[]}]],[[{"start":0,"end":35,"url":null,"entity_id":"Q48949240","candidates":[]}],[{"start":0,"end":21,"url":null,"entity_id":"Q1031386","candidates":[]}],[{"start":0,"end":36,"url":null,"entity_id":"Q45239087","candidates":[]}]]]}