{"version":"1.2","table":{"version":"2","table_id":"GQXQP4IE","columns":[{"index":0,"name":"col0","values":["avenue de Fontenay","avenue du Mahatma-Gandhi","avenue de Saint-Cloud","avenue de l'Hippodrome","avenue Gordon-Bennett","Avenue Ferdauci - Ferdaucilaan","avenue de la Belle-Gabrielle","avenue de l'École-de-Joinville","avenue de Gravelle","avenue de Bel-Air","Eastern Street","Nathan Road","avenue Foch","Hollywood Walk of Fame","Constitution Avenue","Connecticut Avenue NW","Belcher's Street","avenue du Tremblay","Florida Avenue","Massachusetts Avenue"]},{"index":1,"name":"col1","values":["bois de Vincennes","Bois de Boulogne","Bois de Boulogne","Bois de Boulogne","Bois de Boulogne","Laeken","bois de Vincennes","bois de Vincennes","bois de Vincennes","bois de Vincennes","Sai Ying Pun","Kowloon","bois de Vincennes","Hollywood Boulevard","Northwest","Northwest","Kennedy Town","bois de Vincennes","Northwest","Northwest"]},{"index":2,"name":"col2","values":["France","France","France","France","France","Belgium","France","France","France","France","People's Republic of China","People's Republic of China","France","United States of America","United States of America","United States of America","People's Republic of China","France","United States of America","United States of America"]}]},"context":{"page_title":null,"page_url":null,"page_entity_id":null,"content_hierarchy":[]},"links":[[[{"start":0,"end":24,"url":null,"entity_id":"Q21098023","candidates":[]}],[{"start":0,"end":16,"url":null,"entity_id":"Q209626","candidates":[]}],[{"start":0,"end":6,"url":null,"entity_id":"Q142","candidates":[]}]],[[{"start":0,"end":21,"url":null,"entity_id":"Q21098015","candidates":[]}],[{"start":0,"end":16,"url":null,"entity_id":"Q209626","candidates":[]}],[{"start":0,"end":6,"url":null,"entity_id":"Q142","candidates":[]}]],[[{"start":0,"end":22,"url":null,"entity_id":"Q21098006","candidates":[]}],[{"start":0,"end":16,"url":null,"entity_id":"Q209626","candidates":[]}],[{"start":0,"end":6,"url":null,"entity_id":"Q142","candidates":[]}]],[[{"start":0,"end":21,"url":null,"entity_id":"Q20723019","candidates":[]}],[{"start":0,"end":16,"url":null,"entity_id":"Q209626","candidates":[]}],[{"start":0,"end":6,"url":null,"entity_id":"Q142","candidates":[]}]],[[{"start":0,"end":30,"url":null,"entity_id":"Q28040900","candidates":[]}],[{"start":0,"end":6,"url":null,"entity_id":"Q730506","candidates":[]}],[{"start":0,"end":7,"url":null,"entity_id":"Q31","candidates":[]}]],[[{"start":0,"end":28,"url":null,"entity_id":"Q2873992","candidates":[]}],[{"start":0,"end":17,"url":null,"entity_id":"Q271639","candidates":[]}],[{"start":0,"end":6,"url":null,"entity_id":"Q142","candidates":[]}]],[[{"start":0,"end":30,"url":null,"entity_id":"Q2873990","candidates":[]}],[{"start":0,"end":17,"url":null,"entity_id":"Q271639","candidates":[]}],[{"start":0,"end":6,"url":null,"entity_id":"Q142","candidates":[]}]],[[{"start":0,"end":18,"url":null,"entity_id":"Q2873908","candidates":[]}],[{"start":0,"end":17,"url":null,"entity_id":"Q271639","candidates":[]}],[{"start":0,"end":6,"url":null,"entity_id":"Q142","candidates":[]}]],[[{"start":0,"end":17,"url":null,"entity_id":"Q2873894","candidates":[]}],[{"start":0,"end":17,"url":null,"entity_id":"Q271639","candidates":[]}],[{"start":0,"end":6,"url":null,"entity_id":"Q142","candidates":[]}]],[[{"start":0,"end":14,"url":null,"entity_id":"Q1305657","candidates":[]}],[{"start":0,"end":12,"url":null,"entity_id":"Q7399840","candidates":[]}],[{"start":0,"end":26,"url":null,"entity_id":"Q148","candidates":[]}]],[[{"start":0,"end":11,"url":null,"entity_id":"Q2188138","candidates":[]}],[{"start":0,"end":7,"url":null,"entity_id":"Q239143","candidates":[]}],[{"start":0,"end":26,"url":null,"entity_id":"Q148","candidates":[]}]],[[{"start":0,"end":11,"url":null,"entity_id":"Q790562","candidates":[]}],[{"start":0,"end":17,"url":null,"entity_id":"Q271639","candidates":[]}],[{"start":0,"end":6,"url":null,"entity_id":"Q142","candidates":[]}]],[[{"start":0,"end":22,"url":null,"entity_id":"Q71719","candidates":[]}],[{"start":0,"end":19,"url":null,"entity_id":"Q868616","candidates":[]}],[{"start":0,"end":24,"url":null,"entity_id":"Q30","candidates":[]}]],[[{"start":0,"end":19,"url":null,"entity_id":"Q2406648","candidates":[]}],[{"start":0,"end":9,"url":null,"entity_id":"Q383689","candidates":[]}],[{"start":0,"end":24,"url":null,"entity_id":"Q30","candidates":[]}]],[[{"start":0,"end":21,"url":null,"entity_id":"Q1841410","candidates":[]}],[{"start":0,"end":9,"url":null,"entity_id":"Q383689","candidates":[]}],[{"start":0,"end":24,"url":null,"entity_id":"Q30","candidates":[]}]],[[{"start":0,"end":16,"url":null,"entity_id":"Q4882048","candidates":[]}],[{"start":0,"end":12,"url":null,"entity_id":"Q3497036","candidates":[]}],[{"start":0,"end":26,"url":null,"entity_id":"Q148","candidates":[]}]],[[{"start":0,"end":18,"url":null,"entity_id":"Q2874196","candidates":[]}],[{"start":0,"end":17,"url":null,"entity_id":"Q271639","candidates":[]}],[{"start":0,"end":6,"url":null,"entity_id":"Q142","candidates":[]}]],[[{"start":0,"end":14,"url":null,"entity_id":"Q5461218","candidates":[]}],[{"start":0,"end":9,"url":null,"entity_id":"Q383689","candidates":[]}],[{"start":0,"end":24,"url":null,"entity_id":"Q30","candidates":[]}]],[[{"start":0,"end":20,"url":null,"entity_id":"Q3365085","candidates":[]}],[{"start":0,"end":9,"url":null,"entity_id":"Q383689","candidates":[]}],[{"start":0,"end":24,"url":null,"entity_id":"Q30","candidates":[]}]],[[{"start":0,"end":18,"url":null,"entity_id":"Q21098002","candidates":[]}],[{"start":0,"end":17,"url":null,"entity_id":"Q271639","candidates":[]}],[{"start":0,"end":6,"url":null,"entity_id":"Q142","candidates":[]}]]]}