{"version":"1.2","table":{"version":"2","table_id":"GTFUGLYD","columns":[{"index":0,"name":"col0","values":["Design drawing from the Jos De Beer collection, ref. obj-0002525","Design drawing from the Jos De Beer collection, ref. obj-0002508","Design drawing from the Jos De Beer collection, ref. obj-0002507","Design drawing from the Jos De Beer collection, ref. obj-0002506","Design drawing from the Jos De Beer collection, ref. obj-0002573","Design drawing from the Jos De Beer collection, ref. obj-0002547","Design drawing from the Jos De Beer collection, ref. obj-0002546","Design drawing from the Jos De Beer collection, ref. obj-0002529","Design drawing from the Jos De Beer collection, ref. obj-0002529","Design drawing from the Jos De Beer collection, ref. obj-0002693","Design drawing from the Jos De Beer collection, ref. obj-0002691","Design drawing from the Jos De Beer collection, ref. obj-0002532","Design drawing from the Jos De Beer collection, ref. obj-0002531","Design drawing from the Jos De Beer collection, ref. obj-0002533","Design drawing from the Jos De Beer collection, ref. obj-0002575","Design drawing from the Jos De Beer collection, ref. obj-0002622","Design drawing from the Jos De Beer collection, ref. obj-0002569","Design drawing from the Jos De Beer collection, ref. obj-0002621","Design drawing from the Jos De Beer collection, ref. obj-0002615","Design drawing from the Jos De Beer collection, ref. obj-0002571"]},{"index":1,"name":"col1","values":["castle","house","house","house","house","house","house","house","house","church building","commercial building","church building","church building","church building","gymnasium","low-income housing","infrastructure","house","house","house"]},{"index":2,"name":"col2","values":["pen and ink drawing","pen and ink drawing","pen and ink drawing","pen and ink drawing","pen and ink drawing","pen and ink drawing","pen and ink drawing","pen and ink drawing","pen and ink drawing","watercolor painting","print","print","print","print","print","blueprint","blueprint","blueprint","blueprint","blueprint"]},{"index":3,"name":"col3","values":["Jos De Beer collection","Jos De Beer collection","Jos De Beer collection","Jos De Beer collection","Jos De Beer collection","Jos De Beer collection","Jos De Beer collection","Jos De Beer collection","Jos De Beer collection","Jos De Beer collection","Jos De Beer collection","Jos De Beer collection","Jos De Beer collection","Jos De Beer collection","Jos De Beer collection","Jos De Beer collection","Jos De Beer collection","Jos De Beer collection","Jos De Beer collection","Jos De Beer collection"]},{"index":4,"name":"col4","values":["paper","paper","paper","paper","paper","paper","paper","paper","paper","paper","paper","paper","paper","paper","paper","paper","paper","paper","paper","paper"]},{"index":5,"name":"col5","values":["Flanders Architecture Institute collection","Flanders Architecture Institute collection","Flanders Architecture Institute collection","Flanders Architecture Institute collection","Flanders Architecture Institute collection","Flanders Architecture Institute collection","Flanders Architecture Institute collection","Flanders Architecture Institute collection","Flanders Architecture Institute collection","Flanders Architecture Institute collection","Flanders Architecture Institute collection","Flanders Architecture Institute collection","Flanders Architecture Institute collection","Flanders Architecture Institute collection","Flanders Architecture Institute collection","Flanders Architecture Institute collection","Flanders Architecture Institute collection","Flanders Architecture Institute collection","Flanders Architecture Institute collection","Flanders Architecture Institute collection"]}]},"context":{"page_title":null,"page_url":null,"page_entity_id":null,"content_hierarchy":[]},"links":[[[{"start":0,"end":64,"url":null,"entity_id":"Q86516933","candidates":[]}],[{"start":0,"end":5,"url":null,"entity_id":"Q3947","candidates":[]}],[{"start":0,"end":19,"url":null,"entity_id":"Q19898787","candidates":[]}],[{"start":0,"end":22,"url":null,"entity_id":"Q86501875","candidates":[]}],[{"start":0,"end":5,"url":null,"entity_id":"Q11472","candidates":[]}],[{"start":0,"end":42,"url":null,"entity_id":"Q77201544","candidates":[]}]],[[{"start":0,"end":64,"url":null,"entity_id":"Q86516932","candidates":[]}],[{"start":0,"end":5,"url":null,"entity_id":"Q3947","candidates":[]}],[{"start":0,"end":19,"url":null,"entity_id":"Q19898787","candidates":[]}],[{"start":0,"end":22,"url":null,"entity_id":"Q86501875","candidates":[]}],[{"start":0,"end":5,"url":null,"entity_id":"Q11472","candidates":[]}],[{"start":0,"end":42,"url":null,"entity_id":"Q77201544","candidates":[]}]],[[{"start":0,"end":64,"url":null,"entity_id":"Q86516929","candidates":[]}],[{"start":0,"end":5,"url":null,"entity_id":"Q3947","candidates":[]}],[{"start":0,"end":19,"url":null,"entity_id":"Q19898787","candidates":[]}],[{"start":0,"end":22,"url":null,"entity_id":"Q86501875","candidates":[]}],[{"start":0,"end":5,"url":null,"entity_id":"Q11472","candidates":[]}],[{"start":0,"end":42,"url":null,"entity_id":"Q77201544","candidates":[]}]],[[{"start":0,"end":64,"url":null,"entity_id":"Q86516033","candidates":[]}],[{"start":0,"end":5,"url":null,"entity_id":"Q3947","candidates":[]}],[{"start":0,"end":19,"url":null,"entity_id":"Q19898787","candidates":[]}],[{"start":0,"end":22,"url":null,"entity_id":"Q86501875","candidates":[]}],[{"start":0,"end":5,"url":null,"entity_id":"Q11472","candidates":[]}],[{"start":0,"end":42,"url":null,"entity_id":"Q77201544","candidates":[]}]],[[{"start":0,"end":64,"url":null,"entity_id":"Q86515975","candidates":[]}],[{"start":0,"end":5,"url":null,"entity_id":"Q3947","candidates":[]}],[{"start":0,"end":19,"url":null,"entity_id":"Q19898787","candidates":[]}],[{"start":0,"end":22,"url":null,"entity_id":"Q86501875","candidates":[]}],[{"start":0,"end":5,"url":null,"entity_id":"Q11472","candidates":[]}],[{"start":0,"end":42,"url":null,"entity_id":"Q77201544","candidates":[]}]],[[{"start":0,"end":64,"url":null,"entity_id":"Q86515972","candidates":[]}],[{"start":0,"end":5,"url":null,"entity_id":"Q3947","candidates":[]}],[{"start":0,"end":19,"url":null,"entity_id":"Q19898787","candidates":[]}],[{"start":0,"end":22,"url":null,"entity_id":"Q86501875","candidates":[]}],[{"start":0,"end":5,"url":null,"entity_id":"Q11472","candidates":[]}],[{"start":0,"end":42,"url":null,"entity_id":"Q77201544","candidates":[]}]],[[{"start":0,"end":64,"url":null,"entity_id":"Q86515927","candidates":[]}],[{"start":0,"end":5,"url":null,"entity_id":"Q3947","candidates":[]}],[{"start":0,"end":19,"url":null,"entity_id":"Q19898787","candidates":[]}],[{"start":0,"end":22,"url":null,"entity_id":"Q86501875","candidates":[]}],[{"start":0,"end":5,"url":null,"entity_id":"Q11472","candidates":[]}],[{"start":0,"end":42,"url":null,"entity_id":"Q77201544","candidates":[]}]],[[{"start":0,"end":64,"url":null,"entity_id":"Q86515924","candidates":[]}],[{"start":0,"end":5,"url":null,"entity_id":"Q3947","candidates":[]}],[{"start":0,"end":19,"url":null,"entity_id":"Q19898787","candidates":[]}],[{"start":0,"end":22,"url":null,"entity_id":"Q86501875","candidates":[]}],[{"start":0,"end":5,"url":null,"entity_id":"Q11472","candidates":[]}],[{"start":0,"end":42,"url":null,"entity_id":"Q77201544","candidates":[]}]],[[{"start":0,"end":64,"url":null,"entity_id":"Q86517019","candidates":[]}],[{"start":0,"end":15,"url":null,"entity_id":"Q16970","candidates":[]}],[{"start":0,"end":19,"url":null,"entity_id":"Q18761202","candidates":[]}],[{"start":0,"end":22,"url":null,"entity_id":"Q86501875","candidates":[]}],[{"start":0,"end":5,"url":null,"entity_id":"Q11472","candidates":[]}],[{"start":0,"end":42,"url":null,"entity_id":"Q77201544","candidates":[]}]],[[{"start":0,"end":64,"url":null,"entity_id":"Q86517013","candidates":[]}],[{"start":0,"end":19,"url":null,"entity_id":"Q655686","candidates":[]}],[{"start":0,"end":5,"url":null,"entity_id":"Q11060274","candidates":[]}],[{"start":0,"end":22,"url":null,"entity_id":"Q86501875","candidates":[]}],[{"start":0,"end":5,"url":null,"entity_id":"Q11472","candidates":[]}],[{"start":0,"end":42,"url":null,"entity_id":"Q77201544","candidates":[]}]],[[{"start":0,"end":64,"url":null,"entity_id":"Q86516937","candidates":[]}],[{"start":0,"end":15,"url":null,"entity_id":"Q16970","candidates":[]}],[{"start":0,"end":5,"url":null,"entity_id":"Q11060274","candidates":[]}],[{"start":0,"end":22,"url":null,"entity_id":"Q86501875","candidates":[]}],[{"start":0,"end":5,"url":null,"entity_id":"Q11472","candidates":[]}],[{"start":0,"end":42,"url":null,"entity_id":"Q77201544","candidates":[]}]],[[{"start":0,"end":64,"url":null,"entity_id":"Q86516935","candidates":[]}],[{"start":0,"end":15,"url":null,"entity_id":"Q16970","candidates":[]}],[{"start":0,"end":5,"url":null,"entity_id":"Q11060274","candidates":[]}],[{"start":0,"end":22,"url":null,"entity_id":"Q86501875","candidates":[]}],[{"start":0,"end":5,"url":null,"entity_id":"Q11472","candidates":[]}],[{"start":0,"end":42,"url":null,"entity_id":"Q77201544","candidates":[]}]],[[{"start":0,"end":64,"url":null,"entity_id":"Q86515935","candidates":[]}],[{"start":0,"end":15,"url":null,"entity_id":"Q16970","candidates":[]}],[{"start":0,"end":5,"url":null,"entity_id":"Q11060274","candidates":[]}],[{"start":0,"end":22,"url":null,"entity_id":"Q86501875","candidates":[]}],[{"start":0,"end":5,"url":null,"entity_id":"Q11472","candidates":[]}],[{"start":0,"end":42,"url":null,"entity_id":"Q77201544","candidates":[]}]],[[{"start":0,"end":64,"url":null,"entity_id":"Q86516037","candidates":[]}],[{"start":0,"end":9,"url":null,"entity_id":"Q14092","candidates":[]}],[{"start":0,"end":5,"url":null,"entity_id":"Q11060274","candidates":[]}],[{"start":0,"end":22,"url":null,"entity_id":"Q86501875","candidates":[]}],[{"start":0,"end":5,"url":null,"entity_id":"Q11472","candidates":[]}],[{"start":0,"end":42,"url":null,"entity_id":"Q77201544","candidates":[]}]],[[{"start":0,"end":64,"url":null,"entity_id":"Q86516152","candidates":[]}],[{"start":0,"end":18,"url":null,"entity_id":"Q12301128","candidates":[]}],[{"start":0,"end":9,"url":null,"entity_id":"Q422321","candidates":[]}],[{"start":0,"end":22,"url":null,"entity_id":"Q86501875","candidates":[]}],[{"start":0,"end":5,"url":null,"entity_id":"Q11472","candidates":[]}],[{"start":0,"end":42,"url":null,"entity_id":"Q77201544","candidates":[]}]],[[{"start":0,"end":64,"url":null,"entity_id":"Q86516025","candidates":[]}],[{"start":0,"end":14,"url":null,"entity_id":"Q121359","candidates":[]}],[{"start":0,"end":9,"url":null,"entity_id":"Q422321","candidates":[]}],[{"start":0,"end":22,"url":null,"entity_id":"Q86501875","candidates":[]}],[{"start":0,"end":5,"url":null,"entity_id":"Q11472","candidates":[]}],[{"start":0,"end":42,"url":null,"entity_id":"Q77201544","candidates":[]}]],[[{"start":0,"end":64,"url":null,"entity_id":"Q86516149","candidates":[]}],[{"start":0,"end":5,"url":null,"entity_id":"Q3947","candidates":[]}],[{"start":0,"end":9,"url":null,"entity_id":"Q422321","candidates":[]}],[{"start":0,"end":22,"url":null,"entity_id":"Q86501875","candidates":[]}],[{"start":0,"end":5,"url":null,"entity_id":"Q11472","candidates":[]}],[{"start":0,"end":42,"url":null,"entity_id":"Q77201544","candidates":[]}]],[[{"start":0,"end":64,"url":null,"entity_id":"Q86516134","candidates":[]}],[{"start":0,"end":5,"url":null,"entity_id":"Q3947","candidates":[]}],[{"start":0,"end":9,"url":null,"entity_id":"Q422321","candidates":[]}],[{"start":0,"end":22,"url":null,"entity_id":"Q86501875","candidates":[]}],[{"start":0,"end":5,"url":null,"entity_id":"Q11472","candidates":[]}],[{"start":0,"end":42,"url":null,"entity_id":"Q77201544","candidates":[]}]],[[{"start":0,"end":64,"url":null,"entity_id":"Q86516030","candidates":[]}],[{"start":0,"end":5,"url":null,"entity_id":"Q3947","candidates":[]}],[{"start":0,"end":9,"url":null,"entity_id":"Q422321","candidates":[]}],[{"start":0,"end":22,"url":null,"entity_id":"Q86501875","candidates":[]}],[{"start":0,"end":5,"url":null,"entity_id":"Q11472","candidates":[]}],[{"start":0,"end":42,"url":null,"entity_id":"Q77201544","candidates":[]}]],[[{"start":0,"end":64,"url":null,"entity_id":"Q86515915","candidates":[]}],[{"start":0,"end":6,"url":null,"entity_id":"Q23413","candidates":[]}],[{"start":0,"end":19,"url":null,"entity_id":"Q19898787","candidates":[]}],[{"start":0,"end":22,"url":null,"entity_id":"Q86501875","candidates":[]}],[{"start":0,"end":5,"url":null,"entity_id":"Q11472","candidates":[]}],[{"start":0,"end":42,"url":null,"entity_id":"Q77201544","candidates":[]}]]]}