{"id":"http://dbpedia.org/resource/Chennai_North_(Lok_Sabha_constituency)?dbpv=2020-02&nif=table&ref=2_2&order=0","pageURI":"http://dbpedia.org/resource/Chennai_North_(Lok_Sabha_constituency)?dbpv=2020-02&nif=context","rows":[{"cells":[{"value":"Year","html":"<th style=\"background-color:#666666; color:white\">Year</th>","links":[],"attrs":{"style":"background-color:#666666; color:white"},"is_header":true,"rowspan":1,"colspan":1,"original_rowspan":1,"original_colspan":1},{"value":"Winner","html":"<th style=\"background-color:#666666; color:white\">Winner</th>","links":[],"attrs":{"style":"background-color:#666666; color:white"},"is_header":true,"rowspan":1,"colspan":1,"original_rowspan":1,"original_colspan":1},{"value":"Party","html":"<th style=\"background-color:#666666; color:white\">Party</th>","links":[],"attrs":{"style":"background-color:#666666; color:white"},"is_header":true,"rowspan":1,"colspan":1,"original_rowspan":1,"original_colspan":1},{"value":"Runner-up","html":"<th style=\"background-color:#666666; color:white\">Runner-up</th>","links":[],"attrs":{"style":"background-color:#666666; color:white"},"is_header":true,"rowspan":1,"colspan":1,"original_rowspan":1,"original_colspan":1},{"value":"Party","html":"<th style=\"background-color:#666666; color:white\">Party</th>","links":[],"attrs":{"style":"background-color:#666666; color:white"},"is_header":true,"rowspan":1,"colspan":1,"original_rowspan":1,"original_colspan":1}],"attrs":{}},{"cells":[{"value":"1957","html":"<td>1957</td>","links":[],"attrs":{},"is_header":false,"rowspan":1,"colspan":1,"original_rowspan":1,"original_colspan":1},{"value":"S. C. C. Anthony Pillai","html":"<td><a href=\"/wiki/S._C._C._Anthony_Pillai\" title=\"S. C. C. Anthony Pillai\">S. C. C. Anthony Pillai</a></td>","links":[{"href":"/wiki/S._C._C._Anthony_Pillai","start":0,"end":23,"is_selflink":false}],"attrs":{},"is_header":false,"rowspan":1,"colspan":1,"original_rowspan":1,"original_colspan":1},{"value":"IND","html":"<td><a class=\"mw-redirect\" href=\"/wiki/Independent_(politician)\" title=\"Independent (politician)\">IND</a></td>","links":[{"href":"/wiki/Independent_(politician)","start":0,"end":3,"is_selflink":false}],"attrs":{},"is_header":false,"rowspan":1,"colspan":1,"original_rowspan":1,"original_colspan":1},{"value":"T. Chengalvarayan","html":"<td><a class=\"new\" href=\"/w/index.php?title=T._Chengalvarayan&amp;action=edit&amp;redlink=1\" title=\"T. Chengalvarayan (page does not exist)\">T. Chengalvarayan</a></td>","links":[{"href":"/w/index.php?title=T._Chengalvarayan&action=edit&redlink=1","start":0,"end":17,"is_selflink":false}],"attrs":{},"is_header":false,"rowspan":1,"colspan":1,"original_rowspan":1,"original_colspan":1},{"value":"INC","html":"<td><a href=\"/wiki/Indian_National_Congress\" title=\"Indian National Congress\">INC</a></td>","links":[{"href":"/wiki/Indian_National_Congress","start":0,"end":3,"is_selflink":false}],"attrs":{},"is_header":false,"rowspan":1,"colspan":1,"original_rowspan":1,"original_colspan":1}],"attrs":{}},{"cells":[{"value":"1962","html":"<td>1962</td>","links":[],"attrs":{},"is_header":false,"rowspan":1,"colspan":1,"original_rowspan":1,"original_colspan":1},{"value":"P. Srinivasan","html":"<td><a class=\"mw-redirect\" href=\"/wiki/P._Srinivasan\" title=\"P. Srinivasan\">P. Srinivasan</a></td>","links":[{"href":"/wiki/P._Srinivasan","start":0,"end":13,"is_selflink":false}],"attrs":{},"is_header":false,"rowspan":1,"colspan":1,"original_rowspan":1,"original_colspan":1},{"value":"INC","html":"<td><a href=\"/wiki/Indian_National_Congress\" title=\"Indian National Congress\">INC</a></td>","links":[{"href":"/wiki/Indian_National_Congress","start":0,"end":3,"is_selflink":false}],"attrs":{},"is_header":false,"rowspan":1,"colspan":1,"original_rowspan":1,"original_colspan":1},{"value":"Abdul Samad","html":"<td><a href=\"/wiki/Abdul_Samad\" title=\"Abdul Samad\">Abdul Samad</a></td>","links":[{"href":"/wiki/Abdul_Samad","start":0,"end":11,"is_selflink":false}],"attrs":{},"is_header":false,"rowspan":1,"colspan":1,"original_rowspan":1,"original_colspan":1},{"value":"ML","html":"<td><a href=\"/wiki/Indian_Union_Muslim_League\" title=\"Indian Union Muslim League\">ML</a></td>","links":[{"href":"/wiki/Indian_Union_Muslim_League","start":0,"end":2,"is_selflink":false}],"attrs":{},"is_header":false,"rowspan":1,"colspan":1,"original_rowspan":1,"original_colspan":1}],"attrs":{}},{"cells":[{"value":"1967","html":"<td>1967</td>","links":[],"attrs":{},"is_header":false,"rowspan":1,"colspan":1,"original_rowspan":1,"original_colspan":1},{"value":"Krishnan Manoharan","html":"<td><a class=\"mw-redirect\" href=\"/wiki/Krishnan_Manoharan\" title=\"Krishnan Manoharan\">Krishnan Manoharan</a></td>","links":[{"href":"/wiki/Krishnan_Manoharan","start":0,"end":18,"is_selflink":false}],"attrs":{},"is_header":false,"rowspan":1,"colspan":1,"original_rowspan":1,"original_colspan":1},{"value":"DMK","html":"<td><a href=\"/wiki/Dravida_Munnetra_Kazhagam\" title=\"Dravida Munnetra Kazhagam\">DMK</a></td>","links":[{"href":"/wiki/Dravida_Munnetra_Kazhagam","start":0,"end":3,"is_selflink":false}],"attrs":{},"is_header":false,"rowspan":1,"colspan":1,"original_rowspan":1,"original_colspan":1},{"value":"S. C. C. A. Pillai","html":"<td><a class=\"mw-redirect\" href=\"/wiki/S._C._C._A._Pillai\" title=\"S. C. C. A. Pillai\">S. C. C. A. Pillai</a></td>","links":[{"href":"/wiki/S._C._C._A._Pillai","start":0,"end":18,"is_selflink":false}],"attrs":{},"is_header":false,"rowspan":1,"colspan":1,"original_rowspan":1,"original_colspan":1},{"value":"INC","html":"<td><a href=\"/wiki/Indian_National_Congress\" title=\"Indian National Congress\">INC</a></td>","links":[{"href":"/wiki/Indian_National_Congress","start":0,"end":3,"is_selflink":false}],"attrs":{},"is_header":false,"rowspan":1,"colspan":1,"original_rowspan":1,"original_colspan":1}],"attrs":{}},{"cells":[{"value":"1971","html":"<td>1971</td>","links":[],"attrs":{},"is_header":false,"rowspan":1,"colspan":1,"original_rowspan":1,"original_colspan":1},{"value":"Krishnan Manoharan","html":"<td><a class=\"mw-redirect\" href=\"/wiki/Krishnan_Manoharan\" title=\"Krishnan Manoharan\">Krishnan Manoharan</a></td>","links":[{"href":"/wiki/Krishnan_Manoharan","start":0,"end":18,"is_selflink":false}],"attrs":{},"is_header":false,"rowspan":1,"colspan":1,"original_rowspan":1,"original_colspan":1},{"value":"DMK","html":"<td><a href=\"/wiki/Dravida_Munnetra_Kazhagam\" title=\"Dravida Munnetra Kazhagam\">DMK</a></td>","links":[{"href":"/wiki/Dravida_Munnetra_Kazhagam","start":0,"end":3,"is_selflink":false}],"attrs":{},"is_header":false,"rowspan":1,"colspan":1,"original_rowspan":1,"original_colspan":1},{"value":"S. G. Vinayaga Moorthy","html":"<td><a class=\"new\" href=\"/w/index.php?title=S._G._Vinayaga_Moorthy&amp;action=edit&amp;redlink=1\" title=\"S. G. Vinayaga Moorthy (page does not exist)\">S. G. Vinayaga Moorthy</a></td>","links":[{"href":"/w/index.php?title=S._G._Vinayaga_Moorthy&action=edit&redlink=1","start":0,"end":22,"is_selflink":false}],"attrs":{},"is_header":false,"rowspan":1,"colspan":1,"original_rowspan":1,"original_colspan":1},{"value":"NCO","html":"<td><a href=\"/wiki/Indian_National_Congress_(Organisation)\" title=\"Indian National Congress (Organisation)\">NCO</a></td>","links":[{"href":"/wiki/Indian_National_Congress_(Organisation)","start":0,"end":3,"is_selflink":false}],"attrs":{},"is_header":false,"rowspan":1,"colspan":1,"original_rowspan":1,"original_colspan":1}],"attrs":{}},{"cells":[{"value":"1977","html":"<td>1977</td>","links":[],"attrs":{},"is_header":false,"rowspan":1,"colspan":1,"original_rowspan":1,"original_colspan":1},{"value":"A. V. P. Asaithambi","html":"<td><a href=\"/wiki/A._V._P._Asaithambi\" title=\"A. V. P. Asaithambi\">A. V. P. Asaithambi</a></td>","links":[{"href":"/wiki/A._V._P._Asaithambi","start":0,"end":19,"is_selflink":false}],"attrs":{},"is_header":false,"rowspan":1,"colspan":1,"original_rowspan":1,"original_colspan":1},{"value":"DMK","html":"<td><a href=\"/wiki/Dravida_Munnetra_Kazhagam\" title=\"Dravida Munnetra Kazhagam\">DMK</a></td>","links":[{"href":"/wiki/Dravida_Munnetra_Kazhagam","start":0,"end":3,"is_selflink":false}],"attrs":{},"is_header":false,"rowspan":1,"colspan":1,"original_rowspan":1,"original_colspan":1},{"value":"K. Manoharan","html":"<td><a href=\"/wiki/Nanjil_K._Manoharan\" title=\"Nanjil K. Manoharan\">K. Manoharan</a></td>","links":[{"href":"/wiki/Nanjil_K._Manoharan","start":0,"end":12,"is_selflink":false}],"attrs":{},"is_header":false,"rowspan":1,"colspan":1,"original_rowspan":1,"original_colspan":1},{"value":"ADMK","html":"<td><a class=\"mw-redirect\" href=\"/wiki/Anna_Dravida_Munnetra_Kazhagam\" title=\"Anna Dravida Munnetra Kazhagam\">ADMK</a></td>","links":[{"href":"/wiki/Anna_Dravida_Munnetra_Kazhagam","start":0,"end":4,"is_selflink":false}],"attrs":{},"is_header":false,"rowspan":1,"colspan":1,"original_rowspan":1,"original_colspan":1}],"attrs":{}},{"cells":[{"value":"1980","html":"<td>1980</td>","links":[],"attrs":{},"is_header":false,"rowspan":1,"colspan":1,"original_rowspan":1,"original_colspan":1},{"value":"G. Lakshmanan","html":"<td><a href=\"/wiki/G._Lakshmanan\" title=\"G. Lakshmanan\">G. Lakshmanan</a></td>","links":[{"href":"/wiki/G._Lakshmanan","start":0,"end":13,"is_selflink":false}],"attrs":{},"is_header":false,"rowspan":1,"colspan":1,"original_rowspan":1,"original_colspan":1},{"value":"DMK","html":"<td><a href=\"/wiki/Dravida_Munnetra_Kazhagam\" title=\"Dravida Munnetra Kazhagam\">DMK</a></td>","links":[{"href":"/wiki/Dravida_Munnetra_Kazhagam","start":0,"end":3,"is_selflink":false}],"attrs":{},"is_header":false,"rowspan":1,"colspan":1,"original_rowspan":1,"original_colspan":1},{"value":"M. S. Abdul Khader","html":"<td><a href=\"/wiki/M._S._Abdul_Khader\" title=\"M. S. Abdul Khader\">M. S. Abdul Khader</a></td>","links":[{"href":"/wiki/M._S._Abdul_Khader","start":0,"end":18,"is_selflink":false}],"attrs":{},"is_header":false,"rowspan":1,"colspan":1,"original_rowspan":1,"original_colspan":1},{"value":"ADMK","html":"<td><a class=\"mw-redirect\" href=\"/wiki/Anna_Dravida_Munnetra_Kazhagam\" title=\"Anna Dravida Munnetra Kazhagam\">ADMK</a></td>","links":[{"href":"/wiki/Anna_Dravida_Munnetra_Kazhagam","start":0,"end":4,"is_selflink":false}],"attrs":{},"is_header":false,"rowspan":1,"colspan":1,"original_rowspan":1,"original_colspan":1}],"attrs":{}},{"cells":[{"value":"1984","html":"<td>1984</td>","links":[],"attrs":{},"is_header":false,"rowspan":1,"colspan":1,"original_rowspan":1,"original_colspan":1},{"value":"N. V. N. Somu","html":"<td><a href=\"/wiki/N._V._N._Somu\" title=\"N. V. N. Somu\">N. V. N. Somu</a></td>","links":[{"href":"/wiki/N._V._N._Somu","start":0,"end":13,"is_selflink":false}],"attrs":{},"is_header":false,"rowspan":1,"colspan":1,"original_rowspan":1,"original_colspan":1},{"value":"DMK","html":"<td><a href=\"/wiki/Dravida_Munnetra_Kazhagam\" title=\"Dravida Munnetra Kazhagam\">DMK</a></td>","links":[{"href":"/wiki/Dravida_Munnetra_Kazhagam","start":0,"end":3,"is_selflink":false}],"attrs":{},"is_header":false,"rowspan":1,"colspan":1,"original_rowspan":1,"original_colspan":1},{"value":"G. Lakshmanan","html":"<td><a href=\"/wiki/G._Lakshmanan\" title=\"G. Lakshmanan\">G. Lakshmanan</a></td>","links":[{"href":"/wiki/G._Lakshmanan","start":0,"end":13,"is_selflink":false}],"attrs":{},"is_header":false,"rowspan":1,"colspan":1,"original_rowspan":1,"original_colspan":1},{"value":"INC","html":"<td><a href=\"/wiki/Indian_National_Congress\" title=\"Indian National Congress\">INC</a></td>","links":[{"href":"/wiki/Indian_National_Congress","start":0,"end":3,"is_selflink":false}],"attrs":{},"is_header":false,"rowspan":1,"colspan":1,"original_rowspan":1,"original_colspan":1}],"attrs":{}},{"cells":[{"value":"1989","html":"<td>1989</td>","links":[],"attrs":{},"is_header":false,"rowspan":1,"colspan":1,"original_rowspan":1,"original_colspan":1},{"value":"D. Pandian","html":"<td><a href=\"/wiki/D._Pandian\" title=\"D. Pandian\">D. Pandian</a></td>","links":[{"href":"/wiki/D._Pandian","start":0,"end":10,"is_selflink":false}],"attrs":{},"is_header":false,"rowspan":1,"colspan":1,"original_rowspan":1,"original_colspan":1},{"value":"INC","html":"<td><a href=\"/wiki/Indian_National_Congress\" title=\"Indian National Congress\">INC</a></td>","links":[{"href":"/wiki/Indian_National_Congress","start":0,"end":3,"is_selflink":false}],"attrs":{},"is_header":false,"rowspan":1,"colspan":1,"original_rowspan":1,"original_colspan":1},{"value":"N. V. N. Somu","html":"<td><a href=\"/wiki/N._V._N._Somu\" title=\"N. V. N. Somu\">N. V. N. Somu</a></td>","links":[{"href":"/wiki/N._V._N._Somu","start":0,"end":13,"is_selflink":false}],"attrs":{},"is_header":false,"rowspan":1,"colspan":1,"original_rowspan":1,"original_colspan":1},{"value":"DMK","html":"<td><a href=\"/wiki/Dravida_Munnetra_Kazhagam\" title=\"Dravida Munnetra Kazhagam\">DMK</a></td>","links":[{"href":"/wiki/Dravida_Munnetra_Kazhagam","start":0,"end":3,"is_selflink":false}],"attrs":{},"is_header":false,"rowspan":1,"colspan":1,"original_rowspan":1,"original_colspan":1}],"attrs":{}},{"cells":[{"value":"1991","html":"<td>1991</td>","links":[],"attrs":{},"is_header":false,"rowspan":1,"colspan":1,"original_rowspan":1,"original_colspan":1},{"value":"D. Pandian","html":"<td><a href=\"/wiki/D._Pandian\" title=\"D. Pandian\">D. Pandian</a></td>","links":[{"href":"/wiki/D._Pandian","start":0,"end":10,"is_selflink":false}],"attrs":{},"is_header":false,"rowspan":1,"colspan":1,"original_rowspan":1,"original_colspan":1},{"value":"INC","html":"<td><a href=\"/wiki/Indian_National_Congress\" title=\"Indian National Congress\">INC</a></td>","links":[{"href":"/wiki/Indian_National_Congress","start":0,"end":3,"is_selflink":false}],"attrs":{},"is_header":false,"rowspan":1,"colspan":1,"original_rowspan":1,"original_colspan":1},{"value":"Aladi Aruna","html":"<td><a href=\"/wiki/Aladi_Aruna\" title=\"Aladi Aruna\">Aladi Aruna</a></td>","links":[{"href":"/wiki/Aladi_Aruna","start":0,"end":11,"is_selflink":false}],"attrs":{},"is_header":false,"rowspan":1,"colspan":1,"original_rowspan":1,"original_colspan":1},{"value":"DMK","html":"<td><a href=\"/wiki/Dravida_Munnetra_Kazhagam\" title=\"Dravida Munnetra Kazhagam\">DMK</a></td>","links":[{"href":"/wiki/Dravida_Munnetra_Kazhagam","start":0,"end":3,"is_selflink":false}],"attrs":{},"is_header":false,"rowspan":1,"colspan":1,"original_rowspan":1,"original_colspan":1}],"attrs":{}},{"cells":[{"value":"1996","html":"<td>1996</td>","links":[],"attrs":{},"is_header":false,"rowspan":1,"colspan":1,"original_rowspan":1,"original_colspan":1},{"value":"N. V. N. Somu","html":"<td><a href=\"/wiki/N._V._N._Somu\" title=\"N. V. N. Somu\">N. V. N. Somu</a></td>","links":[{"href":"/wiki/N._V._N._Somu","start":0,"end":13,"is_selflink":false}],"attrs":{},"is_header":false,"rowspan":1,"colspan":1,"original_rowspan":1,"original_colspan":1},{"value":"DMK","html":"<td><a href=\"/wiki/Dravida_Munnetra_Kazhagam\" title=\"Dravida Munnetra Kazhagam\">DMK</a></td>","links":[{"href":"/wiki/Dravida_Munnetra_Kazhagam","start":0,"end":3,"is_selflink":false}],"attrs":{},"is_header":false,"rowspan":1,"colspan":1,"original_rowspan":1,"original_colspan":1},{"value":"D. Pandian","html":"<td><a href=\"/wiki/D._Pandian\" title=\"D. Pandian\">D. Pandian</a></td>","links":[{"href":"/wiki/D._Pandian","start":0,"end":10,"is_selflink":false}],"attrs":{},"is_header":false,"rowspan":1,"colspan":1,"original_rowspan":1,"original_colspan":1},{"value":"INC","html":"<td><a href=\"/wiki/Indian_National_Congress\" title=\"Indian National Congress\">INC</a></td>","links":[{"href":"/wiki/Indian_National_Congress","start":0,"end":3,"is_selflink":false}],"attrs":{},"is_header":false,"rowspan":1,"colspan":1,"original_rowspan":1,"original_colspan":1}],"attrs":{}},{"cells":[{"value":"1998","html":"<td>1998</td>","links":[],"attrs":{},"is_header":false,"rowspan":1,"colspan":1,"original_rowspan":1,"original_colspan":1},{"value":"C. Kuppusami","html":"<td><a href=\"/wiki/C._Kuppusami\" title=\"C. Kuppusami\">C. Kuppusami</a></td>","links":[{"href":"/wiki/C._Kuppusami","start":0,"end":12,"is_selflink":false}],"attrs":{},"is_header":false,"rowspan":1,"colspan":1,"original_rowspan":1,"original_colspan":1},{"value":"DMK","html":"<td><a href=\"/wiki/Dravida_Munnetra_Kazhagam\" title=\"Dravida Munnetra Kazhagam\">DMK</a></td>","links":[{"href":"/wiki/Dravida_Munnetra_Kazhagam","start":0,"end":3,"is_selflink":false}],"attrs":{},"is_header":false,"rowspan":1,"colspan":1,"original_rowspan":1,"original_colspan":1},{"value":"R. T. Sabapathy Mohan","html":"<td><a class=\"new\" href=\"/w/index.php?title=R._T._Sabapathy_Mohan&amp;action=edit&amp;redlink=1\" title=\"R. T. Sabapathy Mohan (page does not exist)\">R. T. Sabapathy Mohan</a></td>","links":[{"href":"/w/index.php?title=R._T._Sabapathy_Mohan&action=edit&redlink=1","start":0,"end":21,"is_selflink":false}],"attrs":{},"is_header":false,"rowspan":1,"colspan":1,"original_rowspan":1,"original_colspan":1},{"value":"MDMK","html":"<td><a href=\"/wiki/Marumalarchi_Dravida_Munnetra_Kazhagam\" title=\"Marumalarchi Dravida Munnetra Kazhagam\">MDMK</a></td>","links":[{"href":"/wiki/Marumalarchi_Dravida_Munnetra_Kazhagam","start":0,"end":4,"is_selflink":false}],"attrs":{},"is_header":false,"rowspan":1,"colspan":1,"original_rowspan":1,"original_colspan":1}],"attrs":{}},{"cells":[{"value":"1999","html":"<td>1999</td>","links":[],"attrs":{},"is_header":false,"rowspan":1,"colspan":1,"original_rowspan":1,"original_colspan":1},{"value":"C. Kuppusami","html":"<td><a href=\"/wiki/C._Kuppusami\" title=\"C. Kuppusami\">C. Kuppusami</a></td>","links":[{"href":"/wiki/C._Kuppusami","start":0,"end":12,"is_selflink":false}],"attrs":{},"is_header":false,"rowspan":1,"colspan":1,"original_rowspan":1,"original_colspan":1},{"value":"DMK","html":"<td><a href=\"/wiki/Dravida_Munnetra_Kazhagam\" title=\"Dravida Munnetra Kazhagam\">DMK</a></td>","links":[{"href":"/wiki/Dravida_Munnetra_Kazhagam","start":0,"end":3,"is_selflink":false}],"attrs":{},"is_header":false,"rowspan":1,"colspan":1,"original_rowspan":1,"original_colspan":1},{"value":"N. Soundararajan","html":"<td><a href=\"/wiki/N._Soundararajan\" title=\"N. Soundararajan\">N. Soundararajan</a></td>","links":[{"href":"/wiki/N._Soundararajan","start":0,"end":16,"is_selflink":false}],"attrs":{},"is_header":false,"rowspan":1,"colspan":1,"original_rowspan":1,"original_colspan":1},{"value":"CPM","html":"<td><a href=\"/wiki/Communist_Party_of_India_(Marxist)\" title=\"Communist Party of India (Marxist)\">CPM</a></td>","links":[{"href":"/wiki/Communist_Party_of_India_(Marxist)","start":0,"end":3,"is_selflink":false}],"attrs":{},"is_header":false,"rowspan":1,"colspan":1,"original_rowspan":1,"original_colspan":1}],"attrs":{}},{"cells":[{"value":"2004","html":"<td>2004</td>","links":[],"attrs":{},"is_header":false,"rowspan":1,"colspan":1,"original_rowspan":1,"original_colspan":1},{"value":"C. Kuppusami","html":"<td><a href=\"/wiki/C._Kuppusami\" title=\"C. Kuppusami\">C. Kuppusami</a></td>","links":[{"href":"/wiki/C._Kuppusami","start":0,"end":12,"is_selflink":false}],"attrs":{},"is_header":false,"rowspan":1,"colspan":1,"original_rowspan":1,"original_colspan":1},{"value":"DMK","html":"<td><a href=\"/wiki/Dravida_Munnetra_Kazhagam\" title=\"Dravida Munnetra Kazhagam\">DMK</a></td>","links":[{"href":"/wiki/Dravida_Munnetra_Kazhagam","start":0,"end":3,"is_selflink":false}],"attrs":{},"is_header":false,"rowspan":1,"colspan":1,"original_rowspan":1,"original_colspan":1},{"value":"M.N. Sukumaran Nambiar","html":"<td><a class=\"new\" href=\"/w/index.php?title=M.N._Sukumaran_Nambiar&amp;action=edit&amp;redlink=1\" title=\"M.N. Sukumaran Nambiar (page does not exist)\">M.N. Sukumaran Nambiar</a></td>","links":[{"href":"/w/index.php?title=M.N._Sukumaran_Nambiar&action=edit&redlink=1","start":0,"end":22,"is_selflink":false}],"attrs":{},"is_header":false,"rowspan":1,"colspan":1,"original_rowspan":1,"original_colspan":1},{"value":"BJP","html":"<td><a href=\"/wiki/Bharatiya_Janata_Party\" title=\"Bharatiya Janata Party\">BJP</a></td>","links":[{"href":"/wiki/Bharatiya_Janata_Party","start":0,"end":3,"is_selflink":false}],"attrs":{},"is_header":false,"rowspan":1,"colspan":1,"original_rowspan":1,"original_colspan":1}],"attrs":{}},{"cells":[{"value":"2009","html":"<td>2009</td>","links":[],"attrs":{},"is_header":false,"rowspan":1,"colspan":1,"original_rowspan":1,"original_colspan":1},{"value":"T. K. S. Elangovan","html":"<td><a href=\"/wiki/T._K._S._Elangovan\" title=\"T. K. S. Elangovan\">T. K. S. Elangovan</a></td>","links":[{"href":"/wiki/T._K._S._Elangovan","start":0,"end":18,"is_selflink":false}],"attrs":{},"is_header":false,"rowspan":1,"colspan":1,"original_rowspan":1,"original_colspan":1},{"value":"DMK","html":"<td><a href=\"/wiki/Dravida_Munnetra_Kazhagam\" title=\"Dravida Munnetra Kazhagam\">DMK</a></td>","links":[{"href":"/wiki/Dravida_Munnetra_Kazhagam","start":0,"end":3,"is_selflink":false}],"attrs":{},"is_header":false,"rowspan":1,"colspan":1,"original_rowspan":1,"original_colspan":1},{"value":"D. Pandian","html":"<td><a href=\"/wiki/D._Pandian\" title=\"D. Pandian\">D. Pandian</a></td>","links":[{"href":"/wiki/D._Pandian","start":0,"end":10,"is_selflink":false}],"attrs":{},"is_header":false,"rowspan":1,"colspan":1,"original_rowspan":1,"original_colspan":1},{"value":"CPI","html":"<td><a href=\"/wiki/Communist_Party_of_India_(Marxist)\" title=\"Communist Party of India (Marxist)\">CPI</a></td>","links":[{"href":"/wiki/Communist_Party_of_India_(Marxist)","start":0,"end":3,"is_selflink":false}],"attrs":{},"is_header":false,"rowspan":1,"colspan":1,"original_rowspan":1,"original_colspan":1}],"attrs":{}},{"cells":[{"value":"2014","html":"<td>2014</td>","links":[],"attrs":{},"is_header":false,"rowspan":1,"colspan":1,"original_rowspan":1,"original_colspan":1},{"value":"T. G. Venkatesh Babu","html":"<td><a href=\"/wiki/T._G._Venkatesh_Babu\" title=\"T. G. Venkatesh Babu\">T. G. Venkatesh Babu</a></td>","links":[{"href":"/wiki/T._G._Venkatesh_Babu","start":0,"end":20,"is_selflink":false}],"attrs":{},"is_header":false,"rowspan":1,"colspan":1,"original_rowspan":1,"original_colspan":1},{"value":"AIADMK","html":"<td><a class=\"mw-redirect\" href=\"/wiki/Anna_Dravida_Munnetra_Kazhagam\" title=\"Anna Dravida Munnetra Kazhagam\">AIADMK</a></td>","links":[{"href":"/wiki/Anna_Dravida_Munnetra_Kazhagam","start":0,"end":6,"is_selflink":false}],"attrs":{},"is_header":false,"rowspan":1,"colspan":1,"original_rowspan":1,"original_colspan":1},{"value":"R. Girirajan","html":"<td><a class=\"new\" href=\"/w/index.php?title=R._Girirajan&amp;action=edit&amp;redlink=1\" title=\"R. Girirajan (page does not exist)\">R. Girirajan</a></td>","links":[{"href":"/w/index.php?title=R._Girirajan&action=edit&redlink=1","start":0,"end":12,"is_selflink":false}],"attrs":{},"is_header":false,"rowspan":1,"colspan":1,"original_rowspan":1,"original_colspan":1},{"value":"DMK","html":"<td><a href=\"/wiki/Dravida_Munnetra_Kazhagam\" title=\"Dravida Munnetra Kazhagam\">DMK</a></td>","links":[{"href":"/wiki/Dravida_Munnetra_Kazhagam","start":0,"end":3,"is_selflink":false}],"attrs":{},"is_header":false,"rowspan":1,"colspan":1,"original_rowspan":1,"original_colspan":1}],"attrs":{}},{"cells":[{"value":"2019","html":"<td>2019</td>","links":[],"attrs":{},"is_header":false,"rowspan":1,"colspan":1,"original_rowspan":1,"original_colspan":1},{"value":"Kalanidhi Veeraswamy","html":"<td><a href=\"/wiki/Kalanidhi_Veeraswamy\" title=\"Kalanidhi Veeraswamy\">Kalanidhi Veeraswamy</a></td>","links":[{"href":"/wiki/Kalanidhi_Veeraswamy","start":0,"end":20,"is_selflink":false}],"attrs":{},"is_header":false,"rowspan":1,"colspan":1,"original_rowspan":1,"original_colspan":1},{"value":"DMK","html":"<td><a href=\"/wiki/Dravida_Munnetra_Kazhagam\" title=\"Dravida Munnetra Kazhagam\">DMK</a></td>","links":[{"href":"/wiki/Dravida_Munnetra_Kazhagam","start":0,"end":3,"is_selflink":false}],"attrs":{},"is_header":false,"rowspan":1,"colspan":1,"original_rowspan":1,"original_colspan":1},{"value":"Alagaapuram R.Mohanraj","html":"<td><a class=\"new\" href=\"/w/index.php?title=Alagaapuram_R.Mohanraj&amp;action=edit&amp;redlink=1\" title=\"Alagaapuram R.Mohanraj (page does not exist)\">Alagaapuram R.Mohanraj</a></td>","links":[{"href":"/w/index.php?title=Alagaapuram_R.Mohanraj&action=edit&redlink=1","start":0,"end":22,"is_selflink":false}],"attrs":{},"is_header":false,"rowspan":1,"colspan":1,"original_rowspan":1,"original_colspan":1},{"value":"DMDK","html":"<td><a href=\"/wiki/Desiya_Murpokku_Dravida_Kazhagam\" title=\"Desiya Murpokku Dravida Kazhagam\">DMDK</a></td>","links":[{"href":"/wiki/Desiya_Murpokku_Dravida_Kazhagam","start":0,"end":4,"is_selflink":false}],"attrs":{},"is_header":false,"rowspan":1,"colspan":1,"original_rowspan":1,"original_colspan":1}],"attrs":{}}],"caption":null,"attrs":{"width":"80%","cellpadding":"2","cellspacing":"0","border":"1","style":"border-collapse: collapse; border: 2px #DEE8F1 solid; font-size: x-big; font-family: verdana"},"classes":[""],"is_spanned":true,"external_links":{"http://en.wikipedia.org/wiki/S._C._C._Anthony_Pillai":{"dbpedia":null,"qnode":null,"qnode_id":"Q27178246"},"http://en.wikipedia.org/wiki/Independent_(politician)":{"dbpedia":null,"qnode":null,"qnode_id":"Q327591"},"http://en.wikipedia.org/w/index.php?title=T._Chengalvarayan&action=edit&redlink=1":{"dbpedia":null,"qnode":null,"qnode_id":null},"http://en.wikipedia.org/wiki/Indian_National_Congress":{"dbpedia":null,"qnode":null,"qnode_id":"Q10225"},"http://en.wikipedia.org/wiki/P._Srinivasan":{"dbpedia":null,"qnode":null,"qnode_id":"Q7117532"},"http://en.wikipedia.org/wiki/Abdul_Samad":{"dbpedia":null,"qnode":null,"qnode_id":"Q13057047"},"http://en.wikipedia.org/wiki/Indian_Union_Muslim_League":{"dbpedia":null,"qnode":null,"qnode_id":"Q3196786"},"http://en.wikipedia.org/wiki/Krishnan_Manoharan":{"dbpedia":null,"qnode":null,"qnode_id":"Q13651858"},"http://en.wikipedia.org/wiki/Dravida_Munnetra_Kazhagam":{"dbpedia":null,"qnode":null,"qnode_id":"Q1255973"},"http://en.wikipedia.org/wiki/S._C._C._A._Pillai":{"dbpedia":null,"qnode":null,"qnode_id":"Q27178246"},"http://en.wikipedia.org/w/index.php?title=S._G._Vinayaga_Moorthy&action=edit&redlink=1":{"dbpedia":null,"qnode":null,"qnode_id":null},"http://en.wikipedia.org/wiki/Indian_National_Congress_(Organisation)":{"dbpedia":null,"qnode":null,"qnode_id":"Q3523002"},"http://en.wikipedia.org/wiki/A._V._P._Asaithambi":{"dbpedia":null,"qnode":null,"qnode_id":"Q3523493"},"http://en.wikipedia.org/wiki/Nanjil_K._Manoharan":{"dbpedia":null,"qnode":null,"qnode_id":"Q13651858"},"http://en.wikipedia.org/wiki/Anna_Dravida_Munnetra_Kazhagam":{"dbpedia":null,"qnode":null,"qnode_id":"Q651141"},"http://en.wikipedia.org/wiki/G._Lakshmanan":{"dbpedia":null,"qnode":null,"qnode_id":"Q17388369"},"http://en.wikipedia.org/wiki/M._S._Abdul_Khader":{"dbpedia":null,"qnode":null,"qnode_id":"Q6713078"},"http://en.wikipedia.org/wiki/N._V._N._Somu":{"dbpedia":null,"qnode":null,"qnode_id":"Q6951817"},"http://en.wikipedia.org/wiki/D._Pandian":{"dbpedia":null,"qnode":null,"qnode_id":"Q5203770"},"http://en.wikipedia.org/wiki/Aladi_Aruna":{"dbpedia":null,"qnode":null,"qnode_id":"Q3523331"},"http://en.wikipedia.org/wiki/C._Kuppusami":{"dbpedia":null,"qnode":null,"qnode_id":"Q3536007"},"http://en.wikipedia.org/w/index.php?title=R._T._Sabapathy_Mohan&action=edit&redlink=1":{"dbpedia":null,"qnode":null,"qnode_id":null},"http://en.wikipedia.org/wiki/Marumalarchi_Dravida_Munnetra_Kazhagam":{"dbpedia":null,"qnode":null,"qnode_id":"Q195119"},"http://en.wikipedia.org/wiki/N._Soundararajan":{"dbpedia":null,"qnode":null,"qnode_id":"Q16885808"},"http://en.wikipedia.org/wiki/Communist_Party_of_India_(Marxist)":{"dbpedia":null,"qnode":null,"qnode_id":"Q234277"},"http://en.wikipedia.org/w/index.php?title=M.N._Sukumaran_Nambiar&action=edit&redlink=1":{"dbpedia":null,"qnode":null,"qnode_id":null},"http://en.wikipedia.org/wiki/Bharatiya_Janata_Party":{"dbpedia":null,"qnode":null,"qnode_id":"Q10230"},"http://en.wikipedia.org/wiki/T._K._S._Elangovan":{"dbpedia":null,"qnode":null,"qnode_id":"Q7668443"},"http://en.wikipedia.org/wiki/T._G._Venkatesh_Babu":{"dbpedia":null,"qnode":null,"qnode_id":"Q17037906"},"http://en.wikipedia.org/w/index.php?title=R._Girirajan&action=edit&redlink=1":{"dbpedia":null,"qnode":null,"qnode_id":null},"http://en.wikipedia.org/wiki/Kalanidhi_Veeraswamy":{"dbpedia":null,"qnode":null,"qnode_id":"Q64011479"},"http://en.wikipedia.org/w/index.php?title=Alagaapuram_R.Mohanraj&action=edit&redlink=1":{"dbpedia":null,"qnode":null,"qnode_id":null},"http://en.wikipedia.org/wiki/Desiya_Murpokku_Dravida_Kazhagam":{"dbpedia":null,"qnode":null,"qnode_id":"Q1200751"},"https://en.wikipedia.org/wiki/Chennai_North_(Lok_Sabha_constituency)":{"dbpedia":null,"qnode":null,"qnode_id":"Q3532545"}}}
