{"id":"http://dbpedia.org/resource/Saharanpur_(Lok_Sabha_constituency)?dbpv=2020-02&nif=table&ref=2_2&order=0","pageURI":"http://dbpedia.org/resource/Saharanpur_(Lok_Sabha_constituency)?dbpv=2020-02&nif=context","rows":[{"cells":[{"value":"Year","html":"<th style=\"background-color:#666666; color:white\">Year</th>","links":[],"attrs":{"style":"background-color:#666666; color:white"},"is_header":true,"rowspan":1,"colspan":1,"original_rowspan":1,"original_colspan":1},{"value":"Winner","html":"<th style=\"background-color:#666666; color:white\">Winner</th>","links":[],"attrs":{"style":"background-color:#666666; color:white"},"is_header":true,"rowspan":1,"colspan":1,"original_rowspan":1,"original_colspan":1},{"value":"Party","html":"<th style=\"background-color:#666666; color:white\">Party</th>","links":[],"attrs":{"style":"background-color:#666666; color:white"},"is_header":true,"rowspan":1,"colspan":1,"original_rowspan":1,"original_colspan":1}],"attrs":{}},{"cells":[{"value":"1952","html":"<td rowspan=\"3\"><a href=\"/wiki/1951%E2%80%9352_Indian_general_election\" title=\"1951–52 Indian general election\">1952</a></td>","links":[{"href":"/wiki/1951%E2%80%9352_Indian_general_election","start":0,"end":4,"is_selflink":false}],"attrs":{"rowspan":"3"},"is_header":false,"rowspan":1,"colspan":1,"original_rowspan":3,"original_colspan":1},{"value":"Ajit Prasad Jain","html":"<td><a href=\"/wiki/Ajit_Prasad_Jain\" title=\"Ajit Prasad Jain\">Ajit Prasad Jain</a></td>","links":[{"href":"/wiki/Ajit_Prasad_Jain","start":0,"end":16,"is_selflink":false}],"attrs":{},"is_header":false,"rowspan":1,"colspan":1,"original_rowspan":1,"original_colspan":1},{"value":"Indian National Congress","html":"<td><a href=\"/wiki/Indian_National_Congress\" title=\"Indian National Congress\">Indian National Congress</a></td>","links":[{"href":"/wiki/Indian_National_Congress","start":0,"end":24,"is_selflink":false}],"attrs":{},"is_header":false,"rowspan":1,"colspan":1,"original_rowspan":1,"original_colspan":1}],"attrs":{}},{"cells":[{"value":"1952","html":"<td rowspan=\"3\"><a href=\"/wiki/1951%E2%80%9352_Indian_general_election\" title=\"1951–52 Indian general election\">1952</a></td>","links":[{"href":"/wiki/1951%E2%80%9352_Indian_general_election","start":0,"end":4,"is_selflink":false}],"attrs":{"rowspan":"3"},"is_header":false,"rowspan":1,"colspan":1,"original_rowspan":3,"original_colspan":1},{"value":"Mahavir Tyagi","html":"<td><a href=\"/wiki/Mahavir_Tyagi\" title=\"Mahavir Tyagi\">Mahavir Tyagi</a></td>","links":[{"href":"/wiki/Mahavir_Tyagi","start":0,"end":13,"is_selflink":false}],"attrs":{},"is_header":false,"rowspan":1,"colspan":1,"original_rowspan":1,"original_colspan":1},{"value":"Indian National Congress","html":"<td><a href=\"/wiki/Indian_National_Congress\" title=\"Indian National Congress\">Indian National Congress</a></td>","links":[{"href":"/wiki/Indian_National_Congress","start":0,"end":24,"is_selflink":false}],"attrs":{},"is_header":false,"rowspan":1,"colspan":1,"original_rowspan":1,"original_colspan":1}],"attrs":{}},{"cells":[{"value":"1952","html":"<td rowspan=\"3\"><a href=\"/wiki/1951%E2%80%9352_Indian_general_election\" title=\"1951–52 Indian general election\">1952</a></td>","links":[{"href":"/wiki/1951%E2%80%9352_Indian_general_election","start":0,"end":4,"is_selflink":false}],"attrs":{"rowspan":"3"},"is_header":false,"rowspan":1,"colspan":1,"original_rowspan":3,"original_colspan":1},{"value":"Sunder Lal","html":"<td><a href=\"/wiki/Sunder_Lal\" title=\"Sunder Lal\">Sunder Lal</a></td>","links":[{"href":"/wiki/Sunder_Lal","start":0,"end":10,"is_selflink":false}],"attrs":{},"is_header":false,"rowspan":1,"colspan":1,"original_rowspan":1,"original_colspan":1},{"value":"Indian National Congress","html":"<td><a href=\"/wiki/Indian_National_Congress\" title=\"Indian National Congress\">Indian National Congress</a></td>","links":[{"href":"/wiki/Indian_National_Congress","start":0,"end":24,"is_selflink":false}],"attrs":{},"is_header":false,"rowspan":1,"colspan":1,"original_rowspan":1,"original_colspan":1}],"attrs":{}},{"cells":[{"value":"1957","html":"<td rowspan=\"2\"><a href=\"/wiki/1957_Indian_general_election\" title=\"1957 Indian general election\">1957</a></td>","links":[{"href":"/wiki/1957_Indian_general_election","start":0,"end":4,"is_selflink":false}],"attrs":{"rowspan":"2"},"is_header":false,"rowspan":1,"colspan":1,"original_rowspan":2,"original_colspan":1},{"value":"Ajit Prasad Jain","html":"<td><a href=\"/wiki/Ajit_Prasad_Jain\" title=\"Ajit Prasad Jain\">Ajit Prasad Jain</a></td>","links":[{"href":"/wiki/Ajit_Prasad_Jain","start":0,"end":16,"is_selflink":false}],"attrs":{},"is_header":false,"rowspan":1,"colspan":1,"original_rowspan":1,"original_colspan":1},{"value":"Indian National Congress","html":"<td><a href=\"/wiki/Indian_National_Congress\" title=\"Indian National Congress\">Indian National Congress</a></td>","links":[{"href":"/wiki/Indian_National_Congress","start":0,"end":24,"is_selflink":false}],"attrs":{},"is_header":false,"rowspan":1,"colspan":1,"original_rowspan":1,"original_colspan":1}],"attrs":{}},{"cells":[{"value":"1957","html":"<td rowspan=\"2\"><a href=\"/wiki/1957_Indian_general_election\" title=\"1957 Indian general election\">1957</a></td>","links":[{"href":"/wiki/1957_Indian_general_election","start":0,"end":4,"is_selflink":false}],"attrs":{"rowspan":"2"},"is_header":false,"rowspan":1,"colspan":1,"original_rowspan":2,"original_colspan":1},{"value":"Sunder Lal","html":"<td><a href=\"/wiki/Sunder_Lal\" title=\"Sunder Lal\">Sunder Lal</a></td>","links":[{"href":"/wiki/Sunder_Lal","start":0,"end":10,"is_selflink":false}],"attrs":{},"is_header":false,"rowspan":1,"colspan":1,"original_rowspan":1,"original_colspan":1},{"value":"Indian National Congress","html":"<td><a href=\"/wiki/Indian_National_Congress\" title=\"Indian National Congress\">Indian National Congress</a></td>","links":[{"href":"/wiki/Indian_National_Congress","start":0,"end":24,"is_selflink":false}],"attrs":{},"is_header":false,"rowspan":1,"colspan":1,"original_rowspan":1,"original_colspan":1}],"attrs":{}},{"cells":[{"value":"1962","html":"<td><a href=\"/wiki/1962_Indian_general_election\" title=\"1962 Indian general election\">1962</a></td>","links":[{"href":"/wiki/1962_Indian_general_election","start":0,"end":4,"is_selflink":false}],"attrs":{},"is_header":false,"rowspan":1,"colspan":1,"original_rowspan":1,"original_colspan":1},{"value":"Sunder Lal","html":"<td><a href=\"/wiki/Sunder_Lal\" title=\"Sunder Lal\">Sunder Lal</a></td>","links":[{"href":"/wiki/Sunder_Lal","start":0,"end":10,"is_selflink":false}],"attrs":{},"is_header":false,"rowspan":1,"colspan":1,"original_rowspan":1,"original_colspan":1},{"value":"Indian National Congress","html":"<td><a href=\"/wiki/Indian_National_Congress\" title=\"Indian National Congress\">Indian National Congress</a></td>","links":[{"href":"/wiki/Indian_National_Congress","start":0,"end":24,"is_selflink":false}],"attrs":{},"is_header":false,"rowspan":1,"colspan":1,"original_rowspan":1,"original_colspan":1}],"attrs":{}},{"cells":[{"value":"1967","html":"<td><a href=\"/wiki/1967_Indian_general_election\" title=\"1967 Indian general election\">1967</a></td>","links":[{"href":"/wiki/1967_Indian_general_election","start":0,"end":4,"is_selflink":false}],"attrs":{},"is_header":false,"rowspan":1,"colspan":1,"original_rowspan":1,"original_colspan":1},{"value":"Sunder Lal","html":"<td><a href=\"/wiki/Sunder_Lal\" title=\"Sunder Lal\">Sunder Lal</a></td>","links":[{"href":"/wiki/Sunder_Lal","start":0,"end":10,"is_selflink":false}],"attrs":{},"is_header":false,"rowspan":1,"colspan":1,"original_rowspan":1,"original_colspan":1},{"value":"Indian National Congress","html":"<td><a href=\"/wiki/Indian_National_Congress\" title=\"Indian National Congress\">Indian National Congress</a></td>","links":[{"href":"/wiki/Indian_National_Congress","start":0,"end":24,"is_selflink":false}],"attrs":{},"is_header":false,"rowspan":1,"colspan":1,"original_rowspan":1,"original_colspan":1}],"attrs":{}},{"cells":[{"value":"1971","html":"<td><a href=\"/wiki/1971_Indian_general_election\" title=\"1971 Indian general election\">1971</a></td>","links":[{"href":"/wiki/1971_Indian_general_election","start":0,"end":4,"is_selflink":false}],"attrs":{},"is_header":false,"rowspan":1,"colspan":1,"original_rowspan":1,"original_colspan":1},{"value":"Sunder Lal","html":"<td><a href=\"/wiki/Sunder_Lal\" title=\"Sunder Lal\">Sunder Lal</a></td>","links":[{"href":"/wiki/Sunder_Lal","start":0,"end":10,"is_selflink":false}],"attrs":{},"is_header":false,"rowspan":1,"colspan":1,"original_rowspan":1,"original_colspan":1},{"value":"Indian National Congress","html":"<td><a href=\"/wiki/Indian_National_Congress\" title=\"Indian National Congress\">Indian National Congress</a></td>","links":[{"href":"/wiki/Indian_National_Congress","start":0,"end":24,"is_selflink":false}],"attrs":{},"is_header":false,"rowspan":1,"colspan":1,"original_rowspan":1,"original_colspan":1}],"attrs":{}},{"cells":[{"value":"1977","html":"<td><a href=\"/wiki/1977_Indian_general_election\" title=\"1977 Indian general election\">1977</a></td>","links":[{"href":"/wiki/1977_Indian_general_election","start":0,"end":4,"is_selflink":false}],"attrs":{},"is_header":false,"rowspan":1,"colspan":1,"original_rowspan":1,"original_colspan":1},{"value":"Rasheed Masood","html":"<td><a href=\"/wiki/Rasheed_Masood\" title=\"Rasheed Masood\">Rasheed Masood</a></td>","links":[{"href":"/wiki/Rasheed_Masood","start":0,"end":14,"is_selflink":false}],"attrs":{},"is_header":false,"rowspan":1,"colspan":1,"original_rowspan":1,"original_colspan":1},{"value":"Janata Party","html":"<td><a href=\"/wiki/Janata_Party\" title=\"Janata Party\">Janata Party</a></td>","links":[{"href":"/wiki/Janata_Party","start":0,"end":12,"is_selflink":false}],"attrs":{},"is_header":false,"rowspan":1,"colspan":1,"original_rowspan":1,"original_colspan":1}],"attrs":{}},{"cells":[{"value":"1980","html":"<td><a href=\"/wiki/1980_Indian_general_election\" title=\"1980 Indian general election\">1980</a></td>","links":[{"href":"/wiki/1980_Indian_general_election","start":0,"end":4,"is_selflink":false}],"attrs":{},"is_header":false,"rowspan":1,"colspan":1,"original_rowspan":1,"original_colspan":1},{"value":"Rasheed Masood","html":"<td><a href=\"/wiki/Rasheed_Masood\" title=\"Rasheed Masood\">Rasheed Masood</a></td>","links":[{"href":"/wiki/Rasheed_Masood","start":0,"end":14,"is_selflink":false}],"attrs":{},"is_header":false,"rowspan":1,"colspan":1,"original_rowspan":1,"original_colspan":1},{"value":"Janata Party (Secular)","html":"<td><a href=\"/wiki/Janata_Party_(Secular)\" title=\"Janata Party (Secular)\">Janata Party (Secular)</a></td>","links":[{"href":"/wiki/Janata_Party_(Secular)","start":0,"end":22,"is_selflink":false}],"attrs":{},"is_header":false,"rowspan":1,"colspan":1,"original_rowspan":1,"original_colspan":1}],"attrs":{}},{"cells":[{"value":"1984","html":"<td><a href=\"/wiki/1984_Indian_general_election\" title=\"1984 Indian general election\">1984</a></td>","links":[{"href":"/wiki/1984_Indian_general_election","start":0,"end":4,"is_selflink":false}],"attrs":{},"is_header":false,"rowspan":1,"colspan":1,"original_rowspan":1,"original_colspan":1},{"value":"Chaudhary Yashpal Singh","html":"<td><a class=\"mw-redirect\" href=\"/wiki/Chaudhary_Yashpal_Singh\" title=\"Chaudhary Yashpal Singh\">Chaudhary Yashpal Singh</a></td>","links":[{"href":"/wiki/Chaudhary_Yashpal_Singh","start":0,"end":23,"is_selflink":false}],"attrs":{},"is_header":false,"rowspan":1,"colspan":1,"original_rowspan":1,"original_colspan":1},{"value":"Indian National Congress","html":"<td><a href=\"/wiki/Indian_National_Congress\" title=\"Indian National Congress\">Indian National Congress</a></td>","links":[{"href":"/wiki/Indian_National_Congress","start":0,"end":24,"is_selflink":false}],"attrs":{},"is_header":false,"rowspan":1,"colspan":1,"original_rowspan":1,"original_colspan":1}],"attrs":{}},{"cells":[{"value":"1989","html":"<td><a href=\"/wiki/1989_Indian_general_election\" title=\"1989 Indian general election\">1989</a></td>","links":[{"href":"/wiki/1989_Indian_general_election","start":0,"end":4,"is_selflink":false}],"attrs":{},"is_header":false,"rowspan":1,"colspan":1,"original_rowspan":1,"original_colspan":1},{"value":"Rasheed Masood","html":"<td><a href=\"/wiki/Rasheed_Masood\" title=\"Rasheed Masood\">Rasheed Masood</a></td>","links":[{"href":"/wiki/Rasheed_Masood","start":0,"end":14,"is_selflink":false}],"attrs":{},"is_header":false,"rowspan":1,"colspan":1,"original_rowspan":1,"original_colspan":1},{"value":"Janata Dal","html":"<td><a href=\"/wiki/Janata_Dal\" title=\"Janata Dal\">Janata Dal</a></td>","links":[{"href":"/wiki/Janata_Dal","start":0,"end":10,"is_selflink":false}],"attrs":{},"is_header":false,"rowspan":1,"colspan":1,"original_rowspan":1,"original_colspan":1}],"attrs":{}},{"cells":[{"value":"1991","html":"<td><a href=\"/wiki/1991_Indian_general_election\" title=\"1991 Indian general election\">1991</a></td>","links":[{"href":"/wiki/1991_Indian_general_election","start":0,"end":4,"is_selflink":false}],"attrs":{},"is_header":false,"rowspan":1,"colspan":1,"original_rowspan":1,"original_colspan":1},{"value":"Rasheed Masood","html":"<td><a href=\"/wiki/Rasheed_Masood\" title=\"Rasheed Masood\">Rasheed Masood</a></td>","links":[{"href":"/wiki/Rasheed_Masood","start":0,"end":14,"is_selflink":false}],"attrs":{},"is_header":false,"rowspan":1,"colspan":1,"original_rowspan":1,"original_colspan":1},{"value":"Janata Dal","html":"<td><a href=\"/wiki/Janata_Dal\" title=\"Janata Dal\">Janata Dal</a></td>","links":[{"href":"/wiki/Janata_Dal","start":0,"end":10,"is_selflink":false}],"attrs":{},"is_header":false,"rowspan":1,"colspan":1,"original_rowspan":1,"original_colspan":1}],"attrs":{}},{"cells":[{"value":"1996","html":"<td><a href=\"/wiki/1996_Indian_general_election\" title=\"1996 Indian general election\">1996</a></td>","links":[{"href":"/wiki/1996_Indian_general_election","start":0,"end":4,"is_selflink":false}],"attrs":{},"is_header":false,"rowspan":1,"colspan":1,"original_rowspan":1,"original_colspan":1},{"value":"Nakli Singh","html":"<td><a href=\"/wiki/Nakli_Singh\" title=\"Nakli Singh\">Nakli Singh</a></td>","links":[{"href":"/wiki/Nakli_Singh","start":0,"end":11,"is_selflink":false}],"attrs":{},"is_header":false,"rowspan":1,"colspan":1,"original_rowspan":1,"original_colspan":1},{"value":"Bharatiya Janata Party","html":"<td><a href=\"/wiki/Bharatiya_Janata_Party\" title=\"Bharatiya Janata Party\">Bharatiya Janata Party</a></td>","links":[{"href":"/wiki/Bharatiya_Janata_Party","start":0,"end":22,"is_selflink":false}],"attrs":{},"is_header":false,"rowspan":1,"colspan":1,"original_rowspan":1,"original_colspan":1}],"attrs":{}},{"cells":[{"value":"1998","html":"<td><a href=\"/wiki/1998_Indian_general_election\" title=\"1998 Indian general election\">1998</a></td>","links":[{"href":"/wiki/1998_Indian_general_election","start":0,"end":4,"is_selflink":false}],"attrs":{},"is_header":false,"rowspan":1,"colspan":1,"original_rowspan":1,"original_colspan":1},{"value":"Nakli Singh","html":"<td><a href=\"/wiki/Nakli_Singh\" title=\"Nakli Singh\">Nakli Singh</a></td>","links":[{"href":"/wiki/Nakli_Singh","start":0,"end":11,"is_selflink":false}],"attrs":{},"is_header":false,"rowspan":1,"colspan":1,"original_rowspan":1,"original_colspan":1},{"value":"Bharatiya Janata Party","html":"<td><a href=\"/wiki/Bharatiya_Janata_Party\" title=\"Bharatiya Janata Party\">Bharatiya Janata Party</a></td>","links":[{"href":"/wiki/Bharatiya_Janata_Party","start":0,"end":22,"is_selflink":false}],"attrs":{},"is_header":false,"rowspan":1,"colspan":1,"original_rowspan":1,"original_colspan":1}],"attrs":{}},{"cells":[{"value":"1999","html":"<td><a href=\"/wiki/1999_Indian_general_election\" title=\"1999 Indian general election\">1999</a></td>","links":[{"href":"/wiki/1999_Indian_general_election","start":0,"end":4,"is_selflink":false}],"attrs":{},"is_header":false,"rowspan":1,"colspan":1,"original_rowspan":1,"original_colspan":1},{"value":"Mansoor Ali Khan","html":"<td><a class=\"mw-redirect\" href=\"/wiki/Mansoor_Ali_Khan_(Politician)\" title=\"Mansoor Ali Khan (Politician)\">Mansoor Ali Khan</a></td>","links":[{"href":"/wiki/Mansoor_Ali_Khan_(Politician)","start":0,"end":16,"is_selflink":false}],"attrs":{},"is_header":false,"rowspan":1,"colspan":1,"original_rowspan":1,"original_colspan":1},{"value":"Bahujan Samaj Party","html":"<td><a href=\"/wiki/Bahujan_Samaj_Party\" title=\"Bahujan Samaj Party\">Bahujan Samaj Party</a></td>","links":[{"href":"/wiki/Bahujan_Samaj_Party","start":0,"end":19,"is_selflink":false}],"attrs":{},"is_header":false,"rowspan":1,"colspan":1,"original_rowspan":1,"original_colspan":1}],"attrs":{}},{"cells":[{"value":"2004","html":"<td><a href=\"/wiki/2004_Indian_general_election\" title=\"2004 Indian general election\">2004</a></td>","links":[{"href":"/wiki/2004_Indian_general_election","start":0,"end":4,"is_selflink":false}],"attrs":{},"is_header":false,"rowspan":1,"colspan":1,"original_rowspan":1,"original_colspan":1},{"value":"Rasheed Masood","html":"<td><a href=\"/wiki/Rasheed_Masood\" title=\"Rasheed Masood\">Rasheed Masood</a></td>","links":[{"href":"/wiki/Rasheed_Masood","start":0,"end":14,"is_selflink":false}],"attrs":{},"is_header":false,"rowspan":1,"colspan":1,"original_rowspan":1,"original_colspan":1},{"value":"Samajwadi Party","html":"<td><a href=\"/wiki/Samajwadi_Party\" title=\"Samajwadi Party\">Samajwadi Party</a></td>","links":[{"href":"/wiki/Samajwadi_Party","start":0,"end":15,"is_selflink":false}],"attrs":{},"is_header":false,"rowspan":1,"colspan":1,"original_rowspan":1,"original_colspan":1}],"attrs":{}},{"cells":[{"value":"2009","html":"<td><a href=\"/wiki/2009_Indian_general_election\" title=\"2009 Indian general election\">2009</a></td>","links":[{"href":"/wiki/2009_Indian_general_election","start":0,"end":4,"is_selflink":false}],"attrs":{},"is_header":false,"rowspan":1,"colspan":1,"original_rowspan":1,"original_colspan":1},{"value":"Jagdish Singh Rana","html":"<td><a href=\"/wiki/Jagdish_Singh_Rana\" title=\"Jagdish Singh Rana\">Jagdish Singh Rana</a></td>","links":[{"href":"/wiki/Jagdish_Singh_Rana","start":0,"end":18,"is_selflink":false}],"attrs":{},"is_header":false,"rowspan":1,"colspan":1,"original_rowspan":1,"original_colspan":1},{"value":"Bahujan Samaj Party","html":"<td><a href=\"/wiki/Bahujan_Samaj_Party\" title=\"Bahujan Samaj Party\">Bahujan Samaj Party</a></td>","links":[{"href":"/wiki/Bahujan_Samaj_Party","start":0,"end":19,"is_selflink":false}],"attrs":{},"is_header":false,"rowspan":1,"colspan":1,"original_rowspan":1,"original_colspan":1}],"attrs":{}},{"cells":[{"value":"2014","html":"<td><a href=\"/wiki/2014_Indian_general_election\" title=\"2014 Indian general election\">2014</a></td>","links":[{"href":"/wiki/2014_Indian_general_election","start":0,"end":4,"is_selflink":false}],"attrs":{},"is_header":false,"rowspan":1,"colspan":1,"original_rowspan":1,"original_colspan":1},{"value":"Raghav Lakhanpal","html":"<td><a href=\"/wiki/Raghav_Lakhanpal\" title=\"Raghav Lakhanpal\">Raghav Lakhanpal</a></td>","links":[{"href":"/wiki/Raghav_Lakhanpal","start":0,"end":16,"is_selflink":false}],"attrs":{},"is_header":false,"rowspan":1,"colspan":1,"original_rowspan":1,"original_colspan":1},{"value":"Bharatiya Janata Party","html":"<td><a href=\"/wiki/Bharatiya_Janata_Party\" title=\"Bharatiya Janata Party\">Bharatiya Janata Party</a></td>","links":[{"href":"/wiki/Bharatiya_Janata_Party","start":0,"end":22,"is_selflink":false}],"attrs":{},"is_header":false,"rowspan":1,"colspan":1,"original_rowspan":1,"original_colspan":1}],"attrs":{}},{"cells":[{"value":"2019","html":"<td><a href=\"/wiki/2019_Indian_general_election\" title=\"2019 Indian general election\">2019</a></td>","links":[{"href":"/wiki/2019_Indian_general_election","start":0,"end":4,"is_selflink":false}],"attrs":{},"is_header":false,"rowspan":1,"colspan":1,"original_rowspan":1,"original_colspan":1},{"value":"Haji Fazlur Rehman","html":"<td><a href=\"/wiki/Haji_Fazlur_Rehman\" title=\"Haji Fazlur Rehman\">Haji Fazlur Rehman</a></td>","links":[{"href":"/wiki/Haji_Fazlur_Rehman","start":0,"end":18,"is_selflink":false}],"attrs":{},"is_header":false,"rowspan":1,"colspan":1,"original_rowspan":1,"original_colspan":1},{"value":"Bahujan Samaj Party","html":"<td><a href=\"/wiki/Bahujan_Samaj_Party\" title=\"Bahujan Samaj Party\">Bahujan Samaj Party</a></td>","links":[{"href":"/wiki/Bahujan_Samaj_Party","start":0,"end":19,"is_selflink":false}],"attrs":{},"is_header":false,"rowspan":1,"colspan":1,"original_rowspan":1,"original_colspan":1}],"attrs":{}}],"caption":null,"attrs":{"class":["sortable"],"width":"70%","cellpadding":"2","cellspacing":"0","border":"1","style":"border-collapse: collapse; border: 2px #000000 solid; font-size: x-big; font-family: verdana"},"classes":["sortable"],"is_spanned":true,"external_links":{"http://en.wikipedia.org/wiki/1951%E2%80%9352_Indian_general_election":{"dbpedia":null,"qnode":null,"qnode_id":"Q3531591"},"http://en.wikipedia.org/wiki/Ajit_Prasad_Jain":{"dbpedia":null,"qnode":null,"qnode_id":"Q4699796"},"http://en.wikipedia.org/wiki/Indian_National_Congress":{"dbpedia":null,"qnode":null,"qnode_id":"Q10225"},"http://en.wikipedia.org/wiki/Mahavir_Tyagi":{"dbpedia":null,"qnode":null,"qnode_id":"Q6733578"},"http://en.wikipedia.org/wiki/Sunder_Lal":{"dbpedia":null,"qnode":null,"qnode_id":"Q16197859"},"http://en.wikipedia.org/wiki/1957_Indian_general_election":{"dbpedia":null,"qnode":null,"qnode_id":"Q3532217"},"http://en.wikipedia.org/wiki/1962_Indian_general_election":{"dbpedia":null,"qnode":null,"qnode_id":"Q3532199"},"http://en.wikipedia.org/wiki/1967_Indian_general_election":{"dbpedia":null,"qnode":null,"qnode_id":"Q3532250"},"http://en.wikipedia.org/wiki/1971_Indian_general_election":{"dbpedia":null,"qnode":null,"qnode_id":"Q3532241"},"http://en.wikipedia.org/wiki/1977_Indian_general_election":{"dbpedia":null,"qnode":null,"qnode_id":"Q3531393"},"http://en.wikipedia.org/wiki/Rasheed_Masood":{"dbpedia":null,"qnode":null,"qnode_id":"Q7294844"},"http://en.wikipedia.org/wiki/Janata_Party":{"dbpedia":null,"qnode":null,"qnode_id":"Q2352638"},"http://en.wikipedia.org/wiki/1980_Indian_general_election":{"dbpedia":null,"qnode":null,"qnode_id":"Q3532192"},"http://en.wikipedia.org/wiki/Janata_Party_(Secular)":{"dbpedia":null,"qnode":null,"qnode_id":"Q6150842"},"http://en.wikipedia.org/wiki/1984_Indian_general_election":{"dbpedia":null,"qnode":null,"qnode_id":"Q3532183"},"http://en.wikipedia.org/wiki/Chaudhary_Yashpal_Singh":{"dbpedia":null,"qnode":null,"qnode_id":"Q16089699"},"http://en.wikipedia.org/wiki/1989_Indian_general_election":{"dbpedia":null,"qnode":null,"qnode_id":"Q3532186"},"http://en.wikipedia.org/wiki/Janata_Dal":{"dbpedia":null,"qnode":null,"qnode_id":"Q1682547"},"http://en.wikipedia.org/wiki/1991_Indian_general_election":{"dbpedia":null,"qnode":null,"qnode_id":"Q3532223"},"http://en.wikipedia.org/wiki/1996_Indian_general_election":{"dbpedia":null,"qnode":null,"qnode_id":"Q3532207"},"http://en.wikipedia.org/wiki/Nakli_Singh":{"dbpedia":null,"qnode":null,"qnode_id":"Q16106459"},"http://en.wikipedia.org/wiki/Bharatiya_Janata_Party":{"dbpedia":null,"qnode":null,"qnode_id":"Q10230"},"http://en.wikipedia.org/wiki/1998_Indian_general_election":{"dbpedia":null,"qnode":null,"qnode_id":"Q3532246"},"http://en.wikipedia.org/wiki/1999_Indian_general_election":{"dbpedia":null,"qnode":null,"qnode_id":"Q10968265"},"http://en.wikipedia.org/wiki/Mansoor_Ali_Khan_(Politician)":{"dbpedia":null,"qnode":null,"qnode_id":"Q16105666"},"http://en.wikipedia.org/wiki/Bahujan_Samaj_Party":{"dbpedia":null,"qnode":null,"qnode_id":"Q803681"},"http://en.wikipedia.org/wiki/2004_Indian_general_election":{"dbpedia":null,"qnode":null,"qnode_id":"Q3523023"},"http://en.wikipedia.org/wiki/Samajwadi_Party":{"dbpedia":null,"qnode":null,"qnode_id":"Q1546941"},"http://en.wikipedia.org/wiki/2009_Indian_general_election":{"dbpedia":null,"qnode":null,"qnode_id":"Q1134751"},"http://en.wikipedia.org/wiki/Jagdish_Singh_Rana":{"dbpedia":null,"qnode":null,"qnode_id":"Q6122347"},"http://en.wikipedia.org/wiki/2014_Indian_general_election":{"dbpedia":null,"qnode":null,"qnode_id":"Q3587169"},"http://en.wikipedia.org/wiki/Raghav_Lakhanpal":{"dbpedia":null,"qnode":null,"qnode_id":"Q16237847"},"http://en.wikipedia.org/wiki/2019_Indian_general_election":{"dbpedia":null,"qnode":null,"qnode_id":"Q28164181"},"http://en.wikipedia.org/wiki/Haji_Fazlur_Rehman":{"dbpedia":null,"qnode":null,"qnode_id":"Q64011201"},"https://en.wikipedia.org/wiki/Saharanpur_(Lok_Sabha_constituency)":{"dbpedia":null,"qnode":null,"qnode_id":"Q7399517"}}}
