{"id":"http://dbpedia.org/resource/SalamAir?dbpv=2020-02&nif=table&ref=3_2&order=0","pageURI":"http://dbpedia.org/resource/SalamAir?dbpv=2020-02&nif=context","rows":[{"cells":[{"value":"Country","html":"<th>Country</th>","links":[],"attrs":{},"is_header":true,"rowspan":1,"colspan":1,"original_rowspan":1,"original_colspan":1},{"value":"City","html":"<th>City</th>","links":[],"attrs":{},"is_header":true,"rowspan":1,"colspan":1,"original_rowspan":1,"original_colspan":1},{"value":"Airport","html":"<th>Airport</th>","links":[],"attrs":{},"is_header":true,"rowspan":1,"colspan":1,"original_rowspan":1,"original_colspan":1},{"value":"Notes","html":"<th>Notes</th>","links":[],"attrs":{},"is_header":true,"rowspan":1,"colspan":1,"original_rowspan":1,"original_colspan":1},{"value":"Refs","html":"<th>Refs</th>","links":[],"attrs":{},"is_header":true,"rowspan":1,"colspan":1,"original_rowspan":1,"original_colspan":1}],"attrs":{}},{"cells":[{"value":"Azerbaijan","html":"<td><a href=\"/wiki/Azerbaijan\" title=\"Azerbaijan\">Azerbaijan</a></td>","links":[{"href":"/wiki/Azerbaijan","start":0,"end":10,"is_selflink":false}],"attrs":{},"is_header":false,"rowspan":1,"colspan":1,"original_rowspan":1,"original_colspan":1},{"value":"Baku","html":"<td><a href=\"/wiki/Baku\" title=\"Baku\">Baku</a></td>","links":[{"href":"/wiki/Baku","start":0,"end":4,"is_selflink":false}],"attrs":{},"is_header":false,"rowspan":1,"colspan":1,"original_rowspan":1,"original_colspan":1},{"value":"Heydar Aliyev International Airport","html":"<td><a href=\"/wiki/Heydar_Aliyev_International_Airport\" title=\"Heydar Aliyev International Airport\">Heydar Aliyev International Airport</a></td>","links":[{"href":"/wiki/Heydar_Aliyev_International_Airport","start":0,"end":35,"is_selflink":false}],"attrs":{},"is_header":false,"rowspan":1,"colspan":1,"original_rowspan":1,"original_colspan":1},{"value":"Seasonal","html":"<td class=\"dropped table-dropped\" style=\"background: #DDFFDD; color: black; vertical-align: middle; text-align: center;\"><i>Seasonal</i></td>","links":[],"attrs":{"style":"background: #DDFFDD; color: black; vertical-align: middle; text-align: center;","class":["dropped","table-dropped"]},"is_header":false,"rowspan":1,"colspan":1,"original_rowspan":1,"original_colspan":1},{"value":"","html":"<td align=\"center\"></td>","links":[],"attrs":{"align":"center"},"is_header":false,"rowspan":1,"colspan":1,"original_rowspan":1,"original_colspan":1}],"attrs":{}},{"cells":[{"value":"Bahrain","html":"<td><a href=\"/wiki/Bahrain\" title=\"Bahrain\">Bahrain</a></td>","links":[{"href":"/wiki/Bahrain","start":0,"end":7,"is_selflink":false}],"attrs":{},"is_header":false,"rowspan":1,"colspan":1,"original_rowspan":1,"original_colspan":1},{"value":"Manama","html":"<td><a href=\"/wiki/Manama\" title=\"Manama\">Manama</a></td>","links":[{"href":"/wiki/Manama","start":0,"end":6,"is_selflink":false}],"attrs":{},"is_header":false,"rowspan":1,"colspan":1,"original_rowspan":1,"original_colspan":1},{"value":"Bahrain International Airport","html":"<td><a href=\"/wiki/Bahrain_International_Airport\" title=\"Bahrain International Airport\">Bahrain International Airport</a></td>","links":[{"href":"/wiki/Bahrain_International_Airport","start":0,"end":29,"is_selflink":false}],"attrs":{},"is_header":false,"rowspan":1,"colspan":1,"original_rowspan":1,"original_colspan":1},{"value":"","html":"<td></td>","links":[],"attrs":{},"is_header":false,"rowspan":1,"colspan":1,"original_rowspan":1,"original_colspan":1},{"value":"","html":"<td align=\"center\"></td>","links":[],"attrs":{"align":"center"},"is_header":false,"rowspan":1,"colspan":1,"original_rowspan":1,"original_colspan":1}],"attrs":{}},{"cells":[{"value":"Bangladesh","html":"<td><a href=\"/wiki/Bangladesh\" title=\"Bangladesh\">Bangladesh</a></td>","links":[{"href":"/wiki/Bangladesh","start":0,"end":10,"is_selflink":false}],"attrs":{},"is_header":false,"rowspan":1,"colspan":1,"original_rowspan":1,"original_colspan":1},{"value":"Dhaka","html":"<td><a href=\"/wiki/Dhaka\" title=\"Dhaka\">Dhaka</a></td>","links":[{"href":"/wiki/Dhaka","start":0,"end":5,"is_selflink":false}],"attrs":{},"is_header":false,"rowspan":1,"colspan":1,"original_rowspan":1,"original_colspan":1},{"value":"Shahjalal International Airport","html":"<td><a href=\"/wiki/Shahjalal_International_Airport\" title=\"Shahjalal International Airport\">Shahjalal International Airport</a></td>","links":[{"href":"/wiki/Shahjalal_International_Airport","start":0,"end":31,"is_selflink":false}],"attrs":{},"is_header":false,"rowspan":1,"colspan":1,"original_rowspan":1,"original_colspan":1},{"value":"","html":"<td></td>","links":[],"attrs":{},"is_header":false,"rowspan":1,"colspan":1,"original_rowspan":1,"original_colspan":1},{"value":"","html":"<td align=\"center\"></td>","links":[],"attrs":{"align":"center"},"is_header":false,"rowspan":1,"colspan":1,"original_rowspan":1,"original_colspan":1}],"attrs":{}},{"cells":[{"value":"Bangladesh","html":"<td><a href=\"/wiki/Bangladesh\" title=\"Bangladesh\">Bangladesh</a></td>","links":[{"href":"/wiki/Bangladesh","start":0,"end":10,"is_selflink":false}],"attrs":{},"is_header":false,"rowspan":1,"colspan":1,"original_rowspan":1,"original_colspan":1},{"value":"Chittagong","html":"<td><a href=\"/wiki/Chittagong\" title=\"Chittagong\">Chittagong</a></td>","links":[{"href":"/wiki/Chittagong","start":0,"end":10,"is_selflink":false}],"attrs":{},"is_header":false,"rowspan":1,"colspan":1,"original_rowspan":1,"original_colspan":1},{"value":"Shah Amanat International Airport","html":"<td><a href=\"/wiki/Shah_Amanat_International_Airport\" title=\"Shah Amanat International Airport\">Shah Amanat International Airport</a></td>","links":[{"href":"/wiki/Shah_Amanat_International_Airport","start":0,"end":33,"is_selflink":false}],"attrs":{},"is_header":false,"rowspan":1,"colspan":1,"original_rowspan":1,"original_colspan":1},{"value":"","html":"<td></td>","links":[],"attrs":{},"is_header":false,"rowspan":1,"colspan":1,"original_rowspan":1,"original_colspan":1},{"value":"","html":"<td align=\"center\"></td>","links":[],"attrs":{"align":"center"},"is_header":false,"rowspan":1,"colspan":1,"original_rowspan":1,"original_colspan":1}],"attrs":{}},{"cells":[{"value":"Egypt","html":"<td><a href=\"/wiki/Egypt\" title=\"Egypt\">Egypt</a></td>","links":[{"href":"/wiki/Egypt","start":0,"end":5,"is_selflink":false}],"attrs":{},"is_header":false,"rowspan":1,"colspan":1,"original_rowspan":1,"original_colspan":1},{"value":"Alexandria","html":"<td><a href=\"/wiki/Alexandria\" title=\"Alexandria\">Alexandria</a></td>","links":[{"href":"/wiki/Alexandria","start":0,"end":10,"is_selflink":false}],"attrs":{},"is_header":false,"rowspan":1,"colspan":1,"original_rowspan":1,"original_colspan":1},{"value":"Borg El Arab Airport","html":"<td><a href=\"/wiki/Borg_El_Arab_Airport\" title=\"Borg El Arab Airport\">Borg El Arab Airport</a></td>","links":[{"href":"/wiki/Borg_El_Arab_Airport","start":0,"end":20,"is_selflink":false}],"attrs":{},"is_header":false,"rowspan":1,"colspan":1,"original_rowspan":1,"original_colspan":1},{"value":"","html":"<td></td>","links":[],"attrs":{},"is_header":false,"rowspan":1,"colspan":1,"original_rowspan":1,"original_colspan":1},{"value":"","html":"<td align=\"center\"></td>","links":[],"attrs":{"align":"center"},"is_header":false,"rowspan":1,"colspan":1,"original_rowspan":1,"original_colspan":1}],"attrs":{}},{"cells":[{"value":"Georgia","html":"<td><a href=\"/wiki/Georgia_(country)\" title=\"Georgia (country)\">Georgia</a></td>","links":[{"href":"/wiki/Georgia_(country)","start":0,"end":7,"is_selflink":false}],"attrs":{},"is_header":false,"rowspan":1,"colspan":1,"original_rowspan":1,"original_colspan":1},{"value":"Tbilisi","html":"<td><a href=\"/wiki/Tbilisi\" title=\"Tbilisi\">Tbilisi</a></td>","links":[{"href":"/wiki/Tbilisi","start":0,"end":7,"is_selflink":false}],"attrs":{},"is_header":false,"rowspan":1,"colspan":1,"original_rowspan":1,"original_colspan":1},{"value":"Tbilisi International Airport","html":"<td><a href=\"/wiki/Tbilisi_International_Airport\" title=\"Tbilisi International Airport\">Tbilisi International Airport</a></td>","links":[{"href":"/wiki/Tbilisi_International_Airport","start":0,"end":29,"is_selflink":false}],"attrs":{},"is_header":false,"rowspan":1,"colspan":1,"original_rowspan":1,"original_colspan":1},{"value":"Seasonal","html":"<td class=\"dropped table-dropped\" style=\"background: #DDFFDD; color: black; vertical-align: middle; text-align: center;\"><i>Seasonal</i></td>","links":[],"attrs":{"style":"background: #DDFFDD; color: black; vertical-align: middle; text-align: center;","class":["dropped","table-dropped"]},"is_header":false,"rowspan":1,"colspan":1,"original_rowspan":1,"original_colspan":1},{"value":"","html":"<td align=\"center\"></td>","links":[],"attrs":{"align":"center"},"is_header":false,"rowspan":1,"colspan":1,"original_rowspan":1,"original_colspan":1}],"attrs":{}},{"cells":[{"value":"Iraq","html":"<td><a href=\"/wiki/Iraq\" title=\"Iraq\">Iraq</a></td>","links":[{"href":"/wiki/Iraq","start":0,"end":4,"is_selflink":false}],"attrs":{},"is_header":false,"rowspan":1,"colspan":1,"original_rowspan":1,"original_colspan":1},{"value":"Najaf","html":"<td><a href=\"/wiki/Najaf\" title=\"Najaf\">Najaf</a></td>","links":[{"href":"/wiki/Najaf","start":0,"end":5,"is_selflink":false}],"attrs":{},"is_header":false,"rowspan":1,"colspan":1,"original_rowspan":1,"original_colspan":1},{"value":"Al Najaf International Airport","html":"<td><a href=\"/wiki/Al_Najaf_International_Airport\" title=\"Al Najaf International Airport\">Al Najaf International Airport</a></td>","links":[{"href":"/wiki/Al_Najaf_International_Airport","start":0,"end":30,"is_selflink":false}],"attrs":{},"is_header":false,"rowspan":1,"colspan":1,"original_rowspan":1,"original_colspan":1},{"value":"","html":"<td></td>","links":[],"attrs":{},"is_header":false,"rowspan":1,"colspan":1,"original_rowspan":1,"original_colspan":1},{"value":"","html":"<td align=\"center\"></td>","links":[],"attrs":{"align":"center"},"is_header":false,"rowspan":1,"colspan":1,"original_rowspan":1,"original_colspan":1}],"attrs":{}},{"cells":[{"value":"Iran","html":"<td><a href=\"/wiki/Iran\" title=\"Iran\">Iran</a></td>","links":[{"href":"/wiki/Iran","start":0,"end":4,"is_selflink":false}],"attrs":{},"is_header":false,"rowspan":1,"colspan":1,"original_rowspan":1,"original_colspan":1},{"value":"Mashhad","html":"<td><a href=\"/wiki/Mashhad\" title=\"Mashhad\">Mashhad</a></td>","links":[{"href":"/wiki/Mashhad","start":0,"end":7,"is_selflink":false}],"attrs":{},"is_header":false,"rowspan":1,"colspan":1,"original_rowspan":1,"original_colspan":1},{"value":"Mashhad International Airport","html":"<td><a href=\"/wiki/Mashhad_International_Airport\" title=\"Mashhad International Airport\">Mashhad International Airport</a></td>","links":[{"href":"/wiki/Mashhad_International_Airport","start":0,"end":29,"is_selflink":false}],"attrs":{},"is_header":false,"rowspan":1,"colspan":1,"original_rowspan":1,"original_colspan":1},{"value":"","html":"<td></td>","links":[],"attrs":{},"is_header":false,"rowspan":1,"colspan":1,"original_rowspan":1,"original_colspan":1},{"value":"","html":"<td align=\"center\"></td>","links":[],"attrs":{"align":"center"},"is_header":false,"rowspan":1,"colspan":1,"original_rowspan":1,"original_colspan":1}],"attrs":{}},{"cells":[{"value":"Iran","html":"<td><a href=\"/wiki/Iran\" title=\"Iran\">Iran</a></td>","links":[{"href":"/wiki/Iran","start":0,"end":4,"is_selflink":false}],"attrs":{},"is_header":false,"rowspan":1,"colspan":1,"original_rowspan":1,"original_colspan":1},{"value":"Shiraz","html":"<td><a class=\"mw-redirect\" href=\"/wiki/Shiraz,_Iran\" title=\"Shiraz, Iran\">Shiraz</a></td>","links":[{"href":"/wiki/Shiraz,_Iran","start":0,"end":6,"is_selflink":false}],"attrs":{},"is_header":false,"rowspan":1,"colspan":1,"original_rowspan":1,"original_colspan":1},{"value":"Shiraz International Airport","html":"<td><a href=\"/wiki/Shiraz_International_Airport\" title=\"Shiraz International Airport\">Shiraz International Airport</a></td>","links":[{"href":"/wiki/Shiraz_International_Airport","start":0,"end":28,"is_selflink":false}],"attrs":{},"is_header":false,"rowspan":1,"colspan":1,"original_rowspan":1,"original_colspan":1},{"value":"","html":"<td></td>","links":[],"attrs":{},"is_header":false,"rowspan":1,"colspan":1,"original_rowspan":1,"original_colspan":1},{"value":"","html":"<td align=\"center\"></td>","links":[],"attrs":{"align":"center"},"is_header":false,"rowspan":1,"colspan":1,"original_rowspan":1,"original_colspan":1}],"attrs":{}},{"cells":[{"value":"Iran","html":"<td><a href=\"/wiki/Iran\" title=\"Iran\">Iran</a></td>","links":[{"href":"/wiki/Iran","start":0,"end":4,"is_selflink":false}],"attrs":{},"is_header":false,"rowspan":1,"colspan":1,"original_rowspan":1,"original_colspan":1},{"value":"Tehran","html":"<td><a href=\"/wiki/Tehran\" title=\"Tehran\">Tehran</a></td>","links":[{"href":"/wiki/Tehran","start":0,"end":6,"is_selflink":false}],"attrs":{},"is_header":false,"rowspan":1,"colspan":1,"original_rowspan":1,"original_colspan":1},{"value":"Imam Khomeini International Airport","html":"<td><a class=\"mw-redirect\" href=\"/wiki/Imam_Khomeini_International_Airport\" title=\"Imam Khomeini International Airport\">Imam Khomeini International Airport</a></td>","links":[{"href":"/wiki/Imam_Khomeini_International_Airport","start":0,"end":35,"is_selflink":false}],"attrs":{},"is_header":false,"rowspan":1,"colspan":1,"original_rowspan":1,"original_colspan":1},{"value":"","html":"<td></td>","links":[],"attrs":{},"is_header":false,"rowspan":1,"colspan":1,"original_rowspan":1,"original_colspan":1},{"value":"","html":"<td align=\"center\"></td>","links":[],"attrs":{"align":"center"},"is_header":false,"rowspan":1,"colspan":1,"original_rowspan":1,"original_colspan":1}],"attrs":{}},{"cells":[{"value":"Kuwait","html":"<td><a href=\"/wiki/Kuwait\" title=\"Kuwait\">Kuwait</a></td>","links":[{"href":"/wiki/Kuwait","start":0,"end":6,"is_selflink":false}],"attrs":{},"is_header":false,"rowspan":1,"colspan":1,"original_rowspan":1,"original_colspan":1},{"value":"Kuwait City","html":"<td><a href=\"/wiki/Kuwait_City\" title=\"Kuwait City\">Kuwait City</a></td>","links":[{"href":"/wiki/Kuwait_City","start":0,"end":11,"is_selflink":false}],"attrs":{},"is_header":false,"rowspan":1,"colspan":1,"original_rowspan":1,"original_colspan":1},{"value":"Kuwait International Airport","html":"<td><a href=\"/wiki/Kuwait_International_Airport\" title=\"Kuwait International Airport\">Kuwait International Airport</a></td>","links":[{"href":"/wiki/Kuwait_International_Airport","start":0,"end":28,"is_selflink":false}],"attrs":{},"is_header":false,"rowspan":1,"colspan":1,"original_rowspan":1,"original_colspan":1},{"value":"","html":"<td></td>","links":[],"attrs":{},"is_header":false,"rowspan":1,"colspan":1,"original_rowspan":1,"original_colspan":1},{"value":"","html":"<td align=\"center\"></td>","links":[],"attrs":{"align":"center"},"is_header":false,"rowspan":1,"colspan":1,"original_rowspan":1,"original_colspan":1}],"attrs":{}},{"cells":[{"value":"Nepal","html":"<td><a href=\"/wiki/Nepal\" title=\"Nepal\">Nepal</a></td>","links":[{"href":"/wiki/Nepal","start":0,"end":5,"is_selflink":false}],"attrs":{},"is_header":false,"rowspan":1,"colspan":1,"original_rowspan":1,"original_colspan":1},{"value":"Kathmandu","html":"<td><a href=\"/wiki/Kathmandu\" title=\"Kathmandu\">Kathmandu</a></td>","links":[{"href":"/wiki/Kathmandu","start":0,"end":9,"is_selflink":false}],"attrs":{},"is_header":false,"rowspan":1,"colspan":1,"original_rowspan":1,"original_colspan":1},{"value":"Tribhuvan International Airport","html":"<td><a href=\"/wiki/Tribhuvan_International_Airport\" title=\"Tribhuvan International Airport\">Tribhuvan International Airport</a></td>","links":[{"href":"/wiki/Tribhuvan_International_Airport","start":0,"end":31,"is_selflink":false}],"attrs":{},"is_header":false,"rowspan":1,"colspan":1,"original_rowspan":1,"original_colspan":1},{"value":"","html":"<td></td>","links":[],"attrs":{},"is_header":false,"rowspan":1,"colspan":1,"original_rowspan":1,"original_colspan":1},{"value":"","html":"<td align=\"center\"></td>","links":[],"attrs":{"align":"center"},"is_header":false,"rowspan":1,"colspan":1,"original_rowspan":1,"original_colspan":1}],"attrs":{}},{"cells":[{"value":"Oman","html":"<td><a href=\"/wiki/Oman\" title=\"Oman\">Oman</a></td>","links":[{"href":"/wiki/Oman","start":0,"end":4,"is_selflink":false}],"attrs":{},"is_header":false,"rowspan":1,"colspan":1,"original_rowspan":1,"original_colspan":1},{"value":"Mukhaizna","html":"<td><a href=\"/wiki/Mukhaizna_Oil_Field\" title=\"Mukhaizna Oil Field\">Mukhaizna</a></td>","links":[{"href":"/wiki/Mukhaizna_Oil_Field","start":0,"end":9,"is_selflink":false}],"attrs":{},"is_header":false,"rowspan":1,"colspan":1,"original_rowspan":1,"original_colspan":1},{"value":"Mukhaizna Airport","html":"<td><a href=\"/wiki/Mukhaizna_Airport\" title=\"Mukhaizna Airport\">Mukhaizna Airport</a></td>","links":[{"href":"/wiki/Mukhaizna_Airport","start":0,"end":17,"is_selflink":false}],"attrs":{},"is_header":false,"rowspan":1,"colspan":1,"original_rowspan":1,"original_colspan":1},{"value":"Charter","html":"<td class=\"dropped table-dropped\" style=\"background: #DDFFDD; color: black; vertical-align: middle; text-align: center;\"><i>Charter</i></td>","links":[],"attrs":{"style":"background: #DDFFDD; color: black; vertical-align: middle; text-align: center;","class":["dropped","table-dropped"]},"is_header":false,"rowspan":1,"colspan":1,"original_rowspan":1,"original_colspan":1},{"value":"","html":"<td align=\"center\"></td>","links":[],"attrs":{"align":"center"},"is_header":false,"rowspan":1,"colspan":1,"original_rowspan":1,"original_colspan":1}],"attrs":{}},{"cells":[{"value":"Oman","html":"<td><a href=\"/wiki/Oman\" title=\"Oman\">Oman</a></td>","links":[{"href":"/wiki/Oman","start":0,"end":4,"is_selflink":false}],"attrs":{},"is_header":false,"rowspan":1,"colspan":1,"original_rowspan":1,"original_colspan":1},{"value":"Muscat","html":"<td><a class=\"mw-redirect\" href=\"/wiki/Muscat,_Oman\" title=\"Muscat, Oman\">Muscat</a></td>","links":[{"href":"/wiki/Muscat,_Oman","start":0,"end":6,"is_selflink":false}],"attrs":{},"is_header":false,"rowspan":1,"colspan":1,"original_rowspan":1,"original_colspan":1},{"value":"Muscat International Airport","html":"<td><a href=\"/wiki/Muscat_International_Airport\" title=\"Muscat International Airport\">Muscat International Airport</a></td>","links":[{"href":"/wiki/Muscat_International_Airport","start":0,"end":28,"is_selflink":false}],"attrs":{},"is_header":false,"rowspan":1,"colspan":1,"original_rowspan":1,"original_colspan":1},{"value":"Hub","html":"<td class=\"dropped table-dropped\" style=\"background: #FFE6BD; color: black; vertical-align: middle; text-align: center;\"><b><a href=\"/wiki/Airline_hub\" title=\"Airline hub\">Hub</a></b></td>","links":[{"href":"/wiki/Airline_hub","start":0,"end":3,"is_selflink":false}],"attrs":{"style":"background: #FFE6BD; color: black; vertical-align: middle; text-align: center;","class":["dropped","table-dropped"]},"is_header":false,"rowspan":1,"colspan":1,"original_rowspan":1,"original_colspan":1},{"value":"","html":"<td align=\"center\"></td>","links":[],"attrs":{"align":"center"},"is_header":false,"rowspan":1,"colspan":1,"original_rowspan":1,"original_colspan":1}],"attrs":{}},{"cells":[{"value":"Oman","html":"<td><a href=\"/wiki/Oman\" title=\"Oman\">Oman</a></td>","links":[{"href":"/wiki/Oman","start":0,"end":4,"is_selflink":false}],"attrs":{},"is_header":false,"rowspan":1,"colspan":1,"original_rowspan":1,"original_colspan":1},{"value":"Salalah","html":"<td><a href=\"/wiki/Salalah\" title=\"Salalah\">Salalah</a></td>","links":[{"href":"/wiki/Salalah","start":0,"end":7,"is_selflink":false}],"attrs":{},"is_header":false,"rowspan":1,"colspan":1,"original_rowspan":1,"original_colspan":1},{"value":"Salalah International Airport","html":"<td><a href=\"/wiki/Salalah_International_Airport\" title=\"Salalah International Airport\">Salalah International Airport</a></td>","links":[{"href":"/wiki/Salalah_International_Airport","start":0,"end":29,"is_selflink":false}],"attrs":{},"is_header":false,"rowspan":1,"colspan":1,"original_rowspan":1,"original_colspan":1},{"value":"","html":"<td></td>","links":[],"attrs":{},"is_header":false,"rowspan":1,"colspan":1,"original_rowspan":1,"original_colspan":1},{"value":"","html":"<td align=\"center\"></td>","links":[],"attrs":{"align":"center"},"is_header":false,"rowspan":1,"colspan":1,"original_rowspan":1,"original_colspan":1}],"attrs":{}},{"cells":[{"value":"Oman","html":"<td><a href=\"/wiki/Oman\" title=\"Oman\">Oman</a></td>","links":[{"href":"/wiki/Oman","start":0,"end":4,"is_selflink":false}],"attrs":{},"is_header":false,"rowspan":1,"colspan":1,"original_rowspan":1,"original_colspan":1},{"value":"Sohar","html":"<td><a href=\"/wiki/Sohar\" title=\"Sohar\">Sohar</a></td>","links":[{"href":"/wiki/Sohar","start":0,"end":5,"is_selflink":false}],"attrs":{},"is_header":false,"rowspan":1,"colspan":1,"original_rowspan":1,"original_colspan":1},{"value":"Sohar Airport","html":"<td><a href=\"/wiki/Sohar_Airport\" title=\"Sohar Airport\">Sohar Airport</a></td>","links":[{"href":"/wiki/Sohar_Airport","start":0,"end":13,"is_selflink":false}],"attrs":{},"is_header":false,"rowspan":1,"colspan":1,"original_rowspan":1,"original_colspan":1},{"value":"","html":"<td align=\"center\"></td>","links":[],"attrs":{"align":"center"},"is_header":false,"rowspan":1,"colspan":1,"original_rowspan":1,"original_colspan":1},{"value":"","html":"","links":[],"attrs":{},"is_header":false,"rowspan":1,"colspan":1,"original_rowspan":1,"original_colspan":1}],"attrs":{}},{"cells":[{"value":"Pakistan","html":"<td><a href=\"/wiki/Pakistan\" title=\"Pakistan\">Pakistan</a></td>","links":[{"href":"/wiki/Pakistan","start":0,"end":8,"is_selflink":false}],"attrs":{},"is_header":false,"rowspan":1,"colspan":1,"original_rowspan":1,"original_colspan":1},{"value":"Karachi","html":"<td><a href=\"/wiki/Karachi\" title=\"Karachi\">Karachi</a></td>","links":[{"href":"/wiki/Karachi","start":0,"end":7,"is_selflink":false}],"attrs":{},"is_header":false,"rowspan":1,"colspan":1,"original_rowspan":1,"original_colspan":1},{"value":"Jinnah International Airport","html":"<td><a href=\"/wiki/Jinnah_International_Airport\" title=\"Jinnah International Airport\">Jinnah International Airport</a></td>","links":[{"href":"/wiki/Jinnah_International_Airport","start":0,"end":28,"is_selflink":false}],"attrs":{},"is_header":false,"rowspan":1,"colspan":1,"original_rowspan":1,"original_colspan":1},{"value":"","html":"<td></td>","links":[],"attrs":{},"is_header":false,"rowspan":1,"colspan":1,"original_rowspan":1,"original_colspan":1},{"value":"","html":"<td align=\"center\"></td>","links":[],"attrs":{"align":"center"},"is_header":false,"rowspan":1,"colspan":1,"original_rowspan":1,"original_colspan":1}],"attrs":{}},{"cells":[{"value":"Pakistan","html":"<td><a href=\"/wiki/Pakistan\" title=\"Pakistan\">Pakistan</a></td>","links":[{"href":"/wiki/Pakistan","start":0,"end":8,"is_selflink":false}],"attrs":{},"is_header":false,"rowspan":1,"colspan":1,"original_rowspan":1,"original_colspan":1},{"value":"Multan","html":"<td><a href=\"/wiki/Multan\" title=\"Multan\">Multan</a></td>","links":[{"href":"/wiki/Multan","start":0,"end":6,"is_selflink":false}],"attrs":{},"is_header":false,"rowspan":1,"colspan":1,"original_rowspan":1,"original_colspan":1},{"value":"Multan International Airport","html":"<td><a href=\"/wiki/Multan_International_Airport\" title=\"Multan International Airport\">Multan International Airport</a></td>","links":[{"href":"/wiki/Multan_International_Airport","start":0,"end":28,"is_selflink":false}],"attrs":{},"is_header":false,"rowspan":1,"colspan":1,"original_rowspan":1,"original_colspan":1},{"value":"","html":"<td></td>","links":[],"attrs":{},"is_header":false,"rowspan":1,"colspan":1,"original_rowspan":1,"original_colspan":1},{"value":"","html":"<td align=\"center\"></td>","links":[],"attrs":{"align":"center"},"is_header":false,"rowspan":1,"colspan":1,"original_rowspan":1,"original_colspan":1}],"attrs":{}},{"cells":[{"value":"Pakistan","html":"<td><a href=\"/wiki/Pakistan\" title=\"Pakistan\">Pakistan</a></td>","links":[{"href":"/wiki/Pakistan","start":0,"end":8,"is_selflink":false}],"attrs":{},"is_header":false,"rowspan":1,"colspan":1,"original_rowspan":1,"original_colspan":1},{"value":"Sialkot","html":"<td><a href=\"/wiki/Sialkot\" title=\"Sialkot\">Sialkot</a></td>","links":[{"href":"/wiki/Sialkot","start":0,"end":7,"is_selflink":false}],"attrs":{},"is_header":false,"rowspan":1,"colspan":1,"original_rowspan":1,"original_colspan":1},{"value":"Sialkot International Airport","html":"<td><a href=\"/wiki/Sialkot_International_Airport\" title=\"Sialkot International Airport\">Sialkot International Airport</a></td>","links":[{"href":"/wiki/Sialkot_International_Airport","start":0,"end":29,"is_selflink":false}],"attrs":{},"is_header":false,"rowspan":1,"colspan":1,"original_rowspan":1,"original_colspan":1},{"value":"","html":"<td></td>","links":[],"attrs":{},"is_header":false,"rowspan":1,"colspan":1,"original_rowspan":1,"original_colspan":1},{"value":"","html":"<td align=\"center\"></td>","links":[],"attrs":{"align":"center"},"is_header":false,"rowspan":1,"colspan":1,"original_rowspan":1,"original_colspan":1}],"attrs":{}},{"cells":[{"value":"Qatar","html":"<td><a href=\"/wiki/Qatar\" title=\"Qatar\">Qatar</a></td>","links":[{"href":"/wiki/Qatar","start":0,"end":5,"is_selflink":false}],"attrs":{},"is_header":false,"rowspan":1,"colspan":1,"original_rowspan":1,"original_colspan":1},{"value":"Doha","html":"<td><a href=\"/wiki/Doha\" title=\"Doha\">Doha</a></td>","links":[{"href":"/wiki/Doha","start":0,"end":4,"is_selflink":false}],"attrs":{},"is_header":false,"rowspan":1,"colspan":1,"original_rowspan":1,"original_colspan":1},{"value":"Hamad International Airport","html":"<td><a href=\"/wiki/Hamad_International_Airport\" title=\"Hamad International Airport\">Hamad International Airport</a></td>","links":[{"href":"/wiki/Hamad_International_Airport","start":0,"end":27,"is_selflink":false}],"attrs":{},"is_header":false,"rowspan":1,"colspan":1,"original_rowspan":1,"original_colspan":1},{"value":"","html":"<td></td>","links":[],"attrs":{},"is_header":false,"rowspan":1,"colspan":1,"original_rowspan":1,"original_colspan":1},{"value":"","html":"<td align=\"center\"></td>","links":[],"attrs":{"align":"center"},"is_header":false,"rowspan":1,"colspan":1,"original_rowspan":1,"original_colspan":1}],"attrs":{}},{"cells":[{"value":"Saudi Arabia","html":"<td><a href=\"/wiki/Saudi_Arabia\" title=\"Saudi Arabia\">Saudi Arabia</a></td>","links":[{"href":"/wiki/Saudi_Arabia","start":0,"end":12,"is_selflink":false}],"attrs":{},"is_header":false,"rowspan":1,"colspan":1,"original_rowspan":1,"original_colspan":1},{"value":"Dammam","html":"<td><a href=\"/wiki/Dammam\" title=\"Dammam\">Dammam</a></td>","links":[{"href":"/wiki/Dammam","start":0,"end":6,"is_selflink":false}],"attrs":{},"is_header":false,"rowspan":1,"colspan":1,"original_rowspan":1,"original_colspan":1},{"value":"King Fahd International Airport","html":"<td><a href=\"/wiki/King_Fahd_International_Airport\" title=\"King Fahd International Airport\">King Fahd International Airport</a></td>","links":[{"href":"/wiki/King_Fahd_International_Airport","start":0,"end":31,"is_selflink":false}],"attrs":{},"is_header":false,"rowspan":1,"colspan":1,"original_rowspan":1,"original_colspan":1},{"value":"","html":"<td></td>","links":[],"attrs":{},"is_header":false,"rowspan":1,"colspan":1,"original_rowspan":1,"original_colspan":1},{"value":"","html":"<td align=\"center\"></td>","links":[],"attrs":{"align":"center"},"is_header":false,"rowspan":1,"colspan":1,"original_rowspan":1,"original_colspan":1}],"attrs":{}},{"cells":[{"value":"Saudi Arabia","html":"<td><a href=\"/wiki/Saudi_Arabia\" title=\"Saudi Arabia\">Saudi Arabia</a></td>","links":[{"href":"/wiki/Saudi_Arabia","start":0,"end":12,"is_selflink":false}],"attrs":{},"is_header":false,"rowspan":1,"colspan":1,"original_rowspan":1,"original_colspan":1},{"value":"Jeddah","html":"<td><a href=\"/wiki/Jeddah\" title=\"Jeddah\">Jeddah</a></td>","links":[{"href":"/wiki/Jeddah","start":0,"end":6,"is_selflink":false}],"attrs":{},"is_header":false,"rowspan":1,"colspan":1,"original_rowspan":1,"original_colspan":1},{"value":"King Abdulaziz International Airport","html":"<td><a href=\"/wiki/King_Abdulaziz_International_Airport\" title=\"King Abdulaziz International Airport\">King Abdulaziz International Airport</a></td>","links":[{"href":"/wiki/King_Abdulaziz_International_Airport","start":0,"end":36,"is_selflink":false}],"attrs":{},"is_header":false,"rowspan":1,"colspan":1,"original_rowspan":1,"original_colspan":1},{"value":"","html":"<td></td>","links":[],"attrs":{},"is_header":false,"rowspan":1,"colspan":1,"original_rowspan":1,"original_colspan":1},{"value":"","html":"<td align=\"center\"></td>","links":[],"attrs":{"align":"center"},"is_header":false,"rowspan":1,"colspan":1,"original_rowspan":1,"original_colspan":1}],"attrs":{}},{"cells":[{"value":"Saudi Arabia","html":"<td><a href=\"/wiki/Saudi_Arabia\" title=\"Saudi Arabia\">Saudi Arabia</a></td>","links":[{"href":"/wiki/Saudi_Arabia","start":0,"end":12,"is_selflink":false}],"attrs":{},"is_header":false,"rowspan":1,"colspan":1,"original_rowspan":1,"original_colspan":1},{"value":"Medina","html":"<td><a href=\"/wiki/Medina\" title=\"Medina\">Medina</a></td>","links":[{"href":"/wiki/Medina","start":0,"end":6,"is_selflink":false}],"attrs":{},"is_header":false,"rowspan":1,"colspan":1,"original_rowspan":1,"original_colspan":1},{"value":"Prince Mohammad Bin Abdulaziz Airport","html":"<td><a class=\"mw-redirect\" href=\"/wiki/Prince_Mohammad_Bin_Abdulaziz_Airport\" title=\"Prince Mohammad Bin Abdulaziz Airport\">Prince Mohammad Bin Abdulaziz Airport</a></td>","links":[{"href":"/wiki/Prince_Mohammad_Bin_Abdulaziz_Airport","start":0,"end":37,"is_selflink":false}],"attrs":{},"is_header":false,"rowspan":1,"colspan":1,"original_rowspan":1,"original_colspan":1},{"value":"","html":"<td></td>","links":[],"attrs":{},"is_header":false,"rowspan":1,"colspan":1,"original_rowspan":1,"original_colspan":1},{"value":"","html":"<td align=\"center\"></td>","links":[],"attrs":{"align":"center"},"is_header":false,"rowspan":1,"colspan":1,"original_rowspan":1,"original_colspan":1}],"attrs":{}},{"cells":[{"value":"Saudi Arabia","html":"<td><a href=\"/wiki/Saudi_Arabia\" title=\"Saudi Arabia\">Saudi Arabia</a></td>","links":[{"href":"/wiki/Saudi_Arabia","start":0,"end":12,"is_selflink":false}],"attrs":{},"is_header":false,"rowspan":1,"colspan":1,"original_rowspan":1,"original_colspan":1},{"value":"Riyadh","html":"<td><a href=\"/wiki/Riyadh\" title=\"Riyadh\">Riyadh</a></td>","links":[{"href":"/wiki/Riyadh","start":0,"end":6,"is_selflink":false}],"attrs":{},"is_header":false,"rowspan":1,"colspan":1,"original_rowspan":1,"original_colspan":1},{"value":"King Khalid International Airport","html":"<td><a href=\"/wiki/King_Khalid_International_Airport\" title=\"King Khalid International Airport\">King Khalid International Airport</a></td>","links":[{"href":"/wiki/King_Khalid_International_Airport","start":0,"end":33,"is_selflink":false}],"attrs":{},"is_header":false,"rowspan":1,"colspan":1,"original_rowspan":1,"original_colspan":1},{"value":"","html":"<td></td>","links":[],"attrs":{},"is_header":false,"rowspan":1,"colspan":1,"original_rowspan":1,"original_colspan":1},{"value":"","html":"<td align=\"center\"></td>","links":[],"attrs":{"align":"center"},"is_header":false,"rowspan":1,"colspan":1,"original_rowspan":1,"original_colspan":1}],"attrs":{}},{"cells":[{"value":"Sri Lanka","html":"<td><a href=\"/wiki/Sri_Lanka\" title=\"Sri Lanka\">Sri Lanka</a></td>","links":[{"href":"/wiki/Sri_Lanka","start":0,"end":9,"is_selflink":false}],"attrs":{},"is_header":false,"rowspan":1,"colspan":1,"original_rowspan":1,"original_colspan":1},{"value":"Colombo","html":"<td><a href=\"/wiki/Colombo\" title=\"Colombo\">Colombo</a></td>","links":[{"href":"/wiki/Colombo","start":0,"end":7,"is_selflink":false}],"attrs":{},"is_header":false,"rowspan":1,"colspan":1,"original_rowspan":1,"original_colspan":1},{"value":"Bandaranaike International Airport","html":"<td><a href=\"/wiki/Bandaranaike_International_Airport\" title=\"Bandaranaike International Airport\">Bandaranaike International Airport</a></td>","links":[{"href":"/wiki/Bandaranaike_International_Airport","start":0,"end":34,"is_selflink":false}],"attrs":{},"is_header":false,"rowspan":1,"colspan":1,"original_rowspan":1,"original_colspan":1},{"value":"","html":"<td></td>","links":[],"attrs":{},"is_header":false,"rowspan":1,"colspan":1,"original_rowspan":1,"original_colspan":1},{"value":"","html":"<td align=\"center\"></td>","links":[],"attrs":{"align":"center"},"is_header":false,"rowspan":1,"colspan":1,"original_rowspan":1,"original_colspan":1}],"attrs":{}},{"cells":[{"value":"Sudan","html":"<td><a href=\"/wiki/Sudan\" title=\"Sudan\">Sudan</a></td>","links":[{"href":"/wiki/Sudan","start":0,"end":5,"is_selflink":false}],"attrs":{},"is_header":false,"rowspan":1,"colspan":1,"original_rowspan":1,"original_colspan":1},{"value":"Khartoum","html":"<td><a href=\"/wiki/Khartoum\" title=\"Khartoum\">Khartoum</a></td>","links":[{"href":"/wiki/Khartoum","start":0,"end":8,"is_selflink":false}],"attrs":{},"is_header":false,"rowspan":1,"colspan":1,"original_rowspan":1,"original_colspan":1},{"value":"Khartoum International Airport","html":"<td><a href=\"/wiki/Khartoum_International_Airport\" title=\"Khartoum International Airport\">Khartoum International Airport </a></td>","links":[{"href":"/wiki/Khartoum_International_Airport","start":0,"end":30,"is_selflink":false}],"attrs":{},"is_header":false,"rowspan":1,"colspan":1,"original_rowspan":1,"original_colspan":1},{"value":"","html":"<td></td>","links":[],"attrs":{},"is_header":false,"rowspan":1,"colspan":1,"original_rowspan":1,"original_colspan":1},{"value":"","html":"<td align=\"center\"></td>","links":[],"attrs":{"align":"center"},"is_header":false,"rowspan":1,"colspan":1,"original_rowspan":1,"original_colspan":1}],"attrs":{}},{"cells":[{"value":"Thailand","html":"<td><a href=\"/wiki/Thailand\" title=\"Thailand\">Thailand</a></td>","links":[{"href":"/wiki/Thailand","start":0,"end":8,"is_selflink":false}],"attrs":{},"is_header":false,"rowspan":1,"colspan":1,"original_rowspan":1,"original_colspan":1},{"value":"Phuket","html":"<td><a class=\"mw-redirect\" href=\"/wiki/Phuket\" title=\"Phuket\">Phuket</a></td>","links":[{"href":"/wiki/Phuket","start":0,"end":6,"is_selflink":false}],"attrs":{},"is_header":false,"rowspan":1,"colspan":1,"original_rowspan":1,"original_colspan":1},{"value":"Phuket International","html":"<td><a class=\"mw-redirect\" href=\"/wiki/Phuket_International\" title=\"Phuket International\">Phuket International</a></td>","links":[{"href":"/wiki/Phuket_International","start":0,"end":20,"is_selflink":false}],"attrs":{},"is_header":false,"rowspan":1,"colspan":1,"original_rowspan":1,"original_colspan":1},{"value":"","html":"<td></td>","links":[],"attrs":{},"is_header":false,"rowspan":1,"colspan":1,"original_rowspan":1,"original_colspan":1},{"value":"","html":"<td align=\"center\"></td>","links":[],"attrs":{"align":"center"},"is_header":false,"rowspan":1,"colspan":1,"original_rowspan":1,"original_colspan":1}],"attrs":{}},{"cells":[{"value":"Turkey","html":"<td><a href=\"/wiki/Turkey\" title=\"Turkey\">Turkey</a></td>","links":[{"href":"/wiki/Turkey","start":0,"end":6,"is_selflink":false}],"attrs":{},"is_header":false,"rowspan":1,"colspan":1,"original_rowspan":1,"original_colspan":1},{"value":"Istanbul","html":"<td><a href=\"/wiki/Istanbul\" title=\"Istanbul\">Istanbul</a></td>","links":[{"href":"/wiki/Istanbul","start":0,"end":8,"is_selflink":false}],"attrs":{},"is_header":false,"rowspan":1,"colspan":1,"original_rowspan":1,"original_colspan":1},{"value":"Sabiha Gokcen International Airport","html":"<td><a class=\"mw-redirect\" href=\"/wiki/Sabiha_Gokcen_International_Airport\" title=\"Sabiha Gokcen International Airport\">Sabiha Gokcen International Airport</a></td>","links":[{"href":"/wiki/Sabiha_Gokcen_International_Airport","start":0,"end":35,"is_selflink":false}],"attrs":{},"is_header":false,"rowspan":1,"colspan":1,"original_rowspan":1,"original_colspan":1},{"value":"","html":"<td align=\"center\"></td>","links":[],"attrs":{"align":"center"},"is_header":false,"rowspan":1,"colspan":1,"original_rowspan":1,"original_colspan":1},{"value":"","html":"","links":[],"attrs":{},"is_header":false,"rowspan":1,"colspan":1,"original_rowspan":1,"original_colspan":1}],"attrs":{}},{"cells":[{"value":"Turkey","html":"<td><a href=\"/wiki/Turkey\" title=\"Turkey\">Turkey</a></td>","links":[{"href":"/wiki/Turkey","start":0,"end":6,"is_selflink":false}],"attrs":{},"is_header":false,"rowspan":1,"colspan":1,"original_rowspan":1,"original_colspan":1},{"value":"Trabzon","html":"<td><a href=\"/wiki/Trabzon\" title=\"Trabzon\">Trabzon</a></td>","links":[{"href":"/wiki/Trabzon","start":0,"end":7,"is_selflink":false}],"attrs":{},"is_header":false,"rowspan":1,"colspan":1,"original_rowspan":1,"original_colspan":1},{"value":"Trabzon Airport","html":"<td><a href=\"/wiki/Trabzon_Airport\" title=\"Trabzon Airport\">Trabzon Airport</a></td>","links":[{"href":"/wiki/Trabzon_Airport","start":0,"end":15,"is_selflink":false}],"attrs":{},"is_header":false,"rowspan":1,"colspan":1,"original_rowspan":1,"original_colspan":1},{"value":"Seasonal","html":"<td class=\"dropped table-dropped\" style=\"background: #DDFFDD; color: black; vertical-align: middle; text-align: center;\"><i>Seasonal</i></td>","links":[],"attrs":{"style":"background: #DDFFDD; color: black; vertical-align: middle; text-align: center;","class":["dropped","table-dropped"]},"is_header":false,"rowspan":1,"colspan":1,"original_rowspan":1,"original_colspan":1},{"value":"","html":"<td align=\"center\"></td>","links":[],"attrs":{"align":"center"},"is_header":false,"rowspan":1,"colspan":1,"original_rowspan":1,"original_colspan":1}],"attrs":{}},{"cells":[{"value":"United Arab Emirates","html":"<td><a href=\"/wiki/United_Arab_Emirates\" title=\"United Arab Emirates\">United Arab Emirates</a></td>","links":[{"href":"/wiki/United_Arab_Emirates","start":0,"end":20,"is_selflink":false}],"attrs":{},"is_header":false,"rowspan":1,"colspan":1,"original_rowspan":1,"original_colspan":1},{"value":"Abu Dhabi","html":"<td><a href=\"/wiki/Abu_Dhabi\" title=\"Abu Dhabi\">Abu Dhabi</a></td>","links":[{"href":"/wiki/Abu_Dhabi","start":0,"end":9,"is_selflink":false}],"attrs":{},"is_header":false,"rowspan":1,"colspan":1,"original_rowspan":1,"original_colspan":1},{"value":"Abu Dhabi International Airport","html":"<td><a href=\"/wiki/Abu_Dhabi_International_Airport\" title=\"Abu Dhabi International Airport\">Abu Dhabi International Airport</a></td>","links":[{"href":"/wiki/Abu_Dhabi_International_Airport","start":0,"end":31,"is_selflink":false}],"attrs":{},"is_header":false,"rowspan":1,"colspan":1,"original_rowspan":1,"original_colspan":1},{"value":"","html":"<td></td>","links":[],"attrs":{},"is_header":false,"rowspan":1,"colspan":1,"original_rowspan":1,"original_colspan":1},{"value":"","html":"","links":[],"attrs":{},"is_header":false,"rowspan":1,"colspan":1,"original_rowspan":1,"original_colspan":1}],"attrs":{}},{"cells":[{"value":"United Arab Emirates","html":"<td><a href=\"/wiki/United_Arab_Emirates\" title=\"United Arab Emirates\">United Arab Emirates</a></td>","links":[{"href":"/wiki/United_Arab_Emirates","start":0,"end":20,"is_selflink":false}],"attrs":{},"is_header":false,"rowspan":1,"colspan":1,"original_rowspan":1,"original_colspan":1},{"value":"Dubai","html":"<td><a href=\"/wiki/Dubai\" title=\"Dubai\">Dubai</a></td>","links":[{"href":"/wiki/Dubai","start":0,"end":5,"is_selflink":false}],"attrs":{},"is_header":false,"rowspan":1,"colspan":1,"original_rowspan":1,"original_colspan":1},{"value":"Dubai International Airport","html":"<td><a href=\"/wiki/Dubai_International_Airport\" title=\"Dubai International Airport\">Dubai International Airport</a></td>","links":[{"href":"/wiki/Dubai_International_Airport","start":0,"end":27,"is_selflink":false}],"attrs":{},"is_header":false,"rowspan":1,"colspan":1,"original_rowspan":1,"original_colspan":1},{"value":"","html":"<td></td>","links":[],"attrs":{},"is_header":false,"rowspan":1,"colspan":1,"original_rowspan":1,"original_colspan":1},{"value":"","html":"<td align=\"center\"></td>","links":[],"attrs":{"align":"center"},"is_header":false,"rowspan":1,"colspan":1,"original_rowspan":1,"original_colspan":1}],"attrs":{}}],"caption":null,"attrs":{"class":["sortable","wikitable"]},"classes":["wikitable","sortable"],"is_spanned":true,"external_links":{"http://en.wikipedia.org/wiki/Azerbaijan":{"dbpedia":null,"qnode":null,"qnode_id":"Q227"},"http://en.wikipedia.org/wiki/Baku":{"dbpedia":null,"qnode":null,"qnode_id":"Q9248"},"http://en.wikipedia.org/wiki/Heydar_Aliyev_International_Airport":{"dbpedia":null,"qnode":null,"qnode_id":"Q386864"},"http://en.wikipedia.org/wiki/Bahrain":{"dbpedia":null,"qnode":null,"qnode_id":"Q398"},"http://en.wikipedia.org/wiki/Manama":{"dbpedia":null,"qnode":null,"qnode_id":"Q3882"},"http://en.wikipedia.org/wiki/Bahrain_International_Airport":{"dbpedia":null,"qnode":null,"qnode_id":"Q637639"},"http://en.wikipedia.org/wiki/Bangladesh":{"dbpedia":null,"qnode":null,"qnode_id":"Q902"},"http://en.wikipedia.org/wiki/Dhaka":{"dbpedia":null,"qnode":null,"qnode_id":"Q1354"},"http://en.wikipedia.org/wiki/Shahjalal_International_Airport":{"dbpedia":null,"qnode":null,"qnode_id":"Q30603"},"http://en.wikipedia.org/wiki/Chittagong":{"dbpedia":null,"qnode":null,"qnode_id":"Q376749"},"http://en.wikipedia.org/wiki/Shah_Amanat_International_Airport":{"dbpedia":null,"qnode":null,"qnode_id":"Q525609"},"http://en.wikipedia.org/wiki/Egypt":{"dbpedia":null,"qnode":null,"qnode_id":"Q79"},"http://en.wikipedia.org/wiki/Alexandria":{"dbpedia":null,"qnode":null,"qnode_id":"Q87"},"http://en.wikipedia.org/wiki/Borg_El_Arab_Airport":{"dbpedia":null,"qnode":null,"qnode_id":"Q1194015"},"http://en.wikipedia.org/wiki/Georgia_(country)":{"dbpedia":null,"qnode":null,"qnode_id":"Q230"},"http://en.wikipedia.org/wiki/Tbilisi":{"dbpedia":null,"qnode":null,"qnode_id":"Q994"},"http://en.wikipedia.org/wiki/Tbilisi_International_Airport":{"dbpedia":null,"qnode":null,"qnode_id":"Q778213"},"http://en.wikipedia.org/wiki/Iraq":{"dbpedia":null,"qnode":null,"qnode_id":"Q796"},"http://en.wikipedia.org/wiki/Najaf":{"dbpedia":null,"qnode":null,"qnode_id":"Q168193"},"http://en.wikipedia.org/wiki/Al_Najaf_International_Airport":{"dbpedia":null,"qnode":null,"qnode_id":"Q3499545"},"http://en.wikipedia.org/wiki/Iran":{"dbpedia":null,"qnode":null,"qnode_id":"Q794"},"http://en.wikipedia.org/wiki/Mashhad":{"dbpedia":null,"qnode":null,"qnode_id":"Q121157"},"http://en.wikipedia.org/wiki/Mashhad_International_Airport":{"dbpedia":null,"qnode":null,"qnode_id":"Q1152024"},"http://en.wikipedia.org/wiki/Shiraz,_Iran":{"dbpedia":null,"qnode":null,"qnode_id":"Q6397066"},"http://en.wikipedia.org/wiki/Shiraz_International_Airport":{"dbpedia":null,"qnode":null,"qnode_id":"Q1151896"},"http://en.wikipedia.org/wiki/Tehran":{"dbpedia":null,"qnode":null,"qnode_id":"Q3616"},"http://en.wikipedia.org/wiki/Imam_Khomeini_International_Airport":{"dbpedia":null,"qnode":null,"qnode_id":"Q734729"},"http://en.wikipedia.org/wiki/Kuwait":{"dbpedia":null,"qnode":null,"qnode_id":"Q817"},"http://en.wikipedia.org/wiki/Kuwait_City":{"dbpedia":null,"qnode":null,"qnode_id":"Q35178"},"http://en.wikipedia.org/wiki/Kuwait_International_Airport":{"dbpedia":null,"qnode":null,"qnode_id":"Q527157"},"http://en.wikipedia.org/wiki/Nepal":{"dbpedia":null,"qnode":null,"qnode_id":"Q837"},"http://en.wikipedia.org/wiki/Kathmandu":{"dbpedia":null,"qnode":null,"qnode_id":"Q3037"},"http://en.wikipedia.org/wiki/Tribhuvan_International_Airport":{"dbpedia":null,"qnode":null,"qnode_id":"Q61066"},"http://en.wikipedia.org/wiki/Oman":{"dbpedia":null,"qnode":null,"qnode_id":"Q842"},"http://en.wikipedia.org/wiki/Mukhaizna_Oil_Field":{"dbpedia":null,"qnode":null,"qnode_id":"Q28219840"},"http://en.wikipedia.org/wiki/Mukhaizna_Airport":{"dbpedia":null,"qnode":null,"qnode_id":"Q18210730"},"http://en.wikipedia.org/wiki/Muscat,_Oman":{"dbpedia":null,"qnode":null,"qnode_id":"Q3826"},"http://en.wikipedia.org/wiki/Muscat_International_Airport":{"dbpedia":null,"qnode":null,"qnode_id":"Q1133357"},"http://en.wikipedia.org/wiki/Airline_hub":{"dbpedia":null,"qnode":null,"qnode_id":"Q4811588"},"http://en.wikipedia.org/wiki/Salalah":{"dbpedia":null,"qnode":null,"qnode_id":"Q1294439"},"http://en.wikipedia.org/wiki/Salalah_International_Airport":{"dbpedia":null,"qnode":null,"qnode_id":"Q1432681"},"http://en.wikipedia.org/wiki/Sohar":{"dbpedia":null,"qnode":null,"qnode_id":"Q943270"},"http://en.wikipedia.org/wiki/Sohar_Airport":{"dbpedia":null,"qnode":null,"qnode_id":"Q1432882"},"http://en.wikipedia.org/wiki/Pakistan":{"dbpedia":null,"qnode":null,"qnode_id":"Q843"},"http://en.wikipedia.org/wiki/Karachi":{"dbpedia":null,"qnode":null,"qnode_id":"Q8660"},"http://en.wikipedia.org/wiki/Jinnah_International_Airport":{"dbpedia":null,"qnode":null,"qnode_id":"Q61052"},"http://en.wikipedia.org/wiki/Multan":{"dbpedia":null,"qnode":null,"qnode_id":"Q185453"},"http://en.wikipedia.org/wiki/Multan_International_Airport":{"dbpedia":null,"qnode":null,"qnode_id":"Q31569"},"http://en.wikipedia.org/wiki/Sialkot":{"dbpedia":null,"qnode":null,"qnode_id":"Q643883"},"http://en.wikipedia.org/wiki/Sialkot_International_Airport":{"dbpedia":null,"qnode":null,"qnode_id":"Q28461"},"http://en.wikipedia.org/wiki/Qatar":{"dbpedia":null,"qnode":null,"qnode_id":"Q846"},"http://en.wikipedia.org/wiki/Doha":{"dbpedia":null,"qnode":null,"qnode_id":"Q3861"},"http://en.wikipedia.org/wiki/Hamad_International_Airport":{"dbpedia":null,"qnode":null,"qnode_id":"Q1198791"},"http://en.wikipedia.org/wiki/Saudi_Arabia":{"dbpedia":null,"qnode":null,"qnode_id":"Q851"},"http://en.wikipedia.org/wiki/Dammam":{"dbpedia":null,"qnode":null,"qnode_id":"Q160320"},"http://en.wikipedia.org/wiki/King_Fahd_International_Airport":{"dbpedia":null,"qnode":null,"qnode_id":"Q911155"},"http://en.wikipedia.org/wiki/Jeddah":{"dbpedia":null,"qnode":null,"qnode_id":"Q374365"},"http://en.wikipedia.org/wiki/King_Abdulaziz_International_Airport":{"dbpedia":null,"qnode":null,"qnode_id":"Q153592"},"http://en.wikipedia.org/wiki/Medina":{"dbpedia":null,"qnode":null,"qnode_id":"Q35484"},"http://en.wikipedia.org/wiki/Prince_Mohammad_Bin_Abdulaziz_Airport":{"dbpedia":null,"qnode":null,"qnode_id":"Q1205940"},"http://en.wikipedia.org/wiki/Riyadh":{"dbpedia":null,"qnode":null,"qnode_id":"Q3692"},"http://en.wikipedia.org/wiki/King_Khalid_International_Airport":{"dbpedia":null,"qnode":null,"qnode_id":"Q47157"},"http://en.wikipedia.org/wiki/Sri_Lanka":{"dbpedia":null,"qnode":null,"qnode_id":"Q854"},"http://en.wikipedia.org/wiki/Colombo":{"dbpedia":null,"qnode":null,"qnode_id":"Q35381"},"http://en.wikipedia.org/wiki/Bandaranaike_International_Airport":{"dbpedia":null,"qnode":null,"qnode_id":"Q60900"},"http://en.wikipedia.org/wiki/Sudan":{"dbpedia":null,"qnode":null,"qnode_id":"Q1049"},"http://en.wikipedia.org/wiki/Khartoum":{"dbpedia":null,"qnode":null,"qnode_id":"Q1963"},"http://en.wikipedia.org/wiki/Khartoum_International_Airport":{"dbpedia":null,"qnode":null,"qnode_id":"Q1050244"},"http://en.wikipedia.org/wiki/Thailand":{"dbpedia":null,"qnode":null,"qnode_id":"Q869"},"http://en.wikipedia.org/wiki/Phuket":{"dbpedia":null,"qnode":null,"qnode_id":"Q182565"},"http://en.wikipedia.org/wiki/Phuket_International":{"dbpedia":null,"qnode":null,"qnode_id":"Q240694"},"http://en.wikipedia.org/wiki/Turkey":{"dbpedia":null,"qnode":null,"qnode_id":"Q43"},"http://en.wikipedia.org/wiki/Istanbul":{"dbpedia":null,"qnode":null,"qnode_id":"Q406"},"http://en.wikipedia.org/wiki/Sabiha_Gokcen_International_Airport":{"dbpedia":null,"qnode":null,"qnode_id":"Q723622"},"http://en.wikipedia.org/wiki/Trabzon":{"dbpedia":null,"qnode":null,"qnode_id":"Q45301"},"http://en.wikipedia.org/wiki/Trabzon_Airport":{"dbpedia":null,"qnode":null,"qnode_id":"Q1169859"},"http://en.wikipedia.org/wiki/United_Arab_Emirates":{"dbpedia":null,"qnode":null,"qnode_id":"Q878"},"http://en.wikipedia.org/wiki/Abu_Dhabi":{"dbpedia":null,"qnode":null,"qnode_id":"Q1519"},"http://en.wikipedia.org/wiki/Abu_Dhabi_International_Airport":{"dbpedia":null,"qnode":null,"qnode_id":"Q643562"},"http://en.wikipedia.org/wiki/Dubai":{"dbpedia":null,"qnode":null,"qnode_id":"Q612"},"http://en.wikipedia.org/wiki/Dubai_International_Airport":{"dbpedia":null,"qnode":null,"qnode_id":"Q193439"},"https://en.wikipedia.org/wiki/SalamAir":{"dbpedia":null,"qnode":null,"qnode_id":"Q27926620"}}}
