{"id":"http://dbpedia.org/resource/Swimming_at_the_2002_Commonwealth_Games_–_Women's_50_metres_butterfly?dbpv=2020-02&nif=table&ref=1.3_2&order=0","pageURI":"http://dbpedia.org/resource/Swimming_at_the_2002_Commonwealth_Games_–_Women's_50_metres_butterfly?dbpv=2020-02&nif=context","rows":[{"cells":[{"value":"Rank","html":"<th>Rank</th>","links":[],"attrs":{},"is_header":true,"rowspan":1,"colspan":1,"original_rowspan":1,"original_colspan":1},{"value":"Heat","html":"<th>Heat</th>","links":[],"attrs":{},"is_header":true,"rowspan":1,"colspan":1,"original_rowspan":1,"original_colspan":1},{"value":"Lane","html":"<th>Lane</th>","links":[],"attrs":{},"is_header":true,"rowspan":1,"colspan":1,"original_rowspan":1,"original_colspan":1},{"value":"Name","html":"<th>Name</th>","links":[],"attrs":{},"is_header":true,"rowspan":1,"colspan":1,"original_rowspan":1,"original_colspan":1},{"value":"Nationality","html":"<th>Nationality</th>","links":[],"attrs":{},"is_header":true,"rowspan":1,"colspan":1,"original_rowspan":1,"original_colspan":1},{"value":"Time","html":"<th>Time</th>","links":[],"attrs":{},"is_header":true,"rowspan":1,"colspan":1,"original_rowspan":1,"original_colspan":1},{"value":"Notes","html":"<th>Notes</th>","links":[],"attrs":{},"is_header":true,"rowspan":1,"colspan":1,"original_rowspan":1,"original_colspan":1}],"attrs":{}},{"cells":[{"value":"1","html":"<td>1</td>","links":[],"attrs":{},"is_header":false,"rowspan":1,"colspan":1,"original_rowspan":1,"original_colspan":1},{"value":"4","html":"<td>4</td>","links":[],"attrs":{},"is_header":false,"rowspan":1,"colspan":1,"original_rowspan":1,"original_colspan":1},{"value":"4","html":"<td>4</td>","links":[],"attrs":{},"is_header":false,"rowspan":1,"colspan":1,"original_rowspan":1,"original_colspan":1},{"value":"Petria Thomas","html":"<td align=\"left\"><a href=\"/wiki/Petria_Thomas\" title=\"Petria Thomas\">Petria Thomas</a></td>","links":[{"href":"/wiki/Petria_Thomas","start":0,"end":13,"is_selflink":false}],"attrs":{"align":"left"},"is_header":false,"rowspan":1,"colspan":1,"original_rowspan":1,"original_colspan":1},{"value":" Australia","html":"<td align=\"left\"><span class=\"flagicon\"><img alt=\"\" class=\"thumbborder\" data-file-height=\"640\" data-file-width=\"1280\" decoding=\"async\" height=\"12\" src=\"//upload.wikimedia.org/wikipedia/commons/thumb/8/88/Flag_of_Australia_%28converted%29.svg/23px-Flag_of_Australia_%28converted%29.svg.png\" srcset=\"//upload.wikimedia.org/wikipedia/commons/thumb/8/88/Flag_of_Australia_%28converted%29.svg/35px-Flag_of_Australia_%28converted%29.svg.png 1.5x, //upload.wikimedia.org/wikipedia/commons/thumb/8/88/Flag_of_Australia_%28converted%29.svg/46px-Flag_of_Australia_%28converted%29.svg.png 2x\" width=\"23\"/> </span><a href=\"/wiki/Australia\" title=\"Australia\">Australia</a></td>","links":[{"href":"/wiki/Australia","start":1,"end":10,"is_selflink":false}],"attrs":{"align":"left"},"is_header":false,"rowspan":1,"colspan":1,"original_rowspan":1,"original_colspan":1},{"value":"27.09","html":"<td>27.09</td>","links":[],"attrs":{},"is_header":false,"rowspan":1,"colspan":1,"original_rowspan":1,"original_colspan":1},{"value":"Q","html":"<td>Q</td>","links":[],"attrs":{},"is_header":false,"rowspan":1,"colspan":1,"original_rowspan":1,"original_colspan":1}],"attrs":{}},{"cells":[{"value":"2","html":"<td>2</td>","links":[],"attrs":{},"is_header":false,"rowspan":1,"colspan":1,"original_rowspan":1,"original_colspan":1},{"value":"2","html":"<td>2</td>","links":[],"attrs":{},"is_header":false,"rowspan":1,"colspan":1,"original_rowspan":1,"original_colspan":1},{"value":"4","html":"<td>4</td>","links":[],"attrs":{},"is_header":false,"rowspan":1,"colspan":1,"original_rowspan":1,"original_colspan":1},{"value":"Nicole Irving","html":"<td align=\"left\"><a href=\"/wiki/Nicole_Irving\" title=\"Nicole Irving\">Nicole Irving</a></td>","links":[{"href":"/wiki/Nicole_Irving","start":0,"end":13,"is_selflink":false}],"attrs":{"align":"left"},"is_header":false,"rowspan":1,"colspan":1,"original_rowspan":1,"original_colspan":1},{"value":" Australia","html":"<td align=\"left\"><span class=\"flagicon\"><img alt=\"\" class=\"thumbborder\" data-file-height=\"640\" data-file-width=\"1280\" decoding=\"async\" height=\"12\" src=\"//upload.wikimedia.org/wikipedia/commons/thumb/8/88/Flag_of_Australia_%28converted%29.svg/23px-Flag_of_Australia_%28converted%29.svg.png\" srcset=\"//upload.wikimedia.org/wikipedia/commons/thumb/8/88/Flag_of_Australia_%28converted%29.svg/35px-Flag_of_Australia_%28converted%29.svg.png 1.5x, //upload.wikimedia.org/wikipedia/commons/thumb/8/88/Flag_of_Australia_%28converted%29.svg/46px-Flag_of_Australia_%28converted%29.svg.png 2x\" width=\"23\"/> </span><a href=\"/wiki/Australia\" title=\"Australia\">Australia</a></td>","links":[{"href":"/wiki/Australia","start":1,"end":10,"is_selflink":false}],"attrs":{"align":"left"},"is_header":false,"rowspan":1,"colspan":1,"original_rowspan":1,"original_colspan":1},{"value":"27.22","html":"<td>27.22</td>","links":[],"attrs":{},"is_header":false,"rowspan":1,"colspan":1,"original_rowspan":1,"original_colspan":1},{"value":"Q","html":"<td>Q</td>","links":[],"attrs":{},"is_header":false,"rowspan":1,"colspan":1,"original_rowspan":1,"original_colspan":1}],"attrs":{}},{"cells":[{"value":"3","html":"<td>3</td>","links":[],"attrs":{},"is_header":false,"rowspan":1,"colspan":1,"original_rowspan":1,"original_colspan":1},{"value":"3","html":"<td>3</td>","links":[],"attrs":{},"is_header":false,"rowspan":1,"colspan":1,"original_rowspan":1,"original_colspan":1},{"value":"5","html":"<td>5</td>","links":[],"attrs":{},"is_header":false,"rowspan":1,"colspan":1,"original_rowspan":1,"original_colspan":1},{"value":"Alison Sheppard","html":"<td align=\"left\"><a href=\"/wiki/Alison_Sheppard\" title=\"Alison Sheppard\">Alison Sheppard</a></td>","links":[{"href":"/wiki/Alison_Sheppard","start":0,"end":15,"is_selflink":false}],"attrs":{"align":"left"},"is_header":false,"rowspan":1,"colspan":1,"original_rowspan":1,"original_colspan":1},{"value":" Scotland","html":"<td align=\"left\"><span class=\"flagicon\"><img alt=\"\" class=\"thumbborder\" data-file-height=\"600\" data-file-width=\"1000\" decoding=\"async\" height=\"14\" src=\"//upload.wikimedia.org/wikipedia/commons/thumb/1/10/Flag_of_Scotland.svg/23px-Flag_of_Scotland.svg.png\" srcset=\"//upload.wikimedia.org/wikipedia/commons/thumb/1/10/Flag_of_Scotland.svg/35px-Flag_of_Scotland.svg.png 1.5x, //upload.wikimedia.org/wikipedia/commons/thumb/1/10/Flag_of_Scotland.svg/46px-Flag_of_Scotland.svg.png 2x\" width=\"23\"/> </span><a href=\"/wiki/Scotland\" title=\"Scotland\">Scotland</a></td>","links":[{"href":"/wiki/Scotland","start":1,"end":9,"is_selflink":false}],"attrs":{"align":"left"},"is_header":false,"rowspan":1,"colspan":1,"original_rowspan":1,"original_colspan":1},{"value":"27.39","html":"<td>27.39</td>","links":[],"attrs":{},"is_header":false,"rowspan":1,"colspan":1,"original_rowspan":1,"original_colspan":1},{"value":"Q","html":"<td>Q</td>","links":[],"attrs":{},"is_header":false,"rowspan":1,"colspan":1,"original_rowspan":1,"original_colspan":1}],"attrs":{}},{"cells":[{"value":"4","html":"<td>4</td>","links":[],"attrs":{},"is_header":false,"rowspan":1,"colspan":1,"original_rowspan":1,"original_colspan":1},{"value":"2","html":"<td>2</td>","links":[],"attrs":{},"is_header":false,"rowspan":1,"colspan":1,"original_rowspan":1,"original_colspan":1},{"value":"5","html":"<td>5</td>","links":[],"attrs":{},"is_header":false,"rowspan":1,"colspan":1,"original_rowspan":1,"original_colspan":1},{"value":"Mandy Loots","html":"<td align=\"left\"><a href=\"/wiki/Mandy_Loots\" title=\"Mandy Loots\">Mandy Loots</a></td>","links":[{"href":"/wiki/Mandy_Loots","start":0,"end":11,"is_selflink":false}],"attrs":{"align":"left"},"is_header":false,"rowspan":1,"colspan":1,"original_rowspan":1,"original_colspan":1},{"value":" South Africa","html":"<td align=\"left\"><span class=\"flagicon\"><img alt=\"\" class=\"thumbborder\" data-file-height=\"600\" data-file-width=\"900\" decoding=\"async\" height=\"15\" src=\"//upload.wikimedia.org/wikipedia/commons/thumb/a/af/Flag_of_South_Africa.svg/23px-Flag_of_South_Africa.svg.png\" srcset=\"//upload.wikimedia.org/wikipedia/commons/thumb/a/af/Flag_of_South_Africa.svg/35px-Flag_of_South_Africa.svg.png 1.5x, //upload.wikimedia.org/wikipedia/commons/thumb/a/af/Flag_of_South_Africa.svg/45px-Flag_of_South_Africa.svg.png 2x\" width=\"23\"/> </span><a href=\"/wiki/South_Africa\" title=\"South Africa\">South Africa</a></td>","links":[{"href":"/wiki/South_Africa","start":1,"end":13,"is_selflink":false}],"attrs":{"align":"left"},"is_header":false,"rowspan":1,"colspan":1,"original_rowspan":1,"original_colspan":1},{"value":"27.60","html":"<td>27.60</td>","links":[],"attrs":{},"is_header":false,"rowspan":1,"colspan":1,"original_rowspan":1,"original_colspan":1},{"value":"Q","html":"<td>Q</td>","links":[],"attrs":{},"is_header":false,"rowspan":1,"colspan":1,"original_rowspan":1,"original_colspan":1}],"attrs":{}},{"cells":[{"value":"5","html":"<td>5</td>","links":[],"attrs":{},"is_header":false,"rowspan":1,"colspan":1,"original_rowspan":1,"original_colspan":1},{"value":"3","html":"<td>3</td>","links":[],"attrs":{},"is_header":false,"rowspan":1,"colspan":1,"original_rowspan":1,"original_colspan":1},{"value":"4","html":"<td>4</td>","links":[],"attrs":{},"is_header":false,"rowspan":1,"colspan":1,"original_rowspan":1,"original_colspan":1},{"value":"Rosalind Brett","html":"<td align=\"left\"><a href=\"/wiki/Rosalind_Brett\" title=\"Rosalind Brett\">Rosalind Brett</a></td>","links":[{"href":"/wiki/Rosalind_Brett","start":0,"end":14,"is_selflink":false}],"attrs":{"align":"left"},"is_header":false,"rowspan":1,"colspan":1,"original_rowspan":1,"original_colspan":1},{"value":" England","html":"<td align=\"left\"><span class=\"flagicon\"><img alt=\"\" class=\"thumbborder\" data-file-height=\"480\" data-file-width=\"800\" decoding=\"async\" height=\"14\" src=\"//upload.wikimedia.org/wikipedia/en/thumb/b/be/Flag_of_England.svg/23px-Flag_of_England.svg.png\" srcset=\"//upload.wikimedia.org/wikipedia/en/thumb/b/be/Flag_of_England.svg/35px-Flag_of_England.svg.png 1.5x, //upload.wikimedia.org/wikipedia/en/thumb/b/be/Flag_of_England.svg/46px-Flag_of_England.svg.png 2x\" width=\"23\"/> </span><a href=\"/wiki/England\" title=\"England\">England</a></td>","links":[{"href":"/wiki/England","start":1,"end":8,"is_selflink":false}],"attrs":{"align":"left"},"is_header":false,"rowspan":1,"colspan":1,"original_rowspan":1,"original_colspan":1},{"value":"27.80","html":"<td>27.80</td>","links":[],"attrs":{},"is_header":false,"rowspan":1,"colspan":1,"original_rowspan":1,"original_colspan":1},{"value":"Q","html":"<td>Q</td>","links":[],"attrs":{},"is_header":false,"rowspan":1,"colspan":1,"original_rowspan":1,"original_colspan":1}],"attrs":{}},{"cells":[{"value":"6","html":"<td>6</td>","links":[],"attrs":{},"is_header":false,"rowspan":1,"colspan":1,"original_rowspan":1,"original_colspan":1},{"value":"4","html":"<td>4</td>","links":[],"attrs":{},"is_header":false,"rowspan":1,"colspan":1,"original_rowspan":1,"original_colspan":1},{"value":"5","html":"<td>5</td>","links":[],"attrs":{},"is_header":false,"rowspan":1,"colspan":1,"original_rowspan":1,"original_colspan":1},{"value":"Joscelin Yeo","html":"<td align=\"left\"><a href=\"/wiki/Joscelin_Yeo\" title=\"Joscelin Yeo\">Joscelin Yeo</a></td>","links":[{"href":"/wiki/Joscelin_Yeo","start":0,"end":12,"is_selflink":false}],"attrs":{"align":"left"},"is_header":false,"rowspan":1,"colspan":1,"original_rowspan":1,"original_colspan":1},{"value":" Singapore","html":"<td align=\"left\"><span class=\"flagicon\"><img alt=\"\" class=\"thumbborder\" data-file-height=\"2880\" data-file-width=\"4320\" decoding=\"async\" height=\"15\" src=\"//upload.wikimedia.org/wikipedia/commons/thumb/4/48/Flag_of_Singapore.svg/23px-Flag_of_Singapore.svg.png\" srcset=\"//upload.wikimedia.org/wikipedia/commons/thumb/4/48/Flag_of_Singapore.svg/35px-Flag_of_Singapore.svg.png 1.5x, //upload.wikimedia.org/wikipedia/commons/thumb/4/48/Flag_of_Singapore.svg/45px-Flag_of_Singapore.svg.png 2x\" width=\"23\"/> </span><a href=\"/wiki/Singapore\" title=\"Singapore\">Singapore</a></td>","links":[{"href":"/wiki/Singapore","start":1,"end":10,"is_selflink":false}],"attrs":{"align":"left"},"is_header":false,"rowspan":1,"colspan":1,"original_rowspan":1,"original_colspan":1},{"value":"27.87","html":"<td>27.87</td>","links":[],"attrs":{},"is_header":false,"rowspan":1,"colspan":1,"original_rowspan":1,"original_colspan":1},{"value":"Q","html":"<td>Q</td>","links":[],"attrs":{},"is_header":false,"rowspan":1,"colspan":1,"original_rowspan":1,"original_colspan":1}],"attrs":{}},{"cells":[{"value":"7","html":"<td>7</td>","links":[],"attrs":{},"is_header":false,"rowspan":1,"colspan":1,"original_rowspan":1,"original_colspan":1},{"value":"4","html":"<td>4</td>","links":[],"attrs":{},"is_header":false,"rowspan":1,"colspan":1,"original_rowspan":1,"original_colspan":1},{"value":"3","html":"<td>3</td>","links":[],"attrs":{},"is_header":false,"rowspan":1,"colspan":1,"original_rowspan":1,"original_colspan":1},{"value":"Kerry Martin","html":"<td align=\"left\"><a class=\"new\" href=\"/w/index.php?title=Kerry_Martin&amp;action=edit&amp;redlink=1\" title=\"Kerry Martin (page does not exist)\">Kerry Martin</a></td>","links":[{"href":"/w/index.php?title=Kerry_Martin&action=edit&redlink=1","start":0,"end":12,"is_selflink":false}],"attrs":{"align":"left"},"is_header":false,"rowspan":1,"colspan":1,"original_rowspan":1,"original_colspan":1},{"value":" Scotland","html":"<td align=\"left\"><span class=\"flagicon\"><img alt=\"\" class=\"thumbborder\" data-file-height=\"600\" data-file-width=\"1000\" decoding=\"async\" height=\"14\" src=\"//upload.wikimedia.org/wikipedia/commons/thumb/1/10/Flag_of_Scotland.svg/23px-Flag_of_Scotland.svg.png\" srcset=\"//upload.wikimedia.org/wikipedia/commons/thumb/1/10/Flag_of_Scotland.svg/35px-Flag_of_Scotland.svg.png 1.5x, //upload.wikimedia.org/wikipedia/commons/thumb/1/10/Flag_of_Scotland.svg/46px-Flag_of_Scotland.svg.png 2x\" width=\"23\"/> </span><a href=\"/wiki/Scotland\" title=\"Scotland\">Scotland</a></td>","links":[{"href":"/wiki/Scotland","start":1,"end":9,"is_selflink":false}],"attrs":{"align":"left"},"is_header":false,"rowspan":1,"colspan":1,"original_rowspan":1,"original_colspan":1},{"value":"27.88","html":"<td>27.88</td>","links":[],"attrs":{},"is_header":false,"rowspan":1,"colspan":1,"original_rowspan":1,"original_colspan":1},{"value":"Q","html":"<td>Q</td>","links":[],"attrs":{},"is_header":false,"rowspan":1,"colspan":1,"original_rowspan":1,"original_colspan":1}],"attrs":{}},{"cells":[{"value":"8","html":"<td>8</td>","links":[],"attrs":{},"is_header":false,"rowspan":1,"colspan":1,"original_rowspan":1,"original_colspan":1},{"value":"3","html":"<td>3</td>","links":[],"attrs":{},"is_header":false,"rowspan":1,"colspan":1,"original_rowspan":1,"original_colspan":1},{"value":"2","html":"<td>2</td>","links":[],"attrs":{},"is_header":false,"rowspan":1,"colspan":1,"original_rowspan":1,"original_colspan":1},{"value":"Georgie Lee","html":"<td align=\"left\"><a class=\"new\" href=\"/w/index.php?title=Georgie_Lee&amp;action=edit&amp;redlink=1\" title=\"Georgie Lee (page does not exist)\">Georgie Lee</a></td>","links":[{"href":"/w/index.php?title=Georgie_Lee&action=edit&redlink=1","start":0,"end":11,"is_selflink":false}],"attrs":{"align":"left"},"is_header":false,"rowspan":1,"colspan":1,"original_rowspan":1,"original_colspan":1},{"value":" England","html":"<td align=\"left\"><span class=\"flagicon\"><img alt=\"\" class=\"thumbborder\" data-file-height=\"480\" data-file-width=\"800\" decoding=\"async\" height=\"14\" src=\"//upload.wikimedia.org/wikipedia/en/thumb/b/be/Flag_of_England.svg/23px-Flag_of_England.svg.png\" srcset=\"//upload.wikimedia.org/wikipedia/en/thumb/b/be/Flag_of_England.svg/35px-Flag_of_England.svg.png 1.5x, //upload.wikimedia.org/wikipedia/en/thumb/b/be/Flag_of_England.svg/46px-Flag_of_England.svg.png 2x\" width=\"23\"/> </span><a href=\"/wiki/England\" title=\"England\">England</a></td>","links":[{"href":"/wiki/England","start":1,"end":8,"is_selflink":false}],"attrs":{"align":"left"},"is_header":false,"rowspan":1,"colspan":1,"original_rowspan":1,"original_colspan":1},{"value":"28.02","html":"<td>28.02</td>","links":[],"attrs":{},"is_header":false,"rowspan":1,"colspan":1,"original_rowspan":1,"original_colspan":1},{"value":"Q","html":"<td>Q</td>","links":[],"attrs":{},"is_header":false,"rowspan":1,"colspan":1,"original_rowspan":1,"original_colspan":1}],"attrs":{}},{"cells":[{"value":"9","html":"<td>9</td>","links":[],"attrs":{},"is_header":false,"rowspan":1,"colspan":1,"original_rowspan":1,"original_colspan":1},{"value":"3","html":"<td>3</td>","links":[],"attrs":{},"is_header":false,"rowspan":1,"colspan":1,"original_rowspan":1,"original_colspan":1},{"value":"3","html":"<td>3</td>","links":[],"attrs":{},"is_header":false,"rowspan":1,"colspan":1,"original_rowspan":1,"original_colspan":1},{"value":"Nadine Rolland","html":"<td align=\"left\"><a href=\"/wiki/Nadine_Rolland\" title=\"Nadine Rolland\">Nadine Rolland</a></td>","links":[{"href":"/wiki/Nadine_Rolland","start":0,"end":14,"is_selflink":false}],"attrs":{"align":"left"},"is_header":false,"rowspan":1,"colspan":1,"original_rowspan":1,"original_colspan":1},{"value":" Canada","html":"<td align=\"left\"><span class=\"flagicon\"><img alt=\"\" class=\"thumbborder\" data-file-height=\"600\" data-file-width=\"1200\" decoding=\"async\" height=\"12\" src=\"//upload.wikimedia.org/wikipedia/commons/thumb/d/d9/Flag_of_Canada_%28Pantone%29.svg/23px-Flag_of_Canada_%28Pantone%29.svg.png\" srcset=\"//upload.wikimedia.org/wikipedia/commons/thumb/d/d9/Flag_of_Canada_%28Pantone%29.svg/35px-Flag_of_Canada_%28Pantone%29.svg.png 1.5x, //upload.wikimedia.org/wikipedia/commons/thumb/d/d9/Flag_of_Canada_%28Pantone%29.svg/46px-Flag_of_Canada_%28Pantone%29.svg.png 2x\" width=\"23\"/> </span><a href=\"/wiki/Canada\" title=\"Canada\">Canada</a></td>","links":[{"href":"/wiki/Canada","start":1,"end":7,"is_selflink":false}],"attrs":{"align":"left"},"is_header":false,"rowspan":1,"colspan":1,"original_rowspan":1,"original_colspan":1},{"value":"28.14","html":"<td>28.14</td>","links":[],"attrs":{},"is_header":false,"rowspan":1,"colspan":1,"original_rowspan":1,"original_colspan":1},{"value":"Q","html":"<td>Q</td>","links":[],"attrs":{},"is_header":false,"rowspan":1,"colspan":1,"original_rowspan":1,"original_colspan":1}],"attrs":{}},{"cells":[{"value":"10","html":"<td>10</td>","links":[],"attrs":{},"is_header":false,"rowspan":1,"colspan":1,"original_rowspan":1,"original_colspan":1},{"value":"4","html":"<td>4</td>","links":[],"attrs":{},"is_header":false,"rowspan":1,"colspan":1,"original_rowspan":1,"original_colspan":1},{"value":"7","html":"<td>7</td>","links":[],"attrs":{},"is_header":false,"rowspan":1,"colspan":1,"original_rowspan":1,"original_colspan":1},{"value":"Audrey Lacroix","html":"<td align=\"left\"><a href=\"/wiki/Audrey_Lacroix\" title=\"Audrey Lacroix\">Audrey Lacroix</a></td>","links":[{"href":"/wiki/Audrey_Lacroix","start":0,"end":14,"is_selflink":false}],"attrs":{"align":"left"},"is_header":false,"rowspan":1,"colspan":1,"original_rowspan":1,"original_colspan":1},{"value":" Canada","html":"<td align=\"left\"><span class=\"flagicon\"><img alt=\"\" class=\"thumbborder\" data-file-height=\"600\" data-file-width=\"1200\" decoding=\"async\" height=\"12\" src=\"//upload.wikimedia.org/wikipedia/commons/thumb/d/d9/Flag_of_Canada_%28Pantone%29.svg/23px-Flag_of_Canada_%28Pantone%29.svg.png\" srcset=\"//upload.wikimedia.org/wikipedia/commons/thumb/d/d9/Flag_of_Canada_%28Pantone%29.svg/35px-Flag_of_Canada_%28Pantone%29.svg.png 1.5x, //upload.wikimedia.org/wikipedia/commons/thumb/d/d9/Flag_of_Canada_%28Pantone%29.svg/46px-Flag_of_Canada_%28Pantone%29.svg.png 2x\" width=\"23\"/> </span><a href=\"/wiki/Canada\" title=\"Canada\">Canada</a></td>","links":[{"href":"/wiki/Canada","start":1,"end":7,"is_selflink":false}],"attrs":{"align":"left"},"is_header":false,"rowspan":1,"colspan":1,"original_rowspan":1,"original_colspan":1},{"value":"28.17","html":"<td>28.17</td>","links":[],"attrs":{},"is_header":false,"rowspan":1,"colspan":1,"original_rowspan":1,"original_colspan":1},{"value":"Q","html":"<td>Q</td>","links":[],"attrs":{},"is_header":false,"rowspan":1,"colspan":1,"original_rowspan":1,"original_colspan":1}],"attrs":{}},{"cells":[{"value":"11","html":"<td>11</td>","links":[],"attrs":{},"is_header":false,"rowspan":1,"colspan":1,"original_rowspan":1,"original_colspan":1},{"value":"4","html":"<td>4</td>","links":[],"attrs":{},"is_header":false,"rowspan":1,"colspan":1,"original_rowspan":1,"original_colspan":1},{"value":"2","html":"<td>2</td>","links":[],"attrs":{},"is_header":false,"rowspan":1,"colspan":1,"original_rowspan":1,"original_colspan":1},{"value":"Leah Martindale","html":"<td align=\"left\"><a href=\"/wiki/Leah_Martindale\" title=\"Leah Martindale\">Leah Martindale</a></td>","links":[{"href":"/wiki/Leah_Martindale","start":0,"end":15,"is_selflink":false}],"attrs":{"align":"left"},"is_header":false,"rowspan":1,"colspan":1,"original_rowspan":1,"original_colspan":1},{"value":" Barbados","html":"<td align=\"left\"><span class=\"flagicon\"><img alt=\"\" class=\"thumbborder\" data-file-height=\"1000\" data-file-width=\"1500\" decoding=\"async\" height=\"15\" src=\"//upload.wikimedia.org/wikipedia/commons/thumb/e/ef/Flag_of_Barbados.svg/23px-Flag_of_Barbados.svg.png\" srcset=\"//upload.wikimedia.org/wikipedia/commons/thumb/e/ef/Flag_of_Barbados.svg/35px-Flag_of_Barbados.svg.png 1.5x, //upload.wikimedia.org/wikipedia/commons/thumb/e/ef/Flag_of_Barbados.svg/45px-Flag_of_Barbados.svg.png 2x\" width=\"23\"/> </span><a href=\"/wiki/Barbados\" title=\"Barbados\">Barbados</a></td>","links":[{"href":"/wiki/Barbados","start":1,"end":9,"is_selflink":false}],"attrs":{"align":"left"},"is_header":false,"rowspan":1,"colspan":1,"original_rowspan":1,"original_colspan":1},{"value":"28.18","html":"<td>28.18</td>","links":[],"attrs":{},"is_header":false,"rowspan":1,"colspan":1,"original_rowspan":1,"original_colspan":1},{"value":"Q","html":"<td>Q</td>","links":[],"attrs":{},"is_header":false,"rowspan":1,"colspan":1,"original_rowspan":1,"original_colspan":1}],"attrs":{}},{"cells":[{"value":"12","html":"<td>12</td>","links":[],"attrs":{},"is_header":false,"rowspan":1,"colspan":1,"original_rowspan":1,"original_colspan":1},{"value":"2","html":"<td>2</td>","links":[],"attrs":{},"is_header":false,"rowspan":1,"colspan":1,"original_rowspan":1,"original_colspan":1},{"value":"3","html":"<td>3</td>","links":[],"attrs":{},"is_header":false,"rowspan":1,"colspan":1,"original_rowspan":1,"original_colspan":1},{"value":"Sarah Ryan","html":"<td align=\"left\"><a href=\"/wiki/Sarah_Ryan\" title=\"Sarah Ryan\">Sarah Ryan</a></td>","links":[{"href":"/wiki/Sarah_Ryan","start":0,"end":10,"is_selflink":false}],"attrs":{"align":"left"},"is_header":false,"rowspan":1,"colspan":1,"original_rowspan":1,"original_colspan":1},{"value":" Australia","html":"<td align=\"left\"><span class=\"flagicon\"><img alt=\"\" class=\"thumbborder\" data-file-height=\"640\" data-file-width=\"1280\" decoding=\"async\" height=\"12\" src=\"//upload.wikimedia.org/wikipedia/commons/thumb/8/88/Flag_of_Australia_%28converted%29.svg/23px-Flag_of_Australia_%28converted%29.svg.png\" srcset=\"//upload.wikimedia.org/wikipedia/commons/thumb/8/88/Flag_of_Australia_%28converted%29.svg/35px-Flag_of_Australia_%28converted%29.svg.png 1.5x, //upload.wikimedia.org/wikipedia/commons/thumb/8/88/Flag_of_Australia_%28converted%29.svg/46px-Flag_of_Australia_%28converted%29.svg.png 2x\" width=\"23\"/> </span><a href=\"/wiki/Australia\" title=\"Australia\">Australia</a></td>","links":[{"href":"/wiki/Australia","start":1,"end":10,"is_selflink":false}],"attrs":{"align":"left"},"is_header":false,"rowspan":1,"colspan":1,"original_rowspan":1,"original_colspan":1},{"value":"28.23","html":"<td>28.23</td>","links":[],"attrs":{},"is_header":false,"rowspan":1,"colspan":1,"original_rowspan":1,"original_colspan":1},{"value":"Q","html":"<td>Q</td>","links":[],"attrs":{},"is_header":false,"rowspan":1,"colspan":1,"original_rowspan":1,"original_colspan":1}],"attrs":{}},{"cells":[{"value":"12","html":"<td>12</td>","links":[],"attrs":{},"is_header":false,"rowspan":1,"colspan":1,"original_rowspan":1,"original_colspan":1},{"value":"4","html":"<td>4</td>","links":[],"attrs":{},"is_header":false,"rowspan":1,"colspan":1,"original_rowspan":1,"original_colspan":1},{"value":"1","html":"<td>1</td>","links":[],"attrs":{},"is_header":false,"rowspan":1,"colspan":1,"original_rowspan":1,"original_colspan":1},{"value":"Maria Papadopoulou","html":"<td align=\"left\"><a href=\"/wiki/Maria_Papadopoulou\" title=\"Maria Papadopoulou\">Maria Papadopoulou</a></td>","links":[{"href":"/wiki/Maria_Papadopoulou","start":0,"end":18,"is_selflink":false}],"attrs":{"align":"left"},"is_header":false,"rowspan":1,"colspan":1,"original_rowspan":1,"original_colspan":1},{"value":" Cyprus","html":"<td align=\"left\"><span class=\"flagicon\"><img alt=\"\" class=\"thumbborder\" data-file-height=\"600\" data-file-width=\"900\" decoding=\"async\" height=\"15\" src=\"//upload.wikimedia.org/wikipedia/commons/thumb/d/d4/Flag_of_Cyprus.svg/23px-Flag_of_Cyprus.svg.png\" srcset=\"//upload.wikimedia.org/wikipedia/commons/thumb/d/d4/Flag_of_Cyprus.svg/35px-Flag_of_Cyprus.svg.png 1.5x, //upload.wikimedia.org/wikipedia/commons/thumb/d/d4/Flag_of_Cyprus.svg/45px-Flag_of_Cyprus.svg.png 2x\" width=\"23\"/> </span><a href=\"/wiki/Cyprus\" title=\"Cyprus\">Cyprus</a></td>","links":[{"href":"/wiki/Cyprus","start":1,"end":7,"is_selflink":false}],"attrs":{"align":"left"},"is_header":false,"rowspan":1,"colspan":1,"original_rowspan":1,"original_colspan":1},{"value":"28.23","html":"<td>28.23</td>","links":[],"attrs":{},"is_header":false,"rowspan":1,"colspan":1,"original_rowspan":1,"original_colspan":1},{"value":"Q","html":"<td>Q</td>","links":[],"attrs":{},"is_header":false,"rowspan":1,"colspan":1,"original_rowspan":1,"original_colspan":1}],"attrs":{}},{"cells":[{"value":"14","html":"<td>14</td>","links":[],"attrs":{},"is_header":false,"rowspan":1,"colspan":1,"original_rowspan":1,"original_colspan":1},{"value":"2","html":"<td>2</td>","links":[],"attrs":{},"is_header":false,"rowspan":1,"colspan":1,"original_rowspan":1,"original_colspan":1},{"value":"6","html":"<td>6</td>","links":[],"attrs":{},"is_header":false,"rowspan":1,"colspan":1,"original_rowspan":1,"original_colspan":1},{"value":"Hannah McLean","html":"<td align=\"left\"><a href=\"/wiki/Hannah_McLean\" title=\"Hannah McLean\">Hannah McLean</a></td>","links":[{"href":"/wiki/Hannah_McLean","start":0,"end":13,"is_selflink":false}],"attrs":{"align":"left"},"is_header":false,"rowspan":1,"colspan":1,"original_rowspan":1,"original_colspan":1},{"value":" New Zealand","html":"<td align=\"left\"><span class=\"flagicon\"><img alt=\"\" class=\"thumbborder\" data-file-height=\"600\" data-file-width=\"1200\" decoding=\"async\" height=\"12\" src=\"//upload.wikimedia.org/wikipedia/commons/thumb/3/3e/Flag_of_New_Zealand.svg/23px-Flag_of_New_Zealand.svg.png\" srcset=\"//upload.wikimedia.org/wikipedia/commons/thumb/3/3e/Flag_of_New_Zealand.svg/35px-Flag_of_New_Zealand.svg.png 1.5x, //upload.wikimedia.org/wikipedia/commons/thumb/3/3e/Flag_of_New_Zealand.svg/46px-Flag_of_New_Zealand.svg.png 2x\" width=\"23\"/> </span><a href=\"/wiki/New_Zealand\" title=\"New Zealand\">New Zealand</a></td>","links":[{"href":"/wiki/New_Zealand","start":1,"end":12,"is_selflink":false}],"attrs":{"align":"left"},"is_header":false,"rowspan":1,"colspan":1,"original_rowspan":1,"original_colspan":1},{"value":"28.41","html":"<td>28.41</td>","links":[],"attrs":{},"is_header":false,"rowspan":1,"colspan":1,"original_rowspan":1,"original_colspan":1},{"value":"Q","html":"<td>Q</td>","links":[],"attrs":{},"is_header":false,"rowspan":1,"colspan":1,"original_rowspan":1,"original_colspan":1}],"attrs":{}},{"cells":[{"value":"15","html":"<td>15</td>","links":[],"attrs":{},"is_header":false,"rowspan":1,"colspan":1,"original_rowspan":1,"original_colspan":1},{"value":"3","html":"<td>3</td>","links":[],"attrs":{},"is_header":false,"rowspan":1,"colspan":1,"original_rowspan":1,"original_colspan":1},{"value":"6","html":"<td>6</td>","links":[],"attrs":{},"is_header":false,"rowspan":1,"colspan":1,"original_rowspan":1,"original_colspan":1},{"value":"Julie Douglas","html":"<td align=\"left\"><a class=\"new\" href=\"/w/index.php?title=Julie_Douglas&amp;action=edit&amp;redlink=1\" title=\"Julie Douglas (page does not exist)\">Julie Douglas</a></td>","links":[{"href":"/w/index.php?title=Julie_Douglas&action=edit&redlink=1","start":0,"end":13,"is_selflink":false}],"attrs":{"align":"left"},"is_header":false,"rowspan":1,"colspan":1,"original_rowspan":1,"original_colspan":1},{"value":" Northern Ireland","html":"<td align=\"left\"><span class=\"flagicon\"><img alt=\"\" class=\"thumbborder\" data-file-height=\"300\" data-file-width=\"600\" decoding=\"async\" height=\"12\" src=\"//upload.wikimedia.org/wikipedia/commons/thumb/d/d0/Ulster_Banner.svg/23px-Ulster_Banner.svg.png\" srcset=\"//upload.wikimedia.org/wikipedia/commons/thumb/d/d0/Ulster_Banner.svg/35px-Ulster_Banner.svg.png 1.5x, //upload.wikimedia.org/wikipedia/commons/thumb/d/d0/Ulster_Banner.svg/46px-Ulster_Banner.svg.png 2x\" width=\"23\"/> </span><a href=\"/wiki/Northern_Ireland\" title=\"Northern Ireland\">Northern Ireland</a></td>","links":[{"href":"/wiki/Northern_Ireland","start":1,"end":17,"is_selflink":false}],"attrs":{"align":"left"},"is_header":false,"rowspan":1,"colspan":1,"original_rowspan":1,"original_colspan":1},{"value":"28.43","html":"<td>28.43</td>","links":[],"attrs":{},"is_header":false,"rowspan":1,"colspan":1,"original_rowspan":1,"original_colspan":1},{"value":"Q","html":"<td>Q</td>","links":[],"attrs":{},"is_header":false,"rowspan":1,"colspan":1,"original_rowspan":1,"original_colspan":1}],"attrs":{}},{"cells":[{"value":"15","html":"<td>15</td>","links":[],"attrs":{},"is_header":false,"rowspan":1,"colspan":1,"original_rowspan":1,"original_colspan":1},{"value":"4","html":"<td>4</td>","links":[],"attrs":{},"is_header":false,"rowspan":1,"colspan":1,"original_rowspan":1,"original_colspan":1},{"value":"7","html":"<td>7</td>","links":[],"attrs":{},"is_header":false,"rowspan":1,"colspan":1,"original_rowspan":1,"original_colspan":1},{"value":"Karla Hancocks","html":"<td align=\"left\"><a class=\"new\" href=\"/w/index.php?title=Karla_Hancocks&amp;action=edit&amp;redlink=1\" title=\"Karla Hancocks (page does not exist)\">Karla Hancocks</a></td>","links":[{"href":"/w/index.php?title=Karla_Hancocks&action=edit&redlink=1","start":0,"end":14,"is_selflink":false}],"attrs":{"align":"left"},"is_header":false,"rowspan":1,"colspan":1,"original_rowspan":1,"original_colspan":1},{"value":" Wales","html":"<td align=\"left\"><span class=\"flagicon\"><img alt=\"\" class=\"thumbborder\" data-file-height=\"498\" data-file-width=\"830\" decoding=\"async\" height=\"14\" src=\"//upload.wikimedia.org/wikipedia/commons/thumb/a/a9/Flag_of_Wales_%281959%E2%80%93present%29.svg/23px-Flag_of_Wales_%281959%E2%80%93present%29.svg.png\" srcset=\"//upload.wikimedia.org/wikipedia/commons/thumb/a/a9/Flag_of_Wales_%281959%E2%80%93present%29.svg/35px-Flag_of_Wales_%281959%E2%80%93present%29.svg.png 1.5x, //upload.wikimedia.org/wikipedia/commons/thumb/a/a9/Flag_of_Wales_%281959%E2%80%93present%29.svg/46px-Flag_of_Wales_%281959%E2%80%93present%29.svg.png 2x\" width=\"23\"/> </span><a href=\"/wiki/Wales\" title=\"Wales\">Wales</a></td>","links":[{"href":"/wiki/Wales","start":1,"end":6,"is_selflink":false}],"attrs":{"align":"left"},"is_header":false,"rowspan":1,"colspan":1,"original_rowspan":1,"original_colspan":1},{"value":"28.43","html":"<td>28.43</td>","links":[],"attrs":{},"is_header":false,"rowspan":1,"colspan":1,"original_rowspan":1,"original_colspan":1},{"value":"Q","html":"<td>Q</td>","links":[],"attrs":{},"is_header":false,"rowspan":1,"colspan":1,"original_rowspan":1,"original_colspan":1}],"attrs":{}},{"cells":[{"value":"17","html":"<td>17</td>","links":[],"attrs":{},"is_header":false,"rowspan":1,"colspan":1,"original_rowspan":1,"original_colspan":1},{"value":"3","html":"<td>3</td>","links":[],"attrs":{},"is_header":false,"rowspan":1,"colspan":1,"original_rowspan":1,"original_colspan":1},{"value":"7","html":"<td>7</td>","links":[],"attrs":{},"is_header":false,"rowspan":1,"colspan":1,"original_rowspan":1,"original_colspan":1},{"value":"Mandy Leach","html":"<td align=\"left\"><a href=\"/wiki/Mandy_Leach\" title=\"Mandy Leach\">Mandy Leach</a></td>","links":[{"href":"/wiki/Mandy_Leach","start":0,"end":11,"is_selflink":false}],"attrs":{"align":"left"},"is_header":false,"rowspan":1,"colspan":1,"original_rowspan":1,"original_colspan":1},{"value":" Zimbabwe","html":"<td align=\"left\"><span class=\"flagicon\"><img alt=\"\" class=\"thumbborder\" data-file-height=\"630\" data-file-width=\"1260\" decoding=\"async\" height=\"12\" src=\"//upload.wikimedia.org/wikipedia/commons/thumb/6/6a/Flag_of_Zimbabwe.svg/23px-Flag_of_Zimbabwe.svg.png\" srcset=\"//upload.wikimedia.org/wikipedia/commons/thumb/6/6a/Flag_of_Zimbabwe.svg/35px-Flag_of_Zimbabwe.svg.png 1.5x, //upload.wikimedia.org/wikipedia/commons/thumb/6/6a/Flag_of_Zimbabwe.svg/46px-Flag_of_Zimbabwe.svg.png 2x\" width=\"23\"/> </span><a href=\"/wiki/Zimbabwe\" title=\"Zimbabwe\">Zimbabwe</a></td>","links":[{"href":"/wiki/Zimbabwe","start":1,"end":9,"is_selflink":false}],"attrs":{"align":"left"},"is_header":false,"rowspan":1,"colspan":1,"original_rowspan":1,"original_colspan":1},{"value":"28.68","html":"<td>28.68</td>","links":[],"attrs":{},"is_header":false,"rowspan":1,"colspan":1,"original_rowspan":1,"original_colspan":1},{"value":"","html":"<td>\n  </td>","links":[],"attrs":{},"is_header":false,"rowspan":1,"colspan":1,"original_rowspan":1,"original_colspan":1}],"attrs":{}},{"cells":[{"value":"18","html":"<td>18</td>","links":[],"attrs":{},"is_header":false,"rowspan":1,"colspan":1,"original_rowspan":1,"original_colspan":1},{"value":"2","html":"<td>2</td>","links":[],"attrs":{},"is_header":false,"rowspan":1,"colspan":1,"original_rowspan":1,"original_colspan":1},{"value":"7","html":"<td>7</td>","links":[],"attrs":{},"is_header":false,"rowspan":1,"colspan":1,"original_rowspan":1,"original_colspan":1},{"value":"Jennifer Fratesi","html":"<td align=\"left\"><a href=\"/wiki/Jennifer_Fratesi\" title=\"Jennifer Fratesi\">Jennifer Fratesi</a></td>","links":[{"href":"/wiki/Jennifer_Fratesi","start":0,"end":16,"is_selflink":false}],"attrs":{"align":"left"},"is_header":false,"rowspan":1,"colspan":1,"original_rowspan":1,"original_colspan":1},{"value":" Canada","html":"<td align=\"left\"><span class=\"flagicon\"><img alt=\"\" class=\"thumbborder\" data-file-height=\"600\" data-file-width=\"1200\" decoding=\"async\" height=\"12\" src=\"//upload.wikimedia.org/wikipedia/commons/thumb/d/d9/Flag_of_Canada_%28Pantone%29.svg/23px-Flag_of_Canada_%28Pantone%29.svg.png\" srcset=\"//upload.wikimedia.org/wikipedia/commons/thumb/d/d9/Flag_of_Canada_%28Pantone%29.svg/35px-Flag_of_Canada_%28Pantone%29.svg.png 1.5x, //upload.wikimedia.org/wikipedia/commons/thumb/d/d9/Flag_of_Canada_%28Pantone%29.svg/46px-Flag_of_Canada_%28Pantone%29.svg.png 2x\" width=\"23\"/> </span><a href=\"/wiki/Canada\" title=\"Canada\">Canada</a></td>","links":[{"href":"/wiki/Canada","start":1,"end":7,"is_selflink":false}],"attrs":{"align":"left"},"is_header":false,"rowspan":1,"colspan":1,"original_rowspan":1,"original_colspan":1},{"value":"28.82","html":"<td>28.82</td>","links":[],"attrs":{},"is_header":false,"rowspan":1,"colspan":1,"original_rowspan":1,"original_colspan":1},{"value":"","html":"<td>\n  </td>","links":[],"attrs":{},"is_header":false,"rowspan":1,"colspan":1,"original_rowspan":1,"original_colspan":1}],"attrs":{}},{"cells":[{"value":"19","html":"<td>19</td>","links":[],"attrs":{},"is_header":false,"rowspan":1,"colspan":1,"original_rowspan":1,"original_colspan":1},{"value":"2","html":"<td>2</td>","links":[],"attrs":{},"is_header":false,"rowspan":1,"colspan":1,"original_rowspan":1,"original_colspan":1},{"value":"1","html":"<td>1</td>","links":[],"attrs":{},"is_header":false,"rowspan":1,"colspan":1,"original_rowspan":1,"original_colspan":1},{"value":"Emma Hirst","html":"<td align=\"left\"><a class=\"new\" href=\"/w/index.php?title=Emma_Hirst&amp;action=edit&amp;redlink=1\" title=\"Emma Hirst (page does not exist)\">Emma Hirst</a></td>","links":[{"href":"/w/index.php?title=Emma_Hirst&action=edit&redlink=1","start":0,"end":10,"is_selflink":false}],"attrs":{"align":"left"},"is_header":false,"rowspan":1,"colspan":1,"original_rowspan":1,"original_colspan":1},{"value":" Jersey","html":"<td align=\"left\"><span class=\"flagicon\"><img alt=\"\" class=\"thumbborder\" data-file-height=\"600\" data-file-width=\"1000\" decoding=\"async\" height=\"14\" src=\"//upload.wikimedia.org/wikipedia/commons/thumb/1/1c/Flag_of_Jersey.svg/23px-Flag_of_Jersey.svg.png\" srcset=\"//upload.wikimedia.org/wikipedia/commons/thumb/1/1c/Flag_of_Jersey.svg/35px-Flag_of_Jersey.svg.png 1.5x, //upload.wikimedia.org/wikipedia/commons/thumb/1/1c/Flag_of_Jersey.svg/46px-Flag_of_Jersey.svg.png 2x\" width=\"23\"/> </span><a href=\"/wiki/Jersey\" title=\"Jersey\">Jersey</a></td>","links":[{"href":"/wiki/Jersey","start":1,"end":7,"is_selflink":false}],"attrs":{"align":"left"},"is_header":false,"rowspan":1,"colspan":1,"original_rowspan":1,"original_colspan":1},{"value":"29.09","html":"<td>29.09</td>","links":[],"attrs":{},"is_header":false,"rowspan":1,"colspan":1,"original_rowspan":1,"original_colspan":1},{"value":"","html":"<td>\n  </td>","links":[],"attrs":{},"is_header":false,"rowspan":1,"colspan":1,"original_rowspan":1,"original_colspan":1}],"attrs":{}},{"cells":[{"value":"20","html":"<td>20</td>","links":[],"attrs":{},"is_header":false,"rowspan":1,"colspan":1,"original_rowspan":1,"original_colspan":1},{"value":"3","html":"<td>3</td>","links":[],"attrs":{},"is_header":false,"rowspan":1,"colspan":1,"original_rowspan":1,"original_colspan":1},{"value":"1","html":"<td>1</td>","links":[],"attrs":{},"is_header":false,"rowspan":1,"colspan":1,"original_rowspan":1,"original_colspan":1},{"value":"Caroline Pickering","html":"<td align=\"left\"><a class=\"mw-redirect\" href=\"/wiki/Caroline_Pickering\" title=\"Caroline Pickering\">Caroline Pickering</a></td>","links":[{"href":"/wiki/Caroline_Pickering","start":0,"end":18,"is_selflink":false}],"attrs":{"align":"left"},"is_header":false,"rowspan":1,"colspan":1,"original_rowspan":1,"original_colspan":1},{"value":" Fiji","html":"<td align=\"left\"><span class=\"flagicon\"><img alt=\"\" class=\"thumbborder\" data-file-height=\"600\" data-file-width=\"1200\" decoding=\"async\" height=\"12\" src=\"//upload.wikimedia.org/wikipedia/commons/thumb/b/ba/Flag_of_Fiji.svg/23px-Flag_of_Fiji.svg.png\" srcset=\"//upload.wikimedia.org/wikipedia/commons/thumb/b/ba/Flag_of_Fiji.svg/35px-Flag_of_Fiji.svg.png 1.5x, //upload.wikimedia.org/wikipedia/commons/thumb/b/ba/Flag_of_Fiji.svg/46px-Flag_of_Fiji.svg.png 2x\" width=\"23\"/> </span><a href=\"/wiki/Fiji\" title=\"Fiji\">Fiji</a></td>","links":[{"href":"/wiki/Fiji","start":1,"end":5,"is_selflink":false}],"attrs":{"align":"left"},"is_header":false,"rowspan":1,"colspan":1,"original_rowspan":1,"original_colspan":1},{"value":"29.11","html":"<td>29.11</td>","links":[],"attrs":{},"is_header":false,"rowspan":1,"colspan":1,"original_rowspan":1,"original_colspan":1},{"value":"","html":"<td>\n  </td>","links":[],"attrs":{},"is_header":false,"rowspan":1,"colspan":1,"original_rowspan":1,"original_colspan":1}],"attrs":{}},{"cells":[{"value":"21","html":"<td>21</td>","links":[],"attrs":{},"is_header":false,"rowspan":1,"colspan":1,"original_rowspan":1,"original_colspan":1},{"value":"3","html":"<td>3</td>","links":[],"attrs":{},"is_header":false,"rowspan":1,"colspan":1,"original_rowspan":1,"original_colspan":1},{"value":"8","html":"<td>8</td>","links":[],"attrs":{},"is_header":false,"rowspan":1,"colspan":1,"original_rowspan":1,"original_colspan":1},{"value":"Sharntelle McLean","html":"<td align=\"left\"><a href=\"/wiki/Sharntelle_McLean\" title=\"Sharntelle McLean\">Sharntelle McLean</a></td>","links":[{"href":"/wiki/Sharntelle_McLean","start":0,"end":17,"is_selflink":false}],"attrs":{"align":"left"},"is_header":false,"rowspan":1,"colspan":1,"original_rowspan":1,"original_colspan":1},{"value":" Trinidad and Tobago","html":"<td align=\"left\"><span class=\"flagicon\"><img alt=\"\" class=\"thumbborder\" data-file-height=\"480\" data-file-width=\"800\" decoding=\"async\" height=\"14\" src=\"//upload.wikimedia.org/wikipedia/commons/thumb/6/64/Flag_of_Trinidad_and_Tobago.svg/23px-Flag_of_Trinidad_and_Tobago.svg.png\" srcset=\"//upload.wikimedia.org/wikipedia/commons/thumb/6/64/Flag_of_Trinidad_and_Tobago.svg/35px-Flag_of_Trinidad_and_Tobago.svg.png 1.5x, //upload.wikimedia.org/wikipedia/commons/thumb/6/64/Flag_of_Trinidad_and_Tobago.svg/46px-Flag_of_Trinidad_and_Tobago.svg.png 2x\" width=\"23\"/> </span><a href=\"/wiki/Trinidad_and_Tobago\" title=\"Trinidad and Tobago\">Trinidad and Tobago</a></td>","links":[{"href":"/wiki/Trinidad_and_Tobago","start":1,"end":20,"is_selflink":false}],"attrs":{"align":"left"},"is_header":false,"rowspan":1,"colspan":1,"original_rowspan":1,"original_colspan":1},{"value":"29.23","html":"<td>29.23</td>","links":[],"attrs":{},"is_header":false,"rowspan":1,"colspan":1,"original_rowspan":1,"original_colspan":1},{"value":"","html":"<td>\n  </td>","links":[],"attrs":{},"is_header":false,"rowspan":1,"colspan":1,"original_rowspan":1,"original_colspan":1}],"attrs":{}},{"cells":[{"value":"22","html":"<td>22</td>","links":[],"attrs":{},"is_header":false,"rowspan":1,"colspan":1,"original_rowspan":1,"original_colspan":1},{"value":"2","html":"<td>2</td>","links":[],"attrs":{},"is_header":false,"rowspan":1,"colspan":1,"original_rowspan":1,"original_colspan":1},{"value":"2","html":"<td>2</td>","links":[],"attrs":{},"is_header":false,"rowspan":1,"colspan":1,"original_rowspan":1,"original_colspan":1},{"value":"Tamara Swaby","html":"<td align=\"left\"><a class=\"new\" href=\"/w/index.php?title=Tamara_Swaby&amp;action=edit&amp;redlink=1\" title=\"Tamara Swaby (page does not exist)\">Tamara Swaby</a></td>","links":[{"href":"/w/index.php?title=Tamara_Swaby&action=edit&redlink=1","start":0,"end":12,"is_selflink":false}],"attrs":{"align":"left"},"is_header":false,"rowspan":1,"colspan":1,"original_rowspan":1,"original_colspan":1},{"value":" Jamaica","html":"<td align=\"left\"><span class=\"flagicon\"><img alt=\"\" class=\"thumbborder\" data-file-height=\"600\" data-file-width=\"1200\" decoding=\"async\" height=\"12\" src=\"//upload.wikimedia.org/wikipedia/commons/thumb/0/0a/Flag_of_Jamaica.svg/23px-Flag_of_Jamaica.svg.png\" srcset=\"//upload.wikimedia.org/wikipedia/commons/thumb/0/0a/Flag_of_Jamaica.svg/35px-Flag_of_Jamaica.svg.png 1.5x, //upload.wikimedia.org/wikipedia/commons/thumb/0/0a/Flag_of_Jamaica.svg/46px-Flag_of_Jamaica.svg.png 2x\" width=\"23\"/> </span><a href=\"/wiki/Jamaica\" title=\"Jamaica\">Jamaica</a></td>","links":[{"href":"/wiki/Jamaica","start":1,"end":8,"is_selflink":false}],"attrs":{"align":"left"},"is_header":false,"rowspan":1,"colspan":1,"original_rowspan":1,"original_colspan":1},{"value":"29.28","html":"<td>29.28</td>","links":[],"attrs":{},"is_header":false,"rowspan":1,"colspan":1,"original_rowspan":1,"original_colspan":1},{"value":"","html":"<td>\n  </td>","links":[],"attrs":{},"is_header":false,"rowspan":1,"colspan":1,"original_rowspan":1,"original_colspan":1}],"attrs":{}},{"cells":[{"value":"23","html":"<td>23</td>","links":[],"attrs":{},"is_header":false,"rowspan":1,"colspan":1,"original_rowspan":1,"original_colspan":1},{"value":"1","html":"<td>1</td>","links":[],"attrs":{},"is_header":false,"rowspan":1,"colspan":1,"original_rowspan":1,"original_colspan":1},{"value":"4","html":"<td>4</td>","links":[],"attrs":{},"is_header":false,"rowspan":1,"colspan":1,"original_rowspan":1,"original_colspan":1},{"value":"Emily Crookall-Nixon","html":"<td align=\"left\"><a class=\"new\" href=\"/w/index.php?title=Emily_Crookall-Nixon&amp;action=edit&amp;redlink=1\" title=\"Emily Crookall-Nixon (page does not exist)\">Emily Crookall-Nixon</a></td>","links":[{"href":"/w/index.php?title=Emily_Crookall-Nixon&action=edit&redlink=1","start":0,"end":20,"is_selflink":false}],"attrs":{"align":"left"},"is_header":false,"rowspan":1,"colspan":1,"original_rowspan":1,"original_colspan":1},{"value":" Isle of Man","html":"<td align=\"left\"><span class=\"flagicon\"><img alt=\"\" class=\"thumbborder\" data-file-height=\"300\" data-file-width=\"600\" decoding=\"async\" height=\"12\" src=\"//upload.wikimedia.org/wikipedia/commons/thumb/b/bc/Flag_of_the_Isle_of_Man.svg/23px-Flag_of_the_Isle_of_Man.svg.png\" srcset=\"//upload.wikimedia.org/wikipedia/commons/thumb/b/bc/Flag_of_the_Isle_of_Man.svg/35px-Flag_of_the_Isle_of_Man.svg.png 1.5x, //upload.wikimedia.org/wikipedia/commons/thumb/b/bc/Flag_of_the_Isle_of_Man.svg/46px-Flag_of_the_Isle_of_Man.svg.png 2x\" width=\"23\"/> </span><a href=\"/wiki/Isle_of_Man\" title=\"Isle of Man\">Isle of Man</a></td>","links":[{"href":"/wiki/Isle_of_Man","start":1,"end":12,"is_selflink":false}],"attrs":{"align":"left"},"is_header":false,"rowspan":1,"colspan":1,"original_rowspan":1,"original_colspan":1},{"value":"29.76","html":"<td>29.76</td>","links":[],"attrs":{},"is_header":false,"rowspan":1,"colspan":1,"original_rowspan":1,"original_colspan":1},{"value":"","html":"<td>\n  </td>","links":[],"attrs":{},"is_header":false,"rowspan":1,"colspan":1,"original_rowspan":1,"original_colspan":1}],"attrs":{}},{"cells":[{"value":"24","html":"<td>24</td>","links":[],"attrs":{},"is_header":false,"rowspan":1,"colspan":1,"original_rowspan":1,"original_colspan":1},{"value":"2","html":"<td>2</td>","links":[],"attrs":{},"is_header":false,"rowspan":1,"colspan":1,"original_rowspan":1,"original_colspan":1},{"value":"8","html":"<td>8</td>","links":[],"attrs":{},"is_header":false,"rowspan":1,"colspan":1,"original_rowspan":1,"original_colspan":1},{"value":"Angela Galea","html":"<td align=\"left\"><a href=\"/wiki/Angela_Galea\" title=\"Angela Galea\">Angela Galea</a></td>","links":[{"href":"/wiki/Angela_Galea","start":0,"end":12,"is_selflink":false}],"attrs":{"align":"left"},"is_header":false,"rowspan":1,"colspan":1,"original_rowspan":1,"original_colspan":1},{"value":" Malta","html":"<td align=\"left\"><span class=\"flagicon\"><img alt=\"\" class=\"thumbborder\" data-file-height=\"600\" data-file-width=\"900\" decoding=\"async\" height=\"15\" src=\"//upload.wikimedia.org/wikipedia/commons/thumb/7/73/Flag_of_Malta.svg/23px-Flag_of_Malta.svg.png\" srcset=\"//upload.wikimedia.org/wikipedia/commons/thumb/7/73/Flag_of_Malta.svg/35px-Flag_of_Malta.svg.png 1.5x, //upload.wikimedia.org/wikipedia/commons/thumb/7/73/Flag_of_Malta.svg/45px-Flag_of_Malta.svg.png 2x\" width=\"23\"/> </span><a href=\"/wiki/Malta\" title=\"Malta\">Malta</a></td>","links":[{"href":"/wiki/Malta","start":1,"end":6,"is_selflink":false}],"attrs":{"align":"left"},"is_header":false,"rowspan":1,"colspan":1,"original_rowspan":1,"original_colspan":1},{"value":"29.94","html":"<td>29.94</td>","links":[],"attrs":{},"is_header":false,"rowspan":1,"colspan":1,"original_rowspan":1,"original_colspan":1},{"value":"","html":"<td>\n  </td>","links":[],"attrs":{},"is_header":false,"rowspan":1,"colspan":1,"original_rowspan":1,"original_colspan":1}],"attrs":{}},{"cells":[{"value":"25","html":"<td>25</td>","links":[],"attrs":{},"is_header":false,"rowspan":1,"colspan":1,"original_rowspan":1,"original_colspan":1},{"value":"1","html":"<td>1</td>","links":[],"attrs":{},"is_header":false,"rowspan":1,"colspan":1,"original_rowspan":1,"original_colspan":1},{"value":"5","html":"<td>5</td>","links":[],"attrs":{},"is_header":false,"rowspan":1,"colspan":1,"original_rowspan":1,"original_colspan":1},{"value":"Elaine Reyes","html":"<td align=\"left\"><a class=\"new\" href=\"/w/index.php?title=Elaine_Reyes&amp;action=edit&amp;redlink=1\" title=\"Elaine Reyes (page does not exist)\">Elaine Reyes</a></td>","links":[{"href":"/w/index.php?title=Elaine_Reyes&action=edit&redlink=1","start":0,"end":12,"is_selflink":false}],"attrs":{"align":"left"},"is_header":false,"rowspan":1,"colspan":1,"original_rowspan":1,"original_colspan":1},{"value":" Gibraltar","html":"<td align=\"left\"><span class=\"flagicon\"><img alt=\"\" class=\"thumbborder\" data-file-height=\"500\" data-file-width=\"1000\" decoding=\"async\" height=\"12\" src=\"//upload.wikimedia.org/wikipedia/commons/thumb/0/02/Flag_of_Gibraltar.svg/23px-Flag_of_Gibraltar.svg.png\" srcset=\"//upload.wikimedia.org/wikipedia/commons/thumb/0/02/Flag_of_Gibraltar.svg/35px-Flag_of_Gibraltar.svg.png 1.5x, //upload.wikimedia.org/wikipedia/commons/thumb/0/02/Flag_of_Gibraltar.svg/46px-Flag_of_Gibraltar.svg.png 2x\" width=\"23\"/> </span><a href=\"/wiki/Gibraltar\" title=\"Gibraltar\">Gibraltar</a></td>","links":[{"href":"/wiki/Gibraltar","start":1,"end":10,"is_selflink":false}],"attrs":{"align":"left"},"is_header":false,"rowspan":1,"colspan":1,"original_rowspan":1,"original_colspan":1},{"value":"31.79","html":"<td>31.79</td>","links":[],"attrs":{},"is_header":false,"rowspan":1,"colspan":1,"original_rowspan":1,"original_colspan":1},{"value":"","html":"<td>\n  </td>","links":[],"attrs":{},"is_header":false,"rowspan":1,"colspan":1,"original_rowspan":1,"original_colspan":1}],"attrs":{}},{"cells":[{"value":"26","html":"<td>26</td>","links":[],"attrs":{},"is_header":false,"rowspan":1,"colspan":1,"original_rowspan":1,"original_colspan":1},{"value":"1","html":"<td>1</td>","links":[],"attrs":{},"is_header":false,"rowspan":1,"colspan":1,"original_rowspan":1,"original_colspan":1},{"value":"3","html":"<td>3</td>","links":[],"attrs":{},"is_header":false,"rowspan":1,"colspan":1,"original_rowspan":1,"original_colspan":1},{"value":"Sana Abdul Wahid","html":"<td align=\"left\"><a class=\"new\" href=\"/w/index.php?title=Sana_Abdul_Wahid&amp;action=edit&amp;redlink=1\" title=\"Sana Abdul Wahid (page does not exist)\">Sana Abdul Wahid</a></td>","links":[{"href":"/w/index.php?title=Sana_Abdul_Wahid&action=edit&redlink=1","start":0,"end":16,"is_selflink":false}],"attrs":{"align":"left"},"is_header":false,"rowspan":1,"colspan":1,"original_rowspan":1,"original_colspan":1},{"value":" Pakistan","html":"<td align=\"left\"><span class=\"flagicon\"><img alt=\"\" class=\"thumbborder\" data-file-height=\"600\" data-file-width=\"900\" decoding=\"async\" height=\"15\" src=\"//upload.wikimedia.org/wikipedia/commons/thumb/3/32/Flag_of_Pakistan.svg/23px-Flag_of_Pakistan.svg.png\" srcset=\"//upload.wikimedia.org/wikipedia/commons/thumb/3/32/Flag_of_Pakistan.svg/35px-Flag_of_Pakistan.svg.png 1.5x, //upload.wikimedia.org/wikipedia/commons/thumb/3/32/Flag_of_Pakistan.svg/45px-Flag_of_Pakistan.svg.png 2x\" width=\"23\"/> </span><a href=\"/wiki/Pakistan\" title=\"Pakistan\">Pakistan</a></td>","links":[{"href":"/wiki/Pakistan","start":1,"end":9,"is_selflink":false}],"attrs":{"align":"left"},"is_header":false,"rowspan":1,"colspan":1,"original_rowspan":1,"original_colspan":1},{"value":"33.53","html":"<td>33.53</td>","links":[],"attrs":{},"is_header":false,"rowspan":1,"colspan":1,"original_rowspan":1,"original_colspan":1},{"value":"","html":"<td>\n  </td>","links":[],"attrs":{},"is_header":false,"rowspan":1,"colspan":1,"original_rowspan":1,"original_colspan":1}],"attrs":{}},{"cells":[{"value":"27","html":"<td>27</td>","links":[],"attrs":{},"is_header":false,"rowspan":1,"colspan":1,"original_rowspan":1,"original_colspan":1},{"value":"1","html":"<td>1</td>","links":[],"attrs":{},"is_header":false,"rowspan":1,"colspan":1,"original_rowspan":1,"original_colspan":1},{"value":"6","html":"<td>6</td>","links":[],"attrs":{},"is_header":false,"rowspan":1,"colspan":1,"original_rowspan":1,"original_colspan":1},{"value":"Keren Lee Visser","html":"<td align=\"left\"><a class=\"new\" href=\"/w/index.php?title=Keren_Lee_Visser&amp;action=edit&amp;redlink=1\" title=\"Keren Lee Visser (page does not exist)\">Keren Lee Visser</a></td>","links":[{"href":"/w/index.php?title=Keren_Lee_Visser&action=edit&redlink=1","start":0,"end":16,"is_selflink":false}],"attrs":{"align":"left"},"is_header":false,"rowspan":1,"colspan":1,"original_rowspan":1,"original_colspan":1},{"value":" Zambia","html":"<td align=\"left\"><span class=\"flagicon\"><img alt=\"\" class=\"thumbborder\" data-file-height=\"1400\" data-file-width=\"2100\" decoding=\"async\" height=\"15\" src=\"//upload.wikimedia.org/wikipedia/commons/thumb/0/06/Flag_of_Zambia.svg/23px-Flag_of_Zambia.svg.png\" srcset=\"//upload.wikimedia.org/wikipedia/commons/thumb/0/06/Flag_of_Zambia.svg/35px-Flag_of_Zambia.svg.png 1.5x, //upload.wikimedia.org/wikipedia/commons/thumb/0/06/Flag_of_Zambia.svg/45px-Flag_of_Zambia.svg.png 2x\" width=\"23\"/> </span><a href=\"/wiki/Zambia\" title=\"Zambia\">Zambia</a></td>","links":[{"href":"/wiki/Zambia","start":1,"end":7,"is_selflink":false}],"attrs":{"align":"left"},"is_header":false,"rowspan":1,"colspan":1,"original_rowspan":1,"original_colspan":1},{"value":"34.18","html":"<td>34.18</td>","links":[],"attrs":{},"is_header":false,"rowspan":1,"colspan":1,"original_rowspan":1,"original_colspan":1},{"value":"","html":"<td>\n  </td>","links":[],"attrs":{},"is_header":false,"rowspan":1,"colspan":1,"original_rowspan":1,"original_colspan":1}],"attrs":{}},{"cells":[{"value":"-","html":"<td>-</td>","links":[],"attrs":{},"is_header":false,"rowspan":1,"colspan":1,"original_rowspan":1,"original_colspan":1},{"value":"4","html":"<td>4</td>","links":[],"attrs":{},"is_header":false,"rowspan":1,"colspan":1,"original_rowspan":1,"original_colspan":1},{"value":"8","html":"<td>8</td>","links":[],"attrs":{},"is_header":false,"rowspan":1,"colspan":1,"original_rowspan":1,"original_colspan":1},{"value":"Natalia Roumbina","html":"<td align=\"left\"><a class=\"new\" href=\"/w/index.php?title=Natalia_Roumbina&amp;action=edit&amp;redlink=1\" title=\"Natalia Roumbina (page does not exist)\">Natalia Roumbina</a></td>","links":[{"href":"/w/index.php?title=Natalia_Roumbina&action=edit&redlink=1","start":0,"end":16,"is_selflink":false}],"attrs":{"align":"left"},"is_header":false,"rowspan":1,"colspan":1,"original_rowspan":1,"original_colspan":1},{"value":" Cyprus","html":"<td align=\"left\"><span class=\"flagicon\"><img alt=\"\" class=\"thumbborder\" data-file-height=\"600\" data-file-width=\"900\" decoding=\"async\" height=\"15\" src=\"//upload.wikimedia.org/wikipedia/commons/thumb/d/d4/Flag_of_Cyprus.svg/23px-Flag_of_Cyprus.svg.png\" srcset=\"//upload.wikimedia.org/wikipedia/commons/thumb/d/d4/Flag_of_Cyprus.svg/35px-Flag_of_Cyprus.svg.png 1.5x, //upload.wikimedia.org/wikipedia/commons/thumb/d/d4/Flag_of_Cyprus.svg/45px-Flag_of_Cyprus.svg.png 2x\" width=\"23\"/> </span><a href=\"/wiki/Cyprus\" title=\"Cyprus\">Cyprus</a></td>","links":[{"href":"/wiki/Cyprus","start":1,"end":7,"is_selflink":false}],"attrs":{"align":"left"},"is_header":false,"rowspan":1,"colspan":1,"original_rowspan":1,"original_colspan":1},{"value":"DQ","html":"<td>DQ</td>","links":[],"attrs":{},"is_header":false,"rowspan":1,"colspan":1,"original_rowspan":1,"original_colspan":1},{"value":"","html":"<td>\n  </td>","links":[],"attrs":{},"is_header":false,"rowspan":1,"colspan":1,"original_rowspan":1,"original_colspan":1}],"attrs":{}}],"caption":null,"attrs":{"class":["wikitable","sortable"],"style":"text-align:center"},"classes":["wikitable","sortable"],"is_spanned":true,"external_links":{"http://en.wikipedia.org/wiki/Petria_Thomas":{"dbpedia":null,"qnode":null,"qnode_id":"Q232816"},"http://en.wikipedia.org/wiki/Australia":{"dbpedia":null,"qnode":null,"qnode_id":"Q408"},"http://en.wikipedia.org/wiki/Nicole_Irving":{"dbpedia":null,"qnode":null,"qnode_id":"Q16212746"},"http://en.wikipedia.org/wiki/Alison_Sheppard":{"dbpedia":null,"qnode":null,"qnode_id":"Q4727180"},"http://en.wikipedia.org/wiki/Scotland":{"dbpedia":null,"qnode":null,"qnode_id":"Q22"},"http://en.wikipedia.org/wiki/Mandy_Loots":{"dbpedia":null,"qnode":null,"qnode_id":"Q4963532"},"http://en.wikipedia.org/wiki/South_Africa":{"dbpedia":null,"qnode":null,"qnode_id":"Q258"},"http://en.wikipedia.org/wiki/Rosalind_Brett":{"dbpedia":null,"qnode":null,"qnode_id":"Q7367221"},"http://en.wikipedia.org/wiki/England":{"dbpedia":null,"qnode":null,"qnode_id":"Q21"},"http://en.wikipedia.org/wiki/Joscelin_Yeo":{"dbpedia":null,"qnode":null,"qnode_id":"Q1515536"},"http://en.wikipedia.org/wiki/Singapore":{"dbpedia":null,"qnode":null,"qnode_id":"Q334"},"http://en.wikipedia.org/w/index.php?title=Kerry_Martin&action=edit&redlink=1":{"dbpedia":null,"qnode":null,"qnode_id":null},"http://en.wikipedia.org/w/index.php?title=Georgie_Lee&action=edit&redlink=1":{"dbpedia":null,"qnode":null,"qnode_id":null},"http://en.wikipedia.org/wiki/Nadine_Rolland":{"dbpedia":null,"qnode":null,"qnode_id":"Q16215517"},"http://en.wikipedia.org/wiki/Canada":{"dbpedia":null,"qnode":null,"qnode_id":"Q16"},"http://en.wikipedia.org/wiki/Audrey_Lacroix":{"dbpedia":null,"qnode":null,"qnode_id":"Q2870851"},"http://en.wikipedia.org/wiki/Leah_Martindale":{"dbpedia":null,"qnode":null,"qnode_id":"Q13562882"},"http://en.wikipedia.org/wiki/Barbados":{"dbpedia":null,"qnode":null,"qnode_id":"Q244"},"http://en.wikipedia.org/wiki/Sarah_Ryan":{"dbpedia":null,"qnode":null,"qnode_id":"Q3950349"},"http://en.wikipedia.org/wiki/Maria_Papadopoulou":{"dbpedia":null,"qnode":null,"qnode_id":"Q11769079"},"http://en.wikipedia.org/wiki/Cyprus":{"dbpedia":null,"qnode":null,"qnode_id":"Q229"},"http://en.wikipedia.org/wiki/Hannah_McLean":{"dbpedia":null,"qnode":null,"qnode_id":"Q5648894"},"http://en.wikipedia.org/wiki/New_Zealand":{"dbpedia":null,"qnode":null,"qnode_id":"Q664"},"http://en.wikipedia.org/w/index.php?title=Julie_Douglas&action=edit&redlink=1":{"dbpedia":null,"qnode":null,"qnode_id":null},"http://en.wikipedia.org/wiki/Northern_Ireland":{"dbpedia":null,"qnode":null,"qnode_id":"Q26"},"http://en.wikipedia.org/w/index.php?title=Karla_Hancocks&action=edit&redlink=1":{"dbpedia":null,"qnode":null,"qnode_id":null},"http://en.wikipedia.org/wiki/Wales":{"dbpedia":null,"qnode":null,"qnode_id":"Q25"},"http://en.wikipedia.org/wiki/Mandy_Leach":{"dbpedia":null,"qnode":null,"qnode_id":"Q6748302"},"http://en.wikipedia.org/wiki/Zimbabwe":{"dbpedia":null,"qnode":null,"qnode_id":"Q954"},"http://en.wikipedia.org/wiki/Jennifer_Fratesi":{"dbpedia":null,"qnode":null,"qnode_id":"Q16211493"},"http://en.wikipedia.org/w/index.php?title=Emma_Hirst&action=edit&redlink=1":{"dbpedia":null,"qnode":null,"qnode_id":null},"http://en.wikipedia.org/wiki/Jersey":{"dbpedia":null,"qnode":null,"qnode_id":"Q785"},"http://en.wikipedia.org/wiki/Caroline_Pickering":{"dbpedia":null,"qnode":null,"qnode_id":"Q5045194"},"http://en.wikipedia.org/wiki/Fiji":{"dbpedia":null,"qnode":null,"qnode_id":"Q712"},"http://en.wikipedia.org/wiki/Sharntelle_McLean":{"dbpedia":null,"qnode":null,"qnode_id":"Q7489947"},"http://en.wikipedia.org/wiki/Trinidad_and_Tobago":{"dbpedia":null,"qnode":null,"qnode_id":"Q754"},"http://en.wikipedia.org/w/index.php?title=Tamara_Swaby&action=edit&redlink=1":{"dbpedia":null,"qnode":null,"qnode_id":null},"http://en.wikipedia.org/wiki/Jamaica":{"dbpedia":null,"qnode":null,"qnode_id":"Q766"},"http://en.wikipedia.org/w/index.php?title=Emily_Crookall-Nixon&action=edit&redlink=1":{"dbpedia":null,"qnode":null,"qnode_id":null},"http://en.wikipedia.org/wiki/Isle_of_Man":{"dbpedia":null,"qnode":null,"qnode_id":"Q9676"},"http://en.wikipedia.org/wiki/Angela_Galea":{"dbpedia":null,"qnode":null,"qnode_id":"Q16211581"},"http://en.wikipedia.org/wiki/Malta":{"dbpedia":null,"qnode":null,"qnode_id":"Q233"},"http://en.wikipedia.org/w/index.php?title=Elaine_Reyes&action=edit&redlink=1":{"dbpedia":null,"qnode":null,"qnode_id":null},"http://en.wikipedia.org/wiki/Gibraltar":{"dbpedia":null,"qnode":null,"qnode_id":"Q1410"},"http://en.wikipedia.org/w/index.php?title=Sana_Abdul_Wahid&action=edit&redlink=1":{"dbpedia":null,"qnode":null,"qnode_id":null},"http://en.wikipedia.org/wiki/Pakistan":{"dbpedia":null,"qnode":null,"qnode_id":"Q843"},"http://en.wikipedia.org/w/index.php?title=Keren_Lee_Visser&action=edit&redlink=1":{"dbpedia":null,"qnode":null,"qnode_id":null},"http://en.wikipedia.org/wiki/Zambia":{"dbpedia":null,"qnode":null,"qnode_id":"Q953"},"http://en.wikipedia.org/w/index.php?title=Natalia_Roumbina&action=edit&redlink=1":{"dbpedia":null,"qnode":null,"qnode_id":null},"https://en.wikipedia.org/wiki/Swimming_at_the_2002_Commonwealth_Games_–_Women's_50_metres_butterfly":{"dbpedia":null,"qnode":null,"qnode_id":"Q30641712"}}}
