{"version":"1.2","table":{"version":"2","table_id":"8ORNNN69","columns":[{"index":0,"name":"col0","values":["Cerezo","Worcester","Oakham","Taunton","Stafford","Huntingdon","Ayr","Warwick","Dorchester","Lewes","Aylesbury","Maidstone","Chelmsford","Bedford","Chichester","Hereford","Shrewsbury","Carlisle","Northampton","Ipswich"]},{"index":1,"name":"col1","values":["18","33280000","3.4","16.32","599","1119","17.9","9.43","4.92","11400000","15.5","25.45","25.7","20.2","8.61","17.1","37.99","18.9","80.76","36.9"]},{"index":2,"name":"col2","values":["165","101891","10975","60479","70592","23732","46849","32719","20135","15988","83407","107627","115369","92407","30925","63024","71715","75399","212100","147522"]}]},"context":{"page_title":null,"page_url":null,"page_entity_id":null,"content_hierarchy":[]},"links":[[[{"start":0,"end":6,"url":null,"entity_id":"Q1647880","candidates":[]}],[],[]],[[{"start":0,"end":9,"url":null,"entity_id":"Q1646181","candidates":[]}],[],[]],[[{"start":0,"end":6,"url":null,"entity_id":"Q1001942","candidates":[]}],[],[]],[[{"start":0,"end":7,"url":null,"entity_id":"Q845619","candidates":[]}],[],[]],[[{"start":0,"end":8,"url":null,"entity_id":"Q826782","candidates":[]}],[],[]],[[{"start":0,"end":10,"url":null,"entity_id":"Q685640","candidates":[]}],[],[]],[[{"start":0,"end":3,"url":null,"entity_id":"Q654216","candidates":[]}],[],[]],[[{"start":0,"end":7,"url":null,"entity_id":"Q549761","candidates":[]}],[],[]],[[{"start":0,"end":10,"url":null,"entity_id":"Q503331","candidates":[]}],[],[]],[[{"start":0,"end":5,"url":null,"entity_id":"Q246884","candidates":[]}],[],[]],[[{"start":0,"end":9,"url":null,"entity_id":"Q213474","candidates":[]}],[],[]],[[{"start":0,"end":9,"url":null,"entity_id":"Q213180","candidates":[]}],[],[]],[[{"start":0,"end":10,"url":null,"entity_id":"Q210985","candidates":[]}],[],[]],[[{"start":0,"end":7,"url":null,"entity_id":"Q208257","candidates":[]}],[],[]],[[{"start":0,"end":10,"url":null,"entity_id":"Q207639","candidates":[]}],[],[]],[[{"start":0,"end":8,"url":null,"entity_id":"Q204720","candidates":[]}],[],[]],[[{"start":0,"end":10,"url":null,"entity_id":"Q201970","candidates":[]}],[],[]],[[{"start":0,"end":8,"url":null,"entity_id":"Q192896","candidates":[]}],[],[]],[[{"start":0,"end":11,"url":null,"entity_id":"Q192240","candidates":[]}],[],[]],[[{"start":0,"end":7,"url":null,"entity_id":"Q184775","candidates":[]}],[],[]]]}