{"version":"1.2","table":{"version":"2","table_id":"8PF7WJLS","columns":[{"index":0,"name":"col0","values":["2015 Grand Prix de la ville de Pérenchies","2016 Le Samyn des Dames","2015 Grand Prix de Dottignies","2015 Flèche Ardennaise","2016 Scandinavian Race Uppsala","2015 Scandinavian Race Uppsala","Scandinavian Race Uppsala 2013","Internationale Wielertrofee Jong Maar Moedig 2016","2015 Internationale Wielertrofee Jong Maar Moedig","2016 Grand Prix Criquielion","2015 Omloop Het Nieuwsblad Beloften","2015 Omloop van het Waasland","2015 Kattekoers","2015 Le Samyn des Dames","2015 Grand Prix Criquielion","2014 Scandinavian Race Uppsala","2015 Dwars door de Vlaamse Ardennen","2014 Gooikse Pijl","2013 Ronde van Limburg","Ronde pévéloise 2014","2013 Omloop Het Nieuwsblad Beloften","2014 Omloop Het Nieuwsblad Beloften"]},{"index":1,"name":"col1","values":["45.208","36.601","39.68","39.432","43.141","44.203","44.178","42.179","42.267","43.272","41.33","46.089","42.157","38.171","42.523","44.027","41.352","44.541","42.991","44.092","41.052","40.676"]},{"index":2,"name":"col2","values":["163.2","112","125","178","193.5","194","193.5","185","174","179.4","175","192","180","112","185","194","177","197.9","206","174.9","189","169"]},{"index":3,"name":"col3","values":["68","92","126","68","53","63","65","58","49","152","45","161","114","106","134","54","65","148","87","68","76","69"]}]},"context":{"page_title":null,"page_url":null,"page_entity_id":null,"content_hierarchy":[]},"links":[[[{"start":0,"end":23,"url":null,"entity_id":"Q20681024","candidates":[]}],[],[],[]],[[{"start":0,"end":29,"url":null,"entity_id":"Q20647359","candidates":[]}],[],[],[]],[[{"start":0,"end":22,"url":null,"entity_id":"Q20638524","candidates":[]}],[],[],[]],[[{"start":0,"end":30,"url":null,"entity_id":"Q20080404","candidates":[]}],[],[],[]],[[{"start":0,"end":30,"url":null,"entity_id":"Q20080403","candidates":[]}],[],[],[]],[[{"start":0,"end":30,"url":null,"entity_id":"Q20080401","candidates":[]}],[],[],[]],[[{"start":0,"end":49,"url":null,"entity_id":"Q20015950","candidates":[]}],[],[],[]],[[{"start":0,"end":49,"url":null,"entity_id":"Q20015948","candidates":[]}],[],[],[]],[[{"start":0,"end":27,"url":null,"entity_id":"Q19933462","candidates":[]}],[],[],[]],[[{"start":0,"end":35,"url":null,"entity_id":"Q19607330","candidates":[]}],[],[],[]],[[{"start":0,"end":28,"url":null,"entity_id":"Q19607327","candidates":[]}],[],[],[]],[[{"start":0,"end":15,"url":null,"entity_id":"Q19596368","candidates":[]}],[],[],[]],[[{"start":0,"end":23,"url":null,"entity_id":"Q19588465","candidates":[]}],[],[],[]],[[{"start":0,"end":27,"url":null,"entity_id":"Q19316919","candidates":[]}],[],[],[]],[[{"start":0,"end":30,"url":null,"entity_id":"Q18857018","candidates":[]}],[],[],[]],[[{"start":0,"end":35,"url":null,"entity_id":"Q18632801","candidates":[]}],[],[],[]],[[{"start":0,"end":17,"url":null,"entity_id":"Q18147486","candidates":[]}],[],[],[]],[[{"start":0,"end":22,"url":null,"entity_id":"Q17640091","candidates":[]}],[],[],[]],[[{"start":0,"end":20,"url":null,"entity_id":"Q17413847","candidates":[]}],[],[],[]],[[{"start":0,"end":35,"url":null,"entity_id":"Q17332829","candidates":[]}],[],[],[]],[[{"start":0,"end":35,"url":null,"entity_id":"Q17310866","candidates":[]}],[],[],[]],[[{"start":0,"end":41,"url":null,"entity_id":"Q20724111","candidates":[]}],[],[],[]]]}