{"version":"1.2","table":{"version":"2","table_id":"8Q21UE1Y","columns":[{"index":0,"name":"col0","values":["SS Östanå II","SS Drottningholm","S/S Blidösund","MV Östanå I","M/S Vånö","M/S Värmdö","M/S Väddö","MV Vindöga","M/S Viberö","M/S Vaxö","MV Söderarm","M/S Saxaren","MV Sandhamn","M/S Roslagen","MV Nämdö","M/S Enköping","MV Dalarö","Färjan 4","Djurgården 3","Bore"]},{"index":1,"name":"col1","values":["232","109","218","194","299","298","299","221","299","299","686","274","686","283","364","133","686","48","62","304"]},{"index":2,"name":"col2","values":["33.5","22.75","35.29","35","37.7","37.7","37.7","27.5","37.7","37.7","39.9","37.4","39.9","35.1","31.3","30.33","39.9","20.55","20.87","40.53"]},{"index":3,"name":"col3","values":["6.8","5.3","6.85","6.3","7.5","7.5","7.5","7.2","7.5","7.5","10.46","7.78","10.46","7.4","8.7","5.45","10.46","5.35","5.4","8.84"]}]},"context":{"page_title":null,"page_url":null,"page_entity_id":null,"content_hierarchy":[]},"links":[[[{"start":0,"end":16,"url":null,"entity_id":"Q10659251","candidates":[]}],[],[],[]],[[{"start":0,"end":13,"url":null,"entity_id":"Q10659232","candidates":[]}],[],[],[]],[[{"start":0,"end":11,"url":null,"entity_id":"Q10573209","candidates":[]}],[],[],[]],[[{"start":0,"end":8,"url":null,"entity_id":"Q10573204","candidates":[]}],[],[],[]],[[{"start":0,"end":10,"url":null,"entity_id":"Q10573202","candidates":[]}],[],[],[]],[[{"start":0,"end":9,"url":null,"entity_id":"Q10573201","candidates":[]}],[],[],[]],[[{"start":0,"end":10,"url":null,"entity_id":"Q10573200","candidates":[]}],[],[],[]],[[{"start":0,"end":10,"url":null,"entity_id":"Q10573196","candidates":[]}],[],[],[]],[[{"start":0,"end":8,"url":null,"entity_id":"Q10573193","candidates":[]}],[],[],[]],[[{"start":0,"end":11,"url":null,"entity_id":"Q10573179","candidates":[]}],[],[],[]],[[{"start":0,"end":11,"url":null,"entity_id":"Q10573151","candidates":[]}],[],[],[]],[[{"start":0,"end":11,"url":null,"entity_id":"Q10573149","candidates":[]}],[],[],[]],[[{"start":0,"end":12,"url":null,"entity_id":"Q10573144","candidates":[]}],[],[],[]],[[{"start":0,"end":8,"url":null,"entity_id":"Q10573127","candidates":[]}],[],[],[]],[[{"start":0,"end":12,"url":null,"entity_id":"Q10573060","candidates":[]}],[],[],[]],[[{"start":0,"end":9,"url":null,"entity_id":"Q10573052","candidates":[]}],[],[],[]],[[{"start":0,"end":8,"url":null,"entity_id":"Q10500846","candidates":[]}],[],[],[]],[[{"start":0,"end":12,"url":null,"entity_id":"Q10474880","candidates":[]}],[],[],[]],[[{"start":0,"end":4,"url":null,"entity_id":"Q10433049","candidates":[]}],[],[],[]],[[{"start":0,"end":12,"url":null,"entity_id":"Q16746959","candidates":[]}],[],[],[]]]}