{"version":"1.2","table":{"version":"2","table_id":"8SU3NTLT","columns":[{"index":0,"name":"col0","values":["Pope County","Houston County","Clearwater County","Grant County","Norman County","Lac qui Parle County","Isanti County","Marshall County","Goodhue County","Itasca County","Hennepin County","Hubbard County","Jackson County","Kittson County","Fillmore County","Pipestone County","Faribault County","Olmsted County","Pine County","Redwood County"]},{"index":1,"name":"col1","values":["10932","18799","8838","5989","6631","7027","38204","9425","46464","45564","1198778","20658","10260","4503","20835","9270","14191","149226","29104","15744"]},{"index":2,"name":"col2","values":["1858","1473","2667","1490","2271","2015","1170","4695","2021","7583","1571","2588","1863","2858","2233","1207","1869","1695","3716","2282"]},{"index":3,"name":"col3","values":["6.6","2.9","3","4.7","0.4","1.7","3.5","2.1","3","8.9","8.7","7.7","2.3","0.4","0.09","0.2","1.3","0.2","1.6","0.4"]}]},"context":{"page_title":null,"page_url":null,"page_entity_id":null,"content_hierarchy":[]},"links":[[[{"start":0,"end":11,"url":null,"entity_id":"Q486301","candidates":[]}],[],[],[]],[[{"start":0,"end":14,"url":null,"entity_id":"Q486288","candidates":[]}],[],[],[]],[[{"start":0,"end":17,"url":null,"entity_id":"Q486281","candidates":[]}],[],[],[]],[[{"start":0,"end":12,"url":null,"entity_id":"Q486270","candidates":[]}],[],[],[]],[[{"start":0,"end":13,"url":null,"entity_id":"Q486265","candidates":[]}],[],[],[]],[[{"start":0,"end":20,"url":null,"entity_id":"Q486261","candidates":[]}],[],[],[]],[[{"start":0,"end":13,"url":null,"entity_id":"Q486255","candidates":[]}],[],[],[]],[[{"start":0,"end":15,"url":null,"entity_id":"Q486248","candidates":[]}],[],[],[]],[[{"start":0,"end":14,"url":null,"entity_id":"Q486243","candidates":[]}],[],[],[]],[[{"start":0,"end":13,"url":null,"entity_id":"Q486238","candidates":[]}],[],[],[]],[[{"start":0,"end":15,"url":null,"entity_id":"Q486229","candidates":[]}],[],[],[]],[[{"start":0,"end":14,"url":null,"entity_id":"Q486218","candidates":[]}],[],[],[]],[[{"start":0,"end":14,"url":null,"entity_id":"Q486215","candidates":[]}],[],[],[]],[[{"start":0,"end":14,"url":null,"entity_id":"Q486207","candidates":[]}],[],[],[]],[[{"start":0,"end":15,"url":null,"entity_id":"Q486198","candidates":[]}],[],[],[]],[[{"start":0,"end":16,"url":null,"entity_id":"Q486191","candidates":[]}],[],[],[]],[[{"start":0,"end":16,"url":null,"entity_id":"Q486187","candidates":[]}],[],[],[]],[[{"start":0,"end":14,"url":null,"entity_id":"Q485656","candidates":[]}],[],[],[]],[[{"start":0,"end":11,"url":null,"entity_id":"Q485509","candidates":[]}],[],[],[]],[[{"start":0,"end":14,"url":null,"entity_id":"Q485430","candidates":[]}],[],[],[]]]}