{"version":"1.2","table":{"version":"2","table_id":"8U06WKWU","columns":[{"index":0,"name":"col0","values":["2017 Tour of Norway, Stage 3","2017 Tour of Norway, Stage 1","2017 Grand Prix Elsy Jacobs, Stage 2","2017 Grand Prix Elsy Jacobs, Stage 1","2019 Ladies Tour of Norway, Stage 2","2017 Giro d'Italia, Stage 6","Stage 5 of the Tour Down Under 2017","Stage 2 of the Tour Down Under 2017","2017 Giro d'Italia, Stage 2","2017 Giro d'Italia, Stage 1","2017 Tour de France, Stage 19","2017 Tour de France, Stage 16","2017 Tour de France, Stage 14","2017 Tour de France, Stage 3","2016 Tour des Fjords, Stage 4","2016 Tour des Fjords, Stage 3","2016 Tour des Fjords, Stage 2","2016 Boels Rental Ladies Tour, Stage 6","2017 Vuelta a España, Stage 12","2017 Vuelta a España, Stage 10"]},{"index":1,"name":"col1","values":["119","124","79","98","107","191","131","132","195","195","167","173","176","195","112","117","134","56","174","179"]},{"index":2,"name":"col2","values":["41.664","40.013","37.753","39.648","40.17","43.689","41.278","39.407","36.299","39.415","43.606","45.361","41.575","41.488","41.46","39.12","44.54","35.057","40.574","46.005"]},{"index":3,"name":"col3","values":["192.5","169.4","111.1","97.7","133.6","217","151.5","148.5","221","206","222.5","165","181.5","212.5","166","221","213","119.4","160.1","164.8"]}]},"context":{"page_title":null,"page_url":null,"page_entity_id":null,"content_hierarchy":[]},"links":[[[{"start":0,"end":28,"url":null,"entity_id":"Q29643559","candidates":[]}],[],[],[]],[[{"start":0,"end":28,"url":null,"entity_id":"Q29643481","candidates":[]}],[],[],[]],[[{"start":0,"end":36,"url":null,"entity_id":"Q29345968","candidates":[]}],[],[],[]],[[{"start":0,"end":36,"url":null,"entity_id":"Q29345958","candidates":[]}],[],[],[]],[[{"start":0,"end":35,"url":null,"entity_id":"Q65099681","candidates":[]}],[],[],[]],[[{"start":0,"end":27,"url":null,"entity_id":"Q27627109","candidates":[]}],[],[],[]],[[{"start":0,"end":35,"url":null,"entity_id":"Q27502392","candidates":[]}],[],[],[]],[[{"start":0,"end":35,"url":null,"entity_id":"Q27502389","candidates":[]}],[],[],[]],[[{"start":0,"end":27,"url":null,"entity_id":"Q27495477","candidates":[]}],[],[],[]],[[{"start":0,"end":27,"url":null,"entity_id":"Q27495476","candidates":[]}],[],[],[]],[[{"start":0,"end":29,"url":null,"entity_id":"Q27437605","candidates":[]}],[],[],[]],[[{"start":0,"end":29,"url":null,"entity_id":"Q27437601","candidates":[]}],[],[],[]],[[{"start":0,"end":29,"url":null,"entity_id":"Q27437599","candidates":[]}],[],[],[]],[[{"start":0,"end":28,"url":null,"entity_id":"Q27437586","candidates":[]}],[],[],[]],[[{"start":0,"end":29,"url":null,"entity_id":"Q26722640","candidates":[]}],[],[],[]],[[{"start":0,"end":29,"url":null,"entity_id":"Q26722638","candidates":[]}],[],[],[]],[[{"start":0,"end":29,"url":null,"entity_id":"Q26722636","candidates":[]}],[],[],[]],[[{"start":0,"end":38,"url":null,"entity_id":"Q26710132","candidates":[]}],[],[],[]],[[{"start":0,"end":30,"url":null,"entity_id":"Q28238889","candidates":[]}],[],[],[]],[[{"start":0,"end":30,"url":null,"entity_id":"Q28237385","candidates":[]}],[],[],[]]]}