{"version":"1.2","table":{"version":"2","table_id":"8UAZY617","columns":[{"index":0,"name":"col0","values":["HMS Danae","HMS Calypso","Japanese cruiser Sendai","SMS Königsberg","HMS Birmingham","HMS Newcastle","SMS Lübeck","Japanese cruiser Yahagi","USS Savannah","HMS Phoebe","Japanese cruiser Naka","HMAS Sydney","SMS Amazone","SMS Arcona","SMS Nymphe","SMS Thetis","SMS Undine","SMS Gazelle","SMS Medusa","HMS Belfast"]},{"index":1,"name":"col1","values":["146.5","137.2","163.1","151.4","180.6","180.6","111.1","174.5","185.42","156.05","163.07","139.6","104.8","105","105.1","105.1","105","105","105.1","187"]},{"index":2,"name":"col2","values":["14.03","13","14.25","14.3","18.9","18.9","13.3","15.2","21.16","15.4","14.25","14.9","12.2","12.4","12.2","12.2","12.4","12.2","12.2","21"]},{"index":3,"name":"col3","values":["4.41","5","4.91","6.3","5.2","5.2","5.43","5.63","6.93","5.46","4.91","4.9","5.39","5.62","5.44","5.39","5.63","5.53","5.39","6.02"]}]},"context":{"page_title":null,"page_url":null,"page_entity_id":null,"content_hierarchy":[]},"links":[[[{"start":0,"end":11,"url":null,"entity_id":"Q1564466","candidates":[]}],[],[],[]],[[{"start":0,"end":23,"url":null,"entity_id":"Q1490069","candidates":[]}],[],[],[]],[[{"start":0,"end":14,"url":null,"entity_id":"Q1419883","candidates":[]}],[],[],[]],[[{"start":0,"end":14,"url":null,"entity_id":"Q1304110","candidates":[]}],[],[],[]],[[{"start":0,"end":13,"url":null,"entity_id":"Q1304093","candidates":[]}],[],[],[]],[[{"start":0,"end":10,"url":null,"entity_id":"Q1266817","candidates":[]}],[],[],[]],[[{"start":0,"end":23,"url":null,"entity_id":"Q1252058","candidates":[]}],[],[],[]],[[{"start":0,"end":12,"url":null,"entity_id":"Q1122473","candidates":[]}],[],[],[]],[[{"start":0,"end":10,"url":null,"entity_id":"Q1112470","candidates":[]}],[],[],[]],[[{"start":0,"end":21,"url":null,"entity_id":"Q1036566","candidates":[]}],[],[],[]],[[{"start":0,"end":11,"url":null,"entity_id":"Q1031981","candidates":[]}],[],[],[]],[[{"start":0,"end":11,"url":null,"entity_id":"Q880105","candidates":[]}],[],[],[]],[[{"start":0,"end":10,"url":null,"entity_id":"Q879876","candidates":[]}],[],[],[]],[[{"start":0,"end":10,"url":null,"entity_id":"Q825313","candidates":[]}],[],[],[]],[[{"start":0,"end":10,"url":null,"entity_id":"Q825231","candidates":[]}],[],[],[]],[[{"start":0,"end":10,"url":null,"entity_id":"Q824911","candidates":[]}],[],[],[]],[[{"start":0,"end":11,"url":null,"entity_id":"Q824787","candidates":[]}],[],[],[]],[[{"start":0,"end":10,"url":null,"entity_id":"Q824732","candidates":[]}],[],[],[]],[[{"start":0,"end":11,"url":null,"entity_id":"Q757178","candidates":[]}],[],[],[]],[[{"start":0,"end":9,"url":null,"entity_id":"Q1564568","candidates":[]}],[],[],[]]]}