{"version":"1.2","table":{"version":"2","table_id":"8VQNOS2D","columns":[{"index":0,"name":"col0","values":["More Tales of the Black Widoers","Tales of thf Black Wldowers","A Touch of Dea","Pasters of Time","A Song for Lya and Other Stoties","Stories of YourLife and Others","Lng After Midnight","Dajon and Other Macabre Tales","The Birthday of the World: and Other Storkes","Arsene Lupin vs. Herlock Shoomes","Faux pasepouts","Dilvsh, the Damned","Llana of#Gathol","The Knight anf Knave of Swords","Hneymoon in Helo","Nw Arabian Nights","Bling Willow, Sleeping Woman","More New Arabian Nights: The Dynbmiter","Werewolve in Their Youth","The\"Demigod Files","Untouchef by Human Hands","Free Amazons of Garkover","The Machineris of Joy","Littl Birds","Sanatorium Under the\"Sign of the Hourglass","Ganymede\"9","Ganymedis :"]},{"index":1,"name":"col1","values":["Doubleday","Doubleday","Ace Books","Fantasy Press","Avon","Tor Books","Alfred A. Knopf","Arkham House","HarperCollins","Pierre Lafitte Editions","Buchet/Chastel","Del Rey Books","Edgar Rice Burroughs, Inc.","William Morrow and Company","Bantam Books","Chatto & Windus","Alfred A. Knopf","Longman","Random House","Disney Publishing Worldwide","Ballantine Books","DAW Books","Simon & Schuster","Harcourt","Bloomsbury Publishing","A.W. Bruna Uitgevers","A.W. Bruna Uitgevers"]},{"index":2,"name":"col2","values":["short story","short story","short story","science fiction","science fiction","science fiction","science fiction","science fiction","science fiction","novel","novel","novel","planetary romance","fantasy","anthology","short story","short story","short story","short story","Greek mythology","science fiction","science fiction","science fiction","novel","novel","science fiction literature","science fiction literature"]}]},"context":{"page_title":null,"page_url":null,"page_entity_id":null,"content_hierarchy":[]},"links":[[[{"start":0,"end":27,"url":null,"entity_id":"Q2712561","candidates":[]}],[{"start":0,"end":9,"url":null,"entity_id":"Q1251563","candidates":[]}],[{"start":0,"end":11,"url":null,"entity_id":"Q49084","candidates":[]}]],[[{"start":0,"end":14,"url":null,"entity_id":"Q2916882","candidates":[]}],[{"start":0,"end":9,"url":null,"entity_id":"Q536795","candidates":[]}],[{"start":0,"end":11,"url":null,"entity_id":"Q49084","candidates":[]}]],[[{"start":0,"end":15,"url":null,"entity_id":"Q2943384","candidates":[]}],[{"start":0,"end":13,"url":null,"entity_id":"Q5434321","candidates":[]}],[{"start":0,"end":15,"url":null,"entity_id":"Q24925","candidates":[]}]],[[{"start":0,"end":32,"url":null,"entity_id":"Q2956167","candidates":[]}],[{"start":0,"end":4,"url":null,"entity_id":"Q2874472","candidates":[]}],[{"start":0,"end":15,"url":null,"entity_id":"Q24925","candidates":[]}]],[[{"start":0,"end":30,"url":null,"entity_id":"Q3045861","candidates":[]}],[{"start":0,"end":9,"url":null,"entity_id":"Q2647037","candidates":[]}],[{"start":0,"end":15,"url":null,"entity_id":"Q24925","candidates":[]}]],[[{"start":0,"end":18,"url":null,"entity_id":"Q2901858","candidates":[]}],[{"start":0,"end":15,"url":null,"entity_id":"Q1431868","candidates":[]}],[{"start":0,"end":15,"url":null,"entity_id":"Q24925","candidates":[]}]],[[{"start":0,"end":29,"url":null,"entity_id":"Q3011896","candidates":[]}],[{"start":0,"end":12,"url":null,"entity_id":"Q673540","candidates":[]}],[{"start":0,"end":15,"url":null,"entity_id":"Q24925","candidates":[]}]],[[{"start":0,"end":44,"url":null,"entity_id":"Q2987414","candidates":[]}],[{"start":0,"end":13,"url":null,"entity_id":"Q95149","candidates":[]}],[{"start":0,"end":15,"url":null,"entity_id":"Q24925","candidates":[]}]],[[{"start":0,"end":32,"url":null,"entity_id":"Q2864487","candidates":[]}],[{"start":0,"end":23,"url":null,"entity_id":"Q40783371","candidates":[]}],[{"start":0,"end":5,"url":null,"entity_id":"Q8261","candidates":[]}]],[[{"start":0,"end":14,"url":null,"entity_id":"Q3067595","candidates":[]}],[{"start":0,"end":14,"url":null,"entity_id":"Q2927437","candidates":[]}],[{"start":0,"end":5,"url":null,"entity_id":"Q8261","candidates":[]}]],[[{"start":0,"end":18,"url":null,"entity_id":"Q3028014","candidates":[]}],[{"start":0,"end":13,"url":null,"entity_id":"Q2562301","candidates":[]}],[{"start":0,"end":5,"url":null,"entity_id":"Q8261","candidates":[]}]],[[{"start":0,"end":15,"url":null,"entity_id":"Q3257490","candidates":[]}],[{"start":0,"end":26,"url":null,"entity_id":"Q4037931","candidates":[]}],[{"start":0,"end":17,"url":null,"entity_id":"Q2630193","candidates":[]}]],[[{"start":0,"end":30,"url":null,"entity_id":"Q3222004","candidates":[]}],[{"start":0,"end":26,"url":null,"entity_id":"Q8015856","candidates":[]}],[{"start":0,"end":7,"url":null,"entity_id":"Q132311","candidates":[]}]],[[{"start":0,"end":16,"url":null,"entity_id":"Q3267516","candidates":[]}],[{"start":0,"end":12,"url":null,"entity_id":"Q2609948","candidates":[]}],[{"start":0,"end":9,"url":null,"entity_id":"Q105420","candidates":[]}]],[[{"start":0,"end":17,"url":null,"entity_id":"Q3234271","candidates":[]}],[{"start":0,"end":15,"url":null,"entity_id":"Q3666843","candidates":[]}],[{"start":0,"end":11,"url":null,"entity_id":"Q49084","candidates":[]}]],[[{"start":0,"end":28,"url":null,"entity_id":"Q3235678","candidates":[]}],[{"start":0,"end":15,"url":null,"entity_id":"Q1431868","candidates":[]}],[{"start":0,"end":11,"url":null,"entity_id":"Q49084","candidates":[]}]],[[{"start":0,"end":38,"url":null,"entity_id":"Q3222487","candidates":[]}],[{"start":0,"end":7,"url":null,"entity_id":"Q911673","candidates":[]}],[{"start":0,"end":11,"url":null,"entity_id":"Q49084","candidates":[]}]],[[{"start":0,"end":24,"url":null,"entity_id":"Q3233577","candidates":[]}],[{"start":0,"end":12,"url":null,"entity_id":"Q744182","candidates":[]}],[{"start":0,"end":11,"url":null,"entity_id":"Q49084","candidates":[]}]],[[{"start":0,"end":17,"url":null,"entity_id":"Q3235370","candidates":[]}],[{"start":0,"end":27,"url":null,"entity_id":"Q7888605","candidates":[]}],[{"start":0,"end":15,"url":null,"entity_id":"Q34726","candidates":[]}]],[[{"start":0,"end":24,"url":null,"entity_id":"Q3225748","candidates":[]}],[{"start":0,"end":16,"url":null,"entity_id":"Q2881141","candidates":[]}],[{"start":0,"end":15,"url":null,"entity_id":"Q24925","candidates":[]}]],[[{"start":0,"end":24,"url":null,"entity_id":"Q3230486","candidates":[]}],[{"start":0,"end":9,"url":null,"entity_id":"Q2646630","candidates":[]}],[{"start":0,"end":15,"url":null,"entity_id":"Q24925","candidates":[]}]],[[{"start":0,"end":21,"url":null,"entity_id":"Q3233624","candidates":[]}],[{"start":0,"end":16,"url":null,"entity_id":"Q1756332","candidates":[]}],[{"start":0,"end":15,"url":null,"entity_id":"Q24925","candidates":[]}]],[[{"start":0,"end":11,"url":null,"entity_id":"Q3234626","candidates":[]}],[{"start":0,"end":8,"url":null,"entity_id":"Q5654997","candidates":[]}],[{"start":0,"end":5,"url":null,"entity_id":"Q8261","candidates":[]}]],[[{"start":0,"end":42,"url":null,"entity_id":"Q3226886","candidates":[]}],[{"start":0,"end":21,"url":null,"entity_id":"Q568642","candidates":[]}],[{"start":0,"end":5,"url":null,"entity_id":"Q8261","candidates":[]}]],[[{"start":0,"end":10,"url":null,"entity_id":"Q19863089","candidates":[]}],[{"start":0,"end":20,"url":null,"entity_id":"Q2053197","candidates":[]}],[{"start":0,"end":26,"url":null,"entity_id":"Q3238422","candidates":[]}]],[[{"start":0,"end":11,"url":null,"entity_id":"Q19863077","candidates":[]}],[{"start":0,"end":20,"url":null,"entity_id":"Q2053197","candidates":[]}],[{"start":0,"end":26,"url":null,"entity_id":"Q3238422","candidates":[]}]],[[{"start":0,"end":31,"url":null,"entity_id":"Q2932353","candidates":[]}],[{"start":0,"end":9,"url":null,"entity_id":"Q1251563","candidates":[]}],[{"start":0,"end":11,"url":null,"entity_id":"Q49084","candidates":[]}]]]}