{"version":"1.2","table":{"version":"2","table_id":"8XVLOGPC","columns":[{"index":0,"name":"col0","values":["MWISP G133.308+02.317","MWISP G101.767+02.808","MWISP G109.117+05.058","MWISP G144.492+00.683","MWISP G127.658+01.800","MWISP G116.467+03.008","MWISP G131.467+01.167","MWISP G148.033+00.633","MWISP G111.800+02.342","MWISP G133.217+01.683","MWISP G144.633-00.483","MWISP G148.867+00.258","MWISP G116.108+04.550","MWISP G104.758+04.100","MWISP G130.517+01.550","MWISP G145.100+01.483","MWISP G124.100+02.267","MWISP G125.158+01.550","MWISP G148.233+02.500","MWISP G143.833-00.117"]},{"index":1,"name":"col1","values":["36.446","329.4422","339.5959","54.489","23.7942","357.3709","31.7871","59.3224","347.6978","35.7678","53.4754","59.9847","355.5785","332.6866","30.003","56.2432","15.6339","18.0026","61.7167","52.6855"]},{"index":2,"name":"col2","values":["63.2721","58.3529","64.3002","56.418","64.2697","65.0992","62.7774","54.1866","63.0178","62.7106","55.39","53.3602","66.5016","61.1669","63.4074","56.6915","65.1136","64.3328","55.4609","56.1493"]},{"index":3,"name":"col3","values":["6.6","7.8","6.6","8","8","8.1","7.1","5.6","8.1","6.9","8.5","6.1","6.6","7.5","8.1","5.1","6.7","7.3","7","6"]}]},"context":{"page_title":null,"page_url":null,"page_entity_id":null,"content_hierarchy":[]},"links":[[[{"start":0,"end":21,"url":null,"entity_id":"Q75007649","candidates":[]}],[],[],[]],[[{"start":0,"end":21,"url":null,"entity_id":"Q75007648","candidates":[]}],[],[],[]],[[{"start":0,"end":21,"url":null,"entity_id":"Q75007646","candidates":[]}],[],[],[]],[[{"start":0,"end":21,"url":null,"entity_id":"Q75007644","candidates":[]}],[],[],[]],[[{"start":0,"end":21,"url":null,"entity_id":"Q75007643","candidates":[]}],[],[],[]],[[{"start":0,"end":21,"url":null,"entity_id":"Q75007642","candidates":[]}],[],[],[]],[[{"start":0,"end":21,"url":null,"entity_id":"Q75007641","candidates":[]}],[],[],[]],[[{"start":0,"end":21,"url":null,"entity_id":"Q75007640","candidates":[]}],[],[],[]],[[{"start":0,"end":21,"url":null,"entity_id":"Q75007639","candidates":[]}],[],[],[]],[[{"start":0,"end":21,"url":null,"entity_id":"Q75007637","candidates":[]}],[],[],[]],[[{"start":0,"end":21,"url":null,"entity_id":"Q75007636","candidates":[]}],[],[],[]],[[{"start":0,"end":21,"url":null,"entity_id":"Q75007635","candidates":[]}],[],[],[]],[[{"start":0,"end":21,"url":null,"entity_id":"Q75007634","candidates":[]}],[],[],[]],[[{"start":0,"end":21,"url":null,"entity_id":"Q75007633","candidates":[]}],[],[],[]],[[{"start":0,"end":21,"url":null,"entity_id":"Q75007632","candidates":[]}],[],[],[]],[[{"start":0,"end":21,"url":null,"entity_id":"Q75007631","candidates":[]}],[],[],[]],[[{"start":0,"end":21,"url":null,"entity_id":"Q75007630","candidates":[]}],[],[],[]],[[{"start":0,"end":21,"url":null,"entity_id":"Q75007629","candidates":[]}],[],[],[]],[[{"start":0,"end":21,"url":null,"entity_id":"Q75007628","candidates":[]}],[],[],[]],[[{"start":0,"end":21,"url":null,"entity_id":"Q75007627","candidates":[]}],[],[],[]]]}