{"version":"1.2","table":{"version":"2","table_id":"8YB3EXFT","columns":[{"index":0,"name":"col0","values":["2MASS J13475911-610054","2MASS J3464634-0031501","2MASSW J138261+414034","2MUCG 10176","2MASS J03140345+1603056","2MASS 03165512-2848521","2MASSW J030599+164816","SSSPM J0306-348","2MASS J2572581-3105523","2MASS J02511490-1352459","2MAS J02415367-1241069","2MASS J02411151-0326687","2MASS J02394245-1738471","2MASS J02354956-0849198","2MUCD#10119","2MSS J02284355-6325052","2MASS J12271036-162447","2MASSI J0228110+253938","SSSPM J0219−939","2MASSI J0218291-31322"]},{"index":1,"name":"col1","values":["31.612878000000002","68.1634","47.0942455","73.2645","73.64988879999999","30.304008000000003","37.08449999999999","76.0461408","102.5698302","90.89186","25.2220434","0.018463","33.695082899999996","19.847242499999997","22.736538","47.2897052","49.280021","29.7297","36.3838","42.764624"]},{"index":2,"name":"col2","values":["-76.92980496323122","-0.5332446584999999","41.80101113414638","-34.01453553299999","16.08362408795753","-28.728048021675807","16.63628967","-36.7980146180076","-30.973439358418528","-3.8677895166000003","-12.761417347107239","-3.4289689979999998","-17.684448538030477","-8.760402056204212","27.041312150414953","-63.0377117460651","-16.29834407123","25.652849221999997","-19.468013208886333","-31.808888121280738"]}]},"context":{"page_title":null,"page_url":null,"page_entity_id":null,"content_hierarchy":[]},"links":[[[{"start":0,"end":22,"url":null,"entity_id":"Q222561","candidates":[]}],[],[]],[[{"start":0,"end":21,"url":null,"entity_id":"Q222556","candidates":[]}],[],[]],[[{"start":0,"end":11,"url":null,"entity_id":"Q222218","candidates":[]}],[],[]],[[{"start":0,"end":23,"url":null,"entity_id":"Q222217","candidates":[]}],[],[]],[[{"start":0,"end":22,"url":null,"entity_id":"Q222215","candidates":[]}],[],[]],[[{"start":0,"end":21,"url":null,"entity_id":"Q222214","candidates":[]}],[],[]],[[{"start":0,"end":15,"url":null,"entity_id":"Q222207","candidates":[]}],[],[]],[[{"start":0,"end":22,"url":null,"entity_id":"Q222202","candidates":[]}],[],[]],[[{"start":0,"end":23,"url":null,"entity_id":"Q222197","candidates":[]}],[],[]],[[{"start":0,"end":22,"url":null,"entity_id":"Q222193","candidates":[]}],[],[]],[[{"start":0,"end":23,"url":null,"entity_id":"Q222189","candidates":[]}],[],[]],[[{"start":0,"end":23,"url":null,"entity_id":"Q222187","candidates":[]}],[],[]],[[{"start":0,"end":23,"url":null,"entity_id":"Q222185","candidates":[]}],[],[]],[[{"start":0,"end":11,"url":null,"entity_id":"Q222184","candidates":[]}],[],[]],[[{"start":0,"end":22,"url":null,"entity_id":"Q222182","candidates":[]}],[],[]],[[{"start":0,"end":22,"url":null,"entity_id":"Q222180","candidates":[]}],[],[]],[[{"start":0,"end":22,"url":null,"entity_id":"Q222179","candidates":[]}],[],[]],[[{"start":0,"end":15,"url":null,"entity_id":"Q222173","candidates":[]}],[],[]],[[{"start":0,"end":21,"url":null,"entity_id":"Q222172","candidates":[]}],[],[]],[[{"start":0,"end":22,"url":null,"entity_id":"Q222562","candidates":[]}],[],[]]]}