{"version":"1.2","table":{"version":"2","table_id":"8Z6PZSTJ","columns":[{"index":0,"name":"col0","values":["Basins of Raqqada","Fort Circle Parks","Edificações na Rua de Cedofeita","Overseas Highway and Railway Bridges","lime kilns from Akersloot","Conjunto urbano da Avenida da Boavista","Bryce Canyon campground comfort stations","Archeological Properties of the Naval Live Oaks Reservation MPS","L'Enfant Plaza","Santa Cruz Looff Carousel and Roller Coaster","Historic Centre of Porto","Archaeological Ensemble of Tárraco","Plan West","Depression Era Work Relief Construction Features at Menoken State Historic Site","Eaglehawk Town Hall and Mechanics Institute","Downtown Evansville MRA","Native American Archeological Sites of the Oregon Coast MPS","slotjes of Oosterhout","Tocumwal houses","Alexander Bache U.S. Coast Survey Line"]},{"index":1,"name":"col1","values":["Kairouan Governorate","Washington, D.C.","Cedofeita, Santo Ildefonso, Sé, Miragaia, São Nicolau e Vitória","Monroe County","Castricum","Ramalde","Utah","Gulf Breeze","Washington, D.C.","Santa Cruz","Cedofeita, Santo Ildefonso, Sé, Miragaia, São Nicolau e Vitória","Tarragona","Amsterdam","Burleigh County","Victoria","Evansville","Oregon","Oosterhout","Australian Capital Territory","Charleston County"]},{"index":2,"name":"col2","values":["Raqqada","Washington metropolitan area","Cedofeita","Florida Keys","Zuiderzeemuseum","Ramalde","North Campground","Naval Live Oaks Reservation","Southwest","Santa Cruz Beach Boardwalk","Sé","Tarraco","Amsterdam-West","Bismarck","Eaglehawk","Downtown Evansville","Oregon Coast","Oosterhout","O'Connor","Edisto Island"]}]},"context":{"page_title":null,"page_url":null,"page_entity_id":null,"content_hierarchy":[]},"links":[[[{"start":0,"end":17,"url":null,"entity_id":"Q49490466","candidates":[]}],[{"start":0,"end":16,"url":null,"entity_id":"Q61","candidates":[]}],[{"start":0,"end":28,"url":null,"entity_id":"Q2367175","candidates":[]}]],[[{"start":0,"end":31,"url":null,"entity_id":"Q54792015","candidates":[]}],[{"start":0,"end":63,"url":null,"entity_id":"Q15905280","candidates":[]}],[{"start":0,"end":9,"url":null,"entity_id":"Q1052596","candidates":[]}]],[[{"start":0,"end":36,"url":null,"entity_id":"Q47090945","candidates":[]}],[{"start":0,"end":13,"url":null,"entity_id":"Q263742","candidates":[]}],[{"start":0,"end":12,"url":null,"entity_id":"Q537749","candidates":[]}]],[[{"start":0,"end":25,"url":null,"entity_id":"Q42297283","candidates":[]}],[{"start":0,"end":9,"url":null,"entity_id":"Q9910","candidates":[]}],[{"start":0,"end":15,"url":null,"entity_id":"Q228640","candidates":[]}]],[[{"start":0,"end":38,"url":null,"entity_id":"Q54565994","candidates":[]}],[{"start":0,"end":7,"url":null,"entity_id":"Q1973526","candidates":[]}],[{"start":0,"end":7,"url":null,"entity_id":"Q1973526","candidates":[]}]],[[{"start":0,"end":40,"url":null,"entity_id":"Q4980668","candidates":[]}],[{"start":0,"end":4,"url":null,"entity_id":"Q829","candidates":[]}],[{"start":0,"end":16,"url":null,"entity_id":"Q63607900","candidates":[]}]],[[{"start":0,"end":63,"url":null,"entity_id":"Q4785902","candidates":[]}],[{"start":0,"end":11,"url":null,"entity_id":"Q731333","candidates":[]}],[{"start":0,"end":27,"url":null,"entity_id":"Q15261189","candidates":[]}]],[[{"start":0,"end":14,"url":null,"entity_id":"Q6455669","candidates":[]}],[{"start":0,"end":16,"url":null,"entity_id":"Q61","candidates":[]}],[{"start":0,"end":9,"url":null,"entity_id":"Q3492347","candidates":[]}]],[[{"start":0,"end":44,"url":null,"entity_id":"Q7419418","candidates":[]}],[{"start":0,"end":10,"url":null,"entity_id":"Q159232","candidates":[]}],[{"start":0,"end":26,"url":null,"entity_id":"Q3472599","candidates":[]}]],[[{"start":0,"end":24,"url":null,"entity_id":"Q3848157","candidates":[]}],[{"start":0,"end":63,"url":null,"entity_id":"Q15905280","candidates":[]}],[{"start":0,"end":2,"url":null,"entity_id":"Q1788154","candidates":[]}]],[[{"start":0,"end":34,"url":null,"entity_id":"Q3119914","candidates":[]}],[{"start":0,"end":9,"url":null,"entity_id":"Q15088","candidates":[]}],[{"start":0,"end":7,"url":null,"entity_id":"Q1501940","candidates":[]}]],[[{"start":0,"end":9,"url":null,"entity_id":"Q2089494","candidates":[]}],[{"start":0,"end":9,"url":null,"entity_id":"Q9899","candidates":[]}],[{"start":0,"end":14,"url":null,"entity_id":"Q478621","candidates":[]}]],[[{"start":0,"end":79,"url":null,"entity_id":"Q5260900","candidates":[]}],[{"start":0,"end":15,"url":null,"entity_id":"Q28283","candidates":[]}],[{"start":0,"end":8,"url":null,"entity_id":"Q37066","candidates":[]}]],[[{"start":0,"end":43,"url":null,"entity_id":"Q56273576","candidates":[]}],[{"start":0,"end":8,"url":null,"entity_id":"Q36687","candidates":[]}],[{"start":0,"end":9,"url":null,"entity_id":"Q5325327","candidates":[]}]],[[{"start":0,"end":23,"url":null,"entity_id":"Q55774447","candidates":[]}],[{"start":0,"end":10,"url":null,"entity_id":"Q486459","candidates":[]}],[{"start":0,"end":19,"url":null,"entity_id":"Q5303433","candidates":[]}]],[[{"start":0,"end":59,"url":null,"entity_id":"Q56560915","candidates":[]}],[{"start":0,"end":6,"url":null,"entity_id":"Q824","candidates":[]}],[{"start":0,"end":12,"url":null,"entity_id":"Q1797345","candidates":[]}]],[[{"start":0,"end":21,"url":null,"entity_id":"Q56805764","candidates":[]}],[{"start":0,"end":10,"url":null,"entity_id":"Q9858","candidates":[]}],[{"start":0,"end":10,"url":null,"entity_id":"Q12912978","candidates":[]}]],[[{"start":0,"end":15,"url":null,"entity_id":"Q17025905","candidates":[]}],[{"start":0,"end":28,"url":null,"entity_id":"Q3258","candidates":[]}],[{"start":0,"end":8,"url":null,"entity_id":"Q4328794","candidates":[]}]],[[{"start":0,"end":38,"url":null,"entity_id":"Q17510728","candidates":[]}],[{"start":0,"end":17,"url":null,"entity_id":"Q181015","candidates":[]}],[{"start":0,"end":13,"url":null,"entity_id":"Q2187768","candidates":[]}]],[[{"start":0,"end":17,"url":null,"entity_id":"Q42759277","candidates":[]}],[{"start":0,"end":20,"url":null,"entity_id":"Q276574","candidates":[]}],[{"start":0,"end":7,"url":null,"entity_id":"Q3107354","candidates":[]}]]]}