{"version":"1.2","table":{"version":"2","table_id":"903G2BJP","columns":[{"index":0,"name":"col0","values":["actinium-233","actinium-232","actinium-231","actinium-230","actinium-229","actinium-228","actinium-227","actinium-225","actinium-224","actinium-223","actinium-222","actinium-221","actinium-220","actinium-219","actinium-218","actinium-217","actinium-216","actinium-215","actinium-214","actinium-209"]},{"index":1,"name":"col1","values":["1769679.969","1763762.368","1759082.556","1752935.8","1748012.876","1741736.688","1736710.489","1724780.25","1718112.032","1712448.889","1705582.044","1699609.119","1692317.22","1686420.231","1679074.586","1673143.346","1665631.296","1659673.795","1651189.118","1608432.65"]},{"index":2,"name":"col2","values":["89","89","89","89","89","89","89","89","89","89","89","89","89","89","89","89","89","89","89","89"]},{"index":3,"name":"col3","values":["145","119","7.5","122","62.7","6.15","21.772","10","2.78","2.1","5","52","26.4","11.8","1.08","69","440","0.17","8.2","0.1"]},{"index":4,"name":"col4","values":["1","1","1","1","1","1","-1","-1","-1","-1","-1","-1","-1","-1","-1","-1","-1","-1","1","-1"]},{"index":5,"name":"col5","values":["41308.033","39154.419","35762.849","33838.383","30689.933","28894.728","25849.58","21637.346","20234.135","17825.882","16621.474","14523.109","13743.682","11569.48","10843.609","8703.673","8144.395","6030.615","6443.854","8843.809"]}]},"context":{"page_title":null,"page_url":null,"page_entity_id":null,"content_hierarchy":[]},"links":[[[{"start":0,"end":12,"url":null,"entity_id":"Q18888893","candidates":[]}],[],[],[],[],[]],[[{"start":0,"end":12,"url":null,"entity_id":"Q18888892","candidates":[]}],[],[],[],[],[]],[[{"start":0,"end":12,"url":null,"entity_id":"Q18888890","candidates":[]}],[],[],[],[],[]],[[{"start":0,"end":12,"url":null,"entity_id":"Q18888889","candidates":[]}],[],[],[],[],[]],[[{"start":0,"end":12,"url":null,"entity_id":"Q18888887","candidates":[]}],[],[],[],[],[]],[[{"start":0,"end":12,"url":null,"entity_id":"Q18888886","candidates":[]}],[],[],[],[],[]],[[{"start":0,"end":12,"url":null,"entity_id":"Q18888881","candidates":[]}],[],[],[],[],[]],[[{"start":0,"end":12,"url":null,"entity_id":"Q18888879","candidates":[]}],[],[],[],[],[]],[[{"start":0,"end":12,"url":null,"entity_id":"Q18888877","candidates":[]}],[],[],[],[],[]],[[{"start":0,"end":12,"url":null,"entity_id":"Q18888874","candidates":[]}],[],[],[],[],[]],[[{"start":0,"end":12,"url":null,"entity_id":"Q18888872","candidates":[]}],[],[],[],[],[]],[[{"start":0,"end":12,"url":null,"entity_id":"Q18888868","candidates":[]}],[],[],[],[],[]],[[{"start":0,"end":12,"url":null,"entity_id":"Q18888866","candidates":[]}],[],[],[],[],[]],[[{"start":0,"end":12,"url":null,"entity_id":"Q18888864","candidates":[]}],[],[],[],[],[]],[[{"start":0,"end":12,"url":null,"entity_id":"Q18888859","candidates":[]}],[],[],[],[],[]],[[{"start":0,"end":12,"url":null,"entity_id":"Q18888856","candidates":[]}],[],[],[],[],[]],[[{"start":0,"end":12,"url":null,"entity_id":"Q18888852","candidates":[]}],[],[],[],[],[]],[[{"start":0,"end":12,"url":null,"entity_id":"Q18888850","candidates":[]}],[],[],[],[],[]],[[{"start":0,"end":12,"url":null,"entity_id":"Q18888835","candidates":[]}],[],[],[],[],[]],[[{"start":0,"end":12,"url":null,"entity_id":"Q18888895","candidates":[]}],[],[],[],[],[]]]}