{"version":"1.2","table":{"version":"2","table_id":"92DTRMXB","columns":[{"index":0,"name":"col0","values":["Herio","Madil Voronwë","Téoden","Gimilkhäd","Beregonf","Ar-Abbawârik","Denethot II","Thépdwyn","Brytua","Eraan","hengel","EcthelionII","Víantur","Hallan","Eleoron","Anadil","Hador rf Gondor","Túrin I","Bgregond","Eleqdur"]},{"index":1,"name":"col1","values":["Gondor","Gondor","Rohan","Númenor","Gondor","Númenor","Gondor","Rohan","Rohan","Gondor","Rohan","Gondor","Númenor","Númenor","Reunited Kingdom","Gondor","Gondor","Gondor","Gondor","Arnor"]},{"index":2,"name":"col2","values":["Belegorn","Eradan","Théodred","Ar-Pharazôn","Bergil","Ar-Adûnakhôr","Boromir","Éomer","Walda","Herion","Théodwyn","Denethor II","Almarian","Hallacar","Barahir","Ostoher","Barahir","Turgon","Belecthor II","Eärendur"]}]},"context":{"page_title":null,"page_url":null,"page_entity_id":null,"content_hierarchy":[]},"links":[[[{"start":0,"end":5,"url":null,"entity_id":"Q2292856","candidates":[]}],[{"start":0,"end":6,"url":null,"entity_id":"Q213586","candidates":[]}],[{"start":0,"end":8,"url":null,"entity_id":"Q2292548","candidates":[]}]],[[{"start":0,"end":13,"url":null,"entity_id":"Q2470287","candidates":[]}],[{"start":0,"end":6,"url":null,"entity_id":"Q213586","candidates":[]}],[{"start":0,"end":6,"url":null,"entity_id":"Q2291705","candidates":[]}]],[[{"start":0,"end":6,"url":null,"entity_id":"Q308813","candidates":[]}],[{"start":0,"end":5,"url":null,"entity_id":"Q220110","candidates":[]}],[{"start":0,"end":8,"url":null,"entity_id":"Q2000416","candidates":[]}]],[[{"start":0,"end":9,"url":null,"entity_id":"Q1131930","candidates":[]}],[{"start":0,"end":7,"url":null,"entity_id":"Q211686","candidates":[]}],[{"start":0,"end":11,"url":null,"entity_id":"Q1998135","candidates":[]}]],[[{"start":0,"end":8,"url":null,"entity_id":"Q793290","candidates":[]}],[{"start":0,"end":6,"url":null,"entity_id":"Q213586","candidates":[]}],[{"start":0,"end":6,"url":null,"entity_id":"Q1771996","candidates":[]}]],[[{"start":0,"end":12,"url":null,"entity_id":"Q2526203","candidates":[]}],[{"start":0,"end":7,"url":null,"entity_id":"Q211686","candidates":[]}],[{"start":0,"end":12,"url":null,"entity_id":"Q588135","candidates":[]}]],[[{"start":0,"end":11,"url":null,"entity_id":"Q718380","candidates":[]}],[{"start":0,"end":6,"url":null,"entity_id":"Q213586","candidates":[]}],[{"start":0,"end":7,"url":null,"entity_id":"Q219504","candidates":[]}]],[[{"start":0,"end":8,"url":null,"entity_id":"Q1782363","candidates":[]}],[{"start":0,"end":5,"url":null,"entity_id":"Q220110","candidates":[]}],[{"start":0,"end":5,"url":null,"entity_id":"Q216605","candidates":[]}]],[[{"start":0,"end":6,"url":null,"entity_id":"Q426338","candidates":[]}],[{"start":0,"end":5,"url":null,"entity_id":"Q220110","candidates":[]}],[{"start":0,"end":5,"url":null,"entity_id":"Q2463414","candidates":[]}]],[[{"start":0,"end":5,"url":null,"entity_id":"Q2291705","candidates":[]}],[{"start":0,"end":6,"url":null,"entity_id":"Q213586","candidates":[]}],[{"start":0,"end":6,"url":null,"entity_id":"Q2292856","candidates":[]}]],[[{"start":0,"end":6,"url":null,"entity_id":"Q2339226","candidates":[]}],[{"start":0,"end":5,"url":null,"entity_id":"Q220110","candidates":[]}],[{"start":0,"end":8,"url":null,"entity_id":"Q1782363","candidates":[]}]],[[{"start":0,"end":11,"url":null,"entity_id":"Q2021493","candidates":[]}],[{"start":0,"end":6,"url":null,"entity_id":"Q213586","candidates":[]}],[{"start":0,"end":11,"url":null,"entity_id":"Q718380","candidates":[]}]],[[{"start":0,"end":7,"url":null,"entity_id":"Q13403345","candidates":[]}],[{"start":0,"end":7,"url":null,"entity_id":"Q211686","candidates":[]}],[{"start":0,"end":8,"url":null,"entity_id":"Q23797704","candidates":[]}]],[[{"start":0,"end":6,"url":null,"entity_id":"Q10797461","candidates":[]}],[{"start":0,"end":7,"url":null,"entity_id":"Q211686","candidates":[]}],[{"start":0,"end":8,"url":null,"entity_id":"Q23793252","candidates":[]}]],[[{"start":0,"end":7,"url":null,"entity_id":"Q8125562","candidates":[]}],[{"start":0,"end":16,"url":null,"entity_id":"Q2069665","candidates":[]}],[{"start":0,"end":7,"url":null,"entity_id":"Q23309511","candidates":[]}]],[[{"start":0,"end":6,"url":null,"entity_id":"Q6324219","candidates":[]}],[{"start":0,"end":6,"url":null,"entity_id":"Q213586","candidates":[]}],[{"start":0,"end":7,"url":null,"entity_id":"Q3886966","candidates":[]}]],[[{"start":0,"end":15,"url":null,"entity_id":"Q9001822","candidates":[]}],[{"start":0,"end":6,"url":null,"entity_id":"Q213586","candidates":[]}],[{"start":0,"end":7,"url":null,"entity_id":"Q3634502","candidates":[]}]],[[{"start":0,"end":7,"url":null,"entity_id":"Q4001326","candidates":[]}],[{"start":0,"end":6,"url":null,"entity_id":"Q213586","candidates":[]}],[{"start":0,"end":6,"url":null,"entity_id":"Q3239993","candidates":[]}]],[[{"start":0,"end":8,"url":null,"entity_id":"Q7471989","candidates":[]}],[{"start":0,"end":6,"url":null,"entity_id":"Q213586","candidates":[]}],[{"start":0,"end":12,"url":null,"entity_id":"Q2718623","candidates":[]}]],[[{"start":0,"end":7,"url":null,"entity_id":"Q13138945","candidates":[]}],[{"start":0,"end":5,"url":null,"entity_id":"Q213223","candidates":[]}],[{"start":0,"end":8,"url":null,"entity_id":"Q2707677","candidates":[]}]]]}