{"version":"1.2","table":{"version":"2","table_id":"930XNYRJ","columns":[{"index":0,"name":"col0","values":["canton of Les Bauses Plaines de l'Aude","canton of éronne","canton of Condé-sur-Noreau","canton of Sainu-Bonnet-en-Champsaur","canton of Beaumont-de-Lrmaine","canton o Saint-Loup-sur-Semouse","cantn of Cernay","cantrn of Dourdan","cantn of Martel","canton of\"Commercy","canton o Billom","canton of\"Mauléon","cantrn of Machecoul","canton of Vdlence","cdnton of Canourgue","canton of Thury-Harcpurt","Cantonof Malaucène","canton of Saint-Léonard-de-Nolat","canton!of Saint-Astier","cnton of Pontorson"]},{"index":1,"name":"col1","values":["181.23206999999996","191.8344","106.05167999999999","280.3752","229.458","204.16008","130.0365","137.14449","203.2173","288.288","125.26692","524.0735499999998","490.18032000000005","124.25","200.9496","189.24551","158.37357","257.26700999999997","227.56","127.98785999999998"]},{"index":2,"name":"col2","values":["21184.0","27215.52","23783.485","11160.580999999998","13408.066","15321.01","49828.884","66483.765","10125.21","12195.476999999999","22761.756","23068.98","40169.829","13293.2","6573.566999999999","24221.196999999996","4819.176","16786.515","17511.984","17719.632"]},{"index":3,"name":"col3","values":["Cuxac-d'Aude","Aizecourt-le-Haut","Saint-Germain-du-Crioult","Forest-Saint-Julien","Sérignac","Conflans-sur-Lanterne","Cernay","La Forêt-le-Roi","Cazillac","Saint-Aubin-sur-Aire","Saint-Julien-de-Coppel","Mauléon","La Marne","Gasques","Banassac","Le Bô","Le Barroux","Le Châtenet-en-Dognon","Jaure","Le Mont-Saint-Michel"]}]},"context":{"page_title":null,"page_url":null,"page_entity_id":null,"content_hierarchy":[]},"links":[[[{"start":0,"end":16,"url":null,"entity_id":"Q1032356","candidates":[]}],[],[],[{"start":0,"end":17,"url":null,"entity_id":"Q30852","candidates":[]}]],[[{"start":0,"end":26,"url":null,"entity_id":"Q949999","candidates":[]}],[],[],[{"start":0,"end":24,"url":null,"entity_id":"Q693180","candidates":[]}]],[[{"start":0,"end":35,"url":null,"entity_id":"Q950332","candidates":[]}],[],[],[{"start":0,"end":19,"url":null,"entity_id":"Q604714","candidates":[]}]],[[{"start":0,"end":29,"url":null,"entity_id":"Q951554","candidates":[]}],[],[],[{"start":0,"end":8,"url":null,"entity_id":"Q386685","candidates":[]}]],[[{"start":0,"end":31,"url":null,"entity_id":"Q953422","candidates":[]}],[],[],[{"start":0,"end":21,"url":null,"entity_id":"Q305365","candidates":[]}]],[[{"start":0,"end":15,"url":null,"entity_id":"Q953478","candidates":[]}],[],[],[{"start":0,"end":6,"url":null,"entity_id":"Q274589","candidates":[]}]],[[{"start":0,"end":17,"url":null,"entity_id":"Q954567","candidates":[]}],[],[],[{"start":0,"end":15,"url":null,"entity_id":"Q257234","candidates":[]}]],[[{"start":0,"end":15,"url":null,"entity_id":"Q954269","candidates":[]}],[],[],[{"start":0,"end":8,"url":null,"entity_id":"Q186562","candidates":[]}]],[[{"start":0,"end":18,"url":null,"entity_id":"Q959078","candidates":[]}],[],[],[{"start":0,"end":20,"url":null,"entity_id":"Q59461","candidates":[]}]],[[{"start":0,"end":15,"url":null,"entity_id":"Q476879","candidates":[]}],[],[],[{"start":0,"end":22,"url":null,"entity_id":"Q732835","candidates":[]}]],[[{"start":0,"end":17,"url":null,"entity_id":"Q519412","candidates":[]}],[],[],[{"start":0,"end":7,"url":null,"entity_id":"Q669021","candidates":[]}]],[[{"start":0,"end":19,"url":null,"entity_id":"Q477947","candidates":[]}],[],[],[{"start":0,"end":8,"url":null,"entity_id":"Q542927","candidates":[]}]],[[{"start":0,"end":17,"url":null,"entity_id":"Q507213","candidates":[]}],[],[],[{"start":0,"end":7,"url":null,"entity_id":"Q388025","candidates":[]}]],[[{"start":0,"end":19,"url":null,"entity_id":"Q514963","candidates":[]}],[],[],[{"start":0,"end":8,"url":null,"entity_id":"Q381323","candidates":[]}]],[[{"start":0,"end":24,"url":null,"entity_id":"Q507969","candidates":[]}],[],[],[{"start":0,"end":5,"url":null,"entity_id":"Q326630","candidates":[]}]],[[{"start":0,"end":18,"url":null,"entity_id":"Q513252","candidates":[]}],[],[],[{"start":0,"end":10,"url":null,"entity_id":"Q273943","candidates":[]}]],[[{"start":0,"end":32,"url":null,"entity_id":"Q518174","candidates":[]}],[],[],[{"start":0,"end":21,"url":null,"entity_id":"Q178926","candidates":[]}]],[[{"start":0,"end":22,"url":null,"entity_id":"Q507681","candidates":[]}],[],[],[{"start":0,"end":5,"url":null,"entity_id":"Q177986","candidates":[]}]],[[{"start":0,"end":18,"url":null,"entity_id":"Q478090","candidates":[]}],[],[],[{"start":0,"end":20,"url":null,"entity_id":"Q20892","candidates":[]}]],[[{"start":0,"end":38,"url":null,"entity_id":"Q976535","candidates":[]}],[],[],[{"start":0,"end":12,"url":null,"entity_id":"Q189158","candidates":[]}]]]}