{"version":"1.2","table":{"version":"2","table_id":"94BOVNH1","columns":[{"index":0,"name":"col0","values":["Pennsylvania","Ohio","Delaware","Maryland","Rhode Island","New York","West Virginia","Virginia","Colorado","Nevada","Washington","Idaho","Wyoming","Montana","South Dakota","North Dakota","Illinois","Michigan","Utah","Oregon"]},{"index":1,"name":"col1","values":["119283","116096","6452","12327","3144.245565","141300","62755","110862","269837","286380","184827","216699","253348","381154","199729","183108","149998","250493","219653","255026"]},{"index":2,"name":"col2","values":["111","113","110","109","104","109","112","110","118","125","118","118","115","117","120","121","117","112","117","117"]},{"index":3,"name":"col3","values":["12802503","11613423","945934","6006401","1056298","19795791","1844128","8382993","5456574","2890845","7170351","1654930","586107","1032949","858469","756927","12859995","9922576","2763885","4028977"]},{"index":4,"name":"col4","values":["-42","-39","-17","-40","-28","-52","-37","-30","-61","-50","-48","-60","-63","-70","-58","-60","-38","-51","-69","-54"]},{"index":5,"name":"col5","values":["2.85","8.85","21.71","21.221890868","33.08","13.62","0.79","7.68","0.43","0.72","6.79","1.11","0.74","1.02","1.69","2.4","4.13","41.54","3.21","2.43"]}]},"context":{"page_title":null,"page_url":null,"page_entity_id":null,"content_hierarchy":[]},"links":[[[{"start":0,"end":12,"url":null,"entity_id":"Q1400","candidates":[]}],[],[],[],[],[]],[[{"start":0,"end":4,"url":null,"entity_id":"Q1397","candidates":[]}],[],[],[],[],[]],[[{"start":0,"end":8,"url":null,"entity_id":"Q1393","candidates":[]}],[],[],[],[],[]],[[{"start":0,"end":8,"url":null,"entity_id":"Q1391","candidates":[]}],[],[],[],[],[]],[[{"start":0,"end":12,"url":null,"entity_id":"Q1387","candidates":[]}],[],[],[],[],[]],[[{"start":0,"end":8,"url":null,"entity_id":"Q1384","candidates":[]}],[],[],[],[],[]],[[{"start":0,"end":13,"url":null,"entity_id":"Q1371","candidates":[]}],[],[],[],[],[]],[[{"start":0,"end":8,"url":null,"entity_id":"Q1370","candidates":[]}],[],[],[],[],[]],[[{"start":0,"end":8,"url":null,"entity_id":"Q1261","candidates":[]}],[],[],[],[],[]],[[{"start":0,"end":6,"url":null,"entity_id":"Q1227","candidates":[]}],[],[],[],[],[]],[[{"start":0,"end":10,"url":null,"entity_id":"Q1223","candidates":[]}],[],[],[],[],[]],[[{"start":0,"end":5,"url":null,"entity_id":"Q1221","candidates":[]}],[],[],[],[],[]],[[{"start":0,"end":7,"url":null,"entity_id":"Q1214","candidates":[]}],[],[],[],[],[]],[[{"start":0,"end":7,"url":null,"entity_id":"Q1212","candidates":[]}],[],[],[],[],[]],[[{"start":0,"end":12,"url":null,"entity_id":"Q1211","candidates":[]}],[],[],[],[],[]],[[{"start":0,"end":12,"url":null,"entity_id":"Q1207","candidates":[]}],[],[],[],[],[]],[[{"start":0,"end":8,"url":null,"entity_id":"Q1204","candidates":[]}],[],[],[],[],[]],[[{"start":0,"end":8,"url":null,"entity_id":"Q1166","candidates":[]}],[],[],[],[],[]],[[{"start":0,"end":4,"url":null,"entity_id":"Q829","candidates":[]}],[],[],[],[],[]],[[{"start":0,"end":6,"url":null,"entity_id":"Q824","candidates":[]}],[],[],[],[],[]]]}