{"version":"1.2","table":{"version":"2","table_id":"94Y8NKKK","columns":[{"index":0,"name":"col0","values":["Greater London Authority (Referendum) Act 1998","Assaults on Emergency Workers (Offences) Act 2018","Evidence Act 1938","Civil Evidence Act 1995","Early Parliamentary General Election Act 2019","European Union (Approvals) Act 2014","European Union (Approvals) Act 2013","Voyeurism (Offences) Act 2019","Offensive Weapons Act 2019","Sexual Offences (Amendment) Act 1992","Data Protection Act 2018","Higher Education and Research Act 2017","European Union (Approval of Treaty Amendment Decision) Act 2012","European Union (Accessions) Act 1994","European Union (Accessions) Act 2003","European Union (Finance) Act 2015","European Union (Approvals) Act 2015","European Union (Withdrawal) Act 2018","Education (Scotland) Act 1872","Small Charitable Donations Act 2012"]},{"index":1,"name":"col1","values":["London","England and Wales","England and Wales","England and Wales","United Kingdom","United Kingdom","United Kingdom","United Kingdom","United Kingdom","United Kingdom","United Kingdom","United Kingdom","United Kingdom","United Kingdom","United Kingdom","United Kingdom","United Kingdom","United Kingdom","Scotland","Scotland"]},{"index":2,"name":"col2","values":["United Kingdom","United Kingdom","United Kingdom","United Kingdom","United Kingdom","United Kingdom","United Kingdom","United Kingdom","United Kingdom","United Kingdom","United Kingdom","United Kingdom","United Kingdom","United Kingdom","United Kingdom","United Kingdom","United Kingdom","United Kingdom","United Kingdom of Great Britain and Ireland","United Kingdom"]}]},"context":{"page_title":null,"page_url":null,"page_entity_id":null,"content_hierarchy":[]},"links":[[[{"start":0,"end":46,"url":null,"entity_id":"Q39069569","candidates":[]}],[{"start":0,"end":6,"url":null,"entity_id":"Q23939248","candidates":[]}],[{"start":0,"end":14,"url":null,"entity_id":"Q145","candidates":[]}]],[[{"start":0,"end":49,"url":null,"entity_id":"Q65040763","candidates":[]}],[{"start":0,"end":17,"url":null,"entity_id":"Q1156248","candidates":[]}],[{"start":0,"end":14,"url":null,"entity_id":"Q145","candidates":[]}]],[[{"start":0,"end":17,"url":null,"entity_id":"Q38606448","candidates":[]}],[{"start":0,"end":17,"url":null,"entity_id":"Q1156248","candidates":[]}],[{"start":0,"end":14,"url":null,"entity_id":"Q145","candidates":[]}]],[[{"start":0,"end":23,"url":null,"entity_id":"Q38606398","candidates":[]}],[{"start":0,"end":17,"url":null,"entity_id":"Q1156248","candidates":[]}],[{"start":0,"end":14,"url":null,"entity_id":"Q145","candidates":[]}]],[[{"start":0,"end":45,"url":null,"entity_id":"Q72976691","candidates":[]}],[{"start":0,"end":14,"url":null,"entity_id":"Q145","candidates":[]}],[{"start":0,"end":14,"url":null,"entity_id":"Q145","candidates":[]}]],[[{"start":0,"end":35,"url":null,"entity_id":"Q66123855","candidates":[]}],[{"start":0,"end":14,"url":null,"entity_id":"Q145","candidates":[]}],[{"start":0,"end":14,"url":null,"entity_id":"Q145","candidates":[]}]],[[{"start":0,"end":35,"url":null,"entity_id":"Q66123833","candidates":[]}],[{"start":0,"end":14,"url":null,"entity_id":"Q145","candidates":[]}],[{"start":0,"end":14,"url":null,"entity_id":"Q145","candidates":[]}]],[[{"start":0,"end":29,"url":null,"entity_id":"Q65075459","candidates":[]}],[{"start":0,"end":14,"url":null,"entity_id":"Q145","candidates":[]}],[{"start":0,"end":14,"url":null,"entity_id":"Q145","candidates":[]}]],[[{"start":0,"end":26,"url":null,"entity_id":"Q65007415","candidates":[]}],[{"start":0,"end":14,"url":null,"entity_id":"Q145","candidates":[]}],[{"start":0,"end":14,"url":null,"entity_id":"Q145","candidates":[]}]],[[{"start":0,"end":36,"url":null,"entity_id":"Q60772969","candidates":[]}],[{"start":0,"end":14,"url":null,"entity_id":"Q145","candidates":[]}],[{"start":0,"end":14,"url":null,"entity_id":"Q145","candidates":[]}]],[[{"start":0,"end":24,"url":null,"entity_id":"Q55391230","candidates":[]}],[{"start":0,"end":14,"url":null,"entity_id":"Q145","candidates":[]}],[{"start":0,"end":14,"url":null,"entity_id":"Q145","candidates":[]}]],[[{"start":0,"end":38,"url":null,"entity_id":"Q38608699","candidates":[]}],[{"start":0,"end":14,"url":null,"entity_id":"Q145","candidates":[]}],[{"start":0,"end":14,"url":null,"entity_id":"Q145","candidates":[]}]],[[{"start":0,"end":63,"url":null,"entity_id":"Q30668009","candidates":[]}],[{"start":0,"end":14,"url":null,"entity_id":"Q145","candidates":[]}],[{"start":0,"end":14,"url":null,"entity_id":"Q145","candidates":[]}]],[[{"start":0,"end":36,"url":null,"entity_id":"Q30667987","candidates":[]}],[{"start":0,"end":14,"url":null,"entity_id":"Q145","candidates":[]}],[{"start":0,"end":14,"url":null,"entity_id":"Q145","candidates":[]}]],[[{"start":0,"end":36,"url":null,"entity_id":"Q30667915","candidates":[]}],[{"start":0,"end":14,"url":null,"entity_id":"Q145","candidates":[]}],[{"start":0,"end":14,"url":null,"entity_id":"Q145","candidates":[]}]],[[{"start":0,"end":33,"url":null,"entity_id":"Q30599679","candidates":[]}],[{"start":0,"end":14,"url":null,"entity_id":"Q145","candidates":[]}],[{"start":0,"end":14,"url":null,"entity_id":"Q145","candidates":[]}]],[[{"start":0,"end":35,"url":null,"entity_id":"Q30599678","candidates":[]}],[{"start":0,"end":14,"url":null,"entity_id":"Q145","candidates":[]}],[{"start":0,"end":14,"url":null,"entity_id":"Q145","candidates":[]}]],[[{"start":0,"end":36,"url":null,"entity_id":"Q29582790","candidates":[]}],[{"start":0,"end":14,"url":null,"entity_id":"Q145","candidates":[]}],[{"start":0,"end":14,"url":null,"entity_id":"Q145","candidates":[]}]],[[{"start":0,"end":29,"url":null,"entity_id":"Q28434588","candidates":[]}],[{"start":0,"end":8,"url":null,"entity_id":"Q22","candidates":[]}],[{"start":0,"end":43,"url":null,"entity_id":"Q174193","candidates":[]}]],[[{"start":0,"end":35,"url":null,"entity_id":"Q53028077","candidates":[]}],[{"start":0,"end":8,"url":null,"entity_id":"Q22","candidates":[]}],[{"start":0,"end":14,"url":null,"entity_id":"Q145","candidates":[]}]]]}