{"version":"1.2","table":{"version":"2","table_id":"96BCUWP1","columns":[{"index":0,"name":"col0","values":["Vapniarka","Vyshnivets","Khoroshiv","Myropil","Kornyn","Tomashhorod","Pershotravneve","Rafalivka","Krasiatychi","Volodymyrets","Mlyniv","Chaplynka","Kamianyi Brid, Baranivka Raion","Drabiv","Zgurivka","Irshansk","Shpykiv","Tairove","Velyka Mykhailivka","Liubar"]},{"index":1,"name":"col1","values":["13","6","83.28","9","8","10.731","4","12.26","7","60.13","20.52","130","5.1","18.019","13.37","14.76","4.5","1.5","7.22","2.22"]},{"index":2,"name":"col2","values":["Ukraine","Ukraine","Ukraine","Ukraine","Ukraine","Ukraine","Ukraine","Ukraine","Ukraine","Ukraine","Ukraine","Ukraine","Ukraine","Ukraine","Ukraine","Ukraine","Ukraine","Ukraine","Ukraine","Ukraine"]}]},"context":{"page_title":null,"page_url":null,"page_entity_id":null,"content_hierarchy":[]},"links":[[[{"start":0,"end":10,"url":null,"entity_id":"Q2993487","candidates":[]}],[],[{"start":0,"end":7,"url":null,"entity_id":"Q212","candidates":[]}]],[[{"start":0,"end":9,"url":null,"entity_id":"Q2993479","candidates":[]}],[],[{"start":0,"end":7,"url":null,"entity_id":"Q212","candidates":[]}]],[[{"start":0,"end":7,"url":null,"entity_id":"Q2980442","candidates":[]}],[],[{"start":0,"end":7,"url":null,"entity_id":"Q212","candidates":[]}]],[[{"start":0,"end":6,"url":null,"entity_id":"Q2980432","candidates":[]}],[],[{"start":0,"end":7,"url":null,"entity_id":"Q212","candidates":[]}]],[[{"start":0,"end":11,"url":null,"entity_id":"Q2670508","candidates":[]}],[],[{"start":0,"end":7,"url":null,"entity_id":"Q212","candidates":[]}]],[[{"start":0,"end":14,"url":null,"entity_id":"Q2670465","candidates":[]}],[],[{"start":0,"end":7,"url":null,"entity_id":"Q212","candidates":[]}]],[[{"start":0,"end":9,"url":null,"entity_id":"Q2670231","candidates":[]}],[],[{"start":0,"end":7,"url":null,"entity_id":"Q212","candidates":[]}]],[[{"start":0,"end":11,"url":null,"entity_id":"Q2659309","candidates":[]}],[],[{"start":0,"end":7,"url":null,"entity_id":"Q212","candidates":[]}]],[[{"start":0,"end":12,"url":null,"entity_id":"Q2658213","candidates":[]}],[],[{"start":0,"end":7,"url":null,"entity_id":"Q212","candidates":[]}]],[[{"start":0,"end":6,"url":null,"entity_id":"Q2658207","candidates":[]}],[],[{"start":0,"end":7,"url":null,"entity_id":"Q212","candidates":[]}]],[[{"start":0,"end":9,"url":null,"entity_id":"Q2658192","candidates":[]}],[],[{"start":0,"end":7,"url":null,"entity_id":"Q212","candidates":[]}]],[[{"start":0,"end":30,"url":null,"entity_id":"Q2657922","candidates":[]}],[],[{"start":0,"end":7,"url":null,"entity_id":"Q212","candidates":[]}]],[[{"start":0,"end":6,"url":null,"entity_id":"Q2657911","candidates":[]}],[],[{"start":0,"end":7,"url":null,"entity_id":"Q212","candidates":[]}]],[[{"start":0,"end":8,"url":null,"entity_id":"Q2652440","candidates":[]}],[],[{"start":0,"end":7,"url":null,"entity_id":"Q212","candidates":[]}]],[[{"start":0,"end":8,"url":null,"entity_id":"Q2652172","candidates":[]}],[],[{"start":0,"end":7,"url":null,"entity_id":"Q212","candidates":[]}]],[[{"start":0,"end":7,"url":null,"entity_id":"Q2652167","candidates":[]}],[],[{"start":0,"end":7,"url":null,"entity_id":"Q212","candidates":[]}]],[[{"start":0,"end":7,"url":null,"entity_id":"Q2652162","candidates":[]}],[],[{"start":0,"end":7,"url":null,"entity_id":"Q212","candidates":[]}]],[[{"start":0,"end":18,"url":null,"entity_id":"Q2652157","candidates":[]}],[],[{"start":0,"end":7,"url":null,"entity_id":"Q212","candidates":[]}]],[[{"start":0,"end":6,"url":null,"entity_id":"Q2652151","candidates":[]}],[],[{"start":0,"end":7,"url":null,"entity_id":"Q212","candidates":[]}]],[[{"start":0,"end":9,"url":null,"entity_id":"Q2993501","candidates":[]}],[],[{"start":0,"end":7,"url":null,"entity_id":"Q212","candidates":[]}]]]}