{"version":"1.2","table":{"version":"2","table_id":"97P31730","columns":[{"index":0,"name":"col0","values":["Palazzo Xilhena","S Mary's Hospital, Stannington","Hôpital Porte Madeleine d'Orlans","Arcispedale di San Giacomo degli Incurabili(Rome)","St. Joseph's Hosptal","maternity hospiual queen Astrid","Neposit Beach Hospitl","Invtitut Ftenopàtic de les Corts","Pemerton Memorial Operating Room","Palácio!Barbacena","former hospital in\"Sjökulla Manor","min building in the former general hospital","Hôptal civil","uks Hospital","Wictor Albeck  building","Villb Ensi","Hospital Seco-Noruego","MaudesHospitao","ispensari Antituberculós","Roybl Hospital Kilmainham"]},{"index":1,"name":"col1","values":["Charles François de Mondion","George Thomas Hine","Jacques Gabriel","Carlo Maderno","Thorkel Møller","Marcel Leborgne","McKim, Mead & White","August Font i Carreras","John Teague","Manuel da Costa Negreiros","National Board of Public Building","Jac Ahrenberg","Jacques Depelsenaire","Giovanni Battista Alliprandi","Christian Sylow","Selim A. Lindqvist","Joaquín Pla Laporta","Antonio Palacios Ramilo","Josep Lluís Sert","William Robinson"]},{"index":2,"name":"col2","values":["Malta","United Kingdom","France","Italy","Denmark","Belgium","United States of America","Spain","Canada","Portugal","Finland","Finland","Belgium","Czech Republic","Denmark","Finland","Spain","Spain","Spain","Ireland"]}]},"context":{"page_title":null,"page_url":null,"page_entity_id":null,"content_hierarchy":[]},"links":[[[{"start":0,"end":15,"url":null,"entity_id":"Q21591405","candidates":[]}],[{"start":0,"end":27,"url":null,"entity_id":"Q5077816","candidates":[]}],[{"start":0,"end":5,"url":null,"entity_id":"Q233","candidates":[]}]],[[{"start":0,"end":30,"url":null,"entity_id":"Q30672351","candidates":[]}],[{"start":0,"end":18,"url":null,"entity_id":"Q5545153","candidates":[]}],[{"start":0,"end":14,"url":null,"entity_id":"Q145","candidates":[]}]],[[{"start":0,"end":32,"url":null,"entity_id":"Q30018009","candidates":[]}],[{"start":0,"end":15,"url":null,"entity_id":"Q3158954","candidates":[]}],[{"start":0,"end":6,"url":null,"entity_id":"Q142","candidates":[]}]],[[{"start":0,"end":49,"url":null,"entity_id":"Q22442829","candidates":[]}],[{"start":0,"end":13,"url":null,"entity_id":"Q122328","candidates":[]}],[{"start":0,"end":5,"url":null,"entity_id":"Q38","candidates":[]}]],[[{"start":0,"end":20,"url":null,"entity_id":"Q28225862","candidates":[]}],[{"start":0,"end":14,"url":null,"entity_id":"Q12339269","candidates":[]}],[{"start":0,"end":7,"url":null,"entity_id":"Q35","candidates":[]}]],[[{"start":0,"end":31,"url":null,"entity_id":"Q24287523","candidates":[]}],[{"start":0,"end":15,"url":null,"entity_id":"Q3289117","candidates":[]}],[{"start":0,"end":7,"url":null,"entity_id":"Q31","candidates":[]}]],[[{"start":0,"end":21,"url":null,"entity_id":"Q39060163","candidates":[]}],[{"start":0,"end":19,"url":null,"entity_id":"Q1915267","candidates":[]}],[{"start":0,"end":24,"url":null,"entity_id":"Q30","candidates":[]}]],[[{"start":0,"end":32,"url":null,"entity_id":"Q27929263","candidates":[]}],[{"start":0,"end":22,"url":null,"entity_id":"Q892611","candidates":[]}],[{"start":0,"end":5,"url":null,"entity_id":"Q29","candidates":[]}]],[[{"start":0,"end":32,"url":null,"entity_id":"Q23768241","candidates":[]}],[{"start":0,"end":11,"url":null,"entity_id":"Q1701904","candidates":[]}],[{"start":0,"end":6,"url":null,"entity_id":"Q16","candidates":[]}]],[[{"start":0,"end":17,"url":null,"entity_id":"Q54172299","candidates":[]}],[{"start":0,"end":25,"url":null,"entity_id":"Q10324568","candidates":[]}],[{"start":0,"end":8,"url":null,"entity_id":"Q45","candidates":[]}]],[[{"start":0,"end":33,"url":null,"entity_id":"Q55597991","candidates":[]}],[{"start":0,"end":33,"url":null,"entity_id":"Q3029507","candidates":[]}],[{"start":0,"end":7,"url":null,"entity_id":"Q33","candidates":[]}]],[[{"start":0,"end":43,"url":null,"entity_id":"Q55597978","candidates":[]}],[{"start":0,"end":13,"url":null,"entity_id":"Q1692014","candidates":[]}],[{"start":0,"end":7,"url":null,"entity_id":"Q33","candidates":[]}]],[[{"start":0,"end":12,"url":null,"entity_id":"Q64555583","candidates":[]}],[{"start":0,"end":20,"url":null,"entity_id":"Q19952317","candidates":[]}],[{"start":0,"end":7,"url":null,"entity_id":"Q31","candidates":[]}]],[[{"start":0,"end":12,"url":null,"entity_id":"Q14523831","candidates":[]}],[{"start":0,"end":28,"url":null,"entity_id":"Q357047","candidates":[]}],[{"start":0,"end":14,"url":null,"entity_id":"Q213","candidates":[]}]],[[{"start":0,"end":23,"url":null,"entity_id":"Q12313326","candidates":[]}],[{"start":0,"end":15,"url":null,"entity_id":"Q12306181","candidates":[]}],[{"start":0,"end":7,"url":null,"entity_id":"Q35","candidates":[]}]],[[{"start":0,"end":10,"url":null,"entity_id":"Q10715459","candidates":[]}],[{"start":0,"end":18,"url":null,"entity_id":"Q3478128","candidates":[]}],[{"start":0,"end":7,"url":null,"entity_id":"Q33","candidates":[]}]],[[{"start":0,"end":21,"url":null,"entity_id":"Q11682609","candidates":[]}],[{"start":0,"end":19,"url":null,"entity_id":"Q29257725","candidates":[]}],[{"start":0,"end":5,"url":null,"entity_id":"Q29","candidates":[]}]],[[{"start":0,"end":14,"url":null,"entity_id":"Q11682612","candidates":[]}],[{"start":0,"end":23,"url":null,"entity_id":"Q2857391","candidates":[]}],[{"start":0,"end":5,"url":null,"entity_id":"Q29","candidates":[]}]],[[{"start":0,"end":24,"url":null,"entity_id":"Q11917345","candidates":[]}],[{"start":0,"end":16,"url":null,"entity_id":"Q467712","candidates":[]}],[{"start":0,"end":5,"url":null,"entity_id":"Q29","candidates":[]}]],[[{"start":0,"end":25,"url":null,"entity_id":"Q12859559","candidates":[]}],[{"start":0,"end":16,"url":null,"entity_id":"Q8017686","candidates":[]}],[{"start":0,"end":7,"url":null,"entity_id":"Q27","candidates":[]}]]]}