{"version":"1.2","table":{"version":"2","table_id":"984QED2P","columns":[{"index":0,"name":"col0","values":["Umayyad invasion of Gaul","Russo-Turkish War (1787–1792)","War of the Pacific","Anglo-Ashanti wars","Ottoman–Habsburg wars","Barbary Wars","Pacific War","Ōnin War","Great Northern War","Israeli–Palestinian conflict","Mithridatic Wars","Mahdist War","Seven Years' War","Spanish–American War","War of the Second Coalition","Anglo-Mysore Wars","Second Anglo-Afghan War","Opium Wars","War of the Lombards","Roman–Persian Wars"]},{"index":1,"name":"col1","values":["Battle of Tours","Siege of Ochakov","Battle of Iquique","War of the Golden Stool","Expedition of Mostaganem","Second Barbary War","Battle of Kwajalein","Battle of Kamigyō","surrender at Perevolochna","Gaza–Israel conflict","First Mithridatic War","Battle of Omdurman","Battle of Zorndorf","Battle of Santiago de Cuba","Irish Rebellion of 1798","Second Anglo-Mysore War","Battle of Maiwand","Second Opium War","Battle of Agridi","Byzantine–Sassanian Wars"]},{"index":2,"name":"col2","values":["Visigoths","Holy Roman Empire","Chile","British Empire","Republic of Venice","United States of America","Canada","Hatakeyama clan","Electorate of Saxony","Islamic Jihad Movement in Palestine","Roman Republic","British Empire","Louis XV of France","United States of America","Spain","East India Company","British Empire","France","Holy Roman Empire","Roman Empire"]}]},"context":{"page_title":null,"page_url":null,"page_entity_id":null,"content_hierarchy":[]},"links":[[[{"start":0,"end":24,"url":null,"entity_id":"Q129124","candidates":[]}],[{"start":0,"end":15,"url":null,"entity_id":"Q173077","candidates":[]}],[{"start":0,"end":9,"url":null,"entity_id":"Q23693","candidates":[]}]],[[{"start":0,"end":29,"url":null,"entity_id":"Q123210","candidates":[]}],[{"start":0,"end":16,"url":null,"entity_id":"Q2724886","candidates":[]}],[{"start":0,"end":17,"url":null,"entity_id":"Q12548","candidates":[]}]],[[{"start":0,"end":18,"url":null,"entity_id":"Q152004","candidates":[]}],[{"start":0,"end":17,"url":null,"entity_id":"Q472672","candidates":[]}],[{"start":0,"end":5,"url":null,"entity_id":"Q298","candidates":[]}]],[[{"start":0,"end":18,"url":null,"entity_id":"Q722051","candidates":[]}],[{"start":0,"end":23,"url":null,"entity_id":"Q356920","candidates":[]}],[{"start":0,"end":14,"url":null,"entity_id":"Q8680","candidates":[]}]],[[{"start":0,"end":21,"url":null,"entity_id":"Q786171","candidates":[]}],[{"start":0,"end":24,"url":null,"entity_id":"Q5420962","candidates":[]}],[{"start":0,"end":18,"url":null,"entity_id":"Q4948","candidates":[]}]],[[{"start":0,"end":12,"url":null,"entity_id":"Q807741","candidates":[]}],[{"start":0,"end":18,"url":null,"entity_id":"Q233505","candidates":[]}],[{"start":0,"end":24,"url":null,"entity_id":"Q30","candidates":[]}]],[[{"start":0,"end":11,"url":null,"entity_id":"Q184425","candidates":[]}],[{"start":0,"end":19,"url":null,"entity_id":"Q1789376","candidates":[]}],[{"start":0,"end":6,"url":null,"entity_id":"Q16","candidates":[]}]],[[{"start":0,"end":8,"url":null,"entity_id":"Q385676","candidates":[]}],[{"start":0,"end":17,"url":null,"entity_id":"Q11358447","candidates":[]}],[{"start":0,"end":15,"url":null,"entity_id":"Q662881","candidates":[]}]],[[{"start":0,"end":18,"url":null,"entity_id":"Q151616","candidates":[]}],[{"start":0,"end":25,"url":null,"entity_id":"Q2671292","candidates":[]}],[{"start":0,"end":20,"url":null,"entity_id":"Q156199","candidates":[]}]],[[{"start":0,"end":28,"url":null,"entity_id":"Q151622","candidates":[]}],[{"start":0,"end":20,"url":null,"entity_id":"Q553184","candidates":[]}],[{"start":0,"end":35,"url":null,"entity_id":"Q117907","candidates":[]}]],[[{"start":0,"end":16,"url":null,"entity_id":"Q1616064","candidates":[]}],[{"start":0,"end":21,"url":null,"entity_id":"Q1647768","candidates":[]}],[{"start":0,"end":14,"url":null,"entity_id":"Q17167","candidates":[]}]],[[{"start":0,"end":11,"url":null,"entity_id":"Q31944","candidates":[]}],[{"start":0,"end":18,"url":null,"entity_id":"Q1137302","candidates":[]}],[{"start":0,"end":14,"url":null,"entity_id":"Q8680","candidates":[]}]],[[{"start":0,"end":16,"url":null,"entity_id":"Q33143","candidates":[]}],[{"start":0,"end":18,"url":null,"entity_id":"Q663405","candidates":[]}],[{"start":0,"end":18,"url":null,"entity_id":"Q7738","candidates":[]}]],[[{"start":0,"end":20,"url":null,"entity_id":"Q12583","candidates":[]}],[{"start":0,"end":26,"url":null,"entity_id":"Q1999889","candidates":[]}],[{"start":0,"end":24,"url":null,"entity_id":"Q30","candidates":[]}]],[[{"start":0,"end":27,"url":null,"entity_id":"Q26749","candidates":[]}],[{"start":0,"end":23,"url":null,"entity_id":"Q944941","candidates":[]}],[{"start":0,"end":5,"url":null,"entity_id":"Q29","candidates":[]}]],[[{"start":0,"end":17,"url":null,"entity_id":"Q617321","candidates":[]}],[{"start":0,"end":23,"url":null,"entity_id":"Q233663","candidates":[]}],[{"start":0,"end":18,"url":null,"entity_id":"Q83164","candidates":[]}]],[[{"start":0,"end":23,"url":null,"entity_id":"Q233507","candidates":[]}],[{"start":0,"end":17,"url":null,"entity_id":"Q548625","candidates":[]}],[{"start":0,"end":14,"url":null,"entity_id":"Q8680","candidates":[]}]],[[{"start":0,"end":10,"url":null,"entity_id":"Q220984","candidates":[]}],[{"start":0,"end":16,"url":null,"entity_id":"Q418151","candidates":[]}],[{"start":0,"end":6,"url":null,"entity_id":"Q142","candidates":[]}]],[[{"start":0,"end":19,"url":null,"entity_id":"Q510588","candidates":[]}],[{"start":0,"end":16,"url":null,"entity_id":"Q2236788","candidates":[]}],[{"start":0,"end":17,"url":null,"entity_id":"Q12548","candidates":[]}]],[[{"start":0,"end":18,"url":null,"entity_id":"Q500409","candidates":[]}],[{"start":0,"end":24,"url":null,"entity_id":"Q858108","candidates":[]}],[{"start":0,"end":12,"url":null,"entity_id":"Q2277","candidates":[]}]]]}