{"version":"1.2","table":{"version":"2","table_id":"9ACEI1BH","columns":[{"index":0,"name":"col0","values":["Central Methodist University","Centenary College of Louisiana","Centenary College of New Jersey","Central Baptist College","Charleston Southern University","Chatfield College","Christian Brothers University","Goshen College","Hebrew Union College – Jewish Institute of Religion – Cincinnati","St. Olaf College","General Theological Seminary","Southern Methodist University","Liberty University","Gonzaga University","Saint Joseph's University","Providence College","Villanova University","Loyola University Chicago","The King's College","North Park University"]},{"index":1,"name":"col1","values":["411 Central Methodist Square, Fayette, MO, 65248-1198","2911 Centenary Boulevard, Shreveport, LA, 71134-1188","400 Jefferson St, Hackettstown, NJ, 07840","1501 College Avenue, Conway, AR, 72034","9200 University Blvd, Charleston, SC, 29406-9121","20918 State Route 251, Saint Martin, OH, 45118-9705","650 East Parkway South, Memphis, TN, 38104","1700 S Main St, Goshen, IN, 46526-4794","One W 4th St, New York, NY, 10012-1186","1520 St Olaf Ave, Northfield, MN, 55057-1098","440 West 21st Street, New York, NY, 10011","6425 Boaz St, Dallas, TX, 75275-0221","1971 University Blvd, Lynchburg, VA, 24515","E 502 Boone Ave, Spokane, WA, 99258-0001","5600 City Avenue, Philadelphia, PA, 19131-1395","1 Cunningham Square","800 Lancaster Avenue, Villanova, PA, 19085-1699","1032 W. Sheridan Rd, Chicago, IL, 60660","56 Broadway, New York, NY, 10004","3225 W Foster Ave, Chicago, IL, 60625-4895"]},{"index":2,"name":"col2","values":["baccalaureate colleges: diverse fields","baccalaureate colleges: arts and sciences focus","master's colleges and universities: medium programs","baccalaureate colleges: diverse fields","master's colleges and universities: medium programs","associate's colleges: high transfer-high traditional","master's colleges and universities: medium programs","baccalaureate colleges: diverse fields","special focus four-year: faith-related institutions","baccalaureate colleges: arts and sciences focus","special focus four-year: faith-related institutions","doctoral university: higher research activity","doctoral university: moderate research activity","master's colleges and universities: larger programs","master's colleges and universities: larger programs","master's colleges and universities: larger programs","doctoral university: moderate research activity","doctoral university: higher research activity","baccalaureate colleges: arts and sciences focus","master's colleges and universities: larger programs"]},{"index":3,"name":"col3","values":["United Methodist Church","United Methodist Church","United Methodist Church","Baptists","Baptists","Catholic Church","Catholic Church","Mennonite Church USA","Reform Judaism","Evangelical Lutheran Church in America","Episcopal Church","United Methodist Church","Evangelicalism","Catholic Church","Catholic Church","Catholic Church","Catholic Church","Catholic Church","interdenominational organization","Evangelical Covenant Church"]}]},"context":{"page_title":null,"page_url":null,"page_entity_id":null,"content_hierarchy":[]},"links":[[[{"start":0,"end":28,"url":null,"entity_id":"Q5061424","candidates":[]}],[],[{"start":0,"end":38,"url":null,"entity_id":"Q23336120","candidates":[]}],[{"start":0,"end":23,"url":null,"entity_id":"Q329646","candidates":[]}]],[[{"start":0,"end":30,"url":null,"entity_id":"Q5059076","candidates":[]}],[],[{"start":0,"end":47,"url":null,"entity_id":"Q23336065","candidates":[]}],[{"start":0,"end":23,"url":null,"entity_id":"Q329646","candidates":[]}]],[[{"start":0,"end":31,"url":null,"entity_id":"Q5059073","candidates":[]}],[],[{"start":0,"end":51,"url":null,"entity_id":"Q23335494","candidates":[]}],[{"start":0,"end":23,"url":null,"entity_id":"Q329646","candidates":[]}]],[[{"start":0,"end":23,"url":null,"entity_id":"Q5060434","candidates":[]}],[],[{"start":0,"end":38,"url":null,"entity_id":"Q23336120","candidates":[]}],[{"start":0,"end":8,"url":null,"entity_id":"Q93191","candidates":[]}]],[[{"start":0,"end":30,"url":null,"entity_id":"Q5084184","candidates":[]}],[],[{"start":0,"end":51,"url":null,"entity_id":"Q23335494","candidates":[]}],[{"start":0,"end":8,"url":null,"entity_id":"Q93191","candidates":[]}]],[[{"start":0,"end":17,"url":null,"entity_id":"Q5087595","candidates":[]}],[],[{"start":0,"end":52,"url":null,"entity_id":"Q23542874","candidates":[]}],[{"start":0,"end":15,"url":null,"entity_id":"Q9592","candidates":[]}]],[[{"start":0,"end":29,"url":null,"entity_id":"Q5109383","candidates":[]}],[],[{"start":0,"end":51,"url":null,"entity_id":"Q23335494","candidates":[]}],[{"start":0,"end":15,"url":null,"entity_id":"Q9592","candidates":[]}]],[[{"start":0,"end":14,"url":null,"entity_id":"Q1538540","candidates":[]}],[],[{"start":0,"end":38,"url":null,"entity_id":"Q23336120","candidates":[]}],[{"start":0,"end":20,"url":null,"entity_id":"Q1920636","candidates":[]}]],[[{"start":0,"end":64,"url":null,"entity_id":"Q1526305","candidates":[]}],[],[{"start":0,"end":51,"url":null,"entity_id":"Q23542856","candidates":[]}],[{"start":0,"end":14,"url":null,"entity_id":"Q1133485","candidates":[]}]],[[{"start":0,"end":16,"url":null,"entity_id":"Q1515763","candidates":[]}],[],[{"start":0,"end":47,"url":null,"entity_id":"Q23336065","candidates":[]}],[{"start":0,"end":38,"url":null,"entity_id":"Q730726","candidates":[]}]],[[{"start":0,"end":28,"url":null,"entity_id":"Q1501676","candidates":[]}],[],[{"start":0,"end":51,"url":null,"entity_id":"Q23542856","candidates":[]}],[{"start":0,"end":16,"url":null,"entity_id":"Q682443","candidates":[]}]],[[{"start":0,"end":29,"url":null,"entity_id":"Q1536258","candidates":[]}],[],[{"start":0,"end":45,"url":null,"entity_id":"Q23334891","candidates":[]}],[{"start":0,"end":23,"url":null,"entity_id":"Q329646","candidates":[]}]],[[{"start":0,"end":18,"url":null,"entity_id":"Q1468607","candidates":[]}],[],[{"start":0,"end":47,"url":null,"entity_id":"Q23334993","candidates":[]}],[{"start":0,"end":14,"url":null,"entity_id":"Q194253","candidates":[]}]],[[{"start":0,"end":18,"url":null,"entity_id":"Q1537303","candidates":[]}],[],[{"start":0,"end":51,"url":null,"entity_id":"Q23335394","candidates":[]}],[{"start":0,"end":15,"url":null,"entity_id":"Q9592","candidates":[]}]],[[{"start":0,"end":25,"url":null,"entity_id":"Q1475413","candidates":[]}],[],[{"start":0,"end":51,"url":null,"entity_id":"Q23335394","candidates":[]}],[{"start":0,"end":15,"url":null,"entity_id":"Q9592","candidates":[]}]],[[{"start":0,"end":18,"url":null,"entity_id":"Q1439629","candidates":[]}],[],[{"start":0,"end":51,"url":null,"entity_id":"Q23335394","candidates":[]}],[{"start":0,"end":15,"url":null,"entity_id":"Q9592","candidates":[]}]],[[{"start":0,"end":20,"url":null,"entity_id":"Q1466001","candidates":[]}],[],[{"start":0,"end":47,"url":null,"entity_id":"Q23334993","candidates":[]}],[{"start":0,"end":15,"url":null,"entity_id":"Q9592","candidates":[]}]],[[{"start":0,"end":25,"url":null,"entity_id":"Q1537759","candidates":[]}],[],[{"start":0,"end":45,"url":null,"entity_id":"Q23334891","candidates":[]}],[{"start":0,"end":15,"url":null,"entity_id":"Q9592","candidates":[]}]],[[{"start":0,"end":18,"url":null,"entity_id":"Q3521483","candidates":[]}],[],[{"start":0,"end":47,"url":null,"entity_id":"Q23336065","candidates":[]}],[{"start":0,"end":32,"url":null,"entity_id":"Q21747520","candidates":[]}]],[[{"start":0,"end":21,"url":null,"entity_id":"Q3551466","candidates":[]}],[],[{"start":0,"end":51,"url":null,"entity_id":"Q23335394","candidates":[]}],[{"start":0,"end":27,"url":null,"entity_id":"Q5415672","candidates":[]}]]]}