{"version":"1.2","table":{"version":"2","table_id":"9AK6UP90","columns":[{"index":0,"name":"col0","values":["Action of 17 November 1917","Naval Battle of Kaliakra","Battle of Sandwich","Battle of Portland","Battle of Beachy Head","Battle of Groix","Battle of Augusta","Battle of Sluis","Battle of Sulci","Battle of the Aegates Islands","Battle of the Strait of Otranto","Battle of Plattsburgh","Battle of Galveston Harbor","Singeing the King of Spain's Beard","Battle of Santa Cruz de Tenerife","Battle of Playa Honda","Battle of Cape Palos","Expédition d'Irlande","Battle of Bantry Bay","Battle of Dan-no-ura"]},{"index":1,"name":"col1","values":["World War I","First Balkan War","First Barons' War","First Anglo-Dutch War","Nine Years' War","French Revolutionary Wars","Franco-Dutch War","Eighty Years' War","First Punic War","First Punic War","World War I","War of 1812","American Civil War","Anglo-Spanish War","Anglo-Spanish War","Eighty Years' War","Spanish Civil War","French Revolutionary Wars","Nine Years' War","Genpei War"]},{"index":2,"name":"col2","values":["German Reich","Bulgaria","United Kingdom","United Kingdom","United Kingdom","France","Netherlands","Netherlands","Italy","Italy","Italy","United States of America","United States of America","Spain","Spain","Spain","Spain","Ireland","Ireland","Japan"]}]},"context":{"page_title":null,"page_url":null,"page_entity_id":null,"content_hierarchy":[]},"links":[[[{"start":0,"end":24,"url":null,"entity_id":"Q959066","candidates":[]}],[{"start":0,"end":16,"url":null,"entity_id":"Q177918","candidates":[]}],[{"start":0,"end":8,"url":null,"entity_id":"Q219","candidates":[]}]],[[{"start":0,"end":18,"url":null,"entity_id":"Q1136870","candidates":[]}],[{"start":0,"end":17,"url":null,"entity_id":"Q2086498","candidates":[]}],[{"start":0,"end":14,"url":null,"entity_id":"Q145","candidates":[]}]],[[{"start":0,"end":18,"url":null,"entity_id":"Q2003416","candidates":[]}],[{"start":0,"end":21,"url":null,"entity_id":"Q1151913","candidates":[]}],[{"start":0,"end":14,"url":null,"entity_id":"Q145","candidates":[]}]],[[{"start":0,"end":21,"url":null,"entity_id":"Q1248605","candidates":[]}],[{"start":0,"end":15,"url":null,"entity_id":"Q152218","candidates":[]}],[{"start":0,"end":14,"url":null,"entity_id":"Q145","candidates":[]}]],[[{"start":0,"end":15,"url":null,"entity_id":"Q1028247","candidates":[]}],[{"start":0,"end":25,"url":null,"entity_id":"Q207318","candidates":[]}],[{"start":0,"end":6,"url":null,"entity_id":"Q142","candidates":[]}]],[[{"start":0,"end":17,"url":null,"entity_id":"Q939845","candidates":[]}],[{"start":0,"end":16,"url":null,"entity_id":"Q646322","candidates":[]}],[{"start":0,"end":11,"url":null,"entity_id":"Q55","candidates":[]}]],[[{"start":0,"end":15,"url":null,"entity_id":"Q2114424","candidates":[]}],[{"start":0,"end":17,"url":null,"entity_id":"Q164432","candidates":[]}],[{"start":0,"end":11,"url":null,"entity_id":"Q55","candidates":[]}]],[[{"start":0,"end":15,"url":null,"entity_id":"Q1886703","candidates":[]}],[{"start":0,"end":15,"url":null,"entity_id":"Q6286","candidates":[]}],[{"start":0,"end":5,"url":null,"entity_id":"Q38","candidates":[]}]],[[{"start":0,"end":29,"url":null,"entity_id":"Q1134649","candidates":[]}],[{"start":0,"end":15,"url":null,"entity_id":"Q6286","candidates":[]}],[{"start":0,"end":5,"url":null,"entity_id":"Q38","candidates":[]}]],[[{"start":0,"end":31,"url":null,"entity_id":"Q1034037","candidates":[]}],[{"start":0,"end":11,"url":null,"entity_id":"Q361","candidates":[]}],[{"start":0,"end":5,"url":null,"entity_id":"Q38","candidates":[]}]],[[{"start":0,"end":21,"url":null,"entity_id":"Q2237111","candidates":[]}],[{"start":0,"end":11,"url":null,"entity_id":"Q26013","candidates":[]}],[{"start":0,"end":24,"url":null,"entity_id":"Q30","candidates":[]}]],[[{"start":0,"end":26,"url":null,"entity_id":"Q2087443","candidates":[]}],[{"start":0,"end":18,"url":null,"entity_id":"Q8676","candidates":[]}],[{"start":0,"end":24,"url":null,"entity_id":"Q30","candidates":[]}]],[[{"start":0,"end":34,"url":null,"entity_id":"Q957491","candidates":[]}],[{"start":0,"end":17,"url":null,"entity_id":"Q430726","candidates":[]}],[{"start":0,"end":5,"url":null,"entity_id":"Q29","candidates":[]}]],[[{"start":0,"end":32,"url":null,"entity_id":"Q1325495","candidates":[]}],[{"start":0,"end":17,"url":null,"entity_id":"Q369291","candidates":[]}],[{"start":0,"end":5,"url":null,"entity_id":"Q29","candidates":[]}]],[[{"start":0,"end":21,"url":null,"entity_id":"Q1933282","candidates":[]}],[{"start":0,"end":17,"url":null,"entity_id":"Q164432","candidates":[]}],[{"start":0,"end":5,"url":null,"entity_id":"Q29","candidates":[]}]],[[{"start":0,"end":20,"url":null,"entity_id":"Q1764042","candidates":[]}],[{"start":0,"end":17,"url":null,"entity_id":"Q10859","candidates":[]}],[{"start":0,"end":5,"url":null,"entity_id":"Q29","candidates":[]}]],[[{"start":0,"end":20,"url":null,"entity_id":"Q2113036","candidates":[]}],[{"start":0,"end":25,"url":null,"entity_id":"Q207318","candidates":[]}],[{"start":0,"end":7,"url":null,"entity_id":"Q27","candidates":[]}]],[[{"start":0,"end":20,"url":null,"entity_id":"Q2096337","candidates":[]}],[{"start":0,"end":15,"url":null,"entity_id":"Q152218","candidates":[]}],[{"start":0,"end":7,"url":null,"entity_id":"Q27","candidates":[]}]],[[{"start":0,"end":20,"url":null,"entity_id":"Q968676","candidates":[]}],[{"start":0,"end":10,"url":null,"entity_id":"Q737542","candidates":[]}],[{"start":0,"end":5,"url":null,"entity_id":"Q17","candidates":[]}]],[[{"start":0,"end":26,"url":null,"entity_id":"Q2207327","candidates":[]}],[{"start":0,"end":11,"url":null,"entity_id":"Q361","candidates":[]}],[{"start":0,"end":12,"url":null,"entity_id":"Q1206012","candidates":[]}]]]}