{"version":"1.2","table":{"version":"2","table_id":"9AWN91YG","columns":[{"index":0,"name":"col0","values":["Cala Ca's Xirimier","Jondal","Es Cuco","Sa Caixota","Cala d'Es Cubells","Cala Llentrisca","Pont de Baix","Cala s'Almonia","Caló d'En Calders","Caló d'Es Porcs","Cala d'Es Jonc","Platja Perales","Cala Roja","Cala del Pinar o del Faralló","Sa Cova","Port de Valldemossa","Sa Font Figuera","Caló de S'Estaca","Fondalet","Cala Dèntol"]},{"index":1,"name":"col1","values":["5","43","12","13","80","15","40","10","8","4","10","5","10","20","6","15","10","8","10","5"]},{"index":2,"name":"col2","values":["Estellencs","Sant Josep de sa Talaia","Sant Josep de sa Talaia","Sant Josep de sa Talaia","Sant Josep de sa Talaia","Sant Josep de sa Talaia","Sant Josep de sa Talaia","Santanyí","Sant Joan de Labritja","Sant Joan de Labritja","Sant Joan de Labritja","L'Ampolla","Santa Eulària des Riu","Vinaròs","Valldemossa","Valldemossa","Valldemossa","Valldemossa","Benicarló","Artà"]},{"index":3,"name":"col3","values":["40","480","110","290","720","120","300","30","30","80","40","100","40","90","20","90","40","30","1500","10"]}]},"context":{"page_title":null,"page_url":null,"page_entity_id":null,"content_hierarchy":[]},"links":[[[{"start":0,"end":18,"url":null,"entity_id":"Q28120403","candidates":[]}],[],[{"start":0,"end":10,"url":null,"entity_id":"Q988702","candidates":[]}],[]],[[{"start":0,"end":6,"url":null,"entity_id":"Q28120183","candidates":[]}],[],[{"start":0,"end":23,"url":null,"entity_id":"Q983635","candidates":[]}],[]],[[{"start":0,"end":7,"url":null,"entity_id":"Q28120181","candidates":[]}],[],[{"start":0,"end":23,"url":null,"entity_id":"Q983635","candidates":[]}],[]],[[{"start":0,"end":10,"url":null,"entity_id":"Q28120180","candidates":[]}],[],[{"start":0,"end":23,"url":null,"entity_id":"Q983635","candidates":[]}],[]],[[{"start":0,"end":17,"url":null,"entity_id":"Q28120178","candidates":[]}],[],[{"start":0,"end":23,"url":null,"entity_id":"Q983635","candidates":[]}],[]],[[{"start":0,"end":15,"url":null,"entity_id":"Q28120177","candidates":[]}],[],[{"start":0,"end":23,"url":null,"entity_id":"Q983635","candidates":[]}],[]],[[{"start":0,"end":12,"url":null,"entity_id":"Q28119852","candidates":[]}],[],[{"start":0,"end":23,"url":null,"entity_id":"Q983635","candidates":[]}],[]],[[{"start":0,"end":14,"url":null,"entity_id":"Q28120223","candidates":[]}],[],[{"start":0,"end":8,"url":null,"entity_id":"Q983633","candidates":[]}],[]],[[{"start":0,"end":17,"url":null,"entity_id":"Q28120227","candidates":[]}],[],[{"start":0,"end":21,"url":null,"entity_id":"Q983628","candidates":[]}],[]],[[{"start":0,"end":15,"url":null,"entity_id":"Q28120226","candidates":[]}],[],[{"start":0,"end":21,"url":null,"entity_id":"Q983628","candidates":[]}],[]],[[{"start":0,"end":14,"url":null,"entity_id":"Q28120192","candidates":[]}],[],[{"start":0,"end":21,"url":null,"entity_id":"Q983628","candidates":[]}],[]],[[{"start":0,"end":14,"url":null,"entity_id":"Q28119778","candidates":[]}],[],[{"start":0,"end":9,"url":null,"entity_id":"Q983572","candidates":[]}],[]],[[{"start":0,"end":9,"url":null,"entity_id":"Q28120140","candidates":[]}],[],[{"start":0,"end":21,"url":null,"entity_id":"Q983465","candidates":[]}],[]],[[{"start":0,"end":28,"url":null,"entity_id":"Q28120347","candidates":[]}],[],[{"start":0,"end":7,"url":null,"entity_id":"Q917888","candidates":[]}],[]],[[{"start":0,"end":7,"url":null,"entity_id":"Q28120454","candidates":[]}],[],[{"start":0,"end":11,"url":null,"entity_id":"Q832967","candidates":[]}],[]],[[{"start":0,"end":19,"url":null,"entity_id":"Q28120401","candidates":[]}],[],[{"start":0,"end":11,"url":null,"entity_id":"Q832967","candidates":[]}],[]],[[{"start":0,"end":15,"url":null,"entity_id":"Q28120400","candidates":[]}],[],[{"start":0,"end":11,"url":null,"entity_id":"Q832967","candidates":[]}],[]],[[{"start":0,"end":16,"url":null,"entity_id":"Q28120399","candidates":[]}],[],[{"start":0,"end":11,"url":null,"entity_id":"Q832967","candidates":[]}],[]],[[{"start":0,"end":8,"url":null,"entity_id":"Q28120334","candidates":[]}],[],[{"start":0,"end":9,"url":null,"entity_id":"Q817302","candidates":[]}],[]],[[{"start":0,"end":11,"url":null,"entity_id":"Q28120433","candidates":[]}],[],[{"start":0,"end":4,"url":null,"entity_id":"Q715970","candidates":[]}],[]]]}