{"version":"1.2","table":{"version":"2","table_id":"9B00D2RL","columns":[{"index":0,"name":"col0","values":["Kawabe District","MinamiSaitama District","Kodama District, Saitama","Iwate District","Mishima District, Osaka","Senboku District, Osaka","Agatsuma District, Gunma","Shimoniikawa District","Ōi District","Watari District","Hiki District","Ōsato District","Minamikawachi District","Kazuno District","Sennan District","Toyono District","Kitatsugaru District","Kita-Adachi District","Iruma District","Sambu District"]},{"index":1,"name":"col1","values":["90.33","15.95","109.99","1404.24","16.81","3.97","1278.27","297.61","284.59","137.69","281.84","64.17","76.73","201.7","72.04","133.09","304.65","14.79","89.79","134.1"]},{"index":2,"name":"col2","values":["30717","34073","54891","36326","29962","16831","58149","38771","20199","46194","135947","34619","34709","5147","67702","27587","37427","44626","86803","49488"]}]},"context":{"page_title":null,"page_url":null,"page_entity_id":null,"content_hierarchy":[]},"links":[[[{"start":0,"end":22,"url":null,"entity_id":"Q939030","candidates":[]}],[],[]],[[{"start":0,"end":24,"url":null,"entity_id":"Q938038","candidates":[]}],[],[]],[[{"start":0,"end":14,"url":null,"entity_id":"Q786450","candidates":[]}],[],[]],[[{"start":0,"end":23,"url":null,"entity_id":"Q783553","candidates":[]}],[],[]],[[{"start":0,"end":23,"url":null,"entity_id":"Q646275","candidates":[]}],[],[]],[[{"start":0,"end":24,"url":null,"entity_id":"Q642394","candidates":[]}],[],[]],[[{"start":0,"end":21,"url":null,"entity_id":"Q634439","candidates":[]}],[],[]],[[{"start":0,"end":11,"url":null,"entity_id":"Q384971","candidates":[]}],[],[]],[[{"start":0,"end":15,"url":null,"entity_id":"Q1131765","candidates":[]}],[],[]],[[{"start":0,"end":13,"url":null,"entity_id":"Q1075201","candidates":[]}],[],[]],[[{"start":0,"end":14,"url":null,"entity_id":"Q1075196","candidates":[]}],[],[]],[[{"start":0,"end":22,"url":null,"entity_id":"Q1347323","candidates":[]}],[],[]],[[{"start":0,"end":15,"url":null,"entity_id":"Q1206203","candidates":[]}],[],[]],[[{"start":0,"end":15,"url":null,"entity_id":"Q1205635","candidates":[]}],[],[]],[[{"start":0,"end":15,"url":null,"entity_id":"Q1205516","candidates":[]}],[],[]],[[{"start":0,"end":20,"url":null,"entity_id":"Q1155891","candidates":[]}],[],[]],[[{"start":0,"end":20,"url":null,"entity_id":"Q1155020","candidates":[]}],[],[]],[[{"start":0,"end":14,"url":null,"entity_id":"Q1153801","candidates":[]}],[],[]],[[{"start":0,"end":14,"url":null,"entity_id":"Q1153740","candidates":[]}],[],[]],[[{"start":0,"end":15,"url":null,"entity_id":"Q1042053","candidates":[]}],[],[]]]}