{"version":"1.2","table":{"version":"2","table_id":"9BQJ4JEN","columns":[{"index":0,"name":"col0","values":["Sherlock Gnomes","Ready Player One","Pete's Dragon","Star Wars: Episode VIII – The Last Jedi","Captain America: Civil War","Alice Through the Looking Glass","The Jungle Book","Abominable","Dark Phoenix","Rampage","Zootopia","Avengers: Age of Ultron","Finding Dory","Captain America: The First Avenger","Thor","The Avengers","Titanic","Star Wars Episode VII: The Force Awakens","Guardians of the Galaxy","Thor: The Dark World"]},{"index":1,"name":"col1","values":["86","140","102","152","147","113","107","92","114","107","108","141","103","124","114","142","194","135","121","112"]},{"index":2,"name":"col2","values":["59000000","175000000","65000000","200000000","250000000","170000000","175000000","75000000","200000000","120000000","150000000","250000000","200000000","140000000","150000000","220000000","200000000","215000000","170000000","170000000"]},{"index":3,"name":"col3","values":["3030584","582890172","77391033","42577974","9661886.93","4238576","966550600","56904720","8515000","428028233","13618290.92","12076641.76","3235426.97","370569774","8531647.98","623357910","659363944","88527046","772776600","644783140"]},{"index":4,"name":"col4","values":["220944","2198495","3492","1428704","1711573","734816","2959083","95643","208455","344794","2364677","2113248","608660","887376","1184549","2393746","1428544","2089446","1362516","1021672"]}]},"context":{"page_title":null,"page_url":null,"page_entity_id":null,"content_hierarchy":[]},"links":[[[{"start":0,"end":16,"url":null,"entity_id":"Q22000542","candidates":[]}],[],[],[],[]],[[{"start":0,"end":13,"url":null,"entity_id":"Q18786473","candidates":[]}],[],[],[],[]],[[{"start":0,"end":39,"url":null,"entity_id":"Q18486021","candidates":[]}],[],[],[],[]],[[{"start":0,"end":26,"url":null,"entity_id":"Q18407657","candidates":[]}],[],[],[],[]],[[{"start":0,"end":31,"url":null,"entity_id":"Q17485699","candidates":[]}],[],[],[],[]],[[{"start":0,"end":15,"url":null,"entity_id":"Q16857406","candidates":[]}],[],[],[],[]],[[{"start":0,"end":10,"url":null,"entity_id":"Q55087665","candidates":[]}],[],[],[],[]],[[{"start":0,"end":12,"url":null,"entity_id":"Q31188935","candidates":[]}],[],[],[],[]],[[{"start":0,"end":7,"url":null,"entity_id":"Q29470162","candidates":[]}],[],[],[],[]],[[{"start":0,"end":8,"url":null,"entity_id":"Q15270647","candidates":[]}],[],[],[],[]],[[{"start":0,"end":23,"url":null,"entity_id":"Q14171368","candidates":[]}],[],[],[],[]],[[{"start":0,"end":12,"url":null,"entity_id":"Q9321426","candidates":[]}],[],[],[],[]],[[{"start":0,"end":34,"url":null,"entity_id":"Q275120","candidates":[]}],[],[],[],[]],[[{"start":0,"end":4,"url":null,"entity_id":"Q217020","candidates":[]}],[],[],[],[]],[[{"start":0,"end":12,"url":null,"entity_id":"Q182218","candidates":[]}],[],[],[],[]],[[{"start":0,"end":7,"url":null,"entity_id":"Q44578","candidates":[]}],[],[],[],[]],[[{"start":0,"end":40,"url":null,"entity_id":"Q6074","candidates":[]}],[],[],[],[]],[[{"start":0,"end":23,"url":null,"entity_id":"Q5887360","candidates":[]}],[],[],[],[]],[[{"start":0,"end":20,"url":null,"entity_id":"Q1201853","candidates":[]}],[],[],[],[]],[[{"start":0,"end":15,"url":null,"entity_id":"Q24904727","candidates":[]}],[],[],[],[]]]}