{"version":"1.2","table":{"version":"2","table_id":"9DMICRL3","columns":[{"index":0,"name":"col0","values":["Zona 17","Scuola Infanzia Gemenlini Asta","Carlo ollodi","Castel S.G. Cas. Via Tufara","Palestrina I - C.W.","Via Trnto","Via Xxv Aprime","Gianni Rpdari","Sale - L'Isola Dei ambin","Na!Ic - Alfredo Oriani","Via Farina Infcnzia","Scuola Materna Pettenaseo","Via P.E. Valera","Corso Garibadi","Biella  erruti","S.Giovanni Bovco","E.Castroovo","Ginni Rodari","Damiano Chiea","Colloreo Di Montalbano","Nuccio G.E","Freccia Azzurra Terruggid","ia DeMaio","Via Giuseppe Vani","Lammari Giann Rodari","Castelplanio - Mackne","Caali - Reg. Siciliana","Trenta - Mag","A.Caarelli","Via Plestro","Via D. Galiberti","ia Nomentum","Fabrizio Guerrini-Asbia"]},{"index":1,"name":"col1","values":["Vernole","Trapani","Dicomano","Castel San Giorgio","Palestrina","Brolo","Alliste","Celenza Valfortore","Sale","Naples","Villacidro","Pettenasco","Chieti","Spilinga","Biella","Naro","Messina","Sedriano","Florence","Colloredo di Monte Albano","Palermo","Terruggia","Grammichele","Rome","Capannori","Castelplanio","Piazza Armerina","Casali del Manco","Agropoli","San Giovanni Rotondo","Misterbianco","Rome","Asciano"]},{"index":2,"name":"col2","values":["A. Diaz","I.C. E. Pertini","Desiderio Da Settignano","Ist.Compr. Castel San Giorgio","Ic  G. Mameli","Brolo","Alliste","Monti Dauni","Castelnuovo-Bassa Valle Scrivia","Na - I.C. 51 Oriani-Guarino","I.C. N. 1 - A.Loru (Villacidro)","Istituto Comprensivo San Giulio","I. C. Chieti N.2","Istituto Comprensivo Di Ricadi","Ic Biella Iii","Ic - S.G. Bosco","I.C. Villa Lina-Ritirome","Ic Matteotti-Sedriano","Galluzzo","G.B. Tiepolo - Pagnacco","I.C. G. E. Nuccio -Pa","Ozzano M.To/Vignale M.To","G.Galilei - G.Mazzini","Nando Martellini","I.C. Ilio Micheloni Lammari","Moie Carlo Urbani","F.Cordova (Aidone)","I.C. T. Cornelio Rovito","D.D. I Circolo Agropoli","G. Pascoli - Forgione","Ic Gabelli Misterbianco","Mahatma Gandhi","Ic Sandro Pertini"]}]},"context":{"page_title":null,"page_url":null,"page_entity_id":null,"content_hierarchy":[]},"links":[[[{"start":0,"end":7,"url":null,"entity_id":"Q52753035","candidates":[]}],[{"start":0,"end":7,"url":null,"entity_id":"Q52220","candidates":[]}],[{"start":0,"end":7,"url":null,"entity_id":"Q52747514","candidates":[]}]],[[{"start":0,"end":30,"url":null,"entity_id":"Q52753389","candidates":[]}],[{"start":0,"end":7,"url":null,"entity_id":"Q13664","candidates":[]}],[{"start":0,"end":15,"url":null,"entity_id":"Q52747182","candidates":[]}]],[[{"start":0,"end":12,"url":null,"entity_id":"Q52753193","candidates":[]}],[{"start":0,"end":8,"url":null,"entity_id":"Q82647","candidates":[]}],[{"start":0,"end":23,"url":null,"entity_id":"Q52746955","candidates":[]}]],[[{"start":0,"end":27,"url":null,"entity_id":"Q52752891","candidates":[]}],[{"start":0,"end":18,"url":null,"entity_id":"Q80773","candidates":[]}],[{"start":0,"end":29,"url":null,"entity_id":"Q52746658","candidates":[]}]],[[{"start":0,"end":19,"url":null,"entity_id":"Q52752682","candidates":[]}],[{"start":0,"end":10,"url":null,"entity_id":"Q243133","candidates":[]}],[{"start":0,"end":13,"url":null,"entity_id":"Q52746472","candidates":[]}]],[[{"start":0,"end":9,"url":null,"entity_id":"Q52799038","candidates":[]}],[{"start":0,"end":5,"url":null,"entity_id":"Q495798","candidates":[]}],[{"start":0,"end":5,"url":null,"entity_id":"Q52847883","candidates":[]}]],[[{"start":0,"end":14,"url":null,"entity_id":"Q52799521","candidates":[]}],[{"start":0,"end":7,"url":null,"entity_id":"Q52112","candidates":[]}],[{"start":0,"end":7,"url":null,"entity_id":"Q52792641","candidates":[]}]],[[{"start":0,"end":13,"url":null,"entity_id":"Q52797726","candidates":[]}],[{"start":0,"end":18,"url":null,"entity_id":"Q51922","candidates":[]}],[{"start":0,"end":11,"url":null,"entity_id":"Q52930536","candidates":[]}]],[[{"start":0,"end":24,"url":null,"entity_id":"Q52797961","candidates":[]}],[{"start":0,"end":4,"url":null,"entity_id":"Q17660","candidates":[]}],[{"start":0,"end":31,"url":null,"entity_id":"Q52924943","candidates":[]}]],[[{"start":0,"end":22,"url":null,"entity_id":"Q52798195","candidates":[]}],[{"start":0,"end":6,"url":null,"entity_id":"Q2634","candidates":[]}],[{"start":0,"end":27,"url":null,"entity_id":"Q52924634","candidates":[]}]],[[{"start":0,"end":19,"url":null,"entity_id":"Q52797991","candidates":[]}],[{"start":0,"end":10,"url":null,"entity_id":"Q13654","candidates":[]}],[{"start":0,"end":31,"url":null,"entity_id":"Q52921296","candidates":[]}]],[[{"start":0,"end":25,"url":null,"entity_id":"Q52798112","candidates":[]}],[{"start":0,"end":10,"url":null,"entity_id":"Q22554","candidates":[]}],[{"start":0,"end":31,"url":null,"entity_id":"Q52919098","candidates":[]}]],[[{"start":0,"end":15,"url":null,"entity_id":"Q52798048","candidates":[]}],[{"start":0,"end":6,"url":null,"entity_id":"Q13138","candidates":[]}],[{"start":0,"end":16,"url":null,"entity_id":"Q52903515","candidates":[]}]],[[{"start":0,"end":14,"url":null,"entity_id":"Q52797572","candidates":[]}],[{"start":0,"end":8,"url":null,"entity_id":"Q54745","candidates":[]}],[{"start":0,"end":30,"url":null,"entity_id":"Q52902751","candidates":[]}]],[[{"start":0,"end":14,"url":null,"entity_id":"Q52797594","candidates":[]}],[{"start":0,"end":6,"url":null,"entity_id":"Q18021","candidates":[]}],[{"start":0,"end":13,"url":null,"entity_id":"Q52902660","candidates":[]}]],[[{"start":0,"end":16,"url":null,"entity_id":"Q52798027","candidates":[]}],[{"start":0,"end":4,"url":null,"entity_id":"Q432009","candidates":[]}],[{"start":0,"end":15,"url":null,"entity_id":"Q52900432","candidates":[]}]],[[{"start":0,"end":11,"url":null,"entity_id":"Q52797789","candidates":[]}],[{"start":0,"end":7,"url":null,"entity_id":"Q13666","candidates":[]}],[{"start":0,"end":24,"url":null,"entity_id":"Q52895384","candidates":[]}]],[[{"start":0,"end":12,"url":null,"entity_id":"Q52797994","candidates":[]}],[{"start":0,"end":8,"url":null,"entity_id":"Q42990","candidates":[]}],[{"start":0,"end":21,"url":null,"entity_id":"Q52857266","candidates":[]}]],[[{"start":0,"end":13,"url":null,"entity_id":"Q52797729","candidates":[]}],[{"start":0,"end":8,"url":null,"entity_id":"Q2044","candidates":[]}],[{"start":0,"end":8,"url":null,"entity_id":"Q52854931","candidates":[]}]],[[{"start":0,"end":22,"url":null,"entity_id":"Q52798029","candidates":[]}],[{"start":0,"end":25,"url":null,"entity_id":"Q53248","candidates":[]}],[{"start":0,"end":23,"url":null,"entity_id":"Q52854646","candidates":[]}]],[[{"start":0,"end":10,"url":null,"entity_id":"Q52797810","candidates":[]}],[{"start":0,"end":7,"url":null,"entity_id":"Q2656","candidates":[]}],[{"start":0,"end":21,"url":null,"entity_id":"Q52847874","candidates":[]}]],[[{"start":0,"end":25,"url":null,"entity_id":"Q52798035","candidates":[]}],[{"start":0,"end":9,"url":null,"entity_id":"Q17683","candidates":[]}],[{"start":0,"end":24,"url":null,"entity_id":"Q52838602","candidates":[]}]],[[{"start":0,"end":9,"url":null,"entity_id":"Q52797706","candidates":[]}],[{"start":0,"end":11,"url":null,"entity_id":"Q478330","candidates":[]}],[{"start":0,"end":21,"url":null,"entity_id":"Q52838118","candidates":[]}]],[[{"start":0,"end":17,"url":null,"entity_id":"Q52797739","candidates":[]}],[{"start":0,"end":4,"url":null,"entity_id":"Q220","candidates":[]}],[{"start":0,"end":16,"url":null,"entity_id":"Q52837170","candidates":[]}]],[[{"start":0,"end":20,"url":null,"entity_id":"Q52798196","candidates":[]}],[{"start":0,"end":9,"url":null,"entity_id":"Q216881","candidates":[]}],[{"start":0,"end":27,"url":null,"entity_id":"Q52825403","candidates":[]}]],[[{"start":0,"end":21,"url":null,"entity_id":"Q52798039","candidates":[]}],[{"start":0,"end":12,"url":null,"entity_id":"Q123893","candidates":[]}],[{"start":0,"end":17,"url":null,"entity_id":"Q52825323","candidates":[]}]],[[{"start":0,"end":22,"url":null,"entity_id":"Q52797933","candidates":[]}],[{"start":0,"end":15,"url":null,"entity_id":"Q56208","candidates":[]}],[{"start":0,"end":18,"url":null,"entity_id":"Q52824274","candidates":[]}]],[[{"start":0,"end":12,"url":null,"entity_id":"Q52797886","candidates":[]}],[{"start":0,"end":16,"url":null,"entity_id":"Q30092675","candidates":[]}],[{"start":0,"end":23,"url":null,"entity_id":"Q52823190","candidates":[]}]],[[{"start":0,"end":10,"url":null,"entity_id":"Q52798179","candidates":[]}],[{"start":0,"end":8,"url":null,"entity_id":"Q80544","candidates":[]}],[{"start":0,"end":23,"url":null,"entity_id":"Q52823061","candidates":[]}]],[[{"start":0,"end":11,"url":null,"entity_id":"Q52797611","candidates":[]}],[{"start":0,"end":20,"url":null,"entity_id":"Q51951","candidates":[]}],[{"start":0,"end":21,"url":null,"entity_id":"Q52820405","candidates":[]}]],[[{"start":0,"end":16,"url":null,"entity_id":"Q52797969","candidates":[]}],[{"start":0,"end":12,"url":null,"entity_id":"Q478681","candidates":[]}],[{"start":0,"end":23,"url":null,"entity_id":"Q52819248","candidates":[]}]],[[{"start":0,"end":11,"url":null,"entity_id":"Q52797723","candidates":[]}],[{"start":0,"end":4,"url":null,"entity_id":"Q220","candidates":[]}],[{"start":0,"end":14,"url":null,"entity_id":"Q52818350","candidates":[]}]],[[{"start":0,"end":23,"url":null,"entity_id":"Q52798073","candidates":[]}],[{"start":0,"end":7,"url":null,"entity_id":"Q91108","candidates":[]}],[{"start":0,"end":17,"url":null,"entity_id":"Q52817672","candidates":[]}]]]}