{"version":"1.2","table":{"version":"2","table_id":"9EEXAJHB","columns":[{"index":0,"name":"col0","values":["Mish Mash Missouri Dash","Creepy Trip to Lemon Twist","Teacher's Pet","Mimic Madness","Whirly Brains","Pineapple Invasion","Sandy's Nutmare","Bulletin Board","The Great Snail Race","Krab Borg","Just One Bite","The Fry Cook Games","Frankendoodle","No Free Rides","Prehibernation Week","Wormy","Big Pink Loser","Fools in April","Karate Choppers","Sold!"]},{"index":1,"name":"col1","values":["Idaho a-Go-Go","Why Oh Why Wyoming","Crash and Burn","House Worming","Mermaid Pants","Salsa Imbecilicus","Bulletin Board","Food Con Castaways","Mid-Life Crustacean","Rock-a-Bye Bivalve","The Bully","Squid on Strike","The Secret Box","I'm Your Biggest Fanatic","Life of Crime","Patty Hype","Bubble Buddy","Neptune's Spatula","Sleepy Time","Lame and Fortune"]},{"index":2,"name":"col2","values":["Mish-Mash Missouri Dash/Idaho a Go-Go","See-Saw to Arkansas/Creepy Trip to Lemon Twist","Teacher's Pet/Crash and Burn","Mimic Madness/House Worming","Whirly Brains/Mermaid Pants","Pineapple Invasion/Salsa Imbecilicus","Sandy's Nutmare/Bulletin Board","Sandy's Nutmare/Bulletin Board","The Great Snail Race/Mid-Life Crustacean","Krab Borg/Rock-a-Bye Bivalve","Just One Bite/The Bully","Jellyfish Hunter/The Fry Cook Games","Welcome to the Chum Bucket/Frankendoodle","No Free Rides/I'm Your Biggest Fanatic","Prehibernation Week/Life of Crime","Wormy/Patty Hype","Big Pink Loser/Bubble Buddy","Fools in April/Neptune's Spatula","SB-129/Karate Choppers","Sold!/Lame and Fortune"]}]},"context":{"page_title":null,"page_url":null,"page_entity_id":null,"content_hierarchy":[]},"links":[[[{"start":0,"end":23,"url":null,"entity_id":"Q30754029","candidates":[]}],[{"start":0,"end":13,"url":null,"entity_id":"Q30766283","candidates":[]}],[{"start":0,"end":37,"url":null,"entity_id":"Q61934812","candidates":[]}]],[[{"start":0,"end":26,"url":null,"entity_id":"Q30753224","candidates":[]}],[{"start":0,"end":18,"url":null,"entity_id":"Q30753999","candidates":[]}],[{"start":0,"end":46,"url":null,"entity_id":"Q61934808","candidates":[]}]],[[{"start":0,"end":13,"url":null,"entity_id":"Q29640779","candidates":[]}],[{"start":0,"end":14,"url":null,"entity_id":"Q29640780","candidates":[]}],[{"start":0,"end":28,"url":null,"entity_id":"Q29597597","candidates":[]}]],[[{"start":0,"end":13,"url":null,"entity_id":"Q29566315","candidates":[]}],[{"start":0,"end":13,"url":null,"entity_id":"Q29566317","candidates":[]}],[{"start":0,"end":27,"url":null,"entity_id":"Q29565496","candidates":[]}]],[[{"start":0,"end":13,"url":null,"entity_id":"Q29566305","candidates":[]}],[{"start":0,"end":13,"url":null,"entity_id":"Q29566307","candidates":[]}],[{"start":0,"end":27,"url":null,"entity_id":"Q29565493","candidates":[]}]],[[{"start":0,"end":18,"url":null,"entity_id":"Q29566300","candidates":[]}],[{"start":0,"end":17,"url":null,"entity_id":"Q29566301","candidates":[]}],[{"start":0,"end":36,"url":null,"entity_id":"Q29565489","candidates":[]}]],[[{"start":0,"end":15,"url":null,"entity_id":"Q29566294","candidates":[]}],[{"start":0,"end":14,"url":null,"entity_id":"Q29566296","candidates":[]}],[{"start":0,"end":30,"url":null,"entity_id":"Q29565484","candidates":[]}]],[[{"start":0,"end":14,"url":null,"entity_id":"Q29566296","candidates":[]}],[{"start":0,"end":18,"url":null,"entity_id":"Q29566293","candidates":[]}],[{"start":0,"end":30,"url":null,"entity_id":"Q29565484","candidates":[]}]],[[{"start":0,"end":20,"url":null,"entity_id":"Q29566430","candidates":[]}],[{"start":0,"end":19,"url":null,"entity_id":"Q29566434","candidates":[]}],[{"start":0,"end":40,"url":null,"entity_id":"Q29565291","candidates":[]}]],[[{"start":0,"end":9,"url":null,"entity_id":"Q29566424","candidates":[]}],[{"start":0,"end":18,"url":null,"entity_id":"Q29566426","candidates":[]}],[{"start":0,"end":28,"url":null,"entity_id":"Q29565284","candidates":[]}]],[[{"start":0,"end":13,"url":null,"entity_id":"Q29566410","candidates":[]}],[{"start":0,"end":9,"url":null,"entity_id":"Q29566413","candidates":[]}],[{"start":0,"end":23,"url":null,"entity_id":"Q29565276","candidates":[]}]],[[{"start":0,"end":18,"url":null,"entity_id":"Q29566391","candidates":[]}],[{"start":0,"end":15,"url":null,"entity_id":"Q29566395","candidates":[]}],[{"start":0,"end":35,"url":null,"entity_id":"Q29565216","candidates":[]}]],[[{"start":0,"end":13,"url":null,"entity_id":"Q29566382","candidates":[]}],[{"start":0,"end":14,"url":null,"entity_id":"Q29568962","candidates":[]}],[{"start":0,"end":40,"url":null,"entity_id":"Q29565208","candidates":[]}]],[[{"start":0,"end":13,"url":null,"entity_id":"Q29566366","candidates":[]}],[{"start":0,"end":24,"url":null,"entity_id":"Q29566367","candidates":[]}],[{"start":0,"end":38,"url":null,"entity_id":"Q29565202","candidates":[]}]],[[{"start":0,"end":19,"url":null,"entity_id":"Q29566363","candidates":[]}],[{"start":0,"end":13,"url":null,"entity_id":"Q29566365","candidates":[]}],[{"start":0,"end":33,"url":null,"entity_id":"Q29565197","candidates":[]}]],[[{"start":0,"end":5,"url":null,"entity_id":"Q29566355","candidates":[]}],[{"start":0,"end":10,"url":null,"entity_id":"Q29566356","candidates":[]}],[{"start":0,"end":16,"url":null,"entity_id":"Q29565194","candidates":[]}]],[[{"start":0,"end":14,"url":null,"entity_id":"Q29566348","candidates":[]}],[{"start":0,"end":12,"url":null,"entity_id":"Q29566349","candidates":[]}],[{"start":0,"end":27,"url":null,"entity_id":"Q29565191","candidates":[]}]],[[{"start":0,"end":14,"url":null,"entity_id":"Q29566338","candidates":[]}],[{"start":0,"end":17,"url":null,"entity_id":"Q29566339","candidates":[]}],[{"start":0,"end":32,"url":null,"entity_id":"Q29565183","candidates":[]}]],[[{"start":0,"end":15,"url":null,"entity_id":"Q29566331","candidates":[]}],[{"start":0,"end":11,"url":null,"entity_id":"Q29566332","candidates":[]}],[{"start":0,"end":22,"url":null,"entity_id":"Q29565176","candidates":[]}]],[[{"start":0,"end":5,"url":null,"entity_id":"Q29566289","candidates":[]}],[{"start":0,"end":16,"url":null,"entity_id":"Q29566290","candidates":[]}],[{"start":0,"end":22,"url":null,"entity_id":"Q29565481","candidates":[]}]]]}