{"version":"1.2","table":{"version":"2","table_id":"9EW5RZ4J","columns":[{"index":0,"name":"col0","values":["Klockgjutargränd","Johannesgränd","Ignatiigränd","Göran Hälsinges gränd","Fru Gunillas Gränd","Finska Kyrkogränd","Ferkens gränd","Didrik Ficks gränd","Bredgränd","Bollhusgränd","Ankargränd","Bedoirsgränd","Mårten Trotzigs gränd","Kråkgränd","Dubbeleworststeeg","Fiskargränd","Vetehisenkuja","Näkinkuja","Helmiäispolku","Helmisimpukanpolku"]},{"index":1,"name":"col1","values":["Stockholm Municipality","Stockholm Municipality","Stockholm Municipality","Stockholm Municipality","Stockholm Municipality","Stockholm Municipality","Stockholm Municipality","Stockholm Municipality","Stockholm Municipality","Stockholm Municipality","Stockholm Municipality","Stockholm Municipality","Stockholm Municipality","Stockholm Municipality","Amsterdam","Gotland Municipality","Helsinki","Helsinki","Helsinki","Helsinki"]},{"index":2,"name":"col2","values":["Gamla stan","Gamla stan","Gamla stan","Gamla stan","Gamla stan","Gamla stan","Gamla stan","Gamla stan","Gamla stan","Gamla stan","Gamla stan","Gamla stan","Gamla stan","Gamla stan","Amsterdam-Centrum","Visby","Sörnäinen","Sörnäinen","Sörnäinen","Sörnäinen"]}]},"context":{"page_title":null,"page_url":null,"page_entity_id":null,"content_hierarchy":[]},"links":[[[{"start":0,"end":16,"url":null,"entity_id":"Q6421206","candidates":[]}],[{"start":0,"end":22,"url":null,"entity_id":"Q506250","candidates":[]}],[{"start":0,"end":10,"url":null,"entity_id":"Q579854","candidates":[]}]],[[{"start":0,"end":13,"url":null,"entity_id":"Q6217178","candidates":[]}],[{"start":0,"end":22,"url":null,"entity_id":"Q506250","candidates":[]}],[{"start":0,"end":10,"url":null,"entity_id":"Q579854","candidates":[]}]],[[{"start":0,"end":12,"url":null,"entity_id":"Q5992687","candidates":[]}],[{"start":0,"end":22,"url":null,"entity_id":"Q506250","candidates":[]}],[{"start":0,"end":10,"url":null,"entity_id":"Q579854","candidates":[]}]],[[{"start":0,"end":21,"url":null,"entity_id":"Q5626627","candidates":[]}],[{"start":0,"end":22,"url":null,"entity_id":"Q506250","candidates":[]}],[{"start":0,"end":10,"url":null,"entity_id":"Q579854","candidates":[]}]],[[{"start":0,"end":18,"url":null,"entity_id":"Q5506332","candidates":[]}],[{"start":0,"end":22,"url":null,"entity_id":"Q506250","candidates":[]}],[{"start":0,"end":10,"url":null,"entity_id":"Q579854","candidates":[]}]],[[{"start":0,"end":17,"url":null,"entity_id":"Q5450942","candidates":[]}],[{"start":0,"end":22,"url":null,"entity_id":"Q506250","candidates":[]}],[{"start":0,"end":10,"url":null,"entity_id":"Q579854","candidates":[]}]],[[{"start":0,"end":13,"url":null,"entity_id":"Q5444341","candidates":[]}],[{"start":0,"end":22,"url":null,"entity_id":"Q506250","candidates":[]}],[{"start":0,"end":10,"url":null,"entity_id":"Q579854","candidates":[]}]],[[{"start":0,"end":18,"url":null,"entity_id":"Q5274237","candidates":[]}],[{"start":0,"end":22,"url":null,"entity_id":"Q506250","candidates":[]}],[{"start":0,"end":10,"url":null,"entity_id":"Q579854","candidates":[]}]],[[{"start":0,"end":9,"url":null,"entity_id":"Q4960137","candidates":[]}],[{"start":0,"end":22,"url":null,"entity_id":"Q506250","candidates":[]}],[{"start":0,"end":10,"url":null,"entity_id":"Q579854","candidates":[]}]],[[{"start":0,"end":12,"url":null,"entity_id":"Q4939772","candidates":[]}],[{"start":0,"end":22,"url":null,"entity_id":"Q506250","candidates":[]}],[{"start":0,"end":10,"url":null,"entity_id":"Q579854","candidates":[]}]],[[{"start":0,"end":10,"url":null,"entity_id":"Q4765995","candidates":[]}],[{"start":0,"end":22,"url":null,"entity_id":"Q506250","candidates":[]}],[{"start":0,"end":10,"url":null,"entity_id":"Q579854","candidates":[]}]],[[{"start":0,"end":12,"url":null,"entity_id":"Q4566123","candidates":[]}],[{"start":0,"end":22,"url":null,"entity_id":"Q506250","candidates":[]}],[{"start":0,"end":10,"url":null,"entity_id":"Q579854","candidates":[]}]],[[{"start":0,"end":21,"url":null,"entity_id":"Q2575880","candidates":[]}],[{"start":0,"end":22,"url":null,"entity_id":"Q506250","candidates":[]}],[{"start":0,"end":10,"url":null,"entity_id":"Q579854","candidates":[]}]],[[{"start":0,"end":9,"url":null,"entity_id":"Q278812","candidates":[]}],[{"start":0,"end":22,"url":null,"entity_id":"Q506250","candidates":[]}],[{"start":0,"end":10,"url":null,"entity_id":"Q579854","candidates":[]}]],[[{"start":0,"end":17,"url":null,"entity_id":"Q13574524","candidates":[]}],[{"start":0,"end":9,"url":null,"entity_id":"Q9899","candidates":[]}],[{"start":0,"end":17,"url":null,"entity_id":"Q478282","candidates":[]}]],[[{"start":0,"end":11,"url":null,"entity_id":"Q10495754","candidates":[]}],[{"start":0,"end":20,"url":null,"entity_id":"Q374794","candidates":[]}],[{"start":0,"end":5,"url":null,"entity_id":"Q54757","candidates":[]}]],[[{"start":0,"end":13,"url":null,"entity_id":"Q60678243","candidates":[]}],[{"start":0,"end":8,"url":null,"entity_id":"Q1757","candidates":[]}],[{"start":0,"end":9,"url":null,"entity_id":"Q3090204","candidates":[]}]],[[{"start":0,"end":9,"url":null,"entity_id":"Q60678214","candidates":[]}],[{"start":0,"end":8,"url":null,"entity_id":"Q1757","candidates":[]}],[{"start":0,"end":9,"url":null,"entity_id":"Q3090204","candidates":[]}]],[[{"start":0,"end":13,"url":null,"entity_id":"Q60678207","candidates":[]}],[{"start":0,"end":8,"url":null,"entity_id":"Q1757","candidates":[]}],[{"start":0,"end":9,"url":null,"entity_id":"Q3090204","candidates":[]}]],[[{"start":0,"end":18,"url":null,"entity_id":"Q60678198","candidates":[]}],[{"start":0,"end":8,"url":null,"entity_id":"Q1757","candidates":[]}],[{"start":0,"end":9,"url":null,"entity_id":"Q3090204","candidates":[]}]]]}