{"version":"1.2","table":{"version":"2","table_id":"9FASHP1Q","columns":[{"index":0,"name":"col0","values":["Coordenação Nacional de Lutas","Central Única dos Trabalhadores","All-China Federation of Trade Unions","Union of Kanak and Exploited Workers","Confédération Nationale de la Mutualité, de la Coopération et du Crédit Agricoles","General Confederation of Labour","French Confederation of Christian Workers","French Democratic Confederation of Labour","Ghana Trades Union Congress","General Confederation of Greek Workers","All-Workers Militant Front","Union of Transport Workers","Italian Confederation of Workers' Trade Unions","Italian Confederation of Free Workers' Unions","Workers Autonomous Trade Unions Confederation","All-Poland Alliance of Trade Unions","AC – The Danish Confederation of Professional Associations","FTF – Confederation of Professionals in Denmark","Danish Confederation of Trade Unions","Swedish Confederation of Professional Employees"]},{"index":1,"name":"col1","values":["2004-01-01","1983-01-01","1925-01-01","1981-01-01","1910-01-01","1895-01-01","1919-01-01","1919-01-01","1945-01-01","1918-01-01","1999-01-01","1919-01-01","1950-01-01","1957-01-01","1979-01-01","1984-01-01","1972-01-01","1952-01-01","1898-01-01","1944-01-01"]},{"index":2,"name":"col2","values":["Brazil","Brazil","People's Republic of China","France","France","France","France","France","Ghana","Greece","Greece","Switzerland","Italy","Italy","Italy","Poland","Denmark","Denmark","Denmark","Sweden"]}]},"context":{"page_title":null,"page_url":null,"page_entity_id":null,"content_hierarchy":[]},"links":[[[{"start":0,"end":31,"url":null,"entity_id":"Q365154","candidates":[]}],[],[{"start":0,"end":6,"url":null,"entity_id":"Q155","candidates":[]}]],[[{"start":0,"end":36,"url":null,"entity_id":"Q167878","candidates":[]}],[],[{"start":0,"end":26,"url":null,"entity_id":"Q148","candidates":[]}]],[[{"start":0,"end":36,"url":null,"entity_id":"Q3550615","candidates":[]}],[],[{"start":0,"end":6,"url":null,"entity_id":"Q142","candidates":[]}]],[[{"start":0,"end":81,"url":null,"entity_id":"Q2992778","candidates":[]}],[],[{"start":0,"end":6,"url":null,"entity_id":"Q142","candidates":[]}]],[[{"start":0,"end":31,"url":null,"entity_id":"Q1125638","candidates":[]}],[],[{"start":0,"end":6,"url":null,"entity_id":"Q142","candidates":[]}]],[[{"start":0,"end":41,"url":null,"entity_id":"Q1125610","candidates":[]}],[],[{"start":0,"end":6,"url":null,"entity_id":"Q142","candidates":[]}]],[[{"start":0,"end":41,"url":null,"entity_id":"Q1125605","candidates":[]}],[],[{"start":0,"end":6,"url":null,"entity_id":"Q142","candidates":[]}]],[[{"start":0,"end":27,"url":null,"entity_id":"Q5555414","candidates":[]}],[],[{"start":0,"end":5,"url":null,"entity_id":"Q117","candidates":[]}]],[[{"start":0,"end":38,"url":null,"entity_id":"Q2992756","candidates":[]}],[],[{"start":0,"end":6,"url":null,"entity_id":"Q41","candidates":[]}]],[[{"start":0,"end":26,"url":null,"entity_id":"Q603951","candidates":[]}],[],[{"start":0,"end":6,"url":null,"entity_id":"Q41","candidates":[]}]],[[{"start":0,"end":26,"url":null,"entity_id":"Q1520570","candidates":[]}],[],[{"start":0,"end":11,"url":null,"entity_id":"Q39","candidates":[]}]],[[{"start":0,"end":46,"url":null,"entity_id":"Q1125097","candidates":[]}],[],[{"start":0,"end":5,"url":null,"entity_id":"Q38","candidates":[]}]],[[{"start":0,"end":45,"url":null,"entity_id":"Q1125030","candidates":[]}],[],[{"start":0,"end":5,"url":null,"entity_id":"Q38","candidates":[]}]],[[{"start":0,"end":45,"url":null,"entity_id":"Q746627","candidates":[]}],[],[{"start":0,"end":5,"url":null,"entity_id":"Q38","candidates":[]}]],[[{"start":0,"end":35,"url":null,"entity_id":"Q490099","candidates":[]}],[],[{"start":0,"end":6,"url":null,"entity_id":"Q36","candidates":[]}]],[[{"start":0,"end":58,"url":null,"entity_id":"Q3355966","candidates":[]}],[],[{"start":0,"end":7,"url":null,"entity_id":"Q35","candidates":[]}]],[[{"start":0,"end":47,"url":null,"entity_id":"Q3063444","candidates":[]}],[],[{"start":0,"end":7,"url":null,"entity_id":"Q35","candidates":[]}]],[[{"start":0,"end":36,"url":null,"entity_id":"Q1397560","candidates":[]}],[],[{"start":0,"end":7,"url":null,"entity_id":"Q35","candidates":[]}]],[[{"start":0,"end":47,"url":null,"entity_id":"Q1753461","candidates":[]}],[],[{"start":0,"end":6,"url":null,"entity_id":"Q34","candidates":[]}]],[[{"start":0,"end":29,"url":null,"entity_id":"Q5167990","candidates":[]}],[],[{"start":0,"end":6,"url":null,"entity_id":"Q155","candidates":[]}]]]}