{"version":"1.2","table":{"version":"2","table_id":"9HJX08JV","columns":[{"index":0,"name":"col0","values":["Jaypee University of Engineering and Technology","Tezpur University","Rajiv Gandhi Proudyogiki Vishwavidyalaya","University School of Biotechnology","Yeshwantrao Chavan College of Engineering","Department of Management Studies IIT Delhi","Tunku Abdul Rahman University","Yadavrao Tasgaonkar Institute of Engineering & Technology","Konkan Gyanpeeth College of Engineering","Sriram Engineering College","Tamilnadu College of Engineering","Velammal Institute of Technology","Velammal Engineering College","St. Joseph's College of Engineering","Sri Sai Ram Engineering College","Pusa Polytechnic","Malnad College of Engineering","R.V. College of Engineering","P.E.S. Institute of Technology, Bangalore South Campus","M. S. Ramaiah Institute of Technology"]},{"index":1,"name":"col1","values":["Guna","Tezpur","Madhya Pradesh","New Delhi","Nagpur","New Delhi","Kampar District","Maharashtra","Maharashtra","Perumalpattu Gram Panchayat","Tamil Nadu","Chennai","Chennai","Chennai","Chennai","New Delhi","Hassan","Bengaluru","Bengaluru","Bengaluru"]},{"index":2,"name":"col2","values":["University Grants Commission","University Grants Commission","University Grants Commission","Guru Gobind Singh Indraprastha University","Rashtrasant Tukadoji Maharaj Nagpur University","Indian Institute of Technology Delhi","Association of Commonwealth Universities","University of Mumbai","University of Mumbai","Anna University","Anna University","Anna University","Anna University","Anna University","Anna University","Board of Technical Education","Visvesvaraya Technological University","Visvesvaraya Technological University","Visvesvaraya Technological University","Visvesvaraya Technological University"]}]},"context":{"page_title":null,"page_url":null,"page_entity_id":null,"content_hierarchy":[]},"links":[[[{"start":0,"end":17,"url":null,"entity_id":"Q7708635","candidates":[]}],[{"start":0,"end":6,"url":null,"entity_id":"Q1021162","candidates":[]}],[{"start":0,"end":28,"url":null,"entity_id":"Q3345459","candidates":[]}]],[[{"start":0,"end":40,"url":null,"entity_id":"Q10943911","candidates":[]}],[{"start":0,"end":14,"url":null,"entity_id":"Q1188","candidates":[]}],[{"start":0,"end":28,"url":null,"entity_id":"Q3345459","candidates":[]}]],[[{"start":0,"end":34,"url":null,"entity_id":"Q7894918","candidates":[]}],[{"start":0,"end":9,"url":null,"entity_id":"Q987","candidates":[]}],[{"start":0,"end":41,"url":null,"entity_id":"Q2746795","candidates":[]}]],[[{"start":0,"end":41,"url":null,"entity_id":"Q8052911","candidates":[]}],[{"start":0,"end":6,"url":null,"entity_id":"Q1513","candidates":[]}],[{"start":0,"end":46,"url":null,"entity_id":"Q2628297","candidates":[]}]],[[{"start":0,"end":42,"url":null,"entity_id":"Q10973805","candidates":[]}],[{"start":0,"end":9,"url":null,"entity_id":"Q987","candidates":[]}],[{"start":0,"end":36,"url":null,"entity_id":"Q1194650","candidates":[]}]],[[{"start":0,"end":29,"url":null,"entity_id":"Q7894438","candidates":[]}],[{"start":0,"end":15,"url":null,"entity_id":"Q6359147","candidates":[]}],[{"start":0,"end":40,"url":null,"entity_id":"Q593768","candidates":[]}]],[[{"start":0,"end":57,"url":null,"entity_id":"Q16968149","candidates":[]}],[{"start":0,"end":11,"url":null,"entity_id":"Q1191","candidates":[]}],[{"start":0,"end":20,"url":null,"entity_id":"Q406402","candidates":[]}]],[[{"start":0,"end":39,"url":null,"entity_id":"Q16893637","candidates":[]}],[{"start":0,"end":11,"url":null,"entity_id":"Q1191","candidates":[]}],[{"start":0,"end":20,"url":null,"entity_id":"Q406402","candidates":[]}]],[[{"start":0,"end":26,"url":null,"entity_id":"Q7586491","candidates":[]}],[{"start":0,"end":27,"url":null,"entity_id":"Q23741185","candidates":[]}],[{"start":0,"end":15,"url":null,"entity_id":"Q165053","candidates":[]}]],[[{"start":0,"end":32,"url":null,"entity_id":"Q7681440","candidates":[]}],[{"start":0,"end":10,"url":null,"entity_id":"Q1445","candidates":[]}],[{"start":0,"end":15,"url":null,"entity_id":"Q165053","candidates":[]}]],[[{"start":0,"end":32,"url":null,"entity_id":"Q16902591","candidates":[]}],[{"start":0,"end":7,"url":null,"entity_id":"Q1352","candidates":[]}],[{"start":0,"end":15,"url":null,"entity_id":"Q165053","candidates":[]}]],[[{"start":0,"end":28,"url":null,"entity_id":"Q7918793","candidates":[]}],[{"start":0,"end":7,"url":null,"entity_id":"Q1352","candidates":[]}],[{"start":0,"end":15,"url":null,"entity_id":"Q165053","candidates":[]}]],[[{"start":0,"end":35,"url":null,"entity_id":"Q7589148","candidates":[]}],[{"start":0,"end":7,"url":null,"entity_id":"Q1352","candidates":[]}],[{"start":0,"end":15,"url":null,"entity_id":"Q165053","candidates":[]}]],[[{"start":0,"end":31,"url":null,"entity_id":"Q7586243","candidates":[]}],[{"start":0,"end":7,"url":null,"entity_id":"Q1352","candidates":[]}],[{"start":0,"end":15,"url":null,"entity_id":"Q165053","candidates":[]}]],[[{"start":0,"end":16,"url":null,"entity_id":"Q7261690","candidates":[]}],[{"start":0,"end":9,"url":null,"entity_id":"Q987","candidates":[]}],[{"start":0,"end":28,"url":null,"entity_id":"Q17037067","candidates":[]}]],[[{"start":0,"end":29,"url":null,"entity_id":"Q6744427","candidates":[]}],[{"start":0,"end":6,"url":null,"entity_id":"Q47264","candidates":[]}],[{"start":0,"end":37,"url":null,"entity_id":"Q7936658","candidates":[]}]],[[{"start":0,"end":27,"url":null,"entity_id":"Q7273419","candidates":[]}],[{"start":0,"end":9,"url":null,"entity_id":"Q1355","candidates":[]}],[{"start":0,"end":37,"url":null,"entity_id":"Q7936658","candidates":[]}]],[[{"start":0,"end":54,"url":null,"entity_id":"Q7116995","candidates":[]}],[{"start":0,"end":9,"url":null,"entity_id":"Q1355","candidates":[]}],[{"start":0,"end":37,"url":null,"entity_id":"Q7936658","candidates":[]}]],[[{"start":0,"end":37,"url":null,"entity_id":"Q6713103","candidates":[]}],[{"start":0,"end":9,"url":null,"entity_id":"Q1355","candidates":[]}],[{"start":0,"end":37,"url":null,"entity_id":"Q7936658","candidates":[]}]],[[{"start":0,"end":47,"url":null,"entity_id":"Q15229463","candidates":[]}],[{"start":0,"end":4,"url":null,"entity_id":"Q2038816","candidates":[]}],[{"start":0,"end":28,"url":null,"entity_id":"Q3345459","candidates":[]}]]]}