{"version":"1.2","table":{"version":"2","table_id":"9HP0OHDY","columns":[{"index":0,"name":"col0","values":["Brinker Hafen","Lindener Hafen","Port of Bonn","Nordhafen","Westhafen","Vegesacker Hafen","Hafen Orsoy","Port of Bamberg","Minden Harbour","Ports of Ludwigshafen Rhein","Rhein-Ruhr-Hafen","Stadthafen Hamm","Ports of Krefeld","Hafen Braunschweig","Mannheim Harbour","Port of Giurgiulești","Lände Mühlhausen","Lände Dietfurt","Lände Roth","Häfen Eggolsheim"]},{"index":1,"name":"col1","values":["1916-01-01","1917-01-01","1907-01-01","1918-02-01","1886-01-01","1622-01-01","1910-01-01","1958-01-01","1552-01-01","1823-01-01","1927-01-01","1914-01-01","1906-07-06","1934-05-13","1828-01-01","2006-10-26","1992-01-01","1992-01-01","1987-01-01","1966-01-01"]},{"index":2,"name":"col2","values":["Germany","Germany","Germany","Germany","Germany","Germany","Germany","Germany","Germany","Germany","Germany","Germany","Germany","Germany","Germany","Moldova","Germany","Germany","Germany","Germany"]},{"index":3,"name":"col3","values":["Nord (district of Hanover)","Linden-Limmer","Bonn","Herrenhausen","Gutleutviertel","Bremen","Rheinberg","Bamberg","Minden","Ludwigshafen","Mülheim an der Ruhr","Hamm","Krefeld","Brunswick","Mannheim","Giurgiulești","Mühlhausen","Dietfurt an der Altmühl","Roth","Eggolsheim"]}]},"context":{"page_title":null,"page_url":null,"page_entity_id":null,"content_hierarchy":[]},"links":[[[{"start":0,"end":13,"url":null,"entity_id":"Q917482","candidates":[]}],[],[{"start":0,"end":7,"url":null,"entity_id":"Q183","candidates":[]}],[{"start":0,"end":26,"url":null,"entity_id":"Q1997469","candidates":[]}]],[[{"start":0,"end":14,"url":null,"entity_id":"Q1826080","candidates":[]}],[],[{"start":0,"end":7,"url":null,"entity_id":"Q183","candidates":[]}],[{"start":0,"end":13,"url":null,"entity_id":"Q1826001","candidates":[]}]],[[{"start":0,"end":12,"url":null,"entity_id":"Q1567765","candidates":[]}],[],[{"start":0,"end":7,"url":null,"entity_id":"Q183","candidates":[]}],[{"start":0,"end":4,"url":null,"entity_id":"Q892684","candidates":[]}]],[[{"start":0,"end":9,"url":null,"entity_id":"Q1998005","candidates":[]}],[],[{"start":0,"end":7,"url":null,"entity_id":"Q183","candidates":[]}],[{"start":0,"end":12,"url":null,"entity_id":"Q470577","candidates":[]}]],[[{"start":0,"end":9,"url":null,"entity_id":"Q971815","candidates":[]}],[],[{"start":0,"end":7,"url":null,"entity_id":"Q183","candidates":[]}],[{"start":0,"end":14,"url":null,"entity_id":"Q314906","candidates":[]}]],[[{"start":0,"end":16,"url":null,"entity_id":"Q2511846","candidates":[]}],[],[{"start":0,"end":7,"url":null,"entity_id":"Q183","candidates":[]}],[{"start":0,"end":6,"url":null,"entity_id":"Q24879","candidates":[]}]],[[{"start":0,"end":11,"url":null,"entity_id":"Q1567821","candidates":[]}],[],[{"start":0,"end":7,"url":null,"entity_id":"Q183","candidates":[]}],[{"start":0,"end":9,"url":null,"entity_id":"Q16086","candidates":[]}]],[[{"start":0,"end":15,"url":null,"entity_id":"Q812494","candidates":[]}],[],[{"start":0,"end":7,"url":null,"entity_id":"Q183","candidates":[]}],[{"start":0,"end":7,"url":null,"entity_id":"Q3936","candidates":[]}]],[[{"start":0,"end":14,"url":null,"entity_id":"Q1567809","candidates":[]}],[],[{"start":0,"end":7,"url":null,"entity_id":"Q183","candidates":[]}],[{"start":0,"end":6,"url":null,"entity_id":"Q3846","candidates":[]}]],[[{"start":0,"end":27,"url":null,"entity_id":"Q1875422","candidates":[]}],[],[{"start":0,"end":7,"url":null,"entity_id":"Q183","candidates":[]}],[{"start":0,"end":12,"url":null,"entity_id":"Q2910","candidates":[]}]],[[{"start":0,"end":16,"url":null,"entity_id":"Q1502383","candidates":[]}],[],[{"start":0,"end":7,"url":null,"entity_id":"Q183","candidates":[]}],[{"start":0,"end":19,"url":null,"entity_id":"Q2899","candidates":[]}]],[[{"start":0,"end":15,"url":null,"entity_id":"Q2327208","candidates":[]}],[],[{"start":0,"end":7,"url":null,"entity_id":"Q183","candidates":[]}],[{"start":0,"end":4,"url":null,"entity_id":"Q2880","candidates":[]}]],[[{"start":0,"end":16,"url":null,"entity_id":"Q2147684","candidates":[]}],[],[{"start":0,"end":7,"url":null,"entity_id":"Q183","candidates":[]}],[{"start":0,"end":7,"url":null,"entity_id":"Q2805","candidates":[]}]],[[{"start":0,"end":18,"url":null,"entity_id":"Q1567771","candidates":[]}],[],[{"start":0,"end":7,"url":null,"entity_id":"Q183","candidates":[]}],[{"start":0,"end":9,"url":null,"entity_id":"Q2773","candidates":[]}]],[[{"start":0,"end":16,"url":null,"entity_id":"Q1567807","candidates":[]}],[],[{"start":0,"end":7,"url":null,"entity_id":"Q183","candidates":[]}],[{"start":0,"end":8,"url":null,"entity_id":"Q2119","candidates":[]}]],[[{"start":0,"end":20,"url":null,"entity_id":"Q7231147","candidates":[]}],[],[{"start":0,"end":7,"url":null,"entity_id":"Q217","candidates":[]}],[{"start":0,"end":12,"url":null,"entity_id":"Q1528087","candidates":[]}]],[[{"start":0,"end":16,"url":null,"entity_id":"Q19964030","candidates":[]}],[],[{"start":0,"end":7,"url":null,"entity_id":"Q183","candidates":[]}],[{"start":0,"end":10,"url":null,"entity_id":"Q572419","candidates":[]}]],[[{"start":0,"end":14,"url":null,"entity_id":"Q19963791","candidates":[]}],[],[{"start":0,"end":7,"url":null,"entity_id":"Q183","candidates":[]}],[{"start":0,"end":23,"url":null,"entity_id":"Q504648","candidates":[]}]],[[{"start":0,"end":10,"url":null,"entity_id":"Q19295179","candidates":[]}],[],[{"start":0,"end":7,"url":null,"entity_id":"Q183","candidates":[]}],[{"start":0,"end":4,"url":null,"entity_id":"Q504019","candidates":[]}]],[[{"start":0,"end":16,"url":null,"entity_id":"Q19971670","candidates":[]}],[],[{"start":0,"end":7,"url":null,"entity_id":"Q183","candidates":[]}],[{"start":0,"end":10,"url":null,"entity_id":"Q502812","candidates":[]}]]]}