[{"version":1,"nodes":[{"col_index":0,"label":"col0","id":0},{"col_index":1,"label":"col1","id":1},{"abs_uri":"http://www.wikidata.org/entity/Q1549591","rel_uri":"wd:Q1549591","approximation":false,"readable_label":"big city (Q1549591)","id":2},{"abs_uri":"http://www.wikidata.org/entity/Q21850100","rel_uri":"wd:Q21850100","approximation":false,"readable_label":"municipal flag (Q21850100)","id":3}],"edges":[{"source":2,"target":0,"abs_uri":"http://www.w3.org/2000/01/rdf-schema#label","rel_uri":"rdfs:label","approximation":false,"readable_label":"rdfs:label","id":0},{"source":3,"target":1,"abs_uri":"http://www.w3.org/2000/01/rdf-schema#label","rel_uri":"rdfs:label","approximation":false,"readable_label":"rdfs:label","id":1},{"source":2,"target":3,"abs_uri":"http://www.wikidata.org/prop/P163","rel_uri":"p:P163","approximation":false,"readable_label":"flag (P163)","id":2}]}]