[{"version":1,"nodes":[{"col_index":0,"label":"col0","id":0},{"col_index":1,"label":"col1","id":1},{"col_index":2,"label":"col2","id":2},{"abs_uri":"http://www.wikidata.org/entity/Q5","rel_uri":"wd:Q5","approximation":false,"readable_label":"human (Q5)","id":3},{"abs_uri":"http://www.wikidata.org/entity/Q2977","rel_uri":"wd:Q2977","approximation":false,"readable_label":"cathedral (Q2977)","id":4},{"abs_uri":"http://www.wikidata.org/entity/Q2438541","rel_uri":"wd:Q2438541","approximation":false,"readable_label":"manner of death (Q2438541)","id":5}],"edges":[{"source":3,"target":0,"abs_uri":"http://www.w3.org/2000/01/rdf-schema#label","rel_uri":"rdfs:label","approximation":false,"readable_label":"rdfs:label","id":0},{"source":4,"target":1,"abs_uri":"http://www.w3.org/2000/01/rdf-schema#label","rel_uri":"rdfs:label","approximation":false,"readable_label":"rdfs:label","id":1},{"source":5,"target":2,"abs_uri":"http://www.w3.org/2000/01/rdf-schema#label","rel_uri":"rdfs:label","approximation":false,"readable_label":"rdfs:label","id":2},{"source":3,"target":4,"abs_uri":"http://www.wikidata.org/prop/P119","rel_uri":"p:P119","approximation":false,"readable_label":"place of burial (P119)","id":3},{"source":3,"target":5,"abs_uri":"http://www.wikidata.org/prop/P1196","rel_uri":"p:P1196","approximation":false,"readable_label":"manner of death (P1196)","id":4}]}]