{"version":"1.2","table":{"version":"2","table_id":"XREA7GVQ","columns":[{"index":0,"name":"col0","values":["Loop Mani","Pac-Pan 256","Hungry Shrk World","Shadqwgun Legends","S.T.A.L.K.E.R. Mobjle","Arkanoid vs1 Space Invaders","Monste Strike","omiNatioqs","SimCiy BuildIt","Duet","Badoand","Crosy Road","Trivia Cack","Hugry Shark Evolution","Marvel Contest og Champions","Ingrss","Pokémon!Go","The Idolmaster Cinderella Grls: Starlight Stage","Hamilton's Great\"Adventure","Postao Babes"]},{"index":1,"name":"col1","values":["arcade video game","arcade video game","action game","massively multiplayer online role-playing game","role-playing game","shoot 'em up","puzzle video game","strategy video game","city-building game","action game","platform game","action game","trivia","action game","fictional crossover","augmented reality","augmented reality","music video game","puzzle video game","beat 'em up"]},{"index":2,"name":"col2","values":["2016/04/20","2015/08/20","2016/01/01","2018/03/22","2007/12/05","2017/01/01","2013/08/08","2015/04/01","2014/12/15","2013/10/10","2013/04/04","2014/11/20","2013/10/26","2012/01/01","2014/12/10","2012/11/15","2016/07/06","2015/09/03","2011/05/31","2009/02/13"]},{"index":3,"name":"col3","values":["single-player video game","single-player video game","single-player video game","single-player video game","single-player video game","single-player video game","multiplayer video game","massively multiplayer online game","single-player video game","single-player video game","single-player video game","single-player video game","multiplayer video game","single-player video game","single-player video game","multiplayer video game","single-player video game","single-player video game","single-player video game","single-player video game"]},{"index":4,"name":"col4","values":["Umbrella","Hipster Whale","Future Games Of London","MADFINGER Games","GSC Game World","Taito Corporation","Mixi","Nexon","Tracktwenty","Kumobius","Frogmind","Hipster Whale","Etermax","Future Games Of London","Kabam","Niantic","Niantic","Cygames","Fatshark","HeroCraft"]}]},"context":{"page_title":null,"page_url":null,"page_entity_id":null,"content_hierarchy":[]},"links":[[[{"start":0,"end":11,"url":null,"entity_id":"Q21061092","candidates":[]}],[{"start":0,"end":17,"url":null,"entity_id":"Q15613992","candidates":[]}],[],[{"start":0,"end":24,"url":null,"entity_id":"Q208850","candidates":[]}],[{"start":0,"end":13,"url":null,"entity_id":"Q22908904","candidates":[]}]],[[{"start":0,"end":17,"url":null,"entity_id":"Q24037119","candidates":[]}],[{"start":0,"end":11,"url":null,"entity_id":"Q270948","candidates":[]}],[],[{"start":0,"end":24,"url":null,"entity_id":"Q208850","candidates":[]}],[{"start":0,"end":22,"url":null,"entity_id":"Q18414205","candidates":[]}]],[[{"start":0,"end":17,"url":null,"entity_id":"Q28127121","candidates":[]}],[{"start":0,"end":46,"url":null,"entity_id":"Q175173","candidates":[]}],[],[{"start":0,"end":24,"url":null,"entity_id":"Q208850","candidates":[]}],[{"start":0,"end":15,"url":null,"entity_id":"Q6727177","candidates":[]}]],[[{"start":0,"end":21,"url":null,"entity_id":"Q21660953","candidates":[]}],[{"start":0,"end":17,"url":null,"entity_id":"Q160738","candidates":[]}],[],[{"start":0,"end":24,"url":null,"entity_id":"Q208850","candidates":[]}],[{"start":0,"end":14,"url":null,"entity_id":"Q1425861","candidates":[]}]],[[{"start":0,"end":27,"url":null,"entity_id":"Q30325222","candidates":[]}],[{"start":0,"end":12,"url":null,"entity_id":"Q1044478","candidates":[]}],[],[{"start":0,"end":24,"url":null,"entity_id":"Q208850","candidates":[]}],[{"start":0,"end":17,"url":null,"entity_id":"Q1054844","candidates":[]}]],[[{"start":0,"end":13,"url":null,"entity_id":"Q24628305","candidates":[]}],[{"start":0,"end":17,"url":null,"entity_id":"Q54767","candidates":[]}],[],[{"start":0,"end":22,"url":null,"entity_id":"Q6895044","candidates":[]}],[{"start":0,"end":4,"url":null,"entity_id":"Q1051289","candidates":[]}]],[[{"start":0,"end":10,"url":null,"entity_id":"Q21775709","candidates":[]}],[{"start":0,"end":19,"url":null,"entity_id":"Q472055","candidates":[]}],[],[{"start":0,"end":33,"url":null,"entity_id":"Q862490","candidates":[]}],[{"start":0,"end":5,"url":null,"entity_id":"Q562078","candidates":[]}]],[[{"start":0,"end":14,"url":null,"entity_id":"Q20796085","candidates":[]}],[{"start":0,"end":18,"url":null,"entity_id":"Q588289","candidates":[]}],[],[{"start":0,"end":24,"url":null,"entity_id":"Q208850","candidates":[]}],[{"start":0,"end":11,"url":null,"entity_id":"Q84766561","candidates":[]}]],[[{"start":0,"end":4,"url":null,"entity_id":"Q18149535","candidates":[]}],[{"start":0,"end":11,"url":null,"entity_id":"Q270948","candidates":[]}],[],[{"start":0,"end":24,"url":null,"entity_id":"Q208850","candidates":[]}],[{"start":0,"end":8,"url":null,"entity_id":"Q33005237","candidates":[]}]],[[{"start":0,"end":7,"url":null,"entity_id":"Q16743228","candidates":[]}],[{"start":0,"end":13,"url":null,"entity_id":"Q828322","candidates":[]}],[],[{"start":0,"end":24,"url":null,"entity_id":"Q208850","candidates":[]}],[{"start":0,"end":8,"url":null,"entity_id":"Q32984827","candidates":[]}]],[[{"start":0,"end":10,"url":null,"entity_id":"Q18705872","candidates":[]}],[{"start":0,"end":11,"url":null,"entity_id":"Q270948","candidates":[]}],[],[{"start":0,"end":24,"url":null,"entity_id":"Q208850","candidates":[]}],[{"start":0,"end":13,"url":null,"entity_id":"Q22908904","candidates":[]}]],[[{"start":0,"end":11,"url":null,"entity_id":"Q17625797","candidates":[]}],[{"start":0,"end":6,"url":null,"entity_id":"Q1521451","candidates":[]}],[],[{"start":0,"end":22,"url":null,"entity_id":"Q6895044","candidates":[]}],[{"start":0,"end":7,"url":null,"entity_id":"Q20726296","candidates":[]}]],[[{"start":0,"end":21,"url":null,"entity_id":"Q19363216","candidates":[]}],[{"start":0,"end":11,"url":null,"entity_id":"Q270948","candidates":[]}],[],[{"start":0,"end":24,"url":null,"entity_id":"Q208850","candidates":[]}],[{"start":0,"end":22,"url":null,"entity_id":"Q18414205","candidates":[]}]],[[{"start":0,"end":27,"url":null,"entity_id":"Q18643731","candidates":[]}],[{"start":0,"end":19,"url":null,"entity_id":"Q21192427","candidates":[]}],[],[{"start":0,"end":24,"url":null,"entity_id":"Q208850","candidates":[]}],[{"start":0,"end":5,"url":null,"entity_id":"Q15646906","candidates":[]}]],[[{"start":0,"end":6,"url":null,"entity_id":"Q63352","candidates":[]}],[{"start":0,"end":17,"url":null,"entity_id":"Q254183","candidates":[]}],[],[{"start":0,"end":22,"url":null,"entity_id":"Q6895044","candidates":[]}],[{"start":0,"end":7,"url":null,"entity_id":"Q13462819","candidates":[]}]],[[{"start":0,"end":10,"url":null,"entity_id":"Q20966579","candidates":[]}],[{"start":0,"end":17,"url":null,"entity_id":"Q254183","candidates":[]}],[],[{"start":0,"end":24,"url":null,"entity_id":"Q208850","candidates":[]}],[{"start":0,"end":7,"url":null,"entity_id":"Q13462819","candidates":[]}]],[[{"start":0,"end":47,"url":null,"entity_id":"Q20931781","candidates":[]}],[{"start":0,"end":16,"url":null,"entity_id":"Q584105","candidates":[]}],[],[{"start":0,"end":24,"url":null,"entity_id":"Q208850","candidates":[]}],[{"start":0,"end":7,"url":null,"entity_id":"Q11195116","candidates":[]}]],[[{"start":0,"end":26,"url":null,"entity_id":"Q18215898","candidates":[]}],[{"start":0,"end":17,"url":null,"entity_id":"Q54767","candidates":[]}],[],[{"start":0,"end":24,"url":null,"entity_id":"Q208850","candidates":[]}],[{"start":0,"end":8,"url":null,"entity_id":"Q5437954","candidates":[]}]],[[{"start":0,"end":12,"url":null,"entity_id":"Q7233976","candidates":[]}],[{"start":0,"end":11,"url":null,"entity_id":"Q401831","candidates":[]}],[],[{"start":0,"end":24,"url":null,"entity_id":"Q208850","candidates":[]}],[{"start":0,"end":9,"url":null,"entity_id":"Q1573432","candidates":[]}]],[[{"start":0,"end":9,"url":null,"entity_id":"Q26689563","candidates":[]}],[{"start":0,"end":17,"url":null,"entity_id":"Q15613992","candidates":[]}],[],[{"start":0,"end":24,"url":null,"entity_id":"Q208850","candidates":[]}],[{"start":0,"end":8,"url":null,"entity_id":"Q26689565","candidates":[]}]]]}