{"version":"1.2","table":{"version":"2","table_id":"XSOKYG2I","columns":[{"index":0,"name":"col0","values":["vjlla in Srvlinna villa","villa in Thh Gallen-Kallela MuseumTarvaspää","villa in Villa Nelmarkka","villa in House museum Vilma Rulludd","vill in Perttula special vocational school","Empress' Vlla","villa in vitträsk","villa in Kumtaranta","villa inKultaranta","Kaetánka Villa","Villa Brbcca","Manoir Montmorncy","Villa Beavoir","Medcal School in Prudnik","Villb Bergliweg 11","Trafalgar odge","Villa Clotkld","Crespi's masion","Direcwor's villa","VillaStenersen"]},{"index":1,"name":"col1","values":["protected by the law on the protection of the architectural heritage in Finland","protected by the law on the protection of the architectural heritage in Finland","protected by the law on the protection of the architectural heritage in Finland","protected by the law on the protection of the architectural heritage in Finland","building protected by Decree 480/85 in Finland","building protected by Decree 480/85 in Finland","building protected by Decree 480/85 in Finland","building protected by Decree 480/85 in Finland","building protected by Decree 480/85 in Finland","part of national heritage site in the Czech Republic","Italian national heritage","part of a Quebec heritage property","part of a Quebec heritage property","object on the Polish cultural heritage register","class A Swiss cultural property of national significance","national historic site of Canada","Italian national heritage","Italian national heritage","Rijksmonument","heritage site in Norway"]},{"index":2,"name":"col2","values":["Sarvilinna villa","Tarvaspää","Villa Nelimarkka","House museum Villa Rulludd","Perttula special vocational school","Hotel Punkaharju","Hvitträsk","Kultaranta","Kultaranta","Kajetánka","Cascina Bracca","site patrimonial de la Chute-Montmorency","Sillery Heritage Site","26 Piastowska Street in Prudnik","list of cultural properties in Allmendingen bei Bern","Mont-Royal Heritage Site","Ecomuseum Grigne","Crespi d'Adda","Rijksmuseum","Iconic Houses Network"]}]},"context":{"page_title":null,"page_url":null,"page_entity_id":null,"content_hierarchy":[]},"links":[[[{"start":0,"end":43,"url":null,"entity_id":"Q55595461","candidates":[]}],[{"start":0,"end":79,"url":null,"entity_id":"Q54824224","candidates":[]}],[{"start":0,"end":9,"url":null,"entity_id":"Q30689509","candidates":[]}]],[[{"start":0,"end":24,"url":null,"entity_id":"Q55595443","candidates":[]}],[{"start":0,"end":79,"url":null,"entity_id":"Q54824224","candidates":[]}],[{"start":0,"end":16,"url":null,"entity_id":"Q30505643","candidates":[]}]],[[{"start":0,"end":35,"url":null,"entity_id":"Q55595462","candidates":[]}],[{"start":0,"end":79,"url":null,"entity_id":"Q54824224","candidates":[]}],[{"start":0,"end":26,"url":null,"entity_id":"Q22946082","candidates":[]}]],[[{"start":0,"end":42,"url":null,"entity_id":"Q55595442","candidates":[]}],[{"start":0,"end":46,"url":null,"entity_id":"Q54824229","candidates":[]}],[{"start":0,"end":34,"url":null,"entity_id":"Q20249702","candidates":[]}]],[[{"start":0,"end":13,"url":null,"entity_id":"Q55595460","candidates":[]}],[{"start":0,"end":46,"url":null,"entity_id":"Q54824229","candidates":[]}],[{"start":0,"end":16,"url":null,"entity_id":"Q18661499","candidates":[]}]],[[{"start":0,"end":17,"url":null,"entity_id":"Q55595454","candidates":[]}],[{"start":0,"end":46,"url":null,"entity_id":"Q54824229","candidates":[]}],[{"start":0,"end":9,"url":null,"entity_id":"Q3609412","candidates":[]}]],[[{"start":0,"end":19,"url":null,"entity_id":"Q55595459","candidates":[]}],[{"start":0,"end":46,"url":null,"entity_id":"Q54824229","candidates":[]}],[{"start":0,"end":10,"url":null,"entity_id":"Q1746455","candidates":[]}]],[[{"start":0,"end":18,"url":null,"entity_id":"Q55595457","candidates":[]}],[{"start":0,"end":46,"url":null,"entity_id":"Q54824229","candidates":[]}],[{"start":0,"end":10,"url":null,"entity_id":"Q1746455","candidates":[]}]],[[{"start":0,"end":14,"url":null,"entity_id":"Q65464980","candidates":[]}],[{"start":0,"end":52,"url":null,"entity_id":"Q30118385","candidates":[]}],[{"start":0,"end":9,"url":null,"entity_id":"Q12027695","candidates":[]}]],[[{"start":0,"end":12,"url":null,"entity_id":"Q63960547","candidates":[]}],[{"start":0,"end":25,"url":null,"entity_id":"Q26971668","candidates":[]}],[{"start":0,"end":14,"url":null,"entity_id":"Q63960507","candidates":[]}]],[[{"start":0,"end":17,"url":null,"entity_id":"Q60173979","candidates":[]}],[{"start":0,"end":34,"url":null,"entity_id":"Q57584209","candidates":[]}],[{"start":0,"end":40,"url":null,"entity_id":"Q18517436","candidates":[]}]],[[{"start":0,"end":13,"url":null,"entity_id":"Q57907399","candidates":[]}],[{"start":0,"end":34,"url":null,"entity_id":"Q57584209","candidates":[]}],[{"start":0,"end":21,"url":null,"entity_id":"Q20644086","candidates":[]}]],[[{"start":0,"end":24,"url":null,"entity_id":"Q30229608","candidates":[]}],[{"start":0,"end":47,"url":null,"entity_id":"Q21438156","candidates":[]}],[{"start":0,"end":31,"url":null,"entity_id":"Q30229603","candidates":[]}]],[[{"start":0,"end":18,"url":null,"entity_id":"Q19362465","candidates":[]}],[{"start":0,"end":56,"url":null,"entity_id":"Q8274529","candidates":[]}],[{"start":0,"end":52,"url":null,"entity_id":"Q15827816","candidates":[]}]],[[{"start":0,"end":14,"url":null,"entity_id":"Q23303453","candidates":[]}],[{"start":0,"end":32,"url":null,"entity_id":"Q1568567","candidates":[]}],[{"start":0,"end":24,"url":null,"entity_id":"Q15621281","candidates":[]}]],[[{"start":0,"end":13,"url":null,"entity_id":"Q27998444","candidates":[]}],[{"start":0,"end":25,"url":null,"entity_id":"Q26971668","candidates":[]}],[{"start":0,"end":16,"url":null,"entity_id":"Q17629229","candidates":[]}]],[[{"start":0,"end":15,"url":null,"entity_id":"Q26195928","candidates":[]}],[{"start":0,"end":25,"url":null,"entity_id":"Q26971668","candidates":[]}],[{"start":0,"end":13,"url":null,"entity_id":"Q726842","candidates":[]}]],[[{"start":0,"end":16,"url":null,"entity_id":"Q18813295","candidates":[]}],[{"start":0,"end":13,"url":null,"entity_id":"Q916333","candidates":[]}],[{"start":0,"end":11,"url":null,"entity_id":"Q190804","candidates":[]}]],[[{"start":0,"end":14,"url":null,"entity_id":"Q14375801","candidates":[]}],[{"start":0,"end":23,"url":null,"entity_id":"Q11970056","candidates":[]}],[{"start":0,"end":21,"url":null,"entity_id":"Q55065239","candidates":[]}]],[[{"start":0,"end":23,"url":null,"entity_id":"Q55595456","candidates":[]}],[{"start":0,"end":79,"url":null,"entity_id":"Q54824224","candidates":[]}],[{"start":0,"end":16,"url":null,"entity_id":"Q55027156","candidates":[]}]]]}