{"version":"1.2","table":{"version":"2","table_id":"XSSQF826","columns":[{"index":0,"name":"col0","values":["Hell's Kitchen (U.S. season 8)","Hell's Kitchen (U.S. season 7)","Hell's Kitchen (U.S. season 5)","Hell's Kitchen (U.S. season 4)","Hell's Kitchen (U.S. season 3)","Hell's Kitchen (U.S. season 10)","Real World/Road Rules Challenge: The Inferno II","Chris Ryan's Strike Back","Britain's Next Top Model, Cycle 6","Real World/Road Rules Challenge 2000","Real World/Road Rules Extreme Challenge","Real World/Road Rules Challenge: The Duel","Road Rules: All Stars","Return to Cranford","Real World/Road Rules Challenge: The Gauntlet III","Real World/Road Rules Challenge: Fresh Meat","Mira Quien Baila (U.S.), Season 2","Mira Quien Baila","The Biggest Loser South Africa","Underbelly, series 1"]},{"index":1,"name":"col1","values":["15","15","15","15","11","20","16","6","70","11","18","17","5","2","10","19","11","10","15","13"]},{"index":2,"name":"col2","values":["8","7","5","4","3","10","10","1","6","3","4","13","1","1","15","12","2","1","1","1"]}]},"context":{"page_title":null,"page_url":null,"page_entity_id":null,"content_hierarchy":[]},"links":[[[{"start":0,"end":30,"url":null,"entity_id":"Q5706412","candidates":[]}],[],[]],[[{"start":0,"end":30,"url":null,"entity_id":"Q5706408","candidates":[]}],[],[]],[[{"start":0,"end":30,"url":null,"entity_id":"Q5706404","candidates":[]}],[],[]],[[{"start":0,"end":30,"url":null,"entity_id":"Q5706400","candidates":[]}],[],[]],[[{"start":0,"end":31,"url":null,"entity_id":"Q5706391","candidates":[]}],[],[]],[[{"start":0,"end":47,"url":null,"entity_id":"Q5354739","candidates":[]}],[],[]],[[{"start":0,"end":24,"url":null,"entity_id":"Q4994017","candidates":[]}],[],[]],[[{"start":0,"end":33,"url":null,"entity_id":"Q4969232","candidates":[]}],[],[]],[[{"start":0,"end":36,"url":null,"entity_id":"Q4063249","candidates":[]}],[],[]],[[{"start":0,"end":39,"url":null,"entity_id":"Q4063247","candidates":[]}],[],[]],[[{"start":0,"end":41,"url":null,"entity_id":"Q4063237","candidates":[]}],[],[]],[[{"start":0,"end":21,"url":null,"entity_id":"Q4063228","candidates":[]}],[],[]],[[{"start":0,"end":18,"url":null,"entity_id":"Q3933846","candidates":[]}],[],[]],[[{"start":0,"end":49,"url":null,"entity_id":"Q7301108","candidates":[]}],[],[]],[[{"start":0,"end":43,"url":null,"entity_id":"Q7301107","candidates":[]}],[],[]],[[{"start":0,"end":33,"url":null,"entity_id":"Q6872234","candidates":[]}],[],[]],[[{"start":0,"end":16,"url":null,"entity_id":"Q6872232","candidates":[]}],[],[]],[[{"start":0,"end":30,"url":null,"entity_id":"Q7717924","candidates":[]}],[],[]],[[{"start":0,"end":20,"url":null,"entity_id":"Q1165045","candidates":[]}],[],[]],[[{"start":0,"end":30,"url":null,"entity_id":"Q5706414","candidates":[]}],[],[]]]}