{"version":"1.2","table":{"version":"2","table_id":"XTAOESEY","columns":[{"index":0,"name":"col0","values":["2016 Grand Prix de Fourmies","2016 Grand Prix de Denain","2016 Omloop Het Nieuwsblad","2016 Cadel Evans Great Ocean Road Race","2016 Kuurne–Brussels–Kuurne","2015 Dwars door Vlaanderen","2014 Tour de Vendée","2015 Omloop Het Nieuwsblad","2017 Kuurne–Brussels–Kuurne","2016 Paris-Tours","2016 Milano–Torino","2016 Giro dell'Emilia","2016 Grand Prix of Aargau Canton","2016 RideLondon–Surrey Classic","2016 Trofeo Laigueglia","2016 Eschborn-Frankfurt City Loop","2015 Tre Valli Varesine","2018 Giro del Piemonte","2019 Kuurne–Brussels–Kuurne","2019 Trofeo Laigueglia"]},{"index":1,"name":"col1","values":["Manuel Belletti","Baptiste Planckaert","Peter Sagan","Simon Gerrans","Peter Sagan","Jelle Wallays","Thomas Voeckler","Zdeněk Štybar","Zdeněk Štybar","Jempy Drucker","Damiano Cunego","Rudy Molard","Andrea Pasqualon","Tom Boonen","Grega Bole","Alexander Kristoff","Vincenzo Nibali","Davide Ballerini","André Greipel","Giovanni Visconti"]},{"index":2,"name":"col2","values":["2017 Grand Prix de Fourmies","2017 Grand Prix de Denain","2017 Omloop Het Nieuwsblad","Cadel Evans Great Ocean Road Race 2017","2017 Kuurne–Brussels–Kuurne","2016 Dwars door Vlaanderen","2015 Tour de Vendée","2016 Omloop Het Nieuwsblad","2018 Kuurne–Brussels–Kuurne","2017 Paris-Tours","2017 Milano–Torino","2017 Giro dell'Emilia","2017 Grand Prix of Aargau Canton","2017 RideLondon–Surrey Classic","2017 Trofeo Laigueglia","2017 Eschborn-Frankfurt – Rund um den Finanzplatz","2016 Tre Valli Varesine","2019 Gran Piemonte","2020 Kuurne–Brussels–Kuurne","2020 Trofeo Laigueglia"]},{"index":3,"name":"col3","values":["2016-09-04","2016-04-14","2016-02-27","2016-01-31","2016-02-28","2015-03-25","2014-10-07","2015-02-28","2017-02-26","2016-10-09","2016-09-28","2016-09-24","2016-06-09","2016-07-31","2016-02-14","2016-05-01","2015-09-30","2018-10-11","2019-03-03","2019-02-17"]}]},"context":{"page_title":null,"page_url":null,"page_entity_id":null,"content_hierarchy":[]},"links":[[[{"start":0,"end":25,"url":null,"entity_id":"Q19842424","candidates":[]}],[{"start":0,"end":19,"url":null,"entity_id":"Q807114","candidates":[]}],[{"start":0,"end":25,"url":null,"entity_id":"Q29051814","candidates":[]}],[]],[[{"start":0,"end":26,"url":null,"entity_id":"Q20176865","candidates":[]}],[{"start":0,"end":11,"url":null,"entity_id":"Q309911","candidates":[]}],[{"start":0,"end":26,"url":null,"entity_id":"Q27827587","candidates":[]}],[]],[[{"start":0,"end":38,"url":null,"entity_id":"Q20651307","candidates":[]}],[{"start":0,"end":13,"url":null,"entity_id":"Q255439","candidates":[]}],[{"start":0,"end":38,"url":null,"entity_id":"Q22977069","candidates":[]}],[]],[[{"start":0,"end":27,"url":null,"entity_id":"Q20080457","candidates":[]}],[{"start":0,"end":11,"url":null,"entity_id":"Q309911","candidates":[]}],[{"start":0,"end":27,"url":null,"entity_id":"Q22976711","candidates":[]}],[]],[[{"start":0,"end":26,"url":null,"entity_id":"Q19606232","candidates":[]}],[{"start":0,"end":13,"url":null,"entity_id":"Q375971","candidates":[]}],[{"start":0,"end":26,"url":null,"entity_id":"Q21071155","candidates":[]}],[]],[[{"start":0,"end":19,"url":null,"entity_id":"Q18215426","candidates":[]}],[{"start":0,"end":15,"url":null,"entity_id":"Q312273","candidates":[]}],[{"start":0,"end":19,"url":null,"entity_id":"Q20991893","candidates":[]}],[]],[[{"start":0,"end":26,"url":null,"entity_id":"Q19056763","candidates":[]}],[{"start":0,"end":13,"url":null,"entity_id":"Q169109","candidates":[]}],[{"start":0,"end":26,"url":null,"entity_id":"Q20176865","candidates":[]}],[]],[[{"start":0,"end":27,"url":null,"entity_id":"Q22976711","candidates":[]}],[{"start":0,"end":13,"url":null,"entity_id":"Q169109","candidates":[]}],[{"start":0,"end":27,"url":null,"entity_id":"Q47809506","candidates":[]}],[]],[[{"start":0,"end":16,"url":null,"entity_id":"Q21088548","candidates":[]}],[{"start":0,"end":13,"url":null,"entity_id":"Q138069","candidates":[]}],[{"start":0,"end":16,"url":null,"entity_id":"Q41742077","candidates":[]}],[]],[[{"start":0,"end":18,"url":null,"entity_id":"Q26922709","candidates":[]}],[{"start":0,"end":14,"url":null,"entity_id":"Q316910","candidates":[]}],[{"start":0,"end":18,"url":null,"entity_id":"Q41517878","candidates":[]}],[]],[[{"start":0,"end":21,"url":null,"entity_id":"Q26922391","candidates":[]}],[{"start":0,"end":11,"url":null,"entity_id":"Q282045","candidates":[]}],[{"start":0,"end":21,"url":null,"entity_id":"Q41463725","candidates":[]}],[]],[[{"start":0,"end":32,"url":null,"entity_id":"Q21860036","candidates":[]}],[{"start":0,"end":16,"url":null,"entity_id":"Q494664","candidates":[]}],[{"start":0,"end":32,"url":null,"entity_id":"Q30129715","candidates":[]}],[]],[[{"start":0,"end":30,"url":null,"entity_id":"Q21559145","candidates":[]}],[{"start":0,"end":10,"url":null,"entity_id":"Q220998","candidates":[]}],[{"start":0,"end":30,"url":null,"entity_id":"Q29901849","candidates":[]}],[]],[[{"start":0,"end":22,"url":null,"entity_id":"Q21858066","candidates":[]}],[{"start":0,"end":10,"url":null,"entity_id":"Q174719","candidates":[]}],[{"start":0,"end":22,"url":null,"entity_id":"Q28731606","candidates":[]}],[]],[[{"start":0,"end":33,"url":null,"entity_id":"Q24074230","candidates":[]}],[{"start":0,"end":18,"url":null,"entity_id":"Q352080","candidates":[]}],[{"start":0,"end":49,"url":null,"entity_id":"Q27880179","candidates":[]}],[]],[[{"start":0,"end":23,"url":null,"entity_id":"Q21683349","candidates":[]}],[{"start":0,"end":15,"url":null,"entity_id":"Q312322","candidates":[]}],[{"start":0,"end":23,"url":null,"entity_id":"Q27074321","candidates":[]}],[]],[[{"start":0,"end":22,"url":null,"entity_id":"Q57050837","candidates":[]}],[{"start":0,"end":16,"url":null,"entity_id":"Q17496883","candidates":[]}],[{"start":0,"end":18,"url":null,"entity_id":"Q70275174","candidates":[]}],[]],[[{"start":0,"end":27,"url":null,"entity_id":"Q60050411","candidates":[]}],[{"start":0,"end":13,"url":null,"entity_id":"Q168712","candidates":[]}],[{"start":0,"end":27,"url":null,"entity_id":"Q86822651","candidates":[]}],[]],[[{"start":0,"end":22,"url":null,"entity_id":"Q61657222","candidates":[]}],[{"start":0,"end":17,"url":null,"entity_id":"Q381259","candidates":[]}],[{"start":0,"end":22,"url":null,"entity_id":"Q81731238","candidates":[]}],[]],[[{"start":0,"end":27,"url":null,"entity_id":"Q20872500","candidates":[]}],[{"start":0,"end":15,"url":null,"entity_id":"Q225310","candidates":[]}],[{"start":0,"end":27,"url":null,"entity_id":"Q30109961","candidates":[]}],[]]]}