{"version":"1.2","table":{"version":"2","table_id":"XUWCFZ0U","columns":[{"index":0,"name":"col0","values":["Eurozine","Vox Publica","Ekonomist","Hottest Place in Hell","Prajdzisvet","Lupa.cz","Časopis pro moderní filologii","Jnytt","Aftonbladet","Invisble Oranges","Finnish Music Quarterly","Freaky Trigger","Quanta Magazine","The Journal of Blacks in Higher Education","BellaNaija","The Signpost","The Diplomat","The Bulletin","Taki's Magazine","Tablet Magazine"]},{"index":1,"name":"col1","values":["1998-01-01","2006-01-01","2014-10-01","2013-09-02","2009-01-01","1998-01-01","2001-01-01","2006-01-01","1830-12-06","2006-01-01","1985-01-01","1999-01-01","2012-01-01","1993-01-01","2006-01-01","2005-01-10","2001-01-01","1962-01-01","2007-02-05","2009-06-01"]},{"index":2,"name":"col2","values":["languages of Europe","Bokmål","Serbian","Hebrew","Belarusian","Czech","Czech","Swedish","Swedish","English","English","English","English","English","English","English","English","English","English","English"]}]},"context":{"page_title":null,"page_url":null,"page_entity_id":null,"content_hierarchy":[]},"links":[[[{"start":0,"end":11,"url":null,"entity_id":"Q12010127","candidates":[]}],[],[{"start":0,"end":6,"url":null,"entity_id":"Q25167","candidates":[]}]],[[{"start":0,"end":9,"url":null,"entity_id":"Q28916430","candidates":[]}],[],[{"start":0,"end":7,"url":null,"entity_id":"Q9299","candidates":[]}]],[[{"start":0,"end":21,"url":null,"entity_id":"Q31197351","candidates":[]}],[],[{"start":0,"end":6,"url":null,"entity_id":"Q9288","candidates":[]}]],[[{"start":0,"end":11,"url":null,"entity_id":"Q3919148","candidates":[]}],[],[{"start":0,"end":10,"url":null,"entity_id":"Q9091","candidates":[]}]],[[{"start":0,"end":7,"url":null,"entity_id":"Q12034425","candidates":[]}],[],[{"start":0,"end":5,"url":null,"entity_id":"Q9056","candidates":[]}]],[[{"start":0,"end":29,"url":null,"entity_id":"Q11169738","candidates":[]}],[],[{"start":0,"end":5,"url":null,"entity_id":"Q9056","candidates":[]}]],[[{"start":0,"end":5,"url":null,"entity_id":"Q10540241","candidates":[]}],[],[{"start":0,"end":7,"url":null,"entity_id":"Q9027","candidates":[]}]],[[{"start":0,"end":11,"url":null,"entity_id":"Q389458","candidates":[]}],[],[{"start":0,"end":7,"url":null,"entity_id":"Q9027","candidates":[]}]],[[{"start":0,"end":16,"url":null,"entity_id":"Q51537921","candidates":[]}],[],[{"start":0,"end":7,"url":null,"entity_id":"Q1860","candidates":[]}]],[[{"start":0,"end":23,"url":null,"entity_id":"Q42901857","candidates":[]}],[],[{"start":0,"end":7,"url":null,"entity_id":"Q1860","candidates":[]}]],[[{"start":0,"end":14,"url":null,"entity_id":"Q30591267","candidates":[]}],[],[{"start":0,"end":7,"url":null,"entity_id":"Q1860","candidates":[]}]],[[{"start":0,"end":15,"url":null,"entity_id":"Q28403687","candidates":[]}],[],[{"start":0,"end":7,"url":null,"entity_id":"Q1860","candidates":[]}]],[[{"start":0,"end":41,"url":null,"entity_id":"Q22023017","candidates":[]}],[],[{"start":0,"end":7,"url":null,"entity_id":"Q1860","candidates":[]}]],[[{"start":0,"end":10,"url":null,"entity_id":"Q21401829","candidates":[]}],[],[{"start":0,"end":7,"url":null,"entity_id":"Q1860","candidates":[]}]],[[{"start":0,"end":12,"url":null,"entity_id":"Q16639816","candidates":[]}],[],[{"start":0,"end":7,"url":null,"entity_id":"Q1860","candidates":[]}]],[[{"start":0,"end":12,"url":null,"entity_id":"Q7730237","candidates":[]}],[],[{"start":0,"end":7,"url":null,"entity_id":"Q1860","candidates":[]}]],[[{"start":0,"end":12,"url":null,"entity_id":"Q7720575","candidates":[]}],[],[{"start":0,"end":7,"url":null,"entity_id":"Q1860","candidates":[]}]],[[{"start":0,"end":15,"url":null,"entity_id":"Q7678269","candidates":[]}],[],[{"start":0,"end":7,"url":null,"entity_id":"Q1860","candidates":[]}]],[[{"start":0,"end":15,"url":null,"entity_id":"Q7673447","candidates":[]}],[],[{"start":0,"end":7,"url":null,"entity_id":"Q1860","candidates":[]}]],[[{"start":0,"end":8,"url":null,"entity_id":"Q683286","candidates":[]}],[],[{"start":0,"end":19,"url":null,"entity_id":"Q48366","candidates":[]}]]]}