{"version":"1.2","table":{"version":"2","table_id":"XYDOAG3G","columns":[{"index":0,"name":"col0","values":["xenon-148","xenon-109","xenon-147","xenon-146","xenon-145","xenon-144","xenon-143","xenon-142","xenon-141","xenon-140","xenon-139","xenon-138","xenon-123","xenon-121","xenon-135","xenon-119","xenon-134","xenon-114","xenon-124","xenon-126"]},{"index":1,"name":"col1","values":["94","55","93","92","91","90","89","88","87","86","85","84","69","67","81","65","80","60","70","72"]},{"index":2,"name":"col2","values":["-38600","-46169.548","-42360","-47954.943","-51493.329","-56872.293","-60202.873","-65229.639","-68197.299","-72986.451","-75644.576","-79972.233","-85248.701","-82480.986","-86413.151","-78794.413","-88125.822","-67085.89","-87661.421","-89146.962"]}]},"context":{"page_title":null,"page_url":null,"page_entity_id":null,"content_hierarchy":[]},"links":[[[{"start":0,"end":9,"url":null,"entity_id":"Q47456847","candidates":[]}],[],[]],[[{"start":0,"end":9,"url":null,"entity_id":"Q18881647","candidates":[]}],[],[]],[[{"start":0,"end":9,"url":null,"entity_id":"Q18881645","candidates":[]}],[],[]],[[{"start":0,"end":9,"url":null,"entity_id":"Q18881644","candidates":[]}],[],[]],[[{"start":0,"end":9,"url":null,"entity_id":"Q18881643","candidates":[]}],[],[]],[[{"start":0,"end":9,"url":null,"entity_id":"Q18881641","candidates":[]}],[],[]],[[{"start":0,"end":9,"url":null,"entity_id":"Q18881640","candidates":[]}],[],[]],[[{"start":0,"end":9,"url":null,"entity_id":"Q18881639","candidates":[]}],[],[]],[[{"start":0,"end":9,"url":null,"entity_id":"Q18881638","candidates":[]}],[],[]],[[{"start":0,"end":9,"url":null,"entity_id":"Q18881635","candidates":[]}],[],[]],[[{"start":0,"end":9,"url":null,"entity_id":"Q18881634","candidates":[]}],[],[]],[[{"start":0,"end":9,"url":null,"entity_id":"Q14521122","candidates":[]}],[],[]],[[{"start":0,"end":9,"url":null,"entity_id":"Q14521121","candidates":[]}],[],[]],[[{"start":0,"end":9,"url":null,"entity_id":"Q6501182","candidates":[]}],[],[]],[[{"start":0,"end":9,"url":null,"entity_id":"Q5021186","candidates":[]}],[],[]],[[{"start":0,"end":9,"url":null,"entity_id":"Q3459792","candidates":[]}],[],[]],[[{"start":0,"end":9,"url":null,"entity_id":"Q3289868","candidates":[]}],[],[]],[[{"start":0,"end":9,"url":null,"entity_id":"Q3268486","candidates":[]}],[],[]],[[{"start":0,"end":9,"url":null,"entity_id":"Q3134801","candidates":[]}],[],[]],[[{"start":0,"end":9,"url":null,"entity_id":"Q47456932","candidates":[]}],[],[]]]}