{"version":"1.2","table":{"version":"2","table_id":"Y1RFOCI9","columns":[{"index":0,"name":"col0","values":["Le Contentement","Langmoedigheid","Landlust","Lamotraye","La Tourtonne","La Prévoyance","La Poule","La Persévérance","La Nouvelle Espérance","La Campagne","L'Espérance","L'Embarras","L'Aventure","Kweekhoven","Kulenkampspruit","Kortevreugd en Kleinshoven","Kocqswoud","Kleinslust","Kleinhausen","Klein Westphalenshoop"]},{"index":1,"name":"col1","values":["coffee bean","coffee bean","coffee bean","coffee bean","coffee bean","coffee bean","coffee bean","coffee bean","coffee bean","coffee bean","coffee bean","coffee bean","coffee bean","coffee bean","coffee bean","coffee bean","coffee bean","coffee bean","coffee bean","coffee bean"]},{"index":2,"name":"col2","values":["Suriname","Suriname","Suriname","Suriname","Suriname","Suriname","Suriname","Suriname","Suriname","Suriname","Suriname","Suriname","Suriname","Suriname","Suriname","Suriname","Suriname","Suriname","Suriname","Suriname"]}]},"context":{"page_title":null,"page_url":null,"page_entity_id":null,"content_hierarchy":[]},"links":[[[{"start":0,"end":14,"url":null,"entity_id":"Q59116927","candidates":[]}],[{"start":0,"end":11,"url":null,"entity_id":"Q153697","candidates":[]}],[{"start":0,"end":8,"url":null,"entity_id":"Q730","candidates":[]}]],[[{"start":0,"end":8,"url":null,"entity_id":"Q59116918","candidates":[]}],[{"start":0,"end":11,"url":null,"entity_id":"Q153697","candidates":[]}],[{"start":0,"end":8,"url":null,"entity_id":"Q730","candidates":[]}]],[[{"start":0,"end":9,"url":null,"entity_id":"Q59116917","candidates":[]}],[{"start":0,"end":11,"url":null,"entity_id":"Q153697","candidates":[]}],[{"start":0,"end":8,"url":null,"entity_id":"Q730","candidates":[]}]],[[{"start":0,"end":12,"url":null,"entity_id":"Q59116910","candidates":[]}],[{"start":0,"end":11,"url":null,"entity_id":"Q153697","candidates":[]}],[{"start":0,"end":8,"url":null,"entity_id":"Q730","candidates":[]}]],[[{"start":0,"end":13,"url":null,"entity_id":"Q59116888","candidates":[]}],[{"start":0,"end":11,"url":null,"entity_id":"Q153697","candidates":[]}],[{"start":0,"end":8,"url":null,"entity_id":"Q730","candidates":[]}]],[[{"start":0,"end":8,"url":null,"entity_id":"Q59116887","candidates":[]}],[{"start":0,"end":11,"url":null,"entity_id":"Q153697","candidates":[]}],[{"start":0,"end":8,"url":null,"entity_id":"Q730","candidates":[]}]],[[{"start":0,"end":15,"url":null,"entity_id":"Q59116885","candidates":[]}],[{"start":0,"end":11,"url":null,"entity_id":"Q153697","candidates":[]}],[{"start":0,"end":8,"url":null,"entity_id":"Q730","candidates":[]}]],[[{"start":0,"end":21,"url":null,"entity_id":"Q59116876","candidates":[]}],[{"start":0,"end":11,"url":null,"entity_id":"Q153697","candidates":[]}],[{"start":0,"end":8,"url":null,"entity_id":"Q730","candidates":[]}]],[[{"start":0,"end":11,"url":null,"entity_id":"Q59116860","candidates":[]}],[{"start":0,"end":11,"url":null,"entity_id":"Q153697","candidates":[]}],[{"start":0,"end":8,"url":null,"entity_id":"Q730","candidates":[]}]],[[{"start":0,"end":11,"url":null,"entity_id":"Q59116851","candidates":[]}],[{"start":0,"end":11,"url":null,"entity_id":"Q153697","candidates":[]}],[{"start":0,"end":8,"url":null,"entity_id":"Q730","candidates":[]}]],[[{"start":0,"end":10,"url":null,"entity_id":"Q59116848","candidates":[]}],[{"start":0,"end":11,"url":null,"entity_id":"Q153697","candidates":[]}],[{"start":0,"end":8,"url":null,"entity_id":"Q730","candidates":[]}]],[[{"start":0,"end":10,"url":null,"entity_id":"Q59116847","candidates":[]}],[{"start":0,"end":11,"url":null,"entity_id":"Q153697","candidates":[]}],[{"start":0,"end":8,"url":null,"entity_id":"Q730","candidates":[]}]],[[{"start":0,"end":10,"url":null,"entity_id":"Q59116841","candidates":[]}],[{"start":0,"end":11,"url":null,"entity_id":"Q153697","candidates":[]}],[{"start":0,"end":8,"url":null,"entity_id":"Q730","candidates":[]}]],[[{"start":0,"end":15,"url":null,"entity_id":"Q59116838","candidates":[]}],[{"start":0,"end":11,"url":null,"entity_id":"Q153697","candidates":[]}],[{"start":0,"end":8,"url":null,"entity_id":"Q730","candidates":[]}]],[[{"start":0,"end":26,"url":null,"entity_id":"Q59116836","candidates":[]}],[{"start":0,"end":11,"url":null,"entity_id":"Q153697","candidates":[]}],[{"start":0,"end":8,"url":null,"entity_id":"Q730","candidates":[]}]],[[{"start":0,"end":9,"url":null,"entity_id":"Q59116832","candidates":[]}],[{"start":0,"end":11,"url":null,"entity_id":"Q153697","candidates":[]}],[{"start":0,"end":8,"url":null,"entity_id":"Q730","candidates":[]}]],[[{"start":0,"end":10,"url":null,"entity_id":"Q59116829","candidates":[]}],[{"start":0,"end":11,"url":null,"entity_id":"Q153697","candidates":[]}],[{"start":0,"end":8,"url":null,"entity_id":"Q730","candidates":[]}]],[[{"start":0,"end":11,"url":null,"entity_id":"Q59116827","candidates":[]}],[{"start":0,"end":11,"url":null,"entity_id":"Q153697","candidates":[]}],[{"start":0,"end":8,"url":null,"entity_id":"Q730","candidates":[]}]],[[{"start":0,"end":21,"url":null,"entity_id":"Q59116822","candidates":[]}],[{"start":0,"end":11,"url":null,"entity_id":"Q153697","candidates":[]}],[{"start":0,"end":8,"url":null,"entity_id":"Q730","candidates":[]}]],[[{"start":0,"end":15,"url":null,"entity_id":"Q59116928","candidates":[]}],[{"start":0,"end":11,"url":null,"entity_id":"Q153697","candidates":[]}],[{"start":0,"end":8,"url":null,"entity_id":"Q730","candidates":[]}]]]}