{"version":"1.2","table":{"version":"2","table_id":"Y2B3NS0H","columns":[{"index":0,"name":"col0","values":["Braebuun","Shinipg Armor","Princess Cadancf","Big MdIntosh","Poun Cake","Cu Cake","Pumkin Cake","Mayor are","Granqy Smith","Aplejack","Sweevie Belle","Scooaloo","Pinkie ie","Spails","Snips","Apple Blom","Rbrity","Rainbow!Dash","Crrot Cake","Twilight Sparle"]},{"index":1,"name":"col1","values":["Kazuyuki Okitsu","Nico Sablik","Britt McKillip","Peter New","Tabitha St. Germain","Tabitha St. Germain","Andrea Libman","Liane Rudolph","Eva-Maria Werth","Janka Solecki","Zsofia Manya","Cathlen Gawlich","Shannon Chan-Kent","Akira Ishida","Kappei Yamaguchi","Ikue Ōtani","Rubina Kuraoka","Giuliana Jakobeit","Brian Drummond","Tara Strong"]},{"index":2,"name":"col2","values":["Appleloosa","Crystal Empire","Crystal Empire","Ponyville","Ponyville","Ponyville","Ponyville","Ponyville","Ponyville","Ponyville","Ponyville","Ponyville","Ponyville","Ponyville","Ponyville","Ponyville","Ponyville","Ponyville","Ponyville","Ponyville"]},{"index":3,"name":"col3","values":["My Little Pony Universe","My Little Pony Universe","My Little Pony Universe","My Little Pony Universe","My Little Pony Universe","My Little Pony Universe","My Little Pony Universe","My Little Pony Universe","My Little Pony Universe","My Little Pony Universe","My Little Pony Universe","My Little Pony Universe","My Little Pony Universe","My Little Pony Universe","My Little Pony Universe","My Little Pony Universe","My Little Pony Universe","My Little Pony Universe","My Little Pony Universe","My Little Pony Universe"]}]},"context":{"page_title":null,"page_url":null,"page_entity_id":null,"content_hierarchy":[]},"links":[[[{"start":0,"end":13,"url":null,"entity_id":"Q15707503","candidates":[]}],[{"start":0,"end":11,"url":null,"entity_id":"Q1986002","candidates":[]}],[{"start":0,"end":14,"url":null,"entity_id":"Q15711342","candidates":[]}],[{"start":0,"end":23,"url":null,"entity_id":"Q46803756","candidates":[]}]],[[{"start":0,"end":16,"url":null,"entity_id":"Q15710886","candidates":[]}],[{"start":0,"end":14,"url":null,"entity_id":"Q458871","candidates":[]}],[{"start":0,"end":14,"url":null,"entity_id":"Q15711342","candidates":[]}],[{"start":0,"end":23,"url":null,"entity_id":"Q46803756","candidates":[]}]],[[{"start":0,"end":12,"url":null,"entity_id":"Q15710470","candidates":[]}],[{"start":0,"end":9,"url":null,"entity_id":"Q3176414","candidates":[]}],[{"start":0,"end":9,"url":null,"entity_id":"Q3908318","candidates":[]}],[{"start":0,"end":23,"url":null,"entity_id":"Q46803756","candidates":[]}]],[[{"start":0,"end":9,"url":null,"entity_id":"Q15725333","candidates":[]}],[{"start":0,"end":19,"url":null,"entity_id":"Q2092688","candidates":[]}],[{"start":0,"end":9,"url":null,"entity_id":"Q3908318","candidates":[]}],[{"start":0,"end":23,"url":null,"entity_id":"Q46803756","candidates":[]}]],[[{"start":0,"end":7,"url":null,"entity_id":"Q15710921","candidates":[]}],[{"start":0,"end":19,"url":null,"entity_id":"Q2092688","candidates":[]}],[{"start":0,"end":9,"url":null,"entity_id":"Q3908318","candidates":[]}],[{"start":0,"end":23,"url":null,"entity_id":"Q46803756","candidates":[]}]],[[{"start":0,"end":11,"url":null,"entity_id":"Q15725299","candidates":[]}],[{"start":0,"end":13,"url":null,"entity_id":"Q2061979","candidates":[]}],[{"start":0,"end":9,"url":null,"entity_id":"Q3908318","candidates":[]}],[{"start":0,"end":23,"url":null,"entity_id":"Q46803756","candidates":[]}]],[[{"start":0,"end":9,"url":null,"entity_id":"Q15710909","candidates":[]}],[{"start":0,"end":13,"url":null,"entity_id":"Q1822709","candidates":[]}],[{"start":0,"end":9,"url":null,"entity_id":"Q3908318","candidates":[]}],[{"start":0,"end":23,"url":null,"entity_id":"Q46803756","candidates":[]}]],[[{"start":0,"end":12,"url":null,"entity_id":"Q15711517","candidates":[]}],[{"start":0,"end":15,"url":null,"entity_id":"Q1379081","candidates":[]}],[{"start":0,"end":9,"url":null,"entity_id":"Q3908318","candidates":[]}],[{"start":0,"end":23,"url":null,"entity_id":"Q46803756","candidates":[]}]],[[{"start":0,"end":8,"url":null,"entity_id":"Q7468973","candidates":[]}],[{"start":0,"end":13,"url":null,"entity_id":"Q1289794","candidates":[]}],[{"start":0,"end":9,"url":null,"entity_id":"Q3908318","candidates":[]}],[{"start":0,"end":23,"url":null,"entity_id":"Q46803756","candidates":[]}]],[[{"start":0,"end":13,"url":null,"entity_id":"Q15707540","candidates":[]}],[{"start":0,"end":12,"url":null,"entity_id":"Q1212121","candidates":[]}],[{"start":0,"end":9,"url":null,"entity_id":"Q3908318","candidates":[]}],[{"start":0,"end":23,"url":null,"entity_id":"Q46803756","candidates":[]}]],[[{"start":0,"end":8,"url":null,"entity_id":"Q9075227","candidates":[]}],[{"start":0,"end":15,"url":null,"entity_id":"Q1051091","candidates":[]}],[{"start":0,"end":9,"url":null,"entity_id":"Q3908318","candidates":[]}],[{"start":0,"end":23,"url":null,"entity_id":"Q46803756","candidates":[]}]],[[{"start":0,"end":9,"url":null,"entity_id":"Q15141427","candidates":[]}],[{"start":0,"end":17,"url":null,"entity_id":"Q964315","candidates":[]}],[{"start":0,"end":9,"url":null,"entity_id":"Q3908318","candidates":[]}],[{"start":0,"end":23,"url":null,"entity_id":"Q46803756","candidates":[]}]],[[{"start":0,"end":6,"url":null,"entity_id":"Q15725887","candidates":[]}],[{"start":0,"end":12,"url":null,"entity_id":"Q418736","candidates":[]}],[{"start":0,"end":9,"url":null,"entity_id":"Q3908318","candidates":[]}],[{"start":0,"end":23,"url":null,"entity_id":"Q46803756","candidates":[]}]],[[{"start":0,"end":5,"url":null,"entity_id":"Q15726738","candidates":[]}],[{"start":0,"end":16,"url":null,"entity_id":"Q355173","candidates":[]}],[{"start":0,"end":9,"url":null,"entity_id":"Q3908318","candidates":[]}],[{"start":0,"end":23,"url":null,"entity_id":"Q46803756","candidates":[]}]],[[{"start":0,"end":10,"url":null,"entity_id":"Q15707554","candidates":[]}],[{"start":0,"end":10,"url":null,"entity_id":"Q233380","candidates":[]}],[{"start":0,"end":9,"url":null,"entity_id":"Q3908318","candidates":[]}],[{"start":0,"end":23,"url":null,"entity_id":"Q46803756","candidates":[]}]],[[{"start":0,"end":6,"url":null,"entity_id":"Q9300505","candidates":[]}],[{"start":0,"end":14,"url":null,"entity_id":"Q123446","candidates":[]}],[{"start":0,"end":9,"url":null,"entity_id":"Q3908318","candidates":[]}],[{"start":0,"end":23,"url":null,"entity_id":"Q46803756","candidates":[]}]],[[{"start":0,"end":12,"url":null,"entity_id":"Q12739035","candidates":[]}],[{"start":0,"end":17,"url":null,"entity_id":"Q122582","candidates":[]}],[{"start":0,"end":9,"url":null,"entity_id":"Q3908318","candidates":[]}],[{"start":0,"end":23,"url":null,"entity_id":"Q46803756","candidates":[]}]],[[{"start":0,"end":10,"url":null,"entity_id":"Q15710935","candidates":[]}],[{"start":0,"end":14,"url":null,"entity_id":"Q26741","candidates":[]}],[{"start":0,"end":9,"url":null,"entity_id":"Q3908318","candidates":[]}],[{"start":0,"end":23,"url":null,"entity_id":"Q46803756","candidates":[]}]],[[{"start":0,"end":15,"url":null,"entity_id":"Q15141696","candidates":[]}],[{"start":0,"end":11,"url":null,"entity_id":"Q4029","candidates":[]}],[{"start":0,"end":9,"url":null,"entity_id":"Q3908318","candidates":[]}],[{"start":0,"end":23,"url":null,"entity_id":"Q46803756","candidates":[]}]],[[{"start":0,"end":8,"url":null,"entity_id":"Q15711505","candidates":[]}],[{"start":0,"end":15,"url":null,"entity_id":"Q868226","candidates":[]}],[{"start":0,"end":10,"url":null,"entity_id":"Q15711512","candidates":[]}],[{"start":0,"end":23,"url":null,"entity_id":"Q46803756","candidates":[]}]]]}