{"version":"1.2","table":{"version":"2","table_id":"Y2M6XZZV","columns":[{"index":0,"name":"col0","values":["MMB G010.299-00.146","Caswell CH3OH 045.49+00.13","MMB G012.681-00.182","MMB G011.936-00.616","MMB G308.686+00.530","MMB G305.887+00.017","OH 324.72 +0.34","MMB G012.625-00.017","MMB G312.307+00.661","MMB G016.831+00.079","MMB G003.442-00.348","MMB G323.459-00.079","MMB G345.407-00.952","MMB G333.646+00.058","MMB G010.323-00.160","OH 328.24 -0.55","MMB G305.199+00.005","MMB G332.726-00.621","AGAL G029.862-00.044","[HLB98] Onsala 100"]},{"index":1,"name":"col1","values":["5.2","7.25","4.85","4.02","4.3","7.08","3.39","2.69","0.61","11.58","5.2","3.8","1.8","5.16","2","2.5","7.07","3.41","12.2","5.22"]},{"index":2,"name":"col2","values":["272.2335812","288.547","273.47810708","273.503708","205.105542","199.314708","233.739458","273.297083","212.353958","275.289708","268.733792","232.330542","257.397583","245.2883080955972","272.256083","239.492833","197.821667","245.0125","281.497653","287.96625"]}]},"context":{"page_title":null,"page_url":null,"page_entity_id":null,"content_hierarchy":[]},"links":[[[{"start":0,"end":26,"url":null,"entity_id":"Q86170334","candidates":[]}],[],[]],[[{"start":0,"end":19,"url":null,"entity_id":"Q85537372","candidates":[]}],[],[]],[[{"start":0,"end":19,"url":null,"entity_id":"Q85537313","candidates":[]}],[],[]],[[{"start":0,"end":19,"url":null,"entity_id":"Q85483122","candidates":[]}],[],[]],[[{"start":0,"end":19,"url":null,"entity_id":"Q85483118","candidates":[]}],[],[]],[[{"start":0,"end":15,"url":null,"entity_id":"Q85483117","candidates":[]}],[],[]],[[{"start":0,"end":19,"url":null,"entity_id":"Q85483112","candidates":[]}],[],[]],[[{"start":0,"end":19,"url":null,"entity_id":"Q85483109","candidates":[]}],[],[]],[[{"start":0,"end":19,"url":null,"entity_id":"Q85483108","candidates":[]}],[],[]],[[{"start":0,"end":19,"url":null,"entity_id":"Q85483106","candidates":[]}],[],[]],[[{"start":0,"end":19,"url":null,"entity_id":"Q86535962","candidates":[]}],[],[]],[[{"start":0,"end":19,"url":null,"entity_id":"Q86534470","candidates":[]}],[],[]],[[{"start":0,"end":19,"url":null,"entity_id":"Q86358768","candidates":[]}],[],[]],[[{"start":0,"end":19,"url":null,"entity_id":"Q85317794","candidates":[]}],[],[]],[[{"start":0,"end":15,"url":null,"entity_id":"Q78121562","candidates":[]}],[],[]],[[{"start":0,"end":19,"url":null,"entity_id":"Q77630221","candidates":[]}],[],[]],[[{"start":0,"end":19,"url":null,"entity_id":"Q77628453","candidates":[]}],[],[]],[[{"start":0,"end":20,"url":null,"entity_id":"Q76801546","candidates":[]}],[],[]],[[{"start":0,"end":18,"url":null,"entity_id":"Q83500063","candidates":[]}],[],[]],[[{"start":0,"end":19,"url":null,"entity_id":"Q86356775","candidates":[]}],[],[]]]}