{"version":"1.2","table":{"version":"2","table_id":"Y8ELOVT6","columns":[{"index":0,"name":"col0","values":["Fletcher & Parr","Simson Hardy & Sons","Messrs Phillips & Co.","Chas C Fowle & William Kemp","Richards Mills & Co.","David Williams & Co.","J. J. Griffiths & Co.","J. Griffith & Co.","W.O. McCormick & Co.","J Day Jnr. & Co.","D & Elizabeth Nicholas","Richard and Robert Newall","Leighton Baker & Co.","Owen & Williams","John Hugh Edwards & Co.","Ed T Agius & Co.","Morgans & Co.","Patrick Grant & Thomas Hill","Messrs Pritchard Bros & Co.","Morgan Evans & Co.","Timothy & Co.","John Rees & Co.","Evan Timothy & Co.","A Murdock & Sons Ltd","Rea Transport Co.","R & D Jones","Old Tredegar Board Co.","Phillips & Co.","Jones & Son","James / William Harland & Co."]},{"index":1,"name":"col1","values":["Liverpool","London","New Quay","Whitstable","Liverpool","Gilfachrheda","Aberaeron","Aberaeron","Dún Laoghaire","Liverpool","Porthmadog","Aberystwyth","Liverpool","Porthmadog","Aberystwyth","Southampton","Aberystwyth","Waterford","Porthmadog","New Quay","New Quay","New Quay","New Quay","Drogheda","London","Liverpool","Newport","New Quay","Aberystwyth","Birkenhead"]},{"index":2,"name":"col2","values":["John Elias","John Elias","Laura","Laura","Bessie","Thomas & Sons","Aeron Vale","Aeron Vale","Marwood","Eagle Eyed","Catherine & Mary","Burncoose","Louisa Ann","Rheidol Vale","Rheidol Vale","Jane Davies","Jane Morgans","Jane Morgans","Aeron Belle","Ellen Catherine","Ellen Catherine","Ellen Catherine","Ellen Catherine","Gwalia","Gwalia","Gowerian","Beryl","John & Mary","Clarissa","Zouave"]}]},"context":{"page_title":null,"page_url":null,"page_entity_id":null,"content_hierarchy":[]},"links":[[[{"start":0,"end":19,"url":null,"entity_id":"Q56508499","candidates":[]}],[{"start":0,"end":6,"url":null,"entity_id":"Q84","candidates":[]}],[{"start":0,"end":10,"url":null,"entity_id":"Q24027330","candidates":[]}]],[[{"start":0,"end":21,"url":null,"entity_id":"Q56508503","candidates":[]}],[{"start":0,"end":8,"url":null,"entity_id":"Q2039004","candidates":[]}],[{"start":0,"end":5,"url":null,"entity_id":"Q24027262","candidates":[]}]],[[{"start":0,"end":27,"url":null,"entity_id":"Q56508527","candidates":[]}],[{"start":0,"end":10,"url":null,"entity_id":"Q964785","candidates":[]}],[{"start":0,"end":5,"url":null,"entity_id":"Q24027262","candidates":[]}]],[[{"start":0,"end":20,"url":null,"entity_id":"Q56508397","candidates":[]}],[{"start":0,"end":9,"url":null,"entity_id":"Q24826","candidates":[]}],[{"start":0,"end":6,"url":null,"entity_id":"Q24027254","candidates":[]}]],[[{"start":0,"end":20,"url":null,"entity_id":"Q56508430","candidates":[]}],[{"start":0,"end":12,"url":null,"entity_id":"Q16001002","candidates":[]}],[{"start":0,"end":13,"url":null,"entity_id":"Q24027222","candidates":[]}]],[[{"start":0,"end":21,"url":null,"entity_id":"Q56508466","candidates":[]}],[{"start":0,"end":9,"url":null,"entity_id":"Q1765460","candidates":[]}],[{"start":0,"end":10,"url":null,"entity_id":"Q24027217","candidates":[]}]],[[{"start":0,"end":17,"url":null,"entity_id":"Q56508433","candidates":[]}],[{"start":0,"end":9,"url":null,"entity_id":"Q1765460","candidates":[]}],[{"start":0,"end":10,"url":null,"entity_id":"Q24027217","candidates":[]}]],[[{"start":0,"end":20,"url":null,"entity_id":"Q56508500","candidates":[]}],[{"start":0,"end":13,"url":null,"entity_id":"Q745989","candidates":[]}],[{"start":0,"end":7,"url":null,"entity_id":"Q24027212","candidates":[]}]],[[{"start":0,"end":16,"url":null,"entity_id":"Q56508520","candidates":[]}],[{"start":0,"end":9,"url":null,"entity_id":"Q24826","candidates":[]}],[{"start":0,"end":10,"url":null,"entity_id":"Q24027177","candidates":[]}]],[[{"start":0,"end":22,"url":null,"entity_id":"Q56508535","candidates":[]}],[{"start":0,"end":10,"url":null,"entity_id":"Q950671","candidates":[]}],[{"start":0,"end":16,"url":null,"entity_id":"Q24027175","candidates":[]}]],[[{"start":0,"end":25,"url":null,"entity_id":"Q56557105","candidates":[]}],[{"start":0,"end":11,"url":null,"entity_id":"Q213154","candidates":[]}],[{"start":0,"end":9,"url":null,"entity_id":"Q24027158","candidates":[]}]],[[{"start":0,"end":20,"url":null,"entity_id":"Q56508532","candidates":[]}],[{"start":0,"end":9,"url":null,"entity_id":"Q24826","candidates":[]}],[{"start":0,"end":10,"url":null,"entity_id":"Q24027133","candidates":[]}]],[[{"start":0,"end":15,"url":null,"entity_id":"Q56508427","candidates":[]}],[{"start":0,"end":10,"url":null,"entity_id":"Q950671","candidates":[]}],[{"start":0,"end":12,"url":null,"entity_id":"Q24027127","candidates":[]}]],[[{"start":0,"end":23,"url":null,"entity_id":"Q56508486","candidates":[]}],[{"start":0,"end":11,"url":null,"entity_id":"Q213154","candidates":[]}],[{"start":0,"end":12,"url":null,"entity_id":"Q24027127","candidates":[]}]],[[{"start":0,"end":16,"url":null,"entity_id":"Q56508498","candidates":[]}],[{"start":0,"end":11,"url":null,"entity_id":"Q79848","candidates":[]}],[{"start":0,"end":11,"url":null,"entity_id":"Q24027120","candidates":[]}]],[[{"start":0,"end":13,"url":null,"entity_id":"Q56508455","candidates":[]}],[{"start":0,"end":11,"url":null,"entity_id":"Q213154","candidates":[]}],[{"start":0,"end":12,"url":null,"entity_id":"Q24027104","candidates":[]}]],[[{"start":0,"end":27,"url":null,"entity_id":"Q56508511","candidates":[]}],[{"start":0,"end":9,"url":null,"entity_id":"Q183551","candidates":[]}],[{"start":0,"end":12,"url":null,"entity_id":"Q24027104","candidates":[]}]],[[{"start":0,"end":27,"url":null,"entity_id":"Q56508509","candidates":[]}],[{"start":0,"end":10,"url":null,"entity_id":"Q950671","candidates":[]}],[{"start":0,"end":11,"url":null,"entity_id":"Q24027061","candidates":[]}]],[[{"start":0,"end":18,"url":null,"entity_id":"Q56508502","candidates":[]}],[{"start":0,"end":8,"url":null,"entity_id":"Q2039004","candidates":[]}],[{"start":0,"end":15,"url":null,"entity_id":"Q24027032","candidates":[]}]],[[{"start":0,"end":13,"url":null,"entity_id":"Q56508492","candidates":[]}],[{"start":0,"end":8,"url":null,"entity_id":"Q2039004","candidates":[]}],[{"start":0,"end":15,"url":null,"entity_id":"Q24027032","candidates":[]}]],[[{"start":0,"end":15,"url":null,"entity_id":"Q56508472","candidates":[]}],[{"start":0,"end":8,"url":null,"entity_id":"Q2039004","candidates":[]}],[{"start":0,"end":15,"url":null,"entity_id":"Q24027032","candidates":[]}]],[[{"start":0,"end":18,"url":null,"entity_id":"Q56508437","candidates":[]}],[{"start":0,"end":8,"url":null,"entity_id":"Q2039004","candidates":[]}],[{"start":0,"end":15,"url":null,"entity_id":"Q24027032","candidates":[]}]],[[{"start":0,"end":20,"url":null,"entity_id":"Q56508496","candidates":[]}],[{"start":0,"end":8,"url":null,"entity_id":"Q207223","candidates":[]}],[{"start":0,"end":6,"url":null,"entity_id":"Q24027017","candidates":[]}]],[[{"start":0,"end":17,"url":null,"entity_id":"Q56508516","candidates":[]}],[{"start":0,"end":6,"url":null,"entity_id":"Q84","candidates":[]}],[{"start":0,"end":6,"url":null,"entity_id":"Q24027017","candidates":[]}]],[[{"start":0,"end":11,"url":null,"entity_id":"Q56508447","candidates":[]}],[{"start":0,"end":9,"url":null,"entity_id":"Q24826","candidates":[]}],[{"start":0,"end":8,"url":null,"entity_id":"Q24027015","candidates":[]}]],[[{"start":0,"end":22,"url":null,"entity_id":"Q56508394","candidates":[]}],[{"start":0,"end":7,"url":null,"entity_id":"Q101254","candidates":[]}],[{"start":0,"end":5,"url":null,"entity_id":"Q24026982","candidates":[]}]],[[{"start":0,"end":14,"url":null,"entity_id":"Q56508419","candidates":[]}],[{"start":0,"end":8,"url":null,"entity_id":"Q2039004","candidates":[]}],[{"start":0,"end":11,"url":null,"entity_id":"Q24026955","candidates":[]}]],[[{"start":0,"end":11,"url":null,"entity_id":"Q56508469","candidates":[]}],[{"start":0,"end":11,"url":null,"entity_id":"Q213154","candidates":[]}],[{"start":0,"end":8,"url":null,"entity_id":"Q24026938","candidates":[]}]],[[{"start":0,"end":29,"url":null,"entity_id":"Q56508501","candidates":[]}],[{"start":0,"end":10,"url":null,"entity_id":"Q746718","candidates":[]}],[{"start":0,"end":6,"url":null,"entity_id":"Q23936306","candidates":[]}]],[[{"start":0,"end":15,"url":null,"entity_id":"Q56508484","candidates":[]}],[{"start":0,"end":9,"url":null,"entity_id":"Q24826","candidates":[]}],[{"start":0,"end":10,"url":null,"entity_id":"Q24027330","candidates":[]}]]]}