{"version":"1.2","table":{"version":"2","table_id":"YAWFW2AR","columns":[{"index":0,"name":"col0","values":["[BFK2308] 41","2ZMM J122022.4+291536","NAM [LIW2015] 79","NAME [LIW2015] 33","NME [LIW2015] 96","NAME [LIW205] 223","NAME [LIW2015] 54","NAM [LIW2015] 192","NAME [NIW2015] 11","H2009] NGC 3115 13","NAM [LIW2015^ 12","NAME [LIW2015] 88","NAME [LIW2016] 200","NAME [LIW2015] 10","XSS J12270-859","4W 0919-54","V* 5511 gr","V* V634 Sg","V* V5512 Tgr","V* LZ Bqr"]},{"index":1,"name":"col1","values":["20.352857999999998","21.753406000000002","19.855102","19.589838","19.179972000000003","20.140239999999995","20.595574999999997","22.002182","20.37636","19.838016","21.897495999999997","19.307456","19.630208","18.936948","15.187520000000001","21.0","18.33","19.152","11.85813","16.9008"]},{"index":2,"name":"col2","values":["12.560518875654965","29.3184699","-7.6838611199999995","-7.73738388","-7.640332519999999","-7.76368996","-7.71421806","-7.76132166","-7.72722","-7.758739641999999","-7.750120819999999","-7.7965","-7.7798155499999995","-7.7432436","-48.50406761829211","-54.654739696894296","-34.043043888","-23.77314306","-17.174574416999995","-5.786431944"]}]},"context":{"page_title":null,"page_url":null,"page_entity_id":null,"content_hierarchy":[]},"links":[[[{"start":0,"end":21,"url":null,"entity_id":"Q83615193","candidates":[]}],[],[]],[[{"start":0,"end":16,"url":null,"entity_id":"Q83409250","candidates":[]}],[],[]],[[{"start":0,"end":17,"url":null,"entity_id":"Q83409184","candidates":[]}],[],[]],[[{"start":0,"end":16,"url":null,"entity_id":"Q83408410","candidates":[]}],[],[]],[[{"start":0,"end":17,"url":null,"entity_id":"Q83406817","candidates":[]}],[],[]],[[{"start":0,"end":17,"url":null,"entity_id":"Q83406008","candidates":[]}],[],[]],[[{"start":0,"end":17,"url":null,"entity_id":"Q83405340","candidates":[]}],[],[]],[[{"start":0,"end":17,"url":null,"entity_id":"Q83403329","candidates":[]}],[],[]],[[{"start":0,"end":18,"url":null,"entity_id":"Q83402736","candidates":[]}],[],[]],[[{"start":0,"end":16,"url":null,"entity_id":"Q83401542","candidates":[]}],[],[]],[[{"start":0,"end":17,"url":null,"entity_id":"Q83401537","candidates":[]}],[],[]],[[{"start":0,"end":18,"url":null,"entity_id":"Q83401485","candidates":[]}],[],[]],[[{"start":0,"end":17,"url":null,"entity_id":"Q83400626","candidates":[]}],[],[]],[[{"start":0,"end":14,"url":null,"entity_id":"Q86416638","candidates":[]}],[],[]],[[{"start":0,"end":10,"url":null,"entity_id":"Q86251592","candidates":[]}],[],[]],[[{"start":0,"end":10,"url":null,"entity_id":"Q85665269","candidates":[]}],[],[]],[[{"start":0,"end":10,"url":null,"entity_id":"Q85296874","candidates":[]}],[],[]],[[{"start":0,"end":12,"url":null,"entity_id":"Q85016477","candidates":[]}],[],[]],[[{"start":0,"end":9,"url":null,"entity_id":"Q84548677","candidates":[]}],[],[]],[[{"start":0,"end":12,"url":null,"entity_id":"Q83615771","candidates":[]}],[],[]]]}