{"version":"1.2","table":{"version":"2","table_id":"YHB3XJBE","columns":[{"index":0,"name":"col0","values":["617 Paroclus","22 Kallipre","87 Syvia","45 Eugeni","42357 Typhon","7088 Ishar","6230 Hermes","5381 Skhmet","4089 Tama","(5107) 1991 VH","(31345)1998 PG","65803 Didymo","66652 Borasivi","5489 Ceuo","23 Ida","120349 Sblacia","216 Koeopatra","Eris","58534\"Logos","80000 Quaoar"]},{"index":1,"name":"col1","values":["Landessternwarte Heidelberg-Königstuhl","Bishop Observatory","Madras Observatory","Paris Observatory","Palomar Observatory","Palomar Observatory","Landessternwarte Heidelberg-Königstuhl","Palomar Observatory","Tokyo Astronomical Observatory (before 1938)","Siding Spring Observatory","Anderson Mesa Station","Kitt Peak National Observatory","Mauna Kea Observatories","Palomar Observatory","Vienna Observatory","Palomar Observatory","Pula Observatory","Palomar Observatory","Mauna Kea Observatories","Palomar Observatory"]},{"index":2,"name":"col2","values":["44.18428888258246","65.54600224871456","72.4007884605228","148.71138734609755","350.2002","102.44510917999999","34.614533","58.89307092","71.40878973000001","140.61067823","223.61978548","73.94109","85.26620999999999","172.516","326.615039258759","282.0607","213.85878507471048","35.689073","133.62451199999998","190.12089867351511"]},{"index":3,"name":"col3","values":["August Kopff","John Russell Hind","Norman Robert Pogson","Hermann Goldschmidt","Near-Earth Asteroid Tracking","Eugene Merle Shoemaker","Karl Wilhelm Reinmuth","Carolyn S. Shoemaker","Okuro Oikawa","Robert H. McNaught","Lowell Observatory Near-Earth-Object Search","Spacewatch","Jane Luu","Michael E. Brown","Johann Palisa","Michael E. Brown","Johann Palisa","Michael E. Brown","Mauna Kea Observatories","Palomar Observatory"]},{"index":4,"name":"col4","values":["618 Elfriede","23 Thalia","88 Thisbe","46 Hestia","(42356) 2002 CA47","(7089) 1992 FX1","69231 Alettajacobs","5382 McKay","1090 Sumida","(35108) 1991 VZ7","(31346) 1998 PB1","(65804) 1996 HT6","(66653) 1999 RS254","(65490) 2062 P-L","244 Sita","(120348) 2004 TY364","217 Eudora","(136200) 2003 VS5","58535 Pattillo","(50001) 2000 AK15"]},{"index":5,"name":"col5","values":["Menoetius","Linus","Romulus","Petit-Prince","Echidna","S/2006 (7088) 1","S/2003 (69230) 1","S/2003 (5381) 1","S/2003 (1089) 1","S/2001 (35107) 1","S/2001 (31345) 1","S/2003 (65803) 1","Pabu","Phorcys","(243) Ida I Dactyl","Actaea","Alexhelios","Dysnomia","Zoe","Weywot"]}]},"context":{"page_title":null,"page_url":null,"page_entity_id":null,"content_hierarchy":[]},"links":[[[{"start":0,"end":11,"url":null,"entity_id":"Q148106","candidates":[]}],[{"start":0,"end":18,"url":null,"entity_id":"Q4329955","candidates":[]}],[],[{"start":0,"end":17,"url":null,"entity_id":"Q310479","candidates":[]}],[{"start":0,"end":9,"url":null,"entity_id":"Q148618","candidates":[]}],[{"start":0,"end":5,"url":null,"entity_id":"Q1401722","candidates":[]}]],[[{"start":0,"end":8,"url":null,"entity_id":"Q107673","candidates":[]}],[{"start":0,"end":18,"url":null,"entity_id":"Q628478","candidates":[]}],[],[{"start":0,"end":20,"url":null,"entity_id":"Q337194","candidates":[]}],[{"start":0,"end":9,"url":null,"entity_id":"Q109954","candidates":[]}],[{"start":0,"end":7,"url":null,"entity_id":"Q1385800","candidates":[]}]],[[{"start":0,"end":9,"url":null,"entity_id":"Q154334","candidates":[]}],[{"start":0,"end":17,"url":null,"entity_id":"Q461340","candidates":[]}],[],[{"start":0,"end":19,"url":null,"entity_id":"Q77022","candidates":[]}],[{"start":0,"end":9,"url":null,"entity_id":"Q108322","candidates":[]}],[{"start":0,"end":12,"url":null,"entity_id":"Q1377961","candidates":[]}]],[[{"start":0,"end":12,"url":null,"entity_id":"Q153102","candidates":[]}],[{"start":0,"end":19,"url":null,"entity_id":"Q191684","candidates":[]}],[],[{"start":0,"end":28,"url":null,"entity_id":"Q1140499","candidates":[]}],[{"start":0,"end":17,"url":null,"entity_id":"Q62813845","candidates":[]}],[{"start":0,"end":7,"url":null,"entity_id":"Q1280329","candidates":[]}]],[[{"start":0,"end":10,"url":null,"entity_id":"Q156672","candidates":[]}],[{"start":0,"end":19,"url":null,"entity_id":"Q191684","candidates":[]}],[],[{"start":0,"end":22,"url":null,"entity_id":"Q216874","candidates":[]}],[{"start":0,"end":15,"url":null,"entity_id":"Q710285","candidates":[]}],[{"start":0,"end":15,"url":null,"entity_id":"Q16674579","candidates":[]}]],[[{"start":0,"end":11,"url":null,"entity_id":"Q144505","candidates":[]}],[{"start":0,"end":38,"url":null,"entity_id":"Q27115","candidates":[]}],[],[{"start":0,"end":21,"url":null,"entity_id":"Q77026","candidates":[]}],[{"start":0,"end":18,"url":null,"entity_id":"Q3599629","candidates":[]}],[{"start":0,"end":16,"url":null,"entity_id":"Q16674573","candidates":[]}]],[[{"start":0,"end":11,"url":null,"entity_id":"Q155320","candidates":[]}],[{"start":0,"end":19,"url":null,"entity_id":"Q191684","candidates":[]}],[],[{"start":0,"end":20,"url":null,"entity_id":"Q231618","candidates":[]}],[{"start":0,"end":10,"url":null,"entity_id":"Q769052","candidates":[]}],[{"start":0,"end":15,"url":null,"entity_id":"Q16674571","candidates":[]}]],[[{"start":0,"end":9,"url":null,"entity_id":"Q135789","candidates":[]}],[{"start":0,"end":44,"url":null,"entity_id":"Q4459557","candidates":[]}],[],[{"start":0,"end":12,"url":null,"entity_id":"Q586495","candidates":[]}],[{"start":0,"end":11,"url":null,"entity_id":"Q135805","candidates":[]}],[{"start":0,"end":15,"url":null,"entity_id":"Q16674569","candidates":[]}]],[[{"start":0,"end":14,"url":null,"entity_id":"Q4543131","candidates":[]}],[{"start":0,"end":25,"url":null,"entity_id":"Q930096","candidates":[]}],[],[{"start":0,"end":18,"url":null,"entity_id":"Q710381","candidates":[]}],[{"start":0,"end":16,"url":null,"entity_id":"Q6751101","candidates":[]}],[{"start":0,"end":16,"url":null,"entity_id":"Q16674565","candidates":[]}]],[[{"start":0,"end":14,"url":null,"entity_id":"Q6706852","candidates":[]}],[{"start":0,"end":21,"url":null,"entity_id":"Q2446595","candidates":[]}],[],[{"start":0,"end":43,"url":null,"entity_id":"Q1165635","candidates":[]}],[{"start":0,"end":16,"url":null,"entity_id":"Q6706861","candidates":[]}],[{"start":0,"end":16,"url":null,"entity_id":"Q16674563","candidates":[]}]],[[{"start":0,"end":12,"url":null,"entity_id":"Q2265762","candidates":[]}],[{"start":0,"end":30,"url":null,"entity_id":"Q592248","candidates":[]}],[],[{"start":0,"end":10,"url":null,"entity_id":"Q213563","candidates":[]}],[{"start":0,"end":16,"url":null,"entity_id":"Q15174688","candidates":[]}],[{"start":0,"end":16,"url":null,"entity_id":"Q25387442","candidates":[]}]],[[{"start":0,"end":14,"url":null,"entity_id":"Q156341","candidates":[]}],[{"start":0,"end":23,"url":null,"entity_id":"Q831790","candidates":[]}],[],[{"start":0,"end":8,"url":null,"entity_id":"Q197941","candidates":[]}],[{"start":0,"end":18,"url":null,"entity_id":"Q15182350","candidates":[]}],[{"start":0,"end":4,"url":null,"entity_id":"Q847110","candidates":[]}]],[[{"start":0,"end":9,"url":null,"entity_id":"Q156206","candidates":[]}],[{"start":0,"end":19,"url":null,"entity_id":"Q191684","candidates":[]}],[],[{"start":0,"end":16,"url":null,"entity_id":"Q298913","candidates":[]}],[{"start":0,"end":16,"url":null,"entity_id":"Q15175453","candidates":[]}],[{"start":0,"end":7,"url":null,"entity_id":"Q776626","candidates":[]}]],[[{"start":0,"end":6,"url":null,"entity_id":"Q149012","candidates":[]}],[{"start":0,"end":18,"url":null,"entity_id":"Q532127","candidates":[]}],[],[{"start":0,"end":13,"url":null,"entity_id":"Q78486","candidates":[]}],[{"start":0,"end":8,"url":null,"entity_id":"Q149032","candidates":[]}],[{"start":0,"end":18,"url":null,"entity_id":"Q510728","candidates":[]}]],[[{"start":0,"end":14,"url":null,"entity_id":"Q136964","candidates":[]}],[{"start":0,"end":19,"url":null,"entity_id":"Q191684","candidates":[]}],[],[{"start":0,"end":16,"url":null,"entity_id":"Q298913","candidates":[]}],[{"start":0,"end":19,"url":null,"entity_id":"Q2584429","candidates":[]}],[{"start":0,"end":6,"url":null,"entity_id":"Q343201","candidates":[]}]],[[{"start":0,"end":13,"url":null,"entity_id":"Q147891","candidates":[]}],[{"start":0,"end":16,"url":null,"entity_id":"Q832621","candidates":[]}],[],[{"start":0,"end":13,"url":null,"entity_id":"Q78486","candidates":[]}],[{"start":0,"end":10,"url":null,"entity_id":"Q147954","candidates":[]}],[{"start":0,"end":10,"url":null,"entity_id":"Q126623","candidates":[]}]],[[{"start":0,"end":4,"url":null,"entity_id":"Q611","candidates":[]}],[{"start":0,"end":19,"url":null,"entity_id":"Q191684","candidates":[]}],[],[{"start":0,"end":16,"url":null,"entity_id":"Q298913","candidates":[]}],[{"start":0,"end":17,"url":null,"entity_id":"Q8258820","candidates":[]}],[{"start":0,"end":8,"url":null,"entity_id":"Q102656","candidates":[]}]],[[{"start":0,"end":11,"url":null,"entity_id":"Q155689","candidates":[]}],[{"start":0,"end":23,"url":null,"entity_id":"Q831790","candidates":[]}],[],[{"start":0,"end":23,"url":null,"entity_id":"Q831790","candidates":[]}],[{"start":0,"end":14,"url":null,"entity_id":"Q773210","candidates":[]}],[{"start":0,"end":3,"url":null,"entity_id":"Q218183","candidates":[]}]],[[{"start":0,"end":12,"url":null,"entity_id":"Q15586","candidates":[]}],[{"start":0,"end":19,"url":null,"entity_id":"Q191684","candidates":[]}],[],[{"start":0,"end":19,"url":null,"entity_id":"Q191684","candidates":[]}],[{"start":0,"end":17,"url":null,"entity_id":"Q15162030","candidates":[]}],[{"start":0,"end":6,"url":null,"entity_id":"Q83894","candidates":[]}]],[[{"start":0,"end":12,"url":null,"entity_id":"Q155906","candidates":[]}],[{"start":0,"end":38,"url":null,"entity_id":"Q27115","candidates":[]}],[],[{"start":0,"end":12,"url":null,"entity_id":"Q57432","candidates":[]}],[{"start":0,"end":12,"url":null,"entity_id":"Q155908","candidates":[]}],[{"start":0,"end":9,"url":null,"entity_id":"Q1536477","candidates":[]}]]]}