{"version":"1.2","table":{"version":"2","table_id":"YHSJ5X85","columns":[{"index":0,"name":"col0","values":["Viaggi a bordo di una!parola","Recueil des actes des vcomtes de Limoges : Xe-XIVe siècle","Whe Mixed Multitude. Jacob Frank and the Frankist Movement, 1755–1816","History of anti-culure","TheUSA Empire","Krebs fhlen","Blackbook Freemasonry","Excavations at Medieval Cripplegatg, London: Archaeology after the Blitz, 1946-68","Legal Validity as a Worldwide Quality Standard for Patent ffices","Jewish children in Nazi-occvpied Poland","Euopean arrest warrant","Mutual Recognition of Judicial Decisions in Europeaq Criminal Law","Bridget Riley Complete Prints 4962-2001","The Anarchy: War\"and Status in 22th-Century Landscapes of Conflict","The Holocaust!Industry","A Nation on rial: The Goldhagen Thesis and Historical Truth","Bartholomeus#van der Helst (ca. 1613–1670): Een studie naar zijn leven en werk.","Susan Rothenberg: Mving in lace","NATO’s ecret Armies","The Audubon Soiety field guide to North American fossils"]},{"index":1,"name":"col1","values":["subject indexing","Viscounty of Limoges","Jacob Frank","Marxism","imperialism","cancer","history of Freemasonry","urban archaeology","patent law","The Holocaust","European Union law","criminal law","Bridget Riley","siege","Holocaust studies","The Holocaust","Bartholomeus van der Helst","Susan Rothenberg","Central Intelligence Agency","paleontology"]},{"index":2,"name":"col2","values":["Italian Library Association","Librairie Droz","University of Pennsylvania Press","self-publishing","Orell Füssli","Klett-Cotta Verlag","Kopp Verlag","English Heritage","Wolters Kluwer","Yad Vashem","Springer International Publishing","Springer International Publishing","Ridinghouse","Liverpool University Press","Verso Books","Henry Holt and Company","Waanders","Prestel Publishing","Orell Füssli","Alfred A. Knopf"]}]},"context":{"page_title":null,"page_url":null,"page_entity_id":null,"content_hierarchy":[]},"links":[[[{"start":0,"end":57,"url":null,"entity_id":"Q85445173","candidates":[]}],[{"start":0,"end":20,"url":null,"entity_id":"Q1659522","candidates":[]}],[{"start":0,"end":14,"url":null,"entity_id":"Q3237899","candidates":[]}]],[[{"start":0,"end":69,"url":null,"entity_id":"Q71192533","candidates":[]}],[{"start":0,"end":11,"url":null,"entity_id":"Q708525","candidates":[]}],[{"start":0,"end":32,"url":null,"entity_id":"Q2037236","candidates":[]}]],[[{"start":0,"end":22,"url":null,"entity_id":"Q75715812","candidates":[]}],[{"start":0,"end":7,"url":null,"entity_id":"Q7264","candidates":[]}],[{"start":0,"end":15,"url":null,"entity_id":"Q1568650","candidates":[]}]],[[{"start":0,"end":13,"url":null,"entity_id":"Q84165216","candidates":[]}],[{"start":0,"end":11,"url":null,"entity_id":"Q7260","candidates":[]}],[{"start":0,"end":12,"url":null,"entity_id":"Q1511140","candidates":[]}]],[[{"start":0,"end":11,"url":null,"entity_id":"Q84571394","candidates":[]}],[{"start":0,"end":6,"url":null,"entity_id":"Q12078","candidates":[]}],[{"start":0,"end":18,"url":null,"entity_id":"Q1444698","candidates":[]}]],[[{"start":0,"end":21,"url":null,"entity_id":"Q81826980","candidates":[]}],[{"start":0,"end":22,"url":null,"entity_id":"Q153704","candidates":[]}],[{"start":0,"end":11,"url":null,"entity_id":"Q1315995","candidates":[]}]],[[{"start":0,"end":81,"url":null,"entity_id":"Q67630759","candidates":[]}],[{"start":0,"end":17,"url":null,"entity_id":"Q839006","candidates":[]}],[{"start":0,"end":16,"url":null,"entity_id":"Q936287","candidates":[]}]],[[{"start":0,"end":64,"url":null,"entity_id":"Q75296069","candidates":[]}],[{"start":0,"end":10,"url":null,"entity_id":"Q3039731","candidates":[]}],[{"start":0,"end":14,"url":null,"entity_id":"Q249798","candidates":[]}]],[[{"start":0,"end":39,"url":null,"entity_id":"Q73752107","candidates":[]}],[{"start":0,"end":13,"url":null,"entity_id":"Q2763","candidates":[]}],[{"start":0,"end":10,"url":null,"entity_id":"Q156591","candidates":[]}]],[[{"start":0,"end":22,"url":null,"entity_id":"Q32931938","candidates":[]}],[{"start":0,"end":18,"url":null,"entity_id":"Q208202","candidates":[]}],[{"start":0,"end":33,"url":null,"entity_id":"Q21820634","candidates":[]}]],[[{"start":0,"end":65,"url":null,"entity_id":"Q32934249","candidates":[]}],[{"start":0,"end":12,"url":null,"entity_id":"Q146491","candidates":[]}],[{"start":0,"end":33,"url":null,"entity_id":"Q21820634","candidates":[]}]],[[{"start":0,"end":39,"url":null,"entity_id":"Q22813033","candidates":[]}],[{"start":0,"end":13,"url":null,"entity_id":"Q234449","candidates":[]}],[{"start":0,"end":11,"url":null,"entity_id":"Q7332990","candidates":[]}]],[[{"start":0,"end":66,"url":null,"entity_id":"Q42376499","candidates":[]}],[{"start":0,"end":5,"url":null,"entity_id":"Q188055","candidates":[]}],[{"start":0,"end":26,"url":null,"entity_id":"Q6658601","candidates":[]}]],[[{"start":0,"end":22,"url":null,"entity_id":"Q1768389","candidates":[]}],[{"start":0,"end":17,"url":null,"entity_id":"Q1568255","candidates":[]}],[{"start":0,"end":11,"url":null,"entity_id":"Q4010248","candidates":[]}]],[[{"start":0,"end":59,"url":null,"entity_id":"Q4658442","candidates":[]}],[{"start":0,"end":13,"url":null,"entity_id":"Q2763","candidates":[]}],[{"start":0,"end":22,"url":null,"entity_id":"Q3132837","candidates":[]}]],[[{"start":0,"end":79,"url":null,"entity_id":"Q30205311","candidates":[]}],[{"start":0,"end":26,"url":null,"entity_id":"Q380704","candidates":[]}],[{"start":0,"end":8,"url":null,"entity_id":"Q2228575","candidates":[]}]],[[{"start":0,"end":31,"url":null,"entity_id":"Q22813188","candidates":[]}],[{"start":0,"end":16,"url":null,"entity_id":"Q436782","candidates":[]}],[{"start":0,"end":18,"url":null,"entity_id":"Q1558913","candidates":[]}]],[[{"start":0,"end":19,"url":null,"entity_id":"Q30134064","candidates":[]}],[{"start":0,"end":27,"url":null,"entity_id":"Q37230","candidates":[]}],[{"start":0,"end":12,"url":null,"entity_id":"Q1511140","candidates":[]}]],[[{"start":0,"end":56,"url":null,"entity_id":"Q31158009","candidates":[]}],[{"start":0,"end":12,"url":null,"entity_id":"Q7205","candidates":[]}],[{"start":0,"end":15,"url":null,"entity_id":"Q1431868","candidates":[]}]],[[{"start":0,"end":28,"url":null,"entity_id":"Q73511020","candidates":[]}],[{"start":0,"end":16,"url":null,"entity_id":"Q1167863","candidates":[]}],[{"start":0,"end":27,"url":null,"entity_id":"Q3626575","candidates":[]}]]]}