{"version":"1.2","table":{"version":"2","table_id":"YI2EK9XT","columns":[{"index":0,"name":"col0","values":["FC Viitorul Constanța","Nea Salamis Famagusta FC (women)","AEK Kouklia F.C.","Adonis Idaliou","Chalkanoras Idaliou","ENTHOI Lakatamia FC","AEZ Zakakiou","Evagoras Pallikarides Agion Trimithias","Anagennisi Prosfigon Ayiou Antoniou Lemesou","Panikos Pourgouridis Lemesou","AMEP Parekklisia","Kouris Erimis","Dynamo Pervolion","Olympias Lympion","Kedros Ayia Marina Skylloura","Dafni Troulloi","Anagennisi Germasogeias FC","Olympos Xylofagou","Atlas Aglandjias","PAOK Kalou Choriou"]},{"index":1,"name":"col1","values":["2016–17 Liga I","Cypriot Women's Super Cup","2011–12 Cypriot Third Division","1996–97 Cypriot Fourth Division","2009–10 Cypriot Third Division","1999–2000 Cypriot Third Division","1997–98 Cypriot Third Division","STOK Cup Winners' Cup","STOK Cup Winners' Cup","STOK Cup Winners' Cup","STOK Cup Winners' Cup","STOK Cup Winners' Cup","STOK Cup Winners' Cup","STOK Cup Winners' Cup","STOK Cup Winners' Cup","STOK Cup Winners' Cup","STOK Cup Winners' Cup","STOK Cup Winners' Cup","STOK Integration Championship","STOK Integration Championship"]},{"index":2,"name":"col2","values":["association football","women's association football","association football","association football","association football","association football","association football","association football","association football","association football","association football","association football","association football","association football","association football","association football","association football","association football","association football","association football"]}]},"context":{"page_title":null,"page_url":null,"page_entity_id":null,"content_hierarchy":[]},"links":[[[{"start":0,"end":32,"url":null,"entity_id":"Q66922137","candidates":[]}],[{"start":0,"end":25,"url":null,"entity_id":"Q5200409","candidates":[]}],[{"start":0,"end":28,"url":null,"entity_id":"Q606060","candidates":[]}]],[[{"start":0,"end":16,"url":null,"entity_id":"Q4651316","candidates":[]}],[{"start":0,"end":30,"url":null,"entity_id":"Q4623544","candidates":[]}],[{"start":0,"end":20,"url":null,"entity_id":"Q2736","candidates":[]}]],[[{"start":0,"end":14,"url":null,"entity_id":"Q12872217","candidates":[]}],[{"start":0,"end":31,"url":null,"entity_id":"Q16737468","candidates":[]}],[{"start":0,"end":20,"url":null,"entity_id":"Q2736","candidates":[]}]],[[{"start":0,"end":19,"url":null,"entity_id":"Q2484236","candidates":[]}],[{"start":0,"end":30,"url":null,"entity_id":"Q16332104","candidates":[]}],[{"start":0,"end":20,"url":null,"entity_id":"Q2736","candidates":[]}]],[[{"start":0,"end":19,"url":null,"entity_id":"Q2699360","candidates":[]}],[{"start":0,"end":32,"url":null,"entity_id":"Q16332094","candidates":[]}],[{"start":0,"end":20,"url":null,"entity_id":"Q2736","candidates":[]}]],[[{"start":0,"end":12,"url":null,"entity_id":"Q12872831","candidates":[]}],[{"start":0,"end":30,"url":null,"entity_id":"Q16332090","candidates":[]}],[{"start":0,"end":20,"url":null,"entity_id":"Q2736","candidates":[]}]],[[{"start":0,"end":38,"url":null,"entity_id":"Q21714335","candidates":[]}],[{"start":0,"end":21,"url":null,"entity_id":"Q16331575","candidates":[]}],[{"start":0,"end":20,"url":null,"entity_id":"Q2736","candidates":[]}]],[[{"start":0,"end":43,"url":null,"entity_id":"Q21518415","candidates":[]}],[{"start":0,"end":21,"url":null,"entity_id":"Q16331575","candidates":[]}],[{"start":0,"end":20,"url":null,"entity_id":"Q2736","candidates":[]}]],[[{"start":0,"end":28,"url":null,"entity_id":"Q21510663","candidates":[]}],[{"start":0,"end":21,"url":null,"entity_id":"Q16331575","candidates":[]}],[{"start":0,"end":20,"url":null,"entity_id":"Q2736","candidates":[]}]],[[{"start":0,"end":16,"url":null,"entity_id":"Q18332616","candidates":[]}],[{"start":0,"end":21,"url":null,"entity_id":"Q16331575","candidates":[]}],[{"start":0,"end":20,"url":null,"entity_id":"Q2736","candidates":[]}]],[[{"start":0,"end":13,"url":null,"entity_id":"Q17444768","candidates":[]}],[{"start":0,"end":21,"url":null,"entity_id":"Q16331575","candidates":[]}],[{"start":0,"end":20,"url":null,"entity_id":"Q2736","candidates":[]}]],[[{"start":0,"end":16,"url":null,"entity_id":"Q16328941","candidates":[]}],[{"start":0,"end":21,"url":null,"entity_id":"Q16331575","candidates":[]}],[{"start":0,"end":20,"url":null,"entity_id":"Q2736","candidates":[]}]],[[{"start":0,"end":16,"url":null,"entity_id":"Q12882265","candidates":[]}],[{"start":0,"end":21,"url":null,"entity_id":"Q16331575","candidates":[]}],[{"start":0,"end":20,"url":null,"entity_id":"Q2736","candidates":[]}]],[[{"start":0,"end":28,"url":null,"entity_id":"Q12878559","candidates":[]}],[{"start":0,"end":21,"url":null,"entity_id":"Q16331575","candidates":[]}],[{"start":0,"end":20,"url":null,"entity_id":"Q2736","candidates":[]}]],[[{"start":0,"end":14,"url":null,"entity_id":"Q12875586","candidates":[]}],[{"start":0,"end":21,"url":null,"entity_id":"Q16331575","candidates":[]}],[{"start":0,"end":20,"url":null,"entity_id":"Q2736","candidates":[]}]],[[{"start":0,"end":26,"url":null,"entity_id":"Q12873533","candidates":[]}],[{"start":0,"end":21,"url":null,"entity_id":"Q16331575","candidates":[]}],[{"start":0,"end":20,"url":null,"entity_id":"Q2736","candidates":[]}]],[[{"start":0,"end":17,"url":null,"entity_id":"Q12872596","candidates":[]}],[{"start":0,"end":21,"url":null,"entity_id":"Q16331575","candidates":[]}],[{"start":0,"end":20,"url":null,"entity_id":"Q2736","candidates":[]}]],[[{"start":0,"end":16,"url":null,"entity_id":"Q23979109","candidates":[]}],[{"start":0,"end":29,"url":null,"entity_id":"Q16329795","candidates":[]}],[{"start":0,"end":20,"url":null,"entity_id":"Q2736","candidates":[]}]],[[{"start":0,"end":18,"url":null,"entity_id":"Q21546360","candidates":[]}],[{"start":0,"end":29,"url":null,"entity_id":"Q16329795","candidates":[]}],[{"start":0,"end":20,"url":null,"entity_id":"Q2736","candidates":[]}]],[[{"start":0,"end":21,"url":null,"entity_id":"Q533094","candidates":[]}],[{"start":0,"end":14,"url":null,"entity_id":"Q24265138","candidates":[]}],[{"start":0,"end":20,"url":null,"entity_id":"Q2736","candidates":[]}]]]}