{"version":"1.2","table":{"version":"2","table_id":"YI9OF99V","columns":[{"index":0,"name":"col0","values":["Centro histórico de Veracruz","Can Ricart","Barri d'eth Cap dera Vila i passèg dera Libertat","Ruins of Moya","Cerco de Artajona","Bien Aparecida Sanctuary","Historic quarter in Bergara","Conjunto Histórico de la Villa de Covarrubias","Conjunto Histórico de Nuevo Baztán","Conjunto Histórico de la Villa de Piedrahíta","Portal del Agua","Conjunto Histórico de Arévalo","Nucli històric d'Àger","Las Raíces","conjunto histórico de la villa de Palazuelos","Plaza de Cervantes","Plaça Gran de Calaf","Monastery of San Francisco el Real, Cáceres","Palacio de Abrantes, Cáceres","Convento de Santa Clara de Santiago de Compostela","Parc de Vallparadís","Vila d'Ullastret","Cala s'Alguer","Nucli antic de Torroella de Fluvià","Historic City of Toledo","Fort of El Desnarigado","Conjunto Histórico Artístico Baños de la Pescadería","Molinos y lavaderos de Chacaica","Historical area of Alfara de la Baronia","Casc Antic de Tàrbena","Nucli històric tradicional de Orxeta","Casc històric de Benimantell","Nucli històric tradicional de la Nucia","Nucli històric tradicional de Bolulla","Historical Area of El Poble Nou de Benitatxell","Portal de Molina","Conjunto Histórico de Colmenar de Oreja","Tolosako hiri historikoa","Historical District of Orihuela","Vila de Llívia","Conjunto Histórico de la Ciudad de Palencia","University City of Madrid","Recinto de la Villa de Madrid","Becerril de Campos","Sos del Rey Católico","Museo Etnográfico de Cantabria","Real Monasterio de San Martín de Castañeda"]},{"index":1,"name":"col1","values":["Veracruz","Provençals del Poblenou","Viella","Moya","Artajona","Ampuero","Bergara","Covarrubias","Nuevo Baztán","Piedrahíta","Albarracín","Arévalo","Àger","El Rosario, Tenerife","Sigüenza","Alcalá de Henares","Calaf (municipality)","Cáceres","Cáceres","Santiago de Compostela","Terrassa","Ullastret","Palamós","Torroella de Fluvià","Toledo","Ceuta","Córdoba","Canary Islands","Alfara de la Baronia","Orxeta","Orxeta","Benimantell","La Nucia","Bolulla","Benitachell / El Poble Nou de Benitatxell","Albarracín","Colmenar de Oreja","Tolosa","Orihuela","Llívia","Palencia","Madrid","Madrid","Becerril de Campos","Sos del Rey Católico","Muriedas","Galende"]},{"index":2,"name":"col2","values":["Mexico","Spain","Spain","Spain","Spain","Spain","Spain","Spain","Spain","Spain","Spain","Spain","Spain","Spain","Spain","Spain","Spain","Spain","Spain","Spain","Spain","Spain","Spain","Spain","Spain","Spain","Spain","Spain","Spain","Spain","Spain","Spain","Spain","Spain","Spain","Spain","Spain","Spain","Spain","Spain","Spain","Spain","Spain","Spain","Spain","Spain","Spain"]}]},"context":{"page_title":null,"page_url":null,"page_entity_id":null,"content_hierarchy":[]},"links":[[[{"start":0,"end":10,"url":null,"entity_id":"Q18003558","candidates":[]}],[{"start":0,"end":23,"url":null,"entity_id":"Q6273541","candidates":[]}],[{"start":0,"end":5,"url":null,"entity_id":"Q29","candidates":[]}]],[[{"start":0,"end":48,"url":null,"entity_id":"Q26882534","candidates":[]}],[{"start":0,"end":6,"url":null,"entity_id":"Q3347060","candidates":[]}],[{"start":0,"end":5,"url":null,"entity_id":"Q29","candidates":[]}]],[[{"start":0,"end":13,"url":null,"entity_id":"Q28517436","candidates":[]}],[{"start":0,"end":4,"url":null,"entity_id":"Q1902680","candidates":[]}],[{"start":0,"end":5,"url":null,"entity_id":"Q29","candidates":[]}]],[[{"start":0,"end":17,"url":null,"entity_id":"Q20491996","candidates":[]}],[{"start":0,"end":8,"url":null,"entity_id":"Q1645743","candidates":[]}],[{"start":0,"end":5,"url":null,"entity_id":"Q29","candidates":[]}]],[[{"start":0,"end":24,"url":null,"entity_id":"Q34049092","candidates":[]}],[{"start":0,"end":7,"url":null,"entity_id":"Q1391463","candidates":[]}],[{"start":0,"end":5,"url":null,"entity_id":"Q29","candidates":[]}]],[[{"start":0,"end":27,"url":null,"entity_id":"Q20492349","candidates":[]}],[{"start":0,"end":7,"url":null,"entity_id":"Q1382252","candidates":[]}],[{"start":0,"end":5,"url":null,"entity_id":"Q29","candidates":[]}]],[[{"start":0,"end":45,"url":null,"entity_id":"Q42328286","candidates":[]}],[{"start":0,"end":11,"url":null,"entity_id":"Q1109944","candidates":[]}],[{"start":0,"end":5,"url":null,"entity_id":"Q29","candidates":[]}]],[[{"start":0,"end":34,"url":null,"entity_id":"Q42211037","candidates":[]}],[{"start":0,"end":12,"url":null,"entity_id":"Q921352","candidates":[]}],[{"start":0,"end":5,"url":null,"entity_id":"Q29","candidates":[]}]],[[{"start":0,"end":44,"url":null,"entity_id":"Q42185639","candidates":[]}],[{"start":0,"end":10,"url":null,"entity_id":"Q764491","candidates":[]}],[{"start":0,"end":5,"url":null,"entity_id":"Q29","candidates":[]}]],[[{"start":0,"end":15,"url":null,"entity_id":"Q29367553","candidates":[]}],[{"start":0,"end":10,"url":null,"entity_id":"Q695488","candidates":[]}],[{"start":0,"end":5,"url":null,"entity_id":"Q29","candidates":[]}]],[[{"start":0,"end":29,"url":null,"entity_id":"Q42329689","candidates":[]}],[{"start":0,"end":7,"url":null,"entity_id":"Q476793","candidates":[]}],[{"start":0,"end":5,"url":null,"entity_id":"Q29","candidates":[]}]],[[{"start":0,"end":21,"url":null,"entity_id":"Q20984988","candidates":[]}],[{"start":0,"end":4,"url":null,"entity_id":"Q372127","candidates":[]}],[{"start":0,"end":5,"url":null,"entity_id":"Q29","candidates":[]}]],[[{"start":0,"end":10,"url":null,"entity_id":"Q21996320","candidates":[]}],[{"start":0,"end":20,"url":null,"entity_id":"Q176624","candidates":[]}],[{"start":0,"end":5,"url":null,"entity_id":"Q29","candidates":[]}]],[[{"start":0,"end":44,"url":null,"entity_id":"Q27702279","candidates":[]}],[{"start":0,"end":8,"url":null,"entity_id":"Q47475","candidates":[]}],[{"start":0,"end":5,"url":null,"entity_id":"Q29","candidates":[]}]],[[{"start":0,"end":18,"url":null,"entity_id":"Q21003484","candidates":[]}],[{"start":0,"end":17,"url":null,"entity_id":"Q46940","candidates":[]}],[{"start":0,"end":5,"url":null,"entity_id":"Q29","candidates":[]}]],[[{"start":0,"end":19,"url":null,"entity_id":"Q18005713","candidates":[]}],[{"start":0,"end":20,"url":null,"entity_id":"Q15940","candidates":[]}],[{"start":0,"end":5,"url":null,"entity_id":"Q29","candidates":[]}]],[[{"start":0,"end":43,"url":null,"entity_id":"Q43167082","candidates":[]}],[{"start":0,"end":7,"url":null,"entity_id":"Q15678","candidates":[]}],[{"start":0,"end":5,"url":null,"entity_id":"Q29","candidates":[]}]],[[{"start":0,"end":28,"url":null,"entity_id":"Q43167050","candidates":[]}],[{"start":0,"end":7,"url":null,"entity_id":"Q15678","candidates":[]}],[{"start":0,"end":5,"url":null,"entity_id":"Q29","candidates":[]}]],[[{"start":0,"end":49,"url":null,"entity_id":"Q18482667","candidates":[]}],[{"start":0,"end":22,"url":null,"entity_id":"Q14314","candidates":[]}],[{"start":0,"end":5,"url":null,"entity_id":"Q29","candidates":[]}]],[[{"start":0,"end":19,"url":null,"entity_id":"Q18005426","candidates":[]}],[{"start":0,"end":8,"url":null,"entity_id":"Q13939","candidates":[]}],[{"start":0,"end":5,"url":null,"entity_id":"Q29","candidates":[]}]],[[{"start":0,"end":16,"url":null,"entity_id":"Q23503080","candidates":[]}],[{"start":0,"end":9,"url":null,"entity_id":"Q13589","candidates":[]}],[{"start":0,"end":5,"url":null,"entity_id":"Q29","candidates":[]}]],[[{"start":0,"end":13,"url":null,"entity_id":"Q17588958","candidates":[]}],[{"start":0,"end":7,"url":null,"entity_id":"Q13491","candidates":[]}],[{"start":0,"end":5,"url":null,"entity_id":"Q29","candidates":[]}]],[[{"start":0,"end":34,"url":null,"entity_id":"Q27140518","candidates":[]}],[{"start":0,"end":19,"url":null,"entity_id":"Q11902","candidates":[]}],[{"start":0,"end":5,"url":null,"entity_id":"Q29","candidates":[]}]],[[{"start":0,"end":23,"url":null,"entity_id":"Q17255635","candidates":[]}],[{"start":0,"end":6,"url":null,"entity_id":"Q5836","candidates":[]}],[{"start":0,"end":5,"url":null,"entity_id":"Q29","candidates":[]}]],[[{"start":0,"end":22,"url":null,"entity_id":"Q17385183","candidates":[]}],[{"start":0,"end":5,"url":null,"entity_id":"Q5823","candidates":[]}],[{"start":0,"end":5,"url":null,"entity_id":"Q29","candidates":[]}]],[[{"start":0,"end":51,"url":null,"entity_id":"Q43167147","candidates":[]}],[{"start":0,"end":7,"url":null,"entity_id":"Q5818","candidates":[]}],[{"start":0,"end":5,"url":null,"entity_id":"Q29","candidates":[]}]],[[{"start":0,"end":31,"url":null,"entity_id":"Q17525464","candidates":[]}],[{"start":0,"end":14,"url":null,"entity_id":"Q5813","candidates":[]}],[{"start":0,"end":5,"url":null,"entity_id":"Q29","candidates":[]}]],[[{"start":0,"end":39,"url":null,"entity_id":"Q65660836","candidates":[]}],[{"start":0,"end":20,"url":null,"entity_id":"Q1918014","candidates":[]}],[{"start":0,"end":5,"url":null,"entity_id":"Q29","candidates":[]}]],[[{"start":0,"end":21,"url":null,"entity_id":"Q65010033","candidates":[]}],[{"start":0,"end":6,"url":null,"entity_id":"Q1768824","candidates":[]}],[{"start":0,"end":5,"url":null,"entity_id":"Q29","candidates":[]}]],[[{"start":0,"end":36,"url":null,"entity_id":"Q65010032","candidates":[]}],[{"start":0,"end":6,"url":null,"entity_id":"Q1768824","candidates":[]}],[{"start":0,"end":5,"url":null,"entity_id":"Q29","candidates":[]}]],[[{"start":0,"end":28,"url":null,"entity_id":"Q65010029","candidates":[]}],[{"start":0,"end":11,"url":null,"entity_id":"Q1752443","candidates":[]}],[{"start":0,"end":5,"url":null,"entity_id":"Q29","candidates":[]}]],[[{"start":0,"end":38,"url":null,"entity_id":"Q65010031","candidates":[]}],[{"start":0,"end":8,"url":null,"entity_id":"Q984403","candidates":[]}],[{"start":0,"end":5,"url":null,"entity_id":"Q29","candidates":[]}]],[[{"start":0,"end":37,"url":null,"entity_id":"Q65010030","candidates":[]}],[{"start":0,"end":7,"url":null,"entity_id":"Q891663","candidates":[]}],[{"start":0,"end":5,"url":null,"entity_id":"Q29","candidates":[]}]],[[{"start":0,"end":46,"url":null,"entity_id":"Q68014502","candidates":[]}],[{"start":0,"end":41,"url":null,"entity_id":"Q817349","candidates":[]}],[{"start":0,"end":5,"url":null,"entity_id":"Q29","candidates":[]}]],[[{"start":0,"end":16,"url":null,"entity_id":"Q52180740","candidates":[]}],[{"start":0,"end":10,"url":null,"entity_id":"Q695488","candidates":[]}],[{"start":0,"end":5,"url":null,"entity_id":"Q29","candidates":[]}]],[[{"start":0,"end":39,"url":null,"entity_id":"Q52702771","candidates":[]}],[{"start":0,"end":17,"url":null,"entity_id":"Q686674","candidates":[]}],[{"start":0,"end":5,"url":null,"entity_id":"Q29","candidates":[]}]],[[{"start":0,"end":24,"url":null,"entity_id":"Q65555887","candidates":[]}],[{"start":0,"end":6,"url":null,"entity_id":"Q497801","candidates":[]}],[{"start":0,"end":5,"url":null,"entity_id":"Q29","candidates":[]}]],[[{"start":0,"end":31,"url":null,"entity_id":"Q66361261","candidates":[]}],[{"start":0,"end":8,"url":null,"entity_id":"Q487786","candidates":[]}],[{"start":0,"end":5,"url":null,"entity_id":"Q29","candidates":[]}]],[[{"start":0,"end":14,"url":null,"entity_id":"Q61586782","candidates":[]}],[{"start":0,"end":6,"url":null,"entity_id":"Q13745","candidates":[]}],[{"start":0,"end":5,"url":null,"entity_id":"Q29","candidates":[]}]],[[{"start":0,"end":43,"url":null,"entity_id":"Q51770136","candidates":[]}],[{"start":0,"end":8,"url":null,"entity_id":"Q8378","candidates":[]}],[{"start":0,"end":5,"url":null,"entity_id":"Q29","candidates":[]}]],[[{"start":0,"end":25,"url":null,"entity_id":"Q49101402","candidates":[]}],[{"start":0,"end":6,"url":null,"entity_id":"Q2807","candidates":[]}],[{"start":0,"end":5,"url":null,"entity_id":"Q29","candidates":[]}]],[[{"start":0,"end":29,"url":null,"entity_id":"Q43177457","candidates":[]}],[{"start":0,"end":6,"url":null,"entity_id":"Q2807","candidates":[]}],[{"start":0,"end":5,"url":null,"entity_id":"Q29","candidates":[]}]],[[{"start":0,"end":18,"url":null,"entity_id":"Q43077143","candidates":[]}],[{"start":0,"end":18,"url":null,"entity_id":"Q1906940","candidates":[]}],[{"start":0,"end":5,"url":null,"entity_id":"Q29","candidates":[]}]],[[{"start":0,"end":20,"url":null,"entity_id":"Q24019831","candidates":[]}],[{"start":0,"end":20,"url":null,"entity_id":"Q49571","candidates":[]}],[{"start":0,"end":5,"url":null,"entity_id":"Q29","candidates":[]}]],[[{"start":0,"end":30,"url":null,"entity_id":"Q2363217","candidates":[]}],[{"start":0,"end":8,"url":null,"entity_id":"Q6032984","candidates":[]}],[{"start":0,"end":5,"url":null,"entity_id":"Q29","candidates":[]}]],[[{"start":0,"end":42,"url":null,"entity_id":"Q1305084","candidates":[]}],[{"start":0,"end":7,"url":null,"entity_id":"Q1646379","candidates":[]}],[{"start":0,"end":5,"url":null,"entity_id":"Q29","candidates":[]}]],[[{"start":0,"end":28,"url":null,"entity_id":"Q38433215","candidates":[]}],[{"start":0,"end":8,"url":null,"entity_id":"Q173270","candidates":[]}],[{"start":0,"end":6,"url":null,"entity_id":"Q96","candidates":[]}]]]}