{"version":"1.2","table":{"version":"2","table_id":"YJDVB82W","columns":[{"index":0,"name":"col0","values":["Washington County","Queen Anne's County","Somerset County","St. Mary's County","Wicomico County","Talbot County","Carroll County","Charles County","Harford County","Calvert County","Dorchester County","Caroline County","Garrett County","Kent County","Worcester County","Anne Arundel County","Baltimore County","Montgomery County","Howard County","Cecil County"]},{"index":1,"name":"col1","values":["467","1370","1582","1582","400","1235","1172","1666","1364","894","2546","844","1699","1073","695","1523","1766","506.9","657","1082"]},{"index":2,"name":"col2","values":["149588","48517","26273","109633","100896","37931","167564","152864","249215","90484","32660","32693","29889","19944","51620","555743","823015","1058810","304580","101913"]},{"index":3,"name":"col3","values":["2","27","48","53","6.4","44","1.1","29","17","38","45","2","1.3","33","33","29","12","3.0952851","1","17"]}]},"context":{"page_title":null,"page_url":null,"page_entity_id":null,"content_hierarchy":[]},"links":[[[{"start":0,"end":19,"url":null,"entity_id":"Q511150","candidates":[]}],[],[],[]],[[{"start":0,"end":15,"url":null,"entity_id":"Q511135","candidates":[]}],[],[],[]],[[{"start":0,"end":17,"url":null,"entity_id":"Q511120","candidates":[]}],[],[],[]],[[{"start":0,"end":15,"url":null,"entity_id":"Q511106","candidates":[]}],[],[],[]],[[{"start":0,"end":13,"url":null,"entity_id":"Q511084","candidates":[]}],[],[],[]],[[{"start":0,"end":14,"url":null,"entity_id":"Q501323","candidates":[]}],[],[],[]],[[{"start":0,"end":14,"url":null,"entity_id":"Q501319","candidates":[]}],[],[],[]],[[{"start":0,"end":14,"url":null,"entity_id":"Q501284","candidates":[]}],[],[],[]],[[{"start":0,"end":14,"url":null,"entity_id":"Q501277","candidates":[]}],[],[],[]],[[{"start":0,"end":17,"url":null,"entity_id":"Q501263","candidates":[]}],[],[],[]],[[{"start":0,"end":15,"url":null,"entity_id":"Q501242","candidates":[]}],[],[],[]],[[{"start":0,"end":14,"url":null,"entity_id":"Q501236","candidates":[]}],[],[],[]],[[{"start":0,"end":11,"url":null,"entity_id":"Q494228","candidates":[]}],[],[],[]],[[{"start":0,"end":16,"url":null,"entity_id":"Q494072","candidates":[]}],[],[],[]],[[{"start":0,"end":19,"url":null,"entity_id":"Q488701","candidates":[]}],[],[],[]],[[{"start":0,"end":16,"url":null,"entity_id":"Q488668","candidates":[]}],[],[],[]],[[{"start":0,"end":17,"url":null,"entity_id":"Q488659","candidates":[]}],[],[],[]],[[{"start":0,"end":13,"url":null,"entity_id":"Q398939","candidates":[]}],[],[],[]],[[{"start":0,"end":12,"url":null,"entity_id":"Q385365","candidates":[]}],[],[],[]],[[{"start":0,"end":17,"url":null,"entity_id":"Q511164","candidates":[]}],[],[],[]]]}