{"version":"1.2","table":{"version":"2","table_id":"W10K3LOH","columns":[{"index":0,"name":"col0","values":["Kolozpěv srdcí","Bratrství věřících","Příroda","Pohled smrti","Moje matka","Nálada","Svět rozkládá se…","Tělo","Odpovědi","Ženy","Čisté jitro","Dithyramb světů","Zpívaly hořící hvězdy","Zpívaly vody","Bolest člověka","Ruce","De puella a lupellis seruata","Mon in þe Mone","Godnat!","Summer"]},{"index":1,"name":"col1","values":["1901-01-01","1897-01-01","1897-01-01","1895-01-01","1895-01-01","1896-01-01","1899-01-01","1899-01-01","1912-01-01","1912-01-01","1912-01-01","1912-01-01","1912-01-01","1901-01-01","1901-01-01","1901-01-01","1020-01-01","1790-01-01","1901-01-01","1727-02-01"]},{"index":2,"name":"col2","values":["Ruce","Větry od pólů","Větry od pólů","Tajemné dálky","Tajemné dálky","Svítání na západě","Stavitelé chrámu","Stavitelé chrámu","Ruce","Ruce","Ruce","Ruce","Ruce","Ruce","Ruce","Ruce","Fecunda ratis","Harley Lyrics","The Fall of the King","The Seasons"]},{"index":3,"name":"col3","values":["Czech","Czech","Czech","Czech","Czech","Czech","Czech","Czech","Czech","Czech","Czech","Czech","Czech","Czech","Czech","Czech","Medieval Latin","Middle English","Jutlandic","English"]}]},"context":{"page_title":null,"page_url":null,"page_entity_id":null,"content_hierarchy":[]},"links":[[[{"start":0,"end":18,"url":null,"entity_id":"Q66777804","candidates":[]}],[],[{"start":0,"end":13,"url":null,"entity_id":"Q19535465","candidates":[]}],[{"start":0,"end":5,"url":null,"entity_id":"Q9056","candidates":[]}]],[[{"start":0,"end":7,"url":null,"entity_id":"Q66759485","candidates":[]}],[],[{"start":0,"end":13,"url":null,"entity_id":"Q19535465","candidates":[]}],[{"start":0,"end":5,"url":null,"entity_id":"Q9056","candidates":[]}]],[[{"start":0,"end":12,"url":null,"entity_id":"Q66777155","candidates":[]}],[],[{"start":0,"end":13,"url":null,"entity_id":"Q19533998","candidates":[]}],[{"start":0,"end":5,"url":null,"entity_id":"Q9056","candidates":[]}]],[[{"start":0,"end":10,"url":null,"entity_id":"Q66759459","candidates":[]}],[],[{"start":0,"end":13,"url":null,"entity_id":"Q19533998","candidates":[]}],[{"start":0,"end":5,"url":null,"entity_id":"Q9056","candidates":[]}]],[[{"start":0,"end":6,"url":null,"entity_id":"Q66759085","candidates":[]}],[],[{"start":0,"end":17,"url":null,"entity_id":"Q19533940","candidates":[]}],[{"start":0,"end":5,"url":null,"entity_id":"Q9056","candidates":[]}]],[[{"start":0,"end":17,"url":null,"entity_id":"Q66777835","candidates":[]}],[],[{"start":0,"end":16,"url":null,"entity_id":"Q19533759","candidates":[]}],[{"start":0,"end":5,"url":null,"entity_id":"Q9056","candidates":[]}]],[[{"start":0,"end":4,"url":null,"entity_id":"Q66759998","candidates":[]}],[],[{"start":0,"end":16,"url":null,"entity_id":"Q19533759","candidates":[]}],[{"start":0,"end":5,"url":null,"entity_id":"Q9056","candidates":[]}]],[[{"start":0,"end":8,"url":null,"entity_id":"Q66774153","candidates":[]}],[],[{"start":0,"end":4,"url":null,"entity_id":"Q54516418","candidates":[]}],[{"start":0,"end":5,"url":null,"entity_id":"Q9056","candidates":[]}]],[[{"start":0,"end":4,"url":null,"entity_id":"Q66773920","candidates":[]}],[],[{"start":0,"end":4,"url":null,"entity_id":"Q54516418","candidates":[]}],[{"start":0,"end":5,"url":null,"entity_id":"Q9056","candidates":[]}]],[[{"start":0,"end":11,"url":null,"entity_id":"Q66773808","candidates":[]}],[],[{"start":0,"end":4,"url":null,"entity_id":"Q54516418","candidates":[]}],[{"start":0,"end":5,"url":null,"entity_id":"Q9056","candidates":[]}]],[[{"start":0,"end":15,"url":null,"entity_id":"Q66773703","candidates":[]}],[],[{"start":0,"end":4,"url":null,"entity_id":"Q54516418","candidates":[]}],[{"start":0,"end":5,"url":null,"entity_id":"Q9056","candidates":[]}]],[[{"start":0,"end":21,"url":null,"entity_id":"Q66773698","candidates":[]}],[],[{"start":0,"end":4,"url":null,"entity_id":"Q54516418","candidates":[]}],[{"start":0,"end":5,"url":null,"entity_id":"Q9056","candidates":[]}]],[[{"start":0,"end":12,"url":null,"entity_id":"Q66773632","candidates":[]}],[],[{"start":0,"end":4,"url":null,"entity_id":"Q54516418","candidates":[]}],[{"start":0,"end":5,"url":null,"entity_id":"Q9056","candidates":[]}]],[[{"start":0,"end":14,"url":null,"entity_id":"Q66773561","candidates":[]}],[],[{"start":0,"end":4,"url":null,"entity_id":"Q54516418","candidates":[]}],[{"start":0,"end":5,"url":null,"entity_id":"Q9056","candidates":[]}]],[[{"start":0,"end":4,"url":null,"entity_id":"Q66759437","candidates":[]}],[],[{"start":0,"end":4,"url":null,"entity_id":"Q54516418","candidates":[]}],[{"start":0,"end":5,"url":null,"entity_id":"Q9056","candidates":[]}]],[[{"start":0,"end":28,"url":null,"entity_id":"Q63676107","candidates":[]}],[],[{"start":0,"end":13,"url":null,"entity_id":"Q63676139","candidates":[]}],[{"start":0,"end":14,"url":null,"entity_id":"Q1163234","candidates":[]}]],[[{"start":0,"end":14,"url":null,"entity_id":"Q63882014","candidates":[]}],[],[{"start":0,"end":13,"url":null,"entity_id":"Q5658819","candidates":[]}],[{"start":0,"end":14,"url":null,"entity_id":"Q36395","candidates":[]}]],[[{"start":0,"end":7,"url":null,"entity_id":"Q34840822","candidates":[]}],[],[{"start":0,"end":20,"url":null,"entity_id":"Q1758876","candidates":[]}],[{"start":0,"end":9,"url":null,"entity_id":"Q1340322","candidates":[]}]],[[{"start":0,"end":6,"url":null,"entity_id":"Q45411320","candidates":[]}],[],[{"start":0,"end":11,"url":null,"entity_id":"Q16956983","candidates":[]}],[{"start":0,"end":7,"url":null,"entity_id":"Q1860","candidates":[]}]],[[{"start":0,"end":14,"url":null,"entity_id":"Q66759298","candidates":[]}],[],[{"start":0,"end":4,"url":null,"entity_id":"Q54516418","candidates":[]}],[{"start":0,"end":5,"url":null,"entity_id":"Q9056","candidates":[]}]]]}