{"version":"1.2","table":{"version":"2","table_id":"W12NO345","columns":[{"index":0,"name":"col0","values":["Cutbank, Saskatchewan","Estuary, Saskatchewan","Laura, Saskatchewan","Crichton, Saskatchewan","Estlin, Saskatchewan","Hartell","Gunton, Manitoba","Belanger, Saskatchewan","Argo, Saskatchewan","Willen","Decker","Ebor","Woodnorth","Sinclair, Manitoba","Scarth","Canuck, Saskatchewan","Ardath","Beaufield, Saskatchewan","Bounty, Saskatchewan","Burnham, Saskatchewan"]},{"index":1,"name":"col1","values":["Broderick","Burstall","Asquith","Swift Current","Regina","Black Diamond","Balmoral","Maple Creek","Oban, Saskatchewan","Miniota, Manitoba","Birtle","Kola, Manitoba","Hargrave, Manitoba","Cromer, Manitoba","Virden","Scotsguard, Saskatchewan","Laura, Saskatchewan","Broadacres, Saskatchewan","Tessier","Rush Lake"]},{"index":2,"name":"col2","values":["Saskatchewan","Saskatchewan","Saskatchewan","Saskatchewan","Saskatchewan","Alberta","Manitoba","Maple Creek No. 111","list of rural municipalities in Saskatchewan","Division No. 15","Division No. 15","Division No. 6","Division No. 6","Division No. 6","Division No. 6","Saskatchewan","Saskatchewan","Saskatchewan","Saskatchewan","Saskatchewan"]}]},"context":{"page_title":null,"page_url":null,"page_entity_id":null,"content_hierarchy":[]},"links":[[[{"start":0,"end":21,"url":null,"entity_id":"Q5196723","candidates":[]}],[{"start":0,"end":9,"url":null,"entity_id":"Q1999360","candidates":[]}],[{"start":0,"end":12,"url":null,"entity_id":"Q1989","candidates":[]}]],[[{"start":0,"end":21,"url":null,"entity_id":"Q5401883","candidates":[]}],[{"start":0,"end":8,"url":null,"entity_id":"Q855486","candidates":[]}],[{"start":0,"end":12,"url":null,"entity_id":"Q1989","candidates":[]}]],[[{"start":0,"end":19,"url":null,"entity_id":"Q6498557","candidates":[]}],[{"start":0,"end":7,"url":null,"entity_id":"Q704810","candidates":[]}],[{"start":0,"end":12,"url":null,"entity_id":"Q1989","candidates":[]}]],[[{"start":0,"end":22,"url":null,"entity_id":"Q5184918","candidates":[]}],[{"start":0,"end":13,"url":null,"entity_id":"Q619937","candidates":[]}],[{"start":0,"end":12,"url":null,"entity_id":"Q1989","candidates":[]}]],[[{"start":0,"end":20,"url":null,"entity_id":"Q5401401","candidates":[]}],[{"start":0,"end":6,"url":null,"entity_id":"Q2123","candidates":[]}],[{"start":0,"end":12,"url":null,"entity_id":"Q1989","candidates":[]}]],[[{"start":0,"end":7,"url":null,"entity_id":"Q5674352","candidates":[]}],[{"start":0,"end":13,"url":null,"entity_id":"Q880216","candidates":[]}],[{"start":0,"end":7,"url":null,"entity_id":"Q1951","candidates":[]}]],[[{"start":0,"end":16,"url":null,"entity_id":"Q5619477","candidates":[]}],[{"start":0,"end":8,"url":null,"entity_id":"Q4852367","candidates":[]}],[{"start":0,"end":8,"url":null,"entity_id":"Q1948","candidates":[]}]],[[{"start":0,"end":22,"url":null,"entity_id":"Q4881899","candidates":[]}],[{"start":0,"end":11,"url":null,"entity_id":"Q1915371","candidates":[]}],[{"start":0,"end":19,"url":null,"entity_id":"Q6753856","candidates":[]}]],[[{"start":0,"end":18,"url":null,"entity_id":"Q4789610","candidates":[]}],[{"start":0,"end":18,"url":null,"entity_id":"Q7074618","candidates":[]}],[{"start":0,"end":44,"url":null,"entity_id":"Q6637174","candidates":[]}]],[[{"start":0,"end":6,"url":null,"entity_id":"Q3568365","candidates":[]}],[{"start":0,"end":17,"url":null,"entity_id":"Q3315089","candidates":[]}],[{"start":0,"end":15,"url":null,"entity_id":"Q1363924","candidates":[]}]],[[{"start":0,"end":6,"url":null,"entity_id":"Q3021020","candidates":[]}],[{"start":0,"end":6,"url":null,"entity_id":"Q86586","candidates":[]}],[{"start":0,"end":15,"url":null,"entity_id":"Q1363924","candidates":[]}]],[[{"start":0,"end":4,"url":null,"entity_id":"Q3046865","candidates":[]}],[{"start":0,"end":14,"url":null,"entity_id":"Q3198428","candidates":[]}],[{"start":0,"end":14,"url":null,"entity_id":"Q1363837","candidates":[]}]],[[{"start":0,"end":9,"url":null,"entity_id":"Q3569837","candidates":[]}],[{"start":0,"end":18,"url":null,"entity_id":"Q3127436","candidates":[]}],[{"start":0,"end":14,"url":null,"entity_id":"Q1363837","candidates":[]}]],[[{"start":0,"end":18,"url":null,"entity_id":"Q3484874","candidates":[]}],[{"start":0,"end":16,"url":null,"entity_id":"Q3003699","candidates":[]}],[{"start":0,"end":14,"url":null,"entity_id":"Q1363837","candidates":[]}]],[[{"start":0,"end":6,"url":null,"entity_id":"Q3475197","candidates":[]}],[{"start":0,"end":6,"url":null,"entity_id":"Q75861","candidates":[]}],[{"start":0,"end":14,"url":null,"entity_id":"Q1363837","candidates":[]}]],[[{"start":0,"end":20,"url":null,"entity_id":"Q5034097","candidates":[]}],[{"start":0,"end":24,"url":null,"entity_id":"Q7435800","candidates":[]}],[{"start":0,"end":12,"url":null,"entity_id":"Q1989","candidates":[]}]],[[{"start":0,"end":6,"url":null,"entity_id":"Q4787831","candidates":[]}],[{"start":0,"end":19,"url":null,"entity_id":"Q6498557","candidates":[]}],[{"start":0,"end":12,"url":null,"entity_id":"Q1989","candidates":[]}]],[[{"start":0,"end":23,"url":null,"entity_id":"Q4877449","candidates":[]}],[{"start":0,"end":24,"url":null,"entity_id":"Q4972010","candidates":[]}],[{"start":0,"end":12,"url":null,"entity_id":"Q1989","candidates":[]}]],[[{"start":0,"end":20,"url":null,"entity_id":"Q4950048","candidates":[]}],[{"start":0,"end":7,"url":null,"entity_id":"Q2204928","candidates":[]}],[{"start":0,"end":12,"url":null,"entity_id":"Q1989","candidates":[]}]],[[{"start":0,"end":21,"url":null,"entity_id":"Q4999727","candidates":[]}],[{"start":0,"end":9,"url":null,"entity_id":"Q2204184","candidates":[]}],[{"start":0,"end":12,"url":null,"entity_id":"Q1989","candidates":[]}]]]}