{"version":"1.2","table":{"version":"2","table_id":"W1XV4Q0I","columns":[{"index":0,"name":"col0","values":["Myopia Hut Club","Marco Simone Golf and Country Clu","Bumle Rock Golf Course","TPE at Deere Run","Wingd Foot Golf Club","Vahalla Golf Club","Torrey Pines Gol Course","TPC of Tcottsdale","TSC Boston","Shinnecck Hills Golf Club","Sedgegield Country Club","Scioto Country Clvb","Qubil Hollow Club","Olypia Fields Country Club","Los Angeles Couqtry Club","Harbour Tqwn Golf Links","Blackwof Run","Trump National Doral Niami","TPC at Sazgrass","Merion Glf Club"]},{"index":1,"name":"col1","values":["72.0","71.28","72.288","70.716","71.496","71.426","72.432","70.29","71.568","70.0","69.3","70.14","72.576","70.63","70.14","71.639","72.07199999999999","71.856","71.28","70.7"]},{"index":2,"name":"col2","values":["121.07999999999998","138.74","149.332","145.00799999999998","141.70499999999998","148.888","145.296","142.568","153.368","140.0","143.572","139.3","147.704","149.4","142.428","147.022","152.208","142.142","154.225","147.808"]}]},"context":{"page_title":null,"page_url":null,"page_entity_id":null,"content_hierarchy":[]},"links":[[[{"start":0,"end":33,"url":null,"entity_id":"Q28735989","candidates":[]}],[],[]],[[{"start":0,"end":22,"url":null,"entity_id":"Q14691891","candidates":[]}],[],[]],[[{"start":0,"end":16,"url":null,"entity_id":"Q12004985","candidates":[]}],[],[]],[[{"start":0,"end":20,"url":null,"entity_id":"Q8025167","candidates":[]}],[],[]],[[{"start":0,"end":17,"url":null,"entity_id":"Q7911574","candidates":[]}],[],[]],[[{"start":0,"end":23,"url":null,"entity_id":"Q7827101","candidates":[]}],[],[]],[[{"start":0,"end":17,"url":null,"entity_id":"Q7671138","candidates":[]}],[],[]],[[{"start":0,"end":10,"url":null,"entity_id":"Q7671110","candidates":[]}],[],[]],[[{"start":0,"end":25,"url":null,"entity_id":"Q7497680","candidates":[]}],[],[]],[[{"start":0,"end":23,"url":null,"entity_id":"Q7445230","candidates":[]}],[],[]],[[{"start":0,"end":19,"url":null,"entity_id":"Q7433994","candidates":[]}],[],[]],[[{"start":0,"end":17,"url":null,"entity_id":"Q7268497","candidates":[]}],[],[]],[[{"start":0,"end":26,"url":null,"entity_id":"Q7088951","candidates":[]}],[],[]],[[{"start":0,"end":24,"url":null,"entity_id":"Q6682056","candidates":[]}],[],[]],[[{"start":0,"end":23,"url":null,"entity_id":"Q5654884","candidates":[]}],[],[]],[[{"start":0,"end":12,"url":null,"entity_id":"Q4923616","candidates":[]}],[],[]],[[{"start":0,"end":26,"url":null,"entity_id":"Q4587533","candidates":[]}],[],[]],[[{"start":0,"end":15,"url":null,"entity_id":"Q4586108","candidates":[]}],[],[]],[[{"start":0,"end":15,"url":null,"entity_id":"Q3962734","candidates":[]}],[],[]],[[{"start":0,"end":15,"url":null,"entity_id":"Q2465531","candidates":[]}],[],[]]]}