{"version":"1.2","table":{"version":"2","table_id":"W22ZO3BD","columns":[{"index":0,"name":"col0","values":["Lycia","Cilicia","Bünsow Land","Dickson Land","Andrée Land","Sabine Land","Albert I Land","Nordenskiöld Land","Haakon VII Land","Heer Land","James I Land","Ny-Friesland","Orvin Land","Gustav Adolf Land","Torell Land","Nathorst Land","Wedel Jarlsberg Land","Oscar II Land","Prins Oscars Land","Harald V Land"]},{"index":1,"name":"col1","values":["Lycus","Cilix","Fredrik Bünsow","Oscar Dickson","Salomon August Andrée","Edward Sabine","Albert I, Prince of Monaco","Adolf Erik Nordenskiöld","Haakon VII of Norway","Oswald Heer","James VI and I","Friesland","Anders K. Orvin","Gustaf VI Adolf of Sweden","Otto Martin Torell","Alfred Gabriel Nathorst","Fritz Wedel Jarlsberg","Oscar II of Sweden","Oscar II of Sweden","Harald V of Norway"]},{"index":2,"name":"col2","values":["Anatolia","Anatolia","Spitsbergen","Spitsbergen","Spitsbergen","Spitsbergen","Spitsbergen","Spitsbergen","Spitsbergen","Spitsbergen","Spitsbergen","Spitsbergen","Nordaustlandet","Nordaustlandet","Spitsbergen","Spitsbergen","Spitsbergen","Spitsbergen","Nordaustlandet","Nordaustlandet"]}]},"context":{"page_title":null,"page_url":null,"page_entity_id":null,"content_hierarchy":[]},"links":[[[{"start":0,"end":5,"url":null,"entity_id":"Q18927","candidates":[]}],[{"start":0,"end":5,"url":null,"entity_id":"Q1200671","candidates":[]}],[{"start":0,"end":8,"url":null,"entity_id":"Q51614","candidates":[]}]],[[{"start":0,"end":7,"url":null,"entity_id":"Q620864","candidates":[]}],[{"start":0,"end":5,"url":null,"entity_id":"Q616782","candidates":[]}],[{"start":0,"end":8,"url":null,"entity_id":"Q51614","candidates":[]}]],[[{"start":0,"end":11,"url":null,"entity_id":"Q1020908","candidates":[]}],[{"start":0,"end":14,"url":null,"entity_id":"Q15810581","candidates":[]}],[{"start":0,"end":11,"url":null,"entity_id":"Q21162","candidates":[]}]],[[{"start":0,"end":12,"url":null,"entity_id":"Q1210158","candidates":[]}],[{"start":0,"end":13,"url":null,"entity_id":"Q640405","candidates":[]}],[{"start":0,"end":11,"url":null,"entity_id":"Q21162","candidates":[]}]],[[{"start":0,"end":11,"url":null,"entity_id":"Q1443781","candidates":[]}],[{"start":0,"end":21,"url":null,"entity_id":"Q350420","candidates":[]}],[{"start":0,"end":11,"url":null,"entity_id":"Q21162","candidates":[]}]],[[{"start":0,"end":11,"url":null,"entity_id":"Q1322315","candidates":[]}],[{"start":0,"end":13,"url":null,"entity_id":"Q311223","candidates":[]}],[{"start":0,"end":11,"url":null,"entity_id":"Q21162","candidates":[]}]],[[{"start":0,"end":13,"url":null,"entity_id":"Q1103486","candidates":[]}],[{"start":0,"end":26,"url":null,"entity_id":"Q159646","candidates":[]}],[{"start":0,"end":11,"url":null,"entity_id":"Q21162","candidates":[]}]],[[{"start":0,"end":17,"url":null,"entity_id":"Q1164241","candidates":[]}],[{"start":0,"end":23,"url":null,"entity_id":"Q156749","candidates":[]}],[{"start":0,"end":11,"url":null,"entity_id":"Q21162","candidates":[]}]],[[{"start":0,"end":15,"url":null,"entity_id":"Q1103865","candidates":[]}],[{"start":0,"end":20,"url":null,"entity_id":"Q154927","candidates":[]}],[{"start":0,"end":11,"url":null,"entity_id":"Q21162","candidates":[]}]],[[{"start":0,"end":9,"url":null,"entity_id":"Q1593505","candidates":[]}],[{"start":0,"end":11,"url":null,"entity_id":"Q117021","candidates":[]}],[{"start":0,"end":11,"url":null,"entity_id":"Q21162","candidates":[]}]],[[{"start":0,"end":12,"url":null,"entity_id":"Q1360273","candidates":[]}],[{"start":0,"end":14,"url":null,"entity_id":"Q79972","candidates":[]}],[{"start":0,"end":11,"url":null,"entity_id":"Q21162","candidates":[]}]],[[{"start":0,"end":12,"url":null,"entity_id":"Q1314309","candidates":[]}],[{"start":0,"end":9,"url":null,"entity_id":"Q770","candidates":[]}],[{"start":0,"end":11,"url":null,"entity_id":"Q21162","candidates":[]}]],[[{"start":0,"end":10,"url":null,"entity_id":"Q2271408","candidates":[]}],[{"start":0,"end":15,"url":null,"entity_id":"Q3429769","candidates":[]}],[{"start":0,"end":14,"url":null,"entity_id":"Q207374","candidates":[]}]],[[{"start":0,"end":17,"url":null,"entity_id":"Q2381445","candidates":[]}],[{"start":0,"end":25,"url":null,"entity_id":"Q52878","candidates":[]}],[{"start":0,"end":14,"url":null,"entity_id":"Q207374","candidates":[]}]],[[{"start":0,"end":11,"url":null,"entity_id":"Q2443902","candidates":[]}],[{"start":0,"end":18,"url":null,"entity_id":"Q2039914","candidates":[]}],[{"start":0,"end":11,"url":null,"entity_id":"Q21162","candidates":[]}]],[[{"start":0,"end":13,"url":null,"entity_id":"Q1966834","candidates":[]}],[{"start":0,"end":23,"url":null,"entity_id":"Q560790","candidates":[]}],[{"start":0,"end":11,"url":null,"entity_id":"Q21162","candidates":[]}]],[[{"start":0,"end":20,"url":null,"entity_id":"Q2553952","candidates":[]}],[{"start":0,"end":21,"url":null,"entity_id":"Q444952","candidates":[]}],[{"start":0,"end":11,"url":null,"entity_id":"Q21162","candidates":[]}]],[[{"start":0,"end":13,"url":null,"entity_id":"Q2688885","candidates":[]}],[{"start":0,"end":18,"url":null,"entity_id":"Q52924","candidates":[]}],[{"start":0,"end":11,"url":null,"entity_id":"Q21162","candidates":[]}]],[[{"start":0,"end":17,"url":null,"entity_id":"Q6338703","candidates":[]}],[{"start":0,"end":18,"url":null,"entity_id":"Q52924","candidates":[]}],[{"start":0,"end":14,"url":null,"entity_id":"Q207374","candidates":[]}]],[[{"start":0,"end":13,"url":null,"entity_id":"Q25425331","candidates":[]}],[{"start":0,"end":18,"url":null,"entity_id":"Q57287","candidates":[]}],[{"start":0,"end":14,"url":null,"entity_id":"Q207374","candidates":[]}]]]}