{"version":"1.2","table":{"version":"2","table_id":"W3SXUVOD","columns":[{"index":0,"name":"col0","values":["tongu-twister","fpithet","euphenism","tautolqgy","sarcsm","fable","cllché","punch mine","estrophe","personificatin","plernasm","dlliteration","phorism","archbism","meuonzmy","parcphrase","rhyme","mitotes","macasonic language","gnome"]},{"index":1,"name":"col1","values":["saying","description","meaning","rhetoric","humor","traditional story","trope","phrase","stylistic device","stylistic device","stylistic device","literary consonance","paroimia","term","trope","stylistic device","stylistic device","rhetoric","language","saying"]},{"index":2,"name":"col2","values":["Armenian Soviet Encyclopedia","Armenian Soviet Encyclopedia","Armenian Soviet Encyclopedia","Armenian Soviet Encyclopedia","Armenian Soviet Encyclopedia","Ottův slovník naučný","Ottův slovník naučný","Ottův slovník naučný","Ottův slovník naučný","Ottův slovník naučný","Ottův slovník naučný","Brockhaus and Efron Encyclopedic Dictionary","Brockhaus and Efron Encyclopedic Dictionary","Brockhaus and Efron Encyclopedic Dictionary","Brockhaus and Efron Encyclopedic Dictionary","Brockhaus and Efron Encyclopedic Dictionary","Brockhaus and Efron Encyclopedic Dictionary","Brockhaus and Efron Encyclopedic Dictionary","Brockhaus and Efron Encyclopedic Dictionary","Brockhaus and Efron Encyclopedic Dictionary"]}]},"context":{"page_title":null,"page_url":null,"page_entity_id":null,"content_hierarchy":[]},"links":[[[{"start":0,"end":7,"url":null,"entity_id":"Q207869","candidates":[]}],[{"start":0,"end":11,"url":null,"entity_id":"Q1200750","candidates":[]}],[{"start":0,"end":28,"url":null,"entity_id":"Q2657718","candidates":[]}]],[[{"start":0,"end":9,"url":null,"entity_id":"Q83464","candidates":[]}],[{"start":0,"end":7,"url":null,"entity_id":"Q183046","candidates":[]}],[{"start":0,"end":28,"url":null,"entity_id":"Q2657718","candidates":[]}]],[[{"start":0,"end":9,"url":null,"entity_id":"Q841606","candidates":[]}],[{"start":0,"end":8,"url":null,"entity_id":"Q81009","candidates":[]}],[{"start":0,"end":28,"url":null,"entity_id":"Q2657718","candidates":[]}]],[[{"start":0,"end":6,"url":null,"entity_id":"Q191035","candidates":[]}],[{"start":0,"end":5,"url":null,"entity_id":"Q35874","candidates":[]}],[{"start":0,"end":28,"url":null,"entity_id":"Q2657718","candidates":[]}]],[[{"start":0,"end":5,"url":null,"entity_id":"Q693","candidates":[]}],[{"start":0,"end":17,"url":null,"entity_id":"Q7832362","candidates":[]}],[{"start":0,"end":20,"url":null,"entity_id":"Q2041543","candidates":[]}]],[[{"start":0,"end":6,"url":null,"entity_id":"Q156351","candidates":[]}],[{"start":0,"end":5,"url":null,"entity_id":"Q843227","candidates":[]}],[{"start":0,"end":20,"url":null,"entity_id":"Q2041543","candidates":[]}]],[[{"start":0,"end":10,"url":null,"entity_id":"Q671054","candidates":[]}],[{"start":0,"end":6,"url":null,"entity_id":"Q187931","candidates":[]}],[{"start":0,"end":20,"url":null,"entity_id":"Q2041543","candidates":[]}]],[[{"start":0,"end":8,"url":null,"entity_id":"Q963102","candidates":[]}],[{"start":0,"end":16,"url":null,"entity_id":"Q182545","candidates":[]}],[{"start":0,"end":20,"url":null,"entity_id":"Q2041543","candidates":[]}]],[[{"start":0,"end":14,"url":null,"entity_id":"Q207174","candidates":[]}],[{"start":0,"end":16,"url":null,"entity_id":"Q182545","candidates":[]}],[{"start":0,"end":20,"url":null,"entity_id":"Q2041543","candidates":[]}]],[[{"start":0,"end":8,"url":null,"entity_id":"Q188741","candidates":[]}],[{"start":0,"end":16,"url":null,"entity_id":"Q182545","candidates":[]}],[{"start":0,"end":20,"url":null,"entity_id":"Q2041543","candidates":[]}]],[[{"start":0,"end":12,"url":null,"entity_id":"Q484495","candidates":[]}],[{"start":0,"end":19,"url":null,"entity_id":"Q15440164","candidates":[]}],[{"start":0,"end":43,"url":null,"entity_id":"Q602358","candidates":[]}]],[[{"start":0,"end":7,"url":null,"entity_id":"Q165740","candidates":[]}],[{"start":0,"end":8,"url":null,"entity_id":"Q12773435","candidates":[]}],[{"start":0,"end":43,"url":null,"entity_id":"Q602358","candidates":[]}]],[[{"start":0,"end":8,"url":null,"entity_id":"Q181970","candidates":[]}],[{"start":0,"end":4,"url":null,"entity_id":"Q1969448","candidates":[]}],[{"start":0,"end":43,"url":null,"entity_id":"Q602358","candidates":[]}]],[[{"start":0,"end":8,"url":null,"entity_id":"Q41966","candidates":[]}],[{"start":0,"end":5,"url":null,"entity_id":"Q843227","candidates":[]}],[{"start":0,"end":43,"url":null,"entity_id":"Q602358","candidates":[]}]],[[{"start":0,"end":10,"url":null,"entity_id":"Q255189","candidates":[]}],[{"start":0,"end":16,"url":null,"entity_id":"Q182545","candidates":[]}],[{"start":0,"end":43,"url":null,"entity_id":"Q602358","candidates":[]}]],[[{"start":0,"end":5,"url":null,"entity_id":"Q178715","candidates":[]}],[{"start":0,"end":16,"url":null,"entity_id":"Q182545","candidates":[]}],[{"start":0,"end":43,"url":null,"entity_id":"Q602358","candidates":[]}]],[[{"start":0,"end":7,"url":null,"entity_id":"Q324939","candidates":[]}],[{"start":0,"end":8,"url":null,"entity_id":"Q81009","candidates":[]}],[{"start":0,"end":43,"url":null,"entity_id":"Q602358","candidates":[]}]],[[{"start":0,"end":18,"url":null,"entity_id":"Q154247","candidates":[]}],[{"start":0,"end":8,"url":null,"entity_id":"Q315","candidates":[]}],[{"start":0,"end":43,"url":null,"entity_id":"Q602358","candidates":[]}]],[[{"start":0,"end":5,"url":null,"entity_id":"Q1533260","candidates":[]}],[{"start":0,"end":6,"url":null,"entity_id":"Q3026787","candidates":[]}],[{"start":0,"end":43,"url":null,"entity_id":"Q602358","candidates":[]}]],[[{"start":0,"end":13,"url":null,"entity_id":"Q230052","candidates":[]}],[{"start":0,"end":6,"url":null,"entity_id":"Q3026787","candidates":[]}],[{"start":0,"end":28,"url":null,"entity_id":"Q2657718","candidates":[]}]]]}