{"version":"1.2","table":{"version":"2","table_id":"W4NXQE75","columns":[{"index":0,"name":"col0","values":["Fatakeshto","Force","Gangs of Wasseypur","Sarkar","Carry On","Fantaghirò pentalogy","Re-Animator","Sharknado","National Lampoon's Vacation","A Nightmare on Elm Street","Saw","The Evil Dead","Che","Airport","Bad Boys","Rocky","The Twilight Saga","Bourne","High School Musical","Robert Langdon","REC","The Human Condition","Ip Man","Ang Tanging Ina","Goopy Gyne Bagha Byne","Hera Pheri","Bheja Fry","Dhamaal","Masti","Race","Munna Bhai"]},{"index":1,"name":"col1","values":["Swapan Saha","Nishikant Kamat","Anurag Kashyap","Ram Gopal Varma","Gerald Thomas","Lamberto Bava","Stuart Gordon","Anthony C. Ferrante","Harold Ramis","Wes Craven","James Wan","Sam Raimi","Steven Soderbergh","George Seaton","Michael Bay","John G. Avildsen","Catherine Hardwicke","Doug Liman","Kenny Ortega","Ron Howard","Jaume Balagueró","Masaki Kobayashi","Wilson Yip","Wenn V. Deramas","Satyajit Ray","Priyadarshan","Sagar Ballary","Indra Kumar","Indra Kumar","Abbas-Mustan","Rajkumar Hirani"]},{"index":2,"name":"col2","values":["Mithun Chakraborty","John Abraham","Manoj Bajpai","Amitabh Bachchan","Charles Hawtrey","Brigitte Nielsen","Jeffrey Combs","Ian Ziering","Chevy Chase","Robert Englund","Tobin Bell","Bruce Campbell","Benicio del Toro","Burt Lancaster","Will Smith","Sylvester Stallone","Robert Pattinson","Brian Cox","Corbin Bleu","Tom Hanks","Manuela Velasco","Kunie Tanaka","Donnie Yen","Ai-Ai de las Alas","Tapen Chatterjee","Sunil Shetty","Vinay Pathak","Riteish Deshmukh","Vivek Oberoi","Anil Kapoor","Sanjay Dutt"]},{"index":3,"name":"col3","values":["India","India","India","India","United Kingdom","Italy","United States of America","United States of America","United States of America","United States of America","United States of America","United States of America","United States of America","United States of America","United States of America","United States of America","United States of America","United States of America","United States of America","United States of America","Spain","Japan","Hong Kong","Philippines","India","India","India","India","India","India","India"]}]},"context":{"page_title":null,"page_url":null,"page_entity_id":null,"content_hierarchy":[]},"links":[[[{"start":0,"end":5,"url":null,"entity_id":"Q27964569","candidates":[]}],[{"start":0,"end":15,"url":null,"entity_id":"Q13118344","candidates":[]}],[{"start":0,"end":12,"url":null,"entity_id":"Q313025","candidates":[]}],[{"start":0,"end":5,"url":null,"entity_id":"Q668","candidates":[]}]],[[{"start":0,"end":18,"url":null,"entity_id":"Q21001632","candidates":[]}],[{"start":0,"end":14,"url":null,"entity_id":"Q2839609","candidates":[]}],[{"start":0,"end":12,"url":null,"entity_id":"Q158533","candidates":[]}],[{"start":0,"end":5,"url":null,"entity_id":"Q668","candidates":[]}]],[[{"start":0,"end":6,"url":null,"entity_id":"Q27959207","candidates":[]}],[{"start":0,"end":15,"url":null,"entity_id":"Q1391329","candidates":[]}],[{"start":0,"end":16,"url":null,"entity_id":"Q9570","candidates":[]}],[{"start":0,"end":5,"url":null,"entity_id":"Q668","candidates":[]}]],[[{"start":0,"end":8,"url":null,"entity_id":"Q948916","candidates":[]}],[{"start":0,"end":13,"url":null,"entity_id":"Q740649","candidates":[]}],[{"start":0,"end":15,"url":null,"entity_id":"Q325141","candidates":[]}],[{"start":0,"end":14,"url":null,"entity_id":"Q145","candidates":[]}]],[[{"start":0,"end":20,"url":null,"entity_id":"Q996028","candidates":[]}],[{"start":0,"end":13,"url":null,"entity_id":"Q987976","candidates":[]}],[{"start":0,"end":16,"url":null,"entity_id":"Q154519","candidates":[]}],[{"start":0,"end":5,"url":null,"entity_id":"Q38","candidates":[]}]],[[{"start":0,"end":11,"url":null,"entity_id":"Q21527982","candidates":[]}],[{"start":0,"end":13,"url":null,"entity_id":"Q1346651","candidates":[]}],[{"start":0,"end":13,"url":null,"entity_id":"Q452288","candidates":[]}],[{"start":0,"end":24,"url":null,"entity_id":"Q30","candidates":[]}]],[[{"start":0,"end":9,"url":null,"entity_id":"Q21528034","candidates":[]}],[{"start":0,"end":19,"url":null,"entity_id":"Q16146485","candidates":[]}],[{"start":0,"end":11,"url":null,"entity_id":"Q352233","candidates":[]}],[{"start":0,"end":24,"url":null,"entity_id":"Q30","candidates":[]}]],[[{"start":0,"end":27,"url":null,"entity_id":"Q579237","candidates":[]}],[{"start":0,"end":12,"url":null,"entity_id":"Q286890","candidates":[]}],[{"start":0,"end":11,"url":null,"entity_id":"Q310926","candidates":[]}],[{"start":0,"end":24,"url":null,"entity_id":"Q30","candidates":[]}]],[[{"start":0,"end":25,"url":null,"entity_id":"Q617871","candidates":[]}],[{"start":0,"end":10,"url":null,"entity_id":"Q223992","candidates":[]}],[{"start":0,"end":14,"url":null,"entity_id":"Q310389","candidates":[]}],[{"start":0,"end":24,"url":null,"entity_id":"Q30","candidates":[]}]],[[{"start":0,"end":3,"url":null,"entity_id":"Q1145690","candidates":[]}],[{"start":0,"end":9,"url":null,"entity_id":"Q374286","candidates":[]}],[{"start":0,"end":10,"url":null,"entity_id":"Q310190","candidates":[]}],[{"start":0,"end":24,"url":null,"entity_id":"Q30","candidates":[]}]],[[{"start":0,"end":13,"url":null,"entity_id":"Q921605","candidates":[]}],[{"start":0,"end":9,"url":null,"entity_id":"Q275402","candidates":[]}],[{"start":0,"end":14,"url":null,"entity_id":"Q309932","candidates":[]}],[{"start":0,"end":24,"url":null,"entity_id":"Q30","candidates":[]}]],[[{"start":0,"end":3,"url":null,"entity_id":"Q28039175","candidates":[]}],[{"start":0,"end":17,"url":null,"entity_id":"Q103917","candidates":[]}],[{"start":0,"end":16,"url":null,"entity_id":"Q193668","candidates":[]}],[{"start":0,"end":24,"url":null,"entity_id":"Q30","candidates":[]}]],[[{"start":0,"end":7,"url":null,"entity_id":"Q21646057","candidates":[]}],[{"start":0,"end":13,"url":null,"entity_id":"Q288337","candidates":[]}],[{"start":0,"end":14,"url":null,"entity_id":"Q160528","candidates":[]}],[{"start":0,"end":24,"url":null,"entity_id":"Q30","candidates":[]}]],[[{"start":0,"end":8,"url":null,"entity_id":"Q27959303","candidates":[]}],[{"start":0,"end":11,"url":null,"entity_id":"Q59259","candidates":[]}],[{"start":0,"end":10,"url":null,"entity_id":"Q40096","candidates":[]}],[{"start":0,"end":24,"url":null,"entity_id":"Q30","candidates":[]}]],[[{"start":0,"end":5,"url":null,"entity_id":"Q1078084","candidates":[]}],[{"start":0,"end":16,"url":null,"entity_id":"Q260125","candidates":[]}],[{"start":0,"end":18,"url":null,"entity_id":"Q40026","candidates":[]}],[{"start":0,"end":24,"url":null,"entity_id":"Q30","candidates":[]}]],[[{"start":0,"end":17,"url":null,"entity_id":"Q652599","candidates":[]}],[{"start":0,"end":19,"url":null,"entity_id":"Q229598","candidates":[]}],[{"start":0,"end":16,"url":null,"entity_id":"Q36767","candidates":[]}],[{"start":0,"end":24,"url":null,"entity_id":"Q30","candidates":[]}]],[[{"start":0,"end":6,"url":null,"entity_id":"Q868683","candidates":[]}],[{"start":0,"end":10,"url":null,"entity_id":"Q349339","candidates":[]}],[{"start":0,"end":9,"url":null,"entity_id":"Q34975","candidates":[]}],[{"start":0,"end":24,"url":null,"entity_id":"Q30","candidates":[]}]],[[{"start":0,"end":19,"url":null,"entity_id":"Q577646","candidates":[]}],[{"start":0,"end":12,"url":null,"entity_id":"Q380852","candidates":[]}],[{"start":0,"end":11,"url":null,"entity_id":"Q4617","candidates":[]}],[{"start":0,"end":24,"url":null,"entity_id":"Q30","candidates":[]}]],[[{"start":0,"end":14,"url":null,"entity_id":"Q27962582","candidates":[]}],[{"start":0,"end":10,"url":null,"entity_id":"Q103646","candidates":[]}],[{"start":0,"end":9,"url":null,"entity_id":"Q2263","candidates":[]}],[{"start":0,"end":24,"url":null,"entity_id":"Q30","candidates":[]}]],[[{"start":0,"end":3,"url":null,"entity_id":"Q22908176","candidates":[]}],[{"start":0,"end":15,"url":null,"entity_id":"Q471000","candidates":[]}],[{"start":0,"end":15,"url":null,"entity_id":"Q1200505","candidates":[]}],[{"start":0,"end":5,"url":null,"entity_id":"Q29","candidates":[]}]],[[{"start":0,"end":19,"url":null,"entity_id":"Q808114","candidates":[]}],[{"start":0,"end":16,"url":null,"entity_id":"Q445807","candidates":[]}],[{"start":0,"end":12,"url":null,"entity_id":"Q326517","candidates":[]}],[{"start":0,"end":5,"url":null,"entity_id":"Q17","candidates":[]}]],[[{"start":0,"end":6,"url":null,"entity_id":"Q19840232","candidates":[]}],[{"start":0,"end":10,"url":null,"entity_id":"Q3089283","candidates":[]}],[{"start":0,"end":10,"url":null,"entity_id":"Q311723","candidates":[]}],[{"start":0,"end":9,"url":null,"entity_id":"Q8646","candidates":[]}]],[[{"start":0,"end":15,"url":null,"entity_id":"Q16825124","candidates":[]}],[{"start":0,"end":15,"url":null,"entity_id":"Q7982905","candidates":[]}],[{"start":0,"end":17,"url":null,"entity_id":"Q3548086","candidates":[]}],[{"start":0,"end":11,"url":null,"entity_id":"Q928","candidates":[]}]],[[{"start":0,"end":21,"url":null,"entity_id":"Q17414738","candidates":[]}],[{"start":0,"end":12,"url":null,"entity_id":"Q8873","candidates":[]}],[{"start":0,"end":16,"url":null,"entity_id":"Q7684530","candidates":[]}],[{"start":0,"end":5,"url":null,"entity_id":"Q668","candidates":[]}]],[[{"start":0,"end":10,"url":null,"entity_id":"Q19849833","candidates":[]}],[{"start":0,"end":12,"url":null,"entity_id":"Q3115713","candidates":[]}],[{"start":0,"end":12,"url":null,"entity_id":"Q983043","candidates":[]}],[{"start":0,"end":5,"url":null,"entity_id":"Q668","candidates":[]}]],[[{"start":0,"end":9,"url":null,"entity_id":"Q18110557","candidates":[]}],[{"start":0,"end":13,"url":null,"entity_id":"Q7399012","candidates":[]}],[{"start":0,"end":12,"url":null,"entity_id":"Q929422","candidates":[]}],[{"start":0,"end":5,"url":null,"entity_id":"Q668","candidates":[]}]],[[{"start":0,"end":7,"url":null,"entity_id":"Q18111737","candidates":[]}],[{"start":0,"end":11,"url":null,"entity_id":"Q3150542","candidates":[]}],[{"start":0,"end":16,"url":null,"entity_id":"Q738291","candidates":[]}],[{"start":0,"end":5,"url":null,"entity_id":"Q668","candidates":[]}]],[[{"start":0,"end":5,"url":null,"entity_id":"Q19893797","candidates":[]}],[{"start":0,"end":11,"url":null,"entity_id":"Q3150542","candidates":[]}],[{"start":0,"end":12,"url":null,"entity_id":"Q731854","candidates":[]}],[{"start":0,"end":5,"url":null,"entity_id":"Q668","candidates":[]}]],[[{"start":0,"end":4,"url":null,"entity_id":"Q19895590","candidates":[]}],[{"start":0,"end":12,"url":null,"entity_id":"Q2337574","candidates":[]}],[{"start":0,"end":11,"url":null,"entity_id":"Q313956","candidates":[]}],[{"start":0,"end":5,"url":null,"entity_id":"Q668","candidates":[]}]],[[{"start":0,"end":10,"url":null,"entity_id":"Q18128310","candidates":[]}],[{"start":0,"end":15,"url":null,"entity_id":"Q3418007","candidates":[]}],[{"start":0,"end":11,"url":null,"entity_id":"Q310867","candidates":[]}],[{"start":0,"end":5,"url":null,"entity_id":"Q668","candidates":[]}]],[[{"start":0,"end":10,"url":null,"entity_id":"Q27958448","candidates":[]}],[{"start":0,"end":11,"url":null,"entity_id":"Q7653795","candidates":[]}],[{"start":0,"end":18,"url":null,"entity_id":"Q379604","candidates":[]}],[{"start":0,"end":5,"url":null,"entity_id":"Q668","candidates":[]}]]]}