{"version":"1.2","table":{"version":"2","table_id":"W666BQJ9","columns":[{"index":0,"name":"col0","values":["Athletics at the 1988 Summer Olympics – Men's 100 metres","Athletics at the 2008 Summer Olympics – Men's 3000 metres steeplechase","Athletics at the 2004 Summer Olympics – Men's decathlon","Athletics at the 2008 Summer Olympics – Men's discus throw","Cycling at the 2008 Summer Olympics – Men's Keirin","Athletics at the 1896 Summer Olympics – Men's marathon","Wrestling at the 2012 Summer Olympics – Men's freestyle 120 kg","Diving at the 2012 Summer Olympics – Men's 3 metre springboard","Athletics at the 2012 Summer Olympics – Women's triple jump","Shooting at the 2012 Summer Olympics – Men's trap","Athletics at the 2012 Summer Olympics – Men's discus throw","Table tennis at the 2012 Summer Olympics – Men's singles","Athletics at the 2012 Summer Olympics – Men's 100 metres","Cycling at the 2012 Summer Olympics – Men's road race","Athletics at the 1968 Summer Olympics – Women's long jump","Athletics at the 1992 Summer Olympics – Men's 1500 metres","Athletics at the 2008 Summer Olympics – Men's 110 metres hurdles","Athletics at the 2008 Summer Olympics – Men's high jump","Athletics at the 2008 Summer Olympics – Men's marathon","Athletics at the 2008 Summer Olympics – Men's 400 metres hurdles"]},{"index":1,"name":"col1","values":["1988-01-01","2008-01-01","2004-01-01","2008-08-16","2008-01-01","1896-01-01","2012-01-01","2012-01-01","2012-01-01","2012-08-05","2012-01-01","2012-01-01","2012-08-04","2012-07-28","1968-01-01","1992-01-01","2008-01-01","2008-08-17","2008-01-01","2008-01-01"]},{"index":2,"name":"col2","values":["International Olympic Committee","International Olympic Committee","International Olympic Committee","International Olympic Committee","Union Cycliste Internationale","International Olympic Committee","International Olympic Committee","International Olympic Committee","International Olympic Committee","International Olympic Committee","International Olympic Committee","International Olympic Committee","International Olympic Committee","International Olympic Committee","International Olympic Committee","International Olympic Committee","International Olympic Committee","International Olympic Committee","International Olympic Committee","International Olympic Committee"]},{"index":3,"name":"col3","values":["Carl Lewis","Brimin Kipruto","Roman Šebrle","Gerd Kanter","Chris Hoy","Spyridon Louis","Komeil Ghasemi","Ilya Zakharov","Olga Rypakova","Giovanni Cernogoraz","Robert Harting","Zhang Jike","jamican man","Alexander Vinokourov","Viorica Viscopoleanu","Fermín Cacho","Dayron Robles","Andrey Silnov","Samuel Wanjiru","Angelo Taylor"]},{"index":4,"name":"col4","values":["Athletics at the 1992 Summer Olympics – Men's 100 metres","Athletics at the 2012 Summer Olympics – Men's 3000 metres steeplechase","Athletics at the 2008 Summer Olympics – Men's decathlon","Athletics at the 2012 Summer Olympics – Men's discus throw","Cycling at the 2012 Summer Olympics – Men's Keirin","Athletics at the 1900 Summer Olympics – Men's marathon","Wrestling at the 2016 Summer Olympics – Men's freestyle 125 kg","Diving at the 2016 Summer Olympics – Men's 3 metre springboard","Athletics at the 2016 Summer Olympics – Women's triple jump","Shooting at the 2016 Summer Olympics – Men's trap","Athletics at the 2016 Summer Olympics – Men's discus throw","Table tennis at the 2016 Summer Olympics – Men's singles","Athletics at the 2016 Summer Olympics – Men's 100 metres","Cycling at the 2016 Summer Olympics – Men's individual road race","Athletics at the 1972 Summer Olympics – Women's long jump","Athletics at the 1996 Summer Olympics – Men's 1500 metres","Athletics at the 2012 Summer Olympics – Men's 110 metres hurdles","Athletics at the 2012 Summer Olympics – Men's high jump","Athletics at the 2012 Summer Olympics – Men's marathon","Athletics at the 2012 Summer Olympics – Men's 400 metres hurdles"]}]},"context":{"page_title":null,"page_url":null,"page_entity_id":null,"content_hierarchy":[]},"links":[[[{"start":0,"end":70,"url":null,"entity_id":"Q544177","candidates":[]}],[],[{"start":0,"end":31,"url":null,"entity_id":"Q40970","candidates":[]}],[{"start":0,"end":14,"url":null,"entity_id":"Q9140","candidates":[]}],[{"start":0,"end":70,"url":null,"entity_id":"Q1771990","candidates":[]}]],[[{"start":0,"end":55,"url":null,"entity_id":"Q582514","candidates":[]}],[],[{"start":0,"end":31,"url":null,"entity_id":"Q40970","candidates":[]}],[{"start":0,"end":12,"url":null,"entity_id":"Q310015","candidates":[]}],[{"start":0,"end":55,"url":null,"entity_id":"Q1005784","candidates":[]}]],[[{"start":0,"end":58,"url":null,"entity_id":"Q517035","candidates":[]}],[],[{"start":0,"end":31,"url":null,"entity_id":"Q40970","candidates":[]}],[{"start":0,"end":11,"url":null,"entity_id":"Q1776","candidates":[]}],[{"start":0,"end":58,"url":null,"entity_id":"Q765839","candidates":[]}]],[[{"start":0,"end":50,"url":null,"entity_id":"Q577260","candidates":[]}],[],[{"start":0,"end":29,"url":null,"entity_id":"Q48663","candidates":[]}],[{"start":0,"end":9,"url":null,"entity_id":"Q310383","candidates":[]}],[{"start":0,"end":50,"url":null,"entity_id":"Q580474","candidates":[]}]],[[{"start":0,"end":54,"url":null,"entity_id":"Q527041","candidates":[]}],[],[{"start":0,"end":31,"url":null,"entity_id":"Q40970","candidates":[]}],[{"start":0,"end":14,"url":null,"entity_id":"Q202424","candidates":[]}],[{"start":0,"end":54,"url":null,"entity_id":"Q210838","candidates":[]}]],[[{"start":0,"end":62,"url":null,"entity_id":"Q677063","candidates":[]}],[],[{"start":0,"end":31,"url":null,"entity_id":"Q40970","candidates":[]}],[{"start":0,"end":14,"url":null,"entity_id":"Q1319009","candidates":[]}],[{"start":0,"end":62,"url":null,"entity_id":"Q26404138","candidates":[]}]],[[{"start":0,"end":62,"url":null,"entity_id":"Q764131","candidates":[]}],[],[{"start":0,"end":31,"url":null,"entity_id":"Q40970","candidates":[]}],[{"start":0,"end":13,"url":null,"entity_id":"Q982213","candidates":[]}],[{"start":0,"end":62,"url":null,"entity_id":"Q26242953","candidates":[]}]],[[{"start":0,"end":59,"url":null,"entity_id":"Q733756","candidates":[]}],[],[{"start":0,"end":31,"url":null,"entity_id":"Q40970","candidates":[]}],[{"start":0,"end":13,"url":null,"entity_id":"Q6338","candidates":[]}],[{"start":0,"end":59,"url":null,"entity_id":"Q26233995","candidates":[]}]],[[{"start":0,"end":49,"url":null,"entity_id":"Q681571","candidates":[]}],[],[{"start":0,"end":31,"url":null,"entity_id":"Q40970","candidates":[]}],[{"start":0,"end":19,"url":null,"entity_id":"Q938720","candidates":[]}],[{"start":0,"end":49,"url":null,"entity_id":"Q26233478","candidates":[]}]],[[{"start":0,"end":58,"url":null,"entity_id":"Q765839","candidates":[]}],[],[{"start":0,"end":31,"url":null,"entity_id":"Q40970","candidates":[]}],[{"start":0,"end":14,"url":null,"entity_id":"Q1766","candidates":[]}],[{"start":0,"end":58,"url":null,"entity_id":"Q26214545","candidates":[]}]],[[{"start":0,"end":56,"url":null,"entity_id":"Q737732","candidates":[]}],[],[{"start":0,"end":31,"url":null,"entity_id":"Q40970","candidates":[]}],[{"start":0,"end":10,"url":null,"entity_id":"Q197218","candidates":[]}],[{"start":0,"end":56,"url":null,"entity_id":"Q26212366","candidates":[]}]],[[{"start":0,"end":56,"url":null,"entity_id":"Q734020","candidates":[]}],[],[{"start":0,"end":31,"url":null,"entity_id":"Q40970","candidates":[]}],[{"start":0,"end":11,"url":null,"entity_id":"Q1189","candidates":[]}],[{"start":0,"end":56,"url":null,"entity_id":"Q25397537","candidates":[]}]],[[{"start":0,"end":53,"url":null,"entity_id":"Q754412","candidates":[]}],[],[{"start":0,"end":31,"url":null,"entity_id":"Q40970","candidates":[]}],[{"start":0,"end":20,"url":null,"entity_id":"Q295991","candidates":[]}],[{"start":0,"end":64,"url":null,"entity_id":"Q24760634","candidates":[]}]],[[{"start":0,"end":57,"url":null,"entity_id":"Q673000","candidates":[]}],[],[{"start":0,"end":31,"url":null,"entity_id":"Q40970","candidates":[]}],[{"start":0,"end":20,"url":null,"entity_id":"Q256682","candidates":[]}],[{"start":0,"end":57,"url":null,"entity_id":"Q3628860","candidates":[]}]],[[{"start":0,"end":57,"url":null,"entity_id":"Q733026","candidates":[]}],[],[{"start":0,"end":31,"url":null,"entity_id":"Q40970","candidates":[]}],[{"start":0,"end":12,"url":null,"entity_id":"Q336847","candidates":[]}],[{"start":0,"end":57,"url":null,"entity_id":"Q3628794","candidates":[]}]],[[{"start":0,"end":64,"url":null,"entity_id":"Q743905","candidates":[]}],[],[{"start":0,"end":31,"url":null,"entity_id":"Q40970","candidates":[]}],[{"start":0,"end":13,"url":null,"entity_id":"Q9154","candidates":[]}],[{"start":0,"end":64,"url":null,"entity_id":"Q2000999","candidates":[]}]],[[{"start":0,"end":55,"url":null,"entity_id":"Q744487","candidates":[]}],[],[{"start":0,"end":31,"url":null,"entity_id":"Q40970","candidates":[]}],[{"start":0,"end":13,"url":null,"entity_id":"Q15563","candidates":[]}],[{"start":0,"end":55,"url":null,"entity_id":"Q2000949","candidates":[]}]],[[{"start":0,"end":54,"url":null,"entity_id":"Q693595","candidates":[]}],[],[{"start":0,"end":31,"url":null,"entity_id":"Q40970","candidates":[]}],[{"start":0,"end":14,"url":null,"entity_id":"Q15516","candidates":[]}],[{"start":0,"end":54,"url":null,"entity_id":"Q1798983","candidates":[]}]],[[{"start":0,"end":64,"url":null,"entity_id":"Q766954","candidates":[]}],[],[{"start":0,"end":31,"url":null,"entity_id":"Q40970","candidates":[]}],[{"start":0,"end":13,"url":null,"entity_id":"Q15505","candidates":[]}],[{"start":0,"end":64,"url":null,"entity_id":"Q1772012","candidates":[]}]],[[{"start":0,"end":56,"url":null,"entity_id":"Q488601","candidates":[]}],[],[{"start":0,"end":31,"url":null,"entity_id":"Q40970","candidates":[]}],[{"start":0,"end":10,"url":null,"entity_id":"Q131237","candidates":[]}],[{"start":0,"end":56,"url":null,"entity_id":"Q2303677","candidates":[]}]]]}