{"version":"1.2","table":{"version":"2","table_id":"W7D4QGYV","columns":[{"index":0,"name":"col0","values":["Goranby District","Dcshkasan District","Sabirabdd District","Ismanli Disrict","Lerik Dlstrict","Neftchalc District","Bilaswvar District","Saatly Distrift","Balakn District","Agdash Disrict","gstafa Disrict","Goychay Distrift","Kabajar District","Goygol Disvrict","Yardymli Ditrict","Qubadli Disricw","Ogiuz Distrit","Kulfa District","Lachin Disrict","Khoavend District"]},{"index":1,"name":"col1","values":["Goranboy","Daşkəsən","Sabirabad","İsmayıllı","Lerik","Neftçala","Biləsuvar","Saatlı","Balakən","Agdash","Ağstafa","Goychay","Kalbajar","Göygöl","Yardımlı","Qubadlı","Oğuz","Jolfa, Azerbaijan","Lachin","Khojavend"]},{"index":2,"name":"col2","values":["102886.8","34.717332","178451.85","85503.258","84880.422","87385.2","102195.2","107151.0","98579.29999999999","104972.5","83923.2","119996.99999999999","43319.583","60463.77","62823.708999999995","31693.024","41300.0","37538.82","9772.762999999999","42699.516"]}]},"context":{"page_title":null,"page_url":null,"page_entity_id":null,"content_hierarchy":[]},"links":[[[{"start":0,"end":16,"url":null,"entity_id":"Q330843","candidates":[]}],[{"start":0,"end":8,"url":null,"entity_id":"Q2352148","candidates":[]}],[]],[[{"start":0,"end":18,"url":null,"entity_id":"Q457494","candidates":[]}],[{"start":0,"end":8,"url":null,"entity_id":"Q2332472","candidates":[]}],[]],[[{"start":0,"end":18,"url":null,"entity_id":"Q382132","candidates":[]}],[{"start":0,"end":9,"url":null,"entity_id":"Q2148635","candidates":[]}],[]],[[{"start":0,"end":15,"url":null,"entity_id":"Q344252","candidates":[]}],[{"start":0,"end":9,"url":null,"entity_id":"Q2148072","candidates":[]}],[]],[[{"start":0,"end":14,"url":null,"entity_id":"Q688626","candidates":[]}],[{"start":0,"end":5,"url":null,"entity_id":"Q2090598","candidates":[]}],[]],[[{"start":0,"end":18,"url":null,"entity_id":"Q688633","candidates":[]}],[{"start":0,"end":8,"url":null,"entity_id":"Q2087800","candidates":[]}],[]],[[{"start":0,"end":18,"url":null,"entity_id":"Q330834","candidates":[]}],[{"start":0,"end":9,"url":null,"entity_id":"Q2043938","candidates":[]}],[]],[[{"start":0,"end":15,"url":null,"entity_id":"Q601105","candidates":[]}],[{"start":0,"end":6,"url":null,"entity_id":"Q1993517","candidates":[]}],[]],[[{"start":0,"end":15,"url":null,"entity_id":"Q330850","candidates":[]}],[{"start":0,"end":7,"url":null,"entity_id":"Q1989793","candidates":[]}],[]],[[{"start":0,"end":14,"url":null,"entity_id":"Q275784","candidates":[]}],[{"start":0,"end":6,"url":null,"entity_id":"Q1983932","candidates":[]}],[]],[[{"start":0,"end":14,"url":null,"entity_id":"Q275744","candidates":[]}],[{"start":0,"end":7,"url":null,"entity_id":"Q1976493","candidates":[]}],[]],[[{"start":0,"end":16,"url":null,"entity_id":"Q477163","candidates":[]}],[{"start":0,"end":7,"url":null,"entity_id":"Q1822209","candidates":[]}],[]],[[{"start":0,"end":16,"url":null,"entity_id":"Q457513","candidates":[]}],[{"start":0,"end":8,"url":null,"entity_id":"Q1643630","candidates":[]}],[]],[[{"start":0,"end":15,"url":null,"entity_id":"Q388087","candidates":[]}],[{"start":0,"end":6,"url":null,"entity_id":"Q1026631","candidates":[]}],[]],[[{"start":0,"end":16,"url":null,"entity_id":"Q127255","candidates":[]}],[{"start":0,"end":8,"url":null,"entity_id":"Q1026057","candidates":[]}],[]],[[{"start":0,"end":15,"url":null,"entity_id":"Q644048","candidates":[]}],[{"start":0,"end":7,"url":null,"entity_id":"Q1017710","candidates":[]}],[]],[[{"start":0,"end":13,"url":null,"entity_id":"Q643989","candidates":[]}],[{"start":0,"end":4,"url":null,"entity_id":"Q1017630","candidates":[]}],[]],[[{"start":0,"end":14,"url":null,"entity_id":"Q644035","candidates":[]}],[{"start":0,"end":17,"url":null,"entity_id":"Q1013454","candidates":[]}],[]],[[{"start":0,"end":14,"url":null,"entity_id":"Q301832","candidates":[]}],[{"start":0,"end":6,"url":null,"entity_id":"Q1000883","candidates":[]}],[]],[[{"start":0,"end":17,"url":null,"entity_id":"Q330813","candidates":[]}],[{"start":0,"end":9,"url":null,"entity_id":"Q1000844","candidates":[]}],[]]]}