{"version":"1.2","table":{"version":"2","table_id":"W7QJL1D1","columns":[{"index":0,"name":"col0","values":["Library of the Parliament of Catalonia","National Library of Catalonia","Watertown Free Public Library","Biblioteca Pública del Estado en León","Jaén Public Library","Biblioteca Municipal Les Voltes","Biblioteca Josep Soler Vidal","Biblioteca Municipal de Cervelló","Can Casacuberta","Biblioteca Casa de Cultura Joan Ruiz i Calonja","Can Pedrals","Biblioteca Bellvitge","Biblioteca Pública del Estado en Albacete","Library of the Royal Institute of Asturian Studies","Archeological Museum of Asturias' Library","Biblioteca de Galicia","Mestre Martí Tauler's library","Biblioteca Pública de Pontevedra Antonio Odriozola","Biblioteca del Nord","Biblioteca de Can Puiggener"]},{"index":1,"name":"col1","values":["1984-01-01","1907-01-01","1867-01-01","1844-01-01","1985-01-01","2009-04-22","2003-04-11","2006-12-15","1992-01-01","2011-03-26","1750-01-01","1970-01-01","1895-01-01","1946-01-01","1844-01-01","2011-01-01","2010-01-30","1848-01-01","2009-01-01","1972-01-01"]},{"index":2,"name":"col2","values":["Barcelona","Barcelona","Massachusetts","León","Jaén","Sant Vicenç dels Horts","Gavà","Cervelló","Badalona","Santa Eulàlia de Ronçana","Granollers","Baix Llobregat","Albacete","Oviedo","Oviedo","Santiago de Compostela","Rubí","Pontevedra","Sabadell","Sabadell"]}]},"context":{"page_title":null,"page_url":null,"page_entity_id":null,"content_hierarchy":[]},"links":[[[{"start":0,"end":29,"url":null,"entity_id":"Q1200925","candidates":[]}],[],[{"start":0,"end":9,"url":null,"entity_id":"Q1492","candidates":[]}]],[[{"start":0,"end":29,"url":null,"entity_id":"Q69863525","candidates":[]}],[],[{"start":0,"end":13,"url":null,"entity_id":"Q771","candidates":[]}]],[[{"start":0,"end":37,"url":null,"entity_id":"Q20017103","candidates":[]}],[],[{"start":0,"end":4,"url":null,"entity_id":"Q15699","candidates":[]}]],[[{"start":0,"end":19,"url":null,"entity_id":"Q27032797","candidates":[]}],[],[{"start":0,"end":4,"url":null,"entity_id":"Q15681","candidates":[]}]],[[{"start":0,"end":31,"url":null,"entity_id":"Q19367656","candidates":[]}],[],[{"start":0,"end":22,"url":null,"entity_id":"Q15649","candidates":[]}]],[[{"start":0,"end":28,"url":null,"entity_id":"Q19713225","candidates":[]}],[],[{"start":0,"end":4,"url":null,"entity_id":"Q15622","candidates":[]}]],[[{"start":0,"end":32,"url":null,"entity_id":"Q22962487","candidates":[]}],[],[{"start":0,"end":8,"url":null,"entity_id":"Q15599","candidates":[]}]],[[{"start":0,"end":15,"url":null,"entity_id":"Q17589867","candidates":[]}],[],[{"start":0,"end":8,"url":null,"entity_id":"Q15468","candidates":[]}]],[[{"start":0,"end":46,"url":null,"entity_id":"Q20103723","candidates":[]}],[],[{"start":0,"end":24,"url":null,"entity_id":"Q15454","candidates":[]}]],[[{"start":0,"end":11,"url":null,"entity_id":"Q17591015","candidates":[]}],[],[{"start":0,"end":10,"url":null,"entity_id":"Q15420","candidates":[]}]],[[{"start":0,"end":20,"url":null,"entity_id":"Q26709669","candidates":[]}],[],[{"start":0,"end":14,"url":null,"entity_id":"Q15351","candidates":[]}]],[[{"start":0,"end":41,"url":null,"entity_id":"Q18417227","candidates":[]}],[],[{"start":0,"end":8,"url":null,"entity_id":"Q15095","candidates":[]}]],[[{"start":0,"end":50,"url":null,"entity_id":"Q24940856","candidates":[]}],[],[{"start":0,"end":6,"url":null,"entity_id":"Q14317","candidates":[]}]],[[{"start":0,"end":41,"url":null,"entity_id":"Q23896124","candidates":[]}],[],[{"start":0,"end":6,"url":null,"entity_id":"Q14317","candidates":[]}]],[[{"start":0,"end":21,"url":null,"entity_id":"Q20064409","candidates":[]}],[],[{"start":0,"end":22,"url":null,"entity_id":"Q14314","candidates":[]}]],[[{"start":0,"end":29,"url":null,"entity_id":"Q28711989","candidates":[]}],[],[{"start":0,"end":4,"url":null,"entity_id":"Q13934","candidates":[]}]],[[{"start":0,"end":50,"url":null,"entity_id":"Q28554133","candidates":[]}],[],[{"start":0,"end":10,"url":null,"entity_id":"Q12411","candidates":[]}]],[[{"start":0,"end":19,"url":null,"entity_id":"Q28711074","candidates":[]}],[],[{"start":0,"end":8,"url":null,"entity_id":"Q12258","candidates":[]}]],[[{"start":0,"end":27,"url":null,"entity_id":"Q28711072","candidates":[]}],[],[{"start":0,"end":8,"url":null,"entity_id":"Q12258","candidates":[]}]],[[{"start":0,"end":38,"url":null,"entity_id":"Q5728048","candidates":[]}],[],[{"start":0,"end":9,"url":null,"entity_id":"Q1492","candidates":[]}]]]}