{"version":"1.2","table":{"version":"2","table_id":"W7RLDAIJ","columns":[{"index":0,"name":"col0","values":["38 Cancri","34 Cancri","29 Cancri","14 Ceti","Gamma Trianguli","Rho Cygni","Epsilon Serpentis","Kepler-12","11 Ursae Minoris","AE Andromedae","Gamma Scuti","Eta Scuti","Upsilon2 Cancri","8 Cancri","Delta2 Canis Minoris","24 Sextantis","Theta Cancri","1 Cancri","35 Cancri","45 Cancri","Sigma2 Cancri","36 Cancri","Eta Cancri","31 Lyncis","46 Cancri","39 Cancri","70 Cancri","3 Cancri","11 Canis Minoris","37 Cancri","Beta Ophiuchi","Omega Serpentis","Alpha Reticuli A","14 Andromedae","50 Cancri","Sigma Octantis","Epsilon Andromedae","Xi Andromedae","91 Aquarii","Alpha Lyncis","1 Serpentis","Theta Scorpii","Epsilon Centauri","Theta Centauri","Zeta Ursae Minoris","Epsilon Ursae Minoris","Gamma Ursae Minoris","Beta Cancri","Beta Canis Minoris","Epsilon Cygni","Delta Aquarii","Beta Librae","Alpha Andromedae","Altair","Vega","TYC 658-149-1","RGO 8121"]},{"index":1,"name":"col1","values":["4.2","2.75","2.55","2.6","1.96","7.81","1.783","1.483","24.08","25","3.4","9.6","8.4","2","1.9","4.9","23","14.8","7.6","8.6","2.32","2","12.5","28.7","9","11","2.8","40","3.31","1.8","12.42","12.3","14.01","11","1.66","4.2","9.8","10","10.16","54.5","13.6","20","6.25","16","6.2","19","15","28.6","4","10.82","2.1","1.2","2.8","1.7","2.818","1.42","1.59"]},{"index":2,"name":"col2","values":["49.2","60.3","31.92","10.7","33","37.1","12.134","8.3","185","450","92","40.5","41.3","36.6","8.63","14.6","144.6","137","64.3","475","20.3","93.1","57.5","242","65","75.2","62.5","568.61","62.5","27","63.4","70.8","91.6","58","14.3","39.8","52","45.7","49","673","77","960","11.4","45","191.7","225","1100","263","250","62","40","130","200","10.7","40.12","1.774","2.56"]}]},"context":{"page_title":null,"page_url":null,"page_entity_id":null,"content_hierarchy":[]},"links":[[[{"start":0,"end":9,"url":null,"entity_id":"Q3598960","candidates":[]}],[],[]],[[{"start":0,"end":9,"url":null,"entity_id":"Q3598907","candidates":[]}],[],[]],[[{"start":0,"end":9,"url":null,"entity_id":"Q3598700","candidates":[]}],[],[]],[[{"start":0,"end":7,"url":null,"entity_id":"Q3597496","candidates":[]}],[],[]],[[{"start":0,"end":15,"url":null,"entity_id":"Q3307541","candidates":[]}],[],[]],[[{"start":0,"end":9,"url":null,"entity_id":"Q3305615","candidates":[]}],[],[]],[[{"start":0,"end":17,"url":null,"entity_id":"Q3304261","candidates":[]}],[],[]],[[{"start":0,"end":9,"url":null,"entity_id":"Q3195367","candidates":[]}],[],[]],[[{"start":0,"end":16,"url":null,"entity_id":"Q2983139","candidates":[]}],[],[]],[[{"start":0,"end":13,"url":null,"entity_id":"Q2819147","candidates":[]}],[],[]],[[{"start":0,"end":11,"url":null,"entity_id":"Q2734961","candidates":[]}],[],[]],[[{"start":0,"end":9,"url":null,"entity_id":"Q2638364","candidates":[]}],[],[]],[[{"start":0,"end":15,"url":null,"entity_id":"Q2609458","candidates":[]}],[],[]],[[{"start":0,"end":8,"url":null,"entity_id":"Q2608563","candidates":[]}],[],[]],[[{"start":0,"end":20,"url":null,"entity_id":"Q2608502","candidates":[]}],[],[]],[[{"start":0,"end":12,"url":null,"entity_id":"Q2567846","candidates":[]}],[],[]],[[{"start":0,"end":12,"url":null,"entity_id":"Q2545948","candidates":[]}],[],[]],[[{"start":0,"end":8,"url":null,"entity_id":"Q2404051","candidates":[]}],[],[]],[[{"start":0,"end":9,"url":null,"entity_id":"Q2404007","candidates":[]}],[],[]],[[{"start":0,"end":9,"url":null,"entity_id":"Q2403477","candidates":[]}],[],[]],[[{"start":0,"end":13,"url":null,"entity_id":"Q2403425","candidates":[]}],[],[]],[[{"start":0,"end":9,"url":null,"entity_id":"Q2403401","candidates":[]}],[],[]],[[{"start":0,"end":10,"url":null,"entity_id":"Q2192687","candidates":[]}],[],[]],[[{"start":0,"end":9,"url":null,"entity_id":"Q1842355","candidates":[]}],[],[]],[[{"start":0,"end":9,"url":null,"entity_id":"Q1749155","candidates":[]}],[],[]],[[{"start":0,"end":9,"url":null,"entity_id":"Q1749146","candidates":[]}],[],[]],[[{"start":0,"end":9,"url":null,"entity_id":"Q1749134","candidates":[]}],[],[]],[[{"start":0,"end":8,"url":null,"entity_id":"Q1749124","candidates":[]}],[],[]],[[{"start":0,"end":16,"url":null,"entity_id":"Q1749035","candidates":[]}],[],[]],[[{"start":0,"end":9,"url":null,"entity_id":"Q1115923","candidates":[]}],[],[]],[[{"start":0,"end":13,"url":null,"entity_id":"Q1052228","candidates":[]}],[],[]],[[{"start":0,"end":15,"url":null,"entity_id":"Q1014224","candidates":[]}],[],[]],[[{"start":0,"end":16,"url":null,"entity_id":"Q980358","candidates":[]}],[],[]],[[{"start":0,"end":13,"url":null,"entity_id":"Q940004","candidates":[]}],[],[]],[[{"start":0,"end":9,"url":null,"entity_id":"Q936813","candidates":[]}],[],[]],[[{"start":0,"end":14,"url":null,"entity_id":"Q584553","candidates":[]}],[],[]],[[{"start":0,"end":18,"url":null,"entity_id":"Q536806","candidates":[]}],[],[]],[[{"start":0,"end":13,"url":null,"entity_id":"Q356632","candidates":[]}],[],[]],[[{"start":0,"end":10,"url":null,"entity_id":"Q284836","candidates":[]}],[],[]],[[{"start":0,"end":12,"url":null,"entity_id":"Q253406","candidates":[]}],[],[]],[[{"start":0,"end":11,"url":null,"entity_id":"Q135518","candidates":[]}],[],[]],[[{"start":0,"end":13,"url":null,"entity_id":"Q14236","candidates":[]}],[],[]],[[{"start":0,"end":16,"url":null,"entity_id":"Q14228","candidates":[]}],[],[]],[[{"start":0,"end":14,"url":null,"entity_id":"Q14225","candidates":[]}],[],[]],[[{"start":0,"end":18,"url":null,"entity_id":"Q14065","candidates":[]}],[],[]],[[{"start":0,"end":21,"url":null,"entity_id":"Q14064","candidates":[]}],[],[]],[[{"start":0,"end":19,"url":null,"entity_id":"Q14061","candidates":[]}],[],[]],[[{"start":0,"end":11,"url":null,"entity_id":"Q13766","candidates":[]}],[],[]],[[{"start":0,"end":18,"url":null,"entity_id":"Q13420","candidates":[]}],[],[]],[[{"start":0,"end":13,"url":null,"entity_id":"Q13328","candidates":[]}],[],[]],[[{"start":0,"end":13,"url":null,"entity_id":"Q13250","candidates":[]}],[],[]],[[{"start":0,"end":11,"url":null,"entity_id":"Q13053","candidates":[]}],[],[]],[[{"start":0,"end":16,"url":null,"entity_id":"Q13039","candidates":[]}],[],[]],[[{"start":0,"end":6,"url":null,"entity_id":"Q12975","candidates":[]}],[],[]],[[{"start":0,"end":4,"url":null,"entity_id":"Q3427","candidates":[]}],[],[]],[[{"start":0,"end":13,"url":null,"entity_id":"Q85009059","candidates":[]}],[],[]],[[{"start":0,"end":8,"url":null,"entity_id":"Q83604379","candidates":[]}],[],[]]]}