{"version":"1.2","table":{"version":"2","table_id":"W86MINOA","columns":[{"index":0,"name":"col0","values":["iodine-140","iodine-139","iodine-138","iodine-137","iodine-136m","iodine-133m1","iodine-132m","iodine-130m1","iodine-120m1","iodine-118m","iodine-114","iodine-125","iodine-121","iodide ion i-123","iodine-116","iodine-113","iodine-120","iodine-111","iodine-119","iodine-135"]},{"index":1,"name":"col1","values":["-1","1","-1","1","-1","-1","-1","1","-1","-1","1","1","1","1","1","1","-1","1","1","1"]},{"index":2,"name":"col2","values":["0.86","2.28","6.23","24.5","46.9","9","1.387","8.84","53","8.5","2.1","59.407","2.12","13.2235","2.91","6.6","81.6","2.5","19.1","6.58"]}]},"context":{"page_title":null,"page_url":null,"page_entity_id":null,"content_hierarchy":[]},"links":[[[{"start":0,"end":10,"url":null,"entity_id":"Q18881615","candidates":[]}],[],[]],[[{"start":0,"end":10,"url":null,"entity_id":"Q18881614","candidates":[]}],[],[]],[[{"start":0,"end":10,"url":null,"entity_id":"Q18881613","candidates":[]}],[],[]],[[{"start":0,"end":11,"url":null,"entity_id":"Q18881611","candidates":[]}],[],[]],[[{"start":0,"end":12,"url":null,"entity_id":"Q18881607","candidates":[]}],[],[]],[[{"start":0,"end":11,"url":null,"entity_id":"Q18881606","candidates":[]}],[],[]],[[{"start":0,"end":12,"url":null,"entity_id":"Q18881602","candidates":[]}],[],[]],[[{"start":0,"end":12,"url":null,"entity_id":"Q18881596","candidates":[]}],[],[]],[[{"start":0,"end":11,"url":null,"entity_id":"Q18881594","candidates":[]}],[],[]],[[{"start":0,"end":10,"url":null,"entity_id":"Q13737528","candidates":[]}],[],[]],[[{"start":0,"end":10,"url":null,"entity_id":"Q6501879","candidates":[]}],[],[]],[[{"start":0,"end":10,"url":null,"entity_id":"Q4409996","candidates":[]}],[],[]],[[{"start":0,"end":16,"url":null,"entity_id":"Q3801335","candidates":[]}],[],[]],[[{"start":0,"end":10,"url":null,"entity_id":"Q3472805","candidates":[]}],[],[]],[[{"start":0,"end":10,"url":null,"entity_id":"Q3293878","candidates":[]}],[],[]],[[{"start":0,"end":10,"url":null,"entity_id":"Q2683335","candidates":[]}],[],[]],[[{"start":0,"end":10,"url":null,"entity_id":"Q2655382","candidates":[]}],[],[]],[[{"start":0,"end":10,"url":null,"entity_id":"Q2639605","candidates":[]}],[],[]],[[{"start":0,"end":10,"url":null,"entity_id":"Q2530037","candidates":[]}],[],[]],[[{"start":0,"end":10,"url":null,"entity_id":"Q18881616","candidates":[]}],[],[]]]}