{"version":"1.2","table":{"version":"2","table_id":"W8KVDI62","columns":[{"index":0,"name":"col0","values":["Imao Domain","Ise-Ueno Domain","Echizen-Katsuyama Domain","Awaji-Sumoto Domain","Izushi Domain","Gifu Domain","Kiyosu Domain","Iga-Ueno Domain","Iwamura Domain","Ōno Domain","Ōzaka Domain","Yonago Domain","Akizuki Domain","Musashi-Matsuyama Domain","Honjō Domain","Horie Domain","Maebashi Domain","Mimasaka-Katsuyama Domain","Utsunomiya Domain","Minakuchi Domain"]},{"index":1,"name":"col1","values":["Mino Province","Ise Province","Ōno District","Awaji Province","Tajima Province","Mino Province","Owari Province","Iga Province","Mino Province","Echizen Province","Settsu Province","Hōki Province","Chikuzen Province","Musashi Province","Musashi Province","Tōtōmi Province","Kōzuke Province","Mimasaka Province","Shimotsuke Province","Ōmi Province"]},{"index":2,"name":"col2","values":["Imao Jin'ya","Ueno Castle","Katsuyama Castle","Sumoto Castle","Izushi Castle","Gifu Castle","Kiyosu Castle","Iga Ueno Castle","Iwamura Castle","Echizen-Ōno Castle","Osaka Castle","Yonago Castle","Akizuki Castle","Musashi-Matsuyama Castle","Honjō Castle","Horie Castle","Maebashi Castle","Katsuyama Castle","Utsunomiya Castle","Minakuchi Castle"]}]},"context":{"page_title":null,"page_url":null,"page_entity_id":null,"content_hierarchy":[]},"links":[[[{"start":0,"end":15,"url":null,"entity_id":"Q10863237","candidates":[]}],[{"start":0,"end":12,"url":null,"entity_id":"Q864166","candidates":[]}],[{"start":0,"end":11,"url":null,"entity_id":"Q11360312","candidates":[]}]],[[{"start":0,"end":24,"url":null,"entity_id":"Q10863286","candidates":[]}],[{"start":0,"end":12,"url":null,"entity_id":"Q8081656","candidates":[]}],[{"start":0,"end":16,"url":null,"entity_id":"Q10855031","candidates":[]}]],[[{"start":0,"end":19,"url":null,"entity_id":"Q10863277","candidates":[]}],[{"start":0,"end":14,"url":null,"entity_id":"Q1053717","candidates":[]}],[{"start":0,"end":13,"url":null,"entity_id":"Q5369846","candidates":[]}]],[[{"start":0,"end":13,"url":null,"entity_id":"Q10863249","candidates":[]}],[{"start":0,"end":15,"url":null,"entity_id":"Q1053727","candidates":[]}],[{"start":0,"end":13,"url":null,"entity_id":"Q2968296","candidates":[]}]],[[{"start":0,"end":11,"url":null,"entity_id":"Q10863331","candidates":[]}],[{"start":0,"end":13,"url":null,"entity_id":"Q864156","candidates":[]}],[{"start":0,"end":11,"url":null,"entity_id":"Q1367052","candidates":[]}]],[[{"start":0,"end":13,"url":null,"entity_id":"Q10863342","candidates":[]}],[{"start":0,"end":14,"url":null,"entity_id":"Q514506","candidates":[]}],[{"start":0,"end":13,"url":null,"entity_id":"Q1357421","candidates":[]}]],[[{"start":0,"end":15,"url":null,"entity_id":"Q10863245","candidates":[]}],[{"start":0,"end":12,"url":null,"entity_id":"Q1047128","candidates":[]}],[{"start":0,"end":15,"url":null,"entity_id":"Q1333693","candidates":[]}]],[[{"start":0,"end":14,"url":null,"entity_id":"Q10863261","candidates":[]}],[{"start":0,"end":13,"url":null,"entity_id":"Q864156","candidates":[]}],[{"start":0,"end":14,"url":null,"entity_id":"Q1196356","candidates":[]}]],[[{"start":0,"end":10,"url":null,"entity_id":"Q10863325","candidates":[]}],[{"start":0,"end":16,"url":null,"entity_id":"Q1047144","candidates":[]}],[{"start":0,"end":18,"url":null,"entity_id":"Q1072530","candidates":[]}]],[[{"start":0,"end":12,"url":null,"entity_id":"Q10863310","candidates":[]}],[{"start":0,"end":15,"url":null,"entity_id":"Q864163","candidates":[]}],[{"start":0,"end":12,"url":null,"entity_id":"Q321242","candidates":[]}]],[[{"start":0,"end":13,"url":null,"entity_id":"Q10863548","candidates":[]}],[{"start":0,"end":13,"url":null,"entity_id":"Q1053703","candidates":[]}],[{"start":0,"end":13,"url":null,"entity_id":"Q11604077","candidates":[]}]],[[{"start":0,"end":14,"url":null,"entity_id":"Q12077489","candidates":[]}],[{"start":0,"end":17,"url":null,"entity_id":"Q1047664","candidates":[]}],[{"start":0,"end":14,"url":null,"entity_id":"Q11595107","candidates":[]}]],[[{"start":0,"end":24,"url":null,"entity_id":"Q10863503","candidates":[]}],[{"start":0,"end":16,"url":null,"entity_id":"Q907398","candidates":[]}],[{"start":0,"end":24,"url":null,"entity_id":"Q11529790","candidates":[]}]],[[{"start":0,"end":12,"url":null,"entity_id":"Q10863495","candidates":[]}],[{"start":0,"end":16,"url":null,"entity_id":"Q907398","candidates":[]}],[{"start":0,"end":12,"url":null,"entity_id":"Q11520259","candidates":[]}]],[[{"start":0,"end":12,"url":null,"entity_id":"Q10863489","candidates":[]}],[{"start":0,"end":15,"url":null,"entity_id":"Q1048864","candidates":[]}],[{"start":0,"end":12,"url":null,"entity_id":"Q11427519","candidates":[]}]],[[{"start":0,"end":15,"url":null,"entity_id":"Q10863486","candidates":[]}],[{"start":0,"end":15,"url":null,"entity_id":"Q1054838","candidates":[]}],[{"start":0,"end":15,"url":null,"entity_id":"Q10898917","candidates":[]}]],[[{"start":0,"end":25,"url":null,"entity_id":"Q10863515","candidates":[]}],[{"start":0,"end":17,"url":null,"entity_id":"Q936036","candidates":[]}],[{"start":0,"end":16,"url":null,"entity_id":"Q10855030","candidates":[]}]],[[{"start":0,"end":17,"url":null,"entity_id":"Q11449814","candidates":[]}],[{"start":0,"end":19,"url":null,"entity_id":"Q1053699","candidates":[]}],[{"start":0,"end":17,"url":null,"entity_id":"Q8010544","candidates":[]}]],[[{"start":0,"end":16,"url":null,"entity_id":"Q10863504","candidates":[]}],[{"start":0,"end":12,"url":null,"entity_id":"Q843882","candidates":[]}],[{"start":0,"end":16,"url":null,"entity_id":"Q2969895","candidates":[]}]],[[{"start":0,"end":11,"url":null,"entity_id":"Q10863233","candidates":[]}],[{"start":0,"end":13,"url":null,"entity_id":"Q864156","candidates":[]}],[{"start":0,"end":11,"url":null,"entity_id":"Q11376892","candidates":[]}]]]}