{"version":"1.2","table":{"version":"2","table_id":"WA2IQ9ML","columns":[{"index":0,"name":"col0","values":["1243 papal election","1264–65 papal election","1216 papal election","1280–81 papal election","1261 papal election","1277 papal election","1268–71 papal election","September 1276 papal election","1285 papal election","1254 papal election","1154 papal election","1241 papal election","1227 papal election","1198 papal election","1145 papal election","1144 papal election","1143 papal election","1124 papal election","1118 papal election","1099 papal election"]},{"index":1,"name":"col1","values":["Anagni","Foligno","Province of Perugia","Viterbo","Viterbo","Viterbo","Viterbo","Viterbo","Perugia","Naples","Vatican City","Rome","Rome","Rome","Rome","Rome","Rome","Rome","Rome","Rome"]},{"index":2,"name":"col2","values":["1243-05-23","1264-10-19","1216-07-25","1280-09-29","1261-06-02","1277-06-06","1268-01-01","1276-09-10","1285-04-08","1254-12-14","1154-12-11","1241-01-01","1227-03-26","1198-01-15","1145-02-22","1144-03-16","1143-10-03","1124-12-19","1118-01-28","1099-08-16"]}]},"context":{"page_title":null,"page_url":null,"page_entity_id":null,"content_hierarchy":[]},"links":[[[{"start":0,"end":19,"url":null,"entity_id":"Q4576247","candidates":[]}],[{"start":0,"end":6,"url":null,"entity_id":"Q116404","candidates":[]}],[]],[[{"start":0,"end":22,"url":null,"entity_id":"Q4576434","candidates":[]}],[{"start":0,"end":7,"url":null,"entity_id":"Q20436","candidates":[]}],[]],[[{"start":0,"end":19,"url":null,"entity_id":"Q4575947","candidates":[]}],[{"start":0,"end":19,"url":null,"entity_id":"Q16240","candidates":[]}],[]],[[{"start":0,"end":22,"url":null,"entity_id":"Q4576963","candidates":[]}],[{"start":0,"end":7,"url":null,"entity_id":"Q13395","candidates":[]}],[]],[[{"start":0,"end":19,"url":null,"entity_id":"Q4576386","candidates":[]}],[{"start":0,"end":7,"url":null,"entity_id":"Q13395","candidates":[]}],[]],[[{"start":0,"end":19,"url":null,"entity_id":"Q4555953","candidates":[]}],[{"start":0,"end":7,"url":null,"entity_id":"Q13395","candidates":[]}],[]],[[{"start":0,"end":22,"url":null,"entity_id":"Q1765112","candidates":[]}],[{"start":0,"end":7,"url":null,"entity_id":"Q13395","candidates":[]}],[]],[[{"start":0,"end":29,"url":null,"entity_id":"Q427362","candidates":[]}],[{"start":0,"end":7,"url":null,"entity_id":"Q13395","candidates":[]}],[]],[[{"start":0,"end":19,"url":null,"entity_id":"Q3722106","candidates":[]}],[{"start":0,"end":7,"url":null,"entity_id":"Q3437","candidates":[]}],[]],[[{"start":0,"end":19,"url":null,"entity_id":"Q4576308","candidates":[]}],[{"start":0,"end":6,"url":null,"entity_id":"Q2634","candidates":[]}],[]],[[{"start":0,"end":19,"url":null,"entity_id":"Q3686285","candidates":[]}],[{"start":0,"end":12,"url":null,"entity_id":"Q237","candidates":[]}],[]],[[{"start":0,"end":19,"url":null,"entity_id":"Q4576160","candidates":[]}],[{"start":0,"end":4,"url":null,"entity_id":"Q220","candidates":[]}],[]],[[{"start":0,"end":19,"url":null,"entity_id":"Q4576010","candidates":[]}],[{"start":0,"end":4,"url":null,"entity_id":"Q220","candidates":[]}],[]],[[{"start":0,"end":19,"url":null,"entity_id":"Q4575837","candidates":[]}],[{"start":0,"end":4,"url":null,"entity_id":"Q220","candidates":[]}],[]],[[{"start":0,"end":19,"url":null,"entity_id":"Q4575318","candidates":[]}],[{"start":0,"end":4,"url":null,"entity_id":"Q220","candidates":[]}],[]],[[{"start":0,"end":19,"url":null,"entity_id":"Q4575256","candidates":[]}],[{"start":0,"end":4,"url":null,"entity_id":"Q220","candidates":[]}],[]],[[{"start":0,"end":19,"url":null,"entity_id":"Q4546684","candidates":[]}],[{"start":0,"end":4,"url":null,"entity_id":"Q220","candidates":[]}],[]],[[{"start":0,"end":19,"url":null,"entity_id":"Q4546576","candidates":[]}],[{"start":0,"end":4,"url":null,"entity_id":"Q220","candidates":[]}],[]],[[{"start":0,"end":19,"url":null,"entity_id":"Q4546329","candidates":[]}],[{"start":0,"end":4,"url":null,"entity_id":"Q220","candidates":[]}],[]],[[{"start":0,"end":19,"url":null,"entity_id":"Q3876449","candidates":[]}],[{"start":0,"end":4,"url":null,"entity_id":"Q220","candidates":[]}],[]]]}