{"version":"1.2","table":{"version":"2","table_id":"WACLE9HE","columns":[{"index":0,"name":"col0","values":["1. FFC Turbine Potsdam","VfL Wolfsburg","Portland Thorns FC","Rivers Angels F.C.","1. FFC Frankfurt","Herforder SV Borussia Friedenstal","FC Minsk","Omonia Nicosia FC (women)","Orlando Pride","Newcastle Jets FC W-League","Þór/KA","Sociedade Esportiva Kindermann","Colorado Pride","Philadelphia Charge","Adelaide United FC W-League","Associação Ferroviária de Esportes","Dalian Quanjian F.C.","Beijing BG Phoenix F.C.","A.S. Roma Women","Paris Football Club"]},{"index":1,"name":"col1","values":["association football","association football","association football","association football","association football","association football","association football","women's association football","association football","association football","association football","association football","association football","association football","association football","association football","association football","association football","association football","association football"]},{"index":2,"name":"col2","values":["Karl-Liebknecht-Stadion","VfL-Stadion am Elsterweg","Providence Park","Port Harcourt","Stadion am Brentanobad","Friedrich-Ludwig-Jahn-Stadion","FC Minsk Stadium","Theodorio Koinotiko Stadium","Exploria Stadium","Wanderers Oval","Þórsvöllur","Estádio Carlos Alberto Costa Neves","Washburn Field","Villanova Stadium","Marden Sports Complex","Estádio Fonte Luminosa","Dalian Sports Center","Dalian Sports Center","Stadio Tre Fontane","Stade Robert Bobin"]},{"index":3,"name":"col3","values":["1999-04-01","2003-01-01","2012-01-01","1986-01-01","1998-08-27","1953-01-01","2006-01-01","2016-01-01","2015-01-01","2008-01-01","1999-01-01","1975-01-01","1994-01-01","2000-11-02","2008-01-01","2001-01-01","1984-01-01","1984-01-01","2018-01-01","1971-01-01"]}]},"context":{"page_title":null,"page_url":null,"page_entity_id":null,"content_hierarchy":[]},"links":[[[{"start":0,"end":13,"url":null,"entity_id":"Q285131","candidates":[]}],[{"start":0,"end":20,"url":null,"entity_id":"Q2736","candidates":[]}],[{"start":0,"end":24,"url":null,"entity_id":"Q323718","candidates":[]}],[]],[[{"start":0,"end":18,"url":null,"entity_id":"Q1446672","candidates":[]}],[{"start":0,"end":20,"url":null,"entity_id":"Q2736","candidates":[]}],[{"start":0,"end":15,"url":null,"entity_id":"Q262291","candidates":[]}],[]],[[{"start":0,"end":18,"url":null,"entity_id":"Q2155594","candidates":[]}],[{"start":0,"end":20,"url":null,"entity_id":"Q2736","candidates":[]}],[{"start":0,"end":13,"url":null,"entity_id":"Q217432","candidates":[]}],[]],[[{"start":0,"end":16,"url":null,"entity_id":"Q162449","candidates":[]}],[{"start":0,"end":20,"url":null,"entity_id":"Q2736","candidates":[]}],[{"start":0,"end":22,"url":null,"entity_id":"Q167202","candidates":[]}],[]],[[{"start":0,"end":33,"url":null,"entity_id":"Q874413","candidates":[]}],[{"start":0,"end":20,"url":null,"entity_id":"Q2736","candidates":[]}],[{"start":0,"end":29,"url":null,"entity_id":"Q123230","candidates":[]}],[]],[[{"start":0,"end":8,"url":null,"entity_id":"Q19692563","candidates":[]}],[{"start":0,"end":20,"url":null,"entity_id":"Q2736","candidates":[]}],[{"start":0,"end":16,"url":null,"entity_id":"Q20165460","candidates":[]}],[]],[[{"start":0,"end":25,"url":null,"entity_id":"Q66998718","candidates":[]}],[{"start":0,"end":28,"url":null,"entity_id":"Q606060","candidates":[]}],[{"start":0,"end":27,"url":null,"entity_id":"Q16964481","candidates":[]}],[]],[[{"start":0,"end":13,"url":null,"entity_id":"Q21066986","candidates":[]}],[{"start":0,"end":20,"url":null,"entity_id":"Q2736","candidates":[]}],[{"start":0,"end":16,"url":null,"entity_id":"Q16846942","candidates":[]}],[]],[[{"start":0,"end":26,"url":null,"entity_id":"Q15634868","candidates":[]}],[{"start":0,"end":20,"url":null,"entity_id":"Q2736","candidates":[]}],[{"start":0,"end":14,"url":null,"entity_id":"Q16632711","candidates":[]}],[]],[[{"start":0,"end":6,"url":null,"entity_id":"Q48836275","candidates":[]}],[{"start":0,"end":20,"url":null,"entity_id":"Q2736","candidates":[]}],[{"start":0,"end":10,"url":null,"entity_id":"Q14857353","candidates":[]}],[]],[[{"start":0,"end":30,"url":null,"entity_id":"Q10372674","candidates":[]}],[{"start":0,"end":20,"url":null,"entity_id":"Q2736","candidates":[]}],[{"start":0,"end":34,"url":null,"entity_id":"Q10276836","candidates":[]}],[]],[[{"start":0,"end":14,"url":null,"entity_id":"Q16248006","candidates":[]}],[{"start":0,"end":20,"url":null,"entity_id":"Q2736","candidates":[]}],[{"start":0,"end":14,"url":null,"entity_id":"Q7971447","candidates":[]}],[]],[[{"start":0,"end":19,"url":null,"entity_id":"Q16847600","candidates":[]}],[{"start":0,"end":20,"url":null,"entity_id":"Q2736","candidates":[]}],[{"start":0,"end":17,"url":null,"entity_id":"Q7930882","candidates":[]}],[]],[[{"start":0,"end":27,"url":null,"entity_id":"Q15632679","candidates":[]}],[{"start":0,"end":20,"url":null,"entity_id":"Q2736","candidates":[]}],[{"start":0,"end":21,"url":null,"entity_id":"Q6758638","candidates":[]}],[]],[[{"start":0,"end":34,"url":null,"entity_id":"Q20684086","candidates":[]}],[{"start":0,"end":20,"url":null,"entity_id":"Q2736","candidates":[]}],[{"start":0,"end":22,"url":null,"entity_id":"Q5402040","candidates":[]}],[]],[[{"start":0,"end":20,"url":null,"entity_id":"Q24831700","candidates":[]}],[{"start":0,"end":20,"url":null,"entity_id":"Q2736","candidates":[]}],[{"start":0,"end":20,"url":null,"entity_id":"Q5210935","candidates":[]}],[]],[[{"start":0,"end":23,"url":null,"entity_id":"Q24831695","candidates":[]}],[{"start":0,"end":20,"url":null,"entity_id":"Q2736","candidates":[]}],[{"start":0,"end":20,"url":null,"entity_id":"Q5210935","candidates":[]}],[]],[[{"start":0,"end":15,"url":null,"entity_id":"Q56084793","candidates":[]}],[{"start":0,"end":20,"url":null,"entity_id":"Q2736","candidates":[]}],[{"start":0,"end":18,"url":null,"entity_id":"Q3496273","candidates":[]}],[]],[[{"start":0,"end":19,"url":null,"entity_id":"Q48834322","candidates":[]}],[{"start":0,"end":20,"url":null,"entity_id":"Q2736","candidates":[]}],[{"start":0,"end":18,"url":null,"entity_id":"Q3495838","candidates":[]}],[]],[[{"start":0,"end":22,"url":null,"entity_id":"Q162450","candidates":[]}],[{"start":0,"end":20,"url":null,"entity_id":"Q2736","candidates":[]}],[{"start":0,"end":23,"url":null,"entity_id":"Q464018","candidates":[]}],[]]]}