{"version":"1.2","table":{"version":"2","table_id":"WAY42F9T","columns":[{"index":0,"name":"col0","values":["Scale model of Georges Leygues-MnM 29 MG 79","Scale model of Foudroyante-MnM 17 MG 18","Scale model of Flore-MnM 17 MG 10","Scale model of Espérance-MnM 21 MG 33","Scale model of Danton-MnM 25 MG 23","Scale model of Cygne-MnM 17 MG 13","Scale model of a 16-gun cutter-MnM 17 MG 15","1/50-scale Model of a 14-carronade cutter of the 1830s.","1/40th Scale model of the corvette [[:en:French corvette Créole (1829)|''Créole'']]","1/100th scale model of the E 50-type escort Corse","1/40th Scale model of a 118-gun ship of the ''Océan'' class under construction","1/100th scale model of Chevalier Paul'' (D621)","1/100th scale model of the RoRo ship ''Catherine Schiaffino'', built 1978 in Japan, 108 m long.","1/40 scale model of the ship ''[[:en:French ship Brillant (1670)|Brillant]]''","1/25th scale model of the steam aviso ''Bouvet''","1/40th-scale model of the first-rank frigate Belle-Poule","1/28th-scale model of the 64-gun [[:en:French ship Artésien|''Artésien'']] in her 1765 state","Diorama of the careening of Artémise","1/100th scale model of the general cargo ship ''Ange Schiaffino''","1/48th-scale model of ''Ambitieux'', unbuilt project"]},{"index":1,"name":"col1","values":["16","63","56","38","60","34","45","41","38","11","84","21","15.5","35","60","85","102","133","18","65"]},{"index":2,"name":"col2","values":["144","195","171","112","320","141","150","93","112","102","199","152","111.5","140","221","240","262","195","124","144"]},{"index":3,"name":"col3","values":["46.5","150","124","85","160","106","127.5","79","85","29","64","47.5","32","48","105","165","205","94","41.5","135"]},{"index":4,"name":"col4","values":["100","36","44","48","50","36","28.8","50","40","100","40","100","100","40","25","40","28","40","100","48"]}]},"context":{"page_title":null,"page_url":null,"page_entity_id":null,"content_hierarchy":[]},"links":[[[{"start":0,"end":43,"url":null,"entity_id":"Q47791264","candidates":[]}],[],[],[],[]],[[{"start":0,"end":39,"url":null,"entity_id":"Q47789312","candidates":[]}],[],[],[],[]],[[{"start":0,"end":33,"url":null,"entity_id":"Q47788173","candidates":[]}],[],[],[],[]],[[{"start":0,"end":37,"url":null,"entity_id":"Q47783051","candidates":[]}],[],[],[],[]],[[{"start":0,"end":34,"url":null,"entity_id":"Q47780900","candidates":[]}],[],[],[],[]],[[{"start":0,"end":33,"url":null,"entity_id":"Q47779117","candidates":[]}],[],[],[],[]],[[{"start":0,"end":43,"url":null,"entity_id":"Q47777363","candidates":[]}],[],[],[],[]],[[{"start":0,"end":55,"url":null,"entity_id":"Q47776393","candidates":[]}],[],[],[],[]],[[{"start":0,"end":83,"url":null,"entity_id":"Q47769604","candidates":[]}],[],[],[],[]],[[{"start":0,"end":49,"url":null,"entity_id":"Q47684913","candidates":[]}],[],[],[],[]],[[{"start":0,"end":78,"url":null,"entity_id":"Q47683628","candidates":[]}],[],[],[],[]],[[{"start":0,"end":46,"url":null,"entity_id":"Q47651547","candidates":[]}],[],[],[],[]],[[{"start":0,"end":95,"url":null,"entity_id":"Q47623586","candidates":[]}],[],[],[],[]],[[{"start":0,"end":77,"url":null,"entity_id":"Q47546511","candidates":[]}],[],[],[],[]],[[{"start":0,"end":48,"url":null,"entity_id":"Q47545836","candidates":[]}],[],[],[],[]],[[{"start":0,"end":56,"url":null,"entity_id":"Q47545781","candidates":[]}],[],[],[],[]],[[{"start":0,"end":92,"url":null,"entity_id":"Q47543760","candidates":[]}],[],[],[],[]],[[{"start":0,"end":36,"url":null,"entity_id":"Q47543506","candidates":[]}],[],[],[],[]],[[{"start":0,"end":65,"url":null,"entity_id":"Q47538693","candidates":[]}],[],[],[],[]],[[{"start":0,"end":52,"url":null,"entity_id":"Q47538603","candidates":[]}],[],[],[],[]]]}