{"version":"1.2","table":{"version":"2","table_id":"WB5N3BTQ","columns":[{"index":0,"name":"col0","values":["RV Derinsu","Shinsei-maru","RV MTA Turkuaz","RV Bilim-2","RV Denar 2","FS Marjata","Ángeles Alvariño","NOAAS Pisces","FRV Alba-Na-Mara","RV Mirabilis","Yokosuka","NOAAS Oscar Dyson","NOAAS Oregon II","NOAAS Miller Freeman","NOAAS David Starr Jordan","RRS Discovery","G. Dallaporta","Jakob Prei","Solea","Pelagia"]},{"index":1,"name":"col1","values":["45","66","86","40.47","78.8","126","46.7","63","27","62.4","105","139","51.82","67","56","99.7","35.76","23","42.4","66.07"]},{"index":2,"name":"col2","values":["612","1635","5000","433","2033","5000","951","2218","163","2131","4439","2180","729","1515","828","5954","286","235","638","1615"]}]},"context":{"page_title":null,"page_url":null,"page_entity_id":null,"content_hierarchy":[]},"links":[[[{"start":0,"end":10,"url":null,"entity_id":"Q21233138","candidates":[]}],[],[]],[[{"start":0,"end":12,"url":null,"entity_id":"Q20045020","candidates":[]}],[],[]],[[{"start":0,"end":14,"url":null,"entity_id":"Q20010357","candidates":[]}],[],[]],[[{"start":0,"end":10,"url":null,"entity_id":"Q20010343","candidates":[]}],[],[]],[[{"start":0,"end":10,"url":null,"entity_id":"Q20010339","candidates":[]}],[],[]],[[{"start":0,"end":10,"url":null,"entity_id":"Q19372810","candidates":[]}],[],[]],[[{"start":0,"end":16,"url":null,"entity_id":"Q18221158","candidates":[]}],[],[]],[[{"start":0,"end":12,"url":null,"entity_id":"Q17513041","candidates":[]}],[],[]],[[{"start":0,"end":16,"url":null,"entity_id":"Q17511120","candidates":[]}],[],[]],[[{"start":0,"end":12,"url":null,"entity_id":"Q17509080","candidates":[]}],[],[]],[[{"start":0,"end":8,"url":null,"entity_id":"Q17209533","candidates":[]}],[],[]],[[{"start":0,"end":17,"url":null,"entity_id":"Q17194314","candidates":[]}],[],[]],[[{"start":0,"end":15,"url":null,"entity_id":"Q17183124","candidates":[]}],[],[]],[[{"start":0,"end":20,"url":null,"entity_id":"Q17183052","candidates":[]}],[],[]],[[{"start":0,"end":24,"url":null,"entity_id":"Q17155890","candidates":[]}],[],[]],[[{"start":0,"end":13,"url":null,"entity_id":"Q16973837","candidates":[]}],[],[]],[[{"start":0,"end":13,"url":null,"entity_id":"Q16559139","candidates":[]}],[],[]],[[{"start":0,"end":10,"url":null,"entity_id":"Q16412498","candidates":[]}],[],[]],[[{"start":0,"end":5,"url":null,"entity_id":"Q14552568","candidates":[]}],[],[]],[[{"start":0,"end":7,"url":null,"entity_id":"Q14292691","candidates":[]}],[],[]]]}