{"version":"1.2","table":{"version":"2","table_id":"WBU6BOJI","columns":[{"index":0,"name":"col0","values":["Birthplace of Gabriele D'Annunzio Museum","Casa natale di Amedeo Modigliani","Casa Rossini","Grazia Deledda's Museum","Casa Natale Giuseppe Verdi","Museo-casa natale di Giacomo Puccini","Casa Santi","birthplace of Leonardo da Vinci","Birthplace of Frédéric Chopin","Museum geboortehuis René De Clercq","Birthplace of Patrick Henry","birthplace of Adlai E. Stevenson II","Wheeler-Minot Farmhouse","Rachel Carson Homestead","birthplace of Ronald Reagan","Birthplace of Richard Nixon","Amelia Earhart Birthplace","Casa natal del Taquígraf Garriga","Museo Casa Natal del Marqués de Sargadelos","Casa natal de Blas Infante"]},{"index":1,"name":"col1","values":["Gabriele D'Annunzio","Amedeo Modigliani","Gioachino Rossini","Grazia Deledda","Giuseppe Verdi","Giacomo Puccini","Raphael","Leonardo da Vinci","Frédéric Chopin","René de Clercq","Patrick Henry","Adlai Stevenson II","Henry David Thoreau","Rachel Carson","Ronald Reagan","Richard Nixon","Amelia Earhart","Pere Garriga i Marill","Antonio Raimundo Ibáñez Llano y Valdés","Blas Infante"]},{"index":2,"name":"col2","values":["Italy","Italy","Italy","Italy","Italy","Italy","Italy","Italy","Poland","Belgium","United States of America","United States of America","United States of America","United States of America","United States of America","United States of America","United States of America","Spain","Spain","Spain"]}]},"context":{"page_title":null,"page_url":null,"page_entity_id":null,"content_hierarchy":[]},"links":[[[{"start":0,"end":40,"url":null,"entity_id":"Q3867751","candidates":[]}],[{"start":0,"end":19,"url":null,"entity_id":"Q193236","candidates":[]}],[{"start":0,"end":5,"url":null,"entity_id":"Q38","candidates":[]}]],[[{"start":0,"end":32,"url":null,"entity_id":"Q3661344","candidates":[]}],[{"start":0,"end":17,"url":null,"entity_id":"Q120993","candidates":[]}],[{"start":0,"end":5,"url":null,"entity_id":"Q38","candidates":[]}]],[[{"start":0,"end":12,"url":null,"entity_id":"Q3661158","candidates":[]}],[{"start":0,"end":17,"url":null,"entity_id":"Q9726","candidates":[]}],[{"start":0,"end":5,"url":null,"entity_id":"Q38","candidates":[]}]],[[{"start":0,"end":23,"url":null,"entity_id":"Q3867990","candidates":[]}],[{"start":0,"end":14,"url":null,"entity_id":"Q7728","candidates":[]}],[{"start":0,"end":5,"url":null,"entity_id":"Q38","candidates":[]}]],[[{"start":0,"end":26,"url":null,"entity_id":"Q3280232","candidates":[]}],[{"start":0,"end":14,"url":null,"entity_id":"Q7317","candidates":[]}],[{"start":0,"end":5,"url":null,"entity_id":"Q38","candidates":[]}]],[[{"start":0,"end":36,"url":null,"entity_id":"Q3867564","candidates":[]}],[{"start":0,"end":15,"url":null,"entity_id":"Q7311","candidates":[]}],[{"start":0,"end":5,"url":null,"entity_id":"Q38","candidates":[]}]],[[{"start":0,"end":10,"url":null,"entity_id":"Q2940761","candidates":[]}],[{"start":0,"end":7,"url":null,"entity_id":"Q5597","candidates":[]}],[{"start":0,"end":5,"url":null,"entity_id":"Q38","candidates":[]}]],[[{"start":0,"end":31,"url":null,"entity_id":"Q3280239","candidates":[]}],[{"start":0,"end":17,"url":null,"entity_id":"Q762","candidates":[]}],[{"start":0,"end":5,"url":null,"entity_id":"Q38","candidates":[]}]],[[{"start":0,"end":29,"url":null,"entity_id":"Q4917089","candidates":[]}],[{"start":0,"end":15,"url":null,"entity_id":"Q1268","candidates":[]}],[{"start":0,"end":6,"url":null,"entity_id":"Q36","candidates":[]}]],[[{"start":0,"end":34,"url":null,"entity_id":"Q2141580","candidates":[]}],[{"start":0,"end":14,"url":null,"entity_id":"Q2322318","candidates":[]}],[{"start":0,"end":7,"url":null,"entity_id":"Q31","candidates":[]}]],[[{"start":0,"end":27,"url":null,"entity_id":"Q16230271","candidates":[]}],[{"start":0,"end":13,"url":null,"entity_id":"Q311885","candidates":[]}],[{"start":0,"end":24,"url":null,"entity_id":"Q30","candidates":[]}]],[[{"start":0,"end":35,"url":null,"entity_id":"Q14681610","candidates":[]}],[{"start":0,"end":18,"url":null,"entity_id":"Q311719","candidates":[]}],[{"start":0,"end":24,"url":null,"entity_id":"Q30","candidates":[]}]],[[{"start":0,"end":23,"url":null,"entity_id":"Q6948294","candidates":[]}],[{"start":0,"end":19,"url":null,"entity_id":"Q131149","candidates":[]}],[{"start":0,"end":24,"url":null,"entity_id":"Q30","candidates":[]}]],[[{"start":0,"end":23,"url":null,"entity_id":"Q7279187","candidates":[]}],[{"start":0,"end":13,"url":null,"entity_id":"Q100948","candidates":[]}],[{"start":0,"end":24,"url":null,"entity_id":"Q30","candidates":[]}]],[[{"start":0,"end":27,"url":null,"entity_id":"Q4917087","candidates":[]}],[{"start":0,"end":13,"url":null,"entity_id":"Q9960","candidates":[]}],[{"start":0,"end":24,"url":null,"entity_id":"Q30","candidates":[]}]],[[{"start":0,"end":27,"url":null,"entity_id":"Q2262830","candidates":[]}],[{"start":0,"end":13,"url":null,"entity_id":"Q9588","candidates":[]}],[{"start":0,"end":24,"url":null,"entity_id":"Q30","candidates":[]}]],[[{"start":0,"end":25,"url":null,"entity_id":"Q4742248","candidates":[]}],[{"start":0,"end":14,"url":null,"entity_id":"Q3355","candidates":[]}],[{"start":0,"end":24,"url":null,"entity_id":"Q30","candidates":[]}]],[[{"start":0,"end":32,"url":null,"entity_id":"Q19367799","candidates":[]}],[{"start":0,"end":21,"url":null,"entity_id":"Q11940972","candidates":[]}],[{"start":0,"end":5,"url":null,"entity_id":"Q29","candidates":[]}]],[[{"start":0,"end":42,"url":null,"entity_id":"Q6033210","candidates":[]}],[{"start":0,"end":38,"url":null,"entity_id":"Q8201625","candidates":[]}],[{"start":0,"end":5,"url":null,"entity_id":"Q29","candidates":[]}]],[[{"start":0,"end":26,"url":null,"entity_id":"Q5755631","candidates":[]}],[{"start":0,"end":12,"url":null,"entity_id":"Q560588","candidates":[]}],[{"start":0,"end":5,"url":null,"entity_id":"Q29","candidates":[]}]]]}