{"version":"1.2","table":{"version":"2","table_id":"WC46H61S","columns":[{"index":0,"name":"col0","values":["Kepler-10","Lalande 21185","Kepler-36","12 Ophiuchi","Kepler-20","Kepler-22","KIC 11087914","KIC 11018155","KIC 11082570","KIC 11299499","KIC 10782682","KIC 10799567","KIC 11241000","KIC 10975755","KIC 11300316","KIC 10969469","KIC 10978570","KIC 11349426","KIC 10975635","KIC 10859551"]},{"index":1,"name":"col1","values":["5599","3563","5979","5223","5507","5527","6177","5709","5125","6395","5836","5151","5731","5862","5095","4796","5543","5576","5195","5393"]},{"index":2,"name":"col2","values":["-98.12","-84.835","9.39","-12.82","-21.31","-4.06","-48.3","-25.1","-13.2","-15.3","-29.5","-3.8","-5.6","-21.98","-21.9","-12.2","-13.6","-20.6","3.67","-29"]}]},"context":{"page_title":null,"page_url":null,"page_entity_id":null,"content_hierarchy":[]},"links":[[[{"start":0,"end":13,"url":null,"entity_id":"Q683605","candidates":[]}],[],[]],[[{"start":0,"end":9,"url":null,"entity_id":"Q403288","candidates":[]}],[],[]],[[{"start":0,"end":11,"url":null,"entity_id":"Q115904","candidates":[]}],[],[]],[[{"start":0,"end":9,"url":null,"entity_id":"Q51521","candidates":[]}],[],[]],[[{"start":0,"end":9,"url":null,"entity_id":"Q47570","candidates":[]}],[],[]],[[{"start":0,"end":12,"url":null,"entity_id":"Q74741942","candidates":[]}],[],[]],[[{"start":0,"end":12,"url":null,"entity_id":"Q74741870","candidates":[]}],[],[]],[[{"start":0,"end":12,"url":null,"entity_id":"Q74741810","candidates":[]}],[],[]],[[{"start":0,"end":12,"url":null,"entity_id":"Q74741789","candidates":[]}],[],[]],[[{"start":0,"end":12,"url":null,"entity_id":"Q74741755","candidates":[]}],[],[]],[[{"start":0,"end":12,"url":null,"entity_id":"Q74742330","candidates":[]}],[],[]],[[{"start":0,"end":12,"url":null,"entity_id":"Q74742304","candidates":[]}],[],[]],[[{"start":0,"end":12,"url":null,"entity_id":"Q74742248","candidates":[]}],[],[]],[[{"start":0,"end":12,"url":null,"entity_id":"Q74742238","candidates":[]}],[],[]],[[{"start":0,"end":12,"url":null,"entity_id":"Q74742225","candidates":[]}],[],[]],[[{"start":0,"end":12,"url":null,"entity_id":"Q74742184","candidates":[]}],[],[]],[[{"start":0,"end":12,"url":null,"entity_id":"Q74742139","candidates":[]}],[],[]],[[{"start":0,"end":12,"url":null,"entity_id":"Q74742137","candidates":[]}],[],[]],[[{"start":0,"end":12,"url":null,"entity_id":"Q74742121","candidates":[]}],[],[]],[[{"start":0,"end":9,"url":null,"entity_id":"Q776002","candidates":[]}],[],[]]]}