{"version":"1.2","table":{"version":"2","table_id":"WD9RYQ5O","columns":[{"index":0,"name":"col0","values":["Sediul Societații „Mica”","Otley Liberal Club","Medway Conservative Club","St Johns Club","The National Club","Delta Upsilon Chapter House","St. John Lodge Society of United Fishermen No. 11","Coleman Legion Hall","Num Pon Soon Society Building","Nereus, botenhuis","Town Club","Loyal Orange Lodge","Centrul Municipal pentru Cultură George Coșbuc","Park House","Anson Grange No. 88","Portland Garden Club","Arlington Club","Brooklyn Historical Society Building","Gloucester Women's Club","Rogue River Valley Grange No. 469"]},{"index":1,"name":"col1","values":["historic monument","Grade II listed building","Grade II listed building","Grade II listed building","Grade II listed building","place listed on the National Register of Historic Places","municipal heritage site","registered historic resource","listed on the Victorian Heritage Register","municipal monument in the Netherlands","NRHP contributing property","designated heritage property (part IV)","historic monument","Grade I listed building","place listed on the National Register of Historic Places","place listed on the National Register of Historic Places","place listed on the National Register of Historic Places","National Historic Landmark","place listed on the National Register of Historic Places","place listed on the National Register of Historic Places"]},{"index":2,"name":"col2","values":["Abies","Otley","Rochester","Wigan","Kilburn","Iowa State University","Barr'd Islands","Coleman","Melbourne","Rivierenbuurt","Goose Hollow","Almonte","Bistrița","Cardiff city centre","North Anson","Goose Hollow","Downtown Portland","Brooklyn Heights Historic District","Gloucester Courthouse","Grants Pass"]},{"index":3,"name":"col3","values":["Romania","United Kingdom","United Kingdom","United Kingdom","United Kingdom","United States of America","Canada","Canada","Australia","Netherlands","United States of America","Canada","Romania","United Kingdom","United States of America","United States of America","United States of America","United States of America","United States of America","United States of America"]}]},"context":{"page_title":null,"page_url":null,"page_entity_id":null,"content_hierarchy":[]},"links":[[[{"start":0,"end":24,"url":null,"entity_id":"Q42926931","candidates":[]}],[{"start":0,"end":17,"url":null,"entity_id":"Q916620","candidates":[]}],[{"start":0,"end":5,"url":null,"entity_id":"Q25350","candidates":[]}],[{"start":0,"end":7,"url":null,"entity_id":"Q218","candidates":[]}]],[[{"start":0,"end":18,"url":null,"entity_id":"Q26660532","candidates":[]}],[{"start":0,"end":24,"url":null,"entity_id":"Q15700834","candidates":[]}],[{"start":0,"end":5,"url":null,"entity_id":"Q658902","candidates":[]}],[{"start":0,"end":14,"url":null,"entity_id":"Q145","candidates":[]}]],[[{"start":0,"end":24,"url":null,"entity_id":"Q32828719","candidates":[]}],[{"start":0,"end":24,"url":null,"entity_id":"Q15700834","candidates":[]}],[{"start":0,"end":9,"url":null,"entity_id":"Q507517","candidates":[]}],[{"start":0,"end":14,"url":null,"entity_id":"Q145","candidates":[]}]],[[{"start":0,"end":13,"url":null,"entity_id":"Q26664350","candidates":[]}],[{"start":0,"end":24,"url":null,"entity_id":"Q15700834","candidates":[]}],[{"start":0,"end":5,"url":null,"entity_id":"Q208143","candidates":[]}],[{"start":0,"end":14,"url":null,"entity_id":"Q145","candidates":[]}]],[[{"start":0,"end":17,"url":null,"entity_id":"Q27086655","candidates":[]}],[{"start":0,"end":24,"url":null,"entity_id":"Q15700834","candidates":[]}],[{"start":0,"end":7,"url":null,"entity_id":"Q150214","candidates":[]}],[{"start":0,"end":14,"url":null,"entity_id":"Q145","candidates":[]}]],[[{"start":0,"end":27,"url":null,"entity_id":"Q46996818","candidates":[]}],[{"start":0,"end":56,"url":null,"entity_id":"Q19558910","candidates":[]}],[{"start":0,"end":21,"url":null,"entity_id":"Q1136919","candidates":[]}],[{"start":0,"end":24,"url":null,"entity_id":"Q30","candidates":[]}]],[[{"start":0,"end":49,"url":null,"entity_id":"Q51897039","candidates":[]}],[{"start":0,"end":23,"url":null,"entity_id":"Q22871013","candidates":[]}],[{"start":0,"end":14,"url":null,"entity_id":"Q39045303","candidates":[]}],[{"start":0,"end":6,"url":null,"entity_id":"Q16","candidates":[]}]],[[{"start":0,"end":19,"url":null,"entity_id":"Q44664127","candidates":[]}],[{"start":0,"end":28,"url":null,"entity_id":"Q19901192","candidates":[]}],[{"start":0,"end":7,"url":null,"entity_id":"Q5142969","candidates":[]}],[{"start":0,"end":6,"url":null,"entity_id":"Q16","candidates":[]}]],[[{"start":0,"end":29,"url":null,"entity_id":"Q66767844","candidates":[]}],[{"start":0,"end":41,"url":null,"entity_id":"Q28147634","candidates":[]}],[{"start":0,"end":9,"url":null,"entity_id":"Q3141","candidates":[]}],[{"start":0,"end":9,"url":null,"entity_id":"Q408","candidates":[]}]],[[{"start":0,"end":17,"url":null,"entity_id":"Q61749981","candidates":[]}],[{"start":0,"end":37,"url":null,"entity_id":"Q2650048","candidates":[]}],[{"start":0,"end":13,"url":null,"entity_id":"Q2155656","candidates":[]}],[{"start":0,"end":11,"url":null,"entity_id":"Q55","candidates":[]}]],[[{"start":0,"end":9,"url":null,"entity_id":"Q58030579","candidates":[]}],[{"start":0,"end":26,"url":null,"entity_id":"Q1129142","candidates":[]}],[{"start":0,"end":12,"url":null,"entity_id":"Q5584062","candidates":[]}],[{"start":0,"end":24,"url":null,"entity_id":"Q30","candidates":[]}]],[[{"start":0,"end":18,"url":null,"entity_id":"Q55743919","candidates":[]}],[{"start":0,"end":38,"url":null,"entity_id":"Q15080599","candidates":[]}],[{"start":0,"end":7,"url":null,"entity_id":"Q1391099","candidates":[]}],[{"start":0,"end":6,"url":null,"entity_id":"Q16","candidates":[]}]],[[{"start":0,"end":46,"url":null,"entity_id":"Q12723798","candidates":[]}],[{"start":0,"end":17,"url":null,"entity_id":"Q916620","candidates":[]}],[{"start":0,"end":8,"url":null,"entity_id":"Q187205","candidates":[]}],[{"start":0,"end":7,"url":null,"entity_id":"Q218","candidates":[]}]],[[{"start":0,"end":10,"url":null,"entity_id":"Q7137793","candidates":[]}],[{"start":0,"end":23,"url":null,"entity_id":"Q15700818","candidates":[]}],[{"start":0,"end":19,"url":null,"entity_id":"Q5038492","candidates":[]}],[{"start":0,"end":14,"url":null,"entity_id":"Q145","candidates":[]}]],[[{"start":0,"end":19,"url":null,"entity_id":"Q4770724","candidates":[]}],[{"start":0,"end":56,"url":null,"entity_id":"Q19558910","candidates":[]}],[{"start":0,"end":11,"url":null,"entity_id":"Q7053949","candidates":[]}],[{"start":0,"end":24,"url":null,"entity_id":"Q30","candidates":[]}]],[[{"start":0,"end":20,"url":null,"entity_id":"Q7231933","candidates":[]}],[{"start":0,"end":56,"url":null,"entity_id":"Q19558910","candidates":[]}],[{"start":0,"end":12,"url":null,"entity_id":"Q5584062","candidates":[]}],[{"start":0,"end":24,"url":null,"entity_id":"Q30","candidates":[]}]],[[{"start":0,"end":14,"url":null,"entity_id":"Q4792299","candidates":[]}],[{"start":0,"end":56,"url":null,"entity_id":"Q19558910","candidates":[]}],[{"start":0,"end":17,"url":null,"entity_id":"Q5303551","candidates":[]}],[{"start":0,"end":24,"url":null,"entity_id":"Q30","candidates":[]}]],[[{"start":0,"end":36,"url":null,"entity_id":"Q4974853","candidates":[]}],[{"start":0,"end":26,"url":null,"entity_id":"Q624232","candidates":[]}],[{"start":0,"end":34,"url":null,"entity_id":"Q4974842","candidates":[]}],[{"start":0,"end":24,"url":null,"entity_id":"Q30","candidates":[]}]],[[{"start":0,"end":23,"url":null,"entity_id":"Q14712377","candidates":[]}],[{"start":0,"end":56,"url":null,"entity_id":"Q19558910","candidates":[]}],[{"start":0,"end":21,"url":null,"entity_id":"Q1376442","candidates":[]}],[{"start":0,"end":24,"url":null,"entity_id":"Q30","candidates":[]}]],[[{"start":0,"end":33,"url":null,"entity_id":"Q14709218","candidates":[]}],[{"start":0,"end":56,"url":null,"entity_id":"Q19558910","candidates":[]}],[{"start":0,"end":11,"url":null,"entity_id":"Q143405","candidates":[]}],[{"start":0,"end":24,"url":null,"entity_id":"Q30","candidates":[]}]]]}