{"version":"1.2","table":{"version":"2","table_id":"WDBX5QU4","columns":[{"index":0,"name":"col0","values":["2017 Grand Prix de Fourmies","2016 Grand Prix de Fourmies","2015 Grand Prix de Fourmies","2014 Grand Prix de Fourmies","2002 Grand Prix de Fourmies","2001 Grand Prix de Fourmies","2013 Grand Prix de Fourmies","1999 Grand Prix de Fourmies","2000 Grand Prix de Fourmies","1998 Grand Prix de Fourmies","1997 Grand Prix de Fourmies","1996 Grand Prix de Fourmies","1995 Grand Prix de Fourmies","1993 Grand Prix de Fourmies","1994 Grand Prix de Fourmies","1992 Grand Prix de Fourmies","2012 Grand Prix de Fourmies","2010 Grand Prix de Fourmies","2009 Grand Prix de Fourmies","2008 Grand Prix de Fourmies"]},{"index":1,"name":"col1","values":["205","205","205","205","180","210","205","211","210","208","208","210","210","212","210","210","205","205","205","205"]},{"index":2,"name":"col2","values":["46.86","42.629","43.312","42.999","40.28","40.49","44.327","43.317","44.043","42.86","42.852","44.681","41.74","40.635","41.379","39.785","43.156","44.073","42.275","46.085"]}]},"context":{"page_title":null,"page_url":null,"page_entity_id":null,"content_hierarchy":[]},"links":[[[{"start":0,"end":27,"url":null,"entity_id":"Q20872500","candidates":[]}],[],[]],[[{"start":0,"end":27,"url":null,"entity_id":"Q20872499","candidates":[]}],[],[]],[[{"start":0,"end":27,"url":null,"entity_id":"Q18039567","candidates":[]}],[],[]],[[{"start":0,"end":27,"url":null,"entity_id":"Q16561762","candidates":[]}],[],[]],[[{"start":0,"end":27,"url":null,"entity_id":"Q16561758","candidates":[]}],[],[]],[[{"start":0,"end":27,"url":null,"entity_id":"Q14901154","candidates":[]}],[],[]],[[{"start":0,"end":27,"url":null,"entity_id":"Q3775264","candidates":[]}],[],[]],[[{"start":0,"end":27,"url":null,"entity_id":"Q3775263","candidates":[]}],[],[]],[[{"start":0,"end":27,"url":null,"entity_id":"Q3775262","candidates":[]}],[],[]],[[{"start":0,"end":27,"url":null,"entity_id":"Q3775261","candidates":[]}],[],[]],[[{"start":0,"end":27,"url":null,"entity_id":"Q3775260","candidates":[]}],[],[]],[[{"start":0,"end":27,"url":null,"entity_id":"Q3775259","candidates":[]}],[],[]],[[{"start":0,"end":27,"url":null,"entity_id":"Q3775258","candidates":[]}],[],[]],[[{"start":0,"end":27,"url":null,"entity_id":"Q3775257","candidates":[]}],[],[]],[[{"start":0,"end":27,"url":null,"entity_id":"Q3775255","candidates":[]}],[],[]],[[{"start":0,"end":27,"url":null,"entity_id":"Q3114100","candidates":[]}],[],[]],[[{"start":0,"end":27,"url":null,"entity_id":"Q3114096","candidates":[]}],[],[]],[[{"start":0,"end":27,"url":null,"entity_id":"Q3114095","candidates":[]}],[],[]],[[{"start":0,"end":27,"url":null,"entity_id":"Q3114094","candidates":[]}],[],[]],[[{"start":0,"end":27,"url":null,"entity_id":"Q30109961","candidates":[]}],[],[]]]}