{"version":"1.2","table":{"version":"2","table_id":"WEHYEAWH","columns":[{"index":0,"name":"col0","values":["Mount Frankland National Park","Walpole-Nornalup National Park","Wolfe Creek Meteorite Crater National Park","Kalbarri National Park","Oxley Wild Rivers National Park","Wollumbin National Park","Washpool National Park","Willi Willi National Park","New England National Park","Mount Barney National Park","Springbrook National Park","Great Australian Bight Marine National Park","Litchfield National Park","Franklin-Gordon Wild Rivers National Park","Kanangra-Boyd National Park","Nattai National Park","Gardens of Stone National Park","Werrikimbe National Park","Nightcap National Park","Gibraltar Range National Park"]},{"index":1,"name":"col1","values":["Walpole Wilderness Area","Walpole Wilderness Area","Kimberley","Mid West","New England","Gondwana Rainforests of Australia","Gondwana Rainforests of Australia","Gondwana Rainforests of Australia","Gondwana Rainforests of Australia","Gondwana Rainforests of Australia","Gondwana Rainforests of Australia","Great Australian Bight Marine Park","Top End","West Coast","Greater Blue Mountains Area","Greater Blue Mountains Area","Greater Blue Mountains Area","Gondwana Rainforests of Australia","Gondwana Rainforests of Australia","Gondwana Rainforests of Australia"]},{"index":2,"name":"col2","values":["Department of Parks and Wildlife","Department of Parks and Wildlife","Department of Parks and Wildlife","Department of Parks and Wildlife","National Parks and Wildlife Service","National Parks and Wildlife Service","National Parks and Wildlife Service","National Parks and Wildlife Service","National Parks and Wildlife Service","Queensland Parks and Wildlife Service","Queensland Parks and Wildlife Service","Department for Environment and Water","Parks and Wildlife Commission of the Northern Territory","Tasmania Parks and Wildlife Service","National Parks and Wildlife Service","National Parks and Wildlife Service","National Parks and Wildlife Service","National Parks and Wildlife Service","National Parks and Wildlife Service","National Parks and Wildlife Service"]}]},"context":{"page_title":null,"page_url":null,"page_entity_id":null,"content_hierarchy":[]},"links":[[[{"start":0,"end":30,"url":null,"entity_id":"Q1810964","candidates":[]}],[{"start":0,"end":23,"url":null,"entity_id":"Q2543213","candidates":[]}],[{"start":0,"end":32,"url":null,"entity_id":"Q21538546","candidates":[]}]],[[{"start":0,"end":42,"url":null,"entity_id":"Q2109503","candidates":[]}],[{"start":0,"end":9,"url":null,"entity_id":"Q672805","candidates":[]}],[{"start":0,"end":32,"url":null,"entity_id":"Q21538546","candidates":[]}]],[[{"start":0,"end":22,"url":null,"entity_id":"Q1722083","candidates":[]}],[{"start":0,"end":8,"url":null,"entity_id":"Q606266","candidates":[]}],[{"start":0,"end":32,"url":null,"entity_id":"Q21538546","candidates":[]}]],[[{"start":0,"end":31,"url":null,"entity_id":"Q2042871","candidates":[]}],[{"start":0,"end":11,"url":null,"entity_id":"Q1467315","candidates":[]}],[{"start":0,"end":35,"url":null,"entity_id":"Q6974770","candidates":[]}]],[[{"start":0,"end":23,"url":null,"entity_id":"Q2347510","candidates":[]}],[{"start":0,"end":33,"url":null,"entity_id":"Q643063","candidates":[]}],[{"start":0,"end":35,"url":null,"entity_id":"Q6974770","candidates":[]}]],[[{"start":0,"end":22,"url":null,"entity_id":"Q2096005","candidates":[]}],[{"start":0,"end":33,"url":null,"entity_id":"Q643063","candidates":[]}],[{"start":0,"end":35,"url":null,"entity_id":"Q6974770","candidates":[]}]],[[{"start":0,"end":25,"url":null,"entity_id":"Q2095735","candidates":[]}],[{"start":0,"end":33,"url":null,"entity_id":"Q643063","candidates":[]}],[{"start":0,"end":35,"url":null,"entity_id":"Q6974770","candidates":[]}]],[[{"start":0,"end":25,"url":null,"entity_id":"Q1982368","candidates":[]}],[{"start":0,"end":33,"url":null,"entity_id":"Q643063","candidates":[]}],[{"start":0,"end":35,"url":null,"entity_id":"Q6974770","candidates":[]}]],[[{"start":0,"end":26,"url":null,"entity_id":"Q1894197","candidates":[]}],[{"start":0,"end":33,"url":null,"entity_id":"Q643063","candidates":[]}],[{"start":0,"end":37,"url":null,"entity_id":"Q2122615","candidates":[]}]],[[{"start":0,"end":25,"url":null,"entity_id":"Q1848058","candidates":[]}],[{"start":0,"end":33,"url":null,"entity_id":"Q643063","candidates":[]}],[{"start":0,"end":37,"url":null,"entity_id":"Q2122615","candidates":[]}]],[[{"start":0,"end":43,"url":null,"entity_id":"Q21930528","candidates":[]}],[{"start":0,"end":34,"url":null,"entity_id":"Q1544205","candidates":[]}],[{"start":0,"end":36,"url":null,"entity_id":"Q5260295","candidates":[]}]],[[{"start":0,"end":24,"url":null,"entity_id":"Q1568376","candidates":[]}],[{"start":0,"end":7,"url":null,"entity_id":"Q14211167","candidates":[]}],[{"start":0,"end":55,"url":null,"entity_id":"Q21538549","candidates":[]}]],[[{"start":0,"end":41,"url":null,"entity_id":"Q1445146","candidates":[]}],[{"start":0,"end":10,"url":null,"entity_id":"Q7984754","candidates":[]}],[{"start":0,"end":35,"url":null,"entity_id":"Q7687416","candidates":[]}]],[[{"start":0,"end":27,"url":null,"entity_id":"Q1571138","candidates":[]}],[{"start":0,"end":27,"url":null,"entity_id":"Q934627","candidates":[]}],[{"start":0,"end":35,"url":null,"entity_id":"Q6974770","candidates":[]}]],[[{"start":0,"end":20,"url":null,"entity_id":"Q1571056","candidates":[]}],[{"start":0,"end":27,"url":null,"entity_id":"Q934627","candidates":[]}],[{"start":0,"end":35,"url":null,"entity_id":"Q6974770","candidates":[]}]],[[{"start":0,"end":30,"url":null,"entity_id":"Q1494110","candidates":[]}],[{"start":0,"end":27,"url":null,"entity_id":"Q934627","candidates":[]}],[{"start":0,"end":35,"url":null,"entity_id":"Q6974770","candidates":[]}]],[[{"start":0,"end":24,"url":null,"entity_id":"Q1584958","candidates":[]}],[{"start":0,"end":33,"url":null,"entity_id":"Q643063","candidates":[]}],[{"start":0,"end":35,"url":null,"entity_id":"Q6974770","candidates":[]}]],[[{"start":0,"end":22,"url":null,"entity_id":"Q1573530","candidates":[]}],[{"start":0,"end":33,"url":null,"entity_id":"Q643063","candidates":[]}],[{"start":0,"end":35,"url":null,"entity_id":"Q6974770","candidates":[]}]],[[{"start":0,"end":29,"url":null,"entity_id":"Q1522939","candidates":[]}],[{"start":0,"end":33,"url":null,"entity_id":"Q643063","candidates":[]}],[{"start":0,"end":35,"url":null,"entity_id":"Q6974770","candidates":[]}]],[[{"start":0,"end":29,"url":null,"entity_id":"Q1950308","candidates":[]}],[{"start":0,"end":23,"url":null,"entity_id":"Q2543213","candidates":[]}],[{"start":0,"end":32,"url":null,"entity_id":"Q21538546","candidates":[]}]]]}