{"version":"1.2","table":{"version":"2","table_id":"WFU5XTG1","columns":[{"index":0,"name":"col0","values":["A Ver-o-Mar","Óbidos","Cascais","Ribeira Brava","Porto Moniz","Vila do Bispo","Sertã","Sintra","Algueirão–Mem Martins","Aguiar da Beira","Mora","Vila Nova de Cerveira","Fráguas","Vila Nova da Rainha","Condeixa-a-Nova","Montemor-o-Velho","Joane","Valado dos Frades","Lorvão","Terrugem"]},{"index":1,"name":"col1","values":["5.21","97.4","97.4","65","82.93","178","446.73","319.23","16.37","206.77","443.95","108.47","16.63","24.06","138.67","228.96","7.25","18.37","25.77","23.31"]},{"index":2,"name":"col2","values":["8961","11689","206479","13375","2711","5258","15880","377835","66250","5473","4978","9253","279","710","17078","26171","7528","3308","3928","5113"]}]},"context":{"page_title":null,"page_url":null,"page_entity_id":null,"content_hierarchy":[]},"links":[[[{"start":0,"end":11,"url":null,"entity_id":"Q300608","candidates":[]}],[],[]],[[{"start":0,"end":6,"url":null,"entity_id":"Q275862","candidates":[]}],[],[]],[[{"start":0,"end":7,"url":null,"entity_id":"Q273059","candidates":[]}],[],[]],[[{"start":0,"end":13,"url":null,"entity_id":"Q250139","candidates":[]}],[],[]],[[{"start":0,"end":11,"url":null,"entity_id":"Q221412","candidates":[]}],[],[]],[[{"start":0,"end":13,"url":null,"entity_id":"Q206320","candidates":[]}],[],[]],[[{"start":0,"end":5,"url":null,"entity_id":"Q193402","candidates":[]}],[],[]],[[{"start":0,"end":6,"url":null,"entity_id":"Q190187","candidates":[]}],[],[]],[[{"start":0,"end":21,"url":null,"entity_id":"Q180972","candidates":[]}],[],[]],[[{"start":0,"end":15,"url":null,"entity_id":"Q175373","candidates":[]}],[],[]],[[{"start":0,"end":4,"url":null,"entity_id":"Q174800","candidates":[]}],[],[]],[[{"start":0,"end":21,"url":null,"entity_id":"Q164434","candidates":[]}],[],[]],[[{"start":0,"end":7,"url":null,"entity_id":"Q154061","candidates":[]}],[],[]],[[{"start":0,"end":19,"url":null,"entity_id":"Q144683","candidates":[]}],[],[]],[[{"start":0,"end":15,"url":null,"entity_id":"Q138830","candidates":[]}],[],[]],[[{"start":0,"end":16,"url":null,"entity_id":"Q45815","candidates":[]}],[],[]],[[{"start":0,"end":5,"url":null,"entity_id":"Q1690801","candidates":[]}],[],[]],[[{"start":0,"end":17,"url":null,"entity_id":"Q1542827","candidates":[]}],[],[]],[[{"start":0,"end":6,"url":null,"entity_id":"Q1454968","candidates":[]}],[],[]],[[{"start":0,"end":8,"url":null,"entity_id":"Q1328618","candidates":[]}],[],[]]]}