{"version":"1.2","table":{"version":"2","table_id":"WH6S2O3V","columns":[{"index":0,"name":"col0","values":["Jiue Baizu Xiang","Jiubao Achangu Xiang","Jiuxiang Yizu Huizu iang","Wumulrng Yizu Xiag","Zhopgjian","Dongbazha Huizu Xianh","Donpoxiang","Shangaoqiao","Sandaosiui","Sanbao Yi Ethnic Towship","Santaishan Palaung Etknic Township","anren","Qljadai","Xincun ui Ethnic Township","Pengjiazhuang Hui Ethnic Towoship","Jiumep Hui Ethnic Township","Gbotou","Xinhua Yizu Miaozu#Xiang","Xingua","Haotouzhuang Hui EthnicTownship"]},{"index":1,"name":"col1","values":["UTC+08:00","UTC+08:00","UTC+08:00","UTC+08:00","UTC+08:00","UTC+08:00","UTC+08:00","UTC+08:00","UTC+08:00","UTC+08:00","UTC+08:00","UTC+08:00","UTC+08:00","UTC+08:00","UTC+08:00","UTC+08:00","UTC+08:00","UTC+08:00","UTC+08:00","UTC+08:00"]},{"index":2,"name":"col2","values":["23537.92","13796.056999999999","16965.325999999997","29048.886","7610.13","4497.297","12944.0","19478.604","14385.371","4377.78","7060.932","7100.236999999999","7888.264","8132.135","20134.147","41038.99799999999","31997.21","27884.088","8930.096","35248.356"]}]},"context":{"page_title":null,"page_url":null,"page_entity_id":null,"content_hierarchy":[]},"links":[[[{"start":0,"end":20,"url":null,"entity_id":"Q10878676","candidates":[]}],[{"start":0,"end":9,"url":null,"entity_id":"Q6985","candidates":[]}],[]],[[{"start":0,"end":24,"url":null,"entity_id":"Q10878656","candidates":[]}],[{"start":0,"end":9,"url":null,"entity_id":"Q6985","candidates":[]}],[]],[[{"start":0,"end":18,"url":null,"entity_id":"Q10878090","candidates":[]}],[{"start":0,"end":9,"url":null,"entity_id":"Q6985","candidates":[]}],[]],[[{"start":0,"end":9,"url":null,"entity_id":"Q10875518","candidates":[]}],[{"start":0,"end":9,"url":null,"entity_id":"Q6985","candidates":[]}],[]],[[{"start":0,"end":21,"url":null,"entity_id":"Q10870212","candidates":[]}],[{"start":0,"end":9,"url":null,"entity_id":"Q6985","candidates":[]}],[]],[[{"start":0,"end":10,"url":null,"entity_id":"Q10869839","candidates":[]}],[{"start":0,"end":9,"url":null,"entity_id":"Q6985","candidates":[]}],[]],[[{"start":0,"end":11,"url":null,"entity_id":"Q10868356","candidates":[]}],[{"start":0,"end":9,"url":null,"entity_id":"Q6985","candidates":[]}],[]],[[{"start":0,"end":10,"url":null,"entity_id":"Q10866953","candidates":[]}],[{"start":0,"end":9,"url":null,"entity_id":"Q6985","candidates":[]}],[]],[[{"start":0,"end":24,"url":null,"entity_id":"Q10865789","candidates":[]}],[{"start":0,"end":9,"url":null,"entity_id":"Q6985","candidates":[]}],[]],[[{"start":0,"end":34,"url":null,"entity_id":"Q10865489","candidates":[]}],[{"start":0,"end":9,"url":null,"entity_id":"Q6985","candidates":[]}],[]],[[{"start":0,"end":5,"url":null,"entity_id":"Q10865300","candidates":[]}],[{"start":0,"end":9,"url":null,"entity_id":"Q6985","candidates":[]}],[]],[[{"start":0,"end":7,"url":null,"entity_id":"Q10864576","candidates":[]}],[{"start":0,"end":9,"url":null,"entity_id":"Q6985","candidates":[]}],[]],[[{"start":0,"end":25,"url":null,"entity_id":"Q8044511","candidates":[]}],[{"start":0,"end":9,"url":null,"entity_id":"Q6985","candidates":[]}],[]],[[{"start":0,"end":33,"url":null,"entity_id":"Q7162720","candidates":[]}],[{"start":0,"end":9,"url":null,"entity_id":"Q6985","candidates":[]}],[]],[[{"start":0,"end":26,"url":null,"entity_id":"Q6203426","candidates":[]}],[{"start":0,"end":9,"url":null,"entity_id":"Q6985","candidates":[]}],[]],[[{"start":0,"end":6,"url":null,"entity_id":"Q5521716","candidates":[]}],[{"start":0,"end":9,"url":null,"entity_id":"Q6985","candidates":[]}],[]],[[{"start":0,"end":24,"url":null,"entity_id":"Q4806187","candidates":[]}],[{"start":0,"end":9,"url":null,"entity_id":"Q6985","candidates":[]}],[]],[[{"start":0,"end":6,"url":null,"entity_id":"Q4456722","candidates":[]}],[{"start":0,"end":9,"url":null,"entity_id":"Q6985","candidates":[]}],[]],[[{"start":0,"end":31,"url":null,"entity_id":"Q3791965","candidates":[]}],[{"start":0,"end":9,"url":null,"entity_id":"Q6985","candidates":[]}],[]],[[{"start":0,"end":16,"url":null,"entity_id":"Q10878943","candidates":[]}],[{"start":0,"end":9,"url":null,"entity_id":"Q6985","candidates":[]}],[]]]}