{"version":"1.2","table":{"version":"2","table_id":"WHD4WSUM","columns":[{"index":0,"name":"col0","values":["Tropical Storm Chantal","Tropical Storm Bonnie","Tropical Storm Chris","Tropical Storm Beryl","Subtropical Storm Nicole","2006 Nova Scotia tropical storm","Tropical Storm Alberto","Tropical Storm Allison","Tropical Storm Alberto","Tropical Storm Tammy","Tropical Storm Beryl","Tropical Storm Gamma","Tropical Storm Cristobal","Tropical Storm Bertha","2005 Azores subtropical storm","Hurricane Diana","Tropical Storm Claudette","Tropical Storm Jerry","Hurricane Anita","Tropical Storm Erin"]},{"index":1,"name":"col1","values":["Atlantic hurricane","Atlantic hurricane","Atlantic hurricane","Atlantic hurricane","Atlantic hurricane","Atlantic hurricane","Atlantic hurricane","Atlantic hurricane","Atlantic hurricane","Atlantic hurricane","Atlantic hurricane","Atlantic hurricane","Atlantic hurricane","Atlantic hurricane","Atlantic hurricane","Atlantic hurricane","Atlantic hurricane","Atlantic hurricane","Atlantic hurricane","Atlantic hurricane"]},{"index":2,"name":"col2","values":["2001-08-14","2004-08-03","2000-08-17","2000-08-13","2004-10-10","2006-07-17","1988-08-05","1989-06-24","1994-06-30","2005-10-05","2012-05-25","2005-11-14","2002-08-05","2002-08-04","2005-10-04","1990-08-04","1979-07-16","2007-09-23","1977-08-29","2007-08-15"]},{"index":3,"name":"col3","values":["Atlantic Ocean","Atlantic Ocean","Atlantic Ocean","Atlantic Ocean","Atlantic Ocean","Atlantic Ocean","Atlantic Ocean","Atlantic Ocean","Atlantic Ocean","Atlantic Ocean","Atlantic Ocean","Atlantic Ocean","Atlantic Ocean","Atlantic Ocean","Atlantic Ocean","Atlantic Ocean","Atlantic Ocean","Atlantic Ocean","Atlantic Ocean","Atlantic Ocean"]}]},"context":{"page_title":null,"page_url":null,"page_entity_id":null,"content_hierarchy":[]},"links":[[[{"start":0,"end":21,"url":null,"entity_id":"Q3517876","candidates":[]}],[{"start":0,"end":18,"url":null,"entity_id":"Q2547976","candidates":[]}],[],[{"start":0,"end":14,"url":null,"entity_id":"Q97","candidates":[]}]],[[{"start":0,"end":20,"url":null,"entity_id":"Q3517875","candidates":[]}],[{"start":0,"end":18,"url":null,"entity_id":"Q2547976","candidates":[]}],[],[{"start":0,"end":14,"url":null,"entity_id":"Q97","candidates":[]}]],[[{"start":0,"end":20,"url":null,"entity_id":"Q3517872","candidates":[]}],[{"start":0,"end":18,"url":null,"entity_id":"Q2547976","candidates":[]}],[],[{"start":0,"end":14,"url":null,"entity_id":"Q97","candidates":[]}]],[[{"start":0,"end":24,"url":null,"entity_id":"Q3517866","candidates":[]}],[{"start":0,"end":18,"url":null,"entity_id":"Q2547976","candidates":[]}],[],[{"start":0,"end":14,"url":null,"entity_id":"Q97","candidates":[]}]],[[{"start":0,"end":31,"url":null,"entity_id":"Q3306275","candidates":[]}],[{"start":0,"end":18,"url":null,"entity_id":"Q2547976","candidates":[]}],[],[{"start":0,"end":14,"url":null,"entity_id":"Q97","candidates":[]}]],[[{"start":0,"end":22,"url":null,"entity_id":"Q3306096","candidates":[]}],[{"start":0,"end":18,"url":null,"entity_id":"Q2547976","candidates":[]}],[],[{"start":0,"end":14,"url":null,"entity_id":"Q97","candidates":[]}]],[[{"start":0,"end":22,"url":null,"entity_id":"Q3301480","candidates":[]}],[{"start":0,"end":18,"url":null,"entity_id":"Q2547976","candidates":[]}],[],[{"start":0,"end":14,"url":null,"entity_id":"Q97","candidates":[]}]],[[{"start":0,"end":22,"url":null,"entity_id":"Q3301360","candidates":[]}],[{"start":0,"end":18,"url":null,"entity_id":"Q2547976","candidates":[]}],[],[{"start":0,"end":14,"url":null,"entity_id":"Q97","candidates":[]}]],[[{"start":0,"end":20,"url":null,"entity_id":"Q3297092","candidates":[]}],[{"start":0,"end":18,"url":null,"entity_id":"Q2547976","candidates":[]}],[],[{"start":0,"end":14,"url":null,"entity_id":"Q97","candidates":[]}]],[[{"start":0,"end":20,"url":null,"entity_id":"Q3248477","candidates":[]}],[{"start":0,"end":18,"url":null,"entity_id":"Q2547976","candidates":[]}],[],[{"start":0,"end":14,"url":null,"entity_id":"Q97","candidates":[]}]],[[{"start":0,"end":20,"url":null,"entity_id":"Q3248221","candidates":[]}],[{"start":0,"end":18,"url":null,"entity_id":"Q2547976","candidates":[]}],[],[{"start":0,"end":14,"url":null,"entity_id":"Q97","candidates":[]}]],[[{"start":0,"end":24,"url":null,"entity_id":"Q3247139","candidates":[]}],[{"start":0,"end":18,"url":null,"entity_id":"Q2547976","candidates":[]}],[],[{"start":0,"end":14,"url":null,"entity_id":"Q97","candidates":[]}]],[[{"start":0,"end":21,"url":null,"entity_id":"Q3246888","candidates":[]}],[{"start":0,"end":18,"url":null,"entity_id":"Q2547976","candidates":[]}],[],[{"start":0,"end":14,"url":null,"entity_id":"Q97","candidates":[]}]],[[{"start":0,"end":29,"url":null,"entity_id":"Q3246639","candidates":[]}],[{"start":0,"end":18,"url":null,"entity_id":"Q2547976","candidates":[]}],[],[{"start":0,"end":14,"url":null,"entity_id":"Q97","candidates":[]}]],[[{"start":0,"end":15,"url":null,"entity_id":"Q3246566","candidates":[]}],[{"start":0,"end":18,"url":null,"entity_id":"Q2547976","candidates":[]}],[],[{"start":0,"end":14,"url":null,"entity_id":"Q97","candidates":[]}]],[[{"start":0,"end":24,"url":null,"entity_id":"Q3244657","candidates":[]}],[{"start":0,"end":18,"url":null,"entity_id":"Q2547976","candidates":[]}],[],[{"start":0,"end":14,"url":null,"entity_id":"Q97","candidates":[]}]],[[{"start":0,"end":20,"url":null,"entity_id":"Q3242910","candidates":[]}],[{"start":0,"end":18,"url":null,"entity_id":"Q2547976","candidates":[]}],[],[{"start":0,"end":14,"url":null,"entity_id":"Q97","candidates":[]}]],[[{"start":0,"end":15,"url":null,"entity_id":"Q3241883","candidates":[]}],[{"start":0,"end":18,"url":null,"entity_id":"Q2547976","candidates":[]}],[],[{"start":0,"end":14,"url":null,"entity_id":"Q97","candidates":[]}]],[[{"start":0,"end":19,"url":null,"entity_id":"Q3178434","candidates":[]}],[{"start":0,"end":18,"url":null,"entity_id":"Q2547976","candidates":[]}],[],[{"start":0,"end":14,"url":null,"entity_id":"Q97","candidates":[]}]],[[{"start":0,"end":22,"url":null,"entity_id":"Q3517877","candidates":[]}],[{"start":0,"end":18,"url":null,"entity_id":"Q2547976","candidates":[]}],[],[{"start":0,"end":14,"url":null,"entity_id":"Q97","candidates":[]}]]]}