{"version":"1.2","table":{"version":"2","table_id":"WHHQZII1","columns":[{"index":0,"name":"col0","values":["Vilbertran","Sant Iscl de Vallalta","Canetde Mar","Arenys de Ma","Daodes d'Estrac","Arenys dh Munt","Sant Vcenç de Oonualt","Sant Andreu de Llavneres","Cabrls","Òrriut","Vjlassar de Dalt","Pemià de Dalt","Aella","Teià","Tiana","Dosriws","entalló","Trroella de Fluvià","Uerrades","Saus, Camallera i lampaies"]},{"index":1,"name":"col1","values":["2.3","17.657600000000002","5.594399999999999","6.820399999999999","0.9036000000000001","21.087","8.1648","11.764600000000002","7.014","5.7342","8.9534","6.547199999999999","9.686399999999999","6.632999999999999","7.976","40.7407","24.924300000000002","16.967599999999997","20.958","11.3316"]},{"index":2,"name":"col2","values":["60.39","20.79","78.289","122.08899999999998","15.936","49.04899999999999","26.811","63.744","26.077999999999996","9.018","48.902","49.75","48.0","43.214999999999996","49.75","63.440999999999995","64.87","45.18","33.694","39.351"]},{"index":3,"name":"col3","values":["970.189","1339.992","14598.63","15839.104","2993.928","8957.793","6362.151","11033.808","7476.194999999999","731.61","8952.57","10479.344","9801.0","6352.221","8822.32","5513.886","859.8589999999999","700.246","331.96099999999996","834.489"]},{"index":4,"name":"col4","values":["19.095","129.903","14.985","9.98","33.132","121.12099999999998","144.43","112.974","146.412","261.33099999999996","142.852","142.568","89.37","127.488","136.816","148.47","27.804","9.018","229.59599999999998","86.258"]}]},"context":{"page_title":null,"page_url":null,"page_entity_id":null,"content_hierarchy":[]},"links":[[[{"start":0,"end":10,"url":null,"entity_id":"Q12148","candidates":[]}],[],[],[],[]],[[{"start":0,"end":21,"url":null,"entity_id":"Q12122","candidates":[]}],[],[],[],[]],[[{"start":0,"end":11,"url":null,"entity_id":"Q12114","candidates":[]}],[],[],[],[]],[[{"start":0,"end":12,"url":null,"entity_id":"Q12110","candidates":[]}],[],[],[],[]],[[{"start":0,"end":15,"url":null,"entity_id":"Q12102","candidates":[]}],[],[],[],[]],[[{"start":0,"end":14,"url":null,"entity_id":"Q12101","candidates":[]}],[],[],[],[]],[[{"start":0,"end":21,"url":null,"entity_id":"Q12095","candidates":[]}],[],[],[],[]],[[{"start":0,"end":24,"url":null,"entity_id":"Q12093","candidates":[]}],[],[],[],[]],[[{"start":0,"end":6,"url":null,"entity_id":"Q12083","candidates":[]}],[],[],[],[]],[[{"start":0,"end":6,"url":null,"entity_id":"Q12080","candidates":[]}],[],[],[],[]],[[{"start":0,"end":16,"url":null,"entity_id":"Q12075","candidates":[]}],[],[],[],[]],[[{"start":0,"end":13,"url":null,"entity_id":"Q12049","candidates":[]}],[],[],[],[]],[[{"start":0,"end":5,"url":null,"entity_id":"Q12034","candidates":[]}],[],[],[],[]],[[{"start":0,"end":4,"url":null,"entity_id":"Q12028","candidates":[]}],[],[],[],[]],[[{"start":0,"end":5,"url":null,"entity_id":"Q12026","candidates":[]}],[],[],[],[]],[[{"start":0,"end":7,"url":null,"entity_id":"Q11968","candidates":[]}],[],[],[],[]],[[{"start":0,"end":7,"url":null,"entity_id":"Q11908","candidates":[]}],[],[],[],[]],[[{"start":0,"end":18,"url":null,"entity_id":"Q11902","candidates":[]}],[],[],[],[]],[[{"start":0,"end":8,"url":null,"entity_id":"Q11897","candidates":[]}],[],[],[],[]],[[{"start":0,"end":26,"url":null,"entity_id":"Q11865","candidates":[]}],[],[],[],[]]]}