{"version":"1.2","table":{"version":"2","table_id":"WHJEJVHE","columns":[{"index":0,"name":"col0","values":["Burundi Premier League","Austrian Football Second League","USL Second Division","Algerian Ligue Professionnelle 1","Categoría Primera B","Girabola","Liberian Premier League","Campeonato Pernambucano","Chilean Second Division","Portuguese Second Division","Benin Premier League","Eerste Divisie","Campeonato Brasileiro Série B","Scottish Football League Second Division","Football League 2","Naisten Liiga","Montserrat Championship","Stoiximan.gr Football League","Liga Nacional de Fútbol Profesional de Honduras","NLA Premier League"]},{"index":1,"name":"col1","values":["16","10","6","16","16","16","10","12","11","48","14","20","20","10","61","10","5","14","10","12"]},{"index":2,"name":"col2","values":["1","1","1","1","1","1","1","1","1","1","1","1","1","1","1","1","1","1","1","1"]}]},"context":{"page_title":null,"page_url":null,"page_entity_id":null,"content_hierarchy":[]},"links":[[[{"start":0,"end":22,"url":null,"entity_id":"Q663736","candidates":[]}],[],[]],[[{"start":0,"end":31,"url":null,"entity_id":"Q650236","candidates":[]}],[],[]],[[{"start":0,"end":19,"url":null,"entity_id":"Q649026","candidates":[]}],[],[]],[[{"start":0,"end":32,"url":null,"entity_id":"Q647746","candidates":[]}],[],[]],[[{"start":0,"end":19,"url":null,"entity_id":"Q635198","candidates":[]}],[],[]],[[{"start":0,"end":8,"url":null,"entity_id":"Q630141","candidates":[]}],[],[]],[[{"start":0,"end":23,"url":null,"entity_id":"Q628797","candidates":[]}],[],[]],[[{"start":0,"end":23,"url":null,"entity_id":"Q628286","candidates":[]}],[],[]],[[{"start":0,"end":23,"url":null,"entity_id":"Q622060","candidates":[]}],[],[]],[[{"start":0,"end":26,"url":null,"entity_id":"Q618131","candidates":[]}],[],[]],[[{"start":0,"end":20,"url":null,"entity_id":"Q611955","candidates":[]}],[],[]],[[{"start":0,"end":14,"url":null,"entity_id":"Q610823","candidates":[]}],[],[]],[[{"start":0,"end":29,"url":null,"entity_id":"Q610175","candidates":[]}],[],[]],[[{"start":0,"end":40,"url":null,"entity_id":"Q1473324","candidates":[]}],[],[]],[[{"start":0,"end":17,"url":null,"entity_id":"Q1436035","candidates":[]}],[],[]],[[{"start":0,"end":13,"url":null,"entity_id":"Q1429268","candidates":[]}],[],[]],[[{"start":0,"end":23,"url":null,"entity_id":"Q1423762","candidates":[]}],[],[]],[[{"start":0,"end":28,"url":null,"entity_id":"Q1421208","candidates":[]}],[],[]],[[{"start":0,"end":47,"url":null,"entity_id":"Q1418739","candidates":[]}],[],[]],[[{"start":0,"end":18,"url":null,"entity_id":"Q1405103","candidates":[]}],[],[]]]}