{"version":"1.2","table":{"version":"2","table_id":"WIIAOYJP","columns":[{"index":0,"name":"col0","values":["en 4-2","C79 1-95","WRAY 18-","MC79 1-6","WTAY 18-74","KD 163896","C79 1-103","WRAY 180235","Hen -1","CG-34 3019","HF 150922","NQ up","2141 Cyg","HD 15101","S\"Herulis","DT Pisfium","CS 284","CS285","WUAY 18-7","CT 286"]},{"index":1,"name":"col1","values":["2970.0","3831.854","4540.499999999999","3808.602","3982.008","3788.6","3423.7999999999997","3600.0","3979.944","3933.27","3628.8","3395.601","3270.506","3607.2","4295.574","3558.644","3960.0","3818.9999999999995","4000.0","3603.528"]},{"index":2,"name":"col2","values":["10.1178","-23.09051","91.12580000000001","39.65049","52.68512","33.26951","-2.48992","-29.79648","79.74972","26.54","-25.85616","-1.3052000000000001","-10.59531","-20.37816","-9.97","6.73932","105.98112","78.39447999999999","93.65537999999998","37.672999999999995"]},{"index":3,"name":"col3","values":["-60.48508791818534","-74.24676303083434","-27.717323150625006","-48.6663268919472","-48.29142516816397","-30.565532704725445","-49.18490595517514","-68.33613316718755","-34.17018353371745","-35.18513007504543","-14.108315665499381","-11.613195383826069","45.23603037482475","-18.98383836825804","14.807399181570803","28.329867644339735","-21.728698853067804","-19.26498353589119","-31.089642194054","-22.207072072356095"]},{"index":4,"name":"col4","values":["3.0300000000000002","4.016","877.8299999999999","1.986","32.32","2.988","3.018","32.128","9.95","2.982","5.97","3.964","3.0269999999999997","5.97","2.004","6.861199999999999","31.936","3.0269999999999997","234.0","6.93"]},{"index":5,"name":"col5","values":["0.22839","0.19329309999999997","0.20280800000000002","0.229447","0.4210048","1.125801","0.4048947","0.1139124","0.2211568","0.5962957","1.5168","1.5799829999999997","1.9248426","2.7223366","2.0870125","3.5506649999999995","0.2882424","0.20862930000000002","0.1523416","0.5527302"]}]},"context":{"page_title":null,"page_url":null,"page_entity_id":null,"content_hierarchy":[]},"links":[[[{"start":0,"end":8,"url":null,"entity_id":"Q77585698","candidates":[]}],[],[],[],[],[]],[[{"start":0,"end":8,"url":null,"entity_id":"Q83684590","candidates":[]}],[],[],[],[],[]],[[{"start":0,"end":8,"url":null,"entity_id":"Q81666980","candidates":[]}],[],[],[],[],[]],[[{"start":0,"end":10,"url":null,"entity_id":"Q81666671","candidates":[]}],[],[],[],[],[]],[[{"start":0,"end":9,"url":null,"entity_id":"Q76065952","candidates":[]}],[],[],[],[],[]],[[{"start":0,"end":9,"url":null,"entity_id":"Q75739605","candidates":[]}],[],[],[],[],[]],[[{"start":0,"end":11,"url":null,"entity_id":"Q75264907","candidates":[]}],[],[],[],[],[]],[[{"start":0,"end":6,"url":null,"entity_id":"Q74972902","candidates":[]}],[],[],[],[],[]],[[{"start":0,"end":10,"url":null,"entity_id":"Q74969535","candidates":[]}],[],[],[],[],[]],[[{"start":0,"end":9,"url":null,"entity_id":"Q66630537","candidates":[]}],[],[],[],[],[]],[[{"start":0,"end":5,"url":null,"entity_id":"Q66630529","candidates":[]}],[],[],[],[],[]],[[{"start":0,"end":8,"url":null,"entity_id":"Q66532250","candidates":[]}],[],[],[],[],[]],[[{"start":0,"end":8,"url":null,"entity_id":"Q66531068","candidates":[]}],[],[],[],[],[]],[[{"start":0,"end":9,"url":null,"entity_id":"Q12775730","candidates":[]}],[],[],[],[],[]],[[{"start":0,"end":10,"url":null,"entity_id":"Q10850439","candidates":[]}],[],[],[],[],[]],[[{"start":0,"end":6,"url":null,"entity_id":"Q81423776","candidates":[]}],[],[],[],[],[]],[[{"start":0,"end":5,"url":null,"entity_id":"Q81423747","candidates":[]}],[],[],[],[],[]],[[{"start":0,"end":9,"url":null,"entity_id":"Q81418253","candidates":[]}],[],[],[],[],[]],[[{"start":0,"end":6,"url":null,"entity_id":"Q81414695","candidates":[]}],[],[],[],[],[]],[[{"start":0,"end":6,"url":null,"entity_id":"Q78713670","candidates":[]}],[],[],[],[],[]]]}