{"version":"1.2","table":{"version":"2","table_id":"WIK4NUEX","columns":[{"index":0,"name":"col0","values":["Dhalua Union","Dauatala Union","Toana Union, Pirojpur Sadar","Tungibaria Union","Tikikata Union, Mathbaria","Tabgi union","Jainkathi Union, Patuakhali Sadar","Jahanpur union","Jangalia Union","Jalla Union","Jalabari Union, Nesarabad","Jagdal Union","Chhota Bighai Union, Patuakhali Sadar","Chhota Baisdia Union, Galachipa","Chowra Union","Awrabunia Union","Chira Para Parsaturia Union, Kawkhali","Chandpasha Union","Charadi Union","Chanchra union"]},{"index":1,"name":"col1","values":["13314","10244","6541","10330","13301","16060","8913","10361","9986","12571","10038","15005","9786","10084","10648","8674","6612","12461","10162","6077"]},{"index":2,"name":"col2","values":["12386","10449","6284","9491","12284","15653","8601","10123","10438","11871","9573","14636","9844","9986","10154","8227","6813","11631","9071","6376"]}]},"context":{"page_title":null,"page_url":null,"page_entity_id":null,"content_hierarchy":[]},"links":[[[{"start":0,"end":14,"url":null,"entity_id":"Q13150857","candidates":[]}],[],[]],[[{"start":0,"end":27,"url":null,"entity_id":"Q13150840","candidates":[]}],[],[]],[[{"start":0,"end":16,"url":null,"entity_id":"Q13150828","candidates":[]}],[],[]],[[{"start":0,"end":25,"url":null,"entity_id":"Q13150823","candidates":[]}],[],[]],[[{"start":0,"end":11,"url":null,"entity_id":"Q13150816","candidates":[]}],[],[]],[[{"start":0,"end":33,"url":null,"entity_id":"Q13150796","candidates":[]}],[],[]],[[{"start":0,"end":14,"url":null,"entity_id":"Q13150743","candidates":[]}],[],[]],[[{"start":0,"end":14,"url":null,"entity_id":"Q13150716","candidates":[]}],[],[]],[[{"start":0,"end":11,"url":null,"entity_id":"Q13150713","candidates":[]}],[],[]],[[{"start":0,"end":25,"url":null,"entity_id":"Q13150712","candidates":[]}],[],[]],[[{"start":0,"end":12,"url":null,"entity_id":"Q13150691","candidates":[]}],[],[]],[[{"start":0,"end":37,"url":null,"entity_id":"Q13150682","candidates":[]}],[],[]],[[{"start":0,"end":31,"url":null,"entity_id":"Q13150681","candidates":[]}],[],[]],[[{"start":0,"end":12,"url":null,"entity_id":"Q13150667","candidates":[]}],[],[]],[[{"start":0,"end":15,"url":null,"entity_id":"Q13150640","candidates":[]}],[],[]],[[{"start":0,"end":37,"url":null,"entity_id":"Q13150611","candidates":[]}],[],[]],[[{"start":0,"end":16,"url":null,"entity_id":"Q13150579","candidates":[]}],[],[]],[[{"start":0,"end":13,"url":null,"entity_id":"Q13150575","candidates":[]}],[],[]],[[{"start":0,"end":14,"url":null,"entity_id":"Q13150573","candidates":[]}],[],[]],[[{"start":0,"end":12,"url":null,"entity_id":"Q13150866","candidates":[]}],[],[]]]}