{"version":"1.2","table":{"version":"2","table_id":"WIWKM6DL","columns":[{"index":0,"name":"col0","values":["ühberg","Waldttein","Scönramer Filz","Skeßloch","Sahel","Brunstube","Lhntal","Neugeschüttyörth","Waldhas","werchstück","Wildacke","Schönleitenmros","Waldkvgel","Fihtelseemoor","Weterholz","Murne Filz","Oberoblander Fil","Brucker ache","Rungutock","Iemmschuh"]},{"index":1,"name":"col1","values":["Kulmbach","Hof","Berchtesgadener Land","Regen district","Haßberge","Bamberg","Bamberg","Dillingen","Bamberg","Schweinfurt","Schweinfurt","Oberallgäu","Würzburg","Bayreuth","Landsberg","Rosenheim","Weilheim-Schongau","Erlangen","Erzgebirgskreis","Sächsische Schweiz-Osterzgebirge"]},{"index":2,"name":"col2","values":["Steinachtal mit Naturwaldreservat Kühberg","Naturwaldreservat Waldstein","Schönramer Moor","Riesloch","Naturwaldreservat Stachel","Naturwaldreservat Brunnstube","Naturwaldreservat Lohntal","Naturwaldreservat Neugeschüttwörth","Naturwaldreservat Waldhaus mit Feuchtbereich im Handthalgrund","Naturwaldreservat Zwerchstück","Naturwaldreservat Wildacker","Schönleitenmoos im Wierlinger Forst","Naturwaldreservat Waldkugel","Naturwaldreservat Fichtelseemoor","Westerholz","Murner Filz","Oberoblander Filz","Brucker Lache","Rungstock","Hemmschuh"]}]},"context":{"page_title":null,"page_url":null,"page_entity_id":null,"content_hierarchy":[]},"links":[[[{"start":0,"end":6,"url":null,"entity_id":"Q62531697","candidates":[]}],[{"start":0,"end":8,"url":null,"entity_id":"Q10436","candidates":[]}],[{"start":0,"end":41,"url":null,"entity_id":"Q60766104","candidates":[]}]],[[{"start":0,"end":9,"url":null,"entity_id":"Q62532241","candidates":[]}],[{"start":0,"end":3,"url":null,"entity_id":"Q10431","candidates":[]}],[{"start":0,"end":27,"url":null,"entity_id":"Q60765774","candidates":[]}]],[[{"start":0,"end":14,"url":null,"entity_id":"Q62531984","candidates":[]}],[{"start":0,"end":20,"url":null,"entity_id":"Q10530","candidates":[]}],[{"start":0,"end":15,"url":null,"entity_id":"Q59419558","candidates":[]}]],[[{"start":0,"end":8,"url":null,"entity_id":"Q62531799","candidates":[]}],[{"start":0,"end":14,"url":null,"entity_id":"Q10483","candidates":[]}],[{"start":0,"end":8,"url":null,"entity_id":"Q59393397","candidates":[]}]],[[{"start":0,"end":5,"url":null,"entity_id":"Q62532078","candidates":[]}],[{"start":0,"end":8,"url":null,"entity_id":"Q10462","candidates":[]}],[{"start":0,"end":25,"url":null,"entity_id":"Q59390379","candidates":[]}]],[[{"start":0,"end":9,"url":null,"entity_id":"Q62531105","candidates":[]}],[{"start":0,"end":7,"url":null,"entity_id":"Q10444","candidates":[]}],[{"start":0,"end":28,"url":null,"entity_id":"Q59390373","candidates":[]}]],[[{"start":0,"end":6,"url":null,"entity_id":"Q62531740","candidates":[]}],[{"start":0,"end":7,"url":null,"entity_id":"Q10444","candidates":[]}],[{"start":0,"end":25,"url":null,"entity_id":"Q59390359","candidates":[]}]],[[{"start":0,"end":16,"url":null,"entity_id":"Q62531778","candidates":[]}],[{"start":0,"end":9,"url":null,"entity_id":"Q10417","candidates":[]}],[{"start":0,"end":34,"url":null,"entity_id":"Q59389077","candidates":[]}]],[[{"start":0,"end":7,"url":null,"entity_id":"Q62532202","candidates":[]}],[{"start":0,"end":7,"url":null,"entity_id":"Q10444","candidates":[]}],[{"start":0,"end":61,"url":null,"entity_id":"Q56640904","candidates":[]}]],[[{"start":0,"end":10,"url":null,"entity_id":"Q62530906","candidates":[]}],[{"start":0,"end":11,"url":null,"entity_id":"Q10461","candidates":[]}],[{"start":0,"end":29,"url":null,"entity_id":"Q28492327","candidates":[]}]],[[{"start":0,"end":8,"url":null,"entity_id":"Q62530900","candidates":[]}],[{"start":0,"end":11,"url":null,"entity_id":"Q10461","candidates":[]}],[{"start":0,"end":27,"url":null,"entity_id":"Q28492305","candidates":[]}]],[[{"start":0,"end":15,"url":null,"entity_id":"Q62531908","candidates":[]}],[{"start":0,"end":10,"url":null,"entity_id":"Q10402","candidates":[]}],[{"start":0,"end":35,"url":null,"entity_id":"Q23038909","candidates":[]}]],[[{"start":0,"end":9,"url":null,"entity_id":"Q62530876","candidates":[]}],[{"start":0,"end":8,"url":null,"entity_id":"Q10458","candidates":[]}],[{"start":0,"end":27,"url":null,"entity_id":"Q19297110","candidates":[]}]],[[{"start":0,"end":13,"url":null,"entity_id":"Q62531355","candidates":[]}],[{"start":0,"end":8,"url":null,"entity_id":"Q10439","candidates":[]}],[{"start":0,"end":32,"url":null,"entity_id":"Q1479002","candidates":[]}]],[[{"start":0,"end":9,"url":null,"entity_id":"Q62532271","candidates":[]}],[{"start":0,"end":9,"url":null,"entity_id":"Q10507","candidates":[]}],[{"start":0,"end":10,"url":null,"entity_id":"Q60766457","candidates":[]}]],[[{"start":0,"end":10,"url":null,"entity_id":"Q62531754","candidates":[]}],[{"start":0,"end":9,"url":null,"entity_id":"Q10526","candidates":[]}],[{"start":0,"end":11,"url":null,"entity_id":"Q56447429","candidates":[]}]],[[{"start":0,"end":16,"url":null,"entity_id":"Q62530712","candidates":[]}],[{"start":0,"end":17,"url":null,"entity_id":"Q10516","candidates":[]}],[{"start":0,"end":17,"url":null,"entity_id":"Q56370261","candidates":[]}]],[[{"start":0,"end":12,"url":null,"entity_id":"Q62531052","candidates":[]}],[{"start":0,"end":8,"url":null,"entity_id":"Q3126","candidates":[]}],[{"start":0,"end":13,"url":null,"entity_id":"Q992091","candidates":[]}]],[[{"start":0,"end":9,"url":null,"entity_id":"Q62987355","candidates":[]}],[{"start":0,"end":15,"url":null,"entity_id":"Q6339","candidates":[]}],[{"start":0,"end":9,"url":null,"entity_id":"Q61469074","candidates":[]}]],[[{"start":0,"end":9,"url":null,"entity_id":"Q62987354","candidates":[]}],[{"start":0,"end":32,"url":null,"entity_id":"Q6323","candidates":[]}],[{"start":0,"end":9,"url":null,"entity_id":"Q60646874","candidates":[]}]]]}