{"version":"1.2","table":{"version":"2","table_id":"WJFUOKWI","columns":[{"index":0,"name":"col0","values":["Benchi Express","Hemisphere","Steigtind","Flyingcat 6","IMO 9134543","MS «Fjordlys»","HSC Atlantic Express","HSC Express 3","Red Jet 6","HSC KatExpress 2","Spirit of Kangaroo Island","Sealion 2000","Antonija","Kaiyo","HSC Our Lady Patricia","Express 1","Catalonia","HSC Algeciras Jet","HSC Condor Rapide","HSC Condor 10"]},{"index":1,"name":"col1","values":["283","499","539","466","467","251","2998","10842","360","10500","1329","800","310","3350","312","10504","5902","2273","5005","3240"]},{"index":2,"name":"col2","values":["26.16","145","45","40","40","28","74","109","41","112","50.37","49","31.7","62","29.62","112","92","60","86.62","74"]}]},"context":{"page_title":null,"page_url":null,"page_entity_id":null,"content_hierarchy":[]},"links":[[[{"start":0,"end":10,"url":null,"entity_id":"Q54957286","candidates":[]}],[],[]],[[{"start":0,"end":9,"url":null,"entity_id":"Q52354072","candidates":[]}],[],[]],[[{"start":0,"end":11,"url":null,"entity_id":"Q52345772","candidates":[]}],[],[]],[[{"start":0,"end":11,"url":null,"entity_id":"Q52344272","candidates":[]}],[],[]],[[{"start":0,"end":13,"url":null,"entity_id":"Q47011255","candidates":[]}],[],[]],[[{"start":0,"end":20,"url":null,"entity_id":"Q30324831","candidates":[]}],[],[]],[[{"start":0,"end":13,"url":null,"entity_id":"Q24067182","candidates":[]}],[],[]],[[{"start":0,"end":9,"url":null,"entity_id":"Q20642492","candidates":[]}],[],[]],[[{"start":0,"end":16,"url":null,"entity_id":"Q20642350","candidates":[]}],[],[]],[[{"start":0,"end":25,"url":null,"entity_id":"Q18392392","candidates":[]}],[],[]],[[{"start":0,"end":12,"url":null,"entity_id":"Q18356345","candidates":[]}],[],[]],[[{"start":0,"end":8,"url":null,"entity_id":"Q11987522","candidates":[]}],[],[]],[[{"start":0,"end":5,"url":null,"entity_id":"Q11263535","candidates":[]}],[],[]],[[{"start":0,"end":21,"url":null,"entity_id":"Q5635926","candidates":[]}],[],[]],[[{"start":0,"end":9,"url":null,"entity_id":"Q5635920","candidates":[]}],[],[]],[[{"start":0,"end":9,"url":null,"entity_id":"Q5635911","candidates":[]}],[],[]],[[{"start":0,"end":17,"url":null,"entity_id":"Q5479545","candidates":[]}],[],[]],[[{"start":0,"end":17,"url":null,"entity_id":"Q2992316","candidates":[]}],[],[]],[[{"start":0,"end":13,"url":null,"entity_id":"Q2662468","candidates":[]}],[],[]],[[{"start":0,"end":14,"url":null,"entity_id":"Q65064364","candidates":[]}],[],[]]]}