{"version":"1.2","table":{"version":"2","table_id":"WJSNIXTS","columns":[{"index":0,"name":"col0","values":["The Small Triumphal Car or the Burgundian Marriaie","The Marvyrdom of St Catherine","Schoolmster","Man paintini a portrait","Man drawing a lut","Samson Killing the Lipn","Cai Killing Abel","The Siege of afortress","artyrdom of St Sebastian","The Hermkts St Anthny and St Paul","Emperr Maximilian I","Herculs","The Knight and the Langsknecht","The Aoration of the Magi","Saint Jerooe in His Cell","Salnt Jerome in a Cave","Saint Jrome","Saint Merone","The Austsian aints","Saint Sebad in the Niche"]},{"index":1,"name":"col1","values":["Triumphal chariot","martyr","school teacher","artist","artist","Samson","Cain","siege","Saint Sebastian","Anthony the Great","Maximilian I","Heracles","knight","biblical Magi","Jerome","Jerome","Jerome","Jerome","saint","saint"]},{"index":2,"name":"col2","values":["1518/01/01","1497/01/01","1510/01/01","1500/01/01","1525/01/01","1498/01/01","1511/01/01","1527/01/01","1495/01/01","1500/01/01","1518/01/01","1496/01/01","1497/01/01","1511/01/01","1511/01/01","1512/01/01","1500/01/01","1492/01/01","1515/01/01","1518/01/01"]},{"index":3,"name":"col3","values":["German Renaissance","German Renaissance","German Renaissance","German Renaissance","German Renaissance","German Renaissance","German Renaissance","German Renaissance","German Renaissance","German Renaissance","German Renaissance","German Renaissance","German Renaissance","German Renaissance","German Renaissance","German Renaissance","German Renaissance","German Renaissance","German Renaissance","German Renaissance"]}]},"context":{"page_title":null,"page_url":null,"page_entity_id":null,"content_hierarchy":[]},"links":[[[{"start":0,"end":29,"url":null,"entity_id":"Q18339644","candidates":[]}],[{"start":0,"end":6,"url":null,"entity_id":"Q6498826","candidates":[]}],[],[{"start":0,"end":18,"url":null,"entity_id":"Q2455000","candidates":[]}]],[[{"start":0,"end":11,"url":null,"entity_id":"Q18339653","candidates":[]}],[{"start":0,"end":14,"url":null,"entity_id":"Q2251335","candidates":[]}],[],[{"start":0,"end":18,"url":null,"entity_id":"Q2455000","candidates":[]}]],[[{"start":0,"end":23,"url":null,"entity_id":"Q18339697","candidates":[]}],[{"start":0,"end":6,"url":null,"entity_id":"Q483501","candidates":[]}],[],[{"start":0,"end":18,"url":null,"entity_id":"Q2455000","candidates":[]}]],[[{"start":0,"end":17,"url":null,"entity_id":"Q18339687","candidates":[]}],[{"start":0,"end":6,"url":null,"entity_id":"Q483501","candidates":[]}],[],[{"start":0,"end":18,"url":null,"entity_id":"Q2455000","candidates":[]}]],[[{"start":0,"end":23,"url":null,"entity_id":"Q18339642","candidates":[]}],[{"start":0,"end":6,"url":null,"entity_id":"Q214648","candidates":[]}],[],[{"start":0,"end":18,"url":null,"entity_id":"Q2455000","candidates":[]}]],[[{"start":0,"end":16,"url":null,"entity_id":"Q18339669","candidates":[]}],[{"start":0,"end":4,"url":null,"entity_id":"Q205365","candidates":[]}],[],[{"start":0,"end":18,"url":null,"entity_id":"Q2455000","candidates":[]}]],[[{"start":0,"end":22,"url":null,"entity_id":"Q18339698","candidates":[]}],[{"start":0,"end":5,"url":null,"entity_id":"Q188055","candidates":[]}],[],[{"start":0,"end":18,"url":null,"entity_id":"Q2455000","candidates":[]}]],[[{"start":0,"end":24,"url":null,"entity_id":"Q18339641","candidates":[]}],[{"start":0,"end":15,"url":null,"entity_id":"Q183332","candidates":[]}],[],[{"start":0,"end":18,"url":null,"entity_id":"Q2455000","candidates":[]}]],[[{"start":0,"end":33,"url":null,"entity_id":"Q18339655","candidates":[]}],[{"start":0,"end":17,"url":null,"entity_id":"Q170547","candidates":[]}],[],[{"start":0,"end":18,"url":null,"entity_id":"Q2455000","candidates":[]}]],[[{"start":0,"end":19,"url":null,"entity_id":"Q18339676","candidates":[]}],[{"start":0,"end":12,"url":null,"entity_id":"Q150726","candidates":[]}],[],[{"start":0,"end":18,"url":null,"entity_id":"Q2455000","candidates":[]}]],[[{"start":0,"end":7,"url":null,"entity_id":"Q18339646","candidates":[]}],[{"start":0,"end":8,"url":null,"entity_id":"Q122248","candidates":[]}],[],[{"start":0,"end":18,"url":null,"entity_id":"Q2455000","candidates":[]}]],[[{"start":0,"end":30,"url":null,"entity_id":"Q18339643","candidates":[]}],[{"start":0,"end":6,"url":null,"entity_id":"Q102083","candidates":[]}],[],[{"start":0,"end":18,"url":null,"entity_id":"Q2455000","candidates":[]}]],[[{"start":0,"end":24,"url":null,"entity_id":"Q18339701","candidates":[]}],[{"start":0,"end":13,"url":null,"entity_id":"Q51671","candidates":[]}],[],[{"start":0,"end":18,"url":null,"entity_id":"Q2455000","candidates":[]}]],[[{"start":0,"end":24,"url":null,"entity_id":"Q18339715","candidates":[]}],[{"start":0,"end":6,"url":null,"entity_id":"Q44248","candidates":[]}],[],[{"start":0,"end":18,"url":null,"entity_id":"Q2455000","candidates":[]}]],[[{"start":0,"end":22,"url":null,"entity_id":"Q18339714","candidates":[]}],[{"start":0,"end":6,"url":null,"entity_id":"Q44248","candidates":[]}],[],[{"start":0,"end":18,"url":null,"entity_id":"Q2455000","candidates":[]}]],[[{"start":0,"end":11,"url":null,"entity_id":"Q18339699","candidates":[]}],[{"start":0,"end":6,"url":null,"entity_id":"Q44248","candidates":[]}],[],[{"start":0,"end":18,"url":null,"entity_id":"Q2455000","candidates":[]}]],[[{"start":0,"end":12,"url":null,"entity_id":"Q18339695","candidates":[]}],[{"start":0,"end":6,"url":null,"entity_id":"Q44248","candidates":[]}],[],[{"start":0,"end":18,"url":null,"entity_id":"Q2455000","candidates":[]}]],[[{"start":0,"end":18,"url":null,"entity_id":"Q18339671","candidates":[]}],[{"start":0,"end":5,"url":null,"entity_id":"Q43115","candidates":[]}],[],[{"start":0,"end":18,"url":null,"entity_id":"Q2455000","candidates":[]}]],[[{"start":0,"end":24,"url":null,"entity_id":"Q18339670","candidates":[]}],[{"start":0,"end":5,"url":null,"entity_id":"Q43115","candidates":[]}],[],[{"start":0,"end":18,"url":null,"entity_id":"Q2455000","candidates":[]}]],[[{"start":0,"end":50,"url":null,"entity_id":"Q18339673","candidates":[]}],[{"start":0,"end":17,"url":null,"entity_id":"Q18292672","candidates":[]}],[],[{"start":0,"end":18,"url":null,"entity_id":"Q2455000","candidates":[]}]]]}