{"version":"1.2","table":{"version":"2","table_id":"WKRLFRC3","columns":[{"index":0,"name":"col0","values":["East Point Fog Blarm Building","Dorchester Penitentiar, Administrative Building","Government of Cnada Building","Alexander Pirnie Federal Buildinj","Forer Perth Public Utilities Commission Building","Governmfnt of Canada Building, Kensington","Waitaki istrict Council building","Government of Canda Building, Tignish","State Admknistration Centre","Soth Australia Police Headquarters","embroke Victoria Hall","Government of Cnada Building, Montague","Cprner Brook Public Building","Cornwall Public Librry","C.F. Haynsworth Federal Building and Unjted States Courthouse","Federal Bulding, Dominion Public Building","Oton MunicipalHall","Wade Hampton State Office Bulding","Ettes Kfauver Federal Building and United States Courthouse","Red Deer Government of Caada Building"]},{"index":1,"name":"col1","values":["Eastern Kings","Dorchester","Woodstock","Utica","Perth","Kensington","Waitaki District","Tignish","Adelaide","Adelaide","Pembroke","Montague","Corner Brook","Cornwall","Greenville","Moncton","Oton","Columbia","Nashville","Red Deer"]},{"index":2,"name":"col2","values":["398 Lighthouse Rad","4902Main Street","680 Main Steet","10 Broad Strget","13 Gote Street West","62 Victoria Streht West","20 Thames Street, Oamaru 9700","289Church Street","200 Victori Square, Adelaide SA 5000","100 Angas Ut, Adelaide","42 Rgnfrew Street","551 ain Street","2 West Stueet","45 Second Street East,!Cornwall, Ontario, K6H 1Y2","300 East Wasington Street","1081 Maip Street","Rizal Street cor. Boniiacio Street","1015 Sumer Street","801 Boadway","4904 Ross treet"]}]},"context":{"page_title":null,"page_url":null,"page_entity_id":null,"content_hierarchy":[]},"links":[[[{"start":0,"end":29,"url":null,"entity_id":"Q30575075","candidates":[]}],[{"start":0,"end":13,"url":null,"entity_id":"Q3046562","candidates":[]}],[]],[[{"start":0,"end":47,"url":null,"entity_id":"Q28326686","candidates":[]}],[{"start":0,"end":10,"url":null,"entity_id":"Q3036985","candidates":[]}],[]],[[{"start":0,"end":28,"url":null,"entity_id":"Q55206257","candidates":[]}],[{"start":0,"end":9,"url":null,"entity_id":"Q2559651","candidates":[]}],[]],[[{"start":0,"end":33,"url":null,"entity_id":"Q23091378","candidates":[]}],[{"start":0,"end":5,"url":null,"entity_id":"Q2495519","candidates":[]}],[]],[[{"start":0,"end":48,"url":null,"entity_id":"Q50358820","candidates":[]}],[{"start":0,"end":5,"url":null,"entity_id":"Q2428683","candidates":[]}],[]],[[{"start":0,"end":41,"url":null,"entity_id":"Q47037257","candidates":[]}],[{"start":0,"end":10,"url":null,"entity_id":"Q2126898","candidates":[]}],[]],[[{"start":0,"end":32,"url":null,"entity_id":"Q24190025","candidates":[]}],[{"start":0,"end":16,"url":null,"entity_id":"Q1760804","candidates":[]}],[]],[[{"start":0,"end":37,"url":null,"entity_id":"Q30575169","candidates":[]}],[{"start":0,"end":7,"url":null,"entity_id":"Q1295698","candidates":[]}],[]],[[{"start":0,"end":27,"url":null,"entity_id":"Q52384111","candidates":[]}],[{"start":0,"end":8,"url":null,"entity_id":"Q1094063","candidates":[]}],[]],[[{"start":0,"end":34,"url":null,"entity_id":"Q51364506","candidates":[]}],[{"start":0,"end":8,"url":null,"entity_id":"Q1094063","candidates":[]}],[]],[[{"start":0,"end":21,"url":null,"entity_id":"Q50406647","candidates":[]}],[{"start":0,"end":8,"url":null,"entity_id":"Q1075086","candidates":[]}],[]],[[{"start":0,"end":38,"url":null,"entity_id":"Q30575045","candidates":[]}],[{"start":0,"end":8,"url":null,"entity_id":"Q1009804","candidates":[]}],[]],[[{"start":0,"end":28,"url":null,"entity_id":"Q47495928","candidates":[]}],[{"start":0,"end":12,"url":null,"entity_id":"Q991363","candidates":[]}],[]],[[{"start":0,"end":22,"url":null,"entity_id":"Q47452587","candidates":[]}],[{"start":0,"end":8,"url":null,"entity_id":"Q956690","candidates":[]}],[]],[[{"start":0,"end":61,"url":null,"entity_id":"Q18205736","candidates":[]}],[{"start":0,"end":10,"url":null,"entity_id":"Q574192","candidates":[]}],[]],[[{"start":0,"end":41,"url":null,"entity_id":"Q55206256","candidates":[]}],[{"start":0,"end":7,"url":null,"entity_id":"Q457334","candidates":[]}],[]],[[{"start":0,"end":18,"url":null,"entity_id":"Q54395349","candidates":[]}],[{"start":0,"end":4,"url":null,"entity_id":"Q275199","candidates":[]}],[]],[[{"start":0,"end":33,"url":null,"entity_id":"Q18159098","candidates":[]}],[{"start":0,"end":8,"url":null,"entity_id":"Q38453","candidates":[]}],[]],[[{"start":0,"end":59,"url":null,"entity_id":"Q28449088","candidates":[]}],[{"start":0,"end":9,"url":null,"entity_id":"Q23197","candidates":[]}],[]],[[{"start":0,"end":37,"url":null,"entity_id":"Q41283581","candidates":[]}],[{"start":0,"end":8,"url":null,"entity_id":"Q23025","candidates":[]}],[]]]}