{"version":"1.2","table":{"version":"2","table_id":"WLNDVAE2","columns":[{"index":0,"name":"col0","values":["Avet de la Baga d'en Solona","Veltrubská lípc","Husova\"lípa","Valdštejnův#ub (Okrouhlá)","Hrušeň pod borou","Hroznatova!lípa","Františkánsý tis","ojtěchův dub","Husitská lípa na Osuaši","Dvořákůw platan","Grect maple (Věstoňovice)","Lípau Vítova","Pajkrv dub","Ořešák v Kvasicífh","Mladějovická líp","Luáčkova lípa","Lípa v Lkpce","Lía u Machova Mlýna","Světlá pod Ještědem - lípa Karolin Světlé","Jknan v Lužánkách"]},{"index":1,"name":"col1","values":["1.004","320.712","966.81","661.0","282.58","910.9099999999999","240.57","666.656","462.29999999999995","473.41599999999994","820.7049999999999","564.3","554.4","614.666","906.81","597.6","806.0099999999999","725.04","410.82","363.08599999999996"]},{"index":2,"name":"col2","values":["Spain","Czech Republic","Czech Republic","Czech Republic","Czech Republic","Czech Republic","Czech Republic","Czech Republic","Czech Republic","Czech Republic","Czech Republic","Czech Republic","Czech Republic","Czech Republic","Czech Republic","Czech Republic","Czech Republic","Czech Republic","Czech Republic","Czech Republic"]},{"index":3,"name":"col3","values":["Guixers","Veltruby","Kratušín","Okrouhlá","Rosice","Teplá","New Town","Skřivany","Žďár nad Metují","Karlovy Vary","Horní Vilémovice","Žižice","Telecí","Kvasice","Mladějovice","Březiny","Horní Bradlo","Šumavské Hoštice","Světlá pod Ještědem","Brno-střed"]}]},"context":{"page_title":null,"page_url":null,"page_entity_id":null,"content_hierarchy":[]},"links":[[[{"start":0,"end":15,"url":null,"entity_id":"Q11879167","candidates":[]}],[],[{"start":0,"end":14,"url":null,"entity_id":"Q213","candidates":[]}],[{"start":0,"end":8,"url":null,"entity_id":"Q1880624","candidates":[]}]],[[{"start":0,"end":11,"url":null,"entity_id":"Q12020971","candidates":[]}],[],[{"start":0,"end":14,"url":null,"entity_id":"Q213","candidates":[]}],[{"start":0,"end":8,"url":null,"entity_id":"Q1786829","candidates":[]}]],[[{"start":0,"end":25,"url":null,"entity_id":"Q11871909","candidates":[]}],[],[{"start":0,"end":14,"url":null,"entity_id":"Q213","candidates":[]}],[{"start":0,"end":8,"url":null,"entity_id":"Q1194450","candidates":[]}]],[[{"start":0,"end":16,"url":null,"entity_id":"Q12020783","candidates":[]}],[],[{"start":0,"end":14,"url":null,"entity_id":"Q213","candidates":[]}],[{"start":0,"end":6,"url":null,"entity_id":"Q1025213","candidates":[]}]],[[{"start":0,"end":15,"url":null,"entity_id":"Q12020753","candidates":[]}],[],[{"start":0,"end":14,"url":null,"entity_id":"Q213","candidates":[]}],[{"start":0,"end":5,"url":null,"entity_id":"Q1001600","candidates":[]}]],[[{"start":0,"end":16,"url":null,"entity_id":"Q12017762","candidates":[]}],[],[{"start":0,"end":14,"url":null,"entity_id":"Q213","candidates":[]}],[{"start":0,"end":8,"url":null,"entity_id":"Q753219","candidates":[]}]],[[{"start":0,"end":12,"url":null,"entity_id":"Q11927285","candidates":[]}],[],[{"start":0,"end":14,"url":null,"entity_id":"Q213","candidates":[]}],[{"start":0,"end":8,"url":null,"entity_id":"Q542448","candidates":[]}]],[[{"start":0,"end":23,"url":null,"entity_id":"Q12020960","candidates":[]}],[],[{"start":0,"end":14,"url":null,"entity_id":"Q213","candidates":[]}],[{"start":0,"end":15,"url":null,"entity_id":"Q394430","candidates":[]}]],[[{"start":0,"end":15,"url":null,"entity_id":"Q11836940","candidates":[]}],[],[{"start":0,"end":14,"url":null,"entity_id":"Q213","candidates":[]}],[{"start":0,"end":12,"url":null,"entity_id":"Q384544","candidates":[]}]],[[{"start":0,"end":25,"url":null,"entity_id":"Q11879074","candidates":[]}],[],[{"start":0,"end":14,"url":null,"entity_id":"Q213","candidates":[]}],[{"start":0,"end":16,"url":null,"entity_id":"Q209656","candidates":[]}]],[[{"start":0,"end":12,"url":null,"entity_id":"Q12034674","candidates":[]}],[],[{"start":0,"end":14,"url":null,"entity_id":"Q213","candidates":[]}],[{"start":0,"end":6,"url":null,"entity_id":"Q2704415","candidates":[]}]],[[{"start":0,"end":10,"url":null,"entity_id":"Q12043519","candidates":[]}],[],[{"start":0,"end":14,"url":null,"entity_id":"Q213","candidates":[]}],[{"start":0,"end":6,"url":null,"entity_id":"Q2003425","candidates":[]}]],[[{"start":0,"end":18,"url":null,"entity_id":"Q12043432","candidates":[]}],[],[{"start":0,"end":14,"url":null,"entity_id":"Q213","candidates":[]}],[{"start":0,"end":7,"url":null,"entity_id":"Q1794830","candidates":[]}]],[[{"start":0,"end":16,"url":null,"entity_id":"Q12038313","candidates":[]}],[],[{"start":0,"end":14,"url":null,"entity_id":"Q213","candidates":[]}],[{"start":0,"end":11,"url":null,"entity_id":"Q1782138","candidates":[]}]],[[{"start":0,"end":13,"url":null,"entity_id":"Q12034468","candidates":[]}],[],[{"start":0,"end":14,"url":null,"entity_id":"Q213","candidates":[]}],[{"start":0,"end":7,"url":null,"entity_id":"Q1022165","candidates":[]}]],[[{"start":0,"end":12,"url":null,"entity_id":"Q12034696","candidates":[]}],[],[{"start":0,"end":14,"url":null,"entity_id":"Q213","candidates":[]}],[{"start":0,"end":12,"url":null,"entity_id":"Q921407","candidates":[]}]],[[{"start":0,"end":19,"url":null,"entity_id":"Q12034664","candidates":[]}],[],[{"start":0,"end":14,"url":null,"entity_id":"Q213","candidates":[]}],[{"start":0,"end":16,"url":null,"entity_id":"Q392669","candidates":[]}]],[[{"start":0,"end":41,"url":null,"entity_id":"Q12034629","candidates":[]}],[],[{"start":0,"end":14,"url":null,"entity_id":"Q213","candidates":[]}],[{"start":0,"end":19,"url":null,"entity_id":"Q284601","candidates":[]}]],[[{"start":0,"end":17,"url":null,"entity_id":"Q12024759","candidates":[]}],[],[{"start":0,"end":14,"url":null,"entity_id":"Q213","candidates":[]}],[{"start":0,"end":10,"url":null,"entity_id":"Q2925830","candidates":[]}]],[[{"start":0,"end":27,"url":null,"entity_id":"Q11907382","candidates":[]}],[],[{"start":0,"end":5,"url":null,"entity_id":"Q29","candidates":[]}],[{"start":0,"end":7,"url":null,"entity_id":"Q1905661","candidates":[]}]]]}