{"version":"1.2","table":{"version":"2","table_id":"WLZC7SHN","columns":[{"index":0,"name":"col0","values":["Alma Media","Prinzhorn Group","Deutsche Bahn","Junker Group","Müller","Commerzbank","Gresvig","Rieber & Søn","Hardanger Sunnhordlandske Dampskipsselskap","Polaris Media","Lyse Energi","Grenke AG","Orthomol","Bertelsmann","Norma","thyssenkrupp AG","ALDI Nord","UkrOboronProm","Georg von Giesche's Erben","Radeberger Group"]},{"index":1,"name":"col1","values":["julkinen osakeyhtiö","Gesellschaft mit beschränkter Haftung","Aktiengesellschaft","GmbH","Kommanditgesellschaft (Germany)","Aktiengesellschaft","aksjeselskap","aksjeselskap","aksjeselskap","allmennaksjeselskap","aksjeselskap","Aktiengesellschaft","GmbH","Kommanditgesellschaft auf Aktien","Stiftung","Aktiengesellschaft","S.A.","státní podnik","company","Kommanditgesellschaft (Germany)"]},{"index":2,"name":"col2","values":["Kluuvi","Wien","BahnTower","Nordrach","Fischach","Commerzbank Tower","Askim","Bergen","Bergen","Trondheim","Stavanger","Baden-Baden","Langenfeld","Gütersloh","Fürth","Essen","Essen","Kyiv","Wrocław","Frankfurt am Main"]}]},"context":{"page_title":null,"page_url":null,"page_entity_id":null,"content_hierarchy":[]},"links":[[[{"start":0,"end":15,"url":null,"entity_id":"Q67214226","candidates":[]}],[{"start":0,"end":37,"url":null,"entity_id":"Q1518609","candidates":[]}],[{"start":0,"end":4,"url":null,"entity_id":"Q702289","candidates":[]}]],[[{"start":0,"end":13,"url":null,"entity_id":"Q9322","candidates":[]}],[{"start":0,"end":18,"url":null,"entity_id":"Q422062","candidates":[]}],[{"start":0,"end":9,"url":null,"entity_id":"Q643536","candidates":[]}]],[[{"start":0,"end":12,"url":null,"entity_id":"Q61174676","candidates":[]}],[{"start":0,"end":4,"url":null,"entity_id":"Q460178","candidates":[]}],[{"start":0,"end":8,"url":null,"entity_id":"Q533652","candidates":[]}]],[[{"start":0,"end":6,"url":null,"entity_id":"Q884605","candidates":[]}],[{"start":0,"end":31,"url":null,"entity_id":"Q1780029","candidates":[]}],[{"start":0,"end":8,"url":null,"entity_id":"Q504062","candidates":[]}]],[[{"start":0,"end":11,"url":null,"entity_id":"Q157617","candidates":[]}],[{"start":0,"end":18,"url":null,"entity_id":"Q422062","candidates":[]}],[{"start":0,"end":17,"url":null,"entity_id":"Q151765","candidates":[]}]],[[{"start":0,"end":7,"url":null,"entity_id":"Q11972588","candidates":[]}],[{"start":0,"end":12,"url":null,"entity_id":"Q15042660","candidates":[]}],[{"start":0,"end":5,"url":null,"entity_id":"Q109469","candidates":[]}]],[[{"start":0,"end":12,"url":null,"entity_id":"Q7333065","candidates":[]}],[{"start":0,"end":12,"url":null,"entity_id":"Q15042660","candidates":[]}],[{"start":0,"end":6,"url":null,"entity_id":"Q26793","candidates":[]}]],[[{"start":0,"end":42,"url":null,"entity_id":"Q1772879","candidates":[]}],[{"start":0,"end":12,"url":null,"entity_id":"Q15042660","candidates":[]}],[{"start":0,"end":6,"url":null,"entity_id":"Q26793","candidates":[]}]],[[{"start":0,"end":13,"url":null,"entity_id":"Q9014504","candidates":[]}],[{"start":0,"end":19,"url":null,"entity_id":"Q14942889","candidates":[]}],[{"start":0,"end":9,"url":null,"entity_id":"Q25804","candidates":[]}]],[[{"start":0,"end":11,"url":null,"entity_id":"Q4584147","candidates":[]}],[{"start":0,"end":12,"url":null,"entity_id":"Q15042660","candidates":[]}],[{"start":0,"end":9,"url":null,"entity_id":"Q25416","candidates":[]}]],[[{"start":0,"end":9,"url":null,"entity_id":"Q1545677","candidates":[]}],[{"start":0,"end":18,"url":null,"entity_id":"Q422062","candidates":[]}],[{"start":0,"end":11,"url":null,"entity_id":"Q4100","candidates":[]}]],[[{"start":0,"end":8,"url":null,"entity_id":"Q59663093","candidates":[]}],[{"start":0,"end":4,"url":null,"entity_id":"Q460178","candidates":[]}],[{"start":0,"end":10,"url":null,"entity_id":"Q4048","candidates":[]}]],[[{"start":0,"end":11,"url":null,"entity_id":"Q156913","candidates":[]}],[{"start":0,"end":32,"url":null,"entity_id":"Q19823288","candidates":[]}],[{"start":0,"end":9,"url":null,"entity_id":"Q3771","candidates":[]}]],[[{"start":0,"end":5,"url":null,"entity_id":"Q450180","candidates":[]}],[{"start":0,"end":8,"url":null,"entity_id":"Q18631225","candidates":[]}],[{"start":0,"end":5,"url":null,"entity_id":"Q3075","candidates":[]}]],[[{"start":0,"end":15,"url":null,"entity_id":"Q137910","candidates":[]}],[{"start":0,"end":18,"url":null,"entity_id":"Q422062","candidates":[]}],[{"start":0,"end":5,"url":null,"entity_id":"Q2066","candidates":[]}]],[[{"start":0,"end":9,"url":null,"entity_id":"Q41171373","candidates":[]}],[{"start":0,"end":4,"url":null,"entity_id":"Q166280","candidates":[]}],[{"start":0,"end":5,"url":null,"entity_id":"Q2066","candidates":[]}]],[[{"start":0,"end":13,"url":null,"entity_id":"Q3739421","candidates":[]}],[{"start":0,"end":13,"url":null,"entity_id":"Q16917889","candidates":[]}],[{"start":0,"end":4,"url":null,"entity_id":"Q1899","candidates":[]}]],[[{"start":0,"end":25,"url":null,"entity_id":"Q1230995","candidates":[]}],[{"start":0,"end":7,"url":null,"entity_id":"Q783794","candidates":[]}],[{"start":0,"end":7,"url":null,"entity_id":"Q1799","candidates":[]}]],[[{"start":0,"end":16,"url":null,"entity_id":"Q2125485","candidates":[]}],[{"start":0,"end":31,"url":null,"entity_id":"Q1780029","candidates":[]}],[{"start":0,"end":17,"url":null,"entity_id":"Q1794","candidates":[]}]],[[{"start":0,"end":10,"url":null,"entity_id":"Q1053610","candidates":[]}],[{"start":0,"end":19,"url":null,"entity_id":"Q30056758","candidates":[]}],[{"start":0,"end":6,"url":null,"entity_id":"Q1393571","candidates":[]}]]]}