{"version":"1.2","table":{"version":"2","table_id":"WM49JFME","columns":[{"index":0,"name":"col0","values":["Magstadt station","Maichingen station","Renningen Süd station","Leipzig Essener Straße station","Grub (Oberbay) station","Poing station","Heimstetten station","Harras","Otterfing station","Sauerlach station","Munich Airport Besucherpark station","Furth (bei Deisenhofen) station","Peiß station","Großhelfendorf station","Höhenkirchen-Siegertsbrunn station","Halle-Nietleben station","Halle Zscherbener Straße station","Machern (Sachs) station","Kleinberghofen station","Erdweg station"]},{"index":1,"name":"col1","values":["Rankbach Railway","Rankbach Railway","Rankbach Railway","Trebnitz–Leipzig railway","Munich–Simbach railway","Munich–Simbach railway","Munich–Simbach railway","Munich–Holzkirchen railway","Munich–Holzkirchen railway","Munich–Holzkirchen railway","Munich East–Munich Airport railway","Munich East–Deisenhofen railway","Munich-Giesing–Kreuzstraße railway","Munich-Giesing–Kreuzstraße railway","Munich-Giesing–Kreuzstraße railway","Merseburg–Halle-Nietleben railway","Merseburg–Halle-Nietleben railway","Leipzig–Dresden railway","Dachau–Altomünster railway","Dachau–Altomünster railway"]},{"index":2,"name":"col2","values":["no","no","no","no","no","no","no","no","no","no","no","no","no","no","no","no","no","no","no","no"]}]},"context":{"page_title":null,"page_url":null,"page_entity_id":null,"content_hierarchy":[]},"links":[[[{"start":0,"end":18,"url":null,"entity_id":"Q64485024","candidates":[]}],[{"start":0,"end":16,"url":null,"entity_id":"Q2131041","candidates":[]}],[{"start":0,"end":2,"url":null,"entity_id":"Q1814990","candidates":[]}]],[[{"start":0,"end":21,"url":null,"entity_id":"Q64484522","candidates":[]}],[{"start":0,"end":16,"url":null,"entity_id":"Q2131041","candidates":[]}],[{"start":0,"end":2,"url":null,"entity_id":"Q1814990","candidates":[]}]],[[{"start":0,"end":30,"url":null,"entity_id":"Q63539469","candidates":[]}],[{"start":0,"end":24,"url":null,"entity_id":"Q803336","candidates":[]}],[{"start":0,"end":2,"url":null,"entity_id":"Q1814990","candidates":[]}]],[[{"start":0,"end":22,"url":null,"entity_id":"Q79329410","candidates":[]}],[{"start":0,"end":22,"url":null,"entity_id":"Q802818","candidates":[]}],[{"start":0,"end":2,"url":null,"entity_id":"Q1814990","candidates":[]}]],[[{"start":0,"end":13,"url":null,"entity_id":"Q79329363","candidates":[]}],[{"start":0,"end":22,"url":null,"entity_id":"Q802818","candidates":[]}],[{"start":0,"end":2,"url":null,"entity_id":"Q1814990","candidates":[]}]],[[{"start":0,"end":19,"url":null,"entity_id":"Q79323898","candidates":[]}],[{"start":0,"end":22,"url":null,"entity_id":"Q802818","candidates":[]}],[{"start":0,"end":2,"url":null,"entity_id":"Q1814990","candidates":[]}]],[[{"start":0,"end":6,"url":null,"entity_id":"Q84920681","candidates":[]}],[{"start":0,"end":26,"url":null,"entity_id":"Q802817","candidates":[]}],[{"start":0,"end":2,"url":null,"entity_id":"Q1814990","candidates":[]}]],[[{"start":0,"end":17,"url":null,"entity_id":"Q63731396","candidates":[]}],[{"start":0,"end":26,"url":null,"entity_id":"Q802817","candidates":[]}],[{"start":0,"end":2,"url":null,"entity_id":"Q1814990","candidates":[]}]],[[{"start":0,"end":17,"url":null,"entity_id":"Q61415323","candidates":[]}],[{"start":0,"end":26,"url":null,"entity_id":"Q802817","candidates":[]}],[{"start":0,"end":2,"url":null,"entity_id":"Q1814990","candidates":[]}]],[[{"start":0,"end":35,"url":null,"entity_id":"Q52185253","candidates":[]}],[{"start":0,"end":34,"url":null,"entity_id":"Q802816","candidates":[]}],[{"start":0,"end":2,"url":null,"entity_id":"Q1814990","candidates":[]}]],[[{"start":0,"end":31,"url":null,"entity_id":"Q61602966","candidates":[]}],[{"start":0,"end":31,"url":null,"entity_id":"Q802814","candidates":[]}],[{"start":0,"end":2,"url":null,"entity_id":"Q1814990","candidates":[]}]],[[{"start":0,"end":12,"url":null,"entity_id":"Q63724016","candidates":[]}],[{"start":0,"end":34,"url":null,"entity_id":"Q802812","candidates":[]}],[{"start":0,"end":2,"url":null,"entity_id":"Q1814990","candidates":[]}]],[[{"start":0,"end":22,"url":null,"entity_id":"Q63719361","candidates":[]}],[{"start":0,"end":34,"url":null,"entity_id":"Q802812","candidates":[]}],[{"start":0,"end":2,"url":null,"entity_id":"Q1814990","candidates":[]}]],[[{"start":0,"end":34,"url":null,"entity_id":"Q61439107","candidates":[]}],[{"start":0,"end":34,"url":null,"entity_id":"Q802812","candidates":[]}],[{"start":0,"end":2,"url":null,"entity_id":"Q1814990","candidates":[]}]],[[{"start":0,"end":23,"url":null,"entity_id":"Q64019742","candidates":[]}],[{"start":0,"end":33,"url":null,"entity_id":"Q802756","candidates":[]}],[{"start":0,"end":2,"url":null,"entity_id":"Q1814990","candidates":[]}]],[[{"start":0,"end":32,"url":null,"entity_id":"Q64019676","candidates":[]}],[{"start":0,"end":33,"url":null,"entity_id":"Q802756","candidates":[]}],[{"start":0,"end":2,"url":null,"entity_id":"Q1814990","candidates":[]}]],[[{"start":0,"end":23,"url":null,"entity_id":"Q64735067","candidates":[]}],[{"start":0,"end":23,"url":null,"entity_id":"Q802639","candidates":[]}],[{"start":0,"end":2,"url":null,"entity_id":"Q1814990","candidates":[]}]],[[{"start":0,"end":22,"url":null,"entity_id":"Q58814826","candidates":[]}],[{"start":0,"end":26,"url":null,"entity_id":"Q802141","candidates":[]}],[{"start":0,"end":2,"url":null,"entity_id":"Q1814990","candidates":[]}]],[[{"start":0,"end":14,"url":null,"entity_id":"Q58814824","candidates":[]}],[{"start":0,"end":26,"url":null,"entity_id":"Q802141","candidates":[]}],[{"start":0,"end":2,"url":null,"entity_id":"Q1814990","candidates":[]}]],[[{"start":0,"end":16,"url":null,"entity_id":"Q64485040","candidates":[]}],[{"start":0,"end":16,"url":null,"entity_id":"Q2131041","candidates":[]}],[{"start":0,"end":2,"url":null,"entity_id":"Q1814990","candidates":[]}]]]}