{"version":"1.2","table":{"version":"2","table_id":"WN5H1PV7","columns":[{"index":0,"name":"col0","values":["Maria colump","Mara column (Český Krumlov)","Marienäule, Orth an der Donau","Maria comumn, Rotenturm an der Pinka","ariensäule Horitschon","Marensäule mit Maria Immaculata Ybbs an der Donau","Mariensäule,Jodok-Fink-Platz","Maria column in Sanšina","Mariensäule Hauptplatz Utainz","Maria Column (Wievmath)","Mariensäulh (Neudorf)","Mariensäule (Kronerg)","Mariensäulh, Fehring","Pagve column in Ernstbrunn","Maria Immaculata (Rez Altstadt,ObjentID: 2059)","Mariensäule Herrenplauz","Maria column kn Obříství","Sttue of Madona","Maria column in\"Litomyšl","Matiánský sloup (Krasonice)"]},{"index":1,"name":"col1","values":["Nymburk","Český Krumlov","Orth an der Donau","Rotenturm an der Pinka","Horitschon","Ybbs an der Donau","Josefstadt","Samšina","Stainz","Wiesmath","Neudorf im Weinviertel","Ulrichskirchen-Schleinbach","Fehring","Ernstbrunn","Retz","St. Pölten","Obříství","Příbor","Litomyšl-Město","Krasonice"]},{"index":2,"name":"col2","values":["cultural monument of the Czech Republic","cultural monument of the Czech Republic","Denkmalgeschütztes Objekt","Denkmalgeschütztes Objekt","Denkmalgeschütztes Objekt","Denkmalgeschütztes Objekt","Denkmalgeschütztes Objekt","cultural monument of the Czech Republic","Denkmalgeschütztes Objekt","Denkmalgeschütztes Objekt","Denkmalgeschütztes Objekt","Denkmalgeschütztes Objekt","Denkmalgeschütztes Objekt","Denkmalgeschütztes Objekt","Denkmalgeschütztes Objekt","Denkmalgeschütztes Objekt","cultural monument of the Czech Republic","cultural monument of the Czech Republic","cultural monument of the Czech Republic","cultural monument of the Czech Republic"]}]},"context":{"page_title":null,"page_url":null,"page_entity_id":null,"content_hierarchy":[]},"links":[[[{"start":0,"end":27,"url":null,"entity_id":"Q19558566","candidates":[]}],[{"start":0,"end":13,"url":null,"entity_id":"Q188082","candidates":[]}],[{"start":0,"end":39,"url":null,"entity_id":"Q385405","candidates":[]}]],[[{"start":0,"end":29,"url":null,"entity_id":"Q38065760","candidates":[]}],[{"start":0,"end":17,"url":null,"entity_id":"Q871563","candidates":[]}],[{"start":0,"end":25,"url":null,"entity_id":"Q1188447","candidates":[]}]],[[{"start":0,"end":36,"url":null,"entity_id":"Q38127759","candidates":[]}],[{"start":0,"end":22,"url":null,"entity_id":"Q663379","candidates":[]}],[{"start":0,"end":25,"url":null,"entity_id":"Q1188447","candidates":[]}]],[[{"start":0,"end":21,"url":null,"entity_id":"Q38074979","candidates":[]}],[{"start":0,"end":10,"url":null,"entity_id":"Q579177","candidates":[]}],[{"start":0,"end":25,"url":null,"entity_id":"Q1188447","candidates":[]}]],[[{"start":0,"end":49,"url":null,"entity_id":"Q38101897","candidates":[]}],[{"start":0,"end":17,"url":null,"entity_id":"Q278447","candidates":[]}],[{"start":0,"end":25,"url":null,"entity_id":"Q1188447","candidates":[]}]],[[{"start":0,"end":28,"url":null,"entity_id":"Q38106594","candidates":[]}],[{"start":0,"end":10,"url":null,"entity_id":"Q256778","candidates":[]}],[{"start":0,"end":25,"url":null,"entity_id":"Q1188447","candidates":[]}]],[[{"start":0,"end":23,"url":null,"entity_id":"Q38094318","candidates":[]}],[{"start":0,"end":7,"url":null,"entity_id":"Q2263864","candidates":[]}],[{"start":0,"end":39,"url":null,"entity_id":"Q385405","candidates":[]}]],[[{"start":0,"end":29,"url":null,"entity_id":"Q37983972","candidates":[]}],[{"start":0,"end":6,"url":null,"entity_id":"Q685128","candidates":[]}],[{"start":0,"end":25,"url":null,"entity_id":"Q1188447","candidates":[]}]],[[{"start":0,"end":23,"url":null,"entity_id":"Q37936018","candidates":[]}],[{"start":0,"end":8,"url":null,"entity_id":"Q674161","candidates":[]}],[{"start":0,"end":25,"url":null,"entity_id":"Q1188447","candidates":[]}]],[[{"start":0,"end":21,"url":null,"entity_id":"Q37867772","candidates":[]}],[{"start":0,"end":22,"url":null,"entity_id":"Q665891","candidates":[]}],[{"start":0,"end":25,"url":null,"entity_id":"Q1188447","candidates":[]}]],[[{"start":0,"end":21,"url":null,"entity_id":"Q37908131","candidates":[]}],[{"start":0,"end":26,"url":null,"entity_id":"Q665846","candidates":[]}],[{"start":0,"end":25,"url":null,"entity_id":"Q1188447","candidates":[]}]],[[{"start":0,"end":20,"url":null,"entity_id":"Q37940461","candidates":[]}],[{"start":0,"end":7,"url":null,"entity_id":"Q665198","candidates":[]}],[{"start":0,"end":25,"url":null,"entity_id":"Q1188447","candidates":[]}]],[[{"start":0,"end":26,"url":null,"entity_id":"Q37872085","candidates":[]}],[{"start":0,"end":10,"url":null,"entity_id":"Q654014","candidates":[]}],[{"start":0,"end":25,"url":null,"entity_id":"Q1188447","candidates":[]}]],[[{"start":0,"end":46,"url":null,"entity_id":"Q37882665","candidates":[]}],[{"start":0,"end":4,"url":null,"entity_id":"Q140180","candidates":[]}],[{"start":0,"end":25,"url":null,"entity_id":"Q1188447","candidates":[]}]],[[{"start":0,"end":23,"url":null,"entity_id":"Q37901206","candidates":[]}],[{"start":0,"end":10,"url":null,"entity_id":"Q82500","candidates":[]}],[{"start":0,"end":25,"url":null,"entity_id":"Q1188447","candidates":[]}]],[[{"start":0,"end":24,"url":null,"entity_id":"Q38038440","candidates":[]}],[{"start":0,"end":8,"url":null,"entity_id":"Q2699455","candidates":[]}],[{"start":0,"end":39,"url":null,"entity_id":"Q385405","candidates":[]}]],[[{"start":0,"end":15,"url":null,"entity_id":"Q38045916","candidates":[]}],[{"start":0,"end":6,"url":null,"entity_id":"Q654019","candidates":[]}],[{"start":0,"end":39,"url":null,"entity_id":"Q385405","candidates":[]}]],[[{"start":0,"end":24,"url":null,"entity_id":"Q37464807","candidates":[]}],[{"start":0,"end":14,"url":null,"entity_id":"Q12033686","candidates":[]}],[{"start":0,"end":39,"url":null,"entity_id":"Q385405","candidates":[]}]],[[{"start":0,"end":27,"url":null,"entity_id":"Q37431518","candidates":[]}],[{"start":0,"end":9,"url":null,"entity_id":"Q2637493","candidates":[]}],[{"start":0,"end":39,"url":null,"entity_id":"Q385405","candidates":[]}]],[[{"start":0,"end":12,"url":null,"entity_id":"Q14435126","candidates":[]}],[{"start":0,"end":7,"url":null,"entity_id":"Q430864","candidates":[]}],[{"start":0,"end":39,"url":null,"entity_id":"Q385405","candidates":[]}]]]}