{"version":"1.2","table":{"version":"2","table_id":"WN9K3VBY","columns":[{"index":0,"name":"col0","values":["Roman Catholic Territorial Prelature of Humahuaca","Roman Catholic Territorial Prelature of Corocoro","Territorial Prelature of Infanta","Roman Catholic Territorial Prelature of Cafayate","Territorial Prelature of Batanes","Territorial Prelature of Isabela","Territorial Prelature of Marawi","Roman Catholic Territorial Prelature of Itacoatiara","Roman Catholic Territorial Prelature of Illapel","Roman Catholic Territorial Prelature of Lábrea","Roman Catholic Territorial Prelature of São Félix","Roman Catholic Territorial Prelature of Tefé","Roman Catholic Territorial Prelature of Xingu","Roman Catholic Territorial Prelature of Jesús María El Nayar","Roman Catholic Territorial Prelature of Borba","Roman Catholic Territorial Prelature of Marajó","Roman Catholic Territorial Prelature of Tromsø","Roman Catholic Territorial Prelature of Trondheim","Roman Catholic Territorial Prelature of Moyobamba","Roman Catholic Territorial Prelature of Ayaviri"]},{"index":1,"name":"col1","values":["37000","28823","7189","46847","784","1359","4587","58422","10350","230636","150000","264677","368086","25000","170000","79043","173968","56458","39148","20712"]},{"index":2,"name":"col2","values":["120000","235500","468000","74153","17246","332828","884099","172400","85400","88700","172400","243000","551374","145109","156700","345362","484525","715059","777000","179596"]}]},"context":{"page_title":null,"page_url":null,"page_entity_id":null,"content_hierarchy":[]},"links":[[[{"start":0,"end":48,"url":null,"entity_id":"Q2405471","candidates":[]}],[],[]],[[{"start":0,"end":32,"url":null,"entity_id":"Q1861786","candidates":[]}],[],[]],[[{"start":0,"end":48,"url":null,"entity_id":"Q1665203","candidates":[]}],[],[]],[[{"start":0,"end":32,"url":null,"entity_id":"Q1582670","candidates":[]}],[],[]],[[{"start":0,"end":32,"url":null,"entity_id":"Q1575350","candidates":[]}],[],[]],[[{"start":0,"end":31,"url":null,"entity_id":"Q1575341","candidates":[]}],[],[]],[[{"start":0,"end":51,"url":null,"entity_id":"Q1574063","candidates":[]}],[],[]],[[{"start":0,"end":47,"url":null,"entity_id":"Q1574044","candidates":[]}],[],[]],[[{"start":0,"end":46,"url":null,"entity_id":"Q1573523","candidates":[]}],[],[]],[[{"start":0,"end":49,"url":null,"entity_id":"Q1573506","candidates":[]}],[],[]],[[{"start":0,"end":44,"url":null,"entity_id":"Q1573163","candidates":[]}],[],[]],[[{"start":0,"end":45,"url":null,"entity_id":"Q1557404","candidates":[]}],[],[]],[[{"start":0,"end":60,"url":null,"entity_id":"Q1548850","candidates":[]}],[],[]],[[{"start":0,"end":45,"url":null,"entity_id":"Q1548521","candidates":[]}],[],[]],[[{"start":0,"end":46,"url":null,"entity_id":"Q1547389","candidates":[]}],[],[]],[[{"start":0,"end":46,"url":null,"entity_id":"Q1540237","candidates":[]}],[],[]],[[{"start":0,"end":49,"url":null,"entity_id":"Q1537614","candidates":[]}],[],[]],[[{"start":0,"end":49,"url":null,"entity_id":"Q1536339","candidates":[]}],[],[]],[[{"start":0,"end":47,"url":null,"entity_id":"Q1536088","candidates":[]}],[],[]],[[{"start":0,"end":49,"url":null,"entity_id":"Q2405474","candidates":[]}],[],[]]]}