{"version":"1.2","table":{"version":"2","table_id":"WNX486E5","columns":[{"index":0,"name":"col0","values":["Wat Pa Yan Wisutthawat","Wat Arun","Wat Suthat","Wat Ratchabophit","Wat Suk Wararam","Wat Samphran","Wat Huai Khamin","Wat Tha Mai","Wat Pho Samphan","Wat Sanghathan","Wat Buppharam","Wat Pa Maha Chedi Kaeo","Wat Phra Lao Thep Nimit","Wat Ratchaburana","Wat Phra That Hariphunchai","Wat Khanikaphon","Wat Kanmatuyaram","Wat Kalayanamitr","Ban Nong Bua monastic residence","Wat Botum"]},{"index":1,"name":"col1","values":["2009-10-26","1656-01-01","1807-01-01","1869-01-01","1959-01-01","1985-09-16","1800-01-01","1977-01-01","1955-12-21","2010-01-01","1942-01-01","1986-01-01","1720-01-01","1424-01-01","1044-01-01","1833-01-01","1864-01-01","1825-01-01","2004-01-01","1442-01-01"]},{"index":2,"name":"col2","values":["Wang Tha Chang","Wat Arun","Wat Ratchabophit","Wat Ratchabophit","Don Ruak","Sam Phran","Huai Khamin","Tha Mai","Na Kluea","Schöneiche bei Berlin","George Town","Si","Phana","Tha Wasukri","Nai Mueang","Pom Prap","Samphanthawong","Wat Kanlaya","Pha Chuk","Phnom Penh"]}]},"context":{"page_title":null,"page_url":null,"page_entity_id":null,"content_hierarchy":[]},"links":[[[{"start":0,"end":8,"url":null,"entity_id":"Q724970","candidates":[]}],[],[{"start":0,"end":8,"url":null,"entity_id":"Q15735659","candidates":[]}]],[[{"start":0,"end":10,"url":null,"entity_id":"Q2166761","candidates":[]}],[],[{"start":0,"end":16,"url":null,"entity_id":"Q15732001","candidates":[]}]],[[{"start":0,"end":16,"url":null,"entity_id":"Q1513232","candidates":[]}],[],[{"start":0,"end":16,"url":null,"entity_id":"Q15732001","candidates":[]}]],[[{"start":0,"end":15,"url":null,"entity_id":"Q26833951","candidates":[]}],[],[{"start":0,"end":8,"url":null,"entity_id":"Q26833974","candidates":[]}]],[[{"start":0,"end":12,"url":null,"entity_id":"Q23296514","candidates":[]}],[],[{"start":0,"end":9,"url":null,"entity_id":"Q23296522","candidates":[]}]],[[{"start":0,"end":15,"url":null,"entity_id":"Q26301908","candidates":[]}],[],[{"start":0,"end":11,"url":null,"entity_id":"Q16735711","candidates":[]}]],[[{"start":0,"end":11,"url":null,"entity_id":"Q30672819","candidates":[]}],[],[{"start":0,"end":7,"url":null,"entity_id":"Q19618884","candidates":[]}]],[[{"start":0,"end":15,"url":null,"entity_id":"Q28064974","candidates":[]}],[],[{"start":0,"end":8,"url":null,"entity_id":"Q2201718","candidates":[]}]],[[{"start":0,"end":14,"url":null,"entity_id":"Q47016952","candidates":[]}],[],[{"start":0,"end":21,"url":null,"entity_id":"Q627767","candidates":[]}]],[[{"start":0,"end":13,"url":null,"entity_id":"Q48726614","candidates":[]}],[],[{"start":0,"end":11,"url":null,"entity_id":"Q61092","candidates":[]}]],[[{"start":0,"end":22,"url":null,"entity_id":"Q7972947","candidates":[]}],[],[{"start":0,"end":2,"url":null,"entity_id":"Q16132458","candidates":[]}]],[[{"start":0,"end":23,"url":null,"entity_id":"Q2552341","candidates":[]}],[],[{"start":0,"end":5,"url":null,"entity_id":"Q16089842","candidates":[]}]],[[{"start":0,"end":16,"url":null,"entity_id":"Q2552379","candidates":[]}],[],[{"start":0,"end":11,"url":null,"entity_id":"Q16089833","candidates":[]}]],[[{"start":0,"end":26,"url":null,"entity_id":"Q2552374","candidates":[]}],[],[{"start":0,"end":10,"url":null,"entity_id":"Q15839113","candidates":[]}]],[[{"start":0,"end":15,"url":null,"entity_id":"Q6630298","candidates":[]}],[],[{"start":0,"end":8,"url":null,"entity_id":"Q15735932","candidates":[]}]],[[{"start":0,"end":16,"url":null,"entity_id":"Q13020635","candidates":[]}],[],[{"start":0,"end":14,"url":null,"entity_id":"Q15735913","candidates":[]}]],[[{"start":0,"end":16,"url":null,"entity_id":"Q4919979","candidates":[]}],[],[{"start":0,"end":11,"url":null,"entity_id":"Q15735911","candidates":[]}]],[[{"start":0,"end":31,"url":null,"entity_id":"Q13015601","candidates":[]}],[],[{"start":0,"end":8,"url":null,"entity_id":"Q7179853","candidates":[]}]],[[{"start":0,"end":9,"url":null,"entity_id":"Q7972919","candidates":[]}],[],[{"start":0,"end":10,"url":null,"entity_id":"Q1850","candidates":[]}]],[[{"start":0,"end":22,"url":null,"entity_id":"Q56084761","candidates":[]}],[],[{"start":0,"end":14,"url":null,"entity_id":"Q27863528","candidates":[]}]]]}