{"version":"1.2","table":{"version":"2","table_id":"WOLS48RJ","columns":[{"index":0,"name":"col0","values":["El Kelaa des Sraghna","Touissit","Talmest","Sidi Rahhal","Sebt Gzoula","Ribate El Kheir","Outat El Haj","Oulad Ayad","Oulad Berhil","Mechra Bel Ksiri","El Attaouia","Jorf El Melha","Goulmima","El Ksiba","El Hanchane","El Gara","El Borouj","Deroua","Boujniba","Bouizakarne"]},{"index":1,"name":"col1","values":["20139","721","1039","2012","4136","3979","3523","4831","5041","7017","6125","5888","3425","5391","1131","4833","3841","10596","3572","3194"]},{"index":2,"name":"col2","values":["1450021","3137","4328","9906","18543","16739","16388","23818","24288","31497","30315","28681","16419","20001","4965","20855","19235","47719","16030","14228"]},{"index":3,"name":"col3","values":["2150","1137","427","640","210","982","785","380","486","3","626","35","1018","990","389","547","388","213","834","623"]}]},"context":{"page_title":null,"page_url":null,"page_entity_id":null,"content_hierarchy":[]},"links":[[[{"start":0,"end":8,"url":null,"entity_id":"Q3532864","candidates":[]}],[],[],[]],[[{"start":0,"end":7,"url":null,"entity_id":"Q3514557","candidates":[]}],[],[],[]],[[{"start":0,"end":11,"url":null,"entity_id":"Q3483281","candidates":[]}],[],[],[]],[[{"start":0,"end":11,"url":null,"entity_id":"Q3476964","candidates":[]}],[],[],[]],[[{"start":0,"end":15,"url":null,"entity_id":"Q3430101","candidates":[]}],[],[],[]],[[{"start":0,"end":12,"url":null,"entity_id":"Q3358599","candidates":[]}],[],[],[]],[[{"start":0,"end":10,"url":null,"entity_id":"Q3358158","candidates":[]}],[],[],[]],[[{"start":0,"end":12,"url":null,"entity_id":"Q3358157","candidates":[]}],[],[],[]],[[{"start":0,"end":16,"url":null,"entity_id":"Q3303856","candidates":[]}],[],[],[]],[[{"start":0,"end":11,"url":null,"entity_id":"Q3269930","candidates":[]}],[],[],[]],[[{"start":0,"end":13,"url":null,"entity_id":"Q3183779","candidates":[]}],[],[],[]],[[{"start":0,"end":8,"url":null,"entity_id":"Q3111649","candidates":[]}],[],[],[]],[[{"start":0,"end":8,"url":null,"entity_id":"Q3050022","candidates":[]}],[],[],[]],[[{"start":0,"end":11,"url":null,"entity_id":"Q3049944","candidates":[]}],[],[],[]],[[{"start":0,"end":7,"url":null,"entity_id":"Q3049863","candidates":[]}],[],[],[]],[[{"start":0,"end":9,"url":null,"entity_id":"Q3049747","candidates":[]}],[],[],[]],[[{"start":0,"end":6,"url":null,"entity_id":"Q3023962","candidates":[]}],[],[],[]],[[{"start":0,"end":8,"url":null,"entity_id":"Q2921654","candidates":[]}],[],[],[]],[[{"start":0,"end":11,"url":null,"entity_id":"Q2921651","candidates":[]}],[],[],[]],[[{"start":0,"end":20,"url":null,"entity_id":"Q3985724","candidates":[]}],[],[],[]]]}