{"version":"1.2","table":{"version":"2","table_id":"WOONV9MH","columns":[{"index":0,"name":"col0","values":["Santa Ana Central Library","Riverside Public Main Library","Fremont Main Library","San Luis Obispo Library","Central Library - Fresno County Public Library","Sacramento Central Library","Oakland Main Library","Long Beach Main Library","San Diego Central Library","Huntington Beach Central Library","San Francisco Main Library","Biblioteca Poblenou","Biblioteca popular \"Torras i Bages\"","Pasila Library","Calumet Public Library","Tallinn Central Library","Belvedere-Tiburon Library","Woodland Public Library","A. K. Smiley Public Library","Visalia Branch Library"]},{"index":1,"name":"col1","values":["United States of America","United States of America","United States of America","United States of America","United States of America","United States of America","United States of America","United States of America","United States of America","United States of America","United States of America","Spain","Spain","Finland","United States of America","Estonia","United States of America","United States of America","United States of America","United States of America"]},{"index":2,"name":"col2","values":["Santa Ana","Riverside","Fremont","San Luis Obispo","Fresno","Sacramento","Oakland","Long Beach","San Diego","Huntington Beach","San Francisco","Can Saladrigas","Cal Gomà (Vilafranca del Penedès)","Itä-Pasila","Calumet","Kesklinn","Tiburon","Woodland","Redlands","Visalia"]}]},"context":{"page_title":null,"page_url":null,"page_entity_id":null,"content_hierarchy":[]},"links":[[[{"start":0,"end":29,"url":null,"entity_id":"Q66364169","candidates":[]}],[{"start":0,"end":24,"url":null,"entity_id":"Q30","candidates":[]}],[{"start":0,"end":9,"url":null,"entity_id":"Q49243","candidates":[]}]],[[{"start":0,"end":20,"url":null,"entity_id":"Q66166777","candidates":[]}],[{"start":0,"end":24,"url":null,"entity_id":"Q30","candidates":[]}],[{"start":0,"end":7,"url":null,"entity_id":"Q49220","candidates":[]}]],[[{"start":0,"end":23,"url":null,"entity_id":"Q66364179","candidates":[]}],[{"start":0,"end":24,"url":null,"entity_id":"Q30","candidates":[]}],[{"start":0,"end":15,"url":null,"entity_id":"Q49012","candidates":[]}]],[[{"start":0,"end":46,"url":null,"entity_id":"Q66246103","candidates":[]}],[{"start":0,"end":24,"url":null,"entity_id":"Q30","candidates":[]}],[{"start":0,"end":6,"url":null,"entity_id":"Q43301","candidates":[]}]],[[{"start":0,"end":26,"url":null,"entity_id":"Q66362834","candidates":[]}],[{"start":0,"end":24,"url":null,"entity_id":"Q30","candidates":[]}],[{"start":0,"end":10,"url":null,"entity_id":"Q18013","candidates":[]}]],[[{"start":0,"end":20,"url":null,"entity_id":"Q66362572","candidates":[]}],[{"start":0,"end":24,"url":null,"entity_id":"Q30","candidates":[]}],[{"start":0,"end":7,"url":null,"entity_id":"Q17042","candidates":[]}]],[[{"start":0,"end":23,"url":null,"entity_id":"Q66305295","candidates":[]}],[{"start":0,"end":24,"url":null,"entity_id":"Q30","candidates":[]}],[{"start":0,"end":10,"url":null,"entity_id":"Q16739","candidates":[]}]],[[{"start":0,"end":25,"url":null,"entity_id":"Q33104628","candidates":[]}],[{"start":0,"end":24,"url":null,"entity_id":"Q30","candidates":[]}],[{"start":0,"end":9,"url":null,"entity_id":"Q16552","candidates":[]}]],[[{"start":0,"end":32,"url":null,"entity_id":"Q66305262","candidates":[]}],[{"start":0,"end":24,"url":null,"entity_id":"Q30","candidates":[]}],[{"start":0,"end":16,"url":null,"entity_id":"Q5917","candidates":[]}]],[[{"start":0,"end":26,"url":null,"entity_id":"Q56942244","candidates":[]}],[{"start":0,"end":24,"url":null,"entity_id":"Q30","candidates":[]}],[{"start":0,"end":13,"url":null,"entity_id":"Q62","candidates":[]}]],[[{"start":0,"end":19,"url":null,"entity_id":"Q11911815","candidates":[]}],[{"start":0,"end":5,"url":null,"entity_id":"Q29","candidates":[]}],[{"start":0,"end":14,"url":null,"entity_id":"Q46226165","candidates":[]}]],[[{"start":0,"end":35,"url":null,"entity_id":"Q17405625","candidates":[]}],[{"start":0,"end":5,"url":null,"entity_id":"Q29","candidates":[]}],[{"start":0,"end":33,"url":null,"entity_id":"Q18003406","candidates":[]}]],[[{"start":0,"end":14,"url":null,"entity_id":"Q11862167","candidates":[]}],[{"start":0,"end":7,"url":null,"entity_id":"Q33","candidates":[]}],[{"start":0,"end":10,"url":null,"entity_id":"Q3069171","candidates":[]}]],[[{"start":0,"end":22,"url":null,"entity_id":"Q5024093","candidates":[]}],[{"start":0,"end":24,"url":null,"entity_id":"Q30","candidates":[]}],[{"start":0,"end":7,"url":null,"entity_id":"Q2645447","candidates":[]}]],[[{"start":0,"end":23,"url":null,"entity_id":"Q12376152","candidates":[]}],[{"start":0,"end":7,"url":null,"entity_id":"Q191","candidates":[]}],[{"start":0,"end":8,"url":null,"entity_id":"Q1230929","candidates":[]}]],[[{"start":0,"end":25,"url":null,"entity_id":"Q4499928","candidates":[]}],[{"start":0,"end":24,"url":null,"entity_id":"Q30","candidates":[]}],[{"start":0,"end":7,"url":null,"entity_id":"Q984603","candidates":[]}]],[[{"start":0,"end":23,"url":null,"entity_id":"Q8032877","candidates":[]}],[{"start":0,"end":24,"url":null,"entity_id":"Q30","candidates":[]}],[{"start":0,"end":8,"url":null,"entity_id":"Q837129","candidates":[]}]],[[{"start":0,"end":27,"url":null,"entity_id":"Q14681529","candidates":[]}],[{"start":0,"end":24,"url":null,"entity_id":"Q30","candidates":[]}],[{"start":0,"end":8,"url":null,"entity_id":"Q753830","candidates":[]}]],[[{"start":0,"end":22,"url":null,"entity_id":"Q7935597","candidates":[]}],[{"start":0,"end":24,"url":null,"entity_id":"Q30","candidates":[]}],[{"start":0,"end":7,"url":null,"entity_id":"Q495373","candidates":[]}]],[[{"start":0,"end":25,"url":null,"entity_id":"Q66364189","candidates":[]}],[{"start":0,"end":24,"url":null,"entity_id":"Q30","candidates":[]}],[{"start":0,"end":9,"url":null,"entity_id":"Q49244","candidates":[]}]]]}