{"version":"1.2","table":{"version":"2","table_id":"WPHQJFHR","columns":[{"index":0,"name":"col0","values":["Gmina Gorzkowice","Gmina Pęczniew","Gmina Brąszewice","Gmina Gręboszów","Gmina Radomsko","Gmina Zawoja","Gmina Szerzyny","Gmina Kutno","Gmina Poronin","Gmina Skrzyszów","Gmina Złota","Gmina Nagłowice","Gmina Kije","Gmina Słupia Konecka","Gmina Iwaniska","Gmina Szydłów","Gmina Wojciechowice","Gmina Ruda Maleniecka","Gmina Zagnańsk","Gmina Secemin"]},{"index":1,"name":"col1","values":["Gorzkowice","Pęczniew","Brąszewice","Gręboszów, Lesser Poland Voivodeship","Radomsko","Zawoja","Szerzyny","Kutno","Poronin","Skrzyszów, Lesser Poland Voivodeship","Złota, Pińczów County","Nagłowice","Kije, Świętokrzyskie Voivodeship","Słupia, Końskie County","Iwaniska","Szydłów","Wojciechowice, Opatów County","Ruda Maleniecka","Zagnańsk","Secemin"]},{"index":2,"name":"col2","values":["Gmina Kodrąb","Gmina Dobra, Greater Poland Voivodeship","Gmina Czajków","Gmina Opatowiec","Gmina Kruszyna","Gmina Koszarawa","Gmina Ryglice","Gmina Krośniewice","Zakopane","Tarnów","Gmina Pińczów","Gmina Moskorzew","Gmina Chmielnik, Świętokrzyskie Voivodeship","Gmina Łopuszno","Gmina Raków","Gmina Raków","Gmina Ożarów","Gmina Słupia Konecka","Gmina Mniów","Gmina Szczekociny"]}]},"context":{"page_title":null,"page_url":null,"page_entity_id":null,"content_hierarchy":[]},"links":[[[{"start":0,"end":16,"url":null,"entity_id":"Q2416573","candidates":[]}],[{"start":0,"end":10,"url":null,"entity_id":"Q2217528","candidates":[]}],[{"start":0,"end":12,"url":null,"entity_id":"Q606157","candidates":[]}]],[[{"start":0,"end":14,"url":null,"entity_id":"Q2405729","candidates":[]}],[{"start":0,"end":8,"url":null,"entity_id":"Q1507241","candidates":[]}],[{"start":0,"end":39,"url":null,"entity_id":"Q554298","candidates":[]}]],[[{"start":0,"end":16,"url":null,"entity_id":"Q2440742","candidates":[]}],[{"start":0,"end":10,"url":null,"entity_id":"Q985713","candidates":[]}],[{"start":0,"end":13,"url":null,"entity_id":"Q553948","candidates":[]}]],[[{"start":0,"end":15,"url":null,"entity_id":"Q2402456","candidates":[]}],[{"start":0,"end":36,"url":null,"entity_id":"Q2102722","candidates":[]}],[{"start":0,"end":15,"url":null,"entity_id":"Q553741","candidates":[]}]],[[{"start":0,"end":14,"url":null,"entity_id":"Q2403026","candidates":[]}],[{"start":0,"end":8,"url":null,"entity_id":"Q158796","candidates":[]}],[{"start":0,"end":14,"url":null,"entity_id":"Q553711","candidates":[]}]],[[{"start":0,"end":12,"url":null,"entity_id":"Q2433656","candidates":[]}],[{"start":0,"end":6,"url":null,"entity_id":"Q167783","candidates":[]}],[{"start":0,"end":15,"url":null,"entity_id":"Q553407","candidates":[]}]],[[{"start":0,"end":14,"url":null,"entity_id":"Q2429506","candidates":[]}],[{"start":0,"end":8,"url":null,"entity_id":"Q2419941","candidates":[]}],[{"start":0,"end":13,"url":null,"entity_id":"Q535163","candidates":[]}]],[[{"start":0,"end":11,"url":null,"entity_id":"Q2443746","candidates":[]}],[{"start":0,"end":5,"url":null,"entity_id":"Q202160","candidates":[]}],[{"start":0,"end":17,"url":null,"entity_id":"Q339563","candidates":[]}]],[[{"start":0,"end":13,"url":null,"entity_id":"Q2419604","candidates":[]}],[{"start":0,"end":7,"url":null,"entity_id":"Q763079","candidates":[]}],[{"start":0,"end":8,"url":null,"entity_id":"Q144786","candidates":[]}]],[[{"start":0,"end":15,"url":null,"entity_id":"Q2442302","candidates":[]}],[{"start":0,"end":36,"url":null,"entity_id":"Q616462","candidates":[]}],[{"start":0,"end":6,"url":null,"entity_id":"Q106281","candidates":[]}]],[[{"start":0,"end":11,"url":null,"entity_id":"Q553416","candidates":[]}],[{"start":0,"end":21,"url":null,"entity_id":"Q2048781","candidates":[]}],[{"start":0,"end":13,"url":null,"entity_id":"Q553744","candidates":[]}]],[[{"start":0,"end":15,"url":null,"entity_id":"Q553504","candidates":[]}],[{"start":0,"end":9,"url":null,"entity_id":"Q2707065","candidates":[]}],[{"start":0,"end":15,"url":null,"entity_id":"Q553685","candidates":[]}]],[[{"start":0,"end":10,"url":null,"entity_id":"Q553284","candidates":[]}],[{"start":0,"end":32,"url":null,"entity_id":"Q2553405","candidates":[]}],[{"start":0,"end":43,"url":null,"entity_id":"Q553644","candidates":[]}]],[[{"start":0,"end":20,"url":null,"entity_id":"Q553583","candidates":[]}],[{"start":0,"end":22,"url":null,"entity_id":"Q3079742","candidates":[]}],[{"start":0,"end":14,"url":null,"entity_id":"Q553641","candidates":[]}]],[[{"start":0,"end":14,"url":null,"entity_id":"Q553411","candidates":[]}],[{"start":0,"end":8,"url":null,"entity_id":"Q2781592","candidates":[]}],[{"start":0,"end":11,"url":null,"entity_id":"Q553625","candidates":[]}]],[[{"start":0,"end":13,"url":null,"entity_id":"Q553427","candidates":[]}],[{"start":0,"end":7,"url":null,"entity_id":"Q787968","candidates":[]}],[{"start":0,"end":11,"url":null,"entity_id":"Q553625","candidates":[]}]],[[{"start":0,"end":19,"url":null,"entity_id":"Q553422","candidates":[]}],[{"start":0,"end":28,"url":null,"entity_id":"Q2360981","candidates":[]}],[{"start":0,"end":12,"url":null,"entity_id":"Q553597","candidates":[]}]],[[{"start":0,"end":21,"url":null,"entity_id":"Q553438","candidates":[]}],[{"start":0,"end":15,"url":null,"entity_id":"Q2248128","candidates":[]}],[{"start":0,"end":20,"url":null,"entity_id":"Q553583","candidates":[]}]],[[{"start":0,"end":14,"url":null,"entity_id":"Q553404","candidates":[]}],[{"start":0,"end":8,"url":null,"entity_id":"Q2800089","candidates":[]}],[{"start":0,"end":11,"url":null,"entity_id":"Q553580","candidates":[]}]],[[{"start":0,"end":13,"url":null,"entity_id":"Q553345","candidates":[]}],[{"start":0,"end":7,"url":null,"entity_id":"Q2500158","candidates":[]}],[{"start":0,"end":17,"url":null,"entity_id":"Q553546","candidates":[]}]]]}