{"version":"1.2","table":{"version":"2","table_id":"WPW7J3OY","columns":[{"index":0,"name":"col0","values":["Litteral Township","Johnson Township","Illinois Township","Harmon Township","Hamilton Township","Gum Log Township","Griffin Township","Greenland Township","Goshen Township","Galla Township","Fayetteville Township","Farmington Township","Wilson Township","Elm Springs Township","Elkins Township","Dutch Mills Township","Durham Township","Crawford Township","Cove Creek Township","Convenience Township"]},{"index":1,"name":"col1","values":["363","354","351","388","65","768","502","376","388","344","408","350","335","374","376","301","381","533","543","682"]},{"index":2,"name":"col2","values":["11.3","8.9","54.4","16.5","37.2","19.8","34.1","23.2","30.8","41.5","44.5","4.8","59.3","15","2.6","14.9","23.8","23.8","45.9","18.6"]}]},"context":{"page_title":null,"page_url":null,"page_entity_id":null,"content_hierarchy":[]},"links":[[[{"start":0,"end":17,"url":null,"entity_id":"Q6648794","candidates":[]}],[],[]],[[{"start":0,"end":16,"url":null,"entity_id":"Q6268476","candidates":[]}],[],[]],[[{"start":0,"end":17,"url":null,"entity_id":"Q5999834","candidates":[]}],[],[]],[[{"start":0,"end":15,"url":null,"entity_id":"Q5659183","candidates":[]}],[],[]],[[{"start":0,"end":17,"url":null,"entity_id":"Q5645201","candidates":[]}],[],[]],[[{"start":0,"end":16,"url":null,"entity_id":"Q5617997","candidates":[]}],[],[]],[[{"start":0,"end":16,"url":null,"entity_id":"Q5608832","candidates":[]}],[],[]],[[{"start":0,"end":18,"url":null,"entity_id":"Q5604236","candidates":[]}],[],[]],[[{"start":0,"end":15,"url":null,"entity_id":"Q5587300","candidates":[]}],[],[]],[[{"start":0,"end":14,"url":null,"entity_id":"Q5518812","candidates":[]}],[],[]],[[{"start":0,"end":21,"url":null,"entity_id":"Q5439073","candidates":[]}],[],[]],[[{"start":0,"end":19,"url":null,"entity_id":"Q5435924","candidates":[]}],[],[]],[[{"start":0,"end":15,"url":null,"entity_id":"Q5399419","candidates":[]}],[],[]],[[{"start":0,"end":20,"url":null,"entity_id":"Q5366322","candidates":[]}],[],[]],[[{"start":0,"end":15,"url":null,"entity_id":"Q5364340","candidates":[]}],[],[]],[[{"start":0,"end":20,"url":null,"entity_id":"Q5317353","candidates":[]}],[],[]],[[{"start":0,"end":15,"url":null,"entity_id":"Q5316573","candidates":[]}],[],[]],[[{"start":0,"end":17,"url":null,"entity_id":"Q5182921","candidates":[]}],[],[]],[[{"start":0,"end":19,"url":null,"entity_id":"Q5178925","candidates":[]}],[],[]],[[{"start":0,"end":20,"url":null,"entity_id":"Q5166134","candidates":[]}],[],[]]]}