{"version":"1.2","table":{"version":"2","table_id":"WQ4IV6KY","columns":[{"index":0,"name":"col0","values":["Cuenca del Río Guayas","Hoya del Puyango","Bajo de la Tierra Colorada","el-Heiz","Bahariya Oasis","Al Maghrah","el-Arag","Sitra","el-Nuweimisa","el-Bahrein","Tabaghbagh","Siwa Oasis","Qattara Depression","Ain el-Wadi","Ain el-Dalla","Dakhla Oasis","Farafra","Kharga Oasis","Baetic Depression","Eucla Basin"]},{"index":1,"name":"col1","values":["17","999","65","142","211","-37","-37","-13","-9","5","-31","-19","-76","34","86","120","76","32","100","13"]},{"index":2,"name":"col2","values":["Ecuador","Ecuador","Argentina","Egypt","Egypt","Egypt","Egypt","Egypt","Egypt","Egypt","Egypt","Egypt","Egypt","Egypt","Egypt","Egypt","Egypt","Egypt","Spain","Australia"]},{"index":3,"name":"col3","values":["Ecuador","Ecuador","Gaiman Department","Giza Governorate","Giza Governorate","Matrouh Governorate","Matrouh Governorate","Matrouh Governorate","Matrouh Governorate","Matrouh Governorate","Matrouh Governorate","Matrouh Governorate","Matrouh Governorate","New Valley Governorate","New Valley Governorate","New Valley Governorate","New Valley Governorate","New Valley Governorate","Andalusia","Western Australia"]}]},"context":{"page_title":null,"page_url":null,"page_entity_id":null,"content_hierarchy":[]},"links":[[[{"start":0,"end":21,"url":null,"entity_id":"Q23873584","candidates":[]}],[],[{"start":0,"end":7,"url":null,"entity_id":"Q736","candidates":[]}],[{"start":0,"end":7,"url":null,"entity_id":"Q736","candidates":[]}]],[[{"start":0,"end":16,"url":null,"entity_id":"Q23873270","candidates":[]}],[],[{"start":0,"end":7,"url":null,"entity_id":"Q736","candidates":[]}],[{"start":0,"end":7,"url":null,"entity_id":"Q736","candidates":[]}]],[[{"start":0,"end":26,"url":null,"entity_id":"Q16489407","candidates":[]}],[],[{"start":0,"end":9,"url":null,"entity_id":"Q414","candidates":[]}],[{"start":0,"end":17,"url":null,"entity_id":"Q1007366","candidates":[]}]],[[{"start":0,"end":7,"url":null,"entity_id":"Q14224013","candidates":[]}],[],[{"start":0,"end":5,"url":null,"entity_id":"Q79","candidates":[]}],[{"start":0,"end":16,"url":null,"entity_id":"Q30832","candidates":[]}]],[[{"start":0,"end":14,"url":null,"entity_id":"Q738878","candidates":[]}],[],[{"start":0,"end":5,"url":null,"entity_id":"Q79","candidates":[]}],[{"start":0,"end":16,"url":null,"entity_id":"Q30832","candidates":[]}]],[[{"start":0,"end":10,"url":null,"entity_id":"Q16915695","candidates":[]}],[],[{"start":0,"end":5,"url":null,"entity_id":"Q79","candidates":[]}],[{"start":0,"end":19,"url":null,"entity_id":"Q30682","candidates":[]}]],[[{"start":0,"end":7,"url":null,"entity_id":"Q14224007","candidates":[]}],[],[{"start":0,"end":5,"url":null,"entity_id":"Q79","candidates":[]}],[{"start":0,"end":19,"url":null,"entity_id":"Q30682","candidates":[]}]],[[{"start":0,"end":5,"url":null,"entity_id":"Q14220525","candidates":[]}],[],[{"start":0,"end":5,"url":null,"entity_id":"Q79","candidates":[]}],[{"start":0,"end":19,"url":null,"entity_id":"Q30682","candidates":[]}]],[[{"start":0,"end":12,"url":null,"entity_id":"Q14216754","candidates":[]}],[],[{"start":0,"end":5,"url":null,"entity_id":"Q79","candidates":[]}],[{"start":0,"end":19,"url":null,"entity_id":"Q30682","candidates":[]}]],[[{"start":0,"end":10,"url":null,"entity_id":"Q14203869","candidates":[]}],[],[{"start":0,"end":5,"url":null,"entity_id":"Q79","candidates":[]}],[{"start":0,"end":19,"url":null,"entity_id":"Q30682","candidates":[]}]],[[{"start":0,"end":10,"url":null,"entity_id":"Q12202091","candidates":[]}],[],[{"start":0,"end":5,"url":null,"entity_id":"Q79","candidates":[]}],[{"start":0,"end":19,"url":null,"entity_id":"Q30682","candidates":[]}]],[[{"start":0,"end":10,"url":null,"entity_id":"Q2008735","candidates":[]}],[],[{"start":0,"end":5,"url":null,"entity_id":"Q79","candidates":[]}],[{"start":0,"end":19,"url":null,"entity_id":"Q30682","candidates":[]}]],[[{"start":0,"end":18,"url":null,"entity_id":"Q841050","candidates":[]}],[],[{"start":0,"end":5,"url":null,"entity_id":"Q79","candidates":[]}],[{"start":0,"end":19,"url":null,"entity_id":"Q30682","candidates":[]}]],[[{"start":0,"end":11,"url":null,"entity_id":"Q14299776","candidates":[]}],[],[{"start":0,"end":5,"url":null,"entity_id":"Q79","candidates":[]}],[{"start":0,"end":22,"url":null,"entity_id":"Q30650","candidates":[]}]],[[{"start":0,"end":12,"url":null,"entity_id":"Q14223987","candidates":[]}],[],[{"start":0,"end":5,"url":null,"entity_id":"Q79","candidates":[]}],[{"start":0,"end":22,"url":null,"entity_id":"Q30650","candidates":[]}]],[[{"start":0,"end":12,"url":null,"entity_id":"Q1015386","candidates":[]}],[],[{"start":0,"end":5,"url":null,"entity_id":"Q79","candidates":[]}],[{"start":0,"end":22,"url":null,"entity_id":"Q30650","candidates":[]}]],[[{"start":0,"end":7,"url":null,"entity_id":"Q647638","candidates":[]}],[],[{"start":0,"end":5,"url":null,"entity_id":"Q79","candidates":[]}],[{"start":0,"end":22,"url":null,"entity_id":"Q30650","candidates":[]}]],[[{"start":0,"end":12,"url":null,"entity_id":"Q428570","candidates":[]}],[],[{"start":0,"end":5,"url":null,"entity_id":"Q79","candidates":[]}],[{"start":0,"end":22,"url":null,"entity_id":"Q30650","candidates":[]}]],[[{"start":0,"end":17,"url":null,"entity_id":"Q523854","candidates":[]}],[],[{"start":0,"end":5,"url":null,"entity_id":"Q29","candidates":[]}],[{"start":0,"end":9,"url":null,"entity_id":"Q5783","candidates":[]}]],[[{"start":0,"end":11,"url":null,"entity_id":"Q2062189","candidates":[]}],[],[{"start":0,"end":9,"url":null,"entity_id":"Q408","candidates":[]}],[{"start":0,"end":17,"url":null,"entity_id":"Q3206","candidates":[]}]]]}