{"version":"1.2","table":{"version":"2","table_id":"WQ6577EK","columns":[{"index":0,"name":"col0","values":["Statuette of a naked woman-E 27297","Nephthys-E 25389","Neferhebef wife and son-A 57","Mirror handle-E 25424","Pseudo-palette of Bakenkhonsou-N 3018","CIL XII, 1565","Taurobolic altar","Bastet-MAHG MG 1289","Cat mummy-MAHG 23437","Bull-shaped weight","Ramses VI on ostrakon-N 498","Musée Saint-Raymond, 27063","Decorative panel 2000.175.1.1","Decorative panel 2000.176.1","Decorative panel 2000.176.2","Decorative panel 2000.176.3","Decorative panel 2000.176.4","Decorative panel 2000.179.3","Pilaster or door jamb Ra 23 h","Cornice 2000.173.5"]},{"index":1,"name":"col1","values":["Eighteenth Dynasty of Egypt","Eighteenth Dynasty of Egypt","Eighteenth Dynasty of Egypt","Senusret I","Ramesses II","1st century","3rd century","Late Period of ancient Egypt","Late Period of ancient Egypt","Late Bronze Age","Twentieth Dynasty of Egypt","ancient Rome","ancient Rome","ancient Rome","ancient Rome","ancient Rome","ancient Rome","ancient Rome","ancient Rome","ancient Rome"]},{"index":2,"name":"col2","values":["Department of Egyptian Antiquities of the Louvre","Department of Egyptian Antiquities of the Louvre","Department of Egyptian Antiquities of the Louvre","Department of Egyptian Antiquities of the Louvre","Department of Egyptian Antiquities of the Louvre","Corpus Inscriptionum Latinarum","Corpus Inscriptionum Latinarum","Musée d'Art et d'Histoire","Musée d'Art et d'Histoire","Department of Near Eastern Antiquities of the Louvre","Department of Egyptian Antiquities of the Louvre","Musée Saint-Raymond","Musée Saint-Raymond","Musée Saint-Raymond","Musée Saint-Raymond","Musée Saint-Raymond","Musée Saint-Raymond","Musée Saint-Raymond","Musée Saint-Raymond","Musée Saint-Raymond"]}]},"context":{"page_title":null,"page_url":null,"page_entity_id":null,"content_hierarchy":[]},"links":[[[{"start":0,"end":16,"url":null,"entity_id":"Q54860465","candidates":[]}],[{"start":0,"end":27,"url":null,"entity_id":"Q146055","candidates":[]}],[{"start":0,"end":48,"url":null,"entity_id":"Q3044749","candidates":[]}]],[[{"start":0,"end":28,"url":null,"entity_id":"Q54819965","candidates":[]}],[{"start":0,"end":27,"url":null,"entity_id":"Q146055","candidates":[]}],[{"start":0,"end":48,"url":null,"entity_id":"Q3044749","candidates":[]}]],[[{"start":0,"end":21,"url":null,"entity_id":"Q56753999","candidates":[]}],[{"start":0,"end":10,"url":null,"entity_id":"Q18763","candidates":[]}],[{"start":0,"end":48,"url":null,"entity_id":"Q3044749","candidates":[]}]],[[{"start":0,"end":37,"url":null,"entity_id":"Q56752237","candidates":[]}],[{"start":0,"end":11,"url":null,"entity_id":"Q1523","candidates":[]}],[{"start":0,"end":48,"url":null,"entity_id":"Q3044749","candidates":[]}]],[[{"start":0,"end":13,"url":null,"entity_id":"Q53866551","candidates":[]}],[{"start":0,"end":11,"url":null,"entity_id":"Q8106","candidates":[]}],[{"start":0,"end":30,"url":null,"entity_id":"Q691007","candidates":[]}]],[[{"start":0,"end":16,"url":null,"entity_id":"Q54854477","candidates":[]}],[{"start":0,"end":11,"url":null,"entity_id":"Q8101","candidates":[]}],[{"start":0,"end":30,"url":null,"entity_id":"Q691007","candidates":[]}]],[[{"start":0,"end":19,"url":null,"entity_id":"Q56027386","candidates":[]}],[{"start":0,"end":28,"url":null,"entity_id":"Q621917","candidates":[]}],[{"start":0,"end":25,"url":null,"entity_id":"Q679075","candidates":[]}]],[[{"start":0,"end":20,"url":null,"entity_id":"Q55987676","candidates":[]}],[{"start":0,"end":28,"url":null,"entity_id":"Q621917","candidates":[]}],[{"start":0,"end":25,"url":null,"entity_id":"Q679075","candidates":[]}]],[[{"start":0,"end":18,"url":null,"entity_id":"Q31029520","candidates":[]}],[{"start":0,"end":15,"url":null,"entity_id":"Q1758757","candidates":[]}],[{"start":0,"end":52,"url":null,"entity_id":"Q3044751","candidates":[]}]],[[{"start":0,"end":27,"url":null,"entity_id":"Q31978110","candidates":[]}],[{"start":0,"end":26,"url":null,"entity_id":"Q583501","candidates":[]}],[{"start":0,"end":48,"url":null,"entity_id":"Q3044749","candidates":[]}]],[[{"start":0,"end":26,"url":null,"entity_id":"Q50825895","candidates":[]}],[{"start":0,"end":12,"url":null,"entity_id":"Q1747689","candidates":[]}],[{"start":0,"end":19,"url":null,"entity_id":"Q1376","candidates":[]}]],[[{"start":0,"end":29,"url":null,"entity_id":"Q48572689","candidates":[]}],[{"start":0,"end":12,"url":null,"entity_id":"Q1747689","candidates":[]}],[{"start":0,"end":19,"url":null,"entity_id":"Q1376","candidates":[]}]],[[{"start":0,"end":27,"url":null,"entity_id":"Q48572497","candidates":[]}],[{"start":0,"end":12,"url":null,"entity_id":"Q1747689","candidates":[]}],[{"start":0,"end":19,"url":null,"entity_id":"Q1376","candidates":[]}]],[[{"start":0,"end":27,"url":null,"entity_id":"Q48572297","candidates":[]}],[{"start":0,"end":12,"url":null,"entity_id":"Q1747689","candidates":[]}],[{"start":0,"end":19,"url":null,"entity_id":"Q1376","candidates":[]}]],[[{"start":0,"end":27,"url":null,"entity_id":"Q48571735","candidates":[]}],[{"start":0,"end":12,"url":null,"entity_id":"Q1747689","candidates":[]}],[{"start":0,"end":19,"url":null,"entity_id":"Q1376","candidates":[]}]],[[{"start":0,"end":27,"url":null,"entity_id":"Q48571314","candidates":[]}],[{"start":0,"end":12,"url":null,"entity_id":"Q1747689","candidates":[]}],[{"start":0,"end":19,"url":null,"entity_id":"Q1376","candidates":[]}]],[[{"start":0,"end":27,"url":null,"entity_id":"Q48414269","candidates":[]}],[{"start":0,"end":12,"url":null,"entity_id":"Q1747689","candidates":[]}],[{"start":0,"end":19,"url":null,"entity_id":"Q1376","candidates":[]}]],[[{"start":0,"end":29,"url":null,"entity_id":"Q48314948","candidates":[]}],[{"start":0,"end":12,"url":null,"entity_id":"Q1747689","candidates":[]}],[{"start":0,"end":19,"url":null,"entity_id":"Q1376","candidates":[]}]],[[{"start":0,"end":18,"url":null,"entity_id":"Q47603031","candidates":[]}],[{"start":0,"end":12,"url":null,"entity_id":"Q1747689","candidates":[]}],[{"start":0,"end":19,"url":null,"entity_id":"Q1376","candidates":[]}]],[[{"start":0,"end":34,"url":null,"entity_id":"Q55653595","candidates":[]}],[{"start":0,"end":27,"url":null,"entity_id":"Q146055","candidates":[]}],[{"start":0,"end":48,"url":null,"entity_id":"Q3044749","candidates":[]}]]]}