{"version":"1.2","table":{"version":"2","table_id":"WQEASCX6","columns":[{"index":0,"name":"col0","values":["Bodø","Stjørdal","Oppdal","Steinkjer","Lom","Røros","Alvdal","Moskenes","Tydal","Sarpsborg","Hamar Municipality","Molde","Lillehammer","Trysil","Sandnes","Bergen","Tromsø municipality","Stavanger","Forsand","Harstad"]},{"index":1,"name":"col1","values":["51558","23964","6886","21781","2347","5635","2426","1062","851","54678","31298","31967","27476","6525","79537","254235","76649","143574","1238","24790"]},{"index":2,"name":"col2","values":["12","7","545","46","1192","628","67","10","260","31","134","130","162","476","0","5","20","1","0","62"]},{"index":3,"name":"col3","values":["0.34569301467147084","0","0","1564","0","0","0","0","0","0","0","0","0","0","0","87.17","1.4791045888344534","0","0","0"]}]},"context":{"page_title":null,"page_url":null,"page_entity_id":null,"content_hierarchy":[]},"links":[[[{"start":0,"end":8,"url":null,"entity_id":"Q217802","candidates":[]}],[],[],[]],[[{"start":0,"end":6,"url":null,"entity_id":"Q113595","candidates":[]}],[],[],[]],[[{"start":0,"end":9,"url":null,"entity_id":"Q110431","candidates":[]}],[],[],[]],[[{"start":0,"end":3,"url":null,"entity_id":"Q488395","candidates":[]}],[],[],[]],[[{"start":0,"end":5,"url":null,"entity_id":"Q108999","candidates":[]}],[],[],[]],[[{"start":0,"end":6,"url":null,"entity_id":"Q48723","candidates":[]}],[],[],[]],[[{"start":0,"end":8,"url":null,"entity_id":"Q487636","candidates":[]}],[],[],[]],[[{"start":0,"end":5,"url":null,"entity_id":"Q494053","candidates":[]}],[],[],[]],[[{"start":0,"end":9,"url":null,"entity_id":"Q108025","candidates":[]}],[],[],[]],[[{"start":0,"end":18,"url":null,"entity_id":"Q104400","candidates":[]}],[],[],[]],[[{"start":0,"end":5,"url":null,"entity_id":"Q104095","candidates":[]}],[],[],[]],[[{"start":0,"end":11,"url":null,"entity_id":"Q101341","candidates":[]}],[],[],[]],[[{"start":0,"end":6,"url":null,"entity_id":"Q48529","candidates":[]}],[],[],[]],[[{"start":0,"end":7,"url":null,"entity_id":"Q27587","candidates":[]}],[],[],[]],[[{"start":0,"end":6,"url":null,"entity_id":"Q26793","candidates":[]}],[],[],[]],[[{"start":0,"end":19,"url":null,"entity_id":"Q26087","candidates":[]}],[],[],[]],[[{"start":0,"end":9,"url":null,"entity_id":"Q25416","candidates":[]}],[],[],[]],[[{"start":0,"end":7,"url":null,"entity_id":"Q484309","candidates":[]}],[],[],[]],[[{"start":0,"end":7,"url":null,"entity_id":"Q62140","candidates":[]}],[],[],[]],[[{"start":0,"end":4,"url":null,"entity_id":"Q221119","candidates":[]}],[],[],[]]]}