{"version":"1.2","table":{"version":"2","table_id":"IKI6ZOW9","columns":[{"index":0,"name":"col0","values":["Melle","Jifhorn","Wolfenbütuel","Stade","Leer","urich","Ronnenbeg","pringe","Isernhagn","Durgdorf","Veelze","Barsinghauten","Garbsep","Neustadt an Rübnberge","Langenhagn","Peine","uderstadt","Wedeark","Shhnde","Uetze"]},{"index":1,"name":"col1","values":["UTC+01:00","UTC+01:00","UTC+01:00","UTC+01:00","UTC+01:00","UTC+01:00","UTC+01:00","UTC+01:00","UTC+01:00","UTC+01:00","UTC+01:00","UTC+01:00","UTC+01:00","UTC+01:00","UTC+01:00","UTC+01:00","UTC+02:00","UTC+01:00","UTC+01:00","UTC+01:00"]},{"index":2,"name":"col2","values":["Bad Essen","Isenbüttel","Cramme","Hammah","Brinkum","Wittmund","Springe","Ronnenberg","Burgdorf","Isernhagen","Wunstorf","Wunstorf","Langenhagen","Garbsen","Garbsen","Lehrte","Obernfeld","Garbsen","Algermissen","Lehrte"]},{"index":3,"name":"col3","values":["Osnabrück","Gifhorn","Wolfenbüttel","Stade","Leer","Aurich","Hanover region","Hanover region","Hanover region","Hanover region","Hanover region","Hanover region","Hanover region","Hanover region","Hanover region","Peine","Göttingen district","Hanover region","Hanover region","Hanover region"]}]},"context":{"page_title":null,"page_url":null,"page_entity_id":null,"content_hierarchy":[]},"links":[[[{"start":0,"end":7,"url":null,"entity_id":"Q14813","candidates":[]}],[{"start":0,"end":9,"url":null,"entity_id":"Q6655","candidates":[]}],[{"start":0,"end":10,"url":null,"entity_id":"Q450057","candidates":[]}],[{"start":0,"end":7,"url":null,"entity_id":"Q6053","candidates":[]}]],[[{"start":0,"end":12,"url":null,"entity_id":"Q4122","candidates":[]}],[{"start":0,"end":9,"url":null,"entity_id":"Q6655","candidates":[]}],[{"start":0,"end":6,"url":null,"entity_id":"Q654503","candidates":[]}],[{"start":0,"end":12,"url":null,"entity_id":"Q6041","candidates":[]}]],[[{"start":0,"end":5,"url":null,"entity_id":"Q6949","candidates":[]}],[{"start":0,"end":9,"url":null,"entity_id":"Q6655","candidates":[]}],[{"start":0,"end":6,"url":null,"entity_id":"Q180273","candidates":[]}],[{"start":0,"end":5,"url":null,"entity_id":"Q5906","candidates":[]}]],[[{"start":0,"end":4,"url":null,"entity_id":"Q15984","candidates":[]}],[{"start":0,"end":9,"url":null,"entity_id":"Q6655","candidates":[]}],[{"start":0,"end":7,"url":null,"entity_id":"Q639104","candidates":[]}],[{"start":0,"end":4,"url":null,"entity_id":"Q5934","candidates":[]}]],[[{"start":0,"end":5,"url":null,"entity_id":"Q14839","candidates":[]}],[{"start":0,"end":9,"url":null,"entity_id":"Q6655","candidates":[]}],[{"start":0,"end":8,"url":null,"entity_id":"Q509353","candidates":[]}],[{"start":0,"end":6,"url":null,"entity_id":"Q5929","candidates":[]}]],[[{"start":0,"end":9,"url":null,"entity_id":"Q555643","candidates":[]}],[{"start":0,"end":9,"url":null,"entity_id":"Q6655","candidates":[]}],[{"start":0,"end":7,"url":null,"entity_id":"Q622891","candidates":[]}],[{"start":0,"end":14,"url":null,"entity_id":"Q5963","candidates":[]}]],[[{"start":0,"end":6,"url":null,"entity_id":"Q622891","candidates":[]}],[{"start":0,"end":9,"url":null,"entity_id":"Q6655","candidates":[]}],[{"start":0,"end":10,"url":null,"entity_id":"Q555643","candidates":[]}],[{"start":0,"end":14,"url":null,"entity_id":"Q5963","candidates":[]}]],[[{"start":0,"end":9,"url":null,"entity_id":"Q514571","candidates":[]}],[{"start":0,"end":9,"url":null,"entity_id":"Q6655","candidates":[]}],[{"start":0,"end":8,"url":null,"entity_id":"Q555618","candidates":[]}],[{"start":0,"end":14,"url":null,"entity_id":"Q5963","candidates":[]}]],[[{"start":0,"end":8,"url":null,"entity_id":"Q555618","candidates":[]}],[{"start":0,"end":9,"url":null,"entity_id":"Q6655","candidates":[]}],[{"start":0,"end":10,"url":null,"entity_id":"Q514571","candidates":[]}],[{"start":0,"end":14,"url":null,"entity_id":"Q5963","candidates":[]}]],[[{"start":0,"end":6,"url":null,"entity_id":"Q16052","candidates":[]}],[{"start":0,"end":9,"url":null,"entity_id":"Q6655","candidates":[]}],[{"start":0,"end":8,"url":null,"entity_id":"Q14827","candidates":[]}],[{"start":0,"end":14,"url":null,"entity_id":"Q5963","candidates":[]}]],[[{"start":0,"end":13,"url":null,"entity_id":"Q16022","candidates":[]}],[{"start":0,"end":9,"url":null,"entity_id":"Q6655","candidates":[]}],[{"start":0,"end":8,"url":null,"entity_id":"Q14827","candidates":[]}],[{"start":0,"end":14,"url":null,"entity_id":"Q5963","candidates":[]}]],[[{"start":0,"end":7,"url":null,"entity_id":"Q4001","candidates":[]}],[{"start":0,"end":9,"url":null,"entity_id":"Q6655","candidates":[]}],[{"start":0,"end":11,"url":null,"entity_id":"Q4158","candidates":[]}],[{"start":0,"end":14,"url":null,"entity_id":"Q5963","candidates":[]}]],[[{"start":0,"end":21,"url":null,"entity_id":"Q7014","candidates":[]}],[{"start":0,"end":9,"url":null,"entity_id":"Q6655","candidates":[]}],[{"start":0,"end":7,"url":null,"entity_id":"Q4001","candidates":[]}],[{"start":0,"end":14,"url":null,"entity_id":"Q5963","candidates":[]}]],[[{"start":0,"end":10,"url":null,"entity_id":"Q4158","candidates":[]}],[{"start":0,"end":9,"url":null,"entity_id":"Q6655","candidates":[]}],[{"start":0,"end":7,"url":null,"entity_id":"Q4001","candidates":[]}],[{"start":0,"end":14,"url":null,"entity_id":"Q5963","candidates":[]}]],[[{"start":0,"end":5,"url":null,"entity_id":"Q6850","candidates":[]}],[{"start":0,"end":9,"url":null,"entity_id":"Q6655","candidates":[]}],[{"start":0,"end":6,"url":null,"entity_id":"Q7057","candidates":[]}],[{"start":0,"end":5,"url":null,"entity_id":"Q6045","candidates":[]}]],[[{"start":0,"end":9,"url":null,"entity_id":"Q498596","candidates":[]}],[{"start":0,"end":9,"url":null,"entity_id":"Q6723","candidates":[]}],[{"start":0,"end":9,"url":null,"entity_id":"Q560177","candidates":[]}],[{"start":0,"end":18,"url":null,"entity_id":"Q6022","candidates":[]}]],[[{"start":0,"end":7,"url":null,"entity_id":"Q505948","candidates":[]}],[{"start":0,"end":9,"url":null,"entity_id":"Q6655","candidates":[]}],[{"start":0,"end":7,"url":null,"entity_id":"Q4001","candidates":[]}],[{"start":0,"end":14,"url":null,"entity_id":"Q5963","candidates":[]}]],[[{"start":0,"end":6,"url":null,"entity_id":"Q625095","candidates":[]}],[{"start":0,"end":9,"url":null,"entity_id":"Q6655","candidates":[]}],[{"start":0,"end":11,"url":null,"entity_id":"Q574412","candidates":[]}],[{"start":0,"end":14,"url":null,"entity_id":"Q5963","candidates":[]}]],[[{"start":0,"end":5,"url":null,"entity_id":"Q638645","candidates":[]}],[{"start":0,"end":9,"url":null,"entity_id":"Q6655","candidates":[]}],[{"start":0,"end":6,"url":null,"entity_id":"Q7057","candidates":[]}],[{"start":0,"end":14,"url":null,"entity_id":"Q5963","candidates":[]}]],[[{"start":0,"end":5,"url":null,"entity_id":"Q6954","candidates":[]}],[{"start":0,"end":9,"url":null,"entity_id":"Q6655","candidates":[]}],[{"start":0,"end":9,"url":null,"entity_id":"Q554095","candidates":[]}],[{"start":0,"end":9,"url":null,"entity_id":"Q5940","candidates":[]}]]]}