{"version":"1.2","table":{"version":"2","table_id":"IKIYN5VV","columns":[{"index":0,"name":"col0","values":["SZ Aql","IR Cep","SS Sct","AV Cir","RZ Vel","YZ Sgr","WZ Sgr","V950 Sco","AP Pup","V636 Cas","V737 Cen","SZ Tau","RV Sco","ER Car","BF Oph","BB Sgr","12 Sgr","U Normae","T Velorum","Y Aur","X Puppis","Y Lac","X Lac","V Lac","X Vulpeculae","W Geminorum","T Crucis","R Muscae","BG Crucis","V Centauri","U Sagittarii","V636 Scorpii","SV Vulpeculae","AH Velorum","W Sagittarii","Eta Aquilae","Zeta Geminorum","Delta Cephei","Polaris","V* AT Pup","SV* HV 5761","V* V1011 Ori","V* YZ Aur","V* V412 Ser","V* V367 Sct","V* V641 Cen","V* BK Cen","V* RT Mus","V* UZ Cen","V* UU Mus","V* EU Tau","V* V335 Aur","V* AO Aur","V* EF Tau","V* WW Mon","V* RS Ori"]},{"index":1,"name":"col1","values":["7","-7.06","-13.85","8.69","24.9","30","7.67","11.61","15.67","-23.95","8.38","3.52","-12.7","-20.56","-36.03","6","-5.98","-32.37","1.18","8.5","99.7","-17.41","-23.3","-40.06","-17.71","-5.09","-4.73","2.78","-22.69","-15.76","19.38","8.94","3.18","28.81","-25.44","-25.1","10.37","-12.33","-20.81","23.85","297.68","26.1","-12.1","16.67","-9.56","-33.11","-16","-2.68","-5.1","-23.76","-3.67","-20.61","-14","22.71","42.73","39.8"]},{"index":2,"name":"col2","values":["1.945","882.7684","1094.5709","984.4458","1829.1568","1302.9316","1.995","1190.7597","1247.1938","771.4264","985.4158","700.084","0.719","1256.913","850.051","800.9612","893.655","1635.323","1174.1223","1905.851","2.785","2478.9291","2017.3492","2289.9015","1189.3435","1137.2683","877.4239","999.8","562.5246","746.4358","684.8846","1023.8558","2681.6841","821.6927","0.389","0.256","0.37","0.244","432","1761.8041","269.49","520.969","4.454","1665.8337","1.61","1935.7336","2984.1838","1469.076","1609.2694","3785.0114","1241.9275","4.247","3.918","8.499","5.291","1.516"]}]},"context":{"page_title":null,"page_url":null,"page_entity_id":null,"content_hierarchy":[]},"links":[[[{"start":0,"end":6,"url":null,"entity_id":"Q66630337","candidates":[]}],[],[]],[[{"start":0,"end":6,"url":null,"entity_id":"Q66630336","candidates":[]}],[],[]],[[{"start":0,"end":6,"url":null,"entity_id":"Q66531516","candidates":[]}],[],[]],[[{"start":0,"end":6,"url":null,"entity_id":"Q66531515","candidates":[]}],[],[]],[[{"start":0,"end":6,"url":null,"entity_id":"Q66531514","candidates":[]}],[],[]],[[{"start":0,"end":6,"url":null,"entity_id":"Q66531513","candidates":[]}],[],[]],[[{"start":0,"end":8,"url":null,"entity_id":"Q66531512","candidates":[]}],[],[]],[[{"start":0,"end":6,"url":null,"entity_id":"Q66531511","candidates":[]}],[],[]],[[{"start":0,"end":8,"url":null,"entity_id":"Q66531510","candidates":[]}],[],[]],[[{"start":0,"end":8,"url":null,"entity_id":"Q66530923","candidates":[]}],[],[]],[[{"start":0,"end":6,"url":null,"entity_id":"Q66530919","candidates":[]}],[],[]],[[{"start":0,"end":6,"url":null,"entity_id":"Q66530917","candidates":[]}],[],[]],[[{"start":0,"end":6,"url":null,"entity_id":"Q66530915","candidates":[]}],[],[]],[[{"start":0,"end":6,"url":null,"entity_id":"Q66530913","candidates":[]}],[],[]],[[{"start":0,"end":6,"url":null,"entity_id":"Q66530911","candidates":[]}],[],[]],[[{"start":0,"end":6,"url":null,"entity_id":"Q66530909","candidates":[]}],[],[]],[[{"start":0,"end":8,"url":null,"entity_id":"Q59705396","candidates":[]}],[],[]],[[{"start":0,"end":9,"url":null,"entity_id":"Q56304769","candidates":[]}],[],[]],[[{"start":0,"end":5,"url":null,"entity_id":"Q56304274","candidates":[]}],[],[]],[[{"start":0,"end":8,"url":null,"entity_id":"Q56303847","candidates":[]}],[],[]],[[{"start":0,"end":5,"url":null,"entity_id":"Q56303803","candidates":[]}],[],[]],[[{"start":0,"end":5,"url":null,"entity_id":"Q56303799","candidates":[]}],[],[]],[[{"start":0,"end":5,"url":null,"entity_id":"Q56303798","candidates":[]}],[],[]],[[{"start":0,"end":12,"url":null,"entity_id":"Q55496301","candidates":[]}],[],[]],[[{"start":0,"end":11,"url":null,"entity_id":"Q31898541","candidates":[]}],[],[]],[[{"start":0,"end":8,"url":null,"entity_id":"Q16979390","candidates":[]}],[],[]],[[{"start":0,"end":8,"url":null,"entity_id":"Q15939506","candidates":[]}],[],[]],[[{"start":0,"end":9,"url":null,"entity_id":"Q10907054","candidates":[]}],[],[]],[[{"start":0,"end":10,"url":null,"entity_id":"Q9092207","candidates":[]}],[],[]],[[{"start":0,"end":12,"url":null,"entity_id":"Q5645086","candidates":[]}],[],[]],[[{"start":0,"end":12,"url":null,"entity_id":"Q5177949","candidates":[]}],[],[]],[[{"start":0,"end":13,"url":null,"entity_id":"Q3944004","candidates":[]}],[],[]],[[{"start":0,"end":10,"url":null,"entity_id":"Q3600959","candidates":[]}],[],[]],[[{"start":0,"end":12,"url":null,"entity_id":"Q1789220","candidates":[]}],[],[]],[[{"start":0,"end":11,"url":null,"entity_id":"Q1141708","candidates":[]}],[],[]],[[{"start":0,"end":14,"url":null,"entity_id":"Q502119","candidates":[]}],[],[]],[[{"start":0,"end":12,"url":null,"entity_id":"Q13024","candidates":[]}],[],[]],[[{"start":0,"end":7,"url":null,"entity_id":"Q12980","candidates":[]}],[],[]],[[{"start":0,"end":9,"url":null,"entity_id":"Q77532261","candidates":[]}],[],[]],[[{"start":0,"end":11,"url":null,"entity_id":"Q76813375","candidates":[]}],[],[]],[[{"start":0,"end":12,"url":null,"entity_id":"Q80116948","candidates":[]}],[],[]],[[{"start":0,"end":9,"url":null,"entity_id":"Q80113482","candidates":[]}],[],[]],[[{"start":0,"end":11,"url":null,"entity_id":"Q80107974","candidates":[]}],[],[]],[[{"start":0,"end":11,"url":null,"entity_id":"Q80103377","candidates":[]}],[],[]],[[{"start":0,"end":11,"url":null,"entity_id":"Q79950078","candidates":[]}],[],[]],[[{"start":0,"end":9,"url":null,"entity_id":"Q79642088","candidates":[]}],[],[]],[[{"start":0,"end":9,"url":null,"entity_id":"Q79640597","candidates":[]}],[],[]],[[{"start":0,"end":9,"url":null,"entity_id":"Q79637727","candidates":[]}],[],[]],[[{"start":0,"end":9,"url":null,"entity_id":"Q79633395","candidates":[]}],[],[]],[[{"start":0,"end":9,"url":null,"entity_id":"Q79286469","candidates":[]}],[],[]],[[{"start":0,"end":11,"url":null,"entity_id":"Q79283492","candidates":[]}],[],[]],[[{"start":0,"end":9,"url":null,"entity_id":"Q79279288","candidates":[]}],[],[]],[[{"start":0,"end":9,"url":null,"entity_id":"Q79275469","candidates":[]}],[],[]],[[{"start":0,"end":9,"url":null,"entity_id":"Q78935361","candidates":[]}],[],[]],[[{"start":0,"end":9,"url":null,"entity_id":"Q78803081","candidates":[]}],[],[]],[[{"start":0,"end":6,"url":null,"entity_id":"Q66630376","candidates":[]}],[],[]]]}