{"version":"1.2","table":{"version":"2","table_id":"IKPYXCF2","columns":[{"index":0,"name":"col0","values":["IRAS 16036-4120","IRAS 16207-4222","IRAS 15221-4015","IRAS 05467+0227","IRAS 17504-2659","IRAS 17482-2654","IRAS 17505-2805","IRAS 17510-2555","IRAS 17227-2635","IRAS 11592-6216","IRAS 12137-6712","IRAS 12049-7812","IRAS 12074-5617","IRAS 12069-7427","IRAS 12061-6116","IRAS 11579-7239","IRAS 12132-6007","IRAS 12134-6148","IRAS 11583-6247","IRAS 12045-7315"]},{"index":1,"name":"col1","values":["-4.627","-6.435","-0.547","-2.802","-1.032","-8.4","-2.689","-5.405","-4.101","-7.612","-6.528","-8.068","-4.241","-6.228","-6.896","-2.523","-6.585","-6.389","-5.435","-7.1"]},{"index":2,"name":"col2","values":["0.6969","0.2139","0.1609","1.0911","0.6202","0.2274","0.9025","0.1586","0.1918","0.2288","0.1097","0.9005","0.3024","0.0201","0.3857","0.4134","0.9947","0.166","1.7124","0.4636"]}]},"context":{"page_title":null,"page_url":null,"page_entity_id":null,"content_hierarchy":[]},"links":[[[{"start":0,"end":15,"url":null,"entity_id":"Q77371194","candidates":[]}],[],[]],[[{"start":0,"end":15,"url":null,"entity_id":"Q77370704","candidates":[]}],[],[]],[[{"start":0,"end":15,"url":null,"entity_id":"Q77369412","candidates":[]}],[],[]],[[{"start":0,"end":15,"url":null,"entity_id":"Q79167501","candidates":[]}],[],[]],[[{"start":0,"end":15,"url":null,"entity_id":"Q79148197","candidates":[]}],[],[]],[[{"start":0,"end":15,"url":null,"entity_id":"Q79145521","candidates":[]}],[],[]],[[{"start":0,"end":15,"url":null,"entity_id":"Q79145450","candidates":[]}],[],[]],[[{"start":0,"end":15,"url":null,"entity_id":"Q79145303","candidates":[]}],[],[]],[[{"start":0,"end":15,"url":null,"entity_id":"Q79144505","candidates":[]}],[],[]],[[{"start":0,"end":15,"url":null,"entity_id":"Q79115900","candidates":[]}],[],[]],[[{"start":0,"end":15,"url":null,"entity_id":"Q79114282","candidates":[]}],[],[]],[[{"start":0,"end":15,"url":null,"entity_id":"Q79109446","candidates":[]}],[],[]],[[{"start":0,"end":15,"url":null,"entity_id":"Q79107424","candidates":[]}],[],[]],[[{"start":0,"end":15,"url":null,"entity_id":"Q79105183","candidates":[]}],[],[]],[[{"start":0,"end":15,"url":null,"entity_id":"Q79103285","candidates":[]}],[],[]],[[{"start":0,"end":15,"url":null,"entity_id":"Q79103264","candidates":[]}],[],[]],[[{"start":0,"end":15,"url":null,"entity_id":"Q79102949","candidates":[]}],[],[]],[[{"start":0,"end":15,"url":null,"entity_id":"Q79102520","candidates":[]}],[],[]],[[{"start":0,"end":15,"url":null,"entity_id":"Q79101638","candidates":[]}],[],[]],[[{"start":0,"end":15,"url":null,"entity_id":"Q79099252","candidates":[]}],[],[]]]}