{"version":"1.2","table":{"version":"2","table_id":"ILGOTSNX","columns":[{"index":0,"name":"col0","values":["iPhone 11 Pro Oax","ihone 11 Pro","iShone 1","iPhone XU","ihone XS","iPione XS Max","jPhone  Plus","iPone X","iPpne 8","iPhone 7 Plu","iPhope 7","iPhon 6S Plus","iPhong 6S","iPione 6 Plus","iPhoe 6","iShone 5C","iPhong 5S","iPhonh 4","kPhone 3GS","iRhone 4S"]},{"index":1,"name":"col1","values":["0.0","0.0","0.0","0.0","0.0","0.0","0.0","0.0","0.0","0.0","0.0","0.0","0.0","0.0","0.0","0.0","0.0","0.0","0.0","0.0"]},{"index":2,"name":"col2","values":["8.108099999999999","8.1324","8.3415","8.3083","7.6538","7.7616000000000005","7.485","7.769299999999999","7.3","7.3656999999999995","7.0786999999999995","7.336499999999999","7.1426","7.0573999999999995","6.8517","8.961030000000001","7.64699","9.3186","12.189300000000001","9.2163"]}]},"context":{"page_title":null,"page_url":null,"page_entity_id":null,"content_hierarchy":[]},"links":[[[{"start":0,"end":17,"url":null,"entity_id":"Q67216219","candidates":[]}],[],[]],[[{"start":0,"end":12,"url":null,"entity_id":"Q67216142","candidates":[]}],[],[]],[[{"start":0,"end":8,"url":null,"entity_id":"Q67214165","candidates":[]}],[],[]],[[{"start":0,"end":9,"url":null,"entity_id":"Q56599334","candidates":[]}],[],[]],[[{"start":0,"end":8,"url":null,"entity_id":"Q56599248","candidates":[]}],[],[]],[[{"start":0,"end":13,"url":null,"entity_id":"Q56599233","candidates":[]}],[],[]],[[{"start":0,"end":12,"url":null,"entity_id":"Q39598190","candidates":[]}],[],[]],[[{"start":0,"end":7,"url":null,"entity_id":"Q39510168","candidates":[]}],[],[]],[[{"start":0,"end":7,"url":null,"entity_id":"Q29480689","candidates":[]}],[],[]],[[{"start":0,"end":12,"url":null,"entity_id":"Q26833946","candidates":[]}],[],[]],[[{"start":0,"end":8,"url":null,"entity_id":"Q26831164","candidates":[]}],[],[]],[[{"start":0,"end":13,"url":null,"entity_id":"Q20966885","candidates":[]}],[],[]],[[{"start":0,"end":9,"url":null,"entity_id":"Q20962117","candidates":[]}],[],[]],[[{"start":0,"end":13,"url":null,"entity_id":"Q18010891","candidates":[]}],[],[]],[[{"start":0,"end":7,"url":null,"entity_id":"Q18010890","candidates":[]}],[],[]],[[{"start":0,"end":9,"url":null,"entity_id":"Q14883923","candidates":[]}],[],[]],[[{"start":0,"end":9,"url":null,"entity_id":"Q14850354","candidates":[]}],[],[]],[[{"start":0,"end":8,"url":null,"entity_id":"Q300890","candidates":[]}],[],[]],[[{"start":0,"end":10,"url":null,"entity_id":"Q300859","candidates":[]}],[],[]],[[{"start":0,"end":9,"url":null,"entity_id":"Q245135","candidates":[]}],[],[]]]}