{"version":"1.2","table":{"version":"2","table_id":"ILSOJCZB","columns":[{"index":0,"name":"col0","values":["square La Fontaine","square Charles-Laurent","square Lowendal","square Henri-Delormel","square Auguste-Renoir","square Albin-Cachot","square Alban-Satragne","square de Maubeuge","square Trudaine","square du Roule","square Vermenouze","square du Nouveau-Belleville","square de la Guyenne","square de la Gascogne","square du Quercy","square du Vermandois","square d'Aquitaine","square Villaret-de-Joyeuse","square du Thimerais","square de Vaucluse"]},{"index":1,"name":"col1","values":["rue Jean-de-La-Fontaine","rue Cambronne","rue Alexandre-Cabanel","rue Ernest-Cresson","boulevard Brune","rue Léon-Maurice-Nordmann","boulevard de Magenta","Rue de Maubeuge","Rue des Martyrs","rue du Faubourg-Saint-Honoré","rue Mouffetard","rue du Pressoir","rue Mendelssohn","boulevard Davout","avenue de la Porte-de-Montreuil","boulevard Sérurier","avenue de la Porte-Chaumont","rue Villaret-de-Joyeuse","avenue Paul-Adam","avenue Brunetière"]},{"index":2,"name":"col2","values":["53","190","67","55","240","120","200","42","35","111","55","160","54","78","67","38","150","65","170","50"]},{"index":3,"name":"col3","values":["16th arrondissement of Paris","15th arrondissement of Paris","15th arrondissement of Paris","14th arrondissement of Paris","14th arrondissement of Paris","13th arrondissement of Paris","10th arrondissement of Paris","9th arrondissement of Paris","9th arrondissement of Paris","8th arrondissement of Paris","5th arrondissement of Paris","20th arrondissement of Paris","20th arrondissement of Paris","20th arrondissement of Paris","20th arrondissement of Paris","19th arrondissement of Paris","19th arrondissement of Paris","17th arrondissement of Paris","17th arrondissement of Paris","17th arrondissement of Paris"]},{"index":4,"name":"col4","values":["1926-01-01","1930-01-01","1930-01-01","1930-01-01","1962-01-01","1932-01-01","1963-01-01","1892-01-01","1929-01-01","1880-01-01","1933-01-01","1972-01-01","1932-01-01","1932-01-01","1932-01-01","1932-01-01","1934-01-01","1920-01-01","1932-01-01","1932-01-01"]}]},"context":{"page_title":null,"page_url":null,"page_entity_id":null,"content_hierarchy":[]},"links":[[[{"start":0,"end":22,"url":null,"entity_id":"Q3494526","candidates":[]}],[{"start":0,"end":13,"url":null,"entity_id":"Q3447294","candidates":[]}],[],[{"start":0,"end":28,"url":null,"entity_id":"Q191066","candidates":[]}],[]],[[{"start":0,"end":15,"url":null,"entity_id":"Q3494695","candidates":[]}],[{"start":0,"end":21,"url":null,"entity_id":"Q3446885","candidates":[]}],[],[{"start":0,"end":28,"url":null,"entity_id":"Q191066","candidates":[]}],[]],[[{"start":0,"end":21,"url":null,"entity_id":"Q3494618","candidates":[]}],[{"start":0,"end":18,"url":null,"entity_id":"Q3447802","candidates":[]}],[],[{"start":0,"end":28,"url":null,"entity_id":"Q187153","candidates":[]}],[]],[[{"start":0,"end":21,"url":null,"entity_id":"Q3494493","candidates":[]}],[{"start":0,"end":15,"url":null,"entity_id":"Q2921792","candidates":[]}],[],[{"start":0,"end":28,"url":null,"entity_id":"Q187153","candidates":[]}],[]],[[{"start":0,"end":19,"url":null,"entity_id":"Q3494455","candidates":[]}],[{"start":0,"end":25,"url":null,"entity_id":"Q2375658","candidates":[]}],[],[{"start":0,"end":28,"url":null,"entity_id":"Q175129","candidates":[]}],[]],[[{"start":0,"end":21,"url":null,"entity_id":"Q3494445","candidates":[]}],[{"start":0,"end":20,"url":null,"entity_id":"Q895077","candidates":[]}],[],[{"start":0,"end":28,"url":null,"entity_id":"Q163948","candidates":[]}],[]],[[{"start":0,"end":18,"url":null,"entity_id":"Q3494899","candidates":[]}],[{"start":0,"end":15,"url":null,"entity_id":"Q3450870","candidates":[]}],[],[{"start":0,"end":27,"url":null,"entity_id":"Q275118","candidates":[]}],[]],[[{"start":0,"end":15,"url":null,"entity_id":"Q3494843","candidates":[]}],[{"start":0,"end":15,"url":null,"entity_id":"Q479113","candidates":[]}],[],[{"start":0,"end":27,"url":null,"entity_id":"Q275118","candidates":[]}],[]],[[{"start":0,"end":15,"url":null,"entity_id":"Q3495053","candidates":[]}],[{"start":0,"end":28,"url":null,"entity_id":"Q1027432","candidates":[]}],[],[{"start":0,"end":27,"url":null,"entity_id":"Q270230","candidates":[]}],[]],[[{"start":0,"end":17,"url":null,"entity_id":"Q3494851","candidates":[]}],[{"start":0,"end":14,"url":null,"entity_id":"Q2112543","candidates":[]}],[],[{"start":0,"end":27,"url":null,"entity_id":"Q238723","candidates":[]}],[]],[[{"start":0,"end":28,"url":null,"entity_id":"Q3495044","candidates":[]}],[{"start":0,"end":15,"url":null,"entity_id":"Q3452528","candidates":[]}],[],[{"start":0,"end":28,"url":null,"entity_id":"Q210720","candidates":[]}],[]],[[{"start":0,"end":20,"url":null,"entity_id":"Q3494943","candidates":[]}],[{"start":0,"end":15,"url":null,"entity_id":"Q3449144","candidates":[]}],[],[{"start":0,"end":28,"url":null,"entity_id":"Q210720","candidates":[]}],[]],[[{"start":0,"end":21,"url":null,"entity_id":"Q3494942","candidates":[]}],[{"start":0,"end":16,"url":null,"entity_id":"Q2921809","candidates":[]}],[],[{"start":0,"end":28,"url":null,"entity_id":"Q210720","candidates":[]}],[]],[[{"start":0,"end":16,"url":null,"entity_id":"Q3495048","candidates":[]}],[{"start":0,"end":31,"url":null,"entity_id":"Q2874031","candidates":[]}],[],[{"start":0,"end":28,"url":null,"entity_id":"Q210720","candidates":[]}],[]],[[{"start":0,"end":20,"url":null,"entity_id":"Q3495072","candidates":[]}],[{"start":0,"end":18,"url":null,"entity_id":"Q2921942","candidates":[]}],[],[{"start":0,"end":28,"url":null,"entity_id":"Q204622","candidates":[]}],[]],[[{"start":0,"end":18,"url":null,"entity_id":"Q3494873","candidates":[]}],[{"start":0,"end":27,"url":null,"entity_id":"Q2874008","candidates":[]}],[],[{"start":0,"end":28,"url":null,"entity_id":"Q204622","candidates":[]}],[]],[[{"start":0,"end":26,"url":null,"entity_id":"Q3494856","candidates":[]}],[{"start":0,"end":23,"url":null,"entity_id":"Q3450341","candidates":[]}],[],[{"start":0,"end":28,"url":null,"entity_id":"Q197297","candidates":[]}],[]],[[{"start":0,"end":19,"url":null,"entity_id":"Q3495062","candidates":[]}],[{"start":0,"end":16,"url":null,"entity_id":"Q2873792","candidates":[]}],[],[{"start":0,"end":28,"url":null,"entity_id":"Q197297","candidates":[]}],[]],[[{"start":0,"end":18,"url":null,"entity_id":"Q3494913","candidates":[]}],[{"start":0,"end":17,"url":null,"entity_id":"Q2873543","candidates":[]}],[],[{"start":0,"end":28,"url":null,"entity_id":"Q197297","candidates":[]}],[]],[[{"start":0,"end":18,"url":null,"entity_id":"Q3494672","candidates":[]}],[{"start":0,"end":23,"url":null,"entity_id":"Q2174616","candidates":[]}],[],[{"start":0,"end":28,"url":null,"entity_id":"Q194420","candidates":[]}],[]]]}