{"version":"1.2","table":{"version":"2","table_id":"ILV0GW3L","columns":[{"index":0,"name":"col0","values":["Back Long Wi","Phú#Giáo","Ba Vì","Phú ân","Ứoh Hòa","Yën Phonj","Điệ Bàn","Núi Thàh","Đa rông","Cần!Giờ","Tân Phú Đ÷ng","Dắc ên","LongĐiền","A Nưới","SiMa Cai","Lệ Tkủy","Hóc M÷n","Hàm ThuậnNam","à Thuận Bắc","Hàm ân"]},{"index":1,"name":"col1","values":["3.0602249999999995","539.377","427.572","427.704","185.37347999999997","113.33899999999998","212.77761","527.67","1234.0069999999998","706.112","200.0592","1093.68","76.461","1233.916","242.446","1433.3046799999997","109.32699999999998","1062.52","1265.507","941.0"]},{"index":2,"name":"col2","values":["53.15899999999999","53.318","23.808","2.018","6.029999999999999","7.0280000000000005","6.986","31.776","380.516","16.064","2.01","478.56","38.844","624.748","1467.06","120.07099999999998","3.024","49.49","67.536","257.705"]}]},"context":{"page_title":null,"page_url":null,"page_entity_id":null,"content_hierarchy":[]},"links":[[[{"start":0,"end":12,"url":null,"entity_id":"Q1136869","candidates":[]}],[],[]],[[{"start":0,"end":8,"url":null,"entity_id":"Q1073802","candidates":[]}],[],[]],[[{"start":0,"end":5,"url":null,"entity_id":"Q1048617","candidates":[]}],[],[]],[[{"start":0,"end":6,"url":null,"entity_id":"Q1001803","candidates":[]}],[],[]],[[{"start":0,"end":7,"url":null,"entity_id":"Q864798","candidates":[]}],[],[]],[[{"start":0,"end":9,"url":null,"entity_id":"Q800053","candidates":[]}],[],[]],[[{"start":0,"end":7,"url":null,"entity_id":"Q725063","candidates":[]}],[],[]],[[{"start":0,"end":8,"url":null,"entity_id":"Q724739","candidates":[]}],[],[]],[[{"start":0,"end":7,"url":null,"entity_id":"Q724722","candidates":[]}],[],[]],[[{"start":0,"end":7,"url":null,"entity_id":"Q626340","candidates":[]}],[],[]],[[{"start":0,"end":12,"url":null,"entity_id":"Q428599","candidates":[]}],[],[]],[[{"start":0,"end":6,"url":null,"entity_id":"Q373168","candidates":[]}],[],[]],[[{"start":0,"end":8,"url":null,"entity_id":"Q371485","candidates":[]}],[],[]],[[{"start":0,"end":6,"url":null,"entity_id":"Q277149","candidates":[]}],[],[]],[[{"start":0,"end":8,"url":null,"entity_id":"Q268088","candidates":[]}],[],[]],[[{"start":0,"end":7,"url":null,"entity_id":"Q153692","candidates":[]}],[],[]],[[{"start":0,"end":7,"url":null,"entity_id":"Q5875294","candidates":[]}],[],[]],[[{"start":0,"end":12,"url":null,"entity_id":"Q5643882","candidates":[]}],[],[]],[[{"start":0,"end":11,"url":null,"entity_id":"Q5643880","candidates":[]}],[],[]],[[{"start":0,"end":6,"url":null,"entity_id":"Q5643878","candidates":[]}],[],[]]]}