{"version":"1.2","table":{"version":"2","table_id":"IO2V127D","columns":[{"index":0,"name":"col0","values":["2009 New Zealand Mixed Doubles Curling Championship","2008 New Zealand Mixed Doubles Curling Championship","2007 New Zealand Mixed Doubles Curling Championship","2014 New Zealand Men's Curling Championship","2013 New Zealand Men's Curling Championship","2012 New Zealand Men's Curling Championship","2011 New Zealand Men's Curling Championship","2010 New Zealand Men's Curling Championship","2009 New Zealand Men's Curling Championship","2014 New Zealand Mixed Doubles Curling Championship","2016 New Zealand Men's Curling Championship","2013 New Zealand Mixed Doubles Curling Championship","2015 New Zealand Men's Curling Championship","1996 Russian Indoor Athletics Championships","1993 Russian Indoor Athletics Championships","1998 Russian Indoor Athletics Championships","1998 Norwegian Single Distance Championships in Speed Skating","1989 Norwegian Single Distance Championships in Speed Skating","1994 Norwegian Single Distance Championships in Speed Skating","1987 Norwegian Single Distance Championships in Speed Skating"]},{"index":1,"name":"col1","values":["2009-01-01","2008-01-01","2007-01-01","2014-01-01","2013-01-01","2012-01-01","2011-01-01","2010-01-01","2009-01-01","2014-01-01","2016-01-01","2013-01-01","2015-01-01","1996-01-01","1993-01-01","1998-01-01","1998-01-01","1989-01-01","1994-01-01","1987-01-01"]},{"index":2,"name":"col2","values":["2010 New Zealand Mixed Doubles Curling Championship","2009 New Zealand Mixed Doubles Curling Championship","2008 New Zealand Mixed Doubles Curling Championship","2015 New Zealand Men's Curling Championship","2014 New Zealand Men's Curling Championship","2013 New Zealand Men's Curling Championship","2012 New Zealand Men's Curling Championship","2011 New Zealand Men's Curling Championship","2010 New Zealand Men's Curling Championship","2015 New Zealand Mixed Doubles Curling Championship","2017 New Zealand Men's Curling Championship","2014 New Zealand Mixed Doubles Curling Championship","2016 New Zealand Men's Curling Championship","1997 Russian Indoor Athletics Championships","1994 Russian Indoor Athletics Championships","1999 Russian Indoor Athletics Championships","1999 Norwegian Single Distance Championships in Speed Skating","1990 Norwegian Single Distance Championships in Speed Skating","1995 Norwegian Single Distance Championships in Speed Skating","1988 Norwegian Single Distance Championships in Speed Skating"]}]},"context":{"page_title":null,"page_url":null,"page_entity_id":null,"content_hierarchy":[]},"links":[[[{"start":0,"end":51,"url":null,"entity_id":"Q56748011","candidates":[]}],[],[{"start":0,"end":51,"url":null,"entity_id":"Q56748032","candidates":[]}]],[[{"start":0,"end":51,"url":null,"entity_id":"Q56747988","candidates":[]}],[],[{"start":0,"end":51,"url":null,"entity_id":"Q56748011","candidates":[]}]],[[{"start":0,"end":51,"url":null,"entity_id":"Q56747976","candidates":[]}],[],[{"start":0,"end":51,"url":null,"entity_id":"Q56747988","candidates":[]}]],[[{"start":0,"end":43,"url":null,"entity_id":"Q56747682","candidates":[]}],[],[{"start":0,"end":43,"url":null,"entity_id":"Q56747712","candidates":[]}]],[[{"start":0,"end":43,"url":null,"entity_id":"Q56747670","candidates":[]}],[],[{"start":0,"end":43,"url":null,"entity_id":"Q56747682","candidates":[]}]],[[{"start":0,"end":43,"url":null,"entity_id":"Q56747634","candidates":[]}],[],[{"start":0,"end":43,"url":null,"entity_id":"Q56747670","candidates":[]}]],[[{"start":0,"end":43,"url":null,"entity_id":"Q56747624","candidates":[]}],[],[{"start":0,"end":43,"url":null,"entity_id":"Q56747634","candidates":[]}]],[[{"start":0,"end":43,"url":null,"entity_id":"Q56747610","candidates":[]}],[],[{"start":0,"end":43,"url":null,"entity_id":"Q56747624","candidates":[]}]],[[{"start":0,"end":43,"url":null,"entity_id":"Q56747597","candidates":[]}],[],[{"start":0,"end":43,"url":null,"entity_id":"Q56747610","candidates":[]}]],[[{"start":0,"end":51,"url":null,"entity_id":"Q56748134","candidates":[]}],[],[{"start":0,"end":51,"url":null,"entity_id":"Q56310375","candidates":[]}]],[[{"start":0,"end":43,"url":null,"entity_id":"Q56747723","candidates":[]}],[],[{"start":0,"end":43,"url":null,"entity_id":"Q55664490","candidates":[]}]],[[{"start":0,"end":51,"url":null,"entity_id":"Q56748116","candidates":[]}],[],[{"start":0,"end":51,"url":null,"entity_id":"Q56748134","candidates":[]}]],[[{"start":0,"end":43,"url":null,"entity_id":"Q56747712","candidates":[]}],[],[{"start":0,"end":43,"url":null,"entity_id":"Q56747723","candidates":[]}]],[[{"start":0,"end":43,"url":null,"entity_id":"Q19916333","candidates":[]}],[],[{"start":0,"end":43,"url":null,"entity_id":"Q19916336","candidates":[]}]],[[{"start":0,"end":43,"url":null,"entity_id":"Q19916327","candidates":[]}],[],[{"start":0,"end":43,"url":null,"entity_id":"Q19916329","candidates":[]}]],[[{"start":0,"end":43,"url":null,"entity_id":"Q18816886","candidates":[]}],[],[{"start":0,"end":43,"url":null,"entity_id":"Q18816994","candidates":[]}]],[[{"start":0,"end":61,"url":null,"entity_id":"Q15070183","candidates":[]}],[],[{"start":0,"end":61,"url":null,"entity_id":"Q55265414","candidates":[]}]],[[{"start":0,"end":61,"url":null,"entity_id":"Q15062450","candidates":[]}],[],[{"start":0,"end":61,"url":null,"entity_id":"Q55206912","candidates":[]}]],[[{"start":0,"end":61,"url":null,"entity_id":"Q11967582","candidates":[]}],[],[{"start":0,"end":61,"url":null,"entity_id":"Q55230056","candidates":[]}]],[[{"start":0,"end":61,"url":null,"entity_id":"Q11967583","candidates":[]}],[],[{"start":0,"end":61,"url":null,"entity_id":"Q55196439","candidates":[]}]]]}