{"version":"1.2","table":{"version":"2","table_id":"IOEAL8UR","columns":[{"index":0,"name":"col0","values":["V* V808 Aur","V* GG Leo","V* QQ Vul","2MASS J03541032-1652499","V* WX LMi","V* EQ Cet","V* CD Ind","V* AI Tri","V* V1043 Cen","V* V349 Pav","1RXS J052832.5+283824","RX J2218.5+1925","2MASS J02273286+1306172","V* ST LMi","V* AR UMa","V* V1309 Ori","V* LW Cam","V* V1432 Aql","RX J0649.8-0737","AM Herculis"]},{"index":1,"name":"col1","values":["216.3659","263.7061","317.289","322.8202","98.5455","284.8435","244.0691","557.2583","172.8041","646.8305","223.6086","238.806","470.1236","113.2016","101.312","645.9114","541.5065","462.2567","611.3217","87.7555"]},{"index":2,"name":"col2","values":["-22.302","-32.058","-14.849","-101.536","-41.526","-35.101","-23.321","-18.953","-32.918","4.834","-41.56","-20.33","-12.223","-35.457","-81.545","-5.693","1.773","-7.978","-5.579","-45.957"]}]},"context":{"page_title":null,"page_url":null,"page_entity_id":null,"content_hierarchy":[]},"links":[[[{"start":0,"end":9,"url":null,"entity_id":"Q86040279","candidates":[]}],[],[]],[[{"start":0,"end":9,"url":null,"entity_id":"Q85770176","candidates":[]}],[],[]],[[{"start":0,"end":23,"url":null,"entity_id":"Q85479556","candidates":[]}],[],[]],[[{"start":0,"end":9,"url":null,"entity_id":"Q85259217","candidates":[]}],[],[]],[[{"start":0,"end":9,"url":null,"entity_id":"Q85035481","candidates":[]}],[],[]],[[{"start":0,"end":9,"url":null,"entity_id":"Q83843565","candidates":[]}],[],[]],[[{"start":0,"end":9,"url":null,"entity_id":"Q83784880","candidates":[]}],[],[]],[[{"start":0,"end":12,"url":null,"entity_id":"Q83472636","candidates":[]}],[],[]],[[{"start":0,"end":11,"url":null,"entity_id":"Q83170230","candidates":[]}],[],[]],[[{"start":0,"end":21,"url":null,"entity_id":"Q82809415","candidates":[]}],[],[]],[[{"start":0,"end":15,"url":null,"entity_id":"Q82755744","candidates":[]}],[],[]],[[{"start":0,"end":23,"url":null,"entity_id":"Q81972778","candidates":[]}],[],[]],[[{"start":0,"end":9,"url":null,"entity_id":"Q81820945","candidates":[]}],[],[]],[[{"start":0,"end":9,"url":null,"entity_id":"Q81157131","candidates":[]}],[],[]],[[{"start":0,"end":12,"url":null,"entity_id":"Q80727261","candidates":[]}],[],[]],[[{"start":0,"end":9,"url":null,"entity_id":"Q80671745","candidates":[]}],[],[]],[[{"start":0,"end":12,"url":null,"entity_id":"Q80109723","candidates":[]}],[],[]],[[{"start":0,"end":15,"url":null,"entity_id":"Q74712643","candidates":[]}],[],[]],[[{"start":0,"end":11,"url":null,"entity_id":"Q14567495","candidates":[]}],[],[]],[[{"start":0,"end":11,"url":null,"entity_id":"Q86651731","candidates":[]}],[],[]]]}