{"version":"1.2","table":{"version":"2","table_id":"IOM65UDW","columns":[{"index":0,"name":"col0","values":["Nenets","Oirat","Livvi-Karelian","Carib","Pitkern","Gascon","Bukhori dialect","Pontic Greek","Chut","Crow","Bugan","Provençal","Palu'e","Mocoví","Alabama","Muscogee","Romagnol","Rushani dialect","Laz","Vedda language"]},{"index":1,"name":"col1","values":["Samoyedic languages","Mongolic languages","Karelian","Cariban languages","English-based creole languages","Occitan","Tajik","Greek","Chut languages","Western Siouan languages","Mangic languages","Southern Occitan","Sumba languages","Guaicuruan languages","Muskogean languages","Muskogean languages","Emilian-Romagnol","Shughni","Kartvelian languages","Indo-Aryan languages"]},{"index":2,"name":"col2","values":["21926","560000","30770","10000","532","250000","60000","778000","4279","3000","2700","354500","3000","3000","100","4300","1100000","14000","250000","300"]}]},"context":{"page_title":null,"page_url":null,"page_entity_id":null,"content_hierarchy":[]},"links":[[[{"start":0,"end":6,"url":null,"entity_id":"Q36452","candidates":[]}],[{"start":0,"end":19,"url":null,"entity_id":"Q34005","candidates":[]}],[]],[[{"start":0,"end":5,"url":null,"entity_id":"Q56959","candidates":[]}],[{"start":0,"end":18,"url":null,"entity_id":"Q33750","candidates":[]}],[]],[[{"start":0,"end":14,"url":null,"entity_id":"Q36584","candidates":[]}],[{"start":0,"end":8,"url":null,"entity_id":"Q33557","candidates":[]}],[]],[[{"start":0,"end":5,"url":null,"entity_id":"Q56611","candidates":[]}],[{"start":0,"end":17,"url":null,"entity_id":"Q33090","candidates":[]}],[]],[[{"start":0,"end":7,"url":null,"entity_id":"Q36554","candidates":[]}],[{"start":0,"end":30,"url":null,"entity_id":"Q31989","candidates":[]}],[]],[[{"start":0,"end":6,"url":null,"entity_id":"Q35735","candidates":[]}],[{"start":0,"end":7,"url":null,"entity_id":"Q14185","candidates":[]}],[]],[[{"start":0,"end":15,"url":null,"entity_id":"Q56469","candidates":[]}],[{"start":0,"end":5,"url":null,"entity_id":"Q9260","candidates":[]}],[]],[[{"start":0,"end":12,"url":null,"entity_id":"Q36748","candidates":[]}],[{"start":0,"end":5,"url":null,"entity_id":"Q9129","candidates":[]}],[]],[[{"start":0,"end":4,"url":null,"entity_id":"Q2967709","candidates":[]}],[{"start":0,"end":14,"url":null,"entity_id":"Q12629042","candidates":[]}],[]],[[{"start":0,"end":4,"url":null,"entity_id":"Q1207611","candidates":[]}],[{"start":0,"end":24,"url":null,"entity_id":"Q6981875","candidates":[]}],[]],[[{"start":0,"end":5,"url":null,"entity_id":"Q3033554","candidates":[]}],[{"start":0,"end":16,"url":null,"entity_id":"Q3509556","candidates":[]}],[]],[[{"start":0,"end":9,"url":null,"entity_id":"Q241243","candidates":[]}],[{"start":0,"end":16,"url":null,"entity_id":"Q3348605","candidates":[]}],[]],[[{"start":0,"end":6,"url":null,"entity_id":"Q2196866","candidates":[]}],[{"start":0,"end":15,"url":null,"entity_id":"Q2552658","candidates":[]}],[]],[[{"start":0,"end":6,"url":null,"entity_id":"Q3027906","candidates":[]}],[{"start":0,"end":20,"url":null,"entity_id":"Q1974973","candidates":[]}],[]],[[{"start":0,"end":7,"url":null,"entity_id":"Q1815020","candidates":[]}],[{"start":0,"end":19,"url":null,"entity_id":"Q902978","candidates":[]}],[]],[[{"start":0,"end":8,"url":null,"entity_id":"Q523014","candidates":[]}],[{"start":0,"end":19,"url":null,"entity_id":"Q902978","candidates":[]}],[]],[[{"start":0,"end":8,"url":null,"entity_id":"Q1641543","candidates":[]}],[{"start":0,"end":16,"url":null,"entity_id":"Q242648","candidates":[]}],[]],[[{"start":0,"end":15,"url":null,"entity_id":"Q2597566","candidates":[]}],[{"start":0,"end":7,"url":null,"entity_id":"Q34053","candidates":[]}],[]],[[{"start":0,"end":3,"url":null,"entity_id":"Q1160372","candidates":[]}],[{"start":0,"end":20,"url":null,"entity_id":"Q34030","candidates":[]}],[]],[[{"start":0,"end":14,"url":null,"entity_id":"Q2567934","candidates":[]}],[{"start":0,"end":20,"url":null,"entity_id":"Q33577","candidates":[]}],[]]]}