{"version":"1.2","table":{"version":"2","table_id":"IPWI79ZZ","columns":[{"index":0,"name":"col0","values":["Sketch to the stage sets for the fourth act of the Almast opera by A. Spendiarov","Sketch to the stage sets for the third act of the Almast opera by A. Spendiarov","Sketch to the stage sets for the second act of the Almast opera by A. Spendiarov","Sketch to the stage sets for the first act of the Almast opera by A. Spendiarov","Sketch for the costume of Shah from the opera “Almast”","Sketch for the costume of Almast from the opera “Almast”","Sketch for the costume of Jester from the opera ‘Almast’","Illustration for the Armenian Folk Tale “Okhik”","Illustration for the Armenian Folk Tale “Talking Fish”","Illustration for the Armenian Folk Tale “Guri Peri”","Illustration for the Folk Tale “Anahit”","Illustration for the Armenian Folk Tale “The Red Cow”","Illustration for the Armenian Folk Tale “The Magic Ring”","Multicolored Landscape. Sketch to the flyleaf of the collection “Armenian Folk Tales”","Aragats. Sketch","Portrait of the Actor Mikael Manvelian","Portrait of the artist Vahram Papazian","Portrait of Arus Voskanian","Cover design for the antology “ Poetry of Armenia”","Emblem of the Society of Armenian Artists in Tiflis"]},{"index":1,"name":"col1","values":["81","50","81","81","30","30","30","20","20","20","20","20","20","30","25","30","37.5","37","38","17.5"]},{"index":2,"name":"col2","values":["50","35","50","50","51","51","47","28.5","28.5","28.5","28.5","28.5","28.5","29","27.5","39.5","49.5","36","46.5","21"]}]},"context":{"page_title":null,"page_url":null,"page_entity_id":null,"content_hierarchy":[]},"links":[[[{"start":0,"end":79,"url":null,"entity_id":"Q60420016","candidates":[]}],[],[]],[[{"start":0,"end":80,"url":null,"entity_id":"Q60419907","candidates":[]}],[],[]],[[{"start":0,"end":79,"url":null,"entity_id":"Q60419785","candidates":[]}],[],[]],[[{"start":0,"end":54,"url":null,"entity_id":"Q60419637","candidates":[]}],[],[]],[[{"start":0,"end":56,"url":null,"entity_id":"Q60419493","candidates":[]}],[],[]],[[{"start":0,"end":56,"url":null,"entity_id":"Q60419322","candidates":[]}],[],[]],[[{"start":0,"end":47,"url":null,"entity_id":"Q60418982","candidates":[]}],[],[]],[[{"start":0,"end":54,"url":null,"entity_id":"Q60418626","candidates":[]}],[],[]],[[{"start":0,"end":51,"url":null,"entity_id":"Q60418186","candidates":[]}],[],[]],[[{"start":0,"end":39,"url":null,"entity_id":"Q60418065","candidates":[]}],[],[]],[[{"start":0,"end":53,"url":null,"entity_id":"Q60417936","candidates":[]}],[],[]],[[{"start":0,"end":56,"url":null,"entity_id":"Q60416336","candidates":[]}],[],[]],[[{"start":0,"end":85,"url":null,"entity_id":"Q60416150","candidates":[]}],[],[]],[[{"start":0,"end":15,"url":null,"entity_id":"Q60415951","candidates":[]}],[],[]],[[{"start":0,"end":38,"url":null,"entity_id":"Q60415377","candidates":[]}],[],[]],[[{"start":0,"end":38,"url":null,"entity_id":"Q60414673","candidates":[]}],[],[]],[[{"start":0,"end":26,"url":null,"entity_id":"Q60414481","candidates":[]}],[],[]],[[{"start":0,"end":50,"url":null,"entity_id":"Q60414244","candidates":[]}],[],[]],[[{"start":0,"end":51,"url":null,"entity_id":"Q60413920","candidates":[]}],[],[]],[[{"start":0,"end":80,"url":null,"entity_id":"Q60420155","candidates":[]}],[],[]]]}