{"version":"1.2","table":{"version":"2","table_id":"IQ65EHMF","columns":[{"index":0,"name":"col0","values":["Ekkjestølgn power station","Eikelandsosen powe station","Eidsetelva powhr station","Driva power statiqn","Cruachap ower station","Uuldal II power station","Åmela powr tation","Uvdal I power svation","Usta powfr station","Ulvik powgr station","Tysso\"II power\"station","Tussa power statkon","Wafjord 2 power station","Sundsbarm power statkon","Steinsland power statipn","Skibotn ppwer station","Refsdal power statio","Ormsetfoss power statioo","Niingen wer stbtion","Nedre Vinstra powes station"]},{"index":1,"name":"col1","values":["17.1513","95.285","5.7456000000000005","655.0","710.64","653.9559999999999","131.604","319.68","906.81","111.33299999999998","905.85","278.76","140.58","430.42999999999995","820.179","368.403","452.887","77.616","73.26","1306.692"]},{"index":2,"name":"col2","values":["462.844","506.0","391.56","559.915","397.18799999999993","543.91","533.856","582.075","535.14","385.839","735.7349999999999","636.3629999999999","390.48299999999995","482.88","456.36499999999995","433.86999999999995","525.092","381.312","500.996","448.448"]}]},"context":{"page_title":null,"page_url":null,"page_entity_id":null,"content_hierarchy":[]},"links":[[[{"start":0,"end":26,"url":null,"entity_id":"Q17769321","candidates":[]}],[],[]],[[{"start":0,"end":24,"url":null,"entity_id":"Q17769283","candidates":[]}],[],[]],[[{"start":0,"end":19,"url":null,"entity_id":"Q17767829","candidates":[]}],[],[]],[[{"start":0,"end":21,"url":null,"entity_id":"Q15212096","candidates":[]}],[],[]],[[{"start":0,"end":23,"url":null,"entity_id":"Q12718758","candidates":[]}],[],[]],[[{"start":0,"end":17,"url":null,"entity_id":"Q12011516","candidates":[]}],[],[]],[[{"start":0,"end":21,"url":null,"entity_id":"Q12008724","candidates":[]}],[],[]],[[{"start":0,"end":18,"url":null,"entity_id":"Q12008611","candidates":[]}],[],[]],[[{"start":0,"end":19,"url":null,"entity_id":"Q12008361","candidates":[]}],[],[]],[[{"start":0,"end":22,"url":null,"entity_id":"Q12008072","candidates":[]}],[],[]],[[{"start":0,"end":19,"url":null,"entity_id":"Q12007938","candidates":[]}],[],[]],[[{"start":0,"end":23,"url":null,"entity_id":"Q12005051","candidates":[]}],[],[]],[[{"start":0,"end":23,"url":null,"entity_id":"Q12003982","candidates":[]}],[],[]],[[{"start":0,"end":24,"url":null,"entity_id":"Q12003026","candidates":[]}],[],[]],[[{"start":0,"end":21,"url":null,"entity_id":"Q12000945","candidates":[]}],[],[]],[[{"start":0,"end":20,"url":null,"entity_id":"Q11997346","candidates":[]}],[],[]],[[{"start":0,"end":24,"url":null,"entity_id":"Q11994112","candidates":[]}],[],[]],[[{"start":0,"end":19,"url":null,"entity_id":"Q11991401","candidates":[]}],[],[]],[[{"start":0,"end":27,"url":null,"entity_id":"Q11991065","candidates":[]}],[],[]],[[{"start":0,"end":25,"url":null,"entity_id":"Q17769390","candidates":[]}],[],[]]]}