{"version":"1.2","table":{"version":"2","table_id":"IQH4KPNN","columns":[{"index":0,"name":"col0","values":["Yazyavan District","Zafarobod District","Kosonsoy District","Uchqoʻrgʻon District","Namangan District","Chortoq District","Uychi District","Pop District","Zarbdar District","Oltinsoy District","Norin District","Boysun District","Pakhtakor District","Yangiqoʻrgʻon District","Baliqchi District","Forish District","Jizzakh District","Mingbuloq District","Pakhtaabad District","Sherobod District"]},{"index":1,"name":"col1","values":["426","294","965","490","397","785","439","420","357","551","426","1482","298","860","427","254","393","374","516","777"]},{"index":2,"name":"col2","values":["440","470","510","2900","250","360","3098","2941","510","560","2071","3720","380","540","340","9670","1320","740","290","2730"]}]},"context":{"page_title":null,"page_url":null,"page_entity_id":null,"content_hierarchy":[]},"links":[[[{"start":0,"end":17,"url":null,"entity_id":"Q2396984","candidates":[]}],[],[]],[[{"start":0,"end":18,"url":null,"entity_id":"Q2396969","candidates":[]}],[],[]],[[{"start":0,"end":17,"url":null,"entity_id":"Q1646781","candidates":[]}],[],[]],[[{"start":0,"end":20,"url":null,"entity_id":"Q1646776","candidates":[]}],[],[]],[[{"start":0,"end":17,"url":null,"entity_id":"Q1646771","candidates":[]}],[],[]],[[{"start":0,"end":16,"url":null,"entity_id":"Q1646766","candidates":[]}],[],[]],[[{"start":0,"end":14,"url":null,"entity_id":"Q1646758","candidates":[]}],[],[]],[[{"start":0,"end":12,"url":null,"entity_id":"Q1646754","candidates":[]}],[],[]],[[{"start":0,"end":16,"url":null,"entity_id":"Q1646745","candidates":[]}],[],[]],[[{"start":0,"end":17,"url":null,"entity_id":"Q1646726","candidates":[]}],[],[]],[[{"start":0,"end":14,"url":null,"entity_id":"Q1646722","candidates":[]}],[],[]],[[{"start":0,"end":15,"url":null,"entity_id":"Q1646711","candidates":[]}],[],[]],[[{"start":0,"end":18,"url":null,"entity_id":"Q1646704","candidates":[]}],[],[]],[[{"start":0,"end":22,"url":null,"entity_id":"Q1646697","candidates":[]}],[],[]],[[{"start":0,"end":17,"url":null,"entity_id":"Q1646692","candidates":[]}],[],[]],[[{"start":0,"end":15,"url":null,"entity_id":"Q1646688","candidates":[]}],[],[]],[[{"start":0,"end":16,"url":null,"entity_id":"Q1646683","candidates":[]}],[],[]],[[{"start":0,"end":18,"url":null,"entity_id":"Q1646679","candidates":[]}],[],[]],[[{"start":0,"end":19,"url":null,"entity_id":"Q1646660","candidates":[]}],[],[]],[[{"start":0,"end":17,"url":null,"entity_id":"Q1645173","candidates":[]}],[],[]]]}