{"version":"1.2","table":{"version":"2","table_id":"IQYQ36Z5","columns":[{"index":0,"name":"col0","values":[".win",".review",".men",".webcam",".market",".autos",".gop",".theater",".cruises",".bingo",".loans",".accountants",".careers",".university",".loan",".accountant",".reviews",".photo",".auto",".photography"]},{"index":1,"name":"col1","values":[".wine",".reviews",".menu",".camera",".marketing",".auto",".republican",".theatre",".cruise",".bing",".loan",".accountant",".jobs",".edu",".loans",".accountants",".review",".photography",".autos",".photo"]},{"index":2,"name":"col2","values":["Famous Four Media","Famous Four Media","Famous Four Media","Famous Four Media","Rightside Group","Dominion Registries","Republican State Leadership Committee","Donuts","Donuts","Donuts","Donuts","Donuts","Donuts","Donuts","Famous Four Media","Famous Four Media","Rightside Group","Uniregistry","XYZ","Donuts"]}]},"context":{"page_title":null,"page_url":null,"page_entity_id":null,"content_hierarchy":[]},"links":[[[{"start":0,"end":4,"url":null,"entity_id":"Q20577825","candidates":[]}],[{"start":0,"end":5,"url":null,"entity_id":"Q24033100","candidates":[]}],[{"start":0,"end":17,"url":null,"entity_id":"Q43766890","candidates":[]}]],[[{"start":0,"end":7,"url":null,"entity_id":"Q20576237","candidates":[]}],[{"start":0,"end":8,"url":null,"entity_id":"Q16049214","candidates":[]}],[{"start":0,"end":17,"url":null,"entity_id":"Q43766890","candidates":[]}]],[[{"start":0,"end":4,"url":null,"entity_id":"Q15928093","candidates":[]}],[{"start":0,"end":5,"url":null,"entity_id":"Q16048944","candidates":[]}],[{"start":0,"end":17,"url":null,"entity_id":"Q43766890","candidates":[]}]],[[{"start":0,"end":7,"url":null,"entity_id":"Q16049545","candidates":[]}],[{"start":0,"end":7,"url":null,"entity_id":"Q16048180","candidates":[]}],[{"start":0,"end":17,"url":null,"entity_id":"Q43766890","candidates":[]}]],[[{"start":0,"end":7,"url":null,"entity_id":"Q20574816","candidates":[]}],[{"start":0,"end":10,"url":null,"entity_id":"Q16053076","candidates":[]}],[{"start":0,"end":15,"url":null,"entity_id":"Q30100944","candidates":[]}]],[[{"start":0,"end":6,"url":null,"entity_id":"Q20571158","candidates":[]}],[{"start":0,"end":5,"url":null,"entity_id":"Q20571151","candidates":[]}],[{"start":0,"end":19,"url":null,"entity_id":"Q29438248","candidates":[]}]],[[{"start":0,"end":4,"url":null,"entity_id":"Q20573280","candidates":[]}],[{"start":0,"end":11,"url":null,"entity_id":"Q20576191","candidates":[]}],[{"start":0,"end":37,"url":null,"entity_id":"Q20858257","candidates":[]}]],[[{"start":0,"end":8,"url":null,"entity_id":"Q20577354","candidates":[]}],[{"start":0,"end":8,"url":null,"entity_id":"Q29587362","candidates":[]}],[{"start":0,"end":6,"url":null,"entity_id":"Q18588958","candidates":[]}]],[[{"start":0,"end":8,"url":null,"entity_id":"Q16052922","candidates":[]}],[{"start":0,"end":7,"url":null,"entity_id":"Q28122837","candidates":[]}],[{"start":0,"end":6,"url":null,"entity_id":"Q18588958","candidates":[]}]],[[{"start":0,"end":6,"url":null,"entity_id":"Q20571282","candidates":[]}],[{"start":0,"end":5,"url":null,"entity_id":"Q20571273","candidates":[]}],[{"start":0,"end":6,"url":null,"entity_id":"Q18588958","candidates":[]}]],[[{"start":0,"end":6,"url":null,"entity_id":"Q20574611","candidates":[]}],[{"start":0,"end":5,"url":null,"entity_id":"Q15928111","candidates":[]}],[{"start":0,"end":6,"url":null,"entity_id":"Q18588958","candidates":[]}]],[[{"start":0,"end":12,"url":null,"entity_id":"Q20570983","candidates":[]}],[{"start":0,"end":11,"url":null,"entity_id":"Q15927879","candidates":[]}],[{"start":0,"end":6,"url":null,"entity_id":"Q18588958","candidates":[]}]],[[{"start":0,"end":8,"url":null,"entity_id":"Q16052911","candidates":[]}],[{"start":0,"end":5,"url":null,"entity_id":"Q728232","candidates":[]}],[{"start":0,"end":6,"url":null,"entity_id":"Q18588958","candidates":[]}]],[[{"start":0,"end":11,"url":null,"entity_id":"Q20577532","candidates":[]}],[{"start":0,"end":4,"url":null,"entity_id":"Q216625","candidates":[]}],[{"start":0,"end":6,"url":null,"entity_id":"Q18588958","candidates":[]}]],[[{"start":0,"end":5,"url":null,"entity_id":"Q15928111","candidates":[]}],[{"start":0,"end":6,"url":null,"entity_id":"Q20574611","candidates":[]}],[{"start":0,"end":17,"url":null,"entity_id":"Q43766890","candidates":[]}]],[[{"start":0,"end":11,"url":null,"entity_id":"Q15927879","candidates":[]}],[{"start":0,"end":12,"url":null,"entity_id":"Q20570983","candidates":[]}],[{"start":0,"end":17,"url":null,"entity_id":"Q43766890","candidates":[]}]],[[{"start":0,"end":8,"url":null,"entity_id":"Q16049214","candidates":[]}],[{"start":0,"end":7,"url":null,"entity_id":"Q20576237","candidates":[]}],[{"start":0,"end":15,"url":null,"entity_id":"Q30100944","candidates":[]}]],[[{"start":0,"end":6,"url":null,"entity_id":"Q16052799","candidates":[]}],[{"start":0,"end":12,"url":null,"entity_id":"Q16053155","candidates":[]}],[{"start":0,"end":11,"url":null,"entity_id":"Q29561094","candidates":[]}]],[[{"start":0,"end":5,"url":null,"entity_id":"Q20571151","candidates":[]}],[{"start":0,"end":6,"url":null,"entity_id":"Q20571158","candidates":[]}],[{"start":0,"end":3,"url":null,"entity_id":"Q29557685","candidates":[]}]],[[{"start":0,"end":12,"url":null,"entity_id":"Q16053155","candidates":[]}],[{"start":0,"end":6,"url":null,"entity_id":"Q16052799","candidates":[]}],[{"start":0,"end":6,"url":null,"entity_id":"Q18588958","candidates":[]}]]]}