{"version":"1.2","table":{"version":"2","table_id":"IRHSOREI","columns":[{"index":0,"name":"col0","values":["An Interview with Mike Heyworth, Director of the Council for British Archaeology","An Interview with Professor Ruth Whitehouse, Institute of Archaeology, UCL","'I've stood against Muslims and them coming to this country': Pauline Hanson grills One Nation's new Muslim candidate as far-right groups threaten to boycott the party over her selection","The Secretive Creator Of Yandere Simulator, A Game About Murdering High School Girls","An interview with Professor John Evans","Fantastic fungi","Interview with David Miles, Chief Archaeologist, English Heritage","Interview with Dr Robert Anderson, Director of the British Museum","Interview with Neil Ascherson, Honorary Lecturer at the Institute of Archaeology, UCL","A Museum Curator Learns That Trading in Sacred Objects Can Be a Shady Business","BEHIND-THE-CAMERA WITH OSCAR NOMINEES & WINNERS","Rambling Reporter Gets Random With … Michael B. Jordan","Oral history interview with Roland Balay, 1981 November 19-December 7","Parallel Lives – An Interview with Ruth Tringham","Digital Access To Knowledge: Research Chat With Harvard’s Peter Suber","An Interview with Peter Suber on Open Access","MoMA Archives Oral History: Interview with Grace M. Mayer","Nicki Minaj: 'I have bigger balls than the boys'","Changing Spaces: Galinsky and the Virtual Furnace","Once a physicist: Elon Musk"]},{"index":1,"name":"col1","values":["An Interview with Mike Heyworth, Director of the Council for British Archaeology","An Interview with Professor Ruth Whitehouse, Institute of Archaeology, UCL","'I've stood against Muslims and them coming to this country': Pauline Hanson grills One Nation's new Muslim candidate as far-right groups threaten to boycott the party over her selection","The Secretive Creator Of Yandere Simulator, A Game About Murdering High School Girls","An interview with Professor John Evans","Fantastic fungi","Interview with David Miles, Chief Archaeologist, English Heritage","Interview with Dr Robert Anderson, Director of the British Museum","Interview with Neil Ascherson, Honorary Lecturer at the Institute of Archaeology, UCL","A Museum Curator Learns That Trading in Sacred Objects Can Be a Shady Business","BEHIND-THE-CAMERA WITH OSCAR NOMINEES & WINNERS","Rambling Reporter Gets Random With … Michael B. Jordan","Oral history interview with Roland Balay, 1981 November 19-December 7","Parallel Lives – An Interview with Ruth Tringham","Digital Access To Knowledge: Research Chat With Harvard’s Peter Suber","An Interview with Peter Suber on Open Access","THE MUSEUM OF MODERN ART ORAL HISTORY PROGRAM INTERVIEW WITH: GRACE M. MAYER (GM)","Nicki Minaj: 'I have bigger balls than the boys'","Changing Spaces: Galinsky and the Virtual Furnace","Once a physicist: Elon Musk"]},{"index":2,"name":"col2","values":["2004-07-25","2002-08-03","2019-02-11","2016-06-28","1994-11-15","2016-06-24","1999-11-15","2000-11-15","1998-11-15","2017-01-01","2015-02-19","2016-06-07","1981-01-01","2008-01-01","2012-10-16","2015-09-30","1991-03-26","2012-04-27","2005-03-01","2007-01-01"]},{"index":3,"name":"col3","values":["Julie Eklund","Julie Eklund","Stephen Johnson","Cecilia D'Anastasio","Brian Hole","Heidi L Burdett","Andrew Gardner","Andrew Gardner","Andrew Gardner","David Skinner","Amy Packham","Ashley Lee","Roland Balay","Brit Solli","Peter Suber","Peter Suber","Grace M. Mayer","Simon Hattenstone","Toni Sant","Elon Musk"]}]},"context":{"page_title":null,"page_url":null,"page_entity_id":null,"content_hierarchy":[]},"links":[[[{"start":0,"end":80,"url":null,"entity_id":"Q62076691","candidates":[]}],[],[],[{"start":0,"end":12,"url":null,"entity_id":"Q81176899","candidates":[]}]],[[{"start":0,"end":74,"url":null,"entity_id":"Q62076319","candidates":[]}],[],[],[{"start":0,"end":12,"url":null,"entity_id":"Q81176899","candidates":[]}]],[[{"start":0,"end":186,"url":null,"entity_id":"Q63737749","candidates":[]}],[],[],[{"start":0,"end":15,"url":null,"entity_id":"Q70931178","candidates":[]}]],[[{"start":0,"end":84,"url":null,"entity_id":"Q64002926","candidates":[]}],[],[],[{"start":0,"end":19,"url":null,"entity_id":"Q60664357","candidates":[]}]],[[{"start":0,"end":38,"url":null,"entity_id":"Q62076155","candidates":[]}],[],[],[{"start":0,"end":10,"url":null,"entity_id":"Q57208368","candidates":[]}]],[[{"start":0,"end":15,"url":null,"entity_id":"Q60548056","candidates":[]}],[],[],[{"start":0,"end":15,"url":null,"entity_id":"Q56450213","candidates":[]}]],[[{"start":0,"end":65,"url":null,"entity_id":"Q62076755","candidates":[]}],[],[],[{"start":0,"end":14,"url":null,"entity_id":"Q46997879","candidates":[]}]],[[{"start":0,"end":65,"url":null,"entity_id":"Q62076278","candidates":[]}],[],[],[{"start":0,"end":14,"url":null,"entity_id":"Q46997879","candidates":[]}]],[[{"start":0,"end":85,"url":null,"entity_id":"Q62076261","candidates":[]}],[],[],[{"start":0,"end":14,"url":null,"entity_id":"Q46997879","candidates":[]}]],[[{"start":0,"end":78,"url":null,"entity_id":"Q64153982","candidates":[]}],[],[],[{"start":0,"end":13,"url":null,"entity_id":"Q5239849","candidates":[]}]],[[{"start":0,"end":47,"url":null,"entity_id":"Q24540130","candidates":[]}],[],[],[{"start":0,"end":11,"url":null,"entity_id":"Q24540155","candidates":[]}]],[[{"start":0,"end":54,"url":null,"entity_id":"Q24448054","candidates":[]}],[],[],[{"start":0,"end":10,"url":null,"entity_id":"Q24448061","candidates":[]}]],[[{"start":0,"end":69,"url":null,"entity_id":"Q56292841","candidates":[]}],[],[],[{"start":0,"end":12,"url":null,"entity_id":"Q20751600","candidates":[]}]],[[{"start":0,"end":48,"url":null,"entity_id":"Q54914093","candidates":[]}],[],[],[{"start":0,"end":10,"url":null,"entity_id":"Q4969180","candidates":[]}]],[[{"start":0,"end":69,"url":null,"entity_id":"Q54602757","candidates":[]}],[],[],[{"start":0,"end":11,"url":null,"entity_id":"Q289028","candidates":[]}]],[[{"start":0,"end":44,"url":null,"entity_id":"Q54577443","candidates":[]}],[],[],[{"start":0,"end":11,"url":null,"entity_id":"Q289028","candidates":[]}]],[[{"start":0,"end":57,"url":null,"entity_id":"Q57764820","candidates":[]}],[],[],[{"start":0,"end":14,"url":null,"entity_id":"Q55419639","candidates":[]}]],[[{"start":0,"end":48,"url":null,"entity_id":"Q56886289","candidates":[]}],[],[],[{"start":0,"end":17,"url":null,"entity_id":"Q28474619","candidates":[]}]],[[{"start":0,"end":49,"url":null,"entity_id":"Q57839967","candidates":[]}],[],[],[{"start":0,"end":9,"url":null,"entity_id":"Q7821334","candidates":[]}]],[[{"start":0,"end":27,"url":null,"entity_id":"Q58191755","candidates":[]}],[],[],[{"start":0,"end":9,"url":null,"entity_id":"Q317521","candidates":[]}]]]}