{"version":"1.2","table":{"version":"2","table_id":"ISKS9892","columns":[{"index":0,"name":"col0","values":["2MASS J16314906-4756044","[SMG2009] 1081-21","2MASS J15430468-5511123","2MASS J16321298-4750358","2MASS J16114370-5110166","2MASS J16312923-4756164","2MASS J12381878-6324197","[SMG2009] 807-16","2MASS J12132829-6241429","2MASS J12284191-6325461","2MASS J12554426-6335500","2MASS J18414845-0400129","[SMG2009] 1462-54","2MASS J18230342-1310003","HD 186943","2MASS J15013011-5916120","2MASS J15203591-5727119","2MASS J10162622-5728057","2MASS J11160353-6126583","2MASS J11194296-6127124"]},{"index":1,"name":"col1","values":["247.954425","246.2453117678698","235.7695042","248.0541083","242.9321377255721","247.8718083","189.5781836754516","187.5161263070787","183.3678917","187.1746412288458","193.934425","280.4519125","277.3910125420318","275.7642833","296.5664137501832","225.3754958","230.1496820790861","154.1092469650777","169.0147333","169.9292599961087"]},{"index":2,"name":"col2","values":["Norma","Norma","Norma","Norma","Norma","Norma","Crux","Crux","Crux","Crux","Crux","Scutum","Scutum","Scutum","Vulpecula","Circinus","Circinus","Carina","Carina","Carina"]},{"index":3,"name":"col3","values":["6.69","6.54","3.57","6.36","2.21","5.34","8.76","9.33","9.88","9.29","6.22","9.5","10.39","2.49","3422.3135","5.31","7.12","4.28","5.51","8.56"]}]},"context":{"page_title":null,"page_url":null,"page_entity_id":null,"content_hierarchy":[]},"links":[[[{"start":0,"end":17,"url":null,"entity_id":"Q83619113","candidates":[]}],[],[{"start":0,"end":5,"url":null,"entity_id":"Q10582","candidates":[]}],[]],[[{"start":0,"end":23,"url":null,"entity_id":"Q83616352","candidates":[]}],[],[{"start":0,"end":5,"url":null,"entity_id":"Q10582","candidates":[]}],[]],[[{"start":0,"end":23,"url":null,"entity_id":"Q83615985","candidates":[]}],[],[{"start":0,"end":5,"url":null,"entity_id":"Q10582","candidates":[]}],[]],[[{"start":0,"end":23,"url":null,"entity_id":"Q83615781","candidates":[]}],[],[{"start":0,"end":5,"url":null,"entity_id":"Q10582","candidates":[]}],[]],[[{"start":0,"end":23,"url":null,"entity_id":"Q83613650","candidates":[]}],[],[{"start":0,"end":5,"url":null,"entity_id":"Q10582","candidates":[]}],[]],[[{"start":0,"end":23,"url":null,"entity_id":"Q83619006","candidates":[]}],[],[{"start":0,"end":4,"url":null,"entity_id":"Q10542","candidates":[]}],[]],[[{"start":0,"end":16,"url":null,"entity_id":"Q83618362","candidates":[]}],[],[{"start":0,"end":4,"url":null,"entity_id":"Q10542","candidates":[]}],[]],[[{"start":0,"end":23,"url":null,"entity_id":"Q83618276","candidates":[]}],[],[{"start":0,"end":4,"url":null,"entity_id":"Q10542","candidates":[]}],[]],[[{"start":0,"end":23,"url":null,"entity_id":"Q83617048","candidates":[]}],[],[{"start":0,"end":4,"url":null,"entity_id":"Q10542","candidates":[]}],[]],[[{"start":0,"end":23,"url":null,"entity_id":"Q83616978","candidates":[]}],[],[{"start":0,"end":4,"url":null,"entity_id":"Q10542","candidates":[]}],[]],[[{"start":0,"end":23,"url":null,"entity_id":"Q83617227","candidates":[]}],[],[{"start":0,"end":6,"url":null,"entity_id":"Q10529","candidates":[]}],[]],[[{"start":0,"end":17,"url":null,"entity_id":"Q83616472","candidates":[]}],[],[{"start":0,"end":6,"url":null,"entity_id":"Q10529","candidates":[]}],[]],[[{"start":0,"end":23,"url":null,"entity_id":"Q83615156","candidates":[]}],[],[{"start":0,"end":6,"url":null,"entity_id":"Q10529","candidates":[]}],[]],[[{"start":0,"end":9,"url":null,"entity_id":"Q84050025","candidates":[]}],[],[{"start":0,"end":9,"url":null,"entity_id":"Q10519","candidates":[]}],[]],[[{"start":0,"end":23,"url":null,"entity_id":"Q83618693","candidates":[]}],[],[{"start":0,"end":8,"url":null,"entity_id":"Q10508","candidates":[]}],[]],[[{"start":0,"end":23,"url":null,"entity_id":"Q83615917","candidates":[]}],[],[{"start":0,"end":8,"url":null,"entity_id":"Q10508","candidates":[]}],[]],[[{"start":0,"end":23,"url":null,"entity_id":"Q83616200","candidates":[]}],[],[{"start":0,"end":6,"url":null,"entity_id":"Q10470","candidates":[]}],[]],[[{"start":0,"end":23,"url":null,"entity_id":"Q83615686","candidates":[]}],[],[{"start":0,"end":6,"url":null,"entity_id":"Q10470","candidates":[]}],[]],[[{"start":0,"end":23,"url":null,"entity_id":"Q83614330","candidates":[]}],[],[{"start":0,"end":6,"url":null,"entity_id":"Q10470","candidates":[]}],[]],[[{"start":0,"end":23,"url":null,"entity_id":"Q83620108","candidates":[]}],[],[{"start":0,"end":5,"url":null,"entity_id":"Q10582","candidates":[]}],[]]]}