{"version":"1.2","table":{"version":"2","table_id":"ITCRTXE4","columns":[{"index":0,"name":"col0","values":["Croix de Barville","Croix de Gibourne","Croix du Grand-Gué","Croix de Cherves-Richemont","Croix, rue du Collège, Mende","Wrought iron cross and its granite base","Croix d'Hénonville","Croix de carrefour de Sergeac","Croix, place de la Liberté à Sainte-Alvère","Croix Bernadotte","Croix de Rully (Saône-et-Loire)","Croix monumentale d'Aigueperse","Croix de Baissey","Croix de Lugny","Croix romane d'Oppède","Banchory, 54 Station Road, North Garden Wall, Cross","Standing cross at the Church of St Mary","Medieval cross in Holy Trinity churchyard","croix des halles de Cordes-sur-Ciel","Croix de Bonabry","Croix de Galcetaburu","croix des Damiens","Croix de chemin de Pondaurat","Croix de Rosquelfen à Laniscat","Croix de cimetière de La Cassagne","Croix Saint-Michel","Croix mérovingienne de Plérin","Croix de Kervoënno","Creu del Pedró","Creu de Can Grau","Creu d'Ardenya","Creu de Ca n'Esteve","Cliff Site","Croix de Sorgeat","Croix de Manses","Croix de Pierre de Bouville","Croix de Durhan","Croix des Templiers de Peyrelevade","Croix byzantine de Tasque","Croix d'Oust","Croix de Villemoneix"]},{"index":1,"name":"col1","values":["Barville","Gibourne","Vendeuvre-du-Poitou","Cherves-Richemont","Mende","Les Belleville","Hénonville","Sergeac","Sainte-Alvère-Saint-Laurent-les-Bâtons","Martailly-lès-Brancion","Rully","Aigueperse","Baissey","Lugny","Oppède","Aberdeenshire","Ecclesfield","Much Wenlock","Cordes-sur-Ciel","Hillion","Gamarthe","Éroudeville","Pondaurat","Laniscat","La Cassagne","Île-de-Bréhat","Plérin","Lannion","Begues","Begues","Begues","Cervelló","Norfolk County","Sorgeat","Manses","Bouville","Lézat-sur-Lèze","Peyrelevade","Tasque","Oust","Gentioux-Pigerolles"]},{"index":2,"name":"col2","values":["monument historique classé","registered historic monument","registered historic monument","registered historic monument","registered historic monument","monument historique classé","monument historique classé","monument historique classé","registered historic monument","registered historic monument","registered historic monument","registered historic monument","registered historic monument","registered historic monument","registered historic monument","category B listed building","scheduled monument","scheduled monument","monument historique classé","monument historique classé","monument historique classé","registered historic monument","registered historic monument","registered historic monument","registered historic monument","registered historic monument","registered historic monument","registered historic monument","Cultural Asset part of the architectural heritage of Catalonia","Cultural Asset part of the architectural heritage of Catalonia","Cultural Asset part of the architectural heritage of Catalonia","Cultural Asset of Local Interest","national historic site of Canada","monument historique classé","monument historique classé","monument historique classé","monument historique classé","monument historique classé","registered historic monument","registered historic monument","registered historic monument"]},{"index":3,"name":"col3","values":["France","France","France","France","France","France","France","France","France","France","France","France","France","France","France","United Kingdom","United Kingdom","United Kingdom","France","France","France","France","France","France","France","France","France","France","Spain","Spain","Spain","Spain","Canada","France","France","France","France","France","France","France","France"]}]},"context":{"page_title":null,"page_url":null,"page_entity_id":null,"content_hierarchy":[]},"links":[[[{"start":0,"end":17,"url":null,"entity_id":"Q22960266","candidates":[]}],[{"start":0,"end":8,"url":null,"entity_id":"Q216397","candidates":[]}],[{"start":0,"end":26,"url":null,"entity_id":"Q10387684","candidates":[]}],[{"start":0,"end":6,"url":null,"entity_id":"Q142","candidates":[]}]],[[{"start":0,"end":17,"url":null,"entity_id":"Q22954824","candidates":[]}],[{"start":0,"end":8,"url":null,"entity_id":"Q1080930","candidates":[]}],[{"start":0,"end":28,"url":null,"entity_id":"Q10387575","candidates":[]}],[{"start":0,"end":6,"url":null,"entity_id":"Q142","candidates":[]}]],[[{"start":0,"end":18,"url":null,"entity_id":"Q22956828","candidates":[]}],[{"start":0,"end":19,"url":null,"entity_id":"Q739394","candidates":[]}],[{"start":0,"end":28,"url":null,"entity_id":"Q10387575","candidates":[]}],[{"start":0,"end":6,"url":null,"entity_id":"Q142","candidates":[]}]],[[{"start":0,"end":26,"url":null,"entity_id":"Q22954450","candidates":[]}],[{"start":0,"end":17,"url":null,"entity_id":"Q661000","candidates":[]}],[{"start":0,"end":28,"url":null,"entity_id":"Q10387575","candidates":[]}],[{"start":0,"end":6,"url":null,"entity_id":"Q142","candidates":[]}]],[[{"start":0,"end":28,"url":null,"entity_id":"Q22954234","candidates":[]}],[{"start":0,"end":5,"url":null,"entity_id":"Q191772","candidates":[]}],[{"start":0,"end":28,"url":null,"entity_id":"Q10387575","candidates":[]}],[{"start":0,"end":6,"url":null,"entity_id":"Q142","candidates":[]}]],[[{"start":0,"end":39,"url":null,"entity_id":"Q22968582","candidates":[]}],[{"start":0,"end":14,"url":null,"entity_id":"Q21979672","candidates":[]}],[{"start":0,"end":26,"url":null,"entity_id":"Q10387684","candidates":[]}],[{"start":0,"end":6,"url":null,"entity_id":"Q142","candidates":[]}]],[[{"start":0,"end":18,"url":null,"entity_id":"Q22966234","candidates":[]}],[{"start":0,"end":10,"url":null,"entity_id":"Q1346675","candidates":[]}],[{"start":0,"end":26,"url":null,"entity_id":"Q10387684","candidates":[]}],[{"start":0,"end":6,"url":null,"entity_id":"Q142","candidates":[]}]],[[{"start":0,"end":29,"url":null,"entity_id":"Q22988140","candidates":[]}],[{"start":0,"end":7,"url":null,"entity_id":"Q628992","candidates":[]}],[{"start":0,"end":26,"url":null,"entity_id":"Q10387684","candidates":[]}],[{"start":0,"end":6,"url":null,"entity_id":"Q142","candidates":[]}]],[[{"start":0,"end":42,"url":null,"entity_id":"Q22975857","candidates":[]}],[{"start":0,"end":38,"url":null,"entity_id":"Q21619548","candidates":[]}],[{"start":0,"end":28,"url":null,"entity_id":"Q10387575","candidates":[]}],[{"start":0,"end":6,"url":null,"entity_id":"Q142","candidates":[]}]],[[{"start":0,"end":16,"url":null,"entity_id":"Q22965835","candidates":[]}],[{"start":0,"end":22,"url":null,"entity_id":"Q1465575","candidates":[]}],[{"start":0,"end":28,"url":null,"entity_id":"Q10387575","candidates":[]}],[{"start":0,"end":6,"url":null,"entity_id":"Q142","candidates":[]}]],[[{"start":0,"end":31,"url":null,"entity_id":"Q22965898","candidates":[]}],[{"start":0,"end":5,"url":null,"entity_id":"Q1464535","candidates":[]}],[{"start":0,"end":28,"url":null,"entity_id":"Q10387575","candidates":[]}],[{"start":0,"end":6,"url":null,"entity_id":"Q142","candidates":[]}]],[[{"start":0,"end":30,"url":null,"entity_id":"Q22967446","candidates":[]}],[{"start":0,"end":10,"url":null,"entity_id":"Q1158006","candidates":[]}],[{"start":0,"end":28,"url":null,"entity_id":"Q10387575","candidates":[]}],[{"start":0,"end":6,"url":null,"entity_id":"Q142","candidates":[]}]],[[{"start":0,"end":16,"url":null,"entity_id":"Q22985166","candidates":[]}],[{"start":0,"end":7,"url":null,"entity_id":"Q1102971","candidates":[]}],[{"start":0,"end":28,"url":null,"entity_id":"Q10387575","candidates":[]}],[{"start":0,"end":6,"url":null,"entity_id":"Q142","candidates":[]}]],[[{"start":0,"end":14,"url":null,"entity_id":"Q22965812","candidates":[]}],[{"start":0,"end":5,"url":null,"entity_id":"Q839867","candidates":[]}],[{"start":0,"end":28,"url":null,"entity_id":"Q10387575","candidates":[]}],[{"start":0,"end":6,"url":null,"entity_id":"Q142","candidates":[]}]],[[{"start":0,"end":21,"url":null,"entity_id":"Q22986504","candidates":[]}],[{"start":0,"end":6,"url":null,"entity_id":"Q625964","candidates":[]}],[{"start":0,"end":28,"url":null,"entity_id":"Q10387575","candidates":[]}],[{"start":0,"end":6,"url":null,"entity_id":"Q142","candidates":[]}]],[[{"start":0,"end":51,"url":null,"entity_id":"Q17774091","candidates":[]}],[{"start":0,"end":13,"url":null,"entity_id":"Q189912","candidates":[]}],[{"start":0,"end":26,"url":null,"entity_id":"Q10729125","candidates":[]}],[{"start":0,"end":14,"url":null,"entity_id":"Q145","candidates":[]}]],[[{"start":0,"end":39,"url":null,"entity_id":"Q17678893","candidates":[]}],[{"start":0,"end":11,"url":null,"entity_id":"Q2502180","candidates":[]}],[{"start":0,"end":18,"url":null,"entity_id":"Q219538","candidates":[]}],[{"start":0,"end":14,"url":null,"entity_id":"Q145","candidates":[]}]],[[{"start":0,"end":41,"url":null,"entity_id":"Q17678098","candidates":[]}],[{"start":0,"end":12,"url":null,"entity_id":"Q201114","candidates":[]}],[{"start":0,"end":18,"url":null,"entity_id":"Q219538","candidates":[]}],[{"start":0,"end":14,"url":null,"entity_id":"Q145","candidates":[]}]],[[{"start":0,"end":35,"url":null,"entity_id":"Q18815009","candidates":[]}],[{"start":0,"end":15,"url":null,"entity_id":"Q635125","candidates":[]}],[{"start":0,"end":26,"url":null,"entity_id":"Q10387684","candidates":[]}],[{"start":0,"end":6,"url":null,"entity_id":"Q142","candidates":[]}]],[[{"start":0,"end":16,"url":null,"entity_id":"Q22924989","candidates":[]}],[{"start":0,"end":7,"url":null,"entity_id":"Q224443","candidates":[]}],[{"start":0,"end":26,"url":null,"entity_id":"Q10387684","candidates":[]}],[{"start":0,"end":6,"url":null,"entity_id":"Q142","candidates":[]}]],[[{"start":0,"end":20,"url":null,"entity_id":"Q22920632","candidates":[]}],[{"start":0,"end":8,"url":null,"entity_id":"Q197103","candidates":[]}],[{"start":0,"end":26,"url":null,"entity_id":"Q10387684","candidates":[]}],[{"start":0,"end":6,"url":null,"entity_id":"Q142","candidates":[]}]],[[{"start":0,"end":17,"url":null,"entity_id":"Q19960692","candidates":[]}],[{"start":0,"end":11,"url":null,"entity_id":"Q1063444","candidates":[]}],[{"start":0,"end":28,"url":null,"entity_id":"Q10387575","candidates":[]}],[{"start":0,"end":6,"url":null,"entity_id":"Q142","candidates":[]}]],[[{"start":0,"end":28,"url":null,"entity_id":"Q22920407","candidates":[]}],[{"start":0,"end":9,"url":null,"entity_id":"Q823084","candidates":[]}],[{"start":0,"end":28,"url":null,"entity_id":"Q10387575","candidates":[]}],[{"start":0,"end":6,"url":null,"entity_id":"Q142","candidates":[]}]],[[{"start":0,"end":30,"url":null,"entity_id":"Q22925031","candidates":[]}],[{"start":0,"end":8,"url":null,"entity_id":"Q512765","candidates":[]}],[{"start":0,"end":28,"url":null,"entity_id":"Q10387575","candidates":[]}],[{"start":0,"end":6,"url":null,"entity_id":"Q142","candidates":[]}]],[[{"start":0,"end":33,"url":null,"entity_id":"Q22919169","candidates":[]}],[{"start":0,"end":11,"url":null,"entity_id":"Q371124","candidates":[]}],[{"start":0,"end":28,"url":null,"entity_id":"Q10387575","candidates":[]}],[{"start":0,"end":6,"url":null,"entity_id":"Q142","candidates":[]}]],[[{"start":0,"end":18,"url":null,"entity_id":"Q22924841","candidates":[]}],[{"start":0,"end":13,"url":null,"entity_id":"Q272373","candidates":[]}],[{"start":0,"end":28,"url":null,"entity_id":"Q10387575","candidates":[]}],[{"start":0,"end":6,"url":null,"entity_id":"Q142","candidates":[]}]],[[{"start":0,"end":29,"url":null,"entity_id":"Q22925178","candidates":[]}],[{"start":0,"end":6,"url":null,"entity_id":"Q214598","candidates":[]}],[{"start":0,"end":28,"url":null,"entity_id":"Q10387575","candidates":[]}],[{"start":0,"end":6,"url":null,"entity_id":"Q142","candidates":[]}]],[[{"start":0,"end":18,"url":null,"entity_id":"Q22925068","candidates":[]}],[{"start":0,"end":7,"url":null,"entity_id":"Q207581","candidates":[]}],[{"start":0,"end":28,"url":null,"entity_id":"Q10387575","candidates":[]}],[{"start":0,"end":6,"url":null,"entity_id":"Q142","candidates":[]}]],[[{"start":0,"end":14,"url":null,"entity_id":"Q21790858","candidates":[]}],[{"start":0,"end":6,"url":null,"entity_id":"Q15596","candidates":[]}],[{"start":0,"end":62,"url":null,"entity_id":"Q28034408","candidates":[]}],[{"start":0,"end":5,"url":null,"entity_id":"Q29","candidates":[]}]],[[{"start":0,"end":16,"url":null,"entity_id":"Q21790829","candidates":[]}],[{"start":0,"end":6,"url":null,"entity_id":"Q15596","candidates":[]}],[{"start":0,"end":62,"url":null,"entity_id":"Q28034408","candidates":[]}],[{"start":0,"end":5,"url":null,"entity_id":"Q29","candidates":[]}]],[[{"start":0,"end":14,"url":null,"entity_id":"Q21790811","candidates":[]}],[{"start":0,"end":6,"url":null,"entity_id":"Q15596","candidates":[]}],[{"start":0,"end":62,"url":null,"entity_id":"Q28034408","candidates":[]}],[{"start":0,"end":5,"url":null,"entity_id":"Q29","candidates":[]}]],[[{"start":0,"end":19,"url":null,"entity_id":"Q21790820","candidates":[]}],[{"start":0,"end":8,"url":null,"entity_id":"Q15599","candidates":[]}],[{"start":0,"end":32,"url":null,"entity_id":"Q11910250","candidates":[]}],[{"start":0,"end":5,"url":null,"entity_id":"Q29","candidates":[]}]],[[{"start":0,"end":10,"url":null,"entity_id":"Q21088563","candidates":[]}],[{"start":0,"end":14,"url":null,"entity_id":"Q385229","candidates":[]}],[{"start":0,"end":32,"url":null,"entity_id":"Q1568567","candidates":[]}],[{"start":0,"end":6,"url":null,"entity_id":"Q16","candidates":[]}]],[[{"start":0,"end":16,"url":null,"entity_id":"Q22937285","candidates":[]}],[{"start":0,"end":7,"url":null,"entity_id":"Q1376053","candidates":[]}],[{"start":0,"end":26,"url":null,"entity_id":"Q10387684","candidates":[]}],[{"start":0,"end":6,"url":null,"entity_id":"Q142","candidates":[]}]],[[{"start":0,"end":15,"url":null,"entity_id":"Q22936927","candidates":[]}],[{"start":0,"end":6,"url":null,"entity_id":"Q1142222","candidates":[]}],[{"start":0,"end":26,"url":null,"entity_id":"Q10387684","candidates":[]}],[{"start":0,"end":6,"url":null,"entity_id":"Q142","candidates":[]}]],[[{"start":0,"end":27,"url":null,"entity_id":"Q22951751","candidates":[]}],[{"start":0,"end":8,"url":null,"entity_id":"Q1135121","candidates":[]}],[{"start":0,"end":26,"url":null,"entity_id":"Q10387684","candidates":[]}],[{"start":0,"end":6,"url":null,"entity_id":"Q142","candidates":[]}]],[[{"start":0,"end":15,"url":null,"entity_id":"Q22936922","candidates":[]}],[{"start":0,"end":14,"url":null,"entity_id":"Q1082746","candidates":[]}],[{"start":0,"end":26,"url":null,"entity_id":"Q10387684","candidates":[]}],[{"start":0,"end":6,"url":null,"entity_id":"Q142","candidates":[]}]],[[{"start":0,"end":34,"url":null,"entity_id":"Q22951080","candidates":[]}],[{"start":0,"end":11,"url":null,"entity_id":"Q546882","candidates":[]}],[{"start":0,"end":26,"url":null,"entity_id":"Q10387684","candidates":[]}],[{"start":0,"end":6,"url":null,"entity_id":"Q142","candidates":[]}]],[[{"start":0,"end":25,"url":null,"entity_id":"Q22939417","candidates":[]}],[{"start":0,"end":6,"url":null,"entity_id":"Q1244898","candidates":[]}],[{"start":0,"end":28,"url":null,"entity_id":"Q10387575","candidates":[]}],[{"start":0,"end":6,"url":null,"entity_id":"Q142","candidates":[]}]],[[{"start":0,"end":12,"url":null,"entity_id":"Q22937442","candidates":[]}],[{"start":0,"end":4,"url":null,"entity_id":"Q1084626","candidates":[]}],[{"start":0,"end":28,"url":null,"entity_id":"Q10387575","candidates":[]}],[{"start":0,"end":6,"url":null,"entity_id":"Q142","candidates":[]}]],[[{"start":0,"end":20,"url":null,"entity_id":"Q22951330","candidates":[]}],[{"start":0,"end":19,"url":null,"entity_id":"Q1082459","candidates":[]}],[{"start":0,"end":28,"url":null,"entity_id":"Q10387575","candidates":[]}],[{"start":0,"end":6,"url":null,"entity_id":"Q142","candidates":[]}]]]}