{"version":"1.2","table":{"version":"2","table_id":"IUF514SL","columns":[{"index":0,"name":"col0","values":["Dunedin International Airport","Eindhoven Airport","Warsaw-Modlin Mazovia Airport","Luis Muñoz Marín International Airport","French Frigate Shoals Airport","Cork Airport","Halifax Stanfield International Airport","Winnipeg James Armstrong Richardson International Airport","Parafield Airport","Launceston Airport","Aberdeen Airport","Liverpool John Lennon Airport","East Midlands Airport","London Stansted Airport","Manchester Airport","London City Airport","Edinburgh Airport","Newcastle International Airport","Belfast International Airport","Southampton Airport"]},{"index":1,"name":"col1","values":["Government of New Zealand","Schiphol Group","Military Property Agency","Puerto Rico Ports Authority","United States Fish and Wildlife Service","Government of Ireland","Transport Canada","Transport Canada","Government of Australia","City of Launceston","AGS Airports","The Peel Group","Manchester Airports Group","Manchester Airports Group","Manchester Airports Group","Global Infrastructure Partners","Global Infrastructure Partners","AMP Capital","Vinci Airports","Heathrow Airport Holdings Limited"]},{"index":2,"name":"col2","values":["New Zealand","Netherlands","Poland","United States of America","United States of America","Ireland","Canada","Canada","Australia","Australia","United Kingdom","United Kingdom","United Kingdom","United Kingdom","United Kingdom","United Kingdom","United Kingdom","United Kingdom","United Kingdom","United Kingdom"]}]},"context":{"page_title":null,"page_url":null,"page_entity_id":null,"content_hierarchy":[]},"links":[[[{"start":0,"end":29,"url":null,"entity_id":"Q1364375","candidates":[]}],[{"start":0,"end":25,"url":null,"entity_id":"Q3526359","candidates":[]}],[{"start":0,"end":11,"url":null,"entity_id":"Q664","candidates":[]}]],[[{"start":0,"end":17,"url":null,"entity_id":"Q1348234","candidates":[]}],[{"start":0,"end":14,"url":null,"entity_id":"Q4290932","candidates":[]}],[{"start":0,"end":11,"url":null,"entity_id":"Q55","candidates":[]}]],[[{"start":0,"end":29,"url":null,"entity_id":"Q1401995","candidates":[]}],[{"start":0,"end":24,"url":null,"entity_id":"Q11684597","candidates":[]}],[{"start":0,"end":6,"url":null,"entity_id":"Q36","candidates":[]}]],[[{"start":0,"end":38,"url":null,"entity_id":"Q1360523","candidates":[]}],[{"start":0,"end":27,"url":null,"entity_id":"Q7258753","candidates":[]}],[{"start":0,"end":24,"url":null,"entity_id":"Q30","candidates":[]}]],[[{"start":0,"end":29,"url":null,"entity_id":"Q1378785","candidates":[]}],[{"start":0,"end":39,"url":null,"entity_id":"Q674113","candidates":[]}],[{"start":0,"end":24,"url":null,"entity_id":"Q30","candidates":[]}]],[[{"start":0,"end":12,"url":null,"entity_id":"Q1345361","candidates":[]}],[{"start":0,"end":21,"url":null,"entity_id":"Q1672817","candidates":[]}],[{"start":0,"end":7,"url":null,"entity_id":"Q27","candidates":[]}]],[[{"start":0,"end":39,"url":null,"entity_id":"Q1345785","candidates":[]}],[{"start":0,"end":16,"url":null,"entity_id":"Q2035496","candidates":[]}],[{"start":0,"end":6,"url":null,"entity_id":"Q16","candidates":[]}]],[[{"start":0,"end":57,"url":null,"entity_id":"Q1323755","candidates":[]}],[{"start":0,"end":16,"url":null,"entity_id":"Q2035496","candidates":[]}],[{"start":0,"end":6,"url":null,"entity_id":"Q16","candidates":[]}]],[[{"start":0,"end":17,"url":null,"entity_id":"Q14308","candidates":[]}],[{"start":0,"end":23,"url":null,"entity_id":"Q2991162","candidates":[]}],[{"start":0,"end":9,"url":null,"entity_id":"Q408","candidates":[]}]],[[{"start":0,"end":18,"url":null,"entity_id":"Q15520","candidates":[]}],[{"start":0,"end":18,"url":null,"entity_id":"Q937765","candidates":[]}],[{"start":0,"end":9,"url":null,"entity_id":"Q408","candidates":[]}]],[[{"start":0,"end":16,"url":null,"entity_id":"Q8981","candidates":[]}],[{"start":0,"end":12,"url":null,"entity_id":"Q18712098","candidates":[]}],[{"start":0,"end":14,"url":null,"entity_id":"Q145","candidates":[]}]],[[{"start":0,"end":29,"url":null,"entity_id":"Q8727","candidates":[]}],[{"start":0,"end":14,"url":null,"entity_id":"Q7756466","candidates":[]}],[{"start":0,"end":14,"url":null,"entity_id":"Q145","candidates":[]}]],[[{"start":0,"end":21,"url":null,"entity_id":"Q8977","candidates":[]}],[{"start":0,"end":25,"url":null,"entity_id":"Q6747270","candidates":[]}],[{"start":0,"end":14,"url":null,"entity_id":"Q145","candidates":[]}]],[[{"start":0,"end":23,"url":null,"entity_id":"Q8709","candidates":[]}],[{"start":0,"end":25,"url":null,"entity_id":"Q6747270","candidates":[]}],[{"start":0,"end":14,"url":null,"entity_id":"Q145","candidates":[]}]],[[{"start":0,"end":18,"url":null,"entity_id":"Q8694","candidates":[]}],[{"start":0,"end":25,"url":null,"entity_id":"Q6747270","candidates":[]}],[{"start":0,"end":14,"url":null,"entity_id":"Q145","candidates":[]}]],[[{"start":0,"end":19,"url":null,"entity_id":"Q8982","candidates":[]}],[{"start":0,"end":30,"url":null,"entity_id":"Q5570413","candidates":[]}],[{"start":0,"end":14,"url":null,"entity_id":"Q145","candidates":[]}]],[[{"start":0,"end":17,"url":null,"entity_id":"Q8716","candidates":[]}],[{"start":0,"end":30,"url":null,"entity_id":"Q5570413","candidates":[]}],[{"start":0,"end":14,"url":null,"entity_id":"Q145","candidates":[]}]],[[{"start":0,"end":31,"url":null,"entity_id":"Q8975","candidates":[]}],[{"start":0,"end":11,"url":null,"entity_id":"Q4652695","candidates":[]}],[{"start":0,"end":14,"url":null,"entity_id":"Q145","candidates":[]}]],[[{"start":0,"end":29,"url":null,"entity_id":"Q8979","candidates":[]}],[{"start":0,"end":14,"url":null,"entity_id":"Q3559968","candidates":[]}],[{"start":0,"end":14,"url":null,"entity_id":"Q145","candidates":[]}]],[[{"start":0,"end":19,"url":null,"entity_id":"Q8988","candidates":[]}],[{"start":0,"end":33,"url":null,"entity_id":"Q795363","candidates":[]}],[{"start":0,"end":14,"url":null,"entity_id":"Q145","candidates":[]}]]]}