{"version":"1.2","table":{"version":"2","table_id":"IUJQ9CGC","columns":[{"index":0,"name":"col0","values":["Brossa d'ahir","Abbey Road","Yellow Submarine","Sgt. Pepper's Lonely Hearts Club Band","Revolver","Ritual","Plexison impermeable","LP","Life Love Flesh Blood","Sunset","“@”","Zoolook","Iridescence","Blonde","L'Heure d'été","Beatles '65","Yes","Faith","S.F. Sorrow","Meet the Beatles!"]},{"index":1,"name":"col1","values":["1977-01-01","1969-09-26","1969-01-17","1967-05-26","1966-08-05","1986-01-01","2012-11-13","2004-03-01","2017-04-07","2012-08-27","2013-09-01","1984-11-01","2018-09-21","2016-08-20","2005-05-23","1964-12-15","2009-03-18","1981-04-14","1968-12-01","1964-01-20"]},{"index":2,"name":"col2","values":["Deià","Abbey Road Studios","Abbey Road Studios","Abbey Road Studios","Abbey Road Studios","Munich","Barcelona","London","Los Angeles","Los Angeles","New York City","New York City","Abbey Road Studios","Abbey Road Studios","Abbey Road Studios","Abbey Road Studios","Abbey Road Studios","Abbey Road Studios","Abbey Road Studios","Abbey Road Studios"]}]},"context":{"page_title":null,"page_url":null,"page_entity_id":null,"content_hierarchy":[]},"links":[[[{"start":0,"end":13,"url":null,"entity_id":"Q56117329","candidates":[]}],[],[{"start":0,"end":4,"url":null,"entity_id":"Q233337","candidates":[]}]],[[{"start":0,"end":10,"url":null,"entity_id":"Q61581314","candidates":[]}],[],[{"start":0,"end":18,"url":null,"entity_id":"Q209651","candidates":[]}]],[[{"start":0,"end":16,"url":null,"entity_id":"Q61502068","candidates":[]}],[],[{"start":0,"end":18,"url":null,"entity_id":"Q209651","candidates":[]}]],[[{"start":0,"end":37,"url":null,"entity_id":"Q61194976","candidates":[]}],[],[{"start":0,"end":18,"url":null,"entity_id":"Q209651","candidates":[]}]],[[{"start":0,"end":8,"url":null,"entity_id":"Q61180440","candidates":[]}],[],[{"start":0,"end":18,"url":null,"entity_id":"Q209651","candidates":[]}]],[[{"start":0,"end":6,"url":null,"entity_id":"Q20813988","candidates":[]}],[],[{"start":0,"end":6,"url":null,"entity_id":"Q1726","candidates":[]}]],[[{"start":0,"end":20,"url":null,"entity_id":"Q56117305","candidates":[]}],[],[{"start":0,"end":9,"url":null,"entity_id":"Q1492","candidates":[]}]],[[{"start":0,"end":2,"url":null,"entity_id":"Q6459757","candidates":[]}],[],[{"start":0,"end":6,"url":null,"entity_id":"Q84","candidates":[]}]],[[{"start":0,"end":21,"url":null,"entity_id":"Q28127597","candidates":[]}],[],[{"start":0,"end":11,"url":null,"entity_id":"Q65","candidates":[]}]],[[{"start":0,"end":6,"url":null,"entity_id":"Q744765","candidates":[]}],[],[{"start":0,"end":11,"url":null,"entity_id":"Q65","candidates":[]}]],[[{"start":0,"end":3,"url":null,"entity_id":"Q15073301","candidates":[]}],[],[{"start":0,"end":13,"url":null,"entity_id":"Q60","candidates":[]}]],[[{"start":0,"end":7,"url":null,"entity_id":"Q905370","candidates":[]}],[],[{"start":0,"end":13,"url":null,"entity_id":"Q60","candidates":[]}]],[[{"start":0,"end":11,"url":null,"entity_id":"Q56687884","candidates":[]}],[],[{"start":0,"end":18,"url":null,"entity_id":"Q209651","candidates":[]}]],[[{"start":0,"end":6,"url":null,"entity_id":"Q26450992","candidates":[]}],[],[{"start":0,"end":18,"url":null,"entity_id":"Q209651","candidates":[]}]],[[{"start":0,"end":13,"url":null,"entity_id":"Q3203471","candidates":[]}],[],[{"start":0,"end":18,"url":null,"entity_id":"Q209651","candidates":[]}]],[[{"start":0,"end":11,"url":null,"entity_id":"Q1753637","candidates":[]}],[],[{"start":0,"end":18,"url":null,"entity_id":"Q209651","candidates":[]}]],[[{"start":0,"end":3,"url":null,"entity_id":"Q1507848","candidates":[]}],[],[{"start":0,"end":18,"url":null,"entity_id":"Q209651","candidates":[]}]],[[{"start":0,"end":5,"url":null,"entity_id":"Q1111160","candidates":[]}],[],[{"start":0,"end":18,"url":null,"entity_id":"Q209651","candidates":[]}]],[[{"start":0,"end":11,"url":null,"entity_id":"Q1091327","candidates":[]}],[],[{"start":0,"end":18,"url":null,"entity_id":"Q209651","candidates":[]}]],[[{"start":0,"end":17,"url":null,"entity_id":"Q913616","candidates":[]}],[],[{"start":0,"end":18,"url":null,"entity_id":"Q209651","candidates":[]}]]]}