{"version":"1.2","table":{"version":"2","table_id":"IX2U3NVK","columns":[{"index":0,"name":"col0","values":["Prince William, Duke of Cambridge","Princess Eugenie of York","Prince Richard, Duke of Gloucester","Edward VIII","Prince Michael of Kent","Camilla, Duchess of Cornwall","George VI","George V","Elizabeth II","Prince Edward, Earl of Wessex","Princess Alice, Duchess of Gloucester","Archie Mountbatten-Windsor","Prince Louis of Cambridge","Caroline of Ansbach","Meghan, Duchess of Sussex","Princess Charlotte of Cambridge","Prince George of Cambridge","Caroline of Brunswick","Princess Ingeborg of Denmark","Bertha of Kent"]},{"index":1,"name":"col1","values":["House of Windsor","House of Windsor","House of Windsor","House of Windsor","House of Windsor","House of Windsor","House of Windsor","House of Windsor","House of Windsor","House of Windsor","House of Windsor","House of Windsor","House of Windsor","House of Hohenzollern","House of Windsor","House of Windsor","House of Windsor","House of Welf","House of Glücksburg","Merovingian dynasty"]},{"index":2,"name":"col2","values":["Prince William, Duke of Cambridge, born William Arthur Philip Louis","Princess Eugenie of York","Prince Richard, Duke of Gloucester","Edward VIII","Prince Michael of Kent","Camilla, Duchess of Cornwall","George VI","George V","Elizabeth II","Prince Edward, Earl of Wessex","Princess Alice, Duchess of Gloucester","Archie Harrison Mountbatten-Windsor","Louis Arthur Charles","Caroline of Brandenburg-Ansbach","Meghan Markle","Princess Charlotte of Cambridge","Prince George of Cambridge","Caroline of Brunswick-Wolfenbüttel","Ingeborg Charlotta Carolina Frederikke Louise","Bertha"]},{"index":3,"name":"col3","values":["London","Portland Hospital","Monken Hadley Common","White Lodge","Coppins","King's College Hospital","York Cottage","Marlborough House","Mayfair","Buckingham Palace","London","Portland Hospital","St. Mary's Hospital","Ansbach","Los Angeles","St. Mary's Hospital","St. Mary's Hospital","Schloss Richmond","Charlottenlund Palace","Neustria"]}]},"context":{"page_title":null,"page_url":null,"page_entity_id":null,"content_hierarchy":[]},"links":[[[{"start":0,"end":24,"url":null,"entity_id":"Q165709","candidates":[]}],[{"start":0,"end":16,"url":null,"entity_id":"Q81589","candidates":[]}],[],[{"start":0,"end":17,"url":null,"entity_id":"Q7231952","candidates":[]}]],[[{"start":0,"end":34,"url":null,"entity_id":"Q170294","candidates":[]}],[{"start":0,"end":16,"url":null,"entity_id":"Q81589","candidates":[]}],[],[{"start":0,"end":20,"url":null,"entity_id":"Q6900683","candidates":[]}]],[[{"start":0,"end":11,"url":null,"entity_id":"Q590227","candidates":[]}],[{"start":0,"end":16,"url":null,"entity_id":"Q81589","candidates":[]}],[],[{"start":0,"end":11,"url":null,"entity_id":"Q1887338","candidates":[]}]],[[{"start":0,"end":22,"url":null,"entity_id":"Q313752","candidates":[]}],[{"start":0,"end":16,"url":null,"entity_id":"Q81589","candidates":[]}],[],[{"start":0,"end":7,"url":null,"entity_id":"Q1777752","candidates":[]}]],[[{"start":0,"end":28,"url":null,"entity_id":"Q152239","candidates":[]}],[{"start":0,"end":16,"url":null,"entity_id":"Q81589","candidates":[]}],[],[{"start":0,"end":23,"url":null,"entity_id":"Q1742181","candidates":[]}]],[[{"start":0,"end":9,"url":null,"entity_id":"Q280856","candidates":[]}],[{"start":0,"end":16,"url":null,"entity_id":"Q81589","candidates":[]}],[],[{"start":0,"end":12,"url":null,"entity_id":"Q1320376","candidates":[]}]],[[{"start":0,"end":8,"url":null,"entity_id":"Q269412","candidates":[]}],[{"start":0,"end":16,"url":null,"entity_id":"Q81589","candidates":[]}],[],[{"start":0,"end":17,"url":null,"entity_id":"Q565532","candidates":[]}]],[[{"start":0,"end":12,"url":null,"entity_id":"Q9682","candidates":[]}],[{"start":0,"end":16,"url":null,"entity_id":"Q81589","candidates":[]}],[],[{"start":0,"end":7,"url":null,"entity_id":"Q124184","candidates":[]}]],[[{"start":0,"end":29,"url":null,"entity_id":"Q154920","candidates":[]}],[{"start":0,"end":16,"url":null,"entity_id":"Q81589","candidates":[]}],[],[{"start":0,"end":17,"url":null,"entity_id":"Q42182","candidates":[]}]],[[{"start":0,"end":37,"url":null,"entity_id":"Q246915","candidates":[]}],[{"start":0,"end":16,"url":null,"entity_id":"Q81589","candidates":[]}],[],[{"start":0,"end":6,"url":null,"entity_id":"Q84","candidates":[]}]],[[{"start":0,"end":26,"url":null,"entity_id":"Q62938826","candidates":[]}],[{"start":0,"end":16,"url":null,"entity_id":"Q81589","candidates":[]}],[],[{"start":0,"end":17,"url":null,"entity_id":"Q7231952","candidates":[]}]],[[{"start":0,"end":25,"url":null,"entity_id":"Q38668629","candidates":[]}],[{"start":0,"end":16,"url":null,"entity_id":"Q81589","candidates":[]}],[],[{"start":0,"end":19,"url":null,"entity_id":"Q3495342","candidates":[]}]],[[{"start":0,"end":19,"url":null,"entity_id":"Q76961","candidates":[]}],[{"start":0,"end":21,"url":null,"entity_id":"Q83969","candidates":[]}],[],[{"start":0,"end":7,"url":null,"entity_id":"Q14859","candidates":[]}]],[[{"start":0,"end":25,"url":null,"entity_id":"Q3304418","candidates":[]}],[{"start":0,"end":16,"url":null,"entity_id":"Q81589","candidates":[]}],[],[{"start":0,"end":11,"url":null,"entity_id":"Q65","candidates":[]}]],[[{"start":0,"end":31,"url":null,"entity_id":"Q18002970","candidates":[]}],[{"start":0,"end":16,"url":null,"entity_id":"Q81589","candidates":[]}],[],[{"start":0,"end":19,"url":null,"entity_id":"Q3495342","candidates":[]}]],[[{"start":0,"end":26,"url":null,"entity_id":"Q13590412","candidates":[]}],[{"start":0,"end":16,"url":null,"entity_id":"Q81589","candidates":[]}],[],[{"start":0,"end":19,"url":null,"entity_id":"Q3495342","candidates":[]}]],[[{"start":0,"end":21,"url":null,"entity_id":"Q167433","candidates":[]}],[{"start":0,"end":13,"url":null,"entity_id":"Q156433","candidates":[]}],[],[{"start":0,"end":16,"url":null,"entity_id":"Q2243154","candidates":[]}]],[[{"start":0,"end":28,"url":null,"entity_id":"Q234033","candidates":[]}],[{"start":0,"end":19,"url":null,"entity_id":"Q155616","candidates":[]}],[],[{"start":0,"end":21,"url":null,"entity_id":"Q1066641","candidates":[]}]],[[{"start":0,"end":14,"url":null,"entity_id":"Q238352","candidates":[]}],[{"start":0,"end":19,"url":null,"entity_id":"Q59488","candidates":[]}],[],[{"start":0,"end":8,"url":null,"entity_id":"Q106577","candidates":[]}]],[[{"start":0,"end":33,"url":null,"entity_id":"Q36812","candidates":[]}],[{"start":0,"end":16,"url":null,"entity_id":"Q81589","candidates":[]}],[],[{"start":0,"end":6,"url":null,"entity_id":"Q84","candidates":[]}]]]}