{"version":"1.2","table":{"version":"2","table_id":"IXL3VGD2","columns":[{"index":0,"name":"col0","values":["Phalaris","Vom Nordpol bis zum Aequator","Aus dem Norden","Literaturbriefe an eine Dame","Der Börsen- und Gründungsschwindel in Berlin","Hero of the North","Halle and Jerusalem. Student's Play and Pilgrim's Adventures","Plutarchi Chaeronensis quae extant opera","Bilder aus der Kinderstube","Jagddaguerreotypen","Ein Blick hinter die Coulissen","Aus der Kinderstube","Die gefährlichsten Hustekrankheiten des Kindesalters","Blätter aus einem diätetischen Recept-Taschenbuche","Das Nervensystem","Die Schmarotzer des Menschen","Die Naturheilkraft","Zur Gesundheitspflege und Erziehungslehre","Vom Baue des menschlichen Körpers","Gesundheits-Regeln"]},{"index":1,"name":"col1","values":["Ancient Greek","German","German","German","German","German","German","Latin","German","German","German","German","German","German","German","German","German","German","German","German"]},{"index":2,"name":"col2","values":["Lucian of Samosata","Alfred Brehm","Alfred Brehm","Rudolf von Gottschall","Otto Glagau","Friedrich de la Motte Fouqué","Ludwig Achim von Arnim","Plutarch","Gusztáv Steinacker","Ludwig Beckmann","Herbert König","Auguste Herz","Carl Ernst Bock","Carl Ernst Bock","Carl Ernst Bock","Carl Ernst Bock","Carl Ernst Bock","Carl Ernst Bock","Carl Ernst Bock","Carl Ernst Bock"]}]},"context":{"page_title":null,"page_url":null,"page_entity_id":null,"content_hierarchy":[]},"links":[[[{"start":0,"end":8,"url":null,"entity_id":"Q21661373","candidates":[]}],[{"start":0,"end":13,"url":null,"entity_id":"Q35497","candidates":[]}],[{"start":0,"end":18,"url":null,"entity_id":"Q177847","candidates":[]}]],[[{"start":0,"end":28,"url":null,"entity_id":"Q19235524","candidates":[]}],[{"start":0,"end":6,"url":null,"entity_id":"Q188","candidates":[]}],[{"start":0,"end":12,"url":null,"entity_id":"Q155112","candidates":[]}]],[[{"start":0,"end":14,"url":null,"entity_id":"Q19133510","candidates":[]}],[{"start":0,"end":6,"url":null,"entity_id":"Q188","candidates":[]}],[{"start":0,"end":12,"url":null,"entity_id":"Q155112","candidates":[]}]],[[{"start":0,"end":28,"url":null,"entity_id":"Q16604473","candidates":[]}],[{"start":0,"end":6,"url":null,"entity_id":"Q188","candidates":[]}],[{"start":0,"end":21,"url":null,"entity_id":"Q96796","candidates":[]}]],[[{"start":0,"end":44,"url":null,"entity_id":"Q19156053","candidates":[]}],[{"start":0,"end":6,"url":null,"entity_id":"Q188","candidates":[]}],[{"start":0,"end":11,"url":null,"entity_id":"Q95251","candidates":[]}]],[[{"start":0,"end":17,"url":null,"entity_id":"Q42190799","candidates":[]}],[{"start":0,"end":6,"url":null,"entity_id":"Q188","candidates":[]}],[{"start":0,"end":28,"url":null,"entity_id":"Q77371","candidates":[]}]],[[{"start":0,"end":60,"url":null,"entity_id":"Q52770625","candidates":[]}],[{"start":0,"end":6,"url":null,"entity_id":"Q188","candidates":[]}],[{"start":0,"end":22,"url":null,"entity_id":"Q70988","candidates":[]}]],[[{"start":0,"end":40,"url":null,"entity_id":"Q21851235","candidates":[]}],[{"start":0,"end":5,"url":null,"entity_id":"Q397","candidates":[]}],[{"start":0,"end":8,"url":null,"entity_id":"Q41523","candidates":[]}]],[[{"start":0,"end":26,"url":null,"entity_id":"Q86045851","candidates":[]}],[{"start":0,"end":6,"url":null,"entity_id":"Q188","candidates":[]}],[{"start":0,"end":18,"url":null,"entity_id":"Q17496750","candidates":[]}]],[[{"start":0,"end":18,"url":null,"entity_id":"Q85898758","candidates":[]}],[{"start":0,"end":6,"url":null,"entity_id":"Q188","candidates":[]}],[{"start":0,"end":15,"url":null,"entity_id":"Q1673073","candidates":[]}]],[[{"start":0,"end":30,"url":null,"entity_id":"Q84360547","candidates":[]}],[{"start":0,"end":6,"url":null,"entity_id":"Q188","candidates":[]}],[{"start":0,"end":13,"url":null,"entity_id":"Q1608688","candidates":[]}]],[[{"start":0,"end":19,"url":null,"entity_id":"Q85946256","candidates":[]}],[{"start":0,"end":6,"url":null,"entity_id":"Q188","candidates":[]}],[{"start":0,"end":12,"url":null,"entity_id":"Q766592","candidates":[]}]],[[{"start":0,"end":52,"url":null,"entity_id":"Q85292480","candidates":[]}],[{"start":0,"end":6,"url":null,"entity_id":"Q188","candidates":[]}],[{"start":0,"end":15,"url":null,"entity_id":"Q75044","candidates":[]}]],[[{"start":0,"end":50,"url":null,"entity_id":"Q85237739","candidates":[]}],[{"start":0,"end":6,"url":null,"entity_id":"Q188","candidates":[]}],[{"start":0,"end":15,"url":null,"entity_id":"Q75044","candidates":[]}]],[[{"start":0,"end":16,"url":null,"entity_id":"Q85127994","candidates":[]}],[{"start":0,"end":6,"url":null,"entity_id":"Q188","candidates":[]}],[{"start":0,"end":15,"url":null,"entity_id":"Q75044","candidates":[]}]],[[{"start":0,"end":28,"url":null,"entity_id":"Q85108051","candidates":[]}],[{"start":0,"end":6,"url":null,"entity_id":"Q188","candidates":[]}],[{"start":0,"end":15,"url":null,"entity_id":"Q75044","candidates":[]}]],[[{"start":0,"end":18,"url":null,"entity_id":"Q85060091","candidates":[]}],[{"start":0,"end":6,"url":null,"entity_id":"Q188","candidates":[]}],[{"start":0,"end":15,"url":null,"entity_id":"Q75044","candidates":[]}]],[[{"start":0,"end":41,"url":null,"entity_id":"Q85008081","candidates":[]}],[{"start":0,"end":6,"url":null,"entity_id":"Q188","candidates":[]}],[{"start":0,"end":15,"url":null,"entity_id":"Q75044","candidates":[]}]],[[{"start":0,"end":33,"url":null,"entity_id":"Q84985956","candidates":[]}],[{"start":0,"end":6,"url":null,"entity_id":"Q188","candidates":[]}],[{"start":0,"end":15,"url":null,"entity_id":"Q75044","candidates":[]}]],[[{"start":0,"end":18,"url":null,"entity_id":"Q84981217","candidates":[]}],[{"start":0,"end":6,"url":null,"entity_id":"Q188","candidates":[]}],[{"start":0,"end":15,"url":null,"entity_id":"Q75044","candidates":[]}]]]}