{"version":"1.2","table":{"version":"2","table_id":"J0LVH2FU","columns":[{"index":0,"name":"col0","values":["ROTSE1 J190350.47+460144.8","LINEAR 13062458","V* HW Lib","V* V445 Oph","V* FV Aqr","ASAS J151358-1358.8","[ZHV2014] 450","SDSS J131034.19+004205.6","[ZHV2014] 1084","[ZHV2014] 647","SDSS J132113.10+005047.4","[ZHV2014] 505","TYC 4887-622-1","V* RV Men","KIC 1572802","V* AW Mic","HE 2328+0047","HE 2255+0036","V* DM Cyg","V* BR Aqr"]},{"index":1,"name":"col1","values":["-6.667","-7.616","-74.804","-3.203","-11.68","-27.991","-0.61","-2.142","-0.52","-0.452","-0.28","-0.602","-16.404","-8.418","-4.456","-79.739","-1.928","-2.824","-2.901","-8.363"]},{"index":2,"name":"col2","values":["46.0289018863601","14.2932726050876","-4.4555453964884","-6.5416462118542","-8.7627569561552","-13.9812381","9.3562203229461","0.7015688590655","2.4147013955561","9.1371319742296","0.8465284619317","5.6337434563483","-4.1735017370538","-73.4821549494024","37.155853557616","-33.918866727604","1.0608029846468","0.8712482147418","32.1913074507836","-9.3187420468376"]},{"index":3,"name":"col3","values":["4690.4315","4.23","195.1981","619.0417","4.4","678.589","56.4","59.1","59","57.1","53.9","59.6","1173.2958","219.3079","300.8333","482.3229","12.3","10.3","1036.0547","1541.0695"]},{"index":4,"name":"col4","values":["13.516","13.86","9.1","11.3","13.94","11.94","19.37","19.53","19.49","19.39","19.29","19.49","10.79","11.72","12.281","9.05","16.67","15.82","11.63","11.31"]},{"index":5,"name":"col5","values":["10375","5400","6315","6495","6200","6677","6909","7540","7379","9514","7129","7615","7100","5999","3996","7500","7988","7645","6415","6515"]},{"index":6,"name":"col6","values":["-154","-93.7","-71.79","-9.58","-40.7","-158.3","-72","-11.5","-104.5","22.8","56.9","61.9","372.71","101.38","-23.4","21.3","-260.6","-160.2","9.34","53.51"]}]},"context":{"page_title":null,"page_url":null,"page_entity_id":null,"content_hierarchy":[]},"links":[[[{"start":0,"end":15,"url":null,"entity_id":"Q86587619","candidates":[]}],[],[],[],[],[],[]],[[{"start":0,"end":9,"url":null,"entity_id":"Q86580942","candidates":[]}],[],[],[],[],[],[]],[[{"start":0,"end":11,"url":null,"entity_id":"Q86564064","candidates":[]}],[],[],[],[],[],[]],[[{"start":0,"end":9,"url":null,"entity_id":"Q87029255","candidates":[]}],[],[],[],[],[],[]],[[{"start":0,"end":19,"url":null,"entity_id":"Q86911356","candidates":[]}],[],[],[],[],[],[]],[[{"start":0,"end":13,"url":null,"entity_id":"Q86262135","candidates":[]}],[],[],[],[],[],[]],[[{"start":0,"end":24,"url":null,"entity_id":"Q86262108","candidates":[]}],[],[],[],[],[],[]],[[{"start":0,"end":14,"url":null,"entity_id":"Q86262092","candidates":[]}],[],[],[],[],[],[]],[[{"start":0,"end":13,"url":null,"entity_id":"Q86262044","candidates":[]}],[],[],[],[],[],[]],[[{"start":0,"end":24,"url":null,"entity_id":"Q86262018","candidates":[]}],[],[],[],[],[],[]],[[{"start":0,"end":13,"url":null,"entity_id":"Q86261836","candidates":[]}],[],[],[],[],[],[]],[[{"start":0,"end":14,"url":null,"entity_id":"Q86175258","candidates":[]}],[],[],[],[],[],[]],[[{"start":0,"end":9,"url":null,"entity_id":"Q86110817","candidates":[]}],[],[],[],[],[],[]],[[{"start":0,"end":11,"url":null,"entity_id":"Q84190956","candidates":[]}],[],[],[],[],[],[]],[[{"start":0,"end":9,"url":null,"entity_id":"Q83905484","candidates":[]}],[],[],[],[],[],[]],[[{"start":0,"end":12,"url":null,"entity_id":"Q83813357","candidates":[]}],[],[],[],[],[],[]],[[{"start":0,"end":12,"url":null,"entity_id":"Q83810001","candidates":[]}],[],[],[],[],[],[]],[[{"start":0,"end":9,"url":null,"entity_id":"Q83778448","candidates":[]}],[],[],[],[],[],[]],[[{"start":0,"end":9,"url":null,"entity_id":"Q85205159","candidates":[]}],[],[],[],[],[],[]],[[{"start":0,"end":26,"url":null,"entity_id":"Q86654783","candidates":[]}],[],[],[],[],[],[]]]}