{"version":"1.2","table":{"version":"2","table_id":"J0U1JVL9","columns":[{"index":0,"name":"col0","values":["HMS Brilliant","HMS Thames","Spanish cruiser Navarra","HMS Latona","HMS Gotland","HMS Intrepid","HMS Iphigenia","HMS Pearl","Spanish cruiser Aragon","HMS St George","HMS Aurora","HMAS Canberra","HMS Thetis","HMS Tauranga","HMS Ringarooma","HMS Fiji","HMS Bonaventure","HMS Glasgow","USS Philadelphia","HMS Naiad"]},{"index":1,"name":"col1","values":["Royal Navy","Royal Navy","Spanish Navy","Royal Navy","Swedish Navy","Royal Navy","Royal Navy","Royal Navy","Spanish Navy","Royal Navy","Royal Navy","Royal Navy","Royal Navy","Royal Navy","Royal Navy","Royal Navy","Royal Navy","Royal Navy","United States Navy","Royal Navy"]},{"index":2,"name":"col2","values":["United Kingdom","United Kingdom","Spain","United Kingdom","Sweden","United Kingdom","United Kingdom","Great Britain","Spain","United Kingdom","United Kingdom","Australia","United Kingdom","United Kingdom","United Kingdom","United Kingdom","United Kingdom","United Kingdom","United States of America","United Kingdom"]},{"index":3,"name":"col3","values":["Sheerness Dockyard","Pembroke Dockyard","Ferrol Naval Base","Vickers","Lindholmen Shipyard","London and Glasgow Shipbuilding Company","London and Glasgow Shipbuilding Company","Deptford Dockyard","Cartagena Naval Base","Earle's Shipbuilding","HMNB Portsmouth","John Brown & Company","John Brown & Company","John Brown & Company","John Brown & Company","John Brown & Company","Scotts Shipbuilding and Engineering Company","Scotts Shipbuilding and Engineering Company","Philadelphia Naval Shipyard","R. & W. Hawthorn, Leslie and Company"]}]},"context":{"page_title":null,"page_url":null,"page_entity_id":null,"content_hierarchy":[]},"links":[[[{"start":0,"end":10,"url":null,"entity_id":"Q5634612","candidates":[]}],[{"start":0,"end":10,"url":null,"entity_id":"Q172771","candidates":[]}],[{"start":0,"end":14,"url":null,"entity_id":"Q145","candidates":[]}],[{"start":0,"end":17,"url":null,"entity_id":"Q24204847","candidates":[]}]],[[{"start":0,"end":23,"url":null,"entity_id":"Q7573354","candidates":[]}],[{"start":0,"end":12,"url":null,"entity_id":"Q676404","candidates":[]}],[{"start":0,"end":5,"url":null,"entity_id":"Q29","candidates":[]}],[{"start":0,"end":17,"url":null,"entity_id":"Q17385214","candidates":[]}]],[[{"start":0,"end":10,"url":null,"entity_id":"Q16932153","candidates":[]}],[{"start":0,"end":10,"url":null,"entity_id":"Q172771","candidates":[]}],[{"start":0,"end":14,"url":null,"entity_id":"Q145","candidates":[]}],[{"start":0,"end":7,"url":null,"entity_id":"Q13220673","candidates":[]}]],[[{"start":0,"end":11,"url":null,"entity_id":"Q2594353","candidates":[]}],[{"start":0,"end":12,"url":null,"entity_id":"Q1141396","candidates":[]}],[{"start":0,"end":6,"url":null,"entity_id":"Q34","candidates":[]}],[{"start":0,"end":19,"url":null,"entity_id":"Q10562558","candidates":[]}]],[[{"start":0,"end":12,"url":null,"entity_id":"Q30609905","candidates":[]}],[{"start":0,"end":10,"url":null,"entity_id":"Q172771","candidates":[]}],[{"start":0,"end":14,"url":null,"entity_id":"Q145","candidates":[]}],[{"start":0,"end":39,"url":null,"entity_id":"Q6671056","candidates":[]}]],[[{"start":0,"end":13,"url":null,"entity_id":"Q30609828","candidates":[]}],[{"start":0,"end":10,"url":null,"entity_id":"Q172771","candidates":[]}],[{"start":0,"end":14,"url":null,"entity_id":"Q145","candidates":[]}],[{"start":0,"end":39,"url":null,"entity_id":"Q6671056","candidates":[]}]],[[{"start":0,"end":9,"url":null,"entity_id":"Q15621165","candidates":[]}],[{"start":0,"end":10,"url":null,"entity_id":"Q172771","candidates":[]}],[{"start":0,"end":13,"url":null,"entity_id":"Q161885","candidates":[]}],[{"start":0,"end":17,"url":null,"entity_id":"Q5260949","candidates":[]}]],[[{"start":0,"end":22,"url":null,"entity_id":"Q7573340","candidates":[]}],[{"start":0,"end":12,"url":null,"entity_id":"Q676404","candidates":[]}],[{"start":0,"end":5,"url":null,"entity_id":"Q29","candidates":[]}],[{"start":0,"end":20,"url":null,"entity_id":"Q4069935","candidates":[]}]],[[{"start":0,"end":13,"url":null,"entity_id":"Q3501716","candidates":[]}],[{"start":0,"end":10,"url":null,"entity_id":"Q172771","candidates":[]}],[{"start":0,"end":14,"url":null,"entity_id":"Q145","candidates":[]}],[{"start":0,"end":20,"url":null,"entity_id":"Q3505627","candidates":[]}]],[[{"start":0,"end":10,"url":null,"entity_id":"Q705231","candidates":[]}],[{"start":0,"end":10,"url":null,"entity_id":"Q172771","candidates":[]}],[{"start":0,"end":14,"url":null,"entity_id":"Q145","candidates":[]}],[{"start":0,"end":15,"url":null,"entity_id":"Q1888079","candidates":[]}]],[[{"start":0,"end":13,"url":null,"entity_id":"Q1303961","candidates":[]}],[{"start":0,"end":10,"url":null,"entity_id":"Q172771","candidates":[]}],[{"start":0,"end":9,"url":null,"entity_id":"Q408","candidates":[]}],[{"start":0,"end":20,"url":null,"entity_id":"Q1699428","candidates":[]}]],[[{"start":0,"end":10,"url":null,"entity_id":"Q5634620","candidates":[]}],[{"start":0,"end":10,"url":null,"entity_id":"Q172771","candidates":[]}],[{"start":0,"end":14,"url":null,"entity_id":"Q145","candidates":[]}],[{"start":0,"end":20,"url":null,"entity_id":"Q1699428","candidates":[]}]],[[{"start":0,"end":12,"url":null,"entity_id":"Q5634575","candidates":[]}],[{"start":0,"end":10,"url":null,"entity_id":"Q172771","candidates":[]}],[{"start":0,"end":14,"url":null,"entity_id":"Q145","candidates":[]}],[{"start":0,"end":20,"url":null,"entity_id":"Q1699428","candidates":[]}]],[[{"start":0,"end":14,"url":null,"entity_id":"Q5634060","candidates":[]}],[{"start":0,"end":10,"url":null,"entity_id":"Q172771","candidates":[]}],[{"start":0,"end":14,"url":null,"entity_id":"Q145","candidates":[]}],[{"start":0,"end":20,"url":null,"entity_id":"Q1699428","candidates":[]}]],[[{"start":0,"end":8,"url":null,"entity_id":"Q1281259","candidates":[]}],[{"start":0,"end":10,"url":null,"entity_id":"Q172771","candidates":[]}],[{"start":0,"end":14,"url":null,"entity_id":"Q145","candidates":[]}],[{"start":0,"end":20,"url":null,"entity_id":"Q1699428","candidates":[]}]],[[{"start":0,"end":15,"url":null,"entity_id":"Q1564434","candidates":[]}],[{"start":0,"end":10,"url":null,"entity_id":"Q172771","candidates":[]}],[{"start":0,"end":14,"url":null,"entity_id":"Q145","candidates":[]}],[{"start":0,"end":43,"url":null,"entity_id":"Q1549757","candidates":[]}]],[[{"start":0,"end":11,"url":null,"entity_id":"Q1301596","candidates":[]}],[{"start":0,"end":10,"url":null,"entity_id":"Q172771","candidates":[]}],[{"start":0,"end":14,"url":null,"entity_id":"Q145","candidates":[]}],[{"start":0,"end":43,"url":null,"entity_id":"Q1549757","candidates":[]}]],[[{"start":0,"end":16,"url":null,"entity_id":"Q3267316","candidates":[]}],[{"start":0,"end":18,"url":null,"entity_id":"Q11220","candidates":[]}],[{"start":0,"end":24,"url":null,"entity_id":"Q30","candidates":[]}],[{"start":0,"end":27,"url":null,"entity_id":"Q1548690","candidates":[]}]],[[{"start":0,"end":9,"url":null,"entity_id":"Q1565103","candidates":[]}],[{"start":0,"end":10,"url":null,"entity_id":"Q172771","candidates":[]}],[{"start":0,"end":14,"url":null,"entity_id":"Q145","candidates":[]}],[{"start":0,"end":36,"url":null,"entity_id":"Q1548575","candidates":[]}]],[[{"start":0,"end":13,"url":null,"entity_id":"Q5631679","candidates":[]}],[{"start":0,"end":10,"url":null,"entity_id":"Q172771","candidates":[]}],[{"start":0,"end":14,"url":null,"entity_id":"Q145","candidates":[]}],[{"start":0,"end":18,"url":null,"entity_id":"Q27957424","candidates":[]}]]]}