{"version":"1.2","table":{"version":"2","table_id":"J2CB4B9C","columns":[{"index":0,"name":"col0","values":["Caffyns","Autonomy Corporation","VOLEX PLC","Lanka IOC","Sanne Group","TechnipFMC","India Transact Services Limited","Narayana Superspeciality Hospital","Kelly's of Cornwall","Share plc","Nigeria Mortgage Refinance Company","Kenanga","African Potash","Hill & Smith","Colonial Motor Company","Lakehouse","Ibstock plc","Tanzania Cigarette Company","Diamond Infosystems","United Finance"]},{"index":1,"name":"col1","values":["1865-01-01","1996-01-01","1919-09-19","2002-01-01","1988-01-01","2017-01-17","2007-01-01","2004-01-01","1890-01-01","1994-02-01","2013-06-24","1973-01-01","2011-09-01","1824-01-01","1911-01-01","1988-01-01","1899-01-01","1961-01-01","1993-03-09","1989-01-01"]},{"index":2,"name":"col2","values":["private company limited by shares","private company limited by shares","public limited company","public limited company","public limited company","public limited company","public limited company","public limited company","public limited company","public limited company","public limited company","public limited company","public limited company","public limited company","public limited company","public limited company","public limited company","public limited company","public limited company","public limited company"]}]},"context":{"page_title":null,"page_url":null,"page_entity_id":null,"content_hierarchy":[]},"links":[[[{"start":0,"end":20,"url":null,"entity_id":"Q514265","candidates":[]}],[],[{"start":0,"end":33,"url":null,"entity_id":"Q6832945","candidates":[]}]],[[{"start":0,"end":9,"url":null,"entity_id":"Q40549130","candidates":[]}],[],[{"start":0,"end":22,"url":null,"entity_id":"Q5225895","candidates":[]}]],[[{"start":0,"end":9,"url":null,"entity_id":"Q30595420","candidates":[]}],[],[{"start":0,"end":22,"url":null,"entity_id":"Q5225895","candidates":[]}]],[[{"start":0,"end":11,"url":null,"entity_id":"Q30593544","candidates":[]}],[],[{"start":0,"end":22,"url":null,"entity_id":"Q5225895","candidates":[]}]],[[{"start":0,"end":10,"url":null,"entity_id":"Q30324333","candidates":[]}],[],[{"start":0,"end":22,"url":null,"entity_id":"Q5225895","candidates":[]}]],[[{"start":0,"end":31,"url":null,"entity_id":"Q28172051","candidates":[]}],[],[{"start":0,"end":22,"url":null,"entity_id":"Q5225895","candidates":[]}]],[[{"start":0,"end":33,"url":null,"entity_id":"Q28169296","candidates":[]}],[],[{"start":0,"end":22,"url":null,"entity_id":"Q5225895","candidates":[]}]],[[{"start":0,"end":19,"url":null,"entity_id":"Q26339023","candidates":[]}],[],[{"start":0,"end":22,"url":null,"entity_id":"Q5225895","candidates":[]}]],[[{"start":0,"end":9,"url":null,"entity_id":"Q25866375","candidates":[]}],[],[{"start":0,"end":22,"url":null,"entity_id":"Q5225895","candidates":[]}]],[[{"start":0,"end":34,"url":null,"entity_id":"Q25338511","candidates":[]}],[],[{"start":0,"end":22,"url":null,"entity_id":"Q5225895","candidates":[]}]],[[{"start":0,"end":7,"url":null,"entity_id":"Q25303147","candidates":[]}],[],[{"start":0,"end":22,"url":null,"entity_id":"Q5225895","candidates":[]}]],[[{"start":0,"end":14,"url":null,"entity_id":"Q25245382","candidates":[]}],[],[{"start":0,"end":22,"url":null,"entity_id":"Q5225895","candidates":[]}]],[[{"start":0,"end":12,"url":null,"entity_id":"Q24882678","candidates":[]}],[],[{"start":0,"end":22,"url":null,"entity_id":"Q5225895","candidates":[]}]],[[{"start":0,"end":22,"url":null,"entity_id":"Q24189351","candidates":[]}],[],[{"start":0,"end":22,"url":null,"entity_id":"Q5225895","candidates":[]}]],[[{"start":0,"end":9,"url":null,"entity_id":"Q24039448","candidates":[]}],[],[{"start":0,"end":22,"url":null,"entity_id":"Q5225895","candidates":[]}]],[[{"start":0,"end":11,"url":null,"entity_id":"Q23022254","candidates":[]}],[],[{"start":0,"end":22,"url":null,"entity_id":"Q5225895","candidates":[]}]],[[{"start":0,"end":26,"url":null,"entity_id":"Q22909263","candidates":[]}],[],[{"start":0,"end":22,"url":null,"entity_id":"Q5225895","candidates":[]}]],[[{"start":0,"end":19,"url":null,"entity_id":"Q22907774","candidates":[]}],[],[{"start":0,"end":22,"url":null,"entity_id":"Q5225895","candidates":[]}]],[[{"start":0,"end":14,"url":null,"entity_id":"Q22080999","candidates":[]}],[],[{"start":0,"end":22,"url":null,"entity_id":"Q5225895","candidates":[]}]],[[{"start":0,"end":7,"url":null,"entity_id":"Q20711946","candidates":[]}],[],[{"start":0,"end":33,"url":null,"entity_id":"Q6832945","candidates":[]}]]]}