{"version":"1.2","table":{"version":"2","table_id":"J3PSITTH","columns":[{"index":0,"name":"col0","values":["Haldensleben","Sonthofen","Daun","Lichtenfels","Ingelheim am Rhein","Kulmbach","Saalfeld","Bad Oldesloe","Lindau","Garmisch-Partenkirchen","Neuburg an der Donau","Rottweil","Sigmaringen","Freudenstadt","Zirndorf","Starnberg","Tauberbischofsheim","Annaberg-Buchholz","Holzminden","Donauwörth"]},{"index":1,"name":"col1","values":["156.15","20.982","48.97","122.16","49.86","92.77","48.75","52.59","33.06","205.66","81.29","71.76","92.84","87.54","28.79","61.84","69.32","27.7","88.24","77.02"]},{"index":2,"name":"col2","values":["19247","21522","7991","20158","24833","26002","29457","24744","25490","27024","29608","25204","17073","23150","25307","23339","13205","20000","19998","20080"]},{"index":3,"name":"col3","values":["54","746","410","271","110","304","235","9","401","708","383","599","584","728","306","588","178","635","89","410"]}]},"context":{"page_title":null,"page_url":null,"page_entity_id":null,"content_hierarchy":[]},"links":[[[{"start":0,"end":9,"url":null,"entity_id":"Q162845","candidates":[]}],[],[],[]],[[{"start":0,"end":4,"url":null,"entity_id":"Q161825","candidates":[]}],[],[],[]],[[{"start":0,"end":11,"url":null,"entity_id":"Q160405","candidates":[]}],[],[],[]],[[{"start":0,"end":18,"url":null,"entity_id":"Q159548","candidates":[]}],[],[],[]],[[{"start":0,"end":8,"url":null,"entity_id":"Q157598","candidates":[]}],[],[],[]],[[{"start":0,"end":8,"url":null,"entity_id":"Q155984","candidates":[]}],[],[],[]],[[{"start":0,"end":12,"url":null,"entity_id":"Q155226","candidates":[]}],[],[],[]],[[{"start":0,"end":6,"url":null,"entity_id":"Q153969","candidates":[]}],[],[],[]],[[{"start":0,"end":22,"url":null,"entity_id":"Q127043","candidates":[]}],[],[],[]],[[{"start":0,"end":20,"url":null,"entity_id":"Q125652","candidates":[]}],[],[],[]],[[{"start":0,"end":8,"url":null,"entity_id":"Q82960","candidates":[]}],[],[],[]],[[{"start":0,"end":11,"url":null,"entity_id":"Q82858","candidates":[]}],[],[],[]],[[{"start":0,"end":12,"url":null,"entity_id":"Q82838","candidates":[]}],[],[],[]],[[{"start":0,"end":8,"url":null,"entity_id":"Q72977","candidates":[]}],[],[],[]],[[{"start":0,"end":9,"url":null,"entity_id":"Q61936","candidates":[]}],[],[],[]],[[{"start":0,"end":18,"url":null,"entity_id":"Q61724","candidates":[]}],[],[],[]],[[{"start":0,"end":17,"url":null,"entity_id":"Q57944","candidates":[]}],[],[],[]],[[{"start":0,"end":10,"url":null,"entity_id":"Q55425","candidates":[]}],[],[],[]],[[{"start":0,"end":10,"url":null,"entity_id":"Q53742","candidates":[]}],[],[],[]],[[{"start":0,"end":12,"url":null,"entity_id":"Q186557","candidates":[]}],[],[],[]]]}