{"version":"1.2","table":{"version":"2","table_id":"J4KGKTFE","columns":[{"index":0,"name":"col0","values":["Sassarese","Southern Altai","Plautdietsch","Dakota","Resian dialect","Kuvi","Mara","Wano","Zirenkel language","Toba Qom language","Siberian Tatar","Meadow Mari","Tamasheq","Pong","Nubri","Kagate","Kadiweu","Eastern Keres","Rama Cay Creole","Kanashi"]},{"index":1,"name":"col1","values":["Corsican","Altai","Low German","Sioux","Slovene","Kuvi–Kui","Maraic languages","Dani languages","East Chadic languages","Guaicuruan languages","Kypchak languages","Mari","Tuareg languages","Hung","Kyirong–Kagate languages","Kyirong–Kagate languages","Guaicuruan languages","Keresan languages","Miskito Coast Creole","West Himalayish languages"]},{"index":2,"name":"col2","values":["100000","55720","261000","20000","1500","350000","84000","1000","2240","40000","101000","470000","281200","1500","3776","1500","1590","6680","630","1400"]}]},"context":{"page_title":null,"page_url":null,"page_entity_id":null,"content_hierarchy":[]},"links":[[[{"start":0,"end":14,"url":null,"entity_id":"Q1991779","candidates":[]}],[{"start":0,"end":5,"url":null,"entity_id":"Q28176","candidates":[]}],[]],[[{"start":0,"end":12,"url":null,"entity_id":"Q1751432","candidates":[]}],[{"start":0,"end":10,"url":null,"entity_id":"Q25433","candidates":[]}],[]],[[{"start":0,"end":6,"url":null,"entity_id":"Q530384","candidates":[]}],[{"start":0,"end":5,"url":null,"entity_id":"Q13268","candidates":[]}],[]],[[{"start":0,"end":14,"url":null,"entity_id":"Q1193712","candidates":[]}],[{"start":0,"end":7,"url":null,"entity_id":"Q9063","candidates":[]}],[]],[[{"start":0,"end":4,"url":null,"entity_id":"Q3200721","candidates":[]}],[{"start":0,"end":8,"url":null,"entity_id":"Q68001102","candidates":[]}],[]],[[{"start":0,"end":4,"url":null,"entity_id":"Q4175893","candidates":[]}],[{"start":0,"end":16,"url":null,"entity_id":"Q55622124","candidates":[]}],[]],[[{"start":0,"end":4,"url":null,"entity_id":"Q3566166","candidates":[]}],[{"start":0,"end":14,"url":null,"entity_id":"Q3217389","candidates":[]}],[]],[[{"start":0,"end":17,"url":null,"entity_id":"Q3441365","candidates":[]}],[{"start":0,"end":21,"url":null,"entity_id":"Q2276221","candidates":[]}],[]],[[{"start":0,"end":17,"url":null,"entity_id":"Q3113756","candidates":[]}],[{"start":0,"end":20,"url":null,"entity_id":"Q1974973","candidates":[]}],[]],[[{"start":0,"end":14,"url":null,"entity_id":"Q4418344","candidates":[]}],[{"start":0,"end":17,"url":null,"entity_id":"Q1339898","candidates":[]}],[]],[[{"start":0,"end":11,"url":null,"entity_id":"Q3906614","candidates":[]}],[{"start":0,"end":4,"url":null,"entity_id":"Q973685","candidates":[]}],[]],[[{"start":0,"end":8,"url":null,"entity_id":"Q4670066","candidates":[]}],[{"start":0,"end":16,"url":null,"entity_id":"Q34065","candidates":[]}],[]],[[{"start":0,"end":4,"url":null,"entity_id":"Q30334358","candidates":[]}],[{"start":0,"end":4,"url":null,"entity_id":"Q12632753","candidates":[]}],[]],[[{"start":0,"end":5,"url":null,"entity_id":"Q12952969","candidates":[]}],[{"start":0,"end":24,"url":null,"entity_id":"Q6450957","candidates":[]}],[]],[[{"start":0,"end":6,"url":null,"entity_id":"Q12952538","candidates":[]}],[{"start":0,"end":24,"url":null,"entity_id":"Q6450957","candidates":[]}],[]],[[{"start":0,"end":7,"url":null,"entity_id":"Q18168288","candidates":[]}],[{"start":0,"end":20,"url":null,"entity_id":"Q1974973","candidates":[]}],[]],[[{"start":0,"end":13,"url":null,"entity_id":"Q15649021","candidates":[]}],[{"start":0,"end":17,"url":null,"entity_id":"Q35878","candidates":[]}],[]],[[{"start":0,"end":15,"url":null,"entity_id":"Q7288630","candidates":[]}],[{"start":0,"end":20,"url":null,"entity_id":"Q3504097","candidates":[]}],[]],[[{"start":0,"end":7,"url":null,"entity_id":"Q6360672","candidates":[]}],[{"start":0,"end":25,"url":null,"entity_id":"Q2301695","candidates":[]}],[]],[[{"start":0,"end":9,"url":null,"entity_id":"Q845441","candidates":[]}],[{"start":0,"end":8,"url":null,"entity_id":"Q33111","candidates":[]}],[]]]}