{"version":"1.2","table":{"version":"2","table_id":"J4LA1PMU","columns":[{"index":0,"name":"col0","values":["HD 505:1","Luyte's Star","LHS1723","Omicron Ursae Mjoris","Barnard's Stbr","ormosa","Glise 687","Kapteyns Star","Innes' vtar","ID 2511","HD 14222","91 Auarii","Gliese 877","Poloux","HD 23129","HD 115538","Sarjh","HD 993","HE 27894","4 Ursae Majoujs"]},{"index":1,"name":"col1","values":["1.2961","25.442999999999998","0.1512","3.1178099999999995","0.16983","2.4168","0.39939600000000003","0.281281","0.3510499999999999","1.09981","0.98901","1.7452199999999998","0.9686399999999998","1.7050999999999998","1.1379099999999998","0.6992999999999999","0.48852999999999996","0.8016000000000001","0.7944","1.22166"]},{"index":2,"name":"col2","values":["HR 2562 b","Luyten b","Gliese 3323 b","omicron Ursae Majoris b","Barnard's Star b","Sazum","Gliese 687 b","Kapteyn b","GJ 422 b","HD 25171 b","HD 142022 Ab","91 Aquarii b","Gliese 777 c","Pollux b","HD 23127 b","HD 113538 b","Barajeel","HD 21693 b","HD 27894 b","4 Ursae Majoris b"]},{"index":3,"name":"col3","values":["6662.97","3336.902","3250.089","5273.452","3076.834","4717.075","3469.9509999999996","3695.0","3525.5069999999996","6155.790999999999","5482.9039999999995","4582.34","5547.024","4873.68","5930.064","4091.3","3414.816","5494.5","4964.849999999999","4398.99"]},{"index":4,"name":"col4","values":["6.116293999999999","9.832512","12.122824","3.40632","9.482467","6.412248","9.19751","8.888412","11.63116","7.748880000000001","7.628480000000001","4.284","5.65861","1.13544","8.464500000000001","9.102285","11.451603999999998","7.94","9.45768","4.60078"]}]},"context":{"page_title":null,"page_url":null,"page_entity_id":null,"content_hierarchy":[]},"links":[[[{"start":0,"end":8,"url":null,"entity_id":"Q10850213","candidates":[]}],[],[{"start":0,"end":9,"url":null,"entity_id":"Q55613259","candidates":[]}],[],[]],[[{"start":0,"end":12,"url":null,"entity_id":"Q1062596","candidates":[]}],[],[{"start":0,"end":8,"url":null,"entity_id":"Q43440038","candidates":[]}],[],[]],[[{"start":0,"end":7,"url":null,"entity_id":"Q4039151","candidates":[]}],[],[{"start":0,"end":13,"url":null,"entity_id":"Q30063110","candidates":[]}],[],[]],[[{"start":0,"end":20,"url":null,"entity_id":"Q956651","candidates":[]}],[],[{"start":0,"end":23,"url":null,"entity_id":"Q28808186","candidates":[]}],[],[]],[[{"start":0,"end":14,"url":null,"entity_id":"Q14268","candidates":[]}],[],[{"start":0,"end":16,"url":null,"entity_id":"Q58642744","candidates":[]}],[],[]],[[{"start":0,"end":6,"url":null,"entity_id":"Q4039831","candidates":[]}],[],[{"start":0,"end":5,"url":null,"entity_id":"Q55815483","candidates":[]}],[],[]],[[{"start":0,"end":9,"url":null,"entity_id":"Q589432","candidates":[]}],[],[{"start":0,"end":12,"url":null,"entity_id":"Q18650010","candidates":[]}],[],[]],[[{"start":0,"end":13,"url":null,"entity_id":"Q1048535","candidates":[]}],[],[{"start":0,"end":9,"url":null,"entity_id":"Q17128167","candidates":[]}],[],[]],[[{"start":0,"end":11,"url":null,"entity_id":"Q17005641","candidates":[]}],[],[{"start":0,"end":8,"url":null,"entity_id":"Q16920304","candidates":[]}],[],[]],[[{"start":0,"end":7,"url":null,"entity_id":"Q2743940","candidates":[]}],[],[{"start":0,"end":10,"url":null,"entity_id":"Q25419508","candidates":[]}],[],[]],[[{"start":0,"end":8,"url":null,"entity_id":"Q1563145","candidates":[]}],[],[{"start":0,"end":12,"url":null,"entity_id":"Q1075500","candidates":[]}],[],[]],[[{"start":0,"end":9,"url":null,"entity_id":"Q284836","candidates":[]}],[],[{"start":0,"end":12,"url":null,"entity_id":"Q1070265","candidates":[]}],[],[]],[[{"start":0,"end":10,"url":null,"entity_id":"Q1140856","candidates":[]}],[],[{"start":0,"end":12,"url":null,"entity_id":"Q1328107","candidates":[]}],[],[]],[[{"start":0,"end":6,"url":null,"entity_id":"Q13028","candidates":[]}],[],[{"start":0,"end":8,"url":null,"entity_id":"Q1205308","candidates":[]}],[],[]],[[{"start":0,"end":8,"url":null,"entity_id":"Q1563308","candidates":[]}],[],[{"start":0,"end":10,"url":null,"entity_id":"Q1152268","candidates":[]}],[],[]],[[{"start":0,"end":9,"url":null,"entity_id":"Q2895257","candidates":[]}],[],[{"start":0,"end":11,"url":null,"entity_id":"Q5629272","candidates":[]}],[],[]],[[{"start":0,"end":5,"url":null,"entity_id":"Q2572936","candidates":[]}],[],[{"start":0,"end":8,"url":null,"entity_id":"Q5177887","candidates":[]}],[],[]],[[{"start":0,"end":6,"url":null,"entity_id":"Q30895621","candidates":[]}],[],[{"start":0,"end":10,"url":null,"entity_id":"Q17629642","candidates":[]}],[],[]],[[{"start":0,"end":8,"url":null,"entity_id":"Q1153697","candidates":[]}],[],[{"start":0,"end":10,"url":null,"entity_id":"Q3769262","candidates":[]}],[],[]],[[{"start":0,"end":15,"url":null,"entity_id":"Q238270","candidates":[]}],[],[{"start":0,"end":17,"url":null,"entity_id":"Q238274","candidates":[]}],[],[]]]}