{"version":"1.2","table":{"version":"2","table_id":"J5KJG4JR","columns":[{"index":0,"name":"col0","values":["Zeta Piscium B","Beta Monocerotis","EBLM J0555-57","HR 4503","77 Piscium","Nu1 Sagittarii","54 Sagittarii","HD 4775","HD 1976","Theta Gruis","YZ Cassiopeiae","35 Piscium","12 Comae Berenices","HD 8375","51 Piscium","42 Ceti","37 Ceti A","13 Ceti","Omicron Cassiopeiae","28 Andromedae"]},{"index":1,"name":"col1","values":["6.32","3.74","9.934","5.2","8.52","4.845","5.296","5.362","5.58","4.332","5.652","6.01","4.81","6.29","5.679","5.87","5.13","5.201","4.5","5.214"]},{"index":2,"name":"col2","values":["7.5782440730054","-7.033058368","-57.29057333","-32.4994011065756","4.9083788132205","-22.7448409059306","-16.2932718977452","64.2475784267812","52.0199161103922","-43.520357148","74.9880711917783","8.82096086063583","25.8461637764889","34.24586184924473","6.9554764636511","-0.509031511","-7.9228256022704","-3.592843523","48.28436488139","29.7515534743601"]},{"index":3,"name":"col3","values":["18.1","17.2","23.419","35.25","-7.21","-11.57","-59.08","-2.38","1.9","14.2","8.9","2.6","0","7.27","16.5","14.7","22.11","10.7","-18.7","-10.3"]}]},"context":{"page_title":null,"page_url":null,"page_entity_id":null,"content_hierarchy":[]},"links":[[[{"start":0,"end":14,"url":null,"entity_id":"Q66493215","candidates":[]}],[],[],[]],[[{"start":0,"end":16,"url":null,"entity_id":"Q66477090","candidates":[]}],[],[],[]],[[{"start":0,"end":13,"url":null,"entity_id":"Q33082898","candidates":[]}],[],[],[]],[[{"start":0,"end":7,"url":null,"entity_id":"Q14858461","candidates":[]}],[],[],[]],[[{"start":0,"end":10,"url":null,"entity_id":"Q10932310","candidates":[]}],[],[],[]],[[{"start":0,"end":14,"url":null,"entity_id":"Q10893105","candidates":[]}],[],[],[]],[[{"start":0,"end":13,"url":null,"entity_id":"Q10893085","candidates":[]}],[],[],[]],[[{"start":0,"end":7,"url":null,"entity_id":"Q10850189","candidates":[]}],[],[],[]],[[{"start":0,"end":7,"url":null,"entity_id":"Q10849121","candidates":[]}],[],[],[]],[[{"start":0,"end":11,"url":null,"entity_id":"Q5175048","candidates":[]}],[],[],[]],[[{"start":0,"end":14,"url":null,"entity_id":"Q5097596","candidates":[]}],[],[],[]],[[{"start":0,"end":10,"url":null,"entity_id":"Q4635557","candidates":[]}],[],[],[]],[[{"start":0,"end":18,"url":null,"entity_id":"Q4548691","candidates":[]}],[],[],[]],[[{"start":0,"end":7,"url":null,"entity_id":"Q3781810","candidates":[]}],[],[],[]],[[{"start":0,"end":10,"url":null,"entity_id":"Q3599283","candidates":[]}],[],[],[]],[[{"start":0,"end":7,"url":null,"entity_id":"Q3599092","candidates":[]}],[],[],[]],[[{"start":0,"end":9,"url":null,"entity_id":"Q3598950","candidates":[]}],[],[],[]],[[{"start":0,"end":7,"url":null,"entity_id":"Q3597404","candidates":[]}],[],[],[]],[[{"start":0,"end":19,"url":null,"entity_id":"Q3304216","candidates":[]}],[],[],[]],[[{"start":0,"end":13,"url":null,"entity_id":"Q2720509","candidates":[]}],[],[],[]]]}