{"version":"1.2","table":{"version":"2","table_id":"J8W8BLA4","columns":[{"index":0,"name":"col0","values":["Felsen und Hangwälder im Altmühltal und Wellheimer Trockental","Muschelkalkhänge bei Bebelsheim u. Wittersheim","Baumbusch bei Medelsheim","Bliesaue zwischen Blieskastel und Bliesdalheim","Steilhänge der Saar","Saarkohlenwald","Beedener Bruch","Birzberg, Honigsack/Kappelberghang bei Fechingen","Laacher See","Wälder zwischen Wittlich und Cochem","Selztal zwischen Hahnheim und Ingelheim","Baumholder","Haardtrand","Klärteiche Offstein","Otterstadter Altrhein und Angelhofer Altrhein inklusive Binsfeld","Sondernheimer Tongruben","Lahnhänge","Lampertheimer Altrhein","Hessische Altneckarschlingen","Inselrhein"]},{"index":1,"name":"col1","values":["Neumarkt","Mandelbachtal","Gersheim","Blieskastel","Merzig","Regionalverband Saarbrücken","Saarpfalz-Kreis","Saarbrücken","Ahrweiler (district)","Cochem-Zell","Alzey-Worms","Kusel","Bad Dürkheim","Bad Dürkheim","Rhein-Pfalz-Kreis","Germersheim","Koblenz","Kreis Bergstraße","Kreis Bergstraße","Rheingau-Taunus-Kreis"]},{"index":2,"name":"col2","values":["Bavaria","Saarland","Saarland","Saarland","Saarland","Saarland","Saarland","Saarland","Rhineland-Palatinate","Rhineland-Palatinate","Rhineland-Palatinate","Rhineland-Palatinate","Rhineland-Palatinate","Rhineland-Palatinate","Rhineland-Palatinate","Rhineland-Palatinate","Rhineland-Palatinate","Hesse","Hesse","Hesse"]},{"index":3,"name":"col3","values":["2001-01-01","2006-01-01","2000-01-01","2000-01-01","2000-10-01","2006-01-01","2006-01-01","2006-01-01","2007-01-01","2004-01-01","2004-01-01","2010-01-01","2006-01-01","2006-01-01","2006-01-01","2001-01-01","2007-01-01","2010-01-01","2007-01-01","2007-01-01"]}]},"context":{"page_title":null,"page_url":null,"page_entity_id":null,"content_hierarchy":[]},"links":[[[{"start":0,"end":46,"url":null,"entity_id":"Q61040853","candidates":[]}],[{"start":0,"end":13,"url":null,"entity_id":"Q818550","candidates":[]}],[{"start":0,"end":8,"url":null,"entity_id":"Q1201","candidates":[]}],[]],[[{"start":0,"end":24,"url":null,"entity_id":"Q61040858","candidates":[]}],[{"start":0,"end":8,"url":null,"entity_id":"Q627722","candidates":[]}],[{"start":0,"end":8,"url":null,"entity_id":"Q1201","candidates":[]}],[]],[[{"start":0,"end":46,"url":null,"entity_id":"Q61040851","candidates":[]}],[{"start":0,"end":11,"url":null,"entity_id":"Q523709","candidates":[]}],[{"start":0,"end":8,"url":null,"entity_id":"Q1201","candidates":[]}],[]],[[{"start":0,"end":19,"url":null,"entity_id":"Q61040834","candidates":[]}],[{"start":0,"end":6,"url":null,"entity_id":"Q16130","candidates":[]}],[{"start":0,"end":8,"url":null,"entity_id":"Q1201","candidates":[]}],[]],[[{"start":0,"end":14,"url":null,"entity_id":"Q61040849","candidates":[]}],[{"start":0,"end":27,"url":null,"entity_id":"Q6805","candidates":[]}],[{"start":0,"end":8,"url":null,"entity_id":"Q1201","candidates":[]}],[]],[[{"start":0,"end":14,"url":null,"entity_id":"Q61040846","candidates":[]}],[{"start":0,"end":15,"url":null,"entity_id":"Q6793","candidates":[]}],[{"start":0,"end":8,"url":null,"entity_id":"Q1201","candidates":[]}],[]],[[{"start":0,"end":48,"url":null,"entity_id":"Q61040852","candidates":[]}],[{"start":0,"end":11,"url":null,"entity_id":"Q1724","candidates":[]}],[{"start":0,"end":8,"url":null,"entity_id":"Q1201","candidates":[]}],[]],[[{"start":0,"end":11,"url":null,"entity_id":"Q61040794","candidates":[]}],[{"start":0,"end":20,"url":null,"entity_id":"Q8596","candidates":[]}],[{"start":0,"end":20,"url":null,"entity_id":"Q1200","candidates":[]}],[]],[[{"start":0,"end":35,"url":null,"entity_id":"Q61040746","candidates":[]}],[{"start":0,"end":11,"url":null,"entity_id":"Q8590","candidates":[]}],[{"start":0,"end":20,"url":null,"entity_id":"Q1200","candidates":[]}],[]],[[{"start":0,"end":39,"url":null,"entity_id":"Q61040750","candidates":[]}],[{"start":0,"end":11,"url":null,"entity_id":"Q8566","candidates":[]}],[{"start":0,"end":20,"url":null,"entity_id":"Q1200","candidates":[]}],[]],[[{"start":0,"end":10,"url":null,"entity_id":"Q61040760","candidates":[]}],[{"start":0,"end":5,"url":null,"entity_id":"Q8562","candidates":[]}],[{"start":0,"end":20,"url":null,"entity_id":"Q1200","candidates":[]}],[]],[[{"start":0,"end":10,"url":null,"entity_id":"Q61040767","candidates":[]}],[{"start":0,"end":12,"url":null,"entity_id":"Q8557","candidates":[]}],[{"start":0,"end":20,"url":null,"entity_id":"Q1200","candidates":[]}],[]],[[{"start":0,"end":19,"url":null,"entity_id":"Q61040764","candidates":[]}],[{"start":0,"end":12,"url":null,"entity_id":"Q8557","candidates":[]}],[{"start":0,"end":20,"url":null,"entity_id":"Q1200","candidates":[]}],[]],[[{"start":0,"end":64,"url":null,"entity_id":"Q61040769","candidates":[]}],[{"start":0,"end":17,"url":null,"entity_id":"Q8554","candidates":[]}],[{"start":0,"end":20,"url":null,"entity_id":"Q1200","candidates":[]}],[]],[[{"start":0,"end":23,"url":null,"entity_id":"Q61040782","candidates":[]}],[{"start":0,"end":11,"url":null,"entity_id":"Q8543","candidates":[]}],[{"start":0,"end":20,"url":null,"entity_id":"Q1200","candidates":[]}],[]],[[{"start":0,"end":9,"url":null,"entity_id":"Q61040737","candidates":[]}],[{"start":0,"end":7,"url":null,"entity_id":"Q3104","candidates":[]}],[{"start":0,"end":20,"url":null,"entity_id":"Q1200","candidates":[]}],[]],[[{"start":0,"end":22,"url":null,"entity_id":"Q61021226","candidates":[]}],[{"start":0,"end":16,"url":null,"entity_id":"Q7917","candidates":[]}],[{"start":0,"end":5,"url":null,"entity_id":"Q1199","candidates":[]}],[]],[[{"start":0,"end":28,"url":null,"entity_id":"Q61021212","candidates":[]}],[{"start":0,"end":16,"url":null,"entity_id":"Q7917","candidates":[]}],[{"start":0,"end":5,"url":null,"entity_id":"Q1199","candidates":[]}],[]],[[{"start":0,"end":10,"url":null,"entity_id":"Q61021220","candidates":[]}],[{"start":0,"end":21,"url":null,"entity_id":"Q7907","candidates":[]}],[{"start":0,"end":5,"url":null,"entity_id":"Q1199","candidates":[]}],[]],[[{"start":0,"end":61,"url":null,"entity_id":"Q23787414","candidates":[]}],[{"start":0,"end":8,"url":null,"entity_id":"Q10427","candidates":[]}],[{"start":0,"end":7,"url":null,"entity_id":"Q980","candidates":[]}],[]]]}