{"version":"1.2","table":{"version":"2","table_id":"J97857XX","columns":[{"index":0,"name":"col0","values":["The Time Warrior","The Green Death","Planet of the Daleks","Frontier in Space","Carnival of Monsters","Spearhead from Space","The Daleks' Master Plan","The Crusade","The Aztecs","The Daleks","The Pirate Planet","The Three Doctors","The Time Monster","The Mutants","The Sea Devils","The Curse of Peladon","Day of the Daleks","The Dæmons","Colony in Space","The Claws of Axos"]},{"index":1,"name":"col1","values":["Invasion of the Dinosaurs","The Time Warrior","The Green Death","Planet of the Daleks","Frontier in Space","Doctor Who and the Silurians","The Massacre of St Bartholomew's Eve","The Space Museum","The Sensorites","The Edge of Destruction","The Stones of Blood","Carnival of Monsters","The Three Doctors","The Time Monster","The Mutants","The Sea Devils","The Curse of Peladon","Day of the Daleks","The Dæmons","Colony in Space"]},{"index":2,"name":"col2","values":["The Time Warrior I","The Green Death I","Planet of the Daleks I","Frontier in Space I","Carnival of Monsters I","Spearhead from Space I","The Nightmare Begins","The Lion","The Temple of Evil","The Dead Planet","The Pirate Planet I","The Three Doctors I","The Time Monster I","The Mutants I","The Sea Devils I","The Curse of Peladon I","Day of the Daleks I","The Dæmons I","Colony in Space I","The Claws of Axos I"]}]},"context":{"page_title":null,"page_url":null,"page_entity_id":null,"content_hierarchy":[]},"links":[[[{"start":0,"end":16,"url":null,"entity_id":"Q1528585","candidates":[]}],[{"start":0,"end":25,"url":null,"entity_id":"Q1584908","candidates":[]}],[{"start":0,"end":18,"url":null,"entity_id":"Q22342114","candidates":[]}]],[[{"start":0,"end":15,"url":null,"entity_id":"Q1189490","candidates":[]}],[{"start":0,"end":16,"url":null,"entity_id":"Q1528585","candidates":[]}],[{"start":0,"end":17,"url":null,"entity_id":"Q22342108","candidates":[]}]],[[{"start":0,"end":20,"url":null,"entity_id":"Q1029967","candidates":[]}],[{"start":0,"end":15,"url":null,"entity_id":"Q1189490","candidates":[]}],[{"start":0,"end":22,"url":null,"entity_id":"Q22342102","candidates":[]}]],[[{"start":0,"end":17,"url":null,"entity_id":"Q769759","candidates":[]}],[{"start":0,"end":20,"url":null,"entity_id":"Q1029967","candidates":[]}],[{"start":0,"end":19,"url":null,"entity_id":"Q22342096","candidates":[]}]],[[{"start":0,"end":20,"url":null,"entity_id":"Q720973","candidates":[]}],[{"start":0,"end":17,"url":null,"entity_id":"Q769759","candidates":[]}],[{"start":0,"end":22,"url":null,"entity_id":"Q22342092","candidates":[]}]],[[{"start":0,"end":20,"url":null,"entity_id":"Q1778697","candidates":[]}],[{"start":0,"end":28,"url":null,"entity_id":"Q565557","candidates":[]}],[{"start":0,"end":22,"url":null,"entity_id":"Q22342012","candidates":[]}]],[[{"start":0,"end":23,"url":null,"entity_id":"Q1587445","candidates":[]}],[{"start":0,"end":36,"url":null,"entity_id":"Q5238816","candidates":[]}],[{"start":0,"end":20,"url":null,"entity_id":"Q22341120","candidates":[]}]],[[{"start":0,"end":11,"url":null,"entity_id":"Q2415039","candidates":[]}],[{"start":0,"end":16,"url":null,"entity_id":"Q3079187","candidates":[]}],[{"start":0,"end":8,"url":null,"entity_id":"Q22246066","candidates":[]}]],[[{"start":0,"end":10,"url":null,"entity_id":"Q942315","candidates":[]}],[{"start":0,"end":14,"url":null,"entity_id":"Q3138819","candidates":[]}],[{"start":0,"end":18,"url":null,"entity_id":"Q22237266","candidates":[]}]],[[{"start":0,"end":10,"url":null,"entity_id":"Q1768716","candidates":[]}],[{"start":0,"end":23,"url":null,"entity_id":"Q2989836","candidates":[]}],[{"start":0,"end":15,"url":null,"entity_id":"Q22237242","candidates":[]}]],[[{"start":0,"end":17,"url":null,"entity_id":"Q513589","candidates":[]}],[{"start":0,"end":19,"url":null,"entity_id":"Q5507073","candidates":[]}],[{"start":0,"end":19,"url":null,"entity_id":"Q22342287","candidates":[]}]],[[{"start":0,"end":17,"url":null,"entity_id":"Q626989","candidates":[]}],[{"start":0,"end":20,"url":null,"entity_id":"Q720973","candidates":[]}],[{"start":0,"end":19,"url":null,"entity_id":"Q22342088","candidates":[]}]],[[{"start":0,"end":16,"url":null,"entity_id":"Q621042","candidates":[]}],[{"start":0,"end":17,"url":null,"entity_id":"Q626989","candidates":[]}],[{"start":0,"end":18,"url":null,"entity_id":"Q22342082","candidates":[]}]],[[{"start":0,"end":11,"url":null,"entity_id":"Q619474","candidates":[]}],[{"start":0,"end":16,"url":null,"entity_id":"Q621042","candidates":[]}],[{"start":0,"end":13,"url":null,"entity_id":"Q22342076","candidates":[]}]],[[{"start":0,"end":14,"url":null,"entity_id":"Q618368","candidates":[]}],[{"start":0,"end":11,"url":null,"entity_id":"Q619474","candidates":[]}],[{"start":0,"end":16,"url":null,"entity_id":"Q22342070","candidates":[]}]],[[{"start":0,"end":20,"url":null,"entity_id":"Q612051","candidates":[]}],[{"start":0,"end":14,"url":null,"entity_id":"Q618368","candidates":[]}],[{"start":0,"end":22,"url":null,"entity_id":"Q22342066","candidates":[]}]],[[{"start":0,"end":17,"url":null,"entity_id":"Q598044","candidates":[]}],[{"start":0,"end":20,"url":null,"entity_id":"Q612051","candidates":[]}],[{"start":0,"end":19,"url":null,"entity_id":"Q22342062","candidates":[]}]],[[{"start":0,"end":10,"url":null,"entity_id":"Q597149","candidates":[]}],[{"start":0,"end":17,"url":null,"entity_id":"Q598044","candidates":[]}],[{"start":0,"end":12,"url":null,"entity_id":"Q22342057","candidates":[]}]],[[{"start":0,"end":15,"url":null,"entity_id":"Q577226","candidates":[]}],[{"start":0,"end":10,"url":null,"entity_id":"Q597149","candidates":[]}],[{"start":0,"end":17,"url":null,"entity_id":"Q22342051","candidates":[]}]],[[{"start":0,"end":17,"url":null,"entity_id":"Q577240","candidates":[]}],[{"start":0,"end":15,"url":null,"entity_id":"Q577226","candidates":[]}],[{"start":0,"end":19,"url":null,"entity_id":"Q22342047","candidates":[]}]]]}