{"version":"1.2","table":{"version":"2","table_id":"J9G7COXC","columns":[{"index":0,"name":"col0","values":["Parque Santos Dumont","Parque El Ejido","Bosque da Barra","Kyeema Conservation Park","Parque Ecológico do Tietê","Parque La Carolina","Søndermarken","Parc de la Devesa","Monumento Natural Dos Lagunas","Greenbelt Park","Tillegembos","Alexander Garden","Ostpark","American Memorial Park","Plaine de Plainpalais","parc régional du Scheutbos","Tenreuken park","Jarry Park","Tanjung Puting","Laiwangi Wanggameti National Park"]},{"index":1,"name":"col1","values":["46500","14.32","53.64","3.47","14","64","29","27","181","1176","1.44","10","56","0.54","78135","6","6.68","35","4150","470.14"]},{"index":2,"name":"col2","values":["611","2801","6","366","737","2760","33","67","722","79","24","138","534","4","377","10","63","61","29","92"]}]},"context":{"page_title":null,"page_url":null,"page_entity_id":null,"content_hierarchy":[]},"links":[[[{"start":0,"end":20,"url":null,"entity_id":"Q22074035","candidates":[]}],[],[]],[[{"start":0,"end":15,"url":null,"entity_id":"Q16915453","candidates":[]}],[],[]],[[{"start":0,"end":15,"url":null,"entity_id":"Q16502217","candidates":[]}],[],[]],[[{"start":0,"end":24,"url":null,"entity_id":"Q21930419","candidates":[]}],[],[]],[[{"start":0,"end":25,"url":null,"entity_id":"Q10344974","candidates":[]}],[],[]],[[{"start":0,"end":18,"url":null,"entity_id":"Q9055813","candidates":[]}],[],[]],[[{"start":0,"end":12,"url":null,"entity_id":"Q7061127","candidates":[]}],[],[]],[[{"start":0,"end":17,"url":null,"entity_id":"Q6062766","candidates":[]}],[],[]],[[{"start":0,"end":29,"url":null,"entity_id":"Q6023314","candidates":[]}],[],[]],[[{"start":0,"end":14,"url":null,"entity_id":"Q5603701","candidates":[]}],[],[]],[[{"start":0,"end":11,"url":null,"entity_id":"Q2378158","candidates":[]}],[],[]],[[{"start":0,"end":16,"url":null,"entity_id":"Q1472498","candidates":[]}],[],[]],[[{"start":0,"end":7,"url":null,"entity_id":"Q1455683","candidates":[]}],[],[]],[[{"start":0,"end":22,"url":null,"entity_id":"Q4744430","candidates":[]}],[],[]],[[{"start":0,"end":21,"url":null,"entity_id":"Q3390975","candidates":[]}],[],[]],[[{"start":0,"end":26,"url":null,"entity_id":"Q3364761","candidates":[]}],[],[]],[[{"start":0,"end":14,"url":null,"entity_id":"Q3363917","candidates":[]}],[],[]],[[{"start":0,"end":10,"url":null,"entity_id":"Q3363835","candidates":[]}],[],[]],[[{"start":0,"end":14,"url":null,"entity_id":"Q1378379","candidates":[]}],[],[]],[[{"start":0,"end":33,"url":null,"entity_id":"Q1377651","candidates":[]}],[],[]]]}