{"version":"1.2","table":{"version":"2","table_id":"J9MVL8W7","columns":[{"index":0,"name":"col0","values":["Głwno","ugustów","Siercdz","Będin","Gorlce","Mińsk Maowiecki","Węgtów","Żyrardó","ielsk Podlaski","Bańsk","Łuków","Toaszów Lubelski","Nieszcxa","Świebdzice","Śwjgnica","Earłowo","Świeradów-Zrój","Rstrowiec Świętokrzzski","Jaosław","Jawor"]},{"index":1,"name":"col1","values":["19.7209","80.68721000000001","51.06634","37.22052","23.748479999999997","13.0544","35.520900000000005","14.407399999999999","27.148799999999998","32.36514","36.000249999999994","13.22355","9.809579999999999","30.724049999999995","22.113719999999997","20.069509999999998","20.72","46.138","34.2639","18.8752"]},{"index":2,"name":"col2","values":["Brockhaus and Efron Encyclopedic Dictionary","Brockhaus and Efron Encyclopedic Dictionary","Ottův slovník naučný","Brockhaus and Efron Encyclopedic Dictionary","Brockhaus and Efron Encyclopedic Dictionary","Brockhaus and Efron Encyclopedic Dictionary","Brockhaus and Efron Encyclopedic Dictionary","Brockhaus and Efron Encyclopedic Dictionary","Brockhaus and Efron Encyclopedic Dictionary","Brockhaus and Efron Encyclopedic Dictionary","Brockhaus and Efron Encyclopedic Dictionary","Ottův slovník naučný","Brockhaus and Efron Encyclopedic Dictionary","Brockhaus and Efron Encyclopedic Dictionary","Brockhaus and Efron Encyclopedic Dictionary","Brockhaus and Efron Encyclopedic Dictionary","Brockhaus and Efron Encyclopedic Dictionary","New Encyclopedic Dictionary","Jewish Encyclopedia of Brockhaus and Efron","Brockhaus and Efron Encyclopedic Dictionary"]},{"index":3,"name":"col3","values":["Zgierz County","Augustów County","Sieradz County","Będzin County","Gorlice County","Mińsk County","Węgrów County","Żyrardów County","Bielsk County","Bielsk County","Łuków County","Tomaszów Lubelski County","Aleksandrów County","Świdnica County","Świdnica County","Duchy of Pomerania","Lubań County","Ostrowiec County","Jarosław County","Jawor County"]}]},"context":{"page_title":null,"page_url":null,"page_entity_id":null,"content_hierarchy":[]},"links":[[[{"start":0,"end":7,"url":null,"entity_id":"Q464763","candidates":[]}],[],[{"start":0,"end":43,"url":null,"entity_id":"Q602358","candidates":[]}],[{"start":0,"end":15,"url":null,"entity_id":"Q1125769","candidates":[]}]],[[{"start":0,"end":7,"url":null,"entity_id":"Q745074","candidates":[]}],[],[{"start":0,"end":20,"url":null,"entity_id":"Q2041543","candidates":[]}],[{"start":0,"end":14,"url":null,"entity_id":"Q1125759","candidates":[]}]],[[{"start":0,"end":5,"url":null,"entity_id":"Q461513","candidates":[]}],[],[{"start":0,"end":43,"url":null,"entity_id":"Q602358","candidates":[]}],[{"start":0,"end":13,"url":null,"entity_id":"Q972886","candidates":[]}]],[[{"start":0,"end":6,"url":null,"entity_id":"Q947521","candidates":[]}],[],[{"start":0,"end":43,"url":null,"entity_id":"Q602358","candidates":[]}],[{"start":0,"end":14,"url":null,"entity_id":"Q970547","candidates":[]}]],[[{"start":0,"end":15,"url":null,"entity_id":"Q648071","candidates":[]}],[],[{"start":0,"end":43,"url":null,"entity_id":"Q602358","candidates":[]}],[{"start":0,"end":12,"url":null,"entity_id":"Q947536","candidates":[]}]],[[{"start":0,"end":6,"url":null,"entity_id":"Q953156","candidates":[]}],[],[{"start":0,"end":43,"url":null,"entity_id":"Q602358","candidates":[]}],[{"start":0,"end":13,"url":null,"entity_id":"Q939532","candidates":[]}]],[[{"start":0,"end":7,"url":null,"entity_id":"Q393251","candidates":[]}],[],[{"start":0,"end":43,"url":null,"entity_id":"Q602358","candidates":[]}],[{"start":0,"end":15,"url":null,"entity_id":"Q936157","candidates":[]}]],[[{"start":0,"end":14,"url":null,"entity_id":"Q850714","candidates":[]}],[],[{"start":0,"end":43,"url":null,"entity_id":"Q602358","candidates":[]}],[{"start":0,"end":13,"url":null,"entity_id":"Q931478","candidates":[]}]],[[{"start":0,"end":5,"url":null,"entity_id":"Q607410","candidates":[]}],[],[{"start":0,"end":43,"url":null,"entity_id":"Q602358","candidates":[]}],[{"start":0,"end":13,"url":null,"entity_id":"Q931478","candidates":[]}]],[[{"start":0,"end":5,"url":null,"entity_id":"Q384244","candidates":[]}],[],[{"start":0,"end":43,"url":null,"entity_id":"Q602358","candidates":[]}],[{"start":0,"end":12,"url":null,"entity_id":"Q914615","candidates":[]}]],[[{"start":0,"end":16,"url":null,"entity_id":"Q911009","candidates":[]}],[],[{"start":0,"end":20,"url":null,"entity_id":"Q2041543","candidates":[]}],[{"start":0,"end":24,"url":null,"entity_id":"Q913630","candidates":[]}]],[[{"start":0,"end":8,"url":null,"entity_id":"Q682046","candidates":[]}],[],[{"start":0,"end":43,"url":null,"entity_id":"Q602358","candidates":[]}],[{"start":0,"end":18,"url":null,"entity_id":"Q750491","candidates":[]}]],[[{"start":0,"end":10,"url":null,"entity_id":"Q387449","candidates":[]}],[],[{"start":0,"end":43,"url":null,"entity_id":"Q602358","candidates":[]}],[{"start":0,"end":15,"url":null,"entity_id":"Q716351","candidates":[]}]],[[{"start":0,"end":8,"url":null,"entity_id":"Q387396","candidates":[]}],[],[{"start":0,"end":43,"url":null,"entity_id":"Q602358","candidates":[]}],[{"start":0,"end":15,"url":null,"entity_id":"Q716351","candidates":[]}]],[[{"start":0,"end":7,"url":null,"entity_id":"Q497138","candidates":[]}],[],[{"start":0,"end":43,"url":null,"entity_id":"Q602358","candidates":[]}],[{"start":0,"end":18,"url":null,"entity_id":"Q696640","candidates":[]}]],[[{"start":0,"end":14,"url":null,"entity_id":"Q387561","candidates":[]}],[],[{"start":0,"end":43,"url":null,"entity_id":"Q602358","candidates":[]}],[{"start":0,"end":12,"url":null,"entity_id":"Q687757","candidates":[]}]],[[{"start":0,"end":23,"url":null,"entity_id":"Q730929","candidates":[]}],[],[{"start":0,"end":27,"url":null,"entity_id":"Q19190511","candidates":[]}],[{"start":0,"end":16,"url":null,"entity_id":"Q654524","candidates":[]}]],[[{"start":0,"end":7,"url":null,"entity_id":"Q721928","candidates":[]}],[],[{"start":0,"end":42,"url":null,"entity_id":"Q4173137","candidates":[]}],[{"start":0,"end":15,"url":null,"entity_id":"Q643915","candidates":[]}]],[[{"start":0,"end":5,"url":null,"entity_id":"Q731805","candidates":[]}],[],[{"start":0,"end":43,"url":null,"entity_id":"Q602358","candidates":[]}],[{"start":0,"end":12,"url":null,"entity_id":"Q637105","candidates":[]}]],[[{"start":0,"end":5,"url":null,"entity_id":"Q867358","candidates":[]}],[],[{"start":0,"end":43,"url":null,"entity_id":"Q602358","candidates":[]}],[{"start":0,"end":13,"url":null,"entity_id":"Q1125855","candidates":[]}]]]}