[{"version":1,"nodes":[{"col_index":0,"label":"col0","id":0},{"col_index":1,"label":"col1","id":1},{"col_index":2,"label":"col2","id":2},{"abs_uri":"http://www.wikidata.org/entity/Q26792858","rel_uri":"wd:Q26792858","approximation":false,"readable_label":"motorway in Belgium (Q26792858)","id":3},{"abs_uri":"http://www.wikidata.org/entity/Q327333","rel_uri":"wd:Q327333","approximation":false,"readable_label":"government agency (Q327333)","id":4},{"abs_uri":"http://www.wikidata.org/entity/Q83116","rel_uri":"wd:Q83116","approximation":false,"readable_label":"province of Belgium (Q83116)","id":5}],"edges":[{"source":3,"target":0,"abs_uri":"http://www.w3.org/2000/01/rdf-schema#label","rel_uri":"rdfs:label","approximation":false,"readable_label":"rdfs:label","id":0},{"source":4,"target":1,"abs_uri":"http://www.w3.org/2000/01/rdf-schema#label","rel_uri":"rdfs:label","approximation":false,"readable_label":"rdfs:label","id":1},{"source":5,"target":2,"abs_uri":"http://www.w3.org/2000/01/rdf-schema#label","rel_uri":"rdfs:label","approximation":false,"readable_label":"rdfs:label","id":2},{"source":3,"target":4,"abs_uri":"http://www.wikidata.org/prop/P126","rel_uri":"p:P126","approximation":false,"readable_label":"maintained by (P126)","id":3},{"source":3,"target":5,"abs_uri":"http://www.wikidata.org/prop/P131","rel_uri":"p:P131","approximation":false,"readable_label":"located in the administrative territorial entity (P131)","id":4}]}]