[{"version":1,"nodes":[{"col_index":0,"label":"col0","id":0},{"col_index":1,"label":"col1","id":1},{"col_index":2,"label":"col2","id":2},{"col_index":3,"label":"col3","id":3},{"abs_uri":"http://www.wikidata.org/entity/Q1377841","rel_uri":"wd:Q1377841","approximation":false,"readable_label":"isotope of cerium (Q1377841)","id":4}],"edges":[{"source":4,"target":0,"abs_uri":"http://www.w3.org/2000/01/rdf-schema#label","rel_uri":"rdfs:label","approximation":false,"readable_label":"rdfs:label","id":0},{"source":4,"target":1,"abs_uri":"http://www.wikidata.org/prop/P1122","rel_uri":"p:P1122","approximation":false,"readable_label":"spin quantum number (P1122)","id":1},{"source":4,"target":2,"abs_uri":"http://www.wikidata.org/prop/P2154","rel_uri":"p:P2154","approximation":false,"readable_label":"binding energy (P2154)","id":2},{"source":4,"target":3,"abs_uri":"http://www.wikidata.org/prop/P2067","rel_uri":"p:P2067","approximation":false,"readable_label":"mass (P2067)","id":3}]}]