[{"version":1,"nodes":[{"col_index":0,"label":"col0","id":0},{"col_index":1,"label":"col1","id":1},{"col_index":2,"label":"col2","id":2},{"col_index":3,"label":"col3","id":3},{"abs_uri":"http://www.wikidata.org/entity/Q22231108","rel_uri":"wd:Q22231108","approximation":false,"readable_label":"1.HC (Q22231108)","id":4},{"abs_uri":"http://www.wikidata.org/entity/Q53534649","rel_uri":"wd:Q53534649","approximation":false,"readable_label":"cycling team season (Q53534649)","id":5}],"edges":[{"source":4,"target":0,"abs_uri":"http://www.w3.org/2000/01/rdf-schema#label","rel_uri":"rdfs:label","approximation":false,"readable_label":"rdfs:label","id":0},{"source":5,"target":2,"abs_uri":"http://www.w3.org/2000/01/rdf-schema#label","rel_uri":"rdfs:label","approximation":false,"readable_label":"rdfs:label","id":1},{"source":4,"target":5,"abs_uri":"http://www.wikidata.org/prop/P1923","rel_uri":"p:P1923","approximation":false,"readable_label":"participating team (P1923)","id":2},{"source":4,"target":3,"abs_uri":"http://www.wikidata.org/prop/P155","rel_uri":"p:P155","approximation":false,"readable_label":"follows (P155)","id":3},{"source":4,"target":1,"abs_uri":"http://www.wikidata.org/prop/P3157","rel_uri":"p:P3157","approximation":false,"readable_label":"event distance (P3157)","id":4}]}]