{"version":"1.2","table":{"version":"2","table_id":"KVCYJNUV","columns":[{"index":0,"name":"col0","values":["Lakeland","Roswell","Lawrenceville","Dillard","Perry","Portal","Bremen","Columbus","Bainbridge","Abbeville","Atlanta","Allenhurst","Gainesville","Attapulgus","Ailey","Adrian","Adel","Adairsville","Albany","Athens"]},{"index":1,"name":"col1","values":["61","62","325","660","111","90","425","243","37","78","225","18","381","97","76","87","73","219","62","194"]},{"index":2,"name":"col2","values":["Lanier County","Fulton County","Georgia","Georgia","Georgia","Georgia","Georgia","Georgia","Decatur County","Wilcox County","DeKalb County","Georgia","Georgia","Georgia","Georgia","Georgia","Georgia","Georgia","Georgia","Georgia"]},{"index":3,"name":"col3","values":["Eastern Time Zone","Eastern Time Zone","Eastern Time Zone","Eastern Time Zone","Eastern Time Zone","Eastern Time Zone","Eastern Time Zone","Eastern Time Zone","UTC−05:00","UTC−05:00","UTC−05:00","UTC−05:00","UTC−05:00","UTC−05:00","UTC−05:00","UTC−05:00","UTC−05:00","UTC−05:00","UTC−05:00","UTC−05:00"]},{"index":4,"name":"col4","values":["2730","94089","29837","339","17377","638","6227","189885","12697","2298","486290","695","33804","449","432","664","5334","4648","77434","115452"]}]},"context":{"page_title":null,"page_url":null,"page_entity_id":null,"content_hierarchy":[]},"links":[[[{"start":0,"end":7,"url":null,"entity_id":"Q585176","candidates":[]}],[],[{"start":0,"end":13,"url":null,"entity_id":"Q486633","candidates":[]}],[{"start":0,"end":17,"url":null,"entity_id":"Q941023","candidates":[]}],[]],[[{"start":0,"end":13,"url":null,"entity_id":"Q970174","candidates":[]}],[],[{"start":0,"end":7,"url":null,"entity_id":"Q1428","candidates":[]}],[{"start":0,"end":17,"url":null,"entity_id":"Q941023","candidates":[]}],[]],[[{"start":0,"end":7,"url":null,"entity_id":"Q944998","candidates":[]}],[],[{"start":0,"end":7,"url":null,"entity_id":"Q1428","candidates":[]}],[{"start":0,"end":17,"url":null,"entity_id":"Q941023","candidates":[]}],[]],[[{"start":0,"end":5,"url":null,"entity_id":"Q668422","candidates":[]}],[],[{"start":0,"end":7,"url":null,"entity_id":"Q1428","candidates":[]}],[{"start":0,"end":17,"url":null,"entity_id":"Q941023","candidates":[]}],[]],[[{"start":0,"end":6,"url":null,"entity_id":"Q605771","candidates":[]}],[],[{"start":0,"end":7,"url":null,"entity_id":"Q1428","candidates":[]}],[{"start":0,"end":17,"url":null,"entity_id":"Q941023","candidates":[]}],[]],[[{"start":0,"end":6,"url":null,"entity_id":"Q513400","candidates":[]}],[],[{"start":0,"end":7,"url":null,"entity_id":"Q1428","candidates":[]}],[{"start":0,"end":17,"url":null,"entity_id":"Q941023","candidates":[]}],[]],[[{"start":0,"end":8,"url":null,"entity_id":"Q239870","candidates":[]}],[],[{"start":0,"end":7,"url":null,"entity_id":"Q1428","candidates":[]}],[{"start":0,"end":17,"url":null,"entity_id":"Q941023","candidates":[]}],[]],[[{"start":0,"end":10,"url":null,"entity_id":"Q788794","candidates":[]}],[],[{"start":0,"end":14,"url":null,"entity_id":"Q493037","candidates":[]}],[{"start":0,"end":9,"url":null,"entity_id":"Q5390","candidates":[]}],[]],[[{"start":0,"end":9,"url":null,"entity_id":"Q306318","candidates":[]}],[],[{"start":0,"end":13,"url":null,"entity_id":"Q486791","candidates":[]}],[{"start":0,"end":9,"url":null,"entity_id":"Q5390","candidates":[]}],[]],[[{"start":0,"end":7,"url":null,"entity_id":"Q23556","candidates":[]}],[],[{"start":0,"end":13,"url":null,"entity_id":"Q486398","candidates":[]}],[{"start":0,"end":9,"url":null,"entity_id":"Q5390","candidates":[]}],[]],[[{"start":0,"end":10,"url":null,"entity_id":"Q938284","candidates":[]}],[],[{"start":0,"end":7,"url":null,"entity_id":"Q1428","candidates":[]}],[{"start":0,"end":9,"url":null,"entity_id":"Q5390","candidates":[]}],[]],[[{"start":0,"end":11,"url":null,"entity_id":"Q651051","candidates":[]}],[],[{"start":0,"end":7,"url":null,"entity_id":"Q1428","candidates":[]}],[{"start":0,"end":9,"url":null,"entity_id":"Q5390","candidates":[]}],[]],[[{"start":0,"end":10,"url":null,"entity_id":"Q604005","candidates":[]}],[],[{"start":0,"end":7,"url":null,"entity_id":"Q1428","candidates":[]}],[{"start":0,"end":9,"url":null,"entity_id":"Q5390","candidates":[]}],[]],[[{"start":0,"end":5,"url":null,"entity_id":"Q405097","candidates":[]}],[],[{"start":0,"end":7,"url":null,"entity_id":"Q1428","candidates":[]}],[{"start":0,"end":9,"url":null,"entity_id":"Q5390","candidates":[]}],[]],[[{"start":0,"end":6,"url":null,"entity_id":"Q372266","candidates":[]}],[],[{"start":0,"end":7,"url":null,"entity_id":"Q1428","candidates":[]}],[{"start":0,"end":9,"url":null,"entity_id":"Q5390","candidates":[]}],[]],[[{"start":0,"end":4,"url":null,"entity_id":"Q353662","candidates":[]}],[],[{"start":0,"end":7,"url":null,"entity_id":"Q1428","candidates":[]}],[{"start":0,"end":9,"url":null,"entity_id":"Q5390","candidates":[]}],[]],[[{"start":0,"end":11,"url":null,"entity_id":"Q346990","candidates":[]}],[],[{"start":0,"end":7,"url":null,"entity_id":"Q1428","candidates":[]}],[{"start":0,"end":9,"url":null,"entity_id":"Q5390","candidates":[]}],[]],[[{"start":0,"end":6,"url":null,"entity_id":"Q285599","candidates":[]}],[],[{"start":0,"end":7,"url":null,"entity_id":"Q1428","candidates":[]}],[{"start":0,"end":9,"url":null,"entity_id":"Q5390","candidates":[]}],[]],[[{"start":0,"end":6,"url":null,"entity_id":"Q203263","candidates":[]}],[],[{"start":0,"end":7,"url":null,"entity_id":"Q1428","candidates":[]}],[{"start":0,"end":9,"url":null,"entity_id":"Q5390","candidates":[]}],[]],[[{"start":0,"end":8,"url":null,"entity_id":"Q921477","candidates":[]}],[],[{"start":0,"end":13,"url":null,"entity_id":"Q492070","candidates":[]}],[{"start":0,"end":17,"url":null,"entity_id":"Q941023","candidates":[]}],[]]]}