{"version":"1.2","table":{"version":"2","table_id":"KW5GD5OI","columns":[{"index":0,"name":"col0","values":["Rigel","Phi Cdssiopeiae","L2Puppis","Deneb","Theta Ursae Mjoris","Laobda Andromedae","Gcmma Geminorum","AT-P-8","31Aquilae","Upsilon Adromedae","Zeta eticuli","Eta Ursae Mioris","Altir","Skrius","GammaCentauri","Epsilon Uruae Minoris","ADS 8251 D","Z Aquarii","Lalaqde 21185","Ou Cassiopeiae"]},{"index":1,"name":"col1","values":["78.9789","264.84099999999995","122.016","202.391","2.37446","7.062999999999999","4.364800000000001","1.5847399999999998","1.3707259999999999","1.6064","0.90363","1.92421","1.6932","1.722977","36.7555","19.019","0.6448","0.5005","0.391428","0.74074"]},{"index":2,"name":"col2","values":["0.12883","4.9600800000000005","5.0592","1.24375","3.1736400000000002","3.83528","1.92384","10.297839999999999","5.17032","4.0794999999999995","5.52102","4.94505","0.7637999999999999","-1.4643799999999998","2.18736","4.195151999999999","7.779389999999999","12.49142","7.50496","5.206189999999999"]},{"index":3,"name":"col3","values":["18.089999999999996","6.2748","0.6603180000000001","20.958","1.4226899999999998","1.004","2.7775999999999996","1.2723200000000001","1.15188","1.2928","0.9383699999999999","1.6749399999999997","1.6915","2.006","2.8027999999999995","2.587","0.6603450000000001","0.11","0.46368000000000004","0.5946"]}]},"context":{"page_title":null,"page_url":null,"page_entity_id":null,"content_hierarchy":[]},"links":[[[{"start":0,"end":15,"url":null,"entity_id":"Q3304278","candidates":[]}],[],[],[]],[[{"start":0,"end":8,"url":null,"entity_id":"Q2608924","candidates":[]}],[],[],[]],[[{"start":0,"end":5,"url":null,"entity_id":"Q12179","candidates":[]}],[],[],[]],[[{"start":0,"end":18,"url":null,"entity_id":"Q1327688","candidates":[]}],[],[],[]],[[{"start":0,"end":17,"url":null,"entity_id":"Q749234","candidates":[]}],[],[],[]],[[{"start":0,"end":15,"url":null,"entity_id":"Q14238","candidates":[]}],[],[],[]],[[{"start":0,"end":6,"url":null,"entity_id":"Q2667524","candidates":[]}],[],[],[]],[[{"start":0,"end":9,"url":null,"entity_id":"Q2545903","candidates":[]}],[],[],[]],[[{"start":0,"end":17,"url":null,"entity_id":"Q848579","candidates":[]}],[],[],[]],[[{"start":0,"end":12,"url":null,"entity_id":"Q196847","candidates":[]}],[],[],[]],[[{"start":0,"end":16,"url":null,"entity_id":"Q14067","candidates":[]}],[],[],[]],[[{"start":0,"end":5,"url":null,"entity_id":"Q12975","candidates":[]}],[],[],[]],[[{"start":0,"end":6,"url":null,"entity_id":"Q3409","candidates":[]}],[],[],[]],[[{"start":0,"end":13,"url":null,"entity_id":"Q14226","candidates":[]}],[],[],[]],[[{"start":0,"end":21,"url":null,"entity_id":"Q14064","candidates":[]}],[],[],[]],[[{"start":0,"end":10,"url":null,"entity_id":"Q20669492","candidates":[]}],[],[],[]],[[{"start":0,"end":9,"url":null,"entity_id":"Q955526","candidates":[]}],[],[],[]],[[{"start":0,"end":13,"url":null,"entity_id":"Q683605","candidates":[]}],[],[],[]],[[{"start":0,"end":14,"url":null,"entity_id":"Q682966","candidates":[]}],[],[],[]],[[{"start":0,"end":5,"url":null,"entity_id":"Q12126","candidates":[]}],[],[],[]]]}