{"version":"1.2","table":{"version":"2","table_id":"KYP9EX66","columns":[{"index":0,"name":"col0","values":["ACTV line 15","ACTV line 12","ACTV line 11","ACTV line 10","ACTV line 9","BVG line F23","BVG line F24","BVG line F21","BVG line F12","BVG line F10","3","Murray Taylorsville MAX","RT2","5600 West MAX","3500 South MAX","BVG line F11","Oslo Metro Line 1","Light Blue Line","Line C-2","Line C-1 (Cercanías Asturias)"]},{"index":1,"name":"col1","values":["Venice","Venice","Venice","Venice","Venice","Berlin","Berlin","Berlin","Berlin","Berlin","Cologne","Taylorsville","Catalonia","Salt Lake County","West Valley City","Berlin","Oslo","Bangkok","Asturias","Asturias"]},{"index":2,"name":"col2","values":["Azienda del Consorzio Trasporti Veneziano","Azienda del Consorzio Trasporti Veneziano","Azienda del Consorzio Trasporti Veneziano","Azienda del Consorzio Trasporti Veneziano","Azienda del Consorzio Trasporti Veneziano","Ferry transport in Berlin","Ferry transport in Berlin","Ferry transport in Berlin","Ferry transport in Berlin","Ferry transport in Berlin","Stadtbahn Köln","UTA MAX","Rodalies de Catalunya","Utah State Route 172","Utah State Route 171","Ferry transport in Berlin","Oslo Metro","Rail transport in Bangkok","Cercanías Asturias","Cercanías Asturias"]}]},"context":{"page_title":null,"page_url":null,"page_entity_id":null,"content_hierarchy":[]},"links":[[[{"start":0,"end":12,"url":null,"entity_id":"Q63413752","candidates":[]}],[{"start":0,"end":6,"url":null,"entity_id":"Q641","candidates":[]}],[{"start":0,"end":41,"url":null,"entity_id":"Q548005","candidates":[]}]],[[{"start":0,"end":12,"url":null,"entity_id":"Q63413130","candidates":[]}],[{"start":0,"end":6,"url":null,"entity_id":"Q641","candidates":[]}],[{"start":0,"end":41,"url":null,"entity_id":"Q548005","candidates":[]}]],[[{"start":0,"end":12,"url":null,"entity_id":"Q63412952","candidates":[]}],[{"start":0,"end":6,"url":null,"entity_id":"Q641","candidates":[]}],[{"start":0,"end":41,"url":null,"entity_id":"Q548005","candidates":[]}]],[[{"start":0,"end":11,"url":null,"entity_id":"Q63412889","candidates":[]}],[{"start":0,"end":6,"url":null,"entity_id":"Q641","candidates":[]}],[{"start":0,"end":41,"url":null,"entity_id":"Q548005","candidates":[]}]],[[{"start":0,"end":12,"url":null,"entity_id":"Q66971377","candidates":[]}],[{"start":0,"end":6,"url":null,"entity_id":"Q64","candidates":[]}],[{"start":0,"end":25,"url":null,"entity_id":"Q99682","candidates":[]}]],[[{"start":0,"end":12,"url":null,"entity_id":"Q66967658","candidates":[]}],[{"start":0,"end":6,"url":null,"entity_id":"Q64","candidates":[]}],[{"start":0,"end":25,"url":null,"entity_id":"Q99682","candidates":[]}]],[[{"start":0,"end":12,"url":null,"entity_id":"Q66966252","candidates":[]}],[{"start":0,"end":6,"url":null,"entity_id":"Q64","candidates":[]}],[{"start":0,"end":25,"url":null,"entity_id":"Q99682","candidates":[]}]],[[{"start":0,"end":12,"url":null,"entity_id":"Q66961547","candidates":[]}],[{"start":0,"end":6,"url":null,"entity_id":"Q64","candidates":[]}],[{"start":0,"end":25,"url":null,"entity_id":"Q99682","candidates":[]}]],[[{"start":0,"end":12,"url":null,"entity_id":"Q66687008","candidates":[]}],[{"start":0,"end":6,"url":null,"entity_id":"Q64","candidates":[]}],[{"start":0,"end":25,"url":null,"entity_id":"Q99682","candidates":[]}]],[[{"start":0,"end":1,"url":null,"entity_id":"Q63442521","candidates":[]}],[{"start":0,"end":7,"url":null,"entity_id":"Q365","candidates":[]}],[{"start":0,"end":14,"url":null,"entity_id":"Q95685","candidates":[]}]],[[{"start":0,"end":23,"url":null,"entity_id":"Q16982344","candidates":[]}],[{"start":0,"end":12,"url":null,"entity_id":"Q52475","candidates":[]}],[{"start":0,"end":7,"url":null,"entity_id":"Q6794511","candidates":[]}]],[[{"start":0,"end":3,"url":null,"entity_id":"Q9025898","candidates":[]}],[{"start":0,"end":9,"url":null,"entity_id":"Q5705","candidates":[]}],[{"start":0,"end":21,"url":null,"entity_id":"Q3322422","candidates":[]}]],[[{"start":0,"end":13,"url":null,"entity_id":"Q16973859","candidates":[]}],[{"start":0,"end":16,"url":null,"entity_id":"Q484556","candidates":[]}],[{"start":0,"end":20,"url":null,"entity_id":"Q2506529","candidates":[]}]],[[{"start":0,"end":14,"url":null,"entity_id":"Q16981787","candidates":[]}],[{"start":0,"end":16,"url":null,"entity_id":"Q52465","candidates":[]}],[{"start":0,"end":20,"url":null,"entity_id":"Q2506525","candidates":[]}]],[[{"start":0,"end":12,"url":null,"entity_id":"Q17321819","candidates":[]}],[{"start":0,"end":6,"url":null,"entity_id":"Q64","candidates":[]}],[{"start":0,"end":25,"url":null,"entity_id":"Q99682","candidates":[]}]],[[{"start":0,"end":17,"url":null,"entity_id":"Q15731038","candidates":[]}],[{"start":0,"end":4,"url":null,"entity_id":"Q585","candidates":[]}],[{"start":0,"end":10,"url":null,"entity_id":"Q24492","candidates":[]}]],[[{"start":0,"end":15,"url":null,"entity_id":"Q6584551","candidates":[]}],[{"start":0,"end":7,"url":null,"entity_id":"Q1861","candidates":[]}],[{"start":0,"end":25,"url":null,"entity_id":"Q7283953","candidates":[]}]],[[{"start":0,"end":8,"url":null,"entity_id":"Q5987199","candidates":[]}],[{"start":0,"end":8,"url":null,"entity_id":"Q3934","candidates":[]}],[{"start":0,"end":18,"url":null,"entity_id":"Q1054739","candidates":[]}]],[[{"start":0,"end":29,"url":null,"entity_id":"Q5987183","candidates":[]}],[{"start":0,"end":8,"url":null,"entity_id":"Q3934","candidates":[]}],[{"start":0,"end":18,"url":null,"entity_id":"Q1054739","candidates":[]}]],[[{"start":0,"end":12,"url":null,"entity_id":"Q63871937","candidates":[]}],[{"start":0,"end":6,"url":null,"entity_id":"Q641","candidates":[]}],[{"start":0,"end":41,"url":null,"entity_id":"Q548005","candidates":[]}]]]}