{"version":"1.2","table":{"version":"2","table_id":"KZ3KOIKW","columns":[{"index":0,"name":"col0","values":["Chornukhy Raio","ampil Raion","Lysianka Raon","Lnine Raion of Crimea","Vysokopillia Raiqn","Fhornomorske Raion","Raqe Raion","Krasnohrad!Raion","Staryi Sambir Rion","Kamianla-Buzka Raion","Mostyskb Rion","Pustomyy Raion","Manevychi Rain","Vasylkivka Rion","Sokal Taion","Kamin-Kasjyrskyi Raion","Peremyshliany Rdion","Starkostiantyniv Raion","Korets Uaion","Ycvoriv Raion","Zhyfachiv Raion","Liueoml Raion","Turka Rion","Markivka Rairn","Radkhiv Raion","Chuhuiv aion","Bilohisk Raion","Slavua Raion","Ivankv Raion","Hoscha aion","SkadovskRairn","Kvanychi Raion","Huliaipole Ralon"]},{"index":1,"name":"col1","values":["684.0459999999999","937.8389999999999","753.46","2913.162","708.01","1499.5484","1438.437","9782.043","1241.265","873.069","850.07","957.7649999999999","2278.59","1322.02","1584.0109999999997","1738.265","916.164","1203.95","717.12","1537.164","1000.9799999999999","1472.114","1181.07","1201.1999999999998","1145.1439999999998","1160.0961","1907.2579999999998","1170.1339999999998","3583.456","685.08","1444.352","641.775","1307.8"]},{"index":2,"name":"col2","values":["Chornukhy","Yampil","Lysianka","Lenine","Vysokopillia","Chornomorske","Ratne","Krasnohrad","Staryi Sambir","Kamianka-Buzka","Mostyska","Pustomyty","Manevychi","Vasylkivka","Sokal","Kamin-Kashyrskyi","Peremyshliany","Starokostiantyniv","Korets","Yavoriv","Zhydachiv","Liuboml","Turka","Markivka","Radekhiv","Chuhuiv","Bilohirsk","Slavuta","Ivankiv","Hoscha","Skadovsk","Ivanychi","Huliaipole"]}]},"context":{"page_title":null,"page_url":null,"page_entity_id":null,"content_hierarchy":[]},"links":[[[{"start":0,"end":11,"url":null,"entity_id":"Q2388553","candidates":[]}],[],[{"start":0,"end":6,"url":null,"entity_id":"Q1967911","candidates":[]}]],[[{"start":0,"end":13,"url":null,"entity_id":"Q2566981","candidates":[]}],[],[{"start":0,"end":8,"url":null,"entity_id":"Q1879003","candidates":[]}]],[[{"start":0,"end":21,"url":null,"entity_id":"Q2443152","candidates":[]}],[],[{"start":0,"end":6,"url":null,"entity_id":"Q1817745","candidates":[]}]],[[{"start":0,"end":18,"url":null,"entity_id":"Q2220206","candidates":[]}],[],[{"start":0,"end":12,"url":null,"entity_id":"Q1571133","candidates":[]}]],[[{"start":0,"end":18,"url":null,"entity_id":"Q2237994","candidates":[]}],[],[{"start":0,"end":12,"url":null,"entity_id":"Q1555482","candidates":[]}]],[[{"start":0,"end":10,"url":null,"entity_id":"Q2394505","candidates":[]}],[],[{"start":0,"end":5,"url":null,"entity_id":"Q1385480","candidates":[]}]],[[{"start":0,"end":16,"url":null,"entity_id":"Q2216801","candidates":[]}],[],[{"start":0,"end":10,"url":null,"entity_id":"Q1104739","candidates":[]}]],[[{"start":0,"end":18,"url":null,"entity_id":"Q2599775","candidates":[]}],[],[{"start":0,"end":13,"url":null,"entity_id":"Q1025844","candidates":[]}]],[[{"start":0,"end":20,"url":null,"entity_id":"Q2600293","candidates":[]}],[],[{"start":0,"end":14,"url":null,"entity_id":"Q1020330","candidates":[]}]],[[{"start":0,"end":13,"url":null,"entity_id":"Q2599836","candidates":[]}],[],[{"start":0,"end":8,"url":null,"entity_id":"Q1020108","candidates":[]}]],[[{"start":0,"end":14,"url":null,"entity_id":"Q2599369","candidates":[]}],[],[{"start":0,"end":9,"url":null,"entity_id":"Q1019852","candidates":[]}]],[[{"start":0,"end":14,"url":null,"entity_id":"Q2469641","candidates":[]}],[],[{"start":0,"end":9,"url":null,"entity_id":"Q1014310","candidates":[]}]],[[{"start":0,"end":15,"url":null,"entity_id":"Q2444398","candidates":[]}],[],[{"start":0,"end":10,"url":null,"entity_id":"Q1011406","candidates":[]}]],[[{"start":0,"end":11,"url":null,"entity_id":"Q2599820","candidates":[]}],[],[{"start":0,"end":5,"url":null,"entity_id":"Q1000927","candidates":[]}]],[[{"start":0,"end":22,"url":null,"entity_id":"Q2469595","candidates":[]}],[],[{"start":0,"end":16,"url":null,"entity_id":"Q1000461","candidates":[]}]],[[{"start":0,"end":19,"url":null,"entity_id":"Q2599786","candidates":[]}],[],[{"start":0,"end":13,"url":null,"entity_id":"Q997462","candidates":[]}]],[[{"start":0,"end":22,"url":null,"entity_id":"Q2216669","candidates":[]}],[],[{"start":0,"end":17,"url":null,"entity_id":"Q997429","candidates":[]}]],[[{"start":0,"end":12,"url":null,"entity_id":"Q2342326","candidates":[]}],[],[{"start":0,"end":6,"url":null,"entity_id":"Q997398","candidates":[]}]],[[{"start":0,"end":13,"url":null,"entity_id":"Q2599400","candidates":[]}],[],[{"start":0,"end":7,"url":null,"entity_id":"Q997392","candidates":[]}]],[[{"start":0,"end":15,"url":null,"entity_id":"Q2597175","candidates":[]}],[],[{"start":0,"end":9,"url":null,"entity_id":"Q997359","candidates":[]}]],[[{"start":0,"end":13,"url":null,"entity_id":"Q2469583","candidates":[]}],[],[{"start":0,"end":7,"url":null,"entity_id":"Q974468","candidates":[]}]],[[{"start":0,"end":10,"url":null,"entity_id":"Q2597166","candidates":[]}],[],[{"start":0,"end":5,"url":null,"entity_id":"Q932234","candidates":[]}]],[[{"start":0,"end":14,"url":null,"entity_id":"Q2216623","candidates":[]}],[],[{"start":0,"end":8,"url":null,"entity_id":"Q915662","candidates":[]}]],[[{"start":0,"end":13,"url":null,"entity_id":"Q2599711","candidates":[]}],[],[{"start":0,"end":8,"url":null,"entity_id":"Q904046","candidates":[]}]],[[{"start":0,"end":12,"url":null,"entity_id":"Q2216859","candidates":[]}],[],[{"start":0,"end":7,"url":null,"entity_id":"Q889618","candidates":[]}]],[[{"start":0,"end":14,"url":null,"entity_id":"Q2353538","candidates":[]}],[],[{"start":0,"end":9,"url":null,"entity_id":"Q863330","candidates":[]}]],[[{"start":0,"end":12,"url":null,"entity_id":"Q2347517","candidates":[]}],[],[{"start":0,"end":7,"url":null,"entity_id":"Q856018","candidates":[]}]],[[{"start":0,"end":12,"url":null,"entity_id":"Q2492610","candidates":[]}],[],[{"start":0,"end":7,"url":null,"entity_id":"Q797423","candidates":[]}]],[[{"start":0,"end":11,"url":null,"entity_id":"Q2342436","candidates":[]}],[],[{"start":0,"end":6,"url":null,"entity_id":"Q786622","candidates":[]}]],[[{"start":0,"end":13,"url":null,"entity_id":"Q2220735","candidates":[]}],[],[{"start":0,"end":8,"url":null,"entity_id":"Q669688","candidates":[]}]],[[{"start":0,"end":14,"url":null,"entity_id":"Q2471912","candidates":[]}],[],[{"start":0,"end":8,"url":null,"entity_id":"Q669677","candidates":[]}]],[[{"start":0,"end":16,"url":null,"entity_id":"Q2216811","candidates":[]}],[],[{"start":0,"end":10,"url":null,"entity_id":"Q640649","candidates":[]}]],[[{"start":0,"end":14,"url":null,"entity_id":"Q2567096","candidates":[]}],[],[{"start":0,"end":9,"url":null,"entity_id":"Q1973763","candidates":[]}]]]}