{"version":"1.2","table":{"version":"2","table_id":"KZRIABAT","columns":[{"index":0,"name":"col0","values":["Toonz","Talking Angela","Avast SecureLine VPN","The Walt Disney World Explorer","ArcView 3.x","SapWin","Mobile Web Server","MIMPI","Parallels Transporter","Nintendo Video","IExpress","Microsoft Todo","TribeXR DJ School","Textfree","SimThyr","SHAREfactory","Schoolwork","hoverboard-sdl","Bridgefy","AutoHotkey"]},{"index":1,"name":"col1","values":["x86","iOS","Android","Microsoft Windows","Microsoft Windows","Microsoft Windows","Java Virtual Machine","IBM PC compatible","Microsoft Windows","Nintendo 3DS","cross-platform","Android","Microsoft Windows","Android","ARM architecture","PlayStation 4","iOS","cross-platform","Android","Microsoft Windows"]},{"index":2,"name":"col2","values":["Dwango","Outfit7","Avast Software","Disney Interactive Studios","Esri","University of Florence","Apache Software Foundation","NEC","Parallels","Nintendo","Microsoft","Microsoft","TribeXR Inc.","Pinger","University Hospitals of the Ruhr-University of Bochum","Sony Interactive Entertainment","Apple Inc.","Dmitry Marakasov","Bridgefy","AutoHotkey Foundation LLC"]}]},"context":{"page_title":null,"page_url":null,"page_entity_id":null,"content_hierarchy":[]},"links":[[[{"start":0,"end":14,"url":null,"entity_id":"Q22712337","candidates":[]}],[{"start":0,"end":3,"url":null,"entity_id":"Q48493","candidates":[]}],[{"start":0,"end":7,"url":null,"entity_id":"Q7112063","candidates":[]}]],[[{"start":0,"end":20,"url":null,"entity_id":"Q20311594","candidates":[]}],[{"start":0,"end":7,"url":null,"entity_id":"Q94","candidates":[]}],[{"start":0,"end":14,"url":null,"entity_id":"Q2247432","candidates":[]}]],[[{"start":0,"end":30,"url":null,"entity_id":"Q7963950","candidates":[]}],[{"start":0,"end":17,"url":null,"entity_id":"Q1406","candidates":[]}],[{"start":0,"end":26,"url":null,"entity_id":"Q1229035","candidates":[]}]],[[{"start":0,"end":11,"url":null,"entity_id":"Q5114114","candidates":[]}],[{"start":0,"end":17,"url":null,"entity_id":"Q1406","candidates":[]}],[{"start":0,"end":4,"url":null,"entity_id":"Q1045778","candidates":[]}]],[[{"start":0,"end":6,"url":null,"entity_id":"Q7420888","candidates":[]}],[{"start":0,"end":17,"url":null,"entity_id":"Q1406","candidates":[]}],[{"start":0,"end":22,"url":null,"entity_id":"Q820887","candidates":[]}]],[[{"start":0,"end":17,"url":null,"entity_id":"Q16928021","candidates":[]}],[{"start":0,"end":20,"url":null,"entity_id":"Q193321","candidates":[]}],[{"start":0,"end":26,"url":null,"entity_id":"Q489709","candidates":[]}]],[[{"start":0,"end":5,"url":null,"entity_id":"Q11231598","candidates":[]}],[{"start":0,"end":17,"url":null,"entity_id":"Q751046","candidates":[]}],[{"start":0,"end":3,"url":null,"entity_id":"Q219203","candidates":[]}]],[[{"start":0,"end":21,"url":null,"entity_id":"Q7135037","candidates":[]}],[{"start":0,"end":17,"url":null,"entity_id":"Q1406","candidates":[]}],[{"start":0,"end":9,"url":null,"entity_id":"Q195997","candidates":[]}]],[[{"start":0,"end":14,"url":null,"entity_id":"Q11325095","candidates":[]}],[{"start":0,"end":12,"url":null,"entity_id":"Q203597","candidates":[]}],[{"start":0,"end":8,"url":null,"entity_id":"Q8093","candidates":[]}]],[[{"start":0,"end":8,"url":null,"entity_id":"Q5970607","candidates":[]}],[{"start":0,"end":14,"url":null,"entity_id":"Q174666","candidates":[]}],[{"start":0,"end":9,"url":null,"entity_id":"Q2283","candidates":[]}]],[[{"start":0,"end":14,"url":null,"entity_id":"Q29870786","candidates":[]}],[{"start":0,"end":7,"url":null,"entity_id":"Q94","candidates":[]}],[{"start":0,"end":9,"url":null,"entity_id":"Q2283","candidates":[]}]],[[{"start":0,"end":17,"url":null,"entity_id":"Q62471028","candidates":[]}],[{"start":0,"end":17,"url":null,"entity_id":"Q1406","candidates":[]}],[{"start":0,"end":12,"url":null,"entity_id":"Q62471046","candidates":[]}]],[[{"start":0,"end":8,"url":null,"entity_id":"Q57788391","candidates":[]}],[{"start":0,"end":7,"url":null,"entity_id":"Q94","candidates":[]}],[{"start":0,"end":6,"url":null,"entity_id":"Q2095624","candidates":[]}]],[[{"start":0,"end":7,"url":null,"entity_id":"Q59421094","candidates":[]}],[{"start":0,"end":16,"url":null,"entity_id":"Q16980","candidates":[]}],[{"start":0,"end":53,"url":null,"entity_id":"Q49782","candidates":[]}]],[[{"start":0,"end":12,"url":null,"entity_id":"Q61449122","candidates":[]}],[{"start":0,"end":13,"url":null,"entity_id":"Q5014725","candidates":[]}],[{"start":0,"end":30,"url":null,"entity_id":"Q18594","candidates":[]}]],[[{"start":0,"end":10,"url":null,"entity_id":"Q55632695","candidates":[]}],[{"start":0,"end":3,"url":null,"entity_id":"Q48493","candidates":[]}],[{"start":0,"end":10,"url":null,"entity_id":"Q312","candidates":[]}]],[[{"start":0,"end":14,"url":null,"entity_id":"Q65621316","candidates":[]}],[{"start":0,"end":14,"url":null,"entity_id":"Q174666","candidates":[]}],[{"start":0,"end":16,"url":null,"entity_id":"Q66481268","candidates":[]}]],[[{"start":0,"end":8,"url":null,"entity_id":"Q67144468","candidates":[]}],[{"start":0,"end":7,"url":null,"entity_id":"Q94","candidates":[]}],[{"start":0,"end":8,"url":null,"entity_id":"Q66797198","candidates":[]}]],[[{"start":0,"end":10,"url":null,"entity_id":"Q784816","candidates":[]}],[{"start":0,"end":17,"url":null,"entity_id":"Q1406","candidates":[]}],[{"start":0,"end":25,"url":null,"entity_id":"Q35679911","candidates":[]}]],[[{"start":0,"end":5,"url":null,"entity_id":"Q7824189","candidates":[]}],[{"start":0,"end":3,"url":null,"entity_id":"Q182933","candidates":[]}],[{"start":0,"end":6,"url":null,"entity_id":"Q8384413","candidates":[]}]]]}