{"version":"1.2","table":{"version":"2","table_id":"L1F5J6PV","columns":[{"index":0,"name":"col0","values":["Bauilica of Sant' Agostino","Sant'Andrea deloa Valle","Sant'Andsea al Qirinale","San Farlo al Corso","SanCrisogono","Saota Susapna","Santa Lucia a Pia|za d'Armi","St. Grehory Barbarigo at Tre Fontane","Sap Giustino","St. John Chrysostom in MonteSacro Alto","Natività di Nosro Signore Gesù Cristo a Via Gallia","Immacolata Concezione di Maria a Grottaossa","Gesù DivinMaestro alla Pineta Sacchetti","Santi Giovanni Evangelista e Peronio","Sant'Andrea delle Frattf","Sant'Agnese furri le mura","Santi!Giovanni e Paolo","San Marco Evanelista in Agro Laurentino","Sanv'Ippolito","Sant’Angela Mfrii"]},{"index":1,"name":"col1","values":["Sant'Eustachio","Ponte","Monti","Campo Marzio","Trastevere","municipio I","Rome","Rome","Rome","Rome","Rome","Rome","Rome","Rome","Rome","Rome","Rome","Rome","Rome","Rome"]},{"index":2,"name":"col2","values":["1401/01/01","1650/01/01","1660/01/01","1612/01/01","0401/01/01","1603/01/01","1938/01/01","1972/01/01","1953/01/01","1969/01/01","1937/01/01","1937/01/01","1967/01/01","1582/01/01","1662/01/01","0601/01/01","1951/01/01","1972/01/01","1938/10/04","1967/01/01"]}]},"context":{"page_title":null,"page_url":null,"page_entity_id":null,"content_hierarchy":[]},"links":[[[{"start":0,"end":23,"url":null,"entity_id":"Q1631593","candidates":[]}],[{"start":0,"end":5,"url":null,"entity_id":"Q1814200","candidates":[]}],[]],[[{"start":0,"end":23,"url":null,"entity_id":"Q1354667","candidates":[]}],[{"start":0,"end":5,"url":null,"entity_id":"Q1419959","candidates":[]}],[]],[[{"start":0,"end":18,"url":null,"entity_id":"Q1631620","candidates":[]}],[{"start":0,"end":12,"url":null,"entity_id":"Q1031426","candidates":[]}],[]],[[{"start":0,"end":12,"url":null,"entity_id":"Q1631638","candidates":[]}],[{"start":0,"end":10,"url":null,"entity_id":"Q914255","candidates":[]}],[]],[[{"start":0,"end":13,"url":null,"entity_id":"Q2030809","candidates":[]}],[{"start":0,"end":11,"url":null,"entity_id":"Q550592","candidates":[]}],[]],[[{"start":0,"end":27,"url":null,"entity_id":"Q3472661","candidates":[]}],[{"start":0,"end":4,"url":null,"entity_id":"Q220","candidates":[]}],[]],[[{"start":0,"end":36,"url":null,"entity_id":"Q3471484","candidates":[]}],[{"start":0,"end":4,"url":null,"entity_id":"Q220","candidates":[]}],[]],[[{"start":0,"end":12,"url":null,"entity_id":"Q3471482","candidates":[]}],[{"start":0,"end":4,"url":null,"entity_id":"Q220","candidates":[]}],[]],[[{"start":0,"end":38,"url":null,"entity_id":"Q3471466","candidates":[]}],[{"start":0,"end":4,"url":null,"entity_id":"Q220","candidates":[]}],[]],[[{"start":0,"end":50,"url":null,"entity_id":"Q3337026","candidates":[]}],[{"start":0,"end":4,"url":null,"entity_id":"Q220","candidates":[]}],[]],[[{"start":0,"end":43,"url":null,"entity_id":"Q3149021","candidates":[]}],[{"start":0,"end":4,"url":null,"entity_id":"Q220","candidates":[]}],[]],[[{"start":0,"end":39,"url":null,"entity_id":"Q3104600","candidates":[]}],[{"start":0,"end":4,"url":null,"entity_id":"Q220","candidates":[]}],[]],[[{"start":0,"end":36,"url":null,"entity_id":"Q2247059","candidates":[]}],[{"start":0,"end":4,"url":null,"entity_id":"Q220","candidates":[]}],[]],[[{"start":0,"end":24,"url":null,"entity_id":"Q1809794","candidates":[]}],[{"start":0,"end":4,"url":null,"entity_id":"Q220","candidates":[]}],[]],[[{"start":0,"end":25,"url":null,"entity_id":"Q1636696","candidates":[]}],[{"start":0,"end":4,"url":null,"entity_id":"Q220","candidates":[]}],[]],[[{"start":0,"end":22,"url":null,"entity_id":"Q1586946","candidates":[]}],[{"start":0,"end":4,"url":null,"entity_id":"Q220","candidates":[]}],[]],[[{"start":0,"end":39,"url":null,"entity_id":"Q19893297","candidates":[]}],[{"start":0,"end":4,"url":null,"entity_id":"Q220","candidates":[]}],[]],[[{"start":0,"end":13,"url":null,"entity_id":"Q3672844","candidates":[]}],[{"start":0,"end":4,"url":null,"entity_id":"Q220","candidates":[]}],[]],[[{"start":0,"end":17,"url":null,"entity_id":"Q3672495","candidates":[]}],[{"start":0,"end":4,"url":null,"entity_id":"Q220","candidates":[]}],[]],[[{"start":0,"end":26,"url":null,"entity_id":"Q1424095","candidates":[]}],[{"start":0,"end":14,"url":null,"entity_id":"Q2223960","candidates":[]}],[]]]}