{"version":"1.2","table":{"version":"2","table_id":"L2U4FY7O","columns":[{"index":0,"name":"col0","values":["Porgan County","Jrsey County","Logan Cunty","Whiteside Coupty","Richland!County","Ogle Cunty","Carroll Counuy","Mroe County","Whitf County","Mntgomery County","ulaski County","McHensy County","Patt ounty","LaSlle County","Ford Cunty","Wbash County","Jo Dbviess County","PerryCounty","St. Clar County","Menbd County"]},{"index":1,"name":"col1","values":["0.597","2.0832","0.10089999999999999","1.7964","0.499","0.6","4.563199999999999","3.3198","1.3916","0.8008","1.994","1.3078","0.060239999999999995","1.1","0.09910000000000001","1.9018999999999997","2.929","1.1976","2.3975999999999997","0.3024"]},{"index":2,"name":"col2","values":["34996.866","22437.231","29724.288","57902.342","16165.818","52332.615","15029.28","33493.0","14665.392","29950.54","5913.907999999999","305257.137","16301.536","111509.902","13956.488","11734.99","22586.256","21996.434999999998","265620.225","12531.358"]},{"index":3,"name":"col3","values":["1483.4819999999997","972.096","1617.427","692.121","939.876","1957.23","1210.824","1036.18","505.012","1838.0","527.5269999999999","1555.185","1144.56","2981.919","1249.92","226.632","1610.0099999999998","1168.57","1758.2219999999998","810.4639999999999"]}]},"context":{"page_title":null,"page_url":null,"page_entity_id":null,"content_hierarchy":[]},"links":[[[{"start":0,"end":12,"url":null,"entity_id":"Q490986","candidates":[]}],[],[],[]],[[{"start":0,"end":11,"url":null,"entity_id":"Q490980","candidates":[]}],[],[],[]],[[{"start":0,"end":16,"url":null,"entity_id":"Q490972","candidates":[]}],[],[],[]],[[{"start":0,"end":15,"url":null,"entity_id":"Q490966","candidates":[]}],[],[],[]],[[{"start":0,"end":10,"url":null,"entity_id":"Q488560","candidates":[]}],[],[],[]],[[{"start":0,"end":14,"url":null,"entity_id":"Q488553","candidates":[]}],[],[],[]],[[{"start":0,"end":11,"url":null,"entity_id":"Q488522","candidates":[]}],[],[],[]],[[{"start":0,"end":12,"url":null,"entity_id":"Q488505","candidates":[]}],[],[],[]],[[{"start":0,"end":16,"url":null,"entity_id":"Q488492","candidates":[]}],[],[],[]],[[{"start":0,"end":13,"url":null,"entity_id":"Q488475","candidates":[]}],[],[],[]],[[{"start":0,"end":14,"url":null,"entity_id":"Q487403","candidates":[]}],[],[],[]],[[{"start":0,"end":10,"url":null,"entity_id":"Q487322","candidates":[]}],[],[],[]],[[{"start":0,"end":13,"url":null,"entity_id":"Q487003","candidates":[]}],[],[],[]],[[{"start":0,"end":10,"url":null,"entity_id":"Q486874","candidates":[]}],[],[],[]],[[{"start":0,"end":12,"url":null,"entity_id":"Q486535","candidates":[]}],[],[],[]],[[{"start":0,"end":17,"url":null,"entity_id":"Q486530","candidates":[]}],[],[],[]],[[{"start":0,"end":11,"url":null,"entity_id":"Q486517","candidates":[]}],[],[],[]],[[{"start":0,"end":15,"url":null,"entity_id":"Q486507","candidates":[]}],[],[],[]],[[{"start":0,"end":12,"url":null,"entity_id":"Q486503","candidates":[]}],[],[],[]],[[{"start":0,"end":13,"url":null,"entity_id":"Q490989","candidates":[]}],[],[],[]]]}