{"version":"1.2","table":{"version":"2","table_id":"L4PDL0TB","columns":[{"index":0,"name":"col0","values":["Electoral district #156","Electoral district #155","Electoral district #166","Electoral district #53","Electoral district #50","Electoral district #64","Electoral district #63","Electoral district #75","Electoral district #49","Electoral district #68","Electoral district #65","Electoral district #66","Electoral district #45","Electoral district #41","Electoral district #58","Electoral district #48","Electoral district #47","Electoral district #54","Electoral district #192","Electoral district #179"]},{"index":1,"name":"col1","values":["5184","7562","3506","357","1031","8236","3896","106","2601","905","6090","7447","895","223.5","69.613","356","2358","1452","4119","5152"]},{"index":2,"name":"col2","values":["Sarny","Dubrovytsia","Terebovlia","Yenakiieve","Pokrovsk","Korosten","Berdychiv","Zaporizhzhia","Druzhkivka","Uzhhorod","Novohrad-Volynskyi","Malyn","Ocheretyne","Donetsk","Mariúpol","Kramatorsk","Sloviansk","Shakhtarsk","Dunaivtsi","Krasnohrad"]},{"index":3,"name":"col3","values":["200","213","270","116","113","299","225","80","122","143","278","295","108","88","98","90","113","123","270","189"]},{"index":4,"name":"col4","values":["Sarny Raion","Volodymyrets Raion","Monastyryska Raion","Yenakiieve","Pokrovsk","Korosten","Berdychiv","Zaporizhzhia","Druzhkivka","Uzhhorod","Novohrad-Volynskyi","Malyn","Donetsk","Donetsk","Mariúpol","Kramatorsk","Sloviansk","Shakhtarsk","Horodok Raion, Khmelnytskyi Oblast","Lozova"]},{"index":5,"name":"col5","values":["Ukraine","Ukraine","Ukraine","Ukraine","Ukraine","Ukraine","Ukraine","Ukraine","Ukraine","Ukraine","Ukraine","Ukraine","Ukraine","Ukraine","Ukraine","Ukraine","Ukraine","Ukraine","Ukraine","Ukraine"]}]},"context":{"page_title":null,"page_url":null,"page_entity_id":null,"content_hierarchy":[]},"links":[[[{"start":0,"end":23,"url":null,"entity_id":"Q63087779","candidates":[]}],[],[{"start":0,"end":11,"url":null,"entity_id":"Q205765","candidates":[]}],[],[{"start":0,"end":18,"url":null,"entity_id":"Q388079","candidates":[]}],[{"start":0,"end":7,"url":null,"entity_id":"Q212","candidates":[]}]],[[{"start":0,"end":23,"url":null,"entity_id":"Q63087791","candidates":[]}],[],[{"start":0,"end":10,"url":null,"entity_id":"Q1020091","candidates":[]}],[],[{"start":0,"end":18,"url":null,"entity_id":"Q146663","candidates":[]}],[{"start":0,"end":7,"url":null,"entity_id":"Q212","candidates":[]}]],[[{"start":0,"end":22,"url":null,"entity_id":"Q63087665","candidates":[]}],[],[{"start":0,"end":10,"url":null,"entity_id":"Q1686835","candidates":[]}],[],[{"start":0,"end":10,"url":null,"entity_id":"Q1686835","candidates":[]}],[{"start":0,"end":7,"url":null,"entity_id":"Q212","candidates":[]}]],[[{"start":0,"end":22,"url":null,"entity_id":"Q63087660","candidates":[]}],[],[{"start":0,"end":8,"url":null,"entity_id":"Q1000446","candidates":[]}],[],[{"start":0,"end":8,"url":null,"entity_id":"Q1000446","candidates":[]}],[{"start":0,"end":7,"url":null,"entity_id":"Q212","candidates":[]}]],[[{"start":0,"end":22,"url":null,"entity_id":"Q63087679","candidates":[]}],[],[{"start":0,"end":8,"url":null,"entity_id":"Q158904","candidates":[]}],[],[{"start":0,"end":8,"url":null,"entity_id":"Q158904","candidates":[]}],[{"start":0,"end":7,"url":null,"entity_id":"Q212","candidates":[]}]],[[{"start":0,"end":22,"url":null,"entity_id":"Q63087678","candidates":[]}],[],[{"start":0,"end":9,"url":null,"entity_id":"Q158799","candidates":[]}],[],[{"start":0,"end":9,"url":null,"entity_id":"Q158799","candidates":[]}],[{"start":0,"end":7,"url":null,"entity_id":"Q212","candidates":[]}]],[[{"start":0,"end":22,"url":null,"entity_id":"Q63087690","candidates":[]}],[],[{"start":0,"end":12,"url":null,"entity_id":"Q157835","candidates":[]}],[],[{"start":0,"end":12,"url":null,"entity_id":"Q157835","candidates":[]}],[{"start":0,"end":7,"url":null,"entity_id":"Q212","candidates":[]}]],[[{"start":0,"end":22,"url":null,"entity_id":"Q63087659","candidates":[]}],[],[{"start":0,"end":10,"url":null,"entity_id":"Q157795","candidates":[]}],[],[{"start":0,"end":10,"url":null,"entity_id":"Q157795","candidates":[]}],[{"start":0,"end":7,"url":null,"entity_id":"Q212","candidates":[]}]],[[{"start":0,"end":22,"url":null,"entity_id":"Q63087683","candidates":[]}],[],[{"start":0,"end":8,"url":null,"entity_id":"Q156711","candidates":[]}],[],[{"start":0,"end":8,"url":null,"entity_id":"Q156711","candidates":[]}],[{"start":0,"end":7,"url":null,"entity_id":"Q212","candidates":[]}]],[[{"start":0,"end":22,"url":null,"entity_id":"Q63087680","candidates":[]}],[],[{"start":0,"end":18,"url":null,"entity_id":"Q149024","candidates":[]}],[],[{"start":0,"end":18,"url":null,"entity_id":"Q149024","candidates":[]}],[{"start":0,"end":7,"url":null,"entity_id":"Q212","candidates":[]}]],[[{"start":0,"end":22,"url":null,"entity_id":"Q63087681","candidates":[]}],[],[{"start":0,"end":5,"url":null,"entity_id":"Q148997","candidates":[]}],[],[{"start":0,"end":5,"url":null,"entity_id":"Q148997","candidates":[]}],[{"start":0,"end":7,"url":null,"entity_id":"Q212","candidates":[]}]],[[{"start":0,"end":22,"url":null,"entity_id":"Q63087655","candidates":[]}],[],[{"start":0,"end":10,"url":null,"entity_id":"Q4340682","candidates":[]}],[],[{"start":0,"end":7,"url":null,"entity_id":"Q43070","candidates":[]}],[{"start":0,"end":7,"url":null,"entity_id":"Q212","candidates":[]}]],[[{"start":0,"end":22,"url":null,"entity_id":"Q63087651","candidates":[]}],[],[{"start":0,"end":7,"url":null,"entity_id":"Q43070","candidates":[]}],[],[{"start":0,"end":7,"url":null,"entity_id":"Q43070","candidates":[]}],[{"start":0,"end":7,"url":null,"entity_id":"Q212","candidates":[]}]],[[{"start":0,"end":22,"url":null,"entity_id":"Q63087673","candidates":[]}],[],[{"start":0,"end":8,"url":null,"entity_id":"Q37133","candidates":[]}],[],[{"start":0,"end":8,"url":null,"entity_id":"Q37133","candidates":[]}],[{"start":0,"end":7,"url":null,"entity_id":"Q212","candidates":[]}]],[[{"start":0,"end":22,"url":null,"entity_id":"Q63087658","candidates":[]}],[],[{"start":0,"end":10,"url":null,"entity_id":"Q33613","candidates":[]}],[],[{"start":0,"end":10,"url":null,"entity_id":"Q33613","candidates":[]}],[{"start":0,"end":7,"url":null,"entity_id":"Q212","candidates":[]}]],[[{"start":0,"end":22,"url":null,"entity_id":"Q63087657","candidates":[]}],[],[{"start":0,"end":9,"url":null,"entity_id":"Q33581","candidates":[]}],[],[{"start":0,"end":9,"url":null,"entity_id":"Q33581","candidates":[]}],[{"start":0,"end":7,"url":null,"entity_id":"Q212","candidates":[]}]],[[{"start":0,"end":22,"url":null,"entity_id":"Q63087666","candidates":[]}],[],[{"start":0,"end":10,"url":null,"entity_id":"Q29756","candidates":[]}],[],[{"start":0,"end":10,"url":null,"entity_id":"Q29756","candidates":[]}],[{"start":0,"end":7,"url":null,"entity_id":"Q212","candidates":[]}]],[[{"start":0,"end":23,"url":null,"entity_id":"Q63087820","candidates":[]}],[],[{"start":0,"end":9,"url":null,"entity_id":"Q219767","candidates":[]}],[],[{"start":0,"end":34,"url":null,"entity_id":"Q1104691","candidates":[]}],[{"start":0,"end":7,"url":null,"entity_id":"Q212","candidates":[]}]],[[{"start":0,"end":23,"url":null,"entity_id":"Q63087804","candidates":[]}],[],[{"start":0,"end":10,"url":null,"entity_id":"Q1104739","candidates":[]}],[],[{"start":0,"end":6,"url":null,"entity_id":"Q889630","candidates":[]}],[{"start":0,"end":7,"url":null,"entity_id":"Q212","candidates":[]}]],[[{"start":0,"end":23,"url":null,"entity_id":"Q63087780","candidates":[]}],[],[{"start":0,"end":5,"url":null,"entity_id":"Q997512","candidates":[]}],[],[{"start":0,"end":11,"url":null,"entity_id":"Q602395","candidates":[]}],[{"start":0,"end":7,"url":null,"entity_id":"Q212","candidates":[]}]]]}