{"version":"1.2","table":{"version":"2","table_id":"L6660SMB","columns":[{"index":0,"name":"col0","values":["NGC 95","NC 980","NGC 986","NGC937","NC 933","NGC 92","NC 914","NGC 913","NC 911","G 910","NGC909","NGF 986A","NG 964","NGC 118","NGE 1017","NG 1016","NGC 1113","NGC 2011","NGC 100:","NGC 1308","NGC 1207","NGC 106","NGC 999","NGC 9:7","NG ;91","NGC!989","NGC 88","PGC 985","NGC977","NGC ;75","NGC ;67","GC 966","NGC 5","QGC 961","NJC 960","NGC 98","NG 951","NGC 970","NGC 94","NIC 947","GC 944"]},{"index":1,"name":"col1","values":["13.446","13.126199999999999","13.741099999999998","14.157399999999999","14.3715","13.6863","12.922","14.057699999999999","12.863999999999999","12.078","13.562999999999999","13.87221","12.6619","11.262","14.3712","11.634799999999998","10.606404","14.2142","11.184173","13.761000000000001","15.809899999999997","14.114099999999999","14.9184","13.4536","11.758499999999998","14.029499999999999","10.967","14.28","13.540499999999998","13.1472","12.5118","13.433000000000002","14.214199999999998","12.8512","14.2852","12.1756","14.655899999999999","13.8552","13.617799999999999","12.713399999999998","13.958"]},{"index":2,"name":"col2","values":["Andromeda","Andromeda","Andromeda","Andromeda","Andromeda","Andromeda","Andromeda","Andromeda","Andromeda","Andromeda","Andromeda","Fornax","Fornax","Cetus","Cetus","Cetus","Cetus","Cetus","Cetus","Cetus","Cetus","Cetus","Cetus","Cetus","Cetus","Cetus","Cetus","Cetus","Cetus","Cetus","Cetus","Cetus","Cetus","Cetus","Cetus","Cetus","Cetus","Cetus","Cetus","Cetus","Cetus"]}]},"context":{"page_title":null,"page_url":null,"page_entity_id":null,"content_hierarchy":[]},"links":[[[{"start":0,"end":6,"url":null,"entity_id":"Q1040682","candidates":[]}],[],[{"start":0,"end":9,"url":null,"entity_id":"Q9256","candidates":[]}]],[[{"start":0,"end":7,"url":null,"entity_id":"Q1040422","candidates":[]}],[],[{"start":0,"end":9,"url":null,"entity_id":"Q9256","candidates":[]}]],[[{"start":0,"end":6,"url":null,"entity_id":"Q1040339","candidates":[]}],[],[{"start":0,"end":9,"url":null,"entity_id":"Q9256","candidates":[]}]],[[{"start":0,"end":6,"url":null,"entity_id":"Q1040300","candidates":[]}],[],[{"start":0,"end":9,"url":null,"entity_id":"Q9256","candidates":[]}]],[[{"start":0,"end":6,"url":null,"entity_id":"Q1040231","candidates":[]}],[],[{"start":0,"end":9,"url":null,"entity_id":"Q9256","candidates":[]}]],[[{"start":0,"end":6,"url":null,"entity_id":"Q1040169","candidates":[]}],[],[{"start":0,"end":9,"url":null,"entity_id":"Q9256","candidates":[]}]],[[{"start":0,"end":7,"url":null,"entity_id":"Q1040158","candidates":[]}],[],[{"start":0,"end":9,"url":null,"entity_id":"Q9256","candidates":[]}]],[[{"start":0,"end":6,"url":null,"entity_id":"Q1040147","candidates":[]}],[],[{"start":0,"end":9,"url":null,"entity_id":"Q9256","candidates":[]}]],[[{"start":0,"end":5,"url":null,"entity_id":"Q1040141","candidates":[]}],[],[{"start":0,"end":9,"url":null,"entity_id":"Q9256","candidates":[]}]],[[{"start":0,"end":6,"url":null,"entity_id":"Q1040135","candidates":[]}],[],[{"start":0,"end":9,"url":null,"entity_id":"Q9256","candidates":[]}]],[[{"start":0,"end":8,"url":null,"entity_id":"Q1040720","candidates":[]}],[],[{"start":0,"end":6,"url":null,"entity_id":"Q8913","candidates":[]}]],[[{"start":0,"end":6,"url":null,"entity_id":"Q1040547","candidates":[]}],[],[{"start":0,"end":6,"url":null,"entity_id":"Q8913","candidates":[]}]],[[{"start":0,"end":7,"url":null,"entity_id":"Q1040934","candidates":[]}],[],[{"start":0,"end":5,"url":null,"entity_id":"Q8839","candidates":[]}]],[[{"start":0,"end":8,"url":null,"entity_id":"Q1040928","candidates":[]}],[],[{"start":0,"end":5,"url":null,"entity_id":"Q8839","candidates":[]}]],[[{"start":0,"end":7,"url":null,"entity_id":"Q1040921","candidates":[]}],[],[{"start":0,"end":5,"url":null,"entity_id":"Q8839","candidates":[]}]],[[{"start":0,"end":8,"url":null,"entity_id":"Q1040899","candidates":[]}],[],[{"start":0,"end":5,"url":null,"entity_id":"Q8839","candidates":[]}]],[[{"start":0,"end":8,"url":null,"entity_id":"Q1040886","candidates":[]}],[],[{"start":0,"end":5,"url":null,"entity_id":"Q8839","candidates":[]}]],[[{"start":0,"end":8,"url":null,"entity_id":"Q1040878","candidates":[]}],[],[{"start":0,"end":5,"url":null,"entity_id":"Q8839","candidates":[]}]],[[{"start":0,"end":8,"url":null,"entity_id":"Q1040869","candidates":[]}],[],[{"start":0,"end":5,"url":null,"entity_id":"Q8839","candidates":[]}]],[[{"start":0,"end":8,"url":null,"entity_id":"Q1040860","candidates":[]}],[],[{"start":0,"end":5,"url":null,"entity_id":"Q8839","candidates":[]}]],[[{"start":0,"end":7,"url":null,"entity_id":"Q1040850","candidates":[]}],[],[{"start":0,"end":5,"url":null,"entity_id":"Q8839","candidates":[]}]],[[{"start":0,"end":7,"url":null,"entity_id":"Q1040815","candidates":[]}],[],[{"start":0,"end":5,"url":null,"entity_id":"Q8839","candidates":[]}]],[[{"start":0,"end":7,"url":null,"entity_id":"Q1040809","candidates":[]}],[],[{"start":0,"end":5,"url":null,"entity_id":"Q8839","candidates":[]}]],[[{"start":0,"end":6,"url":null,"entity_id":"Q1040765","candidates":[]}],[],[{"start":0,"end":5,"url":null,"entity_id":"Q8839","candidates":[]}]],[[{"start":0,"end":7,"url":null,"entity_id":"Q1040748","candidates":[]}],[],[{"start":0,"end":5,"url":null,"entity_id":"Q8839","candidates":[]}]],[[{"start":0,"end":6,"url":null,"entity_id":"Q1040741","candidates":[]}],[],[{"start":0,"end":5,"url":null,"entity_id":"Q8839","candidates":[]}]],[[{"start":0,"end":7,"url":null,"entity_id":"Q1040716","candidates":[]}],[],[{"start":0,"end":5,"url":null,"entity_id":"Q8839","candidates":[]}]],[[{"start":0,"end":6,"url":null,"entity_id":"Q1040652","candidates":[]}],[],[{"start":0,"end":5,"url":null,"entity_id":"Q8839","candidates":[]}]],[[{"start":0,"end":7,"url":null,"entity_id":"Q1040646","candidates":[]}],[],[{"start":0,"end":5,"url":null,"entity_id":"Q8839","candidates":[]}]],[[{"start":0,"end":7,"url":null,"entity_id":"Q1040576","candidates":[]}],[],[{"start":0,"end":5,"url":null,"entity_id":"Q8839","candidates":[]}]],[[{"start":0,"end":6,"url":null,"entity_id":"Q1040567","candidates":[]}],[],[{"start":0,"end":5,"url":null,"entity_id":"Q8839","candidates":[]}]],[[{"start":0,"end":5,"url":null,"entity_id":"Q1040555","candidates":[]}],[],[{"start":0,"end":5,"url":null,"entity_id":"Q8839","candidates":[]}]],[[{"start":0,"end":7,"url":null,"entity_id":"Q1040523","candidates":[]}],[],[{"start":0,"end":5,"url":null,"entity_id":"Q8839","candidates":[]}]],[[{"start":0,"end":7,"url":null,"entity_id":"Q1040514","candidates":[]}],[],[{"start":0,"end":5,"url":null,"entity_id":"Q8839","candidates":[]}]],[[{"start":0,"end":6,"url":null,"entity_id":"Q1040493","candidates":[]}],[],[{"start":0,"end":5,"url":null,"entity_id":"Q8839","candidates":[]}]],[[{"start":0,"end":6,"url":null,"entity_id":"Q1040454","candidates":[]}],[],[{"start":0,"end":5,"url":null,"entity_id":"Q8839","candidates":[]}]],[[{"start":0,"end":7,"url":null,"entity_id":"Q1040447","candidates":[]}],[],[{"start":0,"end":5,"url":null,"entity_id":"Q8839","candidates":[]}]],[[{"start":0,"end":6,"url":null,"entity_id":"Q1040439","candidates":[]}],[],[{"start":0,"end":5,"url":null,"entity_id":"Q8839","candidates":[]}]],[[{"start":0,"end":7,"url":null,"entity_id":"Q1040429","candidates":[]}],[],[{"start":0,"end":5,"url":null,"entity_id":"Q8839","candidates":[]}]],[[{"start":0,"end":6,"url":null,"entity_id":"Q1040402","candidates":[]}],[],[{"start":0,"end":5,"url":null,"entity_id":"Q8839","candidates":[]}]],[[{"start":0,"end":6,"url":null,"entity_id":"Q1040785","candidates":[]}],[],[{"start":0,"end":9,"url":null,"entity_id":"Q9256","candidates":[]}]]]}