{"version":"1.2","table":{"version":"2","table_id":"L7SQGM3W","columns":[{"index":0,"name":"col0","values":["Gabberia","Santoshpur","Chalsa Mahabari","Srirampur","Uttar Durgapur","Sahapur","Serpur","Pairagachha","Sonatikiri","Parbbatipur","Keshabpur","Panchla","Gopinathpur","Debipur","Singur","Gopalpur","Muragachha","Nabagram Colony","Nibra","Mahiari"]},{"index":1,"name":"col1","values":["1713","1938","1502","4612","1532","2775","4226","859","1074","1712","3450","7702","1072","2565","3924","1168","3186","1782","6599","3168"]},{"index":2,"name":"col2","values":["2988","3879","2461","10181","2937","4675","4452","2350","3500","4855","6130","13573","2498","5064","10825","3920","6758","9083","14388","9209"]},{"index":3,"name":"col3","values":["2835","3816","2512","9649","2786","4347","4448","2353","3419","4729","5943","12859","2190","4903","10557","3898","6491","9275","13430","9014"]},{"index":4,"name":"col4","values":["2","6","163","19","8","6","3","12","11","8","12","7","17","19","14","7","11","6","10","6"]}]},"context":{"page_title":null,"page_url":null,"page_entity_id":null,"content_hierarchy":[]},"links":[[[{"start":0,"end":10,"url":null,"entity_id":"Q1321117","candidates":[]}],[],[],[],[]],[[{"start":0,"end":15,"url":null,"entity_id":"Q3420495","candidates":[]}],[],[],[],[]],[[{"start":0,"end":9,"url":null,"entity_id":"Q2735433","candidates":[]}],[],[],[],[]],[[{"start":0,"end":14,"url":null,"entity_id":"Q2733973","candidates":[]}],[],[],[],[]],[[{"start":0,"end":7,"url":null,"entity_id":"Q2733967","candidates":[]}],[],[],[],[]],[[{"start":0,"end":6,"url":null,"entity_id":"Q2733670","candidates":[]}],[],[],[],[]],[[{"start":0,"end":11,"url":null,"entity_id":"Q2733665","candidates":[]}],[],[],[],[]],[[{"start":0,"end":10,"url":null,"entity_id":"Q2733640","candidates":[]}],[],[],[],[]],[[{"start":0,"end":11,"url":null,"entity_id":"Q2733617","candidates":[]}],[],[],[],[]],[[{"start":0,"end":9,"url":null,"entity_id":"Q2733584","candidates":[]}],[],[],[],[]],[[{"start":0,"end":7,"url":null,"entity_id":"Q2733443","candidates":[]}],[],[],[],[]],[[{"start":0,"end":11,"url":null,"entity_id":"Q2733364","candidates":[]}],[],[],[],[]],[[{"start":0,"end":7,"url":null,"entity_id":"Q2733172","candidates":[]}],[],[],[],[]],[[{"start":0,"end":6,"url":null,"entity_id":"Q2718731","candidates":[]}],[],[],[],[]],[[{"start":0,"end":8,"url":null,"entity_id":"Q2574944","candidates":[]}],[],[],[],[]],[[{"start":0,"end":10,"url":null,"entity_id":"Q2564114","candidates":[]}],[],[],[],[]],[[{"start":0,"end":15,"url":null,"entity_id":"Q2564083","candidates":[]}],[],[],[],[]],[[{"start":0,"end":5,"url":null,"entity_id":"Q2564032","candidates":[]}],[],[],[],[]],[[{"start":0,"end":7,"url":null,"entity_id":"Q2563988","candidates":[]}],[],[],[],[]],[[{"start":0,"end":8,"url":null,"entity_id":"Q1523091","candidates":[]}],[],[],[],[]]]}