{"version":"1.2","table":{"version":"2","table_id":"LAUA1FB9","columns":[{"index":0,"name":"col0","values":["Qousiainen","ultia","Kijniö","Krvia","Kyyjäuvi","Perho","Sipoo","Brädö","Jyväsmylä","Joensuv","Mokkola","Totnio","Hammarlapd","Hckerö","Lmland","Jomdla","Rovniemi","Oulu","Pori","aotaa"]},{"index":1,"name":"col1","values":["Finland Proper","Central Finland","Pirkanmaa","Satakunta","Central Finland","Central Ostrobothnia","Uusimaa","Åland Islands","Central Finland","North Karelia","Kokkola sub-region","Lapland","Åland Islands","Åland Islands","Åland Islands","Åland Islands","Lapland","Northern Ostrobothnia","Satakunta","Uusimaa"]},{"index":2,"name":"col2","values":["Turku","Ähtäri","Seinäjoki","Kauhajoki","Alajärvi","Alajärvi","Helsinki","Pargas","Luhanka","Ilomantsi","Larsmo","Kemi","Östhammar Municipality","Östhammar Municipality","Mariehamn","Mariehamn","Pello","international waters","Ulvila","Tuusula"]}]},"context":{"page_title":null,"page_url":null,"page_entity_id":null,"content_hierarchy":[]},"links":[[[{"start":0,"end":5,"url":null,"entity_id":"Q999230","candidates":[]}],[{"start":0,"end":15,"url":null,"entity_id":"Q5697","candidates":[]}],[{"start":0,"end":6,"url":null,"entity_id":"Q6172","candidates":[]}]],[[{"start":0,"end":6,"url":null,"entity_id":"Q990563","candidates":[]}],[{"start":0,"end":9,"url":null,"entity_id":"Q5701","candidates":[]}],[{"start":0,"end":9,"url":null,"entity_id":"Q6157","candidates":[]}]],[[{"start":0,"end":5,"url":null,"entity_id":"Q1010034","candidates":[]}],[{"start":0,"end":9,"url":null,"entity_id":"Q5709","candidates":[]}],[{"start":0,"end":9,"url":null,"entity_id":"Q5992","candidates":[]}]],[[{"start":0,"end":8,"url":null,"entity_id":"Q1000109","candidates":[]}],[{"start":0,"end":15,"url":null,"entity_id":"Q5697","candidates":[]}],[{"start":0,"end":8,"url":null,"entity_id":"Q5980","candidates":[]}]],[[{"start":0,"end":5,"url":null,"entity_id":"Q1009347","candidates":[]}],[{"start":0,"end":20,"url":null,"entity_id":"Q5696","candidates":[]}],[{"start":0,"end":8,"url":null,"entity_id":"Q5980","candidates":[]}]],[[{"start":0,"end":5,"url":null,"entity_id":"Q986320","candidates":[]}],[{"start":0,"end":7,"url":null,"entity_id":"Q5711","candidates":[]}],[{"start":0,"end":8,"url":null,"entity_id":"Q1757","candidates":[]}]],[[{"start":0,"end":5,"url":null,"entity_id":"Q179706","candidates":[]}],[{"start":0,"end":13,"url":null,"entity_id":"Q5689","candidates":[]}],[{"start":0,"end":6,"url":null,"entity_id":"Q1010550","candidates":[]}]],[[{"start":0,"end":9,"url":null,"entity_id":"Q134620","candidates":[]}],[{"start":0,"end":15,"url":null,"entity_id":"Q5697","candidates":[]}],[{"start":0,"end":7,"url":null,"entity_id":"Q384106","candidates":[]}]],[[{"start":0,"end":7,"url":null,"entity_id":"Q186237","candidates":[]}],[{"start":0,"end":13,"url":null,"entity_id":"Q5703","candidates":[]}],[{"start":0,"end":9,"url":null,"entity_id":"Q283599","candidates":[]}]],[[{"start":0,"end":7,"url":null,"entity_id":"Q207891","candidates":[]}],[{"start":0,"end":18,"url":null,"entity_id":"Q296409","candidates":[]}],[{"start":0,"end":6,"url":null,"entity_id":"Q259863","candidates":[]}]],[[{"start":0,"end":6,"url":null,"entity_id":"Q214021","candidates":[]}],[{"start":0,"end":7,"url":null,"entity_id":"Q5700","candidates":[]}],[{"start":0,"end":4,"url":null,"entity_id":"Q203619","candidates":[]}]],[[{"start":0,"end":10,"url":null,"entity_id":"Q134685","candidates":[]}],[{"start":0,"end":13,"url":null,"entity_id":"Q5689","candidates":[]}],[{"start":0,"end":22,"url":null,"entity_id":"Q59093","candidates":[]}]],[[{"start":0,"end":6,"url":null,"entity_id":"Q51909","candidates":[]}],[{"start":0,"end":13,"url":null,"entity_id":"Q5689","candidates":[]}],[{"start":0,"end":22,"url":null,"entity_id":"Q59093","candidates":[]}]],[[{"start":0,"end":6,"url":null,"entity_id":"Q176186","candidates":[]}],[{"start":0,"end":13,"url":null,"entity_id":"Q5689","candidates":[]}],[{"start":0,"end":9,"url":null,"entity_id":"Q48329","candidates":[]}]],[[{"start":0,"end":6,"url":null,"entity_id":"Q176178","candidates":[]}],[{"start":0,"end":13,"url":null,"entity_id":"Q5689","candidates":[]}],[{"start":0,"end":9,"url":null,"entity_id":"Q48329","candidates":[]}]],[[{"start":0,"end":8,"url":null,"entity_id":"Q103717","candidates":[]}],[{"start":0,"end":7,"url":null,"entity_id":"Q5700","candidates":[]}],[{"start":0,"end":5,"url":null,"entity_id":"Q31331","candidates":[]}]],[[{"start":0,"end":4,"url":null,"entity_id":"Q47048","candidates":[]}],[{"start":0,"end":21,"url":null,"entity_id":"Q5704","candidates":[]}],[{"start":0,"end":20,"url":null,"entity_id":"Q25855","candidates":[]}]],[[{"start":0,"end":4,"url":null,"entity_id":"Q180233","candidates":[]}],[{"start":0,"end":9,"url":null,"entity_id":"Q5709","candidates":[]}],[{"start":0,"end":6,"url":null,"entity_id":"Q247128","candidates":[]}]],[[{"start":0,"end":5,"url":null,"entity_id":"Q127623","candidates":[]}],[{"start":0,"end":7,"url":null,"entity_id":"Q5711","candidates":[]}],[{"start":0,"end":7,"url":null,"entity_id":"Q214773","candidates":[]}]],[[{"start":0,"end":10,"url":null,"entity_id":"Q1017104","candidates":[]}],[{"start":0,"end":14,"url":null,"entity_id":"Q5712","candidates":[]}],[{"start":0,"end":5,"url":null,"entity_id":"Q38511","candidates":[]}]]]}