{"version":"1.2","table":{"version":"2","table_id":"LCMCKPW5","columns":[{"index":0,"name":"col0","values":["Mogilev Free Enterprise Zone","Nygård","Naval Colony","Mosakahiken Cree Nation","Misipawistik Cree Nation","Północ, Szczecin","Osiedle Majowe, Szczecin","Międzyodrze-Wyspa Pucka","West Rosiclare Precinct, Hardin County, Illinois","West End","Obłuże","The Sisters","Zhengdong New Area","Zachód, Szczecin","Mandativu","Ezhumanthuruth","Cono Este","Mihail Kogălniceanu","Tanjung Malim","Angamacutiro"]},{"index":1,"name":"col1","values":["Mogilyov","Bergen","Karachi","Manitoba","Manitoba","Szczecin","Szczecin","Szczecin","Hardin County","City of Westminster","Gdynia","South Andaman district","Zhengzhou","Szczecin","Jaffna District","Kottayam district","Lima Province","Ialomița County","Perak","Michoacán"]},{"index":2,"name":"col2","values":["21080000","0.46","0.625","1.51","16.97","52.9","1.9","31.85","14.03","2","3.64","0.49","260","52.8","7.56","2","620.74","86.27","366.75","240.25"]}]},"context":{"page_title":null,"page_url":null,"page_entity_id":null,"content_hierarchy":[]},"links":[[[{"start":0,"end":6,"url":null,"entity_id":"Q7071091","candidates":[]}],[{"start":0,"end":6,"url":null,"entity_id":"Q26793","candidates":[]}],[]],[[{"start":0,"end":12,"url":null,"entity_id":"Q6981779","candidates":[]}],[{"start":0,"end":7,"url":null,"entity_id":"Q8660","candidates":[]}],[]],[[{"start":0,"end":23,"url":null,"entity_id":"Q6915349","candidates":[]}],[{"start":0,"end":8,"url":null,"entity_id":"Q1948","candidates":[]}],[]],[[{"start":0,"end":24,"url":null,"entity_id":"Q6875677","candidates":[]}],[{"start":0,"end":8,"url":null,"entity_id":"Q1948","candidates":[]}],[]],[[{"start":0,"end":16,"url":null,"entity_id":"Q7264816","candidates":[]}],[{"start":0,"end":8,"url":null,"entity_id":"Q393","candidates":[]}],[]],[[{"start":0,"end":24,"url":null,"entity_id":"Q7106723","candidates":[]}],[{"start":0,"end":8,"url":null,"entity_id":"Q393","candidates":[]}],[]],[[{"start":0,"end":23,"url":null,"entity_id":"Q6885047","candidates":[]}],[{"start":0,"end":8,"url":null,"entity_id":"Q393","candidates":[]}],[]],[[{"start":0,"end":48,"url":null,"entity_id":"Q7986394","candidates":[]}],[{"start":0,"end":13,"url":null,"entity_id":"Q486495","candidates":[]}],[]],[[{"start":0,"end":8,"url":null,"entity_id":"Q7985061","candidates":[]}],[{"start":0,"end":19,"url":null,"entity_id":"Q179351","candidates":[]}],[]],[[{"start":0,"end":6,"url":null,"entity_id":"Q7984783","candidates":[]}],[{"start":0,"end":6,"url":null,"entity_id":"Q385","candidates":[]}],[]],[[{"start":0,"end":11,"url":null,"entity_id":"Q7764533","candidates":[]}],[{"start":0,"end":22,"url":null,"entity_id":"Q796979","candidates":[]}],[]],[[{"start":0,"end":18,"url":null,"entity_id":"Q8070763","candidates":[]}],[{"start":0,"end":9,"url":null,"entity_id":"Q30340","candidates":[]}],[]],[[{"start":0,"end":16,"url":null,"entity_id":"Q8064042","candidates":[]}],[{"start":0,"end":8,"url":null,"entity_id":"Q393","candidates":[]}],[]],[[{"start":0,"end":9,"url":null,"entity_id":"Q3536016","candidates":[]}],[{"start":0,"end":15,"url":null,"entity_id":"Q1520182","candidates":[]}],[]],[[{"start":0,"end":14,"url":null,"entity_id":"Q3595232","candidates":[]}],[{"start":0,"end":17,"url":null,"entity_id":"Q1353354","candidates":[]}],[]],[[{"start":0,"end":9,"url":null,"entity_id":"Q3824448","candidates":[]}],[{"start":0,"end":13,"url":null,"entity_id":"Q579240","candidates":[]}],[]],[[{"start":0,"end":19,"url":null,"entity_id":"Q3786773","candidates":[]}],[{"start":0,"end":15,"url":null,"entity_id":"Q193044","candidates":[]}],[]],[[{"start":0,"end":13,"url":null,"entity_id":"Q3537158","candidates":[]}],[{"start":0,"end":5,"url":null,"entity_id":"Q188953","candidates":[]}],[]],[[{"start":0,"end":12,"url":null,"entity_id":"Q3893298","candidates":[]}],[{"start":0,"end":9,"url":null,"entity_id":"Q79861","candidates":[]}],[]],[[{"start":0,"end":28,"url":null,"entity_id":"Q6890628","candidates":[]}],[{"start":0,"end":8,"url":null,"entity_id":"Q154835","candidates":[]}],[]]]}