{"version":"1.2","table":{"version":"2","table_id":"LDMC7PTV","columns":[{"index":0,"name":"col0","values":["Decimomannu Air Base","Brétigny-sur-Orge Air Base","Schleißheim Airport","Schleswig Air Base","RAF Bruggen","Jyväskylä Airport","Vandenberg Air Force Base","Peterson Air Force Base","Osan Air Base","Kirtland Air Force Base","Bien Hoa Air Base","Andrews Field","Andersen Air Force Base","Erding Air Base","Los Llanos Airbase","RAF Gütersloh","Barksdale Air Force Base","Holloman Air Force Base","McGhee Tyson Air National Guard Base","Sheppard Air Force Base"]},{"index":1,"name":"col1","values":["Decimomannu","Le Plessis-Pâté","Oberschleißheim","Jagel","Niederkrüchten","Jyväskylä","Santa Barbara County","Colorado Springs","Pyeongtaek","Albuquerque","Đồng Nai","Prince George's County","Guam","Erding","Albacete","Gütersloh","Louisiana","New Mexico","Tennessee","Texas"]},{"index":2,"name":"col2","values":["1943-01-01","1976-01-01","1955-01-01","1916-01-01","1953-01-01","1939-01-01","1957-01-01","1942-01-01","1951-01-01","1942-01-01","1955-01-01","1944-01-02","1944-01-01","1935-01-01","1923-01-01","1935-01-01","1931-01-01","1942-01-01","1970-01-01","1941-01-01"]}]},"context":{"page_title":null,"page_url":null,"page_entity_id":null,"content_hierarchy":[]},"links":[[[{"start":0,"end":26,"url":null,"entity_id":"Q284434","candidates":[]}],[{"start":0,"end":15,"url":null,"entity_id":"Q266060","candidates":[]}],[]],[[{"start":0,"end":19,"url":null,"entity_id":"Q126210","candidates":[]}],[{"start":0,"end":15,"url":null,"entity_id":"Q253881","candidates":[]}],[]],[[{"start":0,"end":18,"url":null,"entity_id":"Q325692","candidates":[]}],[{"start":0,"end":5,"url":null,"entity_id":"Q204585","candidates":[]}],[]],[[{"start":0,"end":11,"url":null,"entity_id":"Q441476","candidates":[]}],[{"start":0,"end":14,"url":null,"entity_id":"Q163837","candidates":[]}],[]],[[{"start":0,"end":17,"url":null,"entity_id":"Q143224","candidates":[]}],[{"start":0,"end":9,"url":null,"entity_id":"Q134620","candidates":[]}],[]],[[{"start":0,"end":25,"url":null,"entity_id":"Q461492","candidates":[]}],[{"start":0,"end":20,"url":null,"entity_id":"Q108106","candidates":[]}],[]],[[{"start":0,"end":23,"url":null,"entity_id":"Q772391","candidates":[]}],[{"start":0,"end":16,"url":null,"entity_id":"Q49258","candidates":[]}],[]],[[{"start":0,"end":13,"url":null,"entity_id":"Q492965","candidates":[]}],[{"start":0,"end":10,"url":null,"entity_id":"Q42154","candidates":[]}],[]],[[{"start":0,"end":23,"url":null,"entity_id":"Q577946","candidates":[]}],[{"start":0,"end":11,"url":null,"entity_id":"Q34804","candidates":[]}],[]],[[{"start":0,"end":17,"url":null,"entity_id":"Q619905","candidates":[]}],[{"start":0,"end":8,"url":null,"entity_id":"Q33271","candidates":[]}],[]],[[{"start":0,"end":13,"url":null,"entity_id":"Q768542","candidates":[]}],[{"start":0,"end":22,"url":null,"entity_id":"Q26807","candidates":[]}],[]],[[{"start":0,"end":23,"url":null,"entity_id":"Q491372","candidates":[]}],[{"start":0,"end":4,"url":null,"entity_id":"Q16635","candidates":[]}],[]],[[{"start":0,"end":15,"url":null,"entity_id":"Q473702","candidates":[]}],[{"start":0,"end":6,"url":null,"entity_id":"Q15980","candidates":[]}],[]],[[{"start":0,"end":18,"url":null,"entity_id":"Q660972","candidates":[]}],[{"start":0,"end":8,"url":null,"entity_id":"Q15095","candidates":[]}],[]],[[{"start":0,"end":13,"url":null,"entity_id":"Q278725","candidates":[]}],[{"start":0,"end":9,"url":null,"entity_id":"Q3771","candidates":[]}],[]],[[{"start":0,"end":24,"url":null,"entity_id":"Q808307","candidates":[]}],[{"start":0,"end":9,"url":null,"entity_id":"Q1588","candidates":[]}],[]],[[{"start":0,"end":23,"url":null,"entity_id":"Q681505","candidates":[]}],[{"start":0,"end":10,"url":null,"entity_id":"Q1522","candidates":[]}],[]],[[{"start":0,"end":36,"url":null,"entity_id":"Q649929","candidates":[]}],[{"start":0,"end":9,"url":null,"entity_id":"Q1509","candidates":[]}],[]],[[{"start":0,"end":23,"url":null,"entity_id":"Q176146","candidates":[]}],[{"start":0,"end":5,"url":null,"entity_id":"Q1439","candidates":[]}],[]],[[{"start":0,"end":20,"url":null,"entity_id":"Q320196","candidates":[]}],[{"start":0,"end":11,"url":null,"entity_id":"Q283844","candidates":[]}],[]]]}