{"version":"1.2","table":{"version":"2","table_id":"LDUJ6PC2","columns":[{"index":0,"name":"col0","values":["2019 La Flèche Wallonne","2018 La Flèche Wallonne","1952 La Flèche Wallonne","1953 La Flèche Wallonne","1954 La Flèche Wallonne","1955 La Flèche Wallonne","1956 La Flèche Wallonne","1957 La Flèche Wallonne","1958 La Flèche Wallonne","2017 La Flèche Wallonne","1951 La Flèche Wallonne","1950 La Flèche Wallonne","1949 La Flèche Wallonne","1948 La Flèche Wallonne","2016 La Flèche Wallonne","2015 La Flèche Wallonne","2014 La Flèche Wallonne","2002 La Flèche Wallonne","1995 La Flèche Wallonne","1980 La Flèche Wallonne"]},{"index":1,"name":"col1","values":["195.5","198.5","220","220","220","220","221","226","235","200.5","220","235","231","234","196","205.5","199","198","205.5","248"]},{"index":2,"name":"col2","values":["102","107","47","38","66","59","62","64","34","166","47","33","49","46","163","133","198","153","88","47"]}]},"context":{"page_title":null,"page_url":null,"page_entity_id":null,"content_hierarchy":[]},"links":[[[{"start":0,"end":23,"url":null,"entity_id":"Q51879254","candidates":[]}],[],[]],[[{"start":0,"end":23,"url":null,"entity_id":"Q30899380","candidates":[]}],[],[]],[[{"start":0,"end":23,"url":null,"entity_id":"Q30899342","candidates":[]}],[],[]],[[{"start":0,"end":23,"url":null,"entity_id":"Q30899311","candidates":[]}],[],[]],[[{"start":0,"end":23,"url":null,"entity_id":"Q30899285","candidates":[]}],[],[]],[[{"start":0,"end":23,"url":null,"entity_id":"Q30532259","candidates":[]}],[],[]],[[{"start":0,"end":23,"url":null,"entity_id":"Q30526507","candidates":[]}],[],[]],[[{"start":0,"end":23,"url":null,"entity_id":"Q30509759","candidates":[]}],[],[]],[[{"start":0,"end":23,"url":null,"entity_id":"Q27865325","candidates":[]}],[],[]],[[{"start":0,"end":23,"url":null,"entity_id":"Q23501948","candidates":[]}],[],[]],[[{"start":0,"end":23,"url":null,"entity_id":"Q20107673","candidates":[]}],[],[]],[[{"start":0,"end":23,"url":null,"entity_id":"Q20107672","candidates":[]}],[],[]],[[{"start":0,"end":23,"url":null,"entity_id":"Q20107671","candidates":[]}],[],[]],[[{"start":0,"end":23,"url":null,"entity_id":"Q20033471","candidates":[]}],[],[]],[[{"start":0,"end":23,"url":null,"entity_id":"Q19361204","candidates":[]}],[],[]],[[{"start":0,"end":23,"url":null,"entity_id":"Q15883647","candidates":[]}],[],[]],[[{"start":0,"end":23,"url":null,"entity_id":"Q10949486","candidates":[]}],[],[]],[[{"start":0,"end":23,"url":null,"entity_id":"Q3752572","candidates":[]}],[],[]],[[{"start":0,"end":23,"url":null,"entity_id":"Q3486951","candidates":[]}],[],[]],[[{"start":0,"end":23,"url":null,"entity_id":"Q57163391","candidates":[]}],[],[]]]}