{"version":"1.2","table":{"version":"2","table_id":"LEB3AT3D","columns":[{"index":0,"name":"col0","values":["Karosc C 955","Karsa C 934","Karosa B 953","Karoua B 932","Karosa B 842","Kasosa B 931","Karosa B 81","DAF MB20","PAZ-65","Solaris Urbino18 Hybrid","Mercedes-Benz O 08","Karrsa Axer","iAZ-677","Ikarus\"31","Ikbrus 180","Mercedes-Benz\"O 404","Rãba Premier 091","Ikarxs 284","karus 266","Iarus 280"]},{"index":1,"name":"col1","values":["3146.0099999999998","3174.4949999999994","3136.515","3161.835","3196.65","3190.32","3157.32","3193.6","2808.3999999999996","3.2792499999999998","3077.2039999999997","3139.68","3051.198","2998.8","2976.5499999999997","3284.556","3126.24","2864.2499999999995","2966.08","3036.96"]},{"index":2,"name":"col2","values":["12061.94","11437.776","11206.8","11413.07","10955.505","11435.76","11473.515","11956.65","7178.6","18.162","11856.432","12073.929999999998","10543.87","8531.46","16384.5","9238.44","12096.0","17792.6","10905.173999999999","16500.0"]},{"index":3,"name":"col3","values":["2522.4999999999995","2475.0","2480.0","2487.5","2512.4999999999995","2505.0","2515.0","2480.0","2376.0","2.55","2497.5","2507.4999999999995","2492.5","2520.0","2520.0","2517.4999999999995","2490.0","2485.0","2482.5","2507.4999999999995"]}]},"context":{"page_title":null,"page_url":null,"page_entity_id":null,"content_hierarchy":[]},"links":[[[{"start":0,"end":11,"url":null,"entity_id":"Q12028829","candidates":[]}],[],[],[]],[[{"start":0,"end":12,"url":null,"entity_id":"Q12028826","candidates":[]}],[],[],[]],[[{"start":0,"end":12,"url":null,"entity_id":"Q12028825","candidates":[]}],[],[],[]],[[{"start":0,"end":12,"url":null,"entity_id":"Q12028823","candidates":[]}],[],[],[]],[[{"start":0,"end":12,"url":null,"entity_id":"Q12028822","candidates":[]}],[],[],[]],[[{"start":0,"end":11,"url":null,"entity_id":"Q12028821","candidates":[]}],[],[],[]],[[{"start":0,"end":8,"url":null,"entity_id":"Q5204231","candidates":[]}],[],[],[]],[[{"start":0,"end":6,"url":null,"entity_id":"Q4340968","candidates":[]}],[],[],[]],[[{"start":0,"end":23,"url":null,"entity_id":"Q2298475","candidates":[]}],[],[],[]],[[{"start":0,"end":18,"url":null,"entity_id":"Q2262638","candidates":[]}],[],[],[]],[[{"start":0,"end":11,"url":null,"entity_id":"Q2190399","candidates":[]}],[],[],[]],[[{"start":0,"end":7,"url":null,"entity_id":"Q1978784","candidates":[]}],[],[],[]],[[{"start":0,"end":9,"url":null,"entity_id":"Q1658060","candidates":[]}],[],[],[]],[[{"start":0,"end":10,"url":null,"entity_id":"Q1658059","candidates":[]}],[],[],[]],[[{"start":0,"end":19,"url":null,"entity_id":"Q1517675","candidates":[]}],[],[],[]],[[{"start":0,"end":16,"url":null,"entity_id":"Q1252072","candidates":[]}],[],[],[]],[[{"start":0,"end":10,"url":null,"entity_id":"Q1096245","candidates":[]}],[],[],[]],[[{"start":0,"end":9,"url":null,"entity_id":"Q1096234","candidates":[]}],[],[],[]],[[{"start":0,"end":9,"url":null,"entity_id":"Q1076730","candidates":[]}],[],[],[]],[[{"start":0,"end":12,"url":null,"entity_id":"Q12028831","candidates":[]}],[],[],[]]]}