{"version":"1.2","table":{"version":"2","table_id":"LEXPI4MA","columns":[{"index":0,"name":"col0","values":["Buxton","Espy","Oscoda","Ladonia","Gap, Pennsylvania","Armonk","Arlington","Albertson","PhinDeli Town Buford","Rosedale","Basking Ridge","McConnellstown","Blauvelt","Blandon","Waverly","Bay Shore","Panaca","Heimdal","Buckhorn","Fishers Landing","West Slope","Manhasset","Orrtanna","Berwyn","Geyserville","Searchlight","Mooresburg","Elgin"]},{"index":1,"name":"col1","values":["11","480","590","143","545","118","57","39","8000","6","102","709","61","381","262","5","1441","1581","602","305","114","29","670","520","213","3547","1089","1401"]},{"index":2,"name":"col2","values":["1273","1642","922","3142","1931","4330","4061","5182","1","19199","24600","1194","5689","7152","23925","26337","963","27","318","89","6554","8080","173","3631","862","539","941","282"]},{"index":3,"name":"col3","values":["7.73","2.859412","2.456016","8.125793","2.8","15.676432","1.729446","1.760203","0.04","18.492629","34.85","8.317971","11.932899","11.51232","23.6","14.415011","8.450652","1.216632","1.753739","0.561452","4.223304","6.257069","0.504288","4.836194","11.690103","34.001805","10.950167","5.030201"]}]},"context":{"page_title":null,"page_url":null,"page_entity_id":null,"content_hierarchy":[]},"links":[[[{"start":0,"end":4,"url":null,"entity_id":"Q742331","candidates":[]}],[],[],[]],[[{"start":0,"end":6,"url":null,"entity_id":"Q730342","candidates":[]}],[],[],[]],[[{"start":0,"end":7,"url":null,"entity_id":"Q692429","candidates":[]}],[],[],[]],[[{"start":0,"end":17,"url":null,"entity_id":"Q692032","candidates":[]}],[],[],[]],[[{"start":0,"end":6,"url":null,"entity_id":"Q688830","candidates":[]}],[],[],[]],[[{"start":0,"end":9,"url":null,"entity_id":"Q675521","candidates":[]}],[],[],[]],[[{"start":0,"end":9,"url":null,"entity_id":"Q674331","candidates":[]}],[],[],[]],[[{"start":0,"end":20,"url":null,"entity_id":"Q652973","candidates":[]}],[],[],[]],[[{"start":0,"end":8,"url":null,"entity_id":"Q648142","candidates":[]}],[],[],[]],[[{"start":0,"end":13,"url":null,"entity_id":"Q646329","candidates":[]}],[],[],[]],[[{"start":0,"end":14,"url":null,"entity_id":"Q430466","candidates":[]}],[],[],[]],[[{"start":0,"end":8,"url":null,"entity_id":"Q404556","candidates":[]}],[],[],[]],[[{"start":0,"end":7,"url":null,"entity_id":"Q388840","candidates":[]}],[],[],[]],[[{"start":0,"end":7,"url":null,"entity_id":"Q387045","candidates":[]}],[],[],[]],[[{"start":0,"end":9,"url":null,"entity_id":"Q384692","candidates":[]}],[],[],[]],[[{"start":0,"end":6,"url":null,"entity_id":"Q376311","candidates":[]}],[],[],[]],[[{"start":0,"end":7,"url":null,"entity_id":"Q369946","candidates":[]}],[],[],[]],[[{"start":0,"end":8,"url":null,"entity_id":"Q305274","candidates":[]}],[],[],[]],[[{"start":0,"end":15,"url":null,"entity_id":"Q290364","candidates":[]}],[],[],[]],[[{"start":0,"end":10,"url":null,"entity_id":"Q286516","candidates":[]}],[],[],[]],[[{"start":0,"end":9,"url":null,"entity_id":"Q286148","candidates":[]}],[],[],[]],[[{"start":0,"end":8,"url":null,"entity_id":"Q278946","candidates":[]}],[],[],[]],[[{"start":0,"end":6,"url":null,"entity_id":"Q261549","candidates":[]}],[],[],[]],[[{"start":0,"end":11,"url":null,"entity_id":"Q222137","candidates":[]}],[],[],[]],[[{"start":0,"end":11,"url":null,"entity_id":"Q177756","candidates":[]}],[],[],[]],[[{"start":0,"end":10,"url":null,"entity_id":"Q129905","candidates":[]}],[],[],[]],[[{"start":0,"end":5,"url":null,"entity_id":"Q129323","candidates":[]}],[],[],[]],[[{"start":0,"end":6,"url":null,"entity_id":"Q745614","candidates":[]}],[],[],[]]]}