{"version":"1.2","table":{"version":"2","table_id":"LFHOJMPW","columns":[{"index":0,"name":"col0","values":["St Peter's Church, Blackburn","Remains of Holy Cross Church in Sázava","2-4 Chester Road","Thinford Inn","Barn approximately 50 metres north of junction of Fosseway and Idlicote Road","Barn circa 50 metres north east of Bentley Wood Green Farmhouse","Cathedral Church of Our Lady of Perpetual Succour","Cathedral House","1, 3 and 5, Zetland Road","14 Richard Street","Church of St George","West End Cottage","George Inn","The Poplars","Burn Closes Bridge","Former Refreshment Rooms and Railway Hotel of Tynemouth Railway Station","10-32 Half Moon Lane and Half Moon Hotel","Tarngate Farmhouse","Vale Rock Mill","Semaphore Signal, Gillingham Dockyard Railway","Castle Lodge","61-65 High Street"]},{"index":1,"name":"col1","values":["Blackburn with Darwen","Černé Budy","Manchester","Croxdale and Hett","Halford","Hapton","Middlesbrough","Middlesbrough","Middlesbrough","Rochdale","Barnsley","Bishopstone","Louth","South Gloucestershire","North Tyneside","North Tyneside","Gateshead","Wyre","Blackburn with Darwen","Medway","Wakefield","Sutton on Trent"]},{"index":2,"name":"col2","values":["Grade B listed building","part of national heritage site in the Czech Republic","Grade II listed building","Grade II listed building","Grade II listed building","Grade II listed building","Grade II listed building","Grade II listed building","Grade II listed building","Grade II listed building","Grade II listed building","Grade II listed building","Grade II listed building","Grade II listed building","Grade II listed building","Grade II listed building","Grade II listed building","Grade II listed building","Grade II listed building","Grade II listed building","Grade II listed building","Grade II listed building"]}]},"context":{"page_title":null,"page_url":null,"page_entity_id":null,"content_hierarchy":[]},"links":[[[{"start":0,"end":38,"url":null,"entity_id":"Q79797028","candidates":[]}],[{"start":0,"end":10,"url":null,"entity_id":"Q11173144","candidates":[]}],[{"start":0,"end":52,"url":null,"entity_id":"Q30118385","candidates":[]}]],[[{"start":0,"end":16,"url":null,"entity_id":"Q79978855","candidates":[]}],[{"start":0,"end":10,"url":null,"entity_id":"Q21525592","candidates":[]}],[{"start":0,"end":24,"url":null,"entity_id":"Q15700834","candidates":[]}]],[[{"start":0,"end":12,"url":null,"entity_id":"Q80090922","candidates":[]}],[{"start":0,"end":17,"url":null,"entity_id":"Q5189620","candidates":[]}],[{"start":0,"end":24,"url":null,"entity_id":"Q15700834","candidates":[]}]],[[{"start":0,"end":76,"url":null,"entity_id":"Q76837843","candidates":[]}],[{"start":0,"end":7,"url":null,"entity_id":"Q4727368","candidates":[]}],[{"start":0,"end":24,"url":null,"entity_id":"Q15700834","candidates":[]}]],[[{"start":0,"end":63,"url":null,"entity_id":"Q80124240","candidates":[]}],[{"start":0,"end":6,"url":null,"entity_id":"Q2805266","candidates":[]}],[{"start":0,"end":24,"url":null,"entity_id":"Q15700834","candidates":[]}]],[[{"start":0,"end":49,"url":null,"entity_id":"Q81807233","candidates":[]}],[{"start":0,"end":13,"url":null,"entity_id":"Q2673020","candidates":[]}],[{"start":0,"end":24,"url":null,"entity_id":"Q15700834","candidates":[]}]],[[{"start":0,"end":15,"url":null,"entity_id":"Q81806735","candidates":[]}],[{"start":0,"end":13,"url":null,"entity_id":"Q2673020","candidates":[]}],[{"start":0,"end":24,"url":null,"entity_id":"Q15700834","candidates":[]}]],[[{"start":0,"end":24,"url":null,"entity_id":"Q81806254","candidates":[]}],[{"start":0,"end":13,"url":null,"entity_id":"Q2673020","candidates":[]}],[{"start":0,"end":24,"url":null,"entity_id":"Q15700834","candidates":[]}]],[[{"start":0,"end":17,"url":null,"entity_id":"Q77429855","candidates":[]}],[{"start":0,"end":8,"url":null,"entity_id":"Q1892596","candidates":[]}],[{"start":0,"end":24,"url":null,"entity_id":"Q15700834","candidates":[]}]],[[{"start":0,"end":19,"url":null,"entity_id":"Q80346784","candidates":[]}],[{"start":0,"end":8,"url":null,"entity_id":"Q1857382","candidates":[]}],[{"start":0,"end":24,"url":null,"entity_id":"Q15700834","candidates":[]}]],[[{"start":0,"end":16,"url":null,"entity_id":"Q76757806","candidates":[]}],[{"start":0,"end":11,"url":null,"entity_id":"Q1853617","candidates":[]}],[{"start":0,"end":24,"url":null,"entity_id":"Q15700834","candidates":[]}]],[[{"start":0,"end":10,"url":null,"entity_id":"Q77733962","candidates":[]}],[{"start":0,"end":5,"url":null,"entity_id":"Q1554129","candidates":[]}],[{"start":0,"end":24,"url":null,"entity_id":"Q15700834","candidates":[]}]],[[{"start":0,"end":11,"url":null,"entity_id":"Q78234849","candidates":[]}],[{"start":0,"end":21,"url":null,"entity_id":"Q1369280","candidates":[]}],[{"start":0,"end":24,"url":null,"entity_id":"Q15700834","candidates":[]}]],[[{"start":0,"end":18,"url":null,"entity_id":"Q77981244","candidates":[]}],[{"start":0,"end":14,"url":null,"entity_id":"Q1120443","candidates":[]}],[{"start":0,"end":24,"url":null,"entity_id":"Q15700834","candidates":[]}]],[[{"start":0,"end":71,"url":null,"entity_id":"Q77979618","candidates":[]}],[{"start":0,"end":14,"url":null,"entity_id":"Q1120443","candidates":[]}],[{"start":0,"end":24,"url":null,"entity_id":"Q15700834","candidates":[]}]],[[{"start":0,"end":40,"url":null,"entity_id":"Q81829525","candidates":[]}],[{"start":0,"end":9,"url":null,"entity_id":"Q929034","candidates":[]}],[{"start":0,"end":24,"url":null,"entity_id":"Q15700834","candidates":[]}]],[[{"start":0,"end":18,"url":null,"entity_id":"Q80435344","candidates":[]}],[{"start":0,"end":4,"url":null,"entity_id":"Q894100","candidates":[]}],[{"start":0,"end":24,"url":null,"entity_id":"Q15700834","candidates":[]}]],[[{"start":0,"end":14,"url":null,"entity_id":"Q80339955","candidates":[]}],[{"start":0,"end":21,"url":null,"entity_id":"Q880782","candidates":[]}],[{"start":0,"end":24,"url":null,"entity_id":"Q15700834","candidates":[]}]],[[{"start":0,"end":45,"url":null,"entity_id":"Q77717990","candidates":[]}],[{"start":0,"end":6,"url":null,"entity_id":"Q797782","candidates":[]}],[{"start":0,"end":24,"url":null,"entity_id":"Q15700834","candidates":[]}]],[[{"start":0,"end":12,"url":null,"entity_id":"Q79983063","candidates":[]}],[{"start":0,"end":9,"url":null,"entity_id":"Q763171","candidates":[]}],[{"start":0,"end":24,"url":null,"entity_id":"Q15700834","candidates":[]}]],[[{"start":0,"end":17,"url":null,"entity_id":"Q73789987","candidates":[]}],[{"start":0,"end":15,"url":null,"entity_id":"Q601196","candidates":[]}],[{"start":0,"end":24,"url":null,"entity_id":"Q15700834","candidates":[]}]],[[{"start":0,"end":28,"url":null,"entity_id":"Q80425869","candidates":[]}],[{"start":0,"end":21,"url":null,"entity_id":"Q880782","candidates":[]}],[{"start":0,"end":23,"url":null,"entity_id":"Q71056072","candidates":[]}]]]}