{"version":"1.2","table":{"version":"2","table_id":"LGFYC5O4","columns":[{"index":0,"name":"col0","values":["Guarambaré","Julián Augusto Saldívar","Horqueta","Caraguatay","Puerto Casado","San Ignacio","Nueva Italia","Itakyry","Doctor Juan León Mallorquín District","San Juan Nepomuceno","Emboscada","Atyrá","Itapé","Paso Yobai","Doctor Juan Eulogio Estigarribia","Altos","Hernandarias District","Presidente Franco District","Humaitá","San Lázaro"]},{"index":1,"name":"col1","values":["37555","54290","60690","13800","6407","50468","12506","38577","22460","39200","19500","18000","7900","30000","38481","14500","79690","101720","3214","11755"]},{"index":2,"name":"col2","values":["105","159","127","71","64","124","129","185","240","143","192","95","129","250","272","207","243","184","44","112"]},{"index":3,"name":"col3","values":["29","37","2825","524","18223","1464","356","1964","266","999","193","145","162","640","645","130","1519","122","321","1111"]}]},"context":{"page_title":null,"page_url":null,"page_entity_id":null,"content_hierarchy":[]},"links":[[[{"start":0,"end":23,"url":null,"entity_id":"Q2717412","candidates":[]}],[],[],[]],[[{"start":0,"end":8,"url":null,"entity_id":"Q2639236","candidates":[]}],[],[],[]],[[{"start":0,"end":10,"url":null,"entity_id":"Q2639192","candidates":[]}],[],[],[]],[[{"start":0,"end":13,"url":null,"entity_id":"Q2636535","candidates":[]}],[],[],[]],[[{"start":0,"end":11,"url":null,"entity_id":"Q2571376","candidates":[]}],[],[],[]],[[{"start":0,"end":12,"url":null,"entity_id":"Q2453244","candidates":[]}],[],[],[]],[[{"start":0,"end":7,"url":null,"entity_id":"Q2445898","candidates":[]}],[],[],[]],[[{"start":0,"end":36,"url":null,"entity_id":"Q2445886","candidates":[]}],[],[],[]],[[{"start":0,"end":19,"url":null,"entity_id":"Q2439360","candidates":[]}],[],[],[]],[[{"start":0,"end":9,"url":null,"entity_id":"Q2410997","candidates":[]}],[],[],[]],[[{"start":0,"end":5,"url":null,"entity_id":"Q2410308","candidates":[]}],[],[],[]],[[{"start":0,"end":5,"url":null,"entity_id":"Q2409449","candidates":[]}],[],[],[]],[[{"start":0,"end":10,"url":null,"entity_id":"Q2408786","candidates":[]}],[],[],[]],[[{"start":0,"end":32,"url":null,"entity_id":"Q2406918","candidates":[]}],[],[],[]],[[{"start":0,"end":5,"url":null,"entity_id":"Q2388597","candidates":[]}],[],[],[]],[[{"start":0,"end":21,"url":null,"entity_id":"Q2271787","candidates":[]}],[],[],[]],[[{"start":0,"end":26,"url":null,"entity_id":"Q2201876","candidates":[]}],[],[],[]],[[{"start":0,"end":7,"url":null,"entity_id":"Q2039512","candidates":[]}],[],[],[]],[[{"start":0,"end":10,"url":null,"entity_id":"Q1990310","candidates":[]}],[],[],[]],[[{"start":0,"end":10,"url":null,"entity_id":"Q2717421","candidates":[]}],[],[],[]]]}