{"version":"1.2","table":{"version":"2","table_id":"LHOTZHKA","columns":[{"index":0,"name":"col0","values":["Pieniężno","Bystrzyca Kłodzka","Kąty Wrocławskie","Libiąż","Kamieńsk","Alwernia","Błaszki","Brwinów","Ciechanowiec","Prochowice","Sobótka","Prudnik","Brzeźnio","Chełmek","Byczyna","Gryfów Śląski","Jaworzyna Śląska","Mirsk","Sieraków","Koprzywnica","Chmielnik","Chęciny","Połaniec","Namysłów","Wołów","Olkusz","Wschowa","Góra","Głubczyce","Prusice","Bardo","Bolków","Głuszyca","Przedbórz","Zakliczyn","Trzebinia","Kęty","Głogówek"]},{"index":1,"name":"col1","values":["Gromada Pieniężno","Gmina Bystrzyca Kłodzka","Gmina Kąty Wrocławskie","Gmina Libiąż","Gmina Kamieńsk","Gmina Alwernia","Gmina Błaszki","Gmina Brwinów","Gmina Ciechanowiec","Gmina Prochowice","Gmina Sobótka","Gmina Prudnik","Gmina Brzeźnio","Gmina Chełmek","Gmina Byczyna","Gmina Gryfów Śląski","Gmina Jaworzyna Śląska","Gmina Mirsk","Gmina Sieraków","Gmina Koprzywnica","Gmina Chmielnik, Świętokrzyskie Voivodeship","Gmina Chęciny","Gmina Połaniec","Gmina Namysłów","Gmina Wołów","Gmina Olkusz","Gmina Wschowa","Gmina Góra","Gmina Głubczyce","Gmina Prusice","Gmina Bardo","Gmina Bolków","Gmina Głuszyca","Gmina Przedbórz","Gmina Zakliczyn","Gmina Trzebinia","Gmina Kęty","Gmina Głogówek"]},{"index":2,"name":"col2","values":["Gmina Pieniężno","Gmina Bystrzyca Kłodzka","Gmina Kąty Wrocławskie","Gmina Libiąż","Gmina Kamieńsk","Gmina Alwernia","Gmina Błaszki","Gmina Brwinów","Gmina Ciechanowiec","Gmina Prochowice","Gmina Sobótka","Gmina Prudnik","Gmina Brzeźnio","Gmina Chełmek","Gmina Byczyna","Gmina Gryfów Śląski","Gmina Jaworzyna Śląska","Gmina Mirsk","Gmina Sieraków","Gmina Koprzywnica","Gmina Chmielnik, Świętokrzyskie Voivodeship","Gmina Chęciny","Gmina Połaniec","Gmina Namysłów","Gmina Wołów","Gmina Olkusz","Gmina Wschowa","Gmina Góra","Gmina Głubczyce","Gmina Prusice","Gmina Bardo","Gmina Bolków","Gmina Głuszyca","Gmina Przedbórz","Gmina Zakliczyn","Gmina Trzebinia","Gmina Kęty","Gmina Głogówek"]}]},"context":{"page_title":null,"page_url":null,"page_entity_id":null,"content_hierarchy":[]},"links":[[[{"start":0,"end":17,"url":null,"entity_id":"Q991022","candidates":[]}],[{"start":0,"end":23,"url":null,"entity_id":"Q2463033","candidates":[]}],[{"start":0,"end":23,"url":null,"entity_id":"Q2463033","candidates":[]}]],[[{"start":0,"end":16,"url":null,"entity_id":"Q992920","candidates":[]}],[{"start":0,"end":22,"url":null,"entity_id":"Q2460985","candidates":[]}],[{"start":0,"end":22,"url":null,"entity_id":"Q2460985","candidates":[]}]],[[{"start":0,"end":6,"url":null,"entity_id":"Q991998","candidates":[]}],[{"start":0,"end":12,"url":null,"entity_id":"Q2460792","candidates":[]}],[{"start":0,"end":12,"url":null,"entity_id":"Q2460792","candidates":[]}]],[[{"start":0,"end":8,"url":null,"entity_id":"Q991887","candidates":[]}],[{"start":0,"end":14,"url":null,"entity_id":"Q2460557","candidates":[]}],[{"start":0,"end":14,"url":null,"entity_id":"Q2460557","candidates":[]}]],[[{"start":0,"end":8,"url":null,"entity_id":"Q983896","candidates":[]}],[{"start":0,"end":14,"url":null,"entity_id":"Q2416870","candidates":[]}],[{"start":0,"end":14,"url":null,"entity_id":"Q2416870","candidates":[]}]],[[{"start":0,"end":7,"url":null,"entity_id":"Q989423","candidates":[]}],[{"start":0,"end":13,"url":null,"entity_id":"Q2402841","candidates":[]}],[{"start":0,"end":13,"url":null,"entity_id":"Q2402841","candidates":[]}]],[[{"start":0,"end":7,"url":null,"entity_id":"Q985661","candidates":[]}],[{"start":0,"end":13,"url":null,"entity_id":"Q2328687","candidates":[]}],[{"start":0,"end":13,"url":null,"entity_id":"Q2328687","candidates":[]}]],[[{"start":0,"end":12,"url":null,"entity_id":"Q995159","candidates":[]}],[{"start":0,"end":18,"url":null,"entity_id":"Q2293624","candidates":[]}],[{"start":0,"end":18,"url":null,"entity_id":"Q2293624","candidates":[]}]],[[{"start":0,"end":10,"url":null,"entity_id":"Q988485","candidates":[]}],[{"start":0,"end":16,"url":null,"entity_id":"Q2202958","candidates":[]}],[{"start":0,"end":16,"url":null,"entity_id":"Q2202958","candidates":[]}]],[[{"start":0,"end":7,"url":null,"entity_id":"Q992910","candidates":[]}],[{"start":0,"end":13,"url":null,"entity_id":"Q2182816","candidates":[]}],[{"start":0,"end":13,"url":null,"entity_id":"Q2182816","candidates":[]}]],[[{"start":0,"end":7,"url":null,"entity_id":"Q986984","candidates":[]}],[{"start":0,"end":13,"url":null,"entity_id":"Q2051441","candidates":[]}],[{"start":0,"end":13,"url":null,"entity_id":"Q2051441","candidates":[]}]],[[{"start":0,"end":8,"url":null,"entity_id":"Q985745","candidates":[]}],[{"start":0,"end":14,"url":null,"entity_id":"Q1974596","candidates":[]}],[{"start":0,"end":14,"url":null,"entity_id":"Q1974596","candidates":[]}]],[[{"start":0,"end":7,"url":null,"entity_id":"Q985669","candidates":[]}],[{"start":0,"end":13,"url":null,"entity_id":"Q1958720","candidates":[]}],[{"start":0,"end":13,"url":null,"entity_id":"Q1958720","candidates":[]}]],[[{"start":0,"end":7,"url":null,"entity_id":"Q990828","candidates":[]}],[{"start":0,"end":13,"url":null,"entity_id":"Q1944890","candidates":[]}],[{"start":0,"end":13,"url":null,"entity_id":"Q1944890","candidates":[]}]],[[{"start":0,"end":13,"url":null,"entity_id":"Q988179","candidates":[]}],[{"start":0,"end":19,"url":null,"entity_id":"Q1834512","candidates":[]}],[{"start":0,"end":19,"url":null,"entity_id":"Q1834512","candidates":[]}]],[[{"start":0,"end":16,"url":null,"entity_id":"Q990188","candidates":[]}],[{"start":0,"end":22,"url":null,"entity_id":"Q1532931","candidates":[]}],[{"start":0,"end":22,"url":null,"entity_id":"Q1532931","candidates":[]}]],[[{"start":0,"end":5,"url":null,"entity_id":"Q991849","candidates":[]}],[{"start":0,"end":11,"url":null,"entity_id":"Q928107","candidates":[]}],[{"start":0,"end":11,"url":null,"entity_id":"Q928107","candidates":[]}]],[[{"start":0,"end":8,"url":null,"entity_id":"Q987997","candidates":[]}],[{"start":0,"end":14,"url":null,"entity_id":"Q554641","candidates":[]}],[{"start":0,"end":14,"url":null,"entity_id":"Q554641","candidates":[]}]],[[{"start":0,"end":11,"url":null,"entity_id":"Q991929","candidates":[]}],[{"start":0,"end":17,"url":null,"entity_id":"Q553693","candidates":[]}],[{"start":0,"end":17,"url":null,"entity_id":"Q553693","candidates":[]}]],[[{"start":0,"end":9,"url":null,"entity_id":"Q991973","candidates":[]}],[{"start":0,"end":43,"url":null,"entity_id":"Q553644","candidates":[]}],[{"start":0,"end":43,"url":null,"entity_id":"Q553644","candidates":[]}]],[[{"start":0,"end":7,"url":null,"entity_id":"Q991924","candidates":[]}],[{"start":0,"end":13,"url":null,"entity_id":"Q553434","candidates":[]}],[{"start":0,"end":13,"url":null,"entity_id":"Q553434","candidates":[]}]],[[{"start":0,"end":8,"url":null,"entity_id":"Q988658","candidates":[]}],[{"start":0,"end":14,"url":null,"entity_id":"Q553287","candidates":[]}],[{"start":0,"end":14,"url":null,"entity_id":"Q553287","candidates":[]}]],[[{"start":0,"end":8,"url":null,"entity_id":"Q717774","candidates":[]}],[{"start":0,"end":14,"url":null,"entity_id":"Q7764398","candidates":[]}],[{"start":0,"end":14,"url":null,"entity_id":"Q7764398","candidates":[]}]],[[{"start":0,"end":5,"url":null,"entity_id":"Q983726","candidates":[]}],[{"start":0,"end":11,"url":null,"entity_id":"Q2619176","candidates":[]}],[{"start":0,"end":11,"url":null,"entity_id":"Q2619176","candidates":[]}]],[[{"start":0,"end":6,"url":null,"entity_id":"Q764943","candidates":[]}],[{"start":0,"end":12,"url":null,"entity_id":"Q2619170","candidates":[]}],[{"start":0,"end":12,"url":null,"entity_id":"Q2619170","candidates":[]}]],[[{"start":0,"end":7,"url":null,"entity_id":"Q717938","candidates":[]}],[{"start":0,"end":13,"url":null,"entity_id":"Q2619162","candidates":[]}],[{"start":0,"end":13,"url":null,"entity_id":"Q2619162","candidates":[]}]],[[{"start":0,"end":4,"url":null,"entity_id":"Q746395","candidates":[]}],[{"start":0,"end":10,"url":null,"entity_id":"Q2617476","candidates":[]}],[{"start":0,"end":10,"url":null,"entity_id":"Q2617476","candidates":[]}]],[[{"start":0,"end":9,"url":null,"entity_id":"Q717947","candidates":[]}],[{"start":0,"end":15,"url":null,"entity_id":"Q2470817","candidates":[]}],[{"start":0,"end":15,"url":null,"entity_id":"Q2470817","candidates":[]}]],[[{"start":0,"end":7,"url":null,"entity_id":"Q644079","candidates":[]}],[{"start":0,"end":13,"url":null,"entity_id":"Q2470807","candidates":[]}],[{"start":0,"end":13,"url":null,"entity_id":"Q2470807","candidates":[]}]],[[{"start":0,"end":5,"url":null,"entity_id":"Q808036","candidates":[]}],[{"start":0,"end":11,"url":null,"entity_id":"Q2467294","candidates":[]}],[{"start":0,"end":11,"url":null,"entity_id":"Q2467294","candidates":[]}]],[[{"start":0,"end":6,"url":null,"entity_id":"Q774352","candidates":[]}],[{"start":0,"end":12,"url":null,"entity_id":"Q2461704","candidates":[]}],[{"start":0,"end":12,"url":null,"entity_id":"Q2461704","candidates":[]}]],[[{"start":0,"end":8,"url":null,"entity_id":"Q701606","candidates":[]}],[{"start":0,"end":14,"url":null,"entity_id":"Q2461464","candidates":[]}],[{"start":0,"end":14,"url":null,"entity_id":"Q2461464","candidates":[]}]],[[{"start":0,"end":9,"url":null,"entity_id":"Q737984","candidates":[]}],[{"start":0,"end":15,"url":null,"entity_id":"Q2459647","candidates":[]}],[{"start":0,"end":15,"url":null,"entity_id":"Q2459647","candidates":[]}]],[[{"start":0,"end":9,"url":null,"entity_id":"Q945651","candidates":[]}],[{"start":0,"end":15,"url":null,"entity_id":"Q2458136","candidates":[]}],[{"start":0,"end":15,"url":null,"entity_id":"Q2458136","candidates":[]}]],[[{"start":0,"end":9,"url":null,"entity_id":"Q686167","candidates":[]}],[{"start":0,"end":15,"url":null,"entity_id":"Q2437910","candidates":[]}],[{"start":0,"end":15,"url":null,"entity_id":"Q2437910","candidates":[]}]],[[{"start":0,"end":4,"url":null,"entity_id":"Q773227","candidates":[]}],[{"start":0,"end":10,"url":null,"entity_id":"Q2372507","candidates":[]}],[{"start":0,"end":10,"url":null,"entity_id":"Q2372507","candidates":[]}]],[[{"start":0,"end":8,"url":null,"entity_id":"Q954748","candidates":[]}],[{"start":0,"end":14,"url":null,"entity_id":"Q2204843","candidates":[]}],[{"start":0,"end":14,"url":null,"entity_id":"Q2204843","candidates":[]}]],[[{"start":0,"end":9,"url":null,"entity_id":"Q768689","candidates":[]}],[{"start":0,"end":17,"url":null,"entity_id":"Q18635771","candidates":[]}],[{"start":0,"end":15,"url":null,"entity_id":"Q539113","candidates":[]}]]]}