{"version":"1.2","table":{"version":"2","table_id":"LIDFL8ZI","columns":[{"index":0,"name":"col0","values":["Styx","Kerberos","Larissa","Galatea","Despina","Thalassa","Herse","Proteus","Naiad","Mab","Puck","Deimos","Phobos","Triton","Miranda","Ariel","Umbriel","Oberon","Titania","Moon"]},{"index":1,"name":"col1","values":["27","26.1","21.5","21.9","22","23.3","23.4","19.7","23.9","26","20.5","12.89","11.8","13.47","15.8","14.4","14.5","14.1","13.9","-12.747"]},{"index":2,"name":"col2","values":["42656","59000","73548","61593","52526","50075","22510605","117647","48227","97736","86000","23458","9377.1","354759","129872","191020","266300","583520","436300","1738.14"]}]},"context":{"page_title":null,"page_url":null,"page_entity_id":null,"content_hierarchy":[]},"links":[[[{"start":0,"end":8,"url":null,"entity_id":"Q105636","candidates":[]}],[],[]],[[{"start":0,"end":7,"url":null,"entity_id":"Q19471","candidates":[]}],[],[]],[[{"start":0,"end":7,"url":null,"entity_id":"Q19464","candidates":[]}],[],[]],[[{"start":0,"end":7,"url":null,"entity_id":"Q19454","candidates":[]}],[],[]],[[{"start":0,"end":8,"url":null,"entity_id":"Q19447","candidates":[]}],[],[]],[[{"start":0,"end":5,"url":null,"entity_id":"Q16968","candidates":[]}],[],[]],[[{"start":0,"end":7,"url":null,"entity_id":"Q16081","candidates":[]}],[],[]],[[{"start":0,"end":5,"url":null,"entity_id":"Q16062","candidates":[]}],[],[]],[[{"start":0,"end":3,"url":null,"entity_id":"Q15667","candidates":[]}],[],[]],[[{"start":0,"end":4,"url":null,"entity_id":"Q15662","candidates":[]}],[],[]],[[{"start":0,"end":6,"url":null,"entity_id":"Q7548","candidates":[]}],[],[]],[[{"start":0,"end":6,"url":null,"entity_id":"Q7547","candidates":[]}],[],[]],[[{"start":0,"end":6,"url":null,"entity_id":"Q3359","candidates":[]}],[],[]],[[{"start":0,"end":7,"url":null,"entity_id":"Q3352","candidates":[]}],[],[]],[[{"start":0,"end":5,"url":null,"entity_id":"Q3343","candidates":[]}],[],[]],[[{"start":0,"end":7,"url":null,"entity_id":"Q3338","candidates":[]}],[],[]],[[{"start":0,"end":6,"url":null,"entity_id":"Q3332","candidates":[]}],[],[]],[[{"start":0,"end":7,"url":null,"entity_id":"Q3322","candidates":[]}],[],[]],[[{"start":0,"end":4,"url":null,"entity_id":"Q405","candidates":[]}],[],[]],[[{"start":0,"end":4,"url":null,"entity_id":"Q105713","candidates":[]}],[],[]]]}