{"version":"1.2","table":{"version":"2","table_id":"LIMP6FI7","columns":[{"index":0,"name":"col0","values":["2012 WTA 125M series","2010 AVP Challenger Tour","2012 AP World Tour","2011 ATP Worle Tour","2010 ATP World Tor","2009 ATP World Tqur","2008 ATP Tou","200 ATP our","206 ATP Tour","2005 ATP Wour","204 ATP Tour","2003 BTP Tour","2002 ATP!Tour","2001 ATP Tovr","2000 ATPTour","1999!ATP Tour","199 ATP Tour","197 ATP Tour","1996 ATP\"Tour","1995 ATP Wour"]},{"index":1,"name":"col1","values":["Women's Tennis Association","Association of Tennis Professionals","Association of Tennis Professionals","Association of Tennis Professionals","Association of Tennis Professionals","Association of Tennis Professionals","Association of Tennis Professionals","Association of Tennis Professionals","Association of Tennis Professionals","Association of Tennis Professionals","Association of Tennis Professionals","Association of Tennis Professionals","Association of Tennis Professionals","Association of Tennis Professionals","Association of Tennis Professionals","Association of Tennis Professionals","Association of Tennis Professionals","Association of Tennis Professionals","Association of Tennis Professionals","Association of Tennis Professionals"]},{"index":2,"name":"col2","values":["tennis","tennis","tennis","tennis","tennis","tennis","tennis","tennis","tennis","tennis","tennis","tennis","tennis","tennis","tennis","tennis","tennis","tennis","tennis","tennis"]}]},"context":{"page_title":null,"page_url":null,"page_entity_id":null,"content_hierarchy":[]},"links":[[[{"start":0,"end":24,"url":null,"entity_id":"Q2404466","candidates":[]}],[{"start":0,"end":35,"url":null,"entity_id":"Q744089","candidates":[]}],[{"start":0,"end":6,"url":null,"entity_id":"Q847","candidates":[]}]],[[{"start":0,"end":18,"url":null,"entity_id":"Q300014","candidates":[]}],[{"start":0,"end":35,"url":null,"entity_id":"Q744089","candidates":[]}],[{"start":0,"end":6,"url":null,"entity_id":"Q847","candidates":[]}]],[[{"start":0,"end":19,"url":null,"entity_id":"Q300013","candidates":[]}],[{"start":0,"end":35,"url":null,"entity_id":"Q744089","candidates":[]}],[{"start":0,"end":6,"url":null,"entity_id":"Q847","candidates":[]}]],[[{"start":0,"end":18,"url":null,"entity_id":"Q300012","candidates":[]}],[{"start":0,"end":35,"url":null,"entity_id":"Q744089","candidates":[]}],[{"start":0,"end":6,"url":null,"entity_id":"Q847","candidates":[]}]],[[{"start":0,"end":19,"url":null,"entity_id":"Q300011","candidates":[]}],[{"start":0,"end":35,"url":null,"entity_id":"Q744089","candidates":[]}],[{"start":0,"end":6,"url":null,"entity_id":"Q847","candidates":[]}]],[[{"start":0,"end":12,"url":null,"entity_id":"Q299894","candidates":[]}],[{"start":0,"end":35,"url":null,"entity_id":"Q744089","candidates":[]}],[{"start":0,"end":6,"url":null,"entity_id":"Q847","candidates":[]}]],[[{"start":0,"end":11,"url":null,"entity_id":"Q299889","candidates":[]}],[{"start":0,"end":35,"url":null,"entity_id":"Q744089","candidates":[]}],[{"start":0,"end":6,"url":null,"entity_id":"Q847","candidates":[]}]],[[{"start":0,"end":12,"url":null,"entity_id":"Q299883","candidates":[]}],[{"start":0,"end":35,"url":null,"entity_id":"Q744089","candidates":[]}],[{"start":0,"end":6,"url":null,"entity_id":"Q847","candidates":[]}]],[[{"start":0,"end":13,"url":null,"entity_id":"Q299878","candidates":[]}],[{"start":0,"end":35,"url":null,"entity_id":"Q744089","candidates":[]}],[{"start":0,"end":6,"url":null,"entity_id":"Q847","candidates":[]}]],[[{"start":0,"end":12,"url":null,"entity_id":"Q299873","candidates":[]}],[{"start":0,"end":35,"url":null,"entity_id":"Q744089","candidates":[]}],[{"start":0,"end":6,"url":null,"entity_id":"Q847","candidates":[]}]],[[{"start":0,"end":13,"url":null,"entity_id":"Q299872","candidates":[]}],[{"start":0,"end":35,"url":null,"entity_id":"Q744089","candidates":[]}],[{"start":0,"end":6,"url":null,"entity_id":"Q847","candidates":[]}]],[[{"start":0,"end":13,"url":null,"entity_id":"Q299868","candidates":[]}],[{"start":0,"end":35,"url":null,"entity_id":"Q744089","candidates":[]}],[{"start":0,"end":6,"url":null,"entity_id":"Q847","candidates":[]}]],[[{"start":0,"end":13,"url":null,"entity_id":"Q299865","candidates":[]}],[{"start":0,"end":35,"url":null,"entity_id":"Q744089","candidates":[]}],[{"start":0,"end":6,"url":null,"entity_id":"Q847","candidates":[]}]],[[{"start":0,"end":12,"url":null,"entity_id":"Q299861","candidates":[]}],[{"start":0,"end":35,"url":null,"entity_id":"Q744089","candidates":[]}],[{"start":0,"end":6,"url":null,"entity_id":"Q847","candidates":[]}]],[[{"start":0,"end":13,"url":null,"entity_id":"Q299857","candidates":[]}],[{"start":0,"end":35,"url":null,"entity_id":"Q744089","candidates":[]}],[{"start":0,"end":6,"url":null,"entity_id":"Q847","candidates":[]}]],[[{"start":0,"end":12,"url":null,"entity_id":"Q299855","candidates":[]}],[{"start":0,"end":35,"url":null,"entity_id":"Q744089","candidates":[]}],[{"start":0,"end":6,"url":null,"entity_id":"Q847","candidates":[]}]],[[{"start":0,"end":12,"url":null,"entity_id":"Q299852","candidates":[]}],[{"start":0,"end":35,"url":null,"entity_id":"Q744089","candidates":[]}],[{"start":0,"end":6,"url":null,"entity_id":"Q847","candidates":[]}]],[[{"start":0,"end":13,"url":null,"entity_id":"Q299850","candidates":[]}],[{"start":0,"end":35,"url":null,"entity_id":"Q744089","candidates":[]}],[{"start":0,"end":6,"url":null,"entity_id":"Q847","candidates":[]}]],[[{"start":0,"end":13,"url":null,"entity_id":"Q299844","candidates":[]}],[{"start":0,"end":35,"url":null,"entity_id":"Q744089","candidates":[]}],[{"start":0,"end":6,"url":null,"entity_id":"Q847","candidates":[]}]],[[{"start":0,"end":20,"url":null,"entity_id":"Q2484431","candidates":[]}],[{"start":0,"end":26,"url":null,"entity_id":"Q948442","candidates":[]}],[{"start":0,"end":6,"url":null,"entity_id":"Q847","candidates":[]}]]]}