{"version":"1.2","table":{"version":"2","table_id":"LKA0UD8K","columns":[{"index":0,"name":"col0","values":["Mokamia Union","Mehendiganj Union name","Mostafapur Union","Muladi Union","Muradia Union, Dumki","Mirpur Union","Mirzaganj Union, Mirjaganj","Mirukhali Union, Mathbaria","Madanpur union","Mathbari Union","Mazidbaria Union, Mirjaganj","Mathbaria Union, Mathbaria","Velumia","Bhedaria union","Bhitabaria Union, Bhandaria","Bhasanchar Union","Bhabanipur union","Bharpasha Union","Malikhali Union, Nazirpur","Madhabpasha Union"]},{"index":1,"name":"col1","values":["5157","5777","4855","7236","6840","7142","7625","8552","7807","6355","6202","7841","13312","9765","4647","4524","2610","6207","7396","6777"]},{"index":2,"name":"col2","values":["3353","3144","4377","4675","3398","3342","5211","5523","943","5177","3938","5166","5991","6378","3732","3724","1209","4237","4904","6202"]}]},"context":{"page_title":null,"page_url":null,"page_entity_id":null,"content_hierarchy":[]},"links":[[[{"start":0,"end":22,"url":null,"entity_id":"Q13152310","candidates":[]}],[],[]],[[{"start":0,"end":16,"url":null,"entity_id":"Q13152298","candidates":[]}],[],[]],[[{"start":0,"end":12,"url":null,"entity_id":"Q13152291","candidates":[]}],[],[]],[[{"start":0,"end":20,"url":null,"entity_id":"Q13152280","candidates":[]}],[],[]],[[{"start":0,"end":12,"url":null,"entity_id":"Q13152262","candidates":[]}],[],[]],[[{"start":0,"end":26,"url":null,"entity_id":"Q13152253","candidates":[]}],[],[]],[[{"start":0,"end":26,"url":null,"entity_id":"Q13152248","candidates":[]}],[],[]],[[{"start":0,"end":14,"url":null,"entity_id":"Q13152091","candidates":[]}],[],[]],[[{"start":0,"end":14,"url":null,"entity_id":"Q13152077","candidates":[]}],[],[]],[[{"start":0,"end":27,"url":null,"entity_id":"Q13152076","candidates":[]}],[],[]],[[{"start":0,"end":26,"url":null,"entity_id":"Q13152075","candidates":[]}],[],[]],[[{"start":0,"end":7,"url":null,"entity_id":"Q13152052","candidates":[]}],[],[]],[[{"start":0,"end":14,"url":null,"entity_id":"Q13152045","candidates":[]}],[],[]],[[{"start":0,"end":27,"url":null,"entity_id":"Q13152030","candidates":[]}],[],[]],[[{"start":0,"end":16,"url":null,"entity_id":"Q13152025","candidates":[]}],[],[]],[[{"start":0,"end":16,"url":null,"entity_id":"Q13151963","candidates":[]}],[],[]],[[{"start":0,"end":15,"url":null,"entity_id":"Q13151962","candidates":[]}],[],[]],[[{"start":0,"end":25,"url":null,"entity_id":"Q13152228","candidates":[]}],[],[]],[[{"start":0,"end":17,"url":null,"entity_id":"Q13152195","candidates":[]}],[],[]],[[{"start":0,"end":13,"url":null,"entity_id":"Q13152315","candidates":[]}],[],[]]]}