{"version":"1.2","table":{"version":"2","table_id":"LKFOGLTC","columns":[{"index":0,"name":"col0","values":["El cabllero de las botas azules"," Gave#My Life for Thee","Poems Tht Every Child Should Know/Abou Ben Adhem","Cnzoniere/Poem I","Guard me, my talsman","Grebeards at Play","To Rusuia","Newspaper Da (Mayakovsky)","Гадбние","Poems","nattina","The Golden!Ass","Intrduction","Amorum liri tres","150 000 00","Lead\"Kindly Light","La prose du Transuibérien et de la Petite Jehanne de France","The Poem of Ecstsy","Macaoneb","Lancelot, te Knight of the Cart"]},{"index":1,"name":"col1","values":["1867/01/01","1902/01/01","1834/01/01","1347/01/01","1825/01/01","1900/01/01","1854/01/01","1923/01/01","1907/01/01","1881/01/01","1919/01/01","1517/01/01","1794/01/01","1469/01/01","1920/01/01","1833/01/01","1913/01/01","1908/01/01","1488/01/01","1170/01/01"]},{"index":2,"name":"col2","values":["public domain","public domain","public domain","public domain","public domain","public domain","public domain","public domain","public domain","public domain","public domain","public domain","public domain","public domain","public domain","public domain","public domain","public domain","public domain","public domain"]}]},"context":{"page_title":null,"page_url":null,"page_entity_id":null,"content_hierarchy":[]},"links":[[[{"start":0,"end":22,"url":null,"entity_id":"Q29364539","candidates":[]}],[],[{"start":0,"end":13,"url":null,"entity_id":"Q19652","candidates":[]}]],[[{"start":0,"end":48,"url":null,"entity_id":"Q28970892","candidates":[]}],[],[{"start":0,"end":13,"url":null,"entity_id":"Q19652","candidates":[]}]],[[{"start":0,"end":16,"url":null,"entity_id":"Q24042037","candidates":[]}],[],[{"start":0,"end":13,"url":null,"entity_id":"Q19652","candidates":[]}]],[[{"start":0,"end":20,"url":null,"entity_id":"Q19234531","candidates":[]}],[],[{"start":0,"end":13,"url":null,"entity_id":"Q19652","candidates":[]}]],[[{"start":0,"end":17,"url":null,"entity_id":"Q20008174","candidates":[]}],[],[{"start":0,"end":13,"url":null,"entity_id":"Q19652","candidates":[]}]],[[{"start":0,"end":9,"url":null,"entity_id":"Q19223819","candidates":[]}],[],[{"start":0,"end":13,"url":null,"entity_id":"Q19652","candidates":[]}]],[[{"start":0,"end":25,"url":null,"entity_id":"Q19147351","candidates":[]}],[],[{"start":0,"end":13,"url":null,"entity_id":"Q19652","candidates":[]}]],[[{"start":0,"end":7,"url":null,"entity_id":"Q19147318","candidates":[]}],[],[{"start":0,"end":13,"url":null,"entity_id":"Q19652","candidates":[]}]],[[{"start":0,"end":5,"url":null,"entity_id":"Q3906941","candidates":[]}],[],[{"start":0,"end":13,"url":null,"entity_id":"Q19652","candidates":[]}]],[[{"start":0,"end":7,"url":null,"entity_id":"Q3852332","candidates":[]}],[],[{"start":0,"end":13,"url":null,"entity_id":"Q19652","candidates":[]}]],[[{"start":0,"end":14,"url":null,"entity_id":"Q3818789","candidates":[]}],[],[{"start":0,"end":13,"url":null,"entity_id":"Q19652","candidates":[]}]],[[{"start":0,"end":11,"url":null,"entity_id":"Q3800789","candidates":[]}],[],[{"start":0,"end":13,"url":null,"entity_id":"Q19652","candidates":[]}]],[[{"start":0,"end":16,"url":null,"entity_id":"Q3614629","candidates":[]}],[],[{"start":0,"end":13,"url":null,"entity_id":"Q19652","candidates":[]}]],[[{"start":0,"end":10,"url":null,"entity_id":"Q3597507","candidates":[]}],[],[{"start":0,"end":13,"url":null,"entity_id":"Q19652","candidates":[]}]],[[{"start":0,"end":17,"url":null,"entity_id":"Q3228615","candidates":[]}],[],[{"start":0,"end":13,"url":null,"entity_id":"Q19652","candidates":[]}]],[[{"start":0,"end":59,"url":null,"entity_id":"Q3212012","candidates":[]}],[],[{"start":0,"end":13,"url":null,"entity_id":"Q19652","candidates":[]}]],[[{"start":0,"end":18,"url":null,"entity_id":"Q1810096","candidates":[]}],[],[{"start":0,"end":13,"url":null,"entity_id":"Q19652","candidates":[]}]],[[{"start":0,"end":8,"url":null,"entity_id":"Q636376","candidates":[]}],[],[{"start":0,"end":13,"url":null,"entity_id":"Q19652","candidates":[]}]],[[{"start":0,"end":31,"url":null,"entity_id":"Q520372","candidates":[]}],[],[{"start":0,"end":13,"url":null,"entity_id":"Q19652","candidates":[]}]],[[{"start":0,"end":31,"url":null,"entity_id":"Q19435413","candidates":[]}],[],[{"start":0,"end":13,"url":null,"entity_id":"Q19652","candidates":[]}]]]}