{"version":"1.2","table":{"version":"2","table_id":"LKTMNIQB","columns":[{"index":0,"name":"col0","values":["realraum","/usr/space","Mothership HackerMoms","see-base","AfRA","TOG","X-Hain","Polytechnischer Werkraum","Makerspace Bonn","Segmentation Vault","DevLoL","Chaostreff Salzburg","Hackerspace Bremen","NYC Resistor","Coredump","Chaostreff Flensburg","Z-Labor","Krautspace","Verschwörhaus","CoMakingSpace"]},{"index":1,"name":"col1","values":["Austria","Austria","United States of America","Germany","Germany","Ireland","Germany","Germany","Germany","Austria","Austria","Austria","Germany","United States of America","Switzerland","Germany","Germany","Germany","Germany","Germany"]},{"index":2,"name":"col2","values":["2007-03-01","2017-01-01","2011-01-01","2015-09-01","2013-06-29","2009-01-21","2016-05-01","2014-05-23","2018-03-03","2017-01-01","2012-10-18","2011-12-15","2011-11-09","2008-01-01","2013-08-26","2015-01-01","2015-09-20","2012-12-01","2016-07-01","2017-08-08"]},{"index":3,"name":"col3","values":["Jakomini","Leobersdorf","Berkeley","Überlingen","Lichtenberg","County Dublin","Friedrichshain-Kreuzberg","Zittau","Bad Godesberg","St. Pölten","Linz","Salzburg","Bremen","Brooklyn","Canton of St. Gallen","Flensburg","Zwickau","Jena","Ulm","Heidelberg"]}]},"context":{"page_title":null,"page_url":null,"page_entity_id":null,"content_hierarchy":[]},"links":[[[{"start":0,"end":10,"url":null,"entity_id":"Q45214096","candidates":[]}],[{"start":0,"end":7,"url":null,"entity_id":"Q40","candidates":[]}],[],[{"start":0,"end":11,"url":null,"entity_id":"Q695339","candidates":[]}]],[[{"start":0,"end":21,"url":null,"entity_id":"Q24534662","candidates":[]}],[{"start":0,"end":24,"url":null,"entity_id":"Q30","candidates":[]}],[],[{"start":0,"end":8,"url":null,"entity_id":"Q484678","candidates":[]}]],[[{"start":0,"end":8,"url":null,"entity_id":"Q63729340","candidates":[]}],[{"start":0,"end":7,"url":null,"entity_id":"Q183","candidates":[]}],[],[{"start":0,"end":10,"url":null,"entity_id":"Q332952","candidates":[]}]],[[{"start":0,"end":4,"url":null,"entity_id":"Q42748136","candidates":[]}],[{"start":0,"end":7,"url":null,"entity_id":"Q183","candidates":[]}],[],[{"start":0,"end":11,"url":null,"entity_id":"Q329609","candidates":[]}]],[[{"start":0,"end":3,"url":null,"entity_id":"Q7670966","candidates":[]}],[{"start":0,"end":7,"url":null,"entity_id":"Q27","candidates":[]}],[],[{"start":0,"end":13,"url":null,"entity_id":"Q173500","candidates":[]}]],[[{"start":0,"end":6,"url":null,"entity_id":"Q42721163","candidates":[]}],[{"start":0,"end":7,"url":null,"entity_id":"Q183","candidates":[]}],[],[{"start":0,"end":24,"url":null,"entity_id":"Q158893","candidates":[]}]],[[{"start":0,"end":24,"url":null,"entity_id":"Q62108932","candidates":[]}],[{"start":0,"end":7,"url":null,"entity_id":"Q183","candidates":[]}],[],[{"start":0,"end":6,"url":null,"entity_id":"Q157200","candidates":[]}]],[[{"start":0,"end":15,"url":null,"entity_id":"Q50329388","candidates":[]}],[{"start":0,"end":7,"url":null,"entity_id":"Q183","candidates":[]}],[],[{"start":0,"end":13,"url":null,"entity_id":"Q153260","candidates":[]}]],[[{"start":0,"end":18,"url":null,"entity_id":"Q47790744","candidates":[]}],[{"start":0,"end":7,"url":null,"entity_id":"Q40","candidates":[]}],[],[{"start":0,"end":10,"url":null,"entity_id":"Q82500","candidates":[]}]],[[{"start":0,"end":6,"url":null,"entity_id":"Q42726392","candidates":[]}],[{"start":0,"end":7,"url":null,"entity_id":"Q40","candidates":[]}],[],[{"start":0,"end":4,"url":null,"entity_id":"Q41329","candidates":[]}]],[[{"start":0,"end":19,"url":null,"entity_id":"Q47789881","candidates":[]}],[{"start":0,"end":7,"url":null,"entity_id":"Q40","candidates":[]}],[],[{"start":0,"end":8,"url":null,"entity_id":"Q34713","candidates":[]}]],[[{"start":0,"end":18,"url":null,"entity_id":"Q43020369","candidates":[]}],[{"start":0,"end":7,"url":null,"entity_id":"Q183","candidates":[]}],[],[{"start":0,"end":6,"url":null,"entity_id":"Q24879","candidates":[]}]],[[{"start":0,"end":12,"url":null,"entity_id":"Q6956054","candidates":[]}],[{"start":0,"end":24,"url":null,"entity_id":"Q30","candidates":[]}],[],[{"start":0,"end":8,"url":null,"entity_id":"Q18419","candidates":[]}]],[[{"start":0,"end":8,"url":null,"entity_id":"Q62117786","candidates":[]}],[{"start":0,"end":11,"url":null,"entity_id":"Q39","candidates":[]}],[],[{"start":0,"end":20,"url":null,"entity_id":"Q12746","candidates":[]}]],[[{"start":0,"end":20,"url":null,"entity_id":"Q61478645","candidates":[]}],[{"start":0,"end":7,"url":null,"entity_id":"Q183","candidates":[]}],[],[{"start":0,"end":9,"url":null,"entity_id":"Q3798","candidates":[]}]],[[{"start":0,"end":7,"url":null,"entity_id":"Q63073064","candidates":[]}],[{"start":0,"end":7,"url":null,"entity_id":"Q183","candidates":[]}],[],[{"start":0,"end":7,"url":null,"entity_id":"Q3778","candidates":[]}]],[[{"start":0,"end":10,"url":null,"entity_id":"Q46008981","candidates":[]}],[{"start":0,"end":7,"url":null,"entity_id":"Q183","candidates":[]}],[],[{"start":0,"end":4,"url":null,"entity_id":"Q3150","candidates":[]}]],[[{"start":0,"end":13,"url":null,"entity_id":"Q27945856","candidates":[]}],[{"start":0,"end":7,"url":null,"entity_id":"Q183","candidates":[]}],[],[{"start":0,"end":3,"url":null,"entity_id":"Q3012","candidates":[]}]],[[{"start":0,"end":13,"url":null,"entity_id":"Q48914241","candidates":[]}],[{"start":0,"end":7,"url":null,"entity_id":"Q183","candidates":[]}],[],[{"start":0,"end":10,"url":null,"entity_id":"Q2966","candidates":[]}]],[[{"start":0,"end":8,"url":null,"entity_id":"Q44747277","candidates":[]}],[{"start":0,"end":7,"url":null,"entity_id":"Q40","candidates":[]}],[],[{"start":0,"end":8,"url":null,"entity_id":"Q1604327","candidates":[]}]]]}