{"version":"1.2","table":{"version":"2","table_id":"LM8MH6N8","columns":[{"index":0,"name":"col0","values":["2MASX J18463633+2302476","2MASX J17175830-1419221","2MASX J05191606-4234475","MCG-03-14-017","2MASX J10370945+2049158","2MFGC 15174","2MASX J13405011+4033584","2MASX J06413528+5015514","ESO 563-18","2MFGC 13878","MCG+02-32-071","LEDA 40560","2MASX J22124628+3834037","2dFGRS TGN289Z151","LEDA 42811","2MASX J19274343+4223257","2MASX J07524714+1504489","2MASX J07212674+2311006","2MASX J18595624-1818305","2MASX J22061964+1659327"]},{"index":1,"name":"col1","values":["23.046465124095","-14.3225898986041","-42.5799095755474","-16.124525544221","20.8211992474764","-25.1501825452541","40.5662447543356","50.2642649734012","-20.1995915791321","14.0092449804007","10.3653022369765","10.5838735061415","38.5677600888461","-1.386279887922","10.0930235066045","42.3903984379611","15.0803044961974","23.1834081298072","-18.3084762993123","16.9923924982044"]},{"index":2,"name":"col2","values":["-4.954","-8.82","-5.127","-1.282","-1.783","-1.577","-3.097","-2.325","-4.789","-1.399","-9.411","-6.783","-2.582","-2.975","-13.931","8.295","-0.388","-2.35","-1.8","-0.103"]},{"index":3,"name":"col3","values":["13.475","13.01","12.826","11.18","13.362","11.911","13.845","12.212","13.922","13.581","16.004","12.43","11.769","12.526","12.63","13.399","12.656","10.449","12.788","12.862"]}]},"context":{"page_title":null,"page_url":null,"page_entity_id":null,"content_hierarchy":[]},"links":[[[{"start":0,"end":23,"url":null,"entity_id":"Q85182983","candidates":[]}],[],[],[]],[[{"start":0,"end":23,"url":null,"entity_id":"Q85146971","candidates":[]}],[],[],[]],[[{"start":0,"end":13,"url":null,"entity_id":"Q84205780","candidates":[]}],[],[],[]],[[{"start":0,"end":23,"url":null,"entity_id":"Q84119693","candidates":[]}],[],[],[]],[[{"start":0,"end":11,"url":null,"entity_id":"Q84010387","candidates":[]}],[],[],[]],[[{"start":0,"end":23,"url":null,"entity_id":"Q83762445","candidates":[]}],[],[],[]],[[{"start":0,"end":23,"url":null,"entity_id":"Q83307291","candidates":[]}],[],[],[]],[[{"start":0,"end":10,"url":null,"entity_id":"Q85823247","candidates":[]}],[],[],[]],[[{"start":0,"end":11,"url":null,"entity_id":"Q85720038","candidates":[]}],[],[],[]],[[{"start":0,"end":13,"url":null,"entity_id":"Q85681514","candidates":[]}],[],[],[]],[[{"start":0,"end":10,"url":null,"entity_id":"Q85681435","candidates":[]}],[],[],[]],[[{"start":0,"end":23,"url":null,"entity_id":"Q85431065","candidates":[]}],[],[],[]],[[{"start":0,"end":17,"url":null,"entity_id":"Q85326092","candidates":[]}],[],[],[]],[[{"start":0,"end":10,"url":null,"entity_id":"Q85316120","candidates":[]}],[],[],[]],[[{"start":0,"end":23,"url":null,"entity_id":"Q86719867","candidates":[]}],[],[],[]],[[{"start":0,"end":23,"url":null,"entity_id":"Q86588228","candidates":[]}],[],[],[]],[[{"start":0,"end":23,"url":null,"entity_id":"Q86378773","candidates":[]}],[],[],[]],[[{"start":0,"end":23,"url":null,"entity_id":"Q86126141","candidates":[]}],[],[],[]],[[{"start":0,"end":23,"url":null,"entity_id":"Q86015914","candidates":[]}],[],[],[]],[[{"start":0,"end":23,"url":null,"entity_id":"Q85246026","candidates":[]}],[],[],[]]]}