{"version":"1.2","table":{"version":"2","table_id":"LNVIM87G","columns":[{"index":0,"name":"col0","values":["Hermitage of Nuestra Señora de las Fuentes, Amusco","Santa Maria de Lara","Santa Cristina de Lena","Church of Santa Eulalia de la Lloraza","Hermitage of Santa Coloma de Albendiego","Church of Saint Mary of Eunate","Ermita de Santa Ana","Hermitage of la Virgen del Val","Hermitage of San Miguel de Gormaz","Hermitage of San Isidro","Ermita de Nuestra Señora de la Estrella, Toledo","Mosque of Cristo de la Luz","Hermitage of Nuestra Señora de la Caridad","Ermita de Regla Santa Cruz de Tenerife","Ermita de San Telmo (Puerto de la Cruz)","Hermitage of Virgen del Puerto","Royal Chapel of St. Anthony of La Florida","Ermita de Santa Lucía","Ermita de la Virgen de la Bella","Ermita de San Valero"]},{"index":1,"name":"col1","values":["Amusco","Mambrillas de Lara","Lena","Villaviciosa","Albendiego","Muruzábal","Cádiz Province","Soria","Soria","Alcalá de Henares","Toledo","Toledo","Canary Islands","Canary Islands","Canary Islands","Madrid","Madrid","Alcalá de Henares","Castejón del Puente","Velilla de Cinca"]},{"index":2,"name":"col2","values":["Bien de Interés Cultural","Bien de Interés Cultural","Bien de Interés Cultural","Bien de Interés Cultural","Bien de Interés Cultural","Bien de Interés Cultural","Bien de Interés Cultural","Bien de Interés Cultural","Bien de Interés Cultural","Bien de Interés Cultural","Bien de Interés Cultural","Bien de Interés Cultural","Bien de Interés Cultural","Bien de Interés Cultural","Bien de Interés Cultural","Bien de Interés Cultural","Bien de Interés Cultural","Bien de Interés Cultural (initiated)","Bien Catalogado of the Aragonese Cultural Heritage","Bien Catalogado of the Aragonese Cultural Heritage"]}]},"context":{"page_title":null,"page_url":null,"page_entity_id":null,"content_hierarchy":[]},"links":[[[{"start":0,"end":19,"url":null,"entity_id":"Q142565","candidates":[]}],[{"start":0,"end":18,"url":null,"entity_id":"Q1644733","candidates":[]}],[{"start":0,"end":24,"url":null,"entity_id":"Q23712","candidates":[]}]],[[{"start":0,"end":22,"url":null,"entity_id":"Q665154","candidates":[]}],[{"start":0,"end":4,"url":null,"entity_id":"Q1031286","candidates":[]}],[{"start":0,"end":24,"url":null,"entity_id":"Q23712","candidates":[]}]],[[{"start":0,"end":37,"url":null,"entity_id":"Q5117151","candidates":[]}],[{"start":0,"end":12,"url":null,"entity_id":"Q842648","candidates":[]}],[{"start":0,"end":24,"url":null,"entity_id":"Q23712","candidates":[]}]],[[{"start":0,"end":39,"url":null,"entity_id":"Q5741881","candidates":[]}],[{"start":0,"end":10,"url":null,"entity_id":"Q181205","candidates":[]}],[{"start":0,"end":24,"url":null,"entity_id":"Q23712","candidates":[]}]],[[{"start":0,"end":30,"url":null,"entity_id":"Q520112","candidates":[]}],[{"start":0,"end":9,"url":null,"entity_id":"Q120453","candidates":[]}],[{"start":0,"end":24,"url":null,"entity_id":"Q23712","candidates":[]}]],[[{"start":0,"end":19,"url":null,"entity_id":"Q5392518","candidates":[]}],[{"start":0,"end":14,"url":null,"entity_id":"Q81978","candidates":[]}],[{"start":0,"end":24,"url":null,"entity_id":"Q23712","candidates":[]}]],[[{"start":0,"end":30,"url":null,"entity_id":"Q5741905","candidates":[]}],[{"start":0,"end":5,"url":null,"entity_id":"Q55276","candidates":[]}],[{"start":0,"end":24,"url":null,"entity_id":"Q23712","candidates":[]}]],[[{"start":0,"end":33,"url":null,"entity_id":"Q5741889","candidates":[]}],[{"start":0,"end":5,"url":null,"entity_id":"Q55276","candidates":[]}],[{"start":0,"end":24,"url":null,"entity_id":"Q23712","candidates":[]}]],[[{"start":0,"end":23,"url":null,"entity_id":"Q920742","candidates":[]}],[{"start":0,"end":17,"url":null,"entity_id":"Q46940","candidates":[]}],[{"start":0,"end":24,"url":null,"entity_id":"Q23712","candidates":[]}]],[[{"start":0,"end":47,"url":null,"entity_id":"Q5835968","candidates":[]}],[{"start":0,"end":6,"url":null,"entity_id":"Q5836","candidates":[]}],[{"start":0,"end":24,"url":null,"entity_id":"Q23712","candidates":[]}]],[[{"start":0,"end":26,"url":null,"entity_id":"Q1324080","candidates":[]}],[{"start":0,"end":6,"url":null,"entity_id":"Q5836","candidates":[]}],[{"start":0,"end":24,"url":null,"entity_id":"Q23712","candidates":[]}]],[[{"start":0,"end":41,"url":null,"entity_id":"Q5835964","candidates":[]}],[{"start":0,"end":14,"url":null,"entity_id":"Q5813","candidates":[]}],[{"start":0,"end":24,"url":null,"entity_id":"Q23712","candidates":[]}]],[[{"start":0,"end":38,"url":null,"entity_id":"Q5835958","candidates":[]}],[{"start":0,"end":14,"url":null,"entity_id":"Q5813","candidates":[]}],[{"start":0,"end":24,"url":null,"entity_id":"Q23712","candidates":[]}]],[[{"start":0,"end":39,"url":null,"entity_id":"Q2220075","candidates":[]}],[{"start":0,"end":14,"url":null,"entity_id":"Q5813","candidates":[]}],[{"start":0,"end":24,"url":null,"entity_id":"Q23712","candidates":[]}]],[[{"start":0,"end":30,"url":null,"entity_id":"Q3813365","candidates":[]}],[{"start":0,"end":6,"url":null,"entity_id":"Q2807","candidates":[]}],[{"start":0,"end":24,"url":null,"entity_id":"Q23712","candidates":[]}]],[[{"start":0,"end":41,"url":null,"entity_id":"Q3109752","candidates":[]}],[{"start":0,"end":6,"url":null,"entity_id":"Q2807","candidates":[]}],[{"start":0,"end":24,"url":null,"entity_id":"Q23712","candidates":[]}]],[[{"start":0,"end":21,"url":null,"entity_id":"Q14707756","candidates":[]}],[{"start":0,"end":17,"url":null,"entity_id":"Q46940","candidates":[]}],[{"start":0,"end":36,"url":null,"entity_id":"Q27509996","candidates":[]}]],[[{"start":0,"end":31,"url":null,"entity_id":"Q13048947","candidates":[]}],[{"start":0,"end":19,"url":null,"entity_id":"Q1651365","candidates":[]}],[{"start":0,"end":50,"url":null,"entity_id":"Q26934132","candidates":[]}]],[[{"start":0,"end":20,"url":null,"entity_id":"Q18215810","candidates":[]}],[{"start":0,"end":16,"url":null,"entity_id":"Q549900","candidates":[]}],[{"start":0,"end":50,"url":null,"entity_id":"Q26934132","candidates":[]}]],[[{"start":0,"end":50,"url":null,"entity_id":"Q5835983","candidates":[]}],[{"start":0,"end":6,"url":null,"entity_id":"Q1778135","candidates":[]}],[{"start":0,"end":24,"url":null,"entity_id":"Q23712","candidates":[]}]]]}