{"version":"1.2","table":{"version":"2","table_id":"LOG9CQ3H","columns":[{"index":0,"name":"col0","values":["Fram women's\"handball","ÍBV women's hadball","GKS WybrzeżeGdańsk","USMA-West Roint Gold","USMA-West Soint Black","New Yqrk City THC 2","New York Ciy THC 1","OppsalHåndball","Thrtnes HE","KA Haodball","D.C. Silences THD","D.C. Diplomat THC","Boston HC","New York Dthletic Club","RK Monar Bar","C.D. rimeiro de Agosto","Valur","Al-Arab","Grashopper Club Zürich","CSMBacău"]},{"index":1,"name":"col1","values":["handball","handball","handball","handball","handball","handball","handball","handball","handball","handball","handball","handball","handball","handball","handball","handball","women's handball","handball","handball","handball"]},{"index":2,"name":"col2","values":["Knattspyrnufélagið Fram","Íþróttabandalag Vestmannaeyja","Wybrzeże Gdańsk","West Point Team Handball","West Point Team Handball","New York City THC","New York City THC","Oppsal IF","Tertnes IL","Knattspyrnufélag Akureyrar","D.C. Diplomats THC","D.C. Diplomats THC","Boston THC","New York Athletic Club","Mornar Bar","Clube Desportivo Primeiro de Agosto","Valur","Al-Arabi","Grasshopper Club Zürich","CSM Bacău"]}]},"context":{"page_title":null,"page_url":null,"page_entity_id":null,"content_hierarchy":[]},"links":[[[{"start":0,"end":19,"url":null,"entity_id":"Q55638295","candidates":[]}],[{"start":0,"end":8,"url":null,"entity_id":"Q8418","candidates":[]}],[{"start":0,"end":29,"url":null,"entity_id":"Q58439861","candidates":[]}]],[[{"start":0,"end":18,"url":null,"entity_id":"Q69064066","candidates":[]}],[{"start":0,"end":8,"url":null,"entity_id":"Q8418","candidates":[]}],[{"start":0,"end":15,"url":null,"entity_id":"Q4021139","candidates":[]}]],[[{"start":0,"end":20,"url":null,"entity_id":"Q23760518","candidates":[]}],[{"start":0,"end":8,"url":null,"entity_id":"Q8418","candidates":[]}],[{"start":0,"end":24,"url":null,"entity_id":"Q48739526","candidates":[]}]],[[{"start":0,"end":21,"url":null,"entity_id":"Q23760248","candidates":[]}],[{"start":0,"end":8,"url":null,"entity_id":"Q8418","candidates":[]}],[{"start":0,"end":24,"url":null,"entity_id":"Q48739526","candidates":[]}]],[[{"start":0,"end":19,"url":null,"entity_id":"Q23760427","candidates":[]}],[{"start":0,"end":8,"url":null,"entity_id":"Q8418","candidates":[]}],[{"start":0,"end":17,"url":null,"entity_id":"Q23760243","candidates":[]}]],[[{"start":0,"end":18,"url":null,"entity_id":"Q23760234","candidates":[]}],[{"start":0,"end":8,"url":null,"entity_id":"Q8418","candidates":[]}],[{"start":0,"end":17,"url":null,"entity_id":"Q23760243","candidates":[]}]],[[{"start":0,"end":14,"url":null,"entity_id":"Q48832929","candidates":[]}],[{"start":0,"end":8,"url":null,"entity_id":"Q8418","candidates":[]}],[{"start":0,"end":9,"url":null,"entity_id":"Q3884243","candidates":[]}]],[[{"start":0,"end":10,"url":null,"entity_id":"Q48834624","candidates":[]}],[{"start":0,"end":8,"url":null,"entity_id":"Q8418","candidates":[]}],[{"start":0,"end":10,"url":null,"entity_id":"Q915436","candidates":[]}]],[[{"start":0,"end":11,"url":null,"entity_id":"Q47504186","candidates":[]}],[{"start":0,"end":8,"url":null,"entity_id":"Q8418","candidates":[]}],[{"start":0,"end":26,"url":null,"entity_id":"Q571264","candidates":[]}]],[[{"start":0,"end":17,"url":null,"entity_id":"Q23760624","candidates":[]}],[{"start":0,"end":8,"url":null,"entity_id":"Q8418","candidates":[]}],[{"start":0,"end":18,"url":null,"entity_id":"Q23760605","candidates":[]}]],[[{"start":0,"end":17,"url":null,"entity_id":"Q23760601","candidates":[]}],[{"start":0,"end":8,"url":null,"entity_id":"Q8418","candidates":[]}],[{"start":0,"end":18,"url":null,"entity_id":"Q23760605","candidates":[]}]],[[{"start":0,"end":9,"url":null,"entity_id":"Q23760304","candidates":[]}],[{"start":0,"end":8,"url":null,"entity_id":"Q8418","candidates":[]}],[{"start":0,"end":10,"url":null,"entity_id":"Q23760538","candidates":[]}]],[[{"start":0,"end":22,"url":null,"entity_id":"Q23760224","candidates":[]}],[{"start":0,"end":8,"url":null,"entity_id":"Q8418","candidates":[]}],[{"start":0,"end":22,"url":null,"entity_id":"Q1647930","candidates":[]}]],[[{"start":0,"end":12,"url":null,"entity_id":"Q17098475","candidates":[]}],[{"start":0,"end":8,"url":null,"entity_id":"Q8418","candidates":[]}],[{"start":0,"end":10,"url":null,"entity_id":"Q25877466","candidates":[]}]],[[{"start":0,"end":22,"url":null,"entity_id":"Q16540549","candidates":[]}],[{"start":0,"end":8,"url":null,"entity_id":"Q8418","candidates":[]}],[{"start":0,"end":35,"url":null,"entity_id":"Q2980331","candidates":[]}]],[[{"start":0,"end":5,"url":null,"entity_id":"Q16519572","candidates":[]}],[{"start":0,"end":16,"url":null,"entity_id":"Q20900739","candidates":[]}],[{"start":0,"end":5,"url":null,"entity_id":"Q58414784","candidates":[]}]],[[{"start":0,"end":7,"url":null,"entity_id":"Q16826644","candidates":[]}],[{"start":0,"end":8,"url":null,"entity_id":"Q8418","candidates":[]}],[{"start":0,"end":8,"url":null,"entity_id":"Q4702218","candidates":[]}]],[[{"start":0,"end":22,"url":null,"entity_id":"Q16854996","candidates":[]}],[{"start":0,"end":8,"url":null,"entity_id":"Q8418","candidates":[]}],[{"start":0,"end":23,"url":null,"entity_id":"Q201360","candidates":[]}]],[[{"start":0,"end":8,"url":null,"entity_id":"Q16248457","candidates":[]}],[{"start":0,"end":8,"url":null,"entity_id":"Q8418","candidates":[]}],[{"start":0,"end":9,"url":null,"entity_id":"Q66423904","candidates":[]}]],[[{"start":0,"end":21,"url":null,"entity_id":"Q56064030","candidates":[]}],[{"start":0,"end":8,"url":null,"entity_id":"Q8418","candidates":[]}],[{"start":0,"end":23,"url":null,"entity_id":"Q58449035","candidates":[]}]]]}