{"version":2,"table":{"version":2,"table_id":"3Y285O78","columns":[{"index":0,"name":"col0","values":["Oulu","Leonding","Schrems","Marchegg","Woerden","Voitsberg"]},{"index":1,"name":"col1","values":["15","287","532","143","","394"]},{"index":2,"name":"col2","values":["200526","28698","5404","2960","38320","9403"]}]},"context":{"version":3,"page_title":null,"page_url":null,"entities":[],"literals":[],"content_hierarchy":[]},"links":[[[{"version":2,"start":0,"end":4,"url":null,"entities":[{"id":"Q47048","type":"wikidata"}]}],[],[]],[[{"version":2,"start":0,"end":8,"url":null,"entities":[{"id":"Q487958","type":"wikidata"}]}],[],[]],[[{"version":2,"start":0,"end":7,"url":null,"entities":[{"id":"Q661484","type":"wikidata"}]}],[],[]],[[{"version":2,"start":0,"end":8,"url":null,"entities":[{"id":"Q546273","type":"wikidata"}]}],[],[]],[[{"version":2,"start":0,"end":7,"url":null,"entities":[{"id":"Q33518339","type":"wikidata"}]}],[],[]],[[{"version":2,"start":0,"end":9,"url":null,"entities":[{"id":"Q660453","type":"wikidata"}]}],[],[]]]}