{"version":2,"table":{"version":2,"table_id":"3YJE3ULK","columns":[{"index":0,"name":"col0","values":["Mount Yoko","Monte Lema"]},{"index":1,"name":"col1","values":["Mount Aka","Monte Tamaro"]}]},"context":{"version":3,"page_title":null,"page_url":null,"entities":[],"literals":[],"content_hierarchy":[]},"links":[[[{"version":2,"start":0,"end":10,"url":null,"entities":[{"id":"Q6924705","type":"wikidata"}]}],[{"version":2,"start":0,"end":9,"url":null,"entities":[{"id":"Q3915982","type":"wikidata"}]}]],[[{"version":2,"start":0,"end":10,"url":null,"entities":[{"id":"Q674610","type":"wikidata"}]}],[{"version":2,"start":0,"end":12,"url":null,"entities":[{"id":"Q15285","type":"wikidata"}]}]]]}