{"version":2,"table":{"version":2,"table_id":"3YQI5YLS","columns":[{"index":0,"name":"col0","values":["Pagador","Las Coloradas","Jondal","La Raja","Ajuy","Alcanada","Furnia"]},{"index":1,"name":"col1","values":["310","410","480","500","270","700","70"]},{"index":2,"name":"col2","values":["36","15","43","10","35","20","40"]}]},"context":{"version":3,"page_title":null,"page_url":null,"entities":[],"literals":[],"content_hierarchy":[]},"links":[[[{"version":2,"start":0,"end":7,"url":null,"entities":[{"id":"Q28120980","type":"wikidata"}]}],[],[]],[[{"version":2,"start":0,"end":13,"url":null,"entities":[{"id":"Q28119235","type":"wikidata"}]}],[],[]],[[{"version":2,"start":0,"end":6,"url":null,"entities":[{"id":"Q28120183","type":"wikidata"}]}],[],[]],[[{"version":2,"start":0,"end":7,"url":null,"entities":[{"id":"Q28120774","type":"wikidata"}]}],[],[]],[[{"version":2,"start":0,"end":4,"url":null,"entities":[{"id":"Q28115884","type":"wikidata"}]}],[],[]],[[{"version":2,"start":0,"end":8,"url":null,"entities":[{"id":"Q28120378","type":"wikidata"}]}],[],[]],[[{"version":2,"start":0,"end":6,"url":null,"entities":[{"id":"Q28120809","type":"wikidata"}]}],[],[]]]}