{"version":2,"table":{"version":2,"table_id":"3Z2F5YAM","columns":[{"index":0,"name":"col0","values":["Nordfjorden","Nordfjorden"]},{"index":1,"name":"col1","values":["Båtsfjord","Sørfold"]}]},"context":{"version":3,"page_title":null,"page_url":null,"entities":[],"literals":[],"content_hierarchy":[]},"links":[[[{"version":2,"start":0,"end":11,"url":null,"entities":[{"id":"Q11215284","type":"wikidata"}]}],[{"version":2,"start":0,"end":9,"url":null,"entities":[{"id":"Q48813","type":"wikidata"}]}]],[[{"version":2,"start":0,"end":11,"url":null,"entities":[{"id":"Q11209262","type":"wikidata"}]}],[{"version":2,"start":0,"end":7,"url":null,"entities":[{"id":"Q484097","type":"wikidata"}]}]]]}