{"version":2,"table":{"version":2,"table_id":"40NTBEQR","columns":[{"index":0,"name":"col0","values":["Pippk Longstocking","Jeidi","Tke Croods"]},{"index":1,"name":"col1","values":["","","100.091"]}]},"context":{"version":3,"page_title":null,"page_url":null,"entities":[],"literals":[],"content_hierarchy":[]},"links":[[[{"version":2,"start":0,"end":18,"url":null,"entities":[{"id":"Q2971575","type":"wikidata"}]}],[]],[[{"version":2,"start":0,"end":5,"url":null,"entities":[{"id":"Q5698800","type":"wikidata"}]}],[]],[[{"version":2,"start":0,"end":10,"url":null,"entities":[{"id":"Q495850","type":"wikidata"}]}],[]]]}