{"version":2,"table":{"version":2,"table_id":"4CBEBJWP","columns":[{"index":0,"name":"col0","values":["Alcains","Alcaide","Alcoentre","Alhadas","Santa Maria da Feira","Aldeia Velha","Alvito"]},{"index":1,"name":"col1","values":["362","617","81","76","213","171","142"]}]},"context":{"version":3,"page_title":null,"page_url":null,"entities":[],"literals":[],"content_hierarchy":[]},"links":[[[{"version":2,"start":0,"end":7,"url":null,"entities":[{"id":"Q1024258","type":"wikidata"}]}],[]],[[{"version":2,"start":0,"end":7,"url":null,"entities":[{"id":"Q1024242","type":"wikidata"}]}],[]],[[{"version":2,"start":0,"end":9,"url":null,"entities":[{"id":"Q1024159","type":"wikidata"}]}],[]],[[{"version":2,"start":0,"end":7,"url":null,"entities":[{"id":"Q1024149","type":"wikidata"}]}],[]],[[{"version":2,"start":0,"end":20,"url":null,"entities":[{"id":"Q1875895","type":"wikidata"}]}],[]],[[{"version":2,"start":0,"end":12,"url":null,"entities":[{"id":"Q1865869","type":"wikidata"}]}],[]],[[{"version":2,"start":0,"end":6,"url":null,"entities":[{"id":"Q1808151","type":"wikidata"}]}],[]]]}