{"version":2,"table":{"version":2,"table_id":"4CDAHVCU","columns":[{"index":0,"name":"col0","values":["Typhoon Rai","Typhoon Tokage"]},{"index":1,"name":"col1","values":["105","75"]}]},"context":{"version":3,"page_title":null,"page_url":null,"entities":[],"literals":[],"content_hierarchy":[]},"links":[[[{"version":2,"start":0,"end":11,"url":null,"entities":[{"id":"Q110087935","type":"wikidata"}]}],[]],[[{"version":2,"start":0,"end":14,"url":null,"entities":[{"id":"Q113576428","type":"wikidata"}]}],[]]]}