{"version":2,"table":{"version":2,"table_id":"4MV0RTCH","columns":[{"index":0,"name":"col0","values":["Sun Studio","Studio 13","Studio 13"]},{"index":1,"name":"col1","values":["Sam Phillips","Jeremy Staska","Damon Albarn"]}]},"context":{"version":3,"page_title":null,"page_url":null,"entities":[],"literals":[],"content_hierarchy":[]},"links":[[[{"version":2,"start":0,"end":10,"url":null,"entities":[{"id":"Q2516615","type":"wikidata"}]}],[{"version":2,"start":0,"end":12,"url":null,"entities":[{"id":"Q321354","type":"wikidata"}]}]],[[{"version":2,"start":0,"end":9,"url":null,"entities":[{"id":"Q106127426","type":"wikidata"}]}],[{"version":2,"start":0,"end":13,"url":null,"entities":[{"id":"Q115139978","type":"wikidata"}]}]],[[{"version":2,"start":0,"end":9,"url":null,"entities":[{"id":"Q83036446","type":"wikidata"}]}],[{"version":2,"start":0,"end":12,"url":null,"entities":[{"id":"Q272069","type":"wikidata"}]}]]]}