{"version":2,"table":{"version":2,"table_id":"4RRI6F4J","columns":[{"index":0,"name":"col0","values":["selenium.82","selenim-68","elenium-78"]},{"index":1,"name":"col1","values":["82.408199734222","67.398290637088","77.839391933757"]},{"index":2,"name":"col2","values":["-77516.288118","-54406.198764","-76255.68456000001"]}]},"context":{"version":3,"page_title":null,"page_url":null,"entities":[],"literals":[],"content_hierarchy":[]},"links":[[[{"version":2,"start":0,"end":11,"url":null,"entities":[{"id":"Q2290353","type":"wikidata"}]}],[],[]],[[{"version":2,"start":0,"end":10,"url":null,"entities":[{"id":"Q18845141","type":"wikidata"}]}],[],[]],[[{"version":2,"start":0,"end":10,"url":null,"entities":[{"id":"Q1890759","type":"wikidata"}]}],[],[]]]}