{"version":2,"table":{"version":2,"table_id":"4U73LGD7","columns":[{"index":0,"name":"col0","values":["Alcanena","Boaventura","Arnas","Castelo Branco","Arrifana","Argoncilhe"]},{"index":1,"name":"col1","values":["68","337","915","344","195","182"]}]},"context":{"version":3,"page_title":null,"page_url":null,"entities":[],"literals":[],"content_hierarchy":[]},"links":[[[{"version":2,"start":0,"end":8,"url":null,"entities":[{"id":"Q2486852","type":"wikidata"}]}],[]],[[{"version":2,"start":0,"end":10,"url":null,"entities":[{"id":"Q2469790","type":"wikidata"}]}],[]],[[{"version":2,"start":0,"end":5,"url":null,"entities":[{"id":"Q6327808","type":"wikidata"}]}],[]],[[{"version":2,"start":0,"end":14,"url":null,"entities":[{"id":"Q4218301","type":"wikidata"}]}],[]],[[{"version":2,"start":0,"end":8,"url":null,"entities":[{"id":"Q4069891","type":"wikidata"}]}],[]],[[{"version":2,"start":0,"end":10,"url":null,"entities":[{"id":"Q4068849","type":"wikidata"}]}],[]]]}