{"version":2,"table":{"version":2,"table_id":"4U7JP2CI","columns":[{"index":0,"name":"col0","values":["Rfdmi Note 11","Nokia!Lumia 510","T Phonh","BQ Aquaris F5","HUC Wilfire","Noka XL"]},{"index":1,"name":"col1","values":["4970.0","1287.0","","","",""]},{"index":2,"name":"col2","values":["","256.256","1.998","1.007","386.304","771.072"]}]},"context":{"version":3,"page_title":null,"page_url":null,"entities":[],"literals":[],"content_hierarchy":[]},"links":[[[{"version":2,"start":0,"end":13,"url":null,"entities":[{"id":"Q110879371","type":"wikidata"}]}],[],[]],[[{"version":2,"start":0,"end":15,"url":null,"entities":[{"id":"Q2844656","type":"wikidata"}]}],[],[]],[[{"version":2,"start":0,"end":7,"url":null,"entities":[{"id":"Q114339351","type":"wikidata"}]}],[],[]],[[{"version":2,"start":0,"end":13,"url":null,"entities":[{"id":"Q20714647","type":"wikidata"}]}],[],[]],[[{"version":2,"start":0,"end":11,"url":null,"entities":[{"id":"Q1566050","type":"wikidata"}]}],[],[]],[[{"version":2,"start":0,"end":7,"url":null,"entities":[{"id":"Q15939164","type":"wikidata"}]}],[],[]]]}