{"version":2,"table":{"version":2,"table_id":"4XOUF0EF","columns":[{"index":0,"name":"col0","values":["Interpol","Montgomery County Sheriff's Office"]},{"index":1,"name":"col1","values":["756","165"]}]},"context":{"version":3,"page_title":null,"page_url":null,"entities":[],"literals":[],"content_hierarchy":[]},"links":[[[{"version":2,"start":0,"end":8,"url":null,"entities":[{"id":"Q8475","type":"wikidata"}]}],[]],[[{"version":2,"start":0,"end":34,"url":null,"entities":[{"id":"Q6905717","type":"wikidata"}]}],[]]]}