{"version":2,"table":{"version":2,"table_id":"4YI6W1NP","columns":[{"index":0,"name":"col0","values":["chikungunya","bone fracture","tobacco use disorder"]},{"index":1,"name":"col1","values":["chikungunya epidemic on Réunion","bone pain","fetal nicotine spectrum disorder"]}]},"context":{"version":3,"page_title":null,"page_url":null,"entities":[],"literals":[],"content_hierarchy":[]},"links":[[[{"version":2,"start":0,"end":11,"url":null,"entities":[{"id":"Q243257","type":"wikidata"}]}],[{"version":2,"start":0,"end":31,"url":null,"entities":[{"id":"Q3589133","type":"wikidata"}]}]],[[{"version":2,"start":0,"end":13,"url":null,"entities":[{"id":"Q68833","type":"wikidata"}]}],[{"version":2,"start":0,"end":9,"url":null,"entities":[{"id":"Q3480107","type":"wikidata"}]}]],[[{"version":2,"start":0,"end":20,"url":null,"entities":[{"id":"Q152100","type":"wikidata"}]}],[{"version":2,"start":0,"end":32,"url":null,"entities":[{"id":"Q1409081","type":"wikidata"}]}]]]}