{"version":2,"table":{"version":2,"table_id":"4Z3C8723","columns":[{"index":0,"name":"col0","values":["St James railway swation","Estaio","Hwamyong Station.","30thtrget","Haneda Airport Terminal 3 Statiop","ot Ferr","Hwajeng Station."]},{"index":1,"name":"col1","values":["","1.984","1.982","4.004","2.002","3.024",""]}]},"context":{"version":3,"page_title":null,"page_url":null,"entities":[],"literals":[],"content_hierarchy":[]},"links":[[[{"version":2,"start":0,"end":24,"url":null,"entities":[{"id":"Q7593512","type":"wikidata"}]}],[]],[[{"version":2,"start":0,"end":6,"url":null,"entities":[{"id":"Q5688092","type":"wikidata"}]}],[]],[[{"version":2,"start":0,"end":17,"url":null,"entities":[{"id":"Q626177","type":"wikidata"}]}],[]],[[{"version":2,"start":0,"end":9,"url":null,"entities":[{"id":"Q4634655","type":"wikidata"}]}],[]],[[{"version":2,"start":0,"end":33,"url":null,"entities":[{"id":"Q11284112","type":"wikidata"}]}],[]],[[{"version":2,"start":0,"end":7,"url":null,"entities":[{"id":"Q11704016","type":"wikidata"}]}],[]],[[{"version":2,"start":0,"end":16,"url":null,"entities":[{"id":"Q79836","type":"wikidata"}]}],[]]]}