{"version":2,"table":{"version":2,"table_id":"50KBX6RS","columns":[{"index":0,"name":"col0","values":["Posseck in Bayern","Angeltürn"]},{"index":1,"name":"col1","values":["6.32","3.074"]}]},"context":{"version":3,"page_title":null,"page_url":null,"entities":[],"literals":[],"content_hierarchy":[]},"links":[[[{"version":2,"start":0,"end":17,"url":null,"entities":[{"id":"Q61628809","type":"wikidata"}]}],[]],[[{"version":2,"start":0,"end":9,"url":null,"entities":[{"id":"Q61533517","type":"wikidata"}]}],[]]]}