{"version":2,"table":{"version":2,"table_id":"524HB63S","columns":[{"index":0,"name":"col0","values":["Experientia","Experientia","Angelica and Medoro"]},{"index":1,"name":"col1","values":["","","Angelica and Medoro"]},{"index":2,"name":"col2","values":["Prosopographia","Prosopographia",""]}]},"context":{"version":3,"page_title":null,"page_url":null,"entities":[],"literals":[],"content_hierarchy":[]},"links":[[[{"version":2,"start":0,"end":11,"url":null,"entities":[{"id":"Q98208905","type":"wikidata"}]}],[],[{"version":2,"start":0,"end":14,"url":null,"entities":[{"id":"Q98125396","type":"wikidata"}]}]],[[{"version":2,"start":0,"end":11,"url":null,"entities":[{"id":"Q98209968","type":"wikidata"}]}],[],[{"version":2,"start":0,"end":14,"url":null,"entities":[{"id":"Q98125396","type":"wikidata"}]}]],[[{"version":2,"start":0,"end":19,"url":null,"entities":[{"id":"Q59645577","type":"wikidata"}]}],[{"version":2,"start":0,"end":19,"url":null,"entities":[{"id":"Q19912218","type":"wikidata"}]}],[]]]}