{"version":2,"table":{"version":2,"table_id":"58Q4MT7Y","columns":[{"index":0,"name":"col0","values":["Châteauenault","NRP João Cqutinho","NRP Batistb de Andrade","Dokiy","Ayscerg","French corvete Géographe"]},{"index":1,"name":"col1","values":["77.7891","84.5154","84.0775","103.664","59.47789999999999","40.138799999999996"]}]},"context":{"version":3,"page_title":null,"page_url":null,"entities":[],"literals":[],"content_hierarchy":[]},"links":[[[{"version":2,"start":0,"end":13,"url":null,"entities":[{"id":"Q18762713","type":"wikidata"}]}],[]],[[{"version":2,"start":0,"end":17,"url":null,"entities":[{"id":"Q18477170","type":"wikidata"}]}],[]],[[{"version":2,"start":0,"end":22,"url":null,"entities":[{"id":"Q16496700","type":"wikidata"}]}],[]],[[{"version":2,"start":0,"end":5,"url":null,"entities":[{"id":"Q4090368","type":"wikidata"}]}],[]],[[{"version":2,"start":0,"end":7,"url":null,"entities":[{"id":"Q4058987","type":"wikidata"}]}],[]],[[{"version":2,"start":0,"end":24,"url":null,"entities":[{"id":"Q3223459","type":"wikidata"}]}],[]]]}