{"version":2,"table":{"version":2,"table_id":"5EF37FPG","columns":[{"index":0,"name":"col0","values":["Kalflack","Bear Creek"]},{"index":1,"name":"col1","values":["35.47","20"]},{"index":2,"name":"col2","values":["228.422",""]}]},"context":{"version":3,"page_title":null,"page_url":null,"entities":[],"literals":[],"content_hierarchy":[]},"links":[[[{"version":2,"start":0,"end":8,"url":null,"entities":[{"id":"Q1910473","type":"wikidata"}]}],[],[]],[[{"version":2,"start":0,"end":10,"url":null,"entities":[{"id":"Q48796092","type":"wikidata"}]}],[],[]]]}