[{"version":1,"nodes":[{"col_index":0,"label":"col0","id":0},{"col_index":1,"label":"col1","id":1},{"col_index":2,"label":"col2","id":2},{"abs_uri":"http://www.wikidata.org/entity/Q1972","rel_uri":"wd:Q1972","approximation":false,"readable_label":"moon of Saturn (Q1972)","id":3}],"edges":[{"source":3,"target":0,"abs_uri":"http://www.w3.org/2000/01/rdf-schema#label","rel_uri":"rdfs:label","approximation":false,"readable_label":"rdfs:label","id":0},{"source":3,"target":1,"abs_uri":"http://www.wikidata.org/prop/P2233","rel_uri":"p:P2233","approximation":false,"readable_label":"semi-major axis of an orbit (P2233)","id":1},{"source":3,"target":2,"abs_uri":"http://www.wikidata.org/prop/P1096","rel_uri":"p:P1096","approximation":false,"readable_label":"orbital eccentricity (P1096)","id":2}]}]