[{"version":1,"nodes":[{"col_index":0,"label":"col0","id":0},{"col_index":1,"label":"col1","id":1},{"col_index":2,"label":"col2","id":2},{"col_index":3,"label":"col3","id":3},{"abs_uri":"http://www.wikidata.org/entity/Q39804","rel_uri":"wd:Q39804","approximation":false,"readable_label":"cruise ship (Q39804)","id":4}],"edges":[{"source":4,"target":0,"abs_uri":"http://www.w3.org/2000/01/rdf-schema#label","rel_uri":"rdfs:label","approximation":false,"readable_label":"rdfs:label","id":0},{"source":4,"target":1,"abs_uri":"http://www.wikidata.org/prop/P176","rel_uri":"p:P176","approximation":false,"readable_label":"manufacturer (P176)","id":1},{"source":4,"target":3,"abs_uri":"http://www.wikidata.org/prop/P127","rel_uri":"p:P127","approximation":false,"readable_label":"owned by (P127)","id":2},{"source":4,"target":2,"abs_uri":"http://www.wikidata.org/prop/P1083","rel_uri":"p:P1083","approximation":false,"readable_label":"maximum capacity (P1083)","id":3}]}]