[{"version":1,"nodes":[{"col_index":0,"label":"col0","id":0},{"col_index":1,"label":"col1","id":1},{"col_index":2,"label":"col2","id":2},{"abs_uri":"http://www.wikidata.org/entity/Q23039057","rel_uri":"wd:Q23039057","approximation":false,"readable_label":"bus model (Q23039057)","id":3},{"abs_uri":"http://www.wikidata.org/entity/Q56887437","rel_uri":"wd:Q56887437","approximation":false,"readable_label":"bus type (Q56887437)","id":4}],"edges":[{"source":3,"target":0,"abs_uri":"http://www.w3.org/2000/01/rdf-schema#label","rel_uri":"rdfs:label","approximation":false,"readable_label":"rdfs:label","id":0},{"source":4,"target":2,"abs_uri":"http://www.w3.org/2000/01/rdf-schema#label","rel_uri":"rdfs:label","approximation":false,"readable_label":"rdfs:label","id":1},{"source":3,"target":1,"abs_uri":"http://www.wikidata.org/prop/P1716","rel_uri":"p:P1716","approximation":false,"readable_label":"brand (P1716)","id":2},{"source":3,"target":4,"abs_uri":"http://www.wikidata.org/prop/P279","rel_uri":"p:P279","approximation":false,"readable_label":"subclass of (P279)","id":3}]}]