{"version":"1.2","table":{"version":"2","table_id":"F73TT3MI","columns":[{"index":0,"name":"col0","values":["Rugby union at the 1920 Summer Olympics","Rugby union at the 1924 Summer Olympics","Rugby union at the 1908 Summer Olympics","Rugby union at the 1900 Summer Olympics","football at the 1920 Summer Olympics","Water polo at the 1996 Summer Olympics","football at the 1908 Summer Olympics","Field hockey at the 1952 Summer Olympics","football at the 1956 Summer Olympics","football at the 1968 Summer Olympics","football at the 1924 Summer Olympics","football at the 1992 Summer Olympics","football at the 1912 Summer Olympics","Football at the 1960 Summer Olympics","football at the 1988 Summer Olympics","Football at the 1964 Summer Olympics","football at the 1980 Summer Olympics","football at the 1972 Summer Olympics","Field hockey at the 1972 Summer Olympics","Field hockey at the 1956 Summer Olympics"]},{"index":1,"name":"col1","values":["33","54","30","47","190","12","72","157","11","16","279","16","135","16","16","14","16","16","263","173"]},{"index":2,"name":"col2","values":["1","3","1","2","17","44","6","19","12","32","24","32","11","28","32","29","32","38","68","23"]}]},"context":{"page_title":null,"page_url":null,"page_entity_id":null,"content_hierarchy":[]},"links":[[[{"start":0,"end":39,"url":null,"entity_id":"Q1070530","candidates":[]}],[],[]],[[{"start":0,"end":39,"url":null,"entity_id":"Q926440","candidates":[]}],[],[]],[[{"start":0,"end":39,"url":null,"entity_id":"Q910344","candidates":[]}],[],[]],[[{"start":0,"end":36,"url":null,"entity_id":"Q838615","candidates":[]}],[],[]],[[{"start":0,"end":38,"url":null,"entity_id":"Q826612","candidates":[]}],[],[]],[[{"start":0,"end":36,"url":null,"entity_id":"Q798442","candidates":[]}],[],[]],[[{"start":0,"end":40,"url":null,"entity_id":"Q778190","candidates":[]}],[],[]],[[{"start":0,"end":36,"url":null,"entity_id":"Q755311","candidates":[]}],[],[]],[[{"start":0,"end":36,"url":null,"entity_id":"Q754576","candidates":[]}],[],[]],[[{"start":0,"end":36,"url":null,"entity_id":"Q748692","candidates":[]}],[],[]],[[{"start":0,"end":36,"url":null,"entity_id":"Q748635","candidates":[]}],[],[]],[[{"start":0,"end":36,"url":null,"entity_id":"Q748608","candidates":[]}],[],[]],[[{"start":0,"end":36,"url":null,"entity_id":"Q266973","candidates":[]}],[],[]],[[{"start":0,"end":36,"url":null,"entity_id":"Q494633","candidates":[]}],[],[]],[[{"start":0,"end":36,"url":null,"entity_id":"Q202510","candidates":[]}],[],[]],[[{"start":0,"end":36,"url":null,"entity_id":"Q176810","candidates":[]}],[],[]],[[{"start":0,"end":36,"url":null,"entity_id":"Q159181","candidates":[]}],[],[]],[[{"start":0,"end":40,"url":null,"entity_id":"Q639386","candidates":[]}],[],[]],[[{"start":0,"end":40,"url":null,"entity_id":"Q635683","candidates":[]}],[],[]],[[{"start":0,"end":39,"url":null,"entity_id":"Q1070541","candidates":[]}],[],[]]]}