{"version":"1.2","table":{"version":"2","table_id":"F7QQFO53","columns":[{"index":0,"name":"col0","values":["MiG-23","MiG-29","Ar 65","A330","Airbus A380","DB-7","Ba.65","Boeing 314","Wellington","DC-7","Ju 290","Anson","Camel","DAR 10","A-17","B-25 Mitchell","G 120","Lancaster","DC-2","T-6 Texan"]},{"index":1,"name":"col1","values":["18500","18013","24935","41100","43000","7200","6300","6000","5490","7600","6000","5791","6400","7250","5915","7600","5486","7500","6930","7400"]},{"index":2,"name":"col2","values":["13.97","11.4","441","60.3","79.8","18.6","12.1","46.36","26.27","42","42","17.22","28","12.2","14.54","20.6","10.18","102","25.9","12.8"]},{"index":3,"name":"col3","values":["5047","1600","85","1378","239","7478","219","12","11461","338","65","11029","5490","2","446","9984","533","7377","198","15495"]},{"index":4,"name":"col4","values":["16.7","17.37","330.75","58.82","72.72","14.62","9.3","32.33","19.68","37","28.64","12.88","18.75","9.54","9.67","16.1","8.11","21.11","19.1","8.85"]}]},"context":{"page_title":null,"page_url":null,"page_entity_id":null,"content_hierarchy":[]},"links":[[[{"start":0,"end":6,"url":null,"entity_id":"Q130681","candidates":[]}],[],[],[],[]],[[{"start":0,"end":5,"url":null,"entity_id":"Q29006","candidates":[]}],[],[],[],[]],[[{"start":0,"end":4,"url":null,"entity_id":"Q6478","candidates":[]}],[],[],[],[]],[[{"start":0,"end":11,"url":null,"entity_id":"Q5830","candidates":[]}],[],[],[],[]],[[{"start":0,"end":4,"url":null,"entity_id":"Q939344","candidates":[]}],[],[],[],[]],[[{"start":0,"end":5,"url":null,"entity_id":"Q904606","candidates":[]}],[],[],[],[]],[[{"start":0,"end":10,"url":null,"entity_id":"Q890166","candidates":[]}],[],[],[],[]],[[{"start":0,"end":10,"url":null,"entity_id":"Q850244","candidates":[]}],[],[],[],[]],[[{"start":0,"end":4,"url":null,"entity_id":"Q847409","candidates":[]}],[],[],[],[]],[[{"start":0,"end":6,"url":null,"entity_id":"Q819076","candidates":[]}],[],[],[],[]],[[{"start":0,"end":5,"url":null,"entity_id":"Q791469","candidates":[]}],[],[],[],[]],[[{"start":0,"end":5,"url":null,"entity_id":"Q607651","candidates":[]}],[],[],[],[]],[[{"start":0,"end":6,"url":null,"entity_id":"Q589357","candidates":[]}],[],[],[],[]],[[{"start":0,"end":4,"url":null,"entity_id":"Q541960","candidates":[]}],[],[],[],[]],[[{"start":0,"end":13,"url":null,"entity_id":"Q502117","candidates":[]}],[],[],[],[]],[[{"start":0,"end":5,"url":null,"entity_id":"Q375655","candidates":[]}],[],[],[],[]],[[{"start":0,"end":9,"url":null,"entity_id":"Q203622","candidates":[]}],[],[],[],[]],[[{"start":0,"end":4,"url":null,"entity_id":"Q142591","candidates":[]}],[],[],[],[]],[[{"start":0,"end":9,"url":null,"entity_id":"Q40021","candidates":[]}],[],[],[],[]],[[{"start":0,"end":6,"url":null,"entity_id":"Q155679","candidates":[]}],[],[],[],[]]]}