{"version":"1.2","table":{"version":"2","table_id":"F88D90B1","columns":[{"index":0,"name":"col0","values":["Barcelona–Girona–Portbou railway","Bundang Line","Everline","Songshan–Xindian line","E","F","S-tog Bx","B","C","A","H","Antelope Valley Line","Budapest HÉV Line 5","Lakeshore East line","Kitto Line","S1","Hovedstadens Letbane","Gossau–Appenzell–Wasserauen railway line","R38","Oviedo-Trubia railway line"]},{"index":1,"name":"col1","values":["Barcelona Estació de França","Wangsimni Station","Giheung Station","Xindian Station","Køge station","Ny Ellebjerg station","Farum station","Farum station","Frederikssund station","Hillerød Station","Østerport Station","Los Angeles Union Station","Batthyány tér HÉV station","Union Station","Miyakonojō Station","Herrenberg station","Ishøj station","Gossau station","Piacenza railway station","north station of Oviedo"]},{"index":2,"name":"col2","values":["Spain","South Korea","South Korea","Taiwan","Denmark","Denmark","Denmark","Denmark","Denmark","Denmark","Denmark","United States of America","Hungary","Canada","Japan","Germany","Denmark","Switzerland","Italy","Spain"]},{"index":3,"name":"col3","values":["1668 mm track gauge","1435 mm track gauge","1435 mm track gauge","1435 mm track gauge","1435 mm track gauge","1435 mm track gauge","1435 mm track gauge","1435 mm track gauge","1435 mm track gauge","1435 mm track gauge","1435 mm track gauge","1435 mm track gauge","1435 mm track gauge","1435 mm track gauge","1067 mm track gauge","1435 mm track gauge","1435 mm track gauge","1000 mm track gauge","1435 mm track gauge","1000 mm track gauge"]}]},"context":{"page_title":null,"page_url":null,"page_entity_id":null,"content_hierarchy":[]},"links":[[[{"start":0,"end":12,"url":null,"entity_id":"Q16266","candidates":[]}],[{"start":0,"end":17,"url":null,"entity_id":"Q17184","candidates":[]}],[{"start":0,"end":11,"url":null,"entity_id":"Q884","candidates":[]}],[{"start":0,"end":19,"url":null,"entity_id":"Q1999572","candidates":[]}]],[[{"start":0,"end":8,"url":null,"entity_id":"Q489609","candidates":[]}],[{"start":0,"end":15,"url":null,"entity_id":"Q16273","candidates":[]}],[{"start":0,"end":11,"url":null,"entity_id":"Q884","candidates":[]}],[{"start":0,"end":19,"url":null,"entity_id":"Q1999572","candidates":[]}]],[[{"start":0,"end":21,"url":null,"entity_id":"Q697192","candidates":[]}],[{"start":0,"end":15,"url":null,"entity_id":"Q698202","candidates":[]}],[{"start":0,"end":6,"url":null,"entity_id":"Q865","candidates":[]}],[{"start":0,"end":19,"url":null,"entity_id":"Q1999572","candidates":[]}]],[[{"start":0,"end":1,"url":null,"entity_id":"Q4624816","candidates":[]}],[{"start":0,"end":12,"url":null,"entity_id":"Q2647550","candidates":[]}],[{"start":0,"end":7,"url":null,"entity_id":"Q35","candidates":[]}],[{"start":0,"end":19,"url":null,"entity_id":"Q1999572","candidates":[]}]],[[{"start":0,"end":1,"url":null,"entity_id":"Q2133631","candidates":[]}],[{"start":0,"end":20,"url":null,"entity_id":"Q2549727","candidates":[]}],[{"start":0,"end":7,"url":null,"entity_id":"Q35","candidates":[]}],[{"start":0,"end":19,"url":null,"entity_id":"Q1999572","candidates":[]}]],[[{"start":0,"end":8,"url":null,"entity_id":"Q2127863","candidates":[]}],[{"start":0,"end":13,"url":null,"entity_id":"Q2494694","candidates":[]}],[{"start":0,"end":7,"url":null,"entity_id":"Q35","candidates":[]}],[{"start":0,"end":19,"url":null,"entity_id":"Q1999572","candidates":[]}]],[[{"start":0,"end":1,"url":null,"entity_id":"Q1903862","candidates":[]}],[{"start":0,"end":13,"url":null,"entity_id":"Q2494694","candidates":[]}],[{"start":0,"end":7,"url":null,"entity_id":"Q35","candidates":[]}],[{"start":0,"end":19,"url":null,"entity_id":"Q1999572","candidates":[]}]],[[{"start":0,"end":1,"url":null,"entity_id":"Q4452746","candidates":[]}],[{"start":0,"end":21,"url":null,"entity_id":"Q2350881","candidates":[]}],[{"start":0,"end":7,"url":null,"entity_id":"Q35","candidates":[]}],[{"start":0,"end":19,"url":null,"entity_id":"Q1999572","candidates":[]}]],[[{"start":0,"end":1,"url":null,"entity_id":"Q2323144","candidates":[]}],[{"start":0,"end":16,"url":null,"entity_id":"Q2347051","candidates":[]}],[{"start":0,"end":7,"url":null,"entity_id":"Q35","candidates":[]}],[{"start":0,"end":19,"url":null,"entity_id":"Q1999572","candidates":[]}]],[[{"start":0,"end":1,"url":null,"entity_id":"Q1891933","candidates":[]}],[{"start":0,"end":17,"url":null,"entity_id":"Q635929","candidates":[]}],[{"start":0,"end":7,"url":null,"entity_id":"Q35","candidates":[]}],[{"start":0,"end":19,"url":null,"entity_id":"Q1999572","candidates":[]}]],[[{"start":0,"end":20,"url":null,"entity_id":"Q4162507","candidates":[]}],[{"start":0,"end":25,"url":null,"entity_id":"Q198019","candidates":[]}],[{"start":0,"end":24,"url":null,"entity_id":"Q30","candidates":[]}],[{"start":0,"end":19,"url":null,"entity_id":"Q1999572","candidates":[]}]],[[{"start":0,"end":19,"url":null,"entity_id":"Q1031914","candidates":[]}],[{"start":0,"end":25,"url":null,"entity_id":"Q16507935","candidates":[]}],[{"start":0,"end":7,"url":null,"entity_id":"Q28","candidates":[]}],[{"start":0,"end":19,"url":null,"entity_id":"Q1999572","candidates":[]}]],[[{"start":0,"end":19,"url":null,"entity_id":"Q3239134","candidates":[]}],[{"start":0,"end":13,"url":null,"entity_id":"Q511316","candidates":[]}],[{"start":0,"end":6,"url":null,"entity_id":"Q16","candidates":[]}],[{"start":0,"end":19,"url":null,"entity_id":"Q1999572","candidates":[]}]],[[{"start":0,"end":10,"url":null,"entity_id":"Q871999","candidates":[]}],[{"start":0,"end":18,"url":null,"entity_id":"Q899376","candidates":[]}],[{"start":0,"end":5,"url":null,"entity_id":"Q17","candidates":[]}],[{"start":0,"end":19,"url":null,"entity_id":"Q1193463","candidates":[]}]],[[{"start":0,"end":2,"url":null,"entity_id":"Q18946157","candidates":[]}],[{"start":0,"end":18,"url":null,"entity_id":"Q440548","candidates":[]}],[{"start":0,"end":7,"url":null,"entity_id":"Q183","candidates":[]}],[{"start":0,"end":19,"url":null,"entity_id":"Q1999572","candidates":[]}]],[[{"start":0,"end":20,"url":null,"entity_id":"Q10655459","candidates":[]}],[{"start":0,"end":13,"url":null,"entity_id":"Q2277021","candidates":[]}],[{"start":0,"end":7,"url":null,"entity_id":"Q35","candidates":[]}],[{"start":0,"end":19,"url":null,"entity_id":"Q1999572","candidates":[]}]],[[{"start":0,"end":40,"url":null,"entity_id":"Q9770305","candidates":[]}],[{"start":0,"end":14,"url":null,"entity_id":"Q5846308","candidates":[]}],[{"start":0,"end":11,"url":null,"entity_id":"Q39","candidates":[]}],[{"start":0,"end":19,"url":null,"entity_id":"Q24609","candidates":[]}]],[[{"start":0,"end":3,"url":null,"entity_id":"Q29912857","candidates":[]}],[{"start":0,"end":24,"url":null,"entity_id":"Q613204","candidates":[]}],[{"start":0,"end":5,"url":null,"entity_id":"Q38","candidates":[]}],[{"start":0,"end":19,"url":null,"entity_id":"Q1999572","candidates":[]}]],[[{"start":0,"end":26,"url":null,"entity_id":"Q27979239","candidates":[]}],[{"start":0,"end":23,"url":null,"entity_id":"Q3394520","candidates":[]}],[{"start":0,"end":5,"url":null,"entity_id":"Q29","candidates":[]}],[{"start":0,"end":19,"url":null,"entity_id":"Q24609","candidates":[]}]],[[{"start":0,"end":32,"url":null,"entity_id":"Q2842129","candidates":[]}],[{"start":0,"end":27,"url":null,"entity_id":"Q800449","candidates":[]}],[{"start":0,"end":5,"url":null,"entity_id":"Q29","candidates":[]}],[{"start":0,"end":19,"url":null,"entity_id":"Q3319112","candidates":[]}]]]}