{"version":"1.2","table":{"version":"2","table_id":"F8JEJLGA","columns":[{"index":0,"name":"col0","values":["Koga","Funutsu","Houto","Izumo","Mabara","Sayaoa","Minamiarupus","Kaegawa","Sagae","Hiiashine","Higashimatsuyamd","Wajim","Miura","Toda","Shngū","Namerikaza","Iimari","Komawsushima","Shiroihi","Hakui"]},{"index":1,"name":"col1","values":["138020.53399999999","65151.578","43405.952","174166.272","37736.45","147928.77","70159.04999999999","114216.846","40506.48","47967.92","92948.11399999999","24925.552999999996","42912.88","142007.448","26996.288","32565.0","49735.685999999994","36799.066999999995","33480.14","20617.574999999997"]},{"index":2,"name":"col2","values":["124815800.0","52.541900000000005","605.30156","545.1104399999999","250.89077999999998","49.28394","263875860.0","267.01845","138.47388","205.90529999999998","64.82719999999999","422.90944","31.953849999999996","18.02629","253.64199","54.79389","91.85360999999999","44.9163","289.33470000000005","81.68629999999999"]}]},"context":{"page_title":null,"page_url":null,"page_entity_id":null,"content_hierarchy":[]},"links":[[[{"start":0,"end":7,"url":null,"entity_id":"Q825700","candidates":[]}],[],[]],[[{"start":0,"end":5,"url":null,"entity_id":"Q825272","candidates":[]}],[],[]],[[{"start":0,"end":5,"url":null,"entity_id":"Q825166","candidates":[]}],[],[]],[[{"start":0,"end":6,"url":null,"entity_id":"Q824020","candidates":[]}],[],[]],[[{"start":0,"end":6,"url":null,"entity_id":"Q824009","candidates":[]}],[],[]],[[{"start":0,"end":12,"url":null,"entity_id":"Q824000","candidates":[]}],[],[]],[[{"start":0,"end":7,"url":null,"entity_id":"Q823988","candidates":[]}],[],[]],[[{"start":0,"end":5,"url":null,"entity_id":"Q823955","candidates":[]}],[],[]],[[{"start":0,"end":9,"url":null,"entity_id":"Q823927","candidates":[]}],[],[]],[[{"start":0,"end":16,"url":null,"entity_id":"Q823907","candidates":[]}],[],[]],[[{"start":0,"end":5,"url":null,"entity_id":"Q823896","candidates":[]}],[],[]],[[{"start":0,"end":5,"url":null,"entity_id":"Q823886","candidates":[]}],[],[]],[[{"start":0,"end":4,"url":null,"entity_id":"Q823874","candidates":[]}],[],[]],[[{"start":0,"end":5,"url":null,"entity_id":"Q823526","candidates":[]}],[],[]],[[{"start":0,"end":10,"url":null,"entity_id":"Q823513","candidates":[]}],[],[]],[[{"start":0,"end":6,"url":null,"entity_id":"Q823502","candidates":[]}],[],[]],[[{"start":0,"end":12,"url":null,"entity_id":"Q823493","candidates":[]}],[],[]],[[{"start":0,"end":8,"url":null,"entity_id":"Q823489","candidates":[]}],[],[]],[[{"start":0,"end":5,"url":null,"entity_id":"Q822585","candidates":[]}],[],[]],[[{"start":0,"end":4,"url":null,"entity_id":"Q836836","candidates":[]}],[],[]]]}