{"version":"1.2","table":{"version":"2","table_id":"F97LYNRV","columns":[{"index":0,"name":"col0","values":["Ardatovsky Uyezd (SimbirskGovernorate)","Ardatovsky Uyezd (NizhnyNovgorod Governorate)","Ananyevsky U|ezd","AleksandropolCounty","Aleksadriy County","Dlatyrsky Uyezd","Augustóx County","Dubno Couoty","Gprodok County","Tuclum County","Wolmar Count","omdingen County","Wenden Count","Riga Coxnty","Pogathovskij  County","Konstantinogra County","Walk Cunty","Dvinsk Conty","Sengiley Cruqty","Hasnpoth County"]},{"index":1,"name":"col1","values":["3932.973","5288.0","9113.328","3797.398","9800.0","4880.421","1787.8949999999998","3483.0","3517.4999999999995","1996.1528","4392.964800000001","2840.0","4963.6074","5484.805199999999","6578.8305","5331.0166","5293.4012999999995","4395.6","5424.524899999999","2206.905"]},{"index":2,"name":"col2","values":["188279.87","141200.125","266559.28599999996","165006.491","416159.424","161847.995","79214.0","195253.058","112783.99999999999","51382.456","113061.672","55863.808","122965.92","392932.192","223753.392","305361.16","120826.17","239132.99999999997","150663.918","52836.537"]}]},"context":{"page_title":null,"page_url":null,"page_entity_id":null,"content_hierarchy":[]},"links":[[[{"start":0,"end":45,"url":null,"entity_id":"Q4068901","candidates":[]}],[],[]],[[{"start":0,"end":16,"url":null,"entity_id":"Q4064827","candidates":[]}],[],[]],[[{"start":0,"end":19,"url":null,"entity_id":"Q4061566","candidates":[]}],[],[]],[[{"start":0,"end":17,"url":null,"entity_id":"Q4060994","candidates":[]}],[],[]],[[{"start":0,"end":15,"url":null,"entity_id":"Q4060536","candidates":[]}],[],[]],[[{"start":0,"end":15,"url":null,"entity_id":"Q4055495","candidates":[]}],[],[]],[[{"start":0,"end":12,"url":null,"entity_id":"Q4026886","candidates":[]}],[],[]],[[{"start":0,"end":14,"url":null,"entity_id":"Q3918254","candidates":[]}],[],[]],[[{"start":0,"end":13,"url":null,"entity_id":"Q3760588","candidates":[]}],[],[]],[[{"start":0,"end":12,"url":null,"entity_id":"Q3760580","candidates":[]}],[],[]],[[{"start":0,"end":15,"url":null,"entity_id":"Q3760501","candidates":[]}],[],[]],[[{"start":0,"end":12,"url":null,"entity_id":"Q3760491","candidates":[]}],[],[]],[[{"start":0,"end":11,"url":null,"entity_id":"Q3736484","candidates":[]}],[],[]],[[{"start":0,"end":20,"url":null,"entity_id":"Q3646869","candidates":[]}],[],[]],[[{"start":0,"end":21,"url":null,"entity_id":"Q3559779","candidates":[]}],[],[]],[[{"start":0,"end":10,"url":null,"entity_id":"Q2618079","candidates":[]}],[],[]],[[{"start":0,"end":12,"url":null,"entity_id":"Q2584153","candidates":[]}],[],[]],[[{"start":0,"end":15,"url":null,"entity_id":"Q2567385","candidates":[]}],[],[]],[[{"start":0,"end":15,"url":null,"entity_id":"Q2335934","candidates":[]}],[],[]],[[{"start":0,"end":38,"url":null,"entity_id":"Q4068906","candidates":[]}],[],[]]]}