{"version":"1.2","table":{"version":"2","table_id":"FBIJAUOA","columns":[{"index":0,"name":"col0","values":["Maysville","Rossville","Union City","Forest Park","Reynolds","Tunnel Hill","Midway","Higgston","Ivey","Garfield","Fairburn","Concord","Alapaha","Bartow","Bethlehem","Martin","East Dublin","Fairmount","Cave Spring","McCaysville"]},{"index":1,"name":"col1","values":["1798","4105","19456","18468","1036","856","2121","323","1100","201","12950","336","668","286","601","381","2441","720","1200","1056"]},{"index":2,"name":"col2","values":["276","213","295","301","134","256","3","79","109","85","313","247","87","74","262","280","76","227","195","446"]},{"index":3,"name":"col3","values":["11.67818","4.683156","51.233232","24.185457","5.184224","4.158041","16.714272","8.171908","7.809559","2.059297","44.368239","2.145761","2.659009","2.928027","6.460725","6.558162","10.637322","3107985","10.532324","4.15217"]}]},"context":{"page_title":null,"page_url":null,"page_entity_id":null,"content_hierarchy":[]},"links":[[[{"start":0,"end":9,"url":null,"entity_id":"Q3261835","candidates":[]}],[],[],[]],[[{"start":0,"end":10,"url":null,"entity_id":"Q3261692","candidates":[]}],[],[],[]],[[{"start":0,"end":11,"url":null,"entity_id":"Q3261685","candidates":[]}],[],[],[]],[[{"start":0,"end":8,"url":null,"entity_id":"Q3261576","candidates":[]}],[],[],[]],[[{"start":0,"end":11,"url":null,"entity_id":"Q3261571","candidates":[]}],[],[],[]],[[{"start":0,"end":6,"url":null,"entity_id":"Q3261544","candidates":[]}],[],[],[]],[[{"start":0,"end":8,"url":null,"entity_id":"Q3261393","candidates":[]}],[],[],[]],[[{"start":0,"end":4,"url":null,"entity_id":"Q3261387","candidates":[]}],[],[],[]],[[{"start":0,"end":8,"url":null,"entity_id":"Q3261379","candidates":[]}],[],[],[]],[[{"start":0,"end":8,"url":null,"entity_id":"Q3261359","candidates":[]}],[],[],[]],[[{"start":0,"end":7,"url":null,"entity_id":"Q3261185","candidates":[]}],[],[],[]],[[{"start":0,"end":7,"url":null,"entity_id":"Q3261174","candidates":[]}],[],[],[]],[[{"start":0,"end":6,"url":null,"entity_id":"Q3261168","candidates":[]}],[],[],[]],[[{"start":0,"end":9,"url":null,"entity_id":"Q3261160","candidates":[]}],[],[],[]],[[{"start":0,"end":6,"url":null,"entity_id":"Q3261150","candidates":[]}],[],[],[]],[[{"start":0,"end":11,"url":null,"entity_id":"Q3261135","candidates":[]}],[],[],[]],[[{"start":0,"end":9,"url":null,"entity_id":"Q3261129","candidates":[]}],[],[],[]],[[{"start":0,"end":11,"url":null,"entity_id":"Q3261108","candidates":[]}],[],[],[]],[[{"start":0,"end":11,"url":null,"entity_id":"Q3261090","candidates":[]}],[],[],[]],[[{"start":0,"end":9,"url":null,"entity_id":"Q3261840","candidates":[]}],[],[],[]]]}