{"version":"1.2","table":{"version":"2","table_id":"FC3KVOXY","columns":[{"index":0,"name":"col0","values":["Kiskunfélegyháza","Szentendre","Abádszalók","Tata","Mohács","Ózd","Jászberény","Hajdúdorog","Siófok","Pápa","Kazincbarcika","Gödöllő","Gyöngyös","Vác","Baja","Salgótarján","Szekszárd","Tatabánya","Dunaújváros","Kaposvár"]},{"index":1,"name":"col1","values":["99","110","80","140","82","183","87","162","124","135","137","207","167","146","95","299","83","167","116","153"]},{"index":2,"name":"col2","values":["256.3","43.83","132.23","78.17","11223","91.56","221.35","100.65","124.66","91.47","36.7","61.98","54.1","61.63","177.61","9797","9627","91.42","52.66","11360"]}]},"context":{"page_title":null,"page_url":null,"page_entity_id":null,"content_hierarchy":[]},"links":[[[{"start":0,"end":10,"url":null,"entity_id":"Q390798","candidates":[]}],[],[]],[[{"start":0,"end":10,"url":null,"entity_id":"Q336820","candidates":[]}],[],[]],[[{"start":0,"end":4,"url":null,"entity_id":"Q329768","candidates":[]}],[],[]],[[{"start":0,"end":6,"url":null,"entity_id":"Q320798","candidates":[]}],[],[]],[[{"start":0,"end":3,"url":null,"entity_id":"Q293558","candidates":[]}],[],[]],[[{"start":0,"end":10,"url":null,"entity_id":"Q281371","candidates":[]}],[],[]],[[{"start":0,"end":10,"url":null,"entity_id":"Q252325","candidates":[]}],[],[]],[[{"start":0,"end":6,"url":null,"entity_id":"Q245126","candidates":[]}],[],[]],[[{"start":0,"end":4,"url":null,"entity_id":"Q214945","candidates":[]}],[],[]],[[{"start":0,"end":13,"url":null,"entity_id":"Q214942","candidates":[]}],[],[]],[[{"start":0,"end":7,"url":null,"entity_id":"Q209988","candidates":[]}],[],[]],[[{"start":0,"end":8,"url":null,"entity_id":"Q209983","candidates":[]}],[],[]],[[{"start":0,"end":3,"url":null,"entity_id":"Q207408","candidates":[]}],[],[]],[[{"start":0,"end":4,"url":null,"entity_id":"Q203344","candidates":[]}],[],[]],[[{"start":0,"end":11,"url":null,"entity_id":"Q189769","candidates":[]}],[],[]],[[{"start":0,"end":9,"url":null,"entity_id":"Q189761","candidates":[]}],[],[]],[[{"start":0,"end":9,"url":null,"entity_id":"Q187821","candidates":[]}],[],[]],[[{"start":0,"end":11,"url":null,"entity_id":"Q187812","candidates":[]}],[],[]],[[{"start":0,"end":8,"url":null,"entity_id":"Q184998","candidates":[]}],[],[]],[[{"start":0,"end":16,"url":null,"entity_id":"Q478038","candidates":[]}],[],[]]]}