{"version":"1.2","table":{"version":"2","table_id":"FFOQJT7B","columns":[{"index":0,"name":"col0","values":["Trxtricity","Naganadgl","oipole","alandit","Truebish","Foonius","Qwjlfish","Nidran♀","Coagunk","Nidorap♂","Muk","Veonat","Croat","Grkmer","Belsprout","Vioeplume","Golat","Tentcruel","Toselia","Vkorupi"]},{"index":1,"name":"col1","values":["Pokémon universe","Pokémon universe","Pokémon universe","Pokémon universe","Pokémon universe","Pokémon universe","Pokémon universe","Pokémon universe","Pokémon universe","Pokémon universe","Pokémon universe","Pokémon universe","Pokémon universe","Pokémon universe","Pokémon universe","Pokémon universe","Pokémon universe","Pokémon universe","Pokémon universe","Pokémon universe"]},{"index":2,"name":"col2","values":["39.68","149.1","1.8144","48.480000000000004","31.124","1.009","39.234","7.014","23.138","8.982","30.269999999999996","30.089999999999996","75.45","29.85","3.98","186.372","54.505","54.945","2.012","11.975999999999999"]},{"index":3,"name":"col3","values":["1.6032000000000002","3.6323999999999996","0.6042","59.4","60.6","19.96","50.5","40.36","69.44","49.7","121.07999999999998","99.2","178.56","89.37","69.3","121.2","159.68","159.84","30.089999999999996","79.44"]}]},"context":{"page_title":null,"page_url":null,"page_entity_id":null,"content_hierarchy":[]},"links":[[[{"start":0,"end":9,"url":null,"entity_id":"Q42861394","candidates":[]}],[{"start":0,"end":16,"url":null,"entity_id":"Q17562848","candidates":[]}],[],[]],[[{"start":0,"end":6,"url":null,"entity_id":"Q41791928","candidates":[]}],[{"start":0,"end":16,"url":null,"entity_id":"Q17562848","candidates":[]}],[],[]],[[{"start":0,"end":7,"url":null,"entity_id":"Q25578610","candidates":[]}],[{"start":0,"end":16,"url":null,"entity_id":"Q17562848","candidates":[]}],[],[]],[[{"start":0,"end":8,"url":null,"entity_id":"Q3999805","candidates":[]}],[{"start":0,"end":16,"url":null,"entity_id":"Q17562848","candidates":[]}],[],[]],[[{"start":0,"end":7,"url":null,"entity_id":"Q3747541","candidates":[]}],[{"start":0,"end":16,"url":null,"entity_id":"Q17562848","candidates":[]}],[],[]],[[{"start":0,"end":8,"url":null,"entity_id":"Q2739501","candidates":[]}],[{"start":0,"end":16,"url":null,"entity_id":"Q17562848","candidates":[]}],[],[]],[[{"start":0,"end":7,"url":null,"entity_id":"Q2725378","candidates":[]}],[{"start":0,"end":16,"url":null,"entity_id":"Q17562848","candidates":[]}],[],[]],[[{"start":0,"end":7,"url":null,"entity_id":"Q2707239","candidates":[]}],[{"start":0,"end":16,"url":null,"entity_id":"Q17562848","candidates":[]}],[],[]],[[{"start":0,"end":8,"url":null,"entity_id":"Q2555228","candidates":[]}],[{"start":0,"end":16,"url":null,"entity_id":"Q17562848","candidates":[]}],[],[]],[[{"start":0,"end":3,"url":null,"entity_id":"Q2488577","candidates":[]}],[{"start":0,"end":16,"url":null,"entity_id":"Q17562848","candidates":[]}],[],[]],[[{"start":0,"end":6,"url":null,"entity_id":"Q2486048","candidates":[]}],[{"start":0,"end":16,"url":null,"entity_id":"Q17562848","candidates":[]}],[],[]],[[{"start":0,"end":5,"url":null,"entity_id":"Q2481075","candidates":[]}],[{"start":0,"end":16,"url":null,"entity_id":"Q17562848","candidates":[]}],[],[]],[[{"start":0,"end":6,"url":null,"entity_id":"Q2363316","candidates":[]}],[{"start":0,"end":16,"url":null,"entity_id":"Q17562848","candidates":[]}],[],[]],[[{"start":0,"end":9,"url":null,"entity_id":"Q2362097","candidates":[]}],[{"start":0,"end":16,"url":null,"entity_id":"Q17562848","candidates":[]}],[],[]],[[{"start":0,"end":9,"url":null,"entity_id":"Q2346488","candidates":[]}],[{"start":0,"end":16,"url":null,"entity_id":"Q17562848","candidates":[]}],[],[]],[[{"start":0,"end":5,"url":null,"entity_id":"Q2345661","candidates":[]}],[{"start":0,"end":16,"url":null,"entity_id":"Q17562848","candidates":[]}],[],[]],[[{"start":0,"end":9,"url":null,"entity_id":"Q2345553","candidates":[]}],[{"start":0,"end":16,"url":null,"entity_id":"Q17562848","candidates":[]}],[],[]],[[{"start":0,"end":7,"url":null,"entity_id":"Q2345491","candidates":[]}],[{"start":0,"end":16,"url":null,"entity_id":"Q17562848","candidates":[]}],[],[]],[[{"start":0,"end":7,"url":null,"entity_id":"Q2311726","candidates":[]}],[{"start":0,"end":16,"url":null,"entity_id":"Q17562848","candidates":[]}],[],[]],[[{"start":0,"end":10,"url":null,"entity_id":"Q79272085","candidates":[]}],[{"start":0,"end":16,"url":null,"entity_id":"Q17562848","candidates":[]}],[],[]]]}