{"version":"1.2","table":{"version":"2","table_id":"FFZBGFXT","columns":[{"index":0,"name":"col0","values":["(6490) 1991 NR2","3392 Setouchi","9551 Kazi","6523 Clube","7267 Victormeen","699 Hela","5999 Plescia","5335 Damocles","4435 Holt","3163 Randi","24654 Fossett","22168 Weissflog","2044 Wirt","1750 Eckert","1565 Lemaître","132 Aethra","1310 Villigera","1204 Renzia","1131 Porzia","2055 Dvořák"]},{"index":1,"name":"col1","values":["1.5807074","1.5397929","1.5284974","1.5440014","1.5639266","1.54165173008299","1.5847397","1.5805761","1.5415694","1.5938025","1.5829352","1.5740929","1.5626525","1.5937182","1.5600747","1.58958788447781","1.5414529","1.5979931","1.5907944","1.5910479"]},{"index":2,"name":"col2","values":["3.744","2.74","3.743","3.755","3.143","3.68229637333426","2.976","22.081","3.094","3.195","2.206","2.736","3.2","2.259","3.226","3.62462674256026","3.245","2.928","2.867","3.03"]}]},"context":{"page_title":null,"page_url":null,"page_entity_id":null,"content_hierarchy":[]},"links":[[[{"start":0,"end":13,"url":null,"entity_id":"Q241839","candidates":[]}],[],[]],[[{"start":0,"end":9,"url":null,"entity_id":"Q238996","candidates":[]}],[],[]],[[{"start":0,"end":10,"url":null,"entity_id":"Q168418","candidates":[]}],[],[]],[[{"start":0,"end":15,"url":null,"entity_id":"Q156762","candidates":[]}],[],[]],[[{"start":0,"end":8,"url":null,"entity_id":"Q156599","candidates":[]}],[],[]],[[{"start":0,"end":12,"url":null,"entity_id":"Q155766","candidates":[]}],[],[]],[[{"start":0,"end":13,"url":null,"entity_id":"Q155278","candidates":[]}],[],[]],[[{"start":0,"end":9,"url":null,"entity_id":"Q154071","candidates":[]}],[],[]],[[{"start":0,"end":10,"url":null,"entity_id":"Q150941","candidates":[]}],[],[]],[[{"start":0,"end":13,"url":null,"entity_id":"Q149123","candidates":[]}],[],[]],[[{"start":0,"end":15,"url":null,"entity_id":"Q148216","candidates":[]}],[],[]],[[{"start":0,"end":9,"url":null,"entity_id":"Q147115","candidates":[]}],[],[]],[[{"start":0,"end":11,"url":null,"entity_id":"Q143207","candidates":[]}],[],[]],[[{"start":0,"end":13,"url":null,"entity_id":"Q140859","candidates":[]}],[],[]],[[{"start":0,"end":10,"url":null,"entity_id":"Q137980","candidates":[]}],[],[]],[[{"start":0,"end":14,"url":null,"entity_id":"Q137883","candidates":[]}],[],[]],[[{"start":0,"end":11,"url":null,"entity_id":"Q136973","candidates":[]}],[],[]],[[{"start":0,"end":11,"url":null,"entity_id":"Q136276","candidates":[]}],[],[]],[[{"start":0,"end":11,"url":null,"entity_id":"Q130010","candidates":[]}],[],[]],[[{"start":0,"end":15,"url":null,"entity_id":"Q301433","candidates":[]}],[],[]]]}