{"version":"1.2","table":{"version":"2","table_id":"FG317X6H","columns":[{"index":0,"name":"col0","values":["9 Battersea Parish boundary markers","Parish Boundary Stone, approximately 133m east by south-east of Cow Lane, Bollington","Parish boundary stone against front wall of No.60 (The Old Glass House)","Boundary Marker 60, 74 Jute Street, Aberdeen","Boundary Marker 58, 21 Elmbank Terrace, Aberdeen","Boundary Marker 9, 126 Craigton Road, Aberdeen","Boundary Marker 8, 37 Craigton Road, Aberdeen","Boundary Marker 7, 3 Craigton Road, Aberdeen","Grenspaal","Cup marked boundary stone known as Churn Milk Joan on Crow Hill, Midgley Moor, 580m north of Foster Clough Bridge","Standing cross on Prestbury Road, 150m south east of Lane End crossroads","Boundary stone 110m north west of St Mary's Church","Austrian-Slovenian-Hungarian tripoint","Kuhankuono","North Carolina-South Carolina Cornerstone","International Boundary Marker","Octonia Stone","Mason and Dixon Survey Terminal Point","Ellicott's Stone","1872 California-Nevada State Boundary Marker"]},{"index":1,"name":"col1","values":["United Kingdom","United Kingdom","United Kingdom","United Kingdom","United Kingdom","United Kingdom","United Kingdom","United Kingdom","Netherlands","United Kingdom","United Kingdom","United Kingdom","Hungary","Finland","United States of America","United States of America","United States of America","United States of America","United States of America","United States of America"]},{"index":2,"name":"col2","values":["Grade II listed building","Grade II listed building","Grade II listed building","category B listed building","category B listed building","category B listed building","category B listed building","category B listed building","Rijksmonument","scheduled monument","scheduled monument","scheduled monument","monument of local significance","registered archaeological site in Finland","place listed on the National Register of Historic Places","place listed on the National Register of Historic Places","place listed on the National Register of Historic Places","place listed on the National Register of Historic Places","place listed on the National Register of Historic Places","place listed on the National Register of Historic Places"]},{"index":3,"name":"col3","values":["political border","political border","political border","political border","political border","political border","political border","political border","political border","political border","political border","political border","Austria–Hungary border","political border","political border","political border","political border","political border","political border","political border"]}]},"context":{"page_title":null,"page_url":null,"page_entity_id":null,"content_hierarchy":[]},"links":[[[{"start":0,"end":84,"url":null,"entity_id":"Q62276516","candidates":[]}],[{"start":0,"end":14,"url":null,"entity_id":"Q145","candidates":[]}],[{"start":0,"end":24,"url":null,"entity_id":"Q15700834","candidates":[]}],[{"start":0,"end":16,"url":null,"entity_id":"Q1292279","candidates":[]}]],[[{"start":0,"end":71,"url":null,"entity_id":"Q62264993","candidates":[]}],[{"start":0,"end":14,"url":null,"entity_id":"Q145","candidates":[]}],[{"start":0,"end":24,"url":null,"entity_id":"Q15700834","candidates":[]}],[{"start":0,"end":16,"url":null,"entity_id":"Q1292279","candidates":[]}]],[[{"start":0,"end":44,"url":null,"entity_id":"Q17770466","candidates":[]}],[{"start":0,"end":14,"url":null,"entity_id":"Q145","candidates":[]}],[{"start":0,"end":26,"url":null,"entity_id":"Q10729125","candidates":[]}],[{"start":0,"end":16,"url":null,"entity_id":"Q1292279","candidates":[]}]],[[{"start":0,"end":48,"url":null,"entity_id":"Q17770445","candidates":[]}],[{"start":0,"end":14,"url":null,"entity_id":"Q145","candidates":[]}],[{"start":0,"end":26,"url":null,"entity_id":"Q10729125","candidates":[]}],[{"start":0,"end":16,"url":null,"entity_id":"Q1292279","candidates":[]}]],[[{"start":0,"end":46,"url":null,"entity_id":"Q17770278","candidates":[]}],[{"start":0,"end":14,"url":null,"entity_id":"Q145","candidates":[]}],[{"start":0,"end":26,"url":null,"entity_id":"Q10729125","candidates":[]}],[{"start":0,"end":16,"url":null,"entity_id":"Q1292279","candidates":[]}]],[[{"start":0,"end":45,"url":null,"entity_id":"Q17770269","candidates":[]}],[{"start":0,"end":14,"url":null,"entity_id":"Q145","candidates":[]}],[{"start":0,"end":26,"url":null,"entity_id":"Q10729125","candidates":[]}],[{"start":0,"end":16,"url":null,"entity_id":"Q1292279","candidates":[]}]],[[{"start":0,"end":44,"url":null,"entity_id":"Q17770241","candidates":[]}],[{"start":0,"end":14,"url":null,"entity_id":"Q145","candidates":[]}],[{"start":0,"end":26,"url":null,"entity_id":"Q10729125","candidates":[]}],[{"start":0,"end":16,"url":null,"entity_id":"Q1292279","candidates":[]}]],[[{"start":0,"end":9,"url":null,"entity_id":"Q17596353","candidates":[]}],[{"start":0,"end":11,"url":null,"entity_id":"Q55","candidates":[]}],[{"start":0,"end":13,"url":null,"entity_id":"Q916333","candidates":[]}],[{"start":0,"end":16,"url":null,"entity_id":"Q1292279","candidates":[]}]],[[{"start":0,"end":113,"url":null,"entity_id":"Q17675996","candidates":[]}],[{"start":0,"end":14,"url":null,"entity_id":"Q145","candidates":[]}],[{"start":0,"end":18,"url":null,"entity_id":"Q219538","candidates":[]}],[{"start":0,"end":16,"url":null,"entity_id":"Q1292279","candidates":[]}]],[[{"start":0,"end":72,"url":null,"entity_id":"Q17674015","candidates":[]}],[{"start":0,"end":14,"url":null,"entity_id":"Q145","candidates":[]}],[{"start":0,"end":18,"url":null,"entity_id":"Q219538","candidates":[]}],[{"start":0,"end":16,"url":null,"entity_id":"Q1292279","candidates":[]}]],[[{"start":0,"end":50,"url":null,"entity_id":"Q17671588","candidates":[]}],[{"start":0,"end":14,"url":null,"entity_id":"Q145","candidates":[]}],[{"start":0,"end":18,"url":null,"entity_id":"Q219538","candidates":[]}],[{"start":0,"end":16,"url":null,"entity_id":"Q1292279","candidates":[]}]],[[{"start":0,"end":37,"url":null,"entity_id":"Q465430","candidates":[]}],[{"start":0,"end":7,"url":null,"entity_id":"Q28","candidates":[]}],[{"start":0,"end":30,"url":null,"entity_id":"Q18363639","candidates":[]}],[{"start":0,"end":22,"url":null,"entity_id":"Q1991943","candidates":[]}]],[[{"start":0,"end":10,"url":null,"entity_id":"Q11873147","candidates":[]}],[{"start":0,"end":7,"url":null,"entity_id":"Q33","candidates":[]}],[{"start":0,"end":41,"url":null,"entity_id":"Q31027091","candidates":[]}],[{"start":0,"end":16,"url":null,"entity_id":"Q1292279","candidates":[]}]],[[{"start":0,"end":41,"url":null,"entity_id":"Q17183735","candidates":[]}],[{"start":0,"end":24,"url":null,"entity_id":"Q30","candidates":[]}],[{"start":0,"end":56,"url":null,"entity_id":"Q19558910","candidates":[]}],[{"start":0,"end":16,"url":null,"entity_id":"Q1292279","candidates":[]}]],[[{"start":0,"end":29,"url":null,"entity_id":"Q16892695","candidates":[]}],[{"start":0,"end":24,"url":null,"entity_id":"Q30","candidates":[]}],[{"start":0,"end":56,"url":null,"entity_id":"Q19558910","candidates":[]}],[{"start":0,"end":16,"url":null,"entity_id":"Q1292279","candidates":[]}]],[[{"start":0,"end":13,"url":null,"entity_id":"Q14713004","candidates":[]}],[{"start":0,"end":24,"url":null,"entity_id":"Q30","candidates":[]}],[{"start":0,"end":56,"url":null,"entity_id":"Q19558910","candidates":[]}],[{"start":0,"end":16,"url":null,"entity_id":"Q1292279","candidates":[]}]],[[{"start":0,"end":37,"url":null,"entity_id":"Q6783646","candidates":[]}],[{"start":0,"end":24,"url":null,"entity_id":"Q30","candidates":[]}],[{"start":0,"end":56,"url":null,"entity_id":"Q19558910","candidates":[]}],[{"start":0,"end":16,"url":null,"entity_id":"Q1292279","candidates":[]}]],[[{"start":0,"end":16,"url":null,"entity_id":"Q5365303","candidates":[]}],[{"start":0,"end":24,"url":null,"entity_id":"Q30","candidates":[]}],[{"start":0,"end":56,"url":null,"entity_id":"Q19558910","candidates":[]}],[{"start":0,"end":16,"url":null,"entity_id":"Q1292279","candidates":[]}]],[[{"start":0,"end":44,"url":null,"entity_id":"Q4555357","candidates":[]}],[{"start":0,"end":24,"url":null,"entity_id":"Q30","candidates":[]}],[{"start":0,"end":56,"url":null,"entity_id":"Q19558910","candidates":[]}],[{"start":0,"end":16,"url":null,"entity_id":"Q1292279","candidates":[]}]],[[{"start":0,"end":35,"url":null,"entity_id":"Q66477547","candidates":[]}],[{"start":0,"end":14,"url":null,"entity_id":"Q145","candidates":[]}],[{"start":0,"end":24,"url":null,"entity_id":"Q15700834","candidates":[]}],[{"start":0,"end":16,"url":null,"entity_id":"Q1292279","candidates":[]}]]]}