{"version":"1.2","table":{"version":"2","table_id":"FHB83N2B","columns":[{"index":0,"name":"col0","values":["Tepelská Plošina","Morne Bruce","Páramos de Jaramillo","Páramos de Minza","Páramos de Urbina","Páramo de Arcos","Páramo de Corredores","Páramos de Piñán","Altos de Boliche","Páramos del Ángel","Páramo de Las Lagunas","Mallemukfjeldet","Páramo Grande","Páramo de Pucará","Páramo Churupinto","Páramo de la Cruz","Páramo de Guintza","Páramo de Pachusala","Páramo de Monjas","Páramo San Agustín","Páramo el Tingo","Páramo de Achupallas","Páramo Hacienda Santa Lucía","Páramo Hacienda Guabo","Páramo Guabo","Páramo de Resgón","Páramo Verjón","Páramo de Chipaque","Páramo de Guanacas","Paramo El Chanchullo","Páramo de Alpachaca","Páramo de Amorgeo","Páramo de Carboncillo","Páramo de Cangan","Páramo de Soldados","Páramo de Tinajillas"]},{"index":1,"name":"col1","values":["753","23","4048","3282","3941","3419","2761","2425","3317","3840","3628","762","3213","3551","3599","4162","3442","3693","3497","3403","4124","3357","3242","3278","3242","3437","3349","2917","3495","3215","3436","3154","2249","3653","3282","3315"]},{"index":2,"name":"col2","values":["Toužim","Saint George Parish","Tungurahua Province","Tungurahua Province","Tungurahua Province","Loja Province","El Oro Province","Imbabura Province","Carchi Province","Carchi Province","Carchi Province","Northeast Greenland National Park","Pichincha Province","Pichincha Province","Cotopaxi Province","Cotopaxi Province","Cotopaxi Province","Cotopaxi Province","Cotopaxi Province","Cotopaxi Province","Cotopaxi Province","Chimborazo Province","Chimborazo Province","Chimborazo Province","Chimborazo Province","Chimborazo Province","Cundinamarca Department","Cundinamarca Department","Cauca Department","Cauca Department","Azuay Province","Azuay Province","Azuay Province","Azuay Province","Azuay Province","Azuay Province"]}]},"context":{"page_title":null,"page_url":null,"page_entity_id":null,"content_hierarchy":[]},"links":[[[{"start":0,"end":11,"url":null,"entity_id":"Q23756142","candidates":[]}],[],[{"start":0,"end":19,"url":null,"entity_id":"Q617801","candidates":[]}]],[[{"start":0,"end":20,"url":null,"entity_id":"Q23878676","candidates":[]}],[],[{"start":0,"end":19,"url":null,"entity_id":"Q504252","candidates":[]}]],[[{"start":0,"end":16,"url":null,"entity_id":"Q23877297","candidates":[]}],[],[{"start":0,"end":19,"url":null,"entity_id":"Q504252","candidates":[]}]],[[{"start":0,"end":17,"url":null,"entity_id":"Q23869990","candidates":[]}],[],[{"start":0,"end":19,"url":null,"entity_id":"Q504252","candidates":[]}]],[[{"start":0,"end":15,"url":null,"entity_id":"Q23885498","candidates":[]}],[],[{"start":0,"end":13,"url":null,"entity_id":"Q504238","candidates":[]}]],[[{"start":0,"end":20,"url":null,"entity_id":"Q23882201","candidates":[]}],[],[{"start":0,"end":15,"url":null,"entity_id":"Q466019","candidates":[]}]],[[{"start":0,"end":16,"url":null,"entity_id":"Q23875807","candidates":[]}],[],[{"start":0,"end":17,"url":null,"entity_id":"Q321863","candidates":[]}]],[[{"start":0,"end":16,"url":null,"entity_id":"Q23885713","candidates":[]}],[],[{"start":0,"end":15,"url":null,"entity_id":"Q321729","candidates":[]}]],[[{"start":0,"end":17,"url":null,"entity_id":"Q23885470","candidates":[]}],[],[{"start":0,"end":15,"url":null,"entity_id":"Q321729","candidates":[]}]],[[{"start":0,"end":21,"url":null,"entity_id":"Q23878910","candidates":[]}],[],[{"start":0,"end":15,"url":null,"entity_id":"Q321729","candidates":[]}]],[[{"start":0,"end":15,"url":null,"entity_id":"Q24819931","candidates":[]}],[],[{"start":0,"end":33,"url":null,"entity_id":"Q309276","candidates":[]}]],[[{"start":0,"end":13,"url":null,"entity_id":"Q23880166","candidates":[]}],[],[{"start":0,"end":18,"url":null,"entity_id":"Q272586","candidates":[]}]],[[{"start":0,"end":16,"url":null,"entity_id":"Q23873087","candidates":[]}],[],[{"start":0,"end":18,"url":null,"entity_id":"Q272586","candidates":[]}]],[[{"start":0,"end":17,"url":null,"entity_id":"Q23884628","candidates":[]}],[],[{"start":0,"end":17,"url":null,"entity_id":"Q241140","candidates":[]}]],[[{"start":0,"end":17,"url":null,"entity_id":"Q23882246","candidates":[]}],[],[{"start":0,"end":17,"url":null,"entity_id":"Q241140","candidates":[]}]],[[{"start":0,"end":17,"url":null,"entity_id":"Q23880360","candidates":[]}],[],[{"start":0,"end":17,"url":null,"entity_id":"Q241140","candidates":[]}]],[[{"start":0,"end":19,"url":null,"entity_id":"Q23877664","candidates":[]}],[],[{"start":0,"end":17,"url":null,"entity_id":"Q241140","candidates":[]}]],[[{"start":0,"end":16,"url":null,"entity_id":"Q23877359","candidates":[]}],[],[{"start":0,"end":17,"url":null,"entity_id":"Q241140","candidates":[]}]],[[{"start":0,"end":18,"url":null,"entity_id":"Q23873886","candidates":[]}],[],[{"start":0,"end":17,"url":null,"entity_id":"Q241140","candidates":[]}]],[[{"start":0,"end":15,"url":null,"entity_id":"Q23869787","candidates":[]}],[],[{"start":0,"end":17,"url":null,"entity_id":"Q241140","candidates":[]}]],[[{"start":0,"end":20,"url":null,"entity_id":"Q23886349","candidates":[]}],[],[{"start":0,"end":19,"url":null,"entity_id":"Q238492","candidates":[]}]],[[{"start":0,"end":27,"url":null,"entity_id":"Q23880384","candidates":[]}],[],[{"start":0,"end":19,"url":null,"entity_id":"Q238492","candidates":[]}]],[[{"start":0,"end":21,"url":null,"entity_id":"Q23880381","candidates":[]}],[],[{"start":0,"end":19,"url":null,"entity_id":"Q238492","candidates":[]}]],[[{"start":0,"end":12,"url":null,"entity_id":"Q23880193","candidates":[]}],[],[{"start":0,"end":19,"url":null,"entity_id":"Q238492","candidates":[]}]],[[{"start":0,"end":16,"url":null,"entity_id":"Q23873549","candidates":[]}],[],[{"start":0,"end":19,"url":null,"entity_id":"Q238492","candidates":[]}]],[[{"start":0,"end":13,"url":null,"entity_id":"Q23726602","candidates":[]}],[],[{"start":0,"end":23,"url":null,"entity_id":"Q232564","candidates":[]}]],[[{"start":0,"end":18,"url":null,"entity_id":"Q23725919","candidates":[]}],[],[{"start":0,"end":23,"url":null,"entity_id":"Q232564","candidates":[]}]],[[{"start":0,"end":18,"url":null,"entity_id":"Q23728868","candidates":[]}],[],[{"start":0,"end":16,"url":null,"entity_id":"Q230602","candidates":[]}]],[[{"start":0,"end":20,"url":null,"entity_id":"Q23724720","candidates":[]}],[],[{"start":0,"end":16,"url":null,"entity_id":"Q230602","candidates":[]}]],[[{"start":0,"end":19,"url":null,"entity_id":"Q23886425","candidates":[]}],[],[{"start":0,"end":14,"url":null,"entity_id":"Q220451","candidates":[]}]],[[{"start":0,"end":17,"url":null,"entity_id":"Q23885440","candidates":[]}],[],[{"start":0,"end":14,"url":null,"entity_id":"Q220451","candidates":[]}]],[[{"start":0,"end":21,"url":null,"entity_id":"Q23885278","candidates":[]}],[],[{"start":0,"end":14,"url":null,"entity_id":"Q220451","candidates":[]}]],[[{"start":0,"end":16,"url":null,"entity_id":"Q23885223","candidates":[]}],[],[{"start":0,"end":14,"url":null,"entity_id":"Q220451","candidates":[]}]],[[{"start":0,"end":18,"url":null,"entity_id":"Q23871674","candidates":[]}],[],[{"start":0,"end":14,"url":null,"entity_id":"Q220451","candidates":[]}]],[[{"start":0,"end":20,"url":null,"entity_id":"Q23869785","candidates":[]}],[],[{"start":0,"end":14,"url":null,"entity_id":"Q220451","candidates":[]}]],[[{"start":0,"end":16,"url":null,"entity_id":"Q23810797","candidates":[]}],[],[{"start":0,"end":6,"url":null,"entity_id":"Q1013898","candidates":[]}]]]}