{"version":"1.2","table":{"version":"2","table_id":"FI5HW8JO","columns":[{"index":0,"name":"col0","values":["Moro District","Pallasca District","Conchucos District","Yungay District","Cotaparaco District","Chingalpo District","Congas District","San Juan District","Ticapampa District","Ocros District","Coishco District","Quillo District","Llacllin District","Pararin District","Marca District","Pomabamba District","Carhuapampa District","Pampas District","Quinuabamba District","Bolognesi District"]},{"index":1,"name":"col1","values":["8034","2364","7391","20070","409","905","1219","6187","2462","1203","15979","11629","912","1517","1608","13834","472","3980","2200","986"]},{"index":2,"name":"col2","values":["359.35","59.77","585.24","276.68","172.85","173.2","130.03","209.24","142.29","230.55","9.21","373.83","101.1","254.85","184.84","347.92","109.78","438.18","146.6","86.88"]},{"index":3,"name":"col3","values":["426","3131","3180","2458","3008","3128","3055","2725","2556","3230","15","1252","3008","3383","2664","2948","2228","3190","3108","2800"]}]},"context":{"page_title":null,"page_url":null,"page_entity_id":null,"content_hierarchy":[]},"links":[[[{"start":0,"end":17,"url":null,"entity_id":"Q2698732","candidates":[]}],[],[],[]],[[{"start":0,"end":18,"url":null,"entity_id":"Q2698724","candidates":[]}],[],[],[]],[[{"start":0,"end":15,"url":null,"entity_id":"Q2698719","candidates":[]}],[],[],[]],[[{"start":0,"end":19,"url":null,"entity_id":"Q2698712","candidates":[]}],[],[],[]],[[{"start":0,"end":18,"url":null,"entity_id":"Q2697900","candidates":[]}],[],[],[]],[[{"start":0,"end":15,"url":null,"entity_id":"Q2697895","candidates":[]}],[],[],[]],[[{"start":0,"end":17,"url":null,"entity_id":"Q2697886","candidates":[]}],[],[],[]],[[{"start":0,"end":18,"url":null,"entity_id":"Q2697825","candidates":[]}],[],[],[]],[[{"start":0,"end":14,"url":null,"entity_id":"Q2697818","candidates":[]}],[],[],[]],[[{"start":0,"end":16,"url":null,"entity_id":"Q2697809","candidates":[]}],[],[],[]],[[{"start":0,"end":15,"url":null,"entity_id":"Q2697798","candidates":[]}],[],[],[]],[[{"start":0,"end":17,"url":null,"entity_id":"Q2697794","candidates":[]}],[],[],[]],[[{"start":0,"end":16,"url":null,"entity_id":"Q2697793","candidates":[]}],[],[],[]],[[{"start":0,"end":14,"url":null,"entity_id":"Q2697788","candidates":[]}],[],[],[]],[[{"start":0,"end":18,"url":null,"entity_id":"Q2697784","candidates":[]}],[],[],[]],[[{"start":0,"end":20,"url":null,"entity_id":"Q2697774","candidates":[]}],[],[],[]],[[{"start":0,"end":15,"url":null,"entity_id":"Q2697768","candidates":[]}],[],[],[]],[[{"start":0,"end":20,"url":null,"entity_id":"Q2697761","candidates":[]}],[],[],[]],[[{"start":0,"end":18,"url":null,"entity_id":"Q2697757","candidates":[]}],[],[],[]],[[{"start":0,"end":13,"url":null,"entity_id":"Q2698744","candidates":[]}],[],[],[]]]}