{"version":"1.2","table":{"version":"2","table_id":"FJJ3MHXH","columns":[{"index":0,"name":"col0","values":["Community Hospital Of Anaconda Ems heliport","R J Bohn Armory heliport","St Joseph's Hospital heliport","Lembo heliport","Cherry Hill heliport","Gaf Helistop heliport","Alexanders-paramus heliport","Atlantic County Helistop heliport","Sportland Pier heliport","Hackensack Umc Palisades heliport","Newton Memorial Hospital heliport","Mianecki heliport","Heaton heliport","University Hospital Rooftop heliport","St Benedict's heliport","Essex Generating Station heliport","Albert Guido Memorial heliport","Lz 1 Nldc heliport","Rutger's Helistop Sec A & B heliport","Rutgers Helistop Nr 1 heliport","Robert Wood Johnson Hospital heliport","New Brunswick Gas Distn heliport","Jersey Turnpike heliport"]},{"index":1,"name":"col1","values":["Montana","North Dakota","New Jersey","New Jersey","New Jersey","New Jersey","New Jersey","New Jersey","New Jersey","New Jersey","New Jersey","New Jersey","New Jersey","New Jersey","New Jersey","New Jersey","New Jersey","New Jersey","New Jersey","New Jersey","New Jersey","New Jersey","New Jersey"]},{"index":2,"name":"col2","values":["5320","1768","206","40","3","356","36","12","10","5","500","626","942","237","90","8","10","113","116","85","199","114","102"]}]},"context":{"page_title":null,"page_url":null,"page_entity_id":null,"content_hierarchy":[]},"links":[[[{"start":0,"end":24,"url":null,"entity_id":"Q61674972","candidates":[]}],[{"start":0,"end":12,"url":null,"entity_id":"Q1207","candidates":[]}],[]],[[{"start":0,"end":29,"url":null,"entity_id":"Q61675776","candidates":[]}],[{"start":0,"end":10,"url":null,"entity_id":"Q1408","candidates":[]}],[]],[[{"start":0,"end":14,"url":null,"entity_id":"Q61675775","candidates":[]}],[{"start":0,"end":10,"url":null,"entity_id":"Q1408","candidates":[]}],[]],[[{"start":0,"end":20,"url":null,"entity_id":"Q61675774","candidates":[]}],[{"start":0,"end":10,"url":null,"entity_id":"Q1408","candidates":[]}],[]],[[{"start":0,"end":21,"url":null,"entity_id":"Q61675773","candidates":[]}],[{"start":0,"end":10,"url":null,"entity_id":"Q1408","candidates":[]}],[]],[[{"start":0,"end":27,"url":null,"entity_id":"Q61675772","candidates":[]}],[{"start":0,"end":10,"url":null,"entity_id":"Q1408","candidates":[]}],[]],[[{"start":0,"end":33,"url":null,"entity_id":"Q61675771","candidates":[]}],[{"start":0,"end":10,"url":null,"entity_id":"Q1408","candidates":[]}],[]],[[{"start":0,"end":23,"url":null,"entity_id":"Q61675770","candidates":[]}],[{"start":0,"end":10,"url":null,"entity_id":"Q1408","candidates":[]}],[]],[[{"start":0,"end":33,"url":null,"entity_id":"Q61675769","candidates":[]}],[{"start":0,"end":10,"url":null,"entity_id":"Q1408","candidates":[]}],[]],[[{"start":0,"end":33,"url":null,"entity_id":"Q61675766","candidates":[]}],[{"start":0,"end":10,"url":null,"entity_id":"Q1408","candidates":[]}],[]],[[{"start":0,"end":17,"url":null,"entity_id":"Q61675765","candidates":[]}],[{"start":0,"end":10,"url":null,"entity_id":"Q1408","candidates":[]}],[]],[[{"start":0,"end":15,"url":null,"entity_id":"Q61675764","candidates":[]}],[{"start":0,"end":10,"url":null,"entity_id":"Q1408","candidates":[]}],[]],[[{"start":0,"end":36,"url":null,"entity_id":"Q61675762","candidates":[]}],[{"start":0,"end":10,"url":null,"entity_id":"Q1408","candidates":[]}],[]],[[{"start":0,"end":22,"url":null,"entity_id":"Q61675761","candidates":[]}],[{"start":0,"end":10,"url":null,"entity_id":"Q1408","candidates":[]}],[]],[[{"start":0,"end":33,"url":null,"entity_id":"Q61675759","candidates":[]}],[{"start":0,"end":10,"url":null,"entity_id":"Q1408","candidates":[]}],[]],[[{"start":0,"end":30,"url":null,"entity_id":"Q61675758","candidates":[]}],[{"start":0,"end":10,"url":null,"entity_id":"Q1408","candidates":[]}],[]],[[{"start":0,"end":18,"url":null,"entity_id":"Q61675757","candidates":[]}],[{"start":0,"end":10,"url":null,"entity_id":"Q1408","candidates":[]}],[]],[[{"start":0,"end":36,"url":null,"entity_id":"Q61675756","candidates":[]}],[{"start":0,"end":10,"url":null,"entity_id":"Q1408","candidates":[]}],[]],[[{"start":0,"end":30,"url":null,"entity_id":"Q61675755","candidates":[]}],[{"start":0,"end":10,"url":null,"entity_id":"Q1408","candidates":[]}],[]],[[{"start":0,"end":37,"url":null,"entity_id":"Q61675754","candidates":[]}],[{"start":0,"end":10,"url":null,"entity_id":"Q1408","candidates":[]}],[]],[[{"start":0,"end":32,"url":null,"entity_id":"Q61675753","candidates":[]}],[{"start":0,"end":10,"url":null,"entity_id":"Q1408","candidates":[]}],[]],[[{"start":0,"end":24,"url":null,"entity_id":"Q61675751","candidates":[]}],[{"start":0,"end":10,"url":null,"entity_id":"Q1408","candidates":[]}],[]],[[{"start":0,"end":43,"url":null,"entity_id":"Q61674733","candidates":[]}],[{"start":0,"end":7,"url":null,"entity_id":"Q1212","candidates":[]}],[]]]}