{"version":"1.2","table":{"version":"2","table_id":"FKPYL30M","columns":[{"index":0,"name":"col0","values":["[MRD2012] 1294","[H97b] 20411","[H97b] 10331","2MASS J05350844-0507135","COUP 870","JW 540","MLLA 83","2MASS J05342865-0508043","JW 741","[AD95] 1561","2MASS J05351015-0527574","2MASS J05352633-0510503","2MASS J05344851-0507109","[MRD2012] 446","2MASS J05352269-0521412","TKK 1270","[DRS2009] 1641","TKK 1257","[DRS2009] 1458","[H97b] 20514"]},{"index":1,"name":"col1","values":["-5.4723973617933","-5.302083","-5.1300792130637","-5.1204081491732","-5.4067256613202","-5.4163030807513","-5.4210431534953","-5.1345175232937","-5.4159444266411","-5.3227690079173","-5.4660858864897","-5.1806673212252","-5.119705052099","-5.393056","-5.361389","-5.2699902397348","-5.253609481364","-5.2646939127615","-5.3107675147471","-5.270917"]},{"index":2,"name":"col2","values":["83.7668540377552","83.879208","83.7437299062997","83.7852260734988","83.82195846284","83.8213406952146","83.8097533263787","83.6193877253905","83.8486446282554","83.5609143966374","83.7923155928068","83.8597351399977","83.7021470267815","83.82475","83.844625","83.9606664831281","83.9577114219009","83.9542931257746","83.8498871385449","83.824042"]},{"index":3,"name":"col3","values":["Orion","Orion","Orion","Orion","Orion","Orion","Orion","Orion","Orion","Orion","Orion","Orion","Orion","Orion","Orion","Orion","Orion","Orion","Orion","Orion"]}]},"context":{"page_title":null,"page_url":null,"page_entity_id":null,"content_hierarchy":[]},"links":[[[{"start":0,"end":12,"url":null,"entity_id":"Q78244456","candidates":[]}],[],[],[{"start":0,"end":5,"url":null,"entity_id":"Q8860","candidates":[]}]],[[{"start":0,"end":12,"url":null,"entity_id":"Q78244437","candidates":[]}],[],[],[{"start":0,"end":5,"url":null,"entity_id":"Q8860","candidates":[]}]],[[{"start":0,"end":23,"url":null,"entity_id":"Q78244193","candidates":[]}],[],[],[{"start":0,"end":5,"url":null,"entity_id":"Q8860","candidates":[]}]],[[{"start":0,"end":8,"url":null,"entity_id":"Q78244131","candidates":[]}],[],[],[{"start":0,"end":5,"url":null,"entity_id":"Q8860","candidates":[]}]],[[{"start":0,"end":6,"url":null,"entity_id":"Q78244027","candidates":[]}],[],[],[{"start":0,"end":5,"url":null,"entity_id":"Q8860","candidates":[]}]],[[{"start":0,"end":7,"url":null,"entity_id":"Q78243844","candidates":[]}],[],[],[{"start":0,"end":5,"url":null,"entity_id":"Q8860","candidates":[]}]],[[{"start":0,"end":23,"url":null,"entity_id":"Q78243836","candidates":[]}],[],[],[{"start":0,"end":5,"url":null,"entity_id":"Q8860","candidates":[]}]],[[{"start":0,"end":6,"url":null,"entity_id":"Q78243821","candidates":[]}],[],[],[{"start":0,"end":5,"url":null,"entity_id":"Q8860","candidates":[]}]],[[{"start":0,"end":11,"url":null,"entity_id":"Q78243649","candidates":[]}],[],[],[{"start":0,"end":5,"url":null,"entity_id":"Q8860","candidates":[]}]],[[{"start":0,"end":23,"url":null,"entity_id":"Q78243628","candidates":[]}],[],[],[{"start":0,"end":5,"url":null,"entity_id":"Q8860","candidates":[]}]],[[{"start":0,"end":23,"url":null,"entity_id":"Q78243513","candidates":[]}],[],[],[{"start":0,"end":5,"url":null,"entity_id":"Q8860","candidates":[]}]],[[{"start":0,"end":23,"url":null,"entity_id":"Q78243434","candidates":[]}],[],[],[{"start":0,"end":5,"url":null,"entity_id":"Q8860","candidates":[]}]],[[{"start":0,"end":13,"url":null,"entity_id":"Q78243231","candidates":[]}],[],[],[{"start":0,"end":5,"url":null,"entity_id":"Q8860","candidates":[]}]],[[{"start":0,"end":23,"url":null,"entity_id":"Q78243121","candidates":[]}],[],[],[{"start":0,"end":5,"url":null,"entity_id":"Q8860","candidates":[]}]],[[{"start":0,"end":8,"url":null,"entity_id":"Q78242793","candidates":[]}],[],[],[{"start":0,"end":5,"url":null,"entity_id":"Q8860","candidates":[]}]],[[{"start":0,"end":14,"url":null,"entity_id":"Q78242752","candidates":[]}],[],[],[{"start":0,"end":5,"url":null,"entity_id":"Q8860","candidates":[]}]],[[{"start":0,"end":8,"url":null,"entity_id":"Q78242666","candidates":[]}],[],[],[{"start":0,"end":5,"url":null,"entity_id":"Q8860","candidates":[]}]],[[{"start":0,"end":14,"url":null,"entity_id":"Q78242603","candidates":[]}],[],[],[{"start":0,"end":5,"url":null,"entity_id":"Q8860","candidates":[]}]],[[{"start":0,"end":12,"url":null,"entity_id":"Q78242258","candidates":[]}],[],[],[{"start":0,"end":5,"url":null,"entity_id":"Q8860","candidates":[]}]],[[{"start":0,"end":14,"url":null,"entity_id":"Q78244499","candidates":[]}],[],[],[{"start":0,"end":5,"url":null,"entity_id":"Q8860","candidates":[]}]]]}