{"version":"1.2","table":{"version":"2","table_id":"FM1GZ1OF","columns":[{"index":0,"name":"col0","values":["Valde","Cruz Talmerón Acosta","Libertadpr","Crspo","Andés Eloy Blanco","Sa Rafael de Onoto","Bqlívar","Tinauilmo","Girardt","Rómulo Gallegov","Arispendi","Maucano","Santa Mbría de Ipire","Sdn José de Guaribe","Julián Mhllado","Las Percedes","Ortiz","Chaguarama","Cadguán","José Tado Monagas"]},{"index":1,"name":"col1","values":["592.02","606.492","436.03099999999995","874.125","705.168","187.93499999999997","530.058","720.4259999999999","3464.532","722.1","20.7414","42.699","4571.745","1122.36","2997.9149999999995","7652.545","4157.902999999999","2079.345","1158.18","3488.47"]},{"index":2,"name":"col2","values":["13.116999999999999","15.044999999999998","904.455","781.0","1350.0379999999998","162.288","115.768","429.276","65.604","120.83999999999999","145.971","6.005999999999999","125.62499999999999","227.22699999999998","164.63","163.16299999999998","188.188","182.085","60.059999999999995","100.293"]},{"index":3,"name":"col3","values":["Sucre","Sucre","Capital District","Lara","Lara","Portuguesa","Monagas","Cojedes","Cojedes","Cojedes","Nueva Esparta","Nueva Esparta","Guárico","Guárico","Guárico","Guárico","Guárico","Guárico","Guárico","Guárico"]}]},"context":{"page_title":null,"page_url":null,"page_entity_id":null,"content_hierarchy":[]},"links":[[[{"start":0,"end":20,"url":null,"entity_id":"Q2203040","candidates":[]}],[],[],[{"start":0,"end":5,"url":null,"entity_id":"Q205824","candidates":[]}]],[[{"start":0,"end":10,"url":null,"entity_id":"Q887222","candidates":[]}],[],[],[{"start":0,"end":16,"url":null,"entity_id":"Q492791","candidates":[]}]],[[{"start":0,"end":5,"url":null,"entity_id":"Q1913811","candidates":[]}],[],[],[{"start":0,"end":4,"url":null,"entity_id":"Q205796","candidates":[]}]],[[{"start":0,"end":17,"url":null,"entity_id":"Q524054","candidates":[]}],[],[],[{"start":0,"end":4,"url":null,"entity_id":"Q205796","candidates":[]}]],[[{"start":0,"end":18,"url":null,"entity_id":"Q583005","candidates":[]}],[],[],[{"start":0,"end":10,"url":null,"entity_id":"Q205784","candidates":[]}]],[[{"start":0,"end":7,"url":null,"entity_id":"Q1939178","candidates":[]}],[],[],[{"start":0,"end":7,"url":null,"entity_id":"Q205776","candidates":[]}]],[[{"start":0,"end":9,"url":null,"entity_id":"Q1960062","candidates":[]}],[],[],[{"start":0,"end":7,"url":null,"entity_id":"Q205460","candidates":[]}]],[[{"start":0,"end":7,"url":null,"entity_id":"Q922530","candidates":[]}],[],[],[{"start":0,"end":7,"url":null,"entity_id":"Q205460","candidates":[]}]],[[{"start":0,"end":15,"url":null,"entity_id":"Q744445","candidates":[]}],[],[],[{"start":0,"end":7,"url":null,"entity_id":"Q205460","candidates":[]}]],[[{"start":0,"end":9,"url":null,"entity_id":"Q1925791","candidates":[]}],[],[],[{"start":0,"end":13,"url":null,"entity_id":"Q204876","candidates":[]}]],[[{"start":0,"end":7,"url":null,"entity_id":"Q748134","candidates":[]}],[],[],[{"start":0,"end":13,"url":null,"entity_id":"Q204876","candidates":[]}]],[[{"start":0,"end":20,"url":null,"entity_id":"Q1581813","candidates":[]}],[],[],[{"start":0,"end":7,"url":null,"entity_id":"Q202075","candidates":[]}]],[[{"start":0,"end":19,"url":null,"entity_id":"Q1581067","candidates":[]}],[],[],[{"start":0,"end":7,"url":null,"entity_id":"Q202075","candidates":[]}]],[[{"start":0,"end":14,"url":null,"entity_id":"Q1581019","candidates":[]}],[],[],[{"start":0,"end":7,"url":null,"entity_id":"Q202075","candidates":[]}]],[[{"start":0,"end":12,"url":null,"entity_id":"Q1450597","candidates":[]}],[],[],[{"start":0,"end":7,"url":null,"entity_id":"Q202075","candidates":[]}]],[[{"start":0,"end":5,"url":null,"entity_id":"Q1308380","candidates":[]}],[],[],[{"start":0,"end":7,"url":null,"entity_id":"Q202075","candidates":[]}]],[[{"start":0,"end":10,"url":null,"entity_id":"Q1058857","candidates":[]}],[],[],[{"start":0,"end":7,"url":null,"entity_id":"Q202075","candidates":[]}]],[[{"start":0,"end":7,"url":null,"entity_id":"Q1027967","candidates":[]}],[],[],[{"start":0,"end":7,"url":null,"entity_id":"Q202075","candidates":[]}]],[[{"start":0,"end":17,"url":null,"entity_id":"Q968095","candidates":[]}],[],[],[{"start":0,"end":7,"url":null,"entity_id":"Q202075","candidates":[]}]],[[{"start":0,"end":5,"url":null,"entity_id":"Q2230534","candidates":[]}],[],[],[{"start":0,"end":5,"url":null,"entity_id":"Q205824","candidates":[]}]]]}