{"version":"1.2","table":{"version":"2","table_id":"FNIFPPMZ","columns":[{"index":0,"name":"col0","values":["2017 Tour de France, Stage 3","2016 Tour of California, Stage 4","2016 Tour of California, Stage 7","2016 Tour of California, Stage 1","2016 Vuelta a Burgos, Stage 3","2017 Volta a Catalunya, Stage 4","2017 Tour of the Basque Country, Stage 1","2017 Volta a Catalunya, Stage 7","2016 Tour Down Under, Stage 2","2016 Four Days of Dunkirk, Stage 4","2015 Tour de l'Avenir, stage 3","2015 Tour de l'Avenir, stage 1","2015 Tour de l'Avenir, stage 2","2016 Four Days of Dunkirk, Stage 3","2016 Tour de France, Stage 2","2016 Tour de France, Stage 16","2016 Giro d'Italia, Stage 5","2016 Giro d'Italia, Stage 11","2015 Eneco Tour, Stage 5","2015 Vuelta a España, Stage 7"]},{"index":1,"name":"col1","values":["road bicycle racing","road bicycle racing","road bicycle racing","road bicycle racing","road bicycle racing","road bicycle racing","road bicycle racing","road bicycle racing","road bicycle racing","road bicycle racing","road bicycle racing","road bicycle racing","road bicycle racing","road bicycle racing","road bicycle racing","road bicycle racing","road bicycle racing","road bicycle racing","road bicycle racing","road bicycle racing"]},{"index":2,"name":"col2","values":["Verviers","Morro Bay","Santa Rosa","San Diego","Sedano","Llívia","Pamplona","Barcelona","Unley","Audruicq","Champagnole","Chablis","Avallon","Béthune","Saint-Lô","Moirans-en-Montagne","Praia a Mare","Modena","Riemst","Jódar"]},{"index":3,"name":"col3","values":["2017-07-03","2016-05-18","2016-05-21","2016-05-15","2016-08-04","2017-03-23","2017-04-03","2017-03-26","2016-01-20","2016-05-07","2015-08-25","2015-08-23","2015-08-24","2016-05-06","2016-07-03","2016-07-18","2016-05-11","2016-05-18","2015-08-14","2015-08-28"]},{"index":4,"name":"col4","values":["Luxembourg","United States of America","United States of America","United States of America","Spain","Spain","Spain","Spain","Australia","France","France","France","France","France","France","Switzerland","Italy","Italy","Belgium","Spain"]}]},"context":{"page_title":null,"page_url":null,"page_entity_id":null,"content_hierarchy":[]},"links":[[[{"start":0,"end":32,"url":null,"entity_id":"Q24070597","candidates":[]}],[{"start":0,"end":19,"url":null,"entity_id":"Q3609","candidates":[]}],[{"start":0,"end":9,"url":null,"entity_id":"Q605491","candidates":[]}],[],[{"start":0,"end":24,"url":null,"entity_id":"Q30","candidates":[]}]],[[{"start":0,"end":32,"url":null,"entity_id":"Q24070601","candidates":[]}],[{"start":0,"end":19,"url":null,"entity_id":"Q3609","candidates":[]}],[{"start":0,"end":10,"url":null,"entity_id":"Q212991","candidates":[]}],[],[{"start":0,"end":24,"url":null,"entity_id":"Q30","candidates":[]}]],[[{"start":0,"end":32,"url":null,"entity_id":"Q24070577","candidates":[]}],[{"start":0,"end":19,"url":null,"entity_id":"Q3609","candidates":[]}],[{"start":0,"end":9,"url":null,"entity_id":"Q16552","candidates":[]}],[],[{"start":0,"end":24,"url":null,"entity_id":"Q30","candidates":[]}]],[[{"start":0,"end":29,"url":null,"entity_id":"Q26209139","candidates":[]}],[{"start":0,"end":19,"url":null,"entity_id":"Q3609","candidates":[]}],[{"start":0,"end":6,"url":null,"entity_id":"Q6123386","candidates":[]}],[],[{"start":0,"end":5,"url":null,"entity_id":"Q29","candidates":[]}]],[[{"start":0,"end":31,"url":null,"entity_id":"Q27827492","candidates":[]}],[{"start":0,"end":19,"url":null,"entity_id":"Q3609","candidates":[]}],[{"start":0,"end":6,"url":null,"entity_id":"Q13745","candidates":[]}],[],[{"start":0,"end":5,"url":null,"entity_id":"Q29","candidates":[]}]],[[{"start":0,"end":40,"url":null,"entity_id":"Q27827529","candidates":[]}],[{"start":0,"end":19,"url":null,"entity_id":"Q3609","candidates":[]}],[{"start":0,"end":8,"url":null,"entity_id":"Q10282","candidates":[]}],[],[{"start":0,"end":5,"url":null,"entity_id":"Q29","candidates":[]}]],[[{"start":0,"end":31,"url":null,"entity_id":"Q27827495","candidates":[]}],[{"start":0,"end":19,"url":null,"entity_id":"Q3609","candidates":[]}],[{"start":0,"end":9,"url":null,"entity_id":"Q1492","candidates":[]}],[],[{"start":0,"end":5,"url":null,"entity_id":"Q29","candidates":[]}]],[[{"start":0,"end":29,"url":null,"entity_id":"Q21934630","candidates":[]}],[{"start":0,"end":19,"url":null,"entity_id":"Q3609","candidates":[]}],[{"start":0,"end":5,"url":null,"entity_id":"Q4005998","candidates":[]}],[],[{"start":0,"end":9,"url":null,"entity_id":"Q408","candidates":[]}]],[[{"start":0,"end":34,"url":null,"entity_id":"Q21571739","candidates":[]}],[{"start":0,"end":19,"url":null,"entity_id":"Q3609","candidates":[]}],[{"start":0,"end":8,"url":null,"entity_id":"Q853600","candidates":[]}],[],[{"start":0,"end":6,"url":null,"entity_id":"Q142","candidates":[]}]],[[{"start":0,"end":30,"url":null,"entity_id":"Q20730644","candidates":[]}],[{"start":0,"end":19,"url":null,"entity_id":"Q3609","candidates":[]}],[{"start":0,"end":11,"url":null,"entity_id":"Q477013","candidates":[]}],[],[{"start":0,"end":6,"url":null,"entity_id":"Q142","candidates":[]}]],[[{"start":0,"end":30,"url":null,"entity_id":"Q20730642","candidates":[]}],[{"start":0,"end":19,"url":null,"entity_id":"Q3609","candidates":[]}],[{"start":0,"end":7,"url":null,"entity_id":"Q331232","candidates":[]}],[],[{"start":0,"end":6,"url":null,"entity_id":"Q142","candidates":[]}]],[[{"start":0,"end":30,"url":null,"entity_id":"Q20730643","candidates":[]}],[{"start":0,"end":19,"url":null,"entity_id":"Q3609","candidates":[]}],[{"start":0,"end":7,"url":null,"entity_id":"Q207572","candidates":[]}],[],[{"start":0,"end":6,"url":null,"entity_id":"Q142","candidates":[]}]],[[{"start":0,"end":34,"url":null,"entity_id":"Q21571738","candidates":[]}],[{"start":0,"end":19,"url":null,"entity_id":"Q3609","candidates":[]}],[{"start":0,"end":7,"url":null,"entity_id":"Q207145","candidates":[]}],[],[{"start":0,"end":6,"url":null,"entity_id":"Q142","candidates":[]}]],[[{"start":0,"end":28,"url":null,"entity_id":"Q20738921","candidates":[]}],[{"start":0,"end":19,"url":null,"entity_id":"Q3609","candidates":[]}],[{"start":0,"end":8,"url":null,"entity_id":"Q181704","candidates":[]}],[],[{"start":0,"end":6,"url":null,"entity_id":"Q142","candidates":[]}]],[[{"start":0,"end":29,"url":null,"entity_id":"Q21155401","candidates":[]}],[{"start":0,"end":19,"url":null,"entity_id":"Q3609","candidates":[]}],[{"start":0,"end":19,"url":null,"entity_id":"Q820053","candidates":[]}],[],[{"start":0,"end":11,"url":null,"entity_id":"Q39","candidates":[]}]],[[{"start":0,"end":27,"url":null,"entity_id":"Q21074490","candidates":[]}],[{"start":0,"end":19,"url":null,"entity_id":"Q3609","candidates":[]}],[{"start":0,"end":12,"url":null,"entity_id":"Q53938","candidates":[]}],[],[{"start":0,"end":5,"url":null,"entity_id":"Q38","candidates":[]}]],[[{"start":0,"end":28,"url":null,"entity_id":"Q21074496","candidates":[]}],[{"start":0,"end":19,"url":null,"entity_id":"Q3609","candidates":[]}],[{"start":0,"end":6,"url":null,"entity_id":"Q279","candidates":[]}],[],[{"start":0,"end":5,"url":null,"entity_id":"Q38","candidates":[]}]],[[{"start":0,"end":24,"url":null,"entity_id":"Q20670200","candidates":[]}],[{"start":0,"end":19,"url":null,"entity_id":"Q3609","candidates":[]}],[{"start":0,"end":6,"url":null,"entity_id":"Q736097","candidates":[]}],[],[{"start":0,"end":7,"url":null,"entity_id":"Q31","candidates":[]}]],[[{"start":0,"end":29,"url":null,"entity_id":"Q20680813","candidates":[]}],[{"start":0,"end":19,"url":null,"entity_id":"Q3609","candidates":[]}],[{"start":0,"end":5,"url":null,"entity_id":"Q1641632","candidates":[]}],[],[{"start":0,"end":5,"url":null,"entity_id":"Q29","candidates":[]}]],[[{"start":0,"end":28,"url":null,"entity_id":"Q27437586","candidates":[]}],[{"start":0,"end":19,"url":null,"entity_id":"Q3609","candidates":[]}],[{"start":0,"end":8,"url":null,"entity_id":"Q202954","candidates":[]}],[],[{"start":0,"end":10,"url":null,"entity_id":"Q32","candidates":[]}]]]}