{"version":"1.2","table":{"version":"2","table_id":"FNQO4H9R","columns":[{"index":0,"name":"col0","values":["Archaeological Museum of Chiavari","Museo archeologico nazionale (Fratta Polesine)","Museo archeologico nazionale delle Marche","Archaeological Museum of Aidone","Archeological Museum La Civitella","Antiquarium di Boscoreale","musée du Pays châtillonnais","Museo Civico 'Giuseppe Fiorelli'","Butuan National Museum","Museo civico per la preistoria del monte Cetona","Staatliches Museum für Archäologie Chemnitz","Archaeological Museum of Badajoz","Museo Arqueológico Comarcal de Bañolas","Territorial Archaeological Museum of Penisola Sorrentina \"Georges Vallet\"","Archaeological museum of Messene","Museo civico archeologico di Villa Mirabello","Tarquinia National Museum","Musée lapidaire d'Avignon","Giovanni Rambotti Civic Archaeological Museum","Archaeology Museum of Catalonia (Barcelona)"]},{"index":1,"name":"col1","values":["1985-01-01","2009-02-21","1863-01-01","1984-01-01","2000-11-18","1991-01-01","1882-01-01","1905-01-01","1975-01-01","1990-01-01","2014-01-01","1867-01-01","1933-01-01","1999-01-01","1968-01-01","1871-01-01","1924-01-01","1620-01-01","1990-01-01","1935-01-01"]},{"index":2,"name":"col2","values":["1985-01-01","2009-02-21","1863-01-01","1984-01-01","2000-11-18","1991-01-01","2009-07-04","1905-01-01","1974-01-01","1990-01-01","2014-05-15","1989-01-01","1933-01-01","1999-01-01","1968-01-01","1871-01-01","1924-01-01","1933-01-01","1990-01-01","1935-01-01"]}]},"context":{"page_title":null,"page_url":null,"page_entity_id":null,"content_hierarchy":[]},"links":[[[{"start":0,"end":46,"url":null,"entity_id":"Q3867713","candidates":[]}],[],[]],[[{"start":0,"end":41,"url":null,"entity_id":"Q3867709","candidates":[]}],[],[]],[[{"start":0,"end":31,"url":null,"entity_id":"Q3867682","candidates":[]}],[],[]],[[{"start":0,"end":33,"url":null,"entity_id":"Q3867665","candidates":[]}],[],[]],[[{"start":0,"end":25,"url":null,"entity_id":"Q3618774","candidates":[]}],[],[]],[[{"start":0,"end":27,"url":null,"entity_id":"Q3330370","candidates":[]}],[],[]],[[{"start":0,"end":32,"url":null,"entity_id":"Q21552075","candidates":[]}],[],[]],[[{"start":0,"end":22,"url":null,"entity_id":"Q21139920","candidates":[]}],[],[]],[[{"start":0,"end":47,"url":null,"entity_id":"Q20009252","candidates":[]}],[],[]],[[{"start":0,"end":43,"url":null,"entity_id":"Q18334235","candidates":[]}],[],[]],[[{"start":0,"end":32,"url":null,"entity_id":"Q18185160","candidates":[]}],[],[]],[[{"start":0,"end":38,"url":null,"entity_id":"Q17043411","candidates":[]}],[],[]],[[{"start":0,"end":73,"url":null,"entity_id":"Q16336782","candidates":[]}],[],[]],[[{"start":0,"end":32,"url":null,"entity_id":"Q16336594","candidates":[]}],[],[]],[[{"start":0,"end":44,"url":null,"entity_id":"Q16335817","candidates":[]}],[],[]],[[{"start":0,"end":25,"url":null,"entity_id":"Q15961522","candidates":[]}],[],[]],[[{"start":0,"end":25,"url":null,"entity_id":"Q15952870","candidates":[]}],[],[]],[[{"start":0,"end":45,"url":null,"entity_id":"Q15939615","candidates":[]}],[],[]],[[{"start":0,"end":43,"url":null,"entity_id":"Q15807030","candidates":[]}],[],[]],[[{"start":0,"end":33,"url":null,"entity_id":"Q3867722","candidates":[]}],[],[]]]}