{"version":"1.2","table":{"version":"2","table_id":"FQQMOXPS","columns":[{"index":0,"name":"col0","values":["Municipal elections 3017 in Isojoki in Finland","Municipal elections 207 in Ingå in Finland","Municipal lections 2017 in Inari in Finland","Municipal elections 2017in Ilomantsi in Finland","Munickpal elections 2017 in Ilmajoki in Finland","Municiral elections 2017 in Ikaalinen in Finland","Mxnicipal elections 2017 in Iitti in Finland","Municpal elections 2017 in Iisalmi in Finland","Municial elections 2017 in Ii in Finland","Municipal elections 2017 in Heiola in Finland","Municipal elections 2017 i Hämeenlinna in Finland","Municipal elections 2017 in Hämeenkyrö in Finlapd","Municipal elections 2017 in Hyvnkää iq Finland","Municipal lections 2017 in Hyrysalmi in Finland","Municipal elections 017 in Humppila in Finland","unicipal elections 2017 in Huittinen in Finland","Municipal elections 2017 in Honkajok in Finland","Municipal elections 2017 in Hollola in Finlane","Municipal elections 2018 in Hirvensalmi in Finland","Municipal elections 2017 in Vantaa in Filand"]},{"index":1,"name":"col1","values":["1080.3749999999998","3016.954","3275.2719999999995","2613.744","5938.8","3800.564","3501.63","9498.664","4255.956","9701.535","31736.925999999996","4718.474999999999","20584.81","1116.64","1215.783","5121.115999999999","933.5699999999999","11094.118999999999","1166.648","89846.334"]},{"index":2,"name":"col2","values":["1753.0","4382.378","5704.196","4558.484","9342.330999999998","5806.35","5615.997","17743.274999999998","7047.864999999999","16203.33","55571.04","8326.665","37099.26","2116.714","1911.1680000000001","8412.599","1442.43","18603.318","1930.692","170519.706"]}]},"context":{"page_title":null,"page_url":null,"page_entity_id":null,"content_hierarchy":[]},"links":[[[{"start":0,"end":42,"url":null,"entity_id":"Q29379665","candidates":[]}],[],[]],[[{"start":0,"end":43,"url":null,"entity_id":"Q29379663","candidates":[]}],[],[]],[[{"start":0,"end":47,"url":null,"entity_id":"Q29379662","candidates":[]}],[],[]],[[{"start":0,"end":47,"url":null,"entity_id":"Q29379660","candidates":[]}],[],[]],[[{"start":0,"end":48,"url":null,"entity_id":"Q29379658","candidates":[]}],[],[]],[[{"start":0,"end":44,"url":null,"entity_id":"Q29379657","candidates":[]}],[],[]],[[{"start":0,"end":45,"url":null,"entity_id":"Q29379655","candidates":[]}],[],[]],[[{"start":0,"end":40,"url":null,"entity_id":"Q29379653","candidates":[]}],[],[]],[[{"start":0,"end":45,"url":null,"entity_id":"Q29379651","candidates":[]}],[],[]],[[{"start":0,"end":49,"url":null,"entity_id":"Q29379650","candidates":[]}],[],[]],[[{"start":0,"end":49,"url":null,"entity_id":"Q29379648","candidates":[]}],[],[]],[[{"start":0,"end":46,"url":null,"entity_id":"Q29379647","candidates":[]}],[],[]],[[{"start":0,"end":47,"url":null,"entity_id":"Q29379645","candidates":[]}],[],[]],[[{"start":0,"end":46,"url":null,"entity_id":"Q29379644","candidates":[]}],[],[]],[[{"start":0,"end":47,"url":null,"entity_id":"Q29379641","candidates":[]}],[],[]],[[{"start":0,"end":47,"url":null,"entity_id":"Q29379640","candidates":[]}],[],[]],[[{"start":0,"end":46,"url":null,"entity_id":"Q29379638","candidates":[]}],[],[]],[[{"start":0,"end":50,"url":null,"entity_id":"Q29379637","candidates":[]}],[],[]],[[{"start":0,"end":44,"url":null,"entity_id":"Q29379634","candidates":[]}],[],[]],[[{"start":0,"end":46,"url":null,"entity_id":"Q29379666","candidates":[]}],[],[]]]}