{"version":"1.2","table":{"version":"2","table_id":"FVZUICE5","columns":[{"index":0,"name":"col0","values":["coat of arms of La Xara","coat of arms of La Barraca d'Aigües Vives","coat of arms of Mareny de Barraquetes","Coat of arms of Tírig","Coat of arms of Culla","coat of arms of Almenara","coat of arms of Bèlgida","coat of arms of Alfarrasí","coat of arms of Figueroles","Coat of arms of Benassal","coat of arms of Almassora","coat of arms of Agost","coat of arms of Senyera","coat of arms of Arañuel","coat of arms of Elda","coat of arms of Llucena","coat of arms of Ayora","coat of arms of San Isidro","coat of arms of Terrateig","Coat of arms of Tibi"]},{"index":1,"name":"col1","values":["or","gules","gules","or","or","gules","or","or","or","or","sable","or","or","gules","or","or","or","or","or","or"]},{"index":2,"name":"col2","values":["La Xara","La Barraca d'Aigües Vives","Mareny de Barraquetes","Tírig","Culla","Almenara","Bèlgida","Alfarrasí","Figueroles","Benassal","Almassora","Agost","Senyera","Arañuel","Elda","Llucena / Lucena del Cid","Ayora","San Isidro","Terrateig","Tibi"]}]},"context":{"page_title":null,"page_url":null,"page_entity_id":null,"content_hierarchy":[]},"links":[[[{"start":0,"end":41,"url":null,"entity_id":"Q70085371","candidates":[]}],[{"start":0,"end":5,"url":null,"entity_id":"Q858055","candidates":[]}],[{"start":0,"end":25,"url":null,"entity_id":"Q11930269","candidates":[]}]],[[{"start":0,"end":37,"url":null,"entity_id":"Q69570208","candidates":[]}],[{"start":0,"end":5,"url":null,"entity_id":"Q858055","candidates":[]}],[{"start":0,"end":21,"url":null,"entity_id":"Q5554611","candidates":[]}]],[[{"start":0,"end":21,"url":null,"entity_id":"Q69463815","candidates":[]}],[{"start":0,"end":2,"url":null,"entity_id":"Q430099","candidates":[]}],[{"start":0,"end":5,"url":null,"entity_id":"Q1983287","candidates":[]}]],[[{"start":0,"end":21,"url":null,"entity_id":"Q69461180","candidates":[]}],[{"start":0,"end":2,"url":null,"entity_id":"Q430099","candidates":[]}],[{"start":0,"end":5,"url":null,"entity_id":"Q1983206","candidates":[]}]],[[{"start":0,"end":24,"url":null,"entity_id":"Q73003657","candidates":[]}],[{"start":0,"end":5,"url":null,"entity_id":"Q858055","candidates":[]}],[{"start":0,"end":8,"url":null,"entity_id":"Q1917433","candidates":[]}]],[[{"start":0,"end":23,"url":null,"entity_id":"Q75999724","candidates":[]}],[{"start":0,"end":2,"url":null,"entity_id":"Q430099","candidates":[]}],[{"start":0,"end":7,"url":null,"entity_id":"Q1916582","candidates":[]}]],[[{"start":0,"end":25,"url":null,"entity_id":"Q75957100","candidates":[]}],[{"start":0,"end":2,"url":null,"entity_id":"Q430099","candidates":[]}],[{"start":0,"end":9,"url":null,"entity_id":"Q1770016","candidates":[]}]],[[{"start":0,"end":26,"url":null,"entity_id":"Q66662152","candidates":[]}],[{"start":0,"end":2,"url":null,"entity_id":"Q430099","candidates":[]}],[{"start":0,"end":10,"url":null,"entity_id":"Q1646916","candidates":[]}]],[[{"start":0,"end":24,"url":null,"entity_id":"Q67885141","candidates":[]}],[{"start":0,"end":2,"url":null,"entity_id":"Q430099","candidates":[]}],[{"start":0,"end":8,"url":null,"entity_id":"Q1635350","candidates":[]}]],[[{"start":0,"end":25,"url":null,"entity_id":"Q72196935","candidates":[]}],[{"start":0,"end":5,"url":null,"entity_id":"Q936496","candidates":[]}],[{"start":0,"end":9,"url":null,"entity_id":"Q1373919","candidates":[]}]],[[{"start":0,"end":21,"url":null,"entity_id":"Q66372349","candidates":[]}],[{"start":0,"end":2,"url":null,"entity_id":"Q430099","candidates":[]}],[{"start":0,"end":5,"url":null,"entity_id":"Q1228383","candidates":[]}]],[[{"start":0,"end":23,"url":null,"entity_id":"Q66661882","candidates":[]}],[{"start":0,"end":2,"url":null,"entity_id":"Q430099","candidates":[]}],[{"start":0,"end":7,"url":null,"entity_id":"Q1020497","candidates":[]}]],[[{"start":0,"end":23,"url":null,"entity_id":"Q73495576","candidates":[]}],[{"start":0,"end":5,"url":null,"entity_id":"Q858055","candidates":[]}],[{"start":0,"end":7,"url":null,"entity_id":"Q766369","candidates":[]}]],[[{"start":0,"end":20,"url":null,"entity_id":"Q77305231","candidates":[]}],[{"start":0,"end":2,"url":null,"entity_id":"Q430099","candidates":[]}],[{"start":0,"end":4,"url":null,"entity_id":"Q608985","candidates":[]}]],[[{"start":0,"end":23,"url":null,"entity_id":"Q66711906","candidates":[]}],[{"start":0,"end":2,"url":null,"entity_id":"Q430099","candidates":[]}],[{"start":0,"end":24,"url":null,"entity_id":"Q601999","candidates":[]}]],[[{"start":0,"end":21,"url":null,"entity_id":"Q76815512","candidates":[]}],[{"start":0,"end":2,"url":null,"entity_id":"Q430099","candidates":[]}],[{"start":0,"end":5,"url":null,"entity_id":"Q34343","candidates":[]}]],[[{"start":0,"end":26,"url":null,"entity_id":"Q20106799","candidates":[]}],[{"start":0,"end":2,"url":null,"entity_id":"Q430099","candidates":[]}],[{"start":0,"end":10,"url":null,"entity_id":"Q2265463","candidates":[]}]],[[{"start":0,"end":25,"url":null,"entity_id":"Q20106440","candidates":[]}],[{"start":0,"end":2,"url":null,"entity_id":"Q430099","candidates":[]}],[{"start":0,"end":9,"url":null,"entity_id":"Q2041965","candidates":[]}]],[[{"start":0,"end":20,"url":null,"entity_id":"Q20106456","candidates":[]}],[{"start":0,"end":2,"url":null,"entity_id":"Q430099","candidates":[]}],[{"start":0,"end":4,"url":null,"entity_id":"Q1751457","candidates":[]}]],[[{"start":0,"end":23,"url":null,"entity_id":"Q69527306","candidates":[]}],[{"start":0,"end":2,"url":null,"entity_id":"Q430099","candidates":[]}],[{"start":0,"end":7,"url":null,"entity_id":"Q14271198","candidates":[]}]]]}