{"version":"1.2","table":{"version":"2","table_id":"FWLF0MQV","columns":[{"index":0,"name":"col0","values":["Snopes trilogy","The Farseer Trilogy","The Warlord Chronicles","The Han Solo Trilogy","The Illuminatus! Trilogy","The Borrible Trilogy","The Baroque Cycle","Cryptonomicon","Mistborn","The Hunger Games","The Dark Elf Trilogy","Aquasilva Trilogy","His Dark Materials trilogy","The Viscount of Adrilankha","The Black Fleet Crisis","Possession","Kiki Strike","Hex Hall","The Wolves of Mercy Falls","The Border Trilogy"]},{"index":1,"name":"col1","values":["1957-05-01","1995-01-01","1995-01-01","1997-01-01","1975-09-01","2003-01-01","2003-01-01","1999-01-01","2006-01-01","2008-01-01","1990-01-01","2001-01-01","1995-01-01","2002-12-01","1996-04-01","2011-01-01","2006-01-01","2010-03-01","2009-01-01","1990-01-01"]},{"index":2,"name":"col2","values":["Snopes trilogy","The Farseer Trilogy","The Warlord Chronicles","The Han Solo Trilogy","The Illuminatus! Trilogy","The Borrible Trilogy","The Baroque Cycle","Cryptonomicon","Mistborn","The Hunger Games","The Dark Elf","Aquasilva","His Dark Materials","The Viscount of Adrilankha","The Black Fleet Crisis","Possession","Kiki Strike","Hex Hall","The Wolves of Mercy Falls","The Border Trilogy"]}]},"context":{"page_title":null,"page_url":null,"page_entity_id":null,"content_hierarchy":[]},"links":[[[{"start":0,"end":19,"url":null,"entity_id":"Q2512889","candidates":[]}],[],[]],[[{"start":0,"end":22,"url":null,"entity_id":"Q2278897","candidates":[]}],[],[]],[[{"start":0,"end":20,"url":null,"entity_id":"Q2194820","candidates":[]}],[],[]],[[{"start":0,"end":24,"url":null,"entity_id":"Q1460253","candidates":[]}],[],[]],[[{"start":0,"end":20,"url":null,"entity_id":"Q894151","candidates":[]}],[],[]],[[{"start":0,"end":17,"url":null,"entity_id":"Q808549","candidates":[]}],[],[]],[[{"start":0,"end":13,"url":null,"entity_id":"Q534975","candidates":[]}],[],[]],[[{"start":0,"end":8,"url":null,"entity_id":"Q268100","candidates":[]}],[],[]],[[{"start":0,"end":16,"url":null,"entity_id":"Q11679","candidates":[]}],[],[]],[[{"start":0,"end":20,"url":null,"entity_id":"Q1067357","candidates":[]}],[],[]],[[{"start":0,"end":17,"url":null,"entity_id":"Q931411","candidates":[]}],[],[]],[[{"start":0,"end":26,"url":null,"entity_id":"Q129240","candidates":[]}],[],[]],[[{"start":0,"end":26,"url":null,"entity_id":"Q7772856","candidates":[]}],[],[]],[[{"start":0,"end":22,"url":null,"entity_id":"Q7718316","candidates":[]}],[],[]],[[{"start":0,"end":10,"url":null,"entity_id":"Q7233387","candidates":[]}],[],[]],[[{"start":0,"end":11,"url":null,"entity_id":"Q6406265","candidates":[]}],[],[]],[[{"start":0,"end":8,"url":null,"entity_id":"Q5748597","candidates":[]}],[],[]],[[{"start":0,"end":25,"url":null,"entity_id":"Q4123239","candidates":[]}],[],[]],[[{"start":0,"end":18,"url":null,"entity_id":"Q3998819","candidates":[]}],[],[]],[[{"start":0,"end":14,"url":null,"entity_id":"Q3213313","candidates":[]}],[],[]]]}