{"version":"1.2","table":{"version":"2","table_id":"FZAND7D9","columns":[{"index":0,"name":"col0","values":["Dishonored 2","The Settlers II (10th Anniversary)","The Settlers III","The Settlers IV","Beyond Good & Evil","Sonic Generations","Syndicate","God of War II","Firewatch","Lost Odyssey","Call of Duty 3","Crysis 3","Call of Duty: Black Ops II","God of War","Resident Evil Zero","Silent Hill","Grand Theft Auto V","The Settlers: Awakening of Cultures","ActRaiser","The Settlers: Heritage of Kings"]},{"index":1,"name":"col1","values":["single-player video game","single-player video game","single-player video game","single-player video game","single-player video game","single-player video game","single-player video game","single-player video game","single-player video game","single-player video game","single-player video game","single-player video game","single-player video game","single-player video game","single-player video game","single-player video game","single-player video game","single-player video game","single-player video game","single-player video game"]},{"index":2,"name":"col2","values":["Harvey Smith","Yvonne Kneisel","Wolfgang Walk","Torsten Hess","Michel Ancel","Ken Pontac","Richard K. Morgan","Robert E. Vardeman","Jake Rodkin","Hironobu Sakaguchi","Marc Guggenheim","Steven Hall","David S. Goyer","Matthew Stover","S. D. Perry","Keiichiro Toyama","Dan Houser","Yvonne Kneisel","Tomoyoshi Miyazaki","Yvonne Kneisel"]},{"index":3,"name":"col3","values":["2016-11-11","2006-09-07","1998-11-20","2018-11-15","2003-01-01","2011-11-01","2012-02-21","2007-03-13","2016-02-09","2007-12-06","2006-11-07","2013-02-19","2012-11-12","2005-03-22","2002-11-12","1999-01-31","2015-04-15","2008-08-28","1990-12-16","2004-11-25"]},{"index":4,"name":"col4","values":["Arkane Studios","Ubisoft Blue Byte","Ubisoft Blue Byte","Gameloft","Ubisoft Montpellier","Sonic Team","Starbreeze Studios","SIE Santa Monica Studio","Campo Santo","Mistwalker","Treyarch","Crytek","Treyarch","SIE Santa Monica Studio","Capcom","Konami","Rockstar North","Ubisoft Blue Byte","Quintet","Ubisoft Blue Byte"]},{"index":5,"name":"col5","values":["PEGI 18","PEGI 7","PEGI 7","PEGI 7","PEGI 7","PEGI 7","PEGI 18","PEGI 18","PEGI 16","PEGI 16","PEGI 16","PEGI 16","PEGI 18","PEGI 18","PEGI 16","PEGI 16","PEGI 18","PEGI 12","PEGI 7","PEGI 12"]}]},"context":{"page_title":null,"page_url":null,"page_entity_id":null,"content_hierarchy":[]},"links":[[[{"start":0,"end":34,"url":null,"entity_id":"Q2365182","candidates":[]}],[{"start":0,"end":24,"url":null,"entity_id":"Q208850","candidates":[]}],[{"start":0,"end":14,"url":null,"entity_id":"Q51939315","candidates":[]}],[],[{"start":0,"end":17,"url":null,"entity_id":"Q695299","candidates":[]}],[{"start":0,"end":6,"url":null,"entity_id":"Q14915514","candidates":[]}]],[[{"start":0,"end":16,"url":null,"entity_id":"Q2579674","candidates":[]}],[{"start":0,"end":24,"url":null,"entity_id":"Q208850","candidates":[]}],[{"start":0,"end":13,"url":null,"entity_id":"Q51874739","candidates":[]}],[],[{"start":0,"end":17,"url":null,"entity_id":"Q695299","candidates":[]}],[{"start":0,"end":6,"url":null,"entity_id":"Q14915514","candidates":[]}]],[[{"start":0,"end":15,"url":null,"entity_id":"Q2363298","candidates":[]}],[{"start":0,"end":24,"url":null,"entity_id":"Q208850","candidates":[]}],[{"start":0,"end":12,"url":null,"entity_id":"Q51875556","candidates":[]}],[],[{"start":0,"end":8,"url":null,"entity_id":"Q689093","candidates":[]}],[{"start":0,"end":6,"url":null,"entity_id":"Q14915514","candidates":[]}]],[[{"start":0,"end":18,"url":null,"entity_id":"Q794367","candidates":[]}],[{"start":0,"end":24,"url":null,"entity_id":"Q208850","candidates":[]}],[{"start":0,"end":12,"url":null,"entity_id":"Q962209","candidates":[]}],[],[{"start":0,"end":19,"url":null,"entity_id":"Q2083518","candidates":[]}],[{"start":0,"end":6,"url":null,"entity_id":"Q14915514","candidates":[]}]],[[{"start":0,"end":17,"url":null,"entity_id":"Q969764","candidates":[]}],[{"start":0,"end":24,"url":null,"entity_id":"Q208850","candidates":[]}],[{"start":0,"end":10,"url":null,"entity_id":"Q6388314","candidates":[]}],[],[{"start":0,"end":10,"url":null,"entity_id":"Q1140960","candidates":[]}],[{"start":0,"end":6,"url":null,"entity_id":"Q14915514","candidates":[]}]],[[{"start":0,"end":9,"url":null,"entity_id":"Q2525333","candidates":[]}],[{"start":0,"end":24,"url":null,"entity_id":"Q208850","candidates":[]}],[{"start":0,"end":17,"url":null,"entity_id":"Q254635","candidates":[]}],[],[{"start":0,"end":18,"url":null,"entity_id":"Q2298950","candidates":[]}],[{"start":0,"end":7,"url":null,"entity_id":"Q14915517","candidates":[]}]],[[{"start":0,"end":13,"url":null,"entity_id":"Q2252689","candidates":[]}],[{"start":0,"end":24,"url":null,"entity_id":"Q208850","candidates":[]}],[{"start":0,"end":18,"url":null,"entity_id":"Q7343897","candidates":[]}],[],[{"start":0,"end":23,"url":null,"entity_id":"Q656710","candidates":[]}],[{"start":0,"end":7,"url":null,"entity_id":"Q14915517","candidates":[]}]],[[{"start":0,"end":9,"url":null,"entity_id":"Q19627426","candidates":[]}],[{"start":0,"end":24,"url":null,"entity_id":"Q208850","candidates":[]}],[{"start":0,"end":11,"url":null,"entity_id":"Q6124946","candidates":[]}],[],[{"start":0,"end":11,"url":null,"entity_id":"Q26822168","candidates":[]}],[{"start":0,"end":7,"url":null,"entity_id":"Q14915516","candidates":[]}]],[[{"start":0,"end":12,"url":null,"entity_id":"Q558753","candidates":[]}],[{"start":0,"end":24,"url":null,"entity_id":"Q208850","candidates":[]}],[{"start":0,"end":18,"url":null,"entity_id":"Q312525","candidates":[]}],[],[{"start":0,"end":10,"url":null,"entity_id":"Q1584831","candidates":[]}],[{"start":0,"end":7,"url":null,"entity_id":"Q14915516","candidates":[]}]],[[{"start":0,"end":14,"url":null,"entity_id":"Q308961","candidates":[]}],[{"start":0,"end":24,"url":null,"entity_id":"Q208850","candidates":[]}],[{"start":0,"end":15,"url":null,"entity_id":"Q1797964","candidates":[]}],[],[{"start":0,"end":8,"url":null,"entity_id":"Q382543","candidates":[]}],[{"start":0,"end":7,"url":null,"entity_id":"Q14915516","candidates":[]}]],[[{"start":0,"end":8,"url":null,"entity_id":"Q538821","candidates":[]}],[{"start":0,"end":24,"url":null,"entity_id":"Q208850","candidates":[]}],[{"start":0,"end":11,"url":null,"entity_id":"Q2291294","candidates":[]}],[],[{"start":0,"end":6,"url":null,"entity_id":"Q164716","candidates":[]}],[{"start":0,"end":7,"url":null,"entity_id":"Q14915516","candidates":[]}]],[[{"start":0,"end":26,"url":null,"entity_id":"Q380918","candidates":[]}],[{"start":0,"end":24,"url":null,"entity_id":"Q208850","candidates":[]}],[{"start":0,"end":14,"url":null,"entity_id":"Q352010","candidates":[]}],[],[{"start":0,"end":8,"url":null,"entity_id":"Q382543","candidates":[]}],[{"start":0,"end":7,"url":null,"entity_id":"Q14915517","candidates":[]}]],[[{"start":0,"end":10,"url":null,"entity_id":"Q817369","candidates":[]}],[{"start":0,"end":24,"url":null,"entity_id":"Q208850","candidates":[]}],[{"start":0,"end":14,"url":null,"entity_id":"Q1909623","candidates":[]}],[],[{"start":0,"end":23,"url":null,"entity_id":"Q656710","candidates":[]}],[{"start":0,"end":7,"url":null,"entity_id":"Q14915517","candidates":[]}]],[[{"start":0,"end":18,"url":null,"entity_id":"Q1056069","candidates":[]}],[{"start":0,"end":24,"url":null,"entity_id":"Q208850","candidates":[]}],[{"start":0,"end":11,"url":null,"entity_id":"Q252896","candidates":[]}],[],[{"start":0,"end":6,"url":null,"entity_id":"Q14428","candidates":[]}],[{"start":0,"end":7,"url":null,"entity_id":"Q14915516","candidates":[]}]],[[{"start":0,"end":11,"url":null,"entity_id":"Q753164","candidates":[]}],[{"start":0,"end":24,"url":null,"entity_id":"Q208850","candidates":[]}],[{"start":0,"end":16,"url":null,"entity_id":"Q3194686","candidates":[]}],[],[{"start":0,"end":6,"url":null,"entity_id":"Q45700","candidates":[]}],[{"start":0,"end":7,"url":null,"entity_id":"Q14915516","candidates":[]}]],[[{"start":0,"end":18,"url":null,"entity_id":"Q17452","candidates":[]}],[{"start":0,"end":24,"url":null,"entity_id":"Q208850","candidates":[]}],[{"start":0,"end":10,"url":null,"entity_id":"Q935340","candidates":[]}],[],[{"start":0,"end":14,"url":null,"entity_id":"Q94893","candidates":[]}],[{"start":0,"end":7,"url":null,"entity_id":"Q14915517","candidates":[]}]],[[{"start":0,"end":35,"url":null,"entity_id":"Q54564532","candidates":[]}],[{"start":0,"end":24,"url":null,"entity_id":"Q208850","candidates":[]}],[{"start":0,"end":14,"url":null,"entity_id":"Q51939315","candidates":[]}],[],[{"start":0,"end":17,"url":null,"entity_id":"Q695299","candidates":[]}],[{"start":0,"end":7,"url":null,"entity_id":"Q14915515","candidates":[]}]],[[{"start":0,"end":9,"url":null,"entity_id":"Q343033","candidates":[]}],[{"start":0,"end":24,"url":null,"entity_id":"Q208850","candidates":[]}],[{"start":0,"end":18,"url":null,"entity_id":"Q3531425","candidates":[]}],[],[{"start":0,"end":7,"url":null,"entity_id":"Q1467154","candidates":[]}],[{"start":0,"end":6,"url":null,"entity_id":"Q14915514","candidates":[]}]],[[{"start":0,"end":31,"url":null,"entity_id":"Q2247335","candidates":[]}],[{"start":0,"end":24,"url":null,"entity_id":"Q208850","candidates":[]}],[{"start":0,"end":14,"url":null,"entity_id":"Q51939315","candidates":[]}],[],[{"start":0,"end":17,"url":null,"entity_id":"Q695299","candidates":[]}],[{"start":0,"end":7,"url":null,"entity_id":"Q14915515","candidates":[]}]],[[{"start":0,"end":12,"url":null,"entity_id":"Q20095751","candidates":[]}],[{"start":0,"end":24,"url":null,"entity_id":"Q208850","candidates":[]}],[{"start":0,"end":12,"url":null,"entity_id":"Q279217","candidates":[]}],[],[{"start":0,"end":14,"url":null,"entity_id":"Q672642","candidates":[]}],[{"start":0,"end":7,"url":null,"entity_id":"Q14915517","candidates":[]}]]]}