[{"version":1,"nodes":[{"col_index":0,"label":"col0","id":0},{"col_index":1,"label":"col1","id":1},{"col_index":2,"label":"col2","id":2},{"col_index":3,"label":"col3","id":3},{"abs_uri":"http://www.wikidata.org/entity/Q13410520","rel_uri":"wd:Q13410520","approximation":false,"readable_label":"county of Missouri (Q13410520)","id":4},{"abs_uri":"http://www.wikidata.org/entity/Q1093829","rel_uri":"wd:Q1093829","approximation":false,"readable_label":"city of the United States (Q1093829)","id":5}],"edges":[{"source":4,"target":0,"abs_uri":"http://www.w3.org/2000/01/rdf-schema#label","rel_uri":"rdfs:label","approximation":false,"readable_label":"rdfs:label","id":0},{"source":5,"target":2,"abs_uri":"http://www.w3.org/2000/01/rdf-schema#label","rel_uri":"rdfs:label","approximation":false,"readable_label":"rdfs:label","id":1},{"source":4,"target":5,"abs_uri":"http://www.wikidata.org/prop/P36","rel_uri":"p:P36","approximation":false,"readable_label":"capital (P36)","id":2},{"source":4,"target":3,"abs_uri":"http://www.wikidata.org/prop/P138","rel_uri":"p:P138","approximation":false,"readable_label":"named after (P138)","id":3},{"source":4,"target":1,"abs_uri":"http://www.wikidata.org/prop/P571","rel_uri":"p:P571","approximation":false,"readable_label":"inception (P571)","id":4}]}]