[{"version":1,"nodes":[{"col_index":0,"label":"col0","id":0},{"col_index":1,"label":"col1","id":1},{"col_index":2,"label":"col2","id":2},{"col_index":3,"label":"col3","id":3},{"col_index":4,"label":"col4","id":4},{"abs_uri":"http://www.wikidata.org/entity/Q3476533","rel_uri":"wd:Q3476533","approximation":false,"readable_label":"monumental sculpture (Q3476533)","id":5},{"abs_uri":"http://www.wikidata.org/entity/Q3624078","rel_uri":"wd:Q3624078","approximation":false,"readable_label":"sovereign state (Q3624078)","id":6}],"edges":[{"source":5,"target":0,"abs_uri":"http://www.w3.org/2000/01/rdf-schema#label","rel_uri":"rdfs:label","approximation":false,"readable_label":"rdfs:label","id":0},{"source":6,"target":3,"abs_uri":"http://www.w3.org/2000/01/rdf-schema#label","rel_uri":"rdfs:label","approximation":false,"readable_label":"rdfs:label","id":1},{"source":5,"target":1,"abs_uri":"http://www.wikidata.org/prop/P170","rel_uri":"p:P170","approximation":false,"readable_label":"creator (P170)","id":2},{"source":5,"target":2,"abs_uri":"http://www.wikidata.org/prop/P131","rel_uri":"p:P131","approximation":false,"readable_label":"located in the administrative territorial entity (P131)","id":3},{"source":5,"target":6,"abs_uri":"http://www.wikidata.org/prop/P17","rel_uri":"p:P17","approximation":false,"readable_label":"country (P17)","id":4},{"source":5,"target":4,"abs_uri":"http://www.wikidata.org/prop/P186","rel_uri":"p:P186","approximation":false,"readable_label":"made from material (P186)","id":5}]}]