{"version":"1.2","table":{"version":"2","table_id":"76YL8UAZ","columns":[{"index":0,"name":"col0","values":["Enköping","Ekeby parish","Eskilstuna församling","Enhörna parish","Ekeby parish","Edsbergs parish","Dunker-Lilla Malma parish","Engelbrekt","Ekerö parish","Eds parish","Falköping parish","Essunga","Eggby-Öglunda parish","Ekeby parish","Edefors parish","Eksjö parish'","Edshults parish","Ekshärads parish","Eda parish","Ed-Borgviks parish"]},{"index":1,"name":"col1","values":["16101","375","35466","2352","793","1202","2318","13502","10454","4137","7578","2414","594","2818","1035","7824","108","2672","3875","1741"]},{"index":2,"name":"col2","values":["Archdiocese of Uppsala","Archdiocese of Uppsala","Diocese of Strängnäs","Diocese of Strängnäs","Diocese of Strängnäs","Diocese of Strängnäs","Diocese of Strängnäs","Diocese of Stockholm","Diocese of Stockholm","Diocese of Stockholm","Diocese of Skara","Diocese of Skara","Diocese of Skara","Diocese of Lund","Diocese of Luleå","Diocese of Linköping","Diocese of Linköping","Diocese of Karlstad","Diocese of Karlstad","Diocese of Karlstad"]}]},"context":{"page_title":null,"page_url":null,"page_entity_id":null,"content_hierarchy":[]},"links":[[[{"start":0,"end":8,"url":null,"entity_id":"Q10484301","candidates":[]}],[],[{"start":0,"end":22,"url":null,"entity_id":"Q877677","candidates":[]}]],[[{"start":0,"end":12,"url":null,"entity_id":"Q10480526","candidates":[]}],[],[{"start":0,"end":22,"url":null,"entity_id":"Q877677","candidates":[]}]],[[{"start":0,"end":21,"url":null,"entity_id":"Q10489090","candidates":[]}],[],[{"start":0,"end":20,"url":null,"entity_id":"Q876816","candidates":[]}]],[[{"start":0,"end":14,"url":null,"entity_id":"Q10484251","candidates":[]}],[],[{"start":0,"end":20,"url":null,"entity_id":"Q876816","candidates":[]}]],[[{"start":0,"end":12,"url":null,"entity_id":"Q10480524","candidates":[]}],[],[{"start":0,"end":20,"url":null,"entity_id":"Q876816","candidates":[]}]],[[{"start":0,"end":15,"url":null,"entity_id":"Q10479959","candidates":[]}],[],[{"start":0,"end":20,"url":null,"entity_id":"Q876816","candidates":[]}]],[[{"start":0,"end":25,"url":null,"entity_id":"Q10477570","candidates":[]}],[],[{"start":0,"end":20,"url":null,"entity_id":"Q876816","candidates":[]}]],[[{"start":0,"end":10,"url":null,"entity_id":"Q10484135","candidates":[]}],[],[{"start":0,"end":20,"url":null,"entity_id":"Q876775","candidates":[]}]],[[{"start":0,"end":12,"url":null,"entity_id":"Q10480598","candidates":[]}],[],[{"start":0,"end":20,"url":null,"entity_id":"Q876775","candidates":[]}]],[[{"start":0,"end":10,"url":null,"entity_id":"Q10479944","candidates":[]}],[],[{"start":0,"end":20,"url":null,"entity_id":"Q876775","candidates":[]}]],[[{"start":0,"end":16,"url":null,"entity_id":"Q10493760","candidates":[]}],[],[{"start":0,"end":16,"url":null,"entity_id":"Q876632","candidates":[]}]],[[{"start":0,"end":7,"url":null,"entity_id":"Q10489201","candidates":[]}],[],[{"start":0,"end":16,"url":null,"entity_id":"Q876632","candidates":[]}]],[[{"start":0,"end":20,"url":null,"entity_id":"Q10480250","candidates":[]}],[],[{"start":0,"end":16,"url":null,"entity_id":"Q876632","candidates":[]}]],[[{"start":0,"end":12,"url":null,"entity_id":"Q10480525","candidates":[]}],[],[{"start":0,"end":15,"url":null,"entity_id":"Q871533","candidates":[]}]],[[{"start":0,"end":14,"url":null,"entity_id":"Q10479862","candidates":[]}],[],[{"start":0,"end":16,"url":null,"entity_id":"Q871517","candidates":[]}]],[[{"start":0,"end":13,"url":null,"entity_id":"Q10480771","candidates":[]}],[],[{"start":0,"end":20,"url":null,"entity_id":"Q871289","candidates":[]}]],[[{"start":0,"end":15,"url":null,"entity_id":"Q10479983","candidates":[]}],[],[{"start":0,"end":20,"url":null,"entity_id":"Q871289","candidates":[]}]],[[{"start":0,"end":16,"url":null,"entity_id":"Q10480761","candidates":[]}],[],[{"start":0,"end":19,"url":null,"entity_id":"Q870351","candidates":[]}]],[[{"start":0,"end":10,"url":null,"entity_id":"Q10479823","candidates":[]}],[],[{"start":0,"end":19,"url":null,"entity_id":"Q870351","candidates":[]}]],[[{"start":0,"end":18,"url":null,"entity_id":"Q10479818","candidates":[]}],[],[{"start":0,"end":19,"url":null,"entity_id":"Q870351","candidates":[]}]]]}