{"version":"1.2","table":{"version":"2","table_id":"77SG1AFL","columns":[{"index":0,"name":"col0","values":["Burestenen","Södermanland Runic Inscription Fv1948;295","Hälsingland Rune Inscription 21","Hällestad Runestones","Hillersjö stone","Södermanland Runic Inscription 298","Fyrby Runestone","Böksta Runestone","Norsta Runestone","Altuna Runestone","Kyrkogården Runestones","Sigurd inscription","Simris Runestones","Rök Runestone","Karlevi Runestone","Uppland Runic Inscription 11","Södermanland Runic Inscription 270","Dagstorp Runestone","Hunnestad Monument","Södermanland Runic Inscription 178","Gripsholm stone","Skårby 1 Runestone","Sö 212","Sö 211","Sö 208","Sö 207","Sö 206","Sö 205","Sö 204","Sm 104","U 241","Sö 70","Sö 82","U 792","Vs 19","Vs 18","Ölands runinskrifter 27","Sö 62","Sö 184","Sö 105","Sö 104","Vs 5","Vg 186"]},{"index":1,"name":"col1","values":["monument in Fornminnesregistret","monument in Fornminnesregistret","monument in Fornminnesregistret","monument in Fornminnesregistret","monument in Fornminnesregistret","monument in Fornminnesregistret","monument in Fornminnesregistret","monument in Fornminnesregistret","monument in Fornminnesregistret","monument in Fornminnesregistret","monument in Fornminnesregistret","monument in Fornminnesregistret","monument in Fornminnesregistret","monument in Fornminnesregistret","monument in Fornminnesregistret","monument in Fornminnesregistret","monument in Fornminnesregistret","monument in Fornminnesregistret","monument in Fornminnesregistret","monument in Fornminnesregistret","monument in Fornminnesregistret","monument in Fornminnesregistret","monument in Fornminnesregistret","monument in Fornminnesregistret","monument in Fornminnesregistret","monument in Fornminnesregistret","monument in Fornminnesregistret","monument in Fornminnesregistret","monument in Fornminnesregistret","monument in Fornminnesregistret","monument in Fornminnesregistret","monument in Fornminnesregistret","monument in Fornminnesregistret","monument in Fornminnesregistret","monument in Fornminnesregistret","monument in Fornminnesregistret","monument in Fornminnesregistret","monument in Fornminnesregistret","monument in Fornminnesregistret","monument in Fornminnesregistret","monument in Fornminnesregistret","monument in Fornminnesregistret","monument in Fornminnesregistret"]},{"index":2,"name":"col2","values":["Njurunda socken","Lunda kyrka","Jättendals","Hällestad Church","Hilleshögs","Grödinge Socken","Blacksta socken","Balingsta socken","Balingsta socken","Altuna socken","Sigtuna city municipality","Sundbyholm","Simris","Rök","Karlevi","Hovgården","Tyresta National Park","Kulturen","Kulturen","Gripsholm Castle","Gripsholm Castle","Lund","Överselö socken","Överselö socken","Överselö Church","Överselö Church","Överselö Church","Överselö Church","Överselö Church","Vetlanda socken","Vallentuna socken","Vadsbro socken","Tumbo Church","Tillinge socken","Skultuna socken","Skultuna socken","Sandby socken","Lerbo socken","Kärnbo socken","Kjula socken","Kjula socken","Dingtuna socken","Bjärka socken"]}]},"context":{"page_title":null,"page_url":null,"page_entity_id":null,"content_hierarchy":[]},"links":[[[{"start":0,"end":10,"url":null,"entity_id":"Q4998464","candidates":[]}],[{"start":0,"end":31,"url":null,"entity_id":"Q21287602","candidates":[]}],[{"start":0,"end":15,"url":null,"entity_id":"Q10601460","candidates":[]}]],[[{"start":0,"end":41,"url":null,"entity_id":"Q7666337","candidates":[]}],[{"start":0,"end":31,"url":null,"entity_id":"Q21287602","candidates":[]}],[{"start":0,"end":11,"url":null,"entity_id":"Q10570714","candidates":[]}]],[[{"start":0,"end":31,"url":null,"entity_id":"Q5963129","candidates":[]}],[{"start":0,"end":31,"url":null,"entity_id":"Q21287602","candidates":[]}],[{"start":0,"end":10,"url":null,"entity_id":"Q10542038","candidates":[]}]],[[{"start":0,"end":20,"url":null,"entity_id":"Q2072086","candidates":[]}],[{"start":0,"end":31,"url":null,"entity_id":"Q21287602","candidates":[]}],[{"start":0,"end":16,"url":null,"entity_id":"Q10531402","candidates":[]}]],[[{"start":0,"end":15,"url":null,"entity_id":"Q3903556","candidates":[]}],[{"start":0,"end":31,"url":null,"entity_id":"Q21287602","candidates":[]}],[{"start":0,"end":10,"url":null,"entity_id":"Q10524032","candidates":[]}]],[[{"start":0,"end":34,"url":null,"entity_id":"Q7666326","candidates":[]}],[{"start":0,"end":31,"url":null,"entity_id":"Q21287602","candidates":[]}],[{"start":0,"end":15,"url":null,"entity_id":"Q10509950","candidates":[]}]],[[{"start":0,"end":15,"url":null,"entity_id":"Q5511287","candidates":[]}],[{"start":0,"end":31,"url":null,"entity_id":"Q21287602","candidates":[]}],[{"start":0,"end":15,"url":null,"entity_id":"Q10430871","candidates":[]}]],[[{"start":0,"end":16,"url":null,"entity_id":"Q5005157","candidates":[]}],[{"start":0,"end":31,"url":null,"entity_id":"Q21287602","candidates":[]}],[{"start":0,"end":16,"url":null,"entity_id":"Q10425283","candidates":[]}]],[[{"start":0,"end":16,"url":null,"entity_id":"Q3903570","candidates":[]}],[{"start":0,"end":31,"url":null,"entity_id":"Q21287602","candidates":[]}],[{"start":0,"end":16,"url":null,"entity_id":"Q10425283","candidates":[]}]],[[{"start":0,"end":16,"url":null,"entity_id":"Q1359686","candidates":[]}],[{"start":0,"end":31,"url":null,"entity_id":"Q21287602","candidates":[]}],[{"start":0,"end":13,"url":null,"entity_id":"Q10407037","candidates":[]}]],[[{"start":0,"end":22,"url":null,"entity_id":"Q6452547","candidates":[]}],[{"start":0,"end":31,"url":null,"entity_id":"Q21287602","candidates":[]}],[{"start":0,"end":25,"url":null,"entity_id":"Q3595999","candidates":[]}]],[[{"start":0,"end":18,"url":null,"entity_id":"Q1420708","candidates":[]}],[{"start":0,"end":31,"url":null,"entity_id":"Q21287602","candidates":[]}],[{"start":0,"end":10,"url":null,"entity_id":"Q2665008","candidates":[]}]],[[{"start":0,"end":17,"url":null,"entity_id":"Q2473621","candidates":[]}],[{"start":0,"end":31,"url":null,"entity_id":"Q21287602","candidates":[]}],[{"start":0,"end":6,"url":null,"entity_id":"Q2450627","candidates":[]}]],[[{"start":0,"end":13,"url":null,"entity_id":"Q472975","candidates":[]}],[{"start":0,"end":31,"url":null,"entity_id":"Q21287602","candidates":[]}],[{"start":0,"end":3,"url":null,"entity_id":"Q2262155","candidates":[]}]],[[{"start":0,"end":17,"url":null,"entity_id":"Q1506388","candidates":[]}],[{"start":0,"end":31,"url":null,"entity_id":"Q21287602","candidates":[]}],[{"start":0,"end":7,"url":null,"entity_id":"Q2021953","candidates":[]}]],[[{"start":0,"end":28,"url":null,"entity_id":"Q2405018","candidates":[]}],[{"start":0,"end":31,"url":null,"entity_id":"Q21287602","candidates":[]}],[{"start":0,"end":9,"url":null,"entity_id":"Q1916655","candidates":[]}]],[[{"start":0,"end":34,"url":null,"entity_id":"Q7666322","candidates":[]}],[{"start":0,"end":31,"url":null,"entity_id":"Q21287602","candidates":[]}],[{"start":0,"end":21,"url":null,"entity_id":"Q1544161","candidates":[]}]],[[{"start":0,"end":18,"url":null,"entity_id":"Q5208664","candidates":[]}],[{"start":0,"end":31,"url":null,"entity_id":"Q21287602","candidates":[]}],[{"start":0,"end":8,"url":null,"entity_id":"Q1363442","candidates":[]}]],[[{"start":0,"end":18,"url":null,"entity_id":"Q1360347","candidates":[]}],[{"start":0,"end":31,"url":null,"entity_id":"Q21287602","candidates":[]}],[{"start":0,"end":8,"url":null,"entity_id":"Q1363442","candidates":[]}]],[[{"start":0,"end":34,"url":null,"entity_id":"Q7666312","candidates":[]}],[{"start":0,"end":31,"url":null,"entity_id":"Q21287602","candidates":[]}],[{"start":0,"end":16,"url":null,"entity_id":"Q714783","candidates":[]}]],[[{"start":0,"end":15,"url":null,"entity_id":"Q726168","candidates":[]}],[{"start":0,"end":31,"url":null,"entity_id":"Q21287602","candidates":[]}],[{"start":0,"end":16,"url":null,"entity_id":"Q714783","candidates":[]}]],[[{"start":0,"end":18,"url":null,"entity_id":"Q4444952","candidates":[]}],[{"start":0,"end":31,"url":null,"entity_id":"Q21287602","candidates":[]}],[{"start":0,"end":4,"url":null,"entity_id":"Q2167","candidates":[]}]],[[{"start":0,"end":6,"url":null,"entity_id":"Q19978845","candidates":[]}],[{"start":0,"end":31,"url":null,"entity_id":"Q21287602","candidates":[]}],[{"start":0,"end":15,"url":null,"entity_id":"Q10728658","candidates":[]}]],[[{"start":0,"end":6,"url":null,"entity_id":"Q19978843","candidates":[]}],[{"start":0,"end":31,"url":null,"entity_id":"Q21287602","candidates":[]}],[{"start":0,"end":15,"url":null,"entity_id":"Q10728658","candidates":[]}]],[[{"start":0,"end":6,"url":null,"entity_id":"Q19978841","candidates":[]}],[{"start":0,"end":31,"url":null,"entity_id":"Q21287602","candidates":[]}],[{"start":0,"end":15,"url":null,"entity_id":"Q10728657","candidates":[]}]],[[{"start":0,"end":6,"url":null,"entity_id":"Q19978840","candidates":[]}],[{"start":0,"end":31,"url":null,"entity_id":"Q21287602","candidates":[]}],[{"start":0,"end":15,"url":null,"entity_id":"Q10728657","candidates":[]}]],[[{"start":0,"end":6,"url":null,"entity_id":"Q19978838","candidates":[]}],[{"start":0,"end":31,"url":null,"entity_id":"Q21287602","candidates":[]}],[{"start":0,"end":15,"url":null,"entity_id":"Q10728657","candidates":[]}]],[[{"start":0,"end":6,"url":null,"entity_id":"Q19978836","candidates":[]}],[{"start":0,"end":31,"url":null,"entity_id":"Q21287602","candidates":[]}],[{"start":0,"end":15,"url":null,"entity_id":"Q10728657","candidates":[]}]],[[{"start":0,"end":6,"url":null,"entity_id":"Q19978834","candidates":[]}],[{"start":0,"end":31,"url":null,"entity_id":"Q21287602","candidates":[]}],[{"start":0,"end":15,"url":null,"entity_id":"Q10728657","candidates":[]}]],[[{"start":0,"end":6,"url":null,"entity_id":"Q24576090","candidates":[]}],[{"start":0,"end":31,"url":null,"entity_id":"Q21287602","candidates":[]}],[{"start":0,"end":15,"url":null,"entity_id":"Q10714738","candidates":[]}]],[[{"start":0,"end":5,"url":null,"entity_id":"Q24576098","candidates":[]}],[{"start":0,"end":31,"url":null,"entity_id":"Q21287602","candidates":[]}],[{"start":0,"end":17,"url":null,"entity_id":"Q10712345","candidates":[]}]],[[{"start":0,"end":5,"url":null,"entity_id":"Q19978804","candidates":[]}],[{"start":0,"end":31,"url":null,"entity_id":"Q21287602","candidates":[]}],[{"start":0,"end":14,"url":null,"entity_id":"Q10711963","candidates":[]}]],[[{"start":0,"end":5,"url":null,"entity_id":"Q19978813","candidates":[]}],[{"start":0,"end":31,"url":null,"entity_id":"Q21287602","candidates":[]}],[{"start":0,"end":12,"url":null,"entity_id":"Q10706207","candidates":[]}]],[[{"start":0,"end":5,"url":null,"entity_id":"Q19979013","candidates":[]}],[{"start":0,"end":31,"url":null,"entity_id":"Q21287602","candidates":[]}],[{"start":0,"end":15,"url":null,"entity_id":"Q10698053","candidates":[]}]],[[{"start":0,"end":5,"url":null,"entity_id":"Q24701818","candidates":[]}],[{"start":0,"end":31,"url":null,"entity_id":"Q21287602","candidates":[]}],[{"start":0,"end":15,"url":null,"entity_id":"Q10670718","candidates":[]}]],[[{"start":0,"end":5,"url":null,"entity_id":"Q24576094","candidates":[]}],[{"start":0,"end":31,"url":null,"entity_id":"Q21287602","candidates":[]}],[{"start":0,"end":15,"url":null,"entity_id":"Q10670718","candidates":[]}]],[[{"start":0,"end":23,"url":null,"entity_id":"Q20010122","candidates":[]}],[{"start":0,"end":31,"url":null,"entity_id":"Q21287602","candidates":[]}],[{"start":0,"end":13,"url":null,"entity_id":"Q10661142","candidates":[]}]],[[{"start":0,"end":5,"url":null,"entity_id":"Q19978800","candidates":[]}],[{"start":0,"end":31,"url":null,"entity_id":"Q21287602","candidates":[]}],[{"start":0,"end":12,"url":null,"entity_id":"Q10559564","candidates":[]}]],[[{"start":0,"end":6,"url":null,"entity_id":"Q19978832","candidates":[]}],[{"start":0,"end":31,"url":null,"entity_id":"Q21287602","candidates":[]}],[{"start":0,"end":13,"url":null,"entity_id":"Q10551866","candidates":[]}]],[[{"start":0,"end":6,"url":null,"entity_id":"Q24701822","candidates":[]}],[{"start":0,"end":31,"url":null,"entity_id":"Q21287602","candidates":[]}],[{"start":0,"end":12,"url":null,"entity_id":"Q10545971","candidates":[]}]],[[{"start":0,"end":6,"url":null,"entity_id":"Q19978825","candidates":[]}],[{"start":0,"end":31,"url":null,"entity_id":"Q21287602","candidates":[]}],[{"start":0,"end":12,"url":null,"entity_id":"Q10545971","candidates":[]}]],[[{"start":0,"end":4,"url":null,"entity_id":"Q19979129","candidates":[]}],[{"start":0,"end":31,"url":null,"entity_id":"Q21287602","candidates":[]}],[{"start":0,"end":15,"url":null,"entity_id":"Q10473020","candidates":[]}]],[[{"start":0,"end":6,"url":null,"entity_id":"Q19979125","candidates":[]}],[{"start":0,"end":31,"url":null,"entity_id":"Q21287602","candidates":[]}],[{"start":0,"end":13,"url":null,"entity_id":"Q10430480","candidates":[]}]]]}