{"version":"1.2","table":{"version":"2","table_id":"79MLOVPJ","columns":[{"index":0,"name":"col0","values":["St Mary's School","St John's School","Stover School","Junior King's School","Northbourne Park School","St Michael's School","Owlswick School","Thornton College","The Chorister School","Livability Nash College","Farringtons School","Pield Heath House RC School","Slindon College","Barrow Hills School","Aldro School","Reeds School","More House School","Maidwell Hall School","Woodbridge School","The Aldenham Foundation"]},{"index":1,"name":"col1","values":["Roman Catholic","Christian","Church of England","Church of England","Church of England","Roman Catholic","Christian","Roman Catholic","Church of England","Christian","Methodism","Roman Catholic","Church of England","Roman Catholic","Christian","Church of England","Catholic Church","Christian","Church of England","Church of England"]},{"index":2,"name":"col2","values":["Dorset","Devon","Devon","Kent","Kent","Hampshire","East Sussex","Buckinghamshire","County Durham","London Borough of Bromley","London Borough of Bromley","London Borough of Hillingdon","West Sussex","Surrey","Surrey","Surrey","Surrey","Northamptonshire","Suffolk","Hertfordshire"]}]},"context":{"page_title":null,"page_url":null,"page_entity_id":null,"content_hierarchy":[]},"links":[[[{"start":0,"end":16,"url":null,"entity_id":"Q67146094","candidates":[]}],[{"start":0,"end":14,"url":null,"entity_id":"Q7361618","candidates":[]}],[{"start":0,"end":6,"url":null,"entity_id":"Q21694711","candidates":[]}]],[[{"start":0,"end":16,"url":null,"entity_id":"Q67146000","candidates":[]}],[{"start":0,"end":9,"url":null,"entity_id":"Q106039","candidates":[]}],[{"start":0,"end":5,"url":null,"entity_id":"Q21694695","candidates":[]}]],[[{"start":0,"end":13,"url":null,"entity_id":"Q67082335","candidates":[]}],[{"start":0,"end":17,"url":null,"entity_id":"Q82708","candidates":[]}],[{"start":0,"end":5,"url":null,"entity_id":"Q21694695","candidates":[]}]],[[{"start":0,"end":20,"url":null,"entity_id":"Q66226643","candidates":[]}],[{"start":0,"end":17,"url":null,"entity_id":"Q82708","candidates":[]}],[{"start":0,"end":4,"url":null,"entity_id":"Q21694674","candidates":[]}]],[[{"start":0,"end":23,"url":null,"entity_id":"Q66226599","candidates":[]}],[{"start":0,"end":17,"url":null,"entity_id":"Q82708","candidates":[]}],[{"start":0,"end":4,"url":null,"entity_id":"Q21694674","candidates":[]}]],[[{"start":0,"end":19,"url":null,"entity_id":"Q67150994","candidates":[]}],[{"start":0,"end":14,"url":null,"entity_id":"Q7361618","candidates":[]}],[{"start":0,"end":9,"url":null,"entity_id":"Q21694653","candidates":[]}]],[[{"start":0,"end":15,"url":null,"entity_id":"Q66224030","candidates":[]}],[{"start":0,"end":9,"url":null,"entity_id":"Q106039","candidates":[]}],[{"start":0,"end":11,"url":null,"entity_id":"Q21694646","candidates":[]}]],[[{"start":0,"end":16,"url":null,"entity_id":"Q66223446","candidates":[]}],[{"start":0,"end":14,"url":null,"entity_id":"Q7361618","candidates":[]}],[{"start":0,"end":15,"url":null,"entity_id":"Q21694636","candidates":[]}]],[[{"start":0,"end":20,"url":null,"entity_id":"Q67148527","candidates":[]}],[{"start":0,"end":17,"url":null,"entity_id":"Q82708","candidates":[]}],[{"start":0,"end":13,"url":null,"entity_id":"Q1137286","candidates":[]}]],[[{"start":0,"end":23,"url":null,"entity_id":"Q66228257","candidates":[]}],[{"start":0,"end":9,"url":null,"entity_id":"Q106039","candidates":[]}],[{"start":0,"end":25,"url":null,"entity_id":"Q208201","candidates":[]}]],[[{"start":0,"end":18,"url":null,"entity_id":"Q67082167","candidates":[]}],[{"start":0,"end":9,"url":null,"entity_id":"Q33203","candidates":[]}],[{"start":0,"end":25,"url":null,"entity_id":"Q208201","candidates":[]}]],[[{"start":0,"end":27,"url":null,"entity_id":"Q66222145","candidates":[]}],[{"start":0,"end":14,"url":null,"entity_id":"Q7361618","candidates":[]}],[{"start":0,"end":28,"url":null,"entity_id":"Q205690","candidates":[]}]],[[{"start":0,"end":15,"url":null,"entity_id":"Q66227848","candidates":[]}],[{"start":0,"end":17,"url":null,"entity_id":"Q82708","candidates":[]}],[{"start":0,"end":11,"url":null,"entity_id":"Q23287","candidates":[]}]],[[{"start":0,"end":19,"url":null,"entity_id":"Q67149197","candidates":[]}],[{"start":0,"end":14,"url":null,"entity_id":"Q7361618","candidates":[]}],[{"start":0,"end":6,"url":null,"entity_id":"Q23276","candidates":[]}]],[[{"start":0,"end":12,"url":null,"entity_id":"Q67146082","candidates":[]}],[{"start":0,"end":9,"url":null,"entity_id":"Q106039","candidates":[]}],[{"start":0,"end":6,"url":null,"entity_id":"Q23276","candidates":[]}]],[[{"start":0,"end":12,"url":null,"entity_id":"Q67151016","candidates":[]}],[{"start":0,"end":17,"url":null,"entity_id":"Q82708","candidates":[]}],[{"start":0,"end":6,"url":null,"entity_id":"Q23276","candidates":[]}]],[[{"start":0,"end":17,"url":null,"entity_id":"Q67146085","candidates":[]}],[{"start":0,"end":15,"url":null,"entity_id":"Q9592","candidates":[]}],[{"start":0,"end":6,"url":null,"entity_id":"Q23276","candidates":[]}]],[[{"start":0,"end":20,"url":null,"entity_id":"Q66226865","candidates":[]}],[{"start":0,"end":9,"url":null,"entity_id":"Q106039","candidates":[]}],[{"start":0,"end":16,"url":null,"entity_id":"Q23115","candidates":[]}]],[[{"start":0,"end":17,"url":null,"entity_id":"Q67146074","candidates":[]}],[{"start":0,"end":17,"url":null,"entity_id":"Q82708","candidates":[]}],[{"start":0,"end":7,"url":null,"entity_id":"Q23111","candidates":[]}]],[[{"start":0,"end":23,"url":null,"entity_id":"Q66225955","candidates":[]}],[{"start":0,"end":17,"url":null,"entity_id":"Q82708","candidates":[]}],[{"start":0,"end":13,"url":null,"entity_id":"Q3410","candidates":[]}]]]}