{"version":"1.2","table":{"version":"2","table_id":"7AB9JSGL","columns":[{"index":0,"name":"col0","values":["Numerical study on spontaneous combustion of coal in U.S. longwall gob areas","Evaluation of high-temperature disposable filter elements in an experimental underground mine","A noise control for a roof bolting machine: collapsible drill steel enclosure","Noise source identification on a continuous mining machine","A measurement method for determining absorption coefficients for underground mines","Study of hand-arm transmitted impulsive vibrations using analytic wavelet transform","Prevention through design concepts for sustainable development of nanomaterials","Investigation of electromagnetic emissions in a deep underground mine","Near real time monitoring of diesel particulate matter in underground mines","The effects of ventilation controls and environmental cabs on diesel particulate matter concentrations in some limestone mines","Research by NIOSH for controlling respirable dust and methane gas on continuous miner faces","Using ventilation control technology to reduce respirable dust exposures at U.S. metal/nonmetal mining operations","Rapid detection and quantitation of fungal spores from dust samples using real-time PCR","Emerging technologies control respirable dust exposures for continuous mining and roof bolting personnel","Differential induction of CYP1A1 and CYP1B1 in normal human mammary cells exposed to benzo[a]pyrene","Over-expression of erbB2 enhances ethanol-stimulated intracellular signaling and invasion of human mammary epithelial and breast cancer cells","Multiplexed analyses of serum antibodies to Bacillus anthracis toxins from cases with cutaneous anthrax in the former Soviet Republic of Kazakhstan","Mechanisms of crystalline silica and coal-induced emphysema development","Activation of protein kinase C is required for silica-induced activation of the MAP kinase-AP-1 pathway","ORAU team worker outreach program's use of TopHat to address worker and stakeholder concerns"]},{"index":1,"name":"col1","values":["Mine ventilation","SME Annual Meeting & Exhibit and CMA's 113th National Western Mining Conference 2011 : Denver, Colorado, USA, 28 February - 2 March 2011.","23rd National Conference on Noise Control Engineering","Proceedings of NoiseCon/ASME NCAD--2008 : presented at NoiseCon2008/ASME NCAD July 28-30, 2008, Dearborn, Michigan USA","35th International Congress and Exposition on Noise Control Engineering (INTER-NOISE 2006).","35th International Congress and Exposition on Noise Control Engineering (INTER-NOISE 2006).","Nanotechnology 2014 : bio sensors, instruments, medical, environment and energy","Controlling seismic risk : sixth International Symposium on Rockburst and Seismicity in Mines proceeding : 9-11 March 2005, Australia","Proceedings of the 12th U.S./North American Mine Ventilation Symposium, June 9-12, 2008, Reno, Nevada","Proceedings of the 12th U.S./North American Mine Ventilation Symposium, June 9-12, 2008, Reno, Nevada","Proceedings of the 7th International Mine Ventilation Congress] : Cracow, Poland, June 17-22, 2001","Eighth International Mine Ventilation Congress : 6 - 8 July 2005, Brisbane, Australia ; [proceedings]","Bioaerosols, fungi, bacteria, mycotoxins and human health : patho-physiology, clinical effects, exposure assessment, prevention and control in indoor environments and work","11th U.S./North American Mine Ventilation Symposium 2006 : proceedings of the 11th North American Mine Ventilation Symposium, the Pennsylvania State University, University Park, Pennsylvania, USA, 5-7 June 2006","Proceedings / Annual Meeting of the American Association for Cancer Research [and] Annual Meeting of the American Society of Clinical Oncology","Proceedings / Annual Meeting of the American Association for Cancer Research [and] Annual Meeting of the American Society of Clinical Oncology","Abstracts of papers / American Chemical Society","La Medicina del lavoro","La Medicina del lavoro","Health Physics"]},{"index":2,"name":"col2","values":["2009-11-01","2011-08-01","2008-07-28","2008-01-01","2007-08-01","2007-08-01","2014-06-01","2005-03-01","2008-06-09","2008-06-09","2001-06-17","2005-07-06","2005-03-01","2006-05-15","2003-03-05","2003-07-01","2003-09-01","2002-10-25","2002-10-25","2005-07-01"]}]},"context":{"page_title":null,"page_url":null,"page_entity_id":null,"content_hierarchy":[]},"links":[[[{"start":0,"end":76,"url":null,"entity_id":"Q24266528","candidates":[]}],[{"start":0,"end":16,"url":null,"entity_id":"Q27038924","candidates":[]}],[]],[[{"start":0,"end":93,"url":null,"entity_id":"Q24266833","candidates":[]}],[{"start":0,"end":137,"url":null,"entity_id":"Q27038880","candidates":[]}],[]],[[{"start":0,"end":77,"url":null,"entity_id":"Q24266662","candidates":[]}],[{"start":0,"end":53,"url":null,"entity_id":"Q27038867","candidates":[]}],[]],[[{"start":0,"end":58,"url":null,"entity_id":"Q24353151","candidates":[]}],[{"start":0,"end":118,"url":null,"entity_id":"Q27038482","candidates":[]}],[]],[[{"start":0,"end":82,"url":null,"entity_id":"Q24353254","candidates":[]}],[{"start":0,"end":91,"url":null,"entity_id":"Q27038370","candidates":[]}],[]],[[{"start":0,"end":83,"url":null,"entity_id":"Q24351799","candidates":[]}],[{"start":0,"end":91,"url":null,"entity_id":"Q27038370","candidates":[]}],[]],[[{"start":0,"end":79,"url":null,"entity_id":"Q24276122","candidates":[]}],[{"start":0,"end":79,"url":null,"entity_id":"Q27038367","candidates":[]}],[]],[[{"start":0,"end":69,"url":null,"entity_id":"Q24266775","candidates":[]}],[{"start":0,"end":133,"url":null,"entity_id":"Q27038360","candidates":[]}],[]],[[{"start":0,"end":75,"url":null,"entity_id":"Q24273131","candidates":[]}],[{"start":0,"end":101,"url":null,"entity_id":"Q27038355","candidates":[]}],[]],[[{"start":0,"end":126,"url":null,"entity_id":"Q24266322","candidates":[]}],[{"start":0,"end":101,"url":null,"entity_id":"Q27038355","candidates":[]}],[]],[[{"start":0,"end":91,"url":null,"entity_id":"Q24349197","candidates":[]}],[{"start":0,"end":98,"url":null,"entity_id":"Q26880028","candidates":[]}],[]],[[{"start":0,"end":113,"url":null,"entity_id":"Q24266315","candidates":[]}],[{"start":0,"end":101,"url":null,"entity_id":"Q26880013","candidates":[]}],[]],[[{"start":0,"end":87,"url":null,"entity_id":"Q24266826","candidates":[]}],[{"start":0,"end":171,"url":null,"entity_id":"Q26880001","candidates":[]}],[]],[[{"start":0,"end":104,"url":null,"entity_id":"Q24266553","candidates":[]}],[{"start":0,"end":210,"url":null,"entity_id":"Q26879964","candidates":[]}],[]],[[{"start":0,"end":99,"url":null,"entity_id":"Q24350563","candidates":[]}],[{"start":0,"end":142,"url":null,"entity_id":"Q26839881","candidates":[]}],[]],[[{"start":0,"end":141,"url":null,"entity_id":"Q24276256","candidates":[]}],[{"start":0,"end":142,"url":null,"entity_id":"Q26839881","candidates":[]}],[]],[[{"start":0,"end":147,"url":null,"entity_id":"Q24354197","candidates":[]}],[{"start":0,"end":47,"url":null,"entity_id":"Q26839853","candidates":[]}],[]],[[{"start":0,"end":71,"url":null,"entity_id":"Q24351724","candidates":[]}],[{"start":0,"end":22,"url":null,"entity_id":"Q26839818","candidates":[]}],[]],[[{"start":0,"end":103,"url":null,"entity_id":"Q24266845","candidates":[]}],[{"start":0,"end":22,"url":null,"entity_id":"Q26839818","candidates":[]}],[]],[[{"start":0,"end":92,"url":null,"entity_id":"Q24353676","candidates":[]}],[{"start":0,"end":14,"url":null,"entity_id":"Q15762403","candidates":[]}],[]]]}