{"version":"1.2","table":{"version":"2","table_id":"7BIV1OJ3","columns":[{"index":0,"name":"col0","values":["2020 Wallan derailment","Santa Teresa Tram derailment","Livraga train derailment","Hung Hom Station Derailment","2018 KTX Gangneung Station train derailment","2018 Bouknadel train derailment","2018 Yilan train derailment","train derailment near Alton, Iowa","Pioltello train derailment","2017 Washington train derailment","2017 Muzaffarnagar train derailment","2017 Leuven derailment","Kuneru train derailment","2016 Croydon tram derailment","2016 Eséka train derailment","2016 Chester, Pennsylvania train derailment","1936 Añorga derailment","Eckwersheim derailment","Harda twin train derailment","2015 Philadelphia train derailment"]},{"index":1,"name":"col1","values":["2","6","2","0","0","10","18","0","3","3","23","1","41","7","79","0","4","11","31","8"]},{"index":2,"name":"col2","values":["12","50","31","8","14","125","190","0","46","77","70","27","68","51","551","41","50","42","100","200"]}]},"context":{"page_title":null,"page_url":null,"page_entity_id":null,"content_hierarchy":[]},"links":[[[{"start":0,"end":22,"url":null,"entity_id":"Q85721207","candidates":[]}],[],[]],[[{"start":0,"end":28,"url":null,"entity_id":"Q85632543","candidates":[]}],[],[]],[[{"start":0,"end":24,"url":null,"entity_id":"Q84486234","candidates":[]}],[],[]],[[{"start":0,"end":27,"url":null,"entity_id":"Q67882871","candidates":[]}],[],[]],[[{"start":0,"end":43,"url":null,"entity_id":"Q59562466","candidates":[]}],[],[]],[[{"start":0,"end":31,"url":null,"entity_id":"Q57610925","candidates":[]}],[],[]],[[{"start":0,"end":27,"url":null,"entity_id":"Q57580401","candidates":[]}],[],[]],[[{"start":0,"end":33,"url":null,"entity_id":"Q56716244","candidates":[]}],[],[]],[[{"start":0,"end":26,"url":null,"entity_id":"Q47492725","candidates":[]}],[],[]],[[{"start":0,"end":32,"url":null,"entity_id":"Q46014043","candidates":[]}],[],[]],[[{"start":0,"end":35,"url":null,"entity_id":"Q37331934","candidates":[]}],[],[]],[[{"start":0,"end":22,"url":null,"entity_id":"Q28827936","candidates":[]}],[],[]],[[{"start":0,"end":23,"url":null,"entity_id":"Q28468916","candidates":[]}],[],[]],[[{"start":0,"end":28,"url":null,"entity_id":"Q27807478","candidates":[]}],[],[]],[[{"start":0,"end":27,"url":null,"entity_id":"Q27500955","candidates":[]}],[],[]],[[{"start":0,"end":43,"url":null,"entity_id":"Q23701778","candidates":[]}],[],[]],[[{"start":0,"end":22,"url":null,"entity_id":"Q23656870","candidates":[]}],[],[]],[[{"start":0,"end":22,"url":null,"entity_id":"Q21482333","candidates":[]}],[],[]],[[{"start":0,"end":27,"url":null,"entity_id":"Q20750773","candidates":[]}],[],[]],[[{"start":0,"end":34,"url":null,"entity_id":"Q19901271","candidates":[]}],[],[]]]}