{"version":"1.2","table":{"version":"2","table_id":"7COG0286","columns":[{"index":0,"name":"col0","values":["Lakshminarasupeta mandal","Boath mandal","Brahmamgarimattam mandal","Tamsi mandal","Madhira mandal","Palasa mandal","Rajam mandal","Peddapuram mandal","Markapur mandal","Rayadurg mandal","Sompeta mandal","Jaggaiahpet mandal","Mamda mandal","G.Konduru mandal","Pedaparupudi mandal","Nandivada mandal","Mudinepalli mandal","Mandavalli mandal","Gudlavalleru mandal","Unguturu mandal"]},{"index":1,"name":"col1","values":["7537","11046","9269","9184","19148","24307","23493","35101","29906","20939","19874","32711","7698","15666","9625","11247","18741","13900","14821","15839"]},{"index":2,"name":"col2","values":["0","0","0","0","22716","49899","23424","45520","58462","54125","17423","40373","0","0","0","0","0","0","0","0"]}]},"context":{"page_title":null,"page_url":null,"page_entity_id":null,"content_hierarchy":[]},"links":[[[{"start":0,"end":24,"url":null,"entity_id":"Q3416746","candidates":[]}],[],[]],[[{"start":0,"end":12,"url":null,"entity_id":"Q3412911","candidates":[]}],[],[]],[[{"start":0,"end":24,"url":null,"entity_id":"Q3412904","candidates":[]}],[],[]],[[{"start":0,"end":12,"url":null,"entity_id":"Q3411620","candidates":[]}],[],[]],[[{"start":0,"end":14,"url":null,"entity_id":"Q3317083","candidates":[]}],[],[]],[[{"start":0,"end":13,"url":null,"entity_id":"Q2734083","candidates":[]}],[],[]],[[{"start":0,"end":12,"url":null,"entity_id":"Q2734072","candidates":[]}],[],[]],[[{"start":0,"end":17,"url":null,"entity_id":"Q2734067","candidates":[]}],[],[]],[[{"start":0,"end":15,"url":null,"entity_id":"Q2572847","candidates":[]}],[],[]],[[{"start":0,"end":15,"url":null,"entity_id":"Q2562532","candidates":[]}],[],[]],[[{"start":0,"end":14,"url":null,"entity_id":"Q2229065","candidates":[]}],[],[]],[[{"start":0,"end":18,"url":null,"entity_id":"Q2010431","candidates":[]}],[],[]],[[{"start":0,"end":12,"url":null,"entity_id":"Q976202","candidates":[]}],[],[]],[[{"start":0,"end":16,"url":null,"entity_id":"Q48728359","candidates":[]}],[],[]],[[{"start":0,"end":19,"url":null,"entity_id":"Q48728356","candidates":[]}],[],[]],[[{"start":0,"end":16,"url":null,"entity_id":"Q48728353","candidates":[]}],[],[]],[[{"start":0,"end":18,"url":null,"entity_id":"Q48728348","candidates":[]}],[],[]],[[{"start":0,"end":17,"url":null,"entity_id":"Q48728344","candidates":[]}],[],[]],[[{"start":0,"end":19,"url":null,"entity_id":"Q48728342","candidates":[]}],[],[]],[[{"start":0,"end":15,"url":null,"entity_id":"Q48728338","candidates":[]}],[],[]]]}