{"version":"1.2","table":{"version":"2","table_id":"7EOM21ZJ","columns":[{"index":0,"name":"col0","values":["The Defeat of Sisera","Crucifixion with Mary Magdalen","The Crucifixion of Saint Peter","The Crucifixion","Crucifixion","Christ carrying the cross","Lamentation over the dead Christ","The Circumcision of Christ","The Circumcision","Dinner in the House of Simon the Pharisee","Crucifixion of Christ","Annunciation","The Annunciation","Adoration of the Shepherds","Adoration of the Magi","The Adoration of the Magi","The Adoration of the Magi","Head of Christ","The Holy Family","The Nativity"]},{"index":1,"name":"col1","values":["Italy","Italy","Italy","Italy","Italy","Italy","Italy","Italy","Italy","Italy","Spain","Italy","Italy","Italy","Italy","Italy","Italy","Flanders","Italy","Italy"]},{"index":2,"name":"col2","values":["Christianity","Christianity","Christianity","Christianity","Christianity","Christianity","Christianity","Christianity","Christianity","Christianity","Christianity","Christianity","Christianity","Christianity","Christianity","Christianity","Christianity","Christianity","Christianity","Christianity"]}]},"context":{"page_title":null,"page_url":null,"page_entity_id":null,"content_hierarchy":[]},"links":[[[{"start":0,"end":20,"url":null,"entity_id":"Q3710016","candidates":[]}],[{"start":0,"end":5,"url":null,"entity_id":"Q38","candidates":[]}],[{"start":0,"end":12,"url":null,"entity_id":"Q5043","candidates":[]}]],[[{"start":0,"end":30,"url":null,"entity_id":"Q3698237","candidates":[]}],[{"start":0,"end":5,"url":null,"entity_id":"Q38","candidates":[]}],[{"start":0,"end":12,"url":null,"entity_id":"Q5043","candidates":[]}]],[[{"start":0,"end":30,"url":null,"entity_id":"Q3698230","candidates":[]}],[{"start":0,"end":5,"url":null,"entity_id":"Q38","candidates":[]}],[{"start":0,"end":12,"url":null,"entity_id":"Q5043","candidates":[]}]],[[{"start":0,"end":15,"url":null,"entity_id":"Q3698202","candidates":[]}],[{"start":0,"end":5,"url":null,"entity_id":"Q38","candidates":[]}],[{"start":0,"end":12,"url":null,"entity_id":"Q5043","candidates":[]}]],[[{"start":0,"end":11,"url":null,"entity_id":"Q3698197","candidates":[]}],[{"start":0,"end":5,"url":null,"entity_id":"Q38","candidates":[]}],[{"start":0,"end":12,"url":null,"entity_id":"Q5043","candidates":[]}]],[[{"start":0,"end":25,"url":null,"entity_id":"Q3697664","candidates":[]}],[{"start":0,"end":5,"url":null,"entity_id":"Q38","candidates":[]}],[{"start":0,"end":12,"url":null,"entity_id":"Q5043","candidates":[]}]],[[{"start":0,"end":32,"url":null,"entity_id":"Q3685129","candidates":[]}],[{"start":0,"end":5,"url":null,"entity_id":"Q38","candidates":[]}],[{"start":0,"end":12,"url":null,"entity_id":"Q5043","candidates":[]}]],[[{"start":0,"end":26,"url":null,"entity_id":"Q3677600","candidates":[]}],[{"start":0,"end":5,"url":null,"entity_id":"Q38","candidates":[]}],[{"start":0,"end":12,"url":null,"entity_id":"Q5043","candidates":[]}]],[[{"start":0,"end":16,"url":null,"entity_id":"Q3677599","candidates":[]}],[{"start":0,"end":5,"url":null,"entity_id":"Q38","candidates":[]}],[{"start":0,"end":12,"url":null,"entity_id":"Q5043","candidates":[]}]],[[{"start":0,"end":41,"url":null,"entity_id":"Q3664361","candidates":[]}],[{"start":0,"end":5,"url":null,"entity_id":"Q38","candidates":[]}],[{"start":0,"end":12,"url":null,"entity_id":"Q5043","candidates":[]}]],[[{"start":0,"end":21,"url":null,"entity_id":"Q3698263","candidates":[]}],[{"start":0,"end":5,"url":null,"entity_id":"Q29","candidates":[]}],[{"start":0,"end":12,"url":null,"entity_id":"Q5043","candidates":[]}]],[[{"start":0,"end":12,"url":null,"entity_id":"Q3618185","candidates":[]}],[{"start":0,"end":5,"url":null,"entity_id":"Q38","candidates":[]}],[{"start":0,"end":12,"url":null,"entity_id":"Q5043","candidates":[]}]],[[{"start":0,"end":16,"url":null,"entity_id":"Q3618173","candidates":[]}],[{"start":0,"end":5,"url":null,"entity_id":"Q38","candidates":[]}],[{"start":0,"end":12,"url":null,"entity_id":"Q5043","candidates":[]}]],[[{"start":0,"end":26,"url":null,"entity_id":"Q3605554","candidates":[]}],[{"start":0,"end":5,"url":null,"entity_id":"Q38","candidates":[]}],[{"start":0,"end":12,"url":null,"entity_id":"Q5043","candidates":[]}]],[[{"start":0,"end":21,"url":null,"entity_id":"Q3605540","candidates":[]}],[{"start":0,"end":5,"url":null,"entity_id":"Q38","candidates":[]}],[{"start":0,"end":12,"url":null,"entity_id":"Q5043","candidates":[]}]],[[{"start":0,"end":25,"url":null,"entity_id":"Q3605535","candidates":[]}],[{"start":0,"end":5,"url":null,"entity_id":"Q38","candidates":[]}],[{"start":0,"end":12,"url":null,"entity_id":"Q5043","candidates":[]}]],[[{"start":0,"end":25,"url":null,"entity_id":"Q3605528","candidates":[]}],[{"start":0,"end":5,"url":null,"entity_id":"Q38","candidates":[]}],[{"start":0,"end":12,"url":null,"entity_id":"Q5043","candidates":[]}]],[[{"start":0,"end":14,"url":null,"entity_id":"Q3546958","candidates":[]}],[{"start":0,"end":8,"url":null,"entity_id":"Q234","candidates":[]}],[{"start":0,"end":12,"url":null,"entity_id":"Q5043","candidates":[]}]],[[{"start":0,"end":15,"url":null,"entity_id":"Q3212684","candidates":[]}],[{"start":0,"end":5,"url":null,"entity_id":"Q38","candidates":[]}],[{"start":0,"end":12,"url":null,"entity_id":"Q5043","candidates":[]}]],[[{"start":0,"end":12,"url":null,"entity_id":"Q3211055","candidates":[]}],[{"start":0,"end":5,"url":null,"entity_id":"Q38","candidates":[]}],[{"start":0,"end":12,"url":null,"entity_id":"Q5043","candidates":[]}]]]}