{"version":"1.2","table":{"version":"2","table_id":"7GP9S159","columns":[{"index":0,"name":"col0","values":["Marmee March","Hannah Mullet","Mrs. Reynolds","Mr. Poole","John Brooke","Aunt Carrol","Aunt March","Mr. Laurence","Colonel Forster","Colonel Fitzwilliam","Mrs. Hurst","Françoise","Ebling Mis","Mister Geppetto","George Wickham","Pierre Gringoire","Bergotte","Mr William Collins","Atreyu","Arthur Holmwood"]},{"index":1,"name":"col1","values":["supporting character","supporting character","supporting character","supporting character","supporting character","supporting character","supporting character","supporting character","supporting character","supporting character","supporting character","supporting character","supporting character","supporting character","supporting character","supporting character","supporting character","supporting character","deuteragonist","supporting character"]},{"index":2,"name":"col2","values":["social worker","housekeeper","housekeeper","butler","in-home tutor","socialite","socialite","merchant","military officer","military officer","singer","fictional domestic worker","fictional scientist","wood carver","soldier","fictional writer","fictional writer","cleric","warrior","vampire hunter"]}]},"context":{"page_title":null,"page_url":null,"page_entity_id":null,"content_hierarchy":[]},"links":[[[{"start":0,"end":12,"url":null,"entity_id":"Q84764771","candidates":[]}],[{"start":0,"end":20,"url":null,"entity_id":"Q2595584","candidates":[]}],[{"start":0,"end":13,"url":null,"entity_id":"Q7019111","candidates":[]}]],[[{"start":0,"end":13,"url":null,"entity_id":"Q84765791","candidates":[]}],[{"start":0,"end":20,"url":null,"entity_id":"Q2595584","candidates":[]}],[{"start":0,"end":11,"url":null,"entity_id":"Q2596569","candidates":[]}]],[[{"start":0,"end":13,"url":null,"entity_id":"Q64019259","candidates":[]}],[{"start":0,"end":20,"url":null,"entity_id":"Q2595584","candidates":[]}],[{"start":0,"end":11,"url":null,"entity_id":"Q2596569","candidates":[]}]],[[{"start":0,"end":9,"url":null,"entity_id":"Q61933393","candidates":[]}],[{"start":0,"end":20,"url":null,"entity_id":"Q2595584","candidates":[]}],[{"start":0,"end":6,"url":null,"entity_id":"Q833899","candidates":[]}]],[[{"start":0,"end":11,"url":null,"entity_id":"Q84821437","candidates":[]}],[{"start":0,"end":20,"url":null,"entity_id":"Q2595584","candidates":[]}],[{"start":0,"end":13,"url":null,"entity_id":"Q656823","candidates":[]}]],[[{"start":0,"end":11,"url":null,"entity_id":"Q84766191","candidates":[]}],[{"start":0,"end":20,"url":null,"entity_id":"Q2595584","candidates":[]}],[{"start":0,"end":9,"url":null,"entity_id":"Q512314","candidates":[]}]],[[{"start":0,"end":10,"url":null,"entity_id":"Q84764629","candidates":[]}],[{"start":0,"end":20,"url":null,"entity_id":"Q2595584","candidates":[]}],[{"start":0,"end":9,"url":null,"entity_id":"Q512314","candidates":[]}]],[[{"start":0,"end":12,"url":null,"entity_id":"Q84766554","candidates":[]}],[{"start":0,"end":20,"url":null,"entity_id":"Q2595584","candidates":[]}],[{"start":0,"end":8,"url":null,"entity_id":"Q215536","candidates":[]}]],[[{"start":0,"end":15,"url":null,"entity_id":"Q64019255","candidates":[]}],[{"start":0,"end":20,"url":null,"entity_id":"Q2595584","candidates":[]}],[{"start":0,"end":16,"url":null,"entity_id":"Q189290","candidates":[]}]],[[{"start":0,"end":19,"url":null,"entity_id":"Q64019244","candidates":[]}],[{"start":0,"end":20,"url":null,"entity_id":"Q2595584","candidates":[]}],[{"start":0,"end":16,"url":null,"entity_id":"Q189290","candidates":[]}]],[[{"start":0,"end":10,"url":null,"entity_id":"Q64019247","candidates":[]}],[{"start":0,"end":20,"url":null,"entity_id":"Q2595584","candidates":[]}],[{"start":0,"end":6,"url":null,"entity_id":"Q177220","candidates":[]}]],[[{"start":0,"end":9,"url":null,"entity_id":"Q3086381","candidates":[]}],[{"start":0,"end":20,"url":null,"entity_id":"Q2595584","candidates":[]}],[{"start":0,"end":25,"url":null,"entity_id":"Q76451540","candidates":[]}]],[[{"start":0,"end":10,"url":null,"entity_id":"Q3046843","candidates":[]}],[{"start":0,"end":20,"url":null,"entity_id":"Q2595584","candidates":[]}],[{"start":0,"end":19,"url":null,"entity_id":"Q76451247","candidates":[]}]],[[{"start":0,"end":15,"url":null,"entity_id":"Q1428120","candidates":[]}],[{"start":0,"end":20,"url":null,"entity_id":"Q2595584","candidates":[]}],[{"start":0,"end":11,"url":null,"entity_id":"Q6138343","candidates":[]}]],[[{"start":0,"end":14,"url":null,"entity_id":"Q2250982","candidates":[]}],[{"start":0,"end":20,"url":null,"entity_id":"Q2595584","candidates":[]}],[{"start":0,"end":7,"url":null,"entity_id":"Q4991371","candidates":[]}]],[[{"start":0,"end":16,"url":null,"entity_id":"Q3903452","candidates":[]}],[{"start":0,"end":20,"url":null,"entity_id":"Q2595584","candidates":[]}],[{"start":0,"end":16,"url":null,"entity_id":"Q3953096","candidates":[]}]],[[{"start":0,"end":8,"url":null,"entity_id":"Q2897129","candidates":[]}],[{"start":0,"end":20,"url":null,"entity_id":"Q2595584","candidates":[]}],[{"start":0,"end":16,"url":null,"entity_id":"Q3953096","candidates":[]}]],[[{"start":0,"end":18,"url":null,"entity_id":"Q2289525","candidates":[]}],[{"start":0,"end":20,"url":null,"entity_id":"Q2595584","candidates":[]}],[{"start":0,"end":6,"url":null,"entity_id":"Q2259532","candidates":[]}]],[[{"start":0,"end":6,"url":null,"entity_id":"Q13581318","candidates":[]}],[{"start":0,"end":13,"url":null,"entity_id":"Q2479076","candidates":[]}],[{"start":0,"end":7,"url":null,"entity_id":"Q1250916","candidates":[]}]],[[{"start":0,"end":15,"url":null,"entity_id":"Q1884939","candidates":[]}],[{"start":0,"end":20,"url":null,"entity_id":"Q2595584","candidates":[]}],[{"start":0,"end":14,"url":null,"entity_id":"Q1058307","candidates":[]}]]]}