{"version":"1.2","table":{"version":"2","table_id":"7LPT3VTR","columns":[{"index":0,"name":"col0","values":["alovci Municipality","agorje ob Vavi Municipallty","Vransko Municipblity","Vodice Munkcipality","Vitanje Municpality","Trebnje!Municipality","Rečca ob Savinji Municipality","Ravne naKoroškem Municipamity","Radee Municipality","Žužemberk Municiqality","Grosuplje Municipaity","Cankova Municipaity","Borovnica Municipaliy","Bistrica ob Sotli Municiality","Hodoš Mxnicipality","Dqbrovnik Municipality","Lenart Municipaliy","Cerkno Municpality","Kstanjevica na Krki Municipality","Izolc Municipality"]},{"index":1,"name":"col1","values":["291.02299999999997","521.108","421.88","328.308","449.898","289.0","451.896","554.445","293.82","234.08799999999997","323.066","213.065","425.86","227.93","207.119","173.032","291.02299999999997","324.576","154.69","29.144999999999996"]},{"index":2,"name":"col2","values":["57.967200000000005","148.12969999999999","53.833","31.211599999999997","59.6376","193.83","30.3709","63.273199999999996","52.05199999999999","164.3","133.39860000000002","30.508200000000002","42.1731","30.9756","18.0638","31.0378","62.55799999999999","132.916","58.416599999999995","28.743"]}]},"context":{"page_title":null,"page_url":null,"page_entity_id":null,"content_hierarchy":[]},"links":[[[{"start":0,"end":19,"url":null,"entity_id":"Q13378373","candidates":[]}],[],[]],[[{"start":0,"end":27,"url":null,"entity_id":"Q13378328","candidates":[]}],[],[]],[[{"start":0,"end":20,"url":null,"entity_id":"Q13378299","candidates":[]}],[],[]],[[{"start":0,"end":19,"url":null,"entity_id":"Q13378292","candidates":[]}],[],[]],[[{"start":0,"end":19,"url":null,"entity_id":"Q13378288","candidates":[]}],[],[]],[[{"start":0,"end":20,"url":null,"entity_id":"Q13378243","candidates":[]}],[],[]],[[{"start":0,"end":29,"url":null,"entity_id":"Q13378058","candidates":[]}],[],[]],[[{"start":0,"end":29,"url":null,"entity_id":"Q13378051","candidates":[]}],[],[]],[[{"start":0,"end":18,"url":null,"entity_id":"Q13377986","candidates":[]}],[],[]],[[{"start":0,"end":22,"url":null,"entity_id":"Q13377798","candidates":[]}],[],[]],[[{"start":0,"end":21,"url":null,"entity_id":"Q13377778","candidates":[]}],[],[]],[[{"start":0,"end":19,"url":null,"entity_id":"Q13377751","candidates":[]}],[],[]],[[{"start":0,"end":21,"url":null,"entity_id":"Q13377747","candidates":[]}],[],[]],[[{"start":0,"end":29,"url":null,"entity_id":"Q13377731","candidates":[]}],[],[]],[[{"start":0,"end":18,"url":null,"entity_id":"Q13365904","candidates":[]}],[],[]],[[{"start":0,"end":22,"url":null,"entity_id":"Q13365892","candidates":[]}],[],[]],[[{"start":0,"end":18,"url":null,"entity_id":"Q13365883","candidates":[]}],[],[]],[[{"start":0,"end":18,"url":null,"entity_id":"Q13220435","candidates":[]}],[],[]],[[{"start":0,"end":32,"url":null,"entity_id":"Q12062190","candidates":[]}],[],[]],[[{"start":0,"end":18,"url":null,"entity_id":"Q12042076","candidates":[]}],[],[]]]}