{"version":"1.2","table":{"version":"2","table_id":"7LQVW705","columns":[{"index":0,"name":"col0","values":["Gdańsk-Rębiechowo border crossing","Kraków-Balice border crossing","Zasieki-Forst border crossing","Gołkowice-Závada border crossing","Gozdowice-Güstebieser Loose border crossing","Okrzeszyn-Petříkovice border crossing","Osinów Dolny-Hohenwutzen border crossing","Miłów-Eisenhüttenstadt border crossing","Kołbaskowo-Pomellen border crossing","Kostrzyn-Kietz border crossing","Głuchołazy-Mikulovice border crossing","Gubinek-Guben border crossing","Buk-Blankensee border crossing","Budzisko-Kalvarija border crossing","Bobolin-Schwennenz border crossing","Trzebież border crossing","Mrzeżyno border crossing","Frombork border crossing","Łęknica (Park Mużakowski)-Bad Muskau (Fürst-Pückler-Park) border crossing","Trakiszki-Szestokaj border crossing"]},{"index":1,"name":"col1","values":["border","border","border","border","border","border","border","border","border","border","border","border","border","border","border","border","border","border","border","border"]},{"index":2,"name":"col2","values":["1967-01-01","1967-01-01","2003-09-24","1960-04-13","2007-10-20","1999-01-01","2004-06-07","1945-01-01","1964-09-18","1992-11-21","1952-01-01","2003-04-06","1993-01-01","1992-12-01","1993-01-01","1962-01-01","1969-01-01","1991-01-01","2007-08-16","1992-12-01"]}]},"context":{"page_title":null,"page_url":null,"page_entity_id":null,"content_hierarchy":[]},"links":[[[{"start":0,"end":33,"url":null,"entity_id":"Q30908492","candidates":[]}],[{"start":0,"end":6,"url":null,"entity_id":"Q133346","candidates":[]}],[]],[[{"start":0,"end":29,"url":null,"entity_id":"Q30907229","candidates":[]}],[{"start":0,"end":6,"url":null,"entity_id":"Q133346","candidates":[]}],[]],[[{"start":0,"end":29,"url":null,"entity_id":"Q16592148","candidates":[]}],[{"start":0,"end":6,"url":null,"entity_id":"Q133346","candidates":[]}],[]],[[{"start":0,"end":32,"url":null,"entity_id":"Q16591941","candidates":[]}],[{"start":0,"end":6,"url":null,"entity_id":"Q133346","candidates":[]}],[]],[[{"start":0,"end":43,"url":null,"entity_id":"Q16591937","candidates":[]}],[{"start":0,"end":6,"url":null,"entity_id":"Q133346","candidates":[]}],[]],[[{"start":0,"end":37,"url":null,"entity_id":"Q15846152","candidates":[]}],[{"start":0,"end":6,"url":null,"entity_id":"Q133346","candidates":[]}],[]],[[{"start":0,"end":40,"url":null,"entity_id":"Q11828680","candidates":[]}],[{"start":0,"end":6,"url":null,"entity_id":"Q133346","candidates":[]}],[]],[[{"start":0,"end":38,"url":null,"entity_id":"Q11828668","candidates":[]}],[{"start":0,"end":6,"url":null,"entity_id":"Q133346","candidates":[]}],[]],[[{"start":0,"end":35,"url":null,"entity_id":"Q11828645","candidates":[]}],[{"start":0,"end":6,"url":null,"entity_id":"Q133346","candidates":[]}],[]],[[{"start":0,"end":30,"url":null,"entity_id":"Q11828641","candidates":[]}],[{"start":0,"end":6,"url":null,"entity_id":"Q133346","candidates":[]}],[]],[[{"start":0,"end":37,"url":null,"entity_id":"Q11828622","candidates":[]}],[{"start":0,"end":6,"url":null,"entity_id":"Q133346","candidates":[]}],[]],[[{"start":0,"end":29,"url":null,"entity_id":"Q11828619","candidates":[]}],[{"start":0,"end":6,"url":null,"entity_id":"Q133346","candidates":[]}],[]],[[{"start":0,"end":30,"url":null,"entity_id":"Q11828594","candidates":[]}],[{"start":0,"end":6,"url":null,"entity_id":"Q133346","candidates":[]}],[]],[[{"start":0,"end":34,"url":null,"entity_id":"Q11828593","candidates":[]}],[{"start":0,"end":6,"url":null,"entity_id":"Q133346","candidates":[]}],[]],[[{"start":0,"end":34,"url":null,"entity_id":"Q11828589","candidates":[]}],[{"start":0,"end":6,"url":null,"entity_id":"Q133346","candidates":[]}],[]],[[{"start":0,"end":24,"url":null,"entity_id":"Q11785625","candidates":[]}],[{"start":0,"end":6,"url":null,"entity_id":"Q133346","candidates":[]}],[]],[[{"start":0,"end":24,"url":null,"entity_id":"Q11785622","candidates":[]}],[{"start":0,"end":6,"url":null,"entity_id":"Q133346","candidates":[]}],[]],[[{"start":0,"end":24,"url":null,"entity_id":"Q11785613","candidates":[]}],[{"start":0,"end":6,"url":null,"entity_id":"Q133346","candidates":[]}],[]],[[{"start":0,"end":73,"url":null,"entity_id":"Q11828732","candidates":[]}],[{"start":0,"end":6,"url":null,"entity_id":"Q133346","candidates":[]}],[]],[[{"start":0,"end":35,"url":null,"entity_id":"Q11828709","candidates":[]}],[{"start":0,"end":6,"url":null,"entity_id":"Q133346","candidates":[]}],[]]]}