{"version":"1.2","table":{"version":"2","table_id":"7NA4X4LC","columns":[{"index":0,"name":"col0","values":["ndia Metforological Department","Met Ékreann","Central Institute for Methorology and Geodynamics","Malaysian Meteorologkcal Department","Nctional Weather Service","Euskammet","Met Offkce","Tuvalu Meteorological Servjce","Meteotological Service of New Zealand","Federcl Office of Meteorology and Climauology MeteoSwiss","Bureau of Meveorolqg","Agencia Estatal de Meeorología","Danish Meteoological Institute","Cuban Metgorological Institute","Meteorological Service of Catalona","Japan Meteorological Agepcy","PGASA","Pakistan Meteorological Departent","China Meteoologicdl Administration","Météo-Grance"]},{"index":1,"name":"col1","values":["India","Ireland","Austria","Malaysia","United States of America","Spain","United Kingdom","Tuvalu","New Zealand","Switzerland","Australia","Spain","Denmark","Cuba","Spain","Japan","Philippines","Pakistan","People's Republic of China","France"]},{"index":2,"name":"col2","values":["Lodhi Road","Glasnevin","Hohe Warte","Petaling Jaya","Silver Spring","Miñano Mayor","Exeter","Funafuti","Wellington","Zurich Airport","Melbourne","Madrid","Copenhagen","Havana","Barcelona","Tokyo","Quezon City","Islamabad","Beijing","Paris"]},{"index":3,"name":"col3","values":["1875/01/01","1936/01/01","1851/01/01","1946/01/01","1970/10/01","1990/06/19","1854/01/01","1951/01/01","1992/01/01","1880/01/01","1908/01/01","1887/08/12","1872/01/01","1965/01/01","1921/01/01","1875/01/01","1972/12/08","1947/01/01","1949/01/01","1993/06/01"]}]},"context":{"page_title":null,"page_url":null,"page_entity_id":null,"content_hierarchy":[]},"links":[[[{"start":0,"end":30,"url":null,"entity_id":"Q923628","candidates":[]}],[{"start":0,"end":5,"url":null,"entity_id":"Q668","candidates":[]}],[{"start":0,"end":10,"url":null,"entity_id":"Q6666365","candidates":[]}],[]],[[{"start":0,"end":11,"url":null,"entity_id":"Q6822234","candidates":[]}],[{"start":0,"end":7,"url":null,"entity_id":"Q27","candidates":[]}],[{"start":0,"end":9,"url":null,"entity_id":"Q2021986","candidates":[]}],[]],[[{"start":0,"end":49,"url":null,"entity_id":"Q190033","candidates":[]}],[{"start":0,"end":7,"url":null,"entity_id":"Q40","candidates":[]}],[{"start":0,"end":10,"url":null,"entity_id":"Q876564","candidates":[]}],[]],[[{"start":0,"end":35,"url":null,"entity_id":"Q7354388","candidates":[]}],[{"start":0,"end":8,"url":null,"entity_id":"Q833","candidates":[]}],[{"start":0,"end":13,"url":null,"entity_id":"Q864965","candidates":[]}],[]],[[{"start":0,"end":24,"url":null,"entity_id":"Q1066823","candidates":[]}],[{"start":0,"end":24,"url":null,"entity_id":"Q30","candidates":[]}],[{"start":0,"end":13,"url":null,"entity_id":"Q755741","candidates":[]}],[]],[[{"start":0,"end":9,"url":null,"entity_id":"Q3061001","candidates":[]}],[{"start":0,"end":5,"url":null,"entity_id":"Q29","candidates":[]}],[{"start":0,"end":12,"url":null,"entity_id":"Q625440","candidates":[]}],[]],[[{"start":0,"end":10,"url":null,"entity_id":"Q1851405","candidates":[]}],[{"start":0,"end":14,"url":null,"entity_id":"Q145","candidates":[]}],[{"start":0,"end":6,"url":null,"entity_id":"Q134672","candidates":[]}],[]],[[{"start":0,"end":29,"url":null,"entity_id":"Q16867903","candidates":[]}],[{"start":0,"end":6,"url":null,"entity_id":"Q672","candidates":[]}],[{"start":0,"end":8,"url":null,"entity_id":"Q34126","candidates":[]}],[]],[[{"start":0,"end":37,"url":null,"entity_id":"Q2571614","candidates":[]}],[{"start":0,"end":11,"url":null,"entity_id":"Q664","candidates":[]}],[{"start":0,"end":10,"url":null,"entity_id":"Q23661","candidates":[]}],[]],[[{"start":0,"end":56,"url":null,"entity_id":"Q674998","candidates":[]}],[{"start":0,"end":11,"url":null,"entity_id":"Q39","candidates":[]}],[{"start":0,"end":14,"url":null,"entity_id":"Q15114","candidates":[]}],[]],[[{"start":0,"end":20,"url":null,"entity_id":"Q923429","candidates":[]}],[{"start":0,"end":9,"url":null,"entity_id":"Q408","candidates":[]}],[{"start":0,"end":9,"url":null,"entity_id":"Q3141","candidates":[]}],[]],[[{"start":0,"end":30,"url":null,"entity_id":"Q2826727","candidates":[]}],[{"start":0,"end":5,"url":null,"entity_id":"Q29","candidates":[]}],[{"start":0,"end":6,"url":null,"entity_id":"Q2807","candidates":[]}],[]],[[{"start":0,"end":30,"url":null,"entity_id":"Q1164325","candidates":[]}],[{"start":0,"end":7,"url":null,"entity_id":"Q35","candidates":[]}],[{"start":0,"end":10,"url":null,"entity_id":"Q1748","candidates":[]}],[]],[[{"start":0,"end":30,"url":null,"entity_id":"Q16579262","candidates":[]}],[{"start":0,"end":4,"url":null,"entity_id":"Q241","candidates":[]}],[{"start":0,"end":6,"url":null,"entity_id":"Q1563","candidates":[]}],[]],[[{"start":0,"end":34,"url":null,"entity_id":"Q11949463","candidates":[]}],[{"start":0,"end":5,"url":null,"entity_id":"Q29","candidates":[]}],[{"start":0,"end":9,"url":null,"entity_id":"Q1492","candidates":[]}],[]],[[{"start":0,"end":27,"url":null,"entity_id":"Q860935","candidates":[]}],[{"start":0,"end":5,"url":null,"entity_id":"Q17","candidates":[]}],[{"start":0,"end":5,"url":null,"entity_id":"Q1490","candidates":[]}],[]],[[{"start":0,"end":5,"url":null,"entity_id":"Q747963","candidates":[]}],[{"start":0,"end":11,"url":null,"entity_id":"Q928","candidates":[]}],[{"start":0,"end":11,"url":null,"entity_id":"Q1475","candidates":[]}],[]],[[{"start":0,"end":33,"url":null,"entity_id":"Q7125632","candidates":[]}],[{"start":0,"end":8,"url":null,"entity_id":"Q843","candidates":[]}],[{"start":0,"end":9,"url":null,"entity_id":"Q1362","candidates":[]}],[]],[[{"start":0,"end":34,"url":null,"entity_id":"Q1063933","candidates":[]}],[{"start":0,"end":26,"url":null,"entity_id":"Q148","candidates":[]}],[{"start":0,"end":7,"url":null,"entity_id":"Q956","candidates":[]}],[]],[[{"start":0,"end":12,"url":null,"entity_id":"Q1810406","candidates":[]}],[{"start":0,"end":6,"url":null,"entity_id":"Q142","candidates":[]}],[{"start":0,"end":5,"url":null,"entity_id":"Q90","candidates":[]}],[]]]}