{"version":"1.2","table":{"version":"2","table_id":"7P8I80IQ","columns":[{"index":0,"name":"col0","values":["Dev-Pascal","PyScripter","ToolboX","ZeroBrane Studio","Photran","Spyder","GNOME Builder","Padre","HiAsm","CLion","RStudio","Android Studio","Powerflasher FDT","PHPEclipse","PHP Development Tools","WebStorm","DrJava","Katalon Studio","IDLE","Ultimate++"]},{"index":1,"name":"col1","values":["Microsoft Windows","Microsoft Windows","Lubuntu","cross-platform","Linux","Linux","GNU/Linux","cross-platform","Linux","Linux","Linux","Microsoft Windows","Linux","cross-platform","Microsoft Windows","Linux","cross-platform","Linux","cross-platform","Unix"]},{"index":2,"name":"col2","values":["GNU General Public License","MIT license","GNU General Public License","MIT license","Eclipse Public License","MIT license","GNU General Public License, version 3.0","Artistic License","GNU General Public License","proprietary software license","GNU Affero General Public License, version 3.0","Apache Software License, Version 2.0","freemium","Eclipse Public License","Eclipse Public License","proprietary software","BSD licenses","freeware","Python Software Foundation License","2-clause BSD license"]},{"index":3,"name":"col3","values":["Delphi","Object Pascal","GNU Octave","Lua","Fortran","Python","C","C++","C++","Java","Java","Java","Java","Java","Java","Java","Java","Java","Python","C++"]}]},"context":{"page_title":null,"page_url":null,"page_entity_id":null,"content_hierarchy":[]},"links":[[[{"start":0,"end":10,"url":null,"entity_id":"Q10846947","candidates":[]}],[{"start":0,"end":17,"url":null,"entity_id":"Q1406","candidates":[]}],[{"start":0,"end":26,"url":null,"entity_id":"Q7603","candidates":[]}],[{"start":0,"end":6,"url":null,"entity_id":"Q4037189","candidates":[]}]],[[{"start":0,"end":10,"url":null,"entity_id":"Q7262803","candidates":[]}],[{"start":0,"end":17,"url":null,"entity_id":"Q1406","candidates":[]}],[{"start":0,"end":11,"url":null,"entity_id":"Q334661","candidates":[]}],[{"start":0,"end":13,"url":null,"entity_id":"Q633894","candidates":[]}]],[[{"start":0,"end":7,"url":null,"entity_id":"Q26856022","candidates":[]}],[{"start":0,"end":7,"url":null,"entity_id":"Q39238","candidates":[]}],[{"start":0,"end":26,"url":null,"entity_id":"Q7603","candidates":[]}],[{"start":0,"end":10,"url":null,"entity_id":"Q223679","candidates":[]}]],[[{"start":0,"end":16,"url":null,"entity_id":"Q17048776","candidates":[]}],[{"start":0,"end":14,"url":null,"entity_id":"Q174666","candidates":[]}],[{"start":0,"end":11,"url":null,"entity_id":"Q334661","candidates":[]}],[{"start":0,"end":3,"url":null,"entity_id":"Q207316","candidates":[]}]],[[{"start":0,"end":7,"url":null,"entity_id":"Q7187946","candidates":[]}],[{"start":0,"end":5,"url":null,"entity_id":"Q388","candidates":[]}],[{"start":0,"end":22,"url":null,"entity_id":"Q1281977","candidates":[]}],[{"start":0,"end":7,"url":null,"entity_id":"Q83303","candidates":[]}]],[[{"start":0,"end":6,"url":null,"entity_id":"Q7581736","candidates":[]}],[{"start":0,"end":5,"url":null,"entity_id":"Q388","candidates":[]}],[{"start":0,"end":11,"url":null,"entity_id":"Q334661","candidates":[]}],[{"start":0,"end":6,"url":null,"entity_id":"Q28865","candidates":[]}]],[[{"start":0,"end":13,"url":null,"entity_id":"Q20739542","candidates":[]}],[{"start":0,"end":9,"url":null,"entity_id":"Q3251801","candidates":[]}],[{"start":0,"end":39,"url":null,"entity_id":"Q10513445","candidates":[]}],[{"start":0,"end":1,"url":null,"entity_id":"Q15777","candidates":[]}]],[[{"start":0,"end":5,"url":null,"entity_id":"Q7123927","candidates":[]}],[{"start":0,"end":14,"url":null,"entity_id":"Q174666","candidates":[]}],[{"start":0,"end":16,"url":null,"entity_id":"Q713244","candidates":[]}],[{"start":0,"end":3,"url":null,"entity_id":"Q2407","candidates":[]}]],[[{"start":0,"end":5,"url":null,"entity_id":"Q4040636","candidates":[]}],[{"start":0,"end":5,"url":null,"entity_id":"Q388","candidates":[]}],[{"start":0,"end":26,"url":null,"entity_id":"Q7603","candidates":[]}],[{"start":0,"end":3,"url":null,"entity_id":"Q2407","candidates":[]}]],[[{"start":0,"end":5,"url":null,"entity_id":"Q25403544","candidates":[]}],[{"start":0,"end":5,"url":null,"entity_id":"Q388","candidates":[]}],[{"start":0,"end":28,"url":null,"entity_id":"Q31202214","candidates":[]}],[{"start":0,"end":4,"url":null,"entity_id":"Q251","candidates":[]}]],[[{"start":0,"end":7,"url":null,"entity_id":"Q4798119","candidates":[]}],[{"start":0,"end":5,"url":null,"entity_id":"Q388","candidates":[]}],[{"start":0,"end":46,"url":null,"entity_id":"Q27017232","candidates":[]}],[{"start":0,"end":4,"url":null,"entity_id":"Q251","candidates":[]}]],[[{"start":0,"end":14,"url":null,"entity_id":"Q13233410","candidates":[]}],[{"start":0,"end":17,"url":null,"entity_id":"Q1406","candidates":[]}],[{"start":0,"end":36,"url":null,"entity_id":"Q13785927","candidates":[]}],[{"start":0,"end":4,"url":null,"entity_id":"Q251","candidates":[]}]],[[{"start":0,"end":16,"url":null,"entity_id":"Q24035825","candidates":[]}],[{"start":0,"end":5,"url":null,"entity_id":"Q388","candidates":[]}],[{"start":0,"end":8,"url":null,"entity_id":"Q1444631","candidates":[]}],[{"start":0,"end":4,"url":null,"entity_id":"Q251","candidates":[]}]],[[{"start":0,"end":10,"url":null,"entity_id":"Q7119258","candidates":[]}],[{"start":0,"end":14,"url":null,"entity_id":"Q174666","candidates":[]}],[{"start":0,"end":22,"url":null,"entity_id":"Q1281977","candidates":[]}],[{"start":0,"end":4,"url":null,"entity_id":"Q251","candidates":[]}]],[[{"start":0,"end":21,"url":null,"entity_id":"Q4046196","candidates":[]}],[{"start":0,"end":17,"url":null,"entity_id":"Q1406","candidates":[]}],[{"start":0,"end":22,"url":null,"entity_id":"Q1281977","candidates":[]}],[{"start":0,"end":4,"url":null,"entity_id":"Q251","candidates":[]}]],[[{"start":0,"end":8,"url":null,"entity_id":"Q4053021","candidates":[]}],[{"start":0,"end":5,"url":null,"entity_id":"Q388","candidates":[]}],[{"start":0,"end":20,"url":null,"entity_id":"Q218616","candidates":[]}],[{"start":0,"end":4,"url":null,"entity_id":"Q251","candidates":[]}]],[[{"start":0,"end":6,"url":null,"entity_id":"Q5304502","candidates":[]}],[{"start":0,"end":14,"url":null,"entity_id":"Q174666","candidates":[]}],[{"start":0,"end":12,"url":null,"entity_id":"Q191307","candidates":[]}],[{"start":0,"end":4,"url":null,"entity_id":"Q251","candidates":[]}]],[[{"start":0,"end":14,"url":null,"entity_id":"Q53815842","candidates":[]}],[{"start":0,"end":5,"url":null,"entity_id":"Q388","candidates":[]}],[{"start":0,"end":8,"url":null,"entity_id":"Q178285","candidates":[]}],[{"start":0,"end":4,"url":null,"entity_id":"Q251","candidates":[]}]],[[{"start":0,"end":4,"url":null,"entity_id":"Q427130","candidates":[]}],[{"start":0,"end":14,"url":null,"entity_id":"Q174666","candidates":[]}],[{"start":0,"end":34,"url":null,"entity_id":"Q2600299","candidates":[]}],[{"start":0,"end":6,"url":null,"entity_id":"Q28865","candidates":[]}]],[[{"start":0,"end":10,"url":null,"entity_id":"Q387705","candidates":[]}],[{"start":0,"end":4,"url":null,"entity_id":"Q11368","candidates":[]}],[{"start":0,"end":20,"url":null,"entity_id":"Q18517294","candidates":[]}],[{"start":0,"end":3,"url":null,"entity_id":"Q2407","candidates":[]}]]]}