{"version":"1.2","table":{"version":"2","table_id":"7Q41QE1V","columns":[{"index":0,"name":"col0","values":["Calvary of Quart de les Valls","Calvary of Algar de Palància","Calvary of Segart","Calvary of Agres","Calvary of La Nucia","Calvary in Titaguas","Via Crucis in Sagra","Calvary of Jalance","Calvary of Alpuente","Calvary of Collado","Calvary of Corcolilla","Calvary of Crevillent","Via Crucis of Vilallonga","Calvary of Alfara del Patriarca","Calvary of Espadilla","Calvary of Vilafranca","Calvary of Tormos","Calvary and Via Crucis of Alcalalí","Calvary and chapel of Our Lady of the Solitude","Calvary of the Crist of the Agony"]},{"index":1,"name":"col1","values":["Spain","Spain","Spain","Spain","Spain","Spain","Spain","Spain","Spain","Spain","Spain","Spain","Spain","Spain","Spain","Spain","Spain","Spain","Spain","Spain"]},{"index":2,"name":"col2","values":["Property of Local Relevance","Property of Local Relevance","Property of Local Relevance","Property of Local Relevance","Property of Local Relevance","Property of Local Relevance","Property of Local Relevance","Property of Local Relevance","Property of Local Relevance","Property of Local Relevance","Property of Local Relevance","Property of Local Relevance","Property of Local Relevance","Property of Local Relevance","Property of Local Relevance","Property of Local Relevance","Property of Local Relevance","Property of Local Relevance","Property of Local Relevance","Property of Local Relevance"]}]},"context":{"page_title":null,"page_url":null,"page_entity_id":null,"content_hierarchy":[]},"links":[[[{"start":0,"end":29,"url":null,"entity_id":"Q65660718","candidates":[]}],[{"start":0,"end":5,"url":null,"entity_id":"Q29","candidates":[]}],[{"start":0,"end":27,"url":null,"entity_id":"Q11910247","candidates":[]}]],[[{"start":0,"end":28,"url":null,"entity_id":"Q65660716","candidates":[]}],[{"start":0,"end":5,"url":null,"entity_id":"Q29","candidates":[]}],[{"start":0,"end":27,"url":null,"entity_id":"Q11910247","candidates":[]}]],[[{"start":0,"end":17,"url":null,"entity_id":"Q65660651","candidates":[]}],[{"start":0,"end":5,"url":null,"entity_id":"Q29","candidates":[]}],[{"start":0,"end":27,"url":null,"entity_id":"Q11910247","candidates":[]}]],[[{"start":0,"end":16,"url":null,"entity_id":"Q65041302","candidates":[]}],[{"start":0,"end":5,"url":null,"entity_id":"Q29","candidates":[]}],[{"start":0,"end":27,"url":null,"entity_id":"Q11910247","candidates":[]}]],[[{"start":0,"end":19,"url":null,"entity_id":"Q65011859","candidates":[]}],[{"start":0,"end":5,"url":null,"entity_id":"Q29","candidates":[]}],[{"start":0,"end":27,"url":null,"entity_id":"Q11910247","candidates":[]}]],[[{"start":0,"end":19,"url":null,"entity_id":"Q64995386","candidates":[]}],[{"start":0,"end":5,"url":null,"entity_id":"Q29","candidates":[]}],[{"start":0,"end":27,"url":null,"entity_id":"Q11910247","candidates":[]}]],[[{"start":0,"end":19,"url":null,"entity_id":"Q64728176","candidates":[]}],[{"start":0,"end":5,"url":null,"entity_id":"Q29","candidates":[]}],[{"start":0,"end":27,"url":null,"entity_id":"Q11910247","candidates":[]}]],[[{"start":0,"end":18,"url":null,"entity_id":"Q64509560","candidates":[]}],[{"start":0,"end":5,"url":null,"entity_id":"Q29","candidates":[]}],[{"start":0,"end":27,"url":null,"entity_id":"Q11910247","candidates":[]}]],[[{"start":0,"end":19,"url":null,"entity_id":"Q63533683","candidates":[]}],[{"start":0,"end":5,"url":null,"entity_id":"Q29","candidates":[]}],[{"start":0,"end":27,"url":null,"entity_id":"Q11910247","candidates":[]}]],[[{"start":0,"end":18,"url":null,"entity_id":"Q63533681","candidates":[]}],[{"start":0,"end":5,"url":null,"entity_id":"Q29","candidates":[]}],[{"start":0,"end":27,"url":null,"entity_id":"Q11910247","candidates":[]}]],[[{"start":0,"end":21,"url":null,"entity_id":"Q63533680","candidates":[]}],[{"start":0,"end":5,"url":null,"entity_id":"Q29","candidates":[]}],[{"start":0,"end":27,"url":null,"entity_id":"Q11910247","candidates":[]}]],[[{"start":0,"end":21,"url":null,"entity_id":"Q63491045","candidates":[]}],[{"start":0,"end":5,"url":null,"entity_id":"Q29","candidates":[]}],[{"start":0,"end":27,"url":null,"entity_id":"Q11910247","candidates":[]}]],[[{"start":0,"end":24,"url":null,"entity_id":"Q63214953","candidates":[]}],[{"start":0,"end":5,"url":null,"entity_id":"Q29","candidates":[]}],[{"start":0,"end":27,"url":null,"entity_id":"Q11910247","candidates":[]}]],[[{"start":0,"end":31,"url":null,"entity_id":"Q62705017","candidates":[]}],[{"start":0,"end":5,"url":null,"entity_id":"Q29","candidates":[]}],[{"start":0,"end":27,"url":null,"entity_id":"Q11910247","candidates":[]}]],[[{"start":0,"end":20,"url":null,"entity_id":"Q62500456","candidates":[]}],[{"start":0,"end":5,"url":null,"entity_id":"Q29","candidates":[]}],[{"start":0,"end":27,"url":null,"entity_id":"Q11910247","candidates":[]}]],[[{"start":0,"end":21,"url":null,"entity_id":"Q62392851","candidates":[]}],[{"start":0,"end":5,"url":null,"entity_id":"Q29","candidates":[]}],[{"start":0,"end":27,"url":null,"entity_id":"Q11910247","candidates":[]}]],[[{"start":0,"end":17,"url":null,"entity_id":"Q62099451","candidates":[]}],[{"start":0,"end":5,"url":null,"entity_id":"Q29","candidates":[]}],[{"start":0,"end":27,"url":null,"entity_id":"Q11910247","candidates":[]}]],[[{"start":0,"end":34,"url":null,"entity_id":"Q62099432","candidates":[]}],[{"start":0,"end":5,"url":null,"entity_id":"Q29","candidates":[]}],[{"start":0,"end":27,"url":null,"entity_id":"Q11910247","candidates":[]}]],[[{"start":0,"end":46,"url":null,"entity_id":"Q62061883","candidates":[]}],[{"start":0,"end":5,"url":null,"entity_id":"Q29","candidates":[]}],[{"start":0,"end":27,"url":null,"entity_id":"Q11910247","candidates":[]}]],[[{"start":0,"end":33,"url":null,"entity_id":"Q61974747","candidates":[]}],[{"start":0,"end":5,"url":null,"entity_id":"Q29","candidates":[]}],[{"start":0,"end":27,"url":null,"entity_id":"Q11910247","candidates":[]}]]]}