{"version":"1.2","table":{"version":"2","table_id":"7QJ2DCNG","columns":[{"index":0,"name":"col0","values":["St James' Church of England Primary School","St Helen's Church of England Primary School","St Paul's Church of England Primary School","The Trinity Church of England Primary Academy","St Andrew's Church of England Primary School","Trinity Church of England Primary School","St Joseph's Catholic Primary School","St Andrews Church of England Primary School, Maghull","St James' Church of England Primary School","Sacred Heart Primary School","Churchfield CofE Academy","St James' Church of England Primary School","St John's Church of England Academy","St Luke's CofE Primary School","Wheatley Church of England Primary School","St Andrew's Church of England Primary School","St Barnabas Church of England School","St Matthew's Church of England Primary School","St Peter's CofE Primary School","The Oxford Academy"]},{"index":1,"name":"col1","values":["Anglican Diocese of Liverpool","Anglican Diocese of Liverpool","Anglican Diocese of Liverpool","Diocese of Salisbury","Diocese of Salisbury","Diocese of Peterborough","Roman Catholic Diocese of Brentwood","Anglican Diocese of Liverpool","Anglican Diocese of Liverpool","Sacred Heart Catholic High School","Diocese of St Albans","Diocese of Chelmsford","Diocese of Coventry","Diocese of Oxford","Diocese of Oxford","Diocese of Peterborough","Diocese of Peterborough","Diocese of Chester","Diocese of Lincoln","Diocese of Oxford"]},{"index":2,"name":"col2","values":["Haydock","Warrington","Wigan","Devizes","Preston","Aldwincle","Stanford-le-Hope","Maghull","Wigan","Newcastle upon Tyne","Waltham Cross","Colchester","Coventry","Maidenhead","Oxford","Kettering","Wellingborough","Edgeley","Cleethorpes","Oxford"]},{"index":3,"name":"col3","values":["Anglican Diocese of Liverpool","Anglican Diocese of Liverpool","Anglican Diocese of Liverpool","Diocese of Salisbury","Diocese of Salisbury","Diocese of Peterborough","Roman Catholic Diocese of Brentwood","Anglican Diocese of Liverpool","Anglican Diocese of Liverpool","Roman Catholic Diocese of Hexham and Newcastle","Diocese of St Albans","Diocese of Chelmsford","Diocese of Coventry","Diocese of Oxford","Diocese of Oxford","Diocese of Peterborough","Diocese of Peterborough","Diocese of Chester","Diocese of Lincoln","Diocese of Oxford"]}]},"context":{"page_title":null,"page_url":null,"page_entity_id":null,"content_hierarchy":[]},"links":[[[{"start":0,"end":42,"url":null,"entity_id":"Q67150199","candidates":[]}],[{"start":0,"end":29,"url":null,"entity_id":"Q3028581","candidates":[]}],[{"start":0,"end":7,"url":null,"entity_id":"Q3783795","candidates":[]}],[{"start":0,"end":29,"url":null,"entity_id":"Q3028581","candidates":[]}]],[[{"start":0,"end":43,"url":null,"entity_id":"Q67150197","candidates":[]}],[{"start":0,"end":29,"url":null,"entity_id":"Q3028581","candidates":[]}],[{"start":0,"end":10,"url":null,"entity_id":"Q215733","candidates":[]}],[{"start":0,"end":29,"url":null,"entity_id":"Q3028581","candidates":[]}]],[[{"start":0,"end":42,"url":null,"entity_id":"Q67150193","candidates":[]}],[{"start":0,"end":29,"url":null,"entity_id":"Q3028581","candidates":[]}],[{"start":0,"end":5,"url":null,"entity_id":"Q208143","candidates":[]}],[{"start":0,"end":29,"url":null,"entity_id":"Q3028581","candidates":[]}]],[[{"start":0,"end":45,"url":null,"entity_id":"Q67151122","candidates":[]}],[{"start":0,"end":20,"url":null,"entity_id":"Q2564064","candidates":[]}],[{"start":0,"end":7,"url":null,"entity_id":"Q1026699","candidates":[]}],[{"start":0,"end":20,"url":null,"entity_id":"Q2564064","candidates":[]}]],[[{"start":0,"end":44,"url":null,"entity_id":"Q67150786","candidates":[]}],[{"start":0,"end":20,"url":null,"entity_id":"Q2564064","candidates":[]}],[{"start":0,"end":7,"url":null,"entity_id":"Q537875","candidates":[]}],[{"start":0,"end":20,"url":null,"entity_id":"Q2564064","candidates":[]}]],[[{"start":0,"end":40,"url":null,"entity_id":"Q67150213","candidates":[]}],[{"start":0,"end":23,"url":null,"entity_id":"Q1306284","candidates":[]}],[{"start":0,"end":9,"url":null,"entity_id":"Q3527165","candidates":[]}],[{"start":0,"end":23,"url":null,"entity_id":"Q1306284","candidates":[]}]],[[{"start":0,"end":35,"url":null,"entity_id":"Q67150188","candidates":[]}],[{"start":0,"end":35,"url":null,"entity_id":"Q867348","candidates":[]}],[{"start":0,"end":16,"url":null,"entity_id":"Q2574529","candidates":[]}],[{"start":0,"end":35,"url":null,"entity_id":"Q867348","candidates":[]}]],[[{"start":0,"end":52,"url":null,"entity_id":"Q67150135","candidates":[]}],[{"start":0,"end":29,"url":null,"entity_id":"Q3028581","candidates":[]}],[{"start":0,"end":7,"url":null,"entity_id":"Q1951431","candidates":[]}],[{"start":0,"end":29,"url":null,"entity_id":"Q3028581","candidates":[]}]],[[{"start":0,"end":42,"url":null,"entity_id":"Q67150110","candidates":[]}],[{"start":0,"end":29,"url":null,"entity_id":"Q3028581","candidates":[]}],[{"start":0,"end":5,"url":null,"entity_id":"Q208143","candidates":[]}],[{"start":0,"end":29,"url":null,"entity_id":"Q3028581","candidates":[]}]],[[{"start":0,"end":27,"url":null,"entity_id":"Q67146224","candidates":[]}],[{"start":0,"end":33,"url":null,"entity_id":"Q7397135","candidates":[]}],[{"start":0,"end":19,"url":null,"entity_id":"Q1425428","candidates":[]}],[{"start":0,"end":46,"url":null,"entity_id":"Q2117841","candidates":[]}]],[[{"start":0,"end":24,"url":null,"entity_id":"Q67151193","candidates":[]}],[{"start":0,"end":20,"url":null,"entity_id":"Q3028630","candidates":[]}],[{"start":0,"end":13,"url":null,"entity_id":"Q968959","candidates":[]}],[{"start":0,"end":20,"url":null,"entity_id":"Q3028630","candidates":[]}]],[[{"start":0,"end":42,"url":null,"entity_id":"Q67151183","candidates":[]}],[{"start":0,"end":21,"url":null,"entity_id":"Q3028550","candidates":[]}],[{"start":0,"end":10,"url":null,"entity_id":"Q184163","candidates":[]}],[{"start":0,"end":21,"url":null,"entity_id":"Q3028550","candidates":[]}]],[[{"start":0,"end":35,"url":null,"entity_id":"Q67149788","candidates":[]}],[{"start":0,"end":19,"url":null,"entity_id":"Q3028555","candidates":[]}],[{"start":0,"end":8,"url":null,"entity_id":"Q6225","candidates":[]}],[{"start":0,"end":19,"url":null,"entity_id":"Q3028555","candidates":[]}]],[[{"start":0,"end":29,"url":null,"entity_id":"Q67149815","candidates":[]}],[{"start":0,"end":17,"url":null,"entity_id":"Q2062090","candidates":[]}],[{"start":0,"end":10,"url":null,"entity_id":"Q238803","candidates":[]}],[{"start":0,"end":17,"url":null,"entity_id":"Q2062090","candidates":[]}]],[[{"start":0,"end":41,"url":null,"entity_id":"Q67149712","candidates":[]}],[{"start":0,"end":17,"url":null,"entity_id":"Q2062090","candidates":[]}],[{"start":0,"end":6,"url":null,"entity_id":"Q34217","candidates":[]}],[{"start":0,"end":17,"url":null,"entity_id":"Q2062090","candidates":[]}]],[[{"start":0,"end":44,"url":null,"entity_id":"Q67149762","candidates":[]}],[{"start":0,"end":23,"url":null,"entity_id":"Q1306284","candidates":[]}],[{"start":0,"end":9,"url":null,"entity_id":"Q984613","candidates":[]}],[{"start":0,"end":23,"url":null,"entity_id":"Q1306284","candidates":[]}]],[[{"start":0,"end":36,"url":null,"entity_id":"Q67149782","candidates":[]}],[{"start":0,"end":23,"url":null,"entity_id":"Q1306284","candidates":[]}],[{"start":0,"end":14,"url":null,"entity_id":"Q913499","candidates":[]}],[{"start":0,"end":23,"url":null,"entity_id":"Q1306284","candidates":[]}]],[[{"start":0,"end":45,"url":null,"entity_id":"Q67149718","candidates":[]}],[{"start":0,"end":18,"url":null,"entity_id":"Q543301","candidates":[]}],[{"start":0,"end":7,"url":null,"entity_id":"Q5337773","candidates":[]}],[{"start":0,"end":18,"url":null,"entity_id":"Q543301","candidates":[]}]],[[{"start":0,"end":30,"url":null,"entity_id":"Q67146201","candidates":[]}],[{"start":0,"end":18,"url":null,"entity_id":"Q2501001","candidates":[]}],[{"start":0,"end":11,"url":null,"entity_id":"Q587765","candidates":[]}],[{"start":0,"end":18,"url":null,"entity_id":"Q2501001","candidates":[]}]],[[{"start":0,"end":18,"url":null,"entity_id":"Q67149434","candidates":[]}],[{"start":0,"end":17,"url":null,"entity_id":"Q2062090","candidates":[]}],[{"start":0,"end":6,"url":null,"entity_id":"Q34217","candidates":[]}],[{"start":0,"end":17,"url":null,"entity_id":"Q2062090","candidates":[]}]]]}