{"version":"1.2","table":{"version":"2","table_id":"7T4IZRCI","columns":[{"index":0,"name":"col0","values":["IMO 9184823","IMO 9291963","IMO 9501241","IMO 9238399","IMO 9369514","IMO 9283966","IMO 9433298","IMO 9384318","IMO 9195743","IMO 9433262","IMO 9435129","IMO 9196266","Hanna","Category:IMO 9357200","IMO 9117959","IMO 9243930","Rova","Diamantgracht (ship, 2009)","Star Laguna","Wilson Waal"]},{"index":1,"name":"col1","values":["2999","9618","9618","2999","2545","9611","9627","9618","2545","9627","9618","2316","2545","9625","2271","2595","2260","13706","37447","1170"]},{"index":2,"name":"col2","values":["13.36","21.34","21.34","14","12.518","21.34","21.34","21.34","12.5","21.34","21.34","12.5","12.5","21.34","12.5","14.01","12.6","23","32.308","9.46"]}]},"context":{"page_title":null,"page_url":null,"page_entity_id":null,"content_hierarchy":[]},"links":[[[{"start":0,"end":11,"url":null,"entity_id":"Q83590736","candidates":[]}],[],[]],[[{"start":0,"end":11,"url":null,"entity_id":"Q83557670","candidates":[]}],[],[]],[[{"start":0,"end":11,"url":null,"entity_id":"Q83557564","candidates":[]}],[],[]],[[{"start":0,"end":11,"url":null,"entity_id":"Q83557548","candidates":[]}],[],[]],[[{"start":0,"end":11,"url":null,"entity_id":"Q83557533","candidates":[]}],[],[]],[[{"start":0,"end":11,"url":null,"entity_id":"Q83557505","candidates":[]}],[],[]],[[{"start":0,"end":11,"url":null,"entity_id":"Q83557482","candidates":[]}],[],[]],[[{"start":0,"end":11,"url":null,"entity_id":"Q83557472","candidates":[]}],[],[]],[[{"start":0,"end":11,"url":null,"entity_id":"Q83557461","candidates":[]}],[],[]],[[{"start":0,"end":11,"url":null,"entity_id":"Q83557448","candidates":[]}],[],[]],[[{"start":0,"end":11,"url":null,"entity_id":"Q83557149","candidates":[]}],[],[]],[[{"start":0,"end":11,"url":null,"entity_id":"Q83557047","candidates":[]}],[],[]],[[{"start":0,"end":5,"url":null,"entity_id":"Q83557036","candidates":[]}],[],[]],[[{"start":0,"end":20,"url":null,"entity_id":"Q83557003","candidates":[]}],[],[]],[[{"start":0,"end":11,"url":null,"entity_id":"Q83556991","candidates":[]}],[],[]],[[{"start":0,"end":11,"url":null,"entity_id":"Q83556965","candidates":[]}],[],[]],[[{"start":0,"end":4,"url":null,"entity_id":"Q69394321","candidates":[]}],[],[]],[[{"start":0,"end":26,"url":null,"entity_id":"Q61746434","candidates":[]}],[],[]],[[{"start":0,"end":11,"url":null,"entity_id":"Q57559551","candidates":[]}],[],[]],[[{"start":0,"end":11,"url":null,"entity_id":"Q56584052","candidates":[]}],[],[]]]}