{"version":"1.2","table":{"version":"2","table_id":"7U09GV2E","columns":[{"index":0,"name":"col0","values":["BD+33 4566","TYC 2198-870-1","TYC 2744-1192-1","BD+21 934","TYC 1874-1261-1","HD 288130","BD+43 2453","TYC 3013-1489-1","BD+03 4861","HD 238093","BD+05 2548","TYC 1667-751-1","BD-06 478","BD+75 577","BD+84 236","BD+28 1533","BD+40 2966","TYC 3054-1762-1","BD-12 1640","BD+83 629"]},{"index":1,"name":"col1","values":["340.393194336733","319.2131283527131","340.4367446314512","85.4621957600536","86.4603401765","84.7402313173057","224.7461330402522","172.1479767459164","351.7668391734533","183.8408561430892","177.69232748593544","321.2623834220707","36.5876867714683","237.644999172223","157.3836114110902","120.9643800779415","241.1534211105627","238.7145976741143","102.28311663649271","332.5854961682667"]},{"index":2,"name":"col2","values":["460","1350","760","800","1900","1550","2450","1550","510","1550","1780","720","740","80","3900","930","560","680","590","1200"]},{"index":3,"name":"col3","values":["-9.892","-14.762","0.521","-31.591","-13.507","-43.199","-5.431","-16.535","-5.401","-15.755","-2.811","-0.834","-5.334","-2.673","-31.648","-2.244","-6.512","-14.071","1.437","0.57"]},{"index":4,"name":"col4","values":["0","0","0","0","0","0","0","0","0","0","0","0","0","0","0","0","0","0","0","0"]},{"index":5,"name":"col5","values":["-4.99","-27.29","-21.47","74.97","-1.98","-9.08","-46.16","18.13","-20.62","-39.08","-3.45","12.43","10.66","-34.67","-5.59","-10.48","-1","-38.72","19.13","9.27"]}]},"context":{"page_title":null,"page_url":null,"page_entity_id":null,"content_hierarchy":[]},"links":[[[{"start":0,"end":10,"url":null,"entity_id":"Q79507976","candidates":[]}],[],[],[],[],[]],[[{"start":0,"end":14,"url":null,"entity_id":"Q79503774","candidates":[]}],[],[],[],[],[]],[[{"start":0,"end":15,"url":null,"entity_id":"Q79496794","candidates":[]}],[],[],[],[],[]],[[{"start":0,"end":9,"url":null,"entity_id":"Q79287484","candidates":[]}],[],[],[],[],[]],[[{"start":0,"end":15,"url":null,"entity_id":"Q79280411","candidates":[]}],[],[],[],[],[]],[[{"start":0,"end":9,"url":null,"entity_id":"Q79273762","candidates":[]}],[],[],[],[],[]],[[{"start":0,"end":10,"url":null,"entity_id":"Q78304510","candidates":[]}],[],[],[],[],[]],[[{"start":0,"end":15,"url":null,"entity_id":"Q78272312","candidates":[]}],[],[],[],[],[]],[[{"start":0,"end":10,"url":null,"entity_id":"Q85324465","candidates":[]}],[],[],[],[],[]],[[{"start":0,"end":9,"url":null,"entity_id":"Q85255956","candidates":[]}],[],[],[],[],[]],[[{"start":0,"end":10,"url":null,"entity_id":"Q85179083","candidates":[]}],[],[],[],[],[]],[[{"start":0,"end":14,"url":null,"entity_id":"Q84994108","candidates":[]}],[],[],[],[],[]],[[{"start":0,"end":9,"url":null,"entity_id":"Q84542173","candidates":[]}],[],[],[],[],[]],[[{"start":0,"end":9,"url":null,"entity_id":"Q83932098","candidates":[]}],[],[],[],[],[]],[[{"start":0,"end":9,"url":null,"entity_id":"Q83929206","candidates":[]}],[],[],[],[],[]],[[{"start":0,"end":10,"url":null,"entity_id":"Q81788759","candidates":[]}],[],[],[],[],[]],[[{"start":0,"end":10,"url":null,"entity_id":"Q81297763","candidates":[]}],[],[],[],[],[]],[[{"start":0,"end":15,"url":null,"entity_id":"Q81295162","candidates":[]}],[],[],[],[],[]],[[{"start":0,"end":10,"url":null,"entity_id":"Q81140955","candidates":[]}],[],[],[],[],[]],[[{"start":0,"end":9,"url":null,"entity_id":"Q81128047","candidates":[]}],[],[],[],[],[]]]}