[{"version":1,"nodes":[{"col_index":0,"label":"col0","id":0},{"col_index":1,"label":"col1","id":1},{"col_index":2,"label":"col2","id":2},{"col_index":3,"label":"col3","id":3},{"col_index":4,"label":"col4","id":4},{"col_index":5,"label":"col5","id":5},{"col_index":6,"label":"col6","id":6},{"abs_uri":"http://www.wikidata.org/entity/Q2529274","rel_uri":"wd:Q2529274","approximation":false,"readable_label":"isotope of copper (Q2529274)","id":7}],"edges":[{"source":7,"target":0,"abs_uri":"http://www.w3.org/2000/01/rdf-schema#label","rel_uri":"rdfs:label","approximation":false,"readable_label":"rdfs:label","id":0},{"source":7,"target":1,"abs_uri":"http://www.wikidata.org/prop/P2114","rel_uri":"p:P2114","approximation":false,"readable_label":"half-life (P2114)","id":1},{"source":7,"target":2,"abs_uri":"http://www.wikidata.org/prop/P2160","rel_uri":"p:P2160","approximation":false,"readable_label":"mass excess (P2160)","id":2},{"source":7,"target":3,"abs_uri":"http://www.wikidata.org/prop/P1086","rel_uri":"p:P1086","approximation":false,"readable_label":"atomic number (P1086)","id":3},{"source":7,"target":4,"abs_uri":"http://www.wikidata.org/prop/P1123","rel_uri":"p:P1123","approximation":false,"readable_label":"parity quantum number (P1123)","id":4},{"source":7,"target":5,"abs_uri":"http://www.wikidata.org/prop/P2067","rel_uri":"p:P2067","approximation":false,"readable_label":"mass (P2067)","id":5},{"source":7,"target":6,"abs_uri":"http://www.wikidata.org/prop/P1122","rel_uri":"p:P1122","approximation":false,"readable_label":"spin quantum number (P1122)","id":6}]}]