[{"version":1,"nodes":[{"col_index":0,"label":"col0","id":0},{"col_index":1,"label":"col1","id":1},{"col_index":2,"label":"col2","id":2},{"abs_uri":"http://www.wikidata.org/entity/Q15273785","rel_uri":"wd:Q15273785","approximation":false,"readable_label":"Belgian municipality with the title of city (Q15273785)","id":3}],"edges":[{"source":3,"target":0,"abs_uri":"http://www.w3.org/2000/01/rdf-schema#label","rel_uri":"rdfs:label","approximation":false,"readable_label":"rdfs:label","id":0},{"source":3,"target":1,"abs_uri":"http://www.wikidata.org/prop/P131","rel_uri":"p:P131","approximation":false,"readable_label":"located in the administrative territorial entity (P131)","id":1},{"source":3,"target":2,"abs_uri":"http://www.wikidata.org/prop/P190","rel_uri":"p:P190","approximation":false,"readable_label":"twinned administrative body (P190)","id":2}]}]