[{"version":1,"nodes":[{"col_index":0,"label":"col0","id":0},{"col_index":1,"label":"col1","id":1},{"col_index":2,"label":"col2","id":2},{"abs_uri":"http://www.wikidata.org/entity/Q1491746","rel_uri":"wd:Q1491746","approximation":false,"readable_label":"galaxy group (Q1491746)","id":3},{"abs_uri":"http://www.wikidata.org/entity/Q8928","rel_uri":"wd:Q8928","approximation":false,"readable_label":"constellation (Q8928)","id":4}],"edges":[{"source":3,"target":0,"abs_uri":"http://www.w3.org/2000/01/rdf-schema#label","rel_uri":"rdfs:label","approximation":false,"readable_label":"rdfs:label","id":0},{"source":4,"target":2,"abs_uri":"http://www.w3.org/2000/01/rdf-schema#label","rel_uri":"rdfs:label","approximation":false,"readable_label":"rdfs:label","id":1},{"source":3,"target":4,"abs_uri":"http://www.wikidata.org/prop/P59","rel_uri":"p:P59","approximation":false,"readable_label":"constellation (P59)","id":2},{"source":3,"target":1,"abs_uri":"http://www.wikidata.org/prop/P2583","rel_uri":"p:P2583","approximation":false,"readable_label":"distance from Earth (P2583)","id":3}]}]