[{"version":1,"nodes":[{"col_index":0,"label":"col0","id":0},{"col_index":1,"label":"col1","id":1},{"col_index":2,"label":"col2","id":2},{"col_index":3,"label":"col3","id":3},{"abs_uri":"http://www.wikidata.org/entity/Q6881511","rel_uri":"wd:Q6881511","approximation":false,"readable_label":"enterprise (Q6881511)","id":4}],"edges":[{"source":4,"target":0,"abs_uri":"http://www.w3.org/2000/01/rdf-schema#label","rel_uri":"rdfs:label","approximation":false,"readable_label":"rdfs:label","id":0},{"source":4,"target":1,"abs_uri":"http://www.wikidata.org/prop/P2403","rel_uri":"p:P2403","approximation":false,"readable_label":"total assets (P2403)","id":1},{"source":4,"target":2,"abs_uri":"http://www.wikidata.org/prop/P2226","rel_uri":"p:P2226","approximation":false,"readable_label":"market capitalization (P2226)","id":2},{"source":4,"target":3,"abs_uri":"http://www.wikidata.org/prop/P2295","rel_uri":"p:P2295","approximation":false,"readable_label":"net profit (P2295)","id":3}]}]