[{"version":1,"nodes":[{"col_index":0,"label":"col0","id":0},{"col_index":1,"label":"col1","id":1},{"col_index":2,"label":"col2","id":2},{"col_index":3,"label":"col3","id":3},{"abs_uri":"http://www.wikidata.org/entity/Q1372384","rel_uri":"wd:Q1372384","approximation":false,"readable_label":"isotope of lead (Q1372384)","id":4}],"edges":[{"source":4,"target":0,"abs_uri":"http://www.w3.org/2000/01/rdf-schema#label","rel_uri":"rdfs:label","approximation":false,"readable_label":"rdfs:label","id":0},{"source":4,"target":1,"abs_uri":"http://www.wikidata.org/prop/P2114","rel_uri":"p:P2114","approximation":false,"readable_label":"half-life (P2114)","id":1},{"source":4,"target":2,"abs_uri":"http://www.wikidata.org/prop/P1148","rel_uri":"p:P1148","approximation":false,"readable_label":"neutron number (P1148)","id":2},{"source":4,"target":3,"abs_uri":"http://www.wikidata.org/prop/P2067","rel_uri":"p:P2067","approximation":false,"readable_label":"mass (P2067)","id":3}]}]