[{"version":1,"nodes":[{"col_index":0,"label":"col0","id":0},{"col_index":1,"label":"col1","id":1},{"col_index":2,"label":"col2","id":2},{"col_index":3,"label":"col3","id":3},{"abs_uri":"http://www.wikidata.org/entity/Q581714","rel_uri":"wd:Q581714","approximation":false,"readable_label":"animated series (Q581714)","id":4},{"abs_uri":"http://www.wikidata.org/entity/Q5","rel_uri":"wd:Q5","approximation":false,"readable_label":"human (Q5)","id":5}],"edges":[{"source":4,"target":0,"abs_uri":"http://www.w3.org/2000/01/rdf-schema#label","rel_uri":"rdfs:label","approximation":false,"readable_label":"rdfs:label","id":0},{"source":5,"target":2,"abs_uri":"http://www.w3.org/2000/01/rdf-schema#label","rel_uri":"rdfs:label","approximation":false,"readable_label":"rdfs:label","id":1},{"source":4,"target":5,"abs_uri":"http://www.wikidata.org/prop/P58","rel_uri":"p:P58","approximation":false,"readable_label":"screenwriter (P58)","id":2},{"source":4,"target":1,"abs_uri":"http://www.wikidata.org/prop/P1113","rel_uri":"p:P1113","approximation":false,"readable_label":"number of episodes (P1113)","id":3},{"source":4,"target":3,"abs_uri":"http://www.wikidata.org/prop/P2047","rel_uri":"p:P2047","approximation":false,"readable_label":"duration (P2047)","id":4}]}]