[{"version":1,"nodes":[{"col_index":0,"label":"col0","id":0},{"col_index":1,"label":"col1","id":1},{"col_index":2,"label":"col2","id":2},{"col_index":3,"label":"col3","id":3},{"abs_uri":"http://www.wikidata.org/entity/Q244264","rel_uri":"wd:Q244264","approximation":false,"readable_label":"dwarf nova (Q244264)","id":4}],"edges":[{"source":4,"target":0,"abs_uri":"http://www.w3.org/2000/01/rdf-schema#label","rel_uri":"rdfs:label","approximation":false,"readable_label":"rdfs:label","id":0},{"source":4,"target":1,"abs_uri":"http://www.wikidata.org/prop/P2215","rel_uri":"p:P2215","approximation":false,"readable_label":"proper motion (P2215)","id":1},{"source":4,"target":2,"abs_uri":"http://www.wikidata.org/prop/P1090","rel_uri":"p:P1090","approximation":false,"readable_label":"redshift (P1090)","id":2},{"source":4,"target":3,"abs_uri":"http://www.wikidata.org/prop/P2214","rel_uri":"p:P2214","approximation":false,"readable_label":"parallax (P2214)","id":3}]}]