[{"version":1,"nodes":[{"col_index":0,"label":"col0","id":0},{"col_index":1,"label":"col1","id":1},{"col_index":2,"label":"col2","id":2},{"col_index":3,"label":"col3","id":3},{"abs_uri":"http://www.wikidata.org/entity/Q845169","rel_uri":"wd:Q845169","approximation":false,"readable_label":"high mass X-ray binary (Q845169)","id":4}],"edges":[{"source":4,"target":0,"abs_uri":"http://www.w3.org/2000/01/rdf-schema#label","rel_uri":"rdfs:label","approximation":false,"readable_label":"rdfs:label","id":0},{"source":4,"target":1,"abs_uri":"http://www.wikidata.org/prop/P1215","rel_uri":"p:P1215","approximation":false,"readable_label":"apparent magnitude (P1215)","id":1},{"source":4,"target":2,"abs_uri":"http://www.wikidata.org/prop/P6257","rel_uri":"p:P6257","approximation":false,"readable_label":"right ascension (P6257)","id":2},{"source":4,"target":3,"abs_uri":"http://www.wikidata.org/prop/P2215","rel_uri":"p:P2215","approximation":false,"readable_label":"proper motion (P2215)","id":3}]}]