[{"version":1,"nodes":[{"col_index":0,"label":"col0","id":0},{"col_index":1,"label":"col1","id":1},{"col_index":2,"label":"col2","id":2},{"col_index":3,"label":"col3","id":3},{"abs_uri":"http://www.wikidata.org/entity/Q40056","rel_uri":"wd:Q40056","approximation":false,"readable_label":"computer program (Q40056)","id":4}],"edges":[{"source":4,"target":0,"abs_uri":"http://www.w3.org/2000/01/rdf-schema#label","rel_uri":"rdfs:label","approximation":false,"readable_label":"rdfs:label","id":0},{"source":4,"target":1,"abs_uri":"http://www.wikidata.org/prop/P277","rel_uri":"p:P277","approximation":false,"readable_label":"programming language (P277)","id":1},{"source":4,"target":2,"abs_uri":"http://www.wikidata.org/prop/P306","rel_uri":"p:P306","approximation":false,"readable_label":"operating system (P306)","id":2},{"source":4,"target":3,"abs_uri":"http://www.wikidata.org/prop/P366","rel_uri":"p:P366","approximation":false,"readable_label":"has use (P366)","id":3}]}]