[{"version":1,"nodes":[{"col_index":0,"label":"col0","id":0},{"col_index":1,"label":"col1","id":1},{"col_index":2,"label":"col2","id":2},{"col_index":3,"label":"col3","id":3},{"abs_uri":"http://www.wikidata.org/entity/Q11722303","rel_uri":"wd:Q11722303","approximation":false,"readable_label":"rural municipality of Sweden and Finland (Q11722303)","id":4},{"abs_uri":"http://www.wikidata.org/entity/Q127448","rel_uri":"wd:Q127448","approximation":false,"readable_label":"municipality of Sweden (Q127448)","id":5}],"edges":[{"source":4,"target":0,"abs_uri":"http://www.w3.org/2000/01/rdf-schema#label","rel_uri":"rdfs:label","approximation":false,"readable_label":"rdfs:label","id":0},{"source":5,"target":3,"abs_uri":"http://www.w3.org/2000/01/rdf-schema#label","rel_uri":"rdfs:label","approximation":false,"readable_label":"rdfs:label","id":1},{"source":4,"target":1,"abs_uri":"http://www.wikidata.org/prop/P1365","rel_uri":"p:P1365","approximation":false,"readable_label":"replaces (P1365)","id":2},{"source":4,"target":5,"abs_uri":"http://www.wikidata.org/prop/P3842","rel_uri":"p:P3842","approximation":false,"readable_label":"located in the present-day administrative territorial entity (P3842)","id":3},{"source":4,"target":2,"abs_uri":"http://www.wikidata.org/prop/P2046","rel_uri":"p:P2046","approximation":false,"readable_label":"area (P2046)","id":4}]}]