[{"version":1,"nodes":[{"col_index":0,"label":"col0","id":0},{"col_index":1,"label":"col1","id":1},{"col_index":2,"label":"col2","id":2},{"col_index":3,"label":"col3","id":3},{"abs_uri":"http://www.wikidata.org/entity/Q163301","rel_uri":"wd:Q163301","approximation":false,"readable_label":"Ortsbezirk of Germany (Q163301)","id":4},{"abs_uri":"http://www.wikidata.org/entity/Q262166","rel_uri":"wd:Q262166","approximation":false,"readable_label":"municipality in Germany (Q262166)","id":5}],"edges":[{"source":4,"target":0,"abs_uri":"http://www.w3.org/2000/01/rdf-schema#label","rel_uri":"rdfs:label","approximation":false,"readable_label":"rdfs:label","id":0},{"source":5,"target":3,"abs_uri":"http://www.w3.org/2000/01/rdf-schema#label","rel_uri":"rdfs:label","approximation":false,"readable_label":"rdfs:label","id":1},{"source":4,"target":5,"abs_uri":"http://www.wikidata.org/prop/P47","rel_uri":"p:P47","approximation":false,"readable_label":"shares border with (P47)","id":2},{"source":4,"target":1,"abs_uri":"http://www.wikidata.org/prop/P2046","rel_uri":"p:P2046","approximation":false,"readable_label":"area (P2046)","id":3}]}]