[{"version":1,"nodes":[{"col_index":0,"label":"col0","id":0},{"col_index":1,"label":"col1","id":1},{"col_index":2,"label":"col2","id":2},{"abs_uri":"http://www.wikidata.org/entity/Q3327862","rel_uri":"wd:Q3327862","approximation":false,"readable_label":"urban commune of Morocco (Q3327862)","id":3}],"edges":[{"source":3,"target":0,"abs_uri":"http://www.w3.org/2000/01/rdf-schema#label","rel_uri":"rdfs:label","approximation":false,"readable_label":"rdfs:label","id":0},{"source":3,"target":1,"abs_uri":"http://www.wikidata.org/prop/P1538","rel_uri":"p:P1538","approximation":false,"readable_label":"number of households (P1538)","id":1},{"source":3,"target":2,"abs_uri":"http://www.wikidata.org/prop/P2044","rel_uri":"p:P2044","approximation":false,"readable_label":"elevation above sea level (P2044)","id":2}]}]