{"version":"1.2","table":{"version":"2","table_id":"3ZJUZ138","columns":[{"index":0,"name":"col0","values":["Osmangazi Bridge","Saloma Link","Malabadi Bridge","Puente Nuevo","Byōbugaura","Yavuz Sultan Selim Bridge","Golden Gate Bridge","St. Peter's Basilica","Great Wall of China","15 July Martyrs Bridge","BMW Welt","Trift Bridge","Florence Cathedral","Pont du Gard","Hollywood Sign","Hoover Dam","The Great Sphinx","Brooklyn Bridge","Millau Viaduct","Tower Bridge"]},{"index":1,"name":"col1","values":["234.425","7","19","98","60","320","746","136.6","5","541","24","90","114.5","48","44","221.4","20.2","84","343","65"]},{"index":2,"name":"col2","values":["2682","69","150","66","10","2164","8981","220","21196","5118","180","170","153","275","352","379","73.5","5989","2460","244"]}]},"context":{"page_title":null,"page_url":null,"page_entity_id":null,"content_hierarchy":[]},"links":[[[{"start":0,"end":11,"url":null,"entity_id":"Q85513950","candidates":[]}],[],[]],[[{"start":0,"end":15,"url":null,"entity_id":"Q3397053","candidates":[]}],[],[]],[[{"start":0,"end":12,"url":null,"entity_id":"Q2004707","candidates":[]}],[],[]],[[{"start":0,"end":10,"url":null,"entity_id":"Q5004737","candidates":[]}],[],[]],[[{"start":0,"end":25,"url":null,"entity_id":"Q7784788","candidates":[]}],[],[]],[[{"start":0,"end":18,"url":null,"entity_id":"Q44440","candidates":[]}],[],[]],[[{"start":0,"end":20,"url":null,"entity_id":"Q12512","candidates":[]}],[],[]],[[{"start":0,"end":19,"url":null,"entity_id":"Q12501","candidates":[]}],[],[]],[[{"start":0,"end":22,"url":null,"entity_id":"Q4484","candidates":[]}],[],[]],[[{"start":0,"end":8,"url":null,"entity_id":"Q699614","candidates":[]}],[],[]],[[{"start":0,"end":12,"url":null,"entity_id":"Q684774","candidates":[]}],[],[]],[[{"start":0,"end":18,"url":null,"entity_id":"Q191739","candidates":[]}],[],[]],[[{"start":0,"end":12,"url":null,"entity_id":"Q189764","candidates":[]}],[],[]],[[{"start":0,"end":14,"url":null,"entity_id":"Q180376","candidates":[]}],[],[]],[[{"start":0,"end":10,"url":null,"entity_id":"Q172822","candidates":[]}],[],[]],[[{"start":0,"end":16,"url":null,"entity_id":"Q130958","candidates":[]}],[],[]],[[{"start":0,"end":15,"url":null,"entity_id":"Q125006","candidates":[]}],[],[]],[[{"start":0,"end":14,"url":null,"entity_id":"Q99236","candidates":[]}],[],[]],[[{"start":0,"end":12,"url":null,"entity_id":"Q83125","candidates":[]}],[],[]],[[{"start":0,"end":16,"url":null,"entity_id":"Q25338950","candidates":[]}],[],[]]]}