{"version":"1.2","table":{"version":"2","table_id":"41KXYIY6","columns":[{"index":0,"name":"col0","values":["Apostolic Vicariate of Caroní","Apostolic Vicariate of Camiri","Apostolic Vicariate of Brunei Darussalam","Apostolic Vicariate of Calapan","Apostolic Vicariate of Bomadi","Apostolic Vicariate of Bontoc-Lagawe","Roman Catholic Diocese of Bluefields","Apostolic Vicariate of Benghazi","Apostolic Vicariate of Aisén","Apostolic Vicariate of Awasa","Apostolic Vicariate of the Comoros","Apostolic Vicariate of Alexandria of Egypt","Vicariate Apostolic of Aguarico","Vicariate Apostolic of Zamora en Ecuador","Apostolic Vicariate of San Jose in Mindoro","Apostolic Vicariate of Tucupita","Apostolic Vicariate of Donkorkrom","Apostolic Vicariate of Quetta","Apostolic Vicariate of Luang Prabang","Apostolic Vicariate of Pucallpa"]},{"index":1,"name":"col1","values":["80309","104000","5800","4238","13140","4615","19964","609000","109865","75000","2033","1001449","22000","10556","5980","40200","4285","347188","83700","52168"]},{"index":2,"name":"col2","values":["91000","182000","347000","877000","2994321","374000","457565","1388500","94000","5600000","800000","80471869","147688","107964","519000","173000","160000","7071000","1248690","615000"]}]},"context":{"page_title":null,"page_url":null,"page_entity_id":null,"content_hierarchy":[]},"links":[[[{"start":0,"end":29,"url":null,"entity_id":"Q620274","candidates":[]}],[],[]],[[{"start":0,"end":40,"url":null,"entity_id":"Q620270","candidates":[]}],[],[]],[[{"start":0,"end":30,"url":null,"entity_id":"Q620268","candidates":[]}],[],[]],[[{"start":0,"end":29,"url":null,"entity_id":"Q620264","candidates":[]}],[],[]],[[{"start":0,"end":36,"url":null,"entity_id":"Q620262","candidates":[]}],[],[]],[[{"start":0,"end":36,"url":null,"entity_id":"Q620257","candidates":[]}],[],[]],[[{"start":0,"end":31,"url":null,"entity_id":"Q620255","candidates":[]}],[],[]],[[{"start":0,"end":28,"url":null,"entity_id":"Q620251","candidates":[]}],[],[]],[[{"start":0,"end":28,"url":null,"entity_id":"Q620248","candidates":[]}],[],[]],[[{"start":0,"end":34,"url":null,"entity_id":"Q620241","candidates":[]}],[],[]],[[{"start":0,"end":42,"url":null,"entity_id":"Q620237","candidates":[]}],[],[]],[[{"start":0,"end":31,"url":null,"entity_id":"Q620226","candidates":[]}],[],[]],[[{"start":0,"end":40,"url":null,"entity_id":"Q611036","candidates":[]}],[],[]],[[{"start":0,"end":42,"url":null,"entity_id":"Q534378","candidates":[]}],[],[]],[[{"start":0,"end":31,"url":null,"entity_id":"Q518158","candidates":[]}],[],[]],[[{"start":0,"end":33,"url":null,"entity_id":"Q478449","candidates":[]}],[],[]],[[{"start":0,"end":29,"url":null,"entity_id":"Q478208","candidates":[]}],[],[]],[[{"start":0,"end":36,"url":null,"entity_id":"Q429631","candidates":[]}],[],[]],[[{"start":0,"end":31,"url":null,"entity_id":"Q387308","candidates":[]}],[],[]],[[{"start":0,"end":29,"url":null,"entity_id":"Q620276","candidates":[]}],[],[]]]}