{"version":"1.2","table":{"version":"2","table_id":"4355RWKM","columns":[{"index":0,"name":"col0","values":["iridium-225","irigium-234","iridixm-203","iridivm-202","iridim-201","iriium-200","iridlum-199","iidium-198","iridium-497","iidium-196","iridivm-195","irdium-194","iridium-196","iridim-192","irkdium-191","iridium0190","iridixp-189","iridium0188","irjdium-187","iridium186"]},{"index":1,"name":"col1","values":["-5960.0","-9678.312","-14572.48","-16641.792","-19737.824","-21697.444","-24325.319455","-25950.104999999996","-28179.312685","-29200.009056","-31787.327752999998","-32206.390919999998","-34467.16253","-34905.232122","-36929.008536","-36680.036912","-38295.787656","-38229.872278999996","-39905.316348","-39564.06946"]},{"index":2,"name":"col2","values":["76.615","76.461","77.616","77.077","77.077","76.923","76.23","76.307","77.38499999999999","76.538","77.616","76.846","77.308","77.308","76.307","77.616","76.846","76.923","76.846","77.38499999999999"]}]},"context":{"page_title":null,"page_url":null,"page_entity_id":null,"content_hierarchy":[]},"links":[[[{"start":0,"end":11,"url":null,"entity_id":"Q47457359","candidates":[]}],[],[]],[[{"start":0,"end":11,"url":null,"entity_id":"Q47457355","candidates":[]}],[],[]],[[{"start":0,"end":11,"url":null,"entity_id":"Q47457353","candidates":[]}],[],[]],[[{"start":0,"end":10,"url":null,"entity_id":"Q47457339","candidates":[]}],[],[]],[[{"start":0,"end":10,"url":null,"entity_id":"Q47457336","candidates":[]}],[],[]],[[{"start":0,"end":11,"url":null,"entity_id":"Q18883059","candidates":[]}],[],[]],[[{"start":0,"end":10,"url":null,"entity_id":"Q18883058","candidates":[]}],[],[]],[[{"start":0,"end":11,"url":null,"entity_id":"Q18883056","candidates":[]}],[],[]],[[{"start":0,"end":10,"url":null,"entity_id":"Q18883053","candidates":[]}],[],[]],[[{"start":0,"end":11,"url":null,"entity_id":"Q18883051","candidates":[]}],[],[]],[[{"start":0,"end":10,"url":null,"entity_id":"Q18883048","candidates":[]}],[],[]],[[{"start":0,"end":11,"url":null,"entity_id":"Q18883045","candidates":[]}],[],[]],[[{"start":0,"end":10,"url":null,"entity_id":"Q18883042","candidates":[]}],[],[]],[[{"start":0,"end":11,"url":null,"entity_id":"Q18883039","candidates":[]}],[],[]],[[{"start":0,"end":11,"url":null,"entity_id":"Q18883034","candidates":[]}],[],[]],[[{"start":0,"end":11,"url":null,"entity_id":"Q18883031","candidates":[]}],[],[]],[[{"start":0,"end":11,"url":null,"entity_id":"Q18883029","candidates":[]}],[],[]],[[{"start":0,"end":11,"url":null,"entity_id":"Q18883026","candidates":[]}],[],[]],[[{"start":0,"end":10,"url":null,"entity_id":"Q18883024","candidates":[]}],[],[]],[[{"start":0,"end":11,"url":null,"entity_id":"Q47457361","candidates":[]}],[],[]]]}