{"version":"1.2","table":{"version":"2","table_id":"43ES23HZ","columns":[{"index":0,"name":"col0","values":["2MASS J18042374-2417511","2MASS J18043890-2427169","2MASS J18042998-2419103","2MASS J18043896-2425328","2MASS J18041195-2426279","2MASS J18041308-2426135","2MASS J18041881-2422257","2MASS J18040366-2426301","2MASS J18043538-2415491","2MASS J18040737-2422218","2MASS J18040817-2423149","2MASS J18040582-2425186","2MASS J18041481-2421059","2MASS J18040479-2426373","2MASS J18042400-2426374","2MASS J18041306-2422429","2MASS J18040300-2412334","2MASS J18041377-2424051","2MASS J18042278-2422343","2MASS J18042915-2426320"]},{"index":1,"name":"col1","values":["-0.08","-0.04","0.07","-0.06","-0.07","-0.15","-0.09","-0.12","0.21","0.02","-0.09","0.01","-0.05","-0.07","0.02","-0.04","0.06","0.03","-0.11","-0.05"]},{"index":2,"name":"col2","values":["0.6213","0.6618","0.5594","0.7529","0.3054","0.5228","0.9943","0.4822","0.7419","0.6609","0.5824","0.5618","0.6319","0.6971","0.7105","0.5825","0.8133","0.7528","0.754","0.7312"]}]},"context":{"page_title":null,"page_url":null,"page_entity_id":null,"content_hierarchy":[]},"links":[[[{"start":0,"end":23,"url":null,"entity_id":"Q76786316","candidates":[]}],[],[]],[[{"start":0,"end":23,"url":null,"entity_id":"Q76786066","candidates":[]}],[],[]],[[{"start":0,"end":23,"url":null,"entity_id":"Q76786041","candidates":[]}],[],[]],[[{"start":0,"end":23,"url":null,"entity_id":"Q76785631","candidates":[]}],[],[]],[[{"start":0,"end":23,"url":null,"entity_id":"Q76785507","candidates":[]}],[],[]],[[{"start":0,"end":23,"url":null,"entity_id":"Q76785242","candidates":[]}],[],[]],[[{"start":0,"end":23,"url":null,"entity_id":"Q76784880","candidates":[]}],[],[]],[[{"start":0,"end":23,"url":null,"entity_id":"Q76784311","candidates":[]}],[],[]],[[{"start":0,"end":23,"url":null,"entity_id":"Q76784133","candidates":[]}],[],[]],[[{"start":0,"end":23,"url":null,"entity_id":"Q76784046","candidates":[]}],[],[]],[[{"start":0,"end":23,"url":null,"entity_id":"Q76783978","candidates":[]}],[],[]],[[{"start":0,"end":23,"url":null,"entity_id":"Q76783899","candidates":[]}],[],[]],[[{"start":0,"end":23,"url":null,"entity_id":"Q76783177","candidates":[]}],[],[]],[[{"start":0,"end":23,"url":null,"entity_id":"Q76782758","candidates":[]}],[],[]],[[{"start":0,"end":23,"url":null,"entity_id":"Q76782634","candidates":[]}],[],[]],[[{"start":0,"end":23,"url":null,"entity_id":"Q76782422","candidates":[]}],[],[]],[[{"start":0,"end":23,"url":null,"entity_id":"Q76782118","candidates":[]}],[],[]],[[{"start":0,"end":23,"url":null,"entity_id":"Q76781819","candidates":[]}],[],[]],[[{"start":0,"end":23,"url":null,"entity_id":"Q76781760","candidates":[]}],[],[]],[[{"start":0,"end":23,"url":null,"entity_id":"Q76787691","candidates":[]}],[],[]]]}