{"version":"1.2","table":{"version":"2","table_id":"45LXEUH9","columns":[{"index":0,"name":"col0","values":["Bayan-class cruiser","Rivadavia-class battleship","Minas Geraes-class battleship","Königsberg-class cruiser","Victoria-class battleship","Shirane-class destroyer","Type 1936 destroyers","Valour-class frigate","Implacable-class aircraft carrier","Kearsarge-class battleship","Indiana-class battleship","Connecticut-class battleship","Nelson class cruiser","South Carolina class battleship","Florida class battleship","Sampson-class destroyer","Tsukuba class cruiser","Ning Hai class cruiser","Scharnhorst-class battleship","Bismarck-class battleship"]},{"index":1,"name":"col1","values":["Russian cruiser Pallada","ARA Rivadavia","Minas Geraes","German cruiser Karlsruhe","HMS Victoria","JS Kurama","German destroyer Z17 Diether von Roeder","SAS Amatola","HMS Implacable","USS Kearsarge","USS Massachusetts","USS New Hampshire","HMS Northampton","USS Michigan","USS Utah","USS Davis","Japanese cruiser Tsukuba","Chinese cruiser Ning Hai","German battleship Gneisenau","Bismarck"]},{"index":2,"name":"col2","values":["armored cruiser","dreadnought","dreadnought","light cruiser","battleship","destroyer","destroyer","frigate","aircraft carrier","pre-dreadnought battleship","pre-dreadnought battleship","pre-dreadnought battleship","armored cruiser","dreadnought","battleship","destroyer","cruiser","light cruiser","battleship","battleship"]}]},"context":{"page_title":null,"page_url":null,"page_entity_id":null,"content_hierarchy":[]},"links":[[[{"start":0,"end":26,"url":null,"entity_id":"Q9562","candidates":[]}],[{"start":0,"end":13,"url":null,"entity_id":"Q9564","candidates":[]}],[{"start":0,"end":11,"url":null,"entity_id":"Q847109","candidates":[]}]],[[{"start":0,"end":29,"url":null,"entity_id":"Q9542","candidates":[]}],[{"start":0,"end":12,"url":null,"entity_id":"Q9560","candidates":[]}],[{"start":0,"end":11,"url":null,"entity_id":"Q847109","candidates":[]}]],[[{"start":0,"end":24,"url":null,"entity_id":"Q123794","candidates":[]}],[{"start":0,"end":24,"url":null,"entity_id":"Q663558","candidates":[]}],[{"start":0,"end":13,"url":null,"entity_id":"Q778129","candidates":[]}]],[[{"start":0,"end":25,"url":null,"entity_id":"Q94560","candidates":[]}],[{"start":0,"end":12,"url":null,"entity_id":"Q1502183","candidates":[]}],[{"start":0,"end":10,"url":null,"entity_id":"Q182531","candidates":[]}]],[[{"start":0,"end":23,"url":null,"entity_id":"Q285301","candidates":[]}],[{"start":0,"end":9,"url":null,"entity_id":"Q11265596","candidates":[]}],[{"start":0,"end":9,"url":null,"entity_id":"Q174736","candidates":[]}]],[[{"start":0,"end":20,"url":null,"entity_id":"Q196735","candidates":[]}],[{"start":0,"end":39,"url":null,"entity_id":"Q136608","candidates":[]}],[{"start":0,"end":9,"url":null,"entity_id":"Q174736","candidates":[]}]],[[{"start":0,"end":20,"url":null,"entity_id":"Q268761","candidates":[]}],[{"start":0,"end":11,"url":null,"entity_id":"Q7388796","candidates":[]}],[{"start":0,"end":7,"url":null,"entity_id":"Q161705","candidates":[]}]],[[{"start":0,"end":33,"url":null,"entity_id":"Q262732","candidates":[]}],[{"start":0,"end":14,"url":null,"entity_id":"Q1032037","candidates":[]}],[{"start":0,"end":16,"url":null,"entity_id":"Q17205","candidates":[]}]],[[{"start":0,"end":26,"url":null,"entity_id":"Q2572014","candidates":[]}],[{"start":0,"end":13,"url":null,"entity_id":"Q3273486","candidates":[]}],[{"start":0,"end":26,"url":null,"entity_id":"Q1051067","candidates":[]}]],[[{"start":0,"end":24,"url":null,"entity_id":"Q2519671","candidates":[]}],[{"start":0,"end":17,"url":null,"entity_id":"Q2697074","candidates":[]}],[{"start":0,"end":26,"url":null,"entity_id":"Q1051067","candidates":[]}]],[[{"start":0,"end":28,"url":null,"entity_id":"Q2519269","candidates":[]}],[{"start":0,"end":17,"url":null,"entity_id":"Q1145206","candidates":[]}],[{"start":0,"end":26,"url":null,"entity_id":"Q1051067","candidates":[]}]],[[{"start":0,"end":20,"url":null,"entity_id":"Q2504762","candidates":[]}],[{"start":0,"end":15,"url":null,"entity_id":"Q4993776","candidates":[]}],[{"start":0,"end":15,"url":null,"entity_id":"Q847478","candidates":[]}]],[[{"start":0,"end":31,"url":null,"entity_id":"Q2556128","candidates":[]}],[{"start":0,"end":12,"url":null,"entity_id":"Q3273989","candidates":[]}],[{"start":0,"end":11,"url":null,"entity_id":"Q847109","candidates":[]}]],[[{"start":0,"end":24,"url":null,"entity_id":"Q2613815","candidates":[]}],[{"start":0,"end":8,"url":null,"entity_id":"Q1754624","candidates":[]}],[{"start":0,"end":10,"url":null,"entity_id":"Q182531","candidates":[]}]],[[{"start":0,"end":23,"url":null,"entity_id":"Q2491939","candidates":[]}],[{"start":0,"end":9,"url":null,"entity_id":"Q4300540","candidates":[]}],[{"start":0,"end":9,"url":null,"entity_id":"Q174736","candidates":[]}]],[[{"start":0,"end":21,"url":null,"entity_id":"Q2504794","candidates":[]}],[{"start":0,"end":24,"url":null,"entity_id":"Q371179","candidates":[]}],[{"start":0,"end":7,"url":null,"entity_id":"Q104843","candidates":[]}]],[[{"start":0,"end":22,"url":null,"entity_id":"Q713169","candidates":[]}],[{"start":0,"end":24,"url":null,"entity_id":"Q5100742","candidates":[]}],[{"start":0,"end":13,"url":null,"entity_id":"Q778129","candidates":[]}]],[[{"start":0,"end":28,"url":null,"entity_id":"Q701202","candidates":[]}],[{"start":0,"end":27,"url":null,"entity_id":"Q156903","candidates":[]}],[{"start":0,"end":10,"url":null,"entity_id":"Q182531","candidates":[]}]],[[{"start":0,"end":25,"url":null,"entity_id":"Q707045","candidates":[]}],[{"start":0,"end":8,"url":null,"entity_id":"Q150857","candidates":[]}],[{"start":0,"end":10,"url":null,"entity_id":"Q182531","candidates":[]}]],[[{"start":0,"end":19,"url":null,"entity_id":"Q275807","candidates":[]}],[{"start":0,"end":23,"url":null,"entity_id":"Q209882","candidates":[]}],[{"start":0,"end":15,"url":null,"entity_id":"Q847478","candidates":[]}]]]}