{"version":"1.2","table":{"version":"2","table_id":"46GVU5AF","columns":[{"index":0,"name":"col0","values":["HMS Scimitar","HMS Ranger","HMS Pursuer","HMS Blazer","HMS Tracker","HMS Raider","Sana’a","USS Sadie Ross","Defender","USS Ability","USS War Bug","USS Chichota","Cape St.George","Croatian patrol boat Šolta","HMS Spejaren","MV Sharpie","Spanish patrol vessel Audaz","INS Sunayna","L'Astrolabe (2016 icebreaker)","USS Truant"]},{"index":1,"name":"col1","values":["Trafalgar Wharf, Portsmouth","VT Group","VT Group","VT Group","Ailsa Shipbuilding Company","Ailsa Shipbuilding Company","Bollinger Shipyards","Bethlehem Atlantic Works","SAFE Boats International","Defoe Shipbuilding Company","Nathanael Greene Herreshoff","Nathanael Greene Herreshoff","Austal","Kraljevica Shipyard","Bergen Mekaniske Verksted","Bollinger Shipyards","Navantia","Goa Shipyard Limited","CRIST","Nathanael Greene Herreshoff"]},{"index":2,"name":"col2","values":["United Kingdom","United Kingdom","United Kingdom","United Kingdom","United Kingdom","United Kingdom","Yemen","United States of America","United States of America","United States of America","United States of America","United States of America","Australia","Yugoslavia","Sweden","United States of America","Spain","India","France","United States of America"]},{"index":3,"name":"col3","values":["Royal Navy","Royal Navy","Royal Navy","Royal Navy","Royal Navy","Royal Navy","United States Navy","United States Navy","United States Navy","United States Navy","United States Navy","United States Navy","Australian Customs and Border Protection Service","Croatian Navy","Swedish Navy","Sea Shepherd Conservation Society","Spanish Navy","Indian Navy","French Navy","United States Navy"]}]},"context":{"page_title":null,"page_url":null,"page_entity_id":null,"content_hierarchy":[]},"links":[[[{"start":0,"end":10,"url":null,"entity_id":"Q5633987","candidates":[]}],[{"start":0,"end":8,"url":null,"entity_id":"Q2506669","candidates":[]}],[{"start":0,"end":14,"url":null,"entity_id":"Q145","candidates":[]}],[{"start":0,"end":10,"url":null,"entity_id":"Q172771","candidates":[]}]],[[{"start":0,"end":11,"url":null,"entity_id":"Q5633922","candidates":[]}],[{"start":0,"end":8,"url":null,"entity_id":"Q2506669","candidates":[]}],[{"start":0,"end":14,"url":null,"entity_id":"Q145","candidates":[]}],[{"start":0,"end":10,"url":null,"entity_id":"Q172771","candidates":[]}]],[[{"start":0,"end":10,"url":null,"entity_id":"Q5631597","candidates":[]}],[{"start":0,"end":8,"url":null,"entity_id":"Q2506669","candidates":[]}],[{"start":0,"end":14,"url":null,"entity_id":"Q145","candidates":[]}],[{"start":0,"end":10,"url":null,"entity_id":"Q172771","candidates":[]}]],[[{"start":0,"end":11,"url":null,"entity_id":"Q5634668","candidates":[]}],[{"start":0,"end":26,"url":null,"entity_id":"Q248036","candidates":[]}],[{"start":0,"end":14,"url":null,"entity_id":"Q145","candidates":[]}],[{"start":0,"end":10,"url":null,"entity_id":"Q172771","candidates":[]}]],[[{"start":0,"end":10,"url":null,"entity_id":"Q5633968","candidates":[]}],[{"start":0,"end":26,"url":null,"entity_id":"Q248036","candidates":[]}],[{"start":0,"end":14,"url":null,"entity_id":"Q145","candidates":[]}],[{"start":0,"end":10,"url":null,"entity_id":"Q172771","candidates":[]}]],[[{"start":0,"end":6,"url":null,"entity_id":"Q7415559","candidates":[]}],[{"start":0,"end":19,"url":null,"entity_id":"Q4939795","candidates":[]}],[{"start":0,"end":5,"url":null,"entity_id":"Q805","candidates":[]}],[{"start":0,"end":18,"url":null,"entity_id":"Q11220","candidates":[]}]],[[{"start":0,"end":14,"url":null,"entity_id":"Q7873726","candidates":[]}],[{"start":0,"end":24,"url":null,"entity_id":"Q15198738","candidates":[]}],[{"start":0,"end":24,"url":null,"entity_id":"Q30","candidates":[]}],[{"start":0,"end":18,"url":null,"entity_id":"Q11220","candidates":[]}]],[[{"start":0,"end":8,"url":null,"entity_id":"Q5251317","candidates":[]}],[{"start":0,"end":24,"url":null,"entity_id":"Q7388527","candidates":[]}],[{"start":0,"end":24,"url":null,"entity_id":"Q30","candidates":[]}],[{"start":0,"end":18,"url":null,"entity_id":"Q11220","candidates":[]}]],[[{"start":0,"end":11,"url":null,"entity_id":"Q7866977","candidates":[]}],[{"start":0,"end":26,"url":null,"entity_id":"Q5251665","candidates":[]}],[{"start":0,"end":24,"url":null,"entity_id":"Q30","candidates":[]}],[{"start":0,"end":18,"url":null,"entity_id":"Q11220","candidates":[]}]],[[{"start":0,"end":11,"url":null,"entity_id":"Q7875277","candidates":[]}],[{"start":0,"end":27,"url":null,"entity_id":"Q1650136","candidates":[]}],[{"start":0,"end":24,"url":null,"entity_id":"Q30","candidates":[]}],[{"start":0,"end":18,"url":null,"entity_id":"Q11220","candidates":[]}]],[[{"start":0,"end":12,"url":null,"entity_id":"Q7868301","candidates":[]}],[{"start":0,"end":27,"url":null,"entity_id":"Q1650136","candidates":[]}],[{"start":0,"end":24,"url":null,"entity_id":"Q30","candidates":[]}],[{"start":0,"end":18,"url":null,"entity_id":"Q11220","candidates":[]}]],[[{"start":0,"end":14,"url":null,"entity_id":"Q52380668","candidates":[]}],[{"start":0,"end":6,"url":null,"entity_id":"Q780696","candidates":[]}],[{"start":0,"end":9,"url":null,"entity_id":"Q408","candidates":[]}],[{"start":0,"end":48,"url":null,"entity_id":"Q3306020","candidates":[]}]],[[{"start":0,"end":26,"url":null,"entity_id":"Q12638679","candidates":[]}],[{"start":0,"end":19,"url":null,"entity_id":"Q13614721","candidates":[]}],[{"start":0,"end":10,"url":null,"entity_id":"Q36704","candidates":[]}],[{"start":0,"end":13,"url":null,"entity_id":"Q2349884","candidates":[]}]],[[{"start":0,"end":12,"url":null,"entity_id":"Q10515133","candidates":[]}],[{"start":0,"end":25,"url":null,"entity_id":"Q3437865","candidates":[]}],[{"start":0,"end":6,"url":null,"entity_id":"Q34","candidates":[]}],[{"start":0,"end":12,"url":null,"entity_id":"Q1141396","candidates":[]}]],[[{"start":0,"end":10,"url":null,"entity_id":"Q47005013","candidates":[]}],[{"start":0,"end":19,"url":null,"entity_id":"Q4939795","candidates":[]}],[{"start":0,"end":24,"url":null,"entity_id":"Q30","candidates":[]}],[{"start":0,"end":33,"url":null,"entity_id":"Q731200","candidates":[]}]],[[{"start":0,"end":27,"url":null,"entity_id":"Q25414532","candidates":[]}],[{"start":0,"end":8,"url":null,"entity_id":"Q378849","candidates":[]}],[{"start":0,"end":5,"url":null,"entity_id":"Q29","candidates":[]}],[{"start":0,"end":12,"url":null,"entity_id":"Q676404","candidates":[]}]],[[{"start":0,"end":11,"url":null,"entity_id":"Q15074588","candidates":[]}],[{"start":0,"end":20,"url":null,"entity_id":"Q5575109","candidates":[]}],[{"start":0,"end":5,"url":null,"entity_id":"Q668","candidates":[]}],[{"start":0,"end":11,"url":null,"entity_id":"Q356359","candidates":[]}]],[[{"start":0,"end":29,"url":null,"entity_id":"Q22670074","candidates":[]}],[{"start":0,"end":5,"url":null,"entity_id":"Q15637769","candidates":[]}],[{"start":0,"end":6,"url":null,"entity_id":"Q142","candidates":[]}],[{"start":0,"end":11,"url":null,"entity_id":"Q217406","candidates":[]}]],[[{"start":0,"end":10,"url":null,"entity_id":"Q23003182","candidates":[]}],[{"start":0,"end":27,"url":null,"entity_id":"Q1650136","candidates":[]}],[{"start":0,"end":24,"url":null,"entity_id":"Q30","candidates":[]}],[{"start":0,"end":18,"url":null,"entity_id":"Q11220","candidates":[]}]],[[{"start":0,"end":12,"url":null,"entity_id":"Q5634243","candidates":[]}],[{"start":0,"end":27,"url":null,"entity_id":"Q7832430","candidates":[]}],[{"start":0,"end":14,"url":null,"entity_id":"Q145","candidates":[]}],[{"start":0,"end":10,"url":null,"entity_id":"Q172771","candidates":[]}]]]}