{"version":"1.2","table":{"version":"2","table_id":"4GATTU7R","columns":[{"index":0,"name":"col0","values":["OVSS J090237+131948","NVSS J085526+22129","IVS B153-225","PMN J1908-2609","NVSS J40655+582200","PM J2230-6310","FIRSTJ101924.4+635924","NVWS J081338+375003","PMS 2356-210","FIRST J115454.7+4;5731","NVSS J144712+40445","NVSS J113172+470010","NVSS J265334+294513","PKS 1545-21","SDSS J161829.1+443433.0","PMNJ2032-2125","NVSS J000953+355:24","NVSS J15159+334900","PKS 130609","FIRST J13159.6-001745"]},{"index":1,"name":"col1","values":["-5.015","-4.764242","0.19023600000000002","-0.498976","-0.979104","-0.47167499999999996","-2.7617279999999997","0.330338","-1.408178","-4.44015","-1.2800699999999998","-0.7138439999999999","1.006","-0.360436","-1.2660749999999998","0.042252000000000005","-0.6633","0.611544","-1.803394","1.7457439999999997"]},{"index":2,"name":"col2","values":["0.09303508","0.1893883","0.974133","1.6549037999999998","0.28495560000000003","2.3984046","0.0429912","0.26854534999999996","0.09648","0.05121222","0.19573544999999998","0.12521712","0.0622","0.1079836","0.1948306","0.8704556","1.251464","0.11302608","0.46864","0.0331353"]}]},"context":{"page_title":null,"page_url":null,"page_entity_id":null,"content_hierarchy":[]},"links":[[[{"start":0,"end":18,"url":null,"entity_id":"Q80409733","candidates":[]}],[],[]],[[{"start":0,"end":12,"url":null,"entity_id":"Q86934137","candidates":[]}],[],[]],[[{"start":0,"end":14,"url":null,"entity_id":"Q86933981","candidates":[]}],[],[]],[[{"start":0,"end":18,"url":null,"entity_id":"Q79897358","candidates":[]}],[],[]],[[{"start":0,"end":13,"url":null,"entity_id":"Q79860406","candidates":[]}],[],[]],[[{"start":0,"end":21,"url":null,"entity_id":"Q79611059","candidates":[]}],[],[]],[[{"start":0,"end":19,"url":null,"entity_id":"Q81782022","candidates":[]}],[],[]],[[{"start":0,"end":12,"url":null,"entity_id":"Q81553260","candidates":[]}],[],[]],[[{"start":0,"end":22,"url":null,"entity_id":"Q81509906","candidates":[]}],[],[]],[[{"start":0,"end":18,"url":null,"entity_id":"Q81504850","candidates":[]}],[],[]],[[{"start":0,"end":19,"url":null,"entity_id":"Q78534147","candidates":[]}],[],[]],[[{"start":0,"end":19,"url":null,"entity_id":"Q76884475","candidates":[]}],[],[]],[[{"start":0,"end":11,"url":null,"entity_id":"Q76562172","candidates":[]}],[],[]],[[{"start":0,"end":23,"url":null,"entity_id":"Q76447522","candidates":[]}],[],[]],[[{"start":0,"end":13,"url":null,"entity_id":"Q84003717","candidates":[]}],[],[]],[[{"start":0,"end":19,"url":null,"entity_id":"Q83786252","candidates":[]}],[],[]],[[{"start":0,"end":18,"url":null,"entity_id":"Q83592215","candidates":[]}],[],[]],[[{"start":0,"end":10,"url":null,"entity_id":"Q83472633","candidates":[]}],[],[]],[[{"start":0,"end":21,"url":null,"entity_id":"Q83469915","candidates":[]}],[],[]],[[{"start":0,"end":19,"url":null,"entity_id":"Q77024488","candidates":[]}],[],[]]]}