{"version":"1.2","table":{"version":"2","table_id":"4JGZI72X","columns":[{"index":0,"name":"col0","values":["DESY Zeuthen","ABB Switzerland Ltd Corporate Research","National High Magnetic Field Laboratory Toulouse","Institute of Cryobiology and Food Technology","Earth Observatory of Singapore","World Agroforestry Centre","International Institute of Tropical Agriculture","International Center for Agricultural Research in the Dry Areas","International Center for Agricultural Research in the Dry Areas","International Food Policy Research Institute","Institute of Aquaculture Torre de la Sal","Wood Technology Institute","Global Change Research Centre","Institute of Physical and Organic Chemistry","Institute of Chemical Engineering","Institute of Neurobiology","George Institute for Global Health","Centro de Estudios Avanzados de Blane","Institute of Electrochemistry and Energy Systems","Institute of Bioorganic Chemistry"]},{"index":1,"name":"col1","values":["DESY","ABB Group","LNCMI","Agricultural Academy","Nanyang Technological University","World Agroforestry Centre","International Institute of Tropical Agriculture","International Center for Agricultural Research in the Dry Areas","International Center for Agricultural Research in the Dry Areas","International Food Policy Research Institute","Spanish National Research Council","Sieć Badawcza Łukasiewicz","Czech Academy of Sciences","National Academy of Sciences of Belarus","Bulgarian Academy of Sciences","Bulgarian Academy of Sciences","The George Institute for Global Health","Spanish National Research Council","Bulgarian Academy of Sciences","National Academy of Sciences of Belarus"]},{"index":2,"name":"col2","values":["Germany","Switzerland","France","Bulgaria","Singapore","People's Republic of China","Benin","Jordan","Morocco","India","Spain","Poland","Czech Republic","Belarus","Bulgaria","Bulgaria","People's Republic of China","Spain","Bulgaria","Belarus"]},{"index":3,"name":"col3","values":["Zeuthen","Baden","Toulouse","Sofia","Singapore","Kunming","Cotonou","Amman","Rabat","New Delhi","Castelló de la Plana","Poznań","Brno","Minsk","Sofia","Sofia","Beijing","Blanes","Sofia","Minsk"]}]},"context":{"page_title":null,"page_url":null,"page_entity_id":null,"content_hierarchy":[]},"links":[[[{"start":0,"end":38,"url":null,"entity_id":"Q39914079","candidates":[]}],[{"start":0,"end":9,"url":null,"entity_id":"Q52825","candidates":[]}],[{"start":0,"end":11,"url":null,"entity_id":"Q39","candidates":[]}],[{"start":0,"end":5,"url":null,"entity_id":"Q63939","candidates":[]}]],[[{"start":0,"end":48,"url":null,"entity_id":"Q39912770","candidates":[]}],[{"start":0,"end":5,"url":null,"entity_id":"Q13421865","candidates":[]}],[{"start":0,"end":6,"url":null,"entity_id":"Q142","candidates":[]}],[{"start":0,"end":8,"url":null,"entity_id":"Q7880","candidates":[]}]],[[{"start":0,"end":44,"url":null,"entity_id":"Q33121403","candidates":[]}],[{"start":0,"end":20,"url":null,"entity_id":"Q10080854","candidates":[]}],[{"start":0,"end":8,"url":null,"entity_id":"Q219","candidates":[]}],[{"start":0,"end":5,"url":null,"entity_id":"Q472","candidates":[]}]],[[{"start":0,"end":30,"url":null,"entity_id":"Q33121874","candidates":[]}],[{"start":0,"end":32,"url":null,"entity_id":"Q721064","candidates":[]}],[{"start":0,"end":9,"url":null,"entity_id":"Q334","candidates":[]}],[{"start":0,"end":9,"url":null,"entity_id":"Q334","candidates":[]}]],[[{"start":0,"end":25,"url":null,"entity_id":"Q50376887","candidates":[]}],[{"start":0,"end":25,"url":null,"entity_id":"Q1362380","candidates":[]}],[{"start":0,"end":26,"url":null,"entity_id":"Q148","candidates":[]}],[{"start":0,"end":7,"url":null,"entity_id":"Q182852","candidates":[]}]],[[{"start":0,"end":47,"url":null,"entity_id":"Q50376881","candidates":[]}],[{"start":0,"end":47,"url":null,"entity_id":"Q1142738","candidates":[]}],[{"start":0,"end":5,"url":null,"entity_id":"Q962","candidates":[]}],[{"start":0,"end":7,"url":null,"entity_id":"Q43595","candidates":[]}]],[[{"start":0,"end":63,"url":null,"entity_id":"Q50362990","candidates":[]}],[{"start":0,"end":63,"url":null,"entity_id":"Q601277","candidates":[]}],[{"start":0,"end":6,"url":null,"entity_id":"Q810","candidates":[]}],[{"start":0,"end":5,"url":null,"entity_id":"Q3805","candidates":[]}]],[[{"start":0,"end":63,"url":null,"entity_id":"Q50362982","candidates":[]}],[{"start":0,"end":63,"url":null,"entity_id":"Q601277","candidates":[]}],[{"start":0,"end":7,"url":null,"entity_id":"Q1028","candidates":[]}],[{"start":0,"end":5,"url":null,"entity_id":"Q3551","candidates":[]}]],[[{"start":0,"end":44,"url":null,"entity_id":"Q50376891","candidates":[]}],[{"start":0,"end":44,"url":null,"entity_id":"Q1191051","candidates":[]}],[{"start":0,"end":5,"url":null,"entity_id":"Q668","candidates":[]}],[{"start":0,"end":9,"url":null,"entity_id":"Q987","candidates":[]}]],[[{"start":0,"end":40,"url":null,"entity_id":"Q30296232","candidates":[]}],[{"start":0,"end":33,"url":null,"entity_id":"Q1024362","candidates":[]}],[{"start":0,"end":5,"url":null,"entity_id":"Q29","candidates":[]}],[{"start":0,"end":20,"url":null,"entity_id":"Q15092","candidates":[]}]],[[{"start":0,"end":25,"url":null,"entity_id":"Q30290057","candidates":[]}],[{"start":0,"end":25,"url":null,"entity_id":"Q32439127","candidates":[]}],[{"start":0,"end":6,"url":null,"entity_id":"Q36","candidates":[]}],[{"start":0,"end":6,"url":null,"entity_id":"Q268","candidates":[]}]],[[{"start":0,"end":29,"url":null,"entity_id":"Q30285587","candidates":[]}],[{"start":0,"end":25,"url":null,"entity_id":"Q374686","candidates":[]}],[{"start":0,"end":14,"url":null,"entity_id":"Q213","candidates":[]}],[{"start":0,"end":4,"url":null,"entity_id":"Q14960","candidates":[]}]],[[{"start":0,"end":43,"url":null,"entity_id":"Q30289956","candidates":[]}],[{"start":0,"end":39,"url":null,"entity_id":"Q1967977","candidates":[]}],[{"start":0,"end":7,"url":null,"entity_id":"Q184","candidates":[]}],[{"start":0,"end":5,"url":null,"entity_id":"Q2280","candidates":[]}]],[[{"start":0,"end":33,"url":null,"entity_id":"Q30289826","candidates":[]}],[{"start":0,"end":29,"url":null,"entity_id":"Q1003730","candidates":[]}],[{"start":0,"end":8,"url":null,"entity_id":"Q219","candidates":[]}],[{"start":0,"end":5,"url":null,"entity_id":"Q472","candidates":[]}]],[[{"start":0,"end":25,"url":null,"entity_id":"Q30287794","candidates":[]}],[{"start":0,"end":29,"url":null,"entity_id":"Q1003730","candidates":[]}],[{"start":0,"end":8,"url":null,"entity_id":"Q219","candidates":[]}],[{"start":0,"end":5,"url":null,"entity_id":"Q472","candidates":[]}]],[[{"start":0,"end":34,"url":null,"entity_id":"Q50575538","candidates":[]}],[{"start":0,"end":38,"url":null,"entity_id":"Q7736177","candidates":[]}],[{"start":0,"end":26,"url":null,"entity_id":"Q148","candidates":[]}],[{"start":0,"end":7,"url":null,"entity_id":"Q956","candidates":[]}]],[[{"start":0,"end":37,"url":null,"entity_id":"Q30284404","candidates":[]}],[{"start":0,"end":33,"url":null,"entity_id":"Q1024362","candidates":[]}],[{"start":0,"end":5,"url":null,"entity_id":"Q29","candidates":[]}],[{"start":0,"end":6,"url":null,"entity_id":"Q12991","candidates":[]}]],[[{"start":0,"end":48,"url":null,"entity_id":"Q30284381","candidates":[]}],[{"start":0,"end":29,"url":null,"entity_id":"Q1003730","candidates":[]}],[{"start":0,"end":8,"url":null,"entity_id":"Q219","candidates":[]}],[{"start":0,"end":5,"url":null,"entity_id":"Q472","candidates":[]}]],[[{"start":0,"end":33,"url":null,"entity_id":"Q30274418","candidates":[]}],[{"start":0,"end":39,"url":null,"entity_id":"Q1967977","candidates":[]}],[{"start":0,"end":7,"url":null,"entity_id":"Q184","candidates":[]}],[{"start":0,"end":5,"url":null,"entity_id":"Q2280","candidates":[]}]],[[{"start":0,"end":12,"url":null,"entity_id":"Q39901428","candidates":[]}],[{"start":0,"end":4,"url":null,"entity_id":"Q311801","candidates":[]}],[{"start":0,"end":7,"url":null,"entity_id":"Q183","candidates":[]}],[{"start":0,"end":7,"url":null,"entity_id":"Q180898","candidates":[]}]]]}