{"version":"1.2","table":{"version":"2","table_id":"4KTYAV4G","columns":[{"index":0,"name":"col0","values":["Newbrook","Nevis, Alberta","Mountain View, Alberta","Leslieville, Alberta","Langdon, Alberta","Lac des Arcs, Alberta","La Glace, Alberta","La Crete","Kinuso, Alberta","Kingman, Alberta","Robb, Alberta","Lundbreck, Alberta","Zama City, Alberta","Woking","Winfield, Alberta","Waterton Park, Alberta","Walsh, Alberta","Valhalla Centre","Torrington, Alberta","Tomahawk, Alberta"]},{"index":1,"name":"col1","values":["0.5","0.67","1.36","1.84","3.44","0.52","0.82","8.54","0.61","0.41","6.83","0.42","19.34","0.56","1.12","485.6","1.42","1.34","0.69","0.38"]},{"index":2,"name":"col2","values":["665","815","1310","965","1005","1320","735","315","610","740","1140","1200","320","675","926","1280","745","735","950","765"]}]},"context":{"page_title":null,"page_url":null,"page_entity_id":null,"content_hierarchy":[]},"links":[[[{"start":0,"end":14,"url":null,"entity_id":"Q7004954","candidates":[]}],[],[]],[[{"start":0,"end":22,"url":null,"entity_id":"Q6925290","candidates":[]}],[],[]],[[{"start":0,"end":20,"url":null,"entity_id":"Q6531269","candidates":[]}],[],[]],[[{"start":0,"end":16,"url":null,"entity_id":"Q6485781","candidates":[]}],[],[]],[[{"start":0,"end":21,"url":null,"entity_id":"Q6468020","candidates":[]}],[],[]],[[{"start":0,"end":17,"url":null,"entity_id":"Q6462766","candidates":[]}],[],[]],[[{"start":0,"end":8,"url":null,"entity_id":"Q6462034","candidates":[]}],[],[]],[[{"start":0,"end":15,"url":null,"entity_id":"Q6414429","candidates":[]}],[],[]],[[{"start":0,"end":16,"url":null,"entity_id":"Q6412803","candidates":[]}],[],[]],[[{"start":0,"end":13,"url":null,"entity_id":"Q14874892","candidates":[]}],[],[]],[[{"start":0,"end":18,"url":null,"entity_id":"Q14874852","candidates":[]}],[],[]],[[{"start":0,"end":18,"url":null,"entity_id":"Q8065584","candidates":[]}],[],[]],[[{"start":0,"end":6,"url":null,"entity_id":"Q8029316","candidates":[]}],[],[]],[[{"start":0,"end":17,"url":null,"entity_id":"Q8024986","candidates":[]}],[],[]],[[{"start":0,"end":22,"url":null,"entity_id":"Q7974475","candidates":[]}],[],[]],[[{"start":0,"end":14,"url":null,"entity_id":"Q7963806","candidates":[]}],[],[]],[[{"start":0,"end":15,"url":null,"entity_id":"Q7911568","candidates":[]}],[],[]],[[{"start":0,"end":19,"url":null,"entity_id":"Q7827134","candidates":[]}],[],[]],[[{"start":0,"end":17,"url":null,"entity_id":"Q7818207","candidates":[]}],[],[]],[[{"start":0,"end":8,"url":null,"entity_id":"Q7017112","candidates":[]}],[],[]]]}