{"version":"1.2","table":{"version":"2","table_id":"4MO5W71J","columns":[{"index":0,"name":"col0","values":["Cpol Rock","Cool Hbrd Facts","D-Rol","Consort for Erass","Dances and Dmes","Crinolin Dreams","Covert Afhair","Dool Vibes","Cool Boasv","Backed Vibes (coean)","Backed Vbgs","Backbay Loune","Awesoe Call","As I Fiure","Aperq Hour","Giant Wym","Jhost Story","Gathering\"Darkness","Final Couqt","Evening ofChaos"]},{"index":1,"name":"col1","values":["rock music","rock music","reggae","classical music","jazz","jazz","jazz","jazz","jazz","jazz","jazz","jazz","jazz","jazz","jazz","horror music","horror music","horror music","horror music","horror music"]},{"index":2,"name":"col2","values":["128.512","116.928","121.893","60.0","120.0","119.64","68.068","83.664","123.628","103.92699999999999","102.382","119.03999999999999","153.538","119.28","141.4","80.16","0.0","0.0","76.692","0.0"]}]},"context":{"page_title":null,"page_url":null,"page_entity_id":null,"content_hierarchy":[]},"links":[[[{"start":0,"end":15,"url":null,"entity_id":"Q66622352","candidates":[]}],[{"start":0,"end":10,"url":null,"entity_id":"Q11399","candidates":[]}],[]],[[{"start":0,"end":5,"url":null,"entity_id":"Q66622285","candidates":[]}],[{"start":0,"end":6,"url":null,"entity_id":"Q9794","candidates":[]}],[]],[[{"start":0,"end":17,"url":null,"entity_id":"Q66622339","candidates":[]}],[{"start":0,"end":15,"url":null,"entity_id":"Q9730","candidates":[]}],[]],[[{"start":0,"end":15,"url":null,"entity_id":"Q66622451","candidates":[]}],[{"start":0,"end":4,"url":null,"entity_id":"Q8341","candidates":[]}],[]],[[{"start":0,"end":15,"url":null,"entity_id":"Q66622398","candidates":[]}],[{"start":0,"end":4,"url":null,"entity_id":"Q8341","candidates":[]}],[]],[[{"start":0,"end":13,"url":null,"entity_id":"Q66622389","candidates":[]}],[{"start":0,"end":4,"url":null,"entity_id":"Q8341","candidates":[]}],[]],[[{"start":0,"end":10,"url":null,"entity_id":"Q66622377","candidates":[]}],[{"start":0,"end":4,"url":null,"entity_id":"Q8341","candidates":[]}],[]],[[{"start":0,"end":10,"url":null,"entity_id":"Q66622351","candidates":[]}],[{"start":0,"end":4,"url":null,"entity_id":"Q8341","candidates":[]}],[]],[[{"start":0,"end":20,"url":null,"entity_id":"Q66622295","candidates":[]}],[{"start":0,"end":4,"url":null,"entity_id":"Q8341","candidates":[]}],[]],[[{"start":0,"end":11,"url":null,"entity_id":"Q66622294","candidates":[]}],[{"start":0,"end":4,"url":null,"entity_id":"Q8341","candidates":[]}],[]],[[{"start":0,"end":13,"url":null,"entity_id":"Q66622292","candidates":[]}],[{"start":0,"end":4,"url":null,"entity_id":"Q8341","candidates":[]}],[]],[[{"start":0,"end":11,"url":null,"entity_id":"Q66622281","candidates":[]}],[{"start":0,"end":4,"url":null,"entity_id":"Q8341","candidates":[]}],[]],[[{"start":0,"end":10,"url":null,"entity_id":"Q66622248","candidates":[]}],[{"start":0,"end":4,"url":null,"entity_id":"Q8341","candidates":[]}],[]],[[{"start":0,"end":10,"url":null,"entity_id":"Q66622192","candidates":[]}],[{"start":0,"end":4,"url":null,"entity_id":"Q8341","candidates":[]}],[]],[[{"start":0,"end":9,"url":null,"entity_id":"Q66660995","candidates":[]}],[{"start":0,"end":12,"url":null,"entity_id":"Q54864794","candidates":[]}],[]],[[{"start":0,"end":11,"url":null,"entity_id":"Q66660975","candidates":[]}],[{"start":0,"end":12,"url":null,"entity_id":"Q54864794","candidates":[]}],[]],[[{"start":0,"end":18,"url":null,"entity_id":"Q66660964","candidates":[]}],[{"start":0,"end":12,"url":null,"entity_id":"Q54864794","candidates":[]}],[]],[[{"start":0,"end":11,"url":null,"entity_id":"Q66660863","candidates":[]}],[{"start":0,"end":12,"url":null,"entity_id":"Q54864794","candidates":[]}],[]],[[{"start":0,"end":15,"url":null,"entity_id":"Q66634006","candidates":[]}],[{"start":0,"end":12,"url":null,"entity_id":"Q54864794","candidates":[]}],[]],[[{"start":0,"end":9,"url":null,"entity_id":"Q66622376","candidates":[]}],[{"start":0,"end":10,"url":null,"entity_id":"Q11399","candidates":[]}],[]]]}