{"version":"1.2","table":{"version":"2","table_id":"4NJS29Y1","columns":[{"index":0,"name":"col0","values":["Moroccan Arabic","Tunisian Arabic","Punjabi","Algerian Arabic","Banyumasan","Cantonese","Swahili","Egyptian Arabic","Bavarian","Bankal","Mwali Comorian","Bukhori dialect","Larantuka Malay","Ukrainian Belarusian","Hill Mari language","Walser German","Griko language","Baltic Romani","Hutterite German","Arakanese language"]},{"index":1,"name":"col1","values":["30000000","11200000","90700000","35000000","13500000","72893210","16010110","64542400","14000000","75000","28700","60000","20000","56249","23062","22780","20000","50000","40000","765000"]},{"index":2,"name":"col2","values":["Morocco","Tunisia","India","Algeria","Indonesia","People's Republic of China","Kenya","Egypt","Austria","Nigeria","Comoros","Israel","Indonesia","Ukraine","Russia","Italy","Italy","Finland","Canada","India"]}]},"context":{"page_title":null,"page_url":null,"page_entity_id":null,"content_hierarchy":[]},"links":[[[{"start":0,"end":15,"url":null,"entity_id":"Q56240","candidates":[]}],[],[{"start":0,"end":7,"url":null,"entity_id":"Q948","candidates":[]}]],[[{"start":0,"end":7,"url":null,"entity_id":"Q1389492","candidates":[]}],[],[{"start":0,"end":5,"url":null,"entity_id":"Q668","candidates":[]}]],[[{"start":0,"end":15,"url":null,"entity_id":"Q56499","candidates":[]}],[],[{"start":0,"end":7,"url":null,"entity_id":"Q262","candidates":[]}]],[[{"start":0,"end":10,"url":null,"entity_id":"Q33219","candidates":[]}],[],[{"start":0,"end":9,"url":null,"entity_id":"Q252","candidates":[]}]],[[{"start":0,"end":9,"url":null,"entity_id":"Q9186","candidates":[]}],[],[{"start":0,"end":26,"url":null,"entity_id":"Q148","candidates":[]}]],[[{"start":0,"end":7,"url":null,"entity_id":"Q3197533","candidates":[]}],[],[{"start":0,"end":5,"url":null,"entity_id":"Q114","candidates":[]}]],[[{"start":0,"end":15,"url":null,"entity_id":"Q29919","candidates":[]}],[],[{"start":0,"end":5,"url":null,"entity_id":"Q79","candidates":[]}]],[[{"start":0,"end":8,"url":null,"entity_id":"Q29540","candidates":[]}],[],[{"start":0,"end":7,"url":null,"entity_id":"Q40","candidates":[]}]],[[{"start":0,"end":6,"url":null,"entity_id":"Q17523697","candidates":[]}],[],[{"start":0,"end":7,"url":null,"entity_id":"Q1033","candidates":[]}]],[[{"start":0,"end":14,"url":null,"entity_id":"Q3319155","candidates":[]}],[],[{"start":0,"end":7,"url":null,"entity_id":"Q970","candidates":[]}]],[[{"start":0,"end":15,"url":null,"entity_id":"Q56469","candidates":[]}],[],[{"start":0,"end":6,"url":null,"entity_id":"Q801","candidates":[]}]],[[{"start":0,"end":15,"url":null,"entity_id":"Q6488691","candidates":[]}],[],[{"start":0,"end":9,"url":null,"entity_id":"Q252","candidates":[]}]],[[{"start":0,"end":20,"url":null,"entity_id":"Q12086766","candidates":[]}],[],[{"start":0,"end":7,"url":null,"entity_id":"Q212","candidates":[]}]],[[{"start":0,"end":18,"url":null,"entity_id":"Q1776032","candidates":[]}],[],[{"start":0,"end":6,"url":null,"entity_id":"Q159","candidates":[]}]],[[{"start":0,"end":13,"url":null,"entity_id":"Q680517","candidates":[]}],[],[{"start":0,"end":5,"url":null,"entity_id":"Q38","candidates":[]}]],[[{"start":0,"end":14,"url":null,"entity_id":"Q35719","candidates":[]}],[],[{"start":0,"end":5,"url":null,"entity_id":"Q38","candidates":[]}]],[[{"start":0,"end":13,"url":null,"entity_id":"Q513736","candidates":[]}],[],[{"start":0,"end":7,"url":null,"entity_id":"Q33","candidates":[]}]],[[{"start":0,"end":16,"url":null,"entity_id":"Q33385","candidates":[]}],[],[{"start":0,"end":6,"url":null,"entity_id":"Q16","candidates":[]}]],[[{"start":0,"end":18,"url":null,"entity_id":"Q3450749","candidates":[]}],[],[{"start":0,"end":5,"url":null,"entity_id":"Q668","candidates":[]}]],[[{"start":0,"end":15,"url":null,"entity_id":"Q56426","candidates":[]}],[],[{"start":0,"end":7,"url":null,"entity_id":"Q1028","candidates":[]}]]]}