{"version":"1.2","table":{"version":"2","table_id":"4NVYEVEQ","columns":[{"index":0,"name":"col0","values":["Dagobertshausen","Dagobertshausen","Bärstadt","Burgholzhausen vor der Höhe","Burg-Hohenstein","Bullau","Heinzenberg","Vielbrunn","Löhrbach","Gonsenheim","Brombach","Bremthal","Breithardt","Breitenbrunn","Born","Bonsweiher","Bockenrod","Drais","Wiebelsbach","Heubach"]},{"index":1,"name":"col1","values":["252","298","406","184","354","521","295","409","366","113","255","270","290","259","397","225","198","200","205","183"]},{"index":2,"name":"col2","values":["3.53","4.79","8.43","6.07","8.2","9.98","5.18","24.23","4.73","9.127","1.77","6.53","11.5","8.34","6.8","3.26","2.06","3.1","6.14","8.96"]}]},"context":{"page_title":null,"page_url":null,"page_entity_id":null,"content_hierarchy":[]},"links":[[[{"start":0,"end":15,"url":null,"entity_id":"Q1157366","candidates":[]}],[],[]],[[{"start":0,"end":8,"url":null,"entity_id":"Q1019245","candidates":[]}],[],[]],[[{"start":0,"end":27,"url":null,"entity_id":"Q1015084","candidates":[]}],[],[]],[[{"start":0,"end":15,"url":null,"entity_id":"Q1010619","candidates":[]}],[],[]],[[{"start":0,"end":6,"url":null,"entity_id":"Q1004191","candidates":[]}],[],[]],[[{"start":0,"end":11,"url":null,"entity_id":"Q976018","candidates":[]}],[],[]],[[{"start":0,"end":9,"url":null,"entity_id":"Q974720","candidates":[]}],[],[]],[[{"start":0,"end":8,"url":null,"entity_id":"Q972649","candidates":[]}],[],[]],[[{"start":0,"end":10,"url":null,"entity_id":"Q961164","candidates":[]}],[],[]],[[{"start":0,"end":8,"url":null,"entity_id":"Q926251","candidates":[]}],[],[]],[[{"start":0,"end":8,"url":null,"entity_id":"Q908503","candidates":[]}],[],[]],[[{"start":0,"end":10,"url":null,"entity_id":"Q906611","candidates":[]}],[],[]],[[{"start":0,"end":12,"url":null,"entity_id":"Q906259","candidates":[]}],[],[]],[[{"start":0,"end":4,"url":null,"entity_id":"Q893912","candidates":[]}],[],[]],[[{"start":0,"end":10,"url":null,"entity_id":"Q892876","candidates":[]}],[],[]],[[{"start":0,"end":9,"url":null,"entity_id":"Q889183","candidates":[]}],[],[]],[[{"start":0,"end":5,"url":null,"entity_id":"Q883326","candidates":[]}],[],[]],[[{"start":0,"end":11,"url":null,"entity_id":"Q878199","candidates":[]}],[],[]],[[{"start":0,"end":7,"url":null,"entity_id":"Q874112","candidates":[]}],[],[]],[[{"start":0,"end":15,"url":null,"entity_id":"Q1157367","candidates":[]}],[],[]]]}