{"version":"1.2","table":{"version":"2","table_id":"4RYRI2MM","columns":[{"index":0,"name":"col0","values":["titanium-63","titanium-62","titanium-61","titanium-60","titanium-59","titanium-58","titanium-57","titanium-56","titanium-55","titanium-54","titanium-53","titanium-52","titanium-44","titanium-43","titanium-42","titanium-40","titanium-39","titanium-38","titanium-41","titanium-45"]},{"index":1,"name":"col1","values":["vanadium-62","vanadium-61","vanadium-60","vanadium-60","vanadium-59","vanadium-57","vanadium-56","vanadium-55","vanadium-55","vanadium-54","vanadium-53","vanadium-52","scandium-44","scandium-43","scandium-42","calcium-39","calcium-38","calcium-36","calcium-40","scandium-45"]},{"index":2,"name":"col2","values":["-5750","-12500","-16350","-22330","-25510","-31110","-33915.633","-39320.048","-41668.088","-45621.981","-46831.061","-49469.82","-37548.569","-29321.082","-25104.674","-8850.384","2200","10870","-15697.537","-39009.84"]},{"index":3,"name":"col3","values":["497007","495690","491477","489420","484508","482038","476769.09","474102.16","468378.9","464261.49","457399.222","451966.684","375474.88","359176.076","346888.374","314491.44","295386","278616","329409.908","385007.49"]}]},"context":{"page_title":null,"page_url":null,"page_entity_id":null,"content_hierarchy":[]},"links":[[[{"start":0,"end":11,"url":null,"entity_id":"Q18845184","candidates":[]}],[{"start":0,"end":11,"url":null,"entity_id":"Q18845205","candidates":[]}],[],[]],[[{"start":0,"end":11,"url":null,"entity_id":"Q18845182","candidates":[]}],[{"start":0,"end":11,"url":null,"entity_id":"Q18845204","candidates":[]}],[],[]],[[{"start":0,"end":11,"url":null,"entity_id":"Q18845181","candidates":[]}],[{"start":0,"end":11,"url":null,"entity_id":"Q18845204","candidates":[]}],[],[]],[[{"start":0,"end":11,"url":null,"entity_id":"Q18845180","candidates":[]}],[{"start":0,"end":11,"url":null,"entity_id":"Q18845203","candidates":[]}],[],[]],[[{"start":0,"end":11,"url":null,"entity_id":"Q18845178","candidates":[]}],[{"start":0,"end":11,"url":null,"entity_id":"Q18845201","candidates":[]}],[],[]],[[{"start":0,"end":11,"url":null,"entity_id":"Q18845177","candidates":[]}],[{"start":0,"end":11,"url":null,"entity_id":"Q18845200","candidates":[]}],[],[]],[[{"start":0,"end":11,"url":null,"entity_id":"Q18845176","candidates":[]}],[{"start":0,"end":11,"url":null,"entity_id":"Q18845199","candidates":[]}],[],[]],[[{"start":0,"end":11,"url":null,"entity_id":"Q18845174","candidates":[]}],[{"start":0,"end":11,"url":null,"entity_id":"Q18845199","candidates":[]}],[],[]],[[{"start":0,"end":11,"url":null,"entity_id":"Q18845173","candidates":[]}],[{"start":0,"end":11,"url":null,"entity_id":"Q18845198","candidates":[]}],[],[]],[[{"start":0,"end":11,"url":null,"entity_id":"Q18845172","candidates":[]}],[{"start":0,"end":11,"url":null,"entity_id":"Q18845197","candidates":[]}],[],[]],[[{"start":0,"end":11,"url":null,"entity_id":"Q18845171","candidates":[]}],[{"start":0,"end":11,"url":null,"entity_id":"Q18845196","candidates":[]}],[],[]],[[{"start":0,"end":11,"url":null,"entity_id":"Q12646394","candidates":[]}],[{"start":0,"end":11,"url":null,"entity_id":"Q18845117","candidates":[]}],[],[]],[[{"start":0,"end":11,"url":null,"entity_id":"Q18845167","candidates":[]}],[{"start":0,"end":11,"url":null,"entity_id":"Q18845116","candidates":[]}],[],[]],[[{"start":0,"end":11,"url":null,"entity_id":"Q18845166","candidates":[]}],[{"start":0,"end":11,"url":null,"entity_id":"Q18845115","candidates":[]}],[],[]],[[{"start":0,"end":11,"url":null,"entity_id":"Q18845164","candidates":[]}],[{"start":0,"end":10,"url":null,"entity_id":"Q18844831","candidates":[]}],[],[]],[[{"start":0,"end":11,"url":null,"entity_id":"Q18845163","candidates":[]}],[{"start":0,"end":10,"url":null,"entity_id":"Q18844830","candidates":[]}],[],[]],[[{"start":0,"end":11,"url":null,"entity_id":"Q18845162","candidates":[]}],[{"start":0,"end":10,"url":null,"entity_id":"Q18844828","candidates":[]}],[],[]],[[{"start":0,"end":11,"url":null,"entity_id":"Q18845165","candidates":[]}],[{"start":0,"end":10,"url":null,"entity_id":"Q2376511","candidates":[]}],[],[]],[[{"start":0,"end":11,"url":null,"entity_id":"Q18845169","candidates":[]}],[{"start":0,"end":11,"url":null,"entity_id":"Q1975917","candidates":[]}],[],[]],[[{"start":0,"end":11,"url":null,"entity_id":"Q18845185","candidates":[]}],[{"start":0,"end":11,"url":null,"entity_id":"Q18845206","candidates":[]}],[],[]]]}