{"version":"1.2","table":{"version":"2","table_id":"4RZ0ETWE","columns":[{"index":0,"name":"col0","values":["Giant'sCauseway","Genrous","Mauske","Flying Childess","Fakirdu Vivier","Hyperio","Copiaf","Železqík","UrbanSea","Summer Blrd","Stprm Cat","Spectacuoar Bid","Sinngar","Roquépjne","Rfgulus","Kelso","Eclirse","Secretdriat","Mr. Ptospector","Saler's Wells"]},{"index":1,"name":"col1","values":["race horse","race horse","race horse","race horse","race horse","race horse","race horse","race horse","race horse","race horse","race horse","race horse","race horse","race horse","race horse","race horse","race horse","race horse","race horse","race horse"]},{"index":2,"name":"col2","values":["2018/04/16","2013/01/15","1779/07/01","1741/01/01","1992/01/01","1960/12/09","2012/10/19","2004/12/22","2009/03/02","2013/12/23","2013/04/24","2003/06/09","2018/11/25","1975/01/01","1765/01/01","1983/10/16","1789/02/26","1989/10/04","1999/06/01","2011/04/26"]}]},"context":{"page_title":null,"page_url":null,"page_entity_id":null,"content_hierarchy":[]},"links":[[[{"start":0,"end":7,"url":null,"entity_id":"Q3100542","candidates":[]}],[{"start":0,"end":10,"url":null,"entity_id":"Q2442470","candidates":[]}],[]],[[{"start":0,"end":6,"url":null,"entity_id":"Q3081024","candidates":[]}],[{"start":0,"end":10,"url":null,"entity_id":"Q2442470","candidates":[]}],[]],[[{"start":0,"end":15,"url":null,"entity_id":"Q3074615","candidates":[]}],[{"start":0,"end":10,"url":null,"entity_id":"Q2442470","candidates":[]}],[]],[[{"start":0,"end":14,"url":null,"entity_id":"Q3064700","candidates":[]}],[{"start":0,"end":10,"url":null,"entity_id":"Q2442470","candidates":[]}],[]],[[{"start":0,"end":7,"url":null,"entity_id":"Q3038706","candidates":[]}],[{"start":0,"end":10,"url":null,"entity_id":"Q2442470","candidates":[]}],[]],[[{"start":0,"end":6,"url":null,"entity_id":"Q4568225","candidates":[]}],[{"start":0,"end":10,"url":null,"entity_id":"Q2442470","candidates":[]}],[]],[[{"start":0,"end":8,"url":null,"entity_id":"Q3564546","candidates":[]}],[{"start":0,"end":10,"url":null,"entity_id":"Q2442470","candidates":[]}],[]],[[{"start":0,"end":8,"url":null,"entity_id":"Q3552196","candidates":[]}],[{"start":0,"end":10,"url":null,"entity_id":"Q2442470","candidates":[]}],[]],[[{"start":0,"end":11,"url":null,"entity_id":"Q3503651","candidates":[]}],[{"start":0,"end":10,"url":null,"entity_id":"Q2442470","candidates":[]}],[]],[[{"start":0,"end":9,"url":null,"entity_id":"Q3499832","candidates":[]}],[{"start":0,"end":10,"url":null,"entity_id":"Q2442470","candidates":[]}],[]],[[{"start":0,"end":15,"url":null,"entity_id":"Q3492865","candidates":[]}],[{"start":0,"end":10,"url":null,"entity_id":"Q2442470","candidates":[]}],[]],[[{"start":0,"end":7,"url":null,"entity_id":"Q3485021","candidates":[]}],[{"start":0,"end":10,"url":null,"entity_id":"Q2442470","candidates":[]}],[]],[[{"start":0,"end":9,"url":null,"entity_id":"Q3442010","candidates":[]}],[{"start":0,"end":10,"url":null,"entity_id":"Q2442470","candidates":[]}],[]],[[{"start":0,"end":7,"url":null,"entity_id":"Q3423713","candidates":[]}],[{"start":0,"end":10,"url":null,"entity_id":"Q2442470","candidates":[]}],[]],[[{"start":0,"end":5,"url":null,"entity_id":"Q1325078","candidates":[]}],[{"start":0,"end":10,"url":null,"entity_id":"Q2442470","candidates":[]}],[]],[[{"start":0,"end":7,"url":null,"entity_id":"Q1203752","candidates":[]}],[{"start":0,"end":10,"url":null,"entity_id":"Q2442470","candidates":[]}],[]],[[{"start":0,"end":11,"url":null,"entity_id":"Q1151926","candidates":[]}],[{"start":0,"end":10,"url":null,"entity_id":"Q2442470","candidates":[]}],[]],[[{"start":0,"end":14,"url":null,"entity_id":"Q1104649","candidates":[]}],[{"start":0,"end":10,"url":null,"entity_id":"Q2442470","candidates":[]}],[]],[[{"start":0,"end":13,"url":null,"entity_id":"Q1104636","candidates":[]}],[{"start":0,"end":10,"url":null,"entity_id":"Q2442470","candidates":[]}],[]],[[{"start":0,"end":15,"url":null,"entity_id":"Q3105301","candidates":[]}],[{"start":0,"end":10,"url":null,"entity_id":"Q2442470","candidates":[]}],[]]]}