{"version":2,"table":{"version":"2","table_id":"5GLTC4HU","columns":[{"index":0,"name":"col0","values":["Clicquot family","Bowie family of Maryland","Aycinena Clan","Berger family","Rougeau wrestling family","Delai"]},{"index":1,"name":"col1","values":["organ builder","politician","politician","organ builder","professional wrestler","plasterer"]},{"index":2,"name":"col2","values":["Clicquot","Bowie","Aycinena","Berger","Rougeau","Delai"]}]},"context":{"version":2,"page_title":null,"page_url":null,"page_entities":[],"content_hierarchy":[]},"links":[[[{"version":2,"start":0,"end":15,"url":null,"entities":[{"id":"Q13569425","type":"wikidata"}]}],[{"version":2,"start":0,"end":13,"url":null,"entities":[{"id":"Q1937431","type":"wikidata"}]}],[{"version":2,"start":0,"end":8,"url":null,"entities":[{"id":"Q66755013","type":"wikidata"}]}]],[[{"version":2,"start":0,"end":24,"url":null,"entities":[{"id":"Q106648058","type":"wikidata"}]}],[{"version":2,"start":0,"end":10,"url":null,"entities":[{"id":"Q82955","type":"wikidata"}]}],[{"version":2,"start":0,"end":5,"url":null,"entities":[{"id":"Q16824068","type":"wikidata"}]}]],[[{"version":2,"start":0,"end":13,"url":null,"entities":[{"id":"Q18747714","type":"wikidata"}]}],[{"version":2,"start":0,"end":10,"url":null,"entities":[{"id":"Q82955","type":"wikidata"}]}],[{"version":2,"start":0,"end":8,"url":null,"entities":[{"id":"Q792850","type":"wikidata"}]}]],[[{"version":2,"start":0,"end":13,"url":null,"entities":[{"id":"Q19921937","type":"wikidata"}]}],[{"version":2,"start":0,"end":13,"url":null,"entities":[{"id":"Q1937431","type":"wikidata"}]}],[{"version":2,"start":0,"end":6,"url":null,"entities":[{"id":"Q1260304","type":"wikidata"}]}]],[[{"version":2,"start":0,"end":24,"url":null,"entities":[{"id":"Q7370784","type":"wikidata"}]}],[{"version":2,"start":0,"end":21,"url":null,"entities":[{"id":"Q13474373","type":"wikidata"}]}],[{"version":2,"start":0,"end":7,"url":null,"entities":[{"id":"Q37483393","type":"wikidata"}]}]],[[{"version":2,"start":0,"end":5,"url":null,"entities":[{"id":"Q15804993","type":"wikidata"}]}],[{"version":2,"start":0,"end":9,"url":null,"entities":[{"id":"Q15284879","type":"wikidata"}]}],[{"version":2,"start":0,"end":5,"url":null,"entities":[{"id":"Q59315583","type":"wikidata"}]}]]]}