{"version":2,"table":{"version":"2","table_id":"5RJR54H5","columns":[{"index":0,"name":"col0","values":["Maritsa Basin","Shulyakov rapid","Narew Basin","Narewka basin","Bug Basin","Lepacka Rivulet"]},{"index":1,"name":"col1","values":["Mediterranean Sea drainage basin","Dnieper basin","Vistula basin","Narew Basin","Narew Basin","Narew Basin"]}]},"context":{"version":2,"page_title":null,"page_url":null,"page_entities":[],"content_hierarchy":[]},"links":[[[{"version":2,"start":0,"end":13,"url":null,"entities":[{"id":"Q34359193","type":"wikidata"}]}],[{"version":2,"start":0,"end":32,"url":null,"entities":[{"id":"Q55983666","type":"wikidata"}]}]],[[{"version":2,"start":0,"end":15,"url":null,"entities":[{"id":"Q56367503","type":"wikidata"}]}],[{"version":2,"start":0,"end":13,"url":null,"entities":[{"id":"Q2887540","type":"wikidata"}]}]],[[{"version":2,"start":0,"end":11,"url":null,"entities":[{"id":"Q20906226","type":"wikidata"}]}],[{"version":2,"start":0,"end":13,"url":null,"entities":[{"id":"Q2887520","type":"wikidata"}]}]],[[{"version":2,"start":0,"end":13,"url":null,"entities":[{"id":"Q111396475","type":"wikidata"}]}],[{"version":2,"start":0,"end":11,"url":null,"entities":[{"id":"Q20906226","type":"wikidata"}]}]],[[{"version":2,"start":0,"end":9,"url":null,"entities":[{"id":"Q20925112","type":"wikidata"}]}],[{"version":2,"start":0,"end":11,"url":null,"entities":[{"id":"Q20906226","type":"wikidata"}]}]],[[{"version":2,"start":0,"end":15,"url":null,"entities":[{"id":"Q11113280","type":"wikidata"}]}],[{"version":2,"start":0,"end":11,"url":null,"entities":[{"id":"Q20906226","type":"wikidata"}]}]]]}