{"version":2,"table":{"version":"2","table_id":"64JTMOGV","columns":[{"index":0,"name":"col0","values":["Sun Prairie","Hartford","Cudahy","Franklin","Watertown","Cedarburg"]},{"index":1,"name":"col1","values":["29364","0","18204","35451","1933","11412"]},{"index":2,"name":"col2","values":["31.191559","20.781044","12.34012","89.822297","32.228606","12.622827"]},{"index":3,"name":"col3","values":["300","299","220","241","260","239"]}]},"context":{"version":2,"page_title":null,"page_url":null,"page_entities":[],"content_hierarchy":[]},"links":[[[{"version":2,"start":0,"end":11,"url":null,"entities":[{"id":"Q1569489","type":"wikidata"}]}],[],[],[]],[[{"version":2,"start":0,"end":8,"url":null,"entities":[{"id":"Q1569368","type":"wikidata"}]}],[],[],[]],[[{"version":2,"start":0,"end":6,"url":null,"entities":[{"id":"Q1569290","type":"wikidata"}]}],[],[],[]],[[{"version":2,"start":0,"end":8,"url":null,"entities":[{"id":"Q1445183","type":"wikidata"}]}],[],[],[]],[[{"version":2,"start":0,"end":9,"url":null,"entities":[{"id":"Q1207479","type":"wikidata"}]}],[],[],[]],[[{"version":2,"start":0,"end":9,"url":null,"entities":[{"id":"Q1052560","type":"wikidata"}]}],[],[],[]]]}