{"version":2,"table":{"version":"2","table_id":"6CV10VN4","columns":[{"index":0,"name":"col0","values":["Brunn am Hebirge","Baumartenberg","Aufach","Jumping"]},{"index":1,"name":"col1","values":["7.2164399999999995","11.18976","46.80315","3.6858940000000002"]},{"index":2,"name":"col2","values":["11875.864","1162.632","918.834","22.816"]}]},"context":{"version":2,"page_title":null,"page_url":null,"page_entities":[],"content_hierarchy":[]},"links":[[[{"version":2,"start":0,"end":16,"url":null,"entities":[{"id":"Q871405","type":"wikidata"}]}],[],[]],[[{"version":2,"start":0,"end":13,"url":null,"entities":[{"id":"Q811559","type":"wikidata"}]}],[],[]],[[{"version":2,"start":0,"end":6,"url":null,"entities":[{"id":"Q759642","type":"wikidata"}]}],[],[]],[[{"version":2,"start":0,"end":7,"url":null,"entities":[{"id":"Q50357429","type":"wikidata"}]}],[],[]]]}