{"version":2,"table":{"version":"2","table_id":"6E8M9B98","columns":[{"index":0,"name":"col0","values":["ailie del Rio","Familie van Zantvoordh","Familie de!Renesse-Breidbach.","Faminie de Bast"]},{"index":1,"name":"col1","values":["Belgium","Belgium","Belgium","Belgium"]}]},"context":{"version":2,"page_title":null,"page_url":null,"page_entities":[],"content_hierarchy":[]},"links":[[[{"version":2,"start":0,"end":13,"url":null,"entities":[{"id":"Q48610204","type":"wikidata"}]}],[{"version":2,"start":0,"end":7,"url":null,"entities":[{"id":"Q31","type":"wikidata"}]}]],[[{"version":2,"start":0,"end":22,"url":null,"entities":[{"id":"Q48610196","type":"wikidata"}]}],[{"version":2,"start":0,"end":7,"url":null,"entities":[{"id":"Q31","type":"wikidata"}]}]],[[{"version":2,"start":0,"end":29,"url":null,"entities":[{"id":"Q48610189","type":"wikidata"}]}],[{"version":2,"start":0,"end":7,"url":null,"entities":[{"id":"Q31","type":"wikidata"}]}]],[[{"version":2,"start":0,"end":15,"url":null,"entities":[{"id":"Q48610180","type":"wikidata"}]}],[{"version":2,"start":0,"end":7,"url":null,"entities":[{"id":"Q31","type":"wikidata"}]}]]]}