{"version":2,"table":{"version":"2","table_id":"6J2YSUU3","columns":[{"index":0,"name":"col0","values":["MS Trelleborg","USCGC Unalga","SS Sophocles (1922)","SS Pericles","MV Musthika Kencana II","MV Morning Glory"]},{"index":1,"name":"col1","values":["18.83","9.75","19.23","19","19.23","28"]}]},"context":{"version":2,"page_title":null,"page_url":null,"page_entities":[],"content_hierarchy":[]},"links":[[[{"version":2,"start":0,"end":13,"url":null,"entities":[{"id":"Q18334098","type":"wikidata"}]}],[]],[[{"version":2,"start":0,"end":12,"url":null,"entities":[{"id":"Q16959684","type":"wikidata"}]}],[]],[[{"version":2,"start":0,"end":19,"url":null,"entities":[{"id":"Q16222924","type":"wikidata"}]}],[]],[[{"version":2,"start":0,"end":11,"url":null,"entities":[{"id":"Q16222913","type":"wikidata"}]}],[]],[[{"version":2,"start":0,"end":22,"url":null,"entities":[{"id":"Q16219250","type":"wikidata"}]}],[]],[[{"version":2,"start":0,"end":16,"url":null,"entities":[{"id":"Q15980245","type":"wikidata"}]}],[]]]}