{"version":2,"table":{"version":"2","table_id":"6KIEZ38O","columns":[{"index":0,"name":"col0","values":["Marion County","Greenwood County","Darlington County","Clarendon County","Chester County","Beaufort County"]},{"index":1,"name":"col1","values":["1280","1199","1468","1802","1518","2390"]},{"index":2,"name":"col2","values":["National Register of Historic Places listings in Marion County, South Carolina","National Register of Historic Places listings in Greenwood County, South Carolina","National Register of Historic Places listings in Darlington County, South Carolina","National Register of Historic Places listings in Clarendon County, South Carolina","National Register of Historic Places listings in Chester County, South Carolina","National Register of Historic Places listings in Beaufort County, South Carolina"]}]},"context":{"version":2,"page_title":null,"page_url":null,"page_entities":[],"content_hierarchy":[]},"links":[[[{"version":2,"start":0,"end":13,"url":null,"entities":[{"id":"Q502456","type":"wikidata"}]}],[],[{"version":2,"start":0,"end":78,"url":null,"entities":[{"id":"Q12063047","type":"wikidata"}]}]],[[{"version":2,"start":0,"end":16,"url":null,"entities":[{"id":"Q502278","type":"wikidata"}]}],[],[{"version":2,"start":0,"end":81,"url":null,"entities":[{"id":"Q6976209","type":"wikidata"}]}]],[[{"version":2,"start":0,"end":17,"url":null,"entities":[{"id":"Q502285","type":"wikidata"}]}],[],[{"version":2,"start":0,"end":82,"url":null,"entities":[{"id":"Q6975872","type":"wikidata"}]}]],[[{"version":2,"start":0,"end":16,"url":null,"entities":[{"id":"Q497871","type":"wikidata"}]}],[],[{"version":2,"start":0,"end":81,"url":null,"entities":[{"id":"Q6975714","type":"wikidata"}]}]],[[{"version":2,"start":0,"end":14,"url":null,"entities":[{"id":"Q497377","type":"wikidata"}]}],[],[{"version":2,"start":0,"end":79,"url":null,"entities":[{"id":"Q6975691","type":"wikidata"}]}]],[[{"version":2,"start":0,"end":15,"url":null,"entities":[{"id":"Q495682","type":"wikidata"}]}],[],[{"version":2,"start":0,"end":80,"url":null,"entities":[{"id":"Q6975393","type":"wikidata"}]}]]]}