{"version":2,"table":{"version":"2","table_id":"6O1I452Z","columns":[{"index":0,"name":"col0","values":["carbonblack","henothiaine","DDT"]},{"index":1,"name":"col1","values":["carbon","carbon","chlorine"]}]},"context":{"version":2,"page_title":null,"page_url":null,"page_entities":[],"content_hierarchy":[]},"links":[[[{"version":2,"start":0,"end":11,"url":null,"entities":[{"id":"Q764245","type":"wikidata"}]}],[{"version":2,"start":0,"end":6,"url":null,"entities":[{"id":"Q623","type":"wikidata"}]}]],[[{"version":2,"start":0,"end":11,"url":null,"entities":[{"id":"Q410846","type":"wikidata"}]}],[{"version":2,"start":0,"end":6,"url":null,"entities":[{"id":"Q623","type":"wikidata"}]}]],[[{"version":2,"start":0,"end":3,"url":null,"entities":[{"id":"Q163648","type":"wikidata"}]}],[{"version":2,"start":0,"end":8,"url":null,"entities":[{"id":"Q688","type":"wikidata"}]}]]]}