{"version":2,"table":{"version":"2","table_id":"6S9EDJUL","columns":[{"index":0,"name":"col0","values":["Yuzheng Longya","uzuki Yukari","Kizuna Anari"]},{"index":1,"name":"col1","values":["22.954","18.036","15.104999999999999"]},{"index":2,"name":"col2","values":["180.54","157.728","150.396"]}]},"context":{"version":2,"page_title":null,"page_url":null,"page_entities":[],"content_hierarchy":[]},"links":[[[{"version":2,"start":0,"end":14,"url":null,"entities":[{"id":"Q30941554","type":"wikidata"}]}],[],[]],[[{"version":2,"start":0,"end":12,"url":null,"entities":[{"id":"Q11606701","type":"wikidata"}]}],[],[]],[[{"version":2,"start":0,"end":12,"url":null,"entities":[{"id":"Q46048431","type":"wikidata"}]}],[],[]]]}