{"version":2,"table":{"version":"2","table_id":"6YHNP3VI","columns":[{"index":0,"name":"col0","values":["Betelgeuse","Amaranth","Astron","ABT Summer","Dalila","Ariane"]},{"index":1,"name":"col1","values":["38","15.52","29.71","81.87","26.44","22.5"]}]},"context":{"version":2,"page_title":null,"page_url":null,"page_entities":[],"content_hierarchy":[]},"links":[[[{"version":2,"start":0,"end":10,"url":null,"entities":[{"id":"Q780440","type":"wikidata"}]}],[]],[[{"version":2,"start":0,"end":8,"url":null,"entities":[{"id":"Q52084281","type":"wikidata"}]}],[]],[[{"version":2,"start":0,"end":6,"url":null,"entities":[{"id":"Q4811601","type":"wikidata"}]}],[]],[[{"version":2,"start":0,"end":10,"url":null,"entities":[{"id":"Q287595","type":"wikidata"}]}],[]],[[{"version":2,"start":0,"end":6,"url":null,"entities":[{"id":"Q106261691","type":"wikidata"}]}],[]],[[{"version":2,"start":0,"end":6,"url":null,"entities":[{"id":"Q94087573","type":"wikidata"}]}],[]]]}