{"version":2,"table":{"version":"2","table_id":"70MAUAON","columns":[{"index":0,"name":"col0","values":["Gush\"Dan","Keihdnshin","Edmonto Metropolitan Region","Metro Ceb","etro Vacouver","Amsterdam metropoitan area"]},{"index":1,"name":"col1","values":["1500.84","12941.769","9486.0543","1060.7542400000002","2882.68","2554.4574000000002"]}]},"context":{"version":2,"page_title":null,"page_url":null,"page_entities":[],"content_hierarchy":[]},"links":[[[{"version":2,"start":0,"end":8,"url":null,"entities":[{"id":"Q319233","type":"wikidata"}]}],[]],[[{"version":2,"start":0,"end":10,"url":null,"entities":[{"id":"Q1149484","type":"wikidata"}]}],[]],[[{"version":2,"start":0,"end":27,"url":null,"entities":[{"id":"Q1133254","type":"wikidata"}]}],[]],[[{"version":2,"start":0,"end":9,"url":null,"entities":[{"id":"Q1075343","type":"wikidata"}]}],[]],[[{"version":2,"start":0,"end":13,"url":null,"entities":[{"id":"Q1061069","type":"wikidata"}]}],[]],[[{"version":2,"start":0,"end":26,"url":null,"entities":[{"id":"Q1028418","type":"wikidata"}]}],[]]]}