{"version":2,"table":{"version":"2","table_id":"774C4LS2","columns":[{"index":0,"name":"col0","values":["Holy Family and Four Saints","Leaping Carp","Diogenes"]},{"index":1,"name":"col1","values":["Holy Family and Four Saints","Salmon Leaping","Diogenes"]},{"index":2,"name":"col2","values":["wood","paper","laid paper"]}]},"context":{"version":2,"page_title":null,"page_url":null,"page_entities":[],"content_hierarchy":[]},"links":[[[{"version":2,"start":0,"end":27,"url":null,"entities":[{"id":"Q110245864","type":"wikidata"}]}],[],[{"version":2,"start":0,"end":4,"url":null,"entities":[{"id":"Q287","type":"wikidata"}]}]],[[{"version":2,"start":0,"end":12,"url":null,"entities":[{"id":"Q107417515","type":"wikidata"}]}],[],[{"version":2,"start":0,"end":5,"url":null,"entities":[{"id":"Q11472","type":"wikidata"}]}]],[[{"version":2,"start":0,"end":8,"url":null,"entities":[{"id":"Q75191552","type":"wikidata"}]}],[],[{"version":2,"start":0,"end":10,"url":null,"entities":[{"id":"Q1513685","type":"wikidata"}]}]]]}