{"version":2,"table":{"version":"2","table_id":"79FF2MYD","columns":[{"index":0,"name":"col0","values":["Xemeneia Gordils i Dalmau","Xemeneia de Ca l'Arenes","Xemeneia de la Cooperativa Obrera Mataronina"]},{"index":1,"name":"col1","values":["23","9","29"]}]},"context":{"version":2,"page_title":null,"page_url":null,"page_entities":[],"content_hierarchy":[]},"links":[[[{"version":2,"start":0,"end":25,"url":null,"entities":[{"id":"Q62073446","type":"wikidata"}]}],[]],[[{"version":2,"start":0,"end":23,"url":null,"entities":[{"id":"Q62060047","type":"wikidata"}]}],[]],[[{"version":2,"start":0,"end":44,"url":null,"entities":[{"id":"Q62023587","type":"wikidata"}]}],[]]]}