{"version":2,"table":{"version":"2","table_id":"7CCYMDOW","columns":[{"index":0,"name":"col0","values":["Smgtlivyy","USS Iravely.","USS\"Zumwalt"]},{"index":1,"name":"col1","values":["Sevastopol Naval Base","Naval Station Norfolk","Naval Base San Diego"]},{"index":2,"name":"col2","values":["ceremonial ship launching","ship commissioning","ship naming ceremony"]}]},"context":{"version":2,"page_title":null,"page_url":null,"page_entities":[],"content_hierarchy":[]},"links":[[[{"version":2,"start":0,"end":9,"url":null,"entities":[{"id":"Q4424465","type":"wikidata"}]}],[{"version":2,"start":0,"end":21,"url":null,"entities":[{"id":"Q4411903","type":"wikidata"}]}],[{"version":2,"start":0,"end":25,"url":null,"entities":[{"id":"Q596643","type":"wikidata"}]}]],[[{"version":2,"start":0,"end":12,"url":null,"entities":[{"id":"Q1815683","type":"wikidata"}]}],[{"version":2,"start":0,"end":21,"url":null,"entities":[{"id":"Q1627684","type":"wikidata"}]}],[{"version":2,"start":0,"end":18,"url":null,"entities":[{"id":"Q14475832","type":"wikidata"}]}]],[[{"version":2,"start":0,"end":11,"url":null,"entities":[{"id":"Q3278681","type":"wikidata"}]}],[{"version":2,"start":0,"end":20,"url":null,"entities":[{"id":"Q743898","type":"wikidata"}]}],[{"version":2,"start":0,"end":20,"url":null,"entities":[{"id":"Q370553","type":"wikidata"}]}]]]}