{"version":2,"table":{"version":"2","table_id":"7WYH7L3R","columns":[{"index":0,"name":"col0","values":["Tianeti Municipality","Abasha Municipality","Kharagauli Municipality"]},{"index":1,"name":"col1","values":["906.3","322.5","913.9"]},{"index":2,"name":"col2","values":["9468","22341","19473"]}]},"context":{"version":2,"page_title":null,"page_url":null,"page_entities":[],"content_hierarchy":[]},"links":[[[{"version":2,"start":0,"end":20,"url":null,"entities":[{"id":"Q2586447","type":"wikidata"}]}],[],[]],[[{"version":2,"start":0,"end":19,"url":null,"entities":[{"id":"Q2513666","type":"wikidata"}]}],[],[]],[[{"version":2,"start":0,"end":23,"url":null,"entities":[{"id":"Q2513642","type":"wikidata"}]}],[],[]]]}