{"version":2,"table":{"version":"2","table_id":"8SWALSDV","columns":[{"index":0,"name":"col0","values":["Copiapó","GWR Thunderer locomotive","GWR Hurricane locomotive","Experiment","Canadian Pacific Railway 283","Pen-y-Darren locomotive","Coalbrookdale locomotive"]},{"index":1,"name":"col1","values":["2","2","2","2","2","1","1"]}]},"context":{"version":2,"page_title":null,"page_url":null,"page_entities":[],"content_hierarchy":[]},"links":[[[{"version":2,"start":0,"end":7,"url":null,"entities":[{"id":"Q5962997","type":"wikidata"}]}],[]],[[{"version":2,"start":0,"end":24,"url":null,"entities":[{"id":"Q5515059","type":"wikidata"}]}],[]],[[{"version":2,"start":0,"end":24,"url":null,"entities":[{"id":"Q5515039","type":"wikidata"}]}],[]],[[{"version":2,"start":0,"end":10,"url":null,"entities":[{"id":"Q5421088","type":"wikidata"}]}],[]],[[{"version":2,"start":0,"end":28,"url":null,"entities":[{"id":"Q5030416","type":"wikidata"}]}],[]],[[{"version":2,"start":0,"end":23,"url":null,"entities":[{"id":"Q3257769","type":"wikidata"}]}],[]],[[{"version":2,"start":0,"end":24,"url":null,"entities":[{"id":"Q3257767","type":"wikidata"}]}],[]]]}