{"version":2,"table":{"version":"2","table_id":"9LDJY68T","columns":[{"index":0,"name":"col0","values":["holmium-151","holmium-150","holmium-149"]},{"index":1,"name":"col1","values":["150.931698177","149.933498358","148.933819672"]},{"index":2,"name":"col2","values":["-63622.738","-61945.881","-61646.578"]}]},"context":{"version":2,"page_title":null,"page_url":null,"page_entities":[],"content_hierarchy":[]},"links":[[[{"version":2,"start":0,"end":11,"url":null,"entities":[{"id":"Q18882392","type":"wikidata"}]}],[],[]],[[{"version":2,"start":0,"end":11,"url":null,"entities":[{"id":"Q18882389","type":"wikidata"}]}],[],[]],[[{"version":2,"start":0,"end":11,"url":null,"entities":[{"id":"Q18882385","type":"wikidata"}]}],[],[]]]}