{"version":"1.2","table":{"version":"2","table_id":"V970Z2DB","columns":[{"index":0,"name":"col0","values":["Ensayo Ornitológico de la Familia Trochilidae","Ensayo Ornitológico de la Familia Trochilidae","Twelve Views in the Interior of Guiana, Title Plate","First View of the Battle of the 24th of July, 1823, in Maracaybo Lagoon at the Command of General José Padilla","Caribi Village Anai, Near the River Rupunumi","Watu Ticaba","Christmas Cataract","Brazilian Fort of St. Gabriel","Esmeralda on the Orinoco","Roraima","Pirara and Lake Amucu","Ataraipu or the Devil's Rock","The Comuti or Taquiare Rock, on the River Essequibo","Map of Guayana","Printing-House Square, New York","Vignettes of Manhattan by Brander Matthews","From Dyrehavsbakken","Saint-Séverin","La Tour","The Tower"]},{"index":1,"name":"col1","values":["19.7","19.7","54.6","69.5","54.6","54.6","54.6","54.6","54.6","54.6","54.6","54.6","54.6","54.6","65.5","23.9","35","42.6","44.8","47"]},{"index":2,"name":"col2","values":["28.9","28.9","37.5","46.5","37.5","37.5","37.5","37.5","37.5","37.5","37.5","37.5","37.5","37.5","44.6","32.6","46","57.2","60.8","64"]}]},"context":{"page_title":null,"page_url":null,"page_entity_id":null,"content_hierarchy":[]},"links":[[[{"start":0,"end":45,"url":null,"entity_id":"Q52158743","candidates":[]}],[],[]],[[{"start":0,"end":45,"url":null,"entity_id":"Q52158689","candidates":[]}],[],[]],[[{"start":0,"end":51,"url":null,"entity_id":"Q52158463","candidates":[]}],[],[]],[[{"start":0,"end":110,"url":null,"entity_id":"Q52063159","candidates":[]}],[],[]],[[{"start":0,"end":44,"url":null,"entity_id":"Q51928267","candidates":[]}],[],[]],[[{"start":0,"end":11,"url":null,"entity_id":"Q51927747","candidates":[]}],[],[]],[[{"start":0,"end":18,"url":null,"entity_id":"Q51927042","candidates":[]}],[],[]],[[{"start":0,"end":29,"url":null,"entity_id":"Q51926604","candidates":[]}],[],[]],[[{"start":0,"end":24,"url":null,"entity_id":"Q51925748","candidates":[]}],[],[]],[[{"start":0,"end":7,"url":null,"entity_id":"Q51923554","candidates":[]}],[],[]],[[{"start":0,"end":21,"url":null,"entity_id":"Q51922555","candidates":[]}],[],[]],[[{"start":0,"end":28,"url":null,"entity_id":"Q51922263","candidates":[]}],[],[]],[[{"start":0,"end":51,"url":null,"entity_id":"Q51920918","candidates":[]}],[],[]],[[{"start":0,"end":14,"url":null,"entity_id":"Q51920533","candidates":[]}],[],[]],[[{"start":0,"end":31,"url":null,"entity_id":"Q28584599","candidates":[]}],[],[]],[[{"start":0,"end":42,"url":null,"entity_id":"Q28583673","candidates":[]}],[],[]],[[{"start":0,"end":19,"url":null,"entity_id":"Q28194784","candidates":[]}],[],[]],[[{"start":0,"end":13,"url":null,"entity_id":"Q28100112","candidates":[]}],[],[]],[[{"start":0,"end":7,"url":null,"entity_id":"Q28092238","candidates":[]}],[],[]],[[{"start":0,"end":9,"url":null,"entity_id":"Q28064707","candidates":[]}],[],[]]]}