{"version":"1.2","table":{"version":"2","table_id":"V9OHUQ9V","columns":[{"index":0,"name":"col0","values":["1957 Vuelta a Colombia","1956 Vuelta a Colombia","1955 Vuelta a Colombia","1954 Vuelta a Colombia","1953 Vuelta a Colombia","1952 Vuelta a Colombia","1951 Vuelta a Colombia","2014 Vuelta a Colombia","2013 Vuelta a Colombia","2008 Vuelta a Colombia","2007 Vuelta a Colombia","2006 Vuelta a Colombia","2005 Vuelta a Colombia","2004 Vuelta a Colombia","2003 Vuelta a Colombia","2002 Vuelta a Colombia","2001 Vuelta a Colombia","2000 Vuelta a Colombia","1999 Vuelta a Colombia","1998 Vuelta a Colombia"]},{"index":1,"name":"col1","values":["45","57","36","31","32","22","30","141","116","116","81","83","56","57","54","70","69","73","122","68"]},{"index":2,"name":"col2","values":["1791","2129","2246","1866","1923","1678","1157","1517.8","2142","2069.3","2253.4","1905","2111.9","1945.7","2200","1728.8","1946.3","2310.8","2300","2438.1"]}]},"context":{"page_title":null,"page_url":null,"page_entity_id":null,"content_hierarchy":[]},"links":[[[{"start":0,"end":22,"url":null,"entity_id":"Q20726363","candidates":[]}],[],[]],[[{"start":0,"end":22,"url":null,"entity_id":"Q20726362","candidates":[]}],[],[]],[[{"start":0,"end":22,"url":null,"entity_id":"Q20726361","candidates":[]}],[],[]],[[{"start":0,"end":22,"url":null,"entity_id":"Q20726360","candidates":[]}],[],[]],[[{"start":0,"end":22,"url":null,"entity_id":"Q20726359","candidates":[]}],[],[]],[[{"start":0,"end":22,"url":null,"entity_id":"Q20726358","candidates":[]}],[],[]],[[{"start":0,"end":22,"url":null,"entity_id":"Q17486742","candidates":[]}],[],[]],[[{"start":0,"end":22,"url":null,"entity_id":"Q13405647","candidates":[]}],[],[]],[[{"start":0,"end":22,"url":null,"entity_id":"Q4612216","candidates":[]}],[],[]],[[{"start":0,"end":22,"url":null,"entity_id":"Q4609545","candidates":[]}],[],[]],[[{"start":0,"end":22,"url":null,"entity_id":"Q4607115","candidates":[]}],[],[]],[[{"start":0,"end":22,"url":null,"entity_id":"Q4605035","candidates":[]}],[],[]],[[{"start":0,"end":22,"url":null,"entity_id":"Q4603437","candidates":[]}],[],[]],[[{"start":0,"end":22,"url":null,"entity_id":"Q4601970","candidates":[]}],[],[]],[[{"start":0,"end":22,"url":null,"entity_id":"Q4600619","candidates":[]}],[],[]],[[{"start":0,"end":22,"url":null,"entity_id":"Q4599214","candidates":[]}],[],[]],[[{"start":0,"end":22,"url":null,"entity_id":"Q4597951","candidates":[]}],[],[]],[[{"start":0,"end":22,"url":null,"entity_id":"Q4595226","candidates":[]}],[],[]],[[{"start":0,"end":22,"url":null,"entity_id":"Q4594081","candidates":[]}],[],[]],[[{"start":0,"end":22,"url":null,"entity_id":"Q20726364","candidates":[]}],[],[]]]}