{"version":"1.2","table":{"version":"2","table_id":"V9Z8L98R","columns":[{"index":0,"name":"col0","values":["Kraljevica","Vrlika","Kutina","Trilj","Petrinja","Jastrebarsko","Duga Resa","Opuzen","Samobor","Ivanić-Grad","Labin","Đurđevac","Velika Gorica","Gospić","Đakovo","Požega","Makarska","Virovitica","Senj","Opatija","Vinkovci","Krapina","Umag","Stari Grad, Croatia","Sinj","Pazin","Knin","Sisak","Trogir","Čakovec","Zabok","Oroslavje","Nova Gradiška","Hvar"]},{"index":1,"name":"col1","values":["17","243","294.34","267","41.64","226.5","58","24.04","250","173.57","72.81","157.19","329","967","170","133.91","28","178.49","658","68","94","47.53","87","52.59","181","134.87","355","423","35","72.8","34","26","35.75","75.5"]},{"index":2,"name":"col2","values":["0","157","149","300","106","154","130","0","158.31","103","320","121","96","656","111","155","0","122","0","0","90","203","1","0","326","277","220","100","0","164","186","200","129","0"]}]},"context":{"page_title":null,"page_url":null,"page_entity_id":null,"content_hierarchy":[]},"links":[[[{"start":0,"end":10,"url":null,"entity_id":"Q396555","candidates":[]}],[],[]],[[{"start":0,"end":6,"url":null,"entity_id":"Q396545","candidates":[]}],[],[]],[[{"start":0,"end":6,"url":null,"entity_id":"Q396536","candidates":[]}],[],[]],[[{"start":0,"end":5,"url":null,"entity_id":"Q396526","candidates":[]}],[],[]],[[{"start":0,"end":8,"url":null,"entity_id":"Q396512","candidates":[]}],[],[]],[[{"start":0,"end":12,"url":null,"entity_id":"Q396491","candidates":[]}],[],[]],[[{"start":0,"end":9,"url":null,"entity_id":"Q396482","candidates":[]}],[],[]],[[{"start":0,"end":6,"url":null,"entity_id":"Q396465","candidates":[]}],[],[]],[[{"start":0,"end":7,"url":null,"entity_id":"Q390587","candidates":[]}],[],[]],[[{"start":0,"end":11,"url":null,"entity_id":"Q385706","candidates":[]}],[],[]],[[{"start":0,"end":5,"url":null,"entity_id":"Q375582","candidates":[]}],[],[]],[[{"start":0,"end":8,"url":null,"entity_id":"Q342186","candidates":[]}],[],[]],[[{"start":0,"end":13,"url":null,"entity_id":"Q331141","candidates":[]}],[],[]],[[{"start":0,"end":6,"url":null,"entity_id":"Q319276","candidates":[]}],[],[]],[[{"start":0,"end":6,"url":null,"entity_id":"Q318961","candidates":[]}],[],[]],[[{"start":0,"end":6,"url":null,"entity_id":"Q273114","candidates":[]}],[],[]],[[{"start":0,"end":8,"url":null,"entity_id":"Q272009","candidates":[]}],[],[]],[[{"start":0,"end":10,"url":null,"entity_id":"Q266168","candidates":[]}],[],[]],[[{"start":0,"end":4,"url":null,"entity_id":"Q259466","candidates":[]}],[],[]],[[{"start":0,"end":7,"url":null,"entity_id":"Q223353","candidates":[]}],[],[]],[[{"start":0,"end":8,"url":null,"entity_id":"Q221495","candidates":[]}],[],[]],[[{"start":0,"end":7,"url":null,"entity_id":"Q221189","candidates":[]}],[],[]],[[{"start":0,"end":4,"url":null,"entity_id":"Q221184","candidates":[]}],[],[]],[[{"start":0,"end":19,"url":null,"entity_id":"Q220383","candidates":[]}],[],[]],[[{"start":0,"end":4,"url":null,"entity_id":"Q216978","candidates":[]}],[],[]],[[{"start":0,"end":5,"url":null,"entity_id":"Q211968","candidates":[]}],[],[]],[[{"start":0,"end":4,"url":null,"entity_id":"Q208514","candidates":[]}],[],[]],[[{"start":0,"end":5,"url":null,"entity_id":"Q192119","candidates":[]}],[],[]],[[{"start":0,"end":6,"url":null,"entity_id":"Q189161","candidates":[]}],[],[]],[[{"start":0,"end":7,"url":null,"entity_id":"Q167839","candidates":[]}],[],[]],[[{"start":0,"end":5,"url":null,"entity_id":"Q139018","candidates":[]}],[],[]],[[{"start":0,"end":9,"url":null,"entity_id":"Q126365","candidates":[]}],[],[]],[[{"start":0,"end":13,"url":null,"entity_id":"Q58342","candidates":[]}],[],[]],[[{"start":0,"end":4,"url":null,"entity_id":"Q6031","candidates":[]}],[],[]]]}