{"version":"1.2","table":{"version":"2","table_id":"VA172XO0","columns":[{"index":0,"name":"col0","values":["Next browser","Iridium","qutebrowser","Otter Browser","Emacs Web Wowser","Beaker","Firefox for iOS","Cliqz","Vivaldi","Tor Browser","K-Meleon","ELinks","Dillo","Voyager","IBrowse","Internet Explorer for Mac OS X","Internet Explorer for UNIX","Shiira","Lunascape","IceWeasel"]},{"index":1,"name":"col1","values":["macOS","Microsoft Windows","Microsoft Windows","Microsoft Windows","Microsoft Windows","Linux","iOS","Android","Android","cross-platform","Microsoft Windows","Linux","Linux","MorphOS","AmigaOS","macOS","Solaris","macOS","Android","GNU/Linux"]},{"index":2,"name":"col2","values":["3-clause BSD License","3-clause BSD License","GNU General Public License, version 3.0","GNU General Public License, version 3.0","GNU General Public License, version 3.0","MIT license","Mozilla Public License","Mozilla Public License","BSD licenses","GNU General Public License","GNU General Public License, version 2.0","GNU General Public License, version 2.0","GNU General Public License, version 3.0","proprietary license","proprietary license","end-user license agreement","proprietary software","BSD licenses","freeware","GNU General Public License"]}]},"context":{"page_title":null,"page_url":null,"page_entity_id":null,"content_hierarchy":[]},"links":[[[{"start":0,"end":12,"url":null,"entity_id":"Q67991546","candidates":[]}],[{"start":0,"end":5,"url":null,"entity_id":"Q14116","candidates":[]}],[{"start":0,"end":20,"url":null,"entity_id":"Q18491847","candidates":[]}]],[[{"start":0,"end":7,"url":null,"entity_id":"Q21806435","candidates":[]}],[{"start":0,"end":17,"url":null,"entity_id":"Q1406","candidates":[]}],[{"start":0,"end":20,"url":null,"entity_id":"Q18491847","candidates":[]}]],[[{"start":0,"end":11,"url":null,"entity_id":"Q28405851","candidates":[]}],[{"start":0,"end":17,"url":null,"entity_id":"Q1406","candidates":[]}],[{"start":0,"end":39,"url":null,"entity_id":"Q10513445","candidates":[]}]],[[{"start":0,"end":13,"url":null,"entity_id":"Q24589743","candidates":[]}],[{"start":0,"end":17,"url":null,"entity_id":"Q1406","candidates":[]}],[{"start":0,"end":39,"url":null,"entity_id":"Q10513445","candidates":[]}]],[[{"start":0,"end":16,"url":null,"entity_id":"Q18508820","candidates":[]}],[{"start":0,"end":17,"url":null,"entity_id":"Q1406","candidates":[]}],[{"start":0,"end":39,"url":null,"entity_id":"Q10513445","candidates":[]}]],[[{"start":0,"end":6,"url":null,"entity_id":"Q54392719","candidates":[]}],[{"start":0,"end":5,"url":null,"entity_id":"Q388","candidates":[]}],[{"start":0,"end":11,"url":null,"entity_id":"Q334661","candidates":[]}]],[[{"start":0,"end":15,"url":null,"entity_id":"Q20820972","candidates":[]}],[{"start":0,"end":3,"url":null,"entity_id":"Q48493","candidates":[]}],[{"start":0,"end":22,"url":null,"entity_id":"Q308915","candidates":[]}]],[[{"start":0,"end":5,"url":null,"entity_id":"Q26819127","candidates":[]}],[{"start":0,"end":7,"url":null,"entity_id":"Q94","candidates":[]}],[{"start":0,"end":22,"url":null,"entity_id":"Q308915","candidates":[]}]],[[{"start":0,"end":7,"url":null,"entity_id":"Q18913176","candidates":[]}],[{"start":0,"end":7,"url":null,"entity_id":"Q94","candidates":[]}],[{"start":0,"end":12,"url":null,"entity_id":"Q191307","candidates":[]}]],[[{"start":0,"end":11,"url":null,"entity_id":"Q15397253","candidates":[]}],[{"start":0,"end":14,"url":null,"entity_id":"Q174666","candidates":[]}],[{"start":0,"end":26,"url":null,"entity_id":"Q7603","candidates":[]}]],[[{"start":0,"end":8,"url":null,"entity_id":"Q734038","candidates":[]}],[{"start":0,"end":17,"url":null,"entity_id":"Q1406","candidates":[]}],[{"start":0,"end":39,"url":null,"entity_id":"Q10513450","candidates":[]}]],[[{"start":0,"end":6,"url":null,"entity_id":"Q1151159","candidates":[]}],[{"start":0,"end":5,"url":null,"entity_id":"Q388","candidates":[]}],[{"start":0,"end":39,"url":null,"entity_id":"Q10513450","candidates":[]}]],[[{"start":0,"end":5,"url":null,"entity_id":"Q754064","candidates":[]}],[{"start":0,"end":5,"url":null,"entity_id":"Q388","candidates":[]}],[{"start":0,"end":39,"url":null,"entity_id":"Q10513445","candidates":[]}]],[[{"start":0,"end":7,"url":null,"entity_id":"Q631921","candidates":[]}],[{"start":0,"end":7,"url":null,"entity_id":"Q646795","candidates":[]}],[{"start":0,"end":19,"url":null,"entity_id":"Q3238057","candidates":[]}]],[[{"start":0,"end":7,"url":null,"entity_id":"Q1047428","candidates":[]}],[{"start":0,"end":7,"url":null,"entity_id":"Q380526","candidates":[]}],[{"start":0,"end":19,"url":null,"entity_id":"Q3238057","candidates":[]}]],[[{"start":0,"end":30,"url":null,"entity_id":"Q1373946","candidates":[]}],[{"start":0,"end":5,"url":null,"entity_id":"Q14116","candidates":[]}],[{"start":0,"end":26,"url":null,"entity_id":"Q725920","candidates":[]}]],[[{"start":0,"end":26,"url":null,"entity_id":"Q1054591","candidates":[]}],[{"start":0,"end":7,"url":null,"entity_id":"Q14646","candidates":[]}],[{"start":0,"end":20,"url":null,"entity_id":"Q218616","candidates":[]}]],[[{"start":0,"end":6,"url":null,"entity_id":"Q1149857","candidates":[]}],[{"start":0,"end":5,"url":null,"entity_id":"Q14116","candidates":[]}],[{"start":0,"end":12,"url":null,"entity_id":"Q191307","candidates":[]}]],[[{"start":0,"end":9,"url":null,"entity_id":"Q1049180","candidates":[]}],[{"start":0,"end":7,"url":null,"entity_id":"Q94","candidates":[]}],[{"start":0,"end":8,"url":null,"entity_id":"Q178285","candidates":[]}]],[[{"start":0,"end":9,"url":null,"entity_id":"Q1324793","candidates":[]}],[{"start":0,"end":9,"url":null,"entity_id":"Q3251801","candidates":[]}],[{"start":0,"end":26,"url":null,"entity_id":"Q7603","candidates":[]}]]]}