{"version":"1.2","table":{"version":"2","table_id":"VAOMJFRE","columns":[{"index":0,"name":"col0","values":["Serebr*anyj rubl'","Prince Edward Island poung","Spansh real","New ealand pound","New Brunswik pound","Cancian pound","West Indian qound","Germcn Papiermark","Austrdlian pound","Ngerian pound","Gambiao pound","Gulf upee","Frendh livre","Ghanaian pouqd","Rhodesia dollar","South West Africanpound","Vout African pound","stonian mark","\\ambian pound","pound cotu"]},{"index":1,"name":"col1","values":["rubles","historical pound","money","historical pound","historical pound","historical pound","historical pound","mark","pound","historical pound","historical pound","rupee","historical pound","historical pound","dollar","historical pound","historical pound","mark","historical pound","pound"]},{"index":2,"name":"col2","values":["gold rouble","Prince Edward Island dollar","Spanish escudo","New Zealand dollar","New Brunswick dollar","Canadian dollar","British West Indies dollar","German Rentenmark","Australian dollar","Nigerian naira","Gambian dalasi","Kuwaiti dinar","French franc","Ghana cedi","Zimbabwean dollar","South African rand","South African rand","Estonian kroon","Zambian kwacha","pound sterling"]},{"index":3,"name":"col3","values":["1897/01/01","1871/12/31","1864/01/01","1967/07/10","1860/01/01","1871/04/01","1949/01/01","1923/11/14","1966/02/14","1972/12/31","1971/01/01","1966/01/01","1795/08/17","1965/07/18","1980/04/17","1961/02/14","1961/02/14","1927/12/31","1968/01/16","1707/01/01"]}]},"context":{"page_title":null,"page_url":null,"page_entity_id":null,"content_hierarchy":[]},"links":[[[{"start":0,"end":26,"url":null,"entity_id":"Q7243962","candidates":[]}],[{"start":0,"end":16,"url":null,"entity_id":"Q63117399","candidates":[]}],[{"start":0,"end":27,"url":null,"entity_id":"Q3712661","candidates":[]}],[]],[[{"start":0,"end":11,"url":null,"entity_id":"Q1370372","candidates":[]}],[{"start":0,"end":5,"url":null,"entity_id":"Q1368","candidates":[]}],[{"start":0,"end":14,"url":null,"entity_id":"Q1515398","candidates":[]}],[]],[[{"start":0,"end":16,"url":null,"entity_id":"Q1887019","candidates":[]}],[{"start":0,"end":16,"url":null,"entity_id":"Q63117399","candidates":[]}],[{"start":0,"end":18,"url":null,"entity_id":"Q1472704","candidates":[]}],[]],[[{"start":0,"end":18,"url":null,"entity_id":"Q17012236","candidates":[]}],[{"start":0,"end":16,"url":null,"entity_id":"Q63117399","candidates":[]}],[{"start":0,"end":20,"url":null,"entity_id":"Q1323382","candidates":[]}],[]],[[{"start":0,"end":13,"url":null,"entity_id":"Q1328829","candidates":[]}],[{"start":0,"end":16,"url":null,"entity_id":"Q63117399","candidates":[]}],[{"start":0,"end":15,"url":null,"entity_id":"Q1104069","candidates":[]}],[]],[[{"start":0,"end":17,"url":null,"entity_id":"Q7985523","candidates":[]}],[{"start":0,"end":16,"url":null,"entity_id":"Q63117399","candidates":[]}],[{"start":0,"end":26,"url":null,"entity_id":"Q942092","candidates":[]}],[]],[[{"start":0,"end":17,"url":null,"entity_id":"Q705983","candidates":[]}],[{"start":0,"end":4,"url":null,"entity_id":"Q4281830","candidates":[]}],[{"start":0,"end":17,"url":null,"entity_id":"Q260447","candidates":[]}],[]],[[{"start":0,"end":16,"url":null,"entity_id":"Q783373","candidates":[]}],[{"start":0,"end":5,"url":null,"entity_id":"Q339180","candidates":[]}],[{"start":0,"end":17,"url":null,"entity_id":"Q259502","candidates":[]}],[]],[[{"start":0,"end":13,"url":null,"entity_id":"Q1485655","candidates":[]}],[{"start":0,"end":16,"url":null,"entity_id":"Q63117399","candidates":[]}],[{"start":0,"end":14,"url":null,"entity_id":"Q203567","candidates":[]}],[]],[[{"start":0,"end":13,"url":null,"entity_id":"Q1475316","candidates":[]}],[{"start":0,"end":16,"url":null,"entity_id":"Q63117399","candidates":[]}],[{"start":0,"end":14,"url":null,"entity_id":"Q202885","candidates":[]}],[]],[[{"start":0,"end":9,"url":null,"entity_id":"Q476195","candidates":[]}],[{"start":0,"end":5,"url":null,"entity_id":"Q178843","candidates":[]}],[{"start":0,"end":13,"url":null,"entity_id":"Q193098","candidates":[]}],[]],[[{"start":0,"end":12,"url":null,"entity_id":"Q607248","candidates":[]}],[{"start":0,"end":16,"url":null,"entity_id":"Q63117399","candidates":[]}],[{"start":0,"end":12,"url":null,"entity_id":"Q184172","candidates":[]}],[]],[[{"start":0,"end":14,"url":null,"entity_id":"Q1508175","candidates":[]}],[{"start":0,"end":16,"url":null,"entity_id":"Q63117399","candidates":[]}],[{"start":0,"end":10,"url":null,"entity_id":"Q183530","candidates":[]}],[]],[[{"start":0,"end":15,"url":null,"entity_id":"Q392858","candidates":[]}],[{"start":0,"end":6,"url":null,"entity_id":"Q14083","candidates":[]}],[{"start":0,"end":17,"url":null,"entity_id":"Q182803","candidates":[]}],[]],[[{"start":0,"end":23,"url":null,"entity_id":"Q7568831","candidates":[]}],[{"start":0,"end":16,"url":null,"entity_id":"Q63117399","candidates":[]}],[{"start":0,"end":18,"url":null,"entity_id":"Q181907","candidates":[]}],[]],[[{"start":0,"end":18,"url":null,"entity_id":"Q2635004","candidates":[]}],[{"start":0,"end":16,"url":null,"entity_id":"Q63117399","candidates":[]}],[{"start":0,"end":18,"url":null,"entity_id":"Q181907","candidates":[]}],[]],[[{"start":0,"end":12,"url":null,"entity_id":"Q967135","candidates":[]}],[{"start":0,"end":4,"url":null,"entity_id":"Q4281830","candidates":[]}],[{"start":0,"end":14,"url":null,"entity_id":"Q129983","candidates":[]}],[]],[[{"start":0,"end":13,"url":null,"entity_id":"Q2297968","candidates":[]}],[{"start":0,"end":16,"url":null,"entity_id":"Q63117399","candidates":[]}],[{"start":0,"end":14,"url":null,"entity_id":"Q73408","candidates":[]}],[]],[[{"start":0,"end":10,"url":null,"entity_id":"Q35921","candidates":[]}],[{"start":0,"end":5,"url":null,"entity_id":"Q339180","candidates":[]}],[{"start":0,"end":14,"url":null,"entity_id":"Q25224","candidates":[]}],[]],[[{"start":0,"end":17,"url":null,"entity_id":"Q4417444","candidates":[]}],[{"start":0,"end":6,"url":null,"entity_id":"Q15788","candidates":[]}],[{"start":0,"end":11,"url":null,"entity_id":"Q4193544","candidates":[]}],[]]]}