{"version":"1.2","table":{"version":"2","table_id":"VBLMOT5E","columns":[{"index":0,"name":"col0","values":["Charlotte School of Law","Collins College","Cooking and Hospitality Institute of Chicago","California Culinary Academy","Community Care College","College of Business and Technology","Charter College","Brown College","Central Penn College","Cogswell Polytechnical College","Daniel Webster College","Colorado Technical University","Columbia Southern University","Mildred Elley","Minneapolis Business College","Northwest College of Art & Design","Miami International University of Art & Design","New England Institute of Art","NewSchool of Architecture and Design","New England College of Business and Finance","Neumont University","Missouri College","Pacifica Graduate Institute","Midwest College of Oriental Medicine","Orlando Culinary Academy","Ohio Institute of Photography and Technology","Midstate College","National Hispanic University","Northcentral University","King's College","Le Cordon Bleu College of Culinary Arts Scottsdale","LAMA College for Music Professionals","McNally Smith College of Music","LIM College","Madison Media Institute","Le Cordon Bleu College of Culinary Arts Minneapolis/St. Paul","Le Cordon Bleu Institute of Culinary Arts – Dallas","Le Cordon Bleu College of Culinary Arts Miami","Le Cordon Bleu College of Culinary Arts Las Vegas"]},{"index":1,"name":"col1","values":["201 South College Street, Suite 400, Charlotte, NC, 28244","4750 S 44th Place, Phoenix, AZ, 85040","361 W Chestnut, Chicago, IL, 60610","350 Rhode Island Street, San Francisco, CA, 94103","4242 South Sheridan, Tulsa, OK, 74145","8991 SW 107 Ave, Ste 200, Miami, FL, 33176","2221 E Northern Lights Blvd Ste 120, Anchorage, AK, 99508","1345 Mendota Heights Road, Mendota Heights, MN, 55120","College Hill & Valley Rds, Summerdale, PA, 17093-0309","191 Baypointe Parkway, San Jose, CA, 95134","20 University Dr, Nashua, NH, 03063-1300","4435 N Chestnut Street, Colorado Springs, CO, 80907-3812","21982 University Lane, Orange Beach, AL, 36561-9000","855 Central Ave, Albany, NY, 12206-1513","1711 W County Rd B, Roseville, MN, 55113-0000","16301 Creative Dr NE, Poulsbo, WA, 98370","1501 Biscayne Boulevard, Miami, FL, 33132-1418","10 Brookline Place West, Brookline, MA, 02445-7295","1249 F St, San Diego, CA, 92101","10 High St Ste 204, Boston, MA, 02110","143 South Main Street, Salt Lake City, UT, 84111-1917","1405 South Hanley Road, Brentwood, MO, 63144","249 Lambert Rd, Carpinteria, CA, 93013","6232 Bankers Road, Racine, WI, 53403-9747","8511 Commodity Circle, Orlando, FL, 32819","2800 East River Road, Dayton, OH, 45439","411 W Northmoor Road, Peoria, IL, 61614-3595","14271 Story Rd, San Jose, CA, 95127-3823","10000 E. University Dr, Prescott Valley, AZ, 86314","322 Lamar Avenue, Charlotte, NC, 28204","8100 E Camelback Rd, Suite 1001, Scottsdale, AZ, 85251-2729","370 S Fair Oaks Ave, Pasadena, CA, 91105","19 Exchange Street East, Saint Paul, MN, 55101-2220","12 E 53rd St, New York, NY, 10022-5268","2702 Agriculture Drive, Madison, WI, 53718","1315 Mendota Heights Road, Mendota Heights, MN, 55120-9914","11830 Webb Chapel Road, Dallas, TX, 75234","3221 Enterprise Way, Miramar, FL, 33025","1451 Center Crossing Road, Las Vegas, NV, 89144"]},{"index":2,"name":"col2","values":["North Carolina","Phoenix","Chicago","California","Tulsa","Florida","Alaska","Mendota Heights","Pennsylvania","California","Nashua","Colorado Springs","Alabama","Albany","Roseville","Poulsbo","Miami","Massachusetts","California","Boston","Utah","Brentwood","Santa Barbara County","Racine","Orlando","Ohio","Peoria","San Jose","Prescott Valley","Charlotte","Phoenix","Pasadena","Saint Paul","Manhattan","Madison","Mendota Heights","Dallas","Miami","Nevada"]},{"index":3,"name":"col3","values":["2006-01-01","1978-01-01","1983-01-01","1977-01-01","1995-01-01","1988-01-01","1985-01-01","1946-01-01","1881-01-01","1887-01-01","1965-01-01","1965-01-01","1993-01-01","1917-01-01","1874-01-01","1982-01-01","1965-01-01","1952-01-01","1980-01-01","1909-01-01","2003-01-01","1963-01-01","1976-01-01","1979-01-01","2002-01-01","1971-01-01","1888-01-01","1981-01-01","1996-01-01","1901-01-01","1986-01-01","1996-01-01","1985-01-01","1939-01-01","1969-01-01","1999-01-01","2007-01-01","2003-01-01","2003-01-01"]},{"index":4,"name":"col4","values":["special focus four-year: law schools","special focus four-year: arts, music and design schools","special focus two-year colleges: arts and design","special focus two-year colleges: arts and design","special focus two-year colleges: health professions","baccalaureate/associate's colleges: mixed baccalaureate/associate's","baccalaureate/associate's colleges: mixed baccalaureate/associate's","baccalaureate colleges: diverse fields","baccalaureate colleges: diverse fields","baccalaureate colleges: diverse fields","master's colleges and universities: small programs","master's colleges and universities: larger programs","master's colleges and universities: larger programs","associate's colleges: high career & technical-high nontraditional","associate's colleges: high career & technical-high traditional","special focus four-year: arts, music and design schools","special focus four-year: arts, music and design schools","special focus four-year: arts, music and design schools","special focus four-year: arts, music and design schools","special focus four-year: business and management schools","special focus four-year: other technology-related schools","special focus four-year: other health professions schools","special focus four-year: other health professions schools","special focus four-year: other health professions schools","special focus two-year colleges: arts and design","special focus two-year colleges: health professions","baccalaureate/associate's colleges: mixed baccalaureate/associate's","master's colleges and universities: small programs","doctoral university: moderate research activity","associate's colleges: high career & technical-high traditional","special focus four-year: other special focus institutions","special focus four-year: arts, music and design schools","special focus four-year: arts, music and design schools","special focus four-year: business and management schools","special focus four-year: other technology-related schools","special focus two-year colleges: arts and design","special focus two-year colleges: arts and design","special focus two-year colleges: arts and design","special focus two-year colleges: arts and design"]}]},"context":{"page_title":null,"page_url":null,"page_entity_id":null,"content_hierarchy":[]},"links":[[[{"start":0,"end":23,"url":null,"entity_id":"Q5086129","candidates":[]}],[],[{"start":0,"end":14,"url":null,"entity_id":"Q1454","candidates":[]}],[],[{"start":0,"end":36,"url":null,"entity_id":"Q23542868","candidates":[]}]],[[{"start":0,"end":15,"url":null,"entity_id":"Q5147362","candidates":[]}],[],[{"start":0,"end":7,"url":null,"entity_id":"Q16556","candidates":[]}],[],[{"start":0,"end":55,"url":null,"entity_id":"Q23542867","candidates":[]}]],[[{"start":0,"end":44,"url":null,"entity_id":"Q5167142","candidates":[]}],[],[{"start":0,"end":7,"url":null,"entity_id":"Q1297","candidates":[]}],[],[{"start":0,"end":48,"url":null,"entity_id":"Q23542854","candidates":[]}]],[[{"start":0,"end":27,"url":null,"entity_id":"Q5020382","candidates":[]}],[],[{"start":0,"end":10,"url":null,"entity_id":"Q99","candidates":[]}],[],[{"start":0,"end":48,"url":null,"entity_id":"Q23542854","candidates":[]}]],[[{"start":0,"end":22,"url":null,"entity_id":"Q5154662","candidates":[]}],[],[{"start":0,"end":5,"url":null,"entity_id":"Q44989","candidates":[]}],[],[{"start":0,"end":51,"url":null,"entity_id":"Q23542852","candidates":[]}]],[[{"start":0,"end":34,"url":null,"entity_id":"Q5146657","candidates":[]}],[],[{"start":0,"end":7,"url":null,"entity_id":"Q812","candidates":[]}],[],[{"start":0,"end":67,"url":null,"entity_id":"Q23336577","candidates":[]}]],[[{"start":0,"end":15,"url":null,"entity_id":"Q5086729","candidates":[]}],[],[{"start":0,"end":6,"url":null,"entity_id":"Q797","candidates":[]}],[],[{"start":0,"end":67,"url":null,"entity_id":"Q23336577","candidates":[]}]],[[{"start":0,"end":13,"url":null,"entity_id":"Q4976094","candidates":[]}],[],[{"start":0,"end":15,"url":null,"entity_id":"Q1992845","candidates":[]}],[],[{"start":0,"end":38,"url":null,"entity_id":"Q23336120","candidates":[]}]],[[{"start":0,"end":20,"url":null,"entity_id":"Q5061634","candidates":[]}],[],[{"start":0,"end":12,"url":null,"entity_id":"Q1400","candidates":[]}],[],[{"start":0,"end":38,"url":null,"entity_id":"Q23336120","candidates":[]}]],[[{"start":0,"end":30,"url":null,"entity_id":"Q5141289","candidates":[]}],[],[{"start":0,"end":10,"url":null,"entity_id":"Q99","candidates":[]}],[],[{"start":0,"end":38,"url":null,"entity_id":"Q23336120","candidates":[]}]],[[{"start":0,"end":22,"url":null,"entity_id":"Q5219048","candidates":[]}],[],[{"start":0,"end":6,"url":null,"entity_id":"Q48274","candidates":[]}],[],[{"start":0,"end":50,"url":null,"entity_id":"Q23335549","candidates":[]}]],[[{"start":0,"end":29,"url":null,"entity_id":"Q5148968","candidates":[]}],[],[{"start":0,"end":16,"url":null,"entity_id":"Q49258","candidates":[]}],[],[{"start":0,"end":51,"url":null,"entity_id":"Q23335394","candidates":[]}]],[[{"start":0,"end":28,"url":null,"entity_id":"Q5149845","candidates":[]}],[],[{"start":0,"end":7,"url":null,"entity_id":"Q173","candidates":[]}],[],[{"start":0,"end":51,"url":null,"entity_id":"Q23335394","candidates":[]}]],[[{"start":0,"end":13,"url":null,"entity_id":"Q6850968","candidates":[]}],[],[{"start":0,"end":6,"url":null,"entity_id":"Q24861","candidates":[]}],[],[{"start":0,"end":65,"url":null,"entity_id":"Q23542882","candidates":[]}]],[[{"start":0,"end":28,"url":null,"entity_id":"Q6867967","candidates":[]}],[],[{"start":0,"end":9,"url":null,"entity_id":"Q983979","candidates":[]}],[],[{"start":0,"end":62,"url":null,"entity_id":"Q23542880","candidates":[]}]],[[{"start":0,"end":33,"url":null,"entity_id":"Q7060000","candidates":[]}],[],[{"start":0,"end":7,"url":null,"entity_id":"Q1509552","candidates":[]}],[],[{"start":0,"end":55,"url":null,"entity_id":"Q23542867","candidates":[]}]],[[{"start":0,"end":46,"url":null,"entity_id":"Q6827343","candidates":[]}],[],[{"start":0,"end":5,"url":null,"entity_id":"Q8652","candidates":[]}],[],[{"start":0,"end":55,"url":null,"entity_id":"Q23542867","candidates":[]}]],[[{"start":0,"end":28,"url":null,"entity_id":"Q7007272","candidates":[]}],[],[{"start":0,"end":13,"url":null,"entity_id":"Q771","candidates":[]}],[],[{"start":0,"end":55,"url":null,"entity_id":"Q23542867","candidates":[]}]],[[{"start":0,"end":36,"url":null,"entity_id":"Q7005138","candidates":[]}],[],[{"start":0,"end":10,"url":null,"entity_id":"Q99","candidates":[]}],[],[{"start":0,"end":55,"url":null,"entity_id":"Q23542867","candidates":[]}]],[[{"start":0,"end":43,"url":null,"entity_id":"Q7007199","candidates":[]}],[],[{"start":0,"end":6,"url":null,"entity_id":"Q100","candidates":[]}],[],[{"start":0,"end":56,"url":null,"entity_id":"Q23542866","candidates":[]}]],[[{"start":0,"end":18,"url":null,"entity_id":"Q7001981","candidates":[]}],[],[{"start":0,"end":4,"url":null,"entity_id":"Q829","candidates":[]}],[],[{"start":0,"end":57,"url":null,"entity_id":"Q23542865","candidates":[]}]],[[{"start":0,"end":16,"url":null,"entity_id":"Q6879509","candidates":[]}],[],[{"start":0,"end":9,"url":null,"entity_id":"Q965612","candidates":[]}],[],[{"start":0,"end":57,"url":null,"entity_id":"Q23542858","candidates":[]}]],[[{"start":0,"end":27,"url":null,"entity_id":"Q7122801","candidates":[]}],[],[{"start":0,"end":20,"url":null,"entity_id":"Q108106","candidates":[]}],[],[{"start":0,"end":57,"url":null,"entity_id":"Q23542858","candidates":[]}]],[[{"start":0,"end":36,"url":null,"entity_id":"Q6843354","candidates":[]}],[],[{"start":0,"end":6,"url":null,"entity_id":"Q40340","candidates":[]}],[],[{"start":0,"end":57,"url":null,"entity_id":"Q23542858","candidates":[]}]],[[{"start":0,"end":24,"url":null,"entity_id":"Q7103071","candidates":[]}],[],[{"start":0,"end":7,"url":null,"entity_id":"Q49233","candidates":[]}],[],[{"start":0,"end":48,"url":null,"entity_id":"Q23542854","candidates":[]}]],[[{"start":0,"end":44,"url":null,"entity_id":"Q7080838","candidates":[]}],[],[{"start":0,"end":4,"url":null,"entity_id":"Q1397","candidates":[]}],[],[{"start":0,"end":51,"url":null,"entity_id":"Q23542852","candidates":[]}]],[[{"start":0,"end":16,"url":null,"entity_id":"Q6843022","candidates":[]}],[],[{"start":0,"end":6,"url":null,"entity_id":"Q233129","candidates":[]}],[],[{"start":0,"end":67,"url":null,"entity_id":"Q23336577","candidates":[]}]],[[{"start":0,"end":28,"url":null,"entity_id":"Q6973366","candidates":[]}],[],[{"start":0,"end":8,"url":null,"entity_id":"Q16553","candidates":[]}],[],[{"start":0,"end":50,"url":null,"entity_id":"Q23335549","candidates":[]}]],[[{"start":0,"end":23,"url":null,"entity_id":"Q7057736","candidates":[]}],[],[{"start":0,"end":15,"url":null,"entity_id":"Q374697","candidates":[]}],[],[{"start":0,"end":47,"url":null,"entity_id":"Q23334993","candidates":[]}]],[[{"start":0,"end":14,"url":null,"entity_id":"Q6410885","candidates":[]}],[],[{"start":0,"end":9,"url":null,"entity_id":"Q16565","candidates":[]}],[],[{"start":0,"end":62,"url":null,"entity_id":"Q23542880","candidates":[]}]],[[{"start":0,"end":50,"url":null,"entity_id":"Q6506799","candidates":[]}],[],[{"start":0,"end":7,"url":null,"entity_id":"Q49221","candidates":[]}],[],[{"start":0,"end":57,"url":null,"entity_id":"Q23542871","candidates":[]}]],[[{"start":0,"end":36,"url":null,"entity_id":"Q6456995","candidates":[]}],[],[{"start":0,"end":8,"url":null,"entity_id":"Q485176","candidates":[]}],[],[{"start":0,"end":55,"url":null,"entity_id":"Q23542867","candidates":[]}]],[[{"start":0,"end":30,"url":null,"entity_id":"Q6802467","candidates":[]}],[],[{"start":0,"end":10,"url":null,"entity_id":"Q28848","candidates":[]}],[],[{"start":0,"end":55,"url":null,"entity_id":"Q23542867","candidates":[]}]],[[{"start":0,"end":11,"url":null,"entity_id":"Q6458722","candidates":[]}],[],[{"start":0,"end":9,"url":null,"entity_id":"Q11299","candidates":[]}],[],[{"start":0,"end":56,"url":null,"entity_id":"Q23542866","candidates":[]}]],[[{"start":0,"end":23,"url":null,"entity_id":"Q6728043","candidates":[]}],[],[{"start":0,"end":7,"url":null,"entity_id":"Q43788","candidates":[]}],[],[{"start":0,"end":57,"url":null,"entity_id":"Q23542865","candidates":[]}]],[[{"start":0,"end":60,"url":null,"entity_id":"Q6506797","candidates":[]}],[],[{"start":0,"end":15,"url":null,"entity_id":"Q1992845","candidates":[]}],[],[{"start":0,"end":48,"url":null,"entity_id":"Q23542854","candidates":[]}]],[[{"start":0,"end":50,"url":null,"entity_id":"Q6506803","candidates":[]}],[],[{"start":0,"end":6,"url":null,"entity_id":"Q16557","candidates":[]}],[],[{"start":0,"end":48,"url":null,"entity_id":"Q23542854","candidates":[]}]],[[{"start":0,"end":45,"url":null,"entity_id":"Q6506796","candidates":[]}],[],[{"start":0,"end":5,"url":null,"entity_id":"Q8652","candidates":[]}],[],[{"start":0,"end":48,"url":null,"entity_id":"Q23542854","candidates":[]}]],[[{"start":0,"end":49,"url":null,"entity_id":"Q6506794","candidates":[]}],[],[{"start":0,"end":6,"url":null,"entity_id":"Q1227","candidates":[]}],[],[{"start":0,"end":48,"url":null,"entity_id":"Q23542854","candidates":[]}]]]}