{"version":"1.2","table":{"version":"2","table_id":"VCCLPCSQ","columns":[{"index":0,"name":"col0","values":["Tianeti","Kharagauli","Bolnisi","Agara, Akhaltsikhe Municipality","Vale","Akhaltsikhe","Gardabani","Martvili","Lesadzhaie","Eki","Betlemi, Senaki Municipality","Senaki","Khobi","Marneuli","Abastumani","Lanchkhuti","Terjola","Saguramo","Mtskheta","Tkibuli"]},{"index":1,"name":"col1","values":["Tianeti Municipality","Kharagauli Municipality","Bolnisi Municipality","Akhaltsikhe Municipality","Akhaltsikhe Municipality","Akhaltsikhe Municipality","Gardabani Municipality","Martvili Municipality","Senaki Municipality","Senaki Municipality","Senaki Municipality","Senaki Municipality","Khobi Municipality","Marneuli District","Adigeni Municipality","Lanchkhuti Municipality","Terjola Municipality","Mtskheta Municipality","Mtskheta Municipality","Tqibuli Municipality"]},{"index":2,"name":"col2","values":["Georgia","Georgia","Georgia","Georgia","Georgia","Georgia","Georgia","Georgia","Georgia","Georgia","Georgia","Georgia","Georgia","Georgia","Georgia","Georgia","Georgia","Georgia","Georgia","Georgia"]}]},"context":{"page_title":null,"page_url":null,"page_entity_id":null,"content_hierarchy":[]},"links":[[[{"start":0,"end":10,"url":null,"entity_id":"Q14645211","candidates":[]}],[{"start":0,"end":23,"url":null,"entity_id":"Q2513642","candidates":[]}],[{"start":0,"end":7,"url":null,"entity_id":"Q230","candidates":[]}]],[[{"start":0,"end":7,"url":null,"entity_id":"Q653420","candidates":[]}],[{"start":0,"end":20,"url":null,"entity_id":"Q2513580","candidates":[]}],[{"start":0,"end":7,"url":null,"entity_id":"Q230","candidates":[]}]],[[{"start":0,"end":31,"url":null,"entity_id":"Q5186656","candidates":[]}],[{"start":0,"end":24,"url":null,"entity_id":"Q2513568","candidates":[]}],[{"start":0,"end":7,"url":null,"entity_id":"Q230","candidates":[]}]],[[{"start":0,"end":4,"url":null,"entity_id":"Q783749","candidates":[]}],[{"start":0,"end":24,"url":null,"entity_id":"Q2513568","candidates":[]}],[{"start":0,"end":7,"url":null,"entity_id":"Q230","candidates":[]}]],[[{"start":0,"end":11,"url":null,"entity_id":"Q212546","candidates":[]}],[{"start":0,"end":24,"url":null,"entity_id":"Q2513568","candidates":[]}],[{"start":0,"end":7,"url":null,"entity_id":"Q230","candidates":[]}]],[[{"start":0,"end":9,"url":null,"entity_id":"Q1010960","candidates":[]}],[{"start":0,"end":22,"url":null,"entity_id":"Q2512996","candidates":[]}],[{"start":0,"end":7,"url":null,"entity_id":"Q230","candidates":[]}]],[[{"start":0,"end":8,"url":null,"entity_id":"Q179290","candidates":[]}],[{"start":0,"end":21,"url":null,"entity_id":"Q2511190","candidates":[]}],[{"start":0,"end":7,"url":null,"entity_id":"Q230","candidates":[]}]],[[{"start":0,"end":10,"url":null,"entity_id":"Q16371748","candidates":[]}],[{"start":0,"end":19,"url":null,"entity_id":"Q2490876","candidates":[]}],[{"start":0,"end":7,"url":null,"entity_id":"Q230","candidates":[]}]],[[{"start":0,"end":3,"url":null,"entity_id":"Q12864080","candidates":[]}],[{"start":0,"end":19,"url":null,"entity_id":"Q2490876","candidates":[]}],[{"start":0,"end":7,"url":null,"entity_id":"Q230","candidates":[]}]],[[{"start":0,"end":28,"url":null,"entity_id":"Q12862533","candidates":[]}],[{"start":0,"end":19,"url":null,"entity_id":"Q2490876","candidates":[]}],[{"start":0,"end":7,"url":null,"entity_id":"Q230","candidates":[]}]],[[{"start":0,"end":6,"url":null,"entity_id":"Q320519","candidates":[]}],[{"start":0,"end":19,"url":null,"entity_id":"Q2490876","candidates":[]}],[{"start":0,"end":7,"url":null,"entity_id":"Q230","candidates":[]}]],[[{"start":0,"end":5,"url":null,"entity_id":"Q1989822","candidates":[]}],[{"start":0,"end":18,"url":null,"entity_id":"Q2475615","candidates":[]}],[{"start":0,"end":7,"url":null,"entity_id":"Q230","candidates":[]}]],[[{"start":0,"end":8,"url":null,"entity_id":"Q770336","candidates":[]}],[{"start":0,"end":17,"url":null,"entity_id":"Q2410306","candidates":[]}],[{"start":0,"end":7,"url":null,"entity_id":"Q230","candidates":[]}]],[[{"start":0,"end":10,"url":null,"entity_id":"Q16364298","candidates":[]}],[{"start":0,"end":20,"url":null,"entity_id":"Q2382197","candidates":[]}],[{"start":0,"end":7,"url":null,"entity_id":"Q230","candidates":[]}]],[[{"start":0,"end":10,"url":null,"entity_id":"Q956922","candidates":[]}],[{"start":0,"end":23,"url":null,"entity_id":"Q2380601","candidates":[]}],[{"start":0,"end":7,"url":null,"entity_id":"Q230","candidates":[]}]],[[{"start":0,"end":7,"url":null,"entity_id":"Q1976231","candidates":[]}],[{"start":0,"end":20,"url":null,"entity_id":"Q2374974","candidates":[]}],[{"start":0,"end":7,"url":null,"entity_id":"Q230","candidates":[]}]],[[{"start":0,"end":8,"url":null,"entity_id":"Q4710920","candidates":[]}],[{"start":0,"end":21,"url":null,"entity_id":"Q2266679","candidates":[]}],[{"start":0,"end":7,"url":null,"entity_id":"Q230","candidates":[]}]],[[{"start":0,"end":8,"url":null,"entity_id":"Q180810","candidates":[]}],[{"start":0,"end":21,"url":null,"entity_id":"Q2266679","candidates":[]}],[{"start":0,"end":7,"url":null,"entity_id":"Q230","candidates":[]}]],[[{"start":0,"end":7,"url":null,"entity_id":"Q941980","candidates":[]}],[{"start":0,"end":20,"url":null,"entity_id":"Q2212773","candidates":[]}],[{"start":0,"end":7,"url":null,"entity_id":"Q230","candidates":[]}]],[[{"start":0,"end":7,"url":null,"entity_id":"Q2090524","candidates":[]}],[{"start":0,"end":20,"url":null,"entity_id":"Q2586447","candidates":[]}],[{"start":0,"end":7,"url":null,"entity_id":"Q230","candidates":[]}]]]}