{"version":"1.2","table":{"version":"2","table_id":"VD6KTG4U","columns":[{"index":0,"name":"col0","values":["Trusts","An Improvement on the Channel Tunnel","The Wizardry of George H. Earle","London Gazette Notice \"The Courts Enactment, 1905\"","Why are the Klamath Mountains and adjacent north coast floristically diverse?","The crystal-chemistry of holmquistites: Ferroholmquistite from Greenbushes (Western Australia) and hints for compositional constraints in ᴮLi amphiboles","Animal Biodiversity: An Outline of Higher-level Classification and Survey of Taxonomic Richness","Animal Biodiversity: An Outline of Higher-level Classification and Survey of Taxonomic Richness (Addenda 2013)","Annotated checklist of the rotifers (Phylum Rotifera), with notes on nomenclature, taxonomy and distribution","Phylum Rotifera Cuvier, 1817","Slurm, Popplers and Human Rinds: Food, consumerism and popular trends in Matt Groening's Futurama","Name Distributions in the Social Security Area","Chloro-potassichastingsite (K,Na)Ca₂(Fe²⁺,Mg)₄Fe³⁺[Si₆Al₂O₂₂](Cl,OH)₂: Revalidation and the new name of dashkesanite","Fluoronyböite from Jianchang (Su-Lu, China) and nyböite from Nybö (Nordfjord, Norway): a petrological and crystal-chemical comparison of these two high-pressure amphiboles","IMA Commission on new minerals, nomenclature and classification (CNMNC) Newsletter 9. New minerals and nomenclature modifications approved in 2011","A Report of the Curriculum Task Force of the ISCB Education Committee","The crystal chemistry of amphiboles: V. The structure and chemistry of arfvedsonite","Two new species of Cumacea (Malacostraca, Peracarida) from Peter The Great Bay (Sea of Japan)","New mineral names (2004)","International Mineralogical Association (1980): Commission on New Minerals and Mineral Names"]},{"index":1,"name":"col1","values":["Trusts","An Improvement on the Channel Tunnel","The Wizardry of George H. Earle, Jr.","The Courts Enactment, 1905","Why are the Klamath Mountains and adjacent north coast floristically diverse?","The crystal-chemistry of holmquistites: Ferroholmquistite from Greenbushes (Western Australia) and hints for compositional constraints in ᴮLi amphiboles","Animal Biodiversity: An Outline of Higher-level Classification and Survey of Taxonomic Richness","Animal Biodiversity: An Outline of Higher-level Classification and Survey of Taxonomic Richness (Addenda 2013)","Annotated checklist of the rotifers (Phylum Rotifera), with notes on nomenclature, taxonomy and distribution","Phylum Rotifera Cuvier, 1817","Slurm, Popplers and Human Rinds: Food, consumerism and popular trends in Matt Groening's Futurama","Name Distributions in the Social Security Area","Chloro-potassichastingsite (K,Na)Ca₂(Fe²⁺,Mg)₄Fe³⁺[Si₆Al₂O₂₂](Cl,OH)₂: Revalidation and the new name of dashkesanite","Fluoronyböite from Jianchang (Su-Lu, China) and nyböite from Nybö (Nordfjord, Norway): a petrological and crystal-chemical comparison of these two high-pressure amphiboles","IMA Commission on new minerals, nomenclature and classification (CNMNC) Newsletter 9. New minerals and nomenclature modifications approved in 2011","A Report of the Curriculum Task Force of the ISCB Education Committee","The crystal chemistry of amphiboles: V. The structure and chemistry of arfvedsonite","Two new species of Cumacea (Malacostraca, Peracarida) from Peter The Great Bay (Sea of Japan)","New mineral names","International Mineralogical Association: Commission on New Minerals and Mineral Names"]},{"index":2,"name":"col2","values":["Harvard Law Review","The Gentleman's Magazine","Current Literature","The London Gazette","Fremontia","American Mineralogist","Zootaxa","Zootaxa","Zootaxa","Animal Biodiversity: An Outline of Higher-level Classification and Survey of Taxonomic Richness","Australasian Journal of Popular Culture","Actuarial Notes","Zapiski Vserossijskogo Mineralogicheskogo Obshchestva","Mineralogical Magazine","Mineralogical Magazine","PLOS Computational Biology","The Canadian Mineralogist","Zootaxa","American Mineralogist","Mineralogical Magazine"]}]},"context":{"page_title":null,"page_url":null,"page_entity_id":null,"content_hierarchy":[]},"links":[[[{"start":0,"end":36,"url":null,"entity_id":"Q19041077","candidates":[]}],[],[{"start":0,"end":24,"url":null,"entity_id":"Q153297","candidates":[]}]],[[{"start":0,"end":31,"url":null,"entity_id":"Q19102539","candidates":[]}],[],[{"start":0,"end":18,"url":null,"entity_id":"Q5195060","candidates":[]}]],[[{"start":0,"end":50,"url":null,"entity_id":"Q19101509","candidates":[]}],[],[{"start":0,"end":18,"url":null,"entity_id":"Q1137581","candidates":[]}]],[[{"start":0,"end":77,"url":null,"entity_id":"Q18758725","candidates":[]}],[],[{"start":0,"end":9,"url":null,"entity_id":"Q18758713","candidates":[]}]],[[{"start":0,"end":152,"url":null,"entity_id":"Q18757000","candidates":[]}],[],[{"start":0,"end":21,"url":null,"entity_id":"Q957294","candidates":[]}]],[[{"start":0,"end":95,"url":null,"entity_id":"Q18642816","candidates":[]}],[],[{"start":0,"end":7,"url":null,"entity_id":"Q220370","candidates":[]}]],[[{"start":0,"end":110,"url":null,"entity_id":"Q18642812","candidates":[]}],[],[{"start":0,"end":7,"url":null,"entity_id":"Q220370","candidates":[]}]],[[{"start":0,"end":108,"url":null,"entity_id":"Q18639278","candidates":[]}],[],[{"start":0,"end":7,"url":null,"entity_id":"Q220370","candidates":[]}]],[[{"start":0,"end":28,"url":null,"entity_id":"Q18644400","candidates":[]}],[],[{"start":0,"end":95,"url":null,"entity_id":"Q18642816","candidates":[]}]],[[{"start":0,"end":97,"url":null,"entity_id":"Q18058195","candidates":[]}],[],[{"start":0,"end":39,"url":null,"entity_id":"Q18058213","candidates":[]}]],[[{"start":0,"end":46,"url":null,"entity_id":"Q17643075","candidates":[]}],[],[{"start":0,"end":15,"url":null,"entity_id":"Q17643651","candidates":[]}]],[[{"start":0,"end":116,"url":null,"entity_id":"Q17457269","candidates":[]}],[],[{"start":0,"end":53,"url":null,"entity_id":"Q17163646","candidates":[]}]],[[{"start":0,"end":171,"url":null,"entity_id":"Q18198826","candidates":[]}],[],[{"start":0,"end":22,"url":null,"entity_id":"Q3314880","candidates":[]}]],[[{"start":0,"end":146,"url":null,"entity_id":"Q17515847","candidates":[]}],[],[{"start":0,"end":22,"url":null,"entity_id":"Q3314880","candidates":[]}]],[[{"start":0,"end":69,"url":null,"entity_id":"Q18002781","candidates":[]}],[],[{"start":0,"end":26,"url":null,"entity_id":"Q2635829","candidates":[]}]],[[{"start":0,"end":83,"url":null,"entity_id":"Q18009320","candidates":[]}],[],[{"start":0,"end":25,"url":null,"entity_id":"Q2401996","candidates":[]}]],[[{"start":0,"end":93,"url":null,"entity_id":"Q17504663","candidates":[]}],[],[{"start":0,"end":7,"url":null,"entity_id":"Q220370","candidates":[]}]],[[{"start":0,"end":24,"url":null,"entity_id":"Q18198874","candidates":[]}],[],[{"start":0,"end":21,"url":null,"entity_id":"Q957294","candidates":[]}]],[[{"start":0,"end":92,"url":null,"entity_id":"Q17280966","candidates":[]}],[],[{"start":0,"end":22,"url":null,"entity_id":"Q3314880","candidates":[]}]],[[{"start":0,"end":6,"url":null,"entity_id":"Q19107904","candidates":[]}],[],[{"start":0,"end":18,"url":null,"entity_id":"Q1365125","candidates":[]}]]]}