{"version":"1.2","table":{"version":"2","table_id":"VDG7PB3C","columns":[{"index":0,"name":"col0","values":["HD 76534","HD 139431","HD 189689","HD 162428","HD 163868","HD 52356","HD 46131","HD 219523","HD 208392","HD 11606","HD 207232","HD 9709","HD 218674","HD 206773","HD 203374","HD 193182","HD 179343","HD 174105","HD 173371","HD 157832"]},{"index":1,"name":"col1","values":["1.02","1.4622","1.0163","3.2863","1.7016","1.2436","1.6691","2.4817","0.2509","1.6792","2.5302","3.895","1.3248","1.0439","0.3826","2.6642","1.26","2.1796","3.5079","0.9061"]},{"index":2,"name":"col2","values":["-6.98","-7.792","-2.179","-2.882","-2.898","-3.234","-2.905","-1.284","-0.52","-1.675","4.497","-10.397","-0.052","-3.942","-14.211","0.847","-10.94","-3.505","-17.521","-1.486"]},{"index":3,"name":"col3","values":["202","276","150","350","312","420","104","166","140","253","330","350","321","480","234","200","350","250","350","310"]}]},"context":{"page_title":null,"page_url":null,"page_entity_id":null,"content_hierarchy":[]},"links":[[[{"start":0,"end":8,"url":null,"entity_id":"Q66621676","candidates":[]}],[],[],[]],[[{"start":0,"end":9,"url":null,"entity_id":"Q66613594","candidates":[]}],[],[],[]],[[{"start":0,"end":9,"url":null,"entity_id":"Q66613576","candidates":[]}],[],[],[]],[[{"start":0,"end":9,"url":null,"entity_id":"Q66613574","candidates":[]}],[],[],[]],[[{"start":0,"end":9,"url":null,"entity_id":"Q66613566","candidates":[]}],[],[],[]],[[{"start":0,"end":8,"url":null,"entity_id":"Q66613556","candidates":[]}],[],[],[]],[[{"start":0,"end":8,"url":null,"entity_id":"Q66613551","candidates":[]}],[],[],[]],[[{"start":0,"end":9,"url":null,"entity_id":"Q66613536","candidates":[]}],[],[],[]],[[{"start":0,"end":9,"url":null,"entity_id":"Q66613535","candidates":[]}],[],[],[]],[[{"start":0,"end":8,"url":null,"entity_id":"Q66613532","candidates":[]}],[],[],[]],[[{"start":0,"end":9,"url":null,"entity_id":"Q66613529","candidates":[]}],[],[],[]],[[{"start":0,"end":7,"url":null,"entity_id":"Q66613526","candidates":[]}],[],[],[]],[[{"start":0,"end":9,"url":null,"entity_id":"Q66497590","candidates":[]}],[],[],[]],[[{"start":0,"end":9,"url":null,"entity_id":"Q66497588","candidates":[]}],[],[],[]],[[{"start":0,"end":9,"url":null,"entity_id":"Q66497585","candidates":[]}],[],[],[]],[[{"start":0,"end":9,"url":null,"entity_id":"Q66497584","candidates":[]}],[],[],[]],[[{"start":0,"end":9,"url":null,"entity_id":"Q66497580","candidates":[]}],[],[],[]],[[{"start":0,"end":9,"url":null,"entity_id":"Q66497578","candidates":[]}],[],[],[]],[[{"start":0,"end":9,"url":null,"entity_id":"Q66497577","candidates":[]}],[],[],[]],[[{"start":0,"end":9,"url":null,"entity_id":"Q66497573","candidates":[]}],[],[],[]]]}