{"version":"1.2","table":{"version":"2","table_id":"VDRMYLME","columns":[{"index":0,"name":"col0","values":["1950 World Table Tennis Championships","1936 World Table Tennis Championships","1954 World Table Tennis Championships","1935 World Table Tennis Championships","1957 World Table Tennis Championships","1975 World Table Tennis Championships","1929 World Table Tennis Championships","1961 World Table Tennis Championships","1983 World Table Tennis Championships","1993 World Table Tennis Championships","1973 World Table Tennis Championships","2004 World Team Table Tennis Championships","1981 World Table Tennis Championships","1987 World Table Tennis Championships","1932 World Table Tennis Championships","2010 World Team Table Tennis Championships","1979 World Table Tennis Championships","1965 World Table Tennis Championships","1956 World Table Tennis Championships","1953 World Table Tennis Championships"]},{"index":1,"name":"col1","values":["table tennis","table tennis","table tennis","table tennis","table tennis","table tennis","table tennis","table tennis","table tennis","table tennis","table tennis","table tennis","table tennis","table tennis","table tennis","table tennis","table tennis","table tennis","table tennis","table tennis"]},{"index":2,"name":"col2","values":["1951 World Table Tennis Championships","1937 World Table Tennis Championships","1955 World Table Tennis Championships","1936 World Table Tennis Championships","1959 World Table Tennis Championships","1977 World Table Tennis Championships","1930 World Table Tennis Championships","1963 World Table Tennis Championships","1985 World Table Tennis Championships","1995 World Table Tennis Championships","1975 World Table Tennis Championships","2005 World Table Tennis Championships","1983 World Table Tennis Championships","1989 World Table Tennis Championships","1933 World Table Tennis Championships (January)","2011 World Table Tennis Championships","1981 World Table Tennis Championships","1967 World Table Tennis Championships","1957 World Table Tennis Championships","1954 World Table Tennis Championships"]},{"index":3,"name":"col3","values":["International Table Tennis Federation","International Table Tennis Federation","International Table Tennis Federation","International Table Tennis Federation","International Table Tennis Federation","International Table Tennis Federation","International Table Tennis Federation","International Table Tennis Federation","International Table Tennis Federation","International Table Tennis Federation","International Table Tennis Federation","International Table Tennis Federation","International Table Tennis Federation","International Table Tennis Federation","International Table Tennis Federation","International Table Tennis Federation","International Table Tennis Federation","International Table Tennis Federation","International Table Tennis Federation","International Table Tennis Federation"]}]},"context":{"page_title":null,"page_url":null,"page_entity_id":null,"content_hierarchy":[]},"links":[[[{"start":0,"end":37,"url":null,"entity_id":"Q2436650","candidates":[]}],[{"start":0,"end":12,"url":null,"entity_id":"Q3930","candidates":[]}],[{"start":0,"end":37,"url":null,"entity_id":"Q874767","candidates":[]}],[{"start":0,"end":37,"url":null,"entity_id":"Q661379","candidates":[]}]],[[{"start":0,"end":37,"url":null,"entity_id":"Q761851","candidates":[]}],[{"start":0,"end":12,"url":null,"entity_id":"Q3930","candidates":[]}],[{"start":0,"end":37,"url":null,"entity_id":"Q874739","candidates":[]}],[{"start":0,"end":37,"url":null,"entity_id":"Q661379","candidates":[]}]],[[{"start":0,"end":37,"url":null,"entity_id":"Q2436667","candidates":[]}],[{"start":0,"end":12,"url":null,"entity_id":"Q3930","candidates":[]}],[{"start":0,"end":37,"url":null,"entity_id":"Q848247","candidates":[]}],[{"start":0,"end":37,"url":null,"entity_id":"Q661379","candidates":[]}]],[[{"start":0,"end":37,"url":null,"entity_id":"Q1548873","candidates":[]}],[{"start":0,"end":12,"url":null,"entity_id":"Q3930","candidates":[]}],[{"start":0,"end":37,"url":null,"entity_id":"Q761851","candidates":[]}],[{"start":0,"end":37,"url":null,"entity_id":"Q661379","candidates":[]}]],[[{"start":0,"end":37,"url":null,"entity_id":"Q2436682","candidates":[]}],[{"start":0,"end":12,"url":null,"entity_id":"Q3930","candidates":[]}],[{"start":0,"end":37,"url":null,"entity_id":"Q684270","candidates":[]}],[{"start":0,"end":37,"url":null,"entity_id":"Q661379","candidates":[]}]],[[{"start":0,"end":37,"url":null,"entity_id":"Q339390","candidates":[]}],[{"start":0,"end":12,"url":null,"entity_id":"Q3930","candidates":[]}],[{"start":0,"end":37,"url":null,"entity_id":"Q604870","candidates":[]}],[{"start":0,"end":37,"url":null,"entity_id":"Q661379","candidates":[]}]],[[{"start":0,"end":37,"url":null,"entity_id":"Q2436613","candidates":[]}],[{"start":0,"end":12,"url":null,"entity_id":"Q3930","candidates":[]}],[{"start":0,"end":37,"url":null,"entity_id":"Q576751","candidates":[]}],[{"start":0,"end":37,"url":null,"entity_id":"Q661379","candidates":[]}]],[[{"start":0,"end":37,"url":null,"entity_id":"Q1698308","candidates":[]}],[{"start":0,"end":12,"url":null,"entity_id":"Q3930","candidates":[]}],[{"start":0,"end":37,"url":null,"entity_id":"Q535590","candidates":[]}],[{"start":0,"end":37,"url":null,"entity_id":"Q661379","candidates":[]}]],[[{"start":0,"end":37,"url":null,"entity_id":"Q278525","candidates":[]}],[{"start":0,"end":12,"url":null,"entity_id":"Q3930","candidates":[]}],[{"start":0,"end":37,"url":null,"entity_id":"Q339816","candidates":[]}],[{"start":0,"end":37,"url":null,"entity_id":"Q661379","candidates":[]}]],[[{"start":0,"end":37,"url":null,"entity_id":"Q339740","candidates":[]}],[{"start":0,"end":12,"url":null,"entity_id":"Q3930","candidates":[]}],[{"start":0,"end":37,"url":null,"entity_id":"Q339768","candidates":[]}],[{"start":0,"end":37,"url":null,"entity_id":"Q661379","candidates":[]}]],[[{"start":0,"end":37,"url":null,"entity_id":"Q1383156","candidates":[]}],[{"start":0,"end":12,"url":null,"entity_id":"Q3930","candidates":[]}],[{"start":0,"end":37,"url":null,"entity_id":"Q339390","candidates":[]}],[{"start":0,"end":37,"url":null,"entity_id":"Q661379","candidates":[]}]],[[{"start":0,"end":42,"url":null,"entity_id":"Q1364865","candidates":[]}],[{"start":0,"end":12,"url":null,"entity_id":"Q3930","candidates":[]}],[{"start":0,"end":37,"url":null,"entity_id":"Q335090","candidates":[]}],[{"start":0,"end":37,"url":null,"entity_id":"Q661379","candidates":[]}]],[[{"start":0,"end":37,"url":null,"entity_id":"Q2436698","candidates":[]}],[{"start":0,"end":12,"url":null,"entity_id":"Q3930","candidates":[]}],[{"start":0,"end":37,"url":null,"entity_id":"Q278525","candidates":[]}],[{"start":0,"end":37,"url":null,"entity_id":"Q661379","candidates":[]}]],[[{"start":0,"end":37,"url":null,"entity_id":"Q339835","candidates":[]}],[{"start":0,"end":12,"url":null,"entity_id":"Q3930","candidates":[]}],[{"start":0,"end":37,"url":null,"entity_id":"Q253722","candidates":[]}],[{"start":0,"end":37,"url":null,"entity_id":"Q661379","candidates":[]}]],[[{"start":0,"end":37,"url":null,"entity_id":"Q1781658","candidates":[]}],[{"start":0,"end":12,"url":null,"entity_id":"Q3930","candidates":[]}],[{"start":0,"end":47,"url":null,"entity_id":"Q203962","candidates":[]}],[{"start":0,"end":37,"url":null,"entity_id":"Q661379","candidates":[]}]],[[{"start":0,"end":42,"url":null,"entity_id":"Q240097","candidates":[]}],[{"start":0,"end":12,"url":null,"entity_id":"Q3930","candidates":[]}],[{"start":0,"end":37,"url":null,"entity_id":"Q202327","candidates":[]}],[{"start":0,"end":37,"url":null,"entity_id":"Q661379","candidates":[]}]],[[{"start":0,"end":37,"url":null,"entity_id":"Q2436694","candidates":[]}],[{"start":0,"end":12,"url":null,"entity_id":"Q3930","candidates":[]}],[{"start":0,"end":37,"url":null,"entity_id":"Q2436698","candidates":[]}],[{"start":0,"end":37,"url":null,"entity_id":"Q661379","candidates":[]}]],[[{"start":0,"end":37,"url":null,"entity_id":"Q2436684","candidates":[]}],[{"start":0,"end":12,"url":null,"entity_id":"Q3930","candidates":[]}],[{"start":0,"end":37,"url":null,"entity_id":"Q2436686","candidates":[]}],[{"start":0,"end":37,"url":null,"entity_id":"Q661379","candidates":[]}]],[[{"start":0,"end":37,"url":null,"entity_id":"Q2436672","candidates":[]}],[{"start":0,"end":12,"url":null,"entity_id":"Q3930","candidates":[]}],[{"start":0,"end":37,"url":null,"entity_id":"Q2436682","candidates":[]}],[{"start":0,"end":37,"url":null,"entity_id":"Q661379","candidates":[]}]],[[{"start":0,"end":37,"url":null,"entity_id":"Q2436663","candidates":[]}],[{"start":0,"end":12,"url":null,"entity_id":"Q3930","candidates":[]}],[{"start":0,"end":37,"url":null,"entity_id":"Q2436667","candidates":[]}],[{"start":0,"end":37,"url":null,"entity_id":"Q661379","candidates":[]}]]]}