{"version":"1.2","table":{"version":"2","table_id":"VFDYFUS3","columns":[{"index":0,"name":"col0","values":["Pediatric Epilepsy Study in Subjects 1-24 Months","Dose-Ranging Study In Subjects With Type 2 Diabetes Mellitus Who Are Treatment-Naive","Gene Expression in Patients With Metastatic Prostate Cancer Receiving CYP-17 Inhibition Therapy","Cardiovascular Risk Reduction Study (Reduction in Recurrent Major CV Disease Events)","Efficacy and Safety of Aliskiren and Aliskiren/Enalapril Combination on Morbidity-mortality in Patients With Chronic Heart Failure","A Randomized, Double-blind Controlled Study Comparing LCZ696 to Medical Therapy for Comorbidities in HFpEF Patients","Study of Safety of QAW039 in Patients With Asthma Inadequately Controlled on Standard-of-care Asthma Treatment","A Safety and Efficacy Study of LGH447 in Patients With Acute Myeloid Leukemia (AML) or High Risk Myelodysplastic Syndrome (MDS)","Dietary Intervention and Gastrointestinal Function in Patients With Parkinson's Disease","CCR2 PET for Pancreatic Cancer Imaging and Prediction of Response to Standard and CCR2-Targeted Therapy","Individualized vs. Household MRSA Decolonization","Sensory Symptoms in Tourette Syndrome","Study to Investigate Prucalopride vs. Polyethylene Glycol 3350 on Colon Activity","Active Surveillance Research Program for the Assessment of the Safety and the Effectiveness of Linagliptin","Viral Kinetics and Liver Gene Expression in Response to Ribavirin and Peginterferon Therapy of Chronic Hepatitis C","Gene Expression and Inflammation in Overweight Subjects","Effect of Short-Term Beta-Cell Rest in Adolescents and Young Adults With Type 2 Diabetes Mellitus","Neurofibromatosis Type 1 Brain Tumor Genetic Risk","Hydroxyurea and Erythropoietin to Treat Sickle Cell Anemia","Natural History Study of Monoclonal B Cell Lymphocytosis (MBL), Chronic Lymphocytic Leukemia/Small Lymphocytic Lymphoma (CLL/SLL), Lymphoplasmacytic Lymphoma (LPL)/Waldenstrom Macroglobulinemia (WM), and Splenic Marginal Zone Lymphoma (SMZL)"]},{"index":1,"name":"col1","values":["Puerto Rico","Puerto Rico","Mayo Clinic","Puerto Rico","Puerto Rico","Puerto Rico","Puerto Rico","Novartis","University of Florida","Washington University School of Medicine","Washington University School of Medicine","Vanderbilt University Medical Center","Barts Health NHS Trust","Brigham and Women's Hospital","National Institutes of Health","National Institutes of Health","National Institutes of Health","Washington University in St. Louis","National Institutes of Health","National Institutes of Health"]},{"index":2,"name":"col2","values":["epilepsy","diabetes mellitus","carcinoma","atherosclerosis","heart failure","heart failure","asthma","leukemia","Parkinson disease","adenocarcinoma","abscess","syndrome","constipation","diabetes mellitus","hepatitis","inflammation","diabetes mellitus","neurofibroma","hypertension","leukemia"]},{"index":3,"name":"col3","values":["GlaxoSmithKline","GlaxoSmithKline","Mayo Clinic","Novartis","Novartis","Novartis","Novartis","Novartis","University of Florida","Washington University School of Medicine","Washington University School of Medicine","Vanderbilt University Medical Center","Shire plc","Boehringer Ingelheim","National Institute of Diabetes and Digestive and Kidney Diseases","National Institute of Diabetes and Digestive and Kidney Diseases","National Institute of Diabetes and Digestive and Kidney Diseases","Washington University School of Medicine","National Heart, Lung, and Blood Institute","National Heart, Lung, and Blood Institute"]}]},"context":{"page_title":null,"page_url":null,"page_entity_id":null,"content_hierarchy":[]},"links":[[[{"start":0,"end":48,"url":null,"entity_id":"Q66039929","candidates":[]}],[{"start":0,"end":11,"url":null,"entity_id":"Q1183","candidates":[]}],[{"start":0,"end":8,"url":null,"entity_id":"Q41571","candidates":[]}],[{"start":0,"end":15,"url":null,"entity_id":"Q212322","candidates":[]}]],[[{"start":0,"end":84,"url":null,"entity_id":"Q61917565","candidates":[]}],[{"start":0,"end":11,"url":null,"entity_id":"Q1183","candidates":[]}],[{"start":0,"end":17,"url":null,"entity_id":"Q12206","candidates":[]}],[{"start":0,"end":15,"url":null,"entity_id":"Q212322","candidates":[]}]],[[{"start":0,"end":95,"url":null,"entity_id":"Q61864789","candidates":[]}],[{"start":0,"end":11,"url":null,"entity_id":"Q1130172","candidates":[]}],[{"start":0,"end":9,"url":null,"entity_id":"Q33525","candidates":[]}],[{"start":0,"end":11,"url":null,"entity_id":"Q1130172","candidates":[]}]],[[{"start":0,"end":84,"url":null,"entity_id":"Q63338647","candidates":[]}],[{"start":0,"end":11,"url":null,"entity_id":"Q1183","candidates":[]}],[{"start":0,"end":15,"url":null,"entity_id":"Q12252367","candidates":[]}],[{"start":0,"end":8,"url":null,"entity_id":"Q507154","candidates":[]}]],[[{"start":0,"end":130,"url":null,"entity_id":"Q64679723","candidates":[]}],[{"start":0,"end":11,"url":null,"entity_id":"Q1183","candidates":[]}],[{"start":0,"end":13,"url":null,"entity_id":"Q181754","candidates":[]}],[{"start":0,"end":8,"url":null,"entity_id":"Q507154","candidates":[]}]],[[{"start":0,"end":115,"url":null,"entity_id":"Q63229425","candidates":[]}],[{"start":0,"end":11,"url":null,"entity_id":"Q1183","candidates":[]}],[{"start":0,"end":13,"url":null,"entity_id":"Q181754","candidates":[]}],[{"start":0,"end":8,"url":null,"entity_id":"Q507154","candidates":[]}]],[[{"start":0,"end":110,"url":null,"entity_id":"Q66072877","candidates":[]}],[{"start":0,"end":11,"url":null,"entity_id":"Q1183","candidates":[]}],[{"start":0,"end":6,"url":null,"entity_id":"Q35869","candidates":[]}],[{"start":0,"end":8,"url":null,"entity_id":"Q507154","candidates":[]}]],[[{"start":0,"end":127,"url":null,"entity_id":"Q61864756","candidates":[]}],[{"start":0,"end":8,"url":null,"entity_id":"Q507154","candidates":[]}],[{"start":0,"end":8,"url":null,"entity_id":"Q29496","candidates":[]}],[{"start":0,"end":8,"url":null,"entity_id":"Q507154","candidates":[]}]],[[{"start":0,"end":87,"url":null,"entity_id":"Q61865446","candidates":[]}],[{"start":0,"end":21,"url":null,"entity_id":"Q501758","candidates":[]}],[{"start":0,"end":17,"url":null,"entity_id":"Q11085","candidates":[]}],[{"start":0,"end":21,"url":null,"entity_id":"Q501758","candidates":[]}]],[[{"start":0,"end":103,"url":null,"entity_id":"Q61865630","candidates":[]}],[{"start":0,"end":40,"url":null,"entity_id":"Q7972509","candidates":[]}],[{"start":0,"end":14,"url":null,"entity_id":"Q356033","candidates":[]}],[{"start":0,"end":40,"url":null,"entity_id":"Q7972509","candidates":[]}]],[[{"start":0,"end":48,"url":null,"entity_id":"Q61864818","candidates":[]}],[{"start":0,"end":40,"url":null,"entity_id":"Q7972509","candidates":[]}],[{"start":0,"end":7,"url":null,"entity_id":"Q164655","candidates":[]}],[{"start":0,"end":40,"url":null,"entity_id":"Q7972509","candidates":[]}]],[[{"start":0,"end":37,"url":null,"entity_id":"Q61865581","candidates":[]}],[{"start":0,"end":36,"url":null,"entity_id":"Q7914455","candidates":[]}],[{"start":0,"end":8,"url":null,"entity_id":"Q179630","candidates":[]}],[{"start":0,"end":36,"url":null,"entity_id":"Q7914455","candidates":[]}]],[[{"start":0,"end":80,"url":null,"entity_id":"Q61707480","candidates":[]}],[{"start":0,"end":22,"url":null,"entity_id":"Q4865798","candidates":[]}],[{"start":0,"end":12,"url":null,"entity_id":"Q178436","candidates":[]}],[{"start":0,"end":9,"url":null,"entity_id":"Q905049","candidates":[]}]],[[{"start":0,"end":106,"url":null,"entity_id":"Q61864727","candidates":[]}],[{"start":0,"end":28,"url":null,"entity_id":"Q2900977","candidates":[]}],[{"start":0,"end":17,"url":null,"entity_id":"Q12206","candidates":[]}],[{"start":0,"end":20,"url":null,"entity_id":"Q699532","candidates":[]}]],[[{"start":0,"end":114,"url":null,"entity_id":"Q61865090","candidates":[]}],[{"start":0,"end":29,"url":null,"entity_id":"Q390551","candidates":[]}],[{"start":0,"end":9,"url":null,"entity_id":"Q131742","candidates":[]}],[{"start":0,"end":64,"url":null,"entity_id":"Q29220409","candidates":[]}]],[[{"start":0,"end":55,"url":null,"entity_id":"Q61865141","candidates":[]}],[{"start":0,"end":29,"url":null,"entity_id":"Q390551","candidates":[]}],[{"start":0,"end":12,"url":null,"entity_id":"Q101991","candidates":[]}],[{"start":0,"end":64,"url":null,"entity_id":"Q29220409","candidates":[]}]],[[{"start":0,"end":97,"url":null,"entity_id":"Q61865120","candidates":[]}],[{"start":0,"end":29,"url":null,"entity_id":"Q390551","candidates":[]}],[{"start":0,"end":17,"url":null,"entity_id":"Q12206","candidates":[]}],[{"start":0,"end":64,"url":null,"entity_id":"Q29220409","candidates":[]}]],[[{"start":0,"end":49,"url":null,"entity_id":"Q61707462","candidates":[]}],[{"start":0,"end":34,"url":null,"entity_id":"Q777403","candidates":[]}],[{"start":0,"end":12,"url":null,"entity_id":"Q1418735","candidates":[]}],[{"start":0,"end":40,"url":null,"entity_id":"Q7972509","candidates":[]}]],[[{"start":0,"end":58,"url":null,"entity_id":"Q61865272","candidates":[]}],[{"start":0,"end":29,"url":null,"entity_id":"Q390551","candidates":[]}],[{"start":0,"end":12,"url":null,"entity_id":"Q41861","candidates":[]}],[{"start":0,"end":41,"url":null,"entity_id":"Q6973027","candidates":[]}]],[[{"start":0,"end":241,"url":null,"entity_id":"Q61865062","candidates":[]}],[{"start":0,"end":29,"url":null,"entity_id":"Q390551","candidates":[]}],[{"start":0,"end":8,"url":null,"entity_id":"Q29496","candidates":[]}],[{"start":0,"end":41,"url":null,"entity_id":"Q6973027","candidates":[]}]]]}