{"version":"1.2","table":{"version":"2","table_id":"VH2Y2OMK","columns":[{"index":0,"name":"col0","values":["Balsam Lake Provincial Park","Awenda Provincial Park","Apodaca Provincial Park","Anderson Bay Provincial Park","Allison Lake Provincial Park","Bow Valley Wildland Provincial Park","Lake Superior Provincial Park","Kokanee Glacier Provincial Park","Chutes Provincial Park","French River Provincial Park","Silver Lake Provincial Park","Dry Island Buffalo Jump Provincial Park","Cape Smokey Provincial Park","Wasaga Beach Provincial Park","Turkey Point Provincial Park","Rondeau Provincial Park","Mono Cliffs Provincial Park","Long Point Provincial Park","La Verendrye Provincial Park","Fitzroy Provincial Park"]},{"index":1,"name":"col1","values":["IUCN category II: National Park","IUCN category II: National Park","IUCN category II: National Park","IUCN category II: National Park","IUCN category II: National Park","IUCN category II: National Park","IUCN category II: National Park","IUCN category II: National Park","IUCN category II: National Park","IUCN category II: National Park","IUCN category II: National Park","IUCN category II: National Park","IUCN category II: National Park","IUCN category II: National Park","IUCN category II: National Park","IUCN category II: National Park","IUCN category II: National Park","IUCN category II: National Park","IUCN category II: National Park","IUCN category II: National Park"]},{"index":2,"name":"col2","values":["448.81","2915","12","35","21","37369.66","160810","32035.4","108.32","735.3","77","15.98","717.96","1844.3","3.16","3254","732","150","18280","198.4"]}]},"context":{"page_title":null,"page_url":null,"page_entity_id":null,"content_hierarchy":[]},"links":[[[{"start":0,"end":22,"url":null,"entity_id":"Q4830012","candidates":[]}],[{"start":0,"end":31,"url":null,"entity_id":"Q14545628","candidates":[]}],[]],[[{"start":0,"end":23,"url":null,"entity_id":"Q4780151","candidates":[]}],[{"start":0,"end":31,"url":null,"entity_id":"Q14545628","candidates":[]}],[]],[[{"start":0,"end":28,"url":null,"entity_id":"Q4754029","candidates":[]}],[{"start":0,"end":31,"url":null,"entity_id":"Q14545628","candidates":[]}],[]],[[{"start":0,"end":28,"url":null,"entity_id":"Q4732780","candidates":[]}],[{"start":0,"end":31,"url":null,"entity_id":"Q14545628","candidates":[]}],[]],[[{"start":0,"end":35,"url":null,"entity_id":"Q3364756","candidates":[]}],[{"start":0,"end":31,"url":null,"entity_id":"Q14545628","candidates":[]}],[]],[[{"start":0,"end":29,"url":null,"entity_id":"Q3364745","candidates":[]}],[{"start":0,"end":31,"url":null,"entity_id":"Q14545628","candidates":[]}],[]],[[{"start":0,"end":31,"url":null,"entity_id":"Q3364744","candidates":[]}],[{"start":0,"end":31,"url":null,"entity_id":"Q14545628","candidates":[]}],[]],[[{"start":0,"end":22,"url":null,"entity_id":"Q3364743","candidates":[]}],[{"start":0,"end":31,"url":null,"entity_id":"Q14545628","candidates":[]}],[]],[[{"start":0,"end":28,"url":null,"entity_id":"Q3364736","candidates":[]}],[{"start":0,"end":31,"url":null,"entity_id":"Q14545628","candidates":[]}],[]],[[{"start":0,"end":27,"url":null,"entity_id":"Q3364731","candidates":[]}],[{"start":0,"end":31,"url":null,"entity_id":"Q14545628","candidates":[]}],[]],[[{"start":0,"end":39,"url":null,"entity_id":"Q3364718","candidates":[]}],[{"start":0,"end":31,"url":null,"entity_id":"Q14545628","candidates":[]}],[]],[[{"start":0,"end":27,"url":null,"entity_id":"Q3364710","candidates":[]}],[{"start":0,"end":31,"url":null,"entity_id":"Q14545628","candidates":[]}],[]],[[{"start":0,"end":28,"url":null,"entity_id":"Q3364699","candidates":[]}],[{"start":0,"end":31,"url":null,"entity_id":"Q14545628","candidates":[]}],[]],[[{"start":0,"end":28,"url":null,"entity_id":"Q3364694","candidates":[]}],[{"start":0,"end":31,"url":null,"entity_id":"Q14545628","candidates":[]}],[]],[[{"start":0,"end":23,"url":null,"entity_id":"Q3364682","candidates":[]}],[{"start":0,"end":31,"url":null,"entity_id":"Q14545628","candidates":[]}],[]],[[{"start":0,"end":27,"url":null,"entity_id":"Q3364677","candidates":[]}],[{"start":0,"end":31,"url":null,"entity_id":"Q14545628","candidates":[]}],[]],[[{"start":0,"end":26,"url":null,"entity_id":"Q3364675","candidates":[]}],[{"start":0,"end":31,"url":null,"entity_id":"Q14545628","candidates":[]}],[]],[[{"start":0,"end":28,"url":null,"entity_id":"Q3364670","candidates":[]}],[{"start":0,"end":31,"url":null,"entity_id":"Q14545628","candidates":[]}],[]],[[{"start":0,"end":23,"url":null,"entity_id":"Q3364667","candidates":[]}],[{"start":0,"end":31,"url":null,"entity_id":"Q14545628","candidates":[]}],[]],[[{"start":0,"end":27,"url":null,"entity_id":"Q4852539","candidates":[]}],[{"start":0,"end":31,"url":null,"entity_id":"Q14545628","candidates":[]}],[]]]}