{"version":"1.2","table":{"version":"2","table_id":"VHX3CHWW","columns":[{"index":0,"name":"col0","values":["Lehtse Rural Municipality","Viljandi Rural Municipality","Olustvere Rural Municipality","Kabala Rural Municipality","Suure-Jaani Rural Municipality","Tapa Rural Municipality","Konguta Rural Municipality","Maidla Rural Municipality","Peipsiääre Rural Municipality","Pärsti Rural Municipality","Vara Rural Municipality","Karksi Rural Municipality","Kambja Rural Municipality","Haaslava Rural Municipality","Keila Rural Municipality","Tähtvere Rural Municipality","Alatskivi Rural Municipality","Nissi Rural Municipality","Tartu Rural Municipality","Väike-Maarja Rural Municipality"]},{"index":1,"name":"col1","values":["1991-10-24","2017-10-25","1991-12-19","1991-12-12","2005-11-01","2005-10-21","1991-05-16","1992-04-09","1991-11-21","1991-12-19","1991-07-11","1992-02-13","1991-05-16","1991-07-11","1992-09-10","1991-05-16","1991-05-16","1992-05-21","1991-05-16","2017-01-01"]},{"index":2,"name":"col2","values":["163","1371.64","144","210","742.67","262.8","107.6","332.3","31","210.62","333","321.81","188.98","110","179","115.03","128.38","264.9","298.7","682.46"]},{"index":3,"name":"col3","values":["Estonia","Estonia","Estonia","Estonia","Estonia","Estonia","Estonia","Estonia","Estonia","Estonia","Estonia","Estonia","Estonia","Estonia","Estonia","Estonia","Estonia","Estonia","Estonia","Estonia"]}]},"context":{"page_title":null,"page_url":null,"page_entity_id":null,"content_hierarchy":[]},"links":[[[{"start":0,"end":27,"url":null,"entity_id":"Q15100022","candidates":[]}],[],[],[{"start":0,"end":7,"url":null,"entity_id":"Q191","candidates":[]}]],[[{"start":0,"end":28,"url":null,"entity_id":"Q12371445","candidates":[]}],[],[],[{"start":0,"end":7,"url":null,"entity_id":"Q191","candidates":[]}]],[[{"start":0,"end":25,"url":null,"entity_id":"Q2645835","candidates":[]}],[],[],[{"start":0,"end":7,"url":null,"entity_id":"Q191","candidates":[]}]],[[{"start":0,"end":30,"url":null,"entity_id":"Q2092418","candidates":[]}],[],[],[{"start":0,"end":7,"url":null,"entity_id":"Q191","candidates":[]}]],[[{"start":0,"end":23,"url":null,"entity_id":"Q1854990","candidates":[]}],[],[],[{"start":0,"end":7,"url":null,"entity_id":"Q191","candidates":[]}]],[[{"start":0,"end":26,"url":null,"entity_id":"Q1776924","candidates":[]}],[],[],[{"start":0,"end":7,"url":null,"entity_id":"Q191","candidates":[]}]],[[{"start":0,"end":25,"url":null,"entity_id":"Q1753157","candidates":[]}],[],[],[{"start":0,"end":7,"url":null,"entity_id":"Q191","candidates":[]}]],[[{"start":0,"end":29,"url":null,"entity_id":"Q1753141","candidates":[]}],[],[],[{"start":0,"end":7,"url":null,"entity_id":"Q191","candidates":[]}]],[[{"start":0,"end":25,"url":null,"entity_id":"Q1752506","candidates":[]}],[],[],[{"start":0,"end":7,"url":null,"entity_id":"Q191","candidates":[]}]],[[{"start":0,"end":23,"url":null,"entity_id":"Q1752118","candidates":[]}],[],[],[{"start":0,"end":7,"url":null,"entity_id":"Q191","candidates":[]}]],[[{"start":0,"end":25,"url":null,"entity_id":"Q1729692","candidates":[]}],[],[],[{"start":0,"end":7,"url":null,"entity_id":"Q191","candidates":[]}]],[[{"start":0,"end":25,"url":null,"entity_id":"Q1640556","candidates":[]}],[],[],[{"start":0,"end":7,"url":null,"entity_id":"Q191","candidates":[]}]],[[{"start":0,"end":27,"url":null,"entity_id":"Q1566662","candidates":[]}],[],[],[{"start":0,"end":7,"url":null,"entity_id":"Q191","candidates":[]}]],[[{"start":0,"end":24,"url":null,"entity_id":"Q1479719","candidates":[]}],[],[],[{"start":0,"end":7,"url":null,"entity_id":"Q191","candidates":[]}]],[[{"start":0,"end":27,"url":null,"entity_id":"Q1473945","candidates":[]}],[],[],[{"start":0,"end":7,"url":null,"entity_id":"Q191","candidates":[]}]],[[{"start":0,"end":28,"url":null,"entity_id":"Q1446420","candidates":[]}],[],[],[{"start":0,"end":7,"url":null,"entity_id":"Q191","candidates":[]}]],[[{"start":0,"end":24,"url":null,"entity_id":"Q1432550","candidates":[]}],[],[],[{"start":0,"end":7,"url":null,"entity_id":"Q191","candidates":[]}]],[[{"start":0,"end":24,"url":null,"entity_id":"Q1266078","candidates":[]}],[],[],[{"start":0,"end":7,"url":null,"entity_id":"Q191","candidates":[]}]],[[{"start":0,"end":31,"url":null,"entity_id":"Q1020183","candidates":[]}],[],[],[{"start":0,"end":7,"url":null,"entity_id":"Q191","candidates":[]}]],[[{"start":0,"end":25,"url":null,"entity_id":"Q16408681","candidates":[]}],[],[],[{"start":0,"end":7,"url":null,"entity_id":"Q191","candidates":[]}]]]}