{"version":"1.2","table":{"version":"2","table_id":"VI7QRHKF","columns":[{"index":0,"name":"col0","values":["speeder bike","wizard school in Harry Potter universe","Grindylow","Tyrant","Andalite","Slayer","hag","Cylon Basestar","Colonial Raptor","Pokémon species","Places in A Song of Ice and Fire","object from The Legend of Zelda","Inferius","allomancer","organisation in Harry Potter series","Quidditch team","Laserbeak","currency of Harry Potter","Piranha Plant","Pokey"]},{"index":1,"name":"col1","values":["Star Wars expanded to other media","Harry Potter universe","Harry Potter universe","Resident Evil universe","Animorphs universe","Buffyverse","Harry Potter universe","Battlestar Galactica","Battlestar Galactica","Pokémon universe","World of Ice and Fire","Universe of The Legend of Zelda","Harry Potter universe","cosmere","Harry Potter universe","Harry Potter universe","Transformers universe","Harry Potter universe","Super Mario universe","Super Mario universe"]},{"index":2,"name":"col2","values":["Star Wars: Episode III – Revenge of the Sith","Harry Potter","Harry Potter","Resident Evil","Animorphs","Buffy the Vampire Slayer","Harry Potter","Battlestar Galactica","Battlestar Galactica","Pokémon","Game of Thrones","The Legend of Zelda","Harry Potter","Mistborn","Harry Potter","Harry Potter","Transformers","Harry Potter","Super Mario","Super Mario Bros. 2"]},{"index":3,"name":"col3","values":["fictional mode of transport","organisation in Harry Potter series","mythical creature","video game character","fictional extraterrestrial","fictional character","hag","fictional spacecraft","fictional spacecraft","fictional species","fictional location in a work","fictional object","beings in the Harry Potter universe","fictional entity","fictional organization","sports team","transformer","fictional currency","fictional plant","fictional plant"]}]},"context":{"page_title":null,"page_url":null,"page_entity_id":null,"content_hierarchy":[]},"links":[[[{"start":0,"end":12,"url":null,"entity_id":"Q2299282","candidates":[]}],[{"start":0,"end":33,"url":null,"entity_id":"Q3551295","candidates":[]}],[{"start":0,"end":44,"url":null,"entity_id":"Q42051","candidates":[]}],[{"start":0,"end":27,"url":null,"entity_id":"Q6619802","candidates":[]}]],[[{"start":0,"end":38,"url":null,"entity_id":"Q2043034","candidates":[]}],[{"start":0,"end":21,"url":null,"entity_id":"Q5410773","candidates":[]}],[{"start":0,"end":12,"url":null,"entity_id":"Q8337","candidates":[]}],[{"start":0,"end":35,"url":null,"entity_id":"Q4335750","candidates":[]}]],[[{"start":0,"end":9,"url":null,"entity_id":"Q1886894","candidates":[]}],[{"start":0,"end":21,"url":null,"entity_id":"Q5410773","candidates":[]}],[{"start":0,"end":12,"url":null,"entity_id":"Q8337","candidates":[]}],[{"start":0,"end":17,"url":null,"entity_id":"Q2239243","candidates":[]}]],[[{"start":0,"end":6,"url":null,"entity_id":"Q2539763","candidates":[]}],[{"start":0,"end":22,"url":null,"entity_id":"Q17520607","candidates":[]}],[{"start":0,"end":13,"url":null,"entity_id":"Q220260","candidates":[]}],[{"start":0,"end":20,"url":null,"entity_id":"Q1569167","candidates":[]}]],[[{"start":0,"end":8,"url":null,"entity_id":"Q2846066","candidates":[]}],[{"start":0,"end":18,"url":null,"entity_id":"Q19856789","candidates":[]}],[{"start":0,"end":9,"url":null,"entity_id":"Q548365","candidates":[]}],[{"start":0,"end":26,"url":null,"entity_id":"Q1307329","candidates":[]}]],[[{"start":0,"end":6,"url":null,"entity_id":"Q2517292","candidates":[]}],[{"start":0,"end":10,"url":null,"entity_id":"Q2524381","candidates":[]}],[{"start":0,"end":24,"url":null,"entity_id":"Q183513","candidates":[]}],[{"start":0,"end":19,"url":null,"entity_id":"Q95074","candidates":[]}]],[[{"start":0,"end":3,"url":null,"entity_id":"Q15295645","candidates":[]}],[{"start":0,"end":21,"url":null,"entity_id":"Q5410773","candidates":[]}],[{"start":0,"end":12,"url":null,"entity_id":"Q8337","candidates":[]}],[{"start":0,"end":3,"url":null,"entity_id":"Q9303881","candidates":[]}]],[[{"start":0,"end":14,"url":null,"entity_id":"Q20069","candidates":[]}],[{"start":0,"end":20,"url":null,"entity_id":"Q836013","candidates":[]}],[{"start":0,"end":20,"url":null,"entity_id":"Q237072","candidates":[]}],[{"start":0,"end":20,"url":null,"entity_id":"Q14637321","candidates":[]}]],[[{"start":0,"end":15,"url":null,"entity_id":"Q20052","candidates":[]}],[{"start":0,"end":20,"url":null,"entity_id":"Q836013","candidates":[]}],[{"start":0,"end":20,"url":null,"entity_id":"Q237072","candidates":[]}],[{"start":0,"end":20,"url":null,"entity_id":"Q14637321","candidates":[]}]],[[{"start":0,"end":15,"url":null,"entity_id":"Q3966183","candidates":[]}],[{"start":0,"end":16,"url":null,"entity_id":"Q17562848","candidates":[]}],[{"start":0,"end":7,"url":null,"entity_id":"Q864","candidates":[]}],[{"start":0,"end":17,"url":null,"entity_id":"Q21192438","candidates":[]}]],[[{"start":0,"end":32,"url":null,"entity_id":"Q3840774","candidates":[]}],[{"start":0,"end":21,"url":null,"entity_id":"Q2461698","candidates":[]}],[{"start":0,"end":15,"url":null,"entity_id":"Q23572","candidates":[]}],[{"start":0,"end":28,"url":null,"entity_id":"Q15796005","candidates":[]}]],[[{"start":0,"end":31,"url":null,"entity_id":"Q3348159","candidates":[]}],[{"start":0,"end":31,"url":null,"entity_id":"Q1399781","candidates":[]}],[{"start":0,"end":19,"url":null,"entity_id":"Q12393","candidates":[]}],[{"start":0,"end":16,"url":null,"entity_id":"Q15706911","candidates":[]}]],[[{"start":0,"end":8,"url":null,"entity_id":"Q3268032","candidates":[]}],[{"start":0,"end":21,"url":null,"entity_id":"Q5410773","candidates":[]}],[{"start":0,"end":12,"url":null,"entity_id":"Q8337","candidates":[]}],[{"start":0,"end":35,"url":null,"entity_id":"Q15298221","candidates":[]}]],[[{"start":0,"end":10,"url":null,"entity_id":"Q3016455","candidates":[]}],[{"start":0,"end":7,"url":null,"entity_id":"Q18535364","candidates":[]}],[{"start":0,"end":8,"url":null,"entity_id":"Q268100","candidates":[]}],[{"start":0,"end":16,"url":null,"entity_id":"Q14897293","candidates":[]}]],[[{"start":0,"end":35,"url":null,"entity_id":"Q4335750","candidates":[]}],[{"start":0,"end":21,"url":null,"entity_id":"Q5410773","candidates":[]}],[{"start":0,"end":12,"url":null,"entity_id":"Q8337","candidates":[]}],[{"start":0,"end":22,"url":null,"entity_id":"Q14623646","candidates":[]}]],[[{"start":0,"end":14,"url":null,"entity_id":"Q3967406","candidates":[]}],[{"start":0,"end":21,"url":null,"entity_id":"Q5410773","candidates":[]}],[{"start":0,"end":12,"url":null,"entity_id":"Q8337","candidates":[]}],[{"start":0,"end":11,"url":null,"entity_id":"Q12973014","candidates":[]}]],[[{"start":0,"end":9,"url":null,"entity_id":"Q3492920","candidates":[]}],[{"start":0,"end":21,"url":null,"entity_id":"Q2101612","candidates":[]}],[{"start":0,"end":12,"url":null,"entity_id":"Q1323565","candidates":[]}],[{"start":0,"end":11,"url":null,"entity_id":"Q11321874","candidates":[]}]],[[{"start":0,"end":24,"url":null,"entity_id":"Q3433708","candidates":[]}],[{"start":0,"end":21,"url":null,"entity_id":"Q5410773","candidates":[]}],[{"start":0,"end":12,"url":null,"entity_id":"Q8337","candidates":[]}],[{"start":0,"end":18,"url":null,"entity_id":"Q3622170","candidates":[]}]],[[{"start":0,"end":13,"url":null,"entity_id":"Q3273441","candidates":[]}],[{"start":0,"end":20,"url":null,"entity_id":"Q20203549","candidates":[]}],[{"start":0,"end":11,"url":null,"entity_id":"Q4802838","candidates":[]}],[{"start":0,"end":15,"url":null,"entity_id":"Q3244549","candidates":[]}]],[[{"start":0,"end":5,"url":null,"entity_id":"Q3847000","candidates":[]}],[{"start":0,"end":20,"url":null,"entity_id":"Q20203549","candidates":[]}],[{"start":0,"end":19,"url":null,"entity_id":"Q854479","candidates":[]}],[{"start":0,"end":15,"url":null,"entity_id":"Q3244549","candidates":[]}]]]}