{"version":"1.2","table":{"version":"2","table_id":"VIRGTGDS","columns":[{"index":0,"name":"col0","values":["Basilica of San Frediano","Polirone Abbey","St. Florian's Priory","Notre-Dame Basilica","Santo Stefano Rotondo","Santa Maria del Popolo","Santa Maria in Via Lata","Santa Maria sopra Minerva","Ss. Pietro e Paolo a Via Ostiense","San Lorenzo fuori le Mura","Santa Prassede","Santa Croce in Gerusalemme","St. George's Basilica","Vannes Cathedral","Notre-Dame de la Trinité Basilica","Basilica of Sant'Apollinare Nuovo","Basilica of Sant'Apollinare in Classe","Basilica of San Vitale","Wallfahrtskirche Birnau am Bodensee","Basilica of the Fourteen Holy Helpers"]},{"index":1,"name":"col1","values":["Italian national heritage","Italian national heritage","Denkmalgeschütztes Objekt","national historic site of Canada","Italian national heritage","Italian national heritage","Italian national heritage","Italian national heritage","Italian national heritage","Italian national heritage","Italian national heritage","Italian national heritage","Grade 1","monument historique classé","« Patrimoine du XXe siècle » label","Italian national heritage","Italian national heritage","Italian national heritage","Kulturdenkmal","architectural heritage monument in Bavaria"]},{"index":2,"name":"col2","values":["Roman Catholic Archdiocese of Lucca","Roman Catholic Diocese of Mantua","Roman Catholic Diocese of Linz","archdiocese of Montréal","Roman Catholic Diocese of Rome","Roman Catholic Diocese of Rome","Roman Catholic Diocese of Rome","Roman Catholic Diocese of Rome","Roman Catholic Diocese of Rome","Roman Catholic Diocese of Rome","Roman Catholic Diocese of Rome","Roman Catholic Diocese of Rome","Roman Catholic Archdiocese of Malta","Roman Catholic Diocese of Vannes","Roman Catholic Diocese of Blois","Roman Catholic Archdiocese of Ravenna-Cervia","Roman Catholic Archdiocese of Ravenna-Cervia","Roman Catholic Archdiocese of Ravenna-Cervia","Roman Catholic Archdiocese of Freiburg","Roman Catholic Archdiocese of Bamberg"]}]},"context":{"page_title":null,"page_url":null,"page_entity_id":null,"content_hierarchy":[]},"links":[[[{"start":0,"end":24,"url":null,"entity_id":"Q762111","candidates":[]}],[{"start":0,"end":25,"url":null,"entity_id":"Q26971668","candidates":[]}],[{"start":0,"end":35,"url":null,"entity_id":"Q765309","candidates":[]}]],[[{"start":0,"end":14,"url":null,"entity_id":"Q926846","candidates":[]}],[{"start":0,"end":25,"url":null,"entity_id":"Q26971668","candidates":[]}],[{"start":0,"end":32,"url":null,"entity_id":"Q733350","candidates":[]}]],[[{"start":0,"end":20,"url":null,"entity_id":"Q877136","candidates":[]}],[{"start":0,"end":25,"url":null,"entity_id":"Q1188447","candidates":[]}],[{"start":0,"end":30,"url":null,"entity_id":"Q701832","candidates":[]}]],[[{"start":0,"end":19,"url":null,"entity_id":"Q887686","candidates":[]}],[{"start":0,"end":32,"url":null,"entity_id":"Q1568567","candidates":[]}],[{"start":0,"end":23,"url":null,"entity_id":"Q672512","candidates":[]}]],[[{"start":0,"end":21,"url":null,"entity_id":"Q919456","candidates":[]}],[{"start":0,"end":25,"url":null,"entity_id":"Q26971668","candidates":[]}],[{"start":0,"end":30,"url":null,"entity_id":"Q665037","candidates":[]}]],[[{"start":0,"end":22,"url":null,"entity_id":"Q869513","candidates":[]}],[{"start":0,"end":25,"url":null,"entity_id":"Q26971668","candidates":[]}],[{"start":0,"end":30,"url":null,"entity_id":"Q665037","candidates":[]}]],[[{"start":0,"end":23,"url":null,"entity_id":"Q846559","candidates":[]}],[{"start":0,"end":25,"url":null,"entity_id":"Q26971668","candidates":[]}],[{"start":0,"end":30,"url":null,"entity_id":"Q665037","candidates":[]}]],[[{"start":0,"end":25,"url":null,"entity_id":"Q823685","candidates":[]}],[{"start":0,"end":25,"url":null,"entity_id":"Q26971668","candidates":[]}],[{"start":0,"end":30,"url":null,"entity_id":"Q665037","candidates":[]}]],[[{"start":0,"end":33,"url":null,"entity_id":"Q774696","candidates":[]}],[{"start":0,"end":25,"url":null,"entity_id":"Q26971668","candidates":[]}],[{"start":0,"end":30,"url":null,"entity_id":"Q665037","candidates":[]}]],[[{"start":0,"end":25,"url":null,"entity_id":"Q738214","candidates":[]}],[{"start":0,"end":25,"url":null,"entity_id":"Q26971668","candidates":[]}],[{"start":0,"end":30,"url":null,"entity_id":"Q665037","candidates":[]}]],[[{"start":0,"end":14,"url":null,"entity_id":"Q733890","candidates":[]}],[{"start":0,"end":25,"url":null,"entity_id":"Q26971668","candidates":[]}],[{"start":0,"end":30,"url":null,"entity_id":"Q665037","candidates":[]}]],[[{"start":0,"end":26,"url":null,"entity_id":"Q685940","candidates":[]}],[{"start":0,"end":25,"url":null,"entity_id":"Q26971668","candidates":[]}],[{"start":0,"end":30,"url":null,"entity_id":"Q665037","candidates":[]}]],[[{"start":0,"end":21,"url":null,"entity_id":"Q810099","candidates":[]}],[{"start":0,"end":7,"url":null,"entity_id":"Q19718195","candidates":[]}],[{"start":0,"end":35,"url":null,"entity_id":"Q664066","candidates":[]}]],[[{"start":0,"end":16,"url":null,"entity_id":"Q919028","candidates":[]}],[{"start":0,"end":26,"url":null,"entity_id":"Q10387684","candidates":[]}],[{"start":0,"end":32,"url":null,"entity_id":"Q649855","candidates":[]}]],[[{"start":0,"end":33,"url":null,"entity_id":"Q810097","candidates":[]}],[{"start":0,"end":34,"url":null,"entity_id":"Q3214312","candidates":[]}],[{"start":0,"end":31,"url":null,"entity_id":"Q642145","candidates":[]}]],[[{"start":0,"end":33,"url":null,"entity_id":"Q832278","candidates":[]}],[{"start":0,"end":25,"url":null,"entity_id":"Q26971668","candidates":[]}],[{"start":0,"end":44,"url":null,"entity_id":"Q440842","candidates":[]}]],[[{"start":0,"end":37,"url":null,"entity_id":"Q744552","candidates":[]}],[{"start":0,"end":25,"url":null,"entity_id":"Q26971668","candidates":[]}],[{"start":0,"end":44,"url":null,"entity_id":"Q440842","candidates":[]}]],[[{"start":0,"end":22,"url":null,"entity_id":"Q721817","candidates":[]}],[{"start":0,"end":25,"url":null,"entity_id":"Q26971668","candidates":[]}],[{"start":0,"end":44,"url":null,"entity_id":"Q440842","candidates":[]}]],[[{"start":0,"end":35,"url":null,"entity_id":"Q874076","candidates":[]}],[{"start":0,"end":13,"url":null,"entity_id":"Q11691318","candidates":[]}],[{"start":0,"end":38,"url":null,"entity_id":"Q260287","candidates":[]}]],[[{"start":0,"end":37,"url":null,"entity_id":"Q694252","candidates":[]}],[{"start":0,"end":42,"url":null,"entity_id":"Q17297633","candidates":[]}],[{"start":0,"end":37,"url":null,"entity_id":"Q251337","candidates":[]}]]]}