{"version":"1.2","table":{"version":"2","table_id":"VIWKNTB6","columns":[{"index":0,"name":"col0","values":["iodiqe-140","iodne-139","iodine-18","iodine-17","iodine-36m","iodie-133m1","iodine-162m","iodine-132n1","iodine-120m","iodine0118m","iodine-314","iogine-125","iodinf-121","iodie ion i-123","odinh-116","iodine/113","ioding-127","irdine-120","iodin-111","iodine119"]},{"index":1,"name":"col1","values":["86.565","86.86","84.575","83.748","83.332","80.07999999999998","79.711","76.846","67.268","64.805","61.366","71.856","68.136","69.65","63.0","60.059999999999995","74.222","66.397","57.71","66.46199999999999"]},{"index":2,"name":"col2","values":["3.992","3.5035","2.014","3.5104999999999995","6.024","9.462","7.928","2.012","7.062999999999999","7.062999999999999","0.996","2.5124999999999997","2.495","2.495","1.007","2.49","2.495","1.996","2.4875","2.485"]},{"index":3,"name":"col3","values":["-0.994","1.006","-1.004","0.996","-0.995","-1.007","-0.991","0.995","-0.996","-0.996","1.005","1.006","0.999","0.991","0.998","1.006","1.001","-1.009","0.991","0.996"]}]},"context":{"page_title":null,"page_url":null,"page_entity_id":null,"content_hierarchy":[]},"links":[[[{"start":0,"end":10,"url":null,"entity_id":"Q18881616","candidates":[]}],[],[],[]],[[{"start":0,"end":9,"url":null,"entity_id":"Q18881615","candidates":[]}],[],[],[]],[[{"start":0,"end":9,"url":null,"entity_id":"Q18881614","candidates":[]}],[],[],[]],[[{"start":0,"end":9,"url":null,"entity_id":"Q18881613","candidates":[]}],[],[],[]],[[{"start":0,"end":10,"url":null,"entity_id":"Q18881611","candidates":[]}],[],[],[]],[[{"start":0,"end":11,"url":null,"entity_id":"Q18881607","candidates":[]}],[],[],[]],[[{"start":0,"end":11,"url":null,"entity_id":"Q18881606","candidates":[]}],[],[],[]],[[{"start":0,"end":12,"url":null,"entity_id":"Q18881602","candidates":[]}],[],[],[]],[[{"start":0,"end":11,"url":null,"entity_id":"Q18881596","candidates":[]}],[],[],[]],[[{"start":0,"end":11,"url":null,"entity_id":"Q18881594","candidates":[]}],[],[],[]],[[{"start":0,"end":10,"url":null,"entity_id":"Q13737528","candidates":[]}],[],[],[]],[[{"start":0,"end":10,"url":null,"entity_id":"Q6501879","candidates":[]}],[],[],[]],[[{"start":0,"end":10,"url":null,"entity_id":"Q4409996","candidates":[]}],[],[],[]],[[{"start":0,"end":15,"url":null,"entity_id":"Q3801335","candidates":[]}],[],[],[]],[[{"start":0,"end":9,"url":null,"entity_id":"Q3472805","candidates":[]}],[],[],[]],[[{"start":0,"end":10,"url":null,"entity_id":"Q3293878","candidates":[]}],[],[],[]],[[{"start":0,"end":10,"url":null,"entity_id":"Q3069233","candidates":[]}],[],[],[]],[[{"start":0,"end":10,"url":null,"entity_id":"Q2683335","candidates":[]}],[],[],[]],[[{"start":0,"end":9,"url":null,"entity_id":"Q2655382","candidates":[]}],[],[],[]],[[{"start":0,"end":9,"url":null,"entity_id":"Q2639605","candidates":[]}],[],[],[]]]}