{"version":"1.2","table":{"version":"2","table_id":"VIZ8OPKJ","columns":[{"index":0,"name":"col0","values":["Statue of Josef Mánes by Bohumil Kafka","Mojžíš","Statue of Captain James Cook","Statue of Charles James Fox","Statue of Queen Anne","Statue of King James II","Statue of Alexander von Humboldt, Berlin","Statue of King Charles II","Statue of the Earl of Derby","Standbeeld Ary Scheffer (Dordrecht)","Rembrandt van Rijn monument","Statue of Laurens Jansz Coster","Wellington Monument","Piñeyro's tomb","Monument to Pedro IV (Porto)","Beethoven Monument","Kindlifresserbrunnen","Simsonbrunnen","Zähringerbrunnen","fontaine du Fellah"]},{"index":1,"name":"col1","values":["Alšovo nábřeží","Pařížská","The Mall","Bloomsbury Square","Queen Anne's Gate","Trafalgar Square","Unter den Linden","Soho Square","Parliament Square","Scheffersplein","Rembrandtplein","Grote Markt","Park Lane","Père Lachaise Cemetery","Liberdade Square","Münsterplatz","Kornhausplatz","Kramgasse","Kramgasse","rue de Sèvres"]},{"index":2,"name":"col2","values":["cultural monument of the Czech Republic","cultural monument of the Czech Republic","Grade II listed building","Grade II* listed building or structure","Grade I listed building","Grade I listed building","architectural heritage monument","Grade II listed building","Grade II listed building","Rijksmonument","Rijksmonument","Rijksmonument","Grade I listed building","registered historic monument","Immovable Cultural Heritage of Public Interest","architectural heritage monument in North Rhine-Westphalia","class A Swiss cultural property of national significance","class A Swiss cultural property of national significance","class A Swiss cultural property of national significance","registered historic monument"]}]},"context":{"page_title":null,"page_url":null,"page_entity_id":null,"content_hierarchy":[]},"links":[[[{"start":0,"end":6,"url":null,"entity_id":"Q20970320","candidates":[]}],[{"start":0,"end":8,"url":null,"entity_id":"Q6810086","candidates":[]}],[{"start":0,"end":39,"url":null,"entity_id":"Q385405","candidates":[]}]],[[{"start":0,"end":28,"url":null,"entity_id":"Q17514442","candidates":[]}],[{"start":0,"end":8,"url":null,"entity_id":"Q842930","candidates":[]}],[{"start":0,"end":24,"url":null,"entity_id":"Q15700834","candidates":[]}]],[[{"start":0,"end":27,"url":null,"entity_id":"Q17542668","candidates":[]}],[{"start":0,"end":17,"url":null,"entity_id":"Q885408","candidates":[]}],[{"start":0,"end":38,"url":null,"entity_id":"Q15700831","candidates":[]}]],[[{"start":0,"end":20,"url":null,"entity_id":"Q17527162","candidates":[]}],[{"start":0,"end":17,"url":null,"entity_id":"Q19581777","candidates":[]}],[{"start":0,"end":23,"url":null,"entity_id":"Q15700818","candidates":[]}]],[[{"start":0,"end":23,"url":null,"entity_id":"Q17527074","candidates":[]}],[{"start":0,"end":16,"url":null,"entity_id":"Q129143","candidates":[]}],[{"start":0,"end":23,"url":null,"entity_id":"Q15700818","candidates":[]}]],[[{"start":0,"end":40,"url":null,"entity_id":"Q17351109","candidates":[]}],[{"start":0,"end":16,"url":null,"entity_id":"Q160899","candidates":[]}],[{"start":0,"end":31,"url":null,"entity_id":"Q811165","candidates":[]}]],[[{"start":0,"end":25,"url":null,"entity_id":"Q18102059","candidates":[]}],[{"start":0,"end":11,"url":null,"entity_id":"Q2705335","candidates":[]}],[{"start":0,"end":24,"url":null,"entity_id":"Q15700834","candidates":[]}]],[[{"start":0,"end":27,"url":null,"entity_id":"Q18116483","candidates":[]}],[{"start":0,"end":17,"url":null,"entity_id":"Q1368556","candidates":[]}],[{"start":0,"end":24,"url":null,"entity_id":"Q15700834","candidates":[]}]],[[{"start":0,"end":35,"url":null,"entity_id":"Q17341616","candidates":[]}],[{"start":0,"end":14,"url":null,"entity_id":"Q2592935","candidates":[]}],[{"start":0,"end":13,"url":null,"entity_id":"Q916333","candidates":[]}]],[[{"start":0,"end":27,"url":null,"entity_id":"Q17302737","candidates":[]}],[{"start":0,"end":14,"url":null,"entity_id":"Q1579642","candidates":[]}],[{"start":0,"end":13,"url":null,"entity_id":"Q916333","candidates":[]}]],[[{"start":0,"end":30,"url":null,"entity_id":"Q17255225","candidates":[]}],[{"start":0,"end":11,"url":null,"entity_id":"Q1083850","candidates":[]}],[{"start":0,"end":13,"url":null,"entity_id":"Q916333","candidates":[]}]],[[{"start":0,"end":19,"url":null,"entity_id":"Q13528921","candidates":[]}],[{"start":0,"end":9,"url":null,"entity_id":"Q378991","candidates":[]}],[{"start":0,"end":23,"url":null,"entity_id":"Q15700818","candidates":[]}]],[[{"start":0,"end":14,"url":null,"entity_id":"Q15211805","candidates":[]}],[{"start":0,"end":22,"url":null,"entity_id":"Q311","candidates":[]}],[{"start":0,"end":28,"url":null,"entity_id":"Q10387575","candidates":[]}]],[[{"start":0,"end":28,"url":null,"entity_id":"Q11783","candidates":[]}],[{"start":0,"end":16,"url":null,"entity_id":"Q6541071","candidates":[]}],[{"start":0,"end":46,"url":null,"entity_id":"Q15697324","candidates":[]}]],[[{"start":0,"end":18,"url":null,"entity_id":"Q814123","candidates":[]}],[{"start":0,"end":12,"url":null,"entity_id":"Q1959174","candidates":[]}],[{"start":0,"end":57,"url":null,"entity_id":"Q15632117","candidates":[]}]],[[{"start":0,"end":20,"url":null,"entity_id":"Q665800","candidates":[]}],[{"start":0,"end":13,"url":null,"entity_id":"Q6432432","candidates":[]}],[{"start":0,"end":56,"url":null,"entity_id":"Q8274529","candidates":[]}]],[[{"start":0,"end":13,"url":null,"entity_id":"Q678445","candidates":[]}],[{"start":0,"end":9,"url":null,"entity_id":"Q680298","candidates":[]}],[{"start":0,"end":56,"url":null,"entity_id":"Q8274529","candidates":[]}]],[[{"start":0,"end":16,"url":null,"entity_id":"Q247322","candidates":[]}],[{"start":0,"end":9,"url":null,"entity_id":"Q680298","candidates":[]}],[{"start":0,"end":56,"url":null,"entity_id":"Q8274529","candidates":[]}]],[[{"start":0,"end":18,"url":null,"entity_id":"Q3076272","candidates":[]}],[{"start":0,"end":13,"url":null,"entity_id":"Q3451068","candidates":[]}],[{"start":0,"end":28,"url":null,"entity_id":"Q10387575","candidates":[]}]],[[{"start":0,"end":38,"url":null,"entity_id":"Q20987041","candidates":[]}],[{"start":0,"end":14,"url":null,"entity_id":"Q20987033","candidates":[]}],[{"start":0,"end":39,"url":null,"entity_id":"Q385405","candidates":[]}]]]}