{"version":"1.2","table":{"version":"2","table_id":"VNO69URS","columns":[{"index":0,"name":"col0","values":["Saluru","Pedana","Sattenapalli","Tanuku","Narasapuram","Tadepalligudem","Chilakaluripet","Gudivada","Ponnur","Repalle","Tenali","Tadepalle","Narasaraopet","Nuzvid","Machilipatnam","Chirala","Bheemunipatnam","Bapatla","Mangalagiri","Bobbili"]},{"index":1,"name":"col1","values":["Salur mandal","Pedana mandal","Sattenapalle mandal","Tanuku mandal","Narasapuram mandal","Tadepalligudem mandal","Chilakaluripet mandal","Gudivada mandal","Ponnur mandal","Repalle mandal","Tenali mandal","Tadepalle mandal","Narasaraopet mandal","Nuzvid mandal","Machilipatnam mandal","Chirala mandal","Bheemunipatnam mandal","Bapatla mandal","Mangalagiri mandal","Bobbili mandal"]},{"index":2,"name":"col2","values":["12425","8664","14618","20909","15683","28438","24739","30834","16138","12782","43593","17030","27863","13982","46164","8488","13156","18216","28139","14584"]}]},"context":{"page_title":null,"page_url":null,"page_entity_id":null,"content_hierarchy":[]},"links":[[[{"start":0,"end":6,"url":null,"entity_id":"Q2563472","candidates":[]}],[{"start":0,"end":13,"url":null,"entity_id":"Q24945603","candidates":[]}],[]],[[{"start":0,"end":12,"url":null,"entity_id":"Q3445011","candidates":[]}],[{"start":0,"end":19,"url":null,"entity_id":"Q24945301","candidates":[]}],[]],[[{"start":0,"end":6,"url":null,"entity_id":"Q2566481","candidates":[]}],[{"start":0,"end":13,"url":null,"entity_id":"Q24944670","candidates":[]}],[]],[[{"start":0,"end":11,"url":null,"entity_id":"Q379516","candidates":[]}],[{"start":0,"end":18,"url":null,"entity_id":"Q24944662","candidates":[]}],[]],[[{"start":0,"end":14,"url":null,"entity_id":"Q2235626","candidates":[]}],[{"start":0,"end":21,"url":null,"entity_id":"Q24944101","candidates":[]}],[]],[[{"start":0,"end":14,"url":null,"entity_id":"Q1105252","candidates":[]}],[{"start":0,"end":21,"url":null,"entity_id":"Q24939684","candidates":[]}],[]],[[{"start":0,"end":8,"url":null,"entity_id":"Q2350125","candidates":[]}],[{"start":0,"end":15,"url":null,"entity_id":"Q24908112","candidates":[]}],[]],[[{"start":0,"end":6,"url":null,"entity_id":"Q720891","candidates":[]}],[{"start":0,"end":13,"url":null,"entity_id":"Q24906544","candidates":[]}],[]],[[{"start":0,"end":7,"url":null,"entity_id":"Q2483836","candidates":[]}],[{"start":0,"end":14,"url":null,"entity_id":"Q18394048","candidates":[]}],[]],[[{"start":0,"end":6,"url":null,"entity_id":"Q1929712","candidates":[]}],[{"start":0,"end":13,"url":null,"entity_id":"Q18388560","candidates":[]}],[]],[[{"start":0,"end":9,"url":null,"entity_id":"Q3425864","candidates":[]}],[{"start":0,"end":16,"url":null,"entity_id":"Q18387531","candidates":[]}],[]],[[{"start":0,"end":12,"url":null,"entity_id":"Q2483789","candidates":[]}],[{"start":0,"end":19,"url":null,"entity_id":"Q18379217","candidates":[]}],[]],[[{"start":0,"end":6,"url":null,"entity_id":"Q2734090","candidates":[]}],[{"start":0,"end":13,"url":null,"entity_id":"Q18128880","candidates":[]}],[]],[[{"start":0,"end":13,"url":null,"entity_id":"Q845662","candidates":[]}],[{"start":0,"end":20,"url":null,"entity_id":"Q18127612","candidates":[]}],[]],[[{"start":0,"end":7,"url":null,"entity_id":"Q1193800","candidates":[]}],[{"start":0,"end":14,"url":null,"entity_id":"Q18111218","candidates":[]}],[]],[[{"start":0,"end":14,"url":null,"entity_id":"Q2483868","candidates":[]}],[{"start":0,"end":21,"url":null,"entity_id":"Q18110554","candidates":[]}],[]],[[{"start":0,"end":7,"url":null,"entity_id":"Q633274","candidates":[]}],[{"start":0,"end":14,"url":null,"entity_id":"Q18110227","candidates":[]}],[]],[[{"start":0,"end":11,"url":null,"entity_id":"Q2349939","candidates":[]}],[{"start":0,"end":18,"url":null,"entity_id":"Q17071737","candidates":[]}],[]],[[{"start":0,"end":7,"url":null,"entity_id":"Q861841","candidates":[]}],[{"start":0,"end":14,"url":null,"entity_id":"Q17049897","candidates":[]}],[]],[[{"start":0,"end":6,"url":null,"entity_id":"Q2563482","candidates":[]}],[{"start":0,"end":12,"url":null,"entity_id":"Q24945792","candidates":[]}],[]]]}