{"version":"1.2","table":{"version":"2","table_id":"VP12TGZK","columns":[{"index":0,"name":"col0","values":["Alphabet Inc.","Rosseti","The Coca-Cola Company","Rusal","Xiaomi","MTS","Thomson Reuters","Sibur","Groupon","Banco Santander","Severstal","PhosAgro","ALROSA","BlackRock","Fujitsu","Telefónica","ExxonMobil","Gazprom","Panasonic Corporation","Oracle Corporation"]},{"index":1,"name":"col1","values":["80110","188800","200000","64000","16683","58052","45700","27000","12000","194000","50000","5000","40000","11400","165612","121853","73500","469600","257533","122000"]},{"index":2,"name":"col2","values":["26146000000","119842000000","8700000000","1354000000","20000000000","87669000000","2498000000","125021000000","380100000","9547000000","1517000000","61598000000","1703000000","7422000000","1015000000","6522000000","34082000000","870623000000","276784000000","14800000000"]}]},"context":{"page_title":null,"page_url":null,"page_entity_id":null,"content_hierarchy":[]},"links":[[[{"start":0,"end":7,"url":null,"entity_id":"Q4499024","candidates":[]}],[],[]],[[{"start":0,"end":21,"url":null,"entity_id":"Q3295867","candidates":[]}],[],[]],[[{"start":0,"end":5,"url":null,"entity_id":"Q1642605","candidates":[]}],[],[]],[[{"start":0,"end":6,"url":null,"entity_id":"Q1636958","candidates":[]}],[],[]],[[{"start":0,"end":3,"url":null,"entity_id":"Q1368919","candidates":[]}],[],[]],[[{"start":0,"end":15,"url":null,"entity_id":"Q1141267","candidates":[]}],[],[]],[[{"start":0,"end":5,"url":null,"entity_id":"Q899012","candidates":[]}],[],[]],[[{"start":0,"end":7,"url":null,"entity_id":"Q852787","candidates":[]}],[],[]],[[{"start":0,"end":15,"url":null,"entity_id":"Q806215","candidates":[]}],[],[]],[[{"start":0,"end":9,"url":null,"entity_id":"Q638448","candidates":[]}],[],[]],[[{"start":0,"end":8,"url":null,"entity_id":"Q386414","candidates":[]}],[],[]],[[{"start":0,"end":6,"url":null,"entity_id":"Q294508","candidates":[]}],[],[]],[[{"start":0,"end":9,"url":null,"entity_id":"Q219635","candidates":[]}],[],[]],[[{"start":0,"end":7,"url":null,"entity_id":"Q186394","candidates":[]}],[],[]],[[{"start":0,"end":10,"url":null,"entity_id":"Q160229","candidates":[]}],[],[]],[[{"start":0,"end":10,"url":null,"entity_id":"Q156238","candidates":[]}],[],[]],[[{"start":0,"end":7,"url":null,"entity_id":"Q102673","candidates":[]}],[],[]],[[{"start":0,"end":21,"url":null,"entity_id":"Q53247","candidates":[]}],[],[]],[[{"start":0,"end":18,"url":null,"entity_id":"Q19900","candidates":[]}],[],[]],[[{"start":0,"end":13,"url":null,"entity_id":"Q20800404","candidates":[]}],[],[]]]}