{"version":"1.2","table":{"version":"2","table_id":"VPHZ9SZG","columns":[{"index":0,"name":"col0","values":["2014 Malaysia Super Series Premier","2013 Malaysia Super Series","2012 Malaysia Super Series","2011 Malaysia Super Series","2010 Malaysia Super Series","1962 Malaysia Open Badminton Championships","1961 Malaysia Open Badminton Championships","1960 Malaysia Open Badminton Championships","1953 Malaysia Open Badminton Championships","1949 Malaysia Open Badminton Championships","2015 Malaysia Super Series Premier","2009 Malaysia Super Series","2008 Malaysia Super Series","2007 Malaysia Super Series","2005 Malaysia Open Badminton Championships","1997 Malaysia Open Badminton Championships","1992 Malaysia Open Badminton Championships","1987 Malaysia Open Badminton Championships","1954 Malaysia Open Badminton Championships","1940 Malaysia Open Badminton Championships"]},{"index":1,"name":"col1","values":["Kuala Lumpur","Kuala Lumpur","Kuala Lumpur","Kuala Lumpur","Kuala Lumpur","Melaka City","Kuala Lumpur","Kuala Lumpur","Kuala Lumpur","Kuala Lumpur","Kuala Lumpur","Kuala Lumpur","Kuala Lumpur","Kuala Lumpur","Kuala Lumpur","Kota Kinabalu","Kuala Lumpur","Kuala Lumpur","Penang","Ipoh"]},{"index":2,"name":"col2","values":["2014 Malaysia Super Series Premier – Men's singles","2013 Malaysia Super Series – Men's singles","2012 Malaysia Super Series – Men's singles","2011 Malaysia Super Series – Men's singles","2010 Malaysia Super Series – Men's singles","1962 Malaysia Open Badminton Championships – Men's singles","1961 Malaysia Open Badminton Championships – Men's singles","1960 Malaysia Open Badminton Championships – Men's singles","1953 Malaysia Open Badminton Championships – Men's singles","1949 Malaysia Open Badminton Championships – Men's singles","2015 Malaysia Super Series Premier – Qualification","2009 Malaysia Super Series – Men's singles","2008 Malaysia Super Series – Men's singles","2007 Malaysia Super Series – Men's singles","2005 Malaysia Open Badminton Championships – Men's singles","1997 Malaysia Open Badminton Championships – Men's singles","1992 Malaysia Open Badminton Championships – Men's singles","1987 Malaysia Open Badminton Championships – Men's singles","1954 Malaysia Open Badminton Championships – Men's singles","1940 Malaysia Open Badminton Championships – Men's singles"]}]},"context":{"page_title":null,"page_url":null,"page_entity_id":null,"content_hierarchy":[]},"links":[[[{"start":0,"end":26,"url":null,"entity_id":"Q3388883","candidates":[]}],[{"start":0,"end":12,"url":null,"entity_id":"Q1865","candidates":[]}],[{"start":0,"end":42,"url":null,"entity_id":"Q27608471","candidates":[]}]],[[{"start":0,"end":26,"url":null,"entity_id":"Q1886892","candidates":[]}],[{"start":0,"end":12,"url":null,"entity_id":"Q1865","candidates":[]}],[{"start":0,"end":42,"url":null,"entity_id":"Q27608470","candidates":[]}]],[[{"start":0,"end":26,"url":null,"entity_id":"Q1886893","candidates":[]}],[{"start":0,"end":12,"url":null,"entity_id":"Q1865","candidates":[]}],[{"start":0,"end":42,"url":null,"entity_id":"Q27608469","candidates":[]}]],[[{"start":0,"end":26,"url":null,"entity_id":"Q1886885","candidates":[]}],[{"start":0,"end":12,"url":null,"entity_id":"Q1865","candidates":[]}],[{"start":0,"end":42,"url":null,"entity_id":"Q27608468","candidates":[]}]],[[{"start":0,"end":42,"url":null,"entity_id":"Q2776090","candidates":[]}],[{"start":0,"end":11,"url":null,"entity_id":"Q61089","candidates":[]}],[{"start":0,"end":58,"url":null,"entity_id":"Q27608427","candidates":[]}]],[[{"start":0,"end":42,"url":null,"entity_id":"Q2776088","candidates":[]}],[{"start":0,"end":12,"url":null,"entity_id":"Q1865","candidates":[]}],[{"start":0,"end":58,"url":null,"entity_id":"Q27608425","candidates":[]}]],[[{"start":0,"end":42,"url":null,"entity_id":"Q2776085","candidates":[]}],[{"start":0,"end":12,"url":null,"entity_id":"Q1865","candidates":[]}],[{"start":0,"end":58,"url":null,"entity_id":"Q27608424","candidates":[]}]],[[{"start":0,"end":42,"url":null,"entity_id":"Q2776072","candidates":[]}],[{"start":0,"end":12,"url":null,"entity_id":"Q1865","candidates":[]}],[{"start":0,"end":58,"url":null,"entity_id":"Q27608416","candidates":[]}]],[[{"start":0,"end":42,"url":null,"entity_id":"Q2776064","candidates":[]}],[{"start":0,"end":12,"url":null,"entity_id":"Q1865","candidates":[]}],[{"start":0,"end":58,"url":null,"entity_id":"Q27608411","candidates":[]}]],[[{"start":0,"end":34,"url":null,"entity_id":"Q19354983","candidates":[]}],[{"start":0,"end":12,"url":null,"entity_id":"Q1865","candidates":[]}],[{"start":0,"end":50,"url":null,"entity_id":"Q19803071","candidates":[]}]],[[{"start":0,"end":26,"url":null,"entity_id":"Q1745139","candidates":[]}],[{"start":0,"end":12,"url":null,"entity_id":"Q1865","candidates":[]}],[{"start":0,"end":42,"url":null,"entity_id":"Q27608466","candidates":[]}]],[[{"start":0,"end":26,"url":null,"entity_id":"Q1514900","candidates":[]}],[{"start":0,"end":12,"url":null,"entity_id":"Q1865","candidates":[]}],[{"start":0,"end":42,"url":null,"entity_id":"Q27608465","candidates":[]}]],[[{"start":0,"end":26,"url":null,"entity_id":"Q1516365","candidates":[]}],[{"start":0,"end":12,"url":null,"entity_id":"Q1865","candidates":[]}],[{"start":0,"end":42,"url":null,"entity_id":"Q27608464","candidates":[]}]],[[{"start":0,"end":42,"url":null,"entity_id":"Q1268013","candidates":[]}],[{"start":0,"end":12,"url":null,"entity_id":"Q1865","candidates":[]}],[{"start":0,"end":58,"url":null,"entity_id":"Q27608462","candidates":[]}]],[[{"start":0,"end":42,"url":null,"entity_id":"Q1455758","candidates":[]}],[{"start":0,"end":13,"url":null,"entity_id":"Q137271","candidates":[]}],[{"start":0,"end":58,"url":null,"entity_id":"Q27608452","candidates":[]}]],[[{"start":0,"end":42,"url":null,"entity_id":"Q1423102","candidates":[]}],[{"start":0,"end":12,"url":null,"entity_id":"Q1865","candidates":[]}],[{"start":0,"end":58,"url":null,"entity_id":"Q27608446","candidates":[]}]],[[{"start":0,"end":42,"url":null,"entity_id":"Q1239432","candidates":[]}],[{"start":0,"end":12,"url":null,"entity_id":"Q1865","candidates":[]}],[{"start":0,"end":58,"url":null,"entity_id":"Q27608440","candidates":[]}]],[[{"start":0,"end":42,"url":null,"entity_id":"Q1406064","candidates":[]}],[{"start":0,"end":6,"url":null,"entity_id":"Q188096","candidates":[]}],[{"start":0,"end":58,"url":null,"entity_id":"Q27608417","candidates":[]}]],[[{"start":0,"end":42,"url":null,"entity_id":"Q1886834","candidates":[]}],[{"start":0,"end":4,"url":null,"entity_id":"Q271619","candidates":[]}],[{"start":0,"end":58,"url":null,"entity_id":"Q27608406","candidates":[]}]],[[{"start":0,"end":34,"url":null,"entity_id":"Q15533053","candidates":[]}],[{"start":0,"end":12,"url":null,"entity_id":"Q1865","candidates":[]}],[{"start":0,"end":50,"url":null,"entity_id":"Q27608472","candidates":[]}]]]}