{"version":"1.2","table":{"version":"2","table_id":"VPI0N6YE","columns":[{"index":0,"name":"col0","values":["Parliament Hill School","Rosendale Primary School","Redlands Primary School","Redbridge Community School","Raynes Park High School","St Giles School","Tanbridge House School","Sackville School","The Ashcombe School","Reigate School","Southam College","Stowupland High School","Stowmarket High School","Sprowston Community High School","Smithdon High School","Queen Elizabeth High School, Hexham","Prudhoe Community High School","Ponteland High School","Greatfield Park Primary School","The Latimer Primary School, Anstey"]},{"index":1,"name":"col1","values":["1906-01-01","2017-05-01","1891-01-01","1958-01-01","1935-01-01","1925-01-01","1976-01-01","1859-01-01","1976-01-01","1958-01-01","2017-04-01","2016-09-01","1909-01-01","2018-02-01","1954-01-01","1599-01-01","1958-01-01","1972-01-01","1900-01-01","1900-01-01"]},{"index":2,"name":"col2","values":["London Borough of Camden","London Borough of Lambeth","Reading","Southampton","London Borough of Merton","London Borough of Croydon","West Sussex","West Sussex","Surrey","Surrey","Warwickshire","Suffolk","Suffolk","Norfolk","Norfolk","Northumberland","Northumberland","Northumberland","Gloucestershire","Leicestershire"]}]},"context":{"page_title":null,"page_url":null,"page_entity_id":null,"content_hierarchy":[]},"links":[[[{"start":0,"end":22,"url":null,"entity_id":"Q7138909","candidates":[]}],[],[{"start":0,"end":24,"url":null,"entity_id":"Q202088","candidates":[]}]],[[{"start":0,"end":24,"url":null,"entity_id":"Q7368557","candidates":[]}],[],[{"start":0,"end":25,"url":null,"entity_id":"Q202059","candidates":[]}]],[[{"start":0,"end":23,"url":null,"entity_id":"Q7306037","candidates":[]}],[],[{"start":0,"end":7,"url":null,"entity_id":"Q161491","candidates":[]}]],[[{"start":0,"end":26,"url":null,"entity_id":"Q7305503","candidates":[]}],[],[{"start":0,"end":11,"url":null,"entity_id":"Q79848","candidates":[]}]],[[{"start":0,"end":23,"url":null,"entity_id":"Q7299333","candidates":[]}],[],[{"start":0,"end":24,"url":null,"entity_id":"Q32504","candidates":[]}]],[[{"start":0,"end":15,"url":null,"entity_id":"Q7593278","candidates":[]}],[],[{"start":0,"end":25,"url":null,"entity_id":"Q26888","candidates":[]}]],[[{"start":0,"end":22,"url":null,"entity_id":"Q7682351","candidates":[]}],[],[{"start":0,"end":11,"url":null,"entity_id":"Q23287","candidates":[]}]],[[{"start":0,"end":16,"url":null,"entity_id":"Q7396865","candidates":[]}],[],[{"start":0,"end":11,"url":null,"entity_id":"Q23287","candidates":[]}]],[[{"start":0,"end":19,"url":null,"entity_id":"Q7714656","candidates":[]}],[],[{"start":0,"end":6,"url":null,"entity_id":"Q23276","candidates":[]}]],[[{"start":0,"end":14,"url":null,"entity_id":"Q7310082","candidates":[]}],[],[{"start":0,"end":6,"url":null,"entity_id":"Q23276","candidates":[]}]],[[{"start":0,"end":15,"url":null,"entity_id":"Q7569078","candidates":[]}],[],[{"start":0,"end":12,"url":null,"entity_id":"Q23140","candidates":[]}]],[[{"start":0,"end":22,"url":null,"entity_id":"Q7620721","candidates":[]}],[],[{"start":0,"end":7,"url":null,"entity_id":"Q23111","candidates":[]}]],[[{"start":0,"end":22,"url":null,"entity_id":"Q7620718","candidates":[]}],[],[{"start":0,"end":7,"url":null,"entity_id":"Q23111","candidates":[]}]],[[{"start":0,"end":31,"url":null,"entity_id":"Q7581377","candidates":[]}],[],[{"start":0,"end":7,"url":null,"entity_id":"Q23109","candidates":[]}]],[[{"start":0,"end":20,"url":null,"entity_id":"Q7545452","candidates":[]}],[],[{"start":0,"end":7,"url":null,"entity_id":"Q23109","candidates":[]}]],[[{"start":0,"end":35,"url":null,"entity_id":"Q7270331","candidates":[]}],[],[{"start":0,"end":14,"url":null,"entity_id":"Q23079","candidates":[]}]],[[{"start":0,"end":29,"url":null,"entity_id":"Q7252996","candidates":[]}],[],[{"start":0,"end":14,"url":null,"entity_id":"Q23079","candidates":[]}]],[[{"start":0,"end":21,"url":null,"entity_id":"Q7228184","candidates":[]}],[],[{"start":0,"end":14,"url":null,"entity_id":"Q23079","candidates":[]}]],[[{"start":0,"end":30,"url":null,"entity_id":"Q66162450","candidates":[]}],[],[{"start":0,"end":15,"url":null,"entity_id":"Q21694733","candidates":[]}]],[[{"start":0,"end":34,"url":null,"entity_id":"Q66162969","candidates":[]}],[],[{"start":0,"end":14,"url":null,"entity_id":"Q21272890","candidates":[]}]]]}