{"version":"1.2","table":{"version":"2","table_id":"VPTK6EBI","columns":[{"index":0,"name":"col0","values":["MCG-02-05-020","ESO 352-18","ESO 444-46","Galassia Leo P","IC 1259-1","IC 3049-1","IC 5358-1","IC 613","IC 712","IC 1262","IC 1695","IC 1625","IC 1733","IC 1741","IC 1633","IC 1565","IC 1860","IC 2378","IC 2738","PGC 57455"]},{"index":1,"name":"col1","values":["-9.1976556","-32.2423299034783","-31.495475","18.088024","58.51656","14.480822","-28.1407424080348","11.0106556","49.077635","43.7595861","8.6993556","-46.907575","33.0819972","-16.7880389","-45.9312167","6.7341167","-31.1894278","30.4312056","34.3567617036021","29.8385139"]},{"index":2,"name":"col2","values":["155.6","118.03","147.23","1.73","118.63","16.7","116.95","136.14","142.21","130.02","160.69","88.9","134.28","123.03","92.9","144.54","92.04","176.18","143.88","238.78"]},{"index":3,"name":"col3","values":["12384","9841","14068","264","8348","2432","8651","9683","9826.4","9788","14821","6765","10697","14904","7265","11157","6863","15085","10469","15008"]},{"index":4,"name":"col4","values":["10.462","10.911","15","19.098","9.841","15.32","14.72","10.691","9.891","10.358","10.17","9.287","9.903","10.709","8.396","9.925","9.257","10.026","10.786","10.222"]}]},"context":{"page_title":null,"page_url":null,"page_entity_id":null,"content_hierarchy":[]},"links":[[[{"start":0,"end":10,"url":null,"entity_id":"Q60222946","candidates":[]}],[],[],[],[]],[[{"start":0,"end":10,"url":null,"entity_id":"Q55610338","candidates":[]}],[],[],[],[]],[[{"start":0,"end":14,"url":null,"entity_id":"Q16590126","candidates":[]}],[],[],[],[]],[[{"start":0,"end":9,"url":null,"entity_id":"Q3718826","candidates":[]}],[],[],[],[]],[[{"start":0,"end":9,"url":null,"entity_id":"Q3717404","candidates":[]}],[],[],[],[]],[[{"start":0,"end":9,"url":null,"entity_id":"Q3716567","candidates":[]}],[],[],[],[]],[[{"start":0,"end":6,"url":null,"entity_id":"Q3712036","candidates":[]}],[],[],[],[]],[[{"start":0,"end":6,"url":null,"entity_id":"Q3711740","candidates":[]}],[],[],[],[]],[[{"start":0,"end":7,"url":null,"entity_id":"Q3710595","candidates":[]}],[],[],[],[]],[[{"start":0,"end":7,"url":null,"entity_id":"Q3694341","candidates":[]}],[],[],[],[]],[[{"start":0,"end":7,"url":null,"entity_id":"Q3693943","candidates":[]}],[],[],[],[]],[[{"start":0,"end":7,"url":null,"entity_id":"Q3693765","candidates":[]}],[],[],[],[]],[[{"start":0,"end":7,"url":null,"entity_id":"Q3693673","candidates":[]}],[],[],[],[]],[[{"start":0,"end":7,"url":null,"entity_id":"Q3693479","candidates":[]}],[],[],[],[]],[[{"start":0,"end":7,"url":null,"entity_id":"Q3693419","candidates":[]}],[],[],[],[]],[[{"start":0,"end":7,"url":null,"entity_id":"Q3693195","candidates":[]}],[],[],[],[]],[[{"start":0,"end":7,"url":null,"entity_id":"Q3690348","candidates":[]}],[],[],[],[]],[[{"start":0,"end":7,"url":null,"entity_id":"Q3688796","candidates":[]}],[],[],[],[]],[[{"start":0,"end":9,"url":null,"entity_id":"Q60239923","candidates":[]}],[],[],[],[]],[[{"start":0,"end":13,"url":null,"entity_id":"Q60223073","candidates":[]}],[],[],[],[]]]}