{"version":"1.2","table":{"version":"2","table_id":"VR3DM6YJ","columns":[{"index":0,"name":"col0","values":["Brck 24","NGC7134","NGC#6996","GC 2367","NJC 2015","NGC 1<55","GC 1923","GC 1914","NJC 1910","NGC 873","NGC 807","NJC 1746","NHC 1330","NGC305","NGC\"6738","NGC 174","Messie 73","Sagittarius Sta Cloud","Plejades","Big Dippe"]},{"index":1,"name":"col1","values":["10.24272825","327.2333","316.6170336","111.12525000000001","83.78189424699998","81.30534999999999","81.0306","79.8806252","80.314499664","79.25975","77.392188","75.19871699999999","51.77619171347931","13.85405901","284.469025","73.5288975","316.009","276.66779999999994","56.46625","247.76411844632355"]},{"index":2,"name":"col2","values":["14.49646","13.3866","10.049999999999999","7.8684","10.49258","8.84339","11.26248","12.08206","9.71755","10.387799999999999","6.93","6.039","10.171422999999999","10.923","8.383000000000001","12.3984","8.9089","4.646","1.616","9.074076999999999"]}]},"context":{"page_title":null,"page_url":null,"page_entity_id":null,"content_hierarchy":[]},"links":[[[{"start":0,"end":7,"url":null,"entity_id":"Q85320762","candidates":[]}],[],[]],[[{"start":0,"end":7,"url":null,"entity_id":"Q1149792","candidates":[]}],[],[]],[[{"start":0,"end":8,"url":null,"entity_id":"Q1148982","candidates":[]}],[],[]],[[{"start":0,"end":7,"url":null,"entity_id":"Q1048462","candidates":[]}],[],[]],[[{"start":0,"end":8,"url":null,"entity_id":"Q1046472","candidates":[]}],[],[]],[[{"start":0,"end":8,"url":null,"entity_id":"Q1046178","candidates":[]}],[],[]],[[{"start":0,"end":7,"url":null,"entity_id":"Q1046046","candidates":[]}],[],[]],[[{"start":0,"end":7,"url":null,"entity_id":"Q1045994","candidates":[]}],[],[]],[[{"start":0,"end":8,"url":null,"entity_id":"Q1045975","candidates":[]}],[],[]],[[{"start":0,"end":7,"url":null,"entity_id":"Q1045794","candidates":[]}],[],[]],[[{"start":0,"end":7,"url":null,"entity_id":"Q1045427","candidates":[]}],[],[]],[[{"start":0,"end":8,"url":null,"entity_id":"Q1045078","candidates":[]}],[],[]],[[{"start":0,"end":8,"url":null,"entity_id":"Q1042852","candidates":[]}],[],[]],[[{"start":0,"end":6,"url":null,"entity_id":"Q1036072","candidates":[]}],[],[]],[[{"start":0,"end":8,"url":null,"entity_id":"Q634938","candidates":[]}],[],[]],[[{"start":0,"end":7,"url":null,"entity_id":"Q163653","candidates":[]}],[],[]],[[{"start":0,"end":9,"url":null,"entity_id":"Q14009","candidates":[]}],[],[]],[[{"start":0,"end":21,"url":null,"entity_id":"Q13618","candidates":[]}],[],[]],[[{"start":0,"end":8,"url":null,"entity_id":"Q13423","candidates":[]}],[],[]],[[{"start":0,"end":9,"url":null,"entity_id":"Q10460","candidates":[]}],[],[]]]}