{"version":"1.2","table":{"version":"2","table_id":"VR66GEEJ","columns":[{"index":0,"name":"col0","values":["Dorsa Mawso","Dorsa Geiie","Dorsa ndrusov","Dqrsum Guettard","Dorsa wing","Dorsa Rucey","Dora Dana","Dorsum Cloqs","Dorsu Oppel","Dorsup Cushman","Drsa Harker","Dors Cato","Dorsum#Cayeux","Dorsm Termier","Dorsa Tetyahv","Dorsum Ncol","Dorum Gast","Dorsum zara","Dora Listes","Dorsa Barloz"]},{"index":1,"name":"col1","values":["142.428","218.0","80.757","40.540499999999994","259.642","100.798","82.3","103.30899999999998","297.404","84.9287","213.852","127.839","95.76569999999998","89.25150000000001","186.12","43.263000000000005","65.3543","103.824","179.82","112.774"]},{"index":2,"name":"col2","values":["Moon","Moon","Moon","Moon","Moon","Moon","Moon","Moon","Moon","Moon","Moon","Moon","Moon","Moon","Moon","Moon","Moon","Moon","Moon","Moon"]},{"index":3,"name":"col3","values":["LQ21","LQ21","LQ21","LQ19","LQ19","LQ19","LQ14","LQ14","LQ13","LQ13","LQ13","LQ13","LQ13","LQ13","LQ13","LQ12","LQ12","LQ12","LQ12","LQ12"]}]},"context":{"page_title":null,"page_url":null,"page_entity_id":null,"content_hierarchy":[]},"links":[[[{"start":0,"end":11,"url":null,"entity_id":"Q1250440","candidates":[]}],[],[{"start":0,"end":4,"url":null,"entity_id":"Q405","candidates":[]}],[{"start":0,"end":4,"url":null,"entity_id":"Q56551343","candidates":[]}]],[[{"start":0,"end":11,"url":null,"entity_id":"Q1250433","candidates":[]}],[],[{"start":0,"end":4,"url":null,"entity_id":"Q405","candidates":[]}],[{"start":0,"end":4,"url":null,"entity_id":"Q56551343","candidates":[]}]],[[{"start":0,"end":13,"url":null,"entity_id":"Q959300","candidates":[]}],[],[{"start":0,"end":4,"url":null,"entity_id":"Q405","candidates":[]}],[{"start":0,"end":4,"url":null,"entity_id":"Q56551343","candidates":[]}]],[[{"start":0,"end":15,"url":null,"entity_id":"Q1250529","candidates":[]}],[],[{"start":0,"end":4,"url":null,"entity_id":"Q405","candidates":[]}],[{"start":0,"end":4,"url":null,"entity_id":"Q56551339","candidates":[]}]],[[{"start":0,"end":10,"url":null,"entity_id":"Q1250431","candidates":[]}],[],[{"start":0,"end":4,"url":null,"entity_id":"Q405","candidates":[]}],[{"start":0,"end":4,"url":null,"entity_id":"Q56551339","candidates":[]}]],[[{"start":0,"end":11,"url":null,"entity_id":"Q625038","candidates":[]}],[],[{"start":0,"end":4,"url":null,"entity_id":"Q405","candidates":[]}],[{"start":0,"end":4,"url":null,"entity_id":"Q56551339","candidates":[]}]],[[{"start":0,"end":9,"url":null,"entity_id":"Q1250427","candidates":[]}],[],[{"start":0,"end":4,"url":null,"entity_id":"Q405","candidates":[]}],[{"start":0,"end":4,"url":null,"entity_id":"Q56551325","candidates":[]}]],[[{"start":0,"end":12,"url":null,"entity_id":"Q590349","candidates":[]}],[],[{"start":0,"end":4,"url":null,"entity_id":"Q405","candidates":[]}],[{"start":0,"end":4,"url":null,"entity_id":"Q56551325","candidates":[]}]],[[{"start":0,"end":11,"url":null,"entity_id":"Q1250536","candidates":[]}],[],[{"start":0,"end":4,"url":null,"entity_id":"Q405","candidates":[]}],[{"start":0,"end":4,"url":null,"entity_id":"Q56551323","candidates":[]}]],[[{"start":0,"end":14,"url":null,"entity_id":"Q1250531","candidates":[]}],[],[{"start":0,"end":4,"url":null,"entity_id":"Q405","candidates":[]}],[{"start":0,"end":4,"url":null,"entity_id":"Q56551323","candidates":[]}]],[[{"start":0,"end":11,"url":null,"entity_id":"Q1250430","candidates":[]}],[],[{"start":0,"end":4,"url":null,"entity_id":"Q405","candidates":[]}],[{"start":0,"end":4,"url":null,"entity_id":"Q56551323","candidates":[]}]],[[{"start":0,"end":9,"url":null,"entity_id":"Q962615","candidates":[]}],[],[{"start":0,"end":4,"url":null,"entity_id":"Q405","candidates":[]}],[{"start":0,"end":4,"url":null,"entity_id":"Q56551323","candidates":[]}]],[[{"start":0,"end":13,"url":null,"entity_id":"Q723884","candidates":[]}],[],[{"start":0,"end":4,"url":null,"entity_id":"Q405","candidates":[]}],[{"start":0,"end":4,"url":null,"entity_id":"Q56551323","candidates":[]}]],[[{"start":0,"end":13,"url":null,"entity_id":"Q625066","candidates":[]}],[],[{"start":0,"end":4,"url":null,"entity_id":"Q405","candidates":[]}],[{"start":0,"end":4,"url":null,"entity_id":"Q56551323","candidates":[]}]],[[{"start":0,"end":13,"url":null,"entity_id":"Q625030","candidates":[]}],[],[{"start":0,"end":4,"url":null,"entity_id":"Q405","candidates":[]}],[{"start":0,"end":4,"url":null,"entity_id":"Q56551323","candidates":[]}]],[[{"start":0,"end":11,"url":null,"entity_id":"Q1250538","candidates":[]}],[],[{"start":0,"end":4,"url":null,"entity_id":"Q405","candidates":[]}],[{"start":0,"end":4,"url":null,"entity_id":"Q56551317","candidates":[]}]],[[{"start":0,"end":10,"url":null,"entity_id":"Q1250527","candidates":[]}],[],[{"start":0,"end":4,"url":null,"entity_id":"Q405","candidates":[]}],[{"start":0,"end":4,"url":null,"entity_id":"Q56551317","candidates":[]}]],[[{"start":0,"end":11,"url":null,"entity_id":"Q1250516","candidates":[]}],[],[{"start":0,"end":4,"url":null,"entity_id":"Q405","candidates":[]}],[{"start":0,"end":4,"url":null,"entity_id":"Q56551317","candidates":[]}]],[[{"start":0,"end":11,"url":null,"entity_id":"Q1250439","candidates":[]}],[],[{"start":0,"end":4,"url":null,"entity_id":"Q405","candidates":[]}],[{"start":0,"end":4,"url":null,"entity_id":"Q56551317","candidates":[]}]],[[{"start":0,"end":12,"url":null,"entity_id":"Q1250424","candidates":[]}],[],[{"start":0,"end":4,"url":null,"entity_id":"Q405","candidates":[]}],[{"start":0,"end":4,"url":null,"entity_id":"Q56551317","candidates":[]}]]]}