{"version":"1.2","table":{"version":"2","table_id":"VRVY29YN","columns":[{"index":0,"name":"col0","values":["Belarusian","Armenian","Danish","Swedish","Slovak","Norwegian","Kyrgyz","Algonquin","Veps","Ludic language","Cheyenne","Northern Sami","Lakota","Moksha","Selkup","Central Siberian Yupik","French","Malagasy","Pitkern","Nauruan","Dutch","Polish","Portuguese","Japanese","Guragone","Guniyandi language","Alabama"]},{"index":1,"name":"col1","values":["Belarus","East Azerbaijan Province","Denmark","Sweden","Bratislava Region","Norwegians","Kyrgyzstan","Quebec","Vologda Oblast","Karelia","Montana","Lapland","North Dakota","Nizhny Novgorod Oblast","Nenets Autonomous Okrug","Alaska","Luxembourg","Malagasy people","Norfolk Island","Nauru","Netherlands","Poland","Portugal","Japan","Northern Territory","Western Australia","Texas"]},{"index":2,"name":"col2","values":["Canada","Lebanon","Germany","Finland","Hungary","Norway","People's Republic of China","Canada","Russia","Finland","United States of America","Norway","Canada","Russia","Russia","United States of America","Djibouti","Madagascar","Norfolk Island","Nauru","Netherlands","Poland","Portugal","Japan","Australia","Australia","United States of America"]},{"index":3,"name":"col3","values":["Belarusian Cyrillic alphabet","Armenian alphabet","Latin script","Latin script","Latin script","Latin script","Arabic alphabet","Canadian Aboriginal syllabics","Latin script","Latin script","Latin script","Latin script","Latin script","Cyrillic script","Cyrillic script","Cyrillic script","Latin script","Latin script","Latin script","Latin script","Latin script","Latin script","Portuguese alphabet","hiragana","Latin script","Latin script","Latin script"]},{"index":4,"name":"col4","values":["7960000","6700000","5520860","9244250","7000000","5200000","4568480","2430","1640","3000","2400","1700","2000","2025","1023","1800","76795640","17604640","532","1000","24000000","39794740","202225450","130000000","60","100","100"]}]},"context":{"page_title":null,"page_url":null,"page_entity_id":null,"content_hierarchy":[]},"links":[[[{"start":0,"end":10,"url":null,"entity_id":"Q9091","candidates":[]}],[{"start":0,"end":7,"url":null,"entity_id":"Q184","candidates":[]}],[{"start":0,"end":6,"url":null,"entity_id":"Q16","candidates":[]}],[{"start":0,"end":28,"url":null,"entity_id":"Q792216","candidates":[]}],[]],[[{"start":0,"end":8,"url":null,"entity_id":"Q8785","candidates":[]}],[{"start":0,"end":24,"url":null,"entity_id":"Q176081","candidates":[]}],[{"start":0,"end":7,"url":null,"entity_id":"Q822","candidates":[]}],[{"start":0,"end":17,"url":null,"entity_id":"Q11932","candidates":[]}],[]],[[{"start":0,"end":6,"url":null,"entity_id":"Q9035","candidates":[]}],[{"start":0,"end":7,"url":null,"entity_id":"Q35","candidates":[]}],[{"start":0,"end":7,"url":null,"entity_id":"Q183","candidates":[]}],[{"start":0,"end":12,"url":null,"entity_id":"Q8229","candidates":[]}],[]],[[{"start":0,"end":7,"url":null,"entity_id":"Q9027","candidates":[]}],[{"start":0,"end":6,"url":null,"entity_id":"Q34","candidates":[]}],[{"start":0,"end":7,"url":null,"entity_id":"Q33","candidates":[]}],[{"start":0,"end":12,"url":null,"entity_id":"Q8229","candidates":[]}],[]],[[{"start":0,"end":6,"url":null,"entity_id":"Q9058","candidates":[]}],[{"start":0,"end":17,"url":null,"entity_id":"Q183498","candidates":[]}],[{"start":0,"end":7,"url":null,"entity_id":"Q28","candidates":[]}],[{"start":0,"end":12,"url":null,"entity_id":"Q8229","candidates":[]}],[]],[[{"start":0,"end":9,"url":null,"entity_id":"Q9043","candidates":[]}],[{"start":0,"end":10,"url":null,"entity_id":"Q188779","candidates":[]}],[{"start":0,"end":6,"url":null,"entity_id":"Q20","candidates":[]}],[{"start":0,"end":12,"url":null,"entity_id":"Q8229","candidates":[]}],[]],[[{"start":0,"end":6,"url":null,"entity_id":"Q9255","candidates":[]}],[{"start":0,"end":10,"url":null,"entity_id":"Q813","candidates":[]}],[{"start":0,"end":26,"url":null,"entity_id":"Q148","candidates":[]}],[{"start":0,"end":15,"url":null,"entity_id":"Q8196","candidates":[]}],[]],[[{"start":0,"end":9,"url":null,"entity_id":"Q28092","candidates":[]}],[{"start":0,"end":6,"url":null,"entity_id":"Q176","candidates":[]}],[{"start":0,"end":6,"url":null,"entity_id":"Q16","candidates":[]}],[{"start":0,"end":29,"url":null,"entity_id":"Q2479183","candidates":[]}],[]],[[{"start":0,"end":4,"url":null,"entity_id":"Q32747","candidates":[]}],[{"start":0,"end":14,"url":null,"entity_id":"Q2015","candidates":[]}],[{"start":0,"end":6,"url":null,"entity_id":"Q159","candidates":[]}],[{"start":0,"end":12,"url":null,"entity_id":"Q8229","candidates":[]}],[]],[[{"start":0,"end":14,"url":null,"entity_id":"Q33918","candidates":[]}],[{"start":0,"end":7,"url":null,"entity_id":"Q1914","candidates":[]}],[{"start":0,"end":7,"url":null,"entity_id":"Q33","candidates":[]}],[{"start":0,"end":12,"url":null,"entity_id":"Q8229","candidates":[]}],[]],[[{"start":0,"end":8,"url":null,"entity_id":"Q33265","candidates":[]}],[{"start":0,"end":7,"url":null,"entity_id":"Q1212","candidates":[]}],[{"start":0,"end":24,"url":null,"entity_id":"Q30","candidates":[]}],[{"start":0,"end":12,"url":null,"entity_id":"Q8229","candidates":[]}],[]],[[{"start":0,"end":13,"url":null,"entity_id":"Q33947","candidates":[]}],[{"start":0,"end":7,"url":null,"entity_id":"Q5700","candidates":[]}],[{"start":0,"end":6,"url":null,"entity_id":"Q20","candidates":[]}],[{"start":0,"end":12,"url":null,"entity_id":"Q8229","candidates":[]}],[]],[[{"start":0,"end":6,"url":null,"entity_id":"Q33537","candidates":[]}],[{"start":0,"end":12,"url":null,"entity_id":"Q1207","candidates":[]}],[{"start":0,"end":6,"url":null,"entity_id":"Q16","candidates":[]}],[{"start":0,"end":12,"url":null,"entity_id":"Q8229","candidates":[]}],[]],[[{"start":0,"end":6,"url":null,"entity_id":"Q13343","candidates":[]}],[{"start":0,"end":22,"url":null,"entity_id":"Q2246","candidates":[]}],[{"start":0,"end":6,"url":null,"entity_id":"Q159","candidates":[]}],[{"start":0,"end":15,"url":null,"entity_id":"Q8209","candidates":[]}],[]],[[{"start":0,"end":6,"url":null,"entity_id":"Q34008","candidates":[]}],[{"start":0,"end":23,"url":null,"entity_id":"Q2164","candidates":[]}],[{"start":0,"end":6,"url":null,"entity_id":"Q159","candidates":[]}],[{"start":0,"end":15,"url":null,"entity_id":"Q8209","candidates":[]}],[]],[[{"start":0,"end":22,"url":null,"entity_id":"Q27993","candidates":[]}],[{"start":0,"end":6,"url":null,"entity_id":"Q797","candidates":[]}],[{"start":0,"end":24,"url":null,"entity_id":"Q30","candidates":[]}],[{"start":0,"end":15,"url":null,"entity_id":"Q8209","candidates":[]}],[]],[[{"start":0,"end":6,"url":null,"entity_id":"Q150","candidates":[]}],[{"start":0,"end":10,"url":null,"entity_id":"Q32","candidates":[]}],[{"start":0,"end":8,"url":null,"entity_id":"Q977","candidates":[]}],[{"start":0,"end":12,"url":null,"entity_id":"Q8229","candidates":[]}],[]],[[{"start":0,"end":8,"url":null,"entity_id":"Q7930","candidates":[]}],[{"start":0,"end":15,"url":null,"entity_id":"Q310983","candidates":[]}],[{"start":0,"end":10,"url":null,"entity_id":"Q1019","candidates":[]}],[{"start":0,"end":12,"url":null,"entity_id":"Q8229","candidates":[]}],[]],[[{"start":0,"end":7,"url":null,"entity_id":"Q36554","candidates":[]}],[{"start":0,"end":14,"url":null,"entity_id":"Q31057","candidates":[]}],[{"start":0,"end":14,"url":null,"entity_id":"Q31057","candidates":[]}],[{"start":0,"end":12,"url":null,"entity_id":"Q8229","candidates":[]}],[]],[[{"start":0,"end":7,"url":null,"entity_id":"Q13307","candidates":[]}],[{"start":0,"end":5,"url":null,"entity_id":"Q697","candidates":[]}],[{"start":0,"end":5,"url":null,"entity_id":"Q697","candidates":[]}],[{"start":0,"end":12,"url":null,"entity_id":"Q8229","candidates":[]}],[]],[[{"start":0,"end":5,"url":null,"entity_id":"Q7411","candidates":[]}],[{"start":0,"end":11,"url":null,"entity_id":"Q55","candidates":[]}],[{"start":0,"end":11,"url":null,"entity_id":"Q55","candidates":[]}],[{"start":0,"end":12,"url":null,"entity_id":"Q8229","candidates":[]}],[]],[[{"start":0,"end":6,"url":null,"entity_id":"Q809","candidates":[]}],[{"start":0,"end":6,"url":null,"entity_id":"Q36","candidates":[]}],[{"start":0,"end":6,"url":null,"entity_id":"Q36","candidates":[]}],[{"start":0,"end":12,"url":null,"entity_id":"Q8229","candidates":[]}],[]],[[{"start":0,"end":10,"url":null,"entity_id":"Q5146","candidates":[]}],[{"start":0,"end":8,"url":null,"entity_id":"Q45","candidates":[]}],[{"start":0,"end":8,"url":null,"entity_id":"Q45","candidates":[]}],[{"start":0,"end":19,"url":null,"entity_id":"Q540987","candidates":[]}],[]],[[{"start":0,"end":8,"url":null,"entity_id":"Q5287","candidates":[]}],[{"start":0,"end":5,"url":null,"entity_id":"Q17","candidates":[]}],[{"start":0,"end":5,"url":null,"entity_id":"Q17","candidates":[]}],[{"start":0,"end":8,"url":null,"entity_id":"Q48332","candidates":[]}],[]],[[{"start":0,"end":8,"url":null,"entity_id":"Q5619801","candidates":[]}],[{"start":0,"end":18,"url":null,"entity_id":"Q3235","candidates":[]}],[{"start":0,"end":9,"url":null,"entity_id":"Q408","candidates":[]}],[{"start":0,"end":12,"url":null,"entity_id":"Q8229","candidates":[]}],[]],[[{"start":0,"end":18,"url":null,"entity_id":"Q2669219","candidates":[]}],[{"start":0,"end":17,"url":null,"entity_id":"Q3206","candidates":[]}],[{"start":0,"end":9,"url":null,"entity_id":"Q408","candidates":[]}],[{"start":0,"end":12,"url":null,"entity_id":"Q8229","candidates":[]}],[]],[[{"start":0,"end":7,"url":null,"entity_id":"Q1815020","candidates":[]}],[{"start":0,"end":5,"url":null,"entity_id":"Q1439","candidates":[]}],[{"start":0,"end":24,"url":null,"entity_id":"Q30","candidates":[]}],[{"start":0,"end":12,"url":null,"entity_id":"Q8229","candidates":[]}],[]]]}