{"version":"1.2","table":{"version":"2","table_id":"VTOJOZ2O","columns":[{"index":0,"name":"col0","values":["1978 Pan American Badminton Championships","1979 Pan American Badminton Championships","1980 Pan American Badminton Championships","1987 Pan American Badminton Championships","1989 Pan American Badminton Championships","2019 Pan Am Badminton Championships","2018 Pan Am Badminton Championships","2017 Pan American Badminton Championships","2016 Pan American Badminton Championships","2014 Pan American Badminton Championships","2013 Pan American Badminton Championships","2009 Pan American Badminton Championships","2007 Pan American Badminton Championships","2005 Pan American Badminton Championships","2001 Pan American Badminton Championships","1993 Pan American Badminton Championships","1977 Pan American Badminton Championships","2012 Pan American Badminton Championships","2010 Pan American Badminton Championships","1991 Pan American Badminton Championships"]},{"index":1,"name":"col1","values":["badminton","badminton","badminton","badminton","badminton","badminton","badminton","badminton","badminton","badminton","badminton","badminton","badminton","badminton","badminton","badminton","badminton","badminton","badminton","badminton"]},{"index":2,"name":"col2","values":["continental championship","continental championship","continental championship","continental championship","continental championship","continental championship","continental championship","continental championship","continental championship","continental championship","continental championship","continental championship","continental championship","continental championship","continental championship","continental championship","continental championship","continental championship","continental championship","continental championship"]}]},"context":{"page_title":null,"page_url":null,"page_entity_id":null,"content_hierarchy":[]},"links":[[[{"start":0,"end":41,"url":null,"entity_id":"Q64685299","candidates":[]}],[{"start":0,"end":9,"url":null,"entity_id":"Q7291","candidates":[]}],[{"start":0,"end":24,"url":null,"entity_id":"Q63891738","candidates":[]}]],[[{"start":0,"end":41,"url":null,"entity_id":"Q64685298","candidates":[]}],[{"start":0,"end":9,"url":null,"entity_id":"Q7291","candidates":[]}],[{"start":0,"end":24,"url":null,"entity_id":"Q63891738","candidates":[]}]],[[{"start":0,"end":41,"url":null,"entity_id":"Q64685297","candidates":[]}],[{"start":0,"end":9,"url":null,"entity_id":"Q7291","candidates":[]}],[{"start":0,"end":24,"url":null,"entity_id":"Q63891738","candidates":[]}]],[[{"start":0,"end":41,"url":null,"entity_id":"Q64685296","candidates":[]}],[{"start":0,"end":9,"url":null,"entity_id":"Q7291","candidates":[]}],[{"start":0,"end":24,"url":null,"entity_id":"Q63891738","candidates":[]}]],[[{"start":0,"end":35,"url":null,"entity_id":"Q63172181","candidates":[]}],[{"start":0,"end":9,"url":null,"entity_id":"Q7291","candidates":[]}],[{"start":0,"end":24,"url":null,"entity_id":"Q63891738","candidates":[]}]],[[{"start":0,"end":35,"url":null,"entity_id":"Q48098449","candidates":[]}],[{"start":0,"end":9,"url":null,"entity_id":"Q7291","candidates":[]}],[{"start":0,"end":24,"url":null,"entity_id":"Q63891738","candidates":[]}]],[[{"start":0,"end":41,"url":null,"entity_id":"Q29017380","candidates":[]}],[{"start":0,"end":9,"url":null,"entity_id":"Q7291","candidates":[]}],[{"start":0,"end":24,"url":null,"entity_id":"Q63891738","candidates":[]}]],[[{"start":0,"end":41,"url":null,"entity_id":"Q23987459","candidates":[]}],[{"start":0,"end":9,"url":null,"entity_id":"Q7291","candidates":[]}],[{"start":0,"end":24,"url":null,"entity_id":"Q63891738","candidates":[]}]],[[{"start":0,"end":41,"url":null,"entity_id":"Q18325690","candidates":[]}],[{"start":0,"end":9,"url":null,"entity_id":"Q7291","candidates":[]}],[{"start":0,"end":24,"url":null,"entity_id":"Q63891738","candidates":[]}]],[[{"start":0,"end":41,"url":null,"entity_id":"Q15101427","candidates":[]}],[{"start":0,"end":9,"url":null,"entity_id":"Q7291","candidates":[]}],[{"start":0,"end":24,"url":null,"entity_id":"Q63891738","candidates":[]}]],[[{"start":0,"end":41,"url":null,"entity_id":"Q2048953","candidates":[]}],[{"start":0,"end":9,"url":null,"entity_id":"Q7291","candidates":[]}],[{"start":0,"end":24,"url":null,"entity_id":"Q63891738","candidates":[]}]],[[{"start":0,"end":41,"url":null,"entity_id":"Q2048952","candidates":[]}],[{"start":0,"end":9,"url":null,"entity_id":"Q7291","candidates":[]}],[{"start":0,"end":24,"url":null,"entity_id":"Q63891738","candidates":[]}]],[[{"start":0,"end":41,"url":null,"entity_id":"Q2048945","candidates":[]}],[{"start":0,"end":9,"url":null,"entity_id":"Q7291","candidates":[]}],[{"start":0,"end":24,"url":null,"entity_id":"Q63891738","candidates":[]}]],[[{"start":0,"end":41,"url":null,"entity_id":"Q2048942","candidates":[]}],[{"start":0,"end":9,"url":null,"entity_id":"Q7291","candidates":[]}],[{"start":0,"end":24,"url":null,"entity_id":"Q63891738","candidates":[]}]],[[{"start":0,"end":41,"url":null,"entity_id":"Q2048937","candidates":[]}],[{"start":0,"end":9,"url":null,"entity_id":"Q7291","candidates":[]}],[{"start":0,"end":24,"url":null,"entity_id":"Q63891738","candidates":[]}]],[[{"start":0,"end":41,"url":null,"entity_id":"Q1752888","candidates":[]}],[{"start":0,"end":9,"url":null,"entity_id":"Q7291","candidates":[]}],[{"start":0,"end":24,"url":null,"entity_id":"Q63891738","candidates":[]}]],[[{"start":0,"end":41,"url":null,"entity_id":"Q1718042","candidates":[]}],[{"start":0,"end":9,"url":null,"entity_id":"Q7291","candidates":[]}],[{"start":0,"end":24,"url":null,"entity_id":"Q63891738","candidates":[]}]],[[{"start":0,"end":41,"url":null,"entity_id":"Q1538818","candidates":[]}],[{"start":0,"end":9,"url":null,"entity_id":"Q7291","candidates":[]}],[{"start":0,"end":24,"url":null,"entity_id":"Q63891738","candidates":[]}]],[[{"start":0,"end":41,"url":null,"entity_id":"Q1455059","candidates":[]}],[{"start":0,"end":9,"url":null,"entity_id":"Q7291","candidates":[]}],[{"start":0,"end":24,"url":null,"entity_id":"Q63891738","candidates":[]}]],[[{"start":0,"end":41,"url":null,"entity_id":"Q64685300","candidates":[]}],[{"start":0,"end":9,"url":null,"entity_id":"Q7291","candidates":[]}],[{"start":0,"end":24,"url":null,"entity_id":"Q63891738","candidates":[]}]]]}