{"version":"1.2","table":{"version":"2","table_id":"VU4LXZ1K","columns":[{"index":0,"name":"col0","values":["American Samoa Senate","West Virginia Senate","Oklahoma Senate","Montana Senate","Minnesota Senate","Delaware Senate","Arizona Senate","New Mexico Senate","Senate of Puerto Rico","Utah State Senate","Ohio Senate","Vermont Senate","Washington State Senate","Maryland Senate","Hawaii Senate","Connecticut Senate","California State Senate","Wyoming Senate","New Jersey Senate","Indiana Senate"]},{"index":1,"name":"col1","values":["member of the American Samoa Senate","member of the State Senate of West Virginia","member of the State Senate of Oklahoma","member of the State Senate of Montana","member of the State Senate of Minnesota","member of the State Senate of Delaware","member of the State Senate of Arizona","member of the State Senate of New Mexico","member of the State Senate of Puerto Rico","member of the State Senate of Utah","member of the State Senate of Ohio","member of the State Senate of Vermont","member of the State Senate of Washington","member of the State Senate of Maryland","member of the State Senate of Hawaii","member of the State Senate of Connecticut","member of the State Senate of California","member of the State Senate of Wyoming","member of the State Senate of New Jersey","member of the State Senate of Indiana"]},{"index":2,"name":"col2","values":["18","34","48","50","67","21","30","42","27","29","33","30","49","47","25","36","40","30","40","50"]}]},"context":{"page_title":null,"page_url":null,"page_entity_id":null,"content_hierarchy":[]},"links":[[[{"start":0,"end":20,"url":null,"entity_id":"Q2269878","candidates":[]}],[{"start":0,"end":43,"url":null,"entity_id":"Q21368444","candidates":[]}],[]],[[{"start":0,"end":15,"url":null,"entity_id":"Q910898","candidates":[]}],[{"start":0,"end":38,"url":null,"entity_id":"Q21367377","candidates":[]}],[]],[[{"start":0,"end":14,"url":null,"entity_id":"Q1525558","candidates":[]}],[{"start":0,"end":37,"url":null,"entity_id":"Q21365323","candidates":[]}],[]],[[{"start":0,"end":16,"url":null,"entity_id":"Q917311","candidates":[]}],[{"start":0,"end":39,"url":null,"entity_id":"Q21363942","candidates":[]}],[]],[[{"start":0,"end":15,"url":null,"entity_id":"Q909035","candidates":[]}],[{"start":0,"end":38,"url":null,"entity_id":"Q21362489","candidates":[]}],[]],[[{"start":0,"end":14,"url":null,"entity_id":"Q250949","candidates":[]}],[{"start":0,"end":37,"url":null,"entity_id":"Q21360913","candidates":[]}],[]],[[{"start":0,"end":17,"url":null,"entity_id":"Q2269844","candidates":[]}],[{"start":0,"end":40,"url":null,"entity_id":"Q20658713","candidates":[]}],[]],[[{"start":0,"end":21,"url":null,"entity_id":"Q3955193","candidates":[]}],[{"start":0,"end":41,"url":null,"entity_id":"Q20066337","candidates":[]}],[]],[[{"start":0,"end":17,"url":null,"entity_id":"Q598101","candidates":[]}],[{"start":0,"end":34,"url":null,"entity_id":"Q20065565","candidates":[]}],[]],[[{"start":0,"end":11,"url":null,"entity_id":"Q1656259","candidates":[]}],[{"start":0,"end":34,"url":null,"entity_id":"Q20065429","candidates":[]}],[]],[[{"start":0,"end":14,"url":null,"entity_id":"Q1539609","candidates":[]}],[{"start":0,"end":37,"url":null,"entity_id":"Q20065418","candidates":[]}],[]],[[{"start":0,"end":23,"url":null,"entity_id":"Q2269889","candidates":[]}],[{"start":0,"end":40,"url":null,"entity_id":"Q20065405","candidates":[]}],[]],[[{"start":0,"end":15,"url":null,"entity_id":"Q1494656","candidates":[]}],[{"start":0,"end":38,"url":null,"entity_id":"Q20064926","candidates":[]}],[]],[[{"start":0,"end":13,"url":null,"entity_id":"Q1392427","candidates":[]}],[{"start":0,"end":36,"url":null,"entity_id":"Q20058751","candidates":[]}],[]],[[{"start":0,"end":18,"url":null,"entity_id":"Q1494554","candidates":[]}],[{"start":0,"end":41,"url":null,"entity_id":"Q19831739","candidates":[]}],[]],[[{"start":0,"end":23,"url":null,"entity_id":"Q1526814","candidates":[]}],[{"start":0,"end":40,"url":null,"entity_id":"Q19690441","candidates":[]}],[]],[[{"start":0,"end":14,"url":null,"entity_id":"Q909666","candidates":[]}],[{"start":0,"end":37,"url":null,"entity_id":"Q19394559","candidates":[]}],[]],[[{"start":0,"end":17,"url":null,"entity_id":"Q1480298","candidates":[]}],[{"start":0,"end":40,"url":null,"entity_id":"Q19385767","candidates":[]}],[]],[[{"start":0,"end":14,"url":null,"entity_id":"Q1408760","candidates":[]}],[{"start":0,"end":37,"url":null,"entity_id":"Q19362907","candidates":[]}],[]],[[{"start":0,"end":21,"url":null,"entity_id":"Q4744880","candidates":[]}],[{"start":0,"end":35,"url":null,"entity_id":"Q57955474","candidates":[]}],[]]]}