{"version":"1.2","table":{"version":"2","table_id":"VVG4F6IZ","columns":[{"index":0,"name":"col0","values":["Line TV","VH1 HD","Nordic Entertainment Group","DC Universe","Hellenic Radio Television 3","go90","Glitz (TV channel)","BBC Three","Sveriges Utbildningsradio","Sony Entertainment Television","BandSports","Discovery Turbo","UTV","Animax","CBWT-DT","PBS Kids","TV Esporte Interativo","All-Russia State Television and Radio Broadcasting Company","Disney Junior","Rede Super"]},{"index":1,"name":"col1","values":["2015-03-31","2009-01-01","2018-07-01","2018-01-01","1988-01-01","2015-01-01","2011-01-01","2016-01-01","1978-01-01","1995-01-01","2002-01-01","2007-01-01","1959-01-01","2005-01-01","1954-05-31","1999-01-01","2007-01-01","1990-01-01","2008-01-01","2000-07-01"]},{"index":2,"name":"col2","values":["LINE Corporation","ViacomCBS Networks Americas","Investment AB Kinnevik","DC Entertainment","Hellenic Broadcasting Corporation","Verizon","WarnerMedia","British Broadcasting Corporation","Foundation Management for SR, SVT, and UR","Sony Pictures Networks India","Grupo Bandeirantes de Comunicação","Discovery Networks Western Europe","ITV plc","Sony Pictures","Canadian Broadcasting Corporation","PBS","WarnerMedia","organization","The Walt Disney Company","Lagoinha Church"]}]},"context":{"page_title":null,"page_url":null,"page_entity_id":null,"content_hierarchy":[]},"links":[[[{"start":0,"end":7,"url":null,"entity_id":"Q28412981","candidates":[]}],[],[{"start":0,"end":16,"url":null,"entity_id":"Q11229109","candidates":[]}]],[[{"start":0,"end":6,"url":null,"entity_id":"Q20061675","candidates":[]}],[],[{"start":0,"end":27,"url":null,"entity_id":"Q6718768","candidates":[]}]],[[{"start":0,"end":26,"url":null,"entity_id":"Q55391931","candidates":[]}],[],[{"start":0,"end":22,"url":null,"entity_id":"Q4994121","candidates":[]}]],[[{"start":0,"end":11,"url":null,"entity_id":"Q52619587","candidates":[]}],[],[{"start":0,"end":16,"url":null,"entity_id":"Q3011161","candidates":[]}]],[[{"start":0,"end":27,"url":null,"entity_id":"Q20022827","candidates":[]}],[],[{"start":0,"end":33,"url":null,"entity_id":"Q1145059","candidates":[]}]],[[{"start":0,"end":4,"url":null,"entity_id":"Q22908679","candidates":[]}],[],[{"start":0,"end":7,"url":null,"entity_id":"Q467752","candidates":[]}]],[[{"start":0,"end":18,"url":null,"entity_id":"Q20089955","candidates":[]}],[],[{"start":0,"end":11,"url":null,"entity_id":"Q191715","candidates":[]}]],[[{"start":0,"end":9,"url":null,"entity_id":"Q22906668","candidates":[]}],[],[{"start":0,"end":32,"url":null,"entity_id":"Q9531","candidates":[]}]],[[{"start":0,"end":25,"url":null,"entity_id":"Q3182040","candidates":[]}],[],[{"start":0,"end":41,"url":null,"entity_id":"Q10501724","candidates":[]}]],[[{"start":0,"end":29,"url":null,"entity_id":"Q3631750","candidates":[]}],[],[{"start":0,"end":28,"url":null,"entity_id":"Q6934556","candidates":[]}]],[[{"start":0,"end":10,"url":null,"entity_id":"Q4854204","candidates":[]}],[],[{"start":0,"end":33,"url":null,"entity_id":"Q5612191","candidates":[]}]],[[{"start":0,"end":15,"url":null,"entity_id":"Q3241650","candidates":[]}],[],[{"start":0,"end":33,"url":null,"entity_id":"Q5281953","candidates":[]}]],[[{"start":0,"end":3,"url":null,"entity_id":"Q3406307","candidates":[]}],[],[{"start":0,"end":7,"url":null,"entity_id":"Q3140604","candidates":[]}]],[[{"start":0,"end":6,"url":null,"entity_id":"Q4765107","candidates":[]}],[],[{"start":0,"end":13,"url":null,"entity_id":"Q822314","candidates":[]}]],[[{"start":0,"end":7,"url":null,"entity_id":"Q2931061","candidates":[]}],[],[{"start":0,"end":33,"url":null,"entity_id":"Q461761","candidates":[]}]],[[{"start":0,"end":8,"url":null,"entity_id":"Q3245159","candidates":[]}],[],[{"start":0,"end":3,"url":null,"entity_id":"Q215616","candidates":[]}]],[[{"start":0,"end":21,"url":null,"entity_id":"Q3979828","candidates":[]}],[],[{"start":0,"end":11,"url":null,"entity_id":"Q191715","candidates":[]}]],[[{"start":0,"end":58,"url":null,"entity_id":"Q2537294","candidates":[]}],[],[{"start":0,"end":12,"url":null,"entity_id":"Q43229","candidates":[]}]],[[{"start":0,"end":13,"url":null,"entity_id":"Q3299645","candidates":[]}],[],[{"start":0,"end":23,"url":null,"entity_id":"Q7414","candidates":[]}]],[[{"start":0,"end":10,"url":null,"entity_id":"Q10358277","candidates":[]}],[],[{"start":0,"end":15,"url":null,"entity_id":"Q10299937","candidates":[]}]]]}