{"version":"1.2","table":{"version":"2","table_id":"VVK1UBM9","columns":[{"index":0,"name":"col0","values":["Ptghni","Geghasar","Paruyr Sevak","Verin Karmiraghbyur","Yeraskh","Jradzor","Srashen","Berdik","Mrgashen","Bnunis","Balak","Darbnik","Harich","Surenavan","Arevis","Ashotavan","Vorotan, Goris","Tandzaver","Nerqin Khndzoresk","Chapni"]},{"index":1,"name":"col1","values":["6.22","10.04","16.54","18.9","17.65","2.09","8.88","2.41","10.97","17.16","10.68","3.65","1.08","23.3","18.3","17.16","0.31","3.72","6.18","2.69"]},{"index":2,"name":"col2","values":["92","916","577","1837","34","284","79","137","1191","138","68","426","1536","49","19","18","79","55","100","67"]}]},"context":{"page_title":null,"page_url":null,"page_entity_id":null,"content_hierarchy":[]},"links":[[[{"start":0,"end":6,"url":null,"entity_id":"Q1920828","candidates":[]}],[],[]],[[{"start":0,"end":8,"url":null,"entity_id":"Q1920820","candidates":[]}],[],[]],[[{"start":0,"end":12,"url":null,"entity_id":"Q936581","candidates":[]}],[],[]],[[{"start":0,"end":19,"url":null,"entity_id":"Q784550","candidates":[]}],[],[]],[[{"start":0,"end":7,"url":null,"entity_id":"Q773295","candidates":[]}],[],[]],[[{"start":0,"end":7,"url":null,"entity_id":"Q771616","candidates":[]}],[],[]],[[{"start":0,"end":7,"url":null,"entity_id":"Q768260","candidates":[]}],[],[]],[[{"start":0,"end":6,"url":null,"entity_id":"Q768027","candidates":[]}],[],[]],[[{"start":0,"end":8,"url":null,"entity_id":"Q733549","candidates":[]}],[],[]],[[{"start":0,"end":6,"url":null,"entity_id":"Q713160","candidates":[]}],[],[]],[[{"start":0,"end":5,"url":null,"entity_id":"Q712648","candidates":[]}],[],[]],[[{"start":0,"end":7,"url":null,"entity_id":"Q685599","candidates":[]}],[],[]],[[{"start":0,"end":6,"url":null,"entity_id":"Q683124","candidates":[]}],[],[]],[[{"start":0,"end":9,"url":null,"entity_id":"Q645308","candidates":[]}],[],[]],[[{"start":0,"end":6,"url":null,"entity_id":"Q641359","candidates":[]}],[],[]],[[{"start":0,"end":9,"url":null,"entity_id":"Q640510","candidates":[]}],[],[]],[[{"start":0,"end":14,"url":null,"entity_id":"Q635174","candidates":[]}],[],[]],[[{"start":0,"end":9,"url":null,"entity_id":"Q2224053","candidates":[]}],[],[]],[[{"start":0,"end":17,"url":null,"entity_id":"Q2224045","candidates":[]}],[],[]],[[{"start":0,"end":6,"url":null,"entity_id":"Q2224034","candidates":[]}],[],[]]]}