{"version":"1.2","table":{"version":"2","table_id":"VVL1QFKV","columns":[{"index":0,"name":"col0","values":["PRS for Music","Artists' Collecting Society","Design and Artists Copyright Society","Société des Auteurs des art visuels et de l'Image Fixe","Société des auteurs dans les arts graphiques et plastiques","SACD","SACEM","SACM","ARGENTINA","Pictoright","AEPI","SUISA","SIAE","Kuvasto","SABAM","Artists Rights Society","Broadcast Music, Inc.","American Society of Composers, Authors and Publishers","VEGAP","SGAE"]},{"index":1,"name":"col1","values":["1914-01-01","2006-01-01","1984-01-01","1999-01-01","1953-01-01","1777-07-03","1850-01-01","2007-01-01","1929-09-26","2008-01-01","1930-01-01","1923-01-01","1882-01-01","1987-01-01","1968-01-01","1987-01-01","1916-01-01","1914-01-01","t180734586","1889-01-01"]},{"index":2,"name":"col2","values":["Confederation of Societies of Authors and Composers","Confederation of Societies of Authors and Composers","Confederation of Societies of Authors and Composers","Confederation of Societies of Authors and Composers","Confederation of Societies of Authors and Composers","Confederation of Societies of Authors and Composers","BIEM","Confederation of Societies of Authors and Composers","Confederation of Societies of Authors and Composers","Confederation of Societies of Authors and Composers","Confederation of Societies of Authors and Composers","Memoriav","Confederation of Societies of Authors and Composers","Confederation of Societies of Authors and Composers","Confederation of Societies of Authors and Composers","Confederation of Societies of Authors and Composers","Confederation of Societies of Authors and Composers","Confederation of Societies of Authors and Composers","Confederation of Societies of Authors and Composers","Confederation of Societies of Authors and Composers"]},{"index":3,"name":"col3","values":["United Kingdom","United Kingdom","United Kingdom","France","France","France","France","Mexico","Uruguay","Netherlands","Greece","Switzerland","Italy","Finland","Belgium","United States of America","United States of America","United States of America","Spain","Spain"]}]},"context":{"page_title":null,"page_url":null,"page_entity_id":null,"content_hierarchy":[]},"links":[[[{"start":0,"end":13,"url":null,"entity_id":"Q7120528","candidates":[]}],[],[{"start":0,"end":51,"url":null,"entity_id":"Q739586","candidates":[]}],[{"start":0,"end":14,"url":null,"entity_id":"Q145","candidates":[]}]],[[{"start":0,"end":27,"url":null,"entity_id":"Q4801293","candidates":[]}],[],[{"start":0,"end":51,"url":null,"entity_id":"Q739586","candidates":[]}],[{"start":0,"end":14,"url":null,"entity_id":"Q145","candidates":[]}]],[[{"start":0,"end":36,"url":null,"entity_id":"Q3705963","candidates":[]}],[],[{"start":0,"end":51,"url":null,"entity_id":"Q739586","candidates":[]}],[{"start":0,"end":14,"url":null,"entity_id":"Q145","candidates":[]}]],[[{"start":0,"end":54,"url":null,"entity_id":"Q3488110","candidates":[]}],[],[{"start":0,"end":51,"url":null,"entity_id":"Q739586","candidates":[]}],[{"start":0,"end":6,"url":null,"entity_id":"Q142","candidates":[]}]],[[{"start":0,"end":58,"url":null,"entity_id":"Q3488108","candidates":[]}],[],[{"start":0,"end":51,"url":null,"entity_id":"Q739586","candidates":[]}],[{"start":0,"end":6,"url":null,"entity_id":"Q142","candidates":[]}]],[[{"start":0,"end":4,"url":null,"entity_id":"Q1033679","candidates":[]}],[],[{"start":0,"end":51,"url":null,"entity_id":"Q739586","candidates":[]}],[{"start":0,"end":6,"url":null,"entity_id":"Q142","candidates":[]}]],[[{"start":0,"end":5,"url":null,"entity_id":"Q1806936","candidates":[]}],[],[{"start":0,"end":4,"url":null,"entity_id":"Q505281","candidates":[]}],[{"start":0,"end":6,"url":null,"entity_id":"Q142","candidates":[]}]],[[{"start":0,"end":4,"url":null,"entity_id":"Q6130998","candidates":[]}],[],[{"start":0,"end":51,"url":null,"entity_id":"Q739586","candidates":[]}],[{"start":0,"end":6,"url":null,"entity_id":"Q96","candidates":[]}]],[[{"start":0,"end":9,"url":null,"entity_id":"Q5708703","candidates":[]}],[],[{"start":0,"end":51,"url":null,"entity_id":"Q739586","candidates":[]}],[{"start":0,"end":7,"url":null,"entity_id":"Q77","candidates":[]}]],[[{"start":0,"end":10,"url":null,"entity_id":"Q2377084","candidates":[]}],[],[{"start":0,"end":51,"url":null,"entity_id":"Q739586","candidates":[]}],[{"start":0,"end":11,"url":null,"entity_id":"Q55","candidates":[]}]],[[{"start":0,"end":4,"url":null,"entity_id":"Q22812006","candidates":[]}],[],[{"start":0,"end":51,"url":null,"entity_id":"Q739586","candidates":[]}],[{"start":0,"end":6,"url":null,"entity_id":"Q41","candidates":[]}]],[[{"start":0,"end":5,"url":null,"entity_id":"Q684880","candidates":[]}],[],[{"start":0,"end":8,"url":null,"entity_id":"Q1365781","candidates":[]}],[{"start":0,"end":11,"url":null,"entity_id":"Q39","candidates":[]}]],[[{"start":0,"end":4,"url":null,"entity_id":"Q3488440","candidates":[]}],[],[{"start":0,"end":51,"url":null,"entity_id":"Q739586","candidates":[]}],[{"start":0,"end":5,"url":null,"entity_id":"Q38","candidates":[]}]],[[{"start":0,"end":7,"url":null,"entity_id":"Q11873866","candidates":[]}],[],[{"start":0,"end":51,"url":null,"entity_id":"Q739586","candidates":[]}],[{"start":0,"end":7,"url":null,"entity_id":"Q33","candidates":[]}]],[[{"start":0,"end":5,"url":null,"entity_id":"Q1520535","candidates":[]}],[],[{"start":0,"end":51,"url":null,"entity_id":"Q739586","candidates":[]}],[{"start":0,"end":7,"url":null,"entity_id":"Q31","candidates":[]}]],[[{"start":0,"end":22,"url":null,"entity_id":"Q4801318","candidates":[]}],[],[{"start":0,"end":51,"url":null,"entity_id":"Q739586","candidates":[]}],[{"start":0,"end":24,"url":null,"entity_id":"Q30","candidates":[]}]],[[{"start":0,"end":21,"url":null,"entity_id":"Q891885","candidates":[]}],[],[{"start":0,"end":51,"url":null,"entity_id":"Q739586","candidates":[]}],[{"start":0,"end":24,"url":null,"entity_id":"Q30","candidates":[]}]],[[{"start":0,"end":53,"url":null,"entity_id":"Q373087","candidates":[]}],[],[{"start":0,"end":51,"url":null,"entity_id":"Q739586","candidates":[]}],[{"start":0,"end":24,"url":null,"entity_id":"Q30","candidates":[]}]],[[{"start":0,"end":5,"url":null,"entity_id":"Q6164018","candidates":[]}],[],[{"start":0,"end":51,"url":null,"entity_id":"Q739586","candidates":[]}],[{"start":0,"end":5,"url":null,"entity_id":"Q29","candidates":[]}]],[[{"start":0,"end":4,"url":null,"entity_id":"Q2571772","candidates":[]}],[],[{"start":0,"end":51,"url":null,"entity_id":"Q739586","candidates":[]}],[{"start":0,"end":5,"url":null,"entity_id":"Q29","candidates":[]}]]]}