{"version":"1.2","table":{"version":"2","table_id":"VVLFEQM9","columns":[{"index":0,"name":"col0","values":["Bukktinden","Pavlna Peak","Vglika Promina","Bjøuntoppen","Gaskčohkka","Løksetiden","Kråkvindan","Clægja","La Om","Viktjernhøgfa","Eotnkuona","Lurfjelltindeo","Sæteruinden","Puttegg","Surtningsvue","Margherita eak","Hermannsdlstinden","Hartkjølep","Mout Meru","Musalc"]},{"index":1,"name":"col1","values":["11.385","46.46","13.293279999999998","22.5774","31.248","9.5309","12.922","35.0649","21.0728","7.51738","23.950080000000003","14.567699999999999","23.31285","26.867040000000003","12.7872","826.513","86.673","84.0348","70.35","881.0"]},{"index":2,"name":"col2","values":["695.1","2434.0","1143.408","1527.6","1085.3999999999999","1249.416","1051.27","1014.9","2235.762","330.007","1062.12","960.9599999999999","1103.4576","1999.0","2379.8399999999997","5083.455","618.14","1402.5099999999998","4607.7513","2954.654"]}]},"context":{"page_title":null,"page_url":null,"page_entity_id":null,"content_hierarchy":[]},"links":[[[{"start":0,"end":11,"url":null,"entity_id":"Q27108295","candidates":[]}],[],[]],[[{"start":0,"end":14,"url":null,"entity_id":"Q25288703","candidates":[]}],[],[]],[[{"start":0,"end":11,"url":null,"entity_id":"Q20749872","candidates":[]}],[],[]],[[{"start":0,"end":10,"url":null,"entity_id":"Q17775906","candidates":[]}],[],[]],[[{"start":0,"end":10,"url":null,"entity_id":"Q12716656","candidates":[]}],[],[]],[[{"start":0,"end":10,"url":null,"entity_id":"Q12716287","candidates":[]}],[],[]],[[{"start":0,"end":6,"url":null,"entity_id":"Q12713840","candidates":[]}],[],[]],[[{"start":0,"end":5,"url":null,"entity_id":"Q12284548","candidates":[]}],[],[]],[[{"start":0,"end":13,"url":null,"entity_id":"Q11257133","candidates":[]}],[],[]],[[{"start":0,"end":9,"url":null,"entity_id":"Q11250945","candidates":[]}],[],[]],[[{"start":0,"end":14,"url":null,"entity_id":"Q11238026","candidates":[]}],[],[]],[[{"start":0,"end":11,"url":null,"entity_id":"Q11237837","candidates":[]}],[],[]],[[{"start":0,"end":7,"url":null,"entity_id":"Q4590421","candidates":[]}],[],[]],[[{"start":0,"end":12,"url":null,"entity_id":"Q3044947","candidates":[]}],[],[]],[[{"start":0,"end":14,"url":null,"entity_id":"Q1895254","candidates":[]}],[],[]],[[{"start":0,"end":17,"url":null,"entity_id":"Q1779943","candidates":[]}],[],[]],[[{"start":0,"end":10,"url":null,"entity_id":"Q1616061","candidates":[]}],[],[]],[[{"start":0,"end":9,"url":null,"entity_id":"Q309098","candidates":[]}],[],[]],[[{"start":0,"end":6,"url":null,"entity_id":"Q209341","candidates":[]}],[],[]],[[{"start":0,"end":10,"url":null,"entity_id":"Q28746857","candidates":[]}],[],[]]]}