{"version":"1.2","table":{"version":"2","table_id":"VVUA30HA","columns":[{"index":0,"name":"col0","values":["Dioese of Gary","Roman atholic Diocese of Vladivostok","Eparchy of Košlce","Diocese of Oonterey","Roman\"Catholic Archdiocese of Veszprém","Roman Catholic Dioceve of Hildesheim","Greek atholic Diocese of Lxgoj","Apostolic Exarhate of Sofia","Grefk Catholic Diocese of Maramureș","Roman Catholic Diocese of Ndvrongo–Bolgatanga","Bishorric of Reval","Greek Catholic Diocese of Cuj-Gherla","Roman Catholic rchdiocese of Munich and Freising","Diocese of Abesdeen and Orkney","Diocese pf Nord-Hålogaland","Diocese oi Møre","Diocesf of Shirak","Araratian Pontifical Docese","Armenian Diocese of Berea","Dioese of Artsakh"]},{"index":1,"name":"col1","values":["Cathedral of the Holy Angels","Most Holy Mother of God Catholic Church (Vladivostok)","Greek-Catholic Church of Virgin Mary's Birth","Cathedral of San Carlos Borromeo","St. Michael's Cathedral, Veszprém","Hildesheim Cathedral","Cathedral of the Descent of the Holy Spirit, Lugoj","Cathedral of the Dormition, Sofia","Assumption of Mary Cathedral, Baia Mare","Cathedral Basilica of Our Lady of Seven Sorrows","St Mary's Cathedral","Transfiguration Cathedral","Frauenkirche","St Andrew's Cathedral","Tromsø Cathedral","Molde Cathedral","Cathedral of the Holy Mother of God","Saint Sarkis Cathedral","Forty Martyrs Cathedral","Ghazanchetsots Cathedral"]},{"index":2,"name":"col2","values":["Catholic Church","Catholic Church","Catholic Church","Catholic Church","Catholic Church","Catholic Church","Catholicism","Catholicism","Catholicism","Catholicism","Catholicism","Catholicism","Catholicism","Scottish Episcopal Church","Church of Norway","Church of Norway","Armenian Apostolic Church","Armenian Apostolic Church","Armenian Apostolic Church","Armenian Apostolic Church"]}]},"context":{"page_title":null,"page_url":null,"page_entity_id":null,"content_hierarchy":[]},"links":[[[{"start":0,"end":36,"url":null,"entity_id":"Q878086","candidates":[]}],[{"start":0,"end":53,"url":null,"entity_id":"Q4217441","candidates":[]}],[{"start":0,"end":15,"url":null,"entity_id":"Q9592","candidates":[]}]],[[{"start":0,"end":17,"url":null,"entity_id":"Q1076861","candidates":[]}],[{"start":0,"end":44,"url":null,"entity_id":"Q3056548","candidates":[]}],[{"start":0,"end":15,"url":null,"entity_id":"Q9592","candidates":[]}]],[[{"start":0,"end":19,"url":null,"entity_id":"Q872544","candidates":[]}],[{"start":0,"end":32,"url":null,"entity_id":"Q1756005","candidates":[]}],[{"start":0,"end":15,"url":null,"entity_id":"Q9592","candidates":[]}]],[[{"start":0,"end":38,"url":null,"entity_id":"Q659000","candidates":[]}],[{"start":0,"end":33,"url":null,"entity_id":"Q1296604","candidates":[]}],[{"start":0,"end":15,"url":null,"entity_id":"Q9592","candidates":[]}]],[[{"start":0,"end":36,"url":null,"entity_id":"Q671443","candidates":[]}],[{"start":0,"end":20,"url":null,"entity_id":"Q167231","candidates":[]}],[{"start":0,"end":15,"url":null,"entity_id":"Q9592","candidates":[]}]],[[{"start":0,"end":30,"url":null,"entity_id":"Q871487","candidates":[]}],[{"start":0,"end":50,"url":null,"entity_id":"Q19631827","candidates":[]}],[{"start":0,"end":11,"url":null,"entity_id":"Q1841","candidates":[]}]],[[{"start":0,"end":27,"url":null,"entity_id":"Q64935","candidates":[]}],[{"start":0,"end":33,"url":null,"entity_id":"Q16538408","candidates":[]}],[{"start":0,"end":11,"url":null,"entity_id":"Q1841","candidates":[]}]],[[{"start":0,"end":35,"url":null,"entity_id":"Q871986","candidates":[]}],[{"start":0,"end":39,"url":null,"entity_id":"Q12723691","candidates":[]}],[{"start":0,"end":11,"url":null,"entity_id":"Q1841","candidates":[]}]],[[{"start":0,"end":45,"url":null,"entity_id":"Q872934","candidates":[]}],[{"start":0,"end":47,"url":null,"entity_id":"Q4255947","candidates":[]}],[{"start":0,"end":11,"url":null,"entity_id":"Q1841","candidates":[]}]],[[{"start":0,"end":18,"url":null,"entity_id":"Q874960","candidates":[]}],[{"start":0,"end":19,"url":null,"entity_id":"Q937320","candidates":[]}],[{"start":0,"end":11,"url":null,"entity_id":"Q1841","candidates":[]}]],[[{"start":0,"end":36,"url":null,"entity_id":"Q658211","candidates":[]}],[{"start":0,"end":25,"url":null,"entity_id":"Q831528","candidates":[]}],[{"start":0,"end":11,"url":null,"entity_id":"Q1841","candidates":[]}]],[[{"start":0,"end":48,"url":null,"entity_id":"Q219133","candidates":[]}],[{"start":0,"end":12,"url":null,"entity_id":"Q167193","candidates":[]}],[{"start":0,"end":11,"url":null,"entity_id":"Q1841","candidates":[]}]],[[{"start":0,"end":30,"url":null,"entity_id":"Q3028501","candidates":[]}],[{"start":0,"end":21,"url":null,"entity_id":"Q2942298","candidates":[]}],[{"start":0,"end":25,"url":null,"entity_id":"Q1205829","candidates":[]}]],[[{"start":0,"end":26,"url":null,"entity_id":"Q3028611","candidates":[]}],[{"start":0,"end":16,"url":null,"entity_id":"Q2296475","candidates":[]}],[{"start":0,"end":16,"url":null,"entity_id":"Q666860","candidates":[]}]],[[{"start":0,"end":15,"url":null,"entity_id":"Q3028602","candidates":[]}],[{"start":0,"end":15,"url":null,"entity_id":"Q1423470","candidates":[]}],[{"start":0,"end":16,"url":null,"entity_id":"Q666860","candidates":[]}]],[[{"start":0,"end":17,"url":null,"entity_id":"Q16973775","candidates":[]}],[{"start":0,"end":35,"url":null,"entity_id":"Q4505132","candidates":[]}],[{"start":0,"end":25,"url":null,"entity_id":"Q683724","candidates":[]}]],[[{"start":0,"end":27,"url":null,"entity_id":"Q18195651","candidates":[]}],[{"start":0,"end":22,"url":null,"entity_id":"Q3849046","candidates":[]}],[{"start":0,"end":25,"url":null,"entity_id":"Q683724","candidates":[]}]],[[{"start":0,"end":25,"url":null,"entity_id":"Q16148508","candidates":[]}],[{"start":0,"end":23,"url":null,"entity_id":"Q5472979","candidates":[]}],[{"start":0,"end":25,"url":null,"entity_id":"Q683724","candidates":[]}]],[[{"start":0,"end":17,"url":null,"entity_id":"Q12079372","candidates":[]}],[{"start":0,"end":24,"url":null,"entity_id":"Q2001493","candidates":[]}],[{"start":0,"end":25,"url":null,"entity_id":"Q683724","candidates":[]}]],[[{"start":0,"end":14,"url":null,"entity_id":"Q869059","candidates":[]}],[{"start":0,"end":28,"url":null,"entity_id":"Q5052433","candidates":[]}],[{"start":0,"end":15,"url":null,"entity_id":"Q9592","candidates":[]}]]]}