{"version":"1.2","table":{"version":"2","table_id":"VW2EJU0D","columns":[{"index":0,"name":"col0","values":["ClG 1224+20","ClG 1208+39","ClG 1147+11","ClG 1054-03","ClG 1008-12","ClG 0949+44","2E 3424","2E 3105","2E 2975","2E 2583","1AXG J122645-0037","ACO 1419","2XMM J133434.6+375702","[RRB2014] RM J003427.4-431859.6","[RRB2014] RM J003346.4-431731.1","[NGZ2001] J1059+4737","MRC 1138-262","NGC 6264","NGC 6269","Perseus Cluster"]},{"index":1,"name":"col1","values":["19","19.8","19","22","18","19.4","18.5","19.9","16.09","13.93","17.75","11.62","21.2","19.188","17.764","19.04","22","14.7","13.73","13"]},{"index":2,"name":"col2","values":["0.32626","0.33955","0.303","0.823","0.301","0.3789","0.117","0.46","0.083","0.02","0.15844","0.1082","0.2919","0.3951","0.223","0.36338","2.156","0.03384","0.034891","0.016873"]},{"index":3,"name":"col3","values":["186.81208","182.81667","177.48208","164.25083","152.64208","148.24292","230.55583","203.95292","197.314333","181.1125","186.687167","179.083333","203.645833","8.61425","8.443","164.908458","175.20125","254.317125","254.4920792","49.94667"]}]},"context":{"page_title":null,"page_url":null,"page_entity_id":null,"content_hierarchy":[]},"links":[[[{"start":0,"end":11,"url":null,"entity_id":"Q67857209","candidates":[]}],[],[],[]],[[{"start":0,"end":11,"url":null,"entity_id":"Q67857207","candidates":[]}],[],[],[]],[[{"start":0,"end":11,"url":null,"entity_id":"Q67857205","candidates":[]}],[],[],[]],[[{"start":0,"end":11,"url":null,"entity_id":"Q67857201","candidates":[]}],[],[],[]],[[{"start":0,"end":11,"url":null,"entity_id":"Q67857196","candidates":[]}],[],[],[]],[[{"start":0,"end":7,"url":null,"entity_id":"Q67844570","candidates":[]}],[],[],[]],[[{"start":0,"end":7,"url":null,"entity_id":"Q67844564","candidates":[]}],[],[],[]],[[{"start":0,"end":7,"url":null,"entity_id":"Q67844563","candidates":[]}],[],[],[]],[[{"start":0,"end":7,"url":null,"entity_id":"Q67844557","candidates":[]}],[],[],[]],[[{"start":0,"end":17,"url":null,"entity_id":"Q67844296","candidates":[]}],[],[],[]],[[{"start":0,"end":8,"url":null,"entity_id":"Q67847573","candidates":[]}],[],[],[]],[[{"start":0,"end":21,"url":null,"entity_id":"Q67846973","candidates":[]}],[],[],[]],[[{"start":0,"end":31,"url":null,"entity_id":"Q67631633","candidates":[]}],[],[],[]],[[{"start":0,"end":31,"url":null,"entity_id":"Q67631622","candidates":[]}],[],[],[]],[[{"start":0,"end":20,"url":null,"entity_id":"Q67631113","candidates":[]}],[],[],[]],[[{"start":0,"end":12,"url":null,"entity_id":"Q6717446","candidates":[]}],[],[],[]],[[{"start":0,"end":8,"url":null,"entity_id":"Q2085117","candidates":[]}],[],[],[]],[[{"start":0,"end":8,"url":null,"entity_id":"Q2084813","candidates":[]}],[],[],[]],[[{"start":0,"end":15,"url":null,"entity_id":"Q1200684","candidates":[]}],[],[],[]],[[{"start":0,"end":11,"url":null,"entity_id":"Q67857212","candidates":[]}],[],[],[]]]}