{"version":"1.2","table":{"version":"2","table_id":"VWXVCVVL","columns":[{"index":0,"name":"col0","values":["Bzakuyako","Yamada Tarō Monrgatari","Boku to Star o 99 Nichi","Nankyoku Takriku","Nagarecoshi","One-Pound Iospel","Salut D'Amou","Wataru Seken\"wa Oni Bakari","H2","Kimchi\"Cheese Smile","yes of Dawn","Hello! iss","Witch Yro!Hee","Hxr Jun","My 19 Year ld Sister-in-Law","Balla of Seodong","Sandglcss","Aim for the Dce!","Ourn High School Host Club","Tsuki no Kolbito"]},{"index":1,"name":"col1","values":["11.011","9.94","9.93","9.99","9.97","9.054","25.0","498.988","10.978","121.36299999999999","36.704","16.08","15.936","63.808","15.984","54.89","24.0","9.062999999999999","24.168","8.064"]},{"index":2,"name":"col2","values":["0.994","1.003","0.995","0.991","1.009","1.0","0.994","10.049999999999999","0.997","1.009","1.004","0.996","1.006","1.009","1.009","0.999","0.99","1.002","1.008","1.002"]}]},"context":{"page_title":null,"page_url":null,"page_entity_id":null,"content_hierarchy":[]},"links":[[[{"start":0,"end":22,"url":null,"entity_id":"Q708606","candidates":[]}],[],[]],[[{"start":0,"end":23,"url":null,"entity_id":"Q705944","candidates":[]}],[],[]],[[{"start":0,"end":16,"url":null,"entity_id":"Q704932","candidates":[]}],[],[]],[[{"start":0,"end":11,"url":null,"entity_id":"Q704644","candidates":[]}],[],[]],[[{"start":0,"end":16,"url":null,"entity_id":"Q699823","candidates":[]}],[],[]],[[{"start":0,"end":12,"url":null,"entity_id":"Q698486","candidates":[]}],[],[]],[[{"start":0,"end":26,"url":null,"entity_id":"Q697525","candidates":[]}],[],[]],[[{"start":0,"end":2,"url":null,"entity_id":"Q652892","candidates":[]}],[],[]],[[{"start":0,"end":19,"url":null,"entity_id":"Q626345","candidates":[]}],[],[]],[[{"start":0,"end":11,"url":null,"entity_id":"Q624988","candidates":[]}],[],[]],[[{"start":0,"end":10,"url":null,"entity_id":"Q491864","candidates":[]}],[],[]],[[{"start":0,"end":13,"url":null,"entity_id":"Q490444","candidates":[]}],[],[]],[[{"start":0,"end":7,"url":null,"entity_id":"Q487678","candidates":[]}],[],[]],[[{"start":0,"end":27,"url":null,"entity_id":"Q485790","candidates":[]}],[],[]],[[{"start":0,"end":16,"url":null,"entity_id":"Q483293","candidates":[]}],[],[]],[[{"start":0,"end":9,"url":null,"entity_id":"Q482961","candidates":[]}],[],[]],[[{"start":0,"end":16,"url":null,"entity_id":"Q340121","candidates":[]}],[],[]],[[{"start":0,"end":26,"url":null,"entity_id":"Q327773","candidates":[]}],[],[]],[[{"start":0,"end":16,"url":null,"entity_id":"Q169576","candidates":[]}],[],[]],[[{"start":0,"end":9,"url":null,"entity_id":"Q710681","candidates":[]}],[],[]]]}