{"version":"1.2","table":{"version":"2","table_id":"VXDLCJPD","columns":[{"index":0,"name":"col0","values":["[TSK2008] 2081","[TSK2008] 2083","[TSK2008] 550","[TSK2008] 743","[TSK2008] 106","[TSK2008] 756","[TSK2008] 2111","[TSK2008] 1231","[TSK2008] 1234","[TSK2008] 1230","[TSK2008] 2619","[TSK2008] 2613","[TSK2008] 2614","[TSK2008] 2616","[TSK2008] 2618","[TSK2008] 2617","[TSK2008] 2615","[TSK2008] 1050","[TSK2008] 1225","NOGG P2 1093"]},{"index":1,"name":"col1","values":["78.34","173.78","16.75","35.97","22.8","20.7","101.39","30.2","28.18","34.51","177.83","141.25","155.6","145.21","67.92","147.91","160.69","46","21.48","69.67"]},{"index":2,"name":"col2","values":["Andromeda","Andromeda","Puppis","Ursa Major","Ursa Major","Ursa Major","Fornax","Serpens","Serpens","Serpens","Serpens","Serpens","Serpens","Serpens","Serpens","Serpens","Serpens","Sagittarius","Sagittarius","Pegasus"]}]},"context":{"page_title":null,"page_url":null,"page_entity_id":null,"content_hierarchy":[]},"links":[[[{"start":0,"end":14,"url":null,"entity_id":"Q76964995","candidates":[]}],[],[{"start":0,"end":9,"url":null,"entity_id":"Q9256","candidates":[]}]],[[{"start":0,"end":14,"url":null,"entity_id":"Q76962923","candidates":[]}],[],[{"start":0,"end":9,"url":null,"entity_id":"Q9256","candidates":[]}]],[[{"start":0,"end":13,"url":null,"entity_id":"Q77624872","candidates":[]}],[],[{"start":0,"end":6,"url":null,"entity_id":"Q9251","candidates":[]}]],[[{"start":0,"end":13,"url":null,"entity_id":"Q77626868","candidates":[]}],[],[{"start":0,"end":10,"url":null,"entity_id":"Q8918","candidates":[]}]],[[{"start":0,"end":13,"url":null,"entity_id":"Q77624762","candidates":[]}],[],[{"start":0,"end":10,"url":null,"entity_id":"Q8918","candidates":[]}]],[[{"start":0,"end":13,"url":null,"entity_id":"Q76967941","candidates":[]}],[],[{"start":0,"end":10,"url":null,"entity_id":"Q8918","candidates":[]}]],[[{"start":0,"end":14,"url":null,"entity_id":"Q76960611","candidates":[]}],[],[{"start":0,"end":6,"url":null,"entity_id":"Q8913","candidates":[]}]],[[{"start":0,"end":14,"url":null,"entity_id":"Q77626632","candidates":[]}],[],[{"start":0,"end":7,"url":null,"entity_id":"Q8910","candidates":[]}]],[[{"start":0,"end":14,"url":null,"entity_id":"Q77626309","candidates":[]}],[],[{"start":0,"end":7,"url":null,"entity_id":"Q8910","candidates":[]}]],[[{"start":0,"end":14,"url":null,"entity_id":"Q77623723","candidates":[]}],[],[{"start":0,"end":7,"url":null,"entity_id":"Q8910","candidates":[]}]],[[{"start":0,"end":14,"url":null,"entity_id":"Q76972249","candidates":[]}],[],[{"start":0,"end":7,"url":null,"entity_id":"Q8910","candidates":[]}]],[[{"start":0,"end":14,"url":null,"entity_id":"Q76969581","candidates":[]}],[],[{"start":0,"end":7,"url":null,"entity_id":"Q8910","candidates":[]}]],[[{"start":0,"end":14,"url":null,"entity_id":"Q76967956","candidates":[]}],[],[{"start":0,"end":7,"url":null,"entity_id":"Q8910","candidates":[]}]],[[{"start":0,"end":14,"url":null,"entity_id":"Q76967057","candidates":[]}],[],[{"start":0,"end":7,"url":null,"entity_id":"Q8910","candidates":[]}]],[[{"start":0,"end":14,"url":null,"entity_id":"Q76965090","candidates":[]}],[],[{"start":0,"end":7,"url":null,"entity_id":"Q8910","candidates":[]}]],[[{"start":0,"end":14,"url":null,"entity_id":"Q76964886","candidates":[]}],[],[{"start":0,"end":7,"url":null,"entity_id":"Q8910","candidates":[]}]],[[{"start":0,"end":14,"url":null,"entity_id":"Q76962101","candidates":[]}],[],[{"start":0,"end":7,"url":null,"entity_id":"Q8910","candidates":[]}]],[[{"start":0,"end":14,"url":null,"entity_id":"Q77627422","candidates":[]}],[],[{"start":0,"end":11,"url":null,"entity_id":"Q8866","candidates":[]}]],[[{"start":0,"end":14,"url":null,"entity_id":"Q77627260","candidates":[]}],[],[{"start":0,"end":11,"url":null,"entity_id":"Q8866","candidates":[]}]],[[{"start":0,"end":12,"url":null,"entity_id":"Q77045916","candidates":[]}],[],[{"start":0,"end":7,"url":null,"entity_id":"Q8864","candidates":[]}]]]}