{"version":"1.2","table":{"version":"2","table_id":"VY8TXMDY","columns":[{"index":0,"name":"col0","values":["APL Temauek","ML Quintet","Hobby unter","Sa Amerigo","Msc Barelona","Satie","ma Cgm Nevada","MSC Tene","OSC Vidhi","MSC Rocelle","Cma Cgm!Margrit","PSC Rebecca","MUC Brunella","OSC Giselle","SC Sofia eleste","MSC Shubb B","MSC\"Sasha","MOL Guardlan","Talass","Mallec"]},{"index":1,"name":"col1","values":["Singapore","Singapore","Liberia","Liberia","Liberia","Malta","Malta","Hong Kong","Liberia","Liberia","Liberia","Panama","Panama","Panama","Panama","Portugal","Portugal","Liberia","Portugal","Portugal"]},{"index":2,"name":"col2","values":["CMA CGM","CMA CGM","CPO Containerschiffreederei","CPO Containerschiffreederei","CPO Containerschiffreederei","CPO Containerschiffreederei","CPO Containerschiffreederei","MSC Shipmanagement","MSC Shipmanagement","MSC Shipmanagement","MSC Shipmanagement","MSC Shipmanagement","MSC Shipmanagement","MSC Shipmanagement","MSC Shipmanagement","MSC Shipmanagement","MSC Shipmanagement","Peter Döhle Schiffahrts-KG","Peter Döhle Schiffahrts-KG","Peter Döhle Schiffahrts-KG"]}]},"context":{"page_title":null,"page_url":null,"page_entity_id":null,"content_hierarchy":[]},"links":[[[{"start":0,"end":11,"url":null,"entity_id":"Q83493216","candidates":[]}],[{"start":0,"end":9,"url":null,"entity_id":"Q334","candidates":[]}],[{"start":0,"end":7,"url":null,"entity_id":"Q1023867","candidates":[]}]],[[{"start":0,"end":10,"url":null,"entity_id":"Q83490519","candidates":[]}],[{"start":0,"end":9,"url":null,"entity_id":"Q334","candidates":[]}],[{"start":0,"end":7,"url":null,"entity_id":"Q1023867","candidates":[]}]],[[{"start":0,"end":11,"url":null,"entity_id":"Q83648154","candidates":[]}],[{"start":0,"end":7,"url":null,"entity_id":"Q1014","candidates":[]}],[{"start":0,"end":27,"url":null,"entity_id":"Q57315799","candidates":[]}]],[[{"start":0,"end":10,"url":null,"entity_id":"Q83641559","candidates":[]}],[{"start":0,"end":7,"url":null,"entity_id":"Q1014","candidates":[]}],[{"start":0,"end":27,"url":null,"entity_id":"Q57315799","candidates":[]}]],[[{"start":0,"end":12,"url":null,"entity_id":"Q52379633","candidates":[]}],[{"start":0,"end":7,"url":null,"entity_id":"Q1014","candidates":[]}],[{"start":0,"end":27,"url":null,"entity_id":"Q57315799","candidates":[]}]],[[{"start":0,"end":5,"url":null,"entity_id":"Q83632209","candidates":[]}],[{"start":0,"end":5,"url":null,"entity_id":"Q233","candidates":[]}],[{"start":0,"end":27,"url":null,"entity_id":"Q57315799","candidates":[]}]],[[{"start":0,"end":13,"url":null,"entity_id":"Q52379498","candidates":[]}],[{"start":0,"end":5,"url":null,"entity_id":"Q233","candidates":[]}],[{"start":0,"end":27,"url":null,"entity_id":"Q57315799","candidates":[]}]],[[{"start":0,"end":8,"url":null,"entity_id":"Q83641551","candidates":[]}],[{"start":0,"end":9,"url":null,"entity_id":"Q8646","candidates":[]}],[{"start":0,"end":18,"url":null,"entity_id":"Q57315556","candidates":[]}]],[[{"start":0,"end":9,"url":null,"entity_id":"Q83638158","candidates":[]}],[{"start":0,"end":7,"url":null,"entity_id":"Q1014","candidates":[]}],[{"start":0,"end":18,"url":null,"entity_id":"Q57315556","candidates":[]}]],[[{"start":0,"end":11,"url":null,"entity_id":"Q83637555","candidates":[]}],[{"start":0,"end":7,"url":null,"entity_id":"Q1014","candidates":[]}],[{"start":0,"end":18,"url":null,"entity_id":"Q57315556","candidates":[]}]],[[{"start":0,"end":15,"url":null,"entity_id":"Q52379409","candidates":[]}],[{"start":0,"end":7,"url":null,"entity_id":"Q1014","candidates":[]}],[{"start":0,"end":18,"url":null,"entity_id":"Q57315556","candidates":[]}]],[[{"start":0,"end":11,"url":null,"entity_id":"Q83646039","candidates":[]}],[{"start":0,"end":6,"url":null,"entity_id":"Q804","candidates":[]}],[{"start":0,"end":18,"url":null,"entity_id":"Q57315556","candidates":[]}]],[[{"start":0,"end":12,"url":null,"entity_id":"Q83641775","candidates":[]}],[{"start":0,"end":6,"url":null,"entity_id":"Q804","candidates":[]}],[{"start":0,"end":18,"url":null,"entity_id":"Q57315556","candidates":[]}]],[[{"start":0,"end":11,"url":null,"entity_id":"Q83641674","candidates":[]}],[{"start":0,"end":6,"url":null,"entity_id":"Q804","candidates":[]}],[{"start":0,"end":18,"url":null,"entity_id":"Q57315556","candidates":[]}]],[[{"start":0,"end":15,"url":null,"entity_id":"Q83641553","candidates":[]}],[{"start":0,"end":6,"url":null,"entity_id":"Q804","candidates":[]}],[{"start":0,"end":18,"url":null,"entity_id":"Q57315556","candidates":[]}]],[[{"start":0,"end":11,"url":null,"entity_id":"Q83645698","candidates":[]}],[{"start":0,"end":8,"url":null,"entity_id":"Q45","candidates":[]}],[{"start":0,"end":18,"url":null,"entity_id":"Q57315556","candidates":[]}]],[[{"start":0,"end":9,"url":null,"entity_id":"Q83638468","candidates":[]}],[{"start":0,"end":8,"url":null,"entity_id":"Q45","candidates":[]}],[{"start":0,"end":18,"url":null,"entity_id":"Q57315556","candidates":[]}]],[[{"start":0,"end":12,"url":null,"entity_id":"Q52380060","candidates":[]}],[{"start":0,"end":7,"url":null,"entity_id":"Q1014","candidates":[]}],[{"start":0,"end":26,"url":null,"entity_id":"Q2074607","candidates":[]}]],[[{"start":0,"end":6,"url":null,"entity_id":"Q83639878","candidates":[]}],[{"start":0,"end":8,"url":null,"entity_id":"Q45","candidates":[]}],[{"start":0,"end":26,"url":null,"entity_id":"Q2074607","candidates":[]}]],[[{"start":0,"end":6,"url":null,"entity_id":"Q83638687","candidates":[]}],[{"start":0,"end":8,"url":null,"entity_id":"Q45","candidates":[]}],[{"start":0,"end":26,"url":null,"entity_id":"Q2074607","candidates":[]}]]]}