{"version":"1.2","table":{"version":"2","table_id":"YOTZA0OV","columns":[{"index":0,"name":"col0","values":["Understen old lighthouse","Nidingen twin lighthouses","Örskär lighthouse","Rödkallen old lighthouse","Korsö tower","Gull Island Lighthouse","Green Point Lighthouse","Twr Bach Llanddwyn Island Lighthouse","Round Island Lighthouse","Point Prim Light Station","Rona Lighthouse","Cap Blanc lighthouse","Harwich Low Lighthouse","Start Point Lighthouse","Green Island Lighthouse","Vischpoort","Harwich High Lighthouse","Isokari lighthouse","Storjungfrun lighthouse","Östergarn old lighthouse"]},{"index":1,"name":"col1","values":["Understen","Nidingen","Örskär","Rödkallen","Korsö","Gull Island Light","Green Point Lighthouse","Twr Mawr Llanddwyn Lighthouse","Round Island Light","Point Prim Lighthouse","North Rona Lighthouse","phare du cap Bénat","Harwich High Lighthouse","Start Point Lighthouse","Green Island Lighthouse","Vischpoort","Harwich Low Lighthouse","Enskär","Storjungfrun","Östergarnsholm"]},{"index":2,"name":"col2","values":["governmental listed building complex","governmental listed building complex","governmental listed building complex","governmental listed building complex","governmental listed building complex","recognized federal heritage building of Canada","recognized federal heritage building of Canada","Grade II listed building","Grade II listed building","classified federal heritage building of Canada","category B listed building","monument historique classé","scheduled monument","category B listed building","declared monument","Rijksmonument","scheduled monument","Cultural Heritage Site of National Significance","governmental listed building complex","governmental listed building complex"]}]},"context":{"page_title":null,"page_url":null,"page_entity_id":null,"content_hierarchy":[]},"links":[[[{"start":0,"end":25,"url":null,"entity_id":"Q37800916","candidates":[]}],[{"start":0,"end":8,"url":null,"entity_id":"Q10600571","candidates":[]}],[{"start":0,"end":36,"url":null,"entity_id":"Q24284071","candidates":[]}]],[[{"start":0,"end":17,"url":null,"entity_id":"Q38124814","candidates":[]}],[{"start":0,"end":6,"url":null,"entity_id":"Q8079027","candidates":[]}],[{"start":0,"end":36,"url":null,"entity_id":"Q24284071","candidates":[]}]],[[{"start":0,"end":24,"url":null,"entity_id":"Q37880773","candidates":[]}],[{"start":0,"end":9,"url":null,"entity_id":"Q2230756","candidates":[]}],[{"start":0,"end":36,"url":null,"entity_id":"Q24284071","candidates":[]}]],[[{"start":0,"end":11,"url":null,"entity_id":"Q43315561","candidates":[]}],[{"start":0,"end":5,"url":null,"entity_id":"Q10548242","candidates":[]}],[{"start":0,"end":36,"url":null,"entity_id":"Q24284071","candidates":[]}]],[[{"start":0,"end":22,"url":null,"entity_id":"Q47377933","candidates":[]}],[{"start":0,"end":17,"url":null,"entity_id":"Q5617718","candidates":[]}],[{"start":0,"end":46,"url":null,"entity_id":"Q14451490","candidates":[]}]],[[{"start":0,"end":22,"url":null,"entity_id":"Q46146075","candidates":[]}],[{"start":0,"end":22,"url":null,"entity_id":"Q3642248","candidates":[]}],[{"start":0,"end":46,"url":null,"entity_id":"Q14451490","candidates":[]}]],[[{"start":0,"end":36,"url":null,"entity_id":"Q15242551","candidates":[]}],[{"start":0,"end":29,"url":null,"entity_id":"Q28831538","candidates":[]}],[{"start":0,"end":24,"url":null,"entity_id":"Q15700834","candidates":[]}]],[[{"start":0,"end":23,"url":null,"entity_id":"Q26513741","candidates":[]}],[{"start":0,"end":18,"url":null,"entity_id":"Q3378362","candidates":[]}],[{"start":0,"end":24,"url":null,"entity_id":"Q15700834","candidates":[]}]],[[{"start":0,"end":24,"url":null,"entity_id":"Q18167815","candidates":[]}],[{"start":0,"end":21,"url":null,"entity_id":"Q7208142","candidates":[]}],[{"start":0,"end":46,"url":null,"entity_id":"Q14480054","candidates":[]}]],[[{"start":0,"end":15,"url":null,"entity_id":"Q17829062","candidates":[]}],[{"start":0,"end":21,"url":null,"entity_id":"Q28831543","candidates":[]}],[{"start":0,"end":26,"url":null,"entity_id":"Q10729125","candidates":[]}]],[[{"start":0,"end":20,"url":null,"entity_id":"Q22980947","candidates":[]}],[{"start":0,"end":18,"url":null,"entity_id":"Q3378553","candidates":[]}],[{"start":0,"end":26,"url":null,"entity_id":"Q10387684","candidates":[]}]],[[{"start":0,"end":22,"url":null,"entity_id":"Q17674295","candidates":[]}],[{"start":0,"end":23,"url":null,"entity_id":"Q17663783","candidates":[]}],[{"start":0,"end":18,"url":null,"entity_id":"Q219538","candidates":[]}]],[[{"start":0,"end":22,"url":null,"entity_id":"Q17827973","candidates":[]}],[{"start":0,"end":22,"url":null,"entity_id":"Q2752623","candidates":[]}],[{"start":0,"end":26,"url":null,"entity_id":"Q10729125","candidates":[]}]],[[{"start":0,"end":23,"url":null,"entity_id":"Q15920165","candidates":[]}],[{"start":0,"end":23,"url":null,"entity_id":"Q29644690","candidates":[]}],[{"start":0,"end":17,"url":null,"entity_id":"Q1939635","candidates":[]}]],[[{"start":0,"end":10,"url":null,"entity_id":"Q15697454","candidates":[]}],[{"start":0,"end":10,"url":null,"entity_id":"Q2797912","candidates":[]}],[{"start":0,"end":13,"url":null,"entity_id":"Q916333","candidates":[]}]],[[{"start":0,"end":23,"url":null,"entity_id":"Q17663783","candidates":[]}],[{"start":0,"end":22,"url":null,"entity_id":"Q17674295","candidates":[]}],[{"start":0,"end":18,"url":null,"entity_id":"Q219538","candidates":[]}]],[[{"start":0,"end":18,"url":null,"entity_id":"Q31825396","candidates":[]}],[{"start":0,"end":6,"url":null,"entity_id":"Q32233915","candidates":[]}],[{"start":0,"end":47,"url":null,"entity_id":"Q29966257","candidates":[]}]],[[{"start":0,"end":23,"url":null,"entity_id":"Q30313106","candidates":[]}],[{"start":0,"end":12,"url":null,"entity_id":"Q10681290","candidates":[]}],[{"start":0,"end":36,"url":null,"entity_id":"Q24284071","candidates":[]}]],[[{"start":0,"end":24,"url":null,"entity_id":"Q28376242","candidates":[]}],[{"start":0,"end":14,"url":null,"entity_id":"Q298377","candidates":[]}],[{"start":0,"end":36,"url":null,"entity_id":"Q24284071","candidates":[]}]],[[{"start":0,"end":24,"url":null,"entity_id":"Q33110051","candidates":[]}],[{"start":0,"end":9,"url":null,"entity_id":"Q10709422","candidates":[]}],[{"start":0,"end":36,"url":null,"entity_id":"Q24284071","candidates":[]}]]]}