{"version":"1.2","table":{"version":"2","table_id":"YQGCN9GT","columns":[{"index":0,"name":"col0","values":["Nothing Here Is Perfect","The Burden of Proof","Family Holidays","Chill","Painting Doors: The Art of Lucid Dreaming","56","Unexpected Journey","Dissolution","Roca Bon: Searching the Sublime","My Best Friend's Birthday","Turn Over the Stones","Family Man","We Can Do It: Stories of Rosie the Riveter","Nimbi","Challenger: Voices from the Street","Reality of Dreams: The Marshall Titus Story","Rebels with a Cause: The Kremlin's Wolves in Ukraine","Go Lucy Go","Bunkers","Silent Laughs"]},{"index":1,"name":"col1","values":["24","33","25","20","15","28","34","30","30","36","30","14","36","15","28","40","13","12","14","10"]},{"index":2,"name":"col2","values":["5000","5000","5000","5500","5000","5000","5000","5000","5500","5000","8000","7000","10000","8000","10000","10000","9000","10000","10000","8000"]}]},"context":{"page_title":null,"page_url":null,"page_entity_id":null,"content_hierarchy":[]},"links":[[[{"start":0,"end":19,"url":null,"entity_id":"Q27042709","candidates":[]}],[],[]],[[{"start":0,"end":15,"url":null,"entity_id":"Q27042586","candidates":[]}],[],[]],[[{"start":0,"end":5,"url":null,"entity_id":"Q26917442","candidates":[]}],[],[]],[[{"start":0,"end":41,"url":null,"entity_id":"Q24761955","candidates":[]}],[],[]],[[{"start":0,"end":2,"url":null,"entity_id":"Q24745538","candidates":[]}],[],[]],[[{"start":0,"end":18,"url":null,"entity_id":"Q24745405","candidates":[]}],[],[]],[[{"start":0,"end":11,"url":null,"entity_id":"Q24708086","candidates":[]}],[],[]],[[{"start":0,"end":31,"url":null,"entity_id":"Q6110217","candidates":[]}],[],[]],[[{"start":0,"end":25,"url":null,"entity_id":"Q1480733","candidates":[]}],[],[]],[[{"start":0,"end":20,"url":null,"entity_id":"Q27056003","candidates":[]}],[],[]],[[{"start":0,"end":10,"url":null,"entity_id":"Q27052021","candidates":[]}],[],[]],[[{"start":0,"end":42,"url":null,"entity_id":"Q27051158","candidates":[]}],[],[]],[[{"start":0,"end":5,"url":null,"entity_id":"Q27043747","candidates":[]}],[],[]],[[{"start":0,"end":34,"url":null,"entity_id":"Q27043670","candidates":[]}],[],[]],[[{"start":0,"end":43,"url":null,"entity_id":"Q27043666","candidates":[]}],[],[]],[[{"start":0,"end":52,"url":null,"entity_id":"Q27043598","candidates":[]}],[],[]],[[{"start":0,"end":10,"url":null,"entity_id":"Q27043032","candidates":[]}],[],[]],[[{"start":0,"end":7,"url":null,"entity_id":"Q27042996","candidates":[]}],[],[]],[[{"start":0,"end":13,"url":null,"entity_id":"Q27042964","candidates":[]}],[],[]],[[{"start":0,"end":23,"url":null,"entity_id":"Q27042910","candidates":[]}],[],[]]]}