{"version":"1.2","table":{"version":"2","table_id":"YRY3WFJ7","columns":[{"index":0,"name":"col0","values":["carinlogz","etomology","systems bology","pharmacoloy","acaromog{","chiropterooqgy","primbtology","coleopteroloy","myrmecqlogy","endocrinolqgy","rotozoology","nemctology","cnidariolpgy","ifhthyology","orqihology","cell iology","developmental#biology","ecoogy","imounology","enetics"]},{"index":1,"name":"col1","values":["Crustacea","insect","biological system","drug","mite","bat","Primates","Coleoptera","Formicidae","hormone","Protozoa","Nematoda","Cnidaria","fish","bird","cell","embryogenesis","ecosystem","immune system","genome"]},{"index":2,"name":"col2","values":["carcinologist","entomologist","systems biologist","pharmacologist","acarologist","chiropterologist","primatologist","coleopterist","myrmecologist","endocrinologist","protozoologist","nematologist","cnidariologist","ichthyologist","ornithologist","cell biologist","developmental biologist","ecologist","immunologist","geneticist"]},{"index":3,"name":"col3","values":["arthropodology","arthropodology","life sciences","health science","arachnology","mammalogy","mammalogy","entomology","entomology","internal medicine","zoology","zoology","zoology","zoology","zoology","biology","biology","biology","biology","biology"]}]},"context":{"page_title":null,"page_url":null,"page_entity_id":null,"content_hierarchy":[]},"links":[[[{"start":0,"end":9,"url":null,"entity_id":"Q39286","candidates":[]}],[{"start":0,"end":6,"url":null,"entity_id":"Q1390","candidates":[]}],[{"start":0,"end":12,"url":null,"entity_id":"Q3055126","candidates":[]}],[{"start":0,"end":14,"url":null,"entity_id":"Q3520855","candidates":[]}]],[[{"start":0,"end":14,"url":null,"entity_id":"Q815297","candidates":[]}],[{"start":0,"end":17,"url":null,"entity_id":"Q30336093","candidates":[]}],[{"start":0,"end":17,"url":null,"entity_id":"Q84506397","candidates":[]}],[{"start":0,"end":13,"url":null,"entity_id":"Q864928","candidates":[]}]],[[{"start":0,"end":11,"url":null,"entity_id":"Q128406","candidates":[]}],[{"start":0,"end":4,"url":null,"entity_id":"Q8386","candidates":[]}],[{"start":0,"end":14,"url":null,"entity_id":"Q2114605","candidates":[]}],[{"start":0,"end":14,"url":null,"entity_id":"Q843601","candidates":[]}]],[[{"start":0,"end":9,"url":null,"entity_id":"Q2669293","candidates":[]}],[{"start":0,"end":4,"url":null,"entity_id":"Q2441993","candidates":[]}],[{"start":0,"end":11,"url":null,"entity_id":"Q19798999","candidates":[]}],[{"start":0,"end":11,"url":null,"entity_id":"Q190979","candidates":[]}]],[[{"start":0,"end":14,"url":null,"entity_id":"Q2043240","candidates":[]}],[{"start":0,"end":3,"url":null,"entity_id":"Q28425","candidates":[]}],[{"start":0,"end":16,"url":null,"entity_id":"Q27830713","candidates":[]}],[{"start":0,"end":9,"url":null,"entity_id":"Q183904","candidates":[]}]],[[{"start":0,"end":11,"url":null,"entity_id":"Q219488","candidates":[]}],[{"start":0,"end":8,"url":null,"entity_id":"Q7380","candidates":[]}],[{"start":0,"end":13,"url":null,"entity_id":"Q16825962","candidates":[]}],[{"start":0,"end":9,"url":null,"entity_id":"Q183904","candidates":[]}]],[[{"start":0,"end":13,"url":null,"entity_id":"Q1779152","candidates":[]}],[{"start":0,"end":10,"url":null,"entity_id":"Q22671","candidates":[]}],[{"start":0,"end":12,"url":null,"entity_id":"Q28815523","candidates":[]}],[{"start":0,"end":10,"url":null,"entity_id":"Q39286","candidates":[]}]],[[{"start":0,"end":11,"url":null,"entity_id":"Q499578","candidates":[]}],[{"start":0,"end":10,"url":null,"entity_id":"Q7386","candidates":[]}],[{"start":0,"end":13,"url":null,"entity_id":"Q20650437","candidates":[]}],[{"start":0,"end":10,"url":null,"entity_id":"Q39286","candidates":[]}]],[[{"start":0,"end":13,"url":null,"entity_id":"Q162606","candidates":[]}],[{"start":0,"end":7,"url":null,"entity_id":"Q11364","candidates":[]}],[{"start":0,"end":15,"url":null,"entity_id":"Q4531850","candidates":[]}],[{"start":0,"end":17,"url":null,"entity_id":"Q11180","candidates":[]}]],[[{"start":0,"end":11,"url":null,"entity_id":"Q1980387","candidates":[]}],[{"start":0,"end":8,"url":null,"entity_id":"Q101274","candidates":[]}],[{"start":0,"end":14,"url":null,"entity_id":"Q38691646","candidates":[]}],[{"start":0,"end":7,"url":null,"entity_id":"Q431","candidates":[]}]],[[{"start":0,"end":10,"url":null,"entity_id":"Q2355208","candidates":[]}],[{"start":0,"end":8,"url":null,"entity_id":"Q5185","candidates":[]}],[{"start":0,"end":12,"url":null,"entity_id":"Q21491495","candidates":[]}],[{"start":0,"end":7,"url":null,"entity_id":"Q431","candidates":[]}]],[[{"start":0,"end":12,"url":null,"entity_id":"Q18387578","candidates":[]}],[{"start":0,"end":8,"url":null,"entity_id":"Q25441","candidates":[]}],[{"start":0,"end":14,"url":null,"entity_id":"Q5137366","candidates":[]}],[{"start":0,"end":7,"url":null,"entity_id":"Q431","candidates":[]}]],[[{"start":0,"end":11,"url":null,"entity_id":"Q60242","candidates":[]}],[{"start":0,"end":4,"url":null,"entity_id":"Q152","candidates":[]}],[{"start":0,"end":13,"url":null,"entity_id":"Q4205432","candidates":[]}],[{"start":0,"end":7,"url":null,"entity_id":"Q431","candidates":[]}]],[[{"start":0,"end":10,"url":null,"entity_id":"Q44703","candidates":[]}],[{"start":0,"end":4,"url":null,"entity_id":"Q5113","candidates":[]}],[{"start":0,"end":13,"url":null,"entity_id":"Q1225716","candidates":[]}],[{"start":0,"end":7,"url":null,"entity_id":"Q431","candidates":[]}]],[[{"start":0,"end":11,"url":null,"entity_id":"Q7141","candidates":[]}],[{"start":0,"end":4,"url":null,"entity_id":"Q7868","candidates":[]}],[{"start":0,"end":14,"url":null,"entity_id":"Q15839136","candidates":[]}],[{"start":0,"end":7,"url":null,"entity_id":"Q420","candidates":[]}]],[[{"start":0,"end":21,"url":null,"entity_id":"Q213713","candidates":[]}],[{"start":0,"end":13,"url":null,"entity_id":"Q28962","candidates":[]}],[{"start":0,"end":23,"url":null,"entity_id":"Q15839135","candidates":[]}],[{"start":0,"end":7,"url":null,"entity_id":"Q420","candidates":[]}]],[[{"start":0,"end":6,"url":null,"entity_id":"Q7150","candidates":[]}],[{"start":0,"end":9,"url":null,"entity_id":"Q37813","candidates":[]}],[{"start":0,"end":9,"url":null,"entity_id":"Q15839134","candidates":[]}],[{"start":0,"end":7,"url":null,"entity_id":"Q420","candidates":[]}]],[[{"start":0,"end":10,"url":null,"entity_id":"Q101929","candidates":[]}],[{"start":0,"end":13,"url":null,"entity_id":"Q1059","candidates":[]}],[{"start":0,"end":12,"url":null,"entity_id":"Q15634285","candidates":[]}],[{"start":0,"end":7,"url":null,"entity_id":"Q420","candidates":[]}]],[[{"start":0,"end":7,"url":null,"entity_id":"Q7162","candidates":[]}],[{"start":0,"end":6,"url":null,"entity_id":"Q7020","candidates":[]}],[{"start":0,"end":10,"url":null,"entity_id":"Q3126128","candidates":[]}],[{"start":0,"end":7,"url":null,"entity_id":"Q420","candidates":[]}]],[[{"start":0,"end":9,"url":null,"entity_id":"Q2183296","candidates":[]}],[{"start":0,"end":9,"url":null,"entity_id":"Q25364","candidates":[]}],[{"start":0,"end":13,"url":null,"entity_id":"Q16868721","candidates":[]}],[{"start":0,"end":14,"url":null,"entity_id":"Q3520855","candidates":[]}]]]}