{"version":"1.2","table":{"version":"2","table_id":"YU8FDZNW","columns":[{"index":0,"name":"col0","values":["City Of Mumbai","Hoegh America","Grande Spagna","Silver Sky","Jupiter Spirit","Sincerity Ace","Grande Anversa","Castor Leader","Glovis Sunrise","Glovis Courage","Eridanus Leader","Glovis Cougar","Daedalus Leader","Hoegh Copenhagen","Gentle Leader","Tirranna","Oberon","Aniara","Hoegh London","Hoegh Kobe"]},{"index":1,"name":"col1","values":["7894","21182","12594","9772","13954","19265","12420","21186","20056","20661","18056","22532","21423","27351","21122","29936","30134","30089","27100","19670"]},{"index":2,"name":"col2","values":["27887","57718","37726","39043","45961","59408","38651","70048","64546","59060","59501","60404","62993","68392","57692","71673","71673","71673","68871","59705"]},{"index":3,"name":"col3","values":["27.01","32.28","31.32","29.63","30.2","32.26","31.1","32.26","35","32","32.25","34","32.26","32.29","32.26","32.58","32.25","32","32.26","32.24"]}]},"context":{"page_title":null,"page_url":null,"page_entity_id":null,"content_hierarchy":[]},"links":[[[{"start":0,"end":13,"url":null,"entity_id":"Q83627678","candidates":[]}],[],[],[]],[[{"start":0,"end":13,"url":null,"entity_id":"Q83627668","candidates":[]}],[],[],[]],[[{"start":0,"end":10,"url":null,"entity_id":"Q83627071","candidates":[]}],[],[],[]],[[{"start":0,"end":14,"url":null,"entity_id":"Q83627009","candidates":[]}],[],[],[]],[[{"start":0,"end":13,"url":null,"entity_id":"Q60731972","candidates":[]}],[],[],[]],[[{"start":0,"end":14,"url":null,"entity_id":"Q56826684","candidates":[]}],[],[],[]],[[{"start":0,"end":13,"url":null,"entity_id":"Q52380900","candidates":[]}],[],[],[]],[[{"start":0,"end":14,"url":null,"entity_id":"Q52380815","candidates":[]}],[],[],[]],[[{"start":0,"end":14,"url":null,"entity_id":"Q52380615","candidates":[]}],[],[],[]],[[{"start":0,"end":15,"url":null,"entity_id":"Q52379720","candidates":[]}],[],[],[]],[[{"start":0,"end":13,"url":null,"entity_id":"Q52379273","candidates":[]}],[],[],[]],[[{"start":0,"end":15,"url":null,"entity_id":"Q52378911","candidates":[]}],[],[],[]],[[{"start":0,"end":16,"url":null,"entity_id":"Q52378845","candidates":[]}],[],[],[]],[[{"start":0,"end":13,"url":null,"entity_id":"Q52378135","candidates":[]}],[],[],[]],[[{"start":0,"end":8,"url":null,"entity_id":"Q52377956","candidates":[]}],[],[],[]],[[{"start":0,"end":6,"url":null,"entity_id":"Q52377952","candidates":[]}],[],[],[]],[[{"start":0,"end":6,"url":null,"entity_id":"Q52377943","candidates":[]}],[],[],[]],[[{"start":0,"end":12,"url":null,"entity_id":"Q52376136","candidates":[]}],[],[],[]],[[{"start":0,"end":10,"url":null,"entity_id":"Q52375849","candidates":[]}],[],[],[]],[[{"start":0,"end":14,"url":null,"entity_id":"Q83628126","candidates":[]}],[],[],[]]]}