{"version":"1.2","table":{"version":"2","table_id":"YUSYM3IT","columns":[{"index":0,"name":"col0","values":["Sports in Brazil task force","Umpires task force","Geography of Brazil task force","Inland Empire task force","Carrom task force","Southern California task force","California State University task force","Education and Science in Brazil task force","San Francisco Bay Area task force","Pub Taskforce","History of Brazil task force","Transportation in Brazil task force","Santa Barbara County task force","Arts and entertainment subproject","Military subproject","Science and academia subproject","Los Angeles task force","WikiProject Bartending","Isotopes task force","Sunni Islam task force"]},{"index":1,"name":"col1","values":["WikiProject Brazil","WikiProject Baseball","WikiProject Brazil","WikiProject California","WikiProject Board and table games","WikiProject California","WikiProject California","WikiProject Brazil","WikiProject California","WikiProject Beer","WikiProject Brazil","WikiProject Brazil","WikiProject California","WikiProject Biography","WikiProject Biography","WikiProject Biography","WikiProject California","WikiProject Food and drink","WikiProject Elements","WikiProject Islam"]},{"index":2,"name":"col2","values":["sport in Brazil","baseball umpire","geography of Brazil","Inland Empire","Carrom","Southern California","California State University","education in Brazil","San Francisco Bay Area","pub","history of Brazil","transport in Brazil","Santa Barbara County","biography","military","science","Los Angeles","bar","isotope","Sunni Islam"]}]},"context":{"page_title":null,"page_url":null,"page_entity_id":null,"content_hierarchy":[]},"links":[[[{"start":0,"end":18,"url":null,"entity_id":"Q21829555","candidates":[]}],[{"start":0,"end":20,"url":null,"entity_id":"Q8486047","candidates":[]}],[{"start":0,"end":15,"url":null,"entity_id":"Q1856798","candidates":[]}]],[[{"start":0,"end":30,"url":null,"entity_id":"Q21829649","candidates":[]}],[{"start":0,"end":18,"url":null,"entity_id":"Q11134020","candidates":[]}],[{"start":0,"end":19,"url":null,"entity_id":"Q1771875","candidates":[]}]],[[{"start":0,"end":24,"url":null,"entity_id":"Q21829682","candidates":[]}],[{"start":0,"end":22,"url":null,"entity_id":"Q15785976","candidates":[]}],[{"start":0,"end":13,"url":null,"entity_id":"Q1148552","candidates":[]}]],[[{"start":0,"end":17,"url":null,"entity_id":"Q21829639","candidates":[]}],[{"start":0,"end":33,"url":null,"entity_id":"Q9456907","candidates":[]}],[{"start":0,"end":6,"url":null,"entity_id":"Q900489","candidates":[]}]],[[{"start":0,"end":30,"url":null,"entity_id":"Q21829686","candidates":[]}],[{"start":0,"end":22,"url":null,"entity_id":"Q15785976","candidates":[]}],[{"start":0,"end":19,"url":null,"entity_id":"Q844837","candidates":[]}]],[[{"start":0,"end":38,"url":null,"entity_id":"Q21829681","candidates":[]}],[{"start":0,"end":22,"url":null,"entity_id":"Q15785976","candidates":[]}],[{"start":0,"end":27,"url":null,"entity_id":"Q815352","candidates":[]}]],[[{"start":0,"end":42,"url":null,"entity_id":"Q21829648","candidates":[]}],[{"start":0,"end":18,"url":null,"entity_id":"Q11134020","candidates":[]}],[{"start":0,"end":19,"url":null,"entity_id":"Q766122","candidates":[]}]],[[{"start":0,"end":33,"url":null,"entity_id":"Q21829684","candidates":[]}],[{"start":0,"end":22,"url":null,"entity_id":"Q15785976","candidates":[]}],[{"start":0,"end":22,"url":null,"entity_id":"Q213205","candidates":[]}]],[[{"start":0,"end":13,"url":null,"entity_id":"Q21829572","candidates":[]}],[{"start":0,"end":16,"url":null,"entity_id":"Q13341435","candidates":[]}],[{"start":0,"end":3,"url":null,"entity_id":"Q212198","candidates":[]}]],[[{"start":0,"end":28,"url":null,"entity_id":"Q21829651","candidates":[]}],[{"start":0,"end":18,"url":null,"entity_id":"Q11134020","candidates":[]}],[{"start":0,"end":17,"url":null,"entity_id":"Q211967","candidates":[]}]],[[{"start":0,"end":35,"url":null,"entity_id":"Q21829653","candidates":[]}],[{"start":0,"end":18,"url":null,"entity_id":"Q11134020","candidates":[]}],[{"start":0,"end":19,"url":null,"entity_id":"Q199582","candidates":[]}]],[[{"start":0,"end":31,"url":null,"entity_id":"Q21829685","candidates":[]}],[{"start":0,"end":22,"url":null,"entity_id":"Q15785976","candidates":[]}],[{"start":0,"end":20,"url":null,"entity_id":"Q108106","candidates":[]}]],[[{"start":0,"end":33,"url":null,"entity_id":"Q21829610","candidates":[]}],[{"start":0,"end":21,"url":null,"entity_id":"Q4913761","candidates":[]}],[{"start":0,"end":9,"url":null,"entity_id":"Q36279","candidates":[]}]],[[{"start":0,"end":19,"url":null,"entity_id":"Q21829613","candidates":[]}],[{"start":0,"end":21,"url":null,"entity_id":"Q4913761","candidates":[]}],[{"start":0,"end":8,"url":null,"entity_id":"Q8473","candidates":[]}]],[[{"start":0,"end":31,"url":null,"entity_id":"Q21829616","candidates":[]}],[{"start":0,"end":21,"url":null,"entity_id":"Q4913761","candidates":[]}],[{"start":0,"end":7,"url":null,"entity_id":"Q336","candidates":[]}]],[[{"start":0,"end":22,"url":null,"entity_id":"Q21829683","candidates":[]}],[{"start":0,"end":22,"url":null,"entity_id":"Q15785976","candidates":[]}],[{"start":0,"end":11,"url":null,"entity_id":"Q65","candidates":[]}]],[[{"start":0,"end":22,"url":null,"entity_id":"Q21829989","candidates":[]}],[{"start":0,"end":26,"url":null,"entity_id":"Q8485990","candidates":[]}],[{"start":0,"end":3,"url":null,"entity_id":"Q187456","candidates":[]}]],[[{"start":0,"end":19,"url":null,"entity_id":"Q21829904","candidates":[]}],[{"start":0,"end":20,"url":null,"entity_id":"Q11165030","candidates":[]}],[{"start":0,"end":7,"url":null,"entity_id":"Q25276","candidates":[]}]],[[{"start":0,"end":22,"url":null,"entity_id":"Q21830216","candidates":[]}],[{"start":0,"end":17,"url":null,"entity_id":"Q5496999","candidates":[]}],[{"start":0,"end":11,"url":null,"entity_id":"Q483654","candidates":[]}]],[[{"start":0,"end":27,"url":null,"entity_id":"Q21829652","candidates":[]}],[{"start":0,"end":18,"url":null,"entity_id":"Q11134020","candidates":[]}],[{"start":0,"end":15,"url":null,"entity_id":"Q2495055","candidates":[]}]]]}