{"version":"1.2","table":{"version":"2","table_id":"YV6I19TT","columns":[{"index":0,"name":"col0","values":["Urgaratako lepoa 1","Lakendiko gaña 1 hego","Errekaleku 25","Errekaleku 21","Errekaleku 20","Errekaleku 19","Errekaleku 18","Cromlech du Puy de Pauliac","Cromlechs d'Ilarrita","alignements de Kerbourgnec","cromlech de Crucuno","Er Lannic cromlech","Cromlech of Little St Bernard Pass","Cromlech Mendizorrotz I","Conjunto Megalítico de Barreira","Cromeleque dos Cuncos","Recinto Megalítico de São Cristóvão","Balsa fria 4 txiki","Balsa fria 3 erdi","Balsa fria 2 hego"]},{"index":1,"name":"col1","values":["Spain","Spain","Spain","Spain","Spain","Spain","Spain","France","France","France","France","France","Italy","Spain","Portugal","Portugal","Portugal","Spain","Spain","Spain"]},{"index":2,"name":"col2","values":["Goizueta","Goizueta","Goizueta","Goizueta","Goizueta","Goizueta","Goizueta","Aubazines","Lecumberry","Saint-Pierre-Quiberon","Plouharnel","Arzon","La Thuile","Donostia-San Sebastian","São João das Lampas e Terrugem","Nossa Senhora da Vila, Nossa Senhora do Bispo e Silveiras","Felgueiras e Feirão","Range of Andia","Range of Andia","Range of Andia"]}]},"context":{"page_title":null,"page_url":null,"page_entity_id":null,"content_hierarchy":[]},"links":[[[{"start":0,"end":21,"url":null,"entity_id":"Q66112542","candidates":[]}],[{"start":0,"end":5,"url":null,"entity_id":"Q29","candidates":[]}],[{"start":0,"end":8,"url":null,"entity_id":"Q303366","candidates":[]}]],[[{"start":0,"end":13,"url":null,"entity_id":"Q66112532","candidates":[]}],[{"start":0,"end":5,"url":null,"entity_id":"Q29","candidates":[]}],[{"start":0,"end":8,"url":null,"entity_id":"Q303366","candidates":[]}]],[[{"start":0,"end":13,"url":null,"entity_id":"Q66112526","candidates":[]}],[{"start":0,"end":5,"url":null,"entity_id":"Q29","candidates":[]}],[{"start":0,"end":8,"url":null,"entity_id":"Q303366","candidates":[]}]],[[{"start":0,"end":13,"url":null,"entity_id":"Q66112525","candidates":[]}],[{"start":0,"end":5,"url":null,"entity_id":"Q29","candidates":[]}],[{"start":0,"end":8,"url":null,"entity_id":"Q303366","candidates":[]}]],[[{"start":0,"end":13,"url":null,"entity_id":"Q66112523","candidates":[]}],[{"start":0,"end":5,"url":null,"entity_id":"Q29","candidates":[]}],[{"start":0,"end":8,"url":null,"entity_id":"Q303366","candidates":[]}]],[[{"start":0,"end":13,"url":null,"entity_id":"Q66112522","candidates":[]}],[{"start":0,"end":5,"url":null,"entity_id":"Q29","candidates":[]}],[{"start":0,"end":8,"url":null,"entity_id":"Q303366","candidates":[]}]],[[{"start":0,"end":26,"url":null,"entity_id":"Q22950930","candidates":[]}],[{"start":0,"end":6,"url":null,"entity_id":"Q142","candidates":[]}],[{"start":0,"end":9,"url":null,"entity_id":"Q202118","candidates":[]}]],[[{"start":0,"end":20,"url":null,"entity_id":"Q12259517","candidates":[]}],[{"start":0,"end":6,"url":null,"entity_id":"Q142","candidates":[]}],[{"start":0,"end":10,"url":null,"entity_id":"Q197192","candidates":[]}]],[[{"start":0,"end":26,"url":null,"entity_id":"Q2836898","candidates":[]}],[{"start":0,"end":6,"url":null,"entity_id":"Q142","candidates":[]}],[{"start":0,"end":21,"url":null,"entity_id":"Q127952","candidates":[]}]],[[{"start":0,"end":19,"url":null,"entity_id":"Q3003700","candidates":[]}],[{"start":0,"end":6,"url":null,"entity_id":"Q142","candidates":[]}],[{"start":0,"end":10,"url":null,"entity_id":"Q127874","candidates":[]}]],[[{"start":0,"end":18,"url":null,"entity_id":"Q26001171","candidates":[]}],[{"start":0,"end":6,"url":null,"entity_id":"Q142","candidates":[]}],[{"start":0,"end":5,"url":null,"entity_id":"Q63006","candidates":[]}]],[[{"start":0,"end":34,"url":null,"entity_id":"Q3003706","candidates":[]}],[{"start":0,"end":5,"url":null,"entity_id":"Q38","candidates":[]}],[{"start":0,"end":9,"url":null,"entity_id":"Q35188","candidates":[]}]],[[{"start":0,"end":23,"url":null,"entity_id":"Q50233413","candidates":[]}],[{"start":0,"end":5,"url":null,"entity_id":"Q29","candidates":[]}],[{"start":0,"end":22,"url":null,"entity_id":"Q10313","candidates":[]}]],[[{"start":0,"end":31,"url":null,"entity_id":"Q66814465","candidates":[]}],[{"start":0,"end":8,"url":null,"entity_id":"Q45","candidates":[]}],[{"start":0,"end":30,"url":null,"entity_id":"Q26884130","candidates":[]}]],[[{"start":0,"end":21,"url":null,"entity_id":"Q66813763","candidates":[]}],[{"start":0,"end":8,"url":null,"entity_id":"Q45","candidates":[]}],[{"start":0,"end":57,"url":null,"entity_id":"Q17513171","candidates":[]}]],[[{"start":0,"end":35,"url":null,"entity_id":"Q66815554","candidates":[]}],[{"start":0,"end":8,"url":null,"entity_id":"Q45","candidates":[]}],[{"start":0,"end":19,"url":null,"entity_id":"Q17510405","candidates":[]}]],[[{"start":0,"end":18,"url":null,"entity_id":"Q66122604","candidates":[]}],[{"start":0,"end":5,"url":null,"entity_id":"Q29","candidates":[]}],[{"start":0,"end":14,"url":null,"entity_id":"Q3307550","candidates":[]}]],[[{"start":0,"end":17,"url":null,"entity_id":"Q66122603","candidates":[]}],[{"start":0,"end":5,"url":null,"entity_id":"Q29","candidates":[]}],[{"start":0,"end":14,"url":null,"entity_id":"Q3307550","candidates":[]}]],[[{"start":0,"end":17,"url":null,"entity_id":"Q66122600","candidates":[]}],[{"start":0,"end":5,"url":null,"entity_id":"Q29","candidates":[]}],[{"start":0,"end":14,"url":null,"entity_id":"Q3307550","candidates":[]}]],[[{"start":0,"end":18,"url":null,"entity_id":"Q66112584","candidates":[]}],[{"start":0,"end":5,"url":null,"entity_id":"Q29","candidates":[]}],[{"start":0,"end":8,"url":null,"entity_id":"Q303366","candidates":[]}]]]}