{"version":"1.2","table":{"version":"2","table_id":"YZF59REI","columns":[{"index":0,"name":"col0","values":["queen of diamonds","two of spades","five of clubs","five of spades","five of hearts","five of diamonds","jack of spades","two of hearts","two of clubs","two of diamonds","four of clubs","four of spades","four of hearts","four of diamonds","seven of hearts","seven of diamonds","seven of spades","jack of hearts","ten of spades","nine of clubs"]},{"index":1,"name":"col1","values":["king of diamonds","three of spades","six of clubs","six of spades","six of hearts","six of diamonds","queen of spades","three of hearts","three of clubs","three of diamonds","five of clubs","five of spades","five of hearts","five of diamonds","eight of hearts","eight of diamonds","eight of spades","queen of hearts","jack of spades","ten of clubs"]},{"index":2,"name":"col2","values":["woman","spades","clubs","spades","heart","diamonds","man","heart","clubs","diamonds","clubs","spades","heart","diamonds","heart","diamonds","spades","man","spades","clubs"]},{"index":3,"name":"col3","values":["jack of diamonds","ace of spades","four of clubs","four of spades","four of hearts","four of diamonds","ten of spades","ace of hearts","ace of clubs","ace of diamonds","three of clubs","three of spades","three of hearts","three of diamonds","six of hearts","six of diamonds","ace of spades","ten of hearts","nine of spades","eight of clubs"]},{"index":4,"name":"col4","values":["French playing cards","French playing cards","French playing cards","French playing cards","French playing cards","French playing cards","French playing cards","French playing cards","French playing cards","French playing cards","French playing cards","French playing cards","French playing cards","French playing cards","French playing cards","French playing cards","French playing cards","French playing cards","French playing cards","French playing cards"]}]},"context":{"page_title":null,"page_url":null,"page_entity_id":null,"content_hierarchy":[]},"links":[[[{"start":0,"end":13,"url":null,"entity_id":"Q1801755","candidates":[]}],[{"start":0,"end":15,"url":null,"entity_id":"Q3539972","candidates":[]}],[{"start":0,"end":6,"url":null,"entity_id":"Q2094951","candidates":[]}],[{"start":0,"end":13,"url":null,"entity_id":"Q3418541","candidates":[]}],[{"start":0,"end":20,"url":null,"entity_id":"Q3177840","candidates":[]}]],[[{"start":0,"end":13,"url":null,"entity_id":"Q2972868","candidates":[]}],[{"start":0,"end":12,"url":null,"entity_id":"Q3485621","candidates":[]}],[{"start":0,"end":5,"url":null,"entity_id":"Q1788166","candidates":[]}],[{"start":0,"end":13,"url":null,"entity_id":"Q3413480","candidates":[]}],[{"start":0,"end":20,"url":null,"entity_id":"Q3177840","candidates":[]}]],[[{"start":0,"end":14,"url":null,"entity_id":"Q2972866","candidates":[]}],[{"start":0,"end":13,"url":null,"entity_id":"Q3485619","candidates":[]}],[{"start":0,"end":6,"url":null,"entity_id":"Q2094951","candidates":[]}],[{"start":0,"end":14,"url":null,"entity_id":"Q3413479","candidates":[]}],[{"start":0,"end":20,"url":null,"entity_id":"Q3177840","candidates":[]}]],[[{"start":0,"end":14,"url":null,"entity_id":"Q2972862","candidates":[]}],[{"start":0,"end":13,"url":null,"entity_id":"Q3485617","candidates":[]}],[{"start":0,"end":5,"url":null,"entity_id":"Q826930","candidates":[]}],[{"start":0,"end":14,"url":null,"entity_id":"Q3413477","candidates":[]}],[{"start":0,"end":20,"url":null,"entity_id":"Q3177840","candidates":[]}]],[[{"start":0,"end":16,"url":null,"entity_id":"Q2972867","candidates":[]}],[{"start":0,"end":15,"url":null,"entity_id":"Q3485615","candidates":[]}],[{"start":0,"end":8,"url":null,"entity_id":"Q513847","candidates":[]}],[{"start":0,"end":16,"url":null,"entity_id":"Q3413474","candidates":[]}],[{"start":0,"end":20,"url":null,"entity_id":"Q3177840","candidates":[]}]],[[{"start":0,"end":14,"url":null,"entity_id":"Q1557549","candidates":[]}],[{"start":0,"end":15,"url":null,"entity_id":"Q3012665","candidates":[]}],[{"start":0,"end":3,"url":null,"entity_id":"Q8441","candidates":[]}],[{"start":0,"end":13,"url":null,"entity_id":"Q3032562","candidates":[]}],[{"start":0,"end":20,"url":null,"entity_id":"Q3177840","candidates":[]}]],[[{"start":0,"end":13,"url":null,"entity_id":"Q1801775","candidates":[]}],[{"start":0,"end":15,"url":null,"entity_id":"Q3539968","candidates":[]}],[{"start":0,"end":5,"url":null,"entity_id":"Q826930","candidates":[]}],[{"start":0,"end":13,"url":null,"entity_id":"Q2866254","candidates":[]}],[{"start":0,"end":20,"url":null,"entity_id":"Q3177840","candidates":[]}]],[[{"start":0,"end":12,"url":null,"entity_id":"Q1801808","candidates":[]}],[{"start":0,"end":14,"url":null,"entity_id":"Q3539973","candidates":[]}],[{"start":0,"end":5,"url":null,"entity_id":"Q1788166","candidates":[]}],[{"start":0,"end":12,"url":null,"entity_id":"Q2866253","candidates":[]}],[{"start":0,"end":20,"url":null,"entity_id":"Q3177840","candidates":[]}]],[[{"start":0,"end":15,"url":null,"entity_id":"Q1801720","candidates":[]}],[{"start":0,"end":17,"url":null,"entity_id":"Q3539965","candidates":[]}],[{"start":0,"end":8,"url":null,"entity_id":"Q513847","candidates":[]}],[{"start":0,"end":15,"url":null,"entity_id":"Q2866250","candidates":[]}],[{"start":0,"end":20,"url":null,"entity_id":"Q3177840","candidates":[]}]],[[{"start":0,"end":13,"url":null,"entity_id":"Q3413480","candidates":[]}],[{"start":0,"end":13,"url":null,"entity_id":"Q2972868","candidates":[]}],[{"start":0,"end":5,"url":null,"entity_id":"Q1788166","candidates":[]}],[{"start":0,"end":14,"url":null,"entity_id":"Q3539973","candidates":[]}],[{"start":0,"end":20,"url":null,"entity_id":"Q3177840","candidates":[]}]],[[{"start":0,"end":14,"url":null,"entity_id":"Q3413479","candidates":[]}],[{"start":0,"end":14,"url":null,"entity_id":"Q2972866","candidates":[]}],[{"start":0,"end":6,"url":null,"entity_id":"Q2094951","candidates":[]}],[{"start":0,"end":15,"url":null,"entity_id":"Q3539972","candidates":[]}],[{"start":0,"end":20,"url":null,"entity_id":"Q3177840","candidates":[]}]],[[{"start":0,"end":14,"url":null,"entity_id":"Q3413477","candidates":[]}],[{"start":0,"end":14,"url":null,"entity_id":"Q2972862","candidates":[]}],[{"start":0,"end":5,"url":null,"entity_id":"Q826930","candidates":[]}],[{"start":0,"end":15,"url":null,"entity_id":"Q3539968","candidates":[]}],[{"start":0,"end":20,"url":null,"entity_id":"Q3177840","candidates":[]}]],[[{"start":0,"end":16,"url":null,"entity_id":"Q3413474","candidates":[]}],[{"start":0,"end":16,"url":null,"entity_id":"Q2972867","candidates":[]}],[{"start":0,"end":8,"url":null,"entity_id":"Q513847","candidates":[]}],[{"start":0,"end":17,"url":null,"entity_id":"Q3539965","candidates":[]}],[{"start":0,"end":20,"url":null,"entity_id":"Q3177840","candidates":[]}]],[[{"start":0,"end":15,"url":null,"entity_id":"Q3478910","candidates":[]}],[{"start":0,"end":15,"url":null,"entity_id":"Q3142898","candidates":[]}],[{"start":0,"end":5,"url":null,"entity_id":"Q826930","candidates":[]}],[{"start":0,"end":13,"url":null,"entity_id":"Q3485617","candidates":[]}],[{"start":0,"end":20,"url":null,"entity_id":"Q3177840","candidates":[]}]],[[{"start":0,"end":17,"url":null,"entity_id":"Q3478909","candidates":[]}],[{"start":0,"end":17,"url":null,"entity_id":"Q3142896","candidates":[]}],[{"start":0,"end":8,"url":null,"entity_id":"Q513847","candidates":[]}],[{"start":0,"end":15,"url":null,"entity_id":"Q3485615","candidates":[]}],[{"start":0,"end":20,"url":null,"entity_id":"Q3177840","candidates":[]}]],[[{"start":0,"end":15,"url":null,"entity_id":"Q3478911","candidates":[]}],[{"start":0,"end":15,"url":null,"entity_id":"Q3142899","candidates":[]}],[{"start":0,"end":6,"url":null,"entity_id":"Q2094951","candidates":[]}],[{"start":0,"end":13,"url":null,"entity_id":"Q3418541","candidates":[]}],[{"start":0,"end":20,"url":null,"entity_id":"Q3177840","candidates":[]}]],[[{"start":0,"end":14,"url":null,"entity_id":"Q3418602","candidates":[]}],[{"start":0,"end":15,"url":null,"entity_id":"Q3012659","candidates":[]}],[{"start":0,"end":3,"url":null,"entity_id":"Q8441","candidates":[]}],[{"start":0,"end":13,"url":null,"entity_id":"Q3032561","candidates":[]}],[{"start":0,"end":20,"url":null,"entity_id":"Q3177840","candidates":[]}]],[[{"start":0,"end":13,"url":null,"entity_id":"Q3032562","candidates":[]}],[{"start":0,"end":14,"url":null,"entity_id":"Q1557549","candidates":[]}],[{"start":0,"end":6,"url":null,"entity_id":"Q2094951","candidates":[]}],[{"start":0,"end":14,"url":null,"entity_id":"Q3338605","candidates":[]}],[{"start":0,"end":20,"url":null,"entity_id":"Q3177840","candidates":[]}]],[[{"start":0,"end":13,"url":null,"entity_id":"Q3338609","candidates":[]}],[{"start":0,"end":12,"url":null,"entity_id":"Q3032564","candidates":[]}],[{"start":0,"end":5,"url":null,"entity_id":"Q1788166","candidates":[]}],[{"start":0,"end":14,"url":null,"entity_id":"Q3142900","candidates":[]}],[{"start":0,"end":20,"url":null,"entity_id":"Q3177840","candidates":[]}]],[[{"start":0,"end":17,"url":null,"entity_id":"Q3012654","candidates":[]}],[{"start":0,"end":16,"url":null,"entity_id":"Q3439802","candidates":[]}],[{"start":0,"end":5,"url":null,"entity_id":"Q467","candidates":[]}],[{"start":0,"end":16,"url":null,"entity_id":"Q3553747","candidates":[]}],[{"start":0,"end":20,"url":null,"entity_id":"Q3177840","candidates":[]}]]]}