{"version":"1.2","table":{"version":"2","table_id":"Z0JFOQJ8","columns":[{"index":0,"name":"col0","values":["Isis lactans0E 7826","Le Roy Marine clock-CnA 01395","Servants cbrrying weapons-C.212","Sevant carrying weapons-C148","Twin lion colun cast-C30","Seated man-MFA Boston 196.336","Sacrab of Iahhetep-E 3297","Funerary statue-Pa 2789","Statue of Djedhor-E 1164","Statue of Paiuenhor-E 576","King before Thot baboon-E 2818","Amon venrated by Horiraa-AF 1670","Snae head amulet-AF 2375","Seated svatuette of Tjetety-24/605","Stavue of a seated man-39.832","Khenmet-setlu and Nefu-1.777","Josephon head-2003.254","Iis in mourning-72.7127","Kneeling Amenhotep III as the god Neferhoter-1970.636","Goatydrd and shed-27.308"]},{"index":1,"name":"col1","values":["144.54","25.224999999999998","104.685","116.0","46.04599999999999","49.64699999999999","0.5611200000000001","102.279","26.077999999999996","17.9602","15.936","51.050999999999995","1.7782200000000001","39.737","47.0","73.6","18.5555","32.9329","13.13","11.7764"]},{"index":2,"name":"col2","values":["80.595","35.175","10.901","10.510499999999999","73.73","22.793","1.13658","69.0","12.974","10.4624","10.998099999999999","30.269999999999996","5.2416","23.641000000000002","18.81","30.6432","15.004299999999999","14.9298","5.331799999999999","20.582"]},{"index":3,"name":"col3","values":["37.696","24.9","138.74","76.255","69.44","22.908","1.8017999999999998","57.114","8.117999999999999","5.015","4.4132","10.395","1.7118999999999998","12.096","17.6225","33.4332","23.784","6.806799999999999","3.7809999999999997","18.867"]}]},"context":{"page_title":null,"page_url":null,"page_entity_id":null,"content_hierarchy":[]},"links":[[[{"start":0,"end":29,"url":null,"entity_id":"Q86837647","candidates":[]}],[],[],[]],[[{"start":0,"end":31,"url":null,"entity_id":"Q86601099","candidates":[]}],[],[],[]],[[{"start":0,"end":28,"url":null,"entity_id":"Q86600389","candidates":[]}],[],[],[]],[[{"start":0,"end":24,"url":null,"entity_id":"Q86595126","candidates":[]}],[],[],[]],[[{"start":0,"end":29,"url":null,"entity_id":"Q86536692","candidates":[]}],[],[],[]],[[{"start":0,"end":25,"url":null,"entity_id":"Q86352070","candidates":[]}],[],[],[]],[[{"start":0,"end":23,"url":null,"entity_id":"Q86254356","candidates":[]}],[],[],[]],[[{"start":0,"end":24,"url":null,"entity_id":"Q86068863","candidates":[]}],[],[],[]],[[{"start":0,"end":25,"url":null,"entity_id":"Q86068256","candidates":[]}],[],[],[]],[[{"start":0,"end":30,"url":null,"entity_id":"Q86058107","candidates":[]}],[],[],[]],[[{"start":0,"end":32,"url":null,"entity_id":"Q85922054","candidates":[]}],[],[],[]],[[{"start":0,"end":24,"url":null,"entity_id":"Q85686246","candidates":[]}],[],[],[]],[[{"start":0,"end":34,"url":null,"entity_id":"Q76403037","candidates":[]}],[],[],[]],[[{"start":0,"end":29,"url":null,"entity_id":"Q76000627","candidates":[]}],[],[],[]],[[{"start":0,"end":28,"url":null,"entity_id":"Q75186259","candidates":[]}],[],[],[]],[[{"start":0,"end":22,"url":null,"entity_id":"Q75182559","candidates":[]}],[],[],[]],[[{"start":0,"end":23,"url":null,"entity_id":"Q75162788","candidates":[]}],[],[],[]],[[{"start":0,"end":53,"url":null,"entity_id":"Q74577359","candidates":[]}],[],[],[]],[[{"start":0,"end":24,"url":null,"entity_id":"Q74361709","candidates":[]}],[],[],[]],[[{"start":0,"end":19,"url":null,"entity_id":"Q86906460","candidates":[]}],[],[],[]]]}