{"version":"1.2","table":{"version":"2","table_id":"Z1UNTS25","columns":[{"index":0,"name":"col0","values":["2018 Tour of the Basque Country, Stage 1","2018 Vuelta a Andalucía, Stage 1","2017 Tour of Hainan stage 8","2018 Tour de Taiwan stage 3","2018 Tour of the Alps stage 1","2018 Vuelta a Andalucía, Stage 4","2018 Tour of Antalya, Stage 1","2018 Tour of Thailand stage 4","2018 Tour de l'Ain, stage 3","2018 Tour of the Alps stage 5","2018 Tour of the Alps stage 3","2018 Settimana Internazionale di Coppi e Bartali, Stage 2","2017 Tour de Filipinas stage 4","2018 Tour de Suisse stage 4","2018 Volta a Catalunya stage 7","2018 Volta a Catalunya stage 5","2018 Volta a Catalunya stage 2","2018 Abu Dhabi Tour, Stage 5","2018 Volta a la Comunitat Valenciana, Stage 2","2018 Arctic Race of Norway, stage 4","2018 Tour of Thailand stage 2","2018 Tour of the Alps stage 4","2018 Tour of Oman, Stage 5","2018 Vuelta a Castilla y León, Stage 3","2018 Sibiu Cycling Tour , stage 1","2018 Tour of Qinghai Lake, stage 5","2018 Szlakiem Walk Majora Hubala, stage 2","2018 Tour of California stage 3","2016 Tour de Taiwan, Stage 5","2019 Tour de Hongrie, stage 4"]},{"index":1,"name":"col1","values":["Julian Alaphilippe","Lluís Mas","Marco Zanotti","Edwin Ávila","Pello Bilbao","Sacha Modolo","Leopard Pro Cycling","Benjamin Dyball","Arthur Vichot","Thibaut Pinot","Thibaut Pinot","Bauke Mollema","Jai Crawford","Peter Sagan","Alejandro Valverde","Alejandro Valverde","Alejandro Valverde","Alejandro Valverde","Alejandro Valverde","Sergey Chernetskiy","Shimano Racing","Luis León Sánchez","Alexey Lutsenko","Rubén Plaza","Iván Sosa","Hernán Aguirre","Lukas Schlemmer","Egan Bernal","Robbie Hucker","Krists Neilands"]},{"index":2,"name":"col2","values":["162.1","197.6","197.4","156.3","134.6","191.2","155.6","183.4","133.3","164.2","138.3","130","207.35","189.2","154.8","212.9","175.6","199","154","145.5","173","134.3","152","170.6","91.2","235","127.7","197","146.3","138"]}]},"context":{"page_title":null,"page_url":null,"page_entity_id":null,"content_hierarchy":[]},"links":[[[{"start":0,"end":32,"url":null,"entity_id":"Q48623334","candidates":[]}],[{"start":0,"end":9,"url":null,"entity_id":"Q1876469","candidates":[]}],[]],[[{"start":0,"end":27,"url":null,"entity_id":"Q47496050","candidates":[]}],[{"start":0,"end":13,"url":null,"entity_id":"Q1828281","candidates":[]}],[]],[[{"start":0,"end":27,"url":null,"entity_id":"Q50542343","candidates":[]}],[{"start":0,"end":11,"url":null,"entity_id":"Q1295118","candidates":[]}],[]],[[{"start":0,"end":29,"url":null,"entity_id":"Q51659763","candidates":[]}],[{"start":0,"end":12,"url":null,"entity_id":"Q1067547","candidates":[]}],[]],[[{"start":0,"end":32,"url":null,"entity_id":"Q48624039","candidates":[]}],[{"start":0,"end":12,"url":null,"entity_id":"Q929045","candidates":[]}],[]],[[{"start":0,"end":29,"url":null,"entity_id":"Q50090077","candidates":[]}],[{"start":0,"end":19,"url":null,"entity_id":"Q837189","candidates":[]}],[]],[[{"start":0,"end":29,"url":null,"entity_id":"Q51048645","candidates":[]}],[{"start":0,"end":15,"url":null,"entity_id":"Q817452","candidates":[]}],[]],[[{"start":0,"end":27,"url":null,"entity_id":"Q47503088","candidates":[]}],[{"start":0,"end":13,"url":null,"entity_id":"Q711788","candidates":[]}],[]],[[{"start":0,"end":29,"url":null,"entity_id":"Q51659771","candidates":[]}],[{"start":0,"end":13,"url":null,"entity_id":"Q460872","candidates":[]}],[]],[[{"start":0,"end":29,"url":null,"entity_id":"Q51659766","candidates":[]}],[{"start":0,"end":13,"url":null,"entity_id":"Q460872","candidates":[]}],[]],[[{"start":0,"end":57,"url":null,"entity_id":"Q50807437","candidates":[]}],[{"start":0,"end":13,"url":null,"entity_id":"Q380048","candidates":[]}],[]],[[{"start":0,"end":30,"url":null,"entity_id":"Q48851440","candidates":[]}],[{"start":0,"end":12,"url":null,"entity_id":"Q344934","candidates":[]}],[]],[[{"start":0,"end":27,"url":null,"entity_id":"Q51775798","candidates":[]}],[{"start":0,"end":11,"url":null,"entity_id":"Q309911","candidates":[]}],[]],[[{"start":0,"end":30,"url":null,"entity_id":"Q50417655","candidates":[]}],[{"start":0,"end":18,"url":null,"entity_id":"Q286183","candidates":[]}],[]],[[{"start":0,"end":30,"url":null,"entity_id":"Q50417653","candidates":[]}],[{"start":0,"end":18,"url":null,"entity_id":"Q286183","candidates":[]}],[]],[[{"start":0,"end":30,"url":null,"entity_id":"Q50417650","candidates":[]}],[{"start":0,"end":18,"url":null,"entity_id":"Q286183","candidates":[]}],[]],[[{"start":0,"end":28,"url":null,"entity_id":"Q47490083","candidates":[]}],[{"start":0,"end":18,"url":null,"entity_id":"Q286183","candidates":[]}],[]],[[{"start":0,"end":45,"url":null,"entity_id":"Q47452408","candidates":[]}],[{"start":0,"end":18,"url":null,"entity_id":"Q286183","candidates":[]}],[]],[[{"start":0,"end":35,"url":null,"entity_id":"Q47491571","candidates":[]}],[{"start":0,"end":18,"url":null,"entity_id":"Q219446","candidates":[]}],[]],[[{"start":0,"end":29,"url":null,"entity_id":"Q51048629","candidates":[]}],[{"start":0,"end":14,"url":null,"entity_id":"Q196033","candidates":[]}],[]],[[{"start":0,"end":29,"url":null,"entity_id":"Q51659769","candidates":[]}],[{"start":0,"end":17,"url":null,"entity_id":"Q164090","candidates":[]}],[]],[[{"start":0,"end":26,"url":null,"entity_id":"Q48429319","candidates":[]}],[{"start":0,"end":15,"url":null,"entity_id":"Q128239","candidates":[]}],[]],[[{"start":0,"end":38,"url":null,"entity_id":"Q51685905","candidates":[]}],[{"start":0,"end":11,"url":null,"entity_id":"Q25932","candidates":[]}],[]],[[{"start":0,"end":33,"url":null,"entity_id":"Q55106945","candidates":[]}],[{"start":0,"end":9,"url":null,"entity_id":"Q28091150","candidates":[]}],[]],[[{"start":0,"end":34,"url":null,"entity_id":"Q55155354","candidates":[]}],[{"start":0,"end":14,"url":null,"entity_id":"Q24232736","candidates":[]}],[]],[[{"start":0,"end":41,"url":null,"entity_id":"Q54113461","candidates":[]}],[{"start":0,"end":15,"url":null,"entity_id":"Q24063517","candidates":[]}],[]],[[{"start":0,"end":31,"url":null,"entity_id":"Q51854008","candidates":[]}],[{"start":0,"end":11,"url":null,"entity_id":"Q21936667","candidates":[]}],[]],[[{"start":0,"end":28,"url":null,"entity_id":"Q23930995","candidates":[]}],[{"start":0,"end":13,"url":null,"entity_id":"Q18402358","candidates":[]}],[]],[[{"start":0,"end":29,"url":null,"entity_id":"Q64516547","candidates":[]}],[{"start":0,"end":15,"url":null,"entity_id":"Q18221818","candidates":[]}],[]],[[{"start":0,"end":40,"url":null,"entity_id":"Q50839241","candidates":[]}],[{"start":0,"end":18,"url":null,"entity_id":"Q3189071","candidates":[]}],[]]]}