{"version":"1.2","table":{"version":"2","table_id":"Z38MOAC2","columns":[{"index":0,"name":"col0","values":["U Tel","R Tel","Y Ind","X Ind","S Ind","R Ind","Y Vol","V Vol","T Vol","S Vol","Y Eri","U Eri","W Eri","X Eri","Z Phe","W Phe","V Phe","U Phe","T Phe","R Phe"]},{"index":1,"name":"col1","values":["1.689614","1.865952","10.4643","9.38","7.8289","8.191799999999999","4.715711","3.5109","9.622399999999999","12.94406","10.722719999999999","10.3064","7.4475","11.9281","4.392136999999999","8.1324","8.5085","11.0556","11.39571","7.5"]},{"index":2,"name":"col2","values":["1.2491502","0.451584","1.1151445","0.5907225","1.4964012","0.371382","0.10099759999999999","0.9740206","0.2779407","1.0386746","1.580957","0.2526852","1.3890239999999998","0.8151695999999999","0.32001969999999996","1.0275136","0.9424640000000001","0.40250389999999997","1.0779769","1.1021967"]}]},"context":{"page_title":null,"page_url":null,"page_entity_id":null,"content_hierarchy":[]},"links":[[[{"start":0,"end":5,"url":null,"entity_id":"Q56304134","candidates":[]}],[],[]],[[{"start":0,"end":5,"url":null,"entity_id":"Q56304110","candidates":[]}],[],[]],[[{"start":0,"end":5,"url":null,"entity_id":"Q56304107","candidates":[]}],[],[]],[[{"start":0,"end":5,"url":null,"entity_id":"Q56304103","candidates":[]}],[],[]],[[{"start":0,"end":5,"url":null,"entity_id":"Q56304099","candidates":[]}],[],[]],[[{"start":0,"end":5,"url":null,"entity_id":"Q56304091","candidates":[]}],[],[]],[[{"start":0,"end":5,"url":null,"entity_id":"Q56304085","candidates":[]}],[],[]],[[{"start":0,"end":5,"url":null,"entity_id":"Q56304081","candidates":[]}],[],[]],[[{"start":0,"end":5,"url":null,"entity_id":"Q56304076","candidates":[]}],[],[]],[[{"start":0,"end":5,"url":null,"entity_id":"Q56304049","candidates":[]}],[],[]],[[{"start":0,"end":5,"url":null,"entity_id":"Q56304042","candidates":[]}],[],[]],[[{"start":0,"end":5,"url":null,"entity_id":"Q56304041","candidates":[]}],[],[]],[[{"start":0,"end":5,"url":null,"entity_id":"Q56304039","candidates":[]}],[],[]],[[{"start":0,"end":5,"url":null,"entity_id":"Q56303979","candidates":[]}],[],[]],[[{"start":0,"end":5,"url":null,"entity_id":"Q56303977","candidates":[]}],[],[]],[[{"start":0,"end":5,"url":null,"entity_id":"Q56303973","candidates":[]}],[],[]],[[{"start":0,"end":5,"url":null,"entity_id":"Q56303972","candidates":[]}],[],[]],[[{"start":0,"end":5,"url":null,"entity_id":"Q56303971","candidates":[]}],[],[]],[[{"start":0,"end":5,"url":null,"entity_id":"Q56303939","candidates":[]}],[],[]],[[{"start":0,"end":5,"url":null,"entity_id":"Q56304140","candidates":[]}],[],[]]]}