{"version":"1.2","table":{"version":"2","table_id":"Z3FN8MIA","columns":[{"index":0,"name":"col0","values":["Ibadan South-Ebst","Birin Gwari","Kadvna South","Kachla","Jot South","ema'a","Ilorin Wst","Ilaje","Ikpoba Okh","Ikebu orth","Igbo E|e North","Ifo","Ifako-Ijciye","Ibagan South-West","Ibdan North","Ibadan Nort-East","Gwoza","Gwaam","Gwale","Giwa"]},{"index":1,"name":"col1","values":["supervisory councillors of Ibadan South East local government","supervisory councillors of Birnin-Gwari local government","supervisory councillors of Kaduna South local government","supervisory councillors of Kachia local government","supervisory councillors of Jos South local government","supervisory councillors of Jema'A local government","supervisory councillors of Ilorin West local government","supervisory councillors of Ilaje local government","supervisory councillors of Ikpoba-Okha local government","supervisory councillors of Ijebu North local government","supervisory councillors of Igbo-Eze North local government","supervisory councillors of Ifo local government","supervisory councillors of Ifako-Ijaye local government","supervisory councillors of Ibadan South West local government","supervisory councillors of Ibadan North local government","supervisory councillors of Ibadan Central [Ibadan North East] local government","supervisory councillors of Gwoza local government","supervisory councillors of Gwaram local government","supervisory councillors of Gwale local government","supervisory councillors of Giwa local government"]},{"index":2,"name":"col2","values":["Oyo State","Kaduna State","Kaduna State","Kaduna State","Plateau State","Kaduna State","Kwara State","Ondo State","Edo State","Ogun State","Enugu State","Ogun State","Lagos","Oyo State","Oyo State","Oyo State","Borno State","Jigawa State","Kano State","Kaduna State"]},{"index":3,"name":"col3","values":["16.932","6203.554999999999","58.646","4613.472","506.94","1670.9660000000001","105.10499999999999","1321.954","855.104","958.297","290.363","523.6049999999999","42.57","40.12","26.757","18.054","2908.9469999999997","1929.2079999999999","17.892","2051.538"]},{"index":4,"name":"col4","values":["Ibadan South East legislative council","Birnin-Gwari legislative council","Kaduna South legislative council","Kachia legislative council","Jos South legislative council","Jema'A legislative council","Ilorin West legislative council","Ilaje legislative council","Ikpoba-Okha legislative council","Ijebu North legislative council","Igbo-Eze North legislative council","Ifo legislative council","Ifako-Ijaye legislative council","Ibadan South West legislative council","Ibadan North legislative council","Ibadan Central [Ibadan North East] legislative council","Gwoza legislative council","Gwaram legislative council","Gwale legislative council","Giwa legislative council"]}]},"context":{"page_title":null,"page_url":null,"page_entity_id":null,"content_hierarchy":[]},"links":[[[{"start":0,"end":11,"url":null,"entity_id":"Q13140400","candidates":[]}],[{"start":0,"end":56,"url":null,"entity_id":"Q59685103","candidates":[]}],[{"start":0,"end":12,"url":null,"entity_id":"Q878284","candidates":[]}],[],[{"start":0,"end":32,"url":null,"entity_id":"Q59523674","candidates":[]}]],[[{"start":0,"end":12,"url":null,"entity_id":"Q6345763","candidates":[]}],[{"start":0,"end":56,"url":null,"entity_id":"Q59685175","candidates":[]}],[{"start":0,"end":12,"url":null,"entity_id":"Q878284","candidates":[]}],[],[{"start":0,"end":32,"url":null,"entity_id":"Q59523753","candidates":[]}]],[[{"start":0,"end":6,"url":null,"entity_id":"Q6344670","candidates":[]}],[{"start":0,"end":50,"url":null,"entity_id":"Q59685173","candidates":[]}],[{"start":0,"end":12,"url":null,"entity_id":"Q878284","candidates":[]}],[],[{"start":0,"end":26,"url":null,"entity_id":"Q59523751","candidates":[]}]],[[{"start":0,"end":9,"url":null,"entity_id":"Q6279136","candidates":[]}],[{"start":0,"end":53,"url":null,"entity_id":"Q59685172","candidates":[]}],[{"start":0,"end":13,"url":null,"entity_id":"Q503928","candidates":[]}],[],[{"start":0,"end":29,"url":null,"entity_id":"Q59523749","candidates":[]}]],[[{"start":0,"end":5,"url":null,"entity_id":"Q6177061","candidates":[]}],[{"start":0,"end":50,"url":null,"entity_id":"Q59685165","candidates":[]}],[{"start":0,"end":12,"url":null,"entity_id":"Q878284","candidates":[]}],[],[{"start":0,"end":26,"url":null,"entity_id":"Q59523743","candidates":[]}]],[[{"start":0,"end":10,"url":null,"entity_id":"Q6001104","candidates":[]}],[{"start":0,"end":55,"url":null,"entity_id":"Q59685163","candidates":[]}],[{"start":0,"end":11,"url":null,"entity_id":"Q464953","candidates":[]}],[],[{"start":0,"end":31,"url":null,"entity_id":"Q59523740","candidates":[]}]],[[{"start":0,"end":5,"url":null,"entity_id":"Q5996946","candidates":[]}],[{"start":0,"end":49,"url":null,"entity_id":"Q59685162","candidates":[]}],[{"start":0,"end":10,"url":null,"entity_id":"Q836654","candidates":[]}],[],[{"start":0,"end":25,"url":null,"entity_id":"Q59523739","candidates":[]}]],[[{"start":0,"end":10,"url":null,"entity_id":"Q5996228","candidates":[]}],[{"start":0,"end":55,"url":null,"entity_id":"Q59685160","candidates":[]}],[{"start":0,"end":9,"url":null,"entity_id":"Q682704","candidates":[]}],[],[{"start":0,"end":31,"url":null,"entity_id":"Q59523738","candidates":[]}]],[[{"start":0,"end":10,"url":null,"entity_id":"Q5995160","candidates":[]}],[{"start":0,"end":55,"url":null,"entity_id":"Q59685157","candidates":[]}],[{"start":0,"end":10,"url":null,"entity_id":"Q836657","candidates":[]}],[],[{"start":0,"end":31,"url":null,"entity_id":"Q59523735","candidates":[]}]],[[{"start":0,"end":14,"url":null,"entity_id":"Q5991578","candidates":[]}],[{"start":0,"end":58,"url":null,"entity_id":"Q59685152","candidates":[]}],[{"start":0,"end":11,"url":null,"entity_id":"Q3817714","candidates":[]}],[],[{"start":0,"end":34,"url":null,"entity_id":"Q59523726","candidates":[]}]],[[{"start":0,"end":3,"url":null,"entity_id":"Q5991216","candidates":[]}],[{"start":0,"end":47,"url":null,"entity_id":"Q59685149","candidates":[]}],[{"start":0,"end":10,"url":null,"entity_id":"Q836657","candidates":[]}],[],[{"start":0,"end":23,"url":null,"entity_id":"Q59523723","candidates":[]}]],[[{"start":0,"end":12,"url":null,"entity_id":"Q5991116","candidates":[]}],[{"start":0,"end":55,"url":null,"entity_id":"Q59685148","candidates":[]}],[{"start":0,"end":5,"url":null,"entity_id":"Q815913","candidates":[]}],[],[{"start":0,"end":31,"url":null,"entity_id":"Q59523722","candidates":[]}]],[[{"start":0,"end":17,"url":null,"entity_id":"Q5983608","candidates":[]}],[{"start":0,"end":61,"url":null,"entity_id":"Q59685145","candidates":[]}],[{"start":0,"end":9,"url":null,"entity_id":"Q503905","candidates":[]}],[],[{"start":0,"end":37,"url":null,"entity_id":"Q59523719","candidates":[]}]],[[{"start":0,"end":11,"url":null,"entity_id":"Q5983592","candidates":[]}],[{"start":0,"end":56,"url":null,"entity_id":"Q59685142","candidates":[]}],[{"start":0,"end":9,"url":null,"entity_id":"Q503905","candidates":[]}],[],[{"start":0,"end":32,"url":null,"entity_id":"Q59523717","candidates":[]}]],[[{"start":0,"end":16,"url":null,"entity_id":"Q5983595","candidates":[]}],[{"start":0,"end":78,"url":null,"entity_id":"Q59685141","candidates":[]}],[{"start":0,"end":9,"url":null,"entity_id":"Q503905","candidates":[]}],[],[{"start":0,"end":54,"url":null,"entity_id":"Q59523716","candidates":[]}]],[[{"start":0,"end":5,"url":null,"entity_id":"Q5623719","candidates":[]}],[{"start":0,"end":49,"url":null,"entity_id":"Q59685135","candidates":[]}],[{"start":0,"end":11,"url":null,"entity_id":"Q130626","candidates":[]}],[],[{"start":0,"end":25,"url":null,"entity_id":"Q59523709","candidates":[]}]],[[{"start":0,"end":5,"url":null,"entity_id":"Q5623339","candidates":[]}],[{"start":0,"end":50,"url":null,"entity_id":"Q59685134","candidates":[]}],[{"start":0,"end":12,"url":null,"entity_id":"Q682691","candidates":[]}],[],[{"start":0,"end":26,"url":null,"entity_id":"Q59523708","candidates":[]}]],[[{"start":0,"end":5,"url":null,"entity_id":"Q5623248","candidates":[]}],[{"start":0,"end":49,"url":null,"entity_id":"Q59685131","candidates":[]}],[{"start":0,"end":10,"url":null,"entity_id":"Q682571","candidates":[]}],[],[{"start":0,"end":25,"url":null,"entity_id":"Q59523707","candidates":[]}]],[[{"start":0,"end":4,"url":null,"entity_id":"Q5565892","candidates":[]}],[{"start":0,"end":48,"url":null,"entity_id":"Q59685128","candidates":[]}],[{"start":0,"end":12,"url":null,"entity_id":"Q878284","candidates":[]}],[],[{"start":0,"end":24,"url":null,"entity_id":"Q59523704","candidates":[]}]],[[{"start":0,"end":17,"url":null,"entity_id":"Q11058510","candidates":[]}],[{"start":0,"end":61,"url":null,"entity_id":"Q59685144","candidates":[]}],[{"start":0,"end":9,"url":null,"entity_id":"Q503905","candidates":[]}],[],[{"start":0,"end":37,"url":null,"entity_id":"Q59523718","candidates":[]}]]]}