{"version":"1.2","table":{"version":"2","table_id":"Z4ZZSQZW","columns":[{"index":0,"name":"col0","values":["February 2016 Anmara bombing","11 May!2016 Baghdad bombings","Iskadariya suicide bombing","2016 Antbach bombing","4006 Dhab bombings","2005 Sarm el-Sheikh attacks","2016 Jakarta atacks","27 January 2012 Baghdad bpmbing","23 February 2012 Iraq attacs","20 March 2012 Iraq avtacks","203 Red Square bombing","2016 Maiduguri suicidf bombings","2014 Yobe Stawe attacku","Bbidoa suicide bombing","2014 Villa\"Somalia attack","June 2216 Istanbul bombing","Mardan!suicide bombing","27 July 2016 Qamishli bobings","2015Jabal Mohsen suicide attacks","Bersheba bus bombings"]},{"index":1,"name":"col1","values":["2016/02/17","2016/05/11","2016/03/25","2016/07/24","2006/04/24","2005/07/23","2016/01/14","2012/01/27","2012/02/23","2012/03/20","2003/12/09","2016/03/16","2014/11/10","2016/02/28","2014/02/21","2016/06/07","2015/12/29","2016/07/27","2015/01/10","2004/08/31"]},{"index":2,"name":"col2","values":["Kurdish–Turkish conflict (2015–present)","Iraqi Civil War (2014–2017)","Iraqi Civil War (2014–2017)","terrorism in Germany","terrorism in Egypt","terrorism in Egypt","terrorism in Indonesia","Iraqi insurgency (2011–13)","Iraqi insurgency (2011–13)","Iraqi insurgency (2011–13)","terrorism in Russia","Islamist insurgency in Nigeria","Islamist insurgency in Nigeria","War in Somalia (2009–)","War in Somalia (2009–)","Kurdish–Turkish conflict","War in North-West Pakistan","Syrian Civil War","Syrian civil war spillover in Lebanon","Second Intifada"]}]},"context":{"page_title":null,"page_url":null,"page_entity_id":null,"content_hierarchy":[]},"links":[[[{"start":0,"end":28,"url":null,"entity_id":"Q24054268","candidates":[]}],[],[{"start":0,"end":27,"url":null,"entity_id":"Q17984356","candidates":[]}]],[[{"start":0,"end":26,"url":null,"entity_id":"Q23542317","candidates":[]}],[],[{"start":0,"end":27,"url":null,"entity_id":"Q17984356","candidates":[]}]],[[{"start":0,"end":20,"url":null,"entity_id":"Q26036708","candidates":[]}],[],[{"start":0,"end":20,"url":null,"entity_id":"Q7703932","candidates":[]}]],[[{"start":0,"end":18,"url":null,"entity_id":"Q2870026","candidates":[]}],[],[{"start":0,"end":18,"url":null,"entity_id":"Q7703930","candidates":[]}]],[[{"start":0,"end":27,"url":null,"entity_id":"Q327576","candidates":[]}],[],[{"start":0,"end":18,"url":null,"entity_id":"Q7703930","candidates":[]}]],[[{"start":0,"end":19,"url":null,"entity_id":"Q22067779","candidates":[]}],[],[{"start":0,"end":22,"url":null,"entity_id":"Q3029626","candidates":[]}]],[[{"start":0,"end":31,"url":null,"entity_id":"Q4632551","candidates":[]}],[],[{"start":0,"end":26,"url":null,"entity_id":"Q2165215","candidates":[]}]],[[{"start":0,"end":28,"url":null,"entity_id":"Q4631563","candidates":[]}],[],[{"start":0,"end":26,"url":null,"entity_id":"Q2165215","candidates":[]}]],[[{"start":0,"end":26,"url":null,"entity_id":"Q4630585","candidates":[]}],[],[{"start":0,"end":26,"url":null,"entity_id":"Q2165215","candidates":[]}]],[[{"start":0,"end":22,"url":null,"entity_id":"Q2576785","candidates":[]}],[],[{"start":0,"end":19,"url":null,"entity_id":"Q1957716","candidates":[]}]],[[{"start":0,"end":31,"url":null,"entity_id":"Q23198514","candidates":[]}],[],[{"start":0,"end":30,"url":null,"entity_id":"Q1569328","candidates":[]}]],[[{"start":0,"end":23,"url":null,"entity_id":"Q18532727","candidates":[]}],[],[{"start":0,"end":30,"url":null,"entity_id":"Q1569328","candidates":[]}]],[[{"start":0,"end":22,"url":null,"entity_id":"Q23022115","candidates":[]}],[],[{"start":0,"end":22,"url":null,"entity_id":"Q1052332","candidates":[]}]],[[{"start":0,"end":25,"url":null,"entity_id":"Q16205849","candidates":[]}],[],[{"start":0,"end":22,"url":null,"entity_id":"Q1052332","candidates":[]}]],[[{"start":0,"end":26,"url":null,"entity_id":"Q24391822","candidates":[]}],[],[{"start":0,"end":24,"url":null,"entity_id":"Q619749","candidates":[]}]],[[{"start":0,"end":22,"url":null,"entity_id":"Q21896452","candidates":[]}],[],[{"start":0,"end":26,"url":null,"entity_id":"Q179275","candidates":[]}]],[[{"start":0,"end":29,"url":null,"entity_id":"Q26155891","candidates":[]}],[],[{"start":0,"end":16,"url":null,"entity_id":"Q178810","candidates":[]}]],[[{"start":0,"end":32,"url":null,"entity_id":"Q18758265","candidates":[]}],[],[{"start":0,"end":37,"url":null,"entity_id":"Q130714","candidates":[]}]],[[{"start":0,"end":21,"url":null,"entity_id":"Q21093452","candidates":[]}],[],[{"start":0,"end":15,"url":null,"entity_id":"Q49106","candidates":[]}]],[[{"start":0,"end":28,"url":null,"entity_id":"Q22812485","candidates":[]}],[],[{"start":0,"end":39,"url":null,"entity_id":"Q21070576","candidates":[]}]]]}