{"version":"1.2","table":{"version":"2","table_id":"Z53BJLK6","columns":[{"index":0,"name":"col0","values":["Sopovo","Slatino","Sirakovo, Dobrich Province","Septemvriytsi, Dobrich Province","Rositsa","Pchelarovo","Pesnopoy","Musina","Minzuhar","Latinka, Kardzhali Province","Konevo","Kableshkovo, Kardzhali Province","Iskra","Iskra, Kardzhali Province","Izvor, Vidin Province","Eleshnitsa","Elenovo","Draganovo, Kardzhali Province","Doyrantsi","Delvino, Blagoevgrad Province","Gurkovo","Guliya","Glozhene, Vratsa Province","Gabrovo","Gabrovo, Blagoevgrad Province","Voynovo, Kardzhali Province","Byal izvor","Pryaporets, Kardzhali Province","Dolna Gradeshnitsa","Oshtava","Gabrene","Balgarchevo","Gaytaninovo","Babyak","Baskaltsi","Belasitsa","Gega","Banichan","Borovichene","Damyanitsa","Zlatolist, Blagoevgrad Province","Kromidovo","Arbanasi","Brodilovo","Fargovo","Kalimantsi, Blagoevgrad Province","Hrabrino","Dolen, Blagoevgrad Province","Elshitsa","Radinovo","Goleshovo","Nikudin","Strumeshnitsa","Kavrakirovo","Dolna Ribnitsa","Marikostinovo","Drangovo, Blagoevgrad Province","Novo Delchevo"]},{"index":1,"name":"col1","values":["4.172","12.273","21165","29.922","7915","25.645","24.464","23394","8.581","10.652","9.798","1.24","63929","1.884","30.022","33.851","20.51","1.907","10.426","6912","18.915","5.786","51.89","12.777","24261","2.133","19.928","1.373","19487","41746","14754","12.072","26891","16.662","27.007","26.066","15772","131","622","5329","12625","4798","11.881","70.189","11871","21055","13.881","29294","53721","13.065","68.367","16429","3815","7769","24449","13936","8622","267"]},{"index":2,"name":"col2","values":["478","430","100","102","110","419","536","233","406","758","236","411","299","808","223","723","242","437","779","694","370","415","59","564","836","428","654","416","233","1002","430","350","701","1337","819","498","700","508","388","116","376","175","400","56","1036","433","580","852","472","175","753","712","388","97","613","211","192","117"]}]},"context":{"page_title":null,"page_url":null,"page_entity_id":null,"content_hierarchy":[]},"links":[[[{"start":0,"end":7,"url":null,"entity_id":"Q4423209","candidates":[]}],[],[]],[[{"start":0,"end":26,"url":null,"entity_id":"Q4420712","candidates":[]}],[],[]],[[{"start":0,"end":31,"url":null,"entity_id":"Q4416534","candidates":[]}],[],[]],[[{"start":0,"end":7,"url":null,"entity_id":"Q4397768","candidates":[]}],[],[]],[[{"start":0,"end":10,"url":null,"entity_id":"Q4385022","candidates":[]}],[],[]],[[{"start":0,"end":8,"url":null,"entity_id":"Q4359777","candidates":[]}],[],[]],[[{"start":0,"end":6,"url":null,"entity_id":"Q4308401","candidates":[]}],[],[]],[[{"start":0,"end":8,"url":null,"entity_id":"Q4294183","candidates":[]}],[],[]],[[{"start":0,"end":27,"url":null,"entity_id":"Q4254951","candidates":[]}],[],[]],[[{"start":0,"end":6,"url":null,"entity_id":"Q4230710","candidates":[]}],[],[]],[[{"start":0,"end":31,"url":null,"entity_id":"Q4206706","candidates":[]}],[],[]],[[{"start":0,"end":5,"url":null,"entity_id":"Q4203902","candidates":[]}],[],[]],[[{"start":0,"end":25,"url":null,"entity_id":"Q4203899","candidates":[]}],[],[]],[[{"start":0,"end":21,"url":null,"entity_id":"Q4198465","candidates":[]}],[],[]],[[{"start":0,"end":10,"url":null,"entity_id":"Q4174777","candidates":[]}],[],[]],[[{"start":0,"end":7,"url":null,"entity_id":"Q4174716","candidates":[]}],[],[]],[[{"start":0,"end":29,"url":null,"entity_id":"Q4167480","candidates":[]}],[],[]],[[{"start":0,"end":9,"url":null,"entity_id":"Q4164242","candidates":[]}],[],[]],[[{"start":0,"end":29,"url":null,"entity_id":"Q4157037","candidates":[]}],[],[]],[[{"start":0,"end":7,"url":null,"entity_id":"Q4152429","candidates":[]}],[],[]],[[{"start":0,"end":6,"url":null,"entity_id":"Q4151858","candidates":[]}],[],[]],[[{"start":0,"end":25,"url":null,"entity_id":"Q4139968","candidates":[]}],[],[]],[[{"start":0,"end":7,"url":null,"entity_id":"Q4130971","candidates":[]}],[],[]],[[{"start":0,"end":29,"url":null,"entity_id":"Q4130970","candidates":[]}],[],[]],[[{"start":0,"end":27,"url":null,"entity_id":"Q4122665","candidates":[]}],[],[]],[[{"start":0,"end":10,"url":null,"entity_id":"Q4101543","candidates":[]}],[],[]],[[{"start":0,"end":30,"url":null,"entity_id":"Q3408682","candidates":[]}],[],[]],[[{"start":0,"end":18,"url":null,"entity_id":"Q2991640","candidates":[]}],[],[]],[[{"start":0,"end":7,"url":null,"entity_id":"Q2991617","candidates":[]}],[],[]],[[{"start":0,"end":7,"url":null,"entity_id":"Q2991332","candidates":[]}],[],[]],[[{"start":0,"end":11,"url":null,"entity_id":"Q2991319","candidates":[]}],[],[]],[[{"start":0,"end":11,"url":null,"entity_id":"Q2991312","candidates":[]}],[],[]],[[{"start":0,"end":6,"url":null,"entity_id":"Q2991305","candidates":[]}],[],[]],[[{"start":0,"end":9,"url":null,"entity_id":"Q2991300","candidates":[]}],[],[]],[[{"start":0,"end":9,"url":null,"entity_id":"Q2991292","candidates":[]}],[],[]],[[{"start":0,"end":4,"url":null,"entity_id":"Q2991285","candidates":[]}],[],[]],[[{"start":0,"end":8,"url":null,"entity_id":"Q2991277","candidates":[]}],[],[]],[[{"start":0,"end":11,"url":null,"entity_id":"Q2991269","candidates":[]}],[],[]],[[{"start":0,"end":10,"url":null,"entity_id":"Q2990874","candidates":[]}],[],[]],[[{"start":0,"end":31,"url":null,"entity_id":"Q2990870","candidates":[]}],[],[]],[[{"start":0,"end":9,"url":null,"entity_id":"Q2990854","candidates":[]}],[],[]],[[{"start":0,"end":8,"url":null,"entity_id":"Q2990814","candidates":[]}],[],[]],[[{"start":0,"end":9,"url":null,"entity_id":"Q2990705","candidates":[]}],[],[]],[[{"start":0,"end":7,"url":null,"entity_id":"Q2990469","candidates":[]}],[],[]],[[{"start":0,"end":32,"url":null,"entity_id":"Q2990439","candidates":[]}],[],[]],[[{"start":0,"end":8,"url":null,"entity_id":"Q2990433","candidates":[]}],[],[]],[[{"start":0,"end":27,"url":null,"entity_id":"Q2990417","candidates":[]}],[],[]],[[{"start":0,"end":8,"url":null,"entity_id":"Q2990411","candidates":[]}],[],[]],[[{"start":0,"end":8,"url":null,"entity_id":"Q2990392","candidates":[]}],[],[]],[[{"start":0,"end":9,"url":null,"entity_id":"Q2990266","candidates":[]}],[],[]],[[{"start":0,"end":7,"url":null,"entity_id":"Q2990260","candidates":[]}],[],[]],[[{"start":0,"end":13,"url":null,"entity_id":"Q2990251","candidates":[]}],[],[]],[[{"start":0,"end":11,"url":null,"entity_id":"Q2990231","candidates":[]}],[],[]],[[{"start":0,"end":14,"url":null,"entity_id":"Q2990222","candidates":[]}],[],[]],[[{"start":0,"end":13,"url":null,"entity_id":"Q2990215","candidates":[]}],[],[]],[[{"start":0,"end":30,"url":null,"entity_id":"Q2990209","candidates":[]}],[],[]],[[{"start":0,"end":13,"url":null,"entity_id":"Q2990199","candidates":[]}],[],[]],[[{"start":0,"end":6,"url":null,"entity_id":"Q4428938","candidates":[]}],[],[]]]}