{"version":"1.2","table":{"version":"2","table_id":"Z7JJ3IYB","columns":[{"index":0,"name":"col0","values":["figure skating at the 1988 Winter Olympics – ice dance","figure skating at the 1994 Winter Olympics – ice dancing","figure skating at the 1980 Winter Olympics – ice dance","figure skating at the 1976 Winter Olympics – men","figure skating at the 1992 Winter Olympics – pairs","figure skating at the 1960 Winter Olympics – women's singles","figure skating at the 1964 Winter Olympics – ladies","figure skating at the 2002 Winter Olympics – men","figure skating at the 1998 Winter Olympics – ice dance","figure skating at the 2002 Winter Olympics – ice dance","figure skating at the 1992 Winter Olympics – men's singles","figure skating at the 2010 Winter Olympics – ice dancing","figure skating at the 1976 Winter Olympics – ice dance","figure skating at the 1984 Winter Olympics – men","figure skating at the 1960 Winter Olympics – men's singles","figure skating at the 1956 Winter Olympics – men's singles","figure skating at the 1968 Winter Olympics – men","figure skating at the 1976 Winter Olympics – ladies","figure skating at the 1956 Winter Olympics – pair skating","figure skating at the 1980 Winter Olympics – ladies"]},{"index":1,"name":"col1","values":["ice dance","ice dance","ice dance","men's singles","pair skating","ladies' singles","ladies' singles","men's singles","ice dance","ice dance","men's singles","ice dance","ice dance","men's singles","men's singles","men's singles","men's singles","ladies' singles","pair skating","ladies' singles"]},{"index":2,"name":"col2","values":["Roy Mason","Mary Parry","Gerhardt Bubník","Geoffrey Yates","Hideo Sugita","Emil Skákala","Emil Skákala","Mieko Fujimori","Halina Gordon-Półtorak","Halina Gordon-Półtorak","Fabio Bianchetti","Marika Humphreys","Maria Zuchowicz","Margaret Crosland","Deane McMinn","Ralph McCreath","Ralph McCreath","Ralph McCreath","Ralph McCreath","Markus Germann"]}]},"context":{"page_title":null,"page_url":null,"page_entity_id":null,"content_hierarchy":[]},"links":[[[{"start":0,"end":56,"url":null,"entity_id":"Q5448039","candidates":[]}],[{"start":0,"end":9,"url":null,"entity_id":"Q926191","candidates":[]}],[{"start":0,"end":10,"url":null,"entity_id":"Q28659916","candidates":[]}]],[[{"start":0,"end":54,"url":null,"entity_id":"Q7339449","candidates":[]}],[{"start":0,"end":9,"url":null,"entity_id":"Q926191","candidates":[]}],[{"start":0,"end":15,"url":null,"entity_id":"Q22977905","candidates":[]}]],[[{"start":0,"end":48,"url":null,"entity_id":"Q1005344","candidates":[]}],[{"start":0,"end":13,"url":null,"entity_id":"Q4305887","candidates":[]}],[{"start":0,"end":14,"url":null,"entity_id":"Q27920724","candidates":[]}]],[[{"start":0,"end":50,"url":null,"entity_id":"Q5197733","candidates":[]}],[{"start":0,"end":12,"url":null,"entity_id":"Q1682809","candidates":[]}],[{"start":0,"end":12,"url":null,"entity_id":"Q11522318","candidates":[]}]],[[{"start":0,"end":60,"url":null,"entity_id":"Q5070459","candidates":[]}],[{"start":0,"end":15,"url":null,"entity_id":"Q4179462","candidates":[]}],[{"start":0,"end":12,"url":null,"entity_id":"Q13408520","candidates":[]}]],[[{"start":0,"end":51,"url":null,"entity_id":"Q4740623","candidates":[]}],[{"start":0,"end":15,"url":null,"entity_id":"Q4179462","candidates":[]}],[{"start":0,"end":12,"url":null,"entity_id":"Q13408520","candidates":[]}]],[[{"start":0,"end":48,"url":null,"entity_id":"Q5644525","candidates":[]}],[{"start":0,"end":13,"url":null,"entity_id":"Q4305887","candidates":[]}],[{"start":0,"end":14,"url":null,"entity_id":"Q11624438","candidates":[]}]],[[{"start":0,"end":54,"url":null,"entity_id":"Q6344577","candidates":[]}],[{"start":0,"end":9,"url":null,"entity_id":"Q926191","candidates":[]}],[{"start":0,"end":22,"url":null,"entity_id":"Q5642359","candidates":[]}]],[[{"start":0,"end":54,"url":null,"entity_id":"Q5181856","candidates":[]}],[{"start":0,"end":9,"url":null,"entity_id":"Q926191","candidates":[]}],[{"start":0,"end":22,"url":null,"entity_id":"Q5642359","candidates":[]}]],[[{"start":0,"end":58,"url":null,"entity_id":"Q5070558","candidates":[]}],[{"start":0,"end":13,"url":null,"entity_id":"Q4305887","candidates":[]}],[{"start":0,"end":16,"url":null,"entity_id":"Q5427798","candidates":[]}]],[[{"start":0,"end":56,"url":null,"entity_id":"Q586832","candidates":[]}],[{"start":0,"end":9,"url":null,"entity_id":"Q926191","candidates":[]}],[{"start":0,"end":16,"url":null,"entity_id":"Q6763405","candidates":[]}]],[[{"start":0,"end":54,"url":null,"entity_id":"Q1102665","candidates":[]}],[{"start":0,"end":9,"url":null,"entity_id":"Q926191","candidates":[]}],[{"start":0,"end":15,"url":null,"entity_id":"Q6761675","candidates":[]}]],[[{"start":0,"end":48,"url":null,"entity_id":"Q4892856","candidates":[]}],[{"start":0,"end":13,"url":null,"entity_id":"Q4305887","candidates":[]}],[{"start":0,"end":17,"url":null,"entity_id":"Q6759309","candidates":[]}]],[[{"start":0,"end":58,"url":null,"entity_id":"Q4960744","candidates":[]}],[{"start":0,"end":13,"url":null,"entity_id":"Q4305887","candidates":[]}],[{"start":0,"end":12,"url":null,"entity_id":"Q5246710","candidates":[]}]],[[{"start":0,"end":58,"url":null,"entity_id":"Q5448035","candidates":[]}],[{"start":0,"end":13,"url":null,"entity_id":"Q4305887","candidates":[]}],[{"start":0,"end":14,"url":null,"entity_id":"Q7287841","candidates":[]}]],[[{"start":0,"end":48,"url":null,"entity_id":"Q4739969","candidates":[]}],[{"start":0,"end":13,"url":null,"entity_id":"Q4305887","candidates":[]}],[{"start":0,"end":14,"url":null,"entity_id":"Q7287841","candidates":[]}]],[[{"start":0,"end":51,"url":null,"entity_id":"Q1222282","candidates":[]}],[{"start":0,"end":15,"url":null,"entity_id":"Q4179462","candidates":[]}],[{"start":0,"end":14,"url":null,"entity_id":"Q7287841","candidates":[]}]],[[{"start":0,"end":57,"url":null,"entity_id":"Q5448034","candidates":[]}],[{"start":0,"end":12,"url":null,"entity_id":"Q1682809","candidates":[]}],[{"start":0,"end":14,"url":null,"entity_id":"Q7287841","candidates":[]}]],[[{"start":0,"end":51,"url":null,"entity_id":"Q4489816","candidates":[]}],[{"start":0,"end":15,"url":null,"entity_id":"Q4179462","candidates":[]}],[{"start":0,"end":14,"url":null,"entity_id":"Q6771447","candidates":[]}]],[[{"start":0,"end":54,"url":null,"entity_id":"Q7338985","candidates":[]}],[{"start":0,"end":9,"url":null,"entity_id":"Q926191","candidates":[]}],[{"start":0,"end":9,"url":null,"entity_id":"Q28659918","candidates":[]}]]]}