{"version":"1.2","table":{"version":"2","table_id":"Z7KSVK48","columns":[{"index":0,"name":"col0","values":["Jewish cemetery in Třešť","Jewish cemetery in Telice","Jewish cemetery in Souš","Jewish cemetery in Radnice","Židovský hřbitov v Polici","Jewish cemetery in Nýrsko","Jewish cemetery in Neveklov","Jewish cemetery in Liteň","Jewish cemetery in Kolinec","Jewish community in Kojetín","Jewish cemetery in Klatovy","Jewish Cemetery in Jemnice","Jewish cemetery in Janovice nad Úhlavou","Jewish cemetery in Horní Cerekev","Jewish cemetery in Golčův Jeníkov","Jewish cemetery Dolní Kounice","Jewish Cemetery in Břeclav","Jewish cemetery in Běleč-Elbančice","Jewish cemetery in Pravonín","Jewish cemetery, Bayonne"]},{"index":1,"name":"col1","values":["cultural monument of the Czech Republic","cultural monument of the Czech Republic","cultural monument of the Czech Republic","cultural monument of the Czech Republic","cultural monument of the Czech Republic","cultural monument of the Czech Republic","cultural monument of the Czech Republic","cultural monument of the Czech Republic","cultural monument of the Czech Republic","cultural monument of the Czech Republic","cultural monument of the Czech Republic","cultural monument of the Czech Republic","cultural monument of the Czech Republic","cultural monument of the Czech Republic","cultural monument of the Czech Republic","cultural monument of the Czech Republic","cultural monument of the Czech Republic","cultural monument of the Czech Republic","cultural monument of the Czech Republic","registered historic monument"]},{"index":2,"name":"col2","values":["1700-01-01","1800-01-01","1878-01-01","1600-01-01","1623-01-01","1500-01-01","1689-01-01","1680-01-01","1871-01-01","1600-01-01","1871-01-01","1323-01-01","1723-01-01","1700-01-01","1800-01-01","1680-01-01","1700-01-01","1800-01-01","1737-01-01","1689-01-01"]},{"index":3,"name":"col3","values":["Czech Republic","Czech Republic","Czech Republic","Czech Republic","Czech Republic","Czech Republic","Czech Republic","Czech Republic","Czech Republic","Czech Republic","Czech Republic","Czech Republic","Czech Republic","Czech Republic","Czech Republic","Czech Republic","Czech Republic","Czech Republic","Czech Republic","France"]}]},"context":{"page_title":null,"page_url":null,"page_entity_id":null,"content_hierarchy":[]},"links":[[[{"start":0,"end":25,"url":null,"entity_id":"Q10290339","candidates":[]}],[{"start":0,"end":39,"url":null,"entity_id":"Q385405","candidates":[]}],[],[{"start":0,"end":14,"url":null,"entity_id":"Q213","candidates":[]}]],[[{"start":0,"end":23,"url":null,"entity_id":"Q10290312","candidates":[]}],[{"start":0,"end":39,"url":null,"entity_id":"Q385405","candidates":[]}],[],[{"start":0,"end":14,"url":null,"entity_id":"Q213","candidates":[]}]],[[{"start":0,"end":26,"url":null,"entity_id":"Q10290171","candidates":[]}],[{"start":0,"end":39,"url":null,"entity_id":"Q385405","candidates":[]}],[],[{"start":0,"end":14,"url":null,"entity_id":"Q213","candidates":[]}]],[[{"start":0,"end":25,"url":null,"entity_id":"Q10289696","candidates":[]}],[{"start":0,"end":39,"url":null,"entity_id":"Q385405","candidates":[]}],[],[{"start":0,"end":14,"url":null,"entity_id":"Q213","candidates":[]}]],[[{"start":0,"end":25,"url":null,"entity_id":"Q10289260","candidates":[]}],[{"start":0,"end":39,"url":null,"entity_id":"Q385405","candidates":[]}],[],[{"start":0,"end":14,"url":null,"entity_id":"Q213","candidates":[]}]],[[{"start":0,"end":27,"url":null,"entity_id":"Q10289013","candidates":[]}],[{"start":0,"end":39,"url":null,"entity_id":"Q385405","candidates":[]}],[],[{"start":0,"end":14,"url":null,"entity_id":"Q213","candidates":[]}]],[[{"start":0,"end":24,"url":null,"entity_id":"Q10288414","candidates":[]}],[{"start":0,"end":39,"url":null,"entity_id":"Q385405","candidates":[]}],[],[{"start":0,"end":14,"url":null,"entity_id":"Q213","candidates":[]}]],[[{"start":0,"end":26,"url":null,"entity_id":"Q10287750","candidates":[]}],[{"start":0,"end":39,"url":null,"entity_id":"Q385405","candidates":[]}],[],[{"start":0,"end":14,"url":null,"entity_id":"Q213","candidates":[]}]],[[{"start":0,"end":27,"url":null,"entity_id":"Q10287729","candidates":[]}],[{"start":0,"end":39,"url":null,"entity_id":"Q385405","candidates":[]}],[],[{"start":0,"end":14,"url":null,"entity_id":"Q213","candidates":[]}]],[[{"start":0,"end":26,"url":null,"entity_id":"Q10287699","candidates":[]}],[{"start":0,"end":39,"url":null,"entity_id":"Q385405","candidates":[]}],[],[{"start":0,"end":14,"url":null,"entity_id":"Q213","candidates":[]}]],[[{"start":0,"end":26,"url":null,"entity_id":"Q10287430","candidates":[]}],[{"start":0,"end":39,"url":null,"entity_id":"Q385405","candidates":[]}],[],[{"start":0,"end":14,"url":null,"entity_id":"Q213","candidates":[]}]],[[{"start":0,"end":39,"url":null,"entity_id":"Q10287389","candidates":[]}],[{"start":0,"end":39,"url":null,"entity_id":"Q385405","candidates":[]}],[],[{"start":0,"end":14,"url":null,"entity_id":"Q213","candidates":[]}]],[[{"start":0,"end":32,"url":null,"entity_id":"Q10287119","candidates":[]}],[{"start":0,"end":39,"url":null,"entity_id":"Q385405","candidates":[]}],[],[{"start":0,"end":14,"url":null,"entity_id":"Q213","candidates":[]}]],[[{"start":0,"end":33,"url":null,"entity_id":"Q10286930","candidates":[]}],[{"start":0,"end":39,"url":null,"entity_id":"Q385405","candidates":[]}],[],[{"start":0,"end":14,"url":null,"entity_id":"Q213","candidates":[]}]],[[{"start":0,"end":29,"url":null,"entity_id":"Q10286778","candidates":[]}],[{"start":0,"end":39,"url":null,"entity_id":"Q385405","candidates":[]}],[],[{"start":0,"end":14,"url":null,"entity_id":"Q213","candidates":[]}]],[[{"start":0,"end":26,"url":null,"entity_id":"Q10286526","candidates":[]}],[{"start":0,"end":39,"url":null,"entity_id":"Q385405","candidates":[]}],[],[{"start":0,"end":14,"url":null,"entity_id":"Q213","candidates":[]}]],[[{"start":0,"end":34,"url":null,"entity_id":"Q10286497","candidates":[]}],[{"start":0,"end":39,"url":null,"entity_id":"Q385405","candidates":[]}],[],[{"start":0,"end":14,"url":null,"entity_id":"Q213","candidates":[]}]],[[{"start":0,"end":27,"url":null,"entity_id":"Q13435259","candidates":[]}],[{"start":0,"end":39,"url":null,"entity_id":"Q385405","candidates":[]}],[],[{"start":0,"end":14,"url":null,"entity_id":"Q213","candidates":[]}]],[[{"start":0,"end":24,"url":null,"entity_id":"Q12254687","candidates":[]}],[{"start":0,"end":28,"url":null,"entity_id":"Q10387575","candidates":[]}],[],[{"start":0,"end":6,"url":null,"entity_id":"Q142","candidates":[]}]],[[{"start":0,"end":24,"url":null,"entity_id":"Q10290594","candidates":[]}],[{"start":0,"end":39,"url":null,"entity_id":"Q385405","candidates":[]}],[],[{"start":0,"end":14,"url":null,"entity_id":"Q213","candidates":[]}]]]}