{"version":"1.2","table":{"version":"2","table_id":"ZBCY3YAL","columns":[{"index":0,"name":"col0","values":["NGC 5696","NGC 5677","NGC 5659","NGC 5529","NGC 5499","NGC 5610","NGC 5792","NGC 5766","NGC 1512","Gliese 146","Teide 1","Omicron1 Canis Majoris","NGC 1260","Circinus Galaxy","NGC 3281","NGC 185","NGC 6628","NGC 7135","NGC 3395","NGC 4314"]},{"index":1,"name":"col1","values":["[CHM2007] HDC 882","[CHM2007] HDC 875","[CHM2007] HDC 875","[CHM2007] HDC 865","[CHM2007] HDC 856","Coma Cluster","[TSK2008] 673","[CHM2007] LDC 1080","[CHM2007] HDC 257","Hyades Stream","Pleiades","C 0652-245","Perseus Cluster","[CHM2007] LDC 993","Antlia Cluster","Local Group","[CHM2007] LDC 1300","[CHM2007] LDC 1496","[CHM2007] HDC 609","[CHM2007] HDC 706"]},{"index":2,"name":"col2","values":["Boötes","Boötes","Boötes","Boötes","Boötes","Boötes","Libra","Libra","Horologium","Horologium","Taurus","Canis Major","Perseus","Circinus","Antlia","Cassiopeia","Hercules","Piscis Austrinus","Leo Minor","Coma Berenices"]}]},"context":{"page_title":null,"page_url":null,"page_entity_id":null,"content_hierarchy":[]},"links":[[[{"start":0,"end":8,"url":null,"entity_id":"Q1121966","candidates":[]}],[{"start":0,"end":17,"url":null,"entity_id":"Q67623695","candidates":[]}],[{"start":0,"end":6,"url":null,"entity_id":"Q8667","candidates":[]}]],[[{"start":0,"end":8,"url":null,"entity_id":"Q1121792","candidates":[]}],[{"start":0,"end":17,"url":null,"entity_id":"Q67623695","candidates":[]}],[{"start":0,"end":6,"url":null,"entity_id":"Q8667","candidates":[]}]],[[{"start":0,"end":8,"url":null,"entity_id":"Q1120780","candidates":[]}],[{"start":0,"end":17,"url":null,"entity_id":"Q67623684","candidates":[]}],[{"start":0,"end":6,"url":null,"entity_id":"Q8667","candidates":[]}]],[[{"start":0,"end":8,"url":null,"entity_id":"Q1120432","candidates":[]}],[{"start":0,"end":17,"url":null,"entity_id":"Q67623674","candidates":[]}],[{"start":0,"end":6,"url":null,"entity_id":"Q8667","candidates":[]}]],[[{"start":0,"end":8,"url":null,"entity_id":"Q1121423","candidates":[]}],[{"start":0,"end":12,"url":null,"entity_id":"Q870674","candidates":[]}],[{"start":0,"end":6,"url":null,"entity_id":"Q8667","candidates":[]}]],[[{"start":0,"end":8,"url":null,"entity_id":"Q478625","candidates":[]}],[{"start":0,"end":13,"url":null,"entity_id":"Q67797186","candidates":[]}],[{"start":0,"end":5,"url":null,"entity_id":"Q10580","candidates":[]}]],[[{"start":0,"end":8,"url":null,"entity_id":"Q587772","candidates":[]}],[{"start":0,"end":18,"url":null,"entity_id":"Q67623947","candidates":[]}],[{"start":0,"end":5,"url":null,"entity_id":"Q10580","candidates":[]}]],[[{"start":0,"end":8,"url":null,"entity_id":"Q494000","candidates":[]}],[{"start":0,"end":17,"url":null,"entity_id":"Q67622976","candidates":[]}],[{"start":0,"end":10,"url":null,"entity_id":"Q10574","candidates":[]}]],[[{"start":0,"end":10,"url":null,"entity_id":"Q549906","candidates":[]}],[{"start":0,"end":13,"url":null,"entity_id":"Q1065564","candidates":[]}],[{"start":0,"end":10,"url":null,"entity_id":"Q10574","candidates":[]}]],[[{"start":0,"end":7,"url":null,"entity_id":"Q484148","candidates":[]}],[{"start":0,"end":8,"url":null,"entity_id":"Q13423","candidates":[]}],[{"start":0,"end":6,"url":null,"entity_id":"Q10570","candidates":[]}]],[[{"start":0,"end":22,"url":null,"entity_id":"Q541042","candidates":[]}],[{"start":0,"end":10,"url":null,"entity_id":"Q3696404","candidates":[]}],[{"start":0,"end":11,"url":null,"entity_id":"Q10538","candidates":[]}]],[[{"start":0,"end":8,"url":null,"entity_id":"Q496348","candidates":[]}],[{"start":0,"end":15,"url":null,"entity_id":"Q1200684","candidates":[]}],[{"start":0,"end":7,"url":null,"entity_id":"Q10511","candidates":[]}]],[[{"start":0,"end":15,"url":null,"entity_id":"Q541325","candidates":[]}],[{"start":0,"end":17,"url":null,"entity_id":"Q67625752","candidates":[]}],[{"start":0,"end":8,"url":null,"entity_id":"Q10508","candidates":[]}]],[[{"start":0,"end":8,"url":null,"entity_id":"Q373879","candidates":[]}],[{"start":0,"end":14,"url":null,"entity_id":"Q61187","candidates":[]}],[{"start":0,"end":6,"url":null,"entity_id":"Q10481","candidates":[]}]],[[{"start":0,"end":7,"url":null,"entity_id":"Q490334","candidates":[]}],[{"start":0,"end":11,"url":null,"entity_id":"Q3944","candidates":[]}],[{"start":0,"end":10,"url":null,"entity_id":"Q10464","candidates":[]}]],[[{"start":0,"end":8,"url":null,"entity_id":"Q581579","candidates":[]}],[{"start":0,"end":18,"url":null,"entity_id":"Q67624223","candidates":[]}],[{"start":0,"end":8,"url":null,"entity_id":"Q10448","candidates":[]}]],[[{"start":0,"end":8,"url":null,"entity_id":"Q512722","candidates":[]}],[{"start":0,"end":18,"url":null,"entity_id":"Q67624441","candidates":[]}],[{"start":0,"end":16,"url":null,"entity_id":"Q10409","candidates":[]}]],[[{"start":0,"end":8,"url":null,"entity_id":"Q585771","candidates":[]}],[{"start":0,"end":17,"url":null,"entity_id":"Q67623375","candidates":[]}],[{"start":0,"end":9,"url":null,"entity_id":"Q10403","candidates":[]}]],[[{"start":0,"end":8,"url":null,"entity_id":"Q280420","candidates":[]}],[{"start":0,"end":17,"url":null,"entity_id":"Q67623491","candidates":[]}],[{"start":0,"end":14,"url":null,"entity_id":"Q9285","candidates":[]}]],[[{"start":0,"end":8,"url":null,"entity_id":"Q1122166","candidates":[]}],[{"start":0,"end":17,"url":null,"entity_id":"Q67623703","candidates":[]}],[{"start":0,"end":6,"url":null,"entity_id":"Q8667","candidates":[]}]]]}