[{"version":1,"nodes":[{"col_index":0,"label":"col0","id":0},{"col_index":1,"label":"col1","id":1},{"col_index":2,"label":"col2","id":2},{"col_index":3,"label":"col3","id":3},{"abs_uri":"http://www.wikidata.org/entity/Q81917","rel_uri":"wd:Q81917","approximation":false,"readable_label":"fortified tower (Q81917)","id":4}],"edges":[{"source":4,"target":0,"abs_uri":"http://www.w3.org/2000/01/rdf-schema#label","rel_uri":"rdfs:label","approximation":false,"readable_label":"rdfs:label","id":0},{"source":4,"target":1,"abs_uri":"http://www.wikidata.org/prop/P361","rel_uri":"p:P361","approximation":false,"readable_label":"part of (P361)","id":1},{"source":4,"target":3,"abs_uri":"http://www.wikidata.org/prop/P1435","rel_uri":"p:P1435","approximation":false,"readable_label":"heritage designation (P1435)","id":2},{"source":4,"target":2,"abs_uri":"http://www.wikidata.org/prop/P571","rel_uri":"p:P571","approximation":false,"readable_label":"inception (P571)","id":3}]}]