[{"version":1,"nodes":[{"col_index":0,"label":"col0","id":0},{"col_index":1,"label":"col1","id":1},{"col_index":2,"label":"col2","id":2},{"abs_uri":"http://www.wikidata.org/entity/Q726611","rel_uri":"wd:Q726611","approximation":false,"readable_label":"starburst galaxy (Q726611)","id":3},{"abs_uri":"http://www.wikidata.org/entity/Q5","rel_uri":"wd:Q5","approximation":false,"readable_label":"human (Q5)","id":4}],"edges":[{"source":3,"target":0,"abs_uri":"http://www.w3.org/2000/01/rdf-schema#label","rel_uri":"rdfs:label","approximation":false,"readable_label":"rdfs:label","id":0},{"source":4,"target":2,"abs_uri":"http://www.w3.org/2000/01/rdf-schema#label","rel_uri":"rdfs:label","approximation":false,"readable_label":"rdfs:label","id":1},{"source":3,"target":4,"abs_uri":"http://www.wikidata.org/prop/P61","rel_uri":"p:P61","approximation":false,"readable_label":"discoverer or inventor (P61)","id":2},{"source":3,"target":1,"abs_uri":"http://www.wikidata.org/prop/P575","rel_uri":"p:P575","approximation":false,"readable_label":"time of discovery or invention (P575)","id":3}]}]