[{"version":1,"nodes":[{"col_index":0,"label":"Fans' Rank","id":0},{"col_index":1,"label":"Title","id":1},{"col_index":2,"label":"Year","id":2},{"col_index":3,"label":"Director(s)","id":3},{"col_index":4,"label":"Overall Rank","id":4},{"abs_uri":"http://dbpedia.org/ontology/Film","rel_uri":"http://dbpedia.org/ontology/Film","approximation":false,"readable_label":"http://dbpedia.org/ontology/Film","id":5},{"abs_uri":"http://dbpedia.org/ontology/Person","rel_uri":"http://dbpedia.org/ontology/Person","approximation":false,"readable_label":"http://dbpedia.org/ontology/Person","id":6}],"edges":[{"source":5,"target":1,"abs_uri":"http://www.w3.org/2000/01/rdf-schema#label","rel_uri":"http://www.w3.org/2000/01/rdf-schema#label","approximation":false,"readable_label":"http://www.w3.org/2000/01/rdf-schema#label","id":0},{"source":6,"target":3,"abs_uri":"http://www.w3.org/2000/01/rdf-schema#label","rel_uri":"http://www.w3.org/2000/01/rdf-schema#label","approximation":false,"readable_label":"http://www.w3.org/2000/01/rdf-schema#label","id":1},{"source":5,"target":2,"abs_uri":"http://dbpedia.org/ontology/releaseDate","rel_uri":"http://dbpedia.org/ontology/releaseDate","approximation":false,"readable_label":"http://dbpedia.org/ontology/releaseDate","id":2},{"source":5,"target":6,"abs_uri":"http://dbpedia.org/ontology/director","rel_uri":"http://dbpedia.org/ontology/director","approximation":false,"readable_label":"http://dbpedia.org/ontology/director","id":3}]}]