{"version":2,"table":{"version":2,"table_id":"EVZL4GAK","columns":[{"index":0,"name":"col0","values":["Ella du Toit","Cocoro Nebasei","Kross' father","Abia","Kurotowa"]},{"index":1,"name":"col1","values":["40","25","32","25","27"]}]},"context":{"version":3,"page_title":null,"page_url":null,"entities":[],"literals":[],"content_hierarchy":[]},"links":[[[{"version":2,"start":0,"end":12,"url":null,"entities":[{"id":"Q65963803","type":"wikidata"}]}],[]],[[{"version":2,"start":0,"end":14,"url":null,"entities":[{"id":"Q65271655","type":"wikidata"}]}],[]],[[{"version":2,"start":0,"end":13,"url":null,"entities":[{"id":"Q64819647","type":"wikidata"}]}],[]],[[{"version":2,"start":0,"end":4,"url":null,"entities":[{"id":"Q64741598","type":"wikidata"}]}],[]],[[{"version":2,"start":0,"end":8,"url":null,"entities":[{"id":"Q64141315","type":"wikidata"}]}],[]]]}