{"version":2,"table":{"version":2,"table_id":"F0OBBO1C","columns":[{"index":0,"name":"col0","values":["Scotland County","Carteret County","Martin County","Caswell County"]},{"index":1,"name":"col1","values":["34174","67686","22031","22736"]}]},"context":{"version":3,"page_title":null,"page_url":null,"entities":[],"literals":[],"content_hierarchy":[]},"links":[[[{"version":2,"start":0,"end":15,"url":null,"entities":[{"id":"Q506690","type":"wikidata"}]}],[]],[[{"version":2,"start":0,"end":15,"url":null,"entities":[{"id":"Q497817","type":"wikidata"}]}],[]],[[{"version":2,"start":0,"end":13,"url":null,"entities":[{"id":"Q505359","type":"wikidata"}]}],[]],[[{"version":2,"start":0,"end":14,"url":null,"entities":[{"id":"Q504428","type":"wikidata"}]}],[]]]}