{"version":2,"table":{"version":2,"table_id":"FFLOVH43","columns":[{"index":0,"name":"col0","values":["Secret Santc","Hunting Grouod","Eattle Hymn"]},{"index":1,"name":"col1","values":["","Christopher Golden",""]}]},"context":{"version":3,"page_title":null,"page_url":null,"entities":[],"literals":[],"content_hierarchy":[]},"links":[[[{"version":2,"start":0,"end":12,"url":null,"entities":[{"id":"Q100256422","type":"wikidata"}]}],[]],[[{"version":2,"start":0,"end":14,"url":null,"entities":[{"id":"Q5944907","type":"wikidata"}]}],[{"version":2,"start":0,"end":18,"url":null,"entities":[{"id":"Q1995311","type":"wikidata"}]}]],[[{"version":2,"start":0,"end":11,"url":null,"entities":[{"id":"Q3636846","type":"wikidata"}]}],[]]]}