{"version":2,"table":{"version":2,"table_id":"FHDN1I2I","columns":[{"index":0,"name":"col0","values":["Tempio della Vittoria","Aapravasi Ghat","Vaillantlaan","Strathmore"]},{"index":1,"name":"col1","values":["Italy","Mauritius","Netherlands","United States of America"]}]},"context":{"version":3,"page_title":null,"page_url":null,"entities":[],"literals":[],"content_hierarchy":[]},"links":[[[{"version":2,"start":0,"end":21,"url":null,"entities":[{"id":"Q3944597","type":"wikidata"}]}],[{"version":2,"start":0,"end":5,"url":null,"entities":[{"id":"Q38","type":"wikidata"}]}]],[[{"version":2,"start":0,"end":14,"url":null,"entities":[{"id":"Q9276","type":"wikidata"}]}],[{"version":2,"start":0,"end":9,"url":null,"entities":[{"id":"Q1027","type":"wikidata"}]}]],[[{"version":2,"start":0,"end":12,"url":null,"entities":[{"id":"Q2328338","type":"wikidata"}]}],[{"version":2,"start":0,"end":11,"url":null,"entities":[{"id":"Q55","type":"wikidata"}]}]],[[{"version":2,"start":0,"end":10,"url":null,"entities":[{"id":"Q7622139","type":"wikidata"}]}],[{"version":2,"start":0,"end":24,"url":null,"entities":[{"id":"Q30","type":"wikidata"}]}]]]}