{"version":2,"table":{"version":2,"table_id":"FJ1KRBCJ","columns":[{"index":0,"name":"col0","values":["Lenham","Hythe","Attleborough"]},{"index":1,"name":"col1","values":["23.4906","","21.9"]},{"index":2,"name":"col2","values":["","14170",""]}]},"context":{"version":3,"page_title":null,"page_url":null,"entities":[],"literals":[],"content_hierarchy":[]},"links":[[[{"version":2,"start":0,"end":6,"url":null,"entities":[{"id":"Q3246334","type":"wikidata"}]}],[],[]],[[{"version":2,"start":0,"end":5,"url":null,"entities":[{"id":"Q967166","type":"wikidata"}]}],[],[]],[[{"version":2,"start":0,"end":12,"url":null,"entities":[{"id":"Q1975526","type":"wikidata"}]}],[],[]]]}