{"version":2,"table":{"version":2,"table_id":"FNFWRNP2","columns":[{"index":0,"name":"col0","values":["Hayes Township","Hayes Township"]},{"index":1,"name":"col1","values":["","439"]}]},"context":{"version":3,"page_title":null,"page_url":null,"entities":[],"literals":[],"content_hierarchy":[]},"links":[[[{"version":2,"start":0,"end":14,"url":null,"entities":[{"id":"Q5406529","type":"wikidata"}]}],[]],[[{"version":2,"start":0,"end":14,"url":null,"entities":[{"id":"Q1893371","type":"wikidata"}]}],[]]]}