{"version":2,"table":{"version":2,"table_id":"FRROHG3R","columns":[{"index":0,"name":"col0","values":["Banya","Arda","Bohot","Belitsa","Barakovo"]},{"index":1,"name":"col1","values":["34.017","17.928","46489","73.353","7.979"]},{"index":2,"name":"col2","values":["520","1003","331","962","386"]},{"index":3,"name":"col3","values":["592","205","504","26","213"]}]},"context":{"version":3,"page_title":null,"page_url":null,"entities":[],"literals":[],"content_hierarchy":[]},"links":[[[{"version":2,"start":0,"end":5,"url":null,"entities":[{"id":"Q2653189","type":"wikidata"}]}],[],[],[]],[[{"version":2,"start":0,"end":4,"url":null,"entities":[{"id":"Q2653130","type":"wikidata"}]}],[],[],[]],[[{"version":2,"start":0,"end":5,"url":null,"entities":[{"id":"Q2653115","type":"wikidata"}]}],[],[],[]],[[{"version":2,"start":0,"end":7,"url":null,"entities":[{"id":"Q2653106","type":"wikidata"}]}],[],[],[]],[[{"version":2,"start":0,"end":8,"url":null,"entities":[{"id":"Q2653100","type":"wikidata"}]}],[],[],[]]]}