{"version":2,"table":{"version":2,"table_id":"FZ93286S","columns":[{"index":0,"name":"col0","values":["Imperial Academy","Pontifical Academy of Sciences"]},{"index":1,"name":"col1","values":["","Category:Members of the Pontifical Academy of Sciences"]}]},"context":{"version":3,"page_title":null,"page_url":null,"entities":[],"literals":[],"content_hierarchy":[]},"links":[[[{"version":2,"start":0,"end":16,"url":null,"entities":[{"id":"Q11481015","type":"wikidata"}]}],[]],[[{"version":2,"start":0,"end":30,"url":null,"entities":[{"id":"Q938622","type":"wikidata"}]}],[{"version":2,"start":0,"end":54,"url":null,"entities":[{"id":"Q9024083","type":"wikidata"}]}]]]}