{"version":2,"table":{"version":2,"table_id":"G34BAIP2","columns":[{"index":0,"name":"col0","values":["butylated hydroxytoluene","isophorone diisocyanate","disulfur dichloride","hydrogenated terphenyls"]},{"index":1,"name":"col1","values":["1.05","1.06","1.68",""]}]},"context":{"version":3,"page_title":null,"page_url":null,"entities":[],"literals":[],"content_hierarchy":[]},"links":[[[{"version":2,"start":0,"end":24,"url":null,"entities":[{"id":"Q221945","type":"wikidata"}]}],[]],[[{"version":2,"start":0,"end":23,"url":null,"entities":[{"id":"Q415415","type":"wikidata"}]}],[]],[[{"version":2,"start":0,"end":19,"url":null,"entities":[{"id":"Q414657","type":"wikidata"}]}],[]],[[{"version":2,"start":0,"end":23,"url":null,"entities":[{"id":"Q21057324","type":"wikidata"}]}],[]]]}