{"version":2,"table":{"version":2,"table_id":"GCR3TLV2","columns":[{"index":0,"name":"col0","values":["Marneuli","Tkibuli","Gurjaani","Gantiadi"]},{"index":1,"name":"col1","values":["27557","23153","12872",""]}]},"context":{"version":3,"page_title":null,"page_url":null,"entities":[],"literals":[],"content_hierarchy":[]},"links":[[[{"version":2,"start":0,"end":8,"url":null,"entities":[{"id":"Q770336","type":"wikidata"}]}],[]],[[{"version":2,"start":0,"end":7,"url":null,"entities":[{"id":"Q941980","type":"wikidata"}]}],[]],[[{"version":2,"start":0,"end":8,"url":null,"entities":[{"id":"Q1011047","type":"wikidata"}]}],[]],[[{"version":2,"start":0,"end":8,"url":null,"entities":[{"id":"Q2508003","type":"wikidata"}]}],[]]]}