{"version":2,"table":{"version":2,"table_id":"GDDN6HIR","columns":[{"index":0,"name":"col0","values":["14-20 quai de la Mégisserie","Hertford College","Grupo Salas Pombo, Valencia","Jakob-Kaiser-Haus","Red Barracks, Nizhny Novgorod","Chernigovskaya street 12, Nizhny Novgorod","Weihenstephaner Steig 18–20"]},{"index":1,"name":"col1","values":["","university building","residential building","building","","","stair towers"]},{"index":2,"name":"col2","values":["dimension stone","","","","brick","brick",""]}]},"context":{"version":3,"page_title":null,"page_url":null,"entities":[],"literals":[],"content_hierarchy":[]},"links":[[[{"version":2,"start":0,"end":27,"url":null,"entities":[{"id":"Q19832936","type":"wikidata"}]}],[],[{"version":2,"start":0,"end":15,"url":null,"entities":[{"id":"Q121649","type":"wikidata"}]}]],[[{"version":2,"start":0,"end":16,"url":null,"entities":[{"id":"Q81090","type":"wikidata"}]}],[{"version":2,"start":0,"end":19,"url":null,"entities":[{"id":"Q19844914","type":"wikidata"}]}],[]],[[{"version":2,"start":0,"end":27,"url":null,"entities":[{"id":"Q109611942","type":"wikidata"}]}],[{"version":2,"start":0,"end":20,"url":null,"entities":[{"id":"Q11755880","type":"wikidata"}]}],[]],[[{"version":2,"start":0,"end":17,"url":null,"entities":[{"id":"Q1557444","type":"wikidata"}]}],[{"version":2,"start":0,"end":8,"url":null,"entities":[{"id":"Q41176","type":"wikidata"}]}],[]],[[{"version":2,"start":0,"end":29,"url":null,"entities":[{"id":"Q80828322","type":"wikidata"}]}],[],[{"version":2,"start":0,"end":5,"url":null,"entities":[{"id":"Q40089","type":"wikidata"}]}]],[[{"version":2,"start":0,"end":41,"url":null,"entities":[{"id":"Q77756790","type":"wikidata"}]}],[],[{"version":2,"start":0,"end":5,"url":null,"entities":[{"id":"Q40089","type":"wikidata"}]}]],[[{"version":2,"start":0,"end":27,"url":null,"entities":[{"id":"Q98650822","type":"wikidata"}]}],[{"version":2,"start":0,"end":12,"url":null,"entities":[{"id":"Q2451773","type":"wikidata"}]}],[]]]}