{"version":"1.2","table":{"version":"2","table_id":"HPQAB92M","columns":[{"index":0,"name":"col0","values":["arrondissement of La Roche-sur-Yon","arrondissement of Corte","arrondissement of Autun","arrondissement of Belfort","arrondissement of Strasbourg-Campagne","arrondissement of Apt","arrondissement of Argentan","arrondissement of Arcachon","arrondissement of Arles","arrondissement of Auch","arrondissement of Aubusson","arrondissement of Arras","arrondissement of Antony","arrondissement of Aurillac","arrondissement of Argelès-Gazost","arrondissement of Versailles","arrondissement of Montbard","arrondissement of Torcy","arrondissement of Dijon","arrondissement of Beaune"]},{"index":1,"name":"col1","values":["France","France","France","France","France","France","France","France","France","France","France","France","France","France","France","France","France","France","France","France"]},{"index":2,"name":"col2","values":["canton of Mareuil-sur-Lay-Dissais","canton of Niolu-Omessa","Autun","Belfort","canton of Truchtersheim","Canton of Cadenet","canton of Flers-Sud","canton of La Teste-de-Buch","canton of Saintes-Maries-de-la-Mer","canton of Auch-Sud-Est-Seissan","canton of Aubusson","canton of Pas-en-Artois","canton of Le Plessis-Robinson","canton of Jussac","Lourdes","Achères","canton of Aignay-le-Duc","canton of Chelles","canton of Nuits-Saint-Georges","canton of Arnay-le-Duc"]}]},"context":{"page_title":null,"page_url":null,"page_entity_id":null,"content_hierarchy":[]},"links":[[[{"start":0,"end":34,"url":null,"entity_id":"Q669556","candidates":[]}],[{"start":0,"end":6,"url":null,"entity_id":"Q142","candidates":[]}],[{"start":0,"end":33,"url":null,"entity_id":"Q527577","candidates":[]}]],[[{"start":0,"end":23,"url":null,"entity_id":"Q667555","candidates":[]}],[{"start":0,"end":6,"url":null,"entity_id":"Q142","candidates":[]}],[{"start":0,"end":22,"url":null,"entity_id":"Q523775","candidates":[]}]],[[{"start":0,"end":23,"url":null,"entity_id":"Q662088","candidates":[]}],[{"start":0,"end":6,"url":null,"entity_id":"Q142","candidates":[]}],[{"start":0,"end":5,"url":null,"entity_id":"Q190827","candidates":[]}]],[[{"start":0,"end":25,"url":null,"entity_id":"Q669222","candidates":[]}],[{"start":0,"end":6,"url":null,"entity_id":"Q142","candidates":[]}],[{"start":0,"end":7,"url":null,"entity_id":"Q171545","candidates":[]}]],[[{"start":0,"end":37,"url":null,"entity_id":"Q660855","candidates":[]}],[{"start":0,"end":6,"url":null,"entity_id":"Q142","candidates":[]}],[{"start":0,"end":23,"url":null,"entity_id":"Q167151","candidates":[]}]],[[{"start":0,"end":21,"url":null,"entity_id":"Q700451","candidates":[]}],[{"start":0,"end":6,"url":null,"entity_id":"Q142","candidates":[]}],[{"start":0,"end":17,"url":null,"entity_id":"Q739058","candidates":[]}]],[[{"start":0,"end":26,"url":null,"entity_id":"Q700472","candidates":[]}],[{"start":0,"end":6,"url":null,"entity_id":"Q142","candidates":[]}],[{"start":0,"end":19,"url":null,"entity_id":"Q539438","candidates":[]}]],[[{"start":0,"end":26,"url":null,"entity_id":"Q700461","candidates":[]}],[{"start":0,"end":6,"url":null,"entity_id":"Q142","candidates":[]}],[{"start":0,"end":26,"url":null,"entity_id":"Q373812","candidates":[]}]],[[{"start":0,"end":23,"url":null,"entity_id":"Q700484","candidates":[]}],[{"start":0,"end":6,"url":null,"entity_id":"Q142","candidates":[]}],[{"start":0,"end":34,"url":null,"entity_id":"Q224735","candidates":[]}]],[[{"start":0,"end":22,"url":null,"entity_id":"Q700509","candidates":[]}],[{"start":0,"end":6,"url":null,"entity_id":"Q142","candidates":[]}],[{"start":0,"end":30,"url":null,"entity_id":"Q200820","candidates":[]}]],[[{"start":0,"end":26,"url":null,"entity_id":"Q700507","candidates":[]}],[{"start":0,"end":6,"url":null,"entity_id":"Q142","candidates":[]}],[{"start":0,"end":18,"url":null,"entity_id":"Q182582","candidates":[]}]],[[{"start":0,"end":23,"url":null,"entity_id":"Q700495","candidates":[]}],[{"start":0,"end":6,"url":null,"entity_id":"Q142","candidates":[]}],[{"start":0,"end":23,"url":null,"entity_id":"Q164034","candidates":[]}]],[[{"start":0,"end":24,"url":null,"entity_id":"Q700438","candidates":[]}],[{"start":0,"end":6,"url":null,"entity_id":"Q142","candidates":[]}],[{"start":0,"end":29,"url":null,"entity_id":"Q119572","candidates":[]}]],[[{"start":0,"end":26,"url":null,"entity_id":"Q700521","candidates":[]}],[{"start":0,"end":6,"url":null,"entity_id":"Q142","candidates":[]}],[{"start":0,"end":16,"url":null,"entity_id":"Q60020","candidates":[]}]],[[{"start":0,"end":32,"url":null,"entity_id":"Q700464","candidates":[]}],[{"start":0,"end":6,"url":null,"entity_id":"Q142","candidates":[]}],[{"start":0,"end":7,"url":null,"entity_id":"Q3327","candidates":[]}]],[[{"start":0,"end":28,"url":null,"entity_id":"Q93949","candidates":[]}],[{"start":0,"end":6,"url":null,"entity_id":"Q142","candidates":[]}],[{"start":0,"end":7,"url":null,"entity_id":"Q245504","candidates":[]}]],[[{"start":0,"end":26,"url":null,"entity_id":"Q134680","candidates":[]}],[{"start":0,"end":6,"url":null,"entity_id":"Q142","candidates":[]}],[{"start":0,"end":23,"url":null,"entity_id":"Q136651","candidates":[]}]],[[{"start":0,"end":23,"url":null,"entity_id":"Q139174","candidates":[]}],[{"start":0,"end":6,"url":null,"entity_id":"Q142","candidates":[]}],[{"start":0,"end":17,"url":null,"entity_id":"Q119760","candidates":[]}]],[[{"start":0,"end":23,"url":null,"entity_id":"Q18114","candidates":[]}],[{"start":0,"end":6,"url":null,"entity_id":"Q142","candidates":[]}],[{"start":0,"end":29,"url":null,"entity_id":"Q14855","candidates":[]}]],[[{"start":0,"end":24,"url":null,"entity_id":"Q14812","candidates":[]}],[{"start":0,"end":6,"url":null,"entity_id":"Q142","candidates":[]}],[{"start":0,"end":22,"url":null,"entity_id":"Q14829","candidates":[]}]]]}