{"version":"1.2","table":{"version":"2","table_id":"HQ1R2FNZ","columns":[{"index":0,"name":"col0","values":["Tetly Hall","Bodington\"Hall","Maison Lafrnce","WelchHall","Chatswouth Apartments","Johnsuone Hall","Jester Ceter","Currier Hose","Maison dhs étudiants arméniens","Harvey Court, Gonille and Caius College","Hudsqn!Iall","Oxley Hall Leeds University, And!Attached Terrace Walls","Kolfj Jednota","Duryard Hquse (University Hall Of Residence)","St Johns College, The Behives","Hulme Hall, Hall of Residnce, University of Manchester (original portion)","Baron Grange","Lydgon Hall","Devonshire Kall","Charles Moris Hdll"]},{"index":1,"name":"col1","values":["University of Leeds accommodation","University of Leeds accommodation","Université de Moncton","Old Campus","Wayne State University","Campus of Clemson University","University of Texas at Austin","Harvard University","cité internationale universitaire de Paris","Gonville and Caius College","Lincoln University","University of Leeds accommodation","Charles University","University of Exeter Halls of Residence","St John's College","Hulme Hall","University of Leeds accommodation","University of Leeds accommodation","University of Leeds accommodation","University of Leeds accommodation"]},{"index":2,"name":"col2","values":["Leeds","Leeds","Moncton","New Haven","Detroit","South Carolina","Texas","Massachusetts","Paris","Cambridge","Selwyn District","Leeds","New Town","Exeter","Oxford","Manchester","Leeds","Leeds","Leeds","Leeds"]}]},"context":{"page_title":null,"page_url":null,"page_entity_id":null,"content_hierarchy":[]},"links":[[[{"start":0,"end":10,"url":null,"entity_id":"Q7706151","candidates":[]}],[{"start":0,"end":33,"url":null,"entity_id":"Q7895621","candidates":[]}],[{"start":0,"end":5,"url":null,"entity_id":"Q774015","candidates":[]}]],[[{"start":0,"end":14,"url":null,"entity_id":"Q4936624","candidates":[]}],[{"start":0,"end":33,"url":null,"entity_id":"Q7895621","candidates":[]}],[{"start":0,"end":5,"url":null,"entity_id":"Q774015","candidates":[]}]],[[{"start":0,"end":14,"url":null,"entity_id":"Q3457727","candidates":[]}],[{"start":0,"end":21,"url":null,"entity_id":"Q2557355","candidates":[]}],[{"start":0,"end":7,"url":null,"entity_id":"Q457334","candidates":[]}]],[[{"start":0,"end":9,"url":null,"entity_id":"Q7980551","candidates":[]}],[{"start":0,"end":10,"url":null,"entity_id":"Q7083583","candidates":[]}],[{"start":0,"end":9,"url":null,"entity_id":"Q49145","candidates":[]}]],[[{"start":0,"end":21,"url":null,"entity_id":"Q5087810","candidates":[]}],[{"start":0,"end":22,"url":null,"entity_id":"Q349055","candidates":[]}],[{"start":0,"end":7,"url":null,"entity_id":"Q12439","candidates":[]}]],[[{"start":0,"end":14,"url":null,"entity_id":"Q6268701","candidates":[]}],[{"start":0,"end":28,"url":null,"entity_id":"Q5028698","candidates":[]}],[{"start":0,"end":14,"url":null,"entity_id":"Q1456","candidates":[]}]],[[{"start":0,"end":12,"url":null,"entity_id":"Q6187953","candidates":[]}],[{"start":0,"end":29,"url":null,"entity_id":"Q49213","candidates":[]}],[{"start":0,"end":5,"url":null,"entity_id":"Q1439","candidates":[]}]],[[{"start":0,"end":12,"url":null,"entity_id":"Q3699650","candidates":[]}],[{"start":0,"end":18,"url":null,"entity_id":"Q13371","candidates":[]}],[{"start":0,"end":13,"url":null,"entity_id":"Q771","candidates":[]}]],[[{"start":0,"end":30,"url":null,"entity_id":"Q3279969","candidates":[]}],[{"start":0,"end":42,"url":null,"entity_id":"Q1094300","candidates":[]}],[{"start":0,"end":5,"url":null,"entity_id":"Q90","candidates":[]}]],[[{"start":0,"end":39,"url":null,"entity_id":"Q77063697","candidates":[]}],[{"start":0,"end":26,"url":null,"entity_id":"Q863940","candidates":[]}],[{"start":0,"end":9,"url":null,"entity_id":"Q21713103","candidates":[]}]],[[{"start":0,"end":11,"url":null,"entity_id":"Q77974968","candidates":[]}],[{"start":0,"end":18,"url":null,"entity_id":"Q1048626","candidates":[]}],[{"start":0,"end":15,"url":null,"entity_id":"Q1210763","candidates":[]}]],[[{"start":0,"end":55,"url":null,"entity_id":"Q26547320","candidates":[]}],[{"start":0,"end":33,"url":null,"entity_id":"Q7895621","candidates":[]}],[{"start":0,"end":5,"url":null,"entity_id":"Q774015","candidates":[]}]],[[{"start":0,"end":13,"url":null,"entity_id":"Q65735016","candidates":[]}],[{"start":0,"end":18,"url":null,"entity_id":"Q31519","candidates":[]}],[{"start":0,"end":8,"url":null,"entity_id":"Q753219","candidates":[]}]],[[{"start":0,"end":44,"url":null,"entity_id":"Q26618114","candidates":[]}],[{"start":0,"end":39,"url":null,"entity_id":"Q7895383","candidates":[]}],[{"start":0,"end":6,"url":null,"entity_id":"Q134672","candidates":[]}]],[[{"start":0,"end":29,"url":null,"entity_id":"Q26568132","candidates":[]}],[{"start":0,"end":17,"url":null,"entity_id":"Q609646","candidates":[]}],[{"start":0,"end":6,"url":null,"entity_id":"Q34217","candidates":[]}]],[[{"start":0,"end":73,"url":null,"entity_id":"Q26538862","candidates":[]}],[{"start":0,"end":10,"url":null,"entity_id":"Q5936190","candidates":[]}],[{"start":0,"end":10,"url":null,"entity_id":"Q21525592","candidates":[]}]],[[{"start":0,"end":12,"url":null,"entity_id":"Q26547313","candidates":[]}],[{"start":0,"end":33,"url":null,"entity_id":"Q7895621","candidates":[]}],[{"start":0,"end":5,"url":null,"entity_id":"Q774015","candidates":[]}]],[[{"start":0,"end":11,"url":null,"entity_id":"Q26262658","candidates":[]}],[{"start":0,"end":33,"url":null,"entity_id":"Q7895621","candidates":[]}],[{"start":0,"end":5,"url":null,"entity_id":"Q774015","candidates":[]}]],[[{"start":0,"end":15,"url":null,"entity_id":"Q26262155","candidates":[]}],[{"start":0,"end":33,"url":null,"entity_id":"Q7895621","candidates":[]}],[{"start":0,"end":5,"url":null,"entity_id":"Q774015","candidates":[]}]],[[{"start":0,"end":18,"url":null,"entity_id":"Q26262151","candidates":[]}],[{"start":0,"end":33,"url":null,"entity_id":"Q7895621","candidates":[]}],[{"start":0,"end":5,"url":null,"entity_id":"Q774015","candidates":[]}]]]}