{"version":"1.2","table":{"version":"2","table_id":"HRLNSAIC","columns":[{"index":0,"name":"col0","values":["Ubykh","Nisenan","Puelche","Lipan","Yugh","Eyak","Sirenik Eskimo language","Guanche","Old Church Slavonic","Wailaki","Tututni","Luiseño language","Berbice Creole Dutch","Wichita","Yurok","Ogiek language","Tagish","Tolowa","Nding","Yuki"]},{"index":1,"name":"col1","values":["Northwest Caucasian languages","Maiduan languages","Chonan languages","Southern Athabaskan languages","Yeniseian languages","Na-Dene languages","Eskimo-Aleut languages","Amazigh languages","Slavic languages","Pacific Coast Athabaskan languages","Pacific Coast Athabaskan languages","Cupan languages","Dutch-based creole languages","Caddoan languages","Algic languages","Kalenjin","Northern Athabaskan languages","Pacific Coast Athabaskan languages","Talodi languages","Yuki–Wappo languages"]},{"index":2,"name":"col2","values":["6 extinct","6 extinct","6 extinct","6 extinct","6 extinct","6 extinct","6 extinct","6 extinct","6 extinct","6 extinct","6 extinct","5 critically endangered","5 critically endangered","5 critically endangered","5 critically endangered","5 critically endangered","5 critically endangered","5 critically endangered","4 severely endangered","4 severely endangered"]}]},"context":{"page_title":null,"page_url":null,"page_entity_id":null,"content_hierarchy":[]},"links":[[[{"start":0,"end":5,"url":null,"entity_id":"Q36931","candidates":[]}],[{"start":0,"end":29,"url":null,"entity_id":"Q33852","candidates":[]}],[{"start":0,"end":9,"url":null,"entity_id":"Q20672091","candidates":[]}]],[[{"start":0,"end":7,"url":null,"entity_id":"Q33665","candidates":[]}],[{"start":0,"end":17,"url":null,"entity_id":"Q33502","candidates":[]}],[{"start":0,"end":9,"url":null,"entity_id":"Q20672091","candidates":[]}]],[[{"start":0,"end":7,"url":null,"entity_id":"Q33660","candidates":[]}],[{"start":0,"end":16,"url":null,"entity_id":"Q33019","candidates":[]}],[{"start":0,"end":9,"url":null,"entity_id":"Q20672091","candidates":[]}]],[[{"start":0,"end":5,"url":null,"entity_id":"Q28269","candidates":[]}],[{"start":0,"end":29,"url":null,"entity_id":"Q27758","candidates":[]}],[{"start":0,"end":9,"url":null,"entity_id":"Q20672091","candidates":[]}]],[[{"start":0,"end":4,"url":null,"entity_id":"Q56311","candidates":[]}],[{"start":0,"end":19,"url":null,"entity_id":"Q27639","candidates":[]}],[{"start":0,"end":9,"url":null,"entity_id":"Q20672091","candidates":[]}]],[[{"start":0,"end":4,"url":null,"entity_id":"Q27480","candidates":[]}],[{"start":0,"end":17,"url":null,"entity_id":"Q26986","candidates":[]}],[{"start":0,"end":9,"url":null,"entity_id":"Q20672091","candidates":[]}]],[[{"start":0,"end":23,"url":null,"entity_id":"Q28156","candidates":[]}],[{"start":0,"end":22,"url":null,"entity_id":"Q25946","candidates":[]}],[{"start":0,"end":9,"url":null,"entity_id":"Q20672091","candidates":[]}]],[[{"start":0,"end":7,"url":null,"entity_id":"Q35762","candidates":[]}],[{"start":0,"end":17,"url":null,"entity_id":"Q25448","candidates":[]}],[{"start":0,"end":9,"url":null,"entity_id":"Q20672091","candidates":[]}]],[[{"start":0,"end":19,"url":null,"entity_id":"Q35499","candidates":[]}],[{"start":0,"end":16,"url":null,"entity_id":"Q23526","candidates":[]}],[{"start":0,"end":9,"url":null,"entity_id":"Q20672091","candidates":[]}]],[[{"start":0,"end":7,"url":null,"entity_id":"Q20832","candidates":[]}],[{"start":0,"end":34,"url":null,"entity_id":"Q20654","candidates":[]}],[{"start":0,"end":9,"url":null,"entity_id":"Q20672091","candidates":[]}]],[[{"start":0,"end":7,"url":null,"entity_id":"Q20627","candidates":[]}],[{"start":0,"end":34,"url":null,"entity_id":"Q20654","candidates":[]}],[{"start":0,"end":9,"url":null,"entity_id":"Q20672091","candidates":[]}]],[[{"start":0,"end":16,"url":null,"entity_id":"Q56236","candidates":[]}],[{"start":0,"end":15,"url":null,"entity_id":"Q19866871","candidates":[]}],[{"start":0,"end":23,"url":null,"entity_id":"Q20672090","candidates":[]}]],[[{"start":0,"end":20,"url":null,"entity_id":"Q35215","candidates":[]}],[{"start":0,"end":28,"url":null,"entity_id":"Q1792622","candidates":[]}],[{"start":0,"end":23,"url":null,"entity_id":"Q20672090","candidates":[]}]],[[{"start":0,"end":7,"url":null,"entity_id":"Q56513","candidates":[]}],[{"start":0,"end":17,"url":null,"entity_id":"Q1025090","candidates":[]}],[{"start":0,"end":23,"url":null,"entity_id":"Q20672090","candidates":[]}]],[[{"start":0,"end":5,"url":null,"entity_id":"Q34685","candidates":[]}],[{"start":0,"end":15,"url":null,"entity_id":"Q721612","candidates":[]}],[{"start":0,"end":23,"url":null,"entity_id":"Q20672090","candidates":[]}]],[[{"start":0,"end":14,"url":null,"entity_id":"Q56367","candidates":[]}],[{"start":0,"end":8,"url":null,"entity_id":"Q637228","candidates":[]}],[{"start":0,"end":23,"url":null,"entity_id":"Q20672090","candidates":[]}]],[[{"start":0,"end":6,"url":null,"entity_id":"Q28064","candidates":[]}],[{"start":0,"end":29,"url":null,"entity_id":"Q20738","candidates":[]}],[{"start":0,"end":23,"url":null,"entity_id":"Q20672090","candidates":[]}]],[[{"start":0,"end":6,"url":null,"entity_id":"Q20827","candidates":[]}],[{"start":0,"end":34,"url":null,"entity_id":"Q20654","candidates":[]}],[{"start":0,"end":23,"url":null,"entity_id":"Q20672090","candidates":[]}]],[[{"start":0,"end":5,"url":null,"entity_id":"Q36176","candidates":[]}],[{"start":0,"end":16,"url":null,"entity_id":"Q12643302","candidates":[]}],[{"start":0,"end":21,"url":null,"entity_id":"Q20672089","candidates":[]}]],[[{"start":0,"end":4,"url":null,"entity_id":"Q36993","candidates":[]}],[{"start":0,"end":20,"url":null,"entity_id":"Q2406722","candidates":[]}],[{"start":0,"end":21,"url":null,"entity_id":"Q20672089","candidates":[]}]]]}