{"version":"1.2","table":{"version":"2","table_id":"HUFQZQ4B","columns":[{"index":0,"name":"col0","values":["Dutchess County","Orleans County","Monroe County","Lewis County","Chautauqua County","Oneida County","Ontario County","Genesee County","Essex County","Niagara County","Hamilton County","Cattaraugus County","Onondaga County","Clinton County","Otsego County","Erie County","Rockland County","Orange County","Albany County","Schoharie County"]},{"index":1,"name":"col1","values":["New York","New York","New York","New York","New York","New York","New York","New York","New York","New York","New York","New York","New York","New York","New York","New York","New York","New York","New York","New York"]},{"index":2,"name":"col2","values":["3.6","52","52","1.2","29","3.6","2.8","0.5","6.4","54","5","1.1","3.4","7.1","1.4","15","13","3.2","2","0.7"]}]},"context":{"page_title":null,"page_url":null,"page_entity_id":null,"content_hierarchy":[]},"links":[[[{"start":0,"end":15,"url":null,"entity_id":"Q115148","candidates":[]}],[{"start":0,"end":8,"url":null,"entity_id":"Q1384","candidates":[]}],[]],[[{"start":0,"end":14,"url":null,"entity_id":"Q115125","candidates":[]}],[{"start":0,"end":8,"url":null,"entity_id":"Q1384","candidates":[]}],[]],[[{"start":0,"end":13,"url":null,"entity_id":"Q115104","candidates":[]}],[{"start":0,"end":8,"url":null,"entity_id":"Q1384","candidates":[]}],[]],[[{"start":0,"end":12,"url":null,"entity_id":"Q115081","candidates":[]}],[{"start":0,"end":8,"url":null,"entity_id":"Q1384","candidates":[]}],[]],[[{"start":0,"end":17,"url":null,"entity_id":"Q115061","candidates":[]}],[{"start":0,"end":8,"url":null,"entity_id":"Q1384","candidates":[]}],[]],[[{"start":0,"end":13,"url":null,"entity_id":"Q115043","candidates":[]}],[{"start":0,"end":8,"url":null,"entity_id":"Q1384","candidates":[]}],[]],[[{"start":0,"end":14,"url":null,"entity_id":"Q115025","candidates":[]}],[{"start":0,"end":8,"url":null,"entity_id":"Q1384","candidates":[]}],[]],[[{"start":0,"end":14,"url":null,"entity_id":"Q115014","candidates":[]}],[{"start":0,"end":8,"url":null,"entity_id":"Q1384","candidates":[]}],[]],[[{"start":0,"end":12,"url":null,"entity_id":"Q114992","candidates":[]}],[{"start":0,"end":8,"url":null,"entity_id":"Q1384","candidates":[]}],[]],[[{"start":0,"end":14,"url":null,"entity_id":"Q114969","candidates":[]}],[{"start":0,"end":8,"url":null,"entity_id":"Q1384","candidates":[]}],[]],[[{"start":0,"end":15,"url":null,"entity_id":"Q114948","candidates":[]}],[{"start":0,"end":8,"url":null,"entity_id":"Q1384","candidates":[]}],[]],[[{"start":0,"end":18,"url":null,"entity_id":"Q114923","candidates":[]}],[{"start":0,"end":8,"url":null,"entity_id":"Q1384","candidates":[]}],[]],[[{"start":0,"end":15,"url":null,"entity_id":"Q114904","candidates":[]}],[{"start":0,"end":8,"url":null,"entity_id":"Q1384","candidates":[]}],[]],[[{"start":0,"end":14,"url":null,"entity_id":"Q114884","candidates":[]}],[{"start":0,"end":8,"url":null,"entity_id":"Q1384","candidates":[]}],[]],[[{"start":0,"end":13,"url":null,"entity_id":"Q114862","candidates":[]}],[{"start":0,"end":8,"url":null,"entity_id":"Q1384","candidates":[]}],[]],[[{"start":0,"end":11,"url":null,"entity_id":"Q114843","candidates":[]}],[{"start":0,"end":8,"url":null,"entity_id":"Q1384","candidates":[]}],[]],[[{"start":0,"end":15,"url":null,"entity_id":"Q111098","candidates":[]}],[{"start":0,"end":8,"url":null,"entity_id":"Q1384","candidates":[]}],[]],[[{"start":0,"end":13,"url":null,"entity_id":"Q108618","candidates":[]}],[{"start":0,"end":8,"url":null,"entity_id":"Q1384","candidates":[]}],[]],[[{"start":0,"end":13,"url":null,"entity_id":"Q108408","candidates":[]}],[{"start":0,"end":8,"url":null,"entity_id":"Q1384","candidates":[]}],[]],[[{"start":0,"end":16,"url":null,"entity_id":"Q71202","candidates":[]}],[{"start":0,"end":8,"url":null,"entity_id":"Q1384","candidates":[]}],[]]]}