{"version":"1.2","table":{"version":"2","table_id":"HV5GJ7IU","columns":[{"index":0,"name":"col0","values":["Frisian Islands","Isole Tremiti","Kerguelen Islands","Prince Edward Islands","Snares Islands/Tini Heke","Bounty Islands","British Isles","Galápagos Islands","Campbell Island group","Senkaku Islands","Savage Islands","Svalbard","Corn Islands","Natuna","Kepulauan Anambas","Lesser Sunda Islands","Rügen","Hawar Islands","Desventuradas Islands","Pearl Islands"]},{"index":1,"name":"col1","values":["1047.49","3.18","7215","335","3.5","1.35","121684","7880","113.3","7","2.73","61022","12.9","2008.8","637.1","87000","926","52","5.36","329.2"]},{"index":2,"name":"col2","values":["4","70","409","1230","130","90","1343","1707","569","383","163","1713","12","65","566","3726","19","22","479","206"]}]},"context":{"page_title":null,"page_url":null,"page_entity_id":null,"content_hierarchy":[]},"links":[[[{"start":0,"end":15,"url":null,"entity_id":"Q76936","candidates":[]}],[],[]],[[{"start":0,"end":13,"url":null,"entity_id":"Q51930","candidates":[]}],[],[]],[[{"start":0,"end":17,"url":null,"entity_id":"Q46772","candidates":[]}],[],[]],[[{"start":0,"end":21,"url":null,"entity_id":"Q46623","candidates":[]}],[],[]],[[{"start":0,"end":24,"url":null,"entity_id":"Q41455","candidates":[]}],[],[]],[[{"start":0,"end":14,"url":null,"entity_id":"Q41451","candidates":[]}],[],[]],[[{"start":0,"end":13,"url":null,"entity_id":"Q38272","candidates":[]}],[],[]],[[{"start":0,"end":17,"url":null,"entity_id":"Q38095","candidates":[]}],[],[]],[[{"start":0,"end":21,"url":null,"entity_id":"Q33654","candidates":[]}],[],[]],[[{"start":0,"end":15,"url":null,"entity_id":"Q29460","candidates":[]}],[],[]],[[{"start":0,"end":14,"url":null,"entity_id":"Q27088","candidates":[]}],[],[]],[[{"start":0,"end":8,"url":null,"entity_id":"Q25231","candidates":[]}],[],[]],[[{"start":0,"end":12,"url":null,"entity_id":"Q21111","candidates":[]}],[],[]],[[{"start":0,"end":6,"url":null,"entity_id":"Q10100","candidates":[]}],[],[]],[[{"start":0,"end":17,"url":null,"entity_id":"Q10096","candidates":[]}],[],[]],[[{"start":0,"end":20,"url":null,"entity_id":"Q3803","candidates":[]}],[],[]],[[{"start":0,"end":5,"url":null,"entity_id":"Q3237","candidates":[]}],[],[]],[[{"start":0,"end":13,"url":null,"entity_id":"Q1165876","candidates":[]}],[],[]],[[{"start":0,"end":21,"url":null,"entity_id":"Q1160526","candidates":[]}],[],[]],[[{"start":0,"end":13,"url":null,"entity_id":"Q1142129","candidates":[]}],[],[]]]}