{"version":"1.2","table":{"version":"2","table_id":"HVTNFR5G","columns":[{"index":0,"name":"col0","values":["Sirfetch'd","Stufful","Bewear","Pangoro","Pancham","Chesnaught","Virizion","Terrakion","Scrafty","Sawk","Mienfoo","Gurdurr","Emboar","Conkeldurr","Cobalion","Hitmontop","Gallade","Croagunk","Poliwrath","Machamp"]},{"index":1,"name":"col1","values":["117","68","135","136","8","90","200","260","30","51","20","40","150","87","250","48","52","23","54","130"]},{"index":2,"name":"col2","values":["0.8","50","210","210","60","160","200","190","110","140","90","120","160","140","210","140","160","70","130","160"]}]},"context":{"page_title":null,"page_url":null,"page_entity_id":null,"content_hierarchy":[]},"links":[[[{"start":0,"end":10,"url":null,"entity_id":"Q71132640","candidates":[]}],[],[]],[[{"start":0,"end":7,"url":null,"entity_id":"Q26251513","candidates":[]}],[],[]],[[{"start":0,"end":6,"url":null,"entity_id":"Q25918173","candidates":[]}],[],[]],[[{"start":0,"end":7,"url":null,"entity_id":"Q16586713","candidates":[]}],[],[]],[[{"start":0,"end":7,"url":null,"entity_id":"Q16586691","candidates":[]}],[],[]],[[{"start":0,"end":10,"url":null,"entity_id":"Q16539557","candidates":[]}],[],[]],[[{"start":0,"end":8,"url":null,"entity_id":"Q4014557","candidates":[]}],[],[]],[[{"start":0,"end":9,"url":null,"entity_id":"Q3984591","candidates":[]}],[],[]],[[{"start":0,"end":7,"url":null,"entity_id":"Q3953029","candidates":[]}],[],[]],[[{"start":0,"end":4,"url":null,"entity_id":"Q3951174","candidates":[]}],[],[]],[[{"start":0,"end":7,"url":null,"entity_id":"Q3857107","candidates":[]}],[],[]],[[{"start":0,"end":7,"url":null,"entity_id":"Q3779849","candidates":[]}],[],[]],[[{"start":0,"end":6,"url":null,"entity_id":"Q3724076","candidates":[]}],[],[]],[[{"start":0,"end":10,"url":null,"entity_id":"Q3687010","candidates":[]}],[],[]],[[{"start":0,"end":8,"url":null,"entity_id":"Q3681851","candidates":[]}],[],[]],[[{"start":0,"end":9,"url":null,"entity_id":"Q2738977","candidates":[]}],[],[]],[[{"start":0,"end":7,"url":null,"entity_id":"Q2719312","candidates":[]}],[],[]],[[{"start":0,"end":8,"url":null,"entity_id":"Q2707239","candidates":[]}],[],[]],[[{"start":0,"end":9,"url":null,"entity_id":"Q2485914","candidates":[]}],[],[]],[[{"start":0,"end":7,"url":null,"entity_id":"Q2480053","candidates":[]}],[],[]]]}