{"version":"1.2","table":{"version":"2","table_id":"HZSNGVXX","columns":[{"index":0,"name":"col0","values":["Da Costa Hours","Sobieski Book of Hours","The Biese family’s book of hours","Hours of Charles V","Hours of Mary of Burgundy","Maastricht Hours","Book of Hours of Johannete Ravenelle","Ms. 16 B 8","Hours of Philip the Good","Black Hours, Morgan Library","Petites Heures of Jean de France, Duc de Berry","Belles Heures of Jean de France, Duc de Berry","Book of Hours, Use of Sarum","Psalter of Mary de Bohun","Book of Hours of Engelbert of Nassau","Book of Hours of Queen Bona","Southwark Hours","Très Riches Heures du duc de Berry","Hours of Étienne Chevalier","Book of Hours, Arras, 15th century"]},{"index":1,"name":"col1","values":["The Morgan Library & Museum","Royal Collection","Ghent City Museum","Biblioteca Nacional de España","Austrian National Library","Stowe manuscripts","Uppsala University Library","Utrecht University Library","Koninklijke Bibliotheek","The Morgan Library & Museum","Bibliothèque nationale de France","Metropolitan Museum of Art","Bodleian Library","Bodleian Library","Bodleian Library","Bodleian Library","British Library","Condé Museum","British Library","State Library of New South Wales"]},{"index":2,"name":"col2","values":["vellum","vellum","vellum","vellum","vellum","parchment","parchment","parchment","parchment","parchment","parchment","parchment","parchment","parchment","parchment","parchment","parchment","tempera","paint","ivory"]}]},"context":{"page_title":null,"page_url":null,"page_entity_id":null,"content_hierarchy":[]},"links":[[[{"start":0,"end":14,"url":null,"entity_id":"Q20725822","candidates":[]}],[{"start":0,"end":27,"url":null,"entity_id":"Q1478423","candidates":[]}],[{"start":0,"end":6,"url":null,"entity_id":"Q378274","candidates":[]}]],[[{"start":0,"end":22,"url":null,"entity_id":"Q16641756","candidates":[]}],[{"start":0,"end":16,"url":null,"entity_id":"Q1459037","candidates":[]}],[{"start":0,"end":6,"url":null,"entity_id":"Q378274","candidates":[]}]],[[{"start":0,"end":32,"url":null,"entity_id":"Q60557556","candidates":[]}],[{"start":0,"end":17,"url":null,"entity_id":"Q980285","candidates":[]}],[{"start":0,"end":6,"url":null,"entity_id":"Q378274","candidates":[]}]],[[{"start":0,"end":18,"url":null,"entity_id":"Q3257228","candidates":[]}],[{"start":0,"end":29,"url":null,"entity_id":"Q750403","candidates":[]}],[{"start":0,"end":6,"url":null,"entity_id":"Q378274","candidates":[]}]],[[{"start":0,"end":25,"url":null,"entity_id":"Q615538","candidates":[]}],[{"start":0,"end":25,"url":null,"entity_id":"Q304037","candidates":[]}],[{"start":0,"end":6,"url":null,"entity_id":"Q378274","candidates":[]}]],[[{"start":0,"end":16,"url":null,"entity_id":"Q28134719","candidates":[]}],[{"start":0,"end":17,"url":null,"entity_id":"Q7620699","candidates":[]}],[{"start":0,"end":9,"url":null,"entity_id":"Q226697","candidates":[]}]],[[{"start":0,"end":36,"url":null,"entity_id":"Q60649976","candidates":[]}],[{"start":0,"end":26,"url":null,"entity_id":"Q2901382","candidates":[]}],[{"start":0,"end":9,"url":null,"entity_id":"Q226697","candidates":[]}]],[[{"start":0,"end":10,"url":null,"entity_id":"Q30020945","candidates":[]}],[{"start":0,"end":26,"url":null,"entity_id":"Q2496353","candidates":[]}],[{"start":0,"end":9,"url":null,"entity_id":"Q226697","candidates":[]}]],[[{"start":0,"end":24,"url":null,"entity_id":"Q607872","candidates":[]}],[{"start":0,"end":23,"url":null,"entity_id":"Q1526131","candidates":[]}],[{"start":0,"end":9,"url":null,"entity_id":"Q226697","candidates":[]}]],[[{"start":0,"end":27,"url":null,"entity_id":"Q2067866","candidates":[]}],[{"start":0,"end":27,"url":null,"entity_id":"Q1478423","candidates":[]}],[{"start":0,"end":9,"url":null,"entity_id":"Q226697","candidates":[]}]],[[{"start":0,"end":46,"url":null,"entity_id":"Q2638992","candidates":[]}],[{"start":0,"end":32,"url":null,"entity_id":"Q193563","candidates":[]}],[{"start":0,"end":9,"url":null,"entity_id":"Q226697","candidates":[]}]],[[{"start":0,"end":45,"url":null,"entity_id":"Q1959777","candidates":[]}],[{"start":0,"end":26,"url":null,"entity_id":"Q160236","candidates":[]}],[{"start":0,"end":9,"url":null,"entity_id":"Q226697","candidates":[]}]],[[{"start":0,"end":27,"url":null,"entity_id":"Q62052109","candidates":[]}],[{"start":0,"end":16,"url":null,"entity_id":"Q82133","candidates":[]}],[{"start":0,"end":9,"url":null,"entity_id":"Q226697","candidates":[]}]],[[{"start":0,"end":24,"url":null,"entity_id":"Q55282621","candidates":[]}],[{"start":0,"end":16,"url":null,"entity_id":"Q82133","candidates":[]}],[{"start":0,"end":9,"url":null,"entity_id":"Q226697","candidates":[]}]],[[{"start":0,"end":36,"url":null,"entity_id":"Q28135242","candidates":[]}],[{"start":0,"end":16,"url":null,"entity_id":"Q82133","candidates":[]}],[{"start":0,"end":9,"url":null,"entity_id":"Q226697","candidates":[]}]],[[{"start":0,"end":27,"url":null,"entity_id":"Q17710826","candidates":[]}],[{"start":0,"end":16,"url":null,"entity_id":"Q82133","candidates":[]}],[{"start":0,"end":9,"url":null,"entity_id":"Q226697","candidates":[]}]],[[{"start":0,"end":15,"url":null,"entity_id":"Q60668562","candidates":[]}],[{"start":0,"end":15,"url":null,"entity_id":"Q23308","candidates":[]}],[{"start":0,"end":9,"url":null,"entity_id":"Q226697","candidates":[]}]],[[{"start":0,"end":34,"url":null,"entity_id":"Q211062","candidates":[]}],[{"start":0,"end":12,"url":null,"entity_id":"Q1236032","candidates":[]}],[{"start":0,"end":7,"url":null,"entity_id":"Q175166","candidates":[]}]],[[{"start":0,"end":26,"url":null,"entity_id":"Q1671114","candidates":[]}],[{"start":0,"end":15,"url":null,"entity_id":"Q23308","candidates":[]}],[{"start":0,"end":5,"url":null,"entity_id":"Q174219","candidates":[]}]],[[{"start":0,"end":34,"url":null,"entity_id":"Q71119076","candidates":[]}],[{"start":0,"end":32,"url":null,"entity_id":"Q6133813","candidates":[]}],[{"start":0,"end":5,"url":null,"entity_id":"Q82001","candidates":[]}]]]}