{"version":"1.2","table":{"version":"2","table_id":"I1VQG0R6","columns":[{"index":0,"name":"col0","values":["2020 European Aquatics Championships","2018 European Aquatics Championships","2016 European Aquatics Championships","2000 European Aquatics Championships","1993 European Aquatics Championships","1934 European Aquatics Championships","1950 European Aquatics Championships","1970 European Aquatics Championships","1947 European Aquatics Championships","1931 European Aquatics Championships","1989 European Aquatics Championships","1958 European Aquatics Championships","1985 European Aquatics Championships","1981 European Aquatics Championships","2006 European Aquatics Championships","2014 European Aquatics Championships","1999 European Aquatics Championships","2012 European Aquatics Championships","2010 European Aquatics Championships","1995 European Aquatics Championships"]},{"index":1,"name":"col1","values":["2018 European Aquatics Championships","2016 European Aquatics Championships","2014 European Aquatics Championships","1999 European Aquatics Championships","1991 European Aquatics Championships","1931 European Aquatics Championships","1947 European Aquatics Championships","1966 European Aquatics Championships","1938 European Aquatics Championships","1927 European Aquatics Championships","1987 European Aquatics Championships","1954 European Aquatics Championships","1983 European Aquatics Championships","1977 European Aquatics Championships","2004 European Aquatics Championships","2012 European Aquatics Championships","1997 European Aquatics Championships","2010 European Aquatics Championships","2008 European Aquatics Championships","1993 European Aquatics Championships"]},{"index":2,"name":"col2","values":["2020-05-11","2018-08-02","2016-05-09","2000-06-28","1993-08-03","1934-08-12","1950-08-20","1970-09-05","1947-09-10","1931-08-23","1989-08-15","1958-08-31","1985-08-04","1981-09-05","2006-07-26","2014-08-13","1999-07-22","2012-05-21","2010-08-04","1995-08-22"]}]},"context":{"page_title":null,"page_url":null,"page_entity_id":null,"content_hierarchy":[]},"links":[[[{"start":0,"end":36,"url":null,"entity_id":"Q25927090","candidates":[]}],[{"start":0,"end":36,"url":null,"entity_id":"Q17602386","candidates":[]}],[]],[[{"start":0,"end":36,"url":null,"entity_id":"Q17602386","candidates":[]}],[{"start":0,"end":36,"url":null,"entity_id":"Q14414056","candidates":[]}],[]],[[{"start":0,"end":36,"url":null,"entity_id":"Q14414056","candidates":[]}],[{"start":0,"end":36,"url":null,"entity_id":"Q14409501","candidates":[]}],[]],[[{"start":0,"end":36,"url":null,"entity_id":"Q2000418","candidates":[]}],[{"start":0,"end":36,"url":null,"entity_id":"Q2257639","candidates":[]}],[]],[[{"start":0,"end":36,"url":null,"entity_id":"Q2094320","candidates":[]}],[{"start":0,"end":36,"url":null,"entity_id":"Q2257630","candidates":[]}],[]],[[{"start":0,"end":36,"url":null,"entity_id":"Q672977","candidates":[]}],[{"start":0,"end":36,"url":null,"entity_id":"Q2257610","candidates":[]}],[]],[[{"start":0,"end":36,"url":null,"entity_id":"Q694581","candidates":[]}],[{"start":0,"end":36,"url":null,"entity_id":"Q2095168","candidates":[]}],[]],[[{"start":0,"end":36,"url":null,"entity_id":"Q1856380","candidates":[]}],[{"start":0,"end":36,"url":null,"entity_id":"Q2094936","candidates":[]}],[]],[[{"start":0,"end":36,"url":null,"entity_id":"Q2095168","candidates":[]}],[{"start":0,"end":36,"url":null,"entity_id":"Q2094749","candidates":[]}],[]],[[{"start":0,"end":36,"url":null,"entity_id":"Q2257610","candidates":[]}],[{"start":0,"end":36,"url":null,"entity_id":"Q1970022","candidates":[]}],[]],[[{"start":0,"end":36,"url":null,"entity_id":"Q574125","candidates":[]}],[{"start":0,"end":36,"url":null,"entity_id":"Q1855943","candidates":[]}],[]],[[{"start":0,"end":36,"url":null,"entity_id":"Q729803","candidates":[]}],[{"start":0,"end":36,"url":null,"entity_id":"Q1855820","candidates":[]}],[]],[[{"start":0,"end":36,"url":null,"entity_id":"Q1575104","candidates":[]}],[{"start":0,"end":36,"url":null,"entity_id":"Q1575251","candidates":[]}],[]],[[{"start":0,"end":36,"url":null,"entity_id":"Q530063","candidates":[]}],[{"start":0,"end":36,"url":null,"entity_id":"Q1546416","candidates":[]}],[]],[[{"start":0,"end":36,"url":null,"entity_id":"Q612454","candidates":[]}],[{"start":0,"end":36,"url":null,"entity_id":"Q1079926","candidates":[]}],[]],[[{"start":0,"end":36,"url":null,"entity_id":"Q14409501","candidates":[]}],[{"start":0,"end":36,"url":null,"entity_id":"Q941108","candidates":[]}],[]],[[{"start":0,"end":36,"url":null,"entity_id":"Q2257639","candidates":[]}],[{"start":0,"end":36,"url":null,"entity_id":"Q923537","candidates":[]}],[]],[[{"start":0,"end":36,"url":null,"entity_id":"Q941108","candidates":[]}],[{"start":0,"end":36,"url":null,"entity_id":"Q830917","candidates":[]}],[]],[[{"start":0,"end":36,"url":null,"entity_id":"Q830917","candidates":[]}],[{"start":0,"end":36,"url":null,"entity_id":"Q643842","candidates":[]}],[]],[[{"start":0,"end":36,"url":null,"entity_id":"Q695953","candidates":[]}],[{"start":0,"end":36,"url":null,"entity_id":"Q2094320","candidates":[]}],[]]]}