{"version":"1.2","table":{"version":"2","table_id":"I4KZA5RJ","columns":[{"index":0,"name":"col0","values":["Gotland","Blekinge","Södermanland","Halland","Västmanland","Närke","Östergötland","Dalsland","Västergötland","Lapland","Jämtland","Västerbotten","Norrbotten","Värmland","Medelpad","Ångermanland","Bohuslän","Härjedalen","Hälsingland","Dalarna"]},{"index":1,"name":"col1","values":["58595","158453","1320477","327093","309357","208376","450123","50604","1328128","91666","115331","220175","195024","318341","125812","132213","299087","9697","131373","281046"]},{"index":2,"name":"col2","values":["2967.77","2900","8388","4796","8300","4122","9987","4953","16694","109702","33800","15093","26671","12813","7058","19444","4400","12533","14270","29086"]}]},"context":{"page_title":null,"page_url":null,"page_entity_id":null,"content_hierarchy":[]},"links":[[[{"start":0,"end":7,"url":null,"entity_id":"Q1027830","candidates":[]}],[],[]],[[{"start":0,"end":8,"url":null,"entity_id":"Q675653","candidates":[]}],[],[]],[[{"start":0,"end":12,"url":null,"entity_id":"Q626062","candidates":[]}],[],[]],[[{"start":0,"end":7,"url":null,"entity_id":"Q626045","candidates":[]}],[],[]],[[{"start":0,"end":11,"url":null,"entity_id":"Q321430","candidates":[]}],[],[]],[[{"start":0,"end":5,"url":null,"entity_id":"Q216687","candidates":[]}],[],[]],[[{"start":0,"end":12,"url":null,"entity_id":"Q214829","candidates":[]}],[],[]],[[{"start":0,"end":8,"url":null,"entity_id":"Q214806","candidates":[]}],[],[]],[[{"start":0,"end":13,"url":null,"entity_id":"Q213551","candidates":[]}],[],[]],[[{"start":0,"end":7,"url":null,"entity_id":"Q212640","candidates":[]}],[],[]],[[{"start":0,"end":8,"url":null,"entity_id":"Q211661","candidates":[]}],[],[]],[[{"start":0,"end":12,"url":null,"entity_id":"Q211652","candidates":[]}],[],[]],[[{"start":0,"end":10,"url":null,"entity_id":"Q211649","candidates":[]}],[],[]],[[{"start":0,"end":8,"url":null,"entity_id":"Q211638","candidates":[]}],[],[]],[[{"start":0,"end":8,"url":null,"entity_id":"Q210687","candidates":[]}],[],[]],[[{"start":0,"end":12,"url":null,"entity_id":"Q209853","candidates":[]}],[],[]],[[{"start":0,"end":8,"url":null,"entity_id":"Q209523","candidates":[]}],[],[]],[[{"start":0,"end":10,"url":null,"entity_id":"Q207444","candidates":[]}],[],[]],[[{"start":0,"end":11,"url":null,"entity_id":"Q206564","candidates":[]}],[],[]],[[{"start":0,"end":7,"url":null,"entity_id":"Q205218","candidates":[]}],[],[]]]}