{"version":"1.2","table":{"version":"2","table_id":"I51GLY8V","columns":[{"index":0,"name":"col0","values":["Rafsbotn","Straume","Lindås","Sogndalsfjøra","Ballstad","Nærbø","Haga","Ekne","Verdalsøra","Osøyro","Ålvik","Skei/Surnadalsøra","Frekhaug","Kinsarvik","Trolla","Innvik","Vanvikan","Hollingen","Stanghelle","Søvik"]},{"index":1,"name":"col1","values":["420","345","1383","3995","845","7269","1068","316","8325","13911","487","2809","3004","555","557","431","707","417","791","993"]},{"index":2,"name":"col2","values":["24","7","70","10","9","30","49","6","6","56","37","60","16","6","3","6","59","40","6","0.5"]},{"index":3,"name":"col3","values":["0.38","0.43","1.02","1.99","0.75","3.09","0.88","0.21","5.82","8.77","0.7","3.2","1.34","0.58","0.23","0.7","0.57","0.27","0.39","0.74"]}]},"context":{"page_title":null,"page_url":null,"page_entity_id":null,"content_hierarchy":[]},"links":[[[{"start":0,"end":8,"url":null,"entity_id":"Q2185307","candidates":[]}],[],[],[]],[[{"start":0,"end":7,"url":null,"entity_id":"Q2172806","candidates":[]}],[],[],[]],[[{"start":0,"end":6,"url":null,"entity_id":"Q2171262","candidates":[]}],[],[],[]],[[{"start":0,"end":13,"url":null,"entity_id":"Q2148657","candidates":[]}],[],[],[]],[[{"start":0,"end":8,"url":null,"entity_id":"Q2148025","candidates":[]}],[],[],[]],[[{"start":0,"end":5,"url":null,"entity_id":"Q2141864","candidates":[]}],[],[],[]],[[{"start":0,"end":4,"url":null,"entity_id":"Q2140073","candidates":[]}],[],[],[]],[[{"start":0,"end":4,"url":null,"entity_id":"Q2132586","candidates":[]}],[],[],[]],[[{"start":0,"end":10,"url":null,"entity_id":"Q2130145","candidates":[]}],[],[],[]],[[{"start":0,"end":6,"url":null,"entity_id":"Q2129267","candidates":[]}],[],[],[]],[[{"start":0,"end":5,"url":null,"entity_id":"Q1779374","candidates":[]}],[],[],[]],[[{"start":0,"end":17,"url":null,"entity_id":"Q1779303","candidates":[]}],[],[],[]],[[{"start":0,"end":8,"url":null,"entity_id":"Q1779169","candidates":[]}],[],[],[]],[[{"start":0,"end":9,"url":null,"entity_id":"Q1779150","candidates":[]}],[],[],[]],[[{"start":0,"end":6,"url":null,"entity_id":"Q1777623","candidates":[]}],[],[],[]],[[{"start":0,"end":6,"url":null,"entity_id":"Q1777610","candidates":[]}],[],[],[]],[[{"start":0,"end":8,"url":null,"entity_id":"Q1776865","candidates":[]}],[],[],[]],[[{"start":0,"end":9,"url":null,"entity_id":"Q1776837","candidates":[]}],[],[],[]],[[{"start":0,"end":10,"url":null,"entity_id":"Q1776806","candidates":[]}],[],[],[]],[[{"start":0,"end":5,"url":null,"entity_id":"Q1776583","candidates":[]}],[],[],[]]]}