{"version":"1.2","table":{"version":"2","table_id":"I8E1167O","columns":[{"index":0,"name":"col0","values":["KOI-1019","KOI-1230","2MASS J19401888+4022152","KIC 5111718","KIC 5024143","KIC 5024240","KIC 5023845","KIC 5113441","KIC 5024312","2MASS J19283210+4104584","KIC 5287610","KIC 4575420","KIC 5709667","2MASS J19195632+4530284","BD+44 3149","BD+46 2548","KOI-3940","KIC 7592262","KIC 7515137","KIC 7187059"]},{"index":1,"name":"col1","values":["296.4818746935068","298.94815773730147","295.0786706644804","295.1535164136674","295.2758928443185","295.2914465923707","295.2230871953252","295.4610283316281","295.3034005019745","292.133768844946","295.2880988161436","295.2535339187788","293.107233123895","289.9846793465024","292.2851701625435","281.5870735987664","294.312872253201","286.0015314967827","287.5963946029903","287.2870363892387"]},{"index":2,"name":"col2","values":["4770000","9820000","5330000","9070000","9560000","8000000","10100000","8340000","10900000","9730000","11800000","12700000","10400000","5530000","4260000","4280000","10600000","4770000","10900000","12800000"]}]},"context":{"page_title":null,"page_url":null,"page_entity_id":null,"content_hierarchy":[]},"links":[[[{"start":0,"end":8,"url":null,"entity_id":"Q86726618","candidates":[]}],[],[]],[[{"start":0,"end":8,"url":null,"entity_id":"Q86512414","candidates":[]}],[],[]],[[{"start":0,"end":23,"url":null,"entity_id":"Q86443096","candidates":[]}],[],[]],[[{"start":0,"end":11,"url":null,"entity_id":"Q86423283","candidates":[]}],[],[]],[[{"start":0,"end":11,"url":null,"entity_id":"Q86423276","candidates":[]}],[],[]],[[{"start":0,"end":11,"url":null,"entity_id":"Q86423189","candidates":[]}],[],[]],[[{"start":0,"end":11,"url":null,"entity_id":"Q86423159","candidates":[]}],[],[]],[[{"start":0,"end":11,"url":null,"entity_id":"Q86423156","candidates":[]}],[],[]],[[{"start":0,"end":11,"url":null,"entity_id":"Q86423150","candidates":[]}],[],[]],[[{"start":0,"end":23,"url":null,"entity_id":"Q86334243","candidates":[]}],[],[]],[[{"start":0,"end":11,"url":null,"entity_id":"Q86114727","candidates":[]}],[],[]],[[{"start":0,"end":11,"url":null,"entity_id":"Q86114615","candidates":[]}],[],[]],[[{"start":0,"end":11,"url":null,"entity_id":"Q86114561","candidates":[]}],[],[]],[[{"start":0,"end":23,"url":null,"entity_id":"Q86021114","candidates":[]}],[],[]],[[{"start":0,"end":10,"url":null,"entity_id":"Q85792477","candidates":[]}],[],[]],[[{"start":0,"end":10,"url":null,"entity_id":"Q85716756","candidates":[]}],[],[]],[[{"start":0,"end":8,"url":null,"entity_id":"Q85687124","candidates":[]}],[],[]],[[{"start":0,"end":11,"url":null,"entity_id":"Q85677832","candidates":[]}],[],[]],[[{"start":0,"end":11,"url":null,"entity_id":"Q85677815","candidates":[]}],[],[]],[[{"start":0,"end":11,"url":null,"entity_id":"Q85677746","candidates":[]}],[],[]]]}