{"version":"1.2","table":{"version":"2","table_id":"ICXHVEPE","columns":[{"index":0,"name":"col0","values":["Grand Prix de Wallonie 2014","Grand Prix de Wallonie 1982","Grand Prix de Wallonie 1981","Grand Prix de Wallonie 1980","Grand Prix de Wallonie 1979","Grand Prix de Wallonie 1978","Grand Prix de Wallonie 1977","Grand Prix de Wallonie 1976","Grand Prix de Wallonie 1975","Grand Prix de Wallonie 1974","Grand Prix de Wallonie 1973","Grand Prix de Wallonie 1972","Grand Prix de Wallonie 1971","Grand Prix de Wallonie 1970","Grand Prix de Wallonie 1950","Grand Prix de Wallonie 1949","Grand Prix de Wallonie 1944","Grand Prix de Wallonie 1943","Grand Prix de Wallonie 1942","Grand Prix de Wallonie 1939"]},{"index":1,"name":"col1","values":["Greg Van Avermaet","Hennie Kuiper","Patrick Versluys","Claude Criquielion","Jean-René Bernaudeau","Willem Peeters","Marc Demeyer","Freddy Maertens","Eddy Merckx","Freddy Maertens","Walter Godefroot","Jos van der Vleuten","Felice Gimondi","Ferdinand Bracke","Nello Sforacchi","Jacques Geus","Joseph Somers","Richard Depoorter","Emiel Faignaert","Adolf Braeckeveldt"]},{"index":2,"name":"col2","values":["Belgium","Belgium","Belgium","Belgium","Belgium","Belgium","Belgium","Belgium","Belgium","Belgium","Belgium","Belgium","Belgium","Belgium","Belgium","Belgium","Belgium","Belgium","Belgium","Belgium"]},{"index":3,"name":"col3","values":["Grand Prix de Wallonie 2015","Grand Prix de Wallonie 1983","Grand Prix de Wallonie 1982","Grand Prix de Wallonie 1981","Grand Prix de Wallonie 1980","Grand Prix de Wallonie 1979","Grand Prix de Wallonie 1978","Grand Prix de Wallonie 1977","Grand Prix de Wallonie 1976","Grand Prix de Wallonie 1975","Grand Prix de Wallonie 1974","Grand Prix de Wallonie 1973","Grand Prix de Wallonie 1972","Grand Prix de Wallonie 1971","Grand Prix de Wallonie 1970","Grand Prix de Wallonie 1950","Grand Prix de Wallonie 1949","Grand Prix de Wallonie 1944","Grand Prix de Wallonie 1943","Grand Prix de Wallonie 1942"]}]},"context":{"page_title":null,"page_url":null,"page_entity_id":null,"content_hierarchy":[]},"links":[[[{"start":0,"end":27,"url":null,"entity_id":"Q18071193","candidates":[]}],[{"start":0,"end":17,"url":null,"entity_id":"Q447825","candidates":[]}],[{"start":0,"end":7,"url":null,"entity_id":"Q31","candidates":[]}],[{"start":0,"end":27,"url":null,"entity_id":"Q20731483","candidates":[]}]],[[{"start":0,"end":27,"url":null,"entity_id":"Q20731456","candidates":[]}],[{"start":0,"end":13,"url":null,"entity_id":"Q536470","candidates":[]}],[{"start":0,"end":7,"url":null,"entity_id":"Q31","candidates":[]}],[{"start":0,"end":27,"url":null,"entity_id":"Q20731457","candidates":[]}]],[[{"start":0,"end":27,"url":null,"entity_id":"Q20731455","candidates":[]}],[{"start":0,"end":16,"url":null,"entity_id":"Q666200","candidates":[]}],[{"start":0,"end":7,"url":null,"entity_id":"Q31","candidates":[]}],[{"start":0,"end":27,"url":null,"entity_id":"Q20731456","candidates":[]}]],[[{"start":0,"end":27,"url":null,"entity_id":"Q20731454","candidates":[]}],[{"start":0,"end":18,"url":null,"entity_id":"Q705709","candidates":[]}],[{"start":0,"end":7,"url":null,"entity_id":"Q31","candidates":[]}],[{"start":0,"end":27,"url":null,"entity_id":"Q20731455","candidates":[]}]],[[{"start":0,"end":27,"url":null,"entity_id":"Q20731452","candidates":[]}],[{"start":0,"end":20,"url":null,"entity_id":"Q186308","candidates":[]}],[{"start":0,"end":7,"url":null,"entity_id":"Q31","candidates":[]}],[{"start":0,"end":27,"url":null,"entity_id":"Q20731454","candidates":[]}]],[[{"start":0,"end":27,"url":null,"entity_id":"Q20731451","candidates":[]}],[{"start":0,"end":14,"url":null,"entity_id":"Q2285189","candidates":[]}],[{"start":0,"end":7,"url":null,"entity_id":"Q31","candidates":[]}],[{"start":0,"end":27,"url":null,"entity_id":"Q20731452","candidates":[]}]],[[{"start":0,"end":27,"url":null,"entity_id":"Q20731450","candidates":[]}],[{"start":0,"end":12,"url":null,"entity_id":"Q1368271","candidates":[]}],[{"start":0,"end":7,"url":null,"entity_id":"Q31","candidates":[]}],[{"start":0,"end":27,"url":null,"entity_id":"Q20731451","candidates":[]}]],[[{"start":0,"end":27,"url":null,"entity_id":"Q20731449","candidates":[]}],[{"start":0,"end":15,"url":null,"entity_id":"Q378319","candidates":[]}],[{"start":0,"end":7,"url":null,"entity_id":"Q31","candidates":[]}],[{"start":0,"end":27,"url":null,"entity_id":"Q20731450","candidates":[]}]],[[{"start":0,"end":27,"url":null,"entity_id":"Q20731448","candidates":[]}],[{"start":0,"end":11,"url":null,"entity_id":"Q103756","candidates":[]}],[{"start":0,"end":7,"url":null,"entity_id":"Q31","candidates":[]}],[{"start":0,"end":27,"url":null,"entity_id":"Q20731449","candidates":[]}]],[[{"start":0,"end":27,"url":null,"entity_id":"Q20731447","candidates":[]}],[{"start":0,"end":15,"url":null,"entity_id":"Q378319","candidates":[]}],[{"start":0,"end":7,"url":null,"entity_id":"Q31","candidates":[]}],[{"start":0,"end":27,"url":null,"entity_id":"Q20731448","candidates":[]}]],[[{"start":0,"end":27,"url":null,"entity_id":"Q20731446","candidates":[]}],[{"start":0,"end":16,"url":null,"entity_id":"Q703464","candidates":[]}],[{"start":0,"end":7,"url":null,"entity_id":"Q31","candidates":[]}],[{"start":0,"end":27,"url":null,"entity_id":"Q20731447","candidates":[]}]],[[{"start":0,"end":27,"url":null,"entity_id":"Q20731444","candidates":[]}],[{"start":0,"end":19,"url":null,"entity_id":"Q500221","candidates":[]}],[{"start":0,"end":7,"url":null,"entity_id":"Q31","candidates":[]}],[{"start":0,"end":27,"url":null,"entity_id":"Q20731446","candidates":[]}]],[[{"start":0,"end":27,"url":null,"entity_id":"Q20731443","candidates":[]}],[{"start":0,"end":14,"url":null,"entity_id":"Q313526","candidates":[]}],[{"start":0,"end":7,"url":null,"entity_id":"Q31","candidates":[]}],[{"start":0,"end":27,"url":null,"entity_id":"Q20731444","candidates":[]}]],[[{"start":0,"end":27,"url":null,"entity_id":"Q20731442","candidates":[]}],[{"start":0,"end":16,"url":null,"entity_id":"Q710710","candidates":[]}],[{"start":0,"end":7,"url":null,"entity_id":"Q31","candidates":[]}],[{"start":0,"end":27,"url":null,"entity_id":"Q20731443","candidates":[]}]],[[{"start":0,"end":27,"url":null,"entity_id":"Q19951469","candidates":[]}],[{"start":0,"end":15,"url":null,"entity_id":"Q19518759","candidates":[]}],[{"start":0,"end":7,"url":null,"entity_id":"Q31","candidates":[]}],[{"start":0,"end":27,"url":null,"entity_id":"Q20731442","candidates":[]}]],[[{"start":0,"end":27,"url":null,"entity_id":"Q19951467","candidates":[]}],[{"start":0,"end":12,"url":null,"entity_id":"Q11927104","candidates":[]}],[{"start":0,"end":7,"url":null,"entity_id":"Q31","candidates":[]}],[{"start":0,"end":27,"url":null,"entity_id":"Q19951469","candidates":[]}]],[[{"start":0,"end":27,"url":null,"entity_id":"Q19951461","candidates":[]}],[{"start":0,"end":13,"url":null,"entity_id":"Q2627441","candidates":[]}],[{"start":0,"end":7,"url":null,"entity_id":"Q31","candidates":[]}],[{"start":0,"end":27,"url":null,"entity_id":"Q19951467","candidates":[]}]],[[{"start":0,"end":27,"url":null,"entity_id":"Q19951459","candidates":[]}],[{"start":0,"end":17,"url":null,"entity_id":"Q552426","candidates":[]}],[{"start":0,"end":7,"url":null,"entity_id":"Q31","candidates":[]}],[{"start":0,"end":27,"url":null,"entity_id":"Q19951461","candidates":[]}]],[[{"start":0,"end":27,"url":null,"entity_id":"Q19951458","candidates":[]}],[{"start":0,"end":15,"url":null,"entity_id":"Q255584","candidates":[]}],[{"start":0,"end":7,"url":null,"entity_id":"Q31","candidates":[]}],[{"start":0,"end":27,"url":null,"entity_id":"Q19951459","candidates":[]}]],[[{"start":0,"end":27,"url":null,"entity_id":"Q19951457","candidates":[]}],[{"start":0,"end":18,"url":null,"entity_id":"Q365676","candidates":[]}],[{"start":0,"end":7,"url":null,"entity_id":"Q31","candidates":[]}],[{"start":0,"end":27,"url":null,"entity_id":"Q19951458","candidates":[]}]]]}