{"version":"1.2","table":{"version":"2","table_id":"IFFJ7CKV","columns":[{"index":0,"name":"col0","values":["Gaztelugatxe","Fernandina Island","Karkar Island","Aoba Island","Manam","Tofua","Young Island","Buckle Island","Agrihan","Tiger Island","Anatahan","Alamagan","Kao","Tinakula","Jabal al-Tair Island","Barren Island","Blup Blup","Seaforth Island","Achillbeg","Kadovar"]},{"index":1,"name":"col1","values":["0","0","65000","10800","10677","0","0","0","0","5428","0","7","0","0","0","0","513","0","0","434"]},{"index":2,"name":"col2","values":["80","27.8","19","16","10.3","7.7","7.5","7.5","6","5","4","4","3.2","3.1","3.3","2.9","2.3","1.2","1.2","1.3"]}]},"context":{"page_title":null,"page_url":null,"page_entity_id":null,"content_hierarchy":[]},"links":[[[{"start":0,"end":12,"url":null,"entity_id":"Q1496690","candidates":[]}],[],[]],[[{"start":0,"end":17,"url":null,"entity_id":"Q83582","candidates":[]}],[],[]],[[{"start":0,"end":13,"url":null,"entity_id":"Q720720","candidates":[]}],[],[]],[[{"start":0,"end":11,"url":null,"entity_id":"Q456599","candidates":[]}],[],[]],[[{"start":0,"end":5,"url":null,"entity_id":"Q1888667","candidates":[]}],[],[]],[[{"start":0,"end":5,"url":null,"entity_id":"Q1414448","candidates":[]}],[],[]],[[{"start":0,"end":12,"url":null,"entity_id":"Q1151361","candidates":[]}],[],[]],[[{"start":0,"end":13,"url":null,"entity_id":"Q999791","candidates":[]}],[],[]],[[{"start":0,"end":7,"url":null,"entity_id":"Q396730","candidates":[]}],[],[]],[[{"start":0,"end":12,"url":null,"entity_id":"Q1324660","candidates":[]}],[],[]],[[{"start":0,"end":8,"url":null,"entity_id":"Q487319","candidates":[]}],[],[]],[[{"start":0,"end":8,"url":null,"entity_id":"Q478663","candidates":[]}],[],[]],[[{"start":0,"end":3,"url":null,"entity_id":"Q1520405","candidates":[]}],[],[]],[[{"start":0,"end":8,"url":null,"entity_id":"Q986896","candidates":[]}],[],[]],[[{"start":0,"end":20,"url":null,"entity_id":"Q978441","candidates":[]}],[],[]],[[{"start":0,"end":13,"url":null,"entity_id":"Q248212","candidates":[]}],[],[]],[[{"start":0,"end":9,"url":null,"entity_id":"Q886384","candidates":[]}],[],[]],[[{"start":0,"end":15,"url":null,"entity_id":"Q2731450","candidates":[]}],[],[]],[[{"start":0,"end":9,"url":null,"entity_id":"Q1777280","candidates":[]}],[],[]],[[{"start":0,"end":7,"url":null,"entity_id":"Q1720980","candidates":[]}],[],[]]]}