{"version":"1.2","table":{"version":"2","table_id":"IFY5BJH9","columns":[{"index":0,"name":"col0","values":["Southwest Virginia Holiness Association Camp Meeting","Tomb of İsmail Fakirullah","Convento da Misericórdia","Logis abbatial de Notre-Dame du Bec","Archidiaconé de Cahors","Chapitre de Beaune","Collégiale de Carrouges","Aumônerie de Sainte-Catherine-de-Fierbois","Chambrerie de Béthisy-Saint-Pierre","Foyer de l'Union chrétienne des Jeunes Gens de Paris","Petite Mission de Bergerac","Aumônerie de Saint-Martin","Ufenau St. Peter and Paul Church and St. Martin Chapel","Church complex Weiach","Saint Nicholas' church in Lunca Frumoasă, Buzău","Assumption church in Novaci, Giurgiu","Unitarian church in Inlăceni","Roman Catholic church in Bisericani, Harghita","Reformed church in Mugeni, Harghita","Saint George's church in Zorlești, Gorj"]},{"index":1,"name":"col1","values":["Salem","Siirt Province","Santa Cruz","Le Bec-Hellouin","Cahors","Beaune","Carrouges","Sainte-Catherine-de-Fierbois","Béthisy-Saint-Pierre","9th arrondissement of Paris","Bergerac","Tours","Canton of Schwyz","canton of Zürich","Pârscov","Giurgiu County","Harghita County","Harghita County","Harghita County","Gorj County"]},{"index":2,"name":"col2","values":["place listed on the National Register of Historic Places","Tentative World Heritage Site","Immovable Cultural Heritage of Public Interest","monument historique classé","monument historique classé","monument historique classé","registered historic monument","registered historic monument","registered historic monument","registered historic monument","registered historic monument","registered historic monument","class A Swiss cultural property of national significance","class A Swiss cultural property of national significance","historic monument","historic monument","historic monument","historic monument","historic monument","historic monument"]}]},"context":{"page_title":null,"page_url":null,"page_entity_id":null,"content_hierarchy":[]},"links":[[[{"start":0,"end":52,"url":null,"entity_id":"Q16900408","candidates":[]}],[{"start":0,"end":5,"url":null,"entity_id":"Q502230","candidates":[]}],[{"start":0,"end":56,"url":null,"entity_id":"Q19558910","candidates":[]}]],[[{"start":0,"end":25,"url":null,"entity_id":"Q21528395","candidates":[]}],[{"start":0,"end":14,"url":null,"entity_id":"Q482825","candidates":[]}],[{"start":0,"end":29,"url":null,"entity_id":"Q17278671","candidates":[]}]],[[{"start":0,"end":24,"url":null,"entity_id":"Q18483714","candidates":[]}],[{"start":0,"end":10,"url":null,"entity_id":"Q2430699","candidates":[]}],[{"start":0,"end":46,"url":null,"entity_id":"Q15697324","candidates":[]}]],[[{"start":0,"end":35,"url":null,"entity_id":"Q22950236","candidates":[]}],[{"start":0,"end":15,"url":null,"entity_id":"Q686958","candidates":[]}],[{"start":0,"end":26,"url":null,"entity_id":"Q10387684","candidates":[]}]],[[{"start":0,"end":22,"url":null,"entity_id":"Q22939495","candidates":[]}],[{"start":0,"end":6,"url":null,"entity_id":"Q23047","candidates":[]}],[{"start":0,"end":26,"url":null,"entity_id":"Q10387684","candidates":[]}]],[[{"start":0,"end":18,"url":null,"entity_id":"Q22964344","candidates":[]}],[{"start":0,"end":6,"url":null,"entity_id":"Q16121","candidates":[]}],[{"start":0,"end":26,"url":null,"entity_id":"Q10387684","candidates":[]}]],[[{"start":0,"end":23,"url":null,"entity_id":"Q22963511","candidates":[]}],[{"start":0,"end":9,"url":null,"entity_id":"Q1361772","candidates":[]}],[{"start":0,"end":28,"url":null,"entity_id":"Q10387575","candidates":[]}]],[[{"start":0,"end":41,"url":null,"entity_id":"Q22994020","candidates":[]}],[{"start":0,"end":28,"url":null,"entity_id":"Q1136364","candidates":[]}],[{"start":0,"end":28,"url":null,"entity_id":"Q10387575","candidates":[]}]],[[{"start":0,"end":34,"url":null,"entity_id":"Q22979946","candidates":[]}],[{"start":0,"end":20,"url":null,"entity_id":"Q737451","candidates":[]}],[{"start":0,"end":28,"url":null,"entity_id":"Q10387575","candidates":[]}]],[[{"start":0,"end":52,"url":null,"entity_id":"Q22975837","candidates":[]}],[{"start":0,"end":27,"url":null,"entity_id":"Q275118","candidates":[]}],[{"start":0,"end":28,"url":null,"entity_id":"Q10387575","candidates":[]}]],[[{"start":0,"end":26,"url":null,"entity_id":"Q22987423","candidates":[]}],[{"start":0,"end":8,"url":null,"entity_id":"Q187911","candidates":[]}],[{"start":0,"end":28,"url":null,"entity_id":"Q10387575","candidates":[]}]],[[{"start":0,"end":25,"url":null,"entity_id":"Q22994223","candidates":[]}],[{"start":0,"end":5,"url":null,"entity_id":"Q288","candidates":[]}],[{"start":0,"end":28,"url":null,"entity_id":"Q10387575","candidates":[]}]],[[{"start":0,"end":54,"url":null,"entity_id":"Q18002607","candidates":[]}],[{"start":0,"end":16,"url":null,"entity_id":"Q12433","candidates":[]}],[{"start":0,"end":56,"url":null,"entity_id":"Q8274529","candidates":[]}]],[[{"start":0,"end":21,"url":null,"entity_id":"Q18002391","candidates":[]}],[{"start":0,"end":16,"url":null,"entity_id":"Q11943","candidates":[]}],[{"start":0,"end":56,"url":null,"entity_id":"Q8274529","candidates":[]}]],[[{"start":0,"end":47,"url":null,"entity_id":"Q25460961","candidates":[]}],[{"start":0,"end":7,"url":null,"entity_id":"Q2716824","candidates":[]}],[{"start":0,"end":17,"url":null,"entity_id":"Q916620","candidates":[]}]],[[{"start":0,"end":36,"url":null,"entity_id":"Q18538066","candidates":[]}],[{"start":0,"end":14,"url":null,"entity_id":"Q193055","candidates":[]}],[{"start":0,"end":17,"url":null,"entity_id":"Q916620","candidates":[]}]],[[{"start":0,"end":28,"url":null,"entity_id":"Q18537438","candidates":[]}],[{"start":0,"end":15,"url":null,"entity_id":"Q190702","candidates":[]}],[{"start":0,"end":17,"url":null,"entity_id":"Q916620","candidates":[]}]],[[{"start":0,"end":45,"url":null,"entity_id":"Q18537431","candidates":[]}],[{"start":0,"end":15,"url":null,"entity_id":"Q190702","candidates":[]}],[{"start":0,"end":17,"url":null,"entity_id":"Q916620","candidates":[]}]],[[{"start":0,"end":35,"url":null,"entity_id":"Q18537424","candidates":[]}],[{"start":0,"end":15,"url":null,"entity_id":"Q190702","candidates":[]}],[{"start":0,"end":17,"url":null,"entity_id":"Q916620","candidates":[]}]],[[{"start":0,"end":39,"url":null,"entity_id":"Q26257169","candidates":[]}],[{"start":0,"end":11,"url":null,"entity_id":"Q190406","candidates":[]}],[{"start":0,"end":17,"url":null,"entity_id":"Q916620","candidates":[]}]]]}