{"version":"1.2","table":{"version":"2","table_id":"IH397F9X","columns":[{"index":0,"name":"col0","values":["radiu-234","radum-232","radium/231","radium/230","radum-229","rdium-227","radum-225","radi-223","radiuo-222","radium-21","radium-221","radim-218","radium-227","radim-216","radium-225","radium-414","rafium-213m","radiup-213","radium-312","radim-210"]},{"index":1,"name":"col1","values":["1.005","0.991","1.009","0.994","0.993","0.998","0.998","1.006","1.002","1.0","0.994","1.01","0.99","1.005","1.0","0.991","-1.006","-1.004","0.999","1.008"]},{"index":2,"name":"col2","values":["145.27","143.136","144.00099999999998","142.568","140.436","140.112","136.726","135.81","133.464","132.468","132.0","131.3","127.968","127.232","126.111","124.992","124.5","126.25","123.628","123.09799999999998"]},{"index":3,"name":"col3","values":["0.0","0.0","2.485","0.0","2.5124999999999997","1.4865","0.495","1.488","0.0","2.515","0.0","0.0","4.491","0.0","4.4775","0.0","8.466","0.502","0.0","0.0"]}]},"context":{"page_title":null,"page_url":null,"page_entity_id":null,"content_hierarchy":[]},"links":[[[{"start":0,"end":9,"url":null,"entity_id":"Q18888819","candidates":[]}],[],[],[]],[[{"start":0,"end":9,"url":null,"entity_id":"Q18888816","candidates":[]}],[],[],[]],[[{"start":0,"end":10,"url":null,"entity_id":"Q18888814","candidates":[]}],[],[],[]],[[{"start":0,"end":10,"url":null,"entity_id":"Q18888813","candidates":[]}],[],[],[]],[[{"start":0,"end":9,"url":null,"entity_id":"Q18888812","candidates":[]}],[],[],[]],[[{"start":0,"end":9,"url":null,"entity_id":"Q18888809","candidates":[]}],[],[],[]],[[{"start":0,"end":9,"url":null,"entity_id":"Q18888807","candidates":[]}],[],[],[]],[[{"start":0,"end":8,"url":null,"entity_id":"Q18888805","candidates":[]}],[],[],[]],[[{"start":0,"end":10,"url":null,"entity_id":"Q18888803","candidates":[]}],[],[],[]],[[{"start":0,"end":9,"url":null,"entity_id":"Q18888801","candidates":[]}],[],[],[]],[[{"start":0,"end":10,"url":null,"entity_id":"Q18888800","candidates":[]}],[],[],[]],[[{"start":0,"end":9,"url":null,"entity_id":"Q18888797","candidates":[]}],[],[],[]],[[{"start":0,"end":10,"url":null,"entity_id":"Q18888794","candidates":[]}],[],[],[]],[[{"start":0,"end":9,"url":null,"entity_id":"Q18888790","candidates":[]}],[],[],[]],[[{"start":0,"end":10,"url":null,"entity_id":"Q18888764","candidates":[]}],[],[],[]],[[{"start":0,"end":10,"url":null,"entity_id":"Q18888754","candidates":[]}],[],[],[]],[[{"start":0,"end":11,"url":null,"entity_id":"Q18888751","candidates":[]}],[],[],[]],[[{"start":0,"end":10,"url":null,"entity_id":"Q18888749","candidates":[]}],[],[],[]],[[{"start":0,"end":10,"url":null,"entity_id":"Q18888742","candidates":[]}],[],[],[]],[[{"start":0,"end":9,"url":null,"entity_id":"Q18888737","candidates":[]}],[],[],[]]]}