{"version":"1.2","table":{"version":"2","table_id":"IH5UNH9O","columns":[{"index":0,"name":"col0","values":["LSWR Lion-class no. 293","LSWR Lion-class no. 292","LSWR Lion-class no. 291","LSWR Lion-class no. 272","LSWR Lion-class no. 271","LSWR Lion-class no. 16 “Salisbury”","LSWR Lion-class no. 24 “Elk”","LSWR Lion-class no. 23 “Antelope”","LSWR Lion-class no. 38 “Vizier”","LSWR Lion-class no. 22 “Giraffe”","LSWR Lion-class no. 13 “Orion”","LSWR Lion-class no. 12 “Jupiter”","LSWR Lion-class no. 10 “Aurora”","LSWR Lion-class no. 9 “Chaplin”","LSWR Lion-class no. 8 “Vesta”","LSWR Lion-class no. 7 “Venus”","LSWR Lion-class no. 3 “Transit”","LSWR Lion-class no. 176 “Dragon”","LSWR Lion-class no. 120 “Hecla”","LSWR Lion-class no. 65 “Achilles”"]},{"index":1,"name":"col1","values":["1873-10-01","1873-09-01","1873-09-01","1872-06-01","1872-06-01","1872-08-01","1871-12-01","1871-11-01","1871-06-01","1871-07-01","1871-07-01","1871-02-01","1897-01-01","1870-12-01","1870-07-01","1870-07-01","1870-06-01","1870-01-01","1870-01-01","1870-01-01"]},{"index":2,"name":"col2","values":["0-6-0","0-6-0","0-6-0","0-6-0","0-6-0","0-6-0","0-6-0","0-6-0","0-6-0","0-6-0","0-6-0","0-6-0","0-6-0","0-6-0","0-6-0","0-6-0","0-6-0","0-6-0","0-6-0","0-6-0"]},{"index":3,"name":"col3","values":["1888-06-01","1886-07-01","1887-12-01","1891-12-01","1897-04-01","1899-04-01","1889-12-01","1898-06-01","1899-07-01","1891-12-01","1899-07-01","1898-06-01","1897-04-01","1893-03-01","1898-03-01","1893-02-01","1897-04-01","1891-03-01","1899-03-01","1897-04-01"]},{"index":4,"name":"col4","values":["Nine Elms Locomotive Works","Nine Elms Locomotive Works","Nine Elms Locomotive Works","Nine Elms Locomotive Works","Nine Elms Locomotive Works","Nine Elms Locomotive Works","Nine Elms Locomotive Works","Nine Elms Locomotive Works","Nine Elms Locomotive Works","Nine Elms Locomotive Works","Nine Elms Locomotive Works","Nine Elms Locomotive Works","Nine Elms Locomotive Works","Nine Elms Locomotive Works","Nine Elms Locomotive Works","Nine Elms Locomotive Works","Nine Elms Locomotive Works","Nine Elms Locomotive Works","Nine Elms Locomotive Works","Nine Elms Locomotive Works"]},{"index":5,"name":"col5","values":["London and South Western Railway","London and South Western Railway","London and South Western Railway","London and South Western Railway","London and South Western Railway","London and South Western Railway","London and South Western Railway","London and South Western Railway","London and South Western Railway","London and South Western Railway","London and South Western Railway","London and South Western Railway","London and South Western Railway","London and South Western Railway","London and South Western Railway","London and South Western Railway","London and South Western Railway","London and South Western Railway","London and South Western Railway","London and South Western Railway"]},{"index":6,"name":"col6","values":["2","2","2","2","2","2","2","2","2","2","2","2","2","2","2","2","2","2","2","2"]}]},"context":{"page_title":null,"page_url":null,"page_entity_id":null,"content_hierarchy":[]},"links":[[[{"start":0,"end":23,"url":null,"entity_id":"Q47657244","candidates":[]}],[],[{"start":0,"end":5,"url":null,"entity_id":"Q2922269","candidates":[]}],[],[{"start":0,"end":26,"url":null,"entity_id":"Q7038300","candidates":[]}],[{"start":0,"end":32,"url":null,"entity_id":"Q1130022","candidates":[]}],[]],[[{"start":0,"end":23,"url":null,"entity_id":"Q47657217","candidates":[]}],[],[{"start":0,"end":5,"url":null,"entity_id":"Q2922269","candidates":[]}],[],[{"start":0,"end":26,"url":null,"entity_id":"Q7038300","candidates":[]}],[{"start":0,"end":32,"url":null,"entity_id":"Q1130022","candidates":[]}],[]],[[{"start":0,"end":23,"url":null,"entity_id":"Q47657167","candidates":[]}],[],[{"start":0,"end":5,"url":null,"entity_id":"Q2922269","candidates":[]}],[],[{"start":0,"end":26,"url":null,"entity_id":"Q7038300","candidates":[]}],[{"start":0,"end":32,"url":null,"entity_id":"Q1130022","candidates":[]}],[]],[[{"start":0,"end":23,"url":null,"entity_id":"Q47653227","candidates":[]}],[],[{"start":0,"end":5,"url":null,"entity_id":"Q2922269","candidates":[]}],[],[{"start":0,"end":26,"url":null,"entity_id":"Q7038300","candidates":[]}],[{"start":0,"end":32,"url":null,"entity_id":"Q1130022","candidates":[]}],[]],[[{"start":0,"end":23,"url":null,"entity_id":"Q47653194","candidates":[]}],[],[{"start":0,"end":5,"url":null,"entity_id":"Q2922269","candidates":[]}],[],[{"start":0,"end":26,"url":null,"entity_id":"Q7038300","candidates":[]}],[{"start":0,"end":32,"url":null,"entity_id":"Q1130022","candidates":[]}],[]],[[{"start":0,"end":34,"url":null,"entity_id":"Q47653112","candidates":[]}],[],[{"start":0,"end":5,"url":null,"entity_id":"Q2922269","candidates":[]}],[],[{"start":0,"end":26,"url":null,"entity_id":"Q7038300","candidates":[]}],[{"start":0,"end":32,"url":null,"entity_id":"Q1130022","candidates":[]}],[]],[[{"start":0,"end":28,"url":null,"entity_id":"Q47528221","candidates":[]}],[],[{"start":0,"end":5,"url":null,"entity_id":"Q2922269","candidates":[]}],[],[{"start":0,"end":26,"url":null,"entity_id":"Q7038300","candidates":[]}],[{"start":0,"end":32,"url":null,"entity_id":"Q1130022","candidates":[]}],[]],[[{"start":0,"end":33,"url":null,"entity_id":"Q47528220","candidates":[]}],[],[{"start":0,"end":5,"url":null,"entity_id":"Q2922269","candidates":[]}],[],[{"start":0,"end":26,"url":null,"entity_id":"Q7038300","candidates":[]}],[{"start":0,"end":32,"url":null,"entity_id":"Q1130022","candidates":[]}],[]],[[{"start":0,"end":31,"url":null,"entity_id":"Q47508947","candidates":[]}],[],[{"start":0,"end":5,"url":null,"entity_id":"Q2922269","candidates":[]}],[],[{"start":0,"end":26,"url":null,"entity_id":"Q7038300","candidates":[]}],[{"start":0,"end":32,"url":null,"entity_id":"Q1130022","candidates":[]}],[]],[[{"start":0,"end":32,"url":null,"entity_id":"Q47508945","candidates":[]}],[],[{"start":0,"end":5,"url":null,"entity_id":"Q2922269","candidates":[]}],[],[{"start":0,"end":26,"url":null,"entity_id":"Q7038300","candidates":[]}],[{"start":0,"end":32,"url":null,"entity_id":"Q1130022","candidates":[]}],[]],[[{"start":0,"end":30,"url":null,"entity_id":"Q47508942","candidates":[]}],[],[{"start":0,"end":5,"url":null,"entity_id":"Q2922269","candidates":[]}],[],[{"start":0,"end":26,"url":null,"entity_id":"Q7038300","candidates":[]}],[{"start":0,"end":32,"url":null,"entity_id":"Q1130022","candidates":[]}],[]],[[{"start":0,"end":32,"url":null,"entity_id":"Q47507865","candidates":[]}],[],[{"start":0,"end":5,"url":null,"entity_id":"Q2922269","candidates":[]}],[],[{"start":0,"end":26,"url":null,"entity_id":"Q7038300","candidates":[]}],[{"start":0,"end":32,"url":null,"entity_id":"Q1130022","candidates":[]}],[]],[[{"start":0,"end":31,"url":null,"entity_id":"Q47507864","candidates":[]}],[],[{"start":0,"end":5,"url":null,"entity_id":"Q2922269","candidates":[]}],[],[{"start":0,"end":26,"url":null,"entity_id":"Q7038300","candidates":[]}],[{"start":0,"end":32,"url":null,"entity_id":"Q1130022","candidates":[]}],[]],[[{"start":0,"end":31,"url":null,"entity_id":"Q47507862","candidates":[]}],[],[{"start":0,"end":5,"url":null,"entity_id":"Q2922269","candidates":[]}],[],[{"start":0,"end":26,"url":null,"entity_id":"Q7038300","candidates":[]}],[{"start":0,"end":32,"url":null,"entity_id":"Q1130022","candidates":[]}],[]],[[{"start":0,"end":29,"url":null,"entity_id":"Q47504641","candidates":[]}],[],[{"start":0,"end":5,"url":null,"entity_id":"Q2922269","candidates":[]}],[],[{"start":0,"end":26,"url":null,"entity_id":"Q7038300","candidates":[]}],[{"start":0,"end":32,"url":null,"entity_id":"Q1130022","candidates":[]}],[]],[[{"start":0,"end":29,"url":null,"entity_id":"Q47504640","candidates":[]}],[],[{"start":0,"end":5,"url":null,"entity_id":"Q2922269","candidates":[]}],[],[{"start":0,"end":26,"url":null,"entity_id":"Q7038300","candidates":[]}],[{"start":0,"end":32,"url":null,"entity_id":"Q1130022","candidates":[]}],[]],[[{"start":0,"end":31,"url":null,"entity_id":"Q47504637","candidates":[]}],[],[{"start":0,"end":5,"url":null,"entity_id":"Q2922269","candidates":[]}],[],[{"start":0,"end":26,"url":null,"entity_id":"Q7038300","candidates":[]}],[{"start":0,"end":32,"url":null,"entity_id":"Q1130022","candidates":[]}],[]],[[{"start":0,"end":32,"url":null,"entity_id":"Q47502560","candidates":[]}],[],[{"start":0,"end":5,"url":null,"entity_id":"Q2922269","candidates":[]}],[],[{"start":0,"end":26,"url":null,"entity_id":"Q7038300","candidates":[]}],[{"start":0,"end":32,"url":null,"entity_id":"Q1130022","candidates":[]}],[]],[[{"start":0,"end":31,"url":null,"entity_id":"Q47502555","candidates":[]}],[],[{"start":0,"end":5,"url":null,"entity_id":"Q2922269","candidates":[]}],[],[{"start":0,"end":26,"url":null,"entity_id":"Q7038300","candidates":[]}],[{"start":0,"end":32,"url":null,"entity_id":"Q1130022","candidates":[]}],[]],[[{"start":0,"end":33,"url":null,"entity_id":"Q47502548","candidates":[]}],[],[{"start":0,"end":5,"url":null,"entity_id":"Q2922269","candidates":[]}],[],[{"start":0,"end":26,"url":null,"entity_id":"Q7038300","candidates":[]}],[{"start":0,"end":32,"url":null,"entity_id":"Q1130022","candidates":[]}],[]]]}