{"version":"1.2","table":{"version":"2","table_id":"IHP2H0DF","columns":[{"index":0,"name":"col0","values":["Warbwrg","Cologqe","Ahlen","Bfrlin","Hambrg","Iseroohn","Dvisburg","Bocjum","Bieleffld","Brnswick","Lübecn","Mnser","Beekum","Kamen","Arhem","Etfurt","Hanoves","Kiel","Dortmupd","Gańsk"]},{"index":1,"name":"col1","values":["UTC+01:00","UTC+01:00","UTC+01:00","UTC+01:00","UTC+01:00","UTC+01:00","UTC+01:00","UTC+01:00","UTC+02:00","UTC+01:00","UTC+01:00","UTC+01:00","UTC+01:00","UTC+01:00","UTC+01:00","UTC+01:00","UTC+01:00","UTC+01:00","UTC+01:00","UTC+01:00"]},{"index":2,"name":"col2","values":["229.31","51.584","80.48","34.0","6.0600000000000005","251.22899999999998","33.230999999999995","93.718","117.882","74.775","13.052","59.519999999999996","99.0","1.007","13.104","192.836","55.11","4.975","86.258","180.0"]},{"index":3,"name":"col3","values":["Marsberg","Leverkusen","Beckum","Brandenburg","Schleswig-Holstein","Hemer","Düsseldorf","Dortmund","Spenge","Salzgitter","Nordwestmecklenburg District","Warendorf District","Ahlen","Zwartewaterland","Ede","Sömmerda","Garbsen","Rendsburg-Eckernförde","Bochum","Gdynia"]}]},"context":{"page_title":null,"page_url":null,"page_entity_id":null,"content_hierarchy":[]},"links":[[[{"start":0,"end":7,"url":null,"entity_id":"Q968","candidates":[]}],[{"start":0,"end":9,"url":null,"entity_id":"Q6655","candidates":[]}],[],[{"start":0,"end":8,"url":null,"entity_id":"Q5645","candidates":[]}]],[[{"start":0,"end":7,"url":null,"entity_id":"Q365","candidates":[]}],[{"start":0,"end":9,"url":null,"entity_id":"Q6655","candidates":[]}],[],[{"start":0,"end":10,"url":null,"entity_id":"Q2938","candidates":[]}]],[[{"start":0,"end":5,"url":null,"entity_id":"Q1132","candidates":[]}],[{"start":0,"end":9,"url":null,"entity_id":"Q6655","candidates":[]}],[],[{"start":0,"end":6,"url":null,"entity_id":"Q2707","candidates":[]}]],[[{"start":0,"end":6,"url":null,"entity_id":"Q64","candidates":[]}],[{"start":0,"end":9,"url":null,"entity_id":"Q6655","candidates":[]}],[],[{"start":0,"end":11,"url":null,"entity_id":"Q1208","candidates":[]}]],[[{"start":0,"end":6,"url":null,"entity_id":"Q1055","candidates":[]}],[{"start":0,"end":9,"url":null,"entity_id":"Q6655","candidates":[]}],[],[{"start":0,"end":18,"url":null,"entity_id":"Q1194","candidates":[]}]],[[{"start":0,"end":8,"url":null,"entity_id":"Q1130","candidates":[]}],[{"start":0,"end":9,"url":null,"entity_id":"Q6655","candidates":[]}],[],[{"start":0,"end":5,"url":null,"entity_id":"Q1104","candidates":[]}]],[[{"start":0,"end":8,"url":null,"entity_id":"Q2100","candidates":[]}],[{"start":0,"end":9,"url":null,"entity_id":"Q6655","candidates":[]}],[],[{"start":0,"end":10,"url":null,"entity_id":"Q1718","candidates":[]}]],[[{"start":0,"end":6,"url":null,"entity_id":"Q2103","candidates":[]}],[{"start":0,"end":9,"url":null,"entity_id":"Q6655","candidates":[]}],[],[{"start":0,"end":8,"url":null,"entity_id":"Q1295","candidates":[]}]],[[{"start":0,"end":9,"url":null,"entity_id":"Q2112","candidates":[]}],[{"start":0,"end":9,"url":null,"entity_id":"Q6723","candidates":[]}],[],[{"start":0,"end":6,"url":null,"entity_id":"Q53904","candidates":[]}]],[[{"start":0,"end":8,"url":null,"entity_id":"Q2773","candidates":[]}],[{"start":0,"end":9,"url":null,"entity_id":"Q6655","candidates":[]}],[],[{"start":0,"end":10,"url":null,"entity_id":"Q3200","candidates":[]}]],[[{"start":0,"end":6,"url":null,"entity_id":"Q2843","candidates":[]}],[{"start":0,"end":9,"url":null,"entity_id":"Q6655","candidates":[]}],[],[{"start":0,"end":28,"url":null,"entity_id":"Q2876","candidates":[]}]],[[{"start":0,"end":5,"url":null,"entity_id":"Q2742","candidates":[]}],[{"start":0,"end":9,"url":null,"entity_id":"Q6655","candidates":[]}],[],[{"start":0,"end":18,"url":null,"entity_id":"Q2839","candidates":[]}]],[[{"start":0,"end":6,"url":null,"entity_id":"Q2707","candidates":[]}],[{"start":0,"end":9,"url":null,"entity_id":"Q6655","candidates":[]}],[],[{"start":0,"end":5,"url":null,"entity_id":"Q1132","candidates":[]}]],[[{"start":0,"end":5,"url":null,"entity_id":"Q10014","candidates":[]}],[{"start":0,"end":9,"url":null,"entity_id":"Q6655","candidates":[]}],[],[{"start":0,"end":15,"url":null,"entity_id":"Q10026","candidates":[]}]],[[{"start":0,"end":5,"url":null,"entity_id":"Q1310","candidates":[]}],[{"start":0,"end":9,"url":null,"entity_id":"Q6655","candidates":[]}],[],[{"start":0,"end":3,"url":null,"entity_id":"Q26555","candidates":[]}]],[[{"start":0,"end":6,"url":null,"entity_id":"Q1729","candidates":[]}],[{"start":0,"end":9,"url":null,"entity_id":"Q6655","candidates":[]}],[],[{"start":0,"end":8,"url":null,"entity_id":"Q7865","candidates":[]}]],[[{"start":0,"end":7,"url":null,"entity_id":"Q1715","candidates":[]}],[{"start":0,"end":9,"url":null,"entity_id":"Q6655","candidates":[]}],[],[{"start":0,"end":7,"url":null,"entity_id":"Q4001","candidates":[]}]],[[{"start":0,"end":4,"url":null,"entity_id":"Q1707","candidates":[]}],[{"start":0,"end":9,"url":null,"entity_id":"Q6655","candidates":[]}],[],[{"start":0,"end":21,"url":null,"entity_id":"Q2967","candidates":[]}]],[[{"start":0,"end":8,"url":null,"entity_id":"Q1295","candidates":[]}],[{"start":0,"end":9,"url":null,"entity_id":"Q6655","candidates":[]}],[],[{"start":0,"end":6,"url":null,"entity_id":"Q2103","candidates":[]}]],[[{"start":0,"end":5,"url":null,"entity_id":"Q1792","candidates":[]}],[{"start":0,"end":9,"url":null,"entity_id":"Q6655","candidates":[]}],[],[{"start":0,"end":6,"url":null,"entity_id":"Q385","candidates":[]}]]]}