{"version":"1.2","table":{"version":"2","table_id":"IIGHZS5P","columns":[{"index":0,"name":"col0","values":["2020 Volta Ciclista a la Comunitat Valenciana","1990 Volta Ciclista a la Comunitat Valenciana","1984 Volta Ciclista a la Comunitat Valenciana","1983 Volta de les Tres Províncies","1982 Volta de les Tres Províncies","1973 Volta a Llevant","1972 Volta a Llevant","1971 Volta a Llevant","1970 Volta a Llevant","1969 Volta a Llevant","1968 Volta a Llevant","1967 Volta a Llevant","1966 Volta a Llevant","1965 Volta a Llevant","1964 Volta a Llevant","1963 Volta a Llevant","1962 Volta a Llevant","1961 Volta a Llevant","1960 Volta a Llevant","1959 Volta a Llevant"]},{"index":1,"name":"col1","values":["2019 Volta Ciclista a la Comunitat Valenciana","1989 Volta Ciclista a la Comunitat Valenciana","1983 Volta de les Tres Províncies","1982 Volta de les Tres Províncies","1981 Volta de les Tres Províncies","1972 Volta a Llevant","1971 Volta a Llevant","1970 Volta a Llevant","1969 Volta a Llevant","1968 Volta a Llevant","1967 Volta a Llevant","1966 Volta a Llevant","1965 Volta a Llevant","1964 Volta a Llevant","1963 Volta a Llevant","1962 Volta a Llevant","1961 Volta a Llevant","1960 Volta a Llevant","1959 Volta a Llevant","1958 Volta a Llevant"]},{"index":2,"name":"col2","values":["Spain","Spain","Spain","Spain","Spain","Spain","Spain","Spain","Spain","Spain","Spain","Spain","Spain","Spain","Spain","Spain","Spain","Spain","Spain","Spain"]},{"index":3,"name":"col3","values":["2020-02-09","1990-02-25","1984-02-26","1983-02-27","1982-03-07","1973-03-04","1972-03-05","1971-02-28","1970-03-08","1969-03-09","1968-03-10","1967-03-05","1966-03-13","1965-03-07","1964-03-01","1963-03-10","1962-03-04","1961-03-12","1960-03-13","1959-03-15"]}]},"context":{"page_title":null,"page_url":null,"page_entity_id":null,"content_hierarchy":[]},"links":[[[{"start":0,"end":45,"url":null,"entity_id":"Q81656901","candidates":[]}],[{"start":0,"end":45,"url":null,"entity_id":"Q59121358","candidates":[]}],[{"start":0,"end":5,"url":null,"entity_id":"Q29","candidates":[]}],[]],[[{"start":0,"end":45,"url":null,"entity_id":"Q56322629","candidates":[]}],[{"start":0,"end":45,"url":null,"entity_id":"Q56740412","candidates":[]}],[{"start":0,"end":5,"url":null,"entity_id":"Q29","candidates":[]}],[]],[[{"start":0,"end":45,"url":null,"entity_id":"Q56322556","candidates":[]}],[{"start":0,"end":33,"url":null,"entity_id":"Q56740368","candidates":[]}],[{"start":0,"end":5,"url":null,"entity_id":"Q29","candidates":[]}],[]],[[{"start":0,"end":33,"url":null,"entity_id":"Q56740368","candidates":[]}],[{"start":0,"end":33,"url":null,"entity_id":"Q56740367","candidates":[]}],[{"start":0,"end":5,"url":null,"entity_id":"Q29","candidates":[]}],[]],[[{"start":0,"end":33,"url":null,"entity_id":"Q56740367","candidates":[]}],[{"start":0,"end":33,"url":null,"entity_id":"Q56740365","candidates":[]}],[{"start":0,"end":5,"url":null,"entity_id":"Q29","candidates":[]}],[]],[[{"start":0,"end":20,"url":null,"entity_id":"Q56740324","candidates":[]}],[{"start":0,"end":20,"url":null,"entity_id":"Q56740323","candidates":[]}],[{"start":0,"end":5,"url":null,"entity_id":"Q29","candidates":[]}],[]],[[{"start":0,"end":20,"url":null,"entity_id":"Q56740323","candidates":[]}],[{"start":0,"end":20,"url":null,"entity_id":"Q56740321","candidates":[]}],[{"start":0,"end":5,"url":null,"entity_id":"Q29","candidates":[]}],[]],[[{"start":0,"end":20,"url":null,"entity_id":"Q56740321","candidates":[]}],[{"start":0,"end":20,"url":null,"entity_id":"Q56740320","candidates":[]}],[{"start":0,"end":5,"url":null,"entity_id":"Q29","candidates":[]}],[]],[[{"start":0,"end":20,"url":null,"entity_id":"Q56740320","candidates":[]}],[{"start":0,"end":20,"url":null,"entity_id":"Q56740319","candidates":[]}],[{"start":0,"end":5,"url":null,"entity_id":"Q29","candidates":[]}],[]],[[{"start":0,"end":20,"url":null,"entity_id":"Q56740319","candidates":[]}],[{"start":0,"end":20,"url":null,"entity_id":"Q56740318","candidates":[]}],[{"start":0,"end":5,"url":null,"entity_id":"Q29","candidates":[]}],[]],[[{"start":0,"end":20,"url":null,"entity_id":"Q56740318","candidates":[]}],[{"start":0,"end":20,"url":null,"entity_id":"Q56740317","candidates":[]}],[{"start":0,"end":5,"url":null,"entity_id":"Q29","candidates":[]}],[]],[[{"start":0,"end":20,"url":null,"entity_id":"Q56740317","candidates":[]}],[{"start":0,"end":20,"url":null,"entity_id":"Q56740315","candidates":[]}],[{"start":0,"end":5,"url":null,"entity_id":"Q29","candidates":[]}],[]],[[{"start":0,"end":20,"url":null,"entity_id":"Q56740315","candidates":[]}],[{"start":0,"end":20,"url":null,"entity_id":"Q56740314","candidates":[]}],[{"start":0,"end":5,"url":null,"entity_id":"Q29","candidates":[]}],[]],[[{"start":0,"end":20,"url":null,"entity_id":"Q56740314","candidates":[]}],[{"start":0,"end":20,"url":null,"entity_id":"Q56740313","candidates":[]}],[{"start":0,"end":5,"url":null,"entity_id":"Q29","candidates":[]}],[]],[[{"start":0,"end":20,"url":null,"entity_id":"Q56740313","candidates":[]}],[{"start":0,"end":20,"url":null,"entity_id":"Q56740312","candidates":[]}],[{"start":0,"end":5,"url":null,"entity_id":"Q29","candidates":[]}],[]],[[{"start":0,"end":20,"url":null,"entity_id":"Q56740312","candidates":[]}],[{"start":0,"end":20,"url":null,"entity_id":"Q56740310","candidates":[]}],[{"start":0,"end":5,"url":null,"entity_id":"Q29","candidates":[]}],[]],[[{"start":0,"end":20,"url":null,"entity_id":"Q56740310","candidates":[]}],[{"start":0,"end":20,"url":null,"entity_id":"Q56740309","candidates":[]}],[{"start":0,"end":5,"url":null,"entity_id":"Q29","candidates":[]}],[]],[[{"start":0,"end":20,"url":null,"entity_id":"Q56740309","candidates":[]}],[{"start":0,"end":20,"url":null,"entity_id":"Q56740308","candidates":[]}],[{"start":0,"end":5,"url":null,"entity_id":"Q29","candidates":[]}],[]],[[{"start":0,"end":20,"url":null,"entity_id":"Q56740308","candidates":[]}],[{"start":0,"end":20,"url":null,"entity_id":"Q56740307","candidates":[]}],[{"start":0,"end":5,"url":null,"entity_id":"Q29","candidates":[]}],[]],[[{"start":0,"end":20,"url":null,"entity_id":"Q56740307","candidates":[]}],[{"start":0,"end":20,"url":null,"entity_id":"Q56740305","candidates":[]}],[{"start":0,"end":5,"url":null,"entity_id":"Q29","candidates":[]}],[]]]}