[{"version":1,"nodes":[{"col_index":0,"label":"col0","id":0},{"col_index":1,"label":"col1","id":1},{"col_index":2,"label":"col2","id":2},{"abs_uri":"http://www.wikidata.org/entity/Q63952888","rel_uri":"wd:Q63952888","approximation":false,"readable_label":"anime television series (Q63952888)","id":3},{"abs_uri":"http://www.wikidata.org/entity/Q5","rel_uri":"wd:Q5","approximation":false,"readable_label":"human (Q5)","id":4},{"abs_uri":"http://www.wikidata.org/entity/Q1107679","rel_uri":"wd:Q1107679","approximation":false,"readable_label":"animation studio (Q1107679)","id":5}],"edges":[{"source":3,"target":0,"abs_uri":"http://www.w3.org/2000/01/rdf-schema#label","rel_uri":"rdfs:label","approximation":false,"readable_label":"rdfs:label","id":0},{"source":4,"target":1,"abs_uri":"http://www.w3.org/2000/01/rdf-schema#label","rel_uri":"rdfs:label","approximation":false,"readable_label":"rdfs:label","id":1},{"source":5,"target":2,"abs_uri":"http://www.w3.org/2000/01/rdf-schema#label","rel_uri":"rdfs:label","approximation":false,"readable_label":"rdfs:label","id":2},{"source":3,"target":4,"abs_uri":"http://www.wikidata.org/prop/P86","rel_uri":"p:P86","approximation":false,"readable_label":"composer (P86)","id":3},{"source":3,"target":5,"abs_uri":"http://www.wikidata.org/prop/P272","rel_uri":"p:P272","approximation":false,"readable_label":"production company (P272)","id":4}]}]