[{"version":1,"nodes":[{"col_index":0,"label":"col0","id":0},{"col_index":1,"label":"col1","id":1},{"col_index":2,"label":"col2","id":2},{"abs_uri":"http://www.wikidata.org/entity/Q20019082","rel_uri":"wd:Q20019082","approximation":false,"readable_label":"work settlement of Russia (Q20019082)","id":3},{"abs_uri":"http://www.wikidata.org/entity/Q2198484","rel_uri":"wd:Q2198484","approximation":false,"readable_label":"municipal district (Q2198484)","id":4}],"edges":[{"source":3,"target":0,"abs_uri":"http://www.w3.org/2000/01/rdf-schema#label","rel_uri":"rdfs:label","approximation":false,"readable_label":"rdfs:label","id":0},{"source":4,"target":2,"abs_uri":"http://www.w3.org/2000/01/rdf-schema#label","rel_uri":"rdfs:label","approximation":false,"readable_label":"rdfs:label","id":1},{"source":3,"target":1,"abs_uri":"http://www.wikidata.org/prop/P421","rel_uri":"p:P421","approximation":false,"readable_label":"located in time zone (P421)","id":2},{"source":3,"target":4,"abs_uri":"http://www.wikidata.org/prop/P1376","rel_uri":"p:P1376","approximation":false,"readable_label":"capital of (P1376)","id":3}]}]