[{"version":1,"nodes":[{"col_index":0,"label":"col0","id":0},{"col_index":1,"label":"col1","id":1},{"col_index":2,"label":"col2","id":2},{"col_index":3,"label":"col3","id":3},{"col_index":4,"label":"col4","id":4},{"abs_uri":"http://www.wikidata.org/entity/Q831663","rel_uri":"wd:Q831663","approximation":false,"readable_label":"military campaign (Q831663)","id":5}],"edges":[{"source":5,"target":0,"abs_uri":"http://www.w3.org/2000/01/rdf-schema#label","rel_uri":"rdfs:label","approximation":false,"readable_label":"rdfs:label","id":0},{"source":5,"target":1,"abs_uri":"http://www.wikidata.org/prop/P276","rel_uri":"p:P276","approximation":false,"readable_label":"location (P276)","id":1},{"source":5,"target":3,"abs_uri":"http://www.wikidata.org/prop/P710","rel_uri":"p:P710","approximation":false,"readable_label":"participant (P710)","id":2},{"source":5,"target":2,"abs_uri":"http://www.wikidata.org/prop/P580","rel_uri":"p:P580","approximation":false,"readable_label":"start time (P580)","id":3},{"source":5,"target":4,"abs_uri":"http://www.wikidata.org/prop/P582","rel_uri":"p:P582","approximation":false,"readable_label":"end time (P582)","id":4}]}]