[{"version":1,"nodes":[{"col_index":0,"label":"col0","id":0},{"col_index":1,"label":"col1","id":1},{"col_index":2,"label":"col2","id":2},{"abs_uri":"http://www.wikidata.org/entity/Q229390","rel_uri":"wd:Q229390","approximation":false,"readable_label":"3D film (Q229390)","id":3},{"abs_uri":"http://www.wikidata.org/entity/Q23649977","rel_uri":"wd:Q23649977","approximation":false,"readable_label":"FSK rating category (Q23649977)","id":4}],"edges":[{"source":3,"target":0,"abs_uri":"http://www.w3.org/2000/01/rdf-schema#label","rel_uri":"rdfs:label","approximation":false,"readable_label":"rdfs:label","id":0},{"source":4,"target":2,"abs_uri":"http://www.w3.org/2000/01/rdf-schema#label","rel_uri":"rdfs:label","approximation":false,"readable_label":"rdfs:label","id":1},{"source":3,"target":1,"abs_uri":"http://www.wikidata.org/prop/P175","rel_uri":"p:P175","approximation":false,"readable_label":"performer (P175)","id":2},{"source":3,"target":4,"abs_uri":"http://www.wikidata.org/prop/P1981","rel_uri":"p:P1981","approximation":false,"readable_label":"FSK film rating (P1981)","id":3}]}]