[
  {
    "version": 1,
    "nodes": [
      {
        "id": "c-0",
        "abs_uri": "http://www.wikidata.org/entity/Q920182",
        "rel_uri": "wd:Q920182",
        "approximation": false,
        "readable_label": null
      },
      {
        "id": "d:c-0",
        "col_index": 0,
        "label": "Name"
      },
      {
        "id": "c-1",
        "abs_uri": "http://www.wikidata.org/entity/Q3624078",
        "rel_uri": "wd:Q3624078",
        "approximation": false,
        "readable_label": null
      },
      {
        "id": "d:c-1",
        "col_index": 1,
        "label": "Country of origin"
      },
      {
        "id": "c-2",
        "col_index": 2,
        "label": "Quantity"
      },
      {
        "id": "d-3",
        "col_index": 3,
        "label": "Notes"
      }
    ],
    "edges": [
      {
        "source": "c-0",
        "target": "d:c-0",
        "abs_uri": "http://www.w3.org/2000/01/rdf-schema#label",
        "rel_uri": "rdfs:label",
        "approximation": false,
        "readable_label": null,
        "id": 1
      },
      {
        "source": "c-0",
        "target": "c-1",
        "abs_uri": "http://www.wikidata.org/prop/P495",
        "rel_uri": "p:P495",
        "approximation": false,
        "readable_label": null,
        "id": 2
      },
      {
        "source": "c-1",
        "target": "d:c-1",
        "abs_uri": "http://www.w3.org/2000/01/rdf-schema#label",
        "rel_uri": "rdfs:label",
        "approximation": false,
        "readable_label": null,
        "id": 3
      }
    ]
  }
]