[{"version":1,"nodes":[{"col_index":0,"label":"col0","id":0},{"col_index":1,"label":"col1","id":1},{"col_index":2,"label":"col2","id":2},{"col_index":3,"label":"col3","id":3},{"col_index":4,"label":"col4","id":4},{"col_index":5,"label":"col5","id":5},{"abs_uri":"http://www.wikidata.org/entity/Q16830604","rel_uri":"wd:Q16830604","approximation":false,"readable_label":"census town of India (Q16830604)","id":6},{"abs_uri":"http://www.wikidata.org/entity/Q17272482","rel_uri":"wd:Q17272482","approximation":false,"readable_label":"time zone named for a UTC offset (Q17272482)","id":7},{"abs_uri":"http://www.wikidata.org/entity/Q2775236","rel_uri":"wd:Q2775236","approximation":false,"readable_label":"community development block in India (Q2775236)","id":8}],"edges":[{"source":6,"target":0,"abs_uri":"http://www.w3.org/2000/01/rdf-schema#label","rel_uri":"rdfs:label","approximation":false,"readable_label":"rdfs:label","id":0},{"source":7,"target":2,"abs_uri":"http://www.w3.org/2000/01/rdf-schema#label","rel_uri":"rdfs:label","approximation":false,"readable_label":"rdfs:label","id":1},{"source":8,"target":4,"abs_uri":"http://www.w3.org/2000/01/rdf-schema#label","rel_uri":"rdfs:label","approximation":false,"readable_label":"rdfs:label","id":2},{"source":6,"target":7,"abs_uri":"http://www.wikidata.org/prop/P421","rel_uri":"p:P421","approximation":false,"readable_label":"located in time zone (P421)","id":3},{"source":6,"target":8,"abs_uri":"http://www.wikidata.org/prop/P131","rel_uri":"p:P131","approximation":false,"readable_label":"located in the administrative territorial entity (P131)","id":4},{"source":6,"target":1,"abs_uri":"http://www.wikidata.org/prop/P1539","rel_uri":"p:P1539","approximation":false,"readable_label":"female population (P1539)","id":5},{"source":6,"target":3,"abs_uri":"http://www.wikidata.org/prop/P1082","rel_uri":"p:P1082","approximation":false,"readable_label":"population (P1082)","id":6},{"source":6,"target":5,"abs_uri":"http://www.wikidata.org/prop/P6499","rel_uri":"p:P6499","approximation":false,"readable_label":"literate population (P6499)","id":7}]}]