[{"version":1,"nodes":[{"col_index":0,"label":"col0","id":0},{"col_index":1,"label":"col1","id":1},{"col_index":2,"label":"col2","id":2},{"col_index":3,"label":"col3","id":3},{"col_index":4,"label":"col4","id":4},{"abs_uri":"http://www.wikidata.org/entity/Q15081030","rel_uri":"wd:Q15081030","approximation":false,"readable_label":"motorcycle manufacturer (Q15081030)","id":5}],"edges":[{"source":5,"target":0,"abs_uri":"http://www.w3.org/2000/01/rdf-schema#label","rel_uri":"rdfs:label","approximation":false,"readable_label":"rdfs:label","id":0},{"source":5,"target":3,"abs_uri":"http://www.wikidata.org/prop/P452","rel_uri":"p:P452","approximation":false,"readable_label":"industry (P452)","id":1},{"source":5,"target":4,"abs_uri":"http://www.wikidata.org/prop/P1454","rel_uri":"p:P1454","approximation":false,"readable_label":"legal form (P1454)","id":2},{"source":5,"target":1,"abs_uri":"http://www.wikidata.org/prop/P576","rel_uri":"p:P576","approximation":false,"readable_label":"dissolved, abolished or demolished date (P576)","id":3},{"source":5,"target":2,"abs_uri":"http://www.wikidata.org/prop/P571","rel_uri":"p:P571","approximation":false,"readable_label":"inception (P571)","id":4}]}]