[{"version":1,"nodes":[{"col_index":0,"label":"col0","id":0},{"col_index":1,"label":"col1","id":1},{"col_index":2,"label":"col2","id":2},{"col_index":3,"label":"col3","id":3},{"col_index":4,"label":"col4","id":4},{"abs_uri":"http://www.wikidata.org/entity/Q2348250","rel_uri":"wd:Q2348250","approximation":false,"readable_label":"team time trial (Q2348250)","id":5},{"abs_uri":"http://www.wikidata.org/entity/Q2312410","rel_uri":"wd:Q2312410","approximation":false,"readable_label":"sports discipline (Q2312410)","id":6}],"edges":[{"source":5,"target":0,"abs_uri":"http://www.w3.org/2000/01/rdf-schema#label","rel_uri":"rdfs:label","approximation":false,"readable_label":"rdfs:label","id":0},{"source":6,"target":2,"abs_uri":"http://www.w3.org/2000/01/rdf-schema#label","rel_uri":"rdfs:label","approximation":false,"readable_label":"rdfs:label","id":1},{"source":5,"target":1,"abs_uri":"http://www.wikidata.org/prop/P1427","rel_uri":"p:P1427","approximation":false,"readable_label":"start point (P1427)","id":2},{"source":5,"target":6,"abs_uri":"http://www.wikidata.org/prop/P641","rel_uri":"p:P641","approximation":false,"readable_label":"sport (P641)","id":3},{"source":5,"target":3,"abs_uri":"http://www.wikidata.org/prop/P361","rel_uri":"p:P361","approximation":false,"readable_label":"part of (P361)","id":4},{"source":5,"target":4,"abs_uri":"http://www.wikidata.org/prop/P1346","rel_uri":"p:P1346","approximation":false,"readable_label":"winner (P1346)","id":5}]}]