[{"version":1,"nodes":[{"col_index":0,"label":"col0","id":0},{"col_index":1,"label":"col1","id":1},{"col_index":2,"label":"col2","id":2},{"abs_uri":"http://www.wikidata.org/entity/Q15632617","rel_uri":"wd:Q15632617","approximation":false,"readable_label":"fictional human (Q15632617)","id":3},{"abs_uri":"http://www.wikidata.org/entity/Q23786","rel_uri":"wd:Q23786","approximation":false,"readable_label":"eye color (Q23786)","id":4}],"edges":[{"source":3,"target":0,"abs_uri":"http://www.w3.org/2000/01/rdf-schema#label","rel_uri":"rdfs:label","approximation":false,"readable_label":"rdfs:label","id":0},{"source":4,"target":2,"abs_uri":"http://www.w3.org/2000/01/rdf-schema#label","rel_uri":"rdfs:label","approximation":false,"readable_label":"rdfs:label","id":1},{"source":3,"target":1,"abs_uri":"http://www.wikidata.org/prop/P1196","rel_uri":"p:P1196","approximation":false,"readable_label":"manner of death (P1196)","id":2},{"source":3,"target":4,"abs_uri":"http://www.wikidata.org/prop/P1340","rel_uri":"p:P1340","approximation":false,"readable_label":"eye color (P1340)","id":3}]}]