[{"version":1,"nodes":[{"col_index":0,"label":"col0","id":0},{"col_index":1,"label":"col1","id":1},{"col_index":2,"label":"col2","id":2},{"abs_uri":"http://www.wikidata.org/entity/Q29414133","rel_uri":"wd:Q29414133","approximation":false,"readable_label":"community of Cyprus Republic (Q29414133)","id":3},{"abs_uri":"http://www.wikidata.org/entity/Q294414","rel_uri":"wd:Q294414","approximation":false,"readable_label":"public office (Q294414)","id":4}],"edges":[{"source":3,"target":0,"abs_uri":"http://www.w3.org/2000/01/rdf-schema#label","rel_uri":"rdfs:label","approximation":false,"readable_label":"rdfs:label","id":0},{"source":4,"target":2,"abs_uri":"http://www.w3.org/2000/01/rdf-schema#label","rel_uri":"rdfs:label","approximation":false,"readable_label":"rdfs:label","id":1},{"source":3,"target":1,"abs_uri":"http://www.wikidata.org/prop/P1889","rel_uri":"p:P1889","approximation":false,"readable_label":"different from (P1889)","id":2},{"source":3,"target":4,"abs_uri":"http://www.wikidata.org/prop/P1313","rel_uri":"p:P1313","approximation":false,"readable_label":"office held by head of government (P1313)","id":3}]}]