[{"version":1,"nodes":[{"col_index":0,"label":"col0","id":0},{"col_index":1,"label":"col1","id":1},{"col_index":2,"label":"col2","id":2},{"abs_uri":"http://www.wikidata.org/entity/Q5","rel_uri":"wd:Q5","approximation":false,"readable_label":"human (Q5)","id":3},{"abs_uri":"http://www.wikidata.org/entity/Q3760158","rel_uri":"wd:Q3760158","approximation":false,"readable_label":"nomen (Q3760158)","id":4}],"edges":[{"source":3,"target":0,"abs_uri":"http://www.w3.org/2000/01/rdf-schema#label","rel_uri":"rdfs:label","approximation":false,"readable_label":"rdfs:label","id":0},{"source":4,"target":2,"abs_uri":"http://www.w3.org/2000/01/rdf-schema#label","rel_uri":"rdfs:label","approximation":false,"readable_label":"rdfs:label","id":1},{"source":3,"target":4,"abs_uri":"http://www.wikidata.org/prop/P2359","rel_uri":"p:P2359","approximation":false,"readable_label":"Roman nomen gentilicium (P2359)","id":2},{"source":3,"target":1,"abs_uri":"http://www.wikidata.org/prop/P1449","rel_uri":"p:P1449","approximation":false,"readable_label":"nickname (P1449)","id":3}]}]