{"version":"1.2","table":{"version":"2","table_id":"YLUSV5EM","columns":[{"index":0,"name":"col0","values":["Vizianagcram","Gxntur","Mahbvbnagar","Kcyani","Bkargswar","Ait Mellou","Nort Barrackpur","Uttarpara Kotuung","Raignj","Titagarj","Khbrdaha","Kanchraparb","Tantipur","Jalpbiguri","Bakua","Paoakollu","Serapore","Maheshvala","Panlhati","Champani"]},{"index":1,"name":"col1","values":["29.09438","45.65263","51.748639999999995","29.4314","8.22204","39.8","12.597389999999999","11.679499999999999","36.65604","3.2561999999999998","6.9387","9.023760000000001","26.03528","90.74145","6895.764","19.64592","11.5304","43.91492","19.49628","6.53069"]},{"index":2,"name":"col2","values":["229634.88","653983.08","191351.99999999997","100575.0","100563.707","170815.918","133868.448","159147.0","185448.12","117356.78699999998","108929.984","129705.57599999999","150562.78399999999","107770.364","136012.13999999998","128549.547","180387.264","452800.17","378101.694","111139.749"]},{"index":3,"name":"col3","values":["57513.567","163115.0","37696.57","24418.524","23395.630999999998","39935.182","32564.0","41028.119999999995","35149.37","23527.331","25399.44","28255.760000000002","36359.976","26231.204999999998","29956.034999999996","22118.095999999998","42469.28999999999","101250.094","86758.86499999999","24047.842"]}]},"context":{"page_title":null,"page_url":null,"page_entity_id":null,"content_hierarchy":[]},"links":[[[{"start":0,"end":12,"url":null,"entity_id":"Q3619248","candidates":[]}],[],[],[]],[[{"start":0,"end":6,"url":null,"entity_id":"Q3120966","candidates":[]}],[],[],[]],[[{"start":0,"end":11,"url":null,"entity_id":"Q2768192","candidates":[]}],[],[],[]],[[{"start":0,"end":6,"url":null,"entity_id":"Q2734589","candidates":[]}],[],[],[]],[[{"start":0,"end":9,"url":null,"entity_id":"Q2453308","candidates":[]}],[],[],[]],[[{"start":0,"end":10,"url":null,"entity_id":"Q2384142","candidates":[]}],[],[],[]],[[{"start":0,"end":15,"url":null,"entity_id":"Q2318208","candidates":[]}],[],[],[]],[[{"start":0,"end":17,"url":null,"entity_id":"Q2317215","candidates":[]}],[],[],[]],[[{"start":0,"end":6,"url":null,"entity_id":"Q2304045","candidates":[]}],[],[],[]],[[{"start":0,"end":8,"url":null,"entity_id":"Q2287264","candidates":[]}],[],[],[]],[[{"start":0,"end":8,"url":null,"entity_id":"Q2120110","candidates":[]}],[],[],[]],[[{"start":0,"end":11,"url":null,"entity_id":"Q2088474","candidates":[]}],[],[],[]],[[{"start":0,"end":8,"url":null,"entity_id":"Q2035284","candidates":[]}],[],[],[]],[[{"start":0,"end":10,"url":null,"entity_id":"Q1949125","candidates":[]}],[],[],[]],[[{"start":0,"end":5,"url":null,"entity_id":"Q1949030","candidates":[]}],[],[],[]],[[{"start":0,"end":9,"url":null,"entity_id":"Q1945121","candidates":[]}],[],[],[]],[[{"start":0,"end":8,"url":null,"entity_id":"Q1815367","candidates":[]}],[],[],[]],[[{"start":0,"end":10,"url":null,"entity_id":"Q1807947","candidates":[]}],[],[],[]],[[{"start":0,"end":8,"url":null,"entity_id":"Q1801463","candidates":[]}],[],[],[]],[[{"start":0,"end":8,"url":null,"entity_id":"Q857746","candidates":[]}],[],[],[]]]}