{"version":"1.2","table":{"version":"2","table_id":"YNPNYYQC","columns":[{"index":0,"name":"col0","values":["Bern","Correndlin","Brgtigny-sur-Morrens","Bemblens","Bouvsens","Bourqens","Bourg-en/Lavaux","Boulgnw","Bougy-Villaus","Botthns","Borex","Bonvillas","Bogiv-Bossey","Bfflens","Bloay","Bioley-Orulaz","Bioley-Magnou","Bière","Bex","Bttens"]},{"index":1,"name":"col1","values":["132593.818","2974.035","846.887","553.48","977.7209999999999","400.392","5395.844999999999","384.0","488.976","1303.485","1142.064","508.53499999999997","893.328","196.98","6123.616","514.56","226.67799999999997","1604.31","7677.277","592.9499999999999"]},{"index":2,"name":"col2","values":["542.5419999999999","438.17999999999995","723.1629999999999","464.0","590.522","560.876","387.774","711.538","549.096","724.16","466.186","470.25","466.3949999999999","573.144","619.8539999999999","599.985","573.573","691.718","423.576","579.328"]},{"index":3,"name":"col3","values":["51.15542","11.02572","2.84417","2.90709","3.1148800000000003","3.9139099999999996","9.58245","3.4439399999999996","1.7576100000000001","6.74926","1.98005","7.4448","2.4473199999999995","4.18474","15.869700000000002","3.09504","4.29858","24.8","96.94624","3.70634"]}]},"context":{"page_title":null,"page_url":null,"page_entity_id":null,"content_hierarchy":[]},"links":[[[{"start":0,"end":4,"url":null,"entity_id":"Q70","candidates":[]}],[],[],[]],[[{"start":0,"end":10,"url":null,"entity_id":"Q69","candidates":[]}],[],[],[]],[[{"start":0,"end":20,"url":null,"entity_id":"Q52287","candidates":[]}],[],[],[]],[[{"start":0,"end":8,"url":null,"entity_id":"Q52281","candidates":[]}],[],[],[]],[[{"start":0,"end":8,"url":null,"entity_id":"Q52278","candidates":[]}],[],[],[]],[[{"start":0,"end":8,"url":null,"entity_id":"Q52276","candidates":[]}],[],[],[]],[[{"start":0,"end":15,"url":null,"entity_id":"Q52274","candidates":[]}],[],[],[]],[[{"start":0,"end":7,"url":null,"entity_id":"Q52273","candidates":[]}],[],[],[]],[[{"start":0,"end":13,"url":null,"entity_id":"Q52272","candidates":[]}],[],[],[]],[[{"start":0,"end":7,"url":null,"entity_id":"Q52271","candidates":[]}],[],[],[]],[[{"start":0,"end":5,"url":null,"entity_id":"Q52270","candidates":[]}],[],[],[]],[[{"start":0,"end":9,"url":null,"entity_id":"Q52269","candidates":[]}],[],[],[]],[[{"start":0,"end":12,"url":null,"entity_id":"Q52268","candidates":[]}],[],[],[]],[[{"start":0,"end":7,"url":null,"entity_id":"Q52267","candidates":[]}],[],[],[]],[[{"start":0,"end":5,"url":null,"entity_id":"Q52266","candidates":[]}],[],[],[]],[[{"start":0,"end":13,"url":null,"entity_id":"Q52265","candidates":[]}],[],[],[]],[[{"start":0,"end":13,"url":null,"entity_id":"Q52263","candidates":[]}],[],[],[]],[[{"start":0,"end":5,"url":null,"entity_id":"Q52262","candidates":[]}],[],[],[]],[[{"start":0,"end":3,"url":null,"entity_id":"Q52261","candidates":[]}],[],[],[]],[[{"start":0,"end":6,"url":null,"entity_id":"Q52259","candidates":[]}],[],[],[]]]}