{"version":"1.2","table":{"version":"2","table_id":"YNYYWZOJ","columns":[{"index":0,"name":"col0","values":["Balve","Greifswald","Menden (Sauerland)","Hattingen","Stralsund","Hamelin","Frankfurt (Oder)","Wesel","Herford","Unna","Lippstadt","Dinslaken","Brandenburg an der Havel","Lüneburg","Bocholt","Arnsberg","Goslar","Lüdenscheid","Rheine","Dorsten","Minden","Lünen","Ratingen","Hildesheim","Recklinghausen","Göttingen","Paderborn","Neuss","Solingen","Osnabrück","Hamm","Hagen","Rostock","Lübeck","Halle (Saale)","Telgte","Brunswick","Warendorf","Münster","Beckum","Pskov","Bielefeld","Bochum","Duisburg","Essen","Gdańsk","Tallinn"]},{"index":1,"name":"col1","values":["74.76","50.81","86.08","71.39","54.14","102.3","147.85","122.56","78.95","88.52","113.3","47.66","228.8","70.5","119.37","193.72","163.71","86.73","144.86","171.2","101.12","59","88.72","92.29","66.5","116.93","179.59","99.52","89.54","119.8","226.43","160.45","181.36","214.21","135.03","90.6","192.7","176.75","303.28","39","96","258.82","145.66","232.8","210.34","262","159.37"]},{"index":2,"name":"col2","values":["11449","58886","53046","54628","59421","57510","58237","60496","66923","57158","67936","67489","72124","75351","71099","73814","50753","72894","76018","75252","81698","86449","87297","101990","113360","119801","149075","153796","159360","164748","179185","187730","208886","217198","239173","19716","248292","37242","313559","36689","209840","333786","364628","498590","583109","464254","434562"]},{"index":3,"name":"col3","values":["250","5","150","88","9","68","40","23","65","100","79","30","32","17","25","200","255","423","35","31","42","58","50","78","85","150","94","40","53","63","63","106","8","13","87","54","75","63","60","100","45","118","94","33","116","180","143"]}]},"context":{"page_title":null,"page_url":null,"page_entity_id":null,"content_hierarchy":[]},"links":[[[{"start":0,"end":5,"url":null,"entity_id":"Q5274","candidates":[]}],[],[],[]],[[{"start":0,"end":10,"url":null,"entity_id":"Q4098","candidates":[]}],[],[],[]],[[{"start":0,"end":18,"url":null,"entity_id":"Q4086","candidates":[]}],[],[],[]],[[{"start":0,"end":9,"url":null,"entity_id":"Q4082","candidates":[]}],[],[],[]],[[{"start":0,"end":9,"url":null,"entity_id":"Q4065","candidates":[]}],[],[],[]],[[{"start":0,"end":7,"url":null,"entity_id":"Q4062","candidates":[]}],[],[],[]],[[{"start":0,"end":16,"url":null,"entity_id":"Q4024","candidates":[]}],[],[],[]],[[{"start":0,"end":5,"url":null,"entity_id":"Q4011","candidates":[]}],[],[],[]],[[{"start":0,"end":7,"url":null,"entity_id":"Q3971","candidates":[]}],[],[],[]],[[{"start":0,"end":4,"url":null,"entity_id":"Q3949","candidates":[]}],[],[],[]],[[{"start":0,"end":9,"url":null,"entity_id":"Q3943","candidates":[]}],[],[],[]],[[{"start":0,"end":9,"url":null,"entity_id":"Q3939","candidates":[]}],[],[],[]],[[{"start":0,"end":24,"url":null,"entity_id":"Q3931","candidates":[]}],[],[],[]],[[{"start":0,"end":8,"url":null,"entity_id":"Q3920","candidates":[]}],[],[],[]],[[{"start":0,"end":7,"url":null,"entity_id":"Q3917","candidates":[]}],[],[],[]],[[{"start":0,"end":8,"url":null,"entity_id":"Q3912","candidates":[]}],[],[],[]],[[{"start":0,"end":6,"url":null,"entity_id":"Q3896","candidates":[]}],[],[],[]],[[{"start":0,"end":11,"url":null,"entity_id":"Q3893","candidates":[]}],[],[],[]],[[{"start":0,"end":6,"url":null,"entity_id":"Q3890","candidates":[]}],[],[],[]],[[{"start":0,"end":7,"url":null,"entity_id":"Q3886","candidates":[]}],[],[],[]],[[{"start":0,"end":6,"url":null,"entity_id":"Q3846","candidates":[]}],[],[],[]],[[{"start":0,"end":5,"url":null,"entity_id":"Q3822","candidates":[]}],[],[],[]],[[{"start":0,"end":8,"url":null,"entity_id":"Q3791","candidates":[]}],[],[],[]],[[{"start":0,"end":10,"url":null,"entity_id":"Q3185","candidates":[]}],[],[],[]],[[{"start":0,"end":14,"url":null,"entity_id":"Q3050","candidates":[]}],[],[],[]],[[{"start":0,"end":9,"url":null,"entity_id":"Q3033","candidates":[]}],[],[],[]],[[{"start":0,"end":9,"url":null,"entity_id":"Q2971","candidates":[]}],[],[],[]],[[{"start":0,"end":5,"url":null,"entity_id":"Q2948","candidates":[]}],[],[],[]],[[{"start":0,"end":8,"url":null,"entity_id":"Q2942","candidates":[]}],[],[],[]],[[{"start":0,"end":9,"url":null,"entity_id":"Q2916","candidates":[]}],[],[],[]],[[{"start":0,"end":4,"url":null,"entity_id":"Q2880","candidates":[]}],[],[],[]],[[{"start":0,"end":5,"url":null,"entity_id":"Q2871","candidates":[]}],[],[],[]],[[{"start":0,"end":7,"url":null,"entity_id":"Q2861","candidates":[]}],[],[],[]],[[{"start":0,"end":6,"url":null,"entity_id":"Q2843","candidates":[]}],[],[],[]],[[{"start":0,"end":13,"url":null,"entity_id":"Q2814","candidates":[]}],[],[],[]],[[{"start":0,"end":6,"url":null,"entity_id":"Q2789","candidates":[]}],[],[],[]],[[{"start":0,"end":9,"url":null,"entity_id":"Q2773","candidates":[]}],[],[],[]],[[{"start":0,"end":9,"url":null,"entity_id":"Q2769","candidates":[]}],[],[],[]],[[{"start":0,"end":7,"url":null,"entity_id":"Q2742","candidates":[]}],[],[],[]],[[{"start":0,"end":6,"url":null,"entity_id":"Q2707","candidates":[]}],[],[],[]],[[{"start":0,"end":5,"url":null,"entity_id":"Q2214","candidates":[]}],[],[],[]],[[{"start":0,"end":9,"url":null,"entity_id":"Q2112","candidates":[]}],[],[],[]],[[{"start":0,"end":6,"url":null,"entity_id":"Q2103","candidates":[]}],[],[],[]],[[{"start":0,"end":8,"url":null,"entity_id":"Q2100","candidates":[]}],[],[],[]],[[{"start":0,"end":5,"url":null,"entity_id":"Q2066","candidates":[]}],[],[],[]],[[{"start":0,"end":6,"url":null,"entity_id":"Q1792","candidates":[]}],[],[],[]],[[{"start":0,"end":7,"url":null,"entity_id":"Q1770","candidates":[]}],[],[],[]]]}