{"version":"1.2","table":{"version":"2","table_id":"YOA18TUM","columns":[{"index":0,"name":"col0","values":["SDSS J212510.67+041131.5","SDSS J094102.68-010402.4","SDSS J162754.57+191004.9","SDSS J163150.32+185404.0","SDSS J121504.44+004726.0","SDSS J133751.31+362018.0","SDSS J082130.66+373330.6","SDSS J154246.33+162951.7","SDSS J084054.18+505152.8","SDSS J080105.29+472749.2","SDSS J084121.74+501720.1","SDSS J123427.98-024129.5","SDSS J212252.04+040935.5","SDSS J122151.91+380610.5","SDSS J154503.57+274805.2","SDSS J163714.57+143930.1","SDSS J134427.96+325824.5","SDSS J135218.99+321651.7","SDSS J161846.73+193026.6","SDSS J161109.80+170526.6"]},{"index":1,"name":"col1","values":["17.669","19.208","19.018","17.195","18.908","18.786","18.574","17.914","19.435","19.46","19.176","18.709","18.44","19.009","18.316","19.129","19.207","18.843","19.649","19.447"]},{"index":2,"name":"col2","values":["321.294468","145.261204","246.977391","247.959689","183.768511","204.463807","125.377765","235.693065","130.225776","120.272064","130.340606","188.616618","320.716847","185.466326","236.264896","249.310729","206.116522","208.079134","244.694729","242.790832"]}]},"context":{"page_title":null,"page_url":null,"page_entity_id":null,"content_hierarchy":[]},"links":[[[{"start":0,"end":24,"url":null,"entity_id":"Q75027552","candidates":[]}],[],[]],[[{"start":0,"end":24,"url":null,"entity_id":"Q75027537","candidates":[]}],[],[]],[[{"start":0,"end":24,"url":null,"entity_id":"Q75027531","candidates":[]}],[],[]],[[{"start":0,"end":24,"url":null,"entity_id":"Q75027529","candidates":[]}],[],[]],[[{"start":0,"end":24,"url":null,"entity_id":"Q75027527","candidates":[]}],[],[]],[[{"start":0,"end":24,"url":null,"entity_id":"Q75027523","candidates":[]}],[],[]],[[{"start":0,"end":24,"url":null,"entity_id":"Q75027515","candidates":[]}],[],[]],[[{"start":0,"end":24,"url":null,"entity_id":"Q75027512","candidates":[]}],[],[]],[[{"start":0,"end":24,"url":null,"entity_id":"Q75027511","candidates":[]}],[],[]],[[{"start":0,"end":24,"url":null,"entity_id":"Q75027508","candidates":[]}],[],[]],[[{"start":0,"end":24,"url":null,"entity_id":"Q75027492","candidates":[]}],[],[]],[[{"start":0,"end":24,"url":null,"entity_id":"Q75027491","candidates":[]}],[],[]],[[{"start":0,"end":24,"url":null,"entity_id":"Q75027487","candidates":[]}],[],[]],[[{"start":0,"end":24,"url":null,"entity_id":"Q75027472","candidates":[]}],[],[]],[[{"start":0,"end":24,"url":null,"entity_id":"Q75027471","candidates":[]}],[],[]],[[{"start":0,"end":24,"url":null,"entity_id":"Q75027466","candidates":[]}],[],[]],[[{"start":0,"end":24,"url":null,"entity_id":"Q75027457","candidates":[]}],[],[]],[[{"start":0,"end":24,"url":null,"entity_id":"Q75027454","candidates":[]}],[],[]],[[{"start":0,"end":24,"url":null,"entity_id":"Q75027447","candidates":[]}],[],[]],[[{"start":0,"end":24,"url":null,"entity_id":"Q75027445","candidates":[]}],[],[]]]}