{"version":"1.2","table":{"version":"2","table_id":"YOMWMSCT","columns":[{"index":0,"name":"col0","values":["United States Post Office–Long Beach Main","University of MemphisSchool of Law building","United States Post Office Lenox Hill Station","United States Post Office Knickerbocker Station","United States Post Office Inwood Station","United States Post Office Canal Street Station","United States Post Office and Courthouse–Baton Rouge","United States Post Office–Lindsborg","United States Post Office","United States Post Office","United States Post Office","United States Post Office","United States Post Office","United States Post Office","United States Post Office","United States Post Office","United States Post Office","United States Post Office","United States Post Office","United States Post Office"]},{"index":1,"name":"col1","values":["Art Deco","Neoclassical architecture","Colonial Revival architecture","Colonial Revival architecture","Colonial Revival architecture","Streamline Moderne","Art Deco","Neoclassical architecture","Neoclassical architecture","Colonial Revival architecture","Colonial Revival architecture","Colonial Revival architecture","Colonial Revival architecture","Colonial Revival architecture","Colonial Revival architecture","Colonial Revival architecture","Colonial Revival architecture","Colonial Revival architecture","Art Deco","neoclassicism"]},{"index":2,"name":"col2","values":["Long Beach","Memphis","Manhattan","Manhattan","Manhattan","Manhattan","Louisiana","Kansas","Rhode Island","New York","New York","New York","New York","New York","New York","New York","New York","New York","New York","New York"]}]},"context":{"page_title":null,"page_url":null,"page_entity_id":null,"content_hierarchy":[]},"links":[[[{"start":0,"end":41,"url":null,"entity_id":"Q7891154","candidates":[]}],[{"start":0,"end":8,"url":null,"entity_id":"Q173782","candidates":[]}],[{"start":0,"end":10,"url":null,"entity_id":"Q16739","candidates":[]}]],[[{"start":0,"end":43,"url":null,"entity_id":"Q7895738","candidates":[]}],[{"start":0,"end":25,"url":null,"entity_id":"Q54111","candidates":[]}],[{"start":0,"end":7,"url":null,"entity_id":"Q16563","candidates":[]}]],[[{"start":0,"end":44,"url":null,"entity_id":"Q7891150","candidates":[]}],[{"start":0,"end":29,"url":null,"entity_id":"Q5148367","candidates":[]}],[{"start":0,"end":9,"url":null,"entity_id":"Q11299","candidates":[]}]],[[{"start":0,"end":47,"url":null,"entity_id":"Q7891148","candidates":[]}],[{"start":0,"end":29,"url":null,"entity_id":"Q5148367","candidates":[]}],[{"start":0,"end":9,"url":null,"entity_id":"Q11299","candidates":[]}]],[[{"start":0,"end":40,"url":null,"entity_id":"Q7891145","candidates":[]}],[{"start":0,"end":29,"url":null,"entity_id":"Q5148367","candidates":[]}],[{"start":0,"end":9,"url":null,"entity_id":"Q11299","candidates":[]}]],[[{"start":0,"end":46,"url":null,"entity_id":"Q7891143","candidates":[]}],[{"start":0,"end":18,"url":null,"entity_id":"Q928960","candidates":[]}],[{"start":0,"end":9,"url":null,"entity_id":"Q11299","candidates":[]}]],[[{"start":0,"end":52,"url":null,"entity_id":"Q7891113","candidates":[]}],[{"start":0,"end":8,"url":null,"entity_id":"Q173782","candidates":[]}],[{"start":0,"end":9,"url":null,"entity_id":"Q1588","candidates":[]}]],[[{"start":0,"end":35,"url":null,"entity_id":"Q7891155","candidates":[]}],[{"start":0,"end":25,"url":null,"entity_id":"Q54111","candidates":[]}],[{"start":0,"end":6,"url":null,"entity_id":"Q1558","candidates":[]}]],[[{"start":0,"end":25,"url":null,"entity_id":"Q7891062","candidates":[]}],[{"start":0,"end":25,"url":null,"entity_id":"Q54111","candidates":[]}],[{"start":0,"end":12,"url":null,"entity_id":"Q1387","candidates":[]}]],[[{"start":0,"end":25,"url":null,"entity_id":"Q7891064","candidates":[]}],[{"start":0,"end":29,"url":null,"entity_id":"Q5148367","candidates":[]}],[{"start":0,"end":8,"url":null,"entity_id":"Q1384","candidates":[]}]],[[{"start":0,"end":25,"url":null,"entity_id":"Q7891047","candidates":[]}],[{"start":0,"end":29,"url":null,"entity_id":"Q5148367","candidates":[]}],[{"start":0,"end":8,"url":null,"entity_id":"Q1384","candidates":[]}]],[[{"start":0,"end":25,"url":null,"entity_id":"Q7891045","candidates":[]}],[{"start":0,"end":29,"url":null,"entity_id":"Q5148367","candidates":[]}],[{"start":0,"end":8,"url":null,"entity_id":"Q1384","candidates":[]}]],[[{"start":0,"end":25,"url":null,"entity_id":"Q7891039","candidates":[]}],[{"start":0,"end":29,"url":null,"entity_id":"Q5148367","candidates":[]}],[{"start":0,"end":8,"url":null,"entity_id":"Q1384","candidates":[]}]],[[{"start":0,"end":25,"url":null,"entity_id":"Q7891033","candidates":[]}],[{"start":0,"end":29,"url":null,"entity_id":"Q5148367","candidates":[]}],[{"start":0,"end":8,"url":null,"entity_id":"Q1384","candidates":[]}]],[[{"start":0,"end":25,"url":null,"entity_id":"Q7891027","candidates":[]}],[{"start":0,"end":29,"url":null,"entity_id":"Q5148367","candidates":[]}],[{"start":0,"end":8,"url":null,"entity_id":"Q1384","candidates":[]}]],[[{"start":0,"end":25,"url":null,"entity_id":"Q7891014","candidates":[]}],[{"start":0,"end":29,"url":null,"entity_id":"Q5148367","candidates":[]}],[{"start":0,"end":8,"url":null,"entity_id":"Q1384","candidates":[]}]],[[{"start":0,"end":25,"url":null,"entity_id":"Q7891008","candidates":[]}],[{"start":0,"end":29,"url":null,"entity_id":"Q5148367","candidates":[]}],[{"start":0,"end":8,"url":null,"entity_id":"Q1384","candidates":[]}]],[[{"start":0,"end":25,"url":null,"entity_id":"Q7891000","candidates":[]}],[{"start":0,"end":29,"url":null,"entity_id":"Q5148367","candidates":[]}],[{"start":0,"end":8,"url":null,"entity_id":"Q1384","candidates":[]}]],[[{"start":0,"end":25,"url":null,"entity_id":"Q7891025","candidates":[]}],[{"start":0,"end":8,"url":null,"entity_id":"Q173782","candidates":[]}],[{"start":0,"end":8,"url":null,"entity_id":"Q1384","candidates":[]}]],[[{"start":0,"end":25,"url":null,"entity_id":"Q7891046","candidates":[]}],[{"start":0,"end":13,"url":null,"entity_id":"Q14378","candidates":[]}],[{"start":0,"end":8,"url":null,"entity_id":"Q1384","candidates":[]}]]]}