{"version":"1.2","table":{"version":"2","table_id":"YP0J56OU","columns":[{"index":0,"name":"col0","values":["Nationalist!Movement Party","Italian Soialist Party","Democratic Moveoent Party","Christia Demofracy","Paty of the Republic","National Unit Party","United ussia","French Social Prty","olish United Workers' Party","Natiopal Fascist Party","Barisan Nasiona","Democratic arty","Republiean Party","Labour Patty","Hong Kong Confederation of Trade Uniont","LDPR","Likud","Socialist Partyof Serbia","Denocratic Party of Turkmenistan","Liberal Paty of ustralia"]},{"index":1,"name":"col1","values":["490706.71699999995","674731.0569999999","2365208.846","2122328.02","770785.44","498500.0","2092435.9479999999","349300.0","3500000.0","5940000.0","451349.99999999994","80738512.848","68662288.55999999","556968.0","160000.0","292952.874","124125.0","200400.0","147312.0","80719.99999999999"]},{"index":2,"name":"col2","values":["Republican Villagers Nation Party","Italian Labour Party","Brazilian Democratic Movement","Italian People's Party","Liberal Party","Burma Socialist Programme Party","Unity","Croix-de-Feu","Polish Workers' Party","Fasci Italiani di Combattimento","Alliance Party","Democratic-Republican Party","Whig Party","Labour Representation Committee","Hong Kong Christian Industrial Committee","Liberal Democratic Party of the Soviet Union","Gahal","League of Communists of Serbia","Communist Party of Turkmenistan","United Australia Party"]}]},"context":{"page_title":null,"page_url":null,"page_entity_id":null,"content_hierarchy":[]},"links":[[[{"start":0,"end":26,"url":null,"entity_id":"Q251077","candidates":[]}],[],[{"start":0,"end":33,"url":null,"entity_id":"Q6089601","candidates":[]}]],[[{"start":0,"end":22,"url":null,"entity_id":"Q590750","candidates":[]}],[],[{"start":0,"end":20,"url":null,"entity_id":"Q3896787","candidates":[]}]],[[{"start":0,"end":25,"url":null,"entity_id":"Q1322751","candidates":[]}],[],[{"start":0,"end":29,"url":null,"entity_id":"Q3097751","candidates":[]}]],[[{"start":0,"end":18,"url":null,"entity_id":"Q815348","candidates":[]}],[],[{"start":0,"end":22,"url":null,"entity_id":"Q2717398","candidates":[]}]],[[{"start":0,"end":20,"url":null,"entity_id":"Q2731720","candidates":[]}],[],[{"start":0,"end":13,"url":null,"entity_id":"Q2653155","candidates":[]}]],[[{"start":0,"end":19,"url":null,"entity_id":"Q1773249","candidates":[]}],[],[{"start":0,"end":31,"url":null,"entity_id":"Q2464703","candidates":[]}]],[[{"start":0,"end":12,"url":null,"entity_id":"Q151469","candidates":[]}],[],[{"start":0,"end":5,"url":null,"entity_id":"Q1957669","candidates":[]}]],[[{"start":0,"end":18,"url":null,"entity_id":"Q3366725","candidates":[]}],[],[{"start":0,"end":12,"url":null,"entity_id":"Q705067","candidates":[]}]],[[{"start":0,"end":27,"url":null,"entity_id":"Q537303","candidates":[]}],[],[{"start":0,"end":21,"url":null,"entity_id":"Q687409","candidates":[]}]],[[{"start":0,"end":22,"url":null,"entity_id":"Q139596","candidates":[]}],[],[{"start":0,"end":31,"url":null,"entity_id":"Q601211","candidates":[]}]],[[{"start":0,"end":15,"url":null,"entity_id":"Q808210","candidates":[]}],[],[{"start":0,"end":14,"url":null,"entity_id":"Q456403","candidates":[]}]],[[{"start":0,"end":15,"url":null,"entity_id":"Q29552","candidates":[]}],[],[{"start":0,"end":27,"url":null,"entity_id":"Q42186","candidates":[]}]],[[{"start":0,"end":16,"url":null,"entity_id":"Q29468","candidates":[]}],[],[{"start":0,"end":10,"url":null,"entity_id":"Q42183","candidates":[]}]],[[{"start":0,"end":12,"url":null,"entity_id":"Q9630","candidates":[]}],[],[{"start":0,"end":31,"url":null,"entity_id":"Q21942488","candidates":[]}]],[[{"start":0,"end":39,"url":null,"entity_id":"Q5894453","candidates":[]}],[],[{"start":0,"end":40,"url":null,"entity_id":"Q5894382","candidates":[]}]],[[{"start":0,"end":4,"url":null,"entity_id":"Q212115","candidates":[]}],[],[{"start":0,"end":44,"url":null,"entity_id":"Q4251592","candidates":[]}]],[[{"start":0,"end":5,"url":null,"entity_id":"Q187009","candidates":[]}],[],[{"start":0,"end":5,"url":null,"entity_id":"Q2575544","candidates":[]}]],[[{"start":0,"end":24,"url":null,"entity_id":"Q752521","candidates":[]}],[],[{"start":0,"end":30,"url":null,"entity_id":"Q2424039","candidates":[]}]],[[{"start":0,"end":32,"url":null,"entity_id":"Q1152752","candidates":[]}],[],[{"start":0,"end":31,"url":null,"entity_id":"Q2368985","candidates":[]}]],[[{"start":0,"end":24,"url":null,"entity_id":"Q241149","candidates":[]}],[],[{"start":0,"end":22,"url":null,"entity_id":"Q1728956","candidates":[]}]]]}