{"version":"1.2","table":{"version":"2","table_id":"YQUIEP3Z","columns":[{"index":0,"name":"col0","values":["Eigerplatz fountain","double fountain Studer street","David fountain","fountain Brunngasse","fountain Sulgenbach schoolhouse","fountain Stadtbach street","bird fountain","Dählhölzli fountain","small Küng fountain","fountain water reservoir Könizberg","double fountain Speichergasse","fountain UR6","play fountain playground Veielihubel","fountain Riedbachstrasse 348","fountain Riedbachstrasse 341","fountain Riedbachstrasse 336","fountain farmhouse Riedbachstrasse 310","fountain Niederbottigenweg 87","fountain Riedernstrasse 53","fountain farmhouse Buchweg 5"]},{"index":1,"name":"col1","values":["Fountains in Bern","Fountains in Bern","Fountains in Bern","Fountains in Bern","Fountains in Bern","Fountains in Bern","Fountains in Bern","animal park Dählhölzli","Fountains in Bern","Fountains in Bern","Fountains in Bern","Fountains in Bern","Fountains in Bern","Fountains in Bern","Fountains in Bern","Fountains in Bern","Fountains in Bern","Fountains in Bern","Fountains in Bern","Fountains in Bern"]},{"index":2,"name":"col2","values":["Energie Wasser Bern","Energie Wasser Bern","Energie Wasser Bern","Energie Wasser Bern","Energie Wasser Bern","Energie Wasser Bern","Energie Wasser Bern","Energie Wasser Bern","Bern","Bern","Progr","Stadtgrün Bern","Stadtgrün Bern","private","private","private","private","private","private","private"]}]},"context":{"page_title":null,"page_url":null,"page_entity_id":null,"content_hierarchy":[]},"links":[[[{"start":0,"end":19,"url":null,"entity_id":"Q56233167","candidates":[]}],[{"start":0,"end":17,"url":null,"entity_id":"Q685931","candidates":[]}],[{"start":0,"end":19,"url":null,"entity_id":"Q1341226","candidates":[]}]],[[{"start":0,"end":29,"url":null,"entity_id":"Q56230780","candidates":[]}],[{"start":0,"end":17,"url":null,"entity_id":"Q685931","candidates":[]}],[{"start":0,"end":19,"url":null,"entity_id":"Q1341226","candidates":[]}]],[[{"start":0,"end":14,"url":null,"entity_id":"Q56224089","candidates":[]}],[{"start":0,"end":17,"url":null,"entity_id":"Q685931","candidates":[]}],[{"start":0,"end":19,"url":null,"entity_id":"Q1341226","candidates":[]}]],[[{"start":0,"end":19,"url":null,"entity_id":"Q56222593","candidates":[]}],[{"start":0,"end":17,"url":null,"entity_id":"Q685931","candidates":[]}],[{"start":0,"end":19,"url":null,"entity_id":"Q1341226","candidates":[]}]],[[{"start":0,"end":31,"url":null,"entity_id":"Q56198949","candidates":[]}],[{"start":0,"end":17,"url":null,"entity_id":"Q685931","candidates":[]}],[{"start":0,"end":19,"url":null,"entity_id":"Q1341226","candidates":[]}]],[[{"start":0,"end":25,"url":null,"entity_id":"Q56196746","candidates":[]}],[{"start":0,"end":17,"url":null,"entity_id":"Q685931","candidates":[]}],[{"start":0,"end":19,"url":null,"entity_id":"Q1341226","candidates":[]}]],[[{"start":0,"end":13,"url":null,"entity_id":"Q56194244","candidates":[]}],[{"start":0,"end":17,"url":null,"entity_id":"Q685931","candidates":[]}],[{"start":0,"end":19,"url":null,"entity_id":"Q1341226","candidates":[]}]],[[{"start":0,"end":19,"url":null,"entity_id":"Q56233040","candidates":[]}],[{"start":0,"end":22,"url":null,"entity_id":"Q683361","candidates":[]}],[{"start":0,"end":19,"url":null,"entity_id":"Q1341226","candidates":[]}]],[[{"start":0,"end":19,"url":null,"entity_id":"Q56223206","candidates":[]}],[{"start":0,"end":17,"url":null,"entity_id":"Q685931","candidates":[]}],[{"start":0,"end":4,"url":null,"entity_id":"Q70","candidates":[]}]],[[{"start":0,"end":34,"url":null,"entity_id":"Q56207837","candidates":[]}],[{"start":0,"end":17,"url":null,"entity_id":"Q685931","candidates":[]}],[{"start":0,"end":4,"url":null,"entity_id":"Q70","candidates":[]}]],[[{"start":0,"end":29,"url":null,"entity_id":"Q56230304","candidates":[]}],[{"start":0,"end":17,"url":null,"entity_id":"Q685931","candidates":[]}],[{"start":0,"end":5,"url":null,"entity_id":"Q2112124","candidates":[]}]],[[{"start":0,"end":12,"url":null,"entity_id":"Q60506151","candidates":[]}],[{"start":0,"end":17,"url":null,"entity_id":"Q685931","candidates":[]}],[{"start":0,"end":14,"url":null,"entity_id":"Q59465740","candidates":[]}]],[[{"start":0,"end":36,"url":null,"entity_id":"Q59250438","candidates":[]}],[{"start":0,"end":17,"url":null,"entity_id":"Q685931","candidates":[]}],[{"start":0,"end":14,"url":null,"entity_id":"Q59465740","candidates":[]}]],[[{"start":0,"end":28,"url":null,"entity_id":"Q59484912","candidates":[]}],[{"start":0,"end":17,"url":null,"entity_id":"Q685931","candidates":[]}],[{"start":0,"end":7,"url":null,"entity_id":"Q3248417","candidates":[]}]],[[{"start":0,"end":28,"url":null,"entity_id":"Q59484792","candidates":[]}],[{"start":0,"end":17,"url":null,"entity_id":"Q685931","candidates":[]}],[{"start":0,"end":7,"url":null,"entity_id":"Q3248417","candidates":[]}]],[[{"start":0,"end":28,"url":null,"entity_id":"Q59484662","candidates":[]}],[{"start":0,"end":17,"url":null,"entity_id":"Q685931","candidates":[]}],[{"start":0,"end":7,"url":null,"entity_id":"Q3248417","candidates":[]}]],[[{"start":0,"end":38,"url":null,"entity_id":"Q59475907","candidates":[]}],[{"start":0,"end":17,"url":null,"entity_id":"Q685931","candidates":[]}],[{"start":0,"end":7,"url":null,"entity_id":"Q3248417","candidates":[]}]],[[{"start":0,"end":29,"url":null,"entity_id":"Q59276095","candidates":[]}],[{"start":0,"end":17,"url":null,"entity_id":"Q685931","candidates":[]}],[{"start":0,"end":7,"url":null,"entity_id":"Q3248417","candidates":[]}]],[[{"start":0,"end":26,"url":null,"entity_id":"Q59249058","candidates":[]}],[{"start":0,"end":17,"url":null,"entity_id":"Q685931","candidates":[]}],[{"start":0,"end":7,"url":null,"entity_id":"Q3248417","candidates":[]}]],[[{"start":0,"end":28,"url":null,"entity_id":"Q59200743","candidates":[]}],[{"start":0,"end":17,"url":null,"entity_id":"Q685931","candidates":[]}],[{"start":0,"end":7,"url":null,"entity_id":"Q3248417","candidates":[]}]]]}