{"version":"1.2","table":{"version":"2","table_id":"YRPCOKQF","columns":[{"index":0,"name":"col0","values":["Indiana","Lewistown","Wellsboro","North East","Throop","Meshoppen","Marysville","Swoyersville","Lake City","Summerville","West Middlesex","White Haven","Irwin","Spring Grove","Scalp Level","Windber","Ligonier","Punxsutawney","Ashley","Gettysburg"]},{"index":1,"name":"col1","values":["4.57","2.05","12.769045","1.3","12.87","0.78","2.34","2.13","4.68","0.62","0.84","1.26","0.84","0.78","0.66","1.98","0.5","8.849244","2.394125","4.315135"]},{"index":2,"name":"col2","values":["397","520","398","801","846","190","369","560","220","1152","860","1221","1007","443","540","1683","1197","370","627","558"]},{"index":3,"name":"col3","values":["13975","8998","3328","3998","4088","563","2535","5052","3031","528","863","1118","3973","2167","778","4138","1695","5861","2779","7620"]}]},"context":{"page_title":null,"page_url":null,"page_entity_id":null,"content_hierarchy":[]},"links":[[[{"start":0,"end":7,"url":null,"entity_id":"Q1184769","candidates":[]}],[],[],[]],[[{"start":0,"end":9,"url":null,"entity_id":"Q1184736","candidates":[]}],[],[],[]],[[{"start":0,"end":9,"url":null,"entity_id":"Q1184574","candidates":[]}],[],[],[]],[[{"start":0,"end":10,"url":null,"entity_id":"Q1184166","candidates":[]}],[],[],[]],[[{"start":0,"end":6,"url":null,"entity_id":"Q1184058","candidates":[]}],[],[],[]],[[{"start":0,"end":9,"url":null,"entity_id":"Q1183590","candidates":[]}],[],[],[]],[[{"start":0,"end":10,"url":null,"entity_id":"Q1183356","candidates":[]}],[],[],[]],[[{"start":0,"end":12,"url":null,"entity_id":"Q1183317","candidates":[]}],[],[],[]],[[{"start":0,"end":9,"url":null,"entity_id":"Q1183313","candidates":[]}],[],[],[]],[[{"start":0,"end":11,"url":null,"entity_id":"Q1183298","candidates":[]}],[],[],[]],[[{"start":0,"end":14,"url":null,"entity_id":"Q1183284","candidates":[]}],[],[],[]],[[{"start":0,"end":11,"url":null,"entity_id":"Q1183252","candidates":[]}],[],[],[]],[[{"start":0,"end":5,"url":null,"entity_id":"Q1183136","candidates":[]}],[],[],[]],[[{"start":0,"end":12,"url":null,"entity_id":"Q1183121","candidates":[]}],[],[],[]],[[{"start":0,"end":11,"url":null,"entity_id":"Q1182963","candidates":[]}],[],[],[]],[[{"start":0,"end":7,"url":null,"entity_id":"Q1182776","candidates":[]}],[],[],[]],[[{"start":0,"end":8,"url":null,"entity_id":"Q785105","candidates":[]}],[],[],[]],[[{"start":0,"end":12,"url":null,"entity_id":"Q732342","candidates":[]}],[],[],[]],[[{"start":0,"end":6,"url":null,"entity_id":"Q725731","candidates":[]}],[],[],[]],[[{"start":0,"end":10,"url":null,"entity_id":"Q694550","candidates":[]}],[],[],[]]]}