{"version":"1.2","table":{"version":"2","table_id":"YRZH00IM","columns":[{"index":0,"name":"col0","values":["Armilla","Arenas del Rey","Atarfe","Almegíjar","Beas de Guadix","Alpujarra de la Sierra","Beas de Granada","Alicún de Ortega","Corella","Palomas, Badajoz","Miravete de la Sierra","Velilla de Cinca","Benirredrà","Málaga del Fresno","Cúllar Vega","Fuente de Santa Cruz","Negredo","Cijuela","Tórtola de Henares","Portugalete","El Viso de San Juan","Desojo","Villafranca de Córdoba","Abaurrepea/Abaurrea Baja","Ugíjar","Isaba","Durón","Pajarón","Carataunas","Carcedo de Burgos","Pancrudo","Miguel Esteban","Torrelodones","El Real de San Vicente","Matillas","Segura de Toro","Morales de Toro","Rairiz de Veiga","Piqueras (PKRS)","Sopeira","Castejón de Alarba","Torralba de Aragón","Fuendejalón","Alba","Igea","Leiva, La Rioja","Cortes de Arenoso","El Redal","Hervías"]},{"index":1,"name":"col1","values":["671","874","602","812","950","1110","1072","680","371","326","1218","126","25","780","641","821","988","540","746","26","653","516","146","855","559","809","755","1040","800","990","1235","610","844","800","818","636","700","622","1371","704","916","380","472","974","546","587","985","528","655"]},{"index":2,"name":"col2","values":["24174","666","18706","365","329","989","977","480","7971","678","31","461","1592","180","7429","116","17","3322","1044","45766","4416","79","4871","32","2523","395","106","82","194","399","113","4856","23717","922","105","183","976","1266","55","91","91","101","778","170","595","221","318","143","121"]},{"index":3,"name":"col3","values":["4.42","116","47","30","16.24","69","23.2","24.13","81.35","40.5","36.514943","16.542802","0.4","24","4","17","18.34","17","26.88","3.21","53","14.12","58","10.89","67","147.41","23","52.61","5","25.68","100.12472","93","21","54","10.38","15.36","53","72.1","32.31","44.086645","17.562906","40.393137","75.827983","69.534097","54.25","12.71","80.6","8","14"]}]},"context":{"page_title":null,"page_url":null,"page_entity_id":null,"content_hierarchy":[]},"links":[[[{"start":0,"end":7,"url":null,"entity_id":"Q550985","candidates":[]}],[],[],[]],[[{"start":0,"end":14,"url":null,"entity_id":"Q550981","candidates":[]}],[],[],[]],[[{"start":0,"end":6,"url":null,"entity_id":"Q550974","candidates":[]}],[],[],[]],[[{"start":0,"end":9,"url":null,"entity_id":"Q550958","candidates":[]}],[],[],[]],[[{"start":0,"end":14,"url":null,"entity_id":"Q550952","candidates":[]}],[],[],[]],[[{"start":0,"end":22,"url":null,"entity_id":"Q550949","candidates":[]}],[],[],[]],[[{"start":0,"end":15,"url":null,"entity_id":"Q550942","candidates":[]}],[],[],[]],[[{"start":0,"end":16,"url":null,"entity_id":"Q550664","candidates":[]}],[],[],[]],[[{"start":0,"end":7,"url":null,"entity_id":"Q550407","candidates":[]}],[],[],[]],[[{"start":0,"end":16,"url":null,"entity_id":"Q549949","candidates":[]}],[],[],[]],[[{"start":0,"end":21,"url":null,"entity_id":"Q549945","candidates":[]}],[],[],[]],[[{"start":0,"end":16,"url":null,"entity_id":"Q549900","candidates":[]}],[],[],[]],[[{"start":0,"end":10,"url":null,"entity_id":"Q549036","candidates":[]}],[],[],[]],[[{"start":0,"end":17,"url":null,"entity_id":"Q549011","candidates":[]}],[],[],[]],[[{"start":0,"end":11,"url":null,"entity_id":"Q548884","candidates":[]}],[],[],[]],[[{"start":0,"end":20,"url":null,"entity_id":"Q548804","candidates":[]}],[],[],[]],[[{"start":0,"end":7,"url":null,"entity_id":"Q548734","candidates":[]}],[],[],[]],[[{"start":0,"end":7,"url":null,"entity_id":"Q548578","candidates":[]}],[],[],[]],[[{"start":0,"end":18,"url":null,"entity_id":"Q548550","candidates":[]}],[],[],[]],[[{"start":0,"end":11,"url":null,"entity_id":"Q548441","candidates":[]}],[],[],[]],[[{"start":0,"end":19,"url":null,"entity_id":"Q547904","candidates":[]}],[],[],[]],[[{"start":0,"end":6,"url":null,"entity_id":"Q546937","candidates":[]}],[],[],[]],[[{"start":0,"end":22,"url":null,"entity_id":"Q546596","candidates":[]}],[],[],[]],[[{"start":0,"end":24,"url":null,"entity_id":"Q546401","candidates":[]}],[],[],[]],[[{"start":0,"end":6,"url":null,"entity_id":"Q545852","candidates":[]}],[],[],[]],[[{"start":0,"end":5,"url":null,"entity_id":"Q545577","candidates":[]}],[],[],[]],[[{"start":0,"end":5,"url":null,"entity_id":"Q544635","candidates":[]}],[],[],[]],[[{"start":0,"end":7,"url":null,"entity_id":"Q544615","candidates":[]}],[],[],[]],[[{"start":0,"end":10,"url":null,"entity_id":"Q543960","candidates":[]}],[],[],[]],[[{"start":0,"end":17,"url":null,"entity_id":"Q543897","candidates":[]}],[],[],[]],[[{"start":0,"end":8,"url":null,"entity_id":"Q543479","candidates":[]}],[],[],[]],[[{"start":0,"end":14,"url":null,"entity_id":"Q543153","candidates":[]}],[],[],[]],[[{"start":0,"end":12,"url":null,"entity_id":"Q542958","candidates":[]}],[],[],[]],[[{"start":0,"end":22,"url":null,"entity_id":"Q542936","candidates":[]}],[],[],[]],[[{"start":0,"end":8,"url":null,"entity_id":"Q542686","candidates":[]}],[],[],[]],[[{"start":0,"end":14,"url":null,"entity_id":"Q542646","candidates":[]}],[],[],[]],[[{"start":0,"end":15,"url":null,"entity_id":"Q542269","candidates":[]}],[],[],[]],[[{"start":0,"end":15,"url":null,"entity_id":"Q542228","candidates":[]}],[],[],[]],[[{"start":0,"end":15,"url":null,"entity_id":"Q541954","candidates":[]}],[],[],[]],[[{"start":0,"end":7,"url":null,"entity_id":"Q541865","candidates":[]}],[],[],[]],[[{"start":0,"end":18,"url":null,"entity_id":"Q541657","candidates":[]}],[],[],[]],[[{"start":0,"end":18,"url":null,"entity_id":"Q541612","candidates":[]}],[],[],[]],[[{"start":0,"end":11,"url":null,"entity_id":"Q541606","candidates":[]}],[],[],[]],[[{"start":0,"end":4,"url":null,"entity_id":"Q1647034","candidates":[]}],[],[],[]],[[{"start":0,"end":4,"url":null,"entity_id":"Q1647024","candidates":[]}],[],[],[]],[[{"start":0,"end":15,"url":null,"entity_id":"Q1647017","candidates":[]}],[],[],[]],[[{"start":0,"end":17,"url":null,"entity_id":"Q1647013","candidates":[]}],[],[],[]],[[{"start":0,"end":8,"url":null,"entity_id":"Q1647009","candidates":[]}],[],[],[]],[[{"start":0,"end":7,"url":null,"entity_id":"Q1646999","candidates":[]}],[],[],[]]]}