{"version":"1.2","table":{"version":"2","table_id":"YVPL3IAB","columns":[{"index":0,"name":"col0","values":["McCornick","Mammoth","Lark","Keota","Kentucky Camp","Kelton","Harrisburg, Utah","Grass Creek","Gold Hill","Forest City","Duncan's Retreat","Dragon","Desert Lake","Contention City","Comet","Colton","Clarion","Castle Gate","Golden","La Plata"]},{"index":1,"name":"col1","values":["Mountain Time Zone","Mountain Time Zone","Mountain Time Zone","Mountain Time Zone","Mountain Time Zone","Mountain Time Zone","Mountain Time Zone","Mountain Time Zone","Mountain Time Zone","Mountain Time Zone","Mountain Time Zone","Mountain Time Zone","Mountain Time Zone","Mountain Time Zone","Mountain Time Zone","Mountain Time Zone","Mountain Time Zone","Mountain Time Zone","UTC+08:00","UTC−07:00"]},{"index":2,"name":"col2","values":["1919-01-01","1870-01-01","1866-01-01","1880-01-01","1905-01-01","1869-01-01","1859-01-01","1860-01-01","1871-01-01","1871-01-01","1861-01-01","1888-01-01","1885-01-01","1880-01-01","1883-01-01","1883-01-01","1911-01-01","1886-01-01","1900-01-01","1891-01-01"]}]},"context":{"page_title":null,"page_url":null,"page_entity_id":null,"content_hierarchy":[]},"links":[[[{"start":0,"end":9,"url":null,"entity_id":"Q6800594","candidates":[]}],[{"start":0,"end":18,"url":null,"entity_id":"Q3134980","candidates":[]}],[]],[[{"start":0,"end":7,"url":null,"entity_id":"Q6745850","candidates":[]}],[{"start":0,"end":18,"url":null,"entity_id":"Q3134980","candidates":[]}],[]],[[{"start":0,"end":4,"url":null,"entity_id":"Q6489541","candidates":[]}],[{"start":0,"end":18,"url":null,"entity_id":"Q3134980","candidates":[]}],[]],[[{"start":0,"end":5,"url":null,"entity_id":"Q6393062","candidates":[]}],[{"start":0,"end":18,"url":null,"entity_id":"Q3134980","candidates":[]}],[]],[[{"start":0,"end":13,"url":null,"entity_id":"Q6392190","candidates":[]}],[{"start":0,"end":18,"url":null,"entity_id":"Q3134980","candidates":[]}],[]],[[{"start":0,"end":6,"url":null,"entity_id":"Q6386588","candidates":[]}],[{"start":0,"end":18,"url":null,"entity_id":"Q3134980","candidates":[]}],[]],[[{"start":0,"end":16,"url":null,"entity_id":"Q5665195","candidates":[]}],[{"start":0,"end":18,"url":null,"entity_id":"Q3134980","candidates":[]}],[]],[[{"start":0,"end":11,"url":null,"entity_id":"Q5597425","candidates":[]}],[{"start":0,"end":18,"url":null,"entity_id":"Q3134980","candidates":[]}],[]],[[{"start":0,"end":9,"url":null,"entity_id":"Q5578754","candidates":[]}],[{"start":0,"end":18,"url":null,"entity_id":"Q3134980","candidates":[]}],[]],[[{"start":0,"end":11,"url":null,"entity_id":"Q5468816","candidates":[]}],[{"start":0,"end":18,"url":null,"entity_id":"Q3134980","candidates":[]}],[]],[[{"start":0,"end":16,"url":null,"entity_id":"Q5314217","candidates":[]}],[{"start":0,"end":18,"url":null,"entity_id":"Q3134980","candidates":[]}],[]],[[{"start":0,"end":6,"url":null,"entity_id":"Q5305077","candidates":[]}],[{"start":0,"end":18,"url":null,"entity_id":"Q3134980","candidates":[]}],[]],[[{"start":0,"end":11,"url":null,"entity_id":"Q5263964","candidates":[]}],[{"start":0,"end":18,"url":null,"entity_id":"Q3134980","candidates":[]}],[]],[[{"start":0,"end":15,"url":null,"entity_id":"Q5165100","candidates":[]}],[{"start":0,"end":18,"url":null,"entity_id":"Q3134980","candidates":[]}],[]],[[{"start":0,"end":5,"url":null,"entity_id":"Q5151569","candidates":[]}],[{"start":0,"end":18,"url":null,"entity_id":"Q3134980","candidates":[]}],[]],[[{"start":0,"end":6,"url":null,"entity_id":"Q5149462","candidates":[]}],[{"start":0,"end":18,"url":null,"entity_id":"Q3134980","candidates":[]}],[]],[[{"start":0,"end":7,"url":null,"entity_id":"Q5127007","candidates":[]}],[{"start":0,"end":18,"url":null,"entity_id":"Q3134980","candidates":[]}],[]],[[{"start":0,"end":11,"url":null,"entity_id":"Q5050086","candidates":[]}],[{"start":0,"end":18,"url":null,"entity_id":"Q3134980","candidates":[]}],[]],[[{"start":0,"end":6,"url":null,"entity_id":"Q5579063","candidates":[]}],[{"start":0,"end":9,"url":null,"entity_id":"Q6985","candidates":[]}],[]],[[{"start":0,"end":8,"url":null,"entity_id":"Q6464466","candidates":[]}],[{"start":0,"end":9,"url":null,"entity_id":"Q2212","candidates":[]}],[]]]}