{"version":"1.2","table":{"version":"2","table_id":"YZBQH2IT","columns":[{"index":0,"name":"col0","values":["SS Jalabala (1927)","Ulysse","MV Maersk Tigris","USNS Yuma","Wilson Waal","S/S Ada Gorthon","Star Laguna","BBC Lagos","Saimaagracht","Peking","Midnatsol","HMHS Dover Castle","SS Equity","SMS Cormoran","SMS Greif","Research vessel \"Vityaz\"","Komet","SS El Occidente","SS Dakotan","SS American"]},{"index":1,"name":"col1","values":["349.9","161.5","255","103","78.16","90","204.37","130.18","185","115","135.75","145.18","75.38","104","131.7","109.4","115.05","131.11","124.31","131.09"]},{"index":2,"name":"col2","values":["The Scindia Steam Navigation Company Ltd.","Compagnie Tunisienne de Navigation","Maersk Line","Military Sealift Command","Wilson Ship Management","Gorthon Lines","Star Shipping","BBC Chartering","Spliethoff Group","F. Laeisz","Hurtigruten Group","Royal Navy","Imperial German Navy","Imperial German Navy","Imperial German Navy","German Navy","German Navy","United States Navy","United States Navy","United States Navy"]}]},"context":{"page_title":null,"page_url":null,"page_entity_id":null,"content_hierarchy":[]},"links":[[[{"start":0,"end":18,"url":null,"entity_id":"Q29413136","candidates":[]}],[],[{"start":0,"end":41,"url":null,"entity_id":"Q17089113","candidates":[]}]],[[{"start":0,"end":6,"url":null,"entity_id":"Q12181304","candidates":[]}],[],[{"start":0,"end":34,"url":null,"entity_id":"Q2075429","candidates":[]}]],[[{"start":0,"end":16,"url":null,"entity_id":"Q19844572","candidates":[]}],[],[{"start":0,"end":11,"url":null,"entity_id":"Q446750","candidates":[]}]],[[{"start":0,"end":9,"url":null,"entity_id":"Q20642646","candidates":[]}],[],[{"start":0,"end":24,"url":null,"entity_id":"Q333386","candidates":[]}]],[[{"start":0,"end":11,"url":null,"entity_id":"Q56584052","candidates":[]}],[],[{"start":0,"end":22,"url":null,"entity_id":"Q47149956","candidates":[]}]],[[{"start":0,"end":15,"url":null,"entity_id":"Q49101894","candidates":[]}],[],[{"start":0,"end":13,"url":null,"entity_id":"Q10507634","candidates":[]}]],[[{"start":0,"end":11,"url":null,"entity_id":"Q57559551","candidates":[]}],[],[{"start":0,"end":13,"url":null,"entity_id":"Q7600898","candidates":[]}]],[[{"start":0,"end":9,"url":null,"entity_id":"Q85204967","candidates":[]}],[],[{"start":0,"end":14,"url":null,"entity_id":"Q795530","candidates":[]}]],[[{"start":0,"end":12,"url":null,"entity_id":"Q5397429","candidates":[]}],[],[{"start":0,"end":16,"url":null,"entity_id":"Q2147316","candidates":[]}]],[[{"start":0,"end":6,"url":null,"entity_id":"Q249918","candidates":[]}],[],[{"start":0,"end":9,"url":null,"entity_id":"Q1386354","candidates":[]}]],[[{"start":0,"end":9,"url":null,"entity_id":"Q585464","candidates":[]}],[],[{"start":0,"end":17,"url":null,"entity_id":"Q838725","candidates":[]}]],[[{"start":0,"end":17,"url":null,"entity_id":"Q1252926","candidates":[]}],[],[{"start":0,"end":10,"url":null,"entity_id":"Q172771","candidates":[]}]],[[{"start":0,"end":9,"url":null,"entity_id":"Q1347855","candidates":[]}],[],[{"start":0,"end":20,"url":null,"entity_id":"Q156649","candidates":[]}]],[[{"start":0,"end":12,"url":null,"entity_id":"Q326616","candidates":[]}],[],[{"start":0,"end":20,"url":null,"entity_id":"Q156649","candidates":[]}]],[[{"start":0,"end":9,"url":null,"entity_id":"Q324575","candidates":[]}],[],[{"start":0,"end":20,"url":null,"entity_id":"Q156649","candidates":[]}]],[[{"start":0,"end":24,"url":null,"entity_id":"Q1516653","candidates":[]}],[],[{"start":0,"end":11,"url":null,"entity_id":"Q151701","candidates":[]}]],[[{"start":0,"end":5,"url":null,"entity_id":"Q64059","candidates":[]}],[],[{"start":0,"end":11,"url":null,"entity_id":"Q151701","candidates":[]}]],[[{"start":0,"end":15,"url":null,"entity_id":"Q7393526","candidates":[]}],[],[{"start":0,"end":18,"url":null,"entity_id":"Q11220","candidates":[]}]],[[{"start":0,"end":10,"url":null,"entity_id":"Q7393455","candidates":[]}],[],[{"start":0,"end":18,"url":null,"entity_id":"Q11220","candidates":[]}]],[[{"start":0,"end":11,"url":null,"entity_id":"Q7393150","candidates":[]}],[],[{"start":0,"end":18,"url":null,"entity_id":"Q11220","candidates":[]}]]]}