{"version":"1.2","table":{"version":"2","table_id":"Z04BCAT8","columns":[{"index":0,"name":"col0","values":["Villa Staffans","Villa Warén","Villa Zevaco","Korpikoto Hunting Lodge","Villa Väinölä","Villa Rustioni","Villa Wyckerveld","Villa Sieff","Blue Villa","Villa Gelria","Rauhalinna","Villa Torre Clementina","Villa Domergue","Villa Rothschild","Villa Arnaga","Villa Linssen","Kesäranta","Villa Dijkzigt","Villa Kerylos","Villa Paul Poiret"]},{"index":1,"name":"col1","values":["Erik William Bryggman","Erik William Bryggman","Jean-François Zevaco","Alvar Aalto","Alvar Aalto","Melchiorre Bega","Julien Rémont","Richard Kauffmann","Joseph Hiriart","Jan Maris","Carl Allan","Raffaele Mainella","Charles Nicod","Charles Baron","Albert Tournaire","Henri Seelen","Frans Ludvig Calonius","Johan Metzelaar","Emmanuel Pontremoli","Robert Mallet-Stevens"]},{"index":2,"name":"col2","values":["1945-01-01","1933-01-01","1947-01-01","1946-01-01","1926-01-01","1940-01-01","1880-12-01","1935-01-01","1931-01-01","1872-01-01","1900-01-01","1904-01-01","1926-01-01","1881-01-01","1906-01-01","1900-01-01","1873-01-01","1852-01-01","1908-01-01","1925-01-01"]}]},"context":{"page_title":null,"page_url":null,"page_entity_id":null,"content_hierarchy":[]},"links":[[[{"start":0,"end":14,"url":null,"entity_id":"Q55078400","candidates":[]}],[{"start":0,"end":21,"url":null,"entity_id":"Q3305647","candidates":[]}],[]],[[{"start":0,"end":11,"url":null,"entity_id":"Q55026493","candidates":[]}],[{"start":0,"end":21,"url":null,"entity_id":"Q3305647","candidates":[]}],[]],[[{"start":0,"end":12,"url":null,"entity_id":"Q55065669","candidates":[]}],[{"start":0,"end":20,"url":null,"entity_id":"Q3165943","candidates":[]}],[]],[[{"start":0,"end":23,"url":null,"entity_id":"Q51953690","candidates":[]}],[{"start":0,"end":11,"url":null,"entity_id":"Q82840","candidates":[]}],[]],[[{"start":0,"end":13,"url":null,"entity_id":"Q51953122","candidates":[]}],[{"start":0,"end":11,"url":null,"entity_id":"Q82840","candidates":[]}],[]],[[{"start":0,"end":14,"url":null,"entity_id":"Q77345124","candidates":[]}],[{"start":0,"end":15,"url":null,"entity_id":"Q3854166","candidates":[]}],[]],[[{"start":0,"end":16,"url":null,"entity_id":"Q66165490","candidates":[]}],[{"start":0,"end":13,"url":null,"entity_id":"Q9200770","candidates":[]}],[]],[[{"start":0,"end":11,"url":null,"entity_id":"Q47465711","candidates":[]}],[{"start":0,"end":17,"url":null,"entity_id":"Q72604","candidates":[]}],[]],[[{"start":0,"end":10,"url":null,"entity_id":"Q3558469","candidates":[]}],[{"start":0,"end":14,"url":null,"entity_id":"Q23806398","candidates":[]}],[]],[[{"start":0,"end":12,"url":null,"entity_id":"Q2793728","candidates":[]}],[{"start":0,"end":9,"url":null,"entity_id":"Q7477137","candidates":[]}],[]],[[{"start":0,"end":10,"url":null,"entity_id":"Q3930513","candidates":[]}],[{"start":0,"end":10,"url":null,"entity_id":"Q4527584","candidates":[]}],[]],[[{"start":0,"end":22,"url":null,"entity_id":"Q3558774","candidates":[]}],[{"start":0,"end":17,"url":null,"entity_id":"Q3929107","candidates":[]}],[]],[[{"start":0,"end":14,"url":null,"entity_id":"Q3558514","candidates":[]}],[{"start":0,"end":13,"url":null,"entity_id":"Q2959901","candidates":[]}],[]],[[{"start":0,"end":16,"url":null,"entity_id":"Q3558723","candidates":[]}],[{"start":0,"end":13,"url":null,"entity_id":"Q2958476","candidates":[]}],[]],[[{"start":0,"end":12,"url":null,"entity_id":"Q3558455","candidates":[]}],[{"start":0,"end":16,"url":null,"entity_id":"Q2831588","candidates":[]}],[]],[[{"start":0,"end":13,"url":null,"entity_id":"Q3205344","candidates":[]}],[{"start":0,"end":12,"url":null,"entity_id":"Q2797035","candidates":[]}],[]],[[{"start":0,"end":9,"url":null,"entity_id":"Q3068796","candidates":[]}],[{"start":0,"end":21,"url":null,"entity_id":"Q2783024","candidates":[]}],[]],[[{"start":0,"end":14,"url":null,"entity_id":"Q2524988","candidates":[]}],[{"start":0,"end":15,"url":null,"entity_id":"Q2147797","candidates":[]}],[]],[[{"start":0,"end":13,"url":null,"entity_id":"Q3558616","candidates":[]}],[{"start":0,"end":19,"url":null,"entity_id":"Q2068088","candidates":[]}],[]],[[{"start":0,"end":17,"url":null,"entity_id":"Q3558702","candidates":[]}],[{"start":0,"end":21,"url":null,"entity_id":"Q1000203","candidates":[]}],[]]]}