{"version":"1.2","table":{"version":"2","table_id":"Z1RCEL02","columns":[{"index":0,"name":"col0","values":["Ravenutein","Cité de!Carcassqnne","Damero de Piarro","Omd San Juan Historic District","Zoutlefuw","Llundert","Willemstae","Halen","Svevensweet","Burtange","Winshoten","Naarde","Nieuwpoout","Zaltbomme","Groningn","Culembosg","Brielme","Iorinchem","Doesbur","Harderwkjk"]},{"index":1,"name":"col1","values":["Netherlands","France","Peru","United States of America","Belgium","Netherlands","Netherlands","Belgium","Netherlands","Netherlands","Netherlands","Netherlands","Netherlands","Netherlands","Netherlands","Netherlands","Netherlands","Netherlands","Netherlands","Netherlands"]},{"index":2,"name":"col2","values":["Oss","Carcassonne","Lima","Puerto Rico","Flemish Brabant","North Brabant","North Brabant","Limburg","Limburg","Groningen","Groningen","North Holland","South Holland","Zaltbommel","Groningen","Culemborg","Brielle","Gorinchem","Doesburg","Harderwijk"]}]},"context":{"page_title":null,"page_url":null,"page_entity_id":null,"content_hierarchy":[]},"links":[[[{"start":0,"end":10,"url":null,"entity_id":"Q589056","candidates":[]}],[{"start":0,"end":11,"url":null,"entity_id":"Q55","candidates":[]}],[{"start":0,"end":3,"url":null,"entity_id":"Q9859","candidates":[]}]],[[{"start":0,"end":19,"url":null,"entity_id":"Q389269","candidates":[]}],[{"start":0,"end":6,"url":null,"entity_id":"Q142","candidates":[]}],[{"start":0,"end":11,"url":null,"entity_id":"Q6582","candidates":[]}]],[[{"start":0,"end":16,"url":null,"entity_id":"Q62712241","candidates":[]}],[{"start":0,"end":4,"url":null,"entity_id":"Q419","candidates":[]}],[{"start":0,"end":4,"url":null,"entity_id":"Q2868","candidates":[]}]],[[{"start":0,"end":30,"url":null,"entity_id":"Q1136674","candidates":[]}],[{"start":0,"end":24,"url":null,"entity_id":"Q30","candidates":[]}],[{"start":0,"end":11,"url":null,"entity_id":"Q1183","candidates":[]}]],[[{"start":0,"end":9,"url":null,"entity_id":"Q227070","candidates":[]}],[{"start":0,"end":7,"url":null,"entity_id":"Q31","candidates":[]}],[{"start":0,"end":15,"url":null,"entity_id":"Q1118","candidates":[]}]],[[{"start":0,"end":8,"url":null,"entity_id":"Q76996","candidates":[]}],[{"start":0,"end":11,"url":null,"entity_id":"Q55","candidates":[]}],[{"start":0,"end":13,"url":null,"entity_id":"Q1101","candidates":[]}]],[[{"start":0,"end":10,"url":null,"entity_id":"Q76937","candidates":[]}],[{"start":0,"end":11,"url":null,"entity_id":"Q55","candidates":[]}],[{"start":0,"end":13,"url":null,"entity_id":"Q1101","candidates":[]}]],[[{"start":0,"end":5,"url":null,"entity_id":"Q461436","candidates":[]}],[{"start":0,"end":7,"url":null,"entity_id":"Q31","candidates":[]}],[{"start":0,"end":7,"url":null,"entity_id":"Q1095","candidates":[]}]],[[{"start":0,"end":11,"url":null,"entity_id":"Q1880603","candidates":[]}],[{"start":0,"end":11,"url":null,"entity_id":"Q55","candidates":[]}],[{"start":0,"end":7,"url":null,"entity_id":"Q1093","candidates":[]}]],[[{"start":0,"end":8,"url":null,"entity_id":"Q670791","candidates":[]}],[{"start":0,"end":11,"url":null,"entity_id":"Q55","candidates":[]}],[{"start":0,"end":9,"url":null,"entity_id":"Q752","candidates":[]}]],[[{"start":0,"end":9,"url":null,"entity_id":"Q73817","candidates":[]}],[{"start":0,"end":11,"url":null,"entity_id":"Q55","candidates":[]}],[{"start":0,"end":9,"url":null,"entity_id":"Q752","candidates":[]}]],[[{"start":0,"end":6,"url":null,"entity_id":"Q9949","candidates":[]}],[{"start":0,"end":11,"url":null,"entity_id":"Q55","candidates":[]}],[{"start":0,"end":13,"url":null,"entity_id":"Q701","candidates":[]}]],[[{"start":0,"end":10,"url":null,"entity_id":"Q2181664","candidates":[]}],[{"start":0,"end":11,"url":null,"entity_id":"Q55","candidates":[]}],[{"start":0,"end":13,"url":null,"entity_id":"Q694","candidates":[]}]],[[{"start":0,"end":9,"url":null,"entity_id":"Q73462","candidates":[]}],[{"start":0,"end":11,"url":null,"entity_id":"Q55","candidates":[]}],[{"start":0,"end":10,"url":null,"entity_id":"Q1532373","candidates":[]}]],[[{"start":0,"end":8,"url":null,"entity_id":"Q749","candidates":[]}],[{"start":0,"end":11,"url":null,"entity_id":"Q55","candidates":[]}],[{"start":0,"end":9,"url":null,"entity_id":"Q892526","candidates":[]}]],[[{"start":0,"end":9,"url":null,"entity_id":"Q33431657","candidates":[]}],[{"start":0,"end":11,"url":null,"entity_id":"Q55","candidates":[]}],[{"start":0,"end":9,"url":null,"entity_id":"Q816699","candidates":[]}]],[[{"start":0,"end":7,"url":null,"entity_id":"Q33426218","candidates":[]}],[{"start":0,"end":11,"url":null,"entity_id":"Q55","candidates":[]}],[{"start":0,"end":7,"url":null,"entity_id":"Q462663","candidates":[]}]],[[{"start":0,"end":9,"url":null,"entity_id":"Q33439227","candidates":[]}],[{"start":0,"end":11,"url":null,"entity_id":"Q55","candidates":[]}],[{"start":0,"end":9,"url":null,"entity_id":"Q244327","candidates":[]}]],[[{"start":0,"end":7,"url":null,"entity_id":"Q33433369","candidates":[]}],[{"start":0,"end":11,"url":null,"entity_id":"Q55","candidates":[]}],[{"start":0,"end":8,"url":null,"entity_id":"Q165736","candidates":[]}]],[[{"start":0,"end":10,"url":null,"entity_id":"Q33443124","candidates":[]}],[{"start":0,"end":11,"url":null,"entity_id":"Q55","candidates":[]}],[{"start":0,"end":10,"url":null,"entity_id":"Q58931","candidates":[]}]]]}