{"version":"1.2","table":{"version":"2","table_id":"Z1SLVEUD","columns":[{"index":0,"name":"col0","values":["open access in the Philippines","open access in Thailand","open access in Taiwan","open access in Pakistan","open access in Nepal","open access in Myanmar","open access in Nicaragua","open access in Panama","open access in Costa Rica","open access in El Salvador","open access in Haiti","open access in the Dominican Republic","open access in Honduras","open access in Guatemala","open access in Jamaica","open access in Bolivia","open access in Colombia","open access in Ecuador","open access in Paraguay","open access in Venezuela"]},{"index":1,"name":"col1","values":["open access","open access","open access","open access","open access","open access","open access","open access","open access","open access","open access","open access","media of Honduras","open access","open access","open access","open access","open access","open access","open access"]},{"index":2,"name":"col2","values":["Philippines","Thailand","Taiwan","Pakistan","Nepal","Myanmar","Nicaragua","Panama","Costa Rica","El Salvador","Haiti","Dominican Republic","Honduras","Guatemala","Jamaica","Bolivia","Colombia","Ecuador","Paraguay","Venezuela"]}]},"context":{"page_title":null,"page_url":null,"page_entity_id":null,"content_hierarchy":[]},"links":[[[{"start":0,"end":30,"url":null,"entity_id":"Q56099166","candidates":[]}],[{"start":0,"end":11,"url":null,"entity_id":"Q232932","candidates":[]}],[{"start":0,"end":11,"url":null,"entity_id":"Q928","candidates":[]}]],[[{"start":0,"end":23,"url":null,"entity_id":"Q56100679","candidates":[]}],[{"start":0,"end":11,"url":null,"entity_id":"Q232932","candidates":[]}],[{"start":0,"end":8,"url":null,"entity_id":"Q869","candidates":[]}]],[[{"start":0,"end":21,"url":null,"entity_id":"Q56102499","candidates":[]}],[{"start":0,"end":11,"url":null,"entity_id":"Q232932","candidates":[]}],[{"start":0,"end":6,"url":null,"entity_id":"Q865","candidates":[]}]],[[{"start":0,"end":23,"url":null,"entity_id":"Q56100299","candidates":[]}],[{"start":0,"end":11,"url":null,"entity_id":"Q232932","candidates":[]}],[{"start":0,"end":8,"url":null,"entity_id":"Q843","candidates":[]}]],[[{"start":0,"end":20,"url":null,"entity_id":"Q56099068","candidates":[]}],[{"start":0,"end":11,"url":null,"entity_id":"Q232932","candidates":[]}],[{"start":0,"end":5,"url":null,"entity_id":"Q837","candidates":[]}]],[[{"start":0,"end":22,"url":null,"entity_id":"Q56100161","candidates":[]}],[{"start":0,"end":11,"url":null,"entity_id":"Q232932","candidates":[]}],[{"start":0,"end":7,"url":null,"entity_id":"Q836","candidates":[]}]],[[{"start":0,"end":24,"url":null,"entity_id":"Q56170715","candidates":[]}],[{"start":0,"end":11,"url":null,"entity_id":"Q232932","candidates":[]}],[{"start":0,"end":9,"url":null,"entity_id":"Q811","candidates":[]}]],[[{"start":0,"end":21,"url":null,"entity_id":"Q56171784","candidates":[]}],[{"start":0,"end":11,"url":null,"entity_id":"Q232932","candidates":[]}],[{"start":0,"end":6,"url":null,"entity_id":"Q804","candidates":[]}]],[[{"start":0,"end":25,"url":null,"entity_id":"Q56170914","candidates":[]}],[{"start":0,"end":11,"url":null,"entity_id":"Q232932","candidates":[]}],[{"start":0,"end":10,"url":null,"entity_id":"Q800","candidates":[]}]],[[{"start":0,"end":26,"url":null,"entity_id":"Q56171000","candidates":[]}],[{"start":0,"end":11,"url":null,"entity_id":"Q232932","candidates":[]}],[{"start":0,"end":11,"url":null,"entity_id":"Q792","candidates":[]}]],[[{"start":0,"end":20,"url":null,"entity_id":"Q56171893","candidates":[]}],[{"start":0,"end":11,"url":null,"entity_id":"Q232932","candidates":[]}],[{"start":0,"end":5,"url":null,"entity_id":"Q790","candidates":[]}]],[[{"start":0,"end":37,"url":null,"entity_id":"Q56171523","candidates":[]}],[{"start":0,"end":11,"url":null,"entity_id":"Q232932","candidates":[]}],[{"start":0,"end":18,"url":null,"entity_id":"Q786","candidates":[]}]],[[{"start":0,"end":23,"url":null,"entity_id":"Q56171145","candidates":[]}],[{"start":0,"end":17,"url":null,"entity_id":"Q130326","candidates":[]}],[{"start":0,"end":8,"url":null,"entity_id":"Q783","candidates":[]}]],[[{"start":0,"end":24,"url":null,"entity_id":"Q56171086","candidates":[]}],[{"start":0,"end":11,"url":null,"entity_id":"Q232932","candidates":[]}],[{"start":0,"end":9,"url":null,"entity_id":"Q774","candidates":[]}]],[[{"start":0,"end":22,"url":null,"entity_id":"Q56172104","candidates":[]}],[{"start":0,"end":11,"url":null,"entity_id":"Q232932","candidates":[]}],[{"start":0,"end":7,"url":null,"entity_id":"Q766","candidates":[]}]],[[{"start":0,"end":22,"url":null,"entity_id":"Q56170612","candidates":[]}],[{"start":0,"end":11,"url":null,"entity_id":"Q232932","candidates":[]}],[{"start":0,"end":7,"url":null,"entity_id":"Q750","candidates":[]}]],[[{"start":0,"end":23,"url":null,"entity_id":"Q56122516","candidates":[]}],[{"start":0,"end":11,"url":null,"entity_id":"Q232932","candidates":[]}],[{"start":0,"end":8,"url":null,"entity_id":"Q739","candidates":[]}]],[[{"start":0,"end":22,"url":null,"entity_id":"Q56122657","candidates":[]}],[{"start":0,"end":11,"url":null,"entity_id":"Q232932","candidates":[]}],[{"start":0,"end":7,"url":null,"entity_id":"Q736","candidates":[]}]],[[{"start":0,"end":23,"url":null,"entity_id":"Q56170837","candidates":[]}],[{"start":0,"end":11,"url":null,"entity_id":"Q232932","candidates":[]}],[{"start":0,"end":8,"url":null,"entity_id":"Q733","candidates":[]}]],[[{"start":0,"end":24,"url":null,"entity_id":"Q56170386","candidates":[]}],[{"start":0,"end":11,"url":null,"entity_id":"Q232932","candidates":[]}],[{"start":0,"end":9,"url":null,"entity_id":"Q717","candidates":[]}]]]}