{"version":"1.2","table":{"version":"2","table_id":"Z1YOABEE","columns":[{"index":0,"name":"col0","values":["Quick 1888","SVV Scheveningen","ATC '65","RKVV DEM","JOS Watergraafsmeer","Nieuw Woensel","Hollandia Victoria Combinatie","VV Hoogland","Bloemendaal","PSV Poortugaal","Schiedamse Voetbal Vereniging","SV Babberich","RKAVV","Achilles Veen","Sterk Door Combinatie Putten","RKSV Groene Ster","RKHVV","SC Silvolde","HSC","Excelsior '31","SV Rap","Asser Christelijke Voetbalvereniging","Nivo Sparta","AZSV","SC Woezik","HVV Hollandia","JVC Julianadorp","AVV Swift","Amsterdamsche FC","Sportlust '46","Magreb '90","Dieze West","SVVV Taurus","VV Westerkwartier","SDO Bussum","VV Nieuw-Lekkerland","VV Waskemeer","VV Westerbroek","VV Bennekom","Kozakken Boys"]},{"index":1,"name":"col1","values":["association football","association football","association football","association football","association football","association football","association football","association football","association football","association football","association football","association football","association football","association football","association football","association football","association football","association football","association football","association football","association football","association football","association football","association football","association football","association football","association football","association football","association football","association football","association football","association football","association football","association football","association football","association football","association football","association football","association football","association football"]},{"index":2,"name":"col2","values":["Nijmegen","The Hague","Hengelo","Beverwijk","Amsterdam","Eindhoven","Amersfoort","Amersfoort","Bloemendaal","Albrandswaard","Vlaardingen","Zevenaar","Leidschendam-Voorburg","Aalburg","Putten","Heerlen","Lingewaard","Oude IJsselstreek","Hoogezand-Sappemeer","Rijssen-Holten","Amstelveen","Assen","Zaltbommel","Aalten","Wijchen","Hoorn","Den Helder","Amsterdam","Amsterdam","Woerden","Utrecht","Zwolle","Delft","Westerkwartier","Gooise Meren","Molenwaard","Ooststellingwerf","Hoogezand-Sappemeer","Ede","Werkendam"]}]},"context":{"page_title":null,"page_url":null,"page_entity_id":null,"content_hierarchy":[]},"links":[[[{"start":0,"end":10,"url":null,"entity_id":"Q1969376","candidates":[]}],[{"start":0,"end":20,"url":null,"entity_id":"Q2736","candidates":[]}],[{"start":0,"end":8,"url":null,"entity_id":"Q47887","candidates":[]}]],[[{"start":0,"end":16,"url":null,"entity_id":"Q2008976","candidates":[]}],[{"start":0,"end":20,"url":null,"entity_id":"Q2736","candidates":[]}],[{"start":0,"end":9,"url":null,"entity_id":"Q36600","candidates":[]}]],[[{"start":0,"end":7,"url":null,"entity_id":"Q2021612","candidates":[]}],[{"start":0,"end":20,"url":null,"entity_id":"Q2736","candidates":[]}],[{"start":0,"end":7,"url":null,"entity_id":"Q10006","candidates":[]}]],[[{"start":0,"end":8,"url":null,"entity_id":"Q2057034","candidates":[]}],[{"start":0,"end":20,"url":null,"entity_id":"Q2736","candidates":[]}],[{"start":0,"end":9,"url":null,"entity_id":"Q9905","candidates":[]}]],[[{"start":0,"end":19,"url":null,"entity_id":"Q2021247","candidates":[]}],[{"start":0,"end":20,"url":null,"entity_id":"Q2736","candidates":[]}],[{"start":0,"end":9,"url":null,"entity_id":"Q9899","candidates":[]}]],[[{"start":0,"end":13,"url":null,"entity_id":"Q1997915","candidates":[]}],[{"start":0,"end":20,"url":null,"entity_id":"Q2736","candidates":[]}],[{"start":0,"end":9,"url":null,"entity_id":"Q9832","candidates":[]}]],[[{"start":0,"end":29,"url":null,"entity_id":"Q2053239","candidates":[]}],[{"start":0,"end":20,"url":null,"entity_id":"Q2736","candidates":[]}],[{"start":0,"end":10,"url":null,"entity_id":"Q992","candidates":[]}]],[[{"start":0,"end":11,"url":null,"entity_id":"Q1985815","candidates":[]}],[{"start":0,"end":20,"url":null,"entity_id":"Q2736","candidates":[]}],[{"start":0,"end":10,"url":null,"entity_id":"Q992","candidates":[]}]],[[{"start":0,"end":11,"url":null,"entity_id":"Q1985767","candidates":[]}],[{"start":0,"end":20,"url":null,"entity_id":"Q2736","candidates":[]}],[{"start":0,"end":11,"url":null,"entity_id":"Q9908","candidates":[]}]],[[{"start":0,"end":14,"url":null,"entity_id":"Q2664918","candidates":[]}],[{"start":0,"end":20,"url":null,"entity_id":"Q2736","candidates":[]}],[{"start":0,"end":13,"url":null,"entity_id":"Q934525","candidates":[]}]],[[{"start":0,"end":29,"url":null,"entity_id":"Q2658098","candidates":[]}],[{"start":0,"end":20,"url":null,"entity_id":"Q2736","candidates":[]}],[{"start":0,"end":11,"url":null,"entity_id":"Q210007","candidates":[]}]],[[{"start":0,"end":12,"url":null,"entity_id":"Q2683478","candidates":[]}],[{"start":0,"end":20,"url":null,"entity_id":"Q2736","candidates":[]}],[{"start":0,"end":8,"url":null,"entity_id":"Q197050","candidates":[]}]],[[{"start":0,"end":5,"url":null,"entity_id":"Q2664043","candidates":[]}],[{"start":0,"end":20,"url":null,"entity_id":"Q2736","candidates":[]}],[{"start":0,"end":21,"url":null,"entity_id":"Q112675","candidates":[]}]],[[{"start":0,"end":13,"url":null,"entity_id":"Q2681185","candidates":[]}],[{"start":0,"end":20,"url":null,"entity_id":"Q2736","candidates":[]}],[{"start":0,"end":7,"url":null,"entity_id":"Q9808","candidates":[]}]],[[{"start":0,"end":28,"url":null,"entity_id":"Q2181449","candidates":[]}],[{"start":0,"end":20,"url":null,"entity_id":"Q2736","candidates":[]}],[{"start":0,"end":6,"url":null,"entity_id":"Q939948","candidates":[]}]],[[{"start":0,"end":16,"url":null,"entity_id":"Q2178405","candidates":[]}],[{"start":0,"end":20,"url":null,"entity_id":"Q2736","candidates":[]}],[{"start":0,"end":7,"url":null,"entity_id":"Q9799","candidates":[]}]],[[{"start":0,"end":5,"url":null,"entity_id":"Q3224591","candidates":[]}],[{"start":0,"end":20,"url":null,"entity_id":"Q2736","candidates":[]}],[{"start":0,"end":10,"url":null,"entity_id":"Q952939","candidates":[]}]],[[{"start":0,"end":11,"url":null,"entity_id":"Q3230210","candidates":[]}],[{"start":0,"end":20,"url":null,"entity_id":"Q2736","candidates":[]}],[{"start":0,"end":17,"url":null,"entity_id":"Q932031","candidates":[]}]],[[{"start":0,"end":3,"url":null,"entity_id":"Q3073038","candidates":[]}],[{"start":0,"end":20,"url":null,"entity_id":"Q2736","candidates":[]}],[{"start":0,"end":19,"url":null,"entity_id":"Q73069","candidates":[]}]],[[{"start":0,"end":13,"url":null,"entity_id":"Q3296577","candidates":[]}],[{"start":0,"end":20,"url":null,"entity_id":"Q2736","candidates":[]}],[{"start":0,"end":14,"url":null,"entity_id":"Q10020","candidates":[]}]],[[{"start":0,"end":6,"url":null,"entity_id":"Q3124737","candidates":[]}],[{"start":0,"end":20,"url":null,"entity_id":"Q2736","candidates":[]}],[{"start":0,"end":10,"url":null,"entity_id":"Q9898","candidates":[]}]],[[{"start":0,"end":36,"url":null,"entity_id":"Q3262828","candidates":[]}],[{"start":0,"end":20,"url":null,"entity_id":"Q2736","candidates":[]}],[{"start":0,"end":5,"url":null,"entity_id":"Q798","candidates":[]}]],[[{"start":0,"end":11,"url":null,"entity_id":"Q2591561","candidates":[]}],[{"start":0,"end":20,"url":null,"entity_id":"Q2736","candidates":[]}],[{"start":0,"end":10,"url":null,"entity_id":"Q1532373","candidates":[]}]],[[{"start":0,"end":4,"url":null,"entity_id":"Q2596448","candidates":[]}],[{"start":0,"end":20,"url":null,"entity_id":"Q2736","candidates":[]}],[{"start":0,"end":6,"url":null,"entity_id":"Q275909","candidates":[]}]],[[{"start":0,"end":9,"url":null,"entity_id":"Q2641373","candidates":[]}],[{"start":0,"end":20,"url":null,"entity_id":"Q2736","candidates":[]}],[{"start":0,"end":7,"url":null,"entity_id":"Q72981","candidates":[]}]],[[{"start":0,"end":13,"url":null,"entity_id":"Q2605219","candidates":[]}],[{"start":0,"end":20,"url":null,"entity_id":"Q2736","candidates":[]}],[{"start":0,"end":5,"url":null,"entity_id":"Q9938","candidates":[]}]],[[{"start":0,"end":15,"url":null,"entity_id":"Q2607193","candidates":[]}],[{"start":0,"end":20,"url":null,"entity_id":"Q2736","candidates":[]}],[{"start":0,"end":10,"url":null,"entity_id":"Q9911","candidates":[]}]],[[{"start":0,"end":9,"url":null,"entity_id":"Q2621671","candidates":[]}],[{"start":0,"end":20,"url":null,"entity_id":"Q2736","candidates":[]}],[{"start":0,"end":9,"url":null,"entity_id":"Q9899","candidates":[]}]],[[{"start":0,"end":16,"url":null,"entity_id":"Q2588082","candidates":[]}],[{"start":0,"end":20,"url":null,"entity_id":"Q2736","candidates":[]}],[{"start":0,"end":9,"url":null,"entity_id":"Q9899","candidates":[]}]],[[{"start":0,"end":13,"url":null,"entity_id":"Q2619206","candidates":[]}],[{"start":0,"end":20,"url":null,"entity_id":"Q2736","candidates":[]}],[{"start":0,"end":7,"url":null,"entity_id":"Q5128","candidates":[]}]],[[{"start":0,"end":10,"url":null,"entity_id":"Q2601995","candidates":[]}],[{"start":0,"end":20,"url":null,"entity_id":"Q2736","candidates":[]}],[{"start":0,"end":7,"url":null,"entity_id":"Q803","candidates":[]}]],[[{"start":0,"end":10,"url":null,"entity_id":"Q2590837","candidates":[]}],[{"start":0,"end":20,"url":null,"entity_id":"Q2736","candidates":[]}],[{"start":0,"end":6,"url":null,"entity_id":"Q793","candidates":[]}]],[[{"start":0,"end":11,"url":null,"entity_id":"Q2604140","candidates":[]}],[{"start":0,"end":20,"url":null,"entity_id":"Q2736","candidates":[]}],[{"start":0,"end":5,"url":null,"entity_id":"Q690","candidates":[]}]],[[{"start":0,"end":17,"url":null,"entity_id":"Q81064575","candidates":[]}],[{"start":0,"end":20,"url":null,"entity_id":"Q2736","candidates":[]}],[{"start":0,"end":14,"url":null,"entity_id":"Q30011757","candidates":[]}]],[[{"start":0,"end":10,"url":null,"entity_id":"Q2110715","candidates":[]}],[{"start":0,"end":20,"url":null,"entity_id":"Q2736","candidates":[]}],[{"start":0,"end":12,"url":null,"entity_id":"Q18335889","candidates":[]}]],[[{"start":0,"end":19,"url":null,"entity_id":"Q2101602","candidates":[]}],[{"start":0,"end":20,"url":null,"entity_id":"Q2736","candidates":[]}],[{"start":0,"end":10,"url":null,"entity_id":"Q1943433","candidates":[]}]],[[{"start":0,"end":12,"url":null,"entity_id":"Q2078688","candidates":[]}],[{"start":0,"end":20,"url":null,"entity_id":"Q2736","candidates":[]}],[{"start":0,"end":16,"url":null,"entity_id":"Q259205","candidates":[]}]],[[{"start":0,"end":14,"url":null,"entity_id":"Q2097773","candidates":[]}],[{"start":0,"end":20,"url":null,"entity_id":"Q2736","candidates":[]}],[{"start":0,"end":19,"url":null,"entity_id":"Q73069","candidates":[]}]],[[{"start":0,"end":11,"url":null,"entity_id":"Q2100280","candidates":[]}],[{"start":0,"end":20,"url":null,"entity_id":"Q2736","candidates":[]}],[{"start":0,"end":3,"url":null,"entity_id":"Q26555","candidates":[]}]],[[{"start":0,"end":13,"url":null,"entity_id":"Q2097336","candidates":[]}],[{"start":0,"end":20,"url":null,"entity_id":"Q2736","candidates":[]}],[{"start":0,"end":9,"url":null,"entity_id":"Q9880","candidates":[]}]]]}