{"version":"1.2","table":{"version":"2","table_id":"Z2DPGYMS","columns":[{"index":0,"name":"col0","values":["Eden Township","Sharon Township","Welton Township","Spring Rock Township","Olive Township","Liberty Township","Waterford Township","Center Township","Deep Creek Township","Cass Township","Washington Township","Center Grove Township","Dodge Township","De Witt Township","Hampshire Township","Cascade Township","Estherville Township","Concord Township","Des Moines Township","Buena Vista Township"]},{"index":1,"name":"col1","values":["190","233","240","208","217","210","264","196","217","369","254","426","305","210","222","282","435","329","308","207"]},{"index":2,"name":"col2","values":["35.63","36.28","32.15","36.25","41.75","36.29","36.13","42.42","36.24","36.72","32.04","36.15","36.6","54.48","39.45","35.78","36.15","36.4","35.75","19.88"]}]},"context":{"page_title":null,"page_url":null,"page_entity_id":null,"content_hierarchy":[]},"links":[[[{"start":0,"end":13,"url":null,"entity_id":"Q1011397","candidates":[]}],[],[]],[[{"start":0,"end":15,"url":null,"entity_id":"Q1011391","candidates":[]}],[],[]],[[{"start":0,"end":15,"url":null,"entity_id":"Q1011388","candidates":[]}],[],[]],[[{"start":0,"end":20,"url":null,"entity_id":"Q1011383","candidates":[]}],[],[]],[[{"start":0,"end":14,"url":null,"entity_id":"Q1011375","candidates":[]}],[],[]],[[{"start":0,"end":16,"url":null,"entity_id":"Q1011371","candidates":[]}],[],[]],[[{"start":0,"end":18,"url":null,"entity_id":"Q1011362","candidates":[]}],[],[]],[[{"start":0,"end":15,"url":null,"entity_id":"Q1011356","candidates":[]}],[],[]],[[{"start":0,"end":19,"url":null,"entity_id":"Q1010481","candidates":[]}],[],[]],[[{"start":0,"end":13,"url":null,"entity_id":"Q1010474","candidates":[]}],[],[]],[[{"start":0,"end":19,"url":null,"entity_id":"Q1010470","candidates":[]}],[],[]],[[{"start":0,"end":21,"url":null,"entity_id":"Q1010457","candidates":[]}],[],[]],[[{"start":0,"end":14,"url":null,"entity_id":"Q1010453","candidates":[]}],[],[]],[[{"start":0,"end":16,"url":null,"entity_id":"Q1010450","candidates":[]}],[],[]],[[{"start":0,"end":18,"url":null,"entity_id":"Q1010445","candidates":[]}],[],[]],[[{"start":0,"end":16,"url":null,"entity_id":"Q1009544","candidates":[]}],[],[]],[[{"start":0,"end":20,"url":null,"entity_id":"Q1009541","candidates":[]}],[],[]],[[{"start":0,"end":16,"url":null,"entity_id":"Q1009538","candidates":[]}],[],[]],[[{"start":0,"end":19,"url":null,"entity_id":"Q1009533","candidates":[]}],[],[]],[[{"start":0,"end":20,"url":null,"entity_id":"Q1001787","candidates":[]}],[],[]]]}