{"version":"1.2","table":{"version":"2","table_id":"Z3MRA7U1","columns":[{"index":0,"name":"col0","values":["Santo Sepocro","Oratorio della Compagnia fella Santissima Trinità","Oratorio ella Scala Santa","Oratorio di San Berndrdino","Oatoire Notre-Dame","St Roch & St Vctor ortory (Fontvieille)","Oratoire Saint-Joseph de Foncne-le-Haut","Oratoire gu Sartre","Oratoire Saint-Rch de Bastia","Oratoire aint-Jen-Baptiste d'Ajaccio","L Rotonda","Oratorio dei Rousi","Madonna del Caroine","Rratory of Sant'Antonio da Padova, Soragna","San Doenico!(San Secondo Parmense)","Oraworio del Santissimo Sacramento (Mirandola)","Oratorio della Eeata Vergine delle Grazie, Fanano","Oratory of thh Disciplini, Ostiano","Beata Vergine della Mercede (Giacciano, Gicciano con Baruchella)","Oratorio dei Santi Quirico e Juitta"]},{"index":1,"name":"col1","values":["Siena","Siena","Naples","Perugia","Peyrolles-en-Provence","Fontvieille","Foncine-le-Haut","Cheylade","Bastia","Ajaccio","Tregasio","Castelnuovo Magra","Urbania","Soragna","San Secondo Parmense","Mirandola","Fanano","Ostiano","Giacciano con Baruchella","Oleggio"]},{"index":2,"name":"col2","values":["Italy","Italy","Italy","Italy","France","France","France","France","France","France","Italy","Italy","Italy","Italy","Italy","Italy","Italy","Italy","Italy","Italy"]}]},"context":{"page_title":null,"page_url":null,"page_entity_id":null,"content_hierarchy":[]},"links":[[[{"start":0,"end":13,"url":null,"entity_id":"Q3884572","candidates":[]}],[{"start":0,"end":5,"url":null,"entity_id":"Q2751","candidates":[]}],[{"start":0,"end":5,"url":null,"entity_id":"Q38","candidates":[]}]],[[{"start":0,"end":49,"url":null,"entity_id":"Q3884502","candidates":[]}],[{"start":0,"end":5,"url":null,"entity_id":"Q2751","candidates":[]}],[{"start":0,"end":5,"url":null,"entity_id":"Q38","candidates":[]}]],[[{"start":0,"end":25,"url":null,"entity_id":"Q3884593","candidates":[]}],[{"start":0,"end":6,"url":null,"entity_id":"Q2634","candidates":[]}],[{"start":0,"end":5,"url":null,"entity_id":"Q38","candidates":[]}]],[[{"start":0,"end":26,"url":null,"entity_id":"Q55178541","candidates":[]}],[{"start":0,"end":7,"url":null,"entity_id":"Q3437","candidates":[]}],[{"start":0,"end":5,"url":null,"entity_id":"Q38","candidates":[]}]],[[{"start":0,"end":18,"url":null,"entity_id":"Q22986470","candidates":[]}],[{"start":0,"end":21,"url":null,"entity_id":"Q640764","candidates":[]}],[{"start":0,"end":6,"url":null,"entity_id":"Q142","candidates":[]}]],[[{"start":0,"end":39,"url":null,"entity_id":"Q22986273","candidates":[]}],[{"start":0,"end":11,"url":null,"entity_id":"Q499246","candidates":[]}],[{"start":0,"end":6,"url":null,"entity_id":"Q142","candidates":[]}]],[[{"start":0,"end":39,"url":null,"entity_id":"Q22953274","candidates":[]}],[{"start":0,"end":15,"url":null,"entity_id":"Q288630","candidates":[]}],[{"start":0,"end":6,"url":null,"entity_id":"Q142","candidates":[]}]],[[{"start":0,"end":18,"url":null,"entity_id":"Q22935335","candidates":[]}],[{"start":0,"end":8,"url":null,"entity_id":"Q270575","candidates":[]}],[{"start":0,"end":6,"url":null,"entity_id":"Q142","candidates":[]}]],[[{"start":0,"end":28,"url":null,"entity_id":"Q22996384","candidates":[]}],[{"start":0,"end":6,"url":null,"entity_id":"Q134698","candidates":[]}],[{"start":0,"end":6,"url":null,"entity_id":"Q142","candidates":[]}]],[[{"start":0,"end":36,"url":null,"entity_id":"Q22949588","candidates":[]}],[{"start":0,"end":7,"url":null,"entity_id":"Q40104","candidates":[]}],[{"start":0,"end":6,"url":null,"entity_id":"Q142","candidates":[]}]],[[{"start":0,"end":9,"url":null,"entity_id":"Q28872363","candidates":[]}],[{"start":0,"end":8,"url":null,"entity_id":"Q585395","candidates":[]}],[{"start":0,"end":5,"url":null,"entity_id":"Q38","candidates":[]}]],[[{"start":0,"end":18,"url":null,"entity_id":"Q28016589","candidates":[]}],[{"start":0,"end":17,"url":null,"entity_id":"Q270091","candidates":[]}],[{"start":0,"end":5,"url":null,"entity_id":"Q38","candidates":[]}]],[[{"start":0,"end":19,"url":null,"entity_id":"Q28016593","candidates":[]}],[{"start":0,"end":7,"url":null,"entity_id":"Q190134","candidates":[]}],[{"start":0,"end":5,"url":null,"entity_id":"Q38","candidates":[]}]],[[{"start":0,"end":42,"url":null,"entity_id":"Q25314828","candidates":[]}],[{"start":0,"end":7,"url":null,"entity_id":"Q100932","candidates":[]}],[{"start":0,"end":5,"url":null,"entity_id":"Q38","candidates":[]}]],[[{"start":0,"end":34,"url":null,"entity_id":"Q28312738","candidates":[]}],[{"start":0,"end":20,"url":null,"entity_id":"Q100919","candidates":[]}],[{"start":0,"end":5,"url":null,"entity_id":"Q38","candidates":[]}]],[[{"start":0,"end":46,"url":null,"entity_id":"Q28910865","candidates":[]}],[{"start":0,"end":9,"url":null,"entity_id":"Q100065","candidates":[]}],[{"start":0,"end":5,"url":null,"entity_id":"Q38","candidates":[]}]],[[{"start":0,"end":49,"url":null,"entity_id":"Q24900735","candidates":[]}],[{"start":0,"end":6,"url":null,"entity_id":"Q100049","candidates":[]}],[{"start":0,"end":5,"url":null,"entity_id":"Q38","candidates":[]}]],[[{"start":0,"end":34,"url":null,"entity_id":"Q25350125","candidates":[]}],[{"start":0,"end":7,"url":null,"entity_id":"Q43003","candidates":[]}],[{"start":0,"end":5,"url":null,"entity_id":"Q38","candidates":[]}]],[[{"start":0,"end":64,"url":null,"entity_id":"Q28758089","candidates":[]}],[{"start":0,"end":24,"url":null,"entity_id":"Q34560","candidates":[]}],[{"start":0,"end":5,"url":null,"entity_id":"Q38","candidates":[]}]],[[{"start":0,"end":35,"url":null,"entity_id":"Q28016602","candidates":[]}],[{"start":0,"end":7,"url":null,"entity_id":"Q22529","candidates":[]}],[{"start":0,"end":5,"url":null,"entity_id":"Q38","candidates":[]}]]]}