{"version":"1.2","table":{"version":"2","table_id":"Z599HR98","columns":[{"index":0,"name":"col0","values":["Khusruwiyah Mosque","Tekkiye Mosque","Muradie Mosque","Juma-Jami Mosque","İskender Pasha Mosque, Kanlıca","Rüstem Pasha Mosque","Şehzade Mosque","Behram Pasha Mosque","Piyale Pasha Mosque","Sokollu Mehmed Pasha Mosque (Azapkapı)","Kazasker İvaz Efendi Mosque","Sokollu Mehmed Pasha Mosque","Dragoman Yunus Beg Mosque","Hadim Ibrahim Pasha Mosque","Molla Çelebi Mosque","Mihrimah Sultan Mosque","Atik Valide Mosque","Mihrimah Mosque","Sokollu Mehmet Pasha Mosque","Zal Mahmud Pasha Mosque"]},{"index":1,"name":"col1","values":["Aleppo","Damascus","Vlorë District","Yevpatoria","Kanlıca","Eminönü","Fatih","Diyarbakır","Istanbul","Istanbul","Istanbul","Istanbul","Istanbul","Istanbul","Istanbul","Istanbul","Istanbul","Istanbul","Istanbul","Istanbul"]},{"index":2,"name":"col2","values":["Syria","Syria","Albania","Russia","Turkey","Turkey","Turkey","Turkey","Turkey","Turkey","Turkey","Turkey","Turkey","Turkey","Turkey","Turkey","Turkey","Turkey","Turkey","Turkey"]},{"index":3,"name":"col3","values":["Mimar Sinan","Mimar Sinan","Mimar Sinan","Mimar Sinan","Mimar Sinan","Mimar Sinan","Mimar Sinan","Mimar Sinan","Mimar Sinan","Mimar Sinan","Mimar Sinan","Mimar Sinan","Mimar Sinan","Mimar Sinan","Mimar Sinan","Mimar Sinan","Mimar Sinan","Mimar Sinan","Mimar Sinan","Mimar Sinan"]}]},"context":{"page_title":null,"page_url":null,"page_entity_id":null,"content_hierarchy":[]},"links":[[[{"start":0,"end":18,"url":null,"entity_id":"Q4022689","candidates":[]}],[{"start":0,"end":6,"url":null,"entity_id":"Q41183","candidates":[]}],[{"start":0,"end":5,"url":null,"entity_id":"Q858","candidates":[]}],[{"start":0,"end":11,"url":null,"entity_id":"Q5600","candidates":[]}]],[[{"start":0,"end":14,"url":null,"entity_id":"Q715273","candidates":[]}],[{"start":0,"end":8,"url":null,"entity_id":"Q3766","candidates":[]}],[{"start":0,"end":5,"url":null,"entity_id":"Q858","candidates":[]}],[{"start":0,"end":11,"url":null,"entity_id":"Q5600","candidates":[]}]],[[{"start":0,"end":14,"url":null,"entity_id":"Q1953480","candidates":[]}],[{"start":0,"end":14,"url":null,"entity_id":"Q158601","candidates":[]}],[{"start":0,"end":7,"url":null,"entity_id":"Q222","candidates":[]}],[{"start":0,"end":11,"url":null,"entity_id":"Q5600","candidates":[]}]],[[{"start":0,"end":16,"url":null,"entity_id":"Q2390721","candidates":[]}],[{"start":0,"end":10,"url":null,"entity_id":"Q33345","candidates":[]}],[{"start":0,"end":6,"url":null,"entity_id":"Q159","candidates":[]}],[{"start":0,"end":11,"url":null,"entity_id":"Q5600","candidates":[]}]],[[{"start":0,"end":30,"url":null,"entity_id":"Q6104328","candidates":[]}],[{"start":0,"end":7,"url":null,"entity_id":"Q6645927","candidates":[]}],[{"start":0,"end":6,"url":null,"entity_id":"Q43","candidates":[]}],[{"start":0,"end":11,"url":null,"entity_id":"Q5600","candidates":[]}]],[[{"start":0,"end":19,"url":null,"entity_id":"Q1137511","candidates":[]}],[{"start":0,"end":7,"url":null,"entity_id":"Q1767191","candidates":[]}],[{"start":0,"end":6,"url":null,"entity_id":"Q43","candidates":[]}],[{"start":0,"end":11,"url":null,"entity_id":"Q5600","candidates":[]}]],[[{"start":0,"end":14,"url":null,"entity_id":"Q644677","candidates":[]}],[{"start":0,"end":5,"url":null,"entity_id":"Q732923","candidates":[]}],[{"start":0,"end":6,"url":null,"entity_id":"Q43","candidates":[]}],[{"start":0,"end":11,"url":null,"entity_id":"Q5600","candidates":[]}]],[[{"start":0,"end":19,"url":null,"entity_id":"Q3675542","candidates":[]}],[{"start":0,"end":10,"url":null,"entity_id":"Q83387","candidates":[]}],[{"start":0,"end":6,"url":null,"entity_id":"Q43","candidates":[]}],[{"start":0,"end":11,"url":null,"entity_id":"Q5600","candidates":[]}]],[[{"start":0,"end":19,"url":null,"entity_id":"Q7199786","candidates":[]}],[{"start":0,"end":8,"url":null,"entity_id":"Q406","candidates":[]}],[{"start":0,"end":6,"url":null,"entity_id":"Q43","candidates":[]}],[{"start":0,"end":11,"url":null,"entity_id":"Q5600","candidates":[]}]],[[{"start":0,"end":38,"url":null,"entity_id":"Q6071846","candidates":[]}],[{"start":0,"end":8,"url":null,"entity_id":"Q406","candidates":[]}],[{"start":0,"end":6,"url":null,"entity_id":"Q43","candidates":[]}],[{"start":0,"end":11,"url":null,"entity_id":"Q5600","candidates":[]}]],[[{"start":0,"end":27,"url":null,"entity_id":"Q6055349","candidates":[]}],[{"start":0,"end":8,"url":null,"entity_id":"Q406","candidates":[]}],[{"start":0,"end":6,"url":null,"entity_id":"Q43","candidates":[]}],[{"start":0,"end":11,"url":null,"entity_id":"Q5600","candidates":[]}]],[[{"start":0,"end":27,"url":null,"entity_id":"Q6049801","candidates":[]}],[{"start":0,"end":8,"url":null,"entity_id":"Q406","candidates":[]}],[{"start":0,"end":6,"url":null,"entity_id":"Q43","candidates":[]}],[{"start":0,"end":11,"url":null,"entity_id":"Q5600","candidates":[]}]],[[{"start":0,"end":25,"url":null,"entity_id":"Q6042026","candidates":[]}],[{"start":0,"end":8,"url":null,"entity_id":"Q406","candidates":[]}],[{"start":0,"end":6,"url":null,"entity_id":"Q43","candidates":[]}],[{"start":0,"end":11,"url":null,"entity_id":"Q5600","candidates":[]}]],[[{"start":0,"end":26,"url":null,"entity_id":"Q5637873","candidates":[]}],[{"start":0,"end":8,"url":null,"entity_id":"Q406","candidates":[]}],[{"start":0,"end":6,"url":null,"entity_id":"Q43","candidates":[]}],[{"start":0,"end":11,"url":null,"entity_id":"Q5600","candidates":[]}]],[[{"start":0,"end":19,"url":null,"entity_id":"Q2719788","candidates":[]}],[{"start":0,"end":8,"url":null,"entity_id":"Q406","candidates":[]}],[{"start":0,"end":6,"url":null,"entity_id":"Q43","candidates":[]}],[{"start":0,"end":11,"url":null,"entity_id":"Q5600","candidates":[]}]],[[{"start":0,"end":22,"url":null,"entity_id":"Q2537376","candidates":[]}],[{"start":0,"end":8,"url":null,"entity_id":"Q406","candidates":[]}],[{"start":0,"end":6,"url":null,"entity_id":"Q43","candidates":[]}],[{"start":0,"end":11,"url":null,"entity_id":"Q5600","candidates":[]}]],[[{"start":0,"end":18,"url":null,"entity_id":"Q2483550","candidates":[]}],[{"start":0,"end":8,"url":null,"entity_id":"Q406","candidates":[]}],[{"start":0,"end":6,"url":null,"entity_id":"Q43","candidates":[]}],[{"start":0,"end":11,"url":null,"entity_id":"Q5600","candidates":[]}]],[[{"start":0,"end":15,"url":null,"entity_id":"Q1581190","candidates":[]}],[{"start":0,"end":8,"url":null,"entity_id":"Q406","candidates":[]}],[{"start":0,"end":6,"url":null,"entity_id":"Q43","candidates":[]}],[{"start":0,"end":11,"url":null,"entity_id":"Q5600","candidates":[]}]],[[{"start":0,"end":27,"url":null,"entity_id":"Q1572472","candidates":[]}],[{"start":0,"end":8,"url":null,"entity_id":"Q406","candidates":[]}],[{"start":0,"end":6,"url":null,"entity_id":"Q43","candidates":[]}],[{"start":0,"end":11,"url":null,"entity_id":"Q5600","candidates":[]}]],[[{"start":0,"end":23,"url":null,"entity_id":"Q1572457","candidates":[]}],[{"start":0,"end":8,"url":null,"entity_id":"Q406","candidates":[]}],[{"start":0,"end":6,"url":null,"entity_id":"Q43","candidates":[]}],[{"start":0,"end":11,"url":null,"entity_id":"Q5600","candidates":[]}]]]}