{"version":"1.2","table":{"version":"2","table_id":"Z7SZRVG8","columns":[{"index":0,"name":"col0","values":["USS Kentucky","USS Louisiana","USS Nebraska","USS Tennessee","USS Pennsylvania","USS Maryland","USS West Virginia","USS Nevada","USS Wyoming","USS Alaska","USS Maine","USS Alabama","USS Georgia","USS Ohio","USS Florida","USS Michigan","USS Lafayette","USS Will Rogers","USS George Washington Carver","USS George C. Marshall"]},{"index":1,"name":"col1","values":["Ohio-class submarine","Ohio-class submarine","Ohio-class submarine","Ohio-class submarine","Ohio-class submarine","Ohio-class submarine","Ohio-class submarine","Ohio-class submarine","Ohio-class submarine","Ohio-class submarine","Ohio-class submarine","Ohio-class submarine","Ohio-class submarine","Ohio-class submarine","Ohio-class submarine","Ohio-class submarine","Lafayette-class submarine","Benjamin Franklin-class submarine","Benjamin Franklin-class submarine","Benjamin Franklin-class submarine"]},{"index":2,"name":"col2","values":["Kentucky","Louisiana","Nebraska","Tennessee","Pennsylvania","Maryland","West Virginia","Nevada","Wyoming","Alaska","Maine","Alabama","Georgia","Ohio","Florida","Michigan","Gilbert du Motier, Marquis de Lafayette","Will Rogers","George Washington Carver","George Marshall"]},{"index":3,"name":"col3","values":["UGM-133 Trident II","UGM-133 Trident II","UGM-133 Trident II","UGM-133 Trident II","UGM-133 Trident II","UGM-133 Trident II","UGM-133 Trident II","UGM-133 Trident II","UGM-133 Trident II","UGM-133 Trident II","UGM-133 Trident II","UGM-133 Trident II","Tomahawk","Tomahawk","Tomahawk","Tomahawk","UGM-73 Poseidon","Mark 48 torpedo","Mark 48 torpedo","Mark 48 torpedo"]},{"index":4,"name":"col4","values":["nuclear marine propulsion","nuclear marine propulsion","nuclear marine propulsion","nuclear marine propulsion","nuclear marine propulsion","nuclear marine propulsion","nuclear marine propulsion","nuclear marine propulsion","nuclear marine propulsion","nuclear marine propulsion","nuclear marine propulsion","nuclear marine propulsion","nuclear marine propulsion","nuclear marine propulsion","nuclear marine propulsion","turbine","nuclear marine propulsion","nuclear marine propulsion","nuclear marine propulsion","nuclear marine propulsion"]}]},"context":{"page_title":null,"page_url":null,"page_entity_id":null,"content_hierarchy":[]},"links":[[[{"start":0,"end":12,"url":null,"entity_id":"Q1459982","candidates":[]}],[{"start":0,"end":20,"url":null,"entity_id":"Q389149","candidates":[]}],[{"start":0,"end":8,"url":null,"entity_id":"Q1603","candidates":[]}],[{"start":0,"end":18,"url":null,"entity_id":"Q484374","candidates":[]}],[{"start":0,"end":25,"url":null,"entity_id":"Q1142489","candidates":[]}]],[[{"start":0,"end":13,"url":null,"entity_id":"Q1725498","candidates":[]}],[{"start":0,"end":20,"url":null,"entity_id":"Q389149","candidates":[]}],[{"start":0,"end":9,"url":null,"entity_id":"Q1588","candidates":[]}],[{"start":0,"end":18,"url":null,"entity_id":"Q484374","candidates":[]}],[{"start":0,"end":25,"url":null,"entity_id":"Q1142489","candidates":[]}]],[[{"start":0,"end":12,"url":null,"entity_id":"Q1778502","candidates":[]}],[{"start":0,"end":20,"url":null,"entity_id":"Q389149","candidates":[]}],[{"start":0,"end":8,"url":null,"entity_id":"Q1553","candidates":[]}],[{"start":0,"end":18,"url":null,"entity_id":"Q484374","candidates":[]}],[{"start":0,"end":25,"url":null,"entity_id":"Q1142489","candidates":[]}]],[[{"start":0,"end":13,"url":null,"entity_id":"Q1787992","candidates":[]}],[{"start":0,"end":20,"url":null,"entity_id":"Q389149","candidates":[]}],[{"start":0,"end":9,"url":null,"entity_id":"Q1509","candidates":[]}],[{"start":0,"end":18,"url":null,"entity_id":"Q484374","candidates":[]}],[{"start":0,"end":25,"url":null,"entity_id":"Q1142489","candidates":[]}]],[[{"start":0,"end":16,"url":null,"entity_id":"Q1935618","candidates":[]}],[{"start":0,"end":20,"url":null,"entity_id":"Q389149","candidates":[]}],[{"start":0,"end":12,"url":null,"entity_id":"Q1400","candidates":[]}],[{"start":0,"end":18,"url":null,"entity_id":"Q484374","candidates":[]}],[{"start":0,"end":25,"url":null,"entity_id":"Q1142489","candidates":[]}]],[[{"start":0,"end":12,"url":null,"entity_id":"Q968667","candidates":[]}],[{"start":0,"end":20,"url":null,"entity_id":"Q389149","candidates":[]}],[{"start":0,"end":8,"url":null,"entity_id":"Q1391","candidates":[]}],[{"start":0,"end":18,"url":null,"entity_id":"Q484374","candidates":[]}],[{"start":0,"end":25,"url":null,"entity_id":"Q1142489","candidates":[]}]],[[{"start":0,"end":17,"url":null,"entity_id":"Q1788001","candidates":[]}],[{"start":0,"end":20,"url":null,"entity_id":"Q389149","candidates":[]}],[{"start":0,"end":13,"url":null,"entity_id":"Q1371","candidates":[]}],[{"start":0,"end":18,"url":null,"entity_id":"Q484374","candidates":[]}],[{"start":0,"end":25,"url":null,"entity_id":"Q1142489","candidates":[]}]],[[{"start":0,"end":10,"url":null,"entity_id":"Q508531","candidates":[]}],[{"start":0,"end":20,"url":null,"entity_id":"Q389149","candidates":[]}],[{"start":0,"end":6,"url":null,"entity_id":"Q1227","candidates":[]}],[{"start":0,"end":18,"url":null,"entity_id":"Q484374","candidates":[]}],[{"start":0,"end":25,"url":null,"entity_id":"Q1142489","candidates":[]}]],[[{"start":0,"end":11,"url":null,"entity_id":"Q1715770","candidates":[]}],[{"start":0,"end":20,"url":null,"entity_id":"Q389149","candidates":[]}],[{"start":0,"end":7,"url":null,"entity_id":"Q1214","candidates":[]}],[{"start":0,"end":18,"url":null,"entity_id":"Q484374","candidates":[]}],[{"start":0,"end":25,"url":null,"entity_id":"Q1142489","candidates":[]}]],[[{"start":0,"end":10,"url":null,"entity_id":"Q1786716","candidates":[]}],[{"start":0,"end":20,"url":null,"entity_id":"Q389149","candidates":[]}],[{"start":0,"end":6,"url":null,"entity_id":"Q797","candidates":[]}],[{"start":0,"end":18,"url":null,"entity_id":"Q484374","candidates":[]}],[{"start":0,"end":25,"url":null,"entity_id":"Q1142489","candidates":[]}]],[[{"start":0,"end":9,"url":null,"entity_id":"Q924151","candidates":[]}],[{"start":0,"end":20,"url":null,"entity_id":"Q389149","candidates":[]}],[{"start":0,"end":5,"url":null,"entity_id":"Q724","candidates":[]}],[{"start":0,"end":18,"url":null,"entity_id":"Q484374","candidates":[]}],[{"start":0,"end":25,"url":null,"entity_id":"Q1142489","candidates":[]}]],[[{"start":0,"end":11,"url":null,"entity_id":"Q1761221","candidates":[]}],[{"start":0,"end":20,"url":null,"entity_id":"Q389149","candidates":[]}],[{"start":0,"end":7,"url":null,"entity_id":"Q173","candidates":[]}],[{"start":0,"end":18,"url":null,"entity_id":"Q484374","candidates":[]}],[{"start":0,"end":25,"url":null,"entity_id":"Q1142489","candidates":[]}]],[[{"start":0,"end":11,"url":null,"entity_id":"Q1683284","candidates":[]}],[{"start":0,"end":20,"url":null,"entity_id":"Q389149","candidates":[]}],[{"start":0,"end":7,"url":null,"entity_id":"Q1428","candidates":[]}],[{"start":0,"end":8,"url":null,"entity_id":"Q150115","candidates":[]}],[{"start":0,"end":25,"url":null,"entity_id":"Q1142489","candidates":[]}]],[[{"start":0,"end":8,"url":null,"entity_id":"Q1422739","candidates":[]}],[{"start":0,"end":20,"url":null,"entity_id":"Q389149","candidates":[]}],[{"start":0,"end":4,"url":null,"entity_id":"Q1397","candidates":[]}],[{"start":0,"end":8,"url":null,"entity_id":"Q150115","candidates":[]}],[{"start":0,"end":25,"url":null,"entity_id":"Q1142489","candidates":[]}]],[[{"start":0,"end":11,"url":null,"entity_id":"Q1755178","candidates":[]}],[{"start":0,"end":20,"url":null,"entity_id":"Q389149","candidates":[]}],[{"start":0,"end":7,"url":null,"entity_id":"Q812","candidates":[]}],[{"start":0,"end":8,"url":null,"entity_id":"Q150115","candidates":[]}],[{"start":0,"end":25,"url":null,"entity_id":"Q1142489","candidates":[]}]],[[{"start":0,"end":12,"url":null,"entity_id":"Q1422734","candidates":[]}],[{"start":0,"end":20,"url":null,"entity_id":"Q389149","candidates":[]}],[{"start":0,"end":8,"url":null,"entity_id":"Q1166","candidates":[]}],[{"start":0,"end":8,"url":null,"entity_id":"Q150115","candidates":[]}],[{"start":0,"end":7,"url":null,"entity_id":"Q130760","candidates":[]}]],[[{"start":0,"end":13,"url":null,"entity_id":"Q4346742","candidates":[]}],[{"start":0,"end":25,"url":null,"entity_id":"Q1800152","candidates":[]}],[{"start":0,"end":39,"url":null,"entity_id":"Q186652","candidates":[]}],[{"start":0,"end":15,"url":null,"entity_id":"Q1331175","candidates":[]}],[{"start":0,"end":25,"url":null,"entity_id":"Q1142489","candidates":[]}]],[[{"start":0,"end":15,"url":null,"entity_id":"Q11288203","candidates":[]}],[{"start":0,"end":33,"url":null,"entity_id":"Q736723","candidates":[]}],[{"start":0,"end":11,"url":null,"entity_id":"Q457840","candidates":[]}],[{"start":0,"end":15,"url":null,"entity_id":"Q1194008","candidates":[]}],[{"start":0,"end":25,"url":null,"entity_id":"Q1142489","candidates":[]}]],[[{"start":0,"end":28,"url":null,"entity_id":"Q7869705","candidates":[]}],[{"start":0,"end":33,"url":null,"entity_id":"Q736723","candidates":[]}],[{"start":0,"end":24,"url":null,"entity_id":"Q296898","candidates":[]}],[{"start":0,"end":15,"url":null,"entity_id":"Q1194008","candidates":[]}],[{"start":0,"end":25,"url":null,"entity_id":"Q1142489","candidates":[]}]],[[{"start":0,"end":22,"url":null,"entity_id":"Q7869683","candidates":[]}],[{"start":0,"end":33,"url":null,"entity_id":"Q736723","candidates":[]}],[{"start":0,"end":15,"url":null,"entity_id":"Q151414","candidates":[]}],[{"start":0,"end":15,"url":null,"entity_id":"Q1194008","candidates":[]}],[{"start":0,"end":25,"url":null,"entity_id":"Q1142489","candidates":[]}]]]}