{"version":"1.2","table":{"version":"2","table_id":"Z86GY48U","columns":[{"index":0,"name":"col0","values":["Etty: de nagelaten geschriften van Etty Hillesum 1941-1943","Space, time and Nathaniel","Les Ephémères, poésies","Dread talk : the language of Rastafari","When God Shows Up","Первые основания металлургии или рудных дел","Maudiegirl and the von Bloss Kitchen","Linked Data for the Perplexed Librarian","Raggett on HTML 4","Fleets of World War II","World Military Aviation","Shrek!","Raise the Titanic!","Gluck. Sein Leben. Seine Musik","Dictionnaire des théâtres parisiens au XIXe siècle","Mathematical Puzzles and Diversions / Martin Gardner","Grizzly Tales for Gruesome Kids","Dictionnaire de la civilisation indienne","Ghostly Tales for Ghastly Kids","Multi-omics strategies for detecting gene-environment interactions"]},{"index":1,"name":"col1","values":["Etty Hillesum","Brian Aldiss","Mme N. Laumondays","Velma Pollard","Sharon Witherspoon","Mikhail Vassilyevich Lomonosov","Carl Muller","Scott Carlson","Dave Raggett","Richard Worth","Nikolaus Krivinyi","William Steig","Clive Cussler","Gerhard Croll","Nicole Wild","Martin Gardner","Jamie Rix","Louis-Frédéric Nussbaum","Jamie Rix","Patrick Deelen"]},{"index":2,"name":"col2","values":["Etty: The Letters and Diaries of Etty Hillesum 1941-1943","Space, time and Nathaniel","Les Ephémères, poésies","Dread talk : the language of Rastafari","When God Shows Up","Первые основания металлургии или рудных дел","Maudiegirl and the von Bloss Kitchen","Linked Data for the Perplexed Librarian","Raggett on HTML 4","Fleets of World War II","World Military Aviation","Shrek!","Raise the Titanic!","Gluck. Sein Leben. Seine Musik, 2. Auflage","Dictionnaire des théâtres parisiens (1807–1914)","Mathematical Puzzles and Diversions","Grizzly Tales for Gruesome Kids","Le nouveau dictionnaire de la civilisation indienne","Ghostly Tales for Ghastly Kids","Multi-omics strategies for detecting gene-environment interactions"]}]},"context":{"page_title":null,"page_url":null,"page_entity_id":null,"content_hierarchy":[]},"links":[[[{"start":0,"end":58,"url":null,"entity_id":"Q85106224","candidates":[]}],[{"start":0,"end":13,"url":null,"entity_id":"Q126400","candidates":[]}],[{"start":0,"end":56,"url":null,"entity_id":"Q85109152","candidates":[]}]],[[{"start":0,"end":25,"url":null,"entity_id":"Q84947668","candidates":[]}],[{"start":0,"end":12,"url":null,"entity_id":"Q238702","candidates":[]}],[{"start":0,"end":25,"url":null,"entity_id":"Q84947666","candidates":[]}]],[[{"start":0,"end":22,"url":null,"entity_id":"Q84852165","candidates":[]}],[{"start":0,"end":17,"url":null,"entity_id":"Q84852158","candidates":[]}],[{"start":0,"end":22,"url":null,"entity_id":"Q84852249","candidates":[]}]],[[{"start":0,"end":38,"url":null,"entity_id":"Q84850651","candidates":[]}],[{"start":0,"end":13,"url":null,"entity_id":"Q19666215","candidates":[]}],[{"start":0,"end":38,"url":null,"entity_id":"Q84850661","candidates":[]}]],[[{"start":0,"end":17,"url":null,"entity_id":"Q84725338","candidates":[]}],[{"start":0,"end":18,"url":null,"entity_id":"Q84724321","candidates":[]}],[{"start":0,"end":17,"url":null,"entity_id":"Q84724260","candidates":[]}]],[[{"start":0,"end":43,"url":null,"entity_id":"Q83322653","candidates":[]}],[{"start":0,"end":30,"url":null,"entity_id":"Q58720","candidates":[]}],[{"start":0,"end":43,"url":null,"entity_id":"Q83323031","candidates":[]}]],[[{"start":0,"end":36,"url":null,"entity_id":"Q83287869","candidates":[]}],[{"start":0,"end":11,"url":null,"entity_id":"Q5040572","candidates":[]}],[{"start":0,"end":36,"url":null,"entity_id":"Q83287936","candidates":[]}]],[[{"start":0,"end":39,"url":null,"entity_id":"Q80616561","candidates":[]}],[{"start":0,"end":13,"url":null,"entity_id":"Q50278901","candidates":[]}],[{"start":0,"end":39,"url":null,"entity_id":"Q80617931","candidates":[]}]],[[{"start":0,"end":17,"url":null,"entity_id":"Q80342315","candidates":[]}],[{"start":0,"end":12,"url":null,"entity_id":"Q92908","candidates":[]}],[{"start":0,"end":17,"url":null,"entity_id":"Q80342702","candidates":[]}]],[[{"start":0,"end":22,"url":null,"entity_id":"Q15054582","candidates":[]}],[{"start":0,"end":13,"url":null,"entity_id":"Q15054581","candidates":[]}],[{"start":0,"end":22,"url":null,"entity_id":"Q79828692","candidates":[]}]],[[{"start":0,"end":23,"url":null,"entity_id":"Q15058190","candidates":[]}],[{"start":0,"end":17,"url":null,"entity_id":"Q15058192","candidates":[]}],[{"start":0,"end":23,"url":null,"entity_id":"Q78855305","candidates":[]}]],[[{"start":0,"end":6,"url":null,"entity_id":"Q920424","candidates":[]}],[{"start":0,"end":13,"url":null,"entity_id":"Q552255","candidates":[]}],[{"start":0,"end":6,"url":null,"entity_id":"Q60411701","candidates":[]}]],[[{"start":0,"end":18,"url":null,"entity_id":"Q287838","candidates":[]}],[{"start":0,"end":13,"url":null,"entity_id":"Q366266","candidates":[]}],[{"start":0,"end":18,"url":null,"entity_id":"Q60411038","candidates":[]}]],[[{"start":0,"end":30,"url":null,"entity_id":"Q78719138","candidates":[]}],[{"start":0,"end":13,"url":null,"entity_id":"Q1511449","candidates":[]}],[{"start":0,"end":42,"url":null,"entity_id":"Q61023819","candidates":[]}]],[[{"start":0,"end":50,"url":null,"entity_id":"Q60774720","candidates":[]}],[{"start":0,"end":11,"url":null,"entity_id":"Q55598780","candidates":[]}],[{"start":0,"end":47,"url":null,"entity_id":"Q63079799","candidates":[]}]],[[{"start":0,"end":52,"url":null,"entity_id":"Q24030865","candidates":[]}],[{"start":0,"end":14,"url":null,"entity_id":"Q677706","candidates":[]}],[{"start":0,"end":35,"url":null,"entity_id":"Q24030872","candidates":[]}]],[[{"start":0,"end":31,"url":null,"entity_id":"Q78932599","candidates":[]}],[{"start":0,"end":9,"url":null,"entity_id":"Q6147398","candidates":[]}],[{"start":0,"end":31,"url":null,"entity_id":"Q83177847","candidates":[]}]],[[{"start":0,"end":40,"url":null,"entity_id":"Q78939643","candidates":[]}],[{"start":0,"end":23,"url":null,"entity_id":"Q726040","candidates":[]}],[{"start":0,"end":51,"url":null,"entity_id":"Q78939910","candidates":[]}]],[[{"start":0,"end":30,"url":null,"entity_id":"Q76465099","candidates":[]}],[{"start":0,"end":9,"url":null,"entity_id":"Q6147398","candidates":[]}],[{"start":0,"end":30,"url":null,"entity_id":"Q83195076","candidates":[]}]],[[{"start":0,"end":66,"url":null,"entity_id":"Q66439242","candidates":[]}],[{"start":0,"end":14,"url":null,"entity_id":"Q41462508","candidates":[]}],[{"start":0,"end":66,"url":null,"entity_id":"Q79617311","candidates":[]}]]]}