{"version":"1.2","table":{"version":"2","table_id":"ZB0WZU1T","columns":[{"index":0,"name":"col0","values":["M/S Elfkungen","MV Gällnö","SS Thomée","Norrtelje (ship, 1900)","Motala Express","SS Mariefred","Freja af Fryken (ship, 1868)","Engelbrekt","Ejdern (ship, 1880)","Drotten (ship, 1927)","Alma af Stafre","MV Västan","MV Angantyr","Birger Jarl","S:t Erik","Sunnan (ship, 1968)","Nesøy","RMS Empress of Ireland","SS France","SS Champollion"]},{"index":1,"name":"col1","values":["24","31.3","26.93","44.2","35.66","32.84","20.26","21.4","22.39","56.5","17.27","31.38","23.16","92.4","38.57","28.66","108.3","172","315.53","171.2"]},{"index":2,"name":"col2","values":["5.08","8.7","4.85","8","6.63","6.33","4.15","4.45","4.26","9.34","3.78","5.91","5.35","14.25","6.18","6.08","30.9","20","33.8","19.2"]}]},"context":{"page_title":null,"page_url":null,"page_entity_id":null,"content_hierarchy":[]},"links":[[[{"start":0,"end":13,"url":null,"entity_id":"Q17374114","candidates":[]}],[],[]],[[{"start":0,"end":9,"url":null,"entity_id":"Q15661350","candidates":[]}],[],[]],[[{"start":0,"end":9,"url":null,"entity_id":"Q10659343","candidates":[]}],[],[]],[[{"start":0,"end":22,"url":null,"entity_id":"Q10659320","candidates":[]}],[],[]],[[{"start":0,"end":14,"url":null,"entity_id":"Q10659304","candidates":[]}],[],[]],[[{"start":0,"end":12,"url":null,"entity_id":"Q10659292","candidates":[]}],[],[]],[[{"start":0,"end":28,"url":null,"entity_id":"Q10659263","candidates":[]}],[],[]],[[{"start":0,"end":10,"url":null,"entity_id":"Q10659253","candidates":[]}],[],[]],[[{"start":0,"end":19,"url":null,"entity_id":"Q10659252","candidates":[]}],[],[]],[[{"start":0,"end":20,"url":null,"entity_id":"Q10659250","candidates":[]}],[],[]],[[{"start":0,"end":14,"url":null,"entity_id":"Q10659226","candidates":[]}],[],[]],[[{"start":0,"end":9,"url":null,"entity_id":"Q10573203","candidates":[]}],[],[]],[[{"start":0,"end":11,"url":null,"entity_id":"Q10573040","candidates":[]}],[],[]],[[{"start":0,"end":11,"url":null,"entity_id":"Q4357423","candidates":[]}],[],[]],[[{"start":0,"end":8,"url":null,"entity_id":"Q21856410","candidates":[]}],[],[]],[[{"start":0,"end":19,"url":null,"entity_id":"Q20205108","candidates":[]}],[],[]],[[{"start":0,"end":5,"url":null,"entity_id":"Q20111952","candidates":[]}],[],[]],[[{"start":0,"end":22,"url":null,"entity_id":"Q1339472","candidates":[]}],[],[]],[[{"start":0,"end":9,"url":null,"entity_id":"Q546607","candidates":[]}],[],[]],[[{"start":0,"end":14,"url":null,"entity_id":"Q32755","candidates":[]}],[],[]]]}