{"version":"1.2","table":{"version":"2","table_id":"S4DADV2U","columns":[{"index":0,"name":"col0","values":["Chiefs","The Stand","Jekyll","Jane Eyre","Into the West","Marco Polo","Masada","Merlin","Wild Palms","From the Earth to the Moon","Gulliver's Travels","Neverland","El Dorado","Vietnam","Earthsea","Roots","The Kennedys","House of Saddam","The Godfather Saga","Das verbotene Spiel"]},{"index":1,"name":"col1","values":["1","1","1","1","1","1","1","1","1","1","1","1","1","1","1","1","1","1","1","1"]},{"index":2,"name":"col2","values":["70","345","55","260","90","504","360","175","285","60","180","240","90","45","180","588","346","60","434","30"]},{"index":3,"name":"col3","values":["3","4","6","4","6","10","4","2","5","12","2","2","2","5","2","8","8","4","4","3"]}]},"context":{"page_title":null,"page_url":null,"page_entity_id":null,"content_hierarchy":[]},"links":[[[{"start":0,"end":9,"url":null,"entity_id":"Q1752538","candidates":[]}],[],[],[]],[[{"start":0,"end":6,"url":null,"entity_id":"Q1686621","candidates":[]}],[],[],[]],[[{"start":0,"end":9,"url":null,"entity_id":"Q1682597","candidates":[]}],[],[],[]],[[{"start":0,"end":13,"url":null,"entity_id":"Q1671533","candidates":[]}],[],[],[]],[[{"start":0,"end":10,"url":null,"entity_id":"Q1626134","candidates":[]}],[],[],[]],[[{"start":0,"end":6,"url":null,"entity_id":"Q1568835","candidates":[]}],[],[],[]],[[{"start":0,"end":6,"url":null,"entity_id":"Q1500095","candidates":[]}],[],[],[]],[[{"start":0,"end":10,"url":null,"entity_id":"Q1468113","candidates":[]}],[],[],[]],[[{"start":0,"end":26,"url":null,"entity_id":"Q1467607","candidates":[]}],[],[],[]],[[{"start":0,"end":18,"url":null,"entity_id":"Q1422237","candidates":[]}],[],[],[]],[[{"start":0,"end":9,"url":null,"entity_id":"Q1352415","candidates":[]}],[],[],[]],[[{"start":0,"end":9,"url":null,"entity_id":"Q1324081","candidates":[]}],[],[],[]],[[{"start":0,"end":7,"url":null,"entity_id":"Q1323430","candidates":[]}],[],[],[]],[[{"start":0,"end":8,"url":null,"entity_id":"Q1277687","candidates":[]}],[],[],[]],[[{"start":0,"end":5,"url":null,"entity_id":"Q1247168","candidates":[]}],[],[],[]],[[{"start":0,"end":12,"url":null,"entity_id":"Q1213817","candidates":[]}],[],[],[]],[[{"start":0,"end":15,"url":null,"entity_id":"Q1213550","candidates":[]}],[],[],[]],[[{"start":0,"end":18,"url":null,"entity_id":"Q1196157","candidates":[]}],[],[],[]],[[{"start":0,"end":19,"url":null,"entity_id":"Q1171666","candidates":[]}],[],[],[]],[[{"start":0,"end":6,"url":null,"entity_id":"Q1765081","candidates":[]}],[],[],[]]]}