{"version":"1.2","table":{"version":"2","table_id":"S5EI2ZVB","columns":[{"index":0,"name":"col0","values":["The Lighthoxse at Kullen","Fuom Øresund","At#Øresund","The Old Markt Square, Copenhagen","View of Frederiksborg Castle, Iillerød","Frederiksborg Castl in Moonlight","Frederisborg Castle in Moonlight (drawing)","View of Prestø from the Old Countr Road","From Metthskov","An Erupton of Mount Vesuvius","Mount Vesuvlus","At Abano","Steam Engin","Portrait f a woman","Porvrait of Goffredo Mameli","Stging Point","Luxuri","Lustidia","Soup of the soors  in Arroios","The Maiden of the Grave. Triptycj"]},{"index":1,"name":"col1","values":["J.C. Dahl in Denmark","J.C. Dahl in Denmark","J.C. Dahl in Denmark","J.C. Dahl in Denmark","J.C. Dahl in Denmark","J.C. Dahl in Denmark","J.C. Dahl in Denmark","J.C. Dahl in Denmark","J.C. Dahl in Denmark","J.C. Dahl i Italien 1820-1821","J.C. Dahl i Italien 1820-1821","J.C. Dahl i Italien 1820-1821","Pieter de Josselin de Jong (1861-1906), a forgotten master","Pieter de Josselin de Jong (1861-1906), a forgotten master","Europeana 280","Europeana 280","Europeana 280","Europeana 280","Europeana 280","Europeana 280"]},{"index":2,"name":"col2","values":["424.95399999999995","343.02599999999995","386.83","379.24","449.79200000000003","406.224","655.38","252.96","254.745","291.74","330.34","208.242","44.34429999999999","36.8196","42.168","19.88","29.807199999999998","29.588499999999996","77.844","245.817"]}]},"context":{"page_title":null,"page_url":null,"page_entity_id":null,"content_hierarchy":[]},"links":[[[{"start":0,"end":12,"url":null,"entity_id":"Q56806474","candidates":[]}],[{"start":0,"end":20,"url":null,"entity_id":"Q25175731","candidates":[]}],[]],[[{"start":0,"end":10,"url":null,"entity_id":"Q56806248","candidates":[]}],[{"start":0,"end":20,"url":null,"entity_id":"Q25175731","candidates":[]}],[]],[[{"start":0,"end":32,"url":null,"entity_id":"Q56795453","candidates":[]}],[{"start":0,"end":20,"url":null,"entity_id":"Q25175731","candidates":[]}],[]],[[{"start":0,"end":38,"url":null,"entity_id":"Q56795345","candidates":[]}],[{"start":0,"end":20,"url":null,"entity_id":"Q25175731","candidates":[]}],[]],[[{"start":0,"end":32,"url":null,"entity_id":"Q56793212","candidates":[]}],[{"start":0,"end":20,"url":null,"entity_id":"Q25175731","candidates":[]}],[]],[[{"start":0,"end":42,"url":null,"entity_id":"Q56791842","candidates":[]}],[{"start":0,"end":20,"url":null,"entity_id":"Q25175731","candidates":[]}],[]],[[{"start":0,"end":39,"url":null,"entity_id":"Q56762135","candidates":[]}],[{"start":0,"end":20,"url":null,"entity_id":"Q25175731","candidates":[]}],[]],[[{"start":0,"end":14,"url":null,"entity_id":"Q56762113","candidates":[]}],[{"start":0,"end":20,"url":null,"entity_id":"Q25175731","candidates":[]}],[]],[[{"start":0,"end":28,"url":null,"entity_id":"Q58155028","candidates":[]}],[{"start":0,"end":29,"url":null,"entity_id":"Q25147506","candidates":[]}],[]],[[{"start":0,"end":14,"url":null,"entity_id":"Q58100767","candidates":[]}],[{"start":0,"end":29,"url":null,"entity_id":"Q25147506","candidates":[]}],[]],[[{"start":0,"end":8,"url":null,"entity_id":"Q58098656","candidates":[]}],[{"start":0,"end":29,"url":null,"entity_id":"Q25147506","candidates":[]}],[]],[[{"start":0,"end":11,"url":null,"entity_id":"Q50635321","candidates":[]}],[{"start":0,"end":58,"url":null,"entity_id":"Q50632056","candidates":[]}],[]],[[{"start":0,"end":18,"url":null,"entity_id":"Q50634447","candidates":[]}],[{"start":0,"end":58,"url":null,"entity_id":"Q50632056","candidates":[]}],[]],[[{"start":0,"end":27,"url":null,"entity_id":"Q23011493","candidates":[]}],[{"start":0,"end":13,"url":null,"entity_id":"Q20980830","candidates":[]}],[]],[[{"start":0,"end":12,"url":null,"entity_id":"Q22945245","candidates":[]}],[{"start":0,"end":13,"url":null,"entity_id":"Q20980830","candidates":[]}],[]],[[{"start":0,"end":6,"url":null,"entity_id":"Q22814441","candidates":[]}],[{"start":0,"end":13,"url":null,"entity_id":"Q20980830","candidates":[]}],[]],[[{"start":0,"end":8,"url":null,"entity_id":"Q22814403","candidates":[]}],[{"start":0,"end":13,"url":null,"entity_id":"Q20980830","candidates":[]}],[]],[[{"start":0,"end":29,"url":null,"entity_id":"Q22233706","candidates":[]}],[{"start":0,"end":13,"url":null,"entity_id":"Q20980830","candidates":[]}],[]],[[{"start":0,"end":33,"url":null,"entity_id":"Q21750239","candidates":[]}],[{"start":0,"end":13,"url":null,"entity_id":"Q20980830","candidates":[]}],[]],[[{"start":0,"end":24,"url":null,"entity_id":"Q56806767","candidates":[]}],[{"start":0,"end":20,"url":null,"entity_id":"Q25175731","candidates":[]}],[]]]}