{"version":"1.2","table":{"version":"2","table_id":"S5WRR6US","columns":[{"index":0,"name":"col0","values":["uubidium-85","kryptoq-84","tin/119","xenpn-132","ti-118","niekel-60","ealcium-43","magnesium-54","ziconium-90","kypton-80","nodymium-143","sulfu-33","cadmium-113","germdium-72","europium-15","potasium-39","neo-22","argon/36","molybdenm-98","in-117","plladlum-404","scandium-65","neon-30","enon-128","vaadium-51","crgon-40","olybdenum-96"]},{"index":1,"name":"col1","values":["-1.008","1.004","1.007","1.001","0.994","1.001","-0.991","1.007","0.997","1.004","-1.01","0.995","1.001","1.006","0.994","0.996","1.009","1.007","1.001","1.003","1.007","-0.999","0.995","1.006","-1.01","0.99","0.995"]},{"index":2,"name":"col2","values":["0.7267518999999999","0.56588091","0.0865872","0.269624172","0.2407468","0.26432784000000004","0.0013581","0.7899","0.5150144999999999","0.022699979999999998","0.12100956","0.007567499999999999","0.24202389999999996","0.2764215","0.5172029","0.9335135809999999","0.09324","0.003336","0.2424366","0.1459816","0.112514","0.992","0.9111336","0.019197509999999997","1.003485","0.9860746499999999","0.16720009999999996"]},{"index":3,"name":"col3","values":["37.074","36.288","50.1","53.622","49.75","28.28","20.099999999999998","11.988","40.16","35.856","59.88","15.936","48.239999999999995","31.904","62.559","18.962","9.98","18.0","41.748","50.4","46.184","21.042","9.95","54.0","22.793","17.892","41.706"]}]},"context":{"page_title":null,"page_url":null,"page_entity_id":null,"content_hierarchy":[]},"links":[[[{"start":0,"end":10,"url":null,"entity_id":"Q2163590","candidates":[]}],[],[],[]],[[{"start":0,"end":7,"url":null,"entity_id":"Q2140731","candidates":[]}],[],[],[]],[[{"start":0,"end":9,"url":null,"entity_id":"Q2125594","candidates":[]}],[],[],[]],[[{"start":0,"end":6,"url":null,"entity_id":"Q2122600","candidates":[]}],[],[],[]],[[{"start":0,"end":9,"url":null,"entity_id":"Q2103496","candidates":[]}],[],[],[]],[[{"start":0,"end":10,"url":null,"entity_id":"Q2103298","candidates":[]}],[],[],[]],[[{"start":0,"end":12,"url":null,"entity_id":"Q2096096","candidates":[]}],[],[],[]],[[{"start":0,"end":11,"url":null,"entity_id":"Q2090546","candidates":[]}],[],[],[]],[[{"start":0,"end":9,"url":null,"entity_id":"Q2071481","candidates":[]}],[],[],[]],[[{"start":0,"end":12,"url":null,"entity_id":"Q2064444","candidates":[]}],[],[],[]],[[{"start":0,"end":8,"url":null,"entity_id":"Q2055815","candidates":[]}],[],[],[]],[[{"start":0,"end":11,"url":null,"entity_id":"Q2040848","candidates":[]}],[],[],[]],[[{"start":0,"end":11,"url":null,"entity_id":"Q2035731","candidates":[]}],[],[],[]],[[{"start":0,"end":11,"url":null,"entity_id":"Q2027407","candidates":[]}],[],[],[]],[[{"start":0,"end":11,"url":null,"entity_id":"Q2023226","candidates":[]}],[],[],[]],[[{"start":0,"end":6,"url":null,"entity_id":"Q2021125","candidates":[]}],[],[],[]],[[{"start":0,"end":8,"url":null,"entity_id":"Q2019992","candidates":[]}],[],[],[]],[[{"start":0,"end":12,"url":null,"entity_id":"Q2019439","candidates":[]}],[],[],[]],[[{"start":0,"end":6,"url":null,"entity_id":"Q1995851","candidates":[]}],[],[],[]],[[{"start":0,"end":12,"url":null,"entity_id":"Q1978569","candidates":[]}],[],[],[]],[[{"start":0,"end":11,"url":null,"entity_id":"Q1975917","candidates":[]}],[],[],[]],[[{"start":0,"end":7,"url":null,"entity_id":"Q1956685","candidates":[]}],[],[],[]],[[{"start":0,"end":8,"url":null,"entity_id":"Q1953543","candidates":[]}],[],[],[]],[[{"start":0,"end":10,"url":null,"entity_id":"Q1931262","candidates":[]}],[],[],[]],[[{"start":0,"end":8,"url":null,"entity_id":"Q1929004","candidates":[]}],[],[],[]],[[{"start":0,"end":12,"url":null,"entity_id":"Q1928853","candidates":[]}],[],[],[]],[[{"start":0,"end":11,"url":null,"entity_id":"Q2171949","candidates":[]}],[],[],[]]]}