{"version":"1.2","table":{"version":"2","table_id":"S63167CU","columns":[{"index":0,"name":"col0","values":["Pipewell Abbey","Hulton Abbey","Jedburgh Abbey","Herrevad Abbey","Augustijnenabdij Zonnebeke","Abbaye Saint-Magloire","Badia San Savino","Abadía de Viaceli","Holmcultram Abbey","Mount St Bernard Abbey","Abbaye de Saint-Laurent de Liège","Latrun Abbey","Cambuskenneth Abbey","St. Benedictusberg Abbey","St Mary's Abbey, Kenilworth","Godstow Abbey: a Benedictine nunnery, associated earthworks, leats and bridge, immediately south of Godstow Bridge","Padise Abbey","Zaraka Monastery","Scone Abbey","Kloster in der Au"]},{"index":1,"name":"col1","values":["Rushton","City of Stoke-on-Trent","Scottish Borders","Klippan Municipality","Zonnebeke","Paris","Cascina","Alfoz de Lloredo","Holme Abbey","North West Leicestershire","Liège","Mateh Binyamin Regional Council","Stirling","Vaals","Warwick","Oxford","Lääne-Harju Rural Municipality","Sikyona Municipality","Perth and Kinross","Canton of Schwyz"]},{"index":2,"name":"col2","values":["Pipewell","Abbey Hulton","Jedburgh","Ljungbyhed","Zonnebeke","Paris","Montione","Cóbreces","Abbeytown","Coalville","Saint-Laurent","Latrun","Stirling","Lemiers","Kenilworth","Godstow","Padise","Stymfalia","Scone","Trachslau"]}]},"context":{"page_title":null,"page_url":null,"page_entity_id":null,"content_hierarchy":[]},"links":[[[{"start":0,"end":12,"url":null,"entity_id":"Q1334635","candidates":[]}],[{"start":0,"end":22,"url":null,"entity_id":"Q21891722","candidates":[]}],[{"start":0,"end":12,"url":null,"entity_id":"Q4664035","candidates":[]}]],[[{"start":0,"end":14,"url":null,"entity_id":"Q1344789","candidates":[]}],[{"start":0,"end":16,"url":null,"entity_id":"Q211113","candidates":[]}],[{"start":0,"end":8,"url":null,"entity_id":"Q1012401","candidates":[]}]],[[{"start":0,"end":14,"url":null,"entity_id":"Q1335155","candidates":[]}],[{"start":0,"end":20,"url":null,"entity_id":"Q504614","candidates":[]}],[{"start":0,"end":10,"url":null,"entity_id":"Q776830","candidates":[]}]],[[{"start":0,"end":26,"url":null,"entity_id":"Q23304488","candidates":[]}],[{"start":0,"end":9,"url":null,"entity_id":"Q214154","candidates":[]}],[{"start":0,"end":9,"url":null,"entity_id":"Q31596665","candidates":[]}]],[[{"start":0,"end":21,"url":null,"entity_id":"Q24342838","candidates":[]}],[{"start":0,"end":5,"url":null,"entity_id":"Q90","candidates":[]}],[{"start":0,"end":5,"url":null,"entity_id":"Q90","candidates":[]}]],[[{"start":0,"end":16,"url":null,"entity_id":"Q3603248","candidates":[]}],[{"start":0,"end":7,"url":null,"entity_id":"Q103049","candidates":[]}],[{"start":0,"end":8,"url":null,"entity_id":"Q19060545","candidates":[]}]],[[{"start":0,"end":17,"url":null,"entity_id":"Q5654657","candidates":[]}],[{"start":0,"end":16,"url":null,"entity_id":"Q1391437","candidates":[]}],[{"start":0,"end":8,"url":null,"entity_id":"Q5677291","candidates":[]}]],[[{"start":0,"end":17,"url":null,"entity_id":"Q5883306","candidates":[]}],[{"start":0,"end":11,"url":null,"entity_id":"Q19824420","candidates":[]}],[{"start":0,"end":9,"url":null,"entity_id":"Q2170405","candidates":[]}]],[[{"start":0,"end":22,"url":null,"entity_id":"Q6923815","candidates":[]}],[{"start":0,"end":25,"url":null,"entity_id":"Q1853930","candidates":[]}],[{"start":0,"end":9,"url":null,"entity_id":"Q955589","candidates":[]}]],[[{"start":0,"end":32,"url":null,"entity_id":"Q2820390","candidates":[]}],[{"start":0,"end":5,"url":null,"entity_id":"Q3992","candidates":[]}],[{"start":0,"end":13,"url":null,"entity_id":"Q3462714","candidates":[]}]],[[{"start":0,"end":12,"url":null,"entity_id":"Q18050445","candidates":[]}],[{"start":0,"end":31,"url":null,"entity_id":"Q2116715","candidates":[]}],[{"start":0,"end":6,"url":null,"entity_id":"Q1670976","candidates":[]}]],[[{"start":0,"end":19,"url":null,"entity_id":"Q1028378","candidates":[]}],[{"start":0,"end":8,"url":null,"entity_id":"Q217838","candidates":[]}],[{"start":0,"end":8,"url":null,"entity_id":"Q182923","candidates":[]}]],[[{"start":0,"end":24,"url":null,"entity_id":"Q2820746","candidates":[]}],[{"start":0,"end":5,"url":null,"entity_id":"Q9768","candidates":[]}],[{"start":0,"end":7,"url":null,"entity_id":"Q325180","candidates":[]}]],[[{"start":0,"end":27,"url":null,"entity_id":"Q7594236","candidates":[]}],[{"start":0,"end":7,"url":null,"entity_id":"Q611294","candidates":[]}],[{"start":0,"end":10,"url":null,"entity_id":"Q2281103","candidates":[]}]],[[{"start":0,"end":114,"url":null,"entity_id":"Q17663596","candidates":[]}],[{"start":0,"end":6,"url":null,"entity_id":"Q34217","candidates":[]}],[{"start":0,"end":7,"url":null,"entity_id":"Q550373","candidates":[]}]],[[{"start":0,"end":12,"url":null,"entity_id":"Q1435315","candidates":[]}],[{"start":0,"end":30,"url":null,"entity_id":"Q42309166","candidates":[]}],[{"start":0,"end":6,"url":null,"entity_id":"Q3044083","candidates":[]}]],[[{"start":0,"end":16,"url":null,"entity_id":"Q1629008","candidates":[]}],[{"start":0,"end":20,"url":null,"entity_id":"Q2634089","candidates":[]}],[{"start":0,"end":9,"url":null,"entity_id":"Q1021642","candidates":[]}]],[[{"start":0,"end":11,"url":null,"entity_id":"Q1627594","candidates":[]}],[{"start":0,"end":17,"url":null,"entity_id":"Q207679","candidates":[]}],[{"start":0,"end":5,"url":null,"entity_id":"Q852883","candidates":[]}]],[[{"start":0,"end":17,"url":null,"entity_id":"Q1588861","candidates":[]}],[{"start":0,"end":16,"url":null,"entity_id":"Q12433","candidates":[]}],[{"start":0,"end":9,"url":null,"entity_id":"Q628636","candidates":[]}]],[[{"start":0,"end":14,"url":null,"entity_id":"Q1362788","candidates":[]}],[{"start":0,"end":7,"url":null,"entity_id":"Q2896522","candidates":[]}],[{"start":0,"end":8,"url":null,"entity_id":"Q7197406","candidates":[]}]]]}