{"version":"1.2","table":{"version":"2","table_id":"S6E9ELYS","columns":[{"index":0,"name":"col0","values":["MMB G019.701-00.267","MMB G327.402+00.445","MMB G018.262-00.244","MMB G320.414+00.109","MMB G313.994-00.084","MMB G019.009-00.029","MMB G327.618-00.111","MMB G010.320-00.259","MMB G007.632-00.109","MMB G331.556-00.121","MMB G014.604+00.017","MMB G330.283+00.493","MMB G332.364+00.607","MMB G326.448-00.748","MMB G327.710-00.394","MMB G018.460-00.004","MMB G014.490+00.014","MMB G013.713-00.083","MMB G319.836-00.197","MMB G017.029-00.071"]},{"index":1,"name":"col1","values":["3.43","5","11.34","12.77","11.47","4.37","8.78","12.75","9.02","10","2.78","5.72","3","4.25","4.77","4.07","2.55","4.33","0.81","10.44"]},{"index":2,"name":"col2","values":["276.981333","237.33125","276.27375","227.388917","216.12825","276.436583","238.20925","272.347083","270.798458","243.113375","274.2546663618321","240.929417","243.256083","237.327625","238.637417","276.151417","274.20025","273.904125","226.727708","275.5218627787602"]}]},"context":{"page_title":null,"page_url":null,"page_entity_id":null,"content_hierarchy":[]},"links":[[[{"start":0,"end":19,"url":null,"entity_id":"Q85482986","candidates":[]}],[],[]],[[{"start":0,"end":19,"url":null,"entity_id":"Q85482980","candidates":[]}],[],[]],[[{"start":0,"end":19,"url":null,"entity_id":"Q85482978","candidates":[]}],[],[]],[[{"start":0,"end":19,"url":null,"entity_id":"Q85482974","candidates":[]}],[],[]],[[{"start":0,"end":19,"url":null,"entity_id":"Q85482966","candidates":[]}],[],[]],[[{"start":0,"end":19,"url":null,"entity_id":"Q85482960","candidates":[]}],[],[]],[[{"start":0,"end":19,"url":null,"entity_id":"Q85482953","candidates":[]}],[],[]],[[{"start":0,"end":19,"url":null,"entity_id":"Q85482950","candidates":[]}],[],[]],[[{"start":0,"end":19,"url":null,"entity_id":"Q85482949","candidates":[]}],[],[]],[[{"start":0,"end":19,"url":null,"entity_id":"Q85482940","candidates":[]}],[],[]],[[{"start":0,"end":19,"url":null,"entity_id":"Q85482936","candidates":[]}],[],[]],[[{"start":0,"end":19,"url":null,"entity_id":"Q85482934","candidates":[]}],[],[]],[[{"start":0,"end":19,"url":null,"entity_id":"Q85482928","candidates":[]}],[],[]],[[{"start":0,"end":19,"url":null,"entity_id":"Q85482924","candidates":[]}],[],[]],[[{"start":0,"end":19,"url":null,"entity_id":"Q85482919","candidates":[]}],[],[]],[[{"start":0,"end":19,"url":null,"entity_id":"Q85482914","candidates":[]}],[],[]],[[{"start":0,"end":19,"url":null,"entity_id":"Q85482913","candidates":[]}],[],[]],[[{"start":0,"end":19,"url":null,"entity_id":"Q85482909","candidates":[]}],[],[]],[[{"start":0,"end":19,"url":null,"entity_id":"Q85482905","candidates":[]}],[],[]],[[{"start":0,"end":19,"url":null,"entity_id":"Q85482991","candidates":[]}],[],[]]]}