{"version":"1.2","table":{"version":"2","table_id":"S6EBT4EP","columns":[{"index":0,"name":"col0","values":["arrondissement of Le Mans","arrondissement of Briançon","arrondissement of Briey","arrondissement of Béthune","arrondissement of Brignoles","arrondissement of Brest","arrondissement of Caen","arrondissement of Brive-la-Gaillarde","arrondissement of Châlons-en-Champagne","arrondissement of Lure","arrondissement of Nantes","arrondissement of Limoges","arrondissement of Senlis","arrondissement of Bonneville","arrondissement of Saint-Brieuc","arrondissement of Vannes","arrondissement of Saint-Jean-de-Maurienne","arrondissement of Saint-Dié-des-Vosges","arrondissement of Cayenne","arrondissement of Saint-Dizier"]},{"index":1,"name":"col1","values":["France","France","France","France","France","France","France","France","France","France","France","France","France","France","France","France","France","France","France","France"]},{"index":2,"name":"col2","values":["Le Mans","canton of Le Monêtier-les-Bains","canton of Briey","canton of Béthune-Nord","canton of Saint-Maximin-la-Sainte-Baume","Gouesnou","Caen","Brive-la-Gaillarde","canton of Marson","canton of Luxeuil-les-Bains","canton of Machecoul","canton of Pierre-Buffière","Chantilly","Chamonix-Mont-Blanc","canton of Uzel","canton of Vannes-Ouest","canton of Saint-Michel-de-Maurienne","canton of Gérardmer","Canton of Macouria","canton of Wassy"]}]},"context":{"page_title":null,"page_url":null,"page_entity_id":null,"content_hierarchy":[]},"links":[[[{"start":0,"end":26,"url":null,"entity_id":"Q700744","candidates":[]}],[{"start":0,"end":6,"url":null,"entity_id":"Q142","candidates":[]}],[{"start":0,"end":31,"url":null,"entity_id":"Q1348339","candidates":[]}]],[[{"start":0,"end":23,"url":null,"entity_id":"Q700748","candidates":[]}],[{"start":0,"end":6,"url":null,"entity_id":"Q142","candidates":[]}],[{"start":0,"end":15,"url":null,"entity_id":"Q960560","candidates":[]}]],[[{"start":0,"end":25,"url":null,"entity_id":"Q700778","candidates":[]}],[{"start":0,"end":6,"url":null,"entity_id":"Q142","candidates":[]}],[{"start":0,"end":22,"url":null,"entity_id":"Q580777","candidates":[]}]],[[{"start":0,"end":27,"url":null,"entity_id":"Q700755","candidates":[]}],[{"start":0,"end":6,"url":null,"entity_id":"Q142","candidates":[]}],[{"start":0,"end":39,"url":null,"entity_id":"Q527852","candidates":[]}]],[[{"start":0,"end":23,"url":null,"entity_id":"Q700737","candidates":[]}],[{"start":0,"end":6,"url":null,"entity_id":"Q142","candidates":[]}],[{"start":0,"end":8,"url":null,"entity_id":"Q328777","candidates":[]}]],[[{"start":0,"end":22,"url":null,"entity_id":"Q700794","candidates":[]}],[{"start":0,"end":6,"url":null,"entity_id":"Q142","candidates":[]}],[{"start":0,"end":4,"url":null,"entity_id":"Q41185","candidates":[]}]],[[{"start":0,"end":36,"url":null,"entity_id":"Q700768","candidates":[]}],[{"start":0,"end":6,"url":null,"entity_id":"Q142","candidates":[]}],[{"start":0,"end":18,"url":null,"entity_id":"Q6393","candidates":[]}]],[[{"start":0,"end":38,"url":null,"entity_id":"Q585380","candidates":[]}],[{"start":0,"end":6,"url":null,"entity_id":"Q142","candidates":[]}],[{"start":0,"end":16,"url":null,"entity_id":"Q1515847","candidates":[]}]],[[{"start":0,"end":22,"url":null,"entity_id":"Q589467","candidates":[]}],[{"start":0,"end":6,"url":null,"entity_id":"Q142","candidates":[]}],[{"start":0,"end":27,"url":null,"entity_id":"Q587976","candidates":[]}]],[[{"start":0,"end":24,"url":null,"entity_id":"Q596603","candidates":[]}],[{"start":0,"end":6,"url":null,"entity_id":"Q142","candidates":[]}],[{"start":0,"end":19,"url":null,"entity_id":"Q477947","candidates":[]}]],[[{"start":0,"end":25,"url":null,"entity_id":"Q597652","candidates":[]}],[{"start":0,"end":6,"url":null,"entity_id":"Q142","candidates":[]}],[{"start":0,"end":25,"url":null,"entity_id":"Q178853","candidates":[]}]],[[{"start":0,"end":24,"url":null,"entity_id":"Q596974","candidates":[]}],[{"start":0,"end":6,"url":null,"entity_id":"Q142","candidates":[]}],[{"start":0,"end":9,"url":null,"entity_id":"Q126675","candidates":[]}]],[[{"start":0,"end":28,"url":null,"entity_id":"Q588823","candidates":[]}],[{"start":0,"end":6,"url":null,"entity_id":"Q142","candidates":[]}],[{"start":0,"end":19,"url":null,"entity_id":"Q83236","candidates":[]}]],[[{"start":0,"end":30,"url":null,"entity_id":"Q586597","candidates":[]}],[{"start":0,"end":6,"url":null,"entity_id":"Q142","candidates":[]}],[{"start":0,"end":14,"url":null,"entity_id":"Q26900","candidates":[]}]],[[{"start":0,"end":24,"url":null,"entity_id":"Q659331","candidates":[]}],[{"start":0,"end":6,"url":null,"entity_id":"Q142","candidates":[]}],[{"start":0,"end":22,"url":null,"entity_id":"Q1399277","candidates":[]}]],[[{"start":0,"end":41,"url":null,"entity_id":"Q665242","candidates":[]}],[{"start":0,"end":6,"url":null,"entity_id":"Q142","candidates":[]}],[{"start":0,"end":35,"url":null,"entity_id":"Q660742","candidates":[]}]],[[{"start":0,"end":38,"url":null,"entity_id":"Q669792","candidates":[]}],[{"start":0,"end":6,"url":null,"entity_id":"Q142","candidates":[]}],[{"start":0,"end":19,"url":null,"entity_id":"Q637558","candidates":[]}]],[[{"start":0,"end":25,"url":null,"entity_id":"Q672744","candidates":[]}],[{"start":0,"end":6,"url":null,"entity_id":"Q142","candidates":[]}],[{"start":0,"end":18,"url":null,"entity_id":"Q601541","candidates":[]}]],[[{"start":0,"end":30,"url":null,"entity_id":"Q669949","candidates":[]}],[{"start":0,"end":6,"url":null,"entity_id":"Q142","candidates":[]}],[{"start":0,"end":15,"url":null,"entity_id":"Q549804","candidates":[]}]],[[{"start":0,"end":25,"url":null,"entity_id":"Q701439","candidates":[]}],[{"start":0,"end":6,"url":null,"entity_id":"Q142","candidates":[]}],[{"start":0,"end":7,"url":null,"entity_id":"Q1476","candidates":[]}]]]}