{"version":"1.2","table":{"version":"2","table_id":"S6RYCPCW","columns":[{"index":0,"name":"col0","values":["Mdlangen","Ravland","Øvre Sandsvçr","Tilleu","Songealen","Berg","Søgne","Audneal","Hof","Frei","Movik","Re","Bø","Kvalvund","Rissa","Lekuvik","Manardal","Nøtterøz","Sande","Asker"]},{"index":1,"name":"col1","values":["1871/01/01","1860/01/01","1908/01/01","1899/01/01","1964/01/01","1837/01/01","1837/01/01","1964/01/01","1838/01/01","1838/01/01","1867/01/01","2002/01/01","1838/01/01","1869/07/01","1860/01/01","1838/01/01","1964/01/01","1837/01/01","1838/01/01","1837/01/01"]},{"index":2,"name":"col2","values":["2066.232","1660.9679999999998","2486.176","3573.43","6457.514","908.595","11158.66","1757.0","3134.533","5268.726","803.152","9370.360999999999","6088.798","1044.3149999999998","6644.0","3559.248","2283.13","21642.621","9204.03","60707.06"]}]},"context":{"page_title":null,"page_url":null,"page_entity_id":null,"content_hierarchy":[]},"links":[[[{"start":0,"end":7,"url":null,"entity_id":"Q1772845","candidates":[]}],[],[]],[[{"start":0,"end":13,"url":null,"entity_id":"Q1771007","candidates":[]}],[],[]],[[{"start":0,"end":6,"url":null,"entity_id":"Q1006463","candidates":[]}],[],[]],[[{"start":0,"end":9,"url":null,"entity_id":"Q505956","candidates":[]}],[],[]],[[{"start":0,"end":4,"url":null,"entity_id":"Q503912","candidates":[]}],[],[]],[[{"start":0,"end":5,"url":null,"entity_id":"Q501401","candidates":[]}],[],[]],[[{"start":0,"end":7,"url":null,"entity_id":"Q499842","candidates":[]}],[],[]],[[{"start":0,"end":3,"url":null,"entity_id":"Q499786","candidates":[]}],[],[]],[[{"start":0,"end":4,"url":null,"entity_id":"Q499711","candidates":[]}],[],[]],[[{"start":0,"end":5,"url":null,"entity_id":"Q499704","candidates":[]}],[],[]],[[{"start":0,"end":2,"url":null,"entity_id":"Q499570","candidates":[]}],[],[]],[[{"start":0,"end":2,"url":null,"entity_id":"Q499450","candidates":[]}],[],[]],[[{"start":0,"end":8,"url":null,"entity_id":"Q493007","candidates":[]}],[],[]],[[{"start":0,"end":5,"url":null,"entity_id":"Q488157","candidates":[]}],[],[]],[[{"start":0,"end":7,"url":null,"entity_id":"Q389371","candidates":[]}],[],[]],[[{"start":0,"end":8,"url":null,"entity_id":"Q378704","candidates":[]}],[],[]],[[{"start":0,"end":8,"url":null,"entity_id":"Q206469","candidates":[]}],[],[]],[[{"start":0,"end":5,"url":null,"entity_id":"Q183029","candidates":[]}],[],[]],[[{"start":0,"end":5,"url":null,"entity_id":"Q56869","candidates":[]}],[],[]],[[{"start":0,"end":8,"url":null,"entity_id":"Q3199039","candidates":[]}],[],[]]]}