{"version":"1.2","table":{"version":"2","table_id":"S71C5WKU","columns":[{"index":0,"name":"col0","values":["Providence Painte","Tarporley ainter","Soikros","M Qotter","Master of Saint Veronida","Bedfor Master","Painter of Doston CA","Painter of the Aachen horsekead","Group of!Walters 48.42","Bellerophon ainter","Antimens Pinter","Sapho Painter","Aberdeen panter","Splanchopt Painter","Mster of François de Rohan","Mastr of the Parement","Ptoon Panter","Adelide-S. Prisco Painter","Painter of Adria B00","Adria Painte"]},{"index":1,"name":"col1","values":["Classical Athens","Apulia","Classical Athens","Classical Athens","Germany","France","Classical Athens","Classical Athens","Classical Athens","Classical Athens","Classical Athens","Classical Athens","Classical Athens","Classical Athens","France","France","Classical Athens","Capua","Classical Athens","Classical Athens"]},{"index":2,"name":"col2","values":["art of Classical Greece","art of Classical Greece","Pioneer Group","severe style","International Gothic","International Gothic","archaic sculpture","archaic sculpture","archaic sculpture","archaic sculpture","archaic sculpture","black-figure pottery","art of Classical Greece","art of Classical Greece","French Renaissance","International Gothic","archaic sculpture","art of Classical Greece","art of Classical Greece","archaic sculpture"]}]},"context":{"page_title":null,"page_url":null,"page_entity_id":null,"content_hierarchy":[]},"links":[[[{"start":0,"end":16,"url":null,"entity_id":"Q353664","candidates":[]}],[{"start":0,"end":6,"url":null,"entity_id":"Q1447","candidates":[]}],[{"start":0,"end":23,"url":null,"entity_id":"Q16064885","candidates":[]}]],[[{"start":0,"end":7,"url":null,"entity_id":"Q510558","candidates":[]}],[{"start":0,"end":16,"url":null,"entity_id":"Q844930","candidates":[]}],[{"start":0,"end":13,"url":null,"entity_id":"Q2096208","candidates":[]}]],[[{"start":0,"end":8,"url":null,"entity_id":"Q1880734","candidates":[]}],[{"start":0,"end":16,"url":null,"entity_id":"Q844930","candidates":[]}],[{"start":0,"end":12,"url":null,"entity_id":"Q1777842","candidates":[]}]],[[{"start":0,"end":24,"url":null,"entity_id":"Q506381","candidates":[]}],[{"start":0,"end":7,"url":null,"entity_id":"Q183","candidates":[]}],[{"start":0,"end":20,"url":null,"entity_id":"Q867769","candidates":[]}]],[[{"start":0,"end":13,"url":null,"entity_id":"Q726437","candidates":[]}],[{"start":0,"end":6,"url":null,"entity_id":"Q142","candidates":[]}],[{"start":0,"end":20,"url":null,"entity_id":"Q867769","candidates":[]}]],[[{"start":0,"end":20,"url":null,"entity_id":"Q1887206","candidates":[]}],[{"start":0,"end":16,"url":null,"entity_id":"Q844930","candidates":[]}],[{"start":0,"end":17,"url":null,"entity_id":"Q632355","candidates":[]}]],[[{"start":0,"end":31,"url":null,"entity_id":"Q1887166","candidates":[]}],[{"start":0,"end":16,"url":null,"entity_id":"Q844930","candidates":[]}],[{"start":0,"end":17,"url":null,"entity_id":"Q632355","candidates":[]}]],[[{"start":0,"end":22,"url":null,"entity_id":"Q1550997","candidates":[]}],[{"start":0,"end":16,"url":null,"entity_id":"Q844930","candidates":[]}],[{"start":0,"end":17,"url":null,"entity_id":"Q632355","candidates":[]}]],[[{"start":0,"end":18,"url":null,"entity_id":"Q815917","candidates":[]}],[{"start":0,"end":16,"url":null,"entity_id":"Q844930","candidates":[]}],[{"start":0,"end":17,"url":null,"entity_id":"Q632355","candidates":[]}]],[[{"start":0,"end":15,"url":null,"entity_id":"Q577906","candidates":[]}],[{"start":0,"end":16,"url":null,"entity_id":"Q844930","candidates":[]}],[{"start":0,"end":17,"url":null,"entity_id":"Q632355","candidates":[]}]],[[{"start":0,"end":13,"url":null,"entity_id":"Q1354018","candidates":[]}],[{"start":0,"end":16,"url":null,"entity_id":"Q844930","candidates":[]}],[{"start":0,"end":20,"url":null,"entity_id":"Q629602","candidates":[]}]],[[{"start":0,"end":15,"url":null,"entity_id":"Q18670007","candidates":[]}],[{"start":0,"end":16,"url":null,"entity_id":"Q844930","candidates":[]}],[{"start":0,"end":23,"url":null,"entity_id":"Q16064885","candidates":[]}]],[[{"start":0,"end":18,"url":null,"entity_id":"Q2311717","candidates":[]}],[{"start":0,"end":16,"url":null,"entity_id":"Q844930","candidates":[]}],[{"start":0,"end":23,"url":null,"entity_id":"Q16064885","candidates":[]}]],[[{"start":0,"end":26,"url":null,"entity_id":"Q19955927","candidates":[]}],[{"start":0,"end":6,"url":null,"entity_id":"Q142","candidates":[]}],[{"start":0,"end":18,"url":null,"entity_id":"Q2349908","candidates":[]}]],[[{"start":0,"end":21,"url":null,"entity_id":"Q2070677","candidates":[]}],[{"start":0,"end":6,"url":null,"entity_id":"Q142","candidates":[]}],[{"start":0,"end":20,"url":null,"entity_id":"Q867769","candidates":[]}]],[[{"start":0,"end":12,"url":null,"entity_id":"Q2116263","candidates":[]}],[{"start":0,"end":16,"url":null,"entity_id":"Q844930","candidates":[]}],[{"start":0,"end":17,"url":null,"entity_id":"Q632355","candidates":[]}]],[[{"start":0,"end":25,"url":null,"entity_id":"Q55526271","candidates":[]}],[{"start":0,"end":5,"url":null,"entity_id":"Q55526321","candidates":[]}],[{"start":0,"end":23,"url":null,"entity_id":"Q16064885","candidates":[]}]],[[{"start":0,"end":20,"url":null,"entity_id":"Q63085856","candidates":[]}],[{"start":0,"end":16,"url":null,"entity_id":"Q844930","candidates":[]}],[{"start":0,"end":23,"url":null,"entity_id":"Q16064885","candidates":[]}]],[[{"start":0,"end":12,"url":null,"entity_id":"Q63066438","candidates":[]}],[{"start":0,"end":16,"url":null,"entity_id":"Q844930","candidates":[]}],[{"start":0,"end":17,"url":null,"entity_id":"Q632355","candidates":[]}]],[[{"start":0,"end":17,"url":null,"entity_id":"Q921867","candidates":[]}],[{"start":0,"end":16,"url":null,"entity_id":"Q844930","candidates":[]}],[{"start":0,"end":23,"url":null,"entity_id":"Q16064885","candidates":[]}]]]}