{"version":"1.2","table":{"version":"2","table_id":"S9ANQKNH","columns":[{"index":0,"name":"col0","values":["Leipziger Universitätschor","Mainzer Domchor","Meissner Kantorei 1961","Monteverdi-Chor Hamburg","Orpheus Kammerchor München","Reger-Chor","Kantorei der Stiftskirche Stuttgart","Gondwana Choirs","Oxford Camerata","Greek Byzantine Choir","Musica Ficta","EuropaChorAkademie","Chorus sine nomine","Vocal Concert Dresden","Kammerchor I Vocalisti","Dresdner Motettenchor","Dresdner Kammerchor","Württembergischer Kammerchor","Ensemble Vocal (Hamburg choir)","Norddeutscher Figuralchor"]},{"index":1,"name":"col1","values":["David Timm","Karsten Storck","Christfried Brödel","Gothart Stier","Gerd Guglhör","Gabriel Dessauer","Kay Johannsen","Lyn Williams","Jeremy Summerly","Lykourgos Angelopoulos","Bo Holten","Joshard Daus","Johannes Hiemetsberger","Peter Kopp","Hans-Joachim Lustig","Matthias Jung","Hans-Christoph Rademann","Dieter Kurz","Cornelius Trantow","Jörg Straube"]},{"index":2,"name":"col2","values":["Friedrich Rabenschlag","Wilhelm Emmanuel Freiherr von Ketteler","Erich Schmidt","Jürgen Jürgens","Gerd Guglhör","Gabriel Dessauer","Kay Johannsen","Lyn Williams","Jeremy Summerly","Lykourgos Angelopoulos","Bo Holten","Joshard Daus","Johannes Hiemetsberger","Peter Kopp","Hans-Joachim Lustig","Hans-Christoph Rademann","Hans-Christoph Rademann","Dieter Kurz","Cornelius Trantow","Jörg Straube"]},{"index":3,"name":"col3","values":["1926-01-01","1866-01-01","1961-01-01","1955-01-01","1982-01-01","1985-01-01","1994-01-01","1989-01-01","1984-01-01","1977-01-01","1996-01-01","1997-01-01","1991-01-01","2008-01-01","1991-01-01","1996-01-01","1985-01-01","1970-01-01","1994-01-01","1981-01-01"]}]},"context":{"page_title":null,"page_url":null,"page_entity_id":null,"content_hierarchy":[]},"links":[[[{"start":0,"end":15,"url":null,"entity_id":"Q1885718","candidates":[]}],[{"start":0,"end":14,"url":null,"entity_id":"Q1734480","candidates":[]}],[{"start":0,"end":38,"url":null,"entity_id":"Q626805","candidates":[]}],[]],[[{"start":0,"end":22,"url":null,"entity_id":"Q1588461","candidates":[]}],[{"start":0,"end":18,"url":null,"entity_id":"Q1078540","candidates":[]}],[{"start":0,"end":13,"url":null,"entity_id":"Q613193","candidates":[]}],[]],[[{"start":0,"end":23,"url":null,"entity_id":"Q1669621","candidates":[]}],[{"start":0,"end":13,"url":null,"entity_id":"Q1538782","candidates":[]}],[{"start":0,"end":14,"url":null,"entity_id":"Q110035","candidates":[]}],[]],[[{"start":0,"end":26,"url":null,"entity_id":"Q2031508","candidates":[]}],[{"start":0,"end":12,"url":null,"entity_id":"Q1510520","candidates":[]}],[{"start":0,"end":12,"url":null,"entity_id":"Q1510520","candidates":[]}],[]],[[{"start":0,"end":10,"url":null,"entity_id":"Q2137512","candidates":[]}],[{"start":0,"end":16,"url":null,"entity_id":"Q1489144","candidates":[]}],[{"start":0,"end":16,"url":null,"entity_id":"Q1489144","candidates":[]}],[]],[[{"start":0,"end":35,"url":null,"entity_id":"Q2359545","candidates":[]}],[{"start":0,"end":13,"url":null,"entity_id":"Q997722","candidates":[]}],[{"start":0,"end":13,"url":null,"entity_id":"Q997722","candidates":[]}],[]],[[{"start":0,"end":15,"url":null,"entity_id":"Q5581486","candidates":[]}],[{"start":0,"end":12,"url":null,"entity_id":"Q21553650","candidates":[]}],[{"start":0,"end":12,"url":null,"entity_id":"Q21553650","candidates":[]}],[]],[[{"start":0,"end":15,"url":null,"entity_id":"Q5408169","candidates":[]}],[{"start":0,"end":15,"url":null,"entity_id":"Q6181937","candidates":[]}],[{"start":0,"end":15,"url":null,"entity_id":"Q6181937","candidates":[]}],[]],[[{"start":0,"end":21,"url":null,"entity_id":"Q5601751","candidates":[]}],[{"start":0,"end":22,"url":null,"entity_id":"Q1718062","candidates":[]}],[{"start":0,"end":22,"url":null,"entity_id":"Q1718062","candidates":[]}],[]],[[{"start":0,"end":12,"url":null,"entity_id":"Q6942472","candidates":[]}],[{"start":0,"end":9,"url":null,"entity_id":"Q887393","candidates":[]}],[{"start":0,"end":9,"url":null,"entity_id":"Q887393","candidates":[]}],[]],[[{"start":0,"end":18,"url":null,"entity_id":"Q1375185","candidates":[]}],[{"start":0,"end":12,"url":null,"entity_id":"Q1708525","candidates":[]}],[{"start":0,"end":12,"url":null,"entity_id":"Q1708525","candidates":[]}],[]],[[{"start":0,"end":18,"url":null,"entity_id":"Q1076617","candidates":[]}],[{"start":0,"end":22,"url":null,"entity_id":"Q1697686","candidates":[]}],[{"start":0,"end":22,"url":null,"entity_id":"Q1697686","candidates":[]}],[]],[[{"start":0,"end":21,"url":null,"entity_id":"Q1466109","candidates":[]}],[{"start":0,"end":10,"url":null,"entity_id":"Q1677534","candidates":[]}],[{"start":0,"end":10,"url":null,"entity_id":"Q1677534","candidates":[]}],[]],[[{"start":0,"end":22,"url":null,"entity_id":"Q1170654","candidates":[]}],[{"start":0,"end":19,"url":null,"entity_id":"Q1577396","candidates":[]}],[{"start":0,"end":19,"url":null,"entity_id":"Q1577396","candidates":[]}],[]],[[{"start":0,"end":21,"url":null,"entity_id":"Q1258545","candidates":[]}],[{"start":0,"end":13,"url":null,"entity_id":"Q1910023","candidates":[]}],[{"start":0,"end":23,"url":null,"entity_id":"Q1576815","candidates":[]}],[]],[[{"start":0,"end":19,"url":null,"entity_id":"Q1258533","candidates":[]}],[{"start":0,"end":23,"url":null,"entity_id":"Q1576815","candidates":[]}],[{"start":0,"end":23,"url":null,"entity_id":"Q1576815","candidates":[]}],[]],[[{"start":0,"end":28,"url":null,"entity_id":"Q1290111","candidates":[]}],[{"start":0,"end":11,"url":null,"entity_id":"Q1222360","candidates":[]}],[{"start":0,"end":11,"url":null,"entity_id":"Q1222360","candidates":[]}],[]],[[{"start":0,"end":30,"url":null,"entity_id":"Q1344300","candidates":[]}],[{"start":0,"end":17,"url":null,"entity_id":"Q1133970","candidates":[]}],[{"start":0,"end":17,"url":null,"entity_id":"Q1133970","candidates":[]}],[]],[[{"start":0,"end":25,"url":null,"entity_id":"Q1997800","candidates":[]}],[{"start":0,"end":12,"url":null,"entity_id":"Q1715534","candidates":[]}],[{"start":0,"end":12,"url":null,"entity_id":"Q1715534","candidates":[]}],[]],[[{"start":0,"end":26,"url":null,"entity_id":"Q1815632","candidates":[]}],[{"start":0,"end":10,"url":null,"entity_id":"Q1176860","candidates":[]}],[{"start":0,"end":21,"url":null,"entity_id":"Q1461616","candidates":[]}],[]]]}