{"version":"1.2","table":{"version":"2","table_id":"SEAIB0CI","columns":[{"index":0,"name":"col0","values":["San Vicente","Usulután","Sonsonate","Nejapa","San Francisco Gotera","Soyapango","Acajutla","Panchimalco","El Divisadero","Ayutuxtepeque","Santa Ana","Delgado, San Salvador","Santa Tecla","Armenia, Sonsonate El Salvador","Santiago Texacuangos","San Miguel","Santiago Nonualco","Apopa","Antiguo Cuscatlán","Masahuat"]},{"index":1,"name":"col1","values":["267.25","2310.44","232.53","83.4","59.76","29.88","166.59","90","61.36","3.25","408.01","33.4","108.59","65.64","30.5","632.98","125.51","51.84","19.41","71.23"]},{"index":2,"name":"col2","values":["53213","378606","110501","881","21049","807","52359","2602","8021","277","270413","120200","135483","34912","215","218410","39887","131286","217","1313"]},{"index":3,"name":"col3","values":["573","90","246","456","301","648","26","599","274","700","665","620","931","350","817","129","122","404","849","387"]}]},"context":{"page_title":null,"page_url":null,"page_entity_id":null,"content_hierarchy":[]},"links":[[[{"start":0,"end":8,"url":null,"entity_id":"Q1018092","candidates":[]}],[],[],[]],[[{"start":0,"end":9,"url":null,"entity_id":"Q1014248","candidates":[]}],[],[],[]],[[{"start":0,"end":6,"url":null,"entity_id":"Q1003551","candidates":[]}],[],[],[]],[[{"start":0,"end":20,"url":null,"entity_id":"Q969396","candidates":[]}],[],[],[]],[[{"start":0,"end":9,"url":null,"entity_id":"Q956031","candidates":[]}],[],[],[]],[[{"start":0,"end":8,"url":null,"entity_id":"Q937292","candidates":[]}],[],[],[]],[[{"start":0,"end":11,"url":null,"entity_id":"Q927563","candidates":[]}],[],[],[]],[[{"start":0,"end":13,"url":null,"entity_id":"Q845966","candidates":[]}],[],[],[]],[[{"start":0,"end":13,"url":null,"entity_id":"Q793367","candidates":[]}],[],[],[]],[[{"start":0,"end":9,"url":null,"entity_id":"Q739664","candidates":[]}],[],[],[]],[[{"start":0,"end":21,"url":null,"entity_id":"Q723792","candidates":[]}],[],[],[]],[[{"start":0,"end":11,"url":null,"entity_id":"Q723246","candidates":[]}],[],[],[]],[[{"start":0,"end":30,"url":null,"entity_id":"Q682015","candidates":[]}],[],[],[]],[[{"start":0,"end":20,"url":null,"entity_id":"Q679112","candidates":[]}],[],[],[]],[[{"start":0,"end":10,"url":null,"entity_id":"Q672458","candidates":[]}],[],[],[]],[[{"start":0,"end":17,"url":null,"entity_id":"Q647944","candidates":[]}],[],[],[]],[[{"start":0,"end":5,"url":null,"entity_id":"Q619646","candidates":[]}],[],[],[]],[[{"start":0,"end":17,"url":null,"entity_id":"Q575756","candidates":[]}],[],[],[]],[[{"start":0,"end":8,"url":null,"entity_id":"Q372275","candidates":[]}],[],[],[]],[[{"start":0,"end":11,"url":null,"entity_id":"Q1094372","candidates":[]}],[],[],[]]]}