{"version":"1.2","table":{"version":"2","table_id":"SER7ZL23","columns":[{"index":0,"name":"col0","values":["Böda","Bäckebo","Borgholm","Arby","Algutsrum","Algutsboda","Alböke","Söndrum","Södra Mellby","Stora Råby","Kvidinge","Klippan","Hyby","Färlöv","Fjälkinge","Finja","Emmislöv","Ekeby","Djurröd","Degeberga"]},{"index":1,"name":"col1","values":["Borgholm Municipality","Nybro Municipality","Borgholm Municipality","Kalmar Municipality","Mörbylånga Municipality","Emmaboda Municipality","Borgholm Municipality","Halmstad Municipality","Simrishamn Municipality","Lund Municipality","Åstorp Municipality","Klippan Municipality","Svedala Municipality","Kristianstad Municipality","Kristianstad Municipality","Hässleholm Municipality","Östra Göinge Municipality","Bjuv Municipality","Kristianstad Municipality","Kristianstad Municipality"]},{"index":2,"name":"col2","values":["Böda parish","Bäckebo parish","Borgholms parish","Arby parish","Algutsrum parish","Algutsboda parish","Alböke parish","Söndrum parish","Södra Mellby","Stora Råby","Kvidinge parish","Parish of Klippan","Hyby parish","Färlöv parish","Fjälkinge församling","Finja parish","Emmislöv parish","Ekeby parish","Djurröds  parish","Degeberga  parish"]},{"index":3,"name":"col3","values":["Sweden","Sweden","Sweden","Sweden","Sweden","Sweden","Sweden","Sweden","Sweden","Sweden","Sweden","Sweden","Sweden","Sweden","Sweden","Sweden","Sweden","Sweden","Sweden","Sweden"]}]},"context":{"page_title":null,"page_url":null,"page_entity_id":null,"content_hierarchy":[]},"links":[[[{"start":0,"end":7,"url":null,"entity_id":"Q21566430","candidates":[]}],[{"start":0,"end":18,"url":null,"entity_id":"Q515318","candidates":[]}],[{"start":0,"end":14,"url":null,"entity_id":"Q10438394","candidates":[]}],[{"start":0,"end":6,"url":null,"entity_id":"Q34","candidates":[]}]],[[{"start":0,"end":8,"url":null,"entity_id":"Q21566428","candidates":[]}],[{"start":0,"end":21,"url":null,"entity_id":"Q509546","candidates":[]}],[{"start":0,"end":16,"url":null,"entity_id":"Q10433171","candidates":[]}],[{"start":0,"end":6,"url":null,"entity_id":"Q34","candidates":[]}]],[[{"start":0,"end":4,"url":null,"entity_id":"Q21566427","candidates":[]}],[{"start":0,"end":19,"url":null,"entity_id":"Q508153","candidates":[]}],[{"start":0,"end":11,"url":null,"entity_id":"Q10417120","candidates":[]}],[{"start":0,"end":6,"url":null,"entity_id":"Q34","candidates":[]}]],[[{"start":0,"end":9,"url":null,"entity_id":"Q21566426","candidates":[]}],[{"start":0,"end":23,"url":null,"entity_id":"Q514756","candidates":[]}],[{"start":0,"end":16,"url":null,"entity_id":"Q10405170","candidates":[]}],[{"start":0,"end":6,"url":null,"entity_id":"Q34","candidates":[]}]],[[{"start":0,"end":10,"url":null,"entity_id":"Q21566425","candidates":[]}],[{"start":0,"end":21,"url":null,"entity_id":"Q509452","candidates":[]}],[{"start":0,"end":17,"url":null,"entity_id":"Q10405166","candidates":[]}],[{"start":0,"end":6,"url":null,"entity_id":"Q34","candidates":[]}]],[[{"start":0,"end":6,"url":null,"entity_id":"Q21566424","candidates":[]}],[{"start":0,"end":21,"url":null,"entity_id":"Q509546","candidates":[]}],[{"start":0,"end":13,"url":null,"entity_id":"Q10404427","candidates":[]}],[{"start":0,"end":6,"url":null,"entity_id":"Q34","candidates":[]}]],[[{"start":0,"end":7,"url":null,"entity_id":"Q21566392","candidates":[]}],[{"start":0,"end":21,"url":null,"entity_id":"Q504692","candidates":[]}],[{"start":0,"end":14,"url":null,"entity_id":"Q9352844","candidates":[]}],[{"start":0,"end":6,"url":null,"entity_id":"Q34","candidates":[]}]],[[{"start":0,"end":12,"url":null,"entity_id":"Q21560374","candidates":[]}],[{"start":0,"end":23,"url":null,"entity_id":"Q504626","candidates":[]}],[{"start":0,"end":12,"url":null,"entity_id":"Q10688947","candidates":[]}],[{"start":0,"end":6,"url":null,"entity_id":"Q34","candidates":[]}]],[[{"start":0,"end":10,"url":null,"entity_id":"Q21560359","candidates":[]}],[{"start":0,"end":17,"url":null,"entity_id":"Q505018","candidates":[]}],[{"start":0,"end":10,"url":null,"entity_id":"Q10681089","candidates":[]}],[{"start":0,"end":6,"url":null,"entity_id":"Q34","candidates":[]}]],[[{"start":0,"end":8,"url":null,"entity_id":"Q21560181","candidates":[]}],[{"start":0,"end":19,"url":null,"entity_id":"Q201813","candidates":[]}],[{"start":0,"end":15,"url":null,"entity_id":"Q10551083","candidates":[]}],[{"start":0,"end":6,"url":null,"entity_id":"Q34","candidates":[]}]],[[{"start":0,"end":7,"url":null,"entity_id":"Q21560168","candidates":[]}],[{"start":0,"end":20,"url":null,"entity_id":"Q504614","candidates":[]}],[{"start":0,"end":17,"url":null,"entity_id":"Q10546313","candidates":[]}],[{"start":0,"end":6,"url":null,"entity_id":"Q34","candidates":[]}]],[[{"start":0,"end":4,"url":null,"entity_id":"Q21560121","candidates":[]}],[{"start":0,"end":20,"url":null,"entity_id":"Q515706","candidates":[]}],[{"start":0,"end":11,"url":null,"entity_id":"Q10527914","candidates":[]}],[{"start":0,"end":6,"url":null,"entity_id":"Q34","candidates":[]}]],[[{"start":0,"end":6,"url":null,"entity_id":"Q21560058","candidates":[]}],[{"start":0,"end":25,"url":null,"entity_id":"Q498857","candidates":[]}],[{"start":0,"end":13,"url":null,"entity_id":"Q10500869","candidates":[]}],[{"start":0,"end":6,"url":null,"entity_id":"Q34","candidates":[]}]],[[{"start":0,"end":9,"url":null,"entity_id":"Q21560046","candidates":[]}],[{"start":0,"end":25,"url":null,"entity_id":"Q498857","candidates":[]}],[{"start":0,"end":20,"url":null,"entity_id":"Q10496000","candidates":[]}],[{"start":0,"end":6,"url":null,"entity_id":"Q34","candidates":[]}]],[[{"start":0,"end":5,"url":null,"entity_id":"Q21560043","candidates":[]}],[{"start":0,"end":23,"url":null,"entity_id":"Q508125","candidates":[]}],[{"start":0,"end":12,"url":null,"entity_id":"Q10495350","candidates":[]}],[{"start":0,"end":6,"url":null,"entity_id":"Q34","candidates":[]}]],[[{"start":0,"end":8,"url":null,"entity_id":"Q21560035","candidates":[]}],[{"start":0,"end":25,"url":null,"entity_id":"Q307370","candidates":[]}],[{"start":0,"end":15,"url":null,"entity_id":"Q10482297","candidates":[]}],[{"start":0,"end":6,"url":null,"entity_id":"Q34","candidates":[]}]],[[{"start":0,"end":5,"url":null,"entity_id":"Q21560033","candidates":[]}],[{"start":0,"end":17,"url":null,"entity_id":"Q511310","candidates":[]}],[{"start":0,"end":12,"url":null,"entity_id":"Q10480525","candidates":[]}],[{"start":0,"end":6,"url":null,"entity_id":"Q34","candidates":[]}]],[[{"start":0,"end":7,"url":null,"entity_id":"Q21560032","candidates":[]}],[{"start":0,"end":25,"url":null,"entity_id":"Q498857","candidates":[]}],[{"start":0,"end":16,"url":null,"entity_id":"Q10474969","candidates":[]}],[{"start":0,"end":6,"url":null,"entity_id":"Q34","candidates":[]}]],[[{"start":0,"end":9,"url":null,"entity_id":"Q21560031","candidates":[]}],[{"start":0,"end":25,"url":null,"entity_id":"Q498857","candidates":[]}],[{"start":0,"end":17,"url":null,"entity_id":"Q10467681","candidates":[]}],[{"start":0,"end":6,"url":null,"entity_id":"Q34","candidates":[]}]],[[{"start":0,"end":4,"url":null,"entity_id":"Q21566431","candidates":[]}],[{"start":0,"end":21,"url":null,"entity_id":"Q509546","candidates":[]}],[{"start":0,"end":11,"url":null,"entity_id":"Q10438668","candidates":[]}],[{"start":0,"end":6,"url":null,"entity_id":"Q34","candidates":[]}]]]}