{"version":"1.2","table":{"version":"2","table_id":"SF9YYM6Y","columns":[{"index":0,"name":"col0","values":["Almar","Nili District","Saghar District","Jaghori District","Shahrak District","Gulran District","Guzara District","Muqur","Ajristan District","Dawlat Abad","Khwahan","Karukh District","Wakhan","Sayghan","Ghormach","Jawand","Rodat","Ghorband District","Ghurian District","Chora District"]},{"index":1,"name":"col1","values":["732","2618","2093","2427","2395","941","1184","820","2757","502","4300","1436","3000","2644","659","2114","772","1984","904","1700"]},{"index":2,"name":"col2","values":["1525","445","2644","1855","4350","6078","2000","1133","2653","2598","80","2010","10953","1741","2083","7146","599","899","7385","3005"]}]},"context":{"page_title":null,"page_url":null,"page_entity_id":null,"content_hierarchy":[]},"links":[[[{"start":0,"end":13,"url":null,"entity_id":"Q3218967","candidates":[]}],[],[]],[[{"start":0,"end":15,"url":null,"entity_id":"Q2725416","candidates":[]}],[],[]],[[{"start":0,"end":16,"url":null,"entity_id":"Q2724474","candidates":[]}],[],[]],[[{"start":0,"end":16,"url":null,"entity_id":"Q2719010","candidates":[]}],[],[]],[[{"start":0,"end":15,"url":null,"entity_id":"Q2714281","candidates":[]}],[],[]],[[{"start":0,"end":15,"url":null,"entity_id":"Q2714236","candidates":[]}],[],[]],[[{"start":0,"end":5,"url":null,"entity_id":"Q2711334","candidates":[]}],[],[]],[[{"start":0,"end":17,"url":null,"entity_id":"Q2674014","candidates":[]}],[],[]],[[{"start":0,"end":11,"url":null,"entity_id":"Q3696057","candidates":[]}],[],[]],[[{"start":0,"end":7,"url":null,"entity_id":"Q2673868","candidates":[]}],[],[]],[[{"start":0,"end":15,"url":null,"entity_id":"Q2630333","candidates":[]}],[],[]],[[{"start":0,"end":6,"url":null,"entity_id":"Q2509959","candidates":[]}],[],[]],[[{"start":0,"end":7,"url":null,"entity_id":"Q2489396","candidates":[]}],[],[]],[[{"start":0,"end":8,"url":null,"entity_id":"Q2429826","candidates":[]}],[],[]],[[{"start":0,"end":6,"url":null,"entity_id":"Q2429284","candidates":[]}],[],[]],[[{"start":0,"end":5,"url":null,"entity_id":"Q2217864","candidates":[]}],[],[]],[[{"start":0,"end":17,"url":null,"entity_id":"Q1650493","candidates":[]}],[],[]],[[{"start":0,"end":16,"url":null,"entity_id":"Q1521844","candidates":[]}],[],[]],[[{"start":0,"end":14,"url":null,"entity_id":"Q1076307","candidates":[]}],[],[]],[[{"start":0,"end":5,"url":null,"entity_id":"Q3694490","candidates":[]}],[],[]]]}