{"version":"1.2","table":{"version":"2","table_id":"SGPZNVDO","columns":[{"index":0,"name":"col0","values":["Rhodora X","Paraiso Ko'y Ikaw","One Day, Isang Araw","Kambal Sirena","Kahit Nasaan Ka Man","Ang Mahiwagang Baul","The Legal Wife","Genesis","Got to Believe","Mara Clara","Villa Quintana","T.G.I.S.","Precious Hearts Romances Presents","Luna Blanca","Del Tierro","SRO Cinemaserye","Are You the Next Big Star?","Amazing Cooking Kids","Agua Bendita","The Amazing Race Philippines"]},{"index":1,"name":"col1","values":["1","1","1","2","1","7","1","1","2","2","1","2","3","3","2","6","1","1","3","2"]},{"index":2,"name":"col2","values":["88","45","23","78","40","75","98","55","140","1209","153","233","838","115","456","35","16","12","147","108"]}]},"context":{"page_title":null,"page_url":null,"page_entity_id":null,"content_hierarchy":[]},"links":[[[{"start":0,"end":17,"url":null,"entity_id":"Q17083977","candidates":[]}],[],[]],[[{"start":0,"end":19,"url":null,"entity_id":"Q17083305","candidates":[]}],[],[]],[[{"start":0,"end":13,"url":null,"entity_id":"Q17074615","candidates":[]}],[],[]],[[{"start":0,"end":19,"url":null,"entity_id":"Q17074570","candidates":[]}],[],[]],[[{"start":0,"end":19,"url":null,"entity_id":"Q16825120","candidates":[]}],[],[]],[[{"start":0,"end":14,"url":null,"entity_id":"Q15632252","candidates":[]}],[],[]],[[{"start":0,"end":7,"url":null,"entity_id":"Q15051693","candidates":[]}],[],[]],[[{"start":0,"end":14,"url":null,"entity_id":"Q14794110","candidates":[]}],[],[]],[[{"start":0,"end":10,"url":null,"entity_id":"Q13565061","candidates":[]}],[],[]],[[{"start":0,"end":14,"url":null,"entity_id":"Q12972427","candidates":[]}],[],[]],[[{"start":0,"end":8,"url":null,"entity_id":"Q12971473","candidates":[]}],[],[]],[[{"start":0,"end":33,"url":null,"entity_id":"Q12969600","candidates":[]}],[],[]],[[{"start":0,"end":11,"url":null,"entity_id":"Q12967433","candidates":[]}],[],[]],[[{"start":0,"end":10,"url":null,"entity_id":"Q12963278","candidates":[]}],[],[]],[[{"start":0,"end":15,"url":null,"entity_id":"Q7392847","candidates":[]}],[],[]],[[{"start":0,"end":26,"url":null,"entity_id":"Q4788492","candidates":[]}],[],[]],[[{"start":0,"end":20,"url":null,"entity_id":"Q4740789","candidates":[]}],[],[]],[[{"start":0,"end":12,"url":null,"entity_id":"Q4694422","candidates":[]}],[],[]],[[{"start":0,"end":28,"url":null,"entity_id":"Q4661034","candidates":[]}],[],[]],[[{"start":0,"end":9,"url":null,"entity_id":"Q17086664","candidates":[]}],[],[]]]}