{"version":"1.2","table":{"version":"2","table_id":"SHFL9QEX","columns":[{"index":0,"name":"col0","values":["2003 Hungarian International Badminton Championships","2002 Hungarian International Badminton Championships","2001 Hungarian International Badminton Championships","2000 Hungarian International Badminton Championships","1998 Hungarian International Badminton Championships","1997 Hungarian International Badminton Championships","1995 Hungarian International Badminton Championships","1994 Hungarian International Badminton Championships","1991 Hungarian International Badminton Championships","1993 Hungarian International Badminton Championships","1987 Hungarian International Badminton Championships","1988 Hungarian International Badminton Championships","1984 Hungarian International Badminton Championships","1989 Hungarian International Badminton Championships","1981 Hungarian International Badminton Championships","1985 Hungarian International Badminton Championships","1990 Hungarian International Badminton Championships","1982 Hungarian International Badminton Championships","1979 Hungarian International Badminton Championships","1974 Hungarian International Badminton Championships"]},{"index":1,"name":"col1","values":["2002 Hungarian International Badminton Championships","2001 Hungarian International Badminton Championships","2000 Hungarian International Badminton Championships","1999 Hungarian International Badminton Championships","1997 Hungarian International Badminton Championships","1996 Hungarian International Badminton Championships","1994 Hungarian International Badminton Championships","1993 Hungarian International Badminton Championships","1990 Hungarian International Badminton Championships","1992 Hungarian International Badminton Championships","1986 Hungarian International Badminton Championships","1987 Hungarian International Badminton Championships","1983 Hungarian International Badminton Championships","1988 Hungarian International Badminton Championships","1980 Hungarian International Badminton Championships","1984 Hungarian International Badminton Championships","1989 Hungarian International Badminton Championships","1981 Hungarian International Badminton Championships","1978 Hungarian International Badminton Championships","1970 Hungarian International Badminton Championships"]},{"index":2,"name":"col2","values":["Hungary","Hungary","Hungary","Hungary","Hungary","Hungary","Hungary","Hungary","Hungary","Hungary","Hungary","Hungary","Hungary","Hungary","Hungary","Hungary","Hungary","Hungary","Hungary","Hungary"]}]},"context":{"page_title":null,"page_url":null,"page_entity_id":null,"content_hierarchy":[]},"links":[[[{"start":0,"end":52,"url":null,"entity_id":"Q1637767","candidates":[]}],[{"start":0,"end":52,"url":null,"entity_id":"Q1637765","candidates":[]}],[{"start":0,"end":7,"url":null,"entity_id":"Q28","candidates":[]}]],[[{"start":0,"end":52,"url":null,"entity_id":"Q1637765","candidates":[]}],[{"start":0,"end":52,"url":null,"entity_id":"Q1637763","candidates":[]}],[{"start":0,"end":7,"url":null,"entity_id":"Q28","candidates":[]}]],[[{"start":0,"end":52,"url":null,"entity_id":"Q1637763","candidates":[]}],[{"start":0,"end":52,"url":null,"entity_id":"Q1637762","candidates":[]}],[{"start":0,"end":7,"url":null,"entity_id":"Q28","candidates":[]}]],[[{"start":0,"end":52,"url":null,"entity_id":"Q1426962","candidates":[]}],[{"start":0,"end":52,"url":null,"entity_id":"Q1637758","candidates":[]}],[{"start":0,"end":7,"url":null,"entity_id":"Q28","candidates":[]}]],[[{"start":0,"end":52,"url":null,"entity_id":"Q1637758","candidates":[]}],[{"start":0,"end":52,"url":null,"entity_id":"Q1637757","candidates":[]}],[{"start":0,"end":7,"url":null,"entity_id":"Q28","candidates":[]}]],[[{"start":0,"end":52,"url":null,"entity_id":"Q1590427","candidates":[]}],[{"start":0,"end":52,"url":null,"entity_id":"Q1637755","candidates":[]}],[{"start":0,"end":7,"url":null,"entity_id":"Q28","candidates":[]}]],[[{"start":0,"end":52,"url":null,"entity_id":"Q1637755","candidates":[]}],[{"start":0,"end":52,"url":null,"entity_id":"Q1637754","candidates":[]}],[{"start":0,"end":7,"url":null,"entity_id":"Q28","candidates":[]}]],[[{"start":0,"end":52,"url":null,"entity_id":"Q1115114","candidates":[]}],[{"start":0,"end":52,"url":null,"entity_id":"Q1637750","candidates":[]}],[{"start":0,"end":7,"url":null,"entity_id":"Q28","candidates":[]}]],[[{"start":0,"end":52,"url":null,"entity_id":"Q1637754","candidates":[]}],[{"start":0,"end":52,"url":null,"entity_id":"Q1480079","candidates":[]}],[{"start":0,"end":7,"url":null,"entity_id":"Q28","candidates":[]}]],[[{"start":0,"end":52,"url":null,"entity_id":"Q18720370","candidates":[]}],[{"start":0,"end":52,"url":null,"entity_id":"Q18748171","candidates":[]}],[{"start":0,"end":7,"url":null,"entity_id":"Q28","candidates":[]}]],[[{"start":0,"end":52,"url":null,"entity_id":"Q13486666","candidates":[]}],[{"start":0,"end":52,"url":null,"entity_id":"Q18720370","candidates":[]}],[{"start":0,"end":7,"url":null,"entity_id":"Q28","candidates":[]}]],[[{"start":0,"end":52,"url":null,"entity_id":"Q13486555","candidates":[]}],[{"start":0,"end":52,"url":null,"entity_id":"Q13511894","candidates":[]}],[{"start":0,"end":7,"url":null,"entity_id":"Q28","candidates":[]}]],[[{"start":0,"end":52,"url":null,"entity_id":"Q1637748","candidates":[]}],[{"start":0,"end":52,"url":null,"entity_id":"Q13486666","candidates":[]}],[{"start":0,"end":7,"url":null,"entity_id":"Q28","candidates":[]}]],[[{"start":0,"end":52,"url":null,"entity_id":"Q1637745","candidates":[]}],[{"start":0,"end":52,"url":null,"entity_id":"Q13486597","candidates":[]}],[{"start":0,"end":7,"url":null,"entity_id":"Q28","candidates":[]}]],[[{"start":0,"end":52,"url":null,"entity_id":"Q18748172","candidates":[]}],[{"start":0,"end":52,"url":null,"entity_id":"Q13486555","candidates":[]}],[{"start":0,"end":7,"url":null,"entity_id":"Q28","candidates":[]}]],[[{"start":0,"end":52,"url":null,"entity_id":"Q1637750","candidates":[]}],[{"start":0,"end":52,"url":null,"entity_id":"Q1637748","candidates":[]}],[{"start":0,"end":7,"url":null,"entity_id":"Q28","candidates":[]}]],[[{"start":0,"end":52,"url":null,"entity_id":"Q13511903","candidates":[]}],[{"start":0,"end":52,"url":null,"entity_id":"Q1637745","candidates":[]}],[{"start":0,"end":7,"url":null,"entity_id":"Q28","candidates":[]}]],[[{"start":0,"end":52,"url":null,"entity_id":"Q26844384","candidates":[]}],[{"start":0,"end":52,"url":null,"entity_id":"Q1637743","candidates":[]}],[{"start":0,"end":7,"url":null,"entity_id":"Q28","candidates":[]}]],[[{"start":0,"end":52,"url":null,"entity_id":"Q1627607","candidates":[]}],[{"start":0,"end":52,"url":null,"entity_id":"Q1637742","candidates":[]}],[{"start":0,"end":7,"url":null,"entity_id":"Q28","candidates":[]}]],[[{"start":0,"end":52,"url":null,"entity_id":"Q1637769","candidates":[]}],[{"start":0,"end":52,"url":null,"entity_id":"Q1637767","candidates":[]}],[{"start":0,"end":7,"url":null,"entity_id":"Q28","candidates":[]}]]]}