{"version":"1.2","table":{"version":"2","table_id":"SKFJDP1W","columns":[{"index":0,"name":"col0","values":["Marie Du Bose (Mrs. Samuel Wragg)","Anna Cuyler (Mrs. Anthony) Van Schaick","Portrait of Louis, Dauphin of France (1729–1765)","Madame de Pompadour in her Study","Louisine Havemeyer and Her Daughter Electra","Self-portrait","View of the Kościuszko Mound in Kraków","Portrait of a woman.","Portrait of a boy","Portrait of Alexander J. Cassatt","The Death of Cleopatra","After the Bath","Town on a mountain in Italy","City in front of a mountain in Italy","Portrait of Philippe Jacques Knoderer","Portrait of Michał Jerzy Mniszech (1748-1806)","Still life. Fruits on a cloth, a bread bun, a knife","portrait of Jean-Jacques Rousseau","Self-portrait in Turkish costume","Louis Duval de l'Épinoy"]},{"index":1,"name":"col1","values":["portrait","portrait","portrait","portrait","double portrait","self-portrait","Symbolism","portrait","portrait","portrait","genre art","genre painting","landscape art","landscape art","portrait","portrait at bust length","still life","portrait","self-portrait","portrait"]},{"index":2,"name":"col2","values":["Gibbes Museum of Art","New York State Museum","Department of Prints and Drawings of the Louvre","Department of Prints and Drawings of the Louvre","Shelburne Museum","Silesian Museum","Silesian Museum","Silesian Museum","Silesian Museum","Seattle Art Museum","Royal Danish Academy of Fine Arts","private collection","private collection","private collection","private collection","Royal Castle","Musée d'Art et d'Histoire","Musée d'Art et d'Histoire","Staatliche Kunstsammlungen Dresden","Calouste Gulbenkian Museum"]}]},"context":{"page_title":null,"page_url":null,"page_entity_id":null,"content_hierarchy":[]},"links":[[[{"start":0,"end":38,"url":null,"entity_id":"Q75195251","candidates":[]}],[{"start":0,"end":8,"url":null,"entity_id":"Q134307","candidates":[]}],[{"start":0,"end":21,"url":null,"entity_id":"Q3875588","candidates":[]}]],[[{"start":0,"end":48,"url":null,"entity_id":"Q34779878","candidates":[]}],[{"start":0,"end":8,"url":null,"entity_id":"Q134307","candidates":[]}],[{"start":0,"end":47,"url":null,"entity_id":"Q3044753","candidates":[]}]],[[{"start":0,"end":32,"url":null,"entity_id":"Q30096006","candidates":[]}],[{"start":0,"end":8,"url":null,"entity_id":"Q134307","candidates":[]}],[{"start":0,"end":47,"url":null,"entity_id":"Q3044753","candidates":[]}]],[[{"start":0,"end":43,"url":null,"entity_id":"Q79868521","candidates":[]}],[{"start":0,"end":15,"url":null,"entity_id":"Q19968941","candidates":[]}],[{"start":0,"end":16,"url":null,"entity_id":"Q2277827","candidates":[]}]],[[{"start":0,"end":13,"url":null,"entity_id":"Q77981278","candidates":[]}],[{"start":0,"end":13,"url":null,"entity_id":"Q192110","candidates":[]}],[{"start":0,"end":15,"url":null,"entity_id":"Q2239241","candidates":[]}]],[[{"start":0,"end":38,"url":null,"entity_id":"Q78333001","candidates":[]}],[{"start":0,"end":9,"url":null,"entity_id":"Q164800","candidates":[]}],[{"start":0,"end":15,"url":null,"entity_id":"Q2239241","candidates":[]}]],[[{"start":0,"end":20,"url":null,"entity_id":"Q77977704","candidates":[]}],[{"start":0,"end":8,"url":null,"entity_id":"Q134307","candidates":[]}],[{"start":0,"end":15,"url":null,"entity_id":"Q2239241","candidates":[]}]],[[{"start":0,"end":17,"url":null,"entity_id":"Q77973128","candidates":[]}],[{"start":0,"end":8,"url":null,"entity_id":"Q134307","candidates":[]}],[{"start":0,"end":15,"url":null,"entity_id":"Q2239241","candidates":[]}]],[[{"start":0,"end":32,"url":null,"entity_id":"Q86382242","candidates":[]}],[{"start":0,"end":8,"url":null,"entity_id":"Q134307","candidates":[]}],[{"start":0,"end":18,"url":null,"entity_id":"Q1816301","candidates":[]}]],[[{"start":0,"end":22,"url":null,"entity_id":"Q59661636","candidates":[]}],[{"start":0,"end":9,"url":null,"entity_id":"Q1047337","candidates":[]}],[{"start":0,"end":33,"url":null,"entity_id":"Q1641001","candidates":[]}]],[[{"start":0,"end":14,"url":null,"entity_id":"Q37309457","candidates":[]}],[{"start":0,"end":14,"url":null,"entity_id":"Q214127","candidates":[]}],[{"start":0,"end":18,"url":null,"entity_id":"Q768717","candidates":[]}]],[[{"start":0,"end":27,"url":null,"entity_id":"Q60571716","candidates":[]}],[{"start":0,"end":13,"url":null,"entity_id":"Q191163","candidates":[]}],[{"start":0,"end":18,"url":null,"entity_id":"Q768717","candidates":[]}]],[[{"start":0,"end":36,"url":null,"entity_id":"Q60571714","candidates":[]}],[{"start":0,"end":13,"url":null,"entity_id":"Q191163","candidates":[]}],[{"start":0,"end":18,"url":null,"entity_id":"Q768717","candidates":[]}]],[[{"start":0,"end":37,"url":null,"entity_id":"Q62531736","candidates":[]}],[{"start":0,"end":8,"url":null,"entity_id":"Q134307","candidates":[]}],[{"start":0,"end":18,"url":null,"entity_id":"Q768717","candidates":[]}]],[[{"start":0,"end":45,"url":null,"entity_id":"Q29914095","candidates":[]}],[{"start":0,"end":23,"url":null,"entity_id":"Q241045","candidates":[]}],[{"start":0,"end":12,"url":null,"entity_id":"Q756098","candidates":[]}]],[[{"start":0,"end":51,"url":null,"entity_id":"Q62571021","candidates":[]}],[{"start":0,"end":10,"url":null,"entity_id":"Q170571","candidates":[]}],[{"start":0,"end":25,"url":null,"entity_id":"Q679075","candidates":[]}]],[[{"start":0,"end":33,"url":null,"entity_id":"Q67787631","candidates":[]}],[{"start":0,"end":8,"url":null,"entity_id":"Q134307","candidates":[]}],[{"start":0,"end":25,"url":null,"entity_id":"Q679075","candidates":[]}]],[[{"start":0,"end":32,"url":null,"entity_id":"Q50326646","candidates":[]}],[{"start":0,"end":13,"url":null,"entity_id":"Q192110","candidates":[]}],[{"start":0,"end":34,"url":null,"entity_id":"Q653002","candidates":[]}]],[[{"start":0,"end":23,"url":null,"entity_id":"Q74260911","candidates":[]}],[{"start":0,"end":8,"url":null,"entity_id":"Q134307","candidates":[]}],[{"start":0,"end":26,"url":null,"entity_id":"Q211262","candidates":[]}]],[[{"start":0,"end":33,"url":null,"entity_id":"Q75196368","candidates":[]}],[{"start":0,"end":8,"url":null,"entity_id":"Q134307","candidates":[]}],[{"start":0,"end":20,"url":null,"entity_id":"Q15221656","candidates":[]}]]]}