{"version":"1.2","table":{"version":"2","table_id":"SKKKX6C0","columns":[{"index":0,"name":"col0","values":["Carter Observatory","Saltsjöbaden Observatory","Dyer Observatory","Chamberlin Observatory","Barnard Observatory","Helwan Observatory","Durham University Observatory","Aldershot Observatory","Tallinn Observatory","Melbourne Observatory","Radcliffe Observatory","University of Tartu Old Observatory","Karlsruhe Observatory","Royal Observatory","Coats Observatory","Camille Flammarion Observatory","Tour de la Babotte","Lyon Observatory","Lille observatory of astronomy","Bordeaux Observatory"]},{"index":1,"name":"col1","values":["New Zealand","Sweden","United States of America","United States of America","United States of America","Egypt","United Kingdom","United Kingdom","Estonia","Australia","United Kingdom","Estonia","Germany","United Kingdom","United Kingdom","France","France","France","France","France"]},{"index":2,"name":"col2","values":["NZHPT Category II listing","governmental listed building complex","place listed on the National Register of Historic Places","place listed on the National Register of Historic Places","place listed on the National Register of Historic Places","Tentative World Heritage Site","Grade II listed building","Grade II listed building","architectural monument","listed on the Victorian Heritage Register","Grade I listed building","architectural monument","Kulturdenkmal","category A listed building","category A listed building","monument historique classé","monument historique classé","registered historic monument","registered historic monument","registered historic monument"]}]},"context":{"page_title":null,"page_url":null,"page_entity_id":null,"content_hierarchy":[]},"links":[[[{"start":0,"end":24,"url":null,"entity_id":"Q4406224","candidates":[]}],[{"start":0,"end":6,"url":null,"entity_id":"Q34","candidates":[]}],[{"start":0,"end":36,"url":null,"entity_id":"Q24284071","candidates":[]}]],[[{"start":0,"end":16,"url":null,"entity_id":"Q5318565","candidates":[]}],[{"start":0,"end":24,"url":null,"entity_id":"Q30","candidates":[]}],[{"start":0,"end":56,"url":null,"entity_id":"Q19558910","candidates":[]}]],[[{"start":0,"end":22,"url":null,"entity_id":"Q5069616","candidates":[]}],[{"start":0,"end":24,"url":null,"entity_id":"Q30","candidates":[]}],[{"start":0,"end":56,"url":null,"entity_id":"Q19558910","candidates":[]}]],[[{"start":0,"end":19,"url":null,"entity_id":"Q4861433","candidates":[]}],[{"start":0,"end":24,"url":null,"entity_id":"Q30","candidates":[]}],[{"start":0,"end":56,"url":null,"entity_id":"Q19558910","candidates":[]}]],[[{"start":0,"end":18,"url":null,"entity_id":"Q4497166","candidates":[]}],[{"start":0,"end":5,"url":null,"entity_id":"Q79","candidates":[]}],[{"start":0,"end":29,"url":null,"entity_id":"Q17278671","candidates":[]}]],[[{"start":0,"end":29,"url":null,"entity_id":"Q5316584","candidates":[]}],[{"start":0,"end":14,"url":null,"entity_id":"Q145","candidates":[]}],[{"start":0,"end":24,"url":null,"entity_id":"Q15700834","candidates":[]}]],[[{"start":0,"end":21,"url":null,"entity_id":"Q4713736","candidates":[]}],[{"start":0,"end":14,"url":null,"entity_id":"Q145","candidates":[]}],[{"start":0,"end":24,"url":null,"entity_id":"Q15700834","candidates":[]}]],[[{"start":0,"end":19,"url":null,"entity_id":"Q4450511","candidates":[]}],[{"start":0,"end":7,"url":null,"entity_id":"Q191","candidates":[]}],[{"start":0,"end":22,"url":null,"entity_id":"Q12361770","candidates":[]}]],[[{"start":0,"end":21,"url":null,"entity_id":"Q3299222","candidates":[]}],[{"start":0,"end":9,"url":null,"entity_id":"Q408","candidates":[]}],[{"start":0,"end":41,"url":null,"entity_id":"Q28147634","candidates":[]}]],[[{"start":0,"end":21,"url":null,"entity_id":"Q2066160","candidates":[]}],[{"start":0,"end":14,"url":null,"entity_id":"Q145","candidates":[]}],[{"start":0,"end":23,"url":null,"entity_id":"Q15700818","candidates":[]}]],[[{"start":0,"end":35,"url":null,"entity_id":"Q2346055","candidates":[]}],[{"start":0,"end":7,"url":null,"entity_id":"Q191","candidates":[]}],[{"start":0,"end":22,"url":null,"entity_id":"Q12361770","candidates":[]}]],[[{"start":0,"end":21,"url":null,"entity_id":"Q2346073","candidates":[]}],[{"start":0,"end":7,"url":null,"entity_id":"Q183","candidates":[]}],[{"start":0,"end":13,"url":null,"entity_id":"Q11691318","candidates":[]}]],[[{"start":0,"end":17,"url":null,"entity_id":"Q3106882","candidates":[]}],[{"start":0,"end":14,"url":null,"entity_id":"Q145","candidates":[]}],[{"start":0,"end":26,"url":null,"entity_id":"Q10729054","candidates":[]}]],[[{"start":0,"end":17,"url":null,"entity_id":"Q2377087","candidates":[]}],[{"start":0,"end":14,"url":null,"entity_id":"Q145","candidates":[]}],[{"start":0,"end":26,"url":null,"entity_id":"Q10729054","candidates":[]}]],[[{"start":0,"end":30,"url":null,"entity_id":"Q3348363","candidates":[]}],[{"start":0,"end":6,"url":null,"entity_id":"Q142","candidates":[]}],[{"start":0,"end":26,"url":null,"entity_id":"Q10387684","candidates":[]}]],[[{"start":0,"end":18,"url":null,"entity_id":"Q2092877","candidates":[]}],[{"start":0,"end":6,"url":null,"entity_id":"Q142","candidates":[]}],[{"start":0,"end":26,"url":null,"entity_id":"Q10387684","candidates":[]}]],[[{"start":0,"end":16,"url":null,"entity_id":"Q3348374","candidates":[]}],[{"start":0,"end":6,"url":null,"entity_id":"Q142","candidates":[]}],[{"start":0,"end":28,"url":null,"entity_id":"Q10387575","candidates":[]}]],[[{"start":0,"end":30,"url":null,"entity_id":"Q3348370","candidates":[]}],[{"start":0,"end":6,"url":null,"entity_id":"Q142","candidates":[]}],[{"start":0,"end":28,"url":null,"entity_id":"Q10387575","candidates":[]}]],[[{"start":0,"end":20,"url":null,"entity_id":"Q2718147","candidates":[]}],[{"start":0,"end":6,"url":null,"entity_id":"Q142","candidates":[]}],[{"start":0,"end":28,"url":null,"entity_id":"Q10387575","candidates":[]}]],[[{"start":0,"end":18,"url":null,"entity_id":"Q5047202","candidates":[]}],[{"start":0,"end":11,"url":null,"entity_id":"Q664","candidates":[]}],[{"start":0,"end":25,"url":null,"entity_id":"Q28822545","candidates":[]}]]]}