{"version":"1.2","table":{"version":"2","table_id":"SO4P7XJA","columns":[{"index":0,"name":"col0","values":["Supreme Court of São Tomé and Príncipe","National Library of Mozambique","Vojenský stavební úřad (Josefov)","Lederhaus","Pavilion No. 20 Chemical Industry at the VDNKh","Pavilion No. 11 Metallurgy at the VDNKh","Pavilion No. 10 Standards at the VDNKh","Pavilion No. 7 Seeds at the VDNKh","Pavillion No. 68 Armenia at the VDNKh","Pavilion No. 8 Young Naturalists at the VDNKh","Pavillion Belarus (VDNKh)","3 Jagiellońska Street in Prudnik","39 Księdza Aleksandra Skowrońskiego Street in Prudnik","9a Podgórna Street in Prudnik","34 Kozienicka Street in Pionki","Édifice Gaston-Miron","21 Jagiellońska Street in Prudnik","6A Zwycięstwa Street in Pionki","5 Zakładowa Street in Pionki","1 Zakładowa Street in Pionki"]},{"index":1,"name":"col1","values":["Avenida Marginal 12 de Julho","Avenida 25 de Setembro (Maputo)","Riegrovo náměstí","Marienplatz","Mira Avenue","Mira Avenue","Mira Avenue","Mira Avenue","Mira Avenue","Mira Avenue","Mira Avenue","Jagiellońska Street in Prudnik","Ks. Aleksandra Skowrońskiego Street in Prudnik","Podgórna Street in Prudnik","Kozienicka Street in Pionki","Sherbrooke Street","Jagiellońska Street in Prudnik","Zwycięstwa Street in Pionki","Zakładowa Street in Pionki","Zakładowa Street in Pionki"]},{"index":2,"name":"col2","values":["São Tomé and Príncipe","Mozambique","Czech Republic","Germany","Russia","Russia","Russia","Russia","Russia","Russia","Russia","Poland","Poland","Poland","Poland","Canada","Poland","Poland","Poland","Poland"]}]},"context":{"page_title":null,"page_url":null,"page_entity_id":null,"content_hierarchy":[]},"links":[[[{"start":0,"end":30,"url":null,"entity_id":"Q16498204","candidates":[]}],[{"start":0,"end":31,"url":null,"entity_id":"Q18668221","candidates":[]}],[{"start":0,"end":10,"url":null,"entity_id":"Q1029","candidates":[]}]],[[{"start":0,"end":32,"url":null,"entity_id":"Q37327841","candidates":[]}],[{"start":0,"end":16,"url":null,"entity_id":"Q45256745","candidates":[]}],[{"start":0,"end":14,"url":null,"entity_id":"Q213","candidates":[]}]],[[{"start":0,"end":9,"url":null,"entity_id":"Q34358795","candidates":[]}],[{"start":0,"end":11,"url":null,"entity_id":"Q24757167","candidates":[]}],[{"start":0,"end":7,"url":null,"entity_id":"Q183","candidates":[]}]],[[{"start":0,"end":46,"url":null,"entity_id":"Q48948840","candidates":[]}],[{"start":0,"end":11,"url":null,"entity_id":"Q3271391","candidates":[]}],[{"start":0,"end":6,"url":null,"entity_id":"Q159","candidates":[]}]],[[{"start":0,"end":39,"url":null,"entity_id":"Q48948749","candidates":[]}],[{"start":0,"end":11,"url":null,"entity_id":"Q3271391","candidates":[]}],[{"start":0,"end":6,"url":null,"entity_id":"Q159","candidates":[]}]],[[{"start":0,"end":38,"url":null,"entity_id":"Q48948746","candidates":[]}],[{"start":0,"end":11,"url":null,"entity_id":"Q3271391","candidates":[]}],[{"start":0,"end":6,"url":null,"entity_id":"Q159","candidates":[]}]],[[{"start":0,"end":33,"url":null,"entity_id":"Q48948743","candidates":[]}],[{"start":0,"end":11,"url":null,"entity_id":"Q3271391","candidates":[]}],[{"start":0,"end":6,"url":null,"entity_id":"Q159","candidates":[]}]],[[{"start":0,"end":37,"url":null,"entity_id":"Q43150033","candidates":[]}],[{"start":0,"end":11,"url":null,"entity_id":"Q3271391","candidates":[]}],[{"start":0,"end":6,"url":null,"entity_id":"Q159","candidates":[]}]],[[{"start":0,"end":45,"url":null,"entity_id":"Q42182071","candidates":[]}],[{"start":0,"end":11,"url":null,"entity_id":"Q3271391","candidates":[]}],[{"start":0,"end":6,"url":null,"entity_id":"Q159","candidates":[]}]],[[{"start":0,"end":25,"url":null,"entity_id":"Q20828498","candidates":[]}],[{"start":0,"end":11,"url":null,"entity_id":"Q3271391","candidates":[]}],[{"start":0,"end":6,"url":null,"entity_id":"Q159","candidates":[]}]],[[{"start":0,"end":32,"url":null,"entity_id":"Q30229554","candidates":[]}],[{"start":0,"end":30,"url":null,"entity_id":"Q79831231","candidates":[]}],[{"start":0,"end":6,"url":null,"entity_id":"Q36","candidates":[]}]],[[{"start":0,"end":53,"url":null,"entity_id":"Q69506344","candidates":[]}],[{"start":0,"end":46,"url":null,"entity_id":"Q69498882","candidates":[]}],[{"start":0,"end":6,"url":null,"entity_id":"Q36","candidates":[]}]],[[{"start":0,"end":29,"url":null,"entity_id":"Q69406991","candidates":[]}],[{"start":0,"end":26,"url":null,"entity_id":"Q69394534","candidates":[]}],[{"start":0,"end":6,"url":null,"entity_id":"Q36","candidates":[]}]],[[{"start":0,"end":30,"url":null,"entity_id":"Q69356439","candidates":[]}],[{"start":0,"end":27,"url":null,"entity_id":"Q69348432","candidates":[]}],[{"start":0,"end":6,"url":null,"entity_id":"Q36","candidates":[]}]],[[{"start":0,"end":20,"url":null,"entity_id":"Q3579106","candidates":[]}],[{"start":0,"end":17,"url":null,"entity_id":"Q3450058","candidates":[]}],[{"start":0,"end":6,"url":null,"entity_id":"Q16","candidates":[]}]],[[{"start":0,"end":33,"url":null,"entity_id":"Q79936700","candidates":[]}],[{"start":0,"end":30,"url":null,"entity_id":"Q79831231","candidates":[]}],[{"start":0,"end":6,"url":null,"entity_id":"Q36","candidates":[]}]],[[{"start":0,"end":30,"url":null,"entity_id":"Q76830480","candidates":[]}],[{"start":0,"end":27,"url":null,"entity_id":"Q76740729","candidates":[]}],[{"start":0,"end":6,"url":null,"entity_id":"Q36","candidates":[]}]],[[{"start":0,"end":28,"url":null,"entity_id":"Q76506282","candidates":[]}],[{"start":0,"end":26,"url":null,"entity_id":"Q69375684","candidates":[]}],[{"start":0,"end":6,"url":null,"entity_id":"Q36","candidates":[]}]],[[{"start":0,"end":28,"url":null,"entity_id":"Q76445799","candidates":[]}],[{"start":0,"end":26,"url":null,"entity_id":"Q69375684","candidates":[]}],[{"start":0,"end":6,"url":null,"entity_id":"Q36","candidates":[]}]],[[{"start":0,"end":38,"url":null,"entity_id":"Q3196789","candidates":[]}],[{"start":0,"end":28,"url":null,"entity_id":"Q38629382","candidates":[]}],[{"start":0,"end":21,"url":null,"entity_id":"Q1039","candidates":[]}]]]}