{"version":"1.2","table":{"version":"2","table_id":"SPHZJ3KO","columns":[{"index":0,"name":"col0","values":["Joliov","Hiawatha impac crater","Newkum","Taylr","Rocca","endelinus","Blpetragius","Poter","Pons","Poisqn","Eagle","Crzachel","Newomb","Mercdtor","Z. Bond","Luville","Mittrow","Pingualuit crathr","Linné","Teophilus"]},{"index":1,"name":"col1","values":["2842.84","316.8","1.009","3072.1","3509.44","2581.8","3919.4999999999995","4954.82","2009.9999999999998","1717.89","3.0","3628.0499999999997","2164.74","1789.2","1901.34","991.0","1233.6899999999998","261.159","600.5999999999999","3168.0"]},{"index":2,"name":"col2","values":["172.827","31.186","101.796","36.654799999999994","84.1","140.718","40.08","51.75749999999999","39.8588","41.4828","21.89","97.194","39.8","46.2074","170.316","35.147999999999996","28.671","3.41592","2.2523","99.38879999999999"]}]},"context":{"page_title":null,"page_url":null,"page_entity_id":null,"content_hierarchy":[]},"links":[[[{"start":0,"end":21,"url":null,"entity_id":"Q58675331","candidates":[]}],[],[]],[[{"start":0,"end":6,"url":null,"entity_id":"Q50192066","candidates":[]}],[],[]],[[{"start":0,"end":5,"url":null,"entity_id":"Q2397857","candidates":[]}],[],[]],[[{"start":0,"end":5,"url":null,"entity_id":"Q2160147","candidates":[]}],[],[]],[[{"start":0,"end":9,"url":null,"entity_id":"Q2151737","candidates":[]}],[],[]],[[{"start":0,"end":11,"url":null,"entity_id":"Q2119334","candidates":[]}],[],[]],[[{"start":0,"end":5,"url":null,"entity_id":"Q2105050","candidates":[]}],[],[]],[[{"start":0,"end":4,"url":null,"entity_id":"Q2103599","candidates":[]}],[],[]],[[{"start":0,"end":6,"url":null,"entity_id":"Q2100856","candidates":[]}],[],[]],[[{"start":0,"end":5,"url":null,"entity_id":"Q2083022","candidates":[]}],[],[]],[[{"start":0,"end":8,"url":null,"entity_id":"Q2033401","candidates":[]}],[],[]],[[{"start":0,"end":6,"url":null,"entity_id":"Q1983464","candidates":[]}],[],[]],[[{"start":0,"end":8,"url":null,"entity_id":"Q1921154","candidates":[]}],[],[]],[[{"start":0,"end":7,"url":null,"entity_id":"Q1898215","candidates":[]}],[],[]],[[{"start":0,"end":7,"url":null,"entity_id":"Q1872349","candidates":[]}],[],[]],[[{"start":0,"end":7,"url":null,"entity_id":"Q1865962","candidates":[]}],[],[]],[[{"start":0,"end":17,"url":null,"entity_id":"Q1862522","candidates":[]}],[],[]],[[{"start":0,"end":5,"url":null,"entity_id":"Q1826950","candidates":[]}],[],[]],[[{"start":0,"end":9,"url":null,"entity_id":"Q1794689","candidates":[]}],[],[]],[[{"start":0,"end":6,"url":null,"entity_id":"Q3809832","candidates":[]}],[],[]]]}