{"version":"1.2","table":{"version":"2","table_id":"SPXUIBX8","columns":[{"index":0,"name":"col0","values":["Bhimavaram","Madanapalle","Srikalahasti","Ongole","Adilabad","Nalgonda","Kamareddy","Tandur","Gudur","Wanaparthi","Gadwal","Sircilla","Manuguru","Kothagudem","Khammam","Yellandu","Badvel","Palamaner","Mandamarri","Kaghaznagar"]},{"index":1,"name":"col1","values":["Bhimavaram mandal","Madanapalle mandal","Srikalahasti mandal","Ongole mandal","Adilabad mandal","Nalgonda mandal","Nizamabad district","Ranga Reddy district","Sri Potti Sri Ramulu Nellore district","Mahbubnagar district","Mahbubnagar district","Karimnagar district","Khammam district","Khammam district","Khammam district","Khammam district","Kadapa District","Chittoor district","Adilabad district","Adilabad district"]},{"index":2,"name":"col2","values":["39174","43920","19619","61694","25840","36826","17759","13216","19508","12866","13178","20780","8265","20156","50823","8921","16744","12931","12864","13630"]}]},"context":{"page_title":null,"page_url":null,"page_entity_id":null,"content_hierarchy":[]},"links":[[[{"start":0,"end":11,"url":null,"entity_id":"Q1017723","candidates":[]}],[{"start":0,"end":18,"url":null,"entity_id":"Q16342958","candidates":[]}],[]],[[{"start":0,"end":12,"url":null,"entity_id":"Q1772763","candidates":[]}],[{"start":0,"end":19,"url":null,"entity_id":"Q16338919","candidates":[]}],[]],[[{"start":0,"end":6,"url":null,"entity_id":"Q1920249","candidates":[]}],[{"start":0,"end":13,"url":null,"entity_id":"Q11104042","candidates":[]}],[]],[[{"start":0,"end":8,"url":null,"entity_id":"Q494281","candidates":[]}],[{"start":0,"end":15,"url":null,"entity_id":"Q11100248","candidates":[]}],[]],[[{"start":0,"end":8,"url":null,"entity_id":"Q1949850","candidates":[]}],[{"start":0,"end":15,"url":null,"entity_id":"Q5593586","candidates":[]}],[]],[[{"start":0,"end":9,"url":null,"entity_id":"Q2564921","candidates":[]}],[{"start":0,"end":18,"url":null,"entity_id":"Q15391","candidates":[]}],[]],[[{"start":0,"end":6,"url":null,"entity_id":"Q720922","candidates":[]}],[{"start":0,"end":20,"url":null,"entity_id":"Q15388","candidates":[]}],[]],[[{"start":0,"end":5,"url":null,"entity_id":"Q1708134","candidates":[]}],[{"start":0,"end":37,"url":null,"entity_id":"Q15383","candidates":[]}],[]],[[{"start":0,"end":10,"url":null,"entity_id":"Q2563513","candidates":[]}],[{"start":0,"end":20,"url":null,"entity_id":"Q15380","candidates":[]}],[]],[[{"start":0,"end":6,"url":null,"entity_id":"Q1525224","candidates":[]}],[{"start":0,"end":20,"url":null,"entity_id":"Q15380","candidates":[]}],[]],[[{"start":0,"end":8,"url":null,"entity_id":"Q2563435","candidates":[]}],[{"start":0,"end":19,"url":null,"entity_id":"Q15373","candidates":[]}],[]],[[{"start":0,"end":8,"url":null,"entity_id":"Q2483781","candidates":[]}],[{"start":0,"end":16,"url":null,"entity_id":"Q15371","candidates":[]}],[]],[[{"start":0,"end":10,"url":null,"entity_id":"Q2238988","candidates":[]}],[{"start":0,"end":16,"url":null,"entity_id":"Q15371","candidates":[]}],[]],[[{"start":0,"end":7,"url":null,"entity_id":"Q1921496","candidates":[]}],[{"start":0,"end":16,"url":null,"entity_id":"Q15371","candidates":[]}],[]],[[{"start":0,"end":8,"url":null,"entity_id":"Q721480","candidates":[]}],[{"start":0,"end":16,"url":null,"entity_id":"Q15371","candidates":[]}],[]],[[{"start":0,"end":6,"url":null,"entity_id":"Q3412838","candidates":[]}],[{"start":0,"end":15,"url":null,"entity_id":"Q15342","candidates":[]}],[]],[[{"start":0,"end":9,"url":null,"entity_id":"Q3429934","candidates":[]}],[{"start":0,"end":17,"url":null,"entity_id":"Q15213","candidates":[]}],[]],[[{"start":0,"end":10,"url":null,"entity_id":"Q2483821","candidates":[]}],[{"start":0,"end":17,"url":null,"entity_id":"Q15211","candidates":[]}],[]],[[{"start":0,"end":11,"url":null,"entity_id":"Q2290801","candidates":[]}],[{"start":0,"end":17,"url":null,"entity_id":"Q15211","candidates":[]}],[]],[[{"start":0,"end":10,"url":null,"entity_id":"Q757853","candidates":[]}],[{"start":0,"end":17,"url":null,"entity_id":"Q17049761","candidates":[]}],[]]]}