{"version":"1.2","table":{"version":"2","table_id":"SQ745TWC","columns":[{"index":0,"name":"col0","values":["Pino Daniele","Nena","Beckett","Tubular Bells","Paul Hardcastle","Luz Negra","Boys Don't Cry","Rogues Gallery","Pretzel Logic","Tintarella di luna","1999","Just a Game","Purple Rain","It Never Rains in Southern California","Hey!","La nave del olvido","My Way","Lady Samantha","Dans un vieux rock'n'roll","Jane Birkin/Serge Gainsbourg"]},{"index":1,"name":"col1","values":["Je sò pazzo","99 Luftballons","A Rainbow’s Gold","Tubular Bells – Side One","19","Você já me esqueceu","Boys Don't Cry","Little Sheila","Pretzel Logic","Tintarella di luna","1999","Lay It on the Line","Purple Rain","The Air That I Breathe","La nave del olvido","La nave del olvido","My Way","Lady Samantha","Dans un vieux rock'n'roll","Je t'aime… moi non plus"]},{"index":2,"name":"col2","values":["Pino Daniele","Nena","Beckett","Tubular Bells","Paul Hardcastle","Luz Negra","Boys Don't Cry","Rogues Gallery","Pretzel Logic","Tintarella di luna","1999","Just a Game","Purple Rain","It Never Rains in Southern California","Hey!","La nave del olvido","My Way","Lady Samantha","…Dans un vieux rock'n'roll","Jane Birkin et Serge Gainsbourg"]}]},"context":{"page_title":null,"page_url":null,"page_entity_id":null,"content_hierarchy":[]},"links":[[[{"start":0,"end":4,"url":null,"entity_id":"Q1977256","candidates":[]}],[{"start":0,"end":14,"url":null,"entity_id":"Q64526751","candidates":[]}],[{"start":0,"end":4,"url":null,"entity_id":"Q64532651","candidates":[]}]],[[{"start":0,"end":7,"url":null,"entity_id":"Q64495557","candidates":[]}],[{"start":0,"end":16,"url":null,"entity_id":"Q64495713","candidates":[]}],[{"start":0,"end":7,"url":null,"entity_id":"Q64495569","candidates":[]}]],[[{"start":0,"end":13,"url":null,"entity_id":"Q826224","candidates":[]}],[{"start":0,"end":24,"url":null,"entity_id":"Q64457238","candidates":[]}],[{"start":0,"end":13,"url":null,"entity_id":"Q64454490","candidates":[]}]],[[{"start":0,"end":15,"url":null,"entity_id":"Q3898076","candidates":[]}],[{"start":0,"end":2,"url":null,"entity_id":"Q64442230","candidates":[]}],[{"start":0,"end":15,"url":null,"entity_id":"Q64444188","candidates":[]}]],[[{"start":0,"end":9,"url":null,"entity_id":"Q10321176","candidates":[]}],[{"start":0,"end":19,"url":null,"entity_id":"Q64555027","candidates":[]}],[{"start":0,"end":9,"url":null,"entity_id":"Q10321177","candidates":[]}]],[[{"start":0,"end":14,"url":null,"entity_id":"Q66481433","candidates":[]}],[{"start":0,"end":14,"url":null,"entity_id":"Q66482597","candidates":[]}],[{"start":0,"end":14,"url":null,"entity_id":"Q66481457","candidates":[]}]],[[{"start":0,"end":14,"url":null,"entity_id":"Q3235432","candidates":[]}],[{"start":0,"end":13,"url":null,"entity_id":"Q65926393","candidates":[]}],[{"start":0,"end":14,"url":null,"entity_id":"Q65926781","candidates":[]}]],[[{"start":0,"end":13,"url":null,"entity_id":"Q1065716","candidates":[]}],[{"start":0,"end":13,"url":null,"entity_id":"Q64855145","candidates":[]}],[{"start":0,"end":13,"url":null,"entity_id":"Q64854403","candidates":[]}]],[[{"start":0,"end":18,"url":null,"entity_id":"Q3991618","candidates":[]}],[{"start":0,"end":18,"url":null,"entity_id":"Q64577983","candidates":[]}],[{"start":0,"end":18,"url":null,"entity_id":"Q64577612","candidates":[]}]],[[{"start":0,"end":4,"url":null,"entity_id":"Q208824","candidates":[]}],[{"start":0,"end":4,"url":null,"entity_id":"Q64484351","candidates":[]}],[{"start":0,"end":4,"url":null,"entity_id":"Q64485106","candidates":[]}]],[[{"start":0,"end":11,"url":null,"entity_id":"Q1775127","candidates":[]}],[{"start":0,"end":18,"url":null,"entity_id":"Q65028737","candidates":[]}],[{"start":0,"end":11,"url":null,"entity_id":"Q65029525","candidates":[]}]],[[{"start":0,"end":11,"url":null,"entity_id":"Q253004","candidates":[]}],[{"start":0,"end":11,"url":null,"entity_id":"Q67086199","candidates":[]}],[{"start":0,"end":11,"url":null,"entity_id":"Q67110309","candidates":[]}]],[[{"start":0,"end":37,"url":null,"entity_id":"Q16995172","candidates":[]}],[{"start":0,"end":22,"url":null,"entity_id":"Q66459029","candidates":[]}],[{"start":0,"end":37,"url":null,"entity_id":"Q66456728","candidates":[]}]],[[{"start":0,"end":4,"url":null,"entity_id":"Q12809960","candidates":[]}],[{"start":0,"end":18,"url":null,"entity_id":"Q64785069","candidates":[]}],[{"start":0,"end":4,"url":null,"entity_id":"Q64785050","candidates":[]}]],[[{"start":0,"end":18,"url":null,"entity_id":"Q6464095","candidates":[]}],[{"start":0,"end":18,"url":null,"entity_id":"Q64784793","candidates":[]}],[{"start":0,"end":18,"url":null,"entity_id":"Q64784715","candidates":[]}]],[[{"start":0,"end":6,"url":null,"entity_id":"Q1180251","candidates":[]}],[{"start":0,"end":6,"url":null,"entity_id":"Q64741531","candidates":[]}],[{"start":0,"end":6,"url":null,"entity_id":"Q64742509","candidates":[]}]],[[{"start":0,"end":13,"url":null,"entity_id":"Q2734826","candidates":[]}],[{"start":0,"end":13,"url":null,"entity_id":"Q64706603","candidates":[]}],[{"start":0,"end":13,"url":null,"entity_id":"Q64706702","candidates":[]}]],[[{"start":0,"end":25,"url":null,"entity_id":"Q3015571","candidates":[]}],[{"start":0,"end":25,"url":null,"entity_id":"Q64755675","candidates":[]}],[{"start":0,"end":26,"url":null,"entity_id":"Q64755694","candidates":[]}]],[[{"start":0,"end":28,"url":null,"entity_id":"Q3048951","candidates":[]}],[{"start":0,"end":23,"url":null,"entity_id":"Q64759718","candidates":[]}],[{"start":0,"end":31,"url":null,"entity_id":"Q64759768","candidates":[]}]],[[{"start":0,"end":12,"url":null,"entity_id":"Q3905258","candidates":[]}],[{"start":0,"end":11,"url":null,"entity_id":"Q64595547","candidates":[]}],[{"start":0,"end":12,"url":null,"entity_id":"Q64595929","candidates":[]}]]]}