{"version":"1.2","table":{"version":"2","table_id":"SQXR5V4P","columns":[{"index":0,"name":"col0","values":["Siena","Aujsburg","Mnnheim","Bielefld","Bchum","Duisbrg","Essen","Bolqgna","Frankfur am Main","agdeburg","Mwnich","Saarbrückeo","Mainz","Potsdm","Accien","Mausanne","Padua","Bonn","Camridge","Basel"]},{"index":1,"name":"col1","values":["53987.088","297496.08","307513.77999999997","330448.14","362804.86","495099.87","588940.09","390697.202","746131.122","239908.868","1469143.3509999998","181283.22299999997","216249.528","179513.712","247010.81599999996","138488.285","213040.91999999998","325295.648","124610.202","178482.97499999998"]},{"index":2,"name":"col2","values":["119.24118","147.16374000000002","144.39012","258.82","145.66","233.964","211.81238","140.15570000000002","250.04816999999997","201.01","313.8171","166.34736","97.14362","188.63652","160.85","41.121779999999994","93.12302999999999","141.62424000000001","40.9035","23.659200000000002"]},{"index":3,"name":"col3","values":["322.0","479.59","97.87299999999999","116.82","94.188","33.066","114.84","53.892","100.394","43.43","523.152","188.29","88.911","34.93","124.625","497.97","12.096","60.3","6.048","258.44"]}]},"context":{"page_title":null,"page_url":null,"page_entity_id":null,"content_hierarchy":[]},"links":[[[{"start":0,"end":8,"url":null,"entity_id":"Q2749","candidates":[]}],[],[],[]],[[{"start":0,"end":7,"url":null,"entity_id":"Q2119","candidates":[]}],[],[],[]],[[{"start":0,"end":8,"url":null,"entity_id":"Q2112","candidates":[]}],[],[],[]],[[{"start":0,"end":5,"url":null,"entity_id":"Q2103","candidates":[]}],[],[],[]],[[{"start":0,"end":7,"url":null,"entity_id":"Q2100","candidates":[]}],[],[],[]],[[{"start":0,"end":5,"url":null,"entity_id":"Q2066","candidates":[]}],[],[],[]],[[{"start":0,"end":7,"url":null,"entity_id":"Q1891","candidates":[]}],[],[],[]],[[{"start":0,"end":16,"url":null,"entity_id":"Q1794","candidates":[]}],[],[],[]],[[{"start":0,"end":8,"url":null,"entity_id":"Q1733","candidates":[]}],[],[],[]],[[{"start":0,"end":6,"url":null,"entity_id":"Q1726","candidates":[]}],[],[],[]],[[{"start":0,"end":11,"url":null,"entity_id":"Q1724","candidates":[]}],[],[],[]],[[{"start":0,"end":5,"url":null,"entity_id":"Q1720","candidates":[]}],[],[],[]],[[{"start":0,"end":6,"url":null,"entity_id":"Q1711","candidates":[]}],[],[],[]],[[{"start":0,"end":6,"url":null,"entity_id":"Q1017","candidates":[]}],[],[],[]],[[{"start":0,"end":8,"url":null,"entity_id":"Q807","candidates":[]}],[],[],[]],[[{"start":0,"end":5,"url":null,"entity_id":"Q617","candidates":[]}],[],[],[]],[[{"start":0,"end":4,"url":null,"entity_id":"Q586","candidates":[]}],[],[],[]],[[{"start":0,"end":8,"url":null,"entity_id":"Q350","candidates":[]}],[],[],[]],[[{"start":0,"end":5,"url":null,"entity_id":"Q78","candidates":[]}],[],[],[]],[[{"start":0,"end":5,"url":null,"entity_id":"Q2751","candidates":[]}],[],[],[]]]}