{"version":"1.2","table":{"version":"2","table_id":"SR3JNXR4","columns":[{"index":0,"name":"col0","values":["thallium.210","thllium-209","thamlium-207","thallium-306","tallium-207m","thalllum-206m","thallium-24","thllium-202","thallium-203","thallim-200","tallium-199","tjalium-198","tiallium-197","thallum-196","thallium0195","thallium-19m","thalium-193","thallium-19m1","thalliuo-192","thaolium-191m"]},{"index":1,"name":"col1","values":["thallium","thallium","thallium","thallium","thallium","thallium","thallium","thallium","thallium","thallium","thallium","thallium","thallium","thallium","thallium","thallium","thallium","thallium","thallium","thallium"]},{"index":2,"name":"col2","values":["lead-209","lead-209","lead-207","lead-206","thallium-207","thallium-206","mercury-204","mercury-202","mercury-201","mercury-200","mercury-199","mercury-198","mercury-197","mercury-196","mercury-195","mercury-194","mercury-193","mercury-192","mercury-192","mercury-191"]}]},"context":{"page_title":null,"page_url":null,"page_entity_id":null,"content_hierarchy":[]},"links":[[[{"start":0,"end":11,"url":null,"entity_id":"Q18883344","candidates":[]}],[{"start":0,"end":8,"url":null,"entity_id":"Q932","candidates":[]}],[{"start":0,"end":8,"url":null,"entity_id":"Q18888056","candidates":[]}]],[[{"start":0,"end":12,"url":null,"entity_id":"Q18883340","candidates":[]}],[{"start":0,"end":8,"url":null,"entity_id":"Q932","candidates":[]}],[{"start":0,"end":8,"url":null,"entity_id":"Q18883443","candidates":[]}]],[[{"start":0,"end":12,"url":null,"entity_id":"Q18883338","candidates":[]}],[{"start":0,"end":8,"url":null,"entity_id":"Q932","candidates":[]}],[{"start":0,"end":8,"url":null,"entity_id":"Q18883438","candidates":[]}]],[[{"start":0,"end":12,"url":null,"entity_id":"Q18883342","candidates":[]}],[{"start":0,"end":8,"url":null,"entity_id":"Q932","candidates":[]}],[{"start":0,"end":12,"url":null,"entity_id":"Q18883340","candidates":[]}]],[[{"start":0,"end":13,"url":null,"entity_id":"Q18883339","candidates":[]}],[{"start":0,"end":8,"url":null,"entity_id":"Q932","candidates":[]}],[{"start":0,"end":12,"url":null,"entity_id":"Q18883338","candidates":[]}]],[[{"start":0,"end":11,"url":null,"entity_id":"Q18883329","candidates":[]}],[{"start":0,"end":8,"url":null,"entity_id":"Q932","candidates":[]}],[{"start":0,"end":11,"url":null,"entity_id":"Q18883242","candidates":[]}]],[[{"start":0,"end":11,"url":null,"entity_id":"Q18883325","candidates":[]}],[{"start":0,"end":8,"url":null,"entity_id":"Q932","candidates":[]}],[{"start":0,"end":11,"url":null,"entity_id":"Q18883239","candidates":[]}]],[[{"start":0,"end":12,"url":null,"entity_id":"Q18883323","candidates":[]}],[{"start":0,"end":8,"url":null,"entity_id":"Q932","candidates":[]}],[{"start":0,"end":11,"url":null,"entity_id":"Q18883237","candidates":[]}]],[[{"start":0,"end":11,"url":null,"entity_id":"Q18883319","candidates":[]}],[{"start":0,"end":8,"url":null,"entity_id":"Q932","candidates":[]}],[{"start":0,"end":11,"url":null,"entity_id":"Q18883236","candidates":[]}]],[[{"start":0,"end":11,"url":null,"entity_id":"Q18883317","candidates":[]}],[{"start":0,"end":8,"url":null,"entity_id":"Q932","candidates":[]}],[{"start":0,"end":11,"url":null,"entity_id":"Q18883234","candidates":[]}]],[[{"start":0,"end":11,"url":null,"entity_id":"Q18883313","candidates":[]}],[{"start":0,"end":8,"url":null,"entity_id":"Q932","candidates":[]}],[{"start":0,"end":11,"url":null,"entity_id":"Q18883233","candidates":[]}]],[[{"start":0,"end":12,"url":null,"entity_id":"Q18883311","candidates":[]}],[{"start":0,"end":8,"url":null,"entity_id":"Q932","candidates":[]}],[{"start":0,"end":11,"url":null,"entity_id":"Q18883231","candidates":[]}]],[[{"start":0,"end":11,"url":null,"entity_id":"Q18883309","candidates":[]}],[{"start":0,"end":8,"url":null,"entity_id":"Q932","candidates":[]}],[{"start":0,"end":11,"url":null,"entity_id":"Q18883230","candidates":[]}]],[[{"start":0,"end":12,"url":null,"entity_id":"Q18883307","candidates":[]}],[{"start":0,"end":8,"url":null,"entity_id":"Q932","candidates":[]}],[{"start":0,"end":11,"url":null,"entity_id":"Q18883228","candidates":[]}]],[[{"start":0,"end":12,"url":null,"entity_id":"Q18883306","candidates":[]}],[{"start":0,"end":8,"url":null,"entity_id":"Q932","candidates":[]}],[{"start":0,"end":11,"url":null,"entity_id":"Q18883226","candidates":[]}]],[[{"start":0,"end":11,"url":null,"entity_id":"Q18883302","candidates":[]}],[{"start":0,"end":8,"url":null,"entity_id":"Q932","candidates":[]}],[{"start":0,"end":11,"url":null,"entity_id":"Q18883224","candidates":[]}]],[[{"start":0,"end":13,"url":null,"entity_id":"Q18883300","candidates":[]}],[{"start":0,"end":8,"url":null,"entity_id":"Q932","candidates":[]}],[{"start":0,"end":11,"url":null,"entity_id":"Q18883223","candidates":[]}]],[[{"start":0,"end":12,"url":null,"entity_id":"Q18883299","candidates":[]}],[{"start":0,"end":8,"url":null,"entity_id":"Q932","candidates":[]}],[{"start":0,"end":11,"url":null,"entity_id":"Q18883223","candidates":[]}]],[[{"start":0,"end":13,"url":null,"entity_id":"Q18883298","candidates":[]}],[{"start":0,"end":8,"url":null,"entity_id":"Q932","candidates":[]}],[{"start":0,"end":11,"url":null,"entity_id":"Q18883221","candidates":[]}]],[[{"start":0,"end":12,"url":null,"entity_id":"Q18883345","candidates":[]}],[{"start":0,"end":8,"url":null,"entity_id":"Q932","candidates":[]}],[{"start":0,"end":8,"url":null,"entity_id":"Q18888056","candidates":[]}]]]}