{"version":"1.2","table":{"version":"2","table_id":"STHXKY8Q","columns":[{"index":0,"name":"col0","values":["Björke socken, Gotland","Bjärtrå","Bjuv socken","Bjurum socken","Bjurholms socken","Biskopskulla socken","Binneberg socken","Billinge socken","Billeberga socken","Bettna socken","Bergunda socken","Bergum socken","Bergstena socken","Bergshammar socken","Berg socken","Berg socken","Berg socken","Berg socken","Berghem socken","Berga socken"]},{"index":1,"name":"col1","values":["12","159","17","29","1323","23","5","42","23","83","65","57","31","32","58","43","80","806","39","179"]},{"index":2,"name":"col2","values":["30","211","21","123","236","36","88","74","18","39","158","71","153","51","65","156","209","369","25","142"]}]},"context":{"page_title":null,"page_url":null,"page_entity_id":null,"content_hierarchy":[]},"links":[[[{"start":0,"end":7,"url":null,"entity_id":"Q10430509","candidates":[]}],[],[]],[[{"start":0,"end":11,"url":null,"entity_id":"Q10430446","candidates":[]}],[],[]],[[{"start":0,"end":13,"url":null,"entity_id":"Q10430428","candidates":[]}],[],[]],[[{"start":0,"end":16,"url":null,"entity_id":"Q10430399","candidates":[]}],[],[]],[[{"start":0,"end":19,"url":null,"entity_id":"Q10430103","candidates":[]}],[],[]],[[{"start":0,"end":16,"url":null,"entity_id":"Q10429730","candidates":[]}],[],[]],[[{"start":0,"end":15,"url":null,"entity_id":"Q10429640","candidates":[]}],[],[]],[[{"start":0,"end":17,"url":null,"entity_id":"Q10429620","candidates":[]}],[],[]],[[{"start":0,"end":13,"url":null,"entity_id":"Q10429052","candidates":[]}],[],[]],[[{"start":0,"end":15,"url":null,"entity_id":"Q10428611","candidates":[]}],[],[]],[[{"start":0,"end":13,"url":null,"entity_id":"Q10428605","candidates":[]}],[],[]],[[{"start":0,"end":16,"url":null,"entity_id":"Q10428576","candidates":[]}],[],[]],[[{"start":0,"end":18,"url":null,"entity_id":"Q10428507","candidates":[]}],[],[]],[[{"start":0,"end":11,"url":null,"entity_id":"Q10428486","candidates":[]}],[],[]],[[{"start":0,"end":11,"url":null,"entity_id":"Q10428485","candidates":[]}],[],[]],[[{"start":0,"end":11,"url":null,"entity_id":"Q10428484","candidates":[]}],[],[]],[[{"start":0,"end":11,"url":null,"entity_id":"Q10428483","candidates":[]}],[],[]],[[{"start":0,"end":14,"url":null,"entity_id":"Q10428414","candidates":[]}],[],[]],[[{"start":0,"end":12,"url":null,"entity_id":"Q10428349","candidates":[]}],[],[]],[[{"start":0,"end":22,"url":null,"entity_id":"Q10430540","candidates":[]}],[],[]]]}