{"version":"1.2","table":{"version":"2","table_id":"TMQSW1DY","columns":[{"index":0,"name":"col0","values":["Gabrie Orozco","Der#andere Müller vom Siel","Tobas Madison","Joachim Koeter","Monika Baet","lice Springs","Deep Stdte","Scroll Down and Keep Sroling","Dreams and Visiot","eanwhile","Triennale der Photograpie Hamburg. The day will come - when photography revises","Mbnuel Graf","Rlaf Metzel","Women Between Buildins","You You Yo","Fluiity","Tke History Sho","Katja ovitskova","Bn Rivers","Fuk the Underground"]},{"index":1,"name":"col1","values":["Gabriel Orozco","Georg Müller vom Siel","Tobias Madison","Joachim Koester","Monika Baer","Alice Springs","Trevor Paglen","Fiona Banner","H. R. Giger","Nathan Hylden","Harun Farocki","Manuel Graf","Olaf Metzel","Nicole Wermers","Liz Magor","Simon Denny","Franz Erhard Walther","Katja Novitskova","Ben Rivers","Kathe Burkhart"]},{"index":2,"name":"col2","values":["2010/04/18","2014/05/25","2016/02/06","2010/11/26","2016/09/04","2011/11/25","2017/05/28","2016/03/24","2011/03/10","2013/07/13","2015/06/19","2012/09/15","2013/09/28","2018/03/03","2017/07/01","2016/01/30","2017/01/28","2016/04/23","2016/03/23","2011/09/04"]}]},"context":{"page_title":null,"page_url":null,"page_entity_id":null,"content_hierarchy":[]},"links":[[[{"start":0,"end":26,"url":null,"entity_id":"Q55358245","candidates":[]}],[{"start":0,"end":21,"url":null,"entity_id":"Q1505446","candidates":[]}],[]],[[{"start":0,"end":13,"url":null,"entity_id":"Q55354871","candidates":[]}],[{"start":0,"end":14,"url":null,"entity_id":"Q7811649","candidates":[]}],[]],[[{"start":0,"end":14,"url":null,"entity_id":"Q55354855","candidates":[]}],[{"start":0,"end":15,"url":null,"entity_id":"Q6204582","candidates":[]}],[]],[[{"start":0,"end":11,"url":null,"entity_id":"Q55354875","candidates":[]}],[{"start":0,"end":11,"url":null,"entity_id":"Q1944560","candidates":[]}],[]],[[{"start":0,"end":12,"url":null,"entity_id":"Q55354861","candidates":[]}],[{"start":0,"end":13,"url":null,"entity_id":"Q17872","candidates":[]}],[]],[[{"start":0,"end":10,"url":null,"entity_id":"Q55356290","candidates":[]}],[{"start":0,"end":13,"url":null,"entity_id":"Q7839361","candidates":[]}],[]],[[{"start":0,"end":28,"url":null,"entity_id":"Q55356083","candidates":[]}],[{"start":0,"end":12,"url":null,"entity_id":"Q5451020","candidates":[]}],[]],[[{"start":0,"end":17,"url":null,"entity_id":"Q55356509","candidates":[]}],[{"start":0,"end":11,"url":null,"entity_id":"Q312640","candidates":[]}],[]],[[{"start":0,"end":8,"url":null,"entity_id":"Q55357946","candidates":[]}],[{"start":0,"end":13,"url":null,"entity_id":"Q43131819","candidates":[]}],[]],[[{"start":0,"end":79,"url":null,"entity_id":"Q55357950","candidates":[]}],[{"start":0,"end":13,"url":null,"entity_id":"Q67547","candidates":[]}],[]],[[{"start":0,"end":11,"url":null,"entity_id":"Q55357941","candidates":[]}],[{"start":0,"end":11,"url":null,"entity_id":"Q15833713","candidates":[]}],[]],[[{"start":0,"end":11,"url":null,"entity_id":"Q55357947","candidates":[]}],[{"start":0,"end":11,"url":null,"entity_id":"Q1538419","candidates":[]}],[]],[[{"start":0,"end":22,"url":null,"entity_id":"Q55357963","candidates":[]}],[{"start":0,"end":14,"url":null,"entity_id":"Q20064531","candidates":[]}],[]],[[{"start":0,"end":10,"url":null,"entity_id":"Q55357960","candidates":[]}],[{"start":0,"end":9,"url":null,"entity_id":"Q16121756","candidates":[]}],[]],[[{"start":0,"end":7,"url":null,"entity_id":"Q55357952","candidates":[]}],[{"start":0,"end":11,"url":null,"entity_id":"Q15847617","candidates":[]}],[]],[[{"start":0,"end":15,"url":null,"entity_id":"Q55357959","candidates":[]}],[{"start":0,"end":20,"url":null,"entity_id":"Q1446682","candidates":[]}],[]],[[{"start":0,"end":15,"url":null,"entity_id":"Q55357955","candidates":[]}],[{"start":0,"end":16,"url":null,"entity_id":"Q19667905","candidates":[]}],[]],[[{"start":0,"end":9,"url":null,"entity_id":"Q55357954","candidates":[]}],[{"start":0,"end":10,"url":null,"entity_id":"Q4886361","candidates":[]}],[]],[[{"start":0,"end":19,"url":null,"entity_id":"Q55353157","candidates":[]}],[{"start":0,"end":14,"url":null,"entity_id":"Q18379865","candidates":[]}],[]],[[{"start":0,"end":13,"url":null,"entity_id":"Q55357021","candidates":[]}],[{"start":0,"end":14,"url":null,"entity_id":"Q1242404","candidates":[]}],[]]]}