{"version":"1.2","table":{"version":"2","table_id":"TNL50UZR","columns":[{"index":0,"name":"col0","values":["Anguillan Creole","North Marquesan","Maore dialect","Pomor dialects","Forest Nenets language","Jèrriais","Resian dialect","Gutnish","Chaplino dialect","Congo Swahili","Koroshi","Norfuk","Saterland Frisian","Pirahã","Digor dialect","Huizhou dialect","Arbëresh","Judeo-Tat","Ngazidja Comorian","Muna"]},{"index":1,"name":"col1","values":["11500","6000","15200","2000","1750","1920","1500","2000","1600","1000","1000","400","1000","389","100000","120000","100000","106000","312000","300000"]},{"index":2,"name":"col2","values":["United Kingdom","France","France","Russia","Russia","United Kingdom","Italy","Sweden","United States of America","Zambia","Iran","Australia","Germany","Brazil","Russia","People's Republic of China","Italy","Canada","Comoros","Indonesia"]}]},"context":{"page_title":null,"page_url":null,"page_entity_id":null,"content_hierarchy":[]},"links":[[[{"start":0,"end":15,"url":null,"entity_id":"Q2603808","candidates":[]}],[],[{"start":0,"end":6,"url":null,"entity_id":"Q142","candidates":[]}]],[[{"start":0,"end":13,"url":null,"entity_id":"Q34075","candidates":[]}],[],[{"start":0,"end":6,"url":null,"entity_id":"Q142","candidates":[]}]],[[{"start":0,"end":14,"url":null,"entity_id":"Q2371178","candidates":[]}],[],[{"start":0,"end":6,"url":null,"entity_id":"Q159","candidates":[]}]],[[{"start":0,"end":22,"url":null,"entity_id":"Q1295107","candidates":[]}],[],[{"start":0,"end":6,"url":null,"entity_id":"Q159","candidates":[]}]],[[{"start":0,"end":8,"url":null,"entity_id":"Q56430","candidates":[]}],[],[{"start":0,"end":14,"url":null,"entity_id":"Q145","candidates":[]}]],[[{"start":0,"end":14,"url":null,"entity_id":"Q1193712","candidates":[]}],[],[{"start":0,"end":5,"url":null,"entity_id":"Q38","candidates":[]}]],[[{"start":0,"end":7,"url":null,"entity_id":"Q1256646","candidates":[]}],[],[{"start":0,"end":6,"url":null,"entity_id":"Q34","candidates":[]}]],[[{"start":0,"end":16,"url":null,"entity_id":"Q4507276","candidates":[]}],[],[{"start":0,"end":24,"url":null,"entity_id":"Q30","candidates":[]}]],[[{"start":0,"end":13,"url":null,"entity_id":"Q10961696","candidates":[]}],[],[{"start":0,"end":6,"url":null,"entity_id":"Q953","candidates":[]}]],[[{"start":0,"end":7,"url":null,"entity_id":"Q3775265","candidates":[]}],[],[{"start":0,"end":4,"url":null,"entity_id":"Q794","candidates":[]}]],[[{"start":0,"end":6,"url":null,"entity_id":"Q33797","candidates":[]}],[],[{"start":0,"end":9,"url":null,"entity_id":"Q408","candidates":[]}]],[[{"start":0,"end":17,"url":null,"entity_id":"Q27154","candidates":[]}],[],[{"start":0,"end":7,"url":null,"entity_id":"Q183","candidates":[]}]],[[{"start":0,"end":6,"url":null,"entity_id":"Q33825","candidates":[]}],[],[{"start":0,"end":6,"url":null,"entity_id":"Q155","candidates":[]}]],[[{"start":0,"end":13,"url":null,"entity_id":"Q3027861","candidates":[]}],[],[{"start":0,"end":6,"url":null,"entity_id":"Q159","candidates":[]}]],[[{"start":0,"end":15,"url":null,"entity_id":"Q11073393","candidates":[]}],[],[{"start":0,"end":26,"url":null,"entity_id":"Q148","candidates":[]}]],[[{"start":0,"end":8,"url":null,"entity_id":"Q1075302","candidates":[]}],[],[{"start":0,"end":5,"url":null,"entity_id":"Q38","candidates":[]}]],[[{"start":0,"end":9,"url":null,"entity_id":"Q56495","candidates":[]}],[],[{"start":0,"end":6,"url":null,"entity_id":"Q16","candidates":[]}]],[[{"start":0,"end":17,"url":null,"entity_id":"Q3114653","candidates":[]}],[],[{"start":0,"end":7,"url":null,"entity_id":"Q970","candidates":[]}]],[[{"start":0,"end":4,"url":null,"entity_id":"Q6935584","candidates":[]}],[],[{"start":0,"end":9,"url":null,"entity_id":"Q252","candidates":[]}]],[[{"start":0,"end":16,"url":null,"entity_id":"Q4763995","candidates":[]}],[],[{"start":0,"end":14,"url":null,"entity_id":"Q145","candidates":[]}]]]}