{"version":"1.2","table":{"version":"2","table_id":"TT5L4GD1","columns":[{"index":0,"name":"col0","values":["mercury-188","mercury-187m","mercury-187","mercury-186","mercury-185","mercury-184","mercury-183","mercury-182","mercury-179","mercury-178","mercury-177","mercury-176","mercury-175","mercury-174","mercury-173","mercury-172","mercury-171","mercury-181","mercury-180","mercury-197m"]},{"index":1,"name":"col1","values":["platinum-184","platinum-183","platinum-183","platinum-182","platinum-181","platinum-180","platinum-179","platinum-178","platinum-175","platinum-174","platinum-173","platinum-172","platinum-171","platinum-170","platinum-169","platinum-168","platinum-167","iridium-177","krypton-80","mercury-197"]},{"index":2,"name":"col2","values":["108","107","107","106","105","104","103","102","99","98","97","96","95","94","93","92","91","101","100","117"]}]},"context":{"page_title":null,"page_url":null,"page_entity_id":null,"content_hierarchy":[]},"links":[[[{"start":0,"end":12,"url":null,"entity_id":"Q18883213","candidates":[]}],[{"start":0,"end":12,"url":null,"entity_id":"Q18883079","candidates":[]}],[]],[[{"start":0,"end":11,"url":null,"entity_id":"Q18883212","candidates":[]}],[{"start":0,"end":12,"url":null,"entity_id":"Q18883079","candidates":[]}],[]],[[{"start":0,"end":11,"url":null,"entity_id":"Q18883210","candidates":[]}],[{"start":0,"end":12,"url":null,"entity_id":"Q18883077","candidates":[]}],[]],[[{"start":0,"end":11,"url":null,"entity_id":"Q18883208","candidates":[]}],[{"start":0,"end":12,"url":null,"entity_id":"Q18883076","candidates":[]}],[]],[[{"start":0,"end":11,"url":null,"entity_id":"Q18883206","candidates":[]}],[{"start":0,"end":12,"url":null,"entity_id":"Q18883075","candidates":[]}],[]],[[{"start":0,"end":11,"url":null,"entity_id":"Q18883203","candidates":[]}],[{"start":0,"end":12,"url":null,"entity_id":"Q18883074","candidates":[]}],[]],[[{"start":0,"end":11,"url":null,"entity_id":"Q18883202","candidates":[]}],[{"start":0,"end":12,"url":null,"entity_id":"Q18883073","candidates":[]}],[]],[[{"start":0,"end":11,"url":null,"entity_id":"Q18883198","candidates":[]}],[{"start":0,"end":12,"url":null,"entity_id":"Q18883069","candidates":[]}],[]],[[{"start":0,"end":11,"url":null,"entity_id":"Q18883196","candidates":[]}],[{"start":0,"end":12,"url":null,"entity_id":"Q18883068","candidates":[]}],[]],[[{"start":0,"end":11,"url":null,"entity_id":"Q18883195","candidates":[]}],[{"start":0,"end":12,"url":null,"entity_id":"Q18883067","candidates":[]}],[]],[[{"start":0,"end":11,"url":null,"entity_id":"Q18883194","candidates":[]}],[{"start":0,"end":12,"url":null,"entity_id":"Q18883066","candidates":[]}],[]],[[{"start":0,"end":11,"url":null,"entity_id":"Q18883193","candidates":[]}],[{"start":0,"end":12,"url":null,"entity_id":"Q18883065","candidates":[]}],[]],[[{"start":0,"end":11,"url":null,"entity_id":"Q18883191","candidates":[]}],[{"start":0,"end":12,"url":null,"entity_id":"Q18883064","candidates":[]}],[]],[[{"start":0,"end":11,"url":null,"entity_id":"Q18883190","candidates":[]}],[{"start":0,"end":12,"url":null,"entity_id":"Q18883063","candidates":[]}],[]],[[{"start":0,"end":11,"url":null,"entity_id":"Q18883189","candidates":[]}],[{"start":0,"end":12,"url":null,"entity_id":"Q18883062","candidates":[]}],[]],[[{"start":0,"end":11,"url":null,"entity_id":"Q18883188","candidates":[]}],[{"start":0,"end":12,"url":null,"entity_id":"Q18883061","candidates":[]}],[]],[[{"start":0,"end":11,"url":null,"entity_id":"Q18883200","candidates":[]}],[{"start":0,"end":11,"url":null,"entity_id":"Q18883012","candidates":[]}],[]],[[{"start":0,"end":11,"url":null,"entity_id":"Q18883199","candidates":[]}],[{"start":0,"end":10,"url":null,"entity_id":"Q2071481","candidates":[]}],[]],[[{"start":0,"end":12,"url":null,"entity_id":"Q18883232","candidates":[]}],[{"start":0,"end":11,"url":null,"entity_id":"Q18883231","candidates":[]}],[]],[[{"start":0,"end":11,"url":null,"entity_id":"Q18883214","candidates":[]}],[{"start":0,"end":12,"url":null,"entity_id":"Q18883082","candidates":[]}],[]]]}