{"version":"1.2","table":{"version":"2","table_id":"TU2XCX5G","columns":[{"index":0,"name":"col0","values":["Ixtepec Airport","Campo Fontenelle Airport","RAF Machrihanish","RAAF Learmonth","Ponta Pelada Airport","Manaus Air Force Base","Kondinskoye Airport","Topeka Regional Airport","Anapolis AFB","Suratgarh Air Force Station","Utti Airport","Halli Airport","Cengiz Topel Naval Air Station","Santos Airbase","Sarasota–Bradenton International Airport","CFB Trenton","CFB Cold Lake","Iwakuni Air Base","Dijon Air Base","Diori Hamani International Airport"]},{"index":1,"name":"col1","values":["17426","4","3739","0","304","83","10250","0","0","19608","7","15","54366","29","1186419","0","2259","483004","2938","304618"]},{"index":2,"name":"col2","values":["49","599","42","7","81","81","40","1078","1136","169","340","481","55","3","30","283","1775","10","726","732"]}]},"context":{"page_title":null,"page_url":null,"page_entity_id":null,"content_hierarchy":[]},"links":[[[{"start":0,"end":24,"url":null,"entity_id":"Q12692104","candidates":[]}],[],[]],[[{"start":0,"end":16,"url":null,"entity_id":"Q7275460","candidates":[]}],[],[]],[[{"start":0,"end":14,"url":null,"entity_id":"Q7274976","candidates":[]}],[],[]],[[{"start":0,"end":20,"url":null,"entity_id":"Q7228049","candidates":[]}],[],[]],[[{"start":0,"end":21,"url":null,"entity_id":"Q6747097","candidates":[]}],[],[]],[[{"start":0,"end":19,"url":null,"entity_id":"Q6428998","candidates":[]}],[],[]],[[{"start":0,"end":23,"url":null,"entity_id":"Q5467244","candidates":[]}],[],[]],[[{"start":0,"end":12,"url":null,"entity_id":"Q22060675","candidates":[]}],[],[]],[[{"start":0,"end":27,"url":null,"entity_id":"Q21974265","candidates":[]}],[],[]],[[{"start":0,"end":12,"url":null,"entity_id":"Q2660813","candidates":[]}],[],[]],[[{"start":0,"end":13,"url":null,"entity_id":"Q2627988","candidates":[]}],[],[]],[[{"start":0,"end":30,"url":null,"entity_id":"Q1961428","candidates":[]}],[],[]],[[{"start":0,"end":14,"url":null,"entity_id":"Q18499978","candidates":[]}],[],[]],[[{"start":0,"end":40,"url":null,"entity_id":"Q1284157","candidates":[]}],[],[]],[[{"start":0,"end":11,"url":null,"entity_id":"Q1032133","candidates":[]}],[],[]],[[{"start":0,"end":13,"url":null,"entity_id":"Q1032108","candidates":[]}],[],[]],[[{"start":0,"end":16,"url":null,"entity_id":"Q1030389","candidates":[]}],[],[]],[[{"start":0,"end":14,"url":null,"entity_id":"Q930655","candidates":[]}],[],[]],[[{"start":0,"end":34,"url":null,"entity_id":"Q905933","candidates":[]}],[],[]],[[{"start":0,"end":15,"url":null,"entity_id":"Q12693155","candidates":[]}],[],[]]]}