{"version":"1.2","table":{"version":"2","table_id":"TU2Y8Z9H","columns":[{"index":0,"name":"col0","values":["Löddeköpinge municipality","Loshult municipality","Lästringe Rural Municipality","Matfors Municipality","Långsele landskommun","Locknevi Rural Municipality","Fjärestads Rural Municipality","Flieseryd municipality","Fjärås municipality","Frösö Rural Municipality","Fridlevstad municipality","Ekeby Municipality","Dalby Municipality","Degeberga municipality","Ekeby rural municipality","Dannemora Municipality","Dals Rural Municipality","Djurö Municipality","Enslöv municipality","Eldsberga municipality"]},{"index":1,"name":"col1","values":["1863-01-01","1863-01-01","1863-01-01","1963-01-01","1863-01-01","1863-01-01","1863-01-01","1863-01-01","1863-01-01","1863-01-01","1863-01-01","1863-01-01","1863-01-01","1863-01-01","1863-01-01","1863-01-01","1863-01-01","1863-01-01","1863-01-01","1863-01-01"]},{"index":2,"name":"col2","values":["Malmöhus County","Kristianstad County","Södermanland County","Västernorrland County","Västernorrland County","Kalmar County","Malmöhus County","Kalmar County","Halland County","Jämtland County","Blekinge County","Malmöhus County","Malmöhus County","Kristianstad County","Östergötland County","Uppsala County","Västernorrland County","Stockholm County","Halland County","Halland County"]}]},"context":{"page_title":null,"page_url":null,"page_entity_id":null,"content_hierarchy":[]},"links":[[[{"start":0,"end":20,"url":null,"entity_id":"Q10569858","candidates":[]}],[],[{"start":0,"end":19,"url":null,"entity_id":"Q339637","candidates":[]}]],[[{"start":0,"end":28,"url":null,"entity_id":"Q10572409","candidates":[]}],[],[{"start":0,"end":19,"url":null,"entity_id":"Q106915","candidates":[]}]],[[{"start":0,"end":20,"url":null,"entity_id":"Q10578317","candidates":[]}],[],[{"start":0,"end":21,"url":null,"entity_id":"Q104891","candidates":[]}]],[[{"start":0,"end":20,"url":null,"entity_id":"Q10572642","candidates":[]}],[],[{"start":0,"end":21,"url":null,"entity_id":"Q104891","candidates":[]}]],[[{"start":0,"end":27,"url":null,"entity_id":"Q10568694","candidates":[]}],[],[{"start":0,"end":13,"url":null,"entity_id":"Q103707","candidates":[]}]],[[{"start":0,"end":29,"url":null,"entity_id":"Q10496101","candidates":[]}],[],[{"start":0,"end":15,"url":null,"entity_id":"Q533915","candidates":[]}]],[[{"start":0,"end":22,"url":null,"entity_id":"Q10496836","candidates":[]}],[],[{"start":0,"end":13,"url":null,"entity_id":"Q103707","candidates":[]}]],[[{"start":0,"end":19,"url":null,"entity_id":"Q10496124","candidates":[]}],[],[{"start":0,"end":14,"url":null,"entity_id":"Q103691","candidates":[]}]],[[{"start":0,"end":24,"url":null,"entity_id":"Q10499799","candidates":[]}],[],[{"start":0,"end":15,"url":null,"entity_id":"Q103679","candidates":[]}]],[[{"start":0,"end":24,"url":null,"entity_id":"Q10499030","candidates":[]}],[],[{"start":0,"end":15,"url":null,"entity_id":"Q102377","candidates":[]}]],[[{"start":0,"end":18,"url":null,"entity_id":"Q10480536","candidates":[]}],[],[{"start":0,"end":15,"url":null,"entity_id":"Q533915","candidates":[]}]],[[{"start":0,"end":18,"url":null,"entity_id":"Q10466121","candidates":[]}],[],[{"start":0,"end":15,"url":null,"entity_id":"Q533915","candidates":[]}]],[[{"start":0,"end":22,"url":null,"entity_id":"Q10467683","candidates":[]}],[],[{"start":0,"end":19,"url":null,"entity_id":"Q339637","candidates":[]}]],[[{"start":0,"end":24,"url":null,"entity_id":"Q10480537","candidates":[]}],[],[{"start":0,"end":19,"url":null,"entity_id":"Q104940","candidates":[]}]],[[{"start":0,"end":22,"url":null,"entity_id":"Q10466624","candidates":[]}],[],[{"start":0,"end":14,"url":null,"entity_id":"Q104926","candidates":[]}]],[[{"start":0,"end":23,"url":null,"entity_id":"Q10466253","candidates":[]}],[],[{"start":0,"end":21,"url":null,"entity_id":"Q104891","candidates":[]}]],[[{"start":0,"end":18,"url":null,"entity_id":"Q10475002","candidates":[]}],[],[{"start":0,"end":16,"url":null,"entity_id":"Q104231","candidates":[]}]],[[{"start":0,"end":19,"url":null,"entity_id":"Q10484433","candidates":[]}],[],[{"start":0,"end":14,"url":null,"entity_id":"Q103691","candidates":[]}]],[[{"start":0,"end":22,"url":null,"entity_id":"Q10481146","candidates":[]}],[],[{"start":0,"end":14,"url":null,"entity_id":"Q103691","candidates":[]}]],[[{"start":0,"end":25,"url":null,"entity_id":"Q10572788","candidates":[]}],[],[{"start":0,"end":15,"url":null,"entity_id":"Q533915","candidates":[]}]]]}