{"version":"1.2","table":{"version":"2","table_id":"TUY34ZOI","columns":[{"index":0,"name":"col0","values":["B. Dary","J. Gaucher","H. Sauvagnac","E. v. Mackensen","P. Koshevoy","F. Krüger","F. Klingenberg","H. Hoth","J. Faure","I. Dumitrache","E. Mäder","E. O'Duffy","W. Model","W. v. Boltenstern","W. v. Seydlitz-Kurzbach","E. v. Hoeppner","E. Busch","E. Kals","J. Lanthier","P. Arrivet"]},{"index":1,"name":"col1","values":["French Foreign Legion","13th Demi-Brigade of Foreign Legion","1st Parachute Chasseur Regiment","14th Army","Group of Soviet Forces in Germany","V SS Mountain Corps","17th SS Panzergrenadier Division Götz von Berlichingen","17th Army","1st Parachute Chasseur Regiment","corps","Pontifical Swiss Guard","Irish Brigade","3rd Panzer Division","179th Reserve Panzer Division","12th Infantry Division","17th Reserve Division (German Empire)","16th Army","German submarine U-130","5 Canadian Mechanized Brigade Group","77th Infantry Regiment"]},{"index":2,"name":"col2","values":["Bruno","Jules","Henri","Eberhard","Piotr","Theodor","Fritz","Hermann","Jacques","Ioan","Elmar","Eoin","Walter","Walter","Walter","Ernst","Ernst","Ernst","Jean-Marc","Paul"]}]},"context":{"page_title":null,"page_url":null,"page_entity_id":null,"content_hierarchy":[]},"links":[[[{"start":0,"end":10,"url":null,"entity_id":"Q3188608","candidates":[]}],[{"start":0,"end":35,"url":null,"entity_id":"Q186920","candidates":[]}],[{"start":0,"end":5,"url":null,"entity_id":"Q1711638","candidates":[]}]],[[{"start":0,"end":12,"url":null,"entity_id":"Q3131987","candidates":[]}],[{"start":0,"end":31,"url":null,"entity_id":"Q194862","candidates":[]}],[{"start":0,"end":5,"url":null,"entity_id":"Q1605665","candidates":[]}]],[[{"start":0,"end":15,"url":null,"entity_id":"Q60899","candidates":[]}],[{"start":0,"end":9,"url":null,"entity_id":"Q187119","candidates":[]}],[{"start":0,"end":8,"url":null,"entity_id":"Q1278816","candidates":[]}]],[[{"start":0,"end":11,"url":null,"entity_id":"Q48037","candidates":[]}],[{"start":0,"end":33,"url":null,"entity_id":"Q200598","candidates":[]}],[{"start":0,"end":5,"url":null,"entity_id":"Q1225705","candidates":[]}]],[[{"start":0,"end":9,"url":null,"entity_id":"Q61172","candidates":[]}],[{"start":0,"end":19,"url":null,"entity_id":"Q203945","candidates":[]}],[{"start":0,"end":7,"url":null,"entity_id":"Q1165126","candidates":[]}]],[[{"start":0,"end":14,"url":null,"entity_id":"Q3753412","candidates":[]}],[{"start":0,"end":54,"url":null,"entity_id":"Q197622","candidates":[]}],[{"start":0,"end":5,"url":null,"entity_id":"Q1158596","candidates":[]}]],[[{"start":0,"end":7,"url":null,"entity_id":"Q57150","candidates":[]}],[{"start":0,"end":9,"url":null,"entity_id":"Q197284","candidates":[]}],[{"start":0,"end":7,"url":null,"entity_id":"Q1158570","candidates":[]}]],[[{"start":0,"end":8,"url":null,"entity_id":"Q667883","candidates":[]}],[{"start":0,"end":31,"url":null,"entity_id":"Q194862","candidates":[]}],[{"start":0,"end":7,"url":null,"entity_id":"Q941049","candidates":[]}]],[[{"start":0,"end":13,"url":null,"entity_id":"Q3272430","candidates":[]}],[{"start":0,"end":5,"url":null,"entity_id":"Q188497","candidates":[]}],[{"start":0,"end":4,"url":null,"entity_id":"Q931093","candidates":[]}]],[[{"start":0,"end":8,"url":null,"entity_id":"Q118191","candidates":[]}],[{"start":0,"end":22,"url":null,"entity_id":"Q171504","candidates":[]}],[{"start":0,"end":5,"url":null,"entity_id":"Q921231","candidates":[]}]],[[{"start":0,"end":10,"url":null,"entity_id":"Q964276","candidates":[]}],[{"start":0,"end":13,"url":null,"entity_id":"Q179754","candidates":[]}],[{"start":0,"end":4,"url":null,"entity_id":"Q732171","candidates":[]}]],[[{"start":0,"end":8,"url":null,"entity_id":"Q70536","candidates":[]}],[{"start":0,"end":19,"url":null,"entity_id":"Q201371","candidates":[]}],[{"start":0,"end":6,"url":null,"entity_id":"Q499249","candidates":[]}]],[[{"start":0,"end":17,"url":null,"entity_id":"Q3134847","candidates":[]}],[{"start":0,"end":29,"url":null,"entity_id":"Q196067","candidates":[]}],[{"start":0,"end":6,"url":null,"entity_id":"Q499249","candidates":[]}]],[[{"start":0,"end":23,"url":null,"entity_id":"Q85533","candidates":[]}],[{"start":0,"end":22,"url":null,"entity_id":"Q171780","candidates":[]}],[{"start":0,"end":6,"url":null,"entity_id":"Q499249","candidates":[]}]],[[{"start":0,"end":14,"url":null,"entity_id":"Q73406","candidates":[]}],[{"start":0,"end":37,"url":null,"entity_id":"Q197613","candidates":[]}],[{"start":0,"end":5,"url":null,"entity_id":"Q292691","candidates":[]}]],[[{"start":0,"end":8,"url":null,"entity_id":"Q57151","candidates":[]}],[{"start":0,"end":9,"url":null,"entity_id":"Q194400","candidates":[]}],[{"start":0,"end":5,"url":null,"entity_id":"Q292691","candidates":[]}]],[[{"start":0,"end":7,"url":null,"entity_id":"Q2060822","candidates":[]}],[{"start":0,"end":22,"url":null,"entity_id":"Q182833","candidates":[]}],[{"start":0,"end":5,"url":null,"entity_id":"Q292691","candidates":[]}]],[[{"start":0,"end":11,"url":null,"entity_id":"Q56274342","candidates":[]}],[{"start":0,"end":35,"url":null,"entity_id":"Q2817814","candidates":[]}],[{"start":0,"end":9,"url":null,"entity_id":"Q18156749","candidates":[]}]],[[{"start":0,"end":10,"url":null,"entity_id":"Q26270029","candidates":[]}],[{"start":0,"end":22,"url":null,"entity_id":"Q2818301","candidates":[]}],[{"start":0,"end":4,"url":null,"entity_id":"Q4925623","candidates":[]}]],[[{"start":0,"end":7,"url":null,"entity_id":"Q2926728","candidates":[]}],[{"start":0,"end":21,"url":null,"entity_id":"Q188559","candidates":[]}],[{"start":0,"end":5,"url":null,"entity_id":"Q1874605","candidates":[]}]]]}