{"version":"1.2","table":{"version":"2","table_id":"TVGX0FS9","columns":[{"index":0,"name":"col0","values":["Schwalmniederung","Elmpter Wald","Gieseler","Fossa Eugeniana","Langsee, Kuckucksberg und Umgebung","Landschaftsteil Volksparkgelände","Westlausitz","Wellsee und Wellsau-Niederung","Drachensee, Russee und Umgebung","Wermsdorfer Forst","Holmer Sandberge und Moorbereiche","Elbhänge Dresden-Pirna und Schönfelder Hochland","Fackenburger Landgraben und Tremser Teich","Dübener Heide (Wittenberg)","Dübener Heide (Anhalt-Bitterfeld)","Boxberg","Bornhöveder und Schmalen-See","Drömling (Börde)","Drömling (Altmarkkreis Salzwedel)","Zittauer Gebirge","LSG des Kreises Pinneberg","Elbtalaue","Dölauer Heide","Wildenfelser Zwischengebirge","Lauerholz","Süßer See","Dahlener Heide","Lohmühlenteich","Drömling","Huy","Kyffhäuser","Arendsee","Fichtelberg","Oberes Sorpetal zwischen Hagen und Wildewiese","Wildewiese","Vardingholt-Süd / Rheder Busch","Finkenberg","Niersniederung"]},{"index":1,"name":"col1","values":["350.38","1242.62","91.59","16.11","71.14","74.84","29384","239.12","143.23","10586","3773.71","3194","66.89","23513.71","7739.22","18.95","274.31","4018.24","15163.47","5940","13367.11","7568.59","717.08","620","1088.23","417.63","24640","30.15","19181.71","5492.99","1185.89","2918.04","720","31.8132","40.13","539.85","377.2","28.02"]},{"index":2,"name":"col2","values":["Schwalm","Elmpter Wald","Gieseler","Fossa Eugeniana","Langsee","Volkspark (Flensburg)","West Lusatia","Wellsee","Vorderer Russee","Wermsdorf Forest","Holmer Sandberge","Schönfeld Upland","Fackenburger Landgraben","Düben Heath","Düben Heath","Box-Berg","Bornhöveder See","Drömling","Drömling","Zittau Mountains","Pinneberg","Elbe","Dölauer Heide","Wildenfelser Zwischengebirge","Lauerholz","Süßer See","Dahlener Heide","Lohmühlenteich","Drömling","Huy","Kyffhäuser","Arendsee","Fichtelberg","Wildewiese","Wildewiese","Vardingholt","Finken-Berg","Niers"]}]},"context":{"page_title":null,"page_url":null,"page_entity_id":null,"content_hierarchy":[]},"links":[[[{"start":0,"end":12,"url":null,"entity_id":"Q62095185","candidates":[]}],[],[{"start":0,"end":12,"url":null,"entity_id":"Q27995518","candidates":[]}]],[[{"start":0,"end":8,"url":null,"entity_id":"Q62094408","candidates":[]}],[],[{"start":0,"end":8,"url":null,"entity_id":"Q15111623","candidates":[]}]],[[{"start":0,"end":15,"url":null,"entity_id":"Q62094493","candidates":[]}],[],[{"start":0,"end":15,"url":null,"entity_id":"Q638683","candidates":[]}]],[[{"start":0,"end":34,"url":null,"entity_id":"Q61708419","candidates":[]}],[],[{"start":0,"end":7,"url":null,"entity_id":"Q61014737","candidates":[]}]],[[{"start":0,"end":32,"url":null,"entity_id":"Q61708417","candidates":[]}],[],[{"start":0,"end":21,"url":null,"entity_id":"Q18029292","candidates":[]}]],[[{"start":0,"end":11,"url":null,"entity_id":"Q61608422","candidates":[]}],[],[{"start":0,"end":12,"url":null,"entity_id":"Q2565425","candidates":[]}]],[[{"start":0,"end":29,"url":null,"entity_id":"Q61708549","candidates":[]}],[],[{"start":0,"end":7,"url":null,"entity_id":"Q2557857","candidates":[]}]],[[{"start":0,"end":31,"url":null,"entity_id":"Q61708300","candidates":[]}],[],[{"start":0,"end":15,"url":null,"entity_id":"Q2533729","candidates":[]}]],[[{"start":0,"end":17,"url":null,"entity_id":"Q61608421","candidates":[]}],[],[{"start":0,"end":16,"url":null,"entity_id":"Q1663647","candidates":[]}]],[[{"start":0,"end":33,"url":null,"entity_id":"Q61708353","candidates":[]}],[],[{"start":0,"end":16,"url":null,"entity_id":"Q1486225","candidates":[]}]],[[{"start":0,"end":47,"url":null,"entity_id":"Q61608453","candidates":[]}],[],[{"start":0,"end":16,"url":null,"entity_id":"Q1398454","candidates":[]}]],[[{"start":0,"end":41,"url":null,"entity_id":"Q61708313","candidates":[]}],[],[{"start":0,"end":23,"url":null,"entity_id":"Q1391684","candidates":[]}]],[[{"start":0,"end":26,"url":null,"entity_id":"Q61764626","candidates":[]}],[],[{"start":0,"end":11,"url":null,"entity_id":"Q896078","candidates":[]}]],[[{"start":0,"end":33,"url":null,"entity_id":"Q61764625","candidates":[]}],[],[{"start":0,"end":11,"url":null,"entity_id":"Q896078","candidates":[]}]],[[{"start":0,"end":7,"url":null,"entity_id":"Q61708290","candidates":[]}],[],[{"start":0,"end":8,"url":null,"entity_id":"Q895542","candidates":[]}]],[[{"start":0,"end":28,"url":null,"entity_id":"Q61708288","candidates":[]}],[],[{"start":0,"end":15,"url":null,"entity_id":"Q893993","candidates":[]}]],[[{"start":0,"end":16,"url":null,"entity_id":"Q61764623","candidates":[]}],[],[{"start":0,"end":8,"url":null,"entity_id":"Q884616","candidates":[]}]],[[{"start":0,"end":33,"url":null,"entity_id":"Q61764622","candidates":[]}],[],[{"start":0,"end":8,"url":null,"entity_id":"Q884616","candidates":[]}]],[[{"start":0,"end":16,"url":null,"entity_id":"Q61608429","candidates":[]}],[],[{"start":0,"end":16,"url":null,"entity_id":"Q206587","candidates":[]}]],[[{"start":0,"end":25,"url":null,"entity_id":"Q61708427","candidates":[]}],[],[{"start":0,"end":9,"url":null,"entity_id":"Q3006","candidates":[]}]],[[{"start":0,"end":9,"url":null,"entity_id":"Q61764635","candidates":[]}],[],[{"start":0,"end":4,"url":null,"entity_id":"Q1644","candidates":[]}]],[[{"start":0,"end":13,"url":null,"entity_id":"Q61766161","candidates":[]}],[],[{"start":0,"end":13,"url":null,"entity_id":"Q33370910","candidates":[]}]],[[{"start":0,"end":28,"url":null,"entity_id":"Q61608657","candidates":[]}],[],[{"start":0,"end":28,"url":null,"entity_id":"Q2570583","candidates":[]}]],[[{"start":0,"end":9,"url":null,"entity_id":"Q61708423","candidates":[]}],[],[{"start":0,"end":9,"url":null,"entity_id":"Q1807357","candidates":[]}]],[[{"start":0,"end":9,"url":null,"entity_id":"Q61764740","candidates":[]}],[],[{"start":0,"end":9,"url":null,"entity_id":"Q1544606","candidates":[]}]],[[{"start":0,"end":14,"url":null,"entity_id":"Q61608445","candidates":[]}],[],[{"start":0,"end":14,"url":null,"entity_id":"Q1157441","candidates":[]}]],[[{"start":0,"end":14,"url":null,"entity_id":"Q61708425","candidates":[]}],[],[{"start":0,"end":14,"url":null,"entity_id":"Q997649","candidates":[]}]],[[{"start":0,"end":8,"url":null,"entity_id":"Q61766068","candidates":[]}],[],[{"start":0,"end":8,"url":null,"entity_id":"Q884616","candidates":[]}]],[[{"start":0,"end":3,"url":null,"entity_id":"Q61764675","candidates":[]}],[],[{"start":0,"end":3,"url":null,"entity_id":"Q880039","candidates":[]}]],[[{"start":0,"end":10,"url":null,"entity_id":"Q61764682","candidates":[]}],[],[{"start":0,"end":10,"url":null,"entity_id":"Q682596","candidates":[]}]],[[{"start":0,"end":8,"url":null,"entity_id":"Q61764806","candidates":[]}],[],[{"start":0,"end":8,"url":null,"entity_id":"Q641949","candidates":[]}]],[[{"start":0,"end":11,"url":null,"entity_id":"Q61608473","candidates":[]}],[],[{"start":0,"end":11,"url":null,"entity_id":"Q164561","candidates":[]}]],[[{"start":0,"end":45,"url":null,"entity_id":"Q36254037","candidates":[]}],[],[{"start":0,"end":10,"url":null,"entity_id":"Q2570691","candidates":[]}]],[[{"start":0,"end":10,"url":null,"entity_id":"Q36080271","candidates":[]}],[],[{"start":0,"end":10,"url":null,"entity_id":"Q2570691","candidates":[]}]],[[{"start":0,"end":30,"url":null,"entity_id":"Q62093835","candidates":[]}],[],[{"start":0,"end":11,"url":null,"entity_id":"Q44070736","candidates":[]}]],[[{"start":0,"end":10,"url":null,"entity_id":"Q62093885","candidates":[]}],[],[{"start":0,"end":11,"url":null,"entity_id":"Q30753682","candidates":[]}]],[[{"start":0,"end":14,"url":null,"entity_id":"Q62093809","candidates":[]}],[],[{"start":0,"end":5,"url":null,"entity_id":"Q835333","candidates":[]}]],[[{"start":0,"end":16,"url":null,"entity_id":"Q62095186","candidates":[]}],[],[{"start":0,"end":7,"url":null,"entity_id":"Q562349","candidates":[]}]]]}