{"version":"1.2","table":{"version":"2","table_id":"TVQ43TSW","columns":[{"index":0,"name":"col0","values":["From There to Eternity","Blur: The Best Of","The Cure Play Out","Greatest Hits","The Second Coming","Diamonds and Pearls Video Collection","The Girlie Show: Live Down Under","Celebration: The Video Collection","The Immaculate Collection","Frat Party at the Pankake Festival","The Videos 2","Kylie: The Videos","2 of One","Show","International Supervideos!","Girls' Generation Complete Video Collection","Animals Should Not Try to Act Like People","E","Live at Wembley July 16, 1988","When in Rome 2007"]},{"index":1,"name":"col1","values":["Iron Maiden","Blur","The Cure","The Cure","KISS","Prince","Madonna","Madonna","Madonna","Linkin Park","Kylie Minogue","Kylie Minogue","Metallica","The Cure","Green Day","Girls' Generation","Primus","Eminem","Michael Jackson","Genesis"]},{"index":2,"name":"col2","values":["Donington Live 1992","Think Tank","Show","The Cure: Trilogy","Kiss Symphony: The DVD","The Hits Collection","The Video Collection 93:99","Sticky & Sweet Tour","Justify My Love","Meteora","On the Go: Live in Japan","The Kylie Collection","A Year and a Half in the Life of Metallica","Galore - The Videos","Bullet in a Bible","2011 Girls' Generation Tour DVD","They Can't All Be Zingers","All Access Europe","Xscape","Genesis: Together and Apart"]},{"index":3,"name":"col3","values":["Sony Music","Food Records","Fiction Records","Fiction Records","Sanctuary Records","Warner Bros. Records","Warner Bros. Records","Warner Bros. Records","Warner Bros. Records","Warner Bros. Records","Pete Waterman Entertainment","Pete Waterman Entertainment","Elektra","PolyGram","Reprise Records","SM Entertainment","Interscope Records","Interscope Records","Epic","Virgin Records"]}]},"context":{"page_title":null,"page_url":null,"page_entity_id":null,"content_hierarchy":[]},"links":[[[{"start":0,"end":17,"url":null,"entity_id":"Q785415","candidates":[]}],[{"start":0,"end":4,"url":null,"entity_id":"Q485820","candidates":[]}],[{"start":0,"end":10,"url":null,"entity_id":"Q889228","candidates":[]}],[{"start":0,"end":12,"url":null,"entity_id":"Q5465369","candidates":[]}]],[[{"start":0,"end":17,"url":null,"entity_id":"Q3520480","candidates":[]}],[{"start":0,"end":8,"url":null,"entity_id":"Q484427","candidates":[]}],[{"start":0,"end":4,"url":null,"entity_id":"Q3482570","candidates":[]}],[{"start":0,"end":15,"url":null,"entity_id":"Q2481499","candidates":[]}]],[[{"start":0,"end":13,"url":null,"entity_id":"Q3116006","candidates":[]}],[{"start":0,"end":8,"url":null,"entity_id":"Q484427","candidates":[]}],[{"start":0,"end":17,"url":null,"entity_id":"Q3284250","candidates":[]}],[{"start":0,"end":15,"url":null,"entity_id":"Q2481499","candidates":[]}]],[[{"start":0,"end":17,"url":null,"entity_id":"Q1610597","candidates":[]}],[{"start":0,"end":4,"url":null,"entity_id":"Q124179","candidates":[]}],[{"start":0,"end":22,"url":null,"entity_id":"Q3284257","candidates":[]}],[{"start":0,"end":17,"url":null,"entity_id":"Q1347984","candidates":[]}]],[[{"start":0,"end":36,"url":null,"entity_id":"Q3026113","candidates":[]}],[{"start":0,"end":6,"url":null,"entity_id":"Q7542","candidates":[]}],[{"start":0,"end":19,"url":null,"entity_id":"Q3521268","candidates":[]}],[{"start":0,"end":20,"url":null,"entity_id":"Q843402","candidates":[]}]],[[{"start":0,"end":32,"url":null,"entity_id":"Q56886","candidates":[]}],[{"start":0,"end":7,"url":null,"entity_id":"Q1744","candidates":[]}],[{"start":0,"end":26,"url":null,"entity_id":"Q2440644","candidates":[]}],[{"start":0,"end":20,"url":null,"entity_id":"Q843402","candidates":[]}]],[[{"start":0,"end":33,"url":null,"entity_id":"Q2304723","candidates":[]}],[{"start":0,"end":7,"url":null,"entity_id":"Q1744","candidates":[]}],[{"start":0,"end":19,"url":null,"entity_id":"Q1791553","candidates":[]}],[{"start":0,"end":20,"url":null,"entity_id":"Q843402","candidates":[]}]],[[{"start":0,"end":25,"url":null,"entity_id":"Q2397978","candidates":[]}],[{"start":0,"end":7,"url":null,"entity_id":"Q1744","candidates":[]}],[{"start":0,"end":15,"url":null,"entity_id":"Q1414733","candidates":[]}],[{"start":0,"end":20,"url":null,"entity_id":"Q843402","candidates":[]}]],[[{"start":0,"end":34,"url":null,"entity_id":"Q19994","candidates":[]}],[{"start":0,"end":11,"url":null,"entity_id":"Q261","candidates":[]}],[{"start":0,"end":7,"url":null,"entity_id":"Q19858","candidates":[]}],[{"start":0,"end":20,"url":null,"entity_id":"Q843402","candidates":[]}]],[[{"start":0,"end":12,"url":null,"entity_id":"Q2215895","candidates":[]}],[{"start":0,"end":13,"url":null,"entity_id":"Q11998","candidates":[]}],[{"start":0,"end":24,"url":null,"entity_id":"Q20649233","candidates":[]}],[{"start":0,"end":27,"url":null,"entity_id":"Q836202","candidates":[]}]],[[{"start":0,"end":17,"url":null,"entity_id":"Q2215904","candidates":[]}],[{"start":0,"end":13,"url":null,"entity_id":"Q11998","candidates":[]}],[{"start":0,"end":20,"url":null,"entity_id":"Q1088752","candidates":[]}],[{"start":0,"end":27,"url":null,"entity_id":"Q836202","candidates":[]}]],[[{"start":0,"end":8,"url":null,"entity_id":"Q2711309","candidates":[]}],[{"start":0,"end":9,"url":null,"entity_id":"Q15920","candidates":[]}],[{"start":0,"end":42,"url":null,"entity_id":"Q300624","candidates":[]}],[{"start":0,"end":7,"url":null,"entity_id":"Q726251","candidates":[]}]],[[{"start":0,"end":4,"url":null,"entity_id":"Q3482570","candidates":[]}],[{"start":0,"end":8,"url":null,"entity_id":"Q484427","candidates":[]}],[{"start":0,"end":19,"url":null,"entity_id":"Q3757870","candidates":[]}],[{"start":0,"end":8,"url":null,"entity_id":"Q700359","candidates":[]}]],[[{"start":0,"end":26,"url":null,"entity_id":"Q1754706","candidates":[]}],[{"start":0,"end":9,"url":null,"entity_id":"Q47871","candidates":[]}],[{"start":0,"end":17,"url":null,"entity_id":"Q217023","candidates":[]}],[{"start":0,"end":15,"url":null,"entity_id":"Q645889","candidates":[]}]],[[{"start":0,"end":43,"url":null,"entity_id":"Q3284844","candidates":[]}],[{"start":0,"end":17,"url":null,"entity_id":"Q20153","candidates":[]}],[{"start":0,"end":31,"url":null,"entity_id":"Q276587","candidates":[]}],[{"start":0,"end":16,"url":null,"entity_id":"Q483938","candidates":[]}]],[[{"start":0,"end":41,"url":null,"entity_id":"Q678662","candidates":[]}],[{"start":0,"end":6,"url":null,"entity_id":"Q741836","candidates":[]}],[{"start":0,"end":25,"url":null,"entity_id":"Q3990390","candidates":[]}],[{"start":0,"end":18,"url":null,"entity_id":"Q231694","candidates":[]}]],[[{"start":0,"end":1,"url":null,"entity_id":"Q2263083","candidates":[]}],[{"start":0,"end":6,"url":null,"entity_id":"Q5608","candidates":[]}],[{"start":0,"end":17,"url":null,"entity_id":"Q2263852","candidates":[]}],[{"start":0,"end":18,"url":null,"entity_id":"Q231694","candidates":[]}]],[[{"start":0,"end":29,"url":null,"entity_id":"Q43733","candidates":[]}],[{"start":0,"end":15,"url":null,"entity_id":"Q2831","candidates":[]}],[{"start":0,"end":6,"url":null,"entity_id":"Q15990452","candidates":[]}],[{"start":0,"end":4,"url":null,"entity_id":"Q216364","candidates":[]}]],[[{"start":0,"end":17,"url":null,"entity_id":"Q1609850","candidates":[]}],[{"start":0,"end":7,"url":null,"entity_id":"Q151012","candidates":[]}],[{"start":0,"end":27,"url":null,"entity_id":"Q18160244","candidates":[]}],[{"start":0,"end":14,"url":null,"entity_id":"Q203059","candidates":[]}]],[[{"start":0,"end":22,"url":null,"entity_id":"Q3088308","candidates":[]}],[{"start":0,"end":11,"url":null,"entity_id":"Q42482","candidates":[]}],[{"start":0,"end":19,"url":null,"entity_id":"Q2517138","candidates":[]}],[{"start":0,"end":10,"url":null,"entity_id":"Q56760250","candidates":[]}]]]}