{"version":"1.2","table":{"version":"2","table_id":"TX021PAS","columns":[{"index":0,"name":"col0","values":["Rock County","Rusk County","Ashland County","Langlade County","Clark County","Oneida County","Lincoln County","Wood County","Douglas County","Trempealeau County","Buffalo County","Barron County","Washburn County","Sawyer County","Burnett County","Dunn County","Green County","Adams County","Oconto County","Lafayette County"]},{"index":1,"name":"col1","values":["1881","2411","5941","2300","3157","3201","2349","809","3833","1922","1838","2305","853","3497","2280","2238","1514","1783","2976","1644"]},{"index":2,"name":"col2","values":["Washburn County","Washburn County","Sawyer County","Oneida County","Wood County","Langlade County","Langlade County","Clark County","Burnett County","Buffalo County","Trempealeau County","Dunn County","Barron County","Barron County","Barron County","Barron County","Columbia County","Columbia County","Door County","Green County"]}]},"context":{"page_title":null,"page_url":null,"page_entity_id":null,"content_hierarchy":[]},"links":[[[{"start":0,"end":11,"url":null,"entity_id":"Q500861","candidates":[]}],[],[{"start":0,"end":15,"url":null,"entity_id":"Q500793","candidates":[]}]],[[{"start":0,"end":14,"url":null,"entity_id":"Q494931","candidates":[]}],[],[{"start":0,"end":13,"url":null,"entity_id":"Q500784","candidates":[]}]],[[{"start":0,"end":15,"url":null,"entity_id":"Q495326","candidates":[]}],[],[{"start":0,"end":13,"url":null,"entity_id":"Q497424","candidates":[]}]],[[{"start":0,"end":12,"url":null,"entity_id":"Q494958","candidates":[]}],[],[{"start":0,"end":11,"url":null,"entity_id":"Q495332","candidates":[]}]],[[{"start":0,"end":13,"url":null,"entity_id":"Q497424","candidates":[]}],[],[{"start":0,"end":15,"url":null,"entity_id":"Q495326","candidates":[]}]],[[{"start":0,"end":14,"url":null,"entity_id":"Q494947","candidates":[]}],[],[{"start":0,"end":15,"url":null,"entity_id":"Q495326","candidates":[]}]],[[{"start":0,"end":11,"url":null,"entity_id":"Q495332","candidates":[]}],[],[{"start":0,"end":12,"url":null,"entity_id":"Q494958","candidates":[]}]],[[{"start":0,"end":14,"url":null,"entity_id":"Q494936","candidates":[]}],[],[{"start":0,"end":14,"url":null,"entity_id":"Q494952","candidates":[]}]],[[{"start":0,"end":18,"url":null,"entity_id":"Q494923","candidates":[]}],[],[{"start":0,"end":14,"url":null,"entity_id":"Q494943","candidates":[]}]],[[{"start":0,"end":14,"url":null,"entity_id":"Q494943","candidates":[]}],[],[{"start":0,"end":18,"url":null,"entity_id":"Q494923","candidates":[]}]],[[{"start":0,"end":13,"url":null,"entity_id":"Q494916","candidates":[]}],[],[{"start":0,"end":11,"url":null,"entity_id":"Q494919","candidates":[]}]],[[{"start":0,"end":15,"url":null,"entity_id":"Q500793","candidates":[]}],[],[{"start":0,"end":13,"url":null,"entity_id":"Q494916","candidates":[]}]],[[{"start":0,"end":13,"url":null,"entity_id":"Q500784","candidates":[]}],[],[{"start":0,"end":13,"url":null,"entity_id":"Q494916","candidates":[]}]],[[{"start":0,"end":14,"url":null,"entity_id":"Q494952","candidates":[]}],[],[{"start":0,"end":13,"url":null,"entity_id":"Q494916","candidates":[]}]],[[{"start":0,"end":11,"url":null,"entity_id":"Q494919","candidates":[]}],[],[{"start":0,"end":13,"url":null,"entity_id":"Q494916","candidates":[]}]],[[{"start":0,"end":12,"url":null,"entity_id":"Q489163","candidates":[]}],[],[{"start":0,"end":15,"url":null,"entity_id":"Q493529","candidates":[]}]],[[{"start":0,"end":12,"url":null,"entity_id":"Q351887","candidates":[]}],[],[{"start":0,"end":15,"url":null,"entity_id":"Q493529","candidates":[]}]],[[{"start":0,"end":13,"url":null,"entity_id":"Q490477","candidates":[]}],[],[{"start":0,"end":11,"url":null,"entity_id":"Q490550","candidates":[]}]],[[{"start":0,"end":16,"url":null,"entity_id":"Q431440","candidates":[]}],[],[{"start":0,"end":12,"url":null,"entity_id":"Q489163","candidates":[]}]],[[{"start":0,"end":11,"url":null,"entity_id":"Q500939","candidates":[]}],[],[{"start":0,"end":15,"url":null,"entity_id":"Q500793","candidates":[]}]]]}