{"version":"1.2","table":{"version":"2","table_id":"TXI0DGOH","columns":[{"index":0,"name":"col0","values":["Evaluation of sunken basement in the area of upper castle Rokštejn","Medieval Castle Chapels in Bohemia","An Archaeology of Temple Assemblages and Social Practice in Early South-Eastern Roman Britain","Mutually Assured Construction: Æthelflæd’s burhs, Landscapes of Defence and the Physical Legacy of the Unification of England, 899-1016","The Home-Making of the English Working Class: Radical Politics and Domestic Life in late-Georgian England, c.1790-1820","The male occupational structure of England and Wales, 1600-1850","Millenarian religion and radical politics in Britain 1815-1835: a study of Southcottians after Southcott","\"You Shall Be Taught What You Need to Know, Both for Your Soul and Bodies\" (Annual Report of the Manchester Juvenile Reformatory, 1857). The Archaeology of Philanthropic Housing and the Development of the Modern Citizen","Early Medieval Dykes (400 to 850 AD)","Beyond the defensible threshold: the house-building culture of Berwick-upon-Tweed and the East March, 1550-1603","The spiral stair or vice: Its origins, role and meaning in medieval stone castles","Sedimentology, Geochemistry, and Geophysics of the Cambrian Earth System","'Middle Saxon' Settlement and Society: The Changing Rural Communities of Central and Eastern England","Biomaterials derived from chitosan and hydroxyapatite with potential for bone ingrowth","Quaternary glaciation and tectonism in the southeastern Sierra Nevada, Inyo County, California","Historic building reconstruction since c1877: the creation of popular images of the age of transition","From Domesday Book to the Hundred Rolls: Lordship, Landholding and Local Society in Three English Hundreds, 1066-1280","The Structured Deposition of Querns: The Contexts of Use and Deposition of Querns in the South-West of England from the Neolithic to the Iron Age","Llywelyn ab Iorwerth: The Making of a Welsh Prince","Fragile gods: ceramic figurines in Roman Britain"]},{"index":1,"name":"col1","values":["K počátkům hradů na Moravskotřebovsku","Capella regia – kaple Všech svatých na Pražském hradě","Lowbury Hill, Oxon: a Re-Assessment of the Probable Romano-Celtic Temple and the Anglo-Saxon Barrow","The Unidentified Forts of the Burghal Hidage","Material lives of the English poor: a regional perspective, c. 1670–1834","Material lives of the English poor: a regional perspective, c. 1670–1834","Tameside 1700-1930","The Social Archaeology of Industrialisation","Anglo-Saxon Deviant Burial Customs","Castles in Medieval Society","Fighting Yesterday's Battle: Beyond War or Status in Castle Studies","A Vendian-Cambrian boundary succession from the northwestern margin of the Siberian Platform: stratigraphy, palaeontology, chemostratigraphy and correlation","Anglo-Saxon Deviant Burial Customs","Chitosan membrane as a template for hydroxyapatite crystal growth in a model dual membrane diffusion system","The velocity of compressional waves in rocks to 10 kilobars: 1","Medieval English Town-House Plans","Cultural realities and reappraisals in English castle-study","Excavation of a Celtic Hermitage on St. Helens, Isles of Scilly, 1956–58","The Age of Conquest: Wales 1063-1415","Venus in Pompeian Domestic Space: Decoration and Context"]},{"index":2,"name":"col2","values":["2012-09-12","2013-11-11","2016-01-01","2017-03-01","2016-01-01","2017-01-01","2009-01-01","2012-01-01","2015-01-01","2016-01-01","2011-02-01","2012-01-01","2012-10-30","2010-01-01","1982-01-01","2005-01-01","2014-01-01","2012-03-01","2012-01-01","2018-01-01"]}]},"context":{"page_title":null,"page_url":null,"page_entity_id":null,"content_hierarchy":[]},"links":[[[{"start":0,"end":34,"url":null,"entity_id":"Q70076311","candidates":[]}],[{"start":0,"end":53,"url":null,"entity_id":"Q69542848","candidates":[]}],[]],[[{"start":0,"end":93,"url":null,"entity_id":"Q70442104","candidates":[]}],[{"start":0,"end":99,"url":null,"entity_id":"Q44627218","candidates":[]}],[]],[[{"start":0,"end":135,"url":null,"entity_id":"Q70438884","candidates":[]}],[{"start":0,"end":44,"url":null,"entity_id":"Q42343463","candidates":[]}],[]],[[{"start":0,"end":118,"url":null,"entity_id":"Q85307251","candidates":[]}],[{"start":0,"end":72,"url":null,"entity_id":"Q85209325","candidates":[]}],[]],[[{"start":0,"end":63,"url":null,"entity_id":"Q85306891","candidates":[]}],[{"start":0,"end":72,"url":null,"entity_id":"Q85209325","candidates":[]}],[]],[[{"start":0,"end":104,"url":null,"entity_id":"Q78248703","candidates":[]}],[{"start":0,"end":18,"url":null,"entity_id":"Q47505335","candidates":[]}],[]],[[{"start":0,"end":219,"url":null,"entity_id":"Q78251045","candidates":[]}],[{"start":0,"end":43,"url":null,"entity_id":"Q42748472","candidates":[]}],[]],[[{"start":0,"end":36,"url":null,"entity_id":"Q78208913","candidates":[]}],[{"start":0,"end":34,"url":null,"entity_id":"Q4763667","candidates":[]}],[]],[[{"start":0,"end":111,"url":null,"entity_id":"Q67440054","candidates":[]}],[{"start":0,"end":27,"url":null,"entity_id":"Q42309735","candidates":[]}],[]],[[{"start":0,"end":81,"url":null,"entity_id":"Q67181077","candidates":[]}],[{"start":0,"end":67,"url":null,"entity_id":"Q42309663","candidates":[]}],[]],[[{"start":0,"end":72,"url":null,"entity_id":"Q66690613","candidates":[]}],[{"start":0,"end":156,"url":null,"entity_id":"Q28215483","candidates":[]}],[]],[[{"start":0,"end":100,"url":null,"entity_id":"Q67736612","candidates":[]}],[{"start":0,"end":34,"url":null,"entity_id":"Q4763667","candidates":[]}],[]],[[{"start":0,"end":86,"url":null,"entity_id":"Q74581106","candidates":[]}],[{"start":0,"end":107,"url":null,"entity_id":"Q27908856","candidates":[]}],[]],[[{"start":0,"end":94,"url":null,"entity_id":"Q73663703","candidates":[]}],[{"start":0,"end":62,"url":null,"entity_id":"Q56002591","candidates":[]}],[]],[[{"start":0,"end":101,"url":null,"entity_id":"Q74183698","candidates":[]}],[{"start":0,"end":33,"url":null,"entity_id":"Q42328073","candidates":[]}],[]],[[{"start":0,"end":117,"url":null,"entity_id":"Q73768651","candidates":[]}],[{"start":0,"end":59,"url":null,"entity_id":"Q42309730","candidates":[]}],[]],[[{"start":0,"end":145,"url":null,"entity_id":"Q70444190","candidates":[]}],[{"start":0,"end":72,"url":null,"entity_id":"Q54855906","candidates":[]}],[]],[[{"start":0,"end":50,"url":null,"entity_id":"Q66436112","candidates":[]}],[{"start":0,"end":36,"url":null,"entity_id":"Q62090727","candidates":[]}],[]],[[{"start":0,"end":48,"url":null,"entity_id":"Q65271130","candidates":[]}],[{"start":0,"end":56,"url":null,"entity_id":"Q46997083","candidates":[]}],[]],[[{"start":0,"end":66,"url":null,"entity_id":"Q70227011","candidates":[]}],[{"start":0,"end":37,"url":null,"entity_id":"Q69910345","candidates":[]}],[]]]}