{"version":"1.2","table":{"version":"2","table_id":"TYFNVJYO","columns":[{"index":0,"name":"col0","values":["HD 161796","HD 105262","HD 101584","AC Herculis","SHV 7863","UV Cas","S Apodis","RS Telescopii","V Coronae Australis","HD 124448","U Aquarii","UX Antliae","89 Herculis","U Monocerotis","RV Tauri","Boomerang Nebula","V* ST Pup","IRAS 17433-1750","V* UZ Oph","HD 137569"]},{"index":1,"name":"col1","values":["266.23112333","181.7951066848573","175.2450217885649","277.5676561111577","258.8322154091802","345.5610802915629","227.352234239962","274.7134264120259","281.8846381175","213.7442908791368","330.8320797927716","164.287745671844","268.8549518582124","112.6978060883215","71.7780159242421","191.1920417313022","102.2350572123938","266.5659477975569","260.4969190463573","231.5867364432774"]},{"index":2,"name":"col2","values":["-52.4","43.6","10.89","-30","21","-28.02","-82.13","-1.02","-4.35","-67","89.49","147.29","-27.8","34.1","30","-12.19","45","8.28","-85","-45"]}]},"context":{"page_title":null,"page_url":null,"page_entity_id":null,"content_hierarchy":[]},"links":[[[{"start":0,"end":9,"url":null,"entity_id":"Q66621665","candidates":[]}],[],[]],[[{"start":0,"end":9,"url":null,"entity_id":"Q66621664","candidates":[]}],[],[]],[[{"start":0,"end":11,"url":null,"entity_id":"Q20747511","candidates":[]}],[],[]],[[{"start":0,"end":8,"url":null,"entity_id":"Q18449766","candidates":[]}],[],[]],[[{"start":0,"end":6,"url":null,"entity_id":"Q18449579","candidates":[]}],[],[]],[[{"start":0,"end":8,"url":null,"entity_id":"Q18448613","candidates":[]}],[],[]],[[{"start":0,"end":13,"url":null,"entity_id":"Q18392949","candidates":[]}],[],[]],[[{"start":0,"end":19,"url":null,"entity_id":"Q18210648","candidates":[]}],[],[]],[[{"start":0,"end":9,"url":null,"entity_id":"Q12065057","candidates":[]}],[],[]],[[{"start":0,"end":9,"url":null,"entity_id":"Q5173999","candidates":[]}],[],[]],[[{"start":0,"end":10,"url":null,"entity_id":"Q5173697","candidates":[]}],[],[]],[[{"start":0,"end":11,"url":null,"entity_id":"Q4645135","candidates":[]}],[],[]],[[{"start":0,"end":13,"url":null,"entity_id":"Q4002423","candidates":[]}],[],[]],[[{"start":0,"end":8,"url":null,"entity_id":"Q2638983","candidates":[]}],[],[]],[[{"start":0,"end":16,"url":null,"entity_id":"Q860979","candidates":[]}],[],[]],[[{"start":0,"end":9,"url":null,"entity_id":"Q86548953","candidates":[]}],[],[]],[[{"start":0,"end":15,"url":null,"entity_id":"Q86472017","candidates":[]}],[],[]],[[{"start":0,"end":9,"url":null,"entity_id":"Q86407895","candidates":[]}],[],[]],[[{"start":0,"end":9,"url":null,"entity_id":"Q86277955","candidates":[]}],[],[]],[[{"start":0,"end":9,"url":null,"entity_id":"Q66621667","candidates":[]}],[],[]]]}