{"version":"1.2","table":{"version":"2","table_id":"TZ10O44M","columns":[{"index":0,"name":"col0","values":["3rd Giraltar Parliament","2nd Gibraltar Rarliament","1st Gibraltar Parliamet","10th Gibraltar House o Assembly","9th Gibraltar House of Assfmbly","8th Gibraltar ouse of Assembly","7th Gibramtar House of Assembly","6th Gibraluar House of Assembly","5th Gibraltar Howse of Assembly","4th Gibraltar House of Assemblz","3rd Gibraltar Houseof Assembly","2nd Gibraltar Houe ofAssembly","55th legislative term of the Chamber of Representatives of Belgium, 201;-2024","17th German Bundestbg","16th German Budestg","15th German Bundesta","14th!German Bundestag","13th German Budestag","12th German Bundestg","11t German Budstag"]},{"index":1,"name":"col1","values":["2nd Gibraltar Parliament","1st Gibraltar Parliament","10th Gibraltar House of Assembly","9th Gibraltar House of Assembly","8th Gibraltar House of Assembly","7th Gibraltar House of Assembly","6th Gibraltar House of Assembly","5th Gibraltar House of Assembly","4th Gibraltar House of Assembly","3rd Gibraltar House of Assembly","2nd Gibraltar House of Assembly","1st Gibraltar House of Assembly","54th legislative term of the Chamber of Representatives of Belgium, 2014-2019","16th German Bundestag","15th German Bundestag","14th German Bundestag","13th German Bundestag","12th German Bundestag","11th German Bundestag","10th German Bundestag"]},{"index":2,"name":"col2","values":["2015/12/09","2011/12/21","2007/11/08","2003/12/18","2000/02/23","1996/01/01","1992/01/01","1988/01/01","1984/01/01","1980/01/01","1976/01/01","1972/01/01","2019/06/20","2009/10/27","2005/10/18","2002/10/17","1998/10/26","1994/11/10","1990/12/20","1987/02/18"]}]},"context":{"page_title":null,"page_url":null,"page_entity_id":null,"content_hierarchy":[]},"links":[[[{"start":0,"end":24,"url":null,"entity_id":"Q61946705","candidates":[]}],[{"start":0,"end":24,"url":null,"entity_id":"Q61946703","candidates":[]}],[]],[[{"start":0,"end":23,"url":null,"entity_id":"Q61946703","candidates":[]}],[{"start":0,"end":32,"url":null,"entity_id":"Q61946702","candidates":[]}],[]],[[{"start":0,"end":31,"url":null,"entity_id":"Q61946702","candidates":[]}],[{"start":0,"end":31,"url":null,"entity_id":"Q61946701","candidates":[]}],[]],[[{"start":0,"end":31,"url":null,"entity_id":"Q61946701","candidates":[]}],[{"start":0,"end":31,"url":null,"entity_id":"Q61946700","candidates":[]}],[]],[[{"start":0,"end":30,"url":null,"entity_id":"Q61946700","candidates":[]}],[{"start":0,"end":31,"url":null,"entity_id":"Q61946699","candidates":[]}],[]],[[{"start":0,"end":31,"url":null,"entity_id":"Q61946699","candidates":[]}],[{"start":0,"end":31,"url":null,"entity_id":"Q61946698","candidates":[]}],[]],[[{"start":0,"end":31,"url":null,"entity_id":"Q61946698","candidates":[]}],[{"start":0,"end":31,"url":null,"entity_id":"Q61946697","candidates":[]}],[]],[[{"start":0,"end":31,"url":null,"entity_id":"Q61946697","candidates":[]}],[{"start":0,"end":31,"url":null,"entity_id":"Q61946695","candidates":[]}],[]],[[{"start":0,"end":31,"url":null,"entity_id":"Q61946695","candidates":[]}],[{"start":0,"end":31,"url":null,"entity_id":"Q61946694","candidates":[]}],[]],[[{"start":0,"end":30,"url":null,"entity_id":"Q61946694","candidates":[]}],[{"start":0,"end":31,"url":null,"entity_id":"Q61946693","candidates":[]}],[]],[[{"start":0,"end":29,"url":null,"entity_id":"Q61946693","candidates":[]}],[{"start":0,"end":31,"url":null,"entity_id":"Q61946692","candidates":[]}],[]],[[{"start":0,"end":77,"url":null,"entity_id":"Q64033616","candidates":[]}],[{"start":0,"end":77,"url":null,"entity_id":"Q17173094","candidates":[]}],[]],[[{"start":0,"end":21,"url":null,"entity_id":"Q30542764","candidates":[]}],[{"start":0,"end":21,"url":null,"entity_id":"Q30542763","candidates":[]}],[]],[[{"start":0,"end":19,"url":null,"entity_id":"Q30542763","candidates":[]}],[{"start":0,"end":21,"url":null,"entity_id":"Q30542762","candidates":[]}],[]],[[{"start":0,"end":20,"url":null,"entity_id":"Q30542762","candidates":[]}],[{"start":0,"end":21,"url":null,"entity_id":"Q30542761","candidates":[]}],[]],[[{"start":0,"end":21,"url":null,"entity_id":"Q30542761","candidates":[]}],[{"start":0,"end":21,"url":null,"entity_id":"Q30542760","candidates":[]}],[]],[[{"start":0,"end":20,"url":null,"entity_id":"Q30542760","candidates":[]}],[{"start":0,"end":21,"url":null,"entity_id":"Q30542757","candidates":[]}],[]],[[{"start":0,"end":20,"url":null,"entity_id":"Q30542757","candidates":[]}],[{"start":0,"end":21,"url":null,"entity_id":"Q30542756","candidates":[]}],[]],[[{"start":0,"end":18,"url":null,"entity_id":"Q30542756","candidates":[]}],[{"start":0,"end":21,"url":null,"entity_id":"Q30542755","candidates":[]}],[]],[[{"start":0,"end":23,"url":null,"entity_id":"Q61946706","candidates":[]}],[{"start":0,"end":24,"url":null,"entity_id":"Q61946705","candidates":[]}],[]]]}