{"version":"1.2","table":{"version":"2","table_id":"TZC61UUQ","columns":[{"index":0,"name":"col0","values":["Kazastan Railways CKD6E","Russian Railways ТЭМ9","Soviet Railways ТЭМ6","ChME3","NSB El 18","E5K/ES5K","VR Class Sr2","M62 locomotive","Soviet Railways ТЭ3","Ukrainian Railways TEM103","TU5E","VR Class Sr3","TU5","TU7 diesel locomotive","TU2M","TU1","TU2 diesel locomotive","ČSD Class T 47.0","TU4","ČKD/Škoda 900 BS 200"]},{"index":1,"name":"col1","values":["1100","1200","1500","1350","5400","3280","5000","2000","2000","800","400","360","400","400","150","300","300","300","250","200"]},{"index":2,"name":"col2","values":["4759","4300","4017","4637","4465","5050","4310","4615","4825","4600","3493","4310","3435","3550","2063","3470","3470","3370","3295","3150"]}]},"context":{"page_title":null,"page_url":null,"page_entity_id":null,"content_hierarchy":[]},"links":[[[{"start":0,"end":21,"url":null,"entity_id":"Q4449114","candidates":[]}],[],[]],[[{"start":0,"end":20,"url":null,"entity_id":"Q4290575","candidates":[]}],[],[]],[[{"start":0,"end":5,"url":null,"entity_id":"Q2621127","candidates":[]}],[],[]],[[{"start":0,"end":9,"url":null,"entity_id":"Q594508","candidates":[]}],[],[]],[[{"start":0,"end":8,"url":null,"entity_id":"Q4529416","candidates":[]}],[],[]],[[{"start":0,"end":12,"url":null,"entity_id":"Q948522","candidates":[]}],[],[]],[[{"start":0,"end":14,"url":null,"entity_id":"Q6451428","candidates":[]}],[],[]],[[{"start":0,"end":19,"url":null,"entity_id":"Q500981","candidates":[]}],[],[]],[[{"start":0,"end":25,"url":null,"entity_id":"Q3456305","candidates":[]}],[],[]],[[{"start":0,"end":4,"url":null,"entity_id":"Q27929514","candidates":[]}],[],[]],[[{"start":0,"end":12,"url":null,"entity_id":"Q23045333","candidates":[]}],[],[]],[[{"start":0,"end":3,"url":null,"entity_id":"Q4449084","candidates":[]}],[],[]],[[{"start":0,"end":21,"url":null,"entity_id":"Q943029","candidates":[]}],[],[]],[[{"start":0,"end":4,"url":null,"entity_id":"Q27929350","candidates":[]}],[],[]],[[{"start":0,"end":3,"url":null,"entity_id":"Q4449083","candidates":[]}],[],[]],[[{"start":0,"end":21,"url":null,"entity_id":"Q1060317","candidates":[]}],[],[]],[[{"start":0,"end":16,"url":null,"entity_id":"Q337277","candidates":[]}],[],[]],[[{"start":0,"end":3,"url":null,"entity_id":"Q908334","candidates":[]}],[],[]],[[{"start":0,"end":20,"url":null,"entity_id":"Q61702591","candidates":[]}],[],[]],[[{"start":0,"end":23,"url":null,"entity_id":"Q21655540","candidates":[]}],[],[]]]}