{"version":"1.2","table":{"version":"2","table_id":"U2IIFLJ4","columns":[{"index":0,"name":"col0","values":["Magueyes Urbano","Vayas","Tibes","Tercero","Sexto","Segundo","San Patricio","Sabanetas","Real","Quinto","Primero","Portugués Urbano","Portugués","Playa","Montes Llanos","Maragüez","Magueyes","Machuelo Abajo","Sabanetas","Hato Rey Norte"]},{"index":1,"name":"col1","values":["Ponce","Ponce","Ponce","Ponce","Ponce","Ponce","Ponce","Ponce","Ponce","Ponce","Ponce","Ponce","Ponce","Ponce","Ponce","Ponce","Ponce","Ponce","Mayagüez","San Juan"]},{"index":2,"name":"col2","values":["1.24","10.47","7.01","0.08","0.27","0.65","6.86","2.79","5.28","0.11","0.25","1.14","3.56","14.98","2.15","6.42","4.56","1.86","2.7","3.53"]}]},"context":{"page_title":null,"page_url":null,"page_entity_id":null,"content_hierarchy":[]},"links":[[[{"start":0,"end":5,"url":null,"entity_id":"Q7917560","candidates":[]}],[{"start":0,"end":5,"url":null,"entity_id":"Q864024","candidates":[]}],[]],[[{"start":0,"end":5,"url":null,"entity_id":"Q7800394","candidates":[]}],[{"start":0,"end":5,"url":null,"entity_id":"Q864024","candidates":[]}],[]],[[{"start":0,"end":7,"url":null,"entity_id":"Q7701679","candidates":[]}],[{"start":0,"end":5,"url":null,"entity_id":"Q864024","candidates":[]}],[]],[[{"start":0,"end":5,"url":null,"entity_id":"Q7458605","candidates":[]}],[{"start":0,"end":5,"url":null,"entity_id":"Q864024","candidates":[]}],[]],[[{"start":0,"end":7,"url":null,"entity_id":"Q7446399","candidates":[]}],[{"start":0,"end":5,"url":null,"entity_id":"Q864024","candidates":[]}],[]],[[{"start":0,"end":12,"url":null,"entity_id":"Q7415088","candidates":[]}],[{"start":0,"end":5,"url":null,"entity_id":"Q864024","candidates":[]}],[]],[[{"start":0,"end":9,"url":null,"entity_id":"Q7395891","candidates":[]}],[{"start":0,"end":5,"url":null,"entity_id":"Q864024","candidates":[]}],[]],[[{"start":0,"end":4,"url":null,"entity_id":"Q7300838","candidates":[]}],[{"start":0,"end":5,"url":null,"entity_id":"Q864024","candidates":[]}],[]],[[{"start":0,"end":6,"url":null,"entity_id":"Q7272457","candidates":[]}],[{"start":0,"end":5,"url":null,"entity_id":"Q864024","candidates":[]}],[]],[[{"start":0,"end":7,"url":null,"entity_id":"Q7243484","candidates":[]}],[{"start":0,"end":5,"url":null,"entity_id":"Q864024","candidates":[]}],[]],[[{"start":0,"end":16,"url":null,"entity_id":"Q7232810","candidates":[]}],[{"start":0,"end":5,"url":null,"entity_id":"Q864024","candidates":[]}],[]],[[{"start":0,"end":9,"url":null,"entity_id":"Q7232809","candidates":[]}],[{"start":0,"end":5,"url":null,"entity_id":"Q864024","candidates":[]}],[]],[[{"start":0,"end":5,"url":null,"entity_id":"Q7203136","candidates":[]}],[{"start":0,"end":5,"url":null,"entity_id":"Q864024","candidates":[]}],[]],[[{"start":0,"end":13,"url":null,"entity_id":"Q6905413","candidates":[]}],[{"start":0,"end":5,"url":null,"entity_id":"Q864024","candidates":[]}],[]],[[{"start":0,"end":8,"url":null,"entity_id":"Q6754644","candidates":[]}],[{"start":0,"end":5,"url":null,"entity_id":"Q864024","candidates":[]}],[]],[[{"start":0,"end":8,"url":null,"entity_id":"Q6732506","candidates":[]}],[{"start":0,"end":5,"url":null,"entity_id":"Q864024","candidates":[]}],[]],[[{"start":0,"end":14,"url":null,"entity_id":"Q6723879","candidates":[]}],[{"start":0,"end":5,"url":null,"entity_id":"Q864024","candidates":[]}],[]],[[{"start":0,"end":9,"url":null,"entity_id":"Q7395890","candidates":[]}],[{"start":0,"end":8,"url":null,"entity_id":"Q632727","candidates":[]}],[]],[[{"start":0,"end":14,"url":null,"entity_id":"Q9002242","candidates":[]}],[{"start":0,"end":8,"url":null,"entity_id":"Q41211","candidates":[]}],[]],[[{"start":0,"end":15,"url":null,"entity_id":"Q9026927","candidates":[]}],[{"start":0,"end":5,"url":null,"entity_id":"Q864024","candidates":[]}],[]]]}