{"version":"1.2","table":{"version":"2","table_id":"U8LRL0W8","columns":[{"index":0,"name":"col0","values":["INS Vikramaditya","INS Vikrant","HMS Formidable","HMS Ark Royal","HMS Illustrious","USS Ranger","HMS Implacable","Japanese aircraft carrier Hōshō","USS Langley","USS Saratoga","USS Lexington","USS Hornet","USS Carl Vinson","Japanese aircraft carrier Kaga","USS Wasp","HMS Argus","USS Enterprise","Japanese aircraft carrier Akagi","Spanish aircraft carrier Principe de Asturias","Admiral Kuznetsov"]},{"index":1,"name":"col1","values":["44500","16000","23000","22000","23369","14500","32630","7590","13990","36000","36000","19900","101300","38200","14700","14500","21000","27300","13400","43000"]},{"index":2,"name":"col2","values":["60","39","29.2","28.88","29.2","24.4","29.18","17.98","65.25","32.1","32.1","25.4","40.8","31.3","24.6","20.72","33.4","31.2","24.3","35"]}]},"context":{"page_title":null,"page_url":null,"page_entity_id":null,"content_hierarchy":[]},"links":[[[{"start":0,"end":11,"url":null,"entity_id":"Q2283194","candidates":[]}],[],[]],[[{"start":0,"end":14,"url":null,"entity_id":"Q2203656","candidates":[]}],[],[]],[[{"start":0,"end":13,"url":null,"entity_id":"Q1333909","candidates":[]}],[],[]],[[{"start":0,"end":15,"url":null,"entity_id":"Q1140782","candidates":[]}],[],[]],[[{"start":0,"end":10,"url":null,"entity_id":"Q1044197","candidates":[]}],[],[]],[[{"start":0,"end":14,"url":null,"entity_id":"Q1032037","candidates":[]}],[],[]],[[{"start":0,"end":31,"url":null,"entity_id":"Q860823","candidates":[]}],[],[]],[[{"start":0,"end":11,"url":null,"entity_id":"Q860057","candidates":[]}],[],[]],[[{"start":0,"end":12,"url":null,"entity_id":"Q852981","candidates":[]}],[],[]],[[{"start":0,"end":13,"url":null,"entity_id":"Q838148","candidates":[]}],[],[]],[[{"start":0,"end":10,"url":null,"entity_id":"Q838125","candidates":[]}],[],[]],[[{"start":0,"end":15,"url":null,"entity_id":"Q748902","candidates":[]}],[],[]],[[{"start":0,"end":30,"url":null,"entity_id":"Q726146","candidates":[]}],[],[]],[[{"start":0,"end":8,"url":null,"entity_id":"Q677346","candidates":[]}],[],[]],[[{"start":0,"end":9,"url":null,"entity_id":"Q656745","candidates":[]}],[],[]],[[{"start":0,"end":14,"url":null,"entity_id":"Q369987","candidates":[]}],[],[]],[[{"start":0,"end":31,"url":null,"entity_id":"Q320967","candidates":[]}],[],[]],[[{"start":0,"end":45,"url":null,"entity_id":"Q303755","candidates":[]}],[],[]],[[{"start":0,"end":17,"url":null,"entity_id":"Q274924","candidates":[]}],[],[]],[[{"start":0,"end":16,"url":null,"entity_id":"Q3284481","candidates":[]}],[],[]]]}