{"version":"1.2","table":{"version":"2","table_id":"U90RDNQC","columns":[{"index":0,"name":"col0","values":["Dylan","Tracy","Misha","Jesse","Floor","Hayley","Nikki","Dominique","Renee","Ane","Sharon","Vivien","Niki","Eve","Akira","Akira","Marlen","Ryō","Nam","Sam"]},{"index":1,"name":"col1","values":["Dylan","Tracy","Misha","Jesse","Floor","Hayley","Nikki","The Singing Nun","Renée","Anah","Sharon","Vivien","Niki","Eve","Akira","Akira","Marlen","Ryō","Nam","Sam"]},{"index":2,"name":"col2","values":["Dylann","Tracey","Mischa","Jessé","Florent","Ellina","Nicky","Domenico","Renea","Anne","Sharona","Viviana","Nikki","Evi","Akira","Akira","Marlen","Ryō","Nam","Sammy"]}]},"context":{"page_title":null,"page_url":null,"page_entity_id":null,"content_hierarchy":[]},"links":[[[{"start":0,"end":5,"url":null,"entity_id":"Q2447651","candidates":[]}],[{"start":0,"end":5,"url":null,"entity_id":"Q256277","candidates":[]}],[{"start":0,"end":6,"url":null,"entity_id":"Q19828987","candidates":[]}]],[[{"start":0,"end":5,"url":null,"entity_id":"Q2233184","candidates":[]}],[{"start":0,"end":5,"url":null,"entity_id":"Q404557","candidates":[]}],[{"start":0,"end":6,"url":null,"entity_id":"Q18229299","candidates":[]}]],[[{"start":0,"end":5,"url":null,"entity_id":"Q2227398","candidates":[]}],[{"start":0,"end":5,"url":null,"entity_id":"Q45090","candidates":[]}],[{"start":0,"end":5,"url":null,"entity_id":"Q3177712","candidates":[]}]],[[{"start":0,"end":5,"url":null,"entity_id":"Q2489418","candidates":[]}],[{"start":0,"end":5,"url":null,"entity_id":"Q349879","candidates":[]}],[{"start":0,"end":7,"url":null,"entity_id":"Q1429427","candidates":[]}]],[[{"start":0,"end":6,"url":null,"entity_id":"Q2113029","candidates":[]}],[{"start":0,"end":6,"url":null,"entity_id":"Q415289","candidates":[]}],[{"start":0,"end":6,"url":null,"entity_id":"Q988968","candidates":[]}]],[[{"start":0,"end":5,"url":null,"entity_id":"Q1990345","candidates":[]}],[{"start":0,"end":5,"url":null,"entity_id":"Q280033","candidates":[]}],[{"start":0,"end":5,"url":null,"entity_id":"Q600538","candidates":[]}]],[[{"start":0,"end":9,"url":null,"entity_id":"Q509951","candidates":[]}],[{"start":0,"end":15,"url":null,"entity_id":"Q1131070","candidates":[]}],[{"start":0,"end":8,"url":null,"entity_id":"Q1765453","candidates":[]}]],[[{"start":0,"end":5,"url":null,"entity_id":"Q12800075","candidates":[]}],[{"start":0,"end":5,"url":null,"entity_id":"Q7313825","candidates":[]}],[{"start":0,"end":5,"url":null,"entity_id":"Q26266256","candidates":[]}]],[[{"start":0,"end":3,"url":null,"entity_id":"Q11958077","candidates":[]}],[{"start":0,"end":4,"url":null,"entity_id":"Q2627750","candidates":[]}],[{"start":0,"end":4,"url":null,"entity_id":"Q564684","candidates":[]}]],[[{"start":0,"end":6,"url":null,"entity_id":"Q2648522","candidates":[]}],[{"start":0,"end":6,"url":null,"entity_id":"Q225542","candidates":[]}],[{"start":0,"end":7,"url":null,"entity_id":"Q12902103","candidates":[]}]],[[{"start":0,"end":6,"url":null,"entity_id":"Q2529110","candidates":[]}],[{"start":0,"end":6,"url":null,"entity_id":"Q1219368","candidates":[]}],[{"start":0,"end":7,"url":null,"entity_id":"Q12805851","candidates":[]}]],[[{"start":0,"end":4,"url":null,"entity_id":"Q2578145","candidates":[]}],[{"start":0,"end":4,"url":null,"entity_id":"Q410945","candidates":[]}],[{"start":0,"end":5,"url":null,"entity_id":"Q1990345","candidates":[]}]],[[{"start":0,"end":3,"url":null,"entity_id":"Q2693525","candidates":[]}],[{"start":0,"end":3,"url":null,"entity_id":"Q348624","candidates":[]}],[{"start":0,"end":3,"url":null,"entity_id":"Q646312","candidates":[]}]],[[{"start":0,"end":5,"url":null,"entity_id":"Q29564028","candidates":[]}],[{"start":0,"end":5,"url":null,"entity_id":"Q1569177","candidates":[]}],[{"start":0,"end":5,"url":null,"entity_id":"Q1761553","candidates":[]}]],[[{"start":0,"end":5,"url":null,"entity_id":"Q29564025","candidates":[]}],[{"start":0,"end":5,"url":null,"entity_id":"Q1569177","candidates":[]}],[{"start":0,"end":5,"url":null,"entity_id":"Q1761553","candidates":[]}]],[[{"start":0,"end":6,"url":null,"entity_id":"Q12716762","candidates":[]}],[{"start":0,"end":6,"url":null,"entity_id":"Q1901989","candidates":[]}],[{"start":0,"end":6,"url":null,"entity_id":"Q76148195","candidates":[]}]],[[{"start":0,"end":3,"url":null,"entity_id":"Q7385582","candidates":[]}],[{"start":0,"end":3,"url":null,"entity_id":"Q3454065","candidates":[]}],[{"start":0,"end":3,"url":null,"entity_id":"Q29576216","candidates":[]}]],[[{"start":0,"end":3,"url":null,"entity_id":"Q10594200","candidates":[]}],[{"start":0,"end":3,"url":null,"entity_id":"Q227710","candidates":[]}],[{"start":0,"end":3,"url":null,"entity_id":"Q20031403","candidates":[]}]],[[{"start":0,"end":3,"url":null,"entity_id":"Q12800694","candidates":[]}],[{"start":0,"end":3,"url":null,"entity_id":"Q6791","candidates":[]}],[{"start":0,"end":5,"url":null,"entity_id":"Q19819782","candidates":[]}]],[[{"start":0,"end":5,"url":null,"entity_id":"Q1814575","candidates":[]}],[{"start":0,"end":5,"url":null,"entity_id":"Q246465","candidates":[]}],[{"start":0,"end":6,"url":null,"entity_id":"Q21161957","candidates":[]}]]]}