{"version":"1.2","table":{"version":"2","table_id":"UAY2EK8H","columns":[{"index":0,"name":"col0","values":["Radhamohanpur","Sarberia","Kurumgram","Patuli","Banior","Ramkrishnapur","Mallar Chak","Baidyapur","Gorubathan","Anandanagar","Gobindapur","Berachampa","Harinarayanpur","Dhaniakhali","Taranagar","Chaitanyapur","Majigram","Khanakul","Salboni","Gopiballavpur"]},{"index":1,"name":"col1","values":["14","8","40","18","54","8","8","12","417","10","8","10","8","16","8","7","30","15","25","114"]},{"index":2,"name":"col2","values":["839","774","932","1165","1219","992","940","986","1119","961","927","735","866","979","834","756","1064","836","843","887"]},{"index":3,"name":"col3","values":["2829","2584","2579","3235","3613","3160","3152","3134","3132","3117","2503","2453","2773","2774","2295","2692","2700","2727","3080","3111"]},{"index":4,"name":"col4","values":["775","570","1149","1446","1756","1261","1776","931","1271","798","2387","504","1251","964","2045","477","1922","762","883","950"]}]},"context":{"page_title":null,"page_url":null,"page_entity_id":null,"content_hierarchy":[]},"links":[[[{"start":0,"end":8,"url":null,"entity_id":"Q55632592","candidates":[]}],[],[],[],[]],[[{"start":0,"end":9,"url":null,"entity_id":"Q48728491","candidates":[]}],[],[],[],[]],[[{"start":0,"end":6,"url":null,"entity_id":"Q2733142","candidates":[]}],[],[],[],[]],[[{"start":0,"end":6,"url":null,"entity_id":"Q15196526","candidates":[]}],[],[],[],[]],[[{"start":0,"end":13,"url":null,"entity_id":"Q15271640","candidates":[]}],[],[],[],[]],[[{"start":0,"end":11,"url":null,"entity_id":"Q55621914","candidates":[]}],[],[],[],[]],[[{"start":0,"end":9,"url":null,"entity_id":"Q20020517","candidates":[]}],[],[],[],[]],[[{"start":0,"end":10,"url":null,"entity_id":"Q5586957","candidates":[]}],[],[],[],[]],[[{"start":0,"end":11,"url":null,"entity_id":"Q4751344","candidates":[]}],[],[],[],[]],[[{"start":0,"end":10,"url":null,"entity_id":"Q55612736","candidates":[]}],[],[],[],[]],[[{"start":0,"end":10,"url":null,"entity_id":"Q4890965","candidates":[]}],[],[],[],[]],[[{"start":0,"end":14,"url":null,"entity_id":"Q55613421","candidates":[]}],[],[],[],[]],[[{"start":0,"end":11,"url":null,"entity_id":"Q25247435","candidates":[]}],[],[],[],[]],[[{"start":0,"end":9,"url":null,"entity_id":"Q55634704","candidates":[]}],[],[],[],[]],[[{"start":0,"end":12,"url":null,"entity_id":"Q30622758","candidates":[]}],[],[],[],[]],[[{"start":0,"end":8,"url":null,"entity_id":"Q25110522","candidates":[]}],[],[],[],[]],[[{"start":0,"end":8,"url":null,"entity_id":"Q31213596","candidates":[]}],[],[],[],[]],[[{"start":0,"end":7,"url":null,"entity_id":"Q7403746","candidates":[]}],[],[],[],[]],[[{"start":0,"end":13,"url":null,"entity_id":"Q5584287","candidates":[]}],[],[],[],[]],[[{"start":0,"end":13,"url":null,"entity_id":"Q24936926","candidates":[]}],[],[],[],[]]]}