{"version":"1.2","table":{"version":"2","table_id":"UB3Z6GX8","columns":[{"index":0,"name":"col0","values":["Ultimate Gambit","Ultimate Rogue","Elliot Boggs","Andrea von Strucker","Magnus Lehnsherr","list of Marvel Comics characters: W","Zeitgeist","Ultimate Iceman","Ultimate Jean Grey","Jason Stryker","Ultimate Angel","Ultimate Magneto","Ultimate Wolverine","Old Man Logan","Ultimate Emma Frost","Ultimate Firestar","Ultimate Kitty Pryde","Omega Red","Toad","Arclight","Cypher","Siryn","Darwin","Avalanche","Fantomex","Dazzler","Bishop","Surge","Blink","Silver Fox","Sebastian Shaw"]},{"index":1,"name":"col1","values":["street artist","student","student","criminal","superhero","military personnel","superhero","student","student","terrorist","student","terrorist","student","teacher","teacher","student","student","mercenary","criminal","refugee","student","student","student","government agent","mercenary","actor","superhero","student","superhero","government agent","businessperson"]},{"index":2,"name":"col2","values":["Remy","Marian","Elliot","Andrea","Magnus","Clayton","Axel","Bobby","Jean","Jason","Warren","Erik","James","James","Emma","Elizabeth","Katherine","Arkady","Mortimer","Philippa","Doug","Theresa","Armando","Dominic","Charlie","Alison","Lucas","Noriko","Clarice","Kayla","Sebastian"]}]},"context":{"page_title":null,"page_url":null,"page_entity_id":null,"content_hierarchy":[]},"links":[[[{"start":0,"end":14,"url":null,"entity_id":"Q48946153","candidates":[]}],[{"start":0,"end":7,"url":null,"entity_id":"Q48282","candidates":[]}],[{"start":0,"end":6,"url":null,"entity_id":"Q20155725","candidates":[]}]],[[{"start":0,"end":12,"url":null,"entity_id":"Q48777057","candidates":[]}],[{"start":0,"end":7,"url":null,"entity_id":"Q48282","candidates":[]}],[{"start":0,"end":6,"url":null,"entity_id":"Q19826493","candidates":[]}]],[[{"start":0,"end":19,"url":null,"entity_id":"Q54833756","candidates":[]}],[{"start":0,"end":8,"url":null,"entity_id":"Q2159907","candidates":[]}],[{"start":0,"end":6,"url":null,"entity_id":"Q18177321","candidates":[]}]],[[{"start":0,"end":16,"url":null,"entity_id":"Q16253333","candidates":[]}],[{"start":0,"end":9,"url":null,"entity_id":"Q188784","candidates":[]}],[{"start":0,"end":6,"url":null,"entity_id":"Q18109457","candidates":[]}]],[[{"start":0,"end":35,"url":null,"entity_id":"Q11819141","candidates":[]}],[{"start":0,"end":18,"url":null,"entity_id":"Q47064","candidates":[]}],[{"start":0,"end":7,"url":null,"entity_id":"Q16542351","candidates":[]}]],[[{"start":0,"end":9,"url":null,"entity_id":"Q8068621","candidates":[]}],[{"start":0,"end":9,"url":null,"entity_id":"Q188784","candidates":[]}],[{"start":0,"end":4,"url":null,"entity_id":"Q5407300","candidates":[]}]],[[{"start":0,"end":15,"url":null,"entity_id":"Q48947511","candidates":[]}],[{"start":0,"end":7,"url":null,"entity_id":"Q48282","candidates":[]}],[{"start":0,"end":5,"url":null,"entity_id":"Q4564223","candidates":[]}]],[[{"start":0,"end":18,"url":null,"entity_id":"Q48891562","candidates":[]}],[{"start":0,"end":7,"url":null,"entity_id":"Q48282","candidates":[]}],[{"start":0,"end":4,"url":null,"entity_id":"Q4160311","candidates":[]}]],[[{"start":0,"end":13,"url":null,"entity_id":"Q20979405","candidates":[]}],[{"start":0,"end":9,"url":null,"entity_id":"Q14886050","candidates":[]}],[{"start":0,"end":5,"url":null,"entity_id":"Q2630093","candidates":[]}]],[[{"start":0,"end":14,"url":null,"entity_id":"Q49262738","candidates":[]}],[{"start":0,"end":7,"url":null,"entity_id":"Q48282","candidates":[]}],[{"start":0,"end":6,"url":null,"entity_id":"Q2256715","candidates":[]}]],[[{"start":0,"end":16,"url":null,"entity_id":"Q48412444","candidates":[]}],[{"start":0,"end":9,"url":null,"entity_id":"Q14886050","candidates":[]}],[{"start":0,"end":4,"url":null,"entity_id":"Q750186","candidates":[]}]],[[{"start":0,"end":18,"url":null,"entity_id":"Q7880273","candidates":[]}],[{"start":0,"end":7,"url":null,"entity_id":"Q48282","candidates":[]}],[{"start":0,"end":5,"url":null,"entity_id":"Q677191","candidates":[]}]],[[{"start":0,"end":13,"url":null,"entity_id":"Q52413964","candidates":[]}],[{"start":0,"end":7,"url":null,"entity_id":"Q37226","candidates":[]}],[{"start":0,"end":5,"url":null,"entity_id":"Q677191","candidates":[]}]],[[{"start":0,"end":19,"url":null,"entity_id":"Q15141701","candidates":[]}],[{"start":0,"end":7,"url":null,"entity_id":"Q37226","candidates":[]}],[{"start":0,"end":4,"url":null,"entity_id":"Q541194","candidates":[]}]],[[{"start":0,"end":17,"url":null,"entity_id":"Q21188808","candidates":[]}],[{"start":0,"end":7,"url":null,"entity_id":"Q48282","candidates":[]}],[{"start":0,"end":9,"url":null,"entity_id":"Q385468","candidates":[]}]],[[{"start":0,"end":20,"url":null,"entity_id":"Q48958279","candidates":[]}],[{"start":0,"end":7,"url":null,"entity_id":"Q48282","candidates":[]}],[{"start":0,"end":9,"url":null,"entity_id":"Q108631","candidates":[]}]],[[{"start":0,"end":9,"url":null,"entity_id":"Q2420335","candidates":[]}],[{"start":0,"end":9,"url":null,"entity_id":"Q178197","candidates":[]}],[{"start":0,"end":6,"url":null,"entity_id":"Q39275021","candidates":[]}]],[[{"start":0,"end":4,"url":null,"entity_id":"Q2377661","candidates":[]}],[{"start":0,"end":8,"url":null,"entity_id":"Q2159907","candidates":[]}],[{"start":0,"end":8,"url":null,"entity_id":"Q25114948","candidates":[]}]],[[{"start":0,"end":8,"url":null,"entity_id":"Q2604713","candidates":[]}],[{"start":0,"end":7,"url":null,"entity_id":"Q131572","candidates":[]}],[{"start":0,"end":8,"url":null,"entity_id":"Q19961860","candidates":[]}]],[[{"start":0,"end":6,"url":null,"entity_id":"Q2452573","candidates":[]}],[{"start":0,"end":7,"url":null,"entity_id":"Q48282","candidates":[]}],[{"start":0,"end":4,"url":null,"entity_id":"Q18533467","candidates":[]}]],[[{"start":0,"end":5,"url":null,"entity_id":"Q2366159","candidates":[]}],[{"start":0,"end":7,"url":null,"entity_id":"Q48282","candidates":[]}],[{"start":0,"end":7,"url":null,"entity_id":"Q18192718","candidates":[]}]],[[{"start":0,"end":6,"url":null,"entity_id":"Q2204855","candidates":[]}],[{"start":0,"end":7,"url":null,"entity_id":"Q48282","candidates":[]}],[{"start":0,"end":7,"url":null,"entity_id":"Q18177180","candidates":[]}]],[[{"start":0,"end":9,"url":null,"entity_id":"Q2320292","candidates":[]}],[{"start":0,"end":16,"url":null,"entity_id":"Q5589126","candidates":[]}],[{"start":0,"end":7,"url":null,"entity_id":"Q18147196","candidates":[]}]],[[{"start":0,"end":8,"url":null,"entity_id":"Q2539413","candidates":[]}],[{"start":0,"end":9,"url":null,"entity_id":"Q178197","candidates":[]}],[{"start":0,"end":7,"url":null,"entity_id":"Q16275193","candidates":[]}]],[[{"start":0,"end":7,"url":null,"entity_id":"Q2584217","candidates":[]}],[{"start":0,"end":5,"url":null,"entity_id":"Q33999","candidates":[]}],[{"start":0,"end":6,"url":null,"entity_id":"Q16154105","candidates":[]}]],[[{"start":0,"end":6,"url":null,"entity_id":"Q2296652","candidates":[]}],[{"start":0,"end":9,"url":null,"entity_id":"Q188784","candidates":[]}],[{"start":0,"end":5,"url":null,"entity_id":"Q12325000","candidates":[]}]],[[{"start":0,"end":5,"url":null,"entity_id":"Q2213159","candidates":[]}],[{"start":0,"end":7,"url":null,"entity_id":"Q48282","candidates":[]}],[{"start":0,"end":6,"url":null,"entity_id":"Q7051261","candidates":[]}]],[[{"start":0,"end":5,"url":null,"entity_id":"Q2624390","candidates":[]}],[{"start":0,"end":9,"url":null,"entity_id":"Q188784","candidates":[]}],[{"start":0,"end":7,"url":null,"entity_id":"Q5126929","candidates":[]}]],[[{"start":0,"end":10,"url":null,"entity_id":"Q2608804","candidates":[]}],[{"start":0,"end":16,"url":null,"entity_id":"Q5589126","candidates":[]}],[{"start":0,"end":5,"url":null,"entity_id":"Q4963168","candidates":[]}]],[[{"start":0,"end":14,"url":null,"entity_id":"Q2265812","candidates":[]}],[{"start":0,"end":14,"url":null,"entity_id":"Q43845","candidates":[]}],[{"start":0,"end":9,"url":null,"entity_id":"Q4844560","candidates":[]}]],[[{"start":0,"end":15,"url":null,"entity_id":"Q48957559","candidates":[]}],[{"start":0,"end":13,"url":null,"entity_id":"Q2914170","candidates":[]}],[{"start":0,"end":4,"url":null,"entity_id":"Q20893352","candidates":[]}]]]}