{"version":"1.2","table":{"version":"2","table_id":"UB6DOTH7","columns":[{"index":0,"name":"col0","values":["La Tablada","Ciudad Madero, Buenos Aires","Catriel","Ciudad Evita","Isidro Casanova","Lomas del Mirador","Sunchales","Gregorio de Laferrere","Rafael Castillo","San Justo","Ramos Mejía","Río Colorado","El Bolsón, Río Negro","Villa Regina","González Catán","Río Cuarto","Rufino","Adrogué","Pinamar","Rafaela"]},{"index":1,"name":"col1","values":["11","6","307","15","14","22","95","4","23","26","26","81","312","184","19","425","113","24","17","90"]},{"index":2,"name":"col2","values":["102542","132905","17584","92957","190696","71479","20537","248362","147965","136604","120346","11733","21334","30028","238067","157010","18727","28265","45000","92945"]}]},"context":{"page_title":null,"page_url":null,"page_entity_id":null,"content_hierarchy":[]},"links":[[[{"start":0,"end":27,"url":null,"entity_id":"Q5124156","candidates":[]}],[],[]],[[{"start":0,"end":7,"url":null,"entity_id":"Q3663629","candidates":[]}],[],[]],[[{"start":0,"end":12,"url":null,"entity_id":"Q3315989","candidates":[]}],[],[]],[[{"start":0,"end":15,"url":null,"entity_id":"Q2700395","candidates":[]}],[],[]],[[{"start":0,"end":17,"url":null,"entity_id":"Q2530296","candidates":[]}],[],[]],[[{"start":0,"end":9,"url":null,"entity_id":"Q2509609","candidates":[]}],[],[]],[[{"start":0,"end":21,"url":null,"entity_id":"Q2484567","candidates":[]}],[],[]],[[{"start":0,"end":15,"url":null,"entity_id":"Q2471226","candidates":[]}],[],[]],[[{"start":0,"end":9,"url":null,"entity_id":"Q2466841","candidates":[]}],[],[]],[[{"start":0,"end":11,"url":null,"entity_id":"Q2076464","candidates":[]}],[],[]],[[{"start":0,"end":12,"url":null,"entity_id":"Q1410272","candidates":[]}],[],[]],[[{"start":0,"end":20,"url":null,"entity_id":"Q1323928","candidates":[]}],[],[]],[[{"start":0,"end":12,"url":null,"entity_id":"Q1017096","candidates":[]}],[],[]],[[{"start":0,"end":14,"url":null,"entity_id":"Q994917","candidates":[]}],[],[]],[[{"start":0,"end":10,"url":null,"entity_id":"Q983451","candidates":[]}],[],[]],[[{"start":0,"end":6,"url":null,"entity_id":"Q960119","candidates":[]}],[],[]],[[{"start":0,"end":7,"url":null,"entity_id":"Q749623","candidates":[]}],[],[]],[[{"start":0,"end":7,"url":null,"entity_id":"Q517783","candidates":[]}],[],[]],[[{"start":0,"end":7,"url":null,"entity_id":"Q259498","candidates":[]}],[],[]],[[{"start":0,"end":10,"url":null,"entity_id":"Q6465359","candidates":[]}],[],[]]]}