{"version":"1.2","table":{"version":"2","table_id":"UB7N0UV4","columns":[{"index":0,"name":"col0","values":["Supercopa MX","FAI President's Cup","Pepe Reyes Cup","Saudi Super Cup","Supercopa de Chile","Superliga Colombiana","Supercopa Argentina","Bahraini Super Cup","Moldovan Super Cup","Swazi Charity Cup","SuperTaça de Angola","Kazakhstan Super Cup","Supertaça Cândido de Oliveira","UAE Super Cup","Campeón de Campeones","Lithuanian Supercup","Slovak Super Cup","Ukrainian Super Cup","Belgian Supercup","Israel Super Cup"]},{"index":1,"name":"col1","values":["1","1","1","1","1","1","1","1","1","1","1","1","1","1","1","1","1","1","1","1"]},{"index":2,"name":"col2","values":["2","2","2","2","2","2","2","2","2","2","2","2","2","2","2","2","2","2","2","2"]}]},"context":{"page_title":null,"page_url":null,"page_entity_id":null,"content_hierarchy":[]},"links":[[[{"start":0,"end":19,"url":null,"entity_id":"Q16773694","candidates":[]}],[],[]],[[{"start":0,"end":14,"url":null,"entity_id":"Q16587857","candidates":[]}],[],[]],[[{"start":0,"end":15,"url":null,"entity_id":"Q15711856","candidates":[]}],[],[]],[[{"start":0,"end":18,"url":null,"entity_id":"Q13779455","candidates":[]}],[],[]],[[{"start":0,"end":20,"url":null,"entity_id":"Q3979336","candidates":[]}],[],[]],[[{"start":0,"end":19,"url":null,"entity_id":"Q3977728","candidates":[]}],[],[]],[[{"start":0,"end":18,"url":null,"entity_id":"Q3504471","candidates":[]}],[],[]],[[{"start":0,"end":18,"url":null,"entity_id":"Q2469029","candidates":[]}],[],[]],[[{"start":0,"end":17,"url":null,"entity_id":"Q2403204","candidates":[]}],[],[]],[[{"start":0,"end":19,"url":null,"entity_id":"Q1986705","candidates":[]}],[],[]],[[{"start":0,"end":20,"url":null,"entity_id":"Q1498874","candidates":[]}],[],[]],[[{"start":0,"end":29,"url":null,"entity_id":"Q1127062","candidates":[]}],[],[]],[[{"start":0,"end":13,"url":null,"entity_id":"Q1046345","candidates":[]}],[],[]],[[{"start":0,"end":20,"url":null,"entity_id":"Q1031000","candidates":[]}],[],[]],[[{"start":0,"end":19,"url":null,"entity_id":"Q950013","candidates":[]}],[],[]],[[{"start":0,"end":16,"url":null,"entity_id":"Q867047","candidates":[]}],[],[]],[[{"start":0,"end":19,"url":null,"entity_id":"Q843930","candidates":[]}],[],[]],[[{"start":0,"end":16,"url":null,"entity_id":"Q815539","candidates":[]}],[],[]],[[{"start":0,"end":16,"url":null,"entity_id":"Q794754","candidates":[]}],[],[]],[[{"start":0,"end":12,"url":null,"entity_id":"Q18393123","candidates":[]}],[],[]]]}