{"version":"1.2","table":{"version":"2","table_id":"UCOU1DOD","columns":[{"index":0,"name":"col0","values":["Vernon Parish","Natchitoches Parish","Richland Parish","St. James Parish","Sabine Parish","Pointe Coupee Parish","Livingston Parish","St. Tammany Parish","Washington Parish","Lafayette Parish","La Salle Parish","East Carroll Parish","Jackson Parish","Catahoula Parish","Grant Parish","Avoyelles Parish","Iberia Parish","Franklin Parish","Evangeline Parish","East Feliciana Parish"]},{"index":1,"name":"col1","values":["1","3.6","1.6","6.4","14","5.6","7.8","25","0.9","0.2","5.7","4.9","1.9","4.2","3.3","3.8","44","1.7","2.5","0.5"]},{"index":2,"name":"col2","values":["3474","3365","1462","668","2620","1530","1820","2212","676","700","1716","1146","1503","1915","1721","2242","2670","1646","1760","1180"]}]},"context":{"page_title":null,"page_url":null,"page_entity_id":null,"content_hierarchy":[]},"links":[[[{"start":0,"end":19,"url":null,"entity_id":"Q507047","candidates":[]}],[],[]],[[{"start":0,"end":15,"url":null,"entity_id":"Q507028","candidates":[]}],[],[]],[[{"start":0,"end":16,"url":null,"entity_id":"Q507016","candidates":[]}],[],[]],[[{"start":0,"end":13,"url":null,"entity_id":"Q507000","candidates":[]}],[],[]],[[{"start":0,"end":20,"url":null,"entity_id":"Q506951","candidates":[]}],[],[]],[[{"start":0,"end":17,"url":null,"entity_id":"Q506937","candidates":[]}],[],[]],[[{"start":0,"end":18,"url":null,"entity_id":"Q506921","candidates":[]}],[],[]],[[{"start":0,"end":17,"url":null,"entity_id":"Q506907","candidates":[]}],[],[]],[[{"start":0,"end":16,"url":null,"entity_id":"Q506892","candidates":[]}],[],[]],[[{"start":0,"end":15,"url":null,"entity_id":"Q506086","candidates":[]}],[],[]],[[{"start":0,"end":19,"url":null,"entity_id":"Q505505","candidates":[]}],[],[]],[[{"start":0,"end":14,"url":null,"entity_id":"Q505392","candidates":[]}],[],[]],[[{"start":0,"end":16,"url":null,"entity_id":"Q505282","candidates":[]}],[],[]],[[{"start":0,"end":12,"url":null,"entity_id":"Q504450","candidates":[]}],[],[]],[[{"start":0,"end":16,"url":null,"entity_id":"Q504435","candidates":[]}],[],[]],[[{"start":0,"end":13,"url":null,"entity_id":"Q504415","candidates":[]}],[],[]],[[{"start":0,"end":15,"url":null,"entity_id":"Q504391","candidates":[]}],[],[]],[[{"start":0,"end":17,"url":null,"entity_id":"Q504379","candidates":[]}],[],[]],[[{"start":0,"end":21,"url":null,"entity_id":"Q504375","candidates":[]}],[],[]],[[{"start":0,"end":13,"url":null,"entity_id":"Q507063","candidates":[]}],[],[]]]}