C4CA42,https://www.wikidata.org/wiki/Property:P702
C4CA42,https://www.wikidata.org/wiki/Property:P682
C4CA42,https://www.wikidata.org/wiki/Property:P681
C4CA42,https://www.wikidata.org/wiki/Property:P680
C81E72,https://www.wikidata.org/wiki/Property:P688
C81E72,https://www.wikidata.org/wiki/Property:P681
C81E72,https://www.wikidata.org/wiki/Property:P682
C81E72,https://www.wikidata.org/wiki/Property:P680
ECCBC8,https://www.wikidata.org/wiki/Property:P688
ECCBC8,https://www.wikidata.org/wiki/Property:P681
ECCBC8,https://www.wikidata.org/wiki/Property:P680
ECCBC8,https://www.wikidata.org/wiki/Property:P682
A87FF6,https://www.wikidata.org/wiki/Property:P688
A87FF6,https://www.wikidata.org/wiki/Property:P680
A87FF6,https://www.wikidata.org/wiki/Property:P681
A87FF6,https://www.wikidata.org/wiki/Property:P682
E4DA3B,https://www.wikidata.org/wiki/Property:P702
E4DA3B,https://www.wikidata.org/wiki/Property:P680
E4DA3B,https://www.wikidata.org/wiki/Property:P681
E4DA3B,https://www.wikidata.org/wiki/Property:P682
167909,https://www.wikidata.org/wiki/Property:P702
167909,https://www.wikidata.org/wiki/Property:P681
167909,https://www.wikidata.org/wiki/Property:P682
167909,https://www.wikidata.org/wiki/Property:P680
8F14E4,https://www.wikidata.org/wiki/Property:P688
8F14E4,https://www.wikidata.org/wiki/Property:P681
8F14E4,https://www.wikidata.org/wiki/Property:P680
8F14E4,https://www.wikidata.org/wiki/Property:P682
8F14E4,https://www.wikidata.org/wiki/Property:P1382
C9F0F8,https://www.wikidata.org/wiki/Property:P688
C9F0F8,https://www.wikidata.org/wiki/Property:P682
C9F0F8,https://www.wikidata.org/wiki/Property:P681
C9F0F8,https://www.wikidata.org/wiki/Property:P680
C9F0F8,https://www.wikidata.org/wiki/Property:P703
45C48C,https://www.wikidata.org/wiki/Property:P702
45C48C,https://www.wikidata.org/wiki/Property:P680
45C48C,https://www.wikidata.org/wiki/Property:P682
45C48C,https://www.wikidata.org/wiki/Property:P681
45C48C,https://www.wikidata.org/wiki/Property:P1382
45C48C,https://www.wikidata.org/wiki/Property:P703
D3D944,https://www.wikidata.org/wiki/Property:P688
D3D944,https://www.wikidata.org/wiki/Property:P680
D3D944,https://www.wikidata.org/wiki/Property:P682
D3D944,https://www.wikidata.org/wiki/Property:P681
D3D944,https://www.wikidata.org/wiki/Property:P703
6512BD,https://www.wikidata.org/wiki/Property:P702
6512BD,https://www.wikidata.org/wiki/Property:P680
6512BD,https://www.wikidata.org/wiki/Property:P682
6512BD,https://www.wikidata.org/wiki/Property:P681
6512BD,https://www.wikidata.org/wiki/Property:P703
6512BD,https://www.wikidata.org/wiki/Property:P1382
C20AD4,https://www.wikidata.org/wiki/Property:P702
C20AD4,https://www.wikidata.org/wiki/Property:P682
C20AD4,https://www.wikidata.org/wiki/Property:P680
C20AD4,https://www.wikidata.org/wiki/Property:P681
C20AD4,https://www.wikidata.org/wiki/Property:P1382
C51CE4,https://www.wikidata.org/wiki/Property:P688
C51CE4,https://www.wikidata.org/wiki/Property:P682
C51CE4,https://www.wikidata.org/wiki/Property:P680
C51CE4,https://www.wikidata.org/wiki/Property:P681
C51CE4,https://www.wikidata.org/wiki/Property:P1382
C51CE4,https://www.wikidata.org/wiki/Property:P703
AAB323,https://www.wikidata.org/wiki/Property:P688
AAB323,https://www.wikidata.org/wiki/Property:P680
AAB323,https://www.wikidata.org/wiki/Property:P682
AAB323,https://www.wikidata.org/wiki/Property:P681
9BF31C,https://www.wikidata.org/wiki/Property:P688
9BF31C,https://www.wikidata.org/wiki/Property:P680
9BF31C,https://www.wikidata.org/wiki/Property:P681
9BF31C,https://www.wikidata.org/wiki/Property:P682
9BF31C,https://www.wikidata.org/wiki/Property:P703
9BF31C,https://www.wikidata.org/wiki/Property:P1382
C74D97,https://www.wikidata.org/wiki/Property:P702
C74D97,https://www.wikidata.org/wiki/Property:P680
C74D97,https://www.wikidata.org/wiki/Property:P681
C74D97,https://www.wikidata.org/wiki/Property:P682
70EFDF,https://www.wikidata.org/wiki/Property:P702
70EFDF,https://www.wikidata.org/wiki/Property:P681
70EFDF,https://www.wikidata.org/wiki/Property:P680
70EFDF,https://www.wikidata.org/wiki/Property:P682
70EFDF,https://www.wikidata.org/wiki/Property:P703
6F4922,https://www.wikidata.org/wiki/Property:P702
6F4922,https://www.wikidata.org/wiki/Property:P680
6F4922,https://www.wikidata.org/wiki/Property:P681
6F4922,https://www.wikidata.org/wiki/Property:P682
6F4922,https://www.wikidata.org/wiki/Property:P703
1F0E3D,https://www.wikidata.org/wiki/Property:P688
1F0E3D,https://www.wikidata.org/wiki/Property:P681
1F0E3D,https://www.wikidata.org/wiki/Property:P682
1F0E3D,https://www.wikidata.org/wiki/Property:P680
98F137,https://www.wikidata.org/wiki/Property:P702
98F137,https://www.wikidata.org/wiki/Property:P680
98F137,https://www.wikidata.org/wiki/Property:P681
98F137,https://www.wikidata.org/wiki/Property:P682
3C59DC,https://www.wikidata.org/wiki/Property:P688
3C59DC,https://www.wikidata.org/wiki/Property:P682
3C59DC,https://www.wikidata.org/wiki/Property:P681
3C59DC,https://www.wikidata.org/wiki/Property:P680
3C59DC,https://www.wikidata.org/wiki/Property:P1382
3C59DC,https://www.wikidata.org/wiki/Property:P703
B6D767,https://www.wikidata.org/wiki/Property:P688
B6D767,https://www.wikidata.org/wiki/Property:P682
B6D767,https://www.wikidata.org/wiki/Property:P681
B6D767,https://www.wikidata.org/wiki/Property:P680
B6D767,https://www.wikidata.org/wiki/Property:P1382
37693C,https://www.wikidata.org/wiki/Property:P702
37693C,https://www.wikidata.org/wiki/Property:P680
37693C,https://www.wikidata.org/wiki/Property:P681
37693C,https://www.wikidata.org/wiki/Property:P682
1FF1DE,https://www.wikidata.org/wiki/Property:P688
1FF1DE,https://www.wikidata.org/wiki/Property:P682
1FF1DE,https://www.wikidata.org/wiki/Property:P680
1FF1DE,https://www.wikidata.org/wiki/Property:P681
1FF1DE,https://www.wikidata.org/wiki/Property:P703
1FF1DE,https://www.wikidata.org/wiki/Property:P1382
8E296A,https://www.wikidata.org/wiki/Property:P688
8E296A,https://www.wikidata.org/wiki/Property:P682
8E296A,https://www.wikidata.org/wiki/Property:P680
8E296A,https://www.wikidata.org/wiki/Property:P681
8E296A,https://www.wikidata.org/wiki/Property:P1382
4E732C,https://www.wikidata.org/wiki/Property:P702
4E732C,https://www.wikidata.org/wiki/Property:P682
4E732C,https://www.wikidata.org/wiki/Property:P680
4E732C,https://www.wikidata.org/wiki/Property:P681
02E74F,https://www.wikidata.org/wiki/Property:P702
02E74F,https://www.wikidata.org/wiki/Property:P680
02E74F,https://www.wikidata.org/wiki/Property:P681
02E74F,https://www.wikidata.org/wiki/Property:P682
02E74F,https://www.wikidata.org/wiki/Property:P1382
33E75F,https://www.wikidata.org/wiki/Property:P688
33E75F,https://www.wikidata.org/wiki/Property:P681
33E75F,https://www.wikidata.org/wiki/Property:P682
33E75F,https://www.wikidata.org/wiki/Property:P680
33E75F,https://www.wikidata.org/wiki/Property:P703
33E75F,https://www.wikidata.org/wiki/Property:P1382
6EA9AB,https://www.wikidata.org/wiki/Property:P702
6EA9AB,https://www.wikidata.org/wiki/Property:P682
6EA9AB,https://www.wikidata.org/wiki/Property:P681
6EA9AB,https://www.wikidata.org/wiki/Property:P680
34173C,https://www.wikidata.org/wiki/Property:P688
34173C,https://www.wikidata.org/wiki/Property:P680
34173C,https://www.wikidata.org/wiki/Property:P682
34173C,https://www.wikidata.org/wiki/Property:P681
34173C,https://www.wikidata.org/wiki/Property:P703
C16A53,https://www.wikidata.org/wiki/Property:P688
C16A53,https://www.wikidata.org/wiki/Property:P681
C16A53,https://www.wikidata.org/wiki/Property:P680
C16A53,https://www.wikidata.org/wiki/Property:P682
6364D3,https://www.wikidata.org/wiki/Property:P702
6364D3,https://www.wikidata.org/wiki/Property:P681
6364D3,https://www.wikidata.org/wiki/Property:P682
6364D3,https://www.wikidata.org/wiki/Property:P680
6364D3,https://www.wikidata.org/wiki/Property:P1382
182BE0,https://www.wikidata.org/wiki/Property:P688
182BE0,https://www.wikidata.org/wiki/Property:P681
182BE0,https://www.wikidata.org/wiki/Property:P682
182BE0,https://www.wikidata.org/wiki/Property:P680
182BE0,https://www.wikidata.org/wiki/Property:P1382
182BE0,https://www.wikidata.org/wiki/Property:P703
E36985,https://www.wikidata.org/wiki/Property:P688
E36985,https://www.wikidata.org/wiki/Property:P681
E36985,https://www.wikidata.org/wiki/Property:P682
E36985,https://www.wikidata.org/wiki/Property:P680
1C383C,https://www.wikidata.org/wiki/Property:P702
1C383C,https://www.wikidata.org/wiki/Property:P681
1C383C,https://www.wikidata.org/wiki/Property:P680
1C383C,https://www.wikidata.org/wiki/Property:P682
1C383C,https://www.wikidata.org/wiki/Property:P1382
19CA14,https://www.wikidata.org/wiki/Property:P702
19CA14,https://www.wikidata.org/wiki/Property:P681
19CA14,https://www.wikidata.org/wiki/Property:P680
19CA14,https://www.wikidata.org/wiki/Property:P682
19CA14,https://www.wikidata.org/wiki/Property:P1382
A5BFC9,https://www.wikidata.org/wiki/Property:P688
A5BFC9,https://www.wikidata.org/wiki/Property:P680
A5BFC9,https://www.wikidata.org/wiki/Property:P682
A5BFC9,https://www.wikidata.org/wiki/Property:P681
A5BFC9,https://www.wikidata.org/wiki/Property:P703
A5771B,https://www.wikidata.org/wiki/Property:P688
A5771B,https://www.wikidata.org/wiki/Property:P680
A5771B,https://www.wikidata.org/wiki/Property:P682
A5771B,https://www.wikidata.org/wiki/Property:P681
D67D8A,https://www.wikidata.org/wiki/Property:P702
D67D8A,https://www.wikidata.org/wiki/Property:P682
D67D8A,https://www.wikidata.org/wiki/Property:P680
D67D8A,https://www.wikidata.org/wiki/Property:P681
D67D8A,https://www.wikidata.org/wiki/Property:P1382
D67D8A,https://www.wikidata.org/wiki/Property:P703
D64592,https://www.wikidata.org/wiki/Property:P688
D64592,https://www.wikidata.org/wiki/Property:P681
D64592,https://www.wikidata.org/wiki/Property:P682
D64592,https://www.wikidata.org/wiki/Property:P680
D64592,https://www.wikidata.org/wiki/Property:P1382
D64592,https://www.wikidata.org/wiki/Property:P703
3416A7,https://www.wikidata.org/wiki/Property:P688
3416A7,https://www.wikidata.org/wiki/Property:P681
3416A7,https://www.wikidata.org/wiki/Property:P680
3416A7,https://www.wikidata.org/wiki/Property:P682
3416A7,https://www.wikidata.org/wiki/Property:P1382
3416A7,https://www.wikidata.org/wiki/Property:P703
A1D0C6,https://www.wikidata.org/wiki/Property:P702
A1D0C6,https://www.wikidata.org/wiki/Property:P682
A1D0C6,https://www.wikidata.org/wiki/Property:P680
A1D0C6,https://www.wikidata.org/wiki/Property:P681
A1D0C6,https://www.wikidata.org/wiki/Property:P1382
A1D0C6,https://www.wikidata.org/wiki/Property:P703
17E621,https://www.wikidata.org/wiki/Property:P688
17E621,https://www.wikidata.org/wiki/Property:P681
17E621,https://www.wikidata.org/wiki/Property:P682
17E621,https://www.wikidata.org/wiki/Property:P680
17E621,https://www.wikidata.org/wiki/Property:P1382
17E621,https://www.wikidata.org/wiki/Property:P703
F71771,https://www.wikidata.org/wiki/Property:P702
F71771,https://www.wikidata.org/wiki/Property:P681
F71771,https://www.wikidata.org/wiki/Property:P682
F71771,https://www.wikidata.org/wiki/Property:P680
F71771,https://www.wikidata.org/wiki/Property:P1382
F71771,https://www.wikidata.org/wiki/Property:P703
6C8349,https://www.wikidata.org/wiki/Property:P702
6C8349,https://www.wikidata.org/wiki/Property:P681
6C8349,https://www.wikidata.org/wiki/Property:P680
6C8349,https://www.wikidata.org/wiki/Property:P682
6C8349,https://www.wikidata.org/wiki/Property:P1382
6C8349,https://www.wikidata.org/wiki/Property:P703
D9D4F4,https://www.wikidata.org/wiki/Property:P688
D9D4F4,https://www.wikidata.org/wiki/Property:P682
D9D4F4,https://www.wikidata.org/wiki/Property:P680
D9D4F4,https://www.wikidata.org/wiki/Property:P681
D9D4F4,https://www.wikidata.org/wiki/Property:P703
D9D4F4,https://www.wikidata.org/wiki/Property:P1382
67C6A1,https://www.wikidata.org/wiki/Property:P688
67C6A1,https://www.wikidata.org/wiki/Property:P682
67C6A1,https://www.wikidata.org/wiki/Property:P681
67C6A1,https://www.wikidata.org/wiki/Property:P680
67C6A1,https://www.wikidata.org/wiki/Property:P1382
67C6A1,https://www.wikidata.org/wiki/Property:P703
642E92,https://www.wikidata.org/wiki/Property:P688
642E92,https://www.wikidata.org/wiki/Property:P680
642E92,https://www.wikidata.org/wiki/Property:P682
642E92,https://www.wikidata.org/wiki/Property:P681
642E92,https://www.wikidata.org/wiki/Property:P1382
F457C5,https://www.wikidata.org/wiki/Property:P688
F457C5,https://www.wikidata.org/wiki/Property:P682
F457C5,https://www.wikidata.org/wiki/Property:P680
F457C5,https://www.wikidata.org/wiki/Property:P681
C0C7C7,https://www.wikidata.org/wiki/Property:P688
C0C7C7,https://www.wikidata.org/wiki/Property:P682
C0C7C7,https://www.wikidata.org/wiki/Property:P681
C0C7C7,https://www.wikidata.org/wiki/Property:P680
C0C7C7,https://www.wikidata.org/wiki/Property:P1382
C0C7C7,https://www.wikidata.org/wiki/Property:P703
283802,https://www.wikidata.org/wiki/Property:P688
283802,https://www.wikidata.org/wiki/Property:P681
283802,https://www.wikidata.org/wiki/Property:P680
283802,https://www.wikidata.org/wiki/Property:P682
9A1158,https://www.wikidata.org/wiki/Property:P688
9A1158,https://www.wikidata.org/wiki/Property:P682
9A1158,https://www.wikidata.org/wiki/Property:P680
9A1158,https://www.wikidata.org/wiki/Property:P681
D82C8D,https://www.wikidata.org/wiki/Property:P688
D82C8D,https://www.wikidata.org/wiki/Property:P680
D82C8D,https://www.wikidata.org/wiki/Property:P682
D82C8D,https://www.wikidata.org/wiki/Property:P681
D82C8D,https://www.wikidata.org/wiki/Property:P1382
A684EC,https://www.wikidata.org/wiki/Property:P702
A684EC,https://www.wikidata.org/wiki/Property:P682
A684EC,https://www.wikidata.org/wiki/Property:P681
A684EC,https://www.wikidata.org/wiki/Property:P680
A684EC,https://www.wikidata.org/wiki/Property:P703
B53B3A,https://www.wikidata.org/wiki/Property:P688
B53B3A,https://www.wikidata.org/wiki/Property:P680
B53B3A,https://www.wikidata.org/wiki/Property:P682
B53B3A,https://www.wikidata.org/wiki/Property:P681
B53B3A,https://www.wikidata.org/wiki/Property:P703
9F6140,https://www.wikidata.org/wiki/Property:P702
9F6140,https://www.wikidata.org/wiki/Property:P682
9F6140,https://www.wikidata.org/wiki/Property:P680
9F6140,https://www.wikidata.org/wiki/Property:P681
9F6140,https://www.wikidata.org/wiki/Property:P703
72B32A,https://www.wikidata.org/wiki/Property:P688
72B32A,https://www.wikidata.org/wiki/Property:P682
72B32A,https://www.wikidata.org/wiki/Property:P680
72B32A,https://www.wikidata.org/wiki/Property:P681
66F041,https://www.wikidata.org/wiki/Property:P702
66F041,https://www.wikidata.org/wiki/Property:P681
66F041,https://www.wikidata.org/wiki/Property:P682
66F041,https://www.wikidata.org/wiki/Property:P680
66F041,https://www.wikidata.org/wiki/Property:P703
093F65,https://www.wikidata.org/wiki/Property:P702
093F65,https://www.wikidata.org/wiki/Property:P681
093F65,https://www.wikidata.org/wiki/Property:P682
093F65,https://www.wikidata.org/wiki/Property:P680
093F65,https://www.wikidata.org/wiki/Property:P703
072B03,https://www.wikidata.org/wiki/Property:P688
072B03,https://www.wikidata.org/wiki/Property:P682
072B03,https://www.wikidata.org/wiki/Property:P681
072B03,https://www.wikidata.org/wiki/Property:P680
072B03,https://www.wikidata.org/wiki/Property:P703
7F39F8,https://www.wikidata.org/wiki/Property:P688
7F39F8,https://www.wikidata.org/wiki/Property:P680
7F39F8,https://www.wikidata.org/wiki/Property:P681
7F39F8,https://www.wikidata.org/wiki/Property:P682
7F39F8,https://www.wikidata.org/wiki/Property:P1382
7F39F8,https://www.wikidata.org/wiki/Property:P703
44F683,https://www.wikidata.org/wiki/Property:P688
44F683,https://www.wikidata.org/wiki/Property:P681
44F683,https://www.wikidata.org/wiki/Property:P682
44F683,https://www.wikidata.org/wiki/Property:P680
44F683,https://www.wikidata.org/wiki/Property:P1382
44F683,https://www.wikidata.org/wiki/Property:P703
03AFDB,https://www.wikidata.org/wiki/Property:P688
03AFDB,https://www.wikidata.org/wiki/Property:P681
03AFDB,https://www.wikidata.org/wiki/Property:P680
03AFDB,https://www.wikidata.org/wiki/Property:P682
EA5D2F,https://www.wikidata.org/wiki/Property:P702
EA5D2F,https://www.wikidata.org/wiki/Property:P681
EA5D2F,https://www.wikidata.org/wiki/Property:P682
EA5D2F,https://www.wikidata.org/wiki/Property:P680
FC490C,https://www.wikidata.org/wiki/Property:P702
FC490C,https://www.wikidata.org/wiki/Property:P680
FC490C,https://www.wikidata.org/wiki/Property:P682
FC490C,https://www.wikidata.org/wiki/Property:P681
FC490C,https://www.wikidata.org/wiki/Property:P703
FC490C,https://www.wikidata.org/wiki/Property:P1382
3295C7,https://www.wikidata.org/wiki/Property:P688
3295C7,https://www.wikidata.org/wiki/Property:P681
3295C7,https://www.wikidata.org/wiki/Property:P680
3295C7,https://www.wikidata.org/wiki/Property:P682
3295C7,https://www.wikidata.org/wiki/Property:P703
735B90,https://www.wikidata.org/wiki/Property:P688
735B90,https://www.wikidata.org/wiki/Property:P681
735B90,https://www.wikidata.org/wiki/Property:P680
735B90,https://www.wikidata.org/wiki/Property:P682
735B90,https://www.wikidata.org/wiki/Property:P703
A3F390,https://www.wikidata.org/wiki/Property:P688
A3F390,https://www.wikidata.org/wiki/Property:P680
A3F390,https://www.wikidata.org/wiki/Property:P682
A3F390,https://www.wikidata.org/wiki/Property:P681
14BFA6,https://www.wikidata.org/wiki/Property:P702
14BFA6,https://www.wikidata.org/wiki/Property:P680
14BFA6,https://www.wikidata.org/wiki/Property:P681
14BFA6,https://www.wikidata.org/wiki/Property:P682
7CBBC4,https://www.wikidata.org/wiki/Property:P702
7CBBC4,https://www.wikidata.org/wiki/Property:P682
7CBBC4,https://www.wikidata.org/wiki/Property:P681
7CBBC4,https://www.wikidata.org/wiki/Property:P680
7CBBC4,https://www.wikidata.org/wiki/Property:P703
7CBBC4,https://www.wikidata.org/wiki/Property:P1382
E2C420,https://www.wikidata.org/wiki/Property:P702
E2C420,https://www.wikidata.org/wiki/Property:P680
E2C420,https://www.wikidata.org/wiki/Property:P681
E2C420,https://www.wikidata.org/wiki/Property:P682
32BB90,https://www.wikidata.org/wiki/Property:P702
32BB90,https://www.wikidata.org/wiki/Property:P680
32BB90,https://www.wikidata.org/wiki/Property:P682
32BB90,https://www.wikidata.org/wiki/Property:P681
D2DDEA,https://www.wikidata.org/wiki/Property:P702
D2DDEA,https://www.wikidata.org/wiki/Property:P680
D2DDEA,https://www.wikidata.org/wiki/Property:P682
D2DDEA,https://www.wikidata.org/wiki/Property:P681
AD61AB,https://www.wikidata.org/wiki/Property:P702
AD61AB,https://www.wikidata.org/wiki/Property:P681
AD61AB,https://www.wikidata.org/wiki/Property:P682
AD61AB,https://www.wikidata.org/wiki/Property:P680
AD61AB,https://www.wikidata.org/wiki/Property:P703
AD61AB,https://www.wikidata.org/wiki/Property:P1382
D09BF4,https://www.wikidata.org/wiki/Property:P702
D09BF4,https://www.wikidata.org/wiki/Property:P682
D09BF4,https://www.wikidata.org/wiki/Property:P681
D09BF4,https://www.wikidata.org/wiki/Property:P680
D09BF4,https://www.wikidata.org/wiki/Property:P1382
FBD793,https://www.wikidata.org/wiki/Property:P702
FBD793,https://www.wikidata.org/wiki/Property:P680
FBD793,https://www.wikidata.org/wiki/Property:P682
FBD793,https://www.wikidata.org/wiki/Property:P681
FBD793,https://www.wikidata.org/wiki/Property:P1382
FBD793,https://www.wikidata.org/wiki/Property:P703
28DD2C,https://www.wikidata.org/wiki/Property:P688
28DD2C,https://www.wikidata.org/wiki/Property:P680
28DD2C,https://www.wikidata.org/wiki/Property:P682
28DD2C,https://www.wikidata.org/wiki/Property:P681
28DD2C,https://www.wikidata.org/wiki/Property:P703
28DD2C,https://www.wikidata.org/wiki/Property:P1382
35F4A8,https://www.wikidata.org/wiki/Property:P702
35F4A8,https://www.wikidata.org/wiki/Property:P681
35F4A8,https://www.wikidata.org/wiki/Property:P682
35F4A8,https://www.wikidata.org/wiki/Property:P680
35F4A8,https://www.wikidata.org/wiki/Property:P1382
D1FE17,https://www.wikidata.org/wiki/Property:P688
D1FE17,https://www.wikidata.org/wiki/Property:P680
D1FE17,https://www.wikidata.org/wiki/Property:P681
D1FE17,https://www.wikidata.org/wiki/Property:P682
D1FE17,https://www.wikidata.org/wiki/Property:P703
D1FE17,https://www.wikidata.org/wiki/Property:P1382
F033AB,https://www.wikidata.org/wiki/Property:P688
F033AB,https://www.wikidata.org/wiki/Property:P681
F033AB,https://www.wikidata.org/wiki/Property:P680
F033AB,https://www.wikidata.org/wiki/Property:P682
43EC51,https://www.wikidata.org/wiki/Property:P702
43EC51,https://www.wikidata.org/wiki/Property:P681
43EC51,https://www.wikidata.org/wiki/Property:P680
43EC51,https://www.wikidata.org/wiki/Property:P682
43EC51,https://www.wikidata.org/wiki/Property:P703
43EC51,https://www.wikidata.org/wiki/Property:P1382
9778D5,https://www.wikidata.org/wiki/Property:P688
9778D5,https://www.wikidata.org/wiki/Property:P681
9778D5,https://www.wikidata.org/wiki/Property:P680
9778D5,https://www.wikidata.org/wiki/Property:P682
9778D5,https://www.wikidata.org/wiki/Property:P1382
FE9FC2,https://www.wikidata.org/wiki/Property:P688
FE9FC2,https://www.wikidata.org/wiki/Property:P681
FE9FC2,https://www.wikidata.org/wiki/Property:P682
FE9FC2,https://www.wikidata.org/wiki/Property:P680
68D30A,https://www.wikidata.org/wiki/Property:P688
68D30A,https://www.wikidata.org/wiki/Property:P681
68D30A,https://www.wikidata.org/wiki/Property:P680
68D30A,https://www.wikidata.org/wiki/Property:P682
3EF815,https://www.wikidata.org/wiki/Property:P702
3EF815,https://www.wikidata.org/wiki/Property:P681
3EF815,https://www.wikidata.org/wiki/Property:P680
3EF815,https://www.wikidata.org/wiki/Property:P682
93DB85,https://www.wikidata.org/wiki/Property:P702
93DB85,https://www.wikidata.org/wiki/Property:P681
93DB85,https://www.wikidata.org/wiki/Property:P680
93DB85,https://www.wikidata.org/wiki/Property:P682
93DB85,https://www.wikidata.org/wiki/Property:P1382
C7E124,https://www.wikidata.org/wiki/Property:P688
C7E124,https://www.wikidata.org/wiki/Property:P681
C7E124,https://www.wikidata.org/wiki/Property:P680
C7E124,https://www.wikidata.org/wiki/Property:P682
C7E124,https://www.wikidata.org/wiki/Property:P1382
2A38A4,https://www.wikidata.org/wiki/Property:P688
2A38A4,https://www.wikidata.org/wiki/Property:P680
2A38A4,https://www.wikidata.org/wiki/Property:P681
2A38A4,https://www.wikidata.org/wiki/Property:P682
2A38A4,https://www.wikidata.org/wiki/Property:P703
2A38A4,https://www.wikidata.org/wiki/Property:P1382
764796,https://www.wikidata.org/wiki/Property:P702
764796,https://www.wikidata.org/wiki/Property:P682
764796,https://www.wikidata.org/wiki/Property:P681
764796,https://www.wikidata.org/wiki/Property:P680
764796,https://www.wikidata.org/wiki/Property:P1382
764796,https://www.wikidata.org/wiki/Property:P703
861398,https://www.wikidata.org/wiki/Property:P702
861398,https://www.wikidata.org/wiki/Property:P680
861398,https://www.wikidata.org/wiki/Property:P681
861398,https://www.wikidata.org/wiki/Property:P682
54229A,https://www.wikidata.org/wiki/Property:P688
54229A,https://www.wikidata.org/wiki/Property:P680
54229A,https://www.wikidata.org/wiki/Property:P681
54229A,https://www.wikidata.org/wiki/Property:P682
92CC22,https://www.wikidata.org/wiki/Property:P688
92CC22,https://www.wikidata.org/wiki/Property:P682
92CC22,https://www.wikidata.org/wiki/Property:P680
92CC22,https://www.wikidata.org/wiki/Property:P681
98DCE8,https://www.wikidata.org/wiki/Property:P702
98DCE8,https://www.wikidata.org/wiki/Property:P681
98DCE8,https://www.wikidata.org/wiki/Property:P682
98DCE8,https://www.wikidata.org/wiki/Property:P680
F4B9EC,https://www.wikidata.org/wiki/Property:P702
F4B9EC,https://www.wikidata.org/wiki/Property:P682
F4B9EC,https://www.wikidata.org/wiki/Property:P680
F4B9EC,https://www.wikidata.org/wiki/Property:P681
F4B9EC,https://www.wikidata.org/wiki/Property:P1382
812B4B,https://www.wikidata.org/wiki/Property:P702
812B4B,https://www.wikidata.org/wiki/Property:P680
812B4B,https://www.wikidata.org/wiki/Property:P681
812B4B,https://www.wikidata.org/wiki/Property:P682
26657D,https://www.wikidata.org/wiki/Property:P702
26657D,https://www.wikidata.org/wiki/Property:P681
26657D,https://www.wikidata.org/wiki/Property:P682
26657D,https://www.wikidata.org/wiki/Property:P680
26657D,https://www.wikidata.org/wiki/Property:P1382
26657D,https://www.wikidata.org/wiki/Property:P703
E2EF52,https://www.wikidata.org/wiki/Property:P688
E2EF52,https://www.wikidata.org/wiki/Property:P681
E2EF52,https://www.wikidata.org/wiki/Property:P682
E2EF52,https://www.wikidata.org/wiki/Property:P680
E2EF52,https://www.wikidata.org/wiki/Property:P703
E2EF52,https://www.wikidata.org/wiki/Property:P1382
ED3D2C,https://www.wikidata.org/wiki/Property:P702
ED3D2C,https://www.wikidata.org/wiki/Property:P680
ED3D2C,https://www.wikidata.org/wiki/Property:P682
ED3D2C,https://www.wikidata.org/wiki/Property:P681
ED3D2C,https://www.wikidata.org/wiki/Property:P1382
ED3D2C,https://www.wikidata.org/wiki/Property:P703
AC627A,https://www.wikidata.org/wiki/Property:P702
AC627A,https://www.wikidata.org/wiki/Property:P682
AC627A,https://www.wikidata.org/wiki/Property:P681
AC627A,https://www.wikidata.org/wiki/Property:P680
AC627A,https://www.wikidata.org/wiki/Property:P703
AC627A,https://www.wikidata.org/wiki/Property:P1382
F89913,https://www.wikidata.org/wiki/Property:P702
F89913,https://www.wikidata.org/wiki/Property:P681
F89913,https://www.wikidata.org/wiki/Property:P682
F89913,https://www.wikidata.org/wiki/Property:P680
38B3EF,https://www.wikidata.org/wiki/Property:P688
38B3EF,https://www.wikidata.org/wiki/Property:P680
38B3EF,https://www.wikidata.org/wiki/Property:P681
38B3EF,https://www.wikidata.org/wiki/Property:P682
38B3EF,https://www.wikidata.org/wiki/Property:P703
38B3EF,https://www.wikidata.org/wiki/Property:P1382
EC8956,https://www.wikidata.org/wiki/Property:P702
EC8956,https://www.wikidata.org/wiki/Property:P681
EC8956,https://www.wikidata.org/wiki/Property:P680
EC8956,https://www.wikidata.org/wiki/Property:P682
EC8956,https://www.wikidata.org/wiki/Property:P703
6974CE,https://www.wikidata.org/wiki/Property:P702
6974CE,https://www.wikidata.org/wiki/Property:P681
6974CE,https://www.wikidata.org/wiki/Property:P682
6974CE,https://www.wikidata.org/wiki/Property:P680
6974CE,https://www.wikidata.org/wiki/Property:P703
6974CE,https://www.wikidata.org/wiki/Property:P1382
C9E107,https://www.wikidata.org/wiki/Property:P702
C9E107,https://www.wikidata.org/wiki/Property:P681
C9E107,https://www.wikidata.org/wiki/Property:P682
C9E107,https://www.wikidata.org/wiki/Property:P680
65B9EE,https://www.wikidata.org/wiki/Property:P688
65B9EE,https://www.wikidata.org/wiki/Property:P682
65B9EE,https://www.wikidata.org/wiki/Property:P680
65B9EE,https://www.wikidata.org/wiki/Property:P681
65B9EE,https://www.wikidata.org/wiki/Property:P1382
F0935E,https://www.wikidata.org/wiki/Property:P688
F0935E,https://www.wikidata.org/wiki/Property:P682
F0935E,https://www.wikidata.org/wiki/Property:P681
F0935E,https://www.wikidata.org/wiki/Property:P680
F0935E,https://www.wikidata.org/wiki/Property:P703
F0935E,https://www.wikidata.org/wiki/Property:P1382
A97DA6,https://www.wikidata.org/wiki/Property:P702
A97DA6,https://www.wikidata.org/wiki/Property:P682
A97DA6,https://www.wikidata.org/wiki/Property:P681
A97DA6,https://www.wikidata.org/wiki/Property:P680
A3C65C,https://www.wikidata.org/wiki/Property:P688
A3C65C,https://www.wikidata.org/wiki/Property:P680
A3C65C,https://www.wikidata.org/wiki/Property:P682
A3C65C,https://www.wikidata.org/wiki/Property:P681
2723D0,https://www.wikidata.org/wiki/Property:P688
2723D0,https://www.wikidata.org/wiki/Property:P682
2723D0,https://www.wikidata.org/wiki/Property:P681
2723D0,https://www.wikidata.org/wiki/Property:P680
2723D0,https://www.wikidata.org/wiki/Property:P1382
5F93F9,https://www.wikidata.org/wiki/Property:P688
5F93F9,https://www.wikidata.org/wiki/Property:P680
5F93F9,https://www.wikidata.org/wiki/Property:P682
5F93F9,https://www.wikidata.org/wiki/Property:P681
5F93F9,https://www.wikidata.org/wiki/Property:P703
5F93F9,https://www.wikidata.org/wiki/Property:P1382
