C4CA42,0,1,https://www.wikidata.org/wiki/Property:P702
C4CA42,0,2,https://www.wikidata.org/wiki/Property:P682
C4CA42,0,3,https://www.wikidata.org/wiki/Property:P681
C4CA42,0,4,https://www.wikidata.org/wiki/Property:P680
C81E72,0,1,https://www.wikidata.org/wiki/Property:P688
C81E72,1,2,https://www.wikidata.org/wiki/Property:P681
C81E72,1,3,https://www.wikidata.org/wiki/Property:P682
C81E72,1,4,https://www.wikidata.org/wiki/Property:P680
ECCBC8,0,1,https://www.wikidata.org/wiki/Property:P688
ECCBC8,1,2,https://www.wikidata.org/wiki/Property:P681
ECCBC8,1,3,https://www.wikidata.org/wiki/Property:P680
ECCBC8,1,4,https://www.wikidata.org/wiki/Property:P682
A87FF6,0,1,https://www.wikidata.org/wiki/Property:P688
A87FF6,1,2,https://www.wikidata.org/wiki/Property:P680
A87FF6,1,3,https://www.wikidata.org/wiki/Property:P681
A87FF6,1,4,https://www.wikidata.org/wiki/Property:P682
E4DA3B,0,1,https://www.wikidata.org/wiki/Property:P702
E4DA3B,0,2,https://www.wikidata.org/wiki/Property:P680
E4DA3B,0,3,https://www.wikidata.org/wiki/Property:P681
E4DA3B,0,4,https://www.wikidata.org/wiki/Property:P682
167909,0,1,https://www.wikidata.org/wiki/Property:P702
167909,0,2,https://www.wikidata.org/wiki/Property:P681
167909,0,3,https://www.wikidata.org/wiki/Property:P682
167909,0,4,https://www.wikidata.org/wiki/Property:P680
8F14E4,0,1,https://www.wikidata.org/wiki/Property:P688
8F14E4,1,2,https://www.wikidata.org/wiki/Property:P681
8F14E4,1,3,https://www.wikidata.org/wiki/Property:P680
8F14E4,1,4,https://www.wikidata.org/wiki/Property:P682
8F14E4,1,5,https://www.wikidata.org/wiki/Property:P1382
C9F0F8,0,1,https://www.wikidata.org/wiki/Property:P688
C9F0F8,1,2,https://www.wikidata.org/wiki/Property:P682
C9F0F8,1,3,https://www.wikidata.org/wiki/Property:P681
C9F0F8,1,4,https://www.wikidata.org/wiki/Property:P680
C9F0F8,1,5,https://www.wikidata.org/wiki/Property:P703
45C48C,0,1,https://www.wikidata.org/wiki/Property:P702
45C48C,0,2,https://www.wikidata.org/wiki/Property:P680
45C48C,0,3,https://www.wikidata.org/wiki/Property:P682
45C48C,0,4,https://www.wikidata.org/wiki/Property:P681
45C48C,0,5,https://www.wikidata.org/wiki/Property:P1382
45C48C,0,6,https://www.wikidata.org/wiki/Property:P703
D3D944,0,1,https://www.wikidata.org/wiki/Property:P688
D3D944,1,2,https://www.wikidata.org/wiki/Property:P680
D3D944,1,3,https://www.wikidata.org/wiki/Property:P682
D3D944,1,4,https://www.wikidata.org/wiki/Property:P681
D3D944,1,5,https://www.wikidata.org/wiki/Property:P703
6512BD,0,1,https://www.wikidata.org/wiki/Property:P702
6512BD,0,2,https://www.wikidata.org/wiki/Property:P680
6512BD,0,3,https://www.wikidata.org/wiki/Property:P682
6512BD,0,4,https://www.wikidata.org/wiki/Property:P681
6512BD,0,5,https://www.wikidata.org/wiki/Property:P703
6512BD,0,6,https://www.wikidata.org/wiki/Property:P1382
C20AD4,0,1,https://www.wikidata.org/wiki/Property:P702
C20AD4,0,2,https://www.wikidata.org/wiki/Property:P682
C20AD4,0,3,https://www.wikidata.org/wiki/Property:P680
C20AD4,0,4,https://www.wikidata.org/wiki/Property:P681
C20AD4,0,5,https://www.wikidata.org/wiki/Property:P1382
C51CE4,0,1,https://www.wikidata.org/wiki/Property:P688
C51CE4,1,2,https://www.wikidata.org/wiki/Property:P682
C51CE4,1,3,https://www.wikidata.org/wiki/Property:P680
C51CE4,1,4,https://www.wikidata.org/wiki/Property:P681
C51CE4,1,5,https://www.wikidata.org/wiki/Property:P1382
C51CE4,1,6,https://www.wikidata.org/wiki/Property:P703
AAB323,0,1,https://www.wikidata.org/wiki/Property:P688
AAB323,1,2,https://www.wikidata.org/wiki/Property:P680
AAB323,1,3,https://www.wikidata.org/wiki/Property:P682
AAB323,1,4,https://www.wikidata.org/wiki/Property:P681
9BF31C,0,1,https://www.wikidata.org/wiki/Property:P688
9BF31C,1,2,https://www.wikidata.org/wiki/Property:P680
9BF31C,1,3,https://www.wikidata.org/wiki/Property:P681
9BF31C,1,4,https://www.wikidata.org/wiki/Property:P682
9BF31C,1,5,https://www.wikidata.org/wiki/Property:P703
9BF31C,1,6,https://www.wikidata.org/wiki/Property:P1382
C74D97,0,1,https://www.wikidata.org/wiki/Property:P702
C74D97,0,2,https://www.wikidata.org/wiki/Property:P680
C74D97,0,3,https://www.wikidata.org/wiki/Property:P681
C74D97,0,4,https://www.wikidata.org/wiki/Property:P682
70EFDF,0,1,https://www.wikidata.org/wiki/Property:P702
70EFDF,0,2,https://www.wikidata.org/wiki/Property:P681
70EFDF,0,3,https://www.wikidata.org/wiki/Property:P680
70EFDF,0,4,https://www.wikidata.org/wiki/Property:P682
70EFDF,0,5,https://www.wikidata.org/wiki/Property:P703
6F4922,0,1,https://www.wikidata.org/wiki/Property:P702
6F4922,0,2,https://www.wikidata.org/wiki/Property:P680
6F4922,0,3,https://www.wikidata.org/wiki/Property:P681
6F4922,0,4,https://www.wikidata.org/wiki/Property:P682
6F4922,0,5,https://www.wikidata.org/wiki/Property:P703
1F0E3D,0,1,https://www.wikidata.org/wiki/Property:P688
1F0E3D,1,2,https://www.wikidata.org/wiki/Property:P681
1F0E3D,1,3,https://www.wikidata.org/wiki/Property:P682
1F0E3D,1,4,https://www.wikidata.org/wiki/Property:P680
98F137,0,1,https://www.wikidata.org/wiki/Property:P702
98F137,0,2,https://www.wikidata.org/wiki/Property:P680
98F137,0,3,https://www.wikidata.org/wiki/Property:P681
98F137,0,4,https://www.wikidata.org/wiki/Property:P682
3C59DC,0,1,https://www.wikidata.org/wiki/Property:P688
3C59DC,1,2,https://www.wikidata.org/wiki/Property:P682
3C59DC,1,3,https://www.wikidata.org/wiki/Property:P681
3C59DC,1,4,https://www.wikidata.org/wiki/Property:P680
3C59DC,1,5,https://www.wikidata.org/wiki/Property:P1382
3C59DC,1,6,https://www.wikidata.org/wiki/Property:P703
B6D767,0,1,https://www.wikidata.org/wiki/Property:P688
B6D767,1,2,https://www.wikidata.org/wiki/Property:P682
B6D767,1,3,https://www.wikidata.org/wiki/Property:P681
B6D767,1,4,https://www.wikidata.org/wiki/Property:P680
B6D767,1,5,https://www.wikidata.org/wiki/Property:P1382
37693C,0,1,https://www.wikidata.org/wiki/Property:P702
37693C,0,2,https://www.wikidata.org/wiki/Property:P680
37693C,0,3,https://www.wikidata.org/wiki/Property:P681
37693C,0,4,https://www.wikidata.org/wiki/Property:P682
1FF1DE,0,1,https://www.wikidata.org/wiki/Property:P688
1FF1DE,1,2,https://www.wikidata.org/wiki/Property:P682
1FF1DE,1,3,https://www.wikidata.org/wiki/Property:P680
1FF1DE,1,4,https://www.wikidata.org/wiki/Property:P681
1FF1DE,1,5,https://www.wikidata.org/wiki/Property:P703
1FF1DE,1,6,https://www.wikidata.org/wiki/Property:P1382
8E296A,0,1,https://www.wikidata.org/wiki/Property:P688
8E296A,1,2,https://www.wikidata.org/wiki/Property:P682
8E296A,1,3,https://www.wikidata.org/wiki/Property:P680
8E296A,1,4,https://www.wikidata.org/wiki/Property:P681
8E296A,1,5,https://www.wikidata.org/wiki/Property:P1382
4E732C,0,1,https://www.wikidata.org/wiki/Property:P702
4E732C,0,2,https://www.wikidata.org/wiki/Property:P682
4E732C,0,3,https://www.wikidata.org/wiki/Property:P680
4E732C,0,4,https://www.wikidata.org/wiki/Property:P681
02E74F,0,1,https://www.wikidata.org/wiki/Property:P702
02E74F,0,2,https://www.wikidata.org/wiki/Property:P680
02E74F,0,3,https://www.wikidata.org/wiki/Property:P681
02E74F,0,4,https://www.wikidata.org/wiki/Property:P682
02E74F,0,5,https://www.wikidata.org/wiki/Property:P1382
33E75F,0,1,https://www.wikidata.org/wiki/Property:P688
33E75F,1,2,https://www.wikidata.org/wiki/Property:P681
33E75F,1,3,https://www.wikidata.org/wiki/Property:P682
33E75F,1,4,https://www.wikidata.org/wiki/Property:P680
33E75F,1,5,https://www.wikidata.org/wiki/Property:P703
33E75F,1,6,https://www.wikidata.org/wiki/Property:P1382
6EA9AB,0,1,https://www.wikidata.org/wiki/Property:P702
6EA9AB,0,2,https://www.wikidata.org/wiki/Property:P682
6EA9AB,0,3,https://www.wikidata.org/wiki/Property:P681
6EA9AB,0,4,https://www.wikidata.org/wiki/Property:P680
34173C,0,1,https://www.wikidata.org/wiki/Property:P688
34173C,1,2,https://www.wikidata.org/wiki/Property:P680
34173C,1,3,https://www.wikidata.org/wiki/Property:P682
34173C,1,4,https://www.wikidata.org/wiki/Property:P681
34173C,1,5,https://www.wikidata.org/wiki/Property:P703
C16A53,0,1,https://www.wikidata.org/wiki/Property:P688
C16A53,1,2,https://www.wikidata.org/wiki/Property:P681
C16A53,1,3,https://www.wikidata.org/wiki/Property:P680
C16A53,1,4,https://www.wikidata.org/wiki/Property:P682
6364D3,0,1,https://www.wikidata.org/wiki/Property:P702
6364D3,0,2,https://www.wikidata.org/wiki/Property:P681
6364D3,0,3,https://www.wikidata.org/wiki/Property:P682
6364D3,0,4,https://www.wikidata.org/wiki/Property:P680
6364D3,0,5,https://www.wikidata.org/wiki/Property:P1382
182BE0,0,1,https://www.wikidata.org/wiki/Property:P688
182BE0,1,2,https://www.wikidata.org/wiki/Property:P681
182BE0,1,3,https://www.wikidata.org/wiki/Property:P682
182BE0,1,4,https://www.wikidata.org/wiki/Property:P680
182BE0,1,5,https://www.wikidata.org/wiki/Property:P1382
182BE0,1,6,https://www.wikidata.org/wiki/Property:P703
E36985,0,1,https://www.wikidata.org/wiki/Property:P688
E36985,1,2,https://www.wikidata.org/wiki/Property:P681
E36985,1,3,https://www.wikidata.org/wiki/Property:P682
E36985,1,4,https://www.wikidata.org/wiki/Property:P680
1C383C,0,1,https://www.wikidata.org/wiki/Property:P702
1C383C,0,2,https://www.wikidata.org/wiki/Property:P681
1C383C,0,3,https://www.wikidata.org/wiki/Property:P680
1C383C,0,4,https://www.wikidata.org/wiki/Property:P682
1C383C,0,5,https://www.wikidata.org/wiki/Property:P1382
19CA14,0,1,https://www.wikidata.org/wiki/Property:P702
19CA14,0,2,https://www.wikidata.org/wiki/Property:P681
19CA14,0,3,https://www.wikidata.org/wiki/Property:P680
19CA14,0,4,https://www.wikidata.org/wiki/Property:P682
19CA14,0,5,https://www.wikidata.org/wiki/Property:P1382
A5BFC9,0,1,https://www.wikidata.org/wiki/Property:P688
A5BFC9,1,2,https://www.wikidata.org/wiki/Property:P680
A5BFC9,1,3,https://www.wikidata.org/wiki/Property:P682
A5BFC9,1,4,https://www.wikidata.org/wiki/Property:P681
A5BFC9,1,5,https://www.wikidata.org/wiki/Property:P703
A5771B,0,1,https://www.wikidata.org/wiki/Property:P688
A5771B,1,2,https://www.wikidata.org/wiki/Property:P680
A5771B,1,3,https://www.wikidata.org/wiki/Property:P682
A5771B,1,4,https://www.wikidata.org/wiki/Property:P681
D67D8A,0,1,https://www.wikidata.org/wiki/Property:P702
D67D8A,0,2,https://www.wikidata.org/wiki/Property:P682
D67D8A,0,3,https://www.wikidata.org/wiki/Property:P680
D67D8A,0,4,https://www.wikidata.org/wiki/Property:P681
D67D8A,0,5,https://www.wikidata.org/wiki/Property:P1382
D67D8A,0,6,https://www.wikidata.org/wiki/Property:P703
D64592,0,1,https://www.wikidata.org/wiki/Property:P688
D64592,1,2,https://www.wikidata.org/wiki/Property:P681
D64592,1,3,https://www.wikidata.org/wiki/Property:P682
D64592,1,4,https://www.wikidata.org/wiki/Property:P680
D64592,1,5,https://www.wikidata.org/wiki/Property:P1382
D64592,1,6,https://www.wikidata.org/wiki/Property:P703
3416A7,0,1,https://www.wikidata.org/wiki/Property:P688
3416A7,1,2,https://www.wikidata.org/wiki/Property:P681
3416A7,1,3,https://www.wikidata.org/wiki/Property:P680
3416A7,1,4,https://www.wikidata.org/wiki/Property:P682
3416A7,1,5,https://www.wikidata.org/wiki/Property:P1382
3416A7,1,6,https://www.wikidata.org/wiki/Property:P703
A1D0C6,0,1,https://www.wikidata.org/wiki/Property:P702
A1D0C6,0,2,https://www.wikidata.org/wiki/Property:P682
A1D0C6,0,3,https://www.wikidata.org/wiki/Property:P680
A1D0C6,0,4,https://www.wikidata.org/wiki/Property:P681
A1D0C6,0,5,https://www.wikidata.org/wiki/Property:P1382
A1D0C6,0,6,https://www.wikidata.org/wiki/Property:P703
17E621,0,1,https://www.wikidata.org/wiki/Property:P688
17E621,1,2,https://www.wikidata.org/wiki/Property:P681
17E621,1,3,https://www.wikidata.org/wiki/Property:P682
17E621,1,4,https://www.wikidata.org/wiki/Property:P680
17E621,1,5,https://www.wikidata.org/wiki/Property:P1382
17E621,1,6,https://www.wikidata.org/wiki/Property:P703
F71771,0,1,https://www.wikidata.org/wiki/Property:P702
F71771,0,2,https://www.wikidata.org/wiki/Property:P681
F71771,0,3,https://www.wikidata.org/wiki/Property:P682
F71771,0,4,https://www.wikidata.org/wiki/Property:P680
F71771,0,5,https://www.wikidata.org/wiki/Property:P1382
F71771,0,6,https://www.wikidata.org/wiki/Property:P703
6C8349,0,1,https://www.wikidata.org/wiki/Property:P702
6C8349,0,2,https://www.wikidata.org/wiki/Property:P681
6C8349,0,3,https://www.wikidata.org/wiki/Property:P680
6C8349,0,4,https://www.wikidata.org/wiki/Property:P682
6C8349,0,5,https://www.wikidata.org/wiki/Property:P1382
6C8349,0,6,https://www.wikidata.org/wiki/Property:P703
D9D4F4,0,1,https://www.wikidata.org/wiki/Property:P688
D9D4F4,1,2,https://www.wikidata.org/wiki/Property:P682
D9D4F4,1,3,https://www.wikidata.org/wiki/Property:P680
D9D4F4,1,4,https://www.wikidata.org/wiki/Property:P681
D9D4F4,1,5,https://www.wikidata.org/wiki/Property:P703
D9D4F4,1,6,https://www.wikidata.org/wiki/Property:P1382
67C6A1,0,1,https://www.wikidata.org/wiki/Property:P688
67C6A1,1,2,https://www.wikidata.org/wiki/Property:P682
67C6A1,1,3,https://www.wikidata.org/wiki/Property:P681
67C6A1,1,4,https://www.wikidata.org/wiki/Property:P680
67C6A1,1,5,https://www.wikidata.org/wiki/Property:P1382
67C6A1,1,6,https://www.wikidata.org/wiki/Property:P703
642E92,0,1,https://www.wikidata.org/wiki/Property:P688
642E92,1,2,https://www.wikidata.org/wiki/Property:P680
642E92,1,3,https://www.wikidata.org/wiki/Property:P682
642E92,1,4,https://www.wikidata.org/wiki/Property:P681
642E92,1,5,https://www.wikidata.org/wiki/Property:P1382
F457C5,0,1,https://www.wikidata.org/wiki/Property:P688
F457C5,1,2,https://www.wikidata.org/wiki/Property:P682
F457C5,1,3,https://www.wikidata.org/wiki/Property:P680
F457C5,1,4,https://www.wikidata.org/wiki/Property:P681
C0C7C7,0,1,https://www.wikidata.org/wiki/Property:P688
C0C7C7,1,2,https://www.wikidata.org/wiki/Property:P682
C0C7C7,1,3,https://www.wikidata.org/wiki/Property:P681
C0C7C7,1,4,https://www.wikidata.org/wiki/Property:P680
C0C7C7,1,5,https://www.wikidata.org/wiki/Property:P1382
C0C7C7,1,6,https://www.wikidata.org/wiki/Property:P703
283802,0,1,https://www.wikidata.org/wiki/Property:P688
283802,1,2,https://www.wikidata.org/wiki/Property:P681
283802,1,3,https://www.wikidata.org/wiki/Property:P680
283802,1,4,https://www.wikidata.org/wiki/Property:P682
9A1158,0,1,https://www.wikidata.org/wiki/Property:P688
9A1158,1,2,https://www.wikidata.org/wiki/Property:P682
9A1158,1,3,https://www.wikidata.org/wiki/Property:P680
9A1158,1,4,https://www.wikidata.org/wiki/Property:P681
D82C8D,0,1,https://www.wikidata.org/wiki/Property:P688
D82C8D,1,2,https://www.wikidata.org/wiki/Property:P680
D82C8D,1,3,https://www.wikidata.org/wiki/Property:P682
D82C8D,1,4,https://www.wikidata.org/wiki/Property:P681
D82C8D,1,5,https://www.wikidata.org/wiki/Property:P1382
A684EC,0,1,https://www.wikidata.org/wiki/Property:P702
A684EC,0,2,https://www.wikidata.org/wiki/Property:P682
A684EC,0,3,https://www.wikidata.org/wiki/Property:P681
A684EC,0,4,https://www.wikidata.org/wiki/Property:P680
A684EC,0,5,https://www.wikidata.org/wiki/Property:P703
B53B3A,0,1,https://www.wikidata.org/wiki/Property:P688
B53B3A,1,2,https://www.wikidata.org/wiki/Property:P680
B53B3A,1,3,https://www.wikidata.org/wiki/Property:P682
B53B3A,1,4,https://www.wikidata.org/wiki/Property:P681
B53B3A,1,5,https://www.wikidata.org/wiki/Property:P703
9F6140,0,1,https://www.wikidata.org/wiki/Property:P702
9F6140,0,2,https://www.wikidata.org/wiki/Property:P682
9F6140,0,3,https://www.wikidata.org/wiki/Property:P680
9F6140,0,4,https://www.wikidata.org/wiki/Property:P681
9F6140,0,5,https://www.wikidata.org/wiki/Property:P703
72B32A,0,1,https://www.wikidata.org/wiki/Property:P688
72B32A,1,2,https://www.wikidata.org/wiki/Property:P682
72B32A,1,3,https://www.wikidata.org/wiki/Property:P680
72B32A,1,4,https://www.wikidata.org/wiki/Property:P681
66F041,0,1,https://www.wikidata.org/wiki/Property:P702
66F041,0,2,https://www.wikidata.org/wiki/Property:P681
66F041,0,3,https://www.wikidata.org/wiki/Property:P682
66F041,0,4,https://www.wikidata.org/wiki/Property:P680
66F041,0,5,https://www.wikidata.org/wiki/Property:P703
093F65,0,1,https://www.wikidata.org/wiki/Property:P702
093F65,0,2,https://www.wikidata.org/wiki/Property:P681
093F65,0,3,https://www.wikidata.org/wiki/Property:P682
093F65,0,4,https://www.wikidata.org/wiki/Property:P680
093F65,0,5,https://www.wikidata.org/wiki/Property:P703
072B03,0,1,https://www.wikidata.org/wiki/Property:P688
072B03,1,2,https://www.wikidata.org/wiki/Property:P682
072B03,1,3,https://www.wikidata.org/wiki/Property:P681
072B03,1,4,https://www.wikidata.org/wiki/Property:P680
072B03,1,5,https://www.wikidata.org/wiki/Property:P703
7F39F8,0,1,https://www.wikidata.org/wiki/Property:P688
7F39F8,1,2,https://www.wikidata.org/wiki/Property:P680
7F39F8,1,3,https://www.wikidata.org/wiki/Property:P681
7F39F8,1,4,https://www.wikidata.org/wiki/Property:P682
7F39F8,1,5,https://www.wikidata.org/wiki/Property:P1382
7F39F8,1,6,https://www.wikidata.org/wiki/Property:P703
44F683,0,1,https://www.wikidata.org/wiki/Property:P688
44F683,1,2,https://www.wikidata.org/wiki/Property:P681
44F683,1,3,https://www.wikidata.org/wiki/Property:P682
44F683,1,4,https://www.wikidata.org/wiki/Property:P680
44F683,1,5,https://www.wikidata.org/wiki/Property:P1382
44F683,1,6,https://www.wikidata.org/wiki/Property:P703
03AFDB,0,1,https://www.wikidata.org/wiki/Property:P688
03AFDB,1,2,https://www.wikidata.org/wiki/Property:P681
03AFDB,1,3,https://www.wikidata.org/wiki/Property:P680
03AFDB,1,4,https://www.wikidata.org/wiki/Property:P682
EA5D2F,0,1,https://www.wikidata.org/wiki/Property:P702
EA5D2F,0,2,https://www.wikidata.org/wiki/Property:P681
EA5D2F,0,3,https://www.wikidata.org/wiki/Property:P682
EA5D2F,0,4,https://www.wikidata.org/wiki/Property:P680
FC490C,0,1,https://www.wikidata.org/wiki/Property:P702
FC490C,0,2,https://www.wikidata.org/wiki/Property:P680
FC490C,0,3,https://www.wikidata.org/wiki/Property:P682
FC490C,0,4,https://www.wikidata.org/wiki/Property:P681
FC490C,0,5,https://www.wikidata.org/wiki/Property:P703
FC490C,0,6,https://www.wikidata.org/wiki/Property:P1382
3295C7,0,1,https://www.wikidata.org/wiki/Property:P688
3295C7,1,2,https://www.wikidata.org/wiki/Property:P681
3295C7,1,3,https://www.wikidata.org/wiki/Property:P680
3295C7,1,4,https://www.wikidata.org/wiki/Property:P682
3295C7,1,5,https://www.wikidata.org/wiki/Property:P703
735B90,0,1,https://www.wikidata.org/wiki/Property:P688
735B90,1,2,https://www.wikidata.org/wiki/Property:P681
735B90,1,3,https://www.wikidata.org/wiki/Property:P680
735B90,1,4,https://www.wikidata.org/wiki/Property:P682
735B90,1,5,https://www.wikidata.org/wiki/Property:P703
A3F390,0,1,https://www.wikidata.org/wiki/Property:P688
A3F390,1,2,https://www.wikidata.org/wiki/Property:P680
A3F390,1,3,https://www.wikidata.org/wiki/Property:P682
A3F390,1,4,https://www.wikidata.org/wiki/Property:P681
14BFA6,0,1,https://www.wikidata.org/wiki/Property:P702
14BFA6,0,2,https://www.wikidata.org/wiki/Property:P680
14BFA6,0,3,https://www.wikidata.org/wiki/Property:P681
14BFA6,0,4,https://www.wikidata.org/wiki/Property:P682
7CBBC4,0,1,https://www.wikidata.org/wiki/Property:P702
7CBBC4,0,2,https://www.wikidata.org/wiki/Property:P682
7CBBC4,0,3,https://www.wikidata.org/wiki/Property:P681
7CBBC4,0,4,https://www.wikidata.org/wiki/Property:P680
7CBBC4,0,5,https://www.wikidata.org/wiki/Property:P703
7CBBC4,0,6,https://www.wikidata.org/wiki/Property:P1382
E2C420,0,1,https://www.wikidata.org/wiki/Property:P702
E2C420,0,2,https://www.wikidata.org/wiki/Property:P680
E2C420,0,3,https://www.wikidata.org/wiki/Property:P681
E2C420,0,4,https://www.wikidata.org/wiki/Property:P682
32BB90,0,1,https://www.wikidata.org/wiki/Property:P702
32BB90,0,2,https://www.wikidata.org/wiki/Property:P680
32BB90,0,3,https://www.wikidata.org/wiki/Property:P682
32BB90,0,4,https://www.wikidata.org/wiki/Property:P681
D2DDEA,0,1,https://www.wikidata.org/wiki/Property:P702
D2DDEA,0,2,https://www.wikidata.org/wiki/Property:P680
D2DDEA,0,3,https://www.wikidata.org/wiki/Property:P682
D2DDEA,0,4,https://www.wikidata.org/wiki/Property:P681
AD61AB,0,1,https://www.wikidata.org/wiki/Property:P702
AD61AB,0,2,https://www.wikidata.org/wiki/Property:P681
AD61AB,0,3,https://www.wikidata.org/wiki/Property:P682
AD61AB,0,4,https://www.wikidata.org/wiki/Property:P680
AD61AB,0,5,https://www.wikidata.org/wiki/Property:P703
AD61AB,0,6,https://www.wikidata.org/wiki/Property:P1382
D09BF4,0,1,https://www.wikidata.org/wiki/Property:P702
D09BF4,0,2,https://www.wikidata.org/wiki/Property:P682
D09BF4,0,3,https://www.wikidata.org/wiki/Property:P681
D09BF4,0,4,https://www.wikidata.org/wiki/Property:P680
D09BF4,0,5,https://www.wikidata.org/wiki/Property:P1382
FBD793,0,1,https://www.wikidata.org/wiki/Property:P702
FBD793,0,2,https://www.wikidata.org/wiki/Property:P680
FBD793,0,3,https://www.wikidata.org/wiki/Property:P682
FBD793,0,4,https://www.wikidata.org/wiki/Property:P681
FBD793,0,5,https://www.wikidata.org/wiki/Property:P1382
FBD793,0,6,https://www.wikidata.org/wiki/Property:P703
28DD2C,0,1,https://www.wikidata.org/wiki/Property:P688
28DD2C,1,2,https://www.wikidata.org/wiki/Property:P680
28DD2C,1,3,https://www.wikidata.org/wiki/Property:P682
28DD2C,1,4,https://www.wikidata.org/wiki/Property:P681
28DD2C,1,5,https://www.wikidata.org/wiki/Property:P703
28DD2C,1,6,https://www.wikidata.org/wiki/Property:P1382
35F4A8,0,1,https://www.wikidata.org/wiki/Property:P702
35F4A8,0,2,https://www.wikidata.org/wiki/Property:P681
35F4A8,0,3,https://www.wikidata.org/wiki/Property:P682
35F4A8,0,4,https://www.wikidata.org/wiki/Property:P680
35F4A8,0,5,https://www.wikidata.org/wiki/Property:P1382
D1FE17,0,1,https://www.wikidata.org/wiki/Property:P688
D1FE17,1,2,https://www.wikidata.org/wiki/Property:P680
D1FE17,1,3,https://www.wikidata.org/wiki/Property:P681
D1FE17,1,4,https://www.wikidata.org/wiki/Property:P682
D1FE17,1,5,https://www.wikidata.org/wiki/Property:P703
D1FE17,1,6,https://www.wikidata.org/wiki/Property:P1382
F033AB,0,1,https://www.wikidata.org/wiki/Property:P688
F033AB,1,2,https://www.wikidata.org/wiki/Property:P681
F033AB,1,3,https://www.wikidata.org/wiki/Property:P680
F033AB,1,4,https://www.wikidata.org/wiki/Property:P682
43EC51,0,1,https://www.wikidata.org/wiki/Property:P702
43EC51,0,2,https://www.wikidata.org/wiki/Property:P681
43EC51,0,3,https://www.wikidata.org/wiki/Property:P680
43EC51,0,4,https://www.wikidata.org/wiki/Property:P682
43EC51,0,5,https://www.wikidata.org/wiki/Property:P703
43EC51,0,6,https://www.wikidata.org/wiki/Property:P1382
9778D5,0,1,https://www.wikidata.org/wiki/Property:P688
9778D5,1,2,https://www.wikidata.org/wiki/Property:P681
9778D5,1,3,https://www.wikidata.org/wiki/Property:P680
9778D5,1,4,https://www.wikidata.org/wiki/Property:P682
9778D5,1,5,https://www.wikidata.org/wiki/Property:P1382
FE9FC2,0,1,https://www.wikidata.org/wiki/Property:P688
FE9FC2,1,2,https://www.wikidata.org/wiki/Property:P681
FE9FC2,1,3,https://www.wikidata.org/wiki/Property:P682
FE9FC2,1,4,https://www.wikidata.org/wiki/Property:P680
68D30A,0,1,https://www.wikidata.org/wiki/Property:P688
68D30A,1,2,https://www.wikidata.org/wiki/Property:P681
68D30A,1,3,https://www.wikidata.org/wiki/Property:P680
68D30A,1,4,https://www.wikidata.org/wiki/Property:P682
3EF815,0,1,https://www.wikidata.org/wiki/Property:P702
3EF815,0,2,https://www.wikidata.org/wiki/Property:P681
3EF815,0,3,https://www.wikidata.org/wiki/Property:P680
3EF815,0,4,https://www.wikidata.org/wiki/Property:P682
93DB85,0,1,https://www.wikidata.org/wiki/Property:P702
93DB85,0,2,https://www.wikidata.org/wiki/Property:P681
93DB85,0,3,https://www.wikidata.org/wiki/Property:P680
93DB85,0,4,https://www.wikidata.org/wiki/Property:P682
93DB85,0,5,https://www.wikidata.org/wiki/Property:P1382
C7E124,0,1,https://www.wikidata.org/wiki/Property:P688
C7E124,1,2,https://www.wikidata.org/wiki/Property:P681
C7E124,1,3,https://www.wikidata.org/wiki/Property:P680
C7E124,1,4,https://www.wikidata.org/wiki/Property:P682
C7E124,1,5,https://www.wikidata.org/wiki/Property:P1382
2A38A4,0,1,https://www.wikidata.org/wiki/Property:P688
2A38A4,1,2,https://www.wikidata.org/wiki/Property:P680
2A38A4,1,3,https://www.wikidata.org/wiki/Property:P681
2A38A4,1,4,https://www.wikidata.org/wiki/Property:P682
2A38A4,1,5,https://www.wikidata.org/wiki/Property:P703
2A38A4,1,6,https://www.wikidata.org/wiki/Property:P1382
764796,0,1,https://www.wikidata.org/wiki/Property:P702
764796,0,2,https://www.wikidata.org/wiki/Property:P682
764796,0,3,https://www.wikidata.org/wiki/Property:P681
764796,0,4,https://www.wikidata.org/wiki/Property:P680
764796,0,5,https://www.wikidata.org/wiki/Property:P1382
764796,0,6,https://www.wikidata.org/wiki/Property:P703
861398,0,1,https://www.wikidata.org/wiki/Property:P702
861398,0,2,https://www.wikidata.org/wiki/Property:P680
861398,0,3,https://www.wikidata.org/wiki/Property:P681
861398,0,4,https://www.wikidata.org/wiki/Property:P682
54229A,0,1,https://www.wikidata.org/wiki/Property:P688
54229A,1,2,https://www.wikidata.org/wiki/Property:P680
54229A,1,3,https://www.wikidata.org/wiki/Property:P681
54229A,1,4,https://www.wikidata.org/wiki/Property:P682
92CC22,0,1,https://www.wikidata.org/wiki/Property:P688
92CC22,1,2,https://www.wikidata.org/wiki/Property:P682
92CC22,1,3,https://www.wikidata.org/wiki/Property:P680
92CC22,1,4,https://www.wikidata.org/wiki/Property:P681
98DCE8,0,1,https://www.wikidata.org/wiki/Property:P702
98DCE8,0,2,https://www.wikidata.org/wiki/Property:P681
98DCE8,0,3,https://www.wikidata.org/wiki/Property:P682
98DCE8,0,4,https://www.wikidata.org/wiki/Property:P680
F4B9EC,0,1,https://www.wikidata.org/wiki/Property:P702
F4B9EC,0,2,https://www.wikidata.org/wiki/Property:P682
F4B9EC,0,3,https://www.wikidata.org/wiki/Property:P680
F4B9EC,0,4,https://www.wikidata.org/wiki/Property:P681
F4B9EC,0,5,https://www.wikidata.org/wiki/Property:P1382
812B4B,0,1,https://www.wikidata.org/wiki/Property:P702
812B4B,0,2,https://www.wikidata.org/wiki/Property:P680
812B4B,0,3,https://www.wikidata.org/wiki/Property:P681
812B4B,0,4,https://www.wikidata.org/wiki/Property:P682
26657D,0,1,https://www.wikidata.org/wiki/Property:P702
26657D,0,2,https://www.wikidata.org/wiki/Property:P681
26657D,0,3,https://www.wikidata.org/wiki/Property:P682
26657D,0,4,https://www.wikidata.org/wiki/Property:P680
26657D,0,5,https://www.wikidata.org/wiki/Property:P1382
26657D,0,6,https://www.wikidata.org/wiki/Property:P703
E2EF52,0,1,https://www.wikidata.org/wiki/Property:P688
E2EF52,1,2,https://www.wikidata.org/wiki/Property:P681
E2EF52,1,3,https://www.wikidata.org/wiki/Property:P682
E2EF52,1,4,https://www.wikidata.org/wiki/Property:P680
E2EF52,1,5,https://www.wikidata.org/wiki/Property:P703
E2EF52,1,6,https://www.wikidata.org/wiki/Property:P1382
ED3D2C,0,1,https://www.wikidata.org/wiki/Property:P702
ED3D2C,0,2,https://www.wikidata.org/wiki/Property:P680
ED3D2C,0,3,https://www.wikidata.org/wiki/Property:P682
ED3D2C,0,4,https://www.wikidata.org/wiki/Property:P681
ED3D2C,0,5,https://www.wikidata.org/wiki/Property:P1382
ED3D2C,0,6,https://www.wikidata.org/wiki/Property:P703
AC627A,0,1,https://www.wikidata.org/wiki/Property:P702
AC627A,0,2,https://www.wikidata.org/wiki/Property:P682
AC627A,0,3,https://www.wikidata.org/wiki/Property:P681
AC627A,0,4,https://www.wikidata.org/wiki/Property:P680
AC627A,0,5,https://www.wikidata.org/wiki/Property:P703
AC627A,0,6,https://www.wikidata.org/wiki/Property:P1382
F89913,0,1,https://www.wikidata.org/wiki/Property:P702
F89913,0,2,https://www.wikidata.org/wiki/Property:P681
F89913,0,3,https://www.wikidata.org/wiki/Property:P682
F89913,0,4,https://www.wikidata.org/wiki/Property:P680
38B3EF,0,1,https://www.wikidata.org/wiki/Property:P688
38B3EF,1,2,https://www.wikidata.org/wiki/Property:P680
38B3EF,1,3,https://www.wikidata.org/wiki/Property:P681
38B3EF,1,4,https://www.wikidata.org/wiki/Property:P682
38B3EF,1,5,https://www.wikidata.org/wiki/Property:P703
38B3EF,1,6,https://www.wikidata.org/wiki/Property:P1382
EC8956,0,1,https://www.wikidata.org/wiki/Property:P702
EC8956,0,2,https://www.wikidata.org/wiki/Property:P681
EC8956,0,3,https://www.wikidata.org/wiki/Property:P680
EC8956,0,4,https://www.wikidata.org/wiki/Property:P682
EC8956,0,5,https://www.wikidata.org/wiki/Property:P703
6974CE,0,1,https://www.wikidata.org/wiki/Property:P702
6974CE,0,2,https://www.wikidata.org/wiki/Property:P681
6974CE,0,3,https://www.wikidata.org/wiki/Property:P682
6974CE,0,4,https://www.wikidata.org/wiki/Property:P680
6974CE,0,5,https://www.wikidata.org/wiki/Property:P703
6974CE,0,6,https://www.wikidata.org/wiki/Property:P1382
C9E107,0,1,https://www.wikidata.org/wiki/Property:P702
C9E107,0,2,https://www.wikidata.org/wiki/Property:P681
C9E107,0,3,https://www.wikidata.org/wiki/Property:P682
C9E107,0,4,https://www.wikidata.org/wiki/Property:P680
65B9EE,0,1,https://www.wikidata.org/wiki/Property:P688
65B9EE,1,2,https://www.wikidata.org/wiki/Property:P682
65B9EE,1,3,https://www.wikidata.org/wiki/Property:P680
65B9EE,1,4,https://www.wikidata.org/wiki/Property:P681
65B9EE,1,5,https://www.wikidata.org/wiki/Property:P1382
F0935E,0,1,https://www.wikidata.org/wiki/Property:P688
F0935E,1,2,https://www.wikidata.org/wiki/Property:P682
F0935E,1,3,https://www.wikidata.org/wiki/Property:P681
F0935E,1,4,https://www.wikidata.org/wiki/Property:P680
F0935E,1,5,https://www.wikidata.org/wiki/Property:P703
F0935E,1,6,https://www.wikidata.org/wiki/Property:P1382
A97DA6,0,1,https://www.wikidata.org/wiki/Property:P702
A97DA6,0,2,https://www.wikidata.org/wiki/Property:P682
A97DA6,0,3,https://www.wikidata.org/wiki/Property:P681
A97DA6,0,4,https://www.wikidata.org/wiki/Property:P680
A3C65C,0,1,https://www.wikidata.org/wiki/Property:P688
A3C65C,1,2,https://www.wikidata.org/wiki/Property:P680
A3C65C,1,3,https://www.wikidata.org/wiki/Property:P682
A3C65C,1,4,https://www.wikidata.org/wiki/Property:P681
2723D0,0,1,https://www.wikidata.org/wiki/Property:P688
2723D0,1,2,https://www.wikidata.org/wiki/Property:P682
2723D0,1,3,https://www.wikidata.org/wiki/Property:P681
2723D0,1,4,https://www.wikidata.org/wiki/Property:P680
2723D0,1,5,https://www.wikidata.org/wiki/Property:P1382
5F93F9,0,1,https://www.wikidata.org/wiki/Property:P688
5F93F9,1,2,https://www.wikidata.org/wiki/Property:P680
5F93F9,1,3,https://www.wikidata.org/wiki/Property:P682
5F93F9,1,4,https://www.wikidata.org/wiki/Property:P681
5F93F9,1,5,https://www.wikidata.org/wiki/Property:P703
5F93F9,1,6,https://www.wikidata.org/wiki/Property:P1382
