C4CA42,https://www.wikidata.org/wiki/Q8054
C4CA42,https://www.wikidata.org/wiki/Q7187
C4CA42,https://www.wikidata.org/wiki/Q2996394
C4CA42,https://www.wikidata.org/wiki/Q5058355
C4CA42,https://www.wikidata.org/wiki/Q14860489
C81E72,https://www.wikidata.org/wiki/Q7187
C81E72,https://www.wikidata.org/wiki/Q8054
C81E72,https://www.wikidata.org/wiki/Q5058355
C81E72,https://www.wikidata.org/wiki/Q2996394
C81E72,https://www.wikidata.org/wiki/Q14860489
ECCBC8,https://www.wikidata.org/wiki/Q7187
ECCBC8,https://www.wikidata.org/wiki/Q8054
ECCBC8,https://www.wikidata.org/wiki/Q5058355
ECCBC8,https://www.wikidata.org/wiki/Q14860489
ECCBC8,https://www.wikidata.org/wiki/Q2996394
A87FF6,https://www.wikidata.org/wiki/Q7187
A87FF6,https://www.wikidata.org/wiki/Q8054
A87FF6,https://www.wikidata.org/wiki/Q14860489
A87FF6,https://www.wikidata.org/wiki/Q5058355
A87FF6,https://www.wikidata.org/wiki/Q2996394
E4DA3B,https://www.wikidata.org/wiki/Q8054
E4DA3B,https://www.wikidata.org/wiki/Q7187
E4DA3B,https://www.wikidata.org/wiki/Q14860489
E4DA3B,https://www.wikidata.org/wiki/Q5058355
E4DA3B,https://www.wikidata.org/wiki/Q2996394
167909,https://www.wikidata.org/wiki/Q8054
167909,https://www.wikidata.org/wiki/Q7187
167909,https://www.wikidata.org/wiki/Q5058355
167909,https://www.wikidata.org/wiki/Q2996394
167909,https://www.wikidata.org/wiki/Q14860489
8F14E4,https://www.wikidata.org/wiki/Q7187
8F14E4,https://www.wikidata.org/wiki/Q8054
8F14E4,https://www.wikidata.org/wiki/Q5058355
8F14E4,https://www.wikidata.org/wiki/Q14860489
8F14E4,https://www.wikidata.org/wiki/Q2996394
8F14E4,https://www.wikidata.org/wiki/Q35120
C9F0F8,https://www.wikidata.org/wiki/Q7187
C9F0F8,https://www.wikidata.org/wiki/Q8054
C9F0F8,https://www.wikidata.org/wiki/Q2996394
C9F0F8,https://www.wikidata.org/wiki/Q5058355
C9F0F8,https://www.wikidata.org/wiki/Q14860489
C9F0F8,https://www.wikidata.org/wiki/Q16521
45C48C,https://www.wikidata.org/wiki/Q8054
45C48C,https://www.wikidata.org/wiki/Q7187
45C48C,https://www.wikidata.org/wiki/Q14860489
45C48C,https://www.wikidata.org/wiki/Q2996394
45C48C,https://www.wikidata.org/wiki/Q5058355
45C48C,https://www.wikidata.org/wiki/Q35120
45C48C,https://www.wikidata.org/wiki/Q16521
D3D944,https://www.wikidata.org/wiki/Q7187
D3D944,https://www.wikidata.org/wiki/Q8054
D3D944,https://www.wikidata.org/wiki/Q14860489
D3D944,https://www.wikidata.org/wiki/Q2996394
D3D944,https://www.wikidata.org/wiki/Q5058355
D3D944,https://www.wikidata.org/wiki/Q16521
6512BD,https://www.wikidata.org/wiki/Q8054
6512BD,https://www.wikidata.org/wiki/Q7187
6512BD,https://www.wikidata.org/wiki/Q14860489
6512BD,https://www.wikidata.org/wiki/Q2996394
6512BD,https://www.wikidata.org/wiki/Q5058355
6512BD,https://www.wikidata.org/wiki/Q16521
6512BD,https://www.wikidata.org/wiki/Q35120
C20AD4,https://www.wikidata.org/wiki/Q8054
C20AD4,https://www.wikidata.org/wiki/Q7187
C20AD4,https://www.wikidata.org/wiki/Q2996394
C20AD4,https://www.wikidata.org/wiki/Q14860489
C20AD4,https://www.wikidata.org/wiki/Q5058355
C20AD4,https://www.wikidata.org/wiki/Q35120
C51CE4,https://www.wikidata.org/wiki/Q7187
C51CE4,https://www.wikidata.org/wiki/Q8054
C51CE4,https://www.wikidata.org/wiki/Q2996394
C51CE4,https://www.wikidata.org/wiki/Q14860489
C51CE4,https://www.wikidata.org/wiki/Q5058355
C51CE4,https://www.wikidata.org/wiki/Q35120
C51CE4,https://www.wikidata.org/wiki/Q16521
AAB323,https://www.wikidata.org/wiki/Q7187
AAB323,https://www.wikidata.org/wiki/Q8054
AAB323,https://www.wikidata.org/wiki/Q14860489
AAB323,https://www.wikidata.org/wiki/Q2996394
AAB323,https://www.wikidata.org/wiki/Q5058355
9BF31C,https://www.wikidata.org/wiki/Q7187
9BF31C,https://www.wikidata.org/wiki/Q8054
9BF31C,https://www.wikidata.org/wiki/Q14860489
9BF31C,https://www.wikidata.org/wiki/Q5058355
9BF31C,https://www.wikidata.org/wiki/Q2996394
9BF31C,https://www.wikidata.org/wiki/Q16521
9BF31C,https://www.wikidata.org/wiki/Q35120
C74D97,https://www.wikidata.org/wiki/Q8054
C74D97,https://www.wikidata.org/wiki/Q7187
C74D97,https://www.wikidata.org/wiki/Q14860489
C74D97,https://www.wikidata.org/wiki/Q5058355
C74D97,https://www.wikidata.org/wiki/Q2996394
70EFDF,https://www.wikidata.org/wiki/Q8054
70EFDF,https://www.wikidata.org/wiki/Q7187
70EFDF,https://www.wikidata.org/wiki/Q5058355
70EFDF,https://www.wikidata.org/wiki/Q14860489
70EFDF,https://www.wikidata.org/wiki/Q2996394
70EFDF,https://www.wikidata.org/wiki/Q16521
6F4922,https://www.wikidata.org/wiki/Q8054
6F4922,https://www.wikidata.org/wiki/Q7187
6F4922,https://www.wikidata.org/wiki/Q14860489
6F4922,https://www.wikidata.org/wiki/Q5058355
6F4922,https://www.wikidata.org/wiki/Q2996394
6F4922,https://www.wikidata.org/wiki/Q16521
1F0E3D,https://www.wikidata.org/wiki/Q7187
1F0E3D,https://www.wikidata.org/wiki/Q8054
1F0E3D,https://www.wikidata.org/wiki/Q5058355
1F0E3D,https://www.wikidata.org/wiki/Q2996394
1F0E3D,https://www.wikidata.org/wiki/Q14860489
98F137,https://www.wikidata.org/wiki/Q8054
98F137,https://www.wikidata.org/wiki/Q7187
98F137,https://www.wikidata.org/wiki/Q14860489
98F137,https://www.wikidata.org/wiki/Q5058355
98F137,https://www.wikidata.org/wiki/Q2996394
3C59DC,https://www.wikidata.org/wiki/Q7187
3C59DC,https://www.wikidata.org/wiki/Q8054
3C59DC,https://www.wikidata.org/wiki/Q2996394
3C59DC,https://www.wikidata.org/wiki/Q5058355
3C59DC,https://www.wikidata.org/wiki/Q14860489
3C59DC,https://www.wikidata.org/wiki/Q35120
3C59DC,https://www.wikidata.org/wiki/Q16521
B6D767,https://www.wikidata.org/wiki/Q7187
B6D767,https://www.wikidata.org/wiki/Q8054
B6D767,https://www.wikidata.org/wiki/Q2996394
B6D767,https://www.wikidata.org/wiki/Q5058355
B6D767,https://www.wikidata.org/wiki/Q14860489
B6D767,https://www.wikidata.org/wiki/Q35120
37693C,https://www.wikidata.org/wiki/Q8054
37693C,https://www.wikidata.org/wiki/Q7187
37693C,https://www.wikidata.org/wiki/Q14860489
37693C,https://www.wikidata.org/wiki/Q5058355
37693C,https://www.wikidata.org/wiki/Q2996394
1FF1DE,https://www.wikidata.org/wiki/Q7187
1FF1DE,https://www.wikidata.org/wiki/Q8054
1FF1DE,https://www.wikidata.org/wiki/Q2996394
1FF1DE,https://www.wikidata.org/wiki/Q14860489
1FF1DE,https://www.wikidata.org/wiki/Q5058355
1FF1DE,https://www.wikidata.org/wiki/Q16521
1FF1DE,https://www.wikidata.org/wiki/Q35120
8E296A,https://www.wikidata.org/wiki/Q7187
8E296A,https://www.wikidata.org/wiki/Q8054
8E296A,https://www.wikidata.org/wiki/Q2996394
8E296A,https://www.wikidata.org/wiki/Q14860489
8E296A,https://www.wikidata.org/wiki/Q5058355
8E296A,https://www.wikidata.org/wiki/Q35120
4E732C,https://www.wikidata.org/wiki/Q8054
4E732C,https://www.wikidata.org/wiki/Q7187
4E732C,https://www.wikidata.org/wiki/Q2996394
4E732C,https://www.wikidata.org/wiki/Q14860489
4E732C,https://www.wikidata.org/wiki/Q5058355
02E74F,https://www.wikidata.org/wiki/Q8054
02E74F,https://www.wikidata.org/wiki/Q7187
02E74F,https://www.wikidata.org/wiki/Q14860489
02E74F,https://www.wikidata.org/wiki/Q5058355
02E74F,https://www.wikidata.org/wiki/Q2996394
02E74F,https://www.wikidata.org/wiki/Q35120
33E75F,https://www.wikidata.org/wiki/Q7187
33E75F,https://www.wikidata.org/wiki/Q8054
33E75F,https://www.wikidata.org/wiki/Q5058355
33E75F,https://www.wikidata.org/wiki/Q2996394
33E75F,https://www.wikidata.org/wiki/Q14860489
33E75F,https://www.wikidata.org/wiki/Q16521
33E75F,https://www.wikidata.org/wiki/Q35120
6EA9AB,https://www.wikidata.org/wiki/Q8054
6EA9AB,https://www.wikidata.org/wiki/Q7187
6EA9AB,https://www.wikidata.org/wiki/Q2996394
6EA9AB,https://www.wikidata.org/wiki/Q5058355
6EA9AB,https://www.wikidata.org/wiki/Q14860489
34173C,https://www.wikidata.org/wiki/Q7187
34173C,https://www.wikidata.org/wiki/Q8054
34173C,https://www.wikidata.org/wiki/Q14860489
34173C,https://www.wikidata.org/wiki/Q2996394
34173C,https://www.wikidata.org/wiki/Q5058355
34173C,https://www.wikidata.org/wiki/Q16521
C16A53,https://www.wikidata.org/wiki/Q7187
C16A53,https://www.wikidata.org/wiki/Q8054
C16A53,https://www.wikidata.org/wiki/Q5058355
C16A53,https://www.wikidata.org/wiki/Q14860489
C16A53,https://www.wikidata.org/wiki/Q2996394
6364D3,https://www.wikidata.org/wiki/Q8054
6364D3,https://www.wikidata.org/wiki/Q7187
6364D3,https://www.wikidata.org/wiki/Q5058355
6364D3,https://www.wikidata.org/wiki/Q2996394
6364D3,https://www.wikidata.org/wiki/Q14860489
6364D3,https://www.wikidata.org/wiki/Q35120
182BE0,https://www.wikidata.org/wiki/Q7187
182BE0,https://www.wikidata.org/wiki/Q8054
182BE0,https://www.wikidata.org/wiki/Q5058355
182BE0,https://www.wikidata.org/wiki/Q2996394
182BE0,https://www.wikidata.org/wiki/Q14860489
182BE0,https://www.wikidata.org/wiki/Q35120
182BE0,https://www.wikidata.org/wiki/Q16521
E36985,https://www.wikidata.org/wiki/Q7187
E36985,https://www.wikidata.org/wiki/Q8054
E36985,https://www.wikidata.org/wiki/Q5058355
E36985,https://www.wikidata.org/wiki/Q2996394
E36985,https://www.wikidata.org/wiki/Q14860489
1C383C,https://www.wikidata.org/wiki/Q8054
1C383C,https://www.wikidata.org/wiki/Q7187
1C383C,https://www.wikidata.org/wiki/Q5058355
1C383C,https://www.wikidata.org/wiki/Q14860489
1C383C,https://www.wikidata.org/wiki/Q2996394
1C383C,https://www.wikidata.org/wiki/Q35120
19CA14,https://www.wikidata.org/wiki/Q8054
19CA14,https://www.wikidata.org/wiki/Q7187
19CA14,https://www.wikidata.org/wiki/Q5058355
19CA14,https://www.wikidata.org/wiki/Q14860489
19CA14,https://www.wikidata.org/wiki/Q2996394
19CA14,https://www.wikidata.org/wiki/Q35120
A5BFC9,https://www.wikidata.org/wiki/Q7187
A5BFC9,https://www.wikidata.org/wiki/Q8054
A5BFC9,https://www.wikidata.org/wiki/Q14860489
A5BFC9,https://www.wikidata.org/wiki/Q2996394
A5BFC9,https://www.wikidata.org/wiki/Q5058355
A5BFC9,https://www.wikidata.org/wiki/Q16521
A5771B,https://www.wikidata.org/wiki/Q7187
A5771B,https://www.wikidata.org/wiki/Q8054
A5771B,https://www.wikidata.org/wiki/Q14860489
A5771B,https://www.wikidata.org/wiki/Q2996394
A5771B,https://www.wikidata.org/wiki/Q5058355
D67D8A,https://www.wikidata.org/wiki/Q8054
D67D8A,https://www.wikidata.org/wiki/Q7187
D67D8A,https://www.wikidata.org/wiki/Q2996394
D67D8A,https://www.wikidata.org/wiki/Q14860489
D67D8A,https://www.wikidata.org/wiki/Q5058355
D67D8A,https://www.wikidata.org/wiki/Q35120
D67D8A,https://www.wikidata.org/wiki/Q16521
D64592,https://www.wikidata.org/wiki/Q7187
D64592,https://www.wikidata.org/wiki/Q8054
D64592,https://www.wikidata.org/wiki/Q5058355
D64592,https://www.wikidata.org/wiki/Q2996394
D64592,https://www.wikidata.org/wiki/Q14860489
D64592,https://www.wikidata.org/wiki/Q35120
D64592,https://www.wikidata.org/wiki/Q16521
3416A7,https://www.wikidata.org/wiki/Q7187
3416A7,https://www.wikidata.org/wiki/Q8054
3416A7,https://www.wikidata.org/wiki/Q5058355
3416A7,https://www.wikidata.org/wiki/Q14860489
3416A7,https://www.wikidata.org/wiki/Q2996394
3416A7,https://www.wikidata.org/wiki/Q35120
3416A7,https://www.wikidata.org/wiki/Q16521
A1D0C6,https://www.wikidata.org/wiki/Q8054
A1D0C6,https://www.wikidata.org/wiki/Q7187
A1D0C6,https://www.wikidata.org/wiki/Q2996394
A1D0C6,https://www.wikidata.org/wiki/Q14860489
A1D0C6,https://www.wikidata.org/wiki/Q5058355
A1D0C6,https://www.wikidata.org/wiki/Q35120
A1D0C6,https://www.wikidata.org/wiki/Q16521
17E621,https://www.wikidata.org/wiki/Q7187
17E621,https://www.wikidata.org/wiki/Q8054
17E621,https://www.wikidata.org/wiki/Q5058355
17E621,https://www.wikidata.org/wiki/Q2996394
17E621,https://www.wikidata.org/wiki/Q14860489
17E621,https://www.wikidata.org/wiki/Q35120
17E621,https://www.wikidata.org/wiki/Q16521
F71771,https://www.wikidata.org/wiki/Q8054
F71771,https://www.wikidata.org/wiki/Q7187
F71771,https://www.wikidata.org/wiki/Q5058355
F71771,https://www.wikidata.org/wiki/Q2996394
F71771,https://www.wikidata.org/wiki/Q14860489
F71771,https://www.wikidata.org/wiki/Q35120
F71771,https://www.wikidata.org/wiki/Q16521
6C8349,https://www.wikidata.org/wiki/Q8054
6C8349,https://www.wikidata.org/wiki/Q7187
6C8349,https://www.wikidata.org/wiki/Q5058355
6C8349,https://www.wikidata.org/wiki/Q14860489
6C8349,https://www.wikidata.org/wiki/Q2996394
6C8349,https://www.wikidata.org/wiki/Q35120
6C8349,https://www.wikidata.org/wiki/Q16521
D9D4F4,https://www.wikidata.org/wiki/Q7187
D9D4F4,https://www.wikidata.org/wiki/Q8054
D9D4F4,https://www.wikidata.org/wiki/Q2996394
D9D4F4,https://www.wikidata.org/wiki/Q14860489
D9D4F4,https://www.wikidata.org/wiki/Q5058355
D9D4F4,https://www.wikidata.org/wiki/Q16521
D9D4F4,https://www.wikidata.org/wiki/Q35120
67C6A1,https://www.wikidata.org/wiki/Q7187
67C6A1,https://www.wikidata.org/wiki/Q8054
67C6A1,https://www.wikidata.org/wiki/Q2996394
67C6A1,https://www.wikidata.org/wiki/Q5058355
67C6A1,https://www.wikidata.org/wiki/Q14860489
67C6A1,https://www.wikidata.org/wiki/Q35120
67C6A1,https://www.wikidata.org/wiki/Q16521
642E92,https://www.wikidata.org/wiki/Q7187
642E92,https://www.wikidata.org/wiki/Q8054
642E92,https://www.wikidata.org/wiki/Q14860489
642E92,https://www.wikidata.org/wiki/Q2996394
642E92,https://www.wikidata.org/wiki/Q5058355
642E92,https://www.wikidata.org/wiki/Q35120
F457C5,https://www.wikidata.org/wiki/Q7187
F457C5,https://www.wikidata.org/wiki/Q8054
F457C5,https://www.wikidata.org/wiki/Q2996394
F457C5,https://www.wikidata.org/wiki/Q14860489
F457C5,https://www.wikidata.org/wiki/Q5058355
C0C7C7,https://www.wikidata.org/wiki/Q7187
C0C7C7,https://www.wikidata.org/wiki/Q8054
C0C7C7,https://www.wikidata.org/wiki/Q2996394
C0C7C7,https://www.wikidata.org/wiki/Q5058355
C0C7C7,https://www.wikidata.org/wiki/Q14860489
C0C7C7,https://www.wikidata.org/wiki/Q35120
C0C7C7,https://www.wikidata.org/wiki/Q16521
283802,https://www.wikidata.org/wiki/Q7187
283802,https://www.wikidata.org/wiki/Q8054
283802,https://www.wikidata.org/wiki/Q5058355
283802,https://www.wikidata.org/wiki/Q14860489
283802,https://www.wikidata.org/wiki/Q2996394
9A1158,https://www.wikidata.org/wiki/Q7187
9A1158,https://www.wikidata.org/wiki/Q8054
9A1158,https://www.wikidata.org/wiki/Q2996394
9A1158,https://www.wikidata.org/wiki/Q14860489
9A1158,https://www.wikidata.org/wiki/Q5058355
D82C8D,https://www.wikidata.org/wiki/Q7187
D82C8D,https://www.wikidata.org/wiki/Q8054
D82C8D,https://www.wikidata.org/wiki/Q14860489
D82C8D,https://www.wikidata.org/wiki/Q2996394
D82C8D,https://www.wikidata.org/wiki/Q5058355
D82C8D,https://www.wikidata.org/wiki/Q35120
A684EC,https://www.wikidata.org/wiki/Q8054
A684EC,https://www.wikidata.org/wiki/Q7187
A684EC,https://www.wikidata.org/wiki/Q2996394
A684EC,https://www.wikidata.org/wiki/Q5058355
A684EC,https://www.wikidata.org/wiki/Q14860489
A684EC,https://www.wikidata.org/wiki/Q16521
B53B3A,https://www.wikidata.org/wiki/Q7187
B53B3A,https://www.wikidata.org/wiki/Q8054
B53B3A,https://www.wikidata.org/wiki/Q14860489
B53B3A,https://www.wikidata.org/wiki/Q2996394
B53B3A,https://www.wikidata.org/wiki/Q5058355
B53B3A,https://www.wikidata.org/wiki/Q16521
9F6140,https://www.wikidata.org/wiki/Q8054
9F6140,https://www.wikidata.org/wiki/Q7187
9F6140,https://www.wikidata.org/wiki/Q2996394
9F6140,https://www.wikidata.org/wiki/Q14860489
9F6140,https://www.wikidata.org/wiki/Q5058355
9F6140,https://www.wikidata.org/wiki/Q16521
72B32A,https://www.wikidata.org/wiki/Q7187
72B32A,https://www.wikidata.org/wiki/Q8054
72B32A,https://www.wikidata.org/wiki/Q2996394
72B32A,https://www.wikidata.org/wiki/Q14860489
72B32A,https://www.wikidata.org/wiki/Q5058355
66F041,https://www.wikidata.org/wiki/Q8054
66F041,https://www.wikidata.org/wiki/Q7187
66F041,https://www.wikidata.org/wiki/Q5058355
66F041,https://www.wikidata.org/wiki/Q2996394
66F041,https://www.wikidata.org/wiki/Q14860489
66F041,https://www.wikidata.org/wiki/Q16521
093F65,https://www.wikidata.org/wiki/Q8054
093F65,https://www.wikidata.org/wiki/Q7187
093F65,https://www.wikidata.org/wiki/Q5058355
093F65,https://www.wikidata.org/wiki/Q2996394
093F65,https://www.wikidata.org/wiki/Q14860489
093F65,https://www.wikidata.org/wiki/Q16521
072B03,https://www.wikidata.org/wiki/Q7187
072B03,https://www.wikidata.org/wiki/Q8054
072B03,https://www.wikidata.org/wiki/Q2996394
072B03,https://www.wikidata.org/wiki/Q5058355
072B03,https://www.wikidata.org/wiki/Q14860489
072B03,https://www.wikidata.org/wiki/Q16521
7F39F8,https://www.wikidata.org/wiki/Q7187
7F39F8,https://www.wikidata.org/wiki/Q8054
7F39F8,https://www.wikidata.org/wiki/Q14860489
7F39F8,https://www.wikidata.org/wiki/Q5058355
7F39F8,https://www.wikidata.org/wiki/Q2996394
7F39F8,https://www.wikidata.org/wiki/Q35120
7F39F8,https://www.wikidata.org/wiki/Q16521
44F683,https://www.wikidata.org/wiki/Q7187
44F683,https://www.wikidata.org/wiki/Q8054
44F683,https://www.wikidata.org/wiki/Q5058355
44F683,https://www.wikidata.org/wiki/Q2996394
44F683,https://www.wikidata.org/wiki/Q14860489
44F683,https://www.wikidata.org/wiki/Q35120
44F683,https://www.wikidata.org/wiki/Q16521
03AFDB,https://www.wikidata.org/wiki/Q7187
03AFDB,https://www.wikidata.org/wiki/Q8054
03AFDB,https://www.wikidata.org/wiki/Q5058355
03AFDB,https://www.wikidata.org/wiki/Q14860489
03AFDB,https://www.wikidata.org/wiki/Q2996394
EA5D2F,https://www.wikidata.org/wiki/Q8054
EA5D2F,https://www.wikidata.org/wiki/Q7187
EA5D2F,https://www.wikidata.org/wiki/Q5058355
EA5D2F,https://www.wikidata.org/wiki/Q2996394
EA5D2F,https://www.wikidata.org/wiki/Q14860489
FC490C,https://www.wikidata.org/wiki/Q8054
FC490C,https://www.wikidata.org/wiki/Q7187
FC490C,https://www.wikidata.org/wiki/Q14860489
FC490C,https://www.wikidata.org/wiki/Q2996394
FC490C,https://www.wikidata.org/wiki/Q5058355
FC490C,https://www.wikidata.org/wiki/Q16521
FC490C,https://www.wikidata.org/wiki/Q35120
3295C7,https://www.wikidata.org/wiki/Q7187
3295C7,https://www.wikidata.org/wiki/Q8054
3295C7,https://www.wikidata.org/wiki/Q5058355
3295C7,https://www.wikidata.org/wiki/Q14860489
3295C7,https://www.wikidata.org/wiki/Q2996394
3295C7,https://www.wikidata.org/wiki/Q16521
735B90,https://www.wikidata.org/wiki/Q7187
735B90,https://www.wikidata.org/wiki/Q8054
735B90,https://www.wikidata.org/wiki/Q5058355
735B90,https://www.wikidata.org/wiki/Q14860489
735B90,https://www.wikidata.org/wiki/Q2996394
735B90,https://www.wikidata.org/wiki/Q16521
A3F390,https://www.wikidata.org/wiki/Q7187
A3F390,https://www.wikidata.org/wiki/Q8054
A3F390,https://www.wikidata.org/wiki/Q14860489
A3F390,https://www.wikidata.org/wiki/Q2996394
A3F390,https://www.wikidata.org/wiki/Q5058355
14BFA6,https://www.wikidata.org/wiki/Q8054
14BFA6,https://www.wikidata.org/wiki/Q7187
14BFA6,https://www.wikidata.org/wiki/Q14860489
14BFA6,https://www.wikidata.org/wiki/Q5058355
14BFA6,https://www.wikidata.org/wiki/Q2996394
7CBBC4,https://www.wikidata.org/wiki/Q8054
7CBBC4,https://www.wikidata.org/wiki/Q7187
7CBBC4,https://www.wikidata.org/wiki/Q2996394
7CBBC4,https://www.wikidata.org/wiki/Q5058355
7CBBC4,https://www.wikidata.org/wiki/Q14860489
7CBBC4,https://www.wikidata.org/wiki/Q16521
7CBBC4,https://www.wikidata.org/wiki/Q35120
E2C420,https://www.wikidata.org/wiki/Q8054
E2C420,https://www.wikidata.org/wiki/Q7187
E2C420,https://www.wikidata.org/wiki/Q14860489
E2C420,https://www.wikidata.org/wiki/Q5058355
E2C420,https://www.wikidata.org/wiki/Q2996394
32BB90,https://www.wikidata.org/wiki/Q8054
32BB90,https://www.wikidata.org/wiki/Q7187
32BB90,https://www.wikidata.org/wiki/Q14860489
32BB90,https://www.wikidata.org/wiki/Q2996394
32BB90,https://www.wikidata.org/wiki/Q5058355
D2DDEA,https://www.wikidata.org/wiki/Q8054
D2DDEA,https://www.wikidata.org/wiki/Q7187
D2DDEA,https://www.wikidata.org/wiki/Q14860489
D2DDEA,https://www.wikidata.org/wiki/Q2996394
D2DDEA,https://www.wikidata.org/wiki/Q5058355
AD61AB,https://www.wikidata.org/wiki/Q8054
AD61AB,https://www.wikidata.org/wiki/Q7187
AD61AB,https://www.wikidata.org/wiki/Q5058355
AD61AB,https://www.wikidata.org/wiki/Q2996394
AD61AB,https://www.wikidata.org/wiki/Q14860489
AD61AB,https://www.wikidata.org/wiki/Q16521
AD61AB,https://www.wikidata.org/wiki/Q35120
D09BF4,https://www.wikidata.org/wiki/Q8054
D09BF4,https://www.wikidata.org/wiki/Q7187
D09BF4,https://www.wikidata.org/wiki/Q2996394
D09BF4,https://www.wikidata.org/wiki/Q5058355
D09BF4,https://www.wikidata.org/wiki/Q14860489
D09BF4,https://www.wikidata.org/wiki/Q35120
FBD793,https://www.wikidata.org/wiki/Q8054
FBD793,https://www.wikidata.org/wiki/Q7187
FBD793,https://www.wikidata.org/wiki/Q14860489
FBD793,https://www.wikidata.org/wiki/Q2996394
FBD793,https://www.wikidata.org/wiki/Q5058355
FBD793,https://www.wikidata.org/wiki/Q35120
FBD793,https://www.wikidata.org/wiki/Q16521
28DD2C,https://www.wikidata.org/wiki/Q7187
28DD2C,https://www.wikidata.org/wiki/Q8054
28DD2C,https://www.wikidata.org/wiki/Q14860489
28DD2C,https://www.wikidata.org/wiki/Q2996394
28DD2C,https://www.wikidata.org/wiki/Q5058355
28DD2C,https://www.wikidata.org/wiki/Q16521
28DD2C,https://www.wikidata.org/wiki/Q35120
35F4A8,https://www.wikidata.org/wiki/Q8054
35F4A8,https://www.wikidata.org/wiki/Q7187
35F4A8,https://www.wikidata.org/wiki/Q5058355
35F4A8,https://www.wikidata.org/wiki/Q2996394
35F4A8,https://www.wikidata.org/wiki/Q14860489
35F4A8,https://www.wikidata.org/wiki/Q35120
D1FE17,https://www.wikidata.org/wiki/Q7187
D1FE17,https://www.wikidata.org/wiki/Q8054
D1FE17,https://www.wikidata.org/wiki/Q14860489
D1FE17,https://www.wikidata.org/wiki/Q5058355
D1FE17,https://www.wikidata.org/wiki/Q2996394
D1FE17,https://www.wikidata.org/wiki/Q16521
D1FE17,https://www.wikidata.org/wiki/Q35120
F033AB,https://www.wikidata.org/wiki/Q7187
F033AB,https://www.wikidata.org/wiki/Q8054
F033AB,https://www.wikidata.org/wiki/Q5058355
F033AB,https://www.wikidata.org/wiki/Q14860489
F033AB,https://www.wikidata.org/wiki/Q2996394
43EC51,https://www.wikidata.org/wiki/Q8054
43EC51,https://www.wikidata.org/wiki/Q7187
43EC51,https://www.wikidata.org/wiki/Q5058355
43EC51,https://www.wikidata.org/wiki/Q14860489
43EC51,https://www.wikidata.org/wiki/Q2996394
43EC51,https://www.wikidata.org/wiki/Q16521
43EC51,https://www.wikidata.org/wiki/Q35120
9778D5,https://www.wikidata.org/wiki/Q7187
9778D5,https://www.wikidata.org/wiki/Q8054
9778D5,https://www.wikidata.org/wiki/Q5058355
9778D5,https://www.wikidata.org/wiki/Q14860489
9778D5,https://www.wikidata.org/wiki/Q2996394
9778D5,https://www.wikidata.org/wiki/Q35120
FE9FC2,https://www.wikidata.org/wiki/Q7187
FE9FC2,https://www.wikidata.org/wiki/Q8054
FE9FC2,https://www.wikidata.org/wiki/Q5058355
FE9FC2,https://www.wikidata.org/wiki/Q2996394
FE9FC2,https://www.wikidata.org/wiki/Q14860489
68D30A,https://www.wikidata.org/wiki/Q7187
68D30A,https://www.wikidata.org/wiki/Q8054
68D30A,https://www.wikidata.org/wiki/Q5058355
68D30A,https://www.wikidata.org/wiki/Q14860489
68D30A,https://www.wikidata.org/wiki/Q2996394
3EF815,https://www.wikidata.org/wiki/Q8054
3EF815,https://www.wikidata.org/wiki/Q7187
3EF815,https://www.wikidata.org/wiki/Q5058355
3EF815,https://www.wikidata.org/wiki/Q14860489
3EF815,https://www.wikidata.org/wiki/Q2996394
93DB85,https://www.wikidata.org/wiki/Q8054
93DB85,https://www.wikidata.org/wiki/Q7187
93DB85,https://www.wikidata.org/wiki/Q5058355
93DB85,https://www.wikidata.org/wiki/Q14860489
93DB85,https://www.wikidata.org/wiki/Q2996394
93DB85,https://www.wikidata.org/wiki/Q35120
C7E124,https://www.wikidata.org/wiki/Q7187
C7E124,https://www.wikidata.org/wiki/Q8054
C7E124,https://www.wikidata.org/wiki/Q5058355
C7E124,https://www.wikidata.org/wiki/Q14860489
C7E124,https://www.wikidata.org/wiki/Q2996394
C7E124,https://www.wikidata.org/wiki/Q35120
2A38A4,https://www.wikidata.org/wiki/Q7187
2A38A4,https://www.wikidata.org/wiki/Q8054
2A38A4,https://www.wikidata.org/wiki/Q14860489
2A38A4,https://www.wikidata.org/wiki/Q5058355
2A38A4,https://www.wikidata.org/wiki/Q2996394
2A38A4,https://www.wikidata.org/wiki/Q16521
2A38A4,https://www.wikidata.org/wiki/Q35120
764796,https://www.wikidata.org/wiki/Q8054
764796,https://www.wikidata.org/wiki/Q7187
764796,https://www.wikidata.org/wiki/Q2996394
764796,https://www.wikidata.org/wiki/Q5058355
764796,https://www.wikidata.org/wiki/Q14860489
764796,https://www.wikidata.org/wiki/Q35120
764796,https://www.wikidata.org/wiki/Q16521
861398,https://www.wikidata.org/wiki/Q8054
861398,https://www.wikidata.org/wiki/Q7187
861398,https://www.wikidata.org/wiki/Q14860489
861398,https://www.wikidata.org/wiki/Q5058355
861398,https://www.wikidata.org/wiki/Q2996394
54229A,https://www.wikidata.org/wiki/Q7187
54229A,https://www.wikidata.org/wiki/Q8054
54229A,https://www.wikidata.org/wiki/Q14860489
54229A,https://www.wikidata.org/wiki/Q5058355
54229A,https://www.wikidata.org/wiki/Q2996394
92CC22,https://www.wikidata.org/wiki/Q7187
92CC22,https://www.wikidata.org/wiki/Q8054
92CC22,https://www.wikidata.org/wiki/Q2996394
92CC22,https://www.wikidata.org/wiki/Q14860489
92CC22,https://www.wikidata.org/wiki/Q5058355
98DCE8,https://www.wikidata.org/wiki/Q8054
98DCE8,https://www.wikidata.org/wiki/Q7187
98DCE8,https://www.wikidata.org/wiki/Q5058355
98DCE8,https://www.wikidata.org/wiki/Q2996394
98DCE8,https://www.wikidata.org/wiki/Q14860489
F4B9EC,https://www.wikidata.org/wiki/Q8054
F4B9EC,https://www.wikidata.org/wiki/Q7187
F4B9EC,https://www.wikidata.org/wiki/Q2996394
F4B9EC,https://www.wikidata.org/wiki/Q14860489
F4B9EC,https://www.wikidata.org/wiki/Q5058355
F4B9EC,https://www.wikidata.org/wiki/Q35120
812B4B,https://www.wikidata.org/wiki/Q8054
812B4B,https://www.wikidata.org/wiki/Q7187
812B4B,https://www.wikidata.org/wiki/Q14860489
812B4B,https://www.wikidata.org/wiki/Q5058355
812B4B,https://www.wikidata.org/wiki/Q2996394
26657D,https://www.wikidata.org/wiki/Q8054
26657D,https://www.wikidata.org/wiki/Q7187
26657D,https://www.wikidata.org/wiki/Q5058355
26657D,https://www.wikidata.org/wiki/Q2996394
26657D,https://www.wikidata.org/wiki/Q14860489
26657D,https://www.wikidata.org/wiki/Q35120
26657D,https://www.wikidata.org/wiki/Q16521
E2EF52,https://www.wikidata.org/wiki/Q7187
E2EF52,https://www.wikidata.org/wiki/Q8054
E2EF52,https://www.wikidata.org/wiki/Q5058355
E2EF52,https://www.wikidata.org/wiki/Q2996394
E2EF52,https://www.wikidata.org/wiki/Q14860489
E2EF52,https://www.wikidata.org/wiki/Q16521
E2EF52,https://www.wikidata.org/wiki/Q35120
ED3D2C,https://www.wikidata.org/wiki/Q8054
ED3D2C,https://www.wikidata.org/wiki/Q7187
ED3D2C,https://www.wikidata.org/wiki/Q14860489
ED3D2C,https://www.wikidata.org/wiki/Q2996394
ED3D2C,https://www.wikidata.org/wiki/Q5058355
ED3D2C,https://www.wikidata.org/wiki/Q35120
ED3D2C,https://www.wikidata.org/wiki/Q16521
AC627A,https://www.wikidata.org/wiki/Q8054
AC627A,https://www.wikidata.org/wiki/Q7187
AC627A,https://www.wikidata.org/wiki/Q2996394
AC627A,https://www.wikidata.org/wiki/Q5058355
AC627A,https://www.wikidata.org/wiki/Q14860489
AC627A,https://www.wikidata.org/wiki/Q16521
AC627A,https://www.wikidata.org/wiki/Q35120
F89913,https://www.wikidata.org/wiki/Q8054
F89913,https://www.wikidata.org/wiki/Q7187
F89913,https://www.wikidata.org/wiki/Q5058355
F89913,https://www.wikidata.org/wiki/Q2996394
F89913,https://www.wikidata.org/wiki/Q14860489
38B3EF,https://www.wikidata.org/wiki/Q7187
38B3EF,https://www.wikidata.org/wiki/Q8054
38B3EF,https://www.wikidata.org/wiki/Q14860489
38B3EF,https://www.wikidata.org/wiki/Q5058355
38B3EF,https://www.wikidata.org/wiki/Q2996394
38B3EF,https://www.wikidata.org/wiki/Q16521
38B3EF,https://www.wikidata.org/wiki/Q35120
EC8956,https://www.wikidata.org/wiki/Q8054
EC8956,https://www.wikidata.org/wiki/Q7187
EC8956,https://www.wikidata.org/wiki/Q5058355
EC8956,https://www.wikidata.org/wiki/Q14860489
EC8956,https://www.wikidata.org/wiki/Q2996394
EC8956,https://www.wikidata.org/wiki/Q16521
6974CE,https://www.wikidata.org/wiki/Q8054
6974CE,https://www.wikidata.org/wiki/Q7187
6974CE,https://www.wikidata.org/wiki/Q5058355
6974CE,https://www.wikidata.org/wiki/Q2996394
6974CE,https://www.wikidata.org/wiki/Q14860489
6974CE,https://www.wikidata.org/wiki/Q16521
6974CE,https://www.wikidata.org/wiki/Q35120
C9E107,https://www.wikidata.org/wiki/Q8054
C9E107,https://www.wikidata.org/wiki/Q7187
C9E107,https://www.wikidata.org/wiki/Q5058355
C9E107,https://www.wikidata.org/wiki/Q2996394
C9E107,https://www.wikidata.org/wiki/Q14860489
65B9EE,https://www.wikidata.org/wiki/Q7187
65B9EE,https://www.wikidata.org/wiki/Q8054
65B9EE,https://www.wikidata.org/wiki/Q2996394
65B9EE,https://www.wikidata.org/wiki/Q14860489
65B9EE,https://www.wikidata.org/wiki/Q5058355
65B9EE,https://www.wikidata.org/wiki/Q35120
F0935E,https://www.wikidata.org/wiki/Q7187
F0935E,https://www.wikidata.org/wiki/Q8054
F0935E,https://www.wikidata.org/wiki/Q2996394
F0935E,https://www.wikidata.org/wiki/Q5058355
F0935E,https://www.wikidata.org/wiki/Q14860489
F0935E,https://www.wikidata.org/wiki/Q16521
F0935E,https://www.wikidata.org/wiki/Q35120
A97DA6,https://www.wikidata.org/wiki/Q8054
A97DA6,https://www.wikidata.org/wiki/Q7187
A97DA6,https://www.wikidata.org/wiki/Q2996394
A97DA6,https://www.wikidata.org/wiki/Q5058355
A97DA6,https://www.wikidata.org/wiki/Q14860489
A3C65C,https://www.wikidata.org/wiki/Q7187
A3C65C,https://www.wikidata.org/wiki/Q8054
A3C65C,https://www.wikidata.org/wiki/Q14860489
A3C65C,https://www.wikidata.org/wiki/Q2996394
A3C65C,https://www.wikidata.org/wiki/Q5058355
2723D0,https://www.wikidata.org/wiki/Q7187
2723D0,https://www.wikidata.org/wiki/Q8054
2723D0,https://www.wikidata.org/wiki/Q2996394
2723D0,https://www.wikidata.org/wiki/Q5058355
2723D0,https://www.wikidata.org/wiki/Q14860489
2723D0,https://www.wikidata.org/wiki/Q35120
5F93F9,https://www.wikidata.org/wiki/Q7187
5F93F9,https://www.wikidata.org/wiki/Q8054
5F93F9,https://www.wikidata.org/wiki/Q14860489
5F93F9,https://www.wikidata.org/wiki/Q2996394
5F93F9,https://www.wikidata.org/wiki/Q5058355
5F93F9,https://www.wikidata.org/wiki/Q16521
5F93F9,https://www.wikidata.org/wiki/Q35120
