C4CA42,0,https://www.wikidata.org/wiki/Q8054
C4CA42,1,https://www.wikidata.org/wiki/Q7187
C4CA42,2,https://www.wikidata.org/wiki/Q2996394
C4CA42,3,https://www.wikidata.org/wiki/Q5058355
C4CA42,4,https://www.wikidata.org/wiki/Q14860489
C81E72,0,https://www.wikidata.org/wiki/Q7187
C81E72,1,https://www.wikidata.org/wiki/Q8054
C81E72,2,https://www.wikidata.org/wiki/Q5058355
C81E72,3,https://www.wikidata.org/wiki/Q2996394
C81E72,4,https://www.wikidata.org/wiki/Q14860489
ECCBC8,0,https://www.wikidata.org/wiki/Q7187
ECCBC8,1,https://www.wikidata.org/wiki/Q8054
ECCBC8,2,https://www.wikidata.org/wiki/Q5058355
ECCBC8,3,https://www.wikidata.org/wiki/Q14860489
ECCBC8,4,https://www.wikidata.org/wiki/Q2996394
A87FF6,0,https://www.wikidata.org/wiki/Q7187
A87FF6,1,https://www.wikidata.org/wiki/Q8054
A87FF6,2,https://www.wikidata.org/wiki/Q14860489
A87FF6,3,https://www.wikidata.org/wiki/Q5058355
A87FF6,4,https://www.wikidata.org/wiki/Q2996394
E4DA3B,0,https://www.wikidata.org/wiki/Q8054
E4DA3B,1,https://www.wikidata.org/wiki/Q7187
E4DA3B,2,https://www.wikidata.org/wiki/Q14860489
E4DA3B,3,https://www.wikidata.org/wiki/Q5058355
E4DA3B,4,https://www.wikidata.org/wiki/Q2996394
167909,0,https://www.wikidata.org/wiki/Q8054
167909,1,https://www.wikidata.org/wiki/Q7187
167909,2,https://www.wikidata.org/wiki/Q5058355
167909,3,https://www.wikidata.org/wiki/Q2996394
167909,4,https://www.wikidata.org/wiki/Q14860489
8F14E4,0,https://www.wikidata.org/wiki/Q7187
8F14E4,1,https://www.wikidata.org/wiki/Q8054
8F14E4,2,https://www.wikidata.org/wiki/Q5058355
8F14E4,3,https://www.wikidata.org/wiki/Q14860489
8F14E4,4,https://www.wikidata.org/wiki/Q2996394
8F14E4,5,https://www.wikidata.org/wiki/Q35120
C9F0F8,0,https://www.wikidata.org/wiki/Q7187
C9F0F8,1,https://www.wikidata.org/wiki/Q8054
C9F0F8,2,https://www.wikidata.org/wiki/Q2996394
C9F0F8,3,https://www.wikidata.org/wiki/Q5058355
C9F0F8,4,https://www.wikidata.org/wiki/Q14860489
C9F0F8,5,https://www.wikidata.org/wiki/Q16521
45C48C,0,https://www.wikidata.org/wiki/Q8054
45C48C,1,https://www.wikidata.org/wiki/Q7187
45C48C,2,https://www.wikidata.org/wiki/Q14860489
45C48C,3,https://www.wikidata.org/wiki/Q2996394
45C48C,4,https://www.wikidata.org/wiki/Q5058355
45C48C,5,https://www.wikidata.org/wiki/Q35120
45C48C,6,https://www.wikidata.org/wiki/Q16521
D3D944,0,https://www.wikidata.org/wiki/Q7187
D3D944,1,https://www.wikidata.org/wiki/Q8054
D3D944,2,https://www.wikidata.org/wiki/Q14860489
D3D944,3,https://www.wikidata.org/wiki/Q2996394
D3D944,4,https://www.wikidata.org/wiki/Q5058355
D3D944,5,https://www.wikidata.org/wiki/Q16521
6512BD,0,https://www.wikidata.org/wiki/Q8054
6512BD,1,https://www.wikidata.org/wiki/Q7187
6512BD,2,https://www.wikidata.org/wiki/Q14860489
6512BD,3,https://www.wikidata.org/wiki/Q2996394
6512BD,4,https://www.wikidata.org/wiki/Q5058355
6512BD,5,https://www.wikidata.org/wiki/Q16521
6512BD,6,https://www.wikidata.org/wiki/Q35120
C20AD4,0,https://www.wikidata.org/wiki/Q8054
C20AD4,1,https://www.wikidata.org/wiki/Q7187
C20AD4,2,https://www.wikidata.org/wiki/Q2996394
C20AD4,3,https://www.wikidata.org/wiki/Q14860489
C20AD4,4,https://www.wikidata.org/wiki/Q5058355
C20AD4,5,https://www.wikidata.org/wiki/Q35120
C51CE4,0,https://www.wikidata.org/wiki/Q7187
C51CE4,1,https://www.wikidata.org/wiki/Q8054
C51CE4,2,https://www.wikidata.org/wiki/Q2996394
C51CE4,3,https://www.wikidata.org/wiki/Q14860489
C51CE4,4,https://www.wikidata.org/wiki/Q5058355
C51CE4,5,https://www.wikidata.org/wiki/Q35120
C51CE4,6,https://www.wikidata.org/wiki/Q16521
AAB323,0,https://www.wikidata.org/wiki/Q7187
AAB323,1,https://www.wikidata.org/wiki/Q8054
AAB323,2,https://www.wikidata.org/wiki/Q14860489
AAB323,3,https://www.wikidata.org/wiki/Q2996394
AAB323,4,https://www.wikidata.org/wiki/Q5058355
9BF31C,0,https://www.wikidata.org/wiki/Q7187
9BF31C,1,https://www.wikidata.org/wiki/Q8054
9BF31C,2,https://www.wikidata.org/wiki/Q14860489
9BF31C,3,https://www.wikidata.org/wiki/Q5058355
9BF31C,4,https://www.wikidata.org/wiki/Q2996394
9BF31C,5,https://www.wikidata.org/wiki/Q16521
9BF31C,6,https://www.wikidata.org/wiki/Q35120
C74D97,0,https://www.wikidata.org/wiki/Q8054
C74D97,1,https://www.wikidata.org/wiki/Q7187
C74D97,2,https://www.wikidata.org/wiki/Q14860489
C74D97,3,https://www.wikidata.org/wiki/Q5058355
C74D97,4,https://www.wikidata.org/wiki/Q2996394
70EFDF,0,https://www.wikidata.org/wiki/Q8054
70EFDF,1,https://www.wikidata.org/wiki/Q7187
70EFDF,2,https://www.wikidata.org/wiki/Q5058355
70EFDF,3,https://www.wikidata.org/wiki/Q14860489
70EFDF,4,https://www.wikidata.org/wiki/Q2996394
70EFDF,5,https://www.wikidata.org/wiki/Q16521
6F4922,0,https://www.wikidata.org/wiki/Q8054
6F4922,1,https://www.wikidata.org/wiki/Q7187
6F4922,2,https://www.wikidata.org/wiki/Q14860489
6F4922,3,https://www.wikidata.org/wiki/Q5058355
6F4922,4,https://www.wikidata.org/wiki/Q2996394
6F4922,5,https://www.wikidata.org/wiki/Q16521
1F0E3D,0,https://www.wikidata.org/wiki/Q7187
1F0E3D,1,https://www.wikidata.org/wiki/Q8054
1F0E3D,2,https://www.wikidata.org/wiki/Q5058355
1F0E3D,3,https://www.wikidata.org/wiki/Q2996394
1F0E3D,4,https://www.wikidata.org/wiki/Q14860489
98F137,0,https://www.wikidata.org/wiki/Q8054
98F137,1,https://www.wikidata.org/wiki/Q7187
98F137,2,https://www.wikidata.org/wiki/Q14860489
98F137,3,https://www.wikidata.org/wiki/Q5058355
98F137,4,https://www.wikidata.org/wiki/Q2996394
3C59DC,0,https://www.wikidata.org/wiki/Q7187
3C59DC,1,https://www.wikidata.org/wiki/Q8054
3C59DC,2,https://www.wikidata.org/wiki/Q2996394
3C59DC,3,https://www.wikidata.org/wiki/Q5058355
3C59DC,4,https://www.wikidata.org/wiki/Q14860489
3C59DC,5,https://www.wikidata.org/wiki/Q35120
3C59DC,6,https://www.wikidata.org/wiki/Q16521
B6D767,0,https://www.wikidata.org/wiki/Q7187
B6D767,1,https://www.wikidata.org/wiki/Q8054
B6D767,2,https://www.wikidata.org/wiki/Q2996394
B6D767,3,https://www.wikidata.org/wiki/Q5058355
B6D767,4,https://www.wikidata.org/wiki/Q14860489
B6D767,5,https://www.wikidata.org/wiki/Q35120
37693C,0,https://www.wikidata.org/wiki/Q8054
37693C,1,https://www.wikidata.org/wiki/Q7187
37693C,2,https://www.wikidata.org/wiki/Q14860489
37693C,3,https://www.wikidata.org/wiki/Q5058355
37693C,4,https://www.wikidata.org/wiki/Q2996394
1FF1DE,0,https://www.wikidata.org/wiki/Q7187
1FF1DE,1,https://www.wikidata.org/wiki/Q8054
1FF1DE,2,https://www.wikidata.org/wiki/Q2996394
1FF1DE,3,https://www.wikidata.org/wiki/Q14860489
1FF1DE,4,https://www.wikidata.org/wiki/Q5058355
1FF1DE,5,https://www.wikidata.org/wiki/Q16521
1FF1DE,6,https://www.wikidata.org/wiki/Q35120
8E296A,0,https://www.wikidata.org/wiki/Q7187
8E296A,1,https://www.wikidata.org/wiki/Q8054
8E296A,2,https://www.wikidata.org/wiki/Q2996394
8E296A,3,https://www.wikidata.org/wiki/Q14860489
8E296A,4,https://www.wikidata.org/wiki/Q5058355
8E296A,5,https://www.wikidata.org/wiki/Q35120
4E732C,0,https://www.wikidata.org/wiki/Q8054
4E732C,1,https://www.wikidata.org/wiki/Q7187
4E732C,2,https://www.wikidata.org/wiki/Q2996394
4E732C,3,https://www.wikidata.org/wiki/Q14860489
4E732C,4,https://www.wikidata.org/wiki/Q5058355
02E74F,0,https://www.wikidata.org/wiki/Q8054
02E74F,1,https://www.wikidata.org/wiki/Q7187
02E74F,2,https://www.wikidata.org/wiki/Q14860489
02E74F,3,https://www.wikidata.org/wiki/Q5058355
02E74F,4,https://www.wikidata.org/wiki/Q2996394
02E74F,5,https://www.wikidata.org/wiki/Q35120
33E75F,0,https://www.wikidata.org/wiki/Q7187
33E75F,1,https://www.wikidata.org/wiki/Q8054
33E75F,2,https://www.wikidata.org/wiki/Q5058355
33E75F,3,https://www.wikidata.org/wiki/Q2996394
33E75F,4,https://www.wikidata.org/wiki/Q14860489
33E75F,5,https://www.wikidata.org/wiki/Q16521
33E75F,6,https://www.wikidata.org/wiki/Q35120
6EA9AB,0,https://www.wikidata.org/wiki/Q8054
6EA9AB,1,https://www.wikidata.org/wiki/Q7187
6EA9AB,2,https://www.wikidata.org/wiki/Q2996394
6EA9AB,3,https://www.wikidata.org/wiki/Q5058355
6EA9AB,4,https://www.wikidata.org/wiki/Q14860489
34173C,0,https://www.wikidata.org/wiki/Q7187
34173C,1,https://www.wikidata.org/wiki/Q8054
34173C,2,https://www.wikidata.org/wiki/Q14860489
34173C,3,https://www.wikidata.org/wiki/Q2996394
34173C,4,https://www.wikidata.org/wiki/Q5058355
34173C,5,https://www.wikidata.org/wiki/Q16521
C16A53,0,https://www.wikidata.org/wiki/Q7187
C16A53,1,https://www.wikidata.org/wiki/Q8054
C16A53,2,https://www.wikidata.org/wiki/Q5058355
C16A53,3,https://www.wikidata.org/wiki/Q14860489
C16A53,4,https://www.wikidata.org/wiki/Q2996394
6364D3,0,https://www.wikidata.org/wiki/Q8054
6364D3,1,https://www.wikidata.org/wiki/Q7187
6364D3,2,https://www.wikidata.org/wiki/Q5058355
6364D3,3,https://www.wikidata.org/wiki/Q2996394
6364D3,4,https://www.wikidata.org/wiki/Q14860489
6364D3,5,https://www.wikidata.org/wiki/Q35120
182BE0,0,https://www.wikidata.org/wiki/Q7187
182BE0,1,https://www.wikidata.org/wiki/Q8054
182BE0,2,https://www.wikidata.org/wiki/Q5058355
182BE0,3,https://www.wikidata.org/wiki/Q2996394
182BE0,4,https://www.wikidata.org/wiki/Q14860489
182BE0,5,https://www.wikidata.org/wiki/Q35120
182BE0,6,https://www.wikidata.org/wiki/Q16521
E36985,0,https://www.wikidata.org/wiki/Q7187
E36985,1,https://www.wikidata.org/wiki/Q8054
E36985,2,https://www.wikidata.org/wiki/Q5058355
E36985,3,https://www.wikidata.org/wiki/Q2996394
E36985,4,https://www.wikidata.org/wiki/Q14860489
1C383C,0,https://www.wikidata.org/wiki/Q8054
1C383C,1,https://www.wikidata.org/wiki/Q7187
1C383C,2,https://www.wikidata.org/wiki/Q5058355
1C383C,3,https://www.wikidata.org/wiki/Q14860489
1C383C,4,https://www.wikidata.org/wiki/Q2996394
1C383C,5,https://www.wikidata.org/wiki/Q35120
19CA14,0,https://www.wikidata.org/wiki/Q8054
19CA14,1,https://www.wikidata.org/wiki/Q7187
19CA14,2,https://www.wikidata.org/wiki/Q5058355
19CA14,3,https://www.wikidata.org/wiki/Q14860489
19CA14,4,https://www.wikidata.org/wiki/Q2996394
19CA14,5,https://www.wikidata.org/wiki/Q35120
A5BFC9,0,https://www.wikidata.org/wiki/Q7187
A5BFC9,1,https://www.wikidata.org/wiki/Q8054
A5BFC9,2,https://www.wikidata.org/wiki/Q14860489
A5BFC9,3,https://www.wikidata.org/wiki/Q2996394
A5BFC9,4,https://www.wikidata.org/wiki/Q5058355
A5BFC9,5,https://www.wikidata.org/wiki/Q16521
A5771B,0,https://www.wikidata.org/wiki/Q7187
A5771B,1,https://www.wikidata.org/wiki/Q8054
A5771B,2,https://www.wikidata.org/wiki/Q14860489
A5771B,3,https://www.wikidata.org/wiki/Q2996394
A5771B,4,https://www.wikidata.org/wiki/Q5058355
D67D8A,0,https://www.wikidata.org/wiki/Q8054
D67D8A,1,https://www.wikidata.org/wiki/Q7187
D67D8A,2,https://www.wikidata.org/wiki/Q2996394
D67D8A,3,https://www.wikidata.org/wiki/Q14860489
D67D8A,4,https://www.wikidata.org/wiki/Q5058355
D67D8A,5,https://www.wikidata.org/wiki/Q35120
D67D8A,6,https://www.wikidata.org/wiki/Q16521
D64592,0,https://www.wikidata.org/wiki/Q7187
D64592,1,https://www.wikidata.org/wiki/Q8054
D64592,2,https://www.wikidata.org/wiki/Q5058355
D64592,3,https://www.wikidata.org/wiki/Q2996394
D64592,4,https://www.wikidata.org/wiki/Q14860489
D64592,5,https://www.wikidata.org/wiki/Q35120
D64592,6,https://www.wikidata.org/wiki/Q16521
3416A7,0,https://www.wikidata.org/wiki/Q7187
3416A7,1,https://www.wikidata.org/wiki/Q8054
3416A7,2,https://www.wikidata.org/wiki/Q5058355
3416A7,3,https://www.wikidata.org/wiki/Q14860489
3416A7,4,https://www.wikidata.org/wiki/Q2996394
3416A7,5,https://www.wikidata.org/wiki/Q35120
3416A7,6,https://www.wikidata.org/wiki/Q16521
A1D0C6,0,https://www.wikidata.org/wiki/Q8054
A1D0C6,1,https://www.wikidata.org/wiki/Q7187
A1D0C6,2,https://www.wikidata.org/wiki/Q2996394
A1D0C6,3,https://www.wikidata.org/wiki/Q14860489
A1D0C6,4,https://www.wikidata.org/wiki/Q5058355
A1D0C6,5,https://www.wikidata.org/wiki/Q35120
A1D0C6,6,https://www.wikidata.org/wiki/Q16521
17E621,0,https://www.wikidata.org/wiki/Q7187
17E621,1,https://www.wikidata.org/wiki/Q8054
17E621,2,https://www.wikidata.org/wiki/Q5058355
17E621,3,https://www.wikidata.org/wiki/Q2996394
17E621,4,https://www.wikidata.org/wiki/Q14860489
17E621,5,https://www.wikidata.org/wiki/Q35120
17E621,6,https://www.wikidata.org/wiki/Q16521
F71771,0,https://www.wikidata.org/wiki/Q8054
F71771,1,https://www.wikidata.org/wiki/Q7187
F71771,2,https://www.wikidata.org/wiki/Q5058355
F71771,3,https://www.wikidata.org/wiki/Q2996394
F71771,4,https://www.wikidata.org/wiki/Q14860489
F71771,5,https://www.wikidata.org/wiki/Q35120
F71771,6,https://www.wikidata.org/wiki/Q16521
6C8349,0,https://www.wikidata.org/wiki/Q8054
6C8349,1,https://www.wikidata.org/wiki/Q7187
6C8349,2,https://www.wikidata.org/wiki/Q5058355
6C8349,3,https://www.wikidata.org/wiki/Q14860489
6C8349,4,https://www.wikidata.org/wiki/Q2996394
6C8349,5,https://www.wikidata.org/wiki/Q35120
6C8349,6,https://www.wikidata.org/wiki/Q16521
D9D4F4,0,https://www.wikidata.org/wiki/Q7187
D9D4F4,1,https://www.wikidata.org/wiki/Q8054
D9D4F4,2,https://www.wikidata.org/wiki/Q2996394
D9D4F4,3,https://www.wikidata.org/wiki/Q14860489
D9D4F4,4,https://www.wikidata.org/wiki/Q5058355
D9D4F4,5,https://www.wikidata.org/wiki/Q16521
D9D4F4,6,https://www.wikidata.org/wiki/Q35120
67C6A1,0,https://www.wikidata.org/wiki/Q7187
67C6A1,1,https://www.wikidata.org/wiki/Q8054
67C6A1,2,https://www.wikidata.org/wiki/Q2996394
67C6A1,3,https://www.wikidata.org/wiki/Q5058355
67C6A1,4,https://www.wikidata.org/wiki/Q14860489
67C6A1,5,https://www.wikidata.org/wiki/Q35120
67C6A1,6,https://www.wikidata.org/wiki/Q16521
642E92,0,https://www.wikidata.org/wiki/Q7187
642E92,1,https://www.wikidata.org/wiki/Q8054
642E92,2,https://www.wikidata.org/wiki/Q14860489
642E92,3,https://www.wikidata.org/wiki/Q2996394
642E92,4,https://www.wikidata.org/wiki/Q5058355
642E92,5,https://www.wikidata.org/wiki/Q35120
F457C5,0,https://www.wikidata.org/wiki/Q7187
F457C5,1,https://www.wikidata.org/wiki/Q8054
F457C5,2,https://www.wikidata.org/wiki/Q2996394
F457C5,3,https://www.wikidata.org/wiki/Q14860489
F457C5,4,https://www.wikidata.org/wiki/Q5058355
C0C7C7,0,https://www.wikidata.org/wiki/Q7187
C0C7C7,1,https://www.wikidata.org/wiki/Q8054
C0C7C7,2,https://www.wikidata.org/wiki/Q2996394
C0C7C7,3,https://www.wikidata.org/wiki/Q5058355
C0C7C7,4,https://www.wikidata.org/wiki/Q14860489
C0C7C7,5,https://www.wikidata.org/wiki/Q35120
C0C7C7,6,https://www.wikidata.org/wiki/Q16521
283802,0,https://www.wikidata.org/wiki/Q7187
283802,1,https://www.wikidata.org/wiki/Q8054
283802,2,https://www.wikidata.org/wiki/Q5058355
283802,3,https://www.wikidata.org/wiki/Q14860489
283802,4,https://www.wikidata.org/wiki/Q2996394
9A1158,0,https://www.wikidata.org/wiki/Q7187
9A1158,1,https://www.wikidata.org/wiki/Q8054
9A1158,2,https://www.wikidata.org/wiki/Q2996394
9A1158,3,https://www.wikidata.org/wiki/Q14860489
9A1158,4,https://www.wikidata.org/wiki/Q5058355
D82C8D,0,https://www.wikidata.org/wiki/Q7187
D82C8D,1,https://www.wikidata.org/wiki/Q8054
D82C8D,2,https://www.wikidata.org/wiki/Q14860489
D82C8D,3,https://www.wikidata.org/wiki/Q2996394
D82C8D,4,https://www.wikidata.org/wiki/Q5058355
D82C8D,5,https://www.wikidata.org/wiki/Q35120
A684EC,0,https://www.wikidata.org/wiki/Q8054
A684EC,1,https://www.wikidata.org/wiki/Q7187
A684EC,2,https://www.wikidata.org/wiki/Q2996394
A684EC,3,https://www.wikidata.org/wiki/Q5058355
A684EC,4,https://www.wikidata.org/wiki/Q14860489
A684EC,5,https://www.wikidata.org/wiki/Q16521
B53B3A,0,https://www.wikidata.org/wiki/Q7187
B53B3A,1,https://www.wikidata.org/wiki/Q8054
B53B3A,2,https://www.wikidata.org/wiki/Q14860489
B53B3A,3,https://www.wikidata.org/wiki/Q2996394
B53B3A,4,https://www.wikidata.org/wiki/Q5058355
B53B3A,5,https://www.wikidata.org/wiki/Q16521
9F6140,0,https://www.wikidata.org/wiki/Q8054
9F6140,1,https://www.wikidata.org/wiki/Q7187
9F6140,2,https://www.wikidata.org/wiki/Q2996394
9F6140,3,https://www.wikidata.org/wiki/Q14860489
9F6140,4,https://www.wikidata.org/wiki/Q5058355
9F6140,5,https://www.wikidata.org/wiki/Q16521
72B32A,0,https://www.wikidata.org/wiki/Q7187
72B32A,1,https://www.wikidata.org/wiki/Q8054
72B32A,2,https://www.wikidata.org/wiki/Q2996394
72B32A,3,https://www.wikidata.org/wiki/Q14860489
72B32A,4,https://www.wikidata.org/wiki/Q5058355
66F041,0,https://www.wikidata.org/wiki/Q8054
66F041,1,https://www.wikidata.org/wiki/Q7187
66F041,2,https://www.wikidata.org/wiki/Q5058355
66F041,3,https://www.wikidata.org/wiki/Q2996394
66F041,4,https://www.wikidata.org/wiki/Q14860489
66F041,5,https://www.wikidata.org/wiki/Q16521
093F65,0,https://www.wikidata.org/wiki/Q8054
093F65,1,https://www.wikidata.org/wiki/Q7187
093F65,2,https://www.wikidata.org/wiki/Q5058355
093F65,3,https://www.wikidata.org/wiki/Q2996394
093F65,4,https://www.wikidata.org/wiki/Q14860489
093F65,5,https://www.wikidata.org/wiki/Q16521
072B03,0,https://www.wikidata.org/wiki/Q7187
072B03,1,https://www.wikidata.org/wiki/Q8054
072B03,2,https://www.wikidata.org/wiki/Q2996394
072B03,3,https://www.wikidata.org/wiki/Q5058355
072B03,4,https://www.wikidata.org/wiki/Q14860489
072B03,5,https://www.wikidata.org/wiki/Q16521
7F39F8,0,https://www.wikidata.org/wiki/Q7187
7F39F8,1,https://www.wikidata.org/wiki/Q8054
7F39F8,2,https://www.wikidata.org/wiki/Q14860489
7F39F8,3,https://www.wikidata.org/wiki/Q5058355
7F39F8,4,https://www.wikidata.org/wiki/Q2996394
7F39F8,5,https://www.wikidata.org/wiki/Q35120
7F39F8,6,https://www.wikidata.org/wiki/Q16521
44F683,0,https://www.wikidata.org/wiki/Q7187
44F683,1,https://www.wikidata.org/wiki/Q8054
44F683,2,https://www.wikidata.org/wiki/Q5058355
44F683,3,https://www.wikidata.org/wiki/Q2996394
44F683,4,https://www.wikidata.org/wiki/Q14860489
44F683,5,https://www.wikidata.org/wiki/Q35120
44F683,6,https://www.wikidata.org/wiki/Q16521
03AFDB,0,https://www.wikidata.org/wiki/Q7187
03AFDB,1,https://www.wikidata.org/wiki/Q8054
03AFDB,2,https://www.wikidata.org/wiki/Q5058355
03AFDB,3,https://www.wikidata.org/wiki/Q14860489
03AFDB,4,https://www.wikidata.org/wiki/Q2996394
EA5D2F,0,https://www.wikidata.org/wiki/Q8054
EA5D2F,1,https://www.wikidata.org/wiki/Q7187
EA5D2F,2,https://www.wikidata.org/wiki/Q5058355
EA5D2F,3,https://www.wikidata.org/wiki/Q2996394
EA5D2F,4,https://www.wikidata.org/wiki/Q14860489
FC490C,0,https://www.wikidata.org/wiki/Q8054
FC490C,1,https://www.wikidata.org/wiki/Q7187
FC490C,2,https://www.wikidata.org/wiki/Q14860489
FC490C,3,https://www.wikidata.org/wiki/Q2996394
FC490C,4,https://www.wikidata.org/wiki/Q5058355
FC490C,5,https://www.wikidata.org/wiki/Q16521
FC490C,6,https://www.wikidata.org/wiki/Q35120
3295C7,0,https://www.wikidata.org/wiki/Q7187
3295C7,1,https://www.wikidata.org/wiki/Q8054
3295C7,2,https://www.wikidata.org/wiki/Q5058355
3295C7,3,https://www.wikidata.org/wiki/Q14860489
3295C7,4,https://www.wikidata.org/wiki/Q2996394
3295C7,5,https://www.wikidata.org/wiki/Q16521
735B90,0,https://www.wikidata.org/wiki/Q7187
735B90,1,https://www.wikidata.org/wiki/Q8054
735B90,2,https://www.wikidata.org/wiki/Q5058355
735B90,3,https://www.wikidata.org/wiki/Q14860489
735B90,4,https://www.wikidata.org/wiki/Q2996394
735B90,5,https://www.wikidata.org/wiki/Q16521
A3F390,0,https://www.wikidata.org/wiki/Q7187
A3F390,1,https://www.wikidata.org/wiki/Q8054
A3F390,2,https://www.wikidata.org/wiki/Q14860489
A3F390,3,https://www.wikidata.org/wiki/Q2996394
A3F390,4,https://www.wikidata.org/wiki/Q5058355
14BFA6,0,https://www.wikidata.org/wiki/Q8054
14BFA6,1,https://www.wikidata.org/wiki/Q7187
14BFA6,2,https://www.wikidata.org/wiki/Q14860489
14BFA6,3,https://www.wikidata.org/wiki/Q5058355
14BFA6,4,https://www.wikidata.org/wiki/Q2996394
7CBBC4,0,https://www.wikidata.org/wiki/Q8054
7CBBC4,1,https://www.wikidata.org/wiki/Q7187
7CBBC4,2,https://www.wikidata.org/wiki/Q2996394
7CBBC4,3,https://www.wikidata.org/wiki/Q5058355
7CBBC4,4,https://www.wikidata.org/wiki/Q14860489
7CBBC4,5,https://www.wikidata.org/wiki/Q16521
7CBBC4,6,https://www.wikidata.org/wiki/Q35120
E2C420,0,https://www.wikidata.org/wiki/Q8054
E2C420,1,https://www.wikidata.org/wiki/Q7187
E2C420,2,https://www.wikidata.org/wiki/Q14860489
E2C420,3,https://www.wikidata.org/wiki/Q5058355
E2C420,4,https://www.wikidata.org/wiki/Q2996394
32BB90,0,https://www.wikidata.org/wiki/Q8054
32BB90,1,https://www.wikidata.org/wiki/Q7187
32BB90,2,https://www.wikidata.org/wiki/Q14860489
32BB90,3,https://www.wikidata.org/wiki/Q2996394
32BB90,4,https://www.wikidata.org/wiki/Q5058355
D2DDEA,0,https://www.wikidata.org/wiki/Q8054
D2DDEA,1,https://www.wikidata.org/wiki/Q7187
D2DDEA,2,https://www.wikidata.org/wiki/Q14860489
D2DDEA,3,https://www.wikidata.org/wiki/Q2996394
D2DDEA,4,https://www.wikidata.org/wiki/Q5058355
AD61AB,0,https://www.wikidata.org/wiki/Q8054
AD61AB,1,https://www.wikidata.org/wiki/Q7187
AD61AB,2,https://www.wikidata.org/wiki/Q5058355
AD61AB,3,https://www.wikidata.org/wiki/Q2996394
AD61AB,4,https://www.wikidata.org/wiki/Q14860489
AD61AB,5,https://www.wikidata.org/wiki/Q16521
AD61AB,6,https://www.wikidata.org/wiki/Q35120
D09BF4,0,https://www.wikidata.org/wiki/Q8054
D09BF4,1,https://www.wikidata.org/wiki/Q7187
D09BF4,2,https://www.wikidata.org/wiki/Q2996394
D09BF4,3,https://www.wikidata.org/wiki/Q5058355
D09BF4,4,https://www.wikidata.org/wiki/Q14860489
D09BF4,5,https://www.wikidata.org/wiki/Q35120
FBD793,0,https://www.wikidata.org/wiki/Q8054
FBD793,1,https://www.wikidata.org/wiki/Q7187
FBD793,2,https://www.wikidata.org/wiki/Q14860489
FBD793,3,https://www.wikidata.org/wiki/Q2996394
FBD793,4,https://www.wikidata.org/wiki/Q5058355
FBD793,5,https://www.wikidata.org/wiki/Q35120
FBD793,6,https://www.wikidata.org/wiki/Q16521
28DD2C,0,https://www.wikidata.org/wiki/Q7187
28DD2C,1,https://www.wikidata.org/wiki/Q8054
28DD2C,2,https://www.wikidata.org/wiki/Q14860489
28DD2C,3,https://www.wikidata.org/wiki/Q2996394
28DD2C,4,https://www.wikidata.org/wiki/Q5058355
28DD2C,5,https://www.wikidata.org/wiki/Q16521
28DD2C,6,https://www.wikidata.org/wiki/Q35120
35F4A8,0,https://www.wikidata.org/wiki/Q8054
35F4A8,1,https://www.wikidata.org/wiki/Q7187
35F4A8,2,https://www.wikidata.org/wiki/Q5058355
35F4A8,3,https://www.wikidata.org/wiki/Q2996394
35F4A8,4,https://www.wikidata.org/wiki/Q14860489
35F4A8,5,https://www.wikidata.org/wiki/Q35120
D1FE17,0,https://www.wikidata.org/wiki/Q7187
D1FE17,1,https://www.wikidata.org/wiki/Q8054
D1FE17,2,https://www.wikidata.org/wiki/Q14860489
D1FE17,3,https://www.wikidata.org/wiki/Q5058355
D1FE17,4,https://www.wikidata.org/wiki/Q2996394
D1FE17,5,https://www.wikidata.org/wiki/Q16521
D1FE17,6,https://www.wikidata.org/wiki/Q35120
F033AB,0,https://www.wikidata.org/wiki/Q7187
F033AB,1,https://www.wikidata.org/wiki/Q8054
F033AB,2,https://www.wikidata.org/wiki/Q5058355
F033AB,3,https://www.wikidata.org/wiki/Q14860489
F033AB,4,https://www.wikidata.org/wiki/Q2996394
43EC51,0,https://www.wikidata.org/wiki/Q8054
43EC51,1,https://www.wikidata.org/wiki/Q7187
43EC51,2,https://www.wikidata.org/wiki/Q5058355
43EC51,3,https://www.wikidata.org/wiki/Q14860489
43EC51,4,https://www.wikidata.org/wiki/Q2996394
43EC51,5,https://www.wikidata.org/wiki/Q16521
43EC51,6,https://www.wikidata.org/wiki/Q35120
9778D5,0,https://www.wikidata.org/wiki/Q7187
9778D5,1,https://www.wikidata.org/wiki/Q8054
9778D5,2,https://www.wikidata.org/wiki/Q5058355
9778D5,3,https://www.wikidata.org/wiki/Q14860489
9778D5,4,https://www.wikidata.org/wiki/Q2996394
9778D5,5,https://www.wikidata.org/wiki/Q35120
FE9FC2,0,https://www.wikidata.org/wiki/Q7187
FE9FC2,1,https://www.wikidata.org/wiki/Q8054
FE9FC2,2,https://www.wikidata.org/wiki/Q5058355
FE9FC2,3,https://www.wikidata.org/wiki/Q2996394
FE9FC2,4,https://www.wikidata.org/wiki/Q14860489
68D30A,0,https://www.wikidata.org/wiki/Q7187
68D30A,1,https://www.wikidata.org/wiki/Q8054
68D30A,2,https://www.wikidata.org/wiki/Q5058355
68D30A,3,https://www.wikidata.org/wiki/Q14860489
68D30A,4,https://www.wikidata.org/wiki/Q2996394
3EF815,0,https://www.wikidata.org/wiki/Q8054
3EF815,1,https://www.wikidata.org/wiki/Q7187
3EF815,2,https://www.wikidata.org/wiki/Q5058355
3EF815,3,https://www.wikidata.org/wiki/Q14860489
3EF815,4,https://www.wikidata.org/wiki/Q2996394
93DB85,0,https://www.wikidata.org/wiki/Q8054
93DB85,1,https://www.wikidata.org/wiki/Q7187
93DB85,2,https://www.wikidata.org/wiki/Q5058355
93DB85,3,https://www.wikidata.org/wiki/Q14860489
93DB85,4,https://www.wikidata.org/wiki/Q2996394
93DB85,5,https://www.wikidata.org/wiki/Q35120
C7E124,0,https://www.wikidata.org/wiki/Q7187
C7E124,1,https://www.wikidata.org/wiki/Q8054
C7E124,2,https://www.wikidata.org/wiki/Q5058355
C7E124,3,https://www.wikidata.org/wiki/Q14860489
C7E124,4,https://www.wikidata.org/wiki/Q2996394
C7E124,5,https://www.wikidata.org/wiki/Q35120
2A38A4,0,https://www.wikidata.org/wiki/Q7187
2A38A4,1,https://www.wikidata.org/wiki/Q8054
2A38A4,2,https://www.wikidata.org/wiki/Q14860489
2A38A4,3,https://www.wikidata.org/wiki/Q5058355
2A38A4,4,https://www.wikidata.org/wiki/Q2996394
2A38A4,5,https://www.wikidata.org/wiki/Q16521
2A38A4,6,https://www.wikidata.org/wiki/Q35120
764796,0,https://www.wikidata.org/wiki/Q8054
764796,1,https://www.wikidata.org/wiki/Q7187
764796,2,https://www.wikidata.org/wiki/Q2996394
764796,3,https://www.wikidata.org/wiki/Q5058355
764796,4,https://www.wikidata.org/wiki/Q14860489
764796,5,https://www.wikidata.org/wiki/Q35120
764796,6,https://www.wikidata.org/wiki/Q16521
861398,0,https://www.wikidata.org/wiki/Q8054
861398,1,https://www.wikidata.org/wiki/Q7187
861398,2,https://www.wikidata.org/wiki/Q14860489
861398,3,https://www.wikidata.org/wiki/Q5058355
861398,4,https://www.wikidata.org/wiki/Q2996394
54229A,0,https://www.wikidata.org/wiki/Q7187
54229A,1,https://www.wikidata.org/wiki/Q8054
54229A,2,https://www.wikidata.org/wiki/Q14860489
54229A,3,https://www.wikidata.org/wiki/Q5058355
54229A,4,https://www.wikidata.org/wiki/Q2996394
92CC22,0,https://www.wikidata.org/wiki/Q7187
92CC22,1,https://www.wikidata.org/wiki/Q8054
92CC22,2,https://www.wikidata.org/wiki/Q2996394
92CC22,3,https://www.wikidata.org/wiki/Q14860489
92CC22,4,https://www.wikidata.org/wiki/Q5058355
98DCE8,0,https://www.wikidata.org/wiki/Q8054
98DCE8,1,https://www.wikidata.org/wiki/Q7187
98DCE8,2,https://www.wikidata.org/wiki/Q5058355
98DCE8,3,https://www.wikidata.org/wiki/Q2996394
98DCE8,4,https://www.wikidata.org/wiki/Q14860489
F4B9EC,0,https://www.wikidata.org/wiki/Q8054
F4B9EC,1,https://www.wikidata.org/wiki/Q7187
F4B9EC,2,https://www.wikidata.org/wiki/Q2996394
F4B9EC,3,https://www.wikidata.org/wiki/Q14860489
F4B9EC,4,https://www.wikidata.org/wiki/Q5058355
F4B9EC,5,https://www.wikidata.org/wiki/Q35120
812B4B,0,https://www.wikidata.org/wiki/Q8054
812B4B,1,https://www.wikidata.org/wiki/Q7187
812B4B,2,https://www.wikidata.org/wiki/Q14860489
812B4B,3,https://www.wikidata.org/wiki/Q5058355
812B4B,4,https://www.wikidata.org/wiki/Q2996394
26657D,0,https://www.wikidata.org/wiki/Q8054
26657D,1,https://www.wikidata.org/wiki/Q7187
26657D,2,https://www.wikidata.org/wiki/Q5058355
26657D,3,https://www.wikidata.org/wiki/Q2996394
26657D,4,https://www.wikidata.org/wiki/Q14860489
26657D,5,https://www.wikidata.org/wiki/Q35120
26657D,6,https://www.wikidata.org/wiki/Q16521
E2EF52,0,https://www.wikidata.org/wiki/Q7187
E2EF52,1,https://www.wikidata.org/wiki/Q8054
E2EF52,2,https://www.wikidata.org/wiki/Q5058355
E2EF52,3,https://www.wikidata.org/wiki/Q2996394
E2EF52,4,https://www.wikidata.org/wiki/Q14860489
E2EF52,5,https://www.wikidata.org/wiki/Q16521
E2EF52,6,https://www.wikidata.org/wiki/Q35120
ED3D2C,0,https://www.wikidata.org/wiki/Q8054
ED3D2C,1,https://www.wikidata.org/wiki/Q7187
ED3D2C,2,https://www.wikidata.org/wiki/Q14860489
ED3D2C,3,https://www.wikidata.org/wiki/Q2996394
ED3D2C,4,https://www.wikidata.org/wiki/Q5058355
ED3D2C,5,https://www.wikidata.org/wiki/Q35120
ED3D2C,6,https://www.wikidata.org/wiki/Q16521
AC627A,0,https://www.wikidata.org/wiki/Q8054
AC627A,1,https://www.wikidata.org/wiki/Q7187
AC627A,2,https://www.wikidata.org/wiki/Q2996394
AC627A,3,https://www.wikidata.org/wiki/Q5058355
AC627A,4,https://www.wikidata.org/wiki/Q14860489
AC627A,5,https://www.wikidata.org/wiki/Q16521
AC627A,6,https://www.wikidata.org/wiki/Q35120
F89913,0,https://www.wikidata.org/wiki/Q8054
F89913,1,https://www.wikidata.org/wiki/Q7187
F89913,2,https://www.wikidata.org/wiki/Q5058355
F89913,3,https://www.wikidata.org/wiki/Q2996394
F89913,4,https://www.wikidata.org/wiki/Q14860489
38B3EF,0,https://www.wikidata.org/wiki/Q7187
38B3EF,1,https://www.wikidata.org/wiki/Q8054
38B3EF,2,https://www.wikidata.org/wiki/Q14860489
38B3EF,3,https://www.wikidata.org/wiki/Q5058355
38B3EF,4,https://www.wikidata.org/wiki/Q2996394
38B3EF,5,https://www.wikidata.org/wiki/Q16521
38B3EF,6,https://www.wikidata.org/wiki/Q35120
EC8956,0,https://www.wikidata.org/wiki/Q8054
EC8956,1,https://www.wikidata.org/wiki/Q7187
EC8956,2,https://www.wikidata.org/wiki/Q5058355
EC8956,3,https://www.wikidata.org/wiki/Q14860489
EC8956,4,https://www.wikidata.org/wiki/Q2996394
EC8956,5,https://www.wikidata.org/wiki/Q16521
6974CE,0,https://www.wikidata.org/wiki/Q8054
6974CE,1,https://www.wikidata.org/wiki/Q7187
6974CE,2,https://www.wikidata.org/wiki/Q5058355
6974CE,3,https://www.wikidata.org/wiki/Q2996394
6974CE,4,https://www.wikidata.org/wiki/Q14860489
6974CE,5,https://www.wikidata.org/wiki/Q16521
6974CE,6,https://www.wikidata.org/wiki/Q35120
C9E107,0,https://www.wikidata.org/wiki/Q8054
C9E107,1,https://www.wikidata.org/wiki/Q7187
C9E107,2,https://www.wikidata.org/wiki/Q5058355
C9E107,3,https://www.wikidata.org/wiki/Q2996394
C9E107,4,https://www.wikidata.org/wiki/Q14860489
65B9EE,0,https://www.wikidata.org/wiki/Q7187
65B9EE,1,https://www.wikidata.org/wiki/Q8054
65B9EE,2,https://www.wikidata.org/wiki/Q2996394
65B9EE,3,https://www.wikidata.org/wiki/Q14860489
65B9EE,4,https://www.wikidata.org/wiki/Q5058355
65B9EE,5,https://www.wikidata.org/wiki/Q35120
F0935E,0,https://www.wikidata.org/wiki/Q7187
F0935E,1,https://www.wikidata.org/wiki/Q8054
F0935E,2,https://www.wikidata.org/wiki/Q2996394
F0935E,3,https://www.wikidata.org/wiki/Q5058355
F0935E,4,https://www.wikidata.org/wiki/Q14860489
F0935E,5,https://www.wikidata.org/wiki/Q16521
F0935E,6,https://www.wikidata.org/wiki/Q35120
A97DA6,0,https://www.wikidata.org/wiki/Q8054
A97DA6,1,https://www.wikidata.org/wiki/Q7187
A97DA6,2,https://www.wikidata.org/wiki/Q2996394
A97DA6,3,https://www.wikidata.org/wiki/Q5058355
A97DA6,4,https://www.wikidata.org/wiki/Q14860489
A3C65C,0,https://www.wikidata.org/wiki/Q7187
A3C65C,1,https://www.wikidata.org/wiki/Q8054
A3C65C,2,https://www.wikidata.org/wiki/Q14860489
A3C65C,3,https://www.wikidata.org/wiki/Q2996394
A3C65C,4,https://www.wikidata.org/wiki/Q5058355
2723D0,0,https://www.wikidata.org/wiki/Q7187
2723D0,1,https://www.wikidata.org/wiki/Q8054
2723D0,2,https://www.wikidata.org/wiki/Q2996394
2723D0,3,https://www.wikidata.org/wiki/Q5058355
2723D0,4,https://www.wikidata.org/wiki/Q14860489
2723D0,5,https://www.wikidata.org/wiki/Q35120
5F93F9,0,https://www.wikidata.org/wiki/Q7187
5F93F9,1,https://www.wikidata.org/wiki/Q8054
5F93F9,2,https://www.wikidata.org/wiki/Q14860489
5F93F9,3,https://www.wikidata.org/wiki/Q2996394
5F93F9,4,https://www.wikidata.org/wiki/Q5058355
5F93F9,5,https://www.wikidata.org/wiki/Q16521
5F93F9,6,https://www.wikidata.org/wiki/Q35120
