[{"version":1,"nodes":[{"col_index":0,"label":"col0","id":0},{"col_index":1,"label":"col1","id":1},{"col_index":2,"label":"col2","id":2},{"abs_uri":"http://www.wikidata.org/entity/Q8142","rel_uri":"wd:Q8142","approximation":false,"readable_label":"currency (Q8142)","id":3}],"edges":[{"source":3,"target":0,"abs_uri":"http://www.w3.org/2000/01/rdf-schema#label","rel_uri":"rdfs:label","approximation":false,"readable_label":"rdfs:label","id":0},{"source":3,"target":1,"abs_uri":"http://www.wikidata.org/prop/P5061","rel_uri":"p:P5061","approximation":false,"readable_label":"unit symbol (P5061)","id":1},{"source":3,"target":2,"abs_uri":"http://www.wikidata.org/prop/P2284","rel_uri":"p:P2284","approximation":false,"readable_label":"price (P2284)","id":2}]}]