{"version":2,"table":{"version":2,"table_id":"NNHK1XRO","columns":[{"index":0,"name":"col0","values":["decaborane","trichloronaphthalene","4-Aminobiphenyl","N-phenyl-2-naphthylamine","2,4,5-T"]},{"index":1,"name":"col1","values":["211","199","127","226","307"]}]},"context":{"version":3,"page_title":null,"page_url":null,"entities":[],"literals":[],"content_hierarchy":[]},"links":[[[{"version":2,"start":0,"end":10,"url":null,"entities":[{"id":"Q1951971","type":"wikidata"}]}],[]],[[{"version":2,"start":0,"end":20,"url":null,"entities":[{"id":"Q20964882","type":"wikidata"}]}],[]],[[{"version":2,"start":0,"end":15,"url":null,"entities":[{"id":"Q229922","type":"wikidata"}]}],[]],[[{"version":2,"start":0,"end":24,"url":null,"entities":[{"id":"Q13872172","type":"wikidata"}]}],[]],[[{"version":2,"start":0,"end":7,"url":null,"entities":[{"id":"Q209188","type":"wikidata"}]}],[]]]}