{"version":2,"table":{"version":2,"table_id":"NUS3VBW8","columns":[{"index":0,"name":"col0","values":["Davis Rapids","Davis Rapids","Black Run","Black Rattle"]},{"index":1,"name":"col1","values":["259","302","166","184"]}]},"context":{"version":3,"page_title":null,"page_url":null,"entities":[],"literals":[],"content_hierarchy":[]},"links":[[[{"version":2,"start":0,"end":12,"url":null,"entities":[{"id":"Q22564130","type":"wikidata"}]}],[]],[[{"version":2,"start":0,"end":12,"url":null,"entities":[{"id":"Q22564124","type":"wikidata"}]}],[]],[[{"version":2,"start":0,"end":9,"url":null,"entities":[{"id":"Q22561167","type":"wikidata"}]}],[]],[[{"version":2,"start":0,"end":12,"url":null,"entities":[{"id":"Q22559659","type":"wikidata"}]}],[]]]}