{"version":2,"table":{"version":2,"table_id":"O1KHJ1NO","columns":[{"index":0,"name":"col0","values":["Textile Panel","Swarm"]},{"index":1,"name":"col1","values":["1900-01-01","1950-01-01"]}]},"context":{"version":3,"page_title":null,"page_url":null,"entities":[],"literals":[],"content_hierarchy":[]},"links":[[[{"version":2,"start":0,"end":13,"url":null,"entities":[{"id":"Q101516911","type":"wikidata"}]}],[]],[[{"version":2,"start":0,"end":5,"url":null,"entities":[{"id":"Q20193552","type":"wikidata"}]}],[]]]}