{"version":2,"table":{"version":2,"table_id":"ODIN5AF5","columns":[{"index":0,"name":"col0","values":["Typhoon Haishen","Tropical Storm Norma","Typhoon Muifa","Typhoon Roke","Hurricane Frances","Typhoon Chan-hom","Tropical Storm Olivia"]},{"index":1,"name":"col1","values":["100","92.6","85","70","140","","74.1"]}]},"context":{"version":3,"page_title":null,"page_url":null,"entities":[],"literals":[],"content_hierarchy":[]},"links":[[[{"version":2,"start":0,"end":15,"url":null,"entities":[{"id":"Q98819110","type":"wikidata"}]}],[]],[[{"version":2,"start":0,"end":20,"url":null,"entities":[{"id":"Q21073913","type":"wikidata"}]}],[]],[[{"version":2,"start":0,"end":13,"url":null,"entities":[{"id":"Q113826907","type":"wikidata"}]}],[]],[[{"version":2,"start":0,"end":12,"url":null,"entities":[{"id":"Q114271288","type":"wikidata"}]}],[]],[[{"version":2,"start":0,"end":17,"url":null,"entities":[{"id":"Q18214785","type":"wikidata"}]}],[]],[[{"version":2,"start":0,"end":16,"url":null,"entities":[{"id":"Q99960826","type":"wikidata"}]}],[]],[[{"version":2,"start":0,"end":21,"url":null,"entities":[{"id":"Q3517900","type":"wikidata"}]}],[]]]}