{"version":2,"table":{"version":2,"table_id":"OFMDHIZZ","columns":[{"index":0,"name":"col0","values":["Cecilie","Ernst Moritz Arndt","La Champagne","Prince of Wales","Brook","Saxonia","Hamburg"]},{"index":1,"name":"col1","values":["77.8","134.7","155","45.72","87.6","51.4","128"]},{"index":2,"name":"col2","values":["","17.4","15.76","8.53","13.21","4.93","16.6"]},{"index":3,"name":"col3","values":["1.48","8.5","","3.05","5.42","",""]}]},"context":{"version":3,"page_title":null,"page_url":null,"entities":[],"literals":[],"content_hierarchy":[]},"links":[[[{"version":2,"start":0,"end":7,"url":null,"entities":[{"id":"Q14548523","type":"wikidata"}]}],[],[],[]],[[{"version":2,"start":0,"end":18,"url":null,"entities":[{"id":"Q1359539","type":"wikidata"}]}],[],[],[]],[[{"version":2,"start":0,"end":12,"url":null,"entities":[{"id":"Q1308076","type":"wikidata"}]}],[],[],[]],[[{"version":2,"start":0,"end":15,"url":null,"entities":[{"id":"Q2110356","type":"wikidata"}]}],[],[],[]],[[{"version":2,"start":0,"end":5,"url":null,"entities":[{"id":"Q928621","type":"wikidata"}]}],[],[],[]],[[{"version":2,"start":0,"end":7,"url":null,"entities":[{"id":"Q22968541","type":"wikidata"}]}],[],[],[]],[[{"version":2,"start":0,"end":7,"url":null,"entities":[{"id":"Q15819116","type":"wikidata"}]}],[],[],[]]]}