{"version":2,"table":{"version":2,"table_id":"OL66717L","columns":[{"index":0,"name":"col0","values":["As Vulf","l Judaydah","Jabal Zwbayd","An Nakhlh","l Mvthayl","Ar Rumum"]},{"index":1,"name":"col1","values":["1709.7079999999999","1220.778","2675.3099999999995","1268.061","2462.365","1964.144"]},{"index":2,"name":"col2","values":["2057.408","1897.056","3805.44","1054.0529999999999","751.225","2583.786"]}]},"context":{"version":3,"page_title":null,"page_url":null,"entities":[],"literals":[],"content_hierarchy":[]},"links":[[[{"version":2,"start":0,"end":7,"url":null,"entities":[{"id":"Q12225504","type":"wikidata"}]}],[],[]],[[{"version":2,"start":0,"end":10,"url":null,"entities":[{"id":"Q12225277","type":"wikidata"}]}],[],[]],[[{"version":2,"start":0,"end":12,"url":null,"entities":[{"id":"Q12226470","type":"wikidata"}]}],[],[]],[[{"version":2,"start":0,"end":9,"url":null,"entities":[{"id":"Q12225960","type":"wikidata"}]}],[],[]],[[{"version":2,"start":0,"end":9,"url":null,"entities":[{"id":"Q12225818","type":"wikidata"}]}],[],[]],[[{"version":2,"start":0,"end":8,"url":null,"entities":[{"id":"Q12225434","type":"wikidata"}]}],[],[]]]}