{"version":2,"table":{"version":2,"table_id":"OOBPI2WQ","columns":[{"index":0,"name":"col0","values":["selenium-71","selenium-70","selenium-69","selenium-68","selenium-66","selenium-65"]},{"index":1,"name":"col1","values":["-1","1","-1","1","1","-1"]}]},"context":{"version":3,"page_title":null,"page_url":null,"entities":[],"literals":[],"content_hierarchy":[]},"links":[[[{"version":2,"start":0,"end":11,"url":null,"entities":[{"id":"Q18845147","type":"wikidata"}]}],[]],[[{"version":2,"start":0,"end":11,"url":null,"entities":[{"id":"Q18845146","type":"wikidata"}]}],[]],[[{"version":2,"start":0,"end":11,"url":null,"entities":[{"id":"Q18845144","type":"wikidata"}]}],[]],[[{"version":2,"start":0,"end":11,"url":null,"entities":[{"id":"Q18845141","type":"wikidata"}]}],[]],[[{"version":2,"start":0,"end":11,"url":null,"entities":[{"id":"Q18845136","type":"wikidata"}]}],[]],[[{"version":2,"start":0,"end":11,"url":null,"entities":[{"id":"Q18845135","type":"wikidata"}]}],[]]]}