{"version":2,"table":{"version":2,"table_id":"OV9U0ONW","columns":[{"index":0,"name":"col0","values":["Valdosta metropolitan area","Utica–Rome Metropolitan Statistical Area","Upstate South Carolina"]},{"index":1,"name":"col1","values":["148126","292264","170243"]}]},"context":{"version":3,"page_title":null,"page_url":null,"entities":[],"literals":[],"content_hierarchy":[]},"links":[[[{"version":2,"start":0,"end":26,"url":null,"entities":[{"id":"Q7909460","type":"wikidata"}]}],[]],[[{"version":2,"start":0,"end":40,"url":null,"entities":[{"id":"Q7902769","type":"wikidata"}]}],[]],[[{"version":2,"start":0,"end":22,"url":null,"entities":[{"id":"Q7899317","type":"wikidata"}]}],[]]]}