{"version":2,"table":{"version":2,"table_id":"OXUOVSSI","columns":[{"index":0,"name":"col0","values":["Grintovec","Mount Temple","Mount Wrangell","Hochtor","Zugspitze","Piton des Neiges","Mount Etna"]},{"index":1,"name":"col1","values":["1706","1544","1711","1520","1746","3070","3357"]},{"index":2,"name":"col2","values":["first ascent","first ascent","first ascent","first ascent","first ascent","fastest climb","volcanic eruption"]}]},"context":{"version":3,"page_title":null,"page_url":null,"entities":[],"literals":[],"content_hierarchy":[]},"links":[[[{"version":2,"start":0,"end":9,"url":null,"entities":[{"id":"Q588460","type":"wikidata"}]}],[],[{"version":2,"start":0,"end":12,"url":null,"entities":[{"id":"Q1194369","type":"wikidata"}]}]],[[{"version":2,"start":0,"end":12,"url":null,"entities":[{"id":"Q493664","type":"wikidata"}]}],[],[{"version":2,"start":0,"end":12,"url":null,"entities":[{"id":"Q1194369","type":"wikidata"}]}]],[[{"version":2,"start":0,"end":14,"url":null,"entities":[{"id":"Q185847","type":"wikidata"}]}],[],[{"version":2,"start":0,"end":12,"url":null,"entities":[{"id":"Q1194369","type":"wikidata"}]}]],[[{"version":2,"start":0,"end":7,"url":null,"entities":[{"id":"Q120493","type":"wikidata"}]}],[],[{"version":2,"start":0,"end":12,"url":null,"entities":[{"id":"Q1194369","type":"wikidata"}]}]],[[{"version":2,"start":0,"end":9,"url":null,"entities":[{"id":"Q3375","type":"wikidata"}]}],[],[{"version":2,"start":0,"end":12,"url":null,"entities":[{"id":"Q1194369","type":"wikidata"}]}]],[[{"version":2,"start":0,"end":16,"url":null,"entities":[{"id":"Q1545452","type":"wikidata"}]}],[],[{"version":2,"start":0,"end":13,"url":null,"entities":[{"id":"Q38072305","type":"wikidata"}]}]],[[{"version":2,"start":0,"end":10,"url":null,"entities":[{"id":"Q16990","type":"wikidata"}]}],[],[{"version":2,"start":0,"end":17,"url":null,"entities":[{"id":"Q7692360","type":"wikidata"}]}]]]}