{"version":2,"table":{"version":2,"table_id":"P3QKL27O","columns":[{"index":0,"name":"col0","values":["Diptych of Federico da Montefeltro and Battista Sforza","Diptych of Areobindus Dagalaiphus Areobindus","Diptych with the Virgin and Child and the Donor Willem van Bibaut","ivory consular diptych of Areobindus","Virgin and Child with Rosary, St. Bernard with Cistercian Monk"]},{"index":1,"name":"col1","values":["double portrait","","religious art","","religious art"]},{"index":2,"name":"col2","values":["47","39","","34",""]},{"index":3,"name":"col3","values":["Uffizi Gallery","Musée de Cluny","Rijksmuseum","Room 501","Frick Art & Historical Center"]}]},"context":{"version":3,"page_title":null,"page_url":null,"entities":[],"literals":[],"content_hierarchy":[]},"links":[[[{"version":2,"start":0,"end":54,"url":null,"entities":[{"id":"Q1227359","type":"wikidata"}]}],[{"version":2,"start":0,"end":15,"url":null,"entities":[{"id":"Q19968941","type":"wikidata"}]}],[],[{"version":2,"start":0,"end":14,"url":null,"entities":[{"id":"Q51252","type":"wikidata"}]}]],[[{"version":2,"start":0,"end":44,"url":null,"entities":[{"id":"Q65953484","type":"wikidata"}]}],[],[],[{"version":2,"start":0,"end":14,"url":null,"entities":[{"id":"Q1124095","type":"wikidata"}]}]],[[{"version":2,"start":0,"end":65,"url":null,"entities":[{"id":"Q30061444","type":"wikidata"}]}],[{"version":2,"start":0,"end":13,"url":null,"entities":[{"id":"Q2864737","type":"wikidata"}]}],[],[{"version":2,"start":0,"end":11,"url":null,"entities":[{"id":"Q190804","type":"wikidata"}]}]],[[{"version":2,"start":0,"end":36,"url":null,"entities":[{"id":"Q87350248","type":"wikidata"}]}],[],[],[{"version":2,"start":0,"end":8,"url":null,"entities":[{"id":"Q17309943","type":"wikidata"}]}]],[[{"version":2,"start":0,"end":62,"url":null,"entities":[{"id":"Q58804907","type":"wikidata"}]}],[{"version":2,"start":0,"end":13,"url":null,"entities":[{"id":"Q2864737","type":"wikidata"}]}],[],[{"version":2,"start":0,"end":29,"url":null,"entities":[{"id":"Q3753155","type":"wikidata"}]}]]]}