{"version":2,"table":{"version":2,"table_id":"P48ED14C","columns":[{"index":0,"name":"col0","values":["Uruguay","Panama","Nouveau Monde","SS Reina del Mar","Pretoria Castle","Enchanted Isle","Melody"]},{"index":1,"name":"col1","values":["110","108","108","183.1","227.83","175.1","113.2"]}]},"context":{"version":3,"page_title":null,"page_url":null,"entities":[],"literals":[],"content_hierarchy":[]},"links":[[[{"version":2,"start":0,"end":7,"url":null,"entities":[{"id":"Q106239336","type":"wikidata"}]}],[]],[[{"version":2,"start":0,"end":6,"url":null,"entities":[{"id":"Q106232427","type":"wikidata"}]}],[]],[[{"version":2,"start":0,"end":13,"url":null,"entities":[{"id":"Q106232353","type":"wikidata"}]}],[]],[[{"version":2,"start":0,"end":16,"url":null,"entities":[{"id":"Q28233000","type":"wikidata"}]}],[]],[[{"version":2,"start":0,"end":15,"url":null,"entities":[{"id":"Q25393387","type":"wikidata"}]}],[]],[[{"version":2,"start":0,"end":14,"url":null,"entities":[{"id":"Q21196329","type":"wikidata"}]}],[]],[[{"version":2,"start":0,"end":6,"url":null,"entities":[{"id":"Q19952355","type":"wikidata"}]}],[]]]}