{"version":2,"table":{"version":2,"table_id":"PBRY5ZNE","columns":[{"index":0,"name":"col0","values":["The Bat","Flashback","Corkscrew","Tornado","Nemesis","Black Hole","Canyon Blaster"]},{"index":1,"name":"col1","values":["Kings Island","Six Flags Great America","Sandusky","Dyrehavsbakken","Alton Towers Resort","Alton Towers Resort","Adventuredome"]}]},"context":{"version":3,"page_title":null,"page_url":null,"entities":[],"literals":[],"content_hierarchy":[]},"links":[[[{"version":2,"start":0,"end":7,"url":null,"entities":[{"id":"Q1364392","type":"wikidata"}]}],[{"version":2,"start":0,"end":12,"url":null,"entities":[{"id":"Q953752","type":"wikidata"}]}]],[[{"version":2,"start":0,"end":9,"url":null,"entities":[{"id":"Q1427260","type":"wikidata"}]}],[{"version":2,"start":0,"end":23,"url":null,"entities":[{"id":"Q611275","type":"wikidata"}]}]],[[{"version":2,"start":0,"end":9,"url":null,"entities":[{"id":"Q1133019","type":"wikidata"}]}],[{"version":2,"start":0,"end":8,"url":null,"entities":[{"id":"Q608207","type":"wikidata"}]}]],[[{"version":2,"start":0,"end":7,"url":null,"entities":[{"id":"Q1415640","type":"wikidata"}]}],[{"version":2,"start":0,"end":14,"url":null,"entities":[{"id":"Q496893","type":"wikidata"}]}]],[[{"version":2,"start":0,"end":7,"url":null,"entities":[{"id":"Q1477806","type":"wikidata"}]}],[{"version":2,"start":0,"end":19,"url":null,"entities":[{"id":"Q443909","type":"wikidata"}]}]],[[{"version":2,"start":0,"end":10,"url":null,"entities":[{"id":"Q880298","type":"wikidata"}]}],[{"version":2,"start":0,"end":19,"url":null,"entities":[{"id":"Q443909","type":"wikidata"}]}]],[[{"version":2,"start":0,"end":14,"url":null,"entities":[{"id":"Q1033981","type":"wikidata"}]}],[{"version":2,"start":0,"end":13,"url":null,"entities":[{"id":"Q379978","type":"wikidata"}]}]]]}