{"version":2,"table":{"version":2,"table_id":"PCI01D16","columns":[{"index":0,"name":"col0","values":["Triacastela","Vilar de Santos","A Ramallosa","Vide","Vilanova","Padornelo"]},{"index":1,"name":"col1","values":["193","406","4790","389","47","100"]}]},"context":{"version":3,"page_title":null,"page_url":null,"entities":[],"literals":[],"content_hierarchy":[]},"links":[[[{"version":2,"start":0,"end":11,"url":null,"entities":[{"id":"Q12401397","type":"wikidata"}]}],[]],[[{"version":2,"start":0,"end":15,"url":null,"entities":[{"id":"Q12402163","type":"wikidata"}]}],[]],[[{"version":2,"start":0,"end":11,"url":null,"entities":[{"id":"Q3396519","type":"wikidata"}]}],[]],[[{"version":2,"start":0,"end":4,"url":null,"entities":[{"id":"Q12401869","type":"wikidata"}]}],[]],[[{"version":2,"start":0,"end":8,"url":null,"entities":[{"id":"Q20546842","type":"wikidata"}]}],[]],[[{"version":2,"start":0,"end":9,"url":null,"entities":[{"id":"Q2045981","type":"wikidata"}]}],[]]]}