{"version":2,"table":{"version":2,"table_id":"PCKF9RKE","columns":[{"index":0,"name":"col0","values":["Belt Plaque","Throne Pendant","Plaque","Pendant","Throne Pendant","Throne Pendant"]},{"index":1,"name":"col1","values":["11.75","9.84","7.94","3.18","10.16","9.84"]},{"index":2,"name":"col2","values":["5.4","5.72","9.53","2.86","5.08","6.35"]}]},"context":{"version":3,"page_title":null,"page_url":null,"entities":[],"literals":[],"content_hierarchy":[]},"links":[[[{"version":2,"start":0,"end":11,"url":null,"entities":[{"id":"Q111274709","type":"wikidata"}]}],[],[]],[[{"version":2,"start":0,"end":14,"url":null,"entities":[{"id":"Q111274696","type":"wikidata"}]}],[],[]],[[{"version":2,"start":0,"end":6,"url":null,"entities":[{"id":"Q111274692","type":"wikidata"}]}],[],[]],[[{"version":2,"start":0,"end":7,"url":null,"entities":[{"id":"Q111274691","type":"wikidata"}]}],[],[]],[[{"version":2,"start":0,"end":14,"url":null,"entities":[{"id":"Q111274660","type":"wikidata"}]}],[],[]],[[{"version":2,"start":0,"end":14,"url":null,"entities":[{"id":"Q111274659","type":"wikidata"}]}],[],[]]]}