{"version":2,"table":{"version":2,"table_id":"PCKSP8HD","columns":[{"index":0,"name":"col0","values":["Belcher Branch","Venice Branch","Wilcox County Library","Clearwater Branch","Northgate Branch Library"]},{"index":1,"name":"col1","values":["409 Charles St., Belcher, LA 71004","Venice Branch, 501 S. Venice Blvd., Venice, CA 90291-3440, USA","104 N. Broad Street, Abbeville, GA 31001","","10548 Fifth Ave. N.E., Seattle, WA 98125"]}]},"context":{"version":3,"page_title":null,"page_url":null,"entities":[],"literals":[],"content_hierarchy":[]},"links":[[[{"version":2,"start":0,"end":14,"url":null,"entities":[{"id":"Q69768987","type":"wikidata"}]}],[]],[[{"version":2,"start":0,"end":13,"url":null,"entities":[{"id":"Q61678281","type":"wikidata"}]}],[]],[[{"version":2,"start":0,"end":21,"url":null,"entities":[{"id":"Q69765503","type":"wikidata"}]}],[]],[[{"version":2,"start":0,"end":17,"url":null,"entities":[{"id":"Q85704286","type":"wikidata"}]}],[]],[[{"version":2,"start":0,"end":24,"url":null,"entities":[{"id":"Q69764573","type":"wikidata"}]}],[]]]}