[{"version":1,"nodes":[{"col_index":0,"label":"col0","id":0},{"col_index":1,"label":"col1","id":1},{"col_index":2,"label":"col2","id":2},{"abs_uri":"http://www.wikidata.org/entity/Q15145593","rel_uri":"wd:Q15145593","approximation":false,"readable_label":"tram line (Q15145593)","id":3}],"edges":[{"source":3,"target":0,"abs_uri":"http://www.w3.org/2000/01/rdf-schema#label","rel_uri":"rdfs:label","approximation":false,"readable_label":"rdfs:label","id":0},{"source":3,"target":1,"abs_uri":"http://www.wikidata.org/prop/P559","rel_uri":"p:P559","approximation":false,"readable_label":"terminus (P559)","id":1},{"source":3,"target":2,"abs_uri":"http://www.wikidata.org/prop/P930","rel_uri":"p:P930","approximation":false,"readable_label":"type of electrification (P930)","id":2}]}]