[{"version":1,"nodes":[{"col_index":0,"label":"col0","id":0},{"col_index":1,"label":"col1","id":1},{"col_index":2,"label":"col2","id":2},{"abs_uri":"http://www.wikidata.org/entity/Q18219090","rel_uri":"wd:Q18219090","approximation":false,"readable_label":"woodcut print (Q18219090)","id":3},{"abs_uri":"http://www.wikidata.org/entity/Q64689000","rel_uri":"wd:Q64689000","approximation":false,"readable_label":"testament (Q64689000)","id":4}],"edges":[{"source":3,"target":0,"abs_uri":"http://www.w3.org/2000/01/rdf-schema#label","rel_uri":"rdfs:label","approximation":false,"readable_label":"rdfs:label","id":0},{"source":4,"target":2,"abs_uri":"http://www.w3.org/2000/01/rdf-schema#label","rel_uri":"rdfs:label","approximation":false,"readable_label":"rdfs:label","id":1},{"source":3,"target":4,"abs_uri":"http://www.wikidata.org/prop/P144","rel_uri":"p:P144","approximation":false,"readable_label":"based on (P144)","id":2},{"source":3,"target":1,"abs_uri":"http://www.wikidata.org/prop/P2048","rel_uri":"p:P2048","approximation":false,"readable_label":"height (P2048)","id":3}]}]