{"version":"1.2","table":{"version":"2","table_id":"PQ8KLGG2","columns":[{"index":0,"name":"col0","values":["7th Panzer Division","6th Panzer Division (Wehrmacht)","5th Panzer Division (Wehrmacht)","24th Panzer Division","21st Infantry Division","5th SS Panzer Division Wiking","12th Infantry Division","1st Panzer Division","1st Mountain Division","44th Infantry Division","Panzer Lehr Division","4th Panzer Division (Wehrmacht)","319th Static Infantry Division","3rd Mountain Division","65 Infantry Division Granatieri di Savoia","132nd Infantry Division","206th Infantry Division","20th Panzer Division","2nd Panzer Division","3rd Panzer Division"]},{"index":1,"name":"col1","values":["Nazi Germany","Nazi Germany","Nazi Germany","Nazi Germany","Nazi Germany","German Army","Nazi Germany","Nazi Germany","Nazi Germany","Nazi Germany","Nazi Germany","Nazi Germany","Nazi Germany","Nazi Germany","Royal Italian Army","11th Army","Nazi Germany","Nazi Germany","Nazi Germany","Nazi Germany"]},{"index":2,"name":"col2","values":["World War II","World War II","World War II","World War II","World War II","World War II","World War II","World War II","World War II","World War II","World War II","World War II","World War II","World War II","World War II","World War II","World War II","World War II","World War II","World War II"]}]},"context":{"page_title":null,"page_url":null,"page_entity_id":null,"content_hierarchy":[]},"links":[[[{"start":0,"end":19,"url":null,"entity_id":"Q260811","candidates":[]}],[{"start":0,"end":12,"url":null,"entity_id":"Q7318","candidates":[]}],[{"start":0,"end":12,"url":null,"entity_id":"Q362","candidates":[]}]],[[{"start":0,"end":31,"url":null,"entity_id":"Q246313","candidates":[]}],[{"start":0,"end":12,"url":null,"entity_id":"Q7318","candidates":[]}],[{"start":0,"end":12,"url":null,"entity_id":"Q362","candidates":[]}]],[[{"start":0,"end":31,"url":null,"entity_id":"Q240033","candidates":[]}],[{"start":0,"end":12,"url":null,"entity_id":"Q7318","candidates":[]}],[{"start":0,"end":12,"url":null,"entity_id":"Q362","candidates":[]}]],[[{"start":0,"end":20,"url":null,"entity_id":"Q216909","candidates":[]}],[{"start":0,"end":12,"url":null,"entity_id":"Q7318","candidates":[]}],[{"start":0,"end":12,"url":null,"entity_id":"Q362","candidates":[]}]],[[{"start":0,"end":22,"url":null,"entity_id":"Q213010","candidates":[]}],[{"start":0,"end":12,"url":null,"entity_id":"Q7318","candidates":[]}],[{"start":0,"end":12,"url":null,"entity_id":"Q362","candidates":[]}]],[[{"start":0,"end":29,"url":null,"entity_id":"Q156170","candidates":[]}],[{"start":0,"end":11,"url":null,"entity_id":"Q701923","candidates":[]}],[{"start":0,"end":12,"url":null,"entity_id":"Q362","candidates":[]}]],[[{"start":0,"end":22,"url":null,"entity_id":"Q171780","candidates":[]}],[{"start":0,"end":12,"url":null,"entity_id":"Q7318","candidates":[]}],[{"start":0,"end":12,"url":null,"entity_id":"Q362","candidates":[]}]],[[{"start":0,"end":19,"url":null,"entity_id":"Q163385","candidates":[]}],[{"start":0,"end":12,"url":null,"entity_id":"Q7318","candidates":[]}],[{"start":0,"end":12,"url":null,"entity_id":"Q362","candidates":[]}]],[[{"start":0,"end":21,"url":null,"entity_id":"Q162567","candidates":[]}],[{"start":0,"end":12,"url":null,"entity_id":"Q7318","candidates":[]}],[{"start":0,"end":12,"url":null,"entity_id":"Q362","candidates":[]}]],[[{"start":0,"end":22,"url":null,"entity_id":"Q234339","candidates":[]}],[{"start":0,"end":12,"url":null,"entity_id":"Q7318","candidates":[]}],[{"start":0,"end":12,"url":null,"entity_id":"Q362","candidates":[]}]],[[{"start":0,"end":20,"url":null,"entity_id":"Q233763","candidates":[]}],[{"start":0,"end":12,"url":null,"entity_id":"Q7318","candidates":[]}],[{"start":0,"end":12,"url":null,"entity_id":"Q362","candidates":[]}]],[[{"start":0,"end":31,"url":null,"entity_id":"Q231032","candidates":[]}],[{"start":0,"end":12,"url":null,"entity_id":"Q7318","candidates":[]}],[{"start":0,"end":12,"url":null,"entity_id":"Q362","candidates":[]}]],[[{"start":0,"end":30,"url":null,"entity_id":"Q225033","candidates":[]}],[{"start":0,"end":12,"url":null,"entity_id":"Q7318","candidates":[]}],[{"start":0,"end":12,"url":null,"entity_id":"Q362","candidates":[]}]],[[{"start":0,"end":21,"url":null,"entity_id":"Q223203","candidates":[]}],[{"start":0,"end":12,"url":null,"entity_id":"Q7318","candidates":[]}],[{"start":0,"end":12,"url":null,"entity_id":"Q362","candidates":[]}]],[[{"start":0,"end":41,"url":null,"entity_id":"Q208813","candidates":[]}],[{"start":0,"end":18,"url":null,"entity_id":"Q2257793","candidates":[]}],[{"start":0,"end":12,"url":null,"entity_id":"Q362","candidates":[]}]],[[{"start":0,"end":23,"url":null,"entity_id":"Q184195","candidates":[]}],[{"start":0,"end":9,"url":null,"entity_id":"Q155434","candidates":[]}],[{"start":0,"end":12,"url":null,"entity_id":"Q362","candidates":[]}]],[[{"start":0,"end":23,"url":null,"entity_id":"Q212697","candidates":[]}],[{"start":0,"end":12,"url":null,"entity_id":"Q7318","candidates":[]}],[{"start":0,"end":12,"url":null,"entity_id":"Q362","candidates":[]}]],[[{"start":0,"end":20,"url":null,"entity_id":"Q211060","candidates":[]}],[{"start":0,"end":12,"url":null,"entity_id":"Q7318","candidates":[]}],[{"start":0,"end":12,"url":null,"entity_id":"Q362","candidates":[]}]],[[{"start":0,"end":19,"url":null,"entity_id":"Q210387","candidates":[]}],[{"start":0,"end":12,"url":null,"entity_id":"Q7318","candidates":[]}],[{"start":0,"end":12,"url":null,"entity_id":"Q362","candidates":[]}]],[[{"start":0,"end":19,"url":null,"entity_id":"Q201371","candidates":[]}],[{"start":0,"end":12,"url":null,"entity_id":"Q7318","candidates":[]}],[{"start":0,"end":12,"url":null,"entity_id":"Q362","candidates":[]}]]]}