{"version":"1.2","table":{"version":"2","table_id":"PRQ2SDGE","columns":[{"index":0,"name":"col0","values":["1999 Indian general election in Rasipuram Lok Sabha constituency","2009 Indian general election in Mumbai South Lok Sabha constituency","2009 Indian general election in Ratlam Lok Sabha constituency","2009 Indian general election in Rajgarh Lok Sabha constituency","2009 Indian general election in Guna Lok Sabha constituency","2004 Indian general election in Mavelikara Lok Sabha constituency","1999 Indian general election in Sirsa Lok Sabha constituency","1999 Indian general election in Hissar Lok Sabha constituency","2004 Indian general election in Mandvi Lok Sabha constituency","2004 Indian general election in Banaskantha Lok Sabha constituency","2009 Indian general election in Munger Lok Sabha constituency","2009 Indian general election in Banka Lok Sabha constituency","2009 Indian general election in Siwan Lok Sabha constituency","2004 Indian general election in Buxar Lok Sabha constituency","2004 Indian general election in Siwan Lok Sabha constituency","2014 Indian general election in Manipur","1999 Indian general election in Lakshadweep Lok Sabha constituency","1999 Indian general election in Daman And Diu Lok Sabha constituency","2004 Indian general election in Lakshadweep Lok Sabha constituency","2004 Indian general election in Daman And Diu Lok Sabha constituency"]},{"index":1,"name":"col1","values":["1998 Indian general election in Rasipuram Lok Sabha constituency","2004 Indian general election in Mumbai South Lok Sabha constituency","2004 Indian general election in Jhabua Lok Sabha constituency","2004 Indian general election in Rajgarh Lok Sabha constituency","2004 Indian general election in Guna Lok Sabha constituency","1999 Indian general election in Mavelikara Lok Sabha constituency","1998 Indian general election in Sirsa Lok Sabha constituency","1998 Indian general election in Hissar Lok Sabha constituency","1999 Indian general election in Mandvi Lok Sabha constituency","1999 Indian general election in Banaskantha Lok Sabha constituency","2004 Indian general election in Monghyr Lok Sabha constituency","2004 Indian general election in Banka Lok Sabha constituency","2004 Indian general election in Siwan Lok Sabha constituency","1999 Indian general election in Buxar Lok Sabha constituency","1999 Indian general election in Siwan Lok Sabha constituency","2009 Indian general election in Manipur","1998 Indian general election in Lakshadweep Lok Sabha constituency","1998 Indian general election in Daman And Diu Lok Sabha constituency","1999 Indian general election in Lakshadweep Lok Sabha constituency","1999 Indian general election in Daman And Diu Lok Sabha constituency"]},{"index":2,"name":"col2","values":["643060","641735","637481","650475","649981","644854","641063","646513","644814","642698","651601","652208","641918","649380","637549","640871","30174","51811","31820","55591"]},{"index":3,"name":"col3","values":["1999 Indian general election in Tamil Nadu","2009 Indian general election in Maharashtra","2009 Indian general election in Madhya Pradesh","2009 Indian general election in Madhya Pradesh","2009 Indian general election in Madhya Pradesh","2004 Indian general election in Kerala","1999 Indian general election in Haryana","1999 Indian general election in Haryana","2004 Indian general election in Gujarat","2004 Indian general election in Gujarat","2009 Indian general election in Bihar","2009 Indian general election in Bihar","2009 Indian general election in Bihar","2004 Indian general election in Bihar","2004 Indian general election in Bihar","2014 Indian general election","1999 Indian general election in Lakshadweep","1999 Indian general election in Daman & Diu","2004 Indian general election in Lakshadweep","2004 Indian general election in Daman & Diu"]}]},"context":{"page_title":null,"page_url":null,"page_entity_id":null,"content_hierarchy":[]},"links":[[[{"start":0,"end":64,"url":null,"entity_id":"Q64347705","candidates":[]}],[{"start":0,"end":64,"url":null,"entity_id":"Q64362674","candidates":[]}],[],[{"start":0,"end":42,"url":null,"entity_id":"Q6022507","candidates":[]}]],[[{"start":0,"end":67,"url":null,"entity_id":"Q64228576","candidates":[]}],[{"start":0,"end":67,"url":null,"entity_id":"Q64273666","candidates":[]}],[],[{"start":0,"end":43,"url":null,"entity_id":"Q6022431","candidates":[]}]],[[{"start":0,"end":61,"url":null,"entity_id":"Q64228511","candidates":[]}],[{"start":0,"end":61,"url":null,"entity_id":"Q64273645","candidates":[]}],[],[{"start":0,"end":46,"url":null,"entity_id":"Q6022415","candidates":[]}]],[[{"start":0,"end":62,"url":null,"entity_id":"Q64228503","candidates":[]}],[{"start":0,"end":62,"url":null,"entity_id":"Q64273615","candidates":[]}],[],[{"start":0,"end":46,"url":null,"entity_id":"Q6022415","candidates":[]}]],[[{"start":0,"end":59,"url":null,"entity_id":"Q64228044","candidates":[]}],[{"start":0,"end":59,"url":null,"entity_id":"Q64273543","candidates":[]}],[],[{"start":0,"end":46,"url":null,"entity_id":"Q6022415","candidates":[]}]],[[{"start":0,"end":65,"url":null,"entity_id":"Q64273511","candidates":[]}],[{"start":0,"end":65,"url":null,"entity_id":"Q64347427","candidates":[]}],[],[{"start":0,"end":38,"url":null,"entity_id":"Q6022402","candidates":[]}]],[[{"start":0,"end":60,"url":null,"entity_id":"Q64347370","candidates":[]}],[{"start":0,"end":60,"url":null,"entity_id":"Q64362408","candidates":[]}],[],[{"start":0,"end":39,"url":null,"entity_id":"Q6022377","candidates":[]}]],[[{"start":0,"end":61,"url":null,"entity_id":"Q64347369","candidates":[]}],[{"start":0,"end":61,"url":null,"entity_id":"Q64362407","candidates":[]}],[],[{"start":0,"end":39,"url":null,"entity_id":"Q6022377","candidates":[]}]],[[{"start":0,"end":61,"url":null,"entity_id":"Q64273170","candidates":[]}],[{"start":0,"end":61,"url":null,"entity_id":"Q64347359","candidates":[]}],[],[{"start":0,"end":39,"url":null,"entity_id":"Q6022361","candidates":[]}]],[[{"start":0,"end":66,"url":null,"entity_id":"Q64273120","candidates":[]}],[{"start":0,"end":66,"url":null,"entity_id":"Q64347348","candidates":[]}],[],[{"start":0,"end":39,"url":null,"entity_id":"Q6022361","candidates":[]}]],[[{"start":0,"end":61,"url":null,"entity_id":"Q64227844","candidates":[]}],[{"start":0,"end":62,"url":null,"entity_id":"Q64272998","candidates":[]}],[],[{"start":0,"end":37,"url":null,"entity_id":"Q6022339","candidates":[]}]],[[{"start":0,"end":60,"url":null,"entity_id":"Q64227841","candidates":[]}],[{"start":0,"end":60,"url":null,"entity_id":"Q64272988","candidates":[]}],[],[{"start":0,"end":37,"url":null,"entity_id":"Q6022339","candidates":[]}]],[[{"start":0,"end":60,"url":null,"entity_id":"Q64227824","candidates":[]}],[{"start":0,"end":60,"url":null,"entity_id":"Q64272894","candidates":[]}],[],[{"start":0,"end":37,"url":null,"entity_id":"Q6022339","candidates":[]}]],[[{"start":0,"end":60,"url":null,"entity_id":"Q64273017","candidates":[]}],[{"start":0,"end":60,"url":null,"entity_id":"Q64347314","candidates":[]}],[],[{"start":0,"end":37,"url":null,"entity_id":"Q6022336","candidates":[]}]],[[{"start":0,"end":60,"url":null,"entity_id":"Q64272894","candidates":[]}],[{"start":0,"end":60,"url":null,"entity_id":"Q64347280","candidates":[]}],[],[{"start":0,"end":37,"url":null,"entity_id":"Q6022336","candidates":[]}]],[[{"start":0,"end":39,"url":null,"entity_id":"Q17056115","candidates":[]}],[{"start":0,"end":39,"url":null,"entity_id":"Q6022440","candidates":[]}],[],[{"start":0,"end":28,"url":null,"entity_id":"Q3587169","candidates":[]}]],[[{"start":0,"end":66,"url":null,"entity_id":"Q64347902","candidates":[]}],[{"start":0,"end":66,"url":null,"entity_id":"Q64362903","candidates":[]}],[],[{"start":0,"end":43,"url":null,"entity_id":"Q64347158","candidates":[]}]],[[{"start":0,"end":68,"url":null,"entity_id":"Q64347889","candidates":[]}],[{"start":0,"end":68,"url":null,"entity_id":"Q64362891","candidates":[]}],[],[{"start":0,"end":43,"url":null,"entity_id":"Q64347157","candidates":[]}]],[[{"start":0,"end":66,"url":null,"entity_id":"Q64275175","candidates":[]}],[{"start":0,"end":66,"url":null,"entity_id":"Q64347902","candidates":[]}],[],[{"start":0,"end":43,"url":null,"entity_id":"Q64267550","candidates":[]}]],[[{"start":0,"end":68,"url":null,"entity_id":"Q64275140","candidates":[]}],[{"start":0,"end":68,"url":null,"entity_id":"Q64347889","candidates":[]}],[],[{"start":0,"end":43,"url":null,"entity_id":"Q64267543","candidates":[]}]]]}