{"version":"1.2","table":{"version":"2","table_id":"PTJ5LZ7E","columns":[{"index":0,"name":"col0","values":["Jogasaki Coast","Hōjō Beach","Jōdogahama","Sabishiro Beach","Tatamigaura in Iwami","Tanesashi Coast","Tagonoura","Kittiwake Coast","Orissa Coast","Kathiawar Coast","Pantai Balaikambang","Pantai Pasirtambakrejo","Pantai Pasirputih","Pantai Pedalen","Pantai Logending","Cassowary Coast","Nicolaj Nielsen Kyst","John Brown Kyst","Cripple Beach","Volquart Boon Kyst"]},{"index":1,"name":"col1","values":["Itō","Tateyama","Miyako","Misawa","Hamada","Hachinohe","Shizuoka Prefecture","Newfoundland and Labrador","Odisha","India","East Java","East Java","East Java","Central Java","Central Java","Indonesia","Avannaata","Avannaata","Avannaata","Sermersooq"]},{"index":2,"name":"col2","values":["Japan","Japan","Japan","Japan","Japan","Japan","Japan","Canada","India","India","Indonesia","Indonesia","Indonesia","Indonesia","Indonesia","Indonesia","Greenland","Greenland","Greenland","Greenland"]}]},"context":{"page_title":null,"page_url":null,"page_entity_id":null,"content_hierarchy":[]},"links":[[[{"start":0,"end":14,"url":null,"entity_id":"Q11425937","candidates":[]}],[{"start":0,"end":3,"url":null,"entity_id":"Q721163","candidates":[]}],[{"start":0,"end":5,"url":null,"entity_id":"Q17","candidates":[]}]],[[{"start":0,"end":10,"url":null,"entity_id":"Q11402174","candidates":[]}],[{"start":0,"end":8,"url":null,"entity_id":"Q646755","candidates":[]}],[{"start":0,"end":5,"url":null,"entity_id":"Q17","candidates":[]}]],[[{"start":0,"end":10,"url":null,"entity_id":"Q11271084","candidates":[]}],[{"start":0,"end":6,"url":null,"entity_id":"Q502981","candidates":[]}],[{"start":0,"end":5,"url":null,"entity_id":"Q17","candidates":[]}]],[[{"start":0,"end":15,"url":null,"entity_id":"Q11559743","candidates":[]}],[{"start":0,"end":6,"url":null,"entity_id":"Q496401","candidates":[]}],[{"start":0,"end":5,"url":null,"entity_id":"Q17","candidates":[]}]],[[{"start":0,"end":20,"url":null,"entity_id":"Q11587189","candidates":[]}],[{"start":0,"end":6,"url":null,"entity_id":"Q432055","candidates":[]}],[{"start":0,"end":5,"url":null,"entity_id":"Q17","candidates":[]}]],[[{"start":0,"end":15,"url":null,"entity_id":"Q7682565","candidates":[]}],[{"start":0,"end":9,"url":null,"entity_id":"Q191914","candidates":[]}],[{"start":0,"end":5,"url":null,"entity_id":"Q17","candidates":[]}]],[[{"start":0,"end":9,"url":null,"entity_id":"Q11576466","candidates":[]}],[{"start":0,"end":19,"url":null,"entity_id":"Q131320","candidates":[]}],[{"start":0,"end":5,"url":null,"entity_id":"Q17","candidates":[]}]],[[{"start":0,"end":15,"url":null,"entity_id":"Q24238858","candidates":[]}],[{"start":0,"end":25,"url":null,"entity_id":"Q2003","candidates":[]}],[{"start":0,"end":6,"url":null,"entity_id":"Q16","candidates":[]}]],[[{"start":0,"end":12,"url":null,"entity_id":"Q26780995","candidates":[]}],[{"start":0,"end":6,"url":null,"entity_id":"Q22048","candidates":[]}],[{"start":0,"end":5,"url":null,"entity_id":"Q668","candidates":[]}]],[[{"start":0,"end":15,"url":null,"entity_id":"Q26787462","candidates":[]}],[{"start":0,"end":5,"url":null,"entity_id":"Q668","candidates":[]}],[{"start":0,"end":5,"url":null,"entity_id":"Q668","candidates":[]}]],[[{"start":0,"end":19,"url":null,"entity_id":"Q26742803","candidates":[]}],[{"start":0,"end":9,"url":null,"entity_id":"Q3586","candidates":[]}],[{"start":0,"end":9,"url":null,"entity_id":"Q252","candidates":[]}]],[[{"start":0,"end":22,"url":null,"entity_id":"Q26742679","candidates":[]}],[{"start":0,"end":9,"url":null,"entity_id":"Q3586","candidates":[]}],[{"start":0,"end":9,"url":null,"entity_id":"Q252","candidates":[]}]],[[{"start":0,"end":17,"url":null,"entity_id":"Q26742678","candidates":[]}],[{"start":0,"end":9,"url":null,"entity_id":"Q3586","candidates":[]}],[{"start":0,"end":9,"url":null,"entity_id":"Q252","candidates":[]}]],[[{"start":0,"end":14,"url":null,"entity_id":"Q25109109","candidates":[]}],[{"start":0,"end":12,"url":null,"entity_id":"Q3557","candidates":[]}],[{"start":0,"end":9,"url":null,"entity_id":"Q252","candidates":[]}]],[[{"start":0,"end":16,"url":null,"entity_id":"Q25109095","candidates":[]}],[{"start":0,"end":12,"url":null,"entity_id":"Q3557","candidates":[]}],[{"start":0,"end":9,"url":null,"entity_id":"Q252","candidates":[]}]],[[{"start":0,"end":15,"url":null,"entity_id":"Q24989560","candidates":[]}],[{"start":0,"end":9,"url":null,"entity_id":"Q252","candidates":[]}],[{"start":0,"end":9,"url":null,"entity_id":"Q252","candidates":[]}]],[[{"start":0,"end":20,"url":null,"entity_id":"Q24844751","candidates":[]}],[{"start":0,"end":9,"url":null,"entity_id":"Q44593409","candidates":[]}],[{"start":0,"end":9,"url":null,"entity_id":"Q223","candidates":[]}]],[[{"start":0,"end":15,"url":null,"entity_id":"Q24842624","candidates":[]}],[{"start":0,"end":9,"url":null,"entity_id":"Q44593409","candidates":[]}],[{"start":0,"end":9,"url":null,"entity_id":"Q223","candidates":[]}]],[[{"start":0,"end":13,"url":null,"entity_id":"Q24842527","candidates":[]}],[{"start":0,"end":9,"url":null,"entity_id":"Q44593409","candidates":[]}],[{"start":0,"end":9,"url":null,"entity_id":"Q223","candidates":[]}]],[[{"start":0,"end":18,"url":null,"entity_id":"Q24819863","candidates":[]}],[{"start":0,"end":10,"url":null,"entity_id":"Q695387","candidates":[]}],[{"start":0,"end":9,"url":null,"entity_id":"Q223","candidates":[]}]]]}