{"version":"1.2","table":{"version":"2","table_id":"PU79HSY1","columns":[{"index":0,"name":"col0","values":["TZU","187 trassenbande","Psy 4 de la Rie","Gemelli DiVeusi","213","415","Tha Eastsiaz","Thg U.M.C.'s","Poor Righteous Teaches","Th Team","Rdw Fusion","Freestyle Feloowship","State Ptoperty","heodou Unit","The Ummch","995","Violadores del Vgrso","Arma Elanca","Big\"Clã Rappers","Fellas Oo-fi"]},{"index":1,"name":"col1","values":["Joelistics","Bonez MC","Soprano","Thema","Snoop Dogg","Richie Rich","Snoop Dogg","Haas G","Wise Intelligent","Clyde Carson","Money-B","Aceyalone","Beanie Sigel","Ghostface Killah","Q-Tip","El Chojin","Hate","Dash","Pedro Fernando","Pedro Fernando"]},{"index":2,"name":"col2","values":["Australian hip hop","gangsta rap","hip hop music","hip hop music","g-funk","West Coast hip hop","West Coast hip hop","hip hop music","hip hop music","hip hop music","hip hop music","hip hop music","hip hop music","hip hop music","hip hop music","Spanish hip hop","hip hop music","hip hop music","contemporary R&B","hip hop music"]},{"index":3,"name":"col3","values":["Australia","Germany","France","Italy","United States of America","United States of America","United States of America","United States of America","United States of America","United States of America","United States of America","United States of America","United States of America","United States of America","United States of America","Spain","Spain","Spain","Angola","Angola"]}]},"context":{"page_title":null,"page_url":null,"page_entity_id":null,"content_hierarchy":[]},"links":[[[{"start":0,"end":3,"url":null,"entity_id":"Q7672612","candidates":[]}],[{"start":0,"end":10,"url":null,"entity_id":"Q6214133","candidates":[]}],[{"start":0,"end":18,"url":null,"entity_id":"Q783243","candidates":[]}],[{"start":0,"end":9,"url":null,"entity_id":"Q408","candidates":[]}]],[[{"start":0,"end":16,"url":null,"entity_id":"Q19833921","candidates":[]}],[{"start":0,"end":8,"url":null,"entity_id":"Q2662960","candidates":[]}],[{"start":0,"end":11,"url":null,"entity_id":"Q753679","candidates":[]}],[{"start":0,"end":7,"url":null,"entity_id":"Q183","candidates":[]}]],[[{"start":0,"end":15,"url":null,"entity_id":"Q531961","candidates":[]}],[{"start":0,"end":7,"url":null,"entity_id":"Q1372291","candidates":[]}],[{"start":0,"end":13,"url":null,"entity_id":"Q11401","candidates":[]}],[{"start":0,"end":6,"url":null,"entity_id":"Q142","candidates":[]}]],[[{"start":0,"end":15,"url":null,"entity_id":"Q1431526","candidates":[]}],[{"start":0,"end":5,"url":null,"entity_id":"Q3990201","candidates":[]}],[{"start":0,"end":13,"url":null,"entity_id":"Q11401","candidates":[]}],[{"start":0,"end":5,"url":null,"entity_id":"Q38","candidates":[]}]],[[{"start":0,"end":3,"url":null,"entity_id":"Q47021","candidates":[]}],[{"start":0,"end":10,"url":null,"entity_id":"Q6096","candidates":[]}],[{"start":0,"end":6,"url":null,"entity_id":"Q1045541","candidates":[]}],[{"start":0,"end":24,"url":null,"entity_id":"Q30","candidates":[]}]],[[{"start":0,"end":3,"url":null,"entity_id":"Q4637553","candidates":[]}],[{"start":0,"end":11,"url":null,"entity_id":"Q735019","candidates":[]}],[{"start":0,"end":18,"url":null,"entity_id":"Q429264","candidates":[]}],[{"start":0,"end":24,"url":null,"entity_id":"Q30","candidates":[]}]],[[{"start":0,"end":12,"url":null,"entity_id":"Q1320492","candidates":[]}],[{"start":0,"end":10,"url":null,"entity_id":"Q6096","candidates":[]}],[{"start":0,"end":18,"url":null,"entity_id":"Q429264","candidates":[]}],[{"start":0,"end":24,"url":null,"entity_id":"Q30","candidates":[]}]],[[{"start":0,"end":12,"url":null,"entity_id":"Q7771011","candidates":[]}],[{"start":0,"end":6,"url":null,"entity_id":"Q18098194","candidates":[]}],[{"start":0,"end":13,"url":null,"entity_id":"Q11401","candidates":[]}],[{"start":0,"end":24,"url":null,"entity_id":"Q30","candidates":[]}]],[[{"start":0,"end":22,"url":null,"entity_id":"Q7193300","candidates":[]}],[{"start":0,"end":16,"url":null,"entity_id":"Q17110490","candidates":[]}],[{"start":0,"end":13,"url":null,"entity_id":"Q11401","candidates":[]}],[{"start":0,"end":24,"url":null,"entity_id":"Q30","candidates":[]}]],[[{"start":0,"end":7,"url":null,"entity_id":"Q7768198","candidates":[]}],[{"start":0,"end":12,"url":null,"entity_id":"Q16202376","candidates":[]}],[{"start":0,"end":13,"url":null,"entity_id":"Q11401","candidates":[]}],[{"start":0,"end":24,"url":null,"entity_id":"Q30","candidates":[]}]],[[{"start":0,"end":10,"url":null,"entity_id":"Q7296870","candidates":[]}],[{"start":0,"end":7,"url":null,"entity_id":"Q6899063","candidates":[]}],[{"start":0,"end":13,"url":null,"entity_id":"Q11401","candidates":[]}],[{"start":0,"end":24,"url":null,"entity_id":"Q30","candidates":[]}]],[[{"start":0,"end":20,"url":null,"entity_id":"Q3087372","candidates":[]}],[{"start":0,"end":9,"url":null,"entity_id":"Q943219","candidates":[]}],[{"start":0,"end":13,"url":null,"entity_id":"Q11401","candidates":[]}],[{"start":0,"end":24,"url":null,"entity_id":"Q30","candidates":[]}]],[[{"start":0,"end":14,"url":null,"entity_id":"Q7603475","candidates":[]}],[{"start":0,"end":12,"url":null,"entity_id":"Q516716","candidates":[]}],[{"start":0,"end":13,"url":null,"entity_id":"Q11401","candidates":[]}],[{"start":0,"end":24,"url":null,"entity_id":"Q30","candidates":[]}]],[[{"start":0,"end":11,"url":null,"entity_id":"Q7782079","candidates":[]}],[{"start":0,"end":16,"url":null,"entity_id":"Q323463","candidates":[]}],[{"start":0,"end":13,"url":null,"entity_id":"Q11401","candidates":[]}],[{"start":0,"end":24,"url":null,"entity_id":"Q30","candidates":[]}]],[[{"start":0,"end":9,"url":null,"entity_id":"Q7771257","candidates":[]}],[{"start":0,"end":5,"url":null,"entity_id":"Q42025","candidates":[]}],[{"start":0,"end":13,"url":null,"entity_id":"Q11401","candidates":[]}],[{"start":0,"end":24,"url":null,"entity_id":"Q30","candidates":[]}]],[[{"start":0,"end":3,"url":null,"entity_id":"Q5653143","candidates":[]}],[{"start":0,"end":9,"url":null,"entity_id":"Q3820716","candidates":[]}],[{"start":0,"end":15,"url":null,"entity_id":"Q2258450","candidates":[]}],[{"start":0,"end":5,"url":null,"entity_id":"Q29","candidates":[]}]],[[{"start":0,"end":20,"url":null,"entity_id":"Q3055449","candidates":[]}],[{"start":0,"end":4,"url":null,"entity_id":"Q9002234","candidates":[]}],[{"start":0,"end":13,"url":null,"entity_id":"Q11401","candidates":[]}],[{"start":0,"end":5,"url":null,"entity_id":"Q29","candidates":[]}]],[[{"start":0,"end":11,"url":null,"entity_id":"Q2861679","candidates":[]}],[{"start":0,"end":4,"url":null,"entity_id":"Q5799617","candidates":[]}],[{"start":0,"end":13,"url":null,"entity_id":"Q11401","candidates":[]}],[{"start":0,"end":5,"url":null,"entity_id":"Q29","candidates":[]}]],[[{"start":0,"end":15,"url":null,"entity_id":"Q37714749","candidates":[]}],[{"start":0,"end":14,"url":null,"entity_id":"Q30201990","candidates":[]}],[{"start":0,"end":16,"url":null,"entity_id":"Q850412","candidates":[]}],[{"start":0,"end":6,"url":null,"entity_id":"Q916","candidates":[]}]],[[{"start":0,"end":12,"url":null,"entity_id":"Q65028759","candidates":[]}],[{"start":0,"end":14,"url":null,"entity_id":"Q30201990","candidates":[]}],[{"start":0,"end":13,"url":null,"entity_id":"Q11401","candidates":[]}],[{"start":0,"end":6,"url":null,"entity_id":"Q916","candidates":[]}]]]}