{"version":"1.2","table":{"version":"2","table_id":"PUBN5CE9","columns":[{"index":0,"name":"col0","values":["VRS_16","VRS_15","VRS_14","VRS_13","VRS_12","VRS_11","VRS_10","VRS_09","VRS_08","VRS_07","VRS_06","VRS_05","VRS_04","VRS_03","VRS_02","VRS_01","PA_1376","Het kompas","untitled","courtyard fountain school house Stapfenacker"]},{"index":1,"name":"col1","values":["France","France","France","France","France","France","France","France","France","France","France","France","France","France","France","France","France","Netherlands","Switzerland","Switzerland"]},{"index":2,"name":"col2","values":["2017-01-01","2017-01-01","2017-01-01","2017-01-01","2017-01-01","2017-01-01","2017-01-01","2017-01-01","2017-01-01","2017-01-01","2017-01-01","2017-01-01","2017-01-01","2017-01-01","2017-01-01","2017-01-01","2018-01-01","2006-01-01","1952-01-01","1936-01-01"]}]},"context":{"page_title":null,"page_url":null,"page_entity_id":null,"content_hierarchy":[]},"links":[[[{"start":0,"end":6,"url":null,"entity_id":"Q63027488","candidates":[]}],[{"start":0,"end":6,"url":null,"entity_id":"Q142","candidates":[]}],[]],[[{"start":0,"end":6,"url":null,"entity_id":"Q63027486","candidates":[]}],[{"start":0,"end":6,"url":null,"entity_id":"Q142","candidates":[]}],[]],[[{"start":0,"end":6,"url":null,"entity_id":"Q63027483","candidates":[]}],[{"start":0,"end":6,"url":null,"entity_id":"Q142","candidates":[]}],[]],[[{"start":0,"end":6,"url":null,"entity_id":"Q63027482","candidates":[]}],[{"start":0,"end":6,"url":null,"entity_id":"Q142","candidates":[]}],[]],[[{"start":0,"end":6,"url":null,"entity_id":"Q63027481","candidates":[]}],[{"start":0,"end":6,"url":null,"entity_id":"Q142","candidates":[]}],[]],[[{"start":0,"end":6,"url":null,"entity_id":"Q63027480","candidates":[]}],[{"start":0,"end":6,"url":null,"entity_id":"Q142","candidates":[]}],[]],[[{"start":0,"end":6,"url":null,"entity_id":"Q63027479","candidates":[]}],[{"start":0,"end":6,"url":null,"entity_id":"Q142","candidates":[]}],[]],[[{"start":0,"end":6,"url":null,"entity_id":"Q63027477","candidates":[]}],[{"start":0,"end":6,"url":null,"entity_id":"Q142","candidates":[]}],[]],[[{"start":0,"end":6,"url":null,"entity_id":"Q63027476","candidates":[]}],[{"start":0,"end":6,"url":null,"entity_id":"Q142","candidates":[]}],[]],[[{"start":0,"end":6,"url":null,"entity_id":"Q63027474","candidates":[]}],[{"start":0,"end":6,"url":null,"entity_id":"Q142","candidates":[]}],[]],[[{"start":0,"end":6,"url":null,"entity_id":"Q63027473","candidates":[]}],[{"start":0,"end":6,"url":null,"entity_id":"Q142","candidates":[]}],[]],[[{"start":0,"end":6,"url":null,"entity_id":"Q63027472","candidates":[]}],[{"start":0,"end":6,"url":null,"entity_id":"Q142","candidates":[]}],[]],[[{"start":0,"end":6,"url":null,"entity_id":"Q63027471","candidates":[]}],[{"start":0,"end":6,"url":null,"entity_id":"Q142","candidates":[]}],[]],[[{"start":0,"end":6,"url":null,"entity_id":"Q63027470","candidates":[]}],[{"start":0,"end":6,"url":null,"entity_id":"Q142","candidates":[]}],[]],[[{"start":0,"end":6,"url":null,"entity_id":"Q63027468","candidates":[]}],[{"start":0,"end":6,"url":null,"entity_id":"Q142","candidates":[]}],[]],[[{"start":0,"end":6,"url":null,"entity_id":"Q63026121","candidates":[]}],[{"start":0,"end":6,"url":null,"entity_id":"Q142","candidates":[]}],[]],[[{"start":0,"end":7,"url":null,"entity_id":"Q62011726","candidates":[]}],[{"start":0,"end":6,"url":null,"entity_id":"Q142","candidates":[]}],[]],[[{"start":0,"end":10,"url":null,"entity_id":"Q57599096","candidates":[]}],[{"start":0,"end":11,"url":null,"entity_id":"Q55","candidates":[]}],[]],[[{"start":0,"end":8,"url":null,"entity_id":"Q64683023","candidates":[]}],[{"start":0,"end":11,"url":null,"entity_id":"Q39","candidates":[]}],[]],[[{"start":0,"end":44,"url":null,"entity_id":"Q56037467","candidates":[]}],[{"start":0,"end":11,"url":null,"entity_id":"Q39","candidates":[]}],[]]]}