{"version":"1.2","table":{"version":"2","table_id":"PWNRGOJ5","columns":[{"index":0,"name":"col0","values":["The Beatles","The Beatles","Elvis Presley","Elvis Presley","Elvis Presley","Michael Jackson","Michael Jackson","Michael Jackson","Michael Jackson","Michael Jackson","Elton John","Elton John","Madonna","Madonna","Madonna","Led Zeppelin","Led Zeppelin","Led Zeppelin","Rihanna","Rihanna","Rihanna","Rihanna","Rihanna","Rihanna","Rihanna","Rihanna","Pink Floyd","Pink Floyd"]},{"index":1,"name":"col1","values":["United Kingdom","United Kingdom","United States","United States","United States","United States","United States","United States","United States","United States","United Kingdom","United Kingdom","United States","United States","United States","United Kingdom","United Kingdom","United Kingdom","Barbados","Barbados","Barbados","Barbados","United States","United States","United States","United States","United Kingdom","United Kingdom"]},{"index":2,"name":"col2","values":["1960–1970","1960–1970","1954–1977","1954–1977","1954–1977","1964–2009","1964–2009","1964–2009","1964–2009","1964–2009","1964–present","1964–present","1979–present","1979–present","1979–present","1968–1980","1968–1980","1968–1980","2005–present","2005–present","2005–present","2005–present","2005–present","2005–present","2005–present","2005–present","1965–1996, 2014","1965–1996, 2014"]},{"index":3,"name":"col3","values":["1962","1962","1954","1954","1954","1971","1971","1971","1971","1971","1969","1969","1982","1982","1982","1969","1969","1969","2005","2005","2005","2005","2005","2005","2005","2005","1967","1967"]},{"index":4,"name":"col4","values":["Rock","Pop","Rock and roll","Pop","Country","Pop","Rock","Dance","Soul","R&B","Pop","Rock","Pop","Dance","Electronica","Hard rock","Blues rock","Folk rock","R&B","Pop","Dance","Hip-hop","R&B","Pop","Dance","Hip-hop","Progressive rock","Psychedelic rock"]},{"index":5,"name":"col5","values":["Total available certified units: 278.4 million","Total available certified units: 278.4 million","Total available certified units: 225.2 million","Total available certified units: 225.2 million","Total available certified units: 225.2 million","Total available certified units: 231.8 million","Total available certified units: 231.8 million","Total available certified units: 231.8 million","Total available certified units: 231.8 million","Total available certified units: 231.8 million","Total available certified units: 186.3 million","Total available certified units: 186.3 million","Total available certified units: 173.6 million","Total available certified units: 173.6 million","Total available certified units: 173.6 million","Total available certified units: 140.2 million","Total available certified units: 140.2 million","Total available certified units: 140.2 million","Total available certified units: 272.2 million","Total available certified units: 272.2 million","Total available certified units: 272.2 million","Total available certified units: 272.2 million","Total available certified units: 272.2 million","Total available certified units: 272.2 million","Total available certified units: 272.2 million","Total available certified units: 272.2 million","Total available certified units: 120.9 million","Total available certified units: 120.9 million"]},{"index":6,"name":"col6","values":["550 million","550 million","550 million","550 million","550 million","325 million","325 million","325 million","325 million","325 million","275 million","275 million","287.5 million","287.5 million","287.5 million","250 million","250 million","250 million","240 million","240 million","240 million","240 million","240 million","240 million","240 million","240 million","225 million","225 million"]}]},"context":{"page_title":null,"page_url":null,"page_entity_id":null,"content_hierarchy":[]},"links":[[[],[],[],[],[],[],[]],[[],[],[],[],[],[],[]],[[],[],[],[],[],[],[]],[[],[],[],[],[],[],[]],[[],[],[],[],[],[],[]],[[],[],[],[],[],[],[]],[[],[],[],[],[],[],[]],[[],[],[],[],[],[],[]],[[],[],[],[],[],[],[]],[[],[],[],[],[],[],[]],[[],[],[],[],[],[],[]],[[],[],[],[],[],[],[]],[[],[],[],[],[],[],[]],[[],[],[],[],[],[],[]],[[],[],[],[],[],[],[]],[[],[],[],[],[],[],[]],[[],[],[],[],[],[],[]],[[],[],[],[],[],[],[]],[[],[],[],[],[],[],[]],[[],[],[],[],[],[],[]],[[],[],[],[],[],[],[]],[[],[],[],[],[],[],[]],[[],[],[],[],[],[],[]],[[],[],[],[],[],[],[]],[[],[],[],[],[],[],[]],[[],[],[],[],[],[],[]],[[],[],[],[],[],[],[]],[[],[],[],[],[],[],[]]]}