{"version":"1.2","table":{"version":"2","table_id":"PX9XP4IC","columns":[{"index":0,"name":"col0","values":["Diogène by Paul Joostens","Non-Objective Composition","Non-Objective Composition","Non-Objective Composition","Non-Objective Composition","Non-Objective Composition","Non-Objective Composition","Non-Objective Composition","Oblique","Stymphalian Birds","Bottle of Rum and Newspaper","Coffee Grinder, Cup and Glass on a Table","Beasts of the Sea","Violon and Pipe","Still life with the caned chair","Just what is it that makes today's homes so different, so appealing?","Leda without Swan","Courthouse Littenstraße","The Wall in Twilight","Ernestine Souvenir"]},{"index":1,"name":"col1","values":["29.3","14.4","13.2","12.7","9.5","10.5","9.9","15","77","147","46.2","29","154","106","35","25","498","498","8650","17.5"]},{"index":2,"name":"col2","values":["21.7","19.1","9.8","19.5","17","16.6","13.9","22.5","78","104","54.8","46","295.5","74","27","26","355","420","1050","30"]}]},"context":{"page_title":null,"page_url":null,"page_entity_id":null,"content_hierarchy":[]},"links":[[[{"start":0,"end":24,"url":null,"entity_id":"Q57314120","candidates":[]}],[],[]],[[{"start":0,"end":25,"url":null,"entity_id":"Q28275945","candidates":[]}],[],[]],[[{"start":0,"end":25,"url":null,"entity_id":"Q28160697","candidates":[]}],[],[]],[[{"start":0,"end":25,"url":null,"entity_id":"Q28152774","candidates":[]}],[],[]],[[{"start":0,"end":25,"url":null,"entity_id":"Q28147483","candidates":[]}],[],[]],[[{"start":0,"end":25,"url":null,"entity_id":"Q28125746","candidates":[]}],[],[]],[[{"start":0,"end":25,"url":null,"entity_id":"Q28124111","candidates":[]}],[],[]],[[{"start":0,"end":25,"url":null,"entity_id":"Q28123578","candidates":[]}],[],[]],[[{"start":0,"end":7,"url":null,"entity_id":"Q23012051","candidates":[]}],[],[]],[[{"start":0,"end":17,"url":null,"entity_id":"Q22661775","candidates":[]}],[],[]],[[{"start":0,"end":27,"url":null,"entity_id":"Q19868517","candidates":[]}],[],[]],[[{"start":0,"end":40,"url":null,"entity_id":"Q18687777","candidates":[]}],[],[]],[[{"start":0,"end":17,"url":null,"entity_id":"Q4876888","candidates":[]}],[],[]],[[{"start":0,"end":15,"url":null,"entity_id":"Q3560490","candidates":[]}],[],[]],[[{"start":0,"end":31,"url":null,"entity_id":"Q3337122","candidates":[]}],[],[]],[[{"start":0,"end":68,"url":null,"entity_id":"Q3190307","candidates":[]}],[],[]],[[{"start":0,"end":17,"url":null,"entity_id":"Q67860803","candidates":[]}],[],[]],[[{"start":0,"end":23,"url":null,"entity_id":"Q67860800","candidates":[]}],[],[]],[[{"start":0,"end":20,"url":null,"entity_id":"Q67173062","candidates":[]}],[],[]],[[{"start":0,"end":18,"url":null,"entity_id":"Q63194655","candidates":[]}],[],[]]]}