{"version":"1.2","table":{"version":"2","table_id":"PYDN50I1","columns":[{"index":0,"name":"col0","values":["Essendon West","Essendon","Essendon North","Elwood","Alphington","Low Head","Kensington","Werribee","Warrandyte","Mount Gravatt","Toorak","Claremont","Eltham","East Albury","Thebarton","Regents Park","Lavington","Ascot","Austins Ferry","Leichhardt"]},{"index":1,"name":"col1","values":["1439","20596","2987","15543","5080","572","10812","40345","5502","3366","12909","7750","18314","6098","1431","4926","12472","5777","2251","14625"]},{"index":2,"name":"col2","values":["687","9839","1420","7309","2410","280","5216","19796","2768","1645","5941","3692","8854","2879","724","2470","6007","2748","1101","7017"]},{"index":3,"name":"col3","values":["9","47","65","9","36","10","29","27","83","49","55","17","66","179","22","23","182","30","9","1"]}]},"context":{"page_title":null,"page_url":null,"page_entity_id":null,"content_hierarchy":[]},"links":[[[{"start":0,"end":13,"url":null,"entity_id":"Q1368695","candidates":[]}],[],[],[]],[[{"start":0,"end":8,"url":null,"entity_id":"Q1368694","candidates":[]}],[],[],[]],[[{"start":0,"end":14,"url":null,"entity_id":"Q1368687","candidates":[]}],[],[],[]],[[{"start":0,"end":6,"url":null,"entity_id":"Q1334377","candidates":[]}],[],[],[]],[[{"start":0,"end":10,"url":null,"entity_id":"Q2651034","candidates":[]}],[],[],[]],[[{"start":0,"end":8,"url":null,"entity_id":"Q2646672","candidates":[]}],[],[],[]],[[{"start":0,"end":10,"url":null,"entity_id":"Q2608078","candidates":[]}],[],[],[]],[[{"start":0,"end":8,"url":null,"entity_id":"Q2563357","candidates":[]}],[],[],[]],[[{"start":0,"end":10,"url":null,"entity_id":"Q2549639","candidates":[]}],[],[],[]],[[{"start":0,"end":13,"url":null,"entity_id":"Q2534564","candidates":[]}],[],[],[]],[[{"start":0,"end":6,"url":null,"entity_id":"Q2443083","candidates":[]}],[],[],[]],[[{"start":0,"end":9,"url":null,"entity_id":"Q2439907","candidates":[]}],[],[],[]],[[{"start":0,"end":6,"url":null,"entity_id":"Q2437209","candidates":[]}],[],[],[]],[[{"start":0,"end":11,"url":null,"entity_id":"Q2429446","candidates":[]}],[],[],[]],[[{"start":0,"end":9,"url":null,"entity_id":"Q2416373","candidates":[]}],[],[],[]],[[{"start":0,"end":12,"url":null,"entity_id":"Q2408864","candidates":[]}],[],[],[]],[[{"start":0,"end":9,"url":null,"entity_id":"Q2361945","candidates":[]}],[],[],[]],[[{"start":0,"end":5,"url":null,"entity_id":"Q2321177","candidates":[]}],[],[],[]],[[{"start":0,"end":13,"url":null,"entity_id":"Q2300970","candidates":[]}],[],[],[]],[[{"start":0,"end":10,"url":null,"entity_id":"Q2279903","candidates":[]}],[],[],[]]]}