{"version":"1.2","table":{"version":"2","table_id":"Q0R4BAZI","columns":[{"index":0,"name":"col0","values":["Albany","Alger","Grafton","Highland Falls","Tarrytown","East Aurora","Wellington","Chatham","Bosque Farms","South Nyack","Amelia","Elkton","Islamorada","Brooklyn Heights","Dresden","Lake Park","Baldwin","Ashville","Bailey's Prairie","Anoka"]},{"index":1,"name":"col1","values":["Eastern Time Zone","Eastern Time Zone","Eastern Time Zone","Eastern Time Zone","Eastern Time Zone","Eastern Time Zone","Eastern Time Zone","UTC−05:00","Mountain Time Zone","Eastern Time Zone","Eastern Time Zone","Eastern Time Zone","Eastern Time Zone","Eastern Time Zone","Eastern Time Zone","Eastern Time Zone","Eastern Time Zone","UTC−05:00","UTC−06:00","UTC−06:00"]},{"index":2,"name":"col2","values":["231","298","245","44","37","280","5","142","1483","22","267","195","1","234","226","209","261","216","9","502"]}]},"context":{"page_title":null,"page_url":null,"page_entity_id":null,"content_hierarchy":[]},"links":[[[{"start":0,"end":6,"url":null,"entity_id":"Q1030207","candidates":[]}],[{"start":0,"end":17,"url":null,"entity_id":"Q941023","candidates":[]}],[]],[[{"start":0,"end":5,"url":null,"entity_id":"Q1030204","candidates":[]}],[{"start":0,"end":17,"url":null,"entity_id":"Q941023","candidates":[]}],[]],[[{"start":0,"end":7,"url":null,"entity_id":"Q1028075","candidates":[]}],[{"start":0,"end":17,"url":null,"entity_id":"Q941023","candidates":[]}],[]],[[{"start":0,"end":14,"url":null,"entity_id":"Q1020598","candidates":[]}],[{"start":0,"end":17,"url":null,"entity_id":"Q941023","candidates":[]}],[]],[[{"start":0,"end":9,"url":null,"entity_id":"Q1020341","candidates":[]}],[{"start":0,"end":17,"url":null,"entity_id":"Q941023","candidates":[]}],[]],[[{"start":0,"end":11,"url":null,"entity_id":"Q1019210","candidates":[]}],[{"start":0,"end":17,"url":null,"entity_id":"Q941023","candidates":[]}],[]],[[{"start":0,"end":10,"url":null,"entity_id":"Q992652","candidates":[]}],[{"start":0,"end":17,"url":null,"entity_id":"Q941023","candidates":[]}],[]],[[{"start":0,"end":7,"url":null,"entity_id":"Q1000105","candidates":[]}],[{"start":0,"end":9,"url":null,"entity_id":"Q5390","candidates":[]}],[]],[[{"start":0,"end":12,"url":null,"entity_id":"Q894492","candidates":[]}],[{"start":0,"end":18,"url":null,"entity_id":"Q3134980","candidates":[]}],[]],[[{"start":0,"end":11,"url":null,"entity_id":"Q947688","candidates":[]}],[{"start":0,"end":17,"url":null,"entity_id":"Q941023","candidates":[]}],[]],[[{"start":0,"end":6,"url":null,"entity_id":"Q943559","candidates":[]}],[{"start":0,"end":17,"url":null,"entity_id":"Q941023","candidates":[]}],[]],[[{"start":0,"end":6,"url":null,"entity_id":"Q940632","candidates":[]}],[{"start":0,"end":17,"url":null,"entity_id":"Q941023","candidates":[]}],[]],[[{"start":0,"end":10,"url":null,"entity_id":"Q938815","candidates":[]}],[{"start":0,"end":17,"url":null,"entity_id":"Q941023","candidates":[]}],[]],[[{"start":0,"end":16,"url":null,"entity_id":"Q929578","candidates":[]}],[{"start":0,"end":17,"url":null,"entity_id":"Q941023","candidates":[]}],[]],[[{"start":0,"end":7,"url":null,"entity_id":"Q649432","candidates":[]}],[{"start":0,"end":17,"url":null,"entity_id":"Q941023","candidates":[]}],[]],[[{"start":0,"end":9,"url":null,"entity_id":"Q623567","candidates":[]}],[{"start":0,"end":17,"url":null,"entity_id":"Q941023","candidates":[]}],[]],[[{"start":0,"end":7,"url":null,"entity_id":"Q589094","candidates":[]}],[{"start":0,"end":17,"url":null,"entity_id":"Q941023","candidates":[]}],[]],[[{"start":0,"end":8,"url":null,"entity_id":"Q726559","candidates":[]}],[{"start":0,"end":9,"url":null,"entity_id":"Q5390","candidates":[]}],[]],[[{"start":0,"end":16,"url":null,"entity_id":"Q803838","candidates":[]}],[{"start":0,"end":9,"url":null,"entity_id":"Q5385","candidates":[]}],[]],[[{"start":0,"end":5,"url":null,"entity_id":"Q741907","candidates":[]}],[{"start":0,"end":9,"url":null,"entity_id":"Q5385","candidates":[]}],[]]]}