{"version":"1.2","table":{"version":"2","table_id":"Q1BTXIE2","columns":[{"index":0,"name":"col0","values":["Municipal Chamber of Belém","Town Hall of Monterrey","Town Hall of the City of Nezahualcóyotl","Town Hall of Zapopan","Town Hall of Ciudad Juarez","Regional Council of Tarapaca","Regional Council of O'Higgins","Regional Council of Maule","Regional Council of Magellan and Chilean Antarctic","Regional Council of Los Ríos","Regional Council of Los Lagos","Regional Council of Coquimbo","Regional Council of the Biobio","Regional Council of Aysen General Carlos Ibáñez del Campo","Regional Council of Atacama","Regional Council of Arica and Parinacota","Regional Council of La Araucanía","Regional Council of Antofagasta","Regional Council of Basilicata","Regional Council of Molise"]},{"index":1,"name":"col1","values":["35","29","20","21","18","14","16","20","14","14","16","16","27","14","14","14","20","16","21","21"]},{"index":2,"name":"col2","values":["0","0","0","0","0","2","4","4","4","2","4","3","6","4","3","2","3","3","2","2"]}]},"context":{"page_title":null,"page_url":null,"page_entity_id":null,"content_hierarchy":[]},"links":[[[{"start":0,"end":26,"url":null,"entity_id":"Q53934974","candidates":[]}],[],[]],[[{"start":0,"end":22,"url":null,"entity_id":"Q53547444","candidates":[]}],[],[]],[[{"start":0,"end":39,"url":null,"entity_id":"Q53547443","candidates":[]}],[],[]],[[{"start":0,"end":20,"url":null,"entity_id":"Q53547442","candidates":[]}],[],[]],[[{"start":0,"end":26,"url":null,"entity_id":"Q53547439","candidates":[]}],[],[]],[[{"start":0,"end":28,"url":null,"entity_id":"Q54830951","candidates":[]}],[],[]],[[{"start":0,"end":29,"url":null,"entity_id":"Q54830929","candidates":[]}],[],[]],[[{"start":0,"end":25,"url":null,"entity_id":"Q54830922","candidates":[]}],[],[]],[[{"start":0,"end":50,"url":null,"entity_id":"Q54830916","candidates":[]}],[],[]],[[{"start":0,"end":28,"url":null,"entity_id":"Q54830895","candidates":[]}],[],[]],[[{"start":0,"end":29,"url":null,"entity_id":"Q54830892","candidates":[]}],[],[]],[[{"start":0,"end":28,"url":null,"entity_id":"Q54830889","candidates":[]}],[],[]],[[{"start":0,"end":30,"url":null,"entity_id":"Q54830886","candidates":[]}],[],[]],[[{"start":0,"end":57,"url":null,"entity_id":"Q54830883","candidates":[]}],[],[]],[[{"start":0,"end":27,"url":null,"entity_id":"Q54830880","candidates":[]}],[],[]],[[{"start":0,"end":40,"url":null,"entity_id":"Q54830875","candidates":[]}],[],[]],[[{"start":0,"end":32,"url":null,"entity_id":"Q54830872","candidates":[]}],[],[]],[[{"start":0,"end":31,"url":null,"entity_id":"Q54830869","candidates":[]}],[],[]],[[{"start":0,"end":30,"url":null,"entity_id":"Q28670292","candidates":[]}],[],[]],[[{"start":0,"end":26,"url":null,"entity_id":"Q28670291","candidates":[]}],[],[]]]}