{"version":"1.2","table":{"version":"2","table_id":"Q1DM8DIB","columns":[{"index":0,"name":"col0","values":["Mosquero","Pascola","Mount Pleasant","Baltimore","Lynbrook","Angola","Almont","Nevada","Barada","Arthur","Hagåtña","Los Lunas","Reserve","Alexis","Chilo","Chagrin Falls","Malone","Monticello","Aberdeen","Bradford"]},{"index":1,"name":"col1","values":["Mountain Time Zone","Central Time Zone","Eastern Time Zone","Eastern Time Zone","Eastern Time Zone","Eastern Time Zone","Eastern Time Zone","Eastern Time Zone","UTC−06:00","UTC−06:00","Chamorro Time Zone","Mountain Time Zone","Mountain Time Zone","Central Time Zone","Eastern Time Zone","Eastern Time Zone","Eastern Time Zone","Eastern Time Zone","Eastern Time Zone","Eastern Time Zone"]},{"index":2,"name":"col2","values":["1704","81","378","263","6","209","259","283","342","202","0","1480","1760","699","152","306","217","461","157","301"]}]},"context":{"page_title":null,"page_url":null,"page_entity_id":null,"content_hierarchy":[]},"links":[[[{"start":0,"end":8,"url":null,"entity_id":"Q1860092","candidates":[]}],[{"start":0,"end":18,"url":null,"entity_id":"Q3134980","candidates":[]}],[]],[[{"start":0,"end":7,"url":null,"entity_id":"Q1875997","candidates":[]}],[{"start":0,"end":17,"url":null,"entity_id":"Q2086913","candidates":[]}],[]],[[{"start":0,"end":14,"url":null,"entity_id":"Q1892836","candidates":[]}],[{"start":0,"end":17,"url":null,"entity_id":"Q941023","candidates":[]}],[]],[[{"start":0,"end":9,"url":null,"entity_id":"Q1889293","candidates":[]}],[{"start":0,"end":17,"url":null,"entity_id":"Q941023","candidates":[]}],[]],[[{"start":0,"end":8,"url":null,"entity_id":"Q1878794","candidates":[]}],[{"start":0,"end":17,"url":null,"entity_id":"Q941023","candidates":[]}],[]],[[{"start":0,"end":6,"url":null,"entity_id":"Q1843821","candidates":[]}],[{"start":0,"end":17,"url":null,"entity_id":"Q941023","candidates":[]}],[]],[[{"start":0,"end":6,"url":null,"entity_id":"Q1842424","candidates":[]}],[{"start":0,"end":17,"url":null,"entity_id":"Q941023","candidates":[]}],[]],[[{"start":0,"end":6,"url":null,"entity_id":"Q1829995","candidates":[]}],[{"start":0,"end":17,"url":null,"entity_id":"Q941023","candidates":[]}],[]],[[{"start":0,"end":6,"url":null,"entity_id":"Q1882325","candidates":[]}],[{"start":0,"end":9,"url":null,"entity_id":"Q5385","candidates":[]}],[]],[[{"start":0,"end":6,"url":null,"entity_id":"Q1876997","candidates":[]}],[{"start":0,"end":9,"url":null,"entity_id":"Q5385","candidates":[]}],[]],[[{"start":0,"end":7,"url":null,"entity_id":"Q30988","candidates":[]}],[{"start":0,"end":18,"url":null,"entity_id":"Q3446496","candidates":[]}],[]],[[{"start":0,"end":9,"url":null,"entity_id":"Q549516","candidates":[]}],[{"start":0,"end":18,"url":null,"entity_id":"Q3134980","candidates":[]}],[]],[[{"start":0,"end":7,"url":null,"entity_id":"Q512561","candidates":[]}],[{"start":0,"end":18,"url":null,"entity_id":"Q3134980","candidates":[]}],[]],[[{"start":0,"end":6,"url":null,"entity_id":"Q295529","candidates":[]}],[{"start":0,"end":17,"url":null,"entity_id":"Q2086913","candidates":[]}],[]],[[{"start":0,"end":5,"url":null,"entity_id":"Q544633","candidates":[]}],[{"start":0,"end":17,"url":null,"entity_id":"Q941023","candidates":[]}],[]],[[{"start":0,"end":13,"url":null,"entity_id":"Q534836","candidates":[]}],[{"start":0,"end":17,"url":null,"entity_id":"Q941023","candidates":[]}],[]],[[{"start":0,"end":6,"url":null,"entity_id":"Q510021","candidates":[]}],[{"start":0,"end":17,"url":null,"entity_id":"Q941023","candidates":[]}],[]],[[{"start":0,"end":10,"url":null,"entity_id":"Q432255","candidates":[]}],[{"start":0,"end":17,"url":null,"entity_id":"Q941023","candidates":[]}],[]],[[{"start":0,"end":8,"url":null,"entity_id":"Q281150","candidates":[]}],[{"start":0,"end":17,"url":null,"entity_id":"Q941023","candidates":[]}],[]],[[{"start":0,"end":8,"url":null,"entity_id":"Q280278","candidates":[]}],[{"start":0,"end":17,"url":null,"entity_id":"Q941023","candidates":[]}],[]]]}