{"version":"1.2","table":{"version":"2","table_id":"Q6U1JIPR","columns":[{"index":0,"name":"col0","values":["Swimmiqg at the 2111 Summer Universiade","Fencing t the 217 Summer Unixersiade","Judo at the 2017 Summgr Universiade","Ejving at the 2017 Summer Universiade","Divjng at the 2011 Summer Universiade","Ski jumping at the 2017 Winter Uqiversiade","Ski jumping at the 201 Winter Universiade","Ski jumping at th 2013 Winter Universiade","Ski jumping at the 211 Winter Universiade","Ski jumping at the 2009 Winter Universjade","Basketall at the 2017 Summer Universiade","Baseball au the 2017 Summer Universiade","Football atthe 3017 Summer Universiade","Athletics at thg 2007 Summer Universiade","Athletics at the 1993 Supmer Universiade","Athletics at the 1959 Summer Universide","Athletics at the 1970\"Summer Universiade","Athletics at the 2009 Summer Universiadh","Athletics a the 2011 Summer Universiade","Billiards at the 2017!Summer Universiade"]},{"index":1,"name":"col1","values":["swimming","fencing","judo","diving","diving","ski jumping","ski jumping","ski jumping","ski jumping","ski jumping","basketball","baseball","association football","athletics","athletics","athletics","athletics","athletics","athletics","cue sports"]},{"index":2,"name":"col2","values":["2011/01/01","2017/01/01","2017/01/01","2017/01/01","2011/01/01","2017/01/01","2015/01/01","2013/01/01","2011/01/01","2009/01/01","2017/01/01","2017/01/01","2017/01/01","2007/01/01","1993/01/01","1959/01/01","1970/01/01","2009/01/01","2011/01/01","2017/01/01"]}]},"context":{"page_title":null,"page_url":null,"page_entity_id":null,"content_hierarchy":[]},"links":[[[{"start":0,"end":39,"url":null,"entity_id":"Q2634072","candidates":[]}],[{"start":0,"end":8,"url":null,"entity_id":"Q31920","candidates":[]}],[]],[[{"start":0,"end":36,"url":null,"entity_id":"Q30948067","candidates":[]}],[{"start":0,"end":7,"url":null,"entity_id":"Q12100","candidates":[]}],[]],[[{"start":0,"end":35,"url":null,"entity_id":"Q30949798","candidates":[]}],[{"start":0,"end":4,"url":null,"entity_id":"Q11420","candidates":[]}],[]],[[{"start":0,"end":37,"url":null,"entity_id":"Q30948068","candidates":[]}],[{"start":0,"end":6,"url":null,"entity_id":"Q7735","candidates":[]}],[]],[[{"start":0,"end":37,"url":null,"entity_id":"Q126013","candidates":[]}],[{"start":0,"end":6,"url":null,"entity_id":"Q7735","candidates":[]}],[]],[[{"start":0,"end":42,"url":null,"entity_id":"Q28504305","candidates":[]}],[{"start":0,"end":11,"url":null,"entity_id":"Q7718","candidates":[]}],[]],[[{"start":0,"end":41,"url":null,"entity_id":"Q18913242","candidates":[]}],[{"start":0,"end":11,"url":null,"entity_id":"Q7718","candidates":[]}],[]],[[{"start":0,"end":41,"url":null,"entity_id":"Q15298026","candidates":[]}],[{"start":0,"end":11,"url":null,"entity_id":"Q7718","candidates":[]}],[]],[[{"start":0,"end":41,"url":null,"entity_id":"Q1992616","candidates":[]}],[{"start":0,"end":11,"url":null,"entity_id":"Q7718","candidates":[]}],[]],[[{"start":0,"end":42,"url":null,"entity_id":"Q944683","candidates":[]}],[{"start":0,"end":11,"url":null,"entity_id":"Q7718","candidates":[]}],[]],[[{"start":0,"end":40,"url":null,"entity_id":"Q30945483","candidates":[]}],[{"start":0,"end":10,"url":null,"entity_id":"Q5372","candidates":[]}],[]],[[{"start":0,"end":39,"url":null,"entity_id":"Q30945475","candidates":[]}],[{"start":0,"end":8,"url":null,"entity_id":"Q5369","candidates":[]}],[]],[[{"start":0,"end":38,"url":null,"entity_id":"Q29904467","candidates":[]}],[{"start":0,"end":20,"url":null,"entity_id":"Q2736","candidates":[]}],[]],[[{"start":0,"end":40,"url":null,"entity_id":"Q2869271","candidates":[]}],[{"start":0,"end":9,"url":null,"entity_id":"Q542","candidates":[]}],[]],[[{"start":0,"end":40,"url":null,"entity_id":"Q2869248","candidates":[]}],[{"start":0,"end":9,"url":null,"entity_id":"Q542","candidates":[]}],[]],[[{"start":0,"end":39,"url":null,"entity_id":"Q2662736","candidates":[]}],[{"start":0,"end":9,"url":null,"entity_id":"Q542","candidates":[]}],[]],[[{"start":0,"end":40,"url":null,"entity_id":"Q2415442","candidates":[]}],[{"start":0,"end":9,"url":null,"entity_id":"Q542","candidates":[]}],[]],[[{"start":0,"end":40,"url":null,"entity_id":"Q2096634","candidates":[]}],[{"start":0,"end":9,"url":null,"entity_id":"Q542","candidates":[]}],[]],[[{"start":0,"end":39,"url":null,"entity_id":"Q1913848","candidates":[]}],[{"start":0,"end":9,"url":null,"entity_id":"Q542","candidates":[]}],[]],[[{"start":0,"end":40,"url":null,"entity_id":"Q30949835","candidates":[]}],[{"start":0,"end":10,"url":null,"entity_id":"Q3341285","candidates":[]}],[]]]}