{"version":"1.2","table":{"version":"2","table_id":"Q7W3R9MX","columns":[{"index":0,"name":"col0","values":["[PGM2013] 62717","2ASS J19411242+4013017","65 Pegavi","136 Taur","H 73045","HD 70846","V1229 Tu","Alpha2 Libae","Zeta2 Ursae Majrris","HF 109762","H 107935","HG 193495","HD 1;8459","HD 18759","HD 12724","HD 203483","HD 0958","58 Pscium","HD 3200","62 Ursae ajoris"]},{"index":1,"name":"col1","values":["16.1533","17.859299999999998","38.688","14.955","20.099999999999998","6.1366","36.963","59.004","61.30499999999999","39.6","151.2","0.0","151.04999999999998","25.792","95.57000000000001","75.3","47.7375","3.6667","6.8408","4.95"]},{"index":2,"name":"col2","values":["0.3516952","0.3710286","4.4966085","8.2917525","3.5111839999999996","3.0439556","7.300128","43.20212","40.8282336","5.137668000000001","10.187584","5.914010299999999","0.6838791","5.462948","3.14147","11.486437","37.668253","11.1035604","18.7961424","24.422303999999997"]}]},"context":{"page_title":null,"page_url":null,"page_entity_id":null,"content_hierarchy":[]},"links":[[[{"start":0,"end":15,"url":null,"entity_id":"Q78325155","candidates":[]}],[],[]],[[{"start":0,"end":22,"url":null,"entity_id":"Q78322554","candidates":[]}],[],[]],[[{"start":0,"end":9,"url":null,"entity_id":"Q15939296","candidates":[]}],[],[]],[[{"start":0,"end":8,"url":null,"entity_id":"Q14555256","candidates":[]}],[],[]],[[{"start":0,"end":7,"url":null,"entity_id":"Q12070101","candidates":[]}],[],[]],[[{"start":0,"end":8,"url":null,"entity_id":"Q12070023","candidates":[]}],[],[]],[[{"start":0,"end":8,"url":null,"entity_id":"Q12067922","candidates":[]}],[],[]],[[{"start":0,"end":12,"url":null,"entity_id":"Q12065240","candidates":[]}],[],[]],[[{"start":0,"end":19,"url":null,"entity_id":"Q12064840","candidates":[]}],[],[]],[[{"start":0,"end":9,"url":null,"entity_id":"Q12064635","candidates":[]}],[],[]],[[{"start":0,"end":8,"url":null,"entity_id":"Q12064593","candidates":[]}],[],[]],[[{"start":0,"end":9,"url":null,"entity_id":"Q11078478","candidates":[]}],[],[]],[[{"start":0,"end":9,"url":null,"entity_id":"Q10940902","candidates":[]}],[],[]],[[{"start":0,"end":8,"url":null,"entity_id":"Q10940891","candidates":[]}],[],[]],[[{"start":0,"end":8,"url":null,"entity_id":"Q10940707","candidates":[]}],[],[]],[[{"start":0,"end":9,"url":null,"entity_id":"Q10936671","candidates":[]}],[],[]],[[{"start":0,"end":7,"url":null,"entity_id":"Q10932323","candidates":[]}],[],[]],[[{"start":0,"end":9,"url":null,"entity_id":"Q10912593","candidates":[]}],[],[]],[[{"start":0,"end":7,"url":null,"entity_id":"Q10878878","candidates":[]}],[],[]],[[{"start":0,"end":15,"url":null,"entity_id":"Q10868437","candidates":[]}],[],[]]]}