{"version":"1.2","table":{"version":"2","table_id":"Q8O0K3VC","columns":[{"index":0,"name":"col0","values":["Maritim Hotelgesellschaft","Motel One","Dorint","Hand Picked Hotels","Ramada Jarvis","Crerar Hotels","ibis Hotels","Hotel F1","Sofitel","Stayokay","Pousadas de Portugal","Crowne Plaza","Holiday Inn","DoubleTree by Hilton","Hilton Worldwide","Hilton Hotels & Resorts","Drury Hotels","JW Marriott Hotels","Baymont by Wyndham","Sheraton Hotels and Resorts"]},{"index":1,"name":"col1","values":["Bad Salzuflen","Munich","Cologne","Sevenoaks","High Wycombe","Edinburgh","Évry","Issy-les-Moulineaux","Strasbourg","Amsterdam","Lisbon","Denham","Denham","McLean","McLean","McLean","Creve Coeur","Bethesda","Parsippany-Troy Hills","White Plains"]},{"index":2,"name":"col2","values":["Germany","Germany","Germany","United Kingdom","United Kingdom","United Kingdom","France","France","France","Netherlands","Portugal","United States of America","United States of America","United States of America","United States of America","United States of America","United States of America","United States of America","United States of America","United States of America"]}]},"context":{"page_title":null,"page_url":null,"page_entity_id":null,"content_hierarchy":[]},"links":[[[{"start":0,"end":25,"url":null,"entity_id":"Q1899368","candidates":[]}],[{"start":0,"end":13,"url":null,"entity_id":"Q4108","candidates":[]}],[{"start":0,"end":7,"url":null,"entity_id":"Q183","candidates":[]}]],[[{"start":0,"end":9,"url":null,"entity_id":"Q391080","candidates":[]}],[{"start":0,"end":6,"url":null,"entity_id":"Q1726","candidates":[]}],[{"start":0,"end":7,"url":null,"entity_id":"Q183","candidates":[]}]],[[{"start":0,"end":6,"url":null,"entity_id":"Q1700015","candidates":[]}],[{"start":0,"end":7,"url":null,"entity_id":"Q365","candidates":[]}],[{"start":0,"end":7,"url":null,"entity_id":"Q183","candidates":[]}]],[[{"start":0,"end":18,"url":null,"entity_id":"Q5647125","candidates":[]}],[{"start":0,"end":9,"url":null,"entity_id":"Q939838","candidates":[]}],[{"start":0,"end":14,"url":null,"entity_id":"Q145","candidates":[]}]],[[{"start":0,"end":13,"url":null,"entity_id":"Q7288710","candidates":[]}],[{"start":0,"end":12,"url":null,"entity_id":"Q64116","candidates":[]}],[{"start":0,"end":14,"url":null,"entity_id":"Q145","candidates":[]}]],[[{"start":0,"end":13,"url":null,"entity_id":"Q5184295","candidates":[]}],[{"start":0,"end":9,"url":null,"entity_id":"Q23436","candidates":[]}],[{"start":0,"end":14,"url":null,"entity_id":"Q145","candidates":[]}]],[[{"start":0,"end":11,"url":null,"entity_id":"Q920166","candidates":[]}],[{"start":0,"end":4,"url":null,"entity_id":"Q192393","candidates":[]}],[{"start":0,"end":6,"url":null,"entity_id":"Q142","candidates":[]}]],[[{"start":0,"end":8,"url":null,"entity_id":"Q1630895","candidates":[]}],[{"start":0,"end":19,"url":null,"entity_id":"Q135265","candidates":[]}],[{"start":0,"end":6,"url":null,"entity_id":"Q142","candidates":[]}]],[[{"start":0,"end":7,"url":null,"entity_id":"Q749431","candidates":[]}],[{"start":0,"end":10,"url":null,"entity_id":"Q6602","candidates":[]}],[{"start":0,"end":6,"url":null,"entity_id":"Q142","candidates":[]}]],[[{"start":0,"end":8,"url":null,"entity_id":"Q732984","candidates":[]}],[{"start":0,"end":9,"url":null,"entity_id":"Q727","candidates":[]}],[{"start":0,"end":11,"url":null,"entity_id":"Q55","candidates":[]}]],[[{"start":0,"end":20,"url":null,"entity_id":"Q2186274","candidates":[]}],[{"start":0,"end":6,"url":null,"entity_id":"Q597","candidates":[]}],[{"start":0,"end":8,"url":null,"entity_id":"Q45","candidates":[]}]],[[{"start":0,"end":12,"url":null,"entity_id":"Q2746220","candidates":[]}],[{"start":0,"end":6,"url":null,"entity_id":"Q988761","candidates":[]}],[{"start":0,"end":24,"url":null,"entity_id":"Q30","candidates":[]}]],[[{"start":0,"end":11,"url":null,"entity_id":"Q2717882","candidates":[]}],[{"start":0,"end":6,"url":null,"entity_id":"Q988761","candidates":[]}],[{"start":0,"end":24,"url":null,"entity_id":"Q30","candidates":[]}]],[[{"start":0,"end":20,"url":null,"entity_id":"Q2504643","candidates":[]}],[{"start":0,"end":6,"url":null,"entity_id":"Q963138","candidates":[]}],[{"start":0,"end":24,"url":null,"entity_id":"Q30","candidates":[]}]],[[{"start":0,"end":16,"url":null,"entity_id":"Q1057464","candidates":[]}],[{"start":0,"end":6,"url":null,"entity_id":"Q963138","candidates":[]}],[{"start":0,"end":24,"url":null,"entity_id":"Q30","candidates":[]}]],[[{"start":0,"end":23,"url":null,"entity_id":"Q598884","candidates":[]}],[{"start":0,"end":6,"url":null,"entity_id":"Q963138","candidates":[]}],[{"start":0,"end":24,"url":null,"entity_id":"Q30","candidates":[]}]],[[{"start":0,"end":12,"url":null,"entity_id":"Q5309391","candidates":[]}],[{"start":0,"end":11,"url":null,"entity_id":"Q612541","candidates":[]}],[{"start":0,"end":24,"url":null,"entity_id":"Q30","candidates":[]}]],[[{"start":0,"end":18,"url":null,"entity_id":"Q1067636","candidates":[]}],[{"start":0,"end":8,"url":null,"entity_id":"Q584451","candidates":[]}],[{"start":0,"end":24,"url":null,"entity_id":"Q30","candidates":[]}]],[[{"start":0,"end":18,"url":null,"entity_id":"Q4874634","candidates":[]}],[{"start":0,"end":21,"url":null,"entity_id":"Q532344","candidates":[]}],[{"start":0,"end":24,"url":null,"entity_id":"Q30","candidates":[]}]],[[{"start":0,"end":27,"url":null,"entity_id":"Q634831","candidates":[]}],[{"start":0,"end":12,"url":null,"entity_id":"Q462177","candidates":[]}],[{"start":0,"end":24,"url":null,"entity_id":"Q30","candidates":[]}]]]}