{"version":"1.2","table":{"version":"2","table_id":"Q9R9Q34G","columns":[{"index":0,"name":"col0","values":["200 HZ58","2101 FL185","2001 DB136","2000 SE26","2000 QN67","2010 V11","(523640 2010 RO64","2010 RF6","(471150) 2010\"FC49","2008 AQ119","(490443) 2007 XV50","223 HG57","(469509+ 2003 HC57","2003 GF5","(52531) 2002 XH91","202 E9","2002 VB31","2002VT130","(385363) 2002 PW17","(385362) 2002 PT10"]},{"index":1,"name":"col1","values":["2.9438760000000004","3.53225","3.8064599999999995","1.1941929999999998","3.1147807999999997","13.433000000000002","15.601140000000001","28.5565","39.60036","24.49092","23.001640000000002","2.0877179999999997","1.03","5.93","4.989960000000001","6.005999999999999","1.520323","1.155195","3.917354","3.6729"]},{"index":2,"name":"col2","values":["88.1371","75.802","129.61997","118.81716","57.83","173.478","108.60300000000001","131.75549999999998","1.7574","310.5256","53.0838","36.590399999999995","231.62040000000002","164.67696","79.95736","278.208","85.99898","336.474","339.81","326.8272"]},{"index":3,"name":"col3","values":["0.038805","0.0808416","0.02993895","0.082336","0.033728","0.13888","0.118167","0.17154239999999998","0.0496992","0.14948","0.0651596","0.03603599999999999","0.06857719999999999","0.051792","0.839232","0.13333","0.043350400000000004","0.0291942","0.076608","0.145416"]},{"index":4,"name":"col4","values":["117.9264","28.826","165.9312","251.288","184.512","32.192","231.7312","16.997400000000003","259.41888","351.09","102.91539999999999","326.31059999999997","306.83","119.476","212.73100000000002","179.64","169.644","109.0089","156.6565","251.793"]},{"index":5,"name":"col5","values":["22.3875","69.0","239.75279999999998","356.4275","112.80619999999999","217.07999999999998","99.11195","210.4167","39.4418","199.3964","270.33984","217.88479999999998","40.1079","293.46","182.268","355.47099999999995","139.3782","344.868","205.0805","133.98319999999998"]}]},"context":{"page_title":null,"page_url":null,"page_entity_id":null,"content_hierarchy":[]},"links":[[[{"start":0,"end":8,"url":null,"entity_id":"Q15033347","candidates":[]}],[],[],[],[],[]],[[{"start":0,"end":10,"url":null,"entity_id":"Q15033243","candidates":[]}],[],[],[],[],[]],[[{"start":0,"end":10,"url":null,"entity_id":"Q15033169","candidates":[]}],[],[],[],[],[]],[[{"start":0,"end":9,"url":null,"entity_id":"Q15033019","candidates":[]}],[],[],[],[],[]],[[{"start":0,"end":9,"url":null,"entity_id":"Q15032974","candidates":[]}],[],[],[],[],[]],[[{"start":0,"end":8,"url":null,"entity_id":"Q15032837","candidates":[]}],[],[],[],[],[]],[[{"start":0,"end":17,"url":null,"entity_id":"Q15032829","candidates":[]}],[],[],[],[],[]],[[{"start":0,"end":8,"url":null,"entity_id":"Q15032823","candidates":[]}],[],[],[],[],[]],[[{"start":0,"end":18,"url":null,"entity_id":"Q15032785","candidates":[]}],[],[],[],[],[]],[[{"start":0,"end":10,"url":null,"entity_id":"Q15032646","candidates":[]}],[],[],[],[],[]],[[{"start":0,"end":18,"url":null,"entity_id":"Q15032640","candidates":[]}],[],[],[],[],[]],[[{"start":0,"end":8,"url":null,"entity_id":"Q15034441","candidates":[]}],[],[],[],[],[]],[[{"start":0,"end":18,"url":null,"entity_id":"Q15034434","candidates":[]}],[],[],[],[],[]],[[{"start":0,"end":8,"url":null,"entity_id":"Q15034419","candidates":[]}],[],[],[],[],[]],[[{"start":0,"end":17,"url":null,"entity_id":"Q15034343","candidates":[]}],[],[],[],[],[]],[[{"start":0,"end":6,"url":null,"entity_id":"Q15034335","candidates":[]}],[],[],[],[],[]],[[{"start":0,"end":9,"url":null,"entity_id":"Q15034302","candidates":[]}],[],[],[],[],[]],[[{"start":0,"end":9,"url":null,"entity_id":"Q15034279","candidates":[]}],[],[],[],[],[]],[[{"start":0,"end":18,"url":null,"entity_id":"Q15034181","candidates":[]}],[],[],[],[],[]],[[{"start":0,"end":18,"url":null,"entity_id":"Q15033976","candidates":[]}],[],[],[],[],[]]]}