{"version":"1.2","table":{"version":"2","table_id":"Q9SEQ6YE","columns":[{"index":0,"name":"col0","values":["De Gasperi IV Cabinet","De Gasperi V Cabinet","Andreotti V Cabinet","Andreotti IV Cabinet","Andreotti III Cabinet","Andreotti VII Cabinet","Andreotti I Cabinet","Andreotti VI Cabinet","Andreotti II Cabinet","Monti Cabinet","D'Alema II Cabinet","D'Alema I Cabinet","Renzi Cabinet","Prodi II Cabinet","Prodi I Cabinet","Berlusconi III Cabinet","Berlusconi II Cabinet","Berlusconi I Cabinet","Berlusconi IV Cabinet","Segni II Cabinet"]},{"index":1,"name":"col1","values":["Alcide De Gasperi","Alcide De Gasperi","Giulio Andreotti","Giulio Andreotti","Giulio Andreotti","Giulio Andreotti","Giulio Andreotti","Giulio Andreotti","Giulio Andreotti","Mario Monti","Massimo D'Alema","Massimo D'Alema","Matteo Renzi","Romano Prodi","Romano Prodi","Silvio Berlusconi","Silvio Berlusconi","Silvio Berlusconi","Silvio Berlusconi","Antonio Segni"]},{"index":2,"name":"col2","values":["1947-05-31","1948-05-23","1979-03-20","1978-03-11","1976-07-29","1991-04-12","1972-02-17","1989-07-22","1972-06-26","2011-11-16","1999-12-22","1998-10-21","2014-02-21","2006-05-17","1996-05-17","2005-04-23","2001-06-10","1994-05-10","2008-05-07","1959-02-15"]}]},"context":{"page_title":null,"page_url":null,"page_entity_id":null,"content_hierarchy":[]},"links":[[[{"start":0,"end":21,"url":null,"entity_id":"Q951738","candidates":[]}],[{"start":0,"end":17,"url":null,"entity_id":"Q153832","candidates":[]}],[]],[[{"start":0,"end":20,"url":null,"entity_id":"Q378578","candidates":[]}],[{"start":0,"end":17,"url":null,"entity_id":"Q153832","candidates":[]}],[]],[[{"start":0,"end":19,"url":null,"entity_id":"Q3773787","candidates":[]}],[{"start":0,"end":16,"url":null,"entity_id":"Q50005","candidates":[]}],[]],[[{"start":0,"end":20,"url":null,"entity_id":"Q3773786","candidates":[]}],[{"start":0,"end":16,"url":null,"entity_id":"Q50005","candidates":[]}],[]],[[{"start":0,"end":21,"url":null,"entity_id":"Q3773785","candidates":[]}],[{"start":0,"end":16,"url":null,"entity_id":"Q50005","candidates":[]}],[]],[[{"start":0,"end":21,"url":null,"entity_id":"Q3111867","candidates":[]}],[{"start":0,"end":16,"url":null,"entity_id":"Q50005","candidates":[]}],[]],[[{"start":0,"end":19,"url":null,"entity_id":"Q3111866","candidates":[]}],[{"start":0,"end":16,"url":null,"entity_id":"Q50005","candidates":[]}],[]],[[{"start":0,"end":20,"url":null,"entity_id":"Q3111865","candidates":[]}],[{"start":0,"end":16,"url":null,"entity_id":"Q50005","candidates":[]}],[]],[[{"start":0,"end":20,"url":null,"entity_id":"Q3111863","candidates":[]}],[{"start":0,"end":16,"url":null,"entity_id":"Q50005","candidates":[]}],[]],[[{"start":0,"end":13,"url":null,"entity_id":"Q715614","candidates":[]}],[{"start":0,"end":11,"url":null,"entity_id":"Q47904","candidates":[]}],[]],[[{"start":0,"end":18,"url":null,"entity_id":"Q4218056","candidates":[]}],[{"start":0,"end":15,"url":null,"entity_id":"Q47602","candidates":[]}],[]],[[{"start":0,"end":17,"url":null,"entity_id":"Q1869728","candidates":[]}],[{"start":0,"end":15,"url":null,"entity_id":"Q47602","candidates":[]}],[]],[[{"start":0,"end":13,"url":null,"entity_id":"Q15772498","candidates":[]}],[{"start":0,"end":12,"url":null,"entity_id":"Q47563","candidates":[]}],[]],[[{"start":0,"end":16,"url":null,"entity_id":"Q1720224","candidates":[]}],[{"start":0,"end":12,"url":null,"entity_id":"Q38484","candidates":[]}],[]],[[{"start":0,"end":15,"url":null,"entity_id":"Q1024923","candidates":[]}],[{"start":0,"end":12,"url":null,"entity_id":"Q38484","candidates":[]}],[]],[[{"start":0,"end":22,"url":null,"entity_id":"Q2325153","candidates":[]}],[{"start":0,"end":17,"url":null,"entity_id":"Q11860","candidates":[]}],[]],[[{"start":0,"end":21,"url":null,"entity_id":"Q2123870","candidates":[]}],[{"start":0,"end":17,"url":null,"entity_id":"Q11860","candidates":[]}],[]],[[{"start":0,"end":20,"url":null,"entity_id":"Q2047979","candidates":[]}],[{"start":0,"end":17,"url":null,"entity_id":"Q11860","candidates":[]}],[]],[[{"start":0,"end":21,"url":null,"entity_id":"Q715959","candidates":[]}],[{"start":0,"end":17,"url":null,"entity_id":"Q11860","candidates":[]}],[]],[[{"start":0,"end":16,"url":null,"entity_id":"Q3773950","candidates":[]}],[{"start":0,"end":13,"url":null,"entity_id":"Q1240","candidates":[]}],[]]]}