{"version":"1.2","table":{"version":"2","table_id":"QABB9ACU","columns":[{"index":0,"name":"col0","values":["Hewlett-Packard Corvallis","Cardiovascular Research Institute of Maastricht","Physical Technical Institute","George Institute for Global Health","Instituto de Física de Cantabria","Centro de Investigación de Recursos y Consumos Energéticos","Instituto de Investigación en Ciencias de la Alimentación","Institute of Experimental Botany of the Czech Academy of Sciences","Institute of Biodiversity and Ecosystem Research","Aircraft Operations Center","Institute of Archaeology of Slovak Academy of Sciences","Sonnenstein Euthanasia Centre","Smithsonian Tropical Research Institute","HEPHY","Y-12 National Security Complex","Barcelona Supercomputing Center","Pushkin House","Institute Of Oceanology","Faculty of Fisheries and Protection of Waters","Instituto de Neurociencias"]},{"index":1,"name":"col1","values":["Hewlett Packard Enterprise","Maastricht University","National Academy of Sciences of Belarus","The George Institute for Global Health","University of Cantabria","Diputación General de Aragón","Autonomous University of Madrid","Czech Academy of Sciences","Bulgarian Academy of Sciences","National Oceanic and Atmospheric Administration","Slovak Academy of Sciences","Action T4","Smithsonian Institution","Austrian Academy of Sciences","Manhattan Project","Polytechnic University of Catalonia","Russian Academy of Sciences","Bulgarian Academy of Sciences","University of South Bohemia in České Budějovice","Miguel Hernández University of Elche"]},{"index":2,"name":"col2","values":["United States of America","Netherlands","Belarus","United Kingdom","Spain","Spain","Spain","Czech Republic","Bulgaria","United States of America","Slovakia","Germany","Panama","Austria","United States of America","Spain","Russia","Bulgaria","Czech Republic","Spain"]},{"index":3,"name":"col3","values":["Corvallis","Maastricht","Minsk","Oxford","Santander","Zaragoza","Madrid","Prague","Sofia","MacDill Air Force Base","Nitra","Pirna","Panama City","Vienna","Tennessee","Barcelona","Saint Petersburg","Varna","Vodňany","Sant Joan d'Alacant"]}]},"context":{"page_title":null,"page_url":null,"page_entity_id":null,"content_hierarchy":[]},"links":[[[{"start":0,"end":25,"url":null,"entity_id":"Q39918246","candidates":[]}],[{"start":0,"end":26,"url":null,"entity_id":"Q19923099","candidates":[]}],[{"start":0,"end":24,"url":null,"entity_id":"Q30","candidates":[]}],[{"start":0,"end":9,"url":null,"entity_id":"Q748474","candidates":[]}]],[[{"start":0,"end":47,"url":null,"entity_id":"Q30274174","candidates":[]}],[{"start":0,"end":21,"url":null,"entity_id":"Q1137652","candidates":[]}],[{"start":0,"end":11,"url":null,"entity_id":"Q55","candidates":[]}],[{"start":0,"end":10,"url":null,"entity_id":"Q39260185","candidates":[]}]],[[{"start":0,"end":28,"url":null,"entity_id":"Q30274094","candidates":[]}],[{"start":0,"end":39,"url":null,"entity_id":"Q1967977","candidates":[]}],[{"start":0,"end":7,"url":null,"entity_id":"Q184","candidates":[]}],[{"start":0,"end":5,"url":null,"entity_id":"Q2280","candidates":[]}]],[[{"start":0,"end":34,"url":null,"entity_id":"Q30269341","candidates":[]}],[{"start":0,"end":38,"url":null,"entity_id":"Q7736177","candidates":[]}],[{"start":0,"end":14,"url":null,"entity_id":"Q145","candidates":[]}],[{"start":0,"end":6,"url":null,"entity_id":"Q34217","candidates":[]}]],[[{"start":0,"end":32,"url":null,"entity_id":"Q24943914","candidates":[]}],[{"start":0,"end":23,"url":null,"entity_id":"Q766962","candidates":[]}],[{"start":0,"end":5,"url":null,"entity_id":"Q29","candidates":[]}],[{"start":0,"end":9,"url":null,"entity_id":"Q12233","candidates":[]}]],[[{"start":0,"end":58,"url":null,"entity_id":"Q19949789","candidates":[]}],[{"start":0,"end":28,"url":null,"entity_id":"Q578863","candidates":[]}],[{"start":0,"end":5,"url":null,"entity_id":"Q29","candidates":[]}],[{"start":0,"end":8,"url":null,"entity_id":"Q10305","candidates":[]}]],[[{"start":0,"end":57,"url":null,"entity_id":"Q29104249","candidates":[]}],[{"start":0,"end":31,"url":null,"entity_id":"Q788091","candidates":[]}],[{"start":0,"end":5,"url":null,"entity_id":"Q29","candidates":[]}],[{"start":0,"end":6,"url":null,"entity_id":"Q2807","candidates":[]}]],[[{"start":0,"end":65,"url":null,"entity_id":"Q30123274","candidates":[]}],[{"start":0,"end":25,"url":null,"entity_id":"Q374686","candidates":[]}],[{"start":0,"end":14,"url":null,"entity_id":"Q213","candidates":[]}],[{"start":0,"end":6,"url":null,"entity_id":"Q1085","candidates":[]}]],[[{"start":0,"end":48,"url":null,"entity_id":"Q30254582","candidates":[]}],[{"start":0,"end":29,"url":null,"entity_id":"Q1003730","candidates":[]}],[{"start":0,"end":8,"url":null,"entity_id":"Q219","candidates":[]}],[{"start":0,"end":5,"url":null,"entity_id":"Q472","candidates":[]}]],[[{"start":0,"end":26,"url":null,"entity_id":"Q3539","candidates":[]}],[{"start":0,"end":47,"url":null,"entity_id":"Q214700","candidates":[]}],[{"start":0,"end":24,"url":null,"entity_id":"Q30","candidates":[]}],[{"start":0,"end":22,"url":null,"entity_id":"Q1583022","candidates":[]}]],[[{"start":0,"end":54,"url":null,"entity_id":"Q1299262","candidates":[]}],[{"start":0,"end":26,"url":null,"entity_id":"Q1050317","candidates":[]}],[{"start":0,"end":8,"url":null,"entity_id":"Q214","candidates":[]}],[{"start":0,"end":5,"url":null,"entity_id":"Q26397","candidates":[]}]],[[{"start":0,"end":29,"url":null,"entity_id":"Q324139","candidates":[]}],[{"start":0,"end":9,"url":null,"entity_id":"Q154494","candidates":[]}],[{"start":0,"end":7,"url":null,"entity_id":"Q183","candidates":[]}],[{"start":0,"end":5,"url":null,"entity_id":"Q6477","candidates":[]}]],[[{"start":0,"end":39,"url":null,"entity_id":"Q1673980","candidates":[]}],[{"start":0,"end":23,"url":null,"entity_id":"Q131626","candidates":[]}],[{"start":0,"end":6,"url":null,"entity_id":"Q804","candidates":[]}],[{"start":0,"end":11,"url":null,"entity_id":"Q3306","candidates":[]}]],[[{"start":0,"end":5,"url":null,"entity_id":"Q1563524","candidates":[]}],[{"start":0,"end":28,"url":null,"entity_id":"Q299015","candidates":[]}],[{"start":0,"end":7,"url":null,"entity_id":"Q40","candidates":[]}],[{"start":0,"end":6,"url":null,"entity_id":"Q1741","candidates":[]}]],[[{"start":0,"end":30,"url":null,"entity_id":"Q2061309","candidates":[]}],[{"start":0,"end":17,"url":null,"entity_id":"Q127050","candidates":[]}],[{"start":0,"end":24,"url":null,"entity_id":"Q30","candidates":[]}],[{"start":0,"end":9,"url":null,"entity_id":"Q1509","candidates":[]}]],[[{"start":0,"end":31,"url":null,"entity_id":"Q1580126","candidates":[]}],[{"start":0,"end":35,"url":null,"entity_id":"Q1640731","candidates":[]}],[{"start":0,"end":5,"url":null,"entity_id":"Q29","candidates":[]}],[{"start":0,"end":9,"url":null,"entity_id":"Q1492","candidates":[]}]],[[{"start":0,"end":13,"url":null,"entity_id":"Q1024181","candidates":[]}],[{"start":0,"end":27,"url":null,"entity_id":"Q83172","candidates":[]}],[{"start":0,"end":6,"url":null,"entity_id":"Q159","candidates":[]}],[{"start":0,"end":16,"url":null,"entity_id":"Q656","candidates":[]}]],[[{"start":0,"end":23,"url":null,"entity_id":"Q30258397","candidates":[]}],[{"start":0,"end":29,"url":null,"entity_id":"Q1003730","candidates":[]}],[{"start":0,"end":8,"url":null,"entity_id":"Q219","candidates":[]}],[{"start":0,"end":5,"url":null,"entity_id":"Q6506","candidates":[]}]],[[{"start":0,"end":45,"url":null,"entity_id":"Q8312412","candidates":[]}],[{"start":0,"end":47,"url":null,"entity_id":"Q1428711","candidates":[]}],[{"start":0,"end":14,"url":null,"entity_id":"Q213","candidates":[]}],[{"start":0,"end":7,"url":null,"entity_id":"Q1008983","candidates":[]}]],[[{"start":0,"end":26,"url":null,"entity_id":"Q5918305","candidates":[]}],[{"start":0,"end":36,"url":null,"entity_id":"Q24676","candidates":[]}],[{"start":0,"end":5,"url":null,"entity_id":"Q29","candidates":[]}],[{"start":0,"end":19,"url":null,"entity_id":"Q740204","candidates":[]}]]]}