{"version":"1.2","table":{"version":"2","table_id":"QATQRJO7","columns":[{"index":0,"name":"col0","values":["London Borough of Southwark","Royal Borough of Greenwich","London Borough of Sutton","London Borough of Havering","London Borough of Lewisham","London Borough of Hounslow","London Borough of Haringey","London Borough of Wandsworth","London Borough of Enfield","London Borough of Harrow","London Borough of Redbridge","London Borough of Bromley","London Borough of Tower Hamlets","London Borough of Newham","London Borough of Ealing","London Borough of Bexley","London Borough of Brent","London Borough of Islington","London Borough of Hillingdon","London Borough of Hackney"]},{"index":1,"name":"col1","values":["317256","286186","204525","257810","303536","270782","270624","326474","333869","250149","303858","331096","317705","352005","341982","247258","330795","239142","304824","279665"]},{"index":2,"name":"col2","values":["28.8621","47.334","43.8471","112.3497","35.1488","55.9779","29.5983","34.2634","80.831","50.4634","56.4192","150.1347","19.7864","36.2017","55.5447","60.5763","43.2325","14.8565","115.7002","19.0492"]}]},"context":{"page_title":null,"page_url":null,"page_entity_id":null,"content_hierarchy":[]},"links":[[[{"start":0,"end":27,"url":null,"entity_id":"Q730706","candidates":[]}],[],[]],[[{"start":0,"end":26,"url":null,"entity_id":"Q693450","candidates":[]}],[],[]],[[{"start":0,"end":24,"url":null,"entity_id":"Q320378","candidates":[]}],[],[]],[[{"start":0,"end":26,"url":null,"entity_id":"Q215038","candidates":[]}],[],[]],[[{"start":0,"end":26,"url":null,"entity_id":"Q215030","candidates":[]}],[],[]],[[{"start":0,"end":26,"url":null,"entity_id":"Q214162","candidates":[]}],[],[]],[[{"start":0,"end":26,"url":null,"entity_id":"Q213560","candidates":[]}],[],[]],[[{"start":0,"end":28,"url":null,"entity_id":"Q210563","candidates":[]}],[],[]],[[{"start":0,"end":25,"url":null,"entity_id":"Q210531","candidates":[]}],[],[]],[[{"start":0,"end":24,"url":null,"entity_id":"Q210476","candidates":[]}],[],[]],[[{"start":0,"end":27,"url":null,"entity_id":"Q208955","candidates":[]}],[],[]],[[{"start":0,"end":25,"url":null,"entity_id":"Q208201","candidates":[]}],[],[]],[[{"start":0,"end":31,"url":null,"entity_id":"Q208152","candidates":[]}],[],[]],[[{"start":0,"end":24,"url":null,"entity_id":"Q208139","candidates":[]}],[],[]],[[{"start":0,"end":24,"url":null,"entity_id":"Q207218","candidates":[]}],[],[]],[[{"start":0,"end":24,"url":null,"entity_id":"Q207208","candidates":[]}],[],[]],[[{"start":0,"end":23,"url":null,"entity_id":"Q207201","candidates":[]}],[],[]],[[{"start":0,"end":27,"url":null,"entity_id":"Q205817","candidates":[]}],[],[]],[[{"start":0,"end":28,"url":null,"entity_id":"Q205690","candidates":[]}],[],[]],[[{"start":0,"end":25,"url":null,"entity_id":"Q205679","candidates":[]}],[],[]]]}