{"version":"1.2","table":{"version":"2","table_id":"QBQAQYMC","columns":[{"index":0,"name":"col0","values":["Oum El Bouaghi rovince","Djelfa Provjnce","Skikda Prvince","Méda Province","Khenchela Provice","El Oued Psovince","Tébess Qrovince","Ourgla Province","Sid Bel#Abbès rovine","Chlef Prvince","Mostaanem Province","Naama Prqvince","El Tarf Psovince","Boxmerdès Province","Aïn Témouchent Provknce","Tissgmsilt Province","Boura Province","l Bayadh Provice","Illizi#Province","Béchar Provnce"]},{"index":1,"name":"col1","values":["914.328","1270.08","57.285","909.3209999999999","1233.528","88.911","949.308","212.848","833.32","195.78","195.804","1103.4899999999998","15.120000000000001","61.30499999999999","184.075","782.07","641.824","789.435","580.158","627.0"]},{"index":2,"name":"col2","values":["Oum El Bouaghi","Djelfa","Skikda","Médéa","Khenchela","El Oued","Tébessa","Ouargla","Sidi Bel Abbès","Chlef","Mostaganem","Naâma","El Taref","Boumerdès","Aïn Témouchent","Tissemsilt","Bouïra","El Bayadh","Illizi","Béchar"]}]},"context":{"page_title":null,"page_url":null,"page_entity_id":null,"content_hierarchy":[]},"links":[[[{"start":0,"end":22,"url":null,"entity_id":"Q235705","candidates":[]}],[],[{"start":0,"end":14,"url":null,"entity_id":"Q5478122","candidates":[]}]],[[{"start":0,"end":15,"url":null,"entity_id":"Q233233","candidates":[]}],[],[{"start":0,"end":6,"url":null,"entity_id":"Q2794758","candidates":[]}]],[[{"start":0,"end":14,"url":null,"entity_id":"Q234227","candidates":[]}],[],[{"start":0,"end":6,"url":null,"entity_id":"Q2292517","candidates":[]}]],[[{"start":0,"end":13,"url":null,"entity_id":"Q235810","candidates":[]}],[],[{"start":0,"end":5,"url":null,"entity_id":"Q1982137","candidates":[]}]],[[{"start":0,"end":17,"url":null,"entity_id":"Q213950","candidates":[]}],[],[{"start":0,"end":9,"url":null,"entity_id":"Q1649570","candidates":[]}]],[[{"start":0,"end":16,"url":null,"entity_id":"Q233651","candidates":[]}],[],[{"start":0,"end":7,"url":null,"entity_id":"Q1642636","candidates":[]}]],[[{"start":0,"end":15,"url":null,"entity_id":"Q267224","candidates":[]}],[],[{"start":0,"end":7,"url":null,"entity_id":"Q984575","candidates":[]}]],[[{"start":0,"end":15,"url":null,"entity_id":"Q235709","candidates":[]}],[],[{"start":0,"end":7,"url":null,"entity_id":"Q852469","candidates":[]}]],[[{"start":0,"end":20,"url":null,"entity_id":"Q235714","candidates":[]}],[],[{"start":0,"end":14,"url":null,"entity_id":"Q852276","candidates":[]}]],[[{"start":0,"end":13,"url":null,"entity_id":"Q231752","candidates":[]}],[],[{"start":0,"end":5,"url":null,"entity_id":"Q849561","candidates":[]}]],[[{"start":0,"end":18,"url":null,"entity_id":"Q221445","candidates":[]}],[],[{"start":0,"end":10,"url":null,"entity_id":"Q849524","candidates":[]}]],[[{"start":0,"end":14,"url":null,"entity_id":"Q233675","candidates":[]}],[],[{"start":0,"end":5,"url":null,"entity_id":"Q798212","candidates":[]}]],[[{"start":0,"end":16,"url":null,"entity_id":"Q236788","candidates":[]}],[],[{"start":0,"end":8,"url":null,"entity_id":"Q770653","candidates":[]}]],[[{"start":0,"end":18,"url":null,"entity_id":"Q236752","candidates":[]}],[],[{"start":0,"end":9,"url":null,"entity_id":"Q770518","candidates":[]}]],[[{"start":0,"end":23,"url":null,"entity_id":"Q233670","candidates":[]}],[],[{"start":0,"end":14,"url":null,"entity_id":"Q770504","candidates":[]}]],[[{"start":0,"end":19,"url":null,"entity_id":"Q235805","candidates":[]}],[],[{"start":0,"end":10,"url":null,"entity_id":"Q770447","candidates":[]}]],[[{"start":0,"end":14,"url":null,"entity_id":"Q233655","candidates":[]}],[],[{"start":0,"end":6,"url":null,"entity_id":"Q722522","candidates":[]}]],[[{"start":0,"end":16,"url":null,"entity_id":"Q235703","candidates":[]}],[],[{"start":0,"end":9,"url":null,"entity_id":"Q648784","candidates":[]}]],[[{"start":0,"end":15,"url":null,"entity_id":"Q233659","candidates":[]}],[],[{"start":0,"end":6,"url":null,"entity_id":"Q640740","candidates":[]}]],[[{"start":0,"end":14,"url":null,"entity_id":"Q215467","candidates":[]}],[],[{"start":0,"end":6,"url":null,"entity_id":"Q638704","candidates":[]}]]]}