{"version":"1.2","table":{"version":"2","table_id":"QBYV0ZFX","columns":[{"index":0,"name":"col0","values":["Soraya District","Lucre District","Caraybamba District","Yanaca District","Chapimarca District","Alto Selva Alegre District","Tintay District","Cotabambas District","San Miguel de Chaccrapampa District","Capaya District","Pacobamba District","Toraya District","Huayllo District","Kishuara District","Mara District","Chincheros District","Pacucha District","Colcabamba District","Sañayca District","Turpopolis"]},{"index":1,"name":"col1","values":["43.56","110.48","234.91","103.88","213.09","6.98","136.58","331.96","83.37","77.75","245.9","173.05","72.89","309.91","224.17","132.4","170.39","95.75","448.91","121.67"]},{"index":2,"name":"col2","values":["2870","2800","3310","3340","3414","2500","2772","3425","3650","3290","2720","3146","3139","3665","3770","2772","3125","3360","3370","3297"]},{"index":3,"name":"col3","values":["711","1529","929","981","1893","85870","2272","3886","1613","580","3452","1278","462","6023","5848","5293","7989","693","1107","3642"]}]},"context":{"page_title":null,"page_url":null,"page_entity_id":null,"content_hierarchy":[]},"links":[[[{"start":0,"end":15,"url":null,"entity_id":"Q2703313","candidates":[]}],[],[],[]],[[{"start":0,"end":14,"url":null,"entity_id":"Q2703307","candidates":[]}],[],[],[]],[[{"start":0,"end":19,"url":null,"entity_id":"Q2703300","candidates":[]}],[],[],[]],[[{"start":0,"end":15,"url":null,"entity_id":"Q2703291","candidates":[]}],[],[],[]],[[{"start":0,"end":19,"url":null,"entity_id":"Q2703284","candidates":[]}],[],[],[]],[[{"start":0,"end":26,"url":null,"entity_id":"Q2703280","candidates":[]}],[],[],[]],[[{"start":0,"end":15,"url":null,"entity_id":"Q2703273","candidates":[]}],[],[],[]],[[{"start":0,"end":19,"url":null,"entity_id":"Q2703263","candidates":[]}],[],[],[]],[[{"start":0,"end":35,"url":null,"entity_id":"Q2703243","candidates":[]}],[],[],[]],[[{"start":0,"end":15,"url":null,"entity_id":"Q2703240","candidates":[]}],[],[],[]],[[{"start":0,"end":18,"url":null,"entity_id":"Q2703173","candidates":[]}],[],[],[]],[[{"start":0,"end":15,"url":null,"entity_id":"Q2703166","candidates":[]}],[],[],[]],[[{"start":0,"end":16,"url":null,"entity_id":"Q2703164","candidates":[]}],[],[],[]],[[{"start":0,"end":17,"url":null,"entity_id":"Q2703158","candidates":[]}],[],[],[]],[[{"start":0,"end":13,"url":null,"entity_id":"Q2703115","candidates":[]}],[],[],[]],[[{"start":0,"end":19,"url":null,"entity_id":"Q2703091","candidates":[]}],[],[],[]],[[{"start":0,"end":16,"url":null,"entity_id":"Q2703068","candidates":[]}],[],[],[]],[[{"start":0,"end":19,"url":null,"entity_id":"Q2703055","candidates":[]}],[],[],[]],[[{"start":0,"end":16,"url":null,"entity_id":"Q2703049","candidates":[]}],[],[],[]],[[{"start":0,"end":10,"url":null,"entity_id":"Q2703041","candidates":[]}],[],[],[]]]}