{"version":"1.2","table":{"version":"2","table_id":"QF6FEXOS","columns":[{"index":0,"name":"col0","values":["Sovth Africa","Bhrain","Kenya","Repubmic of Cyprus","Ghana","Sereia","Chad","Ttkey","Idonesa","Ethipia","Alghria","Astrali","Beliz","Chile","Peru","Brazk","Spain","Blarvs","Armeia","anada"]},{"index":1,"name":"col1","values":["0.3006","2.929","5.964","2.7832","3.996","2.8167999999999997","-6.3936","2.871","5.03","8.04","4.1748","2.48","-1.007","1.584","3.8766","-3.564","3.1808","-3.0300000000000002","0.20040000000000002","1.386"]},{"index":2,"name":"col2","values":["geography of South Africa","geography of Bahrain","geography of Kenya","geography of Cyprus","geography of Ghana","geography of Serbia","geography of Chad","geography of Turkey","geography of Indonesia","geography of Ethiopia","geography of Algeria","geography of Australia","geography of Belize","geography of Chile","geography of Peru","geography of Brazil","geography of Spain","geography of Belarus","geography of Armenia","geography of Canada"]},{"index":3,"name":"col3","values":["Pretoria","Manama","Nairobi","Nicosia","Accra","Belgrade","N'Djamena","Ankara","Jakarta","Addis Ababa","Algiers","Canberra","Belmopan","Santiago","Lima","Brasília","Madrid","Minsk","Yerevan","Ottawa"]}]},"context":{"page_title":null,"page_url":null,"page_entity_id":null,"content_hierarchy":[]},"links":[[[{"start":0,"end":12,"url":null,"entity_id":"Q258","candidates":[]}],[],[{"start":0,"end":25,"url":null,"entity_id":"Q1619519","candidates":[]}],[{"start":0,"end":8,"url":null,"entity_id":"Q3926","candidates":[]}]],[[{"start":0,"end":6,"url":null,"entity_id":"Q398","candidates":[]}],[],[{"start":0,"end":20,"url":null,"entity_id":"Q2303563","candidates":[]}],[{"start":0,"end":6,"url":null,"entity_id":"Q3882","candidates":[]}]],[[{"start":0,"end":5,"url":null,"entity_id":"Q114","candidates":[]}],[],[{"start":0,"end":18,"url":null,"entity_id":"Q1987433","candidates":[]}],[{"start":0,"end":7,"url":null,"entity_id":"Q3870","candidates":[]}]],[[{"start":0,"end":18,"url":null,"entity_id":"Q229","candidates":[]}],[],[{"start":0,"end":19,"url":null,"entity_id":"Q1773917","candidates":[]}],[{"start":0,"end":7,"url":null,"entity_id":"Q3856","candidates":[]}]],[[{"start":0,"end":5,"url":null,"entity_id":"Q117","candidates":[]}],[],[{"start":0,"end":18,"url":null,"entity_id":"Q1987440","candidates":[]}],[{"start":0,"end":5,"url":null,"entity_id":"Q3761","candidates":[]}]],[[{"start":0,"end":6,"url":null,"entity_id":"Q403","candidates":[]}],[],[{"start":0,"end":19,"url":null,"entity_id":"Q747927","candidates":[]}],[{"start":0,"end":8,"url":null,"entity_id":"Q3711","candidates":[]}]],[[{"start":0,"end":4,"url":null,"entity_id":"Q657","candidates":[]}],[],[{"start":0,"end":17,"url":null,"entity_id":"Q1999024","candidates":[]}],[{"start":0,"end":9,"url":null,"entity_id":"Q3659","candidates":[]}]],[[{"start":0,"end":5,"url":null,"entity_id":"Q43","candidates":[]}],[],[{"start":0,"end":19,"url":null,"entity_id":"Q217035","candidates":[]}],[{"start":0,"end":6,"url":null,"entity_id":"Q3640","candidates":[]}]],[[{"start":0,"end":7,"url":null,"entity_id":"Q252","candidates":[]}],[],[{"start":0,"end":22,"url":null,"entity_id":"Q1977576","candidates":[]}],[{"start":0,"end":7,"url":null,"entity_id":"Q3630","candidates":[]}]],[[{"start":0,"end":7,"url":null,"entity_id":"Q115","candidates":[]}],[],[{"start":0,"end":21,"url":null,"entity_id":"Q1982564","candidates":[]}],[{"start":0,"end":11,"url":null,"entity_id":"Q3624","candidates":[]}]],[[{"start":0,"end":7,"url":null,"entity_id":"Q262","candidates":[]}],[],[{"start":0,"end":20,"url":null,"entity_id":"Q44321","candidates":[]}],[{"start":0,"end":7,"url":null,"entity_id":"Q3561","candidates":[]}]],[[{"start":0,"end":7,"url":null,"entity_id":"Q408","candidates":[]}],[],[{"start":0,"end":22,"url":null,"entity_id":"Q1134461","candidates":[]}],[{"start":0,"end":8,"url":null,"entity_id":"Q3114","candidates":[]}]],[[{"start":0,"end":5,"url":null,"entity_id":"Q242","candidates":[]}],[],[{"start":0,"end":19,"url":null,"entity_id":"Q2459935","candidates":[]}],[{"start":0,"end":8,"url":null,"entity_id":"Q3043","candidates":[]}]],[[{"start":0,"end":5,"url":null,"entity_id":"Q298","candidates":[]}],[],[{"start":0,"end":18,"url":null,"entity_id":"Q1317938","candidates":[]}],[{"start":0,"end":8,"url":null,"entity_id":"Q2887","candidates":[]}]],[[{"start":0,"end":4,"url":null,"entity_id":"Q419","candidates":[]}],[],[{"start":0,"end":17,"url":null,"entity_id":"Q2342212","candidates":[]}],[{"start":0,"end":4,"url":null,"entity_id":"Q2868","candidates":[]}]],[[{"start":0,"end":5,"url":null,"entity_id":"Q155","candidates":[]}],[],[{"start":0,"end":19,"url":null,"entity_id":"Q1771875","candidates":[]}],[{"start":0,"end":8,"url":null,"entity_id":"Q2844","candidates":[]}]],[[{"start":0,"end":5,"url":null,"entity_id":"Q29","candidates":[]}],[],[{"start":0,"end":18,"url":null,"entity_id":"Q207461","candidates":[]}],[{"start":0,"end":6,"url":null,"entity_id":"Q2807","candidates":[]}]],[[{"start":0,"end":6,"url":null,"entity_id":"Q184","candidates":[]}],[],[{"start":0,"end":20,"url":null,"entity_id":"Q1116540","candidates":[]}],[{"start":0,"end":5,"url":null,"entity_id":"Q2280","candidates":[]}]],[[{"start":0,"end":6,"url":null,"entity_id":"Q399","candidates":[]}],[],[{"start":0,"end":20,"url":null,"entity_id":"Q1404758","candidates":[]}],[{"start":0,"end":7,"url":null,"entity_id":"Q1953","candidates":[]}]],[[{"start":0,"end":5,"url":null,"entity_id":"Q16","candidates":[]}],[],[{"start":0,"end":19,"url":null,"entity_id":"Q2939","candidates":[]}],[{"start":0,"end":6,"url":null,"entity_id":"Q1930","candidates":[]}]]]}