{"version":"1.2","table":{"version":"2","table_id":"QG4L89ND","columns":[{"index":0,"name":"col0","values":["Toreya State Park","Wekiwc Springs State Park","Deer Lake State Patk","Fort Clinch State#Park","Bald Point State Parm","Long Key Stdte Patk","Lovers Key State Prk","Little Manatee River Utate Park","Lake Maatee State Park","Lake Louisa Statg Park","Lake Kisslmmee State Park","Lake Grjffin State Park","John D. MacArthur Beach Stte Park","Honuoon Island State Park","Homosassa Springs Willife State Park","Grayton Ceach State Park","Fort George Island Cultural Stave Park","Faver-D|kes State Park","Don Pfdro Island State Park","Crystal River Preserve Stte Park","Collier-Seminoe State Park","Cedar Key Museum State ark","Blue Spring Sawe Park","Big Talbot Islad State Park"]},{"index":1,"name":"col1","values":["Liberty County","Florida","Walton County","Nassau County","Franklin County","Monroe County","Florida","Florida","Florida","Florida","Florida","Florida","Florida","Florida","Florida","Florida","Florida","Florida","Florida","Florida","Florida","Florida","Florida","Florida"]},{"index":2,"name":"col2","values":["IUCN category II: National Park","IUCN category II: National Park","IUCN category Ib: Wilderness Area","IUCN category Ib: Wilderness Area","IUCN category Ib: Wilderness Area","IUCN category Ib: Wilderness Area","IUCN category Ib: Wilderness Area","IUCN category Ib: Wilderness Area","IUCN category Ib: Wilderness Area","IUCN category Ib: Wilderness Area","IUCN category Ib: Wilderness Area","IUCN category Ib: Wilderness Area","IUCN category Ib: Wilderness Area","IUCN category Ib: Wilderness Area","IUCN category Ib: Wilderness Area","IUCN category Ib: Wilderness Area","IUCN category Ib: Wilderness Area","IUCN category Ib: Wilderness Area","IUCN category Ib: Wilderness Area","IUCN category Ib: Wilderness Area","IUCN category Ib: Wilderness Area","IUCN category Ib: Wilderness Area","IUCN category Ib: Wilderness Area","IUCN category Ib: Wilderness Area"]}]},"context":{"page_title":null,"page_url":null,"page_entity_id":null,"content_hierarchy":[]},"links":[[[{"start":0,"end":17,"url":null,"entity_id":"Q3364100","candidates":[]}],[{"start":0,"end":14,"url":null,"entity_id":"Q255943","candidates":[]}],[{"start":0,"end":31,"url":null,"entity_id":"Q14545628","candidates":[]}]],[[{"start":0,"end":25,"url":null,"entity_id":"Q3364106","candidates":[]}],[{"start":0,"end":7,"url":null,"entity_id":"Q812","candidates":[]}],[{"start":0,"end":31,"url":null,"entity_id":"Q14545628","candidates":[]}]],[[{"start":0,"end":20,"url":null,"entity_id":"Q5250784","candidates":[]}],[{"start":0,"end":13,"url":null,"entity_id":"Q503455","candidates":[]}],[{"start":0,"end":33,"url":null,"entity_id":"Q14545620","candidates":[]}]],[[{"start":0,"end":22,"url":null,"entity_id":"Q5470934","candidates":[]}],[{"start":0,"end":13,"url":null,"entity_id":"Q488818","candidates":[]}],[{"start":0,"end":33,"url":null,"entity_id":"Q14545620","candidates":[]}]],[[{"start":0,"end":21,"url":null,"entity_id":"Q4850349","candidates":[]}],[{"start":0,"end":15,"url":null,"entity_id":"Q488813","candidates":[]}],[{"start":0,"end":33,"url":null,"entity_id":"Q14545620","candidates":[]}]],[[{"start":0,"end":19,"url":null,"entity_id":"Q3791691","candidates":[]}],[{"start":0,"end":13,"url":null,"entity_id":"Q263742","candidates":[]}],[{"start":0,"end":33,"url":null,"entity_id":"Q14545620","candidates":[]}]],[[{"start":0,"end":20,"url":null,"entity_id":"Q6692429","candidates":[]}],[{"start":0,"end":7,"url":null,"entity_id":"Q812","candidates":[]}],[{"start":0,"end":33,"url":null,"entity_id":"Q14545620","candidates":[]}]],[[{"start":0,"end":31,"url":null,"entity_id":"Q6650817","candidates":[]}],[{"start":0,"end":7,"url":null,"entity_id":"Q812","candidates":[]}],[{"start":0,"end":33,"url":null,"entity_id":"Q14545620","candidates":[]}]],[[{"start":0,"end":22,"url":null,"entity_id":"Q6476769","candidates":[]}],[{"start":0,"end":7,"url":null,"entity_id":"Q812","candidates":[]}],[{"start":0,"end":33,"url":null,"entity_id":"Q14545620","candidates":[]}]],[[{"start":0,"end":22,"url":null,"entity_id":"Q6476675","candidates":[]}],[{"start":0,"end":7,"url":null,"entity_id":"Q812","candidates":[]}],[{"start":0,"end":33,"url":null,"entity_id":"Q14545620","candidates":[]}]],[[{"start":0,"end":25,"url":null,"entity_id":"Q6476464","candidates":[]}],[{"start":0,"end":7,"url":null,"entity_id":"Q812","candidates":[]}],[{"start":0,"end":33,"url":null,"entity_id":"Q14545620","candidates":[]}]],[[{"start":0,"end":23,"url":null,"entity_id":"Q6476049","candidates":[]}],[{"start":0,"end":7,"url":null,"entity_id":"Q812","candidates":[]}],[{"start":0,"end":33,"url":null,"entity_id":"Q14545620","candidates":[]}]],[[{"start":0,"end":33,"url":null,"entity_id":"Q6228246","candidates":[]}],[{"start":0,"end":7,"url":null,"entity_id":"Q812","candidates":[]}],[{"start":0,"end":33,"url":null,"entity_id":"Q14545620","candidates":[]}]],[[{"start":0,"end":25,"url":null,"entity_id":"Q5897280","candidates":[]}],[{"start":0,"end":7,"url":null,"entity_id":"Q812","candidates":[]}],[{"start":0,"end":33,"url":null,"entity_id":"Q14545620","candidates":[]}]],[[{"start":0,"end":36,"url":null,"entity_id":"Q5891669","candidates":[]}],[{"start":0,"end":7,"url":null,"entity_id":"Q812","candidates":[]}],[{"start":0,"end":33,"url":null,"entity_id":"Q14545620","candidates":[]}]],[[{"start":0,"end":24,"url":null,"entity_id":"Q5598444","candidates":[]}],[{"start":0,"end":7,"url":null,"entity_id":"Q812","candidates":[]}],[{"start":0,"end":33,"url":null,"entity_id":"Q14545620","candidates":[]}]],[[{"start":0,"end":38,"url":null,"entity_id":"Q5471219","candidates":[]}],[{"start":0,"end":7,"url":null,"entity_id":"Q812","candidates":[]}],[{"start":0,"end":33,"url":null,"entity_id":"Q14545620","candidates":[]}]],[[{"start":0,"end":22,"url":null,"entity_id":"Q5438553","candidates":[]}],[{"start":0,"end":7,"url":null,"entity_id":"Q812","candidates":[]}],[{"start":0,"end":33,"url":null,"entity_id":"Q14545620","candidates":[]}]],[[{"start":0,"end":27,"url":null,"entity_id":"Q5293300","candidates":[]}],[{"start":0,"end":7,"url":null,"entity_id":"Q812","candidates":[]}],[{"start":0,"end":33,"url":null,"entity_id":"Q14545620","candidates":[]}]],[[{"start":0,"end":32,"url":null,"entity_id":"Q5191341","candidates":[]}],[{"start":0,"end":7,"url":null,"entity_id":"Q812","candidates":[]}],[{"start":0,"end":33,"url":null,"entity_id":"Q14545620","candidates":[]}]],[[{"start":0,"end":26,"url":null,"entity_id":"Q5147157","candidates":[]}],[{"start":0,"end":7,"url":null,"entity_id":"Q812","candidates":[]}],[{"start":0,"end":33,"url":null,"entity_id":"Q14545620","candidates":[]}]],[[{"start":0,"end":26,"url":null,"entity_id":"Q5056781","candidates":[]}],[{"start":0,"end":7,"url":null,"entity_id":"Q812","candidates":[]}],[{"start":0,"end":33,"url":null,"entity_id":"Q14545620","candidates":[]}]],[[{"start":0,"end":21,"url":null,"entity_id":"Q4929898","candidates":[]}],[{"start":0,"end":7,"url":null,"entity_id":"Q812","candidates":[]}],[{"start":0,"end":33,"url":null,"entity_id":"Q14545620","candidates":[]}]],[[{"start":0,"end":27,"url":null,"entity_id":"Q4906501","candidates":[]}],[{"start":0,"end":7,"url":null,"entity_id":"Q812","candidates":[]}],[{"start":0,"end":33,"url":null,"entity_id":"Q14545620","candidates":[]}]]]}