{"version":"1.2","table":{"version":"2","table_id":"QGTXILVP","columns":[{"index":0,"name":"col0","values":["2019 Paris–Camembert","2017 Paris–Camembert","1949 Paris–Camembert","1987 Paris–Camembert","1988 Paris–Camembert","1989 Paris–Camembert","1990 Paris–Camembert","1991 Paris–Camembert","2016 Paris–Camembert","2015 Paris–Camembert","2013 Paris–Camembert","2014 Paris–Camembert","2011 Paris–Camembert","2012 Paris–Camembert","2010 Paris–Camembert","2009 Paris–Camembert","2008 Paris–Camembert","2007 Paris–Camembert","2006 Paris–Camembert","2005 Paris–Camembert"]},{"index":1,"name":"col1","values":["40.47","42.288","36.765","36.401","38.131","36","35.14","35.14","38.856","40.101","42.2","44.69","40.16","43.08","44.52","44.743","45.791","45.204","43.067","38.996"]},{"index":2,"name":"col2","values":["182","200","250","236","240","237","205","205","205","195","206.5","210","206.5","206.5","206.5","202.7","202.7","205","200","185.5"]}]},"context":{"page_title":null,"page_url":null,"page_entity_id":null,"content_hierarchy":[]},"links":[[[{"start":0,"end":20,"url":null,"entity_id":"Q63148328","candidates":[]}],[],[]],[[{"start":0,"end":20,"url":null,"entity_id":"Q28973091","candidates":[]}],[],[]],[[{"start":0,"end":20,"url":null,"entity_id":"Q28837367","candidates":[]}],[],[]],[[{"start":0,"end":20,"url":null,"entity_id":"Q28747400","candidates":[]}],[],[]],[[{"start":0,"end":20,"url":null,"entity_id":"Q28747398","candidates":[]}],[],[]],[[{"start":0,"end":20,"url":null,"entity_id":"Q28747395","candidates":[]}],[],[]],[[{"start":0,"end":20,"url":null,"entity_id":"Q28747394","candidates":[]}],[],[]],[[{"start":0,"end":20,"url":null,"entity_id":"Q28747393","candidates":[]}],[],[]],[[{"start":0,"end":20,"url":null,"entity_id":"Q21903450","candidates":[]}],[],[]],[[{"start":0,"end":20,"url":null,"entity_id":"Q19818801","candidates":[]}],[],[]],[[{"start":0,"end":20,"url":null,"entity_id":"Q16587133","candidates":[]}],[],[]],[[{"start":0,"end":20,"url":null,"entity_id":"Q16335780","candidates":[]}],[],[]],[[{"start":0,"end":20,"url":null,"entity_id":"Q3895913","candidates":[]}],[],[]],[[{"start":0,"end":20,"url":null,"entity_id":"Q3895912","candidates":[]}],[],[]],[[{"start":0,"end":20,"url":null,"entity_id":"Q3895911","candidates":[]}],[],[]],[[{"start":0,"end":20,"url":null,"entity_id":"Q3895910","candidates":[]}],[],[]],[[{"start":0,"end":20,"url":null,"entity_id":"Q3895909","candidates":[]}],[],[]],[[{"start":0,"end":20,"url":null,"entity_id":"Q3895908","candidates":[]}],[],[]],[[{"start":0,"end":20,"url":null,"entity_id":"Q3895906","candidates":[]}],[],[]],[[{"start":0,"end":20,"url":null,"entity_id":"Q3895905","candidates":[]}],[],[]]]}