{"version":"1.2","table":{"version":"2","table_id":"OU7966GW","columns":[{"index":0,"name":"col0","values":["Horrorcons","fictional cafe or tavern in the world of Harry Potter","shop in the Harry Potter universe","flying broom in Harry Potter universe","regeneration of The Doctor","anthropomorphic personification","Like Like","Iron Knuckle","Hogwarts portraits","Minor battles in The Lord of the Rings","family from the Harry Potter franchise","Races and nations of Warhammer Fantasy","Guild of Ankh-Morpork","regeneration","Quidditch teams in Hogwarts","elf in Discworld","Gordo","Creeper","horcrux","wizard's chess"]},{"index":1,"name":"col1","values":["Transformers universe","Harry Potter universe","Harry Potter universe","Harry Potter universe","Whoniverse","Discworld","Universe of The Legend of Zelda","Universe of The Legend of Zelda","Harry Potter universe","Tolkien's legendarium","Harry Potter universe","Warhammer fantasy setting","Discworld","Whoniverse","Harry Potter universe","Discworld","Kirby universe","Minecraft universe","Harry Potter universe","Harry Potter universe"]},{"index":2,"name":"col2","values":["Transformers","Harry Potter","Harry Potter","Harry Potter","Doctor Who","Discworld books","The Legend of Zelda","The Legend of Zelda","Harry Potter","The Lord of the Rings","Harry Potter","Warhammer Fantasy Battle","Discworld books","Doctor Who","Harry Potter","Discworld books","Kirby","Minecraft","Harry Potter","Harry Potter"]},{"index":3,"name":"col3","values":["Decepticon","location in Harry Potter","location in Harry Potter","magical object in Harry Potter","fictional character","Discworld character","recurring enemy in The Legend of Zelda","recurring enemy in The Legend of Zelda","portrait in the Harry Potter universe","fictional battle","fictional family","fictional entity","fictional organization","fictional event","Quidditch team","elf in fiction","video game character","video game character","magical object in Harry Potter","magical object in Harry Potter"]}]},"context":{"page_title":null,"page_url":null,"page_entity_id":null,"content_hierarchy":[]},"links":[[[{"start":0,"end":53,"url":null,"entity_id":"Q19826163","candidates":[]}],[{"start":0,"end":21,"url":null,"entity_id":"Q5410773","candidates":[]}],[{"start":0,"end":12,"url":null,"entity_id":"Q8337","candidates":[]}],[{"start":0,"end":24,"url":null,"entity_id":"Q208361","candidates":[]}]],[[{"start":0,"end":33,"url":null,"entity_id":"Q19826161","candidates":[]}],[{"start":0,"end":21,"url":null,"entity_id":"Q5410773","candidates":[]}],[{"start":0,"end":12,"url":null,"entity_id":"Q8337","candidates":[]}],[{"start":0,"end":24,"url":null,"entity_id":"Q208361","candidates":[]}]],[[{"start":0,"end":37,"url":null,"entity_id":"Q16694396","candidates":[]}],[{"start":0,"end":21,"url":null,"entity_id":"Q5410773","candidates":[]}],[{"start":0,"end":12,"url":null,"entity_id":"Q8337","candidates":[]}],[{"start":0,"end":30,"url":null,"entity_id":"Q190327","candidates":[]}]],[[{"start":0,"end":26,"url":null,"entity_id":"Q47543030","candidates":[]}],[{"start":0,"end":10,"url":null,"entity_id":"Q3567870","candidates":[]}],[{"start":0,"end":10,"url":null,"entity_id":"Q34316","candidates":[]}],[{"start":0,"end":19,"url":null,"entity_id":"Q95074","candidates":[]}]],[[{"start":0,"end":31,"url":null,"entity_id":"Q20280384","candidates":[]}],[{"start":0,"end":9,"url":null,"entity_id":"Q253295","candidates":[]}],[{"start":0,"end":15,"url":null,"entity_id":"Q3257270","candidates":[]}],[{"start":0,"end":19,"url":null,"entity_id":"Q18544860","candidates":[]}]],[[{"start":0,"end":9,"url":null,"entity_id":"Q15135751","candidates":[]}],[{"start":0,"end":31,"url":null,"entity_id":"Q1399781","candidates":[]}],[{"start":0,"end":19,"url":null,"entity_id":"Q12393","candidates":[]}],[{"start":0,"end":38,"url":null,"entity_id":"Q29584772","candidates":[]}]],[[{"start":0,"end":12,"url":null,"entity_id":"Q15135719","candidates":[]}],[{"start":0,"end":31,"url":null,"entity_id":"Q1399781","candidates":[]}],[{"start":0,"end":19,"url":null,"entity_id":"Q12393","candidates":[]}],[{"start":0,"end":38,"url":null,"entity_id":"Q29584772","candidates":[]}]],[[{"start":0,"end":18,"url":null,"entity_id":"Q11996080","candidates":[]}],[{"start":0,"end":21,"url":null,"entity_id":"Q5410773","candidates":[]}],[{"start":0,"end":12,"url":null,"entity_id":"Q8337","candidates":[]}],[{"start":0,"end":37,"url":null,"entity_id":"Q18237053","candidates":[]}]],[[{"start":0,"end":38,"url":null,"entity_id":"Q5562337","candidates":[]}],[{"start":0,"end":21,"url":null,"entity_id":"Q81738","candidates":[]}],[{"start":0,"end":21,"url":null,"entity_id":"Q15228","candidates":[]}],[{"start":0,"end":16,"url":null,"entity_id":"Q15707521","candidates":[]}]],[[{"start":0,"end":38,"url":null,"entity_id":"Q6092436","candidates":[]}],[{"start":0,"end":21,"url":null,"entity_id":"Q5410773","candidates":[]}],[{"start":0,"end":12,"url":null,"entity_id":"Q8337","candidates":[]}],[{"start":0,"end":16,"url":null,"entity_id":"Q15331236","candidates":[]}]],[[{"start":0,"end":38,"url":null,"entity_id":"Q7279020","candidates":[]}],[{"start":0,"end":25,"url":null,"entity_id":"Q15831558","candidates":[]}],[{"start":0,"end":24,"url":null,"entity_id":"Q928197","candidates":[]}],[{"start":0,"end":16,"url":null,"entity_id":"Q14897293","candidates":[]}]],[[{"start":0,"end":21,"url":null,"entity_id":"Q8458384","candidates":[]}],[{"start":0,"end":9,"url":null,"entity_id":"Q253295","candidates":[]}],[{"start":0,"end":15,"url":null,"entity_id":"Q3257270","candidates":[]}],[{"start":0,"end":22,"url":null,"entity_id":"Q14623646","candidates":[]}]],[[{"start":0,"end":12,"url":null,"entity_id":"Q7308032","candidates":[]}],[{"start":0,"end":10,"url":null,"entity_id":"Q3567870","candidates":[]}],[{"start":0,"end":10,"url":null,"entity_id":"Q34316","candidates":[]}],[{"start":0,"end":15,"url":null,"entity_id":"Q14136353","candidates":[]}]],[[{"start":0,"end":27,"url":null,"entity_id":"Q6070836","candidates":[]}],[{"start":0,"end":21,"url":null,"entity_id":"Q5410773","candidates":[]}],[{"start":0,"end":12,"url":null,"entity_id":"Q8337","candidates":[]}],[{"start":0,"end":14,"url":null,"entity_id":"Q3967406","candidates":[]}]],[[{"start":0,"end":16,"url":null,"entity_id":"Q5368029","candidates":[]}],[{"start":0,"end":9,"url":null,"entity_id":"Q253295","candidates":[]}],[{"start":0,"end":15,"url":null,"entity_id":"Q3257270","candidates":[]}],[{"start":0,"end":14,"url":null,"entity_id":"Q3050815","candidates":[]}]],[[{"start":0,"end":5,"url":null,"entity_id":"Q11303711","candidates":[]}],[{"start":0,"end":14,"url":null,"entity_id":"Q20747138","candidates":[]}],[{"start":0,"end":5,"url":null,"entity_id":"Q2569953","candidates":[]}],[{"start":0,"end":20,"url":null,"entity_id":"Q1569167","candidates":[]}]],[[{"start":0,"end":7,"url":null,"entity_id":"Q13164404","candidates":[]}],[{"start":0,"end":18,"url":null,"entity_id":"Q26945014","candidates":[]}],[{"start":0,"end":9,"url":null,"entity_id":"Q49740","candidates":[]}],[{"start":0,"end":20,"url":null,"entity_id":"Q1569167","candidates":[]}]],[[{"start":0,"end":7,"url":null,"entity_id":"Q10298203","candidates":[]}],[{"start":0,"end":21,"url":null,"entity_id":"Q5410773","candidates":[]}],[{"start":0,"end":12,"url":null,"entity_id":"Q8337","candidates":[]}],[{"start":0,"end":30,"url":null,"entity_id":"Q190327","candidates":[]}]],[[{"start":0,"end":14,"url":null,"entity_id":"Q10294005","candidates":[]}],[{"start":0,"end":21,"url":null,"entity_id":"Q5410773","candidates":[]}],[{"start":0,"end":12,"url":null,"entity_id":"Q8337","candidates":[]}],[{"start":0,"end":30,"url":null,"entity_id":"Q190327","candidates":[]}]],[[{"start":0,"end":10,"url":null,"entity_id":"Q16844807","candidates":[]}],[{"start":0,"end":21,"url":null,"entity_id":"Q2101612","candidates":[]}],[{"start":0,"end":12,"url":null,"entity_id":"Q1323565","candidates":[]}],[{"start":0,"end":10,"url":null,"entity_id":"Q1050840","candidates":[]}]]]}