{"version":"1.2","table":{"version":"2","table_id":"OWT6TL8T","columns":[{"index":0,"name":"col0","values":["Donostia-San Sebastian","Bilbao","Castelló de la Plana","Vitoria-Gasteiz","Seville","Las Palmas de Gran Canaria","Malaga","Huelva","Granada","A Coruña","Cádiz","Córdoba","Mérida","Almería","Valladolid","Palma","Madrid","Logroño","Santander","Vigo"]},{"index":1,"name":"col1","values":["Atotxa Stadium","Deportivo fronton","Nou Estadi Castalia","Mendizorrotza Stadium","St. Ildefonso Receiving the Chasuble from the Virgin","Estadio Alfonso Silva","La Rosaleda Stadium","Estadio Nuevo Colombino","Estadio Nuevo Los Cármeness","Estadio Municipal de abanca Riazor","Estadio Ramón de Carranza","Estadio Nuevo Arcángel","Estadio Romano","Estadio de los Juegos Mediterráneos","Estadio Nuevo José Zorrilla","Son Moix","Caja Mágica","Palacio de los Deportes de La Rioja","Campos de Sport de El Sardinero","Abanca Balaídos Stadium"]},{"index":2,"name":"col2","values":["Cantabrian Sea","Estuary of Bilbao","Mediterranean Sea","Zadorra","Guadalquivir","Atlantic Ocean","Mediterranean Sea","Atlantic Ocean","Darro","Atlantic Ocean","Atlantic Ocean","Guadalquivir","Guadiana","Mediterranean Sea","Pisuerga river","Mediterranean Sea","Manzanares","Ebro","Cantabrian Sea","Atlantic Ocean"]},{"index":3,"name":"col3","values":["Donostialdea (region)","Greater Bilbao","Plana Alta","Cuadrilla de Vitoria","Seville Province","Las Palmas Province","Málaga Province","Huelva Province","Granada Province","A Coruña Province","Cádiz Province","Córdoba Province","Badajoz Province","Almería Province","Valladolid Province","Majorca","Community of Madrid","La Rioja","Cantabria","Vigo"]}]},"context":{"page_title":null,"page_url":null,"page_entity_id":null,"content_hierarchy":[]},"links":[[[{"start":0,"end":22,"url":null,"entity_id":"Q10313","candidates":[]}],[{"start":0,"end":14,"url":null,"entity_id":"Q3179478","candidates":[]}],[{"start":0,"end":14,"url":null,"entity_id":"Q2090594","candidates":[]}],[{"start":0,"end":21,"url":null,"entity_id":"Q2602877","candidates":[]}]],[[{"start":0,"end":6,"url":null,"entity_id":"Q8692","candidates":[]}],[{"start":0,"end":17,"url":null,"entity_id":"Q3754913","candidates":[]}],[{"start":0,"end":17,"url":null,"entity_id":"Q2731872","candidates":[]}],[{"start":0,"end":14,"url":null,"entity_id":"Q2355185","candidates":[]}]],[[{"start":0,"end":20,"url":null,"entity_id":"Q15092","candidates":[]}],[{"start":0,"end":19,"url":null,"entity_id":"Q264581","candidates":[]}],[{"start":0,"end":17,"url":null,"entity_id":"Q4918","candidates":[]}],[{"start":0,"end":10,"url":null,"entity_id":"Q1949333","candidates":[]}]],[[{"start":0,"end":15,"url":null,"entity_id":"Q14318","candidates":[]}],[{"start":0,"end":21,"url":null,"entity_id":"Q1369390","candidates":[]}],[{"start":0,"end":7,"url":null,"entity_id":"Q20339","candidates":[]}],[{"start":0,"end":20,"url":null,"entity_id":"Q281994","candidates":[]}]],[[{"start":0,"end":7,"url":null,"entity_id":"Q8717","candidates":[]}],[{"start":0,"end":52,"url":null,"entity_id":"Q925635","candidates":[]}],[{"start":0,"end":12,"url":null,"entity_id":"Q14309","candidates":[]}],[{"start":0,"end":16,"url":null,"entity_id":"Q95088","candidates":[]}]],[[{"start":0,"end":26,"url":null,"entity_id":"Q11974","candidates":[]}],[{"start":0,"end":21,"url":null,"entity_id":"Q3733325","candidates":[]}],[{"start":0,"end":14,"url":null,"entity_id":"Q97","candidates":[]}],[{"start":0,"end":19,"url":null,"entity_id":"Q95080","candidates":[]}]],[[{"start":0,"end":6,"url":null,"entity_id":"Q8851","candidates":[]}],[{"start":0,"end":19,"url":null,"entity_id":"Q695879","candidates":[]}],[{"start":0,"end":17,"url":null,"entity_id":"Q4918","candidates":[]}],[{"start":0,"end":15,"url":null,"entity_id":"Q95028","candidates":[]}]],[[{"start":0,"end":6,"url":null,"entity_id":"Q12246","candidates":[]}],[{"start":0,"end":23,"url":null,"entity_id":"Q654329","candidates":[]}],[{"start":0,"end":14,"url":null,"entity_id":"Q97","candidates":[]}],[{"start":0,"end":15,"url":null,"entity_id":"Q95015","candidates":[]}]],[[{"start":0,"end":7,"url":null,"entity_id":"Q8810","candidates":[]}],[{"start":0,"end":27,"url":null,"entity_id":"Q574565","candidates":[]}],[{"start":0,"end":5,"url":null,"entity_id":"Q1166701","candidates":[]}],[{"start":0,"end":16,"url":null,"entity_id":"Q82142","candidates":[]}]],[[{"start":0,"end":8,"url":null,"entity_id":"Q8757","candidates":[]}],[{"start":0,"end":34,"url":null,"entity_id":"Q22130","candidates":[]}],[{"start":0,"end":14,"url":null,"entity_id":"Q97","candidates":[]}],[{"start":0,"end":17,"url":null,"entity_id":"Q82119","candidates":[]}]],[[{"start":0,"end":5,"url":null,"entity_id":"Q15682","candidates":[]}],[{"start":0,"end":25,"url":null,"entity_id":"Q2301915","candidates":[]}],[{"start":0,"end":14,"url":null,"entity_id":"Q97","candidates":[]}],[{"start":0,"end":14,"url":null,"entity_id":"Q81978","candidates":[]}]],[[{"start":0,"end":7,"url":null,"entity_id":"Q5818","candidates":[]}],[{"start":0,"end":22,"url":null,"entity_id":"Q121879","candidates":[]}],[{"start":0,"end":12,"url":null,"entity_id":"Q14309","candidates":[]}],[{"start":0,"end":16,"url":null,"entity_id":"Q81972","candidates":[]}]],[[{"start":0,"end":6,"url":null,"entity_id":"Q14323","candidates":[]}],[{"start":0,"end":14,"url":null,"entity_id":"Q924700","candidates":[]}],[{"start":0,"end":8,"url":null,"entity_id":"Q14305","candidates":[]}],[{"start":0,"end":16,"url":null,"entity_id":"Q81803","candidates":[]}]],[[{"start":0,"end":7,"url":null,"entity_id":"Q10400","candidates":[]}],[{"start":0,"end":35,"url":null,"entity_id":"Q1130617","candidates":[]}],[{"start":0,"end":17,"url":null,"entity_id":"Q4918","candidates":[]}],[{"start":0,"end":16,"url":null,"entity_id":"Q81802","candidates":[]}]],[[{"start":0,"end":10,"url":null,"entity_id":"Q8356","candidates":[]}],[{"start":0,"end":27,"url":null,"entity_id":"Q151816","candidates":[]}],[{"start":0,"end":14,"url":null,"entity_id":"Q14757","candidates":[]}],[{"start":0,"end":19,"url":null,"entity_id":"Q71097","candidates":[]}]],[[{"start":0,"end":5,"url":null,"entity_id":"Q8826","candidates":[]}],[{"start":0,"end":8,"url":null,"entity_id":"Q276163","candidates":[]}],[{"start":0,"end":17,"url":null,"entity_id":"Q4918","candidates":[]}],[{"start":0,"end":7,"url":null,"entity_id":"Q8828","candidates":[]}]],[[{"start":0,"end":6,"url":null,"entity_id":"Q2807","candidates":[]}],[{"start":0,"end":11,"url":null,"entity_id":"Q371585","candidates":[]}],[{"start":0,"end":10,"url":null,"entity_id":"Q16512","candidates":[]}],[{"start":0,"end":19,"url":null,"entity_id":"Q5756","candidates":[]}]],[[{"start":0,"end":7,"url":null,"entity_id":"Q14325","candidates":[]}],[{"start":0,"end":35,"url":null,"entity_id":"Q7126327","candidates":[]}],[{"start":0,"end":4,"url":null,"entity_id":"Q10965","candidates":[]}],[{"start":0,"end":8,"url":null,"entity_id":"Q5727","candidates":[]}]],[[{"start":0,"end":9,"url":null,"entity_id":"Q12233","candidates":[]}],[{"start":0,"end":31,"url":null,"entity_id":"Q195391","candidates":[]}],[{"start":0,"end":14,"url":null,"entity_id":"Q2090594","candidates":[]}],[{"start":0,"end":9,"url":null,"entity_id":"Q3946","candidates":[]}]],[[{"start":0,"end":4,"url":null,"entity_id":"Q8745","candidates":[]}],[{"start":0,"end":23,"url":null,"entity_id":"Q1326578","candidates":[]}],[{"start":0,"end":14,"url":null,"entity_id":"Q97","candidates":[]}],[{"start":0,"end":4,"url":null,"entity_id":"Q968623","candidates":[]}]]]}