{"version":"1.2","table":{"version":"2","table_id":"OX9OUDQC","columns":[{"index":0,"name":"col0","values":["V* RY Lup","2MASS J05342123-0535347","Cl* IC 348 LRL 229","WRAY 15-1384","ESO-HA 914","NGC 2264 84","2MASS J06404485+0957442","2MASS J06411159+1002235","2MASS J06394626+0948198","2MASS J05350303-0459597","V* SY Ori","2MASS J05345276-0500509","2MASS J05341634-0449271","2MASS J05345603-0438120","2MASS J05353903-0507043","2MASS J05335210-0530284","2MASS J05350724-0450254","2MASS J05353041-0534385","2MASS J05360680-0506156","2MASS J05350960-0433110"]},{"index":1,"name":"col1","values":["-21.854","0.355","-7.12","-22.503","0.171","-3.675","-3.439","-3.378","-5.053","-1.006","0.668","0.298","0.171","0.037","-0.188","0.258","0.387","0.117","0.272","-151.549"]},{"index":2,"name":"col2","values":["16.3","20.364","19.34","12.7","44.97","36.3","24","39.2","1.2","55.157","18.761","35.341","44.97","6.187","44.165","15.072","109.775","12.743","13.528","383.994"]},{"index":3,"name":"col3","values":["159.0989","434.5937","325.8603","158.0103","393.3601","698.2753","716.7431","762.3694","1671.9612","373.4548","366.4212","373.8737","393.3601","398.2001","344.9584","365.8447","347.4997","402.3012","378.7592","73.3999"]},{"index":4,"name":"col4","values":["239.8682718845813","83.5884741133838","56.2410190523612","239.0087465789682","83.568123109915","100.17575829559","100.1868902009655","100.298296806924","99.9427854286319","83.7626645461268","83.7920105586373","83.7198516582716","83.568123109915","83.7335104000097","83.9126168407979","83.4671308720857","83.7801937375192","83.8767584072106","84.0283495688802","83.7900388918801"]},{"index":5,"name":"col5","values":["7400","7380","4800","56000","18900","9100","32000","29000","759","11070","21700","19770","18900","10020","13430","9770","5010","6640","13770","2960"]}]},"context":{"page_title":null,"page_url":null,"page_entity_id":null,"content_hierarchy":[]},"links":[[[{"start":0,"end":9,"url":null,"entity_id":"Q83300060","candidates":[]}],[],[],[],[],[]],[[{"start":0,"end":23,"url":null,"entity_id":"Q83221341","candidates":[]}],[],[],[],[],[]],[[{"start":0,"end":18,"url":null,"entity_id":"Q82947789","candidates":[]}],[],[],[],[],[]],[[{"start":0,"end":12,"url":null,"entity_id":"Q82484783","candidates":[]}],[],[],[],[],[]],[[{"start":0,"end":10,"url":null,"entity_id":"Q82412053","candidates":[]}],[],[],[],[],[]],[[{"start":0,"end":11,"url":null,"entity_id":"Q82344759","candidates":[]}],[],[],[],[],[]],[[{"start":0,"end":23,"url":null,"entity_id":"Q82233344","candidates":[]}],[],[],[],[],[]],[[{"start":0,"end":23,"url":null,"entity_id":"Q81944773","candidates":[]}],[],[],[],[],[]],[[{"start":0,"end":23,"url":null,"entity_id":"Q81938674","candidates":[]}],[],[],[],[],[]],[[{"start":0,"end":23,"url":null,"entity_id":"Q78247756","candidates":[]}],[],[],[],[],[]],[[{"start":0,"end":9,"url":null,"entity_id":"Q78247732","candidates":[]}],[],[],[],[],[]],[[{"start":0,"end":23,"url":null,"entity_id":"Q78247688","candidates":[]}],[],[],[],[],[]],[[{"start":0,"end":23,"url":null,"entity_id":"Q78246731","candidates":[]}],[],[],[],[],[]],[[{"start":0,"end":23,"url":null,"entity_id":"Q78246450","candidates":[]}],[],[],[],[],[]],[[{"start":0,"end":23,"url":null,"entity_id":"Q78245924","candidates":[]}],[],[],[],[],[]],[[{"start":0,"end":23,"url":null,"entity_id":"Q78244990","candidates":[]}],[],[],[],[],[]],[[{"start":0,"end":23,"url":null,"entity_id":"Q78244622","candidates":[]}],[],[],[],[],[]],[[{"start":0,"end":23,"url":null,"entity_id":"Q78243782","candidates":[]}],[],[],[],[],[]],[[{"start":0,"end":23,"url":null,"entity_id":"Q78242185","candidates":[]}],[],[],[],[],[]],[[{"start":0,"end":23,"url":null,"entity_id":"Q78241463","candidates":[]}],[],[],[],[],[]]]}