{"version":"1.2","table":{"version":"2","table_id":"OXLTY5IY","columns":[{"index":0,"name":"col0","values":["4U 1317+06","2MASX J04532576+0403416","2MASX J13243528-1945114","ESO 139-12","Mrk 461","2MASX J14323249+3406257","2MASX J14305363+3458364","PGC 55550","PGC 48864","FSC15307+3253","NGC 424","NGC 4395","NGC 1058","NGC 7378","NGC 1275","Messier 61","IC 1149","IC 5287","2MASX J07032428-6015221","IC 4373"]},{"index":1,"name":"col1","values":["5.6179807513309","4.0616111264434","-19.753056437001","-59.9407346203709","34.148780381909","34.1070585359021","34.9767867525491","14.5176974563435","11.1062976790546","32.7129777228542","-38.0834455833058","33.5468596344523","37.3413354842991","-11.8166241247745","41.5116983765094","4.473774537722","12.0703011480032","0.7565024792427","-60.2562404904673","25.2313696601126"]},{"index":2,"name":"col2","values":["-1.158","0.348","-0.443","-0.03","1.981","-0.595","3.37","-0.247","0.554","-2.644","-2.438","-3.209","-2.006","-1.248","-0.55","0.509","-1.448","-0.5","0.175","-1.813"]},{"index":3,"name":"col3","values":["54739","8632.7","5287","5118","4872","12327","24101","5917","6771","172447","3515","318","471.1","2558","5263","1567","4681","9714","9294","8919"]},{"index":4,"name":"col4","values":["0.20281","0.02939","0.017625","0.0173","0.01625","0.042","0.0839","0.01946","0.0228","0.926","0.011588","0.00106","0.001728","0.008666","0.017547","0.00523","0.01561","0.0324","0.031572","0.02974"]},{"index":5,"name":"col5","values":["850.4","127","77.09","74.5","73.51","194","384","85.48","104.5","7000000000","51.05","4.76","2.42","29.11","62.52","16.5","66.34","139","130.98","130.09"]}]},"context":{"page_title":null,"page_url":null,"page_entity_id":null,"content_hierarchy":[]},"links":[[[{"start":0,"end":23,"url":null,"entity_id":"Q86963439","candidates":[]}],[],[],[],[],[]],[[{"start":0,"end":23,"url":null,"entity_id":"Q83753917","candidates":[]}],[],[],[],[],[]],[[{"start":0,"end":10,"url":null,"entity_id":"Q85096522","candidates":[]}],[],[],[],[],[]],[[{"start":0,"end":7,"url":null,"entity_id":"Q78387581","candidates":[]}],[],[],[],[],[]],[[{"start":0,"end":23,"url":null,"entity_id":"Q75205856","candidates":[]}],[],[],[],[],[]],[[{"start":0,"end":23,"url":null,"entity_id":"Q75198791","candidates":[]}],[],[],[],[],[]],[[{"start":0,"end":9,"url":null,"entity_id":"Q60239548","candidates":[]}],[],[],[],[],[]],[[{"start":0,"end":9,"url":null,"entity_id":"Q60237585","candidates":[]}],[],[],[],[],[]],[[{"start":0,"end":13,"url":null,"entity_id":"Q5427114","candidates":[]}],[],[],[],[],[]],[[{"start":0,"end":7,"url":null,"entity_id":"Q957278","candidates":[]}],[],[],[],[],[]],[[{"start":0,"end":8,"url":null,"entity_id":"Q942001","candidates":[]}],[],[],[],[],[]],[[{"start":0,"end":8,"url":null,"entity_id":"Q920256","candidates":[]}],[],[],[],[],[]],[[{"start":0,"end":8,"url":null,"entity_id":"Q506827","candidates":[]}],[],[],[],[],[]],[[{"start":0,"end":8,"url":null,"entity_id":"Q497687","candidates":[]}],[],[],[],[],[]],[[{"start":0,"end":10,"url":null,"entity_id":"Q13978","candidates":[]}],[],[],[],[],[]],[[{"start":0,"end":7,"url":null,"entity_id":"Q3710939","candidates":[]}],[],[],[],[],[]],[[{"start":0,"end":7,"url":null,"entity_id":"Q3679923","candidates":[]}],[],[],[],[],[]],[[{"start":0,"end":23,"url":null,"entity_id":"Q3359464","candidates":[]}],[],[],[],[],[]],[[{"start":0,"end":7,"url":null,"entity_id":"Q2591694","candidates":[]}],[],[],[],[],[]],[[{"start":0,"end":10,"url":null,"entity_id":"Q86508138","candidates":[]}],[],[],[],[],[]]]}