{"version":"1.2","table":{"version":"2","table_id":"OZ8FST9V","columns":[{"index":0,"name":"col0","values":["Portrait of Albert VII, Archduke of Austria (1559-1621); sovereign of the Habsburg Netherlands, BE SA 322525","Portrait of Joannes van Bosco (1613-1684); franciscan, BE SA 322550","Portrait of Peeter Van Bredael,  BE SA 335837","Van Bavegem, Petrus Joannes (1745-1805); physician, BE SA 335832","Portrait of Al van Albrecht van Oostenrijk (1559-1621); aartshertog, landvoogd van de Zuidelijke Nederlanden, BE SA 322526","Portrait of Albert VII, Archduke of Austria (1559-1621); sovereign of the Habsburg Netherlands and Isabella of  Spain (1566-1633); archdutchess and sovereign of the Habsburg Netherlands, BE SA 322522","Portrait of Pieter Van Avont (1600-1652); painter, BE SA 335830","Portrait of Bloemaert, Abraham (1566-1651); painter, BE SA 322543","Portrait of Otto van Veen (1556-1629), BE SA 335917","From Vækerø","Portrait of J.C. Dahl (landscape painter)","The Ill-Assorted Couple","The Ill-Assorted Couple","Hans Strøm","Cornelis Bontekoe","Sr. Thomas Smyth","Johann Andreas Cramer","The Entombment","The Last Judgment","The Ill-Assorted Couple"]},{"index":1,"name":"col1","values":["1570-01-01","1665-01-01","1700-01-01","1790-01-01","1590-01-01","1571-01-01","1651-01-01","1800-01-01","1601-01-01","1790-01-01","1850-01-01","1495-01-01","1495-01-01","1791-01-01","1700-01-01","1813-01-01","1774-01-01","1609-01-01","1480-01-01","1495-01-01"]},{"index":2,"name":"col2","values":["FelixArchief","FelixArchief","FelixArchief","FelixArchief","FelixArchief","FelixArchief","FelixArchief","FelixArchief","FelixArchief","Oslo Museum","Oslo Museum","Los Angeles County Museum of Art","National Gallery of Victoria","Royal Danish Library","Netherlands Institute for Art History","National Library of Wales","Herzog August Library","National Gallery of Art","National Gallery of Art","National Gallery of Art"]}]},"context":{"page_title":null,"page_url":null,"page_entity_id":null,"content_hierarchy":[]},"links":[[[{"start":0,"end":108,"url":null,"entity_id":"Q63052884","candidates":[]}],[],[{"start":0,"end":12,"url":null,"entity_id":"Q29016912","candidates":[]}]],[[{"start":0,"end":67,"url":null,"entity_id":"Q63052482","candidates":[]}],[],[{"start":0,"end":12,"url":null,"entity_id":"Q29016912","candidates":[]}]],[[{"start":0,"end":45,"url":null,"entity_id":"Q63052407","candidates":[]}],[],[{"start":0,"end":12,"url":null,"entity_id":"Q29016912","candidates":[]}]],[[{"start":0,"end":64,"url":null,"entity_id":"Q63052370","candidates":[]}],[],[{"start":0,"end":12,"url":null,"entity_id":"Q29016912","candidates":[]}]],[[{"start":0,"end":122,"url":null,"entity_id":"Q63052266","candidates":[]}],[],[{"start":0,"end":12,"url":null,"entity_id":"Q29016912","candidates":[]}]],[[{"start":0,"end":199,"url":null,"entity_id":"Q63052220","candidates":[]}],[],[{"start":0,"end":12,"url":null,"entity_id":"Q29016912","candidates":[]}]],[[{"start":0,"end":63,"url":null,"entity_id":"Q63052084","candidates":[]}],[],[{"start":0,"end":12,"url":null,"entity_id":"Q29016912","candidates":[]}]],[[{"start":0,"end":65,"url":null,"entity_id":"Q63052046","candidates":[]}],[],[{"start":0,"end":12,"url":null,"entity_id":"Q29016912","candidates":[]}]],[[{"start":0,"end":51,"url":null,"entity_id":"Q63039017","candidates":[]}],[],[{"start":0,"end":12,"url":null,"entity_id":"Q29016912","candidates":[]}]],[[{"start":0,"end":11,"url":null,"entity_id":"Q72669557","candidates":[]}],[],[{"start":0,"end":11,"url":null,"entity_id":"Q6877320","candidates":[]}]],[[{"start":0,"end":41,"url":null,"entity_id":"Q72554797","candidates":[]}],[],[{"start":0,"end":11,"url":null,"entity_id":"Q6877320","candidates":[]}]],[[{"start":0,"end":23,"url":null,"entity_id":"Q58793268","candidates":[]}],[],[{"start":0,"end":32,"url":null,"entity_id":"Q1641836","candidates":[]}]],[[{"start":0,"end":23,"url":null,"entity_id":"Q58757550","candidates":[]}],[],[{"start":0,"end":28,"url":null,"entity_id":"Q1464509","candidates":[]}]],[[{"start":0,"end":10,"url":null,"entity_id":"Q74645418","candidates":[]}],[],[{"start":0,"end":20,"url":null,"entity_id":"Q867885","candidates":[]}]],[[{"start":0,"end":17,"url":null,"entity_id":"Q28114704","candidates":[]}],[],[{"start":0,"end":37,"url":null,"entity_id":"Q758610","candidates":[]}]],[[{"start":0,"end":16,"url":null,"entity_id":"Q55013974","candidates":[]}],[],[{"start":0,"end":25,"url":null,"entity_id":"Q666063","candidates":[]}]],[[{"start":0,"end":21,"url":null,"entity_id":"Q41344944","candidates":[]}],[],[{"start":0,"end":21,"url":null,"entity_id":"Q663820","candidates":[]}]],[[{"start":0,"end":14,"url":null,"entity_id":"Q65509808","candidates":[]}],[],[{"start":0,"end":23,"url":null,"entity_id":"Q214867","candidates":[]}]],[[{"start":0,"end":17,"url":null,"entity_id":"Q64955980","candidates":[]}],[],[{"start":0,"end":23,"url":null,"entity_id":"Q214867","candidates":[]}]],[[{"start":0,"end":23,"url":null,"entity_id":"Q58758588","candidates":[]}],[],[{"start":0,"end":23,"url":null,"entity_id":"Q214867","candidates":[]}]]]}