{"version":"1.2","table":{"version":"2","table_id":"OZJIMP3R","columns":[{"index":0,"name":"col0","values":["Middlesbrough F.C.","Birmingham City F.C.","Wigan Athletic F.C.","Southend United F.C.","AFC Bournemouth","Burnley F.C.","Swansea City A.F.C.","Southampton F.C.","Xanthi F.C.","R.S.C. Anderlecht","Blackburn Rovers F.C.","Bolton Wanderers F.C.","Brisbane Roar FC","Crewe Alexandra F.C.","Bristol City F.C.","Edmonton Drillers (1979–82)","Norwich City F.C.","Manchester United F.C.","Accra Hearts of Oak SC","Aldershot F.C."]},{"index":1,"name":"col1","values":["United Kingdom","United Kingdom","United Kingdom","United Kingdom","United Kingdom","United Kingdom","United Kingdom","United Kingdom","Greece","Belgium","United Kingdom","United Kingdom","Australia","United Kingdom","United Kingdom","Canada","United Kingdom","United Kingdom","Ghana","United Kingdom"]},{"index":2,"name":"col2","values":["Middlesbrough Football Club","Birmingham City Football Club","Wigan Athletic Football Club","Southend United Football Club","AFC Bournemouth","Burnley Football Club","Swansea City Association Football Club","Southampton Football Club","XANTHI F.C.","Royal Sporting Club Anderlecht","Blackburn Rovers Football Club","Bolton Wanderers Football Club","Brisbane Roar Football Club","Crewe Alexandra Football Club","Bristol City Football Club","Edmonton Drillers","Norwich City Football Club","Manchester United Football Club","Accra Hearts of Oak Sporting Club","Aldershot Football Club"]},{"index":3,"name":"col3","values":["Riverside Stadium","St Andrew's","DW Stadium","Roots Hall","Dean Court","Turf Moor","Liberty Stadium","St Mary's Stadium","Xanthi Arena","Constant Vanden Stock Stadium","Ewood Park","Reebok Stadium","Brisbane Stadium","Alexandra Stadium","Ashton Gate Stadium","Commonwealth Stadium","Carrow Road","Old Trafford","Accra Sports Stadium","Recreation Ground"]}]},"context":{"page_title":null,"page_url":null,"page_entity_id":null,"content_hierarchy":[]},"links":[[[{"start":0,"end":18,"url":null,"entity_id":"Q18661","candidates":[]}],[{"start":0,"end":14,"url":null,"entity_id":"Q145","candidates":[]}],[],[{"start":0,"end":17,"url":null,"entity_id":"Q822886","candidates":[]}]],[[{"start":0,"end":20,"url":null,"entity_id":"Q19444","candidates":[]}],[{"start":0,"end":14,"url":null,"entity_id":"Q145","candidates":[]}],[],[{"start":0,"end":11,"url":null,"entity_id":"Q819179","candidates":[]}]],[[{"start":0,"end":19,"url":null,"entity_id":"Q18750","candidates":[]}],[{"start":0,"end":14,"url":null,"entity_id":"Q145","candidates":[]}],[],[{"start":0,"end":10,"url":null,"entity_id":"Q494388","candidates":[]}]],[[{"start":0,"end":20,"url":null,"entity_id":"Q48951","candidates":[]}],[{"start":0,"end":14,"url":null,"entity_id":"Q145","candidates":[]}],[],[{"start":0,"end":10,"url":null,"entity_id":"Q475446","candidates":[]}]],[[{"start":0,"end":15,"url":null,"entity_id":"Q19568","candidates":[]}],[{"start":0,"end":14,"url":null,"entity_id":"Q145","candidates":[]}],[],[{"start":0,"end":10,"url":null,"entity_id":"Q619094","candidates":[]}]],[[{"start":0,"end":12,"url":null,"entity_id":"Q19458","candidates":[]}],[{"start":0,"end":14,"url":null,"entity_id":"Q145","candidates":[]}],[],[{"start":0,"end":9,"url":null,"entity_id":"Q683112","candidates":[]}]],[[{"start":0,"end":19,"url":null,"entity_id":"Q18659","candidates":[]}],[{"start":0,"end":14,"url":null,"entity_id":"Q145","candidates":[]}],[],[{"start":0,"end":15,"url":null,"entity_id":"Q580480","candidates":[]}]],[[{"start":0,"end":16,"url":null,"entity_id":"Q18732","candidates":[]}],[{"start":0,"end":14,"url":null,"entity_id":"Q145","candidates":[]}],[],[{"start":0,"end":17,"url":null,"entity_id":"Q567339","candidates":[]}]],[[{"start":0,"end":11,"url":null,"entity_id":"Q750437","candidates":[]}],[{"start":0,"end":6,"url":null,"entity_id":"Q41","candidates":[]}],[],[{"start":0,"end":12,"url":null,"entity_id":"Q280878","candidates":[]}]],[[{"start":0,"end":17,"url":null,"entity_id":"Q187528","candidates":[]}],[{"start":0,"end":7,"url":null,"entity_id":"Q31","candidates":[]}],[],[{"start":0,"end":29,"url":null,"entity_id":"Q262326","candidates":[]}]],[[{"start":0,"end":21,"url":null,"entity_id":"Q19446","candidates":[]}],[{"start":0,"end":14,"url":null,"entity_id":"Q145","candidates":[]}],[],[{"start":0,"end":10,"url":null,"entity_id":"Q245085","candidates":[]}]],[[{"start":0,"end":21,"url":null,"entity_id":"Q19451","candidates":[]}],[{"start":0,"end":14,"url":null,"entity_id":"Q145","candidates":[]}],[],[{"start":0,"end":14,"url":null,"entity_id":"Q242772","candidates":[]}]],[[{"start":0,"end":16,"url":null,"entity_id":"Q839997","candidates":[]}],[{"start":0,"end":9,"url":null,"entity_id":"Q408","candidates":[]}],[],[{"start":0,"end":16,"url":null,"entity_id":"Q643328","candidates":[]}]],[[{"start":0,"end":20,"url":null,"entity_id":"Q19587","candidates":[]}],[{"start":0,"end":14,"url":null,"entity_id":"Q145","candidates":[]}],[],[{"start":0,"end":17,"url":null,"entity_id":"Q389544","candidates":[]}]],[[{"start":0,"end":17,"url":null,"entity_id":"Q19456","candidates":[]}],[{"start":0,"end":14,"url":null,"entity_id":"Q145","candidates":[]}],[],[{"start":0,"end":19,"url":null,"entity_id":"Q726370","candidates":[]}]],[[{"start":0,"end":27,"url":null,"entity_id":"Q16765359","candidates":[]}],[{"start":0,"end":6,"url":null,"entity_id":"Q16","candidates":[]}],[],[{"start":0,"end":20,"url":null,"entity_id":"Q130381","candidates":[]}]],[[{"start":0,"end":17,"url":null,"entity_id":"Q18721","candidates":[]}],[{"start":0,"end":14,"url":null,"entity_id":"Q145","candidates":[]}],[],[{"start":0,"end":11,"url":null,"entity_id":"Q123017","candidates":[]}]],[[{"start":0,"end":22,"url":null,"entity_id":"Q18656","candidates":[]}],[{"start":0,"end":14,"url":null,"entity_id":"Q145","candidates":[]}],[],[{"start":0,"end":12,"url":null,"entity_id":"Q83457","candidates":[]}]],[[{"start":0,"end":22,"url":null,"entity_id":"Q339560","candidates":[]}],[{"start":0,"end":5,"url":null,"entity_id":"Q117","candidates":[]}],[],[{"start":0,"end":20,"url":null,"entity_id":"Q339568","candidates":[]}]],[[{"start":0,"end":14,"url":null,"entity_id":"Q2300305","candidates":[]}],[{"start":0,"end":14,"url":null,"entity_id":"Q145","candidates":[]}],[],[{"start":0,"end":17,"url":null,"entity_id":"Q325809","candidates":[]}]]]}