{"version":"1.2","table":{"version":"2","table_id":"OZP89ZKE","columns":[{"index":0,"name":"col0","values":["Mesier 41","Butterily Cluster","Eeehive Cluster","Messie 7","NC 752","essier 38","Messier\"37","Mevsier 6","Messie 34","Messjer 67","Mssier 103","GC 281","NG 869","NGC :84","Mesier 35","Mgssier 25","Eajle Nebula","GC 225","Wild Duck Clster","Meusier 93"]},{"index":1,"name":"col1","values":["694.386","0.398","186.813","300.29999999999995","455.252","1068.132","1385.766","1308.774","495.008","0.9008999999999999","2207.164","3.1155","2085.2369999999996","2366.1049999999996","1181.025924","623.0999999999999","1710.405","663.57","1892.016","1026.6299999999999"]},{"index":2,"name":"col2","values":["Giovan Battista Hodierna","Giovan Battista Hodierna","Aratus","Ptolemy","Giovan Battista Hodierna","Giovan Battista Hodierna","Giovan Battista Hodierna","Giovan Battista Hodierna","Giovan Battista Hodierna","Johann Gottfried Koehler","Pierre Méchain","Edward Emerson Barnard","Hipparchus","Hipparchus","Jean-Philippe de Cheseaux","Jean-Philippe de Cheseaux","Jean-Philippe de Cheseaux","Caroline Herschel","Gottfried Kirch","Charles Messier"]},{"index":3,"name":"col3","values":["Orion Arm","Orion Arm","Orion Arm","Orion Arm","Milky Way","Milky Way","Milky Way","Milky Way","Milky Way","Milky Way","Milky Way","Milky Way","Milky Way","Milky Way","Milky Way","Milky Way","Milky Way","Milky Way","Milky Way","Milky Way"]}]},"context":{"page_title":null,"page_url":null,"page_entity_id":null,"content_hierarchy":[]},"links":[[[{"start":0,"end":17,"url":null,"entity_id":"Q11225","candidates":[]}],[],[{"start":0,"end":24,"url":null,"entity_id":"Q55007799","candidates":[]}],[{"start":0,"end":9,"url":null,"entity_id":"Q33187","candidates":[]}]],[[{"start":0,"end":15,"url":null,"entity_id":"Q13760","candidates":[]}],[],[{"start":0,"end":6,"url":null,"entity_id":"Q180671","candidates":[]}],[{"start":0,"end":9,"url":null,"entity_id":"Q33187","candidates":[]}]],[[{"start":0,"end":8,"url":null,"entity_id":"Q11234","candidates":[]}],[],[{"start":0,"end":7,"url":null,"entity_id":"Q34943","candidates":[]}],[{"start":0,"end":9,"url":null,"entity_id":"Q33187","candidates":[]}]],[[{"start":0,"end":6,"url":null,"entity_id":"Q725479","candidates":[]}],[],[{"start":0,"end":24,"url":null,"entity_id":"Q55007799","candidates":[]}],[{"start":0,"end":9,"url":null,"entity_id":"Q321","candidates":[]}]],[[{"start":0,"end":9,"url":null,"entity_id":"Q13880","candidates":[]}],[],[{"start":0,"end":24,"url":null,"entity_id":"Q55007799","candidates":[]}],[{"start":0,"end":9,"url":null,"entity_id":"Q321","candidates":[]}]],[[{"start":0,"end":10,"url":null,"entity_id":"Q13878","candidates":[]}],[],[{"start":0,"end":24,"url":null,"entity_id":"Q55007799","candidates":[]}],[{"start":0,"end":9,"url":null,"entity_id":"Q321","candidates":[]}]],[[{"start":0,"end":9,"url":null,"entity_id":"Q13738","candidates":[]}],[],[{"start":0,"end":24,"url":null,"entity_id":"Q55007799","candidates":[]}],[{"start":0,"end":9,"url":null,"entity_id":"Q321","candidates":[]}]],[[{"start":0,"end":9,"url":null,"entity_id":"Q13729","candidates":[]}],[],[{"start":0,"end":24,"url":null,"entity_id":"Q55007799","candidates":[]}],[{"start":0,"end":9,"url":null,"entity_id":"Q321","candidates":[]}]],[[{"start":0,"end":10,"url":null,"entity_id":"Q13997","candidates":[]}],[],[{"start":0,"end":24,"url":null,"entity_id":"Q555282","candidates":[]}],[{"start":0,"end":9,"url":null,"entity_id":"Q321","candidates":[]}]],[[{"start":0,"end":10,"url":null,"entity_id":"Q14376","candidates":[]}],[],[{"start":0,"end":14,"url":null,"entity_id":"Q311022","candidates":[]}],[{"start":0,"end":9,"url":null,"entity_id":"Q321","candidates":[]}]],[[{"start":0,"end":6,"url":null,"entity_id":"Q641074","candidates":[]}],[],[{"start":0,"end":22,"url":null,"entity_id":"Q204999","candidates":[]}],[{"start":0,"end":9,"url":null,"entity_id":"Q321","candidates":[]}]],[[{"start":0,"end":6,"url":null,"entity_id":"Q482454","candidates":[]}],[],[{"start":0,"end":10,"url":null,"entity_id":"Q159905","candidates":[]}],[{"start":0,"end":9,"url":null,"entity_id":"Q321","candidates":[]}]],[[{"start":0,"end":7,"url":null,"entity_id":"Q33571","candidates":[]}],[],[{"start":0,"end":10,"url":null,"entity_id":"Q159905","candidates":[]}],[{"start":0,"end":9,"url":null,"entity_id":"Q321","candidates":[]}]],[[{"start":0,"end":9,"url":null,"entity_id":"Q13736","candidates":[]}],[],[{"start":0,"end":25,"url":null,"entity_id":"Q123931","candidates":[]}],[{"start":0,"end":9,"url":null,"entity_id":"Q321","candidates":[]}]],[[{"start":0,"end":10,"url":null,"entity_id":"Q13623","candidates":[]}],[],[{"start":0,"end":25,"url":null,"entity_id":"Q123931","candidates":[]}],[{"start":0,"end":9,"url":null,"entity_id":"Q321","candidates":[]}]],[[{"start":0,"end":12,"url":null,"entity_id":"Q11349","candidates":[]}],[],[{"start":0,"end":25,"url":null,"entity_id":"Q123931","candidates":[]}],[{"start":0,"end":9,"url":null,"entity_id":"Q321","candidates":[]}]],[[{"start":0,"end":6,"url":null,"entity_id":"Q681480","candidates":[]}],[],[{"start":0,"end":17,"url":null,"entity_id":"Q76948","candidates":[]}],[{"start":0,"end":9,"url":null,"entity_id":"Q321","candidates":[]}]],[[{"start":0,"end":16,"url":null,"entity_id":"Q11294","candidates":[]}],[],[{"start":0,"end":15,"url":null,"entity_id":"Q62317","candidates":[]}],[{"start":0,"end":9,"url":null,"entity_id":"Q321","candidates":[]}]],[[{"start":0,"end":10,"url":null,"entity_id":"Q14347","candidates":[]}],[],[{"start":0,"end":15,"url":null,"entity_id":"Q14524","candidates":[]}],[{"start":0,"end":9,"url":null,"entity_id":"Q321","candidates":[]}]],[[{"start":0,"end":9,"url":null,"entity_id":"Q13897","candidates":[]}],[],[{"start":0,"end":24,"url":null,"entity_id":"Q55007799","candidates":[]}],[{"start":0,"end":9,"url":null,"entity_id":"Q33187","candidates":[]}]]]}