{"version":"1.2","table":{"version":"2","table_id":"P19F846Z","columns":[{"index":0,"name":"col0","values":["A11 autoroute","A106 autoroute","A61 autoroute","A404 autoroute","A33 autoroute","A14 autoroute","A340 autoroute","A140 autoroute","A2 autoroute","A63 autoroute","A77 autoroute","A709 autoroute","A712 autoroute","A710 autoroute","A552 autoroute","A551 autoroute","A186 autoroute","A13a autoroute","A811 autoroute","A11.1 autoroute"]},{"index":1,"name":"col1","values":["Cofiroute","DIR Île-de-France","Autoroutes du Sud de la France","Autoroutes Paris-Rhin-Rhône","DIR Est","Société des Autoroutes de Paris Normandie","DIR Est","Société des Autoroutes du Nord et de l'Est de la France","Société des Autoroutes du Nord et de l'Est de la France","Autoroutes du Sud de la France","Autoroutes Paris-Rhin-Rhône","Autoroutes du Sud de la France","DIR Massif central","Autoroutes Paris-Rhin-Rhône","DIR Méditerranée","DIR Méditerranée","DIR Île-de-France","Société des Autoroutes de Paris Normandie","DIR Ouest","Autoroutes du Sud de la France"]},{"index":2,"name":"col2","values":["A28 autoroute","A6b autoroute","A620 autoroute","A40 autoroute","A31 autoroute","A13 autoroute","A4 autoroute","A4 autoroute","A1 autoroute","A64 autoroute","A6 autoroute","A9 autoroute","A711 autoroute","A71 autoroute","A55 autoroute","A55 autoroute","A3 autoroute","A13 autoroute","A11 autoroute","A11 autoroute"]}]},"context":{"page_title":null,"page_url":null,"page_entity_id":null,"content_hierarchy":[]},"links":[[[{"start":0,"end":13,"url":null,"entity_id":"Q788641","candidates":[]}],[{"start":0,"end":9,"url":null,"entity_id":"Q2405919","candidates":[]}],[{"start":0,"end":13,"url":null,"entity_id":"Q168746","candidates":[]}]],[[{"start":0,"end":14,"url":null,"entity_id":"Q168764","candidates":[]}],[{"start":0,"end":17,"url":null,"entity_id":"Q27551460","candidates":[]}],[{"start":0,"end":13,"url":null,"entity_id":"Q9162818","candidates":[]}]],[[{"start":0,"end":13,"url":null,"entity_id":"Q168781","candidates":[]}],[{"start":0,"end":30,"url":null,"entity_id":"Q2873028","candidates":[]}],[{"start":0,"end":14,"url":null,"entity_id":"Q788900","candidates":[]}]],[[{"start":0,"end":14,"url":null,"entity_id":"Q168766","candidates":[]}],[{"start":0,"end":27,"url":null,"entity_id":"Q2393003","candidates":[]}],[{"start":0,"end":13,"url":null,"entity_id":"Q788772","candidates":[]}]],[[{"start":0,"end":13,"url":null,"entity_id":"Q168773","candidates":[]}],[{"start":0,"end":7,"url":null,"entity_id":"Q27550802","candidates":[]}],[{"start":0,"end":13,"url":null,"entity_id":"Q788721","candidates":[]}]],[[{"start":0,"end":13,"url":null,"entity_id":"Q125360","candidates":[]}],[{"start":0,"end":41,"url":null,"entity_id":"Q3488113","candidates":[]}],[{"start":0,"end":13,"url":null,"entity_id":"Q788648","candidates":[]}]],[[{"start":0,"end":14,"url":null,"entity_id":"Q132123","candidates":[]}],[{"start":0,"end":7,"url":null,"entity_id":"Q27550802","candidates":[]}],[{"start":0,"end":12,"url":null,"entity_id":"Q733222","candidates":[]}]],[[{"start":0,"end":14,"url":null,"entity_id":"Q168747","candidates":[]}],[{"start":0,"end":55,"url":null,"entity_id":"Q1474126","candidates":[]}],[{"start":0,"end":12,"url":null,"entity_id":"Q733222","candidates":[]}]],[[{"start":0,"end":12,"url":null,"entity_id":"Q168759","candidates":[]}],[{"start":0,"end":55,"url":null,"entity_id":"Q1474126","candidates":[]}],[{"start":0,"end":12,"url":null,"entity_id":"Q692788","candidates":[]}]],[[{"start":0,"end":13,"url":null,"entity_id":"Q168801","candidates":[]}],[{"start":0,"end":30,"url":null,"entity_id":"Q2873028","candidates":[]}],[{"start":0,"end":13,"url":null,"entity_id":"Q659709","candidates":[]}]],[[{"start":0,"end":13,"url":null,"entity_id":"Q168750","candidates":[]}],[{"start":0,"end":27,"url":null,"entity_id":"Q2393003","candidates":[]}],[{"start":0,"end":12,"url":null,"entity_id":"Q1595","candidates":[]}]],[[{"start":0,"end":14,"url":null,"entity_id":"Q28940905","candidates":[]}],[{"start":0,"end":30,"url":null,"entity_id":"Q2873028","candidates":[]}],[{"start":0,"end":12,"url":null,"entity_id":"Q789003","candidates":[]}]],[[{"start":0,"end":14,"url":null,"entity_id":"Q15784793","candidates":[]}],[{"start":0,"end":18,"url":null,"entity_id":"Q18613273","candidates":[]}],[{"start":0,"end":14,"url":null,"entity_id":"Q788950","candidates":[]}]],[[{"start":0,"end":14,"url":null,"entity_id":"Q15784792","candidates":[]}],[{"start":0,"end":27,"url":null,"entity_id":"Q2393003","candidates":[]}],[{"start":0,"end":13,"url":null,"entity_id":"Q788946","candidates":[]}]],[[{"start":0,"end":14,"url":null,"entity_id":"Q15784791","candidates":[]}],[{"start":0,"end":16,"url":null,"entity_id":"Q22248873","candidates":[]}],[{"start":0,"end":13,"url":null,"entity_id":"Q788879","candidates":[]}]],[[{"start":0,"end":14,"url":null,"entity_id":"Q15784790","candidates":[]}],[{"start":0,"end":16,"url":null,"entity_id":"Q22248873","candidates":[]}],[{"start":0,"end":13,"url":null,"entity_id":"Q788879","candidates":[]}]],[[{"start":0,"end":14,"url":null,"entity_id":"Q15784787","candidates":[]}],[{"start":0,"end":17,"url":null,"entity_id":"Q27551460","candidates":[]}],[{"start":0,"end":12,"url":null,"entity_id":"Q788719","candidates":[]}]],[[{"start":0,"end":14,"url":null,"entity_id":"Q55501427","candidates":[]}],[{"start":0,"end":41,"url":null,"entity_id":"Q3488113","candidates":[]}],[{"start":0,"end":13,"url":null,"entity_id":"Q788648","candidates":[]}]],[[{"start":0,"end":14,"url":null,"entity_id":"Q2872928","candidates":[]}],[{"start":0,"end":9,"url":null,"entity_id":"Q27551054","candidates":[]}],[{"start":0,"end":13,"url":null,"entity_id":"Q788641","candidates":[]}]],[[{"start":0,"end":15,"url":null,"entity_id":"Q59208995","candidates":[]}],[{"start":0,"end":30,"url":null,"entity_id":"Q2873028","candidates":[]}],[{"start":0,"end":13,"url":null,"entity_id":"Q788641","candidates":[]}]]]}