{"version":"1.2","table":{"version":"2","table_id":"P1SPVBU8","columns":[{"index":0,"name":"col0","values":["Puławy","Ustka","Tarnowskie Góry","Cieszyn","Kwidzyn","Łańcut","Chełmża","Otwock","Ciechanów","Ostrowiec Świętokrzyski","Wałcz","Ostrów Mazowiecka","Starogard Gdański","Milanówek","Karpacz","Świdnica","Człuchów","Ciechocinek","Przeworsk","Mława"]},{"index":1,"name":"col1","values":["49839","15812","60879","36119","40008","17749","14808","42765","46112","72001","26354","23486","48690","16419","4888","57761","14625","10874","15713","29836"]},{"index":2,"name":"col2","values":["115","3","320","378.5","42","134","80","100","151","176","109","110","99","100","480","250","160","40","200","180"]},{"index":3,"name":"col3","values":["Nyasvizh","Słupsk","Bernburg","Lucerne","Celle","Piran","Nieuwerkerk aan den IJssel","Saint-Amand-Montrond","Khmelnytskyi","Pineto","Werne","Ryazan","Diepholz","Welzheim","Kamenz","Biberach an der Riss","Gdynia","Bad Dürrenberg","Mělník","Saverne"]}]},"context":{"page_title":null,"page_url":null,"page_entity_id":null,"content_hierarchy":[]},"links":[[[{"start":0,"end":5,"url":null,"entity_id":"Q321010","candidates":[]}],[],[],[{"start":0,"end":6,"url":null,"entity_id":"Q105048","candidates":[]}]],[[{"start":0,"end":15,"url":null,"entity_id":"Q329833","candidates":[]}],[],[],[{"start":0,"end":8,"url":null,"entity_id":"Q14938","candidates":[]}]],[[{"start":0,"end":7,"url":null,"entity_id":"Q321197","candidates":[]}],[],[],[{"start":0,"end":7,"url":null,"entity_id":"Q4191","candidates":[]}]],[[{"start":0,"end":7,"url":null,"entity_id":"Q326582","candidates":[]}],[],[],[{"start":0,"end":5,"url":null,"entity_id":"Q3933","candidates":[]}]],[[{"start":0,"end":6,"url":null,"entity_id":"Q345331","candidates":[]}],[],[],[{"start":0,"end":5,"url":null,"entity_id":"Q1382","candidates":[]}]],[[{"start":0,"end":7,"url":null,"entity_id":"Q850688","candidates":[]}],[],[],[{"start":0,"end":26,"url":null,"entity_id":"Q588544","candidates":[]}]],[[{"start":0,"end":6,"url":null,"entity_id":"Q745059","candidates":[]}],[],[],[{"start":0,"end":20,"url":null,"entity_id":"Q209109","candidates":[]}]],[[{"start":0,"end":9,"url":null,"entity_id":"Q745051","candidates":[]}],[],[],[{"start":0,"end":12,"url":null,"entity_id":"Q156717","candidates":[]}]],[[{"start":0,"end":23,"url":null,"entity_id":"Q730929","candidates":[]}],[],[],[{"start":0,"end":6,"url":null,"entity_id":"Q51462","candidates":[]}]],[[{"start":0,"end":5,"url":null,"entity_id":"Q935744","candidates":[]}],[],[],[{"start":0,"end":5,"url":null,"entity_id":"Q10936","candidates":[]}]],[[{"start":0,"end":17,"url":null,"entity_id":"Q841352","candidates":[]}],[],[],[{"start":0,"end":6,"url":null,"entity_id":"Q2746","candidates":[]}]],[[{"start":0,"end":17,"url":null,"entity_id":"Q503146","candidates":[]}],[],[],[{"start":0,"end":8,"url":null,"entity_id":"Q498534","candidates":[]}]],[[{"start":0,"end":9,"url":null,"entity_id":"Q422283","candidates":[]}],[],[],[{"start":0,"end":8,"url":null,"entity_id":"Q82421","candidates":[]}]],[[{"start":0,"end":7,"url":null,"entity_id":"Q606126","candidates":[]}],[],[],[{"start":0,"end":6,"url":null,"entity_id":"Q81722","candidates":[]}]],[[{"start":0,"end":8,"url":null,"entity_id":"Q387396","candidates":[]}],[],[],[{"start":0,"end":20,"url":null,"entity_id":"Q16069","candidates":[]}]],[[{"start":0,"end":8,"url":null,"entity_id":"Q640469","candidates":[]}],[],[],[{"start":0,"end":6,"url":null,"entity_id":"Q385","candidates":[]}]],[[{"start":0,"end":11,"url":null,"entity_id":"Q985659","candidates":[]}],[],[],[{"start":0,"end":14,"url":null,"entity_id":"Q518392","candidates":[]}]],[[{"start":0,"end":9,"url":null,"entity_id":"Q983875","candidates":[]}],[],[],[{"start":0,"end":6,"url":null,"entity_id":"Q320939","candidates":[]}]],[[{"start":0,"end":5,"url":null,"entity_id":"Q983868","candidates":[]}],[],[],[{"start":0,"end":7,"url":null,"entity_id":"Q22741","candidates":[]}]],[[{"start":0,"end":6,"url":null,"entity_id":"Q320007","candidates":[]}],[],[],[{"start":0,"end":8,"url":null,"entity_id":"Q201230","candidates":[]}]]]}