{"version":"1.2","table":{"version":"2","table_id":"P1XSHZFA","columns":[{"index":0,"name":"col0","values":["Portrait of Charles V with a Dog","View of Pirna, from Sonnenstein Castle","View of Pirna, from Sonnenstein Castle","The apotheosis of Cornelis de Witt, with the raid on Chatham in the background","Tavola Doria","Bairro do Chá (1887)","A Faculdade de Direito (Ilustração Paulistana) - S. Paulo, 2_Iv_1881 N. º 1 Fls. 28","Reproduction of Giambologna's Naiade with shell at WIPO","Monument to Niccolò III d'Este","Mappa Topographico do Municipio de São Paulo - Folha 39","Mappa Topographico do Municipio de São Paulo - Folha 36","Mappa Topographico do Municipio de São Paulo - Folha 49","Mappa Topographico do Municipio de São Paulo - Folha 46","Mappa Topographico do Municipio de São Paulo - Folha 47","Mappa Topographico do Municipio de São Paulo - Folha 48","Mappa Topographico do Municipio de São Paulo - Folha 12","Mappa Topographico do Municipio de São Paulo - Folha 13","Mappa Topographico do Municipio de São Paulo - Folha 34","Mappa Topographico do Municipio de São Paulo - Folha 35","Mappa Topographico do Municipio de São Paulo - Folha 42"]},{"index":1,"name":"col1","values":["1533-01-01","1755-01-01","1759-01-01","1660-01-01","1503-01-01","1887-01-01","1881-04-02","1575-01-01","1500-01-01","1930-01-01","1930-01-01","1930-01-01","1930-01-01","1930-01-01","1930-01-01","1930-01-01","1930-01-01","1930-01-01","1930-01-01","1930-01-01"]},{"index":2,"name":"col2","values":["oil paint","oil paint","oil paint","oil paint","poplar wood","gelatin","gelatin","bronze","bronze","paper","paper","paper","paper","paper","paper","paper","paper","paper","paper","paper"]}]},"context":{"page_title":null,"page_url":null,"page_entity_id":null,"content_hierarchy":[]},"links":[[[{"start":0,"end":32,"url":null,"entity_id":"Q19798137","candidates":[]}],[],[{"start":0,"end":9,"url":null,"entity_id":"Q296955","candidates":[]}]],[[{"start":0,"end":38,"url":null,"entity_id":"Q19681595","candidates":[]}],[],[{"start":0,"end":9,"url":null,"entity_id":"Q296955","candidates":[]}]],[[{"start":0,"end":38,"url":null,"entity_id":"Q18573825","candidates":[]}],[],[{"start":0,"end":9,"url":null,"entity_id":"Q296955","candidates":[]}]],[[{"start":0,"end":78,"url":null,"entity_id":"Q17340492","candidates":[]}],[],[{"start":0,"end":9,"url":null,"entity_id":"Q296955","candidates":[]}]],[[{"start":0,"end":12,"url":null,"entity_id":"Q2397593","candidates":[]}],[],[{"start":0,"end":11,"url":null,"entity_id":"Q291034","candidates":[]}]],[[{"start":0,"end":20,"url":null,"entity_id":"Q55759298","candidates":[]}],[],[{"start":0,"end":7,"url":null,"entity_id":"Q179254","candidates":[]}]],[[{"start":0,"end":83,"url":null,"entity_id":"Q55759194","candidates":[]}],[],[{"start":0,"end":7,"url":null,"entity_id":"Q179254","candidates":[]}]],[[{"start":0,"end":55,"url":null,"entity_id":"Q30053501","candidates":[]}],[],[{"start":0,"end":6,"url":null,"entity_id":"Q34095","candidates":[]}]],[[{"start":0,"end":30,"url":null,"entity_id":"Q21141654","candidates":[]}],[],[{"start":0,"end":6,"url":null,"entity_id":"Q34095","candidates":[]}]],[[{"start":0,"end":55,"url":null,"entity_id":"Q55212400","candidates":[]}],[],[{"start":0,"end":5,"url":null,"entity_id":"Q11472","candidates":[]}]],[[{"start":0,"end":55,"url":null,"entity_id":"Q55212398","candidates":[]}],[],[{"start":0,"end":5,"url":null,"entity_id":"Q11472","candidates":[]}]],[[{"start":0,"end":55,"url":null,"entity_id":"Q55212392","candidates":[]}],[],[{"start":0,"end":5,"url":null,"entity_id":"Q11472","candidates":[]}]],[[{"start":0,"end":55,"url":null,"entity_id":"Q55212390","candidates":[]}],[],[{"start":0,"end":5,"url":null,"entity_id":"Q11472","candidates":[]}]],[[{"start":0,"end":55,"url":null,"entity_id":"Q55212388","candidates":[]}],[],[{"start":0,"end":5,"url":null,"entity_id":"Q11472","candidates":[]}]],[[{"start":0,"end":55,"url":null,"entity_id":"Q55212372","candidates":[]}],[],[{"start":0,"end":5,"url":null,"entity_id":"Q11472","candidates":[]}]],[[{"start":0,"end":55,"url":null,"entity_id":"Q55212360","candidates":[]}],[],[{"start":0,"end":5,"url":null,"entity_id":"Q11472","candidates":[]}]],[[{"start":0,"end":55,"url":null,"entity_id":"Q55212357","candidates":[]}],[],[{"start":0,"end":5,"url":null,"entity_id":"Q11472","candidates":[]}]],[[{"start":0,"end":55,"url":null,"entity_id":"Q55212342","candidates":[]}],[],[{"start":0,"end":5,"url":null,"entity_id":"Q11472","candidates":[]}]],[[{"start":0,"end":55,"url":null,"entity_id":"Q55212339","candidates":[]}],[],[{"start":0,"end":5,"url":null,"entity_id":"Q11472","candidates":[]}]],[[{"start":0,"end":55,"url":null,"entity_id":"Q55212337","candidates":[]}],[],[{"start":0,"end":5,"url":null,"entity_id":"Q11472","candidates":[]}]]]}