{"version":"1.2","table":{"version":"2","table_id":"P31U2LLB","columns":[{"index":0,"name":"col0","values":["Siobhan Liddell, Li{ Deschenes","Die Arbet des Zeichnens","Fona Banner","Secret Surface. Where meaning materiaizes","Ach … Aha !","Snakes knows it s {oga","Oh Mexieo!","Intermgdian #5","Pren Saib","Museum Seuvice","Silenu Piece","di it","Best & Boldest #2: Precious Prvincials","Chrlstian Hans Albert Hoosen","ChantaleDelrue","Siift. On Personal Change, Paradigm Shifts, and Alternation","Pillars Sliding ff Coat-ee","First Showing!New Donations and Acquisitions for the Prints and Drawings Collection","A World of Wild Dowbt","Karin Lehmaon"]},{"index":1,"name":"col1","values":["Liz Deschenes","Fiona Banner","Fiona Banner","Philipp Lachenmann","Peter Radelfinger","Nathalie Djurberg and Hans Berg","Salvatore Arancio","Herr Von Eden","Prem Sahib","Mladen Miljanovic","Marion Kalter","Jürgen Drescher","Georgia Gardner Gray","Christian Hans Albert Hoosen","Chantale Delrue","Calla Henkel & Max Pitegoff","Daiga Grantina","Anna Amadio","Andreas Fischer","Karin Lehmann"]},{"index":2,"name":"col2","values":["2004/03/20","1998/01/16","1999/06/04","2016/02/14","2016/10/07","2010/09/03","2016/05/08","2013/07/13","2017/07/01","2010/06/15","2013/11/27","2013/01/25","2017/04/22","2013/09/28","2015/05/30","2018/06/08","2017/01/28","2013/03/14","2013/01/26","2013/05/18"]}]},"context":{"page_title":null,"page_url":null,"page_entity_id":null,"content_hierarchy":[]},"links":[[[{"start":0,"end":30,"url":null,"entity_id":"Q55353407","candidates":[]}],[{"start":0,"end":13,"url":null,"entity_id":"Q16196424","candidates":[]}],[]],[[{"start":0,"end":23,"url":null,"entity_id":"Q55353388","candidates":[]}],[{"start":0,"end":12,"url":null,"entity_id":"Q5451020","candidates":[]}],[]],[[{"start":0,"end":11,"url":null,"entity_id":"Q55353393","candidates":[]}],[{"start":0,"end":12,"url":null,"entity_id":"Q5451020","candidates":[]}],[]],[[{"start":0,"end":41,"url":null,"entity_id":"Q55336746","candidates":[]}],[{"start":0,"end":18,"url":null,"entity_id":"Q55236317","candidates":[]}],[]],[[{"start":0,"end":11,"url":null,"entity_id":"Q55336738","candidates":[]}],[{"start":0,"end":17,"url":null,"entity_id":"Q55236312","candidates":[]}],[]],[[{"start":0,"end":22,"url":null,"entity_id":"Q55336618","candidates":[]}],[{"start":0,"end":31,"url":null,"entity_id":"Q51393347","candidates":[]}],[]],[[{"start":0,"end":10,"url":null,"entity_id":"Q55336840","candidates":[]}],[{"start":0,"end":17,"url":null,"entity_id":"Q55236370","candidates":[]}],[]],[[{"start":0,"end":14,"url":null,"entity_id":"Q55336069","candidates":[]}],[{"start":0,"end":13,"url":null,"entity_id":"Q55235932","candidates":[]}],[]],[[{"start":0,"end":9,"url":null,"entity_id":"Q55336757","candidates":[]}],[{"start":0,"end":10,"url":null,"entity_id":"Q55236327","candidates":[]}],[]],[[{"start":0,"end":14,"url":null,"entity_id":"Q55336592","candidates":[]}],[{"start":0,"end":17,"url":null,"entity_id":"Q55236245","candidates":[]}],[]],[[{"start":0,"end":12,"url":null,"entity_id":"Q55336486","candidates":[]}],[{"start":0,"end":13,"url":null,"entity_id":"Q55236184","candidates":[]}],[]],[[{"start":0,"end":5,"url":null,"entity_id":"Q55338319","candidates":[]}],[{"start":0,"end":15,"url":null,"entity_id":"Q20970655","candidates":[]}],[]],[[{"start":0,"end":38,"url":null,"entity_id":"Q55335969","candidates":[]}],[{"start":0,"end":20,"url":null,"entity_id":"Q55235878","candidates":[]}],[]],[[{"start":0,"end":28,"url":null,"entity_id":"Q55335636","candidates":[]}],[{"start":0,"end":28,"url":null,"entity_id":"Q55235698","candidates":[]}],[]],[[{"start":0,"end":14,"url":null,"entity_id":"Q55335621","candidates":[]}],[{"start":0,"end":15,"url":null,"entity_id":"Q55235689","candidates":[]}],[]],[[{"start":0,"end":59,"url":null,"entity_id":"Q55335586","candidates":[]}],[{"start":0,"end":27,"url":null,"entity_id":"Q55235168","candidates":[]}],[]],[[{"start":0,"end":26,"url":null,"entity_id":"Q55335687","candidates":[]}],[{"start":0,"end":14,"url":null,"entity_id":"Q55235731","candidates":[]}],[]],[[{"start":0,"end":83,"url":null,"entity_id":"Q55335401","candidates":[]}],[{"start":0,"end":11,"url":null,"entity_id":"Q55235575","candidates":[]}],[]],[[{"start":0,"end":21,"url":null,"entity_id":"Q55335372","candidates":[]}],[{"start":0,"end":15,"url":null,"entity_id":"Q43074616","candidates":[]}],[]],[[{"start":0,"end":13,"url":null,"entity_id":"Q55336251","candidates":[]}],[{"start":0,"end":13,"url":null,"entity_id":"Q55236040","candidates":[]}],[]]]}