{"version":"1.2","table":{"version":"2","table_id":"P3OMRG7R","columns":[{"index":0,"name":"col0","values":["Independent Republicans","Liberal Alliance of Montenegro","Uri Party","Party Alliance Our Moldova","Unió Mallorquina","Convergence for the Isles","Democratic Party","Independent Democrats","Liberal Democratic Party","National Alliance of Liberals","Democratic Party","Free Trade Party","Liberal Party","Democratic Federal Republican Party","German Forum Party","National-Social Association","Alliance of Free Democrats","Latvian Way","Liberal Party","Progressive Democrats"]},{"index":1,"name":"col1","values":["La Roche-sur-Yon","Cetinje","Yeongdeungpo District","Chișinău","Palma","Palma","Cape Town","Cape Town","Nairobi","Accra","Belgrade","Canberra","Canberra","Madrid","Chemnitz","Leipzig","Budapest","Riga","Reykjavík","Dublin"]},{"index":2,"name":"col2","values":["1966-06-01","1990-01-01","2003-11-11","2003-07-19","1982-01-01","2011-03-02","1989-01-01","2003-06-21","2002-01-01","1969-01-01","1919-01-01","1880-01-01","1909-01-01","1868-01-01","1990-01-01","1896-01-01","1988-11-13","1993-09-25","1998-11-28","1985-12-21"]}]},"context":{"page_title":null,"page_url":null,"page_entity_id":null,"content_hierarchy":[]},"links":[[[{"start":0,"end":23,"url":null,"entity_id":"Q2300622","candidates":[]}],[{"start":0,"end":16,"url":null,"entity_id":"Q190118","candidates":[]}],[]],[[{"start":0,"end":30,"url":null,"entity_id":"Q1279026","candidates":[]}],[{"start":0,"end":7,"url":null,"entity_id":"Q173338","candidates":[]}],[]],[[{"start":0,"end":9,"url":null,"entity_id":"Q489124","candidates":[]}],[{"start":0,"end":21,"url":null,"entity_id":"Q50190","candidates":[]}],[]],[[{"start":0,"end":26,"url":null,"entity_id":"Q542010","candidates":[]}],[{"start":0,"end":8,"url":null,"entity_id":"Q21197","candidates":[]}],[]],[[{"start":0,"end":16,"url":null,"entity_id":"Q1129440","candidates":[]}],[{"start":0,"end":5,"url":null,"entity_id":"Q8826","candidates":[]}],[]],[[{"start":0,"end":25,"url":null,"entity_id":"Q173236","candidates":[]}],[{"start":0,"end":5,"url":null,"entity_id":"Q8826","candidates":[]}],[]],[[{"start":0,"end":16,"url":null,"entity_id":"Q780158","candidates":[]}],[{"start":0,"end":9,"url":null,"entity_id":"Q5465","candidates":[]}],[]],[[{"start":0,"end":21,"url":null,"entity_id":"Q256561","candidates":[]}],[{"start":0,"end":9,"url":null,"entity_id":"Q5465","candidates":[]}],[]],[[{"start":0,"end":24,"url":null,"entity_id":"Q2729481","candidates":[]}],[{"start":0,"end":7,"url":null,"entity_id":"Q3870","candidates":[]}],[]],[[{"start":0,"end":29,"url":null,"entity_id":"Q690836","candidates":[]}],[{"start":0,"end":5,"url":null,"entity_id":"Q3761","candidates":[]}],[]],[[{"start":0,"end":16,"url":null,"entity_id":"Q1277089","candidates":[]}],[{"start":0,"end":8,"url":null,"entity_id":"Q3711","candidates":[]}],[]],[[{"start":0,"end":16,"url":null,"entity_id":"Q1453449","candidates":[]}],[{"start":0,"end":8,"url":null,"entity_id":"Q3114","candidates":[]}],[]],[[{"start":0,"end":13,"url":null,"entity_id":"Q1117010","candidates":[]}],[{"start":0,"end":8,"url":null,"entity_id":"Q3114","candidates":[]}],[]],[[{"start":0,"end":35,"url":null,"entity_id":"Q3125165","candidates":[]}],[{"start":0,"end":6,"url":null,"entity_id":"Q2807","candidates":[]}],[]],[[{"start":0,"end":18,"url":null,"entity_id":"Q315226","candidates":[]}],[{"start":0,"end":8,"url":null,"entity_id":"Q2795","candidates":[]}],[]],[[{"start":0,"end":27,"url":null,"entity_id":"Q339110","candidates":[]}],[{"start":0,"end":7,"url":null,"entity_id":"Q2079","candidates":[]}],[]],[[{"start":0,"end":26,"url":null,"entity_id":"Q200599","candidates":[]}],[{"start":0,"end":8,"url":null,"entity_id":"Q1781","candidates":[]}],[]],[[{"start":0,"end":11,"url":null,"entity_id":"Q1507032","candidates":[]}],[{"start":0,"end":4,"url":null,"entity_id":"Q1773","candidates":[]}],[]],[[{"start":0,"end":13,"url":null,"entity_id":"Q1421878","candidates":[]}],[{"start":0,"end":9,"url":null,"entity_id":"Q1764","candidates":[]}],[]],[[{"start":0,"end":21,"url":null,"entity_id":"Q661973","candidates":[]}],[{"start":0,"end":6,"url":null,"entity_id":"Q1761","candidates":[]}],[]]]}