{"version":"1.2","table":{"version":"2","table_id":"P4A8BS4G","columns":[{"index":0,"name":"col0","values":["Moro I Cabinet","Spadolini I Cabinet","Leone I Cabinet","Forlani Cabinet","Andreotti I Cabinet","Cossiga I Cabinet","Andreotti V Cabinet","Fanfani V Cabinet","Rumor V Cabinet","Colombo Cabinet","Rumor II Cabinet","Leone II Cabinet","Moro III Cabinet","Goria Cabinet","Pella Cabinet","De Gasperi VIII Cabinet","Andreotti VI Cabinet","Fanfani VI Cabinet","Amato I Cabinet","Prodi II Cabinet"]},{"index":1,"name":"col1","values":["Leone I Cabinet","Forlani Cabinet","Fanfani IV Cabinet","Cossiga II Cabinet","Colombo Cabinet","Andreotti V Cabinet","Andreotti IV Cabinet","Spadolini II Cabinet","Rumor IV Cabinet","Rumor III Cabinet","Rumor I Cabinet","Moro III Cabinet","Moro II Cabinet","Fanfani VI Cabinet","De Gasperi VIII Cabinet","De Gasperi VII Cabinet","De Mita Cabinet","Craxi II Cabinet","Andreotti VII Cabinet","Berlusconi III Cabinet"]},{"index":2,"name":"col2","values":["1964-07-22","1982-08-23","1963-12-04","1981-06-28","1972-06-26","1980-04-04","1979-08-04","1983-08-04","1974-11-23","1972-02-17","1970-03-27","1968-12-12","1968-06-24","1988-04-13","1954-01-18","1953-08-17","1991-04-12","1987-07-28","1993-04-28","2008-05-07"]}]},"context":{"page_title":null,"page_url":null,"page_entity_id":null,"content_hierarchy":[]},"links":[[[{"start":0,"end":14,"url":null,"entity_id":"Q3112298","candidates":[]}],[{"start":0,"end":15,"url":null,"entity_id":"Q3773884","candidates":[]}],[]],[[{"start":0,"end":19,"url":null,"entity_id":"Q3112479","candidates":[]}],[{"start":0,"end":15,"url":null,"entity_id":"Q3773858","candidates":[]}],[]],[[{"start":0,"end":15,"url":null,"entity_id":"Q3773884","candidates":[]}],[{"start":0,"end":18,"url":null,"entity_id":"Q3773854","candidates":[]}],[]],[[{"start":0,"end":15,"url":null,"entity_id":"Q3773858","candidates":[]}],[{"start":0,"end":18,"url":null,"entity_id":"Q3773821","candidates":[]}],[]],[[{"start":0,"end":19,"url":null,"entity_id":"Q3111866","candidates":[]}],[{"start":0,"end":15,"url":null,"entity_id":"Q3773818","candidates":[]}],[]],[[{"start":0,"end":17,"url":null,"entity_id":"Q3111985","candidates":[]}],[{"start":0,"end":19,"url":null,"entity_id":"Q3773787","candidates":[]}],[]],[[{"start":0,"end":19,"url":null,"entity_id":"Q3773787","candidates":[]}],[{"start":0,"end":20,"url":null,"entity_id":"Q3773786","candidates":[]}],[]],[[{"start":0,"end":17,"url":null,"entity_id":"Q3112040","candidates":[]}],[{"start":0,"end":20,"url":null,"entity_id":"Q3112480","candidates":[]}],[]],[[{"start":0,"end":15,"url":null,"entity_id":"Q3773938","candidates":[]}],[{"start":0,"end":16,"url":null,"entity_id":"Q3112434","candidates":[]}],[]],[[{"start":0,"end":15,"url":null,"entity_id":"Q3773818","candidates":[]}],[{"start":0,"end":17,"url":null,"entity_id":"Q3112433","candidates":[]}],[]],[[{"start":0,"end":16,"url":null,"entity_id":"Q3112431","candidates":[]}],[{"start":0,"end":15,"url":null,"entity_id":"Q3112432","candidates":[]}],[]],[[{"start":0,"end":16,"url":null,"entity_id":"Q3112222","candidates":[]}],[{"start":0,"end":16,"url":null,"entity_id":"Q3112300","candidates":[]}],[]],[[{"start":0,"end":16,"url":null,"entity_id":"Q3112300","candidates":[]}],[{"start":0,"end":15,"url":null,"entity_id":"Q3112299","candidates":[]}],[]],[[{"start":0,"end":13,"url":null,"entity_id":"Q787556","candidates":[]}],[{"start":0,"end":18,"url":null,"entity_id":"Q3112042","candidates":[]}],[]],[[{"start":0,"end":13,"url":null,"entity_id":"Q3773910","candidates":[]}],[{"start":0,"end":23,"url":null,"entity_id":"Q3112005","candidates":[]}],[]],[[{"start":0,"end":23,"url":null,"entity_id":"Q3112005","candidates":[]}],[{"start":0,"end":22,"url":null,"entity_id":"Q3111999","candidates":[]}],[]],[[{"start":0,"end":20,"url":null,"entity_id":"Q3111865","candidates":[]}],[{"start":0,"end":15,"url":null,"entity_id":"Q3111997","candidates":[]}],[]],[[{"start":0,"end":18,"url":null,"entity_id":"Q3112042","candidates":[]}],[{"start":0,"end":16,"url":null,"entity_id":"Q3111987","candidates":[]}],[]],[[{"start":0,"end":15,"url":null,"entity_id":"Q1058637","candidates":[]}],[{"start":0,"end":21,"url":null,"entity_id":"Q3111867","candidates":[]}],[]],[[{"start":0,"end":16,"url":null,"entity_id":"Q1720224","candidates":[]}],[{"start":0,"end":22,"url":null,"entity_id":"Q2325153","candidates":[]}],[]]]}