{"version":"1.2","table":{"version":"2","table_id":"P53GHKKV","columns":[{"index":0,"name":"col0","values":["BD-00 4470","HD 258686","HD 27086","HD 34492","HD 3891","HD 36706","star","V459 Car","HD 73574","HD 56306","HD 92668","IDS 01200-0628","HD 204037","HD 200177","HD 198896","HD 207188","HD 198195","HD 215661","HD 214606","HD 222221"]},{"index":1,"name":"col1","values":["13.3203","1.59","4.74","3.3438","3.61","8.29","1.56","2.31","5.8","3.51","7.74","8.9","1.84","6.3716","3.2486","4.72","2.83","7.59","6.6","3.77"]},{"index":2,"name":"col2","values":["BD-00 4470A","Renson 12290","HD 27086A","BD+41 1152A","BD+70 39A","HD 36706A","BD-01 982A","CPD-59 921A","WDS J08397+2005A","HD 56306A","TYC 3448-491-1","BD-06 270A","BD+51 3057A","TYC 3592-835-1","BD+43 3746B","BD-17 6373A","BD+41 3884A","V* ZZ Cep","HD 214606A","BD+34 4972A"]},{"index":3,"name":"col3","values":["-111.83","28","-47","-1.3","-15","17","21","28.1","37","16.9","-2.5","15.5","-20","-35.5","7.18","-13.9","-21.4","-17.4","-3","2"]}]},"context":{"page_title":null,"page_url":null,"page_entity_id":null,"content_hierarchy":[]},"links":[[[{"start":0,"end":10,"url":null,"entity_id":"Q83817524","candidates":[]}],[],[{"start":0,"end":11,"url":null,"entity_id":"Q83619491","candidates":[]}],[]],[[{"start":0,"end":9,"url":null,"entity_id":"Q12068384","candidates":[]}],[],[{"start":0,"end":12,"url":null,"entity_id":"Q84336510","candidates":[]}],[]],[[{"start":0,"end":8,"url":null,"entity_id":"Q12068447","candidates":[]}],[],[{"start":0,"end":9,"url":null,"entity_id":"Q83620278","candidates":[]}],[]],[[{"start":0,"end":8,"url":null,"entity_id":"Q12068805","candidates":[]}],[],[{"start":0,"end":11,"url":null,"entity_id":"Q76390610","candidates":[]}],[]],[[{"start":0,"end":7,"url":null,"entity_id":"Q12069005","candidates":[]}],[],[{"start":0,"end":9,"url":null,"entity_id":"Q66653612","candidates":[]}],[]],[[{"start":0,"end":8,"url":null,"entity_id":"Q12068922","candidates":[]}],[],[{"start":0,"end":9,"url":null,"entity_id":"Q66642998","candidates":[]}],[]],[[{"start":0,"end":4,"url":null,"entity_id":"Q12068953","candidates":[]}],[],[{"start":0,"end":10,"url":null,"entity_id":"Q66609592","candidates":[]}],[]],[[{"start":0,"end":8,"url":null,"entity_id":"Q16688103","candidates":[]}],[],[{"start":0,"end":11,"url":null,"entity_id":"Q66636085","candidates":[]}],[]],[[{"start":0,"end":8,"url":null,"entity_id":"Q12070119","candidates":[]}],[],[{"start":0,"end":16,"url":null,"entity_id":"Q66641700","candidates":[]}],[]],[[{"start":0,"end":8,"url":null,"entity_id":"Q12069570","candidates":[]}],[],[{"start":0,"end":9,"url":null,"entity_id":"Q83619307","candidates":[]}],[]],[[{"start":0,"end":8,"url":null,"entity_id":"Q12070817","candidates":[]}],[],[{"start":0,"end":14,"url":null,"entity_id":"Q66609407","candidates":[]}],[]],[[{"start":0,"end":14,"url":null,"entity_id":"Q12070597","candidates":[]}],[],[{"start":0,"end":10,"url":null,"entity_id":"Q66481664","candidates":[]}],[]],[[{"start":0,"end":9,"url":null,"entity_id":"Q12067307","candidates":[]}],[],[{"start":0,"end":11,"url":null,"entity_id":"Q84331111","candidates":[]}],[]],[[{"start":0,"end":9,"url":null,"entity_id":"Q12067212","candidates":[]}],[],[{"start":0,"end":14,"url":null,"entity_id":"Q74298454","candidates":[]}],[]],[[{"start":0,"end":9,"url":null,"entity_id":"Q12067186","candidates":[]}],[],[{"start":0,"end":11,"url":null,"entity_id":"Q74186434","candidates":[]}],[]],[[{"start":0,"end":9,"url":null,"entity_id":"Q12067394","candidates":[]}],[],[{"start":0,"end":11,"url":null,"entity_id":"Q66646585","candidates":[]}],[]],[[{"start":0,"end":9,"url":null,"entity_id":"Q12067171","candidates":[]}],[],[{"start":0,"end":11,"url":null,"entity_id":"Q66609416","candidates":[]}],[]],[[{"start":0,"end":9,"url":null,"entity_id":"Q12067587","candidates":[]}],[],[{"start":0,"end":9,"url":null,"entity_id":"Q84343023","candidates":[]}],[]],[[{"start":0,"end":9,"url":null,"entity_id":"Q12067564","candidates":[]}],[],[{"start":0,"end":10,"url":null,"entity_id":"Q66609729","candidates":[]}],[]],[[{"start":0,"end":9,"url":null,"entity_id":"Q12067726","candidates":[]}],[],[{"start":0,"end":11,"url":null,"entity_id":"Q66609409","candidates":[]}],[]]]}