{"version":"1.2","table":{"version":"2","table_id":"P63VUEQM","columns":[{"index":0,"name":"col0","values":["1961 Tour ofthe Netherlands","1960 Tour of he Netherlands","1980 Tour of tie Netherlands","1958 Tour of the etherlands","1957 Tor of the Netherlands","1956 Tour of the Netherland","1955 Uour of the Netherlands","1954 Tour\"of the Netherlands","3952 Tour of the Netherlands","1951 Tour of the Newherlands","1950 Towr of the Netherlands","1949 Tqur of the Netherlands","1948 Tour of te Netherlands","1978 Tour of uhe Netherlands","1963 Tour ofthe Netherlands","1965 Tourof the Netherlands","1976 Tour ofthe Netherlands","1975 Tor of the Netherlands","1977 Tour of whe Netherlands","1983 Tour o the Netherlands"]},{"index":1,"name":"col1","values":["1961/05/24","1960/05/17","1980/08/15","1958/06/22","1957/05/13","1956/08/13","1955/04/30","1954/05/02","1952/06/08","1951/06/10","1950/05/31","1959/05/15","1948/05/02","1978/08/19","1963/05/13","1965/05/16","1976/08/29","1975/08/26","1977/08/27","1983/08/27"]},{"index":2,"name":"col2","values":["cycle sport","cycle sport","cycle sport","road bicycle racing","road bicycle racing","road bicycle racing","road bicycle racing","road bicycle racing","road bicycle racing","road bicycle racing","road bicycle racing","road bicycle racing","road bicycle racing","road bicycle racing","road bicycle racing","road bicycle racing","road bicycle racing","road bicycle racing","road bicycle racing","road bicycle racing"]}]},"context":{"page_title":null,"page_url":null,"page_entity_id":null,"content_hierarchy":[]},"links":[[[{"start":0,"end":27,"url":null,"entity_id":"Q15881443","candidates":[]}],[],[{"start":0,"end":11,"url":null,"entity_id":"Q2215841","candidates":[]}]],[[{"start":0,"end":28,"url":null,"entity_id":"Q14286518","candidates":[]}],[],[{"start":0,"end":11,"url":null,"entity_id":"Q2215841","candidates":[]}]],[[{"start":0,"end":27,"url":null,"entity_id":"Q15881442","candidates":[]}],[],[{"start":0,"end":19,"url":null,"entity_id":"Q3609","candidates":[]}]],[[{"start":0,"end":27,"url":null,"entity_id":"Q15881441","candidates":[]}],[],[{"start":0,"end":19,"url":null,"entity_id":"Q3609","candidates":[]}]],[[{"start":0,"end":27,"url":null,"entity_id":"Q15881440","candidates":[]}],[],[{"start":0,"end":19,"url":null,"entity_id":"Q3609","candidates":[]}]],[[{"start":0,"end":28,"url":null,"entity_id":"Q15881439","candidates":[]}],[],[{"start":0,"end":19,"url":null,"entity_id":"Q3609","candidates":[]}]],[[{"start":0,"end":28,"url":null,"entity_id":"Q15881437","candidates":[]}],[],[{"start":0,"end":19,"url":null,"entity_id":"Q3609","candidates":[]}]],[[{"start":0,"end":28,"url":null,"entity_id":"Q15881436","candidates":[]}],[],[{"start":0,"end":19,"url":null,"entity_id":"Q3609","candidates":[]}]],[[{"start":0,"end":28,"url":null,"entity_id":"Q15881435","candidates":[]}],[],[{"start":0,"end":19,"url":null,"entity_id":"Q3609","candidates":[]}]],[[{"start":0,"end":28,"url":null,"entity_id":"Q15881434","candidates":[]}],[],[{"start":0,"end":19,"url":null,"entity_id":"Q3609","candidates":[]}]],[[{"start":0,"end":28,"url":null,"entity_id":"Q15881433","candidates":[]}],[],[{"start":0,"end":19,"url":null,"entity_id":"Q3609","candidates":[]}]],[[{"start":0,"end":27,"url":null,"entity_id":"Q15881431","candidates":[]}],[],[{"start":0,"end":19,"url":null,"entity_id":"Q3609","candidates":[]}]],[[{"start":0,"end":28,"url":null,"entity_id":"Q14286504","candidates":[]}],[],[{"start":0,"end":19,"url":null,"entity_id":"Q3609","candidates":[]}]],[[{"start":0,"end":27,"url":null,"entity_id":"Q14286492","candidates":[]}],[],[{"start":0,"end":19,"url":null,"entity_id":"Q3609","candidates":[]}]],[[{"start":0,"end":27,"url":null,"entity_id":"Q5874301","candidates":[]}],[],[{"start":0,"end":19,"url":null,"entity_id":"Q3609","candidates":[]}]],[[{"start":0,"end":27,"url":null,"entity_id":"Q5199441","candidates":[]}],[],[{"start":0,"end":19,"url":null,"entity_id":"Q3609","candidates":[]}]],[[{"start":0,"end":27,"url":null,"entity_id":"Q5153564","candidates":[]}],[],[{"start":0,"end":19,"url":null,"entity_id":"Q3609","candidates":[]}]],[[{"start":0,"end":28,"url":null,"entity_id":"Q4958730","candidates":[]}],[],[{"start":0,"end":19,"url":null,"entity_id":"Q3609","candidates":[]}]],[[{"start":0,"end":27,"url":null,"entity_id":"Q4540831","candidates":[]}],[],[{"start":0,"end":19,"url":null,"entity_id":"Q3609","candidates":[]}]],[[{"start":0,"end":27,"url":null,"entity_id":"Q15881444","candidates":[]}],[],[{"start":0,"end":11,"url":null,"entity_id":"Q2215841","candidates":[]}]]]}