{"version":"1.2","table":{"version":"2","table_id":"P6SLYRH1","columns":[{"index":0,"name":"col0","values":["Khanakul II community development block","Ketugram II community development block","Ketugram I community development block","Keshpur community development block","Keshiari community development block","Katwa I community development block","Kashipur community development block","Karimpur I community development block","Karimpur II community development block","Kanksa community development block","Tehatta I community development block","Tehatta II community development block","Tarakeswar community development block","Tamluk community development block","Taldangra community development block","Swarupnagar community development block","Suti I community development block","Onda community development block","Neturia community development block","Nayagram community development block"]},{"index":1,"name":"col1","values":["184734","118567","165408","339248","149260","173087","200083","183556","217136","178125","244322","151231","179148","217776","147893","256075","179908","252984","101427","142199"]},{"index":2,"name":"col2","values":["90755","57154","80442","165744","73659","84000","98282","88985","105648","86775","118447","73932","87614","105318","72894","124565","88003","123736","49117","70662"]},{"index":3,"name":"col3","values":["128790","69335","98192","229218","101557","107698","125307","111716","119778","120545","155228","91926","129574","167388","92168","178557","86225","144618","57174","79369"]},{"index":4,"name":"col4","values":["6","26","18","43","24","19","190","22","19","70","13","13","16","6","74","9","25","74","139","24"]},{"index":5,"name":"col5","values":["160888","107054","145859","288489","132061","146435","165007","157655","191948","103594","217489","134131","162371","199748","128747","226608","133866","220572","77754","123937"]},{"index":6,"name":"col6","values":["121.83","160.03","193.98","483.15","292.09","168.94","451.31","215.78","224.38","279.44","249.55","172.47","119.93","123.5","349.7","215.13","138.84","502.46","203.65","501.44"]}]},"context":{"page_title":null,"page_url":null,"page_entity_id":null,"content_hierarchy":[]},"links":[[[{"start":0,"end":39,"url":null,"entity_id":"Q6400150","candidates":[]}],[],[],[],[],[],[]],[[{"start":0,"end":39,"url":null,"entity_id":"Q6395590","candidates":[]}],[],[],[],[],[],[]],[[{"start":0,"end":38,"url":null,"entity_id":"Q6395589","candidates":[]}],[],[],[],[],[],[]],[[{"start":0,"end":35,"url":null,"entity_id":"Q6395054","candidates":[]}],[],[],[],[],[],[]],[[{"start":0,"end":36,"url":null,"entity_id":"Q6395040","candidates":[]}],[],[],[],[],[],[]],[[{"start":0,"end":35,"url":null,"entity_id":"Q6378467","candidates":[]}],[],[],[],[],[],[]],[[{"start":0,"end":36,"url":null,"entity_id":"Q6374343","candidates":[]}],[],[],[],[],[],[]],[[{"start":0,"end":38,"url":null,"entity_id":"Q6370787","candidates":[]}],[],[],[],[],[],[]],[[{"start":0,"end":39,"url":null,"entity_id":"Q6370784","candidates":[]}],[],[],[],[],[],[]],[[{"start":0,"end":34,"url":null,"entity_id":"Q6363765","candidates":[]}],[],[],[],[],[],[]],[[{"start":0,"end":37,"url":null,"entity_id":"Q7694840","candidates":[]}],[],[],[],[],[],[]],[[{"start":0,"end":38,"url":null,"entity_id":"Q7694839","candidates":[]}],[],[],[],[],[],[]],[[{"start":0,"end":38,"url":null,"entity_id":"Q7685337","candidates":[]}],[],[],[],[],[],[]],[[{"start":0,"end":34,"url":null,"entity_id":"Q7681519","candidates":[]}],[],[],[],[],[],[]],[[{"start":0,"end":37,"url":null,"entity_id":"Q7679094","candidates":[]}],[],[],[],[],[],[]],[[{"start":0,"end":39,"url":null,"entity_id":"Q7653966","candidates":[]}],[],[],[],[],[],[]],[[{"start":0,"end":34,"url":null,"entity_id":"Q7650027","candidates":[]}],[],[],[],[],[],[]],[[{"start":0,"end":32,"url":null,"entity_id":"Q7092141","candidates":[]}],[],[],[],[],[],[]],[[{"start":0,"end":35,"url":null,"entity_id":"Q7000645","candidates":[]}],[],[],[],[],[],[]],[[{"start":0,"end":36,"url":null,"entity_id":"Q6983067","candidates":[]}],[],[],[],[],[],[]]]}