{"version":"1.2","table":{"version":"2","table_id":"P70D36KD","columns":[{"index":0,"name":"col0","values":["Gallipoli capaign","Tet\"Offensive","Alepp offensive","Attack on Sydney arbour","Jassy–Kishiqev ffensive","Firt Jassy–Kishinev Offensive","olotsk Offensive","Nivelle Offenive","Meuse-Argopne Offensjve","Hundred Days\"Offensive","St1 Mihiel Offensive","Battle o Arras","Spring Offensve","Red River Capaign","Prce’s Missouri Expedition","Caden Exqedition","Confederate Heartland Offensie","Campaign of the Carooinas","Asturias ffensive","Villarreal Offnsive"]},{"index":1,"name":"col1","values":["Ottoman Empire","Vietnam","Syria","Australia","Romania","Moldova","Belarus","France","France","France","France","France","Belgium","United States of America","United States of America","United States of America","United States of America","United States of America","Spain","Spain"]},{"index":2,"name":"col2","values":["1916/01/09","1968/09/23","2013/12/01","1942/06/08","1944/08/29","1944/06/06","1944/07/04","1917/05/09","1918/11/11","1918/11/11","1918/09/16","1917/05/16","1918/07/18","1864/05/22","1864/12/02","1864/05/03","1862/10/10","1865/04/26","1937/10/21","1936/12/18"]}]},"context":{"page_title":null,"page_url":null,"page_entity_id":null,"content_hierarchy":[]},"links":[[[{"start":0,"end":13,"url":null,"entity_id":"Q82542","candidates":[]}],[{"start":0,"end":7,"url":null,"entity_id":"Q881","candidates":[]}],[]],[[{"start":0,"end":15,"url":null,"entity_id":"Q15095260","candidates":[]}],[{"start":0,"end":5,"url":null,"entity_id":"Q858","candidates":[]}],[]],[[{"start":0,"end":23,"url":null,"entity_id":"Q2659473","candidates":[]}],[{"start":0,"end":9,"url":null,"entity_id":"Q408","candidates":[]}],[]],[[{"start":0,"end":23,"url":null,"entity_id":"Q311765","candidates":[]}],[{"start":0,"end":7,"url":null,"entity_id":"Q218","candidates":[]}],[]],[[{"start":0,"end":29,"url":null,"entity_id":"Q715700","candidates":[]}],[{"start":0,"end":7,"url":null,"entity_id":"Q217","candidates":[]}],[]],[[{"start":0,"end":16,"url":null,"entity_id":"Q2574041","candidates":[]}],[{"start":0,"end":7,"url":null,"entity_id":"Q184","candidates":[]}],[]],[[{"start":0,"end":16,"url":null,"entity_id":"Q2005867","candidates":[]}],[{"start":0,"end":6,"url":null,"entity_id":"Q142","candidates":[]}],[]],[[{"start":0,"end":23,"url":null,"entity_id":"Q1926157","candidates":[]}],[{"start":0,"end":6,"url":null,"entity_id":"Q142","candidates":[]}],[]],[[{"start":0,"end":22,"url":null,"entity_id":"Q1130507","candidates":[]}],[{"start":0,"end":6,"url":null,"entity_id":"Q142","candidates":[]}],[]],[[{"start":0,"end":20,"url":null,"entity_id":"Q1095345","candidates":[]}],[{"start":0,"end":6,"url":null,"entity_id":"Q142","candidates":[]}],[]],[[{"start":0,"end":14,"url":null,"entity_id":"Q239255","candidates":[]}],[{"start":0,"end":6,"url":null,"entity_id":"Q142","candidates":[]}],[]],[[{"start":0,"end":15,"url":null,"entity_id":"Q750567","candidates":[]}],[{"start":0,"end":7,"url":null,"entity_id":"Q31","candidates":[]}],[]],[[{"start":0,"end":17,"url":null,"entity_id":"Q2502519","candidates":[]}],[{"start":0,"end":24,"url":null,"entity_id":"Q30","candidates":[]}],[]],[[{"start":0,"end":26,"url":null,"entity_id":"Q2489794","candidates":[]}],[{"start":0,"end":24,"url":null,"entity_id":"Q30","candidates":[]}],[]],[[{"start":0,"end":16,"url":null,"entity_id":"Q1966024","candidates":[]}],[{"start":0,"end":24,"url":null,"entity_id":"Q30","candidates":[]}],[]],[[{"start":0,"end":30,"url":null,"entity_id":"Q962723","candidates":[]}],[{"start":0,"end":24,"url":null,"entity_id":"Q30","candidates":[]}],[]],[[{"start":0,"end":25,"url":null,"entity_id":"Q886842","candidates":[]}],[{"start":0,"end":24,"url":null,"entity_id":"Q30","candidates":[]}],[]],[[{"start":0,"end":17,"url":null,"entity_id":"Q3349531","candidates":[]}],[{"start":0,"end":5,"url":null,"entity_id":"Q29","candidates":[]}],[]],[[{"start":0,"end":19,"url":null,"entity_id":"Q3077872","candidates":[]}],[{"start":0,"end":5,"url":null,"entity_id":"Q29","candidates":[]}],[]],[[{"start":0,"end":17,"url":null,"entity_id":"Q164983","candidates":[]}],[{"start":0,"end":14,"url":null,"entity_id":"Q12560","candidates":[]}],[]]]}