{"version":"1.2","table":{"version":"2","table_id":"P7GLXWTF","columns":[{"index":0,"name":"col0","values":["HKBK College of Engineering","GITAM University Hyderabad Campus","Government Engineering College, Thrissur","Global Institute of Science & Technology","Greater Kolkata College of Engineering and Management","Government College of Engineering & Textile Technology Serampore","Government College of Engineering and Ceramic Technology","Graphic Era","Government Engineering College, Trivandrum","Don Bosco Institute of Technology, Mumbai","Gojan School of Business & Technology","City and Guilds College","Inderprastha Engineering College","Ideal Institute of Technology","Institute of Technology and Marine Engineering","Heritage Institute of Technology, Kolkata","Institute of Engineering and Management","ITM University, Gwalior","Jaypee Institute of Information Technology","KC College of Engineering, Thane"]},{"index":1,"name":"col1","values":["Bengaluru","Hyderabad","Thrissur district","Haldia","Baruipur","Hooghly district","West Bengal","Dehradun","Thiruvananthapuram district","Mumbai","Chennai","City of Westminster","Ghaziabad","Ghaziabad","South 24 Parganas district","Kolkata district","Bidhannagar","Gwalior","Noida","Thane"]},{"index":2,"name":"col2","values":["Visvesvaraya Technological University","Gandhi Institute of Technology and Management","All India Council for Technical Education","Maulana Abul Kalam Azad University of Technology","Maulana Abul Kalam Azad University of Technology","Maulana Abul Kalam Azad University of Technology","Maulana Abul Kalam Azad University of Technology","University Grants Commission","University of Kerala","University of Mumbai","Anna University","City and Guilds of London Institute","Dr. A.P.J. Abdul Kalam Technical University","Dr. A.P.J. Abdul Kalam Technical University","Maulana Abul Kalam Azad University of Technology","Maulana Abul Kalam Azad University of Technology","Maulana Abul Kalam Azad University of Technology","University Grants Commission","Association of Indian Universities","University of Mumbai"]}]},"context":{"page_title":null,"page_url":null,"page_entity_id":null,"content_hierarchy":[]},"links":[[[{"start":0,"end":33,"url":null,"entity_id":"Q5513527","candidates":[]}],[{"start":0,"end":9,"url":null,"entity_id":"Q1361","candidates":[]}],[{"start":0,"end":45,"url":null,"entity_id":"Q5520696","candidates":[]}]],[[{"start":0,"end":40,"url":null,"entity_id":"Q5588825","candidates":[]}],[{"start":0,"end":17,"url":null,"entity_id":"Q2429655","candidates":[]}],[{"start":0,"end":41,"url":null,"entity_id":"Q3532608","candidates":[]}]],[[{"start":0,"end":40,"url":null,"entity_id":"Q5570423","candidates":[]}],[{"start":0,"end":6,"url":null,"entity_id":"Q12460009","candidates":[]}],[{"start":0,"end":48,"url":null,"entity_id":"Q3347298","candidates":[]}]],[[{"start":0,"end":53,"url":null,"entity_id":"Q5600593","candidates":[]}],[{"start":0,"end":8,"url":null,"entity_id":"Q708616","candidates":[]}],[{"start":0,"end":48,"url":null,"entity_id":"Q3347298","candidates":[]}]],[[{"start":0,"end":64,"url":null,"entity_id":"Q5588751","candidates":[]}],[{"start":0,"end":16,"url":null,"entity_id":"Q548518","candidates":[]}],[{"start":0,"end":48,"url":null,"entity_id":"Q3347298","candidates":[]}]],[[{"start":0,"end":56,"url":null,"entity_id":"Q5588753","candidates":[]}],[{"start":0,"end":11,"url":null,"entity_id":"Q1356","candidates":[]}],[{"start":0,"end":48,"url":null,"entity_id":"Q3347298","candidates":[]}]],[[{"start":0,"end":11,"url":null,"entity_id":"Q5597140","candidates":[]}],[{"start":0,"end":8,"url":null,"entity_id":"Q199528","candidates":[]}],[{"start":0,"end":28,"url":null,"entity_id":"Q3345459","candidates":[]}]],[[{"start":0,"end":42,"url":null,"entity_id":"Q5588828","candidates":[]}],[{"start":0,"end":27,"url":null,"entity_id":"Q162612","candidates":[]}],[{"start":0,"end":20,"url":null,"entity_id":"Q1552247","candidates":[]}]],[[{"start":0,"end":41,"url":null,"entity_id":"Q5292277","candidates":[]}],[{"start":0,"end":6,"url":null,"entity_id":"Q1156","candidates":[]}],[{"start":0,"end":20,"url":null,"entity_id":"Q406402","candidates":[]}]],[[{"start":0,"end":37,"url":null,"entity_id":"Q5577947","candidates":[]}],[{"start":0,"end":7,"url":null,"entity_id":"Q1352","candidates":[]}],[{"start":0,"end":15,"url":null,"entity_id":"Q165053","candidates":[]}]],[[{"start":0,"end":23,"url":null,"entity_id":"Q86086220","candidates":[]}],[{"start":0,"end":19,"url":null,"entity_id":"Q179351","candidates":[]}],[{"start":0,"end":35,"url":null,"entity_id":"Q4036240","candidates":[]}]],[[{"start":0,"end":32,"url":null,"entity_id":"Q6017716","candidates":[]}],[{"start":0,"end":9,"url":null,"entity_id":"Q207098","candidates":[]}],[{"start":0,"end":43,"url":null,"entity_id":"Q7903351","candidates":[]}]],[[{"start":0,"end":29,"url":null,"entity_id":"Q5987963","candidates":[]}],[{"start":0,"end":9,"url":null,"entity_id":"Q207098","candidates":[]}],[{"start":0,"end":43,"url":null,"entity_id":"Q7903351","candidates":[]}]],[[{"start":0,"end":46,"url":null,"entity_id":"Q6040932","candidates":[]}],[{"start":0,"end":26,"url":null,"entity_id":"Q2308319","candidates":[]}],[{"start":0,"end":48,"url":null,"entity_id":"Q3347298","candidates":[]}]],[[{"start":0,"end":41,"url":null,"entity_id":"Q5738904","candidates":[]}],[{"start":0,"end":16,"url":null,"entity_id":"Q2088496","candidates":[]}],[{"start":0,"end":48,"url":null,"entity_id":"Q3347298","candidates":[]}]],[[{"start":0,"end":39,"url":null,"entity_id":"Q6040275","candidates":[]}],[{"start":0,"end":11,"url":null,"entity_id":"Q796739","candidates":[]}],[{"start":0,"end":48,"url":null,"entity_id":"Q3347298","candidates":[]}]],[[{"start":0,"end":23,"url":null,"entity_id":"Q5974869","candidates":[]}],[{"start":0,"end":7,"url":null,"entity_id":"Q158467","candidates":[]}],[{"start":0,"end":28,"url":null,"entity_id":"Q3345459","candidates":[]}]],[[{"start":0,"end":42,"url":null,"entity_id":"Q6167945","candidates":[]}],[{"start":0,"end":5,"url":null,"entity_id":"Q278204","candidates":[]}],[{"start":0,"end":34,"url":null,"entity_id":"Q2867626","candidates":[]}]],[[{"start":0,"end":32,"url":null,"entity_id":"Q6327577","candidates":[]}],[{"start":0,"end":5,"url":null,"entity_id":"Q207749","candidates":[]}],[{"start":0,"end":20,"url":null,"entity_id":"Q406402","candidates":[]}]],[[{"start":0,"end":27,"url":null,"entity_id":"Q5629969","candidates":[]}],[{"start":0,"end":9,"url":null,"entity_id":"Q1355","candidates":[]}],[{"start":0,"end":37,"url":null,"entity_id":"Q7936658","candidates":[]}]]]}