{"version":"1.2","table":{"version":"2","table_id":"P7MJSMI1","columns":[{"index":0,"name":"col0","values":["Xiaomi Mi A1","Nokia 3","Samsung Galaxy S6","HTC U11","Sony Xperia XZ Premium","Samsung Galaxy Note 8","Samsung Galaxy S8+","Sony Xperia XZ1","Samsung Galaxy S8","OnePlus 5","Pixel","OnePlus 3T","LG G5","HTC 10","OnePlus 3","Nexus 5X","LG G4","ZUK Z1","OnePlus One","Moto G5"]},{"index":1,"name":"col1","values":["Xiaomi Mi A2","Nokia 3.1","Samsung Galaxy S7","HTC U12+","Sony Xperia XZ2 Premium","Samsung Galaxy Note 9","Samsung Galaxy S9+","Sony Xperia XZ2","Samsung Galaxy S9","OnePlus 5T","Pixel 2","OnePlus 5","LG G6","HTC U Ultra","OnePlus 3T","Pixel","LG G5","Lenovo Z2 Plus","OnePlus 2","Moto G6"]},{"index":2,"name":"col2","values":["Qualcomm Snapdragon 625","Mediatek MT6737","Exynos 7420","Snapdragon 835","Snapdragon 835","Snapdragon 835","Snapdragon 835","Snapdragon 835","Snapdragon 835","Snapdragon 835","Snapdragon 821","Snapdragon 821","Snapdragon 820","Snapdragon 820","Snapdragon 820","Snapdragon 808","Snapdragon 808","Snapdragon 801","Snapdragon 801","ARM Cortex-A53"]}]},"context":{"page_title":null,"page_url":null,"page_entity_id":null,"content_hierarchy":[]},"links":[[[{"start":0,"end":12,"url":null,"entity_id":"Q39060647","candidates":[]}],[{"start":0,"end":12,"url":null,"entity_id":"Q56084807","candidates":[]}],[{"start":0,"end":23,"url":null,"entity_id":"Q64840813","candidates":[]}]],[[{"start":0,"end":7,"url":null,"entity_id":"Q28845516","candidates":[]}],[{"start":0,"end":9,"url":null,"entity_id":"Q55625356","candidates":[]}],[{"start":0,"end":15,"url":null,"entity_id":"Q29167037","candidates":[]}]],[[{"start":0,"end":17,"url":null,"entity_id":"Q18941713","candidates":[]}],[{"start":0,"end":17,"url":null,"entity_id":"Q22893875","candidates":[]}],[{"start":0,"end":11,"url":null,"entity_id":"Q28859206","candidates":[]}]],[[{"start":0,"end":7,"url":null,"entity_id":"Q29973575","candidates":[]}],[{"start":0,"end":8,"url":null,"entity_id":"Q53997703","candidates":[]}],[{"start":0,"end":14,"url":null,"entity_id":"Q28849038","candidates":[]}]],[[{"start":0,"end":22,"url":null,"entity_id":"Q28854987","candidates":[]}],[{"start":0,"end":23,"url":null,"entity_id":"Q51885191","candidates":[]}],[{"start":0,"end":14,"url":null,"entity_id":"Q28849038","candidates":[]}]],[[{"start":0,"end":21,"url":null,"entity_id":"Q34182458","candidates":[]}],[{"start":0,"end":21,"url":null,"entity_id":"Q51072203","candidates":[]}],[{"start":0,"end":14,"url":null,"entity_id":"Q28849038","candidates":[]}]],[[{"start":0,"end":18,"url":null,"entity_id":"Q29197075","candidates":[]}],[{"start":0,"end":18,"url":null,"entity_id":"Q50277476","candidates":[]}],[{"start":0,"end":14,"url":null,"entity_id":"Q28849038","candidates":[]}]],[[{"start":0,"end":15,"url":null,"entity_id":"Q41327031","candidates":[]}],[{"start":0,"end":15,"url":null,"entity_id":"Q50244688","candidates":[]}],[{"start":0,"end":14,"url":null,"entity_id":"Q28849038","candidates":[]}]],[[{"start":0,"end":17,"url":null,"entity_id":"Q28864618","candidates":[]}],[{"start":0,"end":17,"url":null,"entity_id":"Q50102300","candidates":[]}],[{"start":0,"end":14,"url":null,"entity_id":"Q28849038","candidates":[]}]],[[{"start":0,"end":9,"url":null,"entity_id":"Q30348040","candidates":[]}],[{"start":0,"end":10,"url":null,"entity_id":"Q43230363","candidates":[]}],[{"start":0,"end":14,"url":null,"entity_id":"Q28849038","candidates":[]}]],[[{"start":0,"end":5,"url":null,"entity_id":"Q27096258","candidates":[]}],[{"start":0,"end":7,"url":null,"entity_id":"Q41605741","candidates":[]}],[{"start":0,"end":14,"url":null,"entity_id":"Q26122998","candidates":[]}]],[[{"start":0,"end":10,"url":null,"entity_id":"Q28224257","candidates":[]}],[{"start":0,"end":9,"url":null,"entity_id":"Q30348040","candidates":[]}],[{"start":0,"end":14,"url":null,"entity_id":"Q26122998","candidates":[]}]],[[{"start":0,"end":5,"url":null,"entity_id":"Q22906342","candidates":[]}],[{"start":0,"end":5,"url":null,"entity_id":"Q28843160","candidates":[]}],[{"start":0,"end":14,"url":null,"entity_id":"Q23308667","candidates":[]}]],[[{"start":0,"end":6,"url":null,"entity_id":"Q23816876","candidates":[]}],[{"start":0,"end":11,"url":null,"entity_id":"Q28380887","candidates":[]}],[{"start":0,"end":14,"url":null,"entity_id":"Q23308667","candidates":[]}]],[[{"start":0,"end":9,"url":null,"entity_id":"Q24635933","candidates":[]}],[{"start":0,"end":10,"url":null,"entity_id":"Q28224257","candidates":[]}],[{"start":0,"end":14,"url":null,"entity_id":"Q23308667","candidates":[]}]],[[{"start":0,"end":8,"url":null,"entity_id":"Q21031158","candidates":[]}],[{"start":0,"end":5,"url":null,"entity_id":"Q27096258","candidates":[]}],[{"start":0,"end":14,"url":null,"entity_id":"Q23308548","candidates":[]}]],[[{"start":0,"end":5,"url":null,"entity_id":"Q19839498","candidates":[]}],[{"start":0,"end":5,"url":null,"entity_id":"Q22906342","candidates":[]}],[{"start":0,"end":14,"url":null,"entity_id":"Q23308548","candidates":[]}]],[[{"start":0,"end":6,"url":null,"entity_id":"Q21041380","candidates":[]}],[{"start":0,"end":14,"url":null,"entity_id":"Q28187447","candidates":[]}],[{"start":0,"end":14,"url":null,"entity_id":"Q23308497","candidates":[]}]],[[{"start":0,"end":11,"url":null,"entity_id":"Q18384339","candidates":[]}],[{"start":0,"end":9,"url":null,"entity_id":"Q19865879","candidates":[]}],[{"start":0,"end":14,"url":null,"entity_id":"Q23308497","candidates":[]}]],[[{"start":0,"end":7,"url":null,"entity_id":"Q29578337","candidates":[]}],[{"start":0,"end":7,"url":null,"entity_id":"Q54958899","candidates":[]}],[{"start":0,"end":14,"url":null,"entity_id":"Q23045352","candidates":[]}]]]}