{"version":"1.2","table":{"version":"2","table_id":"P9IU9E7B","columns":[{"index":0,"name":"col0","values":["Passion series of 5 paintings","Nine scenes from Heliodorus' Aethiopica","Dymphna altarpiece","Index: Incident in a Museum (Art & Language)","Music and Prudence","Triptych of the Adoration of the Magi","Winter Room (northern wall), Rosenborg Castle","Winter Room (southern wall), Rosenborg Castle","Winter Room (western wall), Rosenborg Castle","Winter Room (eastern wall), Rosenborg Castle","Ciudad Rodrigo altarpiece","Polyptych of the Church of Saint Blaise of Campanário","Self-portrait and Portrait of Cornelia Bouwers, the artist’s wife","Portraits de société","They didn’t return","Orlier altar","Figures in a Landscape, Two Nude Youths (left), Man, Woman and Child (right)","Saturn Devouring a Child; Hercules Slaying the Hydra; Hercules Lifting Antaeus; Hercules Erecting the Columns of Calpe and Abyla","Ebony Cabinet with Thirteen Paintings of Classical Subjects","Twelve Months of Flowers"]},{"index":1,"name":"col1","values":["private collection","Museumslandschaft Hessen Kassel","The Phoebus Foundation","Tate","Bavarian State Painting Collections","Metropolitan Museum of Art","Rosenborg Castle","Rosenborg Castle","Rosenborg Castle","Rosenborg Castle","Samuel H. Kress Collection","Sacred Art Museum of Funchal","Fondation Custodia","Musée national des beaux-arts du Québec","National Gallery of Armenia","Unterlinden Museum","Toledo Museum of Art","Yale University Art Gallery","North Carolina Museum of Art","Fitzwilliam Museum"]},{"index":2,"name":"col2","values":["Sint Augustinus (De Star)","Gemäldegalerie Alte Meister","Royal Museum of Fine Arts Antwerp","Tate Modern","Alte Pinakothek","New York City","Winter Room, Rosenborg Castle","Winter Room, Rosenborg Castle","Winter Room, Rosenborg Castle","Winter Room, Rosenborg Castle","University of Arizona Museum of Art","Sacred Art Museum of Funchal","Fondation Custodia","Musée national des beaux-arts du Québec","National Gallery of Armenia","Unterlinden Museum","Toledo Museum of Art","Yale University Art Gallery","North Carolina Museum of Art","Fitzwilliam Museum"]}]},"context":{"page_title":null,"page_url":null,"page_entity_id":null,"content_hierarchy":[]},"links":[[[{"start":0,"end":39,"url":null,"entity_id":"Q61950881","candidates":[]}],[{"start":0,"end":31,"url":null,"entity_id":"Q1954840","candidates":[]}],[{"start":0,"end":27,"url":null,"entity_id":"Q1501219","candidates":[]}]],[[{"start":0,"end":18,"url":null,"entity_id":"Q69659037","candidates":[]}],[{"start":0,"end":22,"url":null,"entity_id":"Q54082797","candidates":[]}],[{"start":0,"end":33,"url":null,"entity_id":"Q1471477","candidates":[]}]],[[{"start":0,"end":44,"url":null,"entity_id":"Q63951611","candidates":[]}],[{"start":0,"end":4,"url":null,"entity_id":"Q430682","candidates":[]}],[{"start":0,"end":11,"url":null,"entity_id":"Q193375","candidates":[]}]],[[{"start":0,"end":18,"url":null,"entity_id":"Q81813877","candidates":[]}],[{"start":0,"end":35,"url":null,"entity_id":"Q812285","candidates":[]}],[{"start":0,"end":15,"url":null,"entity_id":"Q154568","candidates":[]}]],[[{"start":0,"end":37,"url":null,"entity_id":"Q65037306","candidates":[]}],[{"start":0,"end":26,"url":null,"entity_id":"Q160236","candidates":[]}],[{"start":0,"end":13,"url":null,"entity_id":"Q60","candidates":[]}]],[[{"start":0,"end":45,"url":null,"entity_id":"Q65009181","candidates":[]}],[{"start":0,"end":16,"url":null,"entity_id":"Q206101","candidates":[]}],[{"start":0,"end":29,"url":null,"entity_id":"Q65006197","candidates":[]}]],[[{"start":0,"end":45,"url":null,"entity_id":"Q65007070","candidates":[]}],[{"start":0,"end":16,"url":null,"entity_id":"Q206101","candidates":[]}],[{"start":0,"end":29,"url":null,"entity_id":"Q65006197","candidates":[]}]],[[{"start":0,"end":44,"url":null,"entity_id":"Q65007069","candidates":[]}],[{"start":0,"end":16,"url":null,"entity_id":"Q206101","candidates":[]}],[{"start":0,"end":29,"url":null,"entity_id":"Q65006197","candidates":[]}]],[[{"start":0,"end":44,"url":null,"entity_id":"Q65006779","candidates":[]}],[{"start":0,"end":16,"url":null,"entity_id":"Q206101","candidates":[]}],[{"start":0,"end":29,"url":null,"entity_id":"Q65006197","candidates":[]}]],[[{"start":0,"end":25,"url":null,"entity_id":"Q74801398","candidates":[]}],[{"start":0,"end":26,"url":null,"entity_id":"Q2074027","candidates":[]}],[{"start":0,"end":35,"url":null,"entity_id":"Q7895060","candidates":[]}]],[[{"start":0,"end":53,"url":null,"entity_id":"Q48878125","candidates":[]}],[{"start":0,"end":28,"url":null,"entity_id":"Q6033898","candidates":[]}],[{"start":0,"end":28,"url":null,"entity_id":"Q6033898","candidates":[]}]],[[{"start":0,"end":65,"url":null,"entity_id":"Q65122995","candidates":[]}],[{"start":0,"end":18,"url":null,"entity_id":"Q3075420","candidates":[]}],[{"start":0,"end":18,"url":null,"entity_id":"Q3075420","candidates":[]}]],[[{"start":0,"end":20,"url":null,"entity_id":"Q59564186","candidates":[]}],[{"start":0,"end":39,"url":null,"entity_id":"Q2338135","candidates":[]}],[{"start":0,"end":39,"url":null,"entity_id":"Q2338135","candidates":[]}]],[[{"start":0,"end":18,"url":null,"entity_id":"Q48078407","candidates":[]}],[{"start":0,"end":27,"url":null,"entity_id":"Q2087788","candidates":[]}],[{"start":0,"end":27,"url":null,"entity_id":"Q2087788","candidates":[]}]],[[{"start":0,"end":12,"url":null,"entity_id":"Q56043199","candidates":[]}],[{"start":0,"end":18,"url":null,"entity_id":"Q1851283","candidates":[]}],[{"start":0,"end":18,"url":null,"entity_id":"Q1851283","candidates":[]}]],[[{"start":0,"end":76,"url":null,"entity_id":"Q61699085","candidates":[]}],[{"start":0,"end":20,"url":null,"entity_id":"Q1743116","candidates":[]}],[{"start":0,"end":20,"url":null,"entity_id":"Q1743116","candidates":[]}]],[[{"start":0,"end":128,"url":null,"entity_id":"Q49196045","candidates":[]}],[{"start":0,"end":27,"url":null,"entity_id":"Q1568434","candidates":[]}],[{"start":0,"end":27,"url":null,"entity_id":"Q1568434","candidates":[]}]],[[{"start":0,"end":59,"url":null,"entity_id":"Q63899879","candidates":[]}],[{"start":0,"end":28,"url":null,"entity_id":"Q1459878","candidates":[]}],[{"start":0,"end":28,"url":null,"entity_id":"Q1459878","candidates":[]}]],[[{"start":0,"end":24,"url":null,"entity_id":"Q50666072","candidates":[]}],[{"start":0,"end":18,"url":null,"entity_id":"Q1421440","candidates":[]}],[{"start":0,"end":18,"url":null,"entity_id":"Q1421440","candidates":[]}]],[[{"start":0,"end":29,"url":null,"entity_id":"Q67445225","candidates":[]}],[{"start":0,"end":18,"url":null,"entity_id":"Q768717","candidates":[]}],[{"start":0,"end":25,"url":null,"entity_id":"Q67445043","candidates":[]}]]]}