{"version":"1.2","table":{"version":"2","table_id":"PB28IVC5","columns":[{"index":0,"name":"col0","values":["Nortkern line","Hammersmith & ity line","Piccadlly line","Districtline","Metrosolitan line","Kaluzjsko-Rizhskaya Line","ed Line","Ornge Line","Bakerloo llne","Exo Line","Markft–Frbnkford Line","Mgtro SubwayLink","Yelow Line","Red!Line","Btovskaya Line","Serpukhovsko/Timiryazevskaya Line","Zamoskvoretskaya Lipe","Kalininsko-Solntsevskaya nine","Filyoxskaya Line","Kotsevaya line"]},{"index":1,"name":"col1","values":["Template:Attached KML/Northern line","Template:Attached KML/Hammersmith City Line","Template:Attached KML/Piccadilly line","Template:Attached KML/District line","Template:Attached KML/Metropolitan line","Template:Attached KML/Kaluzhsko-Rizhskaya Line","Template:Attached KML/Red Line (MBTA)","Template:Attached KML/Orange Line (MBTA)","Template:Attached KML/Bakerloo line","Template:Attached KML/Expo Line (TransLink)","Template:Attached KML/Market–Frankford Line","Template:Attached KML/Metro SubwayLink","Template:Attached KML/Yellow Line (CTA)","Template:Attached KML/Red Line (CTA)","Template:Attached KML/Butovskaya Line","Template:Attached KML/Serpukhovsko-Timiryazevskaya Line","Template:Attached KML/Zamoskvoretskaya Line","Template:Attached KML/Kalininsko-Solntsevskaya Line","Template:Attached KML/Filyovskaya Line","Template:Attached KML/Koltsevaya Line"]},{"index":2,"name":"col2","values":["third rail","third rail","third rail","third rail","third rail","direct current","third rail","third rail","third rail","third rail","third rail","direct current","third rail","third rail","third rail","direct current","direct current","direct current","direct current","direct current"]},{"index":3,"name":"col3","values":["London Borough of Wandsworth","London Borough of Hammersmith and Fulham","London Borough of Hammersmith and Fulham","London Borough of Richmond upon Thames","Hertfordshire","Moscow","Boston","Boston","London","Vancouver","Upper Darby Township","Baltimore","Chicago","Chicago","Moscow","Moscow","Moscow","Moscow","Moscow","Moscow"]}]},"context":{"page_title":null,"page_url":null,"page_entity_id":null,"content_hierarchy":[]},"links":[[[{"start":0,"end":13,"url":null,"entity_id":"Q214793","candidates":[]}],[{"start":0,"end":35,"url":null,"entity_id":"Q26331226","candidates":[]}],[{"start":0,"end":10,"url":null,"entity_id":"Q748825","candidates":[]}],[{"start":0,"end":28,"url":null,"entity_id":"Q210563","candidates":[]}]],[[{"start":0,"end":22,"url":null,"entity_id":"Q211270","candidates":[]}],[{"start":0,"end":43,"url":null,"entity_id":"Q26386339","candidates":[]}],[{"start":0,"end":10,"url":null,"entity_id":"Q748825","candidates":[]}],[{"start":0,"end":40,"url":null,"entity_id":"Q40478","candidates":[]}]],[[{"start":0,"end":14,"url":null,"entity_id":"Q207689","candidates":[]}],[{"start":0,"end":37,"url":null,"entity_id":"Q26331227","candidates":[]}],[{"start":0,"end":10,"url":null,"entity_id":"Q748825","candidates":[]}],[{"start":0,"end":40,"url":null,"entity_id":"Q40478","candidates":[]}]],[[{"start":0,"end":12,"url":null,"entity_id":"Q211265","candidates":[]}],[{"start":0,"end":35,"url":null,"entity_id":"Q26331223","candidates":[]}],[{"start":0,"end":10,"url":null,"entity_id":"Q748825","candidates":[]}],[{"start":0,"end":38,"url":null,"entity_id":"Q32515","candidates":[]}]],[[{"start":0,"end":17,"url":null,"entity_id":"Q19891","candidates":[]}],[{"start":0,"end":39,"url":null,"entity_id":"Q26331225","candidates":[]}],[{"start":0,"end":10,"url":null,"entity_id":"Q748825","candidates":[]}],[{"start":0,"end":13,"url":null,"entity_id":"Q3410","candidates":[]}]],[[{"start":0,"end":24,"url":null,"entity_id":"Q175271","candidates":[]}],[{"start":0,"end":46,"url":null,"entity_id":"Q26369189","candidates":[]}],[{"start":0,"end":14,"url":null,"entity_id":"Q159241","candidates":[]}],[{"start":0,"end":6,"url":null,"entity_id":"Q649","candidates":[]}]],[[{"start":0,"end":7,"url":null,"entity_id":"Q152039","candidates":[]}],[{"start":0,"end":37,"url":null,"entity_id":"Q26329859","candidates":[]}],[{"start":0,"end":10,"url":null,"entity_id":"Q748825","candidates":[]}],[{"start":0,"end":6,"url":null,"entity_id":"Q100","candidates":[]}]],[[{"start":0,"end":10,"url":null,"entity_id":"Q152029","candidates":[]}],[{"start":0,"end":40,"url":null,"entity_id":"Q26329725","candidates":[]}],[{"start":0,"end":10,"url":null,"entity_id":"Q748825","candidates":[]}],[{"start":0,"end":6,"url":null,"entity_id":"Q100","candidates":[]}]],[[{"start":0,"end":13,"url":null,"entity_id":"Q19892","candidates":[]}],[{"start":0,"end":35,"url":null,"entity_id":"Q26331220","candidates":[]}],[{"start":0,"end":10,"url":null,"entity_id":"Q748825","candidates":[]}],[{"start":0,"end":6,"url":null,"entity_id":"Q84","candidates":[]}]],[[{"start":0,"end":8,"url":null,"entity_id":"Q736619","candidates":[]}],[{"start":0,"end":43,"url":null,"entity_id":"Q55002690","candidates":[]}],[{"start":0,"end":10,"url":null,"entity_id":"Q748825","candidates":[]}],[{"start":0,"end":9,"url":null,"entity_id":"Q24639","candidates":[]}]],[[{"start":0,"end":21,"url":null,"entity_id":"Q823251","candidates":[]}],[{"start":0,"end":43,"url":null,"entity_id":"Q26369537","candidates":[]}],[{"start":0,"end":10,"url":null,"entity_id":"Q748825","candidates":[]}],[{"start":0,"end":20,"url":null,"entity_id":"Q20694","candidates":[]}]],[[{"start":0,"end":16,"url":null,"entity_id":"Q805751","candidates":[]}],[{"start":0,"end":38,"url":null,"entity_id":"Q26369310","candidates":[]}],[{"start":0,"end":14,"url":null,"entity_id":"Q159241","candidates":[]}],[{"start":0,"end":9,"url":null,"entity_id":"Q5092","candidates":[]}]],[[{"start":0,"end":10,"url":null,"entity_id":"Q595450","candidates":[]}],[{"start":0,"end":39,"url":null,"entity_id":"Q26331184","candidates":[]}],[{"start":0,"end":10,"url":null,"entity_id":"Q748825","candidates":[]}],[{"start":0,"end":7,"url":null,"entity_id":"Q1297","candidates":[]}]],[[{"start":0,"end":8,"url":null,"entity_id":"Q642623","candidates":[]}],[{"start":0,"end":36,"url":null,"entity_id":"Q26331182","candidates":[]}],[{"start":0,"end":10,"url":null,"entity_id":"Q748825","candidates":[]}],[{"start":0,"end":7,"url":null,"entity_id":"Q1297","candidates":[]}]],[[{"start":0,"end":14,"url":null,"entity_id":"Q678759","candidates":[]}],[{"start":0,"end":37,"url":null,"entity_id":"Q26369167","candidates":[]}],[{"start":0,"end":10,"url":null,"entity_id":"Q748825","candidates":[]}],[{"start":0,"end":6,"url":null,"entity_id":"Q649","candidates":[]}]],[[{"start":0,"end":33,"url":null,"entity_id":"Q739170","candidates":[]}],[{"start":0,"end":55,"url":null,"entity_id":"Q26369300","candidates":[]}],[{"start":0,"end":14,"url":null,"entity_id":"Q159241","candidates":[]}],[{"start":0,"end":6,"url":null,"entity_id":"Q649","candidates":[]}]],[[{"start":0,"end":21,"url":null,"entity_id":"Q834482","candidates":[]}],[{"start":0,"end":43,"url":null,"entity_id":"Q26369288","candidates":[]}],[{"start":0,"end":14,"url":null,"entity_id":"Q159241","candidates":[]}],[{"start":0,"end":6,"url":null,"entity_id":"Q649","candidates":[]}]],[[{"start":0,"end":29,"url":null,"entity_id":"Q585986","candidates":[]}],[{"start":0,"end":51,"url":null,"entity_id":"Q26369278","candidates":[]}],[{"start":0,"end":14,"url":null,"entity_id":"Q159241","candidates":[]}],[{"start":0,"end":6,"url":null,"entity_id":"Q649","candidates":[]}]],[[{"start":0,"end":16,"url":null,"entity_id":"Q834540","candidates":[]}],[{"start":0,"end":38,"url":null,"entity_id":"Q26369237","candidates":[]}],[{"start":0,"end":14,"url":null,"entity_id":"Q159241","candidates":[]}],[{"start":0,"end":6,"url":null,"entity_id":"Q649","candidates":[]}]],[[{"start":0,"end":14,"url":null,"entity_id":"Q831673","candidates":[]}],[{"start":0,"end":37,"url":null,"entity_id":"Q26369212","candidates":[]}],[{"start":0,"end":14,"url":null,"entity_id":"Q159241","candidates":[]}],[{"start":0,"end":6,"url":null,"entity_id":"Q649","candidates":[]}]]]}