{"version":"1.2","table":{"version":"2","table_id":"PB8PBR2V","columns":[{"index":0,"name":"col0","values":["2018 Tour du Haut Var","2018 Tour La Provence","2019 Circuit de la Sarthe","Sibiu Cycling Tour 2018","2018 Tour de Taiwan","2019 Tour of Almaty","2017 Tour of Croatia","2017 Grand Prix Elsy Jacobs","2017 Circuit de la Sarthe","2016 Tour de l'Ain","2016 Tour of Alberta","2016 Tour des Fjords","2013 Volta ao Algarve","2012 World Ports Classic","2017 Tropicale Amissa Bongo","2013 Arctic Race of Norway","2011 Delta Tour Zeeland","2013 Tour of Norway","2017 Tour de l'Ain","2017 Tour de Yorkshire"]},{"index":1,"name":"col1","values":["Rudy Molard","Rémy Di Gregorio","Bryan Coquard","Antonio Santoro","Yukiya Arashiro","Metkel Eyob","Vincenzo Nibali","Christine Majerus","Arthur Vichot","Samuel Dumoulin","Evan Huffman","Alexander Kristoff","Tiago Machado","André Greipel","Siarhei Papok","Nikias Arndt","Aidis Kruopis","Edvald Boasson Hagen","Brice Feillu","Jonathan Hivert"]},{"index":2,"name":"col2","values":["2018 Tour du Haut Var, Stage 1","2018 Tour La Provence, Prologue","2019 Circuit de la Sarthe, stage 1","2018 Sibiu Cycling Tour, stage 3A","2018 Tour de Taiwan stage 1","2019 Tour of Almaty, stage 1","2017 Tour of Croatia, Stage 1","2017 Grand Prix Elsy Jacobs, Prologue","2017 Circuit de la Sarthe, Stage 2","2016 Tour de l'Ain, Stage 1","2016 Tour of Alberta, Stage 1","2016 Tour des Fjords, Stage 1","2013 Volta ao Algarve, Stage 1","2012 World Ports Classic, Stage 1","2017 La Tropicale Amissa Bongo, Stage 1","2013 Arctic Race of Norway, Stage 1","2011 Delta Tour Zeeland, Prologue","2013 Tour of Norway, Stage 3","Tour de l'Ain 2017 - Stage 1","2017 Tour de Yorkshire, Stage 1"]}]},"context":{"page_title":null,"page_url":null,"page_entity_id":null,"content_hierarchy":[]},"links":[[[{"start":0,"end":21,"url":null,"entity_id":"Q47102068","candidates":[]}],[{"start":0,"end":16,"url":null,"entity_id":"Q473203","candidates":[]}],[{"start":0,"end":31,"url":null,"entity_id":"Q47102388","candidates":[]}]],[[{"start":0,"end":25,"url":null,"entity_id":"Q63038756","candidates":[]}],[{"start":0,"end":13,"url":null,"entity_id":"Q994991","candidates":[]}],[{"start":0,"end":34,"url":null,"entity_id":"Q63039020","candidates":[]}]],[[{"start":0,"end":23,"url":null,"entity_id":"Q50190614","candidates":[]}],[{"start":0,"end":15,"url":null,"entity_id":"Q2778731","candidates":[]}],[{"start":0,"end":33,"url":null,"entity_id":"Q55106947","candidates":[]}]],[[{"start":0,"end":19,"url":null,"entity_id":"Q50542338","candidates":[]}],[{"start":0,"end":15,"url":null,"entity_id":"Q523274","candidates":[]}],[{"start":0,"end":27,"url":null,"entity_id":"Q50542340","candidates":[]}]],[[{"start":0,"end":19,"url":null,"entity_id":"Q66717336","candidates":[]}],[{"start":0,"end":11,"url":null,"entity_id":"Q15710985","candidates":[]}],[{"start":0,"end":28,"url":null,"entity_id":"Q66717337","candidates":[]}]],[[{"start":0,"end":20,"url":null,"entity_id":"Q29363962","candidates":[]}],[{"start":0,"end":15,"url":null,"entity_id":"Q312322","candidates":[]}],[{"start":0,"end":29,"url":null,"entity_id":"Q29364043","candidates":[]}]],[[{"start":0,"end":27,"url":null,"entity_id":"Q29345930","candidates":[]}],[{"start":0,"end":17,"url":null,"entity_id":"Q452004","candidates":[]}],[{"start":0,"end":37,"url":null,"entity_id":"Q29345940","candidates":[]}]],[[{"start":0,"end":25,"url":null,"entity_id":"Q29048898","candidates":[]}],[{"start":0,"end":13,"url":null,"entity_id":"Q711788","candidates":[]}],[{"start":0,"end":34,"url":null,"entity_id":"Q29160054","candidates":[]}]],[[{"start":0,"end":18,"url":null,"entity_id":"Q20823441","candidates":[]}],[{"start":0,"end":15,"url":null,"entity_id":"Q356311","candidates":[]}],[{"start":0,"end":27,"url":null,"entity_id":"Q28920306","candidates":[]}]],[[{"start":0,"end":20,"url":null,"entity_id":"Q20826600","candidates":[]}],[{"start":0,"end":12,"url":null,"entity_id":"Q1583919","candidates":[]}],[{"start":0,"end":29,"url":null,"entity_id":"Q26806444","candidates":[]}]],[[{"start":0,"end":20,"url":null,"entity_id":"Q21027926","candidates":[]}],[{"start":0,"end":18,"url":null,"entity_id":"Q352080","candidates":[]}],[{"start":0,"end":29,"url":null,"entity_id":"Q26722635","candidates":[]}]],[[{"start":0,"end":21,"url":null,"entity_id":"Q4671869","candidates":[]}],[{"start":0,"end":13,"url":null,"entity_id":"Q523427","candidates":[]}],[{"start":0,"end":30,"url":null,"entity_id":"Q63408315","candidates":[]}]],[[{"start":0,"end":24,"url":null,"entity_id":"Q2563687","candidates":[]}],[{"start":0,"end":13,"url":null,"entity_id":"Q168712","candidates":[]}],[{"start":0,"end":33,"url":null,"entity_id":"Q56775239","candidates":[]}]],[[{"start":0,"end":27,"url":null,"entity_id":"Q12894596","candidates":[]}],[{"start":0,"end":13,"url":null,"entity_id":"Q2291060","candidates":[]}],[{"start":0,"end":39,"url":null,"entity_id":"Q28933925","candidates":[]}]],[[{"start":0,"end":26,"url":null,"entity_id":"Q11958583","candidates":[]}],[{"start":0,"end":12,"url":null,"entity_id":"Q90403","candidates":[]}],[{"start":0,"end":35,"url":null,"entity_id":"Q22569482","candidates":[]}]],[[{"start":0,"end":23,"url":null,"entity_id":"Q2375121","candidates":[]}],[{"start":0,"end":13,"url":null,"entity_id":"Q404037","candidates":[]}],[{"start":0,"end":33,"url":null,"entity_id":"Q22303599","candidates":[]}]],[[{"start":0,"end":19,"url":null,"entity_id":"Q12007218","candidates":[]}],[{"start":0,"end":20,"url":null,"entity_id":"Q333351","candidates":[]}],[{"start":0,"end":28,"url":null,"entity_id":"Q12007223","candidates":[]}]],[[{"start":0,"end":18,"url":null,"entity_id":"Q28842677","candidates":[]}],[{"start":0,"end":12,"url":null,"entity_id":"Q380885","candidates":[]}],[{"start":0,"end":28,"url":null,"entity_id":"Q36676849","candidates":[]}]],[[{"start":0,"end":22,"url":null,"entity_id":"Q27943070","candidates":[]}],[{"start":0,"end":15,"url":null,"entity_id":"Q523971","candidates":[]}],[{"start":0,"end":31,"url":null,"entity_id":"Q29531422","candidates":[]}]],[[{"start":0,"end":21,"url":null,"entity_id":"Q47103666","candidates":[]}],[{"start":0,"end":11,"url":null,"entity_id":"Q282045","candidates":[]}],[{"start":0,"end":30,"url":null,"entity_id":"Q47103863","candidates":[]}]]]}