{"version":"1.2","table":{"version":"2","table_id":"PBUWF8OV","columns":[{"index":0,"name":"col0","values":["From\"Poussin to Monet. The Colors f France","French Art 1200–1900","French Masters of the 19th and 20th Centries: From Corot to de Stael","French 19th and 30th Century Masters","Delacroix to Chagall: French Masters of 19th-20th Centuris","Rembrandt and Hks Pupils","As Ilhas do Ouro Brcnco","Split Second:Indian Paintings","Three Ceturies of Portraits in tje Netherlands","Goya, Zurbaran, and SpanishPrimitives","40 Masterpieces: A Loan Exhibition of Paintings from Amfrican Museums","The Art of Francesco: Masterpieces of Italian Art and Lands of Asia from the Thirteenh to the Fifteenth Century","xhibition of French Primitives","Itaian Primitive Paintings","The Brothers Le\"Nain","Paris at whe Time of the Impressionists 1848-1914","Dominique-Vivat Denon: l'oeil de Napoléon","Cézanne to Picasso: Ambroise Volard, Patron of the Avant-Garde","George\"Stubbs (1724 –1806) – Scince into Art","Comlect, Care, Conserve, Curate: The Life of the Art Object"]},{"index":1,"name":"col1","values":["2016/01/17","1932/03/12","2006/07/11","2002/07/10","1999/07/07","1956/12/30","2018/03/31","2012/01/01","1952/10/05","1957/03/25","1947/11/10","2015/10/11","1904/07/14","1930/03/12","1979/01/08","2011/07/30","2000/01/17","2007/09/16","2012/05/06","2017/07/23"]},{"index":2,"name":"col2","values":["2015/03/22","1932/01/04","2006/04/26","2002/04/24","1999/04/28","1956/11/16","2017/11/16","2011/07/13","1952/06/29","1957/02/03","1947/10/06","2015/03/30","1904/04/12","1930/02/15","1978/10/03","2011/04/12","1999/10/23","2006/09/13","2012/01/26","2017/03/10"]},{"index":3,"name":"col3","values":["Germany","United Kingdom","France","France","France","United States of America","Portugal","United States of America","Netherlands","United States of America","United States of America","Italy","France","United States of America","France","France","France","United States of America","Germany","United States of America"]},{"index":4,"name":"col4","values":["French art","French art","French art","French art","French art","Dutch art","religious art","Indian painting","portrait painting","Spanish art","masterpiece","Italian art","primitivism","primitivism","Le Nain Brothers","French painting","Dominique Vivant","Ambroise Vollard","George Stubbs","conservation"]}]},"context":{"page_title":null,"page_url":null,"page_entity_id":null,"content_hierarchy":[]},"links":[[[{"start":0,"end":20,"url":null,"entity_id":"Q29904444","candidates":[]}],[],[],[{"start":0,"end":14,"url":null,"entity_id":"Q145","candidates":[]}],[{"start":0,"end":10,"url":null,"entity_id":"Q16874735","candidates":[]}]],[[{"start":0,"end":68,"url":null,"entity_id":"Q28910290","candidates":[]}],[],[],[{"start":0,"end":6,"url":null,"entity_id":"Q142","candidates":[]}],[{"start":0,"end":10,"url":null,"entity_id":"Q16874735","candidates":[]}]],[[{"start":0,"end":36,"url":null,"entity_id":"Q28910288","candidates":[]}],[],[],[{"start":0,"end":6,"url":null,"entity_id":"Q142","candidates":[]}],[{"start":0,"end":10,"url":null,"entity_id":"Q16874735","candidates":[]}]],[[{"start":0,"end":58,"url":null,"entity_id":"Q28910282","candidates":[]}],[],[],[{"start":0,"end":6,"url":null,"entity_id":"Q142","candidates":[]}],[{"start":0,"end":10,"url":null,"entity_id":"Q16874735","candidates":[]}]],[[{"start":0,"end":24,"url":null,"entity_id":"Q29889290","candidates":[]}],[],[],[{"start":0,"end":24,"url":null,"entity_id":"Q30","candidates":[]}],[{"start":0,"end":9,"url":null,"entity_id":"Q4351610","candidates":[]}]],[[{"start":0,"end":23,"url":null,"entity_id":"Q54821594","candidates":[]}],[],[],[{"start":0,"end":8,"url":null,"entity_id":"Q45","candidates":[]}],[{"start":0,"end":13,"url":null,"entity_id":"Q2864737","candidates":[]}]],[[{"start":0,"end":29,"url":null,"entity_id":"Q55166103","candidates":[]}],[],[],[{"start":0,"end":24,"url":null,"entity_id":"Q30","candidates":[]}],[{"start":0,"end":15,"url":null,"entity_id":"Q2744438","candidates":[]}]],[[{"start":0,"end":46,"url":null,"entity_id":"Q29889160","candidates":[]}],[],[],[{"start":0,"end":11,"url":null,"entity_id":"Q55","candidates":[]}],[{"start":0,"end":17,"url":null,"entity_id":"Q1400853","candidates":[]}]],[[{"start":0,"end":37,"url":null,"entity_id":"Q30057509","candidates":[]}],[],[],[{"start":0,"end":24,"url":null,"entity_id":"Q30","candidates":[]}],[{"start":0,"end":11,"url":null,"entity_id":"Q1209421","candidates":[]}]],[[{"start":0,"end":69,"url":null,"entity_id":"Q30090100","candidates":[]}],[],[],[{"start":0,"end":24,"url":null,"entity_id":"Q30","candidates":[]}],[{"start":0,"end":11,"url":null,"entity_id":"Q938926","candidates":[]}]],[[{"start":0,"end":111,"url":null,"entity_id":"Q29904435","candidates":[]}],[],[],[{"start":0,"end":5,"url":null,"entity_id":"Q38","candidates":[]}],[{"start":0,"end":11,"url":null,"entity_id":"Q938616","candidates":[]}]],[[{"start":0,"end":30,"url":null,"entity_id":"Q30034216","candidates":[]}],[],[],[{"start":0,"end":6,"url":null,"entity_id":"Q142","candidates":[]}],[{"start":0,"end":11,"url":null,"entity_id":"Q848365","candidates":[]}]],[[{"start":0,"end":26,"url":null,"entity_id":"Q29888453","candidates":[]}],[],[],[{"start":0,"end":24,"url":null,"entity_id":"Q30","candidates":[]}],[{"start":0,"end":11,"url":null,"entity_id":"Q848365","candidates":[]}]],[[{"start":0,"end":20,"url":null,"entity_id":"Q29576738","candidates":[]}],[],[],[{"start":0,"end":6,"url":null,"entity_id":"Q142","candidates":[]}],[{"start":0,"end":16,"url":null,"entity_id":"Q809658","candidates":[]}]],[[{"start":0,"end":49,"url":null,"entity_id":"Q28910535","candidates":[]}],[],[],[{"start":0,"end":6,"url":null,"entity_id":"Q142","candidates":[]}],[{"start":0,"end":15,"url":null,"entity_id":"Q518683","candidates":[]}]],[[{"start":0,"end":41,"url":null,"entity_id":"Q15274985","candidates":[]}],[],[],[{"start":0,"end":6,"url":null,"entity_id":"Q142","candidates":[]}],[{"start":0,"end":16,"url":null,"entity_id":"Q468618","candidates":[]}]],[[{"start":0,"end":62,"url":null,"entity_id":"Q50328612","candidates":[]}],[],[],[{"start":0,"end":24,"url":null,"entity_id":"Q30","candidates":[]}],[{"start":0,"end":16,"url":null,"entity_id":"Q459041","candidates":[]}]],[[{"start":0,"end":44,"url":null,"entity_id":"Q37948173","candidates":[]}],[],[],[{"start":0,"end":7,"url":null,"entity_id":"Q183","candidates":[]}],[{"start":0,"end":13,"url":null,"entity_id":"Q381728","candidates":[]}]],[[{"start":0,"end":59,"url":null,"entity_id":"Q44423050","candidates":[]}],[],[],[{"start":0,"end":24,"url":null,"entity_id":"Q30","candidates":[]}],[{"start":0,"end":12,"url":null,"entity_id":"Q217102","candidates":[]}]],[[{"start":0,"end":42,"url":null,"entity_id":"Q28922219","candidates":[]}],[],[],[{"start":0,"end":7,"url":null,"entity_id":"Q183","candidates":[]}],[{"start":0,"end":10,"url":null,"entity_id":"Q16874735","candidates":[]}]]]}