{"version":"1.2","table":{"version":"2","table_id":"PD8SHPWU","columns":[{"index":0,"name":"col0","values":["Psekups","Shishkinsky","Cheryomushkin","Farsovsky","Kursky, Republic of Adygea","Krasny Khleborob","Krasny Pakhar, Republic of Adygea","Kozopolyansky","Kartsev, Russia","Yekaterinovsky, Adygea","Dneprovsky","Volno-Vesyoly","Sadovy, Giaginsky District, Republic of Adygea","Plyos","Papenkov","Nechayevsky, Republic of Adygea","Smolchev-Malinovsky","Sidorovka","Tambovsky, Republic of Adygea","Mikhelsonovsky"]},{"index":1,"name":"col1","values":["2.64","0.36","0.14","0.1","0.82","0.19","0.22","0.24","0.27","0.47","0.51","0.79","0.27","0.21","0.11","0.12","1.07","0.06","1.32","0.21"]},{"index":2,"name":"col2","values":["50","178","167","247","176","151","209","184","192","180","198","133","159","73","49","135","164","66","241","183"]},{"index":3,"name":"col3","values":["907","44","93","11","127","43","30","76","76","141","175","72","202","12","26","25","94","6","591","24"]}]},"context":{"page_title":null,"page_url":null,"page_entity_id":null,"content_hierarchy":[]},"links":[[[{"start":0,"end":11,"url":null,"entity_id":"Q4524785","candidates":[]}],[],[],[]],[[{"start":0,"end":13,"url":null,"entity_id":"Q4514792","candidates":[]}],[],[],[]],[[{"start":0,"end":9,"url":null,"entity_id":"Q4481327","candidates":[]}],[],[],[]],[[{"start":0,"end":26,"url":null,"entity_id":"Q4248843","candidates":[]}],[],[],[]],[[{"start":0,"end":16,"url":null,"entity_id":"Q4239632","candidates":[]}],[],[],[]],[[{"start":0,"end":33,"url":null,"entity_id":"Q4239574","candidates":[]}],[],[],[]],[[{"start":0,"end":13,"url":null,"entity_id":"Q4227003","candidates":[]}],[],[],[]],[[{"start":0,"end":15,"url":null,"entity_id":"Q4216341","candidates":[]}],[],[],[]],[[{"start":0,"end":22,"url":null,"entity_id":"Q4174410","candidates":[]}],[],[],[]],[[{"start":0,"end":10,"url":null,"entity_id":"Q4163159","candidates":[]}],[],[],[]],[[{"start":0,"end":13,"url":null,"entity_id":"Q4124567","candidates":[]}],[],[],[]],[[{"start":0,"end":46,"url":null,"entity_id":"Q4404817","candidates":[]}],[],[],[]],[[{"start":0,"end":5,"url":null,"entity_id":"Q4364852","candidates":[]}],[],[],[]],[[{"start":0,"end":8,"url":null,"entity_id":"Q4344645","candidates":[]}],[],[],[]],[[{"start":0,"end":31,"url":null,"entity_id":"Q4318281","candidates":[]}],[],[],[]],[[{"start":0,"end":19,"url":null,"entity_id":"Q4425103","candidates":[]}],[],[],[]],[[{"start":0,"end":9,"url":null,"entity_id":"Q4418877","candidates":[]}],[],[],[]],[[{"start":0,"end":29,"url":null,"entity_id":"Q4450867","candidates":[]}],[],[],[]],[[{"start":0,"end":14,"url":null,"entity_id":"Q4298158","candidates":[]}],[],[],[]],[[{"start":0,"end":7,"url":null,"entity_id":"Q6090537","candidates":[]}],[],[],[]]]}