{"version":"1.2","table":{"version":"2","table_id":"PG0TP6O0","columns":[{"index":0,"name":"col0","values":["28-33 Harrogate Road","Terrace Of 6 Houses","1-10, Alma Place","1–10 Braxfield Row","Ayr, 21 Eglinton Terrace","17-28, Albert Gardens and area railings","1-25 Tomlins Grove and area railings and gate piers","1-16, Albert Gardens and area railings","5-22 Havering Street and area railings","79-91 Onslow Gardens and 1A Cranley Gardens","1-14, Pelham Crescent Sw7","48-65, Rutland Gate Sw7","1-15, Wilton Crescent Sw1","24-28, Monmouth Street","32-34, High Street","5A, 6&7, White Street","14–24 Castle Street, Dumfries","25–37 Castle Street, Dumfries","Dienstwoningen Amsteldijk-Z 23-40","Pearson Terrace"]},{"index":1,"name":"col1","values":["United Kingdom","United Kingdom","United Kingdom","United Kingdom","United Kingdom","United Kingdom","United Kingdom","United Kingdom","United Kingdom","United Kingdom","United Kingdom","United Kingdom","United Kingdom","United Kingdom","United Kingdom","United Kingdom","United Kingdom","United Kingdom","Netherlands","United States of America"]},{"index":2,"name":"col2","values":["Leeds","Broughton West","Marlborough","South Lanarkshire","South Ayrshire","London Borough of Tower Hamlets","London Borough of Tower Hamlets","London Borough of Tower Hamlets","London Borough of Tower Hamlets","Royal Borough of Kensington and Chelsea","Royal Borough of Kensington and Chelsea","City of Westminster","City of Westminster","Exeter","Exeter","Exeter","Dumfries and Galloway","Dumfries and Galloway","Amstelveen","Indianapolis"]}]},"context":{"page_title":null,"page_url":null,"page_entity_id":null,"content_hierarchy":[]},"links":[[[{"start":0,"end":20,"url":null,"entity_id":"Q26520274","candidates":[]}],[{"start":0,"end":14,"url":null,"entity_id":"Q145","candidates":[]}],[{"start":0,"end":5,"url":null,"entity_id":"Q774015","candidates":[]}]],[[{"start":0,"end":19,"url":null,"entity_id":"Q26378813","candidates":[]}],[{"start":0,"end":14,"url":null,"entity_id":"Q145","candidates":[]}],[{"start":0,"end":14,"url":null,"entity_id":"Q651122","candidates":[]}]],[[{"start":0,"end":16,"url":null,"entity_id":"Q26647071","candidates":[]}],[{"start":0,"end":14,"url":null,"entity_id":"Q145","candidates":[]}],[{"start":0,"end":11,"url":null,"entity_id":"Q539528","candidates":[]}]],[[{"start":0,"end":18,"url":null,"entity_id":"Q28223609","candidates":[]}],[{"start":0,"end":14,"url":null,"entity_id":"Q145","candidates":[]}],[{"start":0,"end":17,"url":null,"entity_id":"Q209142","candidates":[]}]],[[{"start":0,"end":24,"url":null,"entity_id":"Q17835021","candidates":[]}],[{"start":0,"end":14,"url":null,"entity_id":"Q145","candidates":[]}],[{"start":0,"end":14,"url":null,"entity_id":"Q209131","candidates":[]}]],[[{"start":0,"end":39,"url":null,"entity_id":"Q27082318","candidates":[]}],[{"start":0,"end":14,"url":null,"entity_id":"Q145","candidates":[]}],[{"start":0,"end":31,"url":null,"entity_id":"Q208152","candidates":[]}]],[[{"start":0,"end":51,"url":null,"entity_id":"Q26318864","candidates":[]}],[{"start":0,"end":14,"url":null,"entity_id":"Q145","candidates":[]}],[{"start":0,"end":31,"url":null,"entity_id":"Q208152","candidates":[]}]],[[{"start":0,"end":38,"url":null,"entity_id":"Q26318425","candidates":[]}],[{"start":0,"end":14,"url":null,"entity_id":"Q145","candidates":[]}],[{"start":0,"end":31,"url":null,"entity_id":"Q208152","candidates":[]}]],[[{"start":0,"end":38,"url":null,"entity_id":"Q26318245","candidates":[]}],[{"start":0,"end":14,"url":null,"entity_id":"Q145","candidates":[]}],[{"start":0,"end":31,"url":null,"entity_id":"Q208152","candidates":[]}]],[[{"start":0,"end":43,"url":null,"entity_id":"Q27084723","candidates":[]}],[{"start":0,"end":14,"url":null,"entity_id":"Q145","candidates":[]}],[{"start":0,"end":39,"url":null,"entity_id":"Q188801","candidates":[]}]],[[{"start":0,"end":25,"url":null,"entity_id":"Q17552290","candidates":[]}],[{"start":0,"end":14,"url":null,"entity_id":"Q145","candidates":[]}],[{"start":0,"end":39,"url":null,"entity_id":"Q188801","candidates":[]}]],[[{"start":0,"end":23,"url":null,"entity_id":"Q26555715","candidates":[]}],[{"start":0,"end":14,"url":null,"entity_id":"Q145","candidates":[]}],[{"start":0,"end":19,"url":null,"entity_id":"Q179351","candidates":[]}]],[[{"start":0,"end":25,"url":null,"entity_id":"Q26319091","candidates":[]}],[{"start":0,"end":14,"url":null,"entity_id":"Q145","candidates":[]}],[{"start":0,"end":19,"url":null,"entity_id":"Q179351","candidates":[]}]],[[{"start":0,"end":22,"url":null,"entity_id":"Q26660871","candidates":[]}],[{"start":0,"end":14,"url":null,"entity_id":"Q145","candidates":[]}],[{"start":0,"end":6,"url":null,"entity_id":"Q134672","candidates":[]}]],[[{"start":0,"end":18,"url":null,"entity_id":"Q26618176","candidates":[]}],[{"start":0,"end":14,"url":null,"entity_id":"Q145","candidates":[]}],[{"start":0,"end":6,"url":null,"entity_id":"Q134672","candidates":[]}]],[[{"start":0,"end":21,"url":null,"entity_id":"Q26518496","candidates":[]}],[{"start":0,"end":14,"url":null,"entity_id":"Q145","candidates":[]}],[{"start":0,"end":6,"url":null,"entity_id":"Q134672","candidates":[]}]],[[{"start":0,"end":29,"url":null,"entity_id":"Q21050956","candidates":[]}],[{"start":0,"end":14,"url":null,"entity_id":"Q145","candidates":[]}],[{"start":0,"end":21,"url":null,"entity_id":"Q126514","candidates":[]}]],[[{"start":0,"end":29,"url":null,"entity_id":"Q21050950","candidates":[]}],[{"start":0,"end":14,"url":null,"entity_id":"Q145","candidates":[]}],[{"start":0,"end":21,"url":null,"entity_id":"Q126514","candidates":[]}]],[[{"start":0,"end":33,"url":null,"entity_id":"Q18774358","candidates":[]}],[{"start":0,"end":11,"url":null,"entity_id":"Q55","candidates":[]}],[{"start":0,"end":10,"url":null,"entity_id":"Q9898","candidates":[]}]],[[{"start":0,"end":15,"url":null,"entity_id":"Q27957726","candidates":[]}],[{"start":0,"end":24,"url":null,"entity_id":"Q30","candidates":[]}],[{"start":0,"end":12,"url":null,"entity_id":"Q6346","candidates":[]}]]]}