{"version":"1.2","table":{"version":"2","table_id":"PHZUNVBR","columns":[{"index":0,"name":"col0","values":["HMAS Adelaide","HMS Nottingham","Japanese cruiser Sendai","HMS Liverpool","HMS Dartmouth","HMS Calcutta","Italian cruiser Emanuele Filiberto Duca d'Aosta","Japanese cruiser Yahagi","Japanese cruiser Agano","Japanese cruiser Yūbari","USS Detroit","HMAS Sydney","HMS Edinburgh","Armando Diaz","HMAS Perth","HMS Southampton (83)","HMS Southampton","HMS Bristol","HMS Dragon","HMS Liverpool"]},{"index":1,"name":"col1","values":["World War II","World War I","World War II","World War I","World War I","World War I","World War II","World War II","World War II","World War II","World War II","World War II","World War II","World War II","World War II","World War II","World War I","World War I","World War II","World War II"]},{"index":2,"name":"col2","values":["Australia","United Kingdom","Empire of Japan","United Kingdom","United Kingdom","United Kingdom","Kingdom of Italy","Empire of Japan","Empire of Japan","Empire of Japan","United States of America","Australia","United Kingdom","Kingdom of Italy","United Kingdom","United Kingdom","United Kingdom","United Kingdom","United Kingdom","United Kingdom"]},{"index":3,"name":"col3","values":["Cockatoo Island Dockyard","Pembroke Dockyard","Mitsubishi Heavy Industries Nagasaki Shipyard & Machinery","Vickers Limited","Vickers Limited","Vickers Limited","Odero-Terni-Orlando","Sasebo Naval Arsenal","Sasebo Naval Arsenal","Sasebo Naval Arsenal","Bethlehem Shipbuilding Corporation","Swan Hunter","Swan Hunter","Oto Melara","HMNB Portsmouth","John Brown & Company","John Brown & Company","John Brown & Company","Scotts Shipbuilding and Engineering Company","Fairfield Shipbuilding and Engineering Company"]}]},"context":{"page_title":null,"page_url":null,"page_entity_id":null,"content_hierarchy":[]},"links":[[[{"start":0,"end":13,"url":null,"entity_id":"Q368008","candidates":[]}],[{"start":0,"end":12,"url":null,"entity_id":"Q362","candidates":[]}],[{"start":0,"end":9,"url":null,"entity_id":"Q408","candidates":[]}],[{"start":0,"end":24,"url":null,"entity_id":"Q60738807","candidates":[]}]],[[{"start":0,"end":14,"url":null,"entity_id":"Q838844","candidates":[]}],[{"start":0,"end":11,"url":null,"entity_id":"Q361","candidates":[]}],[{"start":0,"end":14,"url":null,"entity_id":"Q145","candidates":[]}],[{"start":0,"end":17,"url":null,"entity_id":"Q24204847","candidates":[]}]],[[{"start":0,"end":23,"url":null,"entity_id":"Q1490069","candidates":[]}],[{"start":0,"end":12,"url":null,"entity_id":"Q362","candidates":[]}],[{"start":0,"end":15,"url":null,"entity_id":"Q188712","candidates":[]}],[{"start":0,"end":57,"url":null,"entity_id":"Q11357147","candidates":[]}]],[[{"start":0,"end":13,"url":null,"entity_id":"Q1032053","candidates":[]}],[{"start":0,"end":11,"url":null,"entity_id":"Q361","candidates":[]}],[{"start":0,"end":14,"url":null,"entity_id":"Q145","candidates":[]}],[{"start":0,"end":15,"url":null,"entity_id":"Q5195090","candidates":[]}]],[[{"start":0,"end":13,"url":null,"entity_id":"Q730281","candidates":[]}],[{"start":0,"end":11,"url":null,"entity_id":"Q361","candidates":[]}],[{"start":0,"end":14,"url":null,"entity_id":"Q145","candidates":[]}],[{"start":0,"end":15,"url":null,"entity_id":"Q5195090","candidates":[]}]],[[{"start":0,"end":12,"url":null,"entity_id":"Q430662","candidates":[]}],[{"start":0,"end":11,"url":null,"entity_id":"Q361","candidates":[]}],[{"start":0,"end":14,"url":null,"entity_id":"Q145","candidates":[]}],[{"start":0,"end":15,"url":null,"entity_id":"Q5195090","candidates":[]}]],[[{"start":0,"end":47,"url":null,"entity_id":"Q1065337","candidates":[]}],[{"start":0,"end":12,"url":null,"entity_id":"Q362","candidates":[]}],[{"start":0,"end":16,"url":null,"entity_id":"Q172579","candidates":[]}],[{"start":0,"end":19,"url":null,"entity_id":"Q3880846","candidates":[]}]],[[{"start":0,"end":23,"url":null,"entity_id":"Q1252058","candidates":[]}],[{"start":0,"end":12,"url":null,"entity_id":"Q362","candidates":[]}],[{"start":0,"end":15,"url":null,"entity_id":"Q188712","candidates":[]}],[{"start":0,"end":20,"url":null,"entity_id":"Q2754053","candidates":[]}]],[[{"start":0,"end":22,"url":null,"entity_id":"Q390455","candidates":[]}],[{"start":0,"end":12,"url":null,"entity_id":"Q362","candidates":[]}],[{"start":0,"end":15,"url":null,"entity_id":"Q188712","candidates":[]}],[{"start":0,"end":20,"url":null,"entity_id":"Q2754053","candidates":[]}]],[[{"start":0,"end":23,"url":null,"entity_id":"Q210426","candidates":[]}],[{"start":0,"end":12,"url":null,"entity_id":"Q362","candidates":[]}],[{"start":0,"end":15,"url":null,"entity_id":"Q188712","candidates":[]}],[{"start":0,"end":20,"url":null,"entity_id":"Q2754053","candidates":[]}]],[[{"start":0,"end":11,"url":null,"entity_id":"Q629772","candidates":[]}],[{"start":0,"end":12,"url":null,"entity_id":"Q362","candidates":[]}],[{"start":0,"end":24,"url":null,"entity_id":"Q30","candidates":[]}],[{"start":0,"end":34,"url":null,"entity_id":"Q2082380","candidates":[]}]],[[{"start":0,"end":11,"url":null,"entity_id":"Q1031986","candidates":[]}],[{"start":0,"end":12,"url":null,"entity_id":"Q362","candidates":[]}],[{"start":0,"end":9,"url":null,"entity_id":"Q408","candidates":[]}],[{"start":0,"end":11,"url":null,"entity_id":"Q2061530","candidates":[]}]],[[{"start":0,"end":13,"url":null,"entity_id":"Q702335","candidates":[]}],[{"start":0,"end":12,"url":null,"entity_id":"Q362","candidates":[]}],[{"start":0,"end":14,"url":null,"entity_id":"Q145","candidates":[]}],[{"start":0,"end":11,"url":null,"entity_id":"Q2061530","candidates":[]}]],[[{"start":0,"end":12,"url":null,"entity_id":"Q431187","candidates":[]}],[{"start":0,"end":12,"url":null,"entity_id":"Q362","candidates":[]}],[{"start":0,"end":16,"url":null,"entity_id":"Q172579","candidates":[]}],[{"start":0,"end":10,"url":null,"entity_id":"Q1889710","candidates":[]}]],[[{"start":0,"end":10,"url":null,"entity_id":"Q661264","candidates":[]}],[{"start":0,"end":12,"url":null,"entity_id":"Q362","candidates":[]}],[{"start":0,"end":14,"url":null,"entity_id":"Q145","candidates":[]}],[{"start":0,"end":15,"url":null,"entity_id":"Q1888079","candidates":[]}]],[[{"start":0,"end":20,"url":null,"entity_id":"Q659894","candidates":[]}],[{"start":0,"end":12,"url":null,"entity_id":"Q362","candidates":[]}],[{"start":0,"end":14,"url":null,"entity_id":"Q145","candidates":[]}],[{"start":0,"end":20,"url":null,"entity_id":"Q1699428","candidates":[]}]],[[{"start":0,"end":15,"url":null,"entity_id":"Q901580","candidates":[]}],[{"start":0,"end":11,"url":null,"entity_id":"Q361","candidates":[]}],[{"start":0,"end":14,"url":null,"entity_id":"Q145","candidates":[]}],[{"start":0,"end":20,"url":null,"entity_id":"Q1699428","candidates":[]}]],[[{"start":0,"end":11,"url":null,"entity_id":"Q648831","candidates":[]}],[{"start":0,"end":11,"url":null,"entity_id":"Q361","candidates":[]}],[{"start":0,"end":14,"url":null,"entity_id":"Q145","candidates":[]}],[{"start":0,"end":20,"url":null,"entity_id":"Q1699428","candidates":[]}]],[[{"start":0,"end":10,"url":null,"entity_id":"Q187781","candidates":[]}],[{"start":0,"end":12,"url":null,"entity_id":"Q362","candidates":[]}],[{"start":0,"end":14,"url":null,"entity_id":"Q145","candidates":[]}],[{"start":0,"end":43,"url":null,"entity_id":"Q1549757","candidates":[]}]],[[{"start":0,"end":13,"url":null,"entity_id":"Q1122802","candidates":[]}],[{"start":0,"end":12,"url":null,"entity_id":"Q362","candidates":[]}],[{"start":0,"end":14,"url":null,"entity_id":"Q145","candidates":[]}],[{"start":0,"end":46,"url":null,"entity_id":"Q1393251","candidates":[]}]]]}