{"version":"1.2","table":{"version":"2","table_id":"PI7TF5UY","columns":[{"index":0,"name":"col0","values":["Oliver's Battery","Unnamed Battery No. 1","Battery LeRoy","Battery Cheves","Battery Thomson","Battery Gadsden","Ramla Right Battery","St. Mary Battery","Vendôme Battery","Wied Musa Battery","Mistra Battery","Riħama Battery","Vrooman's Battery","Batterie du Roc, Granville","Kora-Karola battery","Pinto Battery","木山砲台","Fort Palmetto","Unnamed Battery","Fort Trenholm"]},{"index":1,"name":"col1","values":["scheduled monument","place listed on the National Register of Historic Places","place listed on the National Register of Historic Places","place listed on the National Register of Historic Places","place listed on the National Register of Historic Places","place listed on the National Register of Historic Places","Grade 1","Grade 1","Grade 1","Grade 1","Grade 1","Grade 1","national historic site of Canada","registered historic monument","registered historic monument","Grade 1","county-level monument","place listed on the National Register of Historic Places","place listed on the National Register of Historic Places","place listed on the National Register of Historic Places"]},{"index":2,"name":"col2","values":["Tresco","James Island","James Island","James Island","Sullivan's Island","Sullivan's Island","Nadur","Għajnsielem","Mellieħa","Mellieħa","Mellieħa","Marsaskala","Niagara-on-the-Lake","Granville","Ars-en-Ré","Birżebbuġa","Keelung","Charleston County","Charleston","Charleston"]}]},"context":{"page_title":null,"page_url":null,"page_entity_id":null,"content_hierarchy":[]},"links":[[[{"start":0,"end":21,"url":null,"entity_id":"Q18159027","candidates":[]}],[{"start":0,"end":56,"url":null,"entity_id":"Q19558910","candidates":[]}],[{"start":0,"end":12,"url":null,"entity_id":"Q6136614","candidates":[]}]],[[{"start":0,"end":13,"url":null,"entity_id":"Q17515370","candidates":[]}],[{"start":0,"end":56,"url":null,"entity_id":"Q19558910","candidates":[]}],[{"start":0,"end":12,"url":null,"entity_id":"Q6136614","candidates":[]}]],[[{"start":0,"end":14,"url":null,"entity_id":"Q17515345","candidates":[]}],[{"start":0,"end":56,"url":null,"entity_id":"Q19558910","candidates":[]}],[{"start":0,"end":12,"url":null,"entity_id":"Q6136614","candidates":[]}]],[[{"start":0,"end":15,"url":null,"entity_id":"Q17515397","candidates":[]}],[{"start":0,"end":56,"url":null,"entity_id":"Q19558910","candidates":[]}],[{"start":0,"end":17,"url":null,"entity_id":"Q1425473","candidates":[]}]],[[{"start":0,"end":15,"url":null,"entity_id":"Q17515366","candidates":[]}],[{"start":0,"end":56,"url":null,"entity_id":"Q19558910","candidates":[]}],[{"start":0,"end":17,"url":null,"entity_id":"Q1425473","candidates":[]}]],[[{"start":0,"end":19,"url":null,"entity_id":"Q20949704","candidates":[]}],[{"start":0,"end":7,"url":null,"entity_id":"Q19718195","candidates":[]}],[{"start":0,"end":5,"url":null,"entity_id":"Q929969","candidates":[]}]],[[{"start":0,"end":16,"url":null,"entity_id":"Q18822496","candidates":[]}],[{"start":0,"end":7,"url":null,"entity_id":"Q19718195","candidates":[]}],[{"start":0,"end":11,"url":null,"entity_id":"Q761675","candidates":[]}]],[[{"start":0,"end":15,"url":null,"entity_id":"Q21483147","candidates":[]}],[{"start":0,"end":7,"url":null,"entity_id":"Q19718195","candidates":[]}],[{"start":0,"end":8,"url":null,"entity_id":"Q755979","candidates":[]}]],[[{"start":0,"end":17,"url":null,"entity_id":"Q20241078","candidates":[]}],[{"start":0,"end":7,"url":null,"entity_id":"Q19718195","candidates":[]}],[{"start":0,"end":8,"url":null,"entity_id":"Q755979","candidates":[]}]],[[{"start":0,"end":14,"url":null,"entity_id":"Q18920460","candidates":[]}],[{"start":0,"end":7,"url":null,"entity_id":"Q19718195","candidates":[]}],[{"start":0,"end":8,"url":null,"entity_id":"Q755979","candidates":[]}]],[[{"start":0,"end":14,"url":null,"entity_id":"Q20949709","candidates":[]}],[{"start":0,"end":7,"url":null,"entity_id":"Q19718195","candidates":[]}],[{"start":0,"end":10,"url":null,"entity_id":"Q534571","candidates":[]}]],[[{"start":0,"end":17,"url":null,"entity_id":"Q23504812","candidates":[]}],[{"start":0,"end":32,"url":null,"entity_id":"Q1568567","candidates":[]}],[{"start":0,"end":19,"url":null,"entity_id":"Q448372","candidates":[]}]],[[{"start":0,"end":26,"url":null,"entity_id":"Q22975759","candidates":[]}],[{"start":0,"end":28,"url":null,"entity_id":"Q10387575","candidates":[]}],[{"start":0,"end":9,"url":null,"entity_id":"Q333559","candidates":[]}]],[[{"start":0,"end":19,"url":null,"entity_id":"Q22995940","candidates":[]}],[{"start":0,"end":28,"url":null,"entity_id":"Q10387575","candidates":[]}],[{"start":0,"end":9,"url":null,"entity_id":"Q300000","candidates":[]}]],[[{"start":0,"end":13,"url":null,"entity_id":"Q20908725","candidates":[]}],[{"start":0,"end":7,"url":null,"entity_id":"Q19718195","candidates":[]}],[{"start":0,"end":10,"url":null,"entity_id":"Q258028","candidates":[]}]],[[{"start":0,"end":4,"url":null,"entity_id":"Q22569418","candidates":[]}],[{"start":0,"end":21,"url":null,"entity_id":"Q63183529","candidates":[]}],[{"start":0,"end":7,"url":null,"entity_id":"Q249996","candidates":[]}]],[[{"start":0,"end":13,"url":null,"entity_id":"Q18150302","candidates":[]}],[{"start":0,"end":56,"url":null,"entity_id":"Q19558910","candidates":[]}],[{"start":0,"end":17,"url":null,"entity_id":"Q181015","candidates":[]}]],[[{"start":0,"end":15,"url":null,"entity_id":"Q18159025","candidates":[]}],[{"start":0,"end":56,"url":null,"entity_id":"Q19558910","candidates":[]}],[{"start":0,"end":10,"url":null,"entity_id":"Q47716","candidates":[]}]],[[{"start":0,"end":13,"url":null,"entity_id":"Q18150340","candidates":[]}],[{"start":0,"end":56,"url":null,"entity_id":"Q19558910","candidates":[]}],[{"start":0,"end":10,"url":null,"entity_id":"Q47716","candidates":[]}]],[[{"start":0,"end":16,"url":null,"entity_id":"Q17104504","candidates":[]}],[{"start":0,"end":18,"url":null,"entity_id":"Q219538","candidates":[]}],[{"start":0,"end":6,"url":null,"entity_id":"Q33159556","candidates":[]}]]]}