{"version":"1.2","table":{"version":"2","table_id":"PI8VQT9Z","columns":[{"index":0,"name":"col0","values":["City of Love","Encore '07","Ease Up","Hood Story","Freestyle","I'm Cumin","Sticks in My Bun","Letcha Go","Sunshine","N.I.G.G.A.S.","Warning","Dilly Dally","40 Bars","Click Clack","Jump Off '07","Playtime Is Over","Songs from the Wood","Borderline","You Need to Calm Down","ME!"]},{"index":1,"name":"col1","values":["Yes","Nicki Minaj","Nicki Minaj","Nicki Minaj","Nicki Minaj","Nicki Minaj","Nicki Minaj","Nicki Minaj","Nicki Minaj","Nicki Minaj","Nicki Minaj","Nicki Minaj","Nicki Minaj","Nicki Minaj","Nicki Minaj","Nicki Minaj","Jethro Tull","Tame Impala","Taylor Swift","Taylor Swift"]},{"index":2,"name":"col2","values":["90125","Playtime Is Over","Playtime Is Over","Playtime Is Over","Playtime Is Over","Playtime Is Over","Playtime Is Over","Playtime Is Over","Playtime Is Over","Playtime Is Over","Playtime Is Over","Playtime Is Over","Playtime Is Over","Playtime Is Over","Playtime Is Over","Playtime Is Over","Songs from the Wood","The Slow Rush","Lover","Lover"]}]},"context":{"page_title":null,"page_url":null,"page_entity_id":null,"content_hierarchy":[]},"links":[[[{"start":0,"end":10,"url":null,"entity_id":"Q56885870","candidates":[]}],[{"start":0,"end":11,"url":null,"entity_id":"Q162202","candidates":[]}],[{"start":0,"end":16,"url":null,"entity_id":"Q12270792","candidates":[]}]],[[{"start":0,"end":7,"url":null,"entity_id":"Q56885869","candidates":[]}],[{"start":0,"end":11,"url":null,"entity_id":"Q162202","candidates":[]}],[{"start":0,"end":16,"url":null,"entity_id":"Q12270792","candidates":[]}]],[[{"start":0,"end":10,"url":null,"entity_id":"Q56885868","candidates":[]}],[{"start":0,"end":11,"url":null,"entity_id":"Q162202","candidates":[]}],[{"start":0,"end":16,"url":null,"entity_id":"Q12270792","candidates":[]}]],[[{"start":0,"end":9,"url":null,"entity_id":"Q56885867","candidates":[]}],[{"start":0,"end":11,"url":null,"entity_id":"Q162202","candidates":[]}],[{"start":0,"end":16,"url":null,"entity_id":"Q12270792","candidates":[]}]],[[{"start":0,"end":9,"url":null,"entity_id":"Q56885866","candidates":[]}],[{"start":0,"end":11,"url":null,"entity_id":"Q162202","candidates":[]}],[{"start":0,"end":16,"url":null,"entity_id":"Q12270792","candidates":[]}]],[[{"start":0,"end":16,"url":null,"entity_id":"Q56885865","candidates":[]}],[{"start":0,"end":11,"url":null,"entity_id":"Q162202","candidates":[]}],[{"start":0,"end":16,"url":null,"entity_id":"Q12270792","candidates":[]}]],[[{"start":0,"end":9,"url":null,"entity_id":"Q56885864","candidates":[]}],[{"start":0,"end":11,"url":null,"entity_id":"Q162202","candidates":[]}],[{"start":0,"end":16,"url":null,"entity_id":"Q12270792","candidates":[]}]],[[{"start":0,"end":8,"url":null,"entity_id":"Q56885863","candidates":[]}],[{"start":0,"end":11,"url":null,"entity_id":"Q162202","candidates":[]}],[{"start":0,"end":16,"url":null,"entity_id":"Q12270792","candidates":[]}]],[[{"start":0,"end":12,"url":null,"entity_id":"Q56885862","candidates":[]}],[{"start":0,"end":11,"url":null,"entity_id":"Q162202","candidates":[]}],[{"start":0,"end":16,"url":null,"entity_id":"Q12270792","candidates":[]}]],[[{"start":0,"end":7,"url":null,"entity_id":"Q56885861","candidates":[]}],[{"start":0,"end":11,"url":null,"entity_id":"Q162202","candidates":[]}],[{"start":0,"end":16,"url":null,"entity_id":"Q12270792","candidates":[]}]],[[{"start":0,"end":11,"url":null,"entity_id":"Q56885860","candidates":[]}],[{"start":0,"end":11,"url":null,"entity_id":"Q162202","candidates":[]}],[{"start":0,"end":16,"url":null,"entity_id":"Q12270792","candidates":[]}]],[[{"start":0,"end":7,"url":null,"entity_id":"Q56885859","candidates":[]}],[{"start":0,"end":11,"url":null,"entity_id":"Q162202","candidates":[]}],[{"start":0,"end":16,"url":null,"entity_id":"Q12270792","candidates":[]}]],[[{"start":0,"end":11,"url":null,"entity_id":"Q56885858","candidates":[]}],[{"start":0,"end":11,"url":null,"entity_id":"Q162202","candidates":[]}],[{"start":0,"end":16,"url":null,"entity_id":"Q12270792","candidates":[]}]],[[{"start":0,"end":12,"url":null,"entity_id":"Q56885857","candidates":[]}],[{"start":0,"end":11,"url":null,"entity_id":"Q162202","candidates":[]}],[{"start":0,"end":16,"url":null,"entity_id":"Q12270792","candidates":[]}]],[[{"start":0,"end":16,"url":null,"entity_id":"Q56885856","candidates":[]}],[{"start":0,"end":11,"url":null,"entity_id":"Q162202","candidates":[]}],[{"start":0,"end":16,"url":null,"entity_id":"Q12270792","candidates":[]}]],[[{"start":0,"end":19,"url":null,"entity_id":"Q60745486","candidates":[]}],[{"start":0,"end":11,"url":null,"entity_id":"Q192353","candidates":[]}],[{"start":0,"end":19,"url":null,"entity_id":"Q1415941","candidates":[]}]],[[{"start":0,"end":10,"url":null,"entity_id":"Q64624511","candidates":[]}],[{"start":0,"end":11,"url":null,"entity_id":"Q9619","candidates":[]}],[{"start":0,"end":13,"url":null,"entity_id":"Q76895455","candidates":[]}]],[[{"start":0,"end":21,"url":null,"entity_id":"Q64590371","candidates":[]}],[{"start":0,"end":12,"url":null,"entity_id":"Q26876","candidates":[]}],[{"start":0,"end":5,"url":null,"entity_id":"Q64596218","candidates":[]}]],[[{"start":0,"end":3,"url":null,"entity_id":"Q63342060","candidates":[]}],[{"start":0,"end":12,"url":null,"entity_id":"Q26876","candidates":[]}],[{"start":0,"end":5,"url":null,"entity_id":"Q64596218","candidates":[]}]],[[{"start":0,"end":12,"url":null,"entity_id":"Q62034629","candidates":[]}],[{"start":0,"end":3,"url":null,"entity_id":"Q184386","candidates":[]}],[{"start":0,"end":5,"url":null,"entity_id":"Q276033","candidates":[]}]]]}