{"version":"1.2","table":{"version":"2","table_id":"PJ91P58P","columns":[{"index":0,"name":"col0","values":["USGC U391","[TSK2008] 569","[TSK2008] 559","[TSK2008] 56","[TSK2008] 38","[TSK2008] 2063","[TSK2008] 2092","[TSK2008] 2062","[TSK2008] 912","[TSK2008] 913","[TSK2008] 910","[TKT2016] 58","[TSK2008] 911","[TSK2008] 914","[TSK2008] 739","[TSK2008] 745","[TSK2008] 760","[TSK2008] 761","[T2015] nest 100381","[TSK2008] 737"]},{"index":1,"name":"col1","values":["89.5","26.92","49.66","33.57","11.91","154.88","92.9","234.42","58.08","34.67","39.81","161.44","19.68","40.55","31.92","40.74","40","27.29","123.3","40.74"]},{"index":2,"name":"col2","values":["Leo","Cancer","Centaurus","Virgo","Virgo","Cetus","Cetus","Cetus","Pisces","Pisces","Pisces","Pisces","Pisces","Pisces","Draco","Draco","Draco","Draco","Draco","Boötes"]}]},"context":{"page_title":null,"page_url":null,"page_entity_id":null,"content_hierarchy":[]},"links":[[[{"start":0,"end":9,"url":null,"entity_id":"Q76930886","candidates":[]}],[],[{"start":0,"end":3,"url":null,"entity_id":"Q8853","candidates":[]}]],[[{"start":0,"end":13,"url":null,"entity_id":"Q77625888","candidates":[]}],[],[{"start":0,"end":6,"url":null,"entity_id":"Q8849","candidates":[]}]],[[{"start":0,"end":13,"url":null,"entity_id":"Q77626589","candidates":[]}],[],[{"start":0,"end":9,"url":null,"entity_id":"Q8844","candidates":[]}]],[[{"start":0,"end":12,"url":null,"entity_id":"Q77624172","candidates":[]}],[],[{"start":0,"end":5,"url":null,"entity_id":"Q8842","candidates":[]}]],[[{"start":0,"end":12,"url":null,"entity_id":"Q76967180","candidates":[]}],[],[{"start":0,"end":5,"url":null,"entity_id":"Q8842","candidates":[]}]],[[{"start":0,"end":14,"url":null,"entity_id":"Q76966378","candidates":[]}],[],[{"start":0,"end":5,"url":null,"entity_id":"Q8839","candidates":[]}]],[[{"start":0,"end":14,"url":null,"entity_id":"Q76963872","candidates":[]}],[],[{"start":0,"end":5,"url":null,"entity_id":"Q8839","candidates":[]}]],[[{"start":0,"end":14,"url":null,"entity_id":"Q76962815","candidates":[]}],[],[{"start":0,"end":5,"url":null,"entity_id":"Q8839","candidates":[]}]],[[{"start":0,"end":13,"url":null,"entity_id":"Q77626168","candidates":[]}],[],[{"start":0,"end":6,"url":null,"entity_id":"Q8679","candidates":[]}]],[[{"start":0,"end":13,"url":null,"entity_id":"Q77624797","candidates":[]}],[],[{"start":0,"end":6,"url":null,"entity_id":"Q8679","candidates":[]}]],[[{"start":0,"end":13,"url":null,"entity_id":"Q77624706","candidates":[]}],[],[{"start":0,"end":6,"url":null,"entity_id":"Q8679","candidates":[]}]],[[{"start":0,"end":12,"url":null,"entity_id":"Q76969530","candidates":[]}],[],[{"start":0,"end":6,"url":null,"entity_id":"Q8679","candidates":[]}]],[[{"start":0,"end":13,"url":null,"entity_id":"Q76963210","candidates":[]}],[],[{"start":0,"end":6,"url":null,"entity_id":"Q8679","candidates":[]}]],[[{"start":0,"end":13,"url":null,"entity_id":"Q76960690","candidates":[]}],[],[{"start":0,"end":6,"url":null,"entity_id":"Q8679","candidates":[]}]],[[{"start":0,"end":13,"url":null,"entity_id":"Q77627204","candidates":[]}],[],[{"start":0,"end":5,"url":null,"entity_id":"Q8675","candidates":[]}]],[[{"start":0,"end":13,"url":null,"entity_id":"Q77624953","candidates":[]}],[],[{"start":0,"end":5,"url":null,"entity_id":"Q8675","candidates":[]}]],[[{"start":0,"end":13,"url":null,"entity_id":"Q77624317","candidates":[]}],[],[{"start":0,"end":5,"url":null,"entity_id":"Q8675","candidates":[]}]],[[{"start":0,"end":13,"url":null,"entity_id":"Q77623702","candidates":[]}],[],[{"start":0,"end":5,"url":null,"entity_id":"Q8675","candidates":[]}]],[[{"start":0,"end":19,"url":null,"entity_id":"Q76961799","candidates":[]}],[],[{"start":0,"end":5,"url":null,"entity_id":"Q8675","candidates":[]}]],[[{"start":0,"end":13,"url":null,"entity_id":"Q77626936","candidates":[]}],[],[{"start":0,"end":6,"url":null,"entity_id":"Q8667","candidates":[]}]]]}