{"version":"1.2","table":{"version":"2","table_id":"PKSQLKX0","columns":[{"index":0,"name":"col0","values":["Cacciamali Urby","SOR NS 18","BredaMenarinibus Monocar 221","Rába Contact 092","Enterprise Plasma","Modulo Medio Electric","Menarinibus Vivacity","Menarinibus Citymood","Solaris Urbino 18 Hybrid","Mercedes-Benz O 408","Karosa Axer","LiAZ-677","Mercedes-Benz Cito","Ikarus 31","Ikarus 180","Mercedes-Benz O 404","Mercedes-Benz O 303","Karosa C 954","Karosa C 955","Karosa C 934"]},{"index":1,"name":"col1","values":["3150","2995","2950","3120","2700","2980","3040","3210","3.25","3068","3165","3033","2945","2975","2950","3278","3421","3165","3165","3165"]},{"index":2,"name":"col2","values":["2160","2550","2500","2500","2380","2550","2350","2550","2.55","2500","2500","2500","2350","2500","2500","2500","2500","2500","2500","2500"]}]},"context":{"page_title":null,"page_url":null,"page_entity_id":null,"content_hierarchy":[]},"links":[[[{"start":0,"end":9,"url":null,"entity_id":"Q59248283","candidates":[]}],[],[]],[[{"start":0,"end":28,"url":null,"entity_id":"Q55831237","candidates":[]}],[],[]],[[{"start":0,"end":16,"url":null,"entity_id":"Q29016610","candidates":[]}],[],[]],[[{"start":0,"end":17,"url":null,"entity_id":"Q27430158","candidates":[]}],[],[]],[[{"start":0,"end":21,"url":null,"entity_id":"Q23038355","candidates":[]}],[],[]],[[{"start":0,"end":20,"url":null,"entity_id":"Q23021090","candidates":[]}],[],[]],[[{"start":0,"end":20,"url":null,"entity_id":"Q23021088","candidates":[]}],[],[]],[[{"start":0,"end":24,"url":null,"entity_id":"Q2298475","candidates":[]}],[],[]],[[{"start":0,"end":19,"url":null,"entity_id":"Q2262638","candidates":[]}],[],[]],[[{"start":0,"end":11,"url":null,"entity_id":"Q2190399","candidates":[]}],[],[]],[[{"start":0,"end":8,"url":null,"entity_id":"Q1978784","candidates":[]}],[],[]],[[{"start":0,"end":18,"url":null,"entity_id":"Q1778976","candidates":[]}],[],[]],[[{"start":0,"end":9,"url":null,"entity_id":"Q1658060","candidates":[]}],[],[]],[[{"start":0,"end":10,"url":null,"entity_id":"Q1658059","candidates":[]}],[],[]],[[{"start":0,"end":19,"url":null,"entity_id":"Q1517675","candidates":[]}],[],[]],[[{"start":0,"end":19,"url":null,"entity_id":"Q1509048","candidates":[]}],[],[]],[[{"start":0,"end":12,"url":null,"entity_id":"Q12028832","candidates":[]}],[],[]],[[{"start":0,"end":12,"url":null,"entity_id":"Q12028831","candidates":[]}],[],[]],[[{"start":0,"end":12,"url":null,"entity_id":"Q12028829","candidates":[]}],[],[]],[[{"start":0,"end":15,"url":null,"entity_id":"Q65129273","candidates":[]}],[],[]]]}