{"version":"1.2","table":{"version":"2","table_id":"PN4UWCNU","columns":[{"index":0,"name":"col0","values":["Artemisa","San Antonio de los Baños","Guanajay","Bauta","Manuel Tames","Santa Cruz del Norte","Güines","Madruga","Nueva Paz","Batabanó","San Nicolás de Bari","Banes","Sagua de Tánamo","Báguanos","Cacocum","Gibara","Urbano Noris","Holguín","Songo – La Maya","Tercer Frente"]},{"index":1,"name":"col1","values":["50","60","110","75","175","5","65","175","20","5","30","100","10","80","75","45","105","150","225","225"]},{"index":2,"name":"col2","values":["Eastern Time Zone","Eastern Time Zone","Eastern Time Zone","Eastern Time Zone","Eastern Time Zone","Eastern Time Zone","Eastern Time Zone","Eastern Time Zone","UTC−05:00","UTC−05:00","UTC−05:00","Eastern Time Zone","Eastern Time Zone","Eastern Time Zone","Eastern Time Zone","Eastern Time Zone","Eastern Time Zone","Eastern Time Zone","UTC−05:00","UTC−05:00"]},{"index":3,"name":"col3","values":["Artemisa Province","Artemisa Province","Artemisa Province","Artemisa Province","Guantánamo Province","Mayabeque Province","Mayabeque Province","Mayabeque Province","Mayabeque Province","Mayabeque Province","Mayabeque Province","Holguín Province","Holguín Province","Holguín Province","Holguín Province","Holguín Province","Holguín Province","Holguín Province","Santiago de Cuba Province","Santiago de Cuba Province"]}]},"context":{"page_title":null,"page_url":null,"page_entity_id":null,"content_hierarchy":[]},"links":[[[{"start":0,"end":8,"url":null,"entity_id":"Q115006","candidates":[]}],[],[{"start":0,"end":17,"url":null,"entity_id":"Q941023","candidates":[]}],[{"start":0,"end":17,"url":null,"entity_id":"Q115325","candidates":[]}]],[[{"start":0,"end":24,"url":null,"entity_id":"Q114984","candidates":[]}],[],[{"start":0,"end":17,"url":null,"entity_id":"Q941023","candidates":[]}],[{"start":0,"end":17,"url":null,"entity_id":"Q115325","candidates":[]}]],[[{"start":0,"end":8,"url":null,"entity_id":"Q114977","candidates":[]}],[],[{"start":0,"end":17,"url":null,"entity_id":"Q941023","candidates":[]}],[{"start":0,"end":17,"url":null,"entity_id":"Q115325","candidates":[]}]],[[{"start":0,"end":5,"url":null,"entity_id":"Q114970","candidates":[]}],[],[{"start":0,"end":17,"url":null,"entity_id":"Q941023","candidates":[]}],[{"start":0,"end":17,"url":null,"entity_id":"Q115325","candidates":[]}]],[[{"start":0,"end":12,"url":null,"entity_id":"Q751418","candidates":[]}],[],[{"start":0,"end":17,"url":null,"entity_id":"Q941023","candidates":[]}],[{"start":0,"end":19,"url":null,"entity_id":"Q115319","candidates":[]}]],[[{"start":0,"end":20,"url":null,"entity_id":"Q270302","candidates":[]}],[],[{"start":0,"end":17,"url":null,"entity_id":"Q941023","candidates":[]}],[{"start":0,"end":18,"url":null,"entity_id":"Q115310","candidates":[]}]],[[{"start":0,"end":6,"url":null,"entity_id":"Q270297","candidates":[]}],[],[{"start":0,"end":17,"url":null,"entity_id":"Q941023","candidates":[]}],[{"start":0,"end":18,"url":null,"entity_id":"Q115310","candidates":[]}]],[[{"start":0,"end":7,"url":null,"entity_id":"Q270290","candidates":[]}],[],[{"start":0,"end":17,"url":null,"entity_id":"Q941023","candidates":[]}],[{"start":0,"end":18,"url":null,"entity_id":"Q115310","candidates":[]}]],[[{"start":0,"end":9,"url":null,"entity_id":"Q270581","candidates":[]}],[],[{"start":0,"end":9,"url":null,"entity_id":"Q5390","candidates":[]}],[{"start":0,"end":18,"url":null,"entity_id":"Q115310","candidates":[]}]],[[{"start":0,"end":8,"url":null,"entity_id":"Q270305","candidates":[]}],[],[{"start":0,"end":9,"url":null,"entity_id":"Q5390","candidates":[]}],[{"start":0,"end":18,"url":null,"entity_id":"Q115310","candidates":[]}]],[[{"start":0,"end":19,"url":null,"entity_id":"Q270090","candidates":[]}],[],[{"start":0,"end":9,"url":null,"entity_id":"Q5390","candidates":[]}],[{"start":0,"end":18,"url":null,"entity_id":"Q115310","candidates":[]}]],[[{"start":0,"end":5,"url":null,"entity_id":"Q806424","candidates":[]}],[],[{"start":0,"end":17,"url":null,"entity_id":"Q941023","candidates":[]}],[{"start":0,"end":16,"url":null,"entity_id":"Q115302","candidates":[]}]],[[{"start":0,"end":15,"url":null,"entity_id":"Q281213","candidates":[]}],[],[{"start":0,"end":17,"url":null,"entity_id":"Q941023","candidates":[]}],[{"start":0,"end":16,"url":null,"entity_id":"Q115302","candidates":[]}]],[[{"start":0,"end":8,"url":null,"entity_id":"Q281205","candidates":[]}],[],[{"start":0,"end":17,"url":null,"entity_id":"Q941023","candidates":[]}],[{"start":0,"end":16,"url":null,"entity_id":"Q115302","candidates":[]}]],[[{"start":0,"end":7,"url":null,"entity_id":"Q281104","candidates":[]}],[],[{"start":0,"end":17,"url":null,"entity_id":"Q941023","candidates":[]}],[{"start":0,"end":16,"url":null,"entity_id":"Q115302","candidates":[]}]],[[{"start":0,"end":6,"url":null,"entity_id":"Q281016","candidates":[]}],[],[{"start":0,"end":17,"url":null,"entity_id":"Q941023","candidates":[]}],[{"start":0,"end":16,"url":null,"entity_id":"Q115302","candidates":[]}]],[[{"start":0,"end":12,"url":null,"entity_id":"Q280929","candidates":[]}],[],[{"start":0,"end":17,"url":null,"entity_id":"Q941023","candidates":[]}],[{"start":0,"end":16,"url":null,"entity_id":"Q115302","candidates":[]}]],[[{"start":0,"end":7,"url":null,"entity_id":"Q244154","candidates":[]}],[],[{"start":0,"end":17,"url":null,"entity_id":"Q941023","candidates":[]}],[{"start":0,"end":16,"url":null,"entity_id":"Q115302","candidates":[]}]],[[{"start":0,"end":15,"url":null,"entity_id":"Q1193899","candidates":[]}],[],[{"start":0,"end":9,"url":null,"entity_id":"Q5390","candidates":[]}],[{"start":0,"end":25,"url":null,"entity_id":"Q234200","candidates":[]}]],[[{"start":0,"end":13,"url":null,"entity_id":"Q1193882","candidates":[]}],[],[{"start":0,"end":9,"url":null,"entity_id":"Q5390","candidates":[]}],[{"start":0,"end":25,"url":null,"entity_id":"Q234200","candidates":[]}]]]}