{"version":"1.2","table":{"version":"2","table_id":"PN7QU896","columns":[{"index":0,"name":"col0","values":["Saint Cyriacus Churgh, Hüls","St. Anng's Church","église Notre-Dame de la Visitation d'Grivegqée","St Mar's Church","église Saint-Pierre de!Chênée","Church of the Immacxlate Conception","Liebfrauenkirche (Bottrqp)","Church of St. Joseh","Reformed Chureh of Bronxville","Brvder Klaus","Pfarrkirchh St. Paul","Pfarrkirche St. Benedikt am Oeberberg","St. Marvin","Saint Jhn the Baptist Church (Siersdorf)","Piarrkirche St. Martin (Aldenhoven)","St. Ursla","St. Gero","Our Lady of Pompeii Chuuch","St. Martkn","Hl1 Dreifaltigkeit"]},{"index":1,"name":"col1","values":["Gothic Revival architecture","Gothic Revival architecture","Gothic Revival architecture","Gothic Revival architecture","classicism","Richardsonian Romanesque","Gothic Revival architecture","Gothic Revival architecture","Norman architecture","Modern Movement","Modern Movement","Modern Movement","Modern Movement","Modern Movement","Modern Movement","Gothic Revival architecture","Gothic architecture","Romanesque Revival architecture","Modern Movement","Modern Movement"]},{"index":2,"name":"col2","values":["brick","brick","brick","brick","limestone","stone","brick","stone","stone","concrete","concrete","concrete","concrete","brick","brick","brick","brick","limestone","concrete","concrete"]}]},"context":{"page_title":null,"page_url":null,"page_entity_id":null,"content_hierarchy":[]},"links":[[[{"start":0,"end":27,"url":null,"entity_id":"Q57203216","candidates":[]}],[{"start":0,"end":27,"url":null,"entity_id":"Q186363","candidates":[]}],[{"start":0,"end":5,"url":null,"entity_id":"Q40089","candidates":[]}]],[[{"start":0,"end":17,"url":null,"entity_id":"Q56527453","candidates":[]}],[{"start":0,"end":27,"url":null,"entity_id":"Q186363","candidates":[]}],[{"start":0,"end":5,"url":null,"entity_id":"Q40089","candidates":[]}]],[[{"start":0,"end":46,"url":null,"entity_id":"Q47163985","candidates":[]}],[{"start":0,"end":27,"url":null,"entity_id":"Q186363","candidates":[]}],[{"start":0,"end":5,"url":null,"entity_id":"Q40089","candidates":[]}]],[[{"start":0,"end":15,"url":null,"entity_id":"Q44716664","candidates":[]}],[{"start":0,"end":27,"url":null,"entity_id":"Q186363","candidates":[]}],[{"start":0,"end":5,"url":null,"entity_id":"Q40089","candidates":[]}]],[[{"start":0,"end":29,"url":null,"entity_id":"Q47163981","candidates":[]}],[{"start":0,"end":10,"url":null,"entity_id":"Q170292","candidates":[]}],[{"start":0,"end":9,"url":null,"entity_id":"Q23757","candidates":[]}]],[[{"start":0,"end":35,"url":null,"entity_id":"Q51932368","candidates":[]}],[{"start":0,"end":24,"url":null,"entity_id":"Q3501297","candidates":[]}],[{"start":0,"end":5,"url":null,"entity_id":"Q22731","candidates":[]}]],[[{"start":0,"end":26,"url":null,"entity_id":"Q18695631","candidates":[]}],[{"start":0,"end":27,"url":null,"entity_id":"Q186363","candidates":[]}],[{"start":0,"end":5,"url":null,"entity_id":"Q40089","candidates":[]}]],[[{"start":0,"end":19,"url":null,"entity_id":"Q20638955","candidates":[]}],[{"start":0,"end":27,"url":null,"entity_id":"Q186363","candidates":[]}],[{"start":0,"end":5,"url":null,"entity_id":"Q22731","candidates":[]}]],[[{"start":0,"end":29,"url":null,"entity_id":"Q20858253","candidates":[]}],[{"start":0,"end":19,"url":null,"entity_id":"Q136693","candidates":[]}],[{"start":0,"end":5,"url":null,"entity_id":"Q22731","candidates":[]}]],[[{"start":0,"end":12,"url":null,"entity_id":"Q20614498","candidates":[]}],[{"start":0,"end":15,"url":null,"entity_id":"Q245188","candidates":[]}],[{"start":0,"end":8,"url":null,"entity_id":"Q22657","candidates":[]}]],[[{"start":0,"end":20,"url":null,"entity_id":"Q18629835","candidates":[]}],[{"start":0,"end":15,"url":null,"entity_id":"Q245188","candidates":[]}],[{"start":0,"end":8,"url":null,"entity_id":"Q22657","candidates":[]}]],[[{"start":0,"end":37,"url":null,"entity_id":"Q18608338","candidates":[]}],[{"start":0,"end":15,"url":null,"entity_id":"Q245188","candidates":[]}],[{"start":0,"end":8,"url":null,"entity_id":"Q22657","candidates":[]}]],[[{"start":0,"end":10,"url":null,"entity_id":"Q18413167","candidates":[]}],[{"start":0,"end":15,"url":null,"entity_id":"Q245188","candidates":[]}],[{"start":0,"end":8,"url":null,"entity_id":"Q22657","candidates":[]}]],[[{"start":0,"end":40,"url":null,"entity_id":"Q18155878","candidates":[]}],[{"start":0,"end":15,"url":null,"entity_id":"Q245188","candidates":[]}],[{"start":0,"end":5,"url":null,"entity_id":"Q40089","candidates":[]}]],[[{"start":0,"end":35,"url":null,"entity_id":"Q18130877","candidates":[]}],[{"start":0,"end":15,"url":null,"entity_id":"Q245188","candidates":[]}],[{"start":0,"end":5,"url":null,"entity_id":"Q40089","candidates":[]}]],[[{"start":0,"end":9,"url":null,"entity_id":"Q18286751","candidates":[]}],[{"start":0,"end":27,"url":null,"entity_id":"Q186363","candidates":[]}],[{"start":0,"end":5,"url":null,"entity_id":"Q40089","candidates":[]}]],[[{"start":0,"end":8,"url":null,"entity_id":"Q18028044","candidates":[]}],[{"start":0,"end":19,"url":null,"entity_id":"Q176483","candidates":[]}],[{"start":0,"end":5,"url":null,"entity_id":"Q40089","candidates":[]}]],[[{"start":0,"end":26,"url":null,"entity_id":"Q18155537","candidates":[]}],[{"start":0,"end":31,"url":null,"entity_id":"Q744373","candidates":[]}],[{"start":0,"end":9,"url":null,"entity_id":"Q23757","candidates":[]}]],[[{"start":0,"end":10,"url":null,"entity_id":"Q18028066","candidates":[]}],[{"start":0,"end":15,"url":null,"entity_id":"Q245188","candidates":[]}],[{"start":0,"end":8,"url":null,"entity_id":"Q22657","candidates":[]}]],[[{"start":0,"end":18,"url":null,"entity_id":"Q18020912","candidates":[]}],[{"start":0,"end":15,"url":null,"entity_id":"Q245188","candidates":[]}],[{"start":0,"end":8,"url":null,"entity_id":"Q22657","candidates":[]}]]]}