{"version":"1.2","table":{"version":"2","table_id":"PNTA1E7M","columns":[{"index":0,"name":"col0","values":["Lotus 49","Lotus 77","Lotus 72","Ferrari 150° Italia","Ferrari F10","Williams FW16","Sauber C30","Tyrrell P34","Alfa Romeo 179","Ferrari F300","McLaren MP4-25","McLaren MP4-24","Maserati 250F","Brabham BT19","Tyrrell 018","Williams FW34","McLaren MP4-17","Williams FW31","Lotus T127","Caterham CT01"]},{"index":1,"name":"col1","values":["motorsport","motorsport","motorsport","motorsport","motorsport","motorsport","motorsport","motorsport","motorsport","motorsport","motorsport","motorsport","motorsport","motorsport","motorsport","motorsport","motorsport","motorsport","motorsport","motorsport"]},{"index":2,"name":"col2","values":["Colin Chapman","Colin Chapman","Colin Chapman","Aldo Costa","Aldo Costa","Patrick Head","James Key","Derek Gardner","Carlo Chiti","Rory Byrne","Neil Oatley","Pat Fry","Gioacchino Colombo","Ron Tauranac","Harvey Postlethwaite","Mike Coughlan","Adrian Newey","Sam Michael","Mike Gascoyne","Mike Gascoyne"]}]},"context":{"page_title":null,"page_url":null,"page_entity_id":null,"content_hierarchy":[]},"links":[[[{"start":0,"end":8,"url":null,"entity_id":"Q172617","candidates":[]}],[{"start":0,"end":10,"url":null,"entity_id":"Q5367","candidates":[]}],[{"start":0,"end":13,"url":null,"entity_id":"Q173007","candidates":[]}]],[[{"start":0,"end":8,"url":null,"entity_id":"Q172529","candidates":[]}],[{"start":0,"end":10,"url":null,"entity_id":"Q5367","candidates":[]}],[{"start":0,"end":13,"url":null,"entity_id":"Q173007","candidates":[]}]],[[{"start":0,"end":19,"url":null,"entity_id":"Q173321","candidates":[]}],[{"start":0,"end":10,"url":null,"entity_id":"Q5367","candidates":[]}],[{"start":0,"end":10,"url":null,"entity_id":"Q172393","candidates":[]}]],[[{"start":0,"end":11,"url":null,"entity_id":"Q173159","candidates":[]}],[{"start":0,"end":10,"url":null,"entity_id":"Q5367","candidates":[]}],[{"start":0,"end":10,"url":null,"entity_id":"Q172393","candidates":[]}]],[[{"start":0,"end":13,"url":null,"entity_id":"Q172614","candidates":[]}],[{"start":0,"end":10,"url":null,"entity_id":"Q5367","candidates":[]}],[{"start":0,"end":12,"url":null,"entity_id":"Q167269","candidates":[]}]],[[{"start":0,"end":10,"url":null,"entity_id":"Q173353","candidates":[]}],[{"start":0,"end":10,"url":null,"entity_id":"Q5367","candidates":[]}],[{"start":0,"end":9,"url":null,"entity_id":"Q30624","candidates":[]}]],[[{"start":0,"end":11,"url":null,"entity_id":"Q173636","candidates":[]}],[{"start":0,"end":10,"url":null,"entity_id":"Q5367","candidates":[]}],[{"start":0,"end":13,"url":null,"entity_id":"Q2278918","candidates":[]}]],[[{"start":0,"end":14,"url":null,"entity_id":"Q173736","candidates":[]}],[{"start":0,"end":10,"url":null,"entity_id":"Q5367","candidates":[]}],[{"start":0,"end":11,"url":null,"entity_id":"Q1042048","candidates":[]}]],[[{"start":0,"end":12,"url":null,"entity_id":"Q173573","candidates":[]}],[{"start":0,"end":10,"url":null,"entity_id":"Q5367","candidates":[]}],[{"start":0,"end":10,"url":null,"entity_id":"Q525477","candidates":[]}]],[[{"start":0,"end":14,"url":null,"entity_id":"Q173530","candidates":[]}],[{"start":0,"end":10,"url":null,"entity_id":"Q5367","candidates":[]}],[{"start":0,"end":11,"url":null,"entity_id":"Q173809","candidates":[]}]],[[{"start":0,"end":14,"url":null,"entity_id":"Q173505","candidates":[]}],[{"start":0,"end":10,"url":null,"entity_id":"Q5367","candidates":[]}],[{"start":0,"end":7,"url":null,"entity_id":"Q173631","candidates":[]}]],[[{"start":0,"end":13,"url":null,"entity_id":"Q173741","candidates":[]}],[{"start":0,"end":10,"url":null,"entity_id":"Q5367","candidates":[]}],[{"start":0,"end":18,"url":null,"entity_id":"Q173628","candidates":[]}]],[[{"start":0,"end":12,"url":null,"entity_id":"Q173757","candidates":[]}],[{"start":0,"end":10,"url":null,"entity_id":"Q5367","candidates":[]}],[{"start":0,"end":12,"url":null,"entity_id":"Q173614","candidates":[]}]],[[{"start":0,"end":11,"url":null,"entity_id":"Q173786","candidates":[]}],[{"start":0,"end":10,"url":null,"entity_id":"Q5367","candidates":[]}],[{"start":0,"end":20,"url":null,"entity_id":"Q173558","candidates":[]}]],[[{"start":0,"end":13,"url":null,"entity_id":"Q173484","candidates":[]}],[{"start":0,"end":10,"url":null,"entity_id":"Q5367","candidates":[]}],[{"start":0,"end":13,"url":null,"entity_id":"Q173550","candidates":[]}]],[[{"start":0,"end":14,"url":null,"entity_id":"Q173524","candidates":[]}],[{"start":0,"end":10,"url":null,"entity_id":"Q5367","candidates":[]}],[{"start":0,"end":12,"url":null,"entity_id":"Q173380","candidates":[]}]],[[{"start":0,"end":13,"url":null,"entity_id":"Q173508","candidates":[]}],[{"start":0,"end":10,"url":null,"entity_id":"Q5367","candidates":[]}],[{"start":0,"end":11,"url":null,"entity_id":"Q173372","candidates":[]}]],[[{"start":0,"end":10,"url":null,"entity_id":"Q173526","candidates":[]}],[{"start":0,"end":10,"url":null,"entity_id":"Q5367","candidates":[]}],[{"start":0,"end":13,"url":null,"entity_id":"Q173294","candidates":[]}]],[[{"start":0,"end":13,"url":null,"entity_id":"Q173482","candidates":[]}],[{"start":0,"end":10,"url":null,"entity_id":"Q5367","candidates":[]}],[{"start":0,"end":13,"url":null,"entity_id":"Q173294","candidates":[]}]],[[{"start":0,"end":8,"url":null,"entity_id":"Q172662","candidates":[]}],[{"start":0,"end":10,"url":null,"entity_id":"Q5367","candidates":[]}],[{"start":0,"end":13,"url":null,"entity_id":"Q173007","candidates":[]}]]]}