{"version":"1.2","table":{"version":"2","table_id":"POT6L7AM","columns":[{"index":0,"name":"col0","values":["PGC 47171","Holmberg I","Andromeda XXII","IC 3142-2","Malin 1","IC 311","IC 344","IC 387","IC 441","IC 784","IC 800","IC 1014","IC 1133","IC 1301","IC 1466","UGC 128","UGC 5451","MCG-01-25-024","MCG-02-24-027","ESO 564-36","CGCG 119-019","ESO 489-50","ESO 488-60","ESO 555-22","ESO 554-29","ESO 554-24","ESO 485-24","UGC 3127","ESO 249-36","MCG-01-10-047","ESO 549-22","ESO 549-18","ESO 548-28","MCG+00-09-074","ESO 301-9","UGC 2081"]},{"index":1,"name":"col1","values":["12.13","13.66","18","14.977","15.809","9.402","11.778","9.903","10.836","10.155","10.581","11.262","11.419","10.984","10.524","16.5","13.209","14","10.632","11.591","11.923","12.655","11.428","10.684","11.351","11.834","13.034","13.8","15.05","11.752","11.382","10.643","10.749","10.998","10.843","12.523"]},{"index":2,"name":"col2","values":["3.78","4.02","0.79","16.7","366000000","57.97","69.82","88.31","24.89","58.61","14","28.31","51.52","54.2","87.5","64.5","10.52","33.88","29.68","61.94","67.61","57.81","23.66","18.2","32.81","54.7","64.86","28.84","11.9","69","66.99","26.92","20.12","130.02","15.17","38.55"]}]},"context":{"page_title":null,"page_url":null,"page_entity_id":null,"content_hierarchy":[]},"links":[[[{"start":0,"end":10,"url":null,"entity_id":"Q5901054","candidates":[]}],[],[]],[[{"start":0,"end":14,"url":null,"entity_id":"Q4759484","candidates":[]}],[],[]],[[{"start":0,"end":9,"url":null,"entity_id":"Q4736594","candidates":[]}],[],[]],[[{"start":0,"end":7,"url":null,"entity_id":"Q4180017","candidates":[]}],[],[]],[[{"start":0,"end":6,"url":null,"entity_id":"Q3714400","candidates":[]}],[],[]],[[{"start":0,"end":6,"url":null,"entity_id":"Q3714118","candidates":[]}],[],[]],[[{"start":0,"end":6,"url":null,"entity_id":"Q3712876","candidates":[]}],[],[]],[[{"start":0,"end":6,"url":null,"entity_id":"Q3712827","candidates":[]}],[],[]],[[{"start":0,"end":6,"url":null,"entity_id":"Q3711869","candidates":[]}],[],[]],[[{"start":0,"end":6,"url":null,"entity_id":"Q3711460","candidates":[]}],[],[]],[[{"start":0,"end":7,"url":null,"entity_id":"Q3711168","candidates":[]}],[],[]],[[{"start":0,"end":7,"url":null,"entity_id":"Q3711070","candidates":[]}],[],[]],[[{"start":0,"end":7,"url":null,"entity_id":"Q3710646","candidates":[]}],[],[]],[[{"start":0,"end":7,"url":null,"entity_id":"Q3695417","candidates":[]}],[],[]],[[{"start":0,"end":7,"url":null,"entity_id":"Q83775897","candidates":[]}],[],[]],[[{"start":0,"end":8,"url":null,"entity_id":"Q60225402","candidates":[]}],[],[]],[[{"start":0,"end":13,"url":null,"entity_id":"Q60225270","candidates":[]}],[],[]],[[{"start":0,"end":13,"url":null,"entity_id":"Q60225176","candidates":[]}],[],[]],[[{"start":0,"end":10,"url":null,"entity_id":"Q60225102","candidates":[]}],[],[]],[[{"start":0,"end":12,"url":null,"entity_id":"Q60224843","candidates":[]}],[],[]],[[{"start":0,"end":10,"url":null,"entity_id":"Q60224488","candidates":[]}],[],[]],[[{"start":0,"end":10,"url":null,"entity_id":"Q60224425","candidates":[]}],[],[]],[[{"start":0,"end":10,"url":null,"entity_id":"Q60224414","candidates":[]}],[],[]],[[{"start":0,"end":10,"url":null,"entity_id":"Q60224362","candidates":[]}],[],[]],[[{"start":0,"end":10,"url":null,"entity_id":"Q60224355","candidates":[]}],[],[]],[[{"start":0,"end":10,"url":null,"entity_id":"Q60224164","candidates":[]}],[],[]],[[{"start":0,"end":8,"url":null,"entity_id":"Q60224079","candidates":[]}],[],[]],[[{"start":0,"end":10,"url":null,"entity_id":"Q60223918","candidates":[]}],[],[]],[[{"start":0,"end":13,"url":null,"entity_id":"Q60223906","candidates":[]}],[],[]],[[{"start":0,"end":10,"url":null,"entity_id":"Q60223864","candidates":[]}],[],[]],[[{"start":0,"end":10,"url":null,"entity_id":"Q60223854","candidates":[]}],[],[]],[[{"start":0,"end":10,"url":null,"entity_id":"Q60223779","candidates":[]}],[],[]],[[{"start":0,"end":13,"url":null,"entity_id":"Q60223744","candidates":[]}],[],[]],[[{"start":0,"end":9,"url":null,"entity_id":"Q60223742","candidates":[]}],[],[]],[[{"start":0,"end":8,"url":null,"entity_id":"Q60223476","candidates":[]}],[],[]],[[{"start":0,"end":9,"url":null,"entity_id":"Q15913957","candidates":[]}],[],[]]]}