{"version":"1.2","table":{"version":"2","table_id":"PPEPTIEB","columns":[{"index":0,"name":"col0","values":["City of Fremantle","Shire of Exmouth","Shire of Esperance","Shire of Sandstone","Shire of Wagin","Shire of Mukinbudin","Shire of East Pilbara","Shire of Wyalkatchem","Shire of Dundas","Shire of Dumbleyung","Shire of Mundaring","Shire of Dowerin","Shire of Derby-West Kimberley","Shire of Dardanup","Shire of Dalwallinu","Shire of Cunderdin","Shire of Cue","Shire of Cuballing","Town of Cottesloe","Shire of Corrigin","Shire of Coorow","Shire of Westonia","Shire of Collie","City of Cockburn","Shire of Chittering","Shire of Chapman Valley","Shire of Carnarvon","Shire of Carnamah","Shire of Capel","Shire of Bruce Rock","Shire of Broomehill-Tambellup","Shire of Broome","City of Bunbury","Shire of Harvey","Shire of Meekatharra","Shire of Northam","Shire of Brookton","Shire of Boyup Brook","Shire of Beverley","Shire of Waroona","Shire of Augusta-Margaret River","Town of Cambridge","Shire of Ashburton","Shire of Leonora","Shire of Mount Magnet","City of Karratha","Shire of Cranbrook","City of Greater Geraldton","Shire of Donnybrook-Balingup","City of Bayswater","City of Armadale","City of Belmont","City of Stirling","Town of East Fremantle","Town of Bassendean"]},{"index":1,"name":"col1","values":["26","105","170","440","298","404","267","306","149","344","290","312","184","258","300","205","434","353","12","337","287","410","202","38","219","276","60","267","31","249","296","7","14","222","520","168","237","257","267","31","42","27","617","473","422","70","266","169","304","23","311","21","20","41","21"]},{"index":2,"name":"col2","values":["28893","2728","14236","89","1852","555","10591","516","772","671","38157","690","7730","14033","1429","1457","194","863","7597","1146","1036","304","8798","104473","5472","1422","5528","548","17123","930","1144","16222","31919","26553","1067","11112","975","1701","1745","4148","14258","26783","13026","1411","482","21473","1089","38634","5870","64677","79602","39682","210208","7376","15092"]}]},"context":{"page_title":null,"page_url":null,"page_entity_id":null,"content_hierarchy":[]},"links":[[[{"start":0,"end":17,"url":null,"entity_id":"Q1455046","candidates":[]}],[],[]],[[{"start":0,"end":16,"url":null,"entity_id":"Q1383997","candidates":[]}],[],[]],[[{"start":0,"end":18,"url":null,"entity_id":"Q1368120","candidates":[]}],[],[]],[[{"start":0,"end":18,"url":null,"entity_id":"Q1347321","candidates":[]}],[],[]],[[{"start":0,"end":14,"url":null,"entity_id":"Q1342501","candidates":[]}],[],[]],[[{"start":0,"end":19,"url":null,"entity_id":"Q1341239","candidates":[]}],[],[]],[[{"start":0,"end":21,"url":null,"entity_id":"Q1277976","candidates":[]}],[],[]],[[{"start":0,"end":20,"url":null,"entity_id":"Q1273700","candidates":[]}],[],[]],[[{"start":0,"end":15,"url":null,"entity_id":"Q1265516","candidates":[]}],[],[]],[[{"start":0,"end":19,"url":null,"entity_id":"Q1264931","candidates":[]}],[],[]],[[{"start":0,"end":18,"url":null,"entity_id":"Q1261226","candidates":[]}],[],[]],[[{"start":0,"end":16,"url":null,"entity_id":"Q1253062","candidates":[]}],[],[]],[[{"start":0,"end":29,"url":null,"entity_id":"Q1199953","candidates":[]}],[],[]],[[{"start":0,"end":17,"url":null,"entity_id":"Q1165763","candidates":[]}],[],[]],[[{"start":0,"end":19,"url":null,"entity_id":"Q1158105","candidates":[]}],[],[]],[[{"start":0,"end":18,"url":null,"entity_id":"Q1143918","candidates":[]}],[],[]],[[{"start":0,"end":12,"url":null,"entity_id":"Q1143152","candidates":[]}],[],[]],[[{"start":0,"end":18,"url":null,"entity_id":"Q1142899","candidates":[]}],[],[]],[[{"start":0,"end":17,"url":null,"entity_id":"Q1136726","candidates":[]}],[],[]],[[{"start":0,"end":17,"url":null,"entity_id":"Q1135358","candidates":[]}],[],[]],[[{"start":0,"end":15,"url":null,"entity_id":"Q1129901","candidates":[]}],[],[]],[[{"start":0,"end":17,"url":null,"entity_id":"Q1109652","candidates":[]}],[],[]],[[{"start":0,"end":15,"url":null,"entity_id":"Q1109445","candidates":[]}],[],[]],[[{"start":0,"end":16,"url":null,"entity_id":"Q1105257","candidates":[]}],[],[]],[[{"start":0,"end":19,"url":null,"entity_id":"Q1074976","candidates":[]}],[],[]],[[{"start":0,"end":23,"url":null,"entity_id":"Q1062764","candidates":[]}],[],[]],[[{"start":0,"end":18,"url":null,"entity_id":"Q1043909","candidates":[]}],[],[]],[[{"start":0,"end":17,"url":null,"entity_id":"Q1043884","candidates":[]}],[],[]],[[{"start":0,"end":14,"url":null,"entity_id":"Q1034526","candidates":[]}],[],[]],[[{"start":0,"end":19,"url":null,"entity_id":"Q991793","candidates":[]}],[],[]],[[{"start":0,"end":29,"url":null,"entity_id":"Q990639","candidates":[]}],[],[]],[[{"start":0,"end":15,"url":null,"entity_id":"Q990636","candidates":[]}],[],[]],[[{"start":0,"end":15,"url":null,"entity_id":"Q971890","candidates":[]}],[],[]],[[{"start":0,"end":15,"url":null,"entity_id":"Q968490","candidates":[]}],[],[]],[[{"start":0,"end":20,"url":null,"entity_id":"Q934817","candidates":[]}],[],[]],[[{"start":0,"end":16,"url":null,"entity_id":"Q931111","candidates":[]}],[],[]],[[{"start":0,"end":17,"url":null,"entity_id":"Q929958","candidates":[]}],[],[]],[[{"start":0,"end":20,"url":null,"entity_id":"Q896081","candidates":[]}],[],[]],[[{"start":0,"end":17,"url":null,"entity_id":"Q851696","candidates":[]}],[],[]],[[{"start":0,"end":16,"url":null,"entity_id":"Q766197","candidates":[]}],[],[]],[[{"start":0,"end":31,"url":null,"entity_id":"Q765386","candidates":[]}],[],[]],[[{"start":0,"end":17,"url":null,"entity_id":"Q736170","candidates":[]}],[],[]],[[{"start":0,"end":18,"url":null,"entity_id":"Q724939","candidates":[]}],[],[]],[[{"start":0,"end":16,"url":null,"entity_id":"Q684243","candidates":[]}],[],[]],[[{"start":0,"end":21,"url":null,"entity_id":"Q677256","candidates":[]}],[],[]],[[{"start":0,"end":16,"url":null,"entity_id":"Q669605","candidates":[]}],[],[]],[[{"start":0,"end":18,"url":null,"entity_id":"Q644951","candidates":[]}],[],[]],[[{"start":0,"end":25,"url":null,"entity_id":"Q614973","candidates":[]}],[],[]],[[{"start":0,"end":28,"url":null,"entity_id":"Q612302","candidates":[]}],[],[]],[[{"start":0,"end":17,"url":null,"entity_id":"Q606312","candidates":[]}],[],[]],[[{"start":0,"end":16,"url":null,"entity_id":"Q606256","candidates":[]}],[],[]],[[{"start":0,"end":15,"url":null,"entity_id":"Q606246","candidates":[]}],[],[]],[[{"start":0,"end":16,"url":null,"entity_id":"Q606236","candidates":[]}],[],[]],[[{"start":0,"end":22,"url":null,"entity_id":"Q604376","candidates":[]}],[],[]],[[{"start":0,"end":18,"url":null,"entity_id":"Q604332","candidates":[]}],[],[]]]}