{"version":2,"table":{"version":"2","table_id":"JKLV443J","columns":[{"index":0,"name":"col0","values":["York Cemetery","Jerusalem War Cemetery","Prospect Hill Cemetery"]},{"index":1,"name":"col1","values":["147","2537","638"]}]},"context":{"version":2,"page_title":null,"page_url":null,"page_entities":[],"content_hierarchy":[]},"links":[[[{"version":2,"start":0,"end":13,"url":null,"entities":[{"id":"Q2251228","type":"wikidata"}]}],[]],[[{"version":2,"start":0,"end":22,"url":null,"entities":[{"id":"Q6185108","type":"wikidata"}]}],[]],[[{"version":2,"start":0,"end":22,"url":null,"entities":[{"id":"Q57831704","type":"wikidata"}]}],[]]]}