{"version":2,"table":{"version":"2","table_id":"JYAGGRX5","columns":[{"index":0,"name":"col0","values":["Teton County","Lincoln County","Johnson County","Sheridan County"]},{"index":1,"name":"col1","values":["10934","10590","10812","6545"]}]},"context":{"version":2,"page_title":null,"page_url":null,"page_entities":[],"content_hierarchy":[]},"links":[[[{"version":2,"start":0,"end":12,"url":null,"entities":[{"id":"Q488912","type":"wikidata"}]}],[]],[[{"version":2,"start":0,"end":14,"url":null,"entities":[{"id":"Q484527","type":"wikidata"}]}],[]],[[{"version":2,"start":0,"end":14,"url":null,"entities":[{"id":"Q484268","type":"wikidata"}]}],[]],[[{"version":2,"start":0,"end":15,"url":null,"entities":[{"id":"Q490522","type":"wikidata"}]}],[]]]}