{"version":2,"table":{"version":"2","table_id":"K2LW3QT5","columns":[{"index":0,"name":"col0","values":["La Belle","Aconit","Flore"]},{"index":1,"name":"col1","values":["45.5","125","171"]},{"index":2,"name":"col2","values":["39","44","124"]},{"index":3,"name":"col3","values":["22","15","56"]},{"index":4,"name":"col4","values":["48","100","44"]}]},"context":{"version":2,"page_title":null,"page_url":null,"page_entities":[],"content_hierarchy":[]},"links":[[[{"version":2,"start":0,"end":8,"url":null,"entities":[{"id":"Q47544387","type":"wikidata"}]}],[],[],[],[]],[[{"version":2,"start":0,"end":6,"url":null,"entities":[{"id":"Q47537623","type":"wikidata"}]}],[],[],[],[]],[[{"version":2,"start":0,"end":5,"url":null,"entities":[{"id":"Q23981952","type":"wikidata"}]}],[],[],[],[]]]}