{"version":2,"table":{"version":"2","table_id":"K7P7ZN2F","columns":[{"index":0,"name":"col0","values":["An Nawbah","An Nakhlah","Al Mawqir","Al Hijrah","Al Qaflah","Wathan","Harbah"]},{"index":1,"name":"col1","values":["7224","2177","3326","1677","9122","3311","1108"]},{"index":2,"name":"col2","values":["3593","1053","1802","918","4374","1608","532"]}]},"context":{"version":2,"page_title":null,"page_url":null,"page_entities":[],"content_hierarchy":[]},"links":[[[{"version":2,"start":0,"end":9,"url":null,"entities":[{"id":"Q12225967","type":"wikidata"}]}],[],[]],[[{"version":2,"start":0,"end":10,"url":null,"entities":[{"id":"Q12225960","type":"wikidata"}]}],[],[]],[[{"version":2,"start":0,"end":9,"url":null,"entities":[{"id":"Q12225953","type":"wikidata"}]}],[],[]],[[{"version":2,"start":0,"end":9,"url":null,"entities":[{"id":"Q12225974","type":"wikidata"}]}],[],[]],[[{"version":2,"start":0,"end":9,"url":null,"entities":[{"id":"Q16121002","type":"wikidata"}]}],[],[]],[[{"version":2,"start":0,"end":6,"url":null,"entities":[{"id":"Q12227079","type":"wikidata"}]}],[],[]],[[{"version":2,"start":0,"end":6,"url":null,"entities":[{"id":"Q12227036","type":"wikidata"}]}],[],[]]]}