{"version":2,"table":{"version":"2","table_id":"KCKCS57C","columns":[{"index":0,"name":"col0","values":["Mi n Koku","Yuki","Mother and Ckild","The Last Jxdgment","The Detcent of the Holy Spirit","TheAscension","The Incredulity of St Thoma."]},{"index":1,"name":"col1","values":["ukiyo-e","ukiyo-e","ukiyo-e","religious art","religious art","religious art","religious art"]}]},"context":{"version":2,"page_title":null,"page_url":null,"page_entities":[],"content_hierarchy":[]},"links":[[[{"version":2,"start":0,"end":9,"url":null,"entities":[{"id":"Q60596860","type":"wikidata"}]}],[{"version":2,"start":0,"end":7,"url":null,"entities":[{"id":"Q185905","type":"wikidata"}]}]],[[{"version":2,"start":0,"end":4,"url":null,"entities":[{"id":"Q60576983","type":"wikidata"}]}],[{"version":2,"start":0,"end":7,"url":null,"entities":[{"id":"Q185905","type":"wikidata"}]}]],[[{"version":2,"start":0,"end":16,"url":null,"entities":[{"id":"Q60572478","type":"wikidata"}]}],[{"version":2,"start":0,"end":7,"url":null,"entities":[{"id":"Q185905","type":"wikidata"}]}]],[[{"version":2,"start":0,"end":17,"url":null,"entities":[{"id":"Q18338930","type":"wikidata"}]}],[{"version":2,"start":0,"end":13,"url":null,"entities":[{"id":"Q2864737","type":"wikidata"}]}]],[[{"version":2,"start":0,"end":30,"url":null,"entities":[{"id":"Q18338912","type":"wikidata"}]}],[{"version":2,"start":0,"end":13,"url":null,"entities":[{"id":"Q2864737","type":"wikidata"}]}]],[[{"version":2,"start":0,"end":12,"url":null,"entities":[{"id":"Q18338890","type":"wikidata"}]}],[{"version":2,"start":0,"end":13,"url":null,"entities":[{"id":"Q2864737","type":"wikidata"}]}]],[[{"version":2,"start":0,"end":28,"url":null,"entities":[{"id":"Q18338869","type":"wikidata"}]}],[{"version":2,"start":0,"end":13,"url":null,"entities":[{"id":"Q2864737","type":"wikidata"}]}]]]}