{"version":2,"table":{"version":"2","table_id":"LQ9LNVJ4","columns":[{"index":0,"name":"col0","values":["Björlanda","Brålanda","Bjärsjölagård","Billesholm","Björköby","Bovallstrand","Abbekås"]},{"index":1,"name":"col1","values":["8","70","116","57","224","6","11"]}]},"context":{"version":2,"page_title":null,"page_url":null,"page_entities":[],"content_hierarchy":[]},"links":[[[{"version":2,"start":0,"end":9,"url":null,"entities":[{"id":"Q2285935","type":"wikidata"}]}],[]],[[{"version":2,"start":0,"end":8,"url":null,"entities":[{"id":"Q2283709","type":"wikidata"}]}],[]],[[{"version":2,"start":0,"end":13,"url":null,"entities":[{"id":"Q2281613","type":"wikidata"}]}],[]],[[{"version":2,"start":0,"end":10,"url":null,"entities":[{"id":"Q2266991","type":"wikidata"}]}],[]],[[{"version":2,"start":0,"end":8,"url":null,"entities":[{"id":"Q2254139","type":"wikidata"}]}],[]],[[{"version":2,"start":0,"end":12,"url":null,"entities":[{"id":"Q2246450","type":"wikidata"}]}],[]],[[{"version":2,"start":0,"end":7,"url":null,"entities":[{"id":"Q2199524","type":"wikidata"}]}],[]]]}