{"version":2,"table":{"version":"2","table_id":"LR9GFYHY","columns":[{"index":0,"name":"col0","values":["Fasoula, Limassol","Istinjon","Moni, Cyprus","Gourri","Dora, Cyprus","Palaichori Oreinis","Kato Kivides"]},{"index":1,"name":"col1","values":["Fasoula","Kios","Moni","Guri","Dora","Palaichori Morfou","Kivides"]}]},"context":{"version":2,"page_title":null,"page_url":null,"page_entities":[],"content_hierarchy":[]},"links":[[[{"version":2,"start":0,"end":17,"url":null,"entities":[{"id":"Q5436840","type":"wikidata"}]}],[{"version":2,"start":0,"end":7,"url":null,"entities":[{"id":"Q5436836","type":"wikidata"}]}]],[[{"version":2,"start":0,"end":8,"url":null,"entities":[{"id":"Q6088924","type":"wikidata"}]}],[{"version":2,"start":0,"end":4,"url":null,"entities":[{"id":"Q1742327","type":"wikidata"}]}]],[[{"version":2,"start":0,"end":12,"url":null,"entities":[{"id":"Q10588215","type":"wikidata"}]}],[{"version":2,"start":0,"end":4,"url":null,"entities":[{"id":"Q6899836","type":"wikidata"}]}]],[[{"version":2,"start":0,"end":6,"url":null,"entities":[{"id":"Q5588469","type":"wikidata"}]}],[{"version":2,"start":0,"end":4,"url":null,"entities":[{"id":"Q840541","type":"wikidata"}]}]],[[{"version":2,"start":0,"end":12,"url":null,"entities":[{"id":"Q5297375","type":"wikidata"}]}],[{"version":2,"start":0,"end":4,"url":null,"entities":[{"id":"Q226695","type":"wikidata"}]}]],[[{"version":2,"start":0,"end":18,"url":null,"entities":[{"id":"Q47318147","type":"wikidata"}]}],[{"version":2,"start":0,"end":17,"url":null,"entities":[{"id":"Q47318142","type":"wikidata"}]}]],[[{"version":2,"start":0,"end":12,"url":null,"entities":[{"id":"Q19401193","type":"wikidata"}]}],[{"version":2,"start":0,"end":7,"url":null,"entities":[{"id":"Q59781174","type":"wikidata"}]}]]]}