{"version":2,"table":{"version":"2","table_id":"M2ACGHPD","columns":[{"index":0,"name":"col0","values":["Milan Pride 2015","Halifax Pride","Toulon pride 2020","Pride 2020 - Paris - 4 juillet","Sarajevo Pride 2019"]},{"index":1,"name":"col1","values":["100000","75","1000","2000","2000"]}]},"context":{"version":2,"page_title":null,"page_url":null,"page_entities":[],"content_hierarchy":[]},"links":[[[{"version":2,"start":0,"end":16,"url":null,"entities":[{"id":"Q25336686","type":"wikidata"}]}],[]],[[{"version":2,"start":0,"end":13,"url":null,"entities":[{"id":"Q17512396","type":"wikidata"}]}],[]],[[{"version":2,"start":0,"end":17,"url":null,"entities":[{"id":"Q107125919","type":"wikidata"}]}],[]],[[{"version":2,"start":0,"end":30,"url":null,"entities":[{"id":"Q100968985","type":"wikidata"}]}],[]],[[{"version":2,"start":0,"end":19,"url":null,"entities":[{"id":"Q91473794","type":"wikidata"}]}],[]]]}