{"version":2,"table":{"version":"2","table_id":"M3JUFGW1","columns":[{"index":0,"name":"col0","values":["1060 Fifth Avenue","Terrazzo Imperiale","Mansão Morada dos Cardeais","Marathon House","Warnery Tower"]},{"index":1,"name":"col1","values":["14","36","39","15","19"]}]},"context":{"version":2,"page_title":null,"page_url":null,"page_entities":[],"content_hierarchy":[]},"links":[[[{"version":2,"start":0,"end":17,"url":null,"entities":[{"id":"Q105612817","type":"wikidata"}]}],[]],[[{"version":2,"start":0,"end":18,"url":null,"entities":[{"id":"Q105452906","type":"wikidata"}]}],[]],[[{"version":2,"start":0,"end":26,"url":null,"entities":[{"id":"Q105452746","type":"wikidata"}]}],[]],[[{"version":2,"start":0,"end":14,"url":null,"entities":[{"id":"Q105038099","type":"wikidata"}]}],[]],[[{"version":2,"start":0,"end":13,"url":null,"entities":[{"id":"Q104450450","type":"wikidata"}]}],[]]]}