{"version":2,"table":{"version":"2","table_id":"MFE1PDUB","columns":[{"index":0,"name":"col0","values":["S Ljne","P","V"]},{"index":1,"name":"col1","values":["Utah Transit Authority","Los Angeles County Metropolitan Transportation Authority","Los Angeles County Metropolitan Transportation Authority"]}]},"context":{"version":2,"page_title":null,"page_url":null,"page_entities":[],"content_hierarchy":[]},"links":[[[{"version":2,"start":0,"end":6,"url":null,"entities":[{"id":"Q7634842","type":"wikidata"}]}],[{"version":2,"start":0,"end":22,"url":null,"entities":[{"id":"Q7902494","type":"wikidata"}]}]],[[{"version":2,"start":0,"end":1,"url":null,"entities":[{"id":"Q16983262","type":"wikidata"}]}],[{"version":2,"start":0,"end":56,"url":null,"entities":[{"id":"Q3259702","type":"wikidata"}]}]],[[{"version":2,"start":0,"end":1,"url":null,"entities":[{"id":"Q7907698","type":"wikidata"}]}],[{"version":2,"start":0,"end":56,"url":null,"entities":[{"id":"Q3259702","type":"wikidata"}]}]]]}