{"version":2,"table":{"version":"2","table_id":"MGWZH7D1","columns":[{"index":0,"name":"col0","values":["Landtag of Salzburg","General National Congress","National Assembly","Assembly of the Community of Municipalities of the Autonomous Province of Kosovo and Metohija","Estates of Aruba","Inatsisartut","Silesian Parliament"]},{"index":1,"name":"col1","values":["36","200","137","45","21","31","28"]}]},"context":{"version":2,"page_title":null,"page_url":null,"page_entities":[],"content_hierarchy":[]},"links":[[[{"version":2,"start":0,"end":19,"url":null,"entities":[{"id":"Q1435177","type":"wikidata"}]}],[]],[[{"version":2,"start":0,"end":25,"url":null,"entities":[{"id":"Q1414558","type":"wikidata"}]}],[]],[[{"version":2,"start":0,"end":17,"url":null,"entities":[{"id":"Q1319595","type":"wikidata"}]}],[]],[[{"version":2,"start":0,"end":93,"url":null,"entities":[{"id":"Q1284601","type":"wikidata"}]}],[]],[[{"version":2,"start":0,"end":16,"url":null,"entities":[{"id":"Q1283189","type":"wikidata"}]}],[]],[[{"version":2,"start":0,"end":12,"url":null,"entities":[{"id":"Q1257966","type":"wikidata"}]}],[]],[[{"version":2,"start":0,"end":19,"url":null,"entities":[{"id":"Q1221977","type":"wikidata"}]}],[]]]}