{"version":2,"table":{"version":"2","table_id":"MY8YKLUV","columns":[{"index":0,"name":"col0","values":["Saints Peter and Paul Church","Saint Demetrius Church","St. Alexander Nevsky Church"]},{"index":1,"name":"col1","values":["1864-01-01","1784-01-01","1820-01-01"]}]},"context":{"version":2,"page_title":null,"page_url":null,"page_entities":[],"content_hierarchy":[]},"links":[[[{"version":2,"start":0,"end":28,"url":null,"entities":[{"id":"Q4504864","type":"wikidata"}]}],[]],[[{"version":2,"start":0,"end":22,"url":null,"entities":[{"id":"Q4504685","type":"wikidata"}]}],[]],[[{"version":2,"start":0,"end":27,"url":null,"entities":[{"id":"Q2668017","type":"wikidata"}]}],[]]]}