{"version":2,"table":{"version":"2","table_id":"ND98EPCK","columns":[{"index":0,"name":"col0","values":["Chūō Shinkansen","Qinhuangdao–Shenyang high-speed railway","Wuhan–Guangzhou high-speed railway","Fuzhou–Xiamen railway"]},{"index":1,"name":"col1","values":["438","392.524","968","274.9"]},{"index":2,"name":"col2","values":["505","250","350","250"]}]},"context":{"version":2,"page_title":null,"page_url":null,"page_entities":[],"content_hierarchy":[]},"links":[[[{"version":2,"start":0,"end":15,"url":null,"entities":[{"id":"Q876490","type":"wikidata"}]}],[],[]],[[{"version":2,"start":0,"end":39,"url":null,"entities":[{"id":"Q873605","type":"wikidata"}]}],[],[]],[[{"version":2,"start":0,"end":34,"url":null,"entities":[{"id":"Q853876","type":"wikidata"}]}],[],[]],[[{"version":2,"start":0,"end":21,"url":null,"entities":[{"id":"Q847004","type":"wikidata"}]}],[],[]]]}