{"version":2,"table":{"version":"2","table_id":"NK5NFQW9","columns":[{"index":0,"name":"col0","values":["Lamludah, Tower Tomb","an Najīlah","Qasr ad-Duirat","grave monument of Samuel Greig","grave monument of Adam Johann von Krusenstern and Julia von Taube","Paardengraf Ameland"]},{"index":1,"name":"col1","values":["Libya","Libya","Libya","Estonia","Estonia","Netherlands"]}]},"context":{"version":2,"page_title":null,"page_url":null,"page_entities":[],"content_hierarchy":[]},"links":[[[{"version":2,"start":0,"end":20,"url":null,"entities":[{"id":"Q80475632","type":"wikidata"}]}],[{"version":2,"start":0,"end":5,"url":null,"entities":[{"id":"Q1016","type":"wikidata"}]}]],[[{"version":2,"start":0,"end":10,"url":null,"entities":[{"id":"Q79944671","type":"wikidata"}]}],[{"version":2,"start":0,"end":5,"url":null,"entities":[{"id":"Q1016","type":"wikidata"}]}]],[[{"version":2,"start":0,"end":14,"url":null,"entities":[{"id":"Q79050136","type":"wikidata"}]}],[{"version":2,"start":0,"end":5,"url":null,"entities":[{"id":"Q1016","type":"wikidata"}]}]],[[{"version":2,"start":0,"end":30,"url":null,"entities":[{"id":"Q98752985","type":"wikidata"}]}],[{"version":2,"start":0,"end":7,"url":null,"entities":[{"id":"Q191","type":"wikidata"}]}]],[[{"version":2,"start":0,"end":65,"url":null,"entities":[{"id":"Q98752406","type":"wikidata"}]}],[{"version":2,"start":0,"end":7,"url":null,"entities":[{"id":"Q191","type":"wikidata"}]}]],[[{"version":2,"start":0,"end":19,"url":null,"entities":[{"id":"Q76981972","type":"wikidata"}]}],[{"version":2,"start":0,"end":11,"url":null,"entities":[{"id":"Q55","type":"wikidata"}]}]]]}