{"version":2,"table":{"version":"2","table_id":"NNF44F0M","columns":[{"index":0,"name":"col0","values":["iPhone 13","Huawei Honor 20","Xiaomi Mi A2","Meizu M3S","Moto G4","Xiaomi Mi 5"]},{"index":1,"name":"col1","values":["909","400","249","1575000","169","2000000"]},{"index":2,"name":"col2","values":["173","174","166","138","137","129"]},{"index":3,"name":"col3","values":["71.5","73.97","75.4","69.9","76.6","692"]},{"index":4,"name":"col4","values":["146.7","154.25","158.7","141.9","153","1446"]}]},"context":{"version":2,"page_title":null,"page_url":null,"page_entities":[],"content_hierarchy":[]},"links":[[[{"version":2,"start":0,"end":9,"url":null,"entities":[{"id":"Q108118280","type":"wikidata"}]}],[],[],[],[]],[[{"version":2,"start":0,"end":15,"url":null,"entities":[{"id":"Q65042989","type":"wikidata"}]}],[],[],[],[]],[[{"version":2,"start":0,"end":12,"url":null,"entities":[{"id":"Q56084807","type":"wikidata"}]}],[],[],[],[]],[[{"version":2,"start":0,"end":9,"url":null,"entities":[{"id":"Q28094469","type":"wikidata"}]}],[],[],[],[]],[[{"version":2,"start":0,"end":7,"url":null,"entities":[{"id":"Q24261461","type":"wikidata"}]}],[],[],[],[]],[[{"version":2,"start":0,"end":11,"url":null,"entities":[{"id":"Q22978009","type":"wikidata"}]}],[],[],[],[]]]}