{"version":2,"table":{"version":"2","table_id":"NXYLVY5H","columns":[{"index":0,"name":"col0","values":["V* AO Pyx","V* V1299 Her","IRAS 19134+2729"]},{"index":1,"name":"col1","values":["-33.6823626111838","48.4547060026168","27.5862680293583"]},{"index":2,"name":"col2","values":["753.6363","4492.363","1154.4678"]}]},"context":{"version":2,"page_title":null,"page_url":null,"page_entities":[],"content_hierarchy":[]},"links":[[[{"version":2,"start":0,"end":9,"url":null,"entities":[{"id":"Q86059528","type":"wikidata"}]}],[],[]],[[{"version":2,"start":0,"end":12,"url":null,"entities":[{"id":"Q86045942","type":"wikidata"}]}],[],[]],[[{"version":2,"start":0,"end":15,"url":null,"entities":[{"id":"Q86034408","type":"wikidata"}]}],[],[]]]}