{"version":2,"table":{"version":"2","table_id":"NYTPQU5M","columns":[{"index":0,"name":"col0","values":["Can't Help Falling in Love","Imagination / Charming Little Faker","Rolling in the Deep","Keep Yourself Alive / Son and Daughter","My Blood"]},{"index":1,"name":"col1","values":["3","2","2","2","2"]}]},"context":{"version":2,"page_title":null,"page_url":null,"page_entities":[],"content_hierarchy":[]},"links":[[[{"version":2,"start":0,"end":26,"url":null,"entities":[{"id":"Q106638257","type":"wikidata"}]}],[]],[[{"version":2,"start":0,"end":35,"url":null,"entities":[{"id":"Q57954853","type":"wikidata"}]}],[]],[[{"version":2,"start":0,"end":19,"url":null,"entities":[{"id":"Q57829463","type":"wikidata"}]}],[]],[[{"version":2,"start":0,"end":38,"url":null,"entities":[{"id":"Q60231778","type":"wikidata"}]}],[]],[[{"version":2,"start":0,"end":8,"url":null,"entities":[{"id":"Q60153121","type":"wikidata"}]}],[]]]}