{"version":2,"table":{"version":"2","table_id":"O2JBZ5XZ","columns":[{"index":0,"name":"col0","values":["Svartån","Svartån","Vidå"]},{"index":1,"name":"col1","values":["776","3410","1081"]},{"index":2,"name":"col2","values":["91","165","69"]}]},"context":{"version":2,"page_title":null,"page_url":null,"page_entities":[],"content_hierarchy":[]},"links":[[[{"version":2,"start":0,"end":7,"url":null,"entities":[{"id":"Q2370596","type":"wikidata"}]}],[],[]],[[{"version":2,"start":0,"end":7,"url":null,"entities":[{"id":"Q2370591","type":"wikidata"}]}],[],[]],[[{"version":2,"start":0,"end":4,"url":null,"entities":[{"id":"Q2166040","type":"wikidata"}]}],[],[]]]}