{"version":2,"table":{"version":"2","table_id":"O37CZFX8","columns":[{"index":0,"name":"col0","values":["Osorkon II Tsiad","Cupid endant","wan pendant","Qingente"]},{"index":1,"name":"col1","values":["8.937","6.118299999999999","9.117199999999999","2.985"]}]},"context":{"version":2,"page_title":null,"page_url":null,"page_entities":[],"content_hierarchy":[]},"links":[[[{"version":2,"start":0,"end":16,"url":null,"entities":[{"id":"Q6153501","type":"wikidata"}]}],[]],[[{"version":2,"start":0,"end":12,"url":null,"entities":[{"id":"Q109419238","type":"wikidata"}]}],[]],[[{"version":2,"start":0,"end":11,"url":null,"entities":[{"id":"Q109386654","type":"wikidata"}]}],[]],[[{"version":2,"start":0,"end":8,"url":null,"entities":[{"id":"Q106209487","type":"wikidata"}]}],[]]]}