{"version":2,"table":{"version":2,"table_id":"GP4QTICM","columns":[{"index":0,"name":"col0","values":["Hua Sheng","Temara","Irmgard","Wigeon"]},{"index":1,"name":"col1","values":["24126","32505","23268","22790"]}]},"context":{"version":3,"page_title":null,"page_url":null,"entities":[],"literals":[],"content_hierarchy":[]},"links":[[[{"version":2,"start":0,"end":9,"url":null,"entities":[{"id":"Q115572561","type":"wikidata"}]}],[]],[[{"version":2,"start":0,"end":6,"url":null,"entities":[{"id":"Q83640759","type":"wikidata"}]}],[]],[[{"version":2,"start":0,"end":7,"url":null,"entities":[{"id":"Q83639070","type":"wikidata"}]}],[]],[[{"version":2,"start":0,"end":6,"url":null,"entities":[{"id":"Q83642303","type":"wikidata"}]}],[]]]}