{"version":2,"table":{"version":2,"table_id":"GT48QHVC","columns":[{"index":0,"name":"col0","values":["Mountain Emperor","In The West","No Good Layabout","Automation (instrumental)","Constance","Myst on the Moor","The Ballad of Fiedler and Mundt","Our Story Begins"]},{"index":1,"name":"col1","values":["200","40","186","152","140","229","242","85"]},{"index":2,"name":"col2","values":["120","120","124","","83","87","162","129"]}]},"context":{"version":3,"page_title":null,"page_url":null,"entities":[],"literals":[],"content_hierarchy":[]},"links":[[[{"version":2,"start":0,"end":16,"url":null,"entities":[{"id":"Q66803246","type":"wikidata"}]}],[],[]],[[{"version":2,"start":0,"end":11,"url":null,"entities":[{"id":"Q66741934","type":"wikidata"}]}],[],[]],[[{"version":2,"start":0,"end":16,"url":null,"entities":[{"id":"Q66806916","type":"wikidata"}]}],[],[]],[[{"version":2,"start":0,"end":25,"url":null,"entities":[{"id":"Q109795314","type":"wikidata"}]}],[],[]],[[{"version":2,"start":0,"end":9,"url":null,"entities":[{"id":"Q66622340","type":"wikidata"}]}],[],[]],[[{"version":2,"start":0,"end":16,"url":null,"entities":[{"id":"Q66803882","type":"wikidata"}]}],[],[]],[[{"version":2,"start":0,"end":31,"url":null,"entities":[{"id":"Q107090258","type":"wikidata"}]}],[],[]],[[{"version":2,"start":0,"end":16,"url":null,"entities":[{"id":"Q66798300","type":"wikidata"}]}],[],[]]]}