{"version":2,"table":{"version":2,"table_id":"GYAPT4CF","columns":[{"index":0,"name":"col0","values":["Beijing Guoan","Green Bowl","Bashneft","National Rugby League","Alliancen"]},{"index":1,"name":"col1","values":["","","","France","Denmark"]}]},"context":{"version":3,"page_title":null,"page_url":null,"entities":[],"literals":[],"content_hierarchy":[]},"links":[[[{"version":2,"start":0,"end":13,"url":null,"entities":[{"id":"Q1950577","type":"wikidata"}]}],[]],[[{"version":2,"start":0,"end":10,"url":null,"entities":[{"id":"Q22097323","type":"wikidata"}]}],[]],[[{"version":2,"start":0,"end":8,"url":null,"entities":[{"id":"Q16535927","type":"wikidata"}]}],[]],[[{"version":2,"start":0,"end":21,"url":null,"entities":[{"id":"Q934824","type":"wikidata"}]}],[{"version":2,"start":0,"end":6,"url":null,"entities":[{"id":"Q142","type":"wikidata"}]}]],[[{"version":2,"start":0,"end":9,"url":null,"entities":[{"id":"Q4732486","type":"wikidata"}]}],[{"version":2,"start":0,"end":7,"url":null,"entities":[{"id":"Q35","type":"wikidata"}]}]]]}