{"version":2,"table":{"version":2,"table_id":"H3D7D0T9","columns":[{"index":0,"name":"col0","values":["Eureka A","Clyde River A","Clyde River A"]},{"index":1,"name":"col1","values":["10.4","26.5","26.5"]}]},"context":{"version":3,"page_title":null,"page_url":null,"entities":[],"literals":[],"content_hierarchy":[]},"links":[[[{"version":2,"start":0,"end":8,"url":null,"entities":[{"id":"Q61309128","type":"wikidata"}]}],[]],[[{"version":2,"start":0,"end":13,"url":null,"entities":[{"id":"Q61309110","type":"wikidata"}]}],[]],[[{"version":2,"start":0,"end":13,"url":null,"entities":[{"id":"Q61309108","type":"wikidata"}]}],[]]]}