{"version":2,"table":{"version":2,"table_id":"H5VEW3KM","columns":[{"index":0,"name":"col0","values":["Finnesetbekken power station","Fall power station","Fagerdalen power station","Evebøfoss power station"]},{"index":1,"name":"col1","values":["1.4","5.5","0.8","0.4"]}]},"context":{"version":3,"page_title":null,"page_url":null,"entities":[],"literals":[],"content_hierarchy":[]},"links":[[[{"version":2,"start":0,"end":28,"url":null,"entities":[{"id":"Q17772280","type":"wikidata"}]}],[]],[[{"version":2,"start":0,"end":18,"url":null,"entities":[{"id":"Q17770558","type":"wikidata"}]}],[]],[[{"version":2,"start":0,"end":24,"url":null,"entities":[{"id":"Q17770455","type":"wikidata"}]}],[]],[[{"version":2,"start":0,"end":23,"url":null,"entities":[{"id":"Q17770254","type":"wikidata"}]}],[]]]}