{"version":2,"table":{"version":2,"table_id":"H68AKJ0D","columns":[{"index":0,"name":"col0","values":["Berlin","Beaver","Dundee","Elizabeth"]},{"index":1,"name":"col1","values":["John Nathaniel Evans","John Jacob Astor I","",""]}]},"context":{"version":3,"page_title":null,"page_url":null,"entities":[],"literals":[],"content_hierarchy":[]},"links":[[[{"version":2,"start":0,"end":6,"url":null,"entities":[{"id":"Q24027247","type":"wikidata"}]}],[{"version":2,"start":0,"end":20,"url":null,"entities":[{"id":"Q56597872","type":"wikidata"}]}]],[[{"version":2,"start":0,"end":6,"url":null,"entities":[{"id":"Q22936381","type":"wikidata"}]}],[{"version":2,"start":0,"end":18,"url":null,"entities":[{"id":"Q57423","type":"wikidata"}]}]],[[{"version":2,"start":0,"end":6,"url":null,"entities":[{"id":"Q80223413","type":"wikidata"}]}],[]],[[{"version":2,"start":0,"end":9,"url":null,"entities":[{"id":"Q20894543","type":"wikidata"}]}],[]]]}