{"version":2,"table":{"version":2,"table_id":"H7AI4V93","columns":[{"index":0,"name":"col0","values":["Girard","Cranesville","Youngsville","Mill Creek","Apollo"]},{"index":1,"name":"col1","values":["","","1201","686","820"]},{"index":2,"name":"col2","values":["3104","638","1729","285","1615"]},{"index":3,"name":"col3","values":["2.36","2.434602","3.445785","0.33","0.902976"]}]},"context":{"version":3,"page_title":null,"page_url":null,"entities":[],"literals":[],"content_hierarchy":[]},"links":[[[{"version":2,"start":0,"end":6,"url":null,"entities":[{"id":"Q1185903","type":"wikidata"}]}],[],[],[]],[[{"version":2,"start":0,"end":11,"url":null,"entities":[{"id":"Q509152","type":"wikidata"}]}],[],[],[]],[[{"version":2,"start":0,"end":11,"url":null,"entities":[{"id":"Q1180403","type":"wikidata"}]}],[],[],[]],[[{"version":2,"start":0,"end":10,"url":null,"entities":[{"id":"Q1183444","type":"wikidata"}]}],[],[],[]],[[{"version":2,"start":0,"end":6,"url":null,"entities":[{"id":"Q618977","type":"wikidata"}]}],[],[],[]]]}