{"version":2,"table":{"version":2,"table_id":"H7D5XBEO","columns":[{"index":0,"name":"col0","values":["Traid","Moros"]},{"index":1,"name":"col1","values":["Traíd","Zaragoza Province"]}]},"context":{"version":3,"page_title":null,"page_url":null,"entities":[],"literals":[],"content_hierarchy":[]},"links":[[[{"version":2,"start":0,"end":5,"url":null,"entities":[{"id":"Q63105189","type":"wikidata"}]}],[{"version":2,"start":0,"end":5,"url":null,"entities":[{"id":"Q1656870","type":"wikidata"}]}]],[[{"version":2,"start":0,"end":5,"url":null,"entities":[{"id":"Q24019901","type":"wikidata"}]}],[{"version":2,"start":0,"end":17,"url":null,"entities":[{"id":"Q55180","type":"wikidata"}]}]]]}