{"version":2,"table":{"version":2,"table_id":"H7HUD48C","columns":[{"index":0,"name":"col0","values":["Garcia Hernandez","Balud"]},{"index":1,"name":"col1","values":["24430","40155"]},{"index":2,"name":"col2","values":["Abijilan","Sapatos"]}]},"context":{"version":3,"page_title":null,"page_url":null,"entities":[],"literals":[],"content_hierarchy":[]},"links":[[[{"version":2,"start":0,"end":16,"url":null,"entities":[{"id":"Q404976","type":"wikidata"}]}],[],[{"version":2,"start":0,"end":8,"url":null,"entities":[{"id":"Q26736176","type":"wikidata"}]}]],[[{"version":2,"start":0,"end":5,"url":null,"entities":[{"id":"Q191453","type":"wikidata"}]}],[],[{"version":2,"start":0,"end":7,"url":null,"entities":[{"id":"Q65963382","type":"wikidata"}]}]]]}