{"version":2,"table":{"version":2,"table_id":"HAD1PHOB","columns":[{"index":0,"name":"col0","values":["J. May","M. McCready.","J. Amado","B. v. Langenbeck.","B. Brum"]},{"index":1,"name":"col1","values":["Hollywood Forever Cemetery","Florida","","Alter St.-Matthäus-Kirchhof Berlin","Central Cemetery of Borro"]},{"index":2,"name":"col2","values":["","suicide","natural causes","","suicide"]}]},"context":{"version":3,"page_title":null,"page_url":null,"entities":[],"literals":[],"content_hierarchy":[]},"links":[[[{"version":2,"start":0,"end":6,"url":null,"entities":[{"id":"Q85134","type":"wikidata"}]}],[{"version":2,"start":0,"end":26,"url":null,"entities":[{"id":"Q1624932","type":"wikidata"}]}],[]],[[{"version":2,"start":0,"end":12,"url":null,"entities":[{"id":"Q539064","type":"wikidata"}]}],[{"version":2,"start":0,"end":7,"url":null,"entities":[{"id":"Q812","type":"wikidata"}]}],[{"version":2,"start":0,"end":7,"url":null,"entities":[{"id":"Q10737","type":"wikidata"}]}]],[[{"version":2,"start":0,"end":8,"url":null,"entities":[{"id":"Q184440","type":"wikidata"}]}],[],[{"version":2,"start":0,"end":14,"url":null,"entities":[{"id":"Q3739104","type":"wikidata"}]}]],[[{"version":2,"start":0,"end":17,"url":null,"entities":[{"id":"Q66339","type":"wikidata"}]}],[{"version":2,"start":0,"end":34,"url":null,"entities":[{"id":"Q438183","type":"wikidata"}]}],[]],[[{"version":2,"start":0,"end":7,"url":null,"entities":[{"id":"Q728478","type":"wikidata"}]}],[{"version":2,"start":0,"end":25,"url":null,"entities":[{"id":"Q190492","type":"wikidata"}]}],[{"version":2,"start":0,"end":7,"url":null,"entities":[{"id":"Q10737","type":"wikidata"}]}]]]}