{"version":2,"table":{"version":2,"table_id":"HBYJPT92","columns":[{"index":0,"name":"col0","values":["Ston circles","Pre-historic stone eircles (Mallur)","Pre- historic stone eircles (Mallur)","Pre- histric stone circle (Mallur)","Nie Stones Close.","Machrig","Megamithic cists and cairns with stone circles","galithic cists and cairns with stone circles"]},{"index":1,"name":"col1","values":["State Protected Monument","State Protected Monument","State Protected Monument","State Protected Monument","scheduled monument","","Monument of National Importance","Monument of National Importance"]},{"index":2,"name":"col2","values":["Nalgonda district","Kalaburgi district","Kalaburgi district","Kalaburgi district","Harthill","North Ayrshire","Kanchipuram district","Kanchipuram district"]}]},"context":{"version":3,"page_title":null,"page_url":null,"entities":[],"literals":[],"content_hierarchy":[]},"links":[[[{"version":2,"start":0,"end":12,"url":null,"entities":[{"id":"Q97143295","type":"wikidata"}]}],[{"version":2,"start":0,"end":24,"url":null,"entities":[{"id":"Q17047640","type":"wikidata"}]}],[{"version":2,"start":0,"end":17,"url":null,"entities":[{"id":"Q15384","type":"wikidata"}]}]],[[{"version":2,"start":0,"end":35,"url":null,"entities":[{"id":"Q97096412","type":"wikidata"}]}],[{"version":2,"start":0,"end":24,"url":null,"entities":[{"id":"Q17047640","type":"wikidata"}]}],[{"version":2,"start":0,"end":18,"url":null,"entities":[{"id":"Q2641873","type":"wikidata"}]}]],[[{"version":2,"start":0,"end":36,"url":null,"entities":[{"id":"Q97096413","type":"wikidata"}]}],[{"version":2,"start":0,"end":24,"url":null,"entities":[{"id":"Q17047640","type":"wikidata"}]}],[{"version":2,"start":0,"end":18,"url":null,"entities":[{"id":"Q2641873","type":"wikidata"}]}]],[[{"version":2,"start":0,"end":34,"url":null,"entities":[{"id":"Q97096419","type":"wikidata"}]}],[{"version":2,"start":0,"end":24,"url":null,"entities":[{"id":"Q17047640","type":"wikidata"}]}],[{"version":2,"start":0,"end":18,"url":null,"entities":[{"id":"Q2641873","type":"wikidata"}]}]],[[{"version":2,"start":0,"end":17,"url":null,"entities":[{"id":"Q14949375","type":"wikidata"}]}],[{"version":2,"start":0,"end":18,"url":null,"entities":[{"id":"Q219538","type":"wikidata"}]}],[{"version":2,"start":0,"end":8,"url":null,"entities":[{"id":"Q19841656","type":"wikidata"}]}]],[[{"version":2,"start":0,"end":7,"url":null,"entities":[{"id":"Q848901","type":"wikidata"}]}],[],[{"version":2,"start":0,"end":14,"url":null,"entities":[{"id":"Q206926","type":"wikidata"}]}]],[[{"version":2,"start":0,"end":46,"url":null,"entities":[{"id":"Q97479800","type":"wikidata"}]}],[{"version":2,"start":0,"end":31,"url":null,"entities":[{"id":"Q17047513","type":"wikidata"}]}],[{"version":2,"start":0,"end":20,"url":null,"entities":[{"id":"Q15157","type":"wikidata"}]}]],[[{"version":2,"start":0,"end":44,"url":null,"entities":[{"id":"Q97479802","type":"wikidata"}]}],[{"version":2,"start":0,"end":31,"url":null,"entities":[{"id":"Q17047513","type":"wikidata"}]}],[{"version":2,"start":0,"end":20,"url":null,"entities":[{"id":"Q15157","type":"wikidata"}]}]]]}