{"version":2,"table":{"version":2,"table_id":"HGGLF9YU","columns":[{"index":0,"name":"col0","values":["The Gospel of the Flying Spaghetti Monster","Water knows the answers"]},{"index":1,"name":"col1","values":["167","145"]}]},"context":{"version":3,"page_title":null,"page_url":null,"entities":[],"literals":[],"content_hierarchy":[]},"links":[[[{"version":2,"start":0,"end":42,"url":null,"entities":[{"id":"Q3269406","type":"wikidata"}]}],[]],[[{"version":2,"start":0,"end":23,"url":null,"entities":[{"id":"Q11548142","type":"wikidata"}]}],[]]]}