{"version":2,"table":{"version":2,"table_id":"HGY8UM4N","columns":[{"index":0,"name":"col0","values":["2MASS J11245388+4934100","2MASS J22475320+4413154","2MASS J08470251+4117580","PMN J1625-0922","[MML2015] 5BZU J2129+0035","2FGL J0730.6-6607","4C 53.50","2MASX J05110381-2554505","QSO B1553+113","1RXS J205242.6+081039"]},{"index":1,"name":"col1","values":["49.5693846280494","44.2209430723901","41.299506","-9.371722","0.590974385749","-66.038528","54.159977487182","-25.9140316843297","11.1901015521295","8.173671"]},{"index":2,"name":"col2","values":["171.2242845991143","341.971690953084","131.760538","246.32625","322.4194806705669","112.7065","337.8293439691949","77.7657801997486","238.9293497556654","313.135773"]}]},"context":{"version":3,"page_title":null,"page_url":null,"entities":[],"literals":[],"content_hierarchy":[]},"links":[[[{"version":2,"start":0,"end":23,"url":null,"entities":[{"id":"Q75052997","type":"wikidata"}]}],[],[]],[[{"version":2,"start":0,"end":23,"url":null,"entities":[{"id":"Q73997584","type":"wikidata"}]}],[],[]],[[{"version":2,"start":0,"end":23,"url":null,"entities":[{"id":"Q80602908","type":"wikidata"}]}],[],[]],[[{"version":2,"start":0,"end":14,"url":null,"entities":[{"id":"Q80106593","type":"wikidata"}]}],[],[]],[[{"version":2,"start":0,"end":25,"url":null,"entities":[{"id":"Q95693012","type":"wikidata"}]}],[],[]],[[{"version":2,"start":0,"end":17,"url":null,"entities":[{"id":"Q75147446","type":"wikidata"}]}],[],[]],[[{"version":2,"start":0,"end":8,"url":null,"entities":[{"id":"Q74257145","type":"wikidata"}]}],[],[]],[[{"version":2,"start":0,"end":23,"url":null,"entities":[{"id":"Q80941599","type":"wikidata"}]}],[],[]],[[{"version":2,"start":0,"end":13,"url":null,"entities":[{"id":"Q95309241","type":"wikidata"}]}],[],[]],[[{"version":2,"start":0,"end":21,"url":null,"entities":[{"id":"Q85522554","type":"wikidata"}]}],[],[]]]}