{"version":2,"table":{"version":2,"table_id":"HMWQM0ML","columns":[{"index":0,"name":"col0","values":["Terracottd oinochoe (jug)","Terracotta oinoehoe (jug)","Terracota oinochoe (jug)","erracotta oinochoe (juh)","Terracotta oinocjoe (jug)","erracotta oinochoe (jug","Terracotta oinochoe\"(jug)"]},{"index":1,"name":"col1","values":["Greek and Roman Art","Greek and Roman Art","Greek and Roman Art","Greek and Roman Art","Greek and Roman Art","Greek and Roman Art","Greek and Roman Art"]}]},"context":{"version":3,"page_title":null,"page_url":null,"entities":[],"literals":[],"content_hierarchy":[]},"links":[[[{"version":2,"start":0,"end":25,"url":null,"entities":[{"id":"Q116287917","type":"wikidata"}]}],[{"version":2,"start":0,"end":19,"url":null,"entities":[{"id":"Q67429137","type":"wikidata"}]}]],[[{"version":2,"start":0,"end":25,"url":null,"entities":[{"id":"Q116287918","type":"wikidata"}]}],[{"version":2,"start":0,"end":19,"url":null,"entities":[{"id":"Q67429137","type":"wikidata"}]}]],[[{"version":2,"start":0,"end":24,"url":null,"entities":[{"id":"Q116287919","type":"wikidata"}]}],[{"version":2,"start":0,"end":19,"url":null,"entities":[{"id":"Q67429137","type":"wikidata"}]}]],[[{"version":2,"start":0,"end":24,"url":null,"entities":[{"id":"Q116288286","type":"wikidata"}]}],[{"version":2,"start":0,"end":19,"url":null,"entities":[{"id":"Q67429137","type":"wikidata"}]}]],[[{"version":2,"start":0,"end":25,"url":null,"entities":[{"id":"Q116288321","type":"wikidata"}]}],[{"version":2,"start":0,"end":19,"url":null,"entities":[{"id":"Q67429137","type":"wikidata"}]}]],[[{"version":2,"start":0,"end":23,"url":null,"entities":[{"id":"Q116288576","type":"wikidata"}]}],[{"version":2,"start":0,"end":19,"url":null,"entities":[{"id":"Q67429137","type":"wikidata"}]}]],[[{"version":2,"start":0,"end":25,"url":null,"entities":[{"id":"Q116288776","type":"wikidata"}]}],[{"version":2,"start":0,"end":19,"url":null,"entities":[{"id":"Q67429137","type":"wikidata"}]}]]]}