{"version":2,"table":{"version":2,"table_id":"HU58Y249","columns":[{"index":0,"name":"col0","values":["Themis","Fredy","Horrie","Lem","Tony","Ray","Pepita","Txema","Judy"]},{"index":1,"name":"col1","values":["Themis","Fredy","Horrie","Lem","Antonio","Ray","Pepita","Chema / Txema","Judy"]},{"index":2,"name":"col2","values":["Greek alphabet","Latin script","Latin script","Latin script","Latin script","Latin script","Latin script","Latin script","Latin script"]},{"index":3,"name":"col3","values":["","Fredy","Horrie","","Tony","Ray","","","Judy"]}]},"context":{"version":3,"page_title":null,"page_url":null,"entities":[],"literals":[],"content_hierarchy":[]},"links":[[[{"version":2,"start":0,"end":6,"url":null,"entities":[{"id":"Q98267123","type":"wikidata"}]}],[{"version":2,"start":0,"end":6,"url":null,"entities":[{"id":"Q97101656","type":"wikidata"}]}],[{"version":2,"start":0,"end":14,"url":null,"entities":[{"id":"Q8216","type":"wikidata"}]}],[]],[[{"version":2,"start":0,"end":5,"url":null,"entities":[{"id":"Q18229292","type":"wikidata"}]}],[{"version":2,"start":0,"end":5,"url":null,"entities":[{"id":"Q1453332","type":"wikidata"}]}],[{"version":2,"start":0,"end":12,"url":null,"entities":[{"id":"Q8229","type":"wikidata"}]}],[{"version":2,"start":0,"end":5,"url":null,"entities":[{"id":"Q37501329","type":"wikidata"}]}]],[[{"version":2,"start":0,"end":6,"url":null,"entities":[{"id":"Q54869385","type":"wikidata"}]}],[{"version":2,"start":0,"end":6,"url":null,"entities":[{"id":"Q54869402","type":"wikidata"}]}],[{"version":2,"start":0,"end":12,"url":null,"entities":[{"id":"Q8229","type":"wikidata"}]}],[{"version":2,"start":0,"end":6,"url":null,"entities":[{"id":"Q54869402","type":"wikidata"}]}]],[[{"version":2,"start":0,"end":3,"url":null,"entities":[{"id":"Q106263235","type":"wikidata"}]}],[{"version":2,"start":0,"end":3,"url":null,"entities":[{"id":"Q249094","type":"wikidata"}]}],[{"version":2,"start":0,"end":12,"url":null,"entities":[{"id":"Q8229","type":"wikidata"}]}],[]],[[{"version":2,"start":0,"end":4,"url":null,"entities":[{"id":"Q15238167","type":"wikidata"}]}],[{"version":2,"start":0,"end":7,"url":null,"entities":[{"id":"Q7141520","type":"wikidata"}]}],[{"version":2,"start":0,"end":12,"url":null,"entities":[{"id":"Q8229","type":"wikidata"}]}],[{"version":2,"start":0,"end":4,"url":null,"entities":[{"id":"Q19859656","type":"wikidata"}]}]],[[{"version":2,"start":0,"end":3,"url":null,"entities":[{"id":"Q2133832","type":"wikidata"}]}],[{"version":2,"start":0,"end":3,"url":null,"entities":[{"id":"Q2281087","type":"wikidata"}]}],[{"version":2,"start":0,"end":12,"url":null,"entities":[{"id":"Q8229","type":"wikidata"}]}],[{"version":2,"start":0,"end":3,"url":null,"entities":[{"id":"Q2133813","type":"wikidata"}]}]],[[{"version":2,"start":0,"end":6,"url":null,"entities":[{"id":"Q43400238","type":"wikidata"}]}],[{"version":2,"start":0,"end":6,"url":null,"entities":[{"id":"Q1427308","type":"wikidata"}]}],[{"version":2,"start":0,"end":12,"url":null,"entities":[{"id":"Q8229","type":"wikidata"}]}],[]],[[{"version":2,"start":0,"end":5,"url":null,"entities":[{"id":"Q43653366","type":"wikidata"}]}],[{"version":2,"start":0,"end":13,"url":null,"entities":[{"id":"Q5090305","type":"wikidata"}]}],[{"version":2,"start":0,"end":12,"url":null,"entities":[{"id":"Q8229","type":"wikidata"}]}],[]],[[{"version":2,"start":0,"end":4,"url":null,"entities":[{"id":"Q15821965","type":"wikidata"}]}],[{"version":2,"start":0,"end":4,"url":null,"entities":[{"id":"Q439703","type":"wikidata"}]}],[{"version":2,"start":0,"end":12,"url":null,"entities":[{"id":"Q8229","type":"wikidata"}]}],[{"version":2,"start":0,"end":4,"url":null,"entities":[{"id":"Q25114974","type":"wikidata"}]}]]]}