{"version":2,"table":{"version":2,"table_id":"HZ7ARWRU","columns":[{"index":0,"name":"col0","values":["Pod Lipami","Fratelli","Tropik","Radisson Blu Hotel","Emporium"]},{"index":1,"name":"col1","values":["Zamkowa 11, 66-220 Łagów, Poland","Jagienki 2, 66-110 Babimost, Poland","Rynek 8, 68-100 Żagań, Poland","Vetschauer Str. 12, 03048 Cottbus","Stanisława Moniuszki 11, 68-200 Żary, Poland"]}]},"context":{"version":3,"page_title":null,"page_url":null,"entities":[],"literals":[],"content_hierarchy":[]},"links":[[[{"version":2,"start":0,"end":10,"url":null,"entities":[{"id":"Q111308143","type":"wikidata"}]}],[]],[[{"version":2,"start":0,"end":8,"url":null,"entities":[{"id":"Q108288392","type":"wikidata"}]}],[]],[[{"version":2,"start":0,"end":6,"url":null,"entities":[{"id":"Q106617578","type":"wikidata"}]}],[]],[[{"version":2,"start":0,"end":18,"url":null,"entities":[{"id":"Q105988285","type":"wikidata"}]}],[]],[[{"version":2,"start":0,"end":8,"url":null,"entities":[{"id":"Q104623071","type":"wikidata"}]}],[]]]}