{"version":2,"table":{"version":2,"table_id":"I09JGWXO","columns":[{"index":0,"name":"col0","values":["iallium-85","golium-67","gallium/65","galliwm-70"]},{"index":1,"name":"col1","values":["53.838","36.108","33.762","39.312"]},{"index":2,"name":"col2","values":["-0.992","-0.996","-1.001","1.006"]}]},"context":{"version":3,"page_title":null,"page_url":null,"entities":[],"literals":[],"content_hierarchy":[]},"links":[[[{"version":2,"start":0,"end":10,"url":null,"entities":[{"id":"Q18844974","type":"wikidata"}]}],[],[]],[[{"version":2,"start":0,"end":9,"url":null,"entities":[{"id":"Q2233805","type":"wikidata"}]}],[],[]],[[{"version":2,"start":0,"end":10,"url":null,"entities":[{"id":"Q18844958","type":"wikidata"}]}],[],[]],[[{"version":2,"start":0,"end":10,"url":null,"entities":[{"id":"Q18844960","type":"wikidata"}]}],[],[]]]}