{"version":2,"table":{"version":2,"table_id":"I1AVXUOJ","columns":[{"index":0,"name":"col0","values":["Ali Baba","Ark Royal"]},{"index":1,"name":"col1","values":["105","36.8"]},{"index":2,"name":"col2","values":["","8.75"]}]},"context":{"version":3,"page_title":null,"page_url":null,"entities":[],"literals":[],"content_hierarchy":[]},"links":[[[{"version":2,"start":0,"end":8,"url":null,"entities":[{"id":"Q52314368","type":"wikidata"}]}],[],[]],[[{"version":2,"start":0,"end":9,"url":null,"entities":[{"id":"Q671748","type":"wikidata"}]}],[],[]]]}