{"version":2,"table":{"version":2,"table_id":"K0W159R1","columns":[{"index":0,"name":"col0","values":["Snug Cove","Snug Cove"]},{"index":1,"name":"col1","values":["Hoonah–Angoon Census Area","Kodiak Island Borough"]}]},"context":{"version":3,"page_title":null,"page_url":null,"entities":[],"literals":[],"content_hierarchy":[]},"links":[[[{"version":2,"start":0,"end":9,"url":null,"entities":[{"id":"Q49392432","type":"wikidata"}]}],[{"version":2,"start":0,"end":25,"url":null,"entities":[{"id":"Q500827","type":"wikidata"}]}]],[[{"version":2,"start":0,"end":9,"url":null,"entities":[{"id":"Q49392433","type":"wikidata"}]}],[{"version":2,"start":0,"end":21,"url":null,"entities":[{"id":"Q514093","type":"wikidata"}]}]]]}