{"version":2,"table":{"version":2,"table_id":"K3NXS7Y9","columns":[{"index":0,"name":"col0","values":["The Hit Factory","Bomb Factory"]},{"index":1,"name":"col1","values":["music industry","software"]}]},"context":{"version":3,"page_title":null,"page_url":null,"entities":[],"literals":[],"content_hierarchy":[]},"links":[[[{"version":2,"start":0,"end":15,"url":null,"entities":[{"id":"Q6122634","type":"wikidata"}]}],[{"version":2,"start":0,"end":14,"url":null,"entities":[{"id":"Q746359","type":"wikidata"}]}]],[[{"version":2,"start":0,"end":12,"url":null,"entities":[{"id":"Q4940409","type":"wikidata"}]}],[{"version":2,"start":0,"end":8,"url":null,"entities":[{"id":"Q7397","type":"wikidata"}]}]]]}