{"version":2,"table":{"version":2,"table_id":"K3OBPHLA","columns":[{"index":0,"name":"col0","values":["Heavy Traffic","Cool World","Immortal","Who Framed Roger Rabbit","Avatar","The Pagemaster"]},{"index":1,"name":"col1","values":["FSK 18","FSK 18","FSK 12","FSK 12","FSK 12","FSK 6"]}]},"context":{"version":3,"page_title":null,"page_url":null,"entities":[],"literals":[],"content_hierarchy":[]},"links":[[[{"version":2,"start":0,"end":13,"url":null,"entities":[{"id":"Q1592638","type":"wikidata"}]}],[{"version":2,"start":0,"end":6,"url":null,"entities":[{"id":"Q20644798","type":"wikidata"}]}]],[[{"version":2,"start":0,"end":10,"url":null,"entities":[{"id":"Q26265","type":"wikidata"}]}],[{"version":2,"start":0,"end":6,"url":null,"entities":[{"id":"Q20644798","type":"wikidata"}]}]],[[{"version":2,"start":0,"end":8,"url":null,"entities":[{"id":"Q1660156","type":"wikidata"}]}],[{"version":2,"start":0,"end":6,"url":null,"entities":[{"id":"Q20644796","type":"wikidata"}]}]],[[{"version":2,"start":0,"end":23,"url":null,"entities":[{"id":"Q379873","type":"wikidata"}]}],[{"version":2,"start":0,"end":6,"url":null,"entities":[{"id":"Q20644796","type":"wikidata"}]}]],[[{"version":2,"start":0,"end":6,"url":null,"entities":[{"id":"Q24871","type":"wikidata"}]}],[{"version":2,"start":0,"end":6,"url":null,"entities":[{"id":"Q20644796","type":"wikidata"}]}]],[[{"version":2,"start":0,"end":14,"url":null,"entities":[{"id":"Q1196110","type":"wikidata"}]}],[{"version":2,"start":0,"end":5,"url":null,"entities":[{"id":"Q20644795","type":"wikidata"}]}]]]}