{"version":2,"table":{"version":2,"table_id":"KA1ZJUEE","columns":[{"index":0,"name":"col0","values":["Hilton Court","Donside Court","Grandholm Court","St Machar Court","Elphistone Court","Kings Court","Bayview Court"]},{"index":1,"name":"col1","values":["30","55","55","55","55","55","54"]},{"index":2,"name":"col2","values":["10","19","19","19","19","19","19"]}]},"context":{"version":3,"page_title":null,"page_url":null,"entities":[],"literals":[],"content_hierarchy":[]},"links":[[[{"version":2,"start":0,"end":12,"url":null,"entities":[{"id":"Q107588645","type":"wikidata"}]}],[],[]],[[{"version":2,"start":0,"end":13,"url":null,"entities":[{"id":"Q107588644","type":"wikidata"}]}],[],[]],[[{"version":2,"start":0,"end":15,"url":null,"entities":[{"id":"Q107588643","type":"wikidata"}]}],[],[]],[[{"version":2,"start":0,"end":15,"url":null,"entities":[{"id":"Q107588642","type":"wikidata"}]}],[],[]],[[{"version":2,"start":0,"end":16,"url":null,"entities":[{"id":"Q107588641","type":"wikidata"}]}],[],[]],[[{"version":2,"start":0,"end":11,"url":null,"entities":[{"id":"Q107588639","type":"wikidata"}]}],[],[]],[[{"version":2,"start":0,"end":13,"url":null,"entities":[{"id":"Q107588638","type":"wikidata"}]}],[],[]]]}