{"version":2,"table":{"version":2,"table_id":"KG9DRMXZ","columns":[{"index":0,"name":"col0","values":["5th Hungarian Film Week","2019 Toronto International Film Festival","Liffe 2019","Liffe 2018","10th Odessa International Film Festival"]},{"index":1,"name":"col1","values":["Hungary","Canada","Slovenia","Slovenia","Ukraine"]},{"index":2,"name":"col2","values":["2019-04-27","2019-09-15","2019-11-24","2018-11-18","2019-04-20"]}]},"context":{"version":3,"page_title":null,"page_url":null,"entities":[],"literals":[],"content_hierarchy":[]},"links":[[[{"version":2,"start":0,"end":23,"url":null,"entities":[{"id":"Q60496165","type":"wikidata"}]}],[{"version":2,"start":0,"end":7,"url":null,"entities":[{"id":"Q28","type":"wikidata"}]}],[]],[[{"version":2,"start":0,"end":40,"url":null,"entities":[{"id":"Q60772754","type":"wikidata"}]}],[{"version":2,"start":0,"end":6,"url":null,"entities":[{"id":"Q16","type":"wikidata"}]}],[]],[[{"version":2,"start":0,"end":10,"url":null,"entities":[{"id":"Q74589435","type":"wikidata"}]}],[{"version":2,"start":0,"end":8,"url":null,"entities":[{"id":"Q215","type":"wikidata"}]}],[]],[[{"version":2,"start":0,"end":10,"url":null,"entities":[{"id":"Q61359026","type":"wikidata"}]}],[{"version":2,"start":0,"end":8,"url":null,"entities":[{"id":"Q215","type":"wikidata"}]}],[]],[[{"version":2,"start":0,"end":39,"url":null,"entities":[{"id":"Q62898984","type":"wikidata"}]}],[{"version":2,"start":0,"end":7,"url":null,"entities":[{"id":"Q212","type":"wikidata"}]}],[]]]}