{"version":2,"table":{"version":2,"table_id":"KJ4YRV5H","columns":[{"index":0,"name":"col0","values":["tousandth","1331"]},{"index":1,"name":"col1","values":["0.00099","1344.31"]}]},"context":{"version":3,"page_title":null,"page_url":null,"entities":[],"literals":[],"content_hierarchy":[]},"links":[[[{"version":2,"start":0,"end":9,"url":null,"entities":[{"id":"Q42531880","type":"wikidata"}]}],[]],[[{"version":2,"start":0,"end":4,"url":null,"entities":[{"id":"Q3844578","type":"wikidata"}]}],[]]]}