{"version":2,"table":{"version":2,"table_id":"KN1OQ2OF","columns":[{"index":0,"name":"col0","values":["Dwson City A","Dawson Ckty A"]},{"index":1,"name":"col1","values":["370.3","374.00300000000004"]}]},"context":{"version":3,"page_title":null,"page_url":null,"entities":[],"literals":[],"content_hierarchy":[]},"links":[[[{"version":2,"start":0,"end":12,"url":null,"entities":[{"id":"Q61308414","type":"wikidata"}]}],[]],[[{"version":2,"start":0,"end":13,"url":null,"entities":[{"id":"Q61308419","type":"wikidata"}]}],[]]]}