{"version":2,"table":{"version":2,"table_id":"KS9IJZJ9","columns":[{"index":0,"name":"col0","values":["Nykirke","Byrknes","Haugesund","Storslett","Innvik","Kirkehavn"]},{"index":1,"name":"col1","values":["0.54","110","5.36","1.63","0.71",""]}]},"context":{"version":3,"page_title":null,"page_url":null,"entities":[],"literals":[],"content_hierarchy":[]},"links":[[[{"version":2,"start":0,"end":7,"url":null,"entities":[{"id":"Q1770379","type":"wikidata"}]}],[]],[[{"version":2,"start":0,"end":7,"url":null,"entities":[{"id":"Q1780475","type":"wikidata"}]}],[]],[[{"version":2,"start":0,"end":9,"url":null,"entities":[{"id":"Q10518562","type":"wikidata"}]}],[]],[[{"version":2,"start":0,"end":9,"url":null,"entities":[{"id":"Q2305415","type":"wikidata"}]}],[]],[[{"version":2,"start":0,"end":6,"url":null,"entities":[{"id":"Q1777610","type":"wikidata"}]}],[]],[[{"version":2,"start":0,"end":9,"url":null,"entities":[{"id":"Q4566408","type":"wikidata"}]}],[]]]}