{"version":2,"table":{"version":2,"table_id":"KSOQBB0H","columns":[{"index":0,"name":"col0","values":["View of Venice Detail 4 [lower left block]","Shin-machi misetsuki","The Miraculous drought of the Fishes","The Mocking of Christ"]},{"index":1,"name":"col1","values":["View of Venice [lower left block]","Lattice Window in Shinmachi","The Miraculous drought of the Fishes","The Mocking of Christ"]},{"index":2,"name":"col2","values":["","17.6","","95"]}]},"context":{"version":3,"page_title":null,"page_url":null,"entities":[],"literals":[],"content_hierarchy":[]},"links":[[[{"version":2,"start":0,"end":42,"url":null,"entities":[{"id":"Q65073846","type":"wikidata"}]}],[],[]],[[{"version":2,"start":0,"end":20,"url":null,"entities":[{"id":"Q60807359","type":"wikidata"}]}],[],[]],[[{"version":2,"start":0,"end":36,"url":null,"entities":[{"id":"Q104203533","type":"wikidata"}]}],[],[]],[[{"version":2,"start":0,"end":21,"url":null,"entities":[{"id":"Q18338594","type":"wikidata"}]}],[],[]]]}