{"version":2,"table":{"version":2,"table_id":"KVBJWIH8","columns":[{"index":0,"name":"col0","values":["Thermodynamics","Scripture and Hermeneutics","Disease","Metals","Christianity","Telecommunications Policy","Ancient Greece","The view from the top"]},{"index":1,"name":"col1","values":["","30","","","","","","6"]}]},"context":{"version":3,"page_title":null,"page_url":null,"entities":[],"literals":[],"content_hierarchy":[]},"links":[[[{"version":2,"start":0,"end":14,"url":null,"entities":[{"id":"Q58826547","type":"wikidata"}]}],[]],[[{"version":2,"start":0,"end":26,"url":null,"entities":[{"id":"Q94970838","type":"wikidata"}]}],[]],[[{"version":2,"start":0,"end":7,"url":null,"entities":[{"id":"Q97595666","type":"wikidata"}]}],[]],[[{"version":2,"start":0,"end":6,"url":null,"entities":[{"id":"Q105747715","type":"wikidata"}]}],[]],[[{"version":2,"start":0,"end":12,"url":null,"entities":[{"id":"Q104538414","type":"wikidata"}]}],[]],[[{"version":2,"start":0,"end":25,"url":null,"entities":[{"id":"Q60726448","type":"wikidata"}]}],[]],[[{"version":2,"start":0,"end":14,"url":null,"entities":[{"id":"Q104538395","type":"wikidata"}]}],[]],[[{"version":2,"start":0,"end":21,"url":null,"entities":[{"id":"Q67153818","type":"wikidata"}]}],[]]]}