{"version":2,"table":{"version":2,"table_id":"KVX73WHR","columns":[{"index":0,"name":"col0","values":["Albert Riera","Liset Castillo","Cecilia","Jhonny Acosta","Josep Franch","Eduardo de la Torre","Dwayne Johnson"]},{"index":1,"name":"col1","values":["","","Un ramito de violetas","","","","Red Notice"]},{"index":2,"name":"col2","values":["defender","shooting guard","","centre-back","point guard","forward","defensive lineman"]},{"index":3,"name":"col3","values":["Ortega","Iglesias","Galanes","Zamora","de Pablo","Menchaca",""]}]},"context":{"version":3,"page_title":null,"page_url":null,"entities":[],"literals":[],"content_hierarchy":[]},"links":[[[{"version":2,"start":0,"end":12,"url":null,"entities":[{"id":"Q215435","type":"wikidata"}]}],[],[{"version":2,"start":0,"end":8,"url":null,"entities":[{"id":"Q336286","type":"wikidata"}]}],[{"version":2,"start":0,"end":6,"url":null,"entities":[{"id":"Q10803202","type":"wikidata"}]}]],[[{"version":2,"start":0,"end":14,"url":null,"entities":[{"id":"Q3831983","type":"wikidata"}]}],[],[{"version":2,"start":0,"end":14,"url":null,"entities":[{"id":"Q273199","type":"wikidata"}]}],[{"version":2,"start":0,"end":8,"url":null,"entities":[{"id":"Q16452687","type":"wikidata"}]}]],[[{"version":2,"start":0,"end":7,"url":null,"entities":[{"id":"Q937017","type":"wikidata"}]}],[{"version":2,"start":0,"end":21,"url":null,"entities":[{"id":"Q20019054","type":"wikidata"}]}],[],[{"version":2,"start":0,"end":7,"url":null,"entities":[{"id":"Q16798075","type":"wikidata"}]}]],[[{"version":2,"start":0,"end":13,"url":null,"entities":[{"id":"Q3808254","type":"wikidata"}]}],[],[{"version":2,"start":0,"end":11,"url":null,"entities":[{"id":"Q268258","type":"wikidata"}]}],[{"version":2,"start":0,"end":6,"url":null,"entities":[{"id":"Q26736566","type":"wikidata"}]}]],[[{"version":2,"start":0,"end":12,"url":null,"entities":[{"id":"Q288960","type":"wikidata"}]}],[],[{"version":2,"start":0,"end":11,"url":null,"entities":[{"id":"Q212413","type":"wikidata"}]}],[{"version":2,"start":0,"end":8,"url":null,"entities":[{"id":"Q49751485","type":"wikidata"}]}]],[[{"version":2,"start":0,"end":19,"url":null,"entities":[{"id":"Q726926","type":"wikidata"}]}],[],[{"version":2,"start":0,"end":7,"url":null,"entities":[{"id":"Q280658","type":"wikidata"}]}],[{"version":2,"start":0,"end":8,"url":null,"entities":[{"id":"Q37264380","type":"wikidata"}]}]],[[{"version":2,"start":0,"end":14,"url":null,"entities":[{"id":"Q10738","type":"wikidata"}]}],[{"version":2,"start":0,"end":10,"url":null,"entities":[{"id":"Q58815001","type":"wikidata"}]}],[{"version":2,"start":0,"end":17,"url":null,"entities":[{"id":"Q17413056","type":"wikidata"}]}],[]]]}