{"version":2,"table":{"version":2,"table_id":"L1M4G8OX","columns":[{"index":0,"name":"col0","values":["Christ and the Samaritan Woman","The Entrance","The Song of Songs"]},{"index":1,"name":"col1","values":["","Phoebe Anna Traquair",""]}]},"context":{"version":3,"page_title":null,"page_url":null,"entities":[],"literals":[],"content_hierarchy":[]},"links":[[[{"version":2,"start":0,"end":30,"url":null,"entities":[{"id":"Q29202733","type":"wikidata"}]}],[]],[[{"version":2,"start":0,"end":12,"url":null,"entities":[{"id":"Q114815300","type":"wikidata"}]}],[{"version":2,"start":0,"end":20,"url":null,"entities":[{"id":"Q7186650","type":"wikidata"}]}]],[[{"version":2,"start":0,"end":17,"url":null,"entities":[{"id":"Q29183222","type":"wikidata"}]}],[]]]}