{"version":2,"table":{"version":2,"table_id":"L3Y5E1UK","columns":[{"index":0,"name":"col0","values":["Higglytown Heroes","The New Adventures of Winnie the Pooh","The Animals of Farthing Wood","Little Einsteins","Taz-Mania"]},{"index":1,"name":"col1","values":["20","21","25","22","22"]},{"index":2,"name":"col2","values":["65","52","39","67","87"]},{"index":3,"name":"col3","values":["3","4","3","2","6"]}]},"context":{"version":3,"page_title":null,"page_url":null,"entities":[],"literals":[],"content_hierarchy":[]},"links":[[[{"version":2,"start":0,"end":17,"url":null,"entities":[{"id":"Q1476764","type":"wikidata"}]}],[],[],[]],[[{"version":2,"start":0,"end":37,"url":null,"entities":[{"id":"Q1470724","type":"wikidata"}]}],[],[],[]],[[{"version":2,"start":0,"end":28,"url":null,"entities":[{"id":"Q1469127","type":"wikidata"}]}],[],[],[]],[[{"version":2,"start":0,"end":16,"url":null,"entities":[{"id":"Q1466644","type":"wikidata"}]}],[],[],[]],[[{"version":2,"start":0,"end":9,"url":null,"entities":[{"id":"Q1463792","type":"wikidata"}]}],[],[],[]]]}