{"version":2,"table":{"version":2,"table_id":"L5CVFOYT","columns":[{"index":0,"name":"col0","values":["HMS Gleaner","Egret","Friesland","HMS Triton","HMAS Moresby"]},{"index":1,"name":"col1","values":["","","218","",""]}]},"context":{"version":3,"page_title":null,"page_url":null,"entities":[],"literals":[],"content_hierarchy":[]},"links":[[[{"version":2,"start":0,"end":11,"url":null,"entities":[{"id":"Q5632573","type":"wikidata"}]}],[]],[[{"version":2,"start":0,"end":5,"url":null,"entities":[{"id":"Q30923393","type":"wikidata"}]}],[]],[[{"version":2,"start":0,"end":9,"url":null,"entities":[{"id":"Q1464800","type":"wikidata"}]}],[]],[[{"version":2,"start":0,"end":10,"url":null,"entities":[{"id":"Q113100737","type":"wikidata"}]}],[]],[[{"version":2,"start":0,"end":12,"url":null,"entities":[{"id":"Q5630484","type":"wikidata"}]}],[]]]}