{"version":2,"table":{"version":2,"table_id":"L5U44KIK","columns":[{"index":0,"name":"col0","values":["Proplyd 133-353","Leklsullun","Kepler-9b","HD 69830 d","Kepler-616c","EWS 2016-BLG-0613b","Kepler-347b"]},{"index":1,"name":"col1","values":["","20.8133","19.23891","200.57","90.4113556","","12.79836"]}]},"context":{"version":3,"page_title":null,"page_url":null,"entities":[],"literals":[],"content_hierarchy":[]},"links":[[[{"version":2,"start":0,"end":15,"url":null,"entities":[{"id":"Q97460356","type":"wikidata"}]}],[]],[[{"version":2,"start":0,"end":10,"url":null,"entities":[{"id":"Q2976030","type":"wikidata"}]}],[]],[[{"version":2,"start":0,"end":9,"url":null,"entities":[{"id":"Q47519","type":"wikidata"}]}],[]],[[{"version":2,"start":0,"end":10,"url":null,"entities":[{"id":"Q1116368","type":"wikidata"}]}],[]],[[{"version":2,"start":0,"end":11,"url":null,"entities":[{"id":"Q28855776","type":"wikidata"}]}],[]],[[{"version":2,"start":0,"end":18,"url":null,"entities":[{"id":"Q86321446","type":"wikidata"}]}],[]],[[{"version":2,"start":0,"end":11,"url":null,"entities":[{"id":"Q28855356","type":"wikidata"}]}],[]]]}