{"version":2,"table":{"version":2,"table_id":"L9S6QCVT","columns":[{"index":0,"name":"col0","values":["Merhvia","Afek.","ilgam","ehafim","Hxld"]},{"index":1,"name":"col1","values":["1139.408","629.37","169.974","730.33","905.696"]},{"index":2,"name":"col2","values":["69.86","24.925","-236.17499999999998","","121.07999999999998"]}]},"context":{"version":3,"page_title":null,"page_url":null,"entities":[],"literals":[],"content_hierarchy":[]},"links":[[[{"version":2,"start":0,"end":7,"url":null,"entities":[{"id":"Q2920170","type":"wikidata"}]}],[],[]],[[{"version":2,"start":0,"end":5,"url":null,"entities":[{"id":"Q2916648","type":"wikidata"}]}],[],[]],[[{"version":2,"start":0,"end":5,"url":null,"entities":[{"id":"Q2888816","type":"wikidata"}]}],[],[]],[[{"version":2,"start":0,"end":6,"url":null,"entities":[{"id":"Q1399102","type":"wikidata"}]}],[],[]],[[{"version":2,"start":0,"end":4,"url":null,"entities":[{"id":"Q2916639","type":"wikidata"}]}],[],[]]]}