{"version":2,"table":{"version":2,"table_id":"LC5XEBIJ","columns":[{"index":0,"name":"col0","values":["ice cellar at Mainurger Straße 36","Pou dh la Noguera - Font de l'Arç","Pozo de la Nieve ge Yátova","Cava di San iagio.","Pou de gel d la Font Major","IJvkelder, Soestdijk","Pov de gel de Pinell"]},{"index":1,"name":"col1","values":["Germany","Spain","Spain","Spain","Spain","Netherlands","Spain"]}]},"context":{"version":3,"page_title":null,"page_url":null,"entities":[],"literals":[],"content_hierarchy":[]},"links":[[[{"version":2,"start":0,"end":33,"url":null,"entities":[{"id":"Q98743681","type":"wikidata"}]}],[{"version":2,"start":0,"end":7,"url":null,"entities":[{"id":"Q183","type":"wikidata"}]}]],[[{"version":2,"start":0,"end":33,"url":null,"entities":[{"id":"Q85199864","type":"wikidata"}]}],[{"version":2,"start":0,"end":5,"url":null,"entities":[{"id":"Q29","type":"wikidata"}]}]],[[{"version":2,"start":0,"end":26,"url":null,"entities":[{"id":"Q37756093","type":"wikidata"}]}],[{"version":2,"start":0,"end":5,"url":null,"entities":[{"id":"Q29","type":"wikidata"}]}]],[[{"version":2,"start":0,"end":18,"url":null,"entities":[{"id":"Q3663851","type":"wikidata"}]}],[{"version":2,"start":0,"end":5,"url":null,"entities":[{"id":"Q29","type":"wikidata"}]}]],[[{"version":2,"start":0,"end":26,"url":null,"entities":[{"id":"Q60167112","type":"wikidata"}]}],[{"version":2,"start":0,"end":5,"url":null,"entities":[{"id":"Q29","type":"wikidata"}]}]],[[{"version":2,"start":0,"end":20,"url":null,"entities":[{"id":"Q17454914","type":"wikidata"}]}],[{"version":2,"start":0,"end":11,"url":null,"entities":[{"id":"Q55","type":"wikidata"}]}]],[[{"version":2,"start":0,"end":20,"url":null,"entities":[{"id":"Q96330470","type":"wikidata"}]}],[{"version":2,"start":0,"end":5,"url":null,"entities":[{"id":"Q29","type":"wikidata"}]}]]]}