{"version":2,"table":{"version":2,"table_id":"LEEGMUXS","columns":[{"index":0,"name":"col0","values":["Martin Luthers Sterbehaus","Casa Aguilar","Huize Ottenheym","Maison Bermont de Montjaux","Maison de l'Astronome","Maison 12, rue Bragous"]},{"index":1,"name":"col1","values":["Lutherstadt Eisleben","Cardona","Venlo","Montjaux","Bazas","Bazas"]},{"index":2,"name":"col2","values":["Gothic architecture","Gothic architecture","Gothic architecture","Gothic architecture","Gothic architecture","Gothic architecture"]}]},"context":{"version":3,"page_title":null,"page_url":null,"entities":[],"literals":[],"content_hierarchy":[]},"links":[[[{"version":2,"start":0,"end":25,"url":null,"entities":[{"id":"Q1904497","type":"wikidata"}]}],[{"version":2,"start":0,"end":20,"url":null,"entities":[{"id":"Q484870","type":"wikidata"}]}],[{"version":2,"start":0,"end":19,"url":null,"entities":[{"id":"Q176483","type":"wikidata"}]}]],[[{"version":2,"start":0,"end":12,"url":null,"entities":[{"id":"Q2109962","type":"wikidata"}]}],[{"version":2,"start":0,"end":7,"url":null,"entities":[{"id":"Q16683","type":"wikidata"}]}],[{"version":2,"start":0,"end":19,"url":null,"entities":[{"id":"Q176483","type":"wikidata"}]}]],[[{"version":2,"start":0,"end":15,"url":null,"entities":[{"id":"Q2200090","type":"wikidata"}]}],[{"version":2,"start":0,"end":5,"url":null,"entities":[{"id":"Q9777","type":"wikidata"}]}],[{"version":2,"start":0,"end":19,"url":null,"entities":[{"id":"Q176483","type":"wikidata"}]}]],[[{"version":2,"start":0,"end":26,"url":null,"entities":[{"id":"Q3278612","type":"wikidata"}]}],[{"version":2,"start":0,"end":8,"url":null,"entities":[{"id":"Q1366310","type":"wikidata"}]}],[{"version":2,"start":0,"end":19,"url":null,"entities":[{"id":"Q176483","type":"wikidata"}]}]],[[{"version":2,"start":0,"end":21,"url":null,"entities":[{"id":"Q3279640","type":"wikidata"}]}],[{"version":2,"start":0,"end":5,"url":null,"entities":[{"id":"Q208427","type":"wikidata"}]}],[{"version":2,"start":0,"end":19,"url":null,"entities":[{"id":"Q176483","type":"wikidata"}]}]],[[{"version":2,"start":0,"end":22,"url":null,"entities":[{"id":"Q3278537","type":"wikidata"}]}],[{"version":2,"start":0,"end":5,"url":null,"entities":[{"id":"Q208427","type":"wikidata"}]}],[{"version":2,"start":0,"end":19,"url":null,"entities":[{"id":"Q176483","type":"wikidata"}]}]]]}