{"version":2,"table":{"version":2,"table_id":"LN5VFUS9","columns":[{"index":0,"name":"col0","values":["Hargpies","Dvor","Kostbjnica","Jian","Xapur","Ipidles"]},{"index":1,"name":"col1","values":["42.49344","502.3755","8512.0","3317.74209","5250.931","1708.7069999999999"]}]},"context":{"version":3,"page_title":null,"page_url":null,"entities":[],"literals":[],"content_hierarchy":[]},"links":[[[{"version":2,"start":0,"end":8,"url":null,"entities":[{"id":"Q1021764","type":"wikidata"}]}],[]],[[{"version":2,"start":0,"end":4,"url":null,"entities":[{"id":"Q1018619","type":"wikidata"}]}],[]],[[{"version":2,"start":0,"end":10,"url":null,"entities":[{"id":"Q1017897","type":"wikidata"}]}],[]],[[{"version":2,"start":0,"end":4,"url":null,"entities":[{"id":"Q1016720","type":"wikidata"}]}],[]],[[{"version":2,"start":0,"end":5,"url":null,"entities":[{"id":"Q1012531","type":"wikidata"}]}],[]],[[{"version":2,"start":0,"end":7,"url":null,"entities":[{"id":"Q1010094","type":"wikidata"}]}],[]]]}