{"version":2,"table":{"version":2,"table_id":"LRTYUO6W","columns":[{"index":0,"name":"col0","values":["Gatima","Fatkma","atima","Mahdyahay","ahayahay","Dataj"]},{"index":1,"name":"col1","values":["1116.05","3326.64","","","","1264.196"]}]},"context":{"version":3,"page_title":null,"page_url":null,"entities":[],"literals":[],"content_hierarchy":[]},"links":[[[{"version":2,"start":0,"end":6,"url":null,"entities":[{"id":"Q28398107","type":"wikidata"}]}],[]],[[{"version":2,"start":0,"end":6,"url":null,"entities":[{"id":"Q5437809","type":"wikidata"}]}],[]],[[{"version":2,"start":0,"end":5,"url":null,"entities":[{"id":"Q16948770","type":"wikidata"}]}],[]],[[{"version":2,"start":0,"end":9,"url":null,"entities":[{"id":"Q107017231","type":"wikidata"}]}],[]],[[{"version":2,"start":0,"end":8,"url":null,"entities":[{"id":"Q48817708","type":"wikidata"}]}],[]],[[{"version":2,"start":0,"end":5,"url":null,"entities":[{"id":"Q28151811","type":"wikidata"}]}],[]]]}