{"version":"1.2","table":{"version":"2","table_id":"QHXJ8XH8","columns":[{"index":0,"name":"col0","values":["KIC 5036493","KIC 5390069","KIC 9244992","KIC 12688835","GD 428","V* V462 Hya","V* CG Phe","V* V459 Vir","V* V376 Cam","[KER2009] lra2b 674","[KER2009] lra2a 652","[KER2009] lra2b 1369","V* V336 Boo","V* V1139 Her","2MASS J06380069+1022493","2MASS J06371098+0919509","V* V524 And","V* NQ Tel","V* BX Scl","V* DY Peg"]},{"index":1,"name":"col1","values":["1413.8272","2972.6516","1763.9795","3700.9623","678.9788","601.857","192.8268","751.2584","1164.9581","1864.9758","1822.1574","1776.5145","1198.6096","1242.6991","495.2702","1727.1157","1376.0837","622.9753","833.5417","408.4467"]},{"index":2,"name":"col2","values":["297.8709776695197","298.5669123427624","300.4893389915324","288.7545082614652","56.8328216379756","195.6895341428026","352.8758856951695","198.3446887926021","74.3373756132833","103.0943854550403","102.4550678960681","102.1924696163449","236.1525435950918","237.6186909620404","99.5028692760426","99.2957949442965","16.4464485013192","307.3850271679639","355.976896935035","347.2132731302293"]}]},"context":{"page_title":null,"page_url":null,"page_entity_id":null,"content_hierarchy":[]},"links":[[[{"start":0,"end":11,"url":null,"entity_id":"Q85451307","candidates":[]}],[],[]],[[{"start":0,"end":11,"url":null,"entity_id":"Q85451300","candidates":[]}],[],[]],[[{"start":0,"end":12,"url":null,"entity_id":"Q85451298","candidates":[]}],[],[]],[[{"start":0,"end":6,"url":null,"entity_id":"Q85126047","candidates":[]}],[],[]],[[{"start":0,"end":11,"url":null,"entity_id":"Q84796420","candidates":[]}],[],[]],[[{"start":0,"end":9,"url":null,"entity_id":"Q83918528","candidates":[]}],[],[]],[[{"start":0,"end":11,"url":null,"entity_id":"Q83467522","candidates":[]}],[],[]],[[{"start":0,"end":11,"url":null,"entity_id":"Q81131850","candidates":[]}],[],[]],[[{"start":0,"end":19,"url":null,"entity_id":"Q80996795","candidates":[]}],[],[]],[[{"start":0,"end":19,"url":null,"entity_id":"Q80995356","candidates":[]}],[],[]],[[{"start":0,"end":20,"url":null,"entity_id":"Q80985612","candidates":[]}],[],[]],[[{"start":0,"end":11,"url":null,"entity_id":"Q79898887","candidates":[]}],[],[]],[[{"start":0,"end":12,"url":null,"entity_id":"Q79892542","candidates":[]}],[],[]],[[{"start":0,"end":23,"url":null,"entity_id":"Q78750145","candidates":[]}],[],[]],[[{"start":0,"end":23,"url":null,"entity_id":"Q78750134","candidates":[]}],[],[]],[[{"start":0,"end":11,"url":null,"entity_id":"Q78522434","candidates":[]}],[],[]],[[{"start":0,"end":9,"url":null,"entity_id":"Q78128988","candidates":[]}],[],[]],[[{"start":0,"end":9,"url":null,"entity_id":"Q77898504","candidates":[]}],[],[]],[[{"start":0,"end":9,"url":null,"entity_id":"Q77046226","candidates":[]}],[],[]],[[{"start":0,"end":11,"url":null,"entity_id":"Q85451308","candidates":[]}],[],[]]]}