{"version":"1.2","table":{"version":"2","table_id":"QIDWAASP","columns":[{"index":0,"name":"col0","values":["FR Philia","RV Aegaeo","MV Nuliajuk","Urania (ship, 1992)","Dana","RV Rachel Carson","Skagerak","Ramform Vanguard","Ramform Challenger","David Thompson","Petrel","Celtic Voyager","Scotia (ship, 1998)","Explorer II","RV Celtic Explorer","RV Dr. Fridtjof Nansen","Vital de Oliveira","RV Kronprins Haakon","HNLMS Luymes","RV Kaimei"]},{"index":1,"name":"col1","values":["26.1","61.5","19.5","61.03","78","22","44.5","86","86.2","28.97","76.45","32.45","68.6","94.45","65.5","74","78","100.382","81.42","100.5"]},{"index":2,"name":"col2","values":["143","778","121","1115","2545","168","850","10297","9209","228.3","3371","340","2619","5073","2425","3853","4178","9000","2091","5747"]}]},"context":{"page_title":null,"page_url":null,"page_entity_id":null,"content_hierarchy":[]},"links":[[[{"start":0,"end":9,"url":null,"entity_id":"Q66317014","candidates":[]}],[],[]],[[{"start":0,"end":11,"url":null,"entity_id":"Q65089755","candidates":[]}],[],[]],[[{"start":0,"end":19,"url":null,"entity_id":"Q61976141","candidates":[]}],[],[]],[[{"start":0,"end":4,"url":null,"entity_id":"Q60792655","candidates":[]}],[],[]],[[{"start":0,"end":16,"url":null,"entity_id":"Q60755328","candidates":[]}],[],[]],[[{"start":0,"end":8,"url":null,"entity_id":"Q53740876","candidates":[]}],[],[]],[[{"start":0,"end":16,"url":null,"entity_id":"Q52511342","candidates":[]}],[],[]],[[{"start":0,"end":18,"url":null,"entity_id":"Q52344709","candidates":[]}],[],[]],[[{"start":0,"end":14,"url":null,"entity_id":"Q48698835","candidates":[]}],[],[]],[[{"start":0,"end":6,"url":null,"entity_id":"Q47012687","candidates":[]}],[],[]],[[{"start":0,"end":14,"url":null,"entity_id":"Q43577393","candidates":[]}],[],[]],[[{"start":0,"end":19,"url":null,"entity_id":"Q40778575","candidates":[]}],[],[]],[[{"start":0,"end":11,"url":null,"entity_id":"Q30968472","candidates":[]}],[],[]],[[{"start":0,"end":18,"url":null,"entity_id":"Q30589419","candidates":[]}],[],[]],[[{"start":0,"end":22,"url":null,"entity_id":"Q29032761","candidates":[]}],[],[]],[[{"start":0,"end":17,"url":null,"entity_id":"Q25444848","candidates":[]}],[],[]],[[{"start":0,"end":19,"url":null,"entity_id":"Q24909237","candidates":[]}],[],[]],[[{"start":0,"end":12,"url":null,"entity_id":"Q23729142","candidates":[]}],[],[]],[[{"start":0,"end":9,"url":null,"entity_id":"Q22131024","candidates":[]}],[],[]],[[{"start":0,"end":9,"url":null,"entity_id":"Q66317226","candidates":[]}],[],[]]]}