{"version":"1.2","table":{"version":"2","table_id":"QJA6RIFP","columns":[{"index":0,"name":"col0","values":["Dewey County","Corson County","Todd County","Hyde County","Fall River County","Hughes County","Jerauld County","Kingsbury County","Roberts County","Spink County","Gregory County","Hamlin County","Marshall County","Grant County","Minnehaha County","Charles Mix County","Brule County","Clark County","Codington County","Brookings County"]},{"index":1,"name":"col1","values":["America/Denver","America/Denver","UTC−06:00","UTC−06:00","UTC−06:00","UTC−06:00","UTC−06:00","UTC−06:00","UTC−06:00","UTC−06:00","UTC−06:00","UTC−06:00","UTC−06:00","UTC−06:00","UTC−06:00","UTC−06:00","UTC−06:00","UTC−06:00","UTC−06:00","UTC−06:00"]},{"index":2,"name":"col2","values":["5586","4215","9982","1391","6839","17508","2066","5065","10251","6610","4242","5961","4763","7281","179640","9241","5366","3610","27853","32968"]},{"index":3,"name":"col3","values":["6334","6551","3602","2244","4530","2073","1380","2237","2941","3911","2728","1393","2294","1782","2107","2979","2192","2507","1857","2084"]}]},"context":{"page_title":null,"page_url":null,"page_entity_id":null,"content_hierarchy":[]},"links":[[[{"start":0,"end":13,"url":null,"entity_id":"Q489079","candidates":[]}],[{"start":0,"end":14,"url":null,"entity_id":"Q28145790","candidates":[]}],[],[]],[[{"start":0,"end":11,"url":null,"entity_id":"Q502081","candidates":[]}],[{"start":0,"end":9,"url":null,"entity_id":"Q5385","candidates":[]}],[],[]],[[{"start":0,"end":11,"url":null,"entity_id":"Q495672","candidates":[]}],[{"start":0,"end":9,"url":null,"entity_id":"Q5385","candidates":[]}],[],[]],[[{"start":0,"end":17,"url":null,"entity_id":"Q495654","candidates":[]}],[{"start":0,"end":9,"url":null,"entity_id":"Q5385","candidates":[]}],[],[]],[[{"start":0,"end":13,"url":null,"entity_id":"Q495629","candidates":[]}],[{"start":0,"end":9,"url":null,"entity_id":"Q5385","candidates":[]}],[],[]],[[{"start":0,"end":14,"url":null,"entity_id":"Q495608","candidates":[]}],[{"start":0,"end":9,"url":null,"entity_id":"Q5385","candidates":[]}],[],[]],[[{"start":0,"end":16,"url":null,"entity_id":"Q495289","candidates":[]}],[{"start":0,"end":9,"url":null,"entity_id":"Q5385","candidates":[]}],[],[]],[[{"start":0,"end":14,"url":null,"entity_id":"Q495273","candidates":[]}],[{"start":0,"end":9,"url":null,"entity_id":"Q5385","candidates":[]}],[],[]],[[{"start":0,"end":12,"url":null,"entity_id":"Q495239","candidates":[]}],[{"start":0,"end":9,"url":null,"entity_id":"Q5385","candidates":[]}],[],[]],[[{"start":0,"end":14,"url":null,"entity_id":"Q495234","candidates":[]}],[{"start":0,"end":9,"url":null,"entity_id":"Q5385","candidates":[]}],[],[]],[[{"start":0,"end":13,"url":null,"entity_id":"Q495223","candidates":[]}],[{"start":0,"end":9,"url":null,"entity_id":"Q5385","candidates":[]}],[],[]],[[{"start":0,"end":15,"url":null,"entity_id":"Q495198","candidates":[]}],[{"start":0,"end":9,"url":null,"entity_id":"Q5385","candidates":[]}],[],[]],[[{"start":0,"end":12,"url":null,"entity_id":"Q490498","candidates":[]}],[{"start":0,"end":9,"url":null,"entity_id":"Q5385","candidates":[]}],[],[]],[[{"start":0,"end":16,"url":null,"entity_id":"Q489222","candidates":[]}],[{"start":0,"end":9,"url":null,"entity_id":"Q5385","candidates":[]}],[],[]],[[{"start":0,"end":18,"url":null,"entity_id":"Q489159","candidates":[]}],[{"start":0,"end":9,"url":null,"entity_id":"Q5385","candidates":[]}],[],[]],[[{"start":0,"end":12,"url":null,"entity_id":"Q489088","candidates":[]}],[{"start":0,"end":9,"url":null,"entity_id":"Q5385","candidates":[]}],[],[]],[[{"start":0,"end":12,"url":null,"entity_id":"Q489083","candidates":[]}],[{"start":0,"end":9,"url":null,"entity_id":"Q5385","candidates":[]}],[],[]],[[{"start":0,"end":16,"url":null,"entity_id":"Q489075","candidates":[]}],[{"start":0,"end":9,"url":null,"entity_id":"Q5385","candidates":[]}],[],[]],[[{"start":0,"end":16,"url":null,"entity_id":"Q489069","candidates":[]}],[{"start":0,"end":9,"url":null,"entity_id":"Q5385","candidates":[]}],[],[]],[[{"start":0,"end":12,"url":null,"entity_id":"Q489092","candidates":[]}],[{"start":0,"end":14,"url":null,"entity_id":"Q28145790","candidates":[]}],[],[]]]}