{"version":"1.2","table":{"version":"2","table_id":"QJO3SNR7","columns":[{"index":0,"name":"col0","values":["[WMO2009] Car-0729","2MASS J13273470-4721002","[WMO2009] Car-0214","[WMO2009] Car-1980","BD+09 4787","BD-17 4208","HD 131915","BD-16 3951","BD+05 2927","HD 237811","TYC 1311-291-1","HD 103519","2MASS J01081480-7213058","Cl* NGC 5139 LEID 35087","TYC 1583-724-1","BD-21 2698","BD+07 2112","TYC 230-678-1","BD-21 2699","BD+22 2073"]},{"index":1,"name":"col1","values":["100.5775038431291","201.8946125","100.2230992604721","100.3540007956473","320.3755218697114","223.4249758684759","224.0279300507527","222.9537709998737","222.2046817522976","141.90531528607","86.301195744507","178.8133782145748","17.0616792","201.6006295342009","280.562110996774","136.7001546347744","140.179736135571","137.8833783710757","136.7684301446559","139.5416071907613"]},{"index":2,"name":"col2","values":["21400","13","69000","51000","3550","58","166","138","145","630","290","900","3","45","107","2100","50","234","420","178"]},{"index":3,"name":"col3","values":["19.108","12.787","19.47","18.687","9.81","9.76","9.52","9.833","9.88","9.59","10.5","10.14","17.89","13.321","11.09","10.17","9.85","9.76","10.02","9.68"]}]},"context":{"page_title":null,"page_url":null,"page_entity_id":null,"content_hierarchy":[]},"links":[[[{"start":0,"end":23,"url":null,"entity_id":"Q76866679","candidates":[]}],[],[],[]],[[{"start":0,"end":18,"url":null,"entity_id":"Q76865393","candidates":[]}],[],[],[]],[[{"start":0,"end":18,"url":null,"entity_id":"Q76865371","candidates":[]}],[],[],[]],[[{"start":0,"end":10,"url":null,"entity_id":"Q76609728","candidates":[]}],[],[],[]],[[{"start":0,"end":10,"url":null,"entity_id":"Q75802250","candidates":[]}],[],[],[]],[[{"start":0,"end":9,"url":null,"entity_id":"Q75800112","candidates":[]}],[],[],[]],[[{"start":0,"end":10,"url":null,"entity_id":"Q75782964","candidates":[]}],[],[],[]],[[{"start":0,"end":10,"url":null,"entity_id":"Q75766126","candidates":[]}],[],[],[]],[[{"start":0,"end":9,"url":null,"entity_id":"Q75417849","candidates":[]}],[],[],[]],[[{"start":0,"end":14,"url":null,"entity_id":"Q75326778","candidates":[]}],[],[],[]],[[{"start":0,"end":9,"url":null,"entity_id":"Q75306174","candidates":[]}],[],[],[]],[[{"start":0,"end":23,"url":null,"entity_id":"Q75228752","candidates":[]}],[],[],[]],[[{"start":0,"end":23,"url":null,"entity_id":"Q74714361","candidates":[]}],[],[],[]],[[{"start":0,"end":14,"url":null,"entity_id":"Q75220231","candidates":[]}],[],[],[]],[[{"start":0,"end":10,"url":null,"entity_id":"Q75181325","candidates":[]}],[],[],[]],[[{"start":0,"end":10,"url":null,"entity_id":"Q75179269","candidates":[]}],[],[],[]],[[{"start":0,"end":13,"url":null,"entity_id":"Q75178520","candidates":[]}],[],[],[]],[[{"start":0,"end":10,"url":null,"entity_id":"Q75178495","candidates":[]}],[],[],[]],[[{"start":0,"end":10,"url":null,"entity_id":"Q75177374","candidates":[]}],[],[],[]],[[{"start":0,"end":18,"url":null,"entity_id":"Q76868174","candidates":[]}],[],[],[]]]}