{"version":"1.2","table":{"version":"2","table_id":"QLOJLU1O","columns":[{"index":0,"name":"col0","values":["OGLE BLG660.20 5729","OGLE BLG64.27 9898","OGLE BLG151.6 1153","OGLE BLG652.15 73687","OGLE BLG662.27#83093","OGLE BLH653.12 31099","OGLE LG504.14 381935","OGLE BL672.22 43775","OGLE BLG638.11 43218","OGLE BLG71.2 5165","OGLE BLG660.19 7269","OGLE BLG231.3!95844","OGLE BLG64.4 22163","GLE BLG648.20 40972","OGLE ELG605.25 32","OGLE BLG500115 8129","OGLE BLG662.< 26489","OGE BLG503.11 110181","OLE BLG500.8 176443","OGLE LG632.23 65428"]},{"index":1,"name":"col1","values":["0.36179999999999995","0.2015018","0.3302456999999999","0.1539072","0.0832316","0.073778","0.1186416","0.7806799","0.11208779999999999","0.0298","0.34702649999999996","0.0377504","0.1019739","0.2097356","0.06138","0.5484923999999999","0.2758944","0.11728349999999998","0.4600438","0.0577152"]},{"index":2,"name":"col2","values":["1.23523","-5.93184","-6.184769999999999","-7.708804","-10.283616","-2.2089000000000003","0.254016","-6.351272","-9.277742","-5.785214999999999","-3.8958919999999995","-7.397422","-4.309670000000001","-5.260254999999999","-9.267722999999998","-8.328435","-3.190188","-8.83958","-4.8192330000000005","-1.920462"]}]},"context":{"page_title":null,"page_url":null,"page_entity_id":null,"content_hierarchy":[]},"links":[[[{"start":0,"end":18,"url":null,"entity_id":"Q84474743","candidates":[]}],[],[]],[[{"start":0,"end":18,"url":null,"entity_id":"Q84474729","candidates":[]}],[],[]],[[{"start":0,"end":20,"url":null,"entity_id":"Q84474692","candidates":[]}],[],[]],[[{"start":0,"end":20,"url":null,"entity_id":"Q84474643","candidates":[]}],[],[]],[[{"start":0,"end":20,"url":null,"entity_id":"Q84474598","candidates":[]}],[],[]],[[{"start":0,"end":20,"url":null,"entity_id":"Q84474483","candidates":[]}],[],[]],[[{"start":0,"end":19,"url":null,"entity_id":"Q84474462","candidates":[]}],[],[]],[[{"start":0,"end":20,"url":null,"entity_id":"Q84474437","candidates":[]}],[],[]],[[{"start":0,"end":17,"url":null,"entity_id":"Q84474366","candidates":[]}],[],[]],[[{"start":0,"end":19,"url":null,"entity_id":"Q84474347","candidates":[]}],[],[]],[[{"start":0,"end":19,"url":null,"entity_id":"Q84474343","candidates":[]}],[],[]],[[{"start":0,"end":18,"url":null,"entity_id":"Q84474327","candidates":[]}],[],[]],[[{"start":0,"end":19,"url":null,"entity_id":"Q84474308","candidates":[]}],[],[]],[[{"start":0,"end":17,"url":null,"entity_id":"Q84474252","candidates":[]}],[],[]],[[{"start":0,"end":19,"url":null,"entity_id":"Q84476826","candidates":[]}],[],[]],[[{"start":0,"end":19,"url":null,"entity_id":"Q84476823","candidates":[]}],[],[]],[[{"start":0,"end":20,"url":null,"entity_id":"Q84476806","candidates":[]}],[],[]],[[{"start":0,"end":19,"url":null,"entity_id":"Q84476769","candidates":[]}],[],[]],[[{"start":0,"end":19,"url":null,"entity_id":"Q84476730","candidates":[]}],[],[]],[[{"start":0,"end":19,"url":null,"entity_id":"Q84474793","candidates":[]}],[],[]]]}