{"version":"1.2","table":{"version":"2","table_id":"QLTJ5I6I","columns":[{"index":0,"name":"col0","values":["Chemung County","St. Lawrence County","Chenango County","Cortland County","Saratoga County","Schenectady County","Oswego County","Livingston County","Montgomery County","Herkimer County","Rensselaer County","Delaware County","Putnam County","Fulton County","Franklin County","Jefferson County","Greene County","Columbia County","Cayuga County","Madison County"]},{"index":1,"name":"col1","values":["1064","7308","2328","1299","2185","543","3399","1659","1063","3777","1723","3802","638","1380","4396","4810","1705","1679","2237","1713"]},{"index":2,"name":"col2","values":["88506","111963","49503","48976","223865","155333","121165","64705","49897","64181","159918","46722","99645","54586","51688","119504","48455","62243","79477","72382"]},{"index":3,"name":"col3","values":["0.8","5","0.6","0.5","4","2.3","27","1.3","1.8","3.2","1.9","1.7","6.5","7","4","32","1.7","2.1","20","1"]}]},"context":{"page_title":null,"page_url":null,"page_entity_id":null,"content_hierarchy":[]},"links":[[[{"start":0,"end":19,"url":null,"entity_id":"Q500569","candidates":[]}],[],[],[]],[[{"start":0,"end":15,"url":null,"entity_id":"Q487616","candidates":[]}],[],[],[]],[[{"start":0,"end":15,"url":null,"entity_id":"Q487610","candidates":[]}],[],[],[]],[[{"start":0,"end":15,"url":null,"entity_id":"Q487605","candidates":[]}],[],[],[]],[[{"start":0,"end":18,"url":null,"entity_id":"Q487599","candidates":[]}],[],[],[]],[[{"start":0,"end":13,"url":null,"entity_id":"Q487581","candidates":[]}],[],[],[]],[[{"start":0,"end":17,"url":null,"entity_id":"Q487578","candidates":[]}],[],[],[]],[[{"start":0,"end":17,"url":null,"entity_id":"Q487572","candidates":[]}],[],[],[]],[[{"start":0,"end":15,"url":null,"entity_id":"Q487564","candidates":[]}],[],[],[]],[[{"start":0,"end":17,"url":null,"entity_id":"Q156566","candidates":[]}],[],[],[]],[[{"start":0,"end":15,"url":null,"entity_id":"Q115289","candidates":[]}],[],[],[]],[[{"start":0,"end":13,"url":null,"entity_id":"Q115266","candidates":[]}],[],[],[]],[[{"start":0,"end":13,"url":null,"entity_id":"Q115258","candidates":[]}],[],[],[]],[[{"start":0,"end":15,"url":null,"entity_id":"Q115247","candidates":[]}],[],[],[]],[[{"start":0,"end":16,"url":null,"entity_id":"Q115227","candidates":[]}],[],[],[]],[[{"start":0,"end":13,"url":null,"entity_id":"Q115216","candidates":[]}],[],[],[]],[[{"start":0,"end":15,"url":null,"entity_id":"Q115200","candidates":[]}],[],[],[]],[[{"start":0,"end":13,"url":null,"entity_id":"Q115182","candidates":[]}],[],[],[]],[[{"start":0,"end":14,"url":null,"entity_id":"Q115166","candidates":[]}],[],[],[]],[[{"start":0,"end":14,"url":null,"entity_id":"Q854630","candidates":[]}],[],[],[]]]}