{"version":"1.2","table":{"version":"2","table_id":"QM9NCFL8","columns":[{"index":0,"name":"col0","values":["Scranton School for Deaf and Had-of-Hearing Children","Ohio School for the Daf","Delaware School for tie Deaf","Marylaod School for the Deaf","New York Schol for the Dea","West Wirginia Schools for the Deaf and Blind","Virginia School for the Geaf and the Blind","Colorado School for the Deaf and Blnd","Wyoming School\"for the Deaf","South Dakota School for the Dea","Norvh Dakpta School for the Deaf","Oregon Uchool for te Deaf","Florida Tchool for the Deaf and Blind","AmericanSchool for the Dea","The Learning Cener for the Deaf","California School for the Deaf- Fremont","The Podel Secodary School","National Institute of the Deaf and Dumd","Tkyo Scool for te Deaf","Newfoundland School for the Daf"]},{"index":1,"name":"col1","values":["Pennsylvania","Ohio","Delaware","Maryland","New York","West Virginia","Virginia","Colorado","Wyoming","South Dakota","North Dakota","Oregon","Florida","Connecticut","Massachusetts","California","Washington, D.C.","Vác","Tokyo","St. John's"]},{"index":2,"name":"col2","values":["2009/01/01","1829/01/01","1929/01/01","1868/01/01","1817/01/01","1870/01/01","1838/01/01","1874/01/01","1961/01/01","1880/01/01","1890/03/15","1870/01/01","1885/01/01","1817/01/01","1970/01/01","1860/01/01","1969/01/01","1802/01/01","1880/01/01","1965/09/22"]},{"index":3,"name":"col3","values":["United States of America","United States of America","United States of America","United States of America","United States of America","United States of America","United States of America","United States of America","United States of America","United States of America","United States of America","United States of America","United States of America","United States of America","United States of America","United States of America","United States of America","Hungary","Japan","Canada"]}]},"context":{"page_title":null,"page_url":null,"page_entity_id":null,"content_hierarchy":[]},"links":[[[{"start":0,"end":23,"url":null,"entity_id":"Q7080889","candidates":[]}],[{"start":0,"end":4,"url":null,"entity_id":"Q1397","candidates":[]}],[],[{"start":0,"end":24,"url":null,"entity_id":"Q30","candidates":[]}]],[[{"start":0,"end":28,"url":null,"entity_id":"Q5253348","candidates":[]}],[{"start":0,"end":8,"url":null,"entity_id":"Q1393","candidates":[]}],[],[{"start":0,"end":24,"url":null,"entity_id":"Q30","candidates":[]}]],[[{"start":0,"end":28,"url":null,"entity_id":"Q6781480","candidates":[]}],[{"start":0,"end":8,"url":null,"entity_id":"Q1391","candidates":[]}],[],[{"start":0,"end":24,"url":null,"entity_id":"Q30","candidates":[]}]],[[{"start":0,"end":26,"url":null,"entity_id":"Q14707085","candidates":[]}],[{"start":0,"end":8,"url":null,"entity_id":"Q1384","candidates":[]}],[],[{"start":0,"end":24,"url":null,"entity_id":"Q30","candidates":[]}]],[[{"start":0,"end":44,"url":null,"entity_id":"Q7986908","candidates":[]}],[{"start":0,"end":13,"url":null,"entity_id":"Q1371","candidates":[]}],[],[{"start":0,"end":24,"url":null,"entity_id":"Q30","candidates":[]}]],[[{"start":0,"end":42,"url":null,"entity_id":"Q7934492","candidates":[]}],[{"start":0,"end":8,"url":null,"entity_id":"Q1370","candidates":[]}],[],[{"start":0,"end":24,"url":null,"entity_id":"Q30","candidates":[]}]],[[{"start":0,"end":37,"url":null,"entity_id":"Q5148908","candidates":[]}],[{"start":0,"end":8,"url":null,"entity_id":"Q1261","candidates":[]}],[],[{"start":0,"end":24,"url":null,"entity_id":"Q30","candidates":[]}]],[[{"start":0,"end":27,"url":null,"entity_id":"Q8040381","candidates":[]}],[{"start":0,"end":7,"url":null,"entity_id":"Q1214","candidates":[]}],[],[{"start":0,"end":24,"url":null,"entity_id":"Q30","candidates":[]}]],[[{"start":0,"end":31,"url":null,"entity_id":"Q7566982","candidates":[]}],[{"start":0,"end":12,"url":null,"entity_id":"Q1211","candidates":[]}],[],[{"start":0,"end":24,"url":null,"entity_id":"Q30","candidates":[]}]],[[{"start":0,"end":32,"url":null,"entity_id":"Q7055040","candidates":[]}],[{"start":0,"end":12,"url":null,"entity_id":"Q1207","candidates":[]}],[],[{"start":0,"end":24,"url":null,"entity_id":"Q30","candidates":[]}]],[[{"start":0,"end":25,"url":null,"entity_id":"Q7101330","candidates":[]}],[{"start":0,"end":6,"url":null,"entity_id":"Q824","candidates":[]}],[],[{"start":0,"end":24,"url":null,"entity_id":"Q30","candidates":[]}]],[[{"start":0,"end":37,"url":null,"entity_id":"Q5461583","candidates":[]}],[{"start":0,"end":7,"url":null,"entity_id":"Q812","candidates":[]}],[],[{"start":0,"end":24,"url":null,"entity_id":"Q30","candidates":[]}]],[[{"start":0,"end":26,"url":null,"entity_id":"Q466710","candidates":[]}],[{"start":0,"end":11,"url":null,"entity_id":"Q779","candidates":[]}],[],[{"start":0,"end":24,"url":null,"entity_id":"Q30","candidates":[]}]],[[{"start":0,"end":31,"url":null,"entity_id":"Q7746553","candidates":[]}],[{"start":0,"end":13,"url":null,"entity_id":"Q771","candidates":[]}],[],[{"start":0,"end":24,"url":null,"entity_id":"Q30","candidates":[]}]],[[{"start":0,"end":39,"url":null,"entity_id":"Q5020941","candidates":[]}],[{"start":0,"end":10,"url":null,"entity_id":"Q99","candidates":[]}],[],[{"start":0,"end":24,"url":null,"entity_id":"Q30","candidates":[]}]],[[{"start":0,"end":25,"url":null,"entity_id":"Q7751849","candidates":[]}],[{"start":0,"end":16,"url":null,"entity_id":"Q61","candidates":[]}],[],[{"start":0,"end":24,"url":null,"entity_id":"Q30","candidates":[]}]],[[{"start":0,"end":39,"url":null,"entity_id":"Q1288137","candidates":[]}],[{"start":0,"end":3,"url":null,"entity_id":"Q207408","candidates":[]}],[],[{"start":0,"end":7,"url":null,"entity_id":"Q28","candidates":[]}]],[[{"start":0,"end":22,"url":null,"entity_id":"Q7813983","candidates":[]}],[{"start":0,"end":5,"url":null,"entity_id":"Q1490","candidates":[]}],[],[{"start":0,"end":5,"url":null,"entity_id":"Q17","candidates":[]}]],[[{"start":0,"end":31,"url":null,"entity_id":"Q7017860","candidates":[]}],[{"start":0,"end":10,"url":null,"entity_id":"Q2082","candidates":[]}],[],[{"start":0,"end":6,"url":null,"entity_id":"Q16","candidates":[]}]],[[{"start":0,"end":52,"url":null,"entity_id":"Q7438756","candidates":[]}],[{"start":0,"end":12,"url":null,"entity_id":"Q1400","candidates":[]}],[],[{"start":0,"end":24,"url":null,"entity_id":"Q30","candidates":[]}]]]}