{"version":"1.2","table":{"version":"2","table_id":"QMTFV0QH","columns":[{"index":0,"name":"col0","values":["2MASS J06390423+0949355","2MASS J06431398+0746467","2MASS J06414015+0858401","2MASS J06381382+0804007","2MASS J06390216+0758143","2MASS J06404424+1020575","2MASS J06382762+0833119","2MASS J06402948+0856132","2MASS J06385821+0754419","2MASS J06385690+0957215","2MASS J06384881+0808163","2MASS J06390438+0829094","2MASS J06405492+0852073","2MASS J06412845+0837009","2MASS J06393072+1006279","2MASS J06393747+0753067","2MASS J06400892+1018135","2MASS J06381772+0854286","2MASS J06411023+0739555","2MASS J06410317+0751173","2MASS J06421844+0801093","2MASS J06384444+0803557","2MASS J06402039+0805351","2MASS J06403446+0752339","2MASS J06391277+0807007","2MASS J06400319+0903376","2MASS J06380069+0944516","2MASS J06402419+0749076","2MASS J06395285+0835590","2MASS J06422713+0751270","2MASS J06371799+0922589"]},{"index":1,"name":"col1","values":["1.3198","0.4998","1.7146","1.4399","0.1894","1.4309","1.3706","1.702","1.5025","1.3776","0.6949","0.4177","0.9485","0.2756","1.7338","0.2361","1.3659","1.9466","0.6216","1.034","0.2883","1.4597","0.0502","1.4343","0.4061","0.287","0.38","1.0806","2.2796","1.5296","2.0051"]},{"index":2,"name":"col2","values":["9.8265427058759","7.7796333702377","8.977829595161","8.0668634616133","7.9706520717171","10.3493189263569","8.553332365993","8.93703919108","7.9116609430717","9.9559872455087","8.1378774794757","8.4859690514569","8.8686853722029","8.6169308276164","10.1077713766515","7.8852052477977","10.3037504806001","8.907931969825","7.6653978313226","7.854795206016","8.0192302354406","8.0654794954898","8.0930712440654","7.8760952191666","8.1168831093749","9.0604491022322","9.7476907486722","7.818781076357","8.599729220463","7.8574994010267","9.3830255579457"]}]},"context":{"page_title":null,"page_url":null,"page_entity_id":null,"content_hierarchy":[]},"links":[[[{"start":0,"end":23,"url":null,"entity_id":"Q78757746","candidates":[]}],[],[]],[[{"start":0,"end":23,"url":null,"entity_id":"Q78757667","candidates":[]}],[],[]],[[{"start":0,"end":23,"url":null,"entity_id":"Q78757505","candidates":[]}],[],[]],[[{"start":0,"end":23,"url":null,"entity_id":"Q78757478","candidates":[]}],[],[]],[[{"start":0,"end":23,"url":null,"entity_id":"Q78757288","candidates":[]}],[],[]],[[{"start":0,"end":23,"url":null,"entity_id":"Q78757183","candidates":[]}],[],[]],[[{"start":0,"end":23,"url":null,"entity_id":"Q78757143","candidates":[]}],[],[]],[[{"start":0,"end":23,"url":null,"entity_id":"Q78757059","candidates":[]}],[],[]],[[{"start":0,"end":23,"url":null,"entity_id":"Q78757031","candidates":[]}],[],[]],[[{"start":0,"end":23,"url":null,"entity_id":"Q78757011","candidates":[]}],[],[]],[[{"start":0,"end":23,"url":null,"entity_id":"Q78756975","candidates":[]}],[],[]],[[{"start":0,"end":23,"url":null,"entity_id":"Q78756779","candidates":[]}],[],[]],[[{"start":0,"end":23,"url":null,"entity_id":"Q78756771","candidates":[]}],[],[]],[[{"start":0,"end":23,"url":null,"entity_id":"Q78756748","candidates":[]}],[],[]],[[{"start":0,"end":23,"url":null,"entity_id":"Q78756580","candidates":[]}],[],[]],[[{"start":0,"end":23,"url":null,"entity_id":"Q78756443","candidates":[]}],[],[]],[[{"start":0,"end":23,"url":null,"entity_id":"Q78756439","candidates":[]}],[],[]],[[{"start":0,"end":23,"url":null,"entity_id":"Q78756386","candidates":[]}],[],[]],[[{"start":0,"end":23,"url":null,"entity_id":"Q78756357","candidates":[]}],[],[]],[[{"start":0,"end":23,"url":null,"entity_id":"Q78756346","candidates":[]}],[],[]],[[{"start":0,"end":23,"url":null,"entity_id":"Q78756342","candidates":[]}],[],[]],[[{"start":0,"end":23,"url":null,"entity_id":"Q78756325","candidates":[]}],[],[]],[[{"start":0,"end":23,"url":null,"entity_id":"Q78756260","candidates":[]}],[],[]],[[{"start":0,"end":23,"url":null,"entity_id":"Q78756216","candidates":[]}],[],[]],[[{"start":0,"end":23,"url":null,"entity_id":"Q78755587","candidates":[]}],[],[]],[[{"start":0,"end":23,"url":null,"entity_id":"Q78755566","candidates":[]}],[],[]],[[{"start":0,"end":23,"url":null,"entity_id":"Q78755503","candidates":[]}],[],[]],[[{"start":0,"end":23,"url":null,"entity_id":"Q78755477","candidates":[]}],[],[]],[[{"start":0,"end":23,"url":null,"entity_id":"Q78755443","candidates":[]}],[],[]],[[{"start":0,"end":23,"url":null,"entity_id":"Q78755012","candidates":[]}],[],[]],[[{"start":0,"end":23,"url":null,"entity_id":"Q78757859","candidates":[]}],[],[]]]}