{"version":"1.2","table":{"version":"2","table_id":"QN2UX8IW","columns":[{"index":0,"name":"col0","values":["1976 Slovenian Badminton Championships","1975 Slovenian Badminton Championships","1974 Slovenian Badminton Championships","1973 Slovenian Badminton Championships","1972 Slovenian Badminton Championships","1971 Slovenian Badminton Championships","1970 Slovenian Badminton Championships","1969 Slovenian Badminton Championships","1968 Slovenian Badminton Championships","1966 Slovenian Badminton Championships","1965 Slovenian Badminton Championships","1964 Slovenian Badminton Championships","1963 Slovenian Badminton Championships","1962 Slovenian Badminton Championships","1961 Slovenian Badminton Championships","1960 Slovenian Badminton Championships","1959 Slovenian Badminton Championships","1958 Slovenian Badminton Championships","2015 Slovenian Badminton Championships","2014 Slovenian Badminton Championships"]},{"index":1,"name":"col1","values":["badminton","badminton","badminton","badminton","badminton","badminton","badminton","badminton","badminton","badminton","badminton","badminton","badminton","badminton","badminton","badminton","badminton","badminton","badminton","badminton"]},{"index":2,"name":"col2","values":["national championship","national championship","national championship","national championship","national championship","national championship","national championship","national championship","national championship","national championship","national championship","national championship","national championship","national championship","national championship","national championship","national championship","national championship","national championship","national championship"]}]},"context":{"page_title":null,"page_url":null,"page_entity_id":null,"content_hierarchy":[]},"links":[[[{"start":0,"end":38,"url":null,"entity_id":"Q27049652","candidates":[]}],[{"start":0,"end":9,"url":null,"entity_id":"Q7291","candidates":[]}],[{"start":0,"end":21,"url":null,"entity_id":"Q63891772","candidates":[]}]],[[{"start":0,"end":38,"url":null,"entity_id":"Q27049641","candidates":[]}],[{"start":0,"end":9,"url":null,"entity_id":"Q7291","candidates":[]}],[{"start":0,"end":21,"url":null,"entity_id":"Q63891772","candidates":[]}]],[[{"start":0,"end":38,"url":null,"entity_id":"Q27049629","candidates":[]}],[{"start":0,"end":9,"url":null,"entity_id":"Q7291","candidates":[]}],[{"start":0,"end":21,"url":null,"entity_id":"Q63891772","candidates":[]}]],[[{"start":0,"end":38,"url":null,"entity_id":"Q27049617","candidates":[]}],[{"start":0,"end":9,"url":null,"entity_id":"Q7291","candidates":[]}],[{"start":0,"end":21,"url":null,"entity_id":"Q63891772","candidates":[]}]],[[{"start":0,"end":38,"url":null,"entity_id":"Q27049616","candidates":[]}],[{"start":0,"end":9,"url":null,"entity_id":"Q7291","candidates":[]}],[{"start":0,"end":21,"url":null,"entity_id":"Q63891772","candidates":[]}]],[[{"start":0,"end":38,"url":null,"entity_id":"Q27049615","candidates":[]}],[{"start":0,"end":9,"url":null,"entity_id":"Q7291","candidates":[]}],[{"start":0,"end":21,"url":null,"entity_id":"Q63891772","candidates":[]}]],[[{"start":0,"end":38,"url":null,"entity_id":"Q27049613","candidates":[]}],[{"start":0,"end":9,"url":null,"entity_id":"Q7291","candidates":[]}],[{"start":0,"end":21,"url":null,"entity_id":"Q63891772","candidates":[]}]],[[{"start":0,"end":38,"url":null,"entity_id":"Q27049612","candidates":[]}],[{"start":0,"end":9,"url":null,"entity_id":"Q7291","candidates":[]}],[{"start":0,"end":21,"url":null,"entity_id":"Q63891772","candidates":[]}]],[[{"start":0,"end":38,"url":null,"entity_id":"Q27049611","candidates":[]}],[{"start":0,"end":9,"url":null,"entity_id":"Q7291","candidates":[]}],[{"start":0,"end":21,"url":null,"entity_id":"Q63891772","candidates":[]}]],[[{"start":0,"end":38,"url":null,"entity_id":"Q27049610","candidates":[]}],[{"start":0,"end":9,"url":null,"entity_id":"Q7291","candidates":[]}],[{"start":0,"end":21,"url":null,"entity_id":"Q63891772","candidates":[]}]],[[{"start":0,"end":38,"url":null,"entity_id":"Q27049609","candidates":[]}],[{"start":0,"end":9,"url":null,"entity_id":"Q7291","candidates":[]}],[{"start":0,"end":21,"url":null,"entity_id":"Q63891772","candidates":[]}]],[[{"start":0,"end":38,"url":null,"entity_id":"Q27049608","candidates":[]}],[{"start":0,"end":9,"url":null,"entity_id":"Q7291","candidates":[]}],[{"start":0,"end":21,"url":null,"entity_id":"Q63891772","candidates":[]}]],[[{"start":0,"end":38,"url":null,"entity_id":"Q27049607","candidates":[]}],[{"start":0,"end":9,"url":null,"entity_id":"Q7291","candidates":[]}],[{"start":0,"end":21,"url":null,"entity_id":"Q63891772","candidates":[]}]],[[{"start":0,"end":38,"url":null,"entity_id":"Q27049605","candidates":[]}],[{"start":0,"end":9,"url":null,"entity_id":"Q7291","candidates":[]}],[{"start":0,"end":21,"url":null,"entity_id":"Q63891772","candidates":[]}]],[[{"start":0,"end":38,"url":null,"entity_id":"Q27049602","candidates":[]}],[{"start":0,"end":9,"url":null,"entity_id":"Q7291","candidates":[]}],[{"start":0,"end":21,"url":null,"entity_id":"Q63891772","candidates":[]}]],[[{"start":0,"end":38,"url":null,"entity_id":"Q27049599","candidates":[]}],[{"start":0,"end":9,"url":null,"entity_id":"Q7291","candidates":[]}],[{"start":0,"end":21,"url":null,"entity_id":"Q63891772","candidates":[]}]],[[{"start":0,"end":38,"url":null,"entity_id":"Q27049593","candidates":[]}],[{"start":0,"end":9,"url":null,"entity_id":"Q7291","candidates":[]}],[{"start":0,"end":21,"url":null,"entity_id":"Q63891772","candidates":[]}]],[[{"start":0,"end":38,"url":null,"entity_id":"Q18936112","candidates":[]}],[{"start":0,"end":9,"url":null,"entity_id":"Q7291","candidates":[]}],[{"start":0,"end":21,"url":null,"entity_id":"Q63891772","candidates":[]}]],[[{"start":0,"end":38,"url":null,"entity_id":"Q15708036","candidates":[]}],[{"start":0,"end":9,"url":null,"entity_id":"Q7291","candidates":[]}],[{"start":0,"end":21,"url":null,"entity_id":"Q63891772","candidates":[]}]],[[{"start":0,"end":38,"url":null,"entity_id":"Q27049670","candidates":[]}],[{"start":0,"end":9,"url":null,"entity_id":"Q7291","candidates":[]}],[{"start":0,"end":21,"url":null,"entity_id":"Q63891772","candidates":[]}]]]}