{"version":"1.2","table":{"version":"2","table_id":"QNGGMWCH","columns":[{"index":0,"name":"col0","values":["Huizhong Road","May 4th Street","Xinjiekou Outer Street","Dongwuyuan Road","Yuen Long Highway","Route 4","Tsing Sha Highway","Cheung Pei Shan Road","Route 1","West Chang'an Avenue","East Chang'an Avenue","Provincial road N368","Tjæreborgvej","Farrevej","Gloucester Road","N261 road","Provinciale weg 278","Provincial road N325","Provincial road N34","Provincial road N367"]},{"index":1,"name":"col1","values":["3","0.741","2144","2.16","10","15.3","15","2.9","20.7","2","2","11","12.5","8.5","2.2","18","30","28","88","13.3"]},{"index":2,"name":"col2","values":["Chaoyang District","Dongcheng District","Xicheng District","Xicheng District","Hong Kong","Hong Kong","Hong Kong","Hong Kong","Hong Kong","Beijing","Beijing","Groningen","Esbjerg Municipality","Vejle Municipality","Hong Kong","North Brabant","Limburg","Gelderland","Drenthe","Groningen"]},{"index":3,"name":"col3","values":["People's Republic of China","People's Republic of China","People's Republic of China","People's Republic of China","People's Republic of China","People's Republic of China","People's Republic of China","People's Republic of China","People's Republic of China","People's Republic of China","People's Republic of China","Netherlands","Denmark","Denmark","People's Republic of China","Netherlands","Netherlands","Netherlands","Netherlands","Netherlands"]}]},"context":{"page_title":null,"page_url":null,"page_entity_id":null,"content_hierarchy":[]},"links":[[[{"start":0,"end":14,"url":null,"entity_id":"Q10881627","candidates":[]}],[],[{"start":0,"end":18,"url":null,"entity_id":"Q394681","candidates":[]}],[{"start":0,"end":26,"url":null,"entity_id":"Q148","candidates":[]}]],[[{"start":0,"end":22,"url":null,"entity_id":"Q11084294","candidates":[]}],[],[{"start":0,"end":16,"url":null,"entity_id":"Q30138","candidates":[]}],[{"start":0,"end":26,"url":null,"entity_id":"Q148","candidates":[]}]],[[{"start":0,"end":15,"url":null,"entity_id":"Q10900984","candidates":[]}],[],[{"start":0,"end":16,"url":null,"entity_id":"Q30138","candidates":[]}],[{"start":0,"end":26,"url":null,"entity_id":"Q148","candidates":[]}]],[[{"start":0,"end":17,"url":null,"entity_id":"Q8060287","candidates":[]}],[],[{"start":0,"end":9,"url":null,"entity_id":"Q8646","candidates":[]}],[{"start":0,"end":26,"url":null,"entity_id":"Q148","candidates":[]}]],[[{"start":0,"end":7,"url":null,"entity_id":"Q7371459","candidates":[]}],[],[{"start":0,"end":9,"url":null,"entity_id":"Q8646","candidates":[]}],[{"start":0,"end":26,"url":null,"entity_id":"Q148","candidates":[]}]],[[{"start":0,"end":17,"url":null,"entity_id":"Q6392142","candidates":[]}],[],[{"start":0,"end":9,"url":null,"entity_id":"Q8646","candidates":[]}],[{"start":0,"end":26,"url":null,"entity_id":"Q148","candidates":[]}]],[[{"start":0,"end":20,"url":null,"entity_id":"Q5094255","candidates":[]}],[],[{"start":0,"end":9,"url":null,"entity_id":"Q8646","candidates":[]}],[{"start":0,"end":26,"url":null,"entity_id":"Q148","candidates":[]}]],[[{"start":0,"end":7,"url":null,"entity_id":"Q4121691","candidates":[]}],[],[{"start":0,"end":9,"url":null,"entity_id":"Q8646","candidates":[]}],[{"start":0,"end":26,"url":null,"entity_id":"Q148","candidates":[]}]],[[{"start":0,"end":20,"url":null,"entity_id":"Q7984694","candidates":[]}],[],[{"start":0,"end":7,"url":null,"entity_id":"Q956","candidates":[]}],[{"start":0,"end":26,"url":null,"entity_id":"Q148","candidates":[]}]],[[{"start":0,"end":20,"url":null,"entity_id":"Q5328067","candidates":[]}],[],[{"start":0,"end":7,"url":null,"entity_id":"Q956","candidates":[]}],[{"start":0,"end":26,"url":null,"entity_id":"Q148","candidates":[]}]],[[{"start":0,"end":20,"url":null,"entity_id":"Q14178280","candidates":[]}],[],[{"start":0,"end":9,"url":null,"entity_id":"Q752","candidates":[]}],[{"start":0,"end":11,"url":null,"entity_id":"Q55","candidates":[]}]],[[{"start":0,"end":12,"url":null,"entity_id":"Q17312534","candidates":[]}],[],[{"start":0,"end":20,"url":null,"entity_id":"Q645747","candidates":[]}],[{"start":0,"end":7,"url":null,"entity_id":"Q35","candidates":[]}]],[[{"start":0,"end":8,"url":null,"entity_id":"Q17312241","candidates":[]}],[],[{"start":0,"end":18,"url":null,"entity_id":"Q28150","candidates":[]}],[{"start":0,"end":7,"url":null,"entity_id":"Q35","candidates":[]}]],[[{"start":0,"end":15,"url":null,"entity_id":"Q2188182","candidates":[]}],[],[{"start":0,"end":9,"url":null,"entity_id":"Q8646","candidates":[]}],[{"start":0,"end":26,"url":null,"entity_id":"Q148","candidates":[]}]],[[{"start":0,"end":9,"url":null,"entity_id":"Q2113972","candidates":[]}],[],[{"start":0,"end":13,"url":null,"entity_id":"Q1101","candidates":[]}],[{"start":0,"end":11,"url":null,"entity_id":"Q55","candidates":[]}]],[[{"start":0,"end":19,"url":null,"entity_id":"Q2113974","candidates":[]}],[],[{"start":0,"end":7,"url":null,"entity_id":"Q1093","candidates":[]}],[{"start":0,"end":11,"url":null,"entity_id":"Q55","candidates":[]}]],[[{"start":0,"end":20,"url":null,"entity_id":"Q2113980","candidates":[]}],[],[{"start":0,"end":10,"url":null,"entity_id":"Q775","candidates":[]}],[{"start":0,"end":11,"url":null,"entity_id":"Q55","candidates":[]}]],[[{"start":0,"end":19,"url":null,"entity_id":"Q2113982","candidates":[]}],[],[{"start":0,"end":7,"url":null,"entity_id":"Q772","candidates":[]}],[{"start":0,"end":11,"url":null,"entity_id":"Q55","candidates":[]}]],[[{"start":0,"end":20,"url":null,"entity_id":"Q2092837","candidates":[]}],[],[{"start":0,"end":9,"url":null,"entity_id":"Q752","candidates":[]}],[{"start":0,"end":11,"url":null,"entity_id":"Q55","candidates":[]}]],[[{"start":0,"end":13,"url":null,"entity_id":"Q11074152","candidates":[]}],[],[{"start":0,"end":17,"url":null,"entity_id":"Q394701","candidates":[]}],[{"start":0,"end":26,"url":null,"entity_id":"Q148","candidates":[]}]]]}