{"version":"1.2","table":{"version":"2","table_id":"QOM4K3W0","columns":[{"index":0,"name":"col0","values":["A Rigueira, Xove","Piño","Santiago de Mondoñedo","A Cabana, Ferrol","A Pinza","Traba","Seavia","Lestedo, Boqueixón","Campolongo","Isorna","Carcacía","Nemenzo, Santiago de Compostela","Aríns, Santiago de Compostela","O Freixo de Sabardes","Goián","Castiñeiras, Ribeira","Asados","Figueiras, Santiago de Compostela","A Pobra do Brollón","Gondomar"]},{"index":1,"name":"col1","values":["Xove","A Pobra do Brollón","Mondoñedo","Ferrol","Sarria","Laxe","Coristanco","Boqueixón","Negreira","Rianxo","Padrón","Santiago de Compostela","Santiago de Compostela","Galicia","Tomiño","Ribeira","Rianxo","Santiago de Compostela","A Pobra do Brollón","Gondomar"]},{"index":2,"name":"col2","values":["Spain","Spain","Spain","Spain","Spain","Spain","Spain","Spain","Spain","Spain","Spain","Spain","Spain","Spain","Spain","Spain","Spain","Spain","Spain","Spain"]}]},"context":{"page_title":null,"page_url":null,"page_entity_id":null,"content_hierarchy":[]},"links":[[[{"start":0,"end":4,"url":null,"entity_id":"Q11699563","candidates":[]}],[{"start":0,"end":18,"url":null,"entity_id":"Q920774","candidates":[]}],[{"start":0,"end":5,"url":null,"entity_id":"Q29","candidates":[]}]],[[{"start":0,"end":21,"url":null,"entity_id":"Q11703595","candidates":[]}],[{"start":0,"end":9,"url":null,"entity_id":"Q840362","candidates":[]}],[{"start":0,"end":5,"url":null,"entity_id":"Q29","candidates":[]}]],[[{"start":0,"end":16,"url":null,"entity_id":"Q12380131","candidates":[]}],[{"start":0,"end":6,"url":null,"entity_id":"Q485329","candidates":[]}],[{"start":0,"end":5,"url":null,"entity_id":"Q29","candidates":[]}]],[[{"start":0,"end":7,"url":null,"entity_id":"Q12381623","candidates":[]}],[{"start":0,"end":6,"url":null,"entity_id":"Q174833","candidates":[]}],[{"start":0,"end":5,"url":null,"entity_id":"Q29","candidates":[]}]],[[{"start":0,"end":5,"url":null,"entity_id":"Q10973511","candidates":[]}],[{"start":0,"end":4,"url":null,"entity_id":"Q1620185","candidates":[]}],[{"start":0,"end":5,"url":null,"entity_id":"Q29","candidates":[]}]],[[{"start":0,"end":6,"url":null,"entity_id":"Q10970051","candidates":[]}],[{"start":0,"end":10,"url":null,"entity_id":"Q1369028","candidates":[]}],[{"start":0,"end":5,"url":null,"entity_id":"Q29","candidates":[]}]],[[{"start":0,"end":18,"url":null,"entity_id":"Q10953335","candidates":[]}],[{"start":0,"end":9,"url":null,"entity_id":"Q1369014","candidates":[]}],[{"start":0,"end":5,"url":null,"entity_id":"Q29","candidates":[]}]],[[{"start":0,"end":10,"url":null,"entity_id":"Q10950783","candidates":[]}],[{"start":0,"end":8,"url":null,"entity_id":"Q840787","candidates":[]}],[{"start":0,"end":5,"url":null,"entity_id":"Q29","candidates":[]}]],[[{"start":0,"end":6,"url":null,"entity_id":"Q10950756","candidates":[]}],[{"start":0,"end":6,"url":null,"entity_id":"Q835911","candidates":[]}],[{"start":0,"end":5,"url":null,"entity_id":"Q29","candidates":[]}]],[[{"start":0,"end":8,"url":null,"entity_id":"Q10951463","candidates":[]}],[{"start":0,"end":6,"url":null,"entity_id":"Q500494","candidates":[]}],[{"start":0,"end":5,"url":null,"entity_id":"Q29","candidates":[]}]],[[{"start":0,"end":31,"url":null,"entity_id":"Q10963298","candidates":[]}],[{"start":0,"end":22,"url":null,"entity_id":"Q14314","candidates":[]}],[{"start":0,"end":5,"url":null,"entity_id":"Q29","candidates":[]}]],[[{"start":0,"end":29,"url":null,"entity_id":"Q10958653","candidates":[]}],[{"start":0,"end":22,"url":null,"entity_id":"Q14314","candidates":[]}],[{"start":0,"end":5,"url":null,"entity_id":"Q29","candidates":[]}]],[[{"start":0,"end":20,"url":null,"entity_id":"Q10969796","candidates":[]}],[{"start":0,"end":7,"url":null,"entity_id":"Q3908","candidates":[]}],[{"start":0,"end":5,"url":null,"entity_id":"Q29","candidates":[]}]],[[{"start":0,"end":5,"url":null,"entity_id":"Q11227969","candidates":[]}],[{"start":0,"end":6,"url":null,"entity_id":"Q1628263","candidates":[]}],[{"start":0,"end":5,"url":null,"entity_id":"Q29","candidates":[]}]],[[{"start":0,"end":20,"url":null,"entity_id":"Q11160867","candidates":[]}],[{"start":0,"end":7,"url":null,"entity_id":"Q904130","candidates":[]}],[{"start":0,"end":5,"url":null,"entity_id":"Q29","candidates":[]}]],[[{"start":0,"end":6,"url":null,"entity_id":"Q11174316","candidates":[]}],[{"start":0,"end":6,"url":null,"entity_id":"Q835911","candidates":[]}],[{"start":0,"end":5,"url":null,"entity_id":"Q29","candidates":[]}]],[[{"start":0,"end":33,"url":null,"entity_id":"Q11182963","candidates":[]}],[{"start":0,"end":22,"url":null,"entity_id":"Q14314","candidates":[]}],[{"start":0,"end":5,"url":null,"entity_id":"Q29","candidates":[]}]],[[{"start":0,"end":18,"url":null,"entity_id":"Q12381634","candidates":[]}],[{"start":0,"end":18,"url":null,"entity_id":"Q920774","candidates":[]}],[{"start":0,"end":5,"url":null,"entity_id":"Q29","candidates":[]}]],[[{"start":0,"end":8,"url":null,"entity_id":"Q10740748","candidates":[]}],[{"start":0,"end":8,"url":null,"entity_id":"Q1607596","candidates":[]}],[{"start":0,"end":5,"url":null,"entity_id":"Q29","candidates":[]}]],[[{"start":0,"end":16,"url":null,"entity_id":"Q11687751","candidates":[]}],[{"start":0,"end":4,"url":null,"entity_id":"Q1111013","candidates":[]}],[{"start":0,"end":5,"url":null,"entity_id":"Q29","candidates":[]}]]]}