{"version":"1.2","table":{"version":"2","table_id":"QQLXF019","columns":[{"index":0,"name":"col0","values":["Altar of Cadolzburg","Heller Altar piece","Farm","The Daughters of Catulle Mendès","Darmstadt Madonna","Mpanqui, Jimagua","Chestnut Trees, a Cartoon for a Tiffany Stained-Glass Window","Tilla Durieux","Suspended Power","L'Origine du monde","The Sleepers","Tu m’","Portrait of Andrea Doria as Neptune","Portrait of David Garrick","Rostam sleeping while Rakhsh fights a lion (British Museum 1948,1211,0.23)","Allegory on the 18th Brumaire, or: France saved","The Agnew Clinic","The Emperor Napoleon in His Study at the Tuileries","Twelve Year Old Jesus in the Temple","La Famille"]},{"index":1,"name":"col1","values":["tempera","oil paint","oil paint","oil paint","wood","acrylic paint","cardboard","oil paint","oil paint","oil paint","oil paint","oil paint","oil paint","oil paint","gold","oil paint","oil paint","oil paint","tempera","oil paint"]},{"index":2,"name":"col2","values":["Frederick I, Elector of Brandenburg","Jakob Heller","Amalia of Solms-Braunfels","Catulle Mendès","Jakob Meyer zum Hasen","Birmingham Museum of Art","Siegfried Bing","Paul Cassirer","Fortune","Halil Şerif Paşa","Halil Şerif Paşa","Katherine Sophie Dreier","Paolo Giovio","David Garrick","Ismail I","Tuileries Palace","University of Pennsylvania","Alexander Hamilton, 10th Duke of Hamilton","church building","Paris"]},{"index":3,"name":"col3","values":["Friedrich III of Germany","Maximilian I, Elector of Bavaria","Alexander I of Russia","Catulle Mendès","Jakob Meyer zum Hasen","Birmingham Museum of Art","Siegfried Bing","Paul Cassirer","Dallas Museum of Art","France","Halil Şerif Paşa","Katherine Sophie Dreier","Paolo Giovio","Burghley House","British Museum","Palace of Versailles","University of Pennsylvania","Alexander Hamilton, 10th Duke of Hamilton","Monbijou Palace","municipality of Paris"]}]},"context":{"page_title":null,"page_url":null,"page_entity_id":null,"content_hierarchy":[]},"links":[[[{"start":0,"end":18,"url":null,"entity_id":"Q323141","candidates":[]}],[{"start":0,"end":9,"url":null,"entity_id":"Q296955","candidates":[]}],[{"start":0,"end":12,"url":null,"entity_id":"Q99915","candidates":[]}],[{"start":0,"end":32,"url":null,"entity_id":"Q57206","candidates":[]}]],[[{"start":0,"end":4,"url":null,"entity_id":"Q21725401","candidates":[]}],[{"start":0,"end":9,"url":null,"entity_id":"Q296955","candidates":[]}],[{"start":0,"end":25,"url":null,"entity_id":"Q62511","candidates":[]}],[{"start":0,"end":21,"url":null,"entity_id":"Q15193","candidates":[]}]],[[{"start":0,"end":31,"url":null,"entity_id":"Q728373","candidates":[]}],[{"start":0,"end":9,"url":null,"entity_id":"Q296955","candidates":[]}],[{"start":0,"end":14,"url":null,"entity_id":"Q971215","candidates":[]}],[{"start":0,"end":14,"url":null,"entity_id":"Q971215","candidates":[]}]],[[{"start":0,"end":17,"url":null,"entity_id":"Q455319","candidates":[]}],[{"start":0,"end":4,"url":null,"entity_id":"Q287","candidates":[]}],[{"start":0,"end":21,"url":null,"entity_id":"Q869981","candidates":[]}],[{"start":0,"end":21,"url":null,"entity_id":"Q869981","candidates":[]}]],[[{"start":0,"end":16,"url":null,"entity_id":"Q18569003","candidates":[]}],[{"start":0,"end":13,"url":null,"entity_id":"Q207849","candidates":[]}],[{"start":0,"end":24,"url":null,"entity_id":"Q865736","candidates":[]}],[{"start":0,"end":24,"url":null,"entity_id":"Q865736","candidates":[]}]],[[{"start":0,"end":60,"url":null,"entity_id":"Q18666672","candidates":[]}],[{"start":0,"end":9,"url":null,"entity_id":"Q389782","candidates":[]}],[{"start":0,"end":14,"url":null,"entity_id":"Q66112","candidates":[]}],[{"start":0,"end":14,"url":null,"entity_id":"Q66112","candidates":[]}]],[[{"start":0,"end":13,"url":null,"entity_id":"Q1321055","candidates":[]}],[{"start":0,"end":9,"url":null,"entity_id":"Q296955","candidates":[]}],[{"start":0,"end":13,"url":null,"entity_id":"Q65351","candidates":[]}],[{"start":0,"end":13,"url":null,"entity_id":"Q65351","candidates":[]}]],[[{"start":0,"end":15,"url":null,"entity_id":"Q18618585","candidates":[]}],[{"start":0,"end":9,"url":null,"entity_id":"Q296955","candidates":[]}],[{"start":0,"end":7,"url":null,"entity_id":"Q372989","candidates":[]}],[{"start":0,"end":20,"url":null,"entity_id":"Q745866","candidates":[]}]],[[{"start":0,"end":18,"url":null,"entity_id":"Q334138","candidates":[]}],[{"start":0,"end":9,"url":null,"entity_id":"Q296955","candidates":[]}],[{"start":0,"end":16,"url":null,"entity_id":"Q506933","candidates":[]}],[{"start":0,"end":6,"url":null,"entity_id":"Q142","candidates":[]}]],[[{"start":0,"end":12,"url":null,"entity_id":"Q326503","candidates":[]}],[{"start":0,"end":9,"url":null,"entity_id":"Q296955","candidates":[]}],[{"start":0,"end":16,"url":null,"entity_id":"Q506933","candidates":[]}],[{"start":0,"end":16,"url":null,"entity_id":"Q506933","candidates":[]}]],[[{"start":0,"end":5,"url":null,"entity_id":"Q49181547","candidates":[]}],[{"start":0,"end":9,"url":null,"entity_id":"Q296955","candidates":[]}],[{"start":0,"end":23,"url":null,"entity_id":"Q464044","candidates":[]}],[{"start":0,"end":23,"url":null,"entity_id":"Q464044","candidates":[]}]],[[{"start":0,"end":35,"url":null,"entity_id":"Q493792","candidates":[]}],[{"start":0,"end":9,"url":null,"entity_id":"Q296955","candidates":[]}],[{"start":0,"end":12,"url":null,"entity_id":"Q437543","candidates":[]}],[{"start":0,"end":12,"url":null,"entity_id":"Q437543","candidates":[]}]],[[{"start":0,"end":25,"url":null,"entity_id":"Q860919","candidates":[]}],[{"start":0,"end":9,"url":null,"entity_id":"Q296955","candidates":[]}],[{"start":0,"end":13,"url":null,"entity_id":"Q222390","candidates":[]}],[{"start":0,"end":14,"url":null,"entity_id":"Q1015079","candidates":[]}]],[[{"start":0,"end":74,"url":null,"entity_id":"Q62512815","candidates":[]}],[{"start":0,"end":4,"url":null,"entity_id":"Q897","candidates":[]}],[{"start":0,"end":8,"url":null,"entity_id":"Q214559","candidates":[]}],[{"start":0,"end":14,"url":null,"entity_id":"Q6373","candidates":[]}]],[[{"start":0,"end":47,"url":null,"entity_id":"Q2839021","candidates":[]}],[{"start":0,"end":9,"url":null,"entity_id":"Q296955","candidates":[]}],[{"start":0,"end":16,"url":null,"entity_id":"Q234364","candidates":[]}],[{"start":0,"end":20,"url":null,"entity_id":"Q2946","candidates":[]}]],[[{"start":0,"end":16,"url":null,"entity_id":"Q2811576","candidates":[]}],[{"start":0,"end":9,"url":null,"entity_id":"Q296955","candidates":[]}],[{"start":0,"end":26,"url":null,"entity_id":"Q49117","candidates":[]}],[{"start":0,"end":26,"url":null,"entity_id":"Q49117","candidates":[]}]],[[{"start":0,"end":50,"url":null,"entity_id":"Q1313605","candidates":[]}],[{"start":0,"end":9,"url":null,"entity_id":"Q296955","candidates":[]}],[{"start":0,"end":41,"url":null,"entity_id":"Q336657","candidates":[]}],[{"start":0,"end":41,"url":null,"entity_id":"Q336657","candidates":[]}]],[[{"start":0,"end":35,"url":null,"entity_id":"Q245231","candidates":[]}],[{"start":0,"end":7,"url":null,"entity_id":"Q175166","candidates":[]}],[{"start":0,"end":15,"url":null,"entity_id":"Q16970","candidates":[]}],[{"start":0,"end":15,"url":null,"entity_id":"Q694382","candidates":[]}]],[[{"start":0,"end":10,"url":null,"entity_id":"Q15921385","candidates":[]}],[{"start":0,"end":9,"url":null,"entity_id":"Q296955","candidates":[]}],[{"start":0,"end":5,"url":null,"entity_id":"Q90","candidates":[]}],[{"start":0,"end":21,"url":null,"entity_id":"Q3278478","candidates":[]}]],[[{"start":0,"end":19,"url":null,"entity_id":"Q23908678","candidates":[]}],[{"start":0,"end":7,"url":null,"entity_id":"Q175166","candidates":[]}],[{"start":0,"end":35,"url":null,"entity_id":"Q61336","candidates":[]}],[{"start":0,"end":24,"url":null,"entity_id":"Q58600","candidates":[]}]]]}