{"version":"1.2","table":{"version":"2","table_id":"QSDTSQIJ","columns":[{"index":0,"name":"col0","values":["QF 1 pounder pom-pom","Nudelman-Suranov NS-37","Gryazev-Shipunov GSh-301","Nudelman-Rikhter NR-30","Nudelman-Rikhter NR-23","Shipunov 2A42","Afanasev Makarov AM-23","Gryazev-Shipunov GSh-6-30","Gryazev-Shipunov GSh-30-2","Gryazev-Shipunov GSh-6-23","DEFA","Hispano-Suiza HS.404","3.7 cm Flak 18/36/37/43","Mauser BK 27","BK 5","Rheinmetall-Borsig MK 101","Rheinmetall-Borsig MK 108","COW 37 mm gun","QF 2-pounder naval gun","M621 cannon"]},{"index":1,"name":"col1","values":["Hiram Stevens Maxim","Alexander Nudelman","KBP Instrument Design Bureau","Alexander Nudelman","Alexander Nudelman","Vasiliy Gryazev","Nikolay Mikhaylovich Afanasyev","Vasiliy Gryazev","Vasiliy Gryazev","Vasiliy Gryazev","Nexter","Marc Birkigt","Rheinmetall AG","Mauser","Rheinmetall AG","Rheinmetall AG","Rheinmetall AG","Coventry Ordnance Works","Vickers-Armstrongs","Nexter"]},{"index":2,"name":"col2","values":["Maxim Nordenfelt Guns and Ammunition Company","Kalashnikov Concern","Kalashnikov Concern","Degtyarev plant","Degtyarev plant","TMZ","TMZ","KBP Instrument Design Bureau","KBP Instrument Design Bureau","KBP Instrument Design Bureau","Matra","Hispano-Suiza","Rheinmetall AG","Rheinmetall AG","Rheinmetall AG","Rheinmetall AG","Rheinmetall AG","Coventry Ordnance Works","Vickers-Armstrongs","Nexter"]},{"index":3,"name":"col3","values":["United Kingdom of Great Britain and Ireland","Soviet Union","Soviet Union","Soviet Union","Soviet Union","Soviet Union","Soviet Union","Soviet Union","Soviet Union","Soviet Union","France","United States of America","Nazi Germany","Germany","Germany","Germany","Germany","United Kingdom","United Kingdom","France"]}]},"context":{"page_title":null,"page_url":null,"page_entity_id":null,"content_hierarchy":[]},"links":[[[{"start":0,"end":22,"url":null,"entity_id":"Q219606","candidates":[]}],[{"start":0,"end":18,"url":null,"entity_id":"Q2543872","candidates":[]}],[{"start":0,"end":19,"url":null,"entity_id":"Q7427495","candidates":[]}],[{"start":0,"end":12,"url":null,"entity_id":"Q15180","candidates":[]}]],[[{"start":0,"end":24,"url":null,"entity_id":"Q195437","candidates":[]}],[{"start":0,"end":28,"url":null,"entity_id":"Q1783007","candidates":[]}],[{"start":0,"end":19,"url":null,"entity_id":"Q7427495","candidates":[]}],[{"start":0,"end":12,"url":null,"entity_id":"Q15180","candidates":[]}]],[[{"start":0,"end":22,"url":null,"entity_id":"Q1184830","candidates":[]}],[{"start":0,"end":18,"url":null,"entity_id":"Q2543872","candidates":[]}],[{"start":0,"end":15,"url":null,"entity_id":"Q2439883","candidates":[]}],[{"start":0,"end":12,"url":null,"entity_id":"Q15180","candidates":[]}]],[[{"start":0,"end":22,"url":null,"entity_id":"Q902952","candidates":[]}],[{"start":0,"end":18,"url":null,"entity_id":"Q2543872","candidates":[]}],[{"start":0,"end":15,"url":null,"entity_id":"Q2439883","candidates":[]}],[{"start":0,"end":12,"url":null,"entity_id":"Q15180","candidates":[]}]],[[{"start":0,"end":13,"url":null,"entity_id":"Q937772","candidates":[]}],[{"start":0,"end":15,"url":null,"entity_id":"Q4151079","candidates":[]}],[{"start":0,"end":3,"url":null,"entity_id":"Q2116128","candidates":[]}],[{"start":0,"end":12,"url":null,"entity_id":"Q15180","candidates":[]}]],[[{"start":0,"end":22,"url":null,"entity_id":"Q382034","candidates":[]}],[{"start":0,"end":30,"url":null,"entity_id":"Q1974981","candidates":[]}],[{"start":0,"end":3,"url":null,"entity_id":"Q2116128","candidates":[]}],[{"start":0,"end":12,"url":null,"entity_id":"Q15180","candidates":[]}]],[[{"start":0,"end":25,"url":null,"entity_id":"Q1547163","candidates":[]}],[{"start":0,"end":15,"url":null,"entity_id":"Q4151079","candidates":[]}],[{"start":0,"end":28,"url":null,"entity_id":"Q1783007","candidates":[]}],[{"start":0,"end":12,"url":null,"entity_id":"Q15180","candidates":[]}]],[[{"start":0,"end":25,"url":null,"entity_id":"Q1547154","candidates":[]}],[{"start":0,"end":15,"url":null,"entity_id":"Q4151079","candidates":[]}],[{"start":0,"end":28,"url":null,"entity_id":"Q1783007","candidates":[]}],[{"start":0,"end":12,"url":null,"entity_id":"Q15180","candidates":[]}]],[[{"start":0,"end":25,"url":null,"entity_id":"Q195415","candidates":[]}],[{"start":0,"end":15,"url":null,"entity_id":"Q4151079","candidates":[]}],[{"start":0,"end":28,"url":null,"entity_id":"Q1783007","candidates":[]}],[{"start":0,"end":12,"url":null,"entity_id":"Q15180","candidates":[]}]],[[{"start":0,"end":4,"url":null,"entity_id":"Q1152952","candidates":[]}],[{"start":0,"end":6,"url":null,"entity_id":"Q571665","candidates":[]}],[{"start":0,"end":5,"url":null,"entity_id":"Q35982","candidates":[]}],[{"start":0,"end":6,"url":null,"entity_id":"Q142","candidates":[]}]],[[{"start":0,"end":20,"url":null,"entity_id":"Q1620698","candidates":[]}],[{"start":0,"end":12,"url":null,"entity_id":"Q117180","candidates":[]}],[{"start":0,"end":13,"url":null,"entity_id":"Q29068","candidates":[]}],[{"start":0,"end":24,"url":null,"entity_id":"Q30","candidates":[]}]],[[{"start":0,"end":23,"url":null,"entity_id":"Q694878","candidates":[]}],[{"start":0,"end":14,"url":null,"entity_id":"Q161544","candidates":[]}],[{"start":0,"end":14,"url":null,"entity_id":"Q161544","candidates":[]}],[{"start":0,"end":12,"url":null,"entity_id":"Q7318","candidates":[]}]],[[{"start":0,"end":12,"url":null,"entity_id":"Q834801","candidates":[]}],[{"start":0,"end":6,"url":null,"entity_id":"Q166203","candidates":[]}],[{"start":0,"end":14,"url":null,"entity_id":"Q161544","candidates":[]}],[{"start":0,"end":7,"url":null,"entity_id":"Q183","candidates":[]}]],[[{"start":0,"end":4,"url":null,"entity_id":"Q4835806","candidates":[]}],[{"start":0,"end":14,"url":null,"entity_id":"Q161544","candidates":[]}],[{"start":0,"end":14,"url":null,"entity_id":"Q161544","candidates":[]}],[{"start":0,"end":7,"url":null,"entity_id":"Q183","candidates":[]}]],[[{"start":0,"end":25,"url":null,"entity_id":"Q4382022","candidates":[]}],[{"start":0,"end":14,"url":null,"entity_id":"Q161544","candidates":[]}],[{"start":0,"end":14,"url":null,"entity_id":"Q161544","candidates":[]}],[{"start":0,"end":7,"url":null,"entity_id":"Q183","candidates":[]}]],[[{"start":0,"end":25,"url":null,"entity_id":"Q689213","candidates":[]}],[{"start":0,"end":14,"url":null,"entity_id":"Q161544","candidates":[]}],[{"start":0,"end":14,"url":null,"entity_id":"Q161544","candidates":[]}],[{"start":0,"end":7,"url":null,"entity_id":"Q183","candidates":[]}]],[[{"start":0,"end":13,"url":null,"entity_id":"Q2936447","candidates":[]}],[{"start":0,"end":23,"url":null,"entity_id":"Q5179106","candidates":[]}],[{"start":0,"end":23,"url":null,"entity_id":"Q5179106","candidates":[]}],[{"start":0,"end":14,"url":null,"entity_id":"Q145","candidates":[]}]],[[{"start":0,"end":22,"url":null,"entity_id":"Q2297890","candidates":[]}],[{"start":0,"end":18,"url":null,"entity_id":"Q763052","candidates":[]}],[{"start":0,"end":18,"url":null,"entity_id":"Q763052","candidates":[]}],[{"start":0,"end":14,"url":null,"entity_id":"Q145","candidates":[]}]],[[{"start":0,"end":11,"url":null,"entity_id":"Q3272564","candidates":[]}],[{"start":0,"end":6,"url":null,"entity_id":"Q571665","candidates":[]}],[{"start":0,"end":6,"url":null,"entity_id":"Q571665","candidates":[]}],[{"start":0,"end":6,"url":null,"entity_id":"Q142","candidates":[]}]],[[{"start":0,"end":20,"url":null,"entity_id":"Q5958882","candidates":[]}],[{"start":0,"end":19,"url":null,"entity_id":"Q315601","candidates":[]}],[{"start":0,"end":44,"url":null,"entity_id":"Q6795609","candidates":[]}],[{"start":0,"end":43,"url":null,"entity_id":"Q174193","candidates":[]}]]]}