{"version":"1.2","table":{"version":"2","table_id":"QVATQNCO","columns":[{"index":0,"name":"col0","values":["Bago","Marawi","Kidapawan","Calbayog","Koronadal","Dipolog","Toledo","Talisay","Naga","Carcar","Mati","Ozamiz","Vigan","Candon","El Salvador","Guihulngan","Masbate City","Sorsogon City","Tacurong","Tandag","Calapan","Tayabas","Santa Rosa","San Pablo","Calamba","Biñan","San Pedro","Trece Martires","Tagaytay","Imus","Dasmariñas","Bacoor","General Trias","Santo Tomas","San Fernando","Mabalacat","San Jose","Palayan","Muñoz","Gapan","Cabanatuan","Santiago","Ilagan","Cauayan","Urdaneta","San Carlos","Alaminos","San Fernando","Laoag","Batac","Tabuk","Cabuyao","Tarlac City"]},{"index":1,"name":"col1","values":["170981","201785","140195","183851","174942","130759","170335","227645","115750","119664","141141","141828","53879","60623","50204","95969","95389","168110","98316","56364","133893","99779","353767","266068","454486","333028","325809","155713","71181","403785","659019","600609","314303","179844","306659","250799","139738","41041","81483","110303","302231","134830","145568","129523","132940","188571","89708","121812","111125","55201","110642","308745","342493"]},{"index":2,"name":"col2","values":["708730573.12","499311173.72","721853788.93","1024080886.53","720036615.06","707511223.76","1018371490.39","566367767.9","463120652.25","459824796.59","554365581.78","654453854.29","389645888.59","747578009.4","325840292.15","556025049.36","469166590.6","635602765.08","499311173.72","466592887.18","629630663.37","488476468.48","2302416040.75","933220870.43","2688995343.67","1530342881.53","979746719.97","549330427.39","927597281.8","1261742088.49","1874816420.91","1454341216.11","1262794892.27","539745100.48","1257212186.61","1117424108.7","612307838.61","294775353.8","426116290.51","481188389.06","1500358316.23","1285450458.16","1220169017.17","725724086.1","772424796.76","606804968.75","477774464.01","681363863.32","636971584.19","578725718.13","778971527.59","1310223389.5","1173725497.74"]},{"index":3,"name":"col3","values":["401.2","87.55","358.47","880.74","277","241.13","216.28","39.87","101.97","116.78","588.63","169.95","25.12","103.28","106.15","388.56","188","276.11","153.4","291.73","250.06","230.95","54.84","197.56","149.5","43.5","24.05","39.1","65","64.7","90.13","46.17","81.46","95.41","67.74","83.18","185.99","101.4","163.05","118","192.29","255.5","1166.26","336.4","100.26","169.03","164.26","102.72","116.08","161.06","700.25","43.4","274.66"]}]},"context":{"page_title":null,"page_url":null,"page_entity_id":null,"content_hierarchy":[]},"links":[[[{"start":0,"end":6,"url":null,"entity_id":"Q592338","candidates":[]}],[],[],[]],[[{"start":0,"end":9,"url":null,"entity_id":"Q583137","candidates":[]}],[],[],[]],[[{"start":0,"end":8,"url":null,"entity_id":"Q577336","candidates":[]}],[],[],[]],[[{"start":0,"end":9,"url":null,"entity_id":"Q542154","candidates":[]}],[],[],[]],[[{"start":0,"end":7,"url":null,"entity_id":"Q432169","candidates":[]}],[],[],[]],[[{"start":0,"end":6,"url":null,"entity_id":"Q316527","candidates":[]}],[],[],[]],[[{"start":0,"end":7,"url":null,"entity_id":"Q316500","candidates":[]}],[],[],[]],[[{"start":0,"end":4,"url":null,"entity_id":"Q316197","candidates":[]}],[],[],[]],[[{"start":0,"end":6,"url":null,"entity_id":"Q315851","candidates":[]}],[],[],[]],[[{"start":0,"end":4,"url":null,"entity_id":"Q314686","candidates":[]}],[],[],[]],[[{"start":0,"end":6,"url":null,"entity_id":"Q263837","candidates":[]}],[],[],[]],[[{"start":0,"end":5,"url":null,"entity_id":"Q235004","candidates":[]}],[],[],[]],[[{"start":0,"end":6,"url":null,"entity_id":"Q205956","candidates":[]}],[],[],[]],[[{"start":0,"end":11,"url":null,"entity_id":"Q195686","candidates":[]}],[],[],[]],[[{"start":0,"end":10,"url":null,"entity_id":"Q195197","candidates":[]}],[],[],[]],[[{"start":0,"end":12,"url":null,"entity_id":"Q191651","candidates":[]}],[],[],[]],[[{"start":0,"end":13,"url":null,"entity_id":"Q174096","candidates":[]}],[],[],[]],[[{"start":0,"end":8,"url":null,"entity_id":"Q173575","candidates":[]}],[],[],[]],[[{"start":0,"end":6,"url":null,"entity_id":"Q155674","candidates":[]}],[],[],[]],[[{"start":0,"end":7,"url":null,"entity_id":"Q107624","candidates":[]}],[],[],[]],[[{"start":0,"end":7,"url":null,"entity_id":"Q104113","candidates":[]}],[],[],[]],[[{"start":0,"end":10,"url":null,"entity_id":"Q76010","candidates":[]}],[],[],[]],[[{"start":0,"end":9,"url":null,"entity_id":"Q76001","candidates":[]}],[],[],[]],[[{"start":0,"end":7,"url":null,"entity_id":"Q75978","candidates":[]}],[],[],[]],[[{"start":0,"end":5,"url":null,"entity_id":"Q75961","candidates":[]}],[],[],[]],[[{"start":0,"end":9,"url":null,"entity_id":"Q75933","candidates":[]}],[],[],[]],[[{"start":0,"end":14,"url":null,"entity_id":"Q63160","candidates":[]}],[],[],[]],[[{"start":0,"end":8,"url":null,"entity_id":"Q63154","candidates":[]}],[],[],[]],[[{"start":0,"end":4,"url":null,"entity_id":"Q63145","candidates":[]}],[],[],[]],[[{"start":0,"end":10,"url":null,"entity_id":"Q63139","candidates":[]}],[],[],[]],[[{"start":0,"end":6,"url":null,"entity_id":"Q63129","candidates":[]}],[],[],[]],[[{"start":0,"end":13,"url":null,"entity_id":"Q62723","candidates":[]}],[],[],[]],[[{"start":0,"end":11,"url":null,"entity_id":"Q59799","candidates":[]}],[],[],[]],[[{"start":0,"end":12,"url":null,"entity_id":"Q55740","candidates":[]}],[],[],[]],[[{"start":0,"end":9,"url":null,"entity_id":"Q55737","candidates":[]}],[],[],[]],[[{"start":0,"end":8,"url":null,"entity_id":"Q55599","candidates":[]}],[],[],[]],[[{"start":0,"end":7,"url":null,"entity_id":"Q55598","candidates":[]}],[],[],[]],[[{"start":0,"end":5,"url":null,"entity_id":"Q55597","candidates":[]}],[],[],[]],[[{"start":0,"end":5,"url":null,"entity_id":"Q55596","candidates":[]}],[],[],[]],[[{"start":0,"end":10,"url":null,"entity_id":"Q55595","candidates":[]}],[],[],[]],[[{"start":0,"end":8,"url":null,"entity_id":"Q50180","candidates":[]}],[],[],[]],[[{"start":0,"end":6,"url":null,"entity_id":"Q50179","candidates":[]}],[],[],[]],[[{"start":0,"end":7,"url":null,"entity_id":"Q50178","candidates":[]}],[],[],[]],[[{"start":0,"end":8,"url":null,"entity_id":"Q43168","candidates":[]}],[],[],[]],[[{"start":0,"end":10,"url":null,"entity_id":"Q43165","candidates":[]}],[],[],[]],[[{"start":0,"end":8,"url":null,"entity_id":"Q43162","candidates":[]}],[],[],[]],[[{"start":0,"end":12,"url":null,"entity_id":"Q40584","candidates":[]}],[],[],[]],[[{"start":0,"end":5,"url":null,"entity_id":"Q39738","candidates":[]}],[],[],[]],[[{"start":0,"end":5,"url":null,"entity_id":"Q39711","candidates":[]}],[],[],[]],[[{"start":0,"end":5,"url":null,"entity_id":"Q35925","candidates":[]}],[],[],[]],[[{"start":0,"end":7,"url":null,"entity_id":"Q25096","candidates":[]}],[],[],[]],[[{"start":0,"end":11,"url":null,"entity_id":"Q5285","candidates":[]}],[],[],[]],[[{"start":0,"end":4,"url":null,"entity_id":"Q628297","candidates":[]}],[],[],[]]]}