{"version":"1.2","table":{"version":"2","table_id":"QWR1W0VN","columns":[{"index":0,"name":"col0","values":["The Sorcerer's Aprentice","The Pradtical Pi","Peer and the Wolf","Babes in the\"Woods","Elmer Elephapt","The Moth and the Flme","Micey's Rival","The obber Kitten","The Flylng Mouse","The Grsshopper and the Ants","Johnny Apleseed","Adjusment","Te Thief","Rhapsody in Bmue","Night on Bald Mountain/ve Maria","Th Pied Piper","Three!Blind Mouseketeers","Pculiar Penguins","The Night Eefore Christmas","The Ornament ofthe Enamoured Heart"]},{"index":1,"name":"col1","values":["Al Dempster","Ferdinand Horvath","Martin Provensen","Albert Hurter","Ferdinand Horvath","Ferdinand Horvath","Ferdinand Horvath","Ferdinand Horvath","Albert Hurter","Albert Hurter","McLaren Stewart","Ian Mackinnon","Nikolay Voinov","Al Hirschfeld","Edward H. Plumb","Albert Hurter","Albert Hurter","Albert Hurter","Albert Hurter","Berthold Bartosch"]},{"index":2,"name":"col2","values":["Percival C. Pearce","Dick Rickard","Dick Huemer","Ted Sears","Bianca Majolie","William Cottrell","William Cottrell","William Cottrell","William Cottrell","William Cottrell","Winston Hibler","Ian Mackinnon","Béla Balázs","Eric Goldberg","Campbell Grant","Ted Sears","Merrill De Maris","William Cottrell","William Cottrell","Lotte Reiniger"]},{"index":3,"name":"col3","values":["Walt Disney Pictures","Walt Disney Pictures","Walt Disney Pictures","The Walt Disney Company","The Walt Disney Company","The Walt Disney Company","The Walt Disney Company","The Walt Disney Company","The Walt Disney Company","The Walt Disney Company","Walt Disney Pictures","Royal College of Art","Mosfilm","The Walt Disney Company","Walt Disney Pictures","The Walt Disney Company","The Walt Disney Company","The Walt Disney Company","The Walt Disney Company","Institute for Cultural Discovery"]}]},"context":{"page_title":null,"page_url":null,"page_entity_id":null,"content_hierarchy":[]},"links":[[[{"start":0,"end":16,"url":null,"entity_id":"Q3221530","candidates":[]}],[{"start":0,"end":17,"url":null,"entity_id":"Q3068580","candidates":[]}],[{"start":0,"end":12,"url":null,"entity_id":"Q3026620","candidates":[]}],[{"start":0,"end":20,"url":null,"entity_id":"Q191224","candidates":[]}]],[[{"start":0,"end":17,"url":null,"entity_id":"Q3387812","candidates":[]}],[{"start":0,"end":16,"url":null,"entity_id":"Q18932364","candidates":[]}],[{"start":0,"end":11,"url":null,"entity_id":"Q693256","candidates":[]}],[{"start":0,"end":20,"url":null,"entity_id":"Q191224","candidates":[]}]],[[{"start":0,"end":18,"url":null,"entity_id":"Q3232360","candidates":[]}],[{"start":0,"end":13,"url":null,"entity_id":"Q2831248","candidates":[]}],[{"start":0,"end":9,"url":null,"entity_id":"Q3517047","candidates":[]}],[{"start":0,"end":23,"url":null,"entity_id":"Q7414","candidates":[]}]],[[{"start":0,"end":14,"url":null,"entity_id":"Q3051577","candidates":[]}],[{"start":0,"end":17,"url":null,"entity_id":"Q3068580","candidates":[]}],[{"start":0,"end":14,"url":null,"entity_id":"Q2900817","candidates":[]}],[{"start":0,"end":23,"url":null,"entity_id":"Q7414","candidates":[]}]],[[{"start":0,"end":21,"url":null,"entity_id":"Q3325134","candidates":[]}],[{"start":0,"end":17,"url":null,"entity_id":"Q3068580","candidates":[]}],[{"start":0,"end":16,"url":null,"entity_id":"Q1758110","candidates":[]}],[{"start":0,"end":23,"url":null,"entity_id":"Q7414","candidates":[]}]],[[{"start":0,"end":13,"url":null,"entity_id":"Q3226490","candidates":[]}],[{"start":0,"end":17,"url":null,"entity_id":"Q3068580","candidates":[]}],[{"start":0,"end":16,"url":null,"entity_id":"Q1758110","candidates":[]}],[{"start":0,"end":23,"url":null,"entity_id":"Q7414","candidates":[]}]],[[{"start":0,"end":16,"url":null,"entity_id":"Q3225424","candidates":[]}],[{"start":0,"end":17,"url":null,"entity_id":"Q3068580","candidates":[]}],[{"start":0,"end":16,"url":null,"entity_id":"Q1758110","candidates":[]}],[{"start":0,"end":23,"url":null,"entity_id":"Q7414","candidates":[]}]],[[{"start":0,"end":16,"url":null,"entity_id":"Q3212947","candidates":[]}],[{"start":0,"end":13,"url":null,"entity_id":"Q2831248","candidates":[]}],[{"start":0,"end":16,"url":null,"entity_id":"Q1758110","candidates":[]}],[{"start":0,"end":23,"url":null,"entity_id":"Q7414","candidates":[]}]],[[{"start":0,"end":27,"url":null,"entity_id":"Q3207422","candidates":[]}],[{"start":0,"end":13,"url":null,"entity_id":"Q2831248","candidates":[]}],[{"start":0,"end":16,"url":null,"entity_id":"Q1758110","candidates":[]}],[{"start":0,"end":23,"url":null,"entity_id":"Q7414","candidates":[]}]],[[{"start":0,"end":15,"url":null,"entity_id":"Q6266245","candidates":[]}],[{"start":0,"end":15,"url":null,"entity_id":"Q3303696","candidates":[]}],[{"start":0,"end":14,"url":null,"entity_id":"Q550101","candidates":[]}],[{"start":0,"end":20,"url":null,"entity_id":"Q191224","candidates":[]}]],[[{"start":0,"end":9,"url":null,"entity_id":"Q80571261","candidates":[]}],[{"start":0,"end":13,"url":null,"entity_id":"Q80570754","candidates":[]}],[{"start":0,"end":13,"url":null,"entity_id":"Q80570754","candidates":[]}],[{"start":0,"end":20,"url":null,"entity_id":"Q1753535","candidates":[]}]],[[{"start":0,"end":8,"url":null,"entity_id":"Q75616080","candidates":[]}],[{"start":0,"end":14,"url":null,"entity_id":"Q15065041","candidates":[]}],[{"start":0,"end":11,"url":null,"entity_id":"Q469963","candidates":[]}],[{"start":0,"end":7,"url":null,"entity_id":"Q141336","candidates":[]}]],[[{"start":0,"end":16,"url":null,"entity_id":"Q28162258","candidates":[]}],[{"start":0,"end":13,"url":null,"entity_id":"Q1532260","candidates":[]}],[{"start":0,"end":13,"url":null,"entity_id":"Q5386593","candidates":[]}],[{"start":0,"end":23,"url":null,"entity_id":"Q7414","candidates":[]}]],[[{"start":0,"end":31,"url":null,"entity_id":"Q3549661","candidates":[]}],[{"start":0,"end":15,"url":null,"entity_id":"Q464028","candidates":[]}],[{"start":0,"end":14,"url":null,"entity_id":"Q2935481","candidates":[]}],[{"start":0,"end":20,"url":null,"entity_id":"Q191224","candidates":[]}]],[[{"start":0,"end":13,"url":null,"entity_id":"Q3522236","candidates":[]}],[{"start":0,"end":13,"url":null,"entity_id":"Q2831248","candidates":[]}],[{"start":0,"end":9,"url":null,"entity_id":"Q3517047","candidates":[]}],[{"start":0,"end":23,"url":null,"entity_id":"Q7414","candidates":[]}]],[[{"start":0,"end":24,"url":null,"entity_id":"Q3525927","candidates":[]}],[{"start":0,"end":13,"url":null,"entity_id":"Q2831248","candidates":[]}],[{"start":0,"end":16,"url":null,"entity_id":"Q3306605","candidates":[]}],[{"start":0,"end":23,"url":null,"entity_id":"Q7414","candidates":[]}]],[[{"start":0,"end":16,"url":null,"entity_id":"Q3905203","candidates":[]}],[{"start":0,"end":13,"url":null,"entity_id":"Q2831248","candidates":[]}],[{"start":0,"end":16,"url":null,"entity_id":"Q1758110","candidates":[]}],[{"start":0,"end":23,"url":null,"entity_id":"Q7414","candidates":[]}]],[[{"start":0,"end":26,"url":null,"entity_id":"Q3522022","candidates":[]}],[{"start":0,"end":13,"url":null,"entity_id":"Q2831248","candidates":[]}],[{"start":0,"end":16,"url":null,"entity_id":"Q1758110","candidates":[]}],[{"start":0,"end":23,"url":null,"entity_id":"Q7414","candidates":[]}]],[[{"start":0,"end":34,"url":null,"entity_id":"Q64759922","candidates":[]}],[{"start":0,"end":17,"url":null,"entity_id":"Q73153","candidates":[]}],[{"start":0,"end":14,"url":null,"entity_id":"Q444011","candidates":[]}],[{"start":0,"end":32,"url":null,"entity_id":"Q64759754","candidates":[]}]],[[{"start":0,"end":24,"url":null,"entity_id":"Q3202209","candidates":[]}],[{"start":0,"end":11,"url":null,"entity_id":"Q2829319","candidates":[]}],[{"start":0,"end":18,"url":null,"entity_id":"Q3375098","candidates":[]}],[{"start":0,"end":20,"url":null,"entity_id":"Q191224","candidates":[]}]]]}