{"version":"1.2","table":{"version":"2","table_id":"QXSY3MWO","columns":[{"index":0,"name":"col0","values":["French Martini","Espresso Martini","Between the Sheets","champagne cocktail","Bacardi","daiquiri","piña colada","Bellini","Aviation","Monkey Gland","Tequila Sunrise","Grasshopper","Black Russian","Long Island Iced Tea","Sex on the Beach","sidecar","Sazerac","French 75","Angel Face","Clover Club Cocktail"]},{"index":1,"name":"col1","values":["vodka","vodka","cognac","cognac","cocktail glass","cocktail glass","maraschino cherry","Prosecco","gin","absinthe","tequila","cream","vodka","vodka","vodka","cognac","cognac","Champagne","gin","egg white"]},{"index":2,"name":"col2","values":["cocktail","cocktail","cocktail","cocktail","cocktail","cocktail","cocktail","cocktail","cocktail","cocktail","cocktail","cocktail","cocktail","cocktail","cocktail","cocktail","cocktail","sparkling cocktail","mixed drink","cocktail"]}]},"context":{"page_title":null,"page_url":null,"page_entity_id":null,"content_hierarchy":[]},"links":[[[{"start":0,"end":16,"url":null,"entity_id":"Q19904106","candidates":[]}],[{"start":0,"end":5,"url":null,"entity_id":"Q374","candidates":[]}],[{"start":0,"end":8,"url":null,"entity_id":"Q134768","candidates":[]}]],[[{"start":0,"end":18,"url":null,"entity_id":"Q19757757","candidates":[]}],[{"start":0,"end":6,"url":null,"entity_id":"Q284","candidates":[]}],[{"start":0,"end":8,"url":null,"entity_id":"Q134768","candidates":[]}]],[[{"start":0,"end":18,"url":null,"entity_id":"Q5069899","candidates":[]}],[{"start":0,"end":6,"url":null,"entity_id":"Q284","candidates":[]}],[{"start":0,"end":8,"url":null,"entity_id":"Q134768","candidates":[]}]],[[{"start":0,"end":7,"url":null,"entity_id":"Q1150849","candidates":[]}],[{"start":0,"end":14,"url":null,"entity_id":"Q1105343","candidates":[]}],[{"start":0,"end":8,"url":null,"entity_id":"Q134768","candidates":[]}]],[[{"start":0,"end":8,"url":null,"entity_id":"Q917361","candidates":[]}],[{"start":0,"end":14,"url":null,"entity_id":"Q1105343","candidates":[]}],[{"start":0,"end":8,"url":null,"entity_id":"Q134768","candidates":[]}]],[[{"start":0,"end":11,"url":null,"entity_id":"Q745886","candidates":[]}],[{"start":0,"end":17,"url":null,"entity_id":"Q1078150","candidates":[]}],[{"start":0,"end":8,"url":null,"entity_id":"Q134768","candidates":[]}]],[[{"start":0,"end":7,"url":null,"entity_id":"Q815994","candidates":[]}],[{"start":0,"end":8,"url":null,"entity_id":"Q1069954","candidates":[]}],[{"start":0,"end":8,"url":null,"entity_id":"Q134768","candidates":[]}]],[[{"start":0,"end":8,"url":null,"entity_id":"Q790813","candidates":[]}],[{"start":0,"end":3,"url":null,"entity_id":"Q959362","candidates":[]}],[{"start":0,"end":8,"url":null,"entity_id":"Q134768","candidates":[]}]],[[{"start":0,"end":12,"url":null,"entity_id":"Q745306","candidates":[]}],[{"start":0,"end":8,"url":null,"entity_id":"Q170210","candidates":[]}],[{"start":0,"end":8,"url":null,"entity_id":"Q134768","candidates":[]}]],[[{"start":0,"end":15,"url":null,"entity_id":"Q1163791","candidates":[]}],[{"start":0,"end":7,"url":null,"entity_id":"Q122195","candidates":[]}],[{"start":0,"end":8,"url":null,"entity_id":"Q134768","candidates":[]}]],[[{"start":0,"end":11,"url":null,"entity_id":"Q1203995","candidates":[]}],[{"start":0,"end":5,"url":null,"entity_id":"Q13228","candidates":[]}],[{"start":0,"end":8,"url":null,"entity_id":"Q134768","candidates":[]}]],[[{"start":0,"end":13,"url":null,"entity_id":"Q1071506","candidates":[]}],[{"start":0,"end":5,"url":null,"entity_id":"Q374","candidates":[]}],[{"start":0,"end":8,"url":null,"entity_id":"Q134768","candidates":[]}]],[[{"start":0,"end":20,"url":null,"entity_id":"Q1052769","candidates":[]}],[{"start":0,"end":5,"url":null,"entity_id":"Q374","candidates":[]}],[{"start":0,"end":8,"url":null,"entity_id":"Q134768","candidates":[]}]],[[{"start":0,"end":16,"url":null,"entity_id":"Q877615","candidates":[]}],[{"start":0,"end":5,"url":null,"entity_id":"Q374","candidates":[]}],[{"start":0,"end":8,"url":null,"entity_id":"Q134768","candidates":[]}]],[[{"start":0,"end":7,"url":null,"entity_id":"Q1134797","candidates":[]}],[{"start":0,"end":6,"url":null,"entity_id":"Q284","candidates":[]}],[{"start":0,"end":8,"url":null,"entity_id":"Q134768","candidates":[]}]],[[{"start":0,"end":7,"url":null,"entity_id":"Q921623","candidates":[]}],[{"start":0,"end":6,"url":null,"entity_id":"Q284","candidates":[]}],[{"start":0,"end":8,"url":null,"entity_id":"Q134768","candidates":[]}]],[[{"start":0,"end":9,"url":null,"entity_id":"Q3753012","candidates":[]}],[{"start":0,"end":9,"url":null,"entity_id":"Q134862","candidates":[]}],[{"start":0,"end":18,"url":null,"entity_id":"Q16607929","candidates":[]}]],[[{"start":0,"end":10,"url":null,"entity_id":"Q3616732","candidates":[]}],[{"start":0,"end":3,"url":null,"entity_id":"Q959362","candidates":[]}],[{"start":0,"end":11,"url":null,"entity_id":"Q3246609","candidates":[]}]],[[{"start":0,"end":20,"url":null,"entity_id":"Q3681226","candidates":[]}],[{"start":0,"end":9,"url":null,"entity_id":"Q796758","candidates":[]}],[{"start":0,"end":8,"url":null,"entity_id":"Q134768","candidates":[]}]],[[{"start":0,"end":14,"url":null,"entity_id":"Q20686986","candidates":[]}],[{"start":0,"end":5,"url":null,"entity_id":"Q374","candidates":[]}],[{"start":0,"end":8,"url":null,"entity_id":"Q134768","candidates":[]}]]]}