{"version":"1.2","table":{"version":"2","table_id":"QYGZW58S","columns":[{"index":0,"name":"col0","values":["Talisker Conservation Park","Cleland Conservation Park","Yumbarra Conservation Park","Pinkawillinie Conservation Park","Nuyts Archipelago Conservation Park","Malgra Conservation Park","Caralue Bluff Conservation Park","Gawler Ranges Conservation Park","Ferries McDonald Conservation Park","Tucknott Scrub Conservation Park","Wanilla Land Settlement Conservation Park","Shannon Conservation Park","Sheoak Hill Conservation Park","Whyalla Conservation Park","The Dutchmans Stern Conservation Park","Talapar Conservation Park","Yeldulknie Conservation Park","Tallaringa Conservation Park","Wharminda Conservation Park","Verran Tanks Conservation Park"]},{"index":1,"name":"col1","values":["1976-01-01","1945-01-01","1968-01-01","1970-01-01","1972-01-01","1988-01-01","1993-01-01","1993-01-01","1938-01-01","2006-01-01","1985-01-01","1993-01-01","1978-01-01","1971-01-01","1987-01-01","1977-01-01","1989-01-01","1991-01-01","1985-01-01","1983-01-01"]},{"index":2,"name":"col2","values":["South Australia","South Australia","South Australia","South Australia","South Australia","District Council of Kimba","South Australia","South Australia","South Australia","South Australia","South Australia","South Australia","South Australia","South Australia","South Australia","South Australia","South Australia","South Australia","South Australia","South Australia"]}]},"context":{"page_title":null,"page_url":null,"page_entity_id":null,"content_hierarchy":[]},"links":[[[{"start":0,"end":25,"url":null,"entity_id":"Q3083320","candidates":[]}],[],[{"start":0,"end":15,"url":null,"entity_id":"Q35715","candidates":[]}]],[[{"start":0,"end":26,"url":null,"entity_id":"Q2601822","candidates":[]}],[],[{"start":0,"end":15,"url":null,"entity_id":"Q35715","candidates":[]}]],[[{"start":0,"end":31,"url":null,"entity_id":"Q2095825","candidates":[]}],[],[{"start":0,"end":15,"url":null,"entity_id":"Q35715","candidates":[]}]],[[{"start":0,"end":35,"url":null,"entity_id":"Q2005778","candidates":[]}],[],[{"start":0,"end":15,"url":null,"entity_id":"Q35715","candidates":[]}]],[[{"start":0,"end":24,"url":null,"entity_id":"Q21932537","candidates":[]}],[],[{"start":0,"end":25,"url":null,"entity_id":"Q967010","candidates":[]}]],[[{"start":0,"end":31,"url":null,"entity_id":"Q28225163","candidates":[]}],[],[{"start":0,"end":15,"url":null,"entity_id":"Q35715","candidates":[]}]],[[{"start":0,"end":31,"url":null,"entity_id":"Q28224013","candidates":[]}],[],[{"start":0,"end":15,"url":null,"entity_id":"Q35715","candidates":[]}]],[[{"start":0,"end":34,"url":null,"entity_id":"Q28223920","candidates":[]}],[],[{"start":0,"end":15,"url":null,"entity_id":"Q35715","candidates":[]}]],[[{"start":0,"end":32,"url":null,"entity_id":"Q21937599","candidates":[]}],[],[{"start":0,"end":15,"url":null,"entity_id":"Q35715","candidates":[]}]],[[{"start":0,"end":41,"url":null,"entity_id":"Q21937598","candidates":[]}],[],[{"start":0,"end":15,"url":null,"entity_id":"Q35715","candidates":[]}]],[[{"start":0,"end":25,"url":null,"entity_id":"Q21937596","candidates":[]}],[],[{"start":0,"end":15,"url":null,"entity_id":"Q35715","candidates":[]}]],[[{"start":0,"end":29,"url":null,"entity_id":"Q21937593","candidates":[]}],[],[{"start":0,"end":15,"url":null,"entity_id":"Q35715","candidates":[]}]],[[{"start":0,"end":25,"url":null,"entity_id":"Q21937582","candidates":[]}],[],[{"start":0,"end":15,"url":null,"entity_id":"Q35715","candidates":[]}]],[[{"start":0,"end":37,"url":null,"entity_id":"Q21937571","candidates":[]}],[],[{"start":0,"end":15,"url":null,"entity_id":"Q35715","candidates":[]}]],[[{"start":0,"end":25,"url":null,"entity_id":"Q21937570","candidates":[]}],[],[{"start":0,"end":15,"url":null,"entity_id":"Q35715","candidates":[]}]],[[{"start":0,"end":28,"url":null,"entity_id":"Q21937566","candidates":[]}],[],[{"start":0,"end":15,"url":null,"entity_id":"Q35715","candidates":[]}]],[[{"start":0,"end":28,"url":null,"entity_id":"Q21937553","candidates":[]}],[],[{"start":0,"end":15,"url":null,"entity_id":"Q35715","candidates":[]}]],[[{"start":0,"end":27,"url":null,"entity_id":"Q21937547","candidates":[]}],[],[{"start":0,"end":15,"url":null,"entity_id":"Q35715","candidates":[]}]],[[{"start":0,"end":30,"url":null,"entity_id":"Q21937532","candidates":[]}],[],[{"start":0,"end":15,"url":null,"entity_id":"Q35715","candidates":[]}]],[[{"start":0,"end":26,"url":null,"entity_id":"Q3083587","candidates":[]}],[],[{"start":0,"end":15,"url":null,"entity_id":"Q35715","candidates":[]}]]]}