{"version":"1.2","table":{"version":"2","table_id":"R3400U7P","columns":[{"index":0,"name":"col0","values":["4 × 200 metres freestyle relay","200 metres butterfly","4 × 100 metres medley relay","4 × 100 metres freestyle relay","800 metre freestyle","50 metres backstroke","50 metres breaststroke","50 metres freestyle","400 metres individual medley","400 metre freestyle","200 metres breaststroke","200 metres freestyle","1500 metre freestyle","100 metres butterfly","100 metres breaststroke","100 metres backstroke","100 metres freestyle","200 metres individual medley","20 kilometres race walk","marathon"]},{"index":1,"name":"col1","values":["800","200","400","400","800","50","50","50","400","400","200","200","1500","100","100","100","100","200","20","42.195"]},{"index":2,"name":"col2","values":["swimmer","swimmer","swimmer","swimmer","swimmer","swimmer","swimmer","swimmer","swimmer","swimmer","swimmer","swimmer","swimmer","swimmer","swimmer","swimmer","swimmer","swimmer","racewalker","marathon runner"]}]},"context":{"page_title":null,"page_url":null,"page_entity_id":null,"content_hierarchy":[]},"links":[[[{"start":0,"end":20,"url":null,"entity_id":"Q11683287","candidates":[]}],[],[{"start":0,"end":7,"url":null,"entity_id":"Q10843402","candidates":[]}]],[[{"start":0,"end":27,"url":null,"entity_id":"Q9352235","candidates":[]}],[],[{"start":0,"end":7,"url":null,"entity_id":"Q10843402","candidates":[]}]],[[{"start":0,"end":30,"url":null,"entity_id":"Q9352234","candidates":[]}],[],[{"start":0,"end":7,"url":null,"entity_id":"Q10843402","candidates":[]}]],[[{"start":0,"end":19,"url":null,"entity_id":"Q9136090","candidates":[]}],[],[{"start":0,"end":7,"url":null,"entity_id":"Q10843402","candidates":[]}]],[[{"start":0,"end":20,"url":null,"entity_id":"Q9134271","candidates":[]}],[],[{"start":0,"end":7,"url":null,"entity_id":"Q10843402","candidates":[]}]],[[{"start":0,"end":22,"url":null,"entity_id":"Q9134268","candidates":[]}],[],[{"start":0,"end":7,"url":null,"entity_id":"Q10843402","candidates":[]}]],[[{"start":0,"end":19,"url":null,"entity_id":"Q9134264","candidates":[]}],[],[{"start":0,"end":7,"url":null,"entity_id":"Q10843402","candidates":[]}]],[[{"start":0,"end":28,"url":null,"entity_id":"Q9133391","candidates":[]}],[],[{"start":0,"end":7,"url":null,"entity_id":"Q10843402","candidates":[]}]],[[{"start":0,"end":19,"url":null,"entity_id":"Q9133390","candidates":[]}],[],[{"start":0,"end":7,"url":null,"entity_id":"Q10843402","candidates":[]}]],[[{"start":0,"end":23,"url":null,"entity_id":"Q9130697","candidates":[]}],[],[{"start":0,"end":7,"url":null,"entity_id":"Q10843402","candidates":[]}]],[[{"start":0,"end":20,"url":null,"entity_id":"Q9130691","candidates":[]}],[],[{"start":0,"end":7,"url":null,"entity_id":"Q10843402","candidates":[]}]],[[{"start":0,"end":20,"url":null,"entity_id":"Q9129064","candidates":[]}],[],[{"start":0,"end":7,"url":null,"entity_id":"Q10843402","candidates":[]}]],[[{"start":0,"end":20,"url":null,"entity_id":"Q9127903","candidates":[]}],[],[{"start":0,"end":7,"url":null,"entity_id":"Q10843402","candidates":[]}]],[[{"start":0,"end":23,"url":null,"entity_id":"Q9127902","candidates":[]}],[],[{"start":0,"end":7,"url":null,"entity_id":"Q10843402","candidates":[]}]],[[{"start":0,"end":21,"url":null,"entity_id":"Q9127901","candidates":[]}],[],[{"start":0,"end":7,"url":null,"entity_id":"Q10843402","candidates":[]}]],[[{"start":0,"end":20,"url":null,"entity_id":"Q5107751","candidates":[]}],[],[{"start":0,"end":7,"url":null,"entity_id":"Q10843402","candidates":[]}]],[[{"start":0,"end":28,"url":null,"entity_id":"Q4616399","candidates":[]}],[],[{"start":0,"end":7,"url":null,"entity_id":"Q10843402","candidates":[]}]],[[{"start":0,"end":23,"url":null,"entity_id":"Q210673","candidates":[]}],[],[{"start":0,"end":10,"url":null,"entity_id":"Q17405793","candidates":[]}]],[[{"start":0,"end":8,"url":null,"entity_id":"Q40244","candidates":[]}],[],[{"start":0,"end":15,"url":null,"entity_id":"Q13382460","candidates":[]}]],[[{"start":0,"end":30,"url":null,"entity_id":"Q11836636","candidates":[]}],[],[{"start":0,"end":7,"url":null,"entity_id":"Q10843402","candidates":[]}]]]}