{"version":"1.2","table":{"version":"2","table_id":"R3TDVH47","columns":[{"index":0,"name":"col0","values":["V509 Per","V435 Car","V377 Cep","V352 Pav","V336 Vel","RX Sex","KW UMa","II Vir","FQ Boo","FG Eri","EP Cnc","EE Cha","CX UMa","CO Lyn","BV Cir","BS Scl","HD 170699","HD 48784","HD 15165","V* V2454 Cyg"]},{"index":1,"name":"col1","values":["45.9864290456811","95.4585811735164","351.086313088","266.7807257098571","151.2576855696601","156.5383359822332","176.7825156864464","182.6132848802124","207.4339815132798","28.9510438203244","130.2345627232079","179.64683196692542","170.9722200463579","122.3702217797877","225.2593181143839","352.1051221397684","277.6715319025119","101.3605714120962","36.6901996773847","320.9429808453025"]},{"index":2,"name":"col2","values":["-8.626","4.18","-21.19","-36.766","3.58","0.13","-42.939","-12.983","-25.933","-1.165","-35.969","-41.286","-58.566","-28.745","-63.712","-27.827","-11.42","-30.646","-13.086","-3.824"]}]},"context":{"page_title":null,"page_url":null,"page_entity_id":null,"content_hierarchy":[]},"links":[[[{"start":0,"end":8,"url":null,"entity_id":"Q66530964","candidates":[]}],[],[]],[[{"start":0,"end":8,"url":null,"entity_id":"Q66530962","candidates":[]}],[],[]],[[{"start":0,"end":8,"url":null,"entity_id":"Q66530960","candidates":[]}],[],[]],[[{"start":0,"end":8,"url":null,"entity_id":"Q66530958","candidates":[]}],[],[]],[[{"start":0,"end":6,"url":null,"entity_id":"Q66530956","candidates":[]}],[],[]],[[{"start":0,"end":6,"url":null,"entity_id":"Q66530954","candidates":[]}],[],[]],[[{"start":0,"end":6,"url":null,"entity_id":"Q66530952","candidates":[]}],[],[]],[[{"start":0,"end":6,"url":null,"entity_id":"Q66530950","candidates":[]}],[],[]],[[{"start":0,"end":6,"url":null,"entity_id":"Q66530948","candidates":[]}],[],[]],[[{"start":0,"end":6,"url":null,"entity_id":"Q66530946","candidates":[]}],[],[]],[[{"start":0,"end":6,"url":null,"entity_id":"Q66530944","candidates":[]}],[],[]],[[{"start":0,"end":6,"url":null,"entity_id":"Q66530942","candidates":[]}],[],[]],[[{"start":0,"end":6,"url":null,"entity_id":"Q66530940","candidates":[]}],[],[]],[[{"start":0,"end":6,"url":null,"entity_id":"Q66530938","candidates":[]}],[],[]],[[{"start":0,"end":6,"url":null,"entity_id":"Q66530936","candidates":[]}],[],[]],[[{"start":0,"end":9,"url":null,"entity_id":"Q66530934","candidates":[]}],[],[]],[[{"start":0,"end":8,"url":null,"entity_id":"Q66530932","candidates":[]}],[],[]],[[{"start":0,"end":8,"url":null,"entity_id":"Q66530931","candidates":[]}],[],[]],[[{"start":0,"end":12,"url":null,"entity_id":"Q74210900","candidates":[]}],[],[]],[[{"start":0,"end":8,"url":null,"entity_id":"Q66530966","candidates":[]}],[],[]]]}