{"version":"1.2","table":{"version":"2","table_id":"R50IWDK5","columns":[{"index":0,"name":"col0","values":["gadolinium-151","gadolinium-150","gadolinium-149","gadolinium-148","gadolinium-147","gadolinium-146","gadolinium-145","gadolinium-144","gadolinium-142","gadolinium-141","gadolinium-140","gadolinium-139","gadolinium-138","gadolinium-136","gadolinium-135","gadolinium-166","gadolinium-152","gadolinium-161","gadolinium-159","gadolinium-162"]},{"index":1,"name":"col1","values":["123.9","1790000","9.28","70.9","38.06","48.27","23","4.47","70.2","14","15.8","4.8","4.7","200","1.1","4.8","108000000000000","3.66","18.479","8.4"]},{"index":2,"name":"col2","values":["-1","1","-1","1","-1","1","1","1","1","1","1","-1","1","1","1","1","1","-1","-1","1"]},{"index":3,"name":"col3","values":["87","86","85","84","83","82","81","80","78","77","76","75","74","72","71","102","88","97","95","98"]},{"index":4,"name":"col4","values":["64","64","64","64","64","64","64","64","64","64","64","64","64","64","64","64","64","64","64","64"]},{"index":5,"name":"col5","values":["-74188.737","-75763.934","-75127.011","-76269.329","-75356.945","-76085.783","-72926.32","-71759.504","-66959.515","-63224.224","-61782.271","-57632","-55800","-49090","-44390","-54530","-74706.916","-65505.824","-68561.436","-64280.401"]},{"index":6,"name":"col6","values":["3.5","0","3.5","0","3.5","0","0.5","0","0","0.5","0","4.5","0","0","2.5","0","0","2.5","1.5","0"]}]},"context":{"page_title":null,"page_url":null,"page_entity_id":null,"content_hierarchy":[]},"links":[[[{"start":0,"end":14,"url":null,"entity_id":"Q18882145","candidates":[]}],[],[],[],[],[],[]],[[{"start":0,"end":14,"url":null,"entity_id":"Q18882144","candidates":[]}],[],[],[],[],[],[]],[[{"start":0,"end":14,"url":null,"entity_id":"Q18882142","candidates":[]}],[],[],[],[],[],[]],[[{"start":0,"end":14,"url":null,"entity_id":"Q18882139","candidates":[]}],[],[],[],[],[],[]],[[{"start":0,"end":14,"url":null,"entity_id":"Q18882137","candidates":[]}],[],[],[],[],[],[]],[[{"start":0,"end":14,"url":null,"entity_id":"Q18882133","candidates":[]}],[],[],[],[],[],[]],[[{"start":0,"end":14,"url":null,"entity_id":"Q18882132","candidates":[]}],[],[],[],[],[],[]],[[{"start":0,"end":14,"url":null,"entity_id":"Q18882129","candidates":[]}],[],[],[],[],[],[]],[[{"start":0,"end":14,"url":null,"entity_id":"Q18882127","candidates":[]}],[],[],[],[],[],[]],[[{"start":0,"end":14,"url":null,"entity_id":"Q18882125","candidates":[]}],[],[],[],[],[],[]],[[{"start":0,"end":14,"url":null,"entity_id":"Q18882123","candidates":[]}],[],[],[],[],[],[]],[[{"start":0,"end":14,"url":null,"entity_id":"Q18882120","candidates":[]}],[],[],[],[],[],[]],[[{"start":0,"end":14,"url":null,"entity_id":"Q18882118","candidates":[]}],[],[],[],[],[],[]],[[{"start":0,"end":14,"url":null,"entity_id":"Q18882116","candidates":[]}],[],[],[],[],[],[]],[[{"start":0,"end":14,"url":null,"entity_id":"Q13638740","candidates":[]}],[],[],[],[],[],[]],[[{"start":0,"end":14,"url":null,"entity_id":"Q3532075","candidates":[]}],[],[],[],[],[],[]],[[{"start":0,"end":14,"url":null,"entity_id":"Q3320467","candidates":[]}],[],[],[],[],[],[]],[[{"start":0,"end":14,"url":null,"entity_id":"Q3025283","candidates":[]}],[],[],[],[],[],[]],[[{"start":0,"end":14,"url":null,"entity_id":"Q2488519","candidates":[]}],[],[],[],[],[],[]],[[{"start":0,"end":14,"url":null,"entity_id":"Q18882146","candidates":[]}],[],[],[],[],[],[]]]}