{"version":"1.2","table":{"version":"2","table_id":"R5M9SKRJ","columns":[{"index":0,"name":"col0","values":["[T2015] nest 100060","[T2015] nest 100059","[T2015] nest 100058","[T2015] nest 100055","[T2015] nest 100054","[T2015] nest 100053","[T2015] nest 100052","[T2015] nest 100051","[T2015] nest 100050","[T2015] nest 100049","[T2015] nest 100047","[T2015] nest 100046","[T2015] nest 100045","[T2015] nest 100044","[T2015] nest 100043","[T2015] nest 100041","[T2015] nest 100040","[T2015] nest 100039","[T2015] nest 100037","[T2015] nest 100036"]},{"index":1,"name":"col1","values":["192.7771","149.0108","164.7665","201.6856","254.1792","116.1055","208.3242","203.5554","173.0669","202.3834","199.2905","230.7588","69.5375","120.2451","212.0869","244.2936","194.1591","208.1056","214.8427","193.0632"]},{"index":2,"name":"col2","values":["40.5","117.1","170.5","187.6","240.4","32.9","118","119.1","86.8","104.2","38.1","142.7","68.1","118","97.1","126.8","192.2","35.7","97","195.4"]}]},"context":{"page_title":null,"page_url":null,"page_entity_id":null,"content_hierarchy":[]},"links":[[[{"start":0,"end":19,"url":null,"entity_id":"Q67790480","candidates":[]}],[],[]],[[{"start":0,"end":19,"url":null,"entity_id":"Q67790478","candidates":[]}],[],[]],[[{"start":0,"end":19,"url":null,"entity_id":"Q67790471","candidates":[]}],[],[]],[[{"start":0,"end":19,"url":null,"entity_id":"Q67790469","candidates":[]}],[],[]],[[{"start":0,"end":19,"url":null,"entity_id":"Q67790468","candidates":[]}],[],[]],[[{"start":0,"end":19,"url":null,"entity_id":"Q67790465","candidates":[]}],[],[]],[[{"start":0,"end":19,"url":null,"entity_id":"Q67790464","candidates":[]}],[],[]],[[{"start":0,"end":19,"url":null,"entity_id":"Q67790462","candidates":[]}],[],[]],[[{"start":0,"end":19,"url":null,"entity_id":"Q67790461","candidates":[]}],[],[]],[[{"start":0,"end":19,"url":null,"entity_id":"Q67790457","candidates":[]}],[],[]],[[{"start":0,"end":19,"url":null,"entity_id":"Q67790455","candidates":[]}],[],[]],[[{"start":0,"end":19,"url":null,"entity_id":"Q67790452","candidates":[]}],[],[]],[[{"start":0,"end":19,"url":null,"entity_id":"Q67790449","candidates":[]}],[],[]],[[{"start":0,"end":19,"url":null,"entity_id":"Q67790448","candidates":[]}],[],[]],[[{"start":0,"end":19,"url":null,"entity_id":"Q67790443","candidates":[]}],[],[]],[[{"start":0,"end":19,"url":null,"entity_id":"Q67790440","candidates":[]}],[],[]],[[{"start":0,"end":19,"url":null,"entity_id":"Q67790438","candidates":[]}],[],[]],[[{"start":0,"end":19,"url":null,"entity_id":"Q67790434","candidates":[]}],[],[]],[[{"start":0,"end":19,"url":null,"entity_id":"Q67790433","candidates":[]}],[],[]],[[{"start":0,"end":19,"url":null,"entity_id":"Q67790483","candidates":[]}],[],[]]]}