[{"version":1,"nodes":[{"col_index":0,"label":"col0","id":0},{"col_index":1,"label":"col1","id":1},{"col_index":2,"label":"col2","id":2},{"abs_uri":"http://www.wikidata.org/entity/Q756102","rel_uri":"wd:Q756102","approximation":false,"readable_label":"open-air museum (Q756102)","id":3},{"abs_uri":"http://www.wikidata.org/entity/Q30634609","rel_uri":"wd:Q30634609","approximation":false,"readable_label":"heritage designation (Q30634609)","id":4}],"edges":[{"source":3,"target":0,"abs_uri":"http://www.w3.org/2000/01/rdf-schema#label","rel_uri":"rdfs:label","approximation":false,"readable_label":"rdfs:label","id":0},{"source":4,"target":1,"abs_uri":"http://www.w3.org/2000/01/rdf-schema#label","rel_uri":"rdfs:label","approximation":false,"readable_label":"rdfs:label","id":1},{"source":3,"target":4,"abs_uri":"http://www.wikidata.org/prop/P1435","rel_uri":"p:P1435","approximation":false,"readable_label":"heritage designation (P1435)","id":2}]}]