[{"version":1,"nodes":[{"col_index":0,"label":"col0","id":0},{"col_index":1,"label":"col1","id":1},{"abs_uri":"http://www.wikidata.org/entity/Q22807280","rel_uri":"wd:Q22807280","approximation":false,"readable_label":"flag of a country subdivision (Q22807280)","id":2}],"edges":[{"source":2,"target":0,"abs_uri":"http://www.w3.org/2000/01/rdf-schema#label","rel_uri":"rdfs:label","approximation":false,"readable_label":"rdfs:label","id":0},{"source":2,"target":1,"abs_uri":"http://www.wikidata.org/prop/P1001","rel_uri":"p:P1001","approximation":false,"readable_label":"applies to jurisdiction (P1001)","id":1}]}]