[{"version":1,"nodes":[{"col_index":0,"label":"col0","id":0},{"col_index":1,"label":"col1","id":1},{"col_index":2,"label":"col2","id":2},{"col_index":3,"label":"col3","id":3},{"abs_uri":"http://www.wikidata.org/entity/Q27055636","rel_uri":"wd:Q27055636","approximation":false,"readable_label":"Old Believer church (Q27055636)","id":4},{"abs_uri":"http://www.wikidata.org/entity/Q60176300","rel_uri":"wd:Q60176300","approximation":false,"readable_label":"Eastern Orthodox eparchy (Q60176300)","id":5}],"edges":[{"source":4,"target":0,"abs_uri":"http://www.w3.org/2000/01/rdf-schema#label","rel_uri":"rdfs:label","approximation":false,"readable_label":"rdfs:label","id":0},{"source":5,"target":3,"abs_uri":"http://www.w3.org/2000/01/rdf-schema#label","rel_uri":"rdfs:label","approximation":false,"readable_label":"rdfs:label","id":1},{"source":4,"target":1,"abs_uri":"http://www.wikidata.org/prop/P140","rel_uri":"p:P140","approximation":false,"readable_label":"religion or worldview (P140)","id":2},{"source":4,"target":2,"abs_uri":"http://www.wikidata.org/prop/P1435","rel_uri":"p:P1435","approximation":false,"readable_label":"heritage designation (P1435)","id":3},{"source":4,"target":5,"abs_uri":"http://www.wikidata.org/prop/P708","rel_uri":"p:P708","approximation":false,"readable_label":"diocese (P708)","id":4}]}]