{"version":"1.2","table":{"version":"2","table_id":"ZGGQCY02","columns":[{"index":0,"name":"col0","values":["1967 Coppa Bernocchi","1966 Coppa Bernocchi","1965 Coppa Bernocchi","1963 Coppa Bernocchi","1981 Coppa Bernocchi","1980 Coppa Bernocchi","1979 Coppa Bernocchi","1962 Coppa Bernocchi","1961 Coppa Bernocchi","1960 Coppa Bernocchi","1959 Coppa Bernocchi","1958 Coppa Bernocchi","1957 Coppa Bernocchi","1956 Coppa Bernocchi","1955 Coppa Bernocchi","1954 Coppa Bernocchi","1953 Coppa Bernocchi","1952 Coppa Bernocchi","1951 Coppa Bernocchi","1950 Coppa Bernocchi","1949 Coppa Bernocchi","1948 Coppa Bernocchi","1947 Coppa Bernocchi","1946 Coppa Bernocchi","1945 Coppa Bernocchi","1944 Coppa Bernocchi","1942 Coppa Bernocchi","1941 Coppa Bernocchi","1977 Coppa Bernocchi","1973 Coppa Bernocchi","1964 Coppa Bernocchi","1978 Coppa Bernocchi","1938 Coppa Bernocchi","1937 Coppa Bernocchi"]},{"index":1,"name":"col1","values":["Felice Gimondi","Michele Dancelli","Michele Dancelli","Vito Taccone","Francesco Moser","Giuseppe Saronni","Francesco Moser","Pierino Baffi","Arnaldo Pambianco","Giuseppe Fallarini","Michele Gismondi","Rik Van Looy","Rik Van Looy","Fausto Coppi","Luciano Maggini","Fausto Coppi","Giorgio Albani","Primo Volpi","Louison Bobet","Loretto Petrucci","Sergio Maggini","Virgilio Salimbeni","Sergio Maggini","Osvaldo Bailo","Sergio Maggini","Oreste Conte","Glauco Servadei","Mario Ricci","Giovanni Battaglin","Felice Gimondi","Gianni Motta","Giovanni Battaglin","Adolfo Leoni","Pietro Rimoldi"]},{"index":2,"name":"col2","values":["1966 Coppa Bernocchi","1965 Coppa Bernocchi","1964 Coppa Bernocchi","1962 Coppa Bernocchi","1980 Coppa Bernocchi","1979 Coppa Bernocchi","1978 Coppa Bernocchi","1961 Coppa Bernocchi","1960 Coppa Bernocchi","1959 Coppa Bernocchi","1958 Coppa Bernocchi","1957 Coppa Bernocchi","1956 Coppa Bernocchi","1955 Coppa Bernocchi","1954 Coppa Bernocchi","1953 Coppa Bernocchi","1952 Coppa Bernocchi","1951 Coppa Bernocchi","1950 Coppa Bernocchi","1949 Coppa Bernocchi","1948 Coppa Bernocchi","1947 Coppa Bernocchi","1946 Coppa Bernocchi","1945 Coppa Bernocchi","1944 Coppa Bernocchi","1942 Coppa Bernocchi","1941 Coppa Bernocchi","1940 Coppa Bernocchi","1976 Coppa Bernocchi","1972 Coppa Bernocchi","1963 Coppa Bernocchi","1977 Coppa Bernocchi","1937 Coppa Bernocchi","1936 Coppa Bernocchi"]},{"index":3,"name":"col3","values":["road bicycle racing","road bicycle racing","road bicycle racing","road bicycle racing","road bicycle racing","road bicycle racing","road bicycle racing","road bicycle racing","road bicycle racing","road bicycle racing","road bicycle racing","road bicycle racing","road bicycle racing","road bicycle racing","road bicycle racing","road bicycle racing","road bicycle racing","road bicycle racing","road bicycle racing","road bicycle racing","road bicycle racing","road bicycle racing","road bicycle racing","road bicycle racing","road bicycle racing","road bicycle racing","road bicycle racing","road bicycle racing","road bicycle racing","road bicycle racing","road bicycle racing","road bicycle racing","road bicycle racing","road bicycle racing"]},{"index":4,"name":"col4","values":["195","242","265","215","216","230","217.5","267.3","270","241","255.1","241","241","108.8","234","108","237","237","237","237","251.6","249","256","243","157.5","157","190","182","203","238","279","218","228","191"]}]},"context":{"page_title":null,"page_url":null,"page_entity_id":null,"content_hierarchy":[]},"links":[[[{"start":0,"end":20,"url":null,"entity_id":"Q48804384","candidates":[]}],[{"start":0,"end":14,"url":null,"entity_id":"Q313526","candidates":[]}],[{"start":0,"end":20,"url":null,"entity_id":"Q48804383","candidates":[]}],[{"start":0,"end":19,"url":null,"entity_id":"Q3609","candidates":[]}],[]],[[{"start":0,"end":20,"url":null,"entity_id":"Q48804383","candidates":[]}],[{"start":0,"end":16,"url":null,"entity_id":"Q492008","candidates":[]}],[{"start":0,"end":20,"url":null,"entity_id":"Q48804381","candidates":[]}],[{"start":0,"end":19,"url":null,"entity_id":"Q3609","candidates":[]}],[]],[[{"start":0,"end":20,"url":null,"entity_id":"Q48804381","candidates":[]}],[{"start":0,"end":16,"url":null,"entity_id":"Q492008","candidates":[]}],[{"start":0,"end":20,"url":null,"entity_id":"Q48804378","candidates":[]}],[{"start":0,"end":19,"url":null,"entity_id":"Q3609","candidates":[]}],[]],[[{"start":0,"end":20,"url":null,"entity_id":"Q48804366","candidates":[]}],[{"start":0,"end":12,"url":null,"entity_id":"Q1375881","candidates":[]}],[{"start":0,"end":20,"url":null,"entity_id":"Q48804375","candidates":[]}],[{"start":0,"end":19,"url":null,"entity_id":"Q3609","candidates":[]}],[]],[[{"start":0,"end":20,"url":null,"entity_id":"Q48804371","candidates":[]}],[{"start":0,"end":15,"url":null,"entity_id":"Q366657","candidates":[]}],[{"start":0,"end":20,"url":null,"entity_id":"Q48804368","candidates":[]}],[{"start":0,"end":19,"url":null,"entity_id":"Q3609","candidates":[]}],[]],[[{"start":0,"end":20,"url":null,"entity_id":"Q48804368","candidates":[]}],[{"start":0,"end":16,"url":null,"entity_id":"Q454917","candidates":[]}],[{"start":0,"end":20,"url":null,"entity_id":"Q48804364","candidates":[]}],[{"start":0,"end":19,"url":null,"entity_id":"Q3609","candidates":[]}],[]],[[{"start":0,"end":20,"url":null,"entity_id":"Q48804364","candidates":[]}],[{"start":0,"end":15,"url":null,"entity_id":"Q366657","candidates":[]}],[{"start":0,"end":20,"url":null,"entity_id":"Q48804362","candidates":[]}],[{"start":0,"end":19,"url":null,"entity_id":"Q3609","candidates":[]}],[]],[[{"start":0,"end":20,"url":null,"entity_id":"Q48804375","candidates":[]}],[{"start":0,"end":13,"url":null,"entity_id":"Q497669","candidates":[]}],[{"start":0,"end":20,"url":null,"entity_id":"Q48804356","candidates":[]}],[{"start":0,"end":19,"url":null,"entity_id":"Q3609","candidates":[]}],[]],[[{"start":0,"end":20,"url":null,"entity_id":"Q48804356","candidates":[]}],[{"start":0,"end":17,"url":null,"entity_id":"Q690564","candidates":[]}],[{"start":0,"end":20,"url":null,"entity_id":"Q48804352","candidates":[]}],[{"start":0,"end":19,"url":null,"entity_id":"Q3609","candidates":[]}],[]],[[{"start":0,"end":20,"url":null,"entity_id":"Q48804352","candidates":[]}],[{"start":0,"end":18,"url":null,"entity_id":"Q2653190","candidates":[]}],[{"start":0,"end":20,"url":null,"entity_id":"Q48804351","candidates":[]}],[{"start":0,"end":19,"url":null,"entity_id":"Q3609","candidates":[]}],[]],[[{"start":0,"end":20,"url":null,"entity_id":"Q48804351","candidates":[]}],[{"start":0,"end":16,"url":null,"entity_id":"Q552642","candidates":[]}],[{"start":0,"end":20,"url":null,"entity_id":"Q48804349","candidates":[]}],[{"start":0,"end":19,"url":null,"entity_id":"Q3609","candidates":[]}],[]],[[{"start":0,"end":20,"url":null,"entity_id":"Q48804349","candidates":[]}],[{"start":0,"end":12,"url":null,"entity_id":"Q445151","candidates":[]}],[{"start":0,"end":20,"url":null,"entity_id":"Q48804347","candidates":[]}],[{"start":0,"end":19,"url":null,"entity_id":"Q3609","candidates":[]}],[]],[[{"start":0,"end":20,"url":null,"entity_id":"Q48804347","candidates":[]}],[{"start":0,"end":12,"url":null,"entity_id":"Q445151","candidates":[]}],[{"start":0,"end":20,"url":null,"entity_id":"Q48804345","candidates":[]}],[{"start":0,"end":19,"url":null,"entity_id":"Q3609","candidates":[]}],[]],[[{"start":0,"end":20,"url":null,"entity_id":"Q48804345","candidates":[]}],[{"start":0,"end":12,"url":null,"entity_id":"Q219912","candidates":[]}],[{"start":0,"end":20,"url":null,"entity_id":"Q48804343","candidates":[]}],[{"start":0,"end":19,"url":null,"entity_id":"Q3609","candidates":[]}],[]],[[{"start":0,"end":20,"url":null,"entity_id":"Q48804343","candidates":[]}],[{"start":0,"end":15,"url":null,"entity_id":"Q508229","candidates":[]}],[{"start":0,"end":20,"url":null,"entity_id":"Q48804341","candidates":[]}],[{"start":0,"end":19,"url":null,"entity_id":"Q3609","candidates":[]}],[]],[[{"start":0,"end":20,"url":null,"entity_id":"Q48804341","candidates":[]}],[{"start":0,"end":12,"url":null,"entity_id":"Q219912","candidates":[]}],[{"start":0,"end":20,"url":null,"entity_id":"Q48804339","candidates":[]}],[{"start":0,"end":19,"url":null,"entity_id":"Q3609","candidates":[]}],[]],[[{"start":0,"end":20,"url":null,"entity_id":"Q48804339","candidates":[]}],[{"start":0,"end":14,"url":null,"entity_id":"Q530095","candidates":[]}],[{"start":0,"end":20,"url":null,"entity_id":"Q48804337","candidates":[]}],[{"start":0,"end":19,"url":null,"entity_id":"Q3609","candidates":[]}],[]],[[{"start":0,"end":20,"url":null,"entity_id":"Q48804337","candidates":[]}],[{"start":0,"end":11,"url":null,"entity_id":"Q1172145","candidates":[]}],[{"start":0,"end":20,"url":null,"entity_id":"Q48804335","candidates":[]}],[{"start":0,"end":19,"url":null,"entity_id":"Q3609","candidates":[]}],[]],[[{"start":0,"end":20,"url":null,"entity_id":"Q48804335","candidates":[]}],[{"start":0,"end":13,"url":null,"entity_id":"Q358167","candidates":[]}],[{"start":0,"end":20,"url":null,"entity_id":"Q48804333","candidates":[]}],[{"start":0,"end":19,"url":null,"entity_id":"Q3609","candidates":[]}],[]],[[{"start":0,"end":20,"url":null,"entity_id":"Q48804333","candidates":[]}],[{"start":0,"end":16,"url":null,"entity_id":"Q1830707","candidates":[]}],[{"start":0,"end":20,"url":null,"entity_id":"Q48804317","candidates":[]}],[{"start":0,"end":19,"url":null,"entity_id":"Q3609","candidates":[]}],[]],[[{"start":0,"end":20,"url":null,"entity_id":"Q48804317","candidates":[]}],[{"start":0,"end":14,"url":null,"entity_id":"Q375984","candidates":[]}],[{"start":0,"end":20,"url":null,"entity_id":"Q48804315","candidates":[]}],[{"start":0,"end":19,"url":null,"entity_id":"Q3609","candidates":[]}],[]],[[{"start":0,"end":20,"url":null,"entity_id":"Q48804315","candidates":[]}],[{"start":0,"end":18,"url":null,"entity_id":"Q4013928","candidates":[]}],[{"start":0,"end":20,"url":null,"entity_id":"Q48804312","candidates":[]}],[{"start":0,"end":19,"url":null,"entity_id":"Q3609","candidates":[]}],[]],[[{"start":0,"end":20,"url":null,"entity_id":"Q48804312","candidates":[]}],[{"start":0,"end":14,"url":null,"entity_id":"Q375984","candidates":[]}],[{"start":0,"end":20,"url":null,"entity_id":"Q48804310","candidates":[]}],[{"start":0,"end":19,"url":null,"entity_id":"Q3609","candidates":[]}],[]],[[{"start":0,"end":20,"url":null,"entity_id":"Q48804310","candidates":[]}],[{"start":0,"end":13,"url":null,"entity_id":"Q1172154","candidates":[]}],[{"start":0,"end":20,"url":null,"entity_id":"Q48804308","candidates":[]}],[{"start":0,"end":19,"url":null,"entity_id":"Q3609","candidates":[]}],[]],[[{"start":0,"end":20,"url":null,"entity_id":"Q48804308","candidates":[]}],[{"start":0,"end":14,"url":null,"entity_id":"Q375984","candidates":[]}],[{"start":0,"end":20,"url":null,"entity_id":"Q48804305","candidates":[]}],[{"start":0,"end":19,"url":null,"entity_id":"Q3609","candidates":[]}],[]],[[{"start":0,"end":20,"url":null,"entity_id":"Q48804305","candidates":[]}],[{"start":0,"end":12,"url":null,"entity_id":"Q1174376","candidates":[]}],[{"start":0,"end":20,"url":null,"entity_id":"Q48804303","candidates":[]}],[{"start":0,"end":19,"url":null,"entity_id":"Q3609","candidates":[]}],[]],[[{"start":0,"end":20,"url":null,"entity_id":"Q48804303","candidates":[]}],[{"start":0,"end":15,"url":null,"entity_id":"Q2295220","candidates":[]}],[{"start":0,"end":20,"url":null,"entity_id":"Q48804301","candidates":[]}],[{"start":0,"end":19,"url":null,"entity_id":"Q3609","candidates":[]}],[]],[[{"start":0,"end":20,"url":null,"entity_id":"Q48804301","candidates":[]}],[{"start":0,"end":11,"url":null,"entity_id":"Q1889965","candidates":[]}],[{"start":0,"end":20,"url":null,"entity_id":"Q48804299","candidates":[]}],[{"start":0,"end":19,"url":null,"entity_id":"Q3609","candidates":[]}],[]],[[{"start":0,"end":20,"url":null,"entity_id":"Q48804360","candidates":[]}],[{"start":0,"end":18,"url":null,"entity_id":"Q222889","candidates":[]}],[{"start":0,"end":20,"url":null,"entity_id":"Q48804401","candidates":[]}],[{"start":0,"end":19,"url":null,"entity_id":"Q3609","candidates":[]}],[]],[[{"start":0,"end":20,"url":null,"entity_id":"Q48804358","candidates":[]}],[{"start":0,"end":14,"url":null,"entity_id":"Q313526","candidates":[]}],[{"start":0,"end":20,"url":null,"entity_id":"Q48804394","candidates":[]}],[{"start":0,"end":19,"url":null,"entity_id":"Q3609","candidates":[]}],[]],[[{"start":0,"end":20,"url":null,"entity_id":"Q48804378","candidates":[]}],[{"start":0,"end":12,"url":null,"entity_id":"Q721367","candidates":[]}],[{"start":0,"end":20,"url":null,"entity_id":"Q48804366","candidates":[]}],[{"start":0,"end":19,"url":null,"entity_id":"Q3609","candidates":[]}],[]],[[{"start":0,"end":20,"url":null,"entity_id":"Q48804362","candidates":[]}],[{"start":0,"end":18,"url":null,"entity_id":"Q222889","candidates":[]}],[{"start":0,"end":20,"url":null,"entity_id":"Q48804360","candidates":[]}],[{"start":0,"end":19,"url":null,"entity_id":"Q3609","candidates":[]}],[]],[[{"start":0,"end":20,"url":null,"entity_id":"Q48804295","candidates":[]}],[{"start":0,"end":12,"url":null,"entity_id":"Q365107","candidates":[]}],[{"start":0,"end":20,"url":null,"entity_id":"Q48804291","candidates":[]}],[{"start":0,"end":19,"url":null,"entity_id":"Q3609","candidates":[]}],[]],[[{"start":0,"end":20,"url":null,"entity_id":"Q48804291","candidates":[]}],[{"start":0,"end":14,"url":null,"entity_id":"Q3388173","candidates":[]}],[{"start":0,"end":20,"url":null,"entity_id":"Q48804289","candidates":[]}],[{"start":0,"end":19,"url":null,"entity_id":"Q3609","candidates":[]}],[]]]}