{"version":"1.2","table":{"version":"2","table_id":"ZGVWIEH7","columns":[{"index":0,"name":"col0","values":["Wellingborough","Scarborough","Rugby","Newcastle-under-Lyme","Kettering","Harrogate","Guildford","Great Yarmouth","Eastleigh","Chorley","Chelmsford","Burnley","Boston","Barrow-in-Furness","Bolsover","Bassetlaw","Basildon","Aylesbury Vale","Oadby and Wigston","South Derbyshire"]},{"index":1,"name":"col1","values":["163.0363","816.4871","351.1133","210.9573","233.49","1307.9468","270.9311","174.4707","79.7641","202.7968","338.7822","110.684","364.89","77.9786","160.3346","637.8037","110.0253","902.7533","23.5261","338.129"]},{"index":2,"name":"col2","values":["1974-04-01","1974-04-01","1974-04-01","1974-04-01","1974-04-01","1974-04-01","1974-04-01","1974-04-01","1936-01-01","1974-04-01","1974-04-01","1974-04-01","1974-04-01","1974-04-01","1974-04-01","1974-04-01","1974-04-01","1974-04-01","1974-04-01","1974-04-01"]}]},"context":{"page_title":null,"page_url":null,"page_entity_id":null,"content_hierarchy":[]},"links":[[[{"start":0,"end":14,"url":null,"entity_id":"Q894099","candidates":[]}],[],[]],[[{"start":0,"end":11,"url":null,"entity_id":"Q894092","candidates":[]}],[],[]],[[{"start":0,"end":5,"url":null,"entity_id":"Q894091","candidates":[]}],[],[]],[[{"start":0,"end":20,"url":null,"entity_id":"Q894089","candidates":[]}],[],[]],[[{"start":0,"end":9,"url":null,"entity_id":"Q894088","candidates":[]}],[],[]],[[{"start":0,"end":9,"url":null,"entity_id":"Q894087","candidates":[]}],[],[]],[[{"start":0,"end":9,"url":null,"entity_id":"Q894086","candidates":[]}],[],[]],[[{"start":0,"end":14,"url":null,"entity_id":"Q894085","candidates":[]}],[],[]],[[{"start":0,"end":9,"url":null,"entity_id":"Q894083","candidates":[]}],[],[]],[[{"start":0,"end":7,"url":null,"entity_id":"Q894081","candidates":[]}],[],[]],[[{"start":0,"end":10,"url":null,"entity_id":"Q894080","candidates":[]}],[],[]],[[{"start":0,"end":7,"url":null,"entity_id":"Q894079","candidates":[]}],[],[]],[[{"start":0,"end":6,"url":null,"entity_id":"Q894076","candidates":[]}],[],[]],[[{"start":0,"end":17,"url":null,"entity_id":"Q894075","candidates":[]}],[],[]],[[{"start":0,"end":8,"url":null,"entity_id":"Q891608","candidates":[]}],[],[]],[[{"start":0,"end":9,"url":null,"entity_id":"Q810508","candidates":[]}],[],[]],[[{"start":0,"end":8,"url":null,"entity_id":"Q810056","candidates":[]}],[],[]],[[{"start":0,"end":14,"url":null,"entity_id":"Q793056","candidates":[]}],[],[]],[[{"start":0,"end":17,"url":null,"entity_id":"Q764425","candidates":[]}],[],[]],[[{"start":0,"end":16,"url":null,"entity_id":"Q745385","candidates":[]}],[],[]]]}