{"version":"1.2","table":{"version":"2","table_id":"ZJYF6FPY","columns":[{"index":0,"name":"col0","values":["Kamaran District","Al Mahwait City","Ar Rawdah District","Sama District","Qulensya Wa Abd Al Kuri District","Milhan District","Marib District","Jabal Ash sharq District","Hidaybu (Socotra-East) District","Dhar District","Bilad Ar Rus District","Bayt al-Faqih District","Attawahi District","At Tawilah District","Ash Shahil District","Arma District","Alluheyah District","Al Musaymir District","Al Maton District","Al Khawkhah District"]},{"index":1,"name":"col1","values":["1283","10623","13767","18499","5520","45818","20722","30950","17917","5076","51114","124610","27309","29972","16703","5077","54319","13826","16619","17252"]},{"index":2,"name":"col2","values":["1182","9511","13604","22965","4589","43406","18773","31084","16094","4851","48898","116690","25675","28890","15845","5111","51363","12732","11792","16512"]},{"index":3,"name":"col3","values":["2465","20134","27371","41464","10109","89224","39495","62034","34011","9927","31259","241300","52984","58862","32548","10188","105682","26558","28411","33764"]}]},"context":{"page_title":null,"page_url":null,"page_entity_id":null,"content_hierarchy":[]},"links":[[[{"start":0,"end":16,"url":null,"entity_id":"Q17067582","candidates":[]}],[],[],[]],[[{"start":0,"end":15,"url":null,"entity_id":"Q12241774","candidates":[]}],[],[],[]],[[{"start":0,"end":18,"url":null,"entity_id":"Q10734682","candidates":[]}],[],[],[]],[[{"start":0,"end":13,"url":null,"entity_id":"Q7408406","candidates":[]}],[],[],[]],[[{"start":0,"end":32,"url":null,"entity_id":"Q7272759","candidates":[]}],[],[],[]],[[{"start":0,"end":15,"url":null,"entity_id":"Q6851806","candidates":[]}],[],[],[]],[[{"start":0,"end":14,"url":null,"entity_id":"Q6762513","candidates":[]}],[],[],[]],[[{"start":0,"end":24,"url":null,"entity_id":"Q6109810","candidates":[]}],[],[],[]],[[{"start":0,"end":31,"url":null,"entity_id":"Q5751685","candidates":[]}],[],[],[]],[[{"start":0,"end":13,"url":null,"entity_id":"Q5269080","candidates":[]}],[],[],[]],[[{"start":0,"end":21,"url":null,"entity_id":"Q4907490","candidates":[]}],[],[],[]],[[{"start":0,"end":22,"url":null,"entity_id":"Q4874935","candidates":[]}],[],[],[]],[[{"start":0,"end":17,"url":null,"entity_id":"Q4818151","candidates":[]}],[],[],[]],[[{"start":0,"end":19,"url":null,"entity_id":"Q4812416","candidates":[]}],[],[],[]],[[{"start":0,"end":19,"url":null,"entity_id":"Q4804442","candidates":[]}],[],[],[]],[[{"start":0,"end":13,"url":null,"entity_id":"Q4792482","candidates":[]}],[],[],[]],[[{"start":0,"end":18,"url":null,"entity_id":"Q4733335","candidates":[]}],[],[],[]],[[{"start":0,"end":20,"url":null,"entity_id":"Q4704515","candidates":[]}],[],[],[]],[[{"start":0,"end":17,"url":null,"entity_id":"Q4704407","candidates":[]}],[],[],[]],[[{"start":0,"end":20,"url":null,"entity_id":"Q4704229","candidates":[]}],[],[],[]]]}