{"version":"1.2","table":{"version":"2","table_id":"ZMMGX7IW","columns":[{"index":0,"name":"col0","values":["The Orangery At Holkham Hall","Orangery And Gatehouse At Ashcombe House","Orangery To Ockham Park","The Orangery","Orangery 75 Metres South Of Twyford House And Walls Linking Them","Orangery","Orangery, East Of Woolsington Hall","Orangery In Gardens To East Of Nunton House","The Orangery And Linking Wing Walling To The North West Corner Of Montacute House","Orangery","Beech Lawn House Including Orangery To Rear","The Orangery At Goodwood House To The North Of The House","Orangery At Ingestre Hall","Orangery, About 50 Metres North West Of St Audrie's School","Orangery And Garden Wall At Kelvedon Hall","Orangery","Former Orangery, About 30 Metres South West Of Cricket House","Orangery Approximately 10 Metres East Of Hudscott House","Orangery","The Orangery"]},{"index":1,"name":"col1","values":["Grade II listed building","Grade II listed building","Grade II listed building","Grade II listed building","Grade II listed building","Grade II listed building","Grade II listed building","Grade II listed building","Grade II listed building","Grade II listed building","Grade II listed building","Grade II listed building","Grade II listed building","Grade II listed building","Grade II listed building","Grade II listed building","Grade II listed building","Grade II listed building","Grade II listed building","Grade II listed building"]},{"index":2,"name":"col2","values":["Holkham","Berwick St John","Ockham","Crowan","Twyford","Felbrigg","Woolsington","Odstock","Montacute","Byram cum Sutton","Saxmundham","Westhampnett","Ingestre","West Quantoxhead","Kelvedon Hatch","Hackness","Cricket St Thomas","Chittlehampton","Tackley","Farley"]}]},"context":{"page_title":null,"page_url":null,"page_entity_id":null,"content_hierarchy":[]},"links":[[[{"start":0,"end":28,"url":null,"entity_id":"Q26654613","candidates":[]}],[{"start":0,"end":24,"url":null,"entity_id":"Q15700834","candidates":[]}],[{"start":0,"end":7,"url":null,"entity_id":"Q2740658","candidates":[]}]],[[{"start":0,"end":40,"url":null,"entity_id":"Q26479309","candidates":[]}],[{"start":0,"end":24,"url":null,"entity_id":"Q15700834","candidates":[]}],[{"start":0,"end":15,"url":null,"entity_id":"Q2735973","candidates":[]}]],[[{"start":0,"end":23,"url":null,"entity_id":"Q26658249","candidates":[]}],[{"start":0,"end":24,"url":null,"entity_id":"Q15700834","candidates":[]}],[{"start":0,"end":6,"url":null,"entity_id":"Q2705385","candidates":[]}]],[[{"start":0,"end":12,"url":null,"entity_id":"Q26453632","candidates":[]}],[{"start":0,"end":24,"url":null,"entity_id":"Q15700834","candidates":[]}],[{"start":0,"end":6,"url":null,"entity_id":"Q2691620","candidates":[]}]],[[{"start":0,"end":64,"url":null,"entity_id":"Q26473997","candidates":[]}],[{"start":0,"end":24,"url":null,"entity_id":"Q15700834","candidates":[]}],[{"start":0,"end":7,"url":null,"entity_id":"Q2685778","candidates":[]}]],[[{"start":0,"end":8,"url":null,"entity_id":"Q26465590","candidates":[]}],[{"start":0,"end":24,"url":null,"entity_id":"Q15700834","candidates":[]}],[{"start":0,"end":8,"url":null,"entity_id":"Q2678152","candidates":[]}]],[[{"start":0,"end":34,"url":null,"entity_id":"Q26622070","candidates":[]}],[{"start":0,"end":24,"url":null,"entity_id":"Q15700834","candidates":[]}],[{"start":0,"end":11,"url":null,"entity_id":"Q2665950","candidates":[]}]],[[{"start":0,"end":43,"url":null,"entity_id":"Q26638485","candidates":[]}],[{"start":0,"end":24,"url":null,"entity_id":"Q15700834","candidates":[]}],[{"start":0,"end":7,"url":null,"entity_id":"Q2654104","candidates":[]}]],[[{"start":0,"end":81,"url":null,"entity_id":"Q26553344","candidates":[]}],[{"start":0,"end":24,"url":null,"entity_id":"Q15700834","candidates":[]}],[{"start":0,"end":9,"url":null,"entity_id":"Q2636589","candidates":[]}]],[[{"start":0,"end":8,"url":null,"entity_id":"Q26460975","candidates":[]}],[{"start":0,"end":24,"url":null,"entity_id":"Q15700834","candidates":[]}],[{"start":0,"end":16,"url":null,"entity_id":"Q2501131","candidates":[]}]],[[{"start":0,"end":43,"url":null,"entity_id":"Q26558501","candidates":[]}],[{"start":0,"end":24,"url":null,"entity_id":"Q15700834","candidates":[]}],[{"start":0,"end":10,"url":null,"entity_id":"Q2450421","candidates":[]}]],[[{"start":0,"end":56,"url":null,"entity_id":"Q26511789","candidates":[]}],[{"start":0,"end":24,"url":null,"entity_id":"Q15700834","candidates":[]}],[{"start":0,"end":12,"url":null,"entity_id":"Q2443431","candidates":[]}]],[[{"start":0,"end":25,"url":null,"entity_id":"Q26550901","candidates":[]}],[{"start":0,"end":24,"url":null,"entity_id":"Q15700834","candidates":[]}],[{"start":0,"end":8,"url":null,"entity_id":"Q2425564","candidates":[]}]],[[{"start":0,"end":58,"url":null,"entity_id":"Q26470466","candidates":[]}],[{"start":0,"end":24,"url":null,"entity_id":"Q15700834","candidates":[]}],[{"start":0,"end":16,"url":null,"entity_id":"Q2420988","candidates":[]}]],[[{"start":0,"end":41,"url":null,"entity_id":"Q26503006","candidates":[]}],[{"start":0,"end":24,"url":null,"entity_id":"Q15700834","candidates":[]}],[{"start":0,"end":14,"url":null,"entity_id":"Q2260481","candidates":[]}]],[[{"start":0,"end":8,"url":null,"entity_id":"Q26584240","candidates":[]}],[{"start":0,"end":24,"url":null,"entity_id":"Q15700834","candidates":[]}],[{"start":0,"end":8,"url":null,"entity_id":"Q2256185","candidates":[]}]],[[{"start":0,"end":60,"url":null,"entity_id":"Q26648001","candidates":[]}],[{"start":0,"end":24,"url":null,"entity_id":"Q15700834","candidates":[]}],[{"start":0,"end":17,"url":null,"entity_id":"Q2255799","candidates":[]}]],[[{"start":0,"end":55,"url":null,"entity_id":"Q26549407","candidates":[]}],[{"start":0,"end":24,"url":null,"entity_id":"Q15700834","candidates":[]}],[{"start":0,"end":14,"url":null,"entity_id":"Q2253562","candidates":[]}]],[[{"start":0,"end":8,"url":null,"entity_id":"Q26499112","candidates":[]}],[{"start":0,"end":24,"url":null,"entity_id":"Q15700834","candidates":[]}],[{"start":0,"end":7,"url":null,"entity_id":"Q2209856","candidates":[]}]],[[{"start":0,"end":12,"url":null,"entity_id":"Q26655555","candidates":[]}],[{"start":0,"end":24,"url":null,"entity_id":"Q15700834","candidates":[]}],[{"start":0,"end":6,"url":null,"entity_id":"Q2125617","candidates":[]}]]]}