{"version":"1.2","table":{"version":"2","table_id":"ZONVDN7K","columns":[{"index":0,"name":"col0","values":["Nighuhawks","Les Bicyclettet De Belsize / Twisted Nerve","Yellow Sumarine","The Golden Compass Original Motion Picture Soundtrdck","L'importante è non farsi#notare – Colonna sonora originale del film","È stato bello aarti / Omicidio per vocazione – Original Soundtracks","La Chiesa – Origina Soundtrack","Wicked – Original Broadway Cat Recording – 10th Anniversary Deluxe Edition","Dabaret – Orginal Soundtrack","The Landlord – Original Mvie Picture Soundtrack","Help! - Original Motion Pictue Soundtrack","A Hard Day's Night - Origial Motion Picture Soundtrack","Where the Buffalo Roam - Original Motio Picture Soundtrack","50 First Daes - Love songs from the Original Motion Picture 50 First Dates","Skjønnheten og Udyrht","Love Story – Music From The Original Soundtrack oi the Paramount Picture","Holiday!Inn","Dalida pour toumours – Bande Originale du Film","Cannabis – Bande originale du\"film","G.I. lues"]},{"index":1,"name":"col1","values":["LP record","LP record","LP record","Compact Disc","33 RPM 12\" vinyl","LP record","Compact Disc","2xCD","LP record","LP record","LP record","LP record","LP record","Compact Disc","Compact Disc","LP record","LP record","33 RPM 12\" vinyl","LP record","LP record"]},{"index":2,"name":"col2","values":["United Kingdom","United Kingdom","United Kingdom","United Kingdom","Italy","Italy","Italy","United States of America","United States of America","United States of America","United States of America","United States of America","United States of America","United States of America","Norway","Canada","United States of America","France","France","United States of America"]}]},"context":{"page_title":null,"page_url":null,"page_entity_id":null,"content_hierarchy":[]},"links":[[[{"start":0,"end":10,"url":null,"entity_id":"Q77673329","candidates":[]}],[{"start":0,"end":9,"url":null,"entity_id":"Q841983","candidates":[]}],[{"start":0,"end":14,"url":null,"entity_id":"Q145","candidates":[]}]],[[{"start":0,"end":42,"url":null,"entity_id":"Q63284852","candidates":[]}],[{"start":0,"end":9,"url":null,"entity_id":"Q841983","candidates":[]}],[{"start":0,"end":14,"url":null,"entity_id":"Q145","candidates":[]}]],[[{"start":0,"end":15,"url":null,"entity_id":"Q61502068","candidates":[]}],[{"start":0,"end":9,"url":null,"entity_id":"Q841983","candidates":[]}],[{"start":0,"end":14,"url":null,"entity_id":"Q145","candidates":[]}]],[[{"start":0,"end":53,"url":null,"entity_id":"Q56233060","candidates":[]}],[{"start":0,"end":12,"url":null,"entity_id":"Q34467","candidates":[]}],[{"start":0,"end":14,"url":null,"entity_id":"Q145","candidates":[]}]],[[{"start":0,"end":67,"url":null,"entity_id":"Q61457043","candidates":[]}],[{"start":0,"end":16,"url":null,"entity_id":"Q60648403","candidates":[]}],[{"start":0,"end":5,"url":null,"entity_id":"Q38","candidates":[]}]],[[{"start":0,"end":67,"url":null,"entity_id":"Q48658960","candidates":[]}],[{"start":0,"end":9,"url":null,"entity_id":"Q841983","candidates":[]}],[{"start":0,"end":5,"url":null,"entity_id":"Q38","candidates":[]}]],[[{"start":0,"end":30,"url":null,"entity_id":"Q85653337","candidates":[]}],[{"start":0,"end":12,"url":null,"entity_id":"Q34467","candidates":[]}],[{"start":0,"end":5,"url":null,"entity_id":"Q38","candidates":[]}]],[[{"start":0,"end":74,"url":null,"entity_id":"Q57943732","candidates":[]}],[{"start":0,"end":4,"url":null,"entity_id":"Q59560380","candidates":[]}],[{"start":0,"end":24,"url":null,"entity_id":"Q30","candidates":[]}]],[[{"start":0,"end":28,"url":null,"entity_id":"Q63349660","candidates":[]}],[{"start":0,"end":9,"url":null,"entity_id":"Q841983","candidates":[]}],[{"start":0,"end":24,"url":null,"entity_id":"Q30","candidates":[]}]],[[{"start":0,"end":47,"url":null,"entity_id":"Q63098756","candidates":[]}],[{"start":0,"end":9,"url":null,"entity_id":"Q841983","candidates":[]}],[{"start":0,"end":24,"url":null,"entity_id":"Q30","candidates":[]}]],[[{"start":0,"end":41,"url":null,"entity_id":"Q60626579","candidates":[]}],[{"start":0,"end":9,"url":null,"entity_id":"Q841983","candidates":[]}],[{"start":0,"end":24,"url":null,"entity_id":"Q30","candidates":[]}]],[[{"start":0,"end":54,"url":null,"entity_id":"Q60613113","candidates":[]}],[{"start":0,"end":9,"url":null,"entity_id":"Q841983","candidates":[]}],[{"start":0,"end":24,"url":null,"entity_id":"Q30","candidates":[]}]],[[{"start":0,"end":58,"url":null,"entity_id":"Q59591915","candidates":[]}],[{"start":0,"end":9,"url":null,"entity_id":"Q841983","candidates":[]}],[{"start":0,"end":24,"url":null,"entity_id":"Q30","candidates":[]}]],[[{"start":0,"end":74,"url":null,"entity_id":"Q57910909","candidates":[]}],[{"start":0,"end":12,"url":null,"entity_id":"Q34467","candidates":[]}],[{"start":0,"end":24,"url":null,"entity_id":"Q30","candidates":[]}]],[[{"start":0,"end":21,"url":null,"entity_id":"Q63139858","candidates":[]}],[{"start":0,"end":12,"url":null,"entity_id":"Q34467","candidates":[]}],[{"start":0,"end":6,"url":null,"entity_id":"Q20","candidates":[]}]],[[{"start":0,"end":72,"url":null,"entity_id":"Q62274557","candidates":[]}],[{"start":0,"end":9,"url":null,"entity_id":"Q841983","candidates":[]}],[{"start":0,"end":6,"url":null,"entity_id":"Q16","candidates":[]}]],[[{"start":0,"end":11,"url":null,"entity_id":"Q19893155","candidates":[]}],[{"start":0,"end":9,"url":null,"entity_id":"Q841983","candidates":[]}],[{"start":0,"end":24,"url":null,"entity_id":"Q30","candidates":[]}]],[[{"start":0,"end":46,"url":null,"entity_id":"Q3012385","candidates":[]}],[{"start":0,"end":16,"url":null,"entity_id":"Q60648403","candidates":[]}],[{"start":0,"end":6,"url":null,"entity_id":"Q142","candidates":[]}]],[[{"start":0,"end":34,"url":null,"entity_id":"Q2936387","candidates":[]}],[{"start":0,"end":9,"url":null,"entity_id":"Q841983","candidates":[]}],[{"start":0,"end":6,"url":null,"entity_id":"Q142","candidates":[]}]],[[{"start":0,"end":9,"url":null,"entity_id":"Q1766631","candidates":[]}],[{"start":0,"end":9,"url":null,"entity_id":"Q841983","candidates":[]}],[{"start":0,"end":24,"url":null,"entity_id":"Q30","candidates":[]}]]]}