{"version":"1.2","table":{"version":"2","table_id":"ZQIXG4J6","columns":[{"index":0,"name":"col0","values":["The Voice of Germany, season 9","HaAh HaGadol VIP 3","Ich bin ein Star – Holt mich hier raus!, season 13","Germany's Next Topmodel, Cycle 13","Deutschland sucht den Superstar, season 15","The Voice Kids Indonesia, season 2","Deutschland sucht den Superstar, season 14","El Artista del Año (Season 6)","The Voice of Holland, season 6","The Voice Kids, season 4","Deutschland sucht den Superstar, season 12","Melodifestivalen 2015","Let's Dance, season 1","The Voice Kids Indonesia (season 1)","Deutschland sucht den Superstar, season 13","The Voice Kids, season 3","X Factor, season 5","Melodifestivalen 2014","Melodifestivalen 2010","The Bachelorette, season 4"]},{"index":1,"name":"col1","values":["2019-09-12","2019-01-12","2019-01-11","2018-02-08","2018-01-03","2017-09-07","2017-01-04","2019-10-26","2015-09-25","2015-02-14","2015-01-07","2015-02-07","2006-04-03","2016-08-26","2016-01-02","2013-12-27","2013-04-19","2014-02-01","2010-02-06","2008-05-19"]},{"index":2,"name":"col2","values":["Claudia Emmanuela Santoso","Asaf Goren","Evelyn Burdecki","Toni Dreher-Adenuga","Marie Wegener","Sharla Martiza","Alphonso Williams","Ernesto \"Nesty\" Galguera","Maan de Steenwinkel","Lucas van Roekel","Severino Seeger","Måns Zelmerlöw","Wayne Carpendale","Christopher Edgar","Prince Damien","Ayoub Maach","Haris Alagic","Undo","This Is My Life","Jesse Csincsak"]}]},"context":{"page_title":null,"page_url":null,"page_entity_id":null,"content_hierarchy":[]},"links":[[[{"start":0,"end":30,"url":null,"entity_id":"Q64135946","candidates":[]}],[],[{"start":0,"end":25,"url":null,"entity_id":"Q74459718","candidates":[]}]],[[{"start":0,"end":18,"url":null,"entity_id":"Q60490493","candidates":[]}],[],[{"start":0,"end":10,"url":null,"entity_id":"Q60585396","candidates":[]}]],[[{"start":0,"end":50,"url":null,"entity_id":"Q60392271","candidates":[]}],[],[{"start":0,"end":15,"url":null,"entity_id":"Q60461010","candidates":[]}]],[[{"start":0,"end":33,"url":null,"entity_id":"Q48813722","candidates":[]}],[],[{"start":0,"end":19,"url":null,"entity_id":"Q54148802","candidates":[]}]],[[{"start":0,"end":42,"url":null,"entity_id":"Q47174884","candidates":[]}],[],[{"start":0,"end":13,"url":null,"entity_id":"Q52709875","candidates":[]}]],[[{"start":0,"end":34,"url":null,"entity_id":"Q30601600","candidates":[]}],[],[{"start":0,"end":14,"url":null,"entity_id":"Q45410371","candidates":[]}]],[[{"start":0,"end":42,"url":null,"entity_id":"Q28453400","candidates":[]}],[],[{"start":0,"end":17,"url":null,"entity_id":"Q15782549","candidates":[]}]],[[{"start":0,"end":29,"url":null,"entity_id":"Q72331232","candidates":[]}],[],[{"start":0,"end":24,"url":null,"entity_id":"Q79464537","candidates":[]}]],[[{"start":0,"end":30,"url":null,"entity_id":"Q21013066","candidates":[]}],[],[{"start":0,"end":19,"url":null,"entity_id":"Q22955424","candidates":[]}]],[[{"start":0,"end":24,"url":null,"entity_id":"Q19831896","candidates":[]}],[],[{"start":0,"end":16,"url":null,"entity_id":"Q20655772","candidates":[]}]],[[{"start":0,"end":42,"url":null,"entity_id":"Q19831480","candidates":[]}],[],[{"start":0,"end":15,"url":null,"entity_id":"Q19964431","candidates":[]}]],[[{"start":0,"end":21,"url":null,"entity_id":"Q16853858","candidates":[]}],[],[{"start":0,"end":14,"url":null,"entity_id":"Q372460","candidates":[]}]],[[{"start":0,"end":21,"url":null,"entity_id":"Q17019692","candidates":[]}],[],[{"start":0,"end":16,"url":null,"entity_id":"Q98622","candidates":[]}]],[[{"start":0,"end":35,"url":null,"entity_id":"Q24283692","candidates":[]}],[],[{"start":0,"end":17,"url":null,"entity_id":"Q28724256","candidates":[]}]],[[{"start":0,"end":42,"url":null,"entity_id":"Q23834185","candidates":[]}],[],[{"start":0,"end":13,"url":null,"entity_id":"Q24035831","candidates":[]}]],[[{"start":0,"end":24,"url":null,"entity_id":"Q15943741","candidates":[]}],[],[{"start":0,"end":11,"url":null,"entity_id":"Q15943181","candidates":[]}]],[[{"start":0,"end":18,"url":null,"entity_id":"Q4310179","candidates":[]}],[],[{"start":0,"end":12,"url":null,"entity_id":"Q14630653","candidates":[]}]],[[{"start":0,"end":21,"url":null,"entity_id":"Q10581329","candidates":[]}],[],[{"start":0,"end":4,"url":null,"entity_id":"Q15865384","candidates":[]}]],[[{"start":0,"end":21,"url":null,"entity_id":"Q11691983","candidates":[]}],[],[{"start":0,"end":15,"url":null,"entity_id":"Q1097314","candidates":[]}]],[[{"start":0,"end":26,"url":null,"entity_id":"Q7715230","candidates":[]}],[],[{"start":0,"end":14,"url":null,"entity_id":"Q11866411","candidates":[]}]]]}