{"version":"1.2","table":{"version":"2","table_id":"ZQKD18A0","columns":[{"index":0,"name":"col0","values":["Lingua Franca Nova Wikipedia","Atikamekw Wikipedia","Shan Wikipedia","Santali Wikipedia","Ingush Wikipedia","Balinese Wikipedia","Wikipedia in Bokmål and Riksmål","Mon Wikipedia","N'Ko Wikipedia","Northern Luri Wikipedia","Doteli Wikipedia","Goan Konkani Wikipedia","Taraškievica Wikipedia","Plattdüütsch Wikipedia","Fiji Hindi Wikipedia","Toki Pona Wikipedia","Livvi-Karelian Wikipedia","Tulu Wikipedia","Pangasinan Wikipedia","Chewa Wikipedia"]},{"index":1,"name":"col1","values":["Latin script","Latin script","Burmese alphabet","Ol Chiki alphabet","Cyrillic script","Latin script","Latin script","Mon script","N'Ko","Arabic alphabet","Devanagari","Latin script","Cyrillic script","Latin script","Latin script","Latin script","Latin script","Kannada alphabet","Latin script","Latin script"]},{"index":2,"name":"col2","values":["Lingua Franca Nova","Atikamekw","Shan","Santali","Ingush","Balinese","Bokmål","Mon","N'Ko","Northern Luri","Doteli","Goan Konkani","Taraškievica","Low Saxon","Fiji Hindi","Toki Pona","Livvi-Karelian","Tulu","Pangasinan","Chewa"]}]},"context":{"page_title":null,"page_url":null,"page_entity_id":null,"content_hierarchy":[]},"links":[[[{"start":0,"end":28,"url":null,"entity_id":"Q52047822","candidates":[]}],[{"start":0,"end":12,"url":null,"entity_id":"Q8229","candidates":[]}],[{"start":0,"end":18,"url":null,"entity_id":"Q146803","candidates":[]}]],[[{"start":0,"end":19,"url":null,"entity_id":"Q30286865","candidates":[]}],[{"start":0,"end":12,"url":null,"entity_id":"Q8229","candidates":[]}],[{"start":0,"end":9,"url":null,"entity_id":"Q56590","candidates":[]}]],[[{"start":0,"end":14,"url":null,"entity_id":"Q58832948","candidates":[]}],[{"start":0,"end":16,"url":null,"entity_id":"Q854968","candidates":[]}],[{"start":0,"end":4,"url":null,"entity_id":"Q56482","candidates":[]}]],[[{"start":0,"end":17,"url":null,"entity_id":"Q55950814","candidates":[]}],[{"start":0,"end":17,"url":null,"entity_id":"Q201688","candidates":[]}],[{"start":0,"end":7,"url":null,"entity_id":"Q33965","candidates":[]}]],[[{"start":0,"end":16,"url":null,"entity_id":"Q47099246","candidates":[]}],[{"start":0,"end":15,"url":null,"entity_id":"Q8209","candidates":[]}],[{"start":0,"end":6,"url":null,"entity_id":"Q33509","candidates":[]}]],[[{"start":0,"end":18,"url":null,"entity_id":"Q70885480","candidates":[]}],[{"start":0,"end":12,"url":null,"entity_id":"Q8229","candidates":[]}],[{"start":0,"end":8,"url":null,"entity_id":"Q33070","candidates":[]}]],[[{"start":0,"end":31,"url":null,"entity_id":"Q32176383","candidates":[]}],[{"start":0,"end":12,"url":null,"entity_id":"Q8229","candidates":[]}],[{"start":0,"end":6,"url":null,"entity_id":"Q25167","candidates":[]}]],[[{"start":0,"end":13,"url":null,"entity_id":"Q72145810","candidates":[]}],[{"start":0,"end":10,"url":null,"entity_id":"Q4301931","candidates":[]}],[{"start":0,"end":3,"url":null,"entity_id":"Q13349","candidates":[]}]],[[{"start":0,"end":14,"url":null,"entity_id":"Q68669691","candidates":[]}],[{"start":0,"end":4,"url":null,"entity_id":"Q1062587","candidates":[]}],[{"start":0,"end":4,"url":null,"entity_id":"Q18546266","candidates":[]}]],[[{"start":0,"end":23,"url":null,"entity_id":"Q20442276","candidates":[]}],[{"start":0,"end":15,"url":null,"entity_id":"Q8196","candidates":[]}],[{"start":0,"end":13,"url":null,"entity_id":"Q19933293","candidates":[]}]],[[{"start":0,"end":16,"url":null,"entity_id":"Q29048035","candidates":[]}],[{"start":0,"end":10,"url":null,"entity_id":"Q38592","candidates":[]}],[{"start":0,"end":6,"url":null,"entity_id":"Q18415595","candidates":[]}]],[[{"start":0,"end":22,"url":null,"entity_id":"Q20726662","candidates":[]}],[{"start":0,"end":12,"url":null,"entity_id":"Q8229","candidates":[]}],[{"start":0,"end":12,"url":null,"entity_id":"Q5575236","candidates":[]}]],[[{"start":0,"end":22,"url":null,"entity_id":"Q8937989","candidates":[]}],[{"start":0,"end":15,"url":null,"entity_id":"Q8209","candidates":[]}],[{"start":0,"end":12,"url":null,"entity_id":"Q2087886","candidates":[]}]],[[{"start":0,"end":22,"url":null,"entity_id":"Q4925786","candidates":[]}],[{"start":0,"end":12,"url":null,"entity_id":"Q8229","candidates":[]}],[{"start":0,"end":9,"url":null,"entity_id":"Q168446","candidates":[]}]],[[{"start":0,"end":20,"url":null,"entity_id":"Q8562481","candidates":[]}],[{"start":0,"end":12,"url":null,"entity_id":"Q8229","candidates":[]}],[{"start":0,"end":10,"url":null,"entity_id":"Q46728","candidates":[]}]],[[{"start":0,"end":19,"url":null,"entity_id":"Q28970868","candidates":[]}],[{"start":0,"end":12,"url":null,"entity_id":"Q8229","candidates":[]}],[{"start":0,"end":9,"url":null,"entity_id":"Q36846","candidates":[]}]],[[{"start":0,"end":24,"url":null,"entity_id":"Q27102215","candidates":[]}],[{"start":0,"end":12,"url":null,"entity_id":"Q8229","candidates":[]}],[{"start":0,"end":14,"url":null,"entity_id":"Q36584","candidates":[]}]],[[{"start":0,"end":14,"url":null,"entity_id":"Q26235862","candidates":[]}],[{"start":0,"end":16,"url":null,"entity_id":"Q839666","candidates":[]}],[{"start":0,"end":4,"url":null,"entity_id":"Q34251","candidates":[]}]],[[{"start":0,"end":20,"url":null,"entity_id":"Q12265494","candidates":[]}],[{"start":0,"end":12,"url":null,"entity_id":"Q8229","candidates":[]}],[{"start":0,"end":10,"url":null,"entity_id":"Q33879","candidates":[]}]],[[{"start":0,"end":15,"url":null,"entity_id":"Q8561552","candidates":[]}],[{"start":0,"end":12,"url":null,"entity_id":"Q8229","candidates":[]}],[{"start":0,"end":5,"url":null,"entity_id":"Q33273","candidates":[]}]]]}