{"version":"1.2","table":{"version":"2","table_id":"ZS1YOH4A","columns":[{"index":0,"name":"col0","values":["Kativik Regional Government","Lotbinière Regional County Municipality","Matawinie Regional County Municipality","Les Moulins Regional County Municipality","Roussillon Regional County Municipality","La Matanie Regional County Municipality","Le Granit Regional County Municipality","La Matapédia Regional County Municipality","La Vallée-de-la-Gatineau Regional County Municipality","Le Haut-Saint-Laurent Regional County Municipality","Rouville Regional County Municipality","Lac-Saint-Jean-Est Regional County Municipality","Papineau Regional County Municipality","Mékinac Regional County Municipality","Maria-Chapdelaine Regional County Municipality","Thérèse-De Blainville Regional County Municipality","La Rivière-du-Nord Regional County Municipality","Les Laurentides Regional County Municipality","Pontiac Regional County Municipality","La Vallée-du-Richelieu Regional County Municipality"]},{"index":1,"name":"col1","values":["417937.95","1687","9528.17","261.13","403.6","3380","2831.8","5389","13931.5","1242.2","490.1","2917.1","3205.9","5554.9","38056.7","211.9","451.02","2599.7","14105.7","605.5"]},{"index":2,"name":"col2","values":["13188","31741","50435","158267","188171","21301","21432","17925","20182","22454","37224","52741","22832","12358","24793","160534","128170","47158","14251","124420"]}]},"context":{"page_title":null,"page_url":null,"page_entity_id":null,"content_hierarchy":[]},"links":[[[{"start":0,"end":27,"url":null,"entity_id":"Q3084850","candidates":[]}],[],[]],[[{"start":0,"end":39,"url":null,"entity_id":"Q2773006","candidates":[]}],[],[]],[[{"start":0,"end":38,"url":null,"entity_id":"Q1908110","candidates":[]}],[],[]],[[{"start":0,"end":40,"url":null,"entity_id":"Q1811004","candidates":[]}],[],[]],[[{"start":0,"end":39,"url":null,"entity_id":"Q1810607","candidates":[]}],[],[]],[[{"start":0,"end":39,"url":null,"entity_id":"Q1810586","candidates":[]}],[],[]],[[{"start":0,"end":38,"url":null,"entity_id":"Q1809910","candidates":[]}],[],[]],[[{"start":0,"end":41,"url":null,"entity_id":"Q1798945","candidates":[]}],[],[]],[[{"start":0,"end":53,"url":null,"entity_id":"Q1534978","candidates":[]}],[],[]],[[{"start":0,"end":50,"url":null,"entity_id":"Q1518812","candidates":[]}],[],[]],[[{"start":0,"end":37,"url":null,"entity_id":"Q1517997","candidates":[]}],[],[]],[[{"start":0,"end":47,"url":null,"entity_id":"Q1517990","candidates":[]}],[],[]],[[{"start":0,"end":37,"url":null,"entity_id":"Q1517966","candidates":[]}],[],[]],[[{"start":0,"end":36,"url":null,"entity_id":"Q1517958","candidates":[]}],[],[]],[[{"start":0,"end":46,"url":null,"entity_id":"Q1517952","candidates":[]}],[],[]],[[{"start":0,"end":50,"url":null,"entity_id":"Q1517947","candidates":[]}],[],[]],[[{"start":0,"end":47,"url":null,"entity_id":"Q1517943","candidates":[]}],[],[]],[[{"start":0,"end":44,"url":null,"entity_id":"Q1517938","candidates":[]}],[],[]],[[{"start":0,"end":36,"url":null,"entity_id":"Q1517934","candidates":[]}],[],[]],[[{"start":0,"end":51,"url":null,"entity_id":"Q1517930","candidates":[]}],[],[]]]}