{"version":"1.2","table":{"version":"2","table_id":"ZTG2R3II","columns":[{"index":0,"name":"col0","values":["Saitama","Kawasaki","Chiba","Niigata","Shizuoka","Sapporo","Yokohama","Sendai","Kōbe","Ōsaka","Hamamatsu","Sakai","Kitakyūshū","Kumamoto","Nagoya","Fukuoka","Kyoto","Hiroshima","Sagamihara","Okayama"]},{"index":1,"name":"col1","values":["Pittsburgh","Baltimore","Houston","Vladivostok","Huế","Novosibirsk","Constanța","Rennes","Riga","San Francisco","Rochester","Wellington City","Surabaya","San Antonio","Los Angeles","Guangzhou","Kyiv","Montreal","Toronto","Kushiro"]},{"index":2,"name":"col2","values":["Ōmiya-ku","Tama-ku","Midori Ward","Minami-ku","Shimizu-ku","Shiroishi-ku","Hodogaya-ku","Aoba-ku","Higashinada-ku","Nishi-ku","Nishi-ku","Minami-ku","Yahatahigashi-ku","Chūō-ku","Higashi-ku","Jōnan-ku","Nishikyō-ku","Naka-ku","Chūō-ku","Kita-ku"]}]},"context":{"page_title":null,"page_url":null,"page_entity_id":null,"content_hierarchy":[]},"links":[[[{"start":0,"end":7,"url":null,"entity_id":"Q134635","candidates":[]}],[{"start":0,"end":10,"url":null,"entity_id":"Q1342","candidates":[]}],[{"start":0,"end":8,"url":null,"entity_id":"Q153629","candidates":[]}]],[[{"start":0,"end":8,"url":null,"entity_id":"Q164234","candidates":[]}],[{"start":0,"end":9,"url":null,"entity_id":"Q5092","candidates":[]}],[{"start":0,"end":7,"url":null,"entity_id":"Q1076769","candidates":[]}]],[[{"start":0,"end":5,"url":null,"entity_id":"Q170616","candidates":[]}],[{"start":0,"end":7,"url":null,"entity_id":"Q16555","candidates":[]}],[{"start":0,"end":11,"url":null,"entity_id":"Q926492","candidates":[]}]],[[{"start":0,"end":7,"url":null,"entity_id":"Q179691","candidates":[]}],[{"start":0,"end":11,"url":null,"entity_id":"Q959","candidates":[]}],[{"start":0,"end":9,"url":null,"entity_id":"Q711693","candidates":[]}]],[[{"start":0,"end":8,"url":null,"entity_id":"Q174691","candidates":[]}],[{"start":0,"end":3,"url":null,"entity_id":"Q36167","candidates":[]}],[{"start":0,"end":10,"url":null,"entity_id":"Q79385","candidates":[]}]],[[{"start":0,"end":7,"url":null,"entity_id":"Q37951","candidates":[]}],[{"start":0,"end":11,"url":null,"entity_id":"Q883","candidates":[]}],[{"start":0,"end":12,"url":null,"entity_id":"Q647388","candidates":[]}]],[[{"start":0,"end":8,"url":null,"entity_id":"Q38283","candidates":[]}],[{"start":0,"end":9,"url":null,"entity_id":"Q79808","candidates":[]}],[{"start":0,"end":11,"url":null,"entity_id":"Q1192964","candidates":[]}]],[[{"start":0,"end":6,"url":null,"entity_id":"Q46747","candidates":[]}],[{"start":0,"end":6,"url":null,"entity_id":"Q647","candidates":[]}],[{"start":0,"end":7,"url":null,"entity_id":"Q1042308","candidates":[]}]],[[{"start":0,"end":4,"url":null,"entity_id":"Q48320","candidates":[]}],[{"start":0,"end":4,"url":null,"entity_id":"Q1773","candidates":[]}],[{"start":0,"end":14,"url":null,"entity_id":"Q277434","candidates":[]}]],[[{"start":0,"end":5,"url":null,"entity_id":"Q35765","candidates":[]}],[{"start":0,"end":13,"url":null,"entity_id":"Q62","candidates":[]}],[{"start":0,"end":8,"url":null,"entity_id":"Q275123","candidates":[]}]],[[{"start":0,"end":9,"url":null,"entity_id":"Q185125","candidates":[]}],[{"start":0,"end":9,"url":null,"entity_id":"Q49218","candidates":[]}],[{"start":0,"end":8,"url":null,"entity_id":"Q1131075","candidates":[]}]],[[{"start":0,"end":5,"url":null,"entity_id":"Q193428","candidates":[]}],[{"start":0,"end":15,"url":null,"entity_id":"Q47037646","candidates":[]}],[{"start":0,"end":9,"url":null,"entity_id":"Q1041996","candidates":[]}]],[[{"start":0,"end":10,"url":null,"entity_id":"Q188806","candidates":[]}],[{"start":0,"end":8,"url":null,"entity_id":"Q11462","candidates":[]}],[{"start":0,"end":16,"url":null,"entity_id":"Q857895","candidates":[]}]],[[{"start":0,"end":8,"url":null,"entity_id":"Q199889","candidates":[]}],[{"start":0,"end":11,"url":null,"entity_id":"Q975","candidates":[]}],[{"start":0,"end":7,"url":null,"entity_id":"Q137716","candidates":[]}]],[[{"start":0,"end":6,"url":null,"entity_id":"Q11751","candidates":[]}],[{"start":0,"end":11,"url":null,"entity_id":"Q65","candidates":[]}],[{"start":0,"end":10,"url":null,"entity_id":"Q578824","candidates":[]}]],[[{"start":0,"end":7,"url":null,"entity_id":"Q26600","candidates":[]}],[{"start":0,"end":9,"url":null,"entity_id":"Q16572","candidates":[]}],[{"start":0,"end":8,"url":null,"entity_id":"Q948351","candidates":[]}]],[[{"start":0,"end":5,"url":null,"entity_id":"Q34600","candidates":[]}],[{"start":0,"end":4,"url":null,"entity_id":"Q1899","candidates":[]}],[{"start":0,"end":11,"url":null,"entity_id":"Q1154588","candidates":[]}]],[[{"start":0,"end":9,"url":null,"entity_id":"Q34664","candidates":[]}],[{"start":0,"end":8,"url":null,"entity_id":"Q340","candidates":[]}],[{"start":0,"end":7,"url":null,"entity_id":"Q63436","candidates":[]}]],[[{"start":0,"end":10,"url":null,"entity_id":"Q209779","candidates":[]}],[{"start":0,"end":7,"url":null,"entity_id":"Q172","candidates":[]}],[{"start":0,"end":7,"url":null,"entity_id":"Q1132074","candidates":[]}]],[[{"start":0,"end":7,"url":null,"entity_id":"Q200078","candidates":[]}],[{"start":0,"end":7,"url":null,"entity_id":"Q271917","candidates":[]}],[{"start":0,"end":7,"url":null,"entity_id":"Q855478","candidates":[]}]]]}