{"version":"1.2","table":{"version":"2","table_id":"ZW9SKW84","columns":[{"index":0,"name":"col0","values":["square Malherbe","square Léon-Guillot","square Lowendal","square Louise-et-Tony","square Louis-Gentil","square Leroy-Beaulieu","square Leibniz","square Lamarck","square Lagarde","square La Fontaine","square La Bruyère","square La Champmeslé","square Jules-Chéret","square Jouvenet","square Jean-Thébaud","square Jean-Paul-Laurens","square Jean-Falck","square Jasmin","square Henry-Paté","square Henri-Duparc","square Henri-Delormel","square Henri-Bataille","square Grangé","square Gouvion-Saint-Cyr","square Got","square Georges-Lesage","square Gaston-Bertandeau","square Gabriel-Fauré","square Frédéric-Vallois","square Fernand-de-la-Tombelle","square Emmanuel-Chabrier","square Dunois","square Desnouettes","square Desaix","square Delambre","square Chauré","square Charles-Laurent","square Charles-Dickens","square Caulaincourt","square Brizeux","square Brancion","square Bolivar","square Beaujon","square Auguste-Renoir","square Arago","square Antoine-Arnauld","square André-Lichtenberger","square André-Tollet","square Alice","square Alfred-Dehodencq","square Alboni","square Albin-Cachot","square Albert-Bartholomé"]},{"index":1,"name":"col1","values":["16.3","11.1","11.05","11","25","15.5","10","12.05","11","9","10","3","13","8","12","15.5","12","6","6.8","5","12","54","7","9.6","14","12","8","7.3","12","7.5","6.5","4","12","15","13","5","11","7","9","10","24.5","11.7","3","9","12","12","5","45","10","8","12","15.5","6"]},{"index":2,"name":"col2","values":["68","80","67","28","70","25","95","51","22","53","43","99","55","25","200","27","37","57.53","153","68","55","68","70","24","78","54","30","165","40","40","54","146","78","103","124","60","190","35","79","125","70","95","85","240","36","24","135","95","40","37","267","120","57"]}]},"context":{"page_title":null,"page_url":null,"page_entity_id":null,"content_hierarchy":[]},"links":[[[{"start":0,"end":15,"url":null,"entity_id":"Q3494707","candidates":[]}],[],[]],[[{"start":0,"end":19,"url":null,"entity_id":"Q3494703","candidates":[]}],[],[]],[[{"start":0,"end":15,"url":null,"entity_id":"Q3494695","candidates":[]}],[],[]],[[{"start":0,"end":21,"url":null,"entity_id":"Q3494694","candidates":[]}],[],[]],[[{"start":0,"end":19,"url":null,"entity_id":"Q3494683","candidates":[]}],[],[]],[[{"start":0,"end":21,"url":null,"entity_id":"Q3494681","candidates":[]}],[],[]],[[{"start":0,"end":14,"url":null,"entity_id":"Q3494680","candidates":[]}],[],[]],[[{"start":0,"end":14,"url":null,"entity_id":"Q3494674","candidates":[]}],[],[]],[[{"start":0,"end":14,"url":null,"entity_id":"Q3494673","candidates":[]}],[],[]],[[{"start":0,"end":18,"url":null,"entity_id":"Q3494672","candidates":[]}],[],[]],[[{"start":0,"end":17,"url":null,"entity_id":"Q3494671","candidates":[]}],[],[]],[[{"start":0,"end":20,"url":null,"entity_id":"Q3494670","candidates":[]}],[],[]],[[{"start":0,"end":19,"url":null,"entity_id":"Q3494656","candidates":[]}],[],[]],[[{"start":0,"end":15,"url":null,"entity_id":"Q3494655","candidates":[]}],[],[]],[[{"start":0,"end":19,"url":null,"entity_id":"Q3494650","candidates":[]}],[],[]],[[{"start":0,"end":24,"url":null,"entity_id":"Q3494648","candidates":[]}],[],[]],[[{"start":0,"end":17,"url":null,"entity_id":"Q3494644","candidates":[]}],[],[]],[[{"start":0,"end":13,"url":null,"entity_id":"Q3494639","candidates":[]}],[],[]],[[{"start":0,"end":17,"url":null,"entity_id":"Q3494629","candidates":[]}],[],[]],[[{"start":0,"end":19,"url":null,"entity_id":"Q3494621","candidates":[]}],[],[]],[[{"start":0,"end":21,"url":null,"entity_id":"Q3494618","candidates":[]}],[],[]],[[{"start":0,"end":21,"url":null,"entity_id":"Q3494613","candidates":[]}],[],[]],[[{"start":0,"end":13,"url":null,"entity_id":"Q3494609","candidates":[]}],[],[]],[[{"start":0,"end":24,"url":null,"entity_id":"Q3494607","candidates":[]}],[],[]],[[{"start":0,"end":10,"url":null,"entity_id":"Q3494606","candidates":[]}],[],[]],[[{"start":0,"end":21,"url":null,"entity_id":"Q3494598","candidates":[]}],[],[]],[[{"start":0,"end":24,"url":null,"entity_id":"Q3494593","candidates":[]}],[],[]],[[{"start":0,"end":20,"url":null,"entity_id":"Q3494585","candidates":[]}],[],[]],[[{"start":0,"end":23,"url":null,"entity_id":"Q3494580","candidates":[]}],[],[]],[[{"start":0,"end":29,"url":null,"entity_id":"Q3494570","candidates":[]}],[],[]],[[{"start":0,"end":24,"url":null,"entity_id":"Q3494560","candidates":[]}],[],[]],[[{"start":0,"end":13,"url":null,"entity_id":"Q3494556","candidates":[]}],[],[]],[[{"start":0,"end":18,"url":null,"entity_id":"Q3494554","candidates":[]}],[],[]],[[{"start":0,"end":13,"url":null,"entity_id":"Q3494553","candidates":[]}],[],[]],[[{"start":0,"end":15,"url":null,"entity_id":"Q3494550","candidates":[]}],[],[]],[[{"start":0,"end":13,"url":null,"entity_id":"Q3494531","candidates":[]}],[],[]],[[{"start":0,"end":22,"url":null,"entity_id":"Q3494526","candidates":[]}],[],[]],[[{"start":0,"end":22,"url":null,"entity_id":"Q3494522","candidates":[]}],[],[]],[[{"start":0,"end":19,"url":null,"entity_id":"Q3494519","candidates":[]}],[],[]],[[{"start":0,"end":14,"url":null,"entity_id":"Q3494508","candidates":[]}],[],[]],[[{"start":0,"end":15,"url":null,"entity_id":"Q3494506","candidates":[]}],[],[]],[[{"start":0,"end":14,"url":null,"entity_id":"Q3494499","candidates":[]}],[],[]],[[{"start":0,"end":14,"url":null,"entity_id":"Q3494497","candidates":[]}],[],[]],[[{"start":0,"end":21,"url":null,"entity_id":"Q3494493","candidates":[]}],[],[]],[[{"start":0,"end":12,"url":null,"entity_id":"Q3494488","candidates":[]}],[],[]],[[{"start":0,"end":22,"url":null,"entity_id":"Q3494482","candidates":[]}],[],[]],[[{"start":0,"end":26,"url":null,"entity_id":"Q3494478","candidates":[]}],[],[]],[[{"start":0,"end":19,"url":null,"entity_id":"Q3494477","candidates":[]}],[],[]],[[{"start":0,"end":12,"url":null,"entity_id":"Q3494471","candidates":[]}],[],[]],[[{"start":0,"end":23,"url":null,"entity_id":"Q3494469","candidates":[]}],[],[]],[[{"start":0,"end":13,"url":null,"entity_id":"Q3494456","candidates":[]}],[],[]],[[{"start":0,"end":19,"url":null,"entity_id":"Q3494455","candidates":[]}],[],[]],[[{"start":0,"end":24,"url":null,"entity_id":"Q3494447","candidates":[]}],[],[]]]}