{"version":"1.2","table":{"version":"2","table_id":"9IDKWK3X","columns":[{"index":0,"name":"col0","values":["Lapinrinne","Kungsklippan","Keimolanmäki","Sågen","Sickla udde","Östra Söderkulla","Nydala, Malmö","Tranebergs strand","Villastaden","Suvela","Gröndal","Hammarby Sjöstad","Merihaka","Lindängen","Kastanjegården","Hermodsdal","Eriksfält","Augustenborg","Almvik, Malmö","Almhög"]},{"index":1,"name":"col1","values":["Rovaniemi","Stockholm Municipality","Vantaa","Haninge Municipality","Stockholm Municipality","Malmö Municipality","Malmö Municipality","Stockholm Municipality","Stockholm Municipality","Espoo","Malmö Municipality","Stockholm Municipality","Helsinki","Malmö Municipality","Malmö Municipality","Malmö Municipality","Malmö Municipality","Malmö Municipality","Malmö Municipality","Malmö Municipality"]},{"index":2,"name":"col2","values":["Korkalovaara","Kungsholmen","Keimola","Vendelsö","Hammarby Sjöstad","Fosie","Fosie","Traneberg","Östermalm","Espoon keskus","Hyllie","Södra Hammarbyhamnen","Sörnäinen","Fosie","Fosie","Fosie","Fosie","Fosie","Fosie","Fosie"]}]},"context":{"page_title":null,"page_url":null,"page_entity_id":null,"content_hierarchy":[]},"links":[[[{"start":0,"end":12,"url":null,"entity_id":"Q10550336","candidates":[]}],[{"start":0,"end":22,"url":null,"entity_id":"Q506250","candidates":[]}],[{"start":0,"end":11,"url":null,"entity_id":"Q15054735","candidates":[]}]],[[{"start":0,"end":12,"url":null,"entity_id":"Q11870749","candidates":[]}],[{"start":0,"end":6,"url":null,"entity_id":"Q127623","candidates":[]}],[{"start":0,"end":7,"url":null,"entity_id":"Q10551590","candidates":[]}]],[[{"start":0,"end":5,"url":null,"entity_id":"Q7665803","candidates":[]}],[{"start":0,"end":20,"url":null,"entity_id":"Q113692","candidates":[]}],[{"start":0,"end":8,"url":null,"entity_id":"Q6382776","candidates":[]}]],[[{"start":0,"end":11,"url":null,"entity_id":"Q10667344","candidates":[]}],[{"start":0,"end":22,"url":null,"entity_id":"Q506250","candidates":[]}],[{"start":0,"end":16,"url":null,"entity_id":"Q3126518","candidates":[]}]],[[{"start":0,"end":16,"url":null,"entity_id":"Q8079084","candidates":[]}],[{"start":0,"end":18,"url":null,"entity_id":"Q503361","candidates":[]}],[{"start":0,"end":5,"url":null,"entity_id":"Q2962119","candidates":[]}]],[[{"start":0,"end":13,"url":null,"entity_id":"Q7071032","candidates":[]}],[{"start":0,"end":18,"url":null,"entity_id":"Q503361","candidates":[]}],[{"start":0,"end":5,"url":null,"entity_id":"Q2962119","candidates":[]}]],[[{"start":0,"end":17,"url":null,"entity_id":"Q10701260","candidates":[]}],[{"start":0,"end":22,"url":null,"entity_id":"Q506250","candidates":[]}],[{"start":0,"end":9,"url":null,"entity_id":"Q1589316","candidates":[]}]],[[{"start":0,"end":11,"url":null,"entity_id":"Q10715546","candidates":[]}],[{"start":0,"end":22,"url":null,"entity_id":"Q506250","candidates":[]}],[{"start":0,"end":9,"url":null,"entity_id":"Q298489","candidates":[]}]],[[{"start":0,"end":6,"url":null,"entity_id":"Q10689108","candidates":[]}],[{"start":0,"end":5,"url":null,"entity_id":"Q47034","candidates":[]}],[{"start":0,"end":13,"url":null,"entity_id":"Q211489","candidates":[]}]],[[{"start":0,"end":7,"url":null,"entity_id":"Q5612861","candidates":[]}],[{"start":0,"end":18,"url":null,"entity_id":"Q503361","candidates":[]}],[{"start":0,"end":6,"url":null,"entity_id":"Q4994149","candidates":[]}]],[[{"start":0,"end":16,"url":null,"entity_id":"Q3126518","candidates":[]}],[{"start":0,"end":22,"url":null,"entity_id":"Q506250","candidates":[]}],[{"start":0,"end":20,"url":null,"entity_id":"Q4411341","candidates":[]}]],[[{"start":0,"end":8,"url":null,"entity_id":"Q476125","candidates":[]}],[{"start":0,"end":8,"url":null,"entity_id":"Q1757","candidates":[]}],[{"start":0,"end":9,"url":null,"entity_id":"Q3090204","candidates":[]}]],[[{"start":0,"end":9,"url":null,"entity_id":"Q6553008","candidates":[]}],[{"start":0,"end":18,"url":null,"entity_id":"Q503361","candidates":[]}],[{"start":0,"end":5,"url":null,"entity_id":"Q2962119","candidates":[]}]],[[{"start":0,"end":14,"url":null,"entity_id":"Q6374788","candidates":[]}],[{"start":0,"end":18,"url":null,"entity_id":"Q503361","candidates":[]}],[{"start":0,"end":5,"url":null,"entity_id":"Q2962119","candidates":[]}]],[[{"start":0,"end":10,"url":null,"entity_id":"Q5741965","candidates":[]}],[{"start":0,"end":18,"url":null,"entity_id":"Q503361","candidates":[]}],[{"start":0,"end":5,"url":null,"entity_id":"Q2962119","candidates":[]}]],[[{"start":0,"end":9,"url":null,"entity_id":"Q5389056","candidates":[]}],[{"start":0,"end":18,"url":null,"entity_id":"Q503361","candidates":[]}],[{"start":0,"end":5,"url":null,"entity_id":"Q2962119","candidates":[]}]],[[{"start":0,"end":12,"url":null,"entity_id":"Q4821084","candidates":[]}],[{"start":0,"end":18,"url":null,"entity_id":"Q503361","candidates":[]}],[{"start":0,"end":5,"url":null,"entity_id":"Q2962119","candidates":[]}]],[[{"start":0,"end":13,"url":null,"entity_id":"Q4734036","candidates":[]}],[{"start":0,"end":18,"url":null,"entity_id":"Q503361","candidates":[]}],[{"start":0,"end":5,"url":null,"entity_id":"Q2962119","candidates":[]}]],[[{"start":0,"end":6,"url":null,"entity_id":"Q4733804","candidates":[]}],[{"start":0,"end":18,"url":null,"entity_id":"Q503361","candidates":[]}],[{"start":0,"end":5,"url":null,"entity_id":"Q2962119","candidates":[]}]],[[{"start":0,"end":10,"url":null,"entity_id":"Q11874656","candidates":[]}],[{"start":0,"end":9,"url":null,"entity_id":"Q103717","candidates":[]}],[{"start":0,"end":12,"url":null,"entity_id":"Q18660161","candidates":[]}]]]}