{"version":"1.2","table":{"version":"2","table_id":"9JB6MSQG","columns":[{"index":0,"name":"col0","values":["Roosevlt Island Bridge","Karin Lift Bridge","Fmorence Bridge","ASB ridge","Pont Jacques-Chaan-Delmas","Mennds Bridge","Green Island Bridg","Hastings Raio Bridge","Pont Gustave-Flabert","Finlnd Railway Bridge","Welland Canal, bridge 3","Sarah Mildred Long Btidge","Wittpenn Brdge","Upper HackLift","Bullards Bride","Stillwate Bridge","Prescott Drawcridge","Katwykbrücke","Ryde Bridhe","Tees Newport Bidge"]},{"index":1,"name":"col1","values":["East River","Peenestrom","Illinois River","Missouri River","Garonne","Hudson River","Hudson River","Mississippi River","Seine","Neva","Welland Recreational Waterway","Piscataqua River","Hackensack River","Hackensack River","Coquille River","St. Croix River","St. Croix River","Süderelbe","Parramatta River","River Tees"]},{"index":2,"name":"col2","values":["1955/05/18","1933/01/01","1929/01/01","1911/01/01","2013/03/01","1933/01/01","1981/09/12","1981/01/01","2008/09/25","1912/01/01","1930/01/01","1940/01/01","1930/11/05","1959/03/01","1954/01/01","1931/01/01","1990/01/01","1973/01/01","1987/01/01","1934/02/28"]}]},"context":{"page_title":null,"page_url":null,"page_entity_id":null,"content_hierarchy":[]},"links":[[[{"start":0,"end":17,"url":null,"entity_id":"Q252886","candidates":[]}],[{"start":0,"end":10,"url":null,"entity_id":"Q79185","candidates":[]}],[]],[[{"start":0,"end":15,"url":null,"entity_id":"Q5460573","candidates":[]}],[{"start":0,"end":14,"url":null,"entity_id":"Q8321","candidates":[]}],[]],[[{"start":0,"end":9,"url":null,"entity_id":"Q4654082","candidates":[]}],[{"start":0,"end":14,"url":null,"entity_id":"Q5419","candidates":[]}],[]],[[{"start":0,"end":25,"url":null,"entity_id":"Q3396576","candidates":[]}],[{"start":0,"end":7,"url":null,"entity_id":"Q5077","candidates":[]}],[]],[[{"start":0,"end":13,"url":null,"entity_id":"Q6816444","candidates":[]}],[{"start":0,"end":12,"url":null,"entity_id":"Q3140","candidates":[]}],[]],[[{"start":0,"end":18,"url":null,"entity_id":"Q2487965","candidates":[]}],[{"start":0,"end":12,"url":null,"entity_id":"Q3140","candidates":[]}],[]],[[{"start":0,"end":20,"url":null,"entity_id":"Q5680425","candidates":[]}],[{"start":0,"end":17,"url":null,"entity_id":"Q1497","candidates":[]}],[]],[[{"start":0,"end":20,"url":null,"entity_id":"Q839285","candidates":[]}],[{"start":0,"end":5,"url":null,"entity_id":"Q1471","candidates":[]}],[]],[[{"start":0,"end":21,"url":null,"entity_id":"Q3562936","candidates":[]}],[{"start":0,"end":4,"url":null,"entity_id":"Q645","candidates":[]}],[]],[[{"start":0,"end":23,"url":null,"entity_id":"Q7981150","candidates":[]}],[{"start":0,"end":29,"url":null,"entity_id":"Q7981163","candidates":[]}],[]],[[{"start":0,"end":25,"url":null,"entity_id":"Q7422607","candidates":[]}],[{"start":0,"end":16,"url":null,"entity_id":"Q7198225","candidates":[]}],[]],[[{"start":0,"end":14,"url":null,"entity_id":"Q8028626","candidates":[]}],[{"start":0,"end":16,"url":null,"entity_id":"Q3125487","candidates":[]}],[]],[[{"start":0,"end":14,"url":null,"entity_id":"Q7898675","candidates":[]}],[{"start":0,"end":16,"url":null,"entity_id":"Q3125487","candidates":[]}],[]],[[{"start":0,"end":14,"url":null,"entity_id":"Q14629174","candidates":[]}],[{"start":0,"end":14,"url":null,"entity_id":"Q2996943","candidates":[]}],[]],[[{"start":0,"end":16,"url":null,"entity_id":"Q7617281","candidates":[]}],[{"start":0,"end":15,"url":null,"entity_id":"Q1507416","candidates":[]}],[]],[[{"start":0,"end":19,"url":null,"entity_id":"Q7240841","candidates":[]}],[{"start":0,"end":15,"url":null,"entity_id":"Q1507416","candidates":[]}],[]],[[{"start":0,"end":12,"url":null,"entity_id":"Q14552136","candidates":[]}],[{"start":0,"end":9,"url":null,"entity_id":"Q827919","candidates":[]}],[]],[[{"start":0,"end":11,"url":null,"entity_id":"Q7384879","candidates":[]}],[{"start":0,"end":16,"url":null,"entity_id":"Q648392","candidates":[]}],[]],[[{"start":0,"end":18,"url":null,"entity_id":"Q7694534","candidates":[]}],[{"start":0,"end":10,"url":null,"entity_id":"Q515022","candidates":[]}],[]],[[{"start":0,"end":22,"url":null,"entity_id":"Q282921","candidates":[]}],[{"start":0,"end":10,"url":null,"entity_id":"Q212862","candidates":[]}],[]]]}