{"version":"1.2","table":{"version":"2","table_id":"9NTN4BP8","columns":[{"index":0,"name":"col0","values":["Central Norway Regional Health Authority","Ruselectronics","Московский метрополитен","Oslo University Hospital","Aviation Industry Corporation of China","Rostec","Wiener Stadtwerke","Rostelecom","Mini Maritsa Iztok","Southern and Eastern Norway Regional Health Authority","State Air Traffic Management Corporation of the Russian Federation","LESY Slovenskej republiky","Rosneft","China Unicom","China National Offshore Oil Corporation","Bank of China","Hofbräuhaus","Russian Railways","China National Petroleum Corporation","Roscosmos State Corporation"]},{"index":1,"name":"col1","values":["21000000000","58981000000","70256000000","23000000000","438804450000","1589000000000","3422500000","320239000000","565959000","82000000000","93144000000","234248084","6014000000000","292185290000","715249360000","473912000000","54000000","2251703000000","2599417420000","26999900000"]},{"index":2,"name":"col2","values":["21600","33983","36613","24000","535942","453000","15336","1286","7525","80000","29358","3566","159000","48162","4019","310042","125","737000","1589508","500"]}]},"context":{"page_title":null,"page_url":null,"page_entity_id":null,"content_hierarchy":[]},"links":[[[{"start":0,"end":14,"url":null,"entity_id":"Q4398011","candidates":[]}],[],[]],[[{"start":0,"end":23,"url":null,"entity_id":"Q4304199","candidates":[]}],[],[]],[[{"start":0,"end":24,"url":null,"entity_id":"Q3111191","candidates":[]}],[],[]],[[{"start":0,"end":38,"url":null,"entity_id":"Q2667719","candidates":[]}],[],[]],[[{"start":0,"end":6,"url":null,"entity_id":"Q1840188","candidates":[]}],[],[]],[[{"start":0,"end":17,"url":null,"entity_id":"Q1779248","candidates":[]}],[],[]],[[{"start":0,"end":10,"url":null,"entity_id":"Q1477012","candidates":[]}],[],[]],[[{"start":0,"end":18,"url":null,"entity_id":"Q12286816","candidates":[]}],[],[]],[[{"start":0,"end":53,"url":null,"entity_id":"Q7570642","candidates":[]}],[],[]],[[{"start":0,"end":66,"url":null,"entity_id":"Q16638915","candidates":[]}],[],[]],[[{"start":0,"end":25,"url":null,"entity_id":"Q12770292","candidates":[]}],[],[]],[[{"start":0,"end":7,"url":null,"entity_id":"Q1141123","candidates":[]}],[],[]],[[{"start":0,"end":12,"url":null,"entity_id":"Q1068485","candidates":[]}],[],[]],[[{"start":0,"end":39,"url":null,"entity_id":"Q795354","candidates":[]}],[],[]],[[{"start":0,"end":13,"url":null,"entity_id":"Q790068","candidates":[]}],[],[]],[[{"start":0,"end":11,"url":null,"entity_id":"Q697534","candidates":[]}],[],[]],[[{"start":0,"end":16,"url":null,"entity_id":"Q660770","candidates":[]}],[],[]],[[{"start":0,"end":36,"url":null,"entity_id":"Q588786","candidates":[]}],[],[]],[[{"start":0,"end":27,"url":null,"entity_id":"Q190795","candidates":[]}],[],[]],[[{"start":0,"end":40,"url":null,"entity_id":"Q5061531","candidates":[]}],[],[]]]}