{"version":"1.2","table":{"version":"2","table_id":"9PR9XRFC","columns":[{"index":0,"name":"col0","values":["Movjng Image Archive","Hong Kong Flm Archive","Fllmske novosti","incolnshire Fil Arcive","Filmarchiv Austri","Bekeley rt Museum and Pacific Film Archive","National ilm Archive of Japan","Kaohsiung ilm Archive","Georgg Eastman Museum","National Center for Jewish Fklm","Harvard Fil Archive","South West Film and Television Archivf","Yorkshire Film Archiye","Arkivi Qendror Shteteror I Filmt","Anthology Film Arcives","Kinotema Bsne i Hercegovine","EYE Film Institute Neterlands","State Film and Photo Documets Archive of Azerbaijan Republic","Filmoteca de Cbtalunya","Slovak Fiom Institute"]},{"index":1,"name":"col1","values":["United Kingdom","People's Republic of China","Serbia","United Kingdom","Austria","United States of America","Japan","People's Republic of China","United States of America","United States of America","United States of America","United Kingdom","United Kingdom","Albania","United States of America","Bosnia and Herzegovina","Netherlands","Azerbaijan","Spain","Slovakia"]},{"index":2,"name":"col2","values":["Glasgow City","Sai Wan Ho","Belgrade District","Spalding","Laxenburg","Berkeley","Chūō-ku","Kaohsiung","Rochester","Waltham","Cambridge","Plymouth","York","Tirana","Manhattan","Sarajevo","Amsterdam","Baku","Catalonia","Bratislava"]}]},"context":{"page_title":null,"page_url":null,"page_entity_id":null,"content_hierarchy":[]},"links":[[[{"start":0,"end":21,"url":null,"entity_id":"Q756683","candidates":[]}],[{"start":0,"end":26,"url":null,"entity_id":"Q148","candidates":[]}],[{"start":0,"end":10,"url":null,"entity_id":"Q7399828","candidates":[]}]],[[{"start":0,"end":15,"url":null,"entity_id":"Q25461912","candidates":[]}],[{"start":0,"end":6,"url":null,"entity_id":"Q403","candidates":[]}],[{"start":0,"end":17,"url":null,"entity_id":"Q2074197","candidates":[]}]],[[{"start":0,"end":22,"url":null,"entity_id":"Q47017659","candidates":[]}],[{"start":0,"end":14,"url":null,"entity_id":"Q145","candidates":[]}],[{"start":0,"end":8,"url":null,"entity_id":"Q1185203","candidates":[]}]],[[{"start":0,"end":17,"url":null,"entity_id":"Q745350","candidates":[]}],[{"start":0,"end":7,"url":null,"entity_id":"Q40","candidates":[]}],[{"start":0,"end":9,"url":null,"entity_id":"Q699437","candidates":[]}]],[[{"start":0,"end":42,"url":null,"entity_id":"Q2916280","candidates":[]}],[{"start":0,"end":24,"url":null,"entity_id":"Q30","candidates":[]}],[{"start":0,"end":8,"url":null,"entity_id":"Q484678","candidates":[]}]],[[{"start":0,"end":29,"url":null,"entity_id":"Q51371009","candidates":[]}],[{"start":0,"end":5,"url":null,"entity_id":"Q17","candidates":[]}],[{"start":0,"end":7,"url":null,"entity_id":"Q212704","candidates":[]}]],[[{"start":0,"end":21,"url":null,"entity_id":"Q16929443","candidates":[]}],[{"start":0,"end":26,"url":null,"entity_id":"Q148","candidates":[]}],[{"start":0,"end":9,"url":null,"entity_id":"Q181557","candidates":[]}]],[[{"start":0,"end":21,"url":null,"entity_id":"Q1507284","candidates":[]}],[{"start":0,"end":24,"url":null,"entity_id":"Q30","candidates":[]}],[{"start":0,"end":9,"url":null,"entity_id":"Q49218","candidates":[]}]],[[{"start":0,"end":31,"url":null,"entity_id":"Q6971345","candidates":[]}],[{"start":0,"end":24,"url":null,"entity_id":"Q30","candidates":[]}],[{"start":0,"end":7,"url":null,"entity_id":"Q49190","candidates":[]}]],[[{"start":0,"end":19,"url":null,"entity_id":"Q14715515","candidates":[]}],[{"start":0,"end":24,"url":null,"entity_id":"Q30","candidates":[]}],[{"start":0,"end":9,"url":null,"entity_id":"Q49111","candidates":[]}]],[[{"start":0,"end":38,"url":null,"entity_id":"Q47490669","candidates":[]}],[{"start":0,"end":14,"url":null,"entity_id":"Q145","candidates":[]}],[{"start":0,"end":8,"url":null,"entity_id":"Q43382","candidates":[]}]],[[{"start":0,"end":22,"url":null,"entity_id":"Q46114920","candidates":[]}],[{"start":0,"end":14,"url":null,"entity_id":"Q145","candidates":[]}],[{"start":0,"end":4,"url":null,"entity_id":"Q42462","candidates":[]}]],[[{"start":0,"end":32,"url":null,"entity_id":"Q16349179","candidates":[]}],[{"start":0,"end":7,"url":null,"entity_id":"Q222","candidates":[]}],[{"start":0,"end":6,"url":null,"entity_id":"Q19689","candidates":[]}]],[[{"start":0,"end":22,"url":null,"entity_id":"Q572548","candidates":[]}],[{"start":0,"end":24,"url":null,"entity_id":"Q30","candidates":[]}],[{"start":0,"end":9,"url":null,"entity_id":"Q11299","candidates":[]}]],[[{"start":0,"end":27,"url":null,"entity_id":"Q54933435","candidates":[]}],[{"start":0,"end":22,"url":null,"entity_id":"Q225","candidates":[]}],[{"start":0,"end":8,"url":null,"entity_id":"Q11194","candidates":[]}]],[[{"start":0,"end":29,"url":null,"entity_id":"Q1538389","candidates":[]}],[{"start":0,"end":11,"url":null,"entity_id":"Q55","candidates":[]}],[{"start":0,"end":9,"url":null,"entity_id":"Q9899","candidates":[]}]],[[{"start":0,"end":60,"url":null,"entity_id":"Q55698564","candidates":[]}],[{"start":0,"end":10,"url":null,"entity_id":"Q227","candidates":[]}],[{"start":0,"end":4,"url":null,"entity_id":"Q9248","candidates":[]}]],[[{"start":0,"end":22,"url":null,"entity_id":"Q4894418","candidates":[]}],[{"start":0,"end":5,"url":null,"entity_id":"Q29","candidates":[]}],[{"start":0,"end":9,"url":null,"entity_id":"Q5705","candidates":[]}]],[[{"start":0,"end":21,"url":null,"entity_id":"Q16516906","candidates":[]}],[{"start":0,"end":8,"url":null,"entity_id":"Q214","candidates":[]}],[{"start":0,"end":10,"url":null,"entity_id":"Q1780","candidates":[]}]],[[{"start":0,"end":20,"url":null,"entity_id":"Q50841422","candidates":[]}],[{"start":0,"end":14,"url":null,"entity_id":"Q145","candidates":[]}],[{"start":0,"end":12,"url":null,"entity_id":"Q55934339","candidates":[]}]]]}