{"version":"1.2","table":{"version":"2","table_id":"9QW7EQVG","columns":[{"index":0,"name":"col0","values":["Hamdan District","Khabb wa ash Sha'af District","Assafi'yah District","Al Hazm District","Ath'thaorah District","At Tahrir District","Shu'aub District","Al Humaydat District","Al Mahwait District","Hufash District","Damt District","Al Haymah Al Kharijiyah District","Bart Al Anan District","Al Husha District","Az'zal District","Khamir District","Habban District","Crater District","Bajil District","Al Matammah District"]},{"index":1,"name":"col1","values":["14078","10072","15755","3961","25200","10893","30293","2624","7081","5426","7636","8685","8459","8718","16096","8971","3369","12893","28021","3717"]},{"index":2,"name":"col2","values":["57066","42551","63356","17425","94147","38648","115786","10937","25257","18912","31414","29522","31568","30237","61187","37249","15237","39968","86553","15168"]},{"index":3,"name":"col3","values":["111141","80193","109109","30952","170145","66898","213939","20026","50526","37884","60944","58454","59463","60178","115054","73225","29846","76723","46005","28935"]},{"index":4,"name":"col4","values":["295","325104","10.4","160053","21.6","2.8","15","5123","58.501","37.882","371","18485","158604","391","14.7","72150","908","5901.7","1645","7387"]},{"index":5,"name":"col5","values":["54074","37642","45753","13527","75998","28250","98153","9089","25269","18972","29530","28932","27895","29941","53867","35976","14609","36755","83331","13767"]}]},"context":{"page_title":null,"page_url":null,"page_entity_id":null,"content_hierarchy":[]},"links":[[[{"start":0,"end":28,"url":null,"entity_id":"Q4117286","candidates":[]}],[],[],[],[],[]],[[{"start":0,"end":19,"url":null,"entity_id":"Q4117279","candidates":[]}],[],[],[],[],[]],[[{"start":0,"end":16,"url":null,"entity_id":"Q4117277","candidates":[]}],[],[],[],[],[]],[[{"start":0,"end":20,"url":null,"entity_id":"Q4117271","candidates":[]}],[],[],[],[],[]],[[{"start":0,"end":18,"url":null,"entity_id":"Q4117257","candidates":[]}],[],[],[],[],[]],[[{"start":0,"end":16,"url":null,"entity_id":"Q4117252","candidates":[]}],[],[],[],[],[]],[[{"start":0,"end":20,"url":null,"entity_id":"Q4117250","candidates":[]}],[],[],[],[],[]],[[{"start":0,"end":19,"url":null,"entity_id":"Q4117248","candidates":[]}],[],[],[],[],[]],[[{"start":0,"end":15,"url":null,"entity_id":"Q4117243","candidates":[]}],[],[],[],[],[]],[[{"start":0,"end":13,"url":null,"entity_id":"Q4117240","candidates":[]}],[],[],[],[],[]],[[{"start":0,"end":32,"url":null,"entity_id":"Q4117232","candidates":[]}],[],[],[],[],[]],[[{"start":0,"end":21,"url":null,"entity_id":"Q4117229","candidates":[]}],[],[],[],[],[]],[[{"start":0,"end":17,"url":null,"entity_id":"Q4117227","candidates":[]}],[],[],[],[],[]],[[{"start":0,"end":15,"url":null,"entity_id":"Q4117188","candidates":[]}],[],[],[],[],[]],[[{"start":0,"end":15,"url":null,"entity_id":"Q3196049","candidates":[]}],[],[],[],[],[]],[[{"start":0,"end":15,"url":null,"entity_id":"Q3125264","candidates":[]}],[],[],[],[],[]],[[{"start":0,"end":15,"url":null,"entity_id":"Q2263449","candidates":[]}],[],[],[],[],[]],[[{"start":0,"end":14,"url":null,"entity_id":"Q2217814","candidates":[]}],[],[],[],[],[]],[[{"start":0,"end":20,"url":null,"entity_id":"Q1884259","candidates":[]}],[],[],[],[],[]],[[{"start":0,"end":15,"url":null,"entity_id":"Q4117299","candidates":[]}],[],[],[],[],[]]]}