{"version":"1.2","table":{"version":"2","table_id":"9RALMNWY","columns":[{"index":0,"name":"col0","values":["Leipzig University","University of Potsdam","Freie Universität Berlin","Humboldt University of Berlin","University of Bologna","L. N. Gumilyov Eurasian National University","Kazan Federal University","Boston College","University of Bergamo","Vanderbilt University","Miguel Hernández University of Elche","University of Southern California","University of Wuppertal","Al-Farabi Kazakh National University","University of Malta","Adam Mickiewicz University in Poznań","University of Wrocław","University of Lancaster","University of Belgrade","Complutense University of Madrid"]},{"index":1,"name":"col1","values":["30226","19972","33000","35587","79999","11300","44992","14395","15206","12093","18965","36896","21949","20000","11500","47000","31557","12","75047","91598"]},{"index":2,"name":"col2","values":["5300","3983","4200","4479","7688","1678","2300","3800","555","3358","1792","19035","3200","2000","600","3000","3480","2250","4200","10506"]}]},"context":{"page_title":null,"page_url":null,"page_entity_id":null,"content_hierarchy":[]},"links":[[[{"start":0,"end":21,"url":null,"entity_id":"Q153012","candidates":[]}],[],[]],[[{"start":0,"end":24,"url":null,"entity_id":"Q153006","candidates":[]}],[],[]],[[{"start":0,"end":29,"url":null,"entity_id":"Q152087","candidates":[]}],[],[]],[[{"start":0,"end":21,"url":null,"entity_id":"Q131262","candidates":[]}],[],[]],[[{"start":0,"end":43,"url":null,"entity_id":"Q127745","candidates":[]}],[],[]],[[{"start":0,"end":24,"url":null,"entity_id":"Q113788","candidates":[]}],[],[]],[[{"start":0,"end":14,"url":null,"entity_id":"Q49118","candidates":[]}],[],[]],[[{"start":0,"end":21,"url":null,"entity_id":"Q45855","candidates":[]}],[],[]],[[{"start":0,"end":21,"url":null,"entity_id":"Q29052","candidates":[]}],[],[]],[[{"start":0,"end":36,"url":null,"entity_id":"Q24676","candidates":[]}],[],[]],[[{"start":0,"end":33,"url":null,"entity_id":"Q4614","candidates":[]}],[],[]],[[{"start":0,"end":23,"url":null,"entity_id":"Q447953","candidates":[]}],[],[]],[[{"start":0,"end":36,"url":null,"entity_id":"Q427677","candidates":[]}],[],[]],[[{"start":0,"end":19,"url":null,"entity_id":"Q426045","candidates":[]}],[],[]],[[{"start":0,"end":36,"url":null,"entity_id":"Q348402","candidates":[]}],[],[]],[[{"start":0,"end":21,"url":null,"entity_id":"Q315658","candidates":[]}],[],[]],[[{"start":0,"end":23,"url":null,"entity_id":"Q262854","candidates":[]}],[],[]],[[{"start":0,"end":22,"url":null,"entity_id":"Q240631","candidates":[]}],[],[]],[[{"start":0,"end":32,"url":null,"entity_id":"Q219694","candidates":[]}],[],[]],[[{"start":0,"end":18,"url":null,"entity_id":"Q154804","candidates":[]}],[],[]]]}