{"version":"1.2","table":{"version":"2","table_id":"9S354HV9","columns":[{"index":0,"name":"col0","values":["Hochschule für Katholische Kirchenmusik und Musikpädagogik Regensburg","University of Applied Sciences Bochum","Rottenburg University of Applied Forest Sciences","Rhine-Waal University of Applied Sciences","University of Applied Sciences Neu-Ulm","Magdeburg-Stendal University of Applied Sciences","University of Applied Sciences Koblenz","University of Applied Sciences Kehl","Bochum University of Applied Sciences","Amberg Institute for Energy Technology","college 21","Aschaffenburg University of Applied Sciences","University of Applied Sciences","University of Applied Sciences Fliedner Fachhochschule","Fachhochschule für die Wirtschaft","Private Hochschule für Wirtschaft und Technik","University of Applied Sciences Meissen","FH Diakonie, Bielefeld","Hochschule Stralsund","Schmalkalden University of Applied Sciences"]},{"index":1,"name":"col1","values":["61","140","110","80","345","126","445","50","475","248","77","298","160","50","26","40","86","30","240","227"]},{"index":2,"name":"col2","values":["90","938","1000","5000","3825","2200","9145","991","6047","3500","1000","2867","2692","268","473","700","648","559","2453","2836"]}]},"context":{"page_title":null,"page_url":null,"page_entity_id":null,"content_hierarchy":[]},"links":[[[{"start":0,"end":37,"url":null,"entity_id":"Q1622183","candidates":[]}],[],[]],[[{"start":0,"end":48,"url":null,"entity_id":"Q1622175","candidates":[]}],[],[]],[[{"start":0,"end":41,"url":null,"entity_id":"Q1622138","candidates":[]}],[],[]],[[{"start":0,"end":38,"url":null,"entity_id":"Q1622129","candidates":[]}],[],[]],[[{"start":0,"end":48,"url":null,"entity_id":"Q1622123","candidates":[]}],[],[]],[[{"start":0,"end":38,"url":null,"entity_id":"Q1622117","candidates":[]}],[],[]],[[{"start":0,"end":35,"url":null,"entity_id":"Q1622113","candidates":[]}],[],[]],[[{"start":0,"end":37,"url":null,"entity_id":"Q1622078","candidates":[]}],[],[]],[[{"start":0,"end":38,"url":null,"entity_id":"Q1622072","candidates":[]}],[],[]],[[{"start":0,"end":10,"url":null,"entity_id":"Q1622069","candidates":[]}],[],[]],[[{"start":0,"end":44,"url":null,"entity_id":"Q1523703","candidates":[]}],[],[]],[[{"start":0,"end":30,"url":null,"entity_id":"Q1481465","candidates":[]}],[],[]],[[{"start":0,"end":54,"url":null,"entity_id":"Q1428381","candidates":[]}],[],[]],[[{"start":0,"end":33,"url":null,"entity_id":"Q1391282","candidates":[]}],[],[]],[[{"start":0,"end":45,"url":null,"entity_id":"Q1391278","candidates":[]}],[],[]],[[{"start":0,"end":38,"url":null,"entity_id":"Q1391248","candidates":[]}],[],[]],[[{"start":0,"end":22,"url":null,"entity_id":"Q1391246","candidates":[]}],[],[]],[[{"start":0,"end":20,"url":null,"entity_id":"Q1391231","candidates":[]}],[],[]],[[{"start":0,"end":43,"url":null,"entity_id":"Q1391222","candidates":[]}],[],[]],[[{"start":0,"end":69,"url":null,"entity_id":"Q1622189","candidates":[]}],[],[]]]}