{"version":"1.2","table":{"version":"2","table_id":"9SEKLD75","columns":[{"index":0,"name":"col0","values":["National Library of Togo","National Library of Serbia","National Library of El Salvador","Biblioteca Nacional de España","Royal Library of Madrid","National Library of Yemen","National Library of Belarus","German National Library","National Central Library of Florence","Library and Archives Canada","National Central Library","National Library of Malaysia","National Library of Vietnam","Liechtenstein State Library","Deutsche Bibliothek","National Széchényi Library","National Library of Latvia","National Library of Finland","Austrian National Library","National Library of Venezuela"]},{"index":1,"name":"col1","values":["Togo","Serbia","El Salvador","Spain","Spain","Yemen","Belarus","Germany","Italy","Canada","Taiwan","Malaysia","Vietnam","Liechtenstein","Germany","Hungary","Latvia","Finland","Austria","Venezuela"]},{"index":2,"name":"col2","values":["Lomé","Belgrade","San Salvador","Madrid","Madrid","Sana'a","Minsk","Leipzig","Florence","Ottawa","Taipei","Kuala Lumpur","Hanoi","Vaduz","Frankfurt am Main","Budapest","Riga","Helsinki","Vienna","Caracas"]}]},"context":{"page_title":null,"page_url":null,"page_entity_id":null,"content_hierarchy":[]},"links":[[[{"start":0,"end":26,"url":null,"entity_id":"Q945496","candidates":[]}],[{"start":0,"end":6,"url":null,"entity_id":"Q403","candidates":[]}],[{"start":0,"end":8,"url":null,"entity_id":"Q3711","candidates":[]}]],[[{"start":0,"end":31,"url":null,"entity_id":"Q621822","candidates":[]}],[{"start":0,"end":11,"url":null,"entity_id":"Q792","candidates":[]}],[{"start":0,"end":12,"url":null,"entity_id":"Q3110","candidates":[]}]],[[{"start":0,"end":29,"url":null,"entity_id":"Q750403","candidates":[]}],[{"start":0,"end":5,"url":null,"entity_id":"Q29","candidates":[]}],[{"start":0,"end":6,"url":null,"entity_id":"Q2807","candidates":[]}]],[[{"start":0,"end":23,"url":null,"entity_id":"Q283349","candidates":[]}],[{"start":0,"end":5,"url":null,"entity_id":"Q29","candidates":[]}],[{"start":0,"end":6,"url":null,"entity_id":"Q2807","candidates":[]}]],[[{"start":0,"end":25,"url":null,"entity_id":"Q618450","candidates":[]}],[{"start":0,"end":5,"url":null,"entity_id":"Q805","candidates":[]}],[{"start":0,"end":6,"url":null,"entity_id":"Q2471","candidates":[]}]],[[{"start":0,"end":27,"url":null,"entity_id":"Q971450","candidates":[]}],[{"start":0,"end":7,"url":null,"entity_id":"Q184","candidates":[]}],[{"start":0,"end":5,"url":null,"entity_id":"Q2280","candidates":[]}]],[[{"start":0,"end":23,"url":null,"entity_id":"Q27302","candidates":[]}],[{"start":0,"end":7,"url":null,"entity_id":"Q183","candidates":[]}],[{"start":0,"end":7,"url":null,"entity_id":"Q2079","candidates":[]}]],[[{"start":0,"end":36,"url":null,"entity_id":"Q460907","candidates":[]}],[{"start":0,"end":5,"url":null,"entity_id":"Q38","candidates":[]}],[{"start":0,"end":8,"url":null,"entity_id":"Q2044","candidates":[]}]],[[{"start":0,"end":27,"url":null,"entity_id":"Q913250","candidates":[]}],[{"start":0,"end":6,"url":null,"entity_id":"Q16","candidates":[]}],[{"start":0,"end":6,"url":null,"entity_id":"Q1930","candidates":[]}]],[[{"start":0,"end":24,"url":null,"entity_id":"Q618340","candidates":[]}],[{"start":0,"end":6,"url":null,"entity_id":"Q865","candidates":[]}],[{"start":0,"end":6,"url":null,"entity_id":"Q1867","candidates":[]}]],[[{"start":0,"end":28,"url":null,"entity_id":"Q625167","candidates":[]}],[{"start":0,"end":8,"url":null,"entity_id":"Q833","candidates":[]}],[{"start":0,"end":12,"url":null,"entity_id":"Q1865","candidates":[]}]],[[{"start":0,"end":27,"url":null,"entity_id":"Q618661","candidates":[]}],[{"start":0,"end":7,"url":null,"entity_id":"Q881","candidates":[]}],[{"start":0,"end":5,"url":null,"entity_id":"Q1858","candidates":[]}]],[[{"start":0,"end":27,"url":null,"entity_id":"Q964098","candidates":[]}],[{"start":0,"end":13,"url":null,"entity_id":"Q347","candidates":[]}],[{"start":0,"end":5,"url":null,"entity_id":"Q1844","candidates":[]}]],[[{"start":0,"end":19,"url":null,"entity_id":"Q1202220","candidates":[]}],[{"start":0,"end":7,"url":null,"entity_id":"Q183","candidates":[]}],[{"start":0,"end":17,"url":null,"entity_id":"Q1794","candidates":[]}]],[[{"start":0,"end":26,"url":null,"entity_id":"Q1063819","candidates":[]}],[{"start":0,"end":7,"url":null,"entity_id":"Q28","candidates":[]}],[{"start":0,"end":8,"url":null,"entity_id":"Q1781","candidates":[]}]],[[{"start":0,"end":26,"url":null,"entity_id":"Q1133733","candidates":[]}],[{"start":0,"end":6,"url":null,"entity_id":"Q211","candidates":[]}],[{"start":0,"end":4,"url":null,"entity_id":"Q1773","candidates":[]}]],[[{"start":0,"end":27,"url":null,"entity_id":"Q420747","candidates":[]}],[{"start":0,"end":7,"url":null,"entity_id":"Q33","candidates":[]}],[{"start":0,"end":8,"url":null,"entity_id":"Q1757","candidates":[]}]],[[{"start":0,"end":25,"url":null,"entity_id":"Q304037","candidates":[]}],[{"start":0,"end":7,"url":null,"entity_id":"Q40","candidates":[]}],[{"start":0,"end":6,"url":null,"entity_id":"Q1741","candidates":[]}]],[[{"start":0,"end":29,"url":null,"entity_id":"Q610753","candidates":[]}],[{"start":0,"end":9,"url":null,"entity_id":"Q717","candidates":[]}],[{"start":0,"end":7,"url":null,"entity_id":"Q1533","candidates":[]}]],[[{"start":0,"end":24,"url":null,"entity_id":"Q618258","candidates":[]}],[{"start":0,"end":4,"url":null,"entity_id":"Q945","candidates":[]}],[{"start":0,"end":4,"url":null,"entity_id":"Q3792","candidates":[]}]]]}