{"version":"1.2","table":{"version":"2","table_id":"9UFJTAYZ","columns":[{"index":0,"name":"col0","values":["Käpylä sports park","Estadio Manuel \"Ciclón\" Echeverría","Julio Antonio Mella Stadium","Josina Machel Secondary School","Victoria Park","İzmir Atatürk Sport Hall","Will Rogers Memorial Center","Stade rue Henri Dunant","Dr. Cullen Park","Adolphe-Chéron Stadium","Zenica arena","McKale Center","Halle Georges Carpentier","Swampoodle Grounds","Stade Jos Haupert","Parc des Sports Michel Hidalgo","Stadio Raul Guidobaldi","Rethymno Indoor Hall","Roger Bannister running track","Rizal Memorial Baseball Stadium"]},{"index":1,"name":"col1","values":["Käpylä","Manuel Echeverría","Julio Antonio Mella","Josina Machel","Queen Victoria","Mustafa Kemal Atatürk","Will Rogers","Henry Dunant","Matthew Cullen","Adolphe Chéron","Husejin Smajlović","Pop McKale","Georges Carpentier","Swampoodle","Joseph Haupert","Michel Hidalgo","Raul Guidobaldi","Melina Mercouri","Roger Bannister","José Rizal"]},{"index":2,"name":"col2","values":["Helsinki","Navojoa","Las Tunas","Distrito Urbano de KaMpfumo","Victoria","İzmir","Fort Worth","Beggen","Carlow","Saint-Maur-des-Fossés","Zenica","Arizona","Paris","Washington, D.C.","Niederkorn","Sannois","Rieti","Rethymno Municipality","Oxford","Manila"]}]},"context":{"page_title":null,"page_url":null,"page_entity_id":null,"content_hierarchy":[]},"links":[[[{"start":0,"end":34,"url":null,"entity_id":"Q5400348","candidates":[]}],[{"start":0,"end":17,"url":null,"entity_id":"Q6752548","candidates":[]}],[{"start":0,"end":7,"url":null,"entity_id":"Q1001522","candidates":[]}]],[[{"start":0,"end":27,"url":null,"entity_id":"Q5411069","candidates":[]}],[{"start":0,"end":19,"url":null,"entity_id":"Q1712338","candidates":[]}],[{"start":0,"end":9,"url":null,"entity_id":"Q115527","candidates":[]}]],[[{"start":0,"end":30,"url":null,"entity_id":"Q10317956","candidates":[]}],[{"start":0,"end":13,"url":null,"entity_id":"Q6290823","candidates":[]}],[{"start":0,"end":27,"url":null,"entity_id":"Q18571922","candidates":[]}]],[[{"start":0,"end":13,"url":null,"entity_id":"Q7926918","candidates":[]}],[{"start":0,"end":14,"url":null,"entity_id":"Q9439","candidates":[]}],[{"start":0,"end":8,"url":null,"entity_id":"Q36687","candidates":[]}]],[[{"start":0,"end":24,"url":null,"entity_id":"Q8080258","candidates":[]}],[{"start":0,"end":21,"url":null,"entity_id":"Q5152","candidates":[]}],[{"start":0,"end":5,"url":null,"entity_id":"Q35997","candidates":[]}]],[[{"start":0,"end":27,"url":null,"entity_id":"Q8003053","candidates":[]}],[{"start":0,"end":11,"url":null,"entity_id":"Q457840","candidates":[]}],[{"start":0,"end":10,"url":null,"entity_id":"Q16558","candidates":[]}]],[[{"start":0,"end":22,"url":null,"entity_id":"Q3495624","candidates":[]}],[{"start":0,"end":12,"url":null,"entity_id":"Q12091","candidates":[]}],[{"start":0,"end":6,"url":null,"entity_id":"Q2639277","candidates":[]}]],[[{"start":0,"end":15,"url":null,"entity_id":"Q3038417","candidates":[]}],[{"start":0,"end":14,"url":null,"entity_id":"Q6790372","candidates":[]}],[{"start":0,"end":6,"url":null,"entity_id":"Q211703","candidates":[]}]],[[{"start":0,"end":22,"url":null,"entity_id":"Q3495490","candidates":[]}],[{"start":0,"end":14,"url":null,"entity_id":"Q2824794","candidates":[]}],[{"start":0,"end":21,"url":null,"entity_id":"Q193313","candidates":[]}]],[[{"start":0,"end":12,"url":null,"entity_id":"Q3441970","candidates":[]}],[{"start":0,"end":17,"url":null,"entity_id":"Q62597682","candidates":[]}],[{"start":0,"end":6,"url":null,"entity_id":"Q184046","candidates":[]}]],[[{"start":0,"end":13,"url":null,"entity_id":"Q3303672","candidates":[]}],[{"start":0,"end":10,"url":null,"entity_id":"Q7229030","candidates":[]}],[{"start":0,"end":7,"url":null,"entity_id":"Q816","candidates":[]}]],[[{"start":0,"end":24,"url":null,"entity_id":"Q3126061","candidates":[]}],[{"start":0,"end":18,"url":null,"entity_id":"Q983406","candidates":[]}],[{"start":0,"end":5,"url":null,"entity_id":"Q90","candidates":[]}]],[[{"start":0,"end":18,"url":null,"entity_id":"Q7653386","candidates":[]}],[{"start":0,"end":10,"url":null,"entity_id":"Q7653383","candidates":[]}],[{"start":0,"end":16,"url":null,"entity_id":"Q61","candidates":[]}]],[[{"start":0,"end":17,"url":null,"entity_id":"Q3495660","candidates":[]}],[{"start":0,"end":14,"url":null,"entity_id":"Q61962120","candidates":[]}],[{"start":0,"end":10,"url":null,"entity_id":"Q751569","candidates":[]}]],[[{"start":0,"end":30,"url":null,"entity_id":"Q3495767","candidates":[]}],[{"start":0,"end":14,"url":null,"entity_id":"Q1930832","candidates":[]}],[{"start":0,"end":7,"url":null,"entity_id":"Q259216","candidates":[]}]],[[{"start":0,"end":22,"url":null,"entity_id":"Q3495832","candidates":[]}],[{"start":0,"end":15,"url":null,"entity_id":"Q23503137","candidates":[]}],[{"start":0,"end":5,"url":null,"entity_id":"Q13396","candidates":[]}]],[[{"start":0,"end":20,"url":null,"entity_id":"Q7316708","candidates":[]}],[{"start":0,"end":15,"url":null,"entity_id":"Q228611","candidates":[]}],[{"start":0,"end":21,"url":null,"entity_id":"Q2366186","candidates":[]}]],[[{"start":0,"end":29,"url":null,"entity_id":"Q7357835","candidates":[]}],[{"start":0,"end":15,"url":null,"entity_id":"Q319351","candidates":[]}],[{"start":0,"end":6,"url":null,"entity_id":"Q34217","candidates":[]}]],[[{"start":0,"end":31,"url":null,"entity_id":"Q7339076","candidates":[]}],[{"start":0,"end":10,"url":null,"entity_id":"Q1500","candidates":[]}],[{"start":0,"end":6,"url":null,"entity_id":"Q1461","candidates":[]}]],[[{"start":0,"end":18,"url":null,"entity_id":"Q11874116","candidates":[]}],[{"start":0,"end":6,"url":null,"entity_id":"Q2633668","candidates":[]}],[{"start":0,"end":8,"url":null,"entity_id":"Q1757","candidates":[]}]]]}