{"version":"1.2","table":{"version":"2","table_id":"9VKVDF6P","columns":[{"index":0,"name":"col0","values":["Itagüí","Villapinzón","Orocue","Puerto Parra","Nuquí","Cali","Caldas","Copacabana","Tota","Pereira","Cúcuta","Cota, Colombia","Caucasia, Antioquia","Puerto Wilches","Natagaima","Girardot","Malambo, Atlántico","Ponedera","Calamar, Bolívar","Hatillo de Loba","Puerto Carreño","Mitú","Leticia","Barranquilla","San Andrés","Argelia","San Marcos","Ayapel","Tierralta","San Pelayo","Mosquera","Arauquita","Cáceres","La Virginia"]},{"index":1,"name":"col1","values":["Antioquia Department","Cundinamarca Department","Casanare Department","Santander Department","Chocó Department","Valle del Cauca Department","Antioquia Department","Antioquia Department","Boyacá Department","Risaralda Department","Norte de Santander Department","Cundinamarca Department","Antioquia Department","Santander Department","Tolima Department","Cundinamarca Department","Atlántico Department","Atlántico Department","Bolívar Department","Bolívar Department","Vichada Department","Vaupés Department","Amazonas Department","Atlántico Department","Archipelago of Saint Andréws, Providence and Saint Catalina","Cauca Department","Sucre Department","Córdoba Department","Córdoba Department","Córdoba Department","Cundinamarca Department","Arauca Department","Antioquia Department","Risaralda Department"]},{"index":2,"name":"col2","values":["Medellín River","Bogotá River","Meta River","Magdalena River","Pacific Ocean","Cali River","Medellín River","Medellín River","Lake Tota","Otún River","Pamplonita River","Bogotá River","Cauca River","Magdalena River","Magdalena River","Magdalena River","Magdalena River","Magdalena River","Magdalena River","Magdalena River","Orinoco","Vaupés River","Amazon","Caribbean Sea","Caribbean Sea","San Juan de Micay River","San Jorge River","San Jorge River","Sinú River","Sinú River","Bogotá River","Arauca River","Cauca River","Cauca River"]}]},"context":{"page_title":null,"page_url":null,"page_entity_id":null,"content_hierarchy":[]},"links":[[[{"start":0,"end":11,"url":null,"entity_id":"Q1526073","candidates":[]}],[{"start":0,"end":23,"url":null,"entity_id":"Q232564","candidates":[]}],[{"start":0,"end":12,"url":null,"entity_id":"Q1278695","candidates":[]}]],[[{"start":0,"end":6,"url":null,"entity_id":"Q1576308","candidates":[]}],[{"start":0,"end":19,"url":null,"entity_id":"Q13984","candidates":[]}],[{"start":0,"end":10,"url":null,"entity_id":"Q655251","candidates":[]}]],[[{"start":0,"end":12,"url":null,"entity_id":"Q1575386","candidates":[]}],[{"start":0,"end":20,"url":null,"entity_id":"Q235166","candidates":[]}],[{"start":0,"end":15,"url":null,"entity_id":"Q191829","candidates":[]}]],[[{"start":0,"end":5,"url":null,"entity_id":"Q1577833","candidates":[]}],[{"start":0,"end":16,"url":null,"entity_id":"Q230584","candidates":[]}],[{"start":0,"end":13,"url":null,"entity_id":"Q98","candidates":[]}]],[[{"start":0,"end":4,"url":null,"entity_id":"Q51103","candidates":[]}],[{"start":0,"end":26,"url":null,"entity_id":"Q13990","candidates":[]}],[{"start":0,"end":10,"url":null,"entity_id":"Q3458560","candidates":[]}]],[[{"start":0,"end":6,"url":null,"entity_id":"Q598777","candidates":[]}],[{"start":0,"end":20,"url":null,"entity_id":"Q123304","candidates":[]}],[{"start":0,"end":14,"url":null,"entity_id":"Q2035609","candidates":[]}]],[[{"start":0,"end":10,"url":null,"entity_id":"Q285891","candidates":[]}],[{"start":0,"end":20,"url":null,"entity_id":"Q123304","candidates":[]}],[{"start":0,"end":14,"url":null,"entity_id":"Q2035609","candidates":[]}]],[[{"start":0,"end":4,"url":null,"entity_id":"Q517235","candidates":[]}],[{"start":0,"end":17,"url":null,"entity_id":"Q121233","candidates":[]}],[{"start":0,"end":9,"url":null,"entity_id":"Q1720776","candidates":[]}]],[[{"start":0,"end":7,"url":null,"entity_id":"Q51111","candidates":[]}],[{"start":0,"end":20,"url":null,"entity_id":"Q13993","candidates":[]}],[{"start":0,"end":10,"url":null,"entity_id":"Q1613504","candidates":[]}]],[[{"start":0,"end":6,"url":null,"entity_id":"Q216847","candidates":[]}],[{"start":0,"end":29,"url":null,"entity_id":"Q233058","candidates":[]}],[{"start":0,"end":16,"url":null,"entity_id":"Q1318493","candidates":[]}]],[[{"start":0,"end":14,"url":null,"entity_id":"Q579820","candidates":[]}],[{"start":0,"end":23,"url":null,"entity_id":"Q232564","candidates":[]}],[{"start":0,"end":12,"url":null,"entity_id":"Q1278695","candidates":[]}]],[[{"start":0,"end":19,"url":null,"entity_id":"Q511705","candidates":[]}],[{"start":0,"end":20,"url":null,"entity_id":"Q123304","candidates":[]}],[{"start":0,"end":11,"url":null,"entity_id":"Q853332","candidates":[]}]],[[{"start":0,"end":14,"url":null,"entity_id":"Q579352","candidates":[]}],[{"start":0,"end":20,"url":null,"entity_id":"Q235166","candidates":[]}],[{"start":0,"end":15,"url":null,"entity_id":"Q191829","candidates":[]}]],[[{"start":0,"end":9,"url":null,"entity_id":"Q258673","candidates":[]}],[{"start":0,"end":17,"url":null,"entity_id":"Q234501","candidates":[]}],[{"start":0,"end":15,"url":null,"entity_id":"Q191829","candidates":[]}]],[[{"start":0,"end":8,"url":null,"entity_id":"Q186193","candidates":[]}],[{"start":0,"end":23,"url":null,"entity_id":"Q232564","candidates":[]}],[{"start":0,"end":15,"url":null,"entity_id":"Q191829","candidates":[]}]],[[{"start":0,"end":18,"url":null,"entity_id":"Q568597","candidates":[]}],[{"start":0,"end":20,"url":null,"entity_id":"Q230882","candidates":[]}],[{"start":0,"end":15,"url":null,"entity_id":"Q191829","candidates":[]}]],[[{"start":0,"end":8,"url":null,"entity_id":"Q512871","candidates":[]}],[{"start":0,"end":20,"url":null,"entity_id":"Q230882","candidates":[]}],[{"start":0,"end":15,"url":null,"entity_id":"Q191829","candidates":[]}]],[[{"start":0,"end":16,"url":null,"entity_id":"Q476071","candidates":[]}],[{"start":0,"end":18,"url":null,"entity_id":"Q230597","candidates":[]}],[{"start":0,"end":15,"url":null,"entity_id":"Q191829","candidates":[]}]],[[{"start":0,"end":15,"url":null,"entity_id":"Q369599","candidates":[]}],[{"start":0,"end":18,"url":null,"entity_id":"Q230597","candidates":[]}],[{"start":0,"end":15,"url":null,"entity_id":"Q191829","candidates":[]}]],[[{"start":0,"end":14,"url":null,"entity_id":"Q130304","candidates":[]}],[{"start":0,"end":18,"url":null,"entity_id":"Q268729","candidates":[]}],[{"start":0,"end":7,"url":null,"entity_id":"Q131792","candidates":[]}]],[[{"start":0,"end":4,"url":null,"entity_id":"Q130242","candidates":[]}],[{"start":0,"end":17,"url":null,"entity_id":"Q234505","candidates":[]}],[{"start":0,"end":12,"url":null,"entity_id":"Q14290","candidates":[]}]],[[{"start":0,"end":7,"url":null,"entity_id":"Q214913","candidates":[]}],[{"start":0,"end":19,"url":null,"entity_id":"Q44724","candidates":[]}],[{"start":0,"end":6,"url":null,"entity_id":"Q3783","candidates":[]}]],[[{"start":0,"end":12,"url":null,"entity_id":"Q62823","candidates":[]}],[{"start":0,"end":20,"url":null,"entity_id":"Q230882","candidates":[]}],[{"start":0,"end":13,"url":null,"entity_id":"Q1247","candidates":[]}]],[[{"start":0,"end":10,"url":null,"entity_id":"Q134678","candidates":[]}],[{"start":0,"end":59,"url":null,"entity_id":"Q26855","candidates":[]}],[{"start":0,"end":13,"url":null,"entity_id":"Q1247","candidates":[]}]],[[{"start":0,"end":7,"url":null,"entity_id":"Q2429884","candidates":[]}],[{"start":0,"end":16,"url":null,"entity_id":"Q230602","candidates":[]}],[{"start":0,"end":23,"url":null,"entity_id":"Q3458783","candidates":[]}]],[[{"start":0,"end":10,"url":null,"entity_id":"Q2434075","candidates":[]}],[{"start":0,"end":16,"url":null,"entity_id":"Q235188","candidates":[]}],[{"start":0,"end":15,"url":null,"entity_id":"Q3458777","candidates":[]}]],[[{"start":0,"end":6,"url":null,"entity_id":"Q2430087","candidates":[]}],[{"start":0,"end":18,"url":null,"entity_id":"Q234912","candidates":[]}],[{"start":0,"end":15,"url":null,"entity_id":"Q3458777","candidates":[]}]],[[{"start":0,"end":9,"url":null,"entity_id":"Q2434756","candidates":[]}],[{"start":0,"end":18,"url":null,"entity_id":"Q234912","candidates":[]}],[{"start":0,"end":10,"url":null,"entity_id":"Q3132206","candidates":[]}]],[[{"start":0,"end":10,"url":null,"entity_id":"Q2314281","candidates":[]}],[{"start":0,"end":18,"url":null,"entity_id":"Q234912","candidates":[]}],[{"start":0,"end":10,"url":null,"entity_id":"Q3132206","candidates":[]}]],[[{"start":0,"end":8,"url":null,"entity_id":"Q2432909","candidates":[]}],[{"start":0,"end":23,"url":null,"entity_id":"Q232564","candidates":[]}],[{"start":0,"end":12,"url":null,"entity_id":"Q1278695","candidates":[]}]],[[{"start":0,"end":9,"url":null,"entity_id":"Q2320331","candidates":[]}],[{"start":0,"end":17,"url":null,"entity_id":"Q230223","candidates":[]}],[{"start":0,"end":12,"url":null,"entity_id":"Q1059928","candidates":[]}]],[[{"start":0,"end":7,"url":null,"entity_id":"Q2431763","candidates":[]}],[{"start":0,"end":20,"url":null,"entity_id":"Q123304","candidates":[]}],[{"start":0,"end":11,"url":null,"entity_id":"Q853332","candidates":[]}]],[[{"start":0,"end":11,"url":null,"entity_id":"Q2310853","candidates":[]}],[{"start":0,"end":20,"url":null,"entity_id":"Q13993","candidates":[]}],[{"start":0,"end":11,"url":null,"entity_id":"Q853332","candidates":[]}]],[[{"start":0,"end":6,"url":null,"entity_id":"Q1527934","candidates":[]}],[{"start":0,"end":20,"url":null,"entity_id":"Q123304","candidates":[]}],[{"start":0,"end":14,"url":null,"entity_id":"Q2035609","candidates":[]}]]]}