{"version":"1.2","table":{"version":"2","table_id":"9W55BUX5","columns":[{"index":0,"name":"col0","values":["S/2007 (160256) 1","S/2007 (160091) 1","S/2004 (139775) 1","S/2003 (134860) 1","S/2007 (123509) 1","S/2007 (119067) 1","S/2007 (148780) 1","Gǃò'é ǃHú","S/2001 (26308) 1","S/2007 (119979) 1","S/2005 (208996) 1","S/2007 (55637) 1","S/2002 (48639) 1","S/2012 (38628) 1","S/2008 (1999 RY214) 1","S/2010 (2003 HG57) 1","S/2008 (2002 VT130) 1","S/2001 (2001 RZ143) 1","Paha","50000 Quaoar"]},{"index":1,"name":"col1","values":["(160256) 2002 PD149","(160091) 2000 OL67","(139775) 2001 QG298","(134860) 2000 OJ67","(123509) 2000 WK183","(119067) 2001 KP76","148780 Altjira","229762 Gǃkúnǁʼhòmdímà","(26308) 1998 SM165","(119979) 2002 WC19","(208996) 2003 AZ84","(55637) 2002 UX25","(48639) 1995 TL8","38628 Huya","(523983) 1999 RY214","2003 HG57","2002 VT130","(524217) 2001 RZ143","47171 Lempo","Sun"]},{"index":2,"name":"col2","values":["77.5","58","58.5","54","50.5","73","110.5","51.5","40.5","69.5","36","105","40","106.5","38","78","102.5","45","66","535"]}]},"context":{"page_title":null,"page_url":null,"page_entity_id":null,"content_hierarchy":[]},"links":[[[{"start":0,"end":17,"url":null,"entity_id":"Q18483326","candidates":[]}],[{"start":0,"end":18,"url":null,"entity_id":"Q2805461","candidates":[]}],[]],[[{"start":0,"end":17,"url":null,"entity_id":"Q18483239","candidates":[]}],[{"start":0,"end":19,"url":null,"entity_id":"Q2805386","candidates":[]}],[]],[[{"start":0,"end":17,"url":null,"entity_id":"Q18483227","candidates":[]}],[{"start":0,"end":18,"url":null,"entity_id":"Q2805371","candidates":[]}],[]],[[{"start":0,"end":17,"url":null,"entity_id":"Q18483273","candidates":[]}],[{"start":0,"end":19,"url":null,"entity_id":"Q2805338","candidates":[]}],[]],[[{"start":0,"end":17,"url":null,"entity_id":"Q18483322","candidates":[]}],[{"start":0,"end":18,"url":null,"entity_id":"Q2805313","candidates":[]}],[]],[[{"start":0,"end":17,"url":null,"entity_id":"Q18483275","candidates":[]}],[{"start":0,"end":14,"url":null,"entity_id":"Q2519955","candidates":[]}],[]],[[{"start":0,"end":9,"url":null,"entity_id":"Q18483399","candidates":[]}],[{"start":0,"end":21,"url":null,"entity_id":"Q1955755","candidates":[]}],[]],[[{"start":0,"end":16,"url":null,"entity_id":"Q18483201","candidates":[]}],[{"start":0,"end":18,"url":null,"entity_id":"Q1953687","candidates":[]}],[]],[[{"start":0,"end":17,"url":null,"entity_id":"Q18483269","candidates":[]}],[{"start":0,"end":18,"url":null,"entity_id":"Q1953642","candidates":[]}],[]],[[{"start":0,"end":17,"url":null,"entity_id":"Q18483308","candidates":[]}],[{"start":0,"end":18,"url":null,"entity_id":"Q1944557","candidates":[]}],[]],[[{"start":0,"end":16,"url":null,"entity_id":"Q18483316","candidates":[]}],[{"start":0,"end":17,"url":null,"entity_id":"Q155539","candidates":[]}],[]],[[{"start":0,"end":16,"url":null,"entity_id":"Q16327049","candidates":[]}],[{"start":0,"end":16,"url":null,"entity_id":"Q154790","candidates":[]}],[]],[[{"start":0,"end":16,"url":null,"entity_id":"Q18483408","candidates":[]}],[{"start":0,"end":10,"url":null,"entity_id":"Q15606","candidates":[]}],[]],[[{"start":0,"end":21,"url":null,"entity_id":"Q25446869","candidates":[]}],[{"start":0,"end":19,"url":null,"entity_id":"Q15040416","candidates":[]}],[]],[[{"start":0,"end":20,"url":null,"entity_id":"Q25446872","candidates":[]}],[{"start":0,"end":9,"url":null,"entity_id":"Q15034441","candidates":[]}],[]],[[{"start":0,"end":21,"url":null,"entity_id":"Q25446871","candidates":[]}],[{"start":0,"end":10,"url":null,"entity_id":"Q15034279","candidates":[]}],[]],[[{"start":0,"end":21,"url":null,"entity_id":"Q25446870","candidates":[]}],[{"start":0,"end":19,"url":null,"entity_id":"Q15033467","candidates":[]}],[]],[[{"start":0,"end":4,"url":null,"entity_id":"Q16327043","candidates":[]}],[{"start":0,"end":11,"url":null,"entity_id":"Q154593","candidates":[]}],[]],[[{"start":0,"end":12,"url":null,"entity_id":"Q15586","candidates":[]}],[{"start":0,"end":3,"url":null,"entity_id":"Q525","candidates":[]}],[]],[[{"start":0,"end":17,"url":null,"entity_id":"Q18483277","candidates":[]}],[{"start":0,"end":19,"url":null,"entity_id":"Q2805471","candidates":[]}],[]]]}