{"version":"1.2","table":{"version":"2","table_id":"A02UPAKP","columns":[{"index":0,"name":"col0","values":["Tsutsui Elementary School","Tsutsui Minami Elementary School","Shinjō Chūō Elementary School","Aoki Chūō Elementary School","Tanashi Elementary School","Shibuya Ward Sarugaku Elementary School","Futaba Elementary School","Hongou Primary School","Tsukudo Elementary School","Ichigaya Elementary School","Yamagata Daigaku. Fuzoku Shōgakkō","Yugi Chūō Elementary School","Ōmori Elementary School","Samukazedai Elementary School","Ninohe City Chūō Elementary School","Goshogawara City Chūō Elementary School","Nakano City Yato Elementary School","Setagaya City Wakabayashi Elementary School","Soshigaya Elementary School","Taimei Elementary School"]},{"index":1,"name":"col1","values":["443","371","492","948","670","258","612","666","334","484","589","571","725","513","224","326","344","423","677","331"]},{"index":2,"name":"col2","values":["1875-04-21","1984-01-01","1985-04-01","1963-04-01","1873-08-25","1916-04-01","1905-01-01","1998-04-01","1904-01-01","1906-01-01","1878-01-01","1873-05-10","2011-04-01","1972-04-01","1982-04-01","1970-04-01","1928-05-05","1871-04-01","1942-12-01","1878-01-01"]},{"index":3,"name":"col3","values":["state school","state school","state school","state school","state school","state school","state school","state school","state school","state school","National school","state school","state school","state school","state school","state school","state school","state school","state school","state school"]},{"index":4,"name":"col4","values":["Aomori","Aomori","Aomori","Kawaguchi","Nishitōkyō","Shibuya","Sumida-ku","Bunkyō-ku","Shinjuku-ku","Shinjuku-ku","Yamagata","Hachiōji","Higashine","Matsudo","Ninohe","Goshogawara","Nakano-ku","Setagaya-ku","Setagaya-ku","Chūō-ku"]}]},"context":{"page_title":null,"page_url":null,"page_entity_id":null,"content_hierarchy":[]},"links":[[[{"start":0,"end":32,"url":null,"entity_id":"Q11662128","candidates":[]}],[],[],[{"start":0,"end":12,"url":null,"entity_id":"Q1080794","candidates":[]}],[{"start":0,"end":6,"url":null,"entity_id":"Q146790","candidates":[]}]],[[{"start":0,"end":29,"url":null,"entity_id":"Q11662096","candidates":[]}],[],[],[{"start":0,"end":12,"url":null,"entity_id":"Q1080794","candidates":[]}],[{"start":0,"end":6,"url":null,"entity_id":"Q146790","candidates":[]}]],[[{"start":0,"end":27,"url":null,"entity_id":"Q20043788","candidates":[]}],[],[],[{"start":0,"end":12,"url":null,"entity_id":"Q1080794","candidates":[]}],[{"start":0,"end":9,"url":null,"entity_id":"Q387136","candidates":[]}]],[[{"start":0,"end":25,"url":null,"entity_id":"Q21019148","candidates":[]}],[],[],[{"start":0,"end":12,"url":null,"entity_id":"Q1080794","candidates":[]}],[{"start":0,"end":10,"url":null,"entity_id":"Q242882","candidates":[]}]],[[{"start":0,"end":39,"url":null,"entity_id":"Q20044595","candidates":[]}],[],[],[{"start":0,"end":12,"url":null,"entity_id":"Q1080794","candidates":[]}],[{"start":0,"end":7,"url":null,"entity_id":"Q193638","candidates":[]}]],[[{"start":0,"end":24,"url":null,"entity_id":"Q11429433","candidates":[]}],[],[],[{"start":0,"end":12,"url":null,"entity_id":"Q1080794","candidates":[]}],[{"start":0,"end":9,"url":null,"entity_id":"Q235135","candidates":[]}]],[[{"start":0,"end":21,"url":null,"entity_id":"Q11499757","candidates":[]}],[],[],[{"start":0,"end":12,"url":null,"entity_id":"Q1080794","candidates":[]}],[{"start":0,"end":9,"url":null,"entity_id":"Q212713","candidates":[]}]],[[{"start":0,"end":25,"url":null,"entity_id":"Q11501833","candidates":[]}],[],[],[{"start":0,"end":12,"url":null,"entity_id":"Q1080794","candidates":[]}],[{"start":0,"end":11,"url":null,"entity_id":"Q179645","candidates":[]}]],[[{"start":0,"end":26,"url":null,"entity_id":"Q11501825","candidates":[]}],[],[],[{"start":0,"end":12,"url":null,"entity_id":"Q1080794","candidates":[]}],[{"start":0,"end":11,"url":null,"entity_id":"Q179645","candidates":[]}]],[[{"start":0,"end":33,"url":null,"entity_id":"Q11468390","candidates":[]}],[],[],[{"start":0,"end":15,"url":null,"entity_id":"Q11421258","candidates":[]}],[{"start":0,"end":8,"url":null,"entity_id":"Q205526","candidates":[]}]],[[{"start":0,"end":27,"url":null,"entity_id":"Q11391598","candidates":[]}],[],[],[{"start":0,"end":12,"url":null,"entity_id":"Q1080794","candidates":[]}],[{"start":0,"end":8,"url":null,"entity_id":"Q208863","candidates":[]}]],[[{"start":0,"end":23,"url":null,"entity_id":"Q11527386","candidates":[]}],[],[],[{"start":0,"end":12,"url":null,"entity_id":"Q1080794","candidates":[]}],[{"start":0,"end":9,"url":null,"entity_id":"Q823927","candidates":[]}]],[[{"start":0,"end":29,"url":null,"entity_id":"Q11530693","candidates":[]}],[],[],[{"start":0,"end":12,"url":null,"entity_id":"Q1080794","candidates":[]}],[{"start":0,"end":7,"url":null,"entity_id":"Q320943","candidates":[]}]],[[{"start":0,"end":34,"url":null,"entity_id":"Q11371566","candidates":[]}],[],[],[{"start":0,"end":12,"url":null,"entity_id":"Q1080794","candidates":[]}],[{"start":0,"end":6,"url":null,"entity_id":"Q695907","candidates":[]}]],[[{"start":0,"end":39,"url":null,"entity_id":"Q11372394","candidates":[]}],[],[],[{"start":0,"end":12,"url":null,"entity_id":"Q1080794","candidates":[]}],[{"start":0,"end":11,"url":null,"entity_id":"Q496702","candidates":[]}]],[[{"start":0,"end":34,"url":null,"entity_id":"Q11367518","candidates":[]}],[],[],[{"start":0,"end":12,"url":null,"entity_id":"Q1080794","candidates":[]}],[{"start":0,"end":9,"url":null,"entity_id":"Q234087","candidates":[]}]],[[{"start":0,"end":43,"url":null,"entity_id":"Q11362093","candidates":[]}],[],[],[{"start":0,"end":12,"url":null,"entity_id":"Q1080794","candidates":[]}],[{"start":0,"end":11,"url":null,"entity_id":"Q231645","candidates":[]}]],[[{"start":0,"end":27,"url":null,"entity_id":"Q11362086","candidates":[]}],[],[],[{"start":0,"end":12,"url":null,"entity_id":"Q1080794","candidates":[]}],[{"start":0,"end":11,"url":null,"entity_id":"Q231645","candidates":[]}]],[[{"start":0,"end":24,"url":null,"entity_id":"Q11363637","candidates":[]}],[],[],[{"start":0,"end":12,"url":null,"entity_id":"Q1080794","candidates":[]}],[{"start":0,"end":7,"url":null,"entity_id":"Q212704","candidates":[]}]],[[{"start":0,"end":25,"url":null,"entity_id":"Q11662129","candidates":[]}],[],[],[{"start":0,"end":12,"url":null,"entity_id":"Q1080794","candidates":[]}],[{"start":0,"end":6,"url":null,"entity_id":"Q146790","candidates":[]}]]]}