{"version":"1.2","table":{"version":"2","table_id":"A8Z4P3BV","columns":[{"index":0,"name":"col0","values":["Lacà-la-Croix","Sault-au-Cohon","aint-Guillaume-Nord","Vagard","Réservoir-Dozpis","Ruisseau-deu-Mineurs","Rruthierville","Riyière-de-la-Savane","Riière-aux-Outardes","Rivière-Vbseuse","Rivière-Saint-Jebn","Riière-Patapédia-Est","ivière-Ojima","RivièreNouvelle","Rivière-Niissis","Rivière-Mouchaoagane","Rivière-Misassini","Rivière-oksoak","Rixière-Bonjour","Rivière-Bonaventur"]},{"index":1,"name":"col1","values":["0.0","0.0","87.522","116.064","0.0","0.0","14.955","0.0","93.06","0.0","0.0","0.0","86.77399999999999","0.0","0.0","4.99","48.902","0.0","0.0","34.72"]},{"index":2,"name":"col2","values":["227.94451999999998","71.003","758.51992","213.07080000000002","3832.98318","937.2902","627.0516","1168.1652000000001","36880.9784","271.6825","1746.6588000000002","15.3915","356.56","1084.7698","10429.7","34333.2941","18678.784799999998","288840.35095","1694.6154999999999","3036.74"]}]},"context":{"page_title":null,"page_url":null,"page_entity_id":null,"content_hierarchy":[]},"links":[[[{"start":0,"end":14,"url":null,"entity_id":"Q3474216","candidates":[]}],[],[]],[[{"start":0,"end":19,"url":null,"entity_id":"Q3462357","candidates":[]}],[],[]],[[{"start":0,"end":6,"url":null,"entity_id":"Q3461352","candidates":[]}],[],[]],[[{"start":0,"end":16,"url":null,"entity_id":"Q3457694","candidates":[]}],[],[]],[[{"start":0,"end":20,"url":null,"entity_id":"Q3453006","candidates":[]}],[],[]],[[{"start":0,"end":13,"url":null,"entity_id":"Q3445473","candidates":[]}],[],[]],[[{"start":0,"end":20,"url":null,"entity_id":"Q3433598","candidates":[]}],[],[]],[[{"start":0,"end":19,"url":null,"entity_id":"Q3433597","candidates":[]}],[],[]],[[{"start":0,"end":15,"url":null,"entity_id":"Q3433588","candidates":[]}],[],[]],[[{"start":0,"end":18,"url":null,"entity_id":"Q3433583","candidates":[]}],[],[]],[[{"start":0,"end":20,"url":null,"entity_id":"Q3433575","candidates":[]}],[],[]],[[{"start":0,"end":12,"url":null,"entity_id":"Q3433572","candidates":[]}],[],[]],[[{"start":0,"end":15,"url":null,"entity_id":"Q3433571","candidates":[]}],[],[]],[[{"start":0,"end":15,"url":null,"entity_id":"Q3433568","candidates":[]}],[],[]],[[{"start":0,"end":20,"url":null,"entity_id":"Q3433566","candidates":[]}],[],[]],[[{"start":0,"end":17,"url":null,"entity_id":"Q3433565","candidates":[]}],[],[]],[[{"start":0,"end":14,"url":null,"entity_id":"Q3433564","candidates":[]}],[],[]],[[{"start":0,"end":15,"url":null,"entity_id":"Q3433559","candidates":[]}],[],[]],[[{"start":0,"end":18,"url":null,"entity_id":"Q3433558","candidates":[]}],[],[]],[[{"start":0,"end":13,"url":null,"entity_id":"Q11752537","candidates":[]}],[],[]]]}