{"version":"1.2","table":{"version":"2","table_id":"A927Z894","columns":[{"index":0,"name":"col0","values":["Wooden church in Beica de Jos","Wooden church in Botiza, Maramureș","Wooden church of the Assumption in Lunca, Baia de Criș, Hunedoara","Wooden church in Mura Mare","Wooden church in Lăpușna","Wooden church in Adâncata, Suceava","Saint Parascheva Church","Saint John the Evangelist's church in Apoldu de Jos, Sibiu","Wooden church in Almașu Mic, Hunedoara","Wooden church of the Archangels in Baica, Sălaj","Archangels' wooden church in Almașu Mic de Munte, Hunedoara","Archangels' wooden church in Almaș-Săliște, Hunedoara","Jukkasjärvi Church","Karesuando Church","Saint Magdalene Church of Ruhnu","Wooden Church, Camăr","Călinești Susani church","Budești Josani church","Wooden Church, Zalnoc","Wooden Church, Porț"]},{"index":1,"name":"col1","values":["Beica de Jos","Botiza","Lunca","Mura Mare","Lăpușna","Adâncata","Poienile Izei","Apoldu de Jos","Almașu Mic","Baica","Almașu Mic de Munte","Almaș-Săliște","Jukkasjärvi","Karesuando","Ruhnu","Camăr","Călinești","Budești","Zalnoc","Porț"]},{"index":2,"name":"col2","values":["historic monument","historic monument","historic monument","historic monument","historic monument","historic monument","historic monument","historic monument","historic monument","historic monument","historic monument","historic monument","ecclesiastical listed building complex","ecclesiastical listed building complex","architectural monument","historic monument","historic monument","historic monument","historic monument","historic monument"]}]},"context":{"page_title":null,"page_url":null,"page_entity_id":null,"content_hierarchy":[]},"links":[[[{"start":0,"end":34,"url":null,"entity_id":"Q12722087","candidates":[]}],[{"start":0,"end":6,"url":null,"entity_id":"Q586692","candidates":[]}],[{"start":0,"end":17,"url":null,"entity_id":"Q916620","candidates":[]}]],[[{"start":0,"end":65,"url":null,"entity_id":"Q18541584","candidates":[]}],[{"start":0,"end":5,"url":null,"entity_id":"Q825477","candidates":[]}],[{"start":0,"end":17,"url":null,"entity_id":"Q916620","candidates":[]}]],[[{"start":0,"end":26,"url":null,"entity_id":"Q18542137","candidates":[]}],[{"start":0,"end":9,"url":null,"entity_id":"Q600030","candidates":[]}],[{"start":0,"end":17,"url":null,"entity_id":"Q916620","candidates":[]}]],[[{"start":0,"end":24,"url":null,"entity_id":"Q18541610","candidates":[]}],[{"start":0,"end":7,"url":null,"entity_id":"Q287945","candidates":[]}],[{"start":0,"end":17,"url":null,"entity_id":"Q916620","candidates":[]}]],[[{"start":0,"end":34,"url":null,"entity_id":"Q18537248","candidates":[]}],[{"start":0,"end":8,"url":null,"entity_id":"Q12076798","candidates":[]}],[{"start":0,"end":17,"url":null,"entity_id":"Q916620","candidates":[]}]],[[{"start":0,"end":23,"url":null,"entity_id":"Q16735831","candidates":[]}],[{"start":0,"end":13,"url":null,"entity_id":"Q1090023","candidates":[]}],[{"start":0,"end":17,"url":null,"entity_id":"Q916620","candidates":[]}]],[[{"start":0,"end":58,"url":null,"entity_id":"Q18537480","candidates":[]}],[{"start":0,"end":13,"url":null,"entity_id":"Q1077533","candidates":[]}],[{"start":0,"end":17,"url":null,"entity_id":"Q916620","candidates":[]}]],[[{"start":0,"end":38,"url":null,"entity_id":"Q18537363","candidates":[]}],[{"start":0,"end":10,"url":null,"entity_id":"Q824959","candidates":[]}],[{"start":0,"end":17,"url":null,"entity_id":"Q916620","candidates":[]}]],[[{"start":0,"end":47,"url":null,"entity_id":"Q18537656","candidates":[]}],[{"start":0,"end":5,"url":null,"entity_id":"Q729946","candidates":[]}],[{"start":0,"end":17,"url":null,"entity_id":"Q916620","candidates":[]}]],[[{"start":0,"end":59,"url":null,"entity_id":"Q18537366","candidates":[]}],[{"start":0,"end":19,"url":null,"entity_id":"Q617993","candidates":[]}],[{"start":0,"end":17,"url":null,"entity_id":"Q916620","candidates":[]}]],[[{"start":0,"end":53,"url":null,"entity_id":"Q18537362","candidates":[]}],[{"start":0,"end":13,"url":null,"entity_id":"Q547409","candidates":[]}],[{"start":0,"end":17,"url":null,"entity_id":"Q916620","candidates":[]}]],[[{"start":0,"end":18,"url":null,"entity_id":"Q59505","candidates":[]}],[{"start":0,"end":11,"url":null,"entity_id":"Q1284760","candidates":[]}],[{"start":0,"end":38,"url":null,"entity_id":"Q24284073","candidates":[]}]],[[{"start":0,"end":17,"url":null,"entity_id":"Q10543605","candidates":[]}],[{"start":0,"end":10,"url":null,"entity_id":"Q137860","candidates":[]}],[{"start":0,"end":38,"url":null,"entity_id":"Q24284073","candidates":[]}]],[[{"start":0,"end":31,"url":null,"entity_id":"Q618421","candidates":[]}],[{"start":0,"end":5,"url":null,"entity_id":"Q1240598","candidates":[]}],[{"start":0,"end":22,"url":null,"entity_id":"Q12361770","candidates":[]}]],[[{"start":0,"end":20,"url":null,"entity_id":"Q8032566","candidates":[]}],[{"start":0,"end":5,"url":null,"entity_id":"Q13581071","candidates":[]}],[{"start":0,"end":17,"url":null,"entity_id":"Q916620","candidates":[]}]],[[{"start":0,"end":23,"url":null,"entity_id":"Q5202853","candidates":[]}],[{"start":0,"end":9,"url":null,"entity_id":"Q999268","candidates":[]}],[{"start":0,"end":17,"url":null,"entity_id":"Q916620","candidates":[]}]],[[{"start":0,"end":21,"url":null,"entity_id":"Q829483","candidates":[]}],[{"start":0,"end":7,"url":null,"entity_id":"Q851403","candidates":[]}],[{"start":0,"end":17,"url":null,"entity_id":"Q916620","candidates":[]}]],[[{"start":0,"end":21,"url":null,"entity_id":"Q8032577","candidates":[]}],[{"start":0,"end":6,"url":null,"entity_id":"Q734503","candidates":[]}],[{"start":0,"end":17,"url":null,"entity_id":"Q916620","candidates":[]}]],[[{"start":0,"end":19,"url":null,"entity_id":"Q8032571","candidates":[]}],[{"start":0,"end":4,"url":null,"entity_id":"Q731068","candidates":[]}],[{"start":0,"end":17,"url":null,"entity_id":"Q916620","candidates":[]}]],[[{"start":0,"end":29,"url":null,"entity_id":"Q12722058","candidates":[]}],[{"start":0,"end":12,"url":null,"entity_id":"Q663760","candidates":[]}],[{"start":0,"end":17,"url":null,"entity_id":"Q916620","candidates":[]}]]]}