{"version":"1.2","table":{"version":"2","table_id":"A9SDQJU7","columns":[{"index":0,"name":"col0","values":["The Friend; a Religious and Literary Journal","Edinburgh Review","The Gentleman's Magazine","Wohlstand für Alle","Schwarzer Faden","Dinge Der Zeit","Unter dem Pflaster liegt der Strand","Die Aktion","The United States Literary Gazette","The Massachusetts Agricultural Repository and Journal","The Monthly Magazine; or, British Register","The European Magazine and London Review","The Kaleidoscope; or, Literary and Scientific Mirror","The London Saturday Journal","The Monthly Visitor and New Family Magazine","The American Review, and Literary Journal","The English Review of Literature, Science, Discoveries, Inventions, and Practical Controversies and Contests","The Virginia Religious Magazine","The Theatrical Censor","The Ramblers’ Magazine, and New-York Theatrical Register"]},{"index":1,"name":"col1","values":["1955-06-23","1929-10-01","1922-01-01","1914-01-01","2004-01-01","1997-01-01","2013-01-01","2013-09-01","1827-01-01","1832-04-01","1843-06-01","1826-06-01","1831-09-06","1842-08-27","1804-12-01","1802-12-01","1796-12-01","1807-12-01","1806-03-03","1810-01-01"]},{"index":2,"name":"col2","values":["Women Writers in Review","Women Writers in Review","Women Writers in Review","Datenbank des deutschsprachigen Anarchismus","Datenbank des deutschsprachigen Anarchismus","Datenbank des deutschsprachigen Anarchismus","Datenbank des deutschsprachigen Anarchismus","Datenbank des deutschsprachigen Anarchismus","Women Writers in Review","Women Writers in Review","Women Writers in Review","Women Writers in Review","Women Writers in Review","Women Writers in Review","Women Writers in Review","Women Writers in Review","Women Writers in Review","Women Writers in Review","Women Writers in Review","Women Writers in Review"]}]},"context":{"page_title":null,"page_url":null,"page_entity_id":null,"content_hierarchy":[]},"links":[[[{"start":0,"end":16,"url":null,"entity_id":"Q69055401","candidates":[]}],[],[{"start":0,"end":23,"url":null,"entity_id":"Q63683777","candidates":[]}]],[[{"start":0,"end":24,"url":null,"entity_id":"Q153297","candidates":[]}],[],[{"start":0,"end":23,"url":null,"entity_id":"Q63683777","candidates":[]}]],[[{"start":0,"end":18,"url":null,"entity_id":"Q2587840","candidates":[]}],[],[{"start":0,"end":43,"url":null,"entity_id":"Q1172352","candidates":[]}]],[[{"start":0,"end":15,"url":null,"entity_id":"Q2253958","candidates":[]}],[],[{"start":0,"end":43,"url":null,"entity_id":"Q1172352","candidates":[]}]],[[{"start":0,"end":14,"url":null,"entity_id":"Q1226376","candidates":[]}],[],[{"start":0,"end":43,"url":null,"entity_id":"Q1172352","candidates":[]}]],[[{"start":0,"end":35,"url":null,"entity_id":"Q1748676","candidates":[]}],[],[{"start":0,"end":43,"url":null,"entity_id":"Q1172352","candidates":[]}]],[[{"start":0,"end":10,"url":null,"entity_id":"Q1210979","candidates":[]}],[],[{"start":0,"end":43,"url":null,"entity_id":"Q1172352","candidates":[]}]],[[{"start":0,"end":34,"url":null,"entity_id":"Q70589998","candidates":[]}],[],[{"start":0,"end":23,"url":null,"entity_id":"Q63683777","candidates":[]}]],[[{"start":0,"end":53,"url":null,"entity_id":"Q69794640","candidates":[]}],[],[{"start":0,"end":23,"url":null,"entity_id":"Q63683777","candidates":[]}]],[[{"start":0,"end":42,"url":null,"entity_id":"Q51506737","candidates":[]}],[],[{"start":0,"end":23,"url":null,"entity_id":"Q63683777","candidates":[]}]],[[{"start":0,"end":39,"url":null,"entity_id":"Q27991461","candidates":[]}],[],[{"start":0,"end":23,"url":null,"entity_id":"Q63683777","candidates":[]}]],[[{"start":0,"end":52,"url":null,"entity_id":"Q7743942","candidates":[]}],[],[{"start":0,"end":23,"url":null,"entity_id":"Q63683777","candidates":[]}]],[[{"start":0,"end":27,"url":null,"entity_id":"Q6670729","candidates":[]}],[],[{"start":0,"end":23,"url":null,"entity_id":"Q63683777","candidates":[]}]],[[{"start":0,"end":43,"url":null,"entity_id":"Q75767812","candidates":[]}],[],[{"start":0,"end":23,"url":null,"entity_id":"Q63683777","candidates":[]}]],[[{"start":0,"end":41,"url":null,"entity_id":"Q75761592","candidates":[]}],[],[{"start":0,"end":23,"url":null,"entity_id":"Q63683777","candidates":[]}]],[[{"start":0,"end":108,"url":null,"entity_id":"Q75392179","candidates":[]}],[],[{"start":0,"end":23,"url":null,"entity_id":"Q63683777","candidates":[]}]],[[{"start":0,"end":31,"url":null,"entity_id":"Q70696591","candidates":[]}],[],[{"start":0,"end":23,"url":null,"entity_id":"Q63683777","candidates":[]}]],[[{"start":0,"end":21,"url":null,"entity_id":"Q70147524","candidates":[]}],[],[{"start":0,"end":23,"url":null,"entity_id":"Q63683777","candidates":[]}]],[[{"start":0,"end":56,"url":null,"entity_id":"Q69808569","candidates":[]}],[],[{"start":0,"end":23,"url":null,"entity_id":"Q63683777","candidates":[]}]],[[{"start":0,"end":44,"url":null,"entity_id":"Q69384151","candidates":[]}],[],[{"start":0,"end":23,"url":null,"entity_id":"Q63683777","candidates":[]}]]]}