{"version":"1.2","table":{"version":"2","table_id":"K3VNUKYE","columns":[{"index":0,"name":"col0","values":["Veyon","OpenSSH","XFree86","sudo","xterm","GNOME Disk Usage Analyzer","GNOME Calculator","MAME","Varnish","Adhocracy","X Window System","Cygwin","libvirt","PuTTY","zlib","Berkeley DB","Krita","higan","Pimcore","GNOME Boxes"]},{"index":1,"name":"col1","values":["Linux","Linux","Unix-like","Unix-like","Unix-like","Unix-like","Linux","Linux","Unix-like","Ubuntu","Unix-like","Microsoft Windows","Linux","Microsoft Windows","cross-platform","Linux","Linux","Microsoft Windows","cross-platform","Linux"]},{"index":2,"name":"col2","values":["Veyon Solutions","OpenBSD Project","XFree86 Project","Todd C. Miller","Thomas E. Dickey","The GNOME Project","The GNOME Project","Nicola Salmoria","Poul-Henning Kamp","Liquid Democracy e.V.","X.Org Foundation","Red Hat","Red Hat","Simon Tatham","Mark Adler","Margo Seltzer","KDE","byuu","Pimcore GmbH","The GNOME Project"]}]},"context":{"page_title":null,"page_url":null,"page_entity_id":null,"content_hierarchy":[]},"links":[[[{"start":0,"end":5,"url":null,"entity_id":"Q287012","candidates":[]}],[{"start":0,"end":5,"url":null,"entity_id":"Q388","candidates":[]}],[{"start":0,"end":15,"url":null,"entity_id":"Q61014831","candidates":[]}]],[[{"start":0,"end":7,"url":null,"entity_id":"Q847062","candidates":[]}],[{"start":0,"end":5,"url":null,"entity_id":"Q388","candidates":[]}],[{"start":0,"end":15,"url":null,"entity_id":"Q57709705","candidates":[]}]],[[{"start":0,"end":7,"url":null,"entity_id":"Q742255","candidates":[]}],[{"start":0,"end":9,"url":null,"entity_id":"Q14656","candidates":[]}],[{"start":0,"end":15,"url":null,"entity_id":"Q56872275","candidates":[]}]],[[{"start":0,"end":4,"url":null,"entity_id":"Q300883","candidates":[]}],[{"start":0,"end":9,"url":null,"entity_id":"Q14656","candidates":[]}],[{"start":0,"end":14,"url":null,"entity_id":"Q56854507","candidates":[]}]],[[{"start":0,"end":5,"url":null,"entity_id":"Q284297","candidates":[]}],[{"start":0,"end":9,"url":null,"entity_id":"Q14656","candidates":[]}],[{"start":0,"end":16,"url":null,"entity_id":"Q7788970","candidates":[]}]],[[{"start":0,"end":25,"url":null,"entity_id":"Q1792893","candidates":[]}],[{"start":0,"end":9,"url":null,"entity_id":"Q14656","candidates":[]}],[{"start":0,"end":17,"url":null,"entity_id":"Q7735575","candidates":[]}]],[[{"start":0,"end":16,"url":null,"entity_id":"Q1050905","candidates":[]}],[{"start":0,"end":5,"url":null,"entity_id":"Q388","candidates":[]}],[{"start":0,"end":17,"url":null,"entity_id":"Q7735575","candidates":[]}]],[[{"start":0,"end":4,"url":null,"entity_id":"Q1054055","candidates":[]}],[{"start":0,"end":5,"url":null,"entity_id":"Q388","candidates":[]}],[{"start":0,"end":15,"url":null,"entity_id":"Q7029111","candidates":[]}]],[[{"start":0,"end":7,"url":null,"entity_id":"Q1602447","candidates":[]}],[{"start":0,"end":9,"url":null,"entity_id":"Q14656","candidates":[]}],[{"start":0,"end":17,"url":null,"entity_id":"Q4994759","candidates":[]}]],[[{"start":0,"end":9,"url":null,"entity_id":"Q356641","candidates":[]}],[{"start":0,"end":6,"url":null,"entity_id":"Q381","candidates":[]}],[{"start":0,"end":21,"url":null,"entity_id":"Q1827611","candidates":[]}]],[[{"start":0,"end":15,"url":null,"entity_id":"Q178481","candidates":[]}],[{"start":0,"end":9,"url":null,"entity_id":"Q14656","candidates":[]}],[{"start":0,"end":16,"url":null,"entity_id":"Q1778572","candidates":[]}]],[[{"start":0,"end":6,"url":null,"entity_id":"Q216192","candidates":[]}],[{"start":0,"end":17,"url":null,"entity_id":"Q1406","candidates":[]}],[{"start":0,"end":7,"url":null,"entity_id":"Q485593","candidates":[]}]],[[{"start":0,"end":7,"url":null,"entity_id":"Q1188957","candidates":[]}],[{"start":0,"end":5,"url":null,"entity_id":"Q388","candidates":[]}],[{"start":0,"end":7,"url":null,"entity_id":"Q485593","candidates":[]}]],[[{"start":0,"end":5,"url":null,"entity_id":"Q841685","candidates":[]}],[{"start":0,"end":17,"url":null,"entity_id":"Q1406","candidates":[]}],[{"start":0,"end":12,"url":null,"entity_id":"Q93011","candidates":[]}]],[[{"start":0,"end":4,"url":null,"entity_id":"Q207240","candidates":[]}],[{"start":0,"end":14,"url":null,"entity_id":"Q174666","candidates":[]}],[{"start":0,"end":10,"url":null,"entity_id":"Q92870","candidates":[]}]],[[{"start":0,"end":11,"url":null,"entity_id":"Q820854","candidates":[]}],[{"start":0,"end":5,"url":null,"entity_id":"Q388","candidates":[]}],[{"start":0,"end":13,"url":null,"entity_id":"Q14237","candidates":[]}]],[[{"start":0,"end":5,"url":null,"entity_id":"Q604945","candidates":[]}],[{"start":0,"end":5,"url":null,"entity_id":"Q388","candidates":[]}],[{"start":0,"end":3,"url":null,"entity_id":"Q1431","candidates":[]}]],[[{"start":0,"end":5,"url":null,"entity_id":"Q2927356","candidates":[]}],[{"start":0,"end":17,"url":null,"entity_id":"Q1406","candidates":[]}],[{"start":0,"end":4,"url":null,"entity_id":"Q68341644","candidates":[]}]],[[{"start":0,"end":7,"url":null,"entity_id":"Q3388543","candidates":[]}],[{"start":0,"end":14,"url":null,"entity_id":"Q174666","candidates":[]}],[{"start":0,"end":12,"url":null,"entity_id":"Q55103744","candidates":[]}]],[[{"start":0,"end":11,"url":null,"entity_id":"Q4951690","candidates":[]}],[{"start":0,"end":5,"url":null,"entity_id":"Q388","candidates":[]}],[{"start":0,"end":17,"url":null,"entity_id":"Q7735575","candidates":[]}]]]}