{"version":"1.2","table":{"version":"2","table_id":"K55F6I26","columns":[{"index":0,"name":"col0","values":["Russian chrch","Kazanskiĭ khram v Kolomnskom","Saint Sophia and Dormitio Cathedral (Tobolsk)","Petgr and Paul Cahedral","Cathedral!of the Theotokos of Kazan","Resurrection athedral in Tver","Kreuzkrehe","Juditten#Church","Church#of prophet Elijah (Nizhny Novgorod)","Alexander Nevsky Cathedrl, Novosibirsk","Transfigutation Cathedral","Chureh of the Savior on Blood","Tikhvinskaya church in Alekveyevskoe","Hooy Trinity Church in Listy","Alexander Nevsky Cathdral, Belgrade","Church of tke Holy Trinity in Čarnaŭčycy","NeamțMonastery","church of the Beheading of St John the Baptist of Arcore","Vorone Monastery","Alexander Nevsky Memorial hurch"]},{"index":1,"name":"col1","values":["Stuttgart","Andropova Prospekt","Tobolsk","Simferopol","Irkutsk","Tver","Kaliningrad","Kaliningrad","Nizhny Novgorod","Novosibirsk","Saint Petersburg","Saint Petersburg","Moscow","Moscow","Belgrade","Čarnaŭčycy","Vânători-Neamț","Arbore","Gura Humorului","Nördliche Vorstädte"]},{"index":2,"name":"col2","values":["Kulturdenkmal","cultural heritage site in Russia","cultural heritage site in Russia","cultural heritage site in Russia","cultural heritage site in Russia","cultural heritage site in Russia","cultural heritage site in Russia","cultural heritage site in Russia","cultural heritage site in Russia","cultural heritage site in Russia","cultural heritage site in Russia","cultural heritage site in Russia","cultural heritage site in Russia","cultural heritage site in Russia","protected cultural monument in Serbia","cultural property of Belarus","historic monument","historic monument","historic monument","architectural heritage monument"]}]},"context":{"page_title":null,"page_url":null,"page_entity_id":null,"content_hierarchy":[]},"links":[[[{"start":0,"end":28,"url":null,"entity_id":"Q763412","candidates":[]}],[{"start":0,"end":18,"url":null,"entity_id":"Q4381073","candidates":[]}],[{"start":0,"end":32,"url":null,"entity_id":"Q8346700","candidates":[]}]],[[{"start":0,"end":45,"url":null,"entity_id":"Q886918","candidates":[]}],[{"start":0,"end":7,"url":null,"entity_id":"Q168782","candidates":[]}],[{"start":0,"end":32,"url":null,"entity_id":"Q8346700","candidates":[]}]],[[{"start":0,"end":23,"url":null,"entity_id":"Q768114","candidates":[]}],[{"start":0,"end":10,"url":null,"entity_id":"Q19566","candidates":[]}],[{"start":0,"end":32,"url":null,"entity_id":"Q8346700","candidates":[]}]],[[{"start":0,"end":35,"url":null,"entity_id":"Q959252","candidates":[]}],[{"start":0,"end":7,"url":null,"entity_id":"Q6576","candidates":[]}],[{"start":0,"end":32,"url":null,"entity_id":"Q8346700","candidates":[]}]],[[{"start":0,"end":29,"url":null,"entity_id":"Q612295","candidates":[]}],[{"start":0,"end":4,"url":null,"entity_id":"Q2288","candidates":[]}],[{"start":0,"end":32,"url":null,"entity_id":"Q8346700","candidates":[]}]],[[{"start":0,"end":10,"url":null,"entity_id":"Q475573","candidates":[]}],[{"start":0,"end":11,"url":null,"entity_id":"Q1829","candidates":[]}],[{"start":0,"end":32,"url":null,"entity_id":"Q8346700","candidates":[]}]],[[{"start":0,"end":15,"url":null,"entity_id":"Q474599","candidates":[]}],[{"start":0,"end":11,"url":null,"entity_id":"Q1829","candidates":[]}],[{"start":0,"end":32,"url":null,"entity_id":"Q8346700","candidates":[]}]],[[{"start":0,"end":42,"url":null,"entity_id":"Q59901","candidates":[]}],[{"start":0,"end":15,"url":null,"entity_id":"Q891","candidates":[]}],[{"start":0,"end":32,"url":null,"entity_id":"Q8346700","candidates":[]}]],[[{"start":0,"end":38,"url":null,"entity_id":"Q603289","candidates":[]}],[{"start":0,"end":11,"url":null,"entity_id":"Q883","candidates":[]}],[{"start":0,"end":32,"url":null,"entity_id":"Q8346700","candidates":[]}]],[[{"start":0,"end":25,"url":null,"entity_id":"Q644102","candidates":[]}],[{"start":0,"end":16,"url":null,"entity_id":"Q656","candidates":[]}],[{"start":0,"end":32,"url":null,"entity_id":"Q8346700","candidates":[]}]],[[{"start":0,"end":29,"url":null,"entity_id":"Q215208","candidates":[]}],[{"start":0,"end":16,"url":null,"entity_id":"Q656","candidates":[]}],[{"start":0,"end":32,"url":null,"entity_id":"Q8346700","candidates":[]}]],[[{"start":0,"end":36,"url":null,"entity_id":"Q665078","candidates":[]}],[{"start":0,"end":6,"url":null,"entity_id":"Q649","candidates":[]}],[{"start":0,"end":32,"url":null,"entity_id":"Q8346700","candidates":[]}]],[[{"start":0,"end":28,"url":null,"entity_id":"Q210032","candidates":[]}],[{"start":0,"end":6,"url":null,"entity_id":"Q649","candidates":[]}],[{"start":0,"end":32,"url":null,"entity_id":"Q8346700","candidates":[]}]],[[{"start":0,"end":35,"url":null,"entity_id":"Q167017","candidates":[]}],[{"start":0,"end":8,"url":null,"entity_id":"Q3711","candidates":[]}],[{"start":0,"end":37,"url":null,"entity_id":"Q3323469","candidates":[]}]],[[{"start":0,"end":40,"url":null,"entity_id":"Q950155","candidates":[]}],[{"start":0,"end":10,"url":null,"entity_id":"Q377440","candidates":[]}],[{"start":0,"end":28,"url":null,"entity_id":"Q2079150","candidates":[]}]],[[{"start":0,"end":14,"url":null,"entity_id":"Q598550","candidates":[]}],[{"start":0,"end":14,"url":null,"entity_id":"Q12089397","candidates":[]}],[{"start":0,"end":17,"url":null,"entity_id":"Q916620","candidates":[]}]],[[{"start":0,"end":56,"url":null,"entity_id":"Q684811","candidates":[]}],[{"start":0,"end":6,"url":null,"entity_id":"Q1744621","candidates":[]}],[{"start":0,"end":17,"url":null,"entity_id":"Q916620","candidates":[]}]],[[{"start":0,"end":16,"url":null,"entity_id":"Q384463","candidates":[]}],[{"start":0,"end":14,"url":null,"entity_id":"Q837170","candidates":[]}],[{"start":0,"end":17,"url":null,"entity_id":"Q916620","candidates":[]}]],[[{"start":0,"end":31,"url":null,"entity_id":"Q464437","candidates":[]}],[{"start":0,"end":19,"url":null,"entity_id":"Q1403727","candidates":[]}],[{"start":0,"end":31,"url":null,"entity_id":"Q811165","candidates":[]}]],[[{"start":0,"end":13,"url":null,"entity_id":"Q324769","candidates":[]}],[{"start":0,"end":9,"url":null,"entity_id":"Q1022","candidates":[]}],[{"start":0,"end":13,"url":null,"entity_id":"Q11691318","candidates":[]}]]]}