{"version":"1.2","table":{"version":"2","table_id":"K56TE2XW","columns":[{"index":0,"name":"col0","values":["Moro Moro","Santiago de Machaca","Guaqui","Corque","Calamarca Municipality","Tarata Municipality","Puerto Carabuco Municipality","Totora Municipality","Charaña Municipality","Tiquipaya Municipality","Colcha \"K\" Municipality","Sapahaqui Municipality","Sacabamba Municipality","Batallas Municipality","Tacopaya Municipality","Sica Sica Municipality","Machacamarca","San Borja Municipality","Inquisivi Municipality","San Pedro de Tiquina Municipality"]},{"index":1,"name":"col1","values":["Vallegrande","Santiago de Machaca Municipality","La Paz Department","Carangas Province","Aroma Province","Esteban Arce Province","Eliodoro Camacho Province","Carrasco Province","Pacajes Province","Quillacollo Province","Nor Lípez Province","Loayza Province","Esteban Arce Province","La Paz Department","Arque Province","Aroma Province","Pantaleón Dalence Province","José Ballivián Province","Inquisivi Province","Manco Kapac Province"]},{"index":2,"name":"col2","values":["Moro Moro","Santiago de Machaca Municipality","Guaqui Municipality","Corque","Calamarca","Tarata","Puerto Carabuco","Totora","Charaña","Tiquipaya","Colcha \"K\"","Sapahaqui","Sacabamba","Batallas","Tacopaya","Sica Sica","Machacamarca","San Borja","Inquisivi","San Pedro de Tiquina"]}]},"context":{"page_title":null,"page_url":null,"page_entity_id":null,"content_hierarchy":[]},"links":[[[{"start":0,"end":19,"url":null,"entity_id":"Q1002013","candidates":[]}],[{"start":0,"end":32,"url":null,"entity_id":"Q1544546","candidates":[]}],[{"start":0,"end":32,"url":null,"entity_id":"Q1544546","candidates":[]}]],[[{"start":0,"end":6,"url":null,"entity_id":"Q1002069","candidates":[]}],[{"start":0,"end":17,"url":null,"entity_id":"Q272784","candidates":[]}],[{"start":0,"end":19,"url":null,"entity_id":"Q1118260","candidates":[]}]],[[{"start":0,"end":6,"url":null,"entity_id":"Q1002099","candidates":[]}],[{"start":0,"end":17,"url":null,"entity_id":"Q1420332","candidates":[]}],[{"start":0,"end":6,"url":null,"entity_id":"Q647881","candidates":[]}]],[[{"start":0,"end":22,"url":null,"entity_id":"Q490962","candidates":[]}],[{"start":0,"end":14,"url":null,"entity_id":"Q490997","candidates":[]}],[{"start":0,"end":9,"url":null,"entity_id":"Q16489904","candidates":[]}]],[[{"start":0,"end":19,"url":null,"entity_id":"Q659801","candidates":[]}],[{"start":0,"end":21,"url":null,"entity_id":"Q283889","candidates":[]}],[{"start":0,"end":6,"url":null,"entity_id":"Q2588449","candidates":[]}]],[[{"start":0,"end":28,"url":null,"entity_id":"Q289565","candidates":[]}],[{"start":0,"end":25,"url":null,"entity_id":"Q863138","candidates":[]}],[{"start":0,"end":15,"url":null,"entity_id":"Q2117413","candidates":[]}]],[[{"start":0,"end":19,"url":null,"entity_id":"Q508944","candidates":[]}],[{"start":0,"end":17,"url":null,"entity_id":"Q1366060","candidates":[]}],[{"start":0,"end":6,"url":null,"entity_id":"Q2038566","candidates":[]}]],[[{"start":0,"end":20,"url":null,"entity_id":"Q428293","candidates":[]}],[{"start":0,"end":16,"url":null,"entity_id":"Q1355941","candidates":[]}],[{"start":0,"end":7,"url":null,"entity_id":"Q1026271","candidates":[]}]],[[{"start":0,"end":22,"url":null,"entity_id":"Q303590","candidates":[]}],[{"start":0,"end":20,"url":null,"entity_id":"Q947724","candidates":[]}],[{"start":0,"end":9,"url":null,"entity_id":"Q1020288","candidates":[]}]],[[{"start":0,"end":23,"url":null,"entity_id":"Q475470","candidates":[]}],[{"start":0,"end":18,"url":null,"entity_id":"Q1319477","candidates":[]}],[{"start":0,"end":10,"url":null,"entity_id":"Q1002020","candidates":[]}]],[[{"start":0,"end":22,"url":null,"entity_id":"Q491527","candidates":[]}],[{"start":0,"end":15,"url":null,"entity_id":"Q1424412","candidates":[]}],[{"start":0,"end":9,"url":null,"entity_id":"Q941395","candidates":[]}]],[[{"start":0,"end":22,"url":null,"entity_id":"Q547615","candidates":[]}],[{"start":0,"end":21,"url":null,"entity_id":"Q283889","candidates":[]}],[{"start":0,"end":9,"url":null,"entity_id":"Q940796","candidates":[]}]],[[{"start":0,"end":21,"url":null,"entity_id":"Q631626","candidates":[]}],[{"start":0,"end":17,"url":null,"entity_id":"Q272784","candidates":[]}],[{"start":0,"end":8,"url":null,"entity_id":"Q810710","candidates":[]}]],[[{"start":0,"end":21,"url":null,"entity_id":"Q200994","candidates":[]}],[{"start":0,"end":14,"url":null,"entity_id":"Q1366072","candidates":[]}],[{"start":0,"end":8,"url":null,"entity_id":"Q748622","candidates":[]}]],[[{"start":0,"end":22,"url":null,"entity_id":"Q491501","candidates":[]}],[{"start":0,"end":14,"url":null,"entity_id":"Q490997","candidates":[]}],[{"start":0,"end":9,"url":null,"entity_id":"Q494377","candidates":[]}]],[[{"start":0,"end":12,"url":null,"entity_id":"Q647754","candidates":[]}],[{"start":0,"end":26,"url":null,"entity_id":"Q1420290","candidates":[]}],[{"start":0,"end":12,"url":null,"entity_id":"Q1312330","candidates":[]}]],[[{"start":0,"end":22,"url":null,"entity_id":"Q2631821","candidates":[]}],[{"start":0,"end":23,"url":null,"entity_id":"Q827","candidates":[]}],[{"start":0,"end":9,"url":null,"entity_id":"Q2307472","candidates":[]}]],[[{"start":0,"end":22,"url":null,"entity_id":"Q1819415","candidates":[]}],[{"start":0,"end":18,"url":null,"entity_id":"Q1325725","candidates":[]}],[{"start":0,"end":9,"url":null,"entity_id":"Q1820174","candidates":[]}]],[[{"start":0,"end":33,"url":null,"entity_id":"Q1819398","candidates":[]}],[{"start":0,"end":20,"url":null,"entity_id":"Q1325738","candidates":[]}],[{"start":0,"end":20,"url":null,"entity_id":"Q1753041","candidates":[]}]],[[{"start":0,"end":9,"url":null,"entity_id":"Q1107963","candidates":[]}],[{"start":0,"end":11,"url":null,"entity_id":"Q1215562","candidates":[]}],[{"start":0,"end":9,"url":null,"entity_id":"Q1768345","candidates":[]}]]]}