{"version":"1.2","table":{"version":"2","table_id":"K58Q99TG","columns":[{"index":0,"name":"col0","values":["Sac County","Page County","Clay County","Bremer County","Adair County","Tama County","Plymouth County","Madison County","Hancock County","Dallas County","Buena Vista County","Polk County","Montgomery County","Monroe County","Monona County","Mitchell County","Marshall County","Marion County","Mahaska County","Lyon County"]},{"index":1,"name":"col1","values":["National Register of Historic Places listings in Sac County, Iowa","National Register of Historic Places listings in Page County, Iowa","National Register of Historic Places listings in Clay County, Iowa","National Register of Historic Places listings in Bremer County, Iowa","National Register of Historic Places listings in Adair County, Iowa","National Register of Historic Places listings in Tama County, Iowa","National Register of Historic Places listings in Plymouth County, Iowa","National Register of Historic Places listings in Madison County, Iowa","National Register of Historic Places listings in Hancock County, Iowa","National Register of Historic Places listings in Dallas County, Iowa","National Register of Historic Places listings in Buena Vista County, Iowa","National Register of Historic Places listings in Polk County, Iowa","National Register of Historic Places listings in Montgomery County, Iowa","National Register of Historic Places listings in Monroe County, Iowa","National Register of Historic Places listings in Monona County, Iowa","National Register of Historic Places listings in Mitchell County, Iowa","National Register of Historic Places listings in Marshall County, Iowa","National Register of Historic Places listings in Marion County, Iowa","National Register of Historic Places listings in Mahaska County, Iowa","National Register of Historic Places listings in Lyon County, Iowa"]},{"index":2,"name":"col2","values":["Iowa","Iowa","Iowa","Iowa","Iowa","Iowa","Iowa","Iowa","Iowa","Iowa","Iowa","Iowa","Iowa","Iowa","Iowa","Iowa","Iowa","Iowa","Iowa","Iowa"]}]},"context":{"page_title":null,"page_url":null,"page_entity_id":null,"content_hierarchy":[]},"links":[[[{"start":0,"end":10,"url":null,"entity_id":"Q156639","candidates":[]}],[{"start":0,"end":65,"url":null,"entity_id":"Q19881528","candidates":[]}],[{"start":0,"end":4,"url":null,"entity_id":"Q1546","candidates":[]}]],[[{"start":0,"end":11,"url":null,"entity_id":"Q240621","candidates":[]}],[{"start":0,"end":66,"url":null,"entity_id":"Q19867406","candidates":[]}],[{"start":0,"end":4,"url":null,"entity_id":"Q1546","candidates":[]}]],[[{"start":0,"end":11,"url":null,"entity_id":"Q156488","candidates":[]}],[{"start":0,"end":66,"url":null,"entity_id":"Q19863794","candidates":[]}],[{"start":0,"end":4,"url":null,"entity_id":"Q1546","candidates":[]}]],[[{"start":0,"end":13,"url":null,"entity_id":"Q113763","candidates":[]}],[{"start":0,"end":68,"url":null,"entity_id":"Q19863792","candidates":[]}],[{"start":0,"end":4,"url":null,"entity_id":"Q1546","candidates":[]}]],[[{"start":0,"end":12,"url":null,"entity_id":"Q115316","candidates":[]}],[{"start":0,"end":67,"url":null,"entity_id":"Q18411026","candidates":[]}],[{"start":0,"end":4,"url":null,"entity_id":"Q1546","candidates":[]}]],[[{"start":0,"end":11,"url":null,"entity_id":"Q119372","candidates":[]}],[{"start":0,"end":66,"url":null,"entity_id":"Q12063410","candidates":[]}],[{"start":0,"end":4,"url":null,"entity_id":"Q1546","candidates":[]}]],[[{"start":0,"end":15,"url":null,"entity_id":"Q485710","candidates":[]}],[{"start":0,"end":70,"url":null,"entity_id":"Q12063230","candidates":[]}],[{"start":0,"end":4,"url":null,"entity_id":"Q1546","candidates":[]}]],[[{"start":0,"end":14,"url":null,"entity_id":"Q115404","candidates":[]}],[{"start":0,"end":69,"url":null,"entity_id":"Q12063035","candidates":[]}],[{"start":0,"end":4,"url":null,"entity_id":"Q1546","candidates":[]}]],[[{"start":0,"end":14,"url":null,"entity_id":"Q485448","candidates":[]}],[{"start":0,"end":69,"url":null,"entity_id":"Q12062813","candidates":[]}],[{"start":0,"end":4,"url":null,"entity_id":"Q1546","candidates":[]}]],[[{"start":0,"end":13,"url":null,"entity_id":"Q110680","candidates":[]}],[{"start":0,"end":68,"url":null,"entity_id":"Q12062651","candidates":[]}],[{"start":0,"end":4,"url":null,"entity_id":"Q1546","candidates":[]}]],[[{"start":0,"end":18,"url":null,"entity_id":"Q111957","candidates":[]}],[{"start":0,"end":73,"url":null,"entity_id":"Q12062511","candidates":[]}],[{"start":0,"end":4,"url":null,"entity_id":"Q1546","candidates":[]}]],[[{"start":0,"end":11,"url":null,"entity_id":"Q485808","candidates":[]}],[{"start":0,"end":66,"url":null,"entity_id":"Q6977217","candidates":[]}],[{"start":0,"end":4,"url":null,"entity_id":"Q1546","candidates":[]}]],[[{"start":0,"end":17,"url":null,"entity_id":"Q485969","candidates":[]}],[{"start":0,"end":72,"url":null,"entity_id":"Q6976918","candidates":[]}],[{"start":0,"end":4,"url":null,"entity_id":"Q1546","candidates":[]}]],[[{"start":0,"end":13,"url":null,"entity_id":"Q485984","candidates":[]}],[{"start":0,"end":68,"url":null,"entity_id":"Q6976896","candidates":[]}],[{"start":0,"end":4,"url":null,"entity_id":"Q1546","candidates":[]}]],[[{"start":0,"end":13,"url":null,"entity_id":"Q485478","candidates":[]}],[{"start":0,"end":68,"url":null,"entity_id":"Q6976889","candidates":[]}],[{"start":0,"end":4,"url":null,"entity_id":"Q1546","candidates":[]}]],[[{"start":0,"end":15,"url":null,"entity_id":"Q485715","candidates":[]}],[{"start":0,"end":70,"url":null,"entity_id":"Q6976875","candidates":[]}],[{"start":0,"end":4,"url":null,"entity_id":"Q1546","candidates":[]}]],[[{"start":0,"end":15,"url":null,"entity_id":"Q485980","candidates":[]}],[{"start":0,"end":70,"url":null,"entity_id":"Q6976764","candidates":[]}],[{"start":0,"end":4,"url":null,"entity_id":"Q1546","candidates":[]}]],[[{"start":0,"end":13,"url":null,"entity_id":"Q485452","candidates":[]}],[{"start":0,"end":68,"url":null,"entity_id":"Q6976743","candidates":[]}],[{"start":0,"end":4,"url":null,"entity_id":"Q1546","candidates":[]}]],[[{"start":0,"end":14,"url":null,"entity_id":"Q485922","candidates":[]}],[{"start":0,"end":69,"url":null,"entity_id":"Q6976720","candidates":[]}],[{"start":0,"end":4,"url":null,"entity_id":"Q1546","candidates":[]}]],[[{"start":0,"end":11,"url":null,"entity_id":"Q485791","candidates":[]}],[{"start":0,"end":66,"url":null,"entity_id":"Q6976686","candidates":[]}],[{"start":0,"end":4,"url":null,"entity_id":"Q1546","candidates":[]}]]]}