{"version":"1.2","table":{"version":"2","table_id":"K5LDC5Y7","columns":[{"index":0,"name":"col0","values":["2MASS J15434073+1128015","[DGT2001] J1112+3452","QSO B1458+22","7C 164526.30+291456.00","A2 110","2MASS J14493269+2746214","QSO B0208-512","2MASS J11453511-0340013","2MASS J11564655+4238074","87GB 143238.7+334221","ICRF J091147.7+334916","2MASS J09105204+3902020","QSO B0257+34","2MASS J08341388+5112143","[VV2006] J075437.8+422115","2MASX J14273023+5409238","ICRF J080108.2+440110","WN B1151.0+3318","7C 080602.89+522749.00","[VV2006] J093113.9+600629"]},{"index":1,"name":"col1","values":["16.96","19.52","15.79","13.4","18.14","18.6","16.93","18.56","17.7","19.01","18.89","18.26","18.53","20.8","20.64","17.4","20.07","20.71","15.59","19.35"]},{"index":2,"name":"col2","values":["235.91975688116","167.878749509861","225.2576458648366","251.8619865117635","193.0811459729528","222.386249054247","32.692500262431","176.3962874920104","179.1940087058013","218.6889526586025","137.9490086969023","137.7168254662459","45.2656422393335","128.5579421600582","118.6577360025562","216.8761641155374","120.2844783940966","178.4070302569514","122.4549443833374","142.8078616451238"]},{"index":3,"name":"col3","values":["0.0111","1.7258","0.0241","0.0404","0.2232","0.1408","0.0596","0.1993","2.0227","0.3507","0.291","0.0472","0.5809","0.1053","2.0019","0.0577","1.4424","1.5274","0.0381","0.1988"]},{"index":4,"name":"col4","values":["0.42151","0.212","0.235","0.132","1.28697","0.2272","1.003","0.16783","0.17161","0.198","0.45593","0.19862","0.245","0.367649","1.044783","0.106","1.072","0.54712","0.137","0.6271"]},{"index":5,"name":"col5","values":["-0.366","-1.096","0.069","-0.291","-0.123","-0.803","0.084","-0.597","-0.424","0.349","-0.485","-0.074","0.5","-0.914","-0.87","-0.265","0.001","-6.46","0.056","0.051"]}]},"context":{"page_title":null,"page_url":null,"page_entity_id":null,"content_hierarchy":[]},"links":[[[{"start":0,"end":20,"url":null,"entity_id":"Q81813259","candidates":[]}],[],[],[],[],[]],[[{"start":0,"end":12,"url":null,"entity_id":"Q76889692","candidates":[]}],[],[],[],[],[]],[[{"start":0,"end":22,"url":null,"entity_id":"Q76882058","candidates":[]}],[],[],[],[],[]],[[{"start":0,"end":6,"url":null,"entity_id":"Q76722534","candidates":[]}],[],[],[],[],[]],[[{"start":0,"end":23,"url":null,"entity_id":"Q75794890","candidates":[]}],[],[],[],[],[]],[[{"start":0,"end":13,"url":null,"entity_id":"Q75720887","candidates":[]}],[],[],[],[],[]],[[{"start":0,"end":23,"url":null,"entity_id":"Q75310334","candidates":[]}],[],[],[],[],[]],[[{"start":0,"end":23,"url":null,"entity_id":"Q75302852","candidates":[]}],[],[],[],[],[]],[[{"start":0,"end":20,"url":null,"entity_id":"Q75203982","candidates":[]}],[],[],[],[],[]],[[{"start":0,"end":21,"url":null,"entity_id":"Q75170079","candidates":[]}],[],[],[],[],[]],[[{"start":0,"end":23,"url":null,"entity_id":"Q78536936","candidates":[]}],[],[],[],[],[]],[[{"start":0,"end":12,"url":null,"entity_id":"Q78534075","candidates":[]}],[],[],[],[],[]],[[{"start":0,"end":23,"url":null,"entity_id":"Q78201379","candidates":[]}],[],[],[],[],[]],[[{"start":0,"end":25,"url":null,"entity_id":"Q78195272","candidates":[]}],[],[],[],[],[]],[[{"start":0,"end":23,"url":null,"entity_id":"Q78193050","candidates":[]}],[],[],[],[],[]],[[{"start":0,"end":21,"url":null,"entity_id":"Q78191345","candidates":[]}],[],[],[],[],[]],[[{"start":0,"end":15,"url":null,"entity_id":"Q78186821","candidates":[]}],[],[],[],[],[]],[[{"start":0,"end":22,"url":null,"entity_id":"Q79615167","candidates":[]}],[],[],[],[],[]],[[{"start":0,"end":25,"url":null,"entity_id":"Q79601288","candidates":[]}],[],[],[],[],[]],[[{"start":0,"end":23,"url":null,"entity_id":"Q81853135","candidates":[]}],[],[],[],[],[]]]}