{"version":"1.2","table":{"version":"2","table_id":"K65HXG44","columns":[{"index":0,"name":"col0","values":["Dęboiki","Bronowic","Bieżdnów-Prokocim","Bieńczych","Czyżypy","Gr|egórzki","Krowodrz","Łagiewniki-Brek Fałęki","Prdnik Biały","Zwierzyiec","Prądnik Czerypn","woszowice","Wzgórza Krzgsławickie","Mistrzejowich","Podiórze Duchackie","Sant'Fustachio","Sant'Angeo","Praga-Sółnoc","Praga-Poudnie","Wilanõw"]},{"index":1,"name":"col1","values":["59929.55499999999","23676.184999999998","63341.12999999999","42249.303","26432.01","29522.3","31838.13","14769.846","69065.865","20597.177999999996","47727.225","25864.08","20221.788","52802.94","52330.409999999996","2457.35","1337.328","65508.576","179339.235","35170.0"]},{"index":2,"name":"col2","values":["46.143809999999995","9.55044","18.6547","3.7333","12.30904","5.855849999999999","5.61438","5.436259999999999","23.3029","28.758729999999996","6.41424","25.5488","23.65326","5.57323","9.463679999999998","0.1701504","0.1384256","11.42","22.29048","36.65654"]}]},"context":{"page_title":null,"page_url":null,"page_entity_id":null,"content_hierarchy":[]},"links":[[[{"start":0,"end":8,"url":null,"entity_id":"Q3503004","candidates":[]}],[],[]],[[{"start":0,"end":17,"url":null,"entity_id":"Q3489508","candidates":[]}],[],[]],[[{"start":0,"end":9,"url":null,"entity_id":"Q3489086","candidates":[]}],[],[]],[[{"start":0,"end":7,"url":null,"entity_id":"Q3489052","candidates":[]}],[],[]],[[{"start":0,"end":10,"url":null,"entity_id":"Q3488794","candidates":[]}],[],[]],[[{"start":0,"end":8,"url":null,"entity_id":"Q3488789","candidates":[]}],[],[]],[[{"start":0,"end":22,"url":null,"entity_id":"Q3488708","candidates":[]}],[],[]],[[{"start":0,"end":12,"url":null,"entity_id":"Q3488696","candidates":[]}],[],[]],[[{"start":0,"end":10,"url":null,"entity_id":"Q3488693","candidates":[]}],[],[]],[[{"start":0,"end":15,"url":null,"entity_id":"Q3488686","candidates":[]}],[],[]],[[{"start":0,"end":9,"url":null,"entity_id":"Q3488679","candidates":[]}],[],[]],[[{"start":0,"end":21,"url":null,"entity_id":"Q3488290","candidates":[]}],[],[]],[[{"start":0,"end":13,"url":null,"entity_id":"Q3488273","candidates":[]}],[],[]],[[{"start":0,"end":18,"url":null,"entity_id":"Q3488262","candidates":[]}],[],[]],[[{"start":0,"end":14,"url":null,"entity_id":"Q2223960","candidates":[]}],[],[]],[[{"start":0,"end":10,"url":null,"entity_id":"Q2223892","candidates":[]}],[],[]],[[{"start":0,"end":12,"url":null,"entity_id":"Q2107497","candidates":[]}],[],[]],[[{"start":0,"end":13,"url":null,"entity_id":"Q2107492","candidates":[]}],[],[]],[[{"start":0,"end":7,"url":null,"entity_id":"Q1887504","candidates":[]}],[],[]],[[{"start":0,"end":7,"url":null,"entity_id":"Q3503052","candidates":[]}],[],[]]]}