{"version":"1.2","table":{"version":"2","table_id":"K6CQ9TAH","columns":[{"index":0,"name":"col0","values":["Mieån","Varde River","Gothemsån","Svartån","Vidå","Skjern River","Mörrumsån","Kävlinge River","Kolbäcksån","Svartån","Ronneby River","Lilleå","Viskan","Höje River","Eskilstunaån","Sagån","Hedströmmen","Säveån","Testeboån","Harmångersån"]},{"index":1,"name":"col1","values":["48","40","55","165","69","94","185","90","180","100","110","34","1417","45","20","70","128","130","60","81"]},{"index":2,"name":"col2","values":["248.3","1090","479.5","3410","1081","2100","3369","1203.8","3118","1410","1112.7","300","2202.1","316","4183","857","1060","1475","1111.8","1197.1"]}]},"context":{"page_title":null,"page_url":null,"page_entity_id":null,"content_hierarchy":[]},"links":[[[{"start":0,"end":11,"url":null,"entity_id":"Q5767687","candidates":[]}],[],[]],[[{"start":0,"end":9,"url":null,"entity_id":"Q4803847","candidates":[]}],[],[]],[[{"start":0,"end":7,"url":null,"entity_id":"Q2370591","candidates":[]}],[],[]],[[{"start":0,"end":4,"url":null,"entity_id":"Q2166040","candidates":[]}],[],[]],[[{"start":0,"end":12,"url":null,"entity_id":"Q2025017","candidates":[]}],[],[]],[[{"start":0,"end":9,"url":null,"entity_id":"Q1857538","candidates":[]}],[],[]],[[{"start":0,"end":14,"url":null,"entity_id":"Q1785545","candidates":[]}],[],[]],[[{"start":0,"end":10,"url":null,"entity_id":"Q1779104","candidates":[]}],[],[]],[[{"start":0,"end":7,"url":null,"entity_id":"Q1720622","candidates":[]}],[],[]],[[{"start":0,"end":13,"url":null,"entity_id":"Q1636516","candidates":[]}],[],[]],[[{"start":0,"end":6,"url":null,"entity_id":"Q1567622","candidates":[]}],[],[]],[[{"start":0,"end":6,"url":null,"entity_id":"Q1537948","candidates":[]}],[],[]],[[{"start":0,"end":10,"url":null,"entity_id":"Q1501168","candidates":[]}],[],[]],[[{"start":0,"end":12,"url":null,"entity_id":"Q1367814","candidates":[]}],[],[]],[[{"start":0,"end":5,"url":null,"entity_id":"Q1358418","candidates":[]}],[],[]],[[{"start":0,"end":11,"url":null,"entity_id":"Q1358402","candidates":[]}],[],[]],[[{"start":0,"end":6,"url":null,"entity_id":"Q1354961","candidates":[]}],[],[]],[[{"start":0,"end":9,"url":null,"entity_id":"Q1353928","candidates":[]}],[],[]],[[{"start":0,"end":12,"url":null,"entity_id":"Q1353876","candidates":[]}],[],[]],[[{"start":0,"end":5,"url":null,"entity_id":"Q6843979","candidates":[]}],[],[]]]}