{"version":"1.2","table":{"version":"2","table_id":"K71YYDXO","columns":[{"index":0,"name":"col0","values":["Afghanistan","Albania","Algeria","Andorra","Angola","Antigua and Barbuda","Argentina","Armenia","Armenia","Australia","Austria","Austria","Azerbaijan","Bahamas","Bahrain","Bangladesh","Barbados","Belarus","Belgium","Belize","Benin","Bhutan","Bolivia","Bosnia and Herzegovina","Botswana","Brazil","Brunei","Bulgaria","Burkina Faso","Burundi","Cambodia","Cambodia","Cameroon","Cameroon","Cameroon","Cameroon","Canada","Canada","Cape Verde","Central African Republic","Chad","Chile","China","China","China","Colombia","Comoros","Comoros","Democratic Republic of the Congo","Democratic Republic of the Congo","Republic of the Congo","Republic of the Congo","Republic of the Congo","Republic of the Congo","Republic of the Congo","Republic of the Congo","Republic of the Congo","Republic of the Congo","Costa Rica","Croatia","Cuba","Cyprus","Czech Republic","Denmark","Djibouti","Dominica","Dominican Republic","East Timor","Ecuador","Egypt","El Salvador","Equatorial Guinea","Eritrea","Eritrea","Estonia","Eswatini","Ethiopia","Fiji","Finland","Finland","France","Gabon","The Gambia","Georgia","Germany","Ghana","Greece","Grenada","Guatemala","Guinea","Guinea-Bissau","Guyana","Haiti","Honduras","Hungary","Iceland","India","Indonesia","Iran","Iraq","Ireland","Ireland","Ireland","Ireland","Israel","Italy","Ivory Coast","Ivory Coast","Ivory Coast","Ivory Coast","Ivory Coast","Ivory Coast","Jamaica","Japan","Japan","Jordan","Kazakhstan","Kenya","Kenya","Kenya","Kenya","Kenya","Kiribati","North Korea","South Korea","Kuwait","Kyrgyzstan","Kyrgyzstan","Kyrgyzstan","Kyrgyzstan","Laos","Latvia","Lebanon","Lesotho","Liberia","Libya","Liechtenstein","Lithuania","Luxembourg","Madagascar","Malawi","Malaysia","Maldives","Mali","Malta","Marshall Islands","Mauritania","Mauritius","Mexico","Micronesia","Moldova","Monaco","Mongolia","Mongolia","Montenegro","Morocco","Mozambique","Mozambique","Myanmar","Namibia","Nauru","Nepal","Netherlands","Netherlands","Netherlands","New Zealand","New Zealand","New Zealand","New Zealand","Nicaragua","Niger","Niger","Nigeria","Nigeria","Nigeria","Nigeria","Nigeria","North Macedonia","Norway","Oman","Pakistan","Palau","Panama","Papua New Guinea","Paraguay","Peru","Philippines","Poland","Portugal","Qatar","Romania","Romania","Russia","Rwanda","Saint Kitts and Nevis","Saint Lucia","Saint Vincent and the Grenadines","Samoa","San Marino","São Tomé and Príncipe","Saudi Arabia","Senegal","Serbia","Seychelles","Seychelles","Seychelles","Seychelles","Sierra Leone","Singapore","Slovakia","Slovenia","Solomon Islands","Solomon Islands","Somalia","South Africa","South Africa","South Africa","South Africa","South Sudan","Spain","Spain","Sri Lanka","Sudan","Suriname","Suriname","Sweden","Switzerland","Switzerland","Switzerland","Switzerland","Syria","Syria","Tajikistan","Tanzania","Thailand","Togo","Tonga","Trinidad and Tobago","Tunisia","Tunisia","Turkey","Turkmenistan","Tuvalu","Uganda","Ukraine","United Arab Emirates","United Kingdom","United States","Uruguay","Uzbekistan","Vanuatu","Vatican City","Venezuela","Vietnam","Yemen","Zambia","Zimbabwe"]},{"index":1,"name":"col1","values":["Millī Surūd","Betimi mbi Flamur","Kassaman","El Gran Carlemany","Angola Avante","Fair Antigua, We Salute Thee","Himno Nacional Argentino","Mer Hayrenik","Mer Hayrenik","Advance Australia Fair","Bundeshymne der Republik Österreich","Bundeshymne der Republik Österreich","Azərbaycan marşı","March On, Bahamaland","Bahrainona","Amar Shonar Bangla","National Anthem of Barbados","My Belarusy","The Brabançonne","Land of the Free","L'Aube Nouvelle","Druk tsendhen","Himno Nacional de Bolivia","Državna himna Bosne i Hercegovine","Fatshe leno la rona","Hino Nacional Brasileiro","Allah Peliharakan Sultan","Mila Rodino","Une Seule Nuit","Burundi Bwacu","Nokor Reach","Nokor Reach","O Cameroun, Berceau de nos Ancêtres","O Cameroun, Berceau de nos Ancêtres","O Cameroun, Berceau de nos Ancêtres","O Cameroun, Berceau de nos Ancêtres","Ô Canada","Ô Canada","Cântico da Liberdade","La Renaissance","La Tchadienne","Himno Nacional de Chile","Yìyǒngjūn Jìnxíngqǔ","Yìyǒngjūn Jìnxíngqǔ","Yìyǒngjūn Jìnxíngqǔ","Himno Nacional de la República de Colombia","Udzima wa ya Masiwa","Udzima wa ya Masiwa","Debout Congolais","Debout Congolais","La Congolaise","La Congolaise","La Congolaise","La Congolaise","La Congolaise","La Congolaise","La Congolaise","La Congolaise","Himno Nacional de Costa Rica","Lijepa naša domovino","El Himno de Bayamo","Ýmnos eis tīn Eleutherían","Kde domov můj","Der er et yndigt land","Djibouti","Isle of Beauty, Isle of Splendour","Himno Nacional","Pátria","Salve, Oh Patria","Bilady, Bilady, Bilady","Himno Nacional de El Salvador","Caminemos pisando las sendas de nuestra inmensa felicidad","Ertra, Ertra, Ertra","Ertra, Ertra, Ertra","Mu isamaa, mu õnn ja rõõm","Nkulunkulu Mnikati wetibusiso temaSwati","Wodefit Gesgeshi, Widd Innat Ityopp'ya","Meda Dau Doka","Swedish: Vårt Land","Swedish: Vårt Land","La Marseillaise","La Concorde","For The Gambia Our Homeland","Tavisupleba","Lied der Deutschen","God Bless Our Homeland Ghana","Ýmnos eis tīn Eleutherían","Hail Grenada","Himno Nacional de Guatemala","Tono th smemp","Esta É a Nossa Pátria Bem Amada","Dear Land of Guyana, of Rivers and Plains","La Dessalinienne","Himno Nacional de Honduras","Himnusz","Lofsöngur","Jana Gana Mana","Indonesia Raya","Soroud-e Melli-e Jomhouri-e Eslami-e Iran","Mawtini (My Homeland)","Amhrán na bhFiann","Amhrán na bhFiann","Amhrán na bhFiann","Amhrán na bhFiann","HaTikvah","Il Canto degli Italiani","L'Abidjanaise","L'Abidjanaise","L'Abidjanaise","L'Abidjanaise","L'Abidjanaise","L'Abidjanaise","Jamaica, Land We Love","Kimigayo","Kimigayo","Al-salam Al-malaki Al-urdoni","Meniñ Qazaqstanım","Ee Mungu Nguvu Yetu","Ee Mungu Nguvu Yetu","Ee Mungu Nguvu Yetu","Ee Mungu Nguvu Yetu","Ee Mungu Nguvu Yetu","Teirake Kaini Kiribati","Aegukka","Aegukga","Al-Nasheed Al-Watani","Kyrgyz Respublikasynyn Mamlekettik Gimni","Kyrgyz Respublikasynyn Mamlekettik Gimni","Kyrgyz Respublikasynyn Mamlekettik Gimni","Kyrgyz Respublikasynyn Mamlekettik Gimni","Pheng Xat Lao","Dievs, svētī Latviju!","Lebanese National Anthem","Lesotho Fatše La Bontata Rona","All Hail, Liberia, Hail!","Libya, Libya, Libya","Oben am jungen Rhein","Tautiška giesmė","Ons Heemecht","Ry Tanindrazanay malala ô!","Mulungu dalitsa Malaŵi","Negaraku","Gaumii salaam","Le Mali","L-Innu Malti","Forever Marshall Islands","Nashid Wataniin Muritaniin","Motherland","Himno Nacional Mexicano","Patriots of Micronesia","Limba noastră","Hymne Monégasque","Mongol ulsiin töriin duulal","Mongol ulsiin töriin duulal","Oj, svijetla majska zoro","Hymne Chérifien","Pátria Amada","Pátria Amada","Kaba Ma Kyei","Namibia, Land of the Brave","Nauru Bwiema","Sayaun Thunga Phool Ka","Wilhelmus","Wilhelmus","Wilhelmus","God Defend New Zealand","God Defend New Zealand","God Defend New Zealand","God Defend New Zealand","Salve a ti, Nicaragua","La Nigérienne","La Nigérienne","Arise, O Compatriots","Arise, O Compatriots","Arise, O Compatriots","Arise, O Compatriots","Arise, O Compatriots","Denes nad Makedonija","Ja, vi elsker dette landet","Nashid as-Salaam as-Sultani","Qaumī Tarāna","Belau rekid","Himno Istmeño","O Arise, All You Sons","Wosh rki shuem","Himno Nacional del Perú","Lupang Hinirang","Mazurek Dąbrowskiego","A Portuguesa","As Salam al Amiri","Deșteaptă-te, române!","Deșteaptă-te, române!","Gosudarstvenny Gimn Rossiyskoy Federatsii","Rwanda Nziza","O Land of Beauty!","Sons and Daughters of Saint Lucia","Saint Vincent, Land so beautiful","The Banner of Freedom","Inno Nazionale della Repubblica","Independência total","As-Salam Al Malaki","Pincez Tous vos Koras, Frappez les Balafons","Bože pravde","Koste Seselwa","Koste Seselwa","Koste Seselwa","Koste Seselwa","High We Exalt Thee, Realm of the Free","Majulah Singapura","Nad Tatrou sa blýska","Zdravljica","God Save Our Solomon Islands","God Save Our Solomon Islands","Qolobaa Calankeed","National anthem of South Africa","National anthem of South Africa","National anthem of South Africa","National anthem of South Africa","South Sudan Oyee!","La Marcha Real","La Marcha Real","Sri Lanka Matha","Nahnu Jund Allah Jund Al-watan","God zij met ons Suriname","God zij met ons Suriname","Du gamla, Du fria","Schweizerpsalm","Schweizerpsalm","Schweizerpsalm","Schweizerpsalm","Humāt ad-Diyār","Humāt ad-Diyār","Surudi Milli","Mungu ibariki Afrika","Phleng Chat","Salut à toi, pays de nos aïeux","Ko e fasi ʻo e tuʻi ʻo e ʻOtu Tonga","Forged from the Love of Liberty","Humat al-Hima","Humat al-Hima","İstiklâl Marşı","Garaşsyz, Bitarap Türkmenistanyň Döwlet Gimni","Tuvalu mo te Atua","Oh Uganda, Land of Beauty","Shche ne vmerla Ukraina","Ishy Biladi","God Save the Queen","The Star-Spangled Banner","Himno Nacional","O`zbekiston Respublikasining Davlat Madhiyasi","Yumi, Yumi, Yumi","Marche Pontificale","Gloria al Bravo Pueblo","Tiến Quân Ca","National anthem of Yemen","Stand and Sing of Zambia, Proud and Free","Simudzai Mureza WeZimbabwe"]},{"index":2,"name":"col2","values":["National Anthem","The Pledge on the Flag","We Pledge","The Great Charlemagne","Forward Angola","","Argentine National Anthem","Our Fatherland","Our Fatherland","","National Anthem of the Republic of Austria","National Anthem of the Republic of Austria","Azerbaijan's Anthem","","Our Bahrain","My Golden Bengal","","We, the Belarusians","","","The Dawn of a New Day","The Thunder Dragon Kingdom","National Anthem of Bolivia","The National Anthem of Bosnia and Herzegovina","Blessed Be This Noble Land","Brazilian National Anthem","God Bless the Sultan","Dear Motherland","One Single Night","Our Burundi","Royal Kingdom","Royal Kingdom","O Cameroon, Cradle of Our Forefathers","O Cameroon, Cradle of Our Forefathers","O Cameroon, Cradle of Our Forefathers","O Cameroon, Cradle of Our Forefathers","O Canada","O Canada","Song of Freedom","The Rebirth","People of Chad","National Anthem of Chile","March of the Volunteers","March of the Volunteers","March of the Volunteers","National Anthem of the Republic of Colombia","The Union of the Great Islands","The Union of the Great Islands","Arise Congolese","Arise Congolese","The Congolese","The Congolese","The Congolese","The Congolese","The Congolese","The Congolese","The Congolese","The Congolese","National Anthem of Costa Rica","Our Beautiful Homeland","The Anthem of Bayamo","Hymn to Liberty","Where My Home is","There is a lovely country","","","National Anthem","Fatherland","We Salute You, Our Homeland","My Country, My Country, My Country","National Anthem of El Salvador","Let Us Tread the Path of our Immense Happiness","Eritrea, Eritrea, Eritrea","Eritrea, Eritrea, Eritrea","My Fatherland, My Happiness and Joy","O Lord our God of the Swazi","March Forward, Dear Mother Ethiopia","God Bless Fiji","Finnish:Maamme","Finnish:Maamme","The Song of Marseille","Concord","","Freedom","Song of the Germans","","Hymn to Liberty or Hymn to Freedom","","National Anthem of Guatemala","Tndri jim","This Is Our Beloved Country","","Song of Dessalines","National Anthem of Honduras","Hymn","Hymn","Hail the ruler of all minds","Great Indonesia","National Anthem of Iran","","The Soldier's Song","The Soldier's Song","The Soldier's Song","The Soldier's Song","The Hope","The Song of the Italians","Song of Abidjan","Song of Abidjan","Song of Abidjan","Song of Abidjan","Song of Abidjan","Song of Abidjan","","His Majesty's Reign","His Majesty's Reign","The Royal Anthem of Jordan","My Kazakhstan","Oh God of All Creation","Oh God of All Creation","Oh God of All Creation","Oh God of All Creation","Oh God of All Creation","Stand up, Kiribati","The Patriotic Song","The Patriotic Song","National Anthem","National Anthem of the Kyrgyz Republic","National Anthem of the Kyrgyz Republic","National Anthem of the Kyrgyz Republic","National Anthem of the Kyrgyz Republic","National Anthem of Laos","God Bless Latvia","","Lesotho, Land of Our Fathers","","","Up on the young Rhine","National Song","Our Homeland","Oh, Beloved Land of our Ancestors","God Bless Malawi","My Country","National Salute","Mali","The Maltese Hymn","","National Anthem of Mauritania","","Mexican National Anthem","","Our Language","Monégasque Anthem","National Anthem of Mongolia","National Anthem of Mongolia","O, Bright Dawn of May","Cherifian Anthem","Beloved Homeland","Beloved Homeland","Till the End of the World","","Song of Nauru","A Garland of Hundred Flowers","William","William","William","","","","","Hail to Thee, Nicaragua","The Nigerien","The Nigerien","","","","","","Today Over Macedonia","Yes, We Love This Country","","National Anthem","Our Palau","Hymn of the Isthmus","","Ploo zuoft tri, speasp","National Anthem of Peru","Chosen Land","Poland Is Not Yet Lost","The Portuguese","Peace to the Amir","Awaken Thee, Romanian","Awaken Thee, Romanian","State Hymn of the Russian Federation","Beautiful Rwanda","","","","","The National Anthem of the Republic","Total Independence","The Royal Salute","Strum your Koras, Strike the Balafons","God of Justice","Join together all Seychellois","Join together all Seychellois","Join together all Seychellois","Join together all Seychellois","","Onward Singapore","Lightning Over the Tatras","A Toast","","","Praise to the Flag","","","","","","The Royal March","The Royal March","Mother Sri Lanka","We Are the Army of God and of Our Land","God Be With Our Suriname","God Be With Our Suriname","Thou Ancient, Thou Free","Swiss Psalm","Swiss Psalm","Swiss Psalm","Swiss Psalm","Guardians of the Homeland","Guardians of the Homeland","National Anthem","God Bless Africa","National Song","Hail to Thee, Land of our Forefathers","Song of the King of the Tonga Islands","","Defenders of the Homeland","Defenders of the Homeland","The March of Independence","The State Anthem of Independent and Neutral Turkmenistan","Tuvalu for the Almighty","","Ukraine's Glory Has Not Perished","Long Live my Homeland","","","National Anthem","National Anthem of the Republic of Uzbekistan","We, We, We","Pontifical Anthem and March","Glory to the Brave People","Marching Song","","","O Lift High The Banner Of Zimbabwe"]},{"index":3,"name":"col3","values":["2006","1912","1962","1914","1975","1981","1813","1918","1991","1984","1947","1947","1918","1973","1971","1972","1966","1955","1830","1981","1960","1953","1852","1999","1966","1831","1951","1964","1984","1962","1941","1941","1957","1957","1957","1957","1980","1980","1996","1960","1960","1941","1949","1982","2004","1886","1978","1978","1960","1997","1959","1991","1959","1991","1959","1991","1959","1991","1853","1972","1902","1960","1918","1835","1977","1978","1934","2002","1948","1979","1879","1968","1993","1993","1920","1968","1992","1970","1917","1917","1795","1960","1965","2004","1922","1957","1865","1974","1896","1958","1974","1966","1904","1915","1989","1944","1950","1945","1990","2004","1926","1926","1926","1926","2004","2017","1960","1960","1960","1960","1960","1960","1962","1999","1999","1946","2006","1963","1963","1963","1963","1963","1979","1947","1948","1978","1992","1992","1992","1992","1947","1920","1927","1966","1847","2011","1963","1919","1993","1958","1964","1957","1972","1962","1964","1991","2017","1968","1943","1991","1994","1848","1950","1950","2004","1956","2002","2002","1948","1991","1968","2007","1932","1932","1932","1940","1977","1940","1977","1918","1961","1961","1978","1978","1978","1978","1978","1992","2019","1932","1954","1980","1925","1975","1933","1821","1898","1926","1911","1996","1990","1990","2000","2002","1983","1979","1979","1962","1894","1975","1950","1960","2006","1996","1996","1996","1996","1961","1965","1918","1989","1978","1978","2012","1997","1997","1997","1997","2011","1770","1939","1951","1956","1959","1959","","1981","1981","1981","1981","1936","1936","1991","1961","1939","1960","1875","1962","1987","1987","1921","2008","1978","1962","1917","1971","","1931","1848","1991","1980","1949","1881","1945","1990","1964","1994"]},{"index":4,"name":"col4","values":["Abdul Bari Jahani","Aleksandër Stavre Drenova","Moufdi Zakaria","Keur-glia","Manuel Rui Alves Monteiro","Rnwo pui","Vicente López y Planes","Mikael Nalbandian","Mikael Nalbandian","Peter Dodds McCormick","Paula von Preradović","Paula von Preradović","Ahmed Javad","Tiedt lemadhe avirs, sku","Mohamed Sudqi Ayyash","Rabindranath Tagore","Irving Burgie","Michael Klimovich","Jenneval","Samuel Alfred Haynes","Croeft smusp","Haind-wn byho smoo","José Ignacio de Sanjinés","","Zie vuo","Joaquim Osório Duque Estrada","Pengiran Haji Mohamed Yusuf bin Abdul Rahim","Tsvetan Radoslavov","Thomas Sankara","Juank tef sio","Samdach Chuon Nat","Samdach Chuon Nat","Druo pynd","Ontera vai swuw, mi","Ondato, zy","Dr Bernard Fonlon","Adolphe-Basile Routhier","Robert Stanley Weir","Ren stry, pak geo","Barthélémy Boganda","Louis Gidrol","Eusebio Lillo","Tian Han","Tian Han","Tian Han","Rafael Núñez","Gluo nea","Cheo nentb groi seg","Joseph Lutumba","Joseph Lutumba","Bli ish kiosh","Sny dseabe pro","Stoi uni be","Petwewh-creint","Shesrv bub gle tror","Flu rib skuo","Blee frai","Veu i, plaef","José María Zeledón Brenes","Antun Mihanović","Perucho Figueredo","Dionýsios Solomós","Josef Kajetán Tyl","Adam Oehlenschläger","Eswiono-shosh han zosk","Ust groa","Emilio Prud'Homme","Francisco Borja da Costa","Juan León Mera","Eiluv spio","Juan José Cañas","Atanasio Ndongo Miyone","Chiu flao tank","Smy blau","Johann Voldemar Jannsen","Lish actfj swio","Te, laperld sneod","Stea flia-ifreom strau","Endthar skict gluask","Prke tthtinges cream","Claude Joseph Rouget de Lisle","Georges Aleka Damas","Usineh neas peg","David Magradze","August Heinrich Hoffmann von Fallersleben","Fserism borabang ske","Dionýsios Solomós","Swith gynk","José Joaquín Palma","","Amílcar Cabral","Zuev-imaxofw hioft","Justin Lhérisson","Gyst smia","Ferenc Kölcsey","Matthías Jochumsson","Rabindranath Tagore","Wage Rudolf Soepratman","","Ibrahim Touqan","Peadar Kearney","Liam Ó Rinn","Peadar Kearney","Liam Ó Rinn","Naftali Herz Imber","Goffredo Mameli","Tsthanfin-thio coth, lea","Lausk swu swui","Fitsth nu bep smy","Mu gyz wuo, blae","Mas, metsesu gri bea","W pon you","Iohendmm-trg pond groi","Kokin Wakashū","Kokin Wakashū","Kaab swai","Zhumeken Nazhimedenov","Ira o zu pie","Arere beu tent zie","Thomas Kalume","Tessalst bedapo stu","Slua pleeg-t flae","Prue rov","Pak Seyŏng","An Chang-ho","Ahmad Meshari Al-Adwani","Angel stua","Riuv kesnende nbla genk","Vor umbes thedeaj pia","Ofsdfo icti, zouz","Tybuir brau shank","Kārlis Baumanis","Muvir-nu","François Coillard","Daniel Bashiel Warner","Onura liuch spil","Athore blao","Vincas Kudirka","Michel Lentz","Pastor Rahajason","Michael-Fredrick Paul Sauka","","Muhammad Jameel Didi","Seydou Badian Kouyate","Dun Karm Psaila","Amata Kabua","","Po skent wndwlaty-ship","Francisco González Bocanegra","","Alexei Mateevici","Louis Notari","Tsendiin Damdinsüren","Tsendiin Damdinsüren","","Ali Squalli Houssaini","Stls, smeesp sloez","Mia Couto","Tsaya Ting","Axali Doëseb","Margaret Hendrie","Byakul Maila","Philips of Marnix","Dirck Coornhert","Petrus Dathenus","Thomas Bracken","Thomas Bracken","Thomas H. Smith","Thomas H. Smith","Salomón Ibarra Mayorga","An rgthent sny me","Udb chy beask","Bee buomp","Poon tatlue brosp","Sheri cloeg gaek","Ache striu soun dru","Jeit frint chei cli","Vlado Maleski","Bjørnstjerne Bjørnson","Hea homp-ploak deft","Hafeez Jullundhri","","Jeronimo de la Ossa","Aly it sloo tri","Francisco Acuña de Figueroa","José de la Torre Ugarte y Alarcón","José Palma","Józef Wybicki","Henrique Lopes de Mendonça","Trouk cerer themp swu","Andrei Mureşanu","Andrei Mureşanu","Sergey Mikhalkov","Dreasp ply keg","Menh cle se","Shy fryz","Phyllis Punnett","Cof oftwh-nok","","Alda Neves da Graça do Espírito Santo","O drymp jou","Léopold Sédar Senghor","Jovan Đorđević","Sari andinide beu, ba","Crog chek nyft","Tsursc snoe","Thit, wearins smy","Clifford Nelson Fyle","Zubir Said","Janko Matúška","France Prešeren","Panapasa Balekana","Matila Balekana","Abdullahi Qarshe","Enoch Sontonga","C. J. Langenhoven","Enoch Sontonga","C. J. Langenhoven","Zooch driand","","","Ananda Samarakoon","Ofo ofanewa ya","Lums smoab zu","Henry de Ziel","Richard Dybeck","Ra steu fom lump","Bei brof plaf","A atsuther ja","Gen imiati-lryi clid","Khalil Mardam Bey","Khalil Mardam Bey","Gulnazar Keldi","","Luang Saranupraphan","Vyl fctbo pyng","Uelingatoni Ngū Tupoumalohi","Patrick Castagne","Tyf strat hei","Aboul-Qacem Echebbi","Mehmet Akif Ersoy","","Afaese Manoa","George Wilberforce Kakoma","Pavlo Chubynsky","Pou flian th-she","Henry Carey","Francis Scott Key","Francisco Acuña de Figueroa","Abdulla Aripov","Stid kub cra","Antonio Allegra","Vicente Salias","Văn Cao","Fla plei zau praet","","Solomon Mutswairo"]},{"index":5,"name":"col5","values":["Cur skoe","Ciprian Porumbescu","Mohamed Fawzi","Juan Benlloch y Vivó","Swue frog","Cks lau reemp nui","Blas Parera","Barsegh Kanachyan","Barsegh Kanachyan","Peter Dodds McCormick","Wolfgang Amadeus Mozart","Ca osty tyct","Uzeyir Hajibeyov","Bencuca samedfo ji bruir","","Samar Das","Ffoweero ser chereng fle","Nestar Sakalowski","François Van Campenhout","Selwyn Walford Young","Psearshed nce plei","Sed sansthew tiltifi wa","Styv sloi","Dušan Šestić","Wofti gly","Francisco Manuel da Silva","Pr-qunt gul","Tsvetan Radoslavov","Thomas Sankara","Twh smy","F gla","Poak goa","Smau zuaz","Tuik gefo thafth soish","O fae oi he","Fui steonk grend triond","Calixa Lavallée","Calixa Lavallée","Truo-berhe cri shych","Mbows-thffa rwh yamp","Dinmmen adts drio","Ramón Carnicer","Nie Er","Nie Er","Nie Er","Oreste Sindici","Fointw yfut sta","Kiod fleb","Fra sku","Smaa-pluo dia tist","Fy odc snuey","Intr ziew zu","Cle, trw noucha dro","Smoi gla","Wav sluay wisk kisk","Rict nind plynd ka","Flek spio cesind fuor","Alastet shusp go","Bingo trin trio","Josip Runjanin","Perucho Figueredo","Nikolaos Mantzaros","František Škroup","Hans Ernst Krøyer","Swat, nglustol ho","Ens bler zai","José Rufino Reyes y Siancas","Ion ttunehes tiome swi","Antonio Neumane","Sayed Darwish","Juan Aberle","Doa hed","Lavind-itond smush","Pedystha ch geon fruoct","Fredrik Pacius","Vouy liu","Wash oared ropprain blask","Charles Austin Miles","Fredrik Pacius","Fredrik Pacius","Claude Joseph Rouget de Lisle","Georges Aleka Damas","T densota-efth creur","Zakaria Paliashvili","Joseph Haydn","Philip Gbeho","Nikolaos Mantzaros","Icarria gruo","Sma veech","Go thet fraa","Dvergar, bri toh","Grab pa ju","Nicolas Geffrard","Carlos Hartling","Ferenc Erkel","Sveinbjörn Sveinbjörnsson","Rabindranath Tagore","Wage Rudolf Soepratman","Sha gs swuamp","Mohammed Flayfel","Peadar Kearney","Peadar Kearney","Patrick Heeney","Patrick Heeney","Samuel Cohen","Michele Novaro","Cofofee-gro","Pst ondul bro-spei","Floot, smoiw","Ndbehsin thttma teiv","Slial spoe ja slai","Rven fy","Eofrontl twhedor smiopt","C blub","Sna cha","Winmpi broank","Shamshi Kaldayakov","Fle vom stau to","Tusesi zo-zo","Glui app-ofra not","Fyfah-tse ce waint","Therindn cre","Mol buter beo","Kim Wŏn'gyun","Ahn Eak-tae","Edreran mua","Drau dbarite prved-blo","Al gra","Aleche swaid-snai","Vez zil","Alato wabe t-yee","Kārlis Baumanis","Wadih Sabra","Re clov prerkere-shiof","Olmstead Luca","Mohammed Abdel Wahab","","Vincas Kudirka","Jean Antoine Zinnen","Breang saoft","Michael-Fredrick Paul Sauka","Pierre-Jean de Béranger","Pandit Wannakuwattawaduge Don Amaradeva","Banzumana Sissoko","Robert Samut","Amata Kabua","Rageh Daoud","Philippe Gentil","Jaime Nunó","","Alexandru Cristea","Charles Albrecht","Bilegiin Damdinsüren","Luvsanjambyn Mördorj","Hao-sleush ttveon ry","Croab frue fasma groog","Vy proomp gu","Ntharsm swettef nuk","Tsaya Ting","Axali Doëseb","Laurence Henry Hicks","Amber Gurung","Adrianus Valerius","Adrianus Valerius","Adrianus Valerius","John Joseph Woods","John Joseph Woods","John Joseph Woods","John Joseph Woods","Swoct sliu trask-drie","Byte grao fry","Ucerti f ziuv","Entinc, blisp seee breir","Tllad tith jah","Jaol bria","Styst istib gleu","Drai bl na","Todor Skalovski","Rikard Nordraak","Ontaino niu","Ahmed Ghulamali Chagla","Ahesen gu","Santos Jorge","Pite-ted","Francisco José Debali","Jose Bernardo Alcedo","Julián Felipe","","Alfredo Keil","S lesk omb be","Anton Pann","Smoct laapt fr bun","Alexander Vasilyevich Alexandrov","Crib ryh dramp, yeft","Ithe-bria sty swiul","Sao cly kov","Acuarrs mai","Athent on wia","Federico Consolo","Wh uga cro","Ng, titth shyb","Thast-dfi grul-gle","Davorin Jenko","Gch ryw","Amupe ireat rygu duemp","Beosk cedbyf, ncondr chaech","Prect sheesh","John Akar","Zubir Said","","Stanko Premrl","Panapasa Balekana","Panapasa Balekana","Abdullahi Qarshe","Enoch Sontonga","Enoch Sontonga","Sa yuink","Wov hgrgol zy chean","Faast ho muh draa","","","Ananda Samarakoon","Eclado, tiov","Grmieere n fluon","Ce jy","","Alberich Zwyssig","Alberich Zwyssig","Alberich Zwyssig","Alberich Zwyssig","Mohammed Flayfel","Ar stob","Suleiman Yudakov","Enoch Sontonga","Peter Feit","Chordotth juab","Carl Gustav Schmitt","Patrick Castagne","Mohammed Abdel Wahab","Mohammed Abdel Wahab","Osman Zeki Üngör","Veli Mukhatov","Afaese Manoa","George Wilberforce Kakoma","Mykhaylo Verbytsky","Huist wyct pleint","","John Stafford Smith","Francisco José Debali","Mutal Burhanov","Co oondty, ho glaa","Charles Gounod","Juan José Landaeta","Văn Cao","Ayoob Tarish","Enoch Sontonga","Row vyk"]}]},"context":{"page_title":null,"page_url":null,"page_entity_id":null,"content_hierarchy":[]},"links":[[[],[],[],[],[],[]],[[],[],[],[],[],[]],[[],[],[],[],[],[]],[[],[],[],[],[],[]],[[],[],[],[],[],[]],[[],[],[],[],[],[]],[[],[],[],[],[],[]],[[],[],[],[],[],[]],[[],[],[],[],[],[]],[[],[],[],[],[],[]],[[],[],[],[],[],[]],[[],[],[],[],[],[]],[[],[],[],[],[],[]],[[],[],[],[],[],[]],[[],[],[],[],[],[]],[[],[],[],[],[],[]],[[],[],[],[],[],[]],[[],[],[],[],[],[]],[[],[],[],[],[],[]],[[],[],[],[],[],[]],[[],[],[],[],[],[]],[[],[],[],[],[],[]],[[],[],[],[],[],[]],[[],[],[],[],[],[]],[[],[],[],[],[],[]],[[],[],[],[],[],[]],[[],[],[],[],[],[]],[[],[],[],[],[],[]],[[],[],[],[],[],[]],[[],[],[],[],[],[]],[[],[],[],[],[],[]],[[],[],[],[],[],[]],[[],[],[],[],[],[]],[[],[],[],[],[],[]],[[],[],[],[],[],[]],[[],[],[],[],[],[]],[[],[],[],[],[],[]],[[],[],[],[],[],[]],[[],[],[],[],[],[]],[[],[],[],[],[],[]],[[],[],[],[],[],[]],[[],[],[],[],[],[]],[[],[],[],[],[],[]],[[],[],[],[],[],[]],[[],[],[],[],[],[]],[[],[],[],[],[],[]],[[],[],[],[],[],[]],[[],[],[],[],[],[]],[[],[],[],[],[],[]],[[],[],[],[],[],[]],[[],[],[],[],[],[]],[[],[],[],[],[],[]],[[],[],[],[],[],[]],[[],[],[],[],[],[]],[[],[],[],[],[],[]],[[],[],[],[],[],[]],[[],[],[],[],[],[]],[[],[],[],[],[],[]],[[],[],[],[],[],[]],[[],[],[],[],[],[]],[[],[],[],[],[],[]],[[],[],[],[],[],[]],[[],[],[],[],[],[]],[[],[],[],[],[],[]],[[],[],[],[],[],[]],[[],[],[],[],[],[]],[[],[],[],[],[],[]],[[],[],[],[],[],[]],[[],[],[],[],[],[]],[[],[],[],[],[],[]],[[],[],[],[],[],[]],[[],[],[],[],[],[]],[[],[],[],[],[],[]],[[],[],[],[],[],[]],[[],[],[],[],[],[]],[[],[],[],[],[],[]],[[],[],[],[],[],[]],[[],[],[],[],[],[]],[[],[],[],[],[],[]],[[],[],[],[],[],[]],[[],[],[],[],[],[]],[[],[],[],[],[],[]],[[],[],[],[],[],[]],[[],[],[],[],[],[]],[[],[],[],[],[],[]],[[],[],[],[],[],[]],[[],[],[],[],[],[]],[[],[],[],[],[],[]],[[],[],[],[],[],[]],[[],[],[],[],[],[]],[[],[],[],[],[],[]],[[],[],[],[],[],[]],[[],[],[],[],[],[]],[[],[],[],[],[],[]],[[],[],[],[],[],[]],[[],[],[],[],[],[]],[[],[],[],[],[],[]],[[],[],[],[],[],[]],[[],[],[],[],[],[]],[[],[],[],[],[],[]],[[],[],[],[],[],[]],[[],[],[],[],[],[]],[[],[],[],[],[],[]],[[],[],[],[],[],[]],[[],[],[],[],[],[]],[[],[],[],[],[],[]],[[],[],[],[],[],[]],[[],[],[],[],[],[]],[[],[],[],[],[],[]],[[],[],[],[],[],[]],[[],[],[],[],[],[]],[[],[],[],[],[],[]],[[],[],[],[],[],[]],[[],[],[],[],[],[]],[[],[],[],[],[],[]],[[],[],[],[],[],[]],[[],[],[],[],[],[]],[[],[],[],[],[],[]],[[],[],[],[],[],[]],[[],[],[],[],[],[]],[[],[],[],[],[],[]],[[],[],[],[],[],[]],[[],[],[],[],[],[]],[[],[],[],[],[],[]],[[],[],[],[],[],[]],[[],[],[],[],[],[]],[[],[],[],[],[],[]],[[],[],[],[],[],[]],[[],[],[],[],[],[]],[[],[],[],[],[],[]],[[],[],[],[],[],[]],[[],[],[],[],[],[]],[[],[],[],[],[],[]],[[],[],[],[],[],[]],[[],[],[],[],[],[]],[[],[],[],[],[],[]],[[],[],[],[],[],[]],[[],[],[],[],[],[]],[[],[],[],[],[],[]],[[],[],[],[],[],[]],[[],[],[],[],[],[]],[[],[],[],[],[],[]],[[],[],[],[],[],[]],[[],[],[],[],[],[]],[[],[],[],[],[],[]],[[],[],[],[],[],[]],[[],[],[],[],[],[]],[[],[],[],[],[],[]],[[],[],[],[],[],[]],[[],[],[],[],[],[]],[[],[],[],[],[],[]],[[],[],[],[],[],[]],[[],[],[],[],[],[]],[[],[],[],[],[],[]],[[],[],[],[],[],[]],[[],[],[],[],[],[]],[[],[],[],[],[],[]],[[],[],[],[],[],[]],[[],[],[],[],[],[]],[[],[],[],[],[],[]],[[],[],[],[],[],[]],[[],[],[],[],[],[]],[[],[],[],[],[],[]],[[],[],[],[],[],[]],[[],[],[],[],[],[]],[[],[],[],[],[],[]],[[],[],[],[],[],[]],[[],[],[],[],[],[]],[[],[],[],[],[],[]],[[],[],[],[],[],[]],[[],[],[],[],[],[]],[[],[],[],[],[],[]],[[],[],[],[],[],[]],[[],[],[],[],[],[]],[[],[],[],[],[],[]],[[],[],[],[],[],[]],[[],[],[],[],[],[]],[[],[],[],[],[],[]],[[],[],[],[],[],[]],[[],[],[],[],[],[]],[[],[],[],[],[],[]],[[],[],[],[],[],[]],[[],[],[],[],[],[]],[[],[],[],[],[],[]],[[],[],[],[],[],[]],[[],[],[],[],[],[]],[[],[],[],[],[],[]],[[],[],[],[],[],[]],[[],[],[],[],[],[]],[[],[],[],[],[],[]],[[],[],[],[],[],[]],[[],[],[],[],[],[]],[[],[],[],[],[],[]],[[],[],[],[],[],[]],[[],[],[],[],[],[]],[[],[],[],[],[],[]],[[],[],[],[],[],[]],[[],[],[],[],[],[]],[[],[],[],[],[],[]],[[],[],[],[],[],[]],[[],[],[],[],[],[]],[[],[],[],[],[],[]],[[],[],[],[],[],[]],[[],[],[],[],[],[]],[[],[],[],[],[],[]],[[],[],[],[],[],[]],[[],[],[],[],[],[]],[[],[],[],[],[],[]],[[],[],[],[],[],[]],[[],[],[],[],[],[]],[[],[],[],[],[],[]],[[],[],[],[],[],[]],[[],[],[],[],[],[]],[[],[],[],[],[],[]],[[],[],[],[],[],[]],[[],[],[],[],[],[]],[[],[],[],[],[],[]],[[],[],[],[],[],[]],[[],[],[],[],[],[]],[[],[],[],[],[],[]],[[],[],[],[],[],[]],[[],[],[],[],[],[]],[[],[],[],[],[],[]],[[],[],[],[],[],[]],[[],[],[],[],[],[]],[[],[],[],[],[],[]],[[],[],[],[],[],[]],[[],[],[],[],[],[]],[[],[],[],[],[],[]],[[],[],[],[],[],[]],[[],[],[],[],[],[]],[[],[],[],[],[],[]],[[],[],[],[],[],[]],[[],[],[],[],[],[]],[[],[],[],[],[],[]],[[],[],[],[],[],[]],[[],[],[],[],[],[]],[[],[],[],[],[],[]],[[],[],[],[],[],[]],[[],[],[],[],[],[]],[[],[],[],[],[],[]],[[],[],[],[],[],[]],[[],[],[],[],[],[]],[[],[],[],[],[],[]],[[],[],[],[],[],[]],[[],[],[],[],[],[]],[[],[],[],[],[],[]],[[],[],[],[],[],[]],[[],[],[],[],[],[]],[[],[],[],[],[],[]],[[],[],[],[],[],[]],[[],[],[],[],[],[]],[[],[],[],[],[],[]],[[],[],[],[],[],[]],[[],[],[],[],[],[]],[[],[],[],[],[],[]],[[],[],[],[],[],[]]]}