{"version":"1.2","table":{"version":"2","table_id":"K81IKGXX","columns":[{"index":0,"name":"col0","values":["Al Hawtah District","Tur Al Bahah District","Rasad District","Bura District","Al Qaflah District","Al Mahfad District","Haydan District","Dar Sad District","Bani Suraim District","Zabid District","Al Qabbaytah District","Amd District","Habur Zulaymah District","Sayun District","Mudiyah District","Rakhyah District","Bilad At Ta'am District","Shibam District","Shada'a District","Ghayl Ba Wazir District"]},{"index":1,"name":"col1","values":["4274","7018","6958","7614","4527","3556","8018","12487","4097","24060","15873","2596","4914","11736","4322","1041","5074","5919","1297","6561"]},{"index":2,"name":"col2","values":["13171","24054","27354","21246","19314","13621","30544","42401","16817","79092","44935","9801","20069","52594","17813","4112","15405","24679","6088","25115"]},{"index":3,"name":"col3","values":["25881","47426","54825","45116","36722","26870","60331","79712","32698","155585","94516","20052","39334","102409","34879","8715","31143","48829","11202","48831"]},{"index":4,"name":"col4","values":["1848.5","263","198","242","49500","2256","569","37","24165","585","615","737.2","19990","804","2256","2269.02","411.8","117.5","232","2418.4"]},{"index":5,"name":"col5","values":["12710","23372","27471","23870","17408","13249","29787","37311","15881","76493","49581","10251","19265","49815","17066","4603","15738","24150","5114","23716"]}]},"context":{"page_title":null,"page_url":null,"page_entity_id":null,"content_hierarchy":[]},"links":[[[{"start":0,"end":21,"url":null,"entity_id":"Q4117589","candidates":[]}],[],[],[],[],[]],[[{"start":0,"end":14,"url":null,"entity_id":"Q4117586","candidates":[]}],[],[],[],[],[]],[[{"start":0,"end":13,"url":null,"entity_id":"Q4117582","candidates":[]}],[],[],[],[],[]],[[{"start":0,"end":18,"url":null,"entity_id":"Q4117577","candidates":[]}],[],[],[],[],[]],[[{"start":0,"end":18,"url":null,"entity_id":"Q4117574","candidates":[]}],[],[],[],[],[]],[[{"start":0,"end":15,"url":null,"entity_id":"Q4117573","candidates":[]}],[],[],[],[],[]],[[{"start":0,"end":16,"url":null,"entity_id":"Q4117565","candidates":[]}],[],[],[],[],[]],[[{"start":0,"end":20,"url":null,"entity_id":"Q4117563","candidates":[]}],[],[],[],[],[]],[[{"start":0,"end":14,"url":null,"entity_id":"Q4117562","candidates":[]}],[],[],[],[],[]],[[{"start":0,"end":21,"url":null,"entity_id":"Q4117561","candidates":[]}],[],[],[],[],[]],[[{"start":0,"end":12,"url":null,"entity_id":"Q4117560","candidates":[]}],[],[],[],[],[]],[[{"start":0,"end":23,"url":null,"entity_id":"Q4117558","candidates":[]}],[],[],[],[],[]],[[{"start":0,"end":14,"url":null,"entity_id":"Q4117557","candidates":[]}],[],[],[],[],[]],[[{"start":0,"end":16,"url":null,"entity_id":"Q4117556","candidates":[]}],[],[],[],[],[]],[[{"start":0,"end":16,"url":null,"entity_id":"Q4117554","candidates":[]}],[],[],[],[],[]],[[{"start":0,"end":23,"url":null,"entity_id":"Q4117553","candidates":[]}],[],[],[],[],[]],[[{"start":0,"end":15,"url":null,"entity_id":"Q4117552","candidates":[]}],[],[],[],[],[]],[[{"start":0,"end":16,"url":null,"entity_id":"Q4117551","candidates":[]}],[],[],[],[],[]],[[{"start":0,"end":23,"url":null,"entity_id":"Q4117550","candidates":[]}],[],[],[],[],[]],[[{"start":0,"end":18,"url":null,"entity_id":"Q4117591","candidates":[]}],[],[],[],[],[]]]}