{"version":"1.2","table":{"version":"2","table_id":"K9933WDL","columns":[{"index":0,"name":"col0","values":["HD 107695","Ton 611","GSC2004-242","Lambda1 Fornacis","HD 9377","HD 3750","HD 344","HD 29737","HD 26464","HD 22409","HD 220790","HD 220572","HD 207229","HD 203949","HD 168838","HD 153368","HR 5955","HD 127193","HD 12296","HD 121853"]},{"index":1,"name":"col1","values":["-52.2930453233377","24.6183750869047","29.3655574851653","-34.6499669979978","-30.28307889","-44.7962924373952","-33.5293260892583","-24.4823687143459","-8.819815973852","-11.1937847429529","-58.4761095345036","-56.8489833156454","-64.71253813181278","-37.8294316422842","-36.2379900317698","-35.9341341550479","-72.4008998546742","-38.8697111753877","-42.0305318653194","-50.3696490735314"]},{"index":2,"name":"col2","values":["-0.04","0","0.28","0.18","-0.06","0.05","0.12","-0.45","0.11","-0.18","-0.21","0.07","-0.02","0.28","0.09","0.35","0.3","-0.03","-0.05","-0.28"]}]},"context":{"page_title":null,"page_url":null,"page_entity_id":null,"content_hierarchy":[]},"links":[[[{"start":0,"end":9,"url":null,"entity_id":"Q66531028","candidates":[]}],[],[]],[[{"start":0,"end":7,"url":null,"entity_id":"Q12072186","candidates":[]}],[],[]],[[{"start":0,"end":11,"url":null,"entity_id":"Q12063386","candidates":[]}],[],[]],[[{"start":0,"end":16,"url":null,"entity_id":"Q10940430","candidates":[]}],[],[]],[[{"start":0,"end":7,"url":null,"entity_id":"Q10850711","candidates":[]}],[],[]],[[{"start":0,"end":7,"url":null,"entity_id":"Q10850007","candidates":[]}],[],[]],[[{"start":0,"end":6,"url":null,"entity_id":"Q10849949","candidates":[]}],[],[]],[[{"start":0,"end":8,"url":null,"entity_id":"Q10849864","candidates":[]}],[],[]],[[{"start":0,"end":8,"url":null,"entity_id":"Q10849770","candidates":[]}],[],[]],[[{"start":0,"end":8,"url":null,"entity_id":"Q10849651","candidates":[]}],[],[]],[[{"start":0,"end":9,"url":null,"entity_id":"Q10849605","candidates":[]}],[],[]],[[{"start":0,"end":9,"url":null,"entity_id":"Q10849602","candidates":[]}],[],[]],[[{"start":0,"end":9,"url":null,"entity_id":"Q10849321","candidates":[]}],[],[]],[[{"start":0,"end":9,"url":null,"entity_id":"Q10849267","candidates":[]}],[],[]],[[{"start":0,"end":9,"url":null,"entity_id":"Q10848589","candidates":[]}],[],[]],[[{"start":0,"end":9,"url":null,"entity_id":"Q10848277","candidates":[]}],[],[]],[[{"start":0,"end":7,"url":null,"entity_id":"Q10848112","candidates":[]}],[],[]],[[{"start":0,"end":9,"url":null,"entity_id":"Q10847910","candidates":[]}],[],[]],[[{"start":0,"end":8,"url":null,"entity_id":"Q10847854","candidates":[]}],[],[]],[[{"start":0,"end":9,"url":null,"entity_id":"Q10847834","candidates":[]}],[],[]]]}