{"version":"1.2","table":{"version":"2","table_id":"K9SYHZ4Y","columns":[{"index":0,"name":"col0","values":["Anini-y Church","Iriga Church","Saint Martin Church, Hévízgyörk","Malinao Church","Agutaya Church","Dumangas Church","Christ the King church in Balatonfüred","Exaltation of the Cross church, Budakalász","Saint Stephen of Hungary Church, Tiszalúc","Saint Stephen of Hungary Church, Sajószentpéter","Pfarrkirche Sonnberg","Dauin Church","Zamboanguita Church","Bacong Church","St. Gereon","Santa Cruz Church","General Trias Church","Pakil Church","Saint Anthony of Padua Church in Devecser","Saint Giles Church in Peresznye","St. Martin","Santo Domingo Church","Calamba Church","St. Johannes der Täufer","St. Maria Thalkirchen","Dalaguete Church","Badoc Church","Holy Name of Mary Church (Bánhorváti)","Good Shepherd Church in Székesfehérvár","Saint Stephen of Hungary church","St. John of Nepomuk church, Budaörs","Our Lady Church in Olaszliszka","Holy Trinity Church in Balassagyarmat","Exaltation of the Holy Cross Church (Tata)","Exaltation of the Holy Cross Church,  Bácsalmás","Exaltation of the Holy Cross Church in Ózd","Roman Catholic church and Esterházy Mausoleum in Nagyganna, Ganna","Exaltation of the Cross Church, Alsónémedi","Saint Stephen of Hungary Church, Isaszeg","Holy Spirit Church in Csurgó","Sacred Heart Church, Gyoma","Saint John of Nepomuk Church (Csanádpalota)","Saint Clare of Assisi Church, Szarvas","Our Lady Church, Csongrád","Our Lady Church, Nagykovácsi","Saint Roch Church (Szigetvár)","Saint Martin Church in Kunszentmárton","Saint Michael church in Babót","Saint Michael church in Valkó"]},{"index":1,"name":"col1","values":["Diocese of San Jose","Archdiocese of Caceres","Roman Catholic Diocese of Vác","Diocese of Kalibo","Apostolic Vicariate of Taytay","Archdiocese of Jaro","Roman Catholic Archdiocese of Veszprém","Roman Catholic Archdiocese of Esztergom-Budapest","Roman Catholic Archdiocese of Eger","Roman Catholic Archdiocese of Eger","Roman Catholic Archdiocese of Vienna","Diocese of Dumaguete","Diocese of Dumaguete","Diocese of Dumaguete","Roman Catholic Diocese of Aachen","Archdiocese of Manila","Diocese of Imus","Diocese of San Pablo","Roman Catholic Archdiocese of Veszprém","Roman Catholic Diocese of Győr","Roman Catholic Diocese of Aachen","Diocese of Cubao","Diocese of San Pablo","Roman Catholic Archdiocese of Cologne","Roman Catholic Archdiocese of Munich and Freising","Archdiocese of Cebu","Archdiocese of Nueva Segovia","Roman Catholic Archdiocese of Eger","Roman Catholic Diocese of Székesfehérvár","Roman Catholic Archdiocese of Esztergom-Budapest","Roman Catholic Diocese of Székesfehérvár","Roman Catholic Archdiocese of Eger","Roman Catholic Diocese of Vác","Roman Catholic Diocese of Győr","Roman Catholic Archdiocese of Kalocsa-Kecskemét","Roman Catholic Archdiocese of Eger","Roman Catholic Archdiocese of Veszprém","Roman Catholic Diocese of Vác","Roman Catholic Diocese of Vác","Roman Catholic Diocese of Kaposvár","Roman Catholic Diocese of Szeged–Csanád","Roman Catholic Diocese of Szeged–Csanád","Roman Catholic Diocese of Szeged–Csanád","Roman Catholic Diocese of Szeged–Csanád","Roman Catholic Archdiocese of Esztergom-Budapest","Roman Catholic Diocese of Pécs","Roman Catholic Diocese of Szeged–Csanád","Roman Catholic Diocese of Győr","Roman Catholic Diocese of Vác"]},{"index":2,"name":"col2","values":["John of Nepomuk","Anthony of Padua","Martin of Tours","Joseph","John the Baptist","Augustine of Hippo","Jesus Christ","True Cross","Stephen","Stephen","Feast of Saints Peter and Paul","Nicholas of Tolentino","Isidore the Laborer","Augustine of Hippo","Gereon","Our Lady of the Pillar","Francis of Assisi","Peter of Alcantara","Anthony of Padua","Saint Giles","Martin of Tours","Saint Dominic","John the Baptist","John the Baptist","Virgin Mary","William of Gellone","John the Baptist","Virgin Mary","Ottokár Prohászka","Stephen","John of Nepomuk","Assumption of Mary","Trinity","True Cross","True Cross","True Cross","True Cross","True Cross","Stephen","Holy Spirit","Sacred Heart","John of Nepomuk","Clare of Assisi","Assumption of Mary","Assumption of Mary","Saint Roch","Martin of Tours","Michael the Archangel","Michael the Archangel"]},{"index":3,"name":"col3","values":["John of Nepomuk","Anthony of Padua","Martin of Tours","Joseph","John the Baptist","Augustine of Hippo","Christ the King","feast of the Cross","Stephen I of Hungary","Stephen I of Hungary","Paul","Nicholas of Tolentino","Isidore the Laborer","Augustine of Hippo","Gereon","Our Lady of the Pillar","Francis of Assisi","Peter of Alcantara","Anthony of Padua","Saint Giles","Martin of Tours","Saint Dominic","John the Baptist","John the Baptist","Virgin Mary","William of Gellone","John the Baptist","Holy Name of Mary","Good Shepherd","Stephen I of Hungary","John of Nepomuk","Assumption of Mary","Trinity","feast of the Cross","feast of the Cross","feast of the Cross","feast of the Cross","feast of the Cross","Stephen I of Hungary","Holy Spirit","Sacred Heart","John of Nepomuk","Clare of Assisi","Assumption of Mary","Assumption of Mary","Saint Roch","Martin of Tours","Michael the Archangel","Michael the Archangel"]}]},"context":{"page_title":null,"page_url":null,"page_entity_id":null,"content_hierarchy":[]},"links":[[[{"start":0,"end":14,"url":null,"entity_id":"Q63283481","candidates":[]}],[{"start":0,"end":19,"url":null,"entity_id":"Q327384","candidates":[]}],[{"start":0,"end":15,"url":null,"entity_id":"Q221522","candidates":[]}],[{"start":0,"end":15,"url":null,"entity_id":"Q221522","candidates":[]}]],[[{"start":0,"end":12,"url":null,"entity_id":"Q63036848","candidates":[]}],[{"start":0,"end":22,"url":null,"entity_id":"Q1364265","candidates":[]}],[{"start":0,"end":16,"url":null,"entity_id":"Q167477","candidates":[]}],[{"start":0,"end":16,"url":null,"entity_id":"Q167477","candidates":[]}]],[[{"start":0,"end":31,"url":null,"entity_id":"Q61082484","candidates":[]}],[{"start":0,"end":29,"url":null,"entity_id":"Q118109","candidates":[]}],[{"start":0,"end":15,"url":null,"entity_id":"Q133704","candidates":[]}],[{"start":0,"end":15,"url":null,"entity_id":"Q133704","candidates":[]}]],[[{"start":0,"end":14,"url":null,"entity_id":"Q63407760","candidates":[]}],[{"start":0,"end":17,"url":null,"entity_id":"Q870237","candidates":[]}],[{"start":0,"end":6,"url":null,"entity_id":"Q128267","candidates":[]}],[{"start":0,"end":6,"url":null,"entity_id":"Q128267","candidates":[]}]],[[{"start":0,"end":14,"url":null,"entity_id":"Q63225354","candidates":[]}],[{"start":0,"end":29,"url":null,"entity_id":"Q620439","candidates":[]}],[{"start":0,"end":16,"url":null,"entity_id":"Q40662","candidates":[]}],[{"start":0,"end":16,"url":null,"entity_id":"Q40662","candidates":[]}]],[[{"start":0,"end":15,"url":null,"entity_id":"Q61775296","candidates":[]}],[{"start":0,"end":19,"url":null,"entity_id":"Q630859","candidates":[]}],[{"start":0,"end":18,"url":null,"entity_id":"Q8018","candidates":[]}],[{"start":0,"end":18,"url":null,"entity_id":"Q8018","candidates":[]}]],[[{"start":0,"end":38,"url":null,"entity_id":"Q18071788","candidates":[]}],[{"start":0,"end":38,"url":null,"entity_id":"Q659000","candidates":[]}],[{"start":0,"end":12,"url":null,"entity_id":"Q302","candidates":[]}],[{"start":0,"end":15,"url":null,"entity_id":"Q2558835","candidates":[]}]],[[{"start":0,"end":42,"url":null,"entity_id":"Q20478630","candidates":[]}],[{"start":0,"end":48,"url":null,"entity_id":"Q734693","candidates":[]}],[{"start":0,"end":10,"url":null,"entity_id":"Q380356","candidates":[]}],[{"start":0,"end":18,"url":null,"entity_id":"Q815520","candidates":[]}]],[[{"start":0,"end":41,"url":null,"entity_id":"Q20478868","candidates":[]}],[{"start":0,"end":34,"url":null,"entity_id":"Q976167","candidates":[]}],[{"start":0,"end":7,"url":null,"entity_id":"Q161775","candidates":[]}],[{"start":0,"end":20,"url":null,"entity_id":"Q177903","candidates":[]}]],[[{"start":0,"end":47,"url":null,"entity_id":"Q20478849","candidates":[]}],[{"start":0,"end":34,"url":null,"entity_id":"Q976167","candidates":[]}],[{"start":0,"end":7,"url":null,"entity_id":"Q161775","candidates":[]}],[{"start":0,"end":20,"url":null,"entity_id":"Q177903","candidates":[]}]],[[{"start":0,"end":20,"url":null,"entity_id":"Q18412244","candidates":[]}],[{"start":0,"end":36,"url":null,"entity_id":"Q262623","candidates":[]}],[{"start":0,"end":30,"url":null,"entity_id":"Q153043","candidates":[]}],[{"start":0,"end":4,"url":null,"entity_id":"Q9200","candidates":[]}]],[[{"start":0,"end":12,"url":null,"entity_id":"Q67019897","candidates":[]}],[{"start":0,"end":20,"url":null,"entity_id":"Q248873","candidates":[]}],[{"start":0,"end":21,"url":null,"entity_id":"Q470855","candidates":[]}],[{"start":0,"end":21,"url":null,"entity_id":"Q470855","candidates":[]}]],[[{"start":0,"end":19,"url":null,"entity_id":"Q66988742","candidates":[]}],[{"start":0,"end":20,"url":null,"entity_id":"Q248873","candidates":[]}],[{"start":0,"end":19,"url":null,"entity_id":"Q379685","candidates":[]}],[{"start":0,"end":19,"url":null,"entity_id":"Q379685","candidates":[]}]],[[{"start":0,"end":13,"url":null,"entity_id":"Q66793648","candidates":[]}],[{"start":0,"end":20,"url":null,"entity_id":"Q248873","candidates":[]}],[{"start":0,"end":18,"url":null,"entity_id":"Q8018","candidates":[]}],[{"start":0,"end":18,"url":null,"entity_id":"Q8018","candidates":[]}]],[[{"start":0,"end":10,"url":null,"entity_id":"Q17592482","candidates":[]}],[{"start":0,"end":32,"url":null,"entity_id":"Q684314","candidates":[]}],[{"start":0,"end":6,"url":null,"entity_id":"Q2142772","candidates":[]}],[{"start":0,"end":6,"url":null,"entity_id":"Q2142772","candidates":[]}]],[[{"start":0,"end":17,"url":null,"entity_id":"Q16507813","candidates":[]}],[{"start":0,"end":21,"url":null,"entity_id":"Q1355834","candidates":[]}],[{"start":0,"end":22,"url":null,"entity_id":"Q1479965","candidates":[]}],[{"start":0,"end":22,"url":null,"entity_id":"Q1479965","candidates":[]}]],[[{"start":0,"end":20,"url":null,"entity_id":"Q16900519","candidates":[]}],[{"start":0,"end":15,"url":null,"entity_id":"Q869718","candidates":[]}],[{"start":0,"end":17,"url":null,"entity_id":"Q676555","candidates":[]}],[{"start":0,"end":17,"url":null,"entity_id":"Q676555","candidates":[]}]],[[{"start":0,"end":12,"url":null,"entity_id":"Q17021415","candidates":[]}],[{"start":0,"end":20,"url":null,"entity_id":"Q285199","candidates":[]}],[{"start":0,"end":18,"url":null,"entity_id":"Q470608","candidates":[]}],[{"start":0,"end":18,"url":null,"entity_id":"Q470608","candidates":[]}]],[[{"start":0,"end":41,"url":null,"entity_id":"Q17489284","candidates":[]}],[{"start":0,"end":38,"url":null,"entity_id":"Q659000","candidates":[]}],[{"start":0,"end":16,"url":null,"entity_id":"Q167477","candidates":[]}],[{"start":0,"end":16,"url":null,"entity_id":"Q167477","candidates":[]}]],[[{"start":0,"end":31,"url":null,"entity_id":"Q17278662","candidates":[]}],[{"start":0,"end":30,"url":null,"entity_id":"Q1113680","candidates":[]}],[{"start":0,"end":11,"url":null,"entity_id":"Q149727","candidates":[]}],[{"start":0,"end":11,"url":null,"entity_id":"Q149727","candidates":[]}]],[[{"start":0,"end":10,"url":null,"entity_id":"Q17592509","candidates":[]}],[{"start":0,"end":32,"url":null,"entity_id":"Q684314","candidates":[]}],[{"start":0,"end":15,"url":null,"entity_id":"Q133704","candidates":[]}],[{"start":0,"end":15,"url":null,"entity_id":"Q133704","candidates":[]}]],[[{"start":0,"end":20,"url":null,"entity_id":"Q17198574","candidates":[]}],[{"start":0,"end":16,"url":null,"entity_id":"Q327696","candidates":[]}],[{"start":0,"end":13,"url":null,"entity_id":"Q44091","candidates":[]}],[{"start":0,"end":13,"url":null,"entity_id":"Q44091","candidates":[]}]],[[{"start":0,"end":14,"url":null,"entity_id":"Q17001554","candidates":[]}],[{"start":0,"end":20,"url":null,"entity_id":"Q285199","candidates":[]}],[{"start":0,"end":16,"url":null,"entity_id":"Q40662","candidates":[]}],[{"start":0,"end":16,"url":null,"entity_id":"Q40662","candidates":[]}]],[[{"start":0,"end":23,"url":null,"entity_id":"Q17592494","candidates":[]}],[{"start":0,"end":37,"url":null,"entity_id":"Q11805","candidates":[]}],[{"start":0,"end":16,"url":null,"entity_id":"Q40662","candidates":[]}],[{"start":0,"end":16,"url":null,"entity_id":"Q40662","candidates":[]}]],[[{"start":0,"end":21,"url":null,"entity_id":"Q17188637","candidates":[]}],[{"start":0,"end":49,"url":null,"entity_id":"Q219133","candidates":[]}],[{"start":0,"end":11,"url":null,"entity_id":"Q345","candidates":[]}],[{"start":0,"end":11,"url":null,"entity_id":"Q345","candidates":[]}]],[[{"start":0,"end":16,"url":null,"entity_id":"Q55101052","candidates":[]}],[{"start":0,"end":19,"url":null,"entity_id":"Q1364327","candidates":[]}],[{"start":0,"end":18,"url":null,"entity_id":"Q714931","candidates":[]}],[{"start":0,"end":18,"url":null,"entity_id":"Q714931","candidates":[]}]],[[{"start":0,"end":12,"url":null,"entity_id":"Q44820120","candidates":[]}],[{"start":0,"end":28,"url":null,"entity_id":"Q984101","candidates":[]}],[{"start":0,"end":16,"url":null,"entity_id":"Q40662","candidates":[]}],[{"start":0,"end":16,"url":null,"entity_id":"Q40662","candidates":[]}]],[[{"start":0,"end":37,"url":null,"entity_id":"Q25478000","candidates":[]}],[{"start":0,"end":34,"url":null,"entity_id":"Q976167","candidates":[]}],[{"start":0,"end":11,"url":null,"entity_id":"Q345","candidates":[]}],[{"start":0,"end":17,"url":null,"entity_id":"Q1537037","candidates":[]}]],[[{"start":0,"end":38,"url":null,"entity_id":"Q25455686","candidates":[]}],[{"start":0,"end":40,"url":null,"entity_id":"Q260474","candidates":[]}],[{"start":0,"end":17,"url":null,"entity_id":"Q714888","candidates":[]}],[{"start":0,"end":13,"url":null,"entity_id":"Q950667","candidates":[]}]],[[{"start":0,"end":31,"url":null,"entity_id":"Q25478252","candidates":[]}],[{"start":0,"end":48,"url":null,"entity_id":"Q734693","candidates":[]}],[{"start":0,"end":7,"url":null,"entity_id":"Q161775","candidates":[]}],[{"start":0,"end":20,"url":null,"entity_id":"Q177903","candidates":[]}]],[[{"start":0,"end":35,"url":null,"entity_id":"Q28045609","candidates":[]}],[{"start":0,"end":40,"url":null,"entity_id":"Q260474","candidates":[]}],[{"start":0,"end":15,"url":null,"entity_id":"Q221522","candidates":[]}],[{"start":0,"end":15,"url":null,"entity_id":"Q221522","candidates":[]}]],[[{"start":0,"end":30,"url":null,"entity_id":"Q25478780","candidates":[]}],[{"start":0,"end":34,"url":null,"entity_id":"Q976167","candidates":[]}],[{"start":0,"end":18,"url":null,"entity_id":"Q162691","candidates":[]}],[{"start":0,"end":18,"url":null,"entity_id":"Q162691","candidates":[]}]],[[{"start":0,"end":37,"url":null,"entity_id":"Q25478174","candidates":[]}],[{"start":0,"end":29,"url":null,"entity_id":"Q118109","candidates":[]}],[{"start":0,"end":7,"url":null,"entity_id":"Q37090","candidates":[]}],[{"start":0,"end":7,"url":null,"entity_id":"Q37090","candidates":[]}]],[[{"start":0,"end":42,"url":null,"entity_id":"Q12354056","candidates":[]}],[{"start":0,"end":30,"url":null,"entity_id":"Q1113680","candidates":[]}],[{"start":0,"end":10,"url":null,"entity_id":"Q380356","candidates":[]}],[{"start":0,"end":18,"url":null,"entity_id":"Q815520","candidates":[]}]],[[{"start":0,"end":47,"url":null,"entity_id":"Q12354049","candidates":[]}],[{"start":0,"end":47,"url":null,"entity_id":"Q1088222","candidates":[]}],[{"start":0,"end":10,"url":null,"entity_id":"Q380356","candidates":[]}],[{"start":0,"end":18,"url":null,"entity_id":"Q815520","candidates":[]}]],[[{"start":0,"end":42,"url":null,"entity_id":"Q12354055","candidates":[]}],[{"start":0,"end":34,"url":null,"entity_id":"Q976167","candidates":[]}],[{"start":0,"end":10,"url":null,"entity_id":"Q380356","candidates":[]}],[{"start":0,"end":18,"url":null,"entity_id":"Q815520","candidates":[]}]],[[{"start":0,"end":65,"url":null,"entity_id":"Q12354054","candidates":[]}],[{"start":0,"end":38,"url":null,"entity_id":"Q659000","candidates":[]}],[{"start":0,"end":10,"url":null,"entity_id":"Q380356","candidates":[]}],[{"start":0,"end":18,"url":null,"entity_id":"Q815520","candidates":[]}]],[[{"start":0,"end":42,"url":null,"entity_id":"Q12354050","candidates":[]}],[{"start":0,"end":29,"url":null,"entity_id":"Q118109","candidates":[]}],[{"start":0,"end":10,"url":null,"entity_id":"Q380356","candidates":[]}],[{"start":0,"end":18,"url":null,"entity_id":"Q815520","candidates":[]}]],[[{"start":0,"end":40,"url":null,"entity_id":"Q12354096","candidates":[]}],[{"start":0,"end":29,"url":null,"entity_id":"Q118109","candidates":[]}],[{"start":0,"end":7,"url":null,"entity_id":"Q161775","candidates":[]}],[{"start":0,"end":20,"url":null,"entity_id":"Q177903","candidates":[]}]],[[{"start":0,"end":28,"url":null,"entity_id":"Q28723443","candidates":[]}],[{"start":0,"end":34,"url":null,"entity_id":"Q870343","candidates":[]}],[{"start":0,"end":11,"url":null,"entity_id":"Q37302","candidates":[]}],[{"start":0,"end":11,"url":null,"entity_id":"Q37302","candidates":[]}]],[[{"start":0,"end":26,"url":null,"entity_id":"Q12354018","candidates":[]}],[{"start":0,"end":39,"url":null,"entity_id":"Q876917","candidates":[]}],[{"start":0,"end":12,"url":null,"entity_id":"Q408284","candidates":[]}],[{"start":0,"end":12,"url":null,"entity_id":"Q408284","candidates":[]}]],[[{"start":0,"end":43,"url":null,"entity_id":"Q12354013","candidates":[]}],[{"start":0,"end":39,"url":null,"entity_id":"Q876917","candidates":[]}],[{"start":0,"end":15,"url":null,"entity_id":"Q221522","candidates":[]}],[{"start":0,"end":15,"url":null,"entity_id":"Q221522","candidates":[]}]],[[{"start":0,"end":37,"url":null,"entity_id":"Q12354051","candidates":[]}],[{"start":0,"end":39,"url":null,"entity_id":"Q876917","candidates":[]}],[{"start":0,"end":15,"url":null,"entity_id":"Q191107","candidates":[]}],[{"start":0,"end":15,"url":null,"entity_id":"Q191107","candidates":[]}]],[[{"start":0,"end":25,"url":null,"entity_id":"Q12354108","candidates":[]}],[{"start":0,"end":39,"url":null,"entity_id":"Q876917","candidates":[]}],[{"start":0,"end":18,"url":null,"entity_id":"Q162691","candidates":[]}],[{"start":0,"end":18,"url":null,"entity_id":"Q162691","candidates":[]}]],[[{"start":0,"end":28,"url":null,"entity_id":"Q12354119","candidates":[]}],[{"start":0,"end":48,"url":null,"entity_id":"Q734693","candidates":[]}],[{"start":0,"end":18,"url":null,"entity_id":"Q162691","candidates":[]}],[{"start":0,"end":18,"url":null,"entity_id":"Q162691","candidates":[]}]],[[{"start":0,"end":29,"url":null,"entity_id":"Q12354072","candidates":[]}],[{"start":0,"end":30,"url":null,"entity_id":"Q874719","candidates":[]}],[{"start":0,"end":10,"url":null,"entity_id":"Q152457","candidates":[]}],[{"start":0,"end":10,"url":null,"entity_id":"Q152457","candidates":[]}]],[[{"start":0,"end":37,"url":null,"entity_id":"Q12354025","candidates":[]}],[{"start":0,"end":39,"url":null,"entity_id":"Q876917","candidates":[]}],[{"start":0,"end":15,"url":null,"entity_id":"Q133704","candidates":[]}],[{"start":0,"end":15,"url":null,"entity_id":"Q133704","candidates":[]}]],[[{"start":0,"end":29,"url":null,"entity_id":"Q12354061","candidates":[]}],[{"start":0,"end":30,"url":null,"entity_id":"Q1113680","candidates":[]}],[{"start":0,"end":21,"url":null,"entity_id":"Q45581","candidates":[]}],[{"start":0,"end":21,"url":null,"entity_id":"Q45581","candidates":[]}]],[[{"start":0,"end":29,"url":null,"entity_id":"Q12354067","candidates":[]}],[{"start":0,"end":29,"url":null,"entity_id":"Q118109","candidates":[]}],[{"start":0,"end":21,"url":null,"entity_id":"Q45581","candidates":[]}],[{"start":0,"end":21,"url":null,"entity_id":"Q45581","candidates":[]}]]]}