{"version":"1.2","table":{"version":"2","table_id":"K9XNWTDZ","columns":[{"index":0,"name":"col0","values":["Falmfnta","Cursolo-Orsso","CavaglioSpoccia","Veruqo","almala","Castellau, Piedmont","Camo","Valle Mosuo","Triero","Soptana","Qucregna","Mosso","Cgrreto Castello","Piover","Lu","Gavazana","Cucdaro Monferrato","Alluvioni Cabiò","Pecco","ugndcco"]},{"index":1,"name":"col1","values":["127.254","89.55","266.06","1855.143","49.14699999999999","297.6","189.56699999999998","3218.076","5548.508","694.14","1415.148","1492.425","617.617","827.84","1097.485","173.692","324.61499999999995","900.651","218.218","350.176"]},{"index":2,"name":"col2","values":["16.1568","20.810789999999997","17.97965","9.939089999999998","10.84356","3.3466799999999997","3.61","9.045399999999999","29.26371","5.34599","5.89256","17.36784","2.5468699999999997","15.6813","21.923759999999998","3.2537599999999998","5.1678","9.14914","1.5668600000000001","4.88"]},{"index":3,"name":"col3","values":["714.285","891.316","700.4849999999999","302.09999999999997","822.6899999999999","405.216","466.29","436.16999999999996","745.651","450.9","259.48","630.6249999999999","281.68","85.14","306.386","336.672","233.392","77.308","646.75","545.4"]}]},"context":{"page_title":null,"page_url":null,"page_entity_id":null,"content_hierarchy":[]},"links":[[[{"start":0,"end":8,"url":null,"entity_id":"Q23331","candidates":[]}],[],[],[]],[[{"start":0,"end":13,"url":null,"entity_id":"Q23322","candidates":[]}],[],[],[]],[[{"start":0,"end":15,"url":null,"entity_id":"Q23300","candidates":[]}],[],[],[]],[[{"start":0,"end":6,"url":null,"entity_id":"Q22648","candidates":[]}],[],[],[]],[[{"start":0,"end":6,"url":null,"entity_id":"Q20527","candidates":[]}],[],[],[]],[[{"start":0,"end":19,"url":null,"entity_id":"Q19894","candidates":[]}],[],[],[]],[[{"start":0,"end":4,"url":null,"entity_id":"Q18393","candidates":[]}],[],[],[]],[[{"start":0,"end":11,"url":null,"entity_id":"Q18184","candidates":[]}],[],[],[]],[[{"start":0,"end":6,"url":null,"entity_id":"Q18177","candidates":[]}],[],[],[]],[[{"start":0,"end":7,"url":null,"entity_id":"Q18166","candidates":[]}],[],[],[]],[[{"start":0,"end":8,"url":null,"entity_id":"Q18151","candidates":[]}],[],[],[]],[[{"start":0,"end":5,"url":null,"entity_id":"Q18087","candidates":[]}],[],[],[]],[[{"start":0,"end":16,"url":null,"entity_id":"Q18051","candidates":[]}],[],[],[]],[[{"start":0,"end":6,"url":null,"entity_id":"Q17638","candidates":[]}],[],[],[]],[[{"start":0,"end":2,"url":null,"entity_id":"Q17377","candidates":[]}],[],[],[]],[[{"start":0,"end":8,"url":null,"entity_id":"Q17367","candidates":[]}],[],[],[]],[[{"start":0,"end":18,"url":null,"entity_id":"Q17351","candidates":[]}],[],[],[]],[[{"start":0,"end":15,"url":null,"entity_id":"Q17251","candidates":[]}],[],[],[]],[[{"start":0,"end":5,"url":null,"entity_id":"Q9547","candidates":[]}],[],[],[]],[[{"start":0,"end":7,"url":null,"entity_id":"Q9435","candidates":[]}],[],[],[]]]}