{"version":"1.2","table":{"version":"2","table_id":"KA31F0QY","columns":[{"index":0,"name":"col0","values":["Norrtelje (ship, 1900)","Alma af Stafre","Engelbrekt","Viola","Herbert (ship, 1905)","SS Thomée","Färjan 4","SS Huntsend","Bore","S/S Storskär","S/S Norrskär","Motala Express","SS Mariefred","S/S Blidösund","Djurgården 3","SS Orion","Ejdern (ship, 1880)","Freja af Fryken (ship, 1868)","Rex","Robert (ship, 1866)"]},{"index":1,"name":"col1","values":["Norrtälje","Stavre","Leksand","Kingston upon Hull","Alingsås","Östersund","Gothenburg","Bremen","Malmö","Stockholm","Stockholm","Stockholm","Stockholm","Stockholm","Stockholm","Stockholm","Södertälje","Fryksta","Torshälla","Södertälje"]},{"index":2,"name":"col2","values":["ceremonial ship launching","ceremonial ship launching","ceremonial ship launching","ceremonial ship launching","ceremonial ship launching","ceremonial ship launching","ceremonial ship launching","ceremonial ship launching","ceremonial ship launching","ceremonial ship launching","ceremonial ship launching","ceremonial ship launching","ceremonial ship launching","ceremonial ship launching","ceremonial ship launching","ceremonial ship launching","conservation","conflagration","ceremonial ship launching","ceremonial ship launching"]}]},"context":{"page_title":null,"page_url":null,"page_entity_id":null,"content_hierarchy":[]},"links":[[[{"start":0,"end":22,"url":null,"entity_id":"Q10659320","candidates":[]}],[{"start":0,"end":9,"url":null,"entity_id":"Q3588743","candidates":[]}],[{"start":0,"end":25,"url":null,"entity_id":"Q596643","candidates":[]}]],[[{"start":0,"end":14,"url":null,"entity_id":"Q10659226","candidates":[]}],[{"start":0,"end":6,"url":null,"entity_id":"Q2450084","candidates":[]}],[{"start":0,"end":25,"url":null,"entity_id":"Q596643","candidates":[]}]],[[{"start":0,"end":10,"url":null,"entity_id":"Q10659253","candidates":[]}],[{"start":0,"end":7,"url":null,"entity_id":"Q1003260","candidates":[]}],[{"start":0,"end":25,"url":null,"entity_id":"Q596643","candidates":[]}]],[[{"start":0,"end":5,"url":null,"entity_id":"Q7933000","candidates":[]}],[{"start":0,"end":18,"url":null,"entity_id":"Q128147","candidates":[]}],[{"start":0,"end":25,"url":null,"entity_id":"Q596643","candidates":[]}]],[[{"start":0,"end":20,"url":null,"entity_id":"Q10659274","candidates":[]}],[{"start":0,"end":8,"url":null,"entity_id":"Q54743","candidates":[]}],[{"start":0,"end":25,"url":null,"entity_id":"Q596643","candidates":[]}]],[[{"start":0,"end":9,"url":null,"entity_id":"Q10659343","candidates":[]}],[{"start":0,"end":9,"url":null,"entity_id":"Q26515","candidates":[]}],[{"start":0,"end":25,"url":null,"entity_id":"Q596643","candidates":[]}]],[[{"start":0,"end":8,"url":null,"entity_id":"Q10500846","candidates":[]}],[{"start":0,"end":10,"url":null,"entity_id":"Q25287","candidates":[]}],[{"start":0,"end":25,"url":null,"entity_id":"Q596643","candidates":[]}]],[[{"start":0,"end":11,"url":null,"entity_id":"Q13431646","candidates":[]}],[{"start":0,"end":6,"url":null,"entity_id":"Q24879","candidates":[]}],[{"start":0,"end":25,"url":null,"entity_id":"Q596643","candidates":[]}]],[[{"start":0,"end":4,"url":null,"entity_id":"Q10433049","candidates":[]}],[{"start":0,"end":5,"url":null,"entity_id":"Q2211","candidates":[]}],[{"start":0,"end":25,"url":null,"entity_id":"Q596643","candidates":[]}]],[[{"start":0,"end":12,"url":null,"entity_id":"Q10659340","candidates":[]}],[{"start":0,"end":9,"url":null,"entity_id":"Q1754","candidates":[]}],[{"start":0,"end":25,"url":null,"entity_id":"Q596643","candidates":[]}]],[[{"start":0,"end":12,"url":null,"entity_id":"Q10659318","candidates":[]}],[{"start":0,"end":9,"url":null,"entity_id":"Q1754","candidates":[]}],[{"start":0,"end":25,"url":null,"entity_id":"Q596643","candidates":[]}]],[[{"start":0,"end":14,"url":null,"entity_id":"Q10659304","candidates":[]}],[{"start":0,"end":9,"url":null,"entity_id":"Q1754","candidates":[]}],[{"start":0,"end":25,"url":null,"entity_id":"Q596643","candidates":[]}]],[[{"start":0,"end":12,"url":null,"entity_id":"Q10659292","candidates":[]}],[{"start":0,"end":9,"url":null,"entity_id":"Q1754","candidates":[]}],[{"start":0,"end":25,"url":null,"entity_id":"Q596643","candidates":[]}]],[[{"start":0,"end":13,"url":null,"entity_id":"Q10659232","candidates":[]}],[{"start":0,"end":9,"url":null,"entity_id":"Q1754","candidates":[]}],[{"start":0,"end":25,"url":null,"entity_id":"Q596643","candidates":[]}]],[[{"start":0,"end":12,"url":null,"entity_id":"Q10474880","candidates":[]}],[{"start":0,"end":9,"url":null,"entity_id":"Q1754","candidates":[]}],[{"start":0,"end":25,"url":null,"entity_id":"Q596643","candidates":[]}]],[[{"start":0,"end":8,"url":null,"entity_id":"Q7394166","candidates":[]}],[{"start":0,"end":9,"url":null,"entity_id":"Q1754","candidates":[]}],[{"start":0,"end":25,"url":null,"entity_id":"Q596643","candidates":[]}]],[[{"start":0,"end":19,"url":null,"entity_id":"Q10659252","candidates":[]}],[{"start":0,"end":10,"url":null,"entity_id":"Q26518","candidates":[]}],[{"start":0,"end":12,"url":null,"entity_id":"Q217102","candidates":[]}]],[[{"start":0,"end":28,"url":null,"entity_id":"Q10659263","candidates":[]}],[{"start":0,"end":7,"url":null,"entity_id":"Q1839439","candidates":[]}],[{"start":0,"end":13,"url":null,"entity_id":"Q168983","candidates":[]}]],[[{"start":0,"end":3,"url":null,"entity_id":"Q19869124","candidates":[]}],[{"start":0,"end":9,"url":null,"entity_id":"Q1000633","candidates":[]}],[{"start":0,"end":25,"url":null,"entity_id":"Q596643","candidates":[]}]],[[{"start":0,"end":19,"url":null,"entity_id":"Q19958367","candidates":[]}],[{"start":0,"end":10,"url":null,"entity_id":"Q26518","candidates":[]}],[{"start":0,"end":25,"url":null,"entity_id":"Q596643","candidates":[]}]]]}