{"version":"1.2","table":{"version":"2","table_id":"KAAK8372","columns":[{"index":0,"name":"col0","values":["Grumes","Siror","Transacqua","Tonadico","Paderno del Grappa","Camairago","Cavacurta","Vas","Pino sulla Sponda del Lago Maggiore","Maccagno","Quittengo","San Paolo Cervo","Berra","Massa Fiscaglia","Migliaro","Migliarino","Ro","Serrungarina","Sillano","Lomaso"]},{"index":1,"name":"col1","values":["UTC+02:00","UTC+01:00","UTC+01:00","UTC+01:00","UTC+01:00","UTC+01:00","UTC+01:00","UTC+01:00","UTC+01:00","UTC+01:00","UTC+01:00","UTC+01:00","UTC+01:00","UTC+01:00","UTC+01:00","UTC+01:00","UTC+01:00","UTC+01:00","UTC+02:00","UTC+01:00"]},{"index":2,"name":"col2","values":["10.73","74.92","35.59","89.4","19.53","12.77","7.1","17.69","7.11","16.28","8.03","8.66","68.64","58.34","22.38","35.47","43.2","22.87","62.2","41"]},{"index":3,"name":"col3","values":["Valda","Tonadico","Siror","Siror","Crespano del Grappa","Cavacurta","Camairago","Lentiai","Maccagno","Pino sulla Sponda del Lago Maggiore","San Paolo Cervo","Quittengo","Ro","Migliarino","Massa Fiscaglia","Massa Fiscaglia","Berra","Cartoceto","Ligonchio","Calavino"]}]},"context":{"page_title":null,"page_url":null,"page_entity_id":null,"content_hierarchy":[]},"links":[[[{"start":0,"end":5,"url":null,"entity_id":"Q305537","candidates":[]}],[{"start":0,"end":9,"url":null,"entity_id":"Q6655","candidates":[]}],[],[{"start":0,"end":8,"url":null,"entity_id":"Q327318","candidates":[]}]],[[{"start":0,"end":10,"url":null,"entity_id":"Q327418","candidates":[]}],[{"start":0,"end":9,"url":null,"entity_id":"Q6655","candidates":[]}],[],[{"start":0,"end":5,"url":null,"entity_id":"Q305537","candidates":[]}]],[[{"start":0,"end":8,"url":null,"entity_id":"Q327318","candidates":[]}],[{"start":0,"end":9,"url":null,"entity_id":"Q6655","candidates":[]}],[],[{"start":0,"end":5,"url":null,"entity_id":"Q305537","candidates":[]}]],[[{"start":0,"end":18,"url":null,"entity_id":"Q46521","candidates":[]}],[{"start":0,"end":9,"url":null,"entity_id":"Q6655","candidates":[]}],[],[{"start":0,"end":19,"url":null,"entity_id":"Q47036","candidates":[]}]],[[{"start":0,"end":9,"url":null,"entity_id":"Q42377","candidates":[]}],[{"start":0,"end":9,"url":null,"entity_id":"Q6655","candidates":[]}],[],[{"start":0,"end":9,"url":null,"entity_id":"Q43089","candidates":[]}]],[[{"start":0,"end":9,"url":null,"entity_id":"Q43089","candidates":[]}],[{"start":0,"end":9,"url":null,"entity_id":"Q6655","candidates":[]}],[],[{"start":0,"end":9,"url":null,"entity_id":"Q42377","candidates":[]}]],[[{"start":0,"end":3,"url":null,"entity_id":"Q40086","candidates":[]}],[{"start":0,"end":9,"url":null,"entity_id":"Q6655","candidates":[]}],[],[{"start":0,"end":7,"url":null,"entity_id":"Q40952","candidates":[]}]],[[{"start":0,"end":35,"url":null,"entity_id":"Q40136","candidates":[]}],[{"start":0,"end":9,"url":null,"entity_id":"Q6655","candidates":[]}],[],[{"start":0,"end":8,"url":null,"entity_id":"Q40506","candidates":[]}]],[[{"start":0,"end":8,"url":null,"entity_id":"Q40506","candidates":[]}],[{"start":0,"end":9,"url":null,"entity_id":"Q6655","candidates":[]}],[],[{"start":0,"end":35,"url":null,"entity_id":"Q40136","candidates":[]}]],[[{"start":0,"end":9,"url":null,"entity_id":"Q18152","candidates":[]}],[{"start":0,"end":9,"url":null,"entity_id":"Q6655","candidates":[]}],[],[{"start":0,"end":15,"url":null,"entity_id":"Q18160","candidates":[]}]],[[{"start":0,"end":15,"url":null,"entity_id":"Q18160","candidates":[]}],[{"start":0,"end":9,"url":null,"entity_id":"Q6655","candidates":[]}],[],[{"start":0,"end":9,"url":null,"entity_id":"Q18152","candidates":[]}]],[[{"start":0,"end":5,"url":null,"entity_id":"Q95091","candidates":[]}],[{"start":0,"end":9,"url":null,"entity_id":"Q6655","candidates":[]}],[],[{"start":0,"end":2,"url":null,"entity_id":"Q95138","candidates":[]}]],[[{"start":0,"end":15,"url":null,"entity_id":"Q95114","candidates":[]}],[{"start":0,"end":9,"url":null,"entity_id":"Q6655","candidates":[]}],[],[{"start":0,"end":10,"url":null,"entity_id":"Q95122","candidates":[]}]],[[{"start":0,"end":8,"url":null,"entity_id":"Q95124","candidates":[]}],[{"start":0,"end":9,"url":null,"entity_id":"Q6655","candidates":[]}],[],[{"start":0,"end":15,"url":null,"entity_id":"Q95114","candidates":[]}]],[[{"start":0,"end":10,"url":null,"entity_id":"Q95122","candidates":[]}],[{"start":0,"end":9,"url":null,"entity_id":"Q6655","candidates":[]}],[],[{"start":0,"end":15,"url":null,"entity_id":"Q95114","candidates":[]}]],[[{"start":0,"end":2,"url":null,"entity_id":"Q95138","candidates":[]}],[{"start":0,"end":9,"url":null,"entity_id":"Q6655","candidates":[]}],[],[{"start":0,"end":5,"url":null,"entity_id":"Q95091","candidates":[]}]],[[{"start":0,"end":12,"url":null,"entity_id":"Q207641","candidates":[]}],[{"start":0,"end":9,"url":null,"entity_id":"Q6655","candidates":[]}],[],[{"start":0,"end":9,"url":null,"entity_id":"Q190566","candidates":[]}]],[[{"start":0,"end":7,"url":null,"entity_id":"Q182689","candidates":[]}],[{"start":0,"end":9,"url":null,"entity_id":"Q6723","candidates":[]}],[],[{"start":0,"end":9,"url":null,"entity_id":"Q111207","candidates":[]}]],[[{"start":0,"end":6,"url":null,"entity_id":"Q1065650","candidates":[]}],[{"start":0,"end":9,"url":null,"entity_id":"Q6655","candidates":[]}],[],[{"start":0,"end":8,"url":null,"entity_id":"Q257035","candidates":[]}]],[[{"start":0,"end":6,"url":null,"entity_id":"Q290214","candidates":[]}],[{"start":0,"end":9,"url":null,"entity_id":"Q6723","candidates":[]}],[],[{"start":0,"end":5,"url":null,"entity_id":"Q327558","candidates":[]}]]]}