{"version":"1.2","table":{"version":"2","table_id":"KANRKUE4","columns":[{"index":0,"name":"col0","values":["Ferdinand","Setebos","Prospero","Sycorax","Trinculo","Stephano","Caliban","Francisco","Mab","Puck","Belinda","Cupid","Rosalind","Portia","Juliet","Desdemona","Cressida","Bianca","Ophelia","Cordelia"]},{"index":1,"name":"col1","values":["0.3682","0.5914","0.4448","0.5224","0.22","0.2292","0.082347","0.1459","0.0025","0.00012","0.00007","0.0013","0.00011","0.00005","0.00066","0.00013","0.00036","0.00092","0.00992","0.00026"]},{"index":2,"name":"col2","values":["2001-08-13","1999-07-18","1999-07-18","1997-09-06","2001-08-13","1999-07-18","1997-09-06","2001-08-13","2003-08-25","1985-12-30","1986-01-13","2003-08-25","1986-01-13","1986-01-03","1986-01-03","1986-01-13","1986-01-09","1986-01-23","1986-01-20","1986-01-20"]},{"index":3,"name":"col3","values":["20901000","17501000","16243000","12179000","8578000","8004000","7231000","4276000","97736","86000","75255.613","74392","69926.795","66097.265","64358.222","62658.364","61766.73","59165.55","53763.39","49751.722"]}]},"context":{"page_title":null,"page_url":null,"page_entity_id":null,"content_hierarchy":[]},"links":[[[{"start":0,"end":9,"url":null,"entity_id":"Q18501","candidates":[]}],[],[],[]],[[{"start":0,"end":7,"url":null,"entity_id":"Q18500","candidates":[]}],[],[],[]],[[{"start":0,"end":8,"url":null,"entity_id":"Q18497","candidates":[]}],[],[],[]],[[{"start":0,"end":7,"url":null,"entity_id":"Q18495","candidates":[]}],[],[],[]],[[{"start":0,"end":8,"url":null,"entity_id":"Q18494","candidates":[]}],[],[],[]],[[{"start":0,"end":8,"url":null,"entity_id":"Q18488","candidates":[]}],[],[],[]],[[{"start":0,"end":7,"url":null,"entity_id":"Q18481","candidates":[]}],[],[],[]],[[{"start":0,"end":9,"url":null,"entity_id":"Q18465","candidates":[]}],[],[],[]],[[{"start":0,"end":3,"url":null,"entity_id":"Q15667","candidates":[]}],[],[],[]],[[{"start":0,"end":4,"url":null,"entity_id":"Q15662","candidates":[]}],[],[],[]],[[{"start":0,"end":7,"url":null,"entity_id":"Q15658","candidates":[]}],[],[],[]],[[{"start":0,"end":5,"url":null,"entity_id":"Q15655","candidates":[]}],[],[],[]],[[{"start":0,"end":8,"url":null,"entity_id":"Q15646","candidates":[]}],[],[],[]],[[{"start":0,"end":6,"url":null,"entity_id":"Q15644","candidates":[]}],[],[],[]],[[{"start":0,"end":6,"url":null,"entity_id":"Q15643","candidates":[]}],[],[],[]],[[{"start":0,"end":9,"url":null,"entity_id":"Q15637","candidates":[]}],[],[],[]],[[{"start":0,"end":8,"url":null,"entity_id":"Q15633","candidates":[]}],[],[],[]],[[{"start":0,"end":6,"url":null,"entity_id":"Q15629","candidates":[]}],[],[],[]],[[{"start":0,"end":7,"url":null,"entity_id":"Q15616","candidates":[]}],[],[],[]],[[{"start":0,"end":8,"url":null,"entity_id":"Q15613","candidates":[]}],[],[],[]]]}