{"version":"1.2","table":{"version":"2","table_id":"KASHWCSM","columns":[{"index":0,"name":"col0","values":["Nacka socken","Mora socken","Mjölby socken","Ljungby parish, Sunnerbo","Arnäs socken","Husaby socken","Västanfors socken","Hjo socken","Grums socken","Vara socken","Arvika socken","Almby socken","Allhelgona socken","Ekers socken","Västra Skrävlinge","Spånga","Brännkyrka","Bromma socken","Berg socken","Avesta socken"]},{"index":1,"name":"col1","values":["64","1537","60","56","352","22","168","36","174","13","186","36","33","20","10","52","81","25","58","12"]},{"index":2,"name":"col2","values":["Sweden","Sweden","Sweden","Sweden","Sweden","Sweden","Sweden","Sweden","Sweden","Sweden","Sweden","Sweden","Sweden","Sweden","Sweden","Sweden","Sweden","Sweden","Sweden","Sweden"]},{"index":3,"name":"col3","values":["1949-01-01","1959-01-01","1920-01-01","1936-01-01","1963-01-01","1952-01-01","1944-01-01","1952-01-01","1948-01-01","1936-01-01","1944-01-01","1943-01-01","1952-01-01","1952-01-01","1911-01-01","1949-01-01","1913-01-01","1916-01-01","1952-01-01","1907-01-01"]},{"index":4,"name":"col4","values":["Nacka Rural Municipality","Mora Parish","Mjölby Rural Municipality","Ljungby parish, Allbo-Sunnerbo provsti","Arnäs parish","Husaby parish","Parish in the Diocese of Västerås Fagersta Municipality in Västmanland, Sweden","Hjo Rural Municipality","Grum","Vara parish","Arvika Västra parish","Almby parish","Allhelgona parish","Ekers parish","Västra Skrävlinge församling","Spånga-Kista församling","Brännkyrka parish","Bromma parish","Bergs parish","Avesta parish"]}]},"context":{"page_title":null,"page_url":null,"page_entity_id":null,"content_hierarchy":[]},"links":[[[{"start":0,"end":11,"url":null,"entity_id":"Q10588912","candidates":[]}],[],[{"start":0,"end":6,"url":null,"entity_id":"Q34","candidates":[]}],[],[{"start":0,"end":11,"url":null,"entity_id":"Q10588907","candidates":[]}]],[[{"start":0,"end":13,"url":null,"entity_id":"Q10586850","candidates":[]}],[],[{"start":0,"end":6,"url":null,"entity_id":"Q34","candidates":[]}],[],[{"start":0,"end":25,"url":null,"entity_id":"Q10586849","candidates":[]}]],[[{"start":0,"end":24,"url":null,"entity_id":"Q10568333","candidates":[]}],[],[{"start":0,"end":6,"url":null,"entity_id":"Q34","candidates":[]}],[],[{"start":0,"end":38,"url":null,"entity_id":"Q10568319","candidates":[]}]],[[{"start":0,"end":12,"url":null,"entity_id":"Q16497148","candidates":[]}],[],[{"start":0,"end":6,"url":null,"entity_id":"Q34","candidates":[]}],[],[{"start":0,"end":12,"url":null,"entity_id":"Q10418312","candidates":[]}]],[[{"start":0,"end":13,"url":null,"entity_id":"Q18290730","candidates":[]}],[],[{"start":0,"end":6,"url":null,"entity_id":"Q34","candidates":[]}],[],[{"start":0,"end":13,"url":null,"entity_id":"Q627556","candidates":[]}]],[[{"start":0,"end":17,"url":null,"entity_id":"Q10717830","candidates":[]}],[],[{"start":0,"end":6,"url":null,"entity_id":"Q34","candidates":[]}],[],[{"start":0,"end":78,"url":null,"entity_id":"Q10717828","candidates":[]}]],[[{"start":0,"end":10,"url":null,"entity_id":"Q10524741","candidates":[]}],[],[{"start":0,"end":6,"url":null,"entity_id":"Q34","candidates":[]}],[],[{"start":0,"end":22,"url":null,"entity_id":"Q10524739","candidates":[]}]],[[{"start":0,"end":12,"url":null,"entity_id":"Q10509098","candidates":[]}],[],[{"start":0,"end":6,"url":null,"entity_id":"Q34","candidates":[]}],[],[{"start":0,"end":4,"url":null,"entity_id":"Q10509091","candidates":[]}]],[[{"start":0,"end":11,"url":null,"entity_id":"Q10712817","candidates":[]}],[],[{"start":0,"end":6,"url":null,"entity_id":"Q34","candidates":[]}],[],[{"start":0,"end":11,"url":null,"entity_id":"Q18334545","candidates":[]}]],[[{"start":0,"end":13,"url":null,"entity_id":"Q10418987","candidates":[]}],[],[{"start":0,"end":6,"url":null,"entity_id":"Q34","candidates":[]}],[],[{"start":0,"end":20,"url":null,"entity_id":"Q10418980","candidates":[]}]],[[{"start":0,"end":12,"url":null,"entity_id":"Q10406535","candidates":[]}],[],[{"start":0,"end":6,"url":null,"entity_id":"Q34","candidates":[]}],[],[{"start":0,"end":12,"url":null,"entity_id":"Q10406532","candidates":[]}]],[[{"start":0,"end":17,"url":null,"entity_id":"Q10405622","candidates":[]}],[],[{"start":0,"end":6,"url":null,"entity_id":"Q34","candidates":[]}],[],[{"start":0,"end":17,"url":null,"entity_id":"Q10405620","candidates":[]}]],[[{"start":0,"end":12,"url":null,"entity_id":"Q10480595","candidates":[]}],[],[{"start":0,"end":6,"url":null,"entity_id":"Q34","candidates":[]}],[],[{"start":0,"end":12,"url":null,"entity_id":"Q10480591","candidates":[]}]],[[{"start":0,"end":17,"url":null,"entity_id":"Q7944450","candidates":[]}],[],[{"start":0,"end":6,"url":null,"entity_id":"Q34","candidates":[]}],[],[{"start":0,"end":28,"url":null,"entity_id":"Q10718358","candidates":[]}]],[[{"start":0,"end":6,"url":null,"entity_id":"Q7581833","candidates":[]}],[],[{"start":0,"end":6,"url":null,"entity_id":"Q34","candidates":[]}],[],[{"start":0,"end":23,"url":null,"entity_id":"Q10676706","candidates":[]}]],[[{"start":0,"end":10,"url":null,"entity_id":"Q4981807","candidates":[]}],[],[{"start":0,"end":6,"url":null,"entity_id":"Q34","candidates":[]}],[],[{"start":0,"end":17,"url":null,"entity_id":"Q10436974","candidates":[]}]],[[{"start":0,"end":13,"url":null,"entity_id":"Q10436031","candidates":[]}],[],[{"start":0,"end":6,"url":null,"entity_id":"Q34","candidates":[]}],[],[{"start":0,"end":13,"url":null,"entity_id":"Q4973721","candidates":[]}]],[[{"start":0,"end":11,"url":null,"entity_id":"Q10428486","candidates":[]}],[],[{"start":0,"end":6,"url":null,"entity_id":"Q34","candidates":[]}],[],[{"start":0,"end":12,"url":null,"entity_id":"Q10428467","candidates":[]}]],[[{"start":0,"end":13,"url":null,"entity_id":"Q10423532","candidates":[]}],[],[{"start":0,"end":6,"url":null,"entity_id":"Q34","candidates":[]}],[],[{"start":0,"end":13,"url":null,"entity_id":"Q10423528","candidates":[]}]],[[{"start":0,"end":12,"url":null,"entity_id":"Q10593930","candidates":[]}],[],[{"start":0,"end":6,"url":null,"entity_id":"Q34","candidates":[]}],[],[{"start":0,"end":24,"url":null,"entity_id":"Q10593928","candidates":[]}]]]}