{"version":"1.2","table":{"version":"2","table_id":"KBADSP03","columns":[{"index":0,"name":"col0","values":["Oma Baatbyggeri","Setouchi Craft","Uljanik","Mykolayiv Shipyard","Theodor Buschmann","Husumer Schiffswerft","Hitzler Werft","P+S Werften","Jadewerft","Heinrich Buschmann & Söhne","Fassmer","Norderwerft Hamburg","Schlieker-Werft","Ottensener Eisenwerk","Admiralty Shipyard","Sredne-Nevskiy Shipyard","Swan Hunter","J. Samuel White","IHC Merwede","De Hoop shipyard","Fincantieri","Odense Steel Shipyard","Elsinore Shipyard and Machine Construction","Gustaf Ericssons Automobilfabrik","Kockums","Ingalls Shipbuilding","Wadan Yards","Sumitomo Heavy Industries","Ruse Shipyard","Schiffswerft Diedrich","Lux-Werft","Maritim Shipyard","CRIST"]},{"index":1,"name":"col1","values":["aksjeselskap","CO. Ltd.","joint-stock company","state-owned enterprise","GmbH & Co. KG","GmbH & Co. KG","GmbH & Co. KG","GmbH","GmbH","GmbH","GmbH","GmbH","Aktiengesellschaft","Aktiengesellschaft","joint-stock company","joint-stock company","privately held company","public company","besloten vennootschap","corporation","S.p.A.","aktieselskab","aktieselskab","aktiebolag","aktiebolag","privately held company","joint-stock company","kabushiki gaisha","joint-stock company","Gesellschaft mit beschränkter Haftung","GmbH","Sp. z o.o.","S.A."]},{"index":2,"name":"col2","values":["Norway","Japan","Croatia","Ukraine","Germany","Germany","Germany","Germany","Germany","Germany","Germany","Germany","Germany","Germany","Russia","Russia","United Kingdom","United Kingdom","Netherlands","Netherlands","Italy","Denmark","Denmark","Sweden","Sweden","United States of America","Norway","Japan","Bulgaria","Germany","Germany","Poland","Poland"]}]},"context":{"page_title":null,"page_url":null,"page_entity_id":null,"content_hierarchy":[]},"links":[[[{"start":0,"end":15,"url":null,"entity_id":"Q20112666","candidates":[]}],[{"start":0,"end":12,"url":null,"entity_id":"Q15042660","candidates":[]}],[{"start":0,"end":6,"url":null,"entity_id":"Q20","candidates":[]}]],[[{"start":0,"end":14,"url":null,"entity_id":"Q38278968","candidates":[]}],[{"start":0,"end":8,"url":null,"entity_id":"Q60732047","candidates":[]}],[{"start":0,"end":5,"url":null,"entity_id":"Q17","candidates":[]}]],[[{"start":0,"end":7,"url":null,"entity_id":"Q1817824","candidates":[]}],[{"start":0,"end":19,"url":null,"entity_id":"Q134161","candidates":[]}],[{"start":0,"end":7,"url":null,"entity_id":"Q224","candidates":[]}]],[[{"start":0,"end":18,"url":null,"entity_id":"Q1980771","candidates":[]}],[{"start":0,"end":22,"url":null,"entity_id":"Q270791","candidates":[]}],[{"start":0,"end":7,"url":null,"entity_id":"Q212","candidates":[]}]],[[{"start":0,"end":17,"url":null,"entity_id":"Q2417415","candidates":[]}],[{"start":0,"end":13,"url":null,"entity_id":"Q897103","candidates":[]}],[{"start":0,"end":7,"url":null,"entity_id":"Q183","candidates":[]}]],[[{"start":0,"end":20,"url":null,"entity_id":"Q1267285","candidates":[]}],[{"start":0,"end":13,"url":null,"entity_id":"Q897103","candidates":[]}],[{"start":0,"end":7,"url":null,"entity_id":"Q183","candidates":[]}]],[[{"start":0,"end":13,"url":null,"entity_id":"Q1250754","candidates":[]}],[{"start":0,"end":13,"url":null,"entity_id":"Q897103","candidates":[]}],[{"start":0,"end":7,"url":null,"entity_id":"Q183","candidates":[]}]],[[{"start":0,"end":11,"url":null,"entity_id":"Q2043455","candidates":[]}],[{"start":0,"end":4,"url":null,"entity_id":"Q460178","candidates":[]}],[{"start":0,"end":7,"url":null,"entity_id":"Q183","candidates":[]}]],[[{"start":0,"end":9,"url":null,"entity_id":"Q1678193","candidates":[]}],[{"start":0,"end":4,"url":null,"entity_id":"Q460178","candidates":[]}],[{"start":0,"end":7,"url":null,"entity_id":"Q183","candidates":[]}]],[[{"start":0,"end":26,"url":null,"entity_id":"Q1596886","candidates":[]}],[{"start":0,"end":4,"url":null,"entity_id":"Q460178","candidates":[]}],[{"start":0,"end":7,"url":null,"entity_id":"Q183","candidates":[]}]],[[{"start":0,"end":7,"url":null,"entity_id":"Q1397597","candidates":[]}],[{"start":0,"end":4,"url":null,"entity_id":"Q460178","candidates":[]}],[{"start":0,"end":7,"url":null,"entity_id":"Q183","candidates":[]}]],[[{"start":0,"end":19,"url":null,"entity_id":"Q1229954","candidates":[]}],[{"start":0,"end":4,"url":null,"entity_id":"Q460178","candidates":[]}],[{"start":0,"end":7,"url":null,"entity_id":"Q183","candidates":[]}]],[[{"start":0,"end":15,"url":null,"entity_id":"Q2239672","candidates":[]}],[{"start":0,"end":18,"url":null,"entity_id":"Q422062","candidates":[]}],[{"start":0,"end":7,"url":null,"entity_id":"Q183","candidates":[]}]],[[{"start":0,"end":20,"url":null,"entity_id":"Q1466588","candidates":[]}],[{"start":0,"end":18,"url":null,"entity_id":"Q422062","candidates":[]}],[{"start":0,"end":7,"url":null,"entity_id":"Q183","candidates":[]}]],[[{"start":0,"end":18,"url":null,"entity_id":"Q2292711","candidates":[]}],[{"start":0,"end":19,"url":null,"entity_id":"Q134161","candidates":[]}],[{"start":0,"end":6,"url":null,"entity_id":"Q159","candidates":[]}]],[[{"start":0,"end":23,"url":null,"entity_id":"Q1983680","candidates":[]}],[{"start":0,"end":19,"url":null,"entity_id":"Q134161","candidates":[]}],[{"start":0,"end":6,"url":null,"entity_id":"Q159","candidates":[]}]],[[{"start":0,"end":11,"url":null,"entity_id":"Q2061530","candidates":[]}],[{"start":0,"end":22,"url":null,"entity_id":"Q1589009","candidates":[]}],[{"start":0,"end":14,"url":null,"entity_id":"Q145","candidates":[]}]],[[{"start":0,"end":15,"url":null,"entity_id":"Q1676408","candidates":[]}],[{"start":0,"end":14,"url":null,"entity_id":"Q891723","candidates":[]}],[{"start":0,"end":14,"url":null,"entity_id":"Q145","candidates":[]}]],[[{"start":0,"end":11,"url":null,"entity_id":"Q2210180","candidates":[]}],[{"start":0,"end":21,"url":null,"entity_id":"Q17375963","candidates":[]}],[{"start":0,"end":11,"url":null,"entity_id":"Q55","candidates":[]}]],[[{"start":0,"end":16,"url":null,"entity_id":"Q2279275","candidates":[]}],[{"start":0,"end":11,"url":null,"entity_id":"Q167037","candidates":[]}],[{"start":0,"end":11,"url":null,"entity_id":"Q55","candidates":[]}]],[[{"start":0,"end":11,"url":null,"entity_id":"Q1327429","candidates":[]}],[{"start":0,"end":6,"url":null,"entity_id":"Q3742388","candidates":[]}],[{"start":0,"end":5,"url":null,"entity_id":"Q38","candidates":[]}]],[[{"start":0,"end":21,"url":null,"entity_id":"Q1778277","candidates":[]}],[{"start":0,"end":12,"url":null,"entity_id":"Q2624520","candidates":[]}],[{"start":0,"end":7,"url":null,"entity_id":"Q35","candidates":[]}]],[[{"start":0,"end":42,"url":null,"entity_id":"Q1604557","candidates":[]}],[{"start":0,"end":12,"url":null,"entity_id":"Q2624520","candidates":[]}],[{"start":0,"end":7,"url":null,"entity_id":"Q35","candidates":[]}]],[[{"start":0,"end":32,"url":null,"entity_id":"Q1555774","candidates":[]}],[{"start":0,"end":10,"url":null,"entity_id":"Q422007","candidates":[]}],[{"start":0,"end":6,"url":null,"entity_id":"Q34","candidates":[]}]],[[{"start":0,"end":7,"url":null,"entity_id":"Q1408079","candidates":[]}],[{"start":0,"end":10,"url":null,"entity_id":"Q422007","candidates":[]}],[{"start":0,"end":6,"url":null,"entity_id":"Q34","candidates":[]}]],[[{"start":0,"end":20,"url":null,"entity_id":"Q1193195","candidates":[]}],[{"start":0,"end":22,"url":null,"entity_id":"Q1589009","candidates":[]}],[{"start":0,"end":24,"url":null,"entity_id":"Q30","candidates":[]}]],[[{"start":0,"end":11,"url":null,"entity_id":"Q1342788","candidates":[]}],[{"start":0,"end":19,"url":null,"entity_id":"Q134161","candidates":[]}],[{"start":0,"end":6,"url":null,"entity_id":"Q20","candidates":[]}]],[[{"start":0,"end":25,"url":null,"entity_id":"Q1808912","candidates":[]}],[{"start":0,"end":16,"url":null,"entity_id":"Q1480166","candidates":[]}],[{"start":0,"end":5,"url":null,"entity_id":"Q17","candidates":[]}]],[[{"start":0,"end":13,"url":null,"entity_id":"Q12292689","candidates":[]}],[{"start":0,"end":19,"url":null,"entity_id":"Q134161","candidates":[]}],[{"start":0,"end":8,"url":null,"entity_id":"Q219","candidates":[]}]],[[{"start":0,"end":21,"url":null,"entity_id":"Q13188857","candidates":[]}],[{"start":0,"end":37,"url":null,"entity_id":"Q15829892","candidates":[]}],[{"start":0,"end":7,"url":null,"entity_id":"Q183","candidates":[]}]],[[{"start":0,"end":9,"url":null,"entity_id":"Q14329180","candidates":[]}],[{"start":0,"end":4,"url":null,"entity_id":"Q460178","candidates":[]}],[{"start":0,"end":7,"url":null,"entity_id":"Q183","candidates":[]}]],[[{"start":0,"end":16,"url":null,"entity_id":"Q16218256","candidates":[]}],[{"start":0,"end":10,"url":null,"entity_id":"Q2624661","candidates":[]}],[{"start":0,"end":6,"url":null,"entity_id":"Q36","candidates":[]}]],[[{"start":0,"end":5,"url":null,"entity_id":"Q15637769","candidates":[]}],[{"start":0,"end":4,"url":null,"entity_id":"Q166280","candidates":[]}],[{"start":0,"end":6,"url":null,"entity_id":"Q36","candidates":[]}]]]}