{"version":"1.2","table":{"version":"2","table_id":"KCCV1YFT","columns":[{"index":0,"name":"col0","values":["Peter Suber on the State of Open Access: Where Are We, What Still Needs To Be Done?","Realising the BOAI Vision: Peter Suber's Advice","Radio Berkman: Open Accessories","200 plus 1: Research for open #Radfahrerwissen","Rurbanität in Dresden und München 1870 bis 1914","Schloss Lichtenburg in der sächsischen Geschichte","Fürstliche Laborpartner in der alchemistischen Praxis. Das Netzwerk des Kurfürstenpaares August (1526-1586) und Anna (1532-1585) von Sachsen","Thomas von Fritsch (1700-1775). Ein sächsischer Reformpolitiker im Ancien Régime","What are the ten most cited sources on Wikipedia? Let’s ask the data","Saxorum. Ein Weblog für interdisziplinäre Landeskunde in Sachsen","„Eisberg voraus!“ – Sächsische Landeskunde mit SXRM, Wikisource und Wikidata","Hilfe für die Datenlaube: mit [[Wikisource+Wikidata]] die freie Quellensammlung verbessern","“Die Zukunft der Bürgerforschung” – Rückblick auf das Forum Citizen Science 2019","Sächsische Ortsdaten in der Linked Open Data Cloud: Teilautomatisierte Anreicherung und Analyse der HOV-ID in Wikidata","Information sheet for own research in the summer: there are questions all over the world","Grundlagen der Bibliotheksarbeit: Offenheit als Maxime in der Forschung","Refining the Definition of “Open” in Open Content","Heimatforschung in Europa – ein Aufruf, oder: Call for Participation","Der Lichtenburger Konvent von 1576","Spekulationen: Die Zukunft der Bürgerforschung für Sachsen"]},{"index":1,"name":"col1","values":["Open and Shut?","Open and Shut?","MediaBerkman","Hypothèses","saxorum.hypotheses.org","saxorum.hypotheses.org","saxorum.hypotheses.org","saxorum.hypotheses.org","Wikimedia Blog","saxorum.hypotheses.org","Saxorum","Wikimedia Germany Blog","saxorum.hypotheses.org","saxorum.hypotheses.org","SLUBlog","saxorum.hypotheses.org","Iterating Toward Openness","saxorum.hypotheses.org","saxorum.hypotheses.org","saxorum.hypotheses.org"]},{"index":2,"name":"col2","values":["Peter Suber","Peter Suber","Peter Suber","Jens Bemme","Britta von Voithenberg","Ariane Bartkowski","Ariane Bartkowski","Marian Bertz","Dario Taraborelli","Martin Munke","Jens Bemme","Jens Bemme","Martin Munke","Christian Erlinger","Jens Bemme","Martin Munke","David A. Wiley","Jens Bemme","Ariane Bartkowski","Jens Bemme"]},{"index":3,"name":"col3","values":["Creative Commons Attribution-NonCommercial-NoDerivs 2.0 UK: England & Wales","Creative Commons Attribution-NonCommercial-NoDerivs 2.0 UK: England & Wales","Creative Commons Attribution 3.0 Unported","Creative Commons Attribution","Creative Commons Attribution","Creative Commons Attribution","Creative Commons Attribution","Creative Commons Attribution","Creative Commons Attribution-ShareAlike","Creative Commons Attribution","Creative Commons Attribution","Creative Commons Attribution-ShareAlike 3.0 Germany","Creative Commons Attribution 4.0 International","Creative Commons Attribution 4.0 International","Creative Commons Attribution 4.0 International","Creative Commons Attribution 4.0 International","Creative Commons Attribution 4.0 International","Creative Commons Attribution 4.0 International","Creative Commons Attribution 4.0 International","Creative Commons Attribution"]},{"index":4,"name":"col4","values":["open access","open access","open access","knowledge","Munich","Saxony","Saxony","Saxony","Wikipedia","saxorum.hypotheses.org","Saxorum","Die Datenlaube","citizen science","Wikidata","local museum","citizen science","definition","Europe","Formula of Concord","citizen science"]}]},"context":{"page_title":null,"page_url":null,"page_entity_id":null,"content_hierarchy":[]},"links":[[[{"start":0,"end":83,"url":null,"entity_id":"Q54599697","candidates":[]}],[{"start":0,"end":14,"url":null,"entity_id":"Q54555874","candidates":[]}],[{"start":0,"end":11,"url":null,"entity_id":"Q289028","candidates":[]}],[{"start":0,"end":75,"url":null,"entity_id":"Q56299316","candidates":[]}],[{"start":0,"end":11,"url":null,"entity_id":"Q232932","candidates":[]}]],[[{"start":0,"end":47,"url":null,"entity_id":"Q54555842","candidates":[]}],[{"start":0,"end":14,"url":null,"entity_id":"Q54555874","candidates":[]}],[{"start":0,"end":11,"url":null,"entity_id":"Q289028","candidates":[]}],[{"start":0,"end":75,"url":null,"entity_id":"Q56299316","candidates":[]}],[{"start":0,"end":11,"url":null,"entity_id":"Q232932","candidates":[]}]],[[{"start":0,"end":31,"url":null,"entity_id":"Q54606827","candidates":[]}],[{"start":0,"end":12,"url":null,"entity_id":"Q54604584","candidates":[]}],[{"start":0,"end":11,"url":null,"entity_id":"Q289028","candidates":[]}],[{"start":0,"end":41,"url":null,"entity_id":"Q14947546","candidates":[]}],[{"start":0,"end":11,"url":null,"entity_id":"Q232932","candidates":[]}]],[[{"start":0,"end":46,"url":null,"entity_id":"Q58764415","candidates":[]}],[{"start":0,"end":10,"url":null,"entity_id":"Q47009221","candidates":[]}],[{"start":0,"end":10,"url":null,"entity_id":"Q56880673","candidates":[]}],[{"start":0,"end":28,"url":null,"entity_id":"Q6905323","candidates":[]}],[{"start":0,"end":9,"url":null,"entity_id":"Q9081","candidates":[]}]],[[{"start":0,"end":47,"url":null,"entity_id":"Q63407696","candidates":[]}],[{"start":0,"end":22,"url":null,"entity_id":"Q61483181","candidates":[]}],[{"start":0,"end":22,"url":null,"entity_id":"Q63675296","candidates":[]}],[{"start":0,"end":28,"url":null,"entity_id":"Q6905323","candidates":[]}],[{"start":0,"end":6,"url":null,"entity_id":"Q1726","candidates":[]}]],[[{"start":0,"end":49,"url":null,"entity_id":"Q63213807","candidates":[]}],[{"start":0,"end":22,"url":null,"entity_id":"Q61483181","candidates":[]}],[{"start":0,"end":17,"url":null,"entity_id":"Q62266348","candidates":[]}],[{"start":0,"end":28,"url":null,"entity_id":"Q6905323","candidates":[]}],[{"start":0,"end":6,"url":null,"entity_id":"Q1202","candidates":[]}]],[[{"start":0,"end":140,"url":null,"entity_id":"Q61727767","candidates":[]}],[{"start":0,"end":22,"url":null,"entity_id":"Q61483181","candidates":[]}],[{"start":0,"end":17,"url":null,"entity_id":"Q62266348","candidates":[]}],[{"start":0,"end":28,"url":null,"entity_id":"Q6905323","candidates":[]}],[{"start":0,"end":6,"url":null,"entity_id":"Q1202","candidates":[]}]],[[{"start":0,"end":80,"url":null,"entity_id":"Q62267119","candidates":[]}],[{"start":0,"end":22,"url":null,"entity_id":"Q61483181","candidates":[]}],[{"start":0,"end":12,"url":null,"entity_id":"Q62266289","candidates":[]}],[{"start":0,"end":28,"url":null,"entity_id":"Q6905323","candidates":[]}],[{"start":0,"end":6,"url":null,"entity_id":"Q1202","candidates":[]}]],[[{"start":0,"end":68,"url":null,"entity_id":"Q51467536","candidates":[]}],[{"start":0,"end":14,"url":null,"entity_id":"Q50558357","candidates":[]}],[{"start":0,"end":17,"url":null,"entity_id":"Q21562060","candidates":[]}],[{"start":0,"end":39,"url":null,"entity_id":"Q6905942","candidates":[]}],[{"start":0,"end":9,"url":null,"entity_id":"Q52","candidates":[]}]],[[{"start":0,"end":64,"url":null,"entity_id":"Q26836254","candidates":[]}],[{"start":0,"end":22,"url":null,"entity_id":"Q61483181","candidates":[]}],[{"start":0,"end":12,"url":null,"entity_id":"Q28024172","candidates":[]}],[{"start":0,"end":28,"url":null,"entity_id":"Q6905323","candidates":[]}],[{"start":0,"end":22,"url":null,"entity_id":"Q61483181","candidates":[]}]],[[{"start":0,"end":76,"url":null,"entity_id":"Q61217831","candidates":[]}],[{"start":0,"end":7,"url":null,"entity_id":"Q60732972","candidates":[]}],[{"start":0,"end":10,"url":null,"entity_id":"Q56880673","candidates":[]}],[{"start":0,"end":28,"url":null,"entity_id":"Q6905323","candidates":[]}],[{"start":0,"end":7,"url":null,"entity_id":"Q60732972","candidates":[]}]],[[{"start":0,"end":90,"url":null,"entity_id":"Q71143767","candidates":[]}],[{"start":0,"end":22,"url":null,"entity_id":"Q51689905","candidates":[]}],[{"start":0,"end":10,"url":null,"entity_id":"Q56880673","candidates":[]}],[{"start":0,"end":51,"url":null,"entity_id":"Q42716613","candidates":[]}],[{"start":0,"end":14,"url":null,"entity_id":"Q61943025","candidates":[]}]],[[{"start":0,"end":80,"url":null,"entity_id":"Q70463834","candidates":[]}],[{"start":0,"end":22,"url":null,"entity_id":"Q61483181","candidates":[]}],[{"start":0,"end":12,"url":null,"entity_id":"Q28024172","candidates":[]}],[{"start":0,"end":46,"url":null,"entity_id":"Q20007257","candidates":[]}],[{"start":0,"end":15,"url":null,"entity_id":"Q1093434","candidates":[]}]],[[{"start":0,"end":118,"url":null,"entity_id":"Q69736798","candidates":[]}],[{"start":0,"end":22,"url":null,"entity_id":"Q61483181","candidates":[]}],[{"start":0,"end":18,"url":null,"entity_id":"Q67173261","candidates":[]}],[{"start":0,"end":46,"url":null,"entity_id":"Q20007257","candidates":[]}],[{"start":0,"end":8,"url":null,"entity_id":"Q2013","candidates":[]}]],[[{"start":0,"end":88,"url":null,"entity_id":"Q65966398","candidates":[]}],[{"start":0,"end":7,"url":null,"entity_id":"Q65966503","candidates":[]}],[{"start":0,"end":10,"url":null,"entity_id":"Q56880673","candidates":[]}],[{"start":0,"end":46,"url":null,"entity_id":"Q20007257","candidates":[]}],[{"start":0,"end":12,"url":null,"entity_id":"Q1595639","candidates":[]}]],[[{"start":0,"end":71,"url":null,"entity_id":"Q66711907","candidates":[]}],[{"start":0,"end":22,"url":null,"entity_id":"Q61483181","candidates":[]}],[{"start":0,"end":12,"url":null,"entity_id":"Q28024172","candidates":[]}],[{"start":0,"end":46,"url":null,"entity_id":"Q20007257","candidates":[]}],[{"start":0,"end":15,"url":null,"entity_id":"Q1093434","candidates":[]}]],[[{"start":0,"end":49,"url":null,"entity_id":"Q66491002","candidates":[]}],[{"start":0,"end":25,"url":null,"entity_id":"Q66491085","candidates":[]}],[{"start":0,"end":14,"url":null,"entity_id":"Q5230549","candidates":[]}],[{"start":0,"end":46,"url":null,"entity_id":"Q20007257","candidates":[]}],[{"start":0,"end":10,"url":null,"entity_id":"Q101072","candidates":[]}]],[[{"start":0,"end":68,"url":null,"entity_id":"Q65665320","candidates":[]}],[{"start":0,"end":22,"url":null,"entity_id":"Q61483181","candidates":[]}],[{"start":0,"end":10,"url":null,"entity_id":"Q56880673","candidates":[]}],[{"start":0,"end":46,"url":null,"entity_id":"Q20007257","candidates":[]}],[{"start":0,"end":6,"url":null,"entity_id":"Q46","candidates":[]}]],[[{"start":0,"end":34,"url":null,"entity_id":"Q67759065","candidates":[]}],[{"start":0,"end":22,"url":null,"entity_id":"Q61483181","candidates":[]}],[{"start":0,"end":17,"url":null,"entity_id":"Q62266348","candidates":[]}],[{"start":0,"end":46,"url":null,"entity_id":"Q20007257","candidates":[]}],[{"start":0,"end":18,"url":null,"entity_id":"Q702184","candidates":[]}]],[[{"start":0,"end":58,"url":null,"entity_id":"Q78313742","candidates":[]}],[{"start":0,"end":22,"url":null,"entity_id":"Q61483181","candidates":[]}],[{"start":0,"end":10,"url":null,"entity_id":"Q56880673","candidates":[]}],[{"start":0,"end":28,"url":null,"entity_id":"Q6905323","candidates":[]}],[{"start":0,"end":15,"url":null,"entity_id":"Q1093434","candidates":[]}]]]}