{"version":"1.2","table":{"version":"2","table_id":"KCOA2LIJ","columns":[{"index":0,"name":"col0","values":["Duke of Alba","Marquis of Ariza","marqués","Count of Covadonga","Count of Aranda","Count of Fernán Núñez","Duke of Hijar","Duke of Lécera","Duke of Aliaga","Duke of Abrantes (Spanish title)","Marqués del Carpio","señor de El Carpio","Lord of Meneses","count of Santa Olalla","Count of Chinchón","count of Belchite","King consort of Spain","queen consort of Pamplona","queen consort of Navarre","duke of Alburquerque"]},{"index":1,"name":"col1","values":["Spain","Spain","Spain","Spain","Spain","Spain","Kingdom of Aragon","Spain","Spain","Spain","Spain","Crown of Castile","Spain","Spain","Spain","Spain","Spain","Kingdom of Pamplona","Kingdom of Navarre","Spain"]},{"index":2,"name":"col2","values":["duque","marqués","Señor","conde","conde","conde","duque","duque","duque","duque","marqués","Señor","Señor","conde","conde","conde","King consort","queen consort","queen consort","duque"]}]},"context":{"page_title":null,"page_url":null,"page_entity_id":null,"content_hierarchy":[]},"links":[[[{"start":0,"end":16,"url":null,"entity_id":"Q58682655","candidates":[]}],[{"start":0,"end":5,"url":null,"entity_id":"Q29","candidates":[]}],[{"start":0,"end":7,"url":null,"entity_id":"Q58481938","candidates":[]}]],[[{"start":0,"end":7,"url":null,"entity_id":"Q58481938","candidates":[]}],[{"start":0,"end":5,"url":null,"entity_id":"Q29","candidates":[]}],[{"start":0,"end":5,"url":null,"entity_id":"Q57979691","candidates":[]}]],[[{"start":0,"end":18,"url":null,"entity_id":"Q58485221","candidates":[]}],[{"start":0,"end":5,"url":null,"entity_id":"Q29","candidates":[]}],[{"start":0,"end":5,"url":null,"entity_id":"Q26241072","candidates":[]}]],[[{"start":0,"end":15,"url":null,"entity_id":"Q58482526","candidates":[]}],[{"start":0,"end":5,"url":null,"entity_id":"Q29","candidates":[]}],[{"start":0,"end":5,"url":null,"entity_id":"Q26241072","candidates":[]}]],[[{"start":0,"end":21,"url":null,"entity_id":"Q5781568","candidates":[]}],[{"start":0,"end":5,"url":null,"entity_id":"Q29","candidates":[]}],[{"start":0,"end":5,"url":null,"entity_id":"Q26241072","candidates":[]}]],[[{"start":0,"end":13,"url":null,"entity_id":"Q59294851","candidates":[]}],[{"start":0,"end":17,"url":null,"entity_id":"Q199442","candidates":[]}],[{"start":0,"end":5,"url":null,"entity_id":"Q58481980","candidates":[]}]],[[{"start":0,"end":14,"url":null,"entity_id":"Q59306850","candidates":[]}],[{"start":0,"end":5,"url":null,"entity_id":"Q29","candidates":[]}],[{"start":0,"end":5,"url":null,"entity_id":"Q58481980","candidates":[]}]],[[{"start":0,"end":14,"url":null,"entity_id":"Q59306414","candidates":[]}],[{"start":0,"end":5,"url":null,"entity_id":"Q29","candidates":[]}],[{"start":0,"end":5,"url":null,"entity_id":"Q58481980","candidates":[]}]],[[{"start":0,"end":32,"url":null,"entity_id":"Q59242239","candidates":[]}],[{"start":0,"end":5,"url":null,"entity_id":"Q29","candidates":[]}],[{"start":0,"end":5,"url":null,"entity_id":"Q58481980","candidates":[]}]],[[{"start":0,"end":18,"url":null,"entity_id":"Q59281657","candidates":[]}],[{"start":0,"end":5,"url":null,"entity_id":"Q29","candidates":[]}],[{"start":0,"end":7,"url":null,"entity_id":"Q58481938","candidates":[]}]],[[{"start":0,"end":18,"url":null,"entity_id":"Q59281619","candidates":[]}],[{"start":0,"end":16,"url":null,"entity_id":"Q217196","candidates":[]}],[{"start":0,"end":5,"url":null,"entity_id":"Q57979691","candidates":[]}]],[[{"start":0,"end":15,"url":null,"entity_id":"Q60181271","candidates":[]}],[{"start":0,"end":5,"url":null,"entity_id":"Q29","candidates":[]}],[{"start":0,"end":5,"url":null,"entity_id":"Q57979691","candidates":[]}]],[[{"start":0,"end":21,"url":null,"entity_id":"Q59624430","candidates":[]}],[{"start":0,"end":5,"url":null,"entity_id":"Q29","candidates":[]}],[{"start":0,"end":5,"url":null,"entity_id":"Q26241072","candidates":[]}]],[[{"start":0,"end":17,"url":null,"entity_id":"Q59386869","candidates":[]}],[{"start":0,"end":5,"url":null,"entity_id":"Q29","candidates":[]}],[{"start":0,"end":5,"url":null,"entity_id":"Q26241072","candidates":[]}]],[[{"start":0,"end":17,"url":null,"entity_id":"Q59307245","candidates":[]}],[{"start":0,"end":5,"url":null,"entity_id":"Q29","candidates":[]}],[{"start":0,"end":5,"url":null,"entity_id":"Q26241072","candidates":[]}]],[[{"start":0,"end":21,"url":null,"entity_id":"Q59134382","candidates":[]}],[{"start":0,"end":5,"url":null,"entity_id":"Q29","candidates":[]}],[{"start":0,"end":12,"url":null,"entity_id":"Q2000200","candidates":[]}]],[[{"start":0,"end":25,"url":null,"entity_id":"Q59130969","candidates":[]}],[{"start":0,"end":19,"url":null,"entity_id":"Q3446210","candidates":[]}],[{"start":0,"end":13,"url":null,"entity_id":"Q719039","candidates":[]}]],[[{"start":0,"end":24,"url":null,"entity_id":"Q59131999","candidates":[]}],[{"start":0,"end":18,"url":null,"entity_id":"Q200262","candidates":[]}],[{"start":0,"end":13,"url":null,"entity_id":"Q719039","candidates":[]}]],[[{"start":0,"end":20,"url":null,"entity_id":"Q61977761","candidates":[]}],[{"start":0,"end":5,"url":null,"entity_id":"Q29","candidates":[]}],[{"start":0,"end":5,"url":null,"entity_id":"Q58481980","candidates":[]}]],[[{"start":0,"end":12,"url":null,"entity_id":"Q724866","candidates":[]}],[{"start":0,"end":5,"url":null,"entity_id":"Q29","candidates":[]}],[{"start":0,"end":5,"url":null,"entity_id":"Q58481980","candidates":[]}]]]}