{"version":"1.2","table":{"version":"2","table_id":"KCX0XSFM","columns":[{"index":0,"name":"col0","values":["Milžany","Nové Sedlo nad Bílinou","Brany","Radvanovice","Pivonice","Vyšný","Ždánov (Nezdice na Šumavě)","Stráž","Rusová","Oesterholz-Haustenbeck","Nebovazy","Mohelnice","Fresno de Torote","Vernéřov","Javorná","Ostrov","Tisovka (Ktiš)","Pasovary","Nová Víska","Mikulovice"]},{"index":1,"name":"col1","values":["293","257","288","815","785","887","930","725","800","190","660","650","639","368","760","700","760","750","650","320"]},{"index":2,"name":"col2","values":["20.88","4.43","37.3","7.58","20.5","17.95","10.92","3.91","9.52","27.37","1.65","0.24","31.6","9.3","12.61","3.83","11.92","2.64","3.03","5.97"]}]},"context":{"page_title":null,"page_url":null,"page_entity_id":null,"content_hierarchy":[]},"links":[[[{"start":0,"end":7,"url":null,"entity_id":"Q20735915","candidates":[]}],[],[]],[[{"start":0,"end":22,"url":null,"entity_id":"Q20057887","candidates":[]}],[],[]],[[{"start":0,"end":5,"url":null,"entity_id":"Q20057085","candidates":[]}],[],[]],[[{"start":0,"end":11,"url":null,"entity_id":"Q15735367","candidates":[]}],[],[]],[[{"start":0,"end":8,"url":null,"entity_id":"Q15640178","candidates":[]}],[],[]],[[{"start":0,"end":5,"url":null,"entity_id":"Q10818485","candidates":[]}],[],[]],[[{"start":0,"end":26,"url":null,"entity_id":"Q10271573","candidates":[]}],[],[]],[[{"start":0,"end":5,"url":null,"entity_id":"Q2357564","candidates":[]}],[],[]],[[{"start":0,"end":6,"url":null,"entity_id":"Q2176853","candidates":[]}],[],[]],[[{"start":0,"end":22,"url":null,"entity_id":"Q2015245","candidates":[]}],[],[]],[[{"start":0,"end":8,"url":null,"entity_id":"Q1973523","candidates":[]}],[],[]],[[{"start":0,"end":9,"url":null,"entity_id":"Q1782626","candidates":[]}],[],[]],[[{"start":0,"end":16,"url":null,"entity_id":"Q1772191","candidates":[]}],[],[]],[[{"start":0,"end":8,"url":null,"entity_id":"Q27644957","candidates":[]}],[],[]],[[{"start":0,"end":7,"url":null,"entity_id":"Q23712743","candidates":[]}],[],[]],[[{"start":0,"end":6,"url":null,"entity_id":"Q22977979","candidates":[]}],[],[]],[[{"start":0,"end":14,"url":null,"entity_id":"Q12059031","candidates":[]}],[],[]],[[{"start":0,"end":8,"url":null,"entity_id":"Q12043896","candidates":[]}],[],[]],[[{"start":0,"end":10,"url":null,"entity_id":"Q12041261","candidates":[]}],[],[]],[[{"start":0,"end":10,"url":null,"entity_id":"Q12037096","candidates":[]}],[],[]]]}