{"version":"1.2","table":{"version":"2","table_id":"KD2LG46N","columns":[{"index":0,"name":"col0","values":["Stark Counwy","Rutnam County","Tazexell County","Nnox County","Kaqkakee County","Lbwrence County","Masshall County","Macoupin Cqunty","Mesceu Coupt{","Mdson County","Moultri County","Lee Couty","Stephenson ounty","Schyler County","Waren Cownty","Pike Count|","Kroquois County","Rock Jsland County","Fulton Counuy","Sangamon Conty"]},{"index":1,"name":"col1","values":["0.09960000000000001","6.9719999999999995","1.393","0.502","0.6979","0.504","2.9260999999999995","0.5005","1.2883","4.2699","2.4825","0.6053999999999999","0.08946","0.9018","0.09920000000000001","2.1","0.09960000000000001","5.1948","1.881","0.991"]},{"index":2,"name":"col2","values":["5889.2789999999995","5766.194","136624.704","52390.468","111447.28","16673.906","12043.623","46973.76","16323.601999999999","14162.512","14727.24","34927.716","46786.74","7399.336","17672.822","16230.749999999998","29039.964","147405.25799999997","36382.346","198746.71"]},{"index":3,"name":"col3","values":["751.2219999999999","448.22999999999996","1712.5199999999998","1850.952","1768.53","966.064","1035.0959999999998","2231.271","1450.094","1467.754","899.136","1877.666","1471.778","1143.0","544.6289999999999","2185.806","2901.792","1178.512","2283.714","2289.168"]}]},"context":{"page_title":null,"page_url":null,"page_entity_id":null,"content_hierarchy":[]},"links":[[[{"start":0,"end":12,"url":null,"entity_id":"Q500645","candidates":[]}],[],[],[]],[[{"start":0,"end":13,"url":null,"entity_id":"Q494579","candidates":[]}],[],[],[]],[[{"start":0,"end":15,"url":null,"entity_id":"Q494560","candidates":[]}],[],[],[]],[[{"start":0,"end":11,"url":null,"entity_id":"Q494552","candidates":[]}],[],[],[]],[[{"start":0,"end":15,"url":null,"entity_id":"Q494485","candidates":[]}],[],[],[]],[[{"start":0,"end":15,"url":null,"entity_id":"Q491470","candidates":[]}],[],[],[]],[[{"start":0,"end":15,"url":null,"entity_id":"Q491463","candidates":[]}],[],[],[]],[[{"start":0,"end":15,"url":null,"entity_id":"Q491447","candidates":[]}],[],[],[]],[[{"start":0,"end":13,"url":null,"entity_id":"Q491427","candidates":[]}],[],[],[]],[[{"start":0,"end":12,"url":null,"entity_id":"Q491343","candidates":[]}],[],[],[]],[[{"start":0,"end":14,"url":null,"entity_id":"Q491321","candidates":[]}],[],[],[]],[[{"start":0,"end":9,"url":null,"entity_id":"Q491035","candidates":[]}],[],[],[]],[[{"start":0,"end":16,"url":null,"entity_id":"Q491032","candidates":[]}],[],[],[]],[[{"start":0,"end":14,"url":null,"entity_id":"Q491026","candidates":[]}],[],[],[]],[[{"start":0,"end":12,"url":null,"entity_id":"Q491021","candidates":[]}],[],[],[]],[[{"start":0,"end":11,"url":null,"entity_id":"Q491017","candidates":[]}],[],[],[]],[[{"start":0,"end":15,"url":null,"entity_id":"Q491011","candidates":[]}],[],[],[]],[[{"start":0,"end":18,"url":null,"entity_id":"Q491004","candidates":[]}],[],[],[]],[[{"start":0,"end":13,"url":null,"entity_id":"Q490999","candidates":[]}],[],[],[]],[[{"start":0,"end":14,"url":null,"entity_id":"Q490994","candidates":[]}],[],[],[]]]}