{"version":"1.2","table":{"version":"2","table_id":"KE2NQ69E","columns":[{"index":0,"name":"col0","values":["PN K 3-59","Hen 3-1341","WRAY 16-202","EM* MWC 603","CD-50 7894","THA 17-1","WRAY 15-1022","PN MaC 1-3","EM* AS 282","PN KFL 8","2MASS J18272892-1555547","OGLE BLG-LPV-19199","2MASS J18131474-1007218","2MASS J17050868-4849122","WRAY 15-1461","PN Ap 3-1","V* DQ Ser","V* LT Del","LHA 120-N 19","V* V2116 Oph","Hen 3-1342","EM* AS 241","WRAY 16-304","SS73 96","WRAY 16-226"]},{"index":1,"name":"col1","values":["7.727","7.479","15.1","11.52","9.1","13.81","14.3","7.98","15","12.5","7.178","17.156","9.181","8.563","13.5","15.9","7.814","9.495","16.4","18.4","13.5","15.8","15","15.24","14.8"]},{"index":2,"name":"col2","values":["-2.787","-5.772","-76.7","0.159","-0.891","-4.466","-5.679","-5.854","-8.613","-5.254","-1.265","-6.757","-6.672","-5.611","-5.054","-4.442","-5.5","-2.412","0.138","-4.579","-3.888","-5.71","-7.789","-2.986","-4.774"]},{"index":3,"name":"col3","values":["43.875843793596","-17.4417799606527","-49.4449472","23.4555370116488","-51.2040767754695","-64.9994389508015","-57.8462460492666","-47.7598528602527","-28.5445454782327","-29.608289885015","-15.9318978398513","-24.0212007388934","-10.1227271724168","-48.8200943939731","-42.3983546375789","2.8244832466506","5.0469674911899","20.1909733929037","-67.9426761874157","-24.7455905452691","-23.3934732170082","-38.2905103156145","-38.6627248472462","-36.7959017165383","-35.090761941867"]}]},"context":{"page_title":null,"page_url":null,"page_entity_id":null,"content_hierarchy":[]},"links":[[[{"start":0,"end":9,"url":null,"entity_id":"Q85267522","candidates":[]}],[],[],[]],[[{"start":0,"end":10,"url":null,"entity_id":"Q85169924","candidates":[]}],[],[],[]],[[{"start":0,"end":11,"url":null,"entity_id":"Q85043288","candidates":[]}],[],[],[]],[[{"start":0,"end":11,"url":null,"entity_id":"Q85026564","candidates":[]}],[],[],[]],[[{"start":0,"end":10,"url":null,"entity_id":"Q84628164","candidates":[]}],[],[],[]],[[{"start":0,"end":8,"url":null,"entity_id":"Q84508825","candidates":[]}],[],[],[]],[[{"start":0,"end":12,"url":null,"entity_id":"Q84500484","candidates":[]}],[],[],[]],[[{"start":0,"end":10,"url":null,"entity_id":"Q84374191","candidates":[]}],[],[],[]],[[{"start":0,"end":10,"url":null,"entity_id":"Q84285496","candidates":[]}],[],[],[]],[[{"start":0,"end":8,"url":null,"entity_id":"Q84284900","candidates":[]}],[],[],[]],[[{"start":0,"end":23,"url":null,"entity_id":"Q77856958","candidates":[]}],[],[],[]],[[{"start":0,"end":18,"url":null,"entity_id":"Q77855331","candidates":[]}],[],[],[]],[[{"start":0,"end":23,"url":null,"entity_id":"Q77854684","candidates":[]}],[],[],[]],[[{"start":0,"end":23,"url":null,"entity_id":"Q77854021","candidates":[]}],[],[],[]],[[{"start":0,"end":12,"url":null,"entity_id":"Q77359858","candidates":[]}],[],[],[]],[[{"start":0,"end":9,"url":null,"entity_id":"Q76915200","candidates":[]}],[],[],[]],[[{"start":0,"end":9,"url":null,"entity_id":"Q76911448","candidates":[]}],[],[],[]],[[{"start":0,"end":9,"url":null,"entity_id":"Q76888857","candidates":[]}],[],[],[]],[[{"start":0,"end":12,"url":null,"entity_id":"Q76804393","candidates":[]}],[],[],[]],[[{"start":0,"end":12,"url":null,"entity_id":"Q76780848","candidates":[]}],[],[],[]],[[{"start":0,"end":10,"url":null,"entity_id":"Q76779836","candidates":[]}],[],[],[]],[[{"start":0,"end":10,"url":null,"entity_id":"Q76561050","candidates":[]}],[],[],[]],[[{"start":0,"end":11,"url":null,"entity_id":"Q76559973","candidates":[]}],[],[],[]],[[{"start":0,"end":7,"url":null,"entity_id":"Q76556099","candidates":[]}],[],[],[]],[[{"start":0,"end":11,"url":null,"entity_id":"Q76554619","candidates":[]}],[],[],[]]]}