{"version":"1.2","table":{"version":"2","table_id":"KE3XFRC3","columns":[{"index":0,"name":"col0","values":["Stadtauchiv Aachen","Prague Ckty Archives","Arxiu Municipl de Creixell","Arziu Municipal del districte de Sants-Montjuïc","Umeå!City Archives","Uown Archives of Ieper","City archie Kloten","Uppsalastadsarkiv","TheMunicipal Archives of Trondheim","Arxiu Municipal dh Tarragona","Arxiu d'Història de Fastellar del Vallès","Archives de lc commune Le Lieu","Le Sentier mxnicipal archive","Archives communbles de Glane","Municipal archive Ecubleqs","Cossonay municipal rchive","Municipal archive Auonne","Archives communals de Delémont","Lichtensteig city arehive","Archives communales La Chaux-de-Fondu","Archives de la Vlle de Neuchâtel","Cit rchive Frauenfeld","Municipal archive Hribourg","Archives municiples de Nantes","Gemeindecrchiv Kriens","Stadtarchi Lenzburg","City arhive Laufenburg","Ortarchiv Klingnau","Btugg diy archive","Bremgarten city\"archive","Gemeindearchiv!Zurzach","City archiveAarburg","City!archive Aarau","Stadtarchix Bade","City archive Grenchep","Olten fity archive","Archive ofLandschaft Davos municipality","Archiv Ortsgeschichtliche Sammlunj Köniz","Stadtarchiv Burgdor","Arxiu Muniipal","City Archives of Nsrdhausen","Civic Archives in Bozeo-Bolzano","Gemeidearchiv Emmen","Stadtarchiv Wesel (North Rhine-Zestphalia, Germany)","Stadtarchiv Una","Miden Municipal Archive","Stadtarchiv armstddt","Stadtarhiv Neuss","Stadtarchiv Omdenburg"]},{"index":1,"name":"col1","values":["Germany","Czech Republic","Spain","Spain","Sweden","Belgium","Switzerland","Sweden","Norway","Spain","Spain","Switzerland","Switzerland","Switzerland","Switzerland","Switzerland","Switzerland","Switzerland","Switzerland","Switzerland","Switzerland","Switzerland","Switzerland","France","Switzerland","Switzerland","Switzerland","Switzerland","Switzerland","Switzerland","Switzerland","Switzerland","Switzerland","Switzerland","Switzerland","Switzerland","Switzerland","Switzerland","Switzerland","Spain","Germany","Italy","Switzerland","Germany","Germany","Germany","Germany","Germany","Germany"]},{"index":2,"name":"col2","values":["Aachen","Prague 11","Creixell","Sants-Montjuïc","Umeå Municipality","Ypres","Kloten","Uppsala Municipality","Trondheim","Tarragona","Castellar del Vallès","Canton of Vaud","Canton of Vaud","Canton of Vaud","Canton of Vaud","Canton of Vaud","Canton of Vaud","Canton of Jura","Canton of St. Gallen","Canton of Neuchâtel","Canton of Neuchâtel","Thurgau","Canton of Fribourg","Nantes","Canton of Lucerne","Aargau","Aargau","Aargau","Aargau","Aargau","Aargau","Aargau","Aargau","Aargau","Canton of Solothurn","Canton of Solothurn","Graubünden","canton of Bern","canton of Bern","Roses","Nordhausen","Bolzano","Emmen","Wesel","Unna","Minden","Darmstadt","Neuss","Oldenburg"]}]},"context":{"page_title":null,"page_url":null,"page_entity_id":null,"content_hierarchy":[]},"links":[[[{"start":0,"end":20,"url":null,"entity_id":"Q19672898","candidates":[]}],[{"start":0,"end":14,"url":null,"entity_id":"Q213","candidates":[]}],[{"start":0,"end":9,"url":null,"entity_id":"Q3490864","candidates":[]}]],[[{"start":0,"end":26,"url":null,"entity_id":"Q21085910","candidates":[]}],[{"start":0,"end":5,"url":null,"entity_id":"Q29","candidates":[]}],[{"start":0,"end":8,"url":null,"entity_id":"Q1020556","candidates":[]}]],[[{"start":0,"end":47,"url":null,"entity_id":"Q17156951","candidates":[]}],[{"start":0,"end":5,"url":null,"entity_id":"Q29","candidates":[]}],[{"start":0,"end":14,"url":null,"entity_id":"Q753075","candidates":[]}]],[[{"start":0,"end":18,"url":null,"entity_id":"Q18716361","candidates":[]}],[{"start":0,"end":6,"url":null,"entity_id":"Q34","candidates":[]}],[{"start":0,"end":17,"url":null,"entity_id":"Q507709","candidates":[]}]],[[{"start":0,"end":22,"url":null,"entity_id":"Q18511732","candidates":[]}],[{"start":0,"end":7,"url":null,"entity_id":"Q31","candidates":[]}],[{"start":0,"end":5,"url":null,"entity_id":"Q102728","candidates":[]}]],[[{"start":0,"end":18,"url":null,"entity_id":"Q27481542","candidates":[]}],[{"start":0,"end":11,"url":null,"entity_id":"Q39","candidates":[]}],[{"start":0,"end":6,"url":null,"entity_id":"Q68165","candidates":[]}]],[[{"start":0,"end":17,"url":null,"entity_id":"Q19545740","candidates":[]}],[{"start":0,"end":6,"url":null,"entity_id":"Q34","candidates":[]}],[{"start":0,"end":20,"url":null,"entity_id":"Q59091","candidates":[]}]],[[{"start":0,"end":34,"url":null,"entity_id":"Q17356104","candidates":[]}],[{"start":0,"end":6,"url":null,"entity_id":"Q20","candidates":[]}],[{"start":0,"end":9,"url":null,"entity_id":"Q25804","candidates":[]}]],[[{"start":0,"end":28,"url":null,"entity_id":"Q17156953","candidates":[]}],[{"start":0,"end":5,"url":null,"entity_id":"Q29","candidates":[]}],[{"start":0,"end":9,"url":null,"entity_id":"Q15088","candidates":[]}]],[[{"start":0,"end":40,"url":null,"entity_id":"Q19830820","candidates":[]}],[{"start":0,"end":5,"url":null,"entity_id":"Q29","candidates":[]}],[{"start":0,"end":20,"url":null,"entity_id":"Q13918","candidates":[]}]],[[{"start":0,"end":30,"url":null,"entity_id":"Q27484137","candidates":[]}],[{"start":0,"end":11,"url":null,"entity_id":"Q39","candidates":[]}],[{"start":0,"end":14,"url":null,"entity_id":"Q12771","candidates":[]}]],[[{"start":0,"end":28,"url":null,"entity_id":"Q27483974","candidates":[]}],[{"start":0,"end":11,"url":null,"entity_id":"Q39","candidates":[]}],[{"start":0,"end":14,"url":null,"entity_id":"Q12771","candidates":[]}]],[[{"start":0,"end":28,"url":null,"entity_id":"Q27481285","candidates":[]}],[{"start":0,"end":11,"url":null,"entity_id":"Q39","candidates":[]}],[{"start":0,"end":14,"url":null,"entity_id":"Q12771","candidates":[]}]],[[{"start":0,"end":26,"url":null,"entity_id":"Q27480112","candidates":[]}],[{"start":0,"end":11,"url":null,"entity_id":"Q39","candidates":[]}],[{"start":0,"end":14,"url":null,"entity_id":"Q12771","candidates":[]}]],[[{"start":0,"end":25,"url":null,"entity_id":"Q27480000","candidates":[]}],[{"start":0,"end":11,"url":null,"entity_id":"Q39","candidates":[]}],[{"start":0,"end":14,"url":null,"entity_id":"Q12771","candidates":[]}]],[[{"start":0,"end":24,"url":null,"entity_id":"Q27479575","candidates":[]}],[{"start":0,"end":11,"url":null,"entity_id":"Q39","candidates":[]}],[{"start":0,"end":14,"url":null,"entity_id":"Q12771","candidates":[]}]],[[{"start":0,"end":30,"url":null,"entity_id":"Q27480016","candidates":[]}],[{"start":0,"end":11,"url":null,"entity_id":"Q39","candidates":[]}],[{"start":0,"end":14,"url":null,"entity_id":"Q12755","candidates":[]}]],[[{"start":0,"end":25,"url":null,"entity_id":"Q27484492","candidates":[]}],[{"start":0,"end":11,"url":null,"entity_id":"Q39","candidates":[]}],[{"start":0,"end":20,"url":null,"entity_id":"Q12746","candidates":[]}]],[[{"start":0,"end":37,"url":null,"entity_id":"Q27482001","candidates":[]}],[{"start":0,"end":11,"url":null,"entity_id":"Q39","candidates":[]}],[{"start":0,"end":19,"url":null,"entity_id":"Q12738","candidates":[]}]],[[{"start":0,"end":32,"url":null,"entity_id":"Q23783857","candidates":[]}],[{"start":0,"end":11,"url":null,"entity_id":"Q39","candidates":[]}],[{"start":0,"end":19,"url":null,"entity_id":"Q12738","candidates":[]}]],[[{"start":0,"end":21,"url":null,"entity_id":"Q27480241","candidates":[]}],[{"start":0,"end":11,"url":null,"entity_id":"Q39","candidates":[]}],[{"start":0,"end":7,"url":null,"entity_id":"Q12713","candidates":[]}]],[[{"start":0,"end":26,"url":null,"entity_id":"Q27480243","candidates":[]}],[{"start":0,"end":11,"url":null,"entity_id":"Q39","candidates":[]}],[{"start":0,"end":18,"url":null,"entity_id":"Q12640","candidates":[]}]],[[{"start":0,"end":29,"url":null,"entity_id":"Q22248957","candidates":[]}],[{"start":0,"end":6,"url":null,"entity_id":"Q142","candidates":[]}],[{"start":0,"end":6,"url":null,"entity_id":"Q12191","candidates":[]}]],[[{"start":0,"end":21,"url":null,"entity_id":"Q27481656","candidates":[]}],[{"start":0,"end":11,"url":null,"entity_id":"Q39","candidates":[]}],[{"start":0,"end":17,"url":null,"entity_id":"Q12121","candidates":[]}]],[[{"start":0,"end":19,"url":null,"entity_id":"Q27484338","candidates":[]}],[{"start":0,"end":11,"url":null,"entity_id":"Q39","candidates":[]}],[{"start":0,"end":6,"url":null,"entity_id":"Q11972","candidates":[]}]],[[{"start":0,"end":22,"url":null,"entity_id":"Q27483067","candidates":[]}],[{"start":0,"end":11,"url":null,"entity_id":"Q39","candidates":[]}],[{"start":0,"end":6,"url":null,"entity_id":"Q11972","candidates":[]}]],[[{"start":0,"end":18,"url":null,"entity_id":"Q27481533","candidates":[]}],[{"start":0,"end":11,"url":null,"entity_id":"Q39","candidates":[]}],[{"start":0,"end":6,"url":null,"entity_id":"Q11972","candidates":[]}]],[[{"start":0,"end":17,"url":null,"entity_id":"Q27479926","candidates":[]}],[{"start":0,"end":11,"url":null,"entity_id":"Q39","candidates":[]}],[{"start":0,"end":6,"url":null,"entity_id":"Q11972","candidates":[]}]],[[{"start":0,"end":23,"url":null,"entity_id":"Q27479881","candidates":[]}],[{"start":0,"end":11,"url":null,"entity_id":"Q39","candidates":[]}],[{"start":0,"end":6,"url":null,"entity_id":"Q11972","candidates":[]}]],[[{"start":0,"end":22,"url":null,"entity_id":"Q27479597","candidates":[]}],[{"start":0,"end":11,"url":null,"entity_id":"Q39","candidates":[]}],[{"start":0,"end":6,"url":null,"entity_id":"Q11972","candidates":[]}]],[[{"start":0,"end":19,"url":null,"entity_id":"Q27478236","candidates":[]}],[{"start":0,"end":11,"url":null,"entity_id":"Q39","candidates":[]}],[{"start":0,"end":6,"url":null,"entity_id":"Q11972","candidates":[]}]],[[{"start":0,"end":18,"url":null,"entity_id":"Q27478108","candidates":[]}],[{"start":0,"end":11,"url":null,"entity_id":"Q39","candidates":[]}],[{"start":0,"end":6,"url":null,"entity_id":"Q11972","candidates":[]}]],[[{"start":0,"end":16,"url":null,"entity_id":"Q23783874","candidates":[]}],[{"start":0,"end":11,"url":null,"entity_id":"Q39","candidates":[]}],[{"start":0,"end":6,"url":null,"entity_id":"Q11972","candidates":[]}]],[[{"start":0,"end":21,"url":null,"entity_id":"Q27481372","candidates":[]}],[{"start":0,"end":11,"url":null,"entity_id":"Q39","candidates":[]}],[{"start":0,"end":19,"url":null,"entity_id":"Q11929","candidates":[]}]],[[{"start":0,"end":18,"url":null,"entity_id":"Q23783872","candidates":[]}],[{"start":0,"end":11,"url":null,"entity_id":"Q39","candidates":[]}],[{"start":0,"end":19,"url":null,"entity_id":"Q11929","candidates":[]}]],[[{"start":0,"end":39,"url":null,"entity_id":"Q27480005","candidates":[]}],[{"start":0,"end":11,"url":null,"entity_id":"Q39","candidates":[]}],[{"start":0,"end":10,"url":null,"entity_id":"Q11925","candidates":[]}]],[[{"start":0,"end":40,"url":null,"entity_id":"Q27481551","candidates":[]}],[{"start":0,"end":11,"url":null,"entity_id":"Q39","candidates":[]}],[{"start":0,"end":14,"url":null,"entity_id":"Q11911","candidates":[]}]],[[{"start":0,"end":19,"url":null,"entity_id":"Q27479955","candidates":[]}],[{"start":0,"end":11,"url":null,"entity_id":"Q39","candidates":[]}],[{"start":0,"end":14,"url":null,"entity_id":"Q11911","candidates":[]}]],[[{"start":0,"end":14,"url":null,"entity_id":"Q20103879","candidates":[]}],[{"start":0,"end":5,"url":null,"entity_id":"Q29","candidates":[]}],[{"start":0,"end":5,"url":null,"entity_id":"Q11822","candidates":[]}]],[[{"start":0,"end":27,"url":null,"entity_id":"Q24232512","candidates":[]}],[{"start":0,"end":7,"url":null,"entity_id":"Q183","candidates":[]}],[{"start":0,"end":10,"url":null,"entity_id":"Q7033","candidates":[]}]],[[{"start":0,"end":31,"url":null,"entity_id":"Q19295028","candidates":[]}],[{"start":0,"end":5,"url":null,"entity_id":"Q38","candidates":[]}],[{"start":0,"end":7,"url":null,"entity_id":"Q6526","candidates":[]}]],[[{"start":0,"end":19,"url":null,"entity_id":"Q27480192","candidates":[]}],[{"start":0,"end":11,"url":null,"entity_id":"Q39","candidates":[]}],[{"start":0,"end":5,"url":null,"entity_id":"Q4225","candidates":[]}]],[[{"start":0,"end":51,"url":null,"entity_id":"Q26882963","candidates":[]}],[{"start":0,"end":7,"url":null,"entity_id":"Q183","candidates":[]}],[{"start":0,"end":5,"url":null,"entity_id":"Q4011","candidates":[]}]],[[{"start":0,"end":15,"url":null,"entity_id":"Q22694020","candidates":[]}],[{"start":0,"end":7,"url":null,"entity_id":"Q183","candidates":[]}],[{"start":0,"end":4,"url":null,"entity_id":"Q3949","candidates":[]}]],[[{"start":0,"end":23,"url":null,"entity_id":"Q18712352","candidates":[]}],[{"start":0,"end":7,"url":null,"entity_id":"Q183","candidates":[]}],[{"start":0,"end":6,"url":null,"entity_id":"Q3846","candidates":[]}]],[[{"start":0,"end":20,"url":null,"entity_id":"Q23786628","candidates":[]}],[{"start":0,"end":7,"url":null,"entity_id":"Q183","candidates":[]}],[{"start":0,"end":9,"url":null,"entity_id":"Q2973","candidates":[]}]],[[{"start":0,"end":16,"url":null,"entity_id":"Q24074664","candidates":[]}],[{"start":0,"end":7,"url":null,"entity_id":"Q183","candidates":[]}],[{"start":0,"end":5,"url":null,"entity_id":"Q2948","candidates":[]}]],[[{"start":0,"end":21,"url":null,"entity_id":"Q19964805","candidates":[]}],[{"start":0,"end":7,"url":null,"entity_id":"Q183","candidates":[]}],[{"start":0,"end":9,"url":null,"entity_id":"Q2936","candidates":[]}]],[[{"start":0,"end":18,"url":null,"entity_id":"Q28720286","candidates":[]}],[{"start":0,"end":7,"url":null,"entity_id":"Q183","candidates":[]}],[{"start":0,"end":6,"url":null,"entity_id":"Q1017","candidates":[]}]]]}