{"version":"1.2","table":{"version":"2","table_id":"KF0TLLDU","columns":[{"index":0,"name":"col0","values":["1961 Giro dell'Appennino","1962 Giro dell'Appennino","1963 Giro dell'Appennino","1964 Giro dell'Appennino","1965 Giro dell'Appennino","1966 Giro dell'Appennino","1967 Giro dell'Appennino","1968 Giro dell'Appennino","1969 Giro dell'Appennino","1970 Giro dell'Appennino","1971 Giro dell'Appennino","1972 Giro dell'Appennino","1973 Giro dell'Appennino","1974 Giro dell'Appennino","1975 Giro dell'Appennino","1976 Giro dell'Appennino","1977 Giro dell'Appennino","1978 Giro dell'Appennino","1979 Giro dell'Appennino","1980 Giro dell'Appennino"]},{"index":1,"name":"col1","values":["1962 Giro dell'Appennino","1963 Giro dell'Appennino","1964 Giro dell'Appennino","1965 Giro dell'Appennino","1966 Giro dell'Appennino","1967 Giro dell'Appennino","1968 Giro dell'Appennino","1969 Giro dell'Appennino","1970 Giro dell'Appennino","1971 Giro dell'Appennino","1972 Giro dell'Appennino","1973 Giro dell'Appennino","1974 Giro dell'Appennino","1975 Giro dell'Appennino","1976 Giro dell'Appennino","1977 Giro dell'Appennino","1978 Giro dell'Appennino","1979 Giro dell'Appennino","1980 Giro dell'Appennino","1981 Giro dell'Appennino"]},{"index":2,"name":"col2","values":["1960 Giro dell'Appennino","1961 Giro dell'Appennino","1962 Giro dell'Appennino","1963 Giro dell'Appennino","1964 Giro dell'Appennino","1965 Giro dell'Appennino","1966 Giro dell'Appennino","1967 Giro dell'Appennino","1968 Giro dell'Appennino","1969 Giro dell'Appennino","1970 Giro dell'Appennino","1971 Giro dell'Appennino","1972 Giro dell'Appennino","1973 Giro dell'Appennino","1974 Giro dell'Appennino","1975 Giro dell'Appennino","1976 Giro dell'Appennino","1977 Giro dell'Appennino","1978 Giro dell'Appennino","1979 Giro dell'Appennino"]}]},"context":{"page_title":null,"page_url":null,"page_entity_id":null,"content_hierarchy":[]},"links":[[[{"start":0,"end":24,"url":null,"entity_id":"Q51333616","candidates":[]}],[{"start":0,"end":24,"url":null,"entity_id":"Q51333603","candidates":[]}],[{"start":0,"end":24,"url":null,"entity_id":"Q51333632","candidates":[]}]],[[{"start":0,"end":24,"url":null,"entity_id":"Q51333603","candidates":[]}],[{"start":0,"end":24,"url":null,"entity_id":"Q51333590","candidates":[]}],[{"start":0,"end":24,"url":null,"entity_id":"Q51333616","candidates":[]}]],[[{"start":0,"end":24,"url":null,"entity_id":"Q51333590","candidates":[]}],[{"start":0,"end":24,"url":null,"entity_id":"Q51333563","candidates":[]}],[{"start":0,"end":24,"url":null,"entity_id":"Q51333603","candidates":[]}]],[[{"start":0,"end":24,"url":null,"entity_id":"Q51333563","candidates":[]}],[{"start":0,"end":24,"url":null,"entity_id":"Q50890224","candidates":[]}],[{"start":0,"end":24,"url":null,"entity_id":"Q51333590","candidates":[]}]],[[{"start":0,"end":24,"url":null,"entity_id":"Q50890224","candidates":[]}],[{"start":0,"end":24,"url":null,"entity_id":"Q50890214","candidates":[]}],[{"start":0,"end":24,"url":null,"entity_id":"Q51333563","candidates":[]}]],[[{"start":0,"end":24,"url":null,"entity_id":"Q50890214","candidates":[]}],[{"start":0,"end":24,"url":null,"entity_id":"Q50890205","candidates":[]}],[{"start":0,"end":24,"url":null,"entity_id":"Q50890224","candidates":[]}]],[[{"start":0,"end":24,"url":null,"entity_id":"Q50890205","candidates":[]}],[{"start":0,"end":24,"url":null,"entity_id":"Q50890198","candidates":[]}],[{"start":0,"end":24,"url":null,"entity_id":"Q50890214","candidates":[]}]],[[{"start":0,"end":24,"url":null,"entity_id":"Q50890198","candidates":[]}],[{"start":0,"end":24,"url":null,"entity_id":"Q50890186","candidates":[]}],[{"start":0,"end":24,"url":null,"entity_id":"Q50890205","candidates":[]}]],[[{"start":0,"end":24,"url":null,"entity_id":"Q50890186","candidates":[]}],[{"start":0,"end":24,"url":null,"entity_id":"Q50890170","candidates":[]}],[{"start":0,"end":24,"url":null,"entity_id":"Q50890198","candidates":[]}]],[[{"start":0,"end":24,"url":null,"entity_id":"Q50890170","candidates":[]}],[{"start":0,"end":24,"url":null,"entity_id":"Q50890162","candidates":[]}],[{"start":0,"end":24,"url":null,"entity_id":"Q50890186","candidates":[]}]],[[{"start":0,"end":24,"url":null,"entity_id":"Q50890162","candidates":[]}],[{"start":0,"end":24,"url":null,"entity_id":"Q50890145","candidates":[]}],[{"start":0,"end":24,"url":null,"entity_id":"Q50890170","candidates":[]}]],[[{"start":0,"end":24,"url":null,"entity_id":"Q50890145","candidates":[]}],[{"start":0,"end":24,"url":null,"entity_id":"Q50890136","candidates":[]}],[{"start":0,"end":24,"url":null,"entity_id":"Q50890162","candidates":[]}]],[[{"start":0,"end":24,"url":null,"entity_id":"Q50890136","candidates":[]}],[{"start":0,"end":24,"url":null,"entity_id":"Q50890127","candidates":[]}],[{"start":0,"end":24,"url":null,"entity_id":"Q50890145","candidates":[]}]],[[{"start":0,"end":24,"url":null,"entity_id":"Q50890127","candidates":[]}],[{"start":0,"end":24,"url":null,"entity_id":"Q50890108","candidates":[]}],[{"start":0,"end":24,"url":null,"entity_id":"Q50890136","candidates":[]}]],[[{"start":0,"end":24,"url":null,"entity_id":"Q50890108","candidates":[]}],[{"start":0,"end":24,"url":null,"entity_id":"Q50890092","candidates":[]}],[{"start":0,"end":24,"url":null,"entity_id":"Q50890127","candidates":[]}]],[[{"start":0,"end":24,"url":null,"entity_id":"Q50890092","candidates":[]}],[{"start":0,"end":24,"url":null,"entity_id":"Q50890079","candidates":[]}],[{"start":0,"end":24,"url":null,"entity_id":"Q50890108","candidates":[]}]],[[{"start":0,"end":24,"url":null,"entity_id":"Q50890079","candidates":[]}],[{"start":0,"end":24,"url":null,"entity_id":"Q50890061","candidates":[]}],[{"start":0,"end":24,"url":null,"entity_id":"Q50890092","candidates":[]}]],[[{"start":0,"end":24,"url":null,"entity_id":"Q50890061","candidates":[]}],[{"start":0,"end":24,"url":null,"entity_id":"Q50414054","candidates":[]}],[{"start":0,"end":24,"url":null,"entity_id":"Q50890079","candidates":[]}]],[[{"start":0,"end":24,"url":null,"entity_id":"Q50414054","candidates":[]}],[{"start":0,"end":24,"url":null,"entity_id":"Q50414052","candidates":[]}],[{"start":0,"end":24,"url":null,"entity_id":"Q50890061","candidates":[]}]],[[{"start":0,"end":24,"url":null,"entity_id":"Q50414052","candidates":[]}],[{"start":0,"end":24,"url":null,"entity_id":"Q50414049","candidates":[]}],[{"start":0,"end":24,"url":null,"entity_id":"Q50414054","candidates":[]}]]]}