{"version":"1.2","table":{"version":"2","table_id":"KGIU0DRQ","columns":[{"index":0,"name":"col0","values":["Amherst Point Migratory Birg Sanctuary","Cape Parsy Migratory Bird Sanctuary","BanksIsland Migraory Bird Sanctuary N. 2","Anderson River Delta Migratory Bird Sancuary","Île ux Canes Migratory Bird Sanctuary","Shepherd Island Migratory Brd Sanctuary","Esquimalt Lagoon Migratory Bird Sanctuauy","Vaseux Lke Migratory Bird Sanctuary","Shoal Harbour Migratory Brd Sanctuary","Victoria Harbour Migratory Blrd Sanctuary","Christie Islev Migratory Bird Sanctuary","Saskatoon Lake Mijratory Bird Sanctuary","Richardson Lake Migratory Bird Sancuary","RedDeer Migratory Bird Sanctuary","Inglewood Migratory Bird Sanctuay","Chantry Island Migratory Bird Sanctary","Upper Canada Migratory Bird Sanctary","Beckett Creek Migratory Bird Sanctury","Banks Island Pigratory Bird Sanctuary No. 1","Eleanor Island Migratory Bird Scnctuary"]},{"index":1,"name":"col1","values":["Canadian Wildlife Service","Canadian Wildlife Service","Canadian Wildlife Service","Canadian Wildlife Service","Canadian Wildlife Service","Canadian Wildlife Service","Canadian Wildlife Service","Canadian Wildlife Service","Canadian Wildlife Service","Canadian Wildlife Service","Canadian Wildlife Service","Canadian Wildlife Service","Canadian Wildlife Service","Canadian Wildlife Service","Canadian Wildlife Service","Canadian Wildlife Service","Canadian Wildlife Service","Canadian Wildlife Service","Canadian Wildlife Service","Canadian Wildlife Service"]},{"index":2,"name":"col2","values":["1947/01/01","1961/01/01","1961/01/01","1961/01/01","1991/01/01","1991/01/01","1931/01/01","1923/01/01","1931/01/01","1923/01/01","1962/01/01","1948/01/01","1949/01/01","1924/01/01","1929/01/01","1957/01/01","1961/01/01","1969/01/01","1961/01/01","1971/01/01"]}]},"context":{"page_title":null,"page_url":null,"page_entity_id":null,"content_hierarchy":[]},"links":[[[{"start":0,"end":38,"url":null,"entity_id":"Q34050802","candidates":[]}],[{"start":0,"end":25,"url":null,"entity_id":"Q3480080","candidates":[]}],[]],[[{"start":0,"end":35,"url":null,"entity_id":"Q34050750","candidates":[]}],[{"start":0,"end":25,"url":null,"entity_id":"Q3480080","candidates":[]}],[]],[[{"start":0,"end":40,"url":null,"entity_id":"Q34050682","candidates":[]}],[{"start":0,"end":25,"url":null,"entity_id":"Q3480080","candidates":[]}],[]],[[{"start":0,"end":44,"url":null,"entity_id":"Q34050659","candidates":[]}],[{"start":0,"end":25,"url":null,"entity_id":"Q3480080","candidates":[]}],[]],[[{"start":0,"end":37,"url":null,"entity_id":"Q34050633","candidates":[]}],[{"start":0,"end":25,"url":null,"entity_id":"Q3480080","candidates":[]}],[]],[[{"start":0,"end":39,"url":null,"entity_id":"Q34050570","candidates":[]}],[{"start":0,"end":25,"url":null,"entity_id":"Q3480080","candidates":[]}],[]],[[{"start":0,"end":41,"url":null,"entity_id":"Q34050544","candidates":[]}],[{"start":0,"end":25,"url":null,"entity_id":"Q3480080","candidates":[]}],[]],[[{"start":0,"end":35,"url":null,"entity_id":"Q34050512","candidates":[]}],[{"start":0,"end":25,"url":null,"entity_id":"Q3480080","candidates":[]}],[]],[[{"start":0,"end":37,"url":null,"entity_id":"Q34050486","candidates":[]}],[{"start":0,"end":25,"url":null,"entity_id":"Q3480080","candidates":[]}],[]],[[{"start":0,"end":41,"url":null,"entity_id":"Q34050466","candidates":[]}],[{"start":0,"end":25,"url":null,"entity_id":"Q3480080","candidates":[]}],[]],[[{"start":0,"end":39,"url":null,"entity_id":"Q34050445","candidates":[]}],[{"start":0,"end":25,"url":null,"entity_id":"Q3480080","candidates":[]}],[]],[[{"start":0,"end":39,"url":null,"entity_id":"Q34050418","candidates":[]}],[{"start":0,"end":25,"url":null,"entity_id":"Q3480080","candidates":[]}],[]],[[{"start":0,"end":39,"url":null,"entity_id":"Q34050392","candidates":[]}],[{"start":0,"end":25,"url":null,"entity_id":"Q3480080","candidates":[]}],[]],[[{"start":0,"end":32,"url":null,"entity_id":"Q34050370","candidates":[]}],[{"start":0,"end":25,"url":null,"entity_id":"Q3480080","candidates":[]}],[]],[[{"start":0,"end":33,"url":null,"entity_id":"Q33872933","candidates":[]}],[{"start":0,"end":25,"url":null,"entity_id":"Q3480080","candidates":[]}],[]],[[{"start":0,"end":38,"url":null,"entity_id":"Q28726763","candidates":[]}],[{"start":0,"end":25,"url":null,"entity_id":"Q3480080","candidates":[]}],[]],[[{"start":0,"end":36,"url":null,"entity_id":"Q27922082","candidates":[]}],[{"start":0,"end":25,"url":null,"entity_id":"Q3480080","candidates":[]}],[]],[[{"start":0,"end":37,"url":null,"entity_id":"Q26809197","candidates":[]}],[{"start":0,"end":25,"url":null,"entity_id":"Q3480080","candidates":[]}],[]],[[{"start":0,"end":43,"url":null,"entity_id":"Q21077163","candidates":[]}],[{"start":0,"end":25,"url":null,"entity_id":"Q3480080","candidates":[]}],[]],[[{"start":0,"end":39,"url":null,"entity_id":"Q21025581","candidates":[]}],[{"start":0,"end":25,"url":null,"entity_id":"Q3480080","candidates":[]}],[]]]}