{"version":"1.2","table":{"version":"2","table_id":"KHDSAEUK","columns":[{"index":0,"name":"col0","values":["2018 Milan–San Remo","2018 Strade Bianche","2018 Omloop Het Nieuwsblad","2018 Paris–Roubaix","Cadel Evans Great Ocean Road Race 2018","2017 RideLondon–Surrey Classic","2017 EuroEyes Cyclassics","2017 GP Ouest-France","2017 Grand Prix Cycliste de Québec","2017 Grand Prix Cycliste de Montréal","2017 Eschborn-Frankfurt – Rund um den Finanzplatz","2017 Giro di Lombardia","2017 Amstel Gold Race","2017 Liège–Bastogne–Liège","2017 La Flèche Wallonne","2017 Tour of Flanders","2017 Clásica de San Sebastián","2017 Gent–Wevelgem","2017 Milan–San Remo","2017 Strade Bianche"]},{"index":1,"name":"col1","values":["291","184","196.2","257","164","185.9","220.9","241.71","201.6","205.7","215.7","247","261","258","200.5","260","231","249.2","291","175"]},{"index":2,"name":"col2","values":["40.208","36.37","40.56","43.55","40.33","45.397","41.963","40.899","40.251","38.272","39.82","39.469","39.983","40.265","38.116","40.651","39.276","44.06","40.733","37.141"]},{"index":3,"name":"col3","values":["164","53","98","101","69","119","158","122","142","101","67","100","127","153","166","121","86","115","195","89"]}]},"context":{"page_title":null,"page_url":null,"page_entity_id":null,"content_hierarchy":[]},"links":[[[{"start":0,"end":19,"url":null,"entity_id":"Q47008032","candidates":[]}],[],[],[]],[[{"start":0,"end":19,"url":null,"entity_id":"Q47008000","candidates":[]}],[],[],[]],[[{"start":0,"end":26,"url":null,"entity_id":"Q47007990","candidates":[]}],[],[],[]],[[{"start":0,"end":18,"url":null,"entity_id":"Q47007925","candidates":[]}],[],[],[]],[[{"start":0,"end":38,"url":null,"entity_id":"Q46882417","candidates":[]}],[],[],[]],[[{"start":0,"end":30,"url":null,"entity_id":"Q29901849","candidates":[]}],[],[],[]],[[{"start":0,"end":24,"url":null,"entity_id":"Q29097577","candidates":[]}],[],[],[]],[[{"start":0,"end":20,"url":null,"entity_id":"Q28039229","candidates":[]}],[],[],[]],[[{"start":0,"end":34,"url":null,"entity_id":"Q28038934","candidates":[]}],[],[],[]],[[{"start":0,"end":36,"url":null,"entity_id":"Q28038931","candidates":[]}],[],[],[]],[[{"start":0,"end":49,"url":null,"entity_id":"Q27880179","candidates":[]}],[],[],[]],[[{"start":0,"end":22,"url":null,"entity_id":"Q27865357","candidates":[]}],[],[],[]],[[{"start":0,"end":21,"url":null,"entity_id":"Q27865341","candidates":[]}],[],[],[]],[[{"start":0,"end":25,"url":null,"entity_id":"Q27865328","candidates":[]}],[],[],[]],[[{"start":0,"end":23,"url":null,"entity_id":"Q27865325","candidates":[]}],[],[],[]],[[{"start":0,"end":21,"url":null,"entity_id":"Q27864166","candidates":[]}],[],[],[]],[[{"start":0,"end":29,"url":null,"entity_id":"Q27864150","candidates":[]}],[],[],[]],[[{"start":0,"end":18,"url":null,"entity_id":"Q27864124","candidates":[]}],[],[],[]],[[{"start":0,"end":19,"url":null,"entity_id":"Q27832215","candidates":[]}],[],[],[]],[[{"start":0,"end":19,"url":null,"entity_id":"Q27827637","candidates":[]}],[],[],[]]]}