{"version":"1.2","table":{"version":"2","table_id":"KJR7JDJ4","columns":[{"index":0,"name":"col0","values":["Turmstraße 16","Alte Winkelgasse 8","Altenberger Gasse 2","Möschbachstraße 4","Löwenburgstraße 46","Löwenburgstraße 50","Drachenfelsstraße 11","Rheinstraße 16","Sternstraße 36","Sternstraße 21","Sternstraße 19","Sternstraße 12","Sternstraße 10","Bergstraße 18","Heisterbacher Straße 124","Hosterbacher Straße 16","Hosterbacher Straße 10","Büchelstraße 99","Adrianstraße 139","Malteserstraße 65"]},{"index":1,"name":"col1","values":["Bachstraße","Alte Winkelgasse","Altenberger Gasse","Möschbachstraße","Löwenburgstraße","Löwenburgstraße","Drachenfelsstraße","Rheinstraße","Sternstraße","Sternstraße","Sternstraße","Sternstraße","Sternstraße","Bergstraße","Heisterbacher Straße","Hosterbacher Straße","Hosterbacher Straße","Büchelstraße","Adrianstraße","Malteserstraße"]},{"index":2,"name":"col2","values":["Oberdollendorf","Oberdollendorf","Königswinter-Altstadt","Rommersdorf","Rhöndorf","Rhöndorf","Rhöndorf","Niederdollendorf","Bonn-Zentrum","Bonn-Zentrum","Bonn-Zentrum","Bonn-Zentrum","Bonn-Zentrum","Oberdollendorf","Oberdollendorf","Oberkassel","Oberkassel","Oberkassel","Oberkassel","Römlinghoven"]}]},"context":{"page_title":null,"page_url":null,"page_entity_id":null,"content_hierarchy":[]},"links":[[[{"start":0,"end":18,"url":null,"entity_id":"Q86065341","candidates":[]}],[{"start":0,"end":16,"url":null,"entity_id":"Q15730089","candidates":[]}],[{"start":0,"end":14,"url":null,"entity_id":"Q248483","candidates":[]}]],[[{"start":0,"end":19,"url":null,"entity_id":"Q63240954","candidates":[]}],[{"start":0,"end":17,"url":null,"entity_id":"Q15848268","candidates":[]}],[{"start":0,"end":21,"url":null,"entity_id":"Q21177608","candidates":[]}]],[[{"start":0,"end":17,"url":null,"entity_id":"Q64485138","candidates":[]}],[{"start":0,"end":15,"url":null,"entity_id":"Q64485133","candidates":[]}],[{"start":0,"end":11,"url":null,"entity_id":"Q2165218","candidates":[]}]],[[{"start":0,"end":18,"url":null,"entity_id":"Q64485197","candidates":[]}],[{"start":0,"end":15,"url":null,"entity_id":"Q64485170","candidates":[]}],[{"start":0,"end":8,"url":null,"entity_id":"Q2148416","candidates":[]}]],[[{"start":0,"end":18,"url":null,"entity_id":"Q64485180","candidates":[]}],[{"start":0,"end":15,"url":null,"entity_id":"Q64485170","candidates":[]}],[{"start":0,"end":8,"url":null,"entity_id":"Q2148416","candidates":[]}]],[[{"start":0,"end":20,"url":null,"entity_id":"Q64489207","candidates":[]}],[{"start":0,"end":17,"url":null,"entity_id":"Q15651138","candidates":[]}],[{"start":0,"end":8,"url":null,"entity_id":"Q2148416","candidates":[]}]],[[{"start":0,"end":14,"url":null,"entity_id":"Q63681785","candidates":[]}],[{"start":0,"end":11,"url":null,"entity_id":"Q15735749","candidates":[]}],[{"start":0,"end":16,"url":null,"entity_id":"Q1987684","candidates":[]}]],[[{"start":0,"end":14,"url":null,"entity_id":"Q52898003","candidates":[]}],[{"start":0,"end":11,"url":null,"entity_id":"Q2345968","candidates":[]}],[{"start":0,"end":12,"url":null,"entity_id":"Q892677","candidates":[]}]],[[{"start":0,"end":14,"url":null,"entity_id":"Q52897813","candidates":[]}],[{"start":0,"end":11,"url":null,"entity_id":"Q2345968","candidates":[]}],[{"start":0,"end":12,"url":null,"entity_id":"Q892677","candidates":[]}]],[[{"start":0,"end":14,"url":null,"entity_id":"Q52897795","candidates":[]}],[{"start":0,"end":11,"url":null,"entity_id":"Q2345968","candidates":[]}],[{"start":0,"end":12,"url":null,"entity_id":"Q892677","candidates":[]}]],[[{"start":0,"end":14,"url":null,"entity_id":"Q52897714","candidates":[]}],[{"start":0,"end":11,"url":null,"entity_id":"Q2345968","candidates":[]}],[{"start":0,"end":12,"url":null,"entity_id":"Q892677","candidates":[]}]],[[{"start":0,"end":14,"url":null,"entity_id":"Q52897702","candidates":[]}],[{"start":0,"end":11,"url":null,"entity_id":"Q2345968","candidates":[]}],[{"start":0,"end":12,"url":null,"entity_id":"Q892677","candidates":[]}]],[[{"start":0,"end":13,"url":null,"entity_id":"Q63707625","candidates":[]}],[{"start":0,"end":10,"url":null,"entity_id":"Q15745499","candidates":[]}],[{"start":0,"end":14,"url":null,"entity_id":"Q248483","candidates":[]}]],[[{"start":0,"end":24,"url":null,"entity_id":"Q64495322","candidates":[]}],[{"start":0,"end":20,"url":null,"entity_id":"Q15730100","candidates":[]}],[{"start":0,"end":14,"url":null,"entity_id":"Q248483","candidates":[]}]],[[{"start":0,"end":22,"url":null,"entity_id":"Q52834379","candidates":[]}],[{"start":0,"end":19,"url":null,"entity_id":"Q52556850","candidates":[]}],[{"start":0,"end":10,"url":null,"entity_id":"Q178317","candidates":[]}]],[[{"start":0,"end":22,"url":null,"entity_id":"Q52834378","candidates":[]}],[{"start":0,"end":19,"url":null,"entity_id":"Q52556850","candidates":[]}],[{"start":0,"end":10,"url":null,"entity_id":"Q178317","candidates":[]}]],[[{"start":0,"end":15,"url":null,"entity_id":"Q52831887","candidates":[]}],[{"start":0,"end":12,"url":null,"entity_id":"Q52556721","candidates":[]}],[{"start":0,"end":10,"url":null,"entity_id":"Q178317","candidates":[]}]],[[{"start":0,"end":16,"url":null,"entity_id":"Q52987426","candidates":[]}],[{"start":0,"end":12,"url":null,"entity_id":"Q52556679","candidates":[]}],[{"start":0,"end":10,"url":null,"entity_id":"Q178317","candidates":[]}]],[[{"start":0,"end":17,"url":null,"entity_id":"Q15715648","candidates":[]}],[{"start":0,"end":14,"url":null,"entity_id":"Q15715637","candidates":[]}],[{"start":0,"end":12,"url":null,"entity_id":"Q2202653","candidates":[]}]],[[{"start":0,"end":13,"url":null,"entity_id":"Q86076784","candidates":[]}],[{"start":0,"end":10,"url":null,"entity_id":"Q15736443","candidates":[]}],[{"start":0,"end":14,"url":null,"entity_id":"Q248483","candidates":[]}]]]}