{"version":"1.2","table":{"version":"2","table_id":"KJVWRKTY","columns":[{"index":0,"name":"col0","values":["power station and weir","Glenlee Power Station","Earlstoun Power Station","Kendoon Power Station","Fasnakyle Power Station","Palace power station, Pushkin","Forach power plant","Thriges Kraftcentral","Home Hill Powerhouse","Tonopah-Extension Mining Company Power Building","Ancienne usine d'électricité de Niederbronn-les-Bains","First power plant in Minsk","East Perth Power Station","Crystal Mill","Brockton Edison Electric Illuminating Company Power Station","Boston Edison Power Station","Baltimore City Passenger Railway Power House and Car Barn","Saratovskaya GRES","'Red October' power plant","Georgetown Steam Plant"]},{"index":1,"name":"col1","values":["Switzerland","United Kingdom","United Kingdom","United Kingdom","United Kingdom","Russia","Austria","Denmark","Australia","United States of America","France","Belarus","Australia","United States of America","United States of America","United States of America","United States of America","Russia","Russia","United States of America"]},{"index":2,"name":"col2","values":["class B Swiss cultural property of regional significance","category B listed building","category B listed building","category B listed building","category A listed building","cultural heritage site in Russia","Denkmalgeschütztes Objekt","monument on Kulturstyrelsen register","listed on the Queensland Heritage Register","place listed on the National Register of Historic Places","registered historic monument","cultural property of Belarus","State Registered Place","place listed on the National Register of Historic Places","place listed on the National Register of Historic Places","place listed on the National Register of Historic Places","place listed on the National Register of Historic Places","cultural heritage site in Russia","cultural heritage site in Russia","National Historic Landmark"]}]},"context":{"page_title":null,"page_url":null,"page_entity_id":null,"content_hierarchy":[]},"links":[[[{"start":0,"end":22,"url":null,"entity_id":"Q29652125","candidates":[]}],[{"start":0,"end":11,"url":null,"entity_id":"Q39","candidates":[]}],[{"start":0,"end":56,"url":null,"entity_id":"Q12126757","candidates":[]}]],[[{"start":0,"end":21,"url":null,"entity_id":"Q17805429","candidates":[]}],[{"start":0,"end":14,"url":null,"entity_id":"Q145","candidates":[]}],[{"start":0,"end":26,"url":null,"entity_id":"Q10729125","candidates":[]}]],[[{"start":0,"end":23,"url":null,"entity_id":"Q17805392","candidates":[]}],[{"start":0,"end":14,"url":null,"entity_id":"Q145","candidates":[]}],[{"start":0,"end":26,"url":null,"entity_id":"Q10729125","candidates":[]}]],[[{"start":0,"end":21,"url":null,"entity_id":"Q17792393","candidates":[]}],[{"start":0,"end":14,"url":null,"entity_id":"Q145","candidates":[]}],[{"start":0,"end":26,"url":null,"entity_id":"Q10729125","candidates":[]}]],[[{"start":0,"end":23,"url":null,"entity_id":"Q17569223","candidates":[]}],[{"start":0,"end":14,"url":null,"entity_id":"Q145","candidates":[]}],[{"start":0,"end":26,"url":null,"entity_id":"Q10729054","candidates":[]}]],[[{"start":0,"end":29,"url":null,"entity_id":"Q55404732","candidates":[]}],[{"start":0,"end":6,"url":null,"entity_id":"Q159","candidates":[]}],[{"start":0,"end":32,"url":null,"entity_id":"Q8346700","candidates":[]}]],[[{"start":0,"end":18,"url":null,"entity_id":"Q18628303","candidates":[]}],[{"start":0,"end":7,"url":null,"entity_id":"Q40","candidates":[]}],[{"start":0,"end":25,"url":null,"entity_id":"Q1188447","candidates":[]}]],[[{"start":0,"end":20,"url":null,"entity_id":"Q15955232","candidates":[]}],[{"start":0,"end":7,"url":null,"entity_id":"Q35","candidates":[]}],[{"start":0,"end":36,"url":null,"entity_id":"Q21436546","candidates":[]}]],[[{"start":0,"end":20,"url":null,"entity_id":"Q16884951","candidates":[]}],[{"start":0,"end":9,"url":null,"entity_id":"Q408","candidates":[]}],[{"start":0,"end":42,"url":null,"entity_id":"Q20680290","candidates":[]}]],[[{"start":0,"end":47,"url":null,"entity_id":"Q17026348","candidates":[]}],[{"start":0,"end":24,"url":null,"entity_id":"Q30","candidates":[]}],[{"start":0,"end":56,"url":null,"entity_id":"Q19558910","candidates":[]}]],[[{"start":0,"end":53,"url":null,"entity_id":"Q15953437","candidates":[]}],[{"start":0,"end":6,"url":null,"entity_id":"Q142","candidates":[]}],[{"start":0,"end":28,"url":null,"entity_id":"Q10387575","candidates":[]}]],[[{"start":0,"end":26,"url":null,"entity_id":"Q13133897","candidates":[]}],[{"start":0,"end":7,"url":null,"entity_id":"Q184","candidates":[]}],[{"start":0,"end":28,"url":null,"entity_id":"Q2079150","candidates":[]}]],[[{"start":0,"end":24,"url":null,"entity_id":"Q5329142","candidates":[]}],[{"start":0,"end":9,"url":null,"entity_id":"Q408","candidates":[]}],[{"start":0,"end":22,"url":null,"entity_id":"Q56052054","candidates":[]}]],[[{"start":0,"end":12,"url":null,"entity_id":"Q5191291","candidates":[]}],[{"start":0,"end":24,"url":null,"entity_id":"Q30","candidates":[]}],[{"start":0,"end":56,"url":null,"entity_id":"Q19558910","candidates":[]}]],[[{"start":0,"end":59,"url":null,"entity_id":"Q4972870","candidates":[]}],[{"start":0,"end":24,"url":null,"entity_id":"Q30","candidates":[]}],[{"start":0,"end":56,"url":null,"entity_id":"Q19558910","candidates":[]}]],[[{"start":0,"end":27,"url":null,"entity_id":"Q4947894","candidates":[]}],[{"start":0,"end":24,"url":null,"entity_id":"Q30","candidates":[]}],[{"start":0,"end":56,"url":null,"entity_id":"Q19558910","candidates":[]}]],[[{"start":0,"end":57,"url":null,"entity_id":"Q4852815","candidates":[]}],[{"start":0,"end":24,"url":null,"entity_id":"Q30","candidates":[]}],[{"start":0,"end":56,"url":null,"entity_id":"Q19558910","candidates":[]}]],[[{"start":0,"end":17,"url":null,"entity_id":"Q4408422","candidates":[]}],[{"start":0,"end":6,"url":null,"entity_id":"Q159","candidates":[]}],[{"start":0,"end":32,"url":null,"entity_id":"Q8346700","candidates":[]}]],[[{"start":0,"end":25,"url":null,"entity_id":"Q4376050","candidates":[]}],[{"start":0,"end":6,"url":null,"entity_id":"Q159","candidates":[]}],[{"start":0,"end":32,"url":null,"entity_id":"Q8346700","candidates":[]}]],[[{"start":0,"end":22,"url":null,"entity_id":"Q5547045","candidates":[]}],[{"start":0,"end":24,"url":null,"entity_id":"Q30","candidates":[]}],[{"start":0,"end":26,"url":null,"entity_id":"Q624232","candidates":[]}]]]}