{"version":"1.2","table":{"version":"2","table_id":"KK18Y552","columns":[{"index":0,"name":"col0","values":["sporting director","musician","peasant","rowing person","feminist","whaleman","book collector","folk singer","recluse","kingmaker","athlete","Bokor","exorcist","seer","suffragist","creator","magician","dressmaker","security hacker","museum professional"]},{"index":1,"name":"col1","values":["director","artist","farmer","sports figure","political activist","sailor","collector","singer","hermit","politician","sports figure","magician","religious servant","believer","women's rights activist","person","believer","tailor","hacker","artist"]},{"index":2,"name":"col2","values":["sporting director","performing artist","farmer","rower","Feminist","whaler","bibliomania","Folksinger","inmate","Kingmaker","athletics competitor","Houngan","Exorcist","prophet","suffragette","creator","magician","tailor","hacker","museologist"]}]},"context":{"page_title":null,"page_url":null,"page_entity_id":null,"content_hierarchy":[]},"links":[[[{"start":0,"end":8,"url":null,"entity_id":"Q639669","candidates":[]}],[{"start":0,"end":6,"url":null,"entity_id":"Q483501","candidates":[]}],[{"start":0,"end":17,"url":null,"entity_id":"Q713200","candidates":[]}]],[[{"start":0,"end":7,"url":null,"entity_id":"Q838811","candidates":[]}],[{"start":0,"end":6,"url":null,"entity_id":"Q131512","candidates":[]}],[{"start":0,"end":6,"url":null,"entity_id":"Q131512","candidates":[]}]],[[{"start":0,"end":13,"url":null,"entity_id":"Q26270618","candidates":[]}],[{"start":0,"end":13,"url":null,"entity_id":"Q50995749","candidates":[]}],[{"start":0,"end":5,"url":null,"entity_id":"Q13382576","candidates":[]}]],[[{"start":0,"end":8,"url":null,"entity_id":"Q34074720","candidates":[]}],[{"start":0,"end":18,"url":null,"entity_id":"Q11499147","candidates":[]}],[{"start":0,"end":8,"url":null,"entity_id":"Q5442849","candidates":[]}]],[[{"start":0,"end":8,"url":null,"entity_id":"Q28563508","candidates":[]}],[{"start":0,"end":6,"url":null,"entity_id":"Q45199","candidates":[]}],[{"start":0,"end":6,"url":null,"entity_id":"Q973740","candidates":[]}]],[[{"start":0,"end":14,"url":null,"entity_id":"Q28776412","candidates":[]}],[{"start":0,"end":9,"url":null,"entity_id":"Q3243461","candidates":[]}],[{"start":0,"end":11,"url":null,"entity_id":"Q856396","candidates":[]}]],[[{"start":0,"end":11,"url":null,"entity_id":"Q2532239","candidates":[]}],[{"start":0,"end":6,"url":null,"entity_id":"Q177220","candidates":[]}],[{"start":0,"end":10,"url":null,"entity_id":"Q19922698","candidates":[]}]],[[{"start":0,"end":7,"url":null,"entity_id":"Q2303143","candidates":[]}],[{"start":0,"end":6,"url":null,"entity_id":"Q189829","candidates":[]}],[{"start":0,"end":6,"url":null,"entity_id":"Q19283707","candidates":[]}]],[[{"start":0,"end":9,"url":null,"entity_id":"Q2409583","candidates":[]}],[{"start":0,"end":10,"url":null,"entity_id":"Q82955","candidates":[]}],[{"start":0,"end":9,"url":null,"entity_id":"Q13743611","candidates":[]}]],[[{"start":0,"end":7,"url":null,"entity_id":"Q2066131","candidates":[]}],[{"start":0,"end":13,"url":null,"entity_id":"Q50995749","candidates":[]}],[{"start":0,"end":20,"url":null,"entity_id":"Q11513337","candidates":[]}]],[[{"start":0,"end":5,"url":null,"entity_id":"Q2713215","candidates":[]}],[{"start":0,"end":8,"url":null,"entity_id":"Q2488257","candidates":[]}],[{"start":0,"end":7,"url":null,"entity_id":"Q1631340","candidates":[]}]],[[{"start":0,"end":8,"url":null,"entity_id":"Q2467532","candidates":[]}],[{"start":0,"end":17,"url":null,"entity_id":"Q4504549","candidates":[]}],[{"start":0,"end":8,"url":null,"entity_id":"Q1384138","candidates":[]}]],[[{"start":0,"end":4,"url":null,"entity_id":"Q2191756","candidates":[]}],[{"start":0,"end":8,"url":null,"entity_id":"Q17573152","candidates":[]}],[{"start":0,"end":7,"url":null,"entity_id":"Q42857","candidates":[]}]],[[{"start":0,"end":10,"url":null,"entity_id":"Q27532437","candidates":[]}],[{"start":0,"end":23,"url":null,"entity_id":"Q28692502","candidates":[]}],[{"start":0,"end":11,"url":null,"entity_id":"Q322170","candidates":[]}]],[[{"start":0,"end":7,"url":null,"entity_id":"Q2500638","candidates":[]}],[{"start":0,"end":6,"url":null,"entity_id":"Q215627","candidates":[]}],[{"start":0,"end":7,"url":null,"entity_id":"Q59275219","candidates":[]}]],[[{"start":0,"end":8,"url":null,"entity_id":"Q2488257","candidates":[]}],[{"start":0,"end":8,"url":null,"entity_id":"Q17573152","candidates":[]}],[{"start":0,"end":8,"url":null,"entity_id":"Q15855449","candidates":[]}]],[[{"start":0,"end":10,"url":null,"entity_id":"Q2034021","candidates":[]}],[{"start":0,"end":6,"url":null,"entity_id":"Q242468","candidates":[]}],[{"start":0,"end":6,"url":null,"entity_id":"Q242468","candidates":[]}]],[[{"start":0,"end":15,"url":null,"entity_id":"Q2798820","candidates":[]}],[{"start":0,"end":6,"url":null,"entity_id":"Q1487","candidates":[]}],[{"start":0,"end":6,"url":null,"entity_id":"Q1487","candidates":[]}]],[[{"start":0,"end":19,"url":null,"entity_id":"Q47090899","candidates":[]}],[{"start":0,"end":6,"url":null,"entity_id":"Q483501","candidates":[]}],[{"start":0,"end":11,"url":null,"entity_id":"Q10333969","candidates":[]}]],[[{"start":0,"end":17,"url":null,"entity_id":"Q1130252","candidates":[]}],[{"start":0,"end":8,"url":null,"entity_id":"Q1162163","candidates":[]}],[{"start":0,"end":17,"url":null,"entity_id":"Q838476","candidates":[]}]]]}