{"version":"1.2","table":{"version":"2","table_id":"KK7CD999","columns":[{"index":0,"name":"col0","values":["Wittrock tower","Torre de Dornes","Stockholm Telephone tower","Torre de Vasconcelos","Cabeça Magra tower","The tower Bredablick, Skansen","Paço da Torre da rua de D. Duarte","Torre de Vilharigues","Frankish Tower","Méchelstuerm, Mersch","Malakoff Tower","Ousdale Broch","Whitton Tower","Castle of Redondos","Tower of D. Pedro Pitões","South Stoneham House","Tower-palace of Guevara","Tower of Pedro-Sem","Former Ventilating Tower Approximately 3 Metres To South West Of South West Wing Of Former Paupers' Lunatic Asylum, Stanley Royd Hospital","Panoramic tower of La Duchère"]},{"index":1,"name":"col1","values":["Sweden","Portugal","Sweden","Portugal","Portugal","Sweden","Portugal","Portugal","Greece","Luxembourg","Luxembourg","United Kingdom","United Kingdom","Portugal","Portugal","United Kingdom","Spain","Portugal","United Kingdom","France"]},{"index":2,"name":"col2","values":["Frescati","Dornes","Norrmalm","Ferreiros","Santo Agostinho","Open-air museum Skansen","Santa Maria de Viseu","Paços de Vilharigues","Acropolis of Athens","Mersch","Rue Jules-Wilhelm","Caithness","Whitton","Redondos","Morro da Sé","South Stoneham","Guevara","Massarelos","Wakefield","La Duchère"]}]},"context":{"page_title":null,"page_url":null,"page_entity_id":null,"content_hierarchy":[]},"links":[[[{"start":0,"end":14,"url":null,"entity_id":"Q10720405","candidates":[]}],[{"start":0,"end":6,"url":null,"entity_id":"Q34","candidates":[]}],[{"start":0,"end":8,"url":null,"entity_id":"Q1455650","candidates":[]}]],[[{"start":0,"end":15,"url":null,"entity_id":"Q10383740","candidates":[]}],[{"start":0,"end":8,"url":null,"entity_id":"Q45","candidates":[]}],[{"start":0,"end":6,"url":null,"entity_id":"Q1245717","candidates":[]}]],[[{"start":0,"end":25,"url":null,"entity_id":"Q10692276","candidates":[]}],[{"start":0,"end":6,"url":null,"entity_id":"Q34","candidates":[]}],[{"start":0,"end":8,"url":null,"entity_id":"Q1026676","candidates":[]}]],[[{"start":0,"end":20,"url":null,"entity_id":"Q10383752","candidates":[]}],[{"start":0,"end":8,"url":null,"entity_id":"Q45","candidates":[]}],[{"start":0,"end":9,"url":null,"entity_id":"Q1022597","candidates":[]}]],[[{"start":0,"end":18,"url":null,"entity_id":"Q9635761","candidates":[]}],[{"start":0,"end":8,"url":null,"entity_id":"Q45","candidates":[]}],[{"start":0,"end":15,"url":null,"entity_id":"Q1019751","candidates":[]}]],[[{"start":0,"end":29,"url":null,"entity_id":"Q10434994","candidates":[]}],[{"start":0,"end":6,"url":null,"entity_id":"Q34","candidates":[]}],[{"start":0,"end":23,"url":null,"entity_id":"Q725108","candidates":[]}]],[[{"start":0,"end":33,"url":null,"entity_id":"Q10347015","candidates":[]}],[{"start":0,"end":8,"url":null,"entity_id":"Q45","candidates":[]}],[{"start":0,"end":20,"url":null,"entity_id":"Q168301","candidates":[]}]],[[{"start":0,"end":20,"url":null,"entity_id":"Q10383757","candidates":[]}],[{"start":0,"end":8,"url":null,"entity_id":"Q45","candidates":[]}],[{"start":0,"end":20,"url":null,"entity_id":"Q154252","candidates":[]}]],[[{"start":0,"end":14,"url":null,"entity_id":"Q12885865","candidates":[]}],[{"start":0,"end":6,"url":null,"entity_id":"Q41","candidates":[]}],[{"start":0,"end":19,"url":null,"entity_id":"Q131013","candidates":[]}]],[[{"start":0,"end":20,"url":null,"entity_id":"Q16764253","candidates":[]}],[{"start":0,"end":10,"url":null,"entity_id":"Q32","candidates":[]}],[{"start":0,"end":6,"url":null,"entity_id":"Q23903049","candidates":[]}]],[[{"start":0,"end":14,"url":null,"entity_id":"Q16764125","candidates":[]}],[{"start":0,"end":10,"url":null,"entity_id":"Q32","candidates":[]}],[{"start":0,"end":17,"url":null,"entity_id":"Q16764552","candidates":[]}]],[[{"start":0,"end":13,"url":null,"entity_id":"Q17310608","candidates":[]}],[{"start":0,"end":14,"url":null,"entity_id":"Q145","candidates":[]}],[{"start":0,"end":9,"url":null,"entity_id":"Q864668","candidates":[]}]],[[{"start":0,"end":13,"url":null,"entity_id":"Q17547150","candidates":[]}],[{"start":0,"end":14,"url":null,"entity_id":"Q145","candidates":[]}],[{"start":0,"end":7,"url":null,"entity_id":"Q16614682","candidates":[]}]],[[{"start":0,"end":18,"url":null,"entity_id":"Q9088922","candidates":[]}],[{"start":0,"end":8,"url":null,"entity_id":"Q45","candidates":[]}],[{"start":0,"end":8,"url":null,"entity_id":"Q42208296","candidates":[]}]],[[{"start":0,"end":24,"url":null,"entity_id":"Q7826968","candidates":[]}],[{"start":0,"end":8,"url":null,"entity_id":"Q45","candidates":[]}],[{"start":0,"end":11,"url":null,"entity_id":"Q37175890","candidates":[]}]],[[{"start":0,"end":20,"url":null,"entity_id":"Q7568553","candidates":[]}],[{"start":0,"end":14,"url":null,"entity_id":"Q145","candidates":[]}],[{"start":0,"end":14,"url":null,"entity_id":"Q7568551","candidates":[]}]],[[{"start":0,"end":23,"url":null,"entity_id":"Q7829614","candidates":[]}],[{"start":0,"end":5,"url":null,"entity_id":"Q29","candidates":[]}],[{"start":0,"end":7,"url":null,"entity_id":"Q2743536","candidates":[]}]],[[{"start":0,"end":18,"url":null,"entity_id":"Q7826991","candidates":[]}],[{"start":0,"end":8,"url":null,"entity_id":"Q45","candidates":[]}],[{"start":0,"end":10,"url":null,"entity_id":"Q1907472","candidates":[]}]],[[{"start":0,"end":137,"url":null,"entity_id":"Q26428852","candidates":[]}],[{"start":0,"end":14,"url":null,"entity_id":"Q145","candidates":[]}],[{"start":0,"end":9,"url":null,"entity_id":"Q216638","candidates":[]}]],[[{"start":0,"end":29,"url":null,"entity_id":"Q18342194","candidates":[]}],[{"start":0,"end":6,"url":null,"entity_id":"Q142","candidates":[]}],[{"start":0,"end":10,"url":null,"entity_id":"Q3208393","candidates":[]}]]]}