{"version":"1.2","table":{"version":"2","table_id":"KKXBUFUT","columns":[{"index":0,"name":"col0","values":["Moskovsky Prospekt","Nevsky Prospect","Mira Avenue","Leningradsky Avenue","Leninsky Avenue, Moscow","Kutuzovsky Prospekt","Olympic Avenue","Akademika Palladina Avenue, Kiev","Proletarsky Prospect (Moscow)","Vernadskogo Avenue","Stepana Bandery Avenue","Henerala Vatutina Avenue, Kiev","Vidradny prospekt","Aivazovsky Avenue","Lenin Avenue (Kronstadt)","Dmytro Yavornytsky Avenue","Prospekt Petra Hryhorenka (Kharkiv)","Prospekt Nauky","Olimpiyskiy Prospekt","Novomytishchinskiy Prospekt"]},{"index":1,"name":"col1","values":["Saint Petersburg","Saint Petersburg","Moscow","Moscow","Moscow","Moscow","Meshchansky District","Sviatoshyn raion","Moskvorechye-Saburovo District","Gagarinsky District","Podil Raion","Dnipro Raion","Solomianka Raion","Feodosiya","Kronstadt","Dnipro","Kharkiv","Kharkiv","Mytishchi","Mytishchi"]},{"index":2,"name":"col2","values":["10","4.5","8.9","5.6","16","8.3","2.2","4.8","2.2","8","4500","3.6","3200","1850","1360","5","2.4","4","3.6","3.5"]}]},"context":{"page_title":null,"page_url":null,"page_entity_id":null,"content_hierarchy":[]},"links":[[[{"start":0,"end":15,"url":null,"entity_id":"Q382500","candidates":[]}],[{"start":0,"end":16,"url":null,"entity_id":"Q656","candidates":[]}],[]],[[{"start":0,"end":11,"url":null,"entity_id":"Q3271391","candidates":[]}],[{"start":0,"end":6,"url":null,"entity_id":"Q649","candidates":[]}],[]],[[{"start":0,"end":19,"url":null,"entity_id":"Q2995182","candidates":[]}],[{"start":0,"end":6,"url":null,"entity_id":"Q649","candidates":[]}],[]],[[{"start":0,"end":23,"url":null,"entity_id":"Q2622445","candidates":[]}],[{"start":0,"end":6,"url":null,"entity_id":"Q649","candidates":[]}],[]],[[{"start":0,"end":19,"url":null,"entity_id":"Q281935","candidates":[]}],[{"start":0,"end":6,"url":null,"entity_id":"Q649","candidates":[]}],[]],[[{"start":0,"end":14,"url":null,"entity_id":"Q4333885","candidates":[]}],[{"start":0,"end":20,"url":null,"entity_id":"Q2626320","candidates":[]}],[]],[[{"start":0,"end":32,"url":null,"entity_id":"Q4381057","candidates":[]}],[{"start":0,"end":16,"url":null,"entity_id":"Q2381039","candidates":[]}],[]],[[{"start":0,"end":29,"url":null,"entity_id":"Q4380521","candidates":[]}],[{"start":0,"end":30,"url":null,"entity_id":"Q1963190","candidates":[]}],[]],[[{"start":0,"end":18,"url":null,"entity_id":"Q4381087","candidates":[]}],[{"start":0,"end":19,"url":null,"entity_id":"Q1962788","candidates":[]}],[]],[[{"start":0,"end":22,"url":null,"entity_id":"Q4304254","candidates":[]}],[{"start":0,"end":11,"url":null,"entity_id":"Q892548","candidates":[]}],[]],[[{"start":0,"end":30,"url":null,"entity_id":"Q4381117","candidates":[]}],[{"start":0,"end":12,"url":null,"entity_id":"Q606937","candidates":[]}],[]],[[{"start":0,"end":17,"url":null,"entity_id":"Q4339995","candidates":[]}],[{"start":0,"end":16,"url":null,"entity_id":"Q528868","candidates":[]}],[]],[[{"start":0,"end":17,"url":null,"entity_id":"Q4381053","candidates":[]}],[{"start":0,"end":9,"url":null,"entity_id":"Q158491","candidates":[]}],[]],[[{"start":0,"end":24,"url":null,"entity_id":"Q4381206","candidates":[]}],[{"start":0,"end":9,"url":null,"entity_id":"Q155863","candidates":[]}],[]],[[{"start":0,"end":25,"url":null,"entity_id":"Q4381158","candidates":[]}],[{"start":0,"end":6,"url":null,"entity_id":"Q48256","candidates":[]}],[]],[[{"start":0,"end":35,"url":null,"entity_id":"Q4381249","candidates":[]}],[{"start":0,"end":7,"url":null,"entity_id":"Q42308","candidates":[]}],[]],[[{"start":0,"end":14,"url":null,"entity_id":"Q4381229","candidates":[]}],[{"start":0,"end":7,"url":null,"entity_id":"Q42308","candidates":[]}],[]],[[{"start":0,"end":20,"url":null,"entity_id":"Q4333884","candidates":[]}],[{"start":0,"end":9,"url":null,"entity_id":"Q23185","candidates":[]}],[]],[[{"start":0,"end":27,"url":null,"entity_id":"Q4324609","candidates":[]}],[{"start":0,"end":9,"url":null,"entity_id":"Q23185","candidates":[]}],[]],[[{"start":0,"end":18,"url":null,"entity_id":"Q2632681","candidates":[]}],[{"start":0,"end":16,"url":null,"entity_id":"Q656","candidates":[]}],[]]]}