{"version":"1.2","table":{"version":"2","table_id":"KKXXQIP0","columns":[{"index":0,"name":"col0","values":["Bcnhoekbrug","ponte ella Costituzione","Bridge of te Gods","Boston University Brldge","renas Bridge","Charles Siver Bridge","Blue Wauer Bridge","Ludendorff#Bridge","Auguhtbrücke","Florenceville Bride","Félix-Gbriel-Marchand Bridge","Corapolis Bridge","Capqn Lake Whipple Truss Bridge","Genoa River#Bridge","Viadukt Chemniz","Pålsundsron","Arnold Drive Buidge","IkitsukiBridge","Murray River road and railway bridge, Tocuowal","Sont Landry","Forgaq Bridge","Marti Bridge","Grafton Brkdge","Dfnison Bridge","Haizhu Bridie"]},{"index":1,"name":"col1","values":["Netherlands","Italy","United States of America","United States of America","United States of America","United States of America","Canada","Germany","Switzerland","Canada","Canada","United States of America","United States of America","Australia","Germany","Sweden","United States of America","Japan","Australia","Canada","Australia","Australia","Australia","Australia","People's Republic of China"]},{"index":2,"name":"col2","values":["steel","steel","steel","steel","steel","steel","steel","iron","wood","wood","wood","1892 Sixth Street Bridge","wrought iron","concrete","steel","steel","steel","steel","iron","wood","concrete","steel","steel","steel","steel"]}]},"context":{"page_title":null,"page_url":null,"page_entity_id":null,"content_hierarchy":[]},"links":[[[{"start":0,"end":23,"url":null,"entity_id":"Q52501","candidates":[]}],[{"start":0,"end":5,"url":null,"entity_id":"Q38","candidates":[]}],[{"start":0,"end":5,"url":null,"entity_id":"Q11427","candidates":[]}]],[[{"start":0,"end":17,"url":null,"entity_id":"Q913665","candidates":[]}],[{"start":0,"end":24,"url":null,"entity_id":"Q30","candidates":[]}],[{"start":0,"end":5,"url":null,"entity_id":"Q11427","candidates":[]}]],[[{"start":0,"end":24,"url":null,"entity_id":"Q894601","candidates":[]}],[{"start":0,"end":24,"url":null,"entity_id":"Q30","candidates":[]}],[{"start":0,"end":5,"url":null,"entity_id":"Q11427","candidates":[]}]],[[{"start":0,"end":12,"url":null,"entity_id":"Q641619","candidates":[]}],[{"start":0,"end":24,"url":null,"entity_id":"Q30","candidates":[]}],[{"start":0,"end":5,"url":null,"entity_id":"Q11427","candidates":[]}]],[[{"start":0,"end":20,"url":null,"entity_id":"Q267924","candidates":[]}],[{"start":0,"end":24,"url":null,"entity_id":"Q30","candidates":[]}],[{"start":0,"end":5,"url":null,"entity_id":"Q11427","candidates":[]}]],[[{"start":0,"end":17,"url":null,"entity_id":"Q885931","candidates":[]}],[{"start":0,"end":6,"url":null,"entity_id":"Q16","candidates":[]}],[{"start":0,"end":5,"url":null,"entity_id":"Q11427","candidates":[]}]],[[{"start":0,"end":17,"url":null,"entity_id":"Q677754","candidates":[]}],[{"start":0,"end":7,"url":null,"entity_id":"Q183","candidates":[]}],[{"start":0,"end":4,"url":null,"entity_id":"Q677","candidates":[]}]],[[{"start":0,"end":12,"url":null,"entity_id":"Q685714","candidates":[]}],[{"start":0,"end":11,"url":null,"entity_id":"Q39","candidates":[]}],[{"start":0,"end":4,"url":null,"entity_id":"Q287","candidates":[]}]],[[{"start":0,"end":19,"url":null,"entity_id":"Q422043","candidates":[]}],[{"start":0,"end":6,"url":null,"entity_id":"Q16","candidates":[]}],[{"start":0,"end":4,"url":null,"entity_id":"Q287","candidates":[]}]],[[{"start":0,"end":28,"url":null,"entity_id":"Q99284","candidates":[]}],[{"start":0,"end":6,"url":null,"entity_id":"Q16","candidates":[]}],[{"start":0,"end":4,"url":null,"entity_id":"Q287","candidates":[]}]],[[{"start":0,"end":16,"url":null,"entity_id":"Q60324845","candidates":[]}],[{"start":0,"end":24,"url":null,"entity_id":"Q30","candidates":[]}],[{"start":0,"end":24,"url":null,"entity_id":"Q41791799","candidates":[]}]],[[{"start":0,"end":31,"url":null,"entity_id":"Q16900373","candidates":[]}],[{"start":0,"end":24,"url":null,"entity_id":"Q30","candidates":[]}],[{"start":0,"end":12,"url":null,"entity_id":"Q860451","candidates":[]}]],[[{"start":0,"end":18,"url":null,"entity_id":"Q66767108","candidates":[]}],[{"start":0,"end":9,"url":null,"entity_id":"Q408","candidates":[]}],[{"start":0,"end":8,"url":null,"entity_id":"Q22657","candidates":[]}]],[[{"start":0,"end":15,"url":null,"entity_id":"Q15054534","candidates":[]}],[{"start":0,"end":7,"url":null,"entity_id":"Q183","candidates":[]}],[{"start":0,"end":5,"url":null,"entity_id":"Q11427","candidates":[]}]],[[{"start":0,"end":11,"url":null,"entity_id":"Q10647908","candidates":[]}],[{"start":0,"end":6,"url":null,"entity_id":"Q34","candidates":[]}],[{"start":0,"end":5,"url":null,"entity_id":"Q11427","candidates":[]}]],[[{"start":0,"end":19,"url":null,"entity_id":"Q55604224","candidates":[]}],[{"start":0,"end":24,"url":null,"entity_id":"Q30","candidates":[]}],[{"start":0,"end":5,"url":null,"entity_id":"Q11427","candidates":[]}]],[[{"start":0,"end":14,"url":null,"entity_id":"Q11574564","candidates":[]}],[{"start":0,"end":5,"url":null,"entity_id":"Q17","candidates":[]}],[{"start":0,"end":5,"url":null,"entity_id":"Q11427","candidates":[]}]],[[{"start":0,"end":46,"url":null,"entity_id":"Q55624197","candidates":[]}],[{"start":0,"end":9,"url":null,"entity_id":"Q408","candidates":[]}],[{"start":0,"end":4,"url":null,"entity_id":"Q677","candidates":[]}]],[[{"start":0,"end":11,"url":null,"entity_id":"Q17000485","candidates":[]}],[{"start":0,"end":6,"url":null,"entity_id":"Q16","candidates":[]}],[{"start":0,"end":4,"url":null,"entity_id":"Q287","candidates":[]}]],[[{"start":0,"end":13,"url":null,"entity_id":"Q5469570","candidates":[]}],[{"start":0,"end":9,"url":null,"entity_id":"Q408","candidates":[]}],[{"start":0,"end":8,"url":null,"entity_id":"Q22657","candidates":[]}]],[[{"start":0,"end":12,"url":null,"entity_id":"Q6775056","candidates":[]}],[{"start":0,"end":9,"url":null,"entity_id":"Q408","candidates":[]}],[{"start":0,"end":5,"url":null,"entity_id":"Q11427","candidates":[]}]],[[{"start":0,"end":14,"url":null,"entity_id":"Q5592521","candidates":[]}],[{"start":0,"end":9,"url":null,"entity_id":"Q408","candidates":[]}],[{"start":0,"end":5,"url":null,"entity_id":"Q11427","candidates":[]}]],[[{"start":0,"end":14,"url":null,"entity_id":"Q5257807","candidates":[]}],[{"start":0,"end":9,"url":null,"entity_id":"Q408","candidates":[]}],[{"start":0,"end":5,"url":null,"entity_id":"Q11427","candidates":[]}]],[[{"start":0,"end":13,"url":null,"entity_id":"Q5639803","candidates":[]}],[{"start":0,"end":26,"url":null,"entity_id":"Q148","candidates":[]}],[{"start":0,"end":5,"url":null,"entity_id":"Q11427","candidates":[]}]],[[{"start":0,"end":11,"url":null,"entity_id":"Q797478","candidates":[]}],[{"start":0,"end":11,"url":null,"entity_id":"Q55","candidates":[]}],[{"start":0,"end":5,"url":null,"entity_id":"Q11427","candidates":[]}]]]}