{"version":"1.2","table":{"version":"2","table_id":"KLPJ3R7I","columns":[{"index":0,"name":"col0","values":["Lockheed Martin MC-130J Commando II","Cessna Model A","C-130J Super Hercules","A-50","An-124 Ruslan","An-225 Mriya","Su-35BM","AT-10 Wichita","Type F","Mü 22","Caproni Ca.164","Nieuport 27 C.1","T.4 Falcon III","T 19","TL-3000 Sirius","Mü 17 Merle","A 211","RV-9","RV-10","Bl.500"]},{"index":1,"name":"col1","values":["high wing","high wing","high wing","high wing","high wing","high wing","mid wing","mid wing","mid wing","mid wing","sesquiplane","sesquiplane","parasol wing","parasol wing","shoulder wing","shoulder wing","low wing","low wing","low wing","low wing"]},{"index":2,"name":"col2","values":["2011-04-22","1927-01-01","1996-04-05","1978-12-19","1982-12-26","1988-12-21","2008-02-19","1941-01-01","1912-05-01","1964-03-13","1938-11-17","1917-01-01","1935-01-01","1922-07-14","2008-05-21","1938-01-01","2000-01-01","1997-12-01","2003-05-29","1957-03-16"]}]},"context":{"page_title":null,"page_url":null,"page_entity_id":null,"content_hierarchy":[]},"links":[[[{"start":0,"end":35,"url":null,"entity_id":"Q15477261","candidates":[]}],[{"start":0,"end":9,"url":null,"entity_id":"Q18683008","candidates":[]}],[]],[[{"start":0,"end":14,"url":null,"entity_id":"Q3665640","candidates":[]}],[{"start":0,"end":9,"url":null,"entity_id":"Q18683008","candidates":[]}],[]],[[{"start":0,"end":21,"url":null,"entity_id":"Q1187536","candidates":[]}],[{"start":0,"end":9,"url":null,"entity_id":"Q18683008","candidates":[]}],[]],[[{"start":0,"end":4,"url":null,"entity_id":"Q499185","candidates":[]}],[{"start":0,"end":9,"url":null,"entity_id":"Q18683008","candidates":[]}],[]],[[{"start":0,"end":13,"url":null,"entity_id":"Q193487","candidates":[]}],[{"start":0,"end":9,"url":null,"entity_id":"Q18683008","candidates":[]}],[]],[[{"start":0,"end":12,"url":null,"entity_id":"Q178351","candidates":[]}],[{"start":0,"end":9,"url":null,"entity_id":"Q18683008","candidates":[]}],[]],[[{"start":0,"end":7,"url":null,"entity_id":"Q13440024","candidates":[]}],[{"start":0,"end":8,"url":null,"entity_id":"Q18683007","candidates":[]}],[]],[[{"start":0,"end":13,"url":null,"entity_id":"Q2893630","candidates":[]}],[{"start":0,"end":8,"url":null,"entity_id":"Q18683007","candidates":[]}],[]],[[{"start":0,"end":6,"url":null,"entity_id":"Q450225","candidates":[]}],[{"start":0,"end":8,"url":null,"entity_id":"Q18683007","candidates":[]}],[]],[[{"start":0,"end":5,"url":null,"entity_id":"Q415146","candidates":[]}],[{"start":0,"end":8,"url":null,"entity_id":"Q18683007","candidates":[]}],[]],[[{"start":0,"end":14,"url":null,"entity_id":"Q747120","candidates":[]}],[{"start":0,"end":11,"url":null,"entity_id":"Q15104989","candidates":[]}],[]],[[{"start":0,"end":15,"url":null,"entity_id":"Q595894","candidates":[]}],[{"start":0,"end":11,"url":null,"entity_id":"Q15104989","candidates":[]}],[]],[[{"start":0,"end":14,"url":null,"entity_id":"Q686104","candidates":[]}],[{"start":0,"end":12,"url":null,"entity_id":"Q2827943","candidates":[]}],[]],[[{"start":0,"end":4,"url":null,"entity_id":"Q186409","candidates":[]}],[{"start":0,"end":12,"url":null,"entity_id":"Q2827943","candidates":[]}],[]],[[{"start":0,"end":14,"url":null,"entity_id":"Q7670623","candidates":[]}],[{"start":0,"end":13,"url":null,"entity_id":"Q2251569","candidates":[]}],[]],[[{"start":0,"end":11,"url":null,"entity_id":"Q415138","candidates":[]}],[{"start":0,"end":13,"url":null,"entity_id":"Q2251569","candidates":[]}],[]],[[{"start":0,"end":5,"url":null,"entity_id":"Q14906311","candidates":[]}],[{"start":0,"end":8,"url":null,"entity_id":"Q1362956","candidates":[]}],[]],[[{"start":0,"end":4,"url":null,"entity_id":"Q7913073","candidates":[]}],[{"start":0,"end":8,"url":null,"entity_id":"Q1362956","candidates":[]}],[]],[[{"start":0,"end":5,"url":null,"entity_id":"Q7913067","candidates":[]}],[{"start":0,"end":8,"url":null,"entity_id":"Q1362956","candidates":[]}],[]],[[{"start":0,"end":6,"url":null,"entity_id":"Q4930727","candidates":[]}],[{"start":0,"end":8,"url":null,"entity_id":"Q1362956","candidates":[]}],[]]]}