{"version":"1.2","table":{"version":"2","table_id":"KLRPG606","columns":[{"index":0,"name":"col0","values":["Median antebrachial vein","median cubital vein","Deep circumflex iliac vein","femoral vein","common iliac vein","external iliac vein","hepatic vein","internal iliac vein","Inferior phrenic vein","renal vein","azygos vein","brachiocephalic vein","facial vein","axillary vein","Deep cervical vein","internal thoracic vein","subclavian vein","cephalic vein","Basilic vein","Brachial veins"]},{"index":1,"name":"col1","values":["Gray's Anatomy (20th edition)","Gray's Anatomy (20th edition)","Gray's Anatomy (20th edition)","Gray's Anatomy (20th edition)","Gray's Anatomy (20th edition)","Gray's Anatomy (20th edition)","Gray's Anatomy (20th edition)","Gray's Anatomy (20th edition)","Gray's Anatomy (20th edition)","Gray's Anatomy (20th edition)","New Encyclopedic Dictionary","Ottův slovník naučný","Gray's Anatomy (20th edition)","Gray's Anatomy (20th edition)","Gray's Anatomy (20th edition)","Gray's Anatomy (20th edition)","Gray's Anatomy (20th edition)","Gray's Anatomy (20th edition)","Gray's Anatomy (20th edition)","Gray's Anatomy (20th edition)"]},{"index":2,"name":"col2","values":["tributary of basilic vein","tributary of basilic vein","subdivision of external iliac vein","subdivision of external iliac vein","subdivision of inferior vena caval tree","subdivision of inferior vena caval tree","subdivision of inferior vena caval tree","subdivision of inferior vena caval tree","subdivision of inferior vena caval tree","subdivision of inferior vena caval tree","subdivision of superior vena caval tree","subdivision of superior vena caval tree","subdivision of internal jugular vein","subdivision of subclavian vein","subdivision of brachiocephalic vein","subdivision of brachiocephalic vein","subdivision of brachiocephalic vein","tributary of axillary vein","tributary of axillary vein","tributary of axillary vein"]}]},"context":{"page_title":null,"page_url":null,"page_entity_id":null,"content_hierarchy":[]},"links":[[[{"start":0,"end":24,"url":null,"entity_id":"Q3324292","candidates":[]}],[{"start":0,"end":29,"url":null,"entity_id":"Q19558994","candidates":[]}],[{"start":0,"end":25,"url":null,"entity_id":"Q66576009","candidates":[]}]],[[{"start":0,"end":19,"url":null,"entity_id":"Q3320949","candidates":[]}],[{"start":0,"end":29,"url":null,"entity_id":"Q19558994","candidates":[]}],[{"start":0,"end":25,"url":null,"entity_id":"Q66576009","candidates":[]}]],[[{"start":0,"end":26,"url":null,"entity_id":"Q4116864","candidates":[]}],[{"start":0,"end":29,"url":null,"entity_id":"Q19558994","candidates":[]}],[{"start":0,"end":34,"url":null,"entity_id":"Q66576004","candidates":[]}]],[[{"start":0,"end":12,"url":null,"entity_id":"Q368521","candidates":[]}],[{"start":0,"end":29,"url":null,"entity_id":"Q19558994","candidates":[]}],[{"start":0,"end":34,"url":null,"entity_id":"Q66576004","candidates":[]}]],[[{"start":0,"end":17,"url":null,"entity_id":"Q3143036","candidates":[]}],[{"start":0,"end":29,"url":null,"entity_id":"Q19558994","candidates":[]}],[{"start":0,"end":39,"url":null,"entity_id":"Q66575773","candidates":[]}]],[[{"start":0,"end":19,"url":null,"entity_id":"Q3090687","candidates":[]}],[{"start":0,"end":29,"url":null,"entity_id":"Q19558994","candidates":[]}],[{"start":0,"end":39,"url":null,"entity_id":"Q66575773","candidates":[]}]],[[{"start":0,"end":12,"url":null,"entity_id":"Q1578686","candidates":[]}],[{"start":0,"end":29,"url":null,"entity_id":"Q19558994","candidates":[]}],[{"start":0,"end":39,"url":null,"entity_id":"Q66575773","candidates":[]}]],[[{"start":0,"end":19,"url":null,"entity_id":"Q1165743","candidates":[]}],[{"start":0,"end":29,"url":null,"entity_id":"Q19558994","candidates":[]}],[{"start":0,"end":39,"url":null,"entity_id":"Q66575773","candidates":[]}]],[[{"start":0,"end":21,"url":null,"entity_id":"Q605523","candidates":[]}],[{"start":0,"end":29,"url":null,"entity_id":"Q19558994","candidates":[]}],[{"start":0,"end":39,"url":null,"entity_id":"Q66575773","candidates":[]}]],[[{"start":0,"end":10,"url":null,"entity_id":"Q132318","candidates":[]}],[{"start":0,"end":29,"url":null,"entity_id":"Q19558994","candidates":[]}],[{"start":0,"end":39,"url":null,"entity_id":"Q66575773","candidates":[]}]],[[{"start":0,"end":11,"url":null,"entity_id":"Q591137","candidates":[]}],[{"start":0,"end":27,"url":null,"entity_id":"Q19190511","candidates":[]}],[{"start":0,"end":39,"url":null,"entity_id":"Q66575771","candidates":[]}]],[[{"start":0,"end":20,"url":null,"entity_id":"Q2341350","candidates":[]}],[{"start":0,"end":20,"url":null,"entity_id":"Q2041543","candidates":[]}],[{"start":0,"end":39,"url":null,"entity_id":"Q66575771","candidates":[]}]],[[{"start":0,"end":11,"url":null,"entity_id":"Q3555260","candidates":[]}],[{"start":0,"end":29,"url":null,"entity_id":"Q19558994","candidates":[]}],[{"start":0,"end":36,"url":null,"entity_id":"Q66575644","candidates":[]}]],[[{"start":0,"end":13,"url":null,"entity_id":"Q682122","candidates":[]}],[{"start":0,"end":29,"url":null,"entity_id":"Q19558994","candidates":[]}],[{"start":0,"end":30,"url":null,"entity_id":"Q66575536","candidates":[]}]],[[{"start":0,"end":18,"url":null,"entity_id":"Q4115298","candidates":[]}],[{"start":0,"end":29,"url":null,"entity_id":"Q19558994","candidates":[]}],[{"start":0,"end":35,"url":null,"entity_id":"Q66575534","candidates":[]}]],[[{"start":0,"end":22,"url":null,"entity_id":"Q3509884","candidates":[]}],[{"start":0,"end":29,"url":null,"entity_id":"Q19558994","candidates":[]}],[{"start":0,"end":35,"url":null,"entity_id":"Q66575534","candidates":[]}]],[[{"start":0,"end":15,"url":null,"entity_id":"Q493430","candidates":[]}],[{"start":0,"end":29,"url":null,"entity_id":"Q19558994","candidates":[]}],[{"start":0,"end":35,"url":null,"entity_id":"Q66575534","candidates":[]}]],[[{"start":0,"end":13,"url":null,"entity_id":"Q1670335","candidates":[]}],[{"start":0,"end":29,"url":null,"entity_id":"Q19558994","candidates":[]}],[{"start":0,"end":26,"url":null,"entity_id":"Q66569039","candidates":[]}]],[[{"start":0,"end":12,"url":null,"entity_id":"Q1601362","candidates":[]}],[{"start":0,"end":29,"url":null,"entity_id":"Q19558994","candidates":[]}],[{"start":0,"end":26,"url":null,"entity_id":"Q66569039","candidates":[]}]],[[{"start":0,"end":14,"url":null,"entity_id":"Q939933","candidates":[]}],[{"start":0,"end":29,"url":null,"entity_id":"Q19558994","candidates":[]}],[{"start":0,"end":26,"url":null,"entity_id":"Q66569039","candidates":[]}]]]}