{"version":"1.2","table":{"version":"2","table_id":"KN10L4XW","columns":[{"index":0,"name":"col0","values":["2004 Indian general election in Ramtek Lok Sabha constituency","2004 Indian general election in Nandurbar Lok Sabha constituency","1999 Indian general election in Parvathipuram Lok Sabha constituency","2009 Indian general election in Bijapur Lok Sabha constituency","2009 Indian general election in Palamau Lok Sabha constituency","2009 Indian general election in Rajmahal Lok Sabha constituency","2004 Indian general election in Raigarh Lok Sabha constituency","2009 Indian general election in Banaskantha Lok Sabha constituency","2009 Indian general election in Rajkot Lok Sabha constituency","2004 Indian general election in Pollachi Lok Sabha constituency","2009 Indian general election in Hathras Lok Sabha constituency","2009 Indian general election in Agra Lok Sabha constituency","2009 Indian general election in Etawah Lok Sabha constituency","2009 Indian general election in Salempur Lok Sabha constituency","2009 Indian general election in Bansgaon Lok Sabha constituency","2009 Indian general election in Akbarpur Lok Sabha constituency","2009 Indian general election in Amethi Lok Sabha constituency","2009 Indian general election in Pratapgarh Lok Sabha constituency","1999 Indian general election in Ramanathapuram Lok Sabha constituency","1999 Indian general election in Gobichettipalayam Lok Sabha constituency"]},{"index":1,"name":"col1","values":["1999 Indian general election in Ramtek Lok Sabha constituency","1999 Indian general election in Nandurbar Lok Sabha constituency","1998 Indian general election in Parvathipuram Lok Sabha constituency","2004 Indian general election in Bijapur Lok Sabha constituency","2004 Indian general election in Palamau Lok Sabha constituency","2004 Indian general election in Rajmahal Lok Sabha constituency","1999 Indian general election in Raigarh Lok Sabha constituency","2004 Indian general election in Banaskantha Lok Sabha constituency","2004 Indian general election in Rajkot Lok Sabha constituency","1999 Indian general election in Pollachi Lok Sabha constituency","2004 Indian general election in Hathras Lok Sabha constituency","2004 Indian general election in Agra Lok Sabha constituency","2004 Indian general election in Etawah Lok Sabha constituency","2004 Indian general election in Salempur Lok Sabha constituency","2004 Indian general election in Bansgaon Lok Sabha constituency","2004 Indian general election in Akbarpur Lok Sabha constituency","2004 Indian general election in Amethi Lok Sabha constituency","2004 Indian general election in Pratapgarh Lok Sabha constituency","1998 Indian general election in Ramanathapuram Lok Sabha constituency","1998 Indian general election in Gobichettipalayam Lok Sabha constituency"]},{"index":2,"name":"col2","values":["647486","639974","637051","649671","651582","644877","648468","646256","649606","643073","648468","647123","638131","636703","649971","637493","646650","641015","641057","642800"]},{"index":3,"name":"col3","values":["2004 Indian general election in Maharashtra","2004 Indian general election in Maharashtra","1999 Indian general election in Andhra Pradesh","2009 Indian general election in Karnataka","2009 Indian general election in Jharkhand","2009 Indian general election in Jharkhand","2004 Indian general election in Chhattisgarh","2009 Indian general election in Gujarat","2009 Indian general election in Gujarat","2004 Indian general election in Tamil Nadu","2009 Indian general election in Uttar Pradesh","2009 Indian general election in Uttar Pradesh","2009 Indian general election in Uttar Pradesh","2009 Indian general election in Uttar Pradesh","2009 Indian general election in Uttar Pradesh","2009 Indian general election in Uttar Pradesh","2009 Indian general election in Uttar Pradesh","2009 Indian general election in Uttar Pradesh","1999 Indian general election in Tamil Nadu","1999 Indian general election in Tamil Nadu"]}]},"context":{"page_title":null,"page_url":null,"page_entity_id":null,"content_hierarchy":[]},"links":[[[{"start":0,"end":61,"url":null,"entity_id":"Q64273747","candidates":[]}],[{"start":0,"end":61,"url":null,"entity_id":"Q64347567","candidates":[]}],[],[{"start":0,"end":43,"url":null,"entity_id":"Q39071849","candidates":[]}]],[[{"start":0,"end":64,"url":null,"entity_id":"Q64273717","candidates":[]}],[{"start":0,"end":64,"url":null,"entity_id":"Q64347545","candidates":[]}],[],[{"start":0,"end":43,"url":null,"entity_id":"Q39071849","candidates":[]}]],[[{"start":0,"end":68,"url":null,"entity_id":"Q64347194","candidates":[]}],[{"start":0,"end":68,"url":null,"entity_id":"Q64362107","candidates":[]}],[],[{"start":0,"end":46,"url":null,"entity_id":"Q17056099","candidates":[]}]],[[{"start":0,"end":62,"url":null,"entity_id":"Q64227961","candidates":[]}],[{"start":0,"end":62,"url":null,"entity_id":"Q64273431","candidates":[]}],[],[{"start":0,"end":41,"url":null,"entity_id":"Q16848200","candidates":[]}]],[[{"start":0,"end":62,"url":null,"entity_id":"Q64229084","candidates":[]}],[{"start":0,"end":62,"url":null,"entity_id":"Q64275092","candidates":[]}],[],[{"start":0,"end":41,"url":null,"entity_id":"Q16848195","candidates":[]}]],[[{"start":0,"end":63,"url":null,"entity_id":"Q64229061","candidates":[]}],[{"start":0,"end":63,"url":null,"entity_id":"Q64275033","candidates":[]}],[],[{"start":0,"end":41,"url":null,"entity_id":"Q16848195","candidates":[]}]],[[{"start":0,"end":62,"url":null,"entity_id":"Q64274988","candidates":[]}],[{"start":0,"end":62,"url":null,"entity_id":"Q64347446","candidates":[]}],[],[{"start":0,"end":44,"url":null,"entity_id":"Q16848178","candidates":[]}]],[[{"start":0,"end":66,"url":null,"entity_id":"Q64227875","candidates":[]}],[{"start":0,"end":66,"url":null,"entity_id":"Q64273120","candidates":[]}],[],[{"start":0,"end":39,"url":null,"entity_id":"Q16839485","candidates":[]}]],[[{"start":0,"end":61,"url":null,"entity_id":"Q64227890","candidates":[]}],[{"start":0,"end":61,"url":null,"entity_id":"Q64273068","candidates":[]}],[],[{"start":0,"end":39,"url":null,"entity_id":"Q16839485","candidates":[]}]],[[{"start":0,"end":63,"url":null,"entity_id":"Q64274282","candidates":[]}],[{"start":0,"end":63,"url":null,"entity_id":"Q64347711","candidates":[]}],[],[{"start":0,"end":42,"url":null,"entity_id":"Q12983685","candidates":[]}]],[[{"start":0,"end":62,"url":null,"entity_id":"Q64228824","candidates":[]}],[{"start":0,"end":62,"url":null,"entity_id":"Q64274734","candidates":[]}],[],[{"start":0,"end":45,"url":null,"entity_id":"Q6022514","candidates":[]}]],[[{"start":0,"end":59,"url":null,"entity_id":"Q64228828","candidates":[]}],[{"start":0,"end":59,"url":null,"entity_id":"Q64274725","candidates":[]}],[],[{"start":0,"end":45,"url":null,"entity_id":"Q6022514","candidates":[]}]],[[{"start":0,"end":61,"url":null,"entity_id":"Q64228874","candidates":[]}],[{"start":0,"end":61,"url":null,"entity_id":"Q64274690","candidates":[]}],[],[{"start":0,"end":45,"url":null,"entity_id":"Q6022514","candidates":[]}]],[[{"start":0,"end":63,"url":null,"entity_id":"Q64228927","candidates":[]}],[{"start":0,"end":63,"url":null,"entity_id":"Q64274564","candidates":[]}],[],[{"start":0,"end":45,"url":null,"entity_id":"Q6022514","candidates":[]}]],[[{"start":0,"end":63,"url":null,"entity_id":"Q64228920","candidates":[]}],[{"start":0,"end":63,"url":null,"entity_id":"Q64274544","candidates":[]}],[],[{"start":0,"end":45,"url":null,"entity_id":"Q6022514","candidates":[]}]],[[{"start":0,"end":63,"url":null,"entity_id":"Q64228879","candidates":[]}],[{"start":0,"end":63,"url":null,"entity_id":"Q64274499","candidates":[]}],[],[{"start":0,"end":45,"url":null,"entity_id":"Q6022514","candidates":[]}]],[[{"start":0,"end":61,"url":null,"entity_id":"Q64228865","candidates":[]}],[{"start":0,"end":61,"url":null,"entity_id":"Q64274485","candidates":[]}],[],[{"start":0,"end":45,"url":null,"entity_id":"Q6022514","candidates":[]}]],[[{"start":0,"end":65,"url":null,"entity_id":"Q64228868","candidates":[]}],[{"start":0,"end":65,"url":null,"entity_id":"Q64274481","candidates":[]}],[],[{"start":0,"end":45,"url":null,"entity_id":"Q6022514","candidates":[]}]],[[{"start":0,"end":69,"url":null,"entity_id":"Q64347725","candidates":[]}],[{"start":0,"end":69,"url":null,"entity_id":"Q64362693","candidates":[]}],[],[{"start":0,"end":42,"url":null,"entity_id":"Q6022507","candidates":[]}]],[[{"start":0,"end":72,"url":null,"entity_id":"Q64347709","candidates":[]}],[{"start":0,"end":72,"url":null,"entity_id":"Q64362678","candidates":[]}],[],[{"start":0,"end":42,"url":null,"entity_id":"Q6022507","candidates":[]}]]]}