{"version":"1.2","table":{"version":"2","table_id":"KNB995CP","columns":[{"index":0,"name":"col0","values":["Phachi","Nong Phai","Chiang Kham","Bang Khla","Tha Uthen","Renu Nakhon","Phrom Buri","Muang Sam Sip","Ban Haet","Yaring","Tha Maka","Cha-uat","Ban Phaeo","Na Klang","Nong Bua","Suranari","Sao Thong Hin","Khun Thale","Wat Pradu","Mae Chan"]},{"index":1,"name":"col1","values":["Phachi","Nong Phai","Chiang Kham","Bang Khla","Tha Uthen","Renu Nakhon","Phrom Buri","Muang Sam Sip","Ban Haet","Yaring","Tha Maka","Cha-uat","Ban Phaeo","Na Klang","Mueang Udon Thani","Mueang Nakhon Ratchasima","Bang Yai","Mueang Surat Thani","Mueang Surat Thani","Mae Chan"]},{"index":2,"name":"col2","values":["1955-09-17","1964-11-03","1956-09-20","1938-03-14","1956-05-30","1964-04-21","1964-01-07","1956-09-20","1993-04-26","1956-09-20","1956-10-15","1956-09-20","1955-08-31","1966-05-31","1973-11-20","1996-03-20","1995-03-03","1974-05-22","1974-04-09","1956-05-30"]},{"index":3,"name":"col3","values":["5595","7813","7005","9311","4914","4939","3274","3332","6722","6352","8093","3961","3020","20609","32726","17747","36676","12885","15436","3733"]}]},"context":{"page_title":null,"page_url":null,"page_entity_id":null,"content_hierarchy":[]},"links":[[[{"start":0,"end":6,"url":null,"entity_id":"Q16390169","candidates":[]}],[{"start":0,"end":6,"url":null,"entity_id":"Q476359","candidates":[]}],[],[]],[[{"start":0,"end":9,"url":null,"entity_id":"Q20680206","candidates":[]}],[{"start":0,"end":9,"url":null,"entity_id":"Q476269","candidates":[]}],[],[]],[[{"start":0,"end":11,"url":null,"entity_id":"Q16262992","candidates":[]}],[{"start":0,"end":11,"url":null,"entity_id":"Q475382","candidates":[]}],[],[]],[[{"start":0,"end":9,"url":null,"entity_id":"Q15980674","candidates":[]}],[{"start":0,"end":9,"url":null,"entity_id":"Q475201","candidates":[]}],[],[]],[[{"start":0,"end":9,"url":null,"entity_id":"Q23009156","candidates":[]}],[{"start":0,"end":9,"url":null,"entity_id":"Q476861","candidates":[]}],[],[]],[[{"start":0,"end":11,"url":null,"entity_id":"Q22693745","candidates":[]}],[{"start":0,"end":11,"url":null,"entity_id":"Q476566","candidates":[]}],[],[]],[[{"start":0,"end":10,"url":null,"entity_id":"Q20876671","candidates":[]}],[{"start":0,"end":10,"url":null,"entity_id":"Q476463","candidates":[]}],[],[]],[[{"start":0,"end":13,"url":null,"entity_id":"Q23304273","candidates":[]}],[{"start":0,"end":13,"url":null,"entity_id":"Q475997","candidates":[]}],[],[]],[[{"start":0,"end":8,"url":null,"entity_id":"Q28654902","candidates":[]}],[{"start":0,"end":8,"url":null,"entity_id":"Q475101","candidates":[]}],[],[]],[[{"start":0,"end":6,"url":null,"entity_id":"Q12010953","candidates":[]}],[{"start":0,"end":6,"url":null,"entity_id":"Q477117","candidates":[]}],[],[]],[[{"start":0,"end":8,"url":null,"entity_id":"Q12005687","candidates":[]}],[{"start":0,"end":8,"url":null,"entity_id":"Q476837","candidates":[]}],[],[]],[[{"start":0,"end":7,"url":null,"entity_id":"Q13025196","candidates":[]}],[{"start":0,"end":7,"url":null,"entity_id":"Q475315","candidates":[]}],[],[]],[[{"start":0,"end":9,"url":null,"entity_id":"Q11960114","candidates":[]}],[{"start":0,"end":9,"url":null,"entity_id":"Q475152","candidates":[]}],[],[]],[[{"start":0,"end":8,"url":null,"entity_id":"Q11990772","candidates":[]}],[{"start":0,"end":8,"url":null,"entity_id":"Q284966","candidates":[]}],[],[]],[[{"start":0,"end":8,"url":null,"entity_id":"Q13025285","candidates":[]}],[{"start":0,"end":17,"url":null,"entity_id":"Q476110","candidates":[]}],[],[]],[[{"start":0,"end":8,"url":null,"entity_id":"Q13025281","candidates":[]}],[{"start":0,"end":24,"url":null,"entity_id":"Q476037","candidates":[]}],[],[]],[[{"start":0,"end":13,"url":null,"entity_id":"Q13025329","candidates":[]}],[{"start":0,"end":8,"url":null,"entity_id":"Q475263","candidates":[]}],[],[]],[[{"start":0,"end":10,"url":null,"entity_id":"Q15738328","candidates":[]}],[{"start":0,"end":18,"url":null,"entity_id":"Q476097","candidates":[]}],[],[]],[[{"start":0,"end":9,"url":null,"entity_id":"Q15738321","candidates":[]}],[{"start":0,"end":18,"url":null,"entity_id":"Q476097","candidates":[]}],[],[]],[[{"start":0,"end":8,"url":null,"entity_id":"Q15310472","candidates":[]}],[{"start":0,"end":8,"url":null,"entity_id":"Q475929","candidates":[]}],[],[]]]}