{"version":"1.2","table":{"version":"2","table_id":"KQ10E5P5","columns":[{"index":0,"name":"col0","values":["Chesterfeld County","Lexinton County","Dillpo County","Horry Couty","Darliogton County","GreenwoodCounty","Greenvill County","Willlamvburg County","Barnwell Cunty","Bambesg County","Hampton Cunty","Clarendon Couny","Allendale Conty","Chesuer County","Beaufort Cownty","Beskeley County","dgefield County","Lancaster Count{","Andeson County","Cdlhoun County"]},{"index":1,"name":"col1","values":["45781.227","275394.512","31197.771","287622.45","67323.585","70420.23","474740.26599999995","33033.933","21986.286","15584.3","20326.368","34045.805","9907.873","32903.78","170978.81","195184.12","26568.179999999997","81021.20599999999","191594.205","15145.33"]},{"index":2,"name":"col2","values":["0.8016000000000001","7.7844","0.39880000000000004","9.647999999999998","1.007","1.791","1.1952","0.303","1.584","0.606","0.495","12.896","1.008","0.9080999999999999","37.658","10.967","1.2059999999999997","1.1055","5.5440000000000005","2.9173999999999998"]},{"index":3,"name":"col3","values":["2074.478","1974.778","1058.2649999999999","3240.25","1457.724","1188.209","2056.941","927.63","1440.114","1032.192","1449.715","1800.198","1074.3449999999998","1527.108","2373.27","3181.0","1309.376","1435.124","1975.7339999999997","1023.1119999999999"]}]},"context":{"page_title":null,"page_url":null,"page_entity_id":null,"content_hierarchy":[]},"links":[[[{"start":0,"end":15,"url":null,"entity_id":"Q502411","candidates":[]}],[],[],[]],[[{"start":0,"end":13,"url":null,"entity_id":"Q502404","candidates":[]}],[],[],[]],[[{"start":0,"end":11,"url":null,"entity_id":"Q502288","candidates":[]}],[],[],[]],[[{"start":0,"end":17,"url":null,"entity_id":"Q502285","candidates":[]}],[],[],[]],[[{"start":0,"end":15,"url":null,"entity_id":"Q502278","candidates":[]}],[],[],[]],[[{"start":0,"end":16,"url":null,"entity_id":"Q502273","candidates":[]}],[],[],[]],[[{"start":0,"end":19,"url":null,"entity_id":"Q502210","candidates":[]}],[],[],[]],[[{"start":0,"end":14,"url":null,"entity_id":"Q497917","candidates":[]}],[],[],[]],[[{"start":0,"end":14,"url":null,"entity_id":"Q497890","candidates":[]}],[],[],[]],[[{"start":0,"end":13,"url":null,"entity_id":"Q497880","candidates":[]}],[],[],[]],[[{"start":0,"end":15,"url":null,"entity_id":"Q497871","candidates":[]}],[],[],[]],[[{"start":0,"end":15,"url":null,"entity_id":"Q497824","candidates":[]}],[],[],[]],[[{"start":0,"end":14,"url":null,"entity_id":"Q497377","candidates":[]}],[],[],[]],[[{"start":0,"end":15,"url":null,"entity_id":"Q495682","candidates":[]}],[],[],[]],[[{"start":0,"end":15,"url":null,"entity_id":"Q495105","candidates":[]}],[],[],[]],[[{"start":0,"end":15,"url":null,"entity_id":"Q495096","candidates":[]}],[],[],[]],[[{"start":0,"end":16,"url":null,"entity_id":"Q495090","candidates":[]}],[],[],[]],[[{"start":0,"end":14,"url":null,"entity_id":"Q489420","candidates":[]}],[],[],[]],[[{"start":0,"end":14,"url":null,"entity_id":"Q489377","candidates":[]}],[],[],[]],[[{"start":0,"end":18,"url":null,"entity_id":"Q502419","candidates":[]}],[],[],[]]]}