{"version":"1.2","table":{"version":"2","table_id":"KQ8YZ8F7","columns":[{"index":0,"name":"col0","values":["Wilson Finnfjord","Wilson Fedje","Wilson Farsund","Wilson Ruhr","Wilson Thames","MY Sam Simon","Samskip Commander","Samskip Challenger","MS Pride of Rotterdam","Le Boréal","Ferro","Wilson Cadiz","Wilson Gdynia","Wilson Gdansk","Wilson Caen","Wilson Sund","MS Spirit of France","IMO 8307117","El. Venizelos","MV Bretagne"]},{"index":1,"name":"col1","values":["3561","3561","3561","1169","1846","484","3850","3833","59925","10944","1986","2999","2506","2506","2999","4200","47592","19864","38261","24534"]},{"index":2,"name":"col2","values":["Bridgetown","Bridgetown","Bridgetown","Bridgetown","Bridgetown","Rotterdam","Bridgetown","Bridgetown","Rotterdam","Mata-Utu","Bridgetown","Bridgetown","Bridgetown","Bridgetown","Bridgetown","Limassol","Dover","Limassol","Chania","Morlaix"]},{"index":3,"name":"col3","values":["Shandong Baibuting Shipbuilding","Shandong Baibuting Shipbuilding","Shandong Baibuting Shipbuilding","Czechoslovak shipping company Labská","Șantierul Naval Tulcea","IHI Corporation","Estaleiros Navais de Viana do Castelo","Estaleiros Navais de Viana do Castelo","Fincantieri","Fincantieri","Bodewes Shipyards","SLKB Komarno – Slovak Shipyard Komárno","SLKB Komarno – Slovak Shipyard Komárno","SLKB Komarno – Slovak Shipyard Komárno","SLKB Komarno – Slovak Shipyard Komárno","Apatin Shipyard","Rauma shipyard","Kanda Shipbuilding","Stocznia Gdynia","STX France"]}]},"context":{"page_title":null,"page_url":null,"page_entity_id":null,"content_hierarchy":[]},"links":[[[{"start":0,"end":12,"url":null,"entity_id":"Q55855655","candidates":[]}],[],[{"start":0,"end":10,"url":null,"entity_id":"Q36168","candidates":[]}],[{"start":0,"end":31,"url":null,"entity_id":"Q55855572","candidates":[]}]],[[{"start":0,"end":14,"url":null,"entity_id":"Q55855437","candidates":[]}],[],[{"start":0,"end":10,"url":null,"entity_id":"Q36168","candidates":[]}],[{"start":0,"end":31,"url":null,"entity_id":"Q55855572","candidates":[]}]],[[{"start":0,"end":11,"url":null,"entity_id":"Q47147853","candidates":[]}],[],[{"start":0,"end":10,"url":null,"entity_id":"Q36168","candidates":[]}],[{"start":0,"end":36,"url":null,"entity_id":"Q26258863","candidates":[]}]],[[{"start":0,"end":13,"url":null,"entity_id":"Q56580308","candidates":[]}],[],[{"start":0,"end":10,"url":null,"entity_id":"Q36168","candidates":[]}],[{"start":0,"end":22,"url":null,"entity_id":"Q18549846","candidates":[]}]],[[{"start":0,"end":12,"url":null,"entity_id":"Q983141","candidates":[]}],[],[{"start":0,"end":9,"url":null,"entity_id":"Q34370","candidates":[]}],[{"start":0,"end":15,"url":null,"entity_id":"Q1653679","candidates":[]}]],[[{"start":0,"end":17,"url":null,"entity_id":"Q56585678","candidates":[]}],[],[{"start":0,"end":10,"url":null,"entity_id":"Q36168","candidates":[]}],[{"start":0,"end":37,"url":null,"entity_id":"Q1369698","candidates":[]}]],[[{"start":0,"end":18,"url":null,"entity_id":"Q56585084","candidates":[]}],[],[{"start":0,"end":10,"url":null,"entity_id":"Q36168","candidates":[]}],[{"start":0,"end":37,"url":null,"entity_id":"Q1369698","candidates":[]}]],[[{"start":0,"end":21,"url":null,"entity_id":"Q2109568","candidates":[]}],[],[{"start":0,"end":9,"url":null,"entity_id":"Q34370","candidates":[]}],[{"start":0,"end":11,"url":null,"entity_id":"Q1327429","candidates":[]}]],[[{"start":0,"end":9,"url":null,"entity_id":"Q246776","candidates":[]}],[],[{"start":0,"end":8,"url":null,"entity_id":"Q31002","candidates":[]}],[{"start":0,"end":11,"url":null,"entity_id":"Q1327429","candidates":[]}]],[[{"start":0,"end":5,"url":null,"entity_id":"Q56701899","candidates":[]}],[],[{"start":0,"end":10,"url":null,"entity_id":"Q36168","candidates":[]}],[{"start":0,"end":17,"url":null,"entity_id":"Q889816","candidates":[]}]],[[{"start":0,"end":12,"url":null,"entity_id":"Q56260842","candidates":[]}],[],[{"start":0,"end":10,"url":null,"entity_id":"Q36168","candidates":[]}],[{"start":0,"end":38,"url":null,"entity_id":"Q578212","candidates":[]}]],[[{"start":0,"end":13,"url":null,"entity_id":"Q55856345","candidates":[]}],[],[{"start":0,"end":10,"url":null,"entity_id":"Q36168","candidates":[]}],[{"start":0,"end":38,"url":null,"entity_id":"Q578212","candidates":[]}]],[[{"start":0,"end":13,"url":null,"entity_id":"Q55856233","candidates":[]}],[],[{"start":0,"end":10,"url":null,"entity_id":"Q36168","candidates":[]}],[{"start":0,"end":38,"url":null,"entity_id":"Q578212","candidates":[]}]],[[{"start":0,"end":11,"url":null,"entity_id":"Q11987628","candidates":[]}],[],[{"start":0,"end":10,"url":null,"entity_id":"Q36168","candidates":[]}],[{"start":0,"end":38,"url":null,"entity_id":"Q578212","candidates":[]}]],[[{"start":0,"end":11,"url":null,"entity_id":"Q56579823","candidates":[]}],[],[{"start":0,"end":8,"url":null,"entity_id":"Q185632","candidates":[]}],[{"start":0,"end":15,"url":null,"entity_id":"Q56235954","candidates":[]}]],[[{"start":0,"end":19,"url":null,"entity_id":"Q6718206","candidates":[]}],[],[{"start":0,"end":5,"url":null,"entity_id":"Q179224","candidates":[]}],[{"start":0,"end":14,"url":null,"entity_id":"Q17334709","candidates":[]}]],[[{"start":0,"end":11,"url":null,"entity_id":"Q3273216","candidates":[]}],[],[{"start":0,"end":8,"url":null,"entity_id":"Q185632","candidates":[]}],[{"start":0,"end":18,"url":null,"entity_id":"Q11590668","candidates":[]}]],[[{"start":0,"end":13,"url":null,"entity_id":"Q1323815","candidates":[]}],[],[{"start":0,"end":6,"url":null,"entity_id":"Q182299","candidates":[]}],[{"start":0,"end":15,"url":null,"entity_id":"Q4978195","candidates":[]}]],[[{"start":0,"end":11,"url":null,"entity_id":"Q3273333","candidates":[]}],[],[{"start":0,"end":7,"url":null,"entity_id":"Q202368","candidates":[]}],[{"start":0,"end":10,"url":null,"entity_id":"Q3460164","candidates":[]}]],[[{"start":0,"end":16,"url":null,"entity_id":"Q55855750","candidates":[]}],[],[{"start":0,"end":10,"url":null,"entity_id":"Q36168","candidates":[]}],[{"start":0,"end":31,"url":null,"entity_id":"Q55855572","candidates":[]}]]]}