{"version":"1.2","table":{"version":"2","table_id":"KR95OI3K","columns":[{"index":0,"name":"col0","values":["Rock Island Dam","Rocky Reach Dam","Crystal Springs Dam","Lake Byllesby Dam","Petit-Saut Dam","Angostura Dam","Scrivener Dam","Danjiangkou Dam","Péligre Dam","Kinzua Dam","Jim Woodruff Dam","Conchas Dam","Guri Dam","Grande Dixence Dam","Burrinjuck Dam","Itaipu Binacional","Canyon Ferry Dam","Three Gorges Dam","Aswan Dam","Corra Linn Dam"]},{"index":1,"name":"col1","values":["Rock Island Pool","Lake Entiat","Crystal Springs Reservoir","Lake Byllesby","Retenue du Barrage de Petit Saut","Angostura Reservoir","Lake Burley Griffin","Danjiangkou Reservoir","Lake Péligre","Allegheny Reservoir","Lake Seminole","Conchas Lake","Guri Reservoir","Lac des Dix","Lake Burrinjuck","Itaipu Reservoir","Canyon Ferry Lake","Three Gorges Reservoir Region","Lake Nasser","Kootenay Lake"]},{"index":2,"name":"col2","values":["Columbia River","Columbia River","San Mateo Creek","Cannon River","Sinnamary","Cheyenne River","Molonglo River","Han River","Centre","Allegheny River","Apalachicola River","Canadian River","Caroní River","Dixence","Murrumbidgee River","Paraná River","Missouri River","Yangtze","Nile","Kootenay River"]}]},"context":{"page_title":null,"page_url":null,"page_entity_id":null,"content_hierarchy":[]},"links":[[[{"start":0,"end":15,"url":null,"entity_id":"Q7354504","candidates":[]}],[{"start":0,"end":16,"url":null,"entity_id":"Q7352846","candidates":[]}],[{"start":0,"end":14,"url":null,"entity_id":"Q2251","candidates":[]}]],[[{"start":0,"end":15,"url":null,"entity_id":"Q7355982","candidates":[]}],[{"start":0,"end":11,"url":null,"entity_id":"Q6475760","candidates":[]}],[{"start":0,"end":14,"url":null,"entity_id":"Q2251","candidates":[]}]],[[{"start":0,"end":19,"url":null,"entity_id":"Q1872588","candidates":[]}],[{"start":0,"end":25,"url":null,"entity_id":"Q3658190","candidates":[]}],[{"start":0,"end":15,"url":null,"entity_id":"Q7414910","candidates":[]}]],[[{"start":0,"end":17,"url":null,"entity_id":"Q5004142","candidates":[]}],[{"start":0,"end":13,"url":null,"entity_id":"Q55616489","candidates":[]}],[{"start":0,"end":12,"url":null,"entity_id":"Q5032783","candidates":[]}]],[[{"start":0,"end":14,"url":null,"entity_id":"Q2885258","candidates":[]}],[{"start":0,"end":32,"url":null,"entity_id":"Q24695295","candidates":[]}],[{"start":0,"end":9,"url":null,"entity_id":"Q2650411","candidates":[]}]],[[{"start":0,"end":13,"url":null,"entity_id":"Q4763868","candidates":[]}],[{"start":0,"end":19,"url":null,"entity_id":"Q4763871","candidates":[]}],[{"start":0,"end":14,"url":null,"entity_id":"Q2116752","candidates":[]}]],[[{"start":0,"end":13,"url":null,"entity_id":"Q2884986","candidates":[]}],[{"start":0,"end":19,"url":null,"entity_id":"Q1642390","candidates":[]}],[{"start":0,"end":14,"url":null,"entity_id":"Q1041876","candidates":[]}]],[[{"start":0,"end":15,"url":null,"entity_id":"Q910573","candidates":[]}],[{"start":0,"end":21,"url":null,"entity_id":"Q46717729","candidates":[]}],[{"start":0,"end":9,"url":null,"entity_id":"Q875573","candidates":[]}]],[[{"start":0,"end":11,"url":null,"entity_id":"Q2885443","candidates":[]}],[{"start":0,"end":12,"url":null,"entity_id":"Q3038517","candidates":[]}],[{"start":0,"end":6,"url":null,"entity_id":"Q844528","candidates":[]}]],[[{"start":0,"end":10,"url":null,"entity_id":"Q1589498","candidates":[]}],[{"start":0,"end":19,"url":null,"entity_id":"Q4731332","candidates":[]}],[{"start":0,"end":15,"url":null,"entity_id":"Q686021","candidates":[]}]],[[{"start":0,"end":16,"url":null,"entity_id":"Q2884964","candidates":[]}],[{"start":0,"end":13,"url":null,"entity_id":"Q3215219","candidates":[]}],[{"start":0,"end":18,"url":null,"entity_id":"Q617414","candidates":[]}]],[[{"start":0,"end":11,"url":null,"entity_id":"Q5158616","candidates":[]}],[{"start":0,"end":12,"url":null,"entity_id":"Q5158618","candidates":[]}],[{"start":0,"end":14,"url":null,"entity_id":"Q597753","candidates":[]}]],[[{"start":0,"end":8,"url":null,"entity_id":"Q143529","candidates":[]}],[{"start":0,"end":14,"url":null,"entity_id":"Q5830486","candidates":[]}],[{"start":0,"end":12,"url":null,"entity_id":"Q590533","candidates":[]}]],[[{"start":0,"end":18,"url":null,"entity_id":"Q675009","candidates":[]}],[{"start":0,"end":11,"url":null,"entity_id":"Q5834768","candidates":[]}],[{"start":0,"end":7,"url":null,"entity_id":"Q502572","candidates":[]}]],[[{"start":0,"end":14,"url":null,"entity_id":"Q5000448","candidates":[]}],[{"start":0,"end":15,"url":null,"entity_id":"Q21954739","candidates":[]}],[{"start":0,"end":18,"url":null,"entity_id":"Q475597","candidates":[]}]],[[{"start":0,"end":17,"url":null,"entity_id":"Q244169","candidates":[]}],[{"start":0,"end":16,"url":null,"entity_id":"Q10315670","candidates":[]}],[{"start":0,"end":12,"url":null,"entity_id":"Q127892","candidates":[]}]],[[{"start":0,"end":16,"url":null,"entity_id":"Q5034202","candidates":[]}],[{"start":0,"end":17,"url":null,"entity_id":"Q5034204","candidates":[]}],[{"start":0,"end":14,"url":null,"entity_id":"Q5419","candidates":[]}]],[[{"start":0,"end":16,"url":null,"entity_id":"Q12514","candidates":[]}],[{"start":0,"end":29,"url":null,"entity_id":"Q7797505","candidates":[]}],[{"start":0,"end":7,"url":null,"entity_id":"Q5413","candidates":[]}]],[[{"start":0,"end":9,"url":null,"entity_id":"Q38891","candidates":[]}],[{"start":0,"end":11,"url":null,"entity_id":"Q182796","candidates":[]}],[{"start":0,"end":4,"url":null,"entity_id":"Q3392","candidates":[]}]],[[{"start":0,"end":14,"url":null,"entity_id":"Q5172695","candidates":[]}],[{"start":0,"end":13,"url":null,"entity_id":"Q1783875","candidates":[]}],[{"start":0,"end":14,"url":null,"entity_id":"Q2262","candidates":[]}]]]}