{"version":"1.2","table":{"version":"2","table_id":"KSCQM2T1","columns":[{"index":0,"name":"col0","values":["Tsurugi","Nakagawa","Ichinohe","Wadomari","Ono","Isen","Miki","Tsuno","Kamikatsu","Kaiyō","Happō","Ishii","Nishiwaga","Motobu","Yokohama","Nakatane","Furudono","Togitsu","Kadogawa","Soeda","Yoshitomi","Fukuchi","Nahari","Sakawa","Ochi","Kanegasaki","Yahaba","Asakawa","Naka","Ōsakikamijima","Hokuei","Kunimi","Sue","Onga","Hachirōgata","Yanaizu","Shimogō","Kadena","Gojōme","Kagamiishi","Shinchi","Tōyō","Mitane","Taiwa","Ikawa","Aizumisato","Kawasaki","Ishikawa","Watari","Misato","Hirao"]},{"index":1,"name":"col1","values":["194.84","74.99","300.03","40.39","125.18","62.71","75.78","102.33","109.63","327.65","234.14","28.83","590.74","54.35","126.55","137.18","163.29","20.94","120.48","132.2","5.72","42.06","28.36","100.8","111.95","179.76","67.32","37.43","694.98","43.11","56.94","37.9","16.31","22.14","17","175.82","317.04","15.12","214.92","31.3","46.53","74.06","247.98","225.49","47.95","276.33","270.77","115.71","242.84","74.95","34.58"]},{"index":2,"name":"col2","values":["7815","50186","11708","6364","9729","6055","27207","10028","1374","8534","6653","25066","5278","13140","4256","7702","4802","29375","17526","9049","6540","21641","3078","12402","5324","15410","27998","6146","7476","7510","14251","8881","28377","18800","5636","3177","5259","13471","8522","12266","8156","2226","15534","28609","4604","19588","8575","14695","32956","24106","12095"]}]},"context":{"page_title":null,"page_url":null,"page_entity_id":null,"content_hierarchy":[]},"links":[[[{"start":0,"end":7,"url":null,"entity_id":"Q1206005","candidates":[]}],[],[]],[[{"start":0,"end":8,"url":null,"entity_id":"Q1206001","candidates":[]}],[],[]],[[{"start":0,"end":8,"url":null,"entity_id":"Q1205998","candidates":[]}],[],[]],[[{"start":0,"end":8,"url":null,"entity_id":"Q1205996","candidates":[]}],[],[]],[[{"start":0,"end":3,"url":null,"entity_id":"Q1205991","candidates":[]}],[],[]],[[{"start":0,"end":4,"url":null,"entity_id":"Q1205986","candidates":[]}],[],[]],[[{"start":0,"end":4,"url":null,"entity_id":"Q1205980","candidates":[]}],[],[]],[[{"start":0,"end":5,"url":null,"entity_id":"Q1205974","candidates":[]}],[],[]],[[{"start":0,"end":9,"url":null,"entity_id":"Q1205957","candidates":[]}],[],[]],[[{"start":0,"end":5,"url":null,"entity_id":"Q1205954","candidates":[]}],[],[]],[[{"start":0,"end":5,"url":null,"entity_id":"Q1205948","candidates":[]}],[],[]],[[{"start":0,"end":5,"url":null,"entity_id":"Q1205943","candidates":[]}],[],[]],[[{"start":0,"end":9,"url":null,"entity_id":"Q1205938","candidates":[]}],[],[]],[[{"start":0,"end":6,"url":null,"entity_id":"Q1205928","candidates":[]}],[],[]],[[{"start":0,"end":8,"url":null,"entity_id":"Q1205910","candidates":[]}],[],[]],[[{"start":0,"end":8,"url":null,"entity_id":"Q1205885","candidates":[]}],[],[]],[[{"start":0,"end":8,"url":null,"entity_id":"Q1205868","candidates":[]}],[],[]],[[{"start":0,"end":7,"url":null,"entity_id":"Q1205851","candidates":[]}],[],[]],[[{"start":0,"end":8,"url":null,"entity_id":"Q1205839","candidates":[]}],[],[]],[[{"start":0,"end":5,"url":null,"entity_id":"Q1205805","candidates":[]}],[],[]],[[{"start":0,"end":9,"url":null,"entity_id":"Q1205793","candidates":[]}],[],[]],[[{"start":0,"end":7,"url":null,"entity_id":"Q1205781","candidates":[]}],[],[]],[[{"start":0,"end":6,"url":null,"entity_id":"Q1205759","candidates":[]}],[],[]],[[{"start":0,"end":6,"url":null,"entity_id":"Q1205751","candidates":[]}],[],[]],[[{"start":0,"end":4,"url":null,"entity_id":"Q1205739","candidates":[]}],[],[]],[[{"start":0,"end":10,"url":null,"entity_id":"Q1205722","candidates":[]}],[],[]],[[{"start":0,"end":6,"url":null,"entity_id":"Q1205709","candidates":[]}],[],[]],[[{"start":0,"end":7,"url":null,"entity_id":"Q1205700","candidates":[]}],[],[]],[[{"start":0,"end":4,"url":null,"entity_id":"Q1205685","candidates":[]}],[],[]],[[{"start":0,"end":13,"url":null,"entity_id":"Q1205663","candidates":[]}],[],[]],[[{"start":0,"end":6,"url":null,"entity_id":"Q1205642","candidates":[]}],[],[]],[[{"start":0,"end":6,"url":null,"entity_id":"Q1205612","candidates":[]}],[],[]],[[{"start":0,"end":3,"url":null,"entity_id":"Q1205588","candidates":[]}],[],[]],[[{"start":0,"end":4,"url":null,"entity_id":"Q1205554","candidates":[]}],[],[]],[[{"start":0,"end":11,"url":null,"entity_id":"Q1205526","candidates":[]}],[],[]],[[{"start":0,"end":7,"url":null,"entity_id":"Q1205525","candidates":[]}],[],[]],[[{"start":0,"end":7,"url":null,"entity_id":"Q1205491","candidates":[]}],[],[]],[[{"start":0,"end":6,"url":null,"entity_id":"Q1205469","candidates":[]}],[],[]],[[{"start":0,"end":6,"url":null,"entity_id":"Q1205432","candidates":[]}],[],[]],[[{"start":0,"end":10,"url":null,"entity_id":"Q1205431","candidates":[]}],[],[]],[[{"start":0,"end":7,"url":null,"entity_id":"Q1205416","candidates":[]}],[],[]],[[{"start":0,"end":4,"url":null,"entity_id":"Q1205386","candidates":[]}],[],[]],[[{"start":0,"end":6,"url":null,"entity_id":"Q1205383","candidates":[]}],[],[]],[[{"start":0,"end":5,"url":null,"entity_id":"Q1205377","candidates":[]}],[],[]],[[{"start":0,"end":5,"url":null,"entity_id":"Q1205369","candidates":[]}],[],[]],[[{"start":0,"end":10,"url":null,"entity_id":"Q1205357","candidates":[]}],[],[]],[[{"start":0,"end":8,"url":null,"entity_id":"Q1205337","candidates":[]}],[],[]],[[{"start":0,"end":8,"url":null,"entity_id":"Q1205335","candidates":[]}],[],[]],[[{"start":0,"end":6,"url":null,"entity_id":"Q1205296","candidates":[]}],[],[]],[[{"start":0,"end":6,"url":null,"entity_id":"Q1205284","candidates":[]}],[],[]],[[{"start":0,"end":5,"url":null,"entity_id":"Q1205194","candidates":[]}],[],[]]]}