{"version":"1.2","table":{"version":"2","table_id":"KSPQKYZM","columns":[{"index":0,"name":"col0","values":["The Hague","Meierijstad","Lingewaal","Súdwest-Fryslân","De Fryske Marren","Zaltbommel","Rotterdam","Aalsmeer","Texel","Beemster","Nieuwegein","Enschede","Beverwijk","Hengelo","Heerhugowaard","Hilversum","Amsterdam","Stein","Assen","Landgraaf"]},{"index":1,"name":"col1","values":["Flag of The Hague","flag of Meierijstad","flag of Lingewaal","flag of Súdwest-Fryslân","flag of De Friese Meren","flag of Zaltbommel","flag of Rotterdam","flag of Aalsmeer","flag of Texel","flag of Beemster","flag of Nieuwegein","flag of Enschede","flag of Beverwijk","flag of Hengelo","flag of Heerhugowaard","Flag of Hilversum","flag of Amsterdam","flag of Stein","flag of Assen","flag of Landgraaf"]},{"index":2,"name":"col2","values":["Johan Remkes","Kees van Rooij","Loes van Ruijven-van Leeuwen","Jannewietske de Vries","Fred Veenstra","Albert van den Bosch","Ahmed Aboutaleb","Gido Oude Kotte","Michiel Uitdehaag","Joyce van Beek","Frans Backhuijs","Onno van Veldhuizen","Martijn Smit","Sander Schelberg","Bert Blase","Pieter Broertjes","Femke Halsema","Marion Leurs-Mordang","Marco Out","Raymond Vlecken"]}]},"context":{"page_title":null,"page_url":null,"page_entity_id":null,"content_hierarchy":[]},"links":[[[{"start":0,"end":11,"url":null,"entity_id":"Q18655255","candidates":[]}],[{"start":0,"end":19,"url":null,"entity_id":"Q63884000","candidates":[]}],[{"start":0,"end":14,"url":null,"entity_id":"Q2696447","candidates":[]}]],[[{"start":0,"end":9,"url":null,"entity_id":"Q952948","candidates":[]}],[{"start":0,"end":17,"url":null,"entity_id":"Q28109218","candidates":[]}],[{"start":0,"end":28,"url":null,"entity_id":"Q2869550","candidates":[]}]],[[{"start":0,"end":15,"url":null,"entity_id":"Q1473276","candidates":[]}],[{"start":0,"end":23,"url":null,"entity_id":"Q2569460","candidates":[]}],[{"start":0,"end":21,"url":null,"entity_id":"Q2693347","candidates":[]}]],[[{"start":0,"end":16,"url":null,"entity_id":"Q2114866","candidates":[]}],[{"start":0,"end":23,"url":null,"entity_id":"Q19915227","candidates":[]}],[{"start":0,"end":13,"url":null,"entity_id":"Q2044103","candidates":[]}]],[[{"start":0,"end":10,"url":null,"entity_id":"Q1532373","candidates":[]}],[{"start":0,"end":18,"url":null,"entity_id":"Q28528298","candidates":[]}],[{"start":0,"end":20,"url":null,"entity_id":"Q2035601","candidates":[]}]],[[{"start":0,"end":9,"url":null,"entity_id":"Q2680952","candidates":[]}],[{"start":0,"end":17,"url":null,"entity_id":"Q1856088","candidates":[]}],[{"start":0,"end":15,"url":null,"entity_id":"Q401107","candidates":[]}]],[[{"start":0,"end":8,"url":null,"entity_id":"Q9897","candidates":[]}],[{"start":0,"end":16,"url":null,"entity_id":"Q16801255","candidates":[]}],[{"start":0,"end":15,"url":null,"entity_id":"Q63223781","candidates":[]}]],[[{"start":0,"end":5,"url":null,"entity_id":"Q9966","candidates":[]}],[{"start":0,"end":13,"url":null,"entity_id":"Q15883515","candidates":[]}],[{"start":0,"end":17,"url":null,"entity_id":"Q22443091","candidates":[]}]],[[{"start":0,"end":8,"url":null,"entity_id":"Q9900","candidates":[]}],[{"start":0,"end":16,"url":null,"entity_id":"Q14515851","candidates":[]}],[{"start":0,"end":14,"url":null,"entity_id":"Q22001632","candidates":[]}]],[[{"start":0,"end":10,"url":null,"entity_id":"Q10050","candidates":[]}],[{"start":0,"end":18,"url":null,"entity_id":"Q53843705","candidates":[]}],[{"start":0,"end":15,"url":null,"entity_id":"Q4370817","candidates":[]}]],[[{"start":0,"end":8,"url":null,"entity_id":"Q10002","candidates":[]}],[{"start":0,"end":16,"url":null,"entity_id":"Q28109174","candidates":[]}],[{"start":0,"end":19,"url":null,"entity_id":"Q3493071","candidates":[]}]],[[{"start":0,"end":9,"url":null,"entity_id":"Q9905","candidates":[]}],[{"start":0,"end":17,"url":null,"entity_id":"Q21239587","candidates":[]}],[{"start":0,"end":12,"url":null,"entity_id":"Q2657003","candidates":[]}]],[[{"start":0,"end":7,"url":null,"entity_id":"Q10006","candidates":[]}],[{"start":0,"end":15,"url":null,"entity_id":"Q18088310","candidates":[]}],[{"start":0,"end":16,"url":null,"entity_id":"Q2204815","candidates":[]}]],[[{"start":0,"end":13,"url":null,"entity_id":"Q9930","candidates":[]}],[{"start":0,"end":21,"url":null,"entity_id":"Q27915753","candidates":[]}],[{"start":0,"end":10,"url":null,"entity_id":"Q2177505","candidates":[]}]],[[{"start":0,"end":9,"url":null,"entity_id":"Q9934","candidates":[]}],[{"start":0,"end":17,"url":null,"entity_id":"Q62398014","candidates":[]}],[{"start":0,"end":16,"url":null,"entity_id":"Q1902142","candidates":[]}]],[[{"start":0,"end":9,"url":null,"entity_id":"Q9899","candidates":[]}],[{"start":0,"end":17,"url":null,"entity_id":"Q1426379","candidates":[]}],[{"start":0,"end":13,"url":null,"entity_id":"Q288283","candidates":[]}]],[[{"start":0,"end":5,"url":null,"entity_id":"Q9780","candidates":[]}],[{"start":0,"end":13,"url":null,"entity_id":"Q14515863","candidates":[]}],[{"start":0,"end":20,"url":null,"entity_id":"Q22936960","candidates":[]}]],[[{"start":0,"end":5,"url":null,"entity_id":"Q798","candidates":[]}],[{"start":0,"end":13,"url":null,"entity_id":"Q23046610","candidates":[]}],[{"start":0,"end":9,"url":null,"entity_id":"Q2689309","candidates":[]}]],[[{"start":0,"end":9,"url":null,"entity_id":"Q9795","candidates":[]}],[{"start":0,"end":17,"url":null,"entity_id":"Q28109166","candidates":[]}],[{"start":0,"end":15,"url":null,"entity_id":"Q2374656","candidates":[]}]],[[{"start":0,"end":9,"url":null,"entity_id":"Q36600","candidates":[]}],[{"start":0,"end":17,"url":null,"entity_id":"Q17493086","candidates":[]}],[{"start":0,"end":12,"url":null,"entity_id":"Q465538","candidates":[]}]]]}