{"version":"1.2","table":{"version":"2","table_id":"KTL0LEPW","columns":[{"index":0,"name":"col0","values":["Mussurunga Station","Bairro da Paz station","Tamburugy station","Flamboyant Station","Unterföhring station","Pituaçu Station","Detran Station","Estação CAB","Estação Pernambués","Imbuí Station","Bonocô station","Milano Porta Garibaldi","Estação Bom Juá","Campo da Pólvora Station","North access station","Leipzig Messe railway station","Regent Centre Interchange","Longbenton metro station","Kingston Park metro station","Haymarket metro station"]},{"index":1,"name":"col1","values":["2","2","1","1","2","2","2","1","1","2","2","2","2","2","4","4","2","2","2","2"]},{"index":2,"name":"col2","values":["2","2","2","2","2","2","2","2","2","2","2","1","2","2","4","4","2","2","2","2"]}]},"context":{"page_title":null,"page_url":null,"page_entity_id":null,"content_hierarchy":[]},"links":[[[{"start":0,"end":18,"url":null,"entity_id":"Q51882201","candidates":[]}],[],[]],[[{"start":0,"end":21,"url":null,"entity_id":"Q51882199","candidates":[]}],[],[]],[[{"start":0,"end":17,"url":null,"entity_id":"Q51882197","candidates":[]}],[],[]],[[{"start":0,"end":18,"url":null,"entity_id":"Q51882196","candidates":[]}],[],[]],[[{"start":0,"end":20,"url":null,"entity_id":"Q45116256","candidates":[]}],[],[]],[[{"start":0,"end":15,"url":null,"entity_id":"Q30937876","candidates":[]}],[],[]],[[{"start":0,"end":14,"url":null,"entity_id":"Q30937873","candidates":[]}],[],[]],[[{"start":0,"end":11,"url":null,"entity_id":"Q30937866","candidates":[]}],[],[]],[[{"start":0,"end":18,"url":null,"entity_id":"Q30937857","candidates":[]}],[],[]],[[{"start":0,"end":13,"url":null,"entity_id":"Q30937856","candidates":[]}],[],[]],[[{"start":0,"end":14,"url":null,"entity_id":"Q25421065","candidates":[]}],[],[]],[[{"start":0,"end":22,"url":null,"entity_id":"Q22815083","candidates":[]}],[],[]],[[{"start":0,"end":15,"url":null,"entity_id":"Q20052816","candidates":[]}],[],[]],[[{"start":0,"end":24,"url":null,"entity_id":"Q17631106","candidates":[]}],[],[]],[[{"start":0,"end":20,"url":null,"entity_id":"Q17608400","candidates":[]}],[],[]],[[{"start":0,"end":29,"url":null,"entity_id":"Q11753827","candidates":[]}],[],[]],[[{"start":0,"end":25,"url":null,"entity_id":"Q7308079","candidates":[]}],[],[]],[[{"start":0,"end":24,"url":null,"entity_id":"Q6673608","candidates":[]}],[],[]],[[{"start":0,"end":27,"url":null,"entity_id":"Q6413575","candidates":[]}],[],[]],[[{"start":0,"end":23,"url":null,"entity_id":"Q5686995","candidates":[]}],[],[]]]}