{"version":"1.2","table":{"version":"2","table_id":"QIRD9J2G","columns":[{"index":0,"name":"col0","values":["Palais#Gise","Ephraim0Palais","Palazzo dhlla Consulva","alazzo dei Diamanti","Salazo Vtrzzi","Élyséf Palace","Roal Palace of Milan","Palais Rohan, Strsbourg","Palazzo Baldssini","Panazzo Carignano","Palacg Medici Riccardi","Kronprinzeppalais","Palazzq Spada","Palazzo Barberjni","Quirinal amace","Plais Kinsky","Prince\"Henry Palace","Altes!Palais","Beulin City Palace","Palais Honnstein"]},{"index":1,"name":"col1","values":["Rococo","Rococo","baroque architecture","Renaissance architecture","Renaissance architecture","baroque architecture","Neoclassical architecture","baroque architecture","Renaissance architecture","baroque architecture","Renaissance architecture","Neoclassical architecture","Baroque","baroque architecture","classicism","baroque architecture","baroque architecture","classicism","Neoclassical architecture","baroque architecture"]},{"index":2,"name":"col2","values":["architectural heritage monument in Bavaria","architectural heritage monument","Italian national heritage","Italian national heritage","Italian national heritage","monument historique classé","Italian national heritage","monument historique classé","Italian national heritage","Italian national heritage","Italian national heritage","architectural heritage monument","Italian national heritage","Italian national heritage","Italian national heritage","Denkmalgeschütztes Objekt","architectural heritage monument","architectural heritage monument","Kulturdenkmal","architectural heritage monument in Bavaria"]},{"index":3,"name":"col3","values":["Carl Albert von Lespilliez","Friedrich Wilhelm Dietrichs","Ferdinando Fuga","Biagio Rossetti","Benedetto da Maiano","Pierre-François-Léonard Fontaine","Giuseppe Piermarini","Robert de Cotte","Antonio da Sangallo the Younger","Guarino Guarini","Michelozzo","Johann Arnold Nering","Francesco Borromini","Carlo Maderno","Carlo Maderno","Johann Lukas von Hildebrandt","Ludwig Hoffmann","Carl Ferdinand Langhans","Friedrich August Stüler","François de Cuvilliés"]}]},"context":{"page_title":null,"page_url":null,"page_entity_id":null,"content_hierarchy":[]},"links":[[[{"start":0,"end":11,"url":null,"entity_id":"Q2046984","candidates":[]}],[{"start":0,"end":6,"url":null,"entity_id":"Q122960","candidates":[]}],[{"start":0,"end":42,"url":null,"entity_id":"Q17297633","candidates":[]}],[{"start":0,"end":26,"url":null,"entity_id":"Q5039808","candidates":[]}]],[[{"start":0,"end":14,"url":null,"entity_id":"Q878325","candidates":[]}],[{"start":0,"end":6,"url":null,"entity_id":"Q122960","candidates":[]}],[{"start":0,"end":31,"url":null,"entity_id":"Q811165","candidates":[]}],[{"start":0,"end":27,"url":null,"entity_id":"Q1462934","candidates":[]}]],[[{"start":0,"end":22,"url":null,"entity_id":"Q935016","candidates":[]}],[{"start":0,"end":20,"url":null,"entity_id":"Q840829","candidates":[]}],[{"start":0,"end":25,"url":null,"entity_id":"Q26971668","candidates":[]}],[{"start":0,"end":15,"url":null,"entity_id":"Q1357805","candidates":[]}]],[[{"start":0,"end":19,"url":null,"entity_id":"Q2047639","candidates":[]}],[{"start":0,"end":24,"url":null,"entity_id":"Q236122","candidates":[]}],[{"start":0,"end":25,"url":null,"entity_id":"Q26971668","candidates":[]}],[{"start":0,"end":15,"url":null,"entity_id":"Q855263","candidates":[]}]],[[{"start":0,"end":13,"url":null,"entity_id":"Q521619","candidates":[]}],[{"start":0,"end":24,"url":null,"entity_id":"Q236122","candidates":[]}],[{"start":0,"end":25,"url":null,"entity_id":"Q26971668","candidates":[]}],[{"start":0,"end":19,"url":null,"entity_id":"Q675619","candidates":[]}]],[[{"start":0,"end":13,"url":null,"entity_id":"Q188190","candidates":[]}],[{"start":0,"end":20,"url":null,"entity_id":"Q840829","candidates":[]}],[{"start":0,"end":26,"url":null,"entity_id":"Q10387684","candidates":[]}],[{"start":0,"end":32,"url":null,"entity_id":"Q652952","candidates":[]}]],[[{"start":0,"end":20,"url":null,"entity_id":"Q51105","candidates":[]}],[{"start":0,"end":25,"url":null,"entity_id":"Q54111","candidates":[]}],[{"start":0,"end":25,"url":null,"entity_id":"Q26971668","candidates":[]}],[{"start":0,"end":19,"url":null,"entity_id":"Q647911","candidates":[]}]],[[{"start":0,"end":23,"url":null,"entity_id":"Q1561438","candidates":[]}],[{"start":0,"end":20,"url":null,"entity_id":"Q840829","candidates":[]}],[{"start":0,"end":26,"url":null,"entity_id":"Q10387684","candidates":[]}],[{"start":0,"end":15,"url":null,"entity_id":"Q568839","candidates":[]}]],[[{"start":0,"end":17,"url":null,"entity_id":"Q3889585","candidates":[]}],[{"start":0,"end":24,"url":null,"entity_id":"Q236122","candidates":[]}],[{"start":0,"end":25,"url":null,"entity_id":"Q26971668","candidates":[]}],[{"start":0,"end":31,"url":null,"entity_id":"Q357276","candidates":[]}]],[[{"start":0,"end":17,"url":null,"entity_id":"Q19829","candidates":[]}],[{"start":0,"end":20,"url":null,"entity_id":"Q840829","candidates":[]}],[{"start":0,"end":25,"url":null,"entity_id":"Q26971668","candidates":[]}],[{"start":0,"end":15,"url":null,"entity_id":"Q323281","candidates":[]}]],[[{"start":0,"end":22,"url":null,"entity_id":"Q911047","candidates":[]}],[{"start":0,"end":24,"url":null,"entity_id":"Q236122","candidates":[]}],[{"start":0,"end":25,"url":null,"entity_id":"Q26971668","candidates":[]}],[{"start":0,"end":10,"url":null,"entity_id":"Q309736","candidates":[]}]],[[{"start":0,"end":17,"url":null,"entity_id":"Q530930","candidates":[]}],[{"start":0,"end":25,"url":null,"entity_id":"Q54111","candidates":[]}],[{"start":0,"end":31,"url":null,"entity_id":"Q811165","candidates":[]}],[{"start":0,"end":20,"url":null,"entity_id":"Q286441","candidates":[]}]],[[{"start":0,"end":13,"url":null,"entity_id":"Q1058475","candidates":[]}],[{"start":0,"end":7,"url":null,"entity_id":"Q37853","candidates":[]}],[{"start":0,"end":25,"url":null,"entity_id":"Q26971668","candidates":[]}],[{"start":0,"end":19,"url":null,"entity_id":"Q123150","candidates":[]}]],[[{"start":0,"end":17,"url":null,"entity_id":"Q1136614","candidates":[]}],[{"start":0,"end":20,"url":null,"entity_id":"Q840829","candidates":[]}],[{"start":0,"end":25,"url":null,"entity_id":"Q26971668","candidates":[]}],[{"start":0,"end":13,"url":null,"entity_id":"Q122328","candidates":[]}]],[[{"start":0,"end":14,"url":null,"entity_id":"Q223079","candidates":[]}],[{"start":0,"end":10,"url":null,"entity_id":"Q170292","candidates":[]}],[{"start":0,"end":25,"url":null,"entity_id":"Q26971668","candidates":[]}],[{"start":0,"end":13,"url":null,"entity_id":"Q122328","candidates":[]}]],[[{"start":0,"end":12,"url":null,"entity_id":"Q670935","candidates":[]}],[{"start":0,"end":20,"url":null,"entity_id":"Q840829","candidates":[]}],[{"start":0,"end":25,"url":null,"entity_id":"Q1188447","candidates":[]}],[{"start":0,"end":28,"url":null,"entity_id":"Q84507","candidates":[]}]],[[{"start":0,"end":19,"url":null,"entity_id":"Q2047280","candidates":[]}],[{"start":0,"end":20,"url":null,"entity_id":"Q840829","candidates":[]}],[{"start":0,"end":31,"url":null,"entity_id":"Q811165","candidates":[]}],[{"start":0,"end":15,"url":null,"entity_id":"Q71886","candidates":[]}]],[[{"start":0,"end":12,"url":null,"entity_id":"Q439297","candidates":[]}],[{"start":0,"end":10,"url":null,"entity_id":"Q170292","candidates":[]}],[{"start":0,"end":31,"url":null,"entity_id":"Q811165","candidates":[]}],[{"start":0,"end":23,"url":null,"entity_id":"Q64434","candidates":[]}]],[[{"start":0,"end":18,"url":null,"entity_id":"Q170119","candidates":[]}],[{"start":0,"end":25,"url":null,"entity_id":"Q54111","candidates":[]}],[{"start":0,"end":13,"url":null,"entity_id":"Q11691318","candidates":[]}],[{"start":0,"end":23,"url":null,"entity_id":"Q61256","candidates":[]}]],[[{"start":0,"end":16,"url":null,"entity_id":"Q686997","candidates":[]}],[{"start":0,"end":20,"url":null,"entity_id":"Q840829","candidates":[]}],[{"start":0,"end":42,"url":null,"entity_id":"Q17297633","candidates":[]}],[{"start":0,"end":21,"url":null,"entity_id":"Q60739","candidates":[]}]]]}