{"version":"1.2","table":{"version":"2","table_id":"QKCXDGQK","columns":[{"index":0,"name":"col0","values":["Karakalpak Autonomous Soviet Socilist Republic","Nakhicevan Autonomous Soviet Socialist Republic","Volga German Awtonomous Soviet Socialist Republic","Moldavian AutonomousSoviet Socialist Republid","Akhaz Autonomous Soviet Socialist Republic","Kazak Autonomous Socialist Soviet Repubic","Crimean Autonomous Soviet Socialist Repudlic","Tajik Autonomous Soviet ocialist Republic","Kirghiz Autonomou Socialist Soviet Republic","Buryat Autonomous Soviet Sociclist Republic","Yakut Autonomous Soviet Sociblist Republic","Tuvan Autonomous Soviet Socialist Reublic","Chvash Auwonomous Soviet Socialist Republic","Mar Autonomous Soviet Socialist Republic","Udmurt Autonomous Soviet SocialistRepublic","Mordovian Autonomous Soviet!Socialist Republic","Kirghiz Autonomous Sqcialist Soviet Uepublic","Kabardino-Balkar Axtonomous Soviet Socialist Republic","North Ossetian Autonomous Soviet Socialst Republic","Mountain Autonomous Soviet Socialjst Republic"]},{"index":1,"name":"col1","values":["1992/01/01","1990/01/01","1941/08/28","1940/01/01","1992/01/01","1936/12/05","1946/01/01","1929/10/16","1936/12/05","1992/05/21","1990/09/26","1992/01/01","1992/02/13","1993/01/12","1992/05/16","1993/12/25","1925/06/15","1992/05/16","1993/11/09","1924/07/07"]},{"index":2,"name":"col2","values":["Nukus","Nakhchivan","Engels","Tiraspol","Sukhumi","Almaty","Simferopol","Dushanbe","Bishkek","Ulan-Ude","Yakutsk","Kyzyl","Cheboksary","Yoshkar-Ola","Izhevsk","Saransk","Orenburg","Nalchik","Vladikavkaz","Vladikavkaz"]}]},"context":{"page_title":null,"page_url":null,"page_entity_id":null,"content_hierarchy":[]},"links":[[[{"start":0,"end":46,"url":null,"entity_id":"Q429797","candidates":[]}],[],[{"start":0,"end":5,"url":null,"entity_id":"Q489898","candidates":[]}]],[[{"start":0,"end":47,"url":null,"entity_id":"Q284506","candidates":[]}],[],[{"start":0,"end":10,"url":null,"entity_id":"Q230104","candidates":[]}]],[[{"start":0,"end":49,"url":null,"entity_id":"Q157261","candidates":[]}],[],[{"start":0,"end":6,"url":null,"entity_id":"Q198748","candidates":[]}]],[[{"start":0,"end":45,"url":null,"entity_id":"Q1143148","candidates":[]}],[],[{"start":0,"end":8,"url":null,"entity_id":"Q132572","candidates":[]}]],[[{"start":0,"end":42,"url":null,"entity_id":"Q307022","candidates":[]}],[],[{"start":0,"end":7,"url":null,"entity_id":"Q40811","candidates":[]}]],[[{"start":0,"end":41,"url":null,"entity_id":"Q2332797","candidates":[]}],[],[{"start":0,"end":6,"url":null,"entity_id":"Q35493","candidates":[]}]],[[{"start":0,"end":44,"url":null,"entity_id":"Q139671","candidates":[]}],[],[{"start":0,"end":10,"url":null,"entity_id":"Q19566","candidates":[]}]],[[{"start":0,"end":41,"url":null,"entity_id":"Q76077","candidates":[]}],[],[{"start":0,"end":8,"url":null,"entity_id":"Q9365","candidates":[]}]],[[{"start":0,"end":43,"url":null,"entity_id":"Q8212144","candidates":[]}],[],[{"start":0,"end":7,"url":null,"entity_id":"Q9361","candidates":[]}]],[[{"start":0,"end":43,"url":null,"entity_id":"Q1016336","candidates":[]}],[],[{"start":0,"end":8,"url":null,"entity_id":"Q6816","candidates":[]}]],[[{"start":0,"end":42,"url":null,"entity_id":"Q175755","candidates":[]}],[],[{"start":0,"end":7,"url":null,"entity_id":"Q6610","candidates":[]}]],[[{"start":0,"end":41,"url":null,"entity_id":"Q338317","candidates":[]}],[],[{"start":0,"end":5,"url":null,"entity_id":"Q6049","candidates":[]}]],[[{"start":0,"end":43,"url":null,"entity_id":"Q1253541","candidates":[]}],[],[{"start":0,"end":10,"url":null,"entity_id":"Q5470","candidates":[]}]],[[{"start":0,"end":40,"url":null,"entity_id":"Q788066","candidates":[]}],[],[{"start":0,"end":11,"url":null,"entity_id":"Q5449","candidates":[]}]],[[{"start":0,"end":42,"url":null,"entity_id":"Q1429298","candidates":[]}],[],[{"start":0,"end":7,"url":null,"entity_id":"Q5426","candidates":[]}]],[[{"start":0,"end":46,"url":null,"entity_id":"Q970217","candidates":[]}],[],[{"start":0,"end":7,"url":null,"entity_id":"Q5343","candidates":[]}]],[[{"start":0,"end":44,"url":null,"entity_id":"Q2600170","candidates":[]}],[],[{"start":0,"end":8,"url":null,"entity_id":"Q5337","candidates":[]}]],[[{"start":0,"end":53,"url":null,"entity_id":"Q788875","candidates":[]}],[],[{"start":0,"end":7,"url":null,"entity_id":"Q5265","candidates":[]}]],[[{"start":0,"end":50,"url":null,"entity_id":"Q1816542","candidates":[]}],[],[{"start":0,"end":11,"url":null,"entity_id":"Q5239","candidates":[]}]],[[{"start":0,"end":45,"url":null,"entity_id":"Q865918","candidates":[]}],[],[{"start":0,"end":11,"url":null,"entity_id":"Q5239","candidates":[]}]]]}