{"version":"1.2","table":{"version":"2","table_id":"QLW2Q9GL","columns":[{"index":0,"name":"col0","values":["1947 Jammu massacres","Maykop Massacre","Aishiyeh massacre","2015 Baga massacre","Kremnička and Nemecká massacres","Perry race riot","massacre at Béziers","Stockholm Bloodbath","Tianjing Incident","Sook Ching","Marzabotto massacre","Kragujevac massacre","Massacre of Greifensee","Nyarubuye massacre","Coniston massacre","Vukovar massacre","No Gun Ri Massacre","Aramoana massacre","Częstochowa massacre","228 Incident"]},{"index":1,"name":"col1","values":["1947-11-01","1918-09-22","1976-10-21","2015-01-07","1945-03-17","1922-12-15","1209-07-29","1520-11-09","1856-10-01","1942-03-04","1944-10-05","1941-10-21","1444-06-06","1994-04-16","1928-10-01","1991-11-21","1950-07-29","1990-11-14","1939-09-06","1947-05-16"]},{"index":2,"name":"col2","values":["1947-10-01","1918-09-21","1976-10-19","2015-01-03","1944-11-05","1922-12-14","1209-07-29","1520-11-07","1856-09-02","1942-02-18","1944-09-29","1941-10-20","1444-05-10","1994-04-15","1928-08-01","1991-11-18","1950-07-26","1990-11-13","1939-09-04","1947-02-27"]}]},"context":{"page_title":null,"page_url":null,"page_entity_id":null,"content_hierarchy":[]},"links":[[[{"start":0,"end":20,"url":null,"entity_id":"Q27628321","candidates":[]}],[],[]],[[{"start":0,"end":15,"url":null,"entity_id":"Q24935666","candidates":[]}],[],[]],[[{"start":0,"end":17,"url":null,"entity_id":"Q23640728","candidates":[]}],[],[]],[[{"start":0,"end":18,"url":null,"entity_id":"Q18732673","candidates":[]}],[],[]],[[{"start":0,"end":31,"url":null,"entity_id":"Q18042183","candidates":[]}],[],[]],[[{"start":0,"end":15,"url":null,"entity_id":"Q15706453","candidates":[]}],[],[]],[[{"start":0,"end":19,"url":null,"entity_id":"Q941312","candidates":[]}],[],[]],[[{"start":0,"end":19,"url":null,"entity_id":"Q846876","candidates":[]}],[],[]],[[{"start":0,"end":17,"url":null,"entity_id":"Q835616","candidates":[]}],[],[]],[[{"start":0,"end":10,"url":null,"entity_id":"Q716144","candidates":[]}],[],[]],[[{"start":0,"end":19,"url":null,"entity_id":"Q704206","candidates":[]}],[],[]],[[{"start":0,"end":19,"url":null,"entity_id":"Q685201","candidates":[]}],[],[]],[[{"start":0,"end":22,"url":null,"entity_id":"Q683377","candidates":[]}],[],[]],[[{"start":0,"end":18,"url":null,"entity_id":"Q655304","candidates":[]}],[],[]],[[{"start":0,"end":17,"url":null,"entity_id":"Q653857","candidates":[]}],[],[]],[[{"start":0,"end":16,"url":null,"entity_id":"Q520741","candidates":[]}],[],[]],[[{"start":0,"end":18,"url":null,"entity_id":"Q495446","candidates":[]}],[],[]],[[{"start":0,"end":17,"url":null,"entity_id":"Q473868","candidates":[]}],[],[]],[[{"start":0,"end":20,"url":null,"entity_id":"Q290636","candidates":[]}],[],[]],[[{"start":0,"end":12,"url":null,"entity_id":"Q244939","candidates":[]}],[],[]]]}