{"version":"1.2","table":{"version":"2","table_id":"QLW4R5NU","columns":[{"index":0,"name":"col0","values":["[KOI2016] HFF3C-3389-4210","[KOI2016] HFF4C-3736-5005","[KOI2016] HFF4C-3705-4446","[KOI2016] HFF3C-3411-4573","[KOI2016] HFF4C-3765-3173","[KOI2016] HFF4C-3419-3006","[KOI2016] HFF3C-3096-4181","[KOI2016] HFF3C-3509-5294","[CGR2017b] MACS J0416 33a","[KOI2016] HFF4C-4046-4231","[KOI2016] HFF4C-3791-4415","[KOI2016] HFF3C-3096-5100","[KOI2016] HFF1C-1911-4242","[KOI2016] HFF3C-2777-4506","[KOI2016] HFF4C-3910-4491","[KOI2016] HFF4C-3952-5014","[KOI2016] HFF4C-3760-3035","SDSS J122202.38+282338.6","[KOI2016] HFF1C-2178-2458","[LFL2017] A2744 z8 398"]},{"index":1,"name":"col1","values":["287458","289588","290791","286727","188963","286337","287801","288445","287709","287458","288130","287100","286337","288130","289040","289319","289588","40696","286889","291910"]},{"index":2,"name":"col2","values":["27.38","27.76","27.14","27.6","27.21","27.87","27.73","27.88","27.03","26.81","27.54","27.41","27.53","27.64","26.72","27.04","27.53","14.208","26.1407","27.2393"]},{"index":3,"name":"col3","values":["5.9","6.6","7.1","5.7","1.1","5.6","6","6.2","5.5","5.9","6.1","5.8","5.6","6.1","6.4","6.5","6.6","0.14636","5.743","7.664"]},{"index":4,"name":"col4","values":["109.39122","177.405705","177.40441","109.392135","177.406897","177.392475","109.379034","109.39625","64.03202","177.418619","177.407983","109.379016","3.579635","109.365722","177.412935","177.41469","177.406675","185.509928","3.59079","3.605057"]},{"index":5,"name":"col5","values":["37.739172","22.416817","22.412397","37.749271","22.388148","22.383511","37.738386","37.758188","-24.084227","22.40643","22.411538","37.752792","-30.406723","37.747409","22.413642","22.41706","22.384327","28.394063","-30.37941","-30.381462"]}]},"context":{"page_title":null,"page_url":null,"page_entity_id":null,"content_hierarchy":[]},"links":[[[{"start":0,"end":25,"url":null,"entity_id":"Q85319068","candidates":[]}],[],[],[],[],[]],[[{"start":0,"end":25,"url":null,"entity_id":"Q85319066","candidates":[]}],[],[],[],[],[]],[[{"start":0,"end":25,"url":null,"entity_id":"Q85319065","candidates":[]}],[],[],[],[],[]],[[{"start":0,"end":25,"url":null,"entity_id":"Q85319063","candidates":[]}],[],[],[],[],[]],[[{"start":0,"end":25,"url":null,"entity_id":"Q85319057","candidates":[]}],[],[],[],[],[]],[[{"start":0,"end":25,"url":null,"entity_id":"Q85319056","candidates":[]}],[],[],[],[],[]],[[{"start":0,"end":25,"url":null,"entity_id":"Q85319049","candidates":[]}],[],[],[],[],[]],[[{"start":0,"end":25,"url":null,"entity_id":"Q85319044","candidates":[]}],[],[],[],[],[]],[[{"start":0,"end":25,"url":null,"entity_id":"Q85319035","candidates":[]}],[],[],[],[],[]],[[{"start":0,"end":25,"url":null,"entity_id":"Q85319032","candidates":[]}],[],[],[],[],[]],[[{"start":0,"end":25,"url":null,"entity_id":"Q85319029","candidates":[]}],[],[],[],[],[]],[[{"start":0,"end":25,"url":null,"entity_id":"Q85319023","candidates":[]}],[],[],[],[],[]],[[{"start":0,"end":25,"url":null,"entity_id":"Q85319021","candidates":[]}],[],[],[],[],[]],[[{"start":0,"end":25,"url":null,"entity_id":"Q85319010","candidates":[]}],[],[],[],[],[]],[[{"start":0,"end":25,"url":null,"entity_id":"Q85319009","candidates":[]}],[],[],[],[],[]],[[{"start":0,"end":25,"url":null,"entity_id":"Q85318993","candidates":[]}],[],[],[],[],[]],[[{"start":0,"end":25,"url":null,"entity_id":"Q85318989","candidates":[]}],[],[],[],[],[]],[[{"start":0,"end":24,"url":null,"entity_id":"Q83790760","candidates":[]}],[],[],[],[],[]],[[{"start":0,"end":25,"url":null,"entity_id":"Q82025532","candidates":[]}],[],[],[],[],[]],[[{"start":0,"end":22,"url":null,"entity_id":"Q81671815","candidates":[]}],[],[],[],[],[]]]}