{"version":"1.2","table":{"version":"2","table_id":"QMAZ5BE9","columns":[{"index":0,"name":"col0","values":["Santuari de la Mare de Déu de la Salut dg Sabadell","Franciscan Church of th Annunciation","St. Williband (Weißenburg in Bayern)","Onzf-Lieve-Vrouwekerk","Kollehienkirche, Salzburg","Kirche Su. Corpus Christi","Vt.Michae (Denklingen)","oly Cross","St. Antonius (Castrop-Rauxel","St. Fronleichpam Church","Chrch of the Sacred Heart","HolCross Chuch","Redemptouist Church","St. Josgf","Kerk Onbewlekt Hart van Maria","Heilig Geist, Fraqkfurt","St. Bernjard","Village church Kunersdprf (Bliesdorf)","St. Mauthias","Mariae osenkranz (Mülheip)"]},{"index":1,"name":"col1","values":["Francesc Folguera","Francesco Robba","Wilhelm Langenfaß","Eugène Gife","Johann Bernhard Fischer von Erlach","Max Hasak","Franz Kleinhans","Kaspar Zuccalli","Alfred Fischer","Rudolf Schwarz","Christoph Hehl","Martin Weber","Richard Jordan","Heinrich Hauberrisser","Hans van der Laan","Martin Weber","Alfons Leitl","Curt Steinberg","Alexander von Branca","Friedrich von Schmidt"]},{"index":2,"name":"col2","values":["Cultural Asset of Local Interest","monument of national significance","architectural heritage monument in Bavaria","Beschermd erfgoed","Denkmalgeschütztes Objekt","architectural heritage monument","architectural heritage monument in Bavaria","architectural heritage monument in Bavaria","architectural heritage monument in North Rhine-Westphalia","architectural heritage monument in North Rhine-Westphalia","Kulturdenkmal","Kulturdenkmal","Denkmalgeschütztes Objekt","architectural heritage monument in Bavaria","Beschermd erfgoed","Kulturdenkmal","architectural heritage monument","architectural heritage monument","architectural heritage monument in Bavaria","architectural heritage monument in North Rhine-Westphalia"]}]},"context":{"page_title":null,"page_url":null,"page_entity_id":null,"content_hierarchy":[]},"links":[[[{"start":0,"end":50,"url":null,"entity_id":"Q11947711","candidates":[]}],[{"start":0,"end":17,"url":null,"entity_id":"Q8962180","candidates":[]}],[{"start":0,"end":32,"url":null,"entity_id":"Q11910250","candidates":[]}]],[[{"start":0,"end":36,"url":null,"entity_id":"Q1785618","candidates":[]}],[{"start":0,"end":15,"url":null,"entity_id":"Q976087","candidates":[]}],[{"start":0,"end":33,"url":null,"entity_id":"Q18363603","candidates":[]}]],[[{"start":0,"end":36,"url":null,"entity_id":"Q1773687","candidates":[]}],[{"start":0,"end":17,"url":null,"entity_id":"Q26690008","candidates":[]}],[{"start":0,"end":42,"url":null,"entity_id":"Q17297633","candidates":[]}]],[[{"start":0,"end":21,"url":null,"entity_id":"Q1894677","candidates":[]}],[{"start":0,"end":11,"url":null,"entity_id":"Q28563492","candidates":[]}],[{"start":0,"end":17,"url":null,"entity_id":"Q12053139","candidates":[]}]],[[{"start":0,"end":25,"url":null,"entity_id":"Q1779328","candidates":[]}],[{"start":0,"end":34,"url":null,"entity_id":"Q84305","candidates":[]}],[{"start":0,"end":25,"url":null,"entity_id":"Q1188447","candidates":[]}]],[[{"start":0,"end":25,"url":null,"entity_id":"Q1742698","candidates":[]}],[{"start":0,"end":9,"url":null,"entity_id":"Q1912644","candidates":[]}],[{"start":0,"end":31,"url":null,"entity_id":"Q811165","candidates":[]}]],[[{"start":0,"end":22,"url":null,"entity_id":"Q1586238","candidates":[]}],[{"start":0,"end":15,"url":null,"entity_id":"Q1449663","candidates":[]}],[{"start":0,"end":42,"url":null,"entity_id":"Q17297633","candidates":[]}]],[[{"start":0,"end":9,"url":null,"entity_id":"Q1595003","candidates":[]}],[{"start":0,"end":15,"url":null,"entity_id":"Q123827","candidates":[]}],[{"start":0,"end":42,"url":null,"entity_id":"Q17297633","candidates":[]}]],[[{"start":0,"end":28,"url":null,"entity_id":"Q1697168","candidates":[]}],[{"start":0,"end":14,"url":null,"entity_id":"Q118031","candidates":[]}],[{"start":0,"end":57,"url":null,"entity_id":"Q15632117","candidates":[]}]],[[{"start":0,"end":23,"url":null,"entity_id":"Q1641817","candidates":[]}],[{"start":0,"end":14,"url":null,"entity_id":"Q97133","candidates":[]}],[{"start":0,"end":57,"url":null,"entity_id":"Q15632117","candidates":[]}]],[[{"start":0,"end":25,"url":null,"entity_id":"Q1614938","candidates":[]}],[{"start":0,"end":14,"url":null,"entity_id":"Q1085110","candidates":[]}],[{"start":0,"end":13,"url":null,"entity_id":"Q11691318","candidates":[]}]],[[{"start":0,"end":14,"url":null,"entity_id":"Q1498625","candidates":[]}],[{"start":0,"end":12,"url":null,"entity_id":"Q108629","candidates":[]}],[{"start":0,"end":13,"url":null,"entity_id":"Q11691318","candidates":[]}]],[[{"start":0,"end":19,"url":null,"entity_id":"Q1673014","candidates":[]}],[{"start":0,"end":14,"url":null,"entity_id":"Q1386959","candidates":[]}],[{"start":0,"end":25,"url":null,"entity_id":"Q1188447","candidates":[]}]],[[{"start":0,"end":9,"url":null,"entity_id":"Q14943786","candidates":[]}],[{"start":0,"end":21,"url":null,"entity_id":"Q2715236","candidates":[]}],[{"start":0,"end":42,"url":null,"entity_id":"Q17297633","candidates":[]}]],[[{"start":0,"end":29,"url":null,"entity_id":"Q14634884","candidates":[]}],[{"start":0,"end":17,"url":null,"entity_id":"Q1583336","candidates":[]}],[{"start":0,"end":17,"url":null,"entity_id":"Q12053139","candidates":[]}]],[[{"start":0,"end":23,"url":null,"entity_id":"Q14914921","candidates":[]}],[{"start":0,"end":12,"url":null,"entity_id":"Q108629","candidates":[]}],[{"start":0,"end":13,"url":null,"entity_id":"Q11691318","candidates":[]}]],[[{"start":0,"end":12,"url":null,"entity_id":"Q14793965","candidates":[]}],[{"start":0,"end":12,"url":null,"entity_id":"Q2644405","candidates":[]}],[{"start":0,"end":31,"url":null,"entity_id":"Q811165","candidates":[]}]],[[{"start":0,"end":37,"url":null,"entity_id":"Q14906566","candidates":[]}],[{"start":0,"end":14,"url":null,"entity_id":"Q1145334","candidates":[]}],[{"start":0,"end":31,"url":null,"entity_id":"Q811165","candidates":[]}]],[[{"start":0,"end":12,"url":null,"entity_id":"Q2321410","candidates":[]}],[{"start":0,"end":20,"url":null,"entity_id":"Q91242","candidates":[]}],[{"start":0,"end":42,"url":null,"entity_id":"Q17297633","candidates":[]}]],[[{"start":0,"end":26,"url":null,"entity_id":"Q2320754","candidates":[]}],[{"start":0,"end":21,"url":null,"entity_id":"Q77431","candidates":[]}],[{"start":0,"end":57,"url":null,"entity_id":"Q15632117","candidates":[]}]]]}