{"version":"1.2","table":{"version":"2","table_id":"QNX0VN51","columns":[{"index":0,"name":"col0","values":["2004 Grand Prix de Plumelec-Morbihan","2003 Grand Prix de Plumelec-Morbihan","2002 Grand Prix de Plumelec-Morbihan","2001 Grand Prix de Plumelec-Morbihan","2000 Grand Prix de Plumelec-Morbihan","1999 Grand Prix de Plumelec-Morbihan","1998 Grand Prix de Plumelec-Morbihan","1997 Grand Prix de Plumelec-Morbihan","1996 Grand Prix de Plumelec-Morbihan","1995 Grand Prix de Plumelec-Morbihan","1994 Grand Prix de Plumelec-Morbihan","2013 Grand Prix de Plumelec-Morbihan","2012 Grand Prix de Plumelec-Morbihan","2011 Grand Prix de Plumelec-Morbihan","2010 Grand Prix de Plumelec-Morbihan","2009 Grand Prix de Plumelec-Morbihan","2008 Grand Prix de Plumelec-Morbihan","1992 Grand Prix de Plumelec-Morbihan","1975 Grand Prix de Plumelec-Morbihan","2017 Grand Prix de Plumelec-Morbihan"]},{"index":1,"name":"col1","values":["France","France","France","France","France","France","France","France","France","France","France","France","France","France","France","France","France","France","France","France"]},{"index":2,"name":"col2","values":["2003 Grand Prix de Plumelec-Morbihan","2002 Grand Prix de Plumelec-Morbihan","2001 Grand Prix de Plumelec-Morbihan","2000 Grand Prix de Plumelec-Morbihan","1999 Grand Prix de Plumelec-Morbihan","1998 Grand Prix de Plumelec-Morbihan","1997 Grand Prix de Plumelec-Morbihan","1996 Grand Prix de Plumelec-Morbihan","1995 Grand Prix de Plumelec-Morbihan","1994 Grand Prix de Plumelec-Morbihan","1993 Grand Prix de Plumelec-Morbihan","2012 Grand Prix de Plumelec-Morbihan","2011 Grand Prix de Plumelec-Morbihan","2010 Grand Prix de Plumelec-Morbihan","2009 Grand Prix de Plumelec-Morbihan","2008 Grand Prix de Plumelec-Morbihan","2007 Grand Prix de Plumelec-Morbihan","1991 Grand Prix de Plumelec-Morbihan","1974 Grand Prix de Plumelec-Morbihan","2016 Grand Prix de Plumelec-Morbihan"]}]},"context":{"page_title":null,"page_url":null,"page_entity_id":null,"content_hierarchy":[]},"links":[[[{"start":0,"end":36,"url":null,"entity_id":"Q4025143","candidates":[]}],[{"start":0,"end":6,"url":null,"entity_id":"Q142","candidates":[]}],[{"start":0,"end":36,"url":null,"entity_id":"Q4025142","candidates":[]}]],[[{"start":0,"end":36,"url":null,"entity_id":"Q4025142","candidates":[]}],[{"start":0,"end":6,"url":null,"entity_id":"Q142","candidates":[]}],[{"start":0,"end":36,"url":null,"entity_id":"Q4025141","candidates":[]}]],[[{"start":0,"end":36,"url":null,"entity_id":"Q4025141","candidates":[]}],[{"start":0,"end":6,"url":null,"entity_id":"Q142","candidates":[]}],[{"start":0,"end":36,"url":null,"entity_id":"Q4025140","candidates":[]}]],[[{"start":0,"end":36,"url":null,"entity_id":"Q4025140","candidates":[]}],[{"start":0,"end":6,"url":null,"entity_id":"Q142","candidates":[]}],[{"start":0,"end":36,"url":null,"entity_id":"Q4025139","candidates":[]}]],[[{"start":0,"end":36,"url":null,"entity_id":"Q4025139","candidates":[]}],[{"start":0,"end":6,"url":null,"entity_id":"Q142","candidates":[]}],[{"start":0,"end":36,"url":null,"entity_id":"Q4025136","candidates":[]}]],[[{"start":0,"end":36,"url":null,"entity_id":"Q4025136","candidates":[]}],[{"start":0,"end":6,"url":null,"entity_id":"Q142","candidates":[]}],[{"start":0,"end":36,"url":null,"entity_id":"Q4025135","candidates":[]}]],[[{"start":0,"end":36,"url":null,"entity_id":"Q4025135","candidates":[]}],[{"start":0,"end":6,"url":null,"entity_id":"Q142","candidates":[]}],[{"start":0,"end":36,"url":null,"entity_id":"Q4025134","candidates":[]}]],[[{"start":0,"end":36,"url":null,"entity_id":"Q4025134","candidates":[]}],[{"start":0,"end":6,"url":null,"entity_id":"Q142","candidates":[]}],[{"start":0,"end":36,"url":null,"entity_id":"Q4025133","candidates":[]}]],[[{"start":0,"end":36,"url":null,"entity_id":"Q4025133","candidates":[]}],[{"start":0,"end":6,"url":null,"entity_id":"Q142","candidates":[]}],[{"start":0,"end":36,"url":null,"entity_id":"Q4025132","candidates":[]}]],[[{"start":0,"end":36,"url":null,"entity_id":"Q4025132","candidates":[]}],[{"start":0,"end":6,"url":null,"entity_id":"Q142","candidates":[]}],[{"start":0,"end":36,"url":null,"entity_id":"Q4025131","candidates":[]}]],[[{"start":0,"end":36,"url":null,"entity_id":"Q4025131","candidates":[]}],[{"start":0,"end":6,"url":null,"entity_id":"Q142","candidates":[]}],[{"start":0,"end":36,"url":null,"entity_id":"Q4025130","candidates":[]}]],[[{"start":0,"end":36,"url":null,"entity_id":"Q16561765","candidates":[]}],[{"start":0,"end":6,"url":null,"entity_id":"Q142","candidates":[]}],[{"start":0,"end":36,"url":null,"entity_id":"Q3775287","candidates":[]}]],[[{"start":0,"end":36,"url":null,"entity_id":"Q3775287","candidates":[]}],[{"start":0,"end":6,"url":null,"entity_id":"Q142","candidates":[]}],[{"start":0,"end":36,"url":null,"entity_id":"Q3775286","candidates":[]}]],[[{"start":0,"end":36,"url":null,"entity_id":"Q3775286","candidates":[]}],[{"start":0,"end":6,"url":null,"entity_id":"Q142","candidates":[]}],[{"start":0,"end":36,"url":null,"entity_id":"Q3775285","candidates":[]}]],[[{"start":0,"end":36,"url":null,"entity_id":"Q3775285","candidates":[]}],[{"start":0,"end":6,"url":null,"entity_id":"Q142","candidates":[]}],[{"start":0,"end":36,"url":null,"entity_id":"Q3775284","candidates":[]}]],[[{"start":0,"end":36,"url":null,"entity_id":"Q3775284","candidates":[]}],[{"start":0,"end":6,"url":null,"entity_id":"Q142","candidates":[]}],[{"start":0,"end":36,"url":null,"entity_id":"Q3775283","candidates":[]}]],[[{"start":0,"end":36,"url":null,"entity_id":"Q3775283","candidates":[]}],[{"start":0,"end":6,"url":null,"entity_id":"Q142","candidates":[]}],[{"start":0,"end":36,"url":null,"entity_id":"Q3775282","candidates":[]}]],[[{"start":0,"end":36,"url":null,"entity_id":"Q4025129","candidates":[]}],[{"start":0,"end":6,"url":null,"entity_id":"Q142","candidates":[]}],[{"start":0,"end":36,"url":null,"entity_id":"Q30318654","candidates":[]}]],[[{"start":0,"end":36,"url":null,"entity_id":"Q30318588","candidates":[]}],[{"start":0,"end":6,"url":null,"entity_id":"Q142","candidates":[]}],[{"start":0,"end":36,"url":null,"entity_id":"Q30318586","candidates":[]}]],[[{"start":0,"end":36,"url":null,"entity_id":"Q30097626","candidates":[]}],[{"start":0,"end":6,"url":null,"entity_id":"Q142","candidates":[]}],[{"start":0,"end":36,"url":null,"entity_id":"Q20978807","candidates":[]}]]]}