{"version":"1.2","table":{"version":"2","table_id":"QO8W8J35","columns":[{"index":0,"name":"col0","values":["Super Cassette Vision","Pioneer LaserActive","Game Wave Family Entertainment System","Game.com","RCA Studio II","PC-FX","Intellivision","TurboExpress","Gizmondo","Atari Lynx","Barcode Battler","Magnavox Odyssey²","Genesis Nomad","GP32","Entex Adventure Vision","N-Gage","3DO Interactive Multiplayer","Virtual Boy","Nintendo Switch","PlayStation 4"]},{"index":1,"name":"col1","values":["400","10000","70000","300000","64000","400000","3000000","1500000","25000","3000000","1200000","2000000","1000000","30000","50757","3000000","2000000","770000","32270000","100000000"]},{"index":2,"name":"col2","values":["14800","970","99","69.95","149","499","49.8","249.99","229","179.99","40","179","180","199","70","299","699.99","179.99","279.99","349.99"]}]},"context":{"page_title":null,"page_url":null,"page_entity_id":null,"content_hierarchy":[]},"links":[[[{"start":0,"end":21,"url":null,"entity_id":"Q8018077","candidates":[]}],[],[]],[[{"start":0,"end":19,"url":null,"entity_id":"Q3276319","candidates":[]}],[],[]],[[{"start":0,"end":37,"url":null,"entity_id":"Q3094980","candidates":[]}],[],[]],[[{"start":0,"end":8,"url":null,"entity_id":"Q2498396","candidates":[]}],[],[]],[[{"start":0,"end":13,"url":null,"entity_id":"Q1143954","candidates":[]}],[],[]],[[{"start":0,"end":5,"url":null,"entity_id":"Q1136902","candidates":[]}],[],[]],[[{"start":0,"end":13,"url":null,"entity_id":"Q1061441","candidates":[]}],[],[]],[[{"start":0,"end":12,"url":null,"entity_id":"Q966193","candidates":[]}],[],[]],[[{"start":0,"end":8,"url":null,"entity_id":"Q909005","candidates":[]}],[],[]],[[{"start":0,"end":10,"url":null,"entity_id":"Q753657","candidates":[]}],[],[]],[[{"start":0,"end":15,"url":null,"entity_id":"Q638749","candidates":[]}],[],[]],[[{"start":0,"end":17,"url":null,"entity_id":"Q576932","candidates":[]}],[],[]],[[{"start":0,"end":13,"url":null,"entity_id":"Q540868","candidates":[]}],[],[]],[[{"start":0,"end":4,"url":null,"entity_id":"Q426119","candidates":[]}],[],[]],[[{"start":0,"end":22,"url":null,"entity_id":"Q379965","candidates":[]}],[],[]],[[{"start":0,"end":6,"url":null,"entity_id":"Q336434","candidates":[]}],[],[]],[[{"start":0,"end":27,"url":null,"entity_id":"Q229429","candidates":[]}],[],[]],[[{"start":0,"end":11,"url":null,"entity_id":"Q164651","candidates":[]}],[],[]],[[{"start":0,"end":15,"url":null,"entity_id":"Q19610114","candidates":[]}],[],[]],[[{"start":0,"end":13,"url":null,"entity_id":"Q5014725","candidates":[]}],[],[]]]}