{"version":"1.2","table":{"version":"2","table_id":"QOFAJGVG","columns":[{"index":0,"name":"col0","values":["Teatre Poliorama","Aubette","Palace Moravia","La Géode","mk2 Bibliothèque","Ziegfeld Theatre","Cinema Teatro Maestoso","Symphony Center","Panorama on Karowa Street","Colosseum Kino","Millennium Dome","Admiralspalast","Ufa-Pavillon am Nollendorfplatz","Renaissance-Theater","L'Hemisfèric","Bioscoop Vreeburg","Gaumont Grand Écran Italie","Cine Brasília","Berlin Sportpalast","Kinosaal 813 in der Brücke"]},{"index":1,"name":"col1","values":["Barcelona","Strasbourg","Brno-město","19th arrondissement of Paris","13th arrondissement of Paris","Manhattan","Rome","Chicago","Warsaw","Oslo","Royal Borough of Greenwich","Mitte","Tempelhof-Schöneberg","Charlottenburg-Wilmersdorf","Valencia","Utrecht","13th arrondissement of Paris","Brasília","Tempelhof-Schöneberg","Cologne"]},{"index":2,"name":"col2","values":["Spain","France","Czech Republic","France","France","United States of America","Italy","United States of America","Poland","Norway","United Kingdom","Germany","Germany","Germany","Spain","Netherlands","France","Brazil","Germany","Germany"]},{"index":3,"name":"col3","values":["Josep Domènech i Estapà","Jacques-François Blondel","Ernst Wiesner","Adrien Fainsilber","Jean-Michel Wilmotte","Emery Roth","Riccardo Morandi","Daniel Burnham","Stefan Bryła","Sverre Fehn","Richard Rogers","Oskar Kaufmann","Oskar Kaufmann","Oskar Kaufmann","Santiago Calatrava","Gerrit Rietveld","Kenzō Tange","Oscar Niemeyer","Hermann Dernburg","Wilhelm Riphahn"]}]},"context":{"page_title":null,"page_url":null,"page_entity_id":null,"content_hierarchy":[]},"links":[[[{"start":0,"end":16,"url":null,"entity_id":"Q3982102","candidates":[]}],[{"start":0,"end":9,"url":null,"entity_id":"Q1492","candidates":[]}],[{"start":0,"end":5,"url":null,"entity_id":"Q29","candidates":[]}],[{"start":0,"end":23,"url":null,"entity_id":"Q517106","candidates":[]}]],[[{"start":0,"end":7,"url":null,"entity_id":"Q758467","candidates":[]}],[{"start":0,"end":10,"url":null,"entity_id":"Q6602","candidates":[]}],[{"start":0,"end":6,"url":null,"entity_id":"Q142","candidates":[]}],[{"start":0,"end":24,"url":null,"entity_id":"Q430136","candidates":[]}]],[[{"start":0,"end":14,"url":null,"entity_id":"Q253564","candidates":[]}],[{"start":0,"end":10,"url":null,"entity_id":"Q12039338","candidates":[]}],[{"start":0,"end":14,"url":null,"entity_id":"Q213","candidates":[]}],[{"start":0,"end":13,"url":null,"entity_id":"Q382789","candidates":[]}]],[[{"start":0,"end":8,"url":null,"entity_id":"Q2280550","candidates":[]}],[{"start":0,"end":28,"url":null,"entity_id":"Q204622","candidates":[]}],[{"start":0,"end":6,"url":null,"entity_id":"Q142","candidates":[]}],[{"start":0,"end":17,"url":null,"entity_id":"Q377030","candidates":[]}]],[[{"start":0,"end":16,"url":null,"entity_id":"Q3273025","candidates":[]}],[{"start":0,"end":28,"url":null,"entity_id":"Q175129","candidates":[]}],[{"start":0,"end":6,"url":null,"entity_id":"Q142","candidates":[]}],[{"start":0,"end":20,"url":null,"entity_id":"Q375674","candidates":[]}]],[[{"start":0,"end":16,"url":null,"entity_id":"Q19361347","candidates":[]}],[{"start":0,"end":9,"url":null,"entity_id":"Q11299","candidates":[]}],[{"start":0,"end":24,"url":null,"entity_id":"Q30","candidates":[]}],[{"start":0,"end":10,"url":null,"entity_id":"Q371506","candidates":[]}]],[[{"start":0,"end":22,"url":null,"entity_id":"Q37000557","candidates":[]}],[{"start":0,"end":4,"url":null,"entity_id":"Q220","candidates":[]}],[{"start":0,"end":5,"url":null,"entity_id":"Q38","candidates":[]}],[{"start":0,"end":16,"url":null,"entity_id":"Q340099","candidates":[]}]],[[{"start":0,"end":15,"url":null,"entity_id":"Q2154167","candidates":[]}],[{"start":0,"end":7,"url":null,"entity_id":"Q1297","candidates":[]}],[{"start":0,"end":24,"url":null,"entity_id":"Q30","candidates":[]}],[{"start":0,"end":14,"url":null,"entity_id":"Q316639","candidates":[]}]],[[{"start":0,"end":25,"url":null,"entity_id":"Q45734707","candidates":[]}],[{"start":0,"end":6,"url":null,"entity_id":"Q270","candidates":[]}],[{"start":0,"end":6,"url":null,"entity_id":"Q36","candidates":[]}],[{"start":0,"end":12,"url":null,"entity_id":"Q248935","candidates":[]}]],[[{"start":0,"end":14,"url":null,"entity_id":"Q774976","candidates":[]}],[{"start":0,"end":4,"url":null,"entity_id":"Q585","candidates":[]}],[{"start":0,"end":6,"url":null,"entity_id":"Q20","candidates":[]}],[{"start":0,"end":11,"url":null,"entity_id":"Q242002","candidates":[]}]],[[{"start":0,"end":15,"url":null,"entity_id":"Q29014","candidates":[]}],[{"start":0,"end":26,"url":null,"entity_id":"Q693450","candidates":[]}],[{"start":0,"end":14,"url":null,"entity_id":"Q145","candidates":[]}],[{"start":0,"end":14,"url":null,"entity_id":"Q237412","candidates":[]}]],[[{"start":0,"end":14,"url":null,"entity_id":"Q359242","candidates":[]}],[{"start":0,"end":5,"url":null,"entity_id":"Q163966","candidates":[]}],[{"start":0,"end":7,"url":null,"entity_id":"Q183","candidates":[]}],[{"start":0,"end":14,"url":null,"entity_id":"Q215596","candidates":[]}]],[[{"start":0,"end":31,"url":null,"entity_id":"Q21035819","candidates":[]}],[{"start":0,"end":20,"url":null,"entity_id":"Q158106","candidates":[]}],[{"start":0,"end":7,"url":null,"entity_id":"Q183","candidates":[]}],[{"start":0,"end":14,"url":null,"entity_id":"Q215596","candidates":[]}]],[[{"start":0,"end":19,"url":null,"entity_id":"Q876556","candidates":[]}],[{"start":0,"end":26,"url":null,"entity_id":"Q158095","candidates":[]}],[{"start":0,"end":7,"url":null,"entity_id":"Q183","candidates":[]}],[{"start":0,"end":14,"url":null,"entity_id":"Q215596","candidates":[]}]],[[{"start":0,"end":12,"url":null,"entity_id":"Q2712673","candidates":[]}],[{"start":0,"end":8,"url":null,"entity_id":"Q8818","candidates":[]}],[{"start":0,"end":5,"url":null,"entity_id":"Q29","candidates":[]}],[{"start":0,"end":18,"url":null,"entity_id":"Q168482","candidates":[]}]],[[{"start":0,"end":17,"url":null,"entity_id":"Q19832755","candidates":[]}],[{"start":0,"end":7,"url":null,"entity_id":"Q803","candidates":[]}],[{"start":0,"end":11,"url":null,"entity_id":"Q55","candidates":[]}],[{"start":0,"end":15,"url":null,"entity_id":"Q160435","candidates":[]}]],[[{"start":0,"end":26,"url":null,"entity_id":"Q3114848","candidates":[]}],[{"start":0,"end":28,"url":null,"entity_id":"Q175129","candidates":[]}],[{"start":0,"end":6,"url":null,"entity_id":"Q142","candidates":[]}],[{"start":0,"end":11,"url":null,"entity_id":"Q151794","candidates":[]}]],[[{"start":0,"end":13,"url":null,"entity_id":"Q18243953","candidates":[]}],[{"start":0,"end":8,"url":null,"entity_id":"Q2844","candidates":[]}],[{"start":0,"end":6,"url":null,"entity_id":"Q155","candidates":[]}],[{"start":0,"end":14,"url":null,"entity_id":"Q134165","candidates":[]}]],[[{"start":0,"end":18,"url":null,"entity_id":"Q686156","candidates":[]}],[{"start":0,"end":20,"url":null,"entity_id":"Q158106","candidates":[]}],[{"start":0,"end":7,"url":null,"entity_id":"Q183","candidates":[]}],[{"start":0,"end":16,"url":null,"entity_id":"Q125070","candidates":[]}]],[[{"start":0,"end":26,"url":null,"entity_id":"Q34379688","candidates":[]}],[{"start":0,"end":7,"url":null,"entity_id":"Q365","candidates":[]}],[{"start":0,"end":7,"url":null,"entity_id":"Q183","candidates":[]}],[{"start":0,"end":15,"url":null,"entity_id":"Q100261","candidates":[]}]]]}