{"version":"1.2","table":{"version":"2","table_id":"QOUWN7BL","columns":[{"index":0,"name":"col0","values":["galerie Sainte-Foy","galerie Saint-Denis","galerie du Caire","galerie des Proues","galerie Élysées-La-Boétie","galerie du Théâtre-Français","galerie du Jardin","galerie des Variétés","galerie de la Villette","galerie de la Madeleine","galerie de la Cour-d'Honneur","galerie de Valois","galerie de Nemours","galerie de Montpensier","galerie de Chartres","galerie de Beaujolais","galerie d'Orléans","galerie Saint-Marc","galerie Montmartre","galerie Feydeau"]},{"index":1,"name":"col1","values":["18","170","82","42","70","120","67","53","973","53","67","255","38","227","68","70","66","60","70","60"]},{"index":2,"name":"col2","values":["3","2","3","6","7","36","35","32","165","4","35","44","3","44","24","33","218","32","32","32"]}]},"context":{"page_title":null,"page_url":null,"page_entity_id":null,"content_hierarchy":[]},"links":[[[{"start":0,"end":18,"url":null,"entity_id":"Q14629221","candidates":[]}],[],[]],[[{"start":0,"end":19,"url":null,"entity_id":"Q14629220","candidates":[]}],[],[]],[[{"start":0,"end":16,"url":null,"entity_id":"Q14629219","candidates":[]}],[],[]],[[{"start":0,"end":18,"url":null,"entity_id":"Q14629212","candidates":[]}],[],[]],[[{"start":0,"end":25,"url":null,"entity_id":"Q3094682","candidates":[]}],[],[]],[[{"start":0,"end":27,"url":null,"entity_id":"Q3094672","candidates":[]}],[],[]],[[{"start":0,"end":17,"url":null,"entity_id":"Q3094667","candidates":[]}],[],[]],[[{"start":0,"end":20,"url":null,"entity_id":"Q3094663","candidates":[]}],[],[]],[[{"start":0,"end":22,"url":null,"entity_id":"Q3094647","candidates":[]}],[],[]],[[{"start":0,"end":23,"url":null,"entity_id":"Q3094646","candidates":[]}],[],[]],[[{"start":0,"end":28,"url":null,"entity_id":"Q3094645","candidates":[]}],[],[]],[[{"start":0,"end":17,"url":null,"entity_id":"Q3094644","candidates":[]}],[],[]],[[{"start":0,"end":18,"url":null,"entity_id":"Q3094642","candidates":[]}],[],[]],[[{"start":0,"end":22,"url":null,"entity_id":"Q3094639","candidates":[]}],[],[]],[[{"start":0,"end":19,"url":null,"entity_id":"Q3094636","candidates":[]}],[],[]],[[{"start":0,"end":21,"url":null,"entity_id":"Q3094635","candidates":[]}],[],[]],[[{"start":0,"end":17,"url":null,"entity_id":"Q3094626","candidates":[]}],[],[]],[[{"start":0,"end":18,"url":null,"entity_id":"Q3094616","candidates":[]}],[],[]],[[{"start":0,"end":18,"url":null,"entity_id":"Q3094607","candidates":[]}],[],[]],[[{"start":0,"end":15,"url":null,"entity_id":"Q3094591","candidates":[]}],[],[]]]}