{"version":"1.2","table":{"version":"2","table_id":"QQ1AWOQV","columns":[{"index":0,"name":"col0","values":["SN 2005bc","SN 2011fe","SN 2011by","SN 2003fg","SN 1994D","SN 1992Q","SN 1992M","SN 1992G","SN 1991bj","SN 1991bg","SN 1991bh","SN 1991bf","SN 1991bd","SN 1991bc","SN 1991bb","SN 1991ay","SN 1991at","SN 1991as","SN 1991am","SN 1991ak"]},{"index":1,"name":"col1","values":["0.0122","0.001208","0.003402","0.244","-0.0001","0.03401","0.0529","0.0042","0.0184","0.0017","0.0257","0.0323","0.0139","0.0202","0.0259","0.0471","0.0416","0.014","0.0602","0.01"]},{"index":2,"name":"col2","values":["3635","362","1018","64434","448","10176","15525","1853","5465","1256","7606","9527","4138","6494","7985","13788","12212","4168","17505","3428"]},{"index":3,"name":"col3","values":["219.311583","210.7737958","178.93983","214.07885","188.5099792","182.756708","108.790125","159.077375","55.376958","186.265417","41.258333","358.064","60.706917","50.19025","58.395833","11.829083","17.666667","342.170833","250.4421782745455","209.2025"]},{"index":4,"name":"col4","values":["16.6","10.06","12.95","20.6","12.03","18.5","18","13.63","18.8","14.3","18","17.5","16.5","16","17.7","18.5","18","18","12.841","15.5"]},{"index":5,"name":"col5","values":["38.454083","54.2736722","55.32606","52.2482444","7.7015833","-1.880806","45.430472","37.321167","-4.66375","12.871","15.158333","-29.441361","1.974","-1.046389","19.098333","40.541111","16.608333","8.17","37.7465284135282","37.792083"]}]},"context":{"page_title":null,"page_url":null,"page_entity_id":null,"content_hierarchy":[]},"links":[[[{"start":0,"end":9,"url":null,"entity_id":"Q2497430","candidates":[]}],[],[],[],[],[]],[[{"start":0,"end":9,"url":null,"entity_id":"Q1782305","candidates":[]}],[],[],[],[],[]],[[{"start":0,"end":9,"url":null,"entity_id":"Q1098113","candidates":[]}],[],[],[],[],[]],[[{"start":0,"end":9,"url":null,"entity_id":"Q863933","candidates":[]}],[],[],[],[],[]],[[{"start":0,"end":8,"url":null,"entity_id":"Q255128","candidates":[]}],[],[],[],[],[]],[[{"start":0,"end":8,"url":null,"entity_id":"Q9327104","candidates":[]}],[],[],[],[],[]],[[{"start":0,"end":8,"url":null,"entity_id":"Q9327099","candidates":[]}],[],[],[],[],[]],[[{"start":0,"end":8,"url":null,"entity_id":"Q9327093","candidates":[]}],[],[],[],[],[]],[[{"start":0,"end":9,"url":null,"entity_id":"Q9327084","candidates":[]}],[],[],[],[],[]],[[{"start":0,"end":9,"url":null,"entity_id":"Q9327081","candidates":[]}],[],[],[],[],[]],[[{"start":0,"end":9,"url":null,"entity_id":"Q9327080","candidates":[]}],[],[],[],[],[]],[[{"start":0,"end":9,"url":null,"entity_id":"Q9327079","candidates":[]}],[],[],[],[],[]],[[{"start":0,"end":9,"url":null,"entity_id":"Q9327077","candidates":[]}],[],[],[],[],[]],[[{"start":0,"end":9,"url":null,"entity_id":"Q9327076","candidates":[]}],[],[],[],[],[]],[[{"start":0,"end":9,"url":null,"entity_id":"Q9327075","candidates":[]}],[],[],[],[],[]],[[{"start":0,"end":9,"url":null,"entity_id":"Q9327071","candidates":[]}],[],[],[],[],[]],[[{"start":0,"end":9,"url":null,"entity_id":"Q9327068","candidates":[]}],[],[],[],[],[]],[[{"start":0,"end":9,"url":null,"entity_id":"Q9327066","candidates":[]}],[],[],[],[],[]],[[{"start":0,"end":9,"url":null,"entity_id":"Q9327060","candidates":[]}],[],[],[],[],[]],[[{"start":0,"end":9,"url":null,"entity_id":"Q9327058","candidates":[]}],[],[],[],[],[]]]}