{"version":"1.2","table":{"version":"2","table_id":"QU0D6SFM","columns":[{"index":0,"name":"col0","values":["2017 La Classique Morbihan","2017 Grand Prix de Plumelec-Morbihan Dames","2017 Chrono des Nations","2017 Polynormande","2018 Fyen Rundt","2019 Le Samyn","2017 Grand Prix de Plumelec-Morbihan","2017 Women's Tour de Yorkshire","Circuito de Getxo 2017","Omloop van het Hageland 2018","Gran Premio Miguel Indurain 2019","Pro Ötztaler 5500 2017","2017 Giro dell'Appennino","2017 Ronde van Drenthe","2017 Schaal Sels","2017 Volta Limburg Classic","2017 Le Samyn","2017 Tro-Bro Leon","2017 Tour du Finistère","2017 GP Miguel Induráin","2017 La Drôme Classic","2017 Grand Prix d'Ouverture La Marseillaise","2017 La Roue Tourangelle","2017 Classic Sud Ardèche","2017 Trofeo Serra de Tramuntana","UAE Cup 2016","2017 Clásica de Almería","2017 Route Adélie","2017 Classic Loire-Atlantique","2017 Omloop van het Hageland","2017 Vuelta a La Rioja","2017 Paris–Camembert","2017 Handzame Classic","2017 Omloop Het Nieuwsblad – Women's race","2017 Trofeo Palma","2017 Trofeo Andratx-Mirador des Colomer","2017 Klasika Primavera","2017 Trofeo Ses Salines","2017 Dwars door Vlaanderen - women's race","2017 Vuelta a Murcia","2016 Classic Loire-Atlantique","2016 Tro-Bro Leon","2016 Grand Prix de Cholet-Pays de Loire","2016 Druivenkoers Overijse","2016 La Drôme Classic","2016 Vuelta a La Rioja","2016 GP Miguel Induráin"]},{"index":1,"name":"col1","values":["Ashleigh Moolman-Pasio","Shara Gillow","Jonathan Castroviejo","Laurent Pichon","Michael Mørkøv","Niki Terpstra","Samuel Dumoulin","Lizzie Deignan","Ángel Madrazo","Ellen van Dijk","Luis León Sánchez","Simon Špilak","Manuel Senni","Jasper De Buyst","Tim Merlier","Nick van der Lijke","Iljo Keisse","Damien Gaudin","Julien Loubet","Sergio Henao","Arthur Vichot","Arthur Vichot","Anthony Delaplace","Mattia Cattaneo","Jürgen Roelandts","Andrea Palini","Rüdiger Selig","Laurent Pichon","Laurent Pichon","Jolien D'Hoore","José Joaquín Rojas","Samuel Dumoulin","Adam Blythe","Annemiek van Vleuten","Alejandro Valverde","Alejandro Valverde","Gorka Izagirre","André Greipel","Lisa Brennauer","Movistar Team","Anthony Turgis","Baptiste Planckaert","Baptiste Planckaert","Huub Duyn","Arthur Vichot","Diego Milán","Jon Izagirre"]},{"index":2,"name":"col2","values":["36.154","36.559","49.728","42.375","45.67","43.11","42.908","38.766","43.758","36.35","40.197","32.81","39.734","42.822","41.825","41.747","41.236","42.133","40.494","40.727","40.871","38.634","41.775","39.047","37.43","45.262","42.209","40.896","41.184","38.425","44.024","42.288","45.249","36.606","43.352","35.899","42.571","43.812","39.074","45.086","41.764","41.975","40.501","41.347","38.938","41.543","41.349"]}]},"context":{"page_title":null,"page_url":null,"page_entity_id":null,"content_hierarchy":[]},"links":[[[{"start":0,"end":26,"url":null,"entity_id":"Q30007461","candidates":[]}],[{"start":0,"end":22,"url":null,"entity_id":"Q460884","candidates":[]}],[]],[[{"start":0,"end":42,"url":null,"entity_id":"Q30007492","candidates":[]}],[{"start":0,"end":12,"url":null,"entity_id":"Q460460","candidates":[]}],[]],[[{"start":0,"end":23,"url":null,"entity_id":"Q42042160","candidates":[]}],[{"start":0,"end":20,"url":null,"entity_id":"Q459445","candidates":[]}],[]],[[{"start":0,"end":17,"url":null,"entity_id":"Q30109928","candidates":[]}],[{"start":0,"end":14,"url":null,"entity_id":"Q458174","candidates":[]}],[]],[[{"start":0,"end":15,"url":null,"entity_id":"Q46996112","candidates":[]}],[{"start":0,"end":14,"url":null,"entity_id":"Q447816","candidates":[]}],[]],[[{"start":0,"end":13,"url":null,"entity_id":"Q61948784","candidates":[]}],[{"start":0,"end":13,"url":null,"entity_id":"Q447532","candidates":[]}],[]],[[{"start":0,"end":36,"url":null,"entity_id":"Q30097626","candidates":[]}],[{"start":0,"end":15,"url":null,"entity_id":"Q356311","candidates":[]}],[]],[[{"start":0,"end":30,"url":null,"entity_id":"Q29533281","candidates":[]}],[{"start":0,"end":14,"url":null,"entity_id":"Q254811","candidates":[]}],[]],[[{"start":0,"end":22,"url":null,"entity_id":"Q33989957","candidates":[]}],[{"start":0,"end":13,"url":null,"entity_id":"Q251770","candidates":[]}],[]],[[{"start":0,"end":28,"url":null,"entity_id":"Q47035044","candidates":[]}],[{"start":0,"end":14,"url":null,"entity_id":"Q241961","candidates":[]}],[]],[[{"start":0,"end":32,"url":null,"entity_id":"Q62721147","candidates":[]}],[{"start":0,"end":17,"url":null,"entity_id":"Q164090","candidates":[]}],[]],[[{"start":0,"end":22,"url":null,"entity_id":"Q42350513","candidates":[]}],[{"start":0,"end":12,"url":null,"entity_id":"Q137614","candidates":[]}],[]],[[{"start":0,"end":24,"url":null,"entity_id":"Q29267709","candidates":[]}],[{"start":0,"end":12,"url":null,"entity_id":"Q17634718","candidates":[]}],[]],[[{"start":0,"end":22,"url":null,"entity_id":"Q28927471","candidates":[]}],[{"start":0,"end":15,"url":null,"entity_id":"Q2947318","candidates":[]}],[]],[[{"start":0,"end":16,"url":null,"entity_id":"Q27990553","candidates":[]}],[{"start":0,"end":11,"url":null,"entity_id":"Q1870370","candidates":[]}],[]],[[{"start":0,"end":26,"url":null,"entity_id":"Q29066324","candidates":[]}],[{"start":0,"end":18,"url":null,"entity_id":"Q1726229","candidates":[]}],[]],[[{"start":0,"end":13,"url":null,"entity_id":"Q28858979","candidates":[]}],[{"start":0,"end":11,"url":null,"entity_id":"Q939507","candidates":[]}],[]],[[{"start":0,"end":17,"url":null,"entity_id":"Q29317221","candidates":[]}],[{"start":0,"end":13,"url":null,"entity_id":"Q723815","candidates":[]}],[]],[[{"start":0,"end":22,"url":null,"entity_id":"Q28973079","candidates":[]}],[{"start":0,"end":13,"url":null,"entity_id":"Q721405","candidates":[]}],[]],[[{"start":0,"end":23,"url":null,"entity_id":"Q29055649","candidates":[]}],[{"start":0,"end":12,"url":null,"entity_id":"Q713320","candidates":[]}],[]],[[{"start":0,"end":21,"url":null,"entity_id":"Q28839187","candidates":[]}],[{"start":0,"end":13,"url":null,"entity_id":"Q711788","candidates":[]}],[]],[[{"start":0,"end":43,"url":null,"entity_id":"Q28473191","candidates":[]}],[{"start":0,"end":13,"url":null,"entity_id":"Q711788","candidates":[]}],[]],[[{"start":0,"end":24,"url":null,"entity_id":"Q28732095","candidates":[]}],[{"start":0,"end":17,"url":null,"entity_id":"Q573145","candidates":[]}],[]],[[{"start":0,"end":24,"url":null,"entity_id":"Q28838836","candidates":[]}],[{"start":0,"end":15,"url":null,"entity_id":"Q522424","candidates":[]}],[]],[[{"start":0,"end":31,"url":null,"entity_id":"Q28466981","candidates":[]}],[{"start":0,"end":16,"url":null,"entity_id":"Q518423","candidates":[]}],[]],[[{"start":0,"end":12,"url":null,"entity_id":"Q27927597","candidates":[]}],[{"start":0,"end":13,"url":null,"entity_id":"Q494619","candidates":[]}],[]],[[{"start":0,"end":23,"url":null,"entity_id":"Q28698127","candidates":[]}],[{"start":0,"end":13,"url":null,"entity_id":"Q481277","candidates":[]}],[]],[[{"start":0,"end":17,"url":null,"entity_id":"Q28973130","candidates":[]}],[{"start":0,"end":14,"url":null,"entity_id":"Q458174","candidates":[]}],[]],[[{"start":0,"end":29,"url":null,"entity_id":"Q28934888","candidates":[]}],[{"start":0,"end":14,"url":null,"entity_id":"Q458174","candidates":[]}],[]],[[{"start":0,"end":28,"url":null,"entity_id":"Q28870169","candidates":[]}],[{"start":0,"end":14,"url":null,"entity_id":"Q440790","candidates":[]}],[]],[[{"start":0,"end":22,"url":null,"entity_id":"Q29056376","candidates":[]}],[{"start":0,"end":18,"url":null,"entity_id":"Q381705","candidates":[]}],[]],[[{"start":0,"end":20,"url":null,"entity_id":"Q28973091","candidates":[]}],[{"start":0,"end":15,"url":null,"entity_id":"Q356311","candidates":[]}],[]],[[{"start":0,"end":21,"url":null,"entity_id":"Q28945491","candidates":[]}],[{"start":0,"end":11,"url":null,"entity_id":"Q348805","candidates":[]}],[]],[[{"start":0,"end":41,"url":null,"entity_id":"Q28471114","candidates":[]}],[{"start":0,"end":20,"url":null,"entity_id":"Q289826","candidates":[]}],[]],[[{"start":0,"end":17,"url":null,"entity_id":"Q28467295","candidates":[]}],[{"start":0,"end":18,"url":null,"entity_id":"Q286183","candidates":[]}],[]],[[{"start":0,"end":39,"url":null,"entity_id":"Q28467169","candidates":[]}],[{"start":0,"end":18,"url":null,"entity_id":"Q286183","candidates":[]}],[]],[[{"start":0,"end":22,"url":null,"entity_id":"Q29266998","candidates":[]}],[{"start":0,"end":14,"url":null,"entity_id":"Q277582","candidates":[]}],[]],[[{"start":0,"end":23,"url":null,"entity_id":"Q28466688","candidates":[]}],[{"start":0,"end":13,"url":null,"entity_id":"Q168712","candidates":[]}],[]],[[{"start":0,"end":41,"url":null,"entity_id":"Q28913151","candidates":[]}],[{"start":0,"end":14,"url":null,"entity_id":"Q91193","candidates":[]}],[]],[[{"start":0,"end":20,"url":null,"entity_id":"Q28678686","candidates":[]}],[{"start":0,"end":13,"url":null,"entity_id":"Q6175","candidates":[]}],[]],[[{"start":0,"end":29,"url":null,"entity_id":"Q21884122","candidates":[]}],[{"start":0,"end":14,"url":null,"entity_id":"Q2852985","candidates":[]}],[]],[[{"start":0,"end":17,"url":null,"entity_id":"Q23673809","candidates":[]}],[{"start":0,"end":19,"url":null,"entity_id":"Q807114","candidates":[]}],[]],[[{"start":0,"end":39,"url":null,"entity_id":"Q21884141","candidates":[]}],[{"start":0,"end":19,"url":null,"entity_id":"Q807114","candidates":[]}],[]],[[{"start":0,"end":26,"url":null,"entity_id":"Q21831173","candidates":[]}],[{"start":0,"end":9,"url":null,"entity_id":"Q717381","candidates":[]}],[]],[[{"start":0,"end":21,"url":null,"entity_id":"Q21870283","candidates":[]}],[{"start":0,"end":13,"url":null,"entity_id":"Q711788","candidates":[]}],[]],[[{"start":0,"end":22,"url":null,"entity_id":"Q21903469","candidates":[]}],[{"start":0,"end":11,"url":null,"entity_id":"Q518376","candidates":[]}],[]],[[{"start":0,"end":23,"url":null,"entity_id":"Q21885938","candidates":[]}],[{"start":0,"end":12,"url":null,"entity_id":"Q459475","candidates":[]}],[]]]}