{"version":"1.2","table":{"version":"2","table_id":"QV3ZH9BV","columns":[{"index":0,"name":"col0","values":["Rio Blanco County","Ouray County","San Juan County","San Miguel County","Morgan County","Teller County","Yuma County","Park County","Montrose County","Rio Grande County","Routt County","Pueblo County","Lincoln County","Saguache County","Otero County","Montezuma County","Washington County","Pitkin County","Mineral County","Logan County"]},{"index":1,"name":"col1","values":["6807","4557","692","7678","28404","23275","10151","16121","40713","11803","23513","161451","5430","6208","18703","25642","4803","17379","721","22450"]},{"index":2,"name":"col2","values":["0.06","0.1","0.2","0.2","1","0.3","0.2","0.8","0.08","0.04","0.3","0.5","0.3","0.05","0.6","0.5","0.2","0.3","0.2","0.3"]},{"index":3,"name":"col3","values":["8347","1405","1006","3337","3351","1448","6136","5726","5808","2362","6133","6210","6699","8206","3289","5284","6537","2521","2273","4778"]}]},"context":{"page_title":null,"page_url":null,"page_entity_id":null,"content_hierarchy":[]},"links":[[[{"start":0,"end":17,"url":null,"entity_id":"Q492044","candidates":[]}],[],[],[]],[[{"start":0,"end":12,"url":null,"entity_id":"Q426699","candidates":[]}],[],[],[]],[[{"start":0,"end":15,"url":null,"entity_id":"Q370710","candidates":[]}],[],[],[]],[[{"start":0,"end":17,"url":null,"entity_id":"Q312750","candidates":[]}],[],[],[]],[[{"start":0,"end":13,"url":null,"entity_id":"Q312748","candidates":[]}],[],[],[]],[[{"start":0,"end":13,"url":null,"entity_id":"Q312746","candidates":[]}],[],[],[]],[[{"start":0,"end":11,"url":null,"entity_id":"Q312744","candidates":[]}],[],[],[]],[[{"start":0,"end":11,"url":null,"entity_id":"Q312742","candidates":[]}],[],[],[]],[[{"start":0,"end":15,"url":null,"entity_id":"Q312740","candidates":[]}],[],[],[]],[[{"start":0,"end":17,"url":null,"entity_id":"Q312737","candidates":[]}],[],[],[]],[[{"start":0,"end":12,"url":null,"entity_id":"Q312734","candidates":[]}],[],[],[]],[[{"start":0,"end":13,"url":null,"entity_id":"Q312731","candidates":[]}],[],[],[]],[[{"start":0,"end":14,"url":null,"entity_id":"Q312586","candidates":[]}],[],[],[]],[[{"start":0,"end":15,"url":null,"entity_id":"Q312563","candidates":[]}],[],[],[]],[[{"start":0,"end":12,"url":null,"entity_id":"Q312509","candidates":[]}],[],[],[]],[[{"start":0,"end":16,"url":null,"entity_id":"Q312497","candidates":[]}],[],[],[]],[[{"start":0,"end":17,"url":null,"entity_id":"Q312487","candidates":[]}],[],[],[]],[[{"start":0,"end":13,"url":null,"entity_id":"Q312475","candidates":[]}],[],[],[]],[[{"start":0,"end":14,"url":null,"entity_id":"Q312473","candidates":[]}],[],[],[]],[[{"start":0,"end":12,"url":null,"entity_id":"Q312470","candidates":[]}],[],[],[]]]}