{"version":"1.2","table":{"version":"2","table_id":"QV99MA1K","columns":[{"index":0,"name":"col0","values":["CD-59 4454","TYC 154-1871-1","KIC 2310284","KIC 5977646","HD 322990","HD 39508","CD-44 8232","HD 128585","HD 14250","TYC 3148-1420-1","Cl* NGC 2632 S 184","TYC 1395-602-1","COROT-2","Mu Normae","HD 55857","HD 54764","23 Sextantis","10 Persei","HD 27026","Zeta Cassiopeiae"]},{"index":1,"name":"col1","values":["Crux","Monoceros","Cygnus","Cygnus","Scorpius","Orion","Centaurus","Lupus","Perseus","Cygnus","Cancer","Cancer","Aquila","Norma","Canis Major","Canis Major","Sextans","Perseus","Perseus","Cassiopeia"]},{"index":2,"name":"col2","values":["-4.849","-1.949","-2.486","-6.457","-30.468","-2.106","-14.047","-2.977","-1.53","-4.977","-35.891","-35.264","-10.936","-3.133","-2.093","-2.836","-8.656","-1.355","-37.911","-6.763"]},{"index":3,"name":"col3","values":["48","3","142","213","9.9","298","33.2","87","236","229","8.9","5.5","10.3","57","150","123","190","44","242","23"]},{"index":4,"name":"col4","values":["2027.164","1453.4884","1540.832","1379.6909","116.9249","1092.4186","797.8299","1688.3336","1245.0199","1021.9724","186.8775","187.0907","214.555","1108","530.6166","633","410","1704","173.0253","108.8151"]},{"index":5,"name":"col5","values":["193.3361390547835","98.4302310081102","293.0622584056412","296.5015845963328","259.0319897868044","88.4444972108396","191.9819035205732","219.8701677540514","35.0655100057609","295.8124930099826","130.4765817885373","129.9063106406761","291.7770603422066","248.52091783958","108.4018664528563","107.3890146740799","155.2583571392487","36.3167861710263","64.5337892208708","9.2428507775"]}]},"context":{"page_title":null,"page_url":null,"page_entity_id":null,"content_hierarchy":[]},"links":[[[{"start":0,"end":10,"url":null,"entity_id":"Q77838532","candidates":[]}],[{"start":0,"end":4,"url":null,"entity_id":"Q10542","candidates":[]}],[],[],[],[]],[[{"start":0,"end":14,"url":null,"entity_id":"Q80225356","candidates":[]}],[{"start":0,"end":9,"url":null,"entity_id":"Q10428","candidates":[]}],[],[],[],[]],[[{"start":0,"end":11,"url":null,"entity_id":"Q84192114","candidates":[]}],[{"start":0,"end":6,"url":null,"entity_id":"Q8921","candidates":[]}],[],[],[],[]],[[{"start":0,"end":11,"url":null,"entity_id":"Q84191449","candidates":[]}],[{"start":0,"end":6,"url":null,"entity_id":"Q8921","candidates":[]}],[],[],[],[]],[[{"start":0,"end":9,"url":null,"entity_id":"Q76563888","candidates":[]}],[{"start":0,"end":8,"url":null,"entity_id":"Q8865","candidates":[]}],[],[],[],[]],[[{"start":0,"end":8,"url":null,"entity_id":"Q79172245","candidates":[]}],[{"start":0,"end":5,"url":null,"entity_id":"Q8860","candidates":[]}],[],[],[],[]],[[{"start":0,"end":10,"url":null,"entity_id":"Q79854540","candidates":[]}],[{"start":0,"end":9,"url":null,"entity_id":"Q8844","candidates":[]}],[],[],[],[]],[[{"start":0,"end":9,"url":null,"entity_id":"Q85401803","candidates":[]}],[{"start":0,"end":5,"url":null,"entity_id":"Q10571","candidates":[]}],[],[],[],[]],[[{"start":0,"end":8,"url":null,"entity_id":"Q85390270","candidates":[]}],[{"start":0,"end":7,"url":null,"entity_id":"Q10511","candidates":[]}],[],[],[],[]],[[{"start":0,"end":15,"url":null,"entity_id":"Q85015709","candidates":[]}],[{"start":0,"end":6,"url":null,"entity_id":"Q8921","candidates":[]}],[],[],[],[]],[[{"start":0,"end":18,"url":null,"entity_id":"Q84863599","candidates":[]}],[{"start":0,"end":6,"url":null,"entity_id":"Q8849","candidates":[]}],[],[],[],[]],[[{"start":0,"end":14,"url":null,"entity_id":"Q84863314","candidates":[]}],[{"start":0,"end":6,"url":null,"entity_id":"Q8849","candidates":[]}],[],[],[],[]],[[{"start":0,"end":7,"url":null,"entity_id":"Q1104070","candidates":[]}],[{"start":0,"end":6,"url":null,"entity_id":"Q10586","candidates":[]}],[],[],[],[]],[[{"start":0,"end":9,"url":null,"entity_id":"Q2661499","candidates":[]}],[{"start":0,"end":5,"url":null,"entity_id":"Q10582","candidates":[]}],[],[],[],[]],[[{"start":0,"end":8,"url":null,"entity_id":"Q3781316","candidates":[]}],[{"start":0,"end":11,"url":null,"entity_id":"Q10538","candidates":[]}],[],[],[],[]],[[{"start":0,"end":8,"url":null,"entity_id":"Q3781296","candidates":[]}],[{"start":0,"end":11,"url":null,"entity_id":"Q10538","candidates":[]}],[],[],[],[]],[[{"start":0,"end":12,"url":null,"entity_id":"Q10893071","candidates":[]}],[{"start":0,"end":7,"url":null,"entity_id":"Q10525","candidates":[]}],[],[],[],[]],[[{"start":0,"end":9,"url":null,"entity_id":"Q15939812","candidates":[]}],[{"start":0,"end":7,"url":null,"entity_id":"Q10511","candidates":[]}],[],[],[],[]],[[{"start":0,"end":8,"url":null,"entity_id":"Q10849785","candidates":[]}],[{"start":0,"end":7,"url":null,"entity_id":"Q10511","candidates":[]}],[],[],[],[]],[[{"start":0,"end":16,"url":null,"entity_id":"Q2663502","candidates":[]}],[{"start":0,"end":10,"url":null,"entity_id":"Q10464","candidates":[]}],[],[],[],[]]]}