{"version":"1.2","table":{"version":"2","table_id":"QW38JPD1","columns":[{"index":0,"name":"col0","values":["Týn nad Vltavou","Český Krumlov","Mladá Boleslav","Šafov","Říčany","Štěpánovice","Štědrá","Štíty","Štětí","Švihov","Štítary","Šternberk","Šatov","Herálec","Jablunkov","Přibyslav","Jiřetín pod Jedlovou","Veverská Bítýška","Opava","Jablonec nad Nisou"]},{"index":1,"name":"col1","values":["Cultural monuments in Týn nad Vltavou","list of cultural monuments in Český Krumlov","Cultural monuments in Mladá Boleslav","Cultural monuments in Šafov","Cultural monuments in Říčany (Brno-Country District)","Cultural monuments in Štěpánovice (Brno-Country District)","Cultural monuments in Štědrá","Cultural monuments in Štíty","Cultural monuments in Štětí","Cultural monuments in Švihov","Cultural monuments in Štítary","Cultural monuments in Šternberk","Cultural monuments in Šatov","Cultural monuments in Herálec (Havlíčkův Brod District)","Cultural monuments in Jablunkov","Cultural monuments in Přibyslav","Cultural monuments in Jiřetín pod Jedlovou","Cultural monuments in Veverská Bítýška","Cultural monuments in Opava","Cultural monuments in Jablonec nad Nisou"]},{"index":2,"name":"col2","values":["8000","13085","44489","153","2071","521","550","2021","8685","1678","618","13495","1125","1112","5547","4012","672","3270","56638","45802"]}]},"context":{"page_title":null,"page_url":null,"page_entity_id":null,"content_hierarchy":[]},"links":[[[{"start":0,"end":15,"url":null,"entity_id":"Q815541","candidates":[]}],[{"start":0,"end":37,"url":null,"entity_id":"Q8556143","candidates":[]}],[]],[[{"start":0,"end":13,"url":null,"entity_id":"Q188082","candidates":[]}],[{"start":0,"end":43,"url":null,"entity_id":"Q12052348","candidates":[]}],[]],[[{"start":0,"end":14,"url":null,"entity_id":"Q191805","candidates":[]}],[{"start":0,"end":36,"url":null,"entity_id":"Q12052168","candidates":[]}],[]],[[{"start":0,"end":5,"url":null,"entity_id":"Q390917","candidates":[]}],[{"start":0,"end":27,"url":null,"entity_id":"Q40649530","candidates":[]}],[]],[[{"start":0,"end":6,"url":null,"entity_id":"Q387004","candidates":[]}],[{"start":0,"end":52,"url":null,"entity_id":"Q19930014","candidates":[]}],[]],[[{"start":0,"end":11,"url":null,"entity_id":"Q392616","candidates":[]}],[{"start":0,"end":57,"url":null,"entity_id":"Q18042675","candidates":[]}],[]],[[{"start":0,"end":6,"url":null,"entity_id":"Q392560","candidates":[]}],[{"start":0,"end":28,"url":null,"entity_id":"Q17449760","candidates":[]}],[]],[[{"start":0,"end":5,"url":null,"entity_id":"Q392544","candidates":[]}],[{"start":0,"end":27,"url":null,"entity_id":"Q16163893","candidates":[]}],[]],[[{"start":0,"end":5,"url":null,"entity_id":"Q392624","candidates":[]}],[{"start":0,"end":27,"url":null,"entity_id":"Q15458120","candidates":[]}],[]],[[{"start":0,"end":6,"url":null,"entity_id":"Q392779","candidates":[]}],[{"start":0,"end":28,"url":null,"entity_id":"Q15276658","candidates":[]}],[]],[[{"start":0,"end":7,"url":null,"entity_id":"Q392523","candidates":[]}],[{"start":0,"end":29,"url":null,"entity_id":"Q12052583","candidates":[]}],[]],[[{"start":0,"end":9,"url":null,"entity_id":"Q392429","candidates":[]}],[{"start":0,"end":31,"url":null,"entity_id":"Q12052581","candidates":[]}],[]],[[{"start":0,"end":5,"url":null,"entity_id":"Q391317","candidates":[]}],[{"start":0,"end":27,"url":null,"entity_id":"Q12052352","candidates":[]}],[]],[[{"start":0,"end":7,"url":null,"entity_id":"Q164486","candidates":[]}],[{"start":0,"end":55,"url":null,"entity_id":"Q23948906","candidates":[]}],[]],[[{"start":0,"end":9,"url":null,"entity_id":"Q149108","candidates":[]}],[{"start":0,"end":31,"url":null,"entity_id":"Q15091743","candidates":[]}],[]],[[{"start":0,"end":9,"url":null,"entity_id":"Q161060","candidates":[]}],[{"start":0,"end":31,"url":null,"entity_id":"Q15089131","candidates":[]}],[]],[[{"start":0,"end":20,"url":null,"entity_id":"Q164471","candidates":[]}],[{"start":0,"end":42,"url":null,"entity_id":"Q15057953","candidates":[]}],[]],[[{"start":0,"end":16,"url":null,"entity_id":"Q149320","candidates":[]}],[{"start":0,"end":38,"url":null,"entity_id":"Q14687568","candidates":[]}],[]],[[{"start":0,"end":5,"url":null,"entity_id":"Q156080","candidates":[]}],[{"start":0,"end":27,"url":null,"entity_id":"Q12052195","candidates":[]}],[]],[[{"start":0,"end":18,"url":null,"entity_id":"Q147607","candidates":[]}],[{"start":0,"end":40,"url":null,"entity_id":"Q12052090","candidates":[]}],[]]]}