{"version":"1.2","table":{"version":"2","table_id":"QZAVO91E","columns":[{"index":0,"name":"col0","values":["Garo","Yūkan Clud","Denjin Zaorger","Iguana\"Girl","Seigi no Mimata","Mitsu no Aji A Taste of Honey","Q.E..","Muse no Lagapi","Furuhata Ninzabrō","Ppoi!","Haru toNatsu","Akkurushi","Tokyo Zhnryoku Shōjo","Schol","Kazokuno Uta","Jūichinio mo iru!","A Great Way to Cae","Asu no Hikari woTukbme","Dinosaur Corps Koteidon","Hammer\"Session!"]},{"index":1,"name":"col1","values":["25.792","10.049999999999999","52.05199999999999","10.967","10.03","10.989","10.08","24.240000000000002","41.748","8.064","4.99","10.956","11.033","10.1","8.008","8.973","45.315","90.72","52.25999999999999","11.088000000000001"]},{"index":2,"name":"col2","values":["2.0","1.003","1.005","1.006","0.996","1.006","1.002","0.991","3.984","1.002","1.006","0.992","1.003","0.997","1.006","0.998","2.0","2.02","2.002","1.003"]}]},"context":{"page_title":null,"page_url":null,"page_entity_id":null,"content_hierarchy":[]},"links":[[[{"start":0,"end":4,"url":null,"entity_id":"Q2609117","candidates":[]}],[],[]],[[{"start":0,"end":10,"url":null,"entity_id":"Q2482065","candidates":[]}],[],[]],[[{"start":0,"end":14,"url":null,"entity_id":"Q2464086","candidates":[]}],[],[]],[[{"start":0,"end":11,"url":null,"entity_id":"Q2077502","candidates":[]}],[],[]],[[{"start":0,"end":15,"url":null,"entity_id":"Q1188879","candidates":[]}],[],[]],[[{"start":0,"end":29,"url":null,"entity_id":"Q1137114","candidates":[]}],[],[]],[[{"start":0,"end":5,"url":null,"entity_id":"Q1135524","candidates":[]}],[],[]],[[{"start":0,"end":14,"url":null,"entity_id":"Q1058051","candidates":[]}],[],[]],[[{"start":0,"end":17,"url":null,"entity_id":"Q1048605","candidates":[]}],[],[]],[[{"start":0,"end":5,"url":null,"entity_id":"Q1047247","candidates":[]}],[],[]],[[{"start":0,"end":12,"url":null,"entity_id":"Q985890","candidates":[]}],[],[]],[[{"start":0,"end":9,"url":null,"entity_id":"Q985832","candidates":[]}],[],[]],[[{"start":0,"end":20,"url":null,"entity_id":"Q903106","candidates":[]}],[],[]],[[{"start":0,"end":5,"url":null,"entity_id":"Q900991","candidates":[]}],[],[]],[[{"start":0,"end":12,"url":null,"entity_id":"Q899764","candidates":[]}],[],[]],[[{"start":0,"end":17,"url":null,"entity_id":"Q870333","candidates":[]}],[],[]],[[{"start":0,"end":18,"url":null,"entity_id":"Q4657178","candidates":[]}],[],[]],[[{"start":0,"end":22,"url":null,"entity_id":"Q4184075","candidates":[]}],[],[]],[[{"start":0,"end":23,"url":null,"entity_id":"Q3816529","candidates":[]}],[],[]],[[{"start":0,"end":15,"url":null,"entity_id":"Q3782890","candidates":[]}],[],[]]]}