{"version":"1.2","table":{"version":"2","table_id":"QZO05DSQ","columns":[{"index":0,"name":"col0","values":["Skil 5480-01","Skil SHD77","Porter Cable 743","Bosch CS20","Hitachi C7SB2","Porter Cable 423MAG","Bosch CS5","Makita 5057KB","Makita 5277NB","Porter Cable 314","Skil 5680","Porter Cable 345","Milwaukee 6370-20","Skil 5380-01","Milwaukee 6378","Makita 4200NH","Craftsman 172-10865","Milwaukee 6391-21","Milwaukee 6375-20","Milwaukee 6390-20"]},{"index":1,"name":"col1","values":["716","985","596","662","616","695","880","713","605","304","853","424","693","730","720","325","806","882","753","651"]},{"index":2,"name":"col2","values":["2.5","2.7","2.5","2.7","3.2","2.7","4.8","3","2.9","3.4","2.1","2.2","6.1","5.2","3.9","2.3","3.7","3.5","3.2","2.5"]},{"index":3,"name":"col3","values":["103","103","98","99","100","106","103","101","95","95","103","95","102","104","102","99","101","98","102","97"]}]},"context":{"page_title":null,"page_url":null,"page_entity_id":null,"content_hierarchy":[]},"links":[[[{"start":0,"end":12,"url":null,"entity_id":"Q23775198","candidates":[]}],[],[],[]],[[{"start":0,"end":10,"url":null,"entity_id":"Q23775196","candidates":[]}],[],[],[]],[[{"start":0,"end":16,"url":null,"entity_id":"Q23775193","candidates":[]}],[],[],[]],[[{"start":0,"end":10,"url":null,"entity_id":"Q23775190","candidates":[]}],[],[],[]],[[{"start":0,"end":13,"url":null,"entity_id":"Q23775187","candidates":[]}],[],[],[]],[[{"start":0,"end":19,"url":null,"entity_id":"Q23775184","candidates":[]}],[],[],[]],[[{"start":0,"end":9,"url":null,"entity_id":"Q23775182","candidates":[]}],[],[],[]],[[{"start":0,"end":13,"url":null,"entity_id":"Q23775179","candidates":[]}],[],[],[]],[[{"start":0,"end":13,"url":null,"entity_id":"Q23775177","candidates":[]}],[],[],[]],[[{"start":0,"end":16,"url":null,"entity_id":"Q23775175","candidates":[]}],[],[],[]],[[{"start":0,"end":9,"url":null,"entity_id":"Q23775172","candidates":[]}],[],[],[]],[[{"start":0,"end":16,"url":null,"entity_id":"Q23775170","candidates":[]}],[],[],[]],[[{"start":0,"end":17,"url":null,"entity_id":"Q23775168","candidates":[]}],[],[],[]],[[{"start":0,"end":12,"url":null,"entity_id":"Q23775230","candidates":[]}],[],[],[]],[[{"start":0,"end":14,"url":null,"entity_id":"Q23775228","candidates":[]}],[],[],[]],[[{"start":0,"end":13,"url":null,"entity_id":"Q23775225","candidates":[]}],[],[],[]],[[{"start":0,"end":19,"url":null,"entity_id":"Q23775223","candidates":[]}],[],[],[]],[[{"start":0,"end":17,"url":null,"entity_id":"Q23775220","candidates":[]}],[],[],[]],[[{"start":0,"end":17,"url":null,"entity_id":"Q23775218","candidates":[]}],[],[],[]],[[{"start":0,"end":17,"url":null,"entity_id":"Q23775216","candidates":[]}],[],[],[]]]}