{"version":"1.2","table":{"version":"2","table_id":"R2F5RC6C","columns":[{"index":0,"name":"col0","values":["1940 Indianapolis 500","1983 Indianapolis 500","1949 Indianapolis 500","1960 Indianapolis 500","1959 Indianapolis 500","1958 Indianapolis 500","1957 Indianapolis 500","1956 Indianapolis 500","1955 Indianapolis 500","1976 Indianapolis 500","1914 Indianapolis 500","1961 Indianapolis 500","2008 Indianapolis 500","2012 Indianapolis 500","1954 Indianapolis 500","1953 Indianapolis 500","1950 Indianapolis 500","1951 Indianapolis 500","1952 Indianapolis 500","2020 Indianapolis 500"]},{"index":1,"name":"col1","values":["Indianapolis Motor Speedway","Indianapolis Motor Speedway","Indianapolis Motor Speedway","Indianapolis Motor Speedway","Indianapolis Motor Speedway","Indianapolis Motor Speedway","Indianapolis Motor Speedway","Indianapolis Motor Speedway","Indianapolis Motor Speedway","Indianapolis Motor Speedway","Indianapolis Motor Speedway","Indianapolis Motor Speedway","Indianapolis Motor Speedway","Indianapolis Motor Speedway","Indianapolis Motor Speedway","Indianapolis Motor Speedway","Indianapolis Motor Speedway","Indianapolis Motor Speedway","Indianapolis Motor Speedway","Indianapolis Motor Speedway"]},{"index":2,"name":"col2","values":["1940-01-01","1983-01-01","1949-01-01","1960-05-30","1959-05-30","1958-05-30","1957-05-30","1956-05-30","1955-05-30","1976-01-01","1914-01-01","1961-05-30","2008-05-25","2012-05-27","1954-05-31","1953-05-30","1950-05-30","1951-05-30","1952-05-30","2020-05-24"]},{"index":3,"name":"col3","values":["Indianapolis Motor Speedway oval circuit","Indianapolis Motor Speedway oval circuit","Indianapolis Motor Speedway oval circuit","Indianapolis Motor Speedway oval circuit","Indianapolis Motor Speedway oval circuit","Indianapolis Motor Speedway oval circuit","Indianapolis Motor Speedway oval circuit","Indianapolis Motor Speedway oval circuit","Indianapolis Motor Speedway oval circuit","Indianapolis Motor Speedway oval circuit","Indianapolis Motor Speedway oval circuit","Indianapolis Motor Speedway oval circuit","Indianapolis Motor Speedway oval circuit","Indianapolis Motor Speedway oval circuit","Indianapolis Motor Speedway oval circuit","Indianapolis Motor Speedway oval circuit","Indianapolis Motor Speedway oval circuit","Indianapolis Motor Speedway oval circuit","Indianapolis Motor Speedway oval circuit","Indianapolis Motor Speedway oval circuit"]},{"index":4,"name":"col4","values":["auto racing","auto racing","auto racing","auto racing","auto racing","auto racing","auto racing","auto racing","auto racing","auto racing","auto racing","auto racing","auto racing","auto racing","auto racing","auto racing","auto racing","auto racing","auto racing","auto racing"]}]},"context":{"page_title":null,"page_url":null,"page_entity_id":null,"content_hierarchy":[]},"links":[[[{"start":0,"end":21,"url":null,"entity_id":"Q428719","candidates":[]}],[{"start":0,"end":27,"url":null,"entity_id":"Q172732","candidates":[]}],[],[{"start":0,"end":40,"url":null,"entity_id":"Q66626352","candidates":[]}],[{"start":0,"end":11,"url":null,"entity_id":"Q5386","candidates":[]}]],[[{"start":0,"end":21,"url":null,"entity_id":"Q426982","candidates":[]}],[{"start":0,"end":27,"url":null,"entity_id":"Q172732","candidates":[]}],[],[{"start":0,"end":40,"url":null,"entity_id":"Q66626352","candidates":[]}],[{"start":0,"end":11,"url":null,"entity_id":"Q5386","candidates":[]}]],[[{"start":0,"end":21,"url":null,"entity_id":"Q390343","candidates":[]}],[{"start":0,"end":27,"url":null,"entity_id":"Q172732","candidates":[]}],[],[{"start":0,"end":40,"url":null,"entity_id":"Q66626352","candidates":[]}],[{"start":0,"end":11,"url":null,"entity_id":"Q5386","candidates":[]}]],[[{"start":0,"end":21,"url":null,"entity_id":"Q307404","candidates":[]}],[{"start":0,"end":27,"url":null,"entity_id":"Q172732","candidates":[]}],[],[{"start":0,"end":40,"url":null,"entity_id":"Q66626352","candidates":[]}],[{"start":0,"end":11,"url":null,"entity_id":"Q5386","candidates":[]}]],[[{"start":0,"end":21,"url":null,"entity_id":"Q307392","candidates":[]}],[{"start":0,"end":27,"url":null,"entity_id":"Q172732","candidates":[]}],[],[{"start":0,"end":40,"url":null,"entity_id":"Q66626352","candidates":[]}],[{"start":0,"end":11,"url":null,"entity_id":"Q5386","candidates":[]}]],[[{"start":0,"end":21,"url":null,"entity_id":"Q307375","candidates":[]}],[{"start":0,"end":27,"url":null,"entity_id":"Q172732","candidates":[]}],[],[{"start":0,"end":40,"url":null,"entity_id":"Q66626352","candidates":[]}],[{"start":0,"end":11,"url":null,"entity_id":"Q5386","candidates":[]}]],[[{"start":0,"end":21,"url":null,"entity_id":"Q307358","candidates":[]}],[{"start":0,"end":27,"url":null,"entity_id":"Q172732","candidates":[]}],[],[{"start":0,"end":40,"url":null,"entity_id":"Q66626352","candidates":[]}],[{"start":0,"end":11,"url":null,"entity_id":"Q5386","candidates":[]}]],[[{"start":0,"end":21,"url":null,"entity_id":"Q307340","candidates":[]}],[{"start":0,"end":27,"url":null,"entity_id":"Q172732","candidates":[]}],[],[{"start":0,"end":40,"url":null,"entity_id":"Q66626352","candidates":[]}],[{"start":0,"end":11,"url":null,"entity_id":"Q5386","candidates":[]}]],[[{"start":0,"end":21,"url":null,"entity_id":"Q307321","candidates":[]}],[{"start":0,"end":27,"url":null,"entity_id":"Q172732","candidates":[]}],[],[{"start":0,"end":40,"url":null,"entity_id":"Q66626352","candidates":[]}],[{"start":0,"end":11,"url":null,"entity_id":"Q5386","candidates":[]}]],[[{"start":0,"end":21,"url":null,"entity_id":"Q280441","candidates":[]}],[{"start":0,"end":27,"url":null,"entity_id":"Q172732","candidates":[]}],[],[{"start":0,"end":40,"url":null,"entity_id":"Q66626352","candidates":[]}],[{"start":0,"end":11,"url":null,"entity_id":"Q5386","candidates":[]}]],[[{"start":0,"end":21,"url":null,"entity_id":"Q267139","candidates":[]}],[{"start":0,"end":27,"url":null,"entity_id":"Q172732","candidates":[]}],[],[{"start":0,"end":40,"url":null,"entity_id":"Q66626352","candidates":[]}],[{"start":0,"end":11,"url":null,"entity_id":"Q5386","candidates":[]}]],[[{"start":0,"end":21,"url":null,"entity_id":"Q173726","candidates":[]}],[{"start":0,"end":27,"url":null,"entity_id":"Q172732","candidates":[]}],[],[{"start":0,"end":40,"url":null,"entity_id":"Q66626352","candidates":[]}],[{"start":0,"end":11,"url":null,"entity_id":"Q5386","candidates":[]}]],[[{"start":0,"end":21,"url":null,"entity_id":"Q173546","candidates":[]}],[{"start":0,"end":27,"url":null,"entity_id":"Q172732","candidates":[]}],[],[{"start":0,"end":40,"url":null,"entity_id":"Q66626352","candidates":[]}],[{"start":0,"end":11,"url":null,"entity_id":"Q5386","candidates":[]}]],[[{"start":0,"end":21,"url":null,"entity_id":"Q173534","candidates":[]}],[{"start":0,"end":27,"url":null,"entity_id":"Q172732","candidates":[]}],[],[{"start":0,"end":40,"url":null,"entity_id":"Q66626352","candidates":[]}],[{"start":0,"end":11,"url":null,"entity_id":"Q5386","candidates":[]}]],[[{"start":0,"end":21,"url":null,"entity_id":"Q173052","candidates":[]}],[{"start":0,"end":27,"url":null,"entity_id":"Q172732","candidates":[]}],[],[{"start":0,"end":40,"url":null,"entity_id":"Q66626352","candidates":[]}],[{"start":0,"end":11,"url":null,"entity_id":"Q5386","candidates":[]}]],[[{"start":0,"end":21,"url":null,"entity_id":"Q173050","candidates":[]}],[{"start":0,"end":27,"url":null,"entity_id":"Q172732","candidates":[]}],[],[{"start":0,"end":40,"url":null,"entity_id":"Q66626352","candidates":[]}],[{"start":0,"end":11,"url":null,"entity_id":"Q5386","candidates":[]}]],[[{"start":0,"end":21,"url":null,"entity_id":"Q173033","candidates":[]}],[{"start":0,"end":27,"url":null,"entity_id":"Q172732","candidates":[]}],[],[{"start":0,"end":40,"url":null,"entity_id":"Q66626352","candidates":[]}],[{"start":0,"end":11,"url":null,"entity_id":"Q5386","candidates":[]}]],[[{"start":0,"end":21,"url":null,"entity_id":"Q173030","candidates":[]}],[{"start":0,"end":27,"url":null,"entity_id":"Q172732","candidates":[]}],[],[{"start":0,"end":40,"url":null,"entity_id":"Q66626352","candidates":[]}],[{"start":0,"end":11,"url":null,"entity_id":"Q5386","candidates":[]}]],[[{"start":0,"end":21,"url":null,"entity_id":"Q173027","candidates":[]}],[{"start":0,"end":27,"url":null,"entity_id":"Q172732","candidates":[]}],[],[{"start":0,"end":40,"url":null,"entity_id":"Q66626352","candidates":[]}],[{"start":0,"end":11,"url":null,"entity_id":"Q5386","candidates":[]}]],[[{"start":0,"end":21,"url":null,"entity_id":"Q65041117","candidates":[]}],[{"start":0,"end":27,"url":null,"entity_id":"Q172732","candidates":[]}],[],[{"start":0,"end":40,"url":null,"entity_id":"Q66626352","candidates":[]}],[{"start":0,"end":11,"url":null,"entity_id":"Q5386","candidates":[]}]]]}