{"version":"1.2","table":{"version":"2","table_id":"R3MDB4L4","columns":[{"index":0,"name":"col0","values":["2009 Four Continents Figure Skating Championships - ice dancing original dance","2007 Skate Canada International - ice dancing original dance","2004 Trophée Eric Bompard - ice dancing original dance","2005 Trophée Éric Bompard - ice dancing original dance","2006 Trophée Eric Bompard - ice dancing original dance","2007 Trophée Eric Bompard - ice dancing original dance","2008 Trophée Eric Bompard - ice dancing original dance","2009 Trophée Eric Bompard - ice dancing original dance","2007 NRW Trophy - senior ice dancing original dance","2008 NRW Trophy - senior ice dancing original dance","2009 NRW Trophy - senior ice dancing original dance","2005 Skate Canada International - ice dancing original dance","figure skating at the 2006 Winter Olympics - ice dancing original dance","2005 European Figure Skating Championships - ice dancing original dance","figure skating at the 2007 Winter Universiade - ice dancing original dance","2007–2008 Grand Prix of Figure Skating Final - ice dancing original dance","2010 World Figure Skating Championships - ice dancing original dance","2009 World Figure Skating Championships - ice dancing original dance","2006 NHK Trophy - ice dancing original dance","2009 NHK Trophy - ice dancing original dance"]},{"index":1,"name":"col1","values":["Pacific Coliseum","Colisée Pepsi","AccorHotels Arena","AccorHotels Arena","AccorHotels Arena","AccorHotels Arena","AccorHotels Arena","AccorHotels Arena","Westfalenhallen","Westfalenhallen","Westfalenhallen","Mile One Centre","Torino Palavela","Torino Palavela","Torino Palavela","Torino Palavela","Torino Palavela","Staples Center","Big Hat","Big Hat"]},{"index":2,"name":"col2","values":["ice dance","ice dance","ice dance","ice dance","ice dance","ice dance","ice dance","ice dance","ice dance","ice dance","ice dance","ice dance","ice dance","ice dance","ice dance","ice dance","ice dance","ice dance","ice dance","ice dance"]}]},"context":{"page_title":null,"page_url":null,"page_entity_id":null,"content_hierarchy":[]},"links":[[[{"start":0,"end":78,"url":null,"entity_id":"Q73758834","candidates":[]}],[{"start":0,"end":16,"url":null,"entity_id":"Q832644","candidates":[]}],[{"start":0,"end":9,"url":null,"entity_id":"Q926191","candidates":[]}]],[[{"start":0,"end":60,"url":null,"entity_id":"Q74823464","candidates":[]}],[{"start":0,"end":13,"url":null,"entity_id":"Q600226","candidates":[]}],[{"start":0,"end":9,"url":null,"entity_id":"Q926191","candidates":[]}]],[[{"start":0,"end":54,"url":null,"entity_id":"Q74828640","candidates":[]}],[{"start":0,"end":17,"url":null,"entity_id":"Q537720","candidates":[]}],[{"start":0,"end":9,"url":null,"entity_id":"Q926191","candidates":[]}]],[[{"start":0,"end":54,"url":null,"entity_id":"Q74826540","candidates":[]}],[{"start":0,"end":17,"url":null,"entity_id":"Q537720","candidates":[]}],[{"start":0,"end":9,"url":null,"entity_id":"Q926191","candidates":[]}]],[[{"start":0,"end":54,"url":null,"entity_id":"Q74825380","candidates":[]}],[{"start":0,"end":17,"url":null,"entity_id":"Q537720","candidates":[]}],[{"start":0,"end":9,"url":null,"entity_id":"Q926191","candidates":[]}]],[[{"start":0,"end":54,"url":null,"entity_id":"Q74823923","candidates":[]}],[{"start":0,"end":17,"url":null,"entity_id":"Q537720","candidates":[]}],[{"start":0,"end":9,"url":null,"entity_id":"Q926191","candidates":[]}]],[[{"start":0,"end":54,"url":null,"entity_id":"Q74819019","candidates":[]}],[{"start":0,"end":17,"url":null,"entity_id":"Q537720","candidates":[]}],[{"start":0,"end":9,"url":null,"entity_id":"Q926191","candidates":[]}]],[[{"start":0,"end":54,"url":null,"entity_id":"Q67507170","candidates":[]}],[{"start":0,"end":17,"url":null,"entity_id":"Q537720","candidates":[]}],[{"start":0,"end":9,"url":null,"entity_id":"Q926191","candidates":[]}]],[[{"start":0,"end":51,"url":null,"entity_id":"Q75505331","candidates":[]}],[{"start":0,"end":15,"url":null,"entity_id":"Q516072","candidates":[]}],[{"start":0,"end":9,"url":null,"entity_id":"Q926191","candidates":[]}]],[[{"start":0,"end":51,"url":null,"entity_id":"Q75504121","candidates":[]}],[{"start":0,"end":15,"url":null,"entity_id":"Q516072","candidates":[]}],[{"start":0,"end":9,"url":null,"entity_id":"Q926191","candidates":[]}]],[[{"start":0,"end":51,"url":null,"entity_id":"Q75502836","candidates":[]}],[{"start":0,"end":15,"url":null,"entity_id":"Q516072","candidates":[]}],[{"start":0,"end":9,"url":null,"entity_id":"Q926191","candidates":[]}]],[[{"start":0,"end":60,"url":null,"entity_id":"Q74826159","candidates":[]}],[{"start":0,"end":15,"url":null,"entity_id":"Q473029","candidates":[]}],[{"start":0,"end":9,"url":null,"entity_id":"Q926191","candidates":[]}]],[[{"start":0,"end":71,"url":null,"entity_id":"Q75829998","candidates":[]}],[{"start":0,"end":15,"url":null,"entity_id":"Q241560","candidates":[]}],[{"start":0,"end":9,"url":null,"entity_id":"Q926191","candidates":[]}]],[[{"start":0,"end":71,"url":null,"entity_id":"Q74025897","candidates":[]}],[{"start":0,"end":15,"url":null,"entity_id":"Q241560","candidates":[]}],[{"start":0,"end":9,"url":null,"entity_id":"Q926191","candidates":[]}]],[[{"start":0,"end":74,"url":null,"entity_id":"Q67506707","candidates":[]}],[{"start":0,"end":15,"url":null,"entity_id":"Q241560","candidates":[]}],[{"start":0,"end":9,"url":null,"entity_id":"Q926191","candidates":[]}]],[[{"start":0,"end":73,"url":null,"entity_id":"Q67504530","candidates":[]}],[{"start":0,"end":15,"url":null,"entity_id":"Q241560","candidates":[]}],[{"start":0,"end":9,"url":null,"entity_id":"Q926191","candidates":[]}]],[[{"start":0,"end":68,"url":null,"entity_id":"Q66493881","candidates":[]}],[{"start":0,"end":15,"url":null,"entity_id":"Q241560","candidates":[]}],[{"start":0,"end":9,"url":null,"entity_id":"Q926191","candidates":[]}]],[[{"start":0,"end":68,"url":null,"entity_id":"Q66758533","candidates":[]}],[{"start":0,"end":14,"url":null,"entity_id":"Q186080","candidates":[]}],[{"start":0,"end":9,"url":null,"entity_id":"Q926191","candidates":[]}]],[[{"start":0,"end":44,"url":null,"entity_id":"Q74825702","candidates":[]}],[{"start":0,"end":7,"url":null,"entity_id":"Q180156","candidates":[]}],[{"start":0,"end":9,"url":null,"entity_id":"Q926191","candidates":[]}]],[[{"start":0,"end":44,"url":null,"entity_id":"Q74816123","candidates":[]}],[{"start":0,"end":7,"url":null,"entity_id":"Q180156","candidates":[]}],[{"start":0,"end":9,"url":null,"entity_id":"Q926191","candidates":[]}]]]}