{"version":"1.2","table":{"version":"2","table_id":"R3ZVLQNK","columns":[{"index":0,"name":"col0","values":["Mirani","Mermaid Beach","Maryborough","Mansfield","Mackay","Lytton","Logan","Lockyer","Keppel","Kawana","Ipswich West","Ipswich","Inala","Hinchinbrook","Hervey Bay","Gympie","Gregory","Greenslopes","Glass House","Gaven","Ferny Grove","Everton","Currumbin","Coomera","Cook","Condamine","Clayfield","Chatsworth","Capalaba","Caloundra","Callide","Cairns","Burnett","Burleigh","Burdekin","Bundamba","Bundaberg","Bulimba"]},{"index":1,"name":"col1","values":["53528","53648","51102","46906","43364","49425","50214","55221","54580","53503","55108","52119","58495","52783","53035","49300","41497","47328","55380","58463","45719","46194","48520","74650","51639","57395","52226","51151","47361","51095","46182","60238","48417","51486","48265","79568","43702","52351"]},{"index":2,"name":"col2","values":["32187","33675","35597","33275","36422","35693","32079","32961","34691","34080","33333","31187","33367","32795","36932","36304","24422","35037","32692","32079","34863","36221","33782","35706","31655","35919","37630","34283","35376","33459","32895","35677","33378","34044","33685","32791","34247","37093"]}]},"context":{"page_title":null,"page_url":null,"page_entity_id":null,"content_hierarchy":[]},"links":[[[{"start":0,"end":6,"url":null,"entity_id":"Q5355667","candidates":[]}],[],[]],[[{"start":0,"end":13,"url":null,"entity_id":"Q5355650","candidates":[]}],[],[]],[[{"start":0,"end":11,"url":null,"entity_id":"Q5355638","candidates":[]}],[],[]],[[{"start":0,"end":9,"url":null,"entity_id":"Q5355631","candidates":[]}],[],[]],[[{"start":0,"end":6,"url":null,"entity_id":"Q5355618","candidates":[]}],[],[]],[[{"start":0,"end":6,"url":null,"entity_id":"Q5355615","candidates":[]}],[],[]],[[{"start":0,"end":5,"url":null,"entity_id":"Q5355606","candidates":[]}],[],[]],[[{"start":0,"end":7,"url":null,"entity_id":"Q5355605","candidates":[]}],[],[]],[[{"start":0,"end":6,"url":null,"entity_id":"Q5355562","candidates":[]}],[],[]],[[{"start":0,"end":6,"url":null,"entity_id":"Q5355554","candidates":[]}],[],[]],[[{"start":0,"end":12,"url":null,"entity_id":"Q5355532","candidates":[]}],[],[]],[[{"start":0,"end":7,"url":null,"entity_id":"Q5355530","candidates":[]}],[],[]],[[{"start":0,"end":5,"url":null,"entity_id":"Q5355525","candidates":[]}],[],[]],[[{"start":0,"end":12,"url":null,"entity_id":"Q5355515","candidates":[]}],[],[]],[[{"start":0,"end":10,"url":null,"entity_id":"Q5355510","candidates":[]}],[],[]],[[{"start":0,"end":6,"url":null,"entity_id":"Q5355481","candidates":[]}],[],[]],[[{"start":0,"end":7,"url":null,"entity_id":"Q5355473","candidates":[]}],[],[]],[[{"start":0,"end":11,"url":null,"entity_id":"Q5355472","candidates":[]}],[],[]],[[{"start":0,"end":11,"url":null,"entity_id":"Q5355443","candidates":[]}],[],[]],[[{"start":0,"end":5,"url":null,"entity_id":"Q5355425","candidates":[]}],[],[]],[[{"start":0,"end":11,"url":null,"entity_id":"Q5355395","candidates":[]}],[],[]],[[{"start":0,"end":7,"url":null,"entity_id":"Q5355389","candidates":[]}],[],[]],[[{"start":0,"end":9,"url":null,"entity_id":"Q5355299","candidates":[]}],[],[]],[[{"start":0,"end":7,"url":null,"entity_id":"Q5355271","candidates":[]}],[],[]],[[{"start":0,"end":4,"url":null,"entity_id":"Q5355267","candidates":[]}],[],[]],[[{"start":0,"end":9,"url":null,"entity_id":"Q5355263","candidates":[]}],[],[]],[[{"start":0,"end":9,"url":null,"entity_id":"Q5355241","candidates":[]}],[],[]],[[{"start":0,"end":10,"url":null,"entity_id":"Q5355233","candidates":[]}],[],[]],[[{"start":0,"end":8,"url":null,"entity_id":"Q5355209","candidates":[]}],[],[]],[[{"start":0,"end":9,"url":null,"entity_id":"Q5355200","candidates":[]}],[],[]],[[{"start":0,"end":7,"url":null,"entity_id":"Q5355199","candidates":[]}],[],[]],[[{"start":0,"end":6,"url":null,"entity_id":"Q5355198","candidates":[]}],[],[]],[[{"start":0,"end":7,"url":null,"entity_id":"Q5355185","candidates":[]}],[],[]],[[{"start":0,"end":8,"url":null,"entity_id":"Q5355184","candidates":[]}],[],[]],[[{"start":0,"end":8,"url":null,"entity_id":"Q5355182","candidates":[]}],[],[]],[[{"start":0,"end":8,"url":null,"entity_id":"Q5355180","candidates":[]}],[],[]],[[{"start":0,"end":9,"url":null,"entity_id":"Q5355178","candidates":[]}],[],[]],[[{"start":0,"end":7,"url":null,"entity_id":"Q5355171","candidates":[]}],[],[]]]}