{"version":"1.2","table":{"version":"2","table_id":"R4FOPJY1","columns":[{"index":0,"name":"col0","values":["Yekaterinburg Governorate","Ivanovo-Voznesensk Governorate","Vladimir Governorate","Radom Governorate","Piotrków Governorate","Kielce Governorate","Kalisz Governorate","Warsaw Governorate","Łomża Governorate","Siedlce Governorate","Yaroslavl Governorate","Kharkov Governorate","Tver Governorate","Grodno Governorate","Płock Governorate","Kostroma Governorate","Olonets Governorate","Altai Governorate","Tiflis Governorate","Vyatka Governorate"]},{"index":1,"name":"col1","values":["1970000","1195800","1515691","814947","1403901","761995","840597","1983689","579592","894200","1166800","796808","1769135","1631645","553633","1429228","364156","1655000","1051032","3030831"]},{"index":2,"name":"col2","values":["189400","33500","42831.8","10854","10763.4","8868.6","9961.3","15359.2","9265.9","12595.5","35615","47884.8","56837","33979","8286.7","83996.4","114929.6","127057","44607","169629"]}]},"context":{"page_title":null,"page_url":null,"page_entity_id":null,"content_hierarchy":[]},"links":[[[{"start":0,"end":25,"url":null,"entity_id":"Q2855140","candidates":[]}],[],[]],[[{"start":0,"end":30,"url":null,"entity_id":"Q2855106","candidates":[]}],[],[]],[[{"start":0,"end":20,"url":null,"entity_id":"Q2573304","candidates":[]}],[],[]],[[{"start":0,"end":17,"url":null,"entity_id":"Q2532795","candidates":[]}],[],[]],[[{"start":0,"end":20,"url":null,"entity_id":"Q2532730","candidates":[]}],[],[]],[[{"start":0,"end":18,"url":null,"entity_id":"Q2532702","candidates":[]}],[],[]],[[{"start":0,"end":18,"url":null,"entity_id":"Q2531968","candidates":[]}],[],[]],[[{"start":0,"end":18,"url":null,"entity_id":"Q2520566","candidates":[]}],[],[]],[[{"start":0,"end":17,"url":null,"entity_id":"Q2479621","candidates":[]}],[],[]],[[{"start":0,"end":19,"url":null,"entity_id":"Q2473698","candidates":[]}],[],[]],[[{"start":0,"end":21,"url":null,"entity_id":"Q2417759","candidates":[]}],[],[]],[[{"start":0,"end":19,"url":null,"entity_id":"Q2363136","candidates":[]}],[],[]],[[{"start":0,"end":16,"url":null,"entity_id":"Q2327841","candidates":[]}],[],[]],[[{"start":0,"end":18,"url":null,"entity_id":"Q2294422","candidates":[]}],[],[]],[[{"start":0,"end":17,"url":null,"entity_id":"Q2181566","candidates":[]}],[],[]],[[{"start":0,"end":20,"url":null,"entity_id":"Q2142534","candidates":[]}],[],[]],[[{"start":0,"end":19,"url":null,"entity_id":"Q2045591","candidates":[]}],[],[]],[[{"start":0,"end":17,"url":null,"entity_id":"Q1809358","candidates":[]}],[],[]],[[{"start":0,"end":18,"url":null,"entity_id":"Q1773517","candidates":[]}],[],[]],[[{"start":0,"end":18,"url":null,"entity_id":"Q1540335","candidates":[]}],[],[]]]}