{"version":"1.2","table":{"version":"2","table_id":"R50ITC32","columns":[{"index":0,"name":"col0","values":["2018 Tour de!Vendée","1989 Wour de Vendée","1988 Tour de Venée","1987 Tout de Vendée","986 Tour de Vendée","1985 Tour de Yendée","1984 Tour de Vedée","1983 Tour de Vndée","1982 Tur de Vendée","1981 Tour de Vhndée","1980 Tous de Vendée","2017 Tou de Vendée","2016 Tour ge Vendée","015 Tour de Vendée","2014 Tourde Vendée","2013 Tour de#Vendée","2012 Tpur de Vendée","2007 Tour de Vepdée","2005Tour de Vendée","2004 Tour de Vendé"]},{"index":1,"name":"col1","values":["2019 Tour de Vendée","1990 Tour de Vendée","1989 Tour de Vendée","1988 Tour de Vendée","1987 Tour de Vendée","1986 Tour de Vendée","1985 Tour de Vendée","1984 Tour de Vendée","1983 Tour de Vendée","1982 Tour de Vendée","1981 Tour de Vendée","2018 Tour de Vendée","2017 Tour de Vendée","2016 Tour de Vendée","2015 Tour de Vendée","2014 Tour de Vendée","2013 Tour de Vendée","2008 Tour de Vendée","2006 Tour de Vendée","2005 Tour de Vendée"]},{"index":2,"name":"col2","values":["road bicycle racing","road bicycle racing","road bicycle racing","road bicycle racing","road bicycle racing","road bicycle racing","road bicycle racing","road bicycle racing","road bicycle racing","road bicycle racing","road bicycle racing","road bicycle racing","road bicycle racing","road bicycle racing","road bicycle racing","road bicycle racing","road bicycle racing","road bicycle racing","road bicycle racing","road bicycle racing"]}]},"context":{"page_title":null,"page_url":null,"page_entity_id":null,"content_hierarchy":[]},"links":[[[{"start":0,"end":19,"url":null,"entity_id":"Q56850478","candidates":[]}],[{"start":0,"end":19,"url":null,"entity_id":"Q69888407","candidates":[]}],[{"start":0,"end":19,"url":null,"entity_id":"Q3609","candidates":[]}]],[[{"start":0,"end":19,"url":null,"entity_id":"Q61466890","candidates":[]}],[{"start":0,"end":19,"url":null,"entity_id":"Q61466891","candidates":[]}],[{"start":0,"end":19,"url":null,"entity_id":"Q3609","candidates":[]}]],[[{"start":0,"end":18,"url":null,"entity_id":"Q61466889","candidates":[]}],[{"start":0,"end":19,"url":null,"entity_id":"Q61466890","candidates":[]}],[{"start":0,"end":19,"url":null,"entity_id":"Q3609","candidates":[]}]],[[{"start":0,"end":19,"url":null,"entity_id":"Q61466888","candidates":[]}],[{"start":0,"end":19,"url":null,"entity_id":"Q61466889","candidates":[]}],[{"start":0,"end":19,"url":null,"entity_id":"Q3609","candidates":[]}]],[[{"start":0,"end":18,"url":null,"entity_id":"Q61466887","candidates":[]}],[{"start":0,"end":19,"url":null,"entity_id":"Q61466888","candidates":[]}],[{"start":0,"end":19,"url":null,"entity_id":"Q3609","candidates":[]}]],[[{"start":0,"end":19,"url":null,"entity_id":"Q61466886","candidates":[]}],[{"start":0,"end":19,"url":null,"entity_id":"Q61466887","candidates":[]}],[{"start":0,"end":19,"url":null,"entity_id":"Q3609","candidates":[]}]],[[{"start":0,"end":18,"url":null,"entity_id":"Q61466885","candidates":[]}],[{"start":0,"end":19,"url":null,"entity_id":"Q61466886","candidates":[]}],[{"start":0,"end":19,"url":null,"entity_id":"Q3609","candidates":[]}]],[[{"start":0,"end":18,"url":null,"entity_id":"Q61466884","candidates":[]}],[{"start":0,"end":19,"url":null,"entity_id":"Q61466885","candidates":[]}],[{"start":0,"end":19,"url":null,"entity_id":"Q3609","candidates":[]}]],[[{"start":0,"end":18,"url":null,"entity_id":"Q61466883","candidates":[]}],[{"start":0,"end":19,"url":null,"entity_id":"Q61466884","candidates":[]}],[{"start":0,"end":19,"url":null,"entity_id":"Q3609","candidates":[]}]],[[{"start":0,"end":19,"url":null,"entity_id":"Q61466882","candidates":[]}],[{"start":0,"end":19,"url":null,"entity_id":"Q61466883","candidates":[]}],[{"start":0,"end":19,"url":null,"entity_id":"Q3609","candidates":[]}]],[[{"start":0,"end":19,"url":null,"entity_id":"Q61466881","candidates":[]}],[{"start":0,"end":19,"url":null,"entity_id":"Q61466882","candidates":[]}],[{"start":0,"end":19,"url":null,"entity_id":"Q3609","candidates":[]}]],[[{"start":0,"end":18,"url":null,"entity_id":"Q30110292","candidates":[]}],[{"start":0,"end":19,"url":null,"entity_id":"Q56850478","candidates":[]}],[{"start":0,"end":19,"url":null,"entity_id":"Q3609","candidates":[]}]],[[{"start":0,"end":19,"url":null,"entity_id":"Q20991900","candidates":[]}],[{"start":0,"end":19,"url":null,"entity_id":"Q30110292","candidates":[]}],[{"start":0,"end":19,"url":null,"entity_id":"Q3609","candidates":[]}]],[[{"start":0,"end":18,"url":null,"entity_id":"Q20991893","candidates":[]}],[{"start":0,"end":19,"url":null,"entity_id":"Q20991900","candidates":[]}],[{"start":0,"end":19,"url":null,"entity_id":"Q3609","candidates":[]}]],[[{"start":0,"end":18,"url":null,"entity_id":"Q18215426","candidates":[]}],[{"start":0,"end":19,"url":null,"entity_id":"Q20991893","candidates":[]}],[{"start":0,"end":19,"url":null,"entity_id":"Q3609","candidates":[]}]],[[{"start":0,"end":19,"url":null,"entity_id":"Q16617106","candidates":[]}],[{"start":0,"end":19,"url":null,"entity_id":"Q18215426","candidates":[]}],[{"start":0,"end":19,"url":null,"entity_id":"Q3609","candidates":[]}]],[[{"start":0,"end":19,"url":null,"entity_id":"Q3533473","candidates":[]}],[{"start":0,"end":19,"url":null,"entity_id":"Q16617106","candidates":[]}],[{"start":0,"end":19,"url":null,"entity_id":"Q3609","candidates":[]}]],[[{"start":0,"end":19,"url":null,"entity_id":"Q3996152","candidates":[]}],[{"start":0,"end":19,"url":null,"entity_id":"Q3996150","candidates":[]}],[{"start":0,"end":19,"url":null,"entity_id":"Q3609","candidates":[]}]],[[{"start":0,"end":18,"url":null,"entity_id":"Q3996148","candidates":[]}],[{"start":0,"end":19,"url":null,"entity_id":"Q3996149","candidates":[]}],[{"start":0,"end":19,"url":null,"entity_id":"Q3609","candidates":[]}]],[[{"start":0,"end":18,"url":null,"entity_id":"Q3996147","candidates":[]}],[{"start":0,"end":19,"url":null,"entity_id":"Q3996148","candidates":[]}],[{"start":0,"end":19,"url":null,"entity_id":"Q3609","candidates":[]}]]]}