{"version":"1.2","table":{"version":"2","table_id":"R75EE3M7","columns":[{"index":0,"name":"col0","values":["Punjab","Odisha","Nagaland","Sikkim","Mizoram","Uttarakhand","Uttar Pradesh","Tamil Nadu","Rajasthan","Tripura","West Bengal","Meghalaya","Manipur","Maharashtra","Madhya Pradesh","Kerala","Karnataka","Jharkhand","Jammu and Kashmir","Himachal Pradesh"]},{"index":1,"name":"col1","values":["17344192","34970562","1407536","456999","525435","7036954","155317278","37229590","51500352","2712464","62183113","2371439","2021640","61556074","52557404","17471135","37469335","25055073","9108060","6176050"]},{"index":2,"name":"col2","values":["9036201","15231623","636068","165625","249031","3205339","85414786","20309523","30273155","869134","29737834","1181884","947318","30820043","29775640","5270237","20447975","14660065","5474069","1824866"]},{"index":3,"name":"col3","values":["50362","155707","16579","7096","21081","53566","243290","130058","342269","10486","88752","22429","22327","307713","308245","38863","191791","79714","222236","55780"]},{"index":4,"name":"col4","values":["18707137","26742595","1342434","444952","848175","6880953","114397555","51837507","38275282","2804783","61538281","1785005","1908476","81554290","42851169","28135824","40647322","18328069","7067233","5039736"]},{"index":5,"name":"col5","values":["13103873","20762082","953853","287507","541867","4948519","95331831","36009055","32997440","1799541","44467088","1475057","1417208","54131277","35014503","17378649","30128640","16057819","5900640","3382729"]}]},"context":{"page_title":null,"page_url":null,"page_entity_id":null,"content_hierarchy":[]},"links":[[[{"start":0,"end":6,"url":null,"entity_id":"Q22424","candidates":[]}],[],[],[],[],[]],[[{"start":0,"end":6,"url":null,"entity_id":"Q22048","candidates":[]}],[],[],[],[],[]],[[{"start":0,"end":8,"url":null,"entity_id":"Q1599","candidates":[]}],[],[],[],[],[]],[[{"start":0,"end":6,"url":null,"entity_id":"Q1505","candidates":[]}],[],[],[],[],[]],[[{"start":0,"end":7,"url":null,"entity_id":"Q1502","candidates":[]}],[],[],[],[],[]],[[{"start":0,"end":11,"url":null,"entity_id":"Q1499","candidates":[]}],[],[],[],[],[]],[[{"start":0,"end":13,"url":null,"entity_id":"Q1498","candidates":[]}],[],[],[],[],[]],[[{"start":0,"end":10,"url":null,"entity_id":"Q1445","candidates":[]}],[],[],[],[],[]],[[{"start":0,"end":9,"url":null,"entity_id":"Q1437","candidates":[]}],[],[],[],[],[]],[[{"start":0,"end":7,"url":null,"entity_id":"Q1363","candidates":[]}],[],[],[],[],[]],[[{"start":0,"end":11,"url":null,"entity_id":"Q1356","candidates":[]}],[],[],[],[],[]],[[{"start":0,"end":9,"url":null,"entity_id":"Q1195","candidates":[]}],[],[],[],[],[]],[[{"start":0,"end":7,"url":null,"entity_id":"Q1193","candidates":[]}],[],[],[],[],[]],[[{"start":0,"end":11,"url":null,"entity_id":"Q1191","candidates":[]}],[],[],[],[],[]],[[{"start":0,"end":14,"url":null,"entity_id":"Q1188","candidates":[]}],[],[],[],[],[]],[[{"start":0,"end":6,"url":null,"entity_id":"Q1186","candidates":[]}],[],[],[],[],[]],[[{"start":0,"end":9,"url":null,"entity_id":"Q1185","candidates":[]}],[],[],[],[],[]],[[{"start":0,"end":9,"url":null,"entity_id":"Q1184","candidates":[]}],[],[],[],[],[]],[[{"start":0,"end":17,"url":null,"entity_id":"Q1180","candidates":[]}],[],[],[],[],[]],[[{"start":0,"end":16,"url":null,"entity_id":"Q1177","candidates":[]}],[],[],[],[],[]]]}