[{"version":1,"nodes":[{"col_index":0,"label":"col0","id":0},{"col_index":1,"label":"col1","id":1},{"col_index":2,"label":"col2","id":2},{"col_index":3,"label":"col3","id":3},{"col_index":4,"label":"col4","id":4},{"abs_uri":"http://www.wikidata.org/entity/Q54812340","rel_uri":"wd:Q54812340","approximation":false,"readable_label":"2018 FIFA World Cup team (Q54812340)","id":5},{"abs_uri":"http://www.wikidata.org/entity/Q20436354","rel_uri":"wd:Q20436354","approximation":false,"readable_label":"2014 FIFA World Cup team (Q20436354)","id":6}],"edges":[{"source":5,"target":0,"abs_uri":"http://www.w3.org/2000/01/rdf-schema#label","rel_uri":"rdfs:label","approximation":false,"readable_label":"rdfs:label","id":0},{"source":6,"target":1,"abs_uri":"http://www.w3.org/2000/01/rdf-schema#label","rel_uri":"rdfs:label","approximation":false,"readable_label":"rdfs:label","id":1},{"source":5,"target":6,"abs_uri":"http://www.wikidata.org/prop/P155","rel_uri":"p:P155","approximation":false,"readable_label":"follows (P155)","id":2},{"source":5,"target":3,"abs_uri":"http://www.wikidata.org/prop/P1532","rel_uri":"p:P1532","approximation":false,"readable_label":"country for sport (P1532)","id":3},{"source":5,"target":4,"abs_uri":"http://www.wikidata.org/prop/P1344","rel_uri":"p:P1344","approximation":false,"readable_label":"participant in (P1344)","id":4},{"source":5,"target":2,"abs_uri":"http://www.wikidata.org/prop/P585","rel_uri":"p:P585","approximation":false,"readable_label":"point in time (P585)","id":5}]}]