{"version":"1.2","table":{"version":"2","table_id":"6EK64LMY","columns":[{"index":0,"name":"col0","values":["Men's team épée at the 2017 World Fencing Championships","Women's épée at the 2017 World Fencing Championships","Men's épée at the 2017 World Fencing Championships","Fencing at the 2014 Asian Games – Women's team épée","Fencing at the 2014 Asian Games – Men's individual épée","Fencing at the 2014 Asian Games – Men's team épée","3 Sunbun","Fencing at the 2015 Pan American Games – Women's team épée","Fencing at the 2015 Pan American Games – Women's épée","Fencing at the 2010 Asian Games – Men's team épée","Fencing at the 2010 Asian Games – Men's individual épée","Fencing at the 2014 Summer Youth Olympics – Girls' épée","Fencing at the 2014 Summer Youth Olympics – Boys' épée","Fencing at the 2002 Asian Games – Women's individual épée","Fencing at the 2014 Asian Games – Women's individual épée","Fencing at the 2002 Asian Games – Men's individual épée","Fencing at the 2006 Asian Games – Men's team épée","Fencing at the 2002 Asian Games – Women's team épée","Fencing at the 2006 Asian Games – Women's team épée","Fencing at the 2006 Asian Games – Women's individual épée"]},{"index":1,"name":"col1","values":["épée fencing","épée fencing","épée fencing","épée fencing","épée fencing","épée fencing","StarCraft","épée fencing","épée fencing","épée fencing","épée fencing","épée fencing","épée fencing","épée fencing","épée fencing","épée fencing","épée fencing","épée fencing","épée fencing","épée fencing"]},{"index":2,"name":"col2","values":["fencing","fencing","fencing","fencing","fencing","fencing","esports","fencing","fencing","fencing","fencing","fencing","fencing","fencing","fencing","fencing","fencing","fencing","fencing","fencing"]}]},"context":{"page_title":null,"page_url":null,"page_entity_id":null,"content_hierarchy":[]},"links":[[[{"start":0,"end":55,"url":null,"entity_id":"Q33319631","candidates":[]}],[{"start":0,"end":12,"url":null,"entity_id":"Q43396054","candidates":[]}],[{"start":0,"end":7,"url":null,"entity_id":"Q12100","candidates":[]}]],[[{"start":0,"end":52,"url":null,"entity_id":"Q33141397","candidates":[]}],[{"start":0,"end":12,"url":null,"entity_id":"Q43396054","candidates":[]}],[{"start":0,"end":7,"url":null,"entity_id":"Q12100","candidates":[]}]],[[{"start":0,"end":50,"url":null,"entity_id":"Q33121443","candidates":[]}],[{"start":0,"end":12,"url":null,"entity_id":"Q43396054","candidates":[]}],[{"start":0,"end":7,"url":null,"entity_id":"Q12100","candidates":[]}]],[[{"start":0,"end":51,"url":null,"entity_id":"Q24909351","candidates":[]}],[{"start":0,"end":12,"url":null,"entity_id":"Q43396054","candidates":[]}],[{"start":0,"end":7,"url":null,"entity_id":"Q12100","candidates":[]}]],[[{"start":0,"end":55,"url":null,"entity_id":"Q24909338","candidates":[]}],[{"start":0,"end":12,"url":null,"entity_id":"Q43396054","candidates":[]}],[{"start":0,"end":7,"url":null,"entity_id":"Q12100","candidates":[]}]],[[{"start":0,"end":49,"url":null,"entity_id":"Q24909336","candidates":[]}],[{"start":0,"end":12,"url":null,"entity_id":"Q43396054","candidates":[]}],[{"start":0,"end":7,"url":null,"entity_id":"Q12100","candidates":[]}]],[[{"start":0,"end":8,"url":null,"entity_id":"Q21824734","candidates":[]}],[{"start":0,"end":9,"url":null,"entity_id":"Q290106","candidates":[]}],[{"start":0,"end":7,"url":null,"entity_id":"Q300920","candidates":[]}]],[[{"start":0,"end":58,"url":null,"entity_id":"Q20807500","candidates":[]}],[{"start":0,"end":12,"url":null,"entity_id":"Q43396054","candidates":[]}],[{"start":0,"end":7,"url":null,"entity_id":"Q12100","candidates":[]}]],[[{"start":0,"end":53,"url":null,"entity_id":"Q20807499","candidates":[]}],[{"start":0,"end":12,"url":null,"entity_id":"Q43396054","candidates":[]}],[{"start":0,"end":7,"url":null,"entity_id":"Q12100","candidates":[]}]],[[{"start":0,"end":49,"url":null,"entity_id":"Q18127979","candidates":[]}],[{"start":0,"end":12,"url":null,"entity_id":"Q43396054","candidates":[]}],[{"start":0,"end":7,"url":null,"entity_id":"Q12100","candidates":[]}]],[[{"start":0,"end":55,"url":null,"entity_id":"Q18127977","candidates":[]}],[{"start":0,"end":12,"url":null,"entity_id":"Q43396054","candidates":[]}],[{"start":0,"end":7,"url":null,"entity_id":"Q12100","candidates":[]}]],[[{"start":0,"end":55,"url":null,"entity_id":"Q18124783","candidates":[]}],[{"start":0,"end":12,"url":null,"entity_id":"Q43396054","candidates":[]}],[{"start":0,"end":7,"url":null,"entity_id":"Q12100","candidates":[]}]],[[{"start":0,"end":54,"url":null,"entity_id":"Q18124781","candidates":[]}],[{"start":0,"end":12,"url":null,"entity_id":"Q43396054","candidates":[]}],[{"start":0,"end":7,"url":null,"entity_id":"Q12100","candidates":[]}]],[[{"start":0,"end":57,"url":null,"entity_id":"Q17560628","candidates":[]}],[{"start":0,"end":12,"url":null,"entity_id":"Q43396054","candidates":[]}],[{"start":0,"end":7,"url":null,"entity_id":"Q12100","candidates":[]}]],[[{"start":0,"end":57,"url":null,"entity_id":"Q19757553","candidates":[]}],[{"start":0,"end":12,"url":null,"entity_id":"Q43396054","candidates":[]}],[{"start":0,"end":7,"url":null,"entity_id":"Q12100","candidates":[]}]],[[{"start":0,"end":55,"url":null,"entity_id":"Q18392005","candidates":[]}],[{"start":0,"end":12,"url":null,"entity_id":"Q43396054","candidates":[]}],[{"start":0,"end":7,"url":null,"entity_id":"Q12100","candidates":[]}]],[[{"start":0,"end":49,"url":null,"entity_id":"Q18389887","candidates":[]}],[{"start":0,"end":12,"url":null,"entity_id":"Q43396054","candidates":[]}],[{"start":0,"end":7,"url":null,"entity_id":"Q12100","candidates":[]}]],[[{"start":0,"end":51,"url":null,"entity_id":"Q18389883","candidates":[]}],[{"start":0,"end":12,"url":null,"entity_id":"Q43396054","candidates":[]}],[{"start":0,"end":7,"url":null,"entity_id":"Q12100","candidates":[]}]],[[{"start":0,"end":51,"url":null,"entity_id":"Q18355078","candidates":[]}],[{"start":0,"end":12,"url":null,"entity_id":"Q43396054","candidates":[]}],[{"start":0,"end":7,"url":null,"entity_id":"Q12100","candidates":[]}]],[[{"start":0,"end":57,"url":null,"entity_id":"Q18355063","candidates":[]}],[{"start":0,"end":12,"url":null,"entity_id":"Q43396054","candidates":[]}],[{"start":0,"end":7,"url":null,"entity_id":"Q12100","candidates":[]}]]]}