{"version":"1.2","table":{"version":"2","table_id":"6F6RJUBR","columns":[{"index":0,"name":"col0","values":["Wat Chang Kham","Wat Saphan Hin","Wat Chang Lom","temples of Baalbek","House of the Ara Maxima","Casa di Laocoonte","House of the Faun","Casa del Moralista","Casa dei Cubicoli floreali","House of the Ceii","Jiaohe Ruins","La Santísima Trinidad del Paraná","Bohus Fortress","Church of Saint Simeon Stylites","Palace of Ardashir","Jesús de Tavarangüé","Takht-i-Bahi","Janův hrad","Great Zimbabwe","Temple of Artemis"]},{"index":1,"name":"col1","values":["registered Thai historic site","registered Thai historic site","registered Thai historic site","UNESCO World Heritage Site","Italian national heritage","Italian national heritage","Italian national heritage","Italian national heritage","Italian national heritage","Italian national heritage","Major Historical and Cultural Site Protected at the National Level","Heritage of Portuguese Influence","governmental listed building","part of World Heritage Site","Iranian National Heritage","Heritage of Portuguese Influence","part of World Heritage Site","cultural monument of the Czech Republic","UNESCO World Heritage Site","part of World Heritage Site"]},{"index":2,"name":"col2","values":["Wiang Kum Kam","Sukhothai Historical Park","Sukhothai Historical Park","Baalbek","Pompeii Regio VI Insula 16","Pompeii Regio VI Insula 14","Pompeii Regio VI Insula 12","Pompeii Regio III Insula 4","Pompeii Regio I Insula 9","Pompeii Regio I Insula 6","Silk Roads: the Routes Network of Chang'an-Tianshan Corridor","Jesuit Missions of La Santísima Trinidad de Paraná and Jesús de Tavarangüé","National Property Board","Dead Cities","Sassanid Archaeological Landscape of Fars Region","Jesuit Missions of La Santísima Trinidad de Paraná and Jesús de Tavarangüé","Buddhist Ruins of Takht-i-Bahi and Neighbouring City Remains at Sahr-i-Bahlol","Lednice-Valtice Cultural Landscape","Kingdom of Zimbabwe","Seven Wonders of the Ancient World"]}]},"context":{"page_title":null,"page_url":null,"page_entity_id":null,"content_hierarchy":[]},"links":[[[{"start":0,"end":14,"url":null,"entity_id":"Q17637232","candidates":[]}],[{"start":0,"end":29,"url":null,"entity_id":"Q16438244","candidates":[]}],[{"start":0,"end":13,"url":null,"entity_id":"Q1537210","candidates":[]}]],[[{"start":0,"end":14,"url":null,"entity_id":"Q15709610","candidates":[]}],[{"start":0,"end":29,"url":null,"entity_id":"Q16438244","candidates":[]}],[{"start":0,"end":25,"url":null,"entity_id":"Q423654","candidates":[]}]],[[{"start":0,"end":13,"url":null,"entity_id":"Q15632290","candidates":[]}],[{"start":0,"end":29,"url":null,"entity_id":"Q16438244","candidates":[]}],[{"start":0,"end":25,"url":null,"entity_id":"Q423654","candidates":[]}]],[[{"start":0,"end":18,"url":null,"entity_id":"Q14524645","candidates":[]}],[{"start":0,"end":26,"url":null,"entity_id":"Q9259","candidates":[]}],[{"start":0,"end":7,"url":null,"entity_id":"Q178835","candidates":[]}]],[[{"start":0,"end":23,"url":null,"entity_id":"Q1046582","candidates":[]}],[{"start":0,"end":25,"url":null,"entity_id":"Q26971668","candidates":[]}],[{"start":0,"end":26,"url":null,"entity_id":"Q27680318","candidates":[]}]],[[{"start":0,"end":17,"url":null,"entity_id":"Q1046589","candidates":[]}],[{"start":0,"end":25,"url":null,"entity_id":"Q26971668","candidates":[]}],[{"start":0,"end":26,"url":null,"entity_id":"Q27680315","candidates":[]}]],[[{"start":0,"end":17,"url":null,"entity_id":"Q1547308","candidates":[]}],[{"start":0,"end":25,"url":null,"entity_id":"Q26971668","candidates":[]}],[{"start":0,"end":26,"url":null,"entity_id":"Q27680311","candidates":[]}]],[[{"start":0,"end":18,"url":null,"entity_id":"Q1046568","candidates":[]}],[{"start":0,"end":25,"url":null,"entity_id":"Q26971668","candidates":[]}],[{"start":0,"end":26,"url":null,"entity_id":"Q27680267","candidates":[]}]],[[{"start":0,"end":26,"url":null,"entity_id":"Q1046553","candidates":[]}],[{"start":0,"end":25,"url":null,"entity_id":"Q26971668","candidates":[]}],[{"start":0,"end":24,"url":null,"entity_id":"Q27048586","candidates":[]}]],[[{"start":0,"end":17,"url":null,"entity_id":"Q1046550","candidates":[]}],[{"start":0,"end":25,"url":null,"entity_id":"Q26971668","candidates":[]}],[{"start":0,"end":24,"url":null,"entity_id":"Q27048583","candidates":[]}]],[[{"start":0,"end":12,"url":null,"entity_id":"Q1330939","candidates":[]}],[{"start":0,"end":66,"url":null,"entity_id":"Q1188574","candidates":[]}],[{"start":0,"end":60,"url":null,"entity_id":"Q17277933","candidates":[]}]],[[{"start":0,"end":32,"url":null,"entity_id":"Q1366015","candidates":[]}],[{"start":0,"end":32,"url":null,"entity_id":"Q40461605","candidates":[]}],[{"start":0,"end":74,"url":null,"entity_id":"Q15727363","candidates":[]}]],[[{"start":0,"end":14,"url":null,"entity_id":"Q1408860","candidates":[]}],[{"start":0,"end":28,"url":null,"entity_id":"Q19845339","candidates":[]}],[{"start":0,"end":23,"url":null,"entity_id":"Q909090","candidates":[]}]],[[{"start":0,"end":31,"url":null,"entity_id":"Q1112125","candidates":[]}],[{"start":0,"end":27,"url":null,"entity_id":"Q43113623","candidates":[]}],[{"start":0,"end":11,"url":null,"entity_id":"Q393841","candidates":[]}]],[[{"start":0,"end":18,"url":null,"entity_id":"Q32434","candidates":[]}],[{"start":0,"end":25,"url":null,"entity_id":"Q5958900","candidates":[]}],[{"start":0,"end":48,"url":null,"entity_id":"Q55379486","candidates":[]}]],[[{"start":0,"end":19,"url":null,"entity_id":"Q318338","candidates":[]}],[{"start":0,"end":32,"url":null,"entity_id":"Q40461605","candidates":[]}],[{"start":0,"end":74,"url":null,"entity_id":"Q15727363","candidates":[]}]],[[{"start":0,"end":12,"url":null,"entity_id":"Q117623","candidates":[]}],[{"start":0,"end":27,"url":null,"entity_id":"Q43113623","candidates":[]}],[{"start":0,"end":77,"url":null,"entity_id":"Q15240737","candidates":[]}]],[[{"start":0,"end":10,"url":null,"entity_id":"Q613416","candidates":[]}],[{"start":0,"end":39,"url":null,"entity_id":"Q385405","candidates":[]}],[{"start":0,"end":34,"url":null,"entity_id":"Q735278","candidates":[]}]],[[{"start":0,"end":14,"url":null,"entity_id":"Q209217","candidates":[]}],[{"start":0,"end":26,"url":null,"entity_id":"Q9259","candidates":[]}],[{"start":0,"end":19,"url":null,"entity_id":"Q596092","candidates":[]}]],[[{"start":0,"end":17,"url":null,"entity_id":"Q43018","candidates":[]}],[{"start":0,"end":27,"url":null,"entity_id":"Q43113623","candidates":[]}],[{"start":0,"end":34,"url":null,"entity_id":"Q489772","candidates":[]}]]]}