{"version":"1.2","table":{"version":"2","table_id":"6HPUQUBP","columns":[{"index":0,"name":"col0","values":["Madhabkhali Union, Mirjaganj","Matibhanga Union, Nazirpur","Marichbunia Union, Patuakhali Sadar","Manpura union","Nadmulla Union, Bhandaria","Nazirpur Union","Nazirpur Union, Bauphal","Nachnapara Union","Kulkathi Union","Naltona Union","Nalchira Union","Dhulia Union, Bauphal","Dhulaswar Union","Dhulkhola Union","Dhankhali Union","Dhaoa Union, Bhandaria","Darichar Khajuria Union","Dapdapia Union","Dakshin Joynagar union","Tushkhali Union, Mathbaria"]},{"index":1,"name":"col1","values":["6995","5975","6892","28154","5003","8156","14781","5551","4973","8435","5787","8759","12713","9880","9948","5865","4687","7727","5073","4727"]},{"index":2,"name":"col2","values":["4680","5156","4247","4479","5353","5147","6343","3251","3389","4828","5175","3991","3974","3261","5859","4380","2073","5715","4219","4006"]}]},"context":{"page_title":null,"page_url":null,"page_entity_id":null,"content_hierarchy":[]},"links":[[[{"start":0,"end":28,"url":null,"entity_id":"Q13152191","candidates":[]}],[],[]],[[{"start":0,"end":26,"url":null,"entity_id":"Q13152176","candidates":[]}],[],[]],[[{"start":0,"end":35,"url":null,"entity_id":"Q13152125","candidates":[]}],[],[]],[[{"start":0,"end":13,"url":null,"entity_id":"Q13152092","candidates":[]}],[],[]],[[{"start":0,"end":25,"url":null,"entity_id":"Q13151193","candidates":[]}],[],[]],[[{"start":0,"end":14,"url":null,"entity_id":"Q13151188","candidates":[]}],[],[]],[[{"start":0,"end":23,"url":null,"entity_id":"Q13151186","candidates":[]}],[],[]],[[{"start":0,"end":16,"url":null,"entity_id":"Q13151180","candidates":[]}],[],[]],[[{"start":0,"end":14,"url":null,"entity_id":"Q13151179","candidates":[]}],[],[]],[[{"start":0,"end":13,"url":null,"entity_id":"Q13151168","candidates":[]}],[],[]],[[{"start":0,"end":14,"url":null,"entity_id":"Q13151161","candidates":[]}],[],[]],[[{"start":0,"end":21,"url":null,"entity_id":"Q13151127","candidates":[]}],[],[]],[[{"start":0,"end":15,"url":null,"entity_id":"Q13151126","candidates":[]}],[],[]],[[{"start":0,"end":15,"url":null,"entity_id":"Q13151125","candidates":[]}],[],[]],[[{"start":0,"end":15,"url":null,"entity_id":"Q13151105","candidates":[]}],[],[]],[[{"start":0,"end":22,"url":null,"entity_id":"Q13151101","candidates":[]}],[],[]],[[{"start":0,"end":23,"url":null,"entity_id":"Q13150981","candidates":[]}],[],[]],[[{"start":0,"end":14,"url":null,"entity_id":"Q13150977","candidates":[]}],[],[]],[[{"start":0,"end":22,"url":null,"entity_id":"Q13150941","candidates":[]}],[],[]],[[{"start":0,"end":26,"url":null,"entity_id":"Q13150913","candidates":[]}],[],[]]]}