{"version":"1.2","table":{"version":"2","table_id":"6JQD4R1C","columns":[{"index":0,"name":"col0","values":["Mother and Child","Tomb of Admiral Courbet","Suffragette Memorial","Equestrian statue of Cansignorio della Scala","John Paul Jones Memorial","Bonifacio and the Katipunan Revolution Monument","Alessandro Farnese","Whittle Arch","Ranuccio I Farnese","South African War Memorial","Arthur Sullivan Memorial","Equestrian statue of Ferdinando I","Memorial to Arthur Phillip","Bolan's Rock Shrine","Monument to Émile Levassor","Uncle Sam Memorial Statue","Rifle Brigade War Memorial","Emmeline and Christabel Pankhurst Memorial","Conny Wessmann memorial","Bali Bombings Memorial"]},{"index":1,"name":"col1","values":["United Kingdom","France","United Kingdom","Italy","United States of America","Philippines","Italy","United Kingdom","Italy","Australia","United Kingdom","Italy","United Kingdom","United Kingdom","France","United States of America","United Kingdom","United Kingdom","Germany","United Kingdom"]},{"index":2,"name":"col2","values":["Lai Đại Hàn","Amédée Courbet","suffragette","Cansignorio della Scala","John Paul Jones","Andres Bonifacio","Alexander Farnese","Frank Whittle","Ranuccio I Farnese","Second Boer War","Arthur Sullivan","Ferdinand I of the Two Sicilies","Arthur Phillip","Marc Bolan","Émile Levassor","Samuel Wilson","Rifle Brigade (Prince Consort's Own)","Christabel Pankhurst","Conny Wessmann","2002 Bali bombings"]}]},"context":{"page_title":null,"page_url":null,"page_entity_id":null,"content_hierarchy":[]},"links":[[[{"start":0,"end":16,"url":null,"entity_id":"Q66085366","candidates":[]}],[{"start":0,"end":14,"url":null,"entity_id":"Q145","candidates":[]}],[{"start":0,"end":11,"url":null,"entity_id":"Q491117","candidates":[]}]],[[{"start":0,"end":23,"url":null,"entity_id":"Q63178879","candidates":[]}],[{"start":0,"end":6,"url":null,"entity_id":"Q142","candidates":[]}],[{"start":0,"end":14,"url":null,"entity_id":"Q482156","candidates":[]}]],[[{"start":0,"end":20,"url":null,"entity_id":"Q18144073","candidates":[]}],[{"start":0,"end":14,"url":null,"entity_id":"Q145","candidates":[]}],[{"start":0,"end":11,"url":null,"entity_id":"Q322170","candidates":[]}]],[[{"start":0,"end":44,"url":null,"entity_id":"Q21141744","candidates":[]}],[{"start":0,"end":5,"url":null,"entity_id":"Q38","candidates":[]}],[{"start":0,"end":23,"url":null,"entity_id":"Q321854","candidates":[]}]],[[{"start":0,"end":24,"url":null,"entity_id":"Q6252237","candidates":[]}],[{"start":0,"end":24,"url":null,"entity_id":"Q30","candidates":[]}],[{"start":0,"end":15,"url":null,"entity_id":"Q314333","candidates":[]}]],[[{"start":0,"end":47,"url":null,"entity_id":"Q55605741","candidates":[]}],[{"start":0,"end":11,"url":null,"entity_id":"Q928","candidates":[]}],[{"start":0,"end":16,"url":null,"entity_id":"Q313604","candidates":[]}]],[[{"start":0,"end":18,"url":null,"entity_id":"Q21141656","candidates":[]}],[{"start":0,"end":5,"url":null,"entity_id":"Q38","candidates":[]}],[{"start":0,"end":17,"url":null,"entity_id":"Q312903","candidates":[]}]],[[{"start":0,"end":12,"url":null,"entity_id":"Q79111111","candidates":[]}],[{"start":0,"end":14,"url":null,"entity_id":"Q145","candidates":[]}],[{"start":0,"end":13,"url":null,"entity_id":"Q312547","candidates":[]}]],[[{"start":0,"end":18,"url":null,"entity_id":"Q21141660","candidates":[]}],[{"start":0,"end":5,"url":null,"entity_id":"Q38","candidates":[]}],[{"start":0,"end":18,"url":null,"entity_id":"Q544873","candidates":[]}]],[[{"start":0,"end":26,"url":null,"entity_id":"Q7565810","candidates":[]}],[{"start":0,"end":9,"url":null,"entity_id":"Q408","candidates":[]}],[{"start":0,"end":15,"url":null,"entity_id":"Q215112","candidates":[]}]],[[{"start":0,"end":24,"url":null,"entity_id":"Q27081637","candidates":[]}],[{"start":0,"end":14,"url":null,"entity_id":"Q145","candidates":[]}],[{"start":0,"end":15,"url":null,"entity_id":"Q212692","candidates":[]}]],[[{"start":0,"end":33,"url":null,"entity_id":"Q21141646","candidates":[]}],[{"start":0,"end":5,"url":null,"entity_id":"Q38","candidates":[]}],[{"start":0,"end":31,"url":null,"entity_id":"Q312325","candidates":[]}]],[[{"start":0,"end":26,"url":null,"entity_id":"Q31684739","candidates":[]}],[{"start":0,"end":14,"url":null,"entity_id":"Q145","candidates":[]}],[{"start":0,"end":14,"url":null,"entity_id":"Q311548","candidates":[]}]],[[{"start":0,"end":19,"url":null,"entity_id":"Q15202817","candidates":[]}],[{"start":0,"end":14,"url":null,"entity_id":"Q145","candidates":[]}],[{"start":0,"end":10,"url":null,"entity_id":"Q287514","candidates":[]}]],[[{"start":0,"end":26,"url":null,"entity_id":"Q23593705","candidates":[]}],[{"start":0,"end":6,"url":null,"entity_id":"Q142","candidates":[]}],[{"start":0,"end":14,"url":null,"entity_id":"Q286086","candidates":[]}]],[[{"start":0,"end":25,"url":null,"entity_id":"Q7882801","candidates":[]}],[{"start":0,"end":24,"url":null,"entity_id":"Q30","candidates":[]}],[{"start":0,"end":13,"url":null,"entity_id":"Q284812","candidates":[]}]],[[{"start":0,"end":26,"url":null,"entity_id":"Q26263493","candidates":[]}],[{"start":0,"end":14,"url":null,"entity_id":"Q145","candidates":[]}],[{"start":0,"end":36,"url":null,"entity_id":"Q276994","candidates":[]}]],[[{"start":0,"end":42,"url":null,"entity_id":"Q19364406","candidates":[]}],[{"start":0,"end":14,"url":null,"entity_id":"Q145","candidates":[]}],[{"start":0,"end":20,"url":null,"entity_id":"Q269863","candidates":[]}]],[[{"start":0,"end":23,"url":null,"entity_id":"Q79865150","candidates":[]}],[{"start":0,"end":7,"url":null,"entity_id":"Q183","candidates":[]}],[{"start":0,"end":14,"url":null,"entity_id":"Q89908","candidates":[]}]],[[{"start":0,"end":22,"url":null,"entity_id":"Q18458048","candidates":[]}],[{"start":0,"end":14,"url":null,"entity_id":"Q145","candidates":[]}],[{"start":0,"end":18,"url":null,"entity_id":"Q86584","candidates":[]}]]]}