{"version":"1.2","table":{"version":"2","table_id":"6JWB7U62","columns":[{"index":0,"name":"col0","values":["Strmaševo","Gugjakovo","Oblakovo","Leunovo","Jedoarce","Plakje","Rečica","Prisad","Živovo","Iberli","Dradnja","Dolno Orizari","Brodec, Gostivar","Selci, Struga","Bogdevo","Galičnik","Drenok","Rakle","Rasino","Leshnica"]},{"index":1,"name":"col1","values":["2","1","1","4","3","2","3","3","3","4","1","3","5","2","3","1","2","5","6","1"]},{"index":2,"name":"col2","values":["2","2","2","2","2","2","2","2","2","2","2","2","2","2","2","2","2","2","2","2"]}]},"context":{"page_title":null,"page_url":null,"page_entity_id":null,"content_hierarchy":[]},"links":[[[{"start":0,"end":9,"url":null,"entity_id":"Q3135583","candidates":[]}],[],[]],[[{"start":0,"end":9,"url":null,"entity_id":"Q3112804","candidates":[]}],[],[]],[[{"start":0,"end":8,"url":null,"entity_id":"Q3086075","candidates":[]}],[],[]],[[{"start":0,"end":7,"url":null,"entity_id":"Q3076452","candidates":[]}],[],[]],[[{"start":0,"end":8,"url":null,"entity_id":"Q3076075","candidates":[]}],[],[]],[[{"start":0,"end":6,"url":null,"entity_id":"Q3074970","candidates":[]}],[],[]],[[{"start":0,"end":6,"url":null,"entity_id":"Q3074965","candidates":[]}],[],[]],[[{"start":0,"end":6,"url":null,"entity_id":"Q3074378","candidates":[]}],[],[]],[[{"start":0,"end":6,"url":null,"entity_id":"Q3073926","candidates":[]}],[],[]],[[{"start":0,"end":6,"url":null,"entity_id":"Q3072695","candidates":[]}],[],[]],[[{"start":0,"end":7,"url":null,"entity_id":"Q3038576","candidates":[]}],[],[]],[[{"start":0,"end":13,"url":null,"entity_id":"Q3034230","candidates":[]}],[],[]],[[{"start":0,"end":16,"url":null,"entity_id":"Q2925944","candidates":[]}],[],[]],[[{"start":0,"end":13,"url":null,"entity_id":"Q2411799","candidates":[]}],[],[]],[[{"start":0,"end":7,"url":null,"entity_id":"Q2227303","candidates":[]}],[],[]],[[{"start":0,"end":8,"url":null,"entity_id":"Q1290199","candidates":[]}],[],[]],[[{"start":0,"end":6,"url":null,"entity_id":"Q959386","candidates":[]}],[],[]],[[{"start":0,"end":5,"url":null,"entity_id":"Q612334","candidates":[]}],[],[]],[[{"start":0,"end":6,"url":null,"entity_id":"Q601253","candidates":[]}],[],[]],[[{"start":0,"end":8,"url":null,"entity_id":"Q527426","candidates":[]}],[],[]]]}