{"version":"1.2","table":{"version":"2","table_id":"6KO8XAOD","columns":[{"index":0,"name":"col0","values":["Tay Rcil Bridge","Danvik brjdge","Liberty ridge","Grea River Bridge","Redetdale Bridge","Koria railway brige","Cut River Bridgg","Mala RijekaViaduct","Memoriam Bridge","Busdekin\"Bridge","Hochdonn High!Bridge","Hqchbrücke Brunsbüttel","Nanjing Yangte River Bridge","Commodore Brry Bridge","Government Bridgg","Tokyo Gate ridge","Quebed Bridge","Victoria Brdge","Mathematical Brige","Pada Bridge"]},{"index":1,"name":"col1","values":["United Kingdom","Sweden","United States of America","United States of America","Australia","Finland","United States of America","Montenegro","Thailand","Australia","Germany","Germany","People's Republic of China","United States of America","United States of America","Japan","Canada","Canada","United Kingdom","Bangladesh"]},{"index":2,"name":"col2","values":["steel","steel","steel","steel","iron","iron","iron","concrete","steel","steel","steel","steel","steel","steel","steel","steel","steel","iron","wood","steel"]}]},"context":{"page_title":null,"page_url":null,"page_entity_id":null,"content_hierarchy":[]},"links":[[[{"start":0,"end":15,"url":null,"entity_id":"Q6480690","candidates":[]}],[{"start":0,"end":14,"url":null,"entity_id":"Q145","candidates":[]}],[{"start":0,"end":5,"url":null,"entity_id":"Q11427","candidates":[]}]],[[{"start":0,"end":13,"url":null,"entity_id":"Q5221329","candidates":[]}],[{"start":0,"end":6,"url":null,"entity_id":"Q34","candidates":[]}],[{"start":0,"end":5,"url":null,"entity_id":"Q11427","candidates":[]}]],[[{"start":0,"end":13,"url":null,"entity_id":"Q6541627","candidates":[]}],[{"start":0,"end":24,"url":null,"entity_id":"Q30","candidates":[]}],[{"start":0,"end":5,"url":null,"entity_id":"Q11427","candidates":[]}]],[[{"start":0,"end":17,"url":null,"entity_id":"Q5599874","candidates":[]}],[{"start":0,"end":24,"url":null,"entity_id":"Q30","candidates":[]}],[{"start":0,"end":5,"url":null,"entity_id":"Q11427","candidates":[]}]],[[{"start":0,"end":16,"url":null,"entity_id":"Q6827139","candidates":[]}],[{"start":0,"end":9,"url":null,"entity_id":"Q408","candidates":[]}],[{"start":0,"end":4,"url":null,"entity_id":"Q677","candidates":[]}]],[[{"start":0,"end":19,"url":null,"entity_id":"Q5398585","candidates":[]}],[{"start":0,"end":7,"url":null,"entity_id":"Q33","candidates":[]}],[{"start":0,"end":4,"url":null,"entity_id":"Q677","candidates":[]}]],[[{"start":0,"end":16,"url":null,"entity_id":"Q5196644","candidates":[]}],[{"start":0,"end":24,"url":null,"entity_id":"Q30","candidates":[]}],[{"start":0,"end":4,"url":null,"entity_id":"Q677","candidates":[]}]],[[{"start":0,"end":18,"url":null,"entity_id":"Q1886615","candidates":[]}],[{"start":0,"end":10,"url":null,"entity_id":"Q236","candidates":[]}],[{"start":0,"end":8,"url":null,"entity_id":"Q22657","candidates":[]}]],[[{"start":0,"end":15,"url":null,"entity_id":"Q1519969","candidates":[]}],[{"start":0,"end":8,"url":null,"entity_id":"Q869","candidates":[]}],[{"start":0,"end":5,"url":null,"entity_id":"Q11427","candidates":[]}]],[[{"start":0,"end":15,"url":null,"entity_id":"Q2184782","candidates":[]}],[{"start":0,"end":9,"url":null,"entity_id":"Q408","candidates":[]}],[{"start":0,"end":5,"url":null,"entity_id":"Q11427","candidates":[]}]],[[{"start":0,"end":20,"url":null,"entity_id":"Q1621705","candidates":[]}],[{"start":0,"end":7,"url":null,"entity_id":"Q183","candidates":[]}],[{"start":0,"end":5,"url":null,"entity_id":"Q11427","candidates":[]}]],[[{"start":0,"end":22,"url":null,"entity_id":"Q1621700","candidates":[]}],[{"start":0,"end":7,"url":null,"entity_id":"Q183","candidates":[]}],[{"start":0,"end":5,"url":null,"entity_id":"Q11427","candidates":[]}]],[[{"start":0,"end":27,"url":null,"entity_id":"Q3082765","candidates":[]}],[{"start":0,"end":26,"url":null,"entity_id":"Q148","candidates":[]}],[{"start":0,"end":5,"url":null,"entity_id":"Q11427","candidates":[]}]],[[{"start":0,"end":21,"url":null,"entity_id":"Q2740124","candidates":[]}],[{"start":0,"end":24,"url":null,"entity_id":"Q30","candidates":[]}],[{"start":0,"end":5,"url":null,"entity_id":"Q11427","candidates":[]}]],[[{"start":0,"end":17,"url":null,"entity_id":"Q1540442","candidates":[]}],[{"start":0,"end":24,"url":null,"entity_id":"Q30","candidates":[]}],[{"start":0,"end":5,"url":null,"entity_id":"Q11427","candidates":[]}]],[[{"start":0,"end":16,"url":null,"entity_id":"Q1644970","candidates":[]}],[{"start":0,"end":5,"url":null,"entity_id":"Q17","candidates":[]}],[{"start":0,"end":5,"url":null,"entity_id":"Q11427","candidates":[]}]],[[{"start":0,"end":13,"url":null,"entity_id":"Q1427489","candidates":[]}],[{"start":0,"end":6,"url":null,"entity_id":"Q16","candidates":[]}],[{"start":0,"end":5,"url":null,"entity_id":"Q11427","candidates":[]}]],[[{"start":0,"end":14,"url":null,"entity_id":"Q2890014","candidates":[]}],[{"start":0,"end":6,"url":null,"entity_id":"Q16","candidates":[]}],[{"start":0,"end":4,"url":null,"entity_id":"Q677","candidates":[]}]],[[{"start":0,"end":18,"url":null,"entity_id":"Q2980588","candidates":[]}],[{"start":0,"end":14,"url":null,"entity_id":"Q145","candidates":[]}],[{"start":0,"end":4,"url":null,"entity_id":"Q287","candidates":[]}]],[[{"start":0,"end":11,"url":null,"entity_id":"Q7123825","candidates":[]}],[{"start":0,"end":10,"url":null,"entity_id":"Q902","candidates":[]}],[{"start":0,"end":5,"url":null,"entity_id":"Q11427","candidates":[]}]]]}