{"version":"1.2","table":{"version":"2","table_id":"6LWWLCY6","columns":[{"index":0,"name":"col0","values":["Tʻi Tonga Empire","Satavahana dyqasty","Empie of Japan","Wssoulou Empire","Kushan Eopire","Empire of Nicbea","Maurya Empie","Maedonia","Partkian Empire","Hittiwe empire","Iittite Empire","Second Bulgarian!Empire","KhmerEmpire","Kaa Koyunlu tribe","Mongol Empit","Empire of Trebizon","Great Sljuq Empire","Kingdom oh Pontus","Ottoman Empiue","Byzaqtine Empire"]},{"index":1,"name":"col1","values":["monarchy","monarchy","absolute monarchy","monarchy","monarchy","monarchy","absolute monarchy","oligarchy","feudal monarchy","monarchy","monarchy","autocracy","absolute monarchy","absolutism","elective monarchy","monarchy","monarchy","monarchy","absolute monarchy","absolute monarchy"]},{"index":2,"name":"col2","values":["Mu'a","Amaravati","Tokyo City","Bissandugu","Bagram","Nicaea","Pataliputra","Pella","Ctesiphon","Hattusa","Hattusa","Veliko Tarnovo","Angkor","Tabriz","Karakorum","Trabzon","Hamadan","Pergamon","Constantinople","Constantinople"]},{"index":3,"name":"col3","values":["1826/01/01","0220/01/01","1947/05/03","1898/09/29","0375/01/01","1261/01/01","-0184-01-01T00:00:00Z","-0166-01-01T00:00:00Z","0224/01/01","-1177-01-01T00:00:00Z","1180/01/01","1396/01/01","1431/01/01","1468/01/01","1368/01/01","1461/01/01","1194/01/01","0062/01/01","1922/01/01","1453/01/01"]}]},"context":{"page_title":null,"page_url":null,"page_entity_id":null,"content_hierarchy":[]},"links":[[[{"start":0,"end":16,"url":null,"entity_id":"Q842390","candidates":[]}],[{"start":0,"end":8,"url":null,"entity_id":"Q7269","candidates":[]}],[{"start":0,"end":4,"url":null,"entity_id":"Q2359181","candidates":[]}],[]],[[{"start":0,"end":18,"url":null,"entity_id":"Q5257","candidates":[]}],[{"start":0,"end":8,"url":null,"entity_id":"Q7269","candidates":[]}],[{"start":0,"end":9,"url":null,"entity_id":"Q2087762","candidates":[]}],[]],[[{"start":0,"end":14,"url":null,"entity_id":"Q188712","candidates":[]}],[{"start":0,"end":17,"url":null,"entity_id":"Q184558","candidates":[]}],[{"start":0,"end":10,"url":null,"entity_id":"Q1207735","candidates":[]}],[]],[[{"start":0,"end":15,"url":null,"entity_id":"Q568712","candidates":[]}],[{"start":0,"end":8,"url":null,"entity_id":"Q7269","candidates":[]}],[{"start":0,"end":10,"url":null,"entity_id":"Q866634","candidates":[]}],[]],[[{"start":0,"end":13,"url":null,"entity_id":"Q25979","candidates":[]}],[{"start":0,"end":8,"url":null,"entity_id":"Q7269","candidates":[]}],[{"start":0,"end":6,"url":null,"entity_id":"Q814388","candidates":[]}],[]],[[{"start":0,"end":16,"url":null,"entity_id":"Q181254","candidates":[]}],[{"start":0,"end":8,"url":null,"entity_id":"Q7269","candidates":[]}],[{"start":0,"end":6,"url":null,"entity_id":"Q739037","candidates":[]}],[]],[[{"start":0,"end":12,"url":null,"entity_id":"Q62943","candidates":[]}],[{"start":0,"end":17,"url":null,"entity_id":"Q184558","candidates":[]}],[{"start":0,"end":11,"url":null,"entity_id":"Q389755","candidates":[]}],[]],[[{"start":0,"end":8,"url":null,"entity_id":"Q83958","candidates":[]}],[{"start":0,"end":9,"url":null,"entity_id":"Q79751","candidates":[]}],[{"start":0,"end":5,"url":null,"entity_id":"Q213679","candidates":[]}],[]],[[{"start":0,"end":15,"url":null,"entity_id":"Q1986139","candidates":[]}],[{"start":0,"end":15,"url":null,"entity_id":"Q4482688","candidates":[]}],[{"start":0,"end":9,"url":null,"entity_id":"Q192541","candidates":[]}],[]],[[{"start":0,"end":14,"url":null,"entity_id":"Q28039118","candidates":[]}],[{"start":0,"end":8,"url":null,"entity_id":"Q7269","candidates":[]}],[{"start":0,"end":7,"url":null,"entity_id":"Q181007","candidates":[]}],[]],[[{"start":0,"end":14,"url":null,"entity_id":"Q13053139","candidates":[]}],[{"start":0,"end":8,"url":null,"entity_id":"Q7269","candidates":[]}],[{"start":0,"end":7,"url":null,"entity_id":"Q181007","candidates":[]}],[]],[[{"start":0,"end":23,"url":null,"entity_id":"Q420759","candidates":[]}],[{"start":0,"end":9,"url":null,"entity_id":"Q173424","candidates":[]}],[{"start":0,"end":14,"url":null,"entity_id":"Q173474","candidates":[]}],[]],[[{"start":0,"end":11,"url":null,"entity_id":"Q201705","candidates":[]}],[{"start":0,"end":17,"url":null,"entity_id":"Q184558","candidates":[]}],[{"start":0,"end":6,"url":null,"entity_id":"Q163607","candidates":[]}],[]],[[{"start":0,"end":17,"url":null,"entity_id":"Q324470","candidates":[]}],[{"start":0,"end":10,"url":null,"entity_id":"Q7184037","candidates":[]}],[{"start":0,"end":6,"url":null,"entity_id":"Q80053","candidates":[]}],[]],[[{"start":0,"end":12,"url":null,"entity_id":"Q12557","candidates":[]}],[{"start":0,"end":17,"url":null,"entity_id":"Q584683","candidates":[]}],[{"start":0,"end":9,"url":null,"entity_id":"Q62677","candidates":[]}],[]],[[{"start":0,"end":18,"url":null,"entity_id":"Q178913","candidates":[]}],[{"start":0,"end":8,"url":null,"entity_id":"Q7269","candidates":[]}],[{"start":0,"end":7,"url":null,"entity_id":"Q45301","candidates":[]}],[]],[[{"start":0,"end":18,"url":null,"entity_id":"Q3708094","candidates":[]}],[{"start":0,"end":8,"url":null,"entity_id":"Q7269","candidates":[]}],[{"start":0,"end":7,"url":null,"entity_id":"Q28587","candidates":[]}],[]],[[{"start":0,"end":17,"url":null,"entity_id":"Q7380487","candidates":[]}],[{"start":0,"end":8,"url":null,"entity_id":"Q7269","candidates":[]}],[{"start":0,"end":8,"url":null,"entity_id":"Q18986","candidates":[]}],[]],[[{"start":0,"end":14,"url":null,"entity_id":"Q12560","candidates":[]}],[{"start":0,"end":17,"url":null,"entity_id":"Q184558","candidates":[]}],[{"start":0,"end":14,"url":null,"entity_id":"Q16869","candidates":[]}],[]],[[{"start":0,"end":16,"url":null,"entity_id":"Q12544","candidates":[]}],[{"start":0,"end":17,"url":null,"entity_id":"Q184558","candidates":[]}],[{"start":0,"end":14,"url":null,"entity_id":"Q16869","candidates":[]}],[]]]}