{"version":"1.2","table":{"version":"2","table_id":"6OV5FL2Q","columns":[{"index":0,"name":"col0","values":["Star Trek Beyod","Rogue Ooe","Jurastic World","22 Jump Stseet","Capain America: Civil War","Suicde Squad","Mission: Impossible – RogueNation","The Hunger Games: Mockingjay – Prt 2","Vhe Hunger Games: Mockingjay – Part 1","pectre","X-Men: Apocaypse","Avenjers: Age of Ultron","The Lord of the Rings The Two Wowers","The Lord of the Rings: The Fellowship of the Rng","Bavmcn Begins","Die Another Da","IronMan","Star TrekInto Darkness","The Aengers","Quatum of Solace"]},{"index":1,"name":"col1","values":["Star Trek","Star Wars Anthology","Jurassic Park","Jump Street","Marvel Cinematic Universe","DC Extended Universe","Mission: Impossible film series","The Hunger Games tetralogy y según ken y que insurgentes","The Hunger Games tetralogy y según ken y que insurgentes","Production of the James Bond films","X-Men","Marvel Cinematic Universe","The Lord of the Rings trilogy","The Lord of the Rings trilogy","Batman in film","Production of the James Bond films","Marvel Cinematic Universe","Star Trek","Marvel Cinematic Universe","Production of the James Bond films"]},{"index":2,"name":"col2","values":["Starbase Yorktown","Death Star","Wisconsin","Mexico","Berlin","Washington, D.C.","Washington, D.C.","North America","North America","Austria","Poland","Norway","Middle-earth","Middle-earth","Bhutan","London","Los Angeles","San Francisco","New York City","Italy"]},{"index":3,"name":"col3","values":["free from 12 years","free from 12 years","free from 12 years","free from 12 years","free from 12 years","free from 12 years","free from 12 years","free from 12 years","free from 12 years","free from 12 years","free from 12 years","free from 12 years","free from 12 years","free from 12 years","free from 12 years","free from 12 years","free from 12 years","free from 12 years","free from 12 years","free from 12 years"]},{"index":4,"name":"col4","values":["185554999.99999997","199800000.0","151200000.0","64545000.0","248750000.0","173425000.0","150600000.0","160799999.99999997","124500000.0","245734999.99999997","178889999.99999997","252500000.0","93812000.0","93930000.0","148500000.0","141574000.0","140419999.99999997","190189999.99999997","218460000.0","199000000.0"]}]},"context":{"page_title":null,"page_url":null,"page_entity_id":null,"content_hierarchy":[]},"links":[[[{"start":0,"end":15,"url":null,"entity_id":"Q20023116","candidates":[]}],[{"start":0,"end":9,"url":null,"entity_id":"Q1102217","candidates":[]}],[{"start":0,"end":17,"url":null,"entity_id":"Q57820730","candidates":[]}],[{"start":0,"end":18,"url":null,"entity_id":"Q28732985","candidates":[]}],[]],[[{"start":0,"end":9,"url":null,"entity_id":"Q19590955","candidates":[]}],[{"start":0,"end":19,"url":null,"entity_id":"Q51964873","candidates":[]}],[{"start":0,"end":10,"url":null,"entity_id":"Q19907","candidates":[]}],[{"start":0,"end":18,"url":null,"entity_id":"Q28732985","candidates":[]}],[]],[[{"start":0,"end":14,"url":null,"entity_id":"Q3512046","candidates":[]}],[{"start":0,"end":13,"url":null,"entity_id":"Q17862144","candidates":[]}],[{"start":0,"end":9,"url":null,"entity_id":"Q1537","candidates":[]}],[{"start":0,"end":18,"url":null,"entity_id":"Q28732985","candidates":[]}],[]],[[{"start":0,"end":14,"url":null,"entity_id":"Q15040917","candidates":[]}],[{"start":0,"end":11,"url":null,"entity_id":"Q17988928","candidates":[]}],[{"start":0,"end":6,"url":null,"entity_id":"Q96","candidates":[]}],[{"start":0,"end":18,"url":null,"entity_id":"Q28732985","candidates":[]}],[]],[[{"start":0,"end":25,"url":null,"entity_id":"Q18407657","candidates":[]}],[{"start":0,"end":25,"url":null,"entity_id":"Q642878","candidates":[]}],[{"start":0,"end":6,"url":null,"entity_id":"Q64","candidates":[]}],[{"start":0,"end":18,"url":null,"entity_id":"Q28732985","candidates":[]}],[]],[[{"start":0,"end":12,"url":null,"entity_id":"Q18604504","candidates":[]}],[{"start":0,"end":20,"url":null,"entity_id":"Q18281265","candidates":[]}],[{"start":0,"end":16,"url":null,"entity_id":"Q61","candidates":[]}],[{"start":0,"end":18,"url":null,"entity_id":"Q28732985","candidates":[]}],[]],[[{"start":0,"end":33,"url":null,"entity_id":"Q17548046","candidates":[]}],[{"start":0,"end":31,"url":null,"entity_id":"Q1356213","candidates":[]}],[{"start":0,"end":16,"url":null,"entity_id":"Q61","candidates":[]}],[{"start":0,"end":18,"url":null,"entity_id":"Q28732985","candidates":[]}],[]],[[{"start":0,"end":36,"url":null,"entity_id":"Q10307713","candidates":[]}],[{"start":0,"end":56,"url":null,"entity_id":"Q11885031","candidates":[]}],[{"start":0,"end":13,"url":null,"entity_id":"Q49","candidates":[]}],[{"start":0,"end":18,"url":null,"entity_id":"Q28732985","candidates":[]}],[]],[[{"start":0,"end":37,"url":null,"entity_id":"Q4142083","candidates":[]}],[{"start":0,"end":56,"url":null,"entity_id":"Q11885031","candidates":[]}],[{"start":0,"end":13,"url":null,"entity_id":"Q49","candidates":[]}],[{"start":0,"end":18,"url":null,"entity_id":"Q28732985","candidates":[]}],[]],[[{"start":0,"end":6,"url":null,"entity_id":"Q18602670","candidates":[]}],[{"start":0,"end":34,"url":null,"entity_id":"Q2484680","candidates":[]}],[{"start":0,"end":7,"url":null,"entity_id":"Q40","candidates":[]}],[{"start":0,"end":18,"url":null,"entity_id":"Q28732985","candidates":[]}],[]],[[{"start":0,"end":16,"url":null,"entity_id":"Q17042878","candidates":[]}],[{"start":0,"end":5,"url":null,"entity_id":"Q2006869","candidates":[]}],[{"start":0,"end":6,"url":null,"entity_id":"Q36","candidates":[]}],[{"start":0,"end":18,"url":null,"entity_id":"Q28732985","candidates":[]}],[]],[[{"start":0,"end":23,"url":null,"entity_id":"Q14171368","candidates":[]}],[{"start":0,"end":25,"url":null,"entity_id":"Q642878","candidates":[]}],[{"start":0,"end":6,"url":null,"entity_id":"Q20","candidates":[]}],[{"start":0,"end":18,"url":null,"entity_id":"Q28732985","candidates":[]}],[]],[[{"start":0,"end":36,"url":null,"entity_id":"Q164963","candidates":[]}],[{"start":0,"end":29,"url":null,"entity_id":"Q190214","candidates":[]}],[{"start":0,"end":12,"url":null,"entity_id":"Q79734","candidates":[]}],[{"start":0,"end":18,"url":null,"entity_id":"Q28732985","candidates":[]}],[]],[[{"start":0,"end":48,"url":null,"entity_id":"Q127367","candidates":[]}],[{"start":0,"end":29,"url":null,"entity_id":"Q190214","candidates":[]}],[{"start":0,"end":12,"url":null,"entity_id":"Q79734","candidates":[]}],[{"start":0,"end":18,"url":null,"entity_id":"Q28732985","candidates":[]}],[]],[[{"start":0,"end":13,"url":null,"entity_id":"Q166262","candidates":[]}],[{"start":0,"end":14,"url":null,"entity_id":"Q2111133","candidates":[]}],[{"start":0,"end":6,"url":null,"entity_id":"Q917","candidates":[]}],[{"start":0,"end":18,"url":null,"entity_id":"Q28732985","candidates":[]}],[]],[[{"start":0,"end":14,"url":null,"entity_id":"Q30931","candidates":[]}],[{"start":0,"end":34,"url":null,"entity_id":"Q2484680","candidates":[]}],[{"start":0,"end":6,"url":null,"entity_id":"Q84","candidates":[]}],[{"start":0,"end":18,"url":null,"entity_id":"Q28732985","candidates":[]}],[]],[[{"start":0,"end":7,"url":null,"entity_id":"Q192724","candidates":[]}],[{"start":0,"end":25,"url":null,"entity_id":"Q642878","candidates":[]}],[{"start":0,"end":11,"url":null,"entity_id":"Q65","candidates":[]}],[{"start":0,"end":18,"url":null,"entity_id":"Q28732985","candidates":[]}],[]],[[{"start":0,"end":22,"url":null,"entity_id":"Q171711","candidates":[]}],[{"start":0,"end":9,"url":null,"entity_id":"Q1102217","candidates":[]}],[{"start":0,"end":13,"url":null,"entity_id":"Q62","candidates":[]}],[{"start":0,"end":18,"url":null,"entity_id":"Q28732985","candidates":[]}],[]],[[{"start":0,"end":11,"url":null,"entity_id":"Q182218","candidates":[]}],[{"start":0,"end":25,"url":null,"entity_id":"Q642878","candidates":[]}],[{"start":0,"end":13,"url":null,"entity_id":"Q60","candidates":[]}],[{"start":0,"end":18,"url":null,"entity_id":"Q28732985","candidates":[]}],[]],[[{"start":0,"end":16,"url":null,"entity_id":"Q181540","candidates":[]}],[{"start":0,"end":34,"url":null,"entity_id":"Q2484680","candidates":[]}],[{"start":0,"end":5,"url":null,"entity_id":"Q38","candidates":[]}],[{"start":0,"end":18,"url":null,"entity_id":"Q28732985","candidates":[]}],[]]]}