{"version":"1.2","table":{"version":"2","table_id":"6R67V74P","columns":[{"index":0,"name":"col0","values":["Příběničky","Castle Březina","Tiefburg Handschuhsheim","Ragnit Castle","Castell de Querroig","Zlenice-Hláska","Strádov","Starý Falkenburk","Svojkov Castle","Orlík Castle (Humpolec)","Castle Nový Herštejn","Castle Netřeb","Castle Litice by Plzeň","Kouty Castle","Jivno (hrad)","Jenčov castle","Jenštejn Castle","Gutštejn Castle","Vrškamýk Castle","Castle Ruin of Brandýs nad Orlicí"]},{"index":1,"name":"col1","values":["Gothic architecture","Gothic architecture","water castle","Gothic architecture","vernacular architecture","Gothic architecture","Gothic architecture","Gothic architecture","Gothic architecture","Gothic architecture","Gothic architecture","Gothic architecture","Gothic architecture","Gothic architecture","Gothic architecture","Gothic architecture","Gothic architecture","Gothic architecture","Gothic architecture","Gothic architecture"]},{"index":2,"name":"col2","values":["part of national heritage site in the Czech Republic","part of national heritage site in the Czech Republic","Kulturdenkmal","cultural heritage site in Russia","Cultural Asset of National Interest","cultural monument of the Czech Republic","cultural monument of the Czech Republic","cultural monument of the Czech Republic","cultural monument of the Czech Republic","cultural monument of the Czech Republic","cultural monument of the Czech Republic","cultural monument of the Czech Republic","cultural monument of the Czech Republic","cultural monument of the Czech Republic","cultural monument of the Czech Republic","cultural monument of the Czech Republic","cultural monument of the Czech Republic","cultural monument of the Czech Republic","cultural monument of the Czech Republic","cultural monument of the Czech Republic"]}]},"context":{"page_title":null,"page_url":null,"page_entity_id":null,"content_hierarchy":[]},"links":[[[{"start":0,"end":10,"url":null,"entity_id":"Q12048160","candidates":[]}],[{"start":0,"end":19,"url":null,"entity_id":"Q176483","candidates":[]}],[{"start":0,"end":52,"url":null,"entity_id":"Q30118385","candidates":[]}]],[[{"start":0,"end":14,"url":null,"entity_id":"Q11706925","candidates":[]}],[{"start":0,"end":19,"url":null,"entity_id":"Q176483","candidates":[]}],[{"start":0,"end":52,"url":null,"entity_id":"Q30118385","candidates":[]}]],[[{"start":0,"end":23,"url":null,"entity_id":"Q2431829","candidates":[]}],[{"start":0,"end":12,"url":null,"entity_id":"Q615810","candidates":[]}],[{"start":0,"end":13,"url":null,"entity_id":"Q11691318","candidates":[]}]],[[{"start":0,"end":13,"url":null,"entity_id":"Q2970338","candidates":[]}],[{"start":0,"end":19,"url":null,"entity_id":"Q176483","candidates":[]}],[{"start":0,"end":32,"url":null,"entity_id":"Q8346700","candidates":[]}]],[[{"start":0,"end":19,"url":null,"entity_id":"Q11913082","candidates":[]}],[{"start":0,"end":23,"url":null,"entity_id":"Q930314","candidates":[]}],[{"start":0,"end":35,"url":null,"entity_id":"Q1019352","candidates":[]}]],[[{"start":0,"end":14,"url":null,"entity_id":"Q15734462","candidates":[]}],[{"start":0,"end":19,"url":null,"entity_id":"Q176483","candidates":[]}],[{"start":0,"end":39,"url":null,"entity_id":"Q385405","candidates":[]}]],[[{"start":0,"end":7,"url":null,"entity_id":"Q12056648","candidates":[]}],[{"start":0,"end":19,"url":null,"entity_id":"Q176483","candidates":[]}],[{"start":0,"end":39,"url":null,"entity_id":"Q385405","candidates":[]}]],[[{"start":0,"end":16,"url":null,"entity_id":"Q12056235","candidates":[]}],[{"start":0,"end":19,"url":null,"entity_id":"Q176483","candidates":[]}],[{"start":0,"end":39,"url":null,"entity_id":"Q385405","candidates":[]}]],[[{"start":0,"end":14,"url":null,"entity_id":"Q12054399","candidates":[]}],[{"start":0,"end":19,"url":null,"entity_id":"Q176483","candidates":[]}],[{"start":0,"end":39,"url":null,"entity_id":"Q385405","candidates":[]}]],[[{"start":0,"end":23,"url":null,"entity_id":"Q12042921","candidates":[]}],[{"start":0,"end":19,"url":null,"entity_id":"Q176483","candidates":[]}],[{"start":0,"end":39,"url":null,"entity_id":"Q385405","candidates":[]}]],[[{"start":0,"end":20,"url":null,"entity_id":"Q12041391","candidates":[]}],[{"start":0,"end":19,"url":null,"entity_id":"Q176483","candidates":[]}],[{"start":0,"end":39,"url":null,"entity_id":"Q385405","candidates":[]}]],[[{"start":0,"end":13,"url":null,"entity_id":"Q12040797","candidates":[]}],[{"start":0,"end":19,"url":null,"entity_id":"Q176483","candidates":[]}],[{"start":0,"end":39,"url":null,"entity_id":"Q385405","candidates":[]}]],[[{"start":0,"end":22,"url":null,"entity_id":"Q12033679","candidates":[]}],[{"start":0,"end":19,"url":null,"entity_id":"Q176483","candidates":[]}],[{"start":0,"end":39,"url":null,"entity_id":"Q385405","candidates":[]}]],[[{"start":0,"end":12,"url":null,"entity_id":"Q12031210","candidates":[]}],[{"start":0,"end":19,"url":null,"entity_id":"Q176483","candidates":[]}],[{"start":0,"end":39,"url":null,"entity_id":"Q385405","candidates":[]}]],[[{"start":0,"end":12,"url":null,"entity_id":"Q12024977","candidates":[]}],[{"start":0,"end":19,"url":null,"entity_id":"Q176483","candidates":[]}],[{"start":0,"end":39,"url":null,"entity_id":"Q385405","candidates":[]}]],[[{"start":0,"end":13,"url":null,"entity_id":"Q12024911","candidates":[]}],[{"start":0,"end":19,"url":null,"entity_id":"Q176483","candidates":[]}],[{"start":0,"end":39,"url":null,"entity_id":"Q385405","candidates":[]}]],[[{"start":0,"end":15,"url":null,"entity_id":"Q12024521","candidates":[]}],[{"start":0,"end":19,"url":null,"entity_id":"Q176483","candidates":[]}],[{"start":0,"end":39,"url":null,"entity_id":"Q385405","candidates":[]}]],[[{"start":0,"end":15,"url":null,"entity_id":"Q12018569","candidates":[]}],[{"start":0,"end":19,"url":null,"entity_id":"Q176483","candidates":[]}],[{"start":0,"end":39,"url":null,"entity_id":"Q385405","candidates":[]}]],[[{"start":0,"end":15,"url":null,"entity_id":"Q11942779","candidates":[]}],[{"start":0,"end":19,"url":null,"entity_id":"Q176483","candidates":[]}],[{"start":0,"end":39,"url":null,"entity_id":"Q385405","candidates":[]}]],[[{"start":0,"end":33,"url":null,"entity_id":"Q11244670","candidates":[]}],[{"start":0,"end":19,"url":null,"entity_id":"Q176483","candidates":[]}],[{"start":0,"end":39,"url":null,"entity_id":"Q385405","candidates":[]}]]]}