{"version":"1.2","table":{"version":"2","table_id":"6TGANOA2","columns":[{"index":0,"name":"col0","values":["1978 Tour de Romandie","1976 Tour de Romandie","1975 Tour de Romandie","1972 Tour de Romandie","1970 Tour de Romandie","1967 Tour de Romandie","1966 Tour de Romandie","1965 Tour de Romandie","1962 Tour de Romandie","1961 Tour de Romandie","1960 Tour de Romandie","1958 Tour de Romandie","1956 Tour de Romandie","1955 Tour de Romandie","Tour de Romandía 1953","1951 Tour de Romandie","1950 Tour de Romandie","1947 Tour de Romandie","1949 Tour de Romandie","2016 Tour de Romandie"]},{"index":1,"name":"col1","values":["road bicycle racing","road bicycle racing","road bicycle racing","road bicycle racing","road bicycle racing","road bicycle racing","road bicycle racing","road bicycle racing","road bicycle racing","road bicycle racing","road bicycle racing","road bicycle racing","road bicycle racing","road bicycle racing","road bicycle racing","road bicycle racing","road bicycle racing","road bicycle racing","road bicycle racing","road bicycle racing"]},{"index":2,"name":"col2","values":["1979 Tour de Romandie","1977 Tour de Romandie","1976 Tour de Romandie","1973 Tour de Romandie","1971 Tour de Romandie","1968 Tour de Romandie","1967 Tour de Romandie","1966 Tour de Romandie","1963 Tour de Romandie","1962 Tour de Romandie","1961 Tour de Romandie","1959 Tour de Romandie","1957 Tour de Romandie","1956 Tour de Romandie","1954 Tour de Romandie","1952 Tour de Romandie","1951 Tour de Romandie","1948 Tour de Romandie","1950 Tour de Romandie","2017 Tour de Romandie"]}]},"context":{"page_title":null,"page_url":null,"page_entity_id":null,"content_hierarchy":[]},"links":[[[{"start":0,"end":21,"url":null,"entity_id":"Q30915612","candidates":[]}],[{"start":0,"end":19,"url":null,"entity_id":"Q3609","candidates":[]}],[{"start":0,"end":21,"url":null,"entity_id":"Q28663629","candidates":[]}]],[[{"start":0,"end":21,"url":null,"entity_id":"Q28663625","candidates":[]}],[{"start":0,"end":19,"url":null,"entity_id":"Q3609","candidates":[]}],[{"start":0,"end":21,"url":null,"entity_id":"Q28663627","candidates":[]}]],[[{"start":0,"end":21,"url":null,"entity_id":"Q30915609","candidates":[]}],[{"start":0,"end":19,"url":null,"entity_id":"Q3609","candidates":[]}],[{"start":0,"end":21,"url":null,"entity_id":"Q28663625","candidates":[]}]],[[{"start":0,"end":21,"url":null,"entity_id":"Q30915605","candidates":[]}],[{"start":0,"end":19,"url":null,"entity_id":"Q3609","candidates":[]}],[{"start":0,"end":21,"url":null,"entity_id":"Q28663624","candidates":[]}]],[[{"start":0,"end":21,"url":null,"entity_id":"Q30915596","candidates":[]}],[{"start":0,"end":19,"url":null,"entity_id":"Q3609","candidates":[]}],[{"start":0,"end":21,"url":null,"entity_id":"Q28663623","candidates":[]}]],[[{"start":0,"end":21,"url":null,"entity_id":"Q28663615","candidates":[]}],[{"start":0,"end":19,"url":null,"entity_id":"Q3609","candidates":[]}],[{"start":0,"end":21,"url":null,"entity_id":"Q28663616","candidates":[]}]],[[{"start":0,"end":21,"url":null,"entity_id":"Q28663614","candidates":[]}],[{"start":0,"end":19,"url":null,"entity_id":"Q3609","candidates":[]}],[{"start":0,"end":21,"url":null,"entity_id":"Q28663615","candidates":[]}]],[[{"start":0,"end":21,"url":null,"entity_id":"Q30911250","candidates":[]}],[{"start":0,"end":19,"url":null,"entity_id":"Q3609","candidates":[]}],[{"start":0,"end":21,"url":null,"entity_id":"Q28663614","candidates":[]}]],[[{"start":0,"end":21,"url":null,"entity_id":"Q28663612","candidates":[]}],[{"start":0,"end":19,"url":null,"entity_id":"Q3609","candidates":[]}],[{"start":0,"end":21,"url":null,"entity_id":"Q28663613","candidates":[]}]],[[{"start":0,"end":21,"url":null,"entity_id":"Q28663611","candidates":[]}],[{"start":0,"end":19,"url":null,"entity_id":"Q3609","candidates":[]}],[{"start":0,"end":21,"url":null,"entity_id":"Q28663612","candidates":[]}]],[[{"start":0,"end":21,"url":null,"entity_id":"Q30911246","candidates":[]}],[{"start":0,"end":19,"url":null,"entity_id":"Q3609","candidates":[]}],[{"start":0,"end":21,"url":null,"entity_id":"Q28663611","candidates":[]}]],[[{"start":0,"end":21,"url":null,"entity_id":"Q30915584","candidates":[]}],[{"start":0,"end":19,"url":null,"entity_id":"Q3609","candidates":[]}],[{"start":0,"end":21,"url":null,"entity_id":"Q28663610","candidates":[]}]],[[{"start":0,"end":21,"url":null,"entity_id":"Q28663608","candidates":[]}],[{"start":0,"end":19,"url":null,"entity_id":"Q3609","candidates":[]}],[{"start":0,"end":21,"url":null,"entity_id":"Q28663609","candidates":[]}]],[[{"start":0,"end":21,"url":null,"entity_id":"Q30915576","candidates":[]}],[{"start":0,"end":19,"url":null,"entity_id":"Q3609","candidates":[]}],[{"start":0,"end":21,"url":null,"entity_id":"Q28663608","candidates":[]}]],[[{"start":0,"end":21,"url":null,"entity_id":"Q28663607","candidates":[]}],[{"start":0,"end":19,"url":null,"entity_id":"Q3609","candidates":[]}],[{"start":0,"end":21,"url":null,"entity_id":"Q28663606","candidates":[]}]],[[{"start":0,"end":21,"url":null,"entity_id":"Q28663604","candidates":[]}],[{"start":0,"end":19,"url":null,"entity_id":"Q3609","candidates":[]}],[{"start":0,"end":21,"url":null,"entity_id":"Q28663605","candidates":[]}]],[[{"start":0,"end":21,"url":null,"entity_id":"Q28663602","candidates":[]}],[{"start":0,"end":19,"url":null,"entity_id":"Q3609","candidates":[]}],[{"start":0,"end":21,"url":null,"entity_id":"Q28663604","candidates":[]}]],[[{"start":0,"end":21,"url":null,"entity_id":"Q28663601","candidates":[]}],[{"start":0,"end":19,"url":null,"entity_id":"Q3609","candidates":[]}],[{"start":0,"end":21,"url":null,"entity_id":"Q28663603","candidates":[]}]],[[{"start":0,"end":21,"url":null,"entity_id":"Q30915575","candidates":[]}],[{"start":0,"end":19,"url":null,"entity_id":"Q3609","candidates":[]}],[{"start":0,"end":21,"url":null,"entity_id":"Q28663602","candidates":[]}]],[[{"start":0,"end":21,"url":null,"entity_id":"Q23294076","candidates":[]}],[{"start":0,"end":19,"url":null,"entity_id":"Q3609","candidates":[]}],[{"start":0,"end":21,"url":null,"entity_id":"Q27827582","candidates":[]}]]]}