{"version":"1.2","table":{"version":"2","table_id":"6TIB21GT","columns":[{"index":0,"name":"col0","values":["Bayeux Tapestry","Tapestry of the Century","Adoration of the Magi","Glorification of Mars","The Last Supper","Tapestry of the Fundació","Galates, son of Hercules, 11th king of Gaul and Lugdus, founder of Lyon","Julius Caesar and Attendants (from the Nine Heroes Tapestries)","Joshua and David (from The Nine Heroes Tapestries)","Christ Is Born as Man's Redeemer (Episode from the Story of the Redemption of Man)","À mon seul désir","Touch","Smell","Sight","Hearing","Taste","The Death of Polydorus","The Unicorn in Captivity","canopy of Charles VII of France","The Haywain"]},{"index":1,"name":"col1","values":["wool","wool","wool","silk","silk","cotton","wool","wool","wool","wool","silk","silk","silk","silk","silk","silk","silk","silk","silk","silk"]},{"index":2,"name":"col2","values":["anonymous","Alexander Kishchenko","William Morris","Augustin Coppens","Jan Raes II","Joan Miró","anonymous","anonymous","anonymous","anonymous","anonymous","anonymous","anonymous","anonymous","anonymous","anonymous","anonymous","anonymous","Jacob de Littemont","anonymous"]},{"index":3,"name":"col3","values":["human","Jesus Christ","Adoration of the Magi","horse","Jesus Christ","Moon","Galates","man","man","man","lion","lion","lion","lion","lion","lion","Polydorus","flower","crown","woman"]},{"index":4,"name":"col4","values":["Musée de la Tapisserie de Bayeux","Belarusian Union of Artists","Musée d'Orsay","Museum of Fine Arts, Ghent","M-Museum Leuven","Fundació Joan Miró","Beauvais Cathedral","Metropolitan Museum of Art","Metropolitan Museum of Art","Metropolitan Museum of Art","Musée de Cluny – Musée national du Moyen Âge","Musée de Cluny – Musée national du Moyen Âge","Musée de Cluny – Musée national du Moyen Âge","Musée de Cluny – Musée national du Moyen Âge","Musée de Cluny – Musée national du Moyen Âge","Musée de Cluny – Musée national du Moyen Âge","Museum of Fine Arts of Lyon","The Cloisters","Department of Decorative Arts of the Louvre","Patrimonio Nacional"]}]},"context":{"page_title":null,"page_url":null,"page_entity_id":null,"content_hierarchy":[]},"links":[[[{"start":0,"end":15,"url":null,"entity_id":"Q187483","candidates":[]}],[{"start":0,"end":4,"url":null,"entity_id":"Q42329","candidates":[]}],[{"start":0,"end":9,"url":null,"entity_id":"Q4233718","candidates":[]}],[{"start":0,"end":5,"url":null,"entity_id":"Q5","candidates":[]}],[{"start":0,"end":32,"url":null,"entity_id":"Q21631145","candidates":[]}]],[[{"start":0,"end":23,"url":null,"entity_id":"Q1524036","candidates":[]}],[{"start":0,"end":4,"url":null,"entity_id":"Q42329","candidates":[]}],[{"start":0,"end":20,"url":null,"entity_id":"Q6395790","candidates":[]}],[{"start":0,"end":12,"url":null,"entity_id":"Q302","candidates":[]}],[{"start":0,"end":27,"url":null,"entity_id":"Q6396132","candidates":[]}]],[[{"start":0,"end":21,"url":null,"entity_id":"Q57943585","candidates":[]}],[{"start":0,"end":4,"url":null,"entity_id":"Q42329","candidates":[]}],[{"start":0,"end":14,"url":null,"entity_id":"Q182589","candidates":[]}],[{"start":0,"end":21,"url":null,"entity_id":"Q488841","candidates":[]}],[{"start":0,"end":13,"url":null,"entity_id":"Q23402","candidates":[]}]],[[{"start":0,"end":21,"url":null,"entity_id":"Q22245408","candidates":[]}],[{"start":0,"end":4,"url":null,"entity_id":"Q37681","candidates":[]}],[{"start":0,"end":16,"url":null,"entity_id":"Q933005","candidates":[]}],[{"start":0,"end":5,"url":null,"entity_id":"Q726","candidates":[]}],[{"start":0,"end":26,"url":null,"entity_id":"Q2365880","candidates":[]}]],[[{"start":0,"end":15,"url":null,"entity_id":"Q21975692","candidates":[]}],[{"start":0,"end":4,"url":null,"entity_id":"Q37681","candidates":[]}],[{"start":0,"end":11,"url":null,"entity_id":"Q21820564","candidates":[]}],[{"start":0,"end":12,"url":null,"entity_id":"Q302","candidates":[]}],[{"start":0,"end":15,"url":null,"entity_id":"Q2362660","candidates":[]}]],[[{"start":0,"end":24,"url":null,"entity_id":"Q18719634","candidates":[]}],[{"start":0,"end":6,"url":null,"entity_id":"Q11457","candidates":[]}],[{"start":0,"end":9,"url":null,"entity_id":"Q152384","candidates":[]}],[{"start":0,"end":4,"url":null,"entity_id":"Q405","candidates":[]}],[{"start":0,"end":18,"url":null,"entity_id":"Q867072","candidates":[]}]],[[{"start":0,"end":71,"url":null,"entity_id":"Q21501158","candidates":[]}],[{"start":0,"end":4,"url":null,"entity_id":"Q42329","candidates":[]}],[{"start":0,"end":9,"url":null,"entity_id":"Q4233718","candidates":[]}],[{"start":0,"end":7,"url":null,"entity_id":"Q16332208","candidates":[]}],[{"start":0,"end":18,"url":null,"entity_id":"Q513300","candidates":[]}]],[[{"start":0,"end":62,"url":null,"entity_id":"Q20201229","candidates":[]}],[{"start":0,"end":4,"url":null,"entity_id":"Q42329","candidates":[]}],[{"start":0,"end":9,"url":null,"entity_id":"Q4233718","candidates":[]}],[{"start":0,"end":3,"url":null,"entity_id":"Q8441","candidates":[]}],[{"start":0,"end":26,"url":null,"entity_id":"Q160236","candidates":[]}]],[[{"start":0,"end":50,"url":null,"entity_id":"Q20201215","candidates":[]}],[{"start":0,"end":4,"url":null,"entity_id":"Q42329","candidates":[]}],[{"start":0,"end":9,"url":null,"entity_id":"Q4233718","candidates":[]}],[{"start":0,"end":3,"url":null,"entity_id":"Q8441","candidates":[]}],[{"start":0,"end":26,"url":null,"entity_id":"Q160236","candidates":[]}]],[[{"start":0,"end":82,"url":null,"entity_id":"Q20201019","candidates":[]}],[{"start":0,"end":4,"url":null,"entity_id":"Q42329","candidates":[]}],[{"start":0,"end":9,"url":null,"entity_id":"Q4233718","candidates":[]}],[{"start":0,"end":3,"url":null,"entity_id":"Q8441","candidates":[]}],[{"start":0,"end":26,"url":null,"entity_id":"Q160236","candidates":[]}]],[[{"start":0,"end":16,"url":null,"entity_id":"Q18156282","candidates":[]}],[{"start":0,"end":4,"url":null,"entity_id":"Q37681","candidates":[]}],[{"start":0,"end":9,"url":null,"entity_id":"Q4233718","candidates":[]}],[{"start":0,"end":4,"url":null,"entity_id":"Q140","candidates":[]}],[{"start":0,"end":44,"url":null,"entity_id":"Q1124095","candidates":[]}]],[[{"start":0,"end":5,"url":null,"entity_id":"Q18156280","candidates":[]}],[{"start":0,"end":4,"url":null,"entity_id":"Q37681","candidates":[]}],[{"start":0,"end":9,"url":null,"entity_id":"Q4233718","candidates":[]}],[{"start":0,"end":4,"url":null,"entity_id":"Q140","candidates":[]}],[{"start":0,"end":44,"url":null,"entity_id":"Q1124095","candidates":[]}]],[[{"start":0,"end":5,"url":null,"entity_id":"Q18156279","candidates":[]}],[{"start":0,"end":4,"url":null,"entity_id":"Q37681","candidates":[]}],[{"start":0,"end":9,"url":null,"entity_id":"Q4233718","candidates":[]}],[{"start":0,"end":4,"url":null,"entity_id":"Q140","candidates":[]}],[{"start":0,"end":44,"url":null,"entity_id":"Q1124095","candidates":[]}]],[[{"start":0,"end":5,"url":null,"entity_id":"Q18156273","candidates":[]}],[{"start":0,"end":4,"url":null,"entity_id":"Q37681","candidates":[]}],[{"start":0,"end":9,"url":null,"entity_id":"Q4233718","candidates":[]}],[{"start":0,"end":4,"url":null,"entity_id":"Q140","candidates":[]}],[{"start":0,"end":44,"url":null,"entity_id":"Q1124095","candidates":[]}]],[[{"start":0,"end":7,"url":null,"entity_id":"Q18156272","candidates":[]}],[{"start":0,"end":4,"url":null,"entity_id":"Q37681","candidates":[]}],[{"start":0,"end":9,"url":null,"entity_id":"Q4233718","candidates":[]}],[{"start":0,"end":4,"url":null,"entity_id":"Q140","candidates":[]}],[{"start":0,"end":44,"url":null,"entity_id":"Q1124095","candidates":[]}]],[[{"start":0,"end":5,"url":null,"entity_id":"Q18156247","candidates":[]}],[{"start":0,"end":4,"url":null,"entity_id":"Q37681","candidates":[]}],[{"start":0,"end":9,"url":null,"entity_id":"Q4233718","candidates":[]}],[{"start":0,"end":4,"url":null,"entity_id":"Q140","candidates":[]}],[{"start":0,"end":44,"url":null,"entity_id":"Q1124095","candidates":[]}]],[[{"start":0,"end":22,"url":null,"entity_id":"Q17355339","candidates":[]}],[{"start":0,"end":4,"url":null,"entity_id":"Q37681","candidates":[]}],[{"start":0,"end":9,"url":null,"entity_id":"Q4233718","candidates":[]}],[{"start":0,"end":9,"url":null,"entity_id":"Q346634","candidates":[]}],[{"start":0,"end":27,"url":null,"entity_id":"Q511","candidates":[]}]],[[{"start":0,"end":24,"url":null,"entity_id":"Q18683189","candidates":[]}],[{"start":0,"end":4,"url":null,"entity_id":"Q37681","candidates":[]}],[{"start":0,"end":9,"url":null,"entity_id":"Q4233718","candidates":[]}],[{"start":0,"end":6,"url":null,"entity_id":"Q506","candidates":[]}],[{"start":0,"end":13,"url":null,"entity_id":"Q1138030","candidates":[]}]],[[{"start":0,"end":31,"url":null,"entity_id":"Q3012153","candidates":[]}],[{"start":0,"end":4,"url":null,"entity_id":"Q37681","candidates":[]}],[{"start":0,"end":18,"url":null,"entity_id":"Q1677682","candidates":[]}],[{"start":0,"end":5,"url":null,"entity_id":"Q170984","candidates":[]}],[{"start":0,"end":43,"url":null,"entity_id":"Q3044767","candidates":[]}]],[[{"start":0,"end":11,"url":null,"entity_id":"Q2780920","candidates":[]}],[{"start":0,"end":4,"url":null,"entity_id":"Q37681","candidates":[]}],[{"start":0,"end":9,"url":null,"entity_id":"Q4233718","candidates":[]}],[{"start":0,"end":5,"url":null,"entity_id":"Q467","candidates":[]}],[{"start":0,"end":19,"url":null,"entity_id":"Q1891189","candidates":[]}]]]}