{"version":"1.2","table":{"version":"2","table_id":"6URQKY5Z","columns":[{"index":0,"name":"col0","values":["220P/McNaught","191P/McNaught","262P/McNaught–Russell","260P/McNaught","257P/Catalina","C/2014 Q2","(300163) 2006 VW139","88P/Howell","213P/Van Ness","195P/Hill","C/1917 F1 (Mellish)","331P/Gibbs","100P/Hartley 1","259P/Garradd","182P/LONEOS","246P/NEAT","215P/NEAT","169P/NEAT","258P/PANSTARRS","168P/Hergenrother"]},{"index":1,"name":"col1","values":["Robert H. McNaught","Robert H. McNaught","Robert H. McNaught","Robert H. McNaught","Catalina Sky Survey","Terry Lovejoy","Spacewatch","Ellen Suzanne Howell","Michael E. Van Ness","Richard Erik Hill","John Edward Mellish","Alex R. Gibbs","Malcolm Hartley","Gordon J. Garradd","Lowell Observatory Near-Earth-Object Search","Near-Earth Asteroid Tracking","Near-Earth Asteroid Tracking","Near-Earth Asteroid Tracking","Pan-STARRS","Carl W. Hergenrother"]},{"index":2,"name":"col2","values":["2004-05-20","2007-07-10","1994-12-12","2005-05-20","2003-04-26","2014-08-17","2006-11-15","1981-08-29","2005-09-10","2006-11-22","1917-03-19","2012-03-22","1985-06-13","2008-09-02","2001-10-26","2004-03-28","2002-05-08","2002-03-15","2012-04-27","1998-11-22"]}]},"context":{"page_title":null,"page_url":null,"page_entity_id":null,"content_hierarchy":[]},"links":[[[{"start":0,"end":13,"url":null,"entity_id":"Q11683327","candidates":[]}],[{"start":0,"end":18,"url":null,"entity_id":"Q710381","candidates":[]}],[]],[[{"start":0,"end":13,"url":null,"entity_id":"Q11683183","candidates":[]}],[{"start":0,"end":18,"url":null,"entity_id":"Q710381","candidates":[]}],[]],[[{"start":0,"end":21,"url":null,"entity_id":"Q9131465","candidates":[]}],[{"start":0,"end":18,"url":null,"entity_id":"Q710381","candidates":[]}],[]],[[{"start":0,"end":13,"url":null,"entity_id":"Q9131463","candidates":[]}],[{"start":0,"end":18,"url":null,"entity_id":"Q710381","candidates":[]}],[]],[[{"start":0,"end":13,"url":null,"entity_id":"Q9131361","candidates":[]}],[{"start":0,"end":19,"url":null,"entity_id":"Q515838","candidates":[]}],[]],[[{"start":0,"end":9,"url":null,"entity_id":"Q18155917","candidates":[]}],[{"start":0,"end":13,"url":null,"entity_id":"Q286482","candidates":[]}],[]],[[{"start":0,"end":19,"url":null,"entity_id":"Q15218422","candidates":[]}],[{"start":0,"end":10,"url":null,"entity_id":"Q213563","candidates":[]}],[]],[[{"start":0,"end":10,"url":null,"entity_id":"Q3270808","candidates":[]}],[{"start":0,"end":20,"url":null,"entity_id":"Q19721605","candidates":[]}],[]],[[{"start":0,"end":13,"url":null,"entity_id":"Q3598099","candidates":[]}],[{"start":0,"end":19,"url":null,"entity_id":"Q19414183","candidates":[]}],[]],[[{"start":0,"end":9,"url":null,"entity_id":"Q3597896","candidates":[]}],[{"start":0,"end":17,"url":null,"entity_id":"Q3934799","candidates":[]}],[]],[[{"start":0,"end":19,"url":null,"entity_id":"Q3648286","candidates":[]}],[{"start":0,"end":19,"url":null,"entity_id":"Q3809237","candidates":[]}],[]],[[{"start":0,"end":10,"url":null,"entity_id":"Q3887906","candidates":[]}],[{"start":0,"end":13,"url":null,"entity_id":"Q3610714","candidates":[]}],[]],[[{"start":0,"end":14,"url":null,"entity_id":"Q3271072","candidates":[]}],[{"start":0,"end":15,"url":null,"entity_id":"Q1887030","candidates":[]}],[]],[[{"start":0,"end":12,"url":null,"entity_id":"Q3887884","candidates":[]}],[{"start":0,"end":17,"url":null,"entity_id":"Q1384353","candidates":[]}],[]],[[{"start":0,"end":11,"url":null,"entity_id":"Q3553673","candidates":[]}],[{"start":0,"end":43,"url":null,"entity_id":"Q1165635","candidates":[]}],[]],[[{"start":0,"end":9,"url":null,"entity_id":"Q3598232","candidates":[]}],[{"start":0,"end":28,"url":null,"entity_id":"Q1140499","candidates":[]}],[]],[[{"start":0,"end":9,"url":null,"entity_id":"Q3598100","candidates":[]}],[{"start":0,"end":28,"url":null,"entity_id":"Q1140499","candidates":[]}],[]],[[{"start":0,"end":9,"url":null,"entity_id":"Q2762284","candidates":[]}],[{"start":0,"end":28,"url":null,"entity_id":"Q1140499","candidates":[]}],[]],[[{"start":0,"end":14,"url":null,"entity_id":"Q3598277","candidates":[]}],[{"start":0,"end":10,"url":null,"entity_id":"Q1075600","candidates":[]}],[]],[[{"start":0,"end":17,"url":null,"entity_id":"Q3272131","candidates":[]}],[{"start":0,"end":20,"url":null,"entity_id":"Q1040968","candidates":[]}],[]]]}