{"version":"1.2","table":{"version":"2","table_id":"6V02EAMV","columns":[{"index":0,"name":"col0","values":["Fourques hoel","Fzes hotel","Fesquet hoel","Estrc otel","Eeyde hotel","Claris hoel","Castries houel","Castaq hotel","Cmpao hotel","Many mansion","oussugues hotel","Hôtel de Dernuy","Hôtel Moïse de Camono","Hôtel de Chgvrese","Hôtel Racapé-de-La0Feuillée","Hôtel d Felzins","Bnézet hotel","Beauac hotl","Avez hotel","Aurèshotel"]},{"index":1,"name":"col1","values":["1725/01/01","1665/01/01","1627/01/01","1734/01/01","1644/01/01","1665/01/01","1608/01/01","1665/01/01","1760/01/01","1470/01/01","1760/01/01","1600/01/01","1914/01/01","1660/01/01","1659/01/01","1600/01/01","1667/01/01","1670/01/01","1678/01/01","1718/01/01"]},{"index":2,"name":"col2","values":["France","France","France","France","France","France","France","France","France","France","France","France","France","France","France","France","France","France","France","France"]}]},"context":{"page_title":null,"page_url":null,"page_entity_id":null,"content_hierarchy":[]},"links":[[[{"start":0,"end":13,"url":null,"entity_id":"Q22953942","candidates":[]}],[],[{"start":0,"end":6,"url":null,"entity_id":"Q142","candidates":[]}]],[[{"start":0,"end":10,"url":null,"entity_id":"Q22953941","candidates":[]}],[],[{"start":0,"end":6,"url":null,"entity_id":"Q142","candidates":[]}]],[[{"start":0,"end":12,"url":null,"entity_id":"Q22953939","candidates":[]}],[],[{"start":0,"end":6,"url":null,"entity_id":"Q142","candidates":[]}]],[[{"start":0,"end":10,"url":null,"entity_id":"Q22953938","candidates":[]}],[],[{"start":0,"end":6,"url":null,"entity_id":"Q142","candidates":[]}]],[[{"start":0,"end":11,"url":null,"entity_id":"Q22953937","candidates":[]}],[],[{"start":0,"end":6,"url":null,"entity_id":"Q142","candidates":[]}]],[[{"start":0,"end":11,"url":null,"entity_id":"Q22953936","candidates":[]}],[],[{"start":0,"end":6,"url":null,"entity_id":"Q142","candidates":[]}]],[[{"start":0,"end":14,"url":null,"entity_id":"Q22953935","candidates":[]}],[],[{"start":0,"end":6,"url":null,"entity_id":"Q142","candidates":[]}]],[[{"start":0,"end":12,"url":null,"entity_id":"Q22953932","candidates":[]}],[],[{"start":0,"end":6,"url":null,"entity_id":"Q142","candidates":[]}]],[[{"start":0,"end":11,"url":null,"entity_id":"Q22953930","candidates":[]}],[],[{"start":0,"end":6,"url":null,"entity_id":"Q142","candidates":[]}]],[[{"start":0,"end":12,"url":null,"entity_id":"Q22953929","candidates":[]}],[],[{"start":0,"end":6,"url":null,"entity_id":"Q142","candidates":[]}]],[[{"start":0,"end":15,"url":null,"entity_id":"Q22953928","candidates":[]}],[],[{"start":0,"end":6,"url":null,"entity_id":"Q142","candidates":[]}]],[[{"start":0,"end":15,"url":null,"entity_id":"Q22938605","candidates":[]}],[],[{"start":0,"end":6,"url":null,"entity_id":"Q142","candidates":[]}]],[[{"start":0,"end":21,"url":null,"entity_id":"Q22924692","candidates":[]}],[],[{"start":0,"end":6,"url":null,"entity_id":"Q142","candidates":[]}]],[[{"start":0,"end":17,"url":null,"entity_id":"Q21984783","candidates":[]}],[],[{"start":0,"end":6,"url":null,"entity_id":"Q142","candidates":[]}]],[[{"start":0,"end":27,"url":null,"entity_id":"Q21806358","candidates":[]}],[],[{"start":0,"end":6,"url":null,"entity_id":"Q142","candidates":[]}]],[[{"start":0,"end":15,"url":null,"entity_id":"Q21294385","candidates":[]}],[],[{"start":0,"end":6,"url":null,"entity_id":"Q142","candidates":[]}]],[[{"start":0,"end":12,"url":null,"entity_id":"Q22953927","candidates":[]}],[],[{"start":0,"end":6,"url":null,"entity_id":"Q142","candidates":[]}]],[[{"start":0,"end":11,"url":null,"entity_id":"Q22953925","candidates":[]}],[],[{"start":0,"end":6,"url":null,"entity_id":"Q142","candidates":[]}]],[[{"start":0,"end":10,"url":null,"entity_id":"Q22953923","candidates":[]}],[],[{"start":0,"end":6,"url":null,"entity_id":"Q142","candidates":[]}]],[[{"start":0,"end":10,"url":null,"entity_id":"Q22953922","candidates":[]}],[],[{"start":0,"end":6,"url":null,"entity_id":"Q142","candidates":[]}]]]}