{"version":"1.2","table":{"version":"2","table_id":"6Y3XLCZO","columns":[{"index":0,"name":"col0","values":["Ministry of Education, Culture, Sports and Youth","Ministry of Education, Culture and Sport (Spain, 2011-2018)","Secretaría de Cultura de la Ciudad de México","Ministry of Culture, Sports and Tourism","Ministry of Culture","Ministry of Culture (Spain, 2004-2011)","Ministry of Culture","ministère de la Culture et des Communications","Ministry of Cultural Heritage and Activities and Tourism","Ministry of Culture","Ministry of Culture and National Heritage","Ministerio de Cultura de la Nación Argentina","Ministry of Culture of the Republic of China","Ministry of Culture","Ministry of Culture","Ministry of Culture, Arts and Heritage","Ministry of Heritage and Culture","Ministry of Culture","Ministry of Culture and Islamic Guidance","Ministry of Culture"]},{"index":1,"name":"col1","values":["Republic of Cyprus","Spain","Mexico","South Korea","Czech Republic","Spain","Spain","Canada","Italy","Thailand","Poland","Argentina","Taiwan","France","Egypt","Qatar","Oman","Lebanon","Iran","Tunisia"]},{"index":2,"name":"col2","values":["Building of Ministry of Education, Culture, Sports and Youth","Headquarters of the Ministry of Education of Spain","Álvaro Obregón","Government Complex Sejong","Nostitz Palace","House of las Siete Chimeneas","House of las Siete Chimeneas","La Cité-Limoilou","Roman College","Huai Khwang","Potocki Palace","Avenida Alvear","Xinzhuang District","Palais-Royal","Zamalek","Doha","Muscat","Beirut","Tehran","Tunis"]}]},"context":{"page_title":null,"page_url":null,"page_entity_id":null,"content_hierarchy":[]},"links":[[[{"start":0,"end":48,"url":null,"entity_id":"Q6590376","candidates":[]}],[{"start":0,"end":18,"url":null,"entity_id":"Q229","candidates":[]}],[{"start":0,"end":60,"url":null,"entity_id":"Q66724817","candidates":[]}]],[[{"start":0,"end":59,"url":null,"entity_id":"Q3181296","candidates":[]}],[{"start":0,"end":5,"url":null,"entity_id":"Q29","candidates":[]}],[{"start":0,"end":50,"url":null,"entity_id":"Q29959024","candidates":[]}]],[[{"start":0,"end":44,"url":null,"entity_id":"Q16629567","candidates":[]}],[{"start":0,"end":6,"url":null,"entity_id":"Q96","candidates":[]}],[{"start":0,"end":14,"url":null,"entity_id":"Q14906254","candidates":[]}]],[[{"start":0,"end":39,"url":null,"entity_id":"Q488744","candidates":[]}],[{"start":0,"end":11,"url":null,"entity_id":"Q884","candidates":[]}],[{"start":0,"end":25,"url":null,"entity_id":"Q12615673","candidates":[]}]],[[{"start":0,"end":19,"url":null,"entity_id":"Q6866715","candidates":[]}],[{"start":0,"end":14,"url":null,"entity_id":"Q213","candidates":[]}],[{"start":0,"end":14,"url":null,"entity_id":"Q12041087","candidates":[]}]],[[{"start":0,"end":38,"url":null,"entity_id":"Q6017208","candidates":[]}],[{"start":0,"end":5,"url":null,"entity_id":"Q29","candidates":[]}],[{"start":0,"end":28,"url":null,"entity_id":"Q5915581","candidates":[]}]],[[{"start":0,"end":19,"url":null,"entity_id":"Q3113895","candidates":[]}],[{"start":0,"end":5,"url":null,"entity_id":"Q29","candidates":[]}],[{"start":0,"end":28,"url":null,"entity_id":"Q5915581","candidates":[]}]],[[{"start":0,"end":45,"url":null,"entity_id":"Q3315272","candidates":[]}],[{"start":0,"end":6,"url":null,"entity_id":"Q16","candidates":[]}],[{"start":0,"end":16,"url":null,"entity_id":"Q3114194","candidates":[]}]],[[{"start":0,"end":56,"url":null,"entity_id":"Q1347047","candidates":[]}],[{"start":0,"end":5,"url":null,"entity_id":"Q38","candidates":[]}],[{"start":0,"end":13,"url":null,"entity_id":"Q2157592","candidates":[]}]],[[{"start":0,"end":19,"url":null,"entity_id":"Q4922984","candidates":[]}],[{"start":0,"end":8,"url":null,"entity_id":"Q869","candidates":[]}],[{"start":0,"end":11,"url":null,"entity_id":"Q1975222","candidates":[]}]],[[{"start":0,"end":41,"url":null,"entity_id":"Q4294444","candidates":[]}],[{"start":0,"end":6,"url":null,"entity_id":"Q36","candidates":[]}],[{"start":0,"end":14,"url":null,"entity_id":"Q1629484","candidates":[]}]],[[{"start":0,"end":44,"url":null,"entity_id":"Q6123192","candidates":[]}],[{"start":0,"end":9,"url":null,"entity_id":"Q414","candidates":[]}],[{"start":0,"end":14,"url":null,"entity_id":"Q790451","candidates":[]}]],[[{"start":0,"end":44,"url":null,"entity_id":"Q697865","candidates":[]}],[{"start":0,"end":6,"url":null,"entity_id":"Q865","candidates":[]}],[{"start":0,"end":18,"url":null,"entity_id":"Q373768","candidates":[]}]],[[{"start":0,"end":19,"url":null,"entity_id":"Q384602","candidates":[]}],[{"start":0,"end":6,"url":null,"entity_id":"Q142","candidates":[]}],[{"start":0,"end":12,"url":null,"entity_id":"Q329948","candidates":[]}]],[[{"start":0,"end":19,"url":null,"entity_id":"Q3064288","candidates":[]}],[{"start":0,"end":5,"url":null,"entity_id":"Q79","candidates":[]}],[{"start":0,"end":7,"url":null,"entity_id":"Q145356","candidates":[]}]],[[{"start":0,"end":38,"url":null,"entity_id":"Q23043299","candidates":[]}],[{"start":0,"end":5,"url":null,"entity_id":"Q846","candidates":[]}],[{"start":0,"end":4,"url":null,"entity_id":"Q3861","candidates":[]}]],[[{"start":0,"end":32,"url":null,"entity_id":"Q6867126","candidates":[]}],[{"start":0,"end":4,"url":null,"entity_id":"Q842","candidates":[]}],[{"start":0,"end":6,"url":null,"entity_id":"Q3826","candidates":[]}]],[[{"start":0,"end":19,"url":null,"entity_id":"Q6866714","candidates":[]}],[{"start":0,"end":7,"url":null,"entity_id":"Q822","candidates":[]}],[{"start":0,"end":6,"url":null,"entity_id":"Q3820","candidates":[]}]],[[{"start":0,"end":40,"url":null,"entity_id":"Q1445474","candidates":[]}],[{"start":0,"end":4,"url":null,"entity_id":"Q794","candidates":[]}],[{"start":0,"end":6,"url":null,"entity_id":"Q3616","candidates":[]}]],[[{"start":0,"end":19,"url":null,"entity_id":"Q3315270","candidates":[]}],[{"start":0,"end":7,"url":null,"entity_id":"Q948","candidates":[]}],[{"start":0,"end":5,"url":null,"entity_id":"Q3572","candidates":[]}]]]}