{"version":"1.2","table":{"version":"2","table_id":"6YQ6DPW4","columns":[{"index":0,"name":"col0","values":["8699 Quigley","22905Liciniotoso","22485Kathydougas","23812 Ricker","22171 Ckoi","18398 Begenz","12008 Kandruq","1810 Arawn","5720 Hlweaver","2910 Youhkar-Ola","2696 Magon","2109 Voloshina","1989 Taty","2170Byelorussia","7369 Gvrilin","525 Ademaide","5798 Bwrnett","984 Gretja","981 Marina","951 Gaspr"]},{"index":1,"name":"col1","values":["2.6771522679","2.0061736182","2.0590300304999998","2.0184481824000002","2.3413066028","1.5957086472","1.3731187752","34.684082157499994","1.6050082608","1.8456002265","2.1733769056999996","2.6545112334","2.1865041349999994","1.9829993035","1.5973580168","2.0176200806175313","2.3176363694","2.226630373629938","2.486654894715114","1.8230289277904894"]},{"index":2,"name":"col2","values":["217.5691335","389.61","78.156","129.9752","2.997","5.4140348","32.7706908","5.356800000000001","3.8649702","3.4198766999999997","476.64","5.943168","130.9061","6.7878025","49.46383999999999","19.787297","7.51941","5.760666","11.267","7.00679"]}]},"context":{"page_title":null,"page_url":null,"page_entity_id":null,"content_hierarchy":[]},"links":[[[{"start":0,"end":12,"url":null,"entity_id":"Q2617581","candidates":[]}],[],[]],[[{"start":0,"end":16,"url":null,"entity_id":"Q2612512","candidates":[]}],[],[]],[[{"start":0,"end":16,"url":null,"entity_id":"Q2612386","candidates":[]}],[],[]],[[{"start":0,"end":12,"url":null,"entity_id":"Q2522908","candidates":[]}],[],[]],[[{"start":0,"end":10,"url":null,"entity_id":"Q2478840","candidates":[]}],[],[]],[[{"start":0,"end":12,"url":null,"entity_id":"Q2213462","candidates":[]}],[],[]],[[{"start":0,"end":13,"url":null,"entity_id":"Q2213126","candidates":[]}],[],[]],[[{"start":0,"end":10,"url":null,"entity_id":"Q1932426","candidates":[]}],[],[]],[[{"start":0,"end":13,"url":null,"entity_id":"Q1061358","candidates":[]}],[],[]],[[{"start":0,"end":16,"url":null,"entity_id":"Q919813","candidates":[]}],[],[]],[[{"start":0,"end":10,"url":null,"entity_id":"Q912725","candidates":[]}],[],[]],[[{"start":0,"end":14,"url":null,"entity_id":"Q834682","candidates":[]}],[],[]],[[{"start":0,"end":9,"url":null,"entity_id":"Q753732","candidates":[]}],[],[]],[[{"start":0,"end":15,"url":null,"entity_id":"Q674562","candidates":[]}],[],[]],[[{"start":0,"end":12,"url":null,"entity_id":"Q645733","candidates":[]}],[],[]],[[{"start":0,"end":12,"url":null,"entity_id":"Q487990","candidates":[]}],[],[]],[[{"start":0,"end":12,"url":null,"entity_id":"Q370529","candidates":[]}],[],[]],[[{"start":0,"end":10,"url":null,"entity_id":"Q158466","candidates":[]}],[],[]],[[{"start":0,"end":10,"url":null,"entity_id":"Q158453","candidates":[]}],[],[]],[[{"start":0,"end":9,"url":null,"entity_id":"Q158244","candidates":[]}],[],[]]]}