{"version":"1.2","table":{"version":"2","table_id":"701PC41T","columns":[{"index":0,"name":"col0","values":["Bad Boys","Florida Gators men's basketball","Indiana Pacers","Milwaukee Bucks","Detroit Pistons","Utah Jazz","Portland Trail Blazers","Oklahoma City Thunder","Minnesota Timberwolves","Washington Wizards","Miami Heat","Brooklyn Nets","New Orleans Pelicans","PBC CSKA Moscow","Panionios B.C.","Darüşşafaka S.K.","Olympiacos B.C.","KK Partizan","Los Angeles Clippers","Maccabi Tel Aviv B.C."]},{"index":1,"name":"col1","values":["Chuck Daly","Michael White","Frank Vogel","Mike Budenholzer","Stan Van Gundy","Quin Snyder","Terry Stotts","Billy Donovan","Tom Thibodeau","Scott Brooks","Erik Spoelstra","Kenny Atkinson","Alvin Gentry","Dimitrios Itoudis","Ioannis Sfairopoulos","David Blatt","David Blatt","Andrea Trinchieri","Doc Rivers","Ioannis Sfairopoulos"]},{"index":2,"name":"col2","values":["Detroit Pistons","University of Florida","Central Division","Central Division","Central Division","Northwest Division","Northwest Division","Northwest Division","Northwest Division","Southeast Division","Southeast Division","Atlantic Division","Southwest Division","CSKA Moscow","Panionios","Darüşşafaka Association","Olympiacos CFP","JSD Partizan","Pacific Division","Maccabi Tel Aviv"]}]},"context":{"page_title":null,"page_url":null,"page_entity_id":null,"content_hierarchy":[]},"links":[[[{"start":0,"end":8,"url":null,"entity_id":"Q45309133","candidates":[]}],[{"start":0,"end":10,"url":null,"entity_id":"Q176263","candidates":[]}],[{"start":0,"end":15,"url":null,"entity_id":"Q169661","candidates":[]}]],[[{"start":0,"end":31,"url":null,"entity_id":"Q5461408","candidates":[]}],[{"start":0,"end":13,"url":null,"entity_id":"Q14472966","candidates":[]}],[{"start":0,"end":21,"url":null,"entity_id":"Q501758","candidates":[]}]],[[{"start":0,"end":14,"url":null,"entity_id":"Q170329","candidates":[]}],[{"start":0,"end":11,"url":null,"entity_id":"Q2456047","candidates":[]}],[{"start":0,"end":16,"url":null,"entity_id":"Q745984","candidates":[]}]],[[{"start":0,"end":15,"url":null,"entity_id":"Q169637","candidates":[]}],[{"start":0,"end":16,"url":null,"entity_id":"Q776784","candidates":[]}],[{"start":0,"end":16,"url":null,"entity_id":"Q745984","candidates":[]}]],[[{"start":0,"end":15,"url":null,"entity_id":"Q169661","candidates":[]}],[{"start":0,"end":14,"url":null,"entity_id":"Q608639","candidates":[]}],[{"start":0,"end":16,"url":null,"entity_id":"Q745984","candidates":[]}]],[[{"start":0,"end":9,"url":null,"entity_id":"Q170649","candidates":[]}],[{"start":0,"end":11,"url":null,"entity_id":"Q3414516","candidates":[]}],[{"start":0,"end":18,"url":null,"entity_id":"Q723639","candidates":[]}]],[[{"start":0,"end":22,"url":null,"entity_id":"Q167253","candidates":[]}],[{"start":0,"end":12,"url":null,"entity_id":"Q2348679","candidates":[]}],[{"start":0,"end":18,"url":null,"entity_id":"Q723639","candidates":[]}]],[[{"start":0,"end":21,"url":null,"entity_id":"Q180950","candidates":[]}],[{"start":0,"end":13,"url":null,"entity_id":"Q950413","candidates":[]}],[{"start":0,"end":18,"url":null,"entity_id":"Q723639","candidates":[]}]],[[{"start":0,"end":22,"url":null,"entity_id":"Q170558","candidates":[]}],[{"start":0,"end":13,"url":null,"entity_id":"Q586579","candidates":[]}],[{"start":0,"end":18,"url":null,"entity_id":"Q723639","candidates":[]}]],[[{"start":0,"end":18,"url":null,"entity_id":"Q169165","candidates":[]}],[{"start":0,"end":12,"url":null,"entity_id":"Q731502","candidates":[]}],[{"start":0,"end":18,"url":null,"entity_id":"Q639928","candidates":[]}]],[[{"start":0,"end":10,"url":null,"entity_id":"Q169138","candidates":[]}],[{"start":0,"end":14,"url":null,"entity_id":"Q440324","candidates":[]}],[{"start":0,"end":18,"url":null,"entity_id":"Q639928","candidates":[]}]],[[{"start":0,"end":13,"url":null,"entity_id":"Q572134","candidates":[]}],[{"start":0,"end":14,"url":null,"entity_id":"Q6390964","candidates":[]}],[{"start":0,"end":17,"url":null,"entity_id":"Q638908","candidates":[]}]],[[{"start":0,"end":20,"url":null,"entity_id":"Q172339","candidates":[]}],[{"start":0,"end":12,"url":null,"entity_id":"Q2575239","candidates":[]}],[{"start":0,"end":18,"url":null,"entity_id":"Q391166","candidates":[]}]],[[{"start":0,"end":15,"url":null,"entity_id":"Q457376","candidates":[]}],[{"start":0,"end":17,"url":null,"entity_id":"Q1167361","candidates":[]}],[{"start":0,"end":11,"url":null,"entity_id":"Q32140","candidates":[]}]],[[{"start":0,"end":14,"url":null,"entity_id":"Q2049524","candidates":[]}],[{"start":0,"end":20,"url":null,"entity_id":"Q8992263","candidates":[]}],[{"start":0,"end":9,"url":null,"entity_id":"Q3555496","candidates":[]}]],[[{"start":0,"end":16,"url":null,"entity_id":"Q2352878","candidates":[]}],[{"start":0,"end":11,"url":null,"entity_id":"Q557587","candidates":[]}],[{"start":0,"end":23,"url":null,"entity_id":"Q2676582","candidates":[]}]],[[{"start":0,"end":15,"url":null,"entity_id":"Q847701","candidates":[]}],[{"start":0,"end":11,"url":null,"entity_id":"Q557587","candidates":[]}],[{"start":0,"end":14,"url":null,"entity_id":"Q12396315","candidates":[]}]],[[{"start":0,"end":11,"url":null,"entity_id":"Q912247","candidates":[]}],[{"start":0,"end":17,"url":null,"entity_id":"Q1532469","candidates":[]}],[{"start":0,"end":12,"url":null,"entity_id":"Q1481495","candidates":[]}]],[[{"start":0,"end":20,"url":null,"entity_id":"Q976396","candidates":[]}],[{"start":0,"end":10,"url":null,"entity_id":"Q352093","candidates":[]}],[{"start":0,"end":16,"url":null,"entity_id":"Q206201","candidates":[]}]],[[{"start":0,"end":21,"url":null,"entity_id":"Q819694","candidates":[]}],[{"start":0,"end":20,"url":null,"entity_id":"Q8992263","candidates":[]}],[{"start":0,"end":16,"url":null,"entity_id":"Q1389899","candidates":[]}]]]}