{"version":"1.2","table":{"version":"2","table_id":"729CBHSR","columns":[{"index":0,"name":"col0","values":["Samarra","Angkor","Buenos Aires","Turin","Genoa","Brussels","Ghent","Tokyo","Iskandar Puteri","Sangüesa","Namur","Charleroi","Kėdainiai","Revere","Siena","Florence","Rostock","Ani","Bridgetown","Beersheba"]},{"index":1,"name":"col1","values":["150.58","35100","203.3","130.01","240.29","33","156.18","2187.66","367.4","69.8","175.69","102.08","19","26.241054","118.53","102","181.36","250.7","38849821","117.5"]},{"index":2,"name":"col2","values":["Al-Mutawakkiliyya","Angkor Wat","Dirección del General Libro, Bibliotecas y Promoción de la Lectura","Crocetta Centre","Palazzi dei Rolli","Haren","Afsnee","Tokyo","Mutiara Rini","Sangüesa","Belgrade","Charleroi","Babėnai","Revere Beach","Historic Centre of Siena","Historical quarters in Florence","Warnemünde","Church of Saint Gregory of Abughamrents","Garrison Historic Area","Tel Be'er Sheva"]}]},"context":{"page_title":null,"page_url":null,"page_entity_id":null,"content_hierarchy":[]},"links":[[[{"start":0,"end":7,"url":null,"entity_id":"Q170047","candidates":[]}],[],[{"start":0,"end":17,"url":null,"entity_id":"Q66057981","candidates":[]}]],[[{"start":0,"end":6,"url":null,"entity_id":"Q163607","candidates":[]}],[],[{"start":0,"end":10,"url":null,"entity_id":"Q43473","candidates":[]}]],[[{"start":0,"end":12,"url":null,"entity_id":"Q1486","candidates":[]}],[],[{"start":0,"end":66,"url":null,"entity_id":"Q68794032","candidates":[]}]],[[{"start":0,"end":5,"url":null,"entity_id":"Q495","candidates":[]}],[],[{"start":0,"end":15,"url":null,"entity_id":"Q36617857","candidates":[]}]],[[{"start":0,"end":5,"url":null,"entity_id":"Q1449","candidates":[]}],[],[{"start":0,"end":17,"url":null,"entity_id":"Q1638371","candidates":[]}]],[[{"start":0,"end":8,"url":null,"entity_id":"Q239","candidates":[]}],[],[{"start":0,"end":5,"url":null,"entity_id":"Q672888","candidates":[]}]],[[{"start":0,"end":5,"url":null,"entity_id":"Q1296","candidates":[]}],[],[{"start":0,"end":6,"url":null,"entity_id":"Q607749","candidates":[]}]],[[{"start":0,"end":5,"url":null,"entity_id":"Q1490","candidates":[]}],[],[{"start":0,"end":5,"url":null,"entity_id":"Q7473516","candidates":[]}]],[[{"start":0,"end":15,"url":null,"entity_id":"Q4650216","candidates":[]}],[],[{"start":0,"end":12,"url":null,"entity_id":"Q339576","candidates":[]}]],[[{"start":0,"end":8,"url":null,"entity_id":"Q842228","candidates":[]}],[],[{"start":0,"end":8,"url":null,"entity_id":"Q24012374","candidates":[]}]],[[{"start":0,"end":5,"url":null,"entity_id":"Q134121","candidates":[]}],[],[{"start":0,"end":8,"url":null,"entity_id":"Q647393","candidates":[]}]],[[{"start":0,"end":9,"url":null,"entity_id":"Q81046","candidates":[]}],[],[{"start":0,"end":9,"url":null,"entity_id":"Q18290864","candidates":[]}]],[[{"start":0,"end":9,"url":null,"entity_id":"Q735138","candidates":[]}],[],[{"start":0,"end":7,"url":null,"entity_id":"Q12649951","candidates":[]}]],[[{"start":0,"end":6,"url":null,"entity_id":"Q54154","candidates":[]}],[],[{"start":0,"end":12,"url":null,"entity_id":"Q2146799","candidates":[]}]],[[{"start":0,"end":5,"url":null,"entity_id":"Q2751","candidates":[]}],[],[{"start":0,"end":24,"url":null,"entity_id":"Q17163322","candidates":[]}]],[[{"start":0,"end":8,"url":null,"entity_id":"Q2044","candidates":[]}],[],[{"start":0,"end":31,"url":null,"entity_id":"Q3927266","candidates":[]}]],[[{"start":0,"end":7,"url":null,"entity_id":"Q2861","candidates":[]}],[],[{"start":0,"end":10,"url":null,"entity_id":"Q311849","candidates":[]}]],[[{"start":0,"end":3,"url":null,"entity_id":"Q546010","candidates":[]}],[],[{"start":0,"end":39,"url":null,"entity_id":"Q195419","candidates":[]}]],[[{"start":0,"end":10,"url":null,"entity_id":"Q36168","candidates":[]}],[],[{"start":0,"end":22,"url":null,"entity_id":"Q629210","candidates":[]}]],[[{"start":0,"end":9,"url":null,"entity_id":"Q41843","candidates":[]}],[],[{"start":0,"end":15,"url":null,"entity_id":"Q534596","candidates":[]}]]]}