{"version":"1.2","table":{"version":"2","table_id":"737DW5AA","columns":[{"index":0,"name":"col0","values":["Unterföhring station","Milano Porta Garibaldi","Yongdingmenwai station","Estación Lapa","Campo da Pólvora Station","Margit híd HÉV station","Batthyány tér HÉV station","Zhushikou station","Kopernikusstraße","Şirinyer railway station","Nergiz railway station","Karşıyaka railway station","Maquanying station","Llamaquique railway station","Changying station","Alaybey railway station","Bibliothèque François Mitterrand Station","Hong Kong West Kowloon railway station","Nationaltheatret Station","Turnpike Lane tube station"]},{"index":1,"name":"col1","values":["2","2","4","1","2","3","3","4","2","2","2","2","4","2","4","2","6","15","4","2"]},{"index":2,"name":"col2","values":["2","1","4","2","2","2","3","4","2","2","2","2","4","2","4","2","6","21","4","2"]}]},"context":{"page_title":null,"page_url":null,"page_entity_id":null,"content_hierarchy":[]},"links":[[[{"start":0,"end":20,"url":null,"entity_id":"Q45116256","candidates":[]}],[],[]],[[{"start":0,"end":22,"url":null,"entity_id":"Q22815083","candidates":[]}],[],[]],[[{"start":0,"end":22,"url":null,"entity_id":"Q21245988","candidates":[]}],[],[]],[[{"start":0,"end":13,"url":null,"entity_id":"Q17631132","candidates":[]}],[],[]],[[{"start":0,"end":24,"url":null,"entity_id":"Q17631106","candidates":[]}],[],[]],[[{"start":0,"end":22,"url":null,"entity_id":"Q16507987","candidates":[]}],[],[]],[[{"start":0,"end":25,"url":null,"entity_id":"Q16507935","candidates":[]}],[],[]],[[{"start":0,"end":17,"url":null,"entity_id":"Q15929178","candidates":[]}],[],[]],[[{"start":0,"end":16,"url":null,"entity_id":"Q15089810","candidates":[]}],[],[]],[[{"start":0,"end":24,"url":null,"entity_id":"Q8082542","candidates":[]}],[],[]],[[{"start":0,"end":22,"url":null,"entity_id":"Q6996144","candidates":[]}],[],[]],[[{"start":0,"end":25,"url":null,"entity_id":"Q6373916","candidates":[]}],[],[]],[[{"start":0,"end":18,"url":null,"entity_id":"Q5937635","candidates":[]}],[],[]],[[{"start":0,"end":27,"url":null,"entity_id":"Q5846608","candidates":[]}],[],[]],[[{"start":0,"end":17,"url":null,"entity_id":"Q5072152","candidates":[]}],[],[]],[[{"start":0,"end":23,"url":null,"entity_id":"Q4708916","candidates":[]}],[],[]],[[{"start":0,"end":40,"url":null,"entity_id":"Q2856214","candidates":[]}],[],[]],[[{"start":0,"end":38,"url":null,"entity_id":"Q2130136","candidates":[]}],[],[]],[[{"start":0,"end":24,"url":null,"entity_id":"Q1773147","candidates":[]}],[],[]],[[{"start":0,"end":26,"url":null,"entity_id":"Q1757107","candidates":[]}],[],[]]]}