{"version":"1.2","table":{"version":"2","table_id":"748BFJB5","columns":[{"index":0,"name":"col0","values":["Hamas","Hizb-ul-Mujahideen","Al-Shabaab","Ansar al-Sharia","Boko Haram","Lashkar-e-Jhangvi","Army of the Guardians of the Islamic Revolution","Fuerzas Armadas Revolucionarias de Colombia -  Ejército Terrorista","Harkat-ul-Jihad al-Islami","Islamic State of Iraq and the Levant – Sinai Province","Revolutionary People's Liberation Party–Front","al-Qaeda in the Islamic Maghreb","Popular Front for the Liberation of Palestine","Lashkar-e-Taiba","Taliban","Jamaat-e-Islami","Hezbollah","Hizb ut-Tahrir","Al-Gama'a al-Islamiyya","Kurdistan Workers' Party"]},{"index":1,"name":"col1","values":["United States of America","United States of America","United States of America","United States of America","United States of America","United States of America","United States of America","United States of America","United States of America","United States of America","United States of America","Russia","Australia","Russia","Russia","Russia","Argentina","Russia","Russia","Germany"]},{"index":2,"name":"col2","values":["Palestine","Jammu and Kashmir","Somalia","Libya","Cameroon","Pakistan","Iran","Colombia","India","Egypt","Turkey","تونس.","State of Palestine","Afghanistan","Afghanistan","Pakistan","Lebanon","Lebanon","Egypt","Turkey"]}]},"context":{"page_title":null,"page_url":null,"page_entity_id":null,"content_hierarchy":[]},"links":[[[{"start":0,"end":5,"url":null,"entity_id":"Q38799","candidates":[]}],[{"start":0,"end":24,"url":null,"entity_id":"Q30","candidates":[]}],[{"start":0,"end":9,"url":null,"entity_id":"Q23792","candidates":[]}]],[[{"start":0,"end":18,"url":null,"entity_id":"Q3242242","candidates":[]}],[{"start":0,"end":24,"url":null,"entity_id":"Q30","candidates":[]}],[{"start":0,"end":17,"url":null,"entity_id":"Q1180","candidates":[]}]],[[{"start":0,"end":10,"url":null,"entity_id":"Q309998","candidates":[]}],[{"start":0,"end":24,"url":null,"entity_id":"Q30","candidates":[]}],[{"start":0,"end":7,"url":null,"entity_id":"Q1045","candidates":[]}]],[[{"start":0,"end":15,"url":null,"entity_id":"Q4770519","candidates":[]}],[{"start":0,"end":24,"url":null,"entity_id":"Q30","candidates":[]}],[{"start":0,"end":5,"url":null,"entity_id":"Q1016","candidates":[]}]],[[{"start":0,"end":10,"url":null,"entity_id":"Q212372","candidates":[]}],[{"start":0,"end":24,"url":null,"entity_id":"Q30","candidates":[]}],[{"start":0,"end":8,"url":null,"entity_id":"Q1009","candidates":[]}]],[[{"start":0,"end":17,"url":null,"entity_id":"Q2746169","candidates":[]}],[{"start":0,"end":24,"url":null,"entity_id":"Q30","candidates":[]}],[{"start":0,"end":8,"url":null,"entity_id":"Q843","candidates":[]}]],[[{"start":0,"end":47,"url":null,"entity_id":"Q271110","candidates":[]}],[{"start":0,"end":24,"url":null,"entity_id":"Q30","candidates":[]}],[{"start":0,"end":4,"url":null,"entity_id":"Q794","candidates":[]}]],[[{"start":0,"end":66,"url":null,"entity_id":"Q155801","candidates":[]}],[{"start":0,"end":24,"url":null,"entity_id":"Q30","candidates":[]}],[{"start":0,"end":8,"url":null,"entity_id":"Q739","candidates":[]}]],[[{"start":0,"end":25,"url":null,"entity_id":"Q1422667","candidates":[]}],[{"start":0,"end":24,"url":null,"entity_id":"Q30","candidates":[]}],[{"start":0,"end":5,"url":null,"entity_id":"Q668","candidates":[]}]],[[{"start":0,"end":53,"url":null,"entity_id":"Q21070586","candidates":[]}],[{"start":0,"end":24,"url":null,"entity_id":"Q30","candidates":[]}],[{"start":0,"end":5,"url":null,"entity_id":"Q79","candidates":[]}]],[[{"start":0,"end":45,"url":null,"entity_id":"Q611202","candidates":[]}],[{"start":0,"end":24,"url":null,"entity_id":"Q30","candidates":[]}],[{"start":0,"end":6,"url":null,"entity_id":"Q43","candidates":[]}]],[[{"start":0,"end":31,"url":null,"entity_id":"Q2635966","candidates":[]}],[{"start":0,"end":6,"url":null,"entity_id":"Q159","candidates":[]}],[{"start":0,"end":5,"url":null,"entity_id":"Q12950810","candidates":[]}]],[[{"start":0,"end":45,"url":null,"entity_id":"Q212884","candidates":[]}],[{"start":0,"end":9,"url":null,"entity_id":"Q408","candidates":[]}],[{"start":0,"end":18,"url":null,"entity_id":"Q219060","candidates":[]}]],[[{"start":0,"end":15,"url":null,"entity_id":"Q736955","candidates":[]}],[{"start":0,"end":6,"url":null,"entity_id":"Q159","candidates":[]}],[{"start":0,"end":11,"url":null,"entity_id":"Q889","candidates":[]}]],[[{"start":0,"end":7,"url":null,"entity_id":"Q42418","candidates":[]}],[{"start":0,"end":6,"url":null,"entity_id":"Q159","candidates":[]}],[{"start":0,"end":11,"url":null,"entity_id":"Q889","candidates":[]}]],[[{"start":0,"end":15,"url":null,"entity_id":"Q1475103","candidates":[]}],[{"start":0,"end":6,"url":null,"entity_id":"Q159","candidates":[]}],[{"start":0,"end":8,"url":null,"entity_id":"Q843","candidates":[]}]],[[{"start":0,"end":9,"url":null,"entity_id":"Q41053","candidates":[]}],[{"start":0,"end":9,"url":null,"entity_id":"Q414","candidates":[]}],[{"start":0,"end":7,"url":null,"entity_id":"Q822","candidates":[]}]],[[{"start":0,"end":14,"url":null,"entity_id":"Q493302","candidates":[]}],[{"start":0,"end":6,"url":null,"entity_id":"Q159","candidates":[]}],[{"start":0,"end":7,"url":null,"entity_id":"Q822","candidates":[]}]],[[{"start":0,"end":22,"url":null,"entity_id":"Q285185","candidates":[]}],[{"start":0,"end":6,"url":null,"entity_id":"Q159","candidates":[]}],[{"start":0,"end":5,"url":null,"entity_id":"Q79","candidates":[]}]],[[{"start":0,"end":24,"url":null,"entity_id":"Q152220","candidates":[]}],[{"start":0,"end":7,"url":null,"entity_id":"Q183","candidates":[]}],[{"start":0,"end":6,"url":null,"entity_id":"Q43","candidates":[]}]]]}