{"version":"1.2","table":{"version":"2","table_id":"758X70AY","columns":[{"index":0,"name":"col0","values":["W378 Pav","HD 15111","V Canis Minorks","X Vol","V Monocerrtis","U Cir","T Sgr","Z Sgr","S Lrae","V Cancrl","S Cyni","Z Tau","Z Del","ROronis","V Gemnorum","SLupi","T eminorum","U Cas","R Canis Minorjs","BD+21 285"]},{"index":1,"name":"col1","values":["-61.905526731349454","-19.07952303745289","8.885820476161628","-64.77563762024946","-2.1778485993882435","-66.61314821366395","-16.835638220093305","-21.09377423796693","26.0857586895507","17.406127165629908","57.869771184008705","15.937647320939458","17.520941478082143","8.138609341235272","13.166850038420655","-46.47591881660246","23.639533018415307","47.8581361888","9.983921707126145","22.020399362185206"]},{"index":2,"name":"col2","values":["6.7735199999999995","6.6068","7.3260000000000005","10.3412","6.91122","12.072","7.1284","8.3748","3.9064200000000002","10.269419999999998","3.97881","3.8161799999999997","4.16717","9.09525","7.8","8.96679","8.032","2.886634","7.2355","8.937"]}]},"context":{"page_title":null,"page_url":null,"page_entity_id":null,"content_hierarchy":[]},"links":[[[{"start":0,"end":8,"url":null,"entity_id":"Q66531071","candidates":[]}],[],[]],[[{"start":0,"end":8,"url":null,"entity_id":"Q66531068","candidates":[]}],[],[]],[[{"start":0,"end":15,"url":null,"entity_id":"Q56304446","candidates":[]}],[],[]],[[{"start":0,"end":5,"url":null,"entity_id":"Q56304090","candidates":[]}],[],[]],[[{"start":0,"end":13,"url":null,"entity_id":"Q56303926","candidates":[]}],[],[]],[[{"start":0,"end":5,"url":null,"entity_id":"Q56303911","candidates":[]}],[],[]],[[{"start":0,"end":5,"url":null,"entity_id":"Q56303758","candidates":[]}],[],[]],[[{"start":0,"end":5,"url":null,"entity_id":"Q56303755","candidates":[]}],[],[]],[[{"start":0,"end":6,"url":null,"entity_id":"Q56084032","candidates":[]}],[],[]],[[{"start":0,"end":8,"url":null,"entity_id":"Q31899040","candidates":[]}],[],[]],[[{"start":0,"end":6,"url":null,"entity_id":"Q31898818","candidates":[]}],[],[]],[[{"start":0,"end":5,"url":null,"entity_id":"Q31898752","candidates":[]}],[],[]],[[{"start":0,"end":5,"url":null,"entity_id":"Q31898627","candidates":[]}],[],[]],[[{"start":0,"end":7,"url":null,"entity_id":"Q31889284","candidates":[]}],[],[]],[[{"start":0,"end":10,"url":null,"entity_id":"Q31887880","candidates":[]}],[],[]],[[{"start":0,"end":5,"url":null,"entity_id":"Q31887872","candidates":[]}],[],[]],[[{"start":0,"end":10,"url":null,"entity_id":"Q31887861","candidates":[]}],[],[]],[[{"start":0,"end":5,"url":null,"entity_id":"Q31887777","candidates":[]}],[],[]],[[{"start":0,"end":15,"url":null,"entity_id":"Q31887625","candidates":[]}],[],[]],[[{"start":0,"end":9,"url":null,"entity_id":"Q28686007","candidates":[]}],[],[]]]}