{"version":2,"table":{"version":2,"table_id":"YKBA5NVH","columns":[{"index":0,"name":"col0","values":["orsyt","Soto","Grand Cntral Terminal","Sprjng Garden.","Cty Hall Statin","City Hall!Utation"]},{"index":1,"name":"col1","values":["","2.002","67.469","3.976","",""]}]},"context":{"version":3,"page_title":null,"page_url":null,"entities":[],"literals":[],"content_hierarchy":[]},"links":[[[{"version":2,"start":0,"end":5,"url":null,"entities":[{"id":"Q5470646","type":"wikidata"}]}],[]],[[{"version":2,"start":0,"end":4,"url":null,"entities":[{"id":"Q5551432","type":"wikidata"}]}],[]],[[{"version":2,"start":0,"end":21,"url":null,"entities":[{"id":"Q11290","type":"wikidata"}]}],[]],[[{"version":2,"start":0,"end":14,"url":null,"entities":[{"id":"Q7580508","type":"wikidata"}]}],[]],[[{"version":2,"start":0,"end":15,"url":null,"entities":[{"id":"Q246660","type":"wikidata"}]}],[]],[[{"version":2,"start":0,"end":17,"url":null,"entities":[{"id":"Q706304","type":"wikidata"}]}],[]]]}