{"version":2,"table":{"version":2,"table_id":"Z0FCVVLO","columns":[{"index":0,"name":"col0","values":["Paris","Cairo","London","Bern","Berlin"]},{"index":1,"name":"col1","values":["2165423","9293612","8908081","133883","3677472"]},{"index":2,"name":"col2","values":["28","23","11","542","34"]}]},"context":{"version":3,"page_title":null,"page_url":null,"entities":[],"literals":[],"content_hierarchy":[]},"links":[[[{"version":2,"start":0,"end":5,"url":null,"entities":[{"id":"Q90","type":"wikidata"}]}],[],[]],[[{"version":2,"start":0,"end":5,"url":null,"entities":[{"id":"Q85","type":"wikidata"}]}],[],[]],[[{"version":2,"start":0,"end":6,"url":null,"entities":[{"id":"Q84","type":"wikidata"}]}],[],[]],[[{"version":2,"start":0,"end":4,"url":null,"entities":[{"id":"Q70","type":"wikidata"}]}],[],[]],[[{"version":2,"start":0,"end":6,"url":null,"entities":[{"id":"Q64","type":"wikidata"}]}],[],[]]]}