{"version":2,"table":{"version":2,"table_id":"Z8JPOU4E","columns":[{"index":0,"name":"col0","values":["Infiniti M","Infiniti M","Honda Accord","Mercedes-Benz 600"]},{"index":1,"name":"col1","values":["","","1440","1485"]},{"index":2,"name":"col2","values":["5009","4796","4725",""]}]},"context":{"version":3,"page_title":null,"page_url":null,"entities":[],"literals":[],"content_hierarchy":[]},"links":[[[{"version":2,"start":0,"end":10,"url":null,"entities":[{"id":"Q1662408","type":"wikidata"}]}],[],[]],[[{"version":2,"start":0,"end":10,"url":null,"entities":[{"id":"Q827838","type":"wikidata"}]}],[],[]],[[{"version":2,"start":0,"end":12,"url":null,"entities":[{"id":"Q1626476","type":"wikidata"}]}],[],[]],[[{"version":2,"start":0,"end":17,"url":null,"entities":[{"id":"Q1427838","type":"wikidata"}]}],[],[]]]}