{"version":2,"table":{"version":2,"table_id":"ZALNPI21","columns":[{"index":0,"name":"col0","values":["Detalhes do Abastecimento D'Agxa","Detalhes da Drenaem Districto da Barra","Detalhes da Drenaem","Dhtalhes da Drenagem","Planta da Cidade de S. Paulo Mostrando Todos Os Arrabalees e Terrenos Arruados","Planta da Fazeoda Santa Martha"]},{"index":1,"name":"col1","values":["30.12","65.585","65.26","64.74","74.5232","50.904"]}]},"context":{"version":3,"page_title":null,"page_url":null,"entities":[],"literals":[],"content_hierarchy":[]},"links":[[[{"version":2,"start":0,"end":32,"url":null,"entities":[{"id":"Q55759753","type":"wikidata"}]}],[]],[[{"version":2,"start":0,"end":38,"url":null,"entities":[{"id":"Q55759750","type":"wikidata"}]}],[]],[[{"version":2,"start":0,"end":19,"url":null,"entities":[{"id":"Q55759477","type":"wikidata"}]}],[]],[[{"version":2,"start":0,"end":20,"url":null,"entities":[{"id":"Q55759475","type":"wikidata"}]}],[]],[[{"version":2,"start":0,"end":78,"url":null,"entities":[{"id":"Q55364858","type":"wikidata"}]}],[]],[[{"version":2,"start":0,"end":30,"url":null,"entities":[{"id":"Q55364828","type":"wikidata"}]}],[]]]}