{"version":2,"table":{"version":2,"table_id":"ZEQWDI9K","columns":[{"index":0,"name":"col0","values":["Suriyawong","Bang Ramat"]},{"index":1,"name":"col1","values":["5075","19355"]}]},"context":{"version":3,"page_title":null,"page_url":null,"entities":[],"literals":[],"content_hierarchy":[]},"links":[[[{"version":2,"start":0,"end":10,"url":null,"entities":[{"id":"Q15735676","type":"wikidata"}]}],[]],[[{"version":2,"start":0,"end":10,"url":null,"entities":[{"id":"Q15735887","type":"wikidata"}]}],[]]]}