{"version":2,"table":{"version":2,"table_id":"ZOCYUOFH","columns":[{"index":0,"name":"col0","values":["Timi","Flamogi","Sintb","Prasuio","Prastio#Kellakiou"]},{"index":1,"name":"col1","values":["Akhelia","Akanthou","Lysi","Lysi","Dierona"]}]},"context":{"version":3,"page_title":null,"page_url":null,"entities":[],"literals":[],"content_hierarchy":[]},"links":[[[{"version":2,"start":0,"end":4,"url":null,"entities":[{"id":"Q7806650","type":"wikidata"}]}],[{"version":2,"start":0,"end":7,"url":null,"entities":[{"id":"Q4700714","type":"wikidata"}]}]],[[{"version":2,"start":0,"end":7,"url":null,"entities":[{"id":"Q56421418","type":"wikidata"}]}],[{"version":2,"start":0,"end":8,"url":null,"entities":[{"id":"Q56423589","type":"wikidata"}]}]],[[{"version":2,"start":0,"end":5,"url":null,"entities":[{"id":"Q56421408","type":"wikidata"}]}],[{"version":2,"start":0,"end":4,"url":null,"entities":[{"id":"Q56423382","type":"wikidata"}]}]],[[{"version":2,"start":0,"end":7,"url":null,"entities":[{"id":"Q56421404","type":"wikidata"}]}],[{"version":2,"start":0,"end":4,"url":null,"entities":[{"id":"Q56423382","type":"wikidata"}]}]],[[{"version":2,"start":0,"end":17,"url":null,"entities":[{"id":"Q7238570","type":"wikidata"}]}],[{"version":2,"start":0,"end":7,"url":null,"entities":[{"id":"Q5274991","type":"wikidata"}]}]]]}