{"version":"1.2","table":{"version":"2","table_id":"HQ99WZAS","columns":[{"index":0,"name":"col0","values":["1989: Dawn of Freedom","1812: The Invasion of Canada","1775: Rebellion","1754: Conquest – The French and Indian War","Patchwork","Union Pacific","Quod","Punaisten ja valkoisten taistelu Suomessa 1918","Splendor","Star Realms","Camel Up","Prophecy","Empires in Arms","Civilization: The Board Game","Caribbean","Kimble","Pixel","Maka Bana","Twilight Struggle","Scattergories"]},{"index":1,"name":"col1","values":["2","5","4","4","2","6","6","2","4","6","8","5","7","4","4","4","4","6","2","6"]},{"index":2,"name":"col2","values":["2","2","2","2","2","2","2","2","2","2","2","2","2","2","2","2","2","2","2","2"]}]},"context":{"page_title":null,"page_url":null,"page_entity_id":null,"content_hierarchy":[]},"links":[[[{"start":0,"end":28,"url":null,"entity_id":"Q42576160","candidates":[]}],[],[]],[[{"start":0,"end":15,"url":null,"entity_id":"Q42576062","candidates":[]}],[],[]],[[{"start":0,"end":42,"url":null,"entity_id":"Q42575904","candidates":[]}],[],[]],[[{"start":0,"end":9,"url":null,"entity_id":"Q29471714","candidates":[]}],[],[]],[[{"start":0,"end":13,"url":null,"entity_id":"Q28530230","candidates":[]}],[],[]],[[{"start":0,"end":4,"url":null,"entity_id":"Q28457914","candidates":[]}],[],[]],[[{"start":0,"end":46,"url":null,"entity_id":"Q24192112","candidates":[]}],[],[]],[[{"start":0,"end":8,"url":null,"entity_id":"Q20037103","candidates":[]}],[],[]],[[{"start":0,"end":11,"url":null,"entity_id":"Q19818483","candidates":[]}],[],[]],[[{"start":0,"end":8,"url":null,"entity_id":"Q17622491","candidates":[]}],[],[]],[[{"start":0,"end":8,"url":null,"entity_id":"Q7250505","candidates":[]}],[],[]],[[{"start":0,"end":15,"url":null,"entity_id":"Q5374226","candidates":[]}],[],[]],[[{"start":0,"end":28,"url":null,"entity_id":"Q5124752","candidates":[]}],[],[]],[[{"start":0,"end":9,"url":null,"entity_id":"Q5039339","candidates":[]}],[],[]],[[{"start":0,"end":6,"url":null,"entity_id":"Q4355918","candidates":[]}],[],[]],[[{"start":0,"end":5,"url":null,"entity_id":"Q3389466","candidates":[]}],[],[]],[[{"start":0,"end":9,"url":null,"entity_id":"Q3280628","candidates":[]}],[],[]],[[{"start":0,"end":17,"url":null,"entity_id":"Q2697993","candidates":[]}],[],[]],[[{"start":0,"end":13,"url":null,"entity_id":"Q2269267","candidates":[]}],[],[]],[[{"start":0,"end":21,"url":null,"entity_id":"Q42576328","candidates":[]}],[],[]]]}