{"version":"1.2","table":{"version":"2","table_id":"HT7ET597","columns":[{"index":0,"name":"col0","values":["São Paulo Antigo","São Paulo Antigo","São Paulo Antigo","São Paulo Antigo","São Paulo Antigo, de Militão de Azevedo (1860)","São Paulo Antigo - 1860","São Paulo Alto Bibliotheca Muni","São Paulo Alto Bibliotheca Muni","São Paulo Alto Bibliotheca Mun","São Jeronymo. Grupo em Marmore pelo Esculptor F. Leopoldo - Catedral de São Paulo","Saneamento da Cidade e Porto de Santos","S Gravenhage. de Vijver","S Gravenhage. de Prinsessengracht","Rua da Constituição, de Militão de Azevedo (1860)","Rua da Constituição, de Militão de Azevedo (1860)","Rua da Constiruição, de Militão de Azevedo (1860)","Rua da Casa Santa, de Militão de Azevedo (1860)","Rua da Boa Morte, de Militão de Azevedo (1860)","Rotterdam. Standbeeld Van Erasmus","Rotterdam. Plan - C","Rotterdam. de Schiekade","Rotterdam. de Coolvest","Rotterdam. de Boompjes","Rotterdam. Bruggen Over de Maas","Projecto da Nova Cathedral de S. Paulo - Fachada da Frente","Projecto da Nova Cathedral de S. Paulo - Corte Transversal","Projecto da Nova Cathedral de S. Paulo - Corte Longitudinal","Praça João Mendes e Largo São Gonçalo","Planta","Lorena","Largo, Igreja e Convento do Carmo, e Rua da Boa Morte, de Militão de Azevedo (1860)","Largo do Riachuelo (Piques), de Militão de Azevedo (1860)","Largo do Riachuelo (Piques), de Militão de Azevedo (1860)","Largo do Ouvidor (Antigamente do Capim) e Ladeira do Meio (Do Ouvidor), de Militão de Azevedo (1860)","Ladeiras do Meio (Do Ouvidor) e de S. Francisco, de Militão de Azevedo (1860)","Ladeira São João e Esquina São Jose (Libero Badaró)","Ladeira do Meio (Do Ouvidor), de Militão de Azevedo (1860)","Ladeira da Memória","Job. Grupo em Marmore pelo Esculptor F. Leopoldo - Cathedral de São Paulo","Homem Anônimo","Entrada da Crypta da Cathedral de São Paulo"]},{"index":1,"name":"col1","values":["18","18","18","18","14.2","24.6","10","8.5","8.5","13","65","5.2","5.1","13.7","14.1","14.1","14.1","14.1","5.1","5.1","5.1","5.2","5.2","5.2","24.7","23.1","18.2","18","24.1","18","14.2","14.1","14.1","14.1","14.1","16.5","14.1","18","13.1","4.4","8.1"]},{"index":2,"name":"col2","values":["24.4","24.4","24.5","24.5","20.7","32.4","15.2","14.9","15","9.1","43.5","8","8","19.5","20.8","20.8","20.8","20.8","8","8.1","8.1","8.1","8.1","8.1","17.4","18","22.7","24.5","17.5","23.8","20.8","20.7","20.7","20.8","20.8","22.7","20.8","24.4","9.2","3.3","14.3"]}]},"context":{"page_title":null,"page_url":null,"page_entity_id":null,"content_hierarchy":[]},"links":[[[{"start":0,"end":16,"url":null,"entity_id":"Q55763648","candidates":[]}],[],[]],[[{"start":0,"end":16,"url":null,"entity_id":"Q55763647","candidates":[]}],[],[]],[[{"start":0,"end":16,"url":null,"entity_id":"Q55763646","candidates":[]}],[],[]],[[{"start":0,"end":46,"url":null,"entity_id":"Q55763645","candidates":[]}],[],[]],[[{"start":0,"end":23,"url":null,"entity_id":"Q55763644","candidates":[]}],[],[]],[[{"start":0,"end":31,"url":null,"entity_id":"Q55763643","candidates":[]}],[],[]],[[{"start":0,"end":31,"url":null,"entity_id":"Q55763642","candidates":[]}],[],[]],[[{"start":0,"end":30,"url":null,"entity_id":"Q55763641","candidates":[]}],[],[]],[[{"start":0,"end":81,"url":null,"entity_id":"Q55763639","candidates":[]}],[],[]],[[{"start":0,"end":38,"url":null,"entity_id":"Q55763596","candidates":[]}],[],[]],[[{"start":0,"end":23,"url":null,"entity_id":"Q55763576","candidates":[]}],[],[]],[[{"start":0,"end":33,"url":null,"entity_id":"Q55763575","candidates":[]}],[],[]],[[{"start":0,"end":49,"url":null,"entity_id":"Q55763557","candidates":[]}],[],[]],[[{"start":0,"end":49,"url":null,"entity_id":"Q55763555","candidates":[]}],[],[]],[[{"start":0,"end":49,"url":null,"entity_id":"Q55763554","candidates":[]}],[],[]],[[{"start":0,"end":47,"url":null,"entity_id":"Q55763553","candidates":[]}],[],[]],[[{"start":0,"end":46,"url":null,"entity_id":"Q55763552","candidates":[]}],[],[]],[[{"start":0,"end":33,"url":null,"entity_id":"Q55763550","candidates":[]}],[],[]],[[{"start":0,"end":19,"url":null,"entity_id":"Q55763549","candidates":[]}],[],[]],[[{"start":0,"end":23,"url":null,"entity_id":"Q55763548","candidates":[]}],[],[]],[[{"start":0,"end":22,"url":null,"entity_id":"Q55763547","candidates":[]}],[],[]],[[{"start":0,"end":22,"url":null,"entity_id":"Q55763546","candidates":[]}],[],[]],[[{"start":0,"end":31,"url":null,"entity_id":"Q55763545","candidates":[]}],[],[]],[[{"start":0,"end":58,"url":null,"entity_id":"Q55763500","candidates":[]}],[],[]],[[{"start":0,"end":58,"url":null,"entity_id":"Q55763499","candidates":[]}],[],[]],[[{"start":0,"end":59,"url":null,"entity_id":"Q55763497","candidates":[]}],[],[]],[[{"start":0,"end":37,"url":null,"entity_id":"Q55763481","candidates":[]}],[],[]],[[{"start":0,"end":6,"url":null,"entity_id":"Q55763401","candidates":[]}],[],[]],[[{"start":0,"end":6,"url":null,"entity_id":"Q55763234","candidates":[]}],[],[]],[[{"start":0,"end":83,"url":null,"entity_id":"Q55763227","candidates":[]}],[],[]],[[{"start":0,"end":57,"url":null,"entity_id":"Q55763225","candidates":[]}],[],[]],[[{"start":0,"end":57,"url":null,"entity_id":"Q55763224","candidates":[]}],[],[]],[[{"start":0,"end":100,"url":null,"entity_id":"Q55763222","candidates":[]}],[],[]],[[{"start":0,"end":77,"url":null,"entity_id":"Q55763218","candidates":[]}],[],[]],[[{"start":0,"end":51,"url":null,"entity_id":"Q55763216","candidates":[]}],[],[]],[[{"start":0,"end":58,"url":null,"entity_id":"Q55763214","candidates":[]}],[],[]],[[{"start":0,"end":18,"url":null,"entity_id":"Q55763212","candidates":[]}],[],[]],[[{"start":0,"end":73,"url":null,"entity_id":"Q55763204","candidates":[]}],[],[]],[[{"start":0,"end":13,"url":null,"entity_id":"Q55760134","candidates":[]}],[],[]],[[{"start":0,"end":43,"url":null,"entity_id":"Q55759837","candidates":[]}],[],[]],[[{"start":0,"end":16,"url":null,"entity_id":"Q55763649","candidates":[]}],[],[]]]}