{"version":"1.2","table":{"version":"2","table_id":"HUCF8DX8","columns":[{"index":0,"name":"col0","values":["Thplá Abbey","St Matthias' Abbey","Disibpdenberg","Hirsa Abbey","Otterberg abbe","Glatonbury Abbey","Saint-Pons-de-Thomièues Cathedral","Churchof St Philibert","Abbey of Saint-Étiene, Caen","Égljse Sant-Nicols (Cellefrouin)","Bbbaye Saint-Pierre d'Étival","Territorial Abbey of Wettingen-Mehreau","RomainmôtierAbbey","Pompsa Abbey","San#Giusto Abbey","San Clgmente Abbey in Casauria","Monastery of\"Leyre","Zwieflten Abbey","Park Abbe|","La Ferwé Abbey"]},{"index":1,"name":"col1","values":["Czech Republic","Germany","Germany","Germany","Germany","United Kingdom","France","France","France","France","France","Austria","Switzerland","Italy","Italy","Italy","Spain","Germany","Belgium","France"]},{"index":2,"name":"col2","values":["Romanesque architecture","Romanesque architecture","Romanesque architecture","Romanesque architecture","Romanesque architecture","Romanesque architecture","Romanesque architecture","Romanesque architecture","Romanesque architecture","Romanesque architecture","Romanesque architecture","Romanesque architecture","Romanesque architecture","Romanesque architecture","Romanesque architecture","Romanesque architecture","Romanesque architecture","Baroque","Baroque","classical architecture"]}]},"context":{"page_title":null,"page_url":null,"page_entity_id":null,"content_hierarchy":[]},"links":[[[{"start":0,"end":18,"url":null,"entity_id":"Q666976","candidates":[]}],[{"start":0,"end":7,"url":null,"entity_id":"Q183","candidates":[]}],[{"start":0,"end":23,"url":null,"entity_id":"Q46261","candidates":[]}]],[[{"start":0,"end":13,"url":null,"entity_id":"Q565067","candidates":[]}],[{"start":0,"end":7,"url":null,"entity_id":"Q183","candidates":[]}],[{"start":0,"end":23,"url":null,"entity_id":"Q46261","candidates":[]}]],[[{"start":0,"end":11,"url":null,"entity_id":"Q532415","candidates":[]}],[{"start":0,"end":7,"url":null,"entity_id":"Q183","candidates":[]}],[{"start":0,"end":23,"url":null,"entity_id":"Q46261","candidates":[]}]],[[{"start":0,"end":14,"url":null,"entity_id":"Q334389","candidates":[]}],[{"start":0,"end":7,"url":null,"entity_id":"Q183","candidates":[]}],[{"start":0,"end":23,"url":null,"entity_id":"Q46261","candidates":[]}]],[[{"start":0,"end":16,"url":null,"entity_id":"Q544113","candidates":[]}],[{"start":0,"end":14,"url":null,"entity_id":"Q145","candidates":[]}],[{"start":0,"end":23,"url":null,"entity_id":"Q46261","candidates":[]}]],[[{"start":0,"end":33,"url":null,"entity_id":"Q656970","candidates":[]}],[{"start":0,"end":6,"url":null,"entity_id":"Q142","candidates":[]}],[{"start":0,"end":23,"url":null,"entity_id":"Q46261","candidates":[]}]],[[{"start":0,"end":21,"url":null,"entity_id":"Q456181","candidates":[]}],[{"start":0,"end":6,"url":null,"entity_id":"Q142","candidates":[]}],[{"start":0,"end":23,"url":null,"entity_id":"Q46261","candidates":[]}]],[[{"start":0,"end":27,"url":null,"entity_id":"Q376932","candidates":[]}],[{"start":0,"end":6,"url":null,"entity_id":"Q142","candidates":[]}],[{"start":0,"end":23,"url":null,"entity_id":"Q46261","candidates":[]}]],[[{"start":0,"end":32,"url":null,"entity_id":"Q334407","candidates":[]}],[{"start":0,"end":6,"url":null,"entity_id":"Q142","candidates":[]}],[{"start":0,"end":23,"url":null,"entity_id":"Q46261","candidates":[]}]],[[{"start":0,"end":28,"url":null,"entity_id":"Q334373","candidates":[]}],[{"start":0,"end":6,"url":null,"entity_id":"Q142","candidates":[]}],[{"start":0,"end":23,"url":null,"entity_id":"Q46261","candidates":[]}]],[[{"start":0,"end":38,"url":null,"entity_id":"Q674141","candidates":[]}],[{"start":0,"end":7,"url":null,"entity_id":"Q40","candidates":[]}],[{"start":0,"end":23,"url":null,"entity_id":"Q46261","candidates":[]}]],[[{"start":0,"end":17,"url":null,"entity_id":"Q380276","candidates":[]}],[{"start":0,"end":11,"url":null,"entity_id":"Q39","candidates":[]}],[{"start":0,"end":23,"url":null,"entity_id":"Q46261","candidates":[]}]],[[{"start":0,"end":12,"url":null,"entity_id":"Q514366","candidates":[]}],[{"start":0,"end":5,"url":null,"entity_id":"Q38","candidates":[]}],[{"start":0,"end":23,"url":null,"entity_id":"Q46261","candidates":[]}]],[[{"start":0,"end":16,"url":null,"entity_id":"Q501988","candidates":[]}],[{"start":0,"end":5,"url":null,"entity_id":"Q38","candidates":[]}],[{"start":0,"end":23,"url":null,"entity_id":"Q46261","candidates":[]}]],[[{"start":0,"end":30,"url":null,"entity_id":"Q334414","candidates":[]}],[{"start":0,"end":5,"url":null,"entity_id":"Q38","candidates":[]}],[{"start":0,"end":23,"url":null,"entity_id":"Q46261","candidates":[]}]],[[{"start":0,"end":18,"url":null,"entity_id":"Q669194","candidates":[]}],[{"start":0,"end":5,"url":null,"entity_id":"Q29","candidates":[]}],[{"start":0,"end":23,"url":null,"entity_id":"Q46261","candidates":[]}]],[[{"start":0,"end":15,"url":null,"entity_id":"Q460308","candidates":[]}],[{"start":0,"end":7,"url":null,"entity_id":"Q183","candidates":[]}],[{"start":0,"end":7,"url":null,"entity_id":"Q37853","candidates":[]}]],[[{"start":0,"end":10,"url":null,"entity_id":"Q476178","candidates":[]}],[{"start":0,"end":7,"url":null,"entity_id":"Q31","candidates":[]}],[{"start":0,"end":7,"url":null,"entity_id":"Q37853","candidates":[]}]],[[{"start":0,"end":14,"url":null,"entity_id":"Q1231132","candidates":[]}],[{"start":0,"end":6,"url":null,"entity_id":"Q142","candidates":[]}],[{"start":0,"end":22,"url":null,"entity_id":"Q4198718","candidates":[]}]],[[{"start":0,"end":11,"url":null,"entity_id":"Q361388","candidates":[]}],[{"start":0,"end":14,"url":null,"entity_id":"Q213","candidates":[]}],[{"start":0,"end":23,"url":null,"entity_id":"Q46261","candidates":[]}]]]}