{"version":"1.2","table":{"version":"2","table_id":"HVIKJUYC","columns":[{"index":0,"name":"col0","values":["Ahrodite","Hades","Poeidon","Zeus","Enyo","Hynos","Volupts","Thantos","Bia","Iris","keanid","Momus","Arstaeus","Harnonia","Atë","Eirepe","Hepkaestus","Hespers","Aselepius","Eileityi"]},{"index":1,"name":"col1","values":["Zeus","Cronus","Cronus","Cronus","Zeus","Erebos","Eros","Erebos","Pallas","Thaumas","Oceanus","Erebos","Apollo","Zeus","Zeus","Zeus","Zeus","Cephalus","Apollo","Zeus"]},{"index":2,"name":"col2","values":["Brockhaus and Efron Encyclopedic Dictionary","Brockhaus and Efron Encyclopedic Dictionary","Brockhaus and Efron Encyclopedic Dictionary","Brockhaus and Efron Encyclopedic Dictionary","1870 Dictionary of Greek and Roman Biography and Mythology","Real'nyj slovar' klassicheskih drevnostej po Ljubkeru","Real'nyj slovar' klassicheskih drevnostej po Ljubkeru","Yuzhakov Big Encyclopedia","Brockhaus and Efron Encyclopedic Dictionary","Brockhaus and Efron Encyclopedic Dictionary","Brockhaus and Efron Encyclopedic Dictionary","Brockhaus and Efron Encyclopedic Dictionary","Brockhaus and Efron Encyclopedic Dictionary","Brockhaus and Efron Encyclopedic Dictionary","Brockhaus and Efron Encyclopedic Dictionary","Brockhaus and Efron Encyclopedic Dictionary","Real'nyj slovar' klassicheskih drevnostej po Ljubkeru","Brockhaus and Efron Encyclopedic Dictionary","Brockhaus and Efron Encyclopedic Dictionary","Brockhaus and Efron Encyclopedic Dictionary"]},{"index":3,"name":"col3","values":["religion in ancient Greece","Greek mythology","Greek mythology","Greek mythology","religion in ancient Greece","religion in ancient Greece","religion in ancient Greece","religion in ancient Greece","religion in ancient Greece","religion in ancient Greece","religion in ancient Greece","religion in ancient Greece","religion in ancient Greece","religion in ancient Greece","Greek mythology","Ancient Greece","religion in ancient Greece","religion in ancient Greece","religion in ancient Greece","religion in ancient Greece"]}]},"context":{"page_title":null,"page_url":null,"page_entity_id":null,"content_hierarchy":[]},"links":[[[{"start":0,"end":5,"url":null,"entity_id":"Q41410","candidates":[]}],[{"start":0,"end":6,"url":null,"entity_id":"Q44204","candidates":[]}],[{"start":0,"end":43,"url":null,"entity_id":"Q602358","candidates":[]}],[{"start":0,"end":15,"url":null,"entity_id":"Q34726","candidates":[]}]],[[{"start":0,"end":7,"url":null,"entity_id":"Q41127","candidates":[]}],[{"start":0,"end":6,"url":null,"entity_id":"Q44204","candidates":[]}],[{"start":0,"end":43,"url":null,"entity_id":"Q602358","candidates":[]}],[{"start":0,"end":15,"url":null,"entity_id":"Q34726","candidates":[]}]],[[{"start":0,"end":4,"url":null,"entity_id":"Q34201","candidates":[]}],[{"start":0,"end":6,"url":null,"entity_id":"Q44204","candidates":[]}],[{"start":0,"end":43,"url":null,"entity_id":"Q602358","candidates":[]}],[{"start":0,"end":15,"url":null,"entity_id":"Q34726","candidates":[]}]],[[{"start":0,"end":4,"url":null,"entity_id":"Q747657","candidates":[]}],[{"start":0,"end":4,"url":null,"entity_id":"Q34201","candidates":[]}],[{"start":0,"end":58,"url":null,"entity_id":"Q47500198","candidates":[]}],[{"start":0,"end":26,"url":null,"entity_id":"Q855270","candidates":[]}]],[[{"start":0,"end":5,"url":null,"entity_id":"Q189347","candidates":[]}],[{"start":0,"end":6,"url":null,"entity_id":"Q131122","candidates":[]}],[{"start":0,"end":53,"url":null,"entity_id":"Q30059240","candidates":[]}],[{"start":0,"end":26,"url":null,"entity_id":"Q855270","candidates":[]}]],[[{"start":0,"end":7,"url":null,"entity_id":"Q651660","candidates":[]}],[{"start":0,"end":4,"url":null,"entity_id":"Q121973","candidates":[]}],[{"start":0,"end":53,"url":null,"entity_id":"Q30059240","candidates":[]}],[{"start":0,"end":26,"url":null,"entity_id":"Q855270","candidates":[]}]],[[{"start":0,"end":7,"url":null,"entity_id":"Q199647","candidates":[]}],[{"start":0,"end":6,"url":null,"entity_id":"Q131122","candidates":[]}],[{"start":0,"end":25,"url":null,"entity_id":"Q4091878","candidates":[]}],[{"start":0,"end":26,"url":null,"entity_id":"Q855270","candidates":[]}]],[[{"start":0,"end":3,"url":null,"entity_id":"Q237224","candidates":[]}],[{"start":0,"end":6,"url":null,"entity_id":"Q457294","candidates":[]}],[{"start":0,"end":43,"url":null,"entity_id":"Q602358","candidates":[]}],[{"start":0,"end":26,"url":null,"entity_id":"Q855270","candidates":[]}]],[[{"start":0,"end":4,"url":null,"entity_id":"Q184570","candidates":[]}],[{"start":0,"end":7,"url":null,"entity_id":"Q326767","candidates":[]}],[{"start":0,"end":43,"url":null,"entity_id":"Q602358","candidates":[]}],[{"start":0,"end":26,"url":null,"entity_id":"Q855270","candidates":[]}]],[[{"start":0,"end":6,"url":null,"entity_id":"Q182406","candidates":[]}],[{"start":0,"end":7,"url":null,"entity_id":"Q161419","candidates":[]}],[{"start":0,"end":43,"url":null,"entity_id":"Q602358","candidates":[]}],[{"start":0,"end":26,"url":null,"entity_id":"Q855270","candidates":[]}]],[[{"start":0,"end":5,"url":null,"entity_id":"Q465518","candidates":[]}],[{"start":0,"end":6,"url":null,"entity_id":"Q131122","candidates":[]}],[{"start":0,"end":43,"url":null,"entity_id":"Q602358","candidates":[]}],[{"start":0,"end":26,"url":null,"entity_id":"Q855270","candidates":[]}]],[[{"start":0,"end":8,"url":null,"entity_id":"Q392435","candidates":[]}],[{"start":0,"end":6,"url":null,"entity_id":"Q37340","candidates":[]}],[{"start":0,"end":43,"url":null,"entity_id":"Q602358","candidates":[]}],[{"start":0,"end":26,"url":null,"entity_id":"Q855270","candidates":[]}]],[[{"start":0,"end":8,"url":null,"entity_id":"Q978079","candidates":[]}],[{"start":0,"end":4,"url":null,"entity_id":"Q34201","candidates":[]}],[{"start":0,"end":43,"url":null,"entity_id":"Q602358","candidates":[]}],[{"start":0,"end":26,"url":null,"entity_id":"Q855270","candidates":[]}]],[[{"start":0,"end":3,"url":null,"entity_id":"Q210871","candidates":[]}],[{"start":0,"end":4,"url":null,"entity_id":"Q34201","candidates":[]}],[{"start":0,"end":43,"url":null,"entity_id":"Q602358","candidates":[]}],[{"start":0,"end":15,"url":null,"entity_id":"Q34726","candidates":[]}]],[[{"start":0,"end":6,"url":null,"entity_id":"Q214987","candidates":[]}],[{"start":0,"end":4,"url":null,"entity_id":"Q34201","candidates":[]}],[{"start":0,"end":43,"url":null,"entity_id":"Q602358","candidates":[]}],[{"start":0,"end":14,"url":null,"entity_id":"Q11772","candidates":[]}]],[[{"start":0,"end":10,"url":null,"entity_id":"Q44384","candidates":[]}],[{"start":0,"end":4,"url":null,"entity_id":"Q34201","candidates":[]}],[{"start":0,"end":53,"url":null,"entity_id":"Q30059240","candidates":[]}],[{"start":0,"end":26,"url":null,"entity_id":"Q855270","candidates":[]}]],[[{"start":0,"end":7,"url":null,"entity_id":"Q59697","candidates":[]}],[{"start":0,"end":8,"url":null,"entity_id":"Q643504","candidates":[]}],[{"start":0,"end":43,"url":null,"entity_id":"Q602358","candidates":[]}],[{"start":0,"end":26,"url":null,"entity_id":"Q855270","candidates":[]}]],[[{"start":0,"end":9,"url":null,"entity_id":"Q83223","candidates":[]}],[{"start":0,"end":6,"url":null,"entity_id":"Q37340","candidates":[]}],[{"start":0,"end":43,"url":null,"entity_id":"Q602358","candidates":[]}],[{"start":0,"end":26,"url":null,"entity_id":"Q855270","candidates":[]}]],[[{"start":0,"end":8,"url":null,"entity_id":"Q94066","candidates":[]}],[{"start":0,"end":4,"url":null,"entity_id":"Q34201","candidates":[]}],[{"start":0,"end":43,"url":null,"entity_id":"Q602358","candidates":[]}],[{"start":0,"end":26,"url":null,"entity_id":"Q855270","candidates":[]}]],[[{"start":0,"end":8,"url":null,"entity_id":"Q35500","candidates":[]}],[{"start":0,"end":4,"url":null,"entity_id":"Q34201","candidates":[]}],[{"start":0,"end":43,"url":null,"entity_id":"Q602358","candidates":[]}],[{"start":0,"end":26,"url":null,"entity_id":"Q855270","candidates":[]}]]]}