{"version":"1.2","table":{"version":"2","table_id":"HVOUMR1Y","columns":[{"index":0,"name":"col0","values":["Bündnis Bürgerenergie e.V.","Berliner Bibliophilen Abend","Botanischer Verein von Berlin und Brandenburg","Verein der Plakatfreunde","Magnus-Hirschfeld-Gesellschaft","Deutscher Dachverband für Psychotherapie","Gesellschaft für Versicherungswissenschaft und -gestaltung e.V. Köln","Verband der Landwirtschaftskammern","Fussilet 33","Islamische Gemeinschaft Milli Görüş","Internationale Ernst-Wiechert-Gesellschaft","Kundendienst-Verband Deutschland","Deutsche Numismatische Gesellschaft","Artes Iuventutis","Verein Deutscher Bibliothekarinnen und Bibliothekare","German Society for Tropical Medicine and International Health","Internationale Walter Benjamin Gesellschaft","E.T.A. Hoffmann-Gesellschaft","Verein für Geschichte der Stadt Nürnberg","Junge Landsmannschaft Ostdeutschland"]},{"index":1,"name":"col1","values":["Germany","Germany","Germany","Germany","Germany","Germany","Germany","Germany","Germany","Germany","West Germany","Germany","Germany","Austria","Germany","Germany","Germany","Germany","Germany","Germany"]},{"index":2,"name":"col2","values":["Berlin","Berlin","Berlin","Berlin","Berlin","Berlin","Berlin","Berlin","Berlin","Kerpen","Dinslaken","Dorsten","Frankfurt am Main","Vienna","Munich","Hamburg","Hamburg","Bavaria","Bavaria","Bavaria"]}]},"context":{"page_title":null,"page_url":null,"page_entity_id":null,"content_hierarchy":[]},"links":[[[{"start":0,"end":27,"url":null,"entity_id":"Q47160241","candidates":[]}],[{"start":0,"end":7,"url":null,"entity_id":"Q183","candidates":[]}],[{"start":0,"end":6,"url":null,"entity_id":"Q64","candidates":[]}]],[[{"start":0,"end":45,"url":null,"entity_id":"Q45786614","candidates":[]}],[{"start":0,"end":7,"url":null,"entity_id":"Q183","candidates":[]}],[{"start":0,"end":6,"url":null,"entity_id":"Q64","candidates":[]}]],[[{"start":0,"end":24,"url":null,"entity_id":"Q43363655","candidates":[]}],[{"start":0,"end":7,"url":null,"entity_id":"Q183","candidates":[]}],[{"start":0,"end":6,"url":null,"entity_id":"Q64","candidates":[]}]],[[{"start":0,"end":30,"url":null,"entity_id":"Q40065813","candidates":[]}],[{"start":0,"end":7,"url":null,"entity_id":"Q183","candidates":[]}],[{"start":0,"end":6,"url":null,"entity_id":"Q64","candidates":[]}]],[[{"start":0,"end":40,"url":null,"entity_id":"Q34417987","candidates":[]}],[{"start":0,"end":7,"url":null,"entity_id":"Q183","candidates":[]}],[{"start":0,"end":6,"url":null,"entity_id":"Q64","candidates":[]}]],[[{"start":0,"end":68,"url":null,"entity_id":"Q30094500","candidates":[]}],[{"start":0,"end":7,"url":null,"entity_id":"Q183","candidates":[]}],[{"start":0,"end":6,"url":null,"entity_id":"Q64","candidates":[]}]],[[{"start":0,"end":34,"url":null,"entity_id":"Q28924702","candidates":[]}],[{"start":0,"end":7,"url":null,"entity_id":"Q183","candidates":[]}],[{"start":0,"end":6,"url":null,"entity_id":"Q64","candidates":[]}]],[[{"start":0,"end":11,"url":null,"entity_id":"Q28816860","candidates":[]}],[{"start":0,"end":7,"url":null,"entity_id":"Q183","candidates":[]}],[{"start":0,"end":6,"url":null,"entity_id":"Q64","candidates":[]}]],[[{"start":0,"end":35,"url":null,"entity_id":"Q18287722","candidates":[]}],[{"start":0,"end":7,"url":null,"entity_id":"Q183","candidates":[]}],[{"start":0,"end":6,"url":null,"entity_id":"Q3959","candidates":[]}]],[[{"start":0,"end":42,"url":null,"entity_id":"Q15820291","candidates":[]}],[{"start":0,"end":12,"url":null,"entity_id":"Q713750","candidates":[]}],[{"start":0,"end":9,"url":null,"entity_id":"Q3939","candidates":[]}]],[[{"start":0,"end":32,"url":null,"entity_id":"Q27995251","candidates":[]}],[{"start":0,"end":7,"url":null,"entity_id":"Q183","candidates":[]}],[{"start":0,"end":7,"url":null,"entity_id":"Q3886","candidates":[]}]],[[{"start":0,"end":35,"url":null,"entity_id":"Q28595278","candidates":[]}],[{"start":0,"end":7,"url":null,"entity_id":"Q183","candidates":[]}],[{"start":0,"end":17,"url":null,"entity_id":"Q1794","candidates":[]}]],[[{"start":0,"end":16,"url":null,"entity_id":"Q27654100","candidates":[]}],[{"start":0,"end":7,"url":null,"entity_id":"Q40","candidates":[]}],[{"start":0,"end":6,"url":null,"entity_id":"Q1741","candidates":[]}]],[[{"start":0,"end":52,"url":null,"entity_id":"Q1668388","candidates":[]}],[{"start":0,"end":7,"url":null,"entity_id":"Q183","candidates":[]}],[{"start":0,"end":6,"url":null,"entity_id":"Q1726","candidates":[]}]],[[{"start":0,"end":61,"url":null,"entity_id":"Q28043687","candidates":[]}],[{"start":0,"end":7,"url":null,"entity_id":"Q183","candidates":[]}],[{"start":0,"end":7,"url":null,"entity_id":"Q1055","candidates":[]}]],[[{"start":0,"end":43,"url":null,"entity_id":"Q1567413","candidates":[]}],[{"start":0,"end":7,"url":null,"entity_id":"Q183","candidates":[]}],[{"start":0,"end":7,"url":null,"entity_id":"Q1055","candidates":[]}]],[[{"start":0,"end":28,"url":null,"entity_id":"Q27970520","candidates":[]}],[{"start":0,"end":7,"url":null,"entity_id":"Q183","candidates":[]}],[{"start":0,"end":7,"url":null,"entity_id":"Q980","candidates":[]}]],[[{"start":0,"end":40,"url":null,"entity_id":"Q27948944","candidates":[]}],[{"start":0,"end":7,"url":null,"entity_id":"Q183","candidates":[]}],[{"start":0,"end":7,"url":null,"entity_id":"Q980","candidates":[]}]],[[{"start":0,"end":36,"url":null,"entity_id":"Q1556520","candidates":[]}],[{"start":0,"end":7,"url":null,"entity_id":"Q183","candidates":[]}],[{"start":0,"end":7,"url":null,"entity_id":"Q980","candidates":[]}]],[[{"start":0,"end":26,"url":null,"entity_id":"Q47345910","candidates":[]}],[{"start":0,"end":7,"url":null,"entity_id":"Q183","candidates":[]}],[{"start":0,"end":6,"url":null,"entity_id":"Q64","candidates":[]}]]]}