{"version":"1.2","table":{"version":"2","table_id":"HWZ65KBN","columns":[{"index":0,"name":"col0","values":["Btens Concert Hall","Hollzwood Pantages Theatrf","WinnipegArena","Ryman Audtorium","Earls Cout Exhibition Centre","Mercury#Lounge","Sahar Las Vegas","Allstate Aren","Stadio Olimplco","The Lruisville Palace","The Gorge!Amphitheatre","Caesars Palaee","Flamingo La Vegas","Shibuya-BX","Taoglewood","Théâtre ds Champs-Élysées","oston Garden","Westgate as Vegas Resort & Casino","Hammersmith Apolo","El Rey Tjeatre"]},{"index":1,"name":"col1","values":["Athens Municipality","Los Angeles","Winnipeg","Nashville","London","Manhattan","Winchester","Illinois","Rome","Louisville","Washington","Las Vegas","Nevada","Shibuya","Massachusetts","Champs-Élysées","Massachusetts","Nevada","London Borough of Hammersmith and Fulham","Los Angeles"]},{"index":2,"name":"col2","values":["Government of Greece","Nederlander Organization","Winnipeg Enterprises Corp.","Ryman Hospitality Properties","Capital & Counties Properties","Bowery Presents","Alex Meruelo","Rosemont","Italian National Olympic Committee","Live Nation Entertainment","Live Nation Entertainment","Caesars Entertainment Corporation","Caesars Entertainment Corporation","Nippon Television","Boston Symphony Orchestra","Caisse des dépôts et consignations","Boston and Maine Corporation","Hilton Hotels & Resorts","Anschutz Entertainment Group","Anschutz Entertainment Group"]}]},"context":{"page_title":null,"page_url":null,"page_entity_id":null,"content_hierarchy":[]},"links":[[[{"start":0,"end":26,"url":null,"entity_id":"Q1584748","candidates":[]}],[{"start":0,"end":11,"url":null,"entity_id":"Q65","candidates":[]}],[{"start":0,"end":24,"url":null,"entity_id":"Q12063654","candidates":[]}]],[[{"start":0,"end":13,"url":null,"entity_id":"Q1165024","candidates":[]}],[{"start":0,"end":8,"url":null,"entity_id":"Q2135","candidates":[]}],[{"start":0,"end":26,"url":null,"entity_id":"Q8025743","candidates":[]}]],[[{"start":0,"end":15,"url":null,"entity_id":"Q931449","candidates":[]}],[{"start":0,"end":9,"url":null,"entity_id":"Q23197","candidates":[]}],[{"start":0,"end":28,"url":null,"entity_id":"Q7385192","candidates":[]}]],[[{"start":0,"end":28,"url":null,"entity_id":"Q1130746","candidates":[]}],[{"start":0,"end":6,"url":null,"entity_id":"Q84","candidates":[]}],[{"start":0,"end":29,"url":null,"entity_id":"Q5035431","candidates":[]}]],[[{"start":0,"end":14,"url":null,"entity_id":"Q772529","candidates":[]}],[{"start":0,"end":9,"url":null,"entity_id":"Q11299","candidates":[]}],[{"start":0,"end":15,"url":null,"entity_id":"Q4950937","candidates":[]}]],[[{"start":0,"end":15,"url":null,"entity_id":"Q1147483","candidates":[]}],[{"start":0,"end":10,"url":null,"entity_id":"Q774784","candidates":[]}],[{"start":0,"end":12,"url":null,"entity_id":"Q4717490","candidates":[]}]],[[{"start":0,"end":13,"url":null,"entity_id":"Q1336027","candidates":[]}],[{"start":0,"end":8,"url":null,"entity_id":"Q1204","candidates":[]}],[{"start":0,"end":8,"url":null,"entity_id":"Q1191401","candidates":[]}]],[[{"start":0,"end":15,"url":null,"entity_id":"Q159884","candidates":[]}],[{"start":0,"end":4,"url":null,"entity_id":"Q220","candidates":[]}],[{"start":0,"end":34,"url":null,"entity_id":"Q1114833","candidates":[]}]],[[{"start":0,"end":21,"url":null,"entity_id":"Q1247561","candidates":[]}],[{"start":0,"end":10,"url":null,"entity_id":"Q43668","candidates":[]}],[{"start":0,"end":25,"url":null,"entity_id":"Q1061903","candidates":[]}]],[[{"start":0,"end":22,"url":null,"entity_id":"Q254740","candidates":[]}],[{"start":0,"end":10,"url":null,"entity_id":"Q1223","candidates":[]}],[{"start":0,"end":25,"url":null,"entity_id":"Q1061903","candidates":[]}]],[[{"start":0,"end":14,"url":null,"entity_id":"Q569978","candidates":[]}],[{"start":0,"end":9,"url":null,"entity_id":"Q23768","candidates":[]}],[{"start":0,"end":33,"url":null,"entity_id":"Q892498","candidates":[]}]],[[{"start":0,"end":17,"url":null,"entity_id":"Q1426968","candidates":[]}],[{"start":0,"end":6,"url":null,"entity_id":"Q1227","candidates":[]}],[{"start":0,"end":33,"url":null,"entity_id":"Q892498","candidates":[]}]],[[{"start":0,"end":10,"url":null,"entity_id":"Q619000","candidates":[]}],[{"start":0,"end":7,"url":null,"entity_id":"Q193638","candidates":[]}],[{"start":0,"end":17,"url":null,"entity_id":"Q864910","candidates":[]}]],[[{"start":0,"end":10,"url":null,"entity_id":"Q1528686","candidates":[]}],[{"start":0,"end":13,"url":null,"entity_id":"Q771","candidates":[]}],[{"start":0,"end":25,"url":null,"entity_id":"Q864369","candidates":[]}]],[[{"start":0,"end":25,"url":null,"entity_id":"Q726531","candidates":[]}],[{"start":0,"end":14,"url":null,"entity_id":"Q3413229","candidates":[]}],[{"start":0,"end":34,"url":null,"entity_id":"Q846484","candidates":[]}]],[[{"start":0,"end":12,"url":null,"entity_id":"Q894567","candidates":[]}],[{"start":0,"end":13,"url":null,"entity_id":"Q771","candidates":[]}],[{"start":0,"end":28,"url":null,"entity_id":"Q638715","candidates":[]}]],[[{"start":0,"end":33,"url":null,"entity_id":"Q1340365","candidates":[]}],[{"start":0,"end":6,"url":null,"entity_id":"Q1227","candidates":[]}],[{"start":0,"end":23,"url":null,"entity_id":"Q598884","candidates":[]}]],[[{"start":0,"end":17,"url":null,"entity_id":"Q1337772","candidates":[]}],[{"start":0,"end":40,"url":null,"entity_id":"Q40478","candidates":[]}],[{"start":0,"end":28,"url":null,"entity_id":"Q569417","candidates":[]}]],[[{"start":0,"end":14,"url":null,"entity_id":"Q573855","candidates":[]}],[{"start":0,"end":11,"url":null,"entity_id":"Q65","candidates":[]}],[{"start":0,"end":28,"url":null,"entity_id":"Q569417","candidates":[]}]],[[{"start":0,"end":18,"url":null,"entity_id":"Q582203","candidates":[]}],[{"start":0,"end":19,"url":null,"entity_id":"Q1224979","candidates":[]}],[{"start":0,"end":20,"url":null,"entity_id":"Q15260617","candidates":[]}]]]}