{"version":"1.2","table":{"version":"2","table_id":"HYA678Q3","columns":[{"index":0,"name":"col0","values":["Fisherman Island National Wildlife Refuge","Palmyra Atoll National Wildlife Refuge","Sand Lake National Wildlife Refuge","San Pablo Bay National Wildlife Refuge","San Bernard National Wildlife Refuge","Ridgefield National Wildlife Refuge","Quivira National Wildlife Refuge","Pocosin Lakes National Wildlife Refuge","Patuxent Research Refuge","Mille Lacs National Wildlife Refuge","Merritt Island National Wildlife Refuge","McNary National Wildlife Refuge","Kofa National Wildlife Refuge","Julia Butler Hansen Refuge for the Columbian White-Tailed Deer","Supawna Meadows National Wildlife Refuge","St. Vincent National Wildlife Refuge","Flattery Rocks National Wildlife Refuge","Edwin B. Forsythe National Wildlife Refuge","Eastern Shore of Virginia National Wildlife Refuge","Desert National Wildlife Refuge"]},{"index":1,"name":"col1","values":["United States Fish and Wildlife Service","United States Fish and Wildlife Service","United States Fish and Wildlife Service","United States Fish and Wildlife Service","United States Fish and Wildlife Service","United States Fish and Wildlife Service","United States Fish and Wildlife Service","United States Fish and Wildlife Service","United States Fish and Wildlife Service","United States Fish and Wildlife Service","United States Fish and Wildlife Service","United States Fish and Wildlife Service","United States Fish and Wildlife Service","United States Fish and Wildlife Service","United States Fish and Wildlife Service","United States Fish and Wildlife Service","United States Fish and Wildlife Service","United States Fish and Wildlife Service","United States Fish and Wildlife Service","United States Fish and Wildlife Service"]},{"index":2,"name":"col2","values":["8.83","533110.11","21498","13190","136.54","5228.1","22135","462.03","51.92","0.57","140000","61","665400","23","3531.21","12490","5.1","47437.17","29.23","1615000"]}]},"context":{"page_title":null,"page_url":null,"page_entity_id":null,"content_hierarchy":[]},"links":[[[{"start":0,"end":38,"url":null,"entity_id":"Q15052635","candidates":[]}],[{"start":0,"end":39,"url":null,"entity_id":"Q674113","candidates":[]}],[]],[[{"start":0,"end":34,"url":null,"entity_id":"Q7415829","candidates":[]}],[{"start":0,"end":39,"url":null,"entity_id":"Q674113","candidates":[]}],[]],[[{"start":0,"end":38,"url":null,"entity_id":"Q7415042","candidates":[]}],[{"start":0,"end":39,"url":null,"entity_id":"Q674113","candidates":[]}],[]],[[{"start":0,"end":36,"url":null,"entity_id":"Q7413416","candidates":[]}],[{"start":0,"end":39,"url":null,"entity_id":"Q674113","candidates":[]}],[]],[[{"start":0,"end":35,"url":null,"entity_id":"Q7332744","candidates":[]}],[{"start":0,"end":39,"url":null,"entity_id":"Q674113","candidates":[]}],[]],[[{"start":0,"end":32,"url":null,"entity_id":"Q7272686","candidates":[]}],[{"start":0,"end":39,"url":null,"entity_id":"Q674113","candidates":[]}],[]],[[{"start":0,"end":38,"url":null,"entity_id":"Q7206544","candidates":[]}],[{"start":0,"end":39,"url":null,"entity_id":"Q674113","candidates":[]}],[]],[[{"start":0,"end":24,"url":null,"entity_id":"Q7148778","candidates":[]}],[{"start":0,"end":39,"url":null,"entity_id":"Q674113","candidates":[]}],[]],[[{"start":0,"end":35,"url":null,"entity_id":"Q6858711","candidates":[]}],[{"start":0,"end":39,"url":null,"entity_id":"Q674113","candidates":[]}],[]],[[{"start":0,"end":39,"url":null,"entity_id":"Q6820354","candidates":[]}],[{"start":0,"end":39,"url":null,"entity_id":"Q674113","candidates":[]}],[]],[[{"start":0,"end":31,"url":null,"entity_id":"Q6802490","candidates":[]}],[{"start":0,"end":39,"url":null,"entity_id":"Q674113","candidates":[]}],[]],[[{"start":0,"end":29,"url":null,"entity_id":"Q12061030","candidates":[]}],[{"start":0,"end":39,"url":null,"entity_id":"Q674113","candidates":[]}],[]],[[{"start":0,"end":62,"url":null,"entity_id":"Q12027160","candidates":[]}],[{"start":0,"end":39,"url":null,"entity_id":"Q674113","candidates":[]}],[]],[[{"start":0,"end":40,"url":null,"entity_id":"Q7641923","candidates":[]}],[{"start":0,"end":39,"url":null,"entity_id":"Q674113","candidates":[]}],[]],[[{"start":0,"end":36,"url":null,"entity_id":"Q7592100","candidates":[]}],[{"start":0,"end":39,"url":null,"entity_id":"Q674113","candidates":[]}],[]],[[{"start":0,"end":39,"url":null,"entity_id":"Q5457990","candidates":[]}],[{"start":0,"end":39,"url":null,"entity_id":"Q674113","candidates":[]}],[]],[[{"start":0,"end":42,"url":null,"entity_id":"Q5346225","candidates":[]}],[{"start":0,"end":39,"url":null,"entity_id":"Q674113","candidates":[]}],[]],[[{"start":0,"end":50,"url":null,"entity_id":"Q5330455","candidates":[]}],[{"start":0,"end":39,"url":null,"entity_id":"Q674113","candidates":[]}],[]],[[{"start":0,"end":31,"url":null,"entity_id":"Q5263981","candidates":[]}],[{"start":0,"end":39,"url":null,"entity_id":"Q674113","candidates":[]}],[]],[[{"start":0,"end":41,"url":null,"entity_id":"Q27986320","candidates":[]}],[{"start":0,"end":39,"url":null,"entity_id":"Q674113","candidates":[]}],[]]]}