{"version":"1.2","table":{"version":"2","table_id":"I3AVQUUG","columns":[{"index":0,"name":"col0","values":["Viamão mayoral election, 2016","São Pedro da Aldeia mayoral election, 2016","São Lourenço da Mata mayoral election, 2016","Paulista mayoral election, 2016","Toledo mayoral election, 2016","Colombo mayoral election, 2016","Guarapuava mayoral election, 2016","Araucária mayoral election, 2016","Apucarana mayoral election, 2016","Campo Largo mayoral election, 2016","Pinhais mayoral election, 2016","Paranaguá mayoral election, 2016","Breves mayoral election, 2016","Barcarena mayoral election, 2016","Tailândia mayoral election, 2016","São Félix do Xingu mayoral election, 2016","Paragominas mayoral election, 2016","Bragança mayoral election, 2016","Lavras mayoral election, 2016","Conselheiro Lafaiete mayoral election, 2016"]},{"index":1,"name":"col1","values":["12872","3266","3836","25210","3971","12779","6190","5612","4914","7309","6800","6966","2241","30924","16400","1080","2623","2707","6500","22871"]},{"index":2,"name":"col2","values":["9947","13725","11983","13550","8646","12748","13213","6980","9912","9806","7011","8047","13310","9656","9140","7963","12419","8306","12994","13845"]}]},"context":{"page_title":null,"page_url":null,"page_entity_id":null,"content_hierarchy":[]},"links":[[[{"start":0,"end":42,"url":null,"entity_id":"Q61868903","candidates":[]}],[],[]],[[{"start":0,"end":43,"url":null,"entity_id":"Q61868890","candidates":[]}],[],[]],[[{"start":0,"end":31,"url":null,"entity_id":"Q61868887","candidates":[]}],[],[]],[[{"start":0,"end":29,"url":null,"entity_id":"Q61868882","candidates":[]}],[],[]],[[{"start":0,"end":30,"url":null,"entity_id":"Q61868873","candidates":[]}],[],[]],[[{"start":0,"end":33,"url":null,"entity_id":"Q61868868","candidates":[]}],[],[]],[[{"start":0,"end":32,"url":null,"entity_id":"Q61868867","candidates":[]}],[],[]],[[{"start":0,"end":32,"url":null,"entity_id":"Q61868864","candidates":[]}],[],[]],[[{"start":0,"end":34,"url":null,"entity_id":"Q61868861","candidates":[]}],[],[]],[[{"start":0,"end":30,"url":null,"entity_id":"Q61868859","candidates":[]}],[],[]],[[{"start":0,"end":32,"url":null,"entity_id":"Q61868858","candidates":[]}],[],[]],[[{"start":0,"end":29,"url":null,"entity_id":"Q61868854","candidates":[]}],[],[]],[[{"start":0,"end":32,"url":null,"entity_id":"Q61868850","candidates":[]}],[],[]],[[{"start":0,"end":32,"url":null,"entity_id":"Q61868849","candidates":[]}],[],[]],[[{"start":0,"end":41,"url":null,"entity_id":"Q61868845","candidates":[]}],[],[]],[[{"start":0,"end":34,"url":null,"entity_id":"Q61868841","candidates":[]}],[],[]],[[{"start":0,"end":31,"url":null,"entity_id":"Q61868840","candidates":[]}],[],[]],[[{"start":0,"end":29,"url":null,"entity_id":"Q61868822","candidates":[]}],[],[]],[[{"start":0,"end":43,"url":null,"entity_id":"Q61868817","candidates":[]}],[],[]],[[{"start":0,"end":29,"url":null,"entity_id":"Q61868918","candidates":[]}],[],[]]]}