{"version":"1.2","table":{"version":"2","table_id":"I5RH1DWK","columns":[{"index":0,"name":"col0","values":["Communauté de communes Terres du Haut Berry","communauté de communes Terre d'Eau","communauté de communes Sidobre Vals et Plateaux","Communauté de communes Pays Fort Sancerrois Val de Loire","Communauté de communes Chénérailles, Auzances/Bellegarde et Haut Pays Marchois","Communauté de communes de l'Ouest Vosgien","Communauté de communes Creuse Confluence","Communauté de communes Terre de Picardie","Communauté de communes Champagne Boischauts","Monts et Vallées Ouest Creuse","Communauté de communes Creuse Sud Ouest","Communauté de communes Loue-Lison","Communauté de communes du Territoire Nord Picardie","Communauté de communes Nièvre et Somme","Communauté de communes Cœur de Berry","Communauté de communes de Mirecourt Dompaire","Communauté de communes Lyons Andelle","Communauté de communes Xaintrie Val'Dordogne","Communauté de communes de la Porte des Vosges Méridionales","Communauté de communes des Lacs et Montagnes du Haut-Doubs"]},{"index":1,"name":"col1","values":["Cher","Vosges","Tarn","Cher","Creuse","Vosges","Creuse","Somme","Indre","Creuse","Creuse","Doubs","Somme","Somme","Cher","Vosges","Eure","Corrèze","Vosges","Doubs"]},{"index":2,"name":"col2","values":["Communauté de communes des Hautes Terres en Haut Berry","Association of Bulgnéville communes between Xaintois and Bassigny","communauté de communes Sidobre Val d'Agout","Communauté de communes Cœur du Pays Fort","Communauté de communes d'Auzances-Bellegarde","Communauté de communes du Pays de Châtenois","Communauté de communes du Pays de Boussac","Communauté de communes de Haute Picardie","Communauté de communes de Champagne Berrichonne","Communauté de communes de Bénévent-Grand-Bourg","Communauté de communes Bourganeuf et Royère-de-Vassivière","Communauté de communes Amancey-Loue-Lison","Communauté de communes du Bocage et de l'Hallue","Communauté de communes à l'Ouest d'Amiens","Communauté de communes des Vals de Cher et d'Arnon","Communauté de communes du Secteur de Dompaire","Communauté de communes du canton de Lyons-la-Forêt","Communauté de communes du Canton de Mercœur","Communauté de communes des Vosges Méridionales","Communauté de communes des Hauts du Doubs"]}]},"context":{"page_title":null,"page_url":null,"page_entity_id":null,"content_hierarchy":[]},"links":[[[{"start":0,"end":34,"url":null,"entity_id":"Q30322513","candidates":[]}],[{"start":0,"end":6,"url":null,"entity_id":"Q3105","candidates":[]}],[{"start":0,"end":65,"url":null,"entity_id":"Q2987472","candidates":[]}]],[[{"start":0,"end":47,"url":null,"entity_id":"Q30622603","candidates":[]}],[{"start":0,"end":4,"url":null,"entity_id":"Q12772","candidates":[]}],[{"start":0,"end":42,"url":null,"entity_id":"Q2987346","candidates":[]}]],[[{"start":0,"end":56,"url":null,"entity_id":"Q29642843","candidates":[]}],[{"start":0,"end":4,"url":null,"entity_id":"Q3286","candidates":[]}],[{"start":0,"end":40,"url":null,"entity_id":"Q2987181","candidates":[]}]],[[{"start":0,"end":78,"url":null,"entity_id":"Q29566452","candidates":[]}],[{"start":0,"end":6,"url":null,"entity_id":"Q3353","candidates":[]}],[{"start":0,"end":44,"url":null,"entity_id":"Q1119752","candidates":[]}]],[[{"start":0,"end":41,"url":null,"entity_id":"Q30283360","candidates":[]}],[{"start":0,"end":6,"url":null,"entity_id":"Q3105","candidates":[]}],[{"start":0,"end":43,"url":null,"entity_id":"Q1118905","candidates":[]}]],[[{"start":0,"end":40,"url":null,"entity_id":"Q29566746","candidates":[]}],[{"start":0,"end":6,"url":null,"entity_id":"Q3353","candidates":[]}],[{"start":0,"end":41,"url":null,"entity_id":"Q1118863","candidates":[]}]],[[{"start":0,"end":40,"url":null,"entity_id":"Q30591967","candidates":[]}],[{"start":0,"end":5,"url":null,"entity_id":"Q12770","candidates":[]}],[{"start":0,"end":40,"url":null,"entity_id":"Q1117596","candidates":[]}]],[[{"start":0,"end":43,"url":null,"entity_id":"Q30739159","candidates":[]}],[{"start":0,"end":5,"url":null,"entity_id":"Q12553","candidates":[]}],[{"start":0,"end":47,"url":null,"entity_id":"Q1117529","candidates":[]}]],[[{"start":0,"end":29,"url":null,"entity_id":"Q29566749","candidates":[]}],[{"start":0,"end":6,"url":null,"entity_id":"Q3353","candidates":[]}],[{"start":0,"end":46,"url":null,"entity_id":"Q1117519","candidates":[]}]],[[{"start":0,"end":39,"url":null,"entity_id":"Q29566712","candidates":[]}],[{"start":0,"end":6,"url":null,"entity_id":"Q3353","candidates":[]}],[{"start":0,"end":57,"url":null,"entity_id":"Q1117204","candidates":[]}]],[[{"start":0,"end":33,"url":null,"entity_id":"Q30739502","candidates":[]}],[{"start":0,"end":5,"url":null,"entity_id":"Q3361","candidates":[]}],[{"start":0,"end":41,"url":null,"entity_id":"Q1117133","candidates":[]}]],[[{"start":0,"end":50,"url":null,"entity_id":"Q30591961","candidates":[]}],[{"start":0,"end":5,"url":null,"entity_id":"Q12770","candidates":[]}],[{"start":0,"end":47,"url":null,"entity_id":"Q774094","candidates":[]}]],[[{"start":0,"end":38,"url":null,"entity_id":"Q30591914","candidates":[]}],[{"start":0,"end":5,"url":null,"entity_id":"Q12770","candidates":[]}],[{"start":0,"end":41,"url":null,"entity_id":"Q431026","candidates":[]}]],[[{"start":0,"end":36,"url":null,"entity_id":"Q29642688","candidates":[]}],[{"start":0,"end":4,"url":null,"entity_id":"Q3286","candidates":[]}],[{"start":0,"end":50,"url":null,"entity_id":"Q180094","candidates":[]}]],[[{"start":0,"end":44,"url":null,"entity_id":"Q30250591","candidates":[]}],[{"start":0,"end":6,"url":null,"entity_id":"Q3105","candidates":[]}],[{"start":0,"end":45,"url":null,"entity_id":"Q177822","candidates":[]}]],[[{"start":0,"end":36,"url":null,"entity_id":"Q29268685","candidates":[]}],[{"start":0,"end":4,"url":null,"entity_id":"Q3372","candidates":[]}],[{"start":0,"end":50,"url":null,"entity_id":"Q1119691","candidates":[]}]],[[{"start":0,"end":44,"url":null,"entity_id":"Q29268728","candidates":[]}],[{"start":0,"end":7,"url":null,"entity_id":"Q3326","candidates":[]}],[{"start":0,"end":43,"url":null,"entity_id":"Q1118526","candidates":[]}]],[[{"start":0,"end":58,"url":null,"entity_id":"Q29268719","candidates":[]}],[{"start":0,"end":6,"url":null,"entity_id":"Q3105","candidates":[]}],[{"start":0,"end":46,"url":null,"entity_id":"Q1118395","candidates":[]}]],[[{"start":0,"end":58,"url":null,"entity_id":"Q29268700","candidates":[]}],[{"start":0,"end":5,"url":null,"entity_id":"Q3361","candidates":[]}],[{"start":0,"end":41,"url":null,"entity_id":"Q1118227","candidates":[]}]],[[{"start":0,"end":43,"url":null,"entity_id":"Q29642818","candidates":[]}],[{"start":0,"end":4,"url":null,"entity_id":"Q3286","candidates":[]}],[{"start":0,"end":54,"url":null,"entity_id":"Q2988075","candidates":[]}]]]}