{"version":"1.2","table":{"version":"2","table_id":"I9U6Z7T8","columns":[{"index":0,"name":"col0","values":["The bay of Nagasaki with the Dutch trading post Deshima","Untitled","Untitled","Utopie IX","Le prisonnier","The Wheel of Fortune","View of the Piazza San Marco","L'homme de Tollund","Sans titre","Pâte à coq","Hommage à Matisse","Jaren 80","Sans titre","Untitled","Caroline","Sans titre","De muzikant","Boogschutter","Zimmer","Luchtvis"]},{"index":1,"name":"col1","values":["Antwerp","Artotheque Mons","Artotheque Mons","Artotheque Mons","Artotheque Mons","Metropolitan Museum of Art","Fralin Museum of Art","Artotheque Mons","Artotheque Mons","Artotheque Mons","Artotheque Mons","Artotheque Mons","Artotheque Mons","Artotheque Mons","Artotheque Mons","Artotheque Mons","Artotheque Mons","Artotheque Mons","Artotheque Mons","Artotheque Mons"]},{"index":2,"name":"col2","values":["Kawahara Keiga","Serge Charchoune","Jo Delahaut","Jacques Lacomblez","Hugh Weiss","John La Farge","Giacomo Guardi","Serge Vandercam","Antoine Mortier","Antoine Mortier","Albert Bitran","Pat Andrea","Maurice Wyckaert","Stephen Gilbert","Fred Bervoets","Fred Bervoets","Fred Bervoets","Fred Bervoets","Fred Bervoets","Fred Bervoets"]},{"index":3,"name":"col3","values":["1825-01-01","1960-01-01","1956-01-01","1992-01-01","1975-01-01","1900-01-01","1900-01-01","1963-01-01","1965-01-01","1956-01-01","1970-01-01","1982-01-01","1977-01-01","1973-01-01","1984-01-01","1989-01-01","1989-01-01","1989-01-01","1983-01-01","1990-01-01"]}]},"context":{"page_title":null,"page_url":null,"page_entity_id":null,"content_hierarchy":[]},"links":[[[{"start":0,"end":8,"url":null,"entity_id":"Q59311175","candidates":[]}],[{"start":0,"end":15,"url":null,"entity_id":"Q59915558","candidates":[]}],[{"start":0,"end":16,"url":null,"entity_id":"Q3479242","candidates":[]}],[]],[[{"start":0,"end":8,"url":null,"entity_id":"Q59311147","candidates":[]}],[{"start":0,"end":15,"url":null,"entity_id":"Q59915558","candidates":[]}],[{"start":0,"end":11,"url":null,"entity_id":"Q3179391","candidates":[]}],[]],[[{"start":0,"end":9,"url":null,"entity_id":"Q59311194","candidates":[]}],[{"start":0,"end":15,"url":null,"entity_id":"Q59915558","candidates":[]}],[{"start":0,"end":17,"url":null,"entity_id":"Q3159231","candidates":[]}],[]],[[{"start":0,"end":13,"url":null,"entity_id":"Q59311166","candidates":[]}],[{"start":0,"end":15,"url":null,"entity_id":"Q59915558","candidates":[]}],[{"start":0,"end":10,"url":null,"entity_id":"Q3142327","candidates":[]}],[]],[[{"start":0,"end":20,"url":null,"entity_id":"Q20178386","candidates":[]}],[{"start":0,"end":26,"url":null,"entity_id":"Q160236","candidates":[]}],[{"start":0,"end":13,"url":null,"entity_id":"Q3120087","candidates":[]}],[]],[[{"start":0,"end":28,"url":null,"entity_id":"Q44468904","candidates":[]}],[{"start":0,"end":20,"url":null,"entity_id":"Q8565299","candidates":[]}],[{"start":0,"end":14,"url":null,"entity_id":"Q3105058","candidates":[]}],[]],[[{"start":0,"end":18,"url":null,"entity_id":"Q59311345","candidates":[]}],[{"start":0,"end":15,"url":null,"entity_id":"Q59915558","candidates":[]}],[{"start":0,"end":15,"url":null,"entity_id":"Q2925429","candidates":[]}],[]],[[{"start":0,"end":10,"url":null,"entity_id":"Q59311344","candidates":[]}],[{"start":0,"end":15,"url":null,"entity_id":"Q59915558","candidates":[]}],[{"start":0,"end":15,"url":null,"entity_id":"Q2854268","candidates":[]}],[]],[[{"start":0,"end":10,"url":null,"entity_id":"Q59311102","candidates":[]}],[{"start":0,"end":15,"url":null,"entity_id":"Q59915558","candidates":[]}],[{"start":0,"end":15,"url":null,"entity_id":"Q2854268","candidates":[]}],[]],[[{"start":0,"end":17,"url":null,"entity_id":"Q59311089","candidates":[]}],[{"start":0,"end":15,"url":null,"entity_id":"Q59915558","candidates":[]}],[{"start":0,"end":13,"url":null,"entity_id":"Q2830971","candidates":[]}],[]],[[{"start":0,"end":8,"url":null,"entity_id":"Q59311092","candidates":[]}],[{"start":0,"end":15,"url":null,"entity_id":"Q59915558","candidates":[]}],[{"start":0,"end":10,"url":null,"entity_id":"Q2806407","candidates":[]}],[]],[[{"start":0,"end":10,"url":null,"entity_id":"Q59311321","candidates":[]}],[{"start":0,"end":15,"url":null,"entity_id":"Q59915558","candidates":[]}],[{"start":0,"end":16,"url":null,"entity_id":"Q2317563","candidates":[]}],[]],[[{"start":0,"end":8,"url":null,"entity_id":"Q59311189","candidates":[]}],[{"start":0,"end":15,"url":null,"entity_id":"Q59915558","candidates":[]}],[{"start":0,"end":15,"url":null,"entity_id":"Q2199539","candidates":[]}],[]],[[{"start":0,"end":8,"url":null,"entity_id":"Q59311362","candidates":[]}],[{"start":0,"end":15,"url":null,"entity_id":"Q59915558","candidates":[]}],[{"start":0,"end":13,"url":null,"entity_id":"Q2113806","candidates":[]}],[]],[[{"start":0,"end":10,"url":null,"entity_id":"Q59311361","candidates":[]}],[{"start":0,"end":15,"url":null,"entity_id":"Q59915558","candidates":[]}],[{"start":0,"end":13,"url":null,"entity_id":"Q2113806","candidates":[]}],[]],[[{"start":0,"end":11,"url":null,"entity_id":"Q59311358","candidates":[]}],[{"start":0,"end":15,"url":null,"entity_id":"Q59915558","candidates":[]}],[{"start":0,"end":13,"url":null,"entity_id":"Q2113806","candidates":[]}],[]],[[{"start":0,"end":12,"url":null,"entity_id":"Q59311357","candidates":[]}],[{"start":0,"end":15,"url":null,"entity_id":"Q59915558","candidates":[]}],[{"start":0,"end":13,"url":null,"entity_id":"Q2113806","candidates":[]}],[]],[[{"start":0,"end":6,"url":null,"entity_id":"Q59311354","candidates":[]}],[{"start":0,"end":15,"url":null,"entity_id":"Q59915558","candidates":[]}],[{"start":0,"end":13,"url":null,"entity_id":"Q2113806","candidates":[]}],[]],[[{"start":0,"end":8,"url":null,"entity_id":"Q59311353","candidates":[]}],[{"start":0,"end":15,"url":null,"entity_id":"Q59915558","candidates":[]}],[{"start":0,"end":13,"url":null,"entity_id":"Q2113806","candidates":[]}],[]],[[{"start":0,"end":55,"url":null,"entity_id":"Q56867530","candidates":[]}],[{"start":0,"end":7,"url":null,"entity_id":"Q12892","candidates":[]}],[{"start":0,"end":14,"url":null,"entity_id":"Q11477866","candidates":[]}],[]]]}