{"version":"1.2","table":{"version":"2","table_id":"IB3RUBV4","columns":[{"index":0,"name":"col0","values":["BL Ceti","9 Ceti","CM Draconis","HD 283750","GJ 3379","VB 10","L 1159-16","Gliese 174","40 Eridani A","EZ Aquarii","Lalande 21185","12 Ophiuchi","Proxima Centauri","V* V1158 Ori","V* V1100 Ori","V* V655 Ori","V* V758 Ori","V* V719 Ori","V* V780 Ori","V* V1129 Ori"]},{"index":1,"name":"col1","values":["12.7","6.39","12.87","5.24","11.31","17.3","12.298","7.985","4.43","12.38","7.52","5.77","11.13","11.764","13.374","14.4","17.29","15.04","16.43","16.58"]},{"index":2,"name":"col2","values":["2.7032","21.3102","14.85","17.5117","5.2065","5.9185","4.4716","13.2381","5.0361","3.4","2.548","9.9195","1.3012","398.1209","356.1761","398.1209","397.8516","380.1848","386.4585","409.3663"]},{"index":3,"name":"col3","values":["369.9318","46.9258","67.34","57.1046","192.0675","168.962","223.6349","75.5395","198.5657","293.6","392.64","100.8111","768.5004","2.5118","2.8076","2.5118","2.5135","2.6303","2.5876","2.4428"]}]},"context":{"page_title":null,"page_url":null,"page_entity_id":null,"content_hierarchy":[]},"links":[[[{"start":0,"end":6,"url":null,"entity_id":"Q2402719","candidates":[]}],[],[],[]],[[{"start":0,"end":11,"url":null,"entity_id":"Q2065889","candidates":[]}],[],[],[]],[[{"start":0,"end":9,"url":null,"entity_id":"Q1563321","candidates":[]}],[],[],[]],[[{"start":0,"end":7,"url":null,"entity_id":"Q1485718","candidates":[]}],[],[],[]],[[{"start":0,"end":5,"url":null,"entity_id":"Q1344253","candidates":[]}],[],[],[]],[[{"start":0,"end":9,"url":null,"entity_id":"Q1149521","candidates":[]}],[],[],[]],[[{"start":0,"end":10,"url":null,"entity_id":"Q1117928","candidates":[]}],[],[],[]],[[{"start":0,"end":12,"url":null,"entity_id":"Q1052822","candidates":[]}],[],[],[]],[[{"start":0,"end":10,"url":null,"entity_id":"Q955526","candidates":[]}],[],[],[]],[[{"start":0,"end":13,"url":null,"entity_id":"Q683605","candidates":[]}],[],[],[]],[[{"start":0,"end":11,"url":null,"entity_id":"Q115904","candidates":[]}],[],[],[]],[[{"start":0,"end":16,"url":null,"entity_id":"Q14266","candidates":[]}],[],[],[]],[[{"start":0,"end":12,"url":null,"entity_id":"Q78245973","candidates":[]}],[],[],[]],[[{"start":0,"end":12,"url":null,"entity_id":"Q78245789","candidates":[]}],[],[],[]],[[{"start":0,"end":11,"url":null,"entity_id":"Q78245690","candidates":[]}],[],[],[]],[[{"start":0,"end":11,"url":null,"entity_id":"Q78245584","candidates":[]}],[],[],[]],[[{"start":0,"end":11,"url":null,"entity_id":"Q78245461","candidates":[]}],[],[],[]],[[{"start":0,"end":11,"url":null,"entity_id":"Q78245389","candidates":[]}],[],[],[]],[[{"start":0,"end":12,"url":null,"entity_id":"Q78245350","candidates":[]}],[],[],[]],[[{"start":0,"end":7,"url":null,"entity_id":"Q3631918","candidates":[]}],[],[],[]]]}