{"version":"1.2","table":{"version":"2","table_id":"ICK6571Z","columns":[{"index":0,"name":"col0","values":["1995 Volta Ciclista a la Comunitat Valenciana","1994 Volta Ciclista a la Comunitat Valenciana","1993 Volta Ciclista a la Comunitat Valenciana","1992 Volta Ciclista a la Comunitat Valenciana","1989 Volta Ciclista a la Comunitat Valenciana","1988 Volta Ciclista a la Comunitat Valenciana","1987 Volta Ciclista a la Comunitat Valenciana","1986 Volta Ciclista a la Comunitat Valenciana","2019 Volta Ciclista a la Comunitat Valenciana","2018 Volta Ciclista a la Comunitat Valenciana","2017 Volta Ciclista a la Comunitat Valenciana","2016 Volta Ciclista a la Comunitat Valenciana","1981 Volta de les Tres Províncies","1975 Volta a Llevant","1955 Volta a Llevant","1930 Volta a Llevant","2004 Volta Ciclista a la Comunitat Valenciana","1997 Volta Ciclista a la Comunitat Valenciana","1991 Volta Ciclista a la Comunitat Valenciana","1985 Volta Ciclista a la Comunitat Valenciana"]},{"index":1,"name":"col1","values":["1994 Volta Ciclista a la Comunitat Valenciana","1993 Volta Ciclista a la Comunitat Valenciana","1992 Volta Ciclista a la Comunitat Valenciana","1991 Volta Ciclista a la Comunitat Valenciana","1988 Volta Ciclista a la Comunitat Valenciana","1987 Volta Ciclista a la Comunitat Valenciana","1986 Volta Ciclista a la Comunitat Valenciana","1985 Volta Ciclista a la Comunitat Valenciana","2018 Volta Ciclista a la Comunitat Valenciana","2017 Volta Ciclista a la Comunitat Valenciana","2016 Volta Ciclista a la Comunitat Valenciana","2008 Volta Ciclista a la Comunitat Valenciana","1980 Volta de les Tres Províncies","1974 Volta a Llevant","1954 Volta a Llevant","1929 Volta a Llevant","2003 Volta Ciclista a la Comunitat Valenciana","1996 Volta Ciclista a la Comunitat Valenciana","1990 Volta Ciclista a la Comunitat Valenciana","1984 Volta Ciclista a la Comunitat Valenciana"]},{"index":2,"name":"col2","values":["Spain","Spain","Spain","Spain","Spain","Spain","Spain","Spain","Spain","Spain","Spain","Spain","Spain","Spain","Spain","Spain","Spain","Spain","Spain","Spain"]},{"index":3,"name":"col3","values":["1995-02-26","1994-02-27","1993-02-28","1992-02-23","1989-02-26","1988-02-21","1987-02-22","1986-02-23","2019-02-10","2018-02-04","2017-02-05","2016-02-07","1981-03-08","1975-03-08","1955-05-29","1930-10-12","2004-02-28","1997-03-01","1991-02-24","1985-02-24"]}]},"context":{"page_title":null,"page_url":null,"page_entity_id":null,"content_hierarchy":[]},"links":[[[{"start":0,"end":45,"url":null,"entity_id":"Q56322712","candidates":[]}],[{"start":0,"end":45,"url":null,"entity_id":"Q56322711","candidates":[]}],[{"start":0,"end":5,"url":null,"entity_id":"Q29","candidates":[]}],[]],[[{"start":0,"end":45,"url":null,"entity_id":"Q56322711","candidates":[]}],[{"start":0,"end":45,"url":null,"entity_id":"Q56322710","candidates":[]}],[{"start":0,"end":5,"url":null,"entity_id":"Q29","candidates":[]}],[]],[[{"start":0,"end":45,"url":null,"entity_id":"Q56322710","candidates":[]}],[{"start":0,"end":45,"url":null,"entity_id":"Q56322709","candidates":[]}],[{"start":0,"end":5,"url":null,"entity_id":"Q29","candidates":[]}],[]],[[{"start":0,"end":45,"url":null,"entity_id":"Q56740412","candidates":[]}],[{"start":0,"end":45,"url":null,"entity_id":"Q56322628","candidates":[]}],[{"start":0,"end":5,"url":null,"entity_id":"Q29","candidates":[]}],[]],[[{"start":0,"end":45,"url":null,"entity_id":"Q56322628","candidates":[]}],[{"start":0,"end":45,"url":null,"entity_id":"Q56322627","candidates":[]}],[{"start":0,"end":5,"url":null,"entity_id":"Q29","candidates":[]}],[]],[[{"start":0,"end":45,"url":null,"entity_id":"Q56322627","candidates":[]}],[{"start":0,"end":45,"url":null,"entity_id":"Q56322615","candidates":[]}],[{"start":0,"end":5,"url":null,"entity_id":"Q29","candidates":[]}],[]],[[{"start":0,"end":45,"url":null,"entity_id":"Q56322615","candidates":[]}],[{"start":0,"end":45,"url":null,"entity_id":"Q56322613","candidates":[]}],[{"start":0,"end":5,"url":null,"entity_id":"Q29","candidates":[]}],[]],[[{"start":0,"end":45,"url":null,"entity_id":"Q59121358","candidates":[]}],[{"start":0,"end":45,"url":null,"entity_id":"Q47425121","candidates":[]}],[{"start":0,"end":5,"url":null,"entity_id":"Q29","candidates":[]}],[]],[[{"start":0,"end":45,"url":null,"entity_id":"Q47425121","candidates":[]}],[{"start":0,"end":45,"url":null,"entity_id":"Q28547799","candidates":[]}],[{"start":0,"end":5,"url":null,"entity_id":"Q29","candidates":[]}],[]],[[{"start":0,"end":45,"url":null,"entity_id":"Q28547799","candidates":[]}],[{"start":0,"end":45,"url":null,"entity_id":"Q22570015","candidates":[]}],[{"start":0,"end":5,"url":null,"entity_id":"Q29","candidates":[]}],[]],[[{"start":0,"end":45,"url":null,"entity_id":"Q22570015","candidates":[]}],[{"start":0,"end":45,"url":null,"entity_id":"Q2508164","candidates":[]}],[{"start":0,"end":5,"url":null,"entity_id":"Q29","candidates":[]}],[]],[[{"start":0,"end":33,"url":null,"entity_id":"Q56740365","candidates":[]}],[{"start":0,"end":33,"url":null,"entity_id":"Q56740364","candidates":[]}],[{"start":0,"end":5,"url":null,"entity_id":"Q29","candidates":[]}],[]],[[{"start":0,"end":20,"url":null,"entity_id":"Q56740326","candidates":[]}],[{"start":0,"end":20,"url":null,"entity_id":"Q56740325","candidates":[]}],[{"start":0,"end":5,"url":null,"entity_id":"Q29","candidates":[]}],[]],[[{"start":0,"end":20,"url":null,"entity_id":"Q56740302","candidates":[]}],[{"start":0,"end":20,"url":null,"entity_id":"Q56740301","candidates":[]}],[{"start":0,"end":5,"url":null,"entity_id":"Q29","candidates":[]}],[]],[[{"start":0,"end":20,"url":null,"entity_id":"Q56740287","candidates":[]}],[{"start":0,"end":20,"url":null,"entity_id":"Q56740285","candidates":[]}],[{"start":0,"end":5,"url":null,"entity_id":"Q29","candidates":[]}],[]],[[{"start":0,"end":45,"url":null,"entity_id":"Q56322733","candidates":[]}],[{"start":0,"end":45,"url":null,"entity_id":"Q56322732","candidates":[]}],[{"start":0,"end":5,"url":null,"entity_id":"Q29","candidates":[]}],[]],[[{"start":0,"end":45,"url":null,"entity_id":"Q56322726","candidates":[]}],[{"start":0,"end":45,"url":null,"entity_id":"Q56322724","candidates":[]}],[{"start":0,"end":5,"url":null,"entity_id":"Q29","candidates":[]}],[]],[[{"start":0,"end":45,"url":null,"entity_id":"Q56322709","candidates":[]}],[{"start":0,"end":45,"url":null,"entity_id":"Q56322629","candidates":[]}],[{"start":0,"end":5,"url":null,"entity_id":"Q29","candidates":[]}],[]],[[{"start":0,"end":45,"url":null,"entity_id":"Q56322613","candidates":[]}],[{"start":0,"end":45,"url":null,"entity_id":"Q56322556","candidates":[]}],[{"start":0,"end":5,"url":null,"entity_id":"Q29","candidates":[]}],[]],[[{"start":0,"end":45,"url":null,"entity_id":"Q56322725","candidates":[]}],[{"start":0,"end":45,"url":null,"entity_id":"Q56322712","candidates":[]}],[{"start":0,"end":5,"url":null,"entity_id":"Q29","candidates":[]}],[]]]}