{"version":"1.2","table":{"version":"2","table_id":"ID1BO05H","columns":[{"index":0,"name":"col0","values":["7 (In Extremo album)","Tarkus","What's Going On","Green River","Pearl Jam","Evil Empire","Day & Age","Still Not Getting Any...","Merry Christmas","Sleeps with Angels","Harvest","Ragged Glory","Old Ways","Tapestry","Aladdin Sane","The Unforgettable Fire","Tug of War","Dark Horse","Rage Against the Machine","Enema of the State"]},{"index":1,"name":"col1","values":["3251","2335","2138","1765","2982","2817","2502","2667","2537","3726","2231","3763","2203","2671","2447","2558","2551","2618","3176","2118"]},{"index":2,"name":"col2","values":["Compact Disc","LP record","LP record","gramophone record","Compact Disc","Compact Disc","Compact Disc","Compact Disc","Compact Disc","2 × LP","LP record","LP record","LP record","LP record","gramophone record","gramophone record","gramophone record","Compact Disc","Compact Disc","Compact Disc"]}]},"context":{"page_title":null,"page_url":null,"page_entity_id":null,"content_hierarchy":[]},"links":[[[{"start":0,"end":6,"url":null,"entity_id":"Q920627","candidates":[]}],[],[{"start":0,"end":9,"url":null,"entity_id":"Q841983","candidates":[]}]],[[{"start":0,"end":15,"url":null,"entity_id":"Q901648","candidates":[]}],[],[{"start":0,"end":9,"url":null,"entity_id":"Q841983","candidates":[]}]],[[{"start":0,"end":11,"url":null,"entity_id":"Q926391","candidates":[]}],[],[{"start":0,"end":17,"url":null,"entity_id":"Q178588","candidates":[]}]],[[{"start":0,"end":9,"url":null,"entity_id":"Q931609","candidates":[]}],[],[{"start":0,"end":12,"url":null,"entity_id":"Q34467","candidates":[]}]],[[{"start":0,"end":11,"url":null,"entity_id":"Q926534","candidates":[]}],[],[{"start":0,"end":12,"url":null,"entity_id":"Q34467","candidates":[]}]],[[{"start":0,"end":9,"url":null,"entity_id":"Q922152","candidates":[]}],[],[{"start":0,"end":12,"url":null,"entity_id":"Q34467","candidates":[]}]],[[{"start":0,"end":24,"url":null,"entity_id":"Q917493","candidates":[]}],[],[{"start":0,"end":12,"url":null,"entity_id":"Q34467","candidates":[]}]],[[{"start":0,"end":15,"url":null,"entity_id":"Q913561","candidates":[]}],[],[{"start":0,"end":12,"url":null,"entity_id":"Q34467","candidates":[]}]],[[{"start":0,"end":18,"url":null,"entity_id":"Q539943","candidates":[]}],[],[{"start":0,"end":6,"url":null,"entity_id":"Q58959170","candidates":[]}]],[[{"start":0,"end":7,"url":null,"entity_id":"Q537983","candidates":[]}],[],[{"start":0,"end":9,"url":null,"entity_id":"Q841983","candidates":[]}]],[[{"start":0,"end":12,"url":null,"entity_id":"Q515341","candidates":[]}],[],[{"start":0,"end":9,"url":null,"entity_id":"Q841983","candidates":[]}]],[[{"start":0,"end":8,"url":null,"entity_id":"Q511630","candidates":[]}],[],[{"start":0,"end":9,"url":null,"entity_id":"Q841983","candidates":[]}]],[[{"start":0,"end":8,"url":null,"entity_id":"Q411032","candidates":[]}],[],[{"start":0,"end":9,"url":null,"entity_id":"Q841983","candidates":[]}]],[[{"start":0,"end":12,"url":null,"entity_id":"Q558969","candidates":[]}],[],[{"start":0,"end":17,"url":null,"entity_id":"Q178588","candidates":[]}]],[[{"start":0,"end":22,"url":null,"entity_id":"Q536336","candidates":[]}],[],[{"start":0,"end":17,"url":null,"entity_id":"Q178588","candidates":[]}]],[[{"start":0,"end":10,"url":null,"entity_id":"Q525160","candidates":[]}],[],[{"start":0,"end":17,"url":null,"entity_id":"Q178588","candidates":[]}]],[[{"start":0,"end":10,"url":null,"entity_id":"Q545699","candidates":[]}],[],[{"start":0,"end":12,"url":null,"entity_id":"Q34467","candidates":[]}]],[[{"start":0,"end":24,"url":null,"entity_id":"Q540943","candidates":[]}],[],[{"start":0,"end":12,"url":null,"entity_id":"Q34467","candidates":[]}]],[[{"start":0,"end":18,"url":null,"entity_id":"Q532004","candidates":[]}],[],[{"start":0,"end":12,"url":null,"entity_id":"Q34467","candidates":[]}]],[[{"start":0,"end":20,"url":null,"entity_id":"Q270001","candidates":[]}],[],[{"start":0,"end":12,"url":null,"entity_id":"Q34467","candidates":[]}]]]}