{"version":"1.2","table":{"version":"2","table_id":"IFOQH4OE","columns":[{"index":0,"name":"col0","values":["Banī al ‘Ātī","Banī aţ Ţarabī","Banī aḑ Ḑubaybī","Banī aḑ Ḑāḩatayn","Banī ash Shī‘ī","Banī aş Şaghīr","Banī ash Shawmī","Banī ash Shuwayshī","Banī ash Shamākh","Banī az Zakrī","Banī as Sayāgh","Banī ar Ramād","Banī ar Rā‘ī","Banī al Dhawād","Banī adh Dhawlānī","Banī Khayāţ","Banī al Ḩusām","Banī al Ḩakam","Banī al Ḩarāzī","Banī al Ḩudhayfī","Banī al Ḩaddād","Banī al Ḩaddād","Banī al Ḩajāj","Banī al Ḩubayshī","Banī al Ḩārith","Banī al Ḩārith","Banī al Ḩārith","Banī al Ja‘d","Banī al Jarādī","Banī al Barah","Banī ath Thumaylī","Banī al Badī","Banī al Baḩrī","Banī al Ashram","Banī al Azrāq","Banī A‘sir","Banī Ismā‘īl","Banī As‘ad","Banī Asa‘d","Banī As‘ad","Banī As‘ad","Banī Asad","Banī Isḩāq"]},{"index":1,"name":"col1","values":["2062","1839","12943","4050","1469","559","3921","2375","1310","565","4498","317","2463","4461","2338","8487","2078","9254","1514","4244","888","10059","709","703","1458","5620","4069","2642","1838","6687","740","2747","815","1178","617","679","2456","1146","5482","1155","2249","915","778"]},{"index":2,"name":"col2","values":["1906","1844","13176","5247","1408","581","3779","2701","1363","677","4311","258","2340","4157","2262","8391","2333","8640","1796","4004","940","7000","668","790","1439","5291","4941","2915","1892","6212","876","2746","994","1175","637","680","2533","1142","5620","1161","2556","876","944"]},{"index":3,"name":"col3","values":["18","2069","1886","2372","1912","2310","757","1098","1157","1661","2872","1250","2944","1739","2383","1988","1424","99","1366","1263","2454","81","1539","1491","1392","1380","2723","841","1530","138","1891","1457","2027","1412","1211","776","1822","1569","1976","2199","822","2591","1347"]}]},"context":{"page_title":null,"page_url":null,"page_entity_id":null,"content_hierarchy":[]},"links":[[[{"start":0,"end":14,"url":null,"entity_id":"Q12226113","candidates":[]}],[],[],[]],[[{"start":0,"end":15,"url":null,"entity_id":"Q12226112","candidates":[]}],[],[],[]],[[{"start":0,"end":16,"url":null,"entity_id":"Q12226111","candidates":[]}],[],[],[]],[[{"start":0,"end":14,"url":null,"entity_id":"Q12226110","candidates":[]}],[],[],[]],[[{"start":0,"end":14,"url":null,"entity_id":"Q12226109","candidates":[]}],[],[],[]],[[{"start":0,"end":15,"url":null,"entity_id":"Q12226108","candidates":[]}],[],[],[]],[[{"start":0,"end":18,"url":null,"entity_id":"Q12226107","candidates":[]}],[],[],[]],[[{"start":0,"end":16,"url":null,"entity_id":"Q12226106","candidates":[]}],[],[],[]],[[{"start":0,"end":13,"url":null,"entity_id":"Q12226105","candidates":[]}],[],[],[]],[[{"start":0,"end":14,"url":null,"entity_id":"Q12226104","candidates":[]}],[],[],[]],[[{"start":0,"end":13,"url":null,"entity_id":"Q12226102","candidates":[]}],[],[],[]],[[{"start":0,"end":12,"url":null,"entity_id":"Q12226101","candidates":[]}],[],[],[]],[[{"start":0,"end":14,"url":null,"entity_id":"Q12226100","candidates":[]}],[],[],[]],[[{"start":0,"end":17,"url":null,"entity_id":"Q12226099","candidates":[]}],[],[],[]],[[{"start":0,"end":11,"url":null,"entity_id":"Q12226098","candidates":[]}],[],[],[]],[[{"start":0,"end":13,"url":null,"entity_id":"Q12226097","candidates":[]}],[],[],[]],[[{"start":0,"end":13,"url":null,"entity_id":"Q12226096","candidates":[]}],[],[],[]],[[{"start":0,"end":14,"url":null,"entity_id":"Q12226095","candidates":[]}],[],[],[]],[[{"start":0,"end":16,"url":null,"entity_id":"Q12226094","candidates":[]}],[],[],[]],[[{"start":0,"end":14,"url":null,"entity_id":"Q12226093","candidates":[]}],[],[],[]],[[{"start":0,"end":14,"url":null,"entity_id":"Q12226092","candidates":[]}],[],[],[]],[[{"start":0,"end":13,"url":null,"entity_id":"Q12226091","candidates":[]}],[],[],[]],[[{"start":0,"end":16,"url":null,"entity_id":"Q12226090","candidates":[]}],[],[],[]],[[{"start":0,"end":14,"url":null,"entity_id":"Q12226089","candidates":[]}],[],[],[]],[[{"start":0,"end":14,"url":null,"entity_id":"Q12226087","candidates":[]}],[],[],[]],[[{"start":0,"end":14,"url":null,"entity_id":"Q12226086","candidates":[]}],[],[],[]],[[{"start":0,"end":12,"url":null,"entity_id":"Q12226084","candidates":[]}],[],[],[]],[[{"start":0,"end":14,"url":null,"entity_id":"Q12226083","candidates":[]}],[],[],[]],[[{"start":0,"end":13,"url":null,"entity_id":"Q12226082","candidates":[]}],[],[],[]],[[{"start":0,"end":17,"url":null,"entity_id":"Q12226081","candidates":[]}],[],[],[]],[[{"start":0,"end":12,"url":null,"entity_id":"Q12226080","candidates":[]}],[],[],[]],[[{"start":0,"end":13,"url":null,"entity_id":"Q12226079","candidates":[]}],[],[],[]],[[{"start":0,"end":14,"url":null,"entity_id":"Q12226078","candidates":[]}],[],[],[]],[[{"start":0,"end":13,"url":null,"entity_id":"Q12226077","candidates":[]}],[],[],[]],[[{"start":0,"end":10,"url":null,"entity_id":"Q12226076","candidates":[]}],[],[],[]],[[{"start":0,"end":12,"url":null,"entity_id":"Q12226075","candidates":[]}],[],[],[]],[[{"start":0,"end":10,"url":null,"entity_id":"Q12226074","candidates":[]}],[],[],[]],[[{"start":0,"end":10,"url":null,"entity_id":"Q12226073","candidates":[]}],[],[],[]],[[{"start":0,"end":10,"url":null,"entity_id":"Q12226072","candidates":[]}],[],[],[]],[[{"start":0,"end":10,"url":null,"entity_id":"Q12226071","candidates":[]}],[],[],[]],[[{"start":0,"end":9,"url":null,"entity_id":"Q12226070","candidates":[]}],[],[],[]],[[{"start":0,"end":10,"url":null,"entity_id":"Q12226069","candidates":[]}],[],[],[]],[[{"start":0,"end":12,"url":null,"entity_id":"Q12226114","candidates":[]}],[],[],[]]]}