{"version":"1.2","table":{"version":"2","table_id":"IGKVRWI3","columns":[{"index":0,"name":"col0","values":["Ldc-Juimlet","Lac-Lacques-Cartier","Lac-Huro","Lac-Grant","Lad-Ernest","Lc-Duparquet","Lc-Despinassy","Lac-Douair","La-Devenyns","Lac-De La Bidèrg","Lac-Crofhe","Lac/Chicobi","La-Casault","Lac-Eabasta","ac-Boulé","Lac-Bisbouscah","Lac0Blac","Nac-Bazinet","Lac-Athuapmushuan","LacAlfred"]},{"index":1,"name":"col1","values":["0.0","0.0","10.09","0.0","0.0","0.0","10.0","4.96","0.0","0.0","0.0","137.224","0.0","0.0","0.0","0.0","0.0","0.0","36.216","0.0"]},{"index":2,"name":"col2","values":["3531.318","4294.9728","960.4735","218.05302","378.8295","114.47554","1845.05371","2131.404","101.1318","1669.2318","1758.4191999999998","728.0282000000001","1428.692","5.88174","24.4488","101.49459999999999","563.2575999999999","1682.129","15149.676800000001","76.5877"]}]},"context":{"page_title":null,"page_url":null,"page_entity_id":null,"content_hierarchy":[]},"links":[[[{"start":0,"end":19,"url":null,"entity_id":"Q3214614","candidates":[]}],[],[]],[[{"start":0,"end":8,"url":null,"entity_id":"Q3214612","candidates":[]}],[],[]],[[{"start":0,"end":9,"url":null,"entity_id":"Q3214611","candidates":[]}],[],[]],[[{"start":0,"end":10,"url":null,"entity_id":"Q3214606","candidates":[]}],[],[]],[[{"start":0,"end":12,"url":null,"entity_id":"Q3214605","candidates":[]}],[],[]],[[{"start":0,"end":13,"url":null,"entity_id":"Q3214602","candidates":[]}],[],[]],[[{"start":0,"end":10,"url":null,"entity_id":"Q3214601","candidates":[]}],[],[]],[[{"start":0,"end":11,"url":null,"entity_id":"Q3214600","candidates":[]}],[],[]],[[{"start":0,"end":16,"url":null,"entity_id":"Q3214599","candidates":[]}],[],[]],[[{"start":0,"end":10,"url":null,"entity_id":"Q3214598","candidates":[]}],[],[]],[[{"start":0,"end":11,"url":null,"entity_id":"Q3214597","candidates":[]}],[],[]],[[{"start":0,"end":10,"url":null,"entity_id":"Q3214596","candidates":[]}],[],[]],[[{"start":0,"end":11,"url":null,"entity_id":"Q3214592","candidates":[]}],[],[]],[[{"start":0,"end":8,"url":null,"entity_id":"Q3214590","candidates":[]}],[],[]],[[{"start":0,"end":14,"url":null,"entity_id":"Q3214589","candidates":[]}],[],[]],[[{"start":0,"end":8,"url":null,"entity_id":"Q3214588","candidates":[]}],[],[]],[[{"start":0,"end":11,"url":null,"entity_id":"Q3214585","candidates":[]}],[],[]],[[{"start":0,"end":17,"url":null,"entity_id":"Q3214584","candidates":[]}],[],[]],[[{"start":0,"end":9,"url":null,"entity_id":"Q3214583","candidates":[]}],[],[]],[[{"start":0,"end":11,"url":null,"entity_id":"Q3214617","candidates":[]}],[],[]]]}