{"version":"1.2","table":{"version":"2","table_id":"II7P52IC","columns":[{"index":0,"name":"col0","values":["Mokva Cathedral","Dormition Cathedral","Dormition of the Theotokos Cathedral","Dormition Cathedral","Dormition Cathedral","Holy Assumption Cathedral Church","Bagrati Cathedral","St. Basil's Cathedral","Ss. Boris and Gleb Cathedral, Daugavpils","Kazan Cathedral, St. Petersburg","Cathedral of the Nativity of the Blessed Virgin Mary","Tbilisi Sioni Cathedral","Alexander Nevsky Cathedral","Alexander Nevsky Cathedral","Alexander Nevsky Cathedral","Metropolitan Cathedral of Athens","Cathedral of Saint Sava","Yelokhovo Cathedral","Novocherkassk Cathedral","Ascension Cathedral, Almaty"]},{"index":1,"name":"col1","values":["Orthodox Christianity","Catholicism","Bulgarian Orthodox Church","Orthodox Christianity","Orthodox Christianity","Catholicism","Georgian Orthodox Church","Orthodox Christianity","Orthodox Christianity","Orthodox Christianity","Orthodox Christianity","Orthodox Christianity","Eastern Orthodox Church","Bulgarian Orthodox Church","Orthodox Christianity","Eastern Orthodox Church","Serbian Orthodox Church","Orthodox Christianity","Orthodox Christianity","Russian Orthodox Church"]},{"index":2,"name":"col2","values":["0901-01-01","1657-01-01","1880-01-01","1158-01-01","1475-01-01","1871-01-01","1100-01-01","1555-01-01","1904-01-01","1801-01-01","1854-01-01","0601-01-01","1895-01-01","1882-01-01","1912-01-01","1862-01-01","1935-01-01","1853-01-01","1904-01-01","1907-01-01"]},{"index":3,"name":"col3","values":["Ochamchira District","Kharkiv","Varna","Vladimir","Moscow","Tashkent","Kutaisi","Moscow","Daugavpils","Saint Petersburg","Rostov-on-Don","Tbilisi","Tallinn City","Oborishte District","Warsaw","Athens","Belgrade","Basmanny District","Novocherkassk","Almaty"]},{"index":4,"name":"col4","values":["Dormition of the Theotokos","Dormition of the Theotokos","Dormition of the Theotokos","Dormition of the Theotokos","Dormition of the Theotokos","Dormition of the Theotokos","Intercession of the Theotokos","Intercession of the Theotokos","Boris and Gleb","Our Lady of Kazan","Nativity of Mary","Mount Zion","Alexander Nevsky","Alexander Nevsky","Alexander Nevsky","Annunciation","Saint Sava","Epiphany","Feast of the Ascension","Feast of the Ascension"]}]},"context":{"page_title":null,"page_url":null,"page_entity_id":null,"content_hierarchy":[]},"links":[[[{"start":0,"end":19,"url":null,"entity_id":"Q2381859","candidates":[]}],[{"start":0,"end":11,"url":null,"entity_id":"Q1841","candidates":[]}],[],[{"start":0,"end":7,"url":null,"entity_id":"Q42308","candidates":[]}],[{"start":0,"end":26,"url":null,"entity_id":"Q4069073","candidates":[]}]],[[{"start":0,"end":36,"url":null,"entity_id":"Q2655068","candidates":[]}],[{"start":0,"end":25,"url":null,"entity_id":"Q242758","candidates":[]}],[],[{"start":0,"end":5,"url":null,"entity_id":"Q6506","candidates":[]}],[{"start":0,"end":26,"url":null,"entity_id":"Q4069073","candidates":[]}]],[[{"start":0,"end":19,"url":null,"entity_id":"Q775487","candidates":[]}],[{"start":0,"end":21,"url":null,"entity_id":"Q3333484","candidates":[]}],[],[{"start":0,"end":8,"url":null,"entity_id":"Q2684","candidates":[]}],[{"start":0,"end":26,"url":null,"entity_id":"Q4069073","candidates":[]}]],[[{"start":0,"end":19,"url":null,"entity_id":"Q748910","candidates":[]}],[{"start":0,"end":21,"url":null,"entity_id":"Q3333484","candidates":[]}],[],[{"start":0,"end":6,"url":null,"entity_id":"Q649","candidates":[]}],[{"start":0,"end":26,"url":null,"entity_id":"Q4069073","candidates":[]}]],[[{"start":0,"end":32,"url":null,"entity_id":"Q569986","candidates":[]}],[{"start":0,"end":11,"url":null,"entity_id":"Q1841","candidates":[]}],[],[{"start":0,"end":8,"url":null,"entity_id":"Q269","candidates":[]}],[{"start":0,"end":26,"url":null,"entity_id":"Q4069073","candidates":[]}]],[[{"start":0,"end":17,"url":null,"entity_id":"Q37222","candidates":[]}],[{"start":0,"end":24,"url":null,"entity_id":"Q192173","candidates":[]}],[],[{"start":0,"end":7,"url":null,"entity_id":"Q172415","candidates":[]}],[{"start":0,"end":29,"url":null,"entity_id":"Q1410684","candidates":[]}]],[[{"start":0,"end":21,"url":null,"entity_id":"Q129846","candidates":[]}],[{"start":0,"end":21,"url":null,"entity_id":"Q3333484","candidates":[]}],[],[{"start":0,"end":6,"url":null,"entity_id":"Q649","candidates":[]}],[{"start":0,"end":29,"url":null,"entity_id":"Q1410684","candidates":[]}]],[[{"start":0,"end":40,"url":null,"entity_id":"Q893597","candidates":[]}],[{"start":0,"end":21,"url":null,"entity_id":"Q3333484","candidates":[]}],[],[{"start":0,"end":10,"url":null,"entity_id":"Q80021","candidates":[]}],[{"start":0,"end":14,"url":null,"entity_id":"Q893813","candidates":[]}]],[[{"start":0,"end":31,"url":null,"entity_id":"Q404571","candidates":[]}],[{"start":0,"end":21,"url":null,"entity_id":"Q3333484","candidates":[]}],[],[{"start":0,"end":16,"url":null,"entity_id":"Q656","candidates":[]}],[{"start":0,"end":17,"url":null,"entity_id":"Q540173","candidates":[]}]],[[{"start":0,"end":52,"url":null,"entity_id":"Q2600681","candidates":[]}],[{"start":0,"end":21,"url":null,"entity_id":"Q3333484","candidates":[]}],[],[{"start":0,"end":13,"url":null,"entity_id":"Q908","candidates":[]}],[{"start":0,"end":16,"url":null,"entity_id":"Q501107","candidates":[]}]],[[{"start":0,"end":23,"url":null,"entity_id":"Q248050","candidates":[]}],[{"start":0,"end":21,"url":null,"entity_id":"Q3333484","candidates":[]}],[],[{"start":0,"end":7,"url":null,"entity_id":"Q994","candidates":[]}],[{"start":0,"end":10,"url":null,"entity_id":"Q332444","candidates":[]}]],[[{"start":0,"end":26,"url":null,"entity_id":"Q568214","candidates":[]}],[{"start":0,"end":23,"url":null,"entity_id":"Q35032","candidates":[]}],[],[{"start":0,"end":12,"url":null,"entity_id":"Q4450503","candidates":[]}],[{"start":0,"end":16,"url":null,"entity_id":"Q174044","candidates":[]}]],[[{"start":0,"end":26,"url":null,"entity_id":"Q43282","candidates":[]}],[{"start":0,"end":25,"url":null,"entity_id":"Q242758","candidates":[]}],[],[{"start":0,"end":18,"url":null,"entity_id":"Q3658289","candidates":[]}],[{"start":0,"end":16,"url":null,"entity_id":"Q174044","candidates":[]}]],[[{"start":0,"end":26,"url":null,"entity_id":"Q2091893","candidates":[]}],[{"start":0,"end":21,"url":null,"entity_id":"Q3333484","candidates":[]}],[],[{"start":0,"end":6,"url":null,"entity_id":"Q270","candidates":[]}],[{"start":0,"end":16,"url":null,"entity_id":"Q174044","candidates":[]}]],[[{"start":0,"end":32,"url":null,"entity_id":"Q981372","candidates":[]}],[{"start":0,"end":23,"url":null,"entity_id":"Q35032","candidates":[]}],[],[{"start":0,"end":6,"url":null,"entity_id":"Q1524","candidates":[]}],[{"start":0,"end":12,"url":null,"entity_id":"Q154326","candidates":[]}]],[[{"start":0,"end":23,"url":null,"entity_id":"Q330385","candidates":[]}],[{"start":0,"end":23,"url":null,"entity_id":"Q188814","candidates":[]}],[],[{"start":0,"end":8,"url":null,"entity_id":"Q3711","candidates":[]}],[{"start":0,"end":10,"url":null,"entity_id":"Q138465","candidates":[]}]],[[{"start":0,"end":19,"url":null,"entity_id":"Q401613","candidates":[]}],[{"start":0,"end":21,"url":null,"entity_id":"Q3333484","candidates":[]}],[],[{"start":0,"end":17,"url":null,"entity_id":"Q1669860","candidates":[]}],[{"start":0,"end":8,"url":null,"entity_id":"Q132001","candidates":[]}]],[[{"start":0,"end":23,"url":null,"entity_id":"Q759600","candidates":[]}],[{"start":0,"end":21,"url":null,"entity_id":"Q3333484","candidates":[]}],[],[{"start":0,"end":13,"url":null,"entity_id":"Q175452","candidates":[]}],[{"start":0,"end":22,"url":null,"entity_id":"Q51638","candidates":[]}]],[[{"start":0,"end":27,"url":null,"entity_id":"Q1078589","candidates":[]}],[{"start":0,"end":23,"url":null,"entity_id":"Q60995","candidates":[]}],[],[{"start":0,"end":6,"url":null,"entity_id":"Q35493","candidates":[]}],[{"start":0,"end":22,"url":null,"entity_id":"Q51638","candidates":[]}]],[[{"start":0,"end":15,"url":null,"entity_id":"Q2256670","candidates":[]}],[{"start":0,"end":21,"url":null,"entity_id":"Q3333484","candidates":[]}],[],[{"start":0,"end":19,"url":null,"entity_id":"Q621000","candidates":[]}],[{"start":0,"end":26,"url":null,"entity_id":"Q4069073","candidates":[]}]]]}