{"version":"1.2","table":{"version":"2","table_id":"IIUN2L1K","columns":[{"index":0,"name":"col0","values":["Vorarlberghalle","Volgar Sports Palace","Chicago Coliseum","Autzen Stadium","Tønsberg Ishall","Hellinikon Fencing Hall","PhilSports Arena","Titan Gym","Ankara Arena","McLean Park","Nevill Ground","Peace and Friendship Stadium","Estadio Kenny Sarracín","Peoples Natural Gas Field","Baseball Park","Chickasaw Bricktown Ballpark","Victory Field","Bastion Road","Baseball Grounds of Jacksonville","Estadio Roy Fearon"]},{"index":1,"name":"col1","values":["5200","2900","6000","53800","400","5000","10000","4000","10400","19700","6000","11554","10000","7210","4000","13066","12202","2300","11000","8000"]},{"index":2,"name":"col2","values":["ice hockey","ice hockey","ice hockey","American football","figure skating","fencing","badminton","badminton","badminton","cricket","cricket","basketball","baseball","baseball","baseball","baseball","baseball","association football","association football","association football"]}]},"context":{"page_title":null,"page_url":null,"page_entity_id":null,"content_hierarchy":[]},"links":[[[{"start":0,"end":20,"url":null,"entity_id":"Q2381919","candidates":[]}],[],[{"start":0,"end":10,"url":null,"entity_id":"Q41466","candidates":[]}]],[[{"start":0,"end":16,"url":null,"entity_id":"Q2370898","candidates":[]}],[],[{"start":0,"end":10,"url":null,"entity_id":"Q41466","candidates":[]}]],[[{"start":0,"end":14,"url":null,"entity_id":"Q2873102","candidates":[]}],[],[{"start":0,"end":17,"url":null,"entity_id":"Q41323","candidates":[]}]],[[{"start":0,"end":15,"url":null,"entity_id":"Q2464221","candidates":[]}],[],[{"start":0,"end":14,"url":null,"entity_id":"Q38108","candidates":[]}]],[[{"start":0,"end":23,"url":null,"entity_id":"Q2756159","candidates":[]}],[],[{"start":0,"end":7,"url":null,"entity_id":"Q12100","candidates":[]}]],[[{"start":0,"end":16,"url":null,"entity_id":"Q2616959","candidates":[]}],[],[{"start":0,"end":9,"url":null,"entity_id":"Q7291","candidates":[]}]],[[{"start":0,"end":9,"url":null,"entity_id":"Q2436828","candidates":[]}],[],[{"start":0,"end":9,"url":null,"entity_id":"Q7291","candidates":[]}]],[[{"start":0,"end":12,"url":null,"entity_id":"Q2413840","candidates":[]}],[],[{"start":0,"end":9,"url":null,"entity_id":"Q7291","candidates":[]}]],[[{"start":0,"end":11,"url":null,"entity_id":"Q2743469","candidates":[]}],[],[{"start":0,"end":7,"url":null,"entity_id":"Q5375","candidates":[]}]],[[{"start":0,"end":13,"url":null,"entity_id":"Q2378197","candidates":[]}],[],[{"start":0,"end":7,"url":null,"entity_id":"Q5375","candidates":[]}]],[[{"start":0,"end":28,"url":null,"entity_id":"Q2720176","candidates":[]}],[],[{"start":0,"end":10,"url":null,"entity_id":"Q5372","candidates":[]}]],[[{"start":0,"end":22,"url":null,"entity_id":"Q2918496","candidates":[]}],[],[{"start":0,"end":8,"url":null,"entity_id":"Q5369","candidates":[]}]],[[{"start":0,"end":25,"url":null,"entity_id":"Q2905736","candidates":[]}],[],[{"start":0,"end":8,"url":null,"entity_id":"Q5369","candidates":[]}]],[[{"start":0,"end":13,"url":null,"entity_id":"Q2886684","candidates":[]}],[],[{"start":0,"end":8,"url":null,"entity_id":"Q5369","candidates":[]}]],[[{"start":0,"end":28,"url":null,"entity_id":"Q2819527","candidates":[]}],[],[{"start":0,"end":8,"url":null,"entity_id":"Q5369","candidates":[]}]],[[{"start":0,"end":13,"url":null,"entity_id":"Q2748815","candidates":[]}],[],[{"start":0,"end":8,"url":null,"entity_id":"Q5369","candidates":[]}]],[[{"start":0,"end":12,"url":null,"entity_id":"Q2887731","candidates":[]}],[],[{"start":0,"end":20,"url":null,"entity_id":"Q2736","candidates":[]}]],[[{"start":0,"end":32,"url":null,"entity_id":"Q2886675","candidates":[]}],[],[{"start":0,"end":20,"url":null,"entity_id":"Q2736","candidates":[]}]],[[{"start":0,"end":18,"url":null,"entity_id":"Q2880486","candidates":[]}],[],[{"start":0,"end":20,"url":null,"entity_id":"Q2736","candidates":[]}]],[[{"start":0,"end":15,"url":null,"entity_id":"Q2533564","candidates":[]}],[],[{"start":0,"end":10,"url":null,"entity_id":"Q41466","candidates":[]}]]]}