{"version":"1.2","table":{"version":"2","table_id":"4T1K7SJL","columns":[{"index":0,"name":"col0","values":["Holf de Fontainebleau","Augusta Ndtional Golf Club","Golf deBiarritz","Celtic Manor Resot","Valderrama Golf Clb","Royal Gof Club des Fagnes","Toyal Melbourne Golf Club","Royal Amicale Anderlecht Golf Coub","Royal Montrea Golf Club","Pebble Beach Golf inks","Sotograne","Golf de Chantllly","Golf de Rougemonw","Gol du Bercuit","Durbu golf course","Koninklijke Golf Cub van België","Golf de SaintNom-la-Bretèche","Golf!Barrière de Saint-Julien","Loch Lomond!Golf Club","Crail Golfing Socety"]},{"index":1,"name":"col1","values":["Fontainebleau","Augusta","Biarritz","Newport","Cádiz Province","Spa","Victoria","Anderlecht","Montreal","California","Campo de Gibraltar","Vineuil-Saint-Firmin","Profondeville","Grez-Doiceau","Durbuy","Tervuren","Saint-Nom-la-Bretèche","Pont-l'Évêque","Argyll and Bute","Fife"]},{"index":2,"name":"col2","values":["1909/01/01","1930/01/01","1888/01/01","1982/01/01","1974/01/01","1930/01/01","1891/01/01","1988/01/01","1873/01/01","1919/01/01","1964/01/01","1909/09/27","1986/01/01","1965/01/01","1987/01/01","1906/01/01","1959/01/01","1989/01/01","1993/01/01","1786/01/01"]}]},"context":{"page_title":null,"page_url":null,"page_entity_id":null,"content_hierarchy":[]},"links":[[[{"start":0,"end":26,"url":null,"entity_id":"Q765780","candidates":[]}],[{"start":0,"end":7,"url":null,"entity_id":"Q181962","candidates":[]}],[]],[[{"start":0,"end":15,"url":null,"entity_id":"Q1975585","candidates":[]}],[{"start":0,"end":8,"url":null,"entity_id":"Q132790","candidates":[]}],[]],[[{"start":0,"end":18,"url":null,"entity_id":"Q776721","candidates":[]}],[{"start":0,"end":7,"url":null,"entity_id":"Q101254","candidates":[]}],[]],[[{"start":0,"end":19,"url":null,"entity_id":"Q1459882","candidates":[]}],[{"start":0,"end":14,"url":null,"entity_id":"Q81978","candidates":[]}],[]],[[{"start":0,"end":25,"url":null,"entity_id":"Q1808443","candidates":[]}],[{"start":0,"end":3,"url":null,"entity_id":"Q39865","candidates":[]}],[]],[[{"start":0,"end":25,"url":null,"entity_id":"Q607620","candidates":[]}],[{"start":0,"end":8,"url":null,"entity_id":"Q36687","candidates":[]}],[]],[[{"start":0,"end":34,"url":null,"entity_id":"Q2034179","candidates":[]}],[{"start":0,"end":10,"url":null,"entity_id":"Q12886","candidates":[]}],[]],[[{"start":0,"end":23,"url":null,"entity_id":"Q1420672","candidates":[]}],[{"start":0,"end":8,"url":null,"entity_id":"Q340","candidates":[]}],[]],[[{"start":0,"end":22,"url":null,"entity_id":"Q534974","candidates":[]}],[{"start":0,"end":10,"url":null,"entity_id":"Q99","candidates":[]}],[]],[[{"start":0,"end":9,"url":null,"entity_id":"Q2223797","candidates":[]}],[{"start":0,"end":18,"url":null,"entity_id":"Q1116986","candidates":[]}],[]],[[{"start":0,"end":17,"url":null,"entity_id":"Q2279468","candidates":[]}],[{"start":0,"end":20,"url":null,"entity_id":"Q752096","candidates":[]}],[]],[[{"start":0,"end":17,"url":null,"entity_id":"Q2371463","candidates":[]}],[{"start":0,"end":13,"url":null,"entity_id":"Q696940","candidates":[]}],[]],[[{"start":0,"end":14,"url":null,"entity_id":"Q2492208","candidates":[]}],[{"start":0,"end":12,"url":null,"entity_id":"Q670310","candidates":[]}],[]],[[{"start":0,"end":17,"url":null,"entity_id":"Q2395261","candidates":[]}],[{"start":0,"end":6,"url":null,"entity_id":"Q497697","candidates":[]}],[]],[[{"start":0,"end":31,"url":null,"entity_id":"Q2236392","candidates":[]}],[{"start":0,"end":8,"url":null,"entity_id":"Q456544","candidates":[]}],[]],[[{"start":0,"end":28,"url":null,"entity_id":"Q2356381","candidates":[]}],[{"start":0,"end":21,"url":null,"entity_id":"Q244119","candidates":[]}],[]],[[{"start":0,"end":29,"url":null,"entity_id":"Q2523811","candidates":[]}],[{"start":0,"end":13,"url":null,"entity_id":"Q221517","candidates":[]}],[]],[[{"start":0,"end":21,"url":null,"entity_id":"Q2244563","candidates":[]}],[{"start":0,"end":15,"url":null,"entity_id":"Q202174","candidates":[]}],[]],[[{"start":0,"end":20,"url":null,"entity_id":"Q2528067","candidates":[]}],[{"start":0,"end":4,"url":null,"entity_id":"Q201149","candidates":[]}],[]],[[{"start":0,"end":21,"url":null,"entity_id":"Q510447","candidates":[]}],[{"start":0,"end":13,"url":null,"entity_id":"Q182872","candidates":[]}],[]]]}