{"version":"1.2","table":{"version":"2","table_id":"4TIP39V4","columns":[{"index":0,"name":"col0","values":["Novara","Palermo","Forlì","Massa","Matera","Pesaro","Cosenza","Lucca","Prato","Agrigento","Novi Ligure","Rieti","Brindisi","Pistoia","Teramo","Taranto","Casale Monferrato","Sassari","Piacenza","Benevento"]},{"index":1,"name":"col1","values":["Province of Novara","Metropolitan City of Palermo","Province of Forlì-Cesena","Province of Massa-Carrara","Province of Matera","Pesaro and Urbino Province","Calabria","Province of Lucca","Province of Prato","Province of Agrigento","Province of Alessandria","Province of Rieti","Province of Brindisi","Province of Pistoia","Province of Teramo","Province of Taranto","Province of Alessandria","Province of Sassari","Province of Piacenza","Benevento Province"]},{"index":2,"name":"col2","values":["Stadio Silvio Piola (Novara)","Stadio Renzo Barbera","Stadio Tullo Morgagni","Stadio degli Oliveti","Stadio XXI Settembre-Franco Salerno","Stadio Tonino Benelli","Stadio San Vito","Stadio Porta Elisa","Stadio Lungobisenzio","Stadio Esseneto","Stadio Costante Girardengo","Stadio Centro d'Italia – Manlio Scopigno","PalaPentassuglia","PalaFermi","Stadio Gaetano Bonolis","Stadio Erasmo Iacovone","Stadio Natale Palli","Stadio Vanni Sanna","Stadio Leonardo Garilli","Stadio Ciro Vigorito"]}]},"context":{"page_title":null,"page_url":null,"page_entity_id":null,"content_hierarchy":[]},"links":[[[{"start":0,"end":7,"url":null,"entity_id":"Q2656","candidates":[]}],[{"start":0,"end":28,"url":null,"entity_id":"Q20795016","candidates":[]}],[{"start":0,"end":20,"url":null,"entity_id":"Q28500","candidates":[]}]],[[{"start":0,"end":5,"url":null,"entity_id":"Q13367","candidates":[]}],[{"start":0,"end":24,"url":null,"entity_id":"Q16180","candidates":[]}],[{"start":0,"end":21,"url":null,"entity_id":"Q9341098","candidates":[]}]],[[{"start":0,"end":5,"url":null,"entity_id":"Q13370","candidates":[]}],[{"start":0,"end":25,"url":null,"entity_id":"Q16205","candidates":[]}],[{"start":0,"end":20,"url":null,"entity_id":"Q3967926","candidates":[]}]],[[{"start":0,"end":6,"url":null,"entity_id":"Q13616","candidates":[]}],[{"start":0,"end":18,"url":null,"entity_id":"Q16206","candidates":[]}],[{"start":0,"end":35,"url":null,"entity_id":"Q3967905","candidates":[]}]],[[{"start":0,"end":6,"url":null,"entity_id":"Q13134","candidates":[]}],[{"start":0,"end":26,"url":null,"entity_id":"Q16241","candidates":[]}],[{"start":0,"end":21,"url":null,"entity_id":"Q3967892","candidates":[]}]],[[{"start":0,"end":7,"url":null,"entity_id":"Q13619","candidates":[]}],[{"start":0,"end":8,"url":null,"entity_id":"Q1458","candidates":[]}],[{"start":0,"end":15,"url":null,"entity_id":"Q3967882","candidates":[]}]],[[{"start":0,"end":5,"url":null,"entity_id":"Q13373","candidates":[]}],[{"start":0,"end":17,"url":null,"entity_id":"Q16202","candidates":[]}],[{"start":0,"end":18,"url":null,"entity_id":"Q3967865","candidates":[]}]],[[{"start":0,"end":5,"url":null,"entity_id":"Q13377","candidates":[]}],[{"start":0,"end":17,"url":null,"entity_id":"Q16250","candidates":[]}],[{"start":0,"end":20,"url":null,"entity_id":"Q3967831","candidates":[]}]],[[{"start":0,"end":9,"url":null,"entity_id":"Q13678","candidates":[]}],[{"start":0,"end":21,"url":null,"entity_id":"Q16112","candidates":[]}],[{"start":0,"end":15,"url":null,"entity_id":"Q3967781","candidates":[]}]],[[{"start":0,"end":11,"url":null,"entity_id":"Q16337","candidates":[]}],[{"start":0,"end":23,"url":null,"entity_id":"Q15097","candidates":[]}],[{"start":0,"end":26,"url":null,"entity_id":"Q3967767","candidates":[]}]],[[{"start":0,"end":5,"url":null,"entity_id":"Q13396","candidates":[]}],[{"start":0,"end":17,"url":null,"entity_id":"Q16267","candidates":[]}],[{"start":0,"end":40,"url":null,"entity_id":"Q3967761","candidates":[]}]],[[{"start":0,"end":8,"url":null,"entity_id":"Q13496","candidates":[]}],[{"start":0,"end":20,"url":null,"entity_id":"Q16148","candidates":[]}],[{"start":0,"end":16,"url":null,"entity_id":"Q3889148","candidates":[]}]],[[{"start":0,"end":7,"url":null,"entity_id":"Q13376","candidates":[]}],[{"start":0,"end":19,"url":null,"entity_id":"Q16245","candidates":[]}],[{"start":0,"end":9,"url":null,"entity_id":"Q3889096","candidates":[]}]],[[{"start":0,"end":6,"url":null,"entity_id":"Q13137","candidates":[]}],[{"start":0,"end":18,"url":null,"entity_id":"Q16284","candidates":[]}],[{"start":0,"end":22,"url":null,"entity_id":"Q3392844","candidates":[]}]],[[{"start":0,"end":7,"url":null,"entity_id":"Q13498","candidates":[]}],[{"start":0,"end":19,"url":null,"entity_id":"Q16283","candidates":[]}],[{"start":0,"end":22,"url":null,"entity_id":"Q2541428","candidates":[]}]],[[{"start":0,"end":17,"url":null,"entity_id":"Q16333","candidates":[]}],[{"start":0,"end":23,"url":null,"entity_id":"Q15097","candidates":[]}],[{"start":0,"end":19,"url":null,"entity_id":"Q2326020","candidates":[]}]],[[{"start":0,"end":7,"url":null,"entity_id":"Q13629","candidates":[]}],[{"start":0,"end":19,"url":null,"entity_id":"Q16272","candidates":[]}],[{"start":0,"end":18,"url":null,"entity_id":"Q2272418","candidates":[]}]],[[{"start":0,"end":8,"url":null,"entity_id":"Q13329","candidates":[]}],[{"start":0,"end":20,"url":null,"entity_id":"Q16243","candidates":[]}],[{"start":0,"end":23,"url":null,"entity_id":"Q2093963","candidates":[]}]],[[{"start":0,"end":9,"url":null,"entity_id":"Q13437","candidates":[]}],[{"start":0,"end":18,"url":null,"entity_id":"Q16134","candidates":[]}],[{"start":0,"end":20,"url":null,"entity_id":"Q1671970","candidates":[]}]],[[{"start":0,"end":6,"url":null,"entity_id":"Q6046","candidates":[]}],[{"start":0,"end":18,"url":null,"entity_id":"Q16216","candidates":[]}],[{"start":0,"end":28,"url":null,"entity_id":"Q94583","candidates":[]}]]]}