{"version":"1.2","table":{"version":"2","table_id":"4TWV7YHC","columns":[{"index":0,"name":"col0","values":["2MASS J08095939-4859111","BKLT J162847-242814","2MASS J05310261+2334020","2MASS J08074194-4908306","2MASS J08094807-4936236","2MASS J08102172-4845417","2MASS J08084459-4934202","2MASS J08083389-4907176","2MASS J08102486-4901495","2MASS J08110234-4916249","2MASS J08092276-4916309","2MASS J08092293-4907575","2MASS J08112074-4913100","2MASS J08091657-4909309","2MASS J08101546-4905487","2MASS J08103812-4912284","2MASS J08091307-4925401","2MASS J08104984-4911258","2MASS J08100380-4901071","2MASS J08103470-4908399"]},{"index":1,"name":"col1","values":["-2.736","-26.439","-18.278","-4.968","-6.124","-2.098","-12.687","-9.08","-8.611","-8.75","-8.749","-8.167","-4.824","-8.686","-7.971","-8.63","-8.544","-8.568","-7.037","-8.722"]},{"index":2,"name":"col2","values":["383.9066","140.4297","168.9275","309.1477","405.7783","4633.9203","302.8192","384.0983","384.3641","383.2739","391.911","392.4493","679.6248","390.1069","400.8337","401.1071","393.98","393.3137","396.8884","381.8689"]},{"index":3,"name":"col3","values":["122.4975166362844","247.1960039506811","82.7609195845673","121.9247354114583","122.4503229285265","122.5904829027985","122.1857988171432","122.1412388086255","122.6036177675424","122.7597656804306","122.3448509378242","122.3455885887537","122.8364065505403","122.3190829454377","122.5643917940681","122.6588781159602","122.3044964572993","122.7077089173146","122.5158283170697","122.6446142180731"]},{"index":4,"name":"col4","values":["1.2","10.81","16.5","17.7","1.7","1.2","53.2","56.3","26.3","30.7","14.4","5.5","1.3","18.8","1.1","9.3","21.7","51.7","62.9","45.5"]}]},"context":{"page_title":null,"page_url":null,"page_entity_id":null,"content_hierarchy":[]},"links":[[[{"start":0,"end":19,"url":null,"entity_id":"Q82419549","candidates":[]}],[],[],[],[]],[[{"start":0,"end":23,"url":null,"entity_id":"Q82047604","candidates":[]}],[],[],[],[]],[[{"start":0,"end":23,"url":null,"entity_id":"Q81903058","candidates":[]}],[],[],[],[]],[[{"start":0,"end":23,"url":null,"entity_id":"Q81901725","candidates":[]}],[],[],[],[]],[[{"start":0,"end":23,"url":null,"entity_id":"Q81894323","candidates":[]}],[],[],[],[]],[[{"start":0,"end":23,"url":null,"entity_id":"Q81894132","candidates":[]}],[],[],[],[]],[[{"start":0,"end":23,"url":null,"entity_id":"Q81670164","candidates":[]}],[],[],[],[]],[[{"start":0,"end":23,"url":null,"entity_id":"Q81670138","candidates":[]}],[],[],[],[]],[[{"start":0,"end":23,"url":null,"entity_id":"Q81668866","candidates":[]}],[],[],[],[]],[[{"start":0,"end":23,"url":null,"entity_id":"Q81668414","candidates":[]}],[],[],[],[]],[[{"start":0,"end":23,"url":null,"entity_id":"Q81668403","candidates":[]}],[],[],[],[]],[[{"start":0,"end":23,"url":null,"entity_id":"Q81667553","candidates":[]}],[],[],[],[]],[[{"start":0,"end":23,"url":null,"entity_id":"Q81667422","candidates":[]}],[],[],[],[]],[[{"start":0,"end":23,"url":null,"entity_id":"Q81666971","candidates":[]}],[],[],[],[]],[[{"start":0,"end":23,"url":null,"entity_id":"Q81666374","candidates":[]}],[],[],[],[]],[[{"start":0,"end":23,"url":null,"entity_id":"Q81665996","candidates":[]}],[],[],[],[]],[[{"start":0,"end":23,"url":null,"entity_id":"Q81665273","candidates":[]}],[],[],[],[]],[[{"start":0,"end":23,"url":null,"entity_id":"Q81664134","candidates":[]}],[],[],[],[]],[[{"start":0,"end":23,"url":null,"entity_id":"Q81663864","candidates":[]}],[],[],[],[]],[[{"start":0,"end":23,"url":null,"entity_id":"Q82513853","candidates":[]}],[],[],[],[]]]}