{"version":"1.2","table":{"version":"2","table_id":"4UJQZK0P","columns":[{"index":0,"name":"col0","values":["HD 320764","V971 Sco","BD+40 175A","HD 190850","BD+34 2259A","BD+40 4368B","HD 110380","V392 Car","CD-60 1967","Cl* NGC 752 VOGT 93","BD+36 365","CPD-24 2240","BD-14 2028","GSC7380-235","HD 204905","HD 208718","HD 20873","HD 20586","HD 20135","HD 202313"]},{"index":1,"name":"col1","values":["Messier 7","Butterfly Cluster","CCDM J00512+4112AB","** STT 4198AB","CCDM J11489+3342AB","BD+40 4368","gam Vir","NGC 2516","NGC 2516","NGC 752","NGC 752","NGC 2362","Messier 47","Butterfly Cluster","IDS 21266+5229","IDS 21530+0528","IDS 03168+2928","** DUN 12AB","Ass Per OB 3","** COU 834AB"]},{"index":2,"name":"col2","values":["268.04124302675547","265.0526702894621","12.79302333","301.6597410494471","177.2322708","314.3908625","190.4147607686542","119.543653400298","119.5536738006621","29.5528919788017","29.367754057231","109.7435180417456","114.1936550499229","265.1047053203767","322.4706533339077","329.506047827045","50.7159303610041","48.795966992228","49.0080264517653","318.5411503057429"]}]},"context":{"page_title":null,"page_url":null,"page_entity_id":null,"content_hierarchy":[]},"links":[[[{"start":0,"end":8,"url":null,"entity_id":"Q12068667","candidates":[]}],[{"start":0,"end":17,"url":null,"entity_id":"Q11225","candidates":[]}],[]],[[{"start":0,"end":10,"url":null,"entity_id":"Q12063593","candidates":[]}],[{"start":0,"end":18,"url":null,"entity_id":"Q85419693","candidates":[]}],[]],[[{"start":0,"end":9,"url":null,"entity_id":"Q12066966","candidates":[]}],[{"start":0,"end":13,"url":null,"entity_id":"Q78179028","candidates":[]}],[]],[[{"start":0,"end":11,"url":null,"entity_id":"Q12063504","candidates":[]}],[{"start":0,"end":18,"url":null,"entity_id":"Q75291511","candidates":[]}],[]],[[{"start":0,"end":11,"url":null,"entity_id":"Q12063663","candidates":[]}],[{"start":0,"end":10,"url":null,"entity_id":"Q74097972","candidates":[]}],[]],[[{"start":0,"end":9,"url":null,"entity_id":"Q12064658","candidates":[]}],[{"start":0,"end":7,"url":null,"entity_id":"Q66477101","candidates":[]}],[]],[[{"start":0,"end":8,"url":null,"entity_id":"Q12064207","candidates":[]}],[{"start":0,"end":8,"url":null,"entity_id":"Q745008","candidates":[]}],[]],[[{"start":0,"end":10,"url":null,"entity_id":"Q12064204","candidates":[]}],[{"start":0,"end":8,"url":null,"entity_id":"Q745008","candidates":[]}],[]],[[{"start":0,"end":19,"url":null,"entity_id":"Q12063601","candidates":[]}],[{"start":0,"end":7,"url":null,"entity_id":"Q725479","candidates":[]}],[]],[[{"start":0,"end":9,"url":null,"entity_id":"Q12063415","candidates":[]}],[{"start":0,"end":7,"url":null,"entity_id":"Q725479","candidates":[]}],[]],[[{"start":0,"end":11,"url":null,"entity_id":"Q12064074","candidates":[]}],[{"start":0,"end":8,"url":null,"entity_id":"Q15086","candidates":[]}],[]],[[{"start":0,"end":10,"url":null,"entity_id":"Q12064004","candidates":[]}],[{"start":0,"end":10,"url":null,"entity_id":"Q13942","candidates":[]}],[]],[[{"start":0,"end":11,"url":null,"entity_id":"Q12064115","candidates":[]}],[{"start":0,"end":17,"url":null,"entity_id":"Q11225","candidates":[]}],[]],[[{"start":0,"end":9,"url":null,"entity_id":"Q12067332","candidates":[]}],[{"start":0,"end":14,"url":null,"entity_id":"Q85772632","candidates":[]}],[]],[[{"start":0,"end":9,"url":null,"entity_id":"Q12067434","candidates":[]}],[{"start":0,"end":14,"url":null,"entity_id":"Q83617973","candidates":[]}],[]],[[{"start":0,"end":8,"url":null,"entity_id":"Q12067436","candidates":[]}],[{"start":0,"end":14,"url":null,"entity_id":"Q83616094","candidates":[]}],[]],[[{"start":0,"end":8,"url":null,"entity_id":"Q12067368","candidates":[]}],[{"start":0,"end":11,"url":null,"entity_id":"Q75539609","candidates":[]}],[]],[[{"start":0,"end":8,"url":null,"entity_id":"Q12067253","candidates":[]}],[{"start":0,"end":12,"url":null,"entity_id":"Q67856749","candidates":[]}],[]],[[{"start":0,"end":9,"url":null,"entity_id":"Q12067267","candidates":[]}],[{"start":0,"end":12,"url":null,"entity_id":"Q66631773","candidates":[]}],[]],[[{"start":0,"end":9,"url":null,"entity_id":"Q12068683","candidates":[]}],[{"start":0,"end":9,"url":null,"entity_id":"Q11234","candidates":[]}],[]]]}