{"version":"1.2","table":{"version":"2","table_id":"4VSOAA6G","columns":[{"index":0,"name":"col0","values":["Agios Nikolaos","Agios Isidoros","Agios Ioannis","Agios Dimitrianos","Axylou","Kelokedhara","Pomos","Ayia Marina Kelokedharon","Ayia Marinoudha","Agia Varvara","Ayia Marina Chrysochous","Zacharia","Asproyia","Kato Arodes","Armou","Pano Archimandrita","Androlykou","Anarita","Mousoulita","Monarga"]},{"index":1,"name":"col1","values":["UTC+02:00","UTC+02:00","UTC+02:00","UTC+02:00","UTC+02:00","UTC+02:00","UTC+02:00","UTC+02:00","UTC+02:00","UTC+02:00","UTC+02:00","UTC+02:00","UTC+02:00","UTC+02:00","UTC+02:00","UTC+02:00","UTC+02:00","UTC+02:00","UTC+02:00","UTC+02:00"]},{"index":2,"name":"col2","values":["Paphos District","Paphos District","Paphos District","Paphos District","Paphos District","Paphos District","Paphos District","Paphos District","Paphos District","Paphos District","Paphos District","Paphos District","Paphos District","Paphos District","Paphos District","Paphos District","Paphos District","Paphos District","Famagusta District","Famagusta District"]}]},"context":{"page_title":null,"page_url":null,"page_entity_id":null,"content_hierarchy":[]},"links":[[[{"start":0,"end":14,"url":null,"entity_id":"Q4831298","candidates":[]}],[{"start":0,"end":9,"url":null,"entity_id":"Q6723","candidates":[]}],[{"start":0,"end":15,"url":null,"entity_id":"Q59133","candidates":[]}]],[[{"start":0,"end":14,"url":null,"entity_id":"Q4831291","candidates":[]}],[{"start":0,"end":9,"url":null,"entity_id":"Q6723","candidates":[]}],[{"start":0,"end":15,"url":null,"entity_id":"Q59133","candidates":[]}]],[[{"start":0,"end":13,"url":null,"entity_id":"Q4831290","candidates":[]}],[{"start":0,"end":9,"url":null,"entity_id":"Q6723","candidates":[]}],[{"start":0,"end":15,"url":null,"entity_id":"Q59133","candidates":[]}]],[[{"start":0,"end":17,"url":null,"entity_id":"Q4831284","candidates":[]}],[{"start":0,"end":9,"url":null,"entity_id":"Q6723","candidates":[]}],[{"start":0,"end":15,"url":null,"entity_id":"Q59133","candidates":[]}]],[[{"start":0,"end":6,"url":null,"entity_id":"Q4830720","candidates":[]}],[{"start":0,"end":9,"url":null,"entity_id":"Q6723","candidates":[]}],[{"start":0,"end":15,"url":null,"entity_id":"Q59133","candidates":[]}]],[[{"start":0,"end":11,"url":null,"entity_id":"Q4818441","candidates":[]}],[{"start":0,"end":9,"url":null,"entity_id":"Q6723","candidates":[]}],[{"start":0,"end":15,"url":null,"entity_id":"Q59133","candidates":[]}]],[[{"start":0,"end":5,"url":null,"entity_id":"Q4818415","candidates":[]}],[{"start":0,"end":9,"url":null,"entity_id":"Q6723","candidates":[]}],[{"start":0,"end":15,"url":null,"entity_id":"Q59133","candidates":[]}]],[[{"start":0,"end":24,"url":null,"entity_id":"Q4818374","candidates":[]}],[{"start":0,"end":9,"url":null,"entity_id":"Q6723","candidates":[]}],[{"start":0,"end":15,"url":null,"entity_id":"Q59133","candidates":[]}]],[[{"start":0,"end":15,"url":null,"entity_id":"Q4818326","candidates":[]}],[{"start":0,"end":9,"url":null,"entity_id":"Q6723","candidates":[]}],[{"start":0,"end":15,"url":null,"entity_id":"Q59133","candidates":[]}]],[[{"start":0,"end":12,"url":null,"entity_id":"Q4818096","candidates":[]}],[{"start":0,"end":9,"url":null,"entity_id":"Q6723","candidates":[]}],[{"start":0,"end":15,"url":null,"entity_id":"Q59133","candidates":[]}]],[[{"start":0,"end":23,"url":null,"entity_id":"Q4817755","candidates":[]}],[{"start":0,"end":9,"url":null,"entity_id":"Q6723","candidates":[]}],[{"start":0,"end":15,"url":null,"entity_id":"Q59133","candidates":[]}]],[[{"start":0,"end":8,"url":null,"entity_id":"Q4817645","candidates":[]}],[{"start":0,"end":9,"url":null,"entity_id":"Q6723","candidates":[]}],[{"start":0,"end":15,"url":null,"entity_id":"Q59133","candidates":[]}]],[[{"start":0,"end":8,"url":null,"entity_id":"Q4808229","candidates":[]}],[{"start":0,"end":9,"url":null,"entity_id":"Q6723","candidates":[]}],[{"start":0,"end":15,"url":null,"entity_id":"Q59133","candidates":[]}]],[[{"start":0,"end":11,"url":null,"entity_id":"Q4795469","candidates":[]}],[{"start":0,"end":9,"url":null,"entity_id":"Q6723","candidates":[]}],[{"start":0,"end":15,"url":null,"entity_id":"Q59133","candidates":[]}]],[[{"start":0,"end":5,"url":null,"entity_id":"Q4793771","candidates":[]}],[{"start":0,"end":9,"url":null,"entity_id":"Q6723","candidates":[]}],[{"start":0,"end":15,"url":null,"entity_id":"Q59133","candidates":[]}]],[[{"start":0,"end":18,"url":null,"entity_id":"Q4791988","candidates":[]}],[{"start":0,"end":9,"url":null,"entity_id":"Q6723","candidates":[]}],[{"start":0,"end":15,"url":null,"entity_id":"Q59133","candidates":[]}]],[[{"start":0,"end":10,"url":null,"entity_id":"Q4759475","candidates":[]}],[{"start":0,"end":9,"url":null,"entity_id":"Q6723","candidates":[]}],[{"start":0,"end":15,"url":null,"entity_id":"Q59133","candidates":[]}]],[[{"start":0,"end":7,"url":null,"entity_id":"Q4751714","candidates":[]}],[{"start":0,"end":9,"url":null,"entity_id":"Q6723","candidates":[]}],[{"start":0,"end":15,"url":null,"entity_id":"Q59133","candidates":[]}]],[[{"start":0,"end":10,"url":null,"entity_id":"Q56421392","candidates":[]}],[{"start":0,"end":9,"url":null,"entity_id":"Q6723","candidates":[]}],[{"start":0,"end":18,"url":null,"entity_id":"Q59148","candidates":[]}]],[[{"start":0,"end":7,"url":null,"entity_id":"Q56421391","candidates":[]}],[{"start":0,"end":9,"url":null,"entity_id":"Q6723","candidates":[]}],[{"start":0,"end":18,"url":null,"entity_id":"Q59148","candidates":[]}]]]}