{"version":"1.2","table":{"version":"2","table_id":"4WE3BDT9","columns":[{"index":0,"name":"col0","values":["Popcorn Time","mpv","Banshee","mplayer2","GNOME Videos","MPlayer","SMPlayer","Kaffeine","Kodi","Media Player Classic","IINA","Gnash","NewPipe","MusicBee","iTunes","QuickTime","Winamp","Light Alloy","Adobe Flash Player","KMPlayer"]},{"index":1,"name":"col1","values":["JavaScript","C","C#","C","C","C","C++","C++","C++","C++","Swift","C++","Java","Visual Basic .NET","C++","C","C++","C++","C++","C++"]},{"index":2,"name":"col2","values":["GNU General Public License, version 3.0 or later","GNU General Public License, version 2.0 or later","X11 license","GNU General Public License, version 2.0","GNU General Public License, version 2.0","GNU General Public License, version 2.0","GNU General Public License, version 2.0","GNU General Public License, version 2.0","GNU General Public License, version 2.0","GNU General Public License, version 2.0","GNU General Public License, version 3.0","GNU General Public License, version 3.0","GNU General Public License, version 3.0","proprietary license","proprietary license","freemium","proprietary software","freeware","freeware","freeware"]}]},"context":{"page_title":null,"page_url":null,"page_entity_id":null,"content_hierarchy":[]},"links":[[[{"start":0,"end":12,"url":null,"entity_id":"Q15958643","candidates":[]}],[{"start":0,"end":10,"url":null,"entity_id":"Q2005","candidates":[]}],[{"start":0,"end":48,"url":null,"entity_id":"Q27016754","candidates":[]}]],[[{"start":0,"end":3,"url":null,"entity_id":"Q20760334","candidates":[]}],[{"start":0,"end":1,"url":null,"entity_id":"Q15777","candidates":[]}],[{"start":0,"end":48,"url":null,"entity_id":"Q27016752","candidates":[]}]],[[{"start":0,"end":7,"url":null,"entity_id":"Q790093","candidates":[]}],[{"start":0,"end":2,"url":null,"entity_id":"Q2370","candidates":[]}],[{"start":0,"end":11,"url":null,"entity_id":"Q18526202","candidates":[]}]],[[{"start":0,"end":8,"url":null,"entity_id":"Q47523118","candidates":[]}],[{"start":0,"end":1,"url":null,"entity_id":"Q15777","candidates":[]}],[{"start":0,"end":39,"url":null,"entity_id":"Q10513450","candidates":[]}]],[[{"start":0,"end":12,"url":null,"entity_id":"Q1131577","candidates":[]}],[{"start":0,"end":1,"url":null,"entity_id":"Q15777","candidates":[]}],[{"start":0,"end":39,"url":null,"entity_id":"Q10513450","candidates":[]}]],[[{"start":0,"end":7,"url":null,"entity_id":"Q131344","candidates":[]}],[{"start":0,"end":1,"url":null,"entity_id":"Q15777","candidates":[]}],[{"start":0,"end":39,"url":null,"entity_id":"Q10513450","candidates":[]}]],[[{"start":0,"end":8,"url":null,"entity_id":"Q2596578","candidates":[]}],[{"start":0,"end":3,"url":null,"entity_id":"Q2407","candidates":[]}],[{"start":0,"end":39,"url":null,"entity_id":"Q10513450","candidates":[]}]],[[{"start":0,"end":8,"url":null,"entity_id":"Q944450","candidates":[]}],[{"start":0,"end":3,"url":null,"entity_id":"Q2407","candidates":[]}],[{"start":0,"end":39,"url":null,"entity_id":"Q10513450","candidates":[]}]],[[{"start":0,"end":4,"url":null,"entity_id":"Q919760","candidates":[]}],[{"start":0,"end":3,"url":null,"entity_id":"Q2407","candidates":[]}],[{"start":0,"end":39,"url":null,"entity_id":"Q10513450","candidates":[]}]],[[{"start":0,"end":20,"url":null,"entity_id":"Q855190","candidates":[]}],[{"start":0,"end":3,"url":null,"entity_id":"Q2407","candidates":[]}],[{"start":0,"end":39,"url":null,"entity_id":"Q10513450","candidates":[]}]],[[{"start":0,"end":4,"url":null,"entity_id":"Q60608219","candidates":[]}],[{"start":0,"end":5,"url":null,"entity_id":"Q17118377","candidates":[]}],[{"start":0,"end":39,"url":null,"entity_id":"Q10513445","candidates":[]}]],[[{"start":0,"end":5,"url":null,"entity_id":"Q1142317","candidates":[]}],[{"start":0,"end":3,"url":null,"entity_id":"Q2407","candidates":[]}],[{"start":0,"end":39,"url":null,"entity_id":"Q10513445","candidates":[]}]],[[{"start":0,"end":7,"url":null,"entity_id":"Q42851406","candidates":[]}],[{"start":0,"end":4,"url":null,"entity_id":"Q251","candidates":[]}],[{"start":0,"end":39,"url":null,"entity_id":"Q10513445","candidates":[]}]],[[{"start":0,"end":8,"url":null,"entity_id":"Q2336742","candidates":[]}],[{"start":0,"end":17,"url":null,"entity_id":"Q50077","candidates":[]}],[{"start":0,"end":19,"url":null,"entity_id":"Q3238057","candidates":[]}]],[[{"start":0,"end":6,"url":null,"entity_id":"Q9589","candidates":[]}],[{"start":0,"end":3,"url":null,"entity_id":"Q2407","candidates":[]}],[{"start":0,"end":19,"url":null,"entity_id":"Q3238057","candidates":[]}]],[[{"start":0,"end":9,"url":null,"entity_id":"Q1243769","candidates":[]}],[{"start":0,"end":1,"url":null,"entity_id":"Q15777","candidates":[]}],[{"start":0,"end":8,"url":null,"entity_id":"Q1444631","candidates":[]}]],[[{"start":0,"end":6,"url":null,"entity_id":"Q193493","candidates":[]}],[{"start":0,"end":3,"url":null,"entity_id":"Q2407","candidates":[]}],[{"start":0,"end":20,"url":null,"entity_id":"Q218616","candidates":[]}]],[[{"start":0,"end":11,"url":null,"entity_id":"Q4042885","candidates":[]}],[{"start":0,"end":3,"url":null,"entity_id":"Q2407","candidates":[]}],[{"start":0,"end":8,"url":null,"entity_id":"Q178285","candidates":[]}]],[[{"start":0,"end":18,"url":null,"entity_id":"Q857177","candidates":[]}],[{"start":0,"end":3,"url":null,"entity_id":"Q2407","candidates":[]}],[{"start":0,"end":8,"url":null,"entity_id":"Q178285","candidates":[]}]],[[{"start":0,"end":8,"url":null,"entity_id":"Q753174","candidates":[]}],[{"start":0,"end":3,"url":null,"entity_id":"Q2407","candidates":[]}],[{"start":0,"end":8,"url":null,"entity_id":"Q178285","candidates":[]}]]]}