{"version":"1.2","table":{"version":"2","table_id":"4WHDDJ7F","columns":[{"index":0,"name":"col0","values":["bismuth-237","bismuth0216","bsmuth-215","ismuth-214","bismut-213","bismxth-221","bismvth-210","bismuuh-209","bismuth-228","bismut-207","bsmuth-206","bismuth-20:","ismuth-204","bjsmuth-203","bismutk-202","bismuth-01","bismuth-20","bisuth-199","bismuth-19","bismuth/197"]},{"index":1,"name":"col1","values":["4.4775","5.958","4.464","0.999","4.545","4.5","1.009","4.5","4.95","4.4865","6.024","4.518","5.964","4.455","4.95","4.531499999999999","7.062999999999999","4.509","2.002","4.4955"]},{"index":2,"name":"col2","values":["99.485","2.2365","7.5847999999999995","19.8602","45.36205","2.12716","4.971903999999999","1.8886e+19","371311.99999999994","31.833949999999998","6.211785","15.340620000000001","11.186340000000001","11.66592","1.69803","104.03","31.030999999999995","27.188999999999997","10.403","9.33"]},{"index":3,"name":"col3","values":["1667744.149904","1670923.188216","1663762.847535","1655210.29035","1649530.548162","1645022.397058","1643188.98618","1632028.136585","1629503.885152","1622630.76993","1616166.959256","1604306.78088","1586237.2614000002","1609423.031825","1597316.368146","1591446.9392640002","1557141.8047999998","1569865.15239","1547897.7557340001","1532443.482816"]},{"index":4,"name":"col4","values":["-1.005","-1.004","-1.0","-1.008","-1.006","-0.996","-0.999","-0.992","0.998","-0.998","0.994","-0.994","0.995","-0.999","0.995","-0.999","0.995","-0.998","0.998","-0.99"]},{"index":5,"name":"col5","values":["217.226381372","216.65432490696696","213.711738654106","214.64070707081396","212.142406073568","208.87739601102","211.03404075677997","210.025300511595","206.73186352911398","206.564513530058","206.39045575451402","203.132589846093","202.142035195547","204.80368417430498","201.37179990069998","200.374077486464","200.778043617372","199.97256125746497","197.979206","197.56980152378696"]}]},"context":{"page_title":null,"page_url":null,"page_entity_id":null,"content_hierarchy":[]},"links":[[[{"start":0,"end":11,"url":null,"entity_id":"Q18888228","candidates":[]}],[],[],[],[],[]],[[{"start":0,"end":10,"url":null,"entity_id":"Q18888218","candidates":[]}],[],[],[],[],[]],[[{"start":0,"end":10,"url":null,"entity_id":"Q18888217","candidates":[]}],[],[],[],[],[]],[[{"start":0,"end":10,"url":null,"entity_id":"Q18888211","candidates":[]}],[],[],[],[],[]],[[{"start":0,"end":11,"url":null,"entity_id":"Q18888199","candidates":[]}],[],[],[],[],[]],[[{"start":0,"end":11,"url":null,"entity_id":"Q18888195","candidates":[]}],[],[],[],[],[]],[[{"start":0,"end":11,"url":null,"entity_id":"Q18888193","candidates":[]}],[],[],[],[],[]],[[{"start":0,"end":11,"url":null,"entity_id":"Q18888190","candidates":[]}],[],[],[],[],[]],[[{"start":0,"end":10,"url":null,"entity_id":"Q18888187","candidates":[]}],[],[],[],[],[]],[[{"start":0,"end":10,"url":null,"entity_id":"Q18888184","candidates":[]}],[],[],[],[],[]],[[{"start":0,"end":11,"url":null,"entity_id":"Q18888183","candidates":[]}],[],[],[],[],[]],[[{"start":0,"end":10,"url":null,"entity_id":"Q18888179","candidates":[]}],[],[],[],[],[]],[[{"start":0,"end":11,"url":null,"entity_id":"Q18888173","candidates":[]}],[],[],[],[],[]],[[{"start":0,"end":11,"url":null,"entity_id":"Q18888168","candidates":[]}],[],[],[],[],[]],[[{"start":0,"end":10,"url":null,"entity_id":"Q18888162","candidates":[]}],[],[],[],[],[]],[[{"start":0,"end":10,"url":null,"entity_id":"Q18888157","candidates":[]}],[],[],[],[],[]],[[{"start":0,"end":10,"url":null,"entity_id":"Q18888151","candidates":[]}],[],[],[],[],[]],[[{"start":0,"end":10,"url":null,"entity_id":"Q18888146","candidates":[]}],[],[],[],[],[]],[[{"start":0,"end":11,"url":null,"entity_id":"Q18888136","candidates":[]}],[],[],[],[],[]],[[{"start":0,"end":11,"url":null,"entity_id":"Q18888229","candidates":[]}],[],[],[],[],[]]]}