{"version":"1.2","table":{"version":"2","table_id":"4WITHA0N","columns":[{"index":0,"name":"col0","values":["Performing Crts Group","English Stagh Company","Slovenh National Theatre Drama Ljubljana","Lancheter Marionettes","et Lille Teater Aabenraa","Music and Poetry Theatre Bgadir","Úžasné divadlo hyziky","Le Grenier de Touloue","Suudio ND","Theatrical organizationNeos Logos","Comédie-Françise","Theatro ou Peiraia","Thiasos Smaroulas Gouli","Thiasos ikou Chatziskou - Titikas Nikiforaki","Laiko Peiramatiko Theatso","People' Theatre","Actors' Comsany","Syacuse Stage","Miqgei Theatre","enshinza"]},{"index":1,"name":"col1","values":["Japan","United Kingdom","Slovenia","United Kingdom","Denmark","Czech Republic","Czech Republic","France","Czech Republic","Greece","France","Greece","Greece","Greece","Greece","Hungary","United Kingdom","United States of America","Japan","Japan"]},{"index":2,"name":"col2","values":["Aoyama","Royal Court Theatre","Ljubljana National Drama Theatre","Stratford-upon-Avon","Aabenraa","Brno","Brno","Toulouse","Prague","Studio Mavromichali","Salle Richelieu","Piraeus","Athens","Athens","Athens","People's Theatre","United Kingdom","John D. Archbold Theatre","Kanagawa Prefecture","Tokyo"]}]},"context":{"page_title":null,"page_url":null,"page_entity_id":null,"content_hierarchy":[]},"links":[[[{"start":0,"end":21,"url":null,"entity_id":"Q29580784","candidates":[]}],[{"start":0,"end":14,"url":null,"entity_id":"Q145","candidates":[]}],[{"start":0,"end":19,"url":null,"entity_id":"Q1169370","candidates":[]}]],[[{"start":0,"end":40,"url":null,"entity_id":"Q21034517","candidates":[]}],[{"start":0,"end":8,"url":null,"entity_id":"Q215","candidates":[]}],[{"start":0,"end":32,"url":null,"entity_id":"Q557229","candidates":[]}]],[[{"start":0,"end":21,"url":null,"entity_id":"Q19364018","candidates":[]}],[{"start":0,"end":14,"url":null,"entity_id":"Q145","candidates":[]}],[{"start":0,"end":19,"url":null,"entity_id":"Q189288","candidates":[]}]],[[{"start":0,"end":24,"url":null,"entity_id":"Q37930669","candidates":[]}],[{"start":0,"end":7,"url":null,"entity_id":"Q35","candidates":[]}],[{"start":0,"end":8,"url":null,"entity_id":"Q154897","candidates":[]}]],[[{"start":0,"end":31,"url":null,"entity_id":"Q22694830","candidates":[]}],[{"start":0,"end":14,"url":null,"entity_id":"Q213","candidates":[]}],[{"start":0,"end":4,"url":null,"entity_id":"Q14960","candidates":[]}]],[[{"start":0,"end":21,"url":null,"entity_id":"Q18915884","candidates":[]}],[{"start":0,"end":14,"url":null,"entity_id":"Q213","candidates":[]}],[{"start":0,"end":4,"url":null,"entity_id":"Q14960","candidates":[]}]],[[{"start":0,"end":21,"url":null,"entity_id":"Q29167428","candidates":[]}],[{"start":0,"end":6,"url":null,"entity_id":"Q142","candidates":[]}],[{"start":0,"end":8,"url":null,"entity_id":"Q7880","candidates":[]}]],[[{"start":0,"end":9,"url":null,"entity_id":"Q19829698","candidates":[]}],[{"start":0,"end":14,"url":null,"entity_id":"Q213","candidates":[]}],[{"start":0,"end":6,"url":null,"entity_id":"Q1085","candidates":[]}]],[[{"start":0,"end":33,"url":null,"entity_id":"Q64522966","candidates":[]}],[{"start":0,"end":6,"url":null,"entity_id":"Q41","candidates":[]}],[{"start":0,"end":19,"url":null,"entity_id":"Q64522190","candidates":[]}]],[[{"start":0,"end":16,"url":null,"entity_id":"Q61460498","candidates":[]}],[{"start":0,"end":6,"url":null,"entity_id":"Q142","candidates":[]}],[{"start":0,"end":15,"url":null,"entity_id":"Q836007","candidates":[]}]],[[{"start":0,"end":18,"url":null,"entity_id":"Q62090368","candidates":[]}],[{"start":0,"end":6,"url":null,"entity_id":"Q41","candidates":[]}],[{"start":0,"end":7,"url":null,"entity_id":"Q58976","candidates":[]}]],[[{"start":0,"end":23,"url":null,"entity_id":"Q64158995","candidates":[]}],[{"start":0,"end":6,"url":null,"entity_id":"Q41","candidates":[]}],[{"start":0,"end":6,"url":null,"entity_id":"Q1524","candidates":[]}]],[[{"start":0,"end":44,"url":null,"entity_id":"Q63848754","candidates":[]}],[{"start":0,"end":6,"url":null,"entity_id":"Q41","candidates":[]}],[{"start":0,"end":6,"url":null,"entity_id":"Q1524","candidates":[]}]],[[{"start":0,"end":25,"url":null,"entity_id":"Q63387900","candidates":[]}],[{"start":0,"end":6,"url":null,"entity_id":"Q41","candidates":[]}],[{"start":0,"end":6,"url":null,"entity_id":"Q1524","candidates":[]}]],[[{"start":0,"end":15,"url":null,"entity_id":"Q58804771","candidates":[]}],[{"start":0,"end":7,"url":null,"entity_id":"Q28","candidates":[]}],[{"start":0,"end":16,"url":null,"entity_id":"Q25468481","candidates":[]}]],[[{"start":0,"end":15,"url":null,"entity_id":"Q64682367","candidates":[]}],[{"start":0,"end":14,"url":null,"entity_id":"Q145","candidates":[]}],[{"start":0,"end":14,"url":null,"entity_id":"Q145","candidates":[]}]],[[{"start":0,"end":13,"url":null,"entity_id":"Q11308273","candidates":[]}],[{"start":0,"end":24,"url":null,"entity_id":"Q30","candidates":[]}],[{"start":0,"end":24,"url":null,"entity_id":"Q43065267","candidates":[]}]],[[{"start":0,"end":14,"url":null,"entity_id":"Q11398212","candidates":[]}],[{"start":0,"end":5,"url":null,"entity_id":"Q17","candidates":[]}],[{"start":0,"end":19,"url":null,"entity_id":"Q127513","candidates":[]}]],[[{"start":0,"end":8,"url":null,"entity_id":"Q11397831","candidates":[]}],[{"start":0,"end":5,"url":null,"entity_id":"Q17","candidates":[]}],[{"start":0,"end":5,"url":null,"entity_id":"Q1490","candidates":[]}]],[[{"start":0,"end":21,"url":null,"entity_id":"Q30601391","candidates":[]}],[{"start":0,"end":5,"url":null,"entity_id":"Q17","candidates":[]}],[{"start":0,"end":6,"url":null,"entity_id":"Q1193420","candidates":[]}]]]}