{"version":"1.2","table":{"version":"2","table_id":"4X0L673X","columns":[{"index":0,"name":"col0","values":["The reen Death","Tke Sea Devils","Colony n Space","The#Enemy of the World","Planet of the Spigers","Carniva of Monsters","Terror of the Avtons","Infern","Shada","he Pirate Planet","The Mark of the Uani","The Awakfning","Warriors' Iate","The Leisur Hive","Whe Stones of Blood","Thf Powhr of Kroll","Undrworld","Nightmare og Eden","Planet of ire","Snakedbqce"]},{"index":1,"name":"col1","values":["Michael E. Briant","Michael E. Briant","Michael E. Briant","Barry Letts","Barry Letts","Barry Letts","Barry Letts","Barry Letts","Pennant Roberts","Pennant Roberts","Sarah Hellings","Michael Owen Morris","Paul Joyce","Lovett Bickford","Darrol Blake","Norman Stewart","Norman Stewart","Alan Bromly","Fiona Cumming","Fiona Cumming"]},{"index":2,"name":"col2","values":["Target Books","Target Books","Target Books","Target Books","Target Books","Target Books","Target Books","Target Books","BBC Books","BBC Books","Target Books","Target Books","Target Books","Target Books","Target Books","Target Books","Target Books","Target Books","Target Books","Target Books"]},{"index":3,"name":"col3","values":["6.0120000000000005","5.9399999999999995","6.042","5.9399999999999995","6.0600000000000005","4.02","4.008","7.020999999999999","5.9879999999999995","4.008","2.002","2.0","4.028","3.98","4.008","3.98","4.004","4.016","3.964","4.036"]},{"index":4,"name":"col4","values":["1973/05/19","1972/02/26","1971/04/10","1968/01/27","1974/05/04","1973/01/27","1971/01/02","1970/05/09","1992/07/06","1978/09/30","1985/02/02","1983/01/19","1981/01/03","1980/08/30","1978/10/28","1979/01/13","1978/01/07","1979/11/24","1984/02/23","1983/01/18"]}]},"context":{"page_title":null,"page_url":null,"page_entity_id":null,"content_hierarchy":[]},"links":[[[{"start":0,"end":14,"url":null,"entity_id":"Q618368","candidates":[]}],[{"start":0,"end":17,"url":null,"entity_id":"Q1794143","candidates":[]}],[{"start":0,"end":12,"url":null,"entity_id":"Q12005242","candidates":[]}],[],[]],[[{"start":0,"end":14,"url":null,"entity_id":"Q577226","candidates":[]}],[{"start":0,"end":17,"url":null,"entity_id":"Q1794143","candidates":[]}],[{"start":0,"end":12,"url":null,"entity_id":"Q12005242","candidates":[]}],[],[]],[[{"start":0,"end":22,"url":null,"entity_id":"Q3469044","candidates":[]}],[{"start":0,"end":11,"url":null,"entity_id":"Q809062","candidates":[]}],[{"start":0,"end":12,"url":null,"entity_id":"Q12005242","candidates":[]}],[],[]],[[{"start":0,"end":21,"url":null,"entity_id":"Q1771464","candidates":[]}],[{"start":0,"end":11,"url":null,"entity_id":"Q809062","candidates":[]}],[{"start":0,"end":12,"url":null,"entity_id":"Q12005242","candidates":[]}],[],[]],[[{"start":0,"end":19,"url":null,"entity_id":"Q720973","candidates":[]}],[{"start":0,"end":11,"url":null,"entity_id":"Q809062","candidates":[]}],[{"start":0,"end":12,"url":null,"entity_id":"Q12005242","candidates":[]}],[],[]],[[{"start":0,"end":20,"url":null,"entity_id":"Q559248","candidates":[]}],[{"start":0,"end":11,"url":null,"entity_id":"Q809062","candidates":[]}],[{"start":0,"end":12,"url":null,"entity_id":"Q12005242","candidates":[]}],[],[]],[[{"start":0,"end":6,"url":null,"entity_id":"Q557330","candidates":[]}],[{"start":0,"end":11,"url":null,"entity_id":"Q809062","candidates":[]}],[{"start":0,"end":12,"url":null,"entity_id":"Q12005242","candidates":[]}],[],[]],[[{"start":0,"end":5,"url":null,"entity_id":"Q3470527","candidates":[]}],[{"start":0,"end":15,"url":null,"entity_id":"Q7163381","candidates":[]}],[{"start":0,"end":9,"url":null,"entity_id":"Q4834796","candidates":[]}],[],[]],[[{"start":0,"end":16,"url":null,"entity_id":"Q513589","candidates":[]}],[{"start":0,"end":15,"url":null,"entity_id":"Q7163381","candidates":[]}],[{"start":0,"end":9,"url":null,"entity_id":"Q4834796","candidates":[]}],[],[]],[[{"start":0,"end":20,"url":null,"entity_id":"Q6308332","candidates":[]}],[{"start":0,"end":14,"url":null,"entity_id":"Q19501035","candidates":[]}],[{"start":0,"end":12,"url":null,"entity_id":"Q12005242","candidates":[]}],[],[]],[[{"start":0,"end":13,"url":null,"entity_id":"Q6303345","candidates":[]}],[{"start":0,"end":19,"url":null,"entity_id":"Q19475988","candidates":[]}],[{"start":0,"end":12,"url":null,"entity_id":"Q12005242","candidates":[]}],[],[]],[[{"start":0,"end":14,"url":null,"entity_id":"Q5557588","candidates":[]}],[{"start":0,"end":10,"url":null,"entity_id":"Q19474913","candidates":[]}],[{"start":0,"end":12,"url":null,"entity_id":"Q12005242","candidates":[]}],[],[]],[[{"start":0,"end":15,"url":null,"entity_id":"Q5556704","candidates":[]}],[{"start":0,"end":15,"url":null,"entity_id":"Q19474306","candidates":[]}],[{"start":0,"end":12,"url":null,"entity_id":"Q12005242","candidates":[]}],[],[]],[[{"start":0,"end":19,"url":null,"entity_id":"Q5507073","candidates":[]}],[{"start":0,"end":12,"url":null,"entity_id":"Q19473419","candidates":[]}],[{"start":0,"end":12,"url":null,"entity_id":"Q12005242","candidates":[]}],[],[]],[[{"start":0,"end":18,"url":null,"entity_id":"Q5507264","candidates":[]}],[{"start":0,"end":14,"url":null,"entity_id":"Q19472688","candidates":[]}],[{"start":0,"end":12,"url":null,"entity_id":"Q12005242","candidates":[]}],[],[]],[[{"start":0,"end":9,"url":null,"entity_id":"Q5493419","candidates":[]}],[{"start":0,"end":14,"url":null,"entity_id":"Q19472688","candidates":[]}],[{"start":0,"end":12,"url":null,"entity_id":"Q12005242","candidates":[]}],[],[]],[[{"start":0,"end":17,"url":null,"entity_id":"Q5554265","candidates":[]}],[{"start":0,"end":11,"url":null,"entity_id":"Q19471781","candidates":[]}],[{"start":0,"end":12,"url":null,"entity_id":"Q12005242","candidates":[]}],[],[]],[[{"start":0,"end":13,"url":null,"entity_id":"Q6303868","candidates":[]}],[{"start":0,"end":13,"url":null,"entity_id":"Q18810996","candidates":[]}],[{"start":0,"end":12,"url":null,"entity_id":"Q12005242","candidates":[]}],[],[]],[[{"start":0,"end":10,"url":null,"entity_id":"Q6287712","candidates":[]}],[{"start":0,"end":13,"url":null,"entity_id":"Q18810996","candidates":[]}],[{"start":0,"end":12,"url":null,"entity_id":"Q12005242","candidates":[]}],[],[]],[[{"start":0,"end":14,"url":null,"entity_id":"Q1189490","candidates":[]}],[{"start":0,"end":17,"url":null,"entity_id":"Q1794143","candidates":[]}],[{"start":0,"end":12,"url":null,"entity_id":"Q12005242","candidates":[]}],[],[]]]}