{"version":"1.2","table":{"version":"2","table_id":"4X84O51Z","columns":[{"index":0,"name":"col0","values":["Kosmos 2382","Kosmos 2418","Kosmos 2426","Kosmos 2425","Kosmos 2433","Kosmos 2432","Kosmos 2435","Kosmos 2436","Kosmos 2448","Kosmos 2449","Kosmos 2461","Kosmos 2460","Kosmos 2458","Kosmos 2457","Kosmos 2465","Kosmos 2466","Kosmos 2464","Kosmos 2459","Kosmos 2456","Kosmos 2447"]},{"index":1,"name":"col1","values":["rocket launch","rocket launch","rocket launch","rocket launch","rocket launch","rocket launch","rocket launch","rocket launch","rocket launch","rocket launch","rocket launch","rocket launch","rocket launch","rocket launch","rocket launch","rocket launch","rocket launch","rocket launch","rocket launch","rocket launch"]},{"index":2,"name":"col2","values":["JSC Information Satellite Systems","JSC Information Satellite Systems","JSC Information Satellite Systems","JSC Information Satellite Systems","JSC Information Satellite Systems","JSC Information Satellite Systems","JSC Information Satellite Systems","JSC Information Satellite Systems","JSC Information Satellite Systems","JSC Information Satellite Systems","JSC Information Satellite Systems","JSC Information Satellite Systems","JSC Information Satellite Systems","JSC Information Satellite Systems","JSC Information Satellite Systems","JSC Information Satellite Systems","JSC Information Satellite Systems","JSC Information Satellite Systems","JSC Information Satellite Systems","JSC Information Satellite Systems"]},{"index":3,"name":"col3","values":["Russian Space Forces","Russian Space Forces","Russian Space Forces","Russian Space Forces","Russian Space Forces","Russian Space Forces","Russian Space Forces","Russian Space Forces","Russian Space Forces","Russian Space Forces","Russian Space Forces","Russian Space Forces","Russian Space Forces","Russian Space Forces","Russian Space Forces","Russian Space Forces","Russian Space Forces","Russian Space Forces","Russian Space Forces","Russian Space Forces"]},{"index":4,"name":"col4","values":["Blok DM-2","Blok DM-2","Blok DM-2","Blok DM-2","Blok DM-2","Blok DM-2","Blok DM-2","Blok DM-2","Blok DM-2","Blok DM-2","Blok DM-2","Blok DM-2","Blok DM-2","Blok DM-2","Blok DM-2","Blok DM-2","Blok DM-2","Blok DM-2","Blok DM-2","Blok DM-2"]},{"index":5,"name":"col5","values":["Baikonur Cosmodrome Site 81/24","Baikonur Cosmodrome Site 81/24","Baikonur Cosmodrome Site 81/24","Baikonur Cosmodrome Site 81/24","Baikonur Cosmodrome Site 81/24","Baikonur Cosmodrome Site 81/24","Baikonur Cosmodrome Site 81/24","Baikonur Cosmodrome Site 81/24","Baikonur Cosmodrome Site 81/24","Baikonur Cosmodrome Site 81/24","Baikonur Cosmodrome Site 81/24","Baikonur Cosmodrome Site 81/24","Baikonur Cosmodrome Site 81/24","Baikonur Cosmodrome Site 81/24","Baikonur Cosmodrome Site 81/24","Baikonur Cosmodrome Site 81/24","Baikonur Cosmodrome Site 81/24","Baikonur Cosmodrome Site 81/24","Baikonur Cosmodrome Site 81/24","Baikonur Cosmodrome Site 81/24"]},{"index":6,"name":"col6","values":["2001-12-01","2005-12-25","2006-12-25","2006-12-25","2007-10-26","2007-10-26","2007-12-25","2007-12-25","2008-12-25","2008-12-25","2010-03-01","2010-03-01","2009-12-14","2009-12-14","2010-09-02","2010-09-02","2010-09-02","2010-03-01","2009-12-14","2008-12-25"]}]},"context":{"page_title":null,"page_url":null,"page_entity_id":null,"content_hierarchy":[]},"links":[[[{"start":0,"end":11,"url":null,"entity_id":"Q12857543","candidates":[]}],[{"start":0,"end":13,"url":null,"entity_id":"Q797476","candidates":[]}],[{"start":0,"end":33,"url":null,"entity_id":"Q2371486","candidates":[]}],[{"start":0,"end":20,"url":null,"entity_id":"Q1703142","candidates":[]}],[{"start":0,"end":9,"url":null,"entity_id":"Q15895926","candidates":[]}],[{"start":0,"end":30,"url":null,"entity_id":"Q12886399","candidates":[]}],[]],[[{"start":0,"end":11,"url":null,"entity_id":"Q12753765","candidates":[]}],[{"start":0,"end":13,"url":null,"entity_id":"Q797476","candidates":[]}],[{"start":0,"end":33,"url":null,"entity_id":"Q2371486","candidates":[]}],[{"start":0,"end":20,"url":null,"entity_id":"Q1703142","candidates":[]}],[{"start":0,"end":9,"url":null,"entity_id":"Q15895926","candidates":[]}],[{"start":0,"end":30,"url":null,"entity_id":"Q12886399","candidates":[]}],[]],[[{"start":0,"end":11,"url":null,"entity_id":"Q12753764","candidates":[]}],[{"start":0,"end":13,"url":null,"entity_id":"Q797476","candidates":[]}],[{"start":0,"end":33,"url":null,"entity_id":"Q2371486","candidates":[]}],[{"start":0,"end":20,"url":null,"entity_id":"Q1703142","candidates":[]}],[{"start":0,"end":9,"url":null,"entity_id":"Q15895926","candidates":[]}],[{"start":0,"end":30,"url":null,"entity_id":"Q12886399","candidates":[]}],[]],[[{"start":0,"end":11,"url":null,"entity_id":"Q12729929","candidates":[]}],[{"start":0,"end":13,"url":null,"entity_id":"Q797476","candidates":[]}],[{"start":0,"end":33,"url":null,"entity_id":"Q2371486","candidates":[]}],[{"start":0,"end":20,"url":null,"entity_id":"Q1703142","candidates":[]}],[{"start":0,"end":9,"url":null,"entity_id":"Q15895926","candidates":[]}],[{"start":0,"end":30,"url":null,"entity_id":"Q12886399","candidates":[]}],[]],[[{"start":0,"end":11,"url":null,"entity_id":"Q12729777","candidates":[]}],[{"start":0,"end":13,"url":null,"entity_id":"Q797476","candidates":[]}],[{"start":0,"end":33,"url":null,"entity_id":"Q2371486","candidates":[]}],[{"start":0,"end":20,"url":null,"entity_id":"Q1703142","candidates":[]}],[{"start":0,"end":9,"url":null,"entity_id":"Q15895926","candidates":[]}],[{"start":0,"end":30,"url":null,"entity_id":"Q12886399","candidates":[]}],[]],[[{"start":0,"end":11,"url":null,"entity_id":"Q12712955","candidates":[]}],[{"start":0,"end":13,"url":null,"entity_id":"Q797476","candidates":[]}],[{"start":0,"end":33,"url":null,"entity_id":"Q2371486","candidates":[]}],[{"start":0,"end":20,"url":null,"entity_id":"Q1703142","candidates":[]}],[{"start":0,"end":9,"url":null,"entity_id":"Q15895926","candidates":[]}],[{"start":0,"end":30,"url":null,"entity_id":"Q12886399","candidates":[]}],[]],[[{"start":0,"end":11,"url":null,"entity_id":"Q12712953","candidates":[]}],[{"start":0,"end":13,"url":null,"entity_id":"Q797476","candidates":[]}],[{"start":0,"end":33,"url":null,"entity_id":"Q2371486","candidates":[]}],[{"start":0,"end":20,"url":null,"entity_id":"Q1703142","candidates":[]}],[{"start":0,"end":9,"url":null,"entity_id":"Q15895926","candidates":[]}],[{"start":0,"end":30,"url":null,"entity_id":"Q12886399","candidates":[]}],[]],[[{"start":0,"end":11,"url":null,"entity_id":"Q12681169","candidates":[]}],[{"start":0,"end":13,"url":null,"entity_id":"Q797476","candidates":[]}],[{"start":0,"end":33,"url":null,"entity_id":"Q2371486","candidates":[]}],[{"start":0,"end":20,"url":null,"entity_id":"Q1703142","candidates":[]}],[{"start":0,"end":9,"url":null,"entity_id":"Q15895926","candidates":[]}],[{"start":0,"end":30,"url":null,"entity_id":"Q12886399","candidates":[]}],[]],[[{"start":0,"end":11,"url":null,"entity_id":"Q12681166","candidates":[]}],[{"start":0,"end":13,"url":null,"entity_id":"Q797476","candidates":[]}],[{"start":0,"end":33,"url":null,"entity_id":"Q2371486","candidates":[]}],[{"start":0,"end":20,"url":null,"entity_id":"Q1703142","candidates":[]}],[{"start":0,"end":9,"url":null,"entity_id":"Q15895926","candidates":[]}],[{"start":0,"end":30,"url":null,"entity_id":"Q12886399","candidates":[]}],[]],[[{"start":0,"end":11,"url":null,"entity_id":"Q12646590","candidates":[]}],[{"start":0,"end":13,"url":null,"entity_id":"Q797476","candidates":[]}],[{"start":0,"end":33,"url":null,"entity_id":"Q2371486","candidates":[]}],[{"start":0,"end":20,"url":null,"entity_id":"Q1703142","candidates":[]}],[{"start":0,"end":9,"url":null,"entity_id":"Q15895926","candidates":[]}],[{"start":0,"end":30,"url":null,"entity_id":"Q12886399","candidates":[]}],[]],[[{"start":0,"end":11,"url":null,"entity_id":"Q12646588","candidates":[]}],[{"start":0,"end":13,"url":null,"entity_id":"Q797476","candidates":[]}],[{"start":0,"end":33,"url":null,"entity_id":"Q2371486","candidates":[]}],[{"start":0,"end":20,"url":null,"entity_id":"Q1703142","candidates":[]}],[{"start":0,"end":9,"url":null,"entity_id":"Q15895926","candidates":[]}],[{"start":0,"end":30,"url":null,"entity_id":"Q12886399","candidates":[]}],[]],[[{"start":0,"end":11,"url":null,"entity_id":"Q12646585","candidates":[]}],[{"start":0,"end":13,"url":null,"entity_id":"Q797476","candidates":[]}],[{"start":0,"end":33,"url":null,"entity_id":"Q2371486","candidates":[]}],[{"start":0,"end":20,"url":null,"entity_id":"Q1703142","candidates":[]}],[{"start":0,"end":9,"url":null,"entity_id":"Q15895926","candidates":[]}],[{"start":0,"end":30,"url":null,"entity_id":"Q12886399","candidates":[]}],[]],[[{"start":0,"end":11,"url":null,"entity_id":"Q12646583","candidates":[]}],[{"start":0,"end":13,"url":null,"entity_id":"Q797476","candidates":[]}],[{"start":0,"end":33,"url":null,"entity_id":"Q2371486","candidates":[]}],[{"start":0,"end":20,"url":null,"entity_id":"Q1703142","candidates":[]}],[{"start":0,"end":9,"url":null,"entity_id":"Q15895926","candidates":[]}],[{"start":0,"end":30,"url":null,"entity_id":"Q12886399","candidates":[]}],[]],[[{"start":0,"end":11,"url":null,"entity_id":"Q12573091","candidates":[]}],[{"start":0,"end":13,"url":null,"entity_id":"Q797476","candidates":[]}],[{"start":0,"end":33,"url":null,"entity_id":"Q2371486","candidates":[]}],[{"start":0,"end":20,"url":null,"entity_id":"Q1703142","candidates":[]}],[{"start":0,"end":9,"url":null,"entity_id":"Q15895926","candidates":[]}],[{"start":0,"end":30,"url":null,"entity_id":"Q12886399","candidates":[]}],[]],[[{"start":0,"end":11,"url":null,"entity_id":"Q12573090","candidates":[]}],[{"start":0,"end":13,"url":null,"entity_id":"Q797476","candidates":[]}],[{"start":0,"end":33,"url":null,"entity_id":"Q2371486","candidates":[]}],[{"start":0,"end":20,"url":null,"entity_id":"Q1703142","candidates":[]}],[{"start":0,"end":9,"url":null,"entity_id":"Q15895926","candidates":[]}],[{"start":0,"end":30,"url":null,"entity_id":"Q12886399","candidates":[]}],[]],[[{"start":0,"end":11,"url":null,"entity_id":"Q6433280","candidates":[]}],[{"start":0,"end":13,"url":null,"entity_id":"Q797476","candidates":[]}],[{"start":0,"end":33,"url":null,"entity_id":"Q2371486","candidates":[]}],[{"start":0,"end":20,"url":null,"entity_id":"Q1703142","candidates":[]}],[{"start":0,"end":9,"url":null,"entity_id":"Q15895926","candidates":[]}],[{"start":0,"end":30,"url":null,"entity_id":"Q12886399","candidates":[]}],[]],[[{"start":0,"end":11,"url":null,"entity_id":"Q6433279","candidates":[]}],[{"start":0,"end":13,"url":null,"entity_id":"Q797476","candidates":[]}],[{"start":0,"end":33,"url":null,"entity_id":"Q2371486","candidates":[]}],[{"start":0,"end":20,"url":null,"entity_id":"Q1703142","candidates":[]}],[{"start":0,"end":9,"url":null,"entity_id":"Q15895926","candidates":[]}],[{"start":0,"end":30,"url":null,"entity_id":"Q12886399","candidates":[]}],[]],[[{"start":0,"end":11,"url":null,"entity_id":"Q6433278","candidates":[]}],[{"start":0,"end":13,"url":null,"entity_id":"Q797476","candidates":[]}],[{"start":0,"end":33,"url":null,"entity_id":"Q2371486","candidates":[]}],[{"start":0,"end":20,"url":null,"entity_id":"Q1703142","candidates":[]}],[{"start":0,"end":9,"url":null,"entity_id":"Q15895926","candidates":[]}],[{"start":0,"end":30,"url":null,"entity_id":"Q12886399","candidates":[]}],[]],[[{"start":0,"end":11,"url":null,"entity_id":"Q6433277","candidates":[]}],[{"start":0,"end":13,"url":null,"entity_id":"Q797476","candidates":[]}],[{"start":0,"end":33,"url":null,"entity_id":"Q2371486","candidates":[]}],[{"start":0,"end":20,"url":null,"entity_id":"Q1703142","candidates":[]}],[{"start":0,"end":9,"url":null,"entity_id":"Q15895926","candidates":[]}],[{"start":0,"end":30,"url":null,"entity_id":"Q12886399","candidates":[]}],[]],[[{"start":0,"end":11,"url":null,"entity_id":"Q12886394","candidates":[]}],[{"start":0,"end":13,"url":null,"entity_id":"Q797476","candidates":[]}],[{"start":0,"end":33,"url":null,"entity_id":"Q2371486","candidates":[]}],[{"start":0,"end":20,"url":null,"entity_id":"Q1703142","candidates":[]}],[{"start":0,"end":9,"url":null,"entity_id":"Q15895926","candidates":[]}],[{"start":0,"end":30,"url":null,"entity_id":"Q12886399","candidates":[]}],[]]]}