{"version":"1.2","table":{"version":"2","table_id":"4Y616PE1","columns":[{"index":0,"name":"col0","values":["Germatown","Dundblk","Vilage of Friendship Heights","Silver Spriqg","Oak ak","Willqwbrook","Trfxlertown","Lader Heights","Port Washingon","Trianjle","Woodbuidge","West Ahens","Brodheadsvlle","Shavertoxn","Locust Walley","Ealdwin","Altadfna","Parkway–South Sacrmento","Progtess","Fontainbleau"]},{"index":1,"name":"col1","values":["90313.296","64169.37299999999","5005.541","79959.898","13769.567","36126.932","1982.036","6536.988","15814.307999999999","8269.88","52806.75399999999","8720.271","1800.0","2029.0949999999998","3406.0","24105.099","42349.23","36540.936","9833.355","2778.04"]},{"index":2,"name":"col2","values":["Clarksburg","Rosedale","Bethesda","Washington, D.C.","Agoura Hills","Los Angeles","Upper Macungie Township","Los Angeles","Sands Point","Dumfries","Occoquan","Los Angeles","Effort","Dallas Township","Lattingtown","Freeport","La Cañada Flintridge","Sacramento","Lower Paxton Township","Gert Town"]}]},"context":{"page_title":null,"page_url":null,"page_entity_id":null,"content_hierarchy":[]},"links":[[[{"start":0,"end":9,"url":null,"entity_id":"Q755901","candidates":[]}],[],[{"start":0,"end":10,"url":null,"entity_id":"Q754074","candidates":[]}]],[[{"start":0,"end":7,"url":null,"entity_id":"Q754390","candidates":[]}],[],[{"start":0,"end":8,"url":null,"entity_id":"Q648142","candidates":[]}]],[[{"start":0,"end":28,"url":null,"entity_id":"Q754692","candidates":[]}],[],[{"start":0,"end":8,"url":null,"entity_id":"Q584451","candidates":[]}]],[[{"start":0,"end":13,"url":null,"entity_id":"Q755741","candidates":[]}],[],[{"start":0,"end":16,"url":null,"entity_id":"Q61","candidates":[]}]],[[{"start":0,"end":6,"url":null,"entity_id":"Q1978751","candidates":[]}],[],[{"start":0,"end":12,"url":null,"entity_id":"Q395793","candidates":[]}]],[[{"start":0,"end":11,"url":null,"entity_id":"Q1898553","candidates":[]}],[],[{"start":0,"end":11,"url":null,"entity_id":"Q65","candidates":[]}]],[[{"start":0,"end":11,"url":null,"entity_id":"Q2452161","candidates":[]}],[],[{"start":0,"end":23,"url":null,"entity_id":"Q7898760","candidates":[]}]],[[{"start":0,"end":13,"url":null,"entity_id":"Q2584592","candidates":[]}],[],[{"start":0,"end":11,"url":null,"entity_id":"Q65","candidates":[]}]],[[{"start":0,"end":14,"url":null,"entity_id":"Q1399190","candidates":[]}],[],[{"start":0,"end":11,"url":null,"entity_id":"Q3451876","candidates":[]}]],[[{"start":0,"end":8,"url":null,"entity_id":"Q1378358","candidates":[]}],[],[{"start":0,"end":8,"url":null,"entity_id":"Q1375743","candidates":[]}]],[[{"start":0,"end":10,"url":null,"entity_id":"Q1375929","candidates":[]}],[],[{"start":0,"end":8,"url":null,"entity_id":"Q1373638","candidates":[]}]],[[{"start":0,"end":10,"url":null,"entity_id":"Q1669280","candidates":[]}],[],[{"start":0,"end":11,"url":null,"entity_id":"Q65","candidates":[]}]],[[{"start":0,"end":13,"url":null,"entity_id":"Q604090","candidates":[]}],[],[{"start":0,"end":6,"url":null,"entity_id":"Q5347511","candidates":[]}]],[[{"start":0,"end":10,"url":null,"entity_id":"Q586813","candidates":[]}],[],[{"start":0,"end":15,"url":null,"entity_id":"Q5211437","candidates":[]}]],[[{"start":0,"end":13,"url":null,"entity_id":"Q541406","candidates":[]}],[],[{"start":0,"end":11,"url":null,"entity_id":"Q3045872","candidates":[]}]],[[{"start":0,"end":7,"url":null,"entity_id":"Q607108","candidates":[]}],[],[{"start":0,"end":8,"url":null,"entity_id":"Q1323073","candidates":[]}]],[[{"start":0,"end":8,"url":null,"entity_id":"Q433701","candidates":[]}],[],[{"start":0,"end":20,"url":null,"entity_id":"Q1011181","candidates":[]}]],[[{"start":0,"end":23,"url":null,"entity_id":"Q633430","candidates":[]}],[],[{"start":0,"end":10,"url":null,"entity_id":"Q18013","candidates":[]}]],[[{"start":0,"end":8,"url":null,"entity_id":"Q940880","candidates":[]}],[],[{"start":0,"end":21,"url":null,"entity_id":"Q7999541","candidates":[]}]],[[{"start":0,"end":12,"url":null,"entity_id":"Q921648","candidates":[]}],[],[{"start":0,"end":9,"url":null,"entity_id":"Q5553222","candidates":[]}]]]}