{"version":"1.2","table":{"version":"2","table_id":"4YP5U7D4","columns":[{"index":0,"name":"col0","values":["Barber–Scotia College","Paul Quinn College","Southern University at Shreveport","Voorhees College","Texas College","Oakwood University","Interdenominational Theological Center","Morehouse College","Alabama Agricultural and Mechanical University","Spelman College","Florida A&M University","Grambling State University","Prairie View A&M University","Savannah State University","Bethune-Cookman University","Johnson C. Smith University","Talladega College","Bennett College","Hampton University","Paine College"]},{"index":1,"name":"col1","values":["United States Collegiate Athletic Association","Transnational Association of Christian Colleges and Schools","Southern University System","National Association of Independent Colleges and Universities","Council of Independent Colleges","Council of Independent Colleges","Atlanta University Center","Atlanta University Center","Association of Public and Land-grant Universities","Annapolis Group","State University System of Florida","University of Louisiana System","Texas A&M University System","Mid-Eastern Athletic Conference","Mid-Eastern Athletic Conference","United Negro College Fund","United Negro College Fund","United Negro College Fund","Big South Conference","National Collegiate Athletic Association"]},{"index":2,"name":"col2","values":["1867-01-01","1872-01-01","1967-01-01","1897-01-01","1894-01-01","1896-01-01","1958-01-01","1867-01-01","1875-01-01","1881-01-01","1887-01-01","1901-01-01","1876-01-01","1890-01-01","2007-01-01","1867-01-01","1867-01-01","1873-01-01","1868-01-01","1882-01-01"]}]},"context":{"page_title":null,"page_url":null,"page_entity_id":null,"content_hierarchy":[]},"links":[[[{"start":0,"end":18,"url":null,"entity_id":"Q3898136","candidates":[]}],[{"start":0,"end":59,"url":null,"entity_id":"Q7834704","candidates":[]}],[]],[[{"start":0,"end":33,"url":null,"entity_id":"Q7570578","candidates":[]}],[{"start":0,"end":26,"url":null,"entity_id":"Q7570575","candidates":[]}],[]],[[{"start":0,"end":16,"url":null,"entity_id":"Q7941707","candidates":[]}],[{"start":0,"end":61,"url":null,"entity_id":"Q6970684","candidates":[]}],[]],[[{"start":0,"end":13,"url":null,"entity_id":"Q7707584","candidates":[]}],[{"start":0,"end":31,"url":null,"entity_id":"Q5176420","candidates":[]}],[]],[[{"start":0,"end":18,"url":null,"entity_id":"Q1056848","candidates":[]}],[{"start":0,"end":31,"url":null,"entity_id":"Q5176420","candidates":[]}],[]],[[{"start":0,"end":38,"url":null,"entity_id":"Q6046045","candidates":[]}],[{"start":0,"end":25,"url":null,"entity_id":"Q4816174","candidates":[]}],[]],[[{"start":0,"end":17,"url":null,"entity_id":"Q1524124","candidates":[]}],[{"start":0,"end":25,"url":null,"entity_id":"Q4816174","candidates":[]}],[]],[[{"start":0,"end":46,"url":null,"entity_id":"Q1551044","candidates":[]}],[{"start":0,"end":49,"url":null,"entity_id":"Q4810015","candidates":[]}],[]],[[{"start":0,"end":15,"url":null,"entity_id":"Q7575916","candidates":[]}],[{"start":0,"end":15,"url":null,"entity_id":"Q4767967","candidates":[]}],[]],[[{"start":0,"end":22,"url":null,"entity_id":"Q1430048","candidates":[]}],[{"start":0,"end":34,"url":null,"entity_id":"Q3382998","candidates":[]}],[]],[[{"start":0,"end":26,"url":null,"entity_id":"Q5593620","candidates":[]}],[{"start":0,"end":30,"url":null,"entity_id":"Q2495858","candidates":[]}],[]],[[{"start":0,"end":27,"url":null,"entity_id":"Q3306469","candidates":[]}],[{"start":0,"end":27,"url":null,"entity_id":"Q1781044","candidates":[]}],[]],[[{"start":0,"end":25,"url":null,"entity_id":"Q3474474","candidates":[]}],[{"start":0,"end":31,"url":null,"entity_id":"Q941010","candidates":[]}],[]],[[{"start":0,"end":26,"url":null,"entity_id":"Q3298457","candidates":[]}],[{"start":0,"end":31,"url":null,"entity_id":"Q941010","candidates":[]}],[]],[[{"start":0,"end":27,"url":null,"entity_id":"Q11979088","candidates":[]}],[{"start":0,"end":25,"url":null,"entity_id":"Q735469","candidates":[]}],[]],[[{"start":0,"end":17,"url":null,"entity_id":"Q7680006","candidates":[]}],[{"start":0,"end":25,"url":null,"entity_id":"Q735469","candidates":[]}],[]],[[{"start":0,"end":15,"url":null,"entity_id":"Q4889676","candidates":[]}],[{"start":0,"end":25,"url":null,"entity_id":"Q735469","candidates":[]}],[]],[[{"start":0,"end":18,"url":null,"entity_id":"Q1797817","candidates":[]}],[{"start":0,"end":20,"url":null,"entity_id":"Q426958","candidates":[]}],[]],[[{"start":0,"end":13,"url":null,"entity_id":"Q7124862","candidates":[]}],[{"start":0,"end":40,"url":null,"entity_id":"Q271805","candidates":[]}],[]],[[{"start":0,"end":21,"url":null,"entity_id":"Q4859639","candidates":[]}],[{"start":0,"end":45,"url":null,"entity_id":"Q7889631","candidates":[]}],[]]]}