{"version":"1.2","table":{"version":"2","table_id":"4YTW03H4","columns":[{"index":0,"name":"col0","values":["Plunger class","TR-1700-class submarine","Golf-class submarine","Triomphant-class submarine","Västergötland-class submarine","Gotland-class submarine","Vanguard-class submarine","Amphion-class submarine","Tang-class submarine","Sturgeon-class submarine","Permit class submarine","Gato-class submarine","United States S-class submarine","United States Porpoise-class submarine","United States E-class submarine","Tambor-class submarine","T-1-class submarine","Sargo-class submarine","Sailfish-class submarine","United States G-class submarine"]},{"index":1,"name":"col1","values":["Crescent Shipyard","Nordseewerke","Amur Shipbuilding Plant","Naval Group","Kockums","Kockums","Vickers Shipbuilding and Engineering","Vickers-Armstrongs","Portsmouth Naval Shipyard","General Dynamics Electric Boat","Portsmouth Naval Shipyard","General Dynamics Electric Boat","Bethlehem Steel","General Dynamics Electric Boat","General Dynamics Electric Boat","General Dynamics Electric Boat","General Dynamics Electric Boat","General Dynamics Electric Boat","Portsmouth Naval Shipyard","Newport News Shipbuilding"]},{"index":2,"name":"col2","values":["Template:Plunger class submarine","Template:Santa Cruz-class submarine","Template:Golf class submarine","Template:Triomphant class submarine","Template:Västergötland class submarine","Template:Gotland class submarine","Template:Vanguard class submarine","Template:Amphion class submarine","Template:Tang class submarine","Template:Sturgeon class submarine","Template:Permit class submarine","Template:Gato class submarine","Template:United States S class submarine","Template:United States Porpoise class submarine","Template:United States E class submarine","Template:Tambor class submarine","Template:T-1 class submarine","Template:Sargo class submarine","Template:Sailfish class submarine","Template:United States G class submarine"]}]},"context":{"page_title":null,"page_url":null,"page_entity_id":null,"content_hierarchy":[]},"links":[[[{"start":0,"end":23,"url":null,"entity_id":"Q1968997","candidates":[]}],[{"start":0,"end":12,"url":null,"entity_id":"Q560947","candidates":[]}],[{"start":0,"end":35,"url":null,"entity_id":"Q20322177","candidates":[]}]],[[{"start":0,"end":20,"url":null,"entity_id":"Q1068329","candidates":[]}],[{"start":0,"end":23,"url":null,"entity_id":"Q838929","candidates":[]}],[{"start":0,"end":29,"url":null,"entity_id":"Q14335722","candidates":[]}]],[[{"start":0,"end":26,"url":null,"entity_id":"Q1061181","candidates":[]}],[{"start":0,"end":11,"url":null,"entity_id":"Q1227511","candidates":[]}],[{"start":0,"end":35,"url":null,"entity_id":"Q14335110","candidates":[]}]],[[{"start":0,"end":29,"url":null,"entity_id":"Q1541289","candidates":[]}],[{"start":0,"end":7,"url":null,"entity_id":"Q1408079","candidates":[]}],[{"start":0,"end":38,"url":null,"entity_id":"Q5988958","candidates":[]}]],[[{"start":0,"end":23,"url":null,"entity_id":"Q1141901","candidates":[]}],[{"start":0,"end":7,"url":null,"entity_id":"Q1408079","candidates":[]}],[{"start":0,"end":32,"url":null,"entity_id":"Q5988942","candidates":[]}]],[[{"start":0,"end":24,"url":null,"entity_id":"Q938245","candidates":[]}],[{"start":0,"end":36,"url":null,"entity_id":"Q4011196","candidates":[]}],[{"start":0,"end":33,"url":null,"entity_id":"Q5988886","candidates":[]}]],[[{"start":0,"end":23,"url":null,"entity_id":"Q1462910","candidates":[]}],[{"start":0,"end":18,"url":null,"entity_id":"Q763052","candidates":[]}],[{"start":0,"end":32,"url":null,"entity_id":"Q5985087","candidates":[]}]],[[{"start":0,"end":20,"url":null,"entity_id":"Q1136699","candidates":[]}],[{"start":0,"end":25,"url":null,"entity_id":"Q1778836","candidates":[]}],[{"start":0,"end":29,"url":null,"entity_id":"Q5872205","candidates":[]}]],[[{"start":0,"end":24,"url":null,"entity_id":"Q1224797","candidates":[]}],[{"start":0,"end":30,"url":null,"entity_id":"Q1325893","candidates":[]}],[{"start":0,"end":33,"url":null,"entity_id":"Q5872188","candidates":[]}]],[[{"start":0,"end":22,"url":null,"entity_id":"Q1476763","candidates":[]}],[{"start":0,"end":25,"url":null,"entity_id":"Q1778836","candidates":[]}],[{"start":0,"end":31,"url":null,"entity_id":"Q5872155","candidates":[]}]],[[{"start":0,"end":20,"url":null,"entity_id":"Q1144934","candidates":[]}],[{"start":0,"end":30,"url":null,"entity_id":"Q1325893","candidates":[]}],[{"start":0,"end":29,"url":null,"entity_id":"Q5872103","candidates":[]}]],[[{"start":0,"end":31,"url":null,"entity_id":"Q1530956","candidates":[]}],[{"start":0,"end":15,"url":null,"entity_id":"Q27432","candidates":[]}],[{"start":0,"end":40,"url":null,"entity_id":"Q5872073","candidates":[]}]],[[{"start":0,"end":38,"url":null,"entity_id":"Q967977","candidates":[]}],[{"start":0,"end":30,"url":null,"entity_id":"Q1325893","candidates":[]}],[{"start":0,"end":47,"url":null,"entity_id":"Q5872063","candidates":[]}]],[[{"start":0,"end":31,"url":null,"entity_id":"Q1086999","candidates":[]}],[{"start":0,"end":30,"url":null,"entity_id":"Q1325893","candidates":[]}],[{"start":0,"end":40,"url":null,"entity_id":"Q5871958","candidates":[]}]],[[{"start":0,"end":22,"url":null,"entity_id":"Q3792815","candidates":[]}],[{"start":0,"end":30,"url":null,"entity_id":"Q1325893","candidates":[]}],[{"start":0,"end":31,"url":null,"entity_id":"Q5872199","candidates":[]}]],[[{"start":0,"end":19,"url":null,"entity_id":"Q5847242","candidates":[]}],[{"start":0,"end":30,"url":null,"entity_id":"Q1325893","candidates":[]}],[{"start":0,"end":28,"url":null,"entity_id":"Q5872193","candidates":[]}]],[[{"start":0,"end":21,"url":null,"entity_id":"Q3792787","candidates":[]}],[{"start":0,"end":30,"url":null,"entity_id":"Q1325893","candidates":[]}],[{"start":0,"end":30,"url":null,"entity_id":"Q5872176","candidates":[]}]],[[{"start":0,"end":24,"url":null,"entity_id":"Q3792937","candidates":[]}],[{"start":0,"end":25,"url":null,"entity_id":"Q1778836","candidates":[]}],[{"start":0,"end":33,"url":null,"entity_id":"Q5872161","candidates":[]}]],[[{"start":0,"end":31,"url":null,"entity_id":"Q4311281","candidates":[]}],[{"start":0,"end":25,"url":null,"entity_id":"Q82610","candidates":[]}],[{"start":0,"end":40,"url":null,"entity_id":"Q5872099","candidates":[]}]],[[{"start":0,"end":13,"url":null,"entity_id":"Q2811653","candidates":[]}],[{"start":0,"end":17,"url":null,"entity_id":"Q5184424","candidates":[]}],[{"start":0,"end":32,"url":null,"entity_id":"Q5871929","candidates":[]}]]]}