{"version":"1.2","table":{"version":"2","table_id":"4Z7TVS4N","columns":[{"index":0,"name":"col0","values":["BD+41 3248","TYC 3162-186-1","HD 181679","HD 184629","HD 189349","HD 178874","HD 182736","HD 182896","V541 Lyr","KIC 9832227","FL Lyrae","HD 203467","HD 209522","HD 186307","HD 176582","Psi2 Aquarii","Alpha Arae","Kepler-6","HD 173999","2MASS J19524524+4752316"]},{"index":1,"name":"col1","values":["9.95","12.029","7.69","7.86","7.31","7.37","7.01","6.8","6.71","12.369","9.36","5.18","5.953","6.23","6.403","4.4","2.95","11.634","8.79","10.163"]},{"index":2,"name":"col2","values":["-13.6","9.1","19.61","-26.3","-104.04","-7.05","-49.89","-17.08","17.5","-43.91","7.1","-16.5","2","-32","-8.3","17.7","0","-51.68","-15.11","-10.47"]},{"index":3,"name":"col3","values":["-2.069","-5","-36.922","-8.967","7.187","-5.659","37.616","-29.277","-15.309","-9.806","-0.308","6.328","-9.973","-12.89","-0.679","-12.834","-68.425","0.961","4.08","1.337"]},{"index":4,"name":"col4","values":["134","126","0","196","3.8","33.2","3.8","3","155","269","24.7","120","260","102","65","316","288","2.6","1.9","176"]}]},"context":{"page_title":null,"page_url":null,"page_entity_id":null,"content_hierarchy":[]},"links":[[[{"start":0,"end":14,"url":null,"entity_id":"Q74704358","candidates":[]}],[],[],[],[]],[[{"start":0,"end":9,"url":null,"entity_id":"Q66630966","candidates":[]}],[],[],[],[]],[[{"start":0,"end":9,"url":null,"entity_id":"Q66630959","candidates":[]}],[],[],[],[]],[[{"start":0,"end":9,"url":null,"entity_id":"Q66547973","candidates":[]}],[],[],[],[]],[[{"start":0,"end":9,"url":null,"entity_id":"Q66547967","candidates":[]}],[],[],[],[]],[[{"start":0,"end":9,"url":null,"entity_id":"Q66547961","candidates":[]}],[],[],[],[]],[[{"start":0,"end":9,"url":null,"entity_id":"Q66531011","candidates":[]}],[],[],[],[]],[[{"start":0,"end":8,"url":null,"entity_id":"Q66497424","candidates":[]}],[],[],[],[]],[[{"start":0,"end":11,"url":null,"entity_id":"Q28146986","candidates":[]}],[],[],[],[]],[[{"start":0,"end":8,"url":null,"entity_id":"Q22086872","candidates":[]}],[],[],[],[]],[[{"start":0,"end":9,"url":null,"entity_id":"Q10884337","candidates":[]}],[],[],[],[]],[[{"start":0,"end":9,"url":null,"entity_id":"Q10849356","candidates":[]}],[],[],[],[]],[[{"start":0,"end":9,"url":null,"entity_id":"Q10848929","candidates":[]}],[],[],[],[]],[[{"start":0,"end":9,"url":null,"entity_id":"Q6870572","candidates":[]}],[],[],[],[]],[[{"start":0,"end":12,"url":null,"entity_id":"Q3604297","candidates":[]}],[],[],[],[]],[[{"start":0,"end":10,"url":null,"entity_id":"Q2074757","candidates":[]}],[],[],[],[]],[[{"start":0,"end":8,"url":null,"entity_id":"Q855428","candidates":[]}],[],[],[],[]],[[{"start":0,"end":9,"url":null,"entity_id":"Q78260140","candidates":[]}],[],[],[],[]],[[{"start":0,"end":23,"url":null,"entity_id":"Q75134025","candidates":[]}],[],[],[],[]],[[{"start":0,"end":10,"url":null,"entity_id":"Q74903670","candidates":[]}],[],[],[],[]]]}