{"version":"1.2","table":{"version":"2","table_id":"4ZPH7GA7","columns":[{"index":0,"name":"col0","values":["Zimbabwean cricket team in Bangladesh in 2018–19","West Indian cricket team in Bangladesh in 2018–19","Sri Lankan cricket team in Bangladesh in 2017–18","Afghan cricket team in Bangladesh in 2016–17","Zimbabwean cricket team in Bangladesh in 2015–16","Pakistani cricket team in Bangladesh in 2014–15","Kenyan cricket team in Bangladesh in 2005–06","Pakistani cricket team in Bangladesh in 2001–02","Zimbabwean cricket team in Bangladesh in 2001–02","English cricket team in Bangladesh in 2016–17","Irish cricket team in Bangladesh in 2007–08","New Zealand cricket team in Bangladesh in 2010–11","Indian cricket team in Bangladesh in 2009–10","English cricket team in Bangladesh in 2010","Australian cricket team in Bangladesh in 2005–06","Indian cricket team in Bangladesh in 2004–05","Pakistani cricket team in Bangladesh in 1979–80","Pakistani cricket team in Bangladesh in 2011–12","Scottish cricket team in Bangladesh in 2006–07","Zimbabwean cricket team in Bangladesh in 2014–15"]},{"index":1,"name":"col1","values":["2018–2019 one-year-period","2018–2019 one-year-period","2017-2018 one-year-period","2016-2017 one-year-period","2015-2016 one-year-period","2014-2015 one-year-period","2005-2006 one-year-period","2001-2002 one-year-period","2001-2002 one-year-period","2016-2017 one-year-period","2007-2008 one-year-period","2010-2011 one-year-period","2009-2010 one-year-period","2009-2010 one-year-period","2005-2006 one-year-period","2004-2005 one-year-period","1979-1980 one-year-period","2011-2012 one-year-period","2006-2007 one-year-period","2014-2015 one-year-period"]},{"index":2,"name":"col2","values":["2018-11-15","2018-12-22","2018-02-18","2016-10-01","2015-11-15","2015-05-10","2006-03-25","2002-01-25","2001-11-25","2016-11-01","2008-03-22","2010-10-17","2010-01-28","2010-03-24","2006-04-28","2004-12-27","1980-01-06","2011-12-21","2006-12-17","2014-12-01"]}]},"context":{"page_title":null,"page_url":null,"page_entity_id":null,"content_hierarchy":[]},"links":[[[{"start":0,"end":48,"url":null,"entity_id":"Q48731351","candidates":[]}],[{"start":0,"end":25,"url":null,"entity_id":"Q52394608","candidates":[]}],[]],[[{"start":0,"end":49,"url":null,"entity_id":"Q48731349","candidates":[]}],[{"start":0,"end":25,"url":null,"entity_id":"Q52394608","candidates":[]}],[]],[[{"start":0,"end":48,"url":null,"entity_id":"Q28128312","candidates":[]}],[{"start":0,"end":25,"url":null,"entity_id":"Q47015413","candidates":[]}],[]],[[{"start":0,"end":44,"url":null,"entity_id":"Q26791910","candidates":[]}],[{"start":0,"end":25,"url":null,"entity_id":"Q30201458","candidates":[]}],[]],[[{"start":0,"end":48,"url":null,"entity_id":"Q20871742","candidates":[]}],[{"start":0,"end":25,"url":null,"entity_id":"Q53386085","candidates":[]}],[]],[[{"start":0,"end":47,"url":null,"entity_id":"Q19694813","candidates":[]}],[{"start":0,"end":25,"url":null,"entity_id":"Q53386064","candidates":[]}],[]],[[{"start":0,"end":44,"url":null,"entity_id":"Q18387765","candidates":[]}],[{"start":0,"end":25,"url":null,"entity_id":"Q53385836","candidates":[]}],[]],[[{"start":0,"end":47,"url":null,"entity_id":"Q18392265","candidates":[]}],[{"start":0,"end":25,"url":null,"entity_id":"Q53385743","candidates":[]}],[]],[[{"start":0,"end":48,"url":null,"entity_id":"Q18391116","candidates":[]}],[{"start":0,"end":25,"url":null,"entity_id":"Q53385743","candidates":[]}],[]],[[{"start":0,"end":45,"url":null,"entity_id":"Q22098313","candidates":[]}],[{"start":0,"end":25,"url":null,"entity_id":"Q30201458","candidates":[]}],[]],[[{"start":0,"end":43,"url":null,"entity_id":"Q6071452","candidates":[]}],[{"start":0,"end":25,"url":null,"entity_id":"Q53389304","candidates":[]}],[]],[[{"start":0,"end":49,"url":null,"entity_id":"Q7015997","candidates":[]}],[{"start":0,"end":25,"url":null,"entity_id":"Q53385955","candidates":[]}],[]],[[{"start":0,"end":44,"url":null,"entity_id":"Q6022007","candidates":[]}],[{"start":0,"end":25,"url":null,"entity_id":"Q53385935","candidates":[]}],[]],[[{"start":0,"end":42,"url":null,"entity_id":"Q5378485","candidates":[]}],[{"start":0,"end":25,"url":null,"entity_id":"Q53385935","candidates":[]}],[]],[[{"start":0,"end":48,"url":null,"entity_id":"Q4824899","candidates":[]}],[{"start":0,"end":25,"url":null,"entity_id":"Q53385836","candidates":[]}],[]],[[{"start":0,"end":44,"url":null,"entity_id":"Q6021990","candidates":[]}],[{"start":0,"end":25,"url":null,"entity_id":"Q48110564","candidates":[]}],[]],[[{"start":0,"end":47,"url":null,"entity_id":"Q7125837","candidates":[]}],[{"start":0,"end":25,"url":null,"entity_id":"Q53388906","candidates":[]}],[]],[[{"start":0,"end":47,"url":null,"entity_id":"Q7125838","candidates":[]}],[{"start":0,"end":25,"url":null,"entity_id":"Q53385980","candidates":[]}],[]],[[{"start":0,"end":46,"url":null,"entity_id":"Q7438064","candidates":[]}],[{"start":0,"end":25,"url":null,"entity_id":"Q53385867","candidates":[]}],[]],[[{"start":0,"end":48,"url":null,"entity_id":"Q18072189","candidates":[]}],[{"start":0,"end":25,"url":null,"entity_id":"Q53386064","candidates":[]}],[]]]}