{"version":"1.2","table":{"version":"2","table_id":"503YDO6M","columns":[{"index":0,"name":"col0","values":["Salar del Huasco","Mayon Volcano Natural Park","Aguaro-Guariquito National Park","Fort Stevens","Kudremukh","Ba Bể National Park","Chiribiquete National Park","Ruvubu National Park","Diawling National Park","Machalilla National Park","Ras Muhammad National Park","Canaima National Park","Pendjari National Park","Kerinci Seblat National Park","Gunung Leuser National Park","Berbak National Park","Cajas","Sajama National Park","Mukurthi National Park","Una National Park"]},{"index":1,"name":"col1","values":["3786","2353","75","97","1894","206","189","1361","5","3","14","445","198","1203","2022","520","3615","4775","2629","374"]},{"index":2,"name":"col2","values":["Ramsar site","Tentative World Heritage Site","National historical monument of Venezuela","NRHP contributing property","part of World Heritage Site","Tentative World Heritage Site","UNESCO World Heritage Site","Tentative World Heritage Site","Ramsar site","Tentative World Heritage Site","Tentative World Heritage Site","UNESCO World Heritage Site","part of World Heritage Site","part of World Heritage Site","part of World Heritage Site","Ramsar site","Ramsar site","Tentative World Heritage Site","part of World Heritage Site","Tentative World Heritage Site"]},{"index":3,"name":"col3","values":["2005-05-09","1938-07-12","1974-01-01","1861-01-01","1916-01-01","1992-01-01","1989-01-01","1980-03-03","1990-01-01","1979-01-01","1983-01-01","1962-06-12","1961-01-01","1999-01-01","1980-01-01","1992-01-01","1996-01-01","1938-01-01","2001-01-01","2008-01-01"]}]},"context":{"page_title":null,"page_url":null,"page_entity_id":null,"content_hierarchy":[]},"links":[[[{"start":0,"end":16,"url":null,"entity_id":"Q20022191","candidates":[]}],[],[{"start":0,"end":11,"url":null,"entity_id":"Q19683138","candidates":[]}],[]],[[{"start":0,"end":26,"url":null,"entity_id":"Q15252301","candidates":[]}],[],[{"start":0,"end":29,"url":null,"entity_id":"Q17278671","candidates":[]}],[]],[[{"start":0,"end":31,"url":null,"entity_id":"Q4845626","candidates":[]}],[],[{"start":0,"end":41,"url":null,"entity_id":"Q28478883","candidates":[]}],[]],[[{"start":0,"end":12,"url":null,"entity_id":"Q5472116","candidates":[]}],[],[{"start":0,"end":26,"url":null,"entity_id":"Q1129142","candidates":[]}],[]],[[{"start":0,"end":9,"url":null,"entity_id":"Q1766106","candidates":[]}],[],[{"start":0,"end":27,"url":null,"entity_id":"Q43113623","candidates":[]}],[]],[[{"start":0,"end":19,"url":null,"entity_id":"Q1968747","candidates":[]}],[],[{"start":0,"end":29,"url":null,"entity_id":"Q17278671","candidates":[]}],[]],[[{"start":0,"end":26,"url":null,"entity_id":"Q2603196","candidates":[]}],[],[{"start":0,"end":26,"url":null,"entity_id":"Q9259","candidates":[]}],[]],[[{"start":0,"end":20,"url":null,"entity_id":"Q3695993","candidates":[]}],[],[{"start":0,"end":29,"url":null,"entity_id":"Q17278671","candidates":[]}],[]],[[{"start":0,"end":22,"url":null,"entity_id":"Q1209241","candidates":[]}],[],[{"start":0,"end":11,"url":null,"entity_id":"Q19683138","candidates":[]}],[]],[[{"start":0,"end":24,"url":null,"entity_id":"Q1076030","candidates":[]}],[],[{"start":0,"end":29,"url":null,"entity_id":"Q17278671","candidates":[]}],[]],[[{"start":0,"end":26,"url":null,"entity_id":"Q1028367","candidates":[]}],[],[{"start":0,"end":29,"url":null,"entity_id":"Q17278671","candidates":[]}],[]],[[{"start":0,"end":21,"url":null,"entity_id":"Q1244337","candidates":[]}],[],[{"start":0,"end":26,"url":null,"entity_id":"Q9259","candidates":[]}],[]],[[{"start":0,"end":22,"url":null,"entity_id":"Q1474363","candidates":[]}],[],[{"start":0,"end":27,"url":null,"entity_id":"Q43113623","candidates":[]}],[]],[[{"start":0,"end":28,"url":null,"entity_id":"Q1467901","candidates":[]}],[],[{"start":0,"end":27,"url":null,"entity_id":"Q43113623","candidates":[]}],[]],[[{"start":0,"end":27,"url":null,"entity_id":"Q1335616","candidates":[]}],[],[{"start":0,"end":27,"url":null,"entity_id":"Q43113623","candidates":[]}],[]],[[{"start":0,"end":20,"url":null,"entity_id":"Q1517526","candidates":[]}],[],[{"start":0,"end":11,"url":null,"entity_id":"Q19683138","candidates":[]}],[]],[[{"start":0,"end":5,"url":null,"entity_id":"Q1295864","candidates":[]}],[],[{"start":0,"end":11,"url":null,"entity_id":"Q19683138","candidates":[]}],[]],[[{"start":0,"end":20,"url":null,"entity_id":"Q1519747","candidates":[]}],[],[{"start":0,"end":29,"url":null,"entity_id":"Q17278671","candidates":[]}],[]],[[{"start":0,"end":22,"url":null,"entity_id":"Q2985390","candidates":[]}],[],[{"start":0,"end":27,"url":null,"entity_id":"Q43113623","candidates":[]}],[]],[[{"start":0,"end":17,"url":null,"entity_id":"Q3179381","candidates":[]}],[],[{"start":0,"end":29,"url":null,"entity_id":"Q17278671","candidates":[]}],[]]]}