{"version":"1.2","table":{"version":"2","table_id":"50H4A92D","columns":[{"index":0,"name":"col0","values":["2020 Hanau shootings","Nakhon Ratchasima shooting","Virginia Beach shooting","Poway synagogue shooting","Maidan Shar attack","2018 Strasbourg attack","Pittsburgh synagogue shooting","Aberdeen, Maryland shooting","Jacksonville Landing shooting","Santa Fe High School shooting","YouTube headquarters shooting","Marjory Stoneman Douglas High School shooting","Sutherland Springs church shooting","2017 Las Vegas shooting","2017 Har Adar shooting","2017 Temple Mount shooting","June 2017 Jerusalem attack","2017 Congressional baseball shooting","2017 Tehran attacks","2017 Quebec City mosque shooting"]},{"index":1,"name":"col1","values":["1","1","1","1","3","1","1","1","1","1","1","1","1","1","1","3","3","1","7","1"]},{"index":2,"name":"col2","values":["10","29","13","1","129","5","11","4","3","10","1","17","26","59","4","2","4","1","6","6"]},{"index":3,"name":"col3","values":["5","58","5","3","70","12","6","3","11","14","4","14","20","851","1","1","4","6","43","19"]}]},"context":{"page_title":null,"page_url":null,"page_entity_id":null,"content_hierarchy":[]},"links":[[[{"start":0,"end":20,"url":null,"entity_id":"Q85636305","candidates":[]}],[],[],[]],[[{"start":0,"end":26,"url":null,"entity_id":"Q84599740","candidates":[]}],[],[],[]],[[{"start":0,"end":23,"url":null,"entity_id":"Q64214898","candidates":[]}],[],[],[]],[[{"start":0,"end":24,"url":null,"entity_id":"Q63353827","candidates":[]}],[],[],[]],[[{"start":0,"end":18,"url":null,"entity_id":"Q60774860","candidates":[]}],[],[],[]],[[{"start":0,"end":22,"url":null,"entity_id":"Q59647120","candidates":[]}],[],[],[]],[[{"start":0,"end":29,"url":null,"entity_id":"Q57830735","candidates":[]}],[],[],[]],[[{"start":0,"end":27,"url":null,"entity_id":"Q56678661","candidates":[]}],[],[],[]],[[{"start":0,"end":29,"url":null,"entity_id":"Q56256213","candidates":[]}],[],[],[]],[[{"start":0,"end":29,"url":null,"entity_id":"Q53725630","candidates":[]}],[],[],[]],[[{"start":0,"end":29,"url":null,"entity_id":"Q51339458","candidates":[]}],[],[],[]],[[{"start":0,"end":45,"url":null,"entity_id":"Q48714898","candidates":[]}],[],[],[]],[[{"start":0,"end":34,"url":null,"entity_id":"Q42725753","candidates":[]}],[],[],[]],[[{"start":0,"end":23,"url":null,"entity_id":"Q41522095","candidates":[]}],[],[],[]],[[{"start":0,"end":22,"url":null,"entity_id":"Q41071849","candidates":[]}],[],[],[]],[[{"start":0,"end":26,"url":null,"entity_id":"Q33035595","candidates":[]}],[],[],[]],[[{"start":0,"end":26,"url":null,"entity_id":"Q30319823","candidates":[]}],[],[],[]],[[{"start":0,"end":36,"url":null,"entity_id":"Q30278163","candidates":[]}],[],[],[]],[[{"start":0,"end":19,"url":null,"entity_id":"Q30147595","candidates":[]}],[],[],[]],[[{"start":0,"end":32,"url":null,"entity_id":"Q28549976","candidates":[]}],[],[],[]]]}