{"version":"1.2","table":{"version":"2","table_id":"50TVOSZR","columns":[{"index":0,"name":"col0","values":["Jackson County","Genesee County","Cheboygan County","Chippewa County","Arenac County","Delta County","Baraga County","Emmet County","Dickinson County","Mackinac County","Eaton County","Antrim County","Hillsdale County","Luce County","Grand Traverse County","Gladwin County","Alpena County","Alger County","Benzie County","Crawford County"]},{"index":1,"name":"col1","values":["160369","415376","25726","38696","15487","36905","8695","33140","26098","11061","108348","23370","46101","6502","89987","25493","29091","9522","17428","13904"]},{"index":2,"name":"col2","values":["3","1.9","19","42","47","41","16","47","2","51","0.7","21","1.5","53","23","2.7","66","82","63","1.2"]},{"index":3,"name":"col3","values":["1875","1682","2293","6988","1763","5158","2768","2285","2013","5440","1500","1559","1572","4952","1557","1338","4390","13077","2226","1459"]}]},"context":{"page_title":null,"page_url":null,"page_entity_id":null,"content_hierarchy":[]},"links":[[[{"start":0,"end":14,"url":null,"entity_id":"Q497702","candidates":[]}],[],[],[]],[[{"start":0,"end":14,"url":null,"entity_id":"Q497695","candidates":[]}],[],[],[]],[[{"start":0,"end":16,"url":null,"entity_id":"Q491889","candidates":[]}],[],[],[]],[[{"start":0,"end":15,"url":null,"entity_id":"Q491882","candidates":[]}],[],[],[]],[[{"start":0,"end":13,"url":null,"entity_id":"Q491868","candidates":[]}],[],[],[]],[[{"start":0,"end":12,"url":null,"entity_id":"Q491857","candidates":[]}],[],[],[]],[[{"start":0,"end":13,"url":null,"entity_id":"Q491140","candidates":[]}],[],[],[]],[[{"start":0,"end":12,"url":null,"entity_id":"Q491129","candidates":[]}],[],[],[]],[[{"start":0,"end":16,"url":null,"entity_id":"Q491126","candidates":[]}],[],[],[]],[[{"start":0,"end":15,"url":null,"entity_id":"Q491121","candidates":[]}],[],[],[]],[[{"start":0,"end":12,"url":null,"entity_id":"Q490813","candidates":[]}],[],[],[]],[[{"start":0,"end":13,"url":null,"entity_id":"Q490807","candidates":[]}],[],[],[]],[[{"start":0,"end":16,"url":null,"entity_id":"Q490656","candidates":[]}],[],[],[]],[[{"start":0,"end":11,"url":null,"entity_id":"Q490649","candidates":[]}],[],[],[]],[[{"start":0,"end":21,"url":null,"entity_id":"Q490647","candidates":[]}],[],[],[]],[[{"start":0,"end":14,"url":null,"entity_id":"Q490642","candidates":[]}],[],[],[]],[[{"start":0,"end":13,"url":null,"entity_id":"Q486293","candidates":[]}],[],[],[]],[[{"start":0,"end":12,"url":null,"entity_id":"Q486210","candidates":[]}],[],[],[]],[[{"start":0,"end":13,"url":null,"entity_id":"Q486043","candidates":[]}],[],[],[]],[[{"start":0,"end":15,"url":null,"entity_id":"Q382993","candidates":[]}],[],[],[]]]}