{"version":"1.2","table":{"version":"2","table_id":"50UERVDR","columns":[{"index":0,"name":"col0","values":["Samsung Galaxy Note 4","Samsung Galaxy Alpha","BlackBerry Z30","LG Optimus L4 II","HTC One M8","Xiaomi Mi 2S","Sony Xperia Z2","Samsung Galaxy S5","Sony Xperia Z1 Compact","Sony Xperia Z1","Samsung Galaxy Note 3","LG G2","Samsung Galaxy S4","HTC One","BlackBerry Z10","BlackBerry Q10","Sony Xperia Z","Nokia 5235","Nokia C5-00","Sony Xperia E"]},{"index":1,"name":"col1","values":["78.6","65.5","72","112.5","70.6","62","73","72.5","64.9","74","79.2","70.9","70","68.2","65.6","66.8","71","51.7","46","61.8"]},{"index":2,"name":"col2","values":["2420698","1600000","140","129","1265153","850000","1550000","2600000","725000","1490000","1990000","2139000","2000000","2373343","749000","969317","3459000","120","320000","1149000"]}]},"context":{"page_title":null,"page_url":null,"page_entity_id":null,"content_hierarchy":[]},"links":[[[{"start":0,"end":20,"url":null,"entity_id":"Q17523623","candidates":[]}],[],[]],[[{"start":0,"end":14,"url":null,"entity_id":"Q16842889","candidates":[]}],[],[]],[[{"start":0,"end":16,"url":null,"entity_id":"Q16570062","candidates":[]}],[],[]],[[{"start":0,"end":10,"url":null,"entity_id":"Q15978785","candidates":[]}],[],[]],[[{"start":0,"end":12,"url":null,"entity_id":"Q15956482","candidates":[]}],[],[]],[[{"start":0,"end":14,"url":null,"entity_id":"Q15814121","candidates":[]}],[],[]],[[{"start":0,"end":17,"url":null,"entity_id":"Q15618594","candidates":[]}],[],[]],[[{"start":0,"end":22,"url":null,"entity_id":"Q15604405","candidates":[]}],[],[]],[[{"start":0,"end":14,"url":null,"entity_id":"Q14830132","candidates":[]}],[],[]],[[{"start":0,"end":21,"url":null,"entity_id":"Q14822047","candidates":[]}],[],[]],[[{"start":0,"end":5,"url":null,"entity_id":"Q14516389","candidates":[]}],[],[]],[[{"start":0,"end":17,"url":null,"entity_id":"Q5812783","candidates":[]}],[],[]],[[{"start":0,"end":7,"url":null,"entity_id":"Q4977466","candidates":[]}],[],[]],[[{"start":0,"end":14,"url":null,"entity_id":"Q3922240","candidates":[]}],[],[]],[[{"start":0,"end":14,"url":null,"entity_id":"Q3907172","candidates":[]}],[],[]],[[{"start":0,"end":13,"url":null,"entity_id":"Q2811581","candidates":[]}],[],[]],[[{"start":0,"end":10,"url":null,"entity_id":"Q2368042","candidates":[]}],[],[]],[[{"start":0,"end":11,"url":null,"entity_id":"Q2357052","candidates":[]}],[],[]],[[{"start":0,"end":13,"url":null,"entity_id":"Q2011105","candidates":[]}],[],[]],[[{"start":0,"end":21,"url":null,"entity_id":"Q17859761","candidates":[]}],[],[]]]}