{"version":"1.2","table":{"version":"2","table_id":"51BN46AU","columns":[{"index":0,"name":"col0","values":["Fort Belgica","Fort Ginkel","Fort de Roovere","Forte di San Rocco","Fort Sint-Bernard","Fort van Merksem","Casemate Fort, Whiting Quadrangle","Battery Garesché","Castillo San Cristóbal","Burlingame's Fort","Fort Klamath","Palakkad Fort","Tellicherry fort","Fort Neuf de Vincennes","Fort of Paimogo","Peniche Fortress","Fort of São João Baptista (Berlengas)","Fort 2","Fort Yamhill","Fort Lyon"]},{"index":1,"name":"col1","values":["Maluku","Venlo","Halsteren","Marina di Grosseto","Zelzate","Merksem","Fort Hamilton","Fairlington","Viejo San Juan","Burlingame","Fort Klamath","Palakkad","Thalassery","bois de Vincennes","Lourinhã","São Pedro","São Pedro","Wommelgem","Willamina","Las Animas"]},{"index":2,"name":"col2","values":["Indonesia","Netherlands","Netherlands","Italy","Belgium","Belgium","United States of America","United States of America","United States of America","United States of America","United States of America","India","India","France","Portugal","Portugal","Portugal","Belgium","United States of America","United States of America"]}]},"context":{"page_title":null,"page_url":null,"page_entity_id":null,"content_hierarchy":[]},"links":[[[{"start":0,"end":11,"url":null,"entity_id":"Q4335569","candidates":[]}],[{"start":0,"end":5,"url":null,"entity_id":"Q3322237","candidates":[]}],[{"start":0,"end":11,"url":null,"entity_id":"Q55","candidates":[]}]],[[{"start":0,"end":15,"url":null,"entity_id":"Q4823340","candidates":[]}],[{"start":0,"end":9,"url":null,"entity_id":"Q2213267","candidates":[]}],[{"start":0,"end":11,"url":null,"entity_id":"Q55","candidates":[]}]],[[{"start":0,"end":18,"url":null,"entity_id":"Q3748691","candidates":[]}],[{"start":0,"end":18,"url":null,"entity_id":"Q531400","candidates":[]}],[{"start":0,"end":5,"url":null,"entity_id":"Q38","candidates":[]}]],[[{"start":0,"end":17,"url":null,"entity_id":"Q5063413","candidates":[]}],[{"start":0,"end":7,"url":null,"entity_id":"Q21760359","candidates":[]}],[{"start":0,"end":7,"url":null,"entity_id":"Q31","candidates":[]}]],[[{"start":0,"end":16,"url":null,"entity_id":"Q5120930","candidates":[]}],[{"start":0,"end":7,"url":null,"entity_id":"Q2543761","candidates":[]}],[{"start":0,"end":7,"url":null,"entity_id":"Q31","candidates":[]}]],[[{"start":0,"end":33,"url":null,"entity_id":"Q5048405","candidates":[]}],[{"start":0,"end":13,"url":null,"entity_id":"Q5471273","candidates":[]}],[{"start":0,"end":24,"url":null,"entity_id":"Q30","candidates":[]}]],[[{"start":0,"end":16,"url":null,"entity_id":"Q4869846","candidates":[]}],[{"start":0,"end":11,"url":null,"entity_id":"Q5430555","candidates":[]}],[{"start":0,"end":24,"url":null,"entity_id":"Q30","candidates":[]}]],[[{"start":0,"end":22,"url":null,"entity_id":"Q3748608","candidates":[]}],[{"start":0,"end":14,"url":null,"entity_id":"Q5413104","candidates":[]}],[{"start":0,"end":24,"url":null,"entity_id":"Q30","candidates":[]}]],[[{"start":0,"end":17,"url":null,"entity_id":"Q4999166","candidates":[]}],[{"start":0,"end":10,"url":null,"entity_id":"Q2673341","candidates":[]}],[{"start":0,"end":24,"url":null,"entity_id":"Q30","candidates":[]}]],[[{"start":0,"end":12,"url":null,"entity_id":"Q4804996","candidates":[]}],[{"start":0,"end":12,"url":null,"entity_id":"Q3474160","candidates":[]}],[{"start":0,"end":24,"url":null,"entity_id":"Q30","candidates":[]}]],[[{"start":0,"end":13,"url":null,"entity_id":"Q3522109","candidates":[]}],[{"start":0,"end":8,"url":null,"entity_id":"Q1006240","candidates":[]}],[{"start":0,"end":5,"url":null,"entity_id":"Q668","candidates":[]}]],[[{"start":0,"end":16,"url":null,"entity_id":"Q3523380","candidates":[]}],[{"start":0,"end":10,"url":null,"entity_id":"Q367354","candidates":[]}],[{"start":0,"end":5,"url":null,"entity_id":"Q668","candidates":[]}]],[[{"start":0,"end":22,"url":null,"entity_id":"Q3078275","candidates":[]}],[{"start":0,"end":17,"url":null,"entity_id":"Q271639","candidates":[]}],[{"start":0,"end":6,"url":null,"entity_id":"Q142","candidates":[]}]],[[{"start":0,"end":15,"url":null,"entity_id":"Q3078213","candidates":[]}],[{"start":0,"end":8,"url":null,"entity_id":"Q2031730","candidates":[]}],[{"start":0,"end":8,"url":null,"entity_id":"Q45","candidates":[]}]],[[{"start":0,"end":16,"url":null,"entity_id":"Q3078430","candidates":[]}],[{"start":0,"end":9,"url":null,"entity_id":"Q1011222","candidates":[]}],[{"start":0,"end":8,"url":null,"entity_id":"Q45","candidates":[]}]],[[{"start":0,"end":37,"url":null,"entity_id":"Q3078262","candidates":[]}],[{"start":0,"end":9,"url":null,"entity_id":"Q1011222","candidates":[]}],[{"start":0,"end":8,"url":null,"entity_id":"Q45","candidates":[]}]],[[{"start":0,"end":6,"url":null,"entity_id":"Q3490961","candidates":[]}],[{"start":0,"end":9,"url":null,"entity_id":"Q839037","candidates":[]}],[{"start":0,"end":7,"url":null,"entity_id":"Q31","candidates":[]}]],[[{"start":0,"end":12,"url":null,"entity_id":"Q3078113","candidates":[]}],[{"start":0,"end":9,"url":null,"entity_id":"Q2596170","candidates":[]}],[{"start":0,"end":24,"url":null,"entity_id":"Q30","candidates":[]}]],[[{"start":0,"end":9,"url":null,"entity_id":"Q3077930","candidates":[]}],[{"start":0,"end":10,"url":null,"entity_id":"Q1987894","candidates":[]}],[{"start":0,"end":24,"url":null,"entity_id":"Q30","candidates":[]}]],[[{"start":0,"end":12,"url":null,"entity_id":"Q4982061","candidates":[]}],[{"start":0,"end":6,"url":null,"entity_id":"Q5093","candidates":[]}],[{"start":0,"end":9,"url":null,"entity_id":"Q252","candidates":[]}]]]}