{"version":"1.2","table":{"version":"2","table_id":"51IHXFHE","columns":[{"index":0,"name":"col0","values":["Neuhaus am Inn","Lauterhofen","Schmidmühlen","Poppenricht","Mengkofen","Schalkham","Freihung","Waidhaus","Hengersberg","Bodenmais","Georgenberg","Ebermannsdorf","Pfeffenhausen","Obersüßbach","Kümmersbruck","Hohenthann","Moosthenning","Illschwang","Niederaichbach","Neufraunhofen"]},{"index":1,"name":"col1","values":["730","757","589","695","1218","237","701","607","1475","953","445","482","1177","308","1738","701","1084","440","687","267"]},{"index":2,"name":"col2","values":["1094","862","841","1049","1421","244","960","910","2126","1406","577","654","1453","342","2892","764","1226","510","853","301"]},{"index":3,"name":"col3","values":["323","480","358","406","398","430","433","524","311","689","600","383","436","472","396","487","368","488","376","495"]},{"index":4,"name":"col4","values":["30.93","77.47","25.33","11.55","84.65","22.67","46.35","29.45","45.81","45.27","16.01","36.1","71.76","23.59","46.38","68.24","70.4","54.17","34.06","17.94"]}]},"context":{"page_title":null,"page_url":null,"page_entity_id":null,"content_hierarchy":[]},"links":[[[{"start":0,"end":14,"url":null,"entity_id":"Q517810","candidates":[]}],[],[],[],[]],[[{"start":0,"end":11,"url":null,"entity_id":"Q517565","candidates":[]}],[],[],[],[]],[[{"start":0,"end":12,"url":null,"entity_id":"Q516827","candidates":[]}],[],[],[],[]],[[{"start":0,"end":11,"url":null,"entity_id":"Q516816","candidates":[]}],[],[],[],[]],[[{"start":0,"end":9,"url":null,"entity_id":"Q516301","candidates":[]}],[],[],[],[]],[[{"start":0,"end":9,"url":null,"entity_id":"Q516249","candidates":[]}],[],[],[],[]],[[{"start":0,"end":8,"url":null,"entity_id":"Q515907","candidates":[]}],[],[],[],[]],[[{"start":0,"end":8,"url":null,"entity_id":"Q515763","candidates":[]}],[],[],[],[]],[[{"start":0,"end":11,"url":null,"entity_id":"Q514715","candidates":[]}],[],[],[],[]],[[{"start":0,"end":9,"url":null,"entity_id":"Q513654","candidates":[]}],[],[],[],[]],[[{"start":0,"end":11,"url":null,"entity_id":"Q513642","candidates":[]}],[],[],[],[]],[[{"start":0,"end":13,"url":null,"entity_id":"Q513528","candidates":[]}],[],[],[],[]],[[{"start":0,"end":13,"url":null,"entity_id":"Q513303","candidates":[]}],[],[],[],[]],[[{"start":0,"end":11,"url":null,"entity_id":"Q513261","candidates":[]}],[],[],[],[]],[[{"start":0,"end":12,"url":null,"entity_id":"Q513249","candidates":[]}],[],[],[],[]],[[{"start":0,"end":10,"url":null,"entity_id":"Q512719","candidates":[]}],[],[],[],[]],[[{"start":0,"end":12,"url":null,"entity_id":"Q512204","candidates":[]}],[],[],[],[]],[[{"start":0,"end":10,"url":null,"entity_id":"Q512127","candidates":[]}],[],[],[],[]],[[{"start":0,"end":14,"url":null,"entity_id":"Q511685","candidates":[]}],[],[],[],[]],[[{"start":0,"end":13,"url":null,"entity_id":"Q511656","candidates":[]}],[],[],[],[]]]}