{"version":"1.2","table":{"version":"2","table_id":"51SUYOER","columns":[{"index":0,"name":"col0","values":["The Pretenders","Brainstorm","A Friend in London","Telex","Vanilla Ninja","Elán","The Boomtown Rats","Run-D.M.C.","No Angels","Blue","Lordi","Spandau Ballet","ABBA","Los TNT","Silver Convention","Il Volo","Mental As Anything","Duran Duran","Las Ketchup","Secret Garden"]},{"index":1,"name":"col1","values":["Live Aid","Eurovision Song Contest 2000","Eurovision Song Contest 2011","Eurovision Song Contest 1980","Eurovision Song Contest 2005","Eurovision Song Contest 1993","Live Aid","Live Aid","Eurovision Song Contest 2008","Eurovision Song Contest 2011","Eurovision Song Contest 2006","Live Aid","Eurovision Song Contest 1974","Eurovision Song Contest 1964","Eurovision Song Contest 1977","Eurovision Song Contest 2015","Oz for Africa","Live Aid","Eurovision Song Contest 2006","Eurovision Song Contest 1995"]},{"index":2,"name":"col2","values":["Sire","EMI","ArtPeople","EMI","TopTen","OPUS Records","Mercury Records","Arista","Universal Music Group","Innocent Records","AFM Records","Epic","Universal Music Group","RCA Records","Atco Records","Geffen Records","CBS Records","Capitol Records","Warner Music Group","Universal Records"]}]},"context":{"page_title":null,"page_url":null,"page_entity_id":null,"content_hierarchy":[]},"links":[[[{"start":0,"end":14,"url":null,"entity_id":"Q667389","candidates":[]}],[{"start":0,"end":8,"url":null,"entity_id":"Q193740","candidates":[]}],[{"start":0,"end":4,"url":null,"entity_id":"Q165711","candidates":[]}]],[[{"start":0,"end":10,"url":null,"entity_id":"Q627520","candidates":[]}],[{"start":0,"end":28,"url":null,"entity_id":"Q11113","candidates":[]}],[{"start":0,"end":3,"url":null,"entity_id":"Q183412","candidates":[]}]],[[{"start":0,"end":18,"url":null,"entity_id":"Q300414","candidates":[]}],[{"start":0,"end":28,"url":null,"entity_id":"Q10160","candidates":[]}],[{"start":0,"end":9,"url":null,"entity_id":"Q4796656","candidates":[]}]],[[{"start":0,"end":5,"url":null,"entity_id":"Q615867","candidates":[]}],[{"start":0,"end":28,"url":null,"entity_id":"Q213942","candidates":[]}],[{"start":0,"end":3,"url":null,"entity_id":"Q183412","candidates":[]}]],[[{"start":0,"end":13,"url":null,"entity_id":"Q34504","candidates":[]}],[{"start":0,"end":28,"url":null,"entity_id":"Q10151","candidates":[]}],[{"start":0,"end":6,"url":null,"entity_id":"Q1378712","candidates":[]}]],[[{"start":0,"end":4,"url":null,"entity_id":"Q222107","candidates":[]}],[{"start":0,"end":28,"url":null,"entity_id":"Q208243","candidates":[]}],[{"start":0,"end":12,"url":null,"entity_id":"Q2617185","candidates":[]}]],[[{"start":0,"end":17,"url":null,"entity_id":"Q573471","candidates":[]}],[{"start":0,"end":8,"url":null,"entity_id":"Q193740","candidates":[]}],[{"start":0,"end":15,"url":null,"entity_id":"Q165745","candidates":[]}]],[[{"start":0,"end":10,"url":null,"entity_id":"Q159351","candidates":[]}],[{"start":0,"end":8,"url":null,"entity_id":"Q193740","candidates":[]}],[{"start":0,"end":6,"url":null,"entity_id":"Q664167","candidates":[]}]],[[{"start":0,"end":9,"url":null,"entity_id":"Q155123","candidates":[]}],[{"start":0,"end":28,"url":null,"entity_id":"Q10155","candidates":[]}],[{"start":0,"end":21,"url":null,"entity_id":"Q38903","candidates":[]}]],[[{"start":0,"end":4,"url":null,"entity_id":"Q32825","candidates":[]}],[{"start":0,"end":28,"url":null,"entity_id":"Q10160","candidates":[]}],[{"start":0,"end":16,"url":null,"entity_id":"Q16254300","candidates":[]}]],[[{"start":0,"end":5,"url":null,"entity_id":"Q23471","candidates":[]}],[{"start":0,"end":28,"url":null,"entity_id":"Q10152","candidates":[]}],[{"start":0,"end":11,"url":null,"entity_id":"Q292128","candidates":[]}]],[[{"start":0,"end":14,"url":null,"entity_id":"Q16011","candidates":[]}],[{"start":0,"end":8,"url":null,"entity_id":"Q193740","candidates":[]}],[{"start":0,"end":4,"url":null,"entity_id":"Q216364","candidates":[]}]],[[{"start":0,"end":4,"url":null,"entity_id":"Q18233","candidates":[]}],[{"start":0,"end":28,"url":null,"entity_id":"Q207541","candidates":[]}],[{"start":0,"end":21,"url":null,"entity_id":"Q38903","candidates":[]}]],[[{"start":0,"end":7,"url":null,"entity_id":"Q377747","candidates":[]}],[{"start":0,"end":28,"url":null,"entity_id":"Q203983","candidates":[]}],[{"start":0,"end":11,"url":null,"entity_id":"Q202585","candidates":[]}]],[[{"start":0,"end":17,"url":null,"entity_id":"Q125533","candidates":[]}],[{"start":0,"end":28,"url":null,"entity_id":"Q211494","candidates":[]}],[{"start":0,"end":12,"url":null,"entity_id":"Q585643","candidates":[]}]],[[{"start":0,"end":7,"url":null,"entity_id":"Q177732","candidates":[]}],[{"start":0,"end":28,"url":null,"entity_id":"Q15215081","candidates":[]}],[{"start":0,"end":14,"url":null,"entity_id":"Q212699","candidates":[]}]],[[{"start":0,"end":18,"url":null,"entity_id":"Q93840","candidates":[]}],[{"start":0,"end":13,"url":null,"entity_id":"Q1387499","candidates":[]}],[{"start":0,"end":11,"url":null,"entity_id":"Q3233924","candidates":[]}]],[[{"start":0,"end":11,"url":null,"entity_id":"Q58381","candidates":[]}],[{"start":0,"end":8,"url":null,"entity_id":"Q193740","candidates":[]}],[{"start":0,"end":15,"url":null,"entity_id":"Q193023","candidates":[]}]],[[{"start":0,"end":11,"url":null,"entity_id":"Q161245","candidates":[]}],[{"start":0,"end":28,"url":null,"entity_id":"Q10152","candidates":[]}],[{"start":0,"end":18,"url":null,"entity_id":"Q21077","candidates":[]}]],[[{"start":0,"end":13,"url":null,"entity_id":"Q187576","candidates":[]}],[{"start":0,"end":28,"url":null,"entity_id":"Q209678","candidates":[]}],[{"start":0,"end":17,"url":null,"entity_id":"Q2482872","candidates":[]}]]]}