{"version":"1.2","table":{"version":"2","table_id":"520W854D","columns":[{"index":0,"name":"col0","values":["Mathematical Bridge","Gudgeonville Covered Bridge","Cogan House Covered Bridge","Covered Bridge","Pont Grandchamp","Routhierville Bridge","Félix-Gabriel-Marchand Bridge","Florenceville Bridge","Bridge of Ha! Ha! Lake","Hartland Bridge","Holliwell Covered Bridge","Pont de la Frontière","U Bein Bridge","Wooden bridge over the Svratka river (Černvír)","Des Rivières Bridge","Jungfern Bridge","pont de Milby","Langlois Bridge","Holzbrücke Wettingen-Neuenhof","covered wooden bridge"]},{"index":1,"name":"col1","values":["wood","wood","wood","pine","wood","wood","wood","wood","wood","concrete","wood","wood","wood","wood","wood","iron","wood","steel","wood","wood"]},{"index":2,"name":"col2","values":["Cambridge","Girard Township","Cogan House Township","Cedarburg (town), Wisconsin","Sainte-Geneviève-de-Berthier","Routhierville","Mansfield-et-Pontefract","Florenceville-Bristol","Ferland-et-Boilleau","Hartland, New Brunswick","Winterset","Potton","Amarapura","Černvír","Notre-Dame-de-Stanbridge","Mitte","Waterville","Arles","Aargau","canton of Bern"]}]},"context":{"page_title":null,"page_url":null,"page_entity_id":null,"content_hierarchy":[]},"links":[[[{"start":0,"end":19,"url":null,"entity_id":"Q2980588","candidates":[]}],[{"start":0,"end":4,"url":null,"entity_id":"Q287","candidates":[]}],[{"start":0,"end":9,"url":null,"entity_id":"Q21713103","candidates":[]}]],[[{"start":0,"end":27,"url":null,"entity_id":"Q1553046","candidates":[]}],[{"start":0,"end":4,"url":null,"entity_id":"Q287","candidates":[]}],[{"start":0,"end":15,"url":null,"entity_id":"Q5564164","candidates":[]}]],[[{"start":0,"end":26,"url":null,"entity_id":"Q1106929","candidates":[]}],[{"start":0,"end":4,"url":null,"entity_id":"Q287","candidates":[]}],[{"start":0,"end":20,"url":null,"entity_id":"Q5141081","candidates":[]}]],[[{"start":0,"end":14,"url":null,"entity_id":"Q1138107","candidates":[]}],[{"start":0,"end":4,"url":null,"entity_id":"Q1503211","candidates":[]}],[{"start":0,"end":27,"url":null,"entity_id":"Q5056963","candidates":[]}]],[[{"start":0,"end":15,"url":null,"entity_id":"Q3396547","candidates":[]}],[{"start":0,"end":4,"url":null,"entity_id":"Q287","candidates":[]}],[{"start":0,"end":28,"url":null,"entity_id":"Q3464281","candidates":[]}]],[[{"start":0,"end":20,"url":null,"entity_id":"Q3397112","candidates":[]}],[{"start":0,"end":4,"url":null,"entity_id":"Q287","candidates":[]}],[{"start":0,"end":13,"url":null,"entity_id":"Q3445473","candidates":[]}]],[[{"start":0,"end":29,"url":null,"entity_id":"Q99284","candidates":[]}],[{"start":0,"end":4,"url":null,"entity_id":"Q287","candidates":[]}],[{"start":0,"end":23,"url":null,"entity_id":"Q3286534","candidates":[]}]],[[{"start":0,"end":20,"url":null,"entity_id":"Q422043","candidates":[]}],[{"start":0,"end":4,"url":null,"entity_id":"Q287","candidates":[]}],[{"start":0,"end":21,"url":null,"entity_id":"Q3074056","candidates":[]}]],[[{"start":0,"end":22,"url":null,"entity_id":"Q3397452","candidates":[]}],[{"start":0,"end":4,"url":null,"entity_id":"Q287","candidates":[]}],[{"start":0,"end":19,"url":null,"entity_id":"Q3068817","candidates":[]}]],[[{"start":0,"end":15,"url":null,"entity_id":"Q99290","candidates":[]}],[{"start":0,"end":8,"url":null,"entity_id":"Q22657","candidates":[]}],[{"start":0,"end":23,"url":null,"entity_id":"Q1019096","candidates":[]}]],[[{"start":0,"end":24,"url":null,"entity_id":"Q1624852","candidates":[]}],[{"start":0,"end":4,"url":null,"entity_id":"Q287","candidates":[]}],[{"start":0,"end":9,"url":null,"entity_id":"Q983796","candidates":[]}]],[[{"start":0,"end":20,"url":null,"entity_id":"Q3397266","candidates":[]}],[{"start":0,"end":4,"url":null,"entity_id":"Q287","candidates":[]}],[{"start":0,"end":6,"url":null,"entity_id":"Q509519","candidates":[]}]],[[{"start":0,"end":13,"url":null,"entity_id":"Q2157246","candidates":[]}],[{"start":0,"end":4,"url":null,"entity_id":"Q287","candidates":[]}],[{"start":0,"end":9,"url":null,"entity_id":"Q454949","candidates":[]}]],[[{"start":0,"end":46,"url":null,"entity_id":"Q13423860","candidates":[]}],[{"start":0,"end":4,"url":null,"entity_id":"Q287","candidates":[]}],[{"start":0,"end":7,"url":null,"entity_id":"Q339161","candidates":[]}]],[[{"start":0,"end":19,"url":null,"entity_id":"Q3397399","candidates":[]}],[{"start":0,"end":4,"url":null,"entity_id":"Q287","candidates":[]}],[{"start":0,"end":24,"url":null,"entity_id":"Q285257","candidates":[]}]],[[{"start":0,"end":15,"url":null,"entity_id":"Q459086","candidates":[]}],[{"start":0,"end":4,"url":null,"entity_id":"Q677","candidates":[]}],[{"start":0,"end":5,"url":null,"entity_id":"Q163966","candidates":[]}]],[[{"start":0,"end":13,"url":null,"entity_id":"Q3397052","candidates":[]}],[{"start":0,"end":4,"url":null,"entity_id":"Q287","candidates":[]}],[{"start":0,"end":10,"url":null,"entity_id":"Q142421","candidates":[]}]],[[{"start":0,"end":15,"url":null,"entity_id":"Q315318","candidates":[]}],[{"start":0,"end":5,"url":null,"entity_id":"Q11427","candidates":[]}],[{"start":0,"end":5,"url":null,"entity_id":"Q48292","candidates":[]}]],[[{"start":0,"end":29,"url":null,"entity_id":"Q688397","candidates":[]}],[{"start":0,"end":4,"url":null,"entity_id":"Q287","candidates":[]}],[{"start":0,"end":6,"url":null,"entity_id":"Q11972","candidates":[]}]],[[{"start":0,"end":21,"url":null,"entity_id":"Q3397517","candidates":[]}],[{"start":0,"end":4,"url":null,"entity_id":"Q287","candidates":[]}],[{"start":0,"end":14,"url":null,"entity_id":"Q11911","candidates":[]}]]]}