{"version":"1.2","table":{"version":"2","table_id":"52JIJ0OX","columns":[{"index":0,"name":"col0","values":["Iranian Chess Championhip","Guatemalan Chess hampionship","Colombian Chess Championshis","Australian Chess Ehampionship","Georgian Chess hampionship","Bosnia and erzegovina Chess Championship","AlbanianChess Championshp","Slovak hess Championship","Irish Chess Championshi","Pakistani Chess Fhampiosjip","Soviet Woen's Chess Championship","Moroccan\"Chess Championship","Cban Chess Championship","Bulgarian Chss Championship","Romanicn Chess Championship","lit of winners of the Ukrainian Chess Championship","Ltvian Chess Championship","Bra|ilian Chess Championship","Dutch Chess Chanpionship","Swedish Ckess Championship"]},{"index":1,"name":"col1","values":["Iran","Guatemala","Colombia","Australia","Georgia","Bosnia and Herzegovina","Albania","Slovakia","Ireland","Pakistan","Soviet Union","Morocco","Cuba","Bulgaria","Romania","Ukraine","Latvia","Brazil","Netherlands","Sweden"]},{"index":2,"name":"col2","values":["women's sports","women's sports","women's sports","women's sports","women's sports","women's sports","women's sports","women's sports","women's sports","women's sports","women's sports","women's sports","women's sports","women's sports","women's sports","women's sports","women's sports","women's sports","women's sports","women's sports"]}]},"context":{"page_title":null,"page_url":null,"page_entity_id":null,"content_hierarchy":[]},"links":[[[{"start":0,"end":25,"url":null,"entity_id":"Q6553333","candidates":[]}],[{"start":0,"end":4,"url":null,"entity_id":"Q794","candidates":[]}],[{"start":0,"end":14,"url":null,"entity_id":"Q920057","candidates":[]}]],[[{"start":0,"end":28,"url":null,"entity_id":"Q5614251","candidates":[]}],[{"start":0,"end":9,"url":null,"entity_id":"Q774","candidates":[]}],[{"start":0,"end":14,"url":null,"entity_id":"Q920057","candidates":[]}]],[[{"start":0,"end":28,"url":null,"entity_id":"Q5147922","candidates":[]}],[{"start":0,"end":8,"url":null,"entity_id":"Q739","candidates":[]}],[{"start":0,"end":14,"url":null,"entity_id":"Q920057","candidates":[]}]],[[{"start":0,"end":29,"url":null,"entity_id":"Q4823973","candidates":[]}],[{"start":0,"end":9,"url":null,"entity_id":"Q408","candidates":[]}],[{"start":0,"end":14,"url":null,"entity_id":"Q920057","candidates":[]}]],[[{"start":0,"end":26,"url":null,"entity_id":"Q5548003","candidates":[]}],[{"start":0,"end":7,"url":null,"entity_id":"Q230","candidates":[]}],[{"start":0,"end":14,"url":null,"entity_id":"Q920057","candidates":[]}]],[[{"start":0,"end":40,"url":null,"entity_id":"Q4947322","candidates":[]}],[{"start":0,"end":22,"url":null,"entity_id":"Q225","candidates":[]}],[{"start":0,"end":14,"url":null,"entity_id":"Q920057","candidates":[]}]],[[{"start":0,"end":25,"url":null,"entity_id":"Q4709119","candidates":[]}],[{"start":0,"end":7,"url":null,"entity_id":"Q222","candidates":[]}],[{"start":0,"end":14,"url":null,"entity_id":"Q920057","candidates":[]}]],[[{"start":0,"end":24,"url":null,"entity_id":"Q7541522","candidates":[]}],[{"start":0,"end":8,"url":null,"entity_id":"Q214","candidates":[]}],[{"start":0,"end":14,"url":null,"entity_id":"Q920057","candidates":[]}]],[[{"start":0,"end":23,"url":null,"entity_id":"Q6070599","candidates":[]}],[{"start":0,"end":7,"url":null,"entity_id":"Q27","candidates":[]}],[{"start":0,"end":14,"url":null,"entity_id":"Q920057","candidates":[]}]],[[{"start":0,"end":27,"url":null,"entity_id":"Q20921601","candidates":[]}],[{"start":0,"end":8,"url":null,"entity_id":"Q843","candidates":[]}],[{"start":0,"end":14,"url":null,"entity_id":"Q920057","candidates":[]}]],[[{"start":0,"end":32,"url":null,"entity_id":"Q1892680","candidates":[]}],[{"start":0,"end":12,"url":null,"entity_id":"Q15180","candidates":[]}],[{"start":0,"end":14,"url":null,"entity_id":"Q920057","candidates":[]}]],[[{"start":0,"end":27,"url":null,"entity_id":"Q863688","candidates":[]}],[{"start":0,"end":7,"url":null,"entity_id":"Q1028","candidates":[]}],[{"start":0,"end":14,"url":null,"entity_id":"Q920057","candidates":[]}]],[[{"start":0,"end":23,"url":null,"entity_id":"Q1644969","candidates":[]}],[{"start":0,"end":4,"url":null,"entity_id":"Q241","candidates":[]}],[{"start":0,"end":14,"url":null,"entity_id":"Q920057","candidates":[]}]],[[{"start":0,"end":27,"url":null,"entity_id":"Q402526","candidates":[]}],[{"start":0,"end":8,"url":null,"entity_id":"Q219","candidates":[]}],[{"start":0,"end":14,"url":null,"entity_id":"Q920057","candidates":[]}]],[[{"start":0,"end":27,"url":null,"entity_id":"Q2358030","candidates":[]}],[{"start":0,"end":7,"url":null,"entity_id":"Q218","candidates":[]}],[{"start":0,"end":14,"url":null,"entity_id":"Q920057","candidates":[]}]],[[{"start":0,"end":50,"url":null,"entity_id":"Q1641088","candidates":[]}],[{"start":0,"end":7,"url":null,"entity_id":"Q212","candidates":[]}],[{"start":0,"end":14,"url":null,"entity_id":"Q920057","candidates":[]}]],[[{"start":0,"end":25,"url":null,"entity_id":"Q2468619","candidates":[]}],[{"start":0,"end":6,"url":null,"entity_id":"Q211","candidates":[]}],[{"start":0,"end":14,"url":null,"entity_id":"Q920057","candidates":[]}]],[[{"start":0,"end":28,"url":null,"entity_id":"Q971619","candidates":[]}],[{"start":0,"end":6,"url":null,"entity_id":"Q155","candidates":[]}],[{"start":0,"end":14,"url":null,"entity_id":"Q920057","candidates":[]}]],[[{"start":0,"end":24,"url":null,"entity_id":"Q1861301","candidates":[]}],[{"start":0,"end":11,"url":null,"entity_id":"Q55","candidates":[]}],[{"start":0,"end":14,"url":null,"entity_id":"Q920057","candidates":[]}]],[[{"start":0,"end":26,"url":null,"entity_id":"Q2310260","candidates":[]}],[{"start":0,"end":6,"url":null,"entity_id":"Q34","candidates":[]}],[{"start":0,"end":14,"url":null,"entity_id":"Q920057","candidates":[]}]]]}