{"version":"1.2","table":{"version":"2","table_id":"52TZX09G","columns":[{"index":0,"name":"col0","values":["the Golep","Thrilseeker","Turbo Mountaip","Back Buccaneer","Péroné","Baron 188","Slinky Dog ZigzagSpin","Danoe Pond","os Piratas","Hvracan","Screaming Hagle","The DisneyGallery","Disneyland Monoail System","Journey to the Center of thf Earth","Indiana Jones Adventure: Temle of the Forbidden Eye","The Gnme Village","Prate","Monaña Suiza","Efteling Steamtrack ine","Pagodd"]},{"index":1,"name":"col1","values":["Jerusalem","Queensland","Western Australia","London","Ermenonville","Loon op Zand","Hong Kong","Loon op Zand","Zonnebeke","Ypres","Ypres","California","California","Tokyo DisneySea","Disneyland","Loon op Zand","Hardenberg","Donostia-San Sebastian","Loon op Zand","Loon op Zand"]},{"index":2,"name":"col2","values":["Israel","Australia","Australia","United Kingdom","France","Netherlands","France","Netherlands","Belgium","Belgium","Belgium","United States of America","United States of America","Japan","Japan","Kingdom of the Netherlands","Netherlands","Spain","Netherlands","Netherlands"]},{"index":3,"name":"col3","values":["1972/01/01","1982/01/01","1991/01/01","1988/01/01","1977/01/01","2015/01/01","2010/01/01","1953/01/01","1991/01/01","2013/03/30","1999/01/01","1994/01/01","1959/01/01","2001/01/01","2001/01/01","1952/01/01","1997/01/01","1928/01/01","1969/01/01","1987/05/28"]}]},"context":{"page_title":null,"page_url":null,"page_entity_id":null,"content_hierarchy":[]},"links":[[[{"start":0,"end":9,"url":null,"entity_id":"Q18380067","candidates":[]}],[{"start":0,"end":9,"url":null,"entity_id":"Q1218","candidates":[]}],[{"start":0,"end":6,"url":null,"entity_id":"Q801","candidates":[]}],[]],[[{"start":0,"end":11,"url":null,"entity_id":"Q7798217","candidates":[]}],[{"start":0,"end":10,"url":null,"entity_id":"Q36074","candidates":[]}],[{"start":0,"end":9,"url":null,"entity_id":"Q408","candidates":[]}],[]],[[{"start":0,"end":14,"url":null,"entity_id":"Q7853814","candidates":[]}],[{"start":0,"end":17,"url":null,"entity_id":"Q3206","candidates":[]}],[{"start":0,"end":9,"url":null,"entity_id":"Q408","candidates":[]}],[]],[[{"start":0,"end":14,"url":null,"entity_id":"Q16254901","candidates":[]}],[{"start":0,"end":6,"url":null,"entity_id":"Q84","candidates":[]}],[{"start":0,"end":14,"url":null,"entity_id":"Q145","candidates":[]}],[]],[[{"start":0,"end":6,"url":null,"entity_id":"Q14245570","candidates":[]}],[{"start":0,"end":12,"url":null,"entity_id":"Q391953","candidates":[]}],[{"start":0,"end":6,"url":null,"entity_id":"Q142","candidates":[]}],[]],[[{"start":0,"end":9,"url":null,"entity_id":"Q18285730","candidates":[]}],[{"start":0,"end":12,"url":null,"entity_id":"Q9850","candidates":[]}],[{"start":0,"end":11,"url":null,"entity_id":"Q55","candidates":[]}],[]],[[{"start":0,"end":21,"url":null,"entity_id":"Q3486711","candidates":[]}],[{"start":0,"end":9,"url":null,"entity_id":"Q8646","candidates":[]}],[{"start":0,"end":6,"url":null,"entity_id":"Q142","candidates":[]}],[]],[[{"start":0,"end":10,"url":null,"entity_id":"Q4320870","candidates":[]}],[{"start":0,"end":12,"url":null,"entity_id":"Q9850","candidates":[]}],[{"start":0,"end":11,"url":null,"entity_id":"Q55","candidates":[]}],[]],[[{"start":0,"end":10,"url":null,"entity_id":"Q3259762","candidates":[]}],[{"start":0,"end":9,"url":null,"entity_id":"Q214154","candidates":[]}],[{"start":0,"end":7,"url":null,"entity_id":"Q31","candidates":[]}],[]],[[{"start":0,"end":7,"url":null,"entity_id":"Q3947495","candidates":[]}],[{"start":0,"end":5,"url":null,"entity_id":"Q102728","candidates":[]}],[{"start":0,"end":7,"url":null,"entity_id":"Q31","candidates":[]}],[]],[[{"start":0,"end":15,"url":null,"entity_id":"Q3476435","candidates":[]}],[{"start":0,"end":5,"url":null,"entity_id":"Q102728","candidates":[]}],[{"start":0,"end":7,"url":null,"entity_id":"Q31","candidates":[]}],[]],[[{"start":0,"end":17,"url":null,"entity_id":"Q3520641","candidates":[]}],[{"start":0,"end":10,"url":null,"entity_id":"Q99","candidates":[]}],[{"start":0,"end":24,"url":null,"entity_id":"Q30","candidates":[]}],[]],[[{"start":0,"end":25,"url":null,"entity_id":"Q3030502","candidates":[]}],[{"start":0,"end":10,"url":null,"entity_id":"Q99","candidates":[]}],[{"start":0,"end":24,"url":null,"entity_id":"Q30","candidates":[]}],[]],[[{"start":0,"end":34,"url":null,"entity_id":"Q3186999","candidates":[]}],[{"start":0,"end":15,"url":null,"entity_id":"Q1202341","candidates":[]}],[{"start":0,"end":5,"url":null,"entity_id":"Q17","candidates":[]}],[]],[[{"start":0,"end":51,"url":null,"entity_id":"Q3150108","candidates":[]}],[{"start":0,"end":10,"url":null,"entity_id":"Q181185","candidates":[]}],[{"start":0,"end":5,"url":null,"entity_id":"Q17","candidates":[]}],[]],[[{"start":0,"end":16,"url":null,"entity_id":"Q62565861","candidates":[]}],[{"start":0,"end":12,"url":null,"entity_id":"Q9850","candidates":[]}],[{"start":0,"end":26,"url":null,"entity_id":"Q29999","candidates":[]}],[]],[[{"start":0,"end":5,"url":null,"entity_id":"Q19971849","candidates":[]}],[{"start":0,"end":10,"url":null,"entity_id":"Q3916626","candidates":[]}],[{"start":0,"end":11,"url":null,"entity_id":"Q55","candidates":[]}],[]],[[{"start":0,"end":12,"url":null,"entity_id":"Q65718380","candidates":[]}],[{"start":0,"end":22,"url":null,"entity_id":"Q10313","candidates":[]}],[{"start":0,"end":5,"url":null,"entity_id":"Q29","candidates":[]}],[]],[[{"start":0,"end":23,"url":null,"entity_id":"Q2201657","candidates":[]}],[{"start":0,"end":12,"url":null,"entity_id":"Q9850","candidates":[]}],[{"start":0,"end":11,"url":null,"entity_id":"Q55","candidates":[]}],[]],[[{"start":0,"end":6,"url":null,"entity_id":"Q2200466","candidates":[]}],[{"start":0,"end":12,"url":null,"entity_id":"Q9850","candidates":[]}],[{"start":0,"end":11,"url":null,"entity_id":"Q55","candidates":[]}],[]]]}