{"version":"1.2","table":{"version":"2","table_id":"52XGWX5C","columns":[{"index":0,"name":"col0","values":["Coburg","Bayreuth","Kulmbach","Kronach","Wunsiedel","Hof","Regensburg","Neumarkt","Cham","Schwandorf","Amberg-Sulzbach","Tirschenreuth","Donau-Ries","Dillingen","Augsburg","Günzburg","Neu-Ulm","Ostallgäu","Oberallgäu","Lindau"]},{"index":1,"name":"col1","values":["592","445.16","405.07","296.97","470.48","271.61","1396","1344","1510","1472.88","1255","1085.08","1275","792","1071","763","515","1395","1528","323"]},{"index":2,"name":"col2","values":["306","507","391","412","558","581","390","445","469","465","380","499","508","425","521","537","474","724","711","496"]},{"index":3,"name":"col3","values":["UTC+01:00","UTC+01:00","UTC+01:00","UTC+01:00","UTC+01:00","UTC+01:00","UTC+01:00","UTC+01:00","UTC+01:00","UTC+01:00","UTC+01:00","UTC+01:00","UTC+01:00","UTC+01:00","UTC+01:00","UTC+01:00","UTC+01:00","UTC+01:00","UTC+01:00","UTC+01:00"]}]},"context":{"page_title":null,"page_url":null,"page_entity_id":null,"content_hierarchy":[]},"links":[[[{"start":0,"end":8,"url":null,"entity_id":"Q10439","candidates":[]}],[],[],[{"start":0,"end":9,"url":null,"entity_id":"Q6655","candidates":[]}]],[[{"start":0,"end":8,"url":null,"entity_id":"Q10436","candidates":[]}],[],[],[{"start":0,"end":9,"url":null,"entity_id":"Q6655","candidates":[]}]],[[{"start":0,"end":7,"url":null,"entity_id":"Q10434","candidates":[]}],[],[],[{"start":0,"end":9,"url":null,"entity_id":"Q6655","candidates":[]}]],[[{"start":0,"end":9,"url":null,"entity_id":"Q10432","candidates":[]}],[],[],[{"start":0,"end":9,"url":null,"entity_id":"Q6655","candidates":[]}]],[[{"start":0,"end":3,"url":null,"entity_id":"Q10431","candidates":[]}],[],[],[{"start":0,"end":9,"url":null,"entity_id":"Q6655","candidates":[]}]],[[{"start":0,"end":10,"url":null,"entity_id":"Q10429","candidates":[]}],[],[],[{"start":0,"end":9,"url":null,"entity_id":"Q6655","candidates":[]}]],[[{"start":0,"end":8,"url":null,"entity_id":"Q10427","candidates":[]}],[],[],[{"start":0,"end":9,"url":null,"entity_id":"Q6655","candidates":[]}]],[[{"start":0,"end":4,"url":null,"entity_id":"Q10424","candidates":[]}],[],[],[{"start":0,"end":9,"url":null,"entity_id":"Q6655","candidates":[]}]],[[{"start":0,"end":10,"url":null,"entity_id":"Q10423","candidates":[]}],[],[],[{"start":0,"end":9,"url":null,"entity_id":"Q6655","candidates":[]}]],[[{"start":0,"end":15,"url":null,"entity_id":"Q10421","candidates":[]}],[],[],[{"start":0,"end":9,"url":null,"entity_id":"Q6655","candidates":[]}]],[[{"start":0,"end":13,"url":null,"entity_id":"Q10419","candidates":[]}],[],[],[{"start":0,"end":9,"url":null,"entity_id":"Q6655","candidates":[]}]],[[{"start":0,"end":10,"url":null,"entity_id":"Q10418","candidates":[]}],[],[],[{"start":0,"end":9,"url":null,"entity_id":"Q6655","candidates":[]}]],[[{"start":0,"end":9,"url":null,"entity_id":"Q10417","candidates":[]}],[],[],[{"start":0,"end":9,"url":null,"entity_id":"Q6655","candidates":[]}]],[[{"start":0,"end":8,"url":null,"entity_id":"Q10414","candidates":[]}],[],[],[{"start":0,"end":9,"url":null,"entity_id":"Q6655","candidates":[]}]],[[{"start":0,"end":8,"url":null,"entity_id":"Q10412","candidates":[]}],[],[],[{"start":0,"end":9,"url":null,"entity_id":"Q6655","candidates":[]}]],[[{"start":0,"end":7,"url":null,"entity_id":"Q10410","candidates":[]}],[],[],[{"start":0,"end":9,"url":null,"entity_id":"Q6655","candidates":[]}]],[[{"start":0,"end":9,"url":null,"entity_id":"Q10405","candidates":[]}],[],[],[{"start":0,"end":9,"url":null,"entity_id":"Q6655","candidates":[]}]],[[{"start":0,"end":10,"url":null,"entity_id":"Q10402","candidates":[]}],[],[],[{"start":0,"end":9,"url":null,"entity_id":"Q6655","candidates":[]}]],[[{"start":0,"end":6,"url":null,"entity_id":"Q10401","candidates":[]}],[],[],[{"start":0,"end":9,"url":null,"entity_id":"Q6655","candidates":[]}]],[[{"start":0,"end":6,"url":null,"entity_id":"Q10440","candidates":[]}],[],[],[{"start":0,"end":9,"url":null,"entity_id":"Q6655","candidates":[]}]]]}