{"version":"1.2","table":{"version":"2","table_id":"55AJJ5A9","columns":[{"index":0,"name":"col0","values":["Khotynets","Dukat","Andzhiyevskiy","Schebetovka","Kurpaty","Oreanda","Vidradne","Zaozerne","Novoozerne","Katsiveli","Sheregesh","Nauchny","Bolsherechye","Bezenchuk","Myrnyi","Beringovsky","Bachatsky","Dzhalil","Simeiz","Aginskoye"]},{"index":1,"name":"col1","values":["3755","1292","6242","3442","136","835","730","4332","4998","541","10004","783","10397","22387","4209","759","14029","13053","3901","17841"]},{"index":2,"name":"col2","values":["10.34","7.5","2.45","4.91","0.6965","1.36","0.864","8.567776","6.3","0.6965","51.7","0.9","12.79","85","7.2558","6","6.9","15.5","3.0664","27"]},{"index":3,"name":"col3","values":["264","857","306","79","269","197","68","5","20","68","789","590","78","42","4","1","263","303","100","675"]}]},"context":{"page_title":null,"page_url":null,"page_entity_id":null,"content_hierarchy":[]},"links":[[[{"start":0,"end":9,"url":null,"entity_id":"Q4500430","candidates":[]}],[],[],[]],[[{"start":0,"end":5,"url":null,"entity_id":"Q4170372","candidates":[]}],[],[],[]],[[{"start":0,"end":13,"url":null,"entity_id":"Q4065320","candidates":[]}],[],[],[]],[[{"start":0,"end":11,"url":null,"entity_id":"Q3894352","candidates":[]}],[],[],[]],[[{"start":0,"end":7,"url":null,"entity_id":"Q3894275","candidates":[]}],[],[],[]],[[{"start":0,"end":7,"url":null,"entity_id":"Q3894036","candidates":[]}],[],[],[]],[[{"start":0,"end":8,"url":null,"entity_id":"Q3890332","candidates":[]}],[],[],[]],[[{"start":0,"end":8,"url":null,"entity_id":"Q3889732","candidates":[]}],[],[],[]],[[{"start":0,"end":10,"url":null,"entity_id":"Q3889296","candidates":[]}],[],[],[]],[[{"start":0,"end":9,"url":null,"entity_id":"Q3887476","candidates":[]}],[],[],[]],[[{"start":0,"end":9,"url":null,"entity_id":"Q924537","candidates":[]}],[],[],[]],[[{"start":0,"end":7,"url":null,"entity_id":"Q903849","candidates":[]}],[],[],[]],[[{"start":0,"end":12,"url":null,"entity_id":"Q891579","candidates":[]}],[],[],[]],[[{"start":0,"end":9,"url":null,"entity_id":"Q829797","candidates":[]}],[],[],[]],[[{"start":0,"end":6,"url":null,"entity_id":"Q821951","candidates":[]}],[],[],[]],[[{"start":0,"end":11,"url":null,"entity_id":"Q820680","candidates":[]}],[],[],[]],[[{"start":0,"end":9,"url":null,"entity_id":"Q810890","candidates":[]}],[],[],[]],[[{"start":0,"end":7,"url":null,"entity_id":"Q695191","candidates":[]}],[],[],[]],[[{"start":0,"end":6,"url":null,"entity_id":"Q514390","candidates":[]}],[],[],[]],[[{"start":0,"end":9,"url":null,"entity_id":"Q393898","candidates":[]}],[],[],[]]]}