{"version":"1.2","table":{"version":"2","table_id":"57CKBAJT","columns":[{"index":0,"name":"col0","values":["New Zealand inventory of biodiversity","Ord og virkelighed","Rock-forming Minerals: Micas","Miyazawa Kenji Zenshū","Anarchist Developments in Cultural Studies","Gustav Landauer: Ausgewählte Schriften","The fishes of New Zealand","Isaac's Universe","Ne znam","General History of Chinese Administrative Divisions","Crónica general de España","Mammals of Africa","Dark Matter","Flora Iranica","Year's Best Fantasy and Horror","Keramikforschungen","Unter dem Pflaster liegt der Strand","A History of Banking in all the Leading Nations","Shadows","Aufstieg und Niedergang der römischen Welt"]},{"index":1,"name":"col1","values":["Dennis P. Gordon","Aage Jørgensen","William Alexander Deer","Kōtarō Takamura","Duane Rousselle","Siegbert Wolf","Clive D. Roberts","Martin H. Greenberg","Philippe Kellermann","Zhou Zhenhe","Cayetano Rosell","Jonathan Kingdon","Sheree Thomas","Karl Heinz Rechinger","Kelly Link","Roland Hampe","Hans Peter Duerr","The Journal of Commerce","Charles L. Grant","Hildegard Temporini"]},{"index":2,"name":"col2","values":["2013-04-01","2014-01-01","2003-01-01","1934-01-01","2010-01-01","2008-01-01","2015-01-01","2003-03-01","2015-01-01","2016-11-01","1865-01-01","2013-01-01","2000-01-01","1963-01-01","1987-01-01","1976-01-01","1974-01-01","1896-01-01","1991-01-01","1972-01-01"]}]},"context":{"page_title":null,"page_url":null,"page_entity_id":null,"content_hierarchy":[]},"links":[[[{"start":0,"end":37,"url":null,"entity_id":"Q42785639","candidates":[]}],[{"start":0,"end":16,"url":null,"entity_id":"Q19858629","candidates":[]}],[]],[[{"start":0,"end":18,"url":null,"entity_id":"Q28088128","candidates":[]}],[{"start":0,"end":14,"url":null,"entity_id":"Q12300200","candidates":[]}],[]],[[{"start":0,"end":28,"url":null,"entity_id":"Q33026930","candidates":[]}],[{"start":0,"end":22,"url":null,"entity_id":"Q8004260","candidates":[]}],[]],[[{"start":0,"end":21,"url":null,"entity_id":"Q33124290","candidates":[]}],[{"start":0,"end":15,"url":null,"entity_id":"Q1646239","candidates":[]}],[]],[[{"start":0,"end":42,"url":null,"entity_id":"Q83559699","candidates":[]}],[{"start":0,"end":15,"url":null,"entity_id":"Q83556993","candidates":[]}],[]],[[{"start":0,"end":38,"url":null,"entity_id":"Q74291904","candidates":[]}],[{"start":0,"end":13,"url":null,"entity_id":"Q14566954","candidates":[]}],[]],[[{"start":0,"end":25,"url":null,"entity_id":"Q58012425","candidates":[]}],[{"start":0,"end":16,"url":null,"entity_id":"Q21502547","candidates":[]}],[]],[[{"start":0,"end":16,"url":null,"entity_id":"Q17144870","candidates":[]}],[{"start":0,"end":19,"url":null,"entity_id":"Q1680150","candidates":[]}],[]],[[{"start":0,"end":7,"url":null,"entity_id":"Q52277220","candidates":[]}],[{"start":0,"end":19,"url":null,"entity_id":"Q54806914","candidates":[]}],[]],[[{"start":0,"end":51,"url":null,"entity_id":"Q48729175","candidates":[]}],[{"start":0,"end":11,"url":null,"entity_id":"Q15930410","candidates":[]}],[]],[[{"start":0,"end":25,"url":null,"entity_id":"Q62018393","candidates":[]}],[{"start":0,"end":15,"url":null,"entity_id":"Q5759068","candidates":[]}],[]],[[{"start":0,"end":17,"url":null,"entity_id":"Q13362672","candidates":[]}],[{"start":0,"end":16,"url":null,"entity_id":"Q15994559","candidates":[]}],[]],[[{"start":0,"end":11,"url":null,"entity_id":"Q5223315","candidates":[]}],[{"start":0,"end":13,"url":null,"entity_id":"Q7494803","candidates":[]}],[]],[[{"start":0,"end":13,"url":null,"entity_id":"Q5862777","candidates":[]}],[{"start":0,"end":20,"url":null,"entity_id":"Q78738","candidates":[]}],[]],[[{"start":0,"end":30,"url":null,"entity_id":"Q8050838","candidates":[]}],[{"start":0,"end":10,"url":null,"entity_id":"Q1190926","candidates":[]}],[]],[[{"start":0,"end":18,"url":null,"entity_id":"Q1739167","candidates":[]}],[{"start":0,"end":12,"url":null,"entity_id":"Q1261857","candidates":[]}],[]],[[{"start":0,"end":35,"url":null,"entity_id":"Q1748676","candidates":[]}],[{"start":0,"end":16,"url":null,"entity_id":"Q121167","candidates":[]}],[]],[[{"start":0,"end":47,"url":null,"entity_id":"Q4657305","candidates":[]}],[{"start":0,"end":23,"url":null,"entity_id":"Q3186906","candidates":[]}],[]],[[{"start":0,"end":7,"url":null,"entity_id":"Q7460783","candidates":[]}],[{"start":0,"end":16,"url":null,"entity_id":"Q3666432","candidates":[]}],[]],[[{"start":0,"end":42,"url":null,"entity_id":"Q736345","candidates":[]}],[{"start":0,"end":19,"url":null,"entity_id":"Q1618381","candidates":[]}],[]]]}