{"version":"1.2","table":{"version":"2","table_id":"57TFA1VZ","columns":[{"index":0,"name":"col0","values":["Beverly Hills Chihuahua","Arthur and the Revenge of Maltazard","National Treasure: Book of Secrets","Who Framed Roger Rabbit","The NeverEnding Story","National Treasure","John Carter","Back to the Future Part III","Mary Poppins","Pirates of the Caribbean: On Stranger Tides","Star Wars: Episode I – The Phantom Menace","Pirates of the Caribbean: Dead Man's Chest","Around the World in 80 Days","Back to the Future Part II","Ghostbusters","Harry Potter and the Prisoner of Azkaban","Back to the Future","20,000 Leagues Under the Sea","Monty Python and the Holy Grail","101 Dalmatians"]},{"index":1,"name":"col1","values":["12000000","65000000","100000000","70000000","27000000","100000000","250000000","40000000","6000000","410000000","115000000","225000000","140000000","40000000","30000000","130000000","19000000","4300000","400000","54000000"]},{"index":2,"name":"col2","values":["149281606","51249422","457400000","329803958","20158808","347512318","284000000","244527583","102272727","1045713802","1027082707","1066179725","72178895","331900000","295200000","796093802","381109762","441856.87","5028948","5534045.99"]},{"index":3,"name":"col3","values":["91","112","124","100","97","126","132","118","140","136","136","145","120","108","105","136","116","127","91","103"]}]},"context":{"page_title":null,"page_url":null,"page_entity_id":null,"content_hierarchy":[]},"links":[[[{"start":0,"end":23,"url":null,"entity_id":"Q390341","candidates":[]}],[],[],[]],[[{"start":0,"end":35,"url":null,"entity_id":"Q389466","candidates":[]}],[],[],[]],[[{"start":0,"end":34,"url":null,"entity_id":"Q388360","candidates":[]}],[],[],[]],[[{"start":0,"end":23,"url":null,"entity_id":"Q379873","candidates":[]}],[],[],[]],[[{"start":0,"end":21,"url":null,"entity_id":"Q316555","candidates":[]}],[],[],[]],[[{"start":0,"end":17,"url":null,"entity_id":"Q309366","candidates":[]}],[],[],[]],[[{"start":0,"end":11,"url":null,"entity_id":"Q235347","candidates":[]}],[],[],[]],[[{"start":0,"end":27,"url":null,"entity_id":"Q230552","candidates":[]}],[],[],[]],[[{"start":0,"end":12,"url":null,"entity_id":"Q209170","candidates":[]}],[],[],[]],[[{"start":0,"end":43,"url":null,"entity_id":"Q183555","candidates":[]}],[],[],[]],[[{"start":0,"end":41,"url":null,"entity_id":"Q165713","candidates":[]}],[],[],[]],[[{"start":0,"end":42,"url":null,"entity_id":"Q161087","candidates":[]}],[],[],[]],[[{"start":0,"end":27,"url":null,"entity_id":"Q156519","candidates":[]}],[],[],[]],[[{"start":0,"end":26,"url":null,"entity_id":"Q109331","candidates":[]}],[],[],[]],[[{"start":0,"end":12,"url":null,"entity_id":"Q108745","candidates":[]}],[],[],[]],[[{"start":0,"end":40,"url":null,"entity_id":"Q102448","candidates":[]}],[],[],[]],[[{"start":0,"end":18,"url":null,"entity_id":"Q91540","candidates":[]}],[],[],[]],[[{"start":0,"end":28,"url":null,"entity_id":"Q64110","candidates":[]}],[],[],[]],[[{"start":0,"end":31,"url":null,"entity_id":"Q25043","candidates":[]}],[],[],[]],[[{"start":0,"end":14,"url":null,"entity_id":"Q8594","candidates":[]}],[],[],[]]]}