{"version":"1.2","table":{"version":"2","table_id":"58E7A5WL","columns":[{"index":0,"name":"col0","values":["Rabbi Reading","Portrait of an Aesthete","Landscape with big white mill","Mater dolorosa","The Magdalene","Forest at Groenendael","Christ Calming the Storm","Peculiar Insects","My Dead Father","My Dead Father","The Crypt","Acacia","Acacia","House on the boulevard Anspach","Combat of the Rascals Désir et Rissolé","The Procession at Gistel","Lady Godiva","Fisherman of Ostend","Ernest Rousseau","House on the boulevard Anspach","The Crypt","The Shadow on the House"]},{"index":1,"name":"col1","values":["1899-01-01","1961-01-01","1910-01-01","1893-01-01","1887-01-01","1888-01-01","1886-01-01","1888-01-01","1888-01-01","1888-01-01","1888-01-01","1888-01-01","1888-01-01","1888-01-01","1888-01-01","1934-01-01","1933-01-01","1900-01-01","1887-01-01","1888-01-01","1888-01-01","1933-01-01"]},{"index":2,"name":"col2","values":["Finnish National Gallery","Finnish National Gallery","Jakob Smits Museum","Museum of Fine Arts, Ghent","Museum of Fine Arts, Ghent","Museum of Fine Arts, Ghent","Museum of Fine Arts, Ghent","Museum of Fine Arts, Ghent","Museum of Fine Arts, Ghent","Museum of Fine Arts, Ghent","Museum of Fine Arts, Ghent","Museum of Fine Arts, Ghent","Museum of Fine Arts, Ghent","Museum of Fine Arts, Ghent","Museum of Fine Arts, Ghent","Museum of Fine Arts, Ghent","Museum of Fine Arts, Ghent","Museum of Fine Arts, Ghent","Museum of Fine Arts, Ghent","Museum of Fine Arts, Ghent","Mu.ZEE","Mu.ZEE"]}]},"context":{"page_title":null,"page_url":null,"page_entity_id":null,"content_hierarchy":[]},"links":[[[{"start":0,"end":13,"url":null,"entity_id":"Q18689675","candidates":[]}],[],[{"start":0,"end":24,"url":null,"entity_id":"Q2983474","candidates":[]}]],[[{"start":0,"end":23,"url":null,"entity_id":"Q11858839","candidates":[]}],[],[{"start":0,"end":24,"url":null,"entity_id":"Q2983474","candidates":[]}]],[[{"start":0,"end":29,"url":null,"entity_id":"Q62113968","candidates":[]}],[],[{"start":0,"end":18,"url":null,"entity_id":"Q2595341","candidates":[]}]],[[{"start":0,"end":14,"url":null,"entity_id":"Q22255949","candidates":[]}],[],[{"start":0,"end":26,"url":null,"entity_id":"Q2365880","candidates":[]}]],[[{"start":0,"end":13,"url":null,"entity_id":"Q22246620","candidates":[]}],[],[{"start":0,"end":26,"url":null,"entity_id":"Q2365880","candidates":[]}]],[[{"start":0,"end":21,"url":null,"entity_id":"Q22246430","candidates":[]}],[],[{"start":0,"end":26,"url":null,"entity_id":"Q2365880","candidates":[]}]],[[{"start":0,"end":24,"url":null,"entity_id":"Q22246340","candidates":[]}],[],[{"start":0,"end":26,"url":null,"entity_id":"Q2365880","candidates":[]}]],[[{"start":0,"end":16,"url":null,"entity_id":"Q22246313","candidates":[]}],[],[{"start":0,"end":26,"url":null,"entity_id":"Q2365880","candidates":[]}]],[[{"start":0,"end":14,"url":null,"entity_id":"Q22246236","candidates":[]}],[],[{"start":0,"end":26,"url":null,"entity_id":"Q2365880","candidates":[]}]],[[{"start":0,"end":14,"url":null,"entity_id":"Q22246231","candidates":[]}],[],[{"start":0,"end":26,"url":null,"entity_id":"Q2365880","candidates":[]}]],[[{"start":0,"end":9,"url":null,"entity_id":"Q22246147","candidates":[]}],[],[{"start":0,"end":26,"url":null,"entity_id":"Q2365880","candidates":[]}]],[[{"start":0,"end":6,"url":null,"entity_id":"Q22246135","candidates":[]}],[],[{"start":0,"end":26,"url":null,"entity_id":"Q2365880","candidates":[]}]],[[{"start":0,"end":6,"url":null,"entity_id":"Q22246131","candidates":[]}],[],[{"start":0,"end":26,"url":null,"entity_id":"Q2365880","candidates":[]}]],[[{"start":0,"end":30,"url":null,"entity_id":"Q22246088","candidates":[]}],[],[{"start":0,"end":26,"url":null,"entity_id":"Q2365880","candidates":[]}]],[[{"start":0,"end":38,"url":null,"entity_id":"Q22246042","candidates":[]}],[],[{"start":0,"end":26,"url":null,"entity_id":"Q2365880","candidates":[]}]],[[{"start":0,"end":24,"url":null,"entity_id":"Q22245995","candidates":[]}],[],[{"start":0,"end":26,"url":null,"entity_id":"Q2365880","candidates":[]}]],[[{"start":0,"end":11,"url":null,"entity_id":"Q22245977","candidates":[]}],[],[{"start":0,"end":26,"url":null,"entity_id":"Q2365880","candidates":[]}]],[[{"start":0,"end":19,"url":null,"entity_id":"Q22245863","candidates":[]}],[],[{"start":0,"end":26,"url":null,"entity_id":"Q2365880","candidates":[]}]],[[{"start":0,"end":15,"url":null,"entity_id":"Q22245760","candidates":[]}],[],[{"start":0,"end":26,"url":null,"entity_id":"Q2365880","candidates":[]}]],[[{"start":0,"end":30,"url":null,"entity_id":"Q22243438","candidates":[]}],[],[{"start":0,"end":26,"url":null,"entity_id":"Q2365880","candidates":[]}]],[[{"start":0,"end":9,"url":null,"entity_id":"Q22246155","candidates":[]}],[],[{"start":0,"end":6,"url":null,"entity_id":"Q1928672","candidates":[]}]],[[{"start":0,"end":23,"url":null,"entity_id":"Q22245982","candidates":[]}],[],[{"start":0,"end":6,"url":null,"entity_id":"Q1928672","candidates":[]}]]]}