{"version":"1.2","table":{"version":"2","table_id":"58ISFP8B","columns":[{"index":0,"name":"col0","values":["WHU-Otto Beisheim School of Management","Jacobs University Bremen","Alanus University of Arts and Social Sciences","University of Applied Management","University of Applied Sciences Appollon","Private Hochschule für Wirtschaft und Technik","college 21","Nordakademie Hochschule der Wirtschaft","University of Applied Sciences Wedel","Hochschule Weserbergland","Zeppelin University","Witten/Herdecke University","Fachhochschule der Wirtschaft Bergisch Gladbach","Center for Jewish Studies Heidelberg","YMCA University of Applied Sciences","EBZ Business School","Handelshochschule Leipzig","FOM University of Applied Sciences for Economics and Management","Frankfurt School of Finance & Management","University of Applied Sciences Dresden"]},{"index":1,"name":"col1","values":["German Rectors' Conference","German Rectors' Conference","Informationsdienst Wissenschaft e.V.","Informationsdienst Wissenschaft e.V.","Deutscher Dialogmarketing Verband","Informationsdienst Wissenschaft e.V.","German University Sports Federation","Informationsdienst Wissenschaft e.V.","Informationsdienst Wissenschaft e.V.","Informationsdienst Wissenschaft e.V.","Informationsdienst Wissenschaft e.V.","German Rectors' Conference","Deutsches Forschungsnetz","German Rectors' Conference","Deutsche Gesellschaft für Soziale Arbeit","Informationsdienst Wissenschaft e.V.","German Rectors' Conference","Deutscher Dialogmarketing Verband","Informationsdienst Wissenschaft e.V.","German Rectors' Conference"]},{"index":2,"name":"col2","values":["Vallendar","Vegesack","Alfter","Treuchtlingen","Bremen","Vechta","Buxtehude","Elmshorn","Wedel","Hamelin","Friedrichshafen","Witten","Bergisch Gladbach","Heidelberg","Kassel","Bochum","Leipzig","Essen","Frankfurt am Main","Dresden"]},{"index":3,"name":"col3","values":["1669","1253","914","2800","1242","700","1000","1327","957","383","805","2326","2102","110","297","569","434","21263","1278","4991"]}]},"context":{"page_title":null,"page_url":null,"page_entity_id":null,"content_hierarchy":[]},"links":[[[{"start":0,"end":24,"url":null,"entity_id":"Q59114","candidates":[]}],[{"start":0,"end":26,"url":null,"entity_id":"Q880981","candidates":[]}],[{"start":0,"end":8,"url":null,"entity_id":"Q315005","candidates":[]}],[]],[[{"start":0,"end":45,"url":null,"entity_id":"Q32773","candidates":[]}],[{"start":0,"end":36,"url":null,"entity_id":"Q1559701","candidates":[]}],[{"start":0,"end":6,"url":null,"entity_id":"Q254774","candidates":[]}],[]],[[{"start":0,"end":32,"url":null,"entity_id":"Q1280712","candidates":[]}],[{"start":0,"end":36,"url":null,"entity_id":"Q1559701","candidates":[]}],[{"start":0,"end":13,"url":null,"entity_id":"Q252466","candidates":[]}],[]],[[{"start":0,"end":39,"url":null,"entity_id":"Q619201","candidates":[]}],[{"start":0,"end":33,"url":null,"entity_id":"Q1204711","candidates":[]}],[{"start":0,"end":6,"url":null,"entity_id":"Q24879","candidates":[]}],[]],[[{"start":0,"end":45,"url":null,"entity_id":"Q1391278","candidates":[]}],[{"start":0,"end":36,"url":null,"entity_id":"Q1559701","candidates":[]}],[{"start":0,"end":6,"url":null,"entity_id":"Q16096","candidates":[]}],[]],[[{"start":0,"end":10,"url":null,"entity_id":"Q1622069","candidates":[]}],[{"start":0,"end":35,"url":null,"entity_id":"Q1618604","candidates":[]}],[{"start":0,"end":9,"url":null,"entity_id":"Q14868","candidates":[]}],[]],[[{"start":0,"end":38,"url":null,"entity_id":"Q1379386","candidates":[]}],[{"start":0,"end":36,"url":null,"entity_id":"Q1559701","candidates":[]}],[{"start":0,"end":8,"url":null,"entity_id":"Q6845","candidates":[]}],[]],[[{"start":0,"end":36,"url":null,"entity_id":"Q976984","candidates":[]}],[{"start":0,"end":36,"url":null,"entity_id":"Q1559701","candidates":[]}],[{"start":0,"end":5,"url":null,"entity_id":"Q4356","candidates":[]}],[]],[[{"start":0,"end":24,"url":null,"entity_id":"Q1400766","candidates":[]}],[{"start":0,"end":36,"url":null,"entity_id":"Q1559701","candidates":[]}],[{"start":0,"end":7,"url":null,"entity_id":"Q4062","candidates":[]}],[]],[[{"start":0,"end":19,"url":null,"entity_id":"Q191426","candidates":[]}],[{"start":0,"end":36,"url":null,"entity_id":"Q1559701","candidates":[]}],[{"start":0,"end":15,"url":null,"entity_id":"Q4051","candidates":[]}],[]],[[{"start":0,"end":26,"url":null,"entity_id":"Q314305","candidates":[]}],[{"start":0,"end":26,"url":null,"entity_id":"Q880981","candidates":[]}],[{"start":0,"end":6,"url":null,"entity_id":"Q3764","candidates":[]}],[]],[[{"start":0,"end":47,"url":null,"entity_id":"Q1391254","candidates":[]}],[{"start":0,"end":24,"url":null,"entity_id":"Q2514863","candidates":[]}],[{"start":0,"end":17,"url":null,"entity_id":"Q3117","candidates":[]}],[]],[[{"start":0,"end":36,"url":null,"entity_id":"Q1622186","candidates":[]}],[{"start":0,"end":26,"url":null,"entity_id":"Q880981","candidates":[]}],[{"start":0,"end":10,"url":null,"entity_id":"Q2966","candidates":[]}],[]],[[{"start":0,"end":35,"url":null,"entity_id":"Q1024571","candidates":[]}],[{"start":0,"end":40,"url":null,"entity_id":"Q1202989","candidates":[]}],[{"start":0,"end":6,"url":null,"entity_id":"Q2865","candidates":[]}],[]],[[{"start":0,"end":19,"url":null,"entity_id":"Q1274007","candidates":[]}],[{"start":0,"end":36,"url":null,"entity_id":"Q1559701","candidates":[]}],[{"start":0,"end":6,"url":null,"entity_id":"Q2103","candidates":[]}],[]],[[{"start":0,"end":25,"url":null,"entity_id":"Q679945","candidates":[]}],[{"start":0,"end":26,"url":null,"entity_id":"Q880981","candidates":[]}],[{"start":0,"end":7,"url":null,"entity_id":"Q2079","candidates":[]}],[]],[[{"start":0,"end":63,"url":null,"entity_id":"Q55156","candidates":[]}],[{"start":0,"end":33,"url":null,"entity_id":"Q1204711","candidates":[]}],[{"start":0,"end":5,"url":null,"entity_id":"Q2066","candidates":[]}],[]],[[{"start":0,"end":40,"url":null,"entity_id":"Q1444899","candidates":[]}],[{"start":0,"end":36,"url":null,"entity_id":"Q1559701","candidates":[]}],[{"start":0,"end":17,"url":null,"entity_id":"Q1794","candidates":[]}],[]],[[{"start":0,"end":38,"url":null,"entity_id":"Q1622222","candidates":[]}],[{"start":0,"end":26,"url":null,"entity_id":"Q880981","candidates":[]}],[{"start":0,"end":7,"url":null,"entity_id":"Q1731","candidates":[]}],[]],[[{"start":0,"end":38,"url":null,"entity_id":"Q316595","candidates":[]}],[{"start":0,"end":26,"url":null,"entity_id":"Q880981","candidates":[]}],[{"start":0,"end":9,"url":null,"entity_id":"Q536559","candidates":[]}],[]]]}