{"version":"1.2","table":{"version":"2","table_id":"5A8Z2HUB","columns":[{"index":0,"name":"col0","values":["neptunium-245","neptunium-224","neptunium-223","neptunium-222","neptunium-221","neptunium-220","neptunium-219","neptunium-244","neptunium-243","neptunium-242","neptunium-241","neptunium-240","neptunium-239","neptunium-238","neptunium-236","neptunium-235","neptunium-234","neptunium-233","neptunium-232","neptunium-231"]},{"index":1,"name":"col1","values":["152","131","130","129","128","127","126","151","150","149","148","147","146","145","143","142","141","140","139","138"]},{"index":2,"name":"col2","values":["neptunium","neptunium","neptunium","neptunium","neptunium","neptunium","neptunium","neptunium","neptunium","neptunium","neptunium","neptunium","neptunium","neptunium","neptunium","neptunium","neptunium","neptunium","neptunium","neptunium"]},{"index":3,"name":"col3","values":["245.070736","224.03422","223.03285","222.0333","221.032045","220.03254","219.031623021","244.06785","243.064279","242.061639615","241.058250697","240.05616383","239.052937599","238.050944671","236.046568392","235.044061591","234.04289332","233.040739489","232.040107","231.03824449"]}]},"context":{"page_title":null,"page_url":null,"page_entity_id":null,"content_hierarchy":[]},"links":[[[{"start":0,"end":13,"url":null,"entity_id":"Q47457440","candidates":[]}],[],[{"start":0,"end":9,"url":null,"entity_id":"Q1105","candidates":[]}],[]],[[{"start":0,"end":13,"url":null,"entity_id":"Q47457434","candidates":[]}],[],[{"start":0,"end":9,"url":null,"entity_id":"Q1105","candidates":[]}],[]],[[{"start":0,"end":13,"url":null,"entity_id":"Q47457427","candidates":[]}],[],[{"start":0,"end":9,"url":null,"entity_id":"Q1105","candidates":[]}],[]],[[{"start":0,"end":13,"url":null,"entity_id":"Q47457423","candidates":[]}],[],[{"start":0,"end":9,"url":null,"entity_id":"Q1105","candidates":[]}],[]],[[{"start":0,"end":13,"url":null,"entity_id":"Q47457418","candidates":[]}],[],[{"start":0,"end":9,"url":null,"entity_id":"Q1105","candidates":[]}],[]],[[{"start":0,"end":13,"url":null,"entity_id":"Q47457414","candidates":[]}],[],[{"start":0,"end":9,"url":null,"entity_id":"Q1105","candidates":[]}],[]],[[{"start":0,"end":13,"url":null,"entity_id":"Q18845567","candidates":[]}],[],[{"start":0,"end":9,"url":null,"entity_id":"Q1105","candidates":[]}],[]],[[{"start":0,"end":13,"url":null,"entity_id":"Q18845566","candidates":[]}],[],[{"start":0,"end":9,"url":null,"entity_id":"Q1105","candidates":[]}],[]],[[{"start":0,"end":13,"url":null,"entity_id":"Q18845565","candidates":[]}],[],[{"start":0,"end":9,"url":null,"entity_id":"Q1105","candidates":[]}],[]],[[{"start":0,"end":13,"url":null,"entity_id":"Q18845564","candidates":[]}],[],[{"start":0,"end":9,"url":null,"entity_id":"Q1105","candidates":[]}],[]],[[{"start":0,"end":13,"url":null,"entity_id":"Q18845563","candidates":[]}],[],[{"start":0,"end":9,"url":null,"entity_id":"Q1105","candidates":[]}],[]],[[{"start":0,"end":13,"url":null,"entity_id":"Q18845562","candidates":[]}],[],[{"start":0,"end":9,"url":null,"entity_id":"Q1105","candidates":[]}],[]],[[{"start":0,"end":13,"url":null,"entity_id":"Q18845561","candidates":[]}],[],[{"start":0,"end":9,"url":null,"entity_id":"Q1105","candidates":[]}],[]],[[{"start":0,"end":13,"url":null,"entity_id":"Q18845560","candidates":[]}],[],[{"start":0,"end":9,"url":null,"entity_id":"Q1105","candidates":[]}],[]],[[{"start":0,"end":13,"url":null,"entity_id":"Q18845559","candidates":[]}],[],[{"start":0,"end":9,"url":null,"entity_id":"Q1105","candidates":[]}],[]],[[{"start":0,"end":13,"url":null,"entity_id":"Q18845558","candidates":[]}],[],[{"start":0,"end":9,"url":null,"entity_id":"Q1105","candidates":[]}],[]],[[{"start":0,"end":13,"url":null,"entity_id":"Q18845557","candidates":[]}],[],[{"start":0,"end":9,"url":null,"entity_id":"Q1105","candidates":[]}],[]],[[{"start":0,"end":13,"url":null,"entity_id":"Q18845555","candidates":[]}],[],[{"start":0,"end":9,"url":null,"entity_id":"Q1105","candidates":[]}],[]],[[{"start":0,"end":13,"url":null,"entity_id":"Q18845554","candidates":[]}],[],[{"start":0,"end":9,"url":null,"entity_id":"Q1105","candidates":[]}],[]],[[{"start":0,"end":13,"url":null,"entity_id":"Q47457479","candidates":[]}],[],[{"start":0,"end":9,"url":null,"entity_id":"Q1105","candidates":[]}],[]]]}