{"version":"1.2","table":{"version":"2","table_id":"5ADG4TX5","columns":[{"index":0,"name":"col0","values":["SO 2003U","SN 2003V","SN 2005S","TN 2003P","SN 200N","SN#2003O","SN 3003M","SQ 2003L","SN\"2003K","VN 2003J","SN 2004G","SN2003I","SN 2003","SN 003D","N 2003C","SN2003A","SN 002lr","SN 4302lp","SN 2002l","TN 202lo","SN 002lm","SN 4002ll","VN 2002lk","SN 002lj","SN 2022li","SN 2002c","S 2002ky","N 2002kz","SN 2005kw","SN 2002mx","SN 002ku","SN 2003v","SN#2002ks","N 2002kt","SN 2302kr","SN 2302kq","N 2002kq","SN 2002k","S 2002ko","SN 2002kp","SN 02kl","SN#2002kk","S 2002kh","SN2002ki","N 2002kd","SN 202ke","S 2002kb","SN 005kc","SN 202jz","SN 200ka"]},{"index":1,"name":"col1","values":["17.91","18.2629","17.982","18.0","26.029499999999995","16.915","17.4211","16.798599999999997","15.3846","16.566399999999998","16.2972","17.776000000000003","17.17","17.64","17.084999999999997","17.330399999999997","20.7168","20.542799999999996","22.5675","22.009499999999996","23.106099999999998","20.623","18.354899999999997","19.8182","20.5176","25.2255","23.818499999999997","24.999599999999997","25.1","25.5024","24.7256","24.8214","25.124399999999998","24.573499999999996","24.3775","24.619599999999995","23.8952","25.25","23.4468","24.402","25.048000000000002","19.0","25.200400000000002","24.442","23.918999999999997","25.725699999999996","23.9822","21.916999999999998","16.0272","17.4125"]},{"index":2,"name":"col2","values":["7501.718","8234.928","11757.438","9469.506","101644.15","4916.295","6519.976","6396.597","10193.0","767.034","3480.0409999999997","5274.102","4386.955","6196.41","5339.114","6937.0","56238.144","32207.76","38940.826","38667.42","72321.383","14527.31","33660.85","39136.116","82377.125","206104.752","138740.58","86056.992","128548.53","134535.39","172194.702","173340.38999999998","197008.47299999997","115921.692","187201.728","159818.144","171131.826","181976.172","127634.22899999999","132407.275","99333.27","25823.544","148172.976","193101.328","149226.054","127584.32","127022.94","57893.0","1549.172","2055.814"]}]},"context":{"page_title":null,"page_url":null,"page_entity_id":null,"content_hierarchy":[]},"links":[[[{"start":0,"end":8,"url":null,"entity_id":"Q9328777","candidates":[]}],[],[]],[[{"start":0,"end":8,"url":null,"entity_id":"Q9328776","candidates":[]}],[],[]],[[{"start":0,"end":8,"url":null,"entity_id":"Q9328773","candidates":[]}],[],[]],[[{"start":0,"end":7,"url":null,"entity_id":"Q9328772","candidates":[]}],[],[]],[[{"start":0,"end":8,"url":null,"entity_id":"Q9328771","candidates":[]}],[],[]],[[{"start":0,"end":8,"url":null,"entity_id":"Q9328770","candidates":[]}],[],[]],[[{"start":0,"end":8,"url":null,"entity_id":"Q9328769","candidates":[]}],[],[]],[[{"start":0,"end":8,"url":null,"entity_id":"Q9328768","candidates":[]}],[],[]],[[{"start":0,"end":8,"url":null,"entity_id":"Q9328767","candidates":[]}],[],[]],[[{"start":0,"end":8,"url":null,"entity_id":"Q9328766","candidates":[]}],[],[]],[[{"start":0,"end":7,"url":null,"entity_id":"Q9328765","candidates":[]}],[],[]],[[{"start":0,"end":7,"url":null,"entity_id":"Q9328763","candidates":[]}],[],[]],[[{"start":0,"end":7,"url":null,"entity_id":"Q9328762","candidates":[]}],[],[]],[[{"start":0,"end":7,"url":null,"entity_id":"Q9328761","candidates":[]}],[],[]],[[{"start":0,"end":7,"url":null,"entity_id":"Q9328760","candidates":[]}],[],[]],[[{"start":0,"end":8,"url":null,"entity_id":"Q9328755","candidates":[]}],[],[]],[[{"start":0,"end":9,"url":null,"entity_id":"Q9328753","candidates":[]}],[],[]],[[{"start":0,"end":8,"url":null,"entity_id":"Q9328752","candidates":[]}],[],[]],[[{"start":0,"end":8,"url":null,"entity_id":"Q9328751","candidates":[]}],[],[]],[[{"start":0,"end":8,"url":null,"entity_id":"Q9328750","candidates":[]}],[],[]],[[{"start":0,"end":9,"url":null,"entity_id":"Q9328749","candidates":[]}],[],[]],[[{"start":0,"end":9,"url":null,"entity_id":"Q9328748","candidates":[]}],[],[]],[[{"start":0,"end":8,"url":null,"entity_id":"Q9328746","candidates":[]}],[],[]],[[{"start":0,"end":9,"url":null,"entity_id":"Q9328745","candidates":[]}],[],[]],[[{"start":0,"end":8,"url":null,"entity_id":"Q9328739","candidates":[]}],[],[]],[[{"start":0,"end":8,"url":null,"entity_id":"Q9328736","candidates":[]}],[],[]],[[{"start":0,"end":8,"url":null,"entity_id":"Q9328735","candidates":[]}],[],[]],[[{"start":0,"end":9,"url":null,"entity_id":"Q9328734","candidates":[]}],[],[]],[[{"start":0,"end":9,"url":null,"entity_id":"Q9328733","candidates":[]}],[],[]],[[{"start":0,"end":8,"url":null,"entity_id":"Q9328732","candidates":[]}],[],[]],[[{"start":0,"end":8,"url":null,"entity_id":"Q9328731","candidates":[]}],[],[]],[[{"start":0,"end":9,"url":null,"entity_id":"Q9328730","candidates":[]}],[],[]],[[{"start":0,"end":8,"url":null,"entity_id":"Q9328729","candidates":[]}],[],[]],[[{"start":0,"end":9,"url":null,"entity_id":"Q9328728","candidates":[]}],[],[]],[[{"start":0,"end":9,"url":null,"entity_id":"Q9328727","candidates":[]}],[],[]],[[{"start":0,"end":8,"url":null,"entity_id":"Q9328725","candidates":[]}],[],[]],[[{"start":0,"end":8,"url":null,"entity_id":"Q9328724","candidates":[]}],[],[]],[[{"start":0,"end":8,"url":null,"entity_id":"Q9328723","candidates":[]}],[],[]],[[{"start":0,"end":9,"url":null,"entity_id":"Q9328722","candidates":[]}],[],[]],[[{"start":0,"end":7,"url":null,"entity_id":"Q9328721","candidates":[]}],[],[]],[[{"start":0,"end":9,"url":null,"entity_id":"Q9328720","candidates":[]}],[],[]],[[{"start":0,"end":8,"url":null,"entity_id":"Q9328718","candidates":[]}],[],[]],[[{"start":0,"end":8,"url":null,"entity_id":"Q9328717","candidates":[]}],[],[]],[[{"start":0,"end":8,"url":null,"entity_id":"Q9328714","candidates":[]}],[],[]],[[{"start":0,"end":8,"url":null,"entity_id":"Q9328713","candidates":[]}],[],[]],[[{"start":0,"end":8,"url":null,"entity_id":"Q9328712","candidates":[]}],[],[]],[[{"start":0,"end":8,"url":null,"entity_id":"Q9328711","candidates":[]}],[],[]],[[{"start":0,"end":8,"url":null,"entity_id":"Q9328710","candidates":[]}],[],[]],[[{"start":0,"end":8,"url":null,"entity_id":"Q9328709","candidates":[]}],[],[]],[[{"start":0,"end":8,"url":null,"entity_id":"Q9328778","candidates":[]}],[],[]]]}