{"version":"1.2","table":{"version":"2","table_id":"5BEY9DAJ","columns":[{"index":0,"name":"col0","values":["Mexicana Universal Tabasco","Nuestra Belleza Hidalgo","Miss Earth Sweden","Miss LA Chinatown","Miss Kentucky Teen USA","Miss Kansas Teen USA","Miss Kansas","Miss Iowa USA","Miss Iowa Teen USA","Miss Indiana Teen USA","Miss Illinois USA","Miss Idaho USA","Miss Illinois Teen USA","Miss Illinois","Miss Idaho","Miss Idaho Teen USA","Miss Hawaii","Miss Hawaii Teen USA","Miss Georgia USA","Miss Georgia Teen USA"]},{"index":1,"name":"col1","values":["Mexico","Mexico","Sweden","United States of America","United States of America","United States of America","United States of America","United States of America","United States of America","United States of America","United States of America","United States of America","United States of America","United States of America","United States of America","United States of America","United States of America","United States of America","United States of America","United States of America"]},{"index":2,"name":"col2","values":["1994-01-01","1994-01-01","2003-01-01","1963-01-01","1983-01-01","1983-01-01","1924-01-01","1952-01-01","1983-01-01","1983-01-01","1952-01-01","1952-01-01","1983-01-01","1922-01-01","1950-01-01","1983-01-01","1948-01-01","1983-01-01","1952-01-01","1983-01-01"]}]},"context":{"page_title":null,"page_url":null,"page_entity_id":null,"content_hierarchy":[]},"links":[[[{"start":0,"end":26,"url":null,"entity_id":"Q6046296","candidates":[]}],[{"start":0,"end":6,"url":null,"entity_id":"Q96","candidates":[]}],[]],[[{"start":0,"end":23,"url":null,"entity_id":"Q6046280","candidates":[]}],[{"start":0,"end":6,"url":null,"entity_id":"Q96","candidates":[]}],[]],[[{"start":0,"end":17,"url":null,"entity_id":"Q6876595","candidates":[]}],[{"start":0,"end":6,"url":null,"entity_id":"Q34","candidates":[]}],[]],[[{"start":0,"end":17,"url":null,"entity_id":"Q6876920","candidates":[]}],[{"start":0,"end":24,"url":null,"entity_id":"Q30","candidates":[]}],[]],[[{"start":0,"end":22,"url":null,"entity_id":"Q6876900","candidates":[]}],[{"start":0,"end":24,"url":null,"entity_id":"Q30","candidates":[]}],[]],[[{"start":0,"end":20,"url":null,"entity_id":"Q6876898","candidates":[]}],[{"start":0,"end":24,"url":null,"entity_id":"Q30","candidates":[]}],[]],[[{"start":0,"end":11,"url":null,"entity_id":"Q6876894","candidates":[]}],[{"start":0,"end":24,"url":null,"entity_id":"Q30","candidates":[]}],[]],[[{"start":0,"end":13,"url":null,"entity_id":"Q6876862","candidates":[]}],[{"start":0,"end":24,"url":null,"entity_id":"Q30","candidates":[]}],[]],[[{"start":0,"end":18,"url":null,"entity_id":"Q6876859","candidates":[]}],[{"start":0,"end":24,"url":null,"entity_id":"Q30","candidates":[]}],[]],[[{"start":0,"end":21,"url":null,"entity_id":"Q6876786","candidates":[]}],[{"start":0,"end":24,"url":null,"entity_id":"Q30","candidates":[]}],[]],[[{"start":0,"end":17,"url":null,"entity_id":"Q6876777","candidates":[]}],[{"start":0,"end":24,"url":null,"entity_id":"Q30","candidates":[]}],[]],[[{"start":0,"end":14,"url":null,"entity_id":"Q6876775","candidates":[]}],[{"start":0,"end":24,"url":null,"entity_id":"Q30","candidates":[]}],[]],[[{"start":0,"end":22,"url":null,"entity_id":"Q6876773","candidates":[]}],[{"start":0,"end":24,"url":null,"entity_id":"Q30","candidates":[]}],[]],[[{"start":0,"end":13,"url":null,"entity_id":"Q6876771","candidates":[]}],[{"start":0,"end":24,"url":null,"entity_id":"Q30","candidates":[]}],[]],[[{"start":0,"end":10,"url":null,"entity_id":"Q6876770","candidates":[]}],[{"start":0,"end":24,"url":null,"entity_id":"Q30","candidates":[]}],[]],[[{"start":0,"end":19,"url":null,"entity_id":"Q6876768","candidates":[]}],[{"start":0,"end":24,"url":null,"entity_id":"Q30","candidates":[]}],[]],[[{"start":0,"end":11,"url":null,"entity_id":"Q6876749","candidates":[]}],[{"start":0,"end":24,"url":null,"entity_id":"Q30","candidates":[]}],[]],[[{"start":0,"end":20,"url":null,"entity_id":"Q6876748","candidates":[]}],[{"start":0,"end":24,"url":null,"entity_id":"Q30","candidates":[]}],[]],[[{"start":0,"end":16,"url":null,"entity_id":"Q6876721","candidates":[]}],[{"start":0,"end":24,"url":null,"entity_id":"Q30","candidates":[]}],[]],[[{"start":0,"end":21,"url":null,"entity_id":"Q6876709","candidates":[]}],[{"start":0,"end":24,"url":null,"entity_id":"Q30","candidates":[]}],[]]]}