{"version":"1.2","table":{"version":"2","table_id":"5C51HYOH","columns":[{"index":0,"name":"col0","values":["Reprodução de Planta: Mappa Reduzido das Fazendas Pendera e Laranjal","Mappa Topographico do Municipio de São Paulo - Parte Principal da Cidade - Folha 51/7","Estado de S. Paulo Brasil Carta dos Excursionistas (Vale do Paraiba)","Reprodução de Planta: Planta do Sítio Osasco","Mappa Topographico do Municipio de São Paulo - Parte Principal da Cidade - Folha 51/5","Mappa Topographico do Municipio de São Paulo - Parte Principal da Cidade - Folha 51/4","Mappa Topographico do Municipio de São Paulo - Parte Principal da Cidade - Folha 51/3","Mappa Topographico do Municipio de São Paulo - Parte Principal da Cidade - Folha 51/2","Mappa Topographico do Municipio de São Paulo - Parte Principal da Cidade - Folha 51/1","Mappa Topographico do Municipio de São Paulo - Parte Principal da Cidade - Folha 51/6","Mappa Topographico do Municipio de São Paulo - Parte Principal da Cidade - Folha 50/4","Mappa Topographico do Municipio de São Paulo - Parte Principal da Cidade - Folha 50/5","Mappa Topographico do Municipio de São Paulo - Parte Principal da Cidade - Folha 50/3","Mappa Topographico do Municipio de São Paulo - Parte Principal da Cidade - Folha 50/9","Reprodução de Planta: Planta dos Terrenos do Ipiranga, e Parte do Cambucí e Moóca","Mappa Topographico do Municipio de São Paulo - Folha 52","Mappa Topographico do Municipio de São Paulo - Folha 52","Mappa Topographico do Municipio de São Paulo - Folha 53","Mappa Topographico do Municipio de São Paulo - Folha 28 - 29 - 30","Mappa Topographico do Municipio de São Paulo - Folha 54"]},{"index":1,"name":"col1","values":["copying","copying","copying","copying","copying","copying","copying","copying","copying","copying","copying","copying","copying","copying","copying","copying","copying","copying","copying","copying"]},{"index":2,"name":"col2","values":["31.5","77.05","89","13.1","77.05","77.05","77.05","77.05","77.05","77.05","77.05","77.05","77.05","77.05","26.6","77.5","77.05","77.05","128.5","77.05"]}]},"context":{"page_title":null,"page_url":null,"page_entity_id":null,"content_hierarchy":[]},"links":[[[{"start":0,"end":68,"url":null,"entity_id":"Q55212554","candidates":[]}],[{"start":0,"end":7,"url":null,"entity_id":"Q1156791","candidates":[]}],[]],[[{"start":0,"end":85,"url":null,"entity_id":"Q55212532","candidates":[]}],[{"start":0,"end":7,"url":null,"entity_id":"Q1156791","candidates":[]}],[]],[[{"start":0,"end":68,"url":null,"entity_id":"Q55212522","candidates":[]}],[{"start":0,"end":7,"url":null,"entity_id":"Q1156791","candidates":[]}],[]],[[{"start":0,"end":44,"url":null,"entity_id":"Q55212483","candidates":[]}],[{"start":0,"end":7,"url":null,"entity_id":"Q1156791","candidates":[]}],[]],[[{"start":0,"end":85,"url":null,"entity_id":"Q55212445","candidates":[]}],[{"start":0,"end":7,"url":null,"entity_id":"Q1156791","candidates":[]}],[]],[[{"start":0,"end":85,"url":null,"entity_id":"Q55212444","candidates":[]}],[{"start":0,"end":7,"url":null,"entity_id":"Q1156791","candidates":[]}],[]],[[{"start":0,"end":85,"url":null,"entity_id":"Q55212443","candidates":[]}],[{"start":0,"end":7,"url":null,"entity_id":"Q1156791","candidates":[]}],[]],[[{"start":0,"end":85,"url":null,"entity_id":"Q55212442","candidates":[]}],[{"start":0,"end":7,"url":null,"entity_id":"Q1156791","candidates":[]}],[]],[[{"start":0,"end":85,"url":null,"entity_id":"Q55212441","candidates":[]}],[{"start":0,"end":7,"url":null,"entity_id":"Q1156791","candidates":[]}],[]],[[{"start":0,"end":85,"url":null,"entity_id":"Q55212440","candidates":[]}],[{"start":0,"end":7,"url":null,"entity_id":"Q1156791","candidates":[]}],[]],[[{"start":0,"end":85,"url":null,"entity_id":"Q55212429","candidates":[]}],[{"start":0,"end":7,"url":null,"entity_id":"Q1156791","candidates":[]}],[]],[[{"start":0,"end":85,"url":null,"entity_id":"Q55212428","candidates":[]}],[{"start":0,"end":7,"url":null,"entity_id":"Q1156791","candidates":[]}],[]],[[{"start":0,"end":85,"url":null,"entity_id":"Q55212427","candidates":[]}],[{"start":0,"end":7,"url":null,"entity_id":"Q1156791","candidates":[]}],[]],[[{"start":0,"end":85,"url":null,"entity_id":"Q55212412","candidates":[]}],[{"start":0,"end":7,"url":null,"entity_id":"Q1156791","candidates":[]}],[]],[[{"start":0,"end":81,"url":null,"entity_id":"Q55212380","candidates":[]}],[{"start":0,"end":7,"url":null,"entity_id":"Q1156791","candidates":[]}],[]],[[{"start":0,"end":55,"url":null,"entity_id":"Q55212377","candidates":[]}],[{"start":0,"end":7,"url":null,"entity_id":"Q1156791","candidates":[]}],[]],[[{"start":0,"end":55,"url":null,"entity_id":"Q55212376","candidates":[]}],[{"start":0,"end":7,"url":null,"entity_id":"Q1156791","candidates":[]}],[]],[[{"start":0,"end":55,"url":null,"entity_id":"Q55212374","candidates":[]}],[{"start":0,"end":7,"url":null,"entity_id":"Q1156791","candidates":[]}],[]],[[{"start":0,"end":65,"url":null,"entity_id":"Q55212368","candidates":[]}],[{"start":0,"end":7,"url":null,"entity_id":"Q1156791","candidates":[]}],[]],[[{"start":0,"end":55,"url":null,"entity_id":"Q55212366","candidates":[]}],[{"start":0,"end":7,"url":null,"entity_id":"Q1156791","candidates":[]}],[]]]}