{"version":"1.2","table":{"version":"2","table_id":"5CMP2NOP","columns":[{"index":0,"name":"col0","values":["18 Delphini","Beta Camelopardalis","12 Ophiuchi","Alpha2 Capricorni","Beta Canum Venaticorum","Helix Nebula","Alpha Equulei","Alpha Corvi","Epsilon Scorpii","Alpha Trianguli Australis","Pi3 Orionis","Epsilon Virginis","Alphecca","Eta Boötis","Gamma Cassiopeiae","Epsilon Canis Majoris","Zeta Herculis","Zeta Puppis","Alpha² Canum Venaticorum","Beta Ceti"]},{"index":1,"name":"col1","values":["1260","112","34000","800","23400","42000000","10200","18600","310","8","19500","660","5100","5600","2100","2240","4900","4400","6000","178"]},{"index":2,"name":"col2","values":["314.60805686290246","75.85454012875","249.0893720823765","304.51356644875","188.43560341458","337.4106054491761","318.95596633208","182.10340218375","252.54087838625","252.166229507","72.46004544042","195.54415770667","233.671950015","208.671162168","14.17721542","104.656453151","250.321504331","120.89603141","194.00694257125","10.897378736"]}]},"context":{"page_title":null,"page_url":null,"page_entity_id":null,"content_hierarchy":[]},"links":[[[{"start":0,"end":19,"url":null,"entity_id":"Q169398","candidates":[]}],[],[]],[[{"start":0,"end":11,"url":null,"entity_id":"Q115904","candidates":[]}],[],[]],[[{"start":0,"end":17,"url":null,"entity_id":"Q77155","candidates":[]}],[],[]],[[{"start":0,"end":22,"url":null,"entity_id":"Q44409","candidates":[]}],[],[]],[[{"start":0,"end":12,"url":null,"entity_id":"Q15828","candidates":[]}],[],[]],[[{"start":0,"end":13,"url":null,"entity_id":"Q15711","candidates":[]}],[],[]],[[{"start":0,"end":11,"url":null,"entity_id":"Q15702","candidates":[]}],[],[]],[[{"start":0,"end":15,"url":null,"entity_id":"Q14249","candidates":[]}],[],[]],[[{"start":0,"end":25,"url":null,"entity_id":"Q14242","candidates":[]}],[],[]],[[{"start":0,"end":11,"url":null,"entity_id":"Q14216","candidates":[]}],[],[]],[[{"start":0,"end":16,"url":null,"entity_id":"Q14198","candidates":[]}],[],[]],[[{"start":0,"end":8,"url":null,"entity_id":"Q14046","candidates":[]}],[],[]],[[{"start":0,"end":10,"url":null,"entity_id":"Q14020","candidates":[]}],[],[]],[[{"start":0,"end":17,"url":null,"entity_id":"Q13584","candidates":[]}],[],[]],[[{"start":0,"end":21,"url":null,"entity_id":"Q13414","candidates":[]}],[],[]],[[{"start":0,"end":13,"url":null,"entity_id":"Q13341","candidates":[]}],[],[]],[[{"start":0,"end":11,"url":null,"entity_id":"Q13200","candidates":[]}],[],[]],[[{"start":0,"end":24,"url":null,"entity_id":"Q13176","candidates":[]}],[],[]],[[{"start":0,"end":9,"url":null,"entity_id":"Q13170","candidates":[]}],[],[]],[[{"start":0,"end":11,"url":null,"entity_id":"Q204485","candidates":[]}],[],[]]]}