{"version":"1.2","table":{"version":"2","table_id":"5D10P7JM","columns":[{"index":0,"name":"col0","values":["5019 Taiwanese Second Badminton Ranking","2018 Taiwanese Second Badmknton Ranking","2017 Taiwaneve Second Badminton Ranking","2016 Taiwanese Second Badminon Ranking","2014 Taiwanese Second Badminton Ranling","2013 Taiwanese Second Badminon Ranking","2012 Taiwanese First Badminon Ranking","2010 Taiwanese Second Badminvon Ranking","2019 Taiwanese First Badminton Ranking","2013\"Taiwanese First Badminton Ranking","2011 Taiwanese Second Badminton anking","2014 Taiwanese First Bcdmintop Rankng","2012 Taiwanee Second Badminton Ranking","2011 Tdiwanese First Badminton Ranking","2019 Taiwanese First Badminton Raning","2018 Taiwaneue First Bdminton Ranking","2017 Taiwanese First Badminton Tanking","2015 Taixanese First Badminton Ranking","2009 Taiwanese Second Badmiton Ranking","2010 Taiwanese First Badminton Rankinh"]},{"index":1,"name":"col1","values":["badminton","badminton","badminton","badminton","badminton","badminton","badminton","badminton","badminton","badminton","badminton","badminton","badminton","badminton","badminton","badminton","badminton","badminton","badminton","badminton"]},{"index":2,"name":"col2","values":["2020 Taiwanese First Badminton Ranking","2019 Taiwanese First Badminton Ranking","2018 Taiwanese First Badminton Ranking","2017 Taiwanese First Badminton Ranking","2015 Taiwanese First Badminton Ranking","2014 Taiwanese First Badminton Ranking","2012 Taiwanese Second Badminton Ranking","2011 Taiwanese First Badminton Ranking","2016 Taiwanese Second Badminton Ranking","2013 Taiwanese Second Badminton Ranking","2012 Taiwanese First Badminton Ranking","2014 Taiwanese Second Badminton Ranking","2013 Taiwanese First Badminton Ranking","2011 Taiwanese Second Badminton Ranking","2019 Taiwanese Second Badminton Ranking","2018 Taiwanese Second Badminton Ranking","2017 Taiwanese Second Badminton Ranking","2015 Taiwanese Second Badminton Ranking","2010 Taiwanese First Badminton Ranking","2010 Taiwanese Second Badminton Ranking"]},{"index":3,"name":"col3","values":["2019/07/02","2018/06/17","2017/07/19","2016/09/06","2014/06/22","2013/07/28","2012/05/20","2010/07/18","2016/01/12","2013/01/24","2011/07/28","2014/01/17","2012/10/21","2011/01/16","2019/01/21","2018/01/10","2017/01/10","2015/01/11","2009/08/02","2010/01/05"]},{"index":4,"name":"col4","values":["national championship","national championship","national championship","national championship","national championship","national championship","national championship","national championship","national championship","national championship","national championship","national championship","national championship","national championship","national championship","national championship","national championship","national championship","national championship","national championship"]},{"index":5,"name":"col5","values":["Taichung","Taichung","Taichung","Taichung","Taichung","Taichung","Taichung","Taichung","New Taipei City","New Taipei City","New Taipei City","Pingtung County","Kaohsiung","Kaohsiung","Taipei","Taipei","Taipei","Taipei","Taipei","Kaohsiung"]},{"index":6,"name":"col6","values":["2019/06/25","2018/06/10","2017/07/12","2016/08/30","2014/06/16","2013/07/23","2012/05/14","2010/07/13","2016/01/05","2013/01/19","2011/07/22","2014/01/11","2012/10/16","2011/01/11","2019/01/14","2018/01/03","2017/01/03","2015/01/05","2009/07/28","2010/01/05"]}]},"context":{"page_title":null,"page_url":null,"page_entity_id":null,"content_hierarchy":[]},"links":[[[{"start":0,"end":39,"url":null,"entity_id":"Q64810155","candidates":[]}],[{"start":0,"end":9,"url":null,"entity_id":"Q7291","candidates":[]}],[{"start":0,"end":38,"url":null,"entity_id":"Q80543209","candidates":[]}],[],[{"start":0,"end":21,"url":null,"entity_id":"Q63891772","candidates":[]}],[{"start":0,"end":8,"url":null,"entity_id":"Q245023","candidates":[]}],[]],[[{"start":0,"end":39,"url":null,"entity_id":"Q54913725","candidates":[]}],[{"start":0,"end":9,"url":null,"entity_id":"Q7291","candidates":[]}],[{"start":0,"end":38,"url":null,"entity_id":"Q60432727","candidates":[]}],[],[{"start":0,"end":21,"url":null,"entity_id":"Q63891772","candidates":[]}],[{"start":0,"end":8,"url":null,"entity_id":"Q245023","candidates":[]}],[]],[[{"start":0,"end":39,"url":null,"entity_id":"Q32927975","candidates":[]}],[{"start":0,"end":9,"url":null,"entity_id":"Q7291","candidates":[]}],[{"start":0,"end":38,"url":null,"entity_id":"Q45897963","candidates":[]}],[],[{"start":0,"end":21,"url":null,"entity_id":"Q63891772","candidates":[]}],[{"start":0,"end":8,"url":null,"entity_id":"Q245023","candidates":[]}],[]],[[{"start":0,"end":38,"url":null,"entity_id":"Q26805189","candidates":[]}],[{"start":0,"end":9,"url":null,"entity_id":"Q7291","candidates":[]}],[{"start":0,"end":38,"url":null,"entity_id":"Q28008737","candidates":[]}],[],[{"start":0,"end":21,"url":null,"entity_id":"Q63891772","candidates":[]}],[{"start":0,"end":8,"url":null,"entity_id":"Q245023","candidates":[]}],[]],[[{"start":0,"end":39,"url":null,"entity_id":"Q26479181","candidates":[]}],[{"start":0,"end":9,"url":null,"entity_id":"Q7291","candidates":[]}],[{"start":0,"end":38,"url":null,"entity_id":"Q26828122","candidates":[]}],[],[{"start":0,"end":21,"url":null,"entity_id":"Q63891772","candidates":[]}],[{"start":0,"end":8,"url":null,"entity_id":"Q245023","candidates":[]}],[]],[[{"start":0,"end":38,"url":null,"entity_id":"Q26132365","candidates":[]}],[{"start":0,"end":9,"url":null,"entity_id":"Q7291","candidates":[]}],[{"start":0,"end":38,"url":null,"entity_id":"Q26479146","candidates":[]}],[],[{"start":0,"end":21,"url":null,"entity_id":"Q63891772","candidates":[]}],[{"start":0,"end":8,"url":null,"entity_id":"Q245023","candidates":[]}],[]],[[{"start":0,"end":37,"url":null,"entity_id":"Q10876296","candidates":[]}],[{"start":0,"end":9,"url":null,"entity_id":"Q7291","candidates":[]}],[{"start":0,"end":39,"url":null,"entity_id":"Q10876297","candidates":[]}],[],[{"start":0,"end":21,"url":null,"entity_id":"Q63891772","candidates":[]}],[{"start":0,"end":8,"url":null,"entity_id":"Q245023","candidates":[]}],[]],[[{"start":0,"end":39,"url":null,"entity_id":"Q10876306","candidates":[]}],[{"start":0,"end":9,"url":null,"entity_id":"Q7291","candidates":[]}],[{"start":0,"end":38,"url":null,"entity_id":"Q10876293","candidates":[]}],[],[{"start":0,"end":21,"url":null,"entity_id":"Q63891772","candidates":[]}],[{"start":0,"end":8,"url":null,"entity_id":"Q245023","candidates":[]}],[]],[[{"start":0,"end":38,"url":null,"entity_id":"Q26805181","candidates":[]}],[{"start":0,"end":9,"url":null,"entity_id":"Q7291","candidates":[]}],[{"start":0,"end":39,"url":null,"entity_id":"Q26805189","candidates":[]}],[],[{"start":0,"end":21,"url":null,"entity_id":"Q63891772","candidates":[]}],[{"start":0,"end":15,"url":null,"entity_id":"Q244898","candidates":[]}],[]],[[{"start":0,"end":38,"url":null,"entity_id":"Q15904455","candidates":[]}],[{"start":0,"end":9,"url":null,"entity_id":"Q7291","candidates":[]}],[{"start":0,"end":39,"url":null,"entity_id":"Q26132365","candidates":[]}],[],[{"start":0,"end":21,"url":null,"entity_id":"Q63891772","candidates":[]}],[{"start":0,"end":15,"url":null,"entity_id":"Q244898","candidates":[]}],[]],[[{"start":0,"end":38,"url":null,"entity_id":"Q10876294","candidates":[]}],[{"start":0,"end":9,"url":null,"entity_id":"Q7291","candidates":[]}],[{"start":0,"end":38,"url":null,"entity_id":"Q10876296","candidates":[]}],[],[{"start":0,"end":21,"url":null,"entity_id":"Q63891772","candidates":[]}],[{"start":0,"end":15,"url":null,"entity_id":"Q244898","candidates":[]}],[]],[[{"start":0,"end":37,"url":null,"entity_id":"Q26479146","candidates":[]}],[{"start":0,"end":9,"url":null,"entity_id":"Q7291","candidates":[]}],[{"start":0,"end":39,"url":null,"entity_id":"Q26479181","candidates":[]}],[],[{"start":0,"end":21,"url":null,"entity_id":"Q63891772","candidates":[]}],[{"start":0,"end":15,"url":null,"entity_id":"Q194989","candidates":[]}],[]],[[{"start":0,"end":38,"url":null,"entity_id":"Q10876297","candidates":[]}],[{"start":0,"end":9,"url":null,"entity_id":"Q7291","candidates":[]}],[{"start":0,"end":38,"url":null,"entity_id":"Q15904455","candidates":[]}],[],[{"start":0,"end":21,"url":null,"entity_id":"Q63891772","candidates":[]}],[{"start":0,"end":9,"url":null,"entity_id":"Q181557","candidates":[]}],[]],[[{"start":0,"end":38,"url":null,"entity_id":"Q10876293","candidates":[]}],[{"start":0,"end":9,"url":null,"entity_id":"Q7291","candidates":[]}],[{"start":0,"end":39,"url":null,"entity_id":"Q10876294","candidates":[]}],[],[{"start":0,"end":21,"url":null,"entity_id":"Q63891772","candidates":[]}],[{"start":0,"end":9,"url":null,"entity_id":"Q181557","candidates":[]}],[]],[[{"start":0,"end":37,"url":null,"entity_id":"Q60432727","candidates":[]}],[{"start":0,"end":9,"url":null,"entity_id":"Q7291","candidates":[]}],[{"start":0,"end":39,"url":null,"entity_id":"Q64810155","candidates":[]}],[],[{"start":0,"end":21,"url":null,"entity_id":"Q63891772","candidates":[]}],[{"start":0,"end":6,"url":null,"entity_id":"Q1867","candidates":[]}],[]],[[{"start":0,"end":37,"url":null,"entity_id":"Q45897963","candidates":[]}],[{"start":0,"end":9,"url":null,"entity_id":"Q7291","candidates":[]}],[{"start":0,"end":39,"url":null,"entity_id":"Q54913725","candidates":[]}],[],[{"start":0,"end":21,"url":null,"entity_id":"Q63891772","candidates":[]}],[{"start":0,"end":6,"url":null,"entity_id":"Q1867","candidates":[]}],[]],[[{"start":0,"end":38,"url":null,"entity_id":"Q28008737","candidates":[]}],[{"start":0,"end":9,"url":null,"entity_id":"Q7291","candidates":[]}],[{"start":0,"end":39,"url":null,"entity_id":"Q32927975","candidates":[]}],[],[{"start":0,"end":21,"url":null,"entity_id":"Q63891772","candidates":[]}],[{"start":0,"end":6,"url":null,"entity_id":"Q1867","candidates":[]}],[]],[[{"start":0,"end":38,"url":null,"entity_id":"Q26828122","candidates":[]}],[{"start":0,"end":9,"url":null,"entity_id":"Q7291","candidates":[]}],[{"start":0,"end":39,"url":null,"entity_id":"Q26828124","candidates":[]}],[],[{"start":0,"end":21,"url":null,"entity_id":"Q63891772","candidates":[]}],[{"start":0,"end":6,"url":null,"entity_id":"Q1867","candidates":[]}],[]],[[{"start":0,"end":38,"url":null,"entity_id":"Q26828128","candidates":[]}],[{"start":0,"end":9,"url":null,"entity_id":"Q7291","candidates":[]}],[{"start":0,"end":38,"url":null,"entity_id":"Q10876304","candidates":[]}],[],[{"start":0,"end":21,"url":null,"entity_id":"Q63891772","candidates":[]}],[{"start":0,"end":6,"url":null,"entity_id":"Q1867","candidates":[]}],[]],[[{"start":0,"end":38,"url":null,"entity_id":"Q10876304","candidates":[]}],[{"start":0,"end":9,"url":null,"entity_id":"Q7291","candidates":[]}],[{"start":0,"end":39,"url":null,"entity_id":"Q10876306","candidates":[]}],[],[{"start":0,"end":21,"url":null,"entity_id":"Q63891772","candidates":[]}],[{"start":0,"end":9,"url":null,"entity_id":"Q181557","candidates":[]}],[]]]}