{"version":"1.2","table":{"version":"2","table_id":"5DE8LVBF","columns":[{"index":0,"name":"col0","values":["PLM 241.B.1","SNCF 232.U.1","SNCF 232.P.1","PLM 6001","SNCF 5-230.E.93","Nord 3.999","Est 2601 and 2602","Ouest 901 and 902","Nord 3.1501 and 3.1502","Nord 3.1401 and 3.1402","Nord 3.101","PLM C.1 and C.2","Est 1002 to 1005","Prussian T 14 (experimental)","Prussian T 16 (experimental)","DRG H 02 1001","DR Class 25.10","DRG Class 04","GWR 101 Class","Pennsylvania Railroad CC1s"]},{"index":1,"name":"col1","values":["1","1","1","1","1","1","2","2","2","2","1","2","4","1","1","1","2","2","1","1"]},{"index":2,"name":"col2","values":["4","4","18","4","4","4","4","4","2","2","3","4","2","3","4","3","2","4","2","4"]}]},"context":{"page_title":null,"page_url":null,"page_entity_id":null,"content_hierarchy":[]},"links":[[[{"start":0,"end":12,"url":null,"entity_id":"Q2815076","candidates":[]}],[],[]],[[{"start":0,"end":12,"url":null,"entity_id":"Q2815068","candidates":[]}],[],[]],[[{"start":0,"end":8,"url":null,"entity_id":"Q2815053","candidates":[]}],[],[]],[[{"start":0,"end":15,"url":null,"entity_id":"Q2815026","candidates":[]}],[],[]],[[{"start":0,"end":10,"url":null,"entity_id":"Q2815022","candidates":[]}],[],[]],[[{"start":0,"end":17,"url":null,"entity_id":"Q2814928","candidates":[]}],[],[]],[[{"start":0,"end":17,"url":null,"entity_id":"Q2814922","candidates":[]}],[],[]],[[{"start":0,"end":22,"url":null,"entity_id":"Q2807523","candidates":[]}],[],[]],[[{"start":0,"end":22,"url":null,"entity_id":"Q2807522","candidates":[]}],[],[]],[[{"start":0,"end":10,"url":null,"entity_id":"Q2807521","candidates":[]}],[],[]],[[{"start":0,"end":15,"url":null,"entity_id":"Q2807228","candidates":[]}],[],[]],[[{"start":0,"end":16,"url":null,"entity_id":"Q2806488","candidates":[]}],[],[]],[[{"start":0,"end":28,"url":null,"entity_id":"Q2109264","candidates":[]}],[],[]],[[{"start":0,"end":28,"url":null,"entity_id":"Q1311243","candidates":[]}],[],[]],[[{"start":0,"end":13,"url":null,"entity_id":"Q1155584","candidates":[]}],[],[]],[[{"start":0,"end":14,"url":null,"entity_id":"Q1155045","candidates":[]}],[],[]],[[{"start":0,"end":12,"url":null,"entity_id":"Q315056","candidates":[]}],[],[]],[[{"start":0,"end":13,"url":null,"entity_id":"Q16986501","candidates":[]}],[],[]],[[{"start":0,"end":26,"url":null,"entity_id":"Q7120465","candidates":[]}],[],[]],[[{"start":0,"end":11,"url":null,"entity_id":"Q2815189","candidates":[]}],[],[]]]}