{"version":"1.2","table":{"version":"2","table_id":"5DKKV10E","columns":[{"index":0,"name":"col0","values":["St Barnabas and St Paul's Church of England Voluntary Aided Primary School","English Martyrs Catholic Primary School, Preston","Preston St Matthew's Church of England Primary School","Lea Neeld's Endowed Church of England Primary School","St Kentigern's Catholic Primary School","St John Vianney's Catholic Primary School","Our Lady of the Assumption Catholic Primary School","Blackpool St John's Church of England Primary School","St Alban's Catholic Primary School","St Vincent's RC Primary School","Norton Free Church of England Primary School","St Peter's Roman Catholic Voluntary Aided Primary School","Whickham Parochial Church of England Primary School","St Oswald's RC Primary School","St Charles' RC Primary School","Archbishop Runcie CofE First School","Our Lady and St Joseph's Catholic Primary School","Laughton All Saints CofE Primary School","St Alban's RC Primary School","St Teresa's Catholic Primary School"]},{"index":1,"name":"col1","values":["Church of England","Roman Catholic","Church of England","Church of England","Roman Catholic","Roman Catholic","Roman Catholic","Church of England","Roman Catholic","Roman Catholic","Church of England","Roman Catholic","Church of England","Roman Catholic","Roman Catholic","Church of England","Roman Catholic","Church of England","Roman Catholic","Roman Catholic"]},{"index":2,"name":"col2","values":["Blackburn","Preston","Preston","Preston","Blackpool","Blackpool","Blackpool","Blackpool","Pelaw","Walker","Norton Lees","Low Fell","Whickham","Gosforth","Gosforth","Gosforth","Wath-upon-Dearne","Laughton-en-le-Morthen","Newcastle upon Tyne","Newcastle upon Tyne"]}]},"context":{"page_title":null,"page_url":null,"page_entity_id":null,"content_hierarchy":[]},"links":[[[{"start":0,"end":48,"url":null,"entity_id":"Q66137822","candidates":[]}],[{"start":0,"end":14,"url":null,"entity_id":"Q7361618","candidates":[]}],[{"start":0,"end":7,"url":null,"entity_id":"Q184090","candidates":[]}]],[[{"start":0,"end":53,"url":null,"entity_id":"Q66137820","candidates":[]}],[{"start":0,"end":17,"url":null,"entity_id":"Q82708","candidates":[]}],[{"start":0,"end":7,"url":null,"entity_id":"Q184090","candidates":[]}]],[[{"start":0,"end":52,"url":null,"entity_id":"Q66137789","candidates":[]}],[{"start":0,"end":17,"url":null,"entity_id":"Q82708","candidates":[]}],[{"start":0,"end":7,"url":null,"entity_id":"Q184090","candidates":[]}]],[[{"start":0,"end":38,"url":null,"entity_id":"Q66137817","candidates":[]}],[{"start":0,"end":14,"url":null,"entity_id":"Q7361618","candidates":[]}],[{"start":0,"end":9,"url":null,"entity_id":"Q170377","candidates":[]}]],[[{"start":0,"end":41,"url":null,"entity_id":"Q66137816","candidates":[]}],[{"start":0,"end":14,"url":null,"entity_id":"Q7361618","candidates":[]}],[{"start":0,"end":9,"url":null,"entity_id":"Q170377","candidates":[]}]],[[{"start":0,"end":50,"url":null,"entity_id":"Q66137815","candidates":[]}],[{"start":0,"end":14,"url":null,"entity_id":"Q7361618","candidates":[]}],[{"start":0,"end":9,"url":null,"entity_id":"Q170377","candidates":[]}]],[[{"start":0,"end":52,"url":null,"entity_id":"Q66137814","candidates":[]}],[{"start":0,"end":17,"url":null,"entity_id":"Q82708","candidates":[]}],[{"start":0,"end":9,"url":null,"entity_id":"Q170377","candidates":[]}]],[[{"start":0,"end":34,"url":null,"entity_id":"Q66136171","candidates":[]}],[{"start":0,"end":14,"url":null,"entity_id":"Q7361618","candidates":[]}],[{"start":0,"end":5,"url":null,"entity_id":"Q15265835","candidates":[]}]],[[{"start":0,"end":30,"url":null,"entity_id":"Q66136227","candidates":[]}],[{"start":0,"end":14,"url":null,"entity_id":"Q7361618","candidates":[]}],[{"start":0,"end":6,"url":null,"entity_id":"Q7962191","candidates":[]}]],[[{"start":0,"end":44,"url":null,"entity_id":"Q66136096","candidates":[]}],[{"start":0,"end":17,"url":null,"entity_id":"Q82708","candidates":[]}],[{"start":0,"end":11,"url":null,"entity_id":"Q7060651","candidates":[]}]],[[{"start":0,"end":56,"url":null,"entity_id":"Q66136163","candidates":[]}],[{"start":0,"end":14,"url":null,"entity_id":"Q7361618","candidates":[]}],[{"start":0,"end":8,"url":null,"entity_id":"Q6692861","candidates":[]}]],[[{"start":0,"end":51,"url":null,"entity_id":"Q66136159","candidates":[]}],[{"start":0,"end":17,"url":null,"entity_id":"Q82708","candidates":[]}],[{"start":0,"end":8,"url":null,"entity_id":"Q2573389","candidates":[]}]],[[{"start":0,"end":29,"url":null,"entity_id":"Q66136215","candidates":[]}],[{"start":0,"end":14,"url":null,"entity_id":"Q7361618","candidates":[]}],[{"start":0,"end":8,"url":null,"entity_id":"Q2388452","candidates":[]}]],[[{"start":0,"end":29,"url":null,"entity_id":"Q66136213","candidates":[]}],[{"start":0,"end":14,"url":null,"entity_id":"Q7361618","candidates":[]}],[{"start":0,"end":8,"url":null,"entity_id":"Q2388452","candidates":[]}]],[[{"start":0,"end":35,"url":null,"entity_id":"Q66136212","candidates":[]}],[{"start":0,"end":17,"url":null,"entity_id":"Q82708","candidates":[]}],[{"start":0,"end":8,"url":null,"entity_id":"Q2388452","candidates":[]}]],[[{"start":0,"end":48,"url":null,"entity_id":"Q66136019","candidates":[]}],[{"start":0,"end":14,"url":null,"entity_id":"Q7361618","candidates":[]}],[{"start":0,"end":16,"url":null,"entity_id":"Q2342671","candidates":[]}]],[[{"start":0,"end":39,"url":null,"entity_id":"Q66136018","candidates":[]}],[{"start":0,"end":17,"url":null,"entity_id":"Q82708","candidates":[]}],[{"start":0,"end":22,"url":null,"entity_id":"Q2296268","candidates":[]}]],[[{"start":0,"end":28,"url":null,"entity_id":"Q66136228","candidates":[]}],[{"start":0,"end":14,"url":null,"entity_id":"Q7361618","candidates":[]}],[{"start":0,"end":19,"url":null,"entity_id":"Q1425428","candidates":[]}]],[[{"start":0,"end":35,"url":null,"entity_id":"Q66136226","candidates":[]}],[{"start":0,"end":14,"url":null,"entity_id":"Q7361618","candidates":[]}],[{"start":0,"end":19,"url":null,"entity_id":"Q1425428","candidates":[]}]],[[{"start":0,"end":74,"url":null,"entity_id":"Q66137715","candidates":[]}],[{"start":0,"end":17,"url":null,"entity_id":"Q82708","candidates":[]}],[{"start":0,"end":9,"url":null,"entity_id":"Q188313","candidates":[]}]]]}