{"version":"1.2","table":{"version":"2","table_id":"5DKTD384","columns":[{"index":0,"name":"col0","values":["Altes Rathaus, Hanover","Jewish Town Hall","Altes Rathaus (Niederbrechen)","Altes Rathaus (Stadthagen)","Historisches Rathaus","Lichtenberg town hall","Kecskemét City Hall","Rotes Rathaus","Charlottenburg Town Hall","Rathaus Steglitz","Rivière-du-Loup Town Hall","Cluj-Napoca City Hall","Altes Rathaus (Dürrenzimmern)","Old City Hall","Old West Salem City Hall","Guildhall","Altes Rathaus (Rheinberg)","Hilversum town hall","Altes Rathaus Hattingen","Rathaus Stralsund"]},{"index":1,"name":"col1","values":["architectural heritage monument","part of national heritage site in the Czech Republic","Kulturdenkmal","Kulturdenkmal","architectural heritage monument in Bavaria","architectural heritage monument","part of World Heritage Site","architectural heritage monument","architectural heritage monument","architectural heritage monument","national historic site of Canada","historic monument","Kulturdenkmal","architectural heritage monument in Bavaria","place listed on the National Register of Historic Places","Grade I listed building","architectural heritage monument in North Rhine-Westphalia","Rijksmonument","architectural heritage monument","Kulturdenkmal"]},{"index":2,"name":"col2","values":["Hanover-Mitte","Josefov","Brechen","Stadthagen","Landsberg am Lech","Lichtenberg","Kecskemét","Mitte","Charlottenburg-Wilmersdorf","Steglitz-Zehlendorf","Rivière-du-Loup","Cluj-Napoca","Brackenheim","Weißenburg in Bayern","Salem","City of London","Rheinberg","Hilversum","Hattingen","Stralsund"]}]},"context":{"page_title":null,"page_url":null,"page_entity_id":null,"content_hierarchy":[]},"links":[[[{"start":0,"end":22,"url":null,"entity_id":"Q439391","candidates":[]}],[{"start":0,"end":31,"url":null,"entity_id":"Q811165","candidates":[]}],[{"start":0,"end":13,"url":null,"entity_id":"Q883803","candidates":[]}]],[[{"start":0,"end":16,"url":null,"entity_id":"Q80272","candidates":[]}],[{"start":0,"end":52,"url":null,"entity_id":"Q30118385","candidates":[]}],[{"start":0,"end":7,"url":null,"entity_id":"Q753292","candidates":[]}]],[[{"start":0,"end":29,"url":null,"entity_id":"Q439436","candidates":[]}],[{"start":0,"end":13,"url":null,"entity_id":"Q11691318","candidates":[]}],[{"start":0,"end":7,"url":null,"entity_id":"Q580870","candidates":[]}]],[[{"start":0,"end":26,"url":null,"entity_id":"Q439467","candidates":[]}],[{"start":0,"end":13,"url":null,"entity_id":"Q11691318","candidates":[]}],[{"start":0,"end":10,"url":null,"entity_id":"Q544501","candidates":[]}]],[[{"start":0,"end":20,"url":null,"entity_id":"Q439412","candidates":[]}],[{"start":0,"end":42,"url":null,"entity_id":"Q17297633","candidates":[]}],[{"start":0,"end":17,"url":null,"entity_id":"Q494299","candidates":[]}]],[[{"start":0,"end":21,"url":null,"entity_id":"Q323656","candidates":[]}],[{"start":0,"end":31,"url":null,"entity_id":"Q811165","candidates":[]}],[{"start":0,"end":11,"url":null,"entity_id":"Q329609","candidates":[]}]],[[{"start":0,"end":19,"url":null,"entity_id":"Q426190","candidates":[]}],[{"start":0,"end":27,"url":null,"entity_id":"Q43113623","candidates":[]}],[{"start":0,"end":9,"url":null,"entity_id":"Q171357","candidates":[]}]],[[{"start":0,"end":13,"url":null,"entity_id":"Q155210","candidates":[]}],[{"start":0,"end":31,"url":null,"entity_id":"Q811165","candidates":[]}],[{"start":0,"end":5,"url":null,"entity_id":"Q163966","candidates":[]}]],[[{"start":0,"end":24,"url":null,"entity_id":"Q289771","candidates":[]}],[{"start":0,"end":31,"url":null,"entity_id":"Q811165","candidates":[]}],[{"start":0,"end":26,"url":null,"entity_id":"Q158095","candidates":[]}]],[[{"start":0,"end":16,"url":null,"entity_id":"Q320374","candidates":[]}],[{"start":0,"end":31,"url":null,"entity_id":"Q811165","candidates":[]}],[{"start":0,"end":19,"url":null,"entity_id":"Q158064","candidates":[]}]],[[{"start":0,"end":25,"url":null,"entity_id":"Q290478","candidates":[]}],[{"start":0,"end":32,"url":null,"entity_id":"Q1568567","candidates":[]}],[{"start":0,"end":15,"url":null,"entity_id":"Q142024","candidates":[]}]],[[{"start":0,"end":21,"url":null,"entity_id":"Q265573","candidates":[]}],[{"start":0,"end":17,"url":null,"entity_id":"Q916620","candidates":[]}],[{"start":0,"end":11,"url":null,"entity_id":"Q100188","candidates":[]}]],[[{"start":0,"end":29,"url":null,"entity_id":"Q439367","candidates":[]}],[{"start":0,"end":13,"url":null,"entity_id":"Q11691318","candidates":[]}],[{"start":0,"end":11,"url":null,"entity_id":"Q53751","candidates":[]}]],[[{"start":0,"end":13,"url":null,"entity_id":"Q439484","candidates":[]}],[{"start":0,"end":42,"url":null,"entity_id":"Q17297633","candidates":[]}],[{"start":0,"end":20,"url":null,"entity_id":"Q44500","candidates":[]}]],[[{"start":0,"end":24,"url":null,"entity_id":"Q175747","candidates":[]}],[{"start":0,"end":56,"url":null,"entity_id":"Q19558910","candidates":[]}],[{"start":0,"end":5,"url":null,"entity_id":"Q43919","candidates":[]}]],[[{"start":0,"end":9,"url":null,"entity_id":"Q81279","candidates":[]}],[{"start":0,"end":23,"url":null,"entity_id":"Q15700818","candidates":[]}],[{"start":0,"end":14,"url":null,"entity_id":"Q23311","candidates":[]}]],[[{"start":0,"end":25,"url":null,"entity_id":"Q439459","candidates":[]}],[{"start":0,"end":57,"url":null,"entity_id":"Q15632117","candidates":[]}],[{"start":0,"end":9,"url":null,"entity_id":"Q16086","candidates":[]}]],[[{"start":0,"end":19,"url":null,"entity_id":"Q39082","candidates":[]}],[{"start":0,"end":13,"url":null,"entity_id":"Q916333","candidates":[]}],[{"start":0,"end":9,"url":null,"entity_id":"Q9934","candidates":[]}]],[[{"start":0,"end":23,"url":null,"entity_id":"Q439505","candidates":[]}],[{"start":0,"end":31,"url":null,"entity_id":"Q811165","candidates":[]}],[{"start":0,"end":9,"url":null,"entity_id":"Q4082","candidates":[]}]],[[{"start":0,"end":17,"url":null,"entity_id":"Q315605","candidates":[]}],[{"start":0,"end":13,"url":null,"entity_id":"Q11691318","candidates":[]}],[{"start":0,"end":9,"url":null,"entity_id":"Q4065","candidates":[]}]]]}