{"version":"1.2","table":{"version":"2","table_id":"5DZGKUS4","columns":[{"index":0,"name":"col0","values":["Lumières Award","Étoile de cristal","Ariel Award","Crystal Film","Rembrandt Award","Diamond Film","Platinum Film","Golden Film","Vienna Film Award","Undine Award","Globo d'oro","Silver Lion","Bodil Awards","Jussi Awards","Joseph Plateau Award","Ensors","Environmental Media Awards","Frank Capra Achievement Award","Screen Actors Guild Award","Golden Globe Award for Best Actor – Motion Picture Musical or Comedy"]},{"index":1,"name":"col1","values":["1996-01-01","1955-01-01","1947-01-01","2005-06-21","1993-01-01","2007-01-31","2001-09-28","2001-01-01","1987-01-01","2004-01-01","1960-01-01","1953-01-01","1948-01-01","1944-11-16","1985-01-01","2010-01-01","1991-01-01","1980-01-01","1995-01-01","1950-01-01"]},{"index":2,"name":"col2","values":["France","France","Mexico","Netherlands","Netherlands","Netherlands","Netherlands","Netherlands","Austria","Austria","Italy","Italy","Denmark","Finland","Belgium","Belgium","United States of America","United States of America","United States of America","United States of America"]}]},"context":{"page_title":null,"page_url":null,"page_entity_id":null,"content_hierarchy":[]},"links":[[[{"start":0,"end":14,"url":null,"entity_id":"Q693797","candidates":[]}],[],[{"start":0,"end":6,"url":null,"entity_id":"Q142","candidates":[]}]],[[{"start":0,"end":17,"url":null,"entity_id":"Q290568","candidates":[]}],[],[{"start":0,"end":6,"url":null,"entity_id":"Q142","candidates":[]}]],[[{"start":0,"end":11,"url":null,"entity_id":"Q1546403","candidates":[]}],[],[{"start":0,"end":6,"url":null,"entity_id":"Q96","candidates":[]}]],[[{"start":0,"end":12,"url":null,"entity_id":"Q3137400","candidates":[]}],[],[{"start":0,"end":11,"url":null,"entity_id":"Q55","candidates":[]}]],[[{"start":0,"end":15,"url":null,"entity_id":"Q3077281","candidates":[]}],[],[{"start":0,"end":11,"url":null,"entity_id":"Q55","candidates":[]}]],[[{"start":0,"end":12,"url":null,"entity_id":"Q2457948","candidates":[]}],[],[{"start":0,"end":11,"url":null,"entity_id":"Q55","candidates":[]}]],[[{"start":0,"end":13,"url":null,"entity_id":"Q1985724","candidates":[]}],[],[{"start":0,"end":11,"url":null,"entity_id":"Q55","candidates":[]}]],[[{"start":0,"end":11,"url":null,"entity_id":"Q1350190","candidates":[]}],[],[{"start":0,"end":11,"url":null,"entity_id":"Q55","candidates":[]}]],[[{"start":0,"end":17,"url":null,"entity_id":"Q2568877","candidates":[]}],[],[{"start":0,"end":7,"url":null,"entity_id":"Q40","candidates":[]}]],[[{"start":0,"end":12,"url":null,"entity_id":"Q2492942","candidates":[]}],[],[{"start":0,"end":7,"url":null,"entity_id":"Q40","candidates":[]}]],[[{"start":0,"end":11,"url":null,"entity_id":"Q1662330","candidates":[]}],[],[{"start":0,"end":5,"url":null,"entity_id":"Q38","candidates":[]}]],[[{"start":0,"end":11,"url":null,"entity_id":"Q1337827","candidates":[]}],[],[{"start":0,"end":5,"url":null,"entity_id":"Q38","candidates":[]}]],[[{"start":0,"end":12,"url":null,"entity_id":"Q889842","candidates":[]}],[],[{"start":0,"end":7,"url":null,"entity_id":"Q35","candidates":[]}]],[[{"start":0,"end":12,"url":null,"entity_id":"Q1258149","candidates":[]}],[],[{"start":0,"end":7,"url":null,"entity_id":"Q33","candidates":[]}]],[[{"start":0,"end":20,"url":null,"entity_id":"Q2330747","candidates":[]}],[],[{"start":0,"end":7,"url":null,"entity_id":"Q31","candidates":[]}]],[[{"start":0,"end":6,"url":null,"entity_id":"Q1948068","candidates":[]}],[],[{"start":0,"end":7,"url":null,"entity_id":"Q31","candidates":[]}]],[[{"start":0,"end":26,"url":null,"entity_id":"Q2736747","candidates":[]}],[],[{"start":0,"end":24,"url":null,"entity_id":"Q30","candidates":[]}]],[[{"start":0,"end":29,"url":null,"entity_id":"Q1443055","candidates":[]}],[],[{"start":0,"end":24,"url":null,"entity_id":"Q30","candidates":[]}]],[[{"start":0,"end":25,"url":null,"entity_id":"Q268200","candidates":[]}],[],[{"start":0,"end":24,"url":null,"entity_id":"Q30","candidates":[]}]],[[{"start":0,"end":68,"url":null,"entity_id":"Q181883","candidates":[]}],[],[{"start":0,"end":24,"url":null,"entity_id":"Q30","candidates":[]}]]]}