{"version":"1.2","table":{"version":"2","table_id":"5EV7TWKR","columns":[{"index":0,"name":"col0","values":["Kim Tonsend","Jack McCldne","Thgseus Scamander","Credence Bargbone","Amy Townsen","Cassius (Littl Nicky)","Adria (Little Nicky)","Nicky","Seni Tonnika","Cindel Towai","Brb Tonnika","Porpntina Goldstein","Qeenie Goldstein","Ewel{n O'Connell","Budd","X-23","Kyle Rese","Lily!Potter","Sirius Blacn","Albus Dumbledrre"]},{"index":1,"name":"col1","values":["Amy Townsend","Lucy McClane","Newt Scamander","Albus Dumbledore","Kim Townsend","Adrian (Little Nicky)","Cassius (Little Nicky)","Cassius (Little Nicky)","Brea Tonnika","Mace Towani","Senni Tonnika","Queenie Goldstein","Porpentina Goldstein","Jonathan Carnahan","Bill","Daken","Derek Reese","Petunia Dursley","Regulus Black","Aberforth Dumbledore"]},{"index":2,"name":"col2","values":["English","English","English","English","English","English","English","English","Galactic Basic","Galactic Basic","Galactic Basic","English","English","English","English","French","English","English","English","English"]}]},"context":{"page_title":null,"page_url":null,"page_entity_id":null,"content_hierarchy":[]},"links":[[[{"start":0,"end":11,"url":null,"entity_id":"Q61956229","candidates":[]}],[{"start":0,"end":12,"url":null,"entity_id":"Q61956114","candidates":[]}],[{"start":0,"end":7,"url":null,"entity_id":"Q1860","candidates":[]}]],[[{"start":0,"end":12,"url":null,"entity_id":"Q47462149","candidates":[]}],[{"start":0,"end":12,"url":null,"entity_id":"Q47462103","candidates":[]}],[{"start":0,"end":7,"url":null,"entity_id":"Q1860","candidates":[]}]],[[{"start":0,"end":17,"url":null,"entity_id":"Q56886188","candidates":[]}],[{"start":0,"end":14,"url":null,"entity_id":"Q1190608","candidates":[]}],[{"start":0,"end":7,"url":null,"entity_id":"Q1860","candidates":[]}]],[[{"start":0,"end":17,"url":null,"entity_id":"Q56886323","candidates":[]}],[{"start":0,"end":16,"url":null,"entity_id":"Q712548","candidates":[]}],[{"start":0,"end":7,"url":null,"entity_id":"Q1860","candidates":[]}]],[[{"start":0,"end":11,"url":null,"entity_id":"Q61956114","candidates":[]}],[{"start":0,"end":12,"url":null,"entity_id":"Q61956229","candidates":[]}],[{"start":0,"end":7,"url":null,"entity_id":"Q1860","candidates":[]}]],[[{"start":0,"end":21,"url":null,"entity_id":"Q50527764","candidates":[]}],[{"start":0,"end":21,"url":null,"entity_id":"Q50527998","candidates":[]}],[{"start":0,"end":7,"url":null,"entity_id":"Q1860","candidates":[]}]],[[{"start":0,"end":20,"url":null,"entity_id":"Q50527998","candidates":[]}],[{"start":0,"end":22,"url":null,"entity_id":"Q50527764","candidates":[]}],[{"start":0,"end":7,"url":null,"entity_id":"Q1860","candidates":[]}]],[[{"start":0,"end":5,"url":null,"entity_id":"Q50527567","candidates":[]}],[{"start":0,"end":22,"url":null,"entity_id":"Q50527764","candidates":[]}],[{"start":0,"end":7,"url":null,"entity_id":"Q1860","candidates":[]}]],[[{"start":0,"end":12,"url":null,"entity_id":"Q22245121","candidates":[]}],[{"start":0,"end":12,"url":null,"entity_id":"Q22245066","candidates":[]}],[{"start":0,"end":14,"url":null,"entity_id":"Q22006849","candidates":[]}]],[[{"start":0,"end":12,"url":null,"entity_id":"Q18121640","candidates":[]}],[{"start":0,"end":11,"url":null,"entity_id":"Q20437350","candidates":[]}],[{"start":0,"end":14,"url":null,"entity_id":"Q22006849","candidates":[]}]],[[{"start":0,"end":11,"url":null,"entity_id":"Q22245066","candidates":[]}],[{"start":0,"end":13,"url":null,"entity_id":"Q22245121","candidates":[]}],[{"start":0,"end":14,"url":null,"entity_id":"Q22006849","candidates":[]}]],[[{"start":0,"end":19,"url":null,"entity_id":"Q27925259","candidates":[]}],[{"start":0,"end":17,"url":null,"entity_id":"Q27925269","candidates":[]}],[{"start":0,"end":7,"url":null,"entity_id":"Q1860","candidates":[]}]],[[{"start":0,"end":16,"url":null,"entity_id":"Q27925269","candidates":[]}],[{"start":0,"end":20,"url":null,"entity_id":"Q27925259","candidates":[]}],[{"start":0,"end":7,"url":null,"entity_id":"Q1860","candidates":[]}]],[[{"start":0,"end":16,"url":null,"entity_id":"Q3061384","candidates":[]}],[{"start":0,"end":17,"url":null,"entity_id":"Q3183336","candidates":[]}],[{"start":0,"end":7,"url":null,"entity_id":"Q1860","candidates":[]}]],[[{"start":0,"end":4,"url":null,"entity_id":"Q3646433","candidates":[]}],[{"start":0,"end":4,"url":null,"entity_id":"Q1077206","candidates":[]}],[{"start":0,"end":7,"url":null,"entity_id":"Q1860","candidates":[]}]],[[{"start":0,"end":4,"url":null,"entity_id":"Q1872439","candidates":[]}],[{"start":0,"end":5,"url":null,"entity_id":"Q2658347","candidates":[]}],[{"start":0,"end":6,"url":null,"entity_id":"Q150","candidates":[]}]],[[{"start":0,"end":9,"url":null,"entity_id":"Q592358","candidates":[]}],[{"start":0,"end":11,"url":null,"entity_id":"Q12157926","candidates":[]}],[{"start":0,"end":7,"url":null,"entity_id":"Q1860","candidates":[]}]],[[{"start":0,"end":11,"url":null,"entity_id":"Q754837","candidates":[]}],[{"start":0,"end":15,"url":null,"entity_id":"Q1963397","candidates":[]}],[{"start":0,"end":7,"url":null,"entity_id":"Q1860","candidates":[]}]],[[{"start":0,"end":12,"url":null,"entity_id":"Q713701","candidates":[]}],[{"start":0,"end":13,"url":null,"entity_id":"Q1770841","candidates":[]}],[{"start":0,"end":7,"url":null,"entity_id":"Q1860","candidates":[]}]],[[{"start":0,"end":16,"url":null,"entity_id":"Q712548","candidates":[]}],[{"start":0,"end":20,"url":null,"entity_id":"Q904719","candidates":[]}],[{"start":0,"end":7,"url":null,"entity_id":"Q1860","candidates":[]}]]]}