{"version":"1.2","table":{"version":"2","table_id":"5FPYMEN6","columns":[{"index":0,"name":"col0","values":["MAPP gas","trimethylamine","methyl chloride","methyl bromide","cyanogen","vinyl bromide","vinyl fluoride","ethylamine","methyl mercaptan","methylamine","chloroethane","dimethylamine","diborane(6)","ethylene oxide","isobutane","vinyl chloride","arsenic trihydride","hydrogen sulfide","vinylidene fluoride","formaldehyde"]},{"index":1,"name":"col1","values":["3.4","2","8.1","10","6.6","9","2.6","3.5","3.9","4.9","3.8","2.8","0.8","3","1.6","3.6","5.1","4","5.5","7"]},{"index":2,"name":"col2","values":["40.1","59.073","49.992","93.942","52.006","105.942","46.022","45.058","48.003","31.042","64.008","45.058","27.7","44.026","58.078","61.992","77.945","33.987721","64.012","30.011"]}]},"context":{"page_title":null,"page_url":null,"page_entity_id":null,"content_hierarchy":[]},"links":[[[{"start":0,"end":14,"url":null,"entity_id":"Q423953","candidates":[]}],[],[]],[[{"start":0,"end":15,"url":null,"entity_id":"Q422709","candidates":[]}],[],[]],[[{"start":0,"end":14,"url":null,"entity_id":"Q421758","candidates":[]}],[],[]],[[{"start":0,"end":8,"url":null,"entity_id":"Q421724","candidates":[]}],[],[]],[[{"start":0,"end":13,"url":null,"entity_id":"Q421041","candidates":[]}],[],[]],[[{"start":0,"end":14,"url":null,"entity_id":"Q420955","candidates":[]}],[],[]],[[{"start":0,"end":10,"url":null,"entity_id":"Q411119","candidates":[]}],[],[]],[[{"start":0,"end":16,"url":null,"entity_id":"Q409309","candidates":[]}],[],[]],[[{"start":0,"end":11,"url":null,"entity_id":"Q409304","candidates":[]}],[],[]],[[{"start":0,"end":12,"url":null,"entity_id":"Q409133","candidates":[]}],[],[]],[[{"start":0,"end":13,"url":null,"entity_id":"Q408022","candidates":[]}],[],[]],[[{"start":0,"end":11,"url":null,"entity_id":"Q407684","candidates":[]}],[],[]],[[{"start":0,"end":14,"url":null,"entity_id":"Q407473","candidates":[]}],[],[]],[[{"start":0,"end":9,"url":null,"entity_id":"Q407225","candidates":[]}],[],[]],[[{"start":0,"end":14,"url":null,"entity_id":"Q338869","candidates":[]}],[],[]],[[{"start":0,"end":18,"url":null,"entity_id":"Q334599","candidates":[]}],[],[]],[[{"start":0,"end":16,"url":null,"entity_id":"Q170591","candidates":[]}],[],[]],[[{"start":0,"end":19,"url":null,"entity_id":"Q161287","candidates":[]}],[],[]],[[{"start":0,"end":12,"url":null,"entity_id":"Q161210","candidates":[]}],[],[]],[[{"start":0,"end":8,"url":null,"entity_id":"Q609621","candidates":[]}],[],[]]]}