{"version":"1.2","table":{"version":"2","table_id":"5G4M4L5W","columns":[{"index":0,"name":"col0","values":["Holiday Express (airline)","Air Lloyd","VHM Damme","Tor-Air","Holstenflug","Avanti Aviation Aachen","Bayerischer Flugdienst","Eastwest Airlines","Hössl & Winkler","Hapag-Lloyd Executive","Nora Air Services","Consairways","Československá letecká společnost","DLT Deutsche Luftverkehrsgesellschaft","Pleuger Flugdienst","Compagnie Air Transport","City-Flug","Clifford Ball Airline","Air Traffic","Conti-Flug"]},{"index":1,"name":"col1","values":["1987-01-01","t1069637879","2011-01-01","1966-01-01","1979-01-01","2000-01-01","1975-01-01","1995-01-01","1982-01-01","2013-01-01","1972-01-01","1945-01-01","1939-01-01","1992-01-01","1978-01-01","1970-01-01","1982-01-01","1936-11-01","2015-01-01","1994-01-01"]},{"index":2,"name":"col2","values":["SA226-TC Metro","P.166","Cessna 172 Skyhawk","DC-3","F-27","Cessna T303 Crusader","DHC-6-200 Twin Otter","Dornier 328-100","Cessna 404 Titan","Bombardier Challenger 300","Noratlas","B-24 Liberator","DC-3","Beechcraft Model 99","Beechcraft Model 99","DC-3","421 Golden Eagle","Clifford Ball Airline fleet","Cessna Citation III","BAe 146"]}]},"context":{"page_title":null,"page_url":null,"page_entity_id":null,"content_hierarchy":[]},"links":[[[{"start":0,"end":25,"url":null,"entity_id":"Q56243379","candidates":[]}],[],[{"start":0,"end":14,"url":null,"entity_id":"Q17444978","candidates":[]}]],[[{"start":0,"end":9,"url":null,"entity_id":"Q56245596","candidates":[]}],[],[{"start":0,"end":5,"url":null,"entity_id":"Q532561","candidates":[]}]],[[{"start":0,"end":9,"url":null,"entity_id":"Q56247608","candidates":[]}],[],[{"start":0,"end":18,"url":null,"entity_id":"Q244479","candidates":[]}]],[[{"start":0,"end":7,"url":null,"entity_id":"Q59161327","candidates":[]}],[],[{"start":0,"end":4,"url":null,"entity_id":"Q190211","candidates":[]}]],[[{"start":0,"end":11,"url":null,"entity_id":"Q47518039","candidates":[]}],[],[{"start":0,"end":4,"url":null,"entity_id":"Q153318","candidates":[]}]],[[{"start":0,"end":22,"url":null,"entity_id":"Q56247564","candidates":[]}],[],[{"start":0,"end":20,"url":null,"entity_id":"Q115976","candidates":[]}]],[[{"start":0,"end":22,"url":null,"entity_id":"Q26794383","candidates":[]}],[],[{"start":0,"end":20,"url":null,"entity_id":"Q15637495","candidates":[]}]],[[{"start":0,"end":17,"url":null,"entity_id":"Q24796481","candidates":[]}],[],[{"start":0,"end":15,"url":null,"entity_id":"Q15628574","candidates":[]}]],[[{"start":0,"end":15,"url":null,"entity_id":"Q25389198","candidates":[]}],[],[{"start":0,"end":16,"url":null,"entity_id":"Q1057252","candidates":[]}]],[[{"start":0,"end":21,"url":null,"entity_id":"Q26271878","candidates":[]}],[],[{"start":0,"end":25,"url":null,"entity_id":"Q891782","candidates":[]}]],[[{"start":0,"end":17,"url":null,"entity_id":"Q26794459","candidates":[]}],[],[{"start":0,"end":8,"url":null,"entity_id":"Q651965","candidates":[]}]],[[{"start":0,"end":11,"url":null,"entity_id":"Q27136886","candidates":[]}],[],[{"start":0,"end":14,"url":null,"entity_id":"Q220759","candidates":[]}]],[[{"start":0,"end":33,"url":null,"entity_id":"Q26490005","candidates":[]}],[],[{"start":0,"end":4,"url":null,"entity_id":"Q190211","candidates":[]}]],[[{"start":0,"end":37,"url":null,"entity_id":"Q28102591","candidates":[]}],[],[{"start":0,"end":19,"url":null,"entity_id":"Q120323","candidates":[]}]],[[{"start":0,"end":18,"url":null,"entity_id":"Q24706441","candidates":[]}],[],[{"start":0,"end":19,"url":null,"entity_id":"Q120323","candidates":[]}]],[[{"start":0,"end":23,"url":null,"entity_id":"Q34807459","candidates":[]}],[],[{"start":0,"end":4,"url":null,"entity_id":"Q190211","candidates":[]}]],[[{"start":0,"end":9,"url":null,"entity_id":"Q37380962","candidates":[]}],[],[{"start":0,"end":16,"url":null,"entity_id":"Q164293","candidates":[]}]],[[{"start":0,"end":21,"url":null,"entity_id":"Q21065693","candidates":[]}],[],[{"start":0,"end":27,"url":null,"entity_id":"Q21065699","candidates":[]}]],[[{"start":0,"end":11,"url":null,"entity_id":"Q22674514","candidates":[]}],[],[{"start":0,"end":19,"url":null,"entity_id":"Q1057324","candidates":[]}]],[[{"start":0,"end":10,"url":null,"entity_id":"Q22674529","candidates":[]}],[],[{"start":0,"end":7,"url":null,"entity_id":"Q589498","candidates":[]}]]]}