{"version":"1.2","table":{"version":"2","table_id":"5GO9BAV7","columns":[{"index":0,"name":"col0","values":["Heckentheater Rheinsberg","Ruinentheater Sanspareil","Amphithéâtre Jean Cocteau","Festival Teatrale di Borgio Verezzi","Das Große Welttheater Bad Godesberg","Hutbergbühne","Welttheater Einsiedeln","Volksplatz Borna","Thingstätte Koblenz","Summer Theatre of Plovdiv","Fraze Pavilion","Châteauvallon-Scène nationale","Divadlo (natural monument)","Bergtheater Thale","Eutiner Festspiele","Foster Park Bowl","Hearst Greek Theatre","Red Rocks Amphitheatre","Forest Opera","Pyynikki Summer Theatre"]},{"index":1,"name":"col1","values":["1758-01-01","1744-01-01","1957-01-01","1967-01-01","1926-01-01","1934-01-01","1924-01-01","1934-01-01","1935-01-01","1954-01-01","1991-01-01","1998-01-01","1996-01-20","1903-01-01","1951-01-01","1928-01-01","1903-01-01","1906-01-01","1909-01-01","1948-01-01"]},{"index":2,"name":"col2","values":["Germany","Germany","France","Italy","Germany","Germany","Switzerland","Germany","Germany","Bulgaria","United States of America","France","Czech Republic","Germany","Germany","United States of America","United States of America","United States of America","Poland","Finland"]},{"index":3,"name":"col3","values":["Rheinsberg","Wonsees","Cap-d'Ail","Borgio Verezzi","Bad Godesberg","Kamenz","Einsiedeln","Borna","Koblenz","Plovdiv","Kettering","Ollioules","Hamr na Jezeře","Thale","Eutin","Ventura","Berkeley","Jefferson County","Sopot","Tampere"]}]},"context":{"page_title":null,"page_url":null,"page_entity_id":null,"content_hierarchy":[]},"links":[[[{"start":0,"end":24,"url":null,"entity_id":"Q45405486","candidates":[]}],[],[{"start":0,"end":7,"url":null,"entity_id":"Q183","candidates":[]}],[{"start":0,"end":10,"url":null,"entity_id":"Q537268","candidates":[]}]],[[{"start":0,"end":24,"url":null,"entity_id":"Q45830555","candidates":[]}],[],[{"start":0,"end":7,"url":null,"entity_id":"Q183","candidates":[]}],[{"start":0,"end":7,"url":null,"entity_id":"Q503602","candidates":[]}]],[[{"start":0,"end":25,"url":null,"entity_id":"Q63827346","candidates":[]}],[],[{"start":0,"end":6,"url":null,"entity_id":"Q142","candidates":[]}],[{"start":0,"end":9,"url":null,"entity_id":"Q274193","candidates":[]}]],[[{"start":0,"end":35,"url":null,"entity_id":"Q60441717","candidates":[]}],[],[{"start":0,"end":5,"url":null,"entity_id":"Q38","candidates":[]}],[{"start":0,"end":14,"url":null,"entity_id":"Q270548","candidates":[]}]],[[{"start":0,"end":35,"url":null,"entity_id":"Q61703474","candidates":[]}],[],[{"start":0,"end":7,"url":null,"entity_id":"Q183","candidates":[]}],[{"start":0,"end":13,"url":null,"entity_id":"Q153260","candidates":[]}]],[[{"start":0,"end":12,"url":null,"entity_id":"Q49400290","candidates":[]}],[],[{"start":0,"end":7,"url":null,"entity_id":"Q183","candidates":[]}],[{"start":0,"end":6,"url":null,"entity_id":"Q81722","candidates":[]}]],[[{"start":0,"end":22,"url":null,"entity_id":"Q56557254","candidates":[]}],[],[{"start":0,"end":11,"url":null,"entity_id":"Q39","candidates":[]}],[{"start":0,"end":10,"url":null,"entity_id":"Q68950","candidates":[]}]],[[{"start":0,"end":16,"url":null,"entity_id":"Q49554384","candidates":[]}],[],[{"start":0,"end":7,"url":null,"entity_id":"Q183","candidates":[]}],[{"start":0,"end":5,"url":null,"entity_id":"Q10744","candidates":[]}]],[[{"start":0,"end":19,"url":null,"entity_id":"Q61972015","candidates":[]}],[],[{"start":0,"end":7,"url":null,"entity_id":"Q183","candidates":[]}],[{"start":0,"end":7,"url":null,"entity_id":"Q3104","candidates":[]}]],[[{"start":0,"end":25,"url":null,"entity_id":"Q57896010","candidates":[]}],[],[{"start":0,"end":8,"url":null,"entity_id":"Q219","candidates":[]}],[{"start":0,"end":7,"url":null,"entity_id":"Q459","candidates":[]}]],[[{"start":0,"end":14,"url":null,"entity_id":"Q5494057","candidates":[]}],[],[{"start":0,"end":24,"url":null,"entity_id":"Q30","candidates":[]}],[{"start":0,"end":9,"url":null,"entity_id":"Q866307","candidates":[]}]],[[{"start":0,"end":29,"url":null,"entity_id":"Q2945908","candidates":[]}],[],[{"start":0,"end":6,"url":null,"entity_id":"Q142","candidates":[]}],[{"start":0,"end":9,"url":null,"entity_id":"Q840237","candidates":[]}]],[[{"start":0,"end":26,"url":null,"entity_id":"Q1230474","candidates":[]}],[],[{"start":0,"end":14,"url":null,"entity_id":"Q213","candidates":[]}],[{"start":0,"end":14,"url":null,"entity_id":"Q650461","candidates":[]}]],[[{"start":0,"end":17,"url":null,"entity_id":"Q820336","candidates":[]}],[],[{"start":0,"end":7,"url":null,"entity_id":"Q183","candidates":[]}],[{"start":0,"end":5,"url":null,"entity_id":"Q506460","candidates":[]}]],[[{"start":0,"end":18,"url":null,"entity_id":"Q1254059","candidates":[]}],[],[{"start":0,"end":7,"url":null,"entity_id":"Q183","candidates":[]}],[{"start":0,"end":5,"url":null,"entity_id":"Q490445","candidates":[]}]],[[{"start":0,"end":16,"url":null,"entity_id":"Q5473729","candidates":[]}],[],[{"start":0,"end":24,"url":null,"entity_id":"Q30","candidates":[]}],[{"start":0,"end":7,"url":null,"entity_id":"Q490434","candidates":[]}]],[[{"start":0,"end":20,"url":null,"entity_id":"Q671266","candidates":[]}],[],[{"start":0,"end":24,"url":null,"entity_id":"Q30","candidates":[]}],[{"start":0,"end":8,"url":null,"entity_id":"Q484678","candidates":[]}]],[[{"start":0,"end":22,"url":null,"entity_id":"Q2182648","candidates":[]}],[],[{"start":0,"end":24,"url":null,"entity_id":"Q30","candidates":[]}],[{"start":0,"end":16,"url":null,"entity_id":"Q127978","candidates":[]}]],[[{"start":0,"end":12,"url":null,"entity_id":"Q1445398","candidates":[]}],[],[{"start":0,"end":6,"url":null,"entity_id":"Q36","candidates":[]}],[{"start":0,"end":5,"url":null,"entity_id":"Q92689","candidates":[]}]],[[{"start":0,"end":23,"url":null,"entity_id":"Q4411687","candidates":[]}],[],[{"start":0,"end":7,"url":null,"entity_id":"Q33","candidates":[]}],[{"start":0,"end":7,"url":null,"entity_id":"Q40840","candidates":[]}]]]}