{"version":"1.2","table":{"version":"2","table_id":"5GOS75AY","columns":[{"index":0,"name":"col0","values":["480s BC","490s BC","410s BC","420s BC","80s BC","60s BC","440s BC","2030s","840s","830s","780s","770s","2510s BCE","2650s BCE","2180s BC","2170s BC","2160s BCE","2150s BCE","2130s BCE","2120s BC"]},{"index":1,"name":"col1","values":["-0480-01-01T00:00:00Z","-0490-01-01T00:00:00Z","-0410-01-01T00:00:00Z","-0420-01-01T00:00:00Z","-0080-01-01T00:00:00Z","-0060-01-01T00:00:00Z","-0440-01-01T00:00:00Z","2030-01-01","0840-01-01","0830-01-01","0780-01-01","0770-01-01","-2510-01-01T00:00:00Z","-2650-01-01T00:00:00Z","-2180-01-01T00:00:00Z","-2170-01-01T00:00:00Z","-2160-01-01T00:00:00Z","-2150-01-01T00:00:00Z","-2130-01-01T00:00:00Z","-2120-01-01T00:00:00Z"]},{"index":2,"name":"col2","values":["490s BC","500s BC","420s BC","430s BC","90s BC","70s BC","450s BC","2020s","830s","820s","770s","760s","2520s BCE","2660s BCE","2190s BCE","2180s BC","2170s BC","2160s BCE","2140s BC","2130s BCE"]},{"index":3,"name":"col3","values":["470s BC","480s BC","400s BC","410s BC","70s BC","50s BC","430s BC","2040s","850s","840s","790s","780s","2500s BC","2640s BCE","2170s BC","2160s BCE","2150s BCE","2140s BC","2120s BC","2110s BCE"]}]},"context":{"page_title":null,"page_url":null,"page_entity_id":null,"content_hierarchy":[]},"links":[[[{"start":0,"end":7,"url":null,"entity_id":"Q714575","candidates":[]}],[],[{"start":0,"end":7,"url":null,"entity_id":"Q715254","candidates":[]}],[{"start":0,"end":7,"url":null,"entity_id":"Q715233","candidates":[]}]],[[{"start":0,"end":7,"url":null,"entity_id":"Q715254","candidates":[]}],[],[{"start":0,"end":7,"url":null,"entity_id":"Q715367","candidates":[]}],[{"start":0,"end":7,"url":null,"entity_id":"Q714575","candidates":[]}]],[[{"start":0,"end":7,"url":null,"entity_id":"Q281662","candidates":[]}],[],[{"start":0,"end":7,"url":null,"entity_id":"Q715260","candidates":[]}],[{"start":0,"end":7,"url":null,"entity_id":"Q691935","candidates":[]}]],[[{"start":0,"end":7,"url":null,"entity_id":"Q715260","candidates":[]}],[],[{"start":0,"end":7,"url":null,"entity_id":"Q715585","candidates":[]}],[{"start":0,"end":7,"url":null,"entity_id":"Q281662","candidates":[]}]],[[{"start":0,"end":6,"url":null,"entity_id":"Q271433","candidates":[]}],[],[{"start":0,"end":6,"url":null,"entity_id":"Q178151","candidates":[]}],[{"start":0,"end":6,"url":null,"entity_id":"Q262310","candidates":[]}]],[[{"start":0,"end":6,"url":null,"entity_id":"Q248083","candidates":[]}],[],[{"start":0,"end":6,"url":null,"entity_id":"Q262310","candidates":[]}],[{"start":0,"end":6,"url":null,"entity_id":"Q241562","candidates":[]}]],[[{"start":0,"end":7,"url":null,"entity_id":"Q715592","candidates":[]}],[],[{"start":0,"end":7,"url":null,"entity_id":"Q715248","candidates":[]}],[{"start":0,"end":7,"url":null,"entity_id":"Q715585","candidates":[]}]],[[{"start":0,"end":5,"url":null,"entity_id":"Q713789","candidates":[]}],[],[{"start":0,"end":5,"url":null,"entity_id":"Q534495","candidates":[]}],[{"start":0,"end":5,"url":null,"entity_id":"Q651007","candidates":[]}]],[[{"start":0,"end":4,"url":null,"entity_id":"Q272367","candidates":[]}],[],[{"start":0,"end":4,"url":null,"entity_id":"Q272023","candidates":[]}],[{"start":0,"end":4,"url":null,"entity_id":"Q272704","candidates":[]}]],[[{"start":0,"end":4,"url":null,"entity_id":"Q272023","candidates":[]}],[],[{"start":0,"end":4,"url":null,"entity_id":"Q271735","candidates":[]}],[{"start":0,"end":4,"url":null,"entity_id":"Q272367","candidates":[]}]],[[{"start":0,"end":4,"url":null,"entity_id":"Q268858","candidates":[]}],[],[{"start":0,"end":4,"url":null,"entity_id":"Q267923","candidates":[]}],[{"start":0,"end":4,"url":null,"entity_id":"Q269708","candidates":[]}]],[[{"start":0,"end":4,"url":null,"entity_id":"Q267923","candidates":[]}],[],[{"start":0,"end":4,"url":null,"entity_id":"Q267016","candidates":[]}],[{"start":0,"end":4,"url":null,"entity_id":"Q268858","candidates":[]}]],[[{"start":0,"end":9,"url":null,"entity_id":"Q3617985","candidates":[]}],[],[{"start":0,"end":9,"url":null,"entity_id":"Q3617986","candidates":[]}],[{"start":0,"end":8,"url":null,"entity_id":"Q19952552","candidates":[]}]],[[{"start":0,"end":9,"url":null,"entity_id":"Q3617998","candidates":[]}],[],[{"start":0,"end":9,"url":null,"entity_id":"Q3617999","candidates":[]}],[{"start":0,"end":9,"url":null,"entity_id":"Q15728644","candidates":[]}]],[[{"start":0,"end":8,"url":null,"entity_id":"Q12174759","candidates":[]}],[],[{"start":0,"end":9,"url":null,"entity_id":"Q12174771","candidates":[]}],[{"start":0,"end":8,"url":null,"entity_id":"Q12174751","candidates":[]}]],[[{"start":0,"end":8,"url":null,"entity_id":"Q12174751","candidates":[]}],[],[{"start":0,"end":8,"url":null,"entity_id":"Q12174759","candidates":[]}],[{"start":0,"end":9,"url":null,"entity_id":"Q12174740","candidates":[]}]],[[{"start":0,"end":9,"url":null,"entity_id":"Q12174740","candidates":[]}],[],[{"start":0,"end":8,"url":null,"entity_id":"Q12174751","candidates":[]}],[{"start":0,"end":9,"url":null,"entity_id":"Q12174730","candidates":[]}]],[[{"start":0,"end":9,"url":null,"entity_id":"Q12174730","candidates":[]}],[],[{"start":0,"end":9,"url":null,"entity_id":"Q12174740","candidates":[]}],[{"start":0,"end":8,"url":null,"entity_id":"Q12174717","candidates":[]}]],[[{"start":0,"end":9,"url":null,"entity_id":"Q3348904","candidates":[]}],[],[{"start":0,"end":8,"url":null,"entity_id":"Q12174717","candidates":[]}],[{"start":0,"end":8,"url":null,"entity_id":"Q12174707","candidates":[]}]],[[{"start":0,"end":8,"url":null,"entity_id":"Q12174707","candidates":[]}],[],[{"start":0,"end":9,"url":null,"entity_id":"Q3348904","candidates":[]}],[{"start":0,"end":9,"url":null,"entity_id":"Q12174699","candidates":[]}]]]}