{"version":"1.2","table":{"version":"2","table_id":"5GS30C2C","columns":[{"index":0,"name":"col0","values":["Whirlwind","LaGG-3","P-80 Shooting Star","Su-9","F28 Fellowship","Harrier 1st Generation","F-105 Thunderchief","G4M","B5N","OH-58 Kiowa","Constellation","Sea Harrier","E13A","CH-47 Chinook","DC-10","P-40 Warhawk","Lancaster","Mirage 2000","MiG-25","Su-57"]},{"index":1,"name":"col1","values":["9.98","8.81","10.49","17.37","2740","14.27","19.6","19.97","10.3","9.8","29","14.2","11.3","30.1","51.97","9.66","21.11","14.36","19.75","19.8"]},{"index":2,"name":"col2","values":["116","6528","1732","1150","241","278","833","2446","1149","2200","856","111","1418","1200","446","13738","7377","601","1190","10"]}]},"context":{"page_title":null,"page_url":null,"page_entity_id":null,"content_hierarchy":[]},"links":[[[{"start":0,"end":6,"url":null,"entity_id":"Q753644","candidates":[]}],[],[]],[[{"start":0,"end":18,"url":null,"entity_id":"Q751759","candidates":[]}],[],[]],[[{"start":0,"end":4,"url":null,"entity_id":"Q746313","candidates":[]}],[],[]],[[{"start":0,"end":14,"url":null,"entity_id":"Q725319","candidates":[]}],[],[]],[[{"start":0,"end":22,"url":null,"entity_id":"Q725313","candidates":[]}],[],[]],[[{"start":0,"end":18,"url":null,"entity_id":"Q724763","candidates":[]}],[],[]],[[{"start":0,"end":3,"url":null,"entity_id":"Q697583","candidates":[]}],[],[]],[[{"start":0,"end":3,"url":null,"entity_id":"Q696128","candidates":[]}],[],[]],[[{"start":0,"end":11,"url":null,"entity_id":"Q694356","candidates":[]}],[],[]],[[{"start":0,"end":13,"url":null,"entity_id":"Q677122","candidates":[]}],[],[]],[[{"start":0,"end":11,"url":null,"entity_id":"Q210384","candidates":[]}],[],[]],[[{"start":0,"end":4,"url":null,"entity_id":"Q210338","candidates":[]}],[],[]],[[{"start":0,"end":13,"url":null,"entity_id":"Q209613","candidates":[]}],[],[]],[[{"start":0,"end":5,"url":null,"entity_id":"Q208075","candidates":[]}],[],[]],[[{"start":0,"end":12,"url":null,"entity_id":"Q206409","candidates":[]}],[],[]],[[{"start":0,"end":9,"url":null,"entity_id":"Q203622","candidates":[]}],[],[]],[[{"start":0,"end":11,"url":null,"entity_id":"Q200038","candidates":[]}],[],[]],[[{"start":0,"end":6,"url":null,"entity_id":"Q199570","candidates":[]}],[],[]],[[{"start":0,"end":5,"url":null,"entity_id":"Q194455","candidates":[]}],[],[]],[[{"start":0,"end":9,"url":null,"entity_id":"Q774207","candidates":[]}],[],[]]]}