{"version":"1.2","table":{"version":"2","table_id":"5IE6G75J","columns":[{"index":0,"name":"col0","values":["German destroyer Z6 Theodor Riedel","ORP Wicher","HMS Ithuriel","HMS Campbeltown","ORP Kujawiak","ORP Orkan","ORP Burza","Japanese destroyer Kasumi","Yugoslav destroyer Beograd","HMS Warwick","HMS Vortigern","HMS Nonpareil","HMS Mohawk","HMS Matabele","HMS Marne","HMS Lydiard","HMS Khartoum","HMS Kelvin","HMS Jupiter","HMS Wakeful"]},{"index":1,"name":"col1","values":["4.23","3.5","3.78","3.66","3.78","4.39","3.5","3.7","3.18","3.2","2.7","4.22","2.75","2.75","4.39","2.9","4.22","4.22","4.22","3.25"]},{"index":2,"name":"col2","values":["119.3","106.9","98.4","95.81","85.3","110.5","106.9","115","98","95.12","95.1","108.6","114.9","114.9","110.5","82.04","108.6","108.7","108.6","95.12"]}]},"context":{"page_title":null,"page_url":null,"page_entity_id":null,"content_hierarchy":[]},"links":[[[{"start":0,"end":34,"url":null,"entity_id":"Q2037154","candidates":[]}],[],[]],[[{"start":0,"end":10,"url":null,"entity_id":"Q2008029","candidates":[]}],[],[]],[[{"start":0,"end":12,"url":null,"entity_id":"Q1952405","candidates":[]}],[],[]],[[{"start":0,"end":15,"url":null,"entity_id":"Q1859617","candidates":[]}],[],[]],[[{"start":0,"end":12,"url":null,"entity_id":"Q1777793","candidates":[]}],[],[]],[[{"start":0,"end":9,"url":null,"entity_id":"Q1760614","candidates":[]}],[],[]],[[{"start":0,"end":9,"url":null,"entity_id":"Q1745011","candidates":[]}],[],[]],[[{"start":0,"end":25,"url":null,"entity_id":"Q1735510","candidates":[]}],[],[]],[[{"start":0,"end":26,"url":null,"entity_id":"Q1566873","candidates":[]}],[],[]],[[{"start":0,"end":11,"url":null,"entity_id":"Q1565691","candidates":[]}],[],[]],[[{"start":0,"end":13,"url":null,"entity_id":"Q1565684","candidates":[]}],[],[]],[[{"start":0,"end":13,"url":null,"entity_id":"Q1565125","candidates":[]}],[],[]],[[{"start":0,"end":10,"url":null,"entity_id":"Q1565081","candidates":[]}],[],[]],[[{"start":0,"end":12,"url":null,"entity_id":"Q1565067","candidates":[]}],[],[]],[[{"start":0,"end":9,"url":null,"entity_id":"Q1565059","candidates":[]}],[],[]],[[{"start":0,"end":11,"url":null,"entity_id":"Q1565028","candidates":[]}],[],[]],[[{"start":0,"end":12,"url":null,"entity_id":"Q1564984","candidates":[]}],[],[]],[[{"start":0,"end":10,"url":null,"entity_id":"Q1564971","candidates":[]}],[],[]],[[{"start":0,"end":11,"url":null,"entity_id":"Q1564961","candidates":[]}],[],[]],[[{"start":0,"end":11,"url":null,"entity_id":"Q1299220","candidates":[]}],[],[]]]}