{"version":"1.2","table":{"version":"2","table_id":"5IUEVQV6","columns":[{"index":0,"name":"col0","values":["2016 Grand Prix Cycliste de Montréal","2015 Gent–Wevelgem","2015 Paris–Roubaix","2015 Grand Prix Cycliste de Montréal","2014 Paris–Roubaix","2014 Gent–Wevelgem","2013 Paris–Roubaix","2012 Paris–Roubaix","2012 Gent–Wevelgem","GP Ouest-France 2019","2017 Strade Bianche","2017 RideLondon–Surrey Classic","2017 Dwars door Vlaanderen","Cadel Evans Great Ocean Road Race 2017","2017 Eschborn-Frankfurt – Rund um den Finanzplatz","2017 Omloop Het Nieuwsblad","2016 Liège–Bastogne–Liège","2016 GP Ouest-France","2016 Grand Prix Cycliste de Québec","2016 EuroEyes Cyclassics"]},{"index":1,"name":"col1","values":["2015 Grand Prix Cycliste de Montréal","2014 Gent–Wevelgem","2014 Paris–Roubaix","2014 Grand Prix Cycliste de Montréal","2013 Paris–Roubaix","2013 Gent–Wevelgem","2012 Paris–Roubaix","2011 Paris–Roubaix","2011 Gent–Wevelgem","2018 GP Ouest-France","2016 Strade Bianche","2016 RideLondon–Surrey Classic","2016 Dwars door Vlaanderen","2016 Cadel Evans Great Ocean Road Race","2016 Eschborn-Frankfurt City Loop","2016 Omloop Het Nieuwsblad","2015 Liège–Bastogne–Liège","2015 GP Ouest-France","2015 Grand Prix Cycliste de Québec","2015 Vattenfall Cyclassics"]},{"index":2,"name":"col2","values":["Canada","Belgium","France","Canada","France","Belgium","France","France","Belgium","France","Italy","United Kingdom","Belgium","Australia","Germany","Belgium","Belgium","France","Canada","Germany"]},{"index":3,"name":"col3","values":["Montreal","Wevelgem","Roubaix","Montreal","Vélodrome André-Pétrieux","Wevelgem","Vélodrome André-Pétrieux","Vélodrome André-Pétrieux","Wevelgem","Plouay","piazza del Campo","The Mall","Waregem","Melbourne","Frankfurt am Main","Ghent","Ans","Plouay","Quebec City","Hamburg"]},{"index":4,"name":"col4","values":["2016 UCI World Tour","2015 UCI World Tour","2015 UCI World Tour","2015 UCI World Tour","2014 UCI World Tour","2014 UCI World Tour","2013 UCI World Tour","2012 UCI World Tour","2012 UCI World Tour","2019 UCI World Tour","2017 UCI World Tour","2017 UCI World Tour","2017 UCI World Tour","2017 UCI World Tour","2017 UCI World Tour","2017 UCI World Tour","2016 UCI World Tour","2016 UCI World Tour","2016 UCI World Tour","2016 UCI World Tour"]}]},"context":{"page_title":null,"page_url":null,"page_entity_id":null,"content_hierarchy":[]},"links":[[[{"start":0,"end":36,"url":null,"entity_id":"Q26253612","candidates":[]}],[{"start":0,"end":36,"url":null,"entity_id":"Q19598856","candidates":[]}],[{"start":0,"end":6,"url":null,"entity_id":"Q16","candidates":[]}],[{"start":0,"end":8,"url":null,"entity_id":"Q340","candidates":[]}],[{"start":0,"end":19,"url":null,"entity_id":"Q20970765","candidates":[]}]],[[{"start":0,"end":18,"url":null,"entity_id":"Q18710421","candidates":[]}],[{"start":0,"end":18,"url":null,"entity_id":"Q15402106","candidates":[]}],[{"start":0,"end":7,"url":null,"entity_id":"Q31","candidates":[]}],[{"start":0,"end":8,"url":null,"entity_id":"Q392343","candidates":[]}],[{"start":0,"end":19,"url":null,"entity_id":"Q18192726","candidates":[]}]],[[{"start":0,"end":18,"url":null,"entity_id":"Q18720386","candidates":[]}],[{"start":0,"end":18,"url":null,"entity_id":"Q15731706","candidates":[]}],[{"start":0,"end":6,"url":null,"entity_id":"Q142","candidates":[]}],[{"start":0,"end":7,"url":null,"entity_id":"Q34001","candidates":[]}],[{"start":0,"end":19,"url":null,"entity_id":"Q18192726","candidates":[]}]],[[{"start":0,"end":36,"url":null,"entity_id":"Q19598856","candidates":[]}],[{"start":0,"end":36,"url":null,"entity_id":"Q18043296","candidates":[]}],[{"start":0,"end":6,"url":null,"entity_id":"Q16","candidates":[]}],[{"start":0,"end":8,"url":null,"entity_id":"Q340","candidates":[]}],[{"start":0,"end":19,"url":null,"entity_id":"Q18192726","candidates":[]}]],[[{"start":0,"end":18,"url":null,"entity_id":"Q15731706","candidates":[]}],[{"start":0,"end":18,"url":null,"entity_id":"Q3365218","candidates":[]}],[{"start":0,"end":6,"url":null,"entity_id":"Q142","candidates":[]}],[{"start":0,"end":24,"url":null,"entity_id":"Q1752120","candidates":[]}],[{"start":0,"end":19,"url":null,"entity_id":"Q14979277","candidates":[]}]],[[{"start":0,"end":18,"url":null,"entity_id":"Q15402106","candidates":[]}],[{"start":0,"end":18,"url":null,"entity_id":"Q4307351","candidates":[]}],[{"start":0,"end":7,"url":null,"entity_id":"Q31","candidates":[]}],[{"start":0,"end":8,"url":null,"entity_id":"Q392343","candidates":[]}],[{"start":0,"end":19,"url":null,"entity_id":"Q14979277","candidates":[]}]],[[{"start":0,"end":18,"url":null,"entity_id":"Q3365218","candidates":[]}],[{"start":0,"end":18,"url":null,"entity_id":"Q938073","candidates":[]}],[{"start":0,"end":6,"url":null,"entity_id":"Q142","candidates":[]}],[{"start":0,"end":24,"url":null,"entity_id":"Q1752120","candidates":[]}],[{"start":0,"end":19,"url":null,"entity_id":"Q1031504","candidates":[]}]],[[{"start":0,"end":18,"url":null,"entity_id":"Q938073","candidates":[]}],[{"start":0,"end":18,"url":null,"entity_id":"Q904052","candidates":[]}],[{"start":0,"end":6,"url":null,"entity_id":"Q142","candidates":[]}],[{"start":0,"end":24,"url":null,"entity_id":"Q1752120","candidates":[]}],[{"start":0,"end":19,"url":null,"entity_id":"Q849059","candidates":[]}]],[[{"start":0,"end":18,"url":null,"entity_id":"Q573390","candidates":[]}],[{"start":0,"end":18,"url":null,"entity_id":"Q674847","candidates":[]}],[{"start":0,"end":7,"url":null,"entity_id":"Q31","candidates":[]}],[{"start":0,"end":8,"url":null,"entity_id":"Q392343","candidates":[]}],[{"start":0,"end":19,"url":null,"entity_id":"Q849059","candidates":[]}]],[[{"start":0,"end":20,"url":null,"entity_id":"Q57245045","candidates":[]}],[{"start":0,"end":20,"url":null,"entity_id":"Q52386127","candidates":[]}],[{"start":0,"end":6,"url":null,"entity_id":"Q142","candidates":[]}],[{"start":0,"end":6,"url":null,"entity_id":"Q129002","candidates":[]}],[{"start":0,"end":19,"url":null,"entity_id":"Q56966729","candidates":[]}]],[[{"start":0,"end":19,"url":null,"entity_id":"Q27827637","candidates":[]}],[{"start":0,"end":19,"url":null,"entity_id":"Q21083327","candidates":[]}],[{"start":0,"end":5,"url":null,"entity_id":"Q38","candidates":[]}],[{"start":0,"end":16,"url":null,"entity_id":"Q1061229","candidates":[]}],[{"start":0,"end":19,"url":null,"entity_id":"Q21857932","candidates":[]}]],[[{"start":0,"end":30,"url":null,"entity_id":"Q29901849","candidates":[]}],[{"start":0,"end":30,"url":null,"entity_id":"Q21559145","candidates":[]}],[{"start":0,"end":14,"url":null,"entity_id":"Q145","candidates":[]}],[{"start":0,"end":8,"url":null,"entity_id":"Q842930","candidates":[]}],[{"start":0,"end":19,"url":null,"entity_id":"Q21857932","candidates":[]}]],[[{"start":0,"end":26,"url":null,"entity_id":"Q27503392","candidates":[]}],[{"start":0,"end":26,"url":null,"entity_id":"Q21071155","candidates":[]}],[{"start":0,"end":7,"url":null,"entity_id":"Q31","candidates":[]}],[{"start":0,"end":7,"url":null,"entity_id":"Q204547","candidates":[]}],[{"start":0,"end":19,"url":null,"entity_id":"Q21857932","candidates":[]}]],[[{"start":0,"end":38,"url":null,"entity_id":"Q22977069","candidates":[]}],[{"start":0,"end":38,"url":null,"entity_id":"Q20651307","candidates":[]}],[{"start":0,"end":9,"url":null,"entity_id":"Q408","candidates":[]}],[{"start":0,"end":9,"url":null,"entity_id":"Q3141","candidates":[]}],[{"start":0,"end":19,"url":null,"entity_id":"Q21857932","candidates":[]}]],[[{"start":0,"end":49,"url":null,"entity_id":"Q27880179","candidates":[]}],[{"start":0,"end":33,"url":null,"entity_id":"Q24074230","candidates":[]}],[{"start":0,"end":7,"url":null,"entity_id":"Q183","candidates":[]}],[{"start":0,"end":17,"url":null,"entity_id":"Q1794","candidates":[]}],[{"start":0,"end":19,"url":null,"entity_id":"Q21857932","candidates":[]}]],[[{"start":0,"end":26,"url":null,"entity_id":"Q27827587","candidates":[]}],[{"start":0,"end":26,"url":null,"entity_id":"Q20176865","candidates":[]}],[{"start":0,"end":7,"url":null,"entity_id":"Q31","candidates":[]}],[{"start":0,"end":5,"url":null,"entity_id":"Q1296","candidates":[]}],[{"start":0,"end":19,"url":null,"entity_id":"Q21857932","candidates":[]}]],[[{"start":0,"end":25,"url":null,"entity_id":"Q20071027","candidates":[]}],[{"start":0,"end":25,"url":null,"entity_id":"Q19361205","candidates":[]}],[{"start":0,"end":7,"url":null,"entity_id":"Q31","candidates":[]}],[{"start":0,"end":3,"url":null,"entity_id":"Q499594","candidates":[]}],[{"start":0,"end":19,"url":null,"entity_id":"Q20970765","candidates":[]}]],[[{"start":0,"end":20,"url":null,"entity_id":"Q26253614","candidates":[]}],[{"start":0,"end":20,"url":null,"entity_id":"Q19598853","candidates":[]}],[{"start":0,"end":6,"url":null,"entity_id":"Q142","candidates":[]}],[{"start":0,"end":6,"url":null,"entity_id":"Q129002","candidates":[]}],[{"start":0,"end":19,"url":null,"entity_id":"Q20970765","candidates":[]}]],[[{"start":0,"end":34,"url":null,"entity_id":"Q26253613","candidates":[]}],[{"start":0,"end":34,"url":null,"entity_id":"Q19598859","candidates":[]}],[{"start":0,"end":6,"url":null,"entity_id":"Q16","candidates":[]}],[{"start":0,"end":11,"url":null,"entity_id":"Q2145","candidates":[]}],[{"start":0,"end":19,"url":null,"entity_id":"Q20970765","candidates":[]}]],[[{"start":0,"end":24,"url":null,"entity_id":"Q26458300","candidates":[]}],[{"start":0,"end":26,"url":null,"entity_id":"Q19598869","candidates":[]}],[{"start":0,"end":7,"url":null,"entity_id":"Q183","candidates":[]}],[{"start":0,"end":7,"url":null,"entity_id":"Q1055","candidates":[]}],[{"start":0,"end":19,"url":null,"entity_id":"Q20970765","candidates":[]}]]]}