{"version":"1.2","table":{"version":"2","table_id":"5IVCCEAJ","columns":[{"index":0,"name":"col0","values":["Ysane","Vireda","Tånnö","Glava","Balingsta","Näs","Nyhem","Hanhals","Gylle","Nedre Österfors","Mältan","Gredeby","Kartorp and Rolstorp","Mysinge","Lövhulta","Karlsbyheden","Bruket","Ullatti","Gärdsmark","Djäkneboda"]},{"index":1,"name":"col1","values":["Sweden","Sweden","Sweden","Sweden","Sweden","Sweden","Sweden","Sweden","Sweden","Sweden","Sweden","Sweden","Sweden","Sweden","Sweden","Sweden","Sweden","Sweden","Sweden","Sweden"]},{"index":2,"name":"col2","values":["Ysane","Vireda","Tånnö","Glava","Balingsta","Näs","Nyhem","Hanhals","Gylle","Gagnef Municipality","Blekinge","Blekinge","Ronneby Municipality","Mörbylånga Municipality","Eskilstuna Municipality","Falun Municipality","Huddinge Municipality","Lapland","Västerbotten","Västerbotten"]}]},"context":{"page_title":null,"page_url":null,"page_entity_id":null,"content_hierarchy":[]},"links":[[[{"start":0,"end":6,"url":null,"entity_id":"Q2069007","candidates":[]}],[{"start":0,"end":6,"url":null,"entity_id":"Q34","candidates":[]}],[{"start":0,"end":6,"url":null,"entity_id":"Q21721272","candidates":[]}]],[[{"start":0,"end":5,"url":null,"entity_id":"Q2086992","candidates":[]}],[{"start":0,"end":6,"url":null,"entity_id":"Q34","candidates":[]}],[{"start":0,"end":5,"url":null,"entity_id":"Q21721268","candidates":[]}]],[[{"start":0,"end":5,"url":null,"entity_id":"Q2089495","candidates":[]}],[{"start":0,"end":6,"url":null,"entity_id":"Q34","candidates":[]}],[{"start":0,"end":5,"url":null,"entity_id":"Q21704798","candidates":[]}]],[[{"start":0,"end":9,"url":null,"entity_id":"Q2080701","candidates":[]}],[{"start":0,"end":6,"url":null,"entity_id":"Q34","candidates":[]}],[{"start":0,"end":9,"url":null,"entity_id":"Q21684579","candidates":[]}]],[[{"start":0,"end":3,"url":null,"entity_id":"Q2076412","candidates":[]}],[{"start":0,"end":6,"url":null,"entity_id":"Q34","candidates":[]}],[{"start":0,"end":3,"url":null,"entity_id":"Q21595774","candidates":[]}]],[[{"start":0,"end":5,"url":null,"entity_id":"Q2090839","candidates":[]}],[{"start":0,"end":6,"url":null,"entity_id":"Q34","candidates":[]}],[{"start":0,"end":5,"url":null,"entity_id":"Q21595773","candidates":[]}]],[[{"start":0,"end":7,"url":null,"entity_id":"Q2075548","candidates":[]}],[{"start":0,"end":6,"url":null,"entity_id":"Q34","candidates":[]}],[{"start":0,"end":7,"url":null,"entity_id":"Q21566345","candidates":[]}]],[[{"start":0,"end":5,"url":null,"entity_id":"Q2080449","candidates":[]}],[{"start":0,"end":6,"url":null,"entity_id":"Q34","candidates":[]}],[{"start":0,"end":5,"url":null,"entity_id":"Q21560082","candidates":[]}]],[[{"start":0,"end":15,"url":null,"entity_id":"Q1849435","candidates":[]}],[{"start":0,"end":6,"url":null,"entity_id":"Q34","candidates":[]}],[{"start":0,"end":19,"url":null,"entity_id":"Q2642771","candidates":[]}]],[[{"start":0,"end":6,"url":null,"entity_id":"Q1865183","candidates":[]}],[{"start":0,"end":6,"url":null,"entity_id":"Q34","candidates":[]}],[{"start":0,"end":8,"url":null,"entity_id":"Q675653","candidates":[]}]],[[{"start":0,"end":7,"url":null,"entity_id":"Q1858278","candidates":[]}],[{"start":0,"end":6,"url":null,"entity_id":"Q34","candidates":[]}],[{"start":0,"end":8,"url":null,"entity_id":"Q675653","candidates":[]}]],[[{"start":0,"end":20,"url":null,"entity_id":"Q1852458","candidates":[]}],[{"start":0,"end":6,"url":null,"entity_id":"Q34","candidates":[]}],[{"start":0,"end":20,"url":null,"entity_id":"Q515373","candidates":[]}]],[[{"start":0,"end":7,"url":null,"entity_id":"Q1871003","candidates":[]}],[{"start":0,"end":6,"url":null,"entity_id":"Q34","candidates":[]}],[{"start":0,"end":23,"url":null,"entity_id":"Q514756","candidates":[]}]],[[{"start":0,"end":8,"url":null,"entity_id":"Q1868455","candidates":[]}],[{"start":0,"end":6,"url":null,"entity_id":"Q34","candidates":[]}],[{"start":0,"end":23,"url":null,"entity_id":"Q503144","candidates":[]}]],[[{"start":0,"end":12,"url":null,"entity_id":"Q1860968","candidates":[]}],[{"start":0,"end":6,"url":null,"entity_id":"Q34","candidates":[]}],[{"start":0,"end":18,"url":null,"entity_id":"Q501545","candidates":[]}]],[[{"start":0,"end":6,"url":null,"entity_id":"Q1863906","candidates":[]}],[{"start":0,"end":6,"url":null,"entity_id":"Q34","candidates":[]}],[{"start":0,"end":21,"url":null,"entity_id":"Q492575","candidates":[]}]],[[{"start":0,"end":7,"url":null,"entity_id":"Q1869970","candidates":[]}],[{"start":0,"end":6,"url":null,"entity_id":"Q34","candidates":[]}],[{"start":0,"end":7,"url":null,"entity_id":"Q212640","candidates":[]}]],[[{"start":0,"end":9,"url":null,"entity_id":"Q1870712","candidates":[]}],[{"start":0,"end":6,"url":null,"entity_id":"Q34","candidates":[]}],[{"start":0,"end":12,"url":null,"entity_id":"Q211652","candidates":[]}]],[[{"start":0,"end":10,"url":null,"entity_id":"Q1856850","candidates":[]}],[{"start":0,"end":6,"url":null,"entity_id":"Q34","candidates":[]}],[{"start":0,"end":12,"url":null,"entity_id":"Q211652","candidates":[]}]],[[{"start":0,"end":5,"url":null,"entity_id":"Q1800143","candidates":[]}],[{"start":0,"end":6,"url":null,"entity_id":"Q34","candidates":[]}],[{"start":0,"end":5,"url":null,"entity_id":"Q21566313","candidates":[]}]]]}