{"version":"1.2","table":{"version":"2","table_id":"5JMSW0O3","columns":[{"index":0,"name":"col0","values":["São Paulo. Jardim da Praça da República II","São Paulo - Jardim da Luz V","São Paulo. Avenida Tiradentes II","São Paulo. Avenida Tiradentes I","São Paulo. Avenida Paulista II","São Paulo, Parada 7 de Setembro","Maizuru Park at verdure season","Ruin of the Nagoya Castle","Sayohime-iwa","Nishi Karasu harbour","Tomb of Chikamatu Monzaemon","Nishi no Hama beach","Beautiful scene of Matsura-gata bay from the Urano Park","Megane-iwa","Tategami-iwa","Tajima Shrine","View of the Matsura-gawa river from the Maizuru Park","View of Mt.Hirefuri and the Niji no Matsubara","Ruin of the Karatsu Castle","Beautiful scene at Karastu bay"]},{"index":1,"name":"col1","values":["8.15","9.2","8.7","8.7","8.8","8.8","90","90","90","90","90","90","90","90","90","90","90","90","90","90"]},{"index":2,"name":"col2","values":["14.15","14.3","13.7","13.7","13.7","13.8","144","144","144","144","144","144","144","144","144","144","144","144","144","144"]}]},"context":{"page_title":null,"page_url":null,"page_entity_id":null,"content_hierarchy":[]},"links":[[[{"start":0,"end":27,"url":null,"entity_id":"Q49904112","candidates":[]}],[],[]],[[{"start":0,"end":32,"url":null,"entity_id":"Q49904057","candidates":[]}],[],[]],[[{"start":0,"end":31,"url":null,"entity_id":"Q49904010","candidates":[]}],[],[]],[[{"start":0,"end":30,"url":null,"entity_id":"Q49903966","candidates":[]}],[],[]],[[{"start":0,"end":31,"url":null,"entity_id":"Q49903931","candidates":[]}],[],[]],[[{"start":0,"end":30,"url":null,"entity_id":"Q63389939","candidates":[]}],[],[]],[[{"start":0,"end":25,"url":null,"entity_id":"Q63389938","candidates":[]}],[],[]],[[{"start":0,"end":12,"url":null,"entity_id":"Q63389937","candidates":[]}],[],[]],[[{"start":0,"end":20,"url":null,"entity_id":"Q63389936","candidates":[]}],[],[]],[[{"start":0,"end":27,"url":null,"entity_id":"Q63389935","candidates":[]}],[],[]],[[{"start":0,"end":19,"url":null,"entity_id":"Q63389934","candidates":[]}],[],[]],[[{"start":0,"end":55,"url":null,"entity_id":"Q63389933","candidates":[]}],[],[]],[[{"start":0,"end":10,"url":null,"entity_id":"Q63389932","candidates":[]}],[],[]],[[{"start":0,"end":12,"url":null,"entity_id":"Q63389931","candidates":[]}],[],[]],[[{"start":0,"end":13,"url":null,"entity_id":"Q63389930","candidates":[]}],[],[]],[[{"start":0,"end":52,"url":null,"entity_id":"Q63389929","candidates":[]}],[],[]],[[{"start":0,"end":45,"url":null,"entity_id":"Q63389926","candidates":[]}],[],[]],[[{"start":0,"end":26,"url":null,"entity_id":"Q63389925","candidates":[]}],[],[]],[[{"start":0,"end":30,"url":null,"entity_id":"Q63389924","candidates":[]}],[],[]],[[{"start":0,"end":42,"url":null,"entity_id":"Q49904155","candidates":[]}],[],[]]]}