{"version":"1.2","table":{"version":"2","table_id":"5K6ESKX0","columns":[{"index":0,"name":"col0","values":["NGC 7236","NGC 7214","NGC 7109","NGC 6926","NGC 6789","NGC 6784","NGC 7727","NGC 6090","NGC 5996","NGC 5953","NGC 5477","NGC 5306","NGC 5238","NGC 5237","NGC 5090","NGC 5058","NGC 4953-1","NGC 4861","NGC 4782","NGC 4615"]},{"index":1,"name":"col1","values":["7850","7083","5233","5899.2","-140","5330","1857","8694","3291","1970","315","7217","229","360","2946","964","16074","837","4542","4702"]},{"index":2,"name":"col2","values":["13.846509","-27.8094877398435","-34.4459209918807","-2.0275194","63.9733056","-65.62333","-12.2930111","52.45583","17.8842167","15.1938333","54.460515","-7.2243611","51.6136573596968","-42.8469167","-43.7046775","12.5483111","-37.5857417","34.8594389","-12.5685889","26.0727993508684"]},{"index":3,"name":"col3","values":["103","100.8","73.06","84.16","3.55","78.34","21.09","131.2","54","30.9","6.76","104.9","4.51","3.33","37.67","16.7","75.51","9.95","57.21","67.2"]}]},"context":{"page_title":null,"page_url":null,"page_entity_id":null,"content_hierarchy":[]},"links":[[[{"start":0,"end":8,"url":null,"entity_id":"Q1150264","candidates":[]}],[],[],[]],[[{"start":0,"end":8,"url":null,"entity_id":"Q1149650","candidates":[]}],[],[],[]],[[{"start":0,"end":8,"url":null,"entity_id":"Q1148586","candidates":[]}],[],[],[]],[[{"start":0,"end":8,"url":null,"entity_id":"Q1147693","candidates":[]}],[],[],[]],[[{"start":0,"end":8,"url":null,"entity_id":"Q1147662","candidates":[]}],[],[],[]],[[{"start":0,"end":8,"url":null,"entity_id":"Q1139565","candidates":[]}],[],[],[]],[[{"start":0,"end":8,"url":null,"entity_id":"Q1125607","candidates":[]}],[],[],[]],[[{"start":0,"end":8,"url":null,"entity_id":"Q1124725","candidates":[]}],[],[],[]],[[{"start":0,"end":8,"url":null,"entity_id":"Q1124368","candidates":[]}],[],[],[]],[[{"start":0,"end":8,"url":null,"entity_id":"Q1120151","candidates":[]}],[],[],[]],[[{"start":0,"end":8,"url":null,"entity_id":"Q1118616","candidates":[]}],[],[],[]],[[{"start":0,"end":8,"url":null,"entity_id":"Q1117967","candidates":[]}],[],[],[]],[[{"start":0,"end":8,"url":null,"entity_id":"Q1117962","candidates":[]}],[],[],[]],[[{"start":0,"end":8,"url":null,"entity_id":"Q1116896","candidates":[]}],[],[],[]],[[{"start":0,"end":8,"url":null,"entity_id":"Q1116708","candidates":[]}],[],[],[]],[[{"start":0,"end":10,"url":null,"entity_id":"Q1115897","candidates":[]}],[],[],[]],[[{"start":0,"end":8,"url":null,"entity_id":"Q1115039","candidates":[]}],[],[],[]],[[{"start":0,"end":8,"url":null,"entity_id":"Q1114240","candidates":[]}],[],[],[]],[[{"start":0,"end":8,"url":null,"entity_id":"Q1112917","candidates":[]}],[],[],[]],[[{"start":0,"end":8,"url":null,"entity_id":"Q1150399","candidates":[]}],[],[],[]]]}