{"version":"1.2","table":{"version":"2","table_id":"5L5MND1J","columns":[{"index":0,"name":"col0","values":["St. Louis Arena","Minneapolis Auditorium","Tin Can","Tsukisamu Dome","Richmond Arena","Rex Center","Buffalo Memorial Auditorium","Kiel Auditorium","Omni Coliseum","Market Square Arena","Chicago Stadium","McNichols Sports Arena","Montreal Forum","Amway Arena","Charlotte Coliseum","Joe Louis Arena","Basketball Arena","Bradley Center","Detroit Olympia","Cardiff Arena"]},{"index":1,"name":"col1","values":["St. Louis","Minneapolis","Chapel Hill","Sapporo","Virginia","Lowell","Buffalo","St. Louis","Atlanta","Indianapolis","Chicago","Colorado","Ville-Marie","Orlando","Charlotte","Detroit","Queen Elizabeth Olympic Park","Milwaukee","Detroit","Cardiff"]},{"index":2,"name":"col2","values":["1999-02-27","1989-01-01","1977-01-01","2018-01-01","1997-01-01","1960-01-01","2009-01-01","1992-01-01","1997-07-26","2001-07-08","1995-01-01","2000-01-24","1998-01-01","2012-03-25","2007-06-03","2019-04-01","2013-01-01","2018-07-26","1987-09-01","2016-01-01"]},{"index":3,"name":"col3","values":["1929-09-23","1927-01-01","1924-01-01","1972-01-01","1908-01-01","1933-01-01","1940-10-14","1934-04-14","1972-10-14","1974-09-15","1929-03-28","1975-08-22","1924-11-29","1989-01-29","1988-08-11","1979-12-12","2010-06-01","1988-10-01","1927-10-15","2006-12-06"]}]},"context":{"page_title":null,"page_url":null,"page_entity_id":null,"content_hierarchy":[]},"links":[[[{"start":0,"end":22,"url":null,"entity_id":"Q3315539","candidates":[]}],[{"start":0,"end":11,"url":null,"entity_id":"Q36091","candidates":[]}],[],[]],[[{"start":0,"end":7,"url":null,"entity_id":"Q7807727","candidates":[]}],[{"start":0,"end":11,"url":null,"entity_id":"Q671812","candidates":[]}],[],[]],[[{"start":0,"end":14,"url":null,"entity_id":"Q7850080","candidates":[]}],[{"start":0,"end":7,"url":null,"entity_id":"Q37951","candidates":[]}],[],[]],[[{"start":0,"end":14,"url":null,"entity_id":"Q7330765","candidates":[]}],[{"start":0,"end":8,"url":null,"entity_id":"Q1370","candidates":[]}],[],[]],[[{"start":0,"end":10,"url":null,"entity_id":"Q28456838","candidates":[]}],[{"start":0,"end":6,"url":null,"entity_id":"Q49162","candidates":[]}],[],[]],[[{"start":0,"end":27,"url":null,"entity_id":"Q2927640","candidates":[]}],[{"start":0,"end":7,"url":null,"entity_id":"Q40435","candidates":[]}],[],[]],[[{"start":0,"end":15,"url":null,"entity_id":"Q3024991","candidates":[]}],[{"start":0,"end":9,"url":null,"entity_id":"Q38022","candidates":[]}],[],[]],[[{"start":0,"end":13,"url":null,"entity_id":"Q1970067","candidates":[]}],[{"start":0,"end":7,"url":null,"entity_id":"Q23556","candidates":[]}],[],[]],[[{"start":0,"end":19,"url":null,"entity_id":"Q3294309","candidates":[]}],[{"start":0,"end":12,"url":null,"entity_id":"Q6346","candidates":[]}],[],[]],[[{"start":0,"end":15,"url":null,"entity_id":"Q2703852","candidates":[]}],[{"start":0,"end":7,"url":null,"entity_id":"Q1297","candidates":[]}],[],[]],[[{"start":0,"end":22,"url":null,"entity_id":"Q2081796","candidates":[]}],[{"start":0,"end":8,"url":null,"entity_id":"Q1261","candidates":[]}],[],[]],[[{"start":0,"end":14,"url":null,"entity_id":"Q367272","candidates":[]}],[{"start":0,"end":11,"url":null,"entity_id":"Q247123","candidates":[]}],[],[]],[[{"start":0,"end":11,"url":null,"entity_id":"Q481794","candidates":[]}],[{"start":0,"end":7,"url":null,"entity_id":"Q49233","candidates":[]}],[],[]],[[{"start":0,"end":18,"url":null,"entity_id":"Q632138","candidates":[]}],[{"start":0,"end":9,"url":null,"entity_id":"Q16565","candidates":[]}],[],[]],[[{"start":0,"end":15,"url":null,"entity_id":"Q168579","candidates":[]}],[{"start":0,"end":7,"url":null,"entity_id":"Q12439","candidates":[]}],[],[]],[[{"start":0,"end":16,"url":null,"entity_id":"Q810351","candidates":[]}],[{"start":0,"end":28,"url":null,"entity_id":"Q525481","candidates":[]}],[],[]],[[{"start":0,"end":14,"url":null,"entity_id":"Q737976","candidates":[]}],[{"start":0,"end":9,"url":null,"entity_id":"Q37836","candidates":[]}],[],[]],[[{"start":0,"end":15,"url":null,"entity_id":"Q1201545","candidates":[]}],[{"start":0,"end":7,"url":null,"entity_id":"Q12439","candidates":[]}],[],[]],[[{"start":0,"end":13,"url":null,"entity_id":"Q1035701","candidates":[]}],[{"start":0,"end":7,"url":null,"entity_id":"Q10690","candidates":[]}],[],[]],[[{"start":0,"end":15,"url":null,"entity_id":"Q3495282","candidates":[]}],[{"start":0,"end":9,"url":null,"entity_id":"Q38022","candidates":[]}],[],[]]]}