{"version":"1.2","table":{"version":"2","table_id":"5L8J0ZFZ","columns":[{"index":0,"name":"col0","values":["Kiss of Judas","Adoration of the shepherds","Annunciation","Diana","Flagellation","Expulsion of the Money-changers from the Temple","Baptism of Christ","Christ among the Doctors","Assumption of the Virgin","Joachim's Dream","Delivery of the Keys","The Raising of Lazarus","Saint George and the Princess","Flight into Egypt","Assumption of the Virgin","Nativity","The Battle of Anghiari","Visitation","Annunciation","Annunciation"]},{"index":1,"name":"col1","values":["Kiss of Judas","Adoration of the shepherds","Annunciation","hunting","Flagellation of Christ","Cleansing of the Temple","Sacra Conversazione","Jesus among the doctors","Assumption of Mary","annunciation of the birth of Mary to Joachim","Christ gives the keys of heaven to Peter","Raising of Lazarus","Saint George and the Dragon","flight into Egypt","Assumption of Mary","Nativity of Jesus","Battle of Anghiari","Visitation","Annunciation","Annunciation"]},{"index":2,"name":"col2","values":["religious painting","religious painting","religious painting","mythological painting","religious painting","religious painting","religious painting","religious painting","religious painting","religious painting","religious painting","religious painting","religious painting","religious painting","religious painting","religious painting","history painting","religious art","religious art","religious art"]}]},"context":{"page_title":null,"page_url":null,"page_entity_id":null,"content_hierarchy":[]},"links":[[[{"start":0,"end":13,"url":null,"entity_id":"Q3504778","candidates":[]}],[{"start":0,"end":13,"url":null,"entity_id":"Q10289604","candidates":[]}],[{"start":0,"end":18,"url":null,"entity_id":"Q2414609","candidates":[]}]],[[{"start":0,"end":26,"url":null,"entity_id":"Q3605542","candidates":[]}],[{"start":0,"end":26,"url":null,"entity_id":"Q1029715","candidates":[]}],[{"start":0,"end":18,"url":null,"entity_id":"Q2414609","candidates":[]}]],[[{"start":0,"end":12,"url":null,"entity_id":"Q3618187","candidates":[]}],[{"start":0,"end":12,"url":null,"entity_id":"Q154326","candidates":[]}],[{"start":0,"end":18,"url":null,"entity_id":"Q2414609","candidates":[]}]],[[{"start":0,"end":5,"url":null,"entity_id":"Q3706734","candidates":[]}],[{"start":0,"end":7,"url":null,"entity_id":"Q36963","candidates":[]}],[{"start":0,"end":21,"url":null,"entity_id":"Q3374376","candidates":[]}]],[[{"start":0,"end":12,"url":null,"entity_id":"Q3697612","candidates":[]}],[{"start":0,"end":22,"url":null,"entity_id":"Q2033105","candidates":[]}],[{"start":0,"end":18,"url":null,"entity_id":"Q2414609","candidates":[]}]],[[{"start":0,"end":47,"url":null,"entity_id":"Q3649309","candidates":[]}],[{"start":0,"end":23,"url":null,"entity_id":"Q1267621","candidates":[]}],[{"start":0,"end":18,"url":null,"entity_id":"Q2414609","candidates":[]}]],[[{"start":0,"end":17,"url":null,"entity_id":"Q3636750","candidates":[]}],[{"start":0,"end":19,"url":null,"entity_id":"Q370665","candidates":[]}],[{"start":0,"end":18,"url":null,"entity_id":"Q2414609","candidates":[]}]],[[{"start":0,"end":24,"url":null,"entity_id":"Q3761435","candidates":[]}],[{"start":0,"end":23,"url":null,"entity_id":"Q245230","candidates":[]}],[{"start":0,"end":18,"url":null,"entity_id":"Q2414609","candidates":[]}]],[[{"start":0,"end":24,"url":null,"entity_id":"Q3627395","candidates":[]}],[{"start":0,"end":18,"url":null,"entity_id":"Q162691","candidates":[]}],[{"start":0,"end":18,"url":null,"entity_id":"Q2414609","candidates":[]}]],[[{"start":0,"end":15,"url":null,"entity_id":"Q1197593","candidates":[]}],[{"start":0,"end":44,"url":null,"entity_id":"Q65504368","candidates":[]}],[{"start":0,"end":18,"url":null,"entity_id":"Q2414609","candidates":[]}]],[[{"start":0,"end":20,"url":null,"entity_id":"Q2620028","candidates":[]}],[{"start":0,"end":40,"url":null,"entity_id":"Q26868813","candidates":[]}],[{"start":0,"end":18,"url":null,"entity_id":"Q2414609","candidates":[]}]],[[{"start":0,"end":22,"url":null,"entity_id":"Q547923","candidates":[]}],[{"start":0,"end":18,"url":null,"entity_id":"Q3937194","candidates":[]}],[{"start":0,"end":18,"url":null,"entity_id":"Q2414609","candidates":[]}]],[[{"start":0,"end":29,"url":null,"entity_id":"Q733017","candidates":[]}],[{"start":0,"end":27,"url":null,"entity_id":"Q2509393","candidates":[]}],[{"start":0,"end":18,"url":null,"entity_id":"Q2414609","candidates":[]}]],[[{"start":0,"end":17,"url":null,"entity_id":"Q549172","candidates":[]}],[{"start":0,"end":17,"url":null,"entity_id":"Q837143","candidates":[]}],[{"start":0,"end":18,"url":null,"entity_id":"Q2414609","candidates":[]}]],[[{"start":0,"end":24,"url":null,"entity_id":"Q771210","candidates":[]}],[{"start":0,"end":18,"url":null,"entity_id":"Q162691","candidates":[]}],[{"start":0,"end":18,"url":null,"entity_id":"Q2414609","candidates":[]}]],[[{"start":0,"end":8,"url":null,"entity_id":"Q3211056","candidates":[]}],[{"start":0,"end":17,"url":null,"entity_id":"Q51628","candidates":[]}],[{"start":0,"end":18,"url":null,"entity_id":"Q2414609","candidates":[]}]],[[{"start":0,"end":22,"url":null,"entity_id":"Q2045726","candidates":[]}],[{"start":0,"end":18,"url":null,"entity_id":"Q1779008","candidates":[]}],[{"start":0,"end":16,"url":null,"entity_id":"Q742333","candidates":[]}]],[[{"start":0,"end":10,"url":null,"entity_id":"Q734197","candidates":[]}],[{"start":0,"end":10,"url":null,"entity_id":"Q691810","candidates":[]}],[{"start":0,"end":13,"url":null,"entity_id":"Q2864737","candidates":[]}]],[[{"start":0,"end":12,"url":null,"entity_id":"Q3202071","candidates":[]}],[{"start":0,"end":12,"url":null,"entity_id":"Q154326","candidates":[]}],[{"start":0,"end":13,"url":null,"entity_id":"Q2864737","candidates":[]}]],[[{"start":0,"end":12,"url":null,"entity_id":"Q2378534","candidates":[]}],[{"start":0,"end":12,"url":null,"entity_id":"Q154326","candidates":[]}],[{"start":0,"end":13,"url":null,"entity_id":"Q2864737","candidates":[]}]]]}