{"version":"1.2","table":{"version":"2","table_id":"5LB1GLHY","columns":[{"index":0,"name":"col0","values":["Gipsy Major IC","H.1000 Gnome","Leonides Major 755/1","R-1340-40 Wasp","Merlin 25","Merlin 114","Merlin 113","Merlin 31","Merlin 61","Merlin XXI","R-2600-29 Twin Cyclone","R-2600-23 Twin Cyclone","RF-2600-23 Twin Cyclone","Hercules XVI","Hercules XVIII","GR-1820-105B Cyclone","R-975-1 Whirlwind","R-1340-11 Wasp","R-790-3 Whirlwind","DelaHaye 103TT"]},{"index":1,"name":"col1","values":["Gipsy Major I","Gnome","Leonides Major","R-1340 Wasp","Merlin","Merlin","Merlin","Merlin","Merlin","Merlin","R-2600 Twin Cyclone","R-2600 Twin Cyclone","R-2600 Twin Cyclone","Hercules","Hercules","R-1820 Cyclone 9","R-975 Whirlwind","R-1340 Wasp","R-790 Whirlwind","reciprocating engine"]},{"index":2,"name":"col2","values":["Chipmunk T.1","WS-55 Series 3","WS-55 Series 2","WS-55 Series 1","Mosquito VI","Mosquito PR Mk 32","Mosquito PR Mk 32","Mosquito B Mk VII","Mosquito PR Mk VIII","Mosquito I","A-20H Havoc","A-20G Havoc","A-20C Havoc","Wellington T Mk XVIII","Wellington B Mk X","V-12C","C-9","C-4A","C-3A","Geschützwagen Lorraine Schlepper (f)"]}]},"context":{"page_title":null,"page_url":null,"page_entity_id":null,"content_hierarchy":[]},"links":[[[{"start":0,"end":14,"url":null,"entity_id":"Q62396910","candidates":[]}],[{"start":0,"end":13,"url":null,"entity_id":"Q62396895","candidates":[]}],[{"start":0,"end":12,"url":null,"entity_id":"Q62396861","candidates":[]}]],[[{"start":0,"end":12,"url":null,"entity_id":"Q62395761","candidates":[]}],[{"start":0,"end":5,"url":null,"entity_id":"Q7361325","candidates":[]}],[{"start":0,"end":14,"url":null,"entity_id":"Q62395729","candidates":[]}]],[[{"start":0,"end":20,"url":null,"entity_id":"Q62395680","candidates":[]}],[{"start":0,"end":14,"url":null,"entity_id":"Q3736137","candidates":[]}],[{"start":0,"end":14,"url":null,"entity_id":"Q62395631","candidates":[]}]],[[{"start":0,"end":14,"url":null,"entity_id":"Q62395607","candidates":[]}],[{"start":0,"end":11,"url":null,"entity_id":"Q1852043","candidates":[]}],[{"start":0,"end":14,"url":null,"entity_id":"Q62395558","candidates":[]}]],[[{"start":0,"end":9,"url":null,"entity_id":"Q62172281","candidates":[]}],[{"start":0,"end":6,"url":null,"entity_id":"Q1412885","candidates":[]}],[{"start":0,"end":11,"url":null,"entity_id":"Q62172104","candidates":[]}]],[[{"start":0,"end":10,"url":null,"entity_id":"Q62168413","candidates":[]}],[{"start":0,"end":6,"url":null,"entity_id":"Q1412885","candidates":[]}],[{"start":0,"end":17,"url":null,"entity_id":"Q62168406","candidates":[]}]],[[{"start":0,"end":10,"url":null,"entity_id":"Q62168401","candidates":[]}],[{"start":0,"end":6,"url":null,"entity_id":"Q1412885","candidates":[]}],[{"start":0,"end":17,"url":null,"entity_id":"Q62168406","candidates":[]}]],[[{"start":0,"end":9,"url":null,"entity_id":"Q62168335","candidates":[]}],[{"start":0,"end":6,"url":null,"entity_id":"Q1412885","candidates":[]}],[{"start":0,"end":17,"url":null,"entity_id":"Q62168327","candidates":[]}]],[[{"start":0,"end":9,"url":null,"entity_id":"Q62168302","candidates":[]}],[{"start":0,"end":6,"url":null,"entity_id":"Q1412885","candidates":[]}],[{"start":0,"end":19,"url":null,"entity_id":"Q62168295","candidates":[]}]],[[{"start":0,"end":10,"url":null,"entity_id":"Q62168153","candidates":[]}],[{"start":0,"end":6,"url":null,"entity_id":"Q1412885","candidates":[]}],[{"start":0,"end":10,"url":null,"entity_id":"Q62168119","candidates":[]}]],[[{"start":0,"end":22,"url":null,"entity_id":"Q62152598","candidates":[]}],[{"start":0,"end":19,"url":null,"entity_id":"Q1659797","candidates":[]}],[{"start":0,"end":11,"url":null,"entity_id":"Q62152295","candidates":[]}]],[[{"start":0,"end":22,"url":null,"entity_id":"Q62151722","candidates":[]}],[{"start":0,"end":19,"url":null,"entity_id":"Q1659797","candidates":[]}],[{"start":0,"end":11,"url":null,"entity_id":"Q62151233","candidates":[]}]],[[{"start":0,"end":23,"url":null,"entity_id":"Q62149861","candidates":[]}],[{"start":0,"end":19,"url":null,"entity_id":"Q1659797","candidates":[]}],[{"start":0,"end":11,"url":null,"entity_id":"Q62149483","candidates":[]}]],[[{"start":0,"end":12,"url":null,"entity_id":"Q62113646","candidates":[]}],[{"start":0,"end":8,"url":null,"entity_id":"Q912540","candidates":[]}],[{"start":0,"end":21,"url":null,"entity_id":"Q62113641","candidates":[]}]],[[{"start":0,"end":14,"url":null,"entity_id":"Q62113494","candidates":[]}],[{"start":0,"end":8,"url":null,"entity_id":"Q912540","candidates":[]}],[{"start":0,"end":17,"url":null,"entity_id":"Q62113480","candidates":[]}]],[[{"start":0,"end":20,"url":null,"entity_id":"Q61951022","candidates":[]}],[{"start":0,"end":16,"url":null,"entity_id":"Q1078024","candidates":[]}],[{"start":0,"end":5,"url":null,"entity_id":"Q61951002","candidates":[]}]],[[{"start":0,"end":17,"url":null,"entity_id":"Q47531924","candidates":[]}],[{"start":0,"end":15,"url":null,"entity_id":"Q15921165","candidates":[]}],[{"start":0,"end":3,"url":null,"entity_id":"Q47531901","candidates":[]}]],[[{"start":0,"end":14,"url":null,"entity_id":"Q47531887","candidates":[]}],[{"start":0,"end":11,"url":null,"entity_id":"Q1852043","candidates":[]}],[{"start":0,"end":4,"url":null,"entity_id":"Q47531822","candidates":[]}]],[[{"start":0,"end":17,"url":null,"entity_id":"Q47531806","candidates":[]}],[{"start":0,"end":15,"url":null,"entity_id":"Q8038252","candidates":[]}],[{"start":0,"end":4,"url":null,"entity_id":"Q47531797","candidates":[]}]],[[{"start":0,"end":14,"url":null,"entity_id":"Q42313151","candidates":[]}],[{"start":0,"end":20,"url":null,"entity_id":"Q630010","candidates":[]}],[{"start":0,"end":36,"url":null,"entity_id":"Q42313137","candidates":[]}]]]}