{"version":"1.2","table":{"version":"2","table_id":"5LM8Q54D","columns":[{"index":0,"name":"col0","values":["Khabb al I'ād","Z̧ahrat al!Fāris","Frdah","Duwayba","Dumzat Manşū","Duhayat al Bidd","Dimthat al Manşf","Sayḫ Dhumaida","Dhir‘","Naqā Dh'b","Sayḩ Falaj ash Saykh","Sayḩ Faḩlyn","SayḩḨafir","Sayḩ al Kubysh","Sayḩ Khvwayridān","Khuwbyuidān","Sayḩ alKhurayj","Taml Khuḑr","Khuba' Muţawwá","Khaāsim"]},{"index":1,"name":"col1","values":["Abu Dhabi Emirate","Abu Dhabi Emirate","Abu Dhabi Emirate","Abu Dhabi Emirate","Abu Dhabi Emirate","Abu Dhabi Emirate","Abu Dhabi Emirate","Abu Dhabi Emirate","Abu Dhabi Emirate","Abu Dhabi Emirate","Umm al-Quwain","Ras al-Khaimah","United Arab Emirates","Dubai","Dubai","Dubai","Dubai","Dubai","Dubai","Dubai"]},{"index":2,"name":"col2","values":["44.0","199.4","15.888","14.125999999999998","197.01","179.733","55.11","31.84","18.089999999999996","150.49","97.216","44.30799999999999","107.136","101.10099999999998","54.89","68.586","32.703","172.71","14.084","83.498"]}]},"context":{"page_title":null,"page_url":null,"page_entity_id":null,"content_hierarchy":[]},"links":[[[{"start":0,"end":16,"url":null,"entity_id":"Q21735329","candidates":[]}],[{"start":0,"end":17,"url":null,"entity_id":"Q187712","candidates":[]}],[]],[[{"start":0,"end":5,"url":null,"entity_id":"Q21735326","candidates":[]}],[{"start":0,"end":17,"url":null,"entity_id":"Q187712","candidates":[]}],[]],[[{"start":0,"end":7,"url":null,"entity_id":"Q21735311","candidates":[]}],[{"start":0,"end":17,"url":null,"entity_id":"Q187712","candidates":[]}],[]],[[{"start":0,"end":12,"url":null,"entity_id":"Q21735310","candidates":[]}],[{"start":0,"end":17,"url":null,"entity_id":"Q187712","candidates":[]}],[]],[[{"start":0,"end":15,"url":null,"entity_id":"Q21735309","candidates":[]}],[{"start":0,"end":17,"url":null,"entity_id":"Q187712","candidates":[]}],[]],[[{"start":0,"end":16,"url":null,"entity_id":"Q21735301","candidates":[]}],[{"start":0,"end":17,"url":null,"entity_id":"Q187712","candidates":[]}],[]],[[{"start":0,"end":13,"url":null,"entity_id":"Q21735298","candidates":[]}],[{"start":0,"end":17,"url":null,"entity_id":"Q187712","candidates":[]}],[]],[[{"start":0,"end":5,"url":null,"entity_id":"Q21735297","candidates":[]}],[{"start":0,"end":17,"url":null,"entity_id":"Q187712","candidates":[]}],[]],[[{"start":0,"end":9,"url":null,"entity_id":"Q21735294","candidates":[]}],[{"start":0,"end":17,"url":null,"entity_id":"Q187712","candidates":[]}],[]],[[{"start":0,"end":20,"url":null,"entity_id":"Q21735319","candidates":[]}],[{"start":0,"end":13,"url":null,"entity_id":"Q175021","candidates":[]}],[]],[[{"start":0,"end":11,"url":null,"entity_id":"Q21735313","candidates":[]}],[{"start":0,"end":14,"url":null,"entity_id":"Q170024","candidates":[]}],[]],[[{"start":0,"end":9,"url":null,"entity_id":"Q21735410","candidates":[]}],[{"start":0,"end":20,"url":null,"entity_id":"Q878","candidates":[]}],[]],[[{"start":0,"end":14,"url":null,"entity_id":"Q21735615","candidates":[]}],[{"start":0,"end":5,"url":null,"entity_id":"Q613","candidates":[]}],[]],[[{"start":0,"end":16,"url":null,"entity_id":"Q21735609","candidates":[]}],[{"start":0,"end":5,"url":null,"entity_id":"Q613","candidates":[]}],[]],[[{"start":0,"end":11,"url":null,"entity_id":"Q21735608","candidates":[]}],[{"start":0,"end":5,"url":null,"entity_id":"Q613","candidates":[]}],[]],[[{"start":0,"end":14,"url":null,"entity_id":"Q21735600","candidates":[]}],[{"start":0,"end":5,"url":null,"entity_id":"Q613","candidates":[]}],[]],[[{"start":0,"end":10,"url":null,"entity_id":"Q21735594","candidates":[]}],[{"start":0,"end":5,"url":null,"entity_id":"Q613","candidates":[]}],[]],[[{"start":0,"end":14,"url":null,"entity_id":"Q21735590","candidates":[]}],[{"start":0,"end":5,"url":null,"entity_id":"Q613","candidates":[]}],[]],[[{"start":0,"end":7,"url":null,"entity_id":"Q21735586","candidates":[]}],[{"start":0,"end":5,"url":null,"entity_id":"Q613","candidates":[]}],[]],[[{"start":0,"end":13,"url":null,"entity_id":"Q21735337","candidates":[]}],[{"start":0,"end":17,"url":null,"entity_id":"Q187712","candidates":[]}],[]]]}