{
  "version": "1.1",
  "table": {
    "version": "2",
    "table_id": "West_Air_(China)",
    "columns": [
      {
        "index": 0,
        "name": "Country",
        "values": [
          " China",
          " China",
          " China",
          " China",
          " China",
          " China",
          " China",
          " China",
          " China",
          " China",
          " China",
          " China",
          " China",
          " China",
          " China",
          " China",
          " China",
          " China",
          " China",
          " China",
          " China",
          " China",
          " China",
          " China",
          " China",
          " China",
          " China",
          " China",
          " China",
          " China",
          " China",
          " Japan",
          " Japan",
          " Myanmar",
          " Singapore",
          " South Korea"
        ]
      },
      {
        "index": 1,
        "name": "City",
        "values": [
          "Aksu",
          "Beijing",
          "Chongqing",
          "Dalian",
          "Daocheng",
          "Fuzhou",
          "Guangzhou",
          "Guilin",
          "Guiyang",
          "Haikou",
          "Hefei",
          "Hohhot",
          "Jinan",
          "Korla",
          "Kunming",
          "Lhasa",
          "Nanjing",
          "Nanning",
          "Qingdao",
          "Sanya",
          "Shanghai",
          "Shigatse",
          "Tianjin",
          "Wenshan",
          "Wenzhou",
          "Wuhan",
          "Xiamen",
          "Xishuangbanna",
          "Zhangjiajie",
          "Zhengzhou",
          "Zhuhai",
          "Osaka",
          "Sapporo",
          "Mandalay",
          "Singapore",
          "Jeju"
        ]
      },
      {
        "index": 2,
        "name": "IATA",
        "values": [
          "AKU",
          "PEK",
          "CKG",
          "DLC",
          "DCY",
          "FOC",
          "CAN",
          "KWL",
          "KWE",
          "HAK",
          "HFE",
          "HET",
          "TNA",
          "KRL",
          "KMG",
          "LXA",
          "NKG",
          "NNG",
          "TAO",
          "SYX",
          "PVG",
          "RKZ",
          "TSN",
          "WNH",
          "WNZ",
          "WUH",
          "XMN",
          "JHG",
          "DYG",
          "CGO",
          "ZUH",
          "KIX",
          "CTS",
          "MDL",
          "SIN",
          "CJU"
        ]
      },
      {
        "index": 3,
        "name": "ICAO",
        "values": [
          "ZWAK",
          "ZBAA",
          "ZUCK",
          "ZYTL",
          "ZUDC",
          "ZSFZ",
          "ZGGG",
          "ZGKL",
          "ZUGY",
          "ZJHK",
          "ZSOF",
          "ZBHH",
          "ZSJN",
          "ZWKL",
          "ZPPP",
          "ZULS",
          "ZSNJ",
          "ZGNN",
          "ZSQD",
          "ZJSY",
          "ZSPD",
          "ZURK",
          "ZBTJ",
          "ZPWS",
          "ZSWZ",
          "ZHHH",
          "ZSAM",
          "ZPJH",
          "ZGDY",
          "ZHCC",
          "ZGSD",
          "RJBB",
          "RJCC",
          "VYMD",
          "WSSS",
          "RKPC"
        ]
      },
      {
        "index": 4,
        "name": "Airport",
        "values": [
          "Aksu Airport",
          "Beijing Capital International Airport",
          "Chongqing Jiangbei International Airport",
          "Dalian Zhoushuizi International Airport",
          "Daocheng Yading Airport",
          "Fuzhou Changle International Airport",
          "Guangzhou Baiyun International Airport",
          "Guilin Liangjiang International Airport",
          "Guiyang Longdongbao International Airport",
          "Haikou Meilan International Airport",
          "Hefei Xinqiao International Airport",
          "Hohhot Baita International Airport",
          "Jinan Yaoqiang International Airport",
          "Korla Airport",
          "Kunming Changshui International Airport",
          "Lhasa Gonggar Airport",
          "Nanjing Lukou International Airport",
          "Nanning Wuxu International Airport",
          "Qingdao Liuting International Airport",
          "Sanya Phoenix International Airport",
          "Shanghai Pudong International Airport",
          "Shigatse Peace Airport",
          "Tianjin Binhai International Airport",
          "Wenshan Puzhehei Airport",
          "Wenzhou Yongqiang Airport",
          "Wuhan Tianhe International Airport",
          "Xiamen Gaoqi International Airport",
          "Xishuangbanna Gasa Airport",
          "Zhangjiajie Hehua International Airport",
          "Zhengzhou Xinzheng International Airport",
          "Zhuhai Jinwan Airport",
          "Kansai International Airport",
          "New Chitose Airport",
          "Mandalay International Airport",
          "Singapore Changi Airport",
          "Jeju International Airport"
        ]
      },
      {
        "index": 5,
        "name": "Note",
        "values": [
          "",
          "",
          "Hub",
          "",
          "",
          "",
          "",
          "",
          "",
          "",
          "",
          "",
          "",
          "",
          "",
          "",
          "",
          "",
          "",
          "",
          "",
          "",
          "",
          "",
          "",
          "",
          "",
          "",
          "",
          "",
          "",
          "Terminated",
          "Terminated",
          "",
          "Terminated",
          ""
        ]
      },
      {
        "index": 6,
        "name": "Refs",
        "values": [
          "",
          "",
          "",
          "",
          "",
          "",
          "",
          "",
          "",
          "",
          "",
          "",
          "",
          "",
          "",
          "",
          "",
          "",
          "",
          "",
          "",
          "",
          "",
          "",
          "",
          "",
          "",
          "",
          "",
          "",
          "",
          "",
          "",
          "",
          "",
          ""
        ]
      }
    ]
  },
  "context": {
    "page_title": "West Air (China)",
    "page_url": "https://en.wikipedia.org/wiki/West_Air_(China)",
    "page_entity_id": "Q1073544"
  },
  "links": [
    [
      [
        {
          "start": 1,
          "end": 6,
          "url": "http://en.wikipedia.org/wiki/China",
          "entity_id": "Q148"
        }
      ],
      [
        {
          "start": 0,
          "end": 4,
          "url": "http://en.wikipedia.org/wiki/Aksu_City",
          "entity_id": "Q421648"
        }
      ],
      [],
      [],
      [
        {
          "start": 0,
          "end": 12,
          "url": "http://en.wikipedia.org/wiki/Aksu_Airport",
          "entity_id": null
        }
      ],
      [],
      []
    ],
    [
      [
        {
          "start": 1,
          "end": 6,
          "url": "http://en.wikipedia.org/wiki/China",
          "entity_id": "Q148"
        }
      ],
      [
        {
          "start": 0,
          "end": 7,
          "url": "http://en.wikipedia.org/wiki/Beijing",
          "entity_id": "Q956"
        }
      ],
      [],
      [],
      [
        {
          "start": 0,
          "end": 37,
          "url": "http://en.wikipedia.org/wiki/Beijing_Capital_International_Airport",
          "entity_id": "Q32190"
        }
      ],
      [],
      []
    ],
    [
      [
        {
          "start": 1,
          "end": 6,
          "url": "http://en.wikipedia.org/wiki/China",
          "entity_id": "Q148"
        }
      ],
      [
        {
          "start": 0,
          "end": 9,
          "url": "http://en.wikipedia.org/wiki/Chongqing",
          "entity_id": "Q11725"
        }
      ],
      [],
      [],
      [
        {
          "start": 0,
          "end": 40,
          "url": "http://en.wikipedia.org/wiki/Chongqing_Jiangbei_International_Airport",
          "entity_id": "Q788417"
        }
      ],
      [
        {
          "start": 0,
          "end": 3,
          "url": "http://en.wikipedia.org/wiki/Airline_hub",
          "entity_id": "Q4811588"
        }
      ],
      []
    ],
    [
      [
        {
          "start": 1,
          "end": 6,
          "url": "http://en.wikipedia.org/wiki/China",
          "entity_id": "Q148"
        }
      ],
      [
        {
          "start": 0,
          "end": 6,
          "url": "http://en.wikipedia.org/wiki/Dalian",
          "entity_id": "Q74881"
        }
      ],
      [],
      [],
      [
        {
          "start": 0,
          "end": 39,
          "url": "http://en.wikipedia.org/wiki/Dalian_Zhoushuizi_International_Airport",
          "entity_id": "Q965083"
        }
      ],
      [],
      []
    ],
    [
      [
        {
          "start": 1,
          "end": 6,
          "url": "http://en.wikipedia.org/wiki/China",
          "entity_id": "Q148"
        }
      ],
      [
        {
          "start": 0,
          "end": 8,
          "url": "http://en.wikipedia.org/wiki/Daocheng",
          "entity_id": "Q1165396"
        }
      ],
      [],
      [],
      [
        {
          "start": 0,
          "end": 23,
          "url": "http://en.wikipedia.org/wiki/Daocheng_Yading_Airport",
          "entity_id": "Q1708704"
        }
      ],
      [],
      []
    ],
    [
      [
        {
          "start": 1,
          "end": 6,
          "url": "http://en.wikipedia.org/wiki/China",
          "entity_id": "Q148"
        }
      ],
      [
        {
          "start": 0,
          "end": 6,
          "url": "http://en.wikipedia.org/wiki/Fuzhou",
          "entity_id": "Q68481"
        }
      ],
      [],
      [],
      [
        {
          "start": 0,
          "end": 36,
          "url": "http://en.wikipedia.org/wiki/Fuzhou_Changle_International_Airport",
          "entity_id": "Q1350630"
        }
      ],
      [],
      []
    ],
    [
      [
        {
          "start": 1,
          "end": 6,
          "url": "http://en.wikipedia.org/wiki/China",
          "entity_id": "Q148"
        }
      ],
      [
        {
          "start": 0,
          "end": 9,
          "url": "http://en.wikipedia.org/wiki/Guangzhou",
          "entity_id": "Q16572"
        }
      ],
      [],
      [],
      [
        {
          "start": 0,
          "end": 38,
          "url": "http://en.wikipedia.org/wiki/Guangzhou_Baiyun_International_Airport",
          "entity_id": "Q44868"
        }
      ],
      [],
      []
    ],
    [
      [
        {
          "start": 1,
          "end": 6,
          "url": "http://en.wikipedia.org/wiki/China",
          "entity_id": "Q148"
        }
      ],
      [
        {
          "start": 0,
          "end": 6,
          "url": "http://en.wikipedia.org/wiki/Guilin",
          "entity_id": "Q189633"
        }
      ],
      [],
      [],
      [
        {
          "start": 0,
          "end": 39,
          "url": "http://en.wikipedia.org/wiki/Guilin_Liangjiang_International_Airport",
          "entity_id": "Q1197688"
        }
      ],
      [],
      []
    ],
    [
      [
        {
          "start": 1,
          "end": 6,
          "url": "http://en.wikipedia.org/wiki/China",
          "entity_id": "Q148"
        }
      ],
      [
        {
          "start": 0,
          "end": 7,
          "url": "http://en.wikipedia.org/wiki/Guiyang",
          "entity_id": "Q192271"
        }
      ],
      [],
      [],
      [
        {
          "start": 0,
          "end": 41,
          "url": "http://en.wikipedia.org/wiki/Guiyang_Longdongbao_International_Airport",
          "entity_id": "Q3243613"
        }
      ],
      [],
      []
    ],
    [
      [
        {
          "start": 1,
          "end": 6,
          "url": "http://en.wikipedia.org/wiki/China",
          "entity_id": "Q148"
        }
      ],
      [
        {
          "start": 0,
          "end": 6,
          "url": "http://en.wikipedia.org/wiki/Haikou",
          "entity_id": "Q189823"
        }
      ],
      [],
      [],
      [
        {
          "start": 0,
          "end": 35,
          "url": "http://en.wikipedia.org/wiki/Haikou_Meilan_International_Airport",
          "entity_id": "Q1143116"
        }
      ],
      [],
      []
    ],
    [
      [
        {
          "start": 1,
          "end": 6,
          "url": "http://en.wikipedia.org/wiki/China",
          "entity_id": "Q148"
        }
      ],
      [
        {
          "start": 0,
          "end": 5,
          "url": "http://en.wikipedia.org/wiki/Hefei",
          "entity_id": "Q185684"
        }
      ],
      [],
      [],
      [
        {
          "start": 0,
          "end": 35,
          "url": "http://en.wikipedia.org/wiki/Hefei_Xinqiao_International_Airport",
          "entity_id": "Q1431445"
        }
      ],
      [],
      []
    ],
    [
      [
        {
          "start": 1,
          "end": 6,
          "url": "http://en.wikipedia.org/wiki/China",
          "entity_id": "Q148"
        }
      ],
      [
        {
          "start": 0,
          "end": 6,
          "url": "http://en.wikipedia.org/wiki/Hohhot",
          "entity_id": "Q535534"
        }
      ],
      [],
      [],
      [
        {
          "start": 0,
          "end": 34,
          "url": "http://en.wikipedia.org/wiki/Hohhot_Baita_International_Airport",
          "entity_id": "Q3238282"
        }
      ],
      [],
      []
    ],
    [
      [
        {
          "start": 1,
          "end": 6,
          "url": "http://en.wikipedia.org/wiki/China",
          "entity_id": "Q148"
        }
      ],
      [
        {
          "start": 0,
          "end": 5,
          "url": "http://en.wikipedia.org/wiki/Jinan",
          "entity_id": "Q170247"
        }
      ],
      [],
      [],
      [
        {
          "start": 0,
          "end": 36,
          "url": "http://en.wikipedia.org/wiki/Jinan_Yaoqiang_International_Airport",
          "entity_id": "Q1378003"
        }
      ],
      [],
      []
    ],
    [
      [
        {
          "start": 1,
          "end": 6,
          "url": "http://en.wikipedia.org/wiki/China",
          "entity_id": "Q148"
        }
      ],
      [
        {
          "start": 0,
          "end": 5,
          "url": "http://en.wikipedia.org/wiki/Korla",
          "entity_id": "Q837425"
        }
      ],
      [],
      [],
      [
        {
          "start": 0,
          "end": 13,
          "url": "http://en.wikipedia.org/wiki/Korla_Airport",
          "entity_id": "Q5259967"
        }
      ],
      [],
      []
    ],
    [
      [
        {
          "start": 1,
          "end": 6,
          "url": "http://en.wikipedia.org/wiki/China",
          "entity_id": "Q148"
        }
      ],
      [
        {
          "start": 0,
          "end": 7,
          "url": "http://en.wikipedia.org/wiki/Kunming",
          "entity_id": "Q182852"
        }
      ],
      [],
      [],
      [
        {
          "start": 0,
          "end": 39,
          "url": "http://en.wikipedia.org/wiki/Kunming_Changshui_International_Airport",
          "entity_id": "Q1371636"
        }
      ],
      [],
      []
    ],
    [
      [
        {
          "start": 1,
          "end": 6,
          "url": "http://en.wikipedia.org/wiki/China",
          "entity_id": "Q148"
        }
      ],
      [
        {
          "start": 0,
          "end": 5,
          "url": "http://en.wikipedia.org/wiki/Lhasa_(prefecture-level_city)",
          "entity_id": "Q5869"
        }
      ],
      [],
      [],
      [
        {
          "start": 0,
          "end": 21,
          "url": "http://en.wikipedia.org/wiki/Lhasa_Gonggar_Airport",
          "entity_id": "Q786209"
        }
      ],
      [],
      []
    ],
    [
      [
        {
          "start": 1,
          "end": 6,
          "url": "http://en.wikipedia.org/wiki/China",
          "entity_id": "Q148"
        }
      ],
      [
        {
          "start": 0,
          "end": 7,
          "url": "http://en.wikipedia.org/wiki/Nanjing",
          "entity_id": "Q16666"
        }
      ],
      [],
      [],
      [
        {
          "start": 0,
          "end": 35,
          "url": "http://en.wikipedia.org/wiki/Nanjing_Lukou_International_Airport",
          "entity_id": "Q559107"
        }
      ],
      [],
      []
    ],
    [
      [
        {
          "start": 1,
          "end": 6,
          "url": "http://en.wikipedia.org/wiki/China",
          "entity_id": "Q148"
        }
      ],
      [
        {
          "start": 0,
          "end": 7,
          "url": "http://en.wikipedia.org/wiki/Nanning",
          "entity_id": "Q179608"
        }
      ],
      [],
      [],
      [
        {
          "start": 0,
          "end": 34,
          "url": "http://en.wikipedia.org/wiki/Nanning_Wuxu_International_Airport",
          "entity_id": "Q3238350"
        }
      ],
      [],
      []
    ],
    [
      [
        {
          "start": 1,
          "end": 6,
          "url": "http://en.wikipedia.org/wiki/China",
          "entity_id": "Q148"
        }
      ],
      [
        {
          "start": 0,
          "end": 7,
          "url": "http://en.wikipedia.org/wiki/Qingdao",
          "entity_id": "Q170322"
        }
      ],
      [],
      [],
      [
        {
          "start": 0,
          "end": 37,
          "url": "http://en.wikipedia.org/wiki/Qingdao_Liuting_International_Airport",
          "entity_id": "Q1156790"
        }
      ],
      [],
      []
    ],
    [
      [
        {
          "start": 1,
          "end": 6,
          "url": "http://en.wikipedia.org/wiki/China",
          "entity_id": "Q148"
        }
      ],
      [
        {
          "start": 0,
          "end": 5,
          "url": "http://en.wikipedia.org/wiki/Sanya",
          "entity_id": "Q319804"
        }
      ],
      [],
      [],
      [
        {
          "start": 0,
          "end": 35,
          "url": "http://en.wikipedia.org/wiki/Sanya_Phoenix_International_Airport",
          "entity_id": "Q684964"
        }
      ],
      [],
      []
    ],
    [
      [
        {
          "start": 1,
          "end": 6,
          "url": "http://en.wikipedia.org/wiki/China",
          "entity_id": "Q148"
        }
      ],
      [
        {
          "start": 0,
          "end": 8,
          "url": "http://en.wikipedia.org/wiki/Shanghai",
          "entity_id": "Q8686"
        }
      ],
      [],
      [],
      [
        {
          "start": 0,
          "end": 37,
          "url": "http://en.wikipedia.org/wiki/Shanghai_Pudong_International_Airport",
          "entity_id": "Q36420"
        }
      ],
      [],
      []
    ],
    [
      [
        {
          "start": 1,
          "end": 6,
          "url": "http://en.wikipedia.org/wiki/China",
          "entity_id": "Q148"
        }
      ],
      [
        {
          "start": 0,
          "end": 8,
          "url": "http://en.wikipedia.org/wiki/Shigatse",
          "entity_id": "Q1211183"
        }
      ],
      [],
      [],
      [
        {
          "start": 0,
          "end": 22,
          "url": "http://en.wikipedia.org/wiki/Shigatse_Peace_Airport",
          "entity_id": "Q1083293"
        }
      ],
      [],
      []
    ],
    [
      [
        {
          "start": 1,
          "end": 6,
          "url": "http://en.wikipedia.org/wiki/China",
          "entity_id": "Q148"
        }
      ],
      [
        {
          "start": 0,
          "end": 7,
          "url": "http://en.wikipedia.org/wiki/Tianjin",
          "entity_id": "Q11736"
        }
      ],
      [],
      [],
      [
        {
          "start": 0,
          "end": 36,
          "url": "http://en.wikipedia.org/wiki/Tianjin_Binhai_International_Airport",
          "entity_id": "Q774669"
        }
      ],
      [],
      []
    ],
    [
      [
        {
          "start": 1,
          "end": 6,
          "url": "http://en.wikipedia.org/wiki/China",
          "entity_id": "Q148"
        }
      ],
      [
        {
          "start": 0,
          "end": 7,
          "url": "http://en.wikipedia.org/wiki/Wenshan_City",
          "entity_id": "Q1201048"
        }
      ],
      [],
      [],
      [
        {
          "start": 0,
          "end": 24,
          "url": "http://en.wikipedia.org/wiki/Wenshan_Puzhehei_Airport",
          "entity_id": "Q1014302"
        }
      ],
      [],
      []
    ],
    [
      [
        {
          "start": 1,
          "end": 6,
          "url": "http://en.wikipedia.org/wiki/China",
          "entity_id": "Q148"
        }
      ],
      [
        {
          "start": 0,
          "end": 7,
          "url": "http://en.wikipedia.org/wiki/Wenzhou",
          "entity_id": "Q42635"
        }
      ],
      [],
      [],
      [
        {
          "start": 0,
          "end": 25,
          "url": "http://en.wikipedia.org/wiki/Wenzhou_Yongqiang_Airport",
          "entity_id": "Q716323"
        }
      ],
      [],
      []
    ],
    [
      [
        {
          "start": 1,
          "end": 6,
          "url": "http://en.wikipedia.org/wiki/China",
          "entity_id": "Q148"
        }
      ],
      [
        {
          "start": 0,
          "end": 5,
          "url": "http://en.wikipedia.org/wiki/Wuhan",
          "entity_id": "Q11746"
        }
      ],
      [],
      [],
      [
        {
          "start": 0,
          "end": 34,
          "url": "http://en.wikipedia.org/wiki/Wuhan_Tianhe_International_Airport",
          "entity_id": "Q601091"
        }
      ],
      [],
      []
    ],
    [
      [
        {
          "start": 1,
          "end": 6,
          "url": "http://en.wikipedia.org/wiki/China",
          "entity_id": "Q148"
        }
      ],
      [
        {
          "start": 0,
          "end": 6,
          "url": "http://en.wikipedia.org/wiki/Xiamen",
          "entity_id": "Q68744"
        }
      ],
      [],
      [],
      [
        {
          "start": 0,
          "end": 34,
          "url": "http://en.wikipedia.org/wiki/Xiamen_Gaoqi_International_Airport",
          "entity_id": "Q177216"
        }
      ],
      [],
      []
    ],
    [
      [
        {
          "start": 1,
          "end": 6,
          "url": "http://en.wikipedia.org/wiki/China",
          "entity_id": "Q148"
        }
      ],
      [
        {
          "start": 0,
          "end": 13,
          "url": "http://en.wikipedia.org/wiki/Xishuangbanna",
          "entity_id": "Q868046"
        }
      ],
      [],
      [],
      [
        {
          "start": 0,
          "end": 26,
          "url": "http://en.wikipedia.org/wiki/Xishuangbanna_Gasa_Airport",
          "entity_id": "Q3234757"
        }
      ],
      [],
      []
    ],
    [
      [
        {
          "start": 1,
          "end": 6,
          "url": "http://en.wikipedia.org/wiki/China",
          "entity_id": "Q148"
        }
      ],
      [
        {
          "start": 0,
          "end": 11,
          "url": "http://en.wikipedia.org/wiki/Zhangjiajie",
          "entity_id": "Q197379"
        }
      ],
      [],
      [],
      [
        {
          "start": 0,
          "end": 39,
          "url": "http://en.wikipedia.org/wiki/Zhangjiajie_Hehua_International_Airport",
          "entity_id": "Q1134280"
        }
      ],
      [],
      []
    ],
    [
      [
        {
          "start": 1,
          "end": 6,
          "url": "http://en.wikipedia.org/wiki/China",
          "entity_id": "Q148"
        }
      ],
      [
        {
          "start": 0,
          "end": 9,
          "url": "http://en.wikipedia.org/wiki/Zhengzhou",
          "entity_id": "Q30340"
        }
      ],
      [],
      [],
      [
        {
          "start": 0,
          "end": 40,
          "url": "http://en.wikipedia.org/wiki/Zhengzhou_Xinzheng_International_Airport",
          "entity_id": "Q2034869"
        }
      ],
      [],
      []
    ],
    [
      [
        {
          "start": 1,
          "end": 6,
          "url": "http://en.wikipedia.org/wiki/China",
          "entity_id": "Q148"
        }
      ],
      [
        {
          "start": 0,
          "end": 6,
          "url": "http://en.wikipedia.org/wiki/Zhuhai",
          "entity_id": "Q59095"
        }
      ],
      [],
      [],
      [
        {
          "start": 0,
          "end": 21,
          "url": "http://en.wikipedia.org/wiki/Zhuhai_Jinwan_Airport",
          "entity_id": "Q2733031"
        }
      ],
      [],
      []
    ],
    [
      [
        {
          "start": 1,
          "end": 6,
          "url": "http://en.wikipedia.org/wiki/Japan",
          "entity_id": "Q17"
        }
      ],
      [
        {
          "start": 0,
          "end": 5,
          "url": "http://en.wikipedia.org/wiki/Osaka",
          "entity_id": "Q35765"
        }
      ],
      [],
      [],
      [
        {
          "start": 0,
          "end": 28,
          "url": "http://en.wikipedia.org/wiki/Kansai_International_Airport",
          "entity_id": "Q193682"
        }
      ],
      [],
      []
    ],
    [
      [
        {
          "start": 1,
          "end": 6,
          "url": "http://en.wikipedia.org/wiki/Japan",
          "entity_id": "Q17"
        }
      ],
      [
        {
          "start": 0,
          "end": 7,
          "url": "http://en.wikipedia.org/wiki/Sapporo",
          "entity_id": "Q37951"
        }
      ],
      [],
      [],
      [
        {
          "start": 0,
          "end": 19,
          "url": "http://en.wikipedia.org/wiki/New_Chitose_Airport",
          "entity_id": "Q908296"
        }
      ],
      [],
      []
    ],
    [
      [
        {
          "start": 1,
          "end": 8,
          "url": "http://en.wikipedia.org/wiki/Myanmar",
          "entity_id": "Q836"
        }
      ],
      [
        {
          "start": 0,
          "end": 8,
          "url": "http://en.wikipedia.org/wiki/Mandalay",
          "entity_id": "Q185518"
        }
      ],
      [],
      [],
      [
        {
          "start": 0,
          "end": 30,
          "url": "http://en.wikipedia.org/wiki/Mandalay_International_Airport",
          "entity_id": "Q1193001"
        }
      ],
      [],
      []
    ],
    [
      [
        {
          "start": 1,
          "end": 10,
          "url": "http://en.wikipedia.org/wiki/Singapore",
          "entity_id": "Q334"
        }
      ],
      [
        {
          "start": 0,
          "end": 9,
          "url": "http://en.wikipedia.org/wiki/Singapore",
          "entity_id": "Q334"
        }
      ],
      [],
      [],
      [
        {
          "start": 0,
          "end": 24,
          "url": "http://en.wikipedia.org/wiki/Singapore_Changi_Airport",
          "entity_id": "Q32159"
        }
      ],
      [],
      []
    ],
    [
      [
        {
          "start": 1,
          "end": 12,
          "url": "http://en.wikipedia.org/wiki/South_Korea",
          "entity_id": "Q884"
        }
      ],
      [
        {
          "start": 0,
          "end": 4,
          "url": "http://en.wikipedia.org/wiki/Jeju_Province",
          "entity_id": "Q41164"
        }
      ],
      [],
      [],
      [
        {
          "start": 0,
          "end": 26,
          "url": "http://en.wikipedia.org/wiki/Jeju_International_Airport",
          "entity_id": "Q482497"
        }
      ],
      [],
      []
    ]
  ]
}