{
  "version": "1.1",
  "table": {
    "version": "2",
    "table_id": "Ynna_Asistio",
    "columns": [
      {
        "index": 0,
        "name": "Year",
        "values": [
          "2019",
          "2017",
          "2017",
          "2016",
          "2016",
          "2015",
          "2015",
          "2015",
          "2015",
          "2014",
          "2014",
          "2014",
          "2014",
          "2013-2014",
          "2013",
          "2013",
          "2013",
          "2013",
          "2013",
          "2012",
          "2012",
          "2012",
          "2011",
          "2011",
          "2011",
          "2011",
          "2010",
          "2010",
          "2010",
          "2010",
          "2009",
          "2009",
          "2009",
          "2009",
          "2008",
          "2007",
          "2007",
          "2007",
          "2007",
          "2007",
          "2006"
        ]
      },
      {
        "index": 1,
        "name": "Title",
        "values": [
          "FPJ's Ang Probinsyano",
          "Ipaglaban Mo: Tali",
          "Maalaala Mo Kaya: Piyesa",
          "Maalaala Mo Kaya: Kahon",
          "Ipaglaban Mo:Pagkakamali",
          "On the Wings of Love",
          " Ipaglaban Mo:Buhay mo o buhay ko?",
          " Ipaglaban Mo:Pangarap na Pagtanggap",
          "Maalaala Mo Kaya: Parol",
          "Two Wives",
          "Maalaala Mo Kaya: Saklay",
          "Maalaala Mo Kaya: Itak",
          "Banana Split",
          "Maria Mercedes",
          "It's Showtime",
          "Maalaala Mo Kaya: Saranggola",
          "Minute To Win It",
          "Wagas: Amy & Orly",
          "Bubble Gang",
          "Sana Ay Ikaw Na Nga",
          "My Beloved",
          "Maynila",
          " Spooky Nights Presents: Sumpa",
          "Sisid",
          "Reel Love : Tween Hearts",
          "Jillian",
          "Puso ng Pasko: Artista Challenge",
          "Diva",
          "Party Pilipinas",
          "SRO Cinemaserye Presents: Meet The Fathers",
          "Sana Ngayong Pasko",
          "George and Cecil",
          "Dear Friend: Special",
          "ASAP",
          "Philippines Scariest Challenge",
          "La Vendetta",
          "Mga Mata ni Anghelita",
          "SOP Rules",
          "Let's Go",
          "Who's Your Daddy Now?",
          "Candies"
        ]
      },
      {
        "index": 2,
        "name": "Role",
        "values": [
          "Vanessa",
          "Grace Alcantara",
          "Maimai",
          "young Malou",
          "Sarah",
          "Maggie Regalado",
          "Amelia",
          "Amor",
          "Jessie",
          "Riza A. Soler",
          "Merlinda",
          "Sheryl",
          "Herself/Guest performer",
          "Eula",
          "Herself Guest Hurado with her sister Yana Asistio",
          "Jennelyn Marollano",
          "Herself Guest Celebrity Player with her mother Nadia Montenegro",
          "Young Amy",
          "Herself",
          "Esmeralda Garela",
          "Lyzette",
          "Ynna",
          "Cindy",
          "Gina",
          "Yza",
          "Jenny",
          "Challenger",
          "Vanessa",
          "Herself",
          "Chezka",
          "Happy",
          "Diane",
          "Ella",
          "Herself",
          "Herself",
          "Alex Cardinale",
          "Lisa",
          "Herself",
          "Allie",
          "Andrea",
          "Host"
        ]
      },
      {
        "index": 3,
        "name": "Network",
        "values": [
          "ABS-CBN",
          "ABS-CBN",
          "ABS-CBN",
          "ABS-CBN",
          "ABS-CBN",
          "ABS-CBN",
          "ABS-CBN",
          "ABS-CBN",
          "ABS-CBN",
          "ABS-CBN",
          "ABS-CBN",
          "ABS-CBN",
          "ABS-CBN",
          "ABS-CBN",
          "ABS-CBN",
          "ABS-CBN",
          "ABS-CBN",
          "GMA Network",
          "GMA Network",
          "GMA Network",
          "GMA Network",
          "GMA Network",
          "GMA Network",
          "GMA Network",
          "GMA Network",
          "GMA Network",
          "GMA Network",
          "GMA Network",
          "GMA Network",
          "GMA Network",
          "GMA Network",
          "ABS-CBN",
          "GMA Network",
          "ABS-CBN",
          "TV5",
          "GMA Network",
          "GMA Network",
          "GMA Network",
          "ABS-CBN",
          "GMA Network",
          "GMA Network"
        ]
      }
    ]
  },
  "context": {
    "page_title": "Ynna Asistio",
    "page_url": "https://en.wikipedia.org/wiki/Ynna_Asistio",
    "page_entity_id": "Q8054057"
  },
  "links": [
    [
      [],
      [
        {
          "start": 0,
          "end": 21,
          "url": "http://en.wikipedia.org/wiki/Ang_Probinsyano",
          "entity_id": "Q20718324"
        }
      ],
      [],
      [
        {
          "start": 0,
          "end": 7,
          "url": "http://en.wikipedia.org/wiki/ABS-CBN",
          "entity_id": "Q2022113"
        }
      ]
    ],
    [
      [],
      [
        {
          "start": 0,
          "end": 18,
          "url": "http://en.wikipedia.org/wiki/Ipaglaban_Mo!",
          "entity_id": "Q6366373"
        }
      ],
      [],
      [
        {
          "start": 0,
          "end": 7,
          "url": "http://en.wikipedia.org/wiki/ABS-CBN",
          "entity_id": "Q2022113"
        }
      ]
    ],
    [
      [],
      [
        {
          "start": 0,
          "end": 24,
          "url": "http://en.wikipedia.org/wiki/Maalaala_Mo_Kaya",
          "entity_id": "Q3585957"
        }
      ],
      [],
      [
        {
          "start": 0,
          "end": 7,
          "url": "http://en.wikipedia.org/wiki/ABS-CBN",
          "entity_id": "Q2022113"
        }
      ]
    ],
    [
      [],
      [
        {
          "start": 0,
          "end": 23,
          "url": "http://en.wikipedia.org/wiki/Maalaala_Mo_Kaya",
          "entity_id": "Q3585957"
        }
      ],
      [],
      [
        {
          "start": 0,
          "end": 7,
          "url": "http://en.wikipedia.org/wiki/ABS-CBN",
          "entity_id": "Q2022113"
        }
      ]
    ],
    [
      [],
      [
        {
          "start": 0,
          "end": 24,
          "url": "http://en.wikipedia.org/wiki/Ipaglaban_Mo!",
          "entity_id": "Q6366373"
        }
      ],
      [],
      [
        {
          "start": 0,
          "end": 7,
          "url": "http://en.wikipedia.org/wiki/ABS-CBN",
          "entity_id": "Q2022113"
        }
      ]
    ],
    [
      [],
      [
        {
          "start": 0,
          "end": 20,
          "url": "http://en.wikipedia.org/wiki/On_the_Wings_of_Love_(TV_series)",
          "entity_id": "Q19954660"
        }
      ],
      [],
      [
        {
          "start": 0,
          "end": 7,
          "url": "http://en.wikipedia.org/wiki/ABS-CBN",
          "entity_id": "Q2022113"
        }
      ]
    ],
    [
      [],
      [
        {
          "start": 1,
          "end": 34,
          "url": "http://en.wikipedia.org/wiki/Ipaglaban_Mo!",
          "entity_id": "Q6366373"
        }
      ],
      [],
      [
        {
          "start": 0,
          "end": 7,
          "url": "http://en.wikipedia.org/wiki/ABS-CBN",
          "entity_id": "Q2022113"
        }
      ]
    ],
    [
      [],
      [
        {
          "start": 1,
          "end": 36,
          "url": "http://en.wikipedia.org/wiki/Ipaglaban_Mo!",
          "entity_id": "Q6366373"
        }
      ],
      [],
      [
        {
          "start": 0,
          "end": 7,
          "url": "http://en.wikipedia.org/wiki/ABS-CBN",
          "entity_id": "Q2022113"
        }
      ]
    ],
    [
      [],
      [
        {
          "start": 0,
          "end": 23,
          "url": "http://en.wikipedia.org/wiki/Maalaala_Mo_Kaya",
          "entity_id": "Q3585957"
        }
      ],
      [],
      [
        {
          "start": 0,
          "end": 7,
          "url": "http://en.wikipedia.org/wiki/ABS-CBN",
          "entity_id": "Q2022113"
        }
      ]
    ],
    [
      [],
      [
        {
          "start": 0,
          "end": 9,
          "url": "http://en.wikipedia.org/wiki/Two_Wives_(Philippine_TV_series)",
          "entity_id": "Q18228639"
        }
      ],
      [],
      [
        {
          "start": 0,
          "end": 7,
          "url": "http://en.wikipedia.org/wiki/ABS-CBN",
          "entity_id": "Q2022113"
        }
      ]
    ],
    [
      [],
      [
        {
          "start": 0,
          "end": 24,
          "url": "http://en.wikipedia.org/wiki/Maalaala_Mo_Kaya",
          "entity_id": "Q3585957"
        }
      ],
      [],
      [
        {
          "start": 0,
          "end": 7,
          "url": "http://en.wikipedia.org/wiki/ABS-CBN",
          "entity_id": "Q2022113"
        }
      ]
    ],
    [
      [],
      [
        {
          "start": 0,
          "end": 22,
          "url": "http://en.wikipedia.org/wiki/Maalaala_Mo_Kaya",
          "entity_id": "Q3585957"
        }
      ],
      [],
      [
        {
          "start": 0,
          "end": 7,
          "url": "http://en.wikipedia.org/wiki/ABS-CBN",
          "entity_id": "Q2022113"
        }
      ]
    ],
    [
      [],
      [
        {
          "start": 0,
          "end": 12,
          "url": "http://en.wikipedia.org/wiki/Banana_Split_(TV_series)",
          "entity_id": "Q4853849"
        }
      ],
      [],
      [
        {
          "start": 0,
          "end": 7,
          "url": "http://en.wikipedia.org/wiki/ABS-CBN",
          "entity_id": "Q2022113"
        }
      ]
    ],
    [
      [],
      [
        {
          "start": 0,
          "end": 14,
          "url": "http://en.wikipedia.org/wiki/Maria_Mercedes_(Philippine_TV_series)",
          "entity_id": "Q12967750"
        }
      ],
      [],
      [
        {
          "start": 0,
          "end": 7,
          "url": "http://en.wikipedia.org/wiki/ABS-CBN",
          "entity_id": "Q2022113"
        }
      ]
    ],
    [
      [],
      [
        {
          "start": 0,
          "end": 13,
          "url": "http://en.wikipedia.org/wiki/It%27s_Showtime_(variety_show)",
          "entity_id": "Q6090729"
        }
      ],
      [],
      [
        {
          "start": 0,
          "end": 7,
          "url": "http://en.wikipedia.org/wiki/ABS-CBN",
          "entity_id": "Q2022113"
        }
      ]
    ],
    [
      [],
      [
        {
          "start": 0,
          "end": 28,
          "url": "http://en.wikipedia.org/wiki/Maalaala_Mo_Kaya",
          "entity_id": "Q3585957"
        }
      ],
      [],
      [
        {
          "start": 0,
          "end": 7,
          "url": "http://en.wikipedia.org/wiki/ABS-CBN",
          "entity_id": "Q2022113"
        }
      ]
    ],
    [
      [],
      [
        {
          "start": 0,
          "end": 16,
          "url": "http://en.wikipedia.org/wiki/Minute_To_Win_It",
          "entity_id": "Q1766797"
        }
      ],
      [],
      [
        {
          "start": 0,
          "end": 7,
          "url": "http://en.wikipedia.org/wiki/ABS-CBN",
          "entity_id": "Q2022113"
        }
      ]
    ],
    [
      [],
      [
        {
          "start": 0,
          "end": 17,
          "url": "http://en.wikipedia.org/wiki/Wagas",
          "entity_id": "Q48816606"
        }
      ],
      [],
      [
        {
          "start": 0,
          "end": 11,
          "url": "http://en.wikipedia.org/wiki/GMA_Network",
          "entity_id": "Q399643"
        }
      ]
    ],
    [
      [],
      [
        {
          "start": 0,
          "end": 11,
          "url": "http://en.wikipedia.org/wiki/Bubble_Gang",
          "entity_id": "Q4982200"
        }
      ],
      [],
      [
        {
          "start": 0,
          "end": 11,
          "url": "http://en.wikipedia.org/wiki/GMA_Network",
          "entity_id": "Q399643"
        }
      ]
    ],
    [
      [],
      [
        {
          "start": 0,
          "end": 19,
          "url": "http://en.wikipedia.org/wiki/Sana_Ay_Ikaw_Na_Nga_(2012_TV_series)",
          "entity_id": "Q7415419"
        }
      ],
      [],
      [
        {
          "start": 0,
          "end": 11,
          "url": "http://en.wikipedia.org/wiki/GMA_Network",
          "entity_id": "Q399643"
        }
      ]
    ],
    [
      [],
      [
        {
          "start": 0,
          "end": 10,
          "url": "http://en.wikipedia.org/wiki/My_Beloved_(TV_series)",
          "entity_id": "Q6944998"
        }
      ],
      [],
      [
        {
          "start": 0,
          "end": 11,
          "url": "http://en.wikipedia.org/wiki/GMA_Network",
          "entity_id": "Q399643"
        }
      ]
    ],
    [
      [],
      [
        {
          "start": 0,
          "end": 7,
          "url": "http://en.wikipedia.org/wiki/Maynila",
          "entity_id": "Q1461"
        }
      ],
      [],
      [
        {
          "start": 0,
          "end": 11,
          "url": "http://en.wikipedia.org/wiki/GMA_Network",
          "entity_id": "Q399643"
        }
      ]
    ],
    [
      [],
      [
        {
          "start": 1,
          "end": 30,
          "url": "http://en.wikipedia.org/wiki/Spooky_Nights",
          "entity_id": "Q7579125"
        }
      ],
      [],
      [
        {
          "start": 0,
          "end": 11,
          "url": "http://en.wikipedia.org/wiki/GMA_Network",
          "entity_id": "Q399643"
        }
      ]
    ],
    [
      [],
      [
        {
          "start": 0,
          "end": 5,
          "url": "http://en.wikipedia.org/wiki/Sisid_(TV_series)",
          "entity_id": "Q17088397"
        }
      ],
      [],
      [
        {
          "start": 0,
          "end": 11,
          "url": "http://en.wikipedia.org/wiki/GMA_Network",
          "entity_id": "Q399643"
        }
      ]
    ],
    [
      [],
      [
        {
          "start": 0,
          "end": 9,
          "url": "http://en.wikipedia.org/wiki/Reel_Love",
          "entity_id": "Q7306867"
        },
        {
          "start": 12,
          "end": 24,
          "url": "http://en.wikipedia.org/wiki/Tween_Hearts",
          "entity_id": "Q7857511"
        }
      ],
      [],
      [
        {
          "start": 0,
          "end": 11,
          "url": "http://en.wikipedia.org/wiki/GMA_Network",
          "entity_id": "Q399643"
        }
      ]
    ],
    [
      [],
      [
        {
          "start": 0,
          "end": 7,
          "url": "http://en.wikipedia.org/wiki/Jillian:_Namamasko_Po",
          "entity_id": "Q6193125"
        }
      ],
      [],
      [
        {
          "start": 0,
          "end": 11,
          "url": "http://en.wikipedia.org/wiki/GMA_Network",
          "entity_id": "Q399643"
        }
      ]
    ],
    [
      [],
      [
        {
          "start": 0,
          "end": 32,
          "url": "http://en.wikipedia.org/wiki/Puso_ng_Pasko:_Artista_Challenge",
          "entity_id": "Q7261899"
        }
      ],
      [],
      [
        {
          "start": 0,
          "end": 11,
          "url": "http://en.wikipedia.org/wiki/GMA_Network",
          "entity_id": "Q399643"
        }
      ]
    ],
    [
      [],
      [
        {
          "start": 0,
          "end": 4,
          "url": "http://en.wikipedia.org/wiki/Diva_(TV_series)",
          "entity_id": "Q5283781"
        }
      ],
      [],
      [
        {
          "start": 0,
          "end": 11,
          "url": "http://en.wikipedia.org/wiki/GMA_Network",
          "entity_id": "Q399643"
        }
      ]
    ],
    [
      [],
      [
        {
          "start": 0,
          "end": 15,
          "url": "http://en.wikipedia.org/wiki/Party_Pilipinas",
          "entity_id": "Q10975668"
        }
      ],
      [],
      [
        {
          "start": 0,
          "end": 11,
          "url": "http://en.wikipedia.org/wiki/GMA_Network",
          "entity_id": "Q399643"
        }
      ]
    ],
    [
      [],
      [
        {
          "start": 0,
          "end": 42,
          "url": "http://en.wikipedia.org/wiki/SRO_Cinemaserye",
          "entity_id": "Q7392847"
        }
      ],
      [],
      [
        {
          "start": 0,
          "end": 11,
          "url": "http://en.wikipedia.org/wiki/GMA_Network",
          "entity_id": "Q399643"
        }
      ]
    ],
    [
      [],
      [
        {
          "start": 0,
          "end": 18,
          "url": "http://en.wikipedia.org/wiki/Sana_Ngayong_Pasko",
          "entity_id": "Q7415431"
        }
      ],
      [],
      [
        {
          "start": 0,
          "end": 11,
          "url": "http://en.wikipedia.org/wiki/GMA_Network",
          "entity_id": "Q399643"
        }
      ]
    ],
    [
      [],
      [
        {
          "start": 0,
          "end": 16,
          "url": "http://en.wikipedia.org/wiki/George_and_Cecil",
          "entity_id": "Q5546656"
        }
      ],
      [],
      [
        {
          "start": 0,
          "end": 7,
          "url": "http://en.wikipedia.org/wiki/ABS-CBN",
          "entity_id": "Q2022113"
        }
      ]
    ],
    [
      [],
      [
        {
          "start": 0,
          "end": 20,
          "url": "http://en.wikipedia.org/wiki/Dear_Friend",
          "entity_id": "Q3585944"
        }
      ],
      [],
      [
        {
          "start": 0,
          "end": 11,
          "url": "http://en.wikipedia.org/wiki/GMA_Network",
          "entity_id": "Q399643"
        }
      ]
    ],
    [
      [],
      [
        {
          "start": 0,
          "end": 4,
          "url": "http://en.wikipedia.org/wiki/ASAP_(variety_show)",
          "entity_id": "Q4654049"
        }
      ],
      [],
      [
        {
          "start": 0,
          "end": 7,
          "url": "http://en.wikipedia.org/wiki/ABS-CBN",
          "entity_id": "Q2022113"
        }
      ]
    ],
    [
      [],
      [
        {
          "start": 0,
          "end": 30,
          "url": "http://en.wikipedia.org/wiki/Philippines_Scariest_Challenge",
          "entity_id": "Q7185416"
        }
      ],
      [],
      [
        {
          "start": 0,
          "end": 3,
          "url": "http://en.wikipedia.org/wiki/TV5_(Philippines)",
          "entity_id": null
        }
      ]
    ],
    [
      [],
      [
        {
          "start": 0,
          "end": 11,
          "url": "http://en.wikipedia.org/wiki/La_Vendetta_(TV_series)",
          "entity_id": "Q6465668"
        }
      ],
      [],
      [
        {
          "start": 0,
          "end": 11,
          "url": "http://en.wikipedia.org/wiki/GMA_Network",
          "entity_id": "Q399643"
        }
      ]
    ],
    [
      [],
      [
        {
          "start": 0,
          "end": 21,
          "url": "http://en.wikipedia.org/wiki/Mga_Mata_ni_Anghelita",
          "entity_id": "Q6826820"
        }
      ],
      [],
      [
        {
          "start": 0,
          "end": 11,
          "url": "http://en.wikipedia.org/wiki/GMA_Network",
          "entity_id": "Q399643"
        }
      ]
    ],
    [
      [],
      [
        {
          "start": 0,
          "end": 9,
          "url": "http://en.wikipedia.org/wiki/SOP_Rules",
          "entity_id": "Q3545783"
        }
      ],
      [],
      [
        {
          "start": 0,
          "end": 11,
          "url": "http://en.wikipedia.org/wiki/GMA_Network",
          "entity_id": "Q399643"
        }
      ]
    ],
    [
      [],
      [
        {
          "start": 0,
          "end": 8,
          "url": "http://en.wikipedia.org/wiki/Let%27s_Go_(Philippine_TV_series)",
          "entity_id": "Q6532394"
        }
      ],
      [],
      [
        {
          "start": 0,
          "end": 7,
          "url": "http://en.wikipedia.org/wiki/ABS-CBN",
          "entity_id": "Q2022113"
        }
      ]
    ],
    [
      [],
      [
        {
          "start": 0,
          "end": 21,
          "url": "http://en.wikipedia.org/wiki/Who%27s_Your_Daddy_Now%3F",
          "entity_id": "Q7997095"
        }
      ],
      [],
      [
        {
          "start": 0,
          "end": 11,
          "url": "http://en.wikipedia.org/wiki/GMA_Network",
          "entity_id": "Q399643"
        }
      ]
    ],
    [
      [],
      [
        {
          "start": 0,
          "end": 7,
          "url": "http://en.wikipedia.org/wiki/Candies_(TV_series)",
          "entity_id": "Q5031926"
        }
      ],
      [],
      [
        {
          "start": 0,
          "end": 11,
          "url": "http://en.wikipedia.org/wiki/GMA_Network",
          "entity_id": "Q399643"
        }
      ]
    ]
  ]
}