{"version":2,"table":{"version":"2","table_id":"A5JOWRYM","columns":[{"index":0,"name":"col0","values":["Galaxy Pexus","Hawei onor 20","Samsung\"Galaxy S4"]},{"index":1,"name":"col1","values":["136.584","155.484","138.37"]},{"index":2,"name":"col2","values":["544.608","403.59999999999997","1990000.0"]},{"index":3,"name":"col3","values":["0.991","7.92","1.984"]}]},"context":{"version":2,"page_title":null,"page_url":null,"page_entities":[],"content_hierarchy":[]},"links":[[[{"version":2,"start":0,"end":12,"url":null,"entities":[{"id":"Q49046","type":"wikidata"}]}],[],[],[]],[[{"version":2,"start":0,"end":13,"url":null,"entities":[{"id":"Q65042989","type":"wikidata"}]}],[],[],[]],[[{"version":2,"start":0,"end":17,"url":null,"entities":[{"id":"Q5812783","type":"wikidata"}]}],[],[],[]]]}