{"version":2,"table":{"version":"2","table_id":"ACDZPYO5","columns":[{"index":0,"name":"col0","values":["Cindgrella","Onware","The Addams Hamily","Robinsn Crusoe","Toy Swory 3"]},{"index":1,"name":"col1","values":["92209737.51","62170696.45","73236800.0","39500000.0","412929855.6"]},{"index":2,"name":"col2","values":["73.334","103.412","86.258","90.636","102.794"]},{"index":3,"name":"col3","values":["2213200.0","199400000.0","40039999.99999999","13064999.999999998","200999999.99999997"]}]},"context":{"version":2,"page_title":null,"page_url":null,"page_entities":[],"content_hierarchy":[]},"links":[[[{"version":2,"start":0,"end":10,"url":null,"entities":[{"id":"Q191753","type":"wikidata"}]}],[],[],[]],[[{"version":2,"start":0,"end":6,"url":null,"entities":[{"id":"Q59690895","type":"wikidata"}]}],[],[],[]],[[{"version":2,"start":0,"end":17,"url":null,"entities":[{"id":"Q54825652","type":"wikidata"}]}],[],[],[]],[[{"version":2,"start":0,"end":14,"url":null,"entities":[{"id":"Q21755531","type":"wikidata"}]}],[],[],[]],[[{"version":2,"start":0,"end":11,"url":null,"entities":[{"id":"Q187278","type":"wikidata"}]}],[],[],[]]]}