{"version":2,"table":{"version":"2","table_id":"AF1AQ7CH","columns":[{"index":0,"name":"col0","values":["Pont de la Concorde","Puente Romano","Ponte d'Augusto","Puente Nuevo","Ponte Milvio","Kingston Bridge"]},{"index":1,"name":"col1","values":["5","60","5","3","6","5"]}]},"context":{"version":2,"page_title":null,"page_url":null,"page_entities":[],"content_hierarchy":[]},"links":[[[{"version":2,"start":0,"end":19,"url":null,"entities":[{"id":"Q644398","type":"wikidata"}]}],[]],[[{"version":2,"start":0,"end":13,"url":null,"entities":[{"id":"Q588535","type":"wikidata"}]}],[]],[[{"version":2,"start":0,"end":15,"url":null,"entities":[{"id":"Q2063557","type":"wikidata"}]}],[]],[[{"version":2,"start":0,"end":12,"url":null,"entities":[{"id":"Q2004707","type":"wikidata"}]}],[]],[[{"version":2,"start":0,"end":12,"url":null,"entities":[{"id":"Q1127325","type":"wikidata"}]}],[]],[[{"version":2,"start":0,"end":15,"url":null,"entities":[{"id":"Q1742157","type":"wikidata"}]}],[]]]}