{"version":2,"table":{"version":"2","table_id":"AVYER0TW","columns":[{"index":0,"name":"col0","values":["Adjustment","Osmosis Jones","Arthur and the Minimoys"]},{"index":1,"name":"col1","values":["Ian Mackinnon","Marc Hyman","Luc Besson"]},{"index":2,"name":"col2","values":["2006-01-01","2001-01-01","2006-11-29"]}]},"context":{"version":2,"page_title":null,"page_url":null,"page_entities":[],"content_hierarchy":[]},"links":[[[{"version":2,"start":0,"end":10,"url":null,"entities":[{"id":"Q80571261","type":"wikidata"}]}],[{"version":2,"start":0,"end":13,"url":null,"entities":[{"id":"Q80570754","type":"wikidata"}]}],[]],[[{"version":2,"start":0,"end":13,"url":null,"entities":[{"id":"Q966690","type":"wikidata"}]}],[{"version":2,"start":0,"end":10,"url":null,"entities":[{"id":"Q6755636","type":"wikidata"}]}],[]],[[{"version":2,"start":0,"end":23,"url":null,"entities":[{"id":"Q550232","type":"wikidata"}]}],[{"version":2,"start":0,"end":10,"url":null,"entities":[{"id":"Q484779","type":"wikidata"}]}],[]]]}