{"version":2,"table":{"version":"2","table_id":"AWT7Z1GQ","columns":[{"index":0,"name":"col0","values":["UGC 1396","ESO 371-26","MCG+03-22-020"]},{"index":1,"name":"col1","values":["4936","2156","8222"]},{"index":2,"name":"col2","values":["10.918","8.637","11.039"]},{"index":3,"name":"col3","values":["28.9024167","133.6353788949055","129.5993333"]}]},"context":{"version":2,"page_title":null,"page_url":null,"page_entities":[],"content_hierarchy":[]},"links":[[[{"version":2,"start":0,"end":8,"url":null,"entities":[{"id":"Q60223177","type":"wikidata"}]}],[],[],[]],[[{"version":2,"start":0,"end":10,"url":null,"entities":[{"id":"Q60224992","type":"wikidata"}]}],[],[],[]],[[{"version":2,"start":0,"end":13,"url":null,"entities":[{"id":"Q60224933","type":"wikidata"}]}],[],[],[]]]}