{"version":2,"table":{"version":"2","table_id":"B6IJCX39","columns":[{"index":0,"name":"col0","values":["kryrton-79.","krpton-77.","krypto-76","kryton-75","krypton-4."]},{"index":1,"name":"col1","values":["681860.112456","659515.393768","656886.409328","642790.94085","637759.26012"]},{"index":2,"name":"col2","values":["35.110079999999996","74.77199999999999","14.755600000000001","4.320029999999999","11.603499999999999"]},{"index":3,"name":"col3","values":["0.502","2.525","0.0","2.4875","0.0"]}]},"context":{"version":2,"page_title":null,"page_url":null,"page_entities":[],"content_hierarchy":[]},"links":[[[{"version":2,"start":0,"end":11,"url":null,"entities":[{"id":"Q18845042","type":"wikidata"}]}],[],[],[]],[[{"version":2,"start":0,"end":10,"url":null,"entities":[{"id":"Q18845041","type":"wikidata"}]}],[],[],[]],[[{"version":2,"start":0,"end":9,"url":null,"entities":[{"id":"Q18845039","type":"wikidata"}]}],[],[],[]],[[{"version":2,"start":0,"end":9,"url":null,"entities":[{"id":"Q18845037","type":"wikidata"}]}],[],[],[]],[[{"version":2,"start":0,"end":10,"url":null,"entities":[{"id":"Q18845036","type":"wikidata"}]}],[],[],[]]]}