{"version":2,"table":{"version":"2","table_id":"B6QCSI0N","columns":[{"index":0,"name":"col0","values":["zirconium-104","zirconium-103","zirconium-102","zirconium-101","zirconium-100"]},{"index":1,"name":"col1","values":["0","2.5","0","1.5","0"]},{"index":2,"name":"col2","values":["0.87","1.32","2.9","2.3","7.1"]}]},"context":{"version":2,"page_title":null,"page_url":null,"page_entities":[],"content_hierarchy":[]},"links":[[[{"version":2,"start":0,"end":13,"url":null,"entities":[{"id":"Q18845343","type":"wikidata"}]}],[],[]],[[{"version":2,"start":0,"end":13,"url":null,"entities":[{"id":"Q18845342","type":"wikidata"}]}],[],[]],[[{"version":2,"start":0,"end":13,"url":null,"entities":[{"id":"Q18845341","type":"wikidata"}]}],[],[]],[[{"version":2,"start":0,"end":13,"url":null,"entities":[{"id":"Q18845340","type":"wikidata"}]}],[],[]],[[{"version":2,"start":0,"end":13,"url":null,"entities":[{"id":"Q18845339","type":"wikidata"}]}],[],[]]]}