{"version":2,"table":{"version":"2","table_id":"BBNHU4AD","columns":[{"index":0,"name":"col0","values":["Cabo Sardão Lighthouse","Arnel Point Lighthouse","Ponta da Barca Lighthouse","Aveiro Lighthouse","Santa Marta Lighthouse"]},{"index":1,"name":"col1","values":["68","66","71","66","25"]},{"index":2,"name":"col2","values":["23","19","20","23","14"]}]},"context":{"version":2,"page_title":null,"page_url":null,"page_entities":[],"content_hierarchy":[]},"links":[[[{"version":2,"start":0,"end":22,"url":null,"entities":[{"id":"Q10280184","type":"wikidata"}]}],[],[]],[[{"version":2,"start":0,"end":22,"url":null,"entities":[{"id":"Q10280132","type":"wikidata"}]}],[],[]],[[{"version":2,"start":0,"end":25,"url":null,"entities":[{"id":"Q6546363","type":"wikidata"}]}],[],[]],[[{"version":2,"start":0,"end":17,"url":null,"entities":[{"id":"Q3134299","type":"wikidata"}]}],[],[]],[[{"version":2,"start":0,"end":22,"url":null,"entities":[{"id":"Q10280171","type":"wikidata"}]}],[],[]]]}