{"version":2,"table":{"version":"2","table_id":"C5LSWLZH","columns":[{"index":0,"name":"col0","values":["South Okanagan—West Kooteay","Miraben.","ed Dehr—Mountain View"]},{"index":1,"name":"col1","values":["111423.424","103950.144","110460.621"]}]},"context":{"version":2,"page_title":null,"page_url":null,"page_entities":[],"content_hierarchy":[]},"links":[[[{"version":2,"start":0,"end":27,"url":null,"entities":[{"id":"Q16999989","type":"wikidata"}]}],[]],[[{"version":2,"start":0,"end":8,"url":null,"entities":[{"id":"Q16999883","type":"wikidata"}]}],[]],[[{"version":2,"start":0,"end":21,"url":null,"entities":[{"id":"Q16999879","type":"wikidata"}]}],[]]]}