{"version":2,"table":{"version":"2","table_id":"C5YQRBDQ","columns":[{"index":0,"name":"col0","values":["State Highwby 57","Stdte Highway 57","tate!Highway 53","State Highay 50","Stbt Highway 49","Stae Highway 48","tat Highway 45"]},{"index":1,"name":"col1","values":["29.202999999999996","169.78910000000002","15.4845","31.546514999999996","7.253175000000001","55.540800000000004","61.61"]}]},"context":{"version":2,"page_title":null,"page_url":null,"page_entities":[],"content_hierarchy":[]},"links":[[[{"version":2,"start":0,"end":16,"url":null,"entities":[{"id":"Q7603320","type":"wikidata"}]}],[]],[[{"version":2,"start":0,"end":16,"url":null,"entities":[{"id":"Q7603319","type":"wikidata"}]}],[]],[[{"version":2,"start":0,"end":15,"url":null,"entities":[{"id":"Q7603314","type":"wikidata"}]}],[]],[[{"version":2,"start":0,"end":15,"url":null,"entities":[{"id":"Q7603311","type":"wikidata"}]}],[]],[[{"version":2,"start":0,"end":15,"url":null,"entities":[{"id":"Q7603310","type":"wikidata"}]}],[]],[[{"version":2,"start":0,"end":15,"url":null,"entities":[{"id":"Q7603309","type":"wikidata"}]}],[]],[[{"version":2,"start":0,"end":14,"url":null,"entities":[{"id":"Q7603306","type":"wikidata"}]}],[]]]}