{"version":2,"table":{"version":"2","table_id":"CNZOKL0H","columns":[{"index":0,"name":"col0","values":["Araz Supermarket","Chisholm Hunter","Verizon"]},{"index":1,"name":"col1","values":["6000","268","87000"]}]},"context":{"version":2,"page_title":null,"page_url":null,"page_entities":[],"content_hierarchy":[]},"links":[[[{"version":2,"start":0,"end":16,"url":null,"entities":[{"id":"Q97224746","type":"wikidata"}]}],[]],[[{"version":2,"start":0,"end":15,"url":null,"entities":[{"id":"Q66662001","type":"wikidata"}]}],[]],[[{"version":2,"start":0,"end":7,"url":null,"entities":[{"id":"Q919641","type":"wikidata"}]}],[]]]}