{"version":2,"table":{"version":"2","table_id":"CTTKIHCS","columns":[{"index":0,"name":"col0","values":["C. Nolan","S. Pasanen","A. Kumar"]},{"index":1,"name":"col1","values":["Christopher Nolan filmography","Spede Pasanen filmography","Ashok Kumar filmography"]},{"index":2,"name":"col2","values":["Kim Hartman","Veijo Pasanen","Shomu Mukherjee"]}]},"context":{"version":2,"page_title":null,"page_url":null,"page_entities":[],"content_hierarchy":[]},"links":[[[{"version":2,"start":0,"end":8,"url":null,"entities":[{"id":"Q25191","type":"wikidata"}]}],[{"version":2,"start":0,"end":29,"url":null,"entities":[{"id":"Q20429987","type":"wikidata"}]}],[{"version":2,"start":0,"end":11,"url":null,"entities":[{"id":"Q732010","type":"wikidata"}]}]],[[{"version":2,"start":0,"end":10,"url":null,"entities":[{"id":"Q3735273","type":"wikidata"}]}],[{"version":2,"start":0,"end":25,"url":null,"entities":[{"id":"Q11894295","type":"wikidata"}]}],[{"version":2,"start":0,"end":13,"url":null,"entities":[{"id":"Q7918640","type":"wikidata"}]}]],[[{"version":2,"start":0,"end":8,"url":null,"entities":[{"id":"Q3899724","type":"wikidata"}]}],[{"version":2,"start":0,"end":23,"url":null,"entities":[{"id":"Q24904699","type":"wikidata"}]}],[{"version":2,"start":0,"end":15,"url":null,"entities":[{"id":"Q1569097","type":"wikidata"}]}]]]}