{"version":2,"table":{"version":"2","table_id":"CW8WTRS7","columns":[{"index":0,"name":"col0","values":["Andechs","Junger Pionier","Elbe Princesse"]},{"index":1,"name":"col1","values":["34","56.03","95.37"]},{"index":2,"name":"col2","values":["400","640","80"]}]},"context":{"version":2,"page_title":null,"page_url":null,"page_entities":[],"content_hierarchy":[]},"links":[[[{"version":2,"start":0,"end":7,"url":null,"entities":[{"id":"Q27902728","type":"wikidata"}]}],[],[]],[[{"version":2,"start":0,"end":14,"url":null,"entities":[{"id":"Q25392909","type":"wikidata"}]}],[],[]],[[{"version":2,"start":0,"end":14,"url":null,"entities":[{"id":"Q24761905","type":"wikidata"}]}],[],[]]]}