{"version":2,"table":{"version":"2","table_id":"D0Y16ZHR","columns":[{"index":0,"name":"col0","values":["V* AQ Eri","V* WX Hyi","V* DH Aql","OGLE MC-DN-7","OGLE BLG-DN-841"]},{"index":1,"name":"col1","values":["-24.885","12.483","-16.698","0.845","-8.746"]}]},"context":{"version":2,"page_title":null,"page_url":null,"page_entities":[],"content_hierarchy":[]},"links":[[[{"version":2,"start":0,"end":9,"url":null,"entities":[{"id":"Q89873225","type":"wikidata"}]}],[]],[[{"version":2,"start":0,"end":9,"url":null,"entities":[{"id":"Q89715961","type":"wikidata"}]}],[]],[[{"version":2,"start":0,"end":9,"url":null,"entities":[{"id":"Q89495704","type":"wikidata"}]}],[]],[[{"version":2,"start":0,"end":12,"url":null,"entities":[{"id":"Q89395803","type":"wikidata"}]}],[]],[[{"version":2,"start":0,"end":15,"url":null,"entities":[{"id":"Q89395783","type":"wikidata"}]}],[]]]}