{"version":2,"table":{"version":"2","table_id":"DJDKUDW3","columns":[{"index":0,"name":"col0","values":["Rural Architecture Museum of Sanok","Muséoparc d'Alésia","Ulster American Folk Park","Black Forest Open Air Museum","Middelheim Museum","Luostarinmäki museum quarter","St Fagans National Museum of History"]},{"index":1,"name":"col1","values":["80000","4837","165000","250000","200000","44184","610155"]}]},"context":{"version":2,"page_title":null,"page_url":null,"page_entities":[],"content_hierarchy":[]},"links":[[[{"version":2,"start":0,"end":34,"url":null,"entities":[{"id":"Q773526","type":"wikidata"}]}],[]],[[{"version":2,"start":0,"end":18,"url":null,"entities":[{"id":"Q3330857","type":"wikidata"}]}],[]],[[{"version":2,"start":0,"end":25,"url":null,"entities":[{"id":"Q3133615","type":"wikidata"}]}],[]],[[{"version":2,"start":0,"end":28,"url":null,"entities":[{"id":"Q2254559","type":"wikidata"}]}],[]],[[{"version":2,"start":0,"end":17,"url":null,"entities":[{"id":"Q2098074","type":"wikidata"}]}],[]],[[{"version":2,"start":0,"end":28,"url":null,"entities":[{"id":"Q1979979","type":"wikidata"}]}],[]],[[{"version":2,"start":0,"end":36,"url":null,"entities":[{"id":"Q1954765","type":"wikidata"}]}],[]]]}