{"version":2,"table":{"version":"2","table_id":"DK37N36P","columns":[{"index":0,"name":"col0","values":["Aino Ackté","Alexander Melnikov","Jostein Gaarder"]},{"index":1,"name":"col1","values":["western classical music","western classical music","poetry"]},{"index":2,"name":"col2","values":["Emmy Achté","Valentina Chemberdzhi","Inger Margrethe Gaarder"]},{"index":3,"name":"col3","values":["Finnish Music Hall of Fame","Merited Artist of the Russian Federation","Norwegian Booksellers' Prize"]}]},"context":{"version":2,"page_title":null,"page_url":null,"page_entities":[],"content_hierarchy":[]},"links":[[[{"version":2,"start":0,"end":10,"url":null,"entities":[{"id":"Q259161","type":"wikidata"}]}],[{"version":2,"start":0,"end":23,"url":null,"entities":[{"id":"Q9730","type":"wikidata"}]}],[{"version":2,"start":0,"end":10,"url":null,"entities":[{"id":"Q4933685","type":"wikidata"}]}],[{"version":2,"start":0,"end":26,"url":null,"entities":[{"id":"Q74044461","type":"wikidata"}]}]],[[{"version":2,"start":0,"end":18,"url":null,"entities":[{"id":"Q548431","type":"wikidata"}]}],[{"version":2,"start":0,"end":23,"url":null,"entities":[{"id":"Q9730","type":"wikidata"}]}],[{"version":2,"start":0,"end":21,"url":null,"entities":[{"id":"Q4508760","type":"wikidata"}]}],[{"version":2,"start":0,"end":40,"url":null,"entities":[{"id":"Q458903","type":"wikidata"}]}]],[[{"version":2,"start":0,"end":15,"url":null,"entities":[{"id":"Q185548","type":"wikidata"}]}],[{"version":2,"start":0,"end":6,"url":null,"entities":[{"id":"Q482","type":"wikidata"}]}],[{"version":2,"start":0,"end":23,"url":null,"entities":[{"id":"Q4586965","type":"wikidata"}]}],[{"version":2,"start":0,"end":28,"url":null,"entities":[{"id":"Q1769872","type":"wikidata"}]}]]]}