{"version":2,"table":{"version":"2","table_id":"DURYTY4V","columns":[{"index":0,"name":"col0","values":["British Columbia Highway 3","British Columbia Highway 93","Ontario Highway 11","Ontario Highway 401","Main Eastern Highway","Main Central Road"]},{"index":1,"name":"col1","values":["British Columbia Ministry of Transportation and Infrastructure","British Columbia Ministry of Transportation and Infrastructure","Ministry of Transportation of Ontario","Ministry of Transportation of Ontario","Kerala Public Works Department","Kerala Public Works Department"]}]},"context":{"version":2,"page_title":null,"page_url":null,"page_entities":[],"content_hierarchy":[]},"links":[[[{"version":2,"start":0,"end":26,"url":null,"entities":[{"id":"Q918953","type":"wikidata"}]}],[{"version":2,"start":0,"end":62,"url":null,"entities":[{"id":"Q4969732","type":"wikidata"}]}]],[[{"version":2,"start":0,"end":27,"url":null,"entities":[{"id":"Q766660","type":"wikidata"}]}],[{"version":2,"start":0,"end":62,"url":null,"entities":[{"id":"Q4969732","type":"wikidata"}]}]],[[{"version":2,"start":0,"end":18,"url":null,"entities":[{"id":"Q993404","type":"wikidata"}]}],[{"version":2,"start":0,"end":37,"url":null,"entities":[{"id":"Q3315416","type":"wikidata"}]}]],[[{"version":2,"start":0,"end":19,"url":null,"entities":[{"id":"Q449996","type":"wikidata"}]}],[{"version":2,"start":0,"end":37,"url":null,"entities":[{"id":"Q3315416","type":"wikidata"}]}]],[[{"version":2,"start":0,"end":20,"url":null,"entities":[{"id":"Q6735972","type":"wikidata"}]}],[{"version":2,"start":0,"end":30,"url":null,"entities":[{"id":"Q17064597","type":"wikidata"}]}]],[[{"version":2,"start":0,"end":17,"url":null,"entities":[{"id":"Q6735950","type":"wikidata"}]}],[{"version":2,"start":0,"end":30,"url":null,"entities":[{"id":"Q17064597","type":"wikidata"}]}]]]}