{"version":2,"table":{"version":"2","table_id":"E4CXOCHD","columns":[{"index":0,"name":"col0","values":["Heveskesklooster","Wierde van Weiwerd","Oldenklooster"]},{"index":1,"name":"col1","values":["Rijksmonument","Rijksmonument","Rijksmonument"]}]},"context":{"version":2,"page_title":null,"page_url":null,"page_entities":[],"content_hierarchy":[]},"links":[[[{"version":2,"start":0,"end":16,"url":null,"entities":[{"id":"Q17453549","type":"wikidata"}]}],[{"version":2,"start":0,"end":13,"url":null,"entities":[{"id":"Q916333","type":"wikidata"}]}]],[[{"version":2,"start":0,"end":18,"url":null,"entities":[{"id":"Q17453543","type":"wikidata"}]}],[{"version":2,"start":0,"end":13,"url":null,"entities":[{"id":"Q916333","type":"wikidata"}]}]],[[{"version":2,"start":0,"end":13,"url":null,"entities":[{"id":"Q2454252","type":"wikidata"}]}],[{"version":2,"start":0,"end":13,"url":null,"entities":[{"id":"Q916333","type":"wikidata"}]}]]]}