{"version":2,"table":{"version":"2","table_id":"EIT9U2E3","columns":[{"index":0,"name":"col0","values":["OGLE BLG-DN-676","OGLE BLG-DN-652","OGLE BLG-DN-550","OGLE BLG-DN-493","CRTS J214738.4+244554","OGLE MC-DN-26"]},{"index":1,"name":"col1","values":["-11.225","-2.062","0.473","-0.119","-0.073","0.138"]}]},"context":{"version":2,"page_title":null,"page_url":null,"page_entities":[],"content_hierarchy":[]},"links":[[[{"version":2,"start":0,"end":15,"url":null,"entities":[{"id":"Q89960960","type":"wikidata"}]}],[]],[[{"version":2,"start":0,"end":15,"url":null,"entities":[{"id":"Q89960922","type":"wikidata"}]}],[]],[[{"version":2,"start":0,"end":15,"url":null,"entities":[{"id":"Q89960706","type":"wikidata"}]}],[]],[[{"version":2,"start":0,"end":15,"url":null,"entities":[{"id":"Q89960701","type":"wikidata"}]}],[]],[[{"version":2,"start":0,"end":21,"url":null,"entities":[{"id":"Q89894041","type":"wikidata"}]}],[]],[[{"version":2,"start":0,"end":13,"url":null,"entities":[{"id":"Q89395684","type":"wikidata"}]}],[]]]}