[{"version":1,"nodes":[{"col_index":0,"label":"col0","id":0},{"col_index":1,"label":"col1","id":1},{"col_index":2,"label":"col2","id":2},{"abs_uri":"http://www.wikidata.org/entity/Q56436498","rel_uri":"wd:Q56436498","approximation":false,"readable_label":"village in India (Q56436498)","id":3}],"edges":[{"source":3,"target":0,"abs_uri":"http://www.w3.org/2000/01/rdf-schema#label","rel_uri":"rdfs:label","approximation":false,"readable_label":"rdfs:label","id":0},{"source":3,"target":1,"abs_uri":"http://www.wikidata.org/prop/P1540","rel_uri":"p:P1540","approximation":false,"readable_label":"male population (P1540)","id":1},{"source":3,"target":2,"abs_uri":"http://www.wikidata.org/prop/P1539","rel_uri":"p:P1539","approximation":false,"readable_label":"female population (P1539)","id":2}]}]