[{"version":1,"nodes":[{"col_index":0,"label":"col0","id":0},{"col_index":1,"label":"col1","id":1},{"col_index":2,"label":"col2","id":2},{"abs_uri":"http://www.wikidata.org/entity/Q7870","rel_uri":"wd:Q7870","approximation":false,"readable_label":"Australian Grand Prix (Q7870)","id":3},{"abs_uri":"http://www.wikidata.org/entity/Q27020041","rel_uri":"wd:Q27020041","approximation":false,"readable_label":"sports season (Q27020041)","id":4}],"edges":[{"source":3,"target":0,"abs_uri":"http://www.w3.org/2000/01/rdf-schema#label","rel_uri":"rdfs:label","approximation":false,"readable_label":"rdfs:label","id":0},{"source":4,"target":1,"abs_uri":"http://www.w3.org/2000/01/rdf-schema#label","rel_uri":"rdfs:label","approximation":false,"readable_label":"rdfs:label","id":1},{"source":3,"target":4,"abs_uri":"http://www.wikidata.org/prop/P361","rel_uri":"p:P361","approximation":false,"readable_label":"part of (P361)","id":2},{"source":3,"target":2,"abs_uri":"http://www.wikidata.org/prop/P585","rel_uri":"p:P585","approximation":false,"readable_label":"point in time (P585)","id":3}]}]