[{"version":1,"nodes":[{"col_index":0,"label":"col0","id":0},{"col_index":1,"label":"col1","id":1},{"col_index":2,"label":"col2","id":2},{"col_index":3,"label":"col3","id":3},{"abs_uri":"http://www.wikidata.org/entity/Q43639983","rel_uri":"wd:Q43639983","approximation":false,"readable_label":"political party in Croatia (Q43639983)","id":4},{"abs_uri":"http://www.wikidata.org/entity/Q15105893","rel_uri":"wd:Q15105893","approximation":false,"readable_label":"town in Croatia (Q15105893)","id":5}],"edges":[{"source":4,"target":0,"abs_uri":"http://www.w3.org/2000/01/rdf-schema#label","rel_uri":"rdfs:label","approximation":false,"readable_label":"rdfs:label","id":0},{"source":5,"target":3,"abs_uri":"http://www.w3.org/2000/01/rdf-schema#label","rel_uri":"rdfs:label","approximation":false,"readable_label":"rdfs:label","id":1},{"source":4,"target":2,"abs_uri":"http://www.wikidata.org/prop/P1387","rel_uri":"p:P1387","approximation":false,"readable_label":"political alignment (P1387)","id":2},{"source":4,"target":5,"abs_uri":"http://www.wikidata.org/prop/P159","rel_uri":"p:P159","approximation":false,"readable_label":"headquarters location (P159)","id":3},{"source":4,"target":1,"abs_uri":"http://www.wikidata.org/prop/P571","rel_uri":"p:P571","approximation":false,"readable_label":"inception (P571)","id":4}]}]