[{"version":1,"nodes":[{"col_index":0,"label":"col0","id":0},{"col_index":1,"label":"col1","id":1},{"col_index":2,"label":"col2","id":2},{"abs_uri":"http://www.wikidata.org/entity/Q1500350","rel_uri":"wd:Q1500350","approximation":false,"readable_label":"township of the People's Republic of China (Q1500350)","id":3}],"edges":[{"source":3,"target":0,"abs_uri":"http://www.w3.org/2000/01/rdf-schema#label","rel_uri":"rdfs:label","approximation":false,"readable_label":"rdfs:label","id":0},{"source":3,"target":1,"abs_uri":"http://www.wikidata.org/prop/P1082","rel_uri":"p:P1082","approximation":false,"readable_label":"population (P1082)","id":1},{"source":3,"target":2,"abs_uri":"http://www.wikidata.org/prop/P2044","rel_uri":"p:P2044","approximation":false,"readable_label":"elevation above sea level (P2044)","id":2}]}]