[{"version":1,"nodes":[{"col_index":0,"label":"col0","id":0},{"col_index":1,"label":"col1","id":1},{"col_index":2,"label":"col2","id":2},{"col_index":3,"label":"col3","id":3},{"col_index":4,"label":"col4","id":4},{"abs_uri":"http://www.wikidata.org/entity/Q697196","rel_uri":"wd:Q697196","approximation":false,"readable_label":"ocean liner (Q697196)","id":5}],"edges":[{"source":5,"target":0,"abs_uri":"http://www.w3.org/2000/01/rdf-schema#label","rel_uri":"rdfs:label","approximation":false,"readable_label":"rdfs:label","id":0},{"source":5,"target":1,"abs_uri":"http://www.wikidata.org/prop/P2052","rel_uri":"p:P2052","approximation":false,"readable_label":"speed (P2052)","id":1},{"source":5,"target":2,"abs_uri":"http://www.wikidata.org/prop/P2043","rel_uri":"p:P2043","approximation":false,"readable_label":"length (P2043)","id":2},{"source":5,"target":3,"abs_uri":"http://www.wikidata.org/prop/P2262","rel_uri":"p:P2262","approximation":false,"readable_label":"draft (P2262)","id":3},{"source":5,"target":4,"abs_uri":"http://www.wikidata.org/prop/P2261","rel_uri":"p:P2261","approximation":false,"readable_label":"beam (P2261)","id":4}]}]