[{"version":1,"nodes":[{"col_index":0,"label":"col0","id":0},{"col_index":1,"label":"col1","id":1},{"col_index":2,"label":"col2","id":2},{"abs_uri":"http://www.wikidata.org/entity/Q215380","rel_uri":"wd:Q215380","approximation":false,"readable_label":"musical group (Q215380)","id":3}],"edges":[{"source":3,"target":0,"abs_uri":"http://www.w3.org/2000/01/rdf-schema#label","rel_uri":"rdfs:label","approximation":false,"readable_label":"rdfs:label","id":0},{"source":3,"target":2,"abs_uri":"http://www.wikidata.org/prop/P1889","rel_uri":"p:P1889","approximation":false,"readable_label":"different from (P1889)","id":1},{"source":3,"target":1,"abs_uri":"http://www.wikidata.org/prop/P576","rel_uri":"p:P576","approximation":false,"readable_label":"dissolved, abolished or demolished date (P576)","id":2}]}]