[{"version":1,"nodes":[{"col_index":0,"label":"col0","id":0},{"col_index":1,"label":"col1","id":1},{"col_index":2,"label":"col2","id":2},{"col_index":3,"label":"col3","id":3},{"abs_uri":"http://www.wikidata.org/entity/Q1162835","rel_uri":"wd:Q1162835","approximation":false,"readable_label":"district of Hungary (Q1162835)","id":4},{"abs_uri":"http://www.wikidata.org/entity/Q13218690","rel_uri":"wd:Q13218690","approximation":false,"readable_label":"town in Hungary (Q13218690)","id":5},{"abs_uri":"http://www.wikidata.org/entity/Q188604","rel_uri":"wd:Q188604","approximation":false,"readable_label":"county of Hungary (Q188604)","id":6}],"edges":[{"source":4,"target":0,"abs_uri":"http://www.w3.org/2000/01/rdf-schema#label","rel_uri":"rdfs:label","approximation":false,"readable_label":"rdfs:label","id":0},{"source":5,"target":1,"abs_uri":"http://www.w3.org/2000/01/rdf-schema#label","rel_uri":"rdfs:label","approximation":false,"readable_label":"rdfs:label","id":1},{"source":6,"target":3,"abs_uri":"http://www.w3.org/2000/01/rdf-schema#label","rel_uri":"rdfs:label","approximation":false,"readable_label":"rdfs:label","id":2},{"source":4,"target":5,"abs_uri":"http://www.wikidata.org/prop/P36","rel_uri":"p:P36","approximation":false,"readable_label":"capital (P36)","id":3},{"source":4,"target":6,"abs_uri":"http://www.wikidata.org/prop/P131","rel_uri":"p:P131","approximation":false,"readable_label":"located in the administrative territorial entity (P131)","id":4},{"source":4,"target":2,"abs_uri":"http://www.wikidata.org/prop/P1082","rel_uri":"p:P1082","approximation":false,"readable_label":"population (P1082)","id":5}]}]