[{"version":1,"nodes":[{"col_index":0,"label":"col0","id":0},{"col_index":1,"label":"col1","id":1},{"col_index":2,"label":"col2","id":2},{"abs_uri":"http://www.wikidata.org/entity/Q1035830","rel_uri":"wd:Q1035830","approximation":false,"readable_label":"Carebaco Badminton Championships (Q1035830)","id":3},{"abs_uri":"http://www.wikidata.org/entity/Q22936940","rel_uri":"wd:Q22936940","approximation":false,"readable_label":"competition class (Q22936940)","id":4}],"edges":[{"source":3,"target":0,"abs_uri":"http://www.w3.org/2000/01/rdf-schema#label","rel_uri":"rdfs:label","approximation":false,"readable_label":"rdfs:label","id":0},{"source":4,"target":2,"abs_uri":"http://www.w3.org/2000/01/rdf-schema#label","rel_uri":"rdfs:label","approximation":false,"readable_label":"rdfs:label","id":1},{"source":3,"target":1,"abs_uri":"http://www.wikidata.org/prop/P156","rel_uri":"p:P156","approximation":false,"readable_label":"followed by (P156)","id":2},{"source":3,"target":4,"abs_uri":"http://www.wikidata.org/prop/P2094","rel_uri":"p:P2094","approximation":false,"readable_label":"competition class (P2094)","id":3}]}]