[{"version":1,"nodes":[{"col_index":0,"label":"col0","id":0},{"col_index":1,"label":"col1","id":1},{"col_index":2,"label":"col2","id":2},{"abs_uri":"http://www.wikidata.org/entity/Q11670533","rel_uri":"wd:Q11670533","approximation":false,"readable_label":"elevated station (Q11670533)","id":3}],"edges":[{"source":3,"target":0,"abs_uri":"http://www.w3.org/2000/01/rdf-schema#label","rel_uri":"rdfs:label","approximation":false,"readable_label":"rdfs:label","id":0},{"source":3,"target":1,"abs_uri":"http://www.wikidata.org/prop/P1373","rel_uri":"p:P1373","approximation":false,"readable_label":"daily patronage (P1373)","id":1},{"source":3,"target":2,"abs_uri":"http://www.wikidata.org/prop/P1103","rel_uri":"p:P1103","approximation":false,"readable_label":"number of platform tracks (P1103)","id":2}]}]