[{"version":1,"nodes":[{"col_index":0,"label":"col0","id":0},{"col_index":1,"label":"col1","id":1},{"col_index":2,"label":"col2","id":2},{"abs_uri":"http://www.wikidata.org/entity/Q11221827","rel_uri":"wd:Q11221827","approximation":false,"readable_label":"ministry of Spain (Q11221827)","id":3},{"abs_uri":"http://www.wikidata.org/entity/Q11221827","rel_uri":"wd:Q11221827","approximation":false,"readable_label":"ministry of Spain (Q11221827)","id":4},{"abs_uri":"http://www.wikidata.org/entity/Q3624078","rel_uri":"wd:Q3624078","approximation":false,"readable_label":"sovereign state (Q3624078)","id":5}],"edges":[{"source":3,"target":0,"abs_uri":"http://www.w3.org/2000/01/rdf-schema#label","rel_uri":"rdfs:label","approximation":false,"readable_label":"rdfs:label","id":0},{"source":4,"target":1,"abs_uri":"http://www.w3.org/2000/01/rdf-schema#label","rel_uri":"rdfs:label","approximation":false,"readable_label":"rdfs:label","id":1},{"source":5,"target":2,"abs_uri":"http://www.w3.org/2000/01/rdf-schema#label","rel_uri":"rdfs:label","approximation":false,"readable_label":"rdfs:label","id":2},{"source":3,"target":4,"abs_uri":"http://www.wikidata.org/prop/P1365","rel_uri":"p:P1365","approximation":false,"readable_label":"replaces (P1365)","id":3},{"source":3,"target":5,"abs_uri":"http://www.wikidata.org/prop/P17","rel_uri":"p:P17","approximation":false,"readable_label":"country (P17)","id":4}]}]