[{"version":1,"nodes":[{"col_index":0,"label":"col0","id":0},{"col_index":1,"label":"col1","id":1},{"col_index":2,"label":"col2","id":2},{"col_index":3,"label":"col3","id":3},{"abs_uri":"http://www.wikidata.org/entity/Q60030240","rel_uri":"wd:Q60030240","approximation":false,"readable_label":"compilation soundtrack album (Q60030240)","id":4},{"abs_uri":"http://www.wikidata.org/entity/Q18127","rel_uri":"wd:Q18127","approximation":false,"readable_label":"record label (Q18127)","id":5}],"edges":[{"source":4,"target":0,"abs_uri":"http://www.w3.org/2000/01/rdf-schema#label","rel_uri":"rdfs:label","approximation":false,"readable_label":"rdfs:label","id":0},{"source":5,"target":1,"abs_uri":"http://www.w3.org/2000/01/rdf-schema#label","rel_uri":"rdfs:label","approximation":false,"readable_label":"rdfs:label","id":1},{"source":4,"target":5,"abs_uri":"http://www.wikidata.org/prop/P264","rel_uri":"p:P264","approximation":false,"readable_label":"record label (P264)","id":2},{"source":4,"target":3,"abs_uri":"http://www.wikidata.org/prop/P175","rel_uri":"p:P175","approximation":false,"readable_label":"performer (P175)","id":3},{"source":4,"target":2,"abs_uri":"http://www.wikidata.org/prop/P1476","rel_uri":"p:P1476","approximation":false,"readable_label":"title (P1476)","id":4}]}]