[
  {
    "version": 1,
    "nodes": [
      {
        "id": "c-2",
        "abs_uri": "http://www.wikidata.org/entity/Q11424",
        "rel_uri": "wd:Q11424",
        "approximation": false,
        "readable_label": null
      },
      {
        "id": "d:c-2",
        "col_index": 2,
        "label": "Film"
      },
      {
        "id": "c-1",
        "abs_uri": "http://www.wikidata.org/entity/Q5",
        "rel_uri": "wd:Q5",
        "approximation": false,
        "readable_label": null
      },
      {
        "id": "d:c-1",
        "col_index": 1,
        "label": "Director"
      },
      {
        "id": "c-0",
        "abs_uri": "http://www.wikidata.org/entity/Q4504495",
        "rel_uri": "wd:Q4504495",
        "approximation": false,
        "readable_label": null
      },
      {
        "id": "d:c-0",
        "col_index": 0,
        "label": "Year"
      }
    ],
    "edges": [
      {
        "source": "c-2",
        "target": "d:c-2",
        "abs_uri": "http://www.w3.org/2000/01/rdf-schema#label",
        "rel_uri": "rdfs:label",
        "approximation": false,
        "readable_label": null,
        "id": 1
      },
      {
        "source": "c-2",
        "target": "c-1",
        "abs_uri": "http://www.wikidata.org/prop/P57",
        "rel_uri": "p:P57",
        "approximation": false,
        "readable_label": null,
        "id": 2
      },
      {
        "source": "c-1",
        "target": "d:c-1",
        "abs_uri": "http://www.w3.org/2000/01/rdf-schema#label",
        "rel_uri": "rdfs:label",
        "approximation": false,
        "readable_label": null,
        "id": 3
      },
      {
        "source": "c-0",
        "target": "d:c-0",
        "abs_uri": "http://www.w3.org/2000/01/rdf-schema#label",
        "rel_uri": "rdfs:label",
        "approximation": false,
        "readable_label": null,
        "id": 4
      }
    ]
  }
]