[{"version":1,"nodes":[{"col_index":0,"label":"col0","id":0},{"col_index":1,"label":"col1","id":1},{"col_index":2,"label":"col2","id":2},{"col_index":3,"label":"col3","id":3},{"col_index":4,"label":"col4","id":4},{"abs_uri":"http://www.wikidata.org/entity/Q67201586","rel_uri":"wd:Q67201586","approximation":false,"readable_label":"HI (21cm) source (Q67201586)","id":5},{"abs_uri":"http://www.wikidata.org/entity/Q5","rel_uri":"wd:Q5","approximation":false,"readable_label":"human (Q5)","id":6}],"edges":[{"source":5,"target":0,"abs_uri":"http://www.w3.org/2000/01/rdf-schema#label","rel_uri":"rdfs:label","approximation":false,"readable_label":"rdfs:label","id":0},{"source":6,"target":4,"abs_uri":"http://www.w3.org/2000/01/rdf-schema#label","rel_uri":"rdfs:label","approximation":false,"readable_label":"rdfs:label","id":1},{"source":5,"target":2,"abs_uri":"http://www.wikidata.org/prop/P361","rel_uri":"p:P361","approximation":false,"readable_label":"part of (P361)","id":2},{"source":5,"target":6,"abs_uri":"http://www.wikidata.org/prop/P61","rel_uri":"p:P61","approximation":false,"readable_label":"discoverer or inventor (P61)","id":3},{"source":5,"target":1,"abs_uri":"http://www.wikidata.org/prop/P1090","rel_uri":"p:P1090","approximation":false,"readable_label":"redshift (P1090)","id":4},{"source":5,"target":3,"abs_uri":"http://www.wikidata.org/prop/P575","rel_uri":"p:P575","approximation":false,"readable_label":"time of discovery or invention (P575)","id":5}]}]