[{"version":1,"nodes":[{"col_index":0,"label":"col0","id":0},{"col_index":1,"label":"col1","id":1},{"col_index":2,"label":"col2","id":2},{"abs_uri":"http://www.wikidata.org/entity/Q1149652","rel_uri":"wd:Q1149652","approximation":false,"readable_label":"district of India (Q1149652)","id":3}],"edges":[{"source":3,"target":0,"abs_uri":"http://www.w3.org/2000/01/rdf-schema#label","rel_uri":"rdfs:label","approximation":false,"readable_label":"rdfs:label","id":0},{"source":3,"target":1,"abs_uri":"http://www.wikidata.org/prop/P2044","rel_uri":"p:P2044","approximation":false,"readable_label":"elevation above sea level (P2044)","id":1},{"source":3,"target":2,"abs_uri":"http://www.wikidata.org/prop/P6344","rel_uri":"p:P6344","approximation":false,"readable_label":"rural population (P6344)","id":2}]}]