[{"version":1,"nodes":[{"col_index":0,"label":"col0","id":0},{"col_index":1,"label":"col1","id":1},{"col_index":2,"label":"col2","id":2},{"abs_uri":"http://www.wikidata.org/entity/Q1617851","rel_uri":"wd:Q1617851","approximation":false,"readable_label":"high-speed craft (Q1617851)","id":3}],"edges":[{"source":3,"target":0,"abs_uri":"http://www.w3.org/2000/01/rdf-schema#label","rel_uri":"rdfs:label","approximation":false,"readable_label":"rdfs:label","id":0},{"source":3,"target":1,"abs_uri":"http://www.wikidata.org/prop/P1093","rel_uri":"p:P1093","approximation":false,"readable_label":"gross tonnage (P1093)","id":1},{"source":3,"target":2,"abs_uri":"http://www.wikidata.org/prop/P2043","rel_uri":"p:P2043","approximation":false,"readable_label":"length (P2043)","id":2}]}]