{"version":"1.2","table":{"version":"2","table_id":"CQ5OJ0RI","columns":[{"index":0,"name":"col0","values":["Return from the Fields","Lady with Black Hood and Umbrella Out Walking with Young Attendant","Hokusai, Negai no itoguchi(Plate No. 4)","Washing Clothes (Sentaku)","Dressing a Boy on the Occasion of His First Letting His Hair Grow","\"Kaiyoikomachi\": A Geisha in her Lover's Room, from Futaba gusa Nanakomachi","Young lady blowing on a poppin","Beauty Smoking a Pipe after Bathing","Young Mother Nursing Her Baby","Seru no Koku","O Shichi and Kichisaburo","A Pair of Lovers","The Niwaka Performers","Azumaya no Hana","Yamanba and Kintaro: Ground Cherry","Sankatsu and Hanshichi","A Courtesan","Two Women","Two Women with a Baby who is Playing on the Floor","A Woman and a Cat"]},{"index":1,"name":"col1","values":["figurative art","ukiyo-e","shunga","ukiyo-e","ukiyo-e","ukiyo-e","ukiyo-e","ukiyo-e","ukiyo-e","ukiyo-e","ukiyo-e","ukiyo-e","ukiyo-e","ukiyo-e","ukiyo-e","ukiyo-e","ukiyo-e","ukiyo-e","ukiyo-e","ukiyo-e"]},{"index":2,"name":"col2","values":["23","19.4","57.8","26.1","27","25","27.5","24.61","37.3","26","13.5","25.4","25.7","22.5","25.1","14.9","24.8","25.7","19.4","25.9"]},{"index":3,"name":"col3","values":["Telemachos Kanthos","Suzuki Harunobu","Kitagawa Utamaro","Kitagawa Utamaro","Kitagawa Utamaro","Kitagawa Utamaro","Kitagawa Utamaro","Kitagawa Utamaro","Kitagawa Utamaro","Kitagawa Utamaro","Kitagawa Utamaro","Kitagawa Utamaro","Kitagawa Utamaro","Kitagawa Utamaro","Kitagawa Utamaro","Kitagawa Utamaro","Kitagawa Utamaro","Kitagawa Utamaro","Kitagawa Utamaro","Kitagawa Utamaro"]}]},"context":{"page_title":null,"page_url":null,"page_entity_id":null,"content_hierarchy":[]},"links":[[[{"start":0,"end":66,"url":null,"entity_id":"Q59913377","candidates":[]}],[{"start":0,"end":7,"url":null,"entity_id":"Q185905","candidates":[]}],[],[{"start":0,"end":15,"url":null,"entity_id":"Q360978","candidates":[]}]],[[{"start":0,"end":39,"url":null,"entity_id":"Q60328840","candidates":[]}],[{"start":0,"end":6,"url":null,"entity_id":"Q1048478","candidates":[]}],[],[{"start":0,"end":16,"url":null,"entity_id":"Q272045","candidates":[]}]],[[{"start":0,"end":25,"url":null,"entity_id":"Q60396854","candidates":[]}],[{"start":0,"end":7,"url":null,"entity_id":"Q185905","candidates":[]}],[],[{"start":0,"end":16,"url":null,"entity_id":"Q272045","candidates":[]}]],[[{"start":0,"end":65,"url":null,"entity_id":"Q60394800","candidates":[]}],[{"start":0,"end":7,"url":null,"entity_id":"Q185905","candidates":[]}],[],[{"start":0,"end":16,"url":null,"entity_id":"Q272045","candidates":[]}]],[[{"start":0,"end":75,"url":null,"entity_id":"Q60394595","candidates":[]}],[{"start":0,"end":7,"url":null,"entity_id":"Q185905","candidates":[]}],[],[{"start":0,"end":16,"url":null,"entity_id":"Q272045","candidates":[]}]],[[{"start":0,"end":30,"url":null,"entity_id":"Q60366266","candidates":[]}],[{"start":0,"end":7,"url":null,"entity_id":"Q185905","candidates":[]}],[],[{"start":0,"end":16,"url":null,"entity_id":"Q272045","candidates":[]}]],[[{"start":0,"end":35,"url":null,"entity_id":"Q60366161","candidates":[]}],[{"start":0,"end":7,"url":null,"entity_id":"Q185905","candidates":[]}],[],[{"start":0,"end":16,"url":null,"entity_id":"Q272045","candidates":[]}]],[[{"start":0,"end":29,"url":null,"entity_id":"Q59770772","candidates":[]}],[{"start":0,"end":7,"url":null,"entity_id":"Q185905","candidates":[]}],[],[{"start":0,"end":16,"url":null,"entity_id":"Q272045","candidates":[]}]],[[{"start":0,"end":12,"url":null,"entity_id":"Q59770591","candidates":[]}],[{"start":0,"end":7,"url":null,"entity_id":"Q185905","candidates":[]}],[],[{"start":0,"end":16,"url":null,"entity_id":"Q272045","candidates":[]}]],[[{"start":0,"end":24,"url":null,"entity_id":"Q59770351","candidates":[]}],[{"start":0,"end":7,"url":null,"entity_id":"Q185905","candidates":[]}],[],[{"start":0,"end":16,"url":null,"entity_id":"Q272045","candidates":[]}]],[[{"start":0,"end":16,"url":null,"entity_id":"Q59769601","candidates":[]}],[{"start":0,"end":7,"url":null,"entity_id":"Q185905","candidates":[]}],[],[{"start":0,"end":16,"url":null,"entity_id":"Q272045","candidates":[]}]],[[{"start":0,"end":21,"url":null,"entity_id":"Q59768113","candidates":[]}],[{"start":0,"end":7,"url":null,"entity_id":"Q185905","candidates":[]}],[],[{"start":0,"end":16,"url":null,"entity_id":"Q272045","candidates":[]}]],[[{"start":0,"end":15,"url":null,"entity_id":"Q59767993","candidates":[]}],[{"start":0,"end":7,"url":null,"entity_id":"Q185905","candidates":[]}],[],[{"start":0,"end":16,"url":null,"entity_id":"Q272045","candidates":[]}]],[[{"start":0,"end":34,"url":null,"entity_id":"Q59767790","candidates":[]}],[{"start":0,"end":7,"url":null,"entity_id":"Q185905","candidates":[]}],[],[{"start":0,"end":16,"url":null,"entity_id":"Q272045","candidates":[]}]],[[{"start":0,"end":22,"url":null,"entity_id":"Q59767429","candidates":[]}],[{"start":0,"end":7,"url":null,"entity_id":"Q185905","candidates":[]}],[],[{"start":0,"end":16,"url":null,"entity_id":"Q272045","candidates":[]}]],[[{"start":0,"end":11,"url":null,"entity_id":"Q59767196","candidates":[]}],[{"start":0,"end":7,"url":null,"entity_id":"Q185905","candidates":[]}],[],[{"start":0,"end":16,"url":null,"entity_id":"Q272045","candidates":[]}]],[[{"start":0,"end":9,"url":null,"entity_id":"Q59766990","candidates":[]}],[{"start":0,"end":7,"url":null,"entity_id":"Q185905","candidates":[]}],[],[{"start":0,"end":16,"url":null,"entity_id":"Q272045","candidates":[]}]],[[{"start":0,"end":49,"url":null,"entity_id":"Q59766802","candidates":[]}],[{"start":0,"end":7,"url":null,"entity_id":"Q185905","candidates":[]}],[],[{"start":0,"end":16,"url":null,"entity_id":"Q272045","candidates":[]}]],[[{"start":0,"end":17,"url":null,"entity_id":"Q59765080","candidates":[]}],[{"start":0,"end":7,"url":null,"entity_id":"Q185905","candidates":[]}],[],[{"start":0,"end":16,"url":null,"entity_id":"Q272045","candidates":[]}]],[[{"start":0,"end":22,"url":null,"entity_id":"Q22661827","candidates":[]}],[{"start":0,"end":14,"url":null,"entity_id":"Q1622217","candidates":[]}],[],[{"start":0,"end":18,"url":null,"entity_id":"Q2401766","candidates":[]}]]]}