{"version":"1.2","table":{"version":"2","table_id":"CR0MQ2TD","columns":[{"index":0,"name":"col0","values":["Apostolic Nunciature to Ethiopia","Apostolic Nunciature to Thailand","Apostolic Nunciature in Taipei","Apostolic Nunciature to Japan","Apostolic Nunciature to Croatia","Apostolic Nunciature to Turkey","Apostolic Nunciature to Liberia","Apostolic Nunciature to Kuwait","Apostolic Nunciature to Hungary","Apostolic Nunciature to Slovakia","Apostolic Nunciature to Australia","Apostolic Nunciature to Czech Republic","Apostolic Nunciature to South Africa","Apostolic Nunciature to Lebanon","Apostolic Nunciature to Madagascar","Apostolic Nunciature to Iraq","Apostolic Nunciature to Angola","Apostolic Nunciature to Malta","Apostolic Nunciature to Albania","Apostolic Nunciature to Paraguay"]},{"index":1,"name":"col1","values":["1937-01-01","1957-01-01","1922-08-11","1919-11-26","1993-05-15","1868-01-01","1929-01-01","1968-01-01","1920-01-01","1993-01-01","1914-01-01","1920-01-01","1922-12-07","1947-01-01","1960-01-01","1832-12-17","1975-01-01","1965-01-01","1920-11-12","1920-01-01"]},{"index":2,"name":"col2","values":["Vatican City","Vatican City","Vatican City","Vatican City","Vatican City","Vatican City","Vatican City","Vatican City","Vatican City","Vatican City","Vatican City","Vatican City","Vatican City","Vatican City","Vatican City","Vatican City","Vatican City","Vatican City","Vatican City","Vatican City"]}]},"context":{"page_title":null,"page_url":null,"page_entity_id":null,"content_hierarchy":[]},"links":[[[{"start":0,"end":32,"url":null,"entity_id":"Q12784996","candidates":[]}],[],[{"start":0,"end":12,"url":null,"entity_id":"Q237","candidates":[]}]],[[{"start":0,"end":32,"url":null,"entity_id":"Q12784981","candidates":[]}],[],[{"start":0,"end":12,"url":null,"entity_id":"Q237","candidates":[]}]],[[{"start":0,"end":30,"url":null,"entity_id":"Q12784970","candidates":[]}],[],[{"start":0,"end":12,"url":null,"entity_id":"Q237","candidates":[]}]],[[{"start":0,"end":29,"url":null,"entity_id":"Q12784968","candidates":[]}],[],[{"start":0,"end":12,"url":null,"entity_id":"Q237","candidates":[]}]],[[{"start":0,"end":31,"url":null,"entity_id":"Q12784965","candidates":[]}],[],[{"start":0,"end":12,"url":null,"entity_id":"Q237","candidates":[]}]],[[{"start":0,"end":30,"url":null,"entity_id":"Q11794179","candidates":[]}],[],[{"start":0,"end":12,"url":null,"entity_id":"Q237","candidates":[]}]],[[{"start":0,"end":31,"url":null,"entity_id":"Q11794176","candidates":[]}],[],[{"start":0,"end":12,"url":null,"entity_id":"Q237","candidates":[]}]],[[{"start":0,"end":30,"url":null,"entity_id":"Q11794174","candidates":[]}],[],[{"start":0,"end":12,"url":null,"entity_id":"Q237","candidates":[]}]],[[{"start":0,"end":31,"url":null,"entity_id":"Q11794172","candidates":[]}],[],[{"start":0,"end":12,"url":null,"entity_id":"Q237","candidates":[]}]],[[{"start":0,"end":32,"url":null,"entity_id":"Q11794171","candidates":[]}],[],[{"start":0,"end":12,"url":null,"entity_id":"Q237","candidates":[]}]],[[{"start":0,"end":33,"url":null,"entity_id":"Q6960346","candidates":[]}],[],[{"start":0,"end":12,"url":null,"entity_id":"Q237","candidates":[]}]],[[{"start":0,"end":38,"url":null,"entity_id":"Q4780653","candidates":[]}],[],[{"start":0,"end":12,"url":null,"entity_id":"Q237","candidates":[]}]],[[{"start":0,"end":36,"url":null,"entity_id":"Q4780650","candidates":[]}],[],[{"start":0,"end":12,"url":null,"entity_id":"Q237","candidates":[]}]],[[{"start":0,"end":31,"url":null,"entity_id":"Q4780649","candidates":[]}],[],[{"start":0,"end":12,"url":null,"entity_id":"Q237","candidates":[]}]],[[{"start":0,"end":34,"url":null,"entity_id":"Q4780648","candidates":[]}],[],[{"start":0,"end":12,"url":null,"entity_id":"Q237","candidates":[]}]],[[{"start":0,"end":28,"url":null,"entity_id":"Q4780647","candidates":[]}],[],[{"start":0,"end":12,"url":null,"entity_id":"Q237","candidates":[]}]],[[{"start":0,"end":30,"url":null,"entity_id":"Q4780645","candidates":[]}],[],[{"start":0,"end":12,"url":null,"entity_id":"Q237","candidates":[]}]],[[{"start":0,"end":29,"url":null,"entity_id":"Q4550463","candidates":[]}],[],[{"start":0,"end":12,"url":null,"entity_id":"Q237","candidates":[]}]],[[{"start":0,"end":31,"url":null,"entity_id":"Q3879488","candidates":[]}],[],[{"start":0,"end":12,"url":null,"entity_id":"Q237","candidates":[]}]],[[{"start":0,"end":32,"url":null,"entity_id":"Q3667976","candidates":[]}],[],[{"start":0,"end":12,"url":null,"entity_id":"Q237","candidates":[]}]]]}