{"version":"1.2","table":{"version":"2","table_id":"CR3IFHWS","columns":[{"index":0,"name":"col0","values":["Wave","Awake","Octobr","Schoom's Out","After the Gold Rwsh","Dbrk Medieval Times","The Diary of Alica Keys","Aladdin Sne","TY.O","Pink Friddz: Roman Reloaded","In Searh of he Miraculous","L'Américajn","Indestrctible","Rush","Queen","Ram","There's a Rio Goin' On","Djà Vu","Gone Tuoppo","Butterflz"]},{"index":1,"name":"col1","values":["Todd Rundgren","John Purdell","Steve Lillywhite","Bob Ezrin","Neil Young","Sigurd Wongraven","Alicia Keys","David Bowie","Dr. Luke","Alex da Kid","John Zorn","Claude Carrère","Bernard Saint-Paul","Rush","Queen","Paul & Linda McCartney","Sly Stone","Crosby, Stills & Nash","George Harrison","Walter Afanasieff"]},{"index":2,"name":"col2","values":["Patti Smith Group's albums in chronological order","Dream Theater's albums in chronological order","U2's albums in chronological order","Alice Cooper's (band) albums in chronological order","Neil Young studio albums discography","The Box Set","Alicia Keys discography","David Bowie's albums in chronological order","Taio Cruz discography","Nicki Minaj discography","John Zorn's albums in chronological order","Mireille Mathieu's albums in chronological order","Véronique Sanson discography","Rush' albums in chronological order","The Complete Works","Paul McCartney's albums in chronological order","Sly and the Family Stone's albums in chronological order","Crosby, Stills, Nash & Young albums discography","George Harrison's albums in chronological order","Mariah Carey's albums in chronological order"]}]},"context":{"page_title":null,"page_url":null,"page_entity_id":null,"content_hierarchy":[]},"links":[[[{"start":0,"end":4,"url":null,"entity_id":"Q262304","candidates":[]}],[{"start":0,"end":13,"url":null,"entity_id":"Q364875","candidates":[]}],[{"start":0,"end":49,"url":null,"entity_id":"Q71976642","candidates":[]}]],[[{"start":0,"end":5,"url":null,"entity_id":"Q258671","candidates":[]}],[{"start":0,"end":12,"url":null,"entity_id":"Q6253559","candidates":[]}],[{"start":0,"end":45,"url":null,"entity_id":"Q67861141","candidates":[]}]],[[{"start":0,"end":6,"url":null,"entity_id":"Q269674","candidates":[]}],[{"start":0,"end":16,"url":null,"entity_id":"Q740610","candidates":[]}],[{"start":0,"end":34,"url":null,"entity_id":"Q64362950","candidates":[]}]],[[{"start":0,"end":12,"url":null,"entity_id":"Q262947","candidates":[]}],[{"start":0,"end":9,"url":null,"entity_id":"Q316850","candidates":[]}],[{"start":0,"end":51,"url":null,"entity_id":"Q62974646","candidates":[]}]],[[{"start":0,"end":19,"url":null,"entity_id":"Q264397","candidates":[]}],[{"start":0,"end":10,"url":null,"entity_id":"Q633","candidates":[]}],[{"start":0,"end":36,"url":null,"entity_id":"Q59520555","candidates":[]}]],[[{"start":0,"end":19,"url":null,"entity_id":"Q259655","candidates":[]}],[{"start":0,"end":16,"url":null,"entity_id":"Q2067783","candidates":[]}],[{"start":0,"end":11,"url":null,"entity_id":"Q5116571","candidates":[]}]],[[{"start":0,"end":23,"url":null,"entity_id":"Q261724","candidates":[]}],[{"start":0,"end":11,"url":null,"entity_id":"Q121507","candidates":[]}],[{"start":0,"end":23,"url":null,"entity_id":"Q633524","candidates":[]}]],[[{"start":0,"end":11,"url":null,"entity_id":"Q558969","candidates":[]}],[{"start":0,"end":11,"url":null,"entity_id":"Q5383","candidates":[]}],[{"start":0,"end":43,"url":null,"entity_id":"Q63433625","candidates":[]}]],[[{"start":0,"end":4,"url":null,"entity_id":"Q559367","candidates":[]}],[{"start":0,"end":8,"url":null,"entity_id":"Q350588","candidates":[]}],[{"start":0,"end":21,"url":null,"entity_id":"Q1578640","candidates":[]}]],[[{"start":0,"end":27,"url":null,"entity_id":"Q558993","candidates":[]}],[{"start":0,"end":11,"url":null,"entity_id":"Q553508","candidates":[]}],[{"start":0,"end":23,"url":null,"entity_id":"Q1508969","candidates":[]}]],[[{"start":0,"end":25,"url":null,"entity_id":"Q3149661","candidates":[]}],[{"start":0,"end":9,"url":null,"entity_id":"Q298726","candidates":[]}],[{"start":0,"end":41,"url":null,"entity_id":"Q81431089","candidates":[]}]],[[{"start":0,"end":11,"url":null,"entity_id":"Q3201940","candidates":[]}],[{"start":0,"end":14,"url":null,"entity_id":"Q15974186","candidates":[]}],[{"start":0,"end":48,"url":null,"entity_id":"Q63285133","candidates":[]}]],[[{"start":0,"end":13,"url":null,"entity_id":"Q3150044","candidates":[]}],[{"start":0,"end":18,"url":null,"entity_id":"Q2898571","candidates":[]}],[{"start":0,"end":28,"url":null,"entity_id":"Q3030087","candidates":[]}]],[[{"start":0,"end":4,"url":null,"entity_id":"Q633544","candidates":[]}],[{"start":0,"end":4,"url":null,"entity_id":"Q203871","candidates":[]}],[{"start":0,"end":35,"url":null,"entity_id":"Q63184441","candidates":[]}]],[[{"start":0,"end":5,"url":null,"entity_id":"Q193490","candidates":[]}],[{"start":0,"end":5,"url":null,"entity_id":"Q15862","candidates":[]}],[{"start":0,"end":18,"url":null,"entity_id":"Q1188642","candidates":[]}]],[[{"start":0,"end":3,"url":null,"entity_id":"Q252230","candidates":[]}],[{"start":0,"end":22,"url":null,"entity_id":"Q62302446","candidates":[]}],[{"start":0,"end":46,"url":null,"entity_id":"Q62300419","candidates":[]}]],[[{"start":0,"end":22,"url":null,"entity_id":"Q258003","candidates":[]}],[{"start":0,"end":9,"url":null,"entity_id":"Q713829","candidates":[]}],[{"start":0,"end":56,"url":null,"entity_id":"Q62022449","candidates":[]}]],[[{"start":0,"end":6,"url":null,"entity_id":"Q255471","candidates":[]}],[{"start":0,"end":21,"url":null,"entity_id":"Q733159","candidates":[]}],[{"start":0,"end":47,"url":null,"entity_id":"Q62008828","candidates":[]}]],[[{"start":0,"end":11,"url":null,"entity_id":"Q251612","candidates":[]}],[{"start":0,"end":15,"url":null,"entity_id":"Q2643","candidates":[]}],[{"start":0,"end":47,"url":null,"entity_id":"Q62006664","candidates":[]}]],[[{"start":0,"end":9,"url":null,"entity_id":"Q255496","candidates":[]}],[{"start":0,"end":17,"url":null,"entity_id":"Q721684","candidates":[]}],[{"start":0,"end":44,"url":null,"entity_id":"Q16986149","candidates":[]}]]]}