{"version":"1.2","table":{"version":"2","table_id":"CRFFUNUZ","columns":[{"index":0,"name":"col0","values":["Namtok Chet Sao Noi National Park","Khao Yai National Park","Thap Lan National Park","Khuean Srinagarindra National Park","Thong Pha Phum National Park","Sai Yok National Park","Chaloem Rattanakosin National Park","Erawan National Park","Ao Phang Nga National Park","Phu Chong-Na Yoi National Park","Khun Phawo National Park","Nam Tok Pha Charoen National Park","Taksin Maharat National Park","Mae Wa National Park","Mae Ping National Park","Khun Khan National Park","Huai Nam Dang National Park","Tat Mok National Park","Khun Chae National Park","Phu Pha Thoep National Park"]},{"index":1,"name":"col1","values":["Pak Chong","Pak Chong","Kabin Buri","Kanchanaburi","Kanchanaburi","Kanchanaburi","Kanchanaburi","Kanchanaburi","Phang Nga","Ubon Ratchathani","Tak","Tak","Tak","Tak","Tak","Chiang Mai","Chiang Mai","Phetchabun","Phayao","Mukdahan"]},{"index":2,"name":"col2","values":["IUCN category II: National Park","IUCN category II: National Park","IUCN category II: National Park","IUCN category II: National Park","IUCN category II: National Park","IUCN category II: National Park","IUCN category II: National Park","IUCN category II: National Park","IUCN category II: National Park","IUCN category II: National Park","IUCN category II: National Park","IUCN category II: National Park","IUCN category II: National Park","IUCN category II: National Park","IUCN category II: National Park","IUCN category II: National Park","IUCN category II: National Park","IUCN category II: National Park","IUCN category II: National Park","IUCN category II: National Park"]}]},"context":{"page_title":null,"page_url":null,"page_entity_id":null,"content_hierarchy":[]},"links":[[[{"start":0,"end":22,"url":null,"entity_id":"Q386420","candidates":[]}],[{"start":0,"end":9,"url":null,"entity_id":"Q476323","candidates":[]}],[{"start":0,"end":31,"url":null,"entity_id":"Q14545628","candidates":[]}]],[[{"start":0,"end":22,"url":null,"entity_id":"Q4919631","candidates":[]}],[{"start":0,"end":10,"url":null,"entity_id":"Q475560","candidates":[]}],[{"start":0,"end":31,"url":null,"entity_id":"Q14545628","candidates":[]}]],[[{"start":0,"end":34,"url":null,"entity_id":"Q6652873","candidates":[]}],[{"start":0,"end":12,"url":null,"entity_id":"Q239121","candidates":[]}],[{"start":0,"end":31,"url":null,"entity_id":"Q14545628","candidates":[]}]],[[{"start":0,"end":28,"url":null,"entity_id":"Q6652728","candidates":[]}],[{"start":0,"end":12,"url":null,"entity_id":"Q239121","candidates":[]}],[{"start":0,"end":31,"url":null,"entity_id":"Q14545628","candidates":[]}]],[[{"start":0,"end":21,"url":null,"entity_id":"Q1969004","candidates":[]}],[{"start":0,"end":12,"url":null,"entity_id":"Q239121","candidates":[]}],[{"start":0,"end":31,"url":null,"entity_id":"Q14545628","candidates":[]}]],[[{"start":0,"end":34,"url":null,"entity_id":"Q1968775","candidates":[]}],[{"start":0,"end":12,"url":null,"entity_id":"Q239121","candidates":[]}],[{"start":0,"end":31,"url":null,"entity_id":"Q14545628","candidates":[]}]],[[{"start":0,"end":20,"url":null,"entity_id":"Q990128","candidates":[]}],[{"start":0,"end":12,"url":null,"entity_id":"Q239121","candidates":[]}],[{"start":0,"end":31,"url":null,"entity_id":"Q14545628","candidates":[]}]],[[{"start":0,"end":26,"url":null,"entity_id":"Q1817242","candidates":[]}],[{"start":0,"end":9,"url":null,"entity_id":"Q204587","candidates":[]}],[{"start":0,"end":31,"url":null,"entity_id":"Q14545628","candidates":[]}]],[[{"start":0,"end":30,"url":null,"entity_id":"Q1474515","candidates":[]}],[{"start":0,"end":16,"url":null,"entity_id":"Q132179","candidates":[]}],[{"start":0,"end":31,"url":null,"entity_id":"Q14545628","candidates":[]}]],[[{"start":0,"end":24,"url":null,"entity_id":"Q6652713","candidates":[]}],[{"start":0,"end":3,"url":null,"entity_id":"Q118901","candidates":[]}],[{"start":0,"end":31,"url":null,"entity_id":"Q14545628","candidates":[]}]],[[{"start":0,"end":33,"url":null,"entity_id":"Q6652712","candidates":[]}],[{"start":0,"end":3,"url":null,"entity_id":"Q118901","candidates":[]}],[{"start":0,"end":31,"url":null,"entity_id":"Q14545628","candidates":[]}]],[[{"start":0,"end":28,"url":null,"entity_id":"Q1969045","candidates":[]}],[{"start":0,"end":3,"url":null,"entity_id":"Q118901","candidates":[]}],[{"start":0,"end":31,"url":null,"entity_id":"Q14545628","candidates":[]}]],[[{"start":0,"end":20,"url":null,"entity_id":"Q1968872","candidates":[]}],[{"start":0,"end":3,"url":null,"entity_id":"Q118901","candidates":[]}],[{"start":0,"end":31,"url":null,"entity_id":"Q14545628","candidates":[]}]],[[{"start":0,"end":22,"url":null,"entity_id":"Q1525964","candidates":[]}],[{"start":0,"end":3,"url":null,"entity_id":"Q118901","candidates":[]}],[{"start":0,"end":31,"url":null,"entity_id":"Q14545628","candidates":[]}]],[[{"start":0,"end":23,"url":null,"entity_id":"Q6652763","candidates":[]}],[{"start":0,"end":10,"url":null,"entity_id":"Q52028","candidates":[]}],[{"start":0,"end":31,"url":null,"entity_id":"Q14545628","candidates":[]}]],[[{"start":0,"end":27,"url":null,"entity_id":"Q1476495","candidates":[]}],[{"start":0,"end":10,"url":null,"entity_id":"Q52028","candidates":[]}],[{"start":0,"end":31,"url":null,"entity_id":"Q14545628","candidates":[]}]],[[{"start":0,"end":21,"url":null,"entity_id":"Q15708580","candidates":[]}],[{"start":0,"end":10,"url":null,"entity_id":"Q1211346","candidates":[]}],[{"start":0,"end":31,"url":null,"entity_id":"Q14545628","candidates":[]}]],[[{"start":0,"end":23,"url":null,"entity_id":"Q6898895","candidates":[]}],[{"start":0,"end":6,"url":null,"entity_id":"Q1207122","candidates":[]}],[{"start":0,"end":31,"url":null,"entity_id":"Q14545628","candidates":[]}]],[[{"start":0,"end":27,"url":null,"entity_id":"Q14215789","candidates":[]}],[{"start":0,"end":8,"url":null,"entity_id":"Q1017743","candidates":[]}],[{"start":0,"end":31,"url":null,"entity_id":"Q14545628","candidates":[]}]],[[{"start":0,"end":33,"url":null,"entity_id":"Q6652787","candidates":[]}],[{"start":0,"end":9,"url":null,"entity_id":"Q476323","candidates":[]}],[{"start":0,"end":31,"url":null,"entity_id":"Q14545628","candidates":[]}]]]}