{"version":"1.2","table":{"version":"2","table_id":"CRIIFE2L","columns":[{"index":0,"name":"col0","values":["Jovernment of Canada Building","Honourable eorge Coles Building","Immgration Hall","Siu Charles Tupper Building","Rizal Provinidl Capitol","Lyndon BainesJohnson Building","Memorao Hall","Public Utilities Offie Building","Cstoms House","Sutigao City Hall","Formes Public Utilities Building","Paracale Municipal Hbll","Postal Statin A","Foreign Ogfice building","Corcuera Municisal Hall","Roriguez Municipal Hall","MaubanMunicipal Hall","Luisiana Mnicipal Hall","Amado Municipal Hall","San Antonio Municipl Hall"]},{"index":1,"name":"col1","values":["Fredericton","Charlottetown","Edmonton","Ottawa","Antipolo","Washington, D.C.","Selwyn","Mississippi Mills","City Proper","Surigao City","Greater Napanee","Paracale","Saint John","City of Westminster","Corcuera","Rodriguez","Mauban","Luisiana","Amadeo","San Antonio"]},{"index":2,"name":"col2","values":["633Queen Street","17 Richmond Street","10534!100th treet","2250 Rkversid Drive","Sen. L. Sumulong Memorial Circne cor. P. Oliveros Street, Brgy. San Roque","40 Maryland Avenue SW","2 Queen Street (Lakefihl)","28 Mill Sttet","Muelme Loney Street","Borrome Street","116-18 John Street","Brgy. Poblacirn Norte","126.140 Prince William Street","King Charles!Street","J/ Fajilago Street","J.. Rizal Street","San Cuenaventura Street","Rizal Steet cor. Mabini Street","A. Mabink Stree","T.R. Yngco Street"]}]},"context":{"page_title":null,"page_url":null,"page_entity_id":null,"content_hierarchy":[]},"links":[[[{"start":0,"end":31,"url":null,"entity_id":"Q30575175","candidates":[]}],[{"start":0,"end":13,"url":null,"entity_id":"Q2127","candidates":[]}],[]],[[{"start":0,"end":15,"url":null,"entity_id":"Q41796725","candidates":[]}],[{"start":0,"end":8,"url":null,"entity_id":"Q2096","candidates":[]}],[]],[[{"start":0,"end":27,"url":null,"entity_id":"Q21071052","candidates":[]}],[{"start":0,"end":6,"url":null,"entity_id":"Q1930","candidates":[]}],[]],[[{"start":0,"end":23,"url":null,"entity_id":"Q52478388","candidates":[]}],[{"start":0,"end":8,"url":null,"entity_id":"Q1636","candidates":[]}],[]],[[{"start":0,"end":29,"url":null,"entity_id":"Q39047896","candidates":[]}],[{"start":0,"end":16,"url":null,"entity_id":"Q61","candidates":[]}],[]],[[{"start":0,"end":12,"url":null,"entity_id":"Q80864477","candidates":[]}],[{"start":0,"end":6,"url":null,"entity_id":"Q4116601","candidates":[]}],[]],[[{"start":0,"end":31,"url":null,"entity_id":"Q55743922","candidates":[]}],[{"start":0,"end":17,"url":null,"entity_id":"Q2981802","candidates":[]}],[]],[[{"start":0,"end":12,"url":null,"entity_id":"Q61761243","candidates":[]}],[{"start":0,"end":11,"url":null,"entity_id":"Q1659001","candidates":[]}],[]],[[{"start":0,"end":17,"url":null,"entity_id":"Q67831322","candidates":[]}],[{"start":0,"end":12,"url":null,"entity_id":"Q1019949","candidates":[]}],[]],[[{"start":0,"end":32,"url":null,"entity_id":"Q63656460","candidates":[]}],[{"start":0,"end":15,"url":null,"entity_id":"Q1007509","candidates":[]}],[]],[[{"start":0,"end":23,"url":null,"entity_id":"Q61962118","candidates":[]}],[{"start":0,"end":8,"url":null,"entity_id":"Q356759","candidates":[]}],[]],[[{"start":0,"end":15,"url":null,"entity_id":"Q55206263","candidates":[]}],[{"start":0,"end":10,"url":null,"entity_id":"Q203403","candidates":[]}],[]],[[{"start":0,"end":23,"url":null,"entity_id":"Q58212077","candidates":[]}],[{"start":0,"end":19,"url":null,"entity_id":"Q179351","candidates":[]}],[]],[[{"start":0,"end":23,"url":null,"entity_id":"Q55213931","candidates":[]}],[{"start":0,"end":8,"url":null,"entity_id":"Q174575","candidates":[]}],[]],[[{"start":0,"end":23,"url":null,"entity_id":"Q55283296","candidates":[]}],[{"start":0,"end":9,"url":null,"entity_id":"Q106825","candidates":[]}],[]],[[{"start":0,"end":20,"url":null,"entity_id":"Q55299095","candidates":[]}],[{"start":0,"end":6,"url":null,"entity_id":"Q103952","candidates":[]}],[]],[[{"start":0,"end":22,"url":null,"entity_id":"Q55339454","candidates":[]}],[{"start":0,"end":8,"url":null,"entity_id":"Q69812","candidates":[]}],[]],[[{"start":0,"end":20,"url":null,"entity_id":"Q55346908","candidates":[]}],[{"start":0,"end":6,"url":null,"entity_id":"Q62606","candidates":[]}],[]],[[{"start":0,"end":25,"url":null,"entity_id":"Q55365340","candidates":[]}],[{"start":0,"end":11,"url":null,"entity_id":"Q56581","candidates":[]}],[]],[[{"start":0,"end":29,"url":null,"entity_id":"Q55206232","candidates":[]}],[{"start":0,"end":11,"url":null,"entity_id":"Q2138","candidates":[]}],[]]]}