{"version":"1.2","table":{"version":"2","table_id":"CUDD6396","columns":[{"index":0,"name":"col0","values":["Jean-Christophe","The Enormous Room","The Heart of Midlothian","O Pioneers!","Ars Magna","Gertrud","A Little Princess","King Solomon's Mines","The Secret Sharer","Babbitt","Mencius","The Essence of Christianity","A Daughter of the Snows","Tractatus Logico-Philosophicus","The Patchwork Girl of Oz","Lord Arthur Savile's Crime and Other Stories","Pudd'nhead Wilson","The Professor","De libero arbitrio diatribe sive collatio","The Knights of the Cross"]},{"index":1,"name":"col1","values":["Jean-Christophe","The Enormous Room","The Heart of Midlothian","O Pioneers!","Ars magna","Gertrud","A Little Princess","King Solomon's Mines","The Secret Sharer","Babbitt","Mencius","What is Christianity?","The Daughter of the Snows","Tractatus Logico-Philosophicus","The Patchwork Girl of Oz","Lord Arthur Savile's Crime and Other Stories","Pudd'nhead Wilson","The Professor","De libero arbitrio","The Knights of the Cross"]},{"index":2,"name":"col2","values":["public domain","public domain","public domain","public domain","public domain","public domain","public domain","public domain","public domain","public domain","public domain","public domain","public domain","public domain","public domain","public domain","public domain","public domain","public domain","public domain"]}]},"context":{"page_title":null,"page_url":null,"page_entity_id":null,"content_hierarchy":[]},"links":[[[{"start":0,"end":17,"url":null,"entity_id":"Q2389737","candidates":[]}],[{"start":0,"end":17,"url":null,"entity_id":"Q47014961","candidates":[]}],[{"start":0,"end":13,"url":null,"entity_id":"Q19652","candidates":[]}]],[[{"start":0,"end":23,"url":null,"entity_id":"Q2091094","candidates":[]}],[{"start":0,"end":23,"url":null,"entity_id":"Q16614227","candidates":[]}],[{"start":0,"end":13,"url":null,"entity_id":"Q19652","candidates":[]}]],[[{"start":0,"end":11,"url":null,"entity_id":"Q2008343","candidates":[]}],[{"start":0,"end":11,"url":null,"entity_id":"Q7073310","candidates":[]}],[{"start":0,"end":13,"url":null,"entity_id":"Q19652","candidates":[]}]],[[{"start":0,"end":9,"url":null,"entity_id":"Q1231083","candidates":[]}],[{"start":0,"end":9,"url":null,"entity_id":"Q704036","candidates":[]}],[{"start":0,"end":13,"url":null,"entity_id":"Q19652","candidates":[]}]],[[{"start":0,"end":7,"url":null,"entity_id":"Q1515513","candidates":[]}],[{"start":0,"end":7,"url":null,"entity_id":"Q18180972","candidates":[]}],[{"start":0,"end":13,"url":null,"entity_id":"Q19652","candidates":[]}]],[[{"start":0,"end":17,"url":null,"entity_id":"Q1336247","candidates":[]}],[{"start":0,"end":17,"url":null,"entity_id":"Q10483376","candidates":[]}],[{"start":0,"end":13,"url":null,"entity_id":"Q19652","candidates":[]}]],[[{"start":0,"end":20,"url":null,"entity_id":"Q1137494","candidates":[]}],[{"start":0,"end":20,"url":null,"entity_id":"Q45085903","candidates":[]}],[{"start":0,"end":13,"url":null,"entity_id":"Q19652","candidates":[]}]],[[{"start":0,"end":17,"url":null,"entity_id":"Q1198668","candidates":[]}],[{"start":0,"end":17,"url":null,"entity_id":"Q15392301","candidates":[]}],[{"start":0,"end":13,"url":null,"entity_id":"Q19652","candidates":[]}]],[[{"start":0,"end":7,"url":null,"entity_id":"Q1107000","candidates":[]}],[{"start":0,"end":7,"url":null,"entity_id":"Q862484","candidates":[]}],[{"start":0,"end":13,"url":null,"entity_id":"Q19652","candidates":[]}]],[[{"start":0,"end":7,"url":null,"entity_id":"Q1195444","candidates":[]}],[{"start":0,"end":7,"url":null,"entity_id":"Q188903","candidates":[]}],[{"start":0,"end":13,"url":null,"entity_id":"Q19652","candidates":[]}]],[[{"start":0,"end":27,"url":null,"entity_id":"Q1170769","candidates":[]}],[{"start":0,"end":21,"url":null,"entity_id":"Q19973670","candidates":[]}],[{"start":0,"end":13,"url":null,"entity_id":"Q19652","candidates":[]}]],[[{"start":0,"end":23,"url":null,"entity_id":"Q339852","candidates":[]}],[{"start":0,"end":25,"url":null,"entity_id":"Q7729086","candidates":[]}],[{"start":0,"end":13,"url":null,"entity_id":"Q19652","candidates":[]}]],[[{"start":0,"end":30,"url":null,"entity_id":"Q655717","candidates":[]}],[{"start":0,"end":30,"url":null,"entity_id":"Q47086396","candidates":[]}],[{"start":0,"end":13,"url":null,"entity_id":"Q19652","candidates":[]}]],[[{"start":0,"end":24,"url":null,"entity_id":"Q615227","candidates":[]}],[{"start":0,"end":24,"url":null,"entity_id":"Q3988652","candidates":[]}],[{"start":0,"end":13,"url":null,"entity_id":"Q19652","candidates":[]}]],[[{"start":0,"end":44,"url":null,"entity_id":"Q1810331","candidates":[]}],[{"start":0,"end":44,"url":null,"entity_id":"Q47441437","candidates":[]}],[{"start":0,"end":13,"url":null,"entity_id":"Q19652","candidates":[]}]],[[{"start":0,"end":17,"url":null,"entity_id":"Q1776855","candidates":[]}],[{"start":0,"end":17,"url":null,"entity_id":"Q3925372","candidates":[]}],[{"start":0,"end":13,"url":null,"entity_id":"Q19652","candidates":[]}]],[[{"start":0,"end":13,"url":null,"entity_id":"Q762203","candidates":[]}],[{"start":0,"end":13,"url":null,"entity_id":"Q2718259","candidates":[]}],[{"start":0,"end":13,"url":null,"entity_id":"Q19652","candidates":[]}]],[[{"start":0,"end":41,"url":null,"entity_id":"Q846306","candidates":[]}],[{"start":0,"end":18,"url":null,"entity_id":"Q1142681","candidates":[]}],[{"start":0,"end":13,"url":null,"entity_id":"Q19652","candidates":[]}]],[[{"start":0,"end":24,"url":null,"entity_id":"Q1214098","candidates":[]}],[{"start":0,"end":24,"url":null,"entity_id":"Q46998212","candidates":[]}],[{"start":0,"end":13,"url":null,"entity_id":"Q19652","candidates":[]}]],[[{"start":0,"end":15,"url":null,"entity_id":"Q2476841","candidates":[]}],[{"start":0,"end":15,"url":null,"entity_id":"Q47988300","candidates":[]}],[{"start":0,"end":13,"url":null,"entity_id":"Q19652","candidates":[]}]]]}