{"version":"1.2","table":{"version":"2","table_id":"CV5IXUNI","columns":[{"index":0,"name":"col0","values":["protactinium-241","protactinium-211","protactinium-240","protactinium-239","protactinium-238","protactinium-237","protactinium-236","protactinium-235","protactinium-234","protactinium-233","protactinium-232","protactinium-231","protactinium-230","protactinium-229","protactinium-228","protactinium-227","protactinium-226","protactinium-225","protactinium-224","protactinium-223"]},{"index":1,"name":"col1","values":["59640","22080","56910","53337","50894.038","47527.619","45333.95","42288.896","40338.921","37489.472","35946.633","33424.404","32173.607","29896.908","28923.586","26831.198","26033.276","24340.725","23862.278","22320.676"]},{"index":2,"name":"col2","values":["150","120","149","148","147","146","145","144","143","142","141","140","139","138","137","136","135","134","133","132"]},{"index":3,"name":"col3","values":["1814248","1609719","1809120","1804450","1798885.872","1794181.008","1788303.452","1783277.055","1777155.822","1771933.778","1765405.392","1759856.406","1753035.85","1747241.146","1740143.196","1734164.23","1726890.86","1720512","1712919.264","1706389.533"]}]},"context":{"page_title":null,"page_url":null,"page_entity_id":null,"content_hierarchy":[]},"links":[[[{"start":0,"end":16,"url":null,"entity_id":"Q47457378","candidates":[]}],[],[],[]],[[{"start":0,"end":16,"url":null,"entity_id":"Q18845524","candidates":[]}],[],[],[]],[[{"start":0,"end":16,"url":null,"entity_id":"Q18845523","candidates":[]}],[],[],[]],[[{"start":0,"end":16,"url":null,"entity_id":"Q18845522","candidates":[]}],[],[],[]],[[{"start":0,"end":16,"url":null,"entity_id":"Q18845521","candidates":[]}],[],[],[]],[[{"start":0,"end":16,"url":null,"entity_id":"Q18845520","candidates":[]}],[],[],[]],[[{"start":0,"end":16,"url":null,"entity_id":"Q18845519","candidates":[]}],[],[],[]],[[{"start":0,"end":16,"url":null,"entity_id":"Q18845517","candidates":[]}],[],[],[]],[[{"start":0,"end":16,"url":null,"entity_id":"Q18845516","candidates":[]}],[],[],[]],[[{"start":0,"end":16,"url":null,"entity_id":"Q18845515","candidates":[]}],[],[],[]],[[{"start":0,"end":16,"url":null,"entity_id":"Q18845514","candidates":[]}],[],[],[]],[[{"start":0,"end":16,"url":null,"entity_id":"Q18845513","candidates":[]}],[],[],[]],[[{"start":0,"end":16,"url":null,"entity_id":"Q18845512","candidates":[]}],[],[],[]],[[{"start":0,"end":16,"url":null,"entity_id":"Q18845511","candidates":[]}],[],[],[]],[[{"start":0,"end":16,"url":null,"entity_id":"Q18845510","candidates":[]}],[],[],[]],[[{"start":0,"end":16,"url":null,"entity_id":"Q18845509","candidates":[]}],[],[],[]],[[{"start":0,"end":16,"url":null,"entity_id":"Q18845508","candidates":[]}],[],[],[]],[[{"start":0,"end":16,"url":null,"entity_id":"Q18845507","candidates":[]}],[],[],[]],[[{"start":0,"end":16,"url":null,"entity_id":"Q18845506","candidates":[]}],[],[],[]],[[{"start":0,"end":16,"url":null,"entity_id":"Q47457475","candidates":[]}],[],[],[]]]}