{"version":"1.2","table":{"version":"2","table_id":"CVRT7I75","columns":[{"index":0,"name":"col0","values":["KIC 6231451","KIC 7051690","KIC 2583234","KIC 6448173","KIC 6974111","TYC 3561-1247-1","TYC 3560-2538-1","KOI-7607","TYC 3565-883-1","TYC 3565-751-1","TYC 3560-3023-1","TYC 3564-3051-1","TYC 3564-392-1","TYC 3129-2063-1","TYC 3139-946-1","TYC 3142-957-1","TYC 3142-1461-1","TYC 3149-1207-1","KIC 11770258","TYC 3565-1362-1"]},{"index":1,"name":"col1","values":["12.134","12.395","11.655","12.791","12.7358","12.97","12.45","11.42","11.56","12.22","11.41","11.8","12.8","12.85","11.38","12.22","11.92","11.18","12.869","12.08"]},{"index":2,"name":"col2","values":["-0.834","-3.234","-1.866","-5.041","-7.127","-1.129","-3.977","-2.715","0.244","-1.52","-10.34","-9.292","-5.611","0.55","1.716","-6.828","1.196","-3.091","-2.3","-9.01"]},{"index":3,"name":"col3","values":["-16.4","-48.6","10.7","-22.1","36.3","-12.8","-40.2","-16.3","12.8","-9.6","-1.3","9.4","-58","-26.9","-10.3","12.2","-8.71","-12.3","-24.9","7.7"]},{"index":4,"name":"col4","values":["6600","7000","7800","8100","8100","7600","6600","8000","9100","7000","8300","9300","6500","9800","8100","13000","7600","8100","8100","8000"]},{"index":5,"name":"col5","values":["0.9769","0.5691","0.8165","0.5178","0.8757","0.5928","0.5307","0.8291","1.5593","1.0928","1.6045","0.7472","0.2821","0.9873","1.5038","0.603","0.852","1.2783","0.4446","0.669"]},{"index":6,"name":"col6","values":["0.14","0.1","-0.1","-0.1","-0.12","-0.03","-0.22","0.16","-0.04","-0.13","-0.03","-0.05","-0.22","-0.04","-0.09","-0.09","0.11","-0.17","-0.04","-0.03"]}]},"context":{"page_title":null,"page_url":null,"page_entity_id":null,"content_hierarchy":[]},"links":[[[{"start":0,"end":11,"url":null,"entity_id":"Q80543589","candidates":[]}],[],[],[],[],[],[]],[[{"start":0,"end":11,"url":null,"entity_id":"Q80543197","candidates":[]}],[],[],[],[],[],[]],[[{"start":0,"end":11,"url":null,"entity_id":"Q80542791","candidates":[]}],[],[],[],[],[],[]],[[{"start":0,"end":11,"url":null,"entity_id":"Q80541482","candidates":[]}],[],[],[],[],[],[]],[[{"start":0,"end":11,"url":null,"entity_id":"Q80541433","candidates":[]}],[],[],[],[],[],[]],[[{"start":0,"end":15,"url":null,"entity_id":"Q81697384","candidates":[]}],[],[],[],[],[],[]],[[{"start":0,"end":15,"url":null,"entity_id":"Q81697211","candidates":[]}],[],[],[],[],[],[]],[[{"start":0,"end":8,"url":null,"entity_id":"Q81695139","candidates":[]}],[],[],[],[],[],[]],[[{"start":0,"end":14,"url":null,"entity_id":"Q81694856","candidates":[]}],[],[],[],[],[],[]],[[{"start":0,"end":14,"url":null,"entity_id":"Q81693469","candidates":[]}],[],[],[],[],[],[]],[[{"start":0,"end":15,"url":null,"entity_id":"Q81693161","candidates":[]}],[],[],[],[],[],[]],[[{"start":0,"end":15,"url":null,"entity_id":"Q81692362","candidates":[]}],[],[],[],[],[],[]],[[{"start":0,"end":14,"url":null,"entity_id":"Q81691841","candidates":[]}],[],[],[],[],[],[]],[[{"start":0,"end":15,"url":null,"entity_id":"Q82386600","candidates":[]}],[],[],[],[],[],[]],[[{"start":0,"end":14,"url":null,"entity_id":"Q82386491","candidates":[]}],[],[],[],[],[],[]],[[{"start":0,"end":14,"url":null,"entity_id":"Q82276504","candidates":[]}],[],[],[],[],[],[]],[[{"start":0,"end":15,"url":null,"entity_id":"Q82275774","candidates":[]}],[],[],[],[],[],[]],[[{"start":0,"end":15,"url":null,"entity_id":"Q82275576","candidates":[]}],[],[],[],[],[],[]],[[{"start":0,"end":12,"url":null,"entity_id":"Q81913465","candidates":[]}],[],[],[],[],[],[]],[[{"start":0,"end":15,"url":null,"entity_id":"Q81704734","candidates":[]}],[],[],[],[],[],[]]]}