{"version":"1.2","table":{"version":"2","table_id":"CWULRUGW","columns":[{"index":0,"name":"col0","values":["Jitsi","Cryptocat","Litecoin","Varnish","I2P","Berkeley DB","Krita","Dolphin","AppImage","TV-Browser","Linux Virtual Server","YAM","CiviCRM","Music on Console","mpg123","Pimcore","Botan","Tribler","Veyon","TeX Live"]},{"index":1,"name":"col1","values":["secure voice","Secure communication","proof-of-work","Web accelerator","Internet anonymity","embedded database","digital painting","video game console emulator","package management system","listings magazine","load balancing","email client","customer relationship management","media player","media player","master data management","application programming interface","file sharing","software","TeX"]},{"index":2,"name":"col2","values":["2003-01-01","2011-05-19","2011-10-07","2005-01-01","2001-01-01","1992-01-01","2005-06-21","2003-09-22","2004-01-01","2003-01-01","1998-05-01","1995-01-01","2005-03-01","2002-01-01","1999-01-01","2013-01-01","2000-01-01","2003-01-01","2004-01-01","1996-01-01"]}]},"context":{"page_title":null,"page_url":null,"page_entity_id":null,"content_hierarchy":[]},"links":[[[{"start":0,"end":9,"url":null,"entity_id":"Q3005864","candidates":[]}],[{"start":0,"end":20,"url":null,"entity_id":"Q7444868","candidates":[]}],[]],[[{"start":0,"end":8,"url":null,"entity_id":"Q4043030","candidates":[]}],[{"start":0,"end":13,"url":null,"entity_id":"Q7249984","candidates":[]}],[]],[[{"start":0,"end":7,"url":null,"entity_id":"Q1602447","candidates":[]}],[{"start":0,"end":15,"url":null,"entity_id":"Q4119202","candidates":[]}],[]],[[{"start":0,"end":3,"url":null,"entity_id":"Q565283","candidates":[]}],[{"start":0,"end":18,"url":null,"entity_id":"Q2747970","candidates":[]}],[]],[[{"start":0,"end":11,"url":null,"entity_id":"Q820854","candidates":[]}],[{"start":0,"end":17,"url":null,"entity_id":"Q1307492","candidates":[]}],[]],[[{"start":0,"end":5,"url":null,"entity_id":"Q604945","candidates":[]}],[{"start":0,"end":16,"url":null,"entity_id":"Q1225029","candidates":[]}],[]],[[{"start":0,"end":7,"url":null,"entity_id":"Q1236429","candidates":[]}],[{"start":0,"end":27,"url":null,"entity_id":"Q1196126","candidates":[]}],[]],[[{"start":0,"end":8,"url":null,"entity_id":"Q310877","candidates":[]}],[{"start":0,"end":25,"url":null,"entity_id":"Q891055","candidates":[]}],[]],[[{"start":0,"end":10,"url":null,"entity_id":"Q1715028","candidates":[]}],[{"start":0,"end":17,"url":null,"entity_id":"Q577487","candidates":[]}],[]],[[{"start":0,"end":20,"url":null,"entity_id":"Q1827146","candidates":[]}],[{"start":0,"end":14,"url":null,"entity_id":"Q575614","candidates":[]}],[]],[[{"start":0,"end":3,"url":null,"entity_id":"Q2600208","candidates":[]}],[{"start":0,"end":12,"url":null,"entity_id":"Q570871","candidates":[]}],[]],[[{"start":0,"end":7,"url":null,"entity_id":"Q142028","candidates":[]}],[{"start":0,"end":32,"url":null,"entity_id":"Q485643","candidates":[]}],[]],[[{"start":0,"end":16,"url":null,"entity_id":"Q307313","candidates":[]}],[{"start":0,"end":12,"url":null,"entity_id":"Q210337","candidates":[]}],[]],[[{"start":0,"end":6,"url":null,"entity_id":"Q287021","candidates":[]}],[{"start":0,"end":12,"url":null,"entity_id":"Q210337","candidates":[]}],[]],[[{"start":0,"end":7,"url":null,"entity_id":"Q3388543","candidates":[]}],[{"start":0,"end":22,"url":null,"entity_id":"Q190349","candidates":[]}],[]],[[{"start":0,"end":5,"url":null,"entity_id":"Q4948409","candidates":[]}],[{"start":0,"end":33,"url":null,"entity_id":"Q165194","candidates":[]}],[]],[[{"start":0,"end":7,"url":null,"entity_id":"Q2265158","candidates":[]}],[{"start":0,"end":12,"url":null,"entity_id":"Q22666","candidates":[]}],[]],[[{"start":0,"end":5,"url":null,"entity_id":"Q287012","candidates":[]}],[{"start":0,"end":8,"url":null,"entity_id":"Q7397","candidates":[]}],[]],[[{"start":0,"end":8,"url":null,"entity_id":"Q2002007","candidates":[]}],[{"start":0,"end":3,"url":null,"entity_id":"Q5301","candidates":[]}],[]],[[{"start":0,"end":5,"url":null,"entity_id":"Q58427","candidates":[]}],[{"start":0,"end":12,"url":null,"entity_id":"Q7444885","candidates":[]}],[]]]}