{"version":"1.2","table":{"version":"2","table_id":"CXBCCWXI","columns":[{"index":0,"name":"col0","values":["Nigeria","Sweden","Sweden","Romania","Nigeria","Romania","Venezuela","Philippines","Philippines","Spain","Philippines","United Kingdom","United States","United States","United States","United States","United States","United States","United States","Canada","Jamaica","Australia","New Zealand","United States","United States","United States","United States","United States","United States","United States","United States","United States","United States","United States","Italy","United States","Australia","Australia","United States","United States","United States","Ireland","United States","United States","United States","United States","United States","United States","United States","United States","United States","United States","United States","United States","Australia","United States","United States","Canada","United Kingdom","United States","Australia","New Zealand","United States","United States","United States","United States","United States","United States","United States","United States","Canada","New Zealand","United States","United States","Australia","Australia","United States","United States","United States","United States","United States","United States","United States","United States","United States","United States","United States","United States","United States","United States","United States","United States","Portugal","United States","United States","United States","United States","United States","United Kingdom","United States","United States","Canada","Spain","Philippines","Philippines","Philippines","Romania","Philippines","Philippines","United States","United Kingdom","United States","United States","United States","United States","United States","United States","United States","United States","United States","United States","United States","United States","United States","United States","Saudi Arabia","Colombia","Mexico","Brazil","United States","United States","Philippines","United States","United States","United States","United States","Australia","United States","United States","Italy","United States","United States","United States","United States","United States","United States","Colombia","United States","France","United States","United States","United States","United States","United States","United States","Italy","United States","United States","United States","United States","United States","United States","United States","Italy","United States","United States","United States","United States","United States","United States","United States","United States","United States","United States","United States","United States","United States","United States","United States","United States","United States","New Zealand","United States","United Kingdom","United States","United States","United States","United States","United States","United States","United States","United States","United States","United States","Canada","United States","United States","Philippines","Philippines","Philippines","Spain","Colombia","United States","United States","France","United States","United States","United States","United States","Canada","United States","United States","Panama","United States","Brazil","Panama","Peru","Mexico","Dominican Republic","Puerto Rico","Argentina","Panama","Mexico","Philippines","Philippines","Italy","Philippines","Uruguay","Philippines","Philippines","Argentina","Mexico","Philippines","Colombia","Honduras","Peru","Mexico","Philippines","Philippines","United States","Philippines","Philippines","Philippines","Argentina","Colombia","Philippines","Mexico","Costa Rica","El Salvador","Guatemala","Colombia","Mexico","Panama","Philippines","Venezuela","Philippines","Philippines","Philippines","United States","Philippines","Philippines","Philippines","Philippines","Philippines","Philippines","Philippines","Costa Rica","Spain","Paraguay","Colombia","Argentina","Mexico","Honduras","Peru","Panama","Argentina","Colombia","Panama","Guatemala","Mexico","Costa Rica","Panama","Honduras","Philippines","Italy","Philippines","Panama","Philippines","Italy","Italy","Colombia","Venezuela","Nicaragua","Spain","Uruguay","Argentina","Honduras","Ecuador","Cuba","Honduras","Peru","Argentina","Colombia","Philippines","Philippines","Philippines","Mexico","Panama","Nicaragua","Costa Rica","Philippines","Panama","Venezuela","Dominican Republic","Peru","Mexico","Cuba","United States","United States","United States","United States","United States","United States","United States","United States","United States","United States","United States","United States","United States","United States","United States","United States","United States","United States","United States","United States","United States","United States","United States","Australia","United States","United States","United States","United States","Chile","Romania","Romania","Romania","Canada","El Salvador","Philippines","Colombia","Philippines","Philippines","Seychelles","Argentina","Mexico","Romania","United States","Malaysia","Philippines","United States","Grenada","United States","Malta","United States","United Kingdom","Honduras"]},{"index":1,"name":"col1","values":["Oyo","Skane","Soedermanland","Timis","Yobe","Neamt","Anzoategui","Bicol","Caraga","Catalonia","Zamboanga Peninsula","England","Illinois","Maryland","Massachusetts","Minnesota","Nebraska","New York","Ohio","Ontario","St James","Tasmania","Waikato","Wisconsin","Alabama","Arkansas","Delaware","Maine","New Jersey","New York","North Carolina","Ohio","South Carolina","Tennessee","Lombardy","Mississippi","New South Wales","Western Australia","Wisconsin","California","Georgia","Leinster","New Hampshire","Ohio","Pennsylvania","Texas","Virginia","Alabama","Georgia","Illinois","Indiana","Massachusetts","Missouri","Montana","New South Wales","New York","Ohio","Ontario","Scotland","Texas","Victoria","Waikato","Illinois","Massachusetts","Missouri","New Hampshire","New Jersey","New York","Ohio","Oklahoma","Ontario","Otago","Pennsylvania","Rhode Island","South Australia","Tasmania","Tennessee","Washington","Illinois","Indiana","Kentucky","Maine","Missouri","New Hampshire","New Jersey","Ohio","Oregon","Pennsylvania","Tennessee","Virginia","Connecticut","Iowa","Lisbon","Maine","North Dakota","Ohio","Arkansas","California","England","Kentucky","Ohio","Ontario","Aragon","Bicol","Cagayan Valley","Caraga","Cluj","Ilocos","Western Visayas","Connecticut","England","Georgia","Iowa","Kentucky","Maine","Maryland","Michigan","Missouri","New Hampshire","New York","Ohio","Pennsylvania","Tennessee","Washington","Wisconsin","Al Madinah al Munawwarah","Cundinamarca","Guanajuato","Minas Gerais","Minnesota","New York","Northern Mindanao","Ohio","Tennessee","Texas","Washington","Western Australia","Illinois","Indiana","Lombardy","Michigan","Missouri","New Hampshire","New Mexico","Ohio","Tennessee","Caqueta","Arkansas","Corsica","Florida","Georgia","Illinois","Indiana","Iowa","Kentucky","Lombardy","Louisiana","Minnesota","Mississippi","Missouri","New York","Utah","Wisconsin","Campania","Florida","New York","Texas","Utah","California","Florida","Iowa","Maine","Maryland","Missouri","Nebraska","New Jersey","Oklahoma","Pennsylvania","South Carolina","Tennessee","Alabama","Canterbury","Connecticut","England","Georgia","Indiana","Kansas","Maine","Massachusetts","Michigan","Mississippi","New Jersey","New York","North Carolina","Nova Scotia","Ohio","Pennsylvania","Bicol","Cagayan Valley","Central Visayas","Navarre","Norte de Santander","Arkansas","Idaho","Ile-de-France","Illinois","Kentucky","Maine","Missouri","Ontario","Tennessee","Texas","Herrera","New Jersey","Rio Grande do Sul","Cocle","Ica","Michoacan","Puerto Plata","Ce adt pluo","Tierra del Fuego","Veraguas","Zacatecas","Cavite","Batangas","Calabria","Caraga","Colonia","Eastern Visayas","Ilocos","Santa Fe","Sonora","Western Visayas","Antioquia","Atlantida","Ayacucho","Baja California Sur","Bicol","Calabarzon","California","Caraga","Central Luzon","Central Visayas","Cordoba","Cundinamarca","Eastern Visayas","Guerrero","Heredia","Chalatenango","Peten","Putumayo","Veracruz","Veraguas","Western Visayas","Zulia","Camarines Sur","Catanduanes","Calabarzon","California","Caraga","Central Luzon","Central Visayas","Eastern Visayas","Mimaropa","Northern Mindanao","Western Visayas","Alajuela","Andalusia","Caaguazu","Caldas","Catamarca","Hidalgo","La Paz","Lambayeque","Los Santos","Misiones","Narino","Panama Oeste","Peten","Puebla","San Jose","Veraguas","Yoro","Calabarzon","Campania","Central Luzon","Chiriqui","Ilocos","Latium","Tuscany","Atlantico","Barinas","Boaco","Canary Islands","Canelones","Corrientes","Francisco Morazan","Guayas","Holguin","Ocotepeque","Puno","San Juan","Antioquia","Bicol","Cagayan Valley","Central Luzon","Chiapas","Chiriqui","Chontales","Heredia","Ilocos","Los Santos","Merida","Nacional","Piura","San Luis Potosi","Villa Clara","Georgia","Illinois","Michigan","Missouri","North Carolina","Tennessee","Wisconsin","Colorado","Florida","Georgia","Illinois","Kentucky","Massachusetts","Michigan","Minnesota","Missouri","Nebraska","New Hampshire","New Jersey","New York","Ohio","Oregon","Pennsylvania","Queensland","South Dakota","Tennessee","Vermont","Virginia","Araucania","Botosani","Braila","Brasov","British Columbia","Cabanas","Calabarzon","Caldas","Central Luzon","Eastern Visayas","English River","Entre Rios","Guanajuato","Iasi","Kansas","Labuan","Mimaropa","Minnesota","Saint Mark","Texas","Gozo","Virginia","Wales","Yoro"]},{"index":2,"name":"col2","values":["Bara","Bara","Groi-mou","Bara","Tgatrtei-fte to","Bâra","Barcelona","Barcelona","Fess seckesnc dyh veu","Barcelona","Po tthitoff smak","Cambridge","Cambridge","Cambridge","Cambridge","Cambridge","Cambridge","Cambridge","Cambridge","Cambridge","Cambridge","Cambridge","Cambridge","Cambridge","Camden","Camden","Camden","Camden","Camden","Camden","Camden","Camden","Camden","Camden","Como","Como","Como","Como","Como","Dublin","Dublin","Dublin","Dublin","Dublin","Dublin","Dublin","Dublin","Hamilton","Hamilton","Hamilton","Hamilton","Hamilton","Hamilton","Hamilton","Hamilton","Hamilton","Hamilton","Hamilton","Hamilton","Hamilton","Hamilton","Hamilton","Kingston","Kingston","Kingston","Kingston","Kingston","Kingston","Kingston","Kingston","Kingston","Kingston","Kingston","Kingston","Kingston","Kingston","Kingston","Kingston","Lebanon","Lebanon","Lebanon","Lebanon","Lebanon","Lebanon","Lebanon","Lebanon","Lebanon","Lebanon","Lebanon","Lebanon","Lisbon","Lisbon","Lisbon","Lisbon","Lisbon","Lisbon","London","London","London","London","London","London","Luna","Ormb kay-gleint","Luna","Luna","Luna","Stia tunt ga sla","Cuta ho","Manchester","Manchester","Manchester","Manchester","Manchester","Manchester","Manchester","Manchester","Manchester","Manchester","Manchester","Manchester","Manchester","Manchester","Manchester","Bep skai","Medina","Medina","Medina","Medina","Medina","Medina","Poumesh zae","Medina","Medina","Medina","Medina","Medina","Milan","Milan","Milan","Milan","Milan","Milan","Milan","Milan","Milan","Milán","Monticello","Monticello","Monticello","Monticello","Monticello","Monticello","Monticello","Monticello","Monticello","Monticello","Monticello","Monticello","Monticello","Monticello","Monticello","Spoach gea pruo stew","Naples","Naples","Naples","Naples","Naples","Oakland","Oakland","Oakland","Oakland","Oakland","Oakland","Oakland","Oakland","Oakland","Frio fer slaa","Oakland","Oakland","Oxford","Oxford","Oxford","Oxford","Oxford","Oxford","Oxford","Oxford","Oxford","Oxford","Oxford","Oxford","Oxford","Oxford","Oxford","Oxford","Oxford","Pamplona","Pamplona","Pamplona","Pamplona","Pamplona","Paris","Paris","Paris","Paris","Paris","Paris","Paris","Paris","Paris","Paris","París","Rio Grande","Rio Grande","Río Grande","Río Grande","I shiunk","Río Grande","Río Grande","Río Grande","Río Grande","Fbomm graeng","Rosario","Rosario","Usf itheont-bthind stra","Rosario","Rosario","Rosario","Rosario","Rosario","Rosario","Dissthen shai","San Francisco","San Francisco","Al pleu","Gam smiapt giss","Tathe stri","San Francisco","San Francisco","San Francisco","Arerad teu-bynbtbe gloef","San Francisco","San Francisco","San Francisco","San Francisco","Floupt athhathn spof flue","San Francisco","San Francisco","San Francisco","San Francisco","Creu, droft ninga sol","San Francisco","Fre vy","Su bram","San Jose","San Jose","San Jose","San Jose","San Jose","San Jose","San Jose","San Jose","San Jose","Jala anafi rtie tria","San Jose","San José","San José","San José","San José","San José","Bresaio uge tondtr criu","San José","San José","San José","San José","Yu blo zy","San José","San José","San José","San José","Dewnwad prere-n tuo","Mala-pleob edthess mau","Bllamh brae","Pempe yy-to bloav","H fli","Santa Lucia","Santa Lucia","Fua froa","Tryr slych-tei slict","Santa Lucía","Kaond hie, pia ziur","Santa Lucía","Santa Lucía","Santa Lucía","Santa Lucía","Santa Lucía","Santa Lucía","Ruisp-truim cloo","Plauv bea","Bloit ni ze","Sasinwe st fiop","Santo Domingo","Santo Domingo","Stru f truih","Santo Domingo","Lal clerr tooct","Santo Domingo","Santo Domingo","Edale-sheent clu jo","Santo Domingo","Santo Domingo","As de mych","Santo Domingo","Sma swosh-chuo","Santo Domingo","Santo Domingo","Sparta","Sparta","Sparta","Sparta","Sparta","Sparta","Sparta","Springfield","Springfield","Springfield","Springfield","Springfield","Springfield","Springfield","Springfield","Springfield","Springfield","Springfield","T ofedened drkanp my","Springfield","Springfield","Springfield","Usdtht stuz sedt pa","Springfield","Springfield","Springfield","Springfield","Springfield","Victoria","Iull huo heev","Victoria","Victoria","Victoria","Victoria","Victoria","Victoria","Victoria","Victoria","Victoria","Victoria","Victoria","Victoria","Victoria","Victoria","Victoria","Victoria","Victoria","Victoria","Victoria","Victoria","Victoria","Victoria"]}]},"context":{"page_title":null,"page_url":null,"page_entity_id":null,"content_hierarchy":[]},"links":[[[],[],[]],[[],[],[]],[[],[],[]],[[],[],[]],[[],[],[]],[[],[],[]],[[],[],[]],[[],[],[]],[[],[],[]],[[],[],[]],[[],[],[]],[[],[],[]],[[],[],[]],[[],[],[]],[[],[],[]],[[],[],[]],[[],[],[]],[[],[],[]],[[],[],[]],[[],[],[]],[[],[],[]],[[],[],[]],[[],[],[]],[[],[],[]],[[],[],[]],[[],[],[]],[[],[],[]],[[],[],[]],[[],[],[]],[[],[],[]],[[],[],[]],[[],[],[]],[[],[],[]],[[],[],[]],[[],[],[]],[[],[],[]],[[],[],[]],[[],[],[]],[[],[],[]],[[],[],[]],[[],[],[]],[[],[],[]],[[],[],[]],[[],[],[]],[[],[],[]],[[],[],[]],[[],[],[]],[[],[],[]],[[],[],[]],[[],[],[]],[[],[],[]],[[],[],[]],[[],[],[]],[[],[],[]],[[],[],[]],[[],[],[]],[[],[],[]],[[],[],[]],[[],[],[]],[[],[],[]],[[],[],[]],[[],[],[]],[[],[],[]],[[],[],[]],[[],[],[]],[[],[],[]],[[],[],[]],[[],[],[]],[[],[],[]],[[],[],[]],[[],[],[]],[[],[],[]],[[],[],[]],[[],[],[]],[[],[],[]],[[],[],[]],[[],[],[]],[[],[],[]],[[],[],[]],[[],[],[]],[[],[],[]],[[],[],[]],[[],[],[]],[[],[],[]],[[],[],[]],[[],[],[]],[[],[],[]],[[],[],[]],[[],[],[]],[[],[],[]],[[],[],[]],[[],[],[]],[[],[],[]],[[],[],[]],[[],[],[]],[[],[],[]],[[],[],[]],[[],[],[]],[[],[],[]],[[],[],[]],[[],[],[]],[[],[],[]],[[],[],[]],[[],[],[]],[[],[],[]],[[],[],[]],[[],[],[]],[[],[],[]],[[],[],[]],[[],[],[]],[[],[],[]],[[],[],[]],[[],[],[]],[[],[],[]],[[],[],[]],[[],[],[]],[[],[],[]],[[],[],[]],[[],[],[]],[[],[],[]],[[],[],[]],[[],[],[]],[[],[],[]],[[],[],[]],[[],[],[]],[[],[],[]],[[],[],[]],[[],[],[]],[[],[],[]],[[],[],[]],[[],[],[]],[[],[],[]],[[],[],[]],[[],[],[]],[[],[],[]],[[],[],[]],[[],[],[]],[[],[],[]],[[],[],[]],[[],[],[]],[[],[],[]],[[],[],[]],[[],[],[]],[[],[],[]],[[],[],[]],[[],[],[]],[[],[],[]],[[],[],[]],[[],[],[]],[[],[],[]],[[],[],[]],[[],[],[]],[[],[],[]],[[],[],[]],[[],[],[]],[[],[],[]],[[],[],[]],[[],[],[]],[[],[],[]],[[],[],[]],[[],[],[]],[[],[],[]],[[],[],[]],[[],[],[]],[[],[],[]],[[],[],[]],[[],[],[]],[[],[],[]],[[],[],[]],[[],[],[]],[[],[],[]],[[],[],[]],[[],[],[]],[[],[],[]],[[],[],[]],[[],[],[]],[[],[],[]],[[],[],[]],[[],[],[]],[[],[],[]],[[],[],[]],[[],[],[]],[[],[],[]],[[],[],[]],[[],[],[]],[[],[],[]],[[],[],[]],[[],[],[]],[[],[],[]],[[],[],[]],[[],[],[]],[[],[],[]],[[],[],[]],[[],[],[]],[[],[],[]],[[],[],[]],[[],[],[]],[[],[],[]],[[],[],[]],[[],[],[]],[[],[],[]],[[],[],[]],[[],[],[]],[[],[],[]],[[],[],[]],[[],[],[]],[[],[],[]],[[],[],[]],[[],[],[]],[[],[],[]],[[],[],[]],[[],[],[]],[[],[],[]],[[],[],[]],[[],[],[]],[[],[],[]],[[],[],[]],[[],[],[]],[[],[],[]],[[],[],[]],[[],[],[]],[[],[],[]],[[],[],[]],[[],[],[]],[[],[],[]],[[],[],[]],[[],[],[]],[[],[],[]],[[],[],[]],[[],[],[]],[[],[],[]],[[],[],[]],[[],[],[]],[[],[],[]],[[],[],[]],[[],[],[]],[[],[],[]],[[],[],[]],[[],[],[]],[[],[],[]],[[],[],[]],[[],[],[]],[[],[],[]],[[],[],[]],[[],[],[]],[[],[],[]],[[],[],[]],[[],[],[]],[[],[],[]],[[],[],[]],[[],[],[]],[[],[],[]],[[],[],[]],[[],[],[]],[[],[],[]],[[],[],[]],[[],[],[]],[[],[],[]],[[],[],[]],[[],[],[]],[[],[],[]],[[],[],[]],[[],[],[]],[[],[],[]],[[],[],[]],[[],[],[]],[[],[],[]],[[],[],[]],[[],[],[]],[[],[],[]],[[],[],[]],[[],[],[]],[[],[],[]],[[],[],[]],[[],[],[]],[[],[],[]],[[],[],[]],[[],[],[]],[[],[],[]],[[],[],[]],[[],[],[]],[[],[],[]],[[],[],[]],[[],[],[]],[[],[],[]],[[],[],[]],[[],[],[]],[[],[],[]],[[],[],[]],[[],[],[]],[[],[],[]],[[],[],[]],[[],[],[]],[[],[],[]],[[],[],[]],[[],[],[]],[[],[],[]],[[],[],[]],[[],[],[]],[[],[],[]],[[],[],[]],[[],[],[]],[[],[],[]],[[],[],[]],[[],[],[]],[[],[],[]],[[],[],[]],[[],[],[]],[[],[],[]],[[],[],[]],[[],[],[]],[[],[],[]],[[],[],[]],[[],[],[]],[[],[],[]],[[],[],[]],[[],[],[]],[[],[],[]],[[],[],[]],[[],[],[]],[[],[],[]],[[],[],[]],[[],[],[]],[[],[],[]],[[],[],[]],[[],[],[]],[[],[],[]],[[],[],[]],[[],[],[]],[[],[],[]],[[],[],[]],[[],[],[]],[[],[],[]],[[],[],[]],[[],[],[]],[[],[],[]],[[],[],[]],[[],[],[]],[[],[],[]],[[],[],[]],[[],[],[]],[[],[],[]],[[],[],[]],[[],[],[]],[[],[],[]],[[],[],[]],[[],[],[]],[[],[],[]],[[],[],[]],[[],[],[]],[[],[],[]],[[],[],[]],[[],[],[]],[[],[],[]],[[],[],[]],[[],[],[]],[[],[],[]],[[],[],[]],[[],[],[]],[[],[],[]],[[],[],[]],[[],[],[]],[[],[],[]],[[],[],[]],[[],[],[]],[[],[],[]],[[],[],[]],[[],[],[]],[[],[],[]]]}