{"version":"1.2","table":{"version":"2","table_id":"CXM7HYPT","columns":[{"index":0,"name":"col0","values":["Catalan regional election 2015 in el Vilosell","Catalan regional election 2015 in Hostalric","Catalan regional election 2015 in el Milà","Catalan regional election 2015 in Maials","Catalan regional election 2015 in Vila-sana","Catalan regional election 2015 in Guils de Cerdanya","Catalan regional election 2015 in el Masroig","Catalan regional election 2015 in Massoteres","Catalan regional election 2015 in Vilanova de Segrià","Catalan regional election 2015 in Gualta","Catalan regional election 2015 in Maspujols","Catalan regional election 2015 in Massalcoreig","Catalan regional election 2015 in Vilanova de Meià","Catalan regional election 2015 in Gombrèn","Catalan regional election 2015 in Maldà","Catalan regional election 2015 in Vilanova de l'Aguda","Catalan regional election 2015 in la Masó","Catalan regional election 2015 in Girona","Catalan regional election 2015 in Ger","Catalan regional election 2015 in Garriguella"]},{"index":1,"name":"col1","values":["146","2194","120","569","443","338","326","107","558","203","483","308","290","127","162","147","217","50294","269","458"]},{"index":2,"name":"col2","values":["164","2925","142","714","536","412","370","126","710","241","597","413","347","139","197","182","243","64156","327","552"]},{"index":3,"name":"col3","values":["146","2279","120","569","445","342","327","107","559","203","486","310","292","128","162","149","217","50479","271","463"]}]},"context":{"page_title":null,"page_url":null,"page_entity_id":null,"content_hierarchy":[]},"links":[[[{"start":0,"end":45,"url":null,"entity_id":"Q45034692","candidates":[]}],[],[],[]],[[{"start":0,"end":43,"url":null,"entity_id":"Q45034629","candidates":[]}],[],[],[]],[[{"start":0,"end":41,"url":null,"entity_id":"Q45034548","candidates":[]}],[],[],[]],[[{"start":0,"end":40,"url":null,"entity_id":"Q45034542","candidates":[]}],[],[],[]],[[{"start":0,"end":43,"url":null,"entity_id":"Q45034539","candidates":[]}],[],[],[]],[[{"start":0,"end":51,"url":null,"entity_id":"Q45034439","candidates":[]}],[],[],[]],[[{"start":0,"end":44,"url":null,"entity_id":"Q45034359","candidates":[]}],[],[],[]],[[{"start":0,"end":44,"url":null,"entity_id":"Q45034355","candidates":[]}],[],[],[]],[[{"start":0,"end":52,"url":null,"entity_id":"Q45034350","candidates":[]}],[],[],[]],[[{"start":0,"end":40,"url":null,"entity_id":"Q45034253","candidates":[]}],[],[],[]],[[{"start":0,"end":43,"url":null,"entity_id":"Q45034179","candidates":[]}],[],[],[]],[[{"start":0,"end":46,"url":null,"entity_id":"Q45034172","candidates":[]}],[],[],[]],[[{"start":0,"end":50,"url":null,"entity_id":"Q45034170","candidates":[]}],[],[],[]],[[{"start":0,"end":41,"url":null,"entity_id":"Q45034066","candidates":[]}],[],[],[]],[[{"start":0,"end":39,"url":null,"entity_id":"Q45034012","candidates":[]}],[],[],[]],[[{"start":0,"end":53,"url":null,"entity_id":"Q45034007","candidates":[]}],[],[],[]],[[{"start":0,"end":41,"url":null,"entity_id":"Q45034000","candidates":[]}],[],[],[]],[[{"start":0,"end":40,"url":null,"entity_id":"Q45033873","candidates":[]}],[],[],[]],[[{"start":0,"end":37,"url":null,"entity_id":"Q45033692","candidates":[]}],[],[],[]],[[{"start":0,"end":45,"url":null,"entity_id":"Q45033500","candidates":[]}],[],[],[]]]}