{"version":"1.2","table":{"version":"2","table_id":"CXOFE6J3","columns":[{"index":0,"name":"col0","values":["Messier 32","[T2015] nest 202202","2MASX J13001768+2757192","PGC 72977","PGC 71895","PGC 68119","PGC 66165","PGC 64488","PGC 63409","PGC 63311","PGC 53421","PGC 49439","PGC 46926","PGC 46041","PGC 35615","UGC 5288","NGC 5395","NGC 5545","IC 2554A","IC 1623-2"]},{"index":1,"name":"col1","values":["-196","4505","6848","1772.1","2610","10683","5334","2627","5761","3846","8932","5912","5213","2328","7930","554","3459","3079","1400","6087"]},{"index":2,"name":"col2","values":["40.8651694","8.98565","27.955265330124","16.81194","17.515686111","-49.431118202448","-33.2428376124758","-39.2886","-38.356072613324","54.1021528","5.5837407960924","-26.5561607764595","-19.7681576541025","35.3868028","52.9472956921577","7.82557","37.4244965756244","36.575155","-67.0308528","-17.5069556"]},{"index":3,"name":"col3","values":["0.79","69.5","100.33","26.3","34.99","173.78","59.43","33.88","82.44","38.55","125.89","80.17","47.42","33.27","122.5","11.53","50.3","48.56","17.81","80.83"]}]},"context":{"page_title":null,"page_url":null,"page_entity_id":null,"content_hierarchy":[]},"links":[[[{"start":0,"end":10,"url":null,"entity_id":"Q13720","candidates":[]}],[],[],[]],[[{"start":0,"end":19,"url":null,"entity_id":"Q74751443","candidates":[]}],[],[],[]],[[{"start":0,"end":23,"url":null,"entity_id":"Q67845559","candidates":[]}],[],[],[]],[[{"start":0,"end":9,"url":null,"entity_id":"Q60250401","candidates":[]}],[],[],[]],[[{"start":0,"end":9,"url":null,"entity_id":"Q60250027","candidates":[]}],[],[],[]],[[{"start":0,"end":9,"url":null,"entity_id":"Q60248672","candidates":[]}],[],[],[]],[[{"start":0,"end":9,"url":null,"entity_id":"Q60247912","candidates":[]}],[],[],[]],[[{"start":0,"end":9,"url":null,"entity_id":"Q60247279","candidates":[]}],[],[],[]],[[{"start":0,"end":9,"url":null,"entity_id":"Q60246997","candidates":[]}],[],[],[]],[[{"start":0,"end":9,"url":null,"entity_id":"Q60246985","candidates":[]}],[],[],[]],[[{"start":0,"end":9,"url":null,"entity_id":"Q60239190","candidates":[]}],[],[],[]],[[{"start":0,"end":9,"url":null,"entity_id":"Q60237681","candidates":[]}],[],[],[]],[[{"start":0,"end":9,"url":null,"entity_id":"Q60237282","candidates":[]}],[],[],[]],[[{"start":0,"end":9,"url":null,"entity_id":"Q60237148","candidates":[]}],[],[],[]],[[{"start":0,"end":9,"url":null,"entity_id":"Q60236741","candidates":[]}],[],[],[]],[[{"start":0,"end":8,"url":null,"entity_id":"Q60225322","candidates":[]}],[],[],[]],[[{"start":0,"end":8,"url":null,"entity_id":"Q6588432","candidates":[]}],[],[],[]],[[{"start":0,"end":8,"url":null,"entity_id":"Q5452543","candidates":[]}],[],[],[]],[[{"start":0,"end":8,"url":null,"entity_id":"Q4740568","candidates":[]}],[],[],[]],[[{"start":0,"end":9,"url":null,"entity_id":"Q3719067","candidates":[]}],[],[],[]]]}