{"version":"1.2","table":{"version":"2","table_id":"CYLMAGRC","columns":[{"index":0,"name":"col0","values":["984 Gretia","860 Ursina","410 Chloris","2188 Orlenok","1912 Anubis","793 Arizona","4365 Ivanova","Ceres","1242 Zambesia","10387 Bepicolombo","11881 Mirstation","85 Io","3 Juno","204 Kallisto","454 Mathesis","792 Metcalfia","1036 Ganymed","9932 Kopylov","53 Kalypso","4931 Tomsk"]},{"index":1,"name":"col1","values":["9.09367746361029","13.315","10.921","2.65998","3.15735","15.8045","1.0429","10.5923049396135","10.14653","12.66392","13.678","11.967","12.9817","8.272","6.29680067153217","8.61525279914916","26.644","14.16593","5.153","23.17073"]},{"index":2,"name":"col2","values":["0.197468976768123","0.105716155393517","0.241409880149667","0.0897301","0.09","0.125041858106918","0.05448","0.07578254213963266","0.1890274","0.16","0.17","0.193770551336506","0.255830202969072","0.174927086585887","0.109334770277246","0.129957399913505","0.5332347","0.09","0.206328082274637","0.28"]},{"index":3,"name":"col3","values":["14.99","16","14.49","16.42","16.86","15.55","18.24","6.79","14.58","18.05","19.11","12.53","11.61","14.19","14.17","10.33","8.1","19","14.46","18.09"]},{"index":4,"name":"col4","values":["2.80253538419953","2.79918379273836","2.7244541159323","2.9011236","2.903604","2.79502981337646","2.84974","2.767972371143729","2.7396979","2.6851328","2.6531087","2.65245926291319","2.67107347759954","2.66990856860252","2.62782454306383","2.62335377541816","2.6641454","2.5528232","2.61636285683436","2.5792967"]}]},"context":{"page_title":null,"page_url":null,"page_entity_id":null,"content_hierarchy":[]},"links":[[[{"start":0,"end":10,"url":null,"entity_id":"Q157481","candidates":[]}],[],[],[],[]],[[{"start":0,"end":11,"url":null,"entity_id":"Q152663","candidates":[]}],[],[],[],[]],[[{"start":0,"end":12,"url":null,"entity_id":"Q738540","candidates":[]}],[],[],[],[]],[[{"start":0,"end":11,"url":null,"entity_id":"Q145772","candidates":[]}],[],[],[],[]],[[{"start":0,"end":11,"url":null,"entity_id":"Q157116","candidates":[]}],[],[],[],[]],[[{"start":0,"end":12,"url":null,"entity_id":"Q153790","candidates":[]}],[],[],[],[]],[[{"start":0,"end":5,"url":null,"entity_id":"Q596","candidates":[]}],[],[],[],[]],[[{"start":0,"end":13,"url":null,"entity_id":"Q26772","candidates":[]}],[],[],[],[]],[[{"start":0,"end":17,"url":null,"entity_id":"Q121527","candidates":[]}],[],[],[],[]],[[{"start":0,"end":16,"url":null,"entity_id":"Q1195770","candidates":[]}],[],[],[],[]],[[{"start":0,"end":5,"url":null,"entity_id":"Q157425","candidates":[]}],[],[],[],[]],[[{"start":0,"end":6,"url":null,"entity_id":"Q3009","candidates":[]}],[],[],[],[]],[[{"start":0,"end":12,"url":null,"entity_id":"Q147082","candidates":[]}],[],[],[],[]],[[{"start":0,"end":12,"url":null,"entity_id":"Q154415","candidates":[]}],[],[],[],[]],[[{"start":0,"end":13,"url":null,"entity_id":"Q112338","candidates":[]}],[],[],[],[]],[[{"start":0,"end":12,"url":null,"entity_id":"Q121510","candidates":[]}],[],[],[],[]],[[{"start":0,"end":12,"url":null,"entity_id":"Q635691","candidates":[]}],[],[],[],[]],[[{"start":0,"end":10,"url":null,"entity_id":"Q155238","candidates":[]}],[],[],[],[]],[[{"start":0,"end":10,"url":null,"entity_id":"Q918034","candidates":[]}],[],[],[],[]],[[{"start":0,"end":10,"url":null,"entity_id":"Q158466","candidates":[]}],[],[],[],[]]]}