{"version":"1.2","table":{"version":"2","table_id":"CZ8XU4IK","columns":[{"index":0,"name":"col0","values":["Lanxess Arena","Sparbanken Skåne Arena","SAP Arena","Arena Nürnberger Versicherung","Centennial Hall","Festhalle Frankfurt","Rudi-Sedlmayer-Halle","Merkur Spielarena","Congress Center Hamburg","Auditorio Nacional","PPG Paints Arena","Spodek","Sporthalle","Madison Square Garden","Sala Polivalentă","Hagan Arena","Athletics Center O'rena","Bill Graham Civic Auditorium","L'Àgora","Palais des Sports"]},{"index":1,"name":"col1","values":["Deutz","Lund","Mannheim","Nuremberg","Wrocław","Frankfurt am Main","Munich","Düsseldorf","St. Pauli","Mexico City","Pittsburgh","Katowice","Cologne","New York City","Tineretului Park","Saint Joseph's University","Oakland University","Civic Center","City of Arts and Sciences","15th arrondissement of Paris"]},{"index":2,"name":"col2","values":["1998-10-05","2008-09-01","2005-09-02","2001-02-15","1913-05-20","1909-05-19","1972-01-01","2004-01-01","1973-01-01","1952-01-01","2010-08-18","1971-05-09","1958-01-01","1968-02-11","1974-01-01","1949-11-11","1998-11-16","1915-01-01","2009-01-01","1960-01-01"]},{"index":3,"name":"col3","values":["20000","4400","15000","11000","7200","13500","6700","9917","12500","10000","18387","11500","8000","19812","5300","3200","3000","7000","6075","4500"]}]},"context":{"page_title":null,"page_url":null,"page_entity_id":null,"content_hierarchy":[]},"links":[[[{"start":0,"end":13,"url":null,"entity_id":"Q310525","candidates":[]}],[{"start":0,"end":5,"url":null,"entity_id":"Q3621","candidates":[]}],[],[]],[[{"start":0,"end":22,"url":null,"entity_id":"Q1478891","candidates":[]}],[{"start":0,"end":4,"url":null,"entity_id":"Q2167","candidates":[]}],[],[]],[[{"start":0,"end":9,"url":null,"entity_id":"Q125432","candidates":[]}],[{"start":0,"end":8,"url":null,"entity_id":"Q2119","candidates":[]}],[],[]],[[{"start":0,"end":29,"url":null,"entity_id":"Q460855","candidates":[]}],[{"start":0,"end":9,"url":null,"entity_id":"Q2090","candidates":[]}],[],[]],[[{"start":0,"end":15,"url":null,"entity_id":"Q155743","candidates":[]}],[{"start":0,"end":7,"url":null,"entity_id":"Q1799","candidates":[]}],[],[]],[[{"start":0,"end":19,"url":null,"entity_id":"Q59518","candidates":[]}],[{"start":0,"end":17,"url":null,"entity_id":"Q1794","candidates":[]}],[],[]],[[{"start":0,"end":20,"url":null,"entity_id":"Q328464","candidates":[]}],[{"start":0,"end":6,"url":null,"entity_id":"Q1726","candidates":[]}],[],[]],[[{"start":0,"end":17,"url":null,"entity_id":"Q155351","candidates":[]}],[{"start":0,"end":10,"url":null,"entity_id":"Q1718","candidates":[]}],[],[]],[[{"start":0,"end":23,"url":null,"entity_id":"Q896114","candidates":[]}],[{"start":0,"end":9,"url":null,"entity_id":"Q1556","candidates":[]}],[],[]],[[{"start":0,"end":18,"url":null,"entity_id":"Q286179","candidates":[]}],[{"start":0,"end":11,"url":null,"entity_id":"Q1489","candidates":[]}],[],[]],[[{"start":0,"end":16,"url":null,"entity_id":"Q595460","candidates":[]}],[{"start":0,"end":10,"url":null,"entity_id":"Q1342","candidates":[]}],[],[]],[[{"start":0,"end":6,"url":null,"entity_id":"Q1051683","candidates":[]}],[{"start":0,"end":8,"url":null,"entity_id":"Q588","candidates":[]}],[],[]],[[{"start":0,"end":10,"url":null,"entity_id":"Q608981","candidates":[]}],[{"start":0,"end":7,"url":null,"entity_id":"Q365","candidates":[]}],[],[]],[[{"start":0,"end":21,"url":null,"entity_id":"Q186125","candidates":[]}],[{"start":0,"end":13,"url":null,"entity_id":"Q60","candidates":[]}],[],[]],[[{"start":0,"end":16,"url":null,"entity_id":"Q2654347","candidates":[]}],[{"start":0,"end":16,"url":null,"entity_id":"Q2340319","candidates":[]}],[],[]],[[{"start":0,"end":11,"url":null,"entity_id":"Q5638522","candidates":[]}],[{"start":0,"end":25,"url":null,"entity_id":"Q1475413","candidates":[]}],[],[]],[[{"start":0,"end":23,"url":null,"entity_id":"Q4813778","candidates":[]}],[{"start":0,"end":18,"url":null,"entity_id":"Q782116","candidates":[]}],[],[]],[[{"start":0,"end":28,"url":null,"entity_id":"Q4909197","candidates":[]}],[{"start":0,"end":12,"url":null,"entity_id":"Q267874","candidates":[]}],[],[]],[[{"start":0,"end":7,"url":null,"entity_id":"Q2634180","candidates":[]}],[{"start":0,"end":25,"url":null,"entity_id":"Q239935","candidates":[]}],[],[]],[[{"start":0,"end":17,"url":null,"entity_id":"Q2234305","candidates":[]}],[{"start":0,"end":28,"url":null,"entity_id":"Q191066","candidates":[]}],[],[]]]}