{"version":"1.2","table":{"version":"2","table_id":"CZMBKUVQ","columns":[{"index":0,"name":"col0","values":["2MASS J10440209-5937522","Cl Trumpler 16 207","[AMM2003] 10","Cl* Trumpler 14 VBF 319","2MASS J10444178-5921329","Cl Trumpler 16 18","DETWC Tr 14 J104449.0-594340","CPD-59 2618","2MASS J21384544+5728230","2MASS J21372368+5731538","2MASS J21372828+5720326","[SHB2004] Trumpler 37 14-183","HJM E 4-4","BYB 53","Hn 18","Glass Q","HJM C 6-2","HJM E 2-9","HJM E 4-3","Hn 21W"]},{"index":1,"name":"col1","values":["14.835","13.464","17.485","16.732","11.49","12.111","16.728","11.794","17.552","17.07","16.697","16.61","14.63","9.547","10.797","14.97","17.93","11.196","13.29","18.2"]},{"index":2,"name":"col2","values":["-59.6311203467247","-59.6567678589634","-59.6561868382","-59.5550987451505","-59.3591606441842","-59.7095035551164","-59.7287482424039","-59.7207830911391","57.4730465180177","57.5316348110885","57.3423556572323","57.5280141890767","-77.0179011143819","-77.5607806860982","-76.4896875021235","-77.5444093329386","-77.2832219634849","-76.7851712990947","-76.9778071148358","-77.5517781170765"]},{"index":3,"name":"col3","values":["-6.811","-7.063","-6.666","-6.538","-6.165","-7.265","-6.293","-6.867","-4.915","-4.383","-2.872","-5.133","-23.532","-22.766","-22.226","-20","-23.421","-22.302","-22.777","-22.594"]},{"index":4,"name":"col4","values":["75","1.5","24","27","135","95","109.4","195","27.1","20.4","6.7","12.8","11.8","15.8","9","24","9.6","8.7","14.3","19.1"]}]},"context":{"page_title":null,"page_url":null,"page_entity_id":null,"content_hierarchy":[]},"links":[[[{"start":0,"end":18,"url":null,"entity_id":"Q77585292","candidates":[]}],[],[],[],[]],[[{"start":0,"end":12,"url":null,"entity_id":"Q77583208","candidates":[]}],[],[],[],[]],[[{"start":0,"end":23,"url":null,"entity_id":"Q77583117","candidates":[]}],[],[],[],[]],[[{"start":0,"end":23,"url":null,"entity_id":"Q77582424","candidates":[]}],[],[],[],[]],[[{"start":0,"end":17,"url":null,"entity_id":"Q77579297","candidates":[]}],[],[],[],[]],[[{"start":0,"end":28,"url":null,"entity_id":"Q77579196","candidates":[]}],[],[],[],[]],[[{"start":0,"end":11,"url":null,"entity_id":"Q77578803","candidates":[]}],[],[],[],[]],[[{"start":0,"end":23,"url":null,"entity_id":"Q76843115","candidates":[]}],[],[],[],[]],[[{"start":0,"end":23,"url":null,"entity_id":"Q76842826","candidates":[]}],[],[],[],[]],[[{"start":0,"end":23,"url":null,"entity_id":"Q76839598","candidates":[]}],[],[],[],[]],[[{"start":0,"end":28,"url":null,"entity_id":"Q76834745","candidates":[]}],[],[],[],[]],[[{"start":0,"end":9,"url":null,"entity_id":"Q75282892","candidates":[]}],[],[],[],[]],[[{"start":0,"end":6,"url":null,"entity_id":"Q75278307","candidates":[]}],[],[],[],[]],[[{"start":0,"end":5,"url":null,"entity_id":"Q75276614","candidates":[]}],[],[],[],[]],[[{"start":0,"end":7,"url":null,"entity_id":"Q75272017","candidates":[]}],[],[],[],[]],[[{"start":0,"end":9,"url":null,"entity_id":"Q75262676","candidates":[]}],[],[],[],[]],[[{"start":0,"end":9,"url":null,"entity_id":"Q75259716","candidates":[]}],[],[],[],[]],[[{"start":0,"end":9,"url":null,"entity_id":"Q75259068","candidates":[]}],[],[],[],[]],[[{"start":0,"end":6,"url":null,"entity_id":"Q75253694","candidates":[]}],[],[],[],[]],[[{"start":0,"end":23,"url":null,"entity_id":"Q77586090","candidates":[]}],[],[],[],[]]]}