{"version":"1.2","table":{"version":"2","table_id":"D22NI9RV","columns":[{"index":0,"name":"col0","values":["Concord Oval","Olympic Stadium","Stadium Lille Métropole","Lansdowne Road","Ellis Park Stadium","Stadio Tre Fontane","Hampden Park","Solitude","MOSiR Stadium","Estadio Centenario","Sportpark Höhenberg","Rudolf-Kalweit-Stadion","Stadio Fratelli Paschiero","Südstadion","Stebonheath Park","Stadio Flaminio","Stadio Nazionale PNF","RheinEnergie Stadion","Het Houten Stadion","Estadio Campeón del Siglo"]},{"index":1,"name":"col1","values":["lawn","lawn","lawn","lawn","lawn","lawn","lawn","artificial turf","lawn","lawn","lawn","lawn","lawn","lawn","lawn","lawn","lawn","lawn","lawn","lawn"]},{"index":2,"name":"col2","values":["West Harbour RFC","WTS Wrocław","E.S. Wasquehal","Irish Rugby Football Union","Lions","Rugby Roma","Queen's Park F.C.","Cliftonville F.C.","Lechia Gdańsk","Uruguayan Football Association","FC Viktoria Köln","SV Arminia Hannover","A.C. Cuneo 1905","SC Fortuna Köln","Llanelli A.F.C.","Italian Football Federation","Italy national rugby union team","1. FC Köln","AFC Ajax","Club Atlético Peñarol"]}]},"context":{"page_title":null,"page_url":null,"page_entity_id":null,"content_hierarchy":[]},"links":[[[{"start":0,"end":12,"url":null,"entity_id":"Q5158833","candidates":[]}],[{"start":0,"end":4,"url":null,"entity_id":"Q207766","candidates":[]}],[{"start":0,"end":16,"url":null,"entity_id":"Q3567424","candidates":[]}]],[[{"start":0,"end":15,"url":null,"entity_id":"Q1787930","candidates":[]}],[{"start":0,"end":4,"url":null,"entity_id":"Q207766","candidates":[]}],[{"start":0,"end":11,"url":null,"entity_id":"Q3564809","candidates":[]}]],[[{"start":0,"end":23,"url":null,"entity_id":"Q1510204","candidates":[]}],[{"start":0,"end":4,"url":null,"entity_id":"Q207766","candidates":[]}],[{"start":0,"end":14,"url":null,"entity_id":"Q2529430","candidates":[]}]],[[{"start":0,"end":14,"url":null,"entity_id":"Q601162","candidates":[]}],[{"start":0,"end":4,"url":null,"entity_id":"Q207766","candidates":[]}],[{"start":0,"end":26,"url":null,"entity_id":"Q1672926","candidates":[]}]],[[{"start":0,"end":18,"url":null,"entity_id":"Q182081","candidates":[]}],[{"start":0,"end":4,"url":null,"entity_id":"Q207766","candidates":[]}],[{"start":0,"end":5,"url":null,"entity_id":"Q1210146","candidates":[]}]],[[{"start":0,"end":18,"url":null,"entity_id":"Q3496273","candidates":[]}],[{"start":0,"end":4,"url":null,"entity_id":"Q207766","candidates":[]}],[{"start":0,"end":10,"url":null,"entity_id":"Q969462","candidates":[]}]],[[{"start":0,"end":12,"url":null,"entity_id":"Q193651","candidates":[]}],[{"start":0,"end":4,"url":null,"entity_id":"Q207766","candidates":[]}],[{"start":0,"end":17,"url":null,"entity_id":"Q852753","candidates":[]}]],[[{"start":0,"end":8,"url":null,"entity_id":"Q1246579","candidates":[]}],[{"start":0,"end":15,"url":null,"entity_id":"Q311935","candidates":[]}],[{"start":0,"end":17,"url":null,"entity_id":"Q779835","candidates":[]}]],[[{"start":0,"end":13,"url":null,"entity_id":"Q1856079","candidates":[]}],[{"start":0,"end":4,"url":null,"entity_id":"Q207766","candidates":[]}],[{"start":0,"end":13,"url":null,"entity_id":"Q734785","candidates":[]}]],[[{"start":0,"end":18,"url":null,"entity_id":"Q498245","candidates":[]}],[{"start":0,"end":4,"url":null,"entity_id":"Q207766","candidates":[]}],[{"start":0,"end":30,"url":null,"entity_id":"Q722749","candidates":[]}]],[[{"start":0,"end":19,"url":null,"entity_id":"Q2312740","candidates":[]}],[{"start":0,"end":4,"url":null,"entity_id":"Q207766","candidates":[]}],[{"start":0,"end":16,"url":null,"entity_id":"Q695008","candidates":[]}]],[[{"start":0,"end":22,"url":null,"entity_id":"Q2172258","candidates":[]}],[{"start":0,"end":4,"url":null,"entity_id":"Q207766","candidates":[]}],[{"start":0,"end":19,"url":null,"entity_id":"Q639482","candidates":[]}]],[[{"start":0,"end":25,"url":null,"entity_id":"Q3967793","candidates":[]}],[{"start":0,"end":4,"url":null,"entity_id":"Q207766","candidates":[]}],[{"start":0,"end":15,"url":null,"entity_id":"Q609554","candidates":[]}]],[[{"start":0,"end":10,"url":null,"entity_id":"Q2381493","candidates":[]}],[{"start":0,"end":4,"url":null,"entity_id":"Q207766","candidates":[]}],[{"start":0,"end":15,"url":null,"entity_id":"Q310608","candidates":[]}]],[[{"start":0,"end":16,"url":null,"entity_id":"Q2335429","candidates":[]}],[{"start":0,"end":4,"url":null,"entity_id":"Q207766","candidates":[]}],[{"start":0,"end":15,"url":null,"entity_id":"Q291848","candidates":[]}]],[[{"start":0,"end":15,"url":null,"entity_id":"Q1348100","candidates":[]}],[{"start":0,"end":4,"url":null,"entity_id":"Q207766","candidates":[]}],[{"start":0,"end":27,"url":null,"entity_id":"Q201897","candidates":[]}]],[[{"start":0,"end":20,"url":null,"entity_id":"Q642958","candidates":[]}],[{"start":0,"end":4,"url":null,"entity_id":"Q207766","candidates":[]}],[{"start":0,"end":31,"url":null,"entity_id":"Q113135","candidates":[]}]],[[{"start":0,"end":20,"url":null,"entity_id":"Q151893","candidates":[]}],[{"start":0,"end":4,"url":null,"entity_id":"Q207766","candidates":[]}],[{"start":0,"end":10,"url":null,"entity_id":"Q104770","candidates":[]}]],[[{"start":0,"end":18,"url":null,"entity_id":"Q2552609","candidates":[]}],[{"start":0,"end":4,"url":null,"entity_id":"Q207766","candidates":[]}],[{"start":0,"end":8,"url":null,"entity_id":"Q81888","candidates":[]}]],[[{"start":0,"end":25,"url":null,"entity_id":"Q16564746","candidates":[]}],[{"start":0,"end":4,"url":null,"entity_id":"Q207766","candidates":[]}],[{"start":0,"end":21,"url":null,"entity_id":"Q16320","candidates":[]}]]]}