{"version":"1.2","table":{"version":"2","table_id":"D4LJGMPL","columns":[{"index":0,"name":"col0","values":["Sakaechō Station","Hondōri Station","Hijiyama-bashi Station","Asnières Quatre Routes (tramway d'Île-de-France)","Porte de l'Essonne","Bondy","Halkapınar Transfer Center","Bethesda Station","College Park–University of Maryland Station","Palais-de-Justice","15th Street","Ngan Wai stop","Chestwood stop","Hucknall station","Susukino Station","gare de Suresnes-Longchamp","Embarcadero station","Balboa Park station","Evergem railway station","Pennsylvania Station"]},{"index":1,"name":"col1","values":["1979-01-01","1912-11-23","1944-12-27","2019-10-12","2013-11-16","2006-01-01","1865-07-20","1984-08-25","1993-12-11","2007-06-30","1907-01-01","1988-09-18","1995-03-26","1848-10-02","1971-01-01","1889-01-01","1980-02-01","1973-11-03","1861-06-25","1911-01-01"]},{"index":2,"name":"col2","values":["Tokyo Metropolitan Bureau of Transportation","Hiroshima Electric Railway","Hiroshima Electric Railway","RATP","RATP","SNCF","İZBAN A.Ş.","Washington Metropolitan Area Transit Authority","Washington Metropolitan Area Transit Authority","Tisséo","Southeastern Pennsylvania Transportation Authority","MTR Corporation Limited","MTR Corporation Limited","East Midlands Trains","Sapporo Municipal Subway","RATP","Bay Area Rapid Transit","Bay Area Rapid Transit","SNCB/NMBS","Amtrak"]}]},"context":{"page_title":null,"page_url":null,"page_entity_id":null,"content_hierarchy":[]},"links":[[[{"start":0,"end":16,"url":null,"entity_id":"Q11535731","candidates":[]}],[],[{"start":0,"end":43,"url":null,"entity_id":"Q1377135","candidates":[]}]],[[{"start":0,"end":15,"url":null,"entity_id":"Q13107702","candidates":[]}],[],[{"start":0,"end":26,"url":null,"entity_id":"Q1196530","candidates":[]}]],[[{"start":0,"end":22,"url":null,"entity_id":"Q11547465","candidates":[]}],[],[{"start":0,"end":26,"url":null,"entity_id":"Q1196530","candidates":[]}]],[[{"start":0,"end":48,"url":null,"entity_id":"Q71786998","candidates":[]}],[],[{"start":0,"end":4,"url":null,"entity_id":"Q643290","candidates":[]}]],[[{"start":0,"end":18,"url":null,"entity_id":"Q28746039","candidates":[]}],[],[{"start":0,"end":4,"url":null,"entity_id":"Q643290","candidates":[]}]],[[{"start":0,"end":5,"url":null,"entity_id":"Q76999471","candidates":[]}],[],[{"start":0,"end":4,"url":null,"entity_id":"Q13646","candidates":[]}]],[[{"start":0,"end":26,"url":null,"entity_id":"Q3126014","candidates":[]}],[],[{"start":0,"end":10,"url":null,"entity_id":"Q16850711","candidates":[]}]],[[{"start":0,"end":16,"url":null,"entity_id":"Q3565966","candidates":[]}],[],[{"start":0,"end":46,"url":null,"entity_id":"Q7972051","candidates":[]}]],[[{"start":0,"end":43,"url":null,"entity_id":"Q3563737","candidates":[]}],[],[{"start":0,"end":46,"url":null,"entity_id":"Q7972051","candidates":[]}]],[[{"start":0,"end":17,"url":null,"entity_id":"Q3360807","candidates":[]}],[],[{"start":0,"end":6,"url":null,"entity_id":"Q3529461","candidates":[]}]],[[{"start":0,"end":11,"url":null,"entity_id":"Q4551050","candidates":[]}],[],[{"start":0,"end":50,"url":null,"entity_id":"Q2037863","candidates":[]}]],[[{"start":0,"end":13,"url":null,"entity_id":"Q4121065","candidates":[]}],[],[{"start":0,"end":23,"url":null,"entity_id":"Q1479375","candidates":[]}]],[[{"start":0,"end":14,"url":null,"entity_id":"Q4027195","candidates":[]}],[],[{"start":0,"end":23,"url":null,"entity_id":"Q1479375","candidates":[]}]],[[{"start":0,"end":16,"url":null,"entity_id":"Q2393008","candidates":[]}],[],[{"start":0,"end":20,"url":null,"entity_id":"Q1277954","candidates":[]}]],[[{"start":0,"end":16,"url":null,"entity_id":"Q3563658","candidates":[]}],[],[{"start":0,"end":24,"url":null,"entity_id":"Q736098","candidates":[]}]],[[{"start":0,"end":26,"url":null,"entity_id":"Q3097794","candidates":[]}],[],[{"start":0,"end":4,"url":null,"entity_id":"Q643290","candidates":[]}]],[[{"start":0,"end":19,"url":null,"entity_id":"Q3866549","candidates":[]}],[],[{"start":0,"end":22,"url":null,"entity_id":"Q610120","candidates":[]}]],[[{"start":0,"end":19,"url":null,"entity_id":"Q3376646","candidates":[]}],[],[{"start":0,"end":22,"url":null,"entity_id":"Q610120","candidates":[]}]],[[{"start":0,"end":23,"url":null,"entity_id":"Q2661638","candidates":[]}],[],[{"start":0,"end":9,"url":null,"entity_id":"Q524255","candidates":[]}]],[[{"start":0,"end":20,"url":null,"entity_id":"Q3374785","candidates":[]}],[],[{"start":0,"end":6,"url":null,"entity_id":"Q23239","candidates":[]}]]]}