{"version":"1.2","table":{"version":"2","table_id":"D4MKJQMN","columns":[{"index":0,"name":"col0","values":["Kubo and the Two Strings","Pete's Dragon","Sing","Rogue One","The Secret Life of Pets","Captain Underpants: The First Epic Movie","Guardians of the Galaxy Vol. 2","Captain America: Civil War","Alice Through the Looking Glass","The Jungle Book","Smurfs: The Lost Village","The Boss Baby","Toy Story 4","The Star","Sahara","Peter Rabbit","Ralph Breaks the Internet","Spider-Man: Homecoming","How to Train Your Dragon: The Hidden World","Despicable Me 3","Cars 3","Sherlock Gnomes","The Nut Job 2: Nutty by Nature","The LEGO Batman Movie","Storks","Abominable","Wonder Park"]},{"index":1,"name":"col1","values":["United States of America","United States of America","United States of America","United States of America","United States of America","United States of America","United States of America","United States of America","United States of America","United States of America","United States of America","United States of America","United States of America","United States of America","Canada","United States of America","United States of America","United States of America","United States of America","United States of America","United States of America","United States of America","United States of America","United States of America","United States of America","United States of America","Spain"]},{"index":2,"name":"col2","values":["no age restriction (U)","no age restriction (U)","no age restriction (U)","no age restriction (U)","no age restriction (U)","no age restriction (U)","no age restriction (U)","no age restriction (U)","no age restriction (U)","no age restriction (U)","no age restriction (U)","no age restriction (U)","no age restriction (U)","no age restriction (U)","no age restriction (U)","no age restriction (U)","no age restriction (U)","no age restriction (U)","no age restriction (U)","no age restriction (U)","no age restriction (U)","no age restriction (U)","no age restriction (U)","no age restriction (U)","no age restriction (U)","no age restriction (U)","no age restriction (U)"]},{"index":3,"name":"col3","values":["Art Parkinson","John Kassir","Scarlett Johansson","Sam Witwer","Louis C.K.","Grey DeLisle","Miley Cyrus","Kerry Condon","Alan Rickman","Bill Murray","Ariel Winter","Jimmy Kimmel","Tom Hanks","Steven Yeun","Omar Sy","Sia","Idina Menzel","Jennifer Connelly","Craig Ferguson","Trey Parker","Paul Newman","Johnny Depp","Jackie Chan","Ralph Fiennes","Stephen Kramer Glickman","Eddie Izzard","Matthew Broderick"]}]},"context":{"page_title":null,"page_url":null,"page_entity_id":null,"content_hierarchy":[]},"links":[[[{"start":0,"end":13,"url":null,"entity_id":"Q18786473","candidates":[]}],[{"start":0,"end":24,"url":null,"entity_id":"Q30","candidates":[]}],[{"start":0,"end":22,"url":null,"entity_id":"Q23817729","candidates":[]}],[{"start":0,"end":11,"url":null,"entity_id":"Q1582689","candidates":[]}]],[[{"start":0,"end":4,"url":null,"entity_id":"Q20762698","candidates":[]}],[{"start":0,"end":24,"url":null,"entity_id":"Q30","candidates":[]}],[{"start":0,"end":22,"url":null,"entity_id":"Q23817729","candidates":[]}],[{"start":0,"end":18,"url":null,"entity_id":"Q34436","candidates":[]}]],[[{"start":0,"end":9,"url":null,"entity_id":"Q19590955","candidates":[]}],[{"start":0,"end":24,"url":null,"entity_id":"Q30","candidates":[]}],[{"start":0,"end":22,"url":null,"entity_id":"Q23817729","candidates":[]}],[{"start":0,"end":10,"url":null,"entity_id":"Q18918","candidates":[]}]],[[{"start":0,"end":23,"url":null,"entity_id":"Q18844656","candidates":[]}],[{"start":0,"end":24,"url":null,"entity_id":"Q30","candidates":[]}],[{"start":0,"end":22,"url":null,"entity_id":"Q23817729","candidates":[]}],[{"start":0,"end":10,"url":null,"entity_id":"Q15079","candidates":[]}]],[[{"start":0,"end":40,"url":null,"entity_id":"Q20979182","candidates":[]}],[{"start":0,"end":24,"url":null,"entity_id":"Q30","candidates":[]}],[{"start":0,"end":22,"url":null,"entity_id":"Q23817729","candidates":[]}],[{"start":0,"end":12,"url":null,"entity_id":"Q13938","candidates":[]}]],[[{"start":0,"end":30,"url":null,"entity_id":"Q20001199","candidates":[]}],[{"start":0,"end":24,"url":null,"entity_id":"Q30","candidates":[]}],[{"start":0,"end":22,"url":null,"entity_id":"Q23817729","candidates":[]}],[{"start":0,"end":11,"url":null,"entity_id":"Q4235","candidates":[]}]],[[{"start":0,"end":26,"url":null,"entity_id":"Q18407657","candidates":[]}],[{"start":0,"end":24,"url":null,"entity_id":"Q30","candidates":[]}],[{"start":0,"end":22,"url":null,"entity_id":"Q23817729","candidates":[]}],[{"start":0,"end":12,"url":null,"entity_id":"Q257625","candidates":[]}]],[[{"start":0,"end":31,"url":null,"entity_id":"Q17485699","candidates":[]}],[{"start":0,"end":24,"url":null,"entity_id":"Q30","candidates":[]}],[{"start":0,"end":22,"url":null,"entity_id":"Q23817729","candidates":[]}],[{"start":0,"end":12,"url":null,"entity_id":"Q106481","candidates":[]}]],[[{"start":0,"end":15,"url":null,"entity_id":"Q16857406","candidates":[]}],[{"start":0,"end":24,"url":null,"entity_id":"Q30","candidates":[]}],[{"start":0,"end":22,"url":null,"entity_id":"Q23817729","candidates":[]}],[{"start":0,"end":11,"url":null,"entity_id":"Q29250","candidates":[]}]],[[{"start":0,"end":24,"url":null,"entity_id":"Q15985075","candidates":[]}],[{"start":0,"end":24,"url":null,"entity_id":"Q30","candidates":[]}],[{"start":0,"end":22,"url":null,"entity_id":"Q23817729","candidates":[]}],[{"start":0,"end":12,"url":null,"entity_id":"Q26378","candidates":[]}]],[[{"start":0,"end":13,"url":null,"entity_id":"Q18619153","candidates":[]}],[{"start":0,"end":24,"url":null,"entity_id":"Q30","candidates":[]}],[{"start":0,"end":22,"url":null,"entity_id":"Q23817729","candidates":[]}],[{"start":0,"end":12,"url":null,"entity_id":"Q4914","candidates":[]}]],[[{"start":0,"end":11,"url":null,"entity_id":"Q18517638","candidates":[]}],[{"start":0,"end":24,"url":null,"entity_id":"Q30","candidates":[]}],[{"start":0,"end":22,"url":null,"entity_id":"Q23817729","candidates":[]}],[{"start":0,"end":9,"url":null,"entity_id":"Q2263","candidates":[]}]],[[{"start":0,"end":8,"url":null,"entity_id":"Q28173261","candidates":[]}],[{"start":0,"end":24,"url":null,"entity_id":"Q30","candidates":[]}],[{"start":0,"end":22,"url":null,"entity_id":"Q23817729","candidates":[]}],[{"start":0,"end":11,"url":null,"entity_id":"Q552176","candidates":[]}]],[[{"start":0,"end":6,"url":null,"entity_id":"Q28233477","candidates":[]}],[{"start":0,"end":6,"url":null,"entity_id":"Q16","candidates":[]}],[{"start":0,"end":22,"url":null,"entity_id":"Q23817729","candidates":[]}],[{"start":0,"end":7,"url":null,"entity_id":"Q357387","candidates":[]}]],[[{"start":0,"end":12,"url":null,"entity_id":"Q27964337","candidates":[]}],[{"start":0,"end":24,"url":null,"entity_id":"Q30","candidates":[]}],[{"start":0,"end":22,"url":null,"entity_id":"Q23817729","candidates":[]}],[{"start":0,"end":3,"url":null,"entity_id":"Q181484","candidates":[]}]],[[{"start":0,"end":25,"url":null,"entity_id":"Q25167044","candidates":[]}],[{"start":0,"end":24,"url":null,"entity_id":"Q30","candidates":[]}],[{"start":0,"end":22,"url":null,"entity_id":"Q23817729","candidates":[]}],[{"start":0,"end":12,"url":null,"entity_id":"Q157400","candidates":[]}]],[[{"start":0,"end":22,"url":null,"entity_id":"Q23010088","candidates":[]}],[{"start":0,"end":24,"url":null,"entity_id":"Q30","candidates":[]}],[{"start":0,"end":22,"url":null,"entity_id":"Q23817729","candidates":[]}],[{"start":0,"end":17,"url":null,"entity_id":"Q103343","candidates":[]}]],[[{"start":0,"end":42,"url":null,"entity_id":"Q22970530","candidates":[]}],[{"start":0,"end":24,"url":null,"entity_id":"Q30","candidates":[]}],[{"start":0,"end":22,"url":null,"entity_id":"Q23817729","candidates":[]}],[{"start":0,"end":14,"url":null,"entity_id":"Q72867","candidates":[]}]],[[{"start":0,"end":15,"url":null,"entity_id":"Q22997984","candidates":[]}],[{"start":0,"end":24,"url":null,"entity_id":"Q30","candidates":[]}],[{"start":0,"end":22,"url":null,"entity_id":"Q23817729","candidates":[]}],[{"start":0,"end":11,"url":null,"entity_id":"Q44414","candidates":[]}]],[[{"start":0,"end":6,"url":null,"entity_id":"Q21079862","candidates":[]}],[{"start":0,"end":24,"url":null,"entity_id":"Q30","candidates":[]}],[{"start":0,"end":22,"url":null,"entity_id":"Q23817729","candidates":[]}],[{"start":0,"end":11,"url":null,"entity_id":"Q41871","candidates":[]}]],[[{"start":0,"end":15,"url":null,"entity_id":"Q24904727","candidates":[]}],[{"start":0,"end":24,"url":null,"entity_id":"Q30","candidates":[]}],[{"start":0,"end":22,"url":null,"entity_id":"Q23817729","candidates":[]}],[{"start":0,"end":11,"url":null,"entity_id":"Q37175","candidates":[]}]],[[{"start":0,"end":30,"url":null,"entity_id":"Q22000483","candidates":[]}],[{"start":0,"end":24,"url":null,"entity_id":"Q30","candidates":[]}],[{"start":0,"end":22,"url":null,"entity_id":"Q23817729","candidates":[]}],[{"start":0,"end":11,"url":null,"entity_id":"Q36970","candidates":[]}]],[[{"start":0,"end":21,"url":null,"entity_id":"Q23013169","candidates":[]}],[{"start":0,"end":24,"url":null,"entity_id":"Q30","candidates":[]}],[{"start":0,"end":22,"url":null,"entity_id":"Q23817729","candidates":[]}],[{"start":0,"end":13,"url":null,"entity_id":"Q28493","candidates":[]}]],[[{"start":0,"end":6,"url":null,"entity_id":"Q21450480","candidates":[]}],[{"start":0,"end":24,"url":null,"entity_id":"Q30","candidates":[]}],[{"start":0,"end":22,"url":null,"entity_id":"Q23817729","candidates":[]}],[{"start":0,"end":23,"url":null,"entity_id":"Q25890","candidates":[]}]],[[{"start":0,"end":10,"url":null,"entity_id":"Q55087665","candidates":[]}],[{"start":0,"end":24,"url":null,"entity_id":"Q30","candidates":[]}],[{"start":0,"end":22,"url":null,"entity_id":"Q23817729","candidates":[]}],[{"start":0,"end":12,"url":null,"entity_id":"Q254022","candidates":[]}]],[[{"start":0,"end":11,"url":null,"entity_id":"Q28869533","candidates":[]}],[{"start":0,"end":5,"url":null,"entity_id":"Q29","candidates":[]}],[{"start":0,"end":22,"url":null,"entity_id":"Q23817729","candidates":[]}],[{"start":0,"end":17,"url":null,"entity_id":"Q28755","candidates":[]}]],[[{"start":0,"end":24,"url":null,"entity_id":"Q18786471","candidates":[]}],[{"start":0,"end":24,"url":null,"entity_id":"Q30","candidates":[]}],[{"start":0,"end":22,"url":null,"entity_id":"Q23817729","candidates":[]}],[{"start":0,"end":13,"url":null,"entity_id":"Q15069989","candidates":[]}]]]}