{"version":"1.2","table":{"version":"2","table_id":"D4OPTMET","columns":[{"index":0,"name":"col0","values":["Hurricane Igor","Hurricane Debby","Hurricane Bret","Hurricane Nora","Hurricane Dennis","Hurricane Ike","Hurricane Fox","Hurricane Charlie","Hurricane Juliette","Hurricane Gustav","Hurricane King","Hurricane Dog","Hurricane Lenny","Hurricane Ignacio","Hurricane Susan","Hurricane Annette","Hurricane Maggie","Hurricane Emily","Hurricane Doreen","Hurricane Denise"]},{"index":1,"name":"col1","values":["924","950","944","950","930","935","934","968","923","941","955","953","933","938","954","925","928","972","968","951"]},{"index":2,"name":"col2","values":["135","115","125","115","130","125","125","115","125","135","115","125","135","230","215","220","220","220","220","220"]}]},"context":{"page_title":null,"page_url":null,"page_entity_id":null,"content_hierarchy":[]},"links":[[[{"start":0,"end":14,"url":null,"entity_id":"Q867167","candidates":[]}],[],[]],[[{"start":0,"end":15,"url":null,"entity_id":"Q846831","candidates":[]}],[],[]],[[{"start":0,"end":14,"url":null,"entity_id":"Q750187","candidates":[]}],[],[]],[[{"start":0,"end":14,"url":null,"entity_id":"Q742559","candidates":[]}],[],[]],[[{"start":0,"end":16,"url":null,"entity_id":"Q670306","candidates":[]}],[],[]],[[{"start":0,"end":13,"url":null,"entity_id":"Q392603","candidates":[]}],[],[]],[[{"start":0,"end":13,"url":null,"entity_id":"Q272350","candidates":[]}],[],[]],[[{"start":0,"end":17,"url":null,"entity_id":"Q272058","candidates":[]}],[],[]],[[{"start":0,"end":18,"url":null,"entity_id":"Q267472","candidates":[]}],[],[]],[[{"start":0,"end":16,"url":null,"entity_id":"Q236126","candidates":[]}],[],[]],[[{"start":0,"end":14,"url":null,"entity_id":"Q217707","candidates":[]}],[],[]],[[{"start":0,"end":13,"url":null,"entity_id":"Q217669","candidates":[]}],[],[]],[[{"start":0,"end":15,"url":null,"entity_id":"Q26304","candidates":[]}],[],[]],[[{"start":0,"end":17,"url":null,"entity_id":"Q64223673","candidates":[]}],[],[]],[[{"start":0,"end":15,"url":null,"entity_id":"Q64223553","candidates":[]}],[],[]],[[{"start":0,"end":17,"url":null,"entity_id":"Q64218590","candidates":[]}],[],[]],[[{"start":0,"end":16,"url":null,"entity_id":"Q64213782","candidates":[]}],[],[]],[[{"start":0,"end":15,"url":null,"entity_id":"Q64213600","candidates":[]}],[],[]],[[{"start":0,"end":16,"url":null,"entity_id":"Q64213599","candidates":[]}],[],[]],[[{"start":0,"end":16,"url":null,"entity_id":"Q64175684","candidates":[]}],[],[]]]}