{"version":"1.2","table":{"version":"2","table_id":"D73849LP","columns":[{"index":0,"name":"col0","values":["2014 GP Industria & Artigianato di Larciano","2015 Grand Prix de Cholet-Pays de Loire","2015 Nokere Koerse","2015 Clásica de Almería","2015 Classic Sud Ardèche","2015 Trofeo Laigueglia","2015 Tour du Haut Var","2015 Vuelta a Murcia","2015 Kuurne–Brussels–Kuurne","2015 Vuelta a Andalucía","2015 Giro del Piemonte","2015 Amstel Gold Race","2017 Kuurne–Brussels–Kuurne","2016 Giro del Piemonte","2016 Vuelta a Castilla y León","2016 GP Industria & Artigianato di Larciano","2016 Grand Prix de Cholet-Pays de Loire","2016 Nokere Koerse","2016 Classic Sud Ardèche","2016 Trofeo Laigueglia","2016 Tour du Haut Var","2016 Vuelta a Murcia","2016 Vuelta a Andalucía","2016 Kuurne–Brussels–Kuurne","2014 Trofeo Laigueglia"]},{"index":1,"name":"col1","values":["2013 GP Industria & Artigianato di Larciano","2014 Grand Prix de Cholet-Pays de Loire","2014 Nokere Koerse","2014 Clásica de Almería","2014 Classic Sud Ardèche","2014 Trofeo Laigueglia","2014 Tour du Haut Var","2014 Vuelta a Murcia","2014 Kuurne–Brussels–Kuurne","2014 Vuelta a Andalucía","2012 Giro del Piemonte","2014 Amstel Gold Race","2016 Kuurne–Brussels–Kuurne","2015 Giro del Piemonte","2015 Vuelta a Castilla y León","2014 GP Industria & Artigianato di Larciano","2015 Grand Prix de Cholet-Pays de Loire","2015 Nokere Koerse","2015 Classic Sud Ardèche","2015 Trofeo Laigueglia","2015 Tour du Haut Var","2015 Vuelta a Murcia","2015 Vuelta a Andalucía","2015 Kuurne–Brussels–Kuurne","2013 Trofeo Laigueglia"]},{"index":2,"name":"col2","values":["2015 UCI Europe Tour","2015 UCI Europe Tour","2015 UCI Europe Tour","2015 UCI Europe Tour","2015 UCI Europe Tour","2015 UCI Europe Tour","2015 UCI Europe Tour","2015 UCI Europe Tour","2015 UCI Europe Tour","2015 UCI Europe Tour","2015 UCI Europe Tour","2015 UCI World Tour","2017 UCI Europe Tour","2016 UCI Europe Tour","2016 UCI Europe Tour","2016 UCI Europe Tour","2016 UCI Europe Tour","2016 UCI Europe Tour","2016 UCI Europe Tour","2016 UCI Europe Tour","2016 UCI Europe Tour","2016 UCI Europe Tour","2016 UCI Europe Tour","Kuurne–Brussels–Kuurne","2014 UCI Europe Tour"]}]},"context":{"page_title":null,"page_url":null,"page_entity_id":null,"content_hierarchy":[]},"links":[[[{"start":0,"end":39,"url":null,"entity_id":"Q19606144","candidates":[]}],[{"start":0,"end":39,"url":null,"entity_id":"Q15972468","candidates":[]}],[{"start":0,"end":20,"url":null,"entity_id":"Q18342122","candidates":[]}]],[[{"start":0,"end":18,"url":null,"entity_id":"Q19597956","candidates":[]}],[{"start":0,"end":18,"url":null,"entity_id":"Q15966734","candidates":[]}],[{"start":0,"end":20,"url":null,"entity_id":"Q18342122","candidates":[]}]],[[{"start":0,"end":23,"url":null,"entity_id":"Q18711267","candidates":[]}],[{"start":0,"end":23,"url":null,"entity_id":"Q15871472","candidates":[]}],[{"start":0,"end":20,"url":null,"entity_id":"Q18342122","candidates":[]}]],[[{"start":0,"end":24,"url":null,"entity_id":"Q19366592","candidates":[]}],[{"start":0,"end":24,"url":null,"entity_id":"Q15846480","candidates":[]}],[{"start":0,"end":20,"url":null,"entity_id":"Q18342122","candidates":[]}]],[[{"start":0,"end":22,"url":null,"entity_id":"Q19366591","candidates":[]}],[{"start":0,"end":22,"url":null,"entity_id":"Q15769290","candidates":[]}],[{"start":0,"end":20,"url":null,"entity_id":"Q18342122","candidates":[]}]],[[{"start":0,"end":21,"url":null,"entity_id":"Q19260764","candidates":[]}],[{"start":0,"end":21,"url":null,"entity_id":"Q15733543","candidates":[]}],[{"start":0,"end":20,"url":null,"entity_id":"Q18342122","candidates":[]}]],[[{"start":0,"end":20,"url":null,"entity_id":"Q19258904","candidates":[]}],[{"start":0,"end":20,"url":null,"entity_id":"Q15731109","candidates":[]}],[{"start":0,"end":20,"url":null,"entity_id":"Q18342122","candidates":[]}]],[[{"start":0,"end":27,"url":null,"entity_id":"Q19335154","candidates":[]}],[{"start":0,"end":27,"url":null,"entity_id":"Q15714048","candidates":[]}],[{"start":0,"end":20,"url":null,"entity_id":"Q18342122","candidates":[]}]],[[{"start":0,"end":23,"url":null,"entity_id":"Q18747722","candidates":[]}],[{"start":0,"end":23,"url":null,"entity_id":"Q15710381","candidates":[]}],[{"start":0,"end":20,"url":null,"entity_id":"Q18342122","candidates":[]}]],[[{"start":0,"end":22,"url":null,"entity_id":"Q21041739","candidates":[]}],[{"start":0,"end":22,"url":null,"entity_id":"Q427594","candidates":[]}],[{"start":0,"end":20,"url":null,"entity_id":"Q18342122","candidates":[]}]],[[{"start":0,"end":21,"url":null,"entity_id":"Q18890149","candidates":[]}],[{"start":0,"end":21,"url":null,"entity_id":"Q15869951","candidates":[]}],[{"start":0,"end":19,"url":null,"entity_id":"Q18192726","candidates":[]}]],[[{"start":0,"end":27,"url":null,"entity_id":"Q22976711","candidates":[]}],[{"start":0,"end":27,"url":null,"entity_id":"Q20080457","candidates":[]}],[{"start":0,"end":20,"url":null,"entity_id":"Q27915850","candidates":[]}]],[[{"start":0,"end":22,"url":null,"entity_id":"Q26933278","candidates":[]}],[{"start":0,"end":22,"url":null,"entity_id":"Q21041739","candidates":[]}],[{"start":0,"end":20,"url":null,"entity_id":"Q21029681","candidates":[]}]],[[{"start":0,"end":29,"url":null,"entity_id":"Q20031490","candidates":[]}],[{"start":0,"end":29,"url":null,"entity_id":"Q20031314","candidates":[]}],[{"start":0,"end":20,"url":null,"entity_id":"Q21029681","candidates":[]}]],[[{"start":0,"end":43,"url":null,"entity_id":"Q23925855","candidates":[]}],[{"start":0,"end":43,"url":null,"entity_id":"Q19947471","candidates":[]}],[{"start":0,"end":20,"url":null,"entity_id":"Q21029681","candidates":[]}]],[[{"start":0,"end":39,"url":null,"entity_id":"Q21884141","candidates":[]}],[{"start":0,"end":39,"url":null,"entity_id":"Q19606144","candidates":[]}],[{"start":0,"end":20,"url":null,"entity_id":"Q21029681","candidates":[]}]],[[{"start":0,"end":18,"url":null,"entity_id":"Q21070546","candidates":[]}],[{"start":0,"end":18,"url":null,"entity_id":"Q19597956","candidates":[]}],[{"start":0,"end":20,"url":null,"entity_id":"Q21029681","candidates":[]}]],[[{"start":0,"end":24,"url":null,"entity_id":"Q21074298","candidates":[]}],[{"start":0,"end":24,"url":null,"entity_id":"Q19366592","candidates":[]}],[{"start":0,"end":20,"url":null,"entity_id":"Q21029681","candidates":[]}]],[[{"start":0,"end":22,"url":null,"entity_id":"Q21858066","candidates":[]}],[{"start":0,"end":22,"url":null,"entity_id":"Q19366591","candidates":[]}],[{"start":0,"end":20,"url":null,"entity_id":"Q21029681","candidates":[]}]],[[{"start":0,"end":21,"url":null,"entity_id":"Q22812462","candidates":[]}],[{"start":0,"end":21,"url":null,"entity_id":"Q19260764","candidates":[]}],[{"start":0,"end":20,"url":null,"entity_id":"Q21029681","candidates":[]}]],[[{"start":0,"end":20,"url":null,"entity_id":"Q21867749","candidates":[]}],[{"start":0,"end":20,"url":null,"entity_id":"Q19258904","candidates":[]}],[{"start":0,"end":20,"url":null,"entity_id":"Q21029681","candidates":[]}]],[[{"start":0,"end":23,"url":null,"entity_id":"Q22806707","candidates":[]}],[{"start":0,"end":23,"url":null,"entity_id":"Q18747722","candidates":[]}],[{"start":0,"end":20,"url":null,"entity_id":"Q21029681","candidates":[]}]],[[{"start":0,"end":27,"url":null,"entity_id":"Q20080457","candidates":[]}],[{"start":0,"end":27,"url":null,"entity_id":"Q19335154","candidates":[]}],[{"start":0,"end":22,"url":null,"entity_id":"Q510628","candidates":[]}]],[[{"start":0,"end":22,"url":null,"entity_id":"Q15769290","candidates":[]}],[{"start":0,"end":22,"url":null,"entity_id":"Q16617879","candidates":[]}],[{"start":0,"end":20,"url":null,"entity_id":"Q15041668","candidates":[]}]],[[{"start":0,"end":43,"url":null,"entity_id":"Q19947471","candidates":[]}],[{"start":0,"end":43,"url":null,"entity_id":"Q16561614","candidates":[]}],[{"start":0,"end":20,"url":null,"entity_id":"Q18342122","candidates":[]}]]]}