{"version":"1.2","table":{"version":"2","table_id":"D7AIJRE9","columns":[{"index":0,"name":"col0","values":["Pepee","The Little Prince","Don't Forget the Lyrics!","Teacher's Pet","Future Weapons","All Rise","A modo mio","Deal with It","Besserwisser","Rod Brown of the Rocket Rangers","Sarah & Marc in Love","Roche & Böhmermann","Elton vs. Simon","My Restaurant Rules","Cranford","The RuPaul Show","Identity","Late Night Berlin","Beck is back!","Heathers"]},{"index":1,"name":"col1","values":["76","78","54","40","29","1","5","28","60","58","17","17","15","63","7","100","30","5","10","10"]},{"index":2,"name":"col2","values":["3","3","3","3","3","1","1","2","2","2","2","2","2","2","2","2","2","1","1","1"]},{"index":3,"name":"col3","values":["20","25","45","25","60","43","50","30","30","30","60","60","30","60","60","30","120","45","45","40"]}]},"context":{"page_title":null,"page_url":null,"page_entity_id":null,"content_hierarchy":[]},"links":[[[{"start":0,"end":17,"url":null,"entity_id":"Q3225511","candidates":[]}],[],[],[]],[[{"start":0,"end":24,"url":null,"entity_id":"Q1242260","candidates":[]}],[],[],[]],[[{"start":0,"end":13,"url":null,"entity_id":"Q1229047","candidates":[]}],[],[],[]],[[{"start":0,"end":14,"url":null,"entity_id":"Q595237","candidates":[]}],[],[],[]],[[{"start":0,"end":8,"url":null,"entity_id":"Q63965791","candidates":[]}],[],[],[]],[[{"start":0,"end":10,"url":null,"entity_id":"Q57297835","candidates":[]}],[],[],[]],[[{"start":0,"end":12,"url":null,"entity_id":"Q16465995","candidates":[]}],[],[],[]],[[{"start":0,"end":12,"url":null,"entity_id":"Q10428894","candidates":[]}],[],[],[]],[[{"start":0,"end":31,"url":null,"entity_id":"Q7356135","candidates":[]}],[],[],[]],[[{"start":0,"end":20,"url":null,"entity_id":"Q2224294","candidates":[]}],[],[],[]],[[{"start":0,"end":18,"url":null,"entity_id":"Q2160218","candidates":[]}],[],[],[]],[[{"start":0,"end":15,"url":null,"entity_id":"Q1334147","candidates":[]}],[],[],[]],[[{"start":0,"end":19,"url":null,"entity_id":"Q829066","candidates":[]}],[],[],[]],[[{"start":0,"end":8,"url":null,"entity_id":"Q629439","candidates":[]}],[],[],[]],[[{"start":0,"end":15,"url":null,"entity_id":"Q534918","candidates":[]}],[],[],[]],[[{"start":0,"end":8,"url":null,"entity_id":"Q19801105","candidates":[]}],[],[],[]],[[{"start":0,"end":17,"url":null,"entity_id":"Q50416110","candidates":[]}],[],[],[]],[[{"start":0,"end":13,"url":null,"entity_id":"Q47535906","candidates":[]}],[],[],[]],[[{"start":0,"end":8,"url":null,"entity_id":"Q47177436","candidates":[]}],[],[],[]],[[{"start":0,"end":5,"url":null,"entity_id":"Q3986653","candidates":[]}],[],[],[]]]}