{"version":"1.2","table":{"version":"2","table_id":"D7O5WDWF","columns":[{"index":0,"name":"col0","values":["terbium-178","terium-157","terium-156","tebium-155","terbwm-154","terbkum-153","terbixm-162","tebjum-151","terbium-250","terbium-14","terblum-148","tfrbium-147","thium-146","terbium-14","terbivm-144","terbkum-143","terbum-142","terbium-151","trbium-140","trbium-139"]},{"index":1,"name":"col1","values":["-70026.433344","-70197.32255999999","-70301.069391","-71321.30004999999","-70436.928212","-71955.158042","-70646.19908399999","-71623.504","-71105.721","-70988.24831699999","-70254.933672","-71450.09164999999","-67831.37361","-66454.79941099999","-62243.44463799999","-60298.344633999994","-56785.75306","-54431.755326","-50835.646897","-47889.35"]},{"index":2,"name":"col2","values":["178.92","71.284","5.3767499999999995","5.36256","9.3154","2.33532","17.5875","17.697045","3.44868","4.1262360000000005","60.17999999999999","1.63344","7.984","30.590999999999998","1.005","12.0","595.209","3.5104999999999995","2.004","1.592"]}]},"context":{"page_title":null,"page_url":null,"page_entity_id":null,"content_hierarchy":[]},"links":[[[{"start":0,"end":11,"url":null,"entity_id":"Q18882318","candidates":[]}],[],[]],[[{"start":0,"end":10,"url":null,"entity_id":"Q18882317","candidates":[]}],[],[]],[[{"start":0,"end":10,"url":null,"entity_id":"Q18882313","candidates":[]}],[],[]],[[{"start":0,"end":10,"url":null,"entity_id":"Q18882312","candidates":[]}],[],[]],[[{"start":0,"end":10,"url":null,"entity_id":"Q18882308","candidates":[]}],[],[]],[[{"start":0,"end":11,"url":null,"entity_id":"Q18882305","candidates":[]}],[],[]],[[{"start":0,"end":11,"url":null,"entity_id":"Q18882301","candidates":[]}],[],[]],[[{"start":0,"end":10,"url":null,"entity_id":"Q18882297","candidates":[]}],[],[]],[[{"start":0,"end":11,"url":null,"entity_id":"Q18882293","candidates":[]}],[],[]],[[{"start":0,"end":10,"url":null,"entity_id":"Q18882283","candidates":[]}],[],[]],[[{"start":0,"end":11,"url":null,"entity_id":"Q18882256","candidates":[]}],[],[]],[[{"start":0,"end":11,"url":null,"entity_id":"Q18882247","candidates":[]}],[],[]],[[{"start":0,"end":9,"url":null,"entity_id":"Q18882240","candidates":[]}],[],[]],[[{"start":0,"end":10,"url":null,"entity_id":"Q18882236","candidates":[]}],[],[]],[[{"start":0,"end":11,"url":null,"entity_id":"Q18882224","candidates":[]}],[],[]],[[{"start":0,"end":11,"url":null,"entity_id":"Q18882221","candidates":[]}],[],[]],[[{"start":0,"end":10,"url":null,"entity_id":"Q18882217","candidates":[]}],[],[]],[[{"start":0,"end":11,"url":null,"entity_id":"Q18882198","candidates":[]}],[],[]],[[{"start":0,"end":10,"url":null,"entity_id":"Q18882191","candidates":[]}],[],[]],[[{"start":0,"end":10,"url":null,"entity_id":"Q18882183","candidates":[]}],[],[]]]}