{"version":"1.2","table":{"version":"2","table_id":"D9FCR22U","columns":[{"index":0,"name":"col0","values":["Isekai Cheat Magician","Ore ga Suki nano wa Imōto dakedo Imōto ja nai","Harukana Receive","Hanebado!","Seraph of the End","After the Rain","Akkun to Kanojo","Ms. Vampire who lives in my neighborhood.","Uchi no Maid ga Uzasugiru!","Fire Force","The Quintessential Quintuplets","Magia Record: Puella Magi Madoka Magica Side Story","Hakata Tonkotsu Ramens","Goblin Slayer","Beelzebub","Rave Master","Demon Slayer: Kimetsu no Yaiba","Wotakoi: Love is Hard for Otaku","Active Raid","Kiznaiver"]},{"index":1,"name":"col1","values":["Yoshiaki Fujisawa","Yashikin","Rasmus Faber","Tatsuya Kato","Hiroyuki Sawano","Ryō Yoshimata","Studio Luxe","Yoshiaki Fujisawa","Yasuhiro Misawa","Ken'ichirō Suehiro","Natsumi Tabuchi","Takumi Ozawa","Kōtarō Nakagawa","Ken'ichirō Suehiro","Yasuharu Takanashi","Kenji Kawai","Yuki Kajiura","Akimitsu Honma","Kōtarō Nakagawa","Yuki Hayashi"]},{"index":2,"name":"col2","values":["Encourage Films","NAZ","C2C","Liden Films","Wit Studio","Wit Studio","Yumeta Company","Studio Gokumi","Doga Kobo","David Production","Tezuka Productions","Shaft","Satelight","White Fox","Pierrot","Studio Deen","Ufotable","A-1 Pictures","Orange","Trigger"]}]},"context":{"page_title":null,"page_url":null,"page_entity_id":null,"content_hierarchy":[]},"links":[[[{"start":0,"end":21,"url":null,"entity_id":"Q63924948","candidates":[]}],[{"start":0,"end":17,"url":null,"entity_id":"Q17211503","candidates":[]}],[{"start":0,"end":15,"url":null,"entity_id":"Q20043381","candidates":[]}]],[[{"start":0,"end":45,"url":null,"entity_id":"Q63464988","candidates":[]}],[{"start":0,"end":8,"url":null,"entity_id":"Q21019755","candidates":[]}],[{"start":0,"end":3,"url":null,"entity_id":"Q18667403","candidates":[]}]],[[{"start":0,"end":16,"url":null,"entity_id":"Q61793230","candidates":[]}],[{"start":0,"end":12,"url":null,"entity_id":"Q3560653","candidates":[]}],[{"start":0,"end":3,"url":null,"entity_id":"Q17513068","candidates":[]}]],[[{"start":0,"end":9,"url":null,"entity_id":"Q61799785","candidates":[]}],[{"start":0,"end":12,"url":null,"entity_id":"Q13954808","candidates":[]}],[{"start":0,"end":11,"url":null,"entity_id":"Q16144186","candidates":[]}]],[[{"start":0,"end":17,"url":null,"entity_id":"Q64711220","candidates":[]}],[{"start":0,"end":15,"url":null,"entity_id":"Q2603945","candidates":[]}],[{"start":0,"end":10,"url":null,"entity_id":"Q14508383","candidates":[]}]],[[{"start":0,"end":14,"url":null,"entity_id":"Q63436998","candidates":[]}],[{"start":0,"end":13,"url":null,"entity_id":"Q1257356","candidates":[]}],[{"start":0,"end":10,"url":null,"entity_id":"Q14508383","candidates":[]}]],[[{"start":0,"end":15,"url":null,"entity_id":"Q61828648","candidates":[]}],[{"start":0,"end":11,"url":null,"entity_id":"Q17158565","candidates":[]}],[{"start":0,"end":14,"url":null,"entity_id":"Q7672604","candidates":[]}]],[[{"start":0,"end":41,"url":null,"entity_id":"Q63456405","candidates":[]}],[{"start":0,"end":17,"url":null,"entity_id":"Q17211503","candidates":[]}],[{"start":0,"end":13,"url":null,"entity_id":"Q5954322","candidates":[]}]],[[{"start":0,"end":26,"url":null,"entity_id":"Q63461438","candidates":[]}],[{"start":0,"end":15,"url":null,"entity_id":"Q17211871","candidates":[]}],[{"start":0,"end":9,"url":null,"entity_id":"Q3033729","candidates":[]}]],[[{"start":0,"end":10,"url":null,"entity_id":"Q66091988","candidates":[]}],[{"start":0,"end":18,"url":null,"entity_id":"Q11519713","candidates":[]}],[{"start":0,"end":16,"url":null,"entity_id":"Q3018644","candidates":[]}]],[[{"start":0,"end":30,"url":null,"entity_id":"Q62593542","candidates":[]}],[{"start":0,"end":15,"url":null,"entity_id":"Q38278656","candidates":[]}],[{"start":0,"end":18,"url":null,"entity_id":"Q2090847","candidates":[]}]],[[{"start":0,"end":50,"url":null,"entity_id":"Q80998686","candidates":[]}],[{"start":0,"end":12,"url":null,"entity_id":"Q11465373","candidates":[]}],[{"start":0,"end":5,"url":null,"entity_id":"Q1204821","candidates":[]}]],[[{"start":0,"end":22,"url":null,"entity_id":"Q63457439","candidates":[]}],[{"start":0,"end":15,"url":null,"entity_id":"Q3275127","candidates":[]}],[{"start":0,"end":9,"url":null,"entity_id":"Q1087539","candidates":[]}]],[[{"start":0,"end":13,"url":null,"entity_id":"Q63435787","candidates":[]}],[{"start":0,"end":18,"url":null,"entity_id":"Q11519713","candidates":[]}],[{"start":0,"end":9,"url":null,"entity_id":"Q749550","candidates":[]}]],[[{"start":0,"end":9,"url":null,"entity_id":"Q64514538","candidates":[]}],[{"start":0,"end":18,"url":null,"entity_id":"Q941314","candidates":[]}],[{"start":0,"end":7,"url":null,"entity_id":"Q611346","candidates":[]}]],[[{"start":0,"end":11,"url":null,"entity_id":"Q64212353","candidates":[]}],[{"start":0,"end":11,"url":null,"entity_id":"Q443712","candidates":[]}],[{"start":0,"end":11,"url":null,"entity_id":"Q507806","candidates":[]}]],[[{"start":0,"end":30,"url":null,"entity_id":"Q63350570","candidates":[]}],[{"start":0,"end":12,"url":null,"entity_id":"Q132433","candidates":[]}],[{"start":0,"end":8,"url":null,"entity_id":"Q306422","candidates":[]}]],[[{"start":0,"end":31,"url":null,"entity_id":"Q63438729","candidates":[]}],[{"start":0,"end":14,"url":null,"entity_id":"Q11520985","candidates":[]}],[{"start":0,"end":12,"url":null,"entity_id":"Q277763","candidates":[]}]],[[{"start":0,"end":11,"url":null,"entity_id":"Q21152149","candidates":[]}],[{"start":0,"end":15,"url":null,"entity_id":"Q3275127","candidates":[]}],[{"start":0,"end":6,"url":null,"entity_id":"Q11292922","candidates":[]}]],[[{"start":0,"end":9,"url":null,"entity_id":"Q21769859","candidates":[]}],[{"start":0,"end":12,"url":null,"entity_id":"Q15905383","candidates":[]}],[{"start":0,"end":7,"url":null,"entity_id":"Q10813424","candidates":[]}]]]}