{"version":"1.2","table":{"version":"2","table_id":"DAFFFFUA","columns":[{"index":0,"name":"col0","values":["Ko Samui","Phaisali","Wiset Chai Chan","Wihan Daeng","Wang Noi","Tha Tako","Tha Sae","Takhli","Sawaeng Ha","Sao Hai","Samko","Phra Phutthabat","Pho Thong","Phayuha Khiri","Pa Mok","Nong Saeng","Nong Khae","Ban Phue","Ban Phraek","Ban Phai"]},{"index":1,"name":"col1","values":["63592","72482","66913","38351","71221","67614","83293","110384","34906","33310","19332","64272","54153","62159","28619","15792","91621","110037","9091","101110"]},{"index":2,"name":"col2","values":["227.25","979.5","224.7","204.5","219.2","607.2","1485","854.1","181.3","111.8","95.4","287.1","219.4","740.8","80.9","87.081","262.867","991.2","39.1","477.7"]},{"index":3,"name":"col3","values":["449","81","10","4","3","28","95","71","11","16","8","67","5","79","8","10","10","185","10","202"]}]},"context":{"page_title":null,"page_url":null,"page_entity_id":null,"content_hierarchy":[]},"links":[[[{"start":0,"end":8,"url":null,"entity_id":"Q1519575","candidates":[]}],[],[],[]],[[{"start":0,"end":15,"url":null,"entity_id":"Q477104","candidates":[]}],[],[],[]],[[{"start":0,"end":11,"url":null,"entity_id":"Q477091","candidates":[]}],[],[],[]],[[{"start":0,"end":8,"url":null,"entity_id":"Q477014","candidates":[]}],[],[],[]],[[{"start":0,"end":8,"url":null,"entity_id":"Q476859","candidates":[]}],[],[],[]],[[{"start":0,"end":7,"url":null,"entity_id":"Q476849","candidates":[]}],[],[],[]],[[{"start":0,"end":6,"url":null,"entity_id":"Q476799","candidates":[]}],[],[],[]],[[{"start":0,"end":10,"url":null,"entity_id":"Q476662","candidates":[]}],[],[],[]],[[{"start":0,"end":7,"url":null,"entity_id":"Q476645","candidates":[]}],[],[],[]],[[{"start":0,"end":5,"url":null,"entity_id":"Q476609","candidates":[]}],[],[],[]],[[{"start":0,"end":15,"url":null,"entity_id":"Q476438","candidates":[]}],[],[],[]],[[{"start":0,"end":9,"url":null,"entity_id":"Q476417","candidates":[]}],[],[],[]],[[{"start":0,"end":13,"url":null,"entity_id":"Q476395","candidates":[]}],[],[],[]],[[{"start":0,"end":6,"url":null,"entity_id":"Q476307","candidates":[]}],[],[],[]],[[{"start":0,"end":10,"url":null,"entity_id":"Q476278","candidates":[]}],[],[],[]],[[{"start":0,"end":9,"url":null,"entity_id":"Q476260","candidates":[]}],[],[],[]],[[{"start":0,"end":8,"url":null,"entity_id":"Q475163","candidates":[]}],[],[],[]],[[{"start":0,"end":10,"url":null,"entity_id":"Q475161","candidates":[]}],[],[],[]],[[{"start":0,"end":8,"url":null,"entity_id":"Q475158","candidates":[]}],[],[],[]],[[{"start":0,"end":8,"url":null,"entity_id":"Q14523654","candidates":[]}],[],[],[]]]}