{"version":"1.2","table":{"version":"2","table_id":"DCW4LBPJ","columns":[{"index":0,"name":"col0","values":["Live at Montreux 2003","MTV Unplugged","Use Your Illusion II – World Tour – 1992 in Tokyo","Use Your Illusion I – World Tour – 1992 in Tokyo","Incontrolable – En directo","U218 Singles","360° at the Rose Bowl","Völkerball","Donington Live 1992","Raising Hell","Delicate Sound of Thunder","Pulse","The Ultimate Performer","Live at Wembley","I Am… Yours – An Intimate Performance at Wynn Las Vegas","The Beyoncé Experience – Live","Orgullo, Pasión, y Gloria: Tres Noches en la Ciudad de México","The Big Four: Live from Sofia, Bulgaria","Français Pour une Nuit","Quebec Magnetic"]},{"index":1,"name":"col1","values":["Jamiroquai","Alice in Chains","Guns N' Roses","Guns N' Roses","Ska-P","U2","U2","Rammstein","Iron Maiden","Iron Maiden","Pink Floyd","Pink Floyd","Beyoncé","Beyoncé","Beyoncé","Beyoncé","Metallica","Metallica","Metallica","Metallica"]},{"index":2,"name":"col2","values":["Jamiroquai video albums discography","Alice in Chains' albums in chronological order","Guns N' Roses video albums discography","Guns N' Roses video albums discography","Ska-P's albums in chronological order","U2 compilation albums discography","U2 video albums discography","Rammstein's albums in chronological order","Iron Maiden video albums discography","Iron Maiden video albums discography","Pink Floyd video albums discography","Pink Floyd video albums discography","Beyoncé's albums in chronological order","Beyoncé's albums in chronological order","Beyoncé's albums in chronological order","Beyoncé's albums in chronological order","Metallica live video albums discography","Metallica live video albums discography","Metallica live video albums discography","Metallica live video albums discography"]}]},"context":{"page_title":null,"page_url":null,"page_entity_id":null,"content_hierarchy":[]},"links":[[[{"start":0,"end":13,"url":null,"entity_id":"Q944880","candidates":[]}],[{"start":0,"end":15,"url":null,"entity_id":"Q484255","candidates":[]}],[{"start":0,"end":46,"url":null,"entity_id":"Q68345325","candidates":[]}]],[[{"start":0,"end":49,"url":null,"entity_id":"Q2712845","candidates":[]}],[{"start":0,"end":13,"url":null,"entity_id":"Q11895","candidates":[]}],[{"start":0,"end":38,"url":null,"entity_id":"Q66680612","candidates":[]}]],[[{"start":0,"end":48,"url":null,"entity_id":"Q2526240","candidates":[]}],[{"start":0,"end":13,"url":null,"entity_id":"Q11895","candidates":[]}],[{"start":0,"end":38,"url":null,"entity_id":"Q66680612","candidates":[]}]],[[{"start":0,"end":26,"url":null,"entity_id":"Q1058673","candidates":[]}],[{"start":0,"end":5,"url":null,"entity_id":"Q623746","candidates":[]}],[{"start":0,"end":37,"url":null,"entity_id":"Q64797587","candidates":[]}]],[[{"start":0,"end":12,"url":null,"entity_id":"Q1357277","candidates":[]}],[{"start":0,"end":2,"url":null,"entity_id":"Q396","candidates":[]}],[{"start":0,"end":33,"url":null,"entity_id":"Q64363530","candidates":[]}]],[[{"start":0,"end":21,"url":null,"entity_id":"Q130409","candidates":[]}],[{"start":0,"end":2,"url":null,"entity_id":"Q396","candidates":[]}],[{"start":0,"end":27,"url":null,"entity_id":"Q64363518","candidates":[]}]],[[{"start":0,"end":10,"url":null,"entity_id":"Q753109","candidates":[]}],[{"start":0,"end":9,"url":null,"entity_id":"Q25177","candidates":[]}],[{"start":0,"end":41,"url":null,"entity_id":"Q62082242","candidates":[]}]],[[{"start":0,"end":19,"url":null,"entity_id":"Q2517138","candidates":[]}],[{"start":0,"end":11,"url":null,"entity_id":"Q42482","candidates":[]}],[{"start":0,"end":36,"url":null,"entity_id":"Q62079237","candidates":[]}]],[[{"start":0,"end":12,"url":null,"entity_id":"Q594638","candidates":[]}],[{"start":0,"end":11,"url":null,"entity_id":"Q42482","candidates":[]}],[{"start":0,"end":36,"url":null,"entity_id":"Q62079237","candidates":[]}]],[[{"start":0,"end":25,"url":null,"entity_id":"Q903541","candidates":[]}],[{"start":0,"end":10,"url":null,"entity_id":"Q2306","candidates":[]}],[{"start":0,"end":35,"url":null,"entity_id":"Q62071898","candidates":[]}]],[[{"start":0,"end":5,"url":null,"entity_id":"Q777175","candidates":[]}],[{"start":0,"end":10,"url":null,"entity_id":"Q2306","candidates":[]}],[{"start":0,"end":35,"url":null,"entity_id":"Q62071898","candidates":[]}]],[[{"start":0,"end":22,"url":null,"entity_id":"Q1767947","candidates":[]}],[{"start":0,"end":7,"url":null,"entity_id":"Q36153","candidates":[]}],[{"start":0,"end":39,"url":null,"entity_id":"Q62016725","candidates":[]}]],[[{"start":0,"end":15,"url":null,"entity_id":"Q1616110","candidates":[]}],[{"start":0,"end":7,"url":null,"entity_id":"Q36153","candidates":[]}],[{"start":0,"end":39,"url":null,"entity_id":"Q62016725","candidates":[]}]],[[{"start":0,"end":55,"url":null,"entity_id":"Q149436","candidates":[]}],[{"start":0,"end":7,"url":null,"entity_id":"Q36153","candidates":[]}],[{"start":0,"end":39,"url":null,"entity_id":"Q62016725","candidates":[]}]],[[{"start":0,"end":29,"url":null,"entity_id":"Q148763","candidates":[]}],[{"start":0,"end":7,"url":null,"entity_id":"Q36153","candidates":[]}],[{"start":0,"end":39,"url":null,"entity_id":"Q62016725","candidates":[]}]],[[{"start":0,"end":61,"url":null,"entity_id":"Q1318080","candidates":[]}],[{"start":0,"end":9,"url":null,"entity_id":"Q15920","candidates":[]}],[{"start":0,"end":39,"url":null,"entity_id":"Q61150226","candidates":[]}]],[[{"start":0,"end":39,"url":null,"entity_id":"Q1088497","candidates":[]}],[{"start":0,"end":9,"url":null,"entity_id":"Q15920","candidates":[]}],[{"start":0,"end":39,"url":null,"entity_id":"Q61150226","candidates":[]}]],[[{"start":0,"end":22,"url":null,"entity_id":"Q590189","candidates":[]}],[{"start":0,"end":9,"url":null,"entity_id":"Q15920","candidates":[]}],[{"start":0,"end":39,"url":null,"entity_id":"Q61150226","candidates":[]}]],[[{"start":0,"end":15,"url":null,"entity_id":"Q498373","candidates":[]}],[{"start":0,"end":9,"url":null,"entity_id":"Q15920","candidates":[]}],[{"start":0,"end":39,"url":null,"entity_id":"Q61150226","candidates":[]}]],[[{"start":0,"end":21,"url":null,"entity_id":"Q691665","candidates":[]}],[{"start":0,"end":10,"url":null,"entity_id":"Q202041","candidates":[]}],[{"start":0,"end":35,"url":null,"entity_id":"Q71011821","candidates":[]}]]]}