{"version":"1.2","table":{"version":"2","table_id":"DCWVS16C","columns":[{"index":0,"name":"col0","values":["Universiade","Mediterranean Games","World Figure Skating Championships","Dakar Rally","Tour of Qatar","FIFA Club World Cup","artistic swimming at the Summer Olympics","football at the Summer Olympics","basketball at the Summer Olympics","Youth Olympic Games","Table tennis at the Summer Olympics","tennis at the Summer Olympics","Omloop Het Nieuwsblad","Asian Games","IFAF Women's World Championship","La Flèche Wallonne","Badminton at the Summer Olympics","Luge at the Winter Olympics","figure skating at the Olympic Games","Cycling at the Summer Olympics"]},{"index":1,"name":"col1","values":["Template:Universiade infobox","Template:Mediterranean Games","Template:World Figure Skating Championships","Template:Dakar Rally","Template:Tour of Qatar","Template:FIFA Club World Cup","Template:Olympic Games Synchronized swimming","Template:Olympic Games Football","Template:Olympic Games Basketball","Template:Youth Olympic Games","Template:Olympic Games Table Tennis","Template:Olympic Games Tennis","Template:Omloop Het Nieuwsblad","Template:Infobox Asian Games","Template:IFAF Women's World Championship","Template:La Flèche Wallonne","Template:Badminton at the Olympic Games","Template:Olympic Games Luge","Template:Olympic Games Figure skating","Template:Olympic Games Cycling"]},{"index":2,"name":"col2","values":["International University Sports Federation","Comité international des Jeux méditerranéens","International Skating Union","Amaury Sport Organisation","Amaury Sport Organisation","FIFA","International Olympic Committee","International Olympic Committee","International Olympic Committee","International Olympic Committee","International Olympic Committee","International Olympic Committee","Flanders Classics","Olympic Council of Asia","International Federation of American Football","ASO","International Olympic Committee","International Olympic Committee","International Olympic Committee","International Olympic Committee"]}]},"context":{"page_title":null,"page_url":null,"page_entity_id":null,"content_hierarchy":[]},"links":[[[{"start":0,"end":11,"url":null,"entity_id":"Q188158","candidates":[]}],[{"start":0,"end":28,"url":null,"entity_id":"Q9812231","candidates":[]}],[{"start":0,"end":42,"url":null,"entity_id":"Q1189918","candidates":[]}]],[[{"start":0,"end":19,"url":null,"entity_id":"Q272090","candidates":[]}],[{"start":0,"end":28,"url":null,"entity_id":"Q6585822","candidates":[]}],[{"start":0,"end":44,"url":null,"entity_id":"Q778966","candidates":[]}]],[[{"start":0,"end":34,"url":null,"entity_id":"Q285389","candidates":[]}],[{"start":0,"end":43,"url":null,"entity_id":"Q6469462","candidates":[]}],[{"start":0,"end":27,"url":null,"entity_id":"Q543115","candidates":[]}]],[[{"start":0,"end":11,"url":null,"entity_id":"Q181336","candidates":[]}],[{"start":0,"end":20,"url":null,"entity_id":"Q11162296","candidates":[]}],[{"start":0,"end":25,"url":null,"entity_id":"Q372681","candidates":[]}]],[[{"start":0,"end":13,"url":null,"entity_id":"Q183042","candidates":[]}],[{"start":0,"end":22,"url":null,"entity_id":"Q10980094","candidates":[]}],[{"start":0,"end":25,"url":null,"entity_id":"Q372681","candidates":[]}]],[[{"start":0,"end":19,"url":null,"entity_id":"Q223366","candidates":[]}],[{"start":0,"end":28,"url":null,"entity_id":"Q5876869","candidates":[]}],[{"start":0,"end":4,"url":null,"entity_id":"Q253414","candidates":[]}]],[[{"start":0,"end":40,"url":null,"entity_id":"Q262650","candidates":[]}],[{"start":0,"end":44,"url":null,"entity_id":"Q8201147","candidates":[]}],[{"start":0,"end":31,"url":null,"entity_id":"Q40970","candidates":[]}]],[[{"start":0,"end":31,"url":null,"entity_id":"Q188317","candidates":[]}],[{"start":0,"end":31,"url":null,"entity_id":"Q7936494","candidates":[]}],[{"start":0,"end":31,"url":null,"entity_id":"Q40970","candidates":[]}]],[[{"start":0,"end":33,"url":null,"entity_id":"Q208137","candidates":[]}],[{"start":0,"end":33,"url":null,"entity_id":"Q7934975","candidates":[]}],[{"start":0,"end":31,"url":null,"entity_id":"Q40970","candidates":[]}]],[[{"start":0,"end":19,"url":null,"entity_id":"Q186196","candidates":[]}],[{"start":0,"end":28,"url":null,"entity_id":"Q6927528","candidates":[]}],[{"start":0,"end":31,"url":null,"entity_id":"Q40970","candidates":[]}]],[[{"start":0,"end":35,"url":null,"entity_id":"Q282770","candidates":[]}],[{"start":0,"end":35,"url":null,"entity_id":"Q6894657","candidates":[]}],[{"start":0,"end":31,"url":null,"entity_id":"Q40970","candidates":[]}]],[[{"start":0,"end":29,"url":null,"entity_id":"Q270163","candidates":[]}],[{"start":0,"end":29,"url":null,"entity_id":"Q5951108","candidates":[]}],[{"start":0,"end":31,"url":null,"entity_id":"Q40970","candidates":[]}]],[[{"start":0,"end":21,"url":null,"entity_id":"Q506447","candidates":[]}],[{"start":0,"end":30,"url":null,"entity_id":"Q13392759","candidates":[]}],[{"start":0,"end":17,"url":null,"entity_id":"Q2660344","candidates":[]}]],[[{"start":0,"end":11,"url":null,"entity_id":"Q483463","candidates":[]}],[{"start":0,"end":28,"url":null,"entity_id":"Q22830607","candidates":[]}],[{"start":0,"end":23,"url":null,"entity_id":"Q844293","candidates":[]}]],[[{"start":0,"end":31,"url":null,"entity_id":"Q463248","candidates":[]}],[{"start":0,"end":40,"url":null,"entity_id":"Q20347436","candidates":[]}],[{"start":0,"end":45,"url":null,"entity_id":"Q739643","candidates":[]}]],[[{"start":0,"end":18,"url":null,"entity_id":"Q499192","candidates":[]}],[{"start":0,"end":27,"url":null,"entity_id":"Q13392908","candidates":[]}],[{"start":0,"end":3,"url":null,"entity_id":"Q227918","candidates":[]}]],[[{"start":0,"end":32,"url":null,"entity_id":"Q324257","candidates":[]}],[{"start":0,"end":39,"url":null,"entity_id":"Q8201854","candidates":[]}],[{"start":0,"end":31,"url":null,"entity_id":"Q40970","candidates":[]}]],[[{"start":0,"end":27,"url":null,"entity_id":"Q431394","candidates":[]}],[{"start":0,"end":27,"url":null,"entity_id":"Q8201020","candidates":[]}],[{"start":0,"end":31,"url":null,"entity_id":"Q40970","candidates":[]}]],[[{"start":0,"end":35,"url":null,"entity_id":"Q393189","candidates":[]}],[{"start":0,"end":37,"url":null,"entity_id":"Q8030104","candidates":[]}],[{"start":0,"end":31,"url":null,"entity_id":"Q40970","candidates":[]}]],[[{"start":0,"end":30,"url":null,"entity_id":"Q499650","candidates":[]}],[{"start":0,"end":30,"url":null,"entity_id":"Q7934540","candidates":[]}],[{"start":0,"end":31,"url":null,"entity_id":"Q40970","candidates":[]}]]]}