{"version":"1.2","table":{"version":"2","table_id":"DE6E9LKL","columns":[{"index":0,"name":"col0","values":["TYC 7820-1090-1","TYC 2652-550-1","KIC 2141387","KIC 8125339","KIC 6149138","KIC 8775173","KIC 8509620","KIC 2310284","KIC 5977646","KIC 3443221","KIC 3001695","KIC 8127495","KIC 11861260","KIC 9469599","KIC 5706988","KIC 6681516","KIC 9549513","V* V2069 Sgr","TYC 2801-1101-1","HD 229196"]},{"index":1,"name":"col1","values":["3.7366","0.7782","1.2961","1.2244","1.4122","1.6169","1.0376","0.649","0.7248","0.4774","0.677","1.1119","0.5498","0.7995","0.5464","0.6919","1.0134","0.3688","1.9492","0.5196"]},{"index":2,"name":"col2","values":["-38.235830715689","37.3950498338543","37.5615740898097","43.9718270006722","41.4606414314377","44.9348935239159","44.5426087519715","37.6557265566486","41.215895107013","38.5525611923752","38.1696757889911","43.9142565701486","50.1017443871883","46.0322390155653","40.9882410629899","42.1350315979127","46.1593887549147","-20.6523983286221","40.3262292402813","40.8749554078377"]},{"index":3,"name":"col3","values":["10.6","11.62","11.407","11.654","12.428","11.366","12.805","12.65","12.506","12.026","12.726","11.444","12.897","12.319","12.939","12.552","11.874","4.818","11.27","8.59"]},{"index":4,"name":"col4","values":["-33.88","15.29","9.46","10.6","-29.2","2.21","66","13.5","24.2","24.6","5","-19.89","-62.9","-42.6","-12.1","-11.1","-1.8","-51.57","-50.18","-38"]}]},"context":{"page_title":null,"page_url":null,"page_entity_id":null,"content_hierarchy":[]},"links":[[[{"start":0,"end":14,"url":null,"entity_id":"Q84347516","candidates":[]}],[],[],[],[]],[[{"start":0,"end":11,"url":null,"entity_id":"Q84194072","candidates":[]}],[],[],[],[]],[[{"start":0,"end":11,"url":null,"entity_id":"Q84193963","candidates":[]}],[],[],[],[]],[[{"start":0,"end":11,"url":null,"entity_id":"Q84192715","candidates":[]}],[],[],[],[]],[[{"start":0,"end":11,"url":null,"entity_id":"Q84192602","candidates":[]}],[],[],[],[]],[[{"start":0,"end":11,"url":null,"entity_id":"Q84192302","candidates":[]}],[],[],[],[]],[[{"start":0,"end":11,"url":null,"entity_id":"Q84192114","candidates":[]}],[],[],[],[]],[[{"start":0,"end":11,"url":null,"entity_id":"Q84191449","candidates":[]}],[],[],[],[]],[[{"start":0,"end":11,"url":null,"entity_id":"Q84190744","candidates":[]}],[],[],[],[]],[[{"start":0,"end":11,"url":null,"entity_id":"Q84190413","candidates":[]}],[],[],[],[]],[[{"start":0,"end":11,"url":null,"entity_id":"Q84189944","candidates":[]}],[],[],[],[]],[[{"start":0,"end":12,"url":null,"entity_id":"Q84189576","candidates":[]}],[],[],[],[]],[[{"start":0,"end":11,"url":null,"entity_id":"Q84189416","candidates":[]}],[],[],[],[]],[[{"start":0,"end":11,"url":null,"entity_id":"Q84188828","candidates":[]}],[],[],[],[]],[[{"start":0,"end":11,"url":null,"entity_id":"Q84188646","candidates":[]}],[],[],[],[]],[[{"start":0,"end":11,"url":null,"entity_id":"Q84187765","candidates":[]}],[],[],[],[]],[[{"start":0,"end":12,"url":null,"entity_id":"Q83950372","candidates":[]}],[],[],[],[]],[[{"start":0,"end":15,"url":null,"entity_id":"Q74656813","candidates":[]}],[],[],[],[]],[[{"start":0,"end":9,"url":null,"entity_id":"Q74178951","candidates":[]}],[],[],[],[]],[[{"start":0,"end":15,"url":null,"entity_id":"Q84367042","candidates":[]}],[],[],[],[]]]}