{"version":"1.2","table":{"version":"2","table_id":"DESTW49L","columns":[{"index":0,"name":"col0","values":["Playa del Río Castor","Toxido","Sarrido","Portiño de A Devesa","Cegoñas","A Areosa","Inpernupe","Murgita","Azabaratza","Sisurko","Artzuportu","Caló dels Grells","El Calón","La Habana","Moinelo","Sucastro","Perdouro","San Pedro de Cangas","Gralleira","Orxal"]},{"index":1,"name":"col1","values":["600","130","100","45","40","50","120","350","40","38","105","50","500","4300","120","100","270","275","110","94"]},{"index":2,"name":"col2","values":["20","30","12","15","40","40","20","8","5","5","5","20","25","15","20","30","10","23","23","15"]}]},"context":{"page_title":null,"page_url":null,"page_entity_id":null,"content_hierarchy":[]},"links":[[[{"start":0,"end":6,"url":null,"entity_id":"Q28119626","candidates":[]}],[],[]],[[{"start":0,"end":7,"url":null,"entity_id":"Q28119616","candidates":[]}],[],[]],[[{"start":0,"end":19,"url":null,"entity_id":"Q28119613","candidates":[]}],[],[]],[[{"start":0,"end":7,"url":null,"entity_id":"Q28119612","candidates":[]}],[],[]],[[{"start":0,"end":8,"url":null,"entity_id":"Q28119607","candidates":[]}],[],[]],[[{"start":0,"end":9,"url":null,"entity_id":"Q28119597","candidates":[]}],[],[]],[[{"start":0,"end":7,"url":null,"entity_id":"Q28119596","candidates":[]}],[],[]],[[{"start":0,"end":10,"url":null,"entity_id":"Q28119594","candidates":[]}],[],[]],[[{"start":0,"end":7,"url":null,"entity_id":"Q28119592","candidates":[]}],[],[]],[[{"start":0,"end":10,"url":null,"entity_id":"Q28119591","candidates":[]}],[],[]],[[{"start":0,"end":16,"url":null,"entity_id":"Q85290713","candidates":[]}],[],[]],[[{"start":0,"end":8,"url":null,"entity_id":"Q28122355","candidates":[]}],[],[]],[[{"start":0,"end":9,"url":null,"entity_id":"Q28122340","candidates":[]}],[],[]],[[{"start":0,"end":7,"url":null,"entity_id":"Q28122237","candidates":[]}],[],[]],[[{"start":0,"end":8,"url":null,"entity_id":"Q28122234","candidates":[]}],[],[]],[[{"start":0,"end":8,"url":null,"entity_id":"Q28122219","candidates":[]}],[],[]],[[{"start":0,"end":19,"url":null,"entity_id":"Q28122214","candidates":[]}],[],[]],[[{"start":0,"end":9,"url":null,"entity_id":"Q28122213","candidates":[]}],[],[]],[[{"start":0,"end":5,"url":null,"entity_id":"Q28122211","candidates":[]}],[],[]],[[{"start":0,"end":20,"url":null,"entity_id":"Q28119629","candidates":[]}],[],[]]]}