{"version":"1.2","table":{"version":"2","table_id":"DF30K9RY","columns":[{"index":0,"name":"col0","values":["Norderstedt","Detmold","Warendorf","Ennigerloh","Oelde","Drensteinfurt","Sendenhorst","Beckum","Langenzenn","Gelsenkirchen","Mönchengladbach","Augsburg","Münster","Bremerhaven","Mannheim","Bielefeld","Wuppertal","Nuremberg","Leipzig","Essen","Düren","Frankfurt am Main","Magdeburg","Dresden","Erfurt","Brunswick","Duisburg","Bochum","Warstein","Rüthen","Geseke","Erwitte","Waldbröl","Radevormwald","Hückeswagen","Bergneustadt","Netphen","Hilchenbach","Freudenberg","Bad Berleburg"]},{"index":1,"name":"col1","values":["Mayors for Peace","Mayors for Peace","Städte- und Gemeindebund Nordrhein-Westfalen","Städte- und Gemeindebund Nordrhein-Westfalen","Städte- und Gemeindebund Nordrhein-Westfalen","Städte- und Gemeindebund Nordrhein-Westfalen","Climate Alliance","Climate Alliance","Bayerischer Städtetag","Mayors for Peace","Mayors for Peace","Mayors for Peace","Mayors for Peace","Mayors for Peace","Mayors for Peace","Mayors for Peace","Mayors for Peace","Mayors for Peace","Mayors for Peace","Mayors for Peace","Mayors for Peace","Mayors for Peace","Mayors for Peace","Mayors for Peace","Mayors for Peace","Regionalverband Großraum Braunschweig","Landschaftsverband Rheinland","Regionalverband Ruhr","Städte- und Gemeindebund Nordrhein-Westfalen","Städte- und Gemeindebund Nordrhein-Westfalen","Städte- und Gemeindebund Nordrhein-Westfalen","Städte- und Gemeindebund Nordrhein-Westfalen","Städte- und Gemeindebund Nordrhein-Westfalen","Städte- und Gemeindebund Nordrhein-Westfalen","Städte- und Gemeindebund Nordrhein-Westfalen","Städte- und Gemeindebund Nordrhein-Westfalen","Städte- und Gemeindebund Nordrhein-Westfalen","Städte- und Gemeindebund Nordrhein-Westfalen","Städte- und Gemeindebund Nordrhein-Westfalen","Städte- und Gemeindebund Nordrhein-Westfalen"]},{"index":2,"name":"col2","values":["58.1","129.39","176.75","125.15","102.63","106.42","96.66","39","46.31","104.94","170.47","146.87","303.28","93.66","144.97","258.82","168.39","186.45","297.8","210.34","85","248.31","201.01","328.48","269.91","192.7","232.8","145.66","157.91","158.09","97.48","73.79","63.02","53.77","50.46","37.89","137.39","81.12","54.48","275.33"]}]},"context":{"page_title":null,"page_url":null,"page_entity_id":null,"content_hierarchy":[]},"links":[[[{"start":0,"end":7,"url":null,"entity_id":"Q3922","candidates":[]}],[{"start":0,"end":16,"url":null,"entity_id":"Q747279","candidates":[]}],[]],[[{"start":0,"end":9,"url":null,"entity_id":"Q2769","candidates":[]}],[{"start":0,"end":44,"url":null,"entity_id":"Q2359812","candidates":[]}],[]],[[{"start":0,"end":10,"url":null,"entity_id":"Q2760","candidates":[]}],[{"start":0,"end":44,"url":null,"entity_id":"Q2359812","candidates":[]}],[]],[[{"start":0,"end":5,"url":null,"entity_id":"Q2752","candidates":[]}],[{"start":0,"end":44,"url":null,"entity_id":"Q2359812","candidates":[]}],[]],[[{"start":0,"end":13,"url":null,"entity_id":"Q2713","candidates":[]}],[{"start":0,"end":44,"url":null,"entity_id":"Q2359812","candidates":[]}],[]],[[{"start":0,"end":11,"url":null,"entity_id":"Q2740","candidates":[]}],[{"start":0,"end":16,"url":null,"entity_id":"Q1768108","candidates":[]}],[]],[[{"start":0,"end":6,"url":null,"entity_id":"Q2707","candidates":[]}],[{"start":0,"end":16,"url":null,"entity_id":"Q1768108","candidates":[]}],[]],[[{"start":0,"end":10,"url":null,"entity_id":"Q2230","candidates":[]}],[{"start":0,"end":21,"url":null,"entity_id":"Q812378","candidates":[]}],[]],[[{"start":0,"end":13,"url":null,"entity_id":"Q2765","candidates":[]}],[{"start":0,"end":16,"url":null,"entity_id":"Q747279","candidates":[]}],[]],[[{"start":0,"end":15,"url":null,"entity_id":"Q2758","candidates":[]}],[{"start":0,"end":16,"url":null,"entity_id":"Q747279","candidates":[]}],[]],[[{"start":0,"end":8,"url":null,"entity_id":"Q2749","candidates":[]}],[{"start":0,"end":16,"url":null,"entity_id":"Q747279","candidates":[]}],[]],[[{"start":0,"end":7,"url":null,"entity_id":"Q2742","candidates":[]}],[{"start":0,"end":16,"url":null,"entity_id":"Q747279","candidates":[]}],[]],[[{"start":0,"end":11,"url":null,"entity_id":"Q2706","candidates":[]}],[{"start":0,"end":16,"url":null,"entity_id":"Q747279","candidates":[]}],[]],[[{"start":0,"end":8,"url":null,"entity_id":"Q2119","candidates":[]}],[{"start":0,"end":16,"url":null,"entity_id":"Q747279","candidates":[]}],[]],[[{"start":0,"end":9,"url":null,"entity_id":"Q2112","candidates":[]}],[{"start":0,"end":16,"url":null,"entity_id":"Q747279","candidates":[]}],[]],[[{"start":0,"end":9,"url":null,"entity_id":"Q2107","candidates":[]}],[{"start":0,"end":16,"url":null,"entity_id":"Q747279","candidates":[]}],[]],[[{"start":0,"end":9,"url":null,"entity_id":"Q2090","candidates":[]}],[{"start":0,"end":16,"url":null,"entity_id":"Q747279","candidates":[]}],[]],[[{"start":0,"end":7,"url":null,"entity_id":"Q2079","candidates":[]}],[{"start":0,"end":16,"url":null,"entity_id":"Q747279","candidates":[]}],[]],[[{"start":0,"end":5,"url":null,"entity_id":"Q2066","candidates":[]}],[{"start":0,"end":16,"url":null,"entity_id":"Q747279","candidates":[]}],[]],[[{"start":0,"end":5,"url":null,"entity_id":"Q1884","candidates":[]}],[{"start":0,"end":16,"url":null,"entity_id":"Q747279","candidates":[]}],[]],[[{"start":0,"end":17,"url":null,"entity_id":"Q1794","candidates":[]}],[{"start":0,"end":16,"url":null,"entity_id":"Q747279","candidates":[]}],[]],[[{"start":0,"end":9,"url":null,"entity_id":"Q1733","candidates":[]}],[{"start":0,"end":16,"url":null,"entity_id":"Q747279","candidates":[]}],[]],[[{"start":0,"end":7,"url":null,"entity_id":"Q1731","candidates":[]}],[{"start":0,"end":16,"url":null,"entity_id":"Q747279","candidates":[]}],[]],[[{"start":0,"end":6,"url":null,"entity_id":"Q1729","candidates":[]}],[{"start":0,"end":16,"url":null,"entity_id":"Q747279","candidates":[]}],[]],[[{"start":0,"end":9,"url":null,"entity_id":"Q2773","candidates":[]}],[{"start":0,"end":37,"url":null,"entity_id":"Q231845","candidates":[]}],[]],[[{"start":0,"end":8,"url":null,"entity_id":"Q2100","candidates":[]}],[{"start":0,"end":28,"url":null,"entity_id":"Q153468","candidates":[]}],[]],[[{"start":0,"end":6,"url":null,"entity_id":"Q2103","candidates":[]}],[{"start":0,"end":20,"url":null,"entity_id":"Q49849","candidates":[]}],[]],[[{"start":0,"end":8,"url":null,"entity_id":"Q11119","candidates":[]}],[{"start":0,"end":44,"url":null,"entity_id":"Q2359812","candidates":[]}],[]],[[{"start":0,"end":6,"url":null,"entity_id":"Q11114","candidates":[]}],[{"start":0,"end":44,"url":null,"entity_id":"Q2359812","candidates":[]}],[]],[[{"start":0,"end":6,"url":null,"entity_id":"Q11102","candidates":[]}],[{"start":0,"end":44,"url":null,"entity_id":"Q2359812","candidates":[]}],[]],[[{"start":0,"end":7,"url":null,"entity_id":"Q11064","candidates":[]}],[{"start":0,"end":44,"url":null,"entity_id":"Q2359812","candidates":[]}],[]],[[{"start":0,"end":8,"url":null,"entity_id":"Q11040","candidates":[]}],[{"start":0,"end":44,"url":null,"entity_id":"Q2359812","candidates":[]}],[]],[[{"start":0,"end":12,"url":null,"entity_id":"Q11039","candidates":[]}],[{"start":0,"end":44,"url":null,"entity_id":"Q2359812","candidates":[]}],[]],[[{"start":0,"end":11,"url":null,"entity_id":"Q11038","candidates":[]}],[{"start":0,"end":44,"url":null,"entity_id":"Q2359812","candidates":[]}],[]],[[{"start":0,"end":12,"url":null,"entity_id":"Q10976","candidates":[]}],[{"start":0,"end":44,"url":null,"entity_id":"Q2359812","candidates":[]}],[]],[[{"start":0,"end":7,"url":null,"entity_id":"Q10950","candidates":[]}],[{"start":0,"end":44,"url":null,"entity_id":"Q2359812","candidates":[]}],[]],[[{"start":0,"end":11,"url":null,"entity_id":"Q10949","candidates":[]}],[{"start":0,"end":44,"url":null,"entity_id":"Q2359812","candidates":[]}],[]],[[{"start":0,"end":11,"url":null,"entity_id":"Q10946","candidates":[]}],[{"start":0,"end":44,"url":null,"entity_id":"Q2359812","candidates":[]}],[]],[[{"start":0,"end":13,"url":null,"entity_id":"Q10944","candidates":[]}],[{"start":0,"end":44,"url":null,"entity_id":"Q2359812","candidates":[]}],[]],[[{"start":0,"end":11,"url":null,"entity_id":"Q3928","candidates":[]}],[{"start":0,"end":16,"url":null,"entity_id":"Q747279","candidates":[]}],[]]]}