{"version":"1.2","table":{"version":"2","table_id":"DG1LK1IE","columns":[{"index":0,"name":"col0","values":["Historic Fortified Town of Campeche","Historic Centre of Brugge","Historic Centre of Puebla","Historic Monuments Zone of Querétaro","Historic centre of Zacatecas","Historic Centre of Morelia","Historic Centre of Guimarães","Historic Centre of Macau","Old Town of Lviv","Ciudad Colonial","port of the Moon","Historic Inner City of Paramaribo","Historic Centre of Arequipa","Historic Town of Ouro Preto","Ancient City of Damascus","Historic Centre of the City of Pienza","Historic Centre of Florence","Historic Centre of the Town of Olinda","Historic Centre of Santa Cruz de Mompox","old town of Cáceres"]},{"index":1,"name":"col1","values":["on developments in architecture or technology, monumental arts, town-planning or landscape design","on developments in architecture or technology, monumental arts, town-planning or landscape design","on developments in architecture or technology, monumental arts, town-planning or landscape design","on developments in architecture or technology, monumental arts, town-planning or landscape design","on developments in architecture or technology, monumental arts, town-planning or landscape design","on developments in architecture or technology, monumental arts, town-planning or landscape design","on developments in architecture or technology, monumental arts, town-planning or landscape design","on developments in architecture or technology, monumental arts, town-planning or landscape design","on developments in architecture or technology, monumental arts, town-planning or landscape design","on developments in architecture or technology, monumental arts, town-planning or landscape design","on developments in architecture or technology, monumental arts, town-planning or landscape design","on developments in architecture or technology, monumental arts, town-planning or landscape design","masterpiece of human creative genius","masterpiece of human creative genius","masterpiece of human creative genius","masterpiece of human creative genius","masterpiece of human creative genius","on developments in architecture or technology, monumental arts, town-planning or landscape design","object illustrates  significant stage in human history","unique to a cultural tradition"]},{"index":2,"name":"col2","values":["UNESCO World Heritage Site","UNESCO World Heritage Site","UNESCO World Heritage Site","UNESCO World Heritage Site","UNESCO World Heritage Site","UNESCO World Heritage Site","UNESCO World Heritage Site","UNESCO World Heritage Site","UNESCO World Heritage Site","UNESCO World Heritage Site","UNESCO World Heritage Site","UNESCO World Heritage Site","UNESCO World Heritage Site","UNESCO World Heritage Site","UNESCO World Heritage Site","UNESCO World Heritage Site","UNESCO World Heritage Site","Heritage of Portuguese Influence","UNESCO World Heritage Site","UNESCO World Heritage Site"]}]},"context":{"page_title":null,"page_url":null,"page_entity_id":null,"content_hierarchy":[]},"links":[[[{"start":0,"end":35,"url":null,"entity_id":"Q5762131","candidates":[]}],[{"start":0,"end":97,"url":null,"entity_id":"Q23038976","candidates":[]}],[{"start":0,"end":26,"url":null,"entity_id":"Q9259","candidates":[]}]],[[{"start":0,"end":25,"url":null,"entity_id":"Q5762117","candidates":[]}],[{"start":0,"end":97,"url":null,"entity_id":"Q23038976","candidates":[]}],[{"start":0,"end":26,"url":null,"entity_id":"Q9259","candidates":[]}]],[[{"start":0,"end":25,"url":null,"entity_id":"Q3848455","candidates":[]}],[{"start":0,"end":97,"url":null,"entity_id":"Q23038976","candidates":[]}],[{"start":0,"end":26,"url":null,"entity_id":"Q9259","candidates":[]}]],[[{"start":0,"end":36,"url":null,"entity_id":"Q3848141","candidates":[]}],[{"start":0,"end":97,"url":null,"entity_id":"Q23038976","candidates":[]}],[{"start":0,"end":26,"url":null,"entity_id":"Q9259","candidates":[]}]],[[{"start":0,"end":28,"url":null,"entity_id":"Q3848116","candidates":[]}],[{"start":0,"end":97,"url":null,"entity_id":"Q23038976","candidates":[]}],[{"start":0,"end":26,"url":null,"entity_id":"Q9259","candidates":[]}]],[[{"start":0,"end":26,"url":null,"entity_id":"Q3848089","candidates":[]}],[{"start":0,"end":97,"url":null,"entity_id":"Q23038976","candidates":[]}],[{"start":0,"end":26,"url":null,"entity_id":"Q9259","candidates":[]}]],[[{"start":0,"end":28,"url":null,"entity_id":"Q2945649","candidates":[]}],[{"start":0,"end":97,"url":null,"entity_id":"Q23038976","candidates":[]}],[{"start":0,"end":26,"url":null,"entity_id":"Q9259","candidates":[]}]],[[{"start":0,"end":24,"url":null,"entity_id":"Q2601433","candidates":[]}],[{"start":0,"end":97,"url":null,"entity_id":"Q23038976","candidates":[]}],[{"start":0,"end":26,"url":null,"entity_id":"Q9259","candidates":[]}]],[[{"start":0,"end":16,"url":null,"entity_id":"Q2592613","candidates":[]}],[{"start":0,"end":97,"url":null,"entity_id":"Q23038976","candidates":[]}],[{"start":0,"end":26,"url":null,"entity_id":"Q9259","candidates":[]}]],[[{"start":0,"end":15,"url":null,"entity_id":"Q2470834","candidates":[]}],[{"start":0,"end":97,"url":null,"entity_id":"Q23038976","candidates":[]}],[{"start":0,"end":26,"url":null,"entity_id":"Q9259","candidates":[]}]],[[{"start":0,"end":16,"url":null,"entity_id":"Q2249113","candidates":[]}],[{"start":0,"end":97,"url":null,"entity_id":"Q23038976","candidates":[]}],[{"start":0,"end":26,"url":null,"entity_id":"Q9259","candidates":[]}]],[[{"start":0,"end":33,"url":null,"entity_id":"Q2147036","candidates":[]}],[{"start":0,"end":97,"url":null,"entity_id":"Q23038976","candidates":[]}],[{"start":0,"end":26,"url":null,"entity_id":"Q9259","candidates":[]}]],[[{"start":0,"end":27,"url":null,"entity_id":"Q8343756","candidates":[]}],[{"start":0,"end":36,"url":null,"entity_id":"Q23038972","candidates":[]}],[{"start":0,"end":26,"url":null,"entity_id":"Q9259","candidates":[]}]],[[{"start":0,"end":27,"url":null,"entity_id":"Q3845692","candidates":[]}],[{"start":0,"end":36,"url":null,"entity_id":"Q23038972","candidates":[]}],[{"start":0,"end":26,"url":null,"entity_id":"Q9259","candidates":[]}]],[[{"start":0,"end":24,"url":null,"entity_id":"Q3678596","candidates":[]}],[{"start":0,"end":36,"url":null,"entity_id":"Q23038972","candidates":[]}],[{"start":0,"end":26,"url":null,"entity_id":"Q9259","candidates":[]}]],[[{"start":0,"end":37,"url":null,"entity_id":"Q2945646","candidates":[]}],[{"start":0,"end":36,"url":null,"entity_id":"Q23038972","candidates":[]}],[{"start":0,"end":26,"url":null,"entity_id":"Q9259","candidates":[]}]],[[{"start":0,"end":27,"url":null,"entity_id":"Q2707802","candidates":[]}],[{"start":0,"end":36,"url":null,"entity_id":"Q23038972","candidates":[]}],[{"start":0,"end":26,"url":null,"entity_id":"Q9259","candidates":[]}]],[[{"start":0,"end":37,"url":null,"entity_id":"Q8343764","candidates":[]}],[{"start":0,"end":97,"url":null,"entity_id":"Q23038976","candidates":[]}],[{"start":0,"end":32,"url":null,"entity_id":"Q40461605","candidates":[]}]],[[{"start":0,"end":39,"url":null,"entity_id":"Q8343767","candidates":[]}],[{"start":0,"end":54,"url":null,"entity_id":"Q23038978","candidates":[]}],[{"start":0,"end":26,"url":null,"entity_id":"Q9259","candidates":[]}]],[[{"start":0,"end":19,"url":null,"entity_id":"Q9757828","candidates":[]}],[{"start":0,"end":30,"url":null,"entity_id":"Q23038977","candidates":[]}],[{"start":0,"end":26,"url":null,"entity_id":"Q9259","candidates":[]}]]]}