{"version":"1.2","table":{"version":"2","table_id":"DGX5GV72","columns":[{"index":0,"name":"col0","values":["Brussels Airlines","ExpressJet","American Airlines","United Airlines","Jetstar Japan","Air Serbia","European Air Transport Leipzig","Volaris","Iran Air","Garuda Indonesia","Jetstar Pacific Airlines","TACA","Mount Cook Airline","Condor Syndikat","Shandong Airlines","SunExpress","Frontier Airlines","Clickair","Tiger Airways Australia","Horizon Air"]},{"index":1,"name":"col1","values":["Lufthansa","SkyWest, Inc.","American Airlines Group","United Airlines Holdings","Qantas","Etihad Airways","Deutsche Post AG","Indigo Partners","Iran","Indonesia","Qantas","Synergy Group","Air New Zealand","Lufthansa","Air China","Turkish Airlines","Republic Airways Holdings","Iberia","Tiger Airways Holdings","Alaska Air Group"]},{"index":2,"name":"col2","values":["Belgium","United States of America","United States of America","United States of America","Japan","Serbia","Germany","Mexico","Iran","Indonesia","Vietnam","El Salvador","New Zealand","Brazil","People's Republic of China","Turkey","United States of America","Spain","Australia","United States of America"]}]},"context":{"page_title":null,"page_url":null,"page_entity_id":null,"content_hierarchy":[]},"links":[[[{"start":0,"end":17,"url":null,"entity_id":"Q153571","candidates":[]}],[{"start":0,"end":9,"url":null,"entity_id":"Q9325","candidates":[]}],[{"start":0,"end":7,"url":null,"entity_id":"Q31","candidates":[]}]],[[{"start":0,"end":10,"url":null,"entity_id":"Q46676","candidates":[]}],[{"start":0,"end":13,"url":null,"entity_id":"Q7537214","candidates":[]}],[{"start":0,"end":24,"url":null,"entity_id":"Q30","candidates":[]}]],[[{"start":0,"end":17,"url":null,"entity_id":"Q32396","candidates":[]}],[{"start":0,"end":23,"url":null,"entity_id":"Q4742937","candidates":[]}],[{"start":0,"end":24,"url":null,"entity_id":"Q30","candidates":[]}]],[[{"start":0,"end":15,"url":null,"entity_id":"Q174769","candidates":[]}],[{"start":0,"end":24,"url":null,"entity_id":"Q871700","candidates":[]}],[{"start":0,"end":24,"url":null,"entity_id":"Q30","candidates":[]}]],[[{"start":0,"end":13,"url":null,"entity_id":"Q117433","candidates":[]}],[{"start":0,"end":6,"url":null,"entity_id":"Q32491","candidates":[]}],[{"start":0,"end":5,"url":null,"entity_id":"Q17","candidates":[]}]],[[{"start":0,"end":10,"url":null,"entity_id":"Q460373","candidates":[]}],[{"start":0,"end":14,"url":null,"entity_id":"Q212304","candidates":[]}],[{"start":0,"end":6,"url":null,"entity_id":"Q403","candidates":[]}]],[[{"start":0,"end":30,"url":null,"entity_id":"Q479159","candidates":[]}],[{"start":0,"end":16,"url":null,"entity_id":"Q157645","candidates":[]}],[{"start":0,"end":7,"url":null,"entity_id":"Q183","candidates":[]}]],[[{"start":0,"end":7,"url":null,"entity_id":"Q431757","candidates":[]}],[{"start":0,"end":15,"url":null,"entity_id":"Q43215330","candidates":[]}],[{"start":0,"end":6,"url":null,"entity_id":"Q96","candidates":[]}]],[[{"start":0,"end":8,"url":null,"entity_id":"Q461631","candidates":[]}],[{"start":0,"end":4,"url":null,"entity_id":"Q794","candidates":[]}],[{"start":0,"end":4,"url":null,"entity_id":"Q794","candidates":[]}]],[[{"start":0,"end":16,"url":null,"entity_id":"Q512468","candidates":[]}],[{"start":0,"end":9,"url":null,"entity_id":"Q252","candidates":[]}],[{"start":0,"end":9,"url":null,"entity_id":"Q252","candidates":[]}]],[[{"start":0,"end":24,"url":null,"entity_id":"Q1156874","candidates":[]}],[{"start":0,"end":6,"url":null,"entity_id":"Q32491","candidates":[]}],[{"start":0,"end":7,"url":null,"entity_id":"Q881","candidates":[]}]],[[{"start":0,"end":4,"url":null,"entity_id":"Q1139145","candidates":[]}],[{"start":0,"end":13,"url":null,"entity_id":"Q1892498","candidates":[]}],[{"start":0,"end":11,"url":null,"entity_id":"Q792","candidates":[]}]],[[{"start":0,"end":18,"url":null,"entity_id":"Q1138889","candidates":[]}],[{"start":0,"end":15,"url":null,"entity_id":"Q204296","candidates":[]}],[{"start":0,"end":11,"url":null,"entity_id":"Q664","candidates":[]}]],[[{"start":0,"end":15,"url":null,"entity_id":"Q1124591","candidates":[]}],[{"start":0,"end":9,"url":null,"entity_id":"Q9325","candidates":[]}],[{"start":0,"end":6,"url":null,"entity_id":"Q155","candidates":[]}]],[[{"start":0,"end":17,"url":null,"entity_id":"Q1153602","candidates":[]}],[{"start":0,"end":9,"url":null,"entity_id":"Q51747","candidates":[]}],[{"start":0,"end":26,"url":null,"entity_id":"Q148","candidates":[]}]],[[{"start":0,"end":10,"url":null,"entity_id":"Q1137136","candidates":[]}],[{"start":0,"end":16,"url":null,"entity_id":"Q4548","candidates":[]}],[{"start":0,"end":6,"url":null,"entity_id":"Q43","candidates":[]}]],[[{"start":0,"end":17,"url":null,"entity_id":"Q1139541","candidates":[]}],[{"start":0,"end":25,"url":null,"entity_id":"Q1536457","candidates":[]}],[{"start":0,"end":24,"url":null,"entity_id":"Q30","candidates":[]}]],[[{"start":0,"end":8,"url":null,"entity_id":"Q1100995","candidates":[]}],[{"start":0,"end":6,"url":null,"entity_id":"Q187972","candidates":[]}],[{"start":0,"end":5,"url":null,"entity_id":"Q29","candidates":[]}]],[[{"start":0,"end":23,"url":null,"entity_id":"Q1319318","candidates":[]}],[{"start":0,"end":22,"url":null,"entity_id":"Q7801370","candidates":[]}],[{"start":0,"end":9,"url":null,"entity_id":"Q408","candidates":[]}]],[[{"start":0,"end":11,"url":null,"entity_id":"Q1200062","candidates":[]}],[{"start":0,"end":16,"url":null,"entity_id":"Q4033665","candidates":[]}],[{"start":0,"end":24,"url":null,"entity_id":"Q30","candidates":[]}]]]}