{"version":"1.2","table":{"version":"2","table_id":"DHERK10L","columns":[{"index":0,"name":"col0","values":["Roman Catholic Diocese of Vijayapuram","Roman Catholic Diocese of Vijayawada","Roman Catholic Diocese of Tuticorin","Roman Catholic Diocese of Włocławek","Roman Catholic Diocese of Wallis et Futuna","Roman Catholic Diocese of Srikakulam","Roman Catholic Diocese of Tanjore","Roman Catholic Diocese of Sivagangai","Roman Catholic Diocese of Tezpur","Roman Catholic Diocese of Sosnowiec","Roman Catholic Diocese of Cochin","Roman Catholic Diocese of Dumka","Roman Catholic Diocese of Dharmapuri","Roman Catholic Diocese of Dindigul","Roman Catholic Diocese of Coimbatore","Roman Catholic Diocese of Darjeeling","Diocese of Daet","Roman Catholic Diocese of Simdega","Roman Catholic Diocese of Simla and Chandigargh","Roman Catholic Diocese of Shimoga"]},{"index":1,"name":"col1","values":["Sebastian Thekethecheril","Joseph Raja Rao Thelegathoti","Stephen Antony Pillai","Wiesław Mering","Susitino Sionepoe","Vijaya Kumar Rayarala","Devadass Ambrose Mariadoss","Jebalamai Susaimanickam","Michael Akasius Toppo","Grzegorz Kaszak","Joseph Kariyil","Julius Marandi","Lawrence Pius Dorairaj","Thomas Paulsamy","Thomas Aquinas Lephonse","Stephen Lepcha","Rex Andrew Clement Alarcon","Vincent Barwa","Ignatius Loyola Mascarenhas","Francis Serrao"]},{"index":2,"name":"col2","values":["Ecclesiastical Province of Verapoly","Ecclesiastical Province of Visakhapatnam","Ecclesiastical Province of Madurai","Ecclesiastical province of Gniezno","Roman Catholic Archdiocese of Nouméa","Ecclesiastical Province of Visakhapatnam","Ecclesiastical Province of Pondicherry and Cuddalore","Ecclesiastical Province of Madurai","Ecclesiastical Province of Guwahati","Ecclesiastical province of Częstochowa","Ecclesiastical Province of Verapoly","Ecclesiastical Province of Ranchi","Ecclesiastical Province of Pondicherry and Cuddalore","Ecclesiastical Province of Madurai","Ecclesiastical Province of Madras and Mylapore","Ecclesiastical Province of Calcutta","Archdiocese of Caceres","Ecclesiastical Province of Ranchi","Ecclesiastical Province of Delhi","Ecclesiastical Province of Bangalore"]}]},"context":{"page_title":null,"page_url":null,"page_entity_id":null,"content_hierarchy":[]},"links":[[[{"start":0,"end":37,"url":null,"entity_id":"Q877872","candidates":[]}],[{"start":0,"end":24,"url":null,"entity_id":"Q383321","candidates":[]}],[{"start":0,"end":35,"url":null,"entity_id":"Q64446943","candidates":[]}]],[[{"start":0,"end":36,"url":null,"entity_id":"Q877893","candidates":[]}],[{"start":0,"end":28,"url":null,"entity_id":"Q23061724","candidates":[]}],[{"start":0,"end":40,"url":null,"entity_id":"Q64446931","candidates":[]}]],[[{"start":0,"end":35,"url":null,"entity_id":"Q877580","candidates":[]}],[{"start":0,"end":21,"url":null,"entity_id":"Q60658941","candidates":[]}],[{"start":0,"end":34,"url":null,"entity_id":"Q64446909","candidates":[]}]],[[{"start":0,"end":35,"url":null,"entity_id":"Q878118","candidates":[]}],[{"start":0,"end":14,"url":null,"entity_id":"Q1647426","candidates":[]}],[{"start":0,"end":34,"url":null,"entity_id":"Q3489809","candidates":[]}]],[[{"start":0,"end":42,"url":null,"entity_id":"Q877999","candidates":[]}],[{"start":0,"end":17,"url":null,"entity_id":"Q60072593","candidates":[]}],[{"start":0,"end":36,"url":null,"entity_id":"Q633695","candidates":[]}]],[[{"start":0,"end":36,"url":null,"entity_id":"Q876725","candidates":[]}],[{"start":0,"end":21,"url":null,"entity_id":"Q65589670","candidates":[]}],[{"start":0,"end":40,"url":null,"entity_id":"Q64446931","candidates":[]}]],[[{"start":0,"end":33,"url":null,"entity_id":"Q877101","candidates":[]}],[{"start":0,"end":26,"url":null,"entity_id":"Q1206625","candidates":[]}],[{"start":0,"end":52,"url":null,"entity_id":"Q64446915","candidates":[]}]],[[{"start":0,"end":36,"url":null,"entity_id":"Q876609","candidates":[]}],[{"start":0,"end":23,"url":null,"entity_id":"Q1686083","candidates":[]}],[{"start":0,"end":34,"url":null,"entity_id":"Q64446909","candidates":[]}]],[[{"start":0,"end":32,"url":null,"entity_id":"Q877248","candidates":[]}],[{"start":0,"end":21,"url":null,"entity_id":"Q1926771","candidates":[]}],[{"start":0,"end":35,"url":null,"entity_id":"Q64446900","candidates":[]}]],[[{"start":0,"end":35,"url":null,"entity_id":"Q876704","candidates":[]}],[{"start":0,"end":15,"url":null,"entity_id":"Q556145","candidates":[]}],[{"start":0,"end":38,"url":null,"entity_id":"Q3504266","candidates":[]}]],[[{"start":0,"end":32,"url":null,"entity_id":"Q868084","candidates":[]}],[{"start":0,"end":14,"url":null,"entity_id":"Q1290939","candidates":[]}],[{"start":0,"end":35,"url":null,"entity_id":"Q64446943","candidates":[]}]],[[{"start":0,"end":31,"url":null,"entity_id":"Q868522","candidates":[]}],[{"start":0,"end":14,"url":null,"entity_id":"Q1712822","candidates":[]}],[{"start":0,"end":33,"url":null,"entity_id":"Q64446919","candidates":[]}]],[[{"start":0,"end":36,"url":null,"entity_id":"Q868357","candidates":[]}],[{"start":0,"end":22,"url":null,"entity_id":"Q1809239","candidates":[]}],[{"start":0,"end":52,"url":null,"entity_id":"Q64446915","candidates":[]}]],[[{"start":0,"end":34,"url":null,"entity_id":"Q868395","candidates":[]}],[{"start":0,"end":15,"url":null,"entity_id":"Q23874458","candidates":[]}],[{"start":0,"end":34,"url":null,"entity_id":"Q64446909","candidates":[]}]],[[{"start":0,"end":36,"url":null,"entity_id":"Q868085","candidates":[]}],[{"start":0,"end":23,"url":null,"entity_id":"Q2422049","candidates":[]}],[{"start":0,"end":46,"url":null,"entity_id":"Q64446907","candidates":[]}]],[[{"start":0,"end":36,"url":null,"entity_id":"Q868290","candidates":[]}],[{"start":0,"end":14,"url":null,"entity_id":"Q2344889","candidates":[]}],[{"start":0,"end":35,"url":null,"entity_id":"Q64446892","candidates":[]}]],[[{"start":0,"end":15,"url":null,"entity_id":"Q868253","candidates":[]}],[{"start":0,"end":26,"url":null,"entity_id":"Q60331355","candidates":[]}],[{"start":0,"end":22,"url":null,"entity_id":"Q1364265","candidates":[]}]],[[{"start":0,"end":33,"url":null,"entity_id":"Q876523","candidates":[]}],[{"start":0,"end":13,"url":null,"entity_id":"Q2526519","candidates":[]}],[{"start":0,"end":33,"url":null,"entity_id":"Q64446919","candidates":[]}]],[[{"start":0,"end":47,"url":null,"entity_id":"Q876536","candidates":[]}],[{"start":0,"end":27,"url":null,"entity_id":"Q1657352","candidates":[]}],[{"start":0,"end":32,"url":null,"entity_id":"Q64446894","candidates":[]}]],[[{"start":0,"end":33,"url":null,"entity_id":"Q876448","candidates":[]}],[{"start":0,"end":14,"url":null,"entity_id":"Q16064454","candidates":[]}],[{"start":0,"end":36,"url":null,"entity_id":"Q64446885","candidates":[]}]]]}