[{"version":1,"nodes":[{"col_index":0,"label":"col0","id":0},{"col_index":1,"label":"col1","id":1},{"col_index":2,"label":"col2","id":2},{"col_index":3,"label":"col3","id":3},{"abs_uri":"http://www.wikidata.org/entity/Q112099","rel_uri":"wd:Q112099","approximation":false,"readable_label":"island nation (Q112099)","id":4}],"edges":[{"source":4,"target":0,"abs_uri":"http://www.w3.org/2000/01/rdf-schema#label","rel_uri":"rdfs:label","approximation":false,"readable_label":"rdfs:label","id":0},{"source":4,"target":1,"abs_uri":"http://www.wikidata.org/prop/P2573","rel_uri":"p:P2573","approximation":false,"readable_label":"number of out-of-school children (P2573)","id":1},{"source":4,"target":2,"abs_uri":"http://www.wikidata.org/prop/P2134","rel_uri":"p:P2134","approximation":false,"readable_label":"total reserves (P2134)","id":2},{"source":4,"target":3,"abs_uri":"http://www.wikidata.org/prop/P2046","rel_uri":"p:P2046","approximation":false,"readable_label":"area (P2046)","id":3}]}]