[{"version":1,"nodes":[{"col_index":0,"label":"col0","id":0},{"col_index":1,"label":"col1","id":1},{"col_index":2,"label":"col2","id":2},{"abs_uri":"http://www.wikidata.org/entity/Q67201524","rel_uri":"wd:Q67201524","approximation":false,"readable_label":"centimetric radio source (Q67201524)","id":3}],"edges":[{"source":3,"target":0,"abs_uri":"http://www.w3.org/2000/01/rdf-schema#label","rel_uri":"rdfs:label","approximation":false,"readable_label":"rdfs:label","id":0},{"source":3,"target":1,"abs_uri":"http://www.wikidata.org/prop/P1215","rel_uri":"p:P1215","approximation":false,"readable_label":"apparent magnitude (P1215)","id":1},{"source":3,"target":2,"abs_uri":"http://www.wikidata.org/prop/P2216","rel_uri":"p:P2216","approximation":false,"readable_label":"radial velocity (P2216)","id":2}]}]