{"version":"1.2","table":{"version":"2","table_id":"POYOC7SM","columns":[{"index":0,"name":"col0","values":["Katsø substation","Košice substatin","oldava substation","Rimavsá Sobota substation","Conneforde\"substation","Levice substtion","Krosno substatioo","Medzibrod sudstation","Brendlorenzen substaton","Aizkraukle substaion","Doftinchem substation","Sanershausen substation","Mölln substation","Velteim substation","Ruhtort substation","Sechtem\"substaion","Varín swbstation","Sučanz substation","Vítkqv substation","Opočínhk substation"]},{"index":1,"name":"col1","values":["49.8","50.349999999999994","49.7","50.0","50.5","49.5","50.4","49.5","50.5","49.6","49.95","50.14999999999999","50.14999999999999","50.1","50.24999999999999","50.5","50.2","50.1","50.3","50.349999999999994"]},{"index":2,"name":"col2","values":["148650.0","100200.0","100800.0","100400.0","110880.0","100800.0","110880.0","99400.0","109670.0","109560.0","150900.0","110440.0","218460.0","110440.0","110220.0","109560.0","110440.0","110109.99999999999","109780.0","109120.0"]},{"index":3,"name":"col3","values":["Kassø–Tjele power line","Lemešany-Košice power line (V488)","Rimavská Sobota-Moldava power line (V427)","Levice-Rimavská Sobota power line (V426)","Conneforde–Diele power line","Veľký Ďur-Levice power line (V491)","Lemešany-Krosno power line (V477)","Sučany–Medzibrod power line","Brendlorenzen–Kleinbardorf power line","Aizkraukle–Panevėžys power line","Wesel–Doetinchem 380 kV power line","Lehrte–Borken power line","Voerde power station","Veltheim joint-venture power station","Hermann Wenzel power station","Rommerskirchen–Hoheneck power line","Nošovice–Varín power line","Sučany–Lemešany power line","Vítkov–Přeštice power line","Čechy Střed–Opočínek power line"]}]},"context":{"page_title":null,"page_url":null,"page_entity_id":null,"content_hierarchy":[]},"links":[[[{"start":0,"end":16,"url":null,"entity_id":"Q60189365","candidates":[]}],[],[],[{"start":0,"end":33,"url":null,"entity_id":"Q60189273","candidates":[]}]],[[{"start":0,"end":17,"url":null,"entity_id":"Q60189037","candidates":[]}],[],[],[{"start":0,"end":41,"url":null,"entity_id":"Q60188868","candidates":[]}]],[[{"start":0,"end":25,"url":null,"entity_id":"Q60188452","candidates":[]}],[],[],[{"start":0,"end":40,"url":null,"entity_id":"Q60050827","candidates":[]}]],[[{"start":0,"end":21,"url":null,"entity_id":"Q59489543","candidates":[]}],[],[],[{"start":0,"end":27,"url":null,"entity_id":"Q59489468","candidates":[]}]],[[{"start":0,"end":16,"url":null,"entity_id":"Q59215436","candidates":[]}],[],[],[{"start":0,"end":34,"url":null,"entity_id":"Q59215747","candidates":[]}]],[[{"start":0,"end":17,"url":null,"entity_id":"Q59195675","candidates":[]}],[],[],[{"start":0,"end":33,"url":null,"entity_id":"Q59195082","candidates":[]}]],[[{"start":0,"end":20,"url":null,"entity_id":"Q59191821","candidates":[]}],[],[],[{"start":0,"end":27,"url":null,"entity_id":"Q59193434","candidates":[]}]],[[{"start":0,"end":23,"url":null,"entity_id":"Q58808932","candidates":[]}],[],[],[{"start":0,"end":37,"url":null,"entity_id":"Q58808326","candidates":[]}]],[[{"start":0,"end":20,"url":null,"entity_id":"Q62089152","candidates":[]}],[],[],[{"start":0,"end":31,"url":null,"entity_id":"Q31198620","candidates":[]}]],[[{"start":0,"end":21,"url":null,"entity_id":"Q60040545","candidates":[]}],[],[],[{"start":0,"end":34,"url":null,"entity_id":"Q28078015","candidates":[]}]],[[{"start":0,"end":23,"url":null,"entity_id":"Q58213667","candidates":[]}],[],[],[{"start":0,"end":24,"url":null,"entity_id":"Q27657309","candidates":[]}]],[[{"start":0,"end":16,"url":null,"entity_id":"Q59216799","candidates":[]}],[],[],[{"start":0,"end":20,"url":null,"entity_id":"Q1786218","candidates":[]}]],[[{"start":0,"end":18,"url":null,"entity_id":"Q65495800","candidates":[]}],[],[],[{"start":0,"end":36,"url":null,"entity_id":"Q1493565","candidates":[]}]],[[{"start":0,"end":18,"url":null,"entity_id":"Q58212581","candidates":[]}],[],[],[{"start":0,"end":28,"url":null,"entity_id":"Q977649","candidates":[]}]],[[{"start":0,"end":17,"url":null,"entity_id":"Q58218950","candidates":[]}],[],[],[{"start":0,"end":34,"url":null,"entity_id":"Q228053","candidates":[]}]],[[{"start":0,"end":16,"url":null,"entity_id":"Q56166985","candidates":[]}],[],[],[{"start":0,"end":25,"url":null,"entity_id":"Q56151669","candidates":[]}]],[[{"start":0,"end":17,"url":null,"entity_id":"Q56167822","candidates":[]}],[],[],[{"start":0,"end":26,"url":null,"entity_id":"Q56151604","candidates":[]}]],[[{"start":0,"end":17,"url":null,"entity_id":"Q55762220","candidates":[]}],[],[],[{"start":0,"end":26,"url":null,"entity_id":"Q55762189","candidates":[]}]],[[{"start":0,"end":19,"url":null,"entity_id":"Q55548681","candidates":[]}],[],[],[{"start":0,"end":31,"url":null,"entity_id":"Q55761456","candidates":[]}]],[[{"start":0,"end":16,"url":null,"entity_id":"Q63140565","candidates":[]}],[],[],[{"start":0,"end":22,"url":null,"entity_id":"Q62928851","candidates":[]}]]]}