{"version":"1.2","table":{"version":"2","table_id":"PPV9JN6G","columns":[{"index":0,"name":"col0","values":["Rhymes of Childhood","Patterns of Culture","Geometrie descriptive","In the Beginning","The Battle of the Books","The History of the Kings of Britain","The Blank Slate","The Oxford Dictionary of English Etymology","Orientalism","Strangers on a Train","Agaguk","The City of the Sun","Raging Bull: My Story","Christus","Schilder-boeck","Runaway","Machine","The Natural History of Religion","Vidas Secas","Bébo's Girl"]},{"index":1,"name":"col1","values":["1890-01-01","1934-01-01","1799-01-01","1971-01-01","1704-01-01","1136-01-01","2002-01-01","1971-01-01","1978-01-01","1950-01-01","1958-01-01","1623-01-01","1970-01-01","1872-01-01","1604-01-01","2004-01-01","1931-04-10","1755-01-01","1938-01-01","1960-01-01"]},{"index":2,"name":"col2","values":["poetry","essay","treatise","avant-garde","pamphlet","Pseudohistory","popular science","etymological dictionary","non-fiction","crime novel","crime novel","utopia","memoir","oratorio","art history","short story","short story","essay","novel","novel"]}]},"context":{"page_title":null,"page_url":null,"page_entity_id":null,"content_hierarchy":[]},"links":[[[{"start":0,"end":19,"url":null,"entity_id":"Q42194095","candidates":[]}],[],[{"start":0,"end":5,"url":null,"entity_id":"Q35760","candidates":[]}]],[[{"start":0,"end":21,"url":null,"entity_id":"Q42190378","candidates":[]}],[],[{"start":0,"end":8,"url":null,"entity_id":"Q384515","candidates":[]}]],[[{"start":0,"end":16,"url":null,"entity_id":"Q42191404","candidates":[]}],[],[{"start":0,"end":11,"url":null,"entity_id":"Q102932","candidates":[]}]],[[{"start":0,"end":23,"url":null,"entity_id":"Q7715895","candidates":[]}],[],[{"start":0,"end":8,"url":null,"entity_id":"Q18536349","candidates":[]}]],[[{"start":0,"end":35,"url":null,"entity_id":"Q238693","candidates":[]}],[],[{"start":0,"end":13,"url":null,"entity_id":"Q11146759","candidates":[]}]],[[{"start":0,"end":15,"url":null,"entity_id":"Q2453618","candidates":[]}],[],[{"start":0,"end":15,"url":null,"entity_id":"Q995600","candidates":[]}]],[[{"start":0,"end":42,"url":null,"entity_id":"Q5360308","candidates":[]}],[],[{"start":0,"end":23,"url":null,"entity_id":"Q521983","candidates":[]}]],[[{"start":0,"end":11,"url":null,"entity_id":"Q1574967","candidates":[]}],[],[{"start":0,"end":11,"url":null,"entity_id":"Q213051","candidates":[]}]],[[{"start":0,"end":20,"url":null,"entity_id":"Q3204109","candidates":[]}],[],[{"start":0,"end":11,"url":null,"entity_id":"Q208505","candidates":[]}]],[[{"start":0,"end":6,"url":null,"entity_id":"Q2826346","candidates":[]}],[],[{"start":0,"end":11,"url":null,"entity_id":"Q208505","candidates":[]}]],[[{"start":0,"end":19,"url":null,"entity_id":"Q913656","candidates":[]}],[],[{"start":0,"end":6,"url":null,"entity_id":"Q131156","candidates":[]}]],[[{"start":0,"end":21,"url":null,"entity_id":"Q7283078","candidates":[]}],[],[{"start":0,"end":6,"url":null,"entity_id":"Q112983","candidates":[]}]],[[{"start":0,"end":8,"url":null,"entity_id":"Q911731","candidates":[]}],[],[{"start":0,"end":8,"url":null,"entity_id":"Q85477","candidates":[]}]],[[{"start":0,"end":14,"url":null,"entity_id":"Q1157807","candidates":[]}],[],[{"start":0,"end":11,"url":null,"entity_id":"Q50637","candidates":[]}]],[[{"start":0,"end":7,"url":null,"entity_id":"Q3797308","candidates":[]}],[],[{"start":0,"end":11,"url":null,"entity_id":"Q49084","candidates":[]}]],[[{"start":0,"end":7,"url":null,"entity_id":"Q3274361","candidates":[]}],[],[{"start":0,"end":11,"url":null,"entity_id":"Q49084","candidates":[]}]],[[{"start":0,"end":31,"url":null,"entity_id":"Q3974426","candidates":[]}],[],[{"start":0,"end":5,"url":null,"entity_id":"Q35760","candidates":[]}]],[[{"start":0,"end":11,"url":null,"entity_id":"Q7927736","candidates":[]}],[],[{"start":0,"end":5,"url":null,"entity_id":"Q8261","candidates":[]}]],[[{"start":0,"end":11,"url":null,"entity_id":"Q3212134","candidates":[]}],[],[{"start":0,"end":5,"url":null,"entity_id":"Q8261","candidates":[]}]],[[{"start":0,"end":19,"url":null,"entity_id":"Q42195087","candidates":[]}],[],[{"start":0,"end":6,"url":null,"entity_id":"Q482","candidates":[]}]]]}