{"version":"1.2","table":{"version":"2","table_id":"PSK0P83N","columns":[{"index":0,"name":"col0","values":["2013 FA Women's Cup Final","2005 FA Women's Cup Final","2002 FA Women's Cup Final","2003 FA Women's Cup Final","1996 FA Women's Cup Final","1994 FA Women's Cup Final","1997 FA Women's Cup Final","2004 FA Women's Cup Final","United States vs. Japan (2019-02-27)","2014 FA Women's Cup Final","2019 FIFA Women's World Cup Final","United States vs. England (2019-03-02)","United States vs. Brazil (2019-03-05)","2011 FA Women's Cup Final","2010 FA Women's Cup Final","2011 UEFA Women's Champions League Final","2009 FA Women's Cup Final","2013 UEFA Women's Champions League Final","2012 UEFA Women's Champions League Final","2015 FA Women's Cup Final"]},{"index":1,"name":"col1","values":["Steph Houghton","Eniola Aluko","Jody Handley","Kristy Moore","Karen Burke","Karen Walker","Louise Waller","Julie Fleeting","Alex Morgan","Yukari Kinga","Megan Rapinoe","Tobin Heath","Tobin Heath","Kim Little","Kim Little","Wendie Renard","Kim Little","Martina Müller","Camille Abily","Ji So-Yun"]},{"index":2,"name":"col2","values":["women's association football","women's association football","women's association football","women's association football","women's association football","women's association football","women's association football","women's association football","women's association football","women's association football","women's association football","women's association football","women's association football","women's association football","women's association football","women's association football","women's association football","women's association football","women's association football","women's association football"]},{"index":3,"name":"col3","values":["association football","association football","association football","association football","association football","association football","association football","association football","association football","association football","association football","association football","association football","association football","association football","association football","association football","association football","association football","association football"]},{"index":4,"name":"col4","values":["Keepmoat Stadium","Boleyn Ground","Selhurst Park","Selhurst Park","The Den","Glanford Park","Boleyn Ground","Kiyan Prince Foundation Stadium","Subaru Park","Stadium mk","Parc Olympique Lyonnais","Nissan Stadium","Raymond James Stadium","Ricoh Arena","City Ground","Craven Cottage","Pride Park Stadium","Stamford Bridge stadium","Olympic Stadium of Munich","Wembley Stadium"]}]},"context":{"page_title":null,"page_url":null,"page_entity_id":null,"content_hierarchy":[]},"links":[[[{"start":0,"end":25,"url":null,"entity_id":"Q63922553","candidates":[]}],[{"start":0,"end":12,"url":null,"entity_id":"Q10905","candidates":[]}],[{"start":0,"end":28,"url":null,"entity_id":"Q606060","candidates":[]}],[{"start":0,"end":20,"url":null,"entity_id":"Q2736","candidates":[]}],[{"start":0,"end":13,"url":null,"entity_id":"Q330731","candidates":[]}]],[[{"start":0,"end":25,"url":null,"entity_id":"Q4600013","candidates":[]}],[{"start":0,"end":12,"url":null,"entity_id":"Q3179951","candidates":[]}],[{"start":0,"end":28,"url":null,"entity_id":"Q606060","candidates":[]}],[{"start":0,"end":20,"url":null,"entity_id":"Q2736","candidates":[]}],[{"start":0,"end":13,"url":null,"entity_id":"Q1066373","candidates":[]}]],[[{"start":0,"end":25,"url":null,"entity_id":"Q63922551","candidates":[]}],[{"start":0,"end":12,"url":null,"entity_id":"Q6438478","candidates":[]}],[{"start":0,"end":28,"url":null,"entity_id":"Q606060","candidates":[]}],[{"start":0,"end":20,"url":null,"entity_id":"Q2736","candidates":[]}],[{"start":0,"end":13,"url":null,"entity_id":"Q1066373","candidates":[]}]],[[{"start":0,"end":25,"url":null,"entity_id":"Q63922547","candidates":[]}],[{"start":0,"end":11,"url":null,"entity_id":"Q6369544","candidates":[]}],[{"start":0,"end":28,"url":null,"entity_id":"Q606060","candidates":[]}],[{"start":0,"end":20,"url":null,"entity_id":"Q2736","candidates":[]}],[{"start":0,"end":7,"url":null,"entity_id":"Q908481","candidates":[]}]],[[{"start":0,"end":25,"url":null,"entity_id":"Q4589395","candidates":[]}],[{"start":0,"end":12,"url":null,"entity_id":"Q6370115","candidates":[]}],[{"start":0,"end":28,"url":null,"entity_id":"Q606060","candidates":[]}],[{"start":0,"end":20,"url":null,"entity_id":"Q2736","candidates":[]}],[{"start":0,"end":13,"url":null,"entity_id":"Q619256","candidates":[]}]],[[{"start":0,"end":25,"url":null,"entity_id":"Q4592366","candidates":[]}],[{"start":0,"end":13,"url":null,"entity_id":"Q6688994","candidates":[]}],[{"start":0,"end":28,"url":null,"entity_id":"Q606060","candidates":[]}],[{"start":0,"end":20,"url":null,"entity_id":"Q2736","candidates":[]}],[{"start":0,"end":13,"url":null,"entity_id":"Q330731","candidates":[]}]],[[{"start":0,"end":25,"url":null,"entity_id":"Q63922552","candidates":[]}],[{"start":0,"end":14,"url":null,"entity_id":"Q273681","candidates":[]}],[{"start":0,"end":28,"url":null,"entity_id":"Q606060","candidates":[]}],[{"start":0,"end":20,"url":null,"entity_id":"Q2736","candidates":[]}],[{"start":0,"end":31,"url":null,"entity_id":"Q31670","candidates":[]}]],[[{"start":0,"end":36,"url":null,"entity_id":"Q61944659","candidates":[]}],[{"start":0,"end":11,"url":null,"entity_id":"Q233510","candidates":[]}],[{"start":0,"end":28,"url":null,"entity_id":"Q606060","candidates":[]}],[{"start":0,"end":20,"url":null,"entity_id":"Q2736","candidates":[]}],[{"start":0,"end":11,"url":null,"entity_id":"Q1637843","candidates":[]}]],[[{"start":0,"end":25,"url":null,"entity_id":"Q22097820","candidates":[]}],[{"start":0,"end":12,"url":null,"entity_id":"Q264110","candidates":[]}],[{"start":0,"end":28,"url":null,"entity_id":"Q606060","candidates":[]}],[{"start":0,"end":20,"url":null,"entity_id":"Q2736","candidates":[]}],[{"start":0,"end":10,"url":null,"entity_id":"Q1144973","candidates":[]}]],[[{"start":0,"end":33,"url":null,"entity_id":"Q64831570","candidates":[]}],[{"start":0,"end":13,"url":null,"entity_id":"Q260725","candidates":[]}],[{"start":0,"end":28,"url":null,"entity_id":"Q606060","candidates":[]}],[{"start":0,"end":20,"url":null,"entity_id":"Q2736","candidates":[]}],[{"start":0,"end":23,"url":null,"entity_id":"Q8507","candidates":[]}]],[[{"start":0,"end":38,"url":null,"entity_id":"Q61944780","candidates":[]}],[{"start":0,"end":11,"url":null,"entity_id":"Q445796","candidates":[]}],[{"start":0,"end":28,"url":null,"entity_id":"Q606060","candidates":[]}],[{"start":0,"end":20,"url":null,"entity_id":"Q2736","candidates":[]}],[{"start":0,"end":14,"url":null,"entity_id":"Q1142992","candidates":[]}]],[[{"start":0,"end":37,"url":null,"entity_id":"Q61960952","candidates":[]}],[{"start":0,"end":11,"url":null,"entity_id":"Q445796","candidates":[]}],[{"start":0,"end":28,"url":null,"entity_id":"Q606060","candidates":[]}],[{"start":0,"end":20,"url":null,"entity_id":"Q2736","candidates":[]}],[{"start":0,"end":21,"url":null,"entity_id":"Q1141343","candidates":[]}]],[[{"start":0,"end":25,"url":null,"entity_id":"Q63922556","candidates":[]}],[{"start":0,"end":10,"url":null,"entity_id":"Q461488","candidates":[]}],[{"start":0,"end":28,"url":null,"entity_id":"Q606060","candidates":[]}],[{"start":0,"end":20,"url":null,"entity_id":"Q2736","candidates":[]}],[{"start":0,"end":11,"url":null,"entity_id":"Q842077","candidates":[]}]],[[{"start":0,"end":25,"url":null,"entity_id":"Q4617205","candidates":[]}],[{"start":0,"end":10,"url":null,"entity_id":"Q461488","candidates":[]}],[{"start":0,"end":28,"url":null,"entity_id":"Q606060","candidates":[]}],[{"start":0,"end":20,"url":null,"entity_id":"Q2736","candidates":[]}],[{"start":0,"end":11,"url":null,"entity_id":"Q593446","candidates":[]}]],[[{"start":0,"end":40,"url":null,"entity_id":"Q4622721","candidates":[]}],[{"start":0,"end":13,"url":null,"entity_id":"Q437048","candidates":[]}],[{"start":0,"end":28,"url":null,"entity_id":"Q606060","candidates":[]}],[{"start":0,"end":20,"url":null,"entity_id":"Q2736","candidates":[]}],[{"start":0,"end":14,"url":null,"entity_id":"Q318043","candidates":[]}]],[[{"start":0,"end":25,"url":null,"entity_id":"Q55601839","candidates":[]}],[{"start":0,"end":10,"url":null,"entity_id":"Q461488","candidates":[]}],[{"start":0,"end":28,"url":null,"entity_id":"Q606060","candidates":[]}],[{"start":0,"end":20,"url":null,"entity_id":"Q2736","candidates":[]}],[{"start":0,"end":18,"url":null,"entity_id":"Q201612","candidates":[]}]],[[{"start":0,"end":40,"url":null,"entity_id":"Q16154051","candidates":[]}],[{"start":0,"end":14,"url":null,"entity_id":"Q438304","candidates":[]}],[{"start":0,"end":28,"url":null,"entity_id":"Q606060","candidates":[]}],[{"start":0,"end":20,"url":null,"entity_id":"Q2736","candidates":[]}],[{"start":0,"end":23,"url":null,"entity_id":"Q171458","candidates":[]}]],[[{"start":0,"end":40,"url":null,"entity_id":"Q4627070","candidates":[]}],[{"start":0,"end":13,"url":null,"entity_id":"Q450725","candidates":[]}],[{"start":0,"end":28,"url":null,"entity_id":"Q606060","candidates":[]}],[{"start":0,"end":20,"url":null,"entity_id":"Q2736","candidates":[]}],[{"start":0,"end":25,"url":null,"entity_id":"Q131610","candidates":[]}]],[[{"start":0,"end":25,"url":null,"entity_id":"Q22097827","candidates":[]}],[{"start":0,"end":9,"url":null,"entity_id":"Q493184","candidates":[]}],[{"start":0,"end":28,"url":null,"entity_id":"Q606060","candidates":[]}],[{"start":0,"end":20,"url":null,"entity_id":"Q2736","candidates":[]}],[{"start":0,"end":15,"url":null,"entity_id":"Q128468","candidates":[]}]],[[{"start":0,"end":25,"url":null,"entity_id":"Q56276835","candidates":[]}],[{"start":0,"end":14,"url":null,"entity_id":"Q10871","candidates":[]}],[{"start":0,"end":28,"url":null,"entity_id":"Q606060","candidates":[]}],[{"start":0,"end":20,"url":null,"entity_id":"Q2736","candidates":[]}],[{"start":0,"end":16,"url":null,"entity_id":"Q1336402","candidates":[]}]]]}