{"version":"1.2","table":{"version":"2","table_id":"PSV9KJ1P","columns":[{"index":0,"name":"col0","values":["Molí d'en Vilallonga i aqüeducte","Pont i aqüeducte de la Boixadera","Aqüeducte de les Aigües a Vilanova i la Geltrú","Aqüeducte de les Aigües a Vilanova i la Geltrú II","Pont de la Frau","Aqüeducte de la Font dels Llops","Aqüeducte dels Frares","Aqüeducte de Sant Pere de Riudebitlles","Aqüeducte de la Colònia Sedó","Aqüeducte de l'Espelt","Pont dels Frares","Aqüeducte de Xalamera","Aqüeducte de Figueres","Restes de l'aqüeducte de Cal Janet","Aqüeducte del Mas d'en Puig","Aqüeducte de Canaletes","Aqüeducte Cal Pla","Aqüeducte","Aqüeducte de Dosrius","Aqüeducte de les Cinc Sénies"]},{"index":1,"name":"col1","values":["vernacular architecture","vernacular architecture","vernacular architecture","vernacular architecture","vernacular architecture","vernacular architecture","vernacular architecture","vernacular architecture","vernacular architecture","vernacular architecture","vernacular architecture","vernacular architecture","neoclassicism","vernacular architecture","vernacular architecture","vernacular architecture","vernacular architecture","vernacular architecture","vernacular architecture","vernacular architecture"]},{"index":2,"name":"col2","values":["Spain","Spain","Spain","Spain","Spain","Spain","Spain","Spain","Spain","Spain","Spain","Spain","Spain","Spain","Spain","Spain","Spain","Spain","Spain","Spain"]}]},"context":{"page_title":null,"page_url":null,"page_entity_id":null,"content_hierarchy":[]},"links":[[[{"start":0,"end":32,"url":null,"entity_id":"Q21815362","candidates":[]}],[{"start":0,"end":23,"url":null,"entity_id":"Q930314","candidates":[]}],[{"start":0,"end":5,"url":null,"entity_id":"Q29","candidates":[]}]],[[{"start":0,"end":46,"url":null,"entity_id":"Q20985001","candidates":[]}],[{"start":0,"end":23,"url":null,"entity_id":"Q930314","candidates":[]}],[{"start":0,"end":5,"url":null,"entity_id":"Q29","candidates":[]}]],[[{"start":0,"end":49,"url":null,"entity_id":"Q20888211","candidates":[]}],[{"start":0,"end":23,"url":null,"entity_id":"Q930314","candidates":[]}],[{"start":0,"end":5,"url":null,"entity_id":"Q29","candidates":[]}]],[[{"start":0,"end":15,"url":null,"entity_id":"Q20108688","candidates":[]}],[{"start":0,"end":23,"url":null,"entity_id":"Q930314","candidates":[]}],[{"start":0,"end":5,"url":null,"entity_id":"Q29","candidates":[]}]],[[{"start":0,"end":31,"url":null,"entity_id":"Q20102788","candidates":[]}],[{"start":0,"end":23,"url":null,"entity_id":"Q930314","candidates":[]}],[{"start":0,"end":5,"url":null,"entity_id":"Q29","candidates":[]}]],[[{"start":0,"end":21,"url":null,"entity_id":"Q19593973","candidates":[]}],[{"start":0,"end":23,"url":null,"entity_id":"Q930314","candidates":[]}],[{"start":0,"end":5,"url":null,"entity_id":"Q29","candidates":[]}]],[[{"start":0,"end":38,"url":null,"entity_id":"Q19367616","candidates":[]}],[{"start":0,"end":23,"url":null,"entity_id":"Q930314","candidates":[]}],[{"start":0,"end":5,"url":null,"entity_id":"Q29","candidates":[]}]],[[{"start":0,"end":28,"url":null,"entity_id":"Q19367615","candidates":[]}],[{"start":0,"end":23,"url":null,"entity_id":"Q930314","candidates":[]}],[{"start":0,"end":5,"url":null,"entity_id":"Q29","candidates":[]}]],[[{"start":0,"end":21,"url":null,"entity_id":"Q18695745","candidates":[]}],[{"start":0,"end":23,"url":null,"entity_id":"Q930314","candidates":[]}],[{"start":0,"end":5,"url":null,"entity_id":"Q29","candidates":[]}]],[[{"start":0,"end":16,"url":null,"entity_id":"Q18005889","candidates":[]}],[{"start":0,"end":23,"url":null,"entity_id":"Q930314","candidates":[]}],[{"start":0,"end":5,"url":null,"entity_id":"Q29","candidates":[]}]],[[{"start":0,"end":21,"url":null,"entity_id":"Q17587066","candidates":[]}],[{"start":0,"end":23,"url":null,"entity_id":"Q930314","candidates":[]}],[{"start":0,"end":5,"url":null,"entity_id":"Q29","candidates":[]}]],[[{"start":0,"end":21,"url":null,"entity_id":"Q17587062","candidates":[]}],[{"start":0,"end":13,"url":null,"entity_id":"Q14378","candidates":[]}],[{"start":0,"end":5,"url":null,"entity_id":"Q29","candidates":[]}]],[[{"start":0,"end":34,"url":null,"entity_id":"Q65209294","candidates":[]}],[{"start":0,"end":23,"url":null,"entity_id":"Q930314","candidates":[]}],[{"start":0,"end":5,"url":null,"entity_id":"Q29","candidates":[]}]],[[{"start":0,"end":27,"url":null,"entity_id":"Q65208433","candidates":[]}],[{"start":0,"end":23,"url":null,"entity_id":"Q930314","candidates":[]}],[{"start":0,"end":5,"url":null,"entity_id":"Q29","candidates":[]}]],[[{"start":0,"end":22,"url":null,"entity_id":"Q65204897","candidates":[]}],[{"start":0,"end":23,"url":null,"entity_id":"Q930314","candidates":[]}],[{"start":0,"end":5,"url":null,"entity_id":"Q29","candidates":[]}]],[[{"start":0,"end":17,"url":null,"entity_id":"Q57899573","candidates":[]}],[{"start":0,"end":23,"url":null,"entity_id":"Q930314","candidates":[]}],[{"start":0,"end":5,"url":null,"entity_id":"Q29","candidates":[]}]],[[{"start":0,"end":9,"url":null,"entity_id":"Q56545923","candidates":[]}],[{"start":0,"end":23,"url":null,"entity_id":"Q930314","candidates":[]}],[{"start":0,"end":5,"url":null,"entity_id":"Q29","candidates":[]}]],[[{"start":0,"end":20,"url":null,"entity_id":"Q56402250","candidates":[]}],[{"start":0,"end":23,"url":null,"entity_id":"Q930314","candidates":[]}],[{"start":0,"end":5,"url":null,"entity_id":"Q29","candidates":[]}]],[[{"start":0,"end":28,"url":null,"entity_id":"Q37586461","candidates":[]}],[{"start":0,"end":23,"url":null,"entity_id":"Q930314","candidates":[]}],[{"start":0,"end":5,"url":null,"entity_id":"Q29","candidates":[]}]],[[{"start":0,"end":32,"url":null,"entity_id":"Q21849442","candidates":[]}],[{"start":0,"end":23,"url":null,"entity_id":"Q930314","candidates":[]}],[{"start":0,"end":5,"url":null,"entity_id":"Q29","candidates":[]}]]]}