{"version":"1.2","table":{"version":"2","table_id":"PUNZOPZL","columns":[{"index":0,"name":"col0","values":["1997","1998","1999","1911","1907","1993","1990","1996","1994","1995","1992","1991","1918","1924","1920","1989","1985","1988","1987","1921"]},{"index":1,"name":"col1","values":["August 1997","August 1998","December 1999","April 1911","September 1907","January 1993","August 1990","August 1996","April 1994","August 1995","August 1992","January 1991","August 1918","June 1924","January 1920","August 1989","December 1985","August 1988","January 1987","January 1921"]},{"index":2,"name":"col2","values":["1997-01-01","1998-01-01","1999-01-01","1911-01-01","1907-01-01","1993-01-01","1990-01-01","1996-01-01","1994-01-01","1995-01-01","1992-01-01","1991-01-01","1918-01-01","1924-01-01","1920-01-01","1989-01-01","1985-01-01","1988-01-01","1987-01-01","1921-01-01"]},{"index":3,"name":"col3","values":["1997","1998","1999","1911","1907","1993","1990","1996","1994","1995","1992","1991","1918","1924","1920","1989","1985","1988","1987","Category:1921"]},{"index":4,"name":"col4","values":["1990s","1990s","1990s","1910s","1900s","1990s","1990s","1990s","1990s","1990s","1990s","1990s","1910s","1920s","1920s","1980s","1980s","1980s","1980s","1920s"]}]},"context":{"page_title":null,"page_url":null,"page_entity_id":null,"content_hierarchy":[]},"links":[[[{"start":0,"end":4,"url":null,"entity_id":"Q2089","candidates":[]}],[{"start":0,"end":11,"url":null,"entity_id":"Q2858059","candidates":[]}],[],[{"start":0,"end":4,"url":null,"entity_id":"Q13143087","candidates":[]}],[{"start":0,"end":5,"url":null,"entity_id":"Q34653","candidates":[]}]],[[{"start":0,"end":4,"url":null,"entity_id":"Q2091","candidates":[]}],[{"start":0,"end":13,"url":null,"entity_id":"Q391017","candidates":[]}],[],[{"start":0,"end":4,"url":null,"entity_id":"Q13143082","candidates":[]}],[{"start":0,"end":5,"url":null,"entity_id":"Q34653","candidates":[]}]],[[{"start":0,"end":4,"url":null,"entity_id":"Q2076","candidates":[]}],[{"start":0,"end":10,"url":null,"entity_id":"Q4781861","candidates":[]}],[],[{"start":0,"end":4,"url":null,"entity_id":"Q13143045","candidates":[]}],[{"start":0,"end":5,"url":null,"entity_id":"Q36585","candidates":[]}]],[[{"start":0,"end":4,"url":null,"entity_id":"Q2048","candidates":[]}],[{"start":0,"end":14,"url":null,"entity_id":"Q13064658","candidates":[]}],[],[{"start":0,"end":4,"url":null,"entity_id":"Q13143044","candidates":[]}],[{"start":0,"end":5,"url":null,"entity_id":"Q36574","candidates":[]}]],[[{"start":0,"end":4,"url":null,"entity_id":"Q2065","candidates":[]}],[{"start":0,"end":12,"url":null,"entity_id":"Q2733660","candidates":[]}],[],[{"start":0,"end":4,"url":null,"entity_id":"Q65062991","candidates":[]}],[{"start":0,"end":5,"url":null,"entity_id":"Q34653","candidates":[]}]],[[{"start":0,"end":4,"url":null,"entity_id":"Q2064","candidates":[]}],[{"start":0,"end":11,"url":null,"entity_id":"Q2858052","candidates":[]}],[],[{"start":0,"end":4,"url":null,"entity_id":"Q44069931","candidates":[]}],[{"start":0,"end":5,"url":null,"entity_id":"Q34653","candidates":[]}]],[[{"start":0,"end":4,"url":null,"entity_id":"Q2070","candidates":[]}],[{"start":0,"end":11,"url":null,"entity_id":"Q2858057","candidates":[]}],[],[{"start":0,"end":4,"url":null,"entity_id":"Q13143081","candidates":[]}],[{"start":0,"end":5,"url":null,"entity_id":"Q34653","candidates":[]}]],[[{"start":0,"end":4,"url":null,"entity_id":"Q2067","candidates":[]}],[{"start":0,"end":10,"url":null,"entity_id":"Q686647","candidates":[]}],[],[{"start":0,"end":4,"url":null,"entity_id":"Q13143080","candidates":[]}],[{"start":0,"end":5,"url":null,"entity_id":"Q34653","candidates":[]}]],[[{"start":0,"end":4,"url":null,"entity_id":"Q2068","candidates":[]}],[{"start":0,"end":11,"url":null,"entity_id":"Q2858056","candidates":[]}],[],[{"start":0,"end":4,"url":null,"entity_id":"Q13143079","candidates":[]}],[{"start":0,"end":5,"url":null,"entity_id":"Q34653","candidates":[]}]],[[{"start":0,"end":4,"url":null,"entity_id":"Q2060","candidates":[]}],[{"start":0,"end":11,"url":null,"entity_id":"Q2858049","candidates":[]}],[],[{"start":0,"end":4,"url":null,"entity_id":"Q13143078","candidates":[]}],[{"start":0,"end":5,"url":null,"entity_id":"Q34653","candidates":[]}]],[[{"start":0,"end":4,"url":null,"entity_id":"Q2062","candidates":[]}],[{"start":0,"end":12,"url":null,"entity_id":"Q2034005","candidates":[]}],[],[{"start":0,"end":4,"url":null,"entity_id":"Q13143076","candidates":[]}],[{"start":0,"end":5,"url":null,"entity_id":"Q34653","candidates":[]}]],[[{"start":0,"end":4,"url":null,"entity_id":"Q2094","candidates":[]}],[{"start":0,"end":11,"url":null,"entity_id":"Q13080465","candidates":[]}],[],[{"start":0,"end":4,"url":null,"entity_id":"Q13143041","candidates":[]}],[{"start":0,"end":5,"url":null,"entity_id":"Q36585","candidates":[]}]],[[{"start":0,"end":4,"url":null,"entity_id":"Q2173","candidates":[]}],[{"start":0,"end":9,"url":null,"entity_id":"Q13066106","candidates":[]}],[],[{"start":0,"end":4,"url":null,"entity_id":"Q44070099","candidates":[]}],[{"start":0,"end":5,"url":null,"entity_id":"Q35736","candidates":[]}]],[[{"start":0,"end":4,"url":null,"entity_id":"Q2155","candidates":[]}],[{"start":0,"end":12,"url":null,"entity_id":"Q13065740","candidates":[]}],[],[{"start":0,"end":4,"url":null,"entity_id":"Q44069801","candidates":[]}],[{"start":0,"end":5,"url":null,"entity_id":"Q35736","candidates":[]}]],[[{"start":0,"end":4,"url":null,"entity_id":"Q2425","candidates":[]}],[{"start":0,"end":11,"url":null,"entity_id":"Q2858047","candidates":[]}],[],[{"start":0,"end":4,"url":null,"entity_id":"Q44069617","candidates":[]}],[{"start":0,"end":5,"url":null,"entity_id":"Q34644","candidates":[]}]],[[{"start":0,"end":4,"url":null,"entity_id":"Q2431","candidates":[]}],[{"start":0,"end":13,"url":null,"entity_id":"Q3042490","candidates":[]}],[],[{"start":0,"end":4,"url":null,"entity_id":"Q44069399","candidates":[]}],[{"start":0,"end":5,"url":null,"entity_id":"Q34644","candidates":[]}]],[[{"start":0,"end":4,"url":null,"entity_id":"Q2426","candidates":[]}],[{"start":0,"end":11,"url":null,"entity_id":"Q2858043","candidates":[]}],[],[{"start":0,"end":4,"url":null,"entity_id":"Q13143073","candidates":[]}],[{"start":0,"end":5,"url":null,"entity_id":"Q34644","candidates":[]}]],[[{"start":0,"end":4,"url":null,"entity_id":"Q2429","candidates":[]}],[{"start":0,"end":12,"url":null,"entity_id":"Q2370317","candidates":[]}],[],[{"start":0,"end":4,"url":null,"entity_id":"Q13143069","candidates":[]}],[{"start":0,"end":5,"url":null,"entity_id":"Q34644","candidates":[]}]],[[{"start":0,"end":4,"url":null,"entity_id":"Q2162","candidates":[]}],[{"start":0,"end":12,"url":null,"entity_id":"Q13065739","candidates":[]}],[],[{"start":0,"end":13,"url":null,"entity_id":"Q5611179","candidates":[]}],[{"start":0,"end":5,"url":null,"entity_id":"Q35736","candidates":[]}]],[[{"start":0,"end":4,"url":null,"entity_id":"Q2088","candidates":[]}],[{"start":0,"end":11,"url":null,"entity_id":"Q2858061","candidates":[]}],[],[{"start":0,"end":4,"url":null,"entity_id":"Q13143090","candidates":[]}],[{"start":0,"end":5,"url":null,"entity_id":"Q34653","candidates":[]}]]]}