{"version":"1.2","table":{"version":"2","table_id":"PXWMLKU4","columns":[{"index":0,"name":"col0","values":["State Administration Centre","Coventry Point","Hubert Burda Media Tower","Piraeus Tower","SLT 107 Schwabenlandtower","Doha Convention Center Tower","Sky Tower","Comcast Center","Water Tower Place","Sowwah Square Tower 3","Sowwah Square Tower 1","Sparkasse Hagen office tower","Upper West","Qatar National Bank Tower","Gran Torre Santiago","Main Forum","Deutsche Bank IBCF","Konrad-Adenauer-Haus","Rogier Tower","Two Liberty Place"]},{"index":1,"name":"col1","values":["70","61","67","84","107","551.1","292","297","262","160","131","98","119","510","300","80","93","44","137","258"]},{"index":2,"name":"col2","values":["Government of South Australia","Aviva","Hubert Burda Media Holding","Piraeus","CG Gruppe","Qatari Diar","Sorouh Real Estate","Liberty Property Trust","Brookfield Properties Retail Group","Mubadala Development Company","Mubadala Development Company","Sparkasse HagenHerdecke","Signa Holding","QNB Group","Cencosud","IG Metall","Deutsche Bank","Deutsche Telekom","Desjardins","Teacher Retirement System of Texas"]}]},"context":{"page_title":null,"page_url":null,"page_entity_id":null,"content_hierarchy":[]},"links":[[[{"start":0,"end":14,"url":null,"entity_id":"Q62015610","candidates":[]}],[],[{"start":0,"end":5,"url":null,"entity_id":"Q791179","candidates":[]}]],[[{"start":0,"end":24,"url":null,"entity_id":"Q54970139","candidates":[]}],[],[{"start":0,"end":26,"url":null,"entity_id":"Q459029","candidates":[]}]],[[{"start":0,"end":13,"url":null,"entity_id":"Q62030232","candidates":[]}],[],[{"start":0,"end":7,"url":null,"entity_id":"Q58976","candidates":[]}]],[[{"start":0,"end":25,"url":null,"entity_id":"Q1520270","candidates":[]}],[],[{"start":0,"end":9,"url":null,"entity_id":"Q55966386","candidates":[]}]],[[{"start":0,"end":28,"url":null,"entity_id":"Q1128296","candidates":[]}],[],[{"start":0,"end":11,"url":null,"entity_id":"Q23998485","candidates":[]}]],[[{"start":0,"end":9,"url":null,"entity_id":"Q1435741","candidates":[]}],[],[{"start":0,"end":18,"url":null,"entity_id":"Q7563663","candidates":[]}]],[[{"start":0,"end":14,"url":null,"entity_id":"Q1113808","candidates":[]}],[],[{"start":0,"end":22,"url":null,"entity_id":"Q6541925","candidates":[]}]],[[{"start":0,"end":17,"url":null,"entity_id":"Q1582716","candidates":[]}],[],[{"start":0,"end":34,"url":null,"entity_id":"Q3100500","candidates":[]}]],[[{"start":0,"end":21,"url":null,"entity_id":"Q1390702","candidates":[]}],[],[{"start":0,"end":28,"url":null,"entity_id":"Q1684478","candidates":[]}]],[[{"start":0,"end":21,"url":null,"entity_id":"Q1250653","candidates":[]}],[],[{"start":0,"end":28,"url":null,"entity_id":"Q1684478","candidates":[]}]],[[{"start":0,"end":28,"url":null,"entity_id":"Q1353503","candidates":[]}],[],[{"start":0,"end":23,"url":null,"entity_id":"Q1644724","candidates":[]}]],[[{"start":0,"end":10,"url":null,"entity_id":"Q1780392","candidates":[]}],[],[{"start":0,"end":13,"url":null,"entity_id":"Q1422071","candidates":[]}]],[[{"start":0,"end":25,"url":null,"entity_id":"Q1243576","candidates":[]}],[],[{"start":0,"end":9,"url":null,"entity_id":"Q1136759","candidates":[]}]],[[{"start":0,"end":19,"url":null,"entity_id":"Q1542408","candidates":[]}],[],[{"start":0,"end":8,"url":null,"entity_id":"Q1053372","candidates":[]}]],[[{"start":0,"end":10,"url":null,"entity_id":"Q1885525","candidates":[]}],[],[{"start":0,"end":9,"url":null,"entity_id":"Q694821","candidates":[]}]],[[{"start":0,"end":18,"url":null,"entity_id":"Q1202179","candidates":[]}],[],[{"start":0,"end":13,"url":null,"entity_id":"Q66048","candidates":[]}]],[[{"start":0,"end":20,"url":null,"entity_id":"Q1781884","candidates":[]}],[],[{"start":0,"end":16,"url":null,"entity_id":"Q9396","candidates":[]}]],[[{"start":0,"end":12,"url":null,"entity_id":"Q2377122","candidates":[]}],[],[{"start":0,"end":10,"url":null,"entity_id":"Q16869530","candidates":[]}]],[[{"start":0,"end":17,"url":null,"entity_id":"Q2301082","candidates":[]}],[],[{"start":0,"end":34,"url":null,"entity_id":"Q7691212","candidates":[]}]],[[{"start":0,"end":27,"url":null,"entity_id":"Q52384111","candidates":[]}],[],[{"start":0,"end":29,"url":null,"entity_id":"Q3112580","candidates":[]}]]]}