{"version":"1.2","table":{"version":"2","table_id":"PYD13VK1","columns":[{"index":0,"name":"col0","values":["San Roque González de Santa Cruz Bidge","Oyapock iver Bridge","Frindship Bridge","Øresund Bride","Guadiana Internatioal Bridge","Neisse viaduct in Gölitz","Danub Bridge","Waldshut–Noblenz Rhine Bridge","Rhine!Bridge","Homzbrücke Bad Säckingen","Thousand slands Bridge","Sault Ste. Marie International Bridg","Threh Countrles Bridge","RheinbrückeBreisach-Neuf Brisach","Sno-Korean Friendship Bridge","Valença-Tui international bridie","Sauer Yaley Bridge","Odr Bridge (Frankfurt/Świecko)","Schengen!motorway bridge","Sami Brldge"]},{"index":1,"name":"col1","values":["Posadas","Saint-Georges","Ciudad del Este","Tårnby Municipality","Ayamonte","Görlitz","Ruse","Koblenz","Baden-Württemberg","Stein","New York","Sault Ste. Marie","Weil am Rhein","Baden-Württemberg","Dandong","Tui","Rhineland-Palatinate","Frankfurt (Oder)","Schengen","Tana"]},{"index":2,"name":"col2","values":["Paraná River","Oyapock","Paraná River","Øresund","Guadiana","Lusatian Neisse","Danube","Rhine","Rhine","Rhine","Saint Lawrence River","St. Marys River","Rhine","Rhine","Yalu River","Minho River","Sauer","Oder","Moselle","Tana"]},{"index":3,"name":"col3","values":["Posadas-Encarnacion International Train","BR-156","Route 7","Oresund Line","A22 motorway","Wrocław Świebodzki–Zgorzelec railway","railway line","Turgi–Koblenz–Waldshut railway line","Appenweier–Strasbourg railway","bike path","Interstate 81","Interstate 75","thoroughfare","Bundesstraße 31","road","road","Bundesautobahn 64","Bundesautobahn 12","Bundesautobahn 8","European route E75"]}]},"context":{"page_title":null,"page_url":null,"page_entity_id":null,"content_hierarchy":[]},"links":[[[{"start":0,"end":19,"url":null,"entity_id":"Q996255","candidates":[]}],[{"start":0,"end":13,"url":null,"entity_id":"Q731606","candidates":[]}],[{"start":0,"end":7,"url":null,"entity_id":"Q1541246","candidates":[]}],[{"start":0,"end":6,"url":null,"entity_id":"Q2877417","candidates":[]}]],[[{"start":0,"end":16,"url":null,"entity_id":"Q1140475","candidates":[]}],[{"start":0,"end":15,"url":null,"entity_id":"Q192235","candidates":[]}],[{"start":0,"end":12,"url":null,"entity_id":"Q127892","candidates":[]}],[{"start":0,"end":7,"url":null,"entity_id":"Q2841440","candidates":[]}]],[[{"start":0,"end":13,"url":null,"entity_id":"Q297871","candidates":[]}],[{"start":0,"end":19,"url":null,"entity_id":"Q282496","candidates":[]}],[{"start":0,"end":7,"url":null,"entity_id":"Q104662","candidates":[]}],[{"start":0,"end":12,"url":null,"entity_id":"Q802562","candidates":[]}]],[[{"start":0,"end":28,"url":null,"entity_id":"Q1548495","candidates":[]}],[{"start":0,"end":8,"url":null,"entity_id":"Q736872","candidates":[]}],[{"start":0,"end":8,"url":null,"entity_id":"Q14305","candidates":[]}],[{"start":0,"end":12,"url":null,"entity_id":"Q786519","candidates":[]}]],[[{"start":0,"end":24,"url":null,"entity_id":"Q1742844","candidates":[]}],[{"start":0,"end":7,"url":null,"entity_id":"Q4077","candidates":[]}],[{"start":0,"end":15,"url":null,"entity_id":"Q5602","candidates":[]}],[{"start":0,"end":36,"url":null,"entity_id":"Q741981","candidates":[]}]],[[{"start":0,"end":12,"url":null,"entity_id":"Q203004","candidates":[]}],[{"start":0,"end":4,"url":null,"entity_id":"Q160173","candidates":[]}],[{"start":0,"end":6,"url":null,"entity_id":"Q1653","candidates":[]}],[{"start":0,"end":12,"url":null,"entity_id":"Q728937","candidates":[]}]],[[{"start":0,"end":29,"url":null,"entity_id":"Q2147616","candidates":[]}],[{"start":0,"end":7,"url":null,"entity_id":"Q69441","candidates":[]}],[{"start":0,"end":5,"url":null,"entity_id":"Q584","candidates":[]}],[{"start":0,"end":35,"url":null,"entity_id":"Q682522","candidates":[]}]],[[{"start":0,"end":12,"url":null,"entity_id":"Q832802","candidates":[]}],[{"start":0,"end":17,"url":null,"entity_id":"Q985","candidates":[]}],[{"start":0,"end":5,"url":null,"entity_id":"Q584","candidates":[]}],[{"start":0,"end":29,"url":null,"entity_id":"Q472185","candidates":[]}]],[[{"start":0,"end":24,"url":null,"entity_id":"Q685650","candidates":[]}],[{"start":0,"end":5,"url":null,"entity_id":"Q65914","candidates":[]}],[{"start":0,"end":5,"url":null,"entity_id":"Q584","candidates":[]}],[{"start":0,"end":9,"url":null,"entity_id":"Q221722","candidates":[]}]],[[{"start":0,"end":22,"url":null,"entity_id":"Q2429399","candidates":[]}],[{"start":0,"end":8,"url":null,"entity_id":"Q1384","candidates":[]}],[{"start":0,"end":20,"url":null,"entity_id":"Q134750","candidates":[]}],[{"start":0,"end":13,"url":null,"entity_id":"Q94877","candidates":[]}]],[[{"start":0,"end":36,"url":null,"entity_id":"Q1596245","candidates":[]}],[{"start":0,"end":16,"url":null,"entity_id":"Q463165","candidates":[]}],[{"start":0,"end":15,"url":null,"entity_id":"Q940488","candidates":[]}],[{"start":0,"end":13,"url":null,"entity_id":"Q94689","candidates":[]}]],[[{"start":0,"end":22,"url":null,"entity_id":"Q205682","candidates":[]}],[{"start":0,"end":13,"url":null,"entity_id":"Q61909","candidates":[]}],[{"start":0,"end":5,"url":null,"entity_id":"Q584","candidates":[]}],[{"start":0,"end":12,"url":null,"entity_id":"Q83620","candidates":[]}]],[[{"start":0,"end":32,"url":null,"entity_id":"Q2147586","candidates":[]}],[{"start":0,"end":17,"url":null,"entity_id":"Q985","candidates":[]}],[{"start":0,"end":5,"url":null,"entity_id":"Q584","candidates":[]}],[{"start":0,"end":15,"url":null,"entity_id":"Q34520","candidates":[]}]],[[{"start":0,"end":28,"url":null,"entity_id":"Q317453","candidates":[]}],[{"start":0,"end":7,"url":null,"entity_id":"Q75110","candidates":[]}],[{"start":0,"end":10,"url":null,"entity_id":"Q55498","candidates":[]}],[{"start":0,"end":4,"url":null,"entity_id":"Q34442","candidates":[]}]],[[{"start":0,"end":32,"url":null,"entity_id":"Q3392517","candidates":[]}],[{"start":0,"end":3,"url":null,"entity_id":"Q824122","candidates":[]}],[{"start":0,"end":11,"url":null,"entity_id":"Q14554","candidates":[]}],[{"start":0,"end":4,"url":null,"entity_id":"Q34442","candidates":[]}]],[[{"start":0,"end":18,"url":null,"entity_id":"Q2227316","candidates":[]}],[{"start":0,"end":20,"url":null,"entity_id":"Q1200","candidates":[]}],[{"start":0,"end":5,"url":null,"entity_id":"Q158847","candidates":[]}],[{"start":0,"end":17,"url":null,"entity_id":"Q10831","candidates":[]}]],[[{"start":0,"end":30,"url":null,"entity_id":"Q970889","candidates":[]}],[{"start":0,"end":16,"url":null,"entity_id":"Q4024","candidates":[]}],[{"start":0,"end":4,"url":null,"entity_id":"Q552","candidates":[]}],[{"start":0,"end":17,"url":null,"entity_id":"Q9029","candidates":[]}]],[[{"start":0,"end":24,"url":null,"entity_id":"Q114101","candidates":[]}],[{"start":0,"end":8,"url":null,"entity_id":"Q183841","candidates":[]}],[{"start":0,"end":7,"url":null,"entity_id":"Q1667","candidates":[]}],[{"start":0,"end":16,"url":null,"entity_id":"Q9020","candidates":[]}]],[[{"start":0,"end":11,"url":null,"entity_id":"Q2209135","candidates":[]}],[{"start":0,"end":4,"url":null,"entity_id":"Q483964","candidates":[]}],[{"start":0,"end":4,"url":null,"entity_id":"Q829866","candidates":[]}],[{"start":0,"end":18,"url":null,"entity_id":"Q638912","candidates":[]}]],[[{"start":0,"end":38,"url":null,"entity_id":"Q654084","candidates":[]}],[{"start":0,"end":7,"url":null,"entity_id":"Q44238","candidates":[]}],[{"start":0,"end":12,"url":null,"entity_id":"Q127892","candidates":[]}],[{"start":0,"end":39,"url":null,"entity_id":"Q18976124","candidates":[]}]]]}