{"version":"1.2","table":{"version":"2","table_id":"PYUYR45N","columns":[{"index":0,"name":"col0","values":["Arrondissement of Thuin","Arrondissement of Mouscron","Arrondissement of Mons","Arrondissement of Charleroi","Arrondissement of Huy","Arrondissement of Verviers","Arrondissement of Waremme","Arrondissement of Bastogne","Arrondissement of Virton","Arrondissement of Philippeville","Arrondissement of Dinant","Arrondissement of Nivelles","Arrondissement of Maaseik","Arrondissement of Tongeren","Arrondissement of Hasselt","Arrondissement of Leuven","Arrondissement of Ypres","Arrondissement of Tielt","Arrondissement of Roeselare","Arrondissement of Ostend"]},{"index":1,"name":"col1","values":["227","29","26","137","77","235","114","425","220","291","108","93","65","104","43","33","22","40","22","1"]},{"index":2,"name":"col2","values":["933.72","101.17","583.99","554.55","659.36","2016.22","389.86","1043","771.19","908.74","1592.42","1090.56","884.43","631.56","906.15","1168.83","549.62","329.79","271.54","291.6"]}]},"context":{"page_title":null,"page_url":null,"page_entity_id":null,"content_hierarchy":[]},"links":[[[{"start":0,"end":26,"url":null,"entity_id":"Q94095","candidates":[]}],[],[]],[[{"start":0,"end":22,"url":null,"entity_id":"Q94087","candidates":[]}],[],[]],[[{"start":0,"end":27,"url":null,"entity_id":"Q94077","candidates":[]}],[],[]],[[{"start":0,"end":21,"url":null,"entity_id":"Q94019","candidates":[]}],[],[]],[[{"start":0,"end":26,"url":null,"entity_id":"Q93989","candidates":[]}],[],[]],[[{"start":0,"end":25,"url":null,"entity_id":"Q93970","candidates":[]}],[],[]],[[{"start":0,"end":26,"url":null,"entity_id":"Q93925","candidates":[]}],[],[]],[[{"start":0,"end":24,"url":null,"entity_id":"Q93860","candidates":[]}],[],[]],[[{"start":0,"end":31,"url":null,"entity_id":"Q93769","candidates":[]}],[],[]],[[{"start":0,"end":24,"url":null,"entity_id":"Q93740","candidates":[]}],[],[]],[[{"start":0,"end":26,"url":null,"entity_id":"Q93707","candidates":[]}],[],[]],[[{"start":0,"end":25,"url":null,"entity_id":"Q93577","candidates":[]}],[],[]],[[{"start":0,"end":26,"url":null,"entity_id":"Q93549","candidates":[]}],[],[]],[[{"start":0,"end":25,"url":null,"entity_id":"Q93515","candidates":[]}],[],[]],[[{"start":0,"end":24,"url":null,"entity_id":"Q93392","candidates":[]}],[],[]],[[{"start":0,"end":23,"url":null,"entity_id":"Q91450","candidates":[]}],[],[]],[[{"start":0,"end":23,"url":null,"entity_id":"Q91445","candidates":[]}],[],[]],[[{"start":0,"end":27,"url":null,"entity_id":"Q91439","candidates":[]}],[],[]],[[{"start":0,"end":24,"url":null,"entity_id":"Q91427","candidates":[]}],[],[]],[[{"start":0,"end":23,"url":null,"entity_id":"Q94122","candidates":[]}],[],[]]]}