{"version":"1.2","table":{"version":"2","table_id":"PZHN8CAB","columns":[{"index":0,"name":"col0","values":["2MASS J09551253+0259435","SDSS J100819.28+041607.2","SDSS J112041.84+495405.9","SDSS J103336.57+541728.7","SDSS J104854.53+334624.9","SDSS J102321.40-005734.9","SDSS J101515.85+343034.6","SDSS J115516.60+620051.5","SDSS J120117.42+324019.6","SDSS J115749.68+412243.0","SDSS J120533.96+035814.4","SDSS J115652.17+375648.2","SDSS J102443.76+335154.9","SDSS J110921.84+641734.6","2MASS J11270890+5909310","SDSS J120538.34+334629.1","SDSS J100234.50+104550.1","SDSS J103359.66+601303.1","SDSS J105800.18+310229.9","SDSS J113727.32+362232.2"]},{"index":1,"name":"col1","values":["148.802208","152.0803466587509","170.1742971469803","158.4023651736946","162.2272176342159","155.8391227614348","153.8160875055824","178.8191558651059","180.3225875","179.4570134537241","181.3915019983166","179.2172947183974","156.1822800477495","167.3410268138051","171.787125","181.4097411163537","150.6437317364306","158.498675993354","164.5007712245664","174.3638780631737"]},{"index":2,"name":"col2","values":["15.64","15.41","18.723","15.59","14.203","15.16","15.942","13.638","15.178","13.728","12.611","15.72","15.249","15.37","13.085","13.22","15.474","15.26","13.708","13.443"]}]},"context":{"page_title":null,"page_url":null,"page_entity_id":null,"content_hierarchy":[]},"links":[[[{"start":0,"end":24,"url":null,"entity_id":"Q77405932","candidates":[]}],[],[]],[[{"start":0,"end":24,"url":null,"entity_id":"Q77405930","candidates":[]}],[],[]],[[{"start":0,"end":24,"url":null,"entity_id":"Q77405929","candidates":[]}],[],[]],[[{"start":0,"end":24,"url":null,"entity_id":"Q77405927","candidates":[]}],[],[]],[[{"start":0,"end":24,"url":null,"entity_id":"Q77405925","candidates":[]}],[],[]],[[{"start":0,"end":24,"url":null,"entity_id":"Q77406138","candidates":[]}],[],[]],[[{"start":0,"end":24,"url":null,"entity_id":"Q77406135","candidates":[]}],[],[]],[[{"start":0,"end":24,"url":null,"entity_id":"Q77406133","candidates":[]}],[],[]],[[{"start":0,"end":24,"url":null,"entity_id":"Q77406131","candidates":[]}],[],[]],[[{"start":0,"end":24,"url":null,"entity_id":"Q77406128","candidates":[]}],[],[]],[[{"start":0,"end":24,"url":null,"entity_id":"Q77406127","candidates":[]}],[],[]],[[{"start":0,"end":24,"url":null,"entity_id":"Q77406124","candidates":[]}],[],[]],[[{"start":0,"end":24,"url":null,"entity_id":"Q77406121","candidates":[]}],[],[]],[[{"start":0,"end":23,"url":null,"entity_id":"Q77406120","candidates":[]}],[],[]],[[{"start":0,"end":24,"url":null,"entity_id":"Q77406117","candidates":[]}],[],[]],[[{"start":0,"end":24,"url":null,"entity_id":"Q77406114","candidates":[]}],[],[]],[[{"start":0,"end":24,"url":null,"entity_id":"Q77405924","candidates":[]}],[],[]],[[{"start":0,"end":24,"url":null,"entity_id":"Q77405921","candidates":[]}],[],[]],[[{"start":0,"end":24,"url":null,"entity_id":"Q77405919","candidates":[]}],[],[]],[[{"start":0,"end":23,"url":null,"entity_id":"Q77405933","candidates":[]}],[],[]]]}