{"version":"1.2","table":{"version":"2","table_id":"Q07ZQ70W","columns":[{"index":0,"name":"col0","values":["phosphorus-47","phosphorus-46","phosphorus-45","phosphorus-44","phosphorus-43","phosphorus-42","phosphorus-41","phosphorus-40","phosphorus-39","phosphorus-38","phosphorus-37","phosphorus-36","phosphorus-35","phosphorus-34","phosphorus-29","phosphorus-28","phosphorus-27","phosphorus-26","phosphorus-25","phosphorus-24"]},{"index":1,"name":"col1","values":["337930","336582","335880","332948","330651.596","326250.372","324168.591","319231.84","315820.791","309596.412","305899.535","299083.248","295618.715","287238.29","239285.844","221409.412","206912.826","187148","170300","148656"]},{"index":2,"name":"col2","values":["29710","22970","15600","10450","4679.826","1009.74","-4979.767","-8114.37","-12774.634","-14621.563","-18995.998","-20251.034","-24857.799","-24548.698","-16952.848","-7147.74","-722.458","10973","19738","33320"]}]},"context":{"page_title":null,"page_url":null,"page_entity_id":null,"content_hierarchy":[]},"links":[[[{"start":0,"end":13,"url":null,"entity_id":"Q18844566","candidates":[]}],[],[]],[[{"start":0,"end":13,"url":null,"entity_id":"Q18844565","candidates":[]}],[],[]],[[{"start":0,"end":13,"url":null,"entity_id":"Q18844563","candidates":[]}],[],[]],[[{"start":0,"end":13,"url":null,"entity_id":"Q18844562","candidates":[]}],[],[]],[[{"start":0,"end":13,"url":null,"entity_id":"Q18844561","candidates":[]}],[],[]],[[{"start":0,"end":13,"url":null,"entity_id":"Q18844559","candidates":[]}],[],[]],[[{"start":0,"end":13,"url":null,"entity_id":"Q18844558","candidates":[]}],[],[]],[[{"start":0,"end":13,"url":null,"entity_id":"Q18844555","candidates":[]}],[],[]],[[{"start":0,"end":13,"url":null,"entity_id":"Q18844554","candidates":[]}],[],[]],[[{"start":0,"end":13,"url":null,"entity_id":"Q18844553","candidates":[]}],[],[]],[[{"start":0,"end":13,"url":null,"entity_id":"Q18844552","candidates":[]}],[],[]],[[{"start":0,"end":13,"url":null,"entity_id":"Q18844550","candidates":[]}],[],[]],[[{"start":0,"end":13,"url":null,"entity_id":"Q18844549","candidates":[]}],[],[]],[[{"start":0,"end":13,"url":null,"entity_id":"Q18844548","candidates":[]}],[],[]],[[{"start":0,"end":13,"url":null,"entity_id":"Q18844546","candidates":[]}],[],[]],[[{"start":0,"end":13,"url":null,"entity_id":"Q18844545","candidates":[]}],[],[]],[[{"start":0,"end":13,"url":null,"entity_id":"Q18844544","candidates":[]}],[],[]],[[{"start":0,"end":13,"url":null,"entity_id":"Q18844543","candidates":[]}],[],[]],[[{"start":0,"end":13,"url":null,"entity_id":"Q18844541","candidates":[]}],[],[]],[[{"start":0,"end":13,"url":null,"entity_id":"Q47456756","candidates":[]}],[],[]]]}