{"version":"1.2","table":{"version":"2","table_id":"Q1L3KSUB","columns":[{"index":0,"name":"col0","values":["St. Michael the Archangel Church","Church of St. Mary of the Spring","Russian Orthodox Church, Vevey","Orthodox church in Hola","Orthodox church in Zdynia","Protection of Our Most Holy Lady Church, Owczary","Church of the Pokrov in Wołowiec","Church of the Nativity of the Virgin Mary in Ortel Książęcy Drugi","Orthodox church of the Nativity of the Virgin Mary in Włodawa","Saints Peter and Paul church in Hanna","Saints Cosmas and Damian Church in Skwirtne","Saints Cosmas and Damian church in Kotań","Saint Basil church in Konieczna","Saint John Chrysostom church in Polany","Saint Nicholas Church in Kotka","Orthodox church of the Resurrection of Jesus Christ in Lewkowo Nowe","Holy Trinity Church","St. Nicholas' Church","Saint Peter and Paul Cathedral, Karlovy Vary","The Dormition Cathedral in Odessa"]},{"index":1,"name":"col1","values":["Michael the Archangel","Virgin Mary","Saint Barbara","Anthony of Kiev","Intercession of the Theotokos","Intercession of the Theotokos","Intercession of the Theotokos","Nativity of Mary","Nativity of Mary","Feast of Saints Peter and Paul","Saints Cosmas and Damian","Saints Cosmas and Damian","Basil of Caesarea","John Chrysostom","Saint Nicholas","Easter","Trinity","Saint Nicholas","Paul","Dormition of the Theotokos"]},{"index":2,"name":"col2","values":["France","Turkey","Switzerland","Poland","Poland","Poland","Poland","Poland","Poland","Poland","Poland","Poland","Poland","Poland","Finland","Poland","Romania","Slovakia","Czech Republic","Ukraine"]}]},"context":{"page_title":null,"page_url":null,"page_entity_id":null,"content_hierarchy":[]},"links":[[[{"start":0,"end":32,"url":null,"entity_id":"Q3020134","candidates":[]}],[{"start":0,"end":11,"url":null,"entity_id":"Q345","candidates":[]}],[{"start":0,"end":6,"url":null,"entity_id":"Q43","candidates":[]}]],[[{"start":0,"end":30,"url":null,"entity_id":"Q3586061","candidates":[]}],[{"start":0,"end":13,"url":null,"entity_id":"Q192816","candidates":[]}],[{"start":0,"end":11,"url":null,"entity_id":"Q39","candidates":[]}]],[[{"start":0,"end":23,"url":null,"entity_id":"Q3746121","candidates":[]}],[{"start":0,"end":15,"url":null,"entity_id":"Q2479677","candidates":[]}],[{"start":0,"end":6,"url":null,"entity_id":"Q36","candidates":[]}]],[[{"start":0,"end":25,"url":null,"entity_id":"Q3950493","candidates":[]}],[{"start":0,"end":29,"url":null,"entity_id":"Q1410684","candidates":[]}],[{"start":0,"end":6,"url":null,"entity_id":"Q36","candidates":[]}]],[[{"start":0,"end":48,"url":null,"entity_id":"Q3157050","candidates":[]}],[{"start":0,"end":29,"url":null,"entity_id":"Q1410684","candidates":[]}],[{"start":0,"end":6,"url":null,"entity_id":"Q36","candidates":[]}]],[[{"start":0,"end":32,"url":null,"entity_id":"Q3156778","candidates":[]}],[{"start":0,"end":29,"url":null,"entity_id":"Q1410684","candidates":[]}],[{"start":0,"end":6,"url":null,"entity_id":"Q36","candidates":[]}]],[[{"start":0,"end":65,"url":null,"entity_id":"Q3924701","candidates":[]}],[{"start":0,"end":16,"url":null,"entity_id":"Q501107","candidates":[]}],[{"start":0,"end":6,"url":null,"entity_id":"Q36","candidates":[]}]],[[{"start":0,"end":61,"url":null,"entity_id":"Q3745049","candidates":[]}],[{"start":0,"end":16,"url":null,"entity_id":"Q501107","candidates":[]}],[{"start":0,"end":6,"url":null,"entity_id":"Q36","candidates":[]}]],[[{"start":0,"end":37,"url":null,"entity_id":"Q3657689","candidates":[]}],[{"start":0,"end":30,"url":null,"entity_id":"Q153043","candidates":[]}],[{"start":0,"end":6,"url":null,"entity_id":"Q36","candidates":[]}]],[[{"start":0,"end":43,"url":null,"entity_id":"Q3950541","candidates":[]}],[{"start":0,"end":24,"url":null,"entity_id":"Q76486","candidates":[]}],[{"start":0,"end":6,"url":null,"entity_id":"Q36","candidates":[]}]],[[{"start":0,"end":40,"url":null,"entity_id":"Q2752752","candidates":[]}],[{"start":0,"end":24,"url":null,"entity_id":"Q76486","candidates":[]}],[{"start":0,"end":6,"url":null,"entity_id":"Q36","candidates":[]}]],[[{"start":0,"end":31,"url":null,"entity_id":"Q3890383","candidates":[]}],[{"start":0,"end":17,"url":null,"entity_id":"Q44258","candidates":[]}],[{"start":0,"end":6,"url":null,"entity_id":"Q36","candidates":[]}]],[[{"start":0,"end":38,"url":null,"entity_id":"Q2790190","candidates":[]}],[{"start":0,"end":15,"url":null,"entity_id":"Q43706","candidates":[]}],[{"start":0,"end":6,"url":null,"entity_id":"Q36","candidates":[]}]],[[{"start":0,"end":30,"url":null,"entity_id":"Q3387467","candidates":[]}],[{"start":0,"end":14,"url":null,"entity_id":"Q44269","candidates":[]}],[{"start":0,"end":7,"url":null,"entity_id":"Q33","candidates":[]}]],[[{"start":0,"end":67,"url":null,"entity_id":"Q48843985","candidates":[]}],[{"start":0,"end":6,"url":null,"entity_id":"Q21196","candidates":[]}],[{"start":0,"end":6,"url":null,"entity_id":"Q36","candidates":[]}]],[[{"start":0,"end":19,"url":null,"entity_id":"Q4382309","candidates":[]}],[{"start":0,"end":7,"url":null,"entity_id":"Q37090","candidates":[]}],[{"start":0,"end":7,"url":null,"entity_id":"Q218","candidates":[]}]],[[{"start":0,"end":20,"url":null,"entity_id":"Q4177964","candidates":[]}],[{"start":0,"end":14,"url":null,"entity_id":"Q44269","candidates":[]}],[{"start":0,"end":8,"url":null,"entity_id":"Q214","candidates":[]}]],[[{"start":0,"end":44,"url":null,"entity_id":"Q4177453","candidates":[]}],[{"start":0,"end":4,"url":null,"entity_id":"Q9200","candidates":[]}],[{"start":0,"end":14,"url":null,"entity_id":"Q213","candidates":[]}]],[[{"start":0,"end":33,"url":null,"entity_id":"Q4478061","candidates":[]}],[{"start":0,"end":26,"url":null,"entity_id":"Q4069073","candidates":[]}],[{"start":0,"end":7,"url":null,"entity_id":"Q212","candidates":[]}]],[[{"start":0,"end":32,"url":null,"entity_id":"Q4070555","candidates":[]}],[{"start":0,"end":21,"url":null,"entity_id":"Q45581","candidates":[]}],[{"start":0,"end":6,"url":null,"entity_id":"Q142","candidates":[]}]]]}