{"version":"1.2","table":{"version":"2","table_id":"Q34MECGQ","columns":[{"index":0,"name":"col0","values":["Zambezi National Park","Caldera de Taburiente National Park","Parque Nacional Natural Sierra de La Macarena","Salar del Huasco","El Ávila National Park","Campos Amazônicos National Park","Jamanxim National Park","Laguna del Laja National Park","Mayon Volcano Natural Park","Viruá National Park","Superagüi National Park","Serra da Canastra National Park","Serra da Cutia National Park","Serra da Bodoquena National Park","Battery Kemble Park","Ruvubu National Park","Mahatma Gandhi Marine National Park","Santos Luzardo National Park","Southern National Park","Una National Park"]},{"index":1,"name":"col1","values":["1044","2426","820","3786","2765","141","204","2612","2353","58","10","1106","210","591","106","1361","78","62","471","374"]},{"index":2,"name":"col2","values":["560.1","4.69","6300","99.5","851.92","9613","8597.97","119","5803","2270","37000","1979","2836.11","786.81","2.79","50800","29.043","5843.68","22800","198"]}]},"context":{"page_title":null,"page_url":null,"page_entity_id":null,"content_hierarchy":[]},"links":[[[{"start":0,"end":35,"url":null,"entity_id":"Q23988114","candidates":[]}],[],[]],[[{"start":0,"end":45,"url":null,"entity_id":"Q23715572","candidates":[]}],[],[]],[[{"start":0,"end":16,"url":null,"entity_id":"Q20022191","candidates":[]}],[],[]],[[{"start":0,"end":22,"url":null,"entity_id":"Q19966843","candidates":[]}],[],[]],[[{"start":0,"end":31,"url":null,"entity_id":"Q17265421","candidates":[]}],[],[]],[[{"start":0,"end":22,"url":null,"entity_id":"Q17265018","candidates":[]}],[],[]],[[{"start":0,"end":29,"url":null,"entity_id":"Q16911654","candidates":[]}],[],[]],[[{"start":0,"end":26,"url":null,"entity_id":"Q15252301","candidates":[]}],[],[]],[[{"start":0,"end":19,"url":null,"entity_id":"Q7935313","candidates":[]}],[],[]],[[{"start":0,"end":23,"url":null,"entity_id":"Q7643009","candidates":[]}],[],[]],[[{"start":0,"end":31,"url":null,"entity_id":"Q7455211","candidates":[]}],[],[]],[[{"start":0,"end":28,"url":null,"entity_id":"Q7455209","candidates":[]}],[],[]],[[{"start":0,"end":32,"url":null,"entity_id":"Q7455205","candidates":[]}],[],[]],[[{"start":0,"end":19,"url":null,"entity_id":"Q4869860","candidates":[]}],[],[]],[[{"start":0,"end":20,"url":null,"entity_id":"Q3695993","candidates":[]}],[],[]],[[{"start":0,"end":35,"url":null,"entity_id":"Q3364527","candidates":[]}],[],[]],[[{"start":0,"end":28,"url":null,"entity_id":"Q3364428","candidates":[]}],[],[]],[[{"start":0,"end":22,"url":null,"entity_id":"Q3232660","candidates":[]}],[],[]],[[{"start":0,"end":17,"url":null,"entity_id":"Q3179381","candidates":[]}],[],[]],[[{"start":0,"end":21,"url":null,"entity_id":"Q24235830","candidates":[]}],[],[]]]}