{"version":"1.2","table":{"version":"2","table_id":"Q6AQ61HK","columns":[{"index":0,"name":"col0","values":["The meltemaki","War and Peace","The Misanthrope","Fortounatos","The Alchemist","Five-finger exercise","Autumn story","Long day's journey into night","Mary Stuart","Autumn story","Five finger exercise","Karmen e hitana","The Basil","Sss .... Someone is coming!","The Visit of the Old Lady","Othello","An enemy of the people","The last game","The cassette","The glass world"]},{"index":1,"name":"col1","values":["Christina Theodoropoulou","Dimitra Tseliou","Kostas Kazanas","Iakovos Psarras","Vangelis Protopapas","Dimitris Potamitis","Manos Katrakis","Elsa Vergi","Betty Arvaniti","Kostas Rigopoulos","Stefanos Linaios","Irene Papas","Aris Maliagros","Evangelia Karakatsani","Aris Maliagros","Giolada Siakouli","Stella Krouska","Petros Fyssoun","Giorgos Armenis","Eleni Zafeiriou"]},{"index":2,"name":"col2","values":["Kostas Tsianos","Iakovos Drosos","Iakovos Drosos","Olymbia Kyriakaki","Olymbia Kyriakaki","Giorgos Lozos","Giorgos Lefentarios","Danai Evangeliou","Nikos Mastorakis","Danai Evangeliou","Tasos Mastorakis","Frixos Theologidis","Spyros Kapsaskis","Evangelia Karakatsani","Spyros Skiadaresis","Olymbia Kyriakaki","Stella Krouska","Rinio Papanikola","Rinio Papanikola","Rinio Papanikola"]},{"index":3,"name":"col3","values":["Theatro Lampeti","Theatro Ilisia","Ethniko Kotopouli-Rex","National Theatre of Greece","National Theatre of Greece","Theatro Erevnas","Broadway Theatre","Theatro Elsa Vergi","Theatro Odou Kefallinias - A Skini","Theatro Analyti","Theatro Dionysia","Ethniko Kotopouli-Rex","National Theatre of Greece","Theatro tou Neou Kosmou","National Theatre of Greece","National Theatre of Greece","Studio Mavromichali","Mousouri theatre","Theatro Technis Karolos Koun - Ypogeio","tour"]}]},"context":{"page_title":null,"page_url":null,"page_entity_id":null,"content_hierarchy":[]},"links":[[[{"start":0,"end":13,"url":null,"entity_id":"Q67402252","candidates":[]}],[{"start":0,"end":15,"url":null,"entity_id":"Q67402594","candidates":[]}],[{"start":0,"end":14,"url":null,"entity_id":"Q60733830","candidates":[]}],[{"start":0,"end":14,"url":null,"entity_id":"Q61041332","candidates":[]}]],[[{"start":0,"end":15,"url":null,"entity_id":"Q76428622","candidates":[]}],[{"start":0,"end":14,"url":null,"entity_id":"Q12879919","candidates":[]}],[{"start":0,"end":14,"url":null,"entity_id":"Q60733830","candidates":[]}],[{"start":0,"end":21,"url":null,"entity_id":"Q33805408","candidates":[]}]],[[{"start":0,"end":11,"url":null,"entity_id":"Q76560467","candidates":[]}],[{"start":0,"end":15,"url":null,"entity_id":"Q12878045","candidates":[]}],[{"start":0,"end":17,"url":null,"entity_id":"Q60885264","candidates":[]}],[{"start":0,"end":26,"url":null,"entity_id":"Q583039","candidates":[]}]],[[{"start":0,"end":13,"url":null,"entity_id":"Q76557639","candidates":[]}],[{"start":0,"end":19,"url":null,"entity_id":"Q7914782","candidates":[]}],[{"start":0,"end":17,"url":null,"entity_id":"Q60885264","candidates":[]}],[{"start":0,"end":26,"url":null,"entity_id":"Q583039","candidates":[]}]],[[{"start":0,"end":20,"url":null,"entity_id":"Q84665420","candidates":[]}],[{"start":0,"end":18,"url":null,"entity_id":"Q12875940","candidates":[]}],[{"start":0,"end":13,"url":null,"entity_id":"Q84669378","candidates":[]}],[{"start":0,"end":15,"url":null,"entity_id":"Q84666589","candidates":[]}]],[[{"start":0,"end":12,"url":null,"entity_id":"Q81925923","candidates":[]}],[{"start":0,"end":14,"url":null,"entity_id":"Q630293","candidates":[]}],[{"start":0,"end":19,"url":null,"entity_id":"Q81928874","candidates":[]}],[{"start":0,"end":16,"url":null,"entity_id":"Q76947504","candidates":[]}]],[[{"start":0,"end":29,"url":null,"entity_id":"Q84175994","candidates":[]}],[{"start":0,"end":10,"url":null,"entity_id":"Q12872412","candidates":[]}],[{"start":0,"end":16,"url":null,"entity_id":"Q81935315","candidates":[]}],[{"start":0,"end":18,"url":null,"entity_id":"Q62596496","candidates":[]}]],[[{"start":0,"end":11,"url":null,"entity_id":"Q60777775","candidates":[]}],[{"start":0,"end":14,"url":null,"entity_id":"Q4898707","candidates":[]}],[{"start":0,"end":16,"url":null,"entity_id":"Q60732084","candidates":[]}],[{"start":0,"end":34,"url":null,"entity_id":"Q61750733","candidates":[]}]],[[{"start":0,"end":12,"url":null,"entity_id":"Q81934258","candidates":[]}],[{"start":0,"end":17,"url":null,"entity_id":"Q6433519","candidates":[]}],[{"start":0,"end":16,"url":null,"entity_id":"Q81935315","candidates":[]}],[{"start":0,"end":15,"url":null,"entity_id":"Q61483589","candidates":[]}]],[[{"start":0,"end":20,"url":null,"entity_id":"Q84544407","candidates":[]}],[{"start":0,"end":16,"url":null,"entity_id":"Q7606515","candidates":[]}],[{"start":0,"end":16,"url":null,"entity_id":"Q84549539","candidates":[]}],[{"start":0,"end":16,"url":null,"entity_id":"Q60852364","candidates":[]}]],[[{"start":0,"end":15,"url":null,"entity_id":"Q85308018","candidates":[]}],[{"start":0,"end":11,"url":null,"entity_id":"Q230563","candidates":[]}],[{"start":0,"end":18,"url":null,"entity_id":"Q85309308","candidates":[]}],[{"start":0,"end":21,"url":null,"entity_id":"Q33805408","candidates":[]}]],[[{"start":0,"end":9,"url":null,"entity_id":"Q83634639","candidates":[]}],[{"start":0,"end":14,"url":null,"entity_id":"Q2374205","candidates":[]}],[{"start":0,"end":16,"url":null,"entity_id":"Q83635211","candidates":[]}],[{"start":0,"end":26,"url":null,"entity_id":"Q583039","candidates":[]}]],[[{"start":0,"end":27,"url":null,"entity_id":"Q61450999","candidates":[]}],[{"start":0,"end":21,"url":null,"entity_id":"Q61315023","candidates":[]}],[{"start":0,"end":21,"url":null,"entity_id":"Q61315023","candidates":[]}],[{"start":0,"end":23,"url":null,"entity_id":"Q60928250","candidates":[]}]],[[{"start":0,"end":25,"url":null,"entity_id":"Q61670554","candidates":[]}],[{"start":0,"end":14,"url":null,"entity_id":"Q2374205","candidates":[]}],[{"start":0,"end":18,"url":null,"entity_id":"Q61670756","candidates":[]}],[{"start":0,"end":26,"url":null,"entity_id":"Q583039","candidates":[]}]],[[{"start":0,"end":7,"url":null,"entity_id":"Q61650537","candidates":[]}],[{"start":0,"end":16,"url":null,"entity_id":"Q61651427","candidates":[]}],[{"start":0,"end":17,"url":null,"entity_id":"Q60885264","candidates":[]}],[{"start":0,"end":26,"url":null,"entity_id":"Q583039","candidates":[]}]],[[{"start":0,"end":22,"url":null,"entity_id":"Q64526323","candidates":[]}],[{"start":0,"end":14,"url":null,"entity_id":"Q64521421","candidates":[]}],[{"start":0,"end":14,"url":null,"entity_id":"Q64521421","candidates":[]}],[{"start":0,"end":19,"url":null,"entity_id":"Q64522190","candidates":[]}]],[[{"start":0,"end":13,"url":null,"entity_id":"Q81650767","candidates":[]}],[{"start":0,"end":14,"url":null,"entity_id":"Q7179076","candidates":[]}],[{"start":0,"end":16,"url":null,"entity_id":"Q12884140","candidates":[]}],[{"start":0,"end":16,"url":null,"entity_id":"Q60714332","candidates":[]}]],[[{"start":0,"end":12,"url":null,"entity_id":"Q67431952","candidates":[]}],[{"start":0,"end":15,"url":null,"entity_id":"Q5559242","candidates":[]}],[{"start":0,"end":16,"url":null,"entity_id":"Q12884140","candidates":[]}],[{"start":0,"end":38,"url":null,"entity_id":"Q60705383","candidates":[]}]],[[{"start":0,"end":15,"url":null,"entity_id":"Q73519258","candidates":[]}],[{"start":0,"end":15,"url":null,"entity_id":"Q5359192","candidates":[]}],[{"start":0,"end":16,"url":null,"entity_id":"Q12884140","candidates":[]}],[{"start":0,"end":4,"url":null,"entity_id":"Q12538685","candidates":[]}]],[[{"start":0,"end":13,"url":null,"entity_id":"Q64635127","candidates":[]}],[{"start":0,"end":24,"url":null,"entity_id":"Q4982486","candidates":[]}],[{"start":0,"end":14,"url":null,"entity_id":"Q63853636","candidates":[]}],[{"start":0,"end":15,"url":null,"entity_id":"Q62596494","candidates":[]}]]]}