{"version":"1.2","table":{"version":"2","table_id":"QDSB53EJ","columns":[{"index":0,"name":"col0","values":["K Can't Stop Loving You","Somethin) tupid","Aqarela do Brasil","Forver Young","Stasdust","Leanon Me","Mz Girl","Turn! Turn! Tur!","Giye Peace a Chance","Do They now It's Christmas?","Smokh Gets in Your Eyes","How Deep Is our Love","Ain't Misbehdvin'","We Belong Toghther","Rhlnestone Cowboy","The Wy You Look Tonight","You a One","We  Who We R","Eveytime","Serfume"]},{"index":1,"name":"col1","values":["C major","C major","C major","C major","C major","C major","C major","C major","C major","C major","E-flat major","E-flat major","C major","C major","C major","E-flat major","E-flat major","E-flat major","E-flat major","E-flat major"]},{"index":2,"name":"col2","values":["Don Gibson","Carson Parks","Ary Barroso","Marian Gold","Hoagy Carmichael","Bill Withers","Smokey Robinson","Pete Seeger","Lennon–McCartney","Bob Geldof","Jerome Kern","Robin Gibb","Fats Waller","Mariah Carey","Larry Weiss","Jerome Kern","Ester Dean","Kesha","Britney Spears","will.i.am"]}]},"context":{"page_title":null,"page_url":null,"page_entity_id":null,"content_hierarchy":[]},"links":[[[{"start":0,"end":15,"url":null,"entity_id":"Q1067893","candidates":[]}],[{"start":0,"end":7,"url":null,"entity_id":"Q1022293","candidates":[]}],[{"start":0,"end":12,"url":null,"entity_id":"Q1045429","candidates":[]}]],[[{"start":0,"end":17,"url":null,"entity_id":"Q623098","candidates":[]}],[{"start":0,"end":7,"url":null,"entity_id":"Q1022293","candidates":[]}],[{"start":0,"end":11,"url":null,"entity_id":"Q717755","candidates":[]}]],[[{"start":0,"end":12,"url":null,"entity_id":"Q1437264","candidates":[]}],[{"start":0,"end":7,"url":null,"entity_id":"Q1022293","candidates":[]}],[{"start":0,"end":11,"url":null,"entity_id":"Q504636","candidates":[]}]],[[{"start":0,"end":8,"url":null,"entity_id":"Q1543022","candidates":[]}],[{"start":0,"end":7,"url":null,"entity_id":"Q1022293","candidates":[]}],[{"start":0,"end":16,"url":null,"entity_id":"Q460662","candidates":[]}]],[[{"start":0,"end":9,"url":null,"entity_id":"Q1423445","candidates":[]}],[{"start":0,"end":7,"url":null,"entity_id":"Q1022293","candidates":[]}],[{"start":0,"end":12,"url":null,"entity_id":"Q346565","candidates":[]}]],[[{"start":0,"end":7,"url":null,"entity_id":"Q1541182","candidates":[]}],[{"start":0,"end":7,"url":null,"entity_id":"Q1022293","candidates":[]}],[{"start":0,"end":15,"url":null,"entity_id":"Q310332","candidates":[]}]],[[{"start":0,"end":16,"url":null,"entity_id":"Q1488986","candidates":[]}],[{"start":0,"end":7,"url":null,"entity_id":"Q1022293","candidates":[]}],[{"start":0,"end":11,"url":null,"entity_id":"Q244441","candidates":[]}]],[[{"start":0,"end":19,"url":null,"entity_id":"Q836681","candidates":[]}],[{"start":0,"end":7,"url":null,"entity_id":"Q1022293","candidates":[]}],[{"start":0,"end":16,"url":null,"entity_id":"Q239177","candidates":[]}]],[[{"start":0,"end":27,"url":null,"entity_id":"Q1188494","candidates":[]}],[{"start":0,"end":7,"url":null,"entity_id":"Q1022293","candidates":[]}],[{"start":0,"end":10,"url":null,"entity_id":"Q216608","candidates":[]}]],[[{"start":0,"end":23,"url":null,"entity_id":"Q1574689","candidates":[]}],[{"start":0,"end":12,"url":null,"entity_id":"Q934895","candidates":[]}],[{"start":0,"end":11,"url":null,"entity_id":"Q313270","candidates":[]}]],[[{"start":0,"end":20,"url":null,"entity_id":"Q1573223","candidates":[]}],[{"start":0,"end":12,"url":null,"entity_id":"Q934895","candidates":[]}],[{"start":0,"end":10,"url":null,"entity_id":"Q188482","candidates":[]}]],[[{"start":0,"end":17,"url":null,"entity_id":"Q406268","candidates":[]}],[{"start":0,"end":7,"url":null,"entity_id":"Q1022293","candidates":[]}],[{"start":0,"end":11,"url":null,"entity_id":"Q310476","candidates":[]}]],[[{"start":0,"end":18,"url":null,"entity_id":"Q129158","candidates":[]}],[{"start":0,"end":7,"url":null,"entity_id":"Q1022293","candidates":[]}],[{"start":0,"end":12,"url":null,"entity_id":"Q41076","candidates":[]}]],[[{"start":0,"end":17,"url":null,"entity_id":"Q4591724","candidates":[]}],[{"start":0,"end":7,"url":null,"entity_id":"Q1022293","candidates":[]}],[{"start":0,"end":11,"url":null,"entity_id":"Q16105815","candidates":[]}]],[[{"start":0,"end":23,"url":null,"entity_id":"Q1471428","candidates":[]}],[{"start":0,"end":12,"url":null,"entity_id":"Q934895","candidates":[]}],[{"start":0,"end":11,"url":null,"entity_id":"Q313270","candidates":[]}]],[[{"start":0,"end":9,"url":null,"entity_id":"Q250288","candidates":[]}],[{"start":0,"end":12,"url":null,"entity_id":"Q934895","candidates":[]}],[{"start":0,"end":10,"url":null,"entity_id":"Q271119","candidates":[]}]],[[{"start":0,"end":12,"url":null,"entity_id":"Q1164755","candidates":[]}],[{"start":0,"end":12,"url":null,"entity_id":"Q934895","candidates":[]}],[{"start":0,"end":5,"url":null,"entity_id":"Q33605","candidates":[]}]],[[{"start":0,"end":8,"url":null,"entity_id":"Q869842","candidates":[]}],[{"start":0,"end":12,"url":null,"entity_id":"Q934895","candidates":[]}],[{"start":0,"end":14,"url":null,"entity_id":"Q11975","candidates":[]}]],[[{"start":0,"end":7,"url":null,"entity_id":"Q15131715","candidates":[]}],[{"start":0,"end":12,"url":null,"entity_id":"Q934895","candidates":[]}],[{"start":0,"end":9,"url":null,"entity_id":"Q185610","candidates":[]}]],[[{"start":0,"end":23,"url":null,"entity_id":"Q1228847","candidates":[]}],[{"start":0,"end":7,"url":null,"entity_id":"Q1022293","candidates":[]}],[{"start":0,"end":10,"url":null,"entity_id":"Q1239171","candidates":[]}]]]}