{"version":"1.2","table":{"version":"2","table_id":"QH83X9GY","columns":[{"index":0,"name":"col0","values":["WVSC 29","2MASS J06401282+0833411","WVSC 96","2MASS J06373374+1002111","WVSC 92","2MASS J06400754+0824032","2MASS J06423359+0930270","2MASS J06400861+0835306","WVSC 101","2MASS J06383237+1029361","2MASS J06384749+0824192","1RXS J112231.1+461825","CD-33 7677","WVSC 119","SB 869","TYC 3836-854-1","AN 201.1932","HD 281845","NSVS 5973524","NSVS 1701206"]},{"index":1,"name":"col1","values":["1458.7892","1013.3766","1198.0352","711.187","397.9783","1780.3098","716.8459","1371.3659","1244.4002","760.5141","2805.8361","175.4755","209.868","1713.2088","614.5904","243.9262","936.7681","804.3758","583.4306","992.8515"]},{"index":2,"name":"col2","values":["12.998","11.586","12.77","13.59","12.556","13.135","13.034","11.444","13.65","11.715","12.224","14.243","9.84","11.941","12.064","10.047","11.766","10.03","11.8","12.16"]}]},"context":{"page_title":null,"page_url":null,"page_entity_id":null,"content_hierarchy":[]},"links":[[[{"start":0,"end":23,"url":null,"entity_id":"Q78756783","candidates":[]}],[],[]],[[{"start":0,"end":7,"url":null,"entity_id":"Q78756177","candidates":[]}],[],[]],[[{"start":0,"end":23,"url":null,"entity_id":"Q78756052","candidates":[]}],[],[]],[[{"start":0,"end":7,"url":null,"entity_id":"Q78754819","candidates":[]}],[],[]],[[{"start":0,"end":23,"url":null,"entity_id":"Q78754132","candidates":[]}],[],[]],[[{"start":0,"end":23,"url":null,"entity_id":"Q78752236","candidates":[]}],[],[]],[[{"start":0,"end":23,"url":null,"entity_id":"Q78751192","candidates":[]}],[],[]],[[{"start":0,"end":8,"url":null,"entity_id":"Q78750837","candidates":[]}],[],[]],[[{"start":0,"end":23,"url":null,"entity_id":"Q78750557","candidates":[]}],[],[]],[[{"start":0,"end":23,"url":null,"entity_id":"Q78750412","candidates":[]}],[],[]],[[{"start":0,"end":21,"url":null,"entity_id":"Q78546233","candidates":[]}],[],[]],[[{"start":0,"end":10,"url":null,"entity_id":"Q78289007","candidates":[]}],[],[]],[[{"start":0,"end":8,"url":null,"entity_id":"Q78187833","candidates":[]}],[],[]],[[{"start":0,"end":6,"url":null,"entity_id":"Q78187665","candidates":[]}],[],[]],[[{"start":0,"end":14,"url":null,"entity_id":"Q77913870","candidates":[]}],[],[]],[[{"start":0,"end":11,"url":null,"entity_id":"Q86820988","candidates":[]}],[],[]],[[{"start":0,"end":9,"url":null,"entity_id":"Q86688698","candidates":[]}],[],[]],[[{"start":0,"end":12,"url":null,"entity_id":"Q86368680","candidates":[]}],[],[]],[[{"start":0,"end":12,"url":null,"entity_id":"Q86368612","candidates":[]}],[],[]],[[{"start":0,"end":7,"url":null,"entity_id":"Q78757055","candidates":[]}],[],[]]]}