{"version":2,"table":{"version":2,"table_id":"TC34SWQA","columns":[{"index":0,"name":"col0","values":["Bjärnum Municipality","Ydre Rural Municipality","Hölö Municipality","Matfors Municipality","Ekeby Municipality","Tveta"]},{"index":1,"name":"col1","values":["1952-01-01","1952-01-01","1863-01-01","1963-01-01","1863-01-01","1863-01-01"]}]},"context":{"version":3,"page_title":null,"page_url":null,"entities":[],"literals":[],"content_hierarchy":[]},"links":[[[{"version":2,"start":0,"end":20,"url":null,"entities":[{"id":"Q10430491","type":"wikidata"}]}],[]],[[{"version":2,"start":0,"end":23,"url":null,"entities":[{"id":"Q15223269","type":"wikidata"}]}],[]],[[{"version":2,"start":0,"end":17,"url":null,"entities":[{"id":"Q10532545","type":"wikidata"}]}],[]],[[{"version":2,"start":0,"end":20,"url":null,"entities":[{"id":"Q10578317","type":"wikidata"}]}],[]],[[{"version":2,"start":0,"end":18,"url":null,"entities":[{"id":"Q10480536","type":"wikidata"}]}],[]],[[{"version":2,"start":0,"end":5,"url":null,"entities":[{"id":"Q10706764","type":"wikidata"}]}],[]]]}