{"version":2,"table":{"version":2,"table_id":"TD4AMXEZ","columns":[{"index":0,"name":"col0","values":["Deutsche Architektur","The City on the Edge of Forever","Information Bulletin","Bulletin of the Institute of Historical Research","Le Souvenir","Water pollution research"]},{"index":1,"name":"col1","values":["Germany","United States of America","","England","Canada","England"]}]},"context":{"version":3,"page_title":null,"page_url":null,"entities":[],"literals":[],"content_hierarchy":[]},"links":[[[{"version":2,"start":0,"end":20,"url":null,"entities":[{"id":"Q106875969","type":"wikidata"}]}],[{"version":2,"start":0,"end":7,"url":null,"entities":[{"id":"Q183","type":"wikidata"}]}]],[[{"version":2,"start":0,"end":31,"url":null,"entities":[{"id":"Q55425623","type":"wikidata"}]}],[{"version":2,"start":0,"end":24,"url":null,"entities":[{"id":"Q30","type":"wikidata"}]}]],[[{"version":2,"start":0,"end":20,"url":null,"entities":[{"id":"Q101540951","type":"wikidata"}]}],[]],[[{"version":2,"start":0,"end":48,"url":null,"entities":[{"id":"Q106875759","type":"wikidata"}]}],[{"version":2,"start":0,"end":7,"url":null,"entities":[{"id":"Q21","type":"wikidata"}]}]],[[{"version":2,"start":0,"end":11,"url":null,"entities":[{"id":"Q107017954","type":"wikidata"}]}],[{"version":2,"start":0,"end":6,"url":null,"entities":[{"id":"Q16","type":"wikidata"}]}]],[[{"version":2,"start":0,"end":24,"url":null,"entities":[{"id":"Q107020000","type":"wikidata"}]}],[{"version":2,"start":0,"end":7,"url":null,"entities":[{"id":"Q21","type":"wikidata"}]}]]]}