{"version":2,"table":{"version":2,"table_id":"TE7EY07P","columns":[{"index":0,"name":"col0","values":["gallim-64m","gallium-7","gallium74","gallium064","galnium-77"]},{"index":1,"name":"col1","values":["33.099","26.233999999999998","42.699","33.0","45.678"]},{"index":2,"name":"col2","values":["","","-0.991","1.002","-0.993"]}]},"context":{"version":3,"page_title":null,"page_url":null,"entities":[],"literals":[],"content_hierarchy":[]},"links":[[[{"version":2,"start":0,"end":10,"url":null,"entities":[{"id":"Q18880249","type":"wikidata"}]}],[],[]],[[{"version":2,"start":0,"end":9,"url":null,"entities":[{"id":"Q18844950","type":"wikidata"}]}],[],[]],[[{"version":2,"start":0,"end":9,"url":null,"entities":[{"id":"Q18844963","type":"wikidata"}]}],[],[]],[[{"version":2,"start":0,"end":10,"url":null,"entities":[{"id":"Q18844957","type":"wikidata"}]}],[],[]],[[{"version":2,"start":0,"end":10,"url":null,"entities":[{"id":"Q18844966","type":"wikidata"}]}],[],[]]]}