{"version":2,"table":{"version":2,"table_id":"TF6XVJ1V","columns":[{"index":0,"name":"col0","values":["Institute for Public Affairs","Institute of Policy Studies","Global Trade Watch","Jigsaw","EastWest Institute","Demos","Chatham House","FAES","CAEI","Center for Strategic Research"]},{"index":1,"name":"col1","values":["Bratislava","Islamabad","Washington, D.C.","New York City","New York City","New York City","Chatham House","María de Molina","Buenos Aires","Moscow"]}]},"context":{"version":3,"page_title":null,"page_url":null,"entities":[],"literals":[],"content_hierarchy":[]},"links":[[[{"version":2,"start":0,"end":28,"url":null,"entities":[{"id":"Q6039571","type":"wikidata"}]}],[{"version":2,"start":0,"end":10,"url":null,"entities":[{"id":"Q1780","type":"wikidata"}]}]],[[{"version":2,"start":0,"end":27,"url":null,"entities":[{"id":"Q6040755","type":"wikidata"}]}],[{"version":2,"start":0,"end":9,"url":null,"entities":[{"id":"Q1362","type":"wikidata"}]}]],[[{"version":2,"start":0,"end":18,"url":null,"entities":[{"id":"Q5570693","type":"wikidata"}]}],[{"version":2,"start":0,"end":16,"url":null,"entities":[{"id":"Q61","type":"wikidata"}]}]],[[{"version":2,"start":0,"end":6,"url":null,"entities":[{"id":"Q5583845","type":"wikidata"}]}],[{"version":2,"start":0,"end":13,"url":null,"entities":[{"id":"Q60","type":"wikidata"}]}]],[[{"version":2,"start":0,"end":18,"url":null,"entities":[{"id":"Q5327596","type":"wikidata"}]}],[{"version":2,"start":0,"end":13,"url":null,"entities":[{"id":"Q60","type":"wikidata"}]}]],[[{"version":2,"start":0,"end":5,"url":null,"entities":[{"id":"Q5256354","type":"wikidata"}]}],[{"version":2,"start":0,"end":13,"url":null,"entities":[{"id":"Q60","type":"wikidata"}]}]],[[{"version":2,"start":0,"end":13,"url":null,"entities":[{"id":"Q263016","type":"wikidata"}]}],[{"version":2,"start":0,"end":13,"url":null,"entities":[{"id":"Q67152064","type":"wikidata"}]}]],[[{"version":2,"start":0,"end":4,"url":null,"entities":[{"id":"Q3822507","type":"wikidata"}]}],[{"version":2,"start":0,"end":15,"url":null,"entities":[{"id":"Q28058270","type":"wikidata"}]}]],[[{"version":2,"start":0,"end":4,"url":null,"entities":[{"id":"Q5008580","type":"wikidata"}]}],[{"version":2,"start":0,"end":12,"url":null,"entities":[{"id":"Q1486","type":"wikidata"}]}]],[[{"version":2,"start":0,"end":29,"url":null,"entities":[{"id":"Q4504053","type":"wikidata"}]}],[{"version":2,"start":0,"end":6,"url":null,"entities":[{"id":"Q649","type":"wikidata"}]}]]]}