{"version":2,"table":{"version":2,"table_id":"THAD1GWE","columns":[{"index":0,"name":"col0","values":["Havana Province","Gipuzkoa","Gulf of Guinea Province","Cáceres Province","Ourense Province","Province of Cartagena","Province of Ávila"]},{"index":1,"name":"col1","values":["","1980","","19868","7273.2","","8048"]}]},"context":{"version":3,"page_title":null,"page_url":null,"entities":[],"literals":[],"content_hierarchy":[]},"links":[[[{"version":2,"start":0,"end":15,"url":null,"entities":[{"id":"Q274126","type":"wikidata"}]}],[]],[[{"version":2,"start":0,"end":8,"url":null,"entities":[{"id":"Q95010","type":"wikidata"}]}],[]],[[{"version":2,"start":0,"end":23,"url":null,"entities":[{"id":"Q16622625","type":"wikidata"}]}],[]],[[{"version":2,"start":0,"end":16,"url":null,"entities":[{"id":"Q81977","type":"wikidata"}]}],[]],[[{"version":2,"start":0,"end":16,"url":null,"entities":[{"id":"Q95038","type":"wikidata"}]}],[]],[[{"version":2,"start":0,"end":21,"url":null,"entities":[{"id":"Q6088771","type":"wikidata"}]}],[]],[[{"version":2,"start":0,"end":17,"url":null,"entities":[{"id":"Q55288","type":"wikidata"}]}],[]]]}