{"version":2,"table":{"version":2,"table_id":"TT7CP0HJ","columns":[{"index":0,"name":"col0","values":["Leksand","Fegen","Hedemora","Trosa","Hallsberg","Staffanstorp"]},{"index":1,"name":"col1","values":["Leksand Municipality","Falkenberg Municipality","Hedemora Municipality","Trosa Municipality","Kumla Municipality","Staffanstorp Municipality"]},{"index":2,"name":"col2","values":["UTC+01:00","UTC+01:00","UTC+01:00","UTC+01:00","UTC+01:00","UTC+01:00"]}]},"context":{"version":3,"page_title":null,"page_url":null,"entities":[],"literals":[],"content_hierarchy":[]},"links":[[[{"version":2,"start":0,"end":7,"url":null,"entities":[{"id":"Q1003260","type":"wikidata"}]}],[{"version":2,"start":0,"end":20,"url":null,"entities":[{"id":"Q509651","type":"wikidata"}]}],[{"version":2,"start":0,"end":9,"url":null,"entities":[{"id":"Q6655","type":"wikidata"}]}]],[[{"version":2,"start":0,"end":5,"url":null,"entities":[{"id":"Q988504","type":"wikidata"}]}],[{"version":2,"start":0,"end":23,"url":null,"entities":[{"id":"Q508168","type":"wikidata"}]}],[{"version":2,"start":0,"end":9,"url":null,"entities":[{"id":"Q6655","type":"wikidata"}]}]],[[{"version":2,"start":0,"end":8,"url":null,"entities":[{"id":"Q1001183","type":"wikidata"}]}],[{"version":2,"start":0,"end":21,"url":null,"entities":[{"id":"Q507684","type":"wikidata"}]}],[{"version":2,"start":0,"end":9,"url":null,"entities":[{"id":"Q6655","type":"wikidata"}]}]],[[{"version":2,"start":0,"end":5,"url":null,"entities":[{"id":"Q994927","type":"wikidata"}]}],[{"version":2,"start":0,"end":18,"url":null,"entities":[{"id":"Q505064","type":"wikidata"}]}],[{"version":2,"start":0,"end":9,"url":null,"entities":[{"id":"Q6655","type":"wikidata"}]}]],[[{"version":2,"start":0,"end":9,"url":null,"entities":[{"id":"Q1001505","type":"wikidata"}]}],[{"version":2,"start":0,"end":18,"url":null,"entities":[{"id":"Q504988","type":"wikidata"}]}],[{"version":2,"start":0,"end":9,"url":null,"entities":[{"id":"Q6655","type":"wikidata"}]}]],[[{"version":2,"start":0,"end":12,"url":null,"entities":[{"id":"Q1003201","type":"wikidata"}]}],[{"version":2,"start":0,"end":25,"url":null,"entities":[{"id":"Q504609","type":"wikidata"}]}],[{"version":2,"start":0,"end":9,"url":null,"entities":[{"id":"Q6655","type":"wikidata"}]}]]]}