{"version":2,"table":{"version":2,"table_id":"TT7X9EN2","columns":[{"index":0,"name":"col0","values":["Zapopan","Hegang","Jiangyin","Sanaa","Nouakchott"]},{"index":1,"name":"col1","values":["1476491","1058665","1285785","2957000","1077169"]}]},"context":{"version":3,"page_title":null,"page_url":null,"entities":[],"literals":[],"content_hierarchy":[]},"links":[[[{"version":2,"start":0,"end":7,"url":null,"entities":[{"id":"Q147402","type":"wikidata"}]}],[]],[[{"version":2,"start":0,"end":6,"url":null,"entities":[{"id":"Q349982","type":"wikidata"}]}],[]],[[{"version":2,"start":0,"end":8,"url":null,"entities":[{"id":"Q1015823","type":"wikidata"}]}],[]],[[{"version":2,"start":0,"end":5,"url":null,"entities":[{"id":"Q2471","type":"wikidata"}]}],[]],[[{"version":2,"start":0,"end":10,"url":null,"entities":[{"id":"Q3688","type":"wikidata"}]}],[]]]}