{"version":2,"table":{"version":2,"table_id":"TUMYHLVD","columns":[{"index":0,"name":"col0","values":["Leith, Dock Place, Winches And Capstans, Swing Bridge And Lock Gates Includinj Turning Platforms","Victqria Swing Bridge"]},{"index":1,"name":"col1","values":["category A listed building","category A listed building"]}]},"context":{"version":3,"page_title":null,"page_url":null,"entities":[],"literals":[],"content_hierarchy":[]},"links":[[[{"version":2,"start":0,"end":96,"url":null,"entities":[{"id":"Q56448343","type":"wikidata"}]}],[{"version":2,"start":0,"end":26,"url":null,"entities":[{"id":"Q10729054","type":"wikidata"}]}]],[[{"version":2,"start":0,"end":21,"url":null,"entities":[{"id":"Q17811825","type":"wikidata"}]}],[{"version":2,"start":0,"end":26,"url":null,"entities":[{"id":"Q10729054","type":"wikidata"}]}]]]}