{"version":2,"table":{"version":2,"table_id":"TXYAKZLI","columns":[{"index":0,"name":"col0","values":["Pont de la Malvasia","Ponte del Malpagc.","Ponte de la Madqneta."]},{"index":1,"name":"col1","values":["2.8195999999999994","2.28771","2.27855"]},{"index":2,"name":"col2","values":["2.8796999999999997","2.8","6.549589999999999"]}]},"context":{"version":3,"page_title":null,"page_url":null,"entities":[],"literals":[],"content_hierarchy":[]},"links":[[[{"version":2,"start":0,"end":19,"url":null,"entities":[{"id":"Q57204743","type":"wikidata"}]}],[],[]],[[{"version":2,"start":0,"end":18,"url":null,"entities":[{"id":"Q57195233","type":"wikidata"}]}],[],[]],[[{"version":2,"start":0,"end":21,"url":null,"entities":[{"id":"Q57195116","type":"wikidata"}]}],[],[]]]}