{"version":2,"table":{"version":2,"table_id":"U0ACPXDX","columns":[{"index":0,"name":"col0","values":["Alligator Alley","N4","Federal Highway","N3","N7","Provincial Highway 13"]},{"index":1,"name":"col1","values":["","","1931-02-25","","",""]},{"index":2,"name":"col2","values":["Interstate 75 in Florida","AH41","","AH41","AH41","Provincial Highway 13"]}]},"context":{"version":3,"page_title":null,"page_url":null,"entities":[],"literals":[],"content_hierarchy":[]},"links":[[[{"version":2,"start":0,"end":15,"url":null,"entities":[{"id":"Q2428705","type":"wikidata"}]}],[],[{"version":2,"start":0,"end":24,"url":null,"entities":[{"id":"Q2432532","type":"wikidata"}]}]],[[{"version":2,"start":0,"end":2,"url":null,"entities":[{"id":"Q6951973","type":"wikidata"}]}],[],[{"version":2,"start":0,"end":4,"url":null,"entities":[{"id":"Q12973947","type":"wikidata"}]}]],[[{"version":2,"start":0,"end":15,"url":null,"entities":[{"id":"Q977654","type":"wikidata"}]}],[],[]],[[{"version":2,"start":0,"end":2,"url":null,"entities":[{"id":"Q6951959","type":"wikidata"}]}],[],[{"version":2,"start":0,"end":4,"url":null,"entities":[{"id":"Q12973947","type":"wikidata"}]}]],[[{"version":2,"start":0,"end":2,"url":null,"entities":[{"id":"Q6952021","type":"wikidata"}]}],[],[{"version":2,"start":0,"end":4,"url":null,"entities":[{"id":"Q12973947","type":"wikidata"}]}]],[[{"version":2,"start":0,"end":21,"url":null,"entities":[{"id":"Q107285221","type":"wikidata"}]}],[],[{"version":2,"start":0,"end":21,"url":null,"entities":[{"id":"Q6846645","type":"wikidata"}]}]]]}