{"version":2,"table":{"version":2,"table_id":"U60QOJWC","columns":[{"index":0,"name":"col0","values":["Planta de Terreno no Ipiranga (Moknho Velho)","Planta de Tetreno no Ipiranga (Moinho Velho)"]},{"index":1,"name":"col1","values":["86.58649999999999","86.673"]}]},"context":{"version":3,"page_title":null,"page_url":null,"entities":[],"literals":[],"content_hierarchy":[]},"links":[[[{"version":2,"start":0,"end":44,"url":null,"entities":[{"id":"Q55211022","type":"wikidata"}]}],[]],[[{"version":2,"start":0,"end":44,"url":null,"entities":[{"id":"Q55211021","type":"wikidata"}]}],[]]]}