{"version":2,"table":{"version":2,"table_id":"U7H37UWC","columns":[{"index":0,"name":"col0","values":["Cero Colorado","Cerro Coorado","Loma del Camen","Cfrro Caserones","El Gajo delo Chivos"]},{"index":1,"name":"col1","values":["1838.324","1554.323","1418.004","3271.935","824.1899999999999"]}]},"context":{"version":3,"page_title":null,"page_url":null,"entities":[],"literals":[],"content_hierarchy":[]},"links":[[[{"version":2,"start":0,"end":13,"url":null,"entities":[{"id":"Q31618179","type":"wikidata"}]}],[]],[[{"version":2,"start":0,"end":13,"url":null,"entities":[{"id":"Q31712442","type":"wikidata"}]}],[]],[[{"version":2,"start":0,"end":14,"url":null,"entities":[{"id":"Q23651213","type":"wikidata"}]}],[]],[[{"version":2,"start":0,"end":15,"url":null,"entities":[{"id":"Q31481044","type":"wikidata"}]}],[]],[[{"version":2,"start":0,"end":19,"url":null,"entities":[{"id":"Q23776549","type":"wikidata"}]}],[]]]}