{"version":2,"table":{"version":2,"table_id":"U7ZOU3LH","columns":[{"index":0,"name":"col0","values":["Brigitte Hamann","Luis Miguel","Ernst Schwarz","Stefan Dimitrov","Mihail Popov","Friedrich Meinecke"]},{"index":1,"name":"col1","values":["","tenor","","bass","bass",""]}]},"context":{"version":3,"page_title":null,"page_url":null,"entities":[],"literals":[],"content_hierarchy":[]},"links":[[[{"version":2,"start":0,"end":15,"url":null,"entities":[{"id":"Q65619","type":"wikidata"}]}],[]],[[{"version":2,"start":0,"end":11,"url":null,"entities":[{"id":"Q1069140","type":"wikidata"}]}],[{"version":2,"start":0,"end":5,"url":null,"entities":[{"id":"Q27914","type":"wikidata"}]}]],[[{"version":2,"start":0,"end":13,"url":null,"entities":[{"id":"Q68343","type":"wikidata"}]}],[]],[[{"version":2,"start":0,"end":15,"url":null,"entities":[{"id":"Q16016110","type":"wikidata"}]}],[{"version":2,"start":0,"end":4,"url":null,"entities":[{"id":"Q27911","type":"wikidata"}]}]],[[{"version":2,"start":0,"end":12,"url":null,"entities":[{"id":"Q12287128","type":"wikidata"}]}],[{"version":2,"start":0,"end":4,"url":null,"entities":[{"id":"Q27911","type":"wikidata"}]}]],[[{"version":2,"start":0,"end":18,"url":null,"entities":[{"id":"Q66147","type":"wikidata"}]}],[]]]}