{"version":2,"table":{"version":2,"table_id":"UCI84MFW","columns":[{"index":0,"name":"col0","values":["Diocesan Museum of Sacred Art of San Leo","Rundāles pils muzejs"]},{"index":1,"name":"col1","values":["250","845900"]},{"index":2,"name":"col2","values":["60","67477"]},{"index":3,"name":"col3","values":["479",""]}]},"context":{"version":3,"page_title":null,"page_url":null,"entities":[],"literals":[],"content_hierarchy":[]},"links":[[[{"version":2,"start":0,"end":40,"url":null,"entities":[{"id":"Q3867880","type":"wikidata"}]}],[],[],[]],[[{"version":2,"start":0,"end":20,"url":null,"entities":[{"id":"Q16351108","type":"wikidata"}]}],[],[],[]]]}