{"version":2,"table":{"version":2,"table_id":"UCUL0QEE","columns":[{"index":0,"name":"col0","values":["Christ before Herod, from the Passion","The Visitation","Saint Michael Fighting the Dragon","The Four Horsemen, from The Apocalypse","Nakahara in Sagami Province"]},{"index":1,"name":"col1","values":["Cycle of Passion - woodcuts by Lucas Cranach","Life of the Virgin","Apocalypse","Apocalypse","Thirty-six Views of Mount Fuji"]},{"index":2,"name":"col2","values":["Christ before Herod","The Visitation","Saint Michael Fighting the Dragon","The Four Horsemen, from The Apocalypse","Nakahara in Sagami Province"]}]},"context":{"version":3,"page_title":null,"page_url":null,"entities":[],"literals":[],"content_hierarchy":[]},"links":[[[{"version":2,"start":0,"end":37,"url":null,"entities":[{"id":"Q59530685","type":"wikidata"}]}],[{"version":2,"start":0,"end":44,"url":null,"entities":[{"id":"Q101244774","type":"wikidata"}]}],[]],[[{"version":2,"start":0,"end":14,"url":null,"entities":[{"id":"Q7936304","type":"wikidata"}]}],[{"version":2,"start":0,"end":18,"url":null,"entities":[{"id":"Q4014884","type":"wikidata"}]}],[]],[[{"version":2,"start":0,"end":33,"url":null,"entities":[{"id":"Q7401917","type":"wikidata"}]}],[{"version":2,"start":0,"end":10,"url":null,"entities":[{"id":"Q618854","type":"wikidata"}]}],[]],[[{"version":2,"start":0,"end":38,"url":null,"entities":[{"id":"Q5980742","type":"wikidata"}]}],[{"version":2,"start":0,"end":10,"url":null,"entities":[{"id":"Q618854","type":"wikidata"}]}],[]],[[{"version":2,"start":0,"end":27,"url":null,"entities":[{"id":"Q18173430","type":"wikidata"}]}],[{"version":2,"start":0,"end":30,"url":null,"entities":[{"id":"Q227494","type":"wikidata"}]}],[]]]}