{"version":2,"table":{"version":2,"table_id":"UGZMYCUR","columns":[{"index":0,"name":"col0","values":["Glenagort","Cerro El Toro","Cerro de la Piedra","Rt","Cerro Quillapampa","Heiligenkopf","Cerro Buena Vista"]},{"index":1,"name":"col1","values":["","2268","459","640","4563","294","1516"]}]},"context":{"version":3,"page_title":null,"page_url":null,"entities":[],"literals":[],"content_hierarchy":[]},"links":[[[{"version":2,"start":0,"end":9,"url":null,"entities":[{"id":"Q26718459","type":"wikidata"}]}],[]],[[{"version":2,"start":0,"end":13,"url":null,"entities":[{"id":"Q31481504","type":"wikidata"}]}],[]],[[{"version":2,"start":0,"end":18,"url":null,"entities":[{"id":"Q23763879","type":"wikidata"}]}],[]],[[{"version":2,"start":0,"end":2,"url":null,"entities":[{"id":"Q31515508","type":"wikidata"}]}],[]],[[{"version":2,"start":0,"end":17,"url":null,"entities":[{"id":"Q31710913","type":"wikidata"}]}],[]],[[{"version":2,"start":0,"end":12,"url":null,"entities":[{"id":"Q31541729","type":"wikidata"}]}],[]],[[{"version":2,"start":0,"end":17,"url":null,"entities":[{"id":"Q31623536","type":"wikidata"}]}],[]]]}