{"version":2,"table":{"version":2,"table_id":"UPDCO09M","columns":[{"index":0,"name":"col0","values":["AVO-A Response of an Anisotropic Half-Space for P-P, P-SV and P-SH Data","Roman Art and the Culture of South-East Wales","That Which Hermeneutics Cannot Grasp","The Dig Manchester Project, 2005-2009: Redefining Community Archaeology?","‘In the Name of the Victims’:","The Courage to See and to Sin: Mary Daly's Elemental Transformation of Paul Tillich's Ontology: Feminist Interpretations of Mary Daly"]},{"index":1,"name":"col1","values":["","","27","12","","21"]}]},"context":{"version":3,"page_title":null,"page_url":null,"entities":[],"literals":[],"content_hierarchy":[]},"links":[[[{"version":2,"start":0,"end":71,"url":null,"entities":[{"id":"Q110855838","type":"wikidata"}]}],[]],[[{"version":2,"start":0,"end":45,"url":null,"entities":[{"id":"Q113577795","type":"wikidata"}]}],[]],[[{"version":2,"start":0,"end":36,"url":null,"entities":[{"id":"Q100708737","type":"wikidata"}]}],[]],[[{"version":2,"start":0,"end":72,"url":null,"entities":[{"id":"Q114708353","type":"wikidata"}]}],[]],[[{"version":2,"start":0,"end":29,"url":null,"entities":[{"id":"Q105637228","type":"wikidata"}]}],[]],[[{"version":2,"start":0,"end":133,"url":null,"entities":[{"id":"Q108802816","type":"wikidata"}]}],[]]]}