{"version":2,"table":{"version":2,"table_id":"UQ9WVL83","columns":[{"index":0,"name":"col0","values":["Church of Saint Nicholas at Tverskaya Zastava","Church of the Exaltation of the Holy Cross in Preobrazhenskoye Cemetery","Protection Cathedral","Protection Cathedral","Old Believers church in Tiraspol"]},{"index":1,"name":"col1","values":["Eastern Orthodoxy","Old Believers","Russian Old-Orthodox Church","","Russian Orthodox Old-Rite Church"]}]},"context":{"version":3,"page_title":null,"page_url":null,"entities":[],"literals":[],"content_hierarchy":[]},"links":[[[{"version":2,"start":0,"end":45,"url":null,"entities":[{"id":"Q2498191","type":"wikidata"}]}],[{"version":2,"start":0,"end":17,"url":null,"entities":[{"id":"Q3333484","type":"wikidata"}]}]],[[{"version":2,"start":0,"end":71,"url":null,"entities":[{"id":"Q4504641","type":"wikidata"}]}],[{"version":2,"start":0,"end":13,"url":null,"entities":[{"id":"Q223710","type":"wikidata"}]}]],[[{"version":2,"start":0,"end":20,"url":null,"entities":[{"id":"Q4369374","type":"wikidata"}]}],[{"version":2,"start":0,"end":27,"url":null,"entities":[{"id":"Q633246","type":"wikidata"}]}]],[[{"version":2,"start":0,"end":20,"url":null,"entities":[{"id":"Q4369375","type":"wikidata"}]}],[]],[[{"version":2,"start":0,"end":32,"url":null,"entities":[{"id":"Q47538765","type":"wikidata"}]}],[{"version":2,"start":0,"end":32,"url":null,"entities":[{"id":"Q1636683","type":"wikidata"}]}]]]}