{"version":2,"table":{"version":2,"table_id":"UUH6XH1C","columns":[{"index":0,"name":"col0","values":["Zambezia","Cinderella","All Dogs Go to Heaven","Chicken Little","How to Train Your Dragon 2","Toy Story 2","Kiki's Delivery Service"]},{"index":1,"name":"col1","values":["80","74","85","81","105","92","103"]},{"index":2,"name":"col2","values":["","96383330","27100027","314400000","621537519","497400000","4300000000"]},{"index":3,"name":"col3","values":["20000000","2200000","14000000","150000000","145000000","90000000","6900000"]}]},"context":{"version":3,"page_title":null,"page_url":null,"entities":[],"literals":[],"content_hierarchy":[]},"links":[[[{"version":2,"start":0,"end":8,"url":null,"entities":[{"id":"Q564661","type":"wikidata"}]}],[],[],[]],[[{"version":2,"start":0,"end":10,"url":null,"entities":[{"id":"Q191753","type":"wikidata"}]}],[],[],[]],[[{"version":2,"start":0,"end":21,"url":null,"entities":[{"id":"Q1067080","type":"wikidata"}]}],[],[],[]],[[{"version":2,"start":0,"end":14,"url":null,"entities":[{"id":"Q270940","type":"wikidata"}]}],[],[],[]],[[{"version":2,"start":0,"end":26,"url":null,"entities":[{"id":"Q10298666","type":"wikidata"}]}],[],[],[]],[[{"version":2,"start":0,"end":11,"url":null,"entities":[{"id":"Q187266","type":"wikidata"}]}],[],[],[]],[[{"version":2,"start":0,"end":23,"url":null,"entities":[{"id":"Q196602","type":"wikidata"}]}],[],[],[]]]}