{"version":2,"table":{"version":2,"table_id":"UWLXY0CS","columns":[{"index":0,"name":"col0","values":["Richard I of England.","Napoleon"]},{"index":1,"name":"col1","values":["House of Plantagenet","House of Bonaparte"]},{"index":2,"name":"col2","values":["Kingdom of Heaven","Civilization V"]}]},"context":{"version":3,"page_title":null,"page_url":null,"entities":[],"literals":[],"content_hierarchy":[]},"links":[[[{"version":2,"start":0,"end":21,"url":null,"entities":[{"id":"Q42305","type":"wikidata"}]}],[{"version":2,"start":0,"end":20,"url":null,"entities":[{"id":"Q106151","type":"wikidata"}]}],[{"version":2,"start":0,"end":17,"url":null,"entities":[{"id":"Q207698","type":"wikidata"}]}]],[[{"version":2,"start":0,"end":8,"url":null,"entities":[{"id":"Q517","type":"wikidata"}]}],[{"version":2,"start":0,"end":18,"url":null,"entities":[{"id":"Q112581","type":"wikidata"}]}],[{"version":2,"start":0,"end":14,"url":null,"entities":[{"id":"Q2385","type":"wikidata"}]}]]]}