[{"version":1,"nodes":[{"col_index":0,"label":"col0","id":0},{"col_index":1,"label":"col1","id":1},{"col_index":2,"label":"col2","id":2},{"abs_uri":"http://www.wikidata.org/entity/Q477795","rel_uri":"wd:Q477795","approximation":false,"readable_label":"isotope of vanadium (Q477795)","id":3}],"edges":[{"source":3,"target":0,"abs_uri":"http://www.w3.org/2000/01/rdf-schema#label","rel_uri":"rdfs:label","approximation":false,"readable_label":"rdfs:label","id":0},{"source":3,"target":1,"abs_uri":"http://www.wikidata.org/prop/P1148","rel_uri":"p:P1148","approximation":false,"readable_label":"neutron number (P1148)","id":1},{"source":3,"target":2,"abs_uri":"http://www.wikidata.org/prop/P1123","rel_uri":"p:P1123","approximation":false,"readable_label":"parity quantum number (P1123)","id":2}]}]