[{"version":1,"nodes":[{"col_index":0,"label":"col0","id":0},{"col_index":1,"label":"col1","id":1},{"col_index":2,"label":"col2","id":2},{"col_index":3,"label":"col3","id":3},{"col_index":4,"label":"col4","id":4},{"abs_uri":"http://www.wikidata.org/entity/Q22075301","rel_uri":"wd:Q22075301","approximation":false,"readable_label":"textile artwork (Q22075301)","id":5}],"edges":[{"source":5,"target":0,"abs_uri":"http://www.w3.org/2000/01/rdf-schema#label","rel_uri":"rdfs:label","approximation":false,"readable_label":"rdfs:label","id":0},{"source":5,"target":1,"abs_uri":"http://www.wikidata.org/prop/P186","rel_uri":"p:P186","approximation":false,"readable_label":"made from material (P186)","id":1},{"source":5,"target":3,"abs_uri":"http://www.wikidata.org/prop/P180","rel_uri":"p:P180","approximation":false,"readable_label":"depicts (P180)","id":2},{"source":5,"target":4,"abs_uri":"http://www.wikidata.org/prop/P2079","rel_uri":"p:P2079","approximation":false,"readable_label":"fabrication method (P2079)","id":3},{"source":5,"target":2,"abs_uri":"http://www.wikidata.org/prop/P571","rel_uri":"p:P571","approximation":false,"readable_label":"inception (P571)","id":4}]}]