[{"version":1,"nodes":[{"col_index":0,"label":"col0","id":0},{"col_index":1,"label":"col1","id":1},{"col_index":2,"label":"col2","id":2},{"col_index":3,"label":"col3","id":3},{"abs_uri":"http://www.wikidata.org/entity/Q473932","rel_uri":"wd:Q473932","approximation":false,"readable_label":"roll-on/roll-off ship (Q473932)","id":4}],"edges":[{"source":4,"target":0,"abs_uri":"http://www.w3.org/2000/01/rdf-schema#label","rel_uri":"rdfs:label","approximation":false,"readable_label":"rdfs:label","id":0},{"source":4,"target":1,"abs_uri":"http://www.wikidata.org/prop/P2262","rel_uri":"p:P2262","approximation":false,"readable_label":"draft (P2262)","id":1},{"source":4,"target":2,"abs_uri":"http://www.wikidata.org/prop/P4519","rel_uri":"p:P4519","approximation":false,"readable_label":"payload mass (P4519)","id":2},{"source":4,"target":3,"abs_uri":"http://www.wikidata.org/prop/P1093","rel_uri":"p:P1093","approximation":false,"readable_label":"gross tonnage (P1093)","id":3}]}]