[{"version":1,"nodes":[{"col_index":0,"label":"col0","id":0},{"col_index":1,"label":"col1","id":1},{"col_index":2,"label":"col2","id":2},{"col_index":3,"label":"col3","id":3},{"abs_uri":"http://www.wikidata.org/entity/Q5","rel_uri":"wd:Q5","approximation":false,"readable_label":"human (Q5)","id":4}],"edges":[{"source":4,"target":0,"abs_uri":"http://www.w3.org/2000/01/rdf-schema#label","rel_uri":"rdfs:label","approximation":false,"readable_label":"rdfs:label","id":0},{"source":4,"target":1,"abs_uri":"http://www.wikidata.org/prop/P607","rel_uri":"p:P607","approximation":false,"readable_label":"conflict (P607)","id":1},{"source":4,"target":3,"abs_uri":"http://www.wikidata.org/prop/P172","rel_uri":"p:P172","approximation":false,"readable_label":"ethnic group (P172)","id":2},{"source":4,"target":2,"abs_uri":"http://www.wikidata.org/prop/P1559","rel_uri":"p:P1559","approximation":false,"readable_label":"name in native language (P1559)","id":3}]}]