{"version":"1.2","table":{"version":"2","table_id":"S4THUVHQ","columns":[{"index":0,"name":"col0","values":["Microsoft Lumia 532","Samsung Galaxy Core2","Samsung Galaxy Note Edge","Nokia Lumia 830","Sony Ericsson C901","Samsung Galaxy Beam i8530","BlackBerry Z30","YotaPhone 2","Samsung Galaxy Note 3","LG G2","Huawei Honor 20","Nokia C5-00","BlackBerry Z10","Nokia 5320 XpressMusic","Nokia N76","Nokia Lumia 520","Samsung Galaxy Note","Samsung Galaxy S III Mini","LG Optimus Black","N-Gage"]},{"index":1,"name":"col1","values":["545000","783488","2650000","1254645","120","850000","140","1860000","1990000","2139000","400","320000","749000","260000","739325","940000","1119629","1700000","1300000","299"]},{"index":2,"name":"col2","values":["136.3","139","176","150","107","148","170","145","168","140","174","89.3","135.4","90","115","129","178","120","109","137"]}]},"context":{"page_title":null,"page_url":null,"page_entity_id":null,"content_hierarchy":[]},"links":[[[{"start":0,"end":19,"url":null,"entity_id":"Q18923001","candidates":[]}],[],[]],[[{"start":0,"end":20,"url":null,"entity_id":"Q18399273","candidates":[]}],[],[]],[[{"start":0,"end":24,"url":null,"entity_id":"Q17914033","candidates":[]}],[],[]],[[{"start":0,"end":15,"url":null,"entity_id":"Q17905075","candidates":[]}],[],[]],[[{"start":0,"end":18,"url":null,"entity_id":"Q6409089","candidates":[]}],[],[]],[[{"start":0,"end":25,"url":null,"entity_id":"Q5419345","candidates":[]}],[],[]],[[{"start":0,"end":14,"url":null,"entity_id":"Q16842889","candidates":[]}],[],[]],[[{"start":0,"end":11,"url":null,"entity_id":"Q16532035","candidates":[]}],[],[]],[[{"start":0,"end":21,"url":null,"entity_id":"Q14822047","candidates":[]}],[],[]],[[{"start":0,"end":5,"url":null,"entity_id":"Q14516389","candidates":[]}],[],[]],[[{"start":0,"end":15,"url":null,"entity_id":"Q65042989","candidates":[]}],[],[]],[[{"start":0,"end":11,"url":null,"entity_id":"Q2357052","candidates":[]}],[],[]],[[{"start":0,"end":14,"url":null,"entity_id":"Q3922240","candidates":[]}],[],[]],[[{"start":0,"end":22,"url":null,"entity_id":"Q1998585","candidates":[]}],[],[]],[[{"start":0,"end":9,"url":null,"entity_id":"Q1750122","candidates":[]}],[],[]],[[{"start":0,"end":15,"url":null,"entity_id":"Q7047993","candidates":[]}],[],[]],[[{"start":0,"end":19,"url":null,"entity_id":"Q494698","candidates":[]}],[],[]],[[{"start":0,"end":25,"url":null,"entity_id":"Q490473","candidates":[]}],[],[]],[[{"start":0,"end":16,"url":null,"entity_id":"Q483484","candidates":[]}],[],[]],[[{"start":0,"end":6,"url":null,"entity_id":"Q336434","candidates":[]}],[],[]]]}