{"version":"1.2","table":{"version":"2","table_id":"S66494OW","columns":[{"index":0,"name":"col0","values":["The Fairies","Dancing Flowers","Pirate Crew","Forest animals","Birds","Card Painters","Caucus Racers","Flamingoes","The Oysters","The Stray Dogs","The Vultures","Forest animals","Circus animals","The Roustabouts","The Goldfish","Prince Ali Animals","Wolf Council","Machine Empire","Amazoness Quartet","Flotsam and Jetsam"]},{"index":1,"name":"col1","values":["animated character","fictional plant","human","fictional bird","animated character","anthropomorphic object","fictional bird","animated character","animated character","fictional dog","animated character","fictional animal character","fictional monkey","fictional human","animated character","fictional animal character","fictional wolf","film character","fictional human","fictional fish"]},{"index":2,"name":"col2","values":["minor character","minor character","minor character","minor character","sidekick","minor character","minor character","minor character","supporting character","antagonist","minor character","sidekick","minor character","minor character","minor character","minor character","minor character","villain","henchperson","henchperson"]},{"index":3,"name":"col3","values":["Nutcracker Suite","Nutcracker Suite","Peter Pan","Sleeping Beauty","Cinderella","Alice in Wonderland","Alice in Wonderland","Alice in Wonderland","Alice in Wonderland","Lady and the Tramp","Snow White and the Seven Dwarfs","Snow White and the Seven Dwarfs","Dumbo","Dumbo","Nutcracker Suite","Aladdin","The Jungle Book","Power Rangers Zeo","Sailor Moon","The Little Mermaid"]}]},"context":{"page_title":null,"page_url":null,"page_entity_id":null,"content_hierarchy":[]},"links":[[[{"start":0,"end":11,"url":null,"entity_id":"Q29052397","candidates":[]}],[{"start":0,"end":18,"url":null,"entity_id":"Q15711870","candidates":[]}],[{"start":0,"end":15,"url":null,"entity_id":"Q27623618","candidates":[]}],[{"start":0,"end":16,"url":null,"entity_id":"Q2941221","candidates":[]}]],[[{"start":0,"end":15,"url":null,"entity_id":"Q29264476","candidates":[]}],[{"start":0,"end":15,"url":null,"entity_id":"Q3244549","candidates":[]}],[{"start":0,"end":15,"url":null,"entity_id":"Q27623618","candidates":[]}],[{"start":0,"end":16,"url":null,"entity_id":"Q2941221","candidates":[]}]],[[{"start":0,"end":11,"url":null,"entity_id":"Q30580800","candidates":[]}],[{"start":0,"end":5,"url":null,"entity_id":"Q5","candidates":[]}],[{"start":0,"end":15,"url":null,"entity_id":"Q27623618","candidates":[]}],[{"start":0,"end":9,"url":null,"entity_id":"Q270470","candidates":[]}]],[[{"start":0,"end":14,"url":null,"entity_id":"Q44705989","candidates":[]}],[{"start":0,"end":14,"url":null,"entity_id":"Q15832079","candidates":[]}],[{"start":0,"end":15,"url":null,"entity_id":"Q27623618","candidates":[]}],[{"start":0,"end":15,"url":null,"entity_id":"Q215617","candidates":[]}]],[[{"start":0,"end":5,"url":null,"entity_id":"Q30098141","candidates":[]}],[{"start":0,"end":18,"url":null,"entity_id":"Q15711870","candidates":[]}],[{"start":0,"end":8,"url":null,"entity_id":"Q281525","candidates":[]}],[{"start":0,"end":10,"url":null,"entity_id":"Q191753","candidates":[]}]],[[{"start":0,"end":13,"url":null,"entity_id":"Q30125282","candidates":[]}],[{"start":0,"end":22,"url":null,"entity_id":"Q27598544","candidates":[]}],[{"start":0,"end":15,"url":null,"entity_id":"Q27623618","candidates":[]}],[{"start":0,"end":19,"url":null,"entity_id":"Q189875","candidates":[]}]],[[{"start":0,"end":13,"url":null,"entity_id":"Q30126482","candidates":[]}],[{"start":0,"end":14,"url":null,"entity_id":"Q15832079","candidates":[]}],[{"start":0,"end":15,"url":null,"entity_id":"Q27623618","candidates":[]}],[{"start":0,"end":19,"url":null,"entity_id":"Q189875","candidates":[]}]],[[{"start":0,"end":10,"url":null,"entity_id":"Q30125942","candidates":[]}],[{"start":0,"end":18,"url":null,"entity_id":"Q15711870","candidates":[]}],[{"start":0,"end":15,"url":null,"entity_id":"Q27623618","candidates":[]}],[{"start":0,"end":19,"url":null,"entity_id":"Q189875","candidates":[]}]],[[{"start":0,"end":11,"url":null,"entity_id":"Q30131016","candidates":[]}],[{"start":0,"end":18,"url":null,"entity_id":"Q15711870","candidates":[]}],[{"start":0,"end":20,"url":null,"entity_id":"Q2595584","candidates":[]}],[{"start":0,"end":19,"url":null,"entity_id":"Q189875","candidates":[]}]],[[{"start":0,"end":14,"url":null,"entity_id":"Q33113846","candidates":[]}],[{"start":0,"end":13,"url":null,"entity_id":"Q15720625","candidates":[]}],[{"start":0,"end":10,"url":null,"entity_id":"Q245204","candidates":[]}],[{"start":0,"end":18,"url":null,"entity_id":"Q172284","candidates":[]}]],[[{"start":0,"end":12,"url":null,"entity_id":"Q29083021","candidates":[]}],[{"start":0,"end":18,"url":null,"entity_id":"Q15711870","candidates":[]}],[{"start":0,"end":15,"url":null,"entity_id":"Q27623618","candidates":[]}],[{"start":0,"end":31,"url":null,"entity_id":"Q134430","candidates":[]}]],[[{"start":0,"end":14,"url":null,"entity_id":"Q29061014","candidates":[]}],[{"start":0,"end":26,"url":null,"entity_id":"Q3542731","candidates":[]}],[{"start":0,"end":8,"url":null,"entity_id":"Q281525","candidates":[]}],[{"start":0,"end":31,"url":null,"entity_id":"Q134430","candidates":[]}]],[[{"start":0,"end":14,"url":null,"entity_id":"Q29645368","candidates":[]}],[{"start":0,"end":16,"url":null,"entity_id":"Q21009831","candidates":[]}],[{"start":0,"end":15,"url":null,"entity_id":"Q27623618","candidates":[]}],[{"start":0,"end":5,"url":null,"entity_id":"Q40895","candidates":[]}]],[[{"start":0,"end":15,"url":null,"entity_id":"Q29646141","candidates":[]}],[{"start":0,"end":15,"url":null,"entity_id":"Q15632617","candidates":[]}],[{"start":0,"end":15,"url":null,"entity_id":"Q27623618","candidates":[]}],[{"start":0,"end":5,"url":null,"entity_id":"Q40895","candidates":[]}]],[[{"start":0,"end":12,"url":null,"entity_id":"Q29051866","candidates":[]}],[{"start":0,"end":18,"url":null,"entity_id":"Q15711870","candidates":[]}],[{"start":0,"end":15,"url":null,"entity_id":"Q27623618","candidates":[]}],[{"start":0,"end":16,"url":null,"entity_id":"Q2941221","candidates":[]}]],[[{"start":0,"end":18,"url":null,"entity_id":"Q29052043","candidates":[]}],[{"start":0,"end":26,"url":null,"entity_id":"Q3542731","candidates":[]}],[{"start":0,"end":15,"url":null,"entity_id":"Q27623618","candidates":[]}],[{"start":0,"end":7,"url":null,"entity_id":"Q215518","candidates":[]}]],[[{"start":0,"end":12,"url":null,"entity_id":"Q29051808","candidates":[]}],[{"start":0,"end":14,"url":null,"entity_id":"Q8030589","candidates":[]}],[{"start":0,"end":15,"url":null,"entity_id":"Q27623618","candidates":[]}],[{"start":0,"end":15,"url":null,"entity_id":"Q199839","candidates":[]}]],[[{"start":0,"end":14,"url":null,"entity_id":"Q860337","candidates":[]}],[{"start":0,"end":14,"url":null,"entity_id":"Q15773347","candidates":[]}],[{"start":0,"end":7,"url":null,"entity_id":"Q290691","candidates":[]}],[{"start":0,"end":17,"url":null,"entity_id":"Q1998151","candidates":[]}]],[[{"start":0,"end":17,"url":null,"entity_id":"Q688582","candidates":[]}],[{"start":0,"end":15,"url":null,"entity_id":"Q15632617","candidates":[]}],[{"start":0,"end":11,"url":null,"entity_id":"Q247297","candidates":[]}],[{"start":0,"end":11,"url":null,"entity_id":"Q704353","candidates":[]}]],[[{"start":0,"end":18,"url":null,"entity_id":"Q3074355","candidates":[]}],[{"start":0,"end":14,"url":null,"entity_id":"Q20723931","candidates":[]}],[{"start":0,"end":11,"url":null,"entity_id":"Q247297","candidates":[]}],[{"start":0,"end":18,"url":null,"entity_id":"Q190135","candidates":[]}]]]}