{"version":"1.2","table":{"version":"2","table_id":"S7HQULWL","columns":[{"index":0,"name":"col0","values":["1,1-dichlrro-1-nitroethane","o-tesphenyl","m-uerphenyl","p-terpenyl","glycidyl isoprop{l ether","O-dichnorobenzene","alll glycidyl ether","butyl glycidy ether","phenyl lycidyl ether","bis(2,3-epoxypropyl) ethe","chloroacetaldehyd","Stoddar solent","N-butylamlne","hydroqvinone","disulfur\"dichloride","2-phenylpsopene","benzyl chmoride","ckloroprene","sodium cyanife","acetic nhydride","ethylene oxidh","acrylonitrie","n-hgptane","carbon#disulfide","carbon tetradhloride","etiylene chloroiydrin","nitroge dioxide","butanethioo","poassium cyanide","chlrroform","itroglycerin","dioxae","1,2-dichlorpethane","ocane","n-penane","penol","sodium#hydroxide","stytene","btan-1-ol","hydrogenfluoride","hydogen bromjde","benzeoe","carbon oonoxide","4-Chlronitrobenzene","oanisidine","propylene ozide","ethyleoe glycol dinitrate","hpichlorohydrin","ethyl bromide","methylene ciloride"]},{"index":1,"name":"col1","values":["147.25","499.0","500.49999999999994","503.49999999999994","1905.6999999999998","1210.414","232.7995","1341.8274999999999","615.228","52.926899999999996","144.88334999999998","20019.999999999996","898.794","49.75","27.820800000000002","3414.81","51.7482","1089.2579999999998","25.025","198.4","1447.1999999999998","183.89665","3062.7","1565.8849999999998","1245.42","23.145149999999997","37.8632","1833.93","24.825","2442.4399999999996","75.07499999999999","1807.2","201.0825","4651.32","4447.124999999999","972.125","9.92","3011.82","4229.274","24.526200000000003","100.29299999999999","1604.57","1374.48","100.29999999999998","49.75","947.24","75.45","281.799","0.00096861","8012.924"]},{"index":2,"name":"col2","values":["1.4428699999999999","1.1044","1.23492","1.2312299999999998","0.9273600000000001","1.3038999999999998","0.9767899999999998","0.90181","1.10223","1.11552","1.2019","0.77844","0.73408","1.3167","1.6716","0.9191","1.0934000000000001","0.9696","1.5952000000000002","1.08216","0.81672","0.80352","0.6752400000000001","1.24992","1.60113","1.1976","1.4471999999999998","0.8374699999999998","1.5624","1.49036","1.5968","1.0330899999999998","1.23132","0.7013999999999999","0.63315","1.05152","2.1363899999999996","0.91546","0.8083800000000001","1.005","2.2052029999999996","0.8808799999999999","0.0012525","1.50936","1.0989","0.8324899999999998","1.48702","1.1918","1.71962","1.3167"]},{"index":3,"name":"col3","values":["59.94","5.015","5.0249999999999995","5.045","239.28","299.4","4.955","30.029999999999998","5.964","2.7748","2.9699999999999998","1803.6","14.879999999999999","2.008","6.029999999999999","476.64","4.985","3.582","5.04","5.004999999999999","8.955","21.5264","1810.8","94.233","24.875","2.9939999999999998","8.991","1.8072000000000001","5.04","239.76","1.99","3.5928","401.355","1782.0","1783.8","59.94","2.018","846.036","149.7","5.034999999999999","9.93","3.024","229.458","0.0","0.504","0.0","0.99","0.0","0.0","0.0"]}]},"context":{"page_title":null,"page_url":null,"page_entity_id":null,"content_hierarchy":[]},"links":[[[{"start":0,"end":26,"url":null,"entity_id":"Q20965319","candidates":[]}],[],[],[]],[[{"start":0,"end":11,"url":null,"entity_id":"Q20965201","candidates":[]}],[],[],[]],[[{"start":0,"end":11,"url":null,"entity_id":"Q20965190","candidates":[]}],[],[],[]],[[{"start":0,"end":10,"url":null,"entity_id":"Q20965188","candidates":[]}],[],[],[]],[[{"start":0,"end":24,"url":null,"entity_id":"Q2803610","candidates":[]}],[],[],[]],[[{"start":0,"end":17,"url":null,"entity_id":"Q2609815","candidates":[]}],[],[],[]],[[{"start":0,"end":19,"url":null,"entity_id":"Q2467070","candidates":[]}],[],[],[]],[[{"start":0,"end":19,"url":null,"entity_id":"Q2404890","candidates":[]}],[],[],[]],[[{"start":0,"end":20,"url":null,"entity_id":"Q2257129","candidates":[]}],[],[],[]],[[{"start":0,"end":25,"url":null,"entity_id":"Q2108794","candidates":[]}],[],[],[]],[[{"start":0,"end":17,"url":null,"entity_id":"Q1950418","candidates":[]}],[],[],[]],[[{"start":0,"end":14,"url":null,"entity_id":"Q1484569","candidates":[]}],[],[],[]],[[{"start":0,"end":12,"url":null,"entity_id":"Q421035","candidates":[]}],[],[],[]],[[{"start":0,"end":12,"url":null,"entity_id":"Q419164","candidates":[]}],[],[],[]],[[{"start":0,"end":19,"url":null,"entity_id":"Q414657","candidates":[]}],[],[],[]],[[{"start":0,"end":15,"url":null,"entity_id":"Q414195","candidates":[]}],[],[],[]],[[{"start":0,"end":15,"url":null,"entity_id":"Q412260","candidates":[]}],[],[],[]],[[{"start":0,"end":11,"url":null,"entity_id":"Q410871","candidates":[]}],[],[],[]],[[{"start":0,"end":14,"url":null,"entity_id":"Q410185","candidates":[]}],[],[],[]],[[{"start":0,"end":15,"url":null,"entity_id":"Q407775","candidates":[]}],[],[],[]],[[{"start":0,"end":14,"url":null,"entity_id":"Q407473","candidates":[]}],[],[],[]],[[{"start":0,"end":12,"url":null,"entity_id":"Q342968","candidates":[]}],[],[],[]],[[{"start":0,"end":9,"url":null,"entity_id":"Q310957","candidates":[]}],[],[],[]],[[{"start":0,"end":16,"url":null,"entity_id":"Q243354","candidates":[]}],[],[],[]],[[{"start":0,"end":20,"url":null,"entity_id":"Q225045","candidates":[]}],[],[],[]],[[{"start":0,"end":21,"url":null,"entity_id":"Q209354","candidates":[]}],[],[],[]],[[{"start":0,"end":15,"url":null,"entity_id":"Q207895","candidates":[]}],[],[],[]],[[{"start":0,"end":11,"url":null,"entity_id":"Q195823","candidates":[]}],[],[],[]],[[{"start":0,"end":16,"url":null,"entity_id":"Q192470","candidates":[]}],[],[],[]],[[{"start":0,"end":10,"url":null,"entity_id":"Q172275","candidates":[]}],[],[],[]],[[{"start":0,"end":12,"url":null,"entity_id":"Q162867","candidates":[]}],[],[],[]],[[{"start":0,"end":6,"url":null,"entity_id":"Q161532","candidates":[]}],[],[],[]],[[{"start":0,"end":18,"url":null,"entity_id":"Q161480","candidates":[]}],[],[],[]],[[{"start":0,"end":5,"url":null,"entity_id":"Q150681","candidates":[]}],[],[],[]],[[{"start":0,"end":8,"url":null,"entity_id":"Q150429","candidates":[]}],[],[],[]],[[{"start":0,"end":5,"url":null,"entity_id":"Q130336","candidates":[]}],[],[],[]],[[{"start":0,"end":16,"url":null,"entity_id":"Q102769","candidates":[]}],[],[],[]],[[{"start":0,"end":7,"url":null,"entity_id":"Q28917","candidates":[]}],[],[],[]],[[{"start":0,"end":9,"url":null,"entity_id":"Q16391","candidates":[]}],[],[],[]],[[{"start":0,"end":16,"url":null,"entity_id":"Q2468","candidates":[]}],[],[],[]],[[{"start":0,"end":15,"url":null,"entity_id":"Q2447","candidates":[]}],[],[],[]],[[{"start":0,"end":7,"url":null,"entity_id":"Q2270","candidates":[]}],[],[],[]],[[{"start":0,"end":15,"url":null,"entity_id":"Q2025","candidates":[]}],[],[],[]],[[{"start":0,"end":19,"url":null,"entity_id":"Q4637187","candidates":[]}],[],[],[]],[[{"start":0,"end":10,"url":null,"entity_id":"Q3295808","candidates":[]}],[],[],[]],[[{"start":0,"end":15,"url":null,"entity_id":"Q727742","candidates":[]}],[],[],[]],[[{"start":0,"end":25,"url":null,"entity_id":"Q572774","candidates":[]}],[],[],[]],[[{"start":0,"end":15,"url":null,"entity_id":"Q423083","candidates":[]}],[],[],[]],[[{"start":0,"end":13,"url":null,"entity_id":"Q421758","candidates":[]}],[],[],[]],[[{"start":0,"end":18,"url":null,"entity_id":"Q421748","candidates":[]}],[],[],[]]]}