{"version":"1.2","table":{"version":"2","table_id":"S7RHP0VA","columns":[{"index":0,"name":"col0","values":["Aruba","Seychelles","São Tomé and Príncipe","Mauritius","Madagascar","Cape Verde","Comoros","Sri Lanka","Maldives","Dominican Republic","Dominica","Antigua and Barbuda","Grenada","Jamaica","Saint Kitts and Nevis","Saint Lucia","Saint Vincent and the Grenadines","Trinidad and Tobago","Fiji","Vanuatu"]},{"index":1,"name":"col1","values":["1014","1312","4104","19949","1987258","14273","61523","436411","8537","355283","631","2011","1022","58546","2020","4240","1194","27364","16270","12208"]},{"index":2,"name":"col2","values":["907111452","545203276","58950229","5984338261","1600175022","617362329","207879895","7959047614","596977634","6872905749","212292574","313645370","199125887","3781167558","365098328","321767417","182046079","8892396937","1116363704","395101633"]},{"index":3,"name":"col3","values":["178.916378","459","1001","2040","587041","4033","2034","65610","298","48670.82","751.096551","440.29","348.5","10991.90954","269.358763","617.012867","389","5128","18274","12190"]}]},"context":{"page_title":null,"page_url":null,"page_entity_id":null,"content_hierarchy":[]},"links":[[[{"start":0,"end":5,"url":null,"entity_id":"Q21203","candidates":[]}],[],[],[]],[[{"start":0,"end":10,"url":null,"entity_id":"Q1042","candidates":[]}],[],[],[]],[[{"start":0,"end":21,"url":null,"entity_id":"Q1039","candidates":[]}],[],[],[]],[[{"start":0,"end":9,"url":null,"entity_id":"Q1027","candidates":[]}],[],[],[]],[[{"start":0,"end":10,"url":null,"entity_id":"Q1019","candidates":[]}],[],[],[]],[[{"start":0,"end":10,"url":null,"entity_id":"Q1011","candidates":[]}],[],[],[]],[[{"start":0,"end":7,"url":null,"entity_id":"Q970","candidates":[]}],[],[],[]],[[{"start":0,"end":9,"url":null,"entity_id":"Q854","candidates":[]}],[],[],[]],[[{"start":0,"end":8,"url":null,"entity_id":"Q826","candidates":[]}],[],[],[]],[[{"start":0,"end":18,"url":null,"entity_id":"Q786","candidates":[]}],[],[],[]],[[{"start":0,"end":8,"url":null,"entity_id":"Q784","candidates":[]}],[],[],[]],[[{"start":0,"end":19,"url":null,"entity_id":"Q781","candidates":[]}],[],[],[]],[[{"start":0,"end":7,"url":null,"entity_id":"Q769","candidates":[]}],[],[],[]],[[{"start":0,"end":7,"url":null,"entity_id":"Q766","candidates":[]}],[],[],[]],[[{"start":0,"end":21,"url":null,"entity_id":"Q763","candidates":[]}],[],[],[]],[[{"start":0,"end":11,"url":null,"entity_id":"Q760","candidates":[]}],[],[],[]],[[{"start":0,"end":32,"url":null,"entity_id":"Q757","candidates":[]}],[],[],[]],[[{"start":0,"end":19,"url":null,"entity_id":"Q754","candidates":[]}],[],[],[]],[[{"start":0,"end":4,"url":null,"entity_id":"Q712","candidates":[]}],[],[],[]],[[{"start":0,"end":7,"url":null,"entity_id":"Q686","candidates":[]}],[],[],[]]]}