{"version":"1.2","table":{"version":"2","table_id":"S81NFNH2","columns":[{"index":0,"name":"col0","values":["Giurgiu County","Ialomița County","Ilfov County","Hunedoara County","Dolj County","Mureș County","Harghita County","Gorj County","Covasna County","Călărași County","Maramureș County","Dâmbovița County","Galați County","Prahova County","Constanța County","Brăila","Caraș-Severin County","Vâlcea County","Buzău County","Sibiu County"]},{"index":1,"name":"col1","values":["313352","306145","286965","547950","762142","610053","348335","401021","206261","338804","540099","562041","641011","762886","748769","392031","376347","438388","516961","452873"]},{"index":2,"name":"col2","values":["3526","4453","1583","7063","5562","6714","6639","5602","3710","5088","6304","4054","4466","4716","7071","4766","8514","5765","6103","5432"]}]},"context":{"page_title":null,"page_url":null,"page_entity_id":null,"content_hierarchy":[]},"links":[[[{"start":0,"end":14,"url":null,"entity_id":"Q193055","candidates":[]}],[],[]],[[{"start":0,"end":15,"url":null,"entity_id":"Q193044","candidates":[]}],[],[]],[[{"start":0,"end":12,"url":null,"entity_id":"Q191670","candidates":[]}],[],[]],[[{"start":0,"end":16,"url":null,"entity_id":"Q191071","candidates":[]}],[],[]],[[{"start":0,"end":11,"url":null,"entity_id":"Q191065","candidates":[]}],[],[]],[[{"start":0,"end":12,"url":null,"entity_id":"Q190711","candidates":[]}],[],[]],[[{"start":0,"end":15,"url":null,"entity_id":"Q190702","candidates":[]}],[],[]],[[{"start":0,"end":11,"url":null,"entity_id":"Q190406","candidates":[]}],[],[]],[[{"start":0,"end":14,"url":null,"entity_id":"Q188959","candidates":[]}],[],[]],[[{"start":0,"end":15,"url":null,"entity_id":"Q188948","candidates":[]}],[],[]],[[{"start":0,"end":16,"url":null,"entity_id":"Q188813","candidates":[]}],[],[]],[[{"start":0,"end":16,"url":null,"entity_id":"Q188797","candidates":[]}],[],[]],[[{"start":0,"end":13,"url":null,"entity_id":"Q188796","candidates":[]}],[],[]],[[{"start":0,"end":14,"url":null,"entity_id":"Q188665","candidates":[]}],[],[]],[[{"start":0,"end":16,"url":null,"entity_id":"Q188505","candidates":[]}],[],[]],[[{"start":0,"end":6,"url":null,"entity_id":"Q188503","candidates":[]}],[],[]],[[{"start":0,"end":20,"url":null,"entity_id":"Q187925","candidates":[]}],[],[]],[[{"start":0,"end":13,"url":null,"entity_id":"Q186838","candidates":[]}],[],[]],[[{"start":0,"end":12,"url":null,"entity_id":"Q185309","candidates":[]}],[],[]],[[{"start":0,"end":12,"url":null,"entity_id":"Q184797","candidates":[]}],[],[]]]}