{"version":"1.2","table":{"version":"2","table_id":"S84G3OV1","columns":[{"index":0,"name":"col0","values":["2020 Clásica de Almería","1992 Clásica de Almería","1991 Clásica de Almería","1990 Clásica de Almería","1989 Clásica de Almería","1988 Clásica de Almería","Clásica de Almería 2019","2018 Clásica de Almería","2017 Clásica de Almería","2016 Clásica de Almería","2015 Clásica de Almería","2014 Clásica de Almería","2008 Clásica de Almería","2007 Clásica de Almería","2006 Clásica de Almería","2005 Clásica de Almería","2004 Clásica de Almería","2003 Clásica de Almería","2002 Clásica de Almería","1997 Clásica de Almería"]},{"index":1,"name":"col1","values":["Alexander Kristoff","Abraham Olano","Asier Guenetxea Sasiain","Bernardo González","José Bernabé","José González","Marcel Kittel","Danny van Poppel","Rüdiger Selig","Leigh Howard","Mark Cavendish","Davide Viganò","Óscar Freire","Eduard Vorganov","Adolfo García Quesada","Sergi Escobar","Thomas Voeckler","Alexei Markov","Markus Zberg","Max van Heeswijk"]},{"index":2,"name":"col2","values":["Clásica de Almería 2019","1991 Clásica de Almería","1990 Clásica de Almería","1989 Clásica de Almería","1988 Clásica de Almería","1987 Clásica de Almería","2018 Clásica de Almería","2017 Clásica de Almería","2016 Clásica de Almería","2015 Clásica de Almería","2014 Clásica de Almería","2013 Clásica de Almería","2007 Clásica de Almería","2006 Clásica de Almería","2005 Clásica de Almería","2004 Clásica de Almería","2003 Clásica de Almería","2002 Clásica de Almería","2001 Clásica de Almería","1996 Clásica de Almería"]}]},"context":{"page_title":null,"page_url":null,"page_entity_id":null,"content_hierarchy":[]},"links":[[[{"start":0,"end":23,"url":null,"entity_id":"Q81730470","candidates":[]}],[{"start":0,"end":18,"url":null,"entity_id":"Q352080","candidates":[]}],[{"start":0,"end":23,"url":null,"entity_id":"Q60156922","candidates":[]}]],[[{"start":0,"end":23,"url":null,"entity_id":"Q3681740","candidates":[]}],[{"start":0,"end":13,"url":null,"entity_id":"Q330457","candidates":[]}],[{"start":0,"end":23,"url":null,"entity_id":"Q57493033","candidates":[]}]],[[{"start":0,"end":23,"url":null,"entity_id":"Q57493033","candidates":[]}],[{"start":0,"end":23,"url":null,"entity_id":"Q2194976","candidates":[]}],[{"start":0,"end":23,"url":null,"entity_id":"Q57493031","candidates":[]}]],[[{"start":0,"end":23,"url":null,"entity_id":"Q57493031","candidates":[]}],[{"start":0,"end":17,"url":null,"entity_id":"Q5726776","candidates":[]}],[{"start":0,"end":23,"url":null,"entity_id":"Q57493030","candidates":[]}]],[[{"start":0,"end":23,"url":null,"entity_id":"Q57493030","candidates":[]}],[{"start":0,"end":12,"url":null,"entity_id":"Q57492777","candidates":[]}],[{"start":0,"end":23,"url":null,"entity_id":"Q57493029","candidates":[]}]],[[{"start":0,"end":23,"url":null,"entity_id":"Q57493029","candidates":[]}],[{"start":0,"end":13,"url":null,"entity_id":"Q57489701","candidates":[]}],[{"start":0,"end":23,"url":null,"entity_id":"Q57493027","candidates":[]}]],[[{"start":0,"end":23,"url":null,"entity_id":"Q60156922","candidates":[]}],[{"start":0,"end":13,"url":null,"entity_id":"Q462839","candidates":[]}],[{"start":0,"end":23,"url":null,"entity_id":"Q47483572","candidates":[]}]],[[{"start":0,"end":23,"url":null,"entity_id":"Q47483572","candidates":[]}],[{"start":0,"end":16,"url":null,"entity_id":"Q1164826","candidates":[]}],[{"start":0,"end":23,"url":null,"entity_id":"Q28698127","candidates":[]}]],[[{"start":0,"end":23,"url":null,"entity_id":"Q28698127","candidates":[]}],[{"start":0,"end":13,"url":null,"entity_id":"Q481277","candidates":[]}],[{"start":0,"end":23,"url":null,"entity_id":"Q21869773","candidates":[]}]],[[{"start":0,"end":23,"url":null,"entity_id":"Q21869773","candidates":[]}],[{"start":0,"end":12,"url":null,"entity_id":"Q374497","candidates":[]}],[{"start":0,"end":23,"url":null,"entity_id":"Q18711267","candidates":[]}]],[[{"start":0,"end":23,"url":null,"entity_id":"Q18711267","candidates":[]}],[{"start":0,"end":14,"url":null,"entity_id":"Q207713","candidates":[]}],[{"start":0,"end":23,"url":null,"entity_id":"Q15871472","candidates":[]}]],[[{"start":0,"end":23,"url":null,"entity_id":"Q15871472","candidates":[]}],[{"start":0,"end":13,"url":null,"entity_id":"Q1177583","candidates":[]}],[{"start":0,"end":23,"url":null,"entity_id":"Q5358036","candidates":[]}]],[[{"start":0,"end":23,"url":null,"entity_id":"Q770620","candidates":[]}],[{"start":0,"end":12,"url":null,"entity_id":"Q138393","candidates":[]}],[{"start":0,"end":23,"url":null,"entity_id":"Q3681753","candidates":[]}]],[[{"start":0,"end":23,"url":null,"entity_id":"Q3681753","candidates":[]}],[{"start":0,"end":15,"url":null,"entity_id":"Q718941","candidates":[]}],[{"start":0,"end":23,"url":null,"entity_id":"Q3681752","candidates":[]}]],[[{"start":0,"end":23,"url":null,"entity_id":"Q3681752","candidates":[]}],[{"start":0,"end":21,"url":null,"entity_id":"Q326926","candidates":[]}],[{"start":0,"end":23,"url":null,"entity_id":"Q3681751","candidates":[]}]],[[{"start":0,"end":23,"url":null,"entity_id":"Q3681751","candidates":[]}],[{"start":0,"end":13,"url":null,"entity_id":"Q594006","candidates":[]}],[{"start":0,"end":23,"url":null,"entity_id":"Q3681750","candidates":[]}]],[[{"start":0,"end":23,"url":null,"entity_id":"Q3681750","candidates":[]}],[{"start":0,"end":15,"url":null,"entity_id":"Q312273","candidates":[]}],[{"start":0,"end":23,"url":null,"entity_id":"Q3681749","candidates":[]}]],[[{"start":0,"end":23,"url":null,"entity_id":"Q3681749","candidates":[]}],[{"start":0,"end":13,"url":null,"entity_id":"Q707392","candidates":[]}],[{"start":0,"end":23,"url":null,"entity_id":"Q3681748","candidates":[]}]],[[{"start":0,"end":23,"url":null,"entity_id":"Q3681748","candidates":[]}],[{"start":0,"end":12,"url":null,"entity_id":"Q123503","candidates":[]}],[{"start":0,"end":23,"url":null,"entity_id":"Q3681746","candidates":[]}]],[[{"start":0,"end":23,"url":null,"entity_id":"Q1941183","candidates":[]}],[{"start":0,"end":16,"url":null,"entity_id":"Q495774","candidates":[]}],[{"start":0,"end":23,"url":null,"entity_id":"Q3681745","candidates":[]}]]]}