{"version":"1.2","table":{"version":"2","table_id":"S868DP2P","columns":[{"index":0,"name":"col0","values":["Koganemachi Station","Higo-Oguni Station","Okoppe Station","Setana Station","Keirinjō-Mae Station","Nishi-Maeda Station","Atsu Station","Kiyomizu Station","Awa Ichiba Station","Nagata Station","Ashikawa Station","Makino Station","Nagara Station","Kanagawa Station","Kanagawa Station","Passirano Superiore","Provaglio Superiore","Bredevoort railway station","Zelhem railway station","Slangenburg-IJzevoorde Halt","Winterswijk GOLS railway station","Miste Halt","Kinkai Station","Nagakisawa Station","Kagoya Station","Fukasawa Station","Fukuda Station","Hieda Station","Shigenai Station","Solymártelep railway station"]},{"index":1,"name":"col1","values":["Meitetsu Gifu City Line","Miyanoharu Line","Nayoro Main Line","Setana Line","Meitetsu Tagami Line","Iwanai Line","Shimotsui Dentetsu Line","Meitetsu Ibi Line","Kōtoku Line","Sanyo Electric Railway Main Line","Sōya Main Line","Meitetsu Takehana Line","Hankyū Kyōto Main Line","Tōkyū Tōyoko Line","Tōkaidō Main Line","Brescia–Iseo–Edolo railway","Brescia–Iseo–Edolo railway","Winterswijk–Zevenaar railway","Doetinchem-Hengelo GOLS railway","Doetinchem-Hengelo GOLS railway","Winterswijk–Zevenaar railway","Winterswijk–Zevenaar railway","Shimotsui Dentetsu Line","Kosaka Smelting & Refining Kosaka Line","Kosaka Smelting & Refining Kosaka Line","Kosaka Smelting & Refining Kosaka Line","Shimotsui Dentetsu Line","Shimotsui Dentetsu Line","Kosaka Smelting & Refining Kosaka Line","Budapest–Esztergom railway"]},{"index":2,"name":"col2","values":["Japan","Japan","Japan","Japan","Japan","Japan","Japan","Japan","Japan","Japan","Japan","Japan","Japan","Japan","Japan","Kingdom of Italy","Kingdom of Italy","Netherlands","Netherlands","Netherlands","Netherlands","Netherlands","Japan","Japan","Japan","Japan","Japan","Japan","Japan","Hungary"]},{"index":3,"name":"col3","values":["Senjudō Station","Kitazato Station","Hokkō Station","Kitahiyama Station","Kita Ishiki Station","Maeda Station","Bizen Akasaki Station","Nakanomoto Station","Shōzui Station","Nishidai Station","Kabutonuma Station","Egira Station","Tenjimbashisuji Rokuchōme Station","Yokohama Station","Higashi-Kanagawa Station","Paderno railway halt","Iseo railway station","Winterswijk GOLS railway station","Slangenburg-IJzevoorde Halt","Zelhem railway station","Bredevoort railway station","Bredevoort railway station","Atsu Station","Shigenai Station","Shigenai Station","Shigenai Station","Hieda Station","Fukuda Station","Fukasawa Station","Vörösvárbánya railway station"]}]},"context":{"page_title":null,"page_url":null,"page_entity_id":null,"content_hierarchy":[]},"links":[[[{"start":0,"end":19,"url":null,"entity_id":"Q11647742","candidates":[]}],[{"start":0,"end":23,"url":null,"entity_id":"Q11415772","candidates":[]}],[{"start":0,"end":5,"url":null,"entity_id":"Q17","candidates":[]}],[{"start":0,"end":15,"url":null,"entity_id":"Q11405507","candidates":[]}]],[[{"start":0,"end":18,"url":null,"entity_id":"Q11611574","candidates":[]}],[{"start":0,"end":15,"url":null,"entity_id":"Q11453419","candidates":[]}],[{"start":0,"end":5,"url":null,"entity_id":"Q17","candidates":[]}],[{"start":0,"end":16,"url":null,"entity_id":"Q11404248","candidates":[]}]],[[{"start":0,"end":14,"url":null,"entity_id":"Q11613473","candidates":[]}],[{"start":0,"end":16,"url":null,"entity_id":"Q11415378","candidates":[]}],[{"start":0,"end":5,"url":null,"entity_id":"Q17","candidates":[]}],[{"start":0,"end":13,"url":null,"entity_id":"Q11403958","candidates":[]}]],[[{"start":0,"end":14,"url":null,"entity_id":"Q11566699","candidates":[]}],[{"start":0,"end":11,"url":null,"entity_id":"Q11566700","candidates":[]}],[{"start":0,"end":5,"url":null,"entity_id":"Q17","candidates":[]}],[{"start":0,"end":18,"url":null,"entity_id":"Q11402279","candidates":[]}]],[[{"start":0,"end":20,"url":null,"entity_id":"Q11598566","candidates":[]}],[{"start":0,"end":20,"url":null,"entity_id":"Q11415789","candidates":[]}],[{"start":0,"end":5,"url":null,"entity_id":"Q17","candidates":[]}],[{"start":0,"end":19,"url":null,"entity_id":"Q11400836","candidates":[]}]],[[{"start":0,"end":19,"url":null,"entity_id":"Q11627290","candidates":[]}],[{"start":0,"end":11,"url":null,"entity_id":"Q11474200","candidates":[]}],[{"start":0,"end":5,"url":null,"entity_id":"Q17","candidates":[]}],[{"start":0,"end":13,"url":null,"entity_id":"Q11397776","candidates":[]}]],[[{"start":0,"end":12,"url":null,"entity_id":"Q11657583","candidates":[]}],[{"start":0,"end":23,"url":null,"entity_id":"Q11361101","candidates":[]}],[{"start":0,"end":5,"url":null,"entity_id":"Q17","candidates":[]}],[{"start":0,"end":21,"url":null,"entity_id":"Q11387346","candidates":[]}]],[[{"start":0,"end":16,"url":null,"entity_id":"Q11561233","candidates":[]}],[{"start":0,"end":17,"url":null,"entity_id":"Q11415779","candidates":[]}],[{"start":0,"end":5,"url":null,"entity_id":"Q17","candidates":[]}],[{"start":0,"end":18,"url":null,"entity_id":"Q11362857","candidates":[]}]],[[{"start":0,"end":18,"url":null,"entity_id":"Q11657525","candidates":[]}],[{"start":0,"end":11,"url":null,"entity_id":"Q859984","candidates":[]}],[{"start":0,"end":5,"url":null,"entity_id":"Q17","candidates":[]}],[{"start":0,"end":14,"url":null,"entity_id":"Q8190586","candidates":[]}]],[[{"start":0,"end":14,"url":null,"entity_id":"Q11653500","candidates":[]}],[{"start":0,"end":32,"url":null,"entity_id":"Q871058","candidates":[]}],[{"start":0,"end":5,"url":null,"entity_id":"Q17","candidates":[]}],[{"start":0,"end":16,"url":null,"entity_id":"Q7040529","candidates":[]}]],[[{"start":0,"end":16,"url":null,"entity_id":"Q11614869","candidates":[]}],[{"start":0,"end":14,"url":null,"entity_id":"Q1064077","candidates":[]}],[{"start":0,"end":5,"url":null,"entity_id":"Q17","candidates":[]}],[{"start":0,"end":18,"url":null,"entity_id":"Q6344532","candidates":[]}]],[[{"start":0,"end":14,"url":null,"entity_id":"Q11570627","candidates":[]}],[{"start":0,"end":22,"url":null,"entity_id":"Q901442","candidates":[]}],[{"start":0,"end":5,"url":null,"entity_id":"Q17","candidates":[]}],[{"start":0,"end":13,"url":null,"entity_id":"Q5348038","candidates":[]}]],[[{"start":0,"end":14,"url":null,"entity_id":"Q11653090","candidates":[]}],[{"start":0,"end":22,"url":null,"entity_id":"Q2053737","candidates":[]}],[{"start":0,"end":5,"url":null,"entity_id":"Q17","candidates":[]}],[{"start":0,"end":33,"url":null,"entity_id":"Q1143934","candidates":[]}]],[[{"start":0,"end":16,"url":null,"entity_id":"Q11589415","candidates":[]}],[{"start":0,"end":17,"url":null,"entity_id":"Q1192468","candidates":[]}],[{"start":0,"end":5,"url":null,"entity_id":"Q17","candidates":[]}],[{"start":0,"end":16,"url":null,"entity_id":"Q801658","candidates":[]}]],[[{"start":0,"end":16,"url":null,"entity_id":"Q11589413","candidates":[]}],[{"start":0,"end":17,"url":null,"entity_id":"Q1190152","candidates":[]}],[{"start":0,"end":5,"url":null,"entity_id":"Q17","candidates":[]}],[{"start":0,"end":24,"url":null,"entity_id":"Q128205","candidates":[]}]],[[{"start":0,"end":19,"url":null,"entity_id":"Q86838454","candidates":[]}],[{"start":0,"end":26,"url":null,"entity_id":"Q802477","candidates":[]}],[{"start":0,"end":16,"url":null,"entity_id":"Q172579","candidates":[]}],[{"start":0,"end":20,"url":null,"entity_id":"Q3970382","candidates":[]}]],[[{"start":0,"end":19,"url":null,"entity_id":"Q86839109","candidates":[]}],[{"start":0,"end":26,"url":null,"entity_id":"Q802477","candidates":[]}],[{"start":0,"end":16,"url":null,"entity_id":"Q172579","candidates":[]}],[{"start":0,"end":20,"url":null,"entity_id":"Q1118773","candidates":[]}]],[[{"start":0,"end":26,"url":null,"entity_id":"Q2149921","candidates":[]}],[{"start":0,"end":28,"url":null,"entity_id":"Q2673790","candidates":[]}],[{"start":0,"end":11,"url":null,"entity_id":"Q55","candidates":[]}],[{"start":0,"end":32,"url":null,"entity_id":"Q2703889","candidates":[]}]],[[{"start":0,"end":22,"url":null,"entity_id":"Q2480149","candidates":[]}],[{"start":0,"end":31,"url":null,"entity_id":"Q2739791","candidates":[]}],[{"start":0,"end":11,"url":null,"entity_id":"Q55","candidates":[]}],[{"start":0,"end":27,"url":null,"entity_id":"Q2624996","candidates":[]}]],[[{"start":0,"end":27,"url":null,"entity_id":"Q2624996","candidates":[]}],[{"start":0,"end":31,"url":null,"entity_id":"Q2739791","candidates":[]}],[{"start":0,"end":11,"url":null,"entity_id":"Q55","candidates":[]}],[{"start":0,"end":22,"url":null,"entity_id":"Q2480149","candidates":[]}]],[[{"start":0,"end":32,"url":null,"entity_id":"Q2703889","candidates":[]}],[{"start":0,"end":28,"url":null,"entity_id":"Q2673790","candidates":[]}],[{"start":0,"end":11,"url":null,"entity_id":"Q55","candidates":[]}],[{"start":0,"end":26,"url":null,"entity_id":"Q2149921","candidates":[]}]],[[{"start":0,"end":10,"url":null,"entity_id":"Q1866273","candidates":[]}],[{"start":0,"end":28,"url":null,"entity_id":"Q2673790","candidates":[]}],[{"start":0,"end":11,"url":null,"entity_id":"Q55","candidates":[]}],[{"start":0,"end":26,"url":null,"entity_id":"Q2149921","candidates":[]}]],[[{"start":0,"end":14,"url":null,"entity_id":"Q11573797","candidates":[]}],[{"start":0,"end":23,"url":null,"entity_id":"Q11361101","candidates":[]}],[{"start":0,"end":5,"url":null,"entity_id":"Q17","candidates":[]}],[{"start":0,"end":12,"url":null,"entity_id":"Q11657583","candidates":[]}]],[[{"start":0,"end":18,"url":null,"entity_id":"Q11653057","candidates":[]}],[{"start":0,"end":38,"url":null,"entity_id":"Q6432956","candidates":[]}],[{"start":0,"end":5,"url":null,"entity_id":"Q17","candidates":[]}],[{"start":0,"end":16,"url":null,"entity_id":"Q11617028","candidates":[]}]],[[{"start":0,"end":14,"url":null,"entity_id":"Q11603850","candidates":[]}],[{"start":0,"end":38,"url":null,"entity_id":"Q6432956","candidates":[]}],[{"start":0,"end":5,"url":null,"entity_id":"Q17","candidates":[]}],[{"start":0,"end":16,"url":null,"entity_id":"Q11617028","candidates":[]}]],[[{"start":0,"end":16,"url":null,"entity_id":"Q11560136","candidates":[]}],[{"start":0,"end":38,"url":null,"entity_id":"Q6432956","candidates":[]}],[{"start":0,"end":5,"url":null,"entity_id":"Q17","candidates":[]}],[{"start":0,"end":16,"url":null,"entity_id":"Q11617028","candidates":[]}]],[[{"start":0,"end":14,"url":null,"entity_id":"Q11594291","candidates":[]}],[{"start":0,"end":23,"url":null,"entity_id":"Q11361101","candidates":[]}],[{"start":0,"end":5,"url":null,"entity_id":"Q17","candidates":[]}],[{"start":0,"end":13,"url":null,"entity_id":"Q11596289","candidates":[]}]],[[{"start":0,"end":13,"url":null,"entity_id":"Q11596289","candidates":[]}],[{"start":0,"end":23,"url":null,"entity_id":"Q11361101","candidates":[]}],[{"start":0,"end":5,"url":null,"entity_id":"Q17","candidates":[]}],[{"start":0,"end":14,"url":null,"entity_id":"Q11594291","candidates":[]}]],[[{"start":0,"end":16,"url":null,"entity_id":"Q11617028","candidates":[]}],[{"start":0,"end":38,"url":null,"entity_id":"Q6432956","candidates":[]}],[{"start":0,"end":5,"url":null,"entity_id":"Q17","candidates":[]}],[{"start":0,"end":16,"url":null,"entity_id":"Q11560136","candidates":[]}]],[[{"start":0,"end":28,"url":null,"entity_id":"Q19758660","candidates":[]}],[{"start":0,"end":26,"url":null,"entity_id":"Q851254","candidates":[]}],[{"start":0,"end":7,"url":null,"entity_id":"Q28","candidates":[]}],[{"start":0,"end":29,"url":null,"entity_id":"Q19758627","candidates":[]}]]]}