{"version":"1.2","table":{"version":"2","table_id":"S9JOZCZZ","columns":[{"index":0,"name":"col0","values":["Quebec City","Hampstead","Côte-Saint-Luc","Montreal","Terrebonne","Boisbriand","Saint-Jérôme","Rimouski","Joliette","Louiseville","Sherbrooke","Lévis","Paspébiac","Trois-Rivières","Boucherville","Mirabel","Lac-Mégantic","Rosemère","Chambly","Gaspé"]},{"index":1,"name":"col1","values":["Saint Petersburg","Kiryat Shmona","Ashkelon","Los Angeles","Vitré","Annemasse","Lisieux","Nantong","Brive-la-Gaillarde","Soissons","Montpellier","Le Grand-Quevilly","Des Moines","Boucherville","Les Abymes","Châlons-en-Champagne","Zhenjiang","Aix-les-Bains","Fréhel","Puerto Montt"]},{"index":2,"name":"col2","values":["Quebec","Urban agglomeration of Montreal","Urban agglomeration of Montreal","Urban agglomeration of Montreal","Les Moulins Regional County Municipality","Thérèse-De Blainville Regional County Municipality","La Rivière-du-Nord Regional County Municipality","Rimouski-Neigette Regional County Municipality","Joliette Regional County Municipality","Maskinongé Regional County Municipality","Estrie","Chaudière-Appalaches","Bonaventure Regional County Municipality","Mauricie","Urban agglomeration of Longueuil","Laurentides","Le Granit Regional County Municipality","Thérèse-De Blainville Regional County Municipality","La Vallée-du-Richelieu Regional County Municipality","La Côte-de-Gaspé Regional County Municipality"]}]},"context":{"page_title":null,"page_url":null,"page_entity_id":null,"content_hierarchy":[]},"links":[[[{"start":0,"end":11,"url":null,"entity_id":"Q2145","candidates":[]}],[{"start":0,"end":16,"url":null,"entity_id":"Q656","candidates":[]}],[{"start":0,"end":6,"url":null,"entity_id":"Q11832939","candidates":[]}]],[[{"start":0,"end":9,"url":null,"entity_id":"Q139101","candidates":[]}],[{"start":0,"end":13,"url":null,"entity_id":"Q327413","candidates":[]}],[{"start":0,"end":31,"url":null,"entity_id":"Q2826806","candidates":[]}]],[[{"start":0,"end":14,"url":null,"entity_id":"Q139588","candidates":[]}],[{"start":0,"end":8,"url":null,"entity_id":"Q60956","candidates":[]}],[{"start":0,"end":31,"url":null,"entity_id":"Q2826806","candidates":[]}]],[[{"start":0,"end":8,"url":null,"entity_id":"Q340","candidates":[]}],[{"start":0,"end":11,"url":null,"entity_id":"Q65","candidates":[]}],[{"start":0,"end":31,"url":null,"entity_id":"Q2826806","candidates":[]}]],[[{"start":0,"end":10,"url":null,"entity_id":"Q139190","candidates":[]}],[{"start":0,"end":5,"url":null,"entity_id":"Q234704","candidates":[]}],[{"start":0,"end":40,"url":null,"entity_id":"Q1811004","candidates":[]}]],[[{"start":0,"end":10,"url":null,"entity_id":"Q139474","candidates":[]}],[{"start":0,"end":9,"url":null,"entity_id":"Q212901","candidates":[]}],[{"start":0,"end":50,"url":null,"entity_id":"Q1517947","candidates":[]}]],[[{"start":0,"end":12,"url":null,"entity_id":"Q141724","candidates":[]}],[{"start":0,"end":7,"url":null,"entity_id":"Q188743","candidates":[]}],[{"start":0,"end":47,"url":null,"entity_id":"Q1517943","candidates":[]}]],[[{"start":0,"end":8,"url":null,"entity_id":"Q1336","candidates":[]}],[{"start":0,"end":7,"url":null,"entity_id":"Q57947","candidates":[]}],[{"start":0,"end":46,"url":null,"entity_id":"Q1517260","candidates":[]}]],[[{"start":0,"end":8,"url":null,"entity_id":"Q141760","candidates":[]}],[{"start":0,"end":18,"url":null,"entity_id":"Q6393","candidates":[]}],[{"start":0,"end":37,"url":null,"entity_id":"Q1444781","candidates":[]}]],[[{"start":0,"end":11,"url":null,"entity_id":"Q141410","candidates":[]}],[{"start":0,"end":8,"url":null,"entity_id":"Q167152","candidates":[]}],[{"start":0,"end":39,"url":null,"entity_id":"Q1342831","candidates":[]}]],[[{"start":0,"end":10,"url":null,"entity_id":"Q139473","candidates":[]}],[{"start":0,"end":11,"url":null,"entity_id":"Q6441","candidates":[]}],[{"start":0,"end":6,"url":null,"entity_id":"Q1122368","candidates":[]}]],[[{"start":0,"end":5,"url":null,"entity_id":"Q139208","candidates":[]}],[{"start":0,"end":17,"url":null,"entity_id":"Q655572","candidates":[]}],[{"start":0,"end":20,"url":null,"entity_id":"Q1068386","candidates":[]}]],[[{"start":0,"end":9,"url":null,"entity_id":"Q141663","candidates":[]}],[{"start":0,"end":10,"url":null,"entity_id":"Q39709","candidates":[]}],[{"start":0,"end":40,"url":null,"entity_id":"Q892146","candidates":[]}]],[[{"start":0,"end":14,"url":null,"entity_id":"Q44012","candidates":[]}],[{"start":0,"end":12,"url":null,"entity_id":"Q141924","candidates":[]}],[{"start":0,"end":8,"url":null,"entity_id":"Q510572","candidates":[]}]],[[{"start":0,"end":12,"url":null,"entity_id":"Q141924","candidates":[]}],[{"start":0,"end":10,"url":null,"entity_id":"Q13636","candidates":[]}],[{"start":0,"end":32,"url":null,"entity_id":"Q2826810","candidates":[]}]],[[{"start":0,"end":7,"url":null,"entity_id":"Q141921","candidates":[]}],[{"start":0,"end":20,"url":null,"entity_id":"Q47135","candidates":[]}],[{"start":0,"end":11,"url":null,"entity_id":"Q2304022","candidates":[]}]],[[{"start":0,"end":12,"url":null,"entity_id":"Q142020","candidates":[]}],[{"start":0,"end":9,"url":null,"entity_id":"Q57958","candidates":[]}],[{"start":0,"end":38,"url":null,"entity_id":"Q1809910","candidates":[]}]],[[{"start":0,"end":8,"url":null,"entity_id":"Q142196","candidates":[]}],[{"start":0,"end":13,"url":null,"entity_id":"Q181955","candidates":[]}],[{"start":0,"end":50,"url":null,"entity_id":"Q1517947","candidates":[]}]],[[{"start":0,"end":7,"url":null,"entity_id":"Q142069","candidates":[]}],[{"start":0,"end":6,"url":null,"entity_id":"Q220206","candidates":[]}],[{"start":0,"end":51,"url":null,"entity_id":"Q1517930","candidates":[]}]],[[{"start":0,"end":5,"url":null,"entity_id":"Q141903","candidates":[]}],[{"start":0,"end":12,"url":null,"entity_id":"Q36214","candidates":[]}],[{"start":0,"end":45,"url":null,"entity_id":"Q1517648","candidates":[]}]]]}