{"version":"1.2","table":{"version":"2","table_id":"S9RDC2FP","columns":[{"index":0,"name":"col0","values":["2004 Norwegian Single Distance Championships in Speed Skating","1996 Norwegian Single Distance Championships in Speed Skating","1999 Norwegian Single Distance Championships in Speed Skating","1993 Norwegian Single Distance Championships in Speed Skating","2004 Norwegian Single Distance Championships in Speed Skating","2003 Norwegian Single Distance Championships in Speed Skating","1997 Norwegian Single Distance Championships in Speed Skating","1991 Norwegian Single Distance Championships in Speed Skating","1990 Norwegian Single Distance Championships in Speed Skating","2000 Norwegian Single Distance Championships in Speed Skating","1992 Norwegian Single Distance Championships in Speed Skating","2002 Norwegian Single Distance Championships in Speed Skating","1988 Norwegian Single Distance Championships in Speed Skating","1995 Norwegian Single Distance Championships in Speed Skating","2010 Norwegian Single Distance Championships in Speed Skating","German Luge Championships 2019","Super 6","1998 Russian Indoor Athletics Championships","Top 14","Italian women's Premier Division (rugby union)"]},{"index":1,"name":"col1","values":["Fram kunstisbane","Fram kunstisbane","Slåtthaug kunstisbane","Slåtthaug kunstisbane","Furumo Stadion","Furumo Stadion","Savalen ice rink","Savalen ice rink","Rosendalsbanen","Trondheim Ice Rink","Trondheim Ice Rink","Flatmoen idrettspark","Flatmoen idrettspark","Valle Hovin","Vikingskipet","Oberhof bobsleigh, luge, and skeleton track","Scotland","Moscow","Metropolitan France","Italy"]},{"index":2,"name":"col2","values":["speed skating","speed skating","speed skating","speed skating","speed skating","speed skating","speed skating","speed skating","speed skating","speed skating","speed skating","speed skating","speed skating","speed skating","speed skating","luge","rugby union","athletics","rugby union","rugby union"]}]},"context":{"page_title":null,"page_url":null,"page_entity_id":null,"content_hierarchy":[]},"links":[[[{"start":0,"end":61,"url":null,"entity_id":"Q55416634","candidates":[]}],[{"start":0,"end":16,"url":null,"entity_id":"Q23008470","candidates":[]}],[{"start":0,"end":13,"url":null,"entity_id":"Q192431","candidates":[]}]],[[{"start":0,"end":61,"url":null,"entity_id":"Q55231472","candidates":[]}],[{"start":0,"end":16,"url":null,"entity_id":"Q23008470","candidates":[]}],[{"start":0,"end":13,"url":null,"entity_id":"Q192431","candidates":[]}]],[[{"start":0,"end":61,"url":null,"entity_id":"Q55265414","candidates":[]}],[{"start":0,"end":21,"url":null,"entity_id":"Q17476187","candidates":[]}],[{"start":0,"end":13,"url":null,"entity_id":"Q192431","candidates":[]}]],[[{"start":0,"end":61,"url":null,"entity_id":"Q55222545","candidates":[]}],[{"start":0,"end":21,"url":null,"entity_id":"Q17476187","candidates":[]}],[{"start":0,"end":13,"url":null,"entity_id":"Q192431","candidates":[]}]],[[{"start":0,"end":61,"url":null,"entity_id":"Q55415378","candidates":[]}],[{"start":0,"end":14,"url":null,"entity_id":"Q15925038","candidates":[]}],[{"start":0,"end":13,"url":null,"entity_id":"Q192431","candidates":[]}]],[[{"start":0,"end":61,"url":null,"entity_id":"Q55268716","candidates":[]}],[{"start":0,"end":14,"url":null,"entity_id":"Q15925038","candidates":[]}],[{"start":0,"end":13,"url":null,"entity_id":"Q192431","candidates":[]}]],[[{"start":0,"end":61,"url":null,"entity_id":"Q55262137","candidates":[]}],[{"start":0,"end":16,"url":null,"entity_id":"Q11999634","candidates":[]}],[{"start":0,"end":13,"url":null,"entity_id":"Q192431","candidates":[]}]],[[{"start":0,"end":61,"url":null,"entity_id":"Q55209403","candidates":[]}],[{"start":0,"end":16,"url":null,"entity_id":"Q11999634","candidates":[]}],[{"start":0,"end":13,"url":null,"entity_id":"Q192431","candidates":[]}]],[[{"start":0,"end":61,"url":null,"entity_id":"Q55206912","candidates":[]}],[{"start":0,"end":14,"url":null,"entity_id":"Q11998443","candidates":[]}],[{"start":0,"end":13,"url":null,"entity_id":"Q192431","candidates":[]}]],[[{"start":0,"end":61,"url":null,"entity_id":"Q55266458","candidates":[]}],[{"start":0,"end":18,"url":null,"entity_id":"Q11983512","candidates":[]}],[{"start":0,"end":13,"url":null,"entity_id":"Q192431","candidates":[]}]],[[{"start":0,"end":61,"url":null,"entity_id":"Q55219492","candidates":[]}],[{"start":0,"end":18,"url":null,"entity_id":"Q11983512","candidates":[]}],[{"start":0,"end":13,"url":null,"entity_id":"Q192431","candidates":[]}]],[[{"start":0,"end":61,"url":null,"entity_id":"Q55404362","candidates":[]}],[{"start":0,"end":20,"url":null,"entity_id":"Q11969191","candidates":[]}],[{"start":0,"end":13,"url":null,"entity_id":"Q192431","candidates":[]}]],[[{"start":0,"end":61,"url":null,"entity_id":"Q55196439","candidates":[]}],[{"start":0,"end":20,"url":null,"entity_id":"Q11969191","candidates":[]}],[{"start":0,"end":13,"url":null,"entity_id":"Q192431","candidates":[]}]],[[{"start":0,"end":61,"url":null,"entity_id":"Q55230056","candidates":[]}],[{"start":0,"end":11,"url":null,"entity_id":"Q4584406","candidates":[]}],[{"start":0,"end":13,"url":null,"entity_id":"Q192431","candidates":[]}]],[[{"start":0,"end":61,"url":null,"entity_id":"Q55590567","candidates":[]}],[{"start":0,"end":12,"url":null,"entity_id":"Q1782828","candidates":[]}],[{"start":0,"end":13,"url":null,"entity_id":"Q192431","candidates":[]}]],[[{"start":0,"end":30,"url":null,"entity_id":"Q79522728","candidates":[]}],[{"start":0,"end":43,"url":null,"entity_id":"Q873768","candidates":[]}],[{"start":0,"end":4,"url":null,"entity_id":"Q273285","candidates":[]}]],[[{"start":0,"end":7,"url":null,"entity_id":"Q69523770","candidates":[]}],[{"start":0,"end":8,"url":null,"entity_id":"Q22","candidates":[]}],[{"start":0,"end":11,"url":null,"entity_id":"Q5849","candidates":[]}]],[[{"start":0,"end":43,"url":null,"entity_id":"Q18816886","candidates":[]}],[{"start":0,"end":6,"url":null,"entity_id":"Q649","candidates":[]}],[{"start":0,"end":9,"url":null,"entity_id":"Q542","candidates":[]}]],[[{"start":0,"end":6,"url":null,"entity_id":"Q5798","candidates":[]}],[{"start":0,"end":19,"url":null,"entity_id":"Q212429","candidates":[]}],[{"start":0,"end":11,"url":null,"entity_id":"Q5849","candidates":[]}]],[[{"start":0,"end":46,"url":null,"entity_id":"Q738154","candidates":[]}],[{"start":0,"end":5,"url":null,"entity_id":"Q38","candidates":[]}],[{"start":0,"end":11,"url":null,"entity_id":"Q5849","candidates":[]}]]]}