{"version":"1.2","table":{"version":"2","table_id":"SB4RDQH3","columns":[{"index":0,"name":"col0","values":["Daiichi Sankyo","Purdue Pharma","Laboratoires Servier","Kyowa Hakko Kirin","Vertex Pharmaceuticals","Actelion","Shionogi","Orion Corporation","Eisai","Astellas Pharma","Ipsen","Sumitomo Dainippon Pharma","AbbVie","Boehringer Ingelheim","Merck KGaA","Bristol-Myers Squibb","Mylan","Perrigo","Takeda Pharmaceutical Company","Allergan plc"]},{"index":1,"name":"col1","values":["Daiichi Sankyo (Germany)","Purdue Pharma (Canada)","Servier (United Kingdom)","Kyowa Hakko Kirin (Singapore)","Vertex Pharmaceuticals (United Kingdom)","Actelion (United States)","Shionogi Institute For Medical Science","Orion Pharma (UK) Limited","Eisai (United States)","Astellas Pharma (United States)","Ipsen (Ireland)","Dainippon Sumitomo Pharma (United States)","AbbVie (Germany)","Boehringer Ingelheim (United States)","Seven Seas Limited","Kosan Biosciences","Meda AB","Élan","Shire plc","Allergan, Inc."]},{"index":2,"name":"col2","values":["2005-01-01","1892-01-01","1954-01-01","1949-01-01","1989-01-01","1997-01-01","1919-06-05","1917-01-01","1936-01-01","2005-04-01","1929-01-01","1897-05-14","2013-01-01","1885-01-01","1668-01-01","1989-01-01","1961-01-01","1887-01-01","1925-01-29","2015-01-01"]}]},"context":{"page_title":null,"page_url":null,"page_entity_id":null,"content_hierarchy":[]},"links":[[[{"start":0,"end":14,"url":null,"entity_id":"Q669441","candidates":[]}],[{"start":0,"end":24,"url":null,"entity_id":"Q43896167","candidates":[]}],[]],[[{"start":0,"end":13,"url":null,"entity_id":"Q7260981","candidates":[]}],[{"start":0,"end":22,"url":null,"entity_id":"Q43895249","candidates":[]}],[]],[[{"start":0,"end":20,"url":null,"entity_id":"Q907487","candidates":[]}],[{"start":0,"end":24,"url":null,"entity_id":"Q30338793","candidates":[]}],[]],[[{"start":0,"end":17,"url":null,"entity_id":"Q6452254","candidates":[]}],[{"start":0,"end":29,"url":null,"entity_id":"Q30338588","candidates":[]}],[]],[[{"start":0,"end":22,"url":null,"entity_id":"Q2744099","candidates":[]}],[{"start":0,"end":39,"url":null,"entity_id":"Q30338365","candidates":[]}],[]],[[{"start":0,"end":8,"url":null,"entity_id":"Q343217","candidates":[]}],[{"start":0,"end":24,"url":null,"entity_id":"Q30283992","candidates":[]}],[]],[[{"start":0,"end":8,"url":null,"entity_id":"Q3482319","candidates":[]}],[{"start":0,"end":38,"url":null,"entity_id":"Q30280642","candidates":[]}],[]],[[{"start":0,"end":17,"url":null,"entity_id":"Q903328","candidates":[]}],[{"start":0,"end":25,"url":null,"entity_id":"Q30269248","candidates":[]}],[]],[[{"start":0,"end":5,"url":null,"entity_id":"Q903384","candidates":[]}],[{"start":0,"end":21,"url":null,"entity_id":"Q29123933","candidates":[]}],[]],[[{"start":0,"end":15,"url":null,"entity_id":"Q528842","candidates":[]}],[{"start":0,"end":31,"url":null,"entity_id":"Q29123475","candidates":[]}],[]],[[{"start":0,"end":5,"url":null,"entity_id":"Q111546","candidates":[]}],[{"start":0,"end":15,"url":null,"entity_id":"Q29109892","candidates":[]}],[]],[[{"start":0,"end":25,"url":null,"entity_id":"Q1087980","candidates":[]}],[{"start":0,"end":41,"url":null,"entity_id":"Q29109866","candidates":[]}],[]],[[{"start":0,"end":6,"url":null,"entity_id":"Q14662364","candidates":[]}],[{"start":0,"end":16,"url":null,"entity_id":"Q29002439","candidates":[]}],[]],[[{"start":0,"end":20,"url":null,"entity_id":"Q699532","candidates":[]}],[{"start":0,"end":36,"url":null,"entity_id":"Q29000165","candidates":[]}],[]],[[{"start":0,"end":10,"url":null,"entity_id":"Q156959","candidates":[]}],[{"start":0,"end":18,"url":null,"entity_id":"Q7457398","candidates":[]}],[]],[[{"start":0,"end":20,"url":null,"entity_id":"Q266423","candidates":[]}],[{"start":0,"end":17,"url":null,"entity_id":"Q6432982","candidates":[]}],[]],[[{"start":0,"end":5,"url":null,"entity_id":"Q899010","candidates":[]}],[{"start":0,"end":7,"url":null,"entity_id":"Q1881327","candidates":[]}],[]],[[{"start":0,"end":7,"url":null,"entity_id":"Q2916497","candidates":[]}],[{"start":0,"end":4,"url":null,"entity_id":"Q1324860","candidates":[]}],[]],[[{"start":0,"end":29,"url":null,"entity_id":"Q899133","candidates":[]}],[{"start":0,"end":9,"url":null,"entity_id":"Q905049","candidates":[]}],[]],[[{"start":0,"end":12,"url":null,"entity_id":"Q906187","candidates":[]}],[{"start":0,"end":14,"url":null,"entity_id":"Q505866","candidates":[]}],[]]]}