{"version":"1.2","table":{"version":"2","table_id":"SD2RFQIM","columns":[{"index":0,"name":"col0","values":["Runge","Tempel","Moretus","Hill","Neison","Joy","Lamèch","D'Arrest","Swift","Delmotte","Delaunay","Grave","Väisälä","Lucian","Lee","Alhazen","Monge","Magelhaens","Aston","Newton"]},{"index":1,"name":"col1","values":["39","43.2","114","15.9","51","5.12","12.4","29.7","10.1","32.2","44.6","37","8.12","6.85","41.2","34.7","36.6","37.2","44.5","83.9"]},{"index":2,"name":"col2","values":["230","1300","5000","3830","1600","1000","1500","1500","2040","4.36","1.9","2193","1530","1540","1340","2170","2600","1700","2070","5540"]}]},"context":{"page_title":null,"page_url":null,"page_entity_id":null,"content_hierarchy":[]},"links":[[[{"start":0,"end":5,"url":null,"entity_id":"Q1337593","candidates":[]}],[],[]],[[{"start":0,"end":6,"url":null,"entity_id":"Q1337580","candidates":[]}],[],[]],[[{"start":0,"end":7,"url":null,"entity_id":"Q1333566","candidates":[]}],[],[]],[[{"start":0,"end":4,"url":null,"entity_id":"Q1309451","candidates":[]}],[],[]],[[{"start":0,"end":6,"url":null,"entity_id":"Q1303583","candidates":[]}],[],[]],[[{"start":0,"end":3,"url":null,"entity_id":"Q1300478","candidates":[]}],[],[]],[[{"start":0,"end":6,"url":null,"entity_id":"Q1280445","candidates":[]}],[],[]],[[{"start":0,"end":8,"url":null,"entity_id":"Q1272920","candidates":[]}],[],[]],[[{"start":0,"end":5,"url":null,"entity_id":"Q1246949","candidates":[]}],[],[]],[[{"start":0,"end":8,"url":null,"entity_id":"Q1184549","candidates":[]}],[],[]],[[{"start":0,"end":8,"url":null,"entity_id":"Q1183918","candidates":[]}],[],[]],[[{"start":0,"end":5,"url":null,"entity_id":"Q1168258","candidates":[]}],[],[]],[[{"start":0,"end":7,"url":null,"entity_id":"Q1891731","candidates":[]}],[],[]],[[{"start":0,"end":6,"url":null,"entity_id":"Q1873238","candidates":[]}],[],[]],[[{"start":0,"end":3,"url":null,"entity_id":"Q1811687","candidates":[]}],[],[]],[[{"start":0,"end":7,"url":null,"entity_id":"Q1787634","candidates":[]}],[],[]],[[{"start":0,"end":5,"url":null,"entity_id":"Q1708909","candidates":[]}],[],[]],[[{"start":0,"end":10,"url":null,"entity_id":"Q1708567","candidates":[]}],[],[]],[[{"start":0,"end":5,"url":null,"entity_id":"Q1708039","candidates":[]}],[],[]],[[{"start":0,"end":6,"url":null,"entity_id":"Q1639238","candidates":[]}],[],[]]]}