{"version":"1.2","table":{"version":"2","table_id":"SD4CDPZD","columns":[{"index":0,"name":"col0","values":["SDSS J173604.77+324805.3","SDSS J022949.85+005939.5","SDSS J084115.29+062000.9","SDSS J005833.74+003508.7","SDSS J074811.00+282130.3","SDSS J070442.41+122720.3","SDSS J082324.46+160507.2","SDSS J074335.68+220616.7","SDSS J232545.02-011344.0","SDSS J212821.84+102357.3","SDSS J090810.58+393808.3","SDSS J095629.98+454906.2","SDSS J165032.69+303416.3","SDSS J082225.16+334430.6","SDSS J065412.39+292304.9","SDSS J202223.57+143533.3","SDSS J173712.93+321518.1","SDSS J082622.26+132728.3","SDSS J222147.98+001711.6","SDSS J160707.29+372350.9"]},{"index":1,"name":"col1","values":["0.1213","0.3245","0.3489","0.1834","0.8081","0.2874","0.3552","0.3234","0.4253","0.7618","0.5039","0.3018","0.2913","0.1233","0.2132","0.0209","0.5842","0.1707","0.6777","0.3663"]},{"index":2,"name":"col2","values":["32.801496982094","0.9943161245815","6.3336028910163","0.5857623678768","28.3584442480896","12.4556473812246","16.0853448545649","22.1046490239022","-1.2288880407775","10.3992513771174","39.6356498646845","45.8183812547115","30.5711958811456","33.7418527980902","29.3847092230368","14.5925907825585","32.255049305398","13.4578820490754","0.2865916367844","37.397476259945"]},{"index":3,"name":"col3","values":["-0.6","-0.51","-0.49","-0.49","-0.71","-0.23","-0.56","0.03","-0.79","-0.07","-0.6","-0.51","-0.6","-0.43","-0.29","-0.43","-0.33","-0.51","-0.3","-0.11"]}]},"context":{"page_title":null,"page_url":null,"page_entity_id":null,"content_hierarchy":[]},"links":[[[{"start":0,"end":24,"url":null,"entity_id":"Q78807832","candidates":[]}],[],[],[]],[[{"start":0,"end":24,"url":null,"entity_id":"Q78807666","candidates":[]}],[],[],[]],[[{"start":0,"end":24,"url":null,"entity_id":"Q78807543","candidates":[]}],[],[],[]],[[{"start":0,"end":24,"url":null,"entity_id":"Q78807355","candidates":[]}],[],[],[]],[[{"start":0,"end":24,"url":null,"entity_id":"Q78807274","candidates":[]}],[],[],[]],[[{"start":0,"end":24,"url":null,"entity_id":"Q78807271","candidates":[]}],[],[],[]],[[{"start":0,"end":24,"url":null,"entity_id":"Q78807259","candidates":[]}],[],[],[]],[[{"start":0,"end":24,"url":null,"entity_id":"Q78807245","candidates":[]}],[],[],[]],[[{"start":0,"end":24,"url":null,"entity_id":"Q78807238","candidates":[]}],[],[],[]],[[{"start":0,"end":24,"url":null,"entity_id":"Q78807226","candidates":[]}],[],[],[]],[[{"start":0,"end":24,"url":null,"entity_id":"Q78807138","candidates":[]}],[],[],[]],[[{"start":0,"end":24,"url":null,"entity_id":"Q78807092","candidates":[]}],[],[],[]],[[{"start":0,"end":24,"url":null,"entity_id":"Q78807036","candidates":[]}],[],[],[]],[[{"start":0,"end":24,"url":null,"entity_id":"Q78806806","candidates":[]}],[],[],[]],[[{"start":0,"end":24,"url":null,"entity_id":"Q78806757","candidates":[]}],[],[],[]],[[{"start":0,"end":24,"url":null,"entity_id":"Q78806667","candidates":[]}],[],[],[]],[[{"start":0,"end":24,"url":null,"entity_id":"Q78806563","candidates":[]}],[],[],[]],[[{"start":0,"end":24,"url":null,"entity_id":"Q78806467","candidates":[]}],[],[],[]],[[{"start":0,"end":24,"url":null,"entity_id":"Q78806391","candidates":[]}],[],[],[]],[[{"start":0,"end":24,"url":null,"entity_id":"Q78806360","candidates":[]}],[],[],[]]]}