{"version":"1.2","table":{"version":"2","table_id":"SDWLM49P","columns":[{"index":0,"name":"col0","values":["American Express Gold card dress of Lizzy Gardiner","Meat dress of Lady Gaga","Dress","Peacock gown","Karin mayor's wife's dress","Doll's dress","Doll's dress","Doll's dress","Doll's dress","Doll's dress","Doll's dress","Doll's dress and pair of sandals","Doll's dress","Doll's dress","La primavera","Doll's dress and hat","Electric Light dress","Afternoon dress","ceremonial court dress with flowering plants, probably a wedding gown","Doll's dress"]},{"index":1,"name":"col1","values":["National Gallery of Victoria","Rock and Roll Hall of Fame","Metropolitan Museum of Art","Kedleston Hall","History Museum of Armenia","Museu Paulista collection","Museu Paulista collection","Museu Paulista collection","Museu Paulista collection","Museu Paulista collection","Museu Paulista collection","Museu Paulista collection","Museu Paulista collection","Museu Paulista collection","Gallery of Costume","Museu Paulista collection","Museum of the City of New York","Metropolitan Museum of Art","Ashmolean Museum","Museu Paulista collection"]},{"index":2,"name":"col2","values":["American Express Gold Card","flank steak","nacre","silk","silk","textile","textile","textile","textile","textile","textile","textile","textile","textile","satin","Plastic","glass","cotton","gold","textile"]}]},"context":{"page_title":null,"page_url":null,"page_entity_id":null,"content_hierarchy":[]},"links":[[[{"start":0,"end":50,"url":null,"entity_id":"Q4010421","candidates":[]}],[{"start":0,"end":28,"url":null,"entity_id":"Q1464509","candidates":[]}],[{"start":0,"end":26,"url":null,"entity_id":"Q11285067","candidates":[]}]],[[{"start":0,"end":23,"url":null,"entity_id":"Q938131","candidates":[]}],[{"start":0,"end":26,"url":null,"entity_id":"Q179191","candidates":[]}],[{"start":0,"end":11,"url":null,"entity_id":"Q2165995","candidates":[]}]],[[{"start":0,"end":5,"url":null,"entity_id":"Q29383423","candidates":[]}],[{"start":0,"end":26,"url":null,"entity_id":"Q160236","candidates":[]}],[{"start":0,"end":5,"url":null,"entity_id":"Q215865","candidates":[]}]],[[{"start":0,"end":12,"url":null,"entity_id":"Q22639230","candidates":[]}],[{"start":0,"end":14,"url":null,"entity_id":"Q2443707","candidates":[]}],[{"start":0,"end":4,"url":null,"entity_id":"Q37681","candidates":[]}]],[[{"start":0,"end":26,"url":null,"entity_id":"Q55853305","candidates":[]}],[{"start":0,"end":25,"url":null,"entity_id":"Q1138228","candidates":[]}],[{"start":0,"end":4,"url":null,"entity_id":"Q37681","candidates":[]}]],[[{"start":0,"end":12,"url":null,"entity_id":"Q65034358","candidates":[]}],[{"start":0,"end":25,"url":null,"entity_id":"Q56677470","candidates":[]}],[{"start":0,"end":7,"url":null,"entity_id":"Q28823","candidates":[]}]],[[{"start":0,"end":12,"url":null,"entity_id":"Q65034356","candidates":[]}],[{"start":0,"end":25,"url":null,"entity_id":"Q56677470","candidates":[]}],[{"start":0,"end":7,"url":null,"entity_id":"Q28823","candidates":[]}]],[[{"start":0,"end":12,"url":null,"entity_id":"Q65034355","candidates":[]}],[{"start":0,"end":25,"url":null,"entity_id":"Q56677470","candidates":[]}],[{"start":0,"end":7,"url":null,"entity_id":"Q28823","candidates":[]}]],[[{"start":0,"end":12,"url":null,"entity_id":"Q65034354","candidates":[]}],[{"start":0,"end":25,"url":null,"entity_id":"Q56677470","candidates":[]}],[{"start":0,"end":7,"url":null,"entity_id":"Q28823","candidates":[]}]],[[{"start":0,"end":12,"url":null,"entity_id":"Q65034352","candidates":[]}],[{"start":0,"end":25,"url":null,"entity_id":"Q56677470","candidates":[]}],[{"start":0,"end":7,"url":null,"entity_id":"Q28823","candidates":[]}]],[[{"start":0,"end":12,"url":null,"entity_id":"Q65034351","candidates":[]}],[{"start":0,"end":25,"url":null,"entity_id":"Q56677470","candidates":[]}],[{"start":0,"end":7,"url":null,"entity_id":"Q28823","candidates":[]}]],[[{"start":0,"end":32,"url":null,"entity_id":"Q65034350","candidates":[]}],[{"start":0,"end":25,"url":null,"entity_id":"Q56677470","candidates":[]}],[{"start":0,"end":7,"url":null,"entity_id":"Q28823","candidates":[]}]],[[{"start":0,"end":12,"url":null,"entity_id":"Q65034333","candidates":[]}],[{"start":0,"end":25,"url":null,"entity_id":"Q56677470","candidates":[]}],[{"start":0,"end":7,"url":null,"entity_id":"Q28823","candidates":[]}]],[[{"start":0,"end":12,"url":null,"entity_id":"Q65034332","candidates":[]}],[{"start":0,"end":25,"url":null,"entity_id":"Q56677470","candidates":[]}],[{"start":0,"end":7,"url":null,"entity_id":"Q28823","candidates":[]}]],[[{"start":0,"end":12,"url":null,"entity_id":"Q61963167","candidates":[]}],[{"start":0,"end":18,"url":null,"entity_id":"Q3757738","candidates":[]}],[{"start":0,"end":5,"url":null,"entity_id":"Q14298","candidates":[]}]],[[{"start":0,"end":20,"url":null,"entity_id":"Q65034327","candidates":[]}],[{"start":0,"end":25,"url":null,"entity_id":"Q56677470","candidates":[]}],[{"start":0,"end":7,"url":null,"entity_id":"Q11474","candidates":[]}]],[[{"start":0,"end":20,"url":null,"entity_id":"Q22662415","candidates":[]}],[{"start":0,"end":30,"url":null,"entity_id":"Q1321141","candidates":[]}],[{"start":0,"end":5,"url":null,"entity_id":"Q11469","candidates":[]}]],[[{"start":0,"end":15,"url":null,"entity_id":"Q29383409","candidates":[]}],[{"start":0,"end":26,"url":null,"entity_id":"Q160236","candidates":[]}],[{"start":0,"end":6,"url":null,"entity_id":"Q11457","candidates":[]}]],[[{"start":0,"end":69,"url":null,"entity_id":"Q63953934","candidates":[]}],[{"start":0,"end":16,"url":null,"entity_id":"Q636400","candidates":[]}],[{"start":0,"end":4,"url":null,"entity_id":"Q897","candidates":[]}]],[[{"start":0,"end":12,"url":null,"entity_id":"Q65034438","candidates":[]}],[{"start":0,"end":25,"url":null,"entity_id":"Q56677470","candidates":[]}],[{"start":0,"end":7,"url":null,"entity_id":"Q28823","candidates":[]}]]]}