{"version":"1.2","table":{"version":"2","table_id":"SE487MLI","columns":[{"index":0,"name":"col0","values":["Nacka District Court","Norrtälje District Court","Eksjö District Court","Lycksele District Court","Mora District Court","Hässleholm District Court","Ljungby district court","Hudiksvall District Court","Haparanda District Court","Attunda District Court","Gotland District Court","Alingsås tingsrätt","Nyköping District Court","Skellefteå District Court","Falun District Court","Eskilstuna District Court","Sundsvall District Court","Kalmar District Court","Luleå District Court","Borås tingsrätt"]},{"index":1,"name":"col1","values":["Svea Court of Appeal","Svea Court of Appeal","Göta Court of Appeal","Court of Appeal for Northern Norrland","Svea Court of Appeal","Scania and Blekinge Court of Appeal","Göta Court of Appeal","Court of Appeal for Southern Norrland","Court of Appeal for Northern Norrland","Svea Court of Appeal","Svea Court of Appeal","Court of Appeal for Western Sweden","Svea Court of Appeal","Court of Appeal for Northern Norrland","Svea Court of Appeal","Svea Court of Appeal","Court of Appeal for Southern Norrland","Göta Court of Appeal","Court of Appeal for Northern Norrland","Court of Appeal for Western Sweden"]},{"index":2,"name":"col2","values":["Nacka","Norrtälje","Eksjö","Lycksele","Mora","Hässleholm","Ljungby","Hudiksvall","Haparanda","Sollentuna Municipality","Visby","Alingsås","Nyköping","Skellefteå","Falun","Eskilstuna","Sundsvall","Kalmar","Luleå","Borås"]},{"index":3,"name":"col3","values":["1971-01-01","1971-01-01","1971-01-01","1971-01-01","1971-01-01","1971-01-01","1971-01-01","1971-01-01","1971-01-01","1971-01-01","1971-01-01","1971-01-01","1971-01-01","1971-01-01","1971-01-01","1971-01-01","1971-01-01","1971-01-01","1971-01-01","1971-01-01"]}]},"context":{"page_title":null,"page_url":null,"page_entity_id":null,"content_hierarchy":[]},"links":[[[{"start":0,"end":20,"url":null,"entity_id":"Q10593934","candidates":[]}],[{"start":0,"end":20,"url":null,"entity_id":"Q731427","candidates":[]}],[{"start":0,"end":5,"url":null,"entity_id":"Q13383459","candidates":[]}],[]],[[{"start":0,"end":24,"url":null,"entity_id":"Q10602970","candidates":[]}],[{"start":0,"end":20,"url":null,"entity_id":"Q731427","candidates":[]}],[{"start":0,"end":9,"url":null,"entity_id":"Q3588743","candidates":[]}],[]],[[{"start":0,"end":20,"url":null,"entity_id":"Q10480779","candidates":[]}],[{"start":0,"end":20,"url":null,"entity_id":"Q3364776","candidates":[]}],[{"start":0,"end":5,"url":null,"entity_id":"Q1001905","candidates":[]}],[]],[[{"start":0,"end":23,"url":null,"entity_id":"Q10571252","candidates":[]}],[{"start":0,"end":37,"url":null,"entity_id":"Q10526701","candidates":[]}],[{"start":0,"end":8,"url":null,"entity_id":"Q983893","candidates":[]}],[]],[[{"start":0,"end":19,"url":null,"entity_id":"Q10588915","candidates":[]}],[{"start":0,"end":20,"url":null,"entity_id":"Q731427","candidates":[]}],[{"start":0,"end":4,"url":null,"entity_id":"Q849874","candidates":[]}],[]],[[{"start":0,"end":25,"url":null,"entity_id":"Q10531831","candidates":[]}],[{"start":0,"end":35,"url":null,"entity_id":"Q3814567","candidates":[]}],[{"start":0,"end":10,"url":null,"entity_id":"Q847665","candidates":[]}],[]],[[{"start":0,"end":22,"url":null,"entity_id":"Q10568336","candidates":[]}],[{"start":0,"end":20,"url":null,"entity_id":"Q3364776","candidates":[]}],[{"start":0,"end":7,"url":null,"entity_id":"Q744491","candidates":[]}],[]],[[{"start":0,"end":25,"url":null,"entity_id":"Q10526865","candidates":[]}],[{"start":0,"end":37,"url":null,"entity_id":"Q10526700","candidates":[]}],[{"start":0,"end":10,"url":null,"entity_id":"Q642964","candidates":[]}],[]],[[{"start":0,"end":24,"url":null,"entity_id":"Q10517578","candidates":[]}],[{"start":0,"end":37,"url":null,"entity_id":"Q10526701","candidates":[]}],[{"start":0,"end":9,"url":null,"entity_id":"Q588976","candidates":[]}],[]],[[{"start":0,"end":22,"url":null,"entity_id":"Q10422213","candidates":[]}],[{"start":0,"end":20,"url":null,"entity_id":"Q731427","candidates":[]}],[{"start":0,"end":23,"url":null,"entity_id":"Q503746","candidates":[]}],[]],[[{"start":0,"end":22,"url":null,"entity_id":"Q10507703","candidates":[]}],[{"start":0,"end":20,"url":null,"entity_id":"Q731427","candidates":[]}],[{"start":0,"end":5,"url":null,"entity_id":"Q54757","candidates":[]}],[]],[[{"start":0,"end":18,"url":null,"entity_id":"Q10405300","candidates":[]}],[{"start":0,"end":34,"url":null,"entity_id":"Q10526699","candidates":[]}],[{"start":0,"end":8,"url":null,"entity_id":"Q54743","candidates":[]}],[]],[[{"start":0,"end":23,"url":null,"entity_id":"Q10604763","candidates":[]}],[{"start":0,"end":20,"url":null,"entity_id":"Q731427","candidates":[]}],[{"start":0,"end":8,"url":null,"entity_id":"Q54356","candidates":[]}],[]],[[{"start":0,"end":25,"url":null,"entity_id":"Q10670001","candidates":[]}],[{"start":0,"end":37,"url":null,"entity_id":"Q10526701","candidates":[]}],[{"start":0,"end":10,"url":null,"entity_id":"Q54344","candidates":[]}],[]],[[{"start":0,"end":20,"url":null,"entity_id":"Q10493897","candidates":[]}],[{"start":0,"end":20,"url":null,"entity_id":"Q731427","candidates":[]}],[{"start":0,"end":5,"url":null,"entity_id":"Q26509","candidates":[]}],[]],[[{"start":0,"end":25,"url":null,"entity_id":"Q10489099","candidates":[]}],[{"start":0,"end":20,"url":null,"entity_id":"Q731427","candidates":[]}],[{"start":0,"end":10,"url":null,"entity_id":"Q26498","candidates":[]}],[]],[[{"start":0,"end":24,"url":null,"entity_id":"Q10683855","candidates":[]}],[{"start":0,"end":37,"url":null,"entity_id":"Q10526700","candidates":[]}],[{"start":0,"end":9,"url":null,"entity_id":"Q26476","candidates":[]}],[]],[[{"start":0,"end":21,"url":null,"entity_id":"Q10542874","candidates":[]}],[{"start":0,"end":20,"url":null,"entity_id":"Q3364776","candidates":[]}],[{"start":0,"end":6,"url":null,"entity_id":"Q26345","candidates":[]}],[]],[[{"start":0,"end":20,"url":null,"entity_id":"Q10570645","candidates":[]}],[{"start":0,"end":37,"url":null,"entity_id":"Q10526701","candidates":[]}],[{"start":0,"end":5,"url":null,"entity_id":"Q26268","candidates":[]}],[]],[[{"start":0,"end":15,"url":null,"entity_id":"Q10433405","candidates":[]}],[{"start":0,"end":34,"url":null,"entity_id":"Q10526699","candidates":[]}],[{"start":0,"end":5,"url":null,"entity_id":"Q26040","candidates":[]}],[]]]}