{"version":"1.2","table":{"version":"2","table_id":"SEINDA5C","columns":[{"index":0,"name":"col0","values":["Moratalaz","Moncloa-Aravaca","Puente de Vallecas","Retiro","San Blas","Arganzuela","Villa de Vallecas","Hortaleza","Tetuán","Salamanca","Chamartín","Ciudad Lineal","Centro","Chamberí","Carabanchel","Usera","Villaverde","Barajas","Latina","Fuencarral-El Pardo"]},{"index":1,"name":"col1","values":["94197","116903","227595","118516","154357","151965","107.649","180462","153789","143800","143424","212529","131928","137401","243998","134791","149003","46876","233808","238756"]},{"index":2,"name":"col2","values":["634.42","46.5311356860402","14.9686058743263","5.46621118978522","22.2923925363078","6.46217591535296","51.4672382522256","27.4197624962822","5.37472525006254","5.3924041500993","9.17548212465925","11.4256779595942","5.2282","4.67918508335805","14.048315736132","7.77771673918264","20.1875858768973","41.922811382191","25.4272030154025","237.838370174431"]}]},"context":{"page_title":null,"page_url":null,"page_entity_id":null,"content_hierarchy":[]},"links":[[[{"start":0,"end":9,"url":null,"entity_id":"Q2076109","candidates":[]}],[],[]],[[{"start":0,"end":15,"url":null,"entity_id":"Q2017682","candidates":[]}],[],[]],[[{"start":0,"end":18,"url":null,"entity_id":"Q2003054","candidates":[]}],[],[]],[[{"start":0,"end":6,"url":null,"entity_id":"Q2002296","candidates":[]}],[],[]],[[{"start":0,"end":8,"url":null,"entity_id":"Q2001937","candidates":[]}],[],[]],[[{"start":0,"end":10,"url":null,"entity_id":"Q2000929","candidates":[]}],[],[]],[[{"start":0,"end":17,"url":null,"entity_id":"Q1947988","candidates":[]}],[],[]],[[{"start":0,"end":9,"url":null,"entity_id":"Q1928529","candidates":[]}],[],[]],[[{"start":0,"end":6,"url":null,"entity_id":"Q1773540","candidates":[]}],[],[]],[[{"start":0,"end":9,"url":null,"entity_id":"Q1773521","candidates":[]}],[],[]],[[{"start":0,"end":9,"url":null,"entity_id":"Q1766348","candidates":[]}],[],[]],[[{"start":0,"end":13,"url":null,"entity_id":"Q1763694","candidates":[]}],[],[]],[[{"start":0,"end":6,"url":null,"entity_id":"Q1763376","candidates":[]}],[],[]],[[{"start":0,"end":8,"url":null,"entity_id":"Q1763370","candidates":[]}],[],[]],[[{"start":0,"end":11,"url":null,"entity_id":"Q1001991","candidates":[]}],[],[]],[[{"start":0,"end":5,"url":null,"entity_id":"Q953368","candidates":[]}],[],[]],[[{"start":0,"end":10,"url":null,"entity_id":"Q919536","candidates":[]}],[],[]],[[{"start":0,"end":7,"url":null,"entity_id":"Q807230","candidates":[]}],[],[]],[[{"start":0,"end":6,"url":null,"entity_id":"Q794954","candidates":[]}],[],[]],[[{"start":0,"end":19,"url":null,"entity_id":"Q656196","candidates":[]}],[],[]]]}