{"version":"1.2","table":{"version":"2","table_id":"SHHGSXD6","columns":[{"index":0,"name":"col0","values":["42 Cassiopeiae","WW Aurigae","68 Herculis","22 Vulpeculae","1 Persei","VV Orionis","Theta1 Orionis B","31 Cygni","HD 29365","49 Leonis","HR 2554","AR Aurigae","HD 126200","QS Aquilae","Zeta Aurigae","Mintaka","Zeta Phoenicis","Alphecca","Epsilon Aurigae","HD 152218"]},{"index":1,"name":"col1","values":["5.174","5.829","4.8","5.176","5.52","5.34","7.96","3.8","5.842","5.67","4.408","6.144","5.93","5.996","3.75","2.41","4.014","2.24","2.99","7.61"]},{"index":2,"name":"col2","values":["149","35","122","15","198","120","240","13","70","23","10.8","30","144","65","19","121","93","138","54","80"]}]},"context":{"page_title":null,"page_url":null,"page_entity_id":null,"content_hierarchy":[]},"links":[[[{"start":0,"end":14,"url":null,"entity_id":"Q5097495","candidates":[]}],[],[]],[[{"start":0,"end":10,"url":null,"entity_id":"Q5097162","candidates":[]}],[],[]],[[{"start":0,"end":11,"url":null,"entity_id":"Q4642340","candidates":[]}],[],[]],[[{"start":0,"end":13,"url":null,"entity_id":"Q4631335","candidates":[]}],[],[]],[[{"start":0,"end":8,"url":null,"entity_id":"Q4596004","candidates":[]}],[],[]],[[{"start":0,"end":10,"url":null,"entity_id":"Q4007089","candidates":[]}],[],[]],[[{"start":0,"end":16,"url":null,"entity_id":"Q3990372","candidates":[]}],[],[]],[[{"start":0,"end":8,"url":null,"entity_id":"Q3882227","candidates":[]}],[],[]],[[{"start":0,"end":8,"url":null,"entity_id":"Q3780867","candidates":[]}],[],[]],[[{"start":0,"end":9,"url":null,"entity_id":"Q2880854","candidates":[]}],[],[]],[[{"start":0,"end":7,"url":null,"entity_id":"Q2609016","candidates":[]}],[],[]],[[{"start":0,"end":10,"url":null,"entity_id":"Q2402993","candidates":[]}],[],[]],[[{"start":0,"end":9,"url":null,"entity_id":"Q1749006","candidates":[]}],[],[]],[[{"start":0,"end":10,"url":null,"entity_id":"Q1748630","candidates":[]}],[],[]],[[{"start":0,"end":12,"url":null,"entity_id":"Q793510","candidates":[]}],[],[]],[[{"start":0,"end":7,"url":null,"entity_id":"Q680341","candidates":[]}],[],[]],[[{"start":0,"end":14,"url":null,"entity_id":"Q196843","candidates":[]}],[],[]],[[{"start":0,"end":8,"url":null,"entity_id":"Q14046","candidates":[]}],[],[]],[[{"start":0,"end":15,"url":null,"entity_id":"Q13222","candidates":[]}],[],[]],[[{"start":0,"end":9,"url":null,"entity_id":"Q66631451","candidates":[]}],[],[]]]}