{"version":"1.2","table":{"version":"2","table_id":"SI53EFP0","columns":[{"index":0,"name":"col0","values":["MaraisAtiluschekw","Marais Amisw","Maris Akanis Kachipechipimischekahahk","Marais à Ladine","Klawa","Paitor Bkl","obra Bil","Chotakona Bil","Djémadìria","Huuijärvi","Mitenzi","Kidagardzi","Buhek","Cuzwe","Nyamuzeng","Nyabtongo","Mutenyi","Manyeoye","yamurungu","Hacimbiri"]},{"index":1,"name":"col1","values":["Canada","Canada","Canada","Canada","Niger","Bangladesh","Bangladesh","Bangladesh","Niger","Finland","Burundi","Burundi","Burundi","Burundi","Burundi","Burundi","Burundi","Burundi","Burundi","Burundi"]},{"index":2,"name":"col2","values":["Quebec","Quebec","Quebec","Quebec","Diffa Region","Khulna Division","Khulna Division","Khulna Division","Zinder Region","Hämeenkyrö","Mwaro Province","Makamba Province","Makamba Province","Makamba Province","Makamba Province","Makamba Province","Makamba Province","Makamba Province","Ruyigi Province","Muyinga Province"]}]},"context":{"page_title":null,"page_url":null,"page_entity_id":null,"content_hierarchy":[]},"links":[[[{"start":0,"end":17,"url":null,"entity_id":"Q22420014","candidates":[]}],[{"start":0,"end":6,"url":null,"entity_id":"Q16","candidates":[]}],[{"start":0,"end":6,"url":null,"entity_id":"Q176","candidates":[]}]],[[{"start":0,"end":12,"url":null,"entity_id":"Q22419972","candidates":[]}],[{"start":0,"end":6,"url":null,"entity_id":"Q16","candidates":[]}],[{"start":0,"end":6,"url":null,"entity_id":"Q176","candidates":[]}]],[[{"start":0,"end":37,"url":null,"entity_id":"Q22419950","candidates":[]}],[{"start":0,"end":6,"url":null,"entity_id":"Q16","candidates":[]}],[{"start":0,"end":6,"url":null,"entity_id":"Q176","candidates":[]}]],[[{"start":0,"end":15,"url":null,"entity_id":"Q22419832","candidates":[]}],[{"start":0,"end":6,"url":null,"entity_id":"Q16","candidates":[]}],[{"start":0,"end":6,"url":null,"entity_id":"Q176","candidates":[]}]],[[{"start":0,"end":5,"url":null,"entity_id":"Q49199475","candidates":[]}],[{"start":0,"end":5,"url":null,"entity_id":"Q1032","candidates":[]}],[{"start":0,"end":12,"url":null,"entity_id":"Q1053302","candidates":[]}]],[[{"start":0,"end":10,"url":null,"entity_id":"Q21753211","candidates":[]}],[{"start":0,"end":10,"url":null,"entity_id":"Q902","candidates":[]}],[{"start":0,"end":15,"url":null,"entity_id":"Q501696","candidates":[]}]],[[{"start":0,"end":8,"url":null,"entity_id":"Q21753172","candidates":[]}],[{"start":0,"end":10,"url":null,"entity_id":"Q902","candidates":[]}],[{"start":0,"end":15,"url":null,"entity_id":"Q501696","candidates":[]}]],[[{"start":0,"end":13,"url":null,"entity_id":"Q21753162","candidates":[]}],[{"start":0,"end":10,"url":null,"entity_id":"Q902","candidates":[]}],[{"start":0,"end":15,"url":null,"entity_id":"Q501696","candidates":[]}]],[[{"start":0,"end":10,"url":null,"entity_id":"Q49183925","candidates":[]}],[{"start":0,"end":5,"url":null,"entity_id":"Q1032","candidates":[]}],[{"start":0,"end":13,"url":null,"entity_id":"Q204367","candidates":[]}]],[[{"start":0,"end":9,"url":null,"entity_id":"Q21044189","candidates":[]}],[{"start":0,"end":7,"url":null,"entity_id":"Q33","candidates":[]}],[{"start":0,"end":10,"url":null,"entity_id":"Q996656","candidates":[]}]],[[{"start":0,"end":7,"url":null,"entity_id":"Q21330957","candidates":[]}],[{"start":0,"end":7,"url":null,"entity_id":"Q967","candidates":[]}],[{"start":0,"end":14,"url":null,"entity_id":"Q847718","candidates":[]}]],[[{"start":0,"end":10,"url":null,"entity_id":"Q21332580","candidates":[]}],[{"start":0,"end":7,"url":null,"entity_id":"Q967","candidates":[]}],[{"start":0,"end":16,"url":null,"entity_id":"Q823740","candidates":[]}]],[[{"start":0,"end":5,"url":null,"entity_id":"Q21331935","candidates":[]}],[{"start":0,"end":7,"url":null,"entity_id":"Q967","candidates":[]}],[{"start":0,"end":16,"url":null,"entity_id":"Q823740","candidates":[]}]],[[{"start":0,"end":5,"url":null,"entity_id":"Q21331817","candidates":[]}],[{"start":0,"end":7,"url":null,"entity_id":"Q967","candidates":[]}],[{"start":0,"end":16,"url":null,"entity_id":"Q823740","candidates":[]}]],[[{"start":0,"end":9,"url":null,"entity_id":"Q21331814","candidates":[]}],[{"start":0,"end":7,"url":null,"entity_id":"Q967","candidates":[]}],[{"start":0,"end":16,"url":null,"entity_id":"Q823740","candidates":[]}]],[[{"start":0,"end":9,"url":null,"entity_id":"Q21331793","candidates":[]}],[{"start":0,"end":7,"url":null,"entity_id":"Q967","candidates":[]}],[{"start":0,"end":16,"url":null,"entity_id":"Q823740","candidates":[]}]],[[{"start":0,"end":7,"url":null,"entity_id":"Q21331791","candidates":[]}],[{"start":0,"end":7,"url":null,"entity_id":"Q967","candidates":[]}],[{"start":0,"end":16,"url":null,"entity_id":"Q823740","candidates":[]}]],[[{"start":0,"end":8,"url":null,"entity_id":"Q21331789","candidates":[]}],[{"start":0,"end":7,"url":null,"entity_id":"Q967","candidates":[]}],[{"start":0,"end":16,"url":null,"entity_id":"Q823740","candidates":[]}]],[[{"start":0,"end":9,"url":null,"entity_id":"Q21332356","candidates":[]}],[{"start":0,"end":7,"url":null,"entity_id":"Q967","candidates":[]}],[{"start":0,"end":15,"url":null,"entity_id":"Q822578","candidates":[]}]],[[{"start":0,"end":9,"url":null,"entity_id":"Q21333032","candidates":[]}],[{"start":0,"end":7,"url":null,"entity_id":"Q967","candidates":[]}],[{"start":0,"end":16,"url":null,"entity_id":"Q822571","candidates":[]}]]]}