{"version":"1.2","table":{"version":"2","table_id":"SIQWY3PY","columns":[{"index":0,"name":"col0","values":["RSS Courageous","ARA King","HMS Hugin","HMAS Warrnambool","HMAS Geelong","HMAS Bendigo","HMAS Advance","HMAS Madang","HMAS Aware","HMAS Archer","HMAS Ardent","HMAS Acute","HMAS Fremantle","HMAS Wollongong","HMAS Glenelg","HMAS Bundaberg","HMAS Broome","HMAS Armidale","HMAS Ararat","ARA Bouchard (P-51)"]},{"index":1,"name":"col1","values":["ST Engineering","Río Santiago Shipyard","Bergen Mekaniske Verksted","NQEA Pty Ltd","NQEA Pty Ltd","NQEA Pty Ltd","Walkers Limited","Evans Deakin and Company","Evans Deakin and Company","Evans Deakin and Company","Evans Deakin and Company","Evans Deakin and Company","Brooke Marine","Austal","Austal","Austal","Austal","Austal","Austal","Naval Group"]},{"index":2,"name":"col2","values":["Singapore","Argentina","Sweden","Australia","Australia","Australia","Australia","Australia","Australia","Australia","Australia","Australia","Australia","Australia","Australia","Australia","Australia","Australia","Australia","Argentina"]},{"index":3,"name":"col3","values":["Republic of Singapore Navy","Argentine Navy","Swedish Navy","Royal Australian Navy","Royal Australian Navy","Royal Australian Navy","Royal Australian Navy","Royal Australian Navy","Royal Australian Navy","Royal Australian Navy","Royal Australian Navy","Royal Australian Navy","Royal Australian Navy","Royal Australian Navy","Royal Australian Navy","Royal Australian Navy","Royal Australian Navy","Royal Australian Navy","Royal Australian Navy","French Navy"]}]},"context":{"page_title":null,"page_url":null,"page_entity_id":null,"content_hierarchy":[]},"links":[[[{"start":0,"end":14,"url":null,"entity_id":"Q7277761","candidates":[]}],[{"start":0,"end":14,"url":null,"entity_id":"Q3719328","candidates":[]}],[{"start":0,"end":9,"url":null,"entity_id":"Q334","candidates":[]}],[{"start":0,"end":26,"url":null,"entity_id":"Q2531890","candidates":[]}]],[[{"start":0,"end":8,"url":null,"entity_id":"Q5653832","candidates":[]}],[{"start":0,"end":21,"url":null,"entity_id":"Q392113","candidates":[]}],[{"start":0,"end":9,"url":null,"entity_id":"Q414","candidates":[]}],[{"start":0,"end":14,"url":null,"entity_id":"Q1777326","candidates":[]}]],[[{"start":0,"end":9,"url":null,"entity_id":"Q10513243","candidates":[]}],[{"start":0,"end":25,"url":null,"entity_id":"Q3437865","candidates":[]}],[{"start":0,"end":6,"url":null,"entity_id":"Q34","candidates":[]}],[{"start":0,"end":12,"url":null,"entity_id":"Q1141396","candidates":[]}]],[[{"start":0,"end":16,"url":null,"entity_id":"Q5630656","candidates":[]}],[{"start":0,"end":12,"url":null,"entity_id":"Q16927373","candidates":[]}],[{"start":0,"end":9,"url":null,"entity_id":"Q408","candidates":[]}],[{"start":0,"end":21,"url":null,"entity_id":"Q741691","candidates":[]}]],[[{"start":0,"end":12,"url":null,"entity_id":"Q5630344","candidates":[]}],[{"start":0,"end":12,"url":null,"entity_id":"Q16927373","candidates":[]}],[{"start":0,"end":9,"url":null,"entity_id":"Q408","candidates":[]}],[{"start":0,"end":21,"url":null,"entity_id":"Q741691","candidates":[]}]],[[{"start":0,"end":12,"url":null,"entity_id":"Q5630265","candidates":[]}],[{"start":0,"end":12,"url":null,"entity_id":"Q16927373","candidates":[]}],[{"start":0,"end":9,"url":null,"entity_id":"Q408","candidates":[]}],[{"start":0,"end":21,"url":null,"entity_id":"Q741691","candidates":[]}]],[[{"start":0,"end":12,"url":null,"entity_id":"Q5630230","candidates":[]}],[{"start":0,"end":15,"url":null,"entity_id":"Q13551978","candidates":[]}],[{"start":0,"end":9,"url":null,"entity_id":"Q408","candidates":[]}],[{"start":0,"end":21,"url":null,"entity_id":"Q741691","candidates":[]}]],[[{"start":0,"end":11,"url":null,"entity_id":"Q5630445","candidates":[]}],[{"start":0,"end":24,"url":null,"entity_id":"Q5415904","candidates":[]}],[{"start":0,"end":9,"url":null,"entity_id":"Q408","candidates":[]}],[{"start":0,"end":21,"url":null,"entity_id":"Q741691","candidates":[]}]],[[{"start":0,"end":10,"url":null,"entity_id":"Q5630251","candidates":[]}],[{"start":0,"end":24,"url":null,"entity_id":"Q5415904","candidates":[]}],[{"start":0,"end":9,"url":null,"entity_id":"Q408","candidates":[]}],[{"start":0,"end":21,"url":null,"entity_id":"Q741691","candidates":[]}]],[[{"start":0,"end":11,"url":null,"entity_id":"Q5630246","candidates":[]}],[{"start":0,"end":24,"url":null,"entity_id":"Q5415904","candidates":[]}],[{"start":0,"end":9,"url":null,"entity_id":"Q408","candidates":[]}],[{"start":0,"end":21,"url":null,"entity_id":"Q741691","candidates":[]}]],[[{"start":0,"end":11,"url":null,"entity_id":"Q5630244","candidates":[]}],[{"start":0,"end":24,"url":null,"entity_id":"Q5415904","candidates":[]}],[{"start":0,"end":9,"url":null,"entity_id":"Q408","candidates":[]}],[{"start":0,"end":21,"url":null,"entity_id":"Q741691","candidates":[]}]],[[{"start":0,"end":10,"url":null,"entity_id":"Q5630227","candidates":[]}],[{"start":0,"end":24,"url":null,"entity_id":"Q5415904","candidates":[]}],[{"start":0,"end":9,"url":null,"entity_id":"Q408","candidates":[]}],[{"start":0,"end":21,"url":null,"entity_id":"Q741691","candidates":[]}]],[[{"start":0,"end":14,"url":null,"entity_id":"Q5630334","candidates":[]}],[{"start":0,"end":13,"url":null,"entity_id":"Q2926119","candidates":[]}],[{"start":0,"end":9,"url":null,"entity_id":"Q408","candidates":[]}],[{"start":0,"end":21,"url":null,"entity_id":"Q741691","candidates":[]}]],[[{"start":0,"end":15,"url":null,"entity_id":"Q5630670","candidates":[]}],[{"start":0,"end":6,"url":null,"entity_id":"Q780696","candidates":[]}],[{"start":0,"end":9,"url":null,"entity_id":"Q408","candidates":[]}],[{"start":0,"end":21,"url":null,"entity_id":"Q741691","candidates":[]}]],[[{"start":0,"end":12,"url":null,"entity_id":"Q5630354","candidates":[]}],[{"start":0,"end":6,"url":null,"entity_id":"Q780696","candidates":[]}],[{"start":0,"end":9,"url":null,"entity_id":"Q408","candidates":[]}],[{"start":0,"end":21,"url":null,"entity_id":"Q741691","candidates":[]}]],[[{"start":0,"end":14,"url":null,"entity_id":"Q5630290","candidates":[]}],[{"start":0,"end":6,"url":null,"entity_id":"Q780696","candidates":[]}],[{"start":0,"end":9,"url":null,"entity_id":"Q408","candidates":[]}],[{"start":0,"end":21,"url":null,"entity_id":"Q741691","candidates":[]}]],[[{"start":0,"end":11,"url":null,"entity_id":"Q5630281","candidates":[]}],[{"start":0,"end":6,"url":null,"entity_id":"Q780696","candidates":[]}],[{"start":0,"end":9,"url":null,"entity_id":"Q408","candidates":[]}],[{"start":0,"end":21,"url":null,"entity_id":"Q741691","candidates":[]}]],[[{"start":0,"end":13,"url":null,"entity_id":"Q5630245","candidates":[]}],[{"start":0,"end":6,"url":null,"entity_id":"Q780696","candidates":[]}],[{"start":0,"end":9,"url":null,"entity_id":"Q408","candidates":[]}],[{"start":0,"end":21,"url":null,"entity_id":"Q741691","candidates":[]}]],[[{"start":0,"end":11,"url":null,"entity_id":"Q5630242","candidates":[]}],[{"start":0,"end":6,"url":null,"entity_id":"Q780696","candidates":[]}],[{"start":0,"end":9,"url":null,"entity_id":"Q408","candidates":[]}],[{"start":0,"end":21,"url":null,"entity_id":"Q741691","candidates":[]}]],[[{"start":0,"end":19,"url":null,"entity_id":"Q3017149","candidates":[]}],[{"start":0,"end":11,"url":null,"entity_id":"Q1227511","candidates":[]}],[{"start":0,"end":9,"url":null,"entity_id":"Q414","candidates":[]}],[{"start":0,"end":11,"url":null,"entity_id":"Q217406","candidates":[]}]]]}