{"version":"1.2","table":{"version":"2","table_id":"SITMBXJJ","columns":[{"index":0,"name":"col0","values":["Jod's Cove","Lid Strand","Vorupr","Hellipeder","Arsdale","Canto d Atins","LittleLorraine","Lønstrwp","Lynæs","Kinhavn","Kåshberga","Svanshanl","Smygehxk","Thorup Strnd","ortahusen","Toreov","Sund","Nusford","Laujen","Tind"]},{"index":1,"name":"col1","values":["Canada","Denmark","Denmark","Denmark","Denmark","Brazil","Canada","Denmark","Denmark","Denmark","Sweden","Sweden","Sweden","Denmark","Sweden","Sweden","Norway","Norway","Norway","Norway"]},{"index":2,"name":"col2","values":["Division No. 1, Subdivision G","Thisted Municipality","Thisted Municipality","Bornholm Regional Municipality","Bornholm Regional Municipality","Barreirinhas","Cape Breton Regional Municipality","Hjørring Municipality","Halsnæs Municipality","Halsnæs Municipality","Ystad Municipality","Höganäs Municipality","Trelleborg Municipality","Jammerbugt Municipality","Landskrona Municipality","Båstad Municipality","Flakstad","Flakstad","Nærøy","Moskenes"]}]},"context":{"page_title":null,"page_url":null,"page_entity_id":null,"content_hierarchy":[]},"links":[[[{"start":0,"end":10,"url":null,"entity_id":"Q6206593","candidates":[]}],[{"start":0,"end":6,"url":null,"entity_id":"Q16","candidates":[]}],[{"start":0,"end":29,"url":null,"entity_id":"Q25906482","candidates":[]}]],[[{"start":0,"end":10,"url":null,"entity_id":"Q1824924","candidates":[]}],[{"start":0,"end":7,"url":null,"entity_id":"Q35","candidates":[]}],[{"start":0,"end":20,"url":null,"entity_id":"Q7715809","candidates":[]}]],[[{"start":0,"end":6,"url":null,"entity_id":"Q1433156","candidates":[]}],[{"start":0,"end":7,"url":null,"entity_id":"Q35","candidates":[]}],[{"start":0,"end":20,"url":null,"entity_id":"Q7715809","candidates":[]}]],[[{"start":0,"end":10,"url":null,"entity_id":"Q17312316","candidates":[]}],[{"start":0,"end":7,"url":null,"entity_id":"Q35","candidates":[]}],[{"start":0,"end":30,"url":null,"entity_id":"Q2598329","candidates":[]}]],[[{"start":0,"end":7,"url":null,"entity_id":"Q303080","candidates":[]}],[{"start":0,"end":7,"url":null,"entity_id":"Q35","candidates":[]}],[{"start":0,"end":30,"url":null,"entity_id":"Q2598329","candidates":[]}]],[[{"start":0,"end":13,"url":null,"entity_id":"Q14209562","candidates":[]}],[{"start":0,"end":6,"url":null,"entity_id":"Q155","candidates":[]}],[{"start":0,"end":12,"url":null,"entity_id":"Q2040600","candidates":[]}]],[[{"start":0,"end":14,"url":null,"entity_id":"Q6650733","candidates":[]}],[{"start":0,"end":6,"url":null,"entity_id":"Q16","candidates":[]}],[{"start":0,"end":33,"url":null,"entity_id":"Q1034291","candidates":[]}]],[[{"start":0,"end":8,"url":null,"entity_id":"Q1980900","candidates":[]}],[{"start":0,"end":7,"url":null,"entity_id":"Q35","candidates":[]}],[{"start":0,"end":21,"url":null,"entity_id":"Q511214","candidates":[]}]],[[{"start":0,"end":5,"url":null,"entity_id":"Q16324095","candidates":[]}],[{"start":0,"end":7,"url":null,"entity_id":"Q35","candidates":[]}],[{"start":0,"end":20,"url":null,"entity_id":"Q505130","candidates":[]}]],[[{"start":0,"end":7,"url":null,"entity_id":"Q1741196","candidates":[]}],[{"start":0,"end":7,"url":null,"entity_id":"Q35","candidates":[]}],[{"start":0,"end":20,"url":null,"entity_id":"Q505130","candidates":[]}]],[[{"start":0,"end":9,"url":null,"entity_id":"Q918072","candidates":[]}],[{"start":0,"end":6,"url":null,"entity_id":"Q34","candidates":[]}],[{"start":0,"end":18,"url":null,"entity_id":"Q505102","candidates":[]}]],[[{"start":0,"end":9,"url":null,"entity_id":"Q7651644","candidates":[]}],[{"start":0,"end":6,"url":null,"entity_id":"Q34","candidates":[]}],[{"start":0,"end":20,"url":null,"entity_id":"Q505013","candidates":[]}]],[[{"start":0,"end":8,"url":null,"entity_id":"Q1735844","candidates":[]}],[{"start":0,"end":6,"url":null,"entity_id":"Q34","candidates":[]}],[{"start":0,"end":23,"url":null,"entity_id":"Q504219","candidates":[]}]],[[{"start":0,"end":12,"url":null,"entity_id":"Q12006226","candidates":[]}],[{"start":0,"end":7,"url":null,"entity_id":"Q35","candidates":[]}],[{"start":0,"end":23,"url":null,"entity_id":"Q503222","candidates":[]}]],[[{"start":0,"end":9,"url":null,"entity_id":"Q2469613","candidates":[]}],[{"start":0,"end":6,"url":null,"entity_id":"Q34","candidates":[]}],[{"start":0,"end":23,"url":null,"entity_id":"Q502298","candidates":[]}]],[[{"start":0,"end":6,"url":null,"entity_id":"Q1013563","candidates":[]}],[{"start":0,"end":6,"url":null,"entity_id":"Q34","candidates":[]}],[{"start":0,"end":19,"url":null,"entity_id":"Q499464","candidates":[]}]],[[{"start":0,"end":4,"url":null,"entity_id":"Q12003961","candidates":[]}],[{"start":0,"end":6,"url":null,"entity_id":"Q20","candidates":[]}],[{"start":0,"end":8,"url":null,"entity_id":"Q494680","candidates":[]}]],[[{"start":0,"end":7,"url":null,"entity_id":"Q1783413","candidates":[]}],[{"start":0,"end":6,"url":null,"entity_id":"Q20","candidates":[]}],[{"start":0,"end":8,"url":null,"entity_id":"Q494680","candidates":[]}]],[[{"start":0,"end":6,"url":null,"entity_id":"Q25247462","candidates":[]}],[{"start":0,"end":6,"url":null,"entity_id":"Q20","candidates":[]}],[{"start":0,"end":5,"url":null,"entity_id":"Q488979","candidates":[]}]],[[{"start":0,"end":4,"url":null,"entity_id":"Q3529153","candidates":[]}],[{"start":0,"end":6,"url":null,"entity_id":"Q20","candidates":[]}],[{"start":0,"end":8,"url":null,"entity_id":"Q487636","candidates":[]}]]]}