{"version":"1.2","table":{"version":"2","table_id":"SJNAZY6Q","columns":[{"index":0,"name":"col0","values":["Temósachic Municipality","Ajuchitlán del Progreso Municipality","Chalchicomula de Sesma Municipality","Maxcanú Municipality","Matamoros","Guachochi Municipality","Delicias Municipality","Manuel Benavides Municipality","Palizada Municipality","Nuevo Casas Grandes Municipality","San Ignacio Municipality","Comala Municipality","Izamal Municipality","Calakmul Municipality","Namiquipa Municipality","San Francisco de los Romo Municipality","Mártir de Cuilapán","Allende Municipality","Navolato Municipality","Buenaventura Municipality"]},{"index":1,"name":"col1","values":["2569","1066","2649","30","1943","2345","1280","1620","10","1840","164","955","20","390","2220","1897","1941","1660","9","1572"]},{"index":2,"name":"col2","values":["Chihuahua","Guerrero","Puebla","Yucatán","Chihuahua","Chihuahua","Chihuahua","Chihuahua","Campeche","Chihuahua","Sinaloa","Colima","Yucatán","Campeche","Chihuahua","Aguascalientes","Guerrero","Chihuahua","Sinaloa","Chihuahua"]},{"index":3,"name":"col3","values":["Temósachic","Ajuchitlán","Ciudad Serdán","Maxcanú","Mariano Matamoros","Guachochi","Puebla","Manuel Benavides","Palizada","Nuevo Casas Grandes","San Ignacio","Comala","Izamal","Xpujil","Namiquipa","San Francisco de los Romo","Apango","Valle de Ignacio Allende","Navolato, Sinaloa","San Buenaventura, Chihuahua"]}]},"context":{"page_title":null,"page_url":null,"page_entity_id":null,"content_hierarchy":[]},"links":[[[{"start":0,"end":23,"url":null,"entity_id":"Q2652333","candidates":[]}],[],[{"start":0,"end":9,"url":null,"entity_id":"Q655","candidates":[]}],[{"start":0,"end":10,"url":null,"entity_id":"Q2455181","candidates":[]}]],[[{"start":0,"end":36,"url":null,"entity_id":"Q2651910","candidates":[]}],[],[{"start":0,"end":8,"url":null,"entity_id":"Q60158","candidates":[]}],[{"start":0,"end":10,"url":null,"entity_id":"Q2449516","candidates":[]}]],[[{"start":0,"end":35,"url":null,"entity_id":"Q2652050","candidates":[]}],[],[{"start":0,"end":6,"url":null,"entity_id":"Q79923","candidates":[]}],[{"start":0,"end":13,"url":null,"entity_id":"Q2277969","candidates":[]}]],[[{"start":0,"end":20,"url":null,"entity_id":"Q2651851","candidates":[]}],[],[{"start":0,"end":7,"url":null,"entity_id":"Q60176","candidates":[]}],[{"start":0,"end":7,"url":null,"entity_id":"Q2000119","candidates":[]}]],[[{"start":0,"end":9,"url":null,"entity_id":"Q2652261","candidates":[]}],[],[{"start":0,"end":9,"url":null,"entity_id":"Q655","candidates":[]}],[{"start":0,"end":17,"url":null,"entity_id":"Q2000111","candidates":[]}]],[[{"start":0,"end":22,"url":null,"entity_id":"Q2656458","candidates":[]}],[],[{"start":0,"end":9,"url":null,"entity_id":"Q655","candidates":[]}],[{"start":0,"end":9,"url":null,"entity_id":"Q1997268","candidates":[]}]],[[{"start":0,"end":21,"url":null,"entity_id":"Q2652248","candidates":[]}],[],[{"start":0,"end":9,"url":null,"entity_id":"Q655","candidates":[]}],[{"start":0,"end":6,"url":null,"entity_id":"Q1962715","candidates":[]}]],[[{"start":0,"end":29,"url":null,"entity_id":"Q2652280","candidates":[]}],[],[{"start":0,"end":9,"url":null,"entity_id":"Q655","candidates":[]}],[{"start":0,"end":16,"url":null,"entity_id":"Q1953046","candidates":[]}]],[[{"start":0,"end":21,"url":null,"entity_id":"Q2605317","candidates":[]}],[],[{"start":0,"end":8,"url":null,"entity_id":"Q80908","candidates":[]}],[{"start":0,"end":8,"url":null,"entity_id":"Q1951053","candidates":[]}]],[[{"start":0,"end":32,"url":null,"entity_id":"Q2652317","candidates":[]}],[],[{"start":0,"end":9,"url":null,"entity_id":"Q655","candidates":[]}],[{"start":0,"end":19,"url":null,"entity_id":"Q1858936","candidates":[]}]],[[{"start":0,"end":24,"url":null,"entity_id":"Q2592307","candidates":[]}],[],[{"start":0,"end":7,"url":null,"entity_id":"Q80252","candidates":[]}],[{"start":0,"end":11,"url":null,"entity_id":"Q1754752","candidates":[]}]],[[{"start":0,"end":19,"url":null,"entity_id":"Q2598172","candidates":[]}],[],[{"start":0,"end":6,"url":null,"entity_id":"Q61309","candidates":[]}],[{"start":0,"end":6,"url":null,"entity_id":"Q1113251","candidates":[]}]],[[{"start":0,"end":19,"url":null,"entity_id":"Q2576941","candidates":[]}],[],[{"start":0,"end":7,"url":null,"entity_id":"Q60176","candidates":[]}],[{"start":0,"end":6,"url":null,"entity_id":"Q1020762","candidates":[]}]],[[{"start":0,"end":21,"url":null,"entity_id":"Q2605348","candidates":[]}],[],[{"start":0,"end":8,"url":null,"entity_id":"Q80908","candidates":[]}],[{"start":0,"end":6,"url":null,"entity_id":"Q950717","candidates":[]}]],[[{"start":0,"end":22,"url":null,"entity_id":"Q2652307","candidates":[]}],[],[{"start":0,"end":9,"url":null,"entity_id":"Q655","candidates":[]}],[{"start":0,"end":9,"url":null,"entity_id":"Q863021","candidates":[]}]],[[{"start":0,"end":38,"url":null,"entity_id":"Q2652349","candidates":[]}],[],[{"start":0,"end":14,"url":null,"entity_id":"Q79952","candidates":[]}],[{"start":0,"end":25,"url":null,"entity_id":"Q736725","candidates":[]}]],[[{"start":0,"end":18,"url":null,"entity_id":"Q2651777","candidates":[]}],[],[{"start":0,"end":8,"url":null,"entity_id":"Q60158","candidates":[]}],[{"start":0,"end":6,"url":null,"entity_id":"Q617608","candidates":[]}]],[[{"start":0,"end":20,"url":null,"entity_id":"Q2606327","candidates":[]}],[],[{"start":0,"end":9,"url":null,"entity_id":"Q655","candidates":[]}],[{"start":0,"end":24,"url":null,"entity_id":"Q616757","candidates":[]}]],[[{"start":0,"end":21,"url":null,"entity_id":"Q2652478","candidates":[]}],[],[{"start":0,"end":7,"url":null,"entity_id":"Q80252","candidates":[]}],[{"start":0,"end":17,"url":null,"entity_id":"Q615661","candidates":[]}]],[[{"start":0,"end":25,"url":null,"entity_id":"Q2656434","candidates":[]}],[],[{"start":0,"end":9,"url":null,"entity_id":"Q655","candidates":[]}],[{"start":0,"end":27,"url":null,"entity_id":"Q584751","candidates":[]}]]]}