{"version":"1.2","table":{"version":"2","table_id":"SJRDJ1HB","columns":[{"index":0,"name":"col0","values":["Ardennes","Sistema Ibérico","Blue Mountains","Pirin","Palatinate Forest","South Downs","High Tatras","Pieniny","Catskill Mountains","White Mountains","Rwenzori Mountains","Hoggar Mountains","Fruška Gora","Julian Alps","Iron Mountains","Khibiny mountains","Helan Mountains","Eastern Alps","Western Alps","Sierra Nevada"]},{"index":1,"name":"col1","values":["76422","40000","1436","2585","1771","670","341","750","15259","8910","1000","50000","348","7528","580","1300","67710.6","130000","74952","24370"]},{"index":2,"name":"col2","values":["Brockhaus and Efron Encyclopedic Dictionary","Meyers Konversations-Lexikon (1888–1889)","Brockhaus and Efron Encyclopedic Dictionary","Real'nyj slovar' klassicheskih drevnostej po Ljubkeru","Ottův slovník naučný","Ottův slovník naučný","Armenian Soviet Encyclopedia","Ottův slovník naučný","The Nuttall Encyclopædia","Brockhaus and Efron Encyclopedic Dictionary","Ottův slovník naučný","Brockhaus and Efron Encyclopedic Dictionary","Paulys Realenzyklopädie der klassischen Altertumswissenschaft","Yuzhakov Big Encyclopedia","Ottův slovník naučný","Armenian Soviet Encyclopedia","Armenian Soviet Encyclopedia","New Encyclopedic Dictionary","Armenian Soviet Encyclopedia","Armenian Soviet Encyclopedia"]},{"index":3,"name":"col3","values":["Belgium","Spain","Australia","Bulgaria","Germany","United Kingdom","Poland","Poland","United States of America","Canada","Democratic Republic of the Congo","Algeria","Croatia","Slovenia","Czech Republic","Russia","People's Republic of China","Italy","Italy","United States of America"]}]},"context":{"page_title":null,"page_url":null,"page_entity_id":null,"content_hierarchy":[]},"links":[[[{"start":0,"end":8,"url":null,"entity_id":"Q151985","candidates":[]}],[],[{"start":0,"end":43,"url":null,"entity_id":"Q602358","candidates":[]}],[{"start":0,"end":7,"url":null,"entity_id":"Q31","candidates":[]}]],[[{"start":0,"end":15,"url":null,"entity_id":"Q201496","candidates":[]}],[],[{"start":0,"end":40,"url":null,"entity_id":"Q19219752","candidates":[]}],[{"start":0,"end":5,"url":null,"entity_id":"Q29","candidates":[]}]],[[{"start":0,"end":14,"url":null,"entity_id":"Q667529","candidates":[]}],[],[{"start":0,"end":43,"url":null,"entity_id":"Q602358","candidates":[]}],[{"start":0,"end":9,"url":null,"entity_id":"Q408","candidates":[]}]],[[{"start":0,"end":5,"url":null,"entity_id":"Q726158","candidates":[]}],[],[{"start":0,"end":53,"url":null,"entity_id":"Q30059240","candidates":[]}],[{"start":0,"end":8,"url":null,"entity_id":"Q219","candidates":[]}]],[[{"start":0,"end":17,"url":null,"entity_id":"Q707004","candidates":[]}],[],[{"start":0,"end":20,"url":null,"entity_id":"Q2041543","candidates":[]}],[{"start":0,"end":7,"url":null,"entity_id":"Q183","candidates":[]}]],[[{"start":0,"end":11,"url":null,"entity_id":"Q584108","candidates":[]}],[],[{"start":0,"end":20,"url":null,"entity_id":"Q2041543","candidates":[]}],[{"start":0,"end":14,"url":null,"entity_id":"Q145","candidates":[]}]],[[{"start":0,"end":11,"url":null,"entity_id":"Q690323","candidates":[]}],[],[{"start":0,"end":28,"url":null,"entity_id":"Q2657718","candidates":[]}],[{"start":0,"end":6,"url":null,"entity_id":"Q36","candidates":[]}]],[[{"start":0,"end":7,"url":null,"entity_id":"Q677415","candidates":[]}],[],[{"start":0,"end":20,"url":null,"entity_id":"Q2041543","candidates":[]}],[{"start":0,"end":6,"url":null,"entity_id":"Q36","candidates":[]}]],[[{"start":0,"end":18,"url":null,"entity_id":"Q630566","candidates":[]}],[],[{"start":0,"end":24,"url":null,"entity_id":"Q3181656","candidates":[]}],[{"start":0,"end":24,"url":null,"entity_id":"Q30","candidates":[]}]],[[{"start":0,"end":15,"url":null,"entity_id":"Q1556007","candidates":[]}],[],[{"start":0,"end":43,"url":null,"entity_id":"Q602358","candidates":[]}],[{"start":0,"end":6,"url":null,"entity_id":"Q16","candidates":[]}]],[[{"start":0,"end":18,"url":null,"entity_id":"Q106540","candidates":[]}],[],[{"start":0,"end":20,"url":null,"entity_id":"Q2041543","candidates":[]}],[{"start":0,"end":32,"url":null,"entity_id":"Q974","candidates":[]}]],[[{"start":0,"end":16,"url":null,"entity_id":"Q26399","candidates":[]}],[],[{"start":0,"end":43,"url":null,"entity_id":"Q602358","candidates":[]}],[{"start":0,"end":7,"url":null,"entity_id":"Q262","candidates":[]}]],[[{"start":0,"end":11,"url":null,"entity_id":"Q116285","candidates":[]}],[],[{"start":0,"end":61,"url":null,"entity_id":"Q1138524","candidates":[]}],[{"start":0,"end":7,"url":null,"entity_id":"Q224","candidates":[]}]],[[{"start":0,"end":11,"url":null,"entity_id":"Q119206","candidates":[]}],[],[{"start":0,"end":25,"url":null,"entity_id":"Q4091878","candidates":[]}],[{"start":0,"end":8,"url":null,"entity_id":"Q215","candidates":[]}]],[[{"start":0,"end":14,"url":null,"entity_id":"Q131979","candidates":[]}],[],[{"start":0,"end":20,"url":null,"entity_id":"Q2041543","candidates":[]}],[{"start":0,"end":14,"url":null,"entity_id":"Q213","candidates":[]}]],[[{"start":0,"end":17,"url":null,"entity_id":"Q38131","candidates":[]}],[],[{"start":0,"end":28,"url":null,"entity_id":"Q2657718","candidates":[]}],[{"start":0,"end":6,"url":null,"entity_id":"Q159","candidates":[]}]],[[{"start":0,"end":15,"url":null,"entity_id":"Q13770","candidates":[]}],[],[{"start":0,"end":28,"url":null,"entity_id":"Q2657718","candidates":[]}],[{"start":0,"end":26,"url":null,"entity_id":"Q148","candidates":[]}]],[[{"start":0,"end":12,"url":null,"entity_id":"Q63817","candidates":[]}],[],[{"start":0,"end":27,"url":null,"entity_id":"Q19190511","candidates":[]}],[{"start":0,"end":5,"url":null,"entity_id":"Q38","candidates":[]}]],[[{"start":0,"end":12,"url":null,"entity_id":"Q74259","candidates":[]}],[],[{"start":0,"end":28,"url":null,"entity_id":"Q2657718","candidates":[]}],[{"start":0,"end":5,"url":null,"entity_id":"Q38","candidates":[]}]],[[{"start":0,"end":13,"url":null,"entity_id":"Q26777","candidates":[]}],[],[{"start":0,"end":28,"url":null,"entity_id":"Q2657718","candidates":[]}],[{"start":0,"end":24,"url":null,"entity_id":"Q30","candidates":[]}]]]}