{"version":"1.2","table":{"version":"2","table_id":"SLW0M3PZ","columns":[{"index":0,"name":"col0","values":["Utica","Bataya","Cotland","Trnawanda","Wathrvliet","Cokoes","Norwch","Salamancb","Jlens Falls","anandaigua","Saratoga Sprigs","Glen ove","Eloira","unkirk","Beacoq","Skerrill","Troy","Crning","Whiue Plains","Schhnectady"]},{"index":1,"name":"col1","values":["43.714172352000006","13.542545185","10.187955344999999","10.522119942","1.47704","4.26968","5.463649845","16.295466034999997","10.238539293","4.879099999999999","74.25551721","19.06684","19.726518884999997","4.554549999999999","12.75421738","5.992665678999999","28.837958471999997","8.496608598","25.780709492999996","28.174564057999998"]},{"index":2,"name":"col2","values":["138.444","271.456","344.0","175.044","8.919","10.978","308.073","419.737","105.73499999999999","226.71","90.09","6.944","266.0","186.684","42.041999999999994","151.392","151.544","283.716","65.195","73.334"]},{"index":3,"name":"col3","values":["61799.355","15434.07","19069.572","15160.26","10243.746","16103.328","7233.14","5803.37","14626.5","10513.365","26532.828","27152.747999999996","29054.0","12525.311","15587.622999999998","3040.29","48924.15","11082.353","58213.196","65804.325"]}]},"context":{"page_title":null,"page_url":null,"page_entity_id":null,"content_hierarchy":[]},"links":[[[{"start":0,"end":5,"url":null,"entity_id":"Q2495519","candidates":[]}],[],[],[]],[[{"start":0,"end":6,"url":null,"entity_id":"Q1380988","candidates":[]}],[],[],[]],[[{"start":0,"end":7,"url":null,"entity_id":"Q1380739","candidates":[]}],[],[],[]],[[{"start":0,"end":9,"url":null,"entity_id":"Q1380722","candidates":[]}],[],[],[]],[[{"start":0,"end":10,"url":null,"entity_id":"Q1380709","candidates":[]}],[],[],[]],[[{"start":0,"end":6,"url":null,"entity_id":"Q1380598","candidates":[]}],[],[],[]],[[{"start":0,"end":6,"url":null,"entity_id":"Q1380484","candidates":[]}],[],[],[]],[[{"start":0,"end":9,"url":null,"entity_id":"Q1380435","candidates":[]}],[],[],[]],[[{"start":0,"end":11,"url":null,"entity_id":"Q1379621","candidates":[]}],[],[],[]],[[{"start":0,"end":10,"url":null,"entity_id":"Q1363104","candidates":[]}],[],[],[]],[[{"start":0,"end":15,"url":null,"entity_id":"Q1144357","candidates":[]}],[],[],[]],[[{"start":0,"end":8,"url":null,"entity_id":"Q1006668","candidates":[]}],[],[],[]],[[{"start":0,"end":6,"url":null,"entity_id":"Q934135","candidates":[]}],[],[],[]],[[{"start":0,"end":6,"url":null,"entity_id":"Q911609","candidates":[]}],[],[],[]],[[{"start":0,"end":6,"url":null,"entity_id":"Q812892","candidates":[]}],[],[],[]],[[{"start":0,"end":8,"url":null,"entity_id":"Q669876","candidates":[]}],[],[],[]],[[{"start":0,"end":4,"url":null,"entity_id":"Q600301","candidates":[]}],[],[],[]],[[{"start":0,"end":6,"url":null,"entity_id":"Q576395","candidates":[]}],[],[],[]],[[{"start":0,"end":12,"url":null,"entity_id":"Q462177","candidates":[]}],[],[],[]],[[{"start":0,"end":11,"url":null,"entity_id":"Q331380","candidates":[]}],[],[],[]]]}