{"version":"1.2","table":{"version":"2","table_id":"SOOZRP10","columns":[{"index":0,"name":"col0","values":["Darlington","Darch","Dalkeith","Daglish","Currambine","Cullacabardee","Crawley","Coolbinia","Clarkson","City Beach","Chidlow","Caversham","Carramar","Carabooda","Butler","Bullsbrook","Bertram","Bellevue","Belhus","Beldon"]},{"index":1,"name":"col1","values":["3656","6118","4240","1419","6912","36","4095","1660","11687","6609","1828","5290","6605","737","9653","5185","6214","1521","278","3943"]},{"index":2,"name":"col2","values":["1801","3570","2099","701","3452","16","2060","820","6392","3234","926","2637","3510","246","6493","2572","3117","771","134","1943"]},{"index":3,"name":"col3","values":["143","50","24","27","57","39","10","40","28","37","299","4","56","28","33","30","14","21","18","45"]},{"index":4,"name":"col4","values":["1855","3515","2139","722","3462","23","2037","838","6574","3380","898","2652","3658","196","6787","2612","3093","756","140","2006"]}]},"context":{"page_title":null,"page_url":null,"page_entity_id":null,"content_hierarchy":[]},"links":[[[{"start":0,"end":10,"url":null,"entity_id":"Q5223966","candidates":[]}],[],[],[],[]],[[{"start":0,"end":5,"url":null,"entity_id":"Q5222326","candidates":[]}],[],[],[],[]],[[{"start":0,"end":8,"url":null,"entity_id":"Q5211061","candidates":[]}],[],[],[],[]],[[{"start":0,"end":7,"url":null,"entity_id":"Q5208571","candidates":[]}],[],[],[],[]],[[{"start":0,"end":10,"url":null,"entity_id":"Q5194946","candidates":[]}],[],[],[],[]],[[{"start":0,"end":13,"url":null,"entity_id":"Q5192967","candidates":[]}],[],[],[],[]],[[{"start":0,"end":7,"url":null,"entity_id":"Q5182964","candidates":[]}],[],[],[],[]],[[{"start":0,"end":9,"url":null,"entity_id":"Q5167418","candidates":[]}],[],[],[],[]],[[{"start":0,"end":8,"url":null,"entity_id":"Q5127629","candidates":[]}],[],[],[],[]],[[{"start":0,"end":10,"url":null,"entity_id":"Q5123039","candidates":[]}],[],[],[],[]],[[{"start":0,"end":7,"url":null,"entity_id":"Q5096621","candidates":[]}],[],[],[],[]],[[{"start":0,"end":9,"url":null,"entity_id":"Q5055079","candidates":[]}],[],[],[],[]],[[{"start":0,"end":8,"url":null,"entity_id":"Q5046010","candidates":[]}],[],[],[],[]],[[{"start":0,"end":9,"url":null,"entity_id":"Q5037352","candidates":[]}],[],[],[],[]],[[{"start":0,"end":6,"url":null,"entity_id":"Q5002555","candidates":[]}],[],[],[],[]],[[{"start":0,"end":10,"url":null,"entity_id":"Q4997041","candidates":[]}],[],[],[],[]],[[{"start":0,"end":7,"url":null,"entity_id":"Q4895742","candidates":[]}],[],[],[],[]],[[{"start":0,"end":8,"url":null,"entity_id":"Q4883897","candidates":[]}],[],[],[],[]],[[{"start":0,"end":6,"url":null,"entity_id":"Q4882726","candidates":[]}],[],[],[],[]],[[{"start":0,"end":6,"url":null,"entity_id":"Q4882130","candidates":[]}],[],[],[],[]]]}