{"version":"1.2","table":{"version":"2","table_id":"SPGMTG8N","columns":[{"index":0,"name":"col0","values":["Mexico City","Manila","Lianyungang","Hohhot","Tongliao","Ordos City","Xianyang","Baoji","Yan'an","Shangluo","Yulin","Hanzhong","Quanzhou","Riyadh","Voronezh","La gran bretaña","Jakarta","Sapporo","İzmir","Yokohama"]},{"index":1,"name":"col1","values":["1521-08-23","1571-07-04","1935-04-01","1580-01-01","1999-01-13","2001-05-01","1950-01-01","1950-01-01","1996-11-05","2002-01-01","1969-01-01","1996-01-01","0260-01-01","1701-01-01","1586-01-01","1538-08-16","1527-07-02","1870-01-01","-3000-01-01T00:00:00Z","1889-04-01"]},{"index":2,"name":"col2","values":["Tláhuac","Paco","Xinpu District","Togtoh County","Naiman Banner","Dalad Banner","Binzhou","Jintai District","Zhidan County","Zhashui County","Fugu County","Foping County","Jinjiang","Al-Bathaa","Zheleznodorozhny District (Voronezh)","Rafael Uribe Uribe","Thousand Islands","Shiroishi-ku","Narlıdere","Totsuka-ku"]}]},"context":{"page_title":null,"page_url":null,"page_entity_id":null,"content_hierarchy":[]},"links":[[[{"start":0,"end":11,"url":null,"entity_id":"Q1489","candidates":[]}],[],[{"start":0,"end":7,"url":null,"entity_id":"Q408181","candidates":[]}]],[[{"start":0,"end":6,"url":null,"entity_id":"Q1461","candidates":[]}],[],[{"start":0,"end":4,"url":null,"entity_id":"Q256494","candidates":[]}]],[[{"start":0,"end":11,"url":null,"entity_id":"Q57756","candidates":[]}],[],[{"start":0,"end":14,"url":null,"entity_id":"Q1197645","candidates":[]}]],[[{"start":0,"end":6,"url":null,"entity_id":"Q535534","candidates":[]}],[],[{"start":0,"end":13,"url":null,"entity_id":"Q661113","candidates":[]}]],[[{"start":0,"end":8,"url":null,"entity_id":"Q570884","candidates":[]}],[],[{"start":0,"end":13,"url":null,"entity_id":"Q289494","candidates":[]}]],[[{"start":0,"end":10,"url":null,"entity_id":"Q570937","candidates":[]}],[],[{"start":0,"end":12,"url":null,"entity_id":"Q187433","candidates":[]}]],[[{"start":0,"end":8,"url":null,"entity_id":"Q497341","candidates":[]}],[],[{"start":0,"end":7,"url":null,"entity_id":"Q863480","candidates":[]}]],[[{"start":0,"end":5,"url":null,"entity_id":"Q514796","candidates":[]}],[],[{"start":0,"end":15,"url":null,"entity_id":"Q649246","candidates":[]}]],[[{"start":0,"end":6,"url":null,"entity_id":"Q515388","candidates":[]}],[],[{"start":0,"end":13,"url":null,"entity_id":"Q197773","candidates":[]}]],[[{"start":0,"end":8,"url":null,"entity_id":"Q515983","candidates":[]}],[],[{"start":0,"end":14,"url":null,"entity_id":"Q197529","candidates":[]}]],[[{"start":0,"end":5,"url":null,"entity_id":"Q515712","candidates":[]}],[],[{"start":0,"end":11,"url":null,"entity_id":"Q179395","candidates":[]}]],[[{"start":0,"end":8,"url":null,"entity_id":"Q515573","candidates":[]}],[],[{"start":0,"end":13,"url":null,"entity_id":"Q178978","candidates":[]}]],[[{"start":0,"end":8,"url":null,"entity_id":"Q68695","candidates":[]}],[],[{"start":0,"end":8,"url":null,"entity_id":"Q128883","candidates":[]}]],[[{"start":0,"end":6,"url":null,"entity_id":"Q3692","candidates":[]}],[],[{"start":0,"end":9,"url":null,"entity_id":"Q4702280","candidates":[]}]],[[{"start":0,"end":8,"url":null,"entity_id":"Q3426","candidates":[]}],[],[{"start":0,"end":36,"url":null,"entity_id":"Q4178956","candidates":[]}]],[[{"start":0,"end":15,"url":null,"entity_id":"Q2841","candidates":[]}],[],[{"start":0,"end":18,"url":null,"entity_id":"Q267349","candidates":[]}]],[[{"start":0,"end":7,"url":null,"entity_id":"Q3630","candidates":[]}],[],[{"start":0,"end":16,"url":null,"entity_id":"Q10107","candidates":[]}]],[[{"start":0,"end":7,"url":null,"entity_id":"Q37951","candidates":[]}],[],[{"start":0,"end":12,"url":null,"entity_id":"Q647388","candidates":[]}]],[[{"start":0,"end":5,"url":null,"entity_id":"Q35997","candidates":[]}],[],[{"start":0,"end":9,"url":null,"entity_id":"Q643505","candidates":[]}]],[[{"start":0,"end":8,"url":null,"entity_id":"Q38283","candidates":[]}],[],[{"start":0,"end":10,"url":null,"entity_id":"Q524038","candidates":[]}]]]}