{"version":"1.2","table":{"version":"2","table_id":"SPS72WKF","columns":[{"index":0,"name":"col0","values":["radium-234","radium-232","radium-231","radium-230","radium-229","radium-227","radium-225","radium-223","radium-222","radium-221","radium-220","radium-218","radium-217","radium-216","radium-215","radium-214","radium-213","radium-212","radium-210","radium-209"]},{"index":1,"name":"col1","values":["0","0","2.5","0","2.5","1.5","0.5","1.5","0","2.5","0","0","4.5","0","4.5","0","0.5","0","0","2.5"]},{"index":2,"name":"col2","values":["1772911.062","1763202.088","1757411.271","1753040.22","1746923.065","1736164.781","1725206.85","1713823.907","1708665.624","1701950.835","1696573.12","1684049.564","1676739.687","1671266.952","1663952.94","1658322.594","1649998.536","1642471.696","1625687.28","1616200.553"]},{"index":3,"name":"col3","values":["1","1","1","1","1","1","1","1","1","1","1","1","1","1","1","1","-1","1","1","-1"]}]},"context":{"page_title":null,"page_url":null,"page_entity_id":null,"content_hierarchy":[]},"links":[[[{"start":0,"end":10,"url":null,"entity_id":"Q18888819","candidates":[]}],[],[],[]],[[{"start":0,"end":10,"url":null,"entity_id":"Q18888816","candidates":[]}],[],[],[]],[[{"start":0,"end":10,"url":null,"entity_id":"Q18888814","candidates":[]}],[],[],[]],[[{"start":0,"end":10,"url":null,"entity_id":"Q18888813","candidates":[]}],[],[],[]],[[{"start":0,"end":10,"url":null,"entity_id":"Q18888812","candidates":[]}],[],[],[]],[[{"start":0,"end":10,"url":null,"entity_id":"Q18888809","candidates":[]}],[],[],[]],[[{"start":0,"end":10,"url":null,"entity_id":"Q18888807","candidates":[]}],[],[],[]],[[{"start":0,"end":10,"url":null,"entity_id":"Q18888805","candidates":[]}],[],[],[]],[[{"start":0,"end":10,"url":null,"entity_id":"Q18888803","candidates":[]}],[],[],[]],[[{"start":0,"end":10,"url":null,"entity_id":"Q18888801","candidates":[]}],[],[],[]],[[{"start":0,"end":10,"url":null,"entity_id":"Q18888800","candidates":[]}],[],[],[]],[[{"start":0,"end":10,"url":null,"entity_id":"Q18888797","candidates":[]}],[],[],[]],[[{"start":0,"end":10,"url":null,"entity_id":"Q18888794","candidates":[]}],[],[],[]],[[{"start":0,"end":10,"url":null,"entity_id":"Q18888790","candidates":[]}],[],[],[]],[[{"start":0,"end":10,"url":null,"entity_id":"Q18888764","candidates":[]}],[],[],[]],[[{"start":0,"end":10,"url":null,"entity_id":"Q18888754","candidates":[]}],[],[],[]],[[{"start":0,"end":10,"url":null,"entity_id":"Q18888749","candidates":[]}],[],[],[]],[[{"start":0,"end":10,"url":null,"entity_id":"Q18888742","candidates":[]}],[],[],[]],[[{"start":0,"end":10,"url":null,"entity_id":"Q18888737","candidates":[]}],[],[],[]],[[{"start":0,"end":10,"url":null,"entity_id":"Q18888735","candidates":[]}],[],[],[]]]}