{"version":"1.2","table":{"version":"2","table_id":"SQ2LQST9","columns":[{"index":0,"name":"col0","values":["1970 Scottish Open Badminton Championships","1984 Scottish Open Badminton Championships (November)","2018 Scottish Open Badminton Championships","2017 Scottish Open Badminton Championships","2016 Scottish Open Badminton Championships","2015 Scottish Open Badminton Championships","2014 Scottish Open Badminton Championships","1982 Scottish Open Badminton Championships","1986 Scottish Open Badminton Championships","1968 Scottish Open Badminton Championships","1921 Scottish Open Badminton Championships","1914 Scottish Open Badminton Championships","1913 Scottish Open Badminton Championships","1912 Scottish Open Badminton Championships","1911 Scottish Open Badminton Championships","1910 Scottish Open Badminton Championships","1956 Scottish Open Badminton Championships","1955 Scottish Open Badminton Championships","1954 Scottish Open Badminton Championships","1953 Scottish Open Badminton Championships"]},{"index":1,"name":"col1","values":["1969 Scottish Open Badminton Championships","1984 Scottish Open Badminton Championships","2017 Scottish Open Badminton Championships","2016 Scottish Open Badminton Championships","2015 Scottish Open Badminton Championships","2014 Scottish Open Badminton Championships","2013 Scottish Open Badminton Championships","1981 Scottish Open Badminton Championships","1985 Scottish Open Badminton Championships","1967 Scottish Open Badminton Championships","1914 Scottish Open Badminton Championships","1913 Scottish Open Badminton Championships","1912 Scottish Open Badminton Championships","1911 Scottish Open Badminton Championships","1910 Scottish Open Badminton Championships","1909 Scottish Open Badminton Championships","1955 Scottish Open Badminton Championships","1954 Scottish Open Badminton Championships","1953 Scottish Open Badminton Championships","1952 Scottish Open Badminton Championships"]},{"index":2,"name":"col2","values":["Edinburgh","Edinburgh","Glasgow","Glasgow","Glasgow","Glasgow","Glasgow","Edinburgh","Edinburgh","Edinburgh","Glasgow","Glasgow","Aberdeen","Edinburgh","Glasgow","Aberdeen","Edinburgh","Edinburgh","Dumfries","Dumfries"]},{"index":3,"name":"col3","values":["1970-01-01","1984-01-01","2018-01-01","2017-01-01","2016-01-01","2015-01-01","2014-01-01","1982-01-01","1986-01-01","1968-01-01","1921-01-01","1914-01-01","1913-01-01","1912-01-01","1911-01-01","1910-01-01","1956-01-01","1955-01-01","1954-01-01","1953-01-01"]},{"index":4,"name":"col4","values":["1970 Scottish Open Badminton Championships – Men's doubles","1984 Scottish Open Badminton Championships (November) – Men's doubles","2018 Scottish Open Badminton Championships – Mixed doubles","2017 Scottish Open Badminton Championships – Mixed doubles","2016 Scottish Open Badminton Championships – Mixed doubles","2015 Scottish Open Badminton Championships – Mixed doubles","2014 Scottish Open Badminton Championships – Mixed doubles","1982 Scottish Open Badminton Championships – Men's doubles","1986 Scottish Open Badminton Championships – Men's doubles","1968 Scottish Open Badminton Championships – Women's doubles","1921 Scottish Open Badminton Championships – Men's doubles","1914 Scottish Open Badminton Championships – Men's doubles","1913 Scottish Open Badminton Championships – Men's doubles","1912 Scottish Open Badminton Championships – Men's doubles","1911 Scottish Open Badminton Championships – Men's doubles","1910 Scottish Open Badminton Championships – Men's doubles","1956 Scottish Open Badminton Championships – Men's doubles","1955 Scottish Open Badminton Championships – Men's doubles","1954 Scottish Open Badminton Championships – Men's doubles","1953 Scottish Open Badminton Championships – Men's doubles"]},{"index":5,"name":"col5","values":["1971 Scottish Open Badminton Championships","1985 Scottish Open Badminton Championships","2019 Scottish Open Badminton Championships","2018 Scottish Open Badminton Championships","2017 Scottish Open Badminton Championships","2016 Scottish Open Badminton Championships","2015 Scottish Open Badminton Championships","1983 Scottish Open Badminton Championships","1987 Scottish Open Badminton Championships","1969 Scottish Open Badminton Championships","1922 Scottish Open Badminton Championships","1921 Scottish Open Badminton Championships","1914 Scottish Open Badminton Championships","1913 Scottish Open Badminton Championships","1912 Scottish Open Badminton Championships","1911 Scottish Open Badminton Championships","1957 Scottish Open Badminton Championships","1956 Scottish Open Badminton Championships","1955 Scottish Open Badminton Championships","1954 Scottish Open Badminton Championships"]},{"index":6,"name":"col6","values":["badminton","badminton","badminton","badminton","badminton","badminton","badminton","badminton","badminton","badminton","badminton","badminton","badminton","badminton","badminton","badminton","badminton","badminton","badminton","badminton"]}]},"context":{"page_title":null,"page_url":null,"page_entity_id":null,"content_hierarchy":[]},"links":[[[{"start":0,"end":42,"url":null,"entity_id":"Q2800246","candidates":[]}],[{"start":0,"end":42,"url":null,"entity_id":"Q2261312","candidates":[]}],[{"start":0,"end":9,"url":null,"entity_id":"Q23436","candidates":[]}],[],[{"start":0,"end":58,"url":null,"entity_id":"Q62107576","candidates":[]}],[{"start":0,"end":42,"url":null,"entity_id":"Q1750158","candidates":[]}],[{"start":0,"end":9,"url":null,"entity_id":"Q7291","candidates":[]}]],[[{"start":0,"end":53,"url":null,"entity_id":"Q13486945","candidates":[]}],[{"start":0,"end":42,"url":null,"entity_id":"Q2261324","candidates":[]}],[{"start":0,"end":9,"url":null,"entity_id":"Q23436","candidates":[]}],[],[{"start":0,"end":69,"url":null,"entity_id":"Q62107594","candidates":[]}],[{"start":0,"end":42,"url":null,"entity_id":"Q1646977","candidates":[]}],[{"start":0,"end":9,"url":null,"entity_id":"Q7291","candidates":[]}]],[[{"start":0,"end":42,"url":null,"entity_id":"Q58041004","candidates":[]}],[{"start":0,"end":42,"url":null,"entity_id":"Q42532261","candidates":[]}],[{"start":0,"end":7,"url":null,"entity_id":"Q4093","candidates":[]}],[],[{"start":0,"end":58,"url":null,"entity_id":"Q62108200","candidates":[]}],[{"start":0,"end":42,"url":null,"entity_id":"Q62107473","candidates":[]}],[{"start":0,"end":9,"url":null,"entity_id":"Q7291","candidates":[]}]],[[{"start":0,"end":42,"url":null,"entity_id":"Q42532261","candidates":[]}],[{"start":0,"end":42,"url":null,"entity_id":"Q26869753","candidates":[]}],[{"start":0,"end":7,"url":null,"entity_id":"Q4093","candidates":[]}],[],[{"start":0,"end":58,"url":null,"entity_id":"Q62108199","candidates":[]}],[{"start":0,"end":42,"url":null,"entity_id":"Q58041004","candidates":[]}],[{"start":0,"end":9,"url":null,"entity_id":"Q7291","candidates":[]}]],[[{"start":0,"end":42,"url":null,"entity_id":"Q26869753","candidates":[]}],[{"start":0,"end":42,"url":null,"entity_id":"Q21497796","candidates":[]}],[{"start":0,"end":7,"url":null,"entity_id":"Q4093","candidates":[]}],[],[{"start":0,"end":58,"url":null,"entity_id":"Q62108198","candidates":[]}],[{"start":0,"end":42,"url":null,"entity_id":"Q42532261","candidates":[]}],[{"start":0,"end":9,"url":null,"entity_id":"Q7291","candidates":[]}]],[[{"start":0,"end":42,"url":null,"entity_id":"Q21497796","candidates":[]}],[{"start":0,"end":42,"url":null,"entity_id":"Q18572198","candidates":[]}],[{"start":0,"end":7,"url":null,"entity_id":"Q4093","candidates":[]}],[],[{"start":0,"end":58,"url":null,"entity_id":"Q62108197","candidates":[]}],[{"start":0,"end":42,"url":null,"entity_id":"Q26869753","candidates":[]}],[{"start":0,"end":9,"url":null,"entity_id":"Q7291","candidates":[]}]],[[{"start":0,"end":42,"url":null,"entity_id":"Q18572198","candidates":[]}],[{"start":0,"end":42,"url":null,"entity_id":"Q15228571","candidates":[]}],[{"start":0,"end":7,"url":null,"entity_id":"Q4093","candidates":[]}],[],[{"start":0,"end":58,"url":null,"entity_id":"Q62108195","candidates":[]}],[{"start":0,"end":42,"url":null,"entity_id":"Q21497796","candidates":[]}],[{"start":0,"end":9,"url":null,"entity_id":"Q7291","candidates":[]}]],[[{"start":0,"end":42,"url":null,"entity_id":"Q2261319","candidates":[]}],[{"start":0,"end":42,"url":null,"entity_id":"Q26868635","candidates":[]}],[{"start":0,"end":9,"url":null,"entity_id":"Q23436","candidates":[]}],[],[{"start":0,"end":58,"url":null,"entity_id":"Q62107590","candidates":[]}],[{"start":0,"end":42,"url":null,"entity_id":"Q26868636","candidates":[]}],[{"start":0,"end":9,"url":null,"entity_id":"Q7291","candidates":[]}]],[[{"start":0,"end":42,"url":null,"entity_id":"Q2261327","candidates":[]}],[{"start":0,"end":42,"url":null,"entity_id":"Q1646977","candidates":[]}],[{"start":0,"end":9,"url":null,"entity_id":"Q23436","candidates":[]}],[],[{"start":0,"end":58,"url":null,"entity_id":"Q62107599","candidates":[]}],[{"start":0,"end":42,"url":null,"entity_id":"Q13505640","candidates":[]}],[{"start":0,"end":9,"url":null,"entity_id":"Q7291","candidates":[]}]],[[{"start":0,"end":42,"url":null,"entity_id":"Q2800245","candidates":[]}],[{"start":0,"end":42,"url":null,"entity_id":"Q2800243","candidates":[]}],[{"start":0,"end":9,"url":null,"entity_id":"Q23436","candidates":[]}],[],[{"start":0,"end":60,"url":null,"entity_id":"Q62107828","candidates":[]}],[{"start":0,"end":42,"url":null,"entity_id":"Q2261312","candidates":[]}],[{"start":0,"end":9,"url":null,"entity_id":"Q7291","candidates":[]}]],[[{"start":0,"end":42,"url":null,"entity_id":"Q2261218","candidates":[]}],[{"start":0,"end":42,"url":null,"entity_id":"Q2261215","candidates":[]}],[{"start":0,"end":7,"url":null,"entity_id":"Q4093","candidates":[]}],[],[{"start":0,"end":58,"url":null,"entity_id":"Q62107533","candidates":[]}],[{"start":0,"end":42,"url":null,"entity_id":"Q2261219","candidates":[]}],[{"start":0,"end":9,"url":null,"entity_id":"Q7291","candidates":[]}]],[[{"start":0,"end":42,"url":null,"entity_id":"Q2261215","candidates":[]}],[{"start":0,"end":42,"url":null,"entity_id":"Q2261210","candidates":[]}],[{"start":0,"end":7,"url":null,"entity_id":"Q4093","candidates":[]}],[],[{"start":0,"end":58,"url":null,"entity_id":"Q62107532","candidates":[]}],[{"start":0,"end":42,"url":null,"entity_id":"Q2261218","candidates":[]}],[{"start":0,"end":9,"url":null,"entity_id":"Q7291","candidates":[]}]],[[{"start":0,"end":42,"url":null,"entity_id":"Q2261210","candidates":[]}],[{"start":0,"end":42,"url":null,"entity_id":"Q2261208","candidates":[]}],[{"start":0,"end":8,"url":null,"entity_id":"Q36405","candidates":[]}],[],[{"start":0,"end":58,"url":null,"entity_id":"Q62107531","candidates":[]}],[{"start":0,"end":42,"url":null,"entity_id":"Q2261215","candidates":[]}],[{"start":0,"end":9,"url":null,"entity_id":"Q7291","candidates":[]}]],[[{"start":0,"end":42,"url":null,"entity_id":"Q2261208","candidates":[]}],[{"start":0,"end":42,"url":null,"entity_id":"Q2261206","candidates":[]}],[{"start":0,"end":9,"url":null,"entity_id":"Q23436","candidates":[]}],[],[{"start":0,"end":58,"url":null,"entity_id":"Q62107530","candidates":[]}],[{"start":0,"end":42,"url":null,"entity_id":"Q2261210","candidates":[]}],[{"start":0,"end":9,"url":null,"entity_id":"Q7291","candidates":[]}]],[[{"start":0,"end":42,"url":null,"entity_id":"Q2261206","candidates":[]}],[{"start":0,"end":42,"url":null,"entity_id":"Q2261205","candidates":[]}],[{"start":0,"end":7,"url":null,"entity_id":"Q4093","candidates":[]}],[],[{"start":0,"end":58,"url":null,"entity_id":"Q62107529","candidates":[]}],[{"start":0,"end":42,"url":null,"entity_id":"Q2261208","candidates":[]}],[{"start":0,"end":9,"url":null,"entity_id":"Q7291","candidates":[]}]],[[{"start":0,"end":42,"url":null,"entity_id":"Q2261205","candidates":[]}],[{"start":0,"end":42,"url":null,"entity_id":"Q2261199","candidates":[]}],[{"start":0,"end":8,"url":null,"entity_id":"Q36405","candidates":[]}],[],[{"start":0,"end":58,"url":null,"entity_id":"Q62107527","candidates":[]}],[{"start":0,"end":42,"url":null,"entity_id":"Q2261206","candidates":[]}],[{"start":0,"end":9,"url":null,"entity_id":"Q7291","candidates":[]}]],[[{"start":0,"end":42,"url":null,"entity_id":"Q2261308","candidates":[]}],[{"start":0,"end":42,"url":null,"entity_id":"Q2261305","candidates":[]}],[{"start":0,"end":9,"url":null,"entity_id":"Q23436","candidates":[]}],[],[{"start":0,"end":58,"url":null,"entity_id":"Q62107562","candidates":[]}],[{"start":0,"end":42,"url":null,"entity_id":"Q2800229","candidates":[]}],[{"start":0,"end":9,"url":null,"entity_id":"Q7291","candidates":[]}]],[[{"start":0,"end":42,"url":null,"entity_id":"Q2261305","candidates":[]}],[{"start":0,"end":42,"url":null,"entity_id":"Q2261302","candidates":[]}],[{"start":0,"end":9,"url":null,"entity_id":"Q23436","candidates":[]}],[],[{"start":0,"end":58,"url":null,"entity_id":"Q62107561","candidates":[]}],[{"start":0,"end":42,"url":null,"entity_id":"Q2261308","candidates":[]}],[{"start":0,"end":9,"url":null,"entity_id":"Q7291","candidates":[]}]],[[{"start":0,"end":42,"url":null,"entity_id":"Q2261302","candidates":[]}],[{"start":0,"end":42,"url":null,"entity_id":"Q2261299","candidates":[]}],[{"start":0,"end":8,"url":null,"entity_id":"Q652035","candidates":[]}],[],[{"start":0,"end":58,"url":null,"entity_id":"Q62107560","candidates":[]}],[{"start":0,"end":42,"url":null,"entity_id":"Q2261305","candidates":[]}],[{"start":0,"end":9,"url":null,"entity_id":"Q7291","candidates":[]}]],[[{"start":0,"end":42,"url":null,"entity_id":"Q2261299","candidates":[]}],[{"start":0,"end":42,"url":null,"entity_id":"Q2261295","candidates":[]}],[{"start":0,"end":8,"url":null,"entity_id":"Q652035","candidates":[]}],[],[{"start":0,"end":58,"url":null,"entity_id":"Q62107559","candidates":[]}],[{"start":0,"end":42,"url":null,"entity_id":"Q2261302","candidates":[]}],[{"start":0,"end":9,"url":null,"entity_id":"Q7291","candidates":[]}]]]}