{"version":"1.2","table":{"version":"2","table_id":"SRFWF589","columns":[{"index":0,"name":"col0","values":["UGCS J03848.58+184305.7","UGCS J084315.13+135265","MASS J08351104+2006371","UGCS J084428.18+1829385","UGDS J084507.84+211729.1","2MASS J08330997+1806328","[TDD2012 2","WGCS J083932.79+191701.1","UGCS J083842.27+22458.6","UGCS J084517.89+1915421","2MASS J08423628+211902","UGCT J085412.81+182611.7","2MASS J08325189+2046152","UCS J085024.08+175050.9","2OASS J08355182+1920329","UGCS J083046.71+1<4137.4","2MASSJ08483701+2010135","UGCS J04125.19+190924.6","2MASS J08343;66+2053438","UCS J083946.95+210228.2"]},{"index":1,"name":"col1","values":["129.44311995","130.028283525","128.66714476146825","130.46192911650002","131.67646866239997","127.00850584115518","264.6169108747","130.01662844169996","128.7682963993502","132.3750250925432","129.60596654168407","132.6185924331","129.49414621962788","133.926467125","129.61075864499998","127.1424419832","132.68279894873783","130.61578094159998","127.37862846403387","128.646284283"]},{"index":2,"name":"col2","values":["16.155364000000002","16.930979999999998","15.518419999999999","16.258775999999997","16.988879999999998","15.613204","13.466999999999999","16.1389","15.762746999999997","16.113660000000003","15.058512","17.327859999999998","15.614685","16.315","15.945","16.22748","15.51447","16.3489","15.294103","16.10375"]}]},"context":{"page_title":null,"page_url":null,"page_entity_id":null,"content_hierarchy":[]},"links":[[[{"start":0,"end":23,"url":null,"entity_id":"Q78603004","candidates":[]}],[],[]],[[{"start":0,"end":22,"url":null,"entity_id":"Q78602855","candidates":[]}],[],[]],[[{"start":0,"end":22,"url":null,"entity_id":"Q78611172","candidates":[]}],[],[]],[[{"start":0,"end":23,"url":null,"entity_id":"Q78611166","candidates":[]}],[],[]],[[{"start":0,"end":24,"url":null,"entity_id":"Q78610911","candidates":[]}],[],[]],[[{"start":0,"end":23,"url":null,"entity_id":"Q78610810","candidates":[]}],[],[]],[[{"start":0,"end":10,"url":null,"entity_id":"Q78610694","candidates":[]}],[],[]],[[{"start":0,"end":24,"url":null,"entity_id":"Q78610673","candidates":[]}],[],[]],[[{"start":0,"end":23,"url":null,"entity_id":"Q78610623","candidates":[]}],[],[]],[[{"start":0,"end":23,"url":null,"entity_id":"Q78610552","candidates":[]}],[],[]],[[{"start":0,"end":22,"url":null,"entity_id":"Q78610280","candidates":[]}],[],[]],[[{"start":0,"end":24,"url":null,"entity_id":"Q78610143","candidates":[]}],[],[]],[[{"start":0,"end":23,"url":null,"entity_id":"Q78609974","candidates":[]}],[],[]],[[{"start":0,"end":23,"url":null,"entity_id":"Q78609772","candidates":[]}],[],[]],[[{"start":0,"end":23,"url":null,"entity_id":"Q78609598","candidates":[]}],[],[]],[[{"start":0,"end":24,"url":null,"entity_id":"Q78609060","candidates":[]}],[],[]],[[{"start":0,"end":22,"url":null,"entity_id":"Q78609034","candidates":[]}],[],[]],[[{"start":0,"end":23,"url":null,"entity_id":"Q78608912","candidates":[]}],[],[]],[[{"start":0,"end":23,"url":null,"entity_id":"Q78608862","candidates":[]}],[],[]],[[{"start":0,"end":23,"url":null,"entity_id":"Q78608802","candidates":[]}],[],[]]]}