{"version":"1.2","table":{"version":"2","table_id":"SVCAHVUL","columns":[{"index":0,"name":"col0","values":["Sant Sadurní de Montiró","Santa Maria de la Bisbal d'Empordà","Our Lady of Carmel church (L'Eliana)","Fortress Church of Saint Peter the Apostle","Iglesia de Santa María","Iglesia de San Martín de Tours","Iglesia de Nuestra Señora del Castillo (Aniñón)","Santa María (Ateca)","Iglesia de San Pedro","Santa Eugènia de Saus","Santa Maria de Tamarit de Llitera","Santa Maria de Vilamacolum","Sant Romà","Església de Sant Martí d'Empúries","church of Sant Miquel de Colera","Església de Sant Pere de Sant Pere Pescador","Santa Eulàlia d'Hortsavinyà","Sant Martí d'Arenys","Santa Maria de Fonteta","Santa Maria d'Argelaguer"]},{"index":1,"name":"col1","values":["Romanesque architecture","Baroque","Gothic Revival architecture","Mudéjar architecture of Aragon","Mudéjar architecture of Aragon","Mudéjar architecture of Aragon","Mudéjar architecture of Aragon","Mudéjar architecture of Aragon","Gothic architecture","Gothic architecture","Romanesque architecture","Romanesque architecture","Art Nouveau","Flamboyant","vernacular architecture","baroque architecture","baroque architecture","Gothic architecture","Romanesque architecture","Romanesque architecture"]},{"index":2,"name":"col2","values":["Spain","Spain","Spain","Spain","Spain","Spain","Spain","Spain","Spain","Spain","Spain","Spain","Spain","Spain","Spain","Spain","Spain","Spain","Spain","Spain"]},{"index":3,"name":"col3","values":["Cultural Asset of Local Interest","Cultural Asset of Local Interest","Property of Local Relevance","Bien de Interés Cultural","Bien de Interés Cultural","Bien de Interés Cultural","Bien de Interés Cultural","Bien de Interés Cultural","Bien de Interés Cultural","Bien de Interés Cultural","Bien de Interés Cultural","Bien de Interés Cultural","Cultural Asset part of the architectural heritage of Catalonia","Cultural Asset of Local Interest","Cultural Asset of Local Interest","Cultural Asset of Local Interest","Cultural Asset of Local Interest","Cultural Asset of Local Interest","Cultural Asset of Local Interest","Cultural Asset of Local Interest"]}]},"context":{"page_title":null,"page_url":null,"page_entity_id":null,"content_hierarchy":[]},"links":[[[{"start":0,"end":23,"url":null,"entity_id":"Q20986230","candidates":[]}],[{"start":0,"end":23,"url":null,"entity_id":"Q46261","candidates":[]}],[{"start":0,"end":5,"url":null,"entity_id":"Q29","candidates":[]}],[{"start":0,"end":32,"url":null,"entity_id":"Q11910250","candidates":[]}]],[[{"start":0,"end":34,"url":null,"entity_id":"Q18007606","candidates":[]}],[{"start":0,"end":7,"url":null,"entity_id":"Q37853","candidates":[]}],[{"start":0,"end":5,"url":null,"entity_id":"Q29","candidates":[]}],[{"start":0,"end":32,"url":null,"entity_id":"Q11910250","candidates":[]}]],[[{"start":0,"end":36,"url":null,"entity_id":"Q23830976","candidates":[]}],[{"start":0,"end":27,"url":null,"entity_id":"Q186363","candidates":[]}],[{"start":0,"end":5,"url":null,"entity_id":"Q29","candidates":[]}],[{"start":0,"end":27,"url":null,"entity_id":"Q11910247","candidates":[]}]],[[{"start":0,"end":42,"url":null,"entity_id":"Q29367672","candidates":[]}],[{"start":0,"end":30,"url":null,"entity_id":"Q764675","candidates":[]}],[{"start":0,"end":5,"url":null,"entity_id":"Q29","candidates":[]}],[{"start":0,"end":24,"url":null,"entity_id":"Q23712","candidates":[]}]],[[{"start":0,"end":22,"url":null,"entity_id":"Q29367665","candidates":[]}],[{"start":0,"end":30,"url":null,"entity_id":"Q764675","candidates":[]}],[{"start":0,"end":5,"url":null,"entity_id":"Q29","candidates":[]}],[{"start":0,"end":24,"url":null,"entity_id":"Q23712","candidates":[]}]],[[{"start":0,"end":30,"url":null,"entity_id":"Q29367645","candidates":[]}],[{"start":0,"end":30,"url":null,"entity_id":"Q764675","candidates":[]}],[{"start":0,"end":5,"url":null,"entity_id":"Q29","candidates":[]}],[{"start":0,"end":24,"url":null,"entity_id":"Q23712","candidates":[]}]],[[{"start":0,"end":47,"url":null,"entity_id":"Q27664941","candidates":[]}],[{"start":0,"end":30,"url":null,"entity_id":"Q764675","candidates":[]}],[{"start":0,"end":5,"url":null,"entity_id":"Q29","candidates":[]}],[{"start":0,"end":24,"url":null,"entity_id":"Q23712","candidates":[]}]],[[{"start":0,"end":19,"url":null,"entity_id":"Q24706054","candidates":[]}],[{"start":0,"end":30,"url":null,"entity_id":"Q764675","candidates":[]}],[{"start":0,"end":5,"url":null,"entity_id":"Q29","candidates":[]}],[{"start":0,"end":24,"url":null,"entity_id":"Q23712","candidates":[]}]],[[{"start":0,"end":20,"url":null,"entity_id":"Q21006157","candidates":[]}],[{"start":0,"end":19,"url":null,"entity_id":"Q176483","candidates":[]}],[{"start":0,"end":5,"url":null,"entity_id":"Q29","candidates":[]}],[{"start":0,"end":24,"url":null,"entity_id":"Q23712","candidates":[]}]],[[{"start":0,"end":21,"url":null,"entity_id":"Q20986247","candidates":[]}],[{"start":0,"end":19,"url":null,"entity_id":"Q176483","candidates":[]}],[{"start":0,"end":5,"url":null,"entity_id":"Q29","candidates":[]}],[{"start":0,"end":24,"url":null,"entity_id":"Q23712","candidates":[]}]],[[{"start":0,"end":33,"url":null,"entity_id":"Q18341263","candidates":[]}],[{"start":0,"end":23,"url":null,"entity_id":"Q46261","candidates":[]}],[{"start":0,"end":5,"url":null,"entity_id":"Q29","candidates":[]}],[{"start":0,"end":24,"url":null,"entity_id":"Q23712","candidates":[]}]],[[{"start":0,"end":26,"url":null,"entity_id":"Q18007650","candidates":[]}],[{"start":0,"end":23,"url":null,"entity_id":"Q46261","candidates":[]}],[{"start":0,"end":5,"url":null,"entity_id":"Q29","candidates":[]}],[{"start":0,"end":24,"url":null,"entity_id":"Q23712","candidates":[]}]],[[{"start":0,"end":9,"url":null,"entity_id":"Q11947373","candidates":[]}],[{"start":0,"end":11,"url":null,"entity_id":"Q34636","candidates":[]}],[{"start":0,"end":5,"url":null,"entity_id":"Q29","candidates":[]}],[{"start":0,"end":62,"url":null,"entity_id":"Q28034408","candidates":[]}]],[[{"start":0,"end":33,"url":null,"entity_id":"Q17389757","candidates":[]}],[{"start":0,"end":10,"url":null,"entity_id":"Q1351624","candidates":[]}],[{"start":0,"end":5,"url":null,"entity_id":"Q29","candidates":[]}],[{"start":0,"end":32,"url":null,"entity_id":"Q11910250","candidates":[]}]],[[{"start":0,"end":31,"url":null,"entity_id":"Q17389763","candidates":[]}],[{"start":0,"end":23,"url":null,"entity_id":"Q930314","candidates":[]}],[{"start":0,"end":5,"url":null,"entity_id":"Q29","candidates":[]}],[{"start":0,"end":32,"url":null,"entity_id":"Q11910250","candidates":[]}]],[[{"start":0,"end":43,"url":null,"entity_id":"Q17389786","candidates":[]}],[{"start":0,"end":20,"url":null,"entity_id":"Q840829","candidates":[]}],[{"start":0,"end":5,"url":null,"entity_id":"Q29","candidates":[]}],[{"start":0,"end":32,"url":null,"entity_id":"Q11910250","candidates":[]}]],[[{"start":0,"end":27,"url":null,"entity_id":"Q17301091","candidates":[]}],[{"start":0,"end":20,"url":null,"entity_id":"Q840829","candidates":[]}],[{"start":0,"end":5,"url":null,"entity_id":"Q29","candidates":[]}],[{"start":0,"end":32,"url":null,"entity_id":"Q11910250","candidates":[]}]],[[{"start":0,"end":19,"url":null,"entity_id":"Q18007042","candidates":[]}],[{"start":0,"end":19,"url":null,"entity_id":"Q176483","candidates":[]}],[{"start":0,"end":5,"url":null,"entity_id":"Q29","candidates":[]}],[{"start":0,"end":32,"url":null,"entity_id":"Q11910250","candidates":[]}]],[[{"start":0,"end":22,"url":null,"entity_id":"Q18007595","candidates":[]}],[{"start":0,"end":23,"url":null,"entity_id":"Q46261","candidates":[]}],[{"start":0,"end":5,"url":null,"entity_id":"Q29","candidates":[]}],[{"start":0,"end":32,"url":null,"entity_id":"Q11910250","candidates":[]}]],[[{"start":0,"end":24,"url":null,"entity_id":"Q18007551","candidates":[]}],[{"start":0,"end":23,"url":null,"entity_id":"Q46261","candidates":[]}],[{"start":0,"end":5,"url":null,"entity_id":"Q29","candidates":[]}],[{"start":0,"end":32,"url":null,"entity_id":"Q11910250","candidates":[]}]]]}