[{"version":1,"nodes":[{"col_index":0,"label":"col0","id":0},{"col_index":1,"label":"col1","id":1},{"col_index":2,"label":"col2","id":2},{"abs_uri":"http://www.wikidata.org/entity/Q50053","rel_uri":"wd:Q50053","approximation":false,"readable_label":"binary star (Q50053)","id":3}],"edges":[{"source":3,"target":0,"abs_uri":"http://www.w3.org/2000/01/rdf-schema#label","rel_uri":"rdfs:label","approximation":false,"readable_label":"rdfs:label","id":0},{"source":3,"target":1,"abs_uri":"http://www.wikidata.org/prop/P2215","rel_uri":"p:P2215","approximation":false,"readable_label":"proper motion (P2215)","id":1},{"source":3,"target":2,"abs_uri":"http://www.wikidata.org/prop/P2386","rel_uri":"p:P2386","approximation":false,"readable_label":"diameter (P2386)","id":2}]}]