[{"version":1,"nodes":[{"col_index":0,"label":"col0","id":0},{"col_index":1,"label":"col1","id":1},{"col_index":2,"label":"col2","id":2},{"col_index":3,"label":"col3","id":3},{"abs_uri":"http://www.wikidata.org/entity/Q2442401","rel_uri":"wd:Q2442401","approximation":false,"readable_label":"record company (Q2442401)","id":4}],"edges":[{"source":4,"target":0,"abs_uri":"http://www.w3.org/2000/01/rdf-schema#label","rel_uri":"rdfs:label","approximation":false,"readable_label":"rdfs:label","id":0},{"source":4,"target":1,"abs_uri":"http://www.wikidata.org/prop/P355","rel_uri":"p:P355","approximation":false,"readable_label":"subsidiary (P355)","id":1},{"source":4,"target":3,"abs_uri":"http://www.wikidata.org/prop/P749","rel_uri":"p:P749","approximation":false,"readable_label":"parent organization (P749)","id":2},{"source":4,"target":2,"abs_uri":"http://www.wikidata.org/prop/P571","rel_uri":"p:P571","approximation":false,"readable_label":"inception (P571)","id":3}]}]