{"version":"1.2","table":{"version":"2","table_id":"UF7NHGWG","columns":[{"index":0,"name":"col0","values":["Provence Power Station","Farge power station","Moorburg Power Plant","Medupi Power Station","Duvha Power Station","Lethabo Power Station","Matimba Power Station","Tutuka Power Station","Matla Power Station","Majuba Power Station","Teruel Power Plant","Walheim power station","Stuttgart-Münster power station","Cordemais Power Station","TPP Nikola Tesla","Chvaletice Power Station","Żerań Power Station","Intermountain Power Plant","Lünen-Stummhafen power station","Talin Power Plant"]},{"index":1,"name":"col1","values":["Gardanne","Bremen","Hamburg","Lephalale","Emalahleni Local Municipality","Free State","Limpopo","Mpumalanga","Mpumalanga","Mpumalanga","Teruel Province","Walheim","Stuttgart","Cordemais","Obrenovac","Trnávka","Białołęka","Millard County","Lünen","Siaogang District"]},{"index":2,"name":"col2","values":["Uniper","Engie","Vattenfall","Eskom","Eskom","Eskom","Eskom","Eskom","Eskom","Eskom","Endesa","EnBW","EnBW","Électricité de France","Elektroprivreda Srbije","Sev.en EC","PGNiG","Los Angeles Department of Water and Power","Steag","Taiwan Power Company"]},{"index":3,"name":"col3","values":["Uniper","Engie","Vattenfall","Eskom","Eskom","Eskom","Eskom","Eskom","Eskom","Eskom","Endesa","EnBW","EnBW","Électricité de France","Government of Serbia","ČEZ Group","Vattenfall","Intermountain Power Agency","Trianel","Taiwan Power Company"]}]},"context":{"page_title":null,"page_url":null,"page_entity_id":null,"content_hierarchy":[]},"links":[[[{"start":0,"end":22,"url":null,"entity_id":"Q1839493","candidates":[]}],[{"start":0,"end":8,"url":null,"entity_id":"Q318085","candidates":[]}],[{"start":0,"end":6,"url":null,"entity_id":"Q19839259","candidates":[]}],[{"start":0,"end":6,"url":null,"entity_id":"Q19839259","candidates":[]}]],[[{"start":0,"end":19,"url":null,"entity_id":"Q1786093","candidates":[]}],[{"start":0,"end":6,"url":null,"entity_id":"Q24879","candidates":[]}],[{"start":0,"end":5,"url":null,"entity_id":"Q13416787","candidates":[]}],[{"start":0,"end":5,"url":null,"entity_id":"Q13416787","candidates":[]}]],[[{"start":0,"end":20,"url":null,"entity_id":"Q1740916","candidates":[]}],[{"start":0,"end":7,"url":null,"entity_id":"Q1055","candidates":[]}],[{"start":0,"end":10,"url":null,"entity_id":"Q1649778","candidates":[]}],[{"start":0,"end":10,"url":null,"entity_id":"Q1649778","candidates":[]}]],[[{"start":0,"end":20,"url":null,"entity_id":"Q2944693","candidates":[]}],[{"start":0,"end":9,"url":null,"entity_id":"Q1820072","candidates":[]}],[{"start":0,"end":5,"url":null,"entity_id":"Q1367885","candidates":[]}],[{"start":0,"end":5,"url":null,"entity_id":"Q1367885","candidates":[]}]],[[{"start":0,"end":19,"url":null,"entity_id":"Q2320823","candidates":[]}],[{"start":0,"end":29,"url":null,"entity_id":"Q767727","candidates":[]}],[{"start":0,"end":5,"url":null,"entity_id":"Q1367885","candidates":[]}],[{"start":0,"end":5,"url":null,"entity_id":"Q1367885","candidates":[]}]],[[{"start":0,"end":21,"url":null,"entity_id":"Q2944677","candidates":[]}],[{"start":0,"end":10,"url":null,"entity_id":"Q160284","candidates":[]}],[{"start":0,"end":5,"url":null,"entity_id":"Q1367885","candidates":[]}],[{"start":0,"end":5,"url":null,"entity_id":"Q1367885","candidates":[]}]],[[{"start":0,"end":21,"url":null,"entity_id":"Q2944683","candidates":[]}],[{"start":0,"end":7,"url":null,"entity_id":"Q134907","candidates":[]}],[{"start":0,"end":5,"url":null,"entity_id":"Q1367885","candidates":[]}],[{"start":0,"end":5,"url":null,"entity_id":"Q1367885","candidates":[]}]],[[{"start":0,"end":20,"url":null,"entity_id":"Q2944716","candidates":[]}],[{"start":0,"end":10,"url":null,"entity_id":"Q132410","candidates":[]}],[{"start":0,"end":5,"url":null,"entity_id":"Q1367885","candidates":[]}],[{"start":0,"end":5,"url":null,"entity_id":"Q1367885","candidates":[]}]],[[{"start":0,"end":19,"url":null,"entity_id":"Q2944684","candidates":[]}],[{"start":0,"end":10,"url":null,"entity_id":"Q132410","candidates":[]}],[{"start":0,"end":5,"url":null,"entity_id":"Q1367885","candidates":[]}],[{"start":0,"end":5,"url":null,"entity_id":"Q1367885","candidates":[]}]],[[{"start":0,"end":20,"url":null,"entity_id":"Q2944680","candidates":[]}],[{"start":0,"end":10,"url":null,"entity_id":"Q132410","candidates":[]}],[{"start":0,"end":5,"url":null,"entity_id":"Q1367885","candidates":[]}],[{"start":0,"end":5,"url":null,"entity_id":"Q1367885","candidates":[]}]],[[{"start":0,"end":18,"url":null,"entity_id":"Q1786223","candidates":[]}],[{"start":0,"end":15,"url":null,"entity_id":"Q54955","candidates":[]}],[{"start":0,"end":6,"url":null,"entity_id":"Q1275336","candidates":[]}],[{"start":0,"end":6,"url":null,"entity_id":"Q1275336","candidates":[]}]],[[{"start":0,"end":21,"url":null,"entity_id":"Q1786220","candidates":[]}],[{"start":0,"end":7,"url":null,"entity_id":"Q61961","candidates":[]}],[{"start":0,"end":4,"url":null,"entity_id":"Q644304","candidates":[]}],[{"start":0,"end":4,"url":null,"entity_id":"Q644304","candidates":[]}]],[[{"start":0,"end":31,"url":null,"entity_id":"Q1786210","candidates":[]}],[{"start":0,"end":9,"url":null,"entity_id":"Q1022","candidates":[]}],[{"start":0,"end":4,"url":null,"entity_id":"Q644304","candidates":[]}],[{"start":0,"end":4,"url":null,"entity_id":"Q644304","candidates":[]}]],[[{"start":0,"end":23,"url":null,"entity_id":"Q2944654","candidates":[]}],[{"start":0,"end":9,"url":null,"entity_id":"Q639618","candidates":[]}],[{"start":0,"end":21,"url":null,"entity_id":"Q274591","candidates":[]}],[{"start":0,"end":21,"url":null,"entity_id":"Q274591","candidates":[]}]],[[{"start":0,"end":16,"url":null,"entity_id":"Q2596084","candidates":[]}],[{"start":0,"end":9,"url":null,"entity_id":"Q714650","candidates":[]}],[{"start":0,"end":22,"url":null,"entity_id":"Q1327532","candidates":[]}],[{"start":0,"end":20,"url":null,"entity_id":"Q1285499","candidates":[]}]],[[{"start":0,"end":24,"url":null,"entity_id":"Q2153090","candidates":[]}],[{"start":0,"end":7,"url":null,"entity_id":"Q2088393","candidates":[]}],[{"start":0,"end":9,"url":null,"entity_id":"Q58172283","candidates":[]}],[{"start":0,"end":9,"url":null,"entity_id":"Q336735","candidates":[]}]],[[{"start":0,"end":19,"url":null,"entity_id":"Q1786249","candidates":[]}],[{"start":0,"end":9,"url":null,"entity_id":"Q855983","candidates":[]}],[{"start":0,"end":5,"url":null,"entity_id":"Q673670","candidates":[]}],[{"start":0,"end":10,"url":null,"entity_id":"Q157675","candidates":[]}]],[[{"start":0,"end":25,"url":null,"entity_id":"Q14711594","candidates":[]}],[{"start":0,"end":14,"url":null,"entity_id":"Q26760","candidates":[]}],[{"start":0,"end":41,"url":null,"entity_id":"Q3259704","candidates":[]}],[{"start":0,"end":26,"url":null,"entity_id":"Q6047587","candidates":[]}]],[[{"start":0,"end":30,"url":null,"entity_id":"Q15290568","candidates":[]}],[{"start":0,"end":5,"url":null,"entity_id":"Q3822","candidates":[]}],[{"start":0,"end":5,"url":null,"entity_id":"Q2335252","candidates":[]}],[{"start":0,"end":7,"url":null,"entity_id":"Q1517876","candidates":[]}]],[[{"start":0,"end":17,"url":null,"entity_id":"Q10935779","candidates":[]}],[{"start":0,"end":17,"url":null,"entity_id":"Q718021","candidates":[]}],[{"start":0,"end":20,"url":null,"entity_id":"Q711691","candidates":[]}],[{"start":0,"end":20,"url":null,"entity_id":"Q711691","candidates":[]}]]]}