{"version":"1.2","table":{"version":"2","table_id":"UFZGAH96","columns":[{"index":0,"name":"col0","values":["2MASS J23135734+1444232","2dFGRS TGN354Z041","2MASX J08310034+5400235","2MASS J12010619-0007016","87GB 111429.0+203022","2MASX J08390306+4015457","[VV98] J162752.1+541914","A1 124","2XMM J151041.0+333505","87GB 083300.7+152713","[YHW2016] 169.78725+09.00634","2MASX J01533430-0118087","QSO B2344+514","NGC 1132","Markarian 501","Centaurus A","2MASS J03135785+4115237","NGC 4380","QSO B0548-322","2MASXI J0810546+491103"]},{"index":1,"name":"col1","values":["14.7397859186655","0.4999894962135","54.00645503623","-0.1170948976438","20.2353843454855","40.2626593221266","54.3201339868822","15.4693828100451","33.5846516377743","15.2880659934419","9.006344","-1.302404","51.7049653853379","-1.274722","39.760169151611","-43.019112667361","41.2566572537728","10.0167056","-32.2712468495935","49.1843944664429"]},{"index":2,"name":"col2","values":["348.4889058104914","152.0476541548045","127.7515230511326","180.2758058793173","169.2760494294442","129.7628490691079","246.967447689764","175.0978309305127","227.6713336458025","128.9505865315151","169.787248","28.393046","356.7701567932037","43.215917","253.467569520583","201.365062879333","48.4901776186562","186.3424083","87.6690444748157","122.7274872733644"]},{"index":3,"name":"col3","values":["0.164","0.0979","0.06169","0.1651","0.137988","0.19414","0.3156","0.24427","0.11417","0.16838","0.3315","0.24446","0.044","231927","0.03348","0.0008","0.029","0.00321","0.069","0.11463"]},{"index":4,"name":"col4","values":["ACO 2561","ACO 933","[YSS2008] 676","[TTG2014] 53848","[SPD2011] 51495","[SPD2011] 4694","[SPD2011] 24317","[SPD2011] 10725","ACO 2034","[SPD2011] 10067","[RRB2014] RM J111908.9+090022.8","RXC J0153.5-0118","[T2015] nest 201792","[CHM2007] HDC 182","Abell 2199","Centaurus A/M83 Group","Perseus Cluster","Virgo Cluster","ACO S 549","[KMA2007] 122.72750+49.18436"]}]},"context":{"page_title":null,"page_url":null,"page_entity_id":null,"content_hierarchy":[]},"links":[[[{"start":0,"end":23,"url":null,"entity_id":"Q85921016","candidates":[]}],[],[],[],[{"start":0,"end":8,"url":null,"entity_id":"Q67849215","candidates":[]}]],[[{"start":0,"end":17,"url":null,"entity_id":"Q87010129","candidates":[]}],[],[],[],[{"start":0,"end":7,"url":null,"entity_id":"Q67850880","candidates":[]}]],[[{"start":0,"end":23,"url":null,"entity_id":"Q81107936","candidates":[]}],[],[],[],[{"start":0,"end":13,"url":null,"entity_id":"Q67843873","candidates":[]}]],[[{"start":0,"end":23,"url":null,"entity_id":"Q80729368","candidates":[]}],[],[],[],[{"start":0,"end":15,"url":null,"entity_id":"Q67799406","candidates":[]}]],[[{"start":0,"end":20,"url":null,"entity_id":"Q80590882","candidates":[]}],[],[],[],[{"start":0,"end":15,"url":null,"entity_id":"Q67754260","candidates":[]}]],[[{"start":0,"end":23,"url":null,"entity_id":"Q80605740","candidates":[]}],[],[],[],[{"start":0,"end":14,"url":null,"entity_id":"Q67744498","candidates":[]}]],[[{"start":0,"end":23,"url":null,"entity_id":"Q80834217","candidates":[]}],[],[],[],[{"start":0,"end":15,"url":null,"entity_id":"Q67689517","candidates":[]}]],[[{"start":0,"end":6,"url":null,"entity_id":"Q79993718","candidates":[]}],[],[],[],[{"start":0,"end":15,"url":null,"entity_id":"Q67643769","candidates":[]}]],[[{"start":0,"end":21,"url":null,"entity_id":"Q83600761","candidates":[]}],[],[],[],[{"start":0,"end":8,"url":null,"entity_id":"Q67847946","candidates":[]}]],[[{"start":0,"end":20,"url":null,"entity_id":"Q83276425","candidates":[]}],[],[],[],[{"start":0,"end":15,"url":null,"entity_id":"Q67642914","candidates":[]}]],[[{"start":0,"end":28,"url":null,"entity_id":"Q83714089","candidates":[]}],[],[],[],[{"start":0,"end":31,"url":null,"entity_id":"Q67636762","candidates":[]}]],[[{"start":0,"end":23,"url":null,"entity_id":"Q74865521","candidates":[]}],[],[],[],[{"start":0,"end":16,"url":null,"entity_id":"Q74863938","candidates":[]}]],[[{"start":0,"end":13,"url":null,"entity_id":"Q74140717","candidates":[]}],[],[],[],[{"start":0,"end":19,"url":null,"entity_id":"Q67795710","candidates":[]}]],[[{"start":0,"end":8,"url":null,"entity_id":"Q909725","candidates":[]}],[],[],[],[{"start":0,"end":17,"url":null,"entity_id":"Q67622878","candidates":[]}]],[[{"start":0,"end":13,"url":null,"entity_id":"Q6770566","candidates":[]}],[],[],[],[{"start":0,"end":10,"url":null,"entity_id":"Q2821545","candidates":[]}]],[[{"start":0,"end":11,"url":null,"entity_id":"Q487255","candidates":[]}],[],[],[],[{"start":0,"end":21,"url":null,"entity_id":"Q1881065","candidates":[]}]],[[{"start":0,"end":23,"url":null,"entity_id":"Q74164671","candidates":[]}],[],[],[],[{"start":0,"end":15,"url":null,"entity_id":"Q1200684","candidates":[]}]],[[{"start":0,"end":8,"url":null,"entity_id":"Q1111068","candidates":[]}],[],[],[],[{"start":0,"end":13,"url":null,"entity_id":"Q271818","candidates":[]}]],[[{"start":0,"end":13,"url":null,"entity_id":"Q79177709","candidates":[]}],[],[],[],[{"start":0,"end":9,"url":null,"entity_id":"Q67851416","candidates":[]}]],[[{"start":0,"end":22,"url":null,"entity_id":"Q79602888","candidates":[]}],[],[],[],[{"start":0,"end":28,"url":null,"entity_id":"Q67630440","candidates":[]}]]]}