{"version":"1.2","table":{"version":"2","table_id":"UHHSPRZT","columns":[{"index":0,"name":"col0","values":["Spider0Woman","Thorn","Metamorho","Captain Mauvel Jr.","Guardan","oboCop","Deadmn","Melin the Magician","Natasha Irns","Nihtstar","Ljghtning","Rpnnie Raymond","Rockeu","al Duncan","injak","Garkman","Emprss","Silhuette","Cogula","Dnielle Baptiste"]},{"index":1,"name":"col1","values":["superhero","superhero","superhero","student","engineer","fictional police officer","superhero","magician in fantasy","student","superhero","student","student","student","composer","contract killer","fictional vigilante","superhero","superhero","superhero","superhero"]},{"index":2,"name":"col2","values":["essica Miriam Drew","Rhosn Lynne Forrest","Rex Mavon","Frederck Christopher Freeman","James MacDonald Hudsn","Alexander Jameu Murphy","Boswon Brand","Jock Kello","Natasha Jasmkne Irons","Mar'i Gsayson","ennier Pifrce","Rnald Roy Raymond","Uaquel Ervin","Macolm Arnold Duncan","Colin Kini","Peyton Wetlake","Anita Fit","Urswla Zandt","Coark Godwin","Daniellf Anastasia Baptiste"]},{"index":3,"name":"col3","values":["Drew","Forrest","Mason","Freeman","Hudson","Murphy","Brand","Kellog","Irons","Grayson","Pierce","Raymond","Ervin","Duncan","King","Westlake","Fite","Zandt","Godwin","Baptiste"]}]},"context":{"page_title":null,"page_url":null,"page_entity_id":null,"content_hierarchy":[]},"links":[[[{"start":0,"end":12,"url":null,"entity_id":"Q1188309","candidates":[]}],[{"start":0,"end":9,"url":null,"entity_id":"Q188784","candidates":[]}],[],[{"start":0,"end":4,"url":null,"entity_id":"Q16275570","candidates":[]}]],[[{"start":0,"end":5,"url":null,"entity_id":"Q1414899","candidates":[]}],[{"start":0,"end":9,"url":null,"entity_id":"Q188784","candidates":[]}],[],[{"start":0,"end":7,"url":null,"entity_id":"Q13560450","candidates":[]}]],[[{"start":0,"end":9,"url":null,"entity_id":"Q1528452","candidates":[]}],[{"start":0,"end":9,"url":null,"entity_id":"Q188784","candidates":[]}],[],[{"start":0,"end":5,"url":null,"entity_id":"Q12664711","candidates":[]}]],[[{"start":0,"end":18,"url":null,"entity_id":"Q1035112","candidates":[]}],[{"start":0,"end":7,"url":null,"entity_id":"Q48282","candidates":[]}],[],[{"start":0,"end":7,"url":null,"entity_id":"Q9014839","candidates":[]}]],[[{"start":0,"end":7,"url":null,"entity_id":"Q1410619","candidates":[]}],[{"start":0,"end":8,"url":null,"entity_id":"Q81096","candidates":[]}],[],[{"start":0,"end":6,"url":null,"entity_id":"Q2720681","candidates":[]}]],[[{"start":0,"end":6,"url":null,"entity_id":"Q1033152","candidates":[]}],[{"start":0,"end":24,"url":null,"entity_id":"Q76451271","candidates":[]}],[],[{"start":0,"end":6,"url":null,"entity_id":"Q1953798","candidates":[]}]],[[{"start":0,"end":6,"url":null,"entity_id":"Q1180945","candidates":[]}],[{"start":0,"end":9,"url":null,"entity_id":"Q188784","candidates":[]}],[],[{"start":0,"end":5,"url":null,"entity_id":"Q897716","candidates":[]}]],[[{"start":0,"end":18,"url":null,"entity_id":"Q6819802","candidates":[]}],[{"start":0,"end":19,"url":null,"entity_id":"Q148401","candidates":[]}],[],[{"start":0,"end":6,"url":null,"entity_id":"Q37116563","candidates":[]}]],[[{"start":0,"end":12,"url":null,"entity_id":"Q6968464","candidates":[]}],[{"start":0,"end":7,"url":null,"entity_id":"Q48282","candidates":[]}],[],[{"start":0,"end":5,"url":null,"entity_id":"Q27601633","candidates":[]}]],[[{"start":0,"end":8,"url":null,"entity_id":"Q7034050","candidates":[]}],[{"start":0,"end":9,"url":null,"entity_id":"Q188784","candidates":[]}],[],[{"start":0,"end":7,"url":null,"entity_id":"Q20996347","candidates":[]}]],[[{"start":0,"end":9,"url":null,"entity_id":"Q6546413","candidates":[]}],[{"start":0,"end":7,"url":null,"entity_id":"Q48282","candidates":[]}],[],[{"start":0,"end":6,"url":null,"entity_id":"Q14921982","candidates":[]}]],[[{"start":0,"end":14,"url":null,"entity_id":"Q6111992","candidates":[]}],[{"start":0,"end":7,"url":null,"entity_id":"Q48282","candidates":[]}],[],[{"start":0,"end":7,"url":null,"entity_id":"Q2134042","candidates":[]}]],[[{"start":0,"end":6,"url":null,"entity_id":"Q7355085","candidates":[]}],[{"start":0,"end":7,"url":null,"entity_id":"Q48282","candidates":[]}],[],[{"start":0,"end":5,"url":null,"entity_id":"Q1362584","candidates":[]}]],[[{"start":0,"end":9,"url":null,"entity_id":"Q6740594","candidates":[]}],[{"start":0,"end":8,"url":null,"entity_id":"Q36834","candidates":[]}],[],[{"start":0,"end":6,"url":null,"entity_id":"Q1158195","candidates":[]}]],[[{"start":0,"end":5,"url":null,"entity_id":"Q7038972","candidates":[]}],[{"start":0,"end":15,"url":null,"entity_id":"Q378770","candidates":[]}],[],[{"start":0,"end":4,"url":null,"entity_id":"Q535214","candidates":[]}]],[[{"start":0,"end":7,"url":null,"entity_id":"Q5223678","candidates":[]}],[{"start":0,"end":19,"url":null,"entity_id":"Q20085850","candidates":[]}],[],[{"start":0,"end":8,"url":null,"entity_id":"Q37450624","candidates":[]}]],[[{"start":0,"end":6,"url":null,"entity_id":"Q5374451","candidates":[]}],[{"start":0,"end":9,"url":null,"entity_id":"Q188784","candidates":[]}],[],[{"start":0,"end":4,"url":null,"entity_id":"Q37284366","candidates":[]}]],[[{"start":0,"end":9,"url":null,"entity_id":"Q5658469","candidates":[]}],[{"start":0,"end":9,"url":null,"entity_id":"Q188784","candidates":[]}],[],[{"start":0,"end":5,"url":null,"entity_id":"Q37095572","candidates":[]}]],[[{"start":0,"end":6,"url":null,"entity_id":"Q5137660","candidates":[]}],[{"start":0,"end":9,"url":null,"entity_id":"Q188784","candidates":[]}],[],[{"start":0,"end":6,"url":null,"entity_id":"Q26822085","candidates":[]}]],[[{"start":0,"end":16,"url":null,"entity_id":"Q5219335","candidates":[]}],[{"start":0,"end":9,"url":null,"entity_id":"Q188784","candidates":[]}],[],[{"start":0,"end":8,"url":null,"entity_id":"Q19927904","candidates":[]}]]]}