{"version":"1.2","table":{"version":"2","table_id":"UI9U4ICH","columns":[{"index":0,"name":"col0","values":["The Deformed andser Sow","Three Putti with Trumpets, Shield, and Hemet","Coat f arms with Lion and Rooster","Coat of armt with a Skull","Pastion","Peasant and His Wie","Peasant Couple\"Dancing","Erdsmus of Rotterdam","Willibald Pirckhekmer","Portraitof Frederick the Wise","Cardinao Albrecht of Brandenburg","Cardincl Albrecht of Brandenburg","Te Small Fortune","Adam anf Eve","Nemesi","Nmesis","Hans Srøm","Sr. Thomas Sm|th","Hilmar Neincke","Johann Andreas Crdmer"]},{"index":1,"name":"col1","values":["Albrecht Dürer","Albrecht Dürer","Albrecht Dürer","Albrecht Dürer","Albrecht Dürer","Albrecht Dürer","Albrecht Dürer","Albrecht Dürer","Albrecht Dürer","Albrecht Dürer","Albrecht Dürer","Albrecht Dürer","Albrecht Dürer","Albrecht Dürer","Albrecht Dürer","Albrecht Dürer","Johan Christoph Seehusen","John Goldar","Andreas Flint","Johan Martin Preisler"]},{"index":2,"name":"col2","values":["animal art","allegory","achievement","achievement","religious painting","genre painting","genre painting","portrait","portrait","portrait","portrait","portrait","nude","nude","nude","historical fiction","portrait","portrait","portrait","portrait"]}]},"context":{"page_title":null,"page_url":null,"page_entity_id":null,"content_hierarchy":[]},"links":[[[{"start":0,"end":23,"url":null,"entity_id":"Q1219903","candidates":[]}],[{"start":0,"end":14,"url":null,"entity_id":"Q5580","candidates":[]}],[{"start":0,"end":10,"url":null,"entity_id":"Q16875712","candidates":[]}]],[[{"start":0,"end":44,"url":null,"entity_id":"Q18338512","candidates":[]}],[{"start":0,"end":14,"url":null,"entity_id":"Q5580","candidates":[]}],[{"start":0,"end":8,"url":null,"entity_id":"Q2839016","candidates":[]}]],[[{"start":0,"end":33,"url":null,"entity_id":"Q18338515","candidates":[]}],[{"start":0,"end":14,"url":null,"entity_id":"Q5580","candidates":[]}],[{"start":0,"end":11,"url":null,"entity_id":"Q2532754","candidates":[]}]],[[{"start":0,"end":25,"url":null,"entity_id":"Q18338441","candidates":[]}],[{"start":0,"end":14,"url":null,"entity_id":"Q5580","candidates":[]}],[{"start":0,"end":11,"url":null,"entity_id":"Q2532754","candidates":[]}]],[[{"start":0,"end":7,"url":null,"entity_id":"Q18219587","candidates":[]}],[{"start":0,"end":14,"url":null,"entity_id":"Q5580","candidates":[]}],[{"start":0,"end":18,"url":null,"entity_id":"Q2414609","candidates":[]}]],[[{"start":0,"end":19,"url":null,"entity_id":"Q18338504","candidates":[]}],[{"start":0,"end":14,"url":null,"entity_id":"Q5580","candidates":[]}],[{"start":0,"end":14,"url":null,"entity_id":"Q214127","candidates":[]}]],[[{"start":0,"end":22,"url":null,"entity_id":"Q18338469","candidates":[]}],[{"start":0,"end":14,"url":null,"entity_id":"Q5580","candidates":[]}],[{"start":0,"end":14,"url":null,"entity_id":"Q214127","candidates":[]}]],[[{"start":0,"end":20,"url":null,"entity_id":"Q18338491","candidates":[]}],[{"start":0,"end":14,"url":null,"entity_id":"Q5580","candidates":[]}],[{"start":0,"end":8,"url":null,"entity_id":"Q134307","candidates":[]}]],[[{"start":0,"end":21,"url":null,"entity_id":"Q18338488","candidates":[]}],[{"start":0,"end":14,"url":null,"entity_id":"Q5580","candidates":[]}],[{"start":0,"end":8,"url":null,"entity_id":"Q134307","candidates":[]}]],[[{"start":0,"end":29,"url":null,"entity_id":"Q18338487","candidates":[]}],[{"start":0,"end":14,"url":null,"entity_id":"Q5580","candidates":[]}],[{"start":0,"end":8,"url":null,"entity_id":"Q134307","candidates":[]}]],[[{"start":0,"end":32,"url":null,"entity_id":"Q18338484","candidates":[]}],[{"start":0,"end":14,"url":null,"entity_id":"Q5580","candidates":[]}],[{"start":0,"end":8,"url":null,"entity_id":"Q134307","candidates":[]}]],[[{"start":0,"end":32,"url":null,"entity_id":"Q18338477","candidates":[]}],[{"start":0,"end":14,"url":null,"entity_id":"Q5580","candidates":[]}],[{"start":0,"end":8,"url":null,"entity_id":"Q134307","candidates":[]}]],[[{"start":0,"end":16,"url":null,"entity_id":"Q18338500","candidates":[]}],[{"start":0,"end":14,"url":null,"entity_id":"Q5580","candidates":[]}],[{"start":0,"end":4,"url":null,"entity_id":"Q40446","candidates":[]}]],[[{"start":0,"end":12,"url":null,"entity_id":"Q3898508","candidates":[]}],[{"start":0,"end":14,"url":null,"entity_id":"Q5580","candidates":[]}],[{"start":0,"end":4,"url":null,"entity_id":"Q40446","candidates":[]}]],[[{"start":0,"end":6,"url":null,"entity_id":"Q3874565","candidates":[]}],[{"start":0,"end":14,"url":null,"entity_id":"Q5580","candidates":[]}],[{"start":0,"end":4,"url":null,"entity_id":"Q40446","candidates":[]}]],[[{"start":0,"end":6,"url":null,"entity_id":"Q25253495","candidates":[]}],[{"start":0,"end":14,"url":null,"entity_id":"Q5580","candidates":[]}],[{"start":0,"end":18,"url":null,"entity_id":"Q1196408","candidates":[]}]],[[{"start":0,"end":9,"url":null,"entity_id":"Q74645418","candidates":[]}],[{"start":0,"end":24,"url":null,"entity_id":"Q74644070","candidates":[]}],[{"start":0,"end":8,"url":null,"entity_id":"Q134307","candidates":[]}]],[[{"start":0,"end":16,"url":null,"entity_id":"Q55013974","candidates":[]}],[{"start":0,"end":11,"url":null,"entity_id":"Q16859313","candidates":[]}],[{"start":0,"end":8,"url":null,"entity_id":"Q134307","candidates":[]}]],[[{"start":0,"end":14,"url":null,"entity_id":"Q66365697","candidates":[]}],[{"start":0,"end":13,"url":null,"entity_id":"Q15149933","candidates":[]}],[{"start":0,"end":8,"url":null,"entity_id":"Q134307","candidates":[]}]],[[{"start":0,"end":21,"url":null,"entity_id":"Q41344944","candidates":[]}],[{"start":0,"end":21,"url":null,"entity_id":"Q4562040","candidates":[]}],[{"start":0,"end":8,"url":null,"entity_id":"Q134307","candidates":[]}]]]}