{"version":"1.2","table":{"version":"2","table_id":"UM91JCSM","columns":[{"index":0,"name":"col0","values":["HD 28901","HD 15555","HD 14355","Kepler-91","HD 34538","HD 151078","Nu Microscopii","Timir","HD 645","HD 4145","HD 196676","2MASS J19195632+4530284","BD+44 3149","BD+46 2548","KOI-3940","KIC 7592262","KIC 7515137","KIC 7187059","KIC 7741179","KIC 7596701"]},{"index":1,"name":"col1","values":["-28.80638885824","-24.1039648762981","-69.4320456347096","44.11673327562222","-13.5198254338959","-39.3769605880663","-44.5160461833006","-13.39963552891861","-12.5798990564433","-12.0118266712792","-4.9295129670893","45.5078938734143","44.6412363360291","46.6350846899122","40.3197146797344","43.2628824516542","43.19895320401","42.7803667668547","43.4267967254609","43.2414882138506"]},{"index":2,"name":"col2","values":["7540000","3440000","6010000","9090000","8230000","14700000","14100000","4590000","10200000","8070000","8100000","5530000","4260000","4280000","10600000","4770000","10900000","12800000","14000000","13200000"]},{"index":3,"name":"col3","values":["7.42","7.34","7.32","10.136","5.488","5.481","5.118","6.89","5.849","6.02","6.45","11.11","10.08","10.32","13.24","10.052","9.7","9.576","9.366","9.839"]},{"index":4,"name":"col4","values":["68.0286344754546","37.3917372056666","33.9655509178516","285.6729079552463","79.4176734335989","251.699821902358","308.4794680179972","247.11729575944707","2.6784761784994","10.9586888765785","309.7744198366867","289.9846793465024","292.2851701625435","281.5870735987664","294.312872253201","286.0015314967827","287.5963946029903","287.2870363892387","287.0853435741391","287.9612051753414"]},{"index":5,"name":"col5","values":["1660","4200","2300","380","1150","600","680","3200","1200","1260","1120","2084","4080","3580","660","1050","550","280","560","380"]}]},"context":{"page_title":null,"page_url":null,"page_entity_id":null,"content_hierarchy":[]},"links":[[[{"start":0,"end":8,"url":null,"entity_id":"Q66621623","candidates":[]}],[],[],[],[],[]],[[{"start":0,"end":8,"url":null,"entity_id":"Q66621622","candidates":[]}],[],[],[],[],[]],[[{"start":0,"end":8,"url":null,"entity_id":"Q66621620","candidates":[]}],[],[],[],[],[]],[[{"start":0,"end":9,"url":null,"entity_id":"Q21511283","candidates":[]}],[],[],[],[],[]],[[{"start":0,"end":8,"url":null,"entity_id":"Q10849953","candidates":[]}],[],[],[],[],[]],[[{"start":0,"end":9,"url":null,"entity_id":"Q10848239","candidates":[]}],[],[],[],[],[]],[[{"start":0,"end":14,"url":null,"entity_id":"Q10338105","candidates":[]}],[],[],[],[],[]],[[{"start":0,"end":5,"url":null,"entity_id":"Q4039865","candidates":[]}],[],[],[],[],[]],[[{"start":0,"end":6,"url":null,"entity_id":"Q3781496","candidates":[]}],[],[],[],[],[]],[[{"start":0,"end":7,"url":null,"entity_id":"Q3781026","candidates":[]}],[],[],[],[],[]],[[{"start":0,"end":9,"url":null,"entity_id":"Q3780716","candidates":[]}],[],[],[],[],[]],[[{"start":0,"end":23,"url":null,"entity_id":"Q86021114","candidates":[]}],[],[],[],[],[]],[[{"start":0,"end":10,"url":null,"entity_id":"Q85792477","candidates":[]}],[],[],[],[],[]],[[{"start":0,"end":10,"url":null,"entity_id":"Q85716756","candidates":[]}],[],[],[],[],[]],[[{"start":0,"end":8,"url":null,"entity_id":"Q85687124","candidates":[]}],[],[],[],[],[]],[[{"start":0,"end":11,"url":null,"entity_id":"Q85677832","candidates":[]}],[],[],[],[],[]],[[{"start":0,"end":11,"url":null,"entity_id":"Q85677815","candidates":[]}],[],[],[],[],[]],[[{"start":0,"end":11,"url":null,"entity_id":"Q85677746","candidates":[]}],[],[],[],[],[]],[[{"start":0,"end":11,"url":null,"entity_id":"Q85677728","candidates":[]}],[],[],[],[],[]],[[{"start":0,"end":11,"url":null,"entity_id":"Q85677705","candidates":[]}],[],[],[],[],[]]]}