{"version":"1.2","table":{"version":"2","table_id":"UMMA6HQO","columns":[{"index":0,"name":"col0","values":["Land-use map of the world","Map of the Landforms of the United States","Map of southeastern Asia","Greater Antilles","Landforms of the United States","Landforms of Mexico (second edition)","Map of Japan and Korea (Chōsen)","Arabia","Landforms of Arabia","Landforms of Central America","Landform map of North Africa","Landforms of Central Asia","Landforms of the Near East","Near East","Physiographic map of Tennessee","Physiographic diagram of the New York region","Physiographic map of Virginia","Landforms of California and Nevada","Physiographic map of Utah","Landforms of Oregon"]},{"index":1,"name":"col1","values":["38","104","38","41","85","100","49","57","73","34","117","58","72","49","26","46","41","26","28","56"]},{"index":2,"name":"col2","values":["land use","landform","landform","landform","landform","physical geography","physical geography","Arabian Peninsula","Arabian Peninsula","Central America","North Africa","Central Asia","Middle East","Middle East","Tennessee","New York","Virginia","Nevada","Utah","Oregon"]},{"index":3,"name":"col3","values":["Harvard Library","Harvard Library","Harvard Library","Harvard Library","Harvard Library","Harvard Library","Harvard Library","Harvard Library","Harvard Library","Harvard Library","Harvard Library","Harvard Library","Harvard Library","Harvard Library","Harvard Library","Harvard Library","Harvard Library","Harvard Library","Harvard Library","Harvard Library"]},{"index":4,"name":"col4","values":["54","65","57","24","54","68","40","50","64","25","51","41","51","36","13","28","23","41","31","43"]}]},"context":{"page_title":null,"page_url":null,"page_entity_id":null,"content_hierarchy":[]},"links":[[[{"start":0,"end":25,"url":null,"entity_id":"Q62061815","candidates":[]}],[],[{"start":0,"end":8,"url":null,"entity_id":"Q1165944","candidates":[]}],[{"start":0,"end":15,"url":null,"entity_id":"Q3232931","candidates":[]}],[]],[[{"start":0,"end":41,"url":null,"entity_id":"Q62061814","candidates":[]}],[],[{"start":0,"end":8,"url":null,"entity_id":"Q271669","candidates":[]}],[{"start":0,"end":15,"url":null,"entity_id":"Q3232931","candidates":[]}],[]],[[{"start":0,"end":24,"url":null,"entity_id":"Q62061813","candidates":[]}],[],[{"start":0,"end":8,"url":null,"entity_id":"Q271669","candidates":[]}],[{"start":0,"end":15,"url":null,"entity_id":"Q3232931","candidates":[]}],[]],[[{"start":0,"end":16,"url":null,"entity_id":"Q62061764","candidates":[]}],[],[{"start":0,"end":8,"url":null,"entity_id":"Q271669","candidates":[]}],[{"start":0,"end":15,"url":null,"entity_id":"Q3232931","candidates":[]}],[]],[[{"start":0,"end":30,"url":null,"entity_id":"Q62061748","candidates":[]}],[],[{"start":0,"end":8,"url":null,"entity_id":"Q271669","candidates":[]}],[{"start":0,"end":15,"url":null,"entity_id":"Q3232931","candidates":[]}],[]],[[{"start":0,"end":36,"url":null,"entity_id":"Q62061841","candidates":[]}],[],[{"start":0,"end":18,"url":null,"entity_id":"Q52107","candidates":[]}],[{"start":0,"end":15,"url":null,"entity_id":"Q3232931","candidates":[]}],[]],[[{"start":0,"end":31,"url":null,"entity_id":"Q62061809","candidates":[]}],[],[{"start":0,"end":18,"url":null,"entity_id":"Q52107","candidates":[]}],[{"start":0,"end":15,"url":null,"entity_id":"Q3232931","candidates":[]}],[]],[[{"start":0,"end":6,"url":null,"entity_id":"Q62061769","candidates":[]}],[],[{"start":0,"end":17,"url":null,"entity_id":"Q31945","candidates":[]}],[{"start":0,"end":15,"url":null,"entity_id":"Q3232931","candidates":[]}],[]],[[{"start":0,"end":19,"url":null,"entity_id":"Q62061766","candidates":[]}],[],[{"start":0,"end":17,"url":null,"entity_id":"Q31945","candidates":[]}],[{"start":0,"end":15,"url":null,"entity_id":"Q3232931","candidates":[]}],[]],[[{"start":0,"end":28,"url":null,"entity_id":"Q62061778","candidates":[]}],[],[{"start":0,"end":15,"url":null,"entity_id":"Q27611","candidates":[]}],[{"start":0,"end":15,"url":null,"entity_id":"Q3232931","candidates":[]}],[]],[[{"start":0,"end":28,"url":null,"entity_id":"Q62061758","candidates":[]}],[],[{"start":0,"end":12,"url":null,"entity_id":"Q27381","candidates":[]}],[{"start":0,"end":15,"url":null,"entity_id":"Q3232931","candidates":[]}],[]],[[{"start":0,"end":25,"url":null,"entity_id":"Q62061780","candidates":[]}],[],[{"start":0,"end":12,"url":null,"entity_id":"Q27275","candidates":[]}],[{"start":0,"end":15,"url":null,"entity_id":"Q3232931","candidates":[]}],[]],[[{"start":0,"end":26,"url":null,"entity_id":"Q62061768","candidates":[]}],[],[{"start":0,"end":11,"url":null,"entity_id":"Q7204","candidates":[]}],[{"start":0,"end":15,"url":null,"entity_id":"Q3232931","candidates":[]}],[]],[[{"start":0,"end":9,"url":null,"entity_id":"Q62061767","candidates":[]}],[],[{"start":0,"end":11,"url":null,"entity_id":"Q7204","candidates":[]}],[{"start":0,"end":15,"url":null,"entity_id":"Q3232931","candidates":[]}],[]],[[{"start":0,"end":30,"url":null,"entity_id":"Q62061786","candidates":[]}],[],[{"start":0,"end":9,"url":null,"entity_id":"Q1509","candidates":[]}],[{"start":0,"end":15,"url":null,"entity_id":"Q3232931","candidates":[]}],[]],[[{"start":0,"end":44,"url":null,"entity_id":"Q62061751","candidates":[]}],[],[{"start":0,"end":8,"url":null,"entity_id":"Q1384","candidates":[]}],[{"start":0,"end":15,"url":null,"entity_id":"Q3232931","candidates":[]}],[]],[[{"start":0,"end":29,"url":null,"entity_id":"Q62061752","candidates":[]}],[],[{"start":0,"end":8,"url":null,"entity_id":"Q1370","candidates":[]}],[{"start":0,"end":15,"url":null,"entity_id":"Q3232931","candidates":[]}],[]],[[{"start":0,"end":34,"url":null,"entity_id":"Q62061755","candidates":[]}],[],[{"start":0,"end":6,"url":null,"entity_id":"Q1227","candidates":[]}],[{"start":0,"end":15,"url":null,"entity_id":"Q3232931","candidates":[]}],[]],[[{"start":0,"end":25,"url":null,"entity_id":"Q62061756","candidates":[]}],[],[{"start":0,"end":4,"url":null,"entity_id":"Q829","candidates":[]}],[{"start":0,"end":15,"url":null,"entity_id":"Q3232931","candidates":[]}],[]],[[{"start":0,"end":19,"url":null,"entity_id":"Q62061754","candidates":[]}],[],[{"start":0,"end":6,"url":null,"entity_id":"Q824","candidates":[]}],[{"start":0,"end":15,"url":null,"entity_id":"Q3232931","candidates":[]}],[]]]}