{"version":"1.2","table":{"version":"2","table_id":"UMTPF87R","columns":[{"index":0,"name":"col0","values":["Psi2 Cancri","Omega Herculis","HD 89744","HD 101930","HD 121504","HD 11964","HD 46375","HD 142","Tau Persei","Beta Equulei","Eta Serpentis","Mu Aquilae","Kappa Piscium","Kepler-34","Delta Librae","18 Delphini","Theta Aquilae","Proxima Centauri","Eta Piscium","Alphecca"]},{"index":1,"name":"col1","values":["-348.095","-59.086","-138.144","16.689","-249.17","-366.957","-96.918","-40.69","-2.872","10.136","-698.314","-156.782","-95.721","-5.125","-60.564","-50.034","6.315","-3781.306","-4.956","-89.58"]},{"index":2,"name":"col2","values":["4520000","4590000","2960000","1140000","1600000","2640000","1410000","1950000","22400000","6","7950000","10700000","2670000","1420000","2740000","10900000","4610000","200000","36800000","5.44"]}]},"context":{"page_title":null,"page_url":null,"page_entity_id":null,"content_hierarchy":[]},"links":[[[{"start":0,"end":11,"url":null,"entity_id":"Q2403444","candidates":[]}],[],[]],[[{"start":0,"end":14,"url":null,"entity_id":"Q1759003","candidates":[]}],[],[]],[[{"start":0,"end":8,"url":null,"entity_id":"Q1563446","candidates":[]}],[],[]],[[{"start":0,"end":9,"url":null,"entity_id":"Q1563070","candidates":[]}],[],[]],[[{"start":0,"end":9,"url":null,"entity_id":"Q1418245","candidates":[]}],[],[]],[[{"start":0,"end":8,"url":null,"entity_id":"Q1326441","candidates":[]}],[],[]],[[{"start":0,"end":8,"url":null,"entity_id":"Q1312981","candidates":[]}],[],[]],[[{"start":0,"end":6,"url":null,"entity_id":"Q1195333","candidates":[]}],[],[]],[[{"start":0,"end":10,"url":null,"entity_id":"Q3304510","candidates":[]}],[],[]],[[{"start":0,"end":12,"url":null,"entity_id":"Q3232856","candidates":[]}],[],[]],[[{"start":0,"end":13,"url":null,"entity_id":"Q3059203","candidates":[]}],[],[]],[[{"start":0,"end":10,"url":null,"entity_id":"Q3050364","candidates":[]}],[],[]],[[{"start":0,"end":13,"url":null,"entity_id":"Q2705426","candidates":[]}],[],[]],[[{"start":0,"end":9,"url":null,"entity_id":"Q254880","candidates":[]}],[],[]],[[{"start":0,"end":12,"url":null,"entity_id":"Q227536","candidates":[]}],[],[]],[[{"start":0,"end":11,"url":null,"entity_id":"Q204485","candidates":[]}],[],[]],[[{"start":0,"end":13,"url":null,"entity_id":"Q15825","candidates":[]}],[],[]],[[{"start":0,"end":16,"url":null,"entity_id":"Q14266","candidates":[]}],[],[]],[[{"start":0,"end":11,"url":null,"entity_id":"Q14068","candidates":[]}],[],[]],[[{"start":0,"end":8,"url":null,"entity_id":"Q14046","candidates":[]}],[],[]]]}