{"version":"1.2","table":{"version":"2","table_id":"UNTOBCIF","columns":[{"index":0,"name":"col0","values":["Sant Miquel de Fígols","Forn de la Torre de Cellers","Sant Ponç","El Cerver","Fàbrica la Jesusa","Palazzo Malvezzi de' Medici (Bologna)","Music Centre of Christchurch","Cathedral of the Blessed Sacrament","Canterbury Provincial Council Buildings","Commonwealth Trading bank building","Condit House","Evergreen Cemetery gatehouse","Negozio Martini","Hof van Savoye","Salt Lake City and County Building","Palazzo Blu","Sant Climent de Taüll","Lincoln Hall","Palazzo Margherita d'Austria (L'Aquila, Italy)","Casa del Salvatore"]},{"index":1,"name":"col1","values":["vernacular architecture","vernacular architecture","vernacular architecture","vernacular architecture","eclectic architecture","Renaissance","Byzantine Revival architecture","Renaissance Revival architecture","Gothic Revival architecture","Art Deco","Renaissance Revival architecture","Renaissance Revival architecture","Art Nouveau","Renaissance architecture","Richardsonian Romanesque","Renaissance architecture","Romanesque architecture","American Renaissance","Renaissance","baroque architecture"]},{"index":2,"name":"col2","values":["Fígols","Parets del Vallès","Sant Sadurní d'Osormort","Osor","Tortosa","Bologna","Christchurch City","Christchurch City","Christchurch City","City of Sydney","Terre Haute","Adams County","Viareggio","Mechelen","Salt Lake City","Pisa","La Vall de Boí","Portland","L’Aquila","Naples"]}]},"context":{"page_title":null,"page_url":null,"page_entity_id":null,"content_hierarchy":[]},"links":[[[{"start":0,"end":21,"url":null,"entity_id":"Q21077413","candidates":[]}],[{"start":0,"end":23,"url":null,"entity_id":"Q930314","candidates":[]}],[{"start":0,"end":6,"url":null,"entity_id":"Q15508","candidates":[]}]],[[{"start":0,"end":27,"url":null,"entity_id":"Q20985840","candidates":[]}],[{"start":0,"end":23,"url":null,"entity_id":"Q930314","candidates":[]}],[{"start":0,"end":17,"url":null,"entity_id":"Q15437","candidates":[]}]],[[{"start":0,"end":9,"url":null,"entity_id":"Q47171178","candidates":[]}],[{"start":0,"end":23,"url":null,"entity_id":"Q930314","candidates":[]}],[{"start":0,"end":23,"url":null,"entity_id":"Q13831","candidates":[]}]],[[{"start":0,"end":9,"url":null,"entity_id":"Q28711671","candidates":[]}],[{"start":0,"end":23,"url":null,"entity_id":"Q930314","candidates":[]}],[{"start":0,"end":4,"url":null,"entity_id":"Q13016","candidates":[]}]],[[{"start":0,"end":17,"url":null,"entity_id":"Q19256623","candidates":[]}],[{"start":0,"end":21,"url":null,"entity_id":"Q2479493","candidates":[]}],[{"start":0,"end":7,"url":null,"entity_id":"Q12812","candidates":[]}]],[[{"start":0,"end":37,"url":null,"entity_id":"Q23947238","candidates":[]}],[{"start":0,"end":11,"url":null,"entity_id":"Q4692","candidates":[]}],[{"start":0,"end":7,"url":null,"entity_id":"Q1891","candidates":[]}]],[[{"start":0,"end":28,"url":null,"entity_id":"Q6941469","candidates":[]}],[{"start":0,"end":30,"url":null,"entity_id":"Q966571","candidates":[]}],[{"start":0,"end":17,"url":null,"entity_id":"Q32159699","candidates":[]}]],[[{"start":0,"end":34,"url":null,"entity_id":"Q1050898","candidates":[]}],[{"start":0,"end":32,"url":null,"entity_id":"Q502163","candidates":[]}],[{"start":0,"end":17,"url":null,"entity_id":"Q32159699","candidates":[]}]],[[{"start":0,"end":39,"url":null,"entity_id":"Q5033681","candidates":[]}],[{"start":0,"end":27,"url":null,"entity_id":"Q186363","candidates":[]}],[{"start":0,"end":17,"url":null,"entity_id":"Q32159699","candidates":[]}]],[[{"start":0,"end":34,"url":null,"entity_id":"Q5153870","candidates":[]}],[{"start":0,"end":8,"url":null,"entity_id":"Q173782","candidates":[]}],[{"start":0,"end":14,"url":null,"entity_id":"Q1094194","candidates":[]}]],[[{"start":0,"end":12,"url":null,"entity_id":"Q5159225","candidates":[]}],[{"start":0,"end":32,"url":null,"entity_id":"Q502163","candidates":[]}],[{"start":0,"end":11,"url":null,"entity_id":"Q492478","candidates":[]}]],[[{"start":0,"end":28,"url":null,"entity_id":"Q5417193","candidates":[]}],[{"start":0,"end":32,"url":null,"entity_id":"Q502163","candidates":[]}],[{"start":0,"end":12,"url":null,"entity_id":"Q351865","candidates":[]}]],[[{"start":0,"end":15,"url":null,"entity_id":"Q3874258","candidates":[]}],[{"start":0,"end":11,"url":null,"entity_id":"Q34636","candidates":[]}],[{"start":0,"end":9,"url":null,"entity_id":"Q221377","candidates":[]}]],[[{"start":0,"end":14,"url":null,"entity_id":"Q2803442","candidates":[]}],[{"start":0,"end":24,"url":null,"entity_id":"Q236122","candidates":[]}],[{"start":0,"end":8,"url":null,"entity_id":"Q162022","candidates":[]}]],[[{"start":0,"end":34,"url":null,"entity_id":"Q2215330","candidates":[]}],[{"start":0,"end":24,"url":null,"entity_id":"Q3501297","candidates":[]}],[{"start":0,"end":14,"url":null,"entity_id":"Q23337","candidates":[]}]],[[{"start":0,"end":11,"url":null,"entity_id":"Q3890226","candidates":[]}],[{"start":0,"end":24,"url":null,"entity_id":"Q236122","candidates":[]}],[{"start":0,"end":4,"url":null,"entity_id":"Q13375","candidates":[]}]],[[{"start":0,"end":21,"url":null,"entity_id":"Q2117586","candidates":[]}],[{"start":0,"end":23,"url":null,"entity_id":"Q46261","candidates":[]}],[{"start":0,"end":14,"url":null,"entity_id":"Q12711","candidates":[]}]],[[{"start":0,"end":12,"url":null,"entity_id":"Q6550692","candidates":[]}],[{"start":0,"end":20,"url":null,"entity_id":"Q466675","candidates":[]}],[{"start":0,"end":8,"url":null,"entity_id":"Q6106","candidates":[]}]],[[{"start":0,"end":46,"url":null,"entity_id":"Q3890427","candidates":[]}],[{"start":0,"end":11,"url":null,"entity_id":"Q4692","candidates":[]}],[{"start":0,"end":8,"url":null,"entity_id":"Q3476","candidates":[]}]],[[{"start":0,"end":18,"url":null,"entity_id":"Q3661238","candidates":[]}],[{"start":0,"end":20,"url":null,"entity_id":"Q840829","candidates":[]}],[{"start":0,"end":6,"url":null,"entity_id":"Q2634","candidates":[]}]]]}