{"version":"1.2","table":{"version":"2","table_id":"UOAG1TVT","columns":[{"index":0,"name":"col0","values":["[RZ2004] GCl 1405","[RZ2004] GCl 1312","[RZ2004] GCl 2059","[RZ2004] GCl 2968","[RZ2004] GCl 2996","[RZ2004] GCl 1470","[RZ2004] GCl 3319","[RZ2004] GCl 1998","[RZ2004] GCl 3236","[RZ2004] GCl 2194","[SLS2006] 34","[RZ2004] GCl 3226","[RZ2004] GCl 3491","[SLS2006] 318","[RZ2004] GCl 3704","[RZ2004] GCl 2381","[SLS2006] 1","[SLS2006] 80","[RZ2004] GCl 2493","[SLS2006] 111"]},{"index":1,"name":"col1","values":["22.05","22.26","21.57","20.27","21.14","23.08","22.42","20.55","22.39","21.51","20.03","20.94","22.69","21.97","22.44","19.83","18.74","20.66","21.39","20.94"]},{"index":2,"name":"col2","values":["190.126417","190.137708","190.062458","189.9916590258119","189.9895","190.119792","189.958833","190.0672853414842","189.965083","190.05275","189.9771979540568","189.965643103215","189.942","190.030042","189.923125","190.0388221545491","190.0416866320415","189.9733583402139","190.031042","189.9695065597743"]},{"index":3,"name":"col3","values":["1147","1118","1217","971","1101","1147","1056","218","759","1096","1161","1149","867","1011","1061","1195","1328","1257","897","861"]},{"index":4,"name":"col4","values":["-0.539","-1.291","-0.818","-0.469","-1.789","-1.739","-1.813","-0.101","-1.497","-1.448","-1.337","-0.703","-3.884","-0.829","0.11","-0.974","-1.192","-1.043","-1.923","-0.211"]}]},"context":{"page_title":null,"page_url":null,"page_entity_id":null,"content_hierarchy":[]},"links":[[[{"start":0,"end":17,"url":null,"entity_id":"Q77402268","candidates":[]}],[],[],[],[]],[[{"start":0,"end":17,"url":null,"entity_id":"Q77402252","candidates":[]}],[],[],[],[]],[[{"start":0,"end":17,"url":null,"entity_id":"Q77402231","candidates":[]}],[],[],[],[]],[[{"start":0,"end":17,"url":null,"entity_id":"Q77402081","candidates":[]}],[],[],[],[]],[[{"start":0,"end":17,"url":null,"entity_id":"Q77401998","candidates":[]}],[],[],[],[]],[[{"start":0,"end":17,"url":null,"entity_id":"Q77401857","candidates":[]}],[],[],[],[]],[[{"start":0,"end":17,"url":null,"entity_id":"Q77401685","candidates":[]}],[],[],[],[]],[[{"start":0,"end":17,"url":null,"entity_id":"Q77401544","candidates":[]}],[],[],[],[]],[[{"start":0,"end":17,"url":null,"entity_id":"Q77401502","candidates":[]}],[],[],[],[]],[[{"start":0,"end":17,"url":null,"entity_id":"Q77401479","candidates":[]}],[],[],[],[]],[[{"start":0,"end":12,"url":null,"entity_id":"Q77401112","candidates":[]}],[],[],[],[]],[[{"start":0,"end":17,"url":null,"entity_id":"Q77401020","candidates":[]}],[],[],[],[]],[[{"start":0,"end":17,"url":null,"entity_id":"Q77401011","candidates":[]}],[],[],[],[]],[[{"start":0,"end":13,"url":null,"entity_id":"Q77400923","candidates":[]}],[],[],[],[]],[[{"start":0,"end":17,"url":null,"entity_id":"Q77400727","candidates":[]}],[],[],[],[]],[[{"start":0,"end":17,"url":null,"entity_id":"Q77400644","candidates":[]}],[],[],[],[]],[[{"start":0,"end":11,"url":null,"entity_id":"Q77400642","candidates":[]}],[],[],[],[]],[[{"start":0,"end":12,"url":null,"entity_id":"Q77400623","candidates":[]}],[],[],[],[]],[[{"start":0,"end":17,"url":null,"entity_id":"Q77400616","candidates":[]}],[],[],[],[]],[[{"start":0,"end":13,"url":null,"entity_id":"Q77400536","candidates":[]}],[],[],[],[]]]}