{"version":"1.2","table":{"version":"2","table_id":"UQMG9AFC","columns":[{"index":0,"name":"col0","values":["Jennersdorf District","Mattersburg District","Bregenz District","Dornbirn District","Amstetten District","Korneuburg District","Voitsberg District","Graz-Umgebung District","Leoben District","Imst District","Landeck District","Weiz District","Leibnitz District","Spittal an der Drau District","Villach-Land District","Deutschlandsberg District","Hermagor District","Bruck an der Leitha","Villach","Waidhofen an der Ybbs"]},{"index":1,"name":"col1","values":["17289","39599","131350","86272","115676","88599","51330","148830","61544","58214","44189","86007","75775","76248","64698","61498","19294","44969","61879","11333"]},{"index":2,"name":"col2","values":["253","237.84","863.34","172.37","1187.97","626.5","679","1100.7","1052","1724.82","1594.81","1098","726.95","2764","1009.33","863.5","808.02","494.95","134.98","131.57"]},{"index":3,"name":"col3","values":["331","243","771","956","602","189","509","522","849","2627","1091","915","348","922","535","557","794","201","501","356"]}]},"context":{"page_title":null,"page_url":null,"page_entity_id":null,"content_hierarchy":[]},"links":[[[{"start":0,"end":20,"url":null,"entity_id":"Q756277","candidates":[]}],[],[],[]],[[{"start":0,"end":20,"url":null,"entity_id":"Q748570","candidates":[]}],[],[],[]],[[{"start":0,"end":16,"url":null,"entity_id":"Q698621","candidates":[]}],[],[],[]],[[{"start":0,"end":17,"url":null,"entity_id":"Q698581","candidates":[]}],[],[],[]],[[{"start":0,"end":18,"url":null,"entity_id":"Q694449","candidates":[]}],[],[],[]],[[{"start":0,"end":19,"url":null,"entity_id":"Q694372","candidates":[]}],[],[],[]],[[{"start":0,"end":18,"url":null,"entity_id":"Q672537","candidates":[]}],[],[],[]],[[{"start":0,"end":22,"url":null,"entity_id":"Q672475","candidates":[]}],[],[],[]],[[{"start":0,"end":15,"url":null,"entity_id":"Q665720","candidates":[]}],[],[],[]],[[{"start":0,"end":13,"url":null,"entity_id":"Q665668","candidates":[]}],[],[],[]],[[{"start":0,"end":16,"url":null,"entity_id":"Q665605","candidates":[]}],[],[],[]],[[{"start":0,"end":13,"url":null,"entity_id":"Q665571","candidates":[]}],[],[],[]],[[{"start":0,"end":17,"url":null,"entity_id":"Q660400","candidates":[]}],[],[],[]],[[{"start":0,"end":28,"url":null,"entity_id":"Q660293","candidates":[]}],[],[],[]],[[{"start":0,"end":21,"url":null,"entity_id":"Q660264","candidates":[]}],[],[],[]],[[{"start":0,"end":25,"url":null,"entity_id":"Q660219","candidates":[]}],[],[],[]],[[{"start":0,"end":17,"url":null,"entity_id":"Q613991","candidates":[]}],[],[],[]],[[{"start":0,"end":19,"url":null,"entity_id":"Q584543","candidates":[]}],[],[],[]],[[{"start":0,"end":7,"url":null,"entity_id":"Q483522","candidates":[]}],[],[],[]],[[{"start":0,"end":21,"url":null,"entity_id":"Q427385","candidates":[]}],[],[],[]]]}