{"version":"1.2","table":{"version":"2","table_id":"UVTEC2EY","columns":[{"index":0,"name":"col0","values":["Ashburton District","Timaru District","New Plymouth District","Whangarei District","South Taranaki District","Southland District","Mackenzie District","South Wairarapa District","South Waikato District","Waitaki District","Waimakariri District","Kapiti Coast District","Far North District","Horowhenua District","Selwyn District","Clutha District","Porirua","Manawatu District","Tauranga","Hamilton"]},{"index":1,"name":"col1","values":["34500","47300","81900","91400","28300","30600","4670","10450","24400","22300","60700","53200","67077","33000","62200","17700","55500","30800","135000","169300"]},{"index":2,"name":"col2","values":["6189.51","2733","2324.26","2854.32","3575.46","30400.94","7339.23","2484.55","1818.88","7148.05","2219","731.5","7318.14","1063.6","6420.38","6369.4","182.39","2624.115","168","110800000"]}]},"context":{"page_title":null,"page_url":null,"page_entity_id":null,"content_hierarchy":[]},"links":[[[{"start":0,"end":18,"url":null,"entity_id":"Q15784197","candidates":[]}],[],[]],[[{"start":0,"end":15,"url":null,"entity_id":"Q14395599","candidates":[]}],[],[]],[[{"start":0,"end":21,"url":null,"entity_id":"Q4846747","candidates":[]}],[],[]],[[{"start":0,"end":18,"url":null,"entity_id":"Q3696415","candidates":[]}],[],[]],[[{"start":0,"end":23,"url":null,"entity_id":"Q1972712","candidates":[]}],[],[]],[[{"start":0,"end":18,"url":null,"entity_id":"Q1972706","candidates":[]}],[],[]],[[{"start":0,"end":18,"url":null,"entity_id":"Q1760822","candidates":[]}],[],[]],[[{"start":0,"end":24,"url":null,"entity_id":"Q1760817","candidates":[]}],[],[]],[[{"start":0,"end":22,"url":null,"entity_id":"Q1760808","candidates":[]}],[],[]],[[{"start":0,"end":16,"url":null,"entity_id":"Q1760804","candidates":[]}],[],[]],[[{"start":0,"end":20,"url":null,"entity_id":"Q1542322","candidates":[]}],[],[]],[[{"start":0,"end":21,"url":null,"entity_id":"Q1533839","candidates":[]}],[],[]],[[{"start":0,"end":18,"url":null,"entity_id":"Q1365839","candidates":[]}],[],[]],[[{"start":0,"end":19,"url":null,"entity_id":"Q1232367","candidates":[]}],[],[]],[[{"start":0,"end":15,"url":null,"entity_id":"Q1210763","candidates":[]}],[],[]],[[{"start":0,"end":15,"url":null,"entity_id":"Q1103566","candidates":[]}],[],[]],[[{"start":0,"end":7,"url":null,"entity_id":"Q1015773","candidates":[]}],[],[]],[[{"start":0,"end":17,"url":null,"entity_id":"Q613305","candidates":[]}],[],[]],[[{"start":0,"end":8,"url":null,"entity_id":"Q207756","candidates":[]}],[],[]],[[{"start":0,"end":8,"url":null,"entity_id":"Q200028","candidates":[]}],[],[]]]}