{"version":"1.2","table":{"version":"2","table_id":"V0IGP8O5","columns":[{"index":0,"name":"col0","values":["Imperial Japanese Navy Land Forces","Decima Flottiglia MAS","1st Naval Infantry Division","2nd Naval Infantry Division","Republic of Korea Marine Corps","Boarding Company of the German Navy","Naval Special Deployment Force","Naval Protection Force","Naval Infantry (Russia)","Caspian Flotilla","Pacific Fleet","Northern Fleet","Black Sea Fleet","Baltic Fleet","Mediterranean Fleet","Home Fleet","Lagunari","Fast Carrier Task Force","United States Ram Fleet","Marine Infantry Corps"]},{"index":1,"name":"col1","values":["1870-01-01","1941-01-01","1945-01-01","1945-01-01","1949-04-15","2003-01-01","1997-01-01","2005-01-01","1705-01-01","1722-01-01","1731-01-01","1933-06-01","1783-01-01","1702-01-01","1690-01-01","1902-01-01","1951-01-01","1944-01-01","1862-01-01","1537-03-09"]},{"index":2,"name":"col2","values":["Imperial Japanese Navy","Royal Navy","Wehrmacht","Wehrmacht","Republic of Korea Navy","German Navy","German Navy","German Navy","Russian Navy","Russian Navy","Russian Navy","Russian Navy","Russian Navy","Russian Navy","Royal Navy","Royal Navy","Italian Navy","United States Pacific Fleet","United States Army","Spanish Navy"]},{"index":3,"name":"col3","values":["Empire of Japan","Italian Social Republic","Nazi Germany","Nazi Germany","South Korea","Germany","Germany","Germany","Russia","Russia","Russia","Russia","Russia","Russia","United Kingdom","United Kingdom","Italy","United States of America","United States of America","Spain"]}]},"context":{"page_title":null,"page_url":null,"page_entity_id":null,"content_hierarchy":[]},"links":[[[{"start":0,"end":34,"url":null,"entity_id":"Q738438","candidates":[]}],[],[{"start":0,"end":22,"url":null,"entity_id":"Q219712","candidates":[]}],[{"start":0,"end":15,"url":null,"entity_id":"Q188712","candidates":[]}]],[[{"start":0,"end":21,"url":null,"entity_id":"Q2638425","candidates":[]}],[],[{"start":0,"end":10,"url":null,"entity_id":"Q855186","candidates":[]}],[{"start":0,"end":23,"url":null,"entity_id":"Q153660","candidates":[]}]],[[{"start":0,"end":27,"url":null,"entity_id":"Q840918","candidates":[]}],[],[{"start":0,"end":9,"url":null,"entity_id":"Q128781","candidates":[]}],[{"start":0,"end":12,"url":null,"entity_id":"Q7318","candidates":[]}]],[[{"start":0,"end":27,"url":null,"entity_id":"Q210267","candidates":[]}],[],[{"start":0,"end":9,"url":null,"entity_id":"Q128781","candidates":[]}],[{"start":0,"end":12,"url":null,"entity_id":"Q7318","candidates":[]}]],[[{"start":0,"end":30,"url":null,"entity_id":"Q487238","candidates":[]}],[],[{"start":0,"end":22,"url":null,"entity_id":"Q488756","candidates":[]}],[{"start":0,"end":11,"url":null,"entity_id":"Q884","candidates":[]}]],[[{"start":0,"end":35,"url":null,"entity_id":"Q887545","candidates":[]}],[],[{"start":0,"end":11,"url":null,"entity_id":"Q56015","candidates":[]}],[{"start":0,"end":7,"url":null,"entity_id":"Q183","candidates":[]}]],[[{"start":0,"end":30,"url":null,"entity_id":"Q873556","candidates":[]}],[],[{"start":0,"end":11,"url":null,"entity_id":"Q56015","candidates":[]}],[{"start":0,"end":7,"url":null,"entity_id":"Q183","candidates":[]}]],[[{"start":0,"end":22,"url":null,"entity_id":"Q873128","candidates":[]}],[],[{"start":0,"end":11,"url":null,"entity_id":"Q56015","candidates":[]}],[{"start":0,"end":7,"url":null,"entity_id":"Q183","candidates":[]}]],[[{"start":0,"end":23,"url":null,"entity_id":"Q48941029","candidates":[]}],[],[{"start":0,"end":12,"url":null,"entity_id":"Q465283","candidates":[]}],[{"start":0,"end":6,"url":null,"entity_id":"Q159","candidates":[]}]],[[{"start":0,"end":16,"url":null,"entity_id":"Q1359797","candidates":[]}],[],[{"start":0,"end":12,"url":null,"entity_id":"Q465283","candidates":[]}],[{"start":0,"end":6,"url":null,"entity_id":"Q159","candidates":[]}]],[[{"start":0,"end":13,"url":null,"entity_id":"Q1165355","candidates":[]}],[],[{"start":0,"end":12,"url":null,"entity_id":"Q465283","candidates":[]}],[{"start":0,"end":6,"url":null,"entity_id":"Q159","candidates":[]}]],[[{"start":0,"end":14,"url":null,"entity_id":"Q936613","candidates":[]}],[],[{"start":0,"end":12,"url":null,"entity_id":"Q465283","candidates":[]}],[{"start":0,"end":6,"url":null,"entity_id":"Q159","candidates":[]}]],[[{"start":0,"end":15,"url":null,"entity_id":"Q934022","candidates":[]}],[],[{"start":0,"end":12,"url":null,"entity_id":"Q465283","candidates":[]}],[{"start":0,"end":6,"url":null,"entity_id":"Q159","candidates":[]}]],[[{"start":0,"end":12,"url":null,"entity_id":"Q805787","candidates":[]}],[],[{"start":0,"end":12,"url":null,"entity_id":"Q465283","candidates":[]}],[{"start":0,"end":6,"url":null,"entity_id":"Q159","candidates":[]}]],[[{"start":0,"end":19,"url":null,"entity_id":"Q1940268","candidates":[]}],[],[{"start":0,"end":10,"url":null,"entity_id":"Q172771","candidates":[]}],[{"start":0,"end":14,"url":null,"entity_id":"Q145","candidates":[]}]],[[{"start":0,"end":10,"url":null,"entity_id":"Q1548213","candidates":[]}],[],[{"start":0,"end":10,"url":null,"entity_id":"Q172771","candidates":[]}],[{"start":0,"end":14,"url":null,"entity_id":"Q145","candidates":[]}]],[[{"start":0,"end":8,"url":null,"entity_id":"Q1800552","candidates":[]}],[],[{"start":0,"end":12,"url":null,"entity_id":"Q833040","candidates":[]}],[{"start":0,"end":5,"url":null,"entity_id":"Q38","candidates":[]}]],[[{"start":0,"end":23,"url":null,"entity_id":"Q496770","candidates":[]}],[],[{"start":0,"end":27,"url":null,"entity_id":"Q494920","candidates":[]}],[{"start":0,"end":24,"url":null,"entity_id":"Q30","candidates":[]}]],[[{"start":0,"end":23,"url":null,"entity_id":"Q663805","candidates":[]}],[],[{"start":0,"end":18,"url":null,"entity_id":"Q9212","candidates":[]}],[{"start":0,"end":24,"url":null,"entity_id":"Q30","candidates":[]}]],[[{"start":0,"end":21,"url":null,"entity_id":"Q1388607","candidates":[]}],[],[{"start":0,"end":12,"url":null,"entity_id":"Q676404","candidates":[]}],[{"start":0,"end":5,"url":null,"entity_id":"Q29","candidates":[]}]]]}