{"version":"1.2","table":{"version":"2","table_id":"V4V3CRPN","columns":[{"index":0,"name":"col0","values":["2014 British Grand Prix","2008 British Grand Prix","2004 British Grand Prix","2002 British Grand Prix","1998 British Grand Prix","1970 British Grand Prix","1971 British Grand Prix","1969 British Grand Prix","1965 British Grand Prix","1963 British Grand Prix","1962 British Grand Prix","1964 British Grand Prix","1967 British Grand Prix","1966 British Grand Prix","1960 British Grand Prix","1959 British Grand Prix","1953 British Grand Prix","1952 British Grand Prix","1956 British Grand Prix","1950 British Grand Prix"]},{"index":1,"name":"col1","values":["Lewis Hamilton","Lewis Hamilton","Michael Schumacher","Michael Schumacher","Michael Schumacher","Jochen Rindt","Jackie Stewart","Jackie Stewart","Jim Clark","Jim Clark","Jim Clark","Jim Clark","Jim Clark","Jack Brabham","Jack Brabham","Jack Brabham","Alberto Ascari","Alberto Ascari","Juan Manuel Fangio","Giuseppe Farina"]},{"index":2,"name":"col2","values":["2014 Formula 1 Santander British Grand Prix","Formula 1 Santander British Grand Prix","LVII Foster's British Grand Prix","LV Foster's British Grand Prix","LI RAC British Grand Prix","XXIII RAC British Grand Prix","XXIV The Woolmark British Grand Prix","XXII RAC British Grand Prix","XVIII RAC British Grand Prix","XVI RAC British Grand Prix","XV RAC British Grand Prix","XVII RAC British Grand Prix","XX RAC British Grand Prix","XIX RAC British Grand Prix","XIII RAC British Grand Prix","XII RAC British Grand Prix","VI RAC British Grand Prix","V RAC British Grand Prix","IX RAC British Grand Prix","The Royal Automobile Club Grand Prix d'Europe Incorporating The British Grand Prix"]},{"index":3,"name":"col3","values":["2014-07-06","2008-07-06","2004-07-11","2002-07-07","1998-07-12","1970-07-18","1971-07-17","1969-07-19","1965-07-10","1963-07-20","1962-07-21","1964-07-11","1967-07-15","1966-07-16","1960-07-16","1959-07-18","1953-07-18","1952-07-19","1956-07-14","1950-05-13"]}]},"context":{"page_title":null,"page_url":null,"page_entity_id":null,"content_hierarchy":[]},"links":[[[{"start":0,"end":23,"url":null,"entity_id":"Q16787435","candidates":[]}],[{"start":0,"end":14,"url":null,"entity_id":"Q9673","candidates":[]}],[],[]],[[{"start":0,"end":23,"url":null,"entity_id":"Q179354","candidates":[]}],[{"start":0,"end":14,"url":null,"entity_id":"Q9673","candidates":[]}],[],[]],[[{"start":0,"end":23,"url":null,"entity_id":"Q307128","candidates":[]}],[{"start":0,"end":18,"url":null,"entity_id":"Q9671","candidates":[]}],[],[]],[[{"start":0,"end":23,"url":null,"entity_id":"Q307100","candidates":[]}],[{"start":0,"end":18,"url":null,"entity_id":"Q9671","candidates":[]}],[],[]],[[{"start":0,"end":23,"url":null,"entity_id":"Q307049","candidates":[]}],[{"start":0,"end":18,"url":null,"entity_id":"Q9671","candidates":[]}],[],[]],[[{"start":0,"end":23,"url":null,"entity_id":"Q171854","candidates":[]}],[{"start":0,"end":12,"url":null,"entity_id":"Q3234","candidates":[]}],[],[]],[[{"start":0,"end":23,"url":null,"entity_id":"Q172033","candidates":[]}],[{"start":0,"end":14,"url":null,"entity_id":"Q3188","candidates":[]}],[],[]],[[{"start":0,"end":23,"url":null,"entity_id":"Q171868","candidates":[]}],[{"start":0,"end":14,"url":null,"entity_id":"Q3188","candidates":[]}],[],[]],[[{"start":0,"end":23,"url":null,"entity_id":"Q306384","candidates":[]}],[{"start":0,"end":9,"url":null,"entity_id":"Q3137","candidates":[]}],[],[]],[[{"start":0,"end":23,"url":null,"entity_id":"Q306347","candidates":[]}],[{"start":0,"end":9,"url":null,"entity_id":"Q3137","candidates":[]}],[],[]],[[{"start":0,"end":23,"url":null,"entity_id":"Q306322","candidates":[]}],[{"start":0,"end":9,"url":null,"entity_id":"Q3137","candidates":[]}],[],[]],[[{"start":0,"end":23,"url":null,"entity_id":"Q252616","candidates":[]}],[{"start":0,"end":9,"url":null,"entity_id":"Q3137","candidates":[]}],[],[]],[[{"start":0,"end":23,"url":null,"entity_id":"Q171865","candidates":[]}],[{"start":0,"end":9,"url":null,"entity_id":"Q3137","candidates":[]}],[],[]],[[{"start":0,"end":23,"url":null,"entity_id":"Q306485","candidates":[]}],[{"start":0,"end":12,"url":null,"entity_id":"Q2125","candidates":[]}],[],[]],[[{"start":0,"end":23,"url":null,"entity_id":"Q306274","candidates":[]}],[{"start":0,"end":12,"url":null,"entity_id":"Q2125","candidates":[]}],[],[]],[[{"start":0,"end":23,"url":null,"entity_id":"Q306249","candidates":[]}],[{"start":0,"end":12,"url":null,"entity_id":"Q2125","candidates":[]}],[],[]],[[{"start":0,"end":23,"url":null,"entity_id":"Q173080","candidates":[]}],[{"start":0,"end":14,"url":null,"entity_id":"Q2086","candidates":[]}],[],[]],[[{"start":0,"end":23,"url":null,"entity_id":"Q173072","candidates":[]}],[{"start":0,"end":14,"url":null,"entity_id":"Q2086","candidates":[]}],[],[]],[[{"start":0,"end":23,"url":null,"entity_id":"Q306196","candidates":[]}],[{"start":0,"end":18,"url":null,"entity_id":"Q2069","candidates":[]}],[],[]],[[{"start":0,"end":23,"url":null,"entity_id":"Q173075","candidates":[]}],[{"start":0,"end":15,"url":null,"entity_id":"Q2040","candidates":[]}],[],[]]]}