{"version":"1.2","table":{"version":"2","table_id":"V6OYLRQ2","columns":[{"index":0,"name":"col0","values":["Omni Coliseum","McNichols Sports Arena","Market Square Arena","Madrid Arena","Metro Radio Arena","VyStar Veterans Memorial Arena","Verizon Wireless Arena","Manchester Arena","The Palace of Auburn Hills","Hersheypark Arena","Dwyer Arena","Kohl Center","Allstate Arena","FlyDSA Arena","Canadian Tire Centre","Maple Leaf Gardens","Moda Center","Xcel Energy Center","Gila River Arena","Medison Hall"]},{"index":1,"name":"col1","values":["16181","16600","16530","12000","11000","15000","9852","21000","22076","7286","1400","17230","18500","13500","19153","12473","19980","17954","19000","3000"]},{"index":2,"name":"col2","values":["Atlanta","Denver","Indianapolis","Madrid Destino","SMG","SMG","SMG","SMG","Palace Sports and Entertainment","Hershey Entertainment and Resorts Company","Niagara University","Wisconsin Badgers","Rosemont","Live Nation Entertainment","Live Nation Entertainment","Ryerson University","Anschutz Entertainment Group","Minnesota Wild","Arizona Coyotes","Zrenjanin"]}]},"context":{"page_title":null,"page_url":null,"page_entity_id":null,"content_hierarchy":[]},"links":[[[{"start":0,"end":13,"url":null,"entity_id":"Q1970067","candidates":[]}],[],[{"start":0,"end":7,"url":null,"entity_id":"Q23556","candidates":[]}]],[[{"start":0,"end":22,"url":null,"entity_id":"Q2081796","candidates":[]}],[],[{"start":0,"end":6,"url":null,"entity_id":"Q16554","candidates":[]}]],[[{"start":0,"end":19,"url":null,"entity_id":"Q3294309","candidates":[]}],[],[{"start":0,"end":12,"url":null,"entity_id":"Q6346","candidates":[]}]],[[{"start":0,"end":12,"url":null,"entity_id":"Q1423431","candidates":[]}],[],[{"start":0,"end":14,"url":null,"entity_id":"Q57725558","candidates":[]}]],[[{"start":0,"end":17,"url":null,"entity_id":"Q1647917","candidates":[]}],[],[{"start":0,"end":3,"url":null,"entity_id":"Q17088423","candidates":[]}]],[[{"start":0,"end":30,"url":null,"entity_id":"Q1579292","candidates":[]}],[],[{"start":0,"end":3,"url":null,"entity_id":"Q17088423","candidates":[]}]],[[{"start":0,"end":22,"url":null,"entity_id":"Q1568947","candidates":[]}],[],[{"start":0,"end":3,"url":null,"entity_id":"Q17088423","candidates":[]}]],[[{"start":0,"end":16,"url":null,"entity_id":"Q1461465","candidates":[]}],[],[{"start":0,"end":3,"url":null,"entity_id":"Q17088423","candidates":[]}]],[[{"start":0,"end":26,"url":null,"entity_id":"Q1327633","candidates":[]}],[],[{"start":0,"end":31,"url":null,"entity_id":"Q7126188","candidates":[]}]],[[{"start":0,"end":17,"url":null,"entity_id":"Q1577702","candidates":[]}],[],[{"start":0,"end":41,"url":null,"entity_id":"Q5744514","candidates":[]}]],[[{"start":0,"end":11,"url":null,"entity_id":"Q1268567","candidates":[]}],[],[{"start":0,"end":18,"url":null,"entity_id":"Q3551657","candidates":[]}]],[[{"start":0,"end":11,"url":null,"entity_id":"Q1578408","candidates":[]}],[],[{"start":0,"end":17,"url":null,"entity_id":"Q3098117","candidates":[]}]],[[{"start":0,"end":14,"url":null,"entity_id":"Q1336027","candidates":[]}],[],[{"start":0,"end":8,"url":null,"entity_id":"Q1191401","candidates":[]}]],[[{"start":0,"end":12,"url":null,"entity_id":"Q1548891","candidates":[]}],[],[{"start":0,"end":25,"url":null,"entity_id":"Q1061903","candidates":[]}]],[[{"start":0,"end":20,"url":null,"entity_id":"Q1327290","candidates":[]}],[],[{"start":0,"end":25,"url":null,"entity_id":"Q1061903","candidates":[]}]],[[{"start":0,"end":18,"url":null,"entity_id":"Q1814534","candidates":[]}],[],[{"start":0,"end":18,"url":null,"entity_id":"Q611723","candidates":[]}]],[[{"start":0,"end":11,"url":null,"entity_id":"Q1347442","candidates":[]}],[],[{"start":0,"end":28,"url":null,"entity_id":"Q569417","candidates":[]}]],[[{"start":0,"end":18,"url":null,"entity_id":"Q1421388","candidates":[]}],[],[{"start":0,"end":14,"url":null,"entity_id":"Q206357","candidates":[]}]],[[{"start":0,"end":16,"url":null,"entity_id":"Q1421377","candidates":[]}],[],[{"start":0,"end":15,"url":null,"entity_id":"Q206312","candidates":[]}]],[[{"start":0,"end":12,"url":null,"entity_id":"Q1570168","candidates":[]}],[],[{"start":0,"end":9,"url":null,"entity_id":"Q201125","candidates":[]}]]]}