{"version":"1.2","table":{"version":"2","table_id":"V6S5E66A","columns":[{"index":0,"name":"col0","values":["San Juan Comaltepec","San Miguel Tulancingo","San Felipe Usila","Villa de Etla","Chahuites","San Martín Toxpalan","San Pedro Topiltepec","San Miguel Tilquiapam","San Martín Peras","San Juan Colorado","San Lucas Zoquiapam","Ocotlán de Morelos","San Marcial Ozolotepec","San Martín Tilcajete","San Miguel Tequixtepec","San Miguel Tlacotepec","Pinotepa de Don Luis","San Bartolomé Yucuañe","Nejapa de Madero","San Luis Amatlán","San Juan Coatzospam","San Marcos Arteaga","San Juan Bautista Tlachichilco","San Lucas Camotlán","San Bartolo Soyaltepec","Santa Cruz Acatepec","Karor Lal Esan","Cono Norte","Permanent North American Gaeltacht","Kuruvadweep","Emerald Triangle","Uzhavoor","Waitemata Local Board","Verftet","Sun Ray, Florida","Rockwood Precinct, Randolph County, Illinois","Shamanur","Serra de São Mamede Natural Park","Sembawang","Gdyel"]},{"index":1,"name":"col1","values":["Oaxaca","Oaxaca","Oaxaca","Oaxaca","Oaxaca","Oaxaca","Oaxaca","Oaxaca","Oaxaca","Oaxaca","Oaxaca","Oaxaca","Oaxaca","Oaxaca","Oaxaca","Oaxaca","Oaxaca","Oaxaca","Oaxaca","Oaxaca","Oaxaca","Oaxaca","Oaxaca","Oaxaca","Oaxaca","Oaxaca","Punjab","Lima","Ontario","Kerala","California","Kottayam district","Auckland Council","Bergen","Polk County","Randolph County","Davanagere district","Portalegre District","Singapore","Gdyel District"]},{"index":2,"name":"col2","values":["163.31","53.59","255.17","17.86","160.75","62.52","45.93","39.55","237.31","85.48","38.27","123.76","53.58","26.79","146.72","112.27","51","65.07","370","170.96","63.79","133.96","183.7","127.58","70.17","14.03","3721","988.5","0.24","3.84451","10260","25.09","19.38","0.08","0.26","73.63","4","560.5889843","12.34","93.82"]}]},"context":{"page_title":null,"page_url":null,"page_entity_id":null,"content_hierarchy":[]},"links":[[[{"start":0,"end":19,"url":null,"entity_id":"Q3894978","candidates":[]}],[{"start":0,"end":6,"url":null,"entity_id":"Q34110","candidates":[]}],[]],[[{"start":0,"end":21,"url":null,"entity_id":"Q3894946","candidates":[]}],[{"start":0,"end":6,"url":null,"entity_id":"Q34110","candidates":[]}],[]],[[{"start":0,"end":16,"url":null,"entity_id":"Q3894936","candidates":[]}],[{"start":0,"end":6,"url":null,"entity_id":"Q34110","candidates":[]}],[]],[[{"start":0,"end":13,"url":null,"entity_id":"Q3894929","candidates":[]}],[{"start":0,"end":6,"url":null,"entity_id":"Q34110","candidates":[]}],[]],[[{"start":0,"end":9,"url":null,"entity_id":"Q3894783","candidates":[]}],[{"start":0,"end":6,"url":null,"entity_id":"Q34110","candidates":[]}],[]],[[{"start":0,"end":19,"url":null,"entity_id":"Q3894642","candidates":[]}],[{"start":0,"end":6,"url":null,"entity_id":"Q34110","candidates":[]}],[]],[[{"start":0,"end":20,"url":null,"entity_id":"Q3893822","candidates":[]}],[{"start":0,"end":6,"url":null,"entity_id":"Q34110","candidates":[]}],[]],[[{"start":0,"end":21,"url":null,"entity_id":"Q3893813","candidates":[]}],[{"start":0,"end":6,"url":null,"entity_id":"Q34110","candidates":[]}],[]],[[{"start":0,"end":16,"url":null,"entity_id":"Q3893762","candidates":[]}],[{"start":0,"end":6,"url":null,"entity_id":"Q34110","candidates":[]}],[]],[[{"start":0,"end":17,"url":null,"entity_id":"Q3893751","candidates":[]}],[{"start":0,"end":6,"url":null,"entity_id":"Q34110","candidates":[]}],[]],[[{"start":0,"end":19,"url":null,"entity_id":"Q3893740","candidates":[]}],[{"start":0,"end":6,"url":null,"entity_id":"Q34110","candidates":[]}],[]],[[{"start":0,"end":18,"url":null,"entity_id":"Q3893678","candidates":[]}],[{"start":0,"end":6,"url":null,"entity_id":"Q34110","candidates":[]}],[]],[[{"start":0,"end":22,"url":null,"entity_id":"Q3893660","candidates":[]}],[{"start":0,"end":6,"url":null,"entity_id":"Q34110","candidates":[]}],[]],[[{"start":0,"end":20,"url":null,"entity_id":"Q3893354","candidates":[]}],[{"start":0,"end":6,"url":null,"entity_id":"Q34110","candidates":[]}],[]],[[{"start":0,"end":22,"url":null,"entity_id":"Q3893321","candidates":[]}],[{"start":0,"end":6,"url":null,"entity_id":"Q34110","candidates":[]}],[]],[[{"start":0,"end":21,"url":null,"entity_id":"Q3893306","candidates":[]}],[{"start":0,"end":6,"url":null,"entity_id":"Q34110","candidates":[]}],[]],[[{"start":0,"end":20,"url":null,"entity_id":"Q3893293","candidates":[]}],[{"start":0,"end":6,"url":null,"entity_id":"Q34110","candidates":[]}],[]],[[{"start":0,"end":21,"url":null,"entity_id":"Q3893045","candidates":[]}],[{"start":0,"end":6,"url":null,"entity_id":"Q34110","candidates":[]}],[]],[[{"start":0,"end":16,"url":null,"entity_id":"Q3892941","candidates":[]}],[{"start":0,"end":6,"url":null,"entity_id":"Q34110","candidates":[]}],[]],[[{"start":0,"end":16,"url":null,"entity_id":"Q3892872","candidates":[]}],[{"start":0,"end":6,"url":null,"entity_id":"Q34110","candidates":[]}],[]],[[{"start":0,"end":19,"url":null,"entity_id":"Q3892854","candidates":[]}],[{"start":0,"end":6,"url":null,"entity_id":"Q34110","candidates":[]}],[]],[[{"start":0,"end":18,"url":null,"entity_id":"Q3892848","candidates":[]}],[{"start":0,"end":6,"url":null,"entity_id":"Q34110","candidates":[]}],[]],[[{"start":0,"end":30,"url":null,"entity_id":"Q3892774","candidates":[]}],[{"start":0,"end":6,"url":null,"entity_id":"Q34110","candidates":[]}],[]],[[{"start":0,"end":18,"url":null,"entity_id":"Q3892719","candidates":[]}],[{"start":0,"end":6,"url":null,"entity_id":"Q34110","candidates":[]}],[]],[[{"start":0,"end":22,"url":null,"entity_id":"Q3892655","candidates":[]}],[{"start":0,"end":6,"url":null,"entity_id":"Q34110","candidates":[]}],[]],[[{"start":0,"end":19,"url":null,"entity_id":"Q3892510","candidates":[]}],[{"start":0,"end":6,"url":null,"entity_id":"Q34110","candidates":[]}],[]],[[{"start":0,"end":14,"url":null,"entity_id":"Q3695888","candidates":[]}],[{"start":0,"end":6,"url":null,"entity_id":"Q4478","candidates":[]}],[]],[[{"start":0,"end":10,"url":null,"entity_id":"Q3824169","candidates":[]}],[{"start":0,"end":4,"url":null,"entity_id":"Q2868","candidates":[]}],[]],[[{"start":0,"end":34,"url":null,"entity_id":"Q3778383","candidates":[]}],[{"start":0,"end":7,"url":null,"entity_id":"Q1904","candidates":[]}],[]],[[{"start":0,"end":11,"url":null,"entity_id":"Q3595223","candidates":[]}],[{"start":0,"end":6,"url":null,"entity_id":"Q1186","candidates":[]}],[]],[[{"start":0,"end":16,"url":null,"entity_id":"Q3538690","candidates":[]}],[{"start":0,"end":10,"url":null,"entity_id":"Q99","candidates":[]}],[]],[[{"start":0,"end":8,"url":null,"entity_id":"Q7904954","candidates":[]}],[{"start":0,"end":17,"url":null,"entity_id":"Q1353354","candidates":[]}],[]],[[{"start":0,"end":21,"url":null,"entity_id":"Q7960499","candidates":[]}],[{"start":0,"end":16,"url":null,"entity_id":"Q758635","candidates":[]}],[]],[[{"start":0,"end":7,"url":null,"entity_id":"Q7921250","candidates":[]}],[{"start":0,"end":6,"url":null,"entity_id":"Q26793","candidates":[]}],[]],[[{"start":0,"end":16,"url":null,"entity_id":"Q7638462","candidates":[]}],[{"start":0,"end":11,"url":null,"entity_id":"Q501043","candidates":[]}],[]],[[{"start":0,"end":44,"url":null,"entity_id":"Q7355710","candidates":[]}],[{"start":0,"end":15,"url":null,"entity_id":"Q486499","candidates":[]}],[]],[[{"start":0,"end":8,"url":null,"entity_id":"Q7487422","candidates":[]}],[{"start":0,"end":19,"url":null,"entity_id":"Q1863214","candidates":[]}],[]],[[{"start":0,"end":32,"url":null,"entity_id":"Q7455242","candidates":[]}],[{"start":0,"end":19,"url":null,"entity_id":"Q225189","candidates":[]}],[]],[[{"start":0,"end":9,"url":null,"entity_id":"Q7449155","candidates":[]}],[{"start":0,"end":9,"url":null,"entity_id":"Q334","candidates":[]}],[]],[[{"start":0,"end":5,"url":null,"entity_id":"Q5529400","candidates":[]}],[{"start":0,"end":14,"url":null,"entity_id":"Q3019727","candidates":[]}],[]]]}