{"version":2,"table":{"version":2,"table_id":"5QQHEXMG","columns":[{"index":0,"name":"col0","values":["Free to Decide","Roga za spomen"]},{"index":1,"name":"col1","values":["","1"]}]},"context":{"version":3,"page_title":null,"page_url":null,"entities":[],"literals":[],"content_hierarchy":[]},"links":[[[{"version":2,"start":0,"end":14,"url":null,"entities":[{"id":"Q658085","type":"wikidata"}]}],[]],[[{"version":2,"start":0,"end":14,"url":null,"entities":[{"id":"Q84363076","type":"wikidata"}]}],[]]]}