{"version":2,"table":{"version":2,"table_id":"5XI5NHK5","columns":[{"index":0,"name":"col0","values":["The Diamond Mine","The Magic Shop","Studio 13","Times Square Studios","Borough Theatre","Kingsway Hall","The Mansion"]},{"index":1,"name":"col1","values":["2014-01-01","1988-01-01","1993-01-01","1999-01-01","","","1918-01-01"]},{"index":2,"name":"col2","values":["","","","","2011-03-01","1998-01-01",""]}]},"context":{"version":3,"page_title":null,"page_url":null,"entities":[],"literals":[],"content_hierarchy":[]},"links":[[[{"version":2,"start":0,"end":16,"url":null,"entities":[{"id":"Q116081076","type":"wikidata"}]}],[],[]],[[{"version":2,"start":0,"end":14,"url":null,"entities":[{"id":"Q101579921","type":"wikidata"}]}],[],[]],[[{"version":2,"start":0,"end":9,"url":null,"entities":[{"id":"Q106127426","type":"wikidata"}]}],[],[]],[[{"version":2,"start":0,"end":20,"url":null,"entities":[{"id":"Q902959","type":"wikidata"}]}],[],[]],[[{"version":2,"start":0,"end":15,"url":null,"entities":[{"id":"Q32676176","type":"wikidata"}]}],[],[]],[[{"version":2,"start":0,"end":13,"url":null,"entities":[{"id":"Q3815518","type":"wikidata"}]}],[],[]],[[{"version":2,"start":0,"end":11,"url":null,"entities":[{"id":"Q3230327","type":"wikidata"}]}],[],[]]]}