{"version":2,"table":{"version":2,"table_id":"5Z6MJT5P","columns":[{"index":0,"name":"col0","values":["HDI","Concordia","Privilege","National Life Group"]},{"index":1,"name":"col1","values":["Hanover","Lucerne","London","Montpelier"]},{"index":2,"name":"col2","values":["joint-stock company","association","",""]}]},"context":{"version":3,"page_title":null,"page_url":null,"entities":[],"literals":[],"content_hierarchy":[]},"links":[[[{"version":2,"start":0,"end":3,"url":null,"entities":[{"id":"Q17322068","type":"wikidata"}]}],[{"version":2,"start":0,"end":7,"url":null,"entities":[{"id":"Q1715","type":"wikidata"}]}],[{"version":2,"start":0,"end":19,"url":null,"entities":[{"id":"Q134161","type":"wikidata"}]}]],[[{"version":2,"start":0,"end":9,"url":null,"entities":[{"id":"Q1124160","type":"wikidata"}]}],[{"version":2,"start":0,"end":7,"url":null,"entities":[{"id":"Q4191","type":"wikidata"}]}],[{"version":2,"start":0,"end":11,"url":null,"entities":[{"id":"Q15177651","type":"wikidata"}]}]],[[{"version":2,"start":0,"end":9,"url":null,"entities":[{"id":"Q7246300","type":"wikidata"}]}],[{"version":2,"start":0,"end":6,"url":null,"entities":[{"id":"Q84","type":"wikidata"}]}],[]],[[{"version":2,"start":0,"end":19,"url":null,"entities":[{"id":"Q6974186","type":"wikidata"}]}],[{"version":2,"start":0,"end":10,"url":null,"entities":[{"id":"Q26426","type":"wikidata"}]}],[]]]}