{"version":2,"table":{"version":2,"table_id":"67XW9U3P","columns":[{"index":0,"name":"col0","values":["krypton-96","krypton-79"]},{"index":1,"name":"col1","values":["95.943016618","78.920082945"]}]},"context":{"version":3,"page_title":null,"page_url":null,"entities":[],"literals":[],"content_hierarchy":[]},"links":[[[{"version":2,"start":0,"end":10,"url":null,"entities":[{"id":"Q18845055","type":"wikidata"}]}],[]],[[{"version":2,"start":0,"end":10,"url":null,"entities":[{"id":"Q18845042","type":"wikidata"}]}],[]]]}