{"version":2,"table":{"version":2,"table_id":"6A7U3OXZ","columns":[{"index":0,"name":"col0","values":["gallium-79","gallium-72"]},{"index":1,"name":"col1","values":["1.5","3"]},{"index":2,"name":"col2","values":["31","31"]}]},"context":{"version":3,"page_title":null,"page_url":null,"entities":[],"literals":[],"content_hierarchy":[]},"links":[[[{"version":2,"start":0,"end":10,"url":null,"entities":[{"id":"Q18844968","type":"wikidata"}]}],[],[]],[[{"version":2,"start":0,"end":10,"url":null,"entities":[{"id":"Q18844961","type":"wikidata"}]}],[],[]]]}