{"version":2,"table":{"version":2,"table_id":"6BHSOZ1U","columns":[{"index":0,"name":"col0","values":["Great Valley Grasslands State Park","Bidwell Mansion State Historic Park","Border Field State Park","Leo Carrillo State Park","Torrey Pines State Natural Reserve"]},{"index":1,"name":"col1","values":["Gustine","","Imperial Beach","Malibu",""]}]},"context":{"version":3,"page_title":null,"page_url":null,"entities":[],"literals":[],"content_hierarchy":[]},"links":[[[{"version":2,"start":0,"end":34,"url":null,"entities":[{"id":"Q5600113","type":"wikidata"}]}],[{"version":2,"start":0,"end":7,"url":null,"entities":[{"id":"Q2295402","type":"wikidata"}]}]],[[{"version":2,"start":0,"end":35,"url":null,"entities":[{"id":"Q4904293","type":"wikidata"}]}],[]],[[{"version":2,"start":0,"end":23,"url":null,"entities":[{"id":"Q4944563","type":"wikidata"}]}],[{"version":2,"start":0,"end":14,"url":null,"entities":[{"id":"Q917531","type":"wikidata"}]}]],[[{"version":2,"start":0,"end":23,"url":null,"entities":[{"id":"Q6523617","type":"wikidata"}]}],[{"version":2,"start":0,"end":6,"url":null,"entities":[{"id":"Q387047","type":"wikidata"}]}]],[[{"version":2,"start":0,"end":34,"url":null,"entities":[{"id":"Q2365995","type":"wikidata"}]}],[]]]}