{"version":2,"table":{"version":2,"table_id":"6JJIO5ZZ","columns":[{"index":0,"name":"col0","values":["Die Young","Judas","Till the World Ends","I Wanna Go","California Gurls","Hold It Against Me","Hungry"]},{"index":1,"name":"col1","values":["213","250","237","210","236","229","209"]},{"index":2,"name":"col2","values":["132","131","132","138","138","133","84"]}]},"context":{"version":3,"page_title":null,"page_url":null,"entities":[],"literals":[],"content_hierarchy":[]},"links":[[[{"version":2,"start":0,"end":9,"url":null,"entities":[{"id":"Q195744","type":"wikidata"}]}],[],[]],[[{"version":2,"start":0,"end":5,"url":null,"entities":[{"id":"Q188766","type":"wikidata"}]}],[],[]],[[{"version":2,"start":0,"end":19,"url":null,"entities":[{"id":"Q184920","type":"wikidata"}]}],[],[]],[[{"version":2,"start":0,"end":10,"url":null,"entities":[{"id":"Q179715","type":"wikidata"}]}],[],[]],[[{"version":2,"start":0,"end":16,"url":null,"entities":[{"id":"Q155586","type":"wikidata"}]}],[],[]],[[{"version":2,"start":0,"end":18,"url":null,"entities":[{"id":"Q115800","type":"wikidata"}]}],[],[]],[[{"version":2,"start":0,"end":6,"url":null,"entities":[{"id":"Q102013702","type":"wikidata"}]}],[],[]]]}