{"version":2,"table":{"version":2,"table_id":"6LF8RIOP","columns":[{"index":0,"name":"col0","values":["Butler County","Lewis County","Harrison County","Caldwell County","Ohio County"]},{"index":1,"name":"col1","values":["1.2","2.5","1.1","1","1.5"]}]},"context":{"version":3,"page_title":null,"page_url":null,"entities":[],"literals":[],"content_hierarchy":[]},"links":[[[{"version":2,"start":0,"end":13,"url":null,"entities":[{"id":"Q486075","type":"wikidata"}]}],[]],[[{"version":2,"start":0,"end":12,"url":null,"entities":[{"id":"Q498072","type":"wikidata"}]}],[]],[[{"version":2,"start":0,"end":15,"url":null,"entities":[{"id":"Q491970","type":"wikidata"}]}],[]],[[{"version":2,"start":0,"end":15,"url":null,"entities":[{"id":"Q491982","type":"wikidata"}]}],[]],[[{"version":2,"start":0,"end":11,"url":null,"entities":[{"id":"Q500663","type":"wikidata"}]}],[]]]}