{"version":2,"table":{"version":2,"table_id":"6P78MZXF","columns":[{"index":0,"name":"col0","values":["Lewiston","Owego","Middleburgh","Bayville","Cattaraugus","Angola"]},{"index":1,"name":"col1","values":["41","6.912008","3.230548","4.016894","2.899934","3700000"]},{"index":2,"name":"col2","values":["130","248","197","12","419","209"]}]},"context":{"version":3,"page_title":null,"page_url":null,"entities":[],"literals":[],"content_hierarchy":[]},"links":[[[{"version":2,"start":0,"end":8,"url":null,"entities":[{"id":"Q2532289","type":"wikidata"}]}],[],[]],[[{"version":2,"start":0,"end":5,"url":null,"entities":[{"id":"Q993272","type":"wikidata"}]}],[],[]],[[{"version":2,"start":0,"end":11,"url":null,"entities":[{"id":"Q524354","type":"wikidata"}]}],[],[]],[[{"version":2,"start":0,"end":8,"url":null,"entities":[{"id":"Q3242156","type":"wikidata"}]}],[],[]],[[{"version":2,"start":0,"end":11,"url":null,"entities":[{"id":"Q3475930","type":"wikidata"}]}],[],[]],[[{"version":2,"start":0,"end":6,"url":null,"entities":[{"id":"Q1843821","type":"wikidata"}]}],[],[]]]}