{"version":2,"table":{"version":2,"table_id":"6PFJ97ML","columns":[{"index":0,"name":"col0","values":["Boulevard Boisson","Danube Boulevard in Plovdiv","Tsar Boris III – Obedinitel Boulevard","boulevard Richard-Wallace"]},{"index":1,"name":"col1","values":["789","2460","2924","530"]},{"index":2,"name":"col2","values":["11","15","21","26"]}]},"context":{"version":3,"page_title":null,"page_url":null,"entities":[],"literals":[],"content_hierarchy":[]},"links":[[[{"version":2,"start":0,"end":17,"url":null,"entities":[{"id":"Q107214788","type":"wikidata"}]}],[],[]],[[{"version":2,"start":0,"end":27,"url":null,"entities":[{"id":"Q31192974","type":"wikidata"}]}],[],[]],[[{"version":2,"start":0,"end":37,"url":null,"entities":[{"id":"Q31192964","type":"wikidata"}]}],[],[]],[[{"version":2,"start":0,"end":25,"url":null,"entities":[{"id":"Q21098035","type":"wikidata"}]}],[],[]]]}