{"version":2,"table":{"version":2,"table_id":"6WS6VQS3","columns":[{"index":0,"name":"col0","values":["Dovecote","Dovecote","Dovecote","Dovecote","Dovecote","Dovecote","Dovecote","Dovecote","Dovecote"]},{"index":1,"name":"col1","values":["Grade II listed building","Grade II listed building","Grade II listed building","Grade II listed building","Grade II listed building","Grade II* listed building","Grade II listed building","Grade II* listed building","Grade II listed building"]}]},"context":{"version":3,"page_title":null,"page_url":null,"entities":[],"literals":[],"content_hierarchy":[]},"links":[[[{"version":2,"start":0,"end":8,"url":null,"entities":[{"id":"Q26392303","type":"wikidata"}]}],[{"version":2,"start":0,"end":24,"url":null,"entities":[{"id":"Q15700834","type":"wikidata"}]}]],[[{"version":2,"start":0,"end":8,"url":null,"entities":[{"id":"Q26670771","type":"wikidata"}]}],[{"version":2,"start":0,"end":24,"url":null,"entities":[{"id":"Q15700834","type":"wikidata"}]}]],[[{"version":2,"start":0,"end":8,"url":null,"entities":[{"id":"Q26494248","type":"wikidata"}]}],[{"version":2,"start":0,"end":24,"url":null,"entities":[{"id":"Q15700834","type":"wikidata"}]}]],[[{"version":2,"start":0,"end":8,"url":null,"entities":[{"id":"Q26638893","type":"wikidata"}]}],[{"version":2,"start":0,"end":24,"url":null,"entities":[{"id":"Q15700834","type":"wikidata"}]}]],[[{"version":2,"start":0,"end":8,"url":null,"entities":[{"id":"Q26634977","type":"wikidata"}]}],[{"version":2,"start":0,"end":24,"url":null,"entities":[{"id":"Q15700834","type":"wikidata"}]}]],[[{"version":2,"start":0,"end":8,"url":null,"entities":[{"id":"Q17536889","type":"wikidata"}]}],[{"version":2,"start":0,"end":25,"url":null,"entities":[{"id":"Q15700831","type":"wikidata"}]}]],[[{"version":2,"start":0,"end":8,"url":null,"entities":[{"id":"Q26643495","type":"wikidata"}]}],[{"version":2,"start":0,"end":24,"url":null,"entities":[{"id":"Q15700834","type":"wikidata"}]}]],[[{"version":2,"start":0,"end":8,"url":null,"entities":[{"id":"Q17744326","type":"wikidata"}]}],[{"version":2,"start":0,"end":25,"url":null,"entities":[{"id":"Q15700831","type":"wikidata"}]}]],[[{"version":2,"start":0,"end":8,"url":null,"entities":[{"id":"Q26604512","type":"wikidata"}]}],[{"version":2,"start":0,"end":24,"url":null,"entities":[{"id":"Q15700834","type":"wikidata"}]}]]]}