{"version":2,"table":{"version":2,"table_id":"6XAJ0334","columns":[{"index":0,"name":"col0","values":["Statisten in Uniform","Dr J.B. Danquah: A Man of Many Parts","Sketchbook, Holland: Page 51, Sketch of Landscape with Horse and Carriage","Sketchbook, Holland: Page 63, Buildings","Sketchbook, Spain: Page 49, Donkey Carrying Goods","Al-Fitna Al-Kubra","Immunization Safety Review: Multiple Immunizations and Immune Dysfunction"]},{"index":1,"name":"col1","values":["996","120","","","","","152"]}]},"context":{"version":3,"page_title":null,"page_url":null,"entities":[],"literals":[],"content_hierarchy":[]},"links":[[[{"version":2,"start":0,"end":20,"url":null,"entities":[{"id":"Q108870220","type":"wikidata"}]}],[]],[[{"version":2,"start":0,"end":36,"url":null,"entities":[{"id":"Q104787092","type":"wikidata"}]}],[]],[[{"version":2,"start":0,"end":73,"url":null,"entities":[{"id":"Q79871212","type":"wikidata"}]}],[]],[[{"version":2,"start":0,"end":39,"url":null,"entities":[{"id":"Q79871221","type":"wikidata"}]}],[]],[[{"version":2,"start":0,"end":49,"url":null,"entities":[{"id":"Q79871379","type":"wikidata"}]}],[]],[[{"version":2,"start":0,"end":17,"url":null,"entities":[{"id":"Q4702398","type":"wikidata"}]}],[]],[[{"version":2,"start":0,"end":73,"url":null,"entities":[{"id":"Q101538178","type":"wikidata"}]}],[]]]}