{"version":2,"table":{"version":2,"table_id":"70YVVE7H","columns":[{"index":0,"name":"col0","values":["Nevis","Port Louis"]},{"index":1,"name":"col1","values":["985","134"]},{"index":2,"name":"col2","values":["11108","149194"]}]},"context":{"version":3,"page_title":null,"page_url":null,"entities":[],"literals":[],"content_hierarchy":[]},"links":[[[{"version":2,"start":0,"end":5,"url":null,"entities":[{"id":"Q207794","type":"wikidata"}]}],[],[]],[[{"version":2,"start":0,"end":10,"url":null,"entities":[{"id":"Q3929","type":"wikidata"}]}],[],[]]]}