{"version":2,"table":{"version":2,"table_id":"73SUW88R","columns":[{"index":0,"name":"col0","values":["KV32","WV25","Cerro de la Calera","KV38"]},{"index":1,"name":"col1","values":["Luxor","","San Fernando","Luxor"]}]},"context":{"version":3,"page_title":null,"page_url":null,"entities":[],"literals":[],"content_hierarchy":[]},"links":[[[{"version":2,"start":0,"end":4,"url":null,"entities":[{"id":"Q1868880","type":"wikidata"}]}],[{"version":2,"start":0,"end":5,"url":null,"entities":[{"id":"Q130514","type":"wikidata"}]}]],[[{"version":2,"start":0,"end":4,"url":null,"entities":[{"id":"Q2300538","type":"wikidata"}]}],[]],[[{"version":2,"start":0,"end":18,"url":null,"entities":[{"id":"Q97619495","type":"wikidata"}]}],[{"version":2,"start":0,"end":12,"url":null,"entities":[{"id":"Q741765","type":"wikidata"}]}]],[[{"version":2,"start":0,"end":4,"url":null,"entities":[{"id":"Q2771864","type":"wikidata"}]}],[{"version":2,"start":0,"end":5,"url":null,"entities":[{"id":"Q130514","type":"wikidata"}]}]]]}