{"version":2,"table":{"version":2,"table_id":"7EUGPK9C","columns":[{"index":0,"name":"col0","values":["Vélhop","FordPass Bike","ToBike","JoBike","Vivélo"]},{"index":1,"name":"col1","values":["Gare de Hoenheim-Tram","Düsseldorf","","","Vichy"]},{"index":2,"name":"col2","values":["","","2010-06-05","2018-06-18",""]}]},"context":{"version":3,"page_title":null,"page_url":null,"entities":[],"literals":[],"content_hierarchy":[]},"links":[[[{"version":2,"start":0,"end":6,"url":null,"entities":[{"id":"Q3564044","type":"wikidata"}]}],[{"version":2,"start":0,"end":21,"url":null,"entities":[{"id":"Q2789917","type":"wikidata"}]}],[]],[[{"version":2,"start":0,"end":13,"url":null,"entities":[{"id":"Q90409686","type":"wikidata"}]}],[{"version":2,"start":0,"end":10,"url":null,"entities":[{"id":"Q1718","type":"wikidata"}]}],[]],[[{"version":2,"start":0,"end":6,"url":null,"entities":[{"id":"Q245660","type":"wikidata"}]}],[],[]],[[{"version":2,"start":0,"end":6,"url":null,"entities":[{"id":"Q63498277","type":"wikidata"}]}],[],[]],[[{"version":2,"start":0,"end":6,"url":null,"entities":[{"id":"Q98476931","type":"wikidata"}]}],[{"version":2,"start":0,"end":5,"url":null,"entities":[{"id":"Q93351","type":"wikidata"}]}],[]]]}