{"version":2,"table":{"version":2,"table_id":"7IP6X5HP","columns":[{"index":0,"name":"col0","values":["Berlin","Seute Deern","John Elias","Waterloo","Dundee","Adamant","Ivanhoe"]},{"index":1,"name":"col1","values":["1849-01-01","","1864-01-01","","1882-01-01","1858-01-01","1871-01-01"]}]},"context":{"version":3,"page_title":null,"page_url":null,"entities":[],"literals":[],"content_hierarchy":[]},"links":[[[{"version":2,"start":0,"end":6,"url":null,"entities":[{"id":"Q24027247","type":"wikidata"}]}],[]],[[{"version":2,"start":0,"end":11,"url":null,"entities":[{"id":"Q885056","type":"wikidata"}]}],[]],[[{"version":2,"start":0,"end":10,"url":null,"entities":[{"id":"Q24027330","type":"wikidata"}]}],[]],[[{"version":2,"start":0,"end":8,"url":null,"entities":[{"id":"Q7974207","type":"wikidata"}]}],[]],[[{"version":2,"start":0,"end":6,"url":null,"entities":[{"id":"Q80223413","type":"wikidata"}]}],[]],[[{"version":2,"start":0,"end":7,"url":null,"entities":[{"id":"Q115872668","type":"wikidata"}]}],[]],[[{"version":2,"start":0,"end":7,"url":null,"entities":[{"id":"Q24027412","type":"wikidata"}]}],[]]]}