{"version":2,"table":{"version":2,"table_id":"7M67LWQF","columns":[{"index":0,"name":"col0","values":["Xiaomi 11T","iPhone 13 Pro","Xiaomi Mi 11 Ultra","Xiaomi Mi 11"]},{"index":1,"name":"col1","values":["8","6","8","6"]}]},"context":{"version":3,"page_title":null,"page_url":null,"entities":[],"literals":[],"content_hierarchy":[]},"links":[[[{"version":2,"start":0,"end":10,"url":null,"entities":[{"id":"Q109264762","type":"wikidata"}]}],[]],[[{"version":2,"start":0,"end":13,"url":null,"entities":[{"id":"Q108541719","type":"wikidata"}]}],[]],[[{"version":2,"start":0,"end":18,"url":null,"entities":[{"id":"Q106661429","type":"wikidata"}]}],[]],[[{"version":2,"start":0,"end":12,"url":null,"entities":[{"id":"Q104531763","type":"wikidata"}]}],[]]]}