[{"version":1,"nodes":[{"col_index":0,"label":"col0","id":0},{"col_index":1,"label":"col1","id":1},{"abs_uri":"http://www.wikidata.org/entity/Q30129411","rel_uri":"wd:Q30129411","approximation":false,"readable_label":"former local government area of Australia (Q30129411)","id":2},{"abs_uri":"http://www.wikidata.org/entity/Q5852411","rel_uri":"wd:Q5852411","approximation":false,"readable_label":"state of Australia (Q5852411)","id":3}],"edges":[{"source":2,"target":0,"abs_uri":"http://www.w3.org/2000/01/rdf-schema#label","rel_uri":"rdfs:label","approximation":false,"readable_label":"rdfs:label","id":0},{"source":3,"target":1,"abs_uri":"http://www.w3.org/2000/01/rdf-schema#label","rel_uri":"rdfs:label","approximation":false,"readable_label":"rdfs:label","id":1},{"source":2,"target":3,"abs_uri":"http://www.wikidata.org/prop/P131","rel_uri":"p:P131","approximation":false,"readable_label":"located in the administrative territorial entity (P131)","id":2}]}]