[{"version":1,"nodes":[{"col_index":0,"label":"col0","id":0},{"col_index":1,"label":"col1","id":1},{"col_index":2,"label":"col2","id":2},{"col_index":3,"label":"col3","id":3},{"abs_uri":"http://www.wikidata.org/entity/Q29168811","rel_uri":"wd:Q29168811","approximation":false,"readable_label":"animated feature film (Q29168811)","id":4},{"abs_uri":"http://www.wikidata.org/entity/Q482994","rel_uri":"wd:Q482994","approximation":false,"readable_label":"album (Q482994)","id":5}],"edges":[{"source":4,"target":0,"abs_uri":"http://www.w3.org/2000/01/rdf-schema#label","rel_uri":"rdfs:label","approximation":false,"readable_label":"rdfs:label","id":0},{"source":5,"target":1,"abs_uri":"http://www.w3.org/2000/01/rdf-schema#label","rel_uri":"rdfs:label","approximation":false,"readable_label":"rdfs:label","id":1},{"source":4,"target":5,"abs_uri":"http://www.wikidata.org/prop/P406","rel_uri":"p:P406","approximation":false,"readable_label":"soundtrack release (P406)","id":2},{"source":4,"target":2,"abs_uri":"http://www.wikidata.org/prop/P1552","rel_uri":"p:P1552","approximation":false,"readable_label":"has quality (P1552)","id":3},{"source":4,"target":3,"abs_uri":"http://www.wikidata.org/prop/P136","rel_uri":"p:P136","approximation":false,"readable_label":"genre (P136)","id":4}]}]