[{"version":1,"nodes":[{"col_index":0,"label":"col0","id":0},{"col_index":1,"label":"col1","id":1},{"col_index":2,"label":"col2","id":2},{"col_index":3,"label":"col3","id":3},{"abs_uri":"http://www.wikidata.org/entity/Q24764","rel_uri":"wd:Q24764","approximation":false,"readable_label":"municipality of the Philippines (Q24764)","id":4},{"abs_uri":"http://www.wikidata.org/entity/Q17272482","rel_uri":"wd:Q17272482","approximation":false,"readable_label":"time zone named for a UTC offset (Q17272482)","id":5},{"abs_uri":"http://www.wikidata.org/entity/Q24746","rel_uri":"wd:Q24746","approximation":false,"readable_label":"province of the Philippines (Q24746)","id":6}],"edges":[{"source":4,"target":0,"abs_uri":"http://www.w3.org/2000/01/rdf-schema#label","rel_uri":"rdfs:label","approximation":false,"readable_label":"rdfs:label","id":0},{"source":5,"target":2,"abs_uri":"http://www.w3.org/2000/01/rdf-schema#label","rel_uri":"rdfs:label","approximation":false,"readable_label":"rdfs:label","id":1},{"source":6,"target":3,"abs_uri":"http://www.w3.org/2000/01/rdf-schema#label","rel_uri":"rdfs:label","approximation":false,"readable_label":"rdfs:label","id":2},{"source":4,"target":5,"abs_uri":"http://www.wikidata.org/prop/P421","rel_uri":"p:P421","approximation":false,"readable_label":"located in time zone (P421)","id":3},{"source":4,"target":6,"abs_uri":"http://www.wikidata.org/prop/P131","rel_uri":"p:P131","approximation":false,"readable_label":"located in the administrative territorial entity (P131)","id":4},{"source":4,"target":1,"abs_uri":"http://www.wikidata.org/prop/P2044","rel_uri":"p:P2044","approximation":false,"readable_label":"elevation above sea level (P2044)","id":5}]}]