[{"version":1,"nodes":[{"col_index":0,"label":"col0","id":0},{"col_index":1,"label":"col1","id":1},{"col_index":2,"label":"col2","id":2},{"col_index":3,"label":"col3","id":3},{"col_index":4,"label":"col4","id":4},{"abs_uri":"http://www.wikidata.org/entity/Q497654","rel_uri":"wd:Q497654","approximation":false,"readable_label":"young stellar object (Q497654)","id":5}],"edges":[{"source":5,"target":0,"abs_uri":"http://www.w3.org/2000/01/rdf-schema#label","rel_uri":"rdfs:label","approximation":false,"readable_label":"rdfs:label","id":0},{"source":5,"target":1,"abs_uri":"http://www.wikidata.org/prop/P1215","rel_uri":"p:P1215","approximation":false,"readable_label":"apparent magnitude (P1215)","id":1},{"source":5,"target":2,"abs_uri":"http://www.wikidata.org/prop/P6258","rel_uri":"p:P6258","approximation":false,"readable_label":"declination (P6258)","id":2},{"source":5,"target":3,"abs_uri":"http://www.wikidata.org/prop/P2215","rel_uri":"p:P2215","approximation":false,"readable_label":"proper motion (P2215)","id":3},{"source":5,"target":4,"abs_uri":"http://www.wikidata.org/prop/P4296","rel_uri":"p:P4296","approximation":false,"readable_label":"stellar rotational velocity (P4296)","id":4}]}]