[{"version":1,"nodes":[{"col_index":0,"label":"col0","id":0},{"col_index":1,"label":"col1","id":1},{"col_index":2,"label":"col2","id":2},{"abs_uri":"http://www.wikidata.org/entity/Q205985","rel_uri":"wd:Q205985","approximation":false,"readable_label":"goddess (Q205985)","id":3}],"edges":[{"source":3,"target":0,"abs_uri":"http://www.w3.org/2000/01/rdf-schema#label","rel_uri":"rdfs:label","approximation":false,"readable_label":"rdfs:label","id":0},{"source":3,"target":1,"abs_uri":"http://www.wikidata.org/prop/P40","rel_uri":"p:P40","approximation":false,"readable_label":"child (P40)","id":1},{"source":3,"target":2,"abs_uri":"http://www.wikidata.org/prop/P1343","rel_uri":"p:P1343","approximation":false,"readable_label":"described by source (P1343)","id":2}]}]