[{"version":1,"nodes":[{"col_index":0,"label":"col0","id":0},{"col_index":1,"label":"col1","id":1},{"col_index":2,"label":"col2","id":2},{"abs_uri":"http://www.wikidata.org/entity/Q464980","rel_uri":"wd:Q464980","approximation":false,"readable_label":"exhibition (Q464980)","id":3}],"edges":[{"source":3,"target":0,"abs_uri":"http://www.w3.org/2000/01/rdf-schema#label","rel_uri":"rdfs:label","approximation":false,"readable_label":"rdfs:label","id":0},{"source":3,"target":1,"abs_uri":"http://www.wikidata.org/prop/P921","rel_uri":"p:P921","approximation":false,"readable_label":"main subject (P921)","id":1},{"source":3,"target":2,"abs_uri":"http://www.wikidata.org/prop/P582","rel_uri":"p:P582","approximation":false,"readable_label":"end time (P582)","id":2}]}]