[{"version":1,"nodes":[{"col_index":0,"label":"col0","id":0},{"col_index":1,"label":"col1","id":1},{"col_index":2,"label":"col2","id":2},{"abs_uri":"http://www.wikidata.org/entity/Q131681","rel_uri":"wd:Q131681","approximation":false,"readable_label":"reservoir (Q131681)","id":3}],"edges":[{"source":3,"target":0,"abs_uri":"http://www.w3.org/2000/01/rdf-schema#label","rel_uri":"rdfs:label","approximation":false,"readable_label":"rdfs:label","id":0},{"source":3,"target":1,"abs_uri":"http://www.wikidata.org/prop/P2547","rel_uri":"p:P2547","approximation":false,"readable_label":"perimeter (P2547)","id":1},{"source":3,"target":2,"abs_uri":"http://www.wikidata.org/prop/P2043","rel_uri":"p:P2043","approximation":false,"readable_label":"length (P2043)","id":2}]}]