{"version":2,"table":{"version":"2","table_id":"OIHARFHJ","columns":[{"index":0,"name":"col0","values":["Smolensky District","Srebrenik","Prigorodny District, Sverdlovsk Oblast"]},{"index":1,"name":"col1","values":["59450","42762","35789"]}]},"context":{"version":2,"page_title":null,"page_url":null,"page_entities":[],"content_hierarchy":[]},"links":[[[{"version":2,"start":0,"end":18,"url":null,"entities":[{"id":"Q1193104","type":"wikidata"}]}],[]],[[{"version":2,"start":0,"end":9,"url":null,"entities":[{"id":"Q999004","type":"wikidata"}]}],[]],[[{"version":2,"start":0,"end":38,"url":null,"entities":[{"id":"Q16688234","type":"wikidata"}]}],[]]]}