{"version":2,"table":{"version":"2","table_id":"OS42S2PW","columns":[{"index":0,"name":"col0","values":["Tims Ford State Pauk","Cummins alls State Park","Red Clay Stte Park.","Pickwick Landinj State Park","Pickett Civilian Conservation Corps Memorial State Pavk","Paris Ldnding State Park.","Pnther Creek Stte Park"]},{"index":1,"name":"col1","values":["2180.2","212.688","264.578","675.552","19065.6","837.636","1435.0"]}]},"context":{"version":2,"page_title":null,"page_url":null,"page_entities":[],"content_hierarchy":[]},"links":[[[{"version":2,"start":0,"end":20,"url":null,"entities":[{"id":"Q22073277","type":"wikidata"}]}],[]],[[{"version":2,"start":0,"end":23,"url":null,"entities":[{"id":"Q16890769","type":"wikidata"}]}],[]],[[{"version":2,"start":0,"end":19,"url":null,"entities":[{"id":"Q7303900","type":"wikidata"}]}],[]],[[{"version":2,"start":0,"end":27,"url":null,"entities":[{"id":"Q7190955","type":"wikidata"}]}],[]],[[{"version":2,"start":0,"end":55,"url":null,"entities":[{"id":"Q7190859","type":"wikidata"}]}],[]],[[{"version":2,"start":0,"end":25,"url":null,"entities":[{"id":"Q7137318","type":"wikidata"}]}],[]],[[{"version":2,"start":0,"end":22,"url":null,"entities":[{"id":"Q7131779","type":"wikidata"}]}],[]]]}