{"version":2,"table":{"version":"2","table_id":"OSX1EXCM","columns":[{"index":0,"name":"col0","values":["HD 435809","HF 32527","HD 191853","TC 5585-271-1","UCAC2 30021177"]},{"index":1,"name":"col1","values":["-4.155147180976179","-4.180309166160095","-46.69611231296955","-10.642862418509285","-5.351939526354521"]},{"index":2,"name":"col2","values":["6782.062","6950.82","7584.8","7304.688","5294.016"]}]},"context":{"version":2,"page_title":null,"page_url":null,"page_entities":[],"content_hierarchy":[]},"links":[[[{"version":2,"start":0,"end":9,"url":null,"entities":[{"id":"Q92752187","type":"wikidata"}]}],[],[]],[[{"version":2,"start":0,"end":8,"url":null,"entities":[{"id":"Q92720067","type":"wikidata"}]}],[],[]],[[{"version":2,"start":0,"end":9,"url":null,"entities":[{"id":"Q91664365","type":"wikidata"}]}],[],[]],[[{"version":2,"start":0,"end":13,"url":null,"entities":[{"id":"Q91651076","type":"wikidata"}]}],[],[]],[[{"version":2,"start":0,"end":14,"url":null,"entities":[{"id":"Q91604052","type":"wikidata"}]}],[],[]]]}