{"version":2,"table":{"version":"2","table_id":"OZCUKY2W","columns":[{"index":0,"name":"col0","values":["P 613-39","V Coronae Austraois","10 Petsi","Theva Muscae"]},{"index":1,"name":"col1","values":["0.24023999999999995","0.5993999999999999","25.896","11.431"]}]},"context":{"version":2,"page_title":null,"page_url":null,"page_entities":[],"content_hierarchy":[]},"links":[[[{"version":2,"start":0,"end":8,"url":null,"entities":[{"id":"Q30893355","type":"wikidata"}]}],[]],[[{"version":2,"start":0,"end":19,"url":null,"entities":[{"id":"Q18210648","type":"wikidata"}]}],[]],[[{"version":2,"start":0,"end":8,"url":null,"entities":[{"id":"Q15939812","type":"wikidata"}]}],[]],[[{"version":2,"start":0,"end":12,"url":null,"entities":[{"id":"Q10332964","type":"wikidata"}]}],[]]]}