{"version":2,"table":{"version":"2","table_id":"P2TEJ641","columns":[{"index":0,"name":"col0","values":["Slishovtsi","Zhelyazovo","Zabernovo","Alekovo","Arnautito"]},{"index":1,"name":"col1","values":["15","146","34","414","153"]},{"index":2,"name":"col2","values":["869","37","262","207","203"]}]},"context":{"version":2,"page_title":null,"page_url":null,"page_entities":[],"content_hierarchy":[]},"links":[[[{"version":2,"start":0,"end":10,"url":null,"entities":[{"id":"Q1075330","type":"wikidata"}]}],[],[]],[[{"version":2,"start":0,"end":10,"url":null,"entities":[{"id":"Q1075323","type":"wikidata"}]}],[],[]],[[{"version":2,"start":0,"end":9,"url":null,"entities":[{"id":"Q1075316","type":"wikidata"}]}],[],[]],[[{"version":2,"start":0,"end":7,"url":null,"entities":[{"id":"Q2011094","type":"wikidata"}]}],[],[]],[[{"version":2,"start":0,"end":9,"url":null,"entities":[{"id":"Q2011088","type":"wikidata"}]}],[],[]]]}