{"version":2,"table":{"version":"2","table_id":"P5GEA3C8","columns":[{"index":0,"name":"col0","values":["Guardia di Finanza","Tigray Defense Forces","Armies of the Caliphs"]},{"index":1,"name":"col1","values":["Rome","Mek'ele","Medina"]}]},"context":{"version":2,"page_title":null,"page_url":null,"page_entities":[],"content_hierarchy":[]},"links":[[[{"version":2,"start":0,"end":18,"url":null,"entities":[{"id":"Q1552861","type":"wikidata"}]}],[{"version":2,"start":0,"end":4,"url":null,"entities":[{"id":"Q220","type":"wikidata"}]}]],[[{"version":2,"start":0,"end":21,"url":null,"entities":[{"id":"Q106901067","type":"wikidata"}]}],[{"version":2,"start":0,"end":7,"url":null,"entities":[{"id":"Q332319","type":"wikidata"}]}]],[[{"version":2,"start":0,"end":21,"url":null,"entities":[{"id":"Q73617175","type":"wikidata"}]}],[{"version":2,"start":0,"end":6,"url":null,"entities":[{"id":"Q35484","type":"wikidata"}]}]]]}