{"version":2,"table":{"version":"2","table_id":"PQB92UHB","columns":[{"index":0,"name":"col0","values":["J. Naudot","C. Galibert","F. Dieupart","C. Dancla"]},{"index":1,"name":"col1","values":["Baroque music","western classical music","western classical music","western classical music"]}]},"context":{"version":2,"page_title":null,"page_url":null,"page_entities":[],"content_hierarchy":[]},"links":[[[{"version":2,"start":0,"end":9,"url":null,"entities":[{"id":"Q357575","type":"wikidata"}]}],[{"version":2,"start":0,"end":13,"url":null,"entities":[{"id":"Q8361","type":"wikidata"}]}]],[[{"version":2,"start":0,"end":11,"url":null,"entities":[{"id":"Q1064488","type":"wikidata"}]}],[{"version":2,"start":0,"end":23,"url":null,"entities":[{"id":"Q9730","type":"wikidata"}]}]],[[{"version":2,"start":0,"end":11,"url":null,"entities":[{"id":"Q1064127","type":"wikidata"}]}],[{"version":2,"start":0,"end":23,"url":null,"entities":[{"id":"Q9730","type":"wikidata"}]}]],[[{"version":2,"start":0,"end":9,"url":null,"entities":[{"id":"Q1064049","type":"wikidata"}]}],[{"version":2,"start":0,"end":23,"url":null,"entities":[{"id":"Q9730","type":"wikidata"}]}]]]}