{"version":2,"table":{"version":"2","table_id":"PZB32ATG","columns":[{"index":0,"name":"col0","values":["Heveskesklooster","Eenumerhoogte","Siuksum"]},{"index":1,"name":"col1","values":["Oosterhorn","Eenum","Loppersum"]}]},"context":{"version":2,"page_title":null,"page_url":null,"page_entities":[],"content_hierarchy":[]},"links":[[[{"version":2,"start":0,"end":16,"url":null,"entities":[{"id":"Q17453549","type":"wikidata"}]}],[{"version":2,"start":0,"end":10,"url":null,"entities":[{"id":"Q2186025","type":"wikidata"}]}]],[[{"version":2,"start":0,"end":13,"url":null,"entities":[{"id":"Q17454819","type":"wikidata"}]}],[{"version":2,"start":0,"end":5,"url":null,"entities":[{"id":"Q2196498","type":"wikidata"}]}]],[[{"version":2,"start":0,"end":7,"url":null,"entities":[{"id":"Q22349727","type":"wikidata"}]}],[{"version":2,"start":0,"end":9,"url":null,"entities":[{"id":"Q1826446","type":"wikidata"}]}]]]}