{"version":2,"table":{"version":"2","table_id":"Q67IB3TP","columns":[{"index":0,"name":"col0","values":["Scooby-Doo 2: Monsters Unleashed","Looney Tunes: Back in Action","Garfield: A Tail of Two Kitties","The SpongeBob SquarePants Movie","Enchanted","The Smurfs"]},{"index":1,"name":"col1","values":["mystery film","fantasy film","children's film","buddy film","musical film","children's film"]},{"index":2,"name":"col2","values":["Suitable for a general audience, but not recommended for children under 7","Suitable for a general audience, but not recommended for children under 7","Suitable for a general audience","Suitable for a general audience","Suitable for a general audience, but not recommended for children under 7","Suitable for a general audience, but not recommended for children under 7"]}]},"context":{"version":2,"page_title":null,"page_url":null,"page_entities":[],"content_hierarchy":[]},"links":[[[{"version":2,"start":0,"end":32,"url":null,"entities":[{"id":"Q581666","type":"wikidata"}]}],[{"version":2,"start":0,"end":12,"url":null,"entities":[{"id":"Q1200678","type":"wikidata"}]}],[{"version":2,"start":0,"end":73,"url":null,"entities":[{"id":"Q56887459","type":"wikidata"}]}]],[[{"version":2,"start":0,"end":28,"url":null,"entities":[{"id":"Q834165","type":"wikidata"}]}],[{"version":2,"start":0,"end":12,"url":null,"entities":[{"id":"Q157394","type":"wikidata"}]}],[{"version":2,"start":0,"end":73,"url":null,"entities":[{"id":"Q56887459","type":"wikidata"}]}]],[[{"version":2,"start":0,"end":31,"url":null,"entities":[{"id":"Q587921","type":"wikidata"}]}],[{"version":2,"start":0,"end":15,"url":null,"entities":[{"id":"Q2143665","type":"wikidata"}]}],[{"version":2,"start":0,"end":31,"url":null,"entities":[{"id":"Q56887384","type":"wikidata"}]}]],[[{"version":2,"start":0,"end":31,"url":null,"entities":[{"id":"Q579928","type":"wikidata"}]}],[{"version":2,"start":0,"end":10,"url":null,"entities":[{"id":"Q663106","type":"wikidata"}]}],[{"version":2,"start":0,"end":31,"url":null,"entities":[{"id":"Q56887384","type":"wikidata"}]}]],[[{"version":2,"start":0,"end":9,"url":null,"entities":[{"id":"Q490464","type":"wikidata"}]}],[{"version":2,"start":0,"end":12,"url":null,"entities":[{"id":"Q842256","type":"wikidata"}]}],[{"version":2,"start":0,"end":73,"url":null,"entities":[{"id":"Q56887459","type":"wikidata"}]}]],[[{"version":2,"start":0,"end":10,"url":null,"entities":[{"id":"Q454398","type":"wikidata"}]}],[{"version":2,"start":0,"end":15,"url":null,"entities":[{"id":"Q2143665","type":"wikidata"}]}],[{"version":2,"start":0,"end":73,"url":null,"entities":[{"id":"Q56887459","type":"wikidata"}]}]]]}