{"version":2,"table":{"version":"2","table_id":"Q7YYIA8J","columns":[{"index":0,"name":"col0","values":["Empire State Plaza","Sejm and Senate Complex of Poland","Les Invalides","Palace of Justice","Federation Tower"]},{"index":1,"name":"col1","values":["The Egg","Sejm Library","dôme des Invalides","Landesgericht Bärenschanzstraße 72 in Nürnberg","Tower Vostok"]},{"index":2,"name":"col2","values":["Wallace Harrison","Kazimierz Skórewicz","Jules Hardouin-Mansart","Hans Hugo Hoefl","Sergei Enwerowitsch Tchoban"]},{"index":3,"name":"col3","values":["International Style","neoclassicism","baroque architecture","Renaissance Revival architecture","postmodern architecture"]}]},"context":{"version":2,"page_title":null,"page_url":null,"page_entities":[],"content_hierarchy":[]},"links":[[[{"version":2,"start":0,"end":18,"url":null,"entities":[{"id":"Q5374148","type":"wikidata"}]}],[{"version":2,"start":0,"end":7,"url":null,"entities":[{"id":"Q7731627","type":"wikidata"}]}],[{"version":2,"start":0,"end":16,"url":null,"entities":[{"id":"Q3565469","type":"wikidata"}]}],[{"version":2,"start":0,"end":19,"url":null,"entities":[{"id":"Q162324","type":"wikidata"}]}]],[[{"version":2,"start":0,"end":33,"url":null,"entities":[{"id":"Q11741983","type":"wikidata"}]}],[{"version":2,"start":0,"end":12,"url":null,"entities":[{"id":"Q9170870","type":"wikidata"}]}],[{"version":2,"start":0,"end":19,"url":null,"entities":[{"id":"Q11738327","type":"wikidata"}]}],[{"version":2,"start":0,"end":13,"url":null,"entities":[{"id":"Q14378","type":"wikidata"}]}]],[[{"version":2,"start":0,"end":13,"url":null,"entities":[{"id":"Q188977","type":"wikidata"}]}],[{"version":2,"start":0,"end":18,"url":null,"entities":[{"id":"Q152109","type":"wikidata"}]}],[{"version":2,"start":0,"end":22,"url":null,"entities":[{"id":"Q8053","type":"wikidata"}]}],[{"version":2,"start":0,"end":20,"url":null,"entities":[{"id":"Q840829","type":"wikidata"}]}]],[[{"version":2,"start":0,"end":17,"url":null,"entities":[{"id":"Q128652","type":"wikidata"}]}],[{"version":2,"start":0,"end":46,"url":null,"entities":[{"id":"Q98626728","type":"wikidata"}]}],[{"version":2,"start":0,"end":15,"url":null,"entities":[{"id":"Q1635969","type":"wikidata"}]}],[{"version":2,"start":0,"end":32,"url":null,"entities":[{"id":"Q502163","type":"wikidata"}]}]],[[{"version":2,"start":0,"end":16,"url":null,"entities":[{"id":"Q94193","type":"wikidata"}]}],[{"version":2,"start":0,"end":12,"url":null,"entities":[{"id":"Q111668839","type":"wikidata"}]}],[{"version":2,"start":0,"end":27,"url":null,"entities":[{"id":"Q113219","type":"wikidata"}]}],[{"version":2,"start":0,"end":23,"url":null,"entities":[{"id":"Q595448","type":"wikidata"}]}]]]}