{"version":2,"table":{"version":"2","table_id":"Q8R2FJAV","columns":[{"index":0,"name":"col0","values":["HMS Nelson","HMS Duke of York","HMS Rodney"]},{"index":1,"name":"col1","values":["216.5","227.09","216.5"]},{"index":2,"name":"col2","values":["34500","38000","34500"]},{"index":3,"name":"col3","values":["10","10.5","10"]},{"index":4,"name":"col4","values":["32.3","31.44","32.3"]}]},"context":{"version":2,"page_title":null,"page_url":null,"page_entities":[],"content_hierarchy":[]},"links":[[[{"version":2,"start":0,"end":10,"url":null,"entities":[{"id":"Q1032062","type":"wikidata"}]}],[],[],[],[]],[[{"version":2,"start":0,"end":16,"url":null,"entities":[{"id":"Q904353","type":"wikidata"}]}],[],[],[],[]],[[{"version":2,"start":0,"end":10,"url":null,"entities":[{"id":"Q855635","type":"wikidata"}]}],[],[],[],[]]]}