{"version":2,"table":{"version":"2","table_id":"QB4V4VAH","columns":[{"index":0,"name":"col0","values":["potassium-34","potassium-41","potassium-40","potassium-39","potassium-42"]},{"index":1,"name":"col1","values":["1","1.5","4","1.5","2"]},{"index":2,"name":"col2","values":["260780","351618.952","341523.6","333723.975","359152.752"]},{"index":3,"name":"col3","values":["-1220","-35559.54331","-33535.492","-33807.1901","-35022.026"]}]},"context":{"version":2,"page_title":null,"page_url":null,"page_entities":[],"content_hierarchy":[]},"links":[[[{"version":2,"start":0,"end":12,"url":null,"entities":[{"id":"Q18845003","type":"wikidata"}]}],[],[],[]],[[{"version":2,"start":0,"end":12,"url":null,"entities":[{"id":"Q2956910","type":"wikidata"}]}],[],[],[]],[[{"version":2,"start":0,"end":12,"url":null,"entities":[{"id":"Q2251076","type":"wikidata"}]}],[],[],[]],[[{"version":2,"start":0,"end":12,"url":null,"entities":[{"id":"Q2023226","type":"wikidata"}]}],[],[],[]],[[{"version":2,"start":0,"end":12,"url":null,"entities":[{"id":"Q18878392","type":"wikidata"}]}],[],[],[]]]}