{"version":2,"table":{"version":"2","table_id":"R2V6LIUO","columns":[{"index":0,"name":"col0","values":["Cerr Ucupampa","Cero Pucaccacca","Cerro Huycho","Cerro Chucula","Cerro Fraine.","Cerr Trinchera"]},{"index":1,"name":"col1","values":["4284.552","4454.16","2875.238","3305.3019999999997","4793.748","4646.688"]}]},"context":{"version":2,"page_title":null,"page_url":null,"page_entities":[],"content_hierarchy":[]},"links":[[[{"version":2,"start":0,"end":13,"url":null,"entities":[{"id":"Q31626943","type":"wikidata"}]}],[]],[[{"version":2,"start":0,"end":15,"url":null,"entities":[{"id":"Q31626918","type":"wikidata"}]}],[]],[[{"version":2,"start":0,"end":12,"url":null,"entities":[{"id":"Q31626825","type":"wikidata"}]}],[]],[[{"version":2,"start":0,"end":13,"url":null,"entities":[{"id":"Q31626812","type":"wikidata"}]}],[]],[[{"version":2,"start":0,"end":13,"url":null,"entities":[{"id":"Q31643502","type":"wikidata"}]}],[]],[[{"version":2,"start":0,"end":14,"url":null,"entities":[{"id":"Q31643106","type":"wikidata"}]}],[]]]}