{"version":2,"table":{"version":"2","table_id":"RBVCOX71","columns":[{"index":0,"name":"col0","values":["Swedish Academy","Académie Française","Royal Norwegian Society of Sciences and Letters"]},{"index":1,"name":"col1","values":["seat 14 of the Swedish Academy","Valéry Giscard d'Estaing","learned society"]}]},"context":{"version":2,"page_title":null,"page_url":null,"page_entities":[],"content_hierarchy":[]},"links":[[[{"version":2,"start":0,"end":15,"url":null,"entities":[{"id":"Q207360","type":"wikidata"}]}],[{"version":2,"start":0,"end":30,"url":null,"entities":[{"id":"Q96600400","type":"wikidata"}]}]],[[{"version":2,"start":0,"end":18,"url":null,"entities":[{"id":"Q161806","type":"wikidata"}]}],[{"version":2,"start":0,"end":24,"url":null,"entities":[{"id":"Q2124","type":"wikidata"}]}]],[[{"version":2,"start":0,"end":47,"url":null,"entities":[{"id":"Q1201052","type":"wikidata"}]}],[{"version":2,"start":0,"end":15,"url":null,"entities":[{"id":"Q955824","type":"wikidata"}]}]]]}