{"version":2,"table":{"version":"2","table_id":"RCMQD7J6","columns":[{"index":0,"name":"col0","values":["SDSS J122740.82+513925.0","DV Ursae Majoris","V* QW Ser","V* HM Leo","IY Ursae Majoris","V* AK Cnc"]},{"index":1,"name":"col1","values":["-0.00019","-0.00211","0.00022","-0.00019","0.00053","0.00051"]}]},"context":{"version":2,"page_title":null,"page_url":null,"page_entities":[],"content_hierarchy":[]},"links":[[[{"version":2,"start":0,"end":24,"url":null,"entities":[{"id":"Q86555902","type":"wikidata"}]}],[]],[[{"version":2,"start":0,"end":16,"url":null,"entities":[{"id":"Q86488118","type":"wikidata"}]}],[]],[[{"version":2,"start":0,"end":9,"url":null,"entities":[{"id":"Q86149510","type":"wikidata"}]}],[]],[[{"version":2,"start":0,"end":9,"url":null,"entities":[{"id":"Q85700470","type":"wikidata"}]}],[]],[[{"version":2,"start":0,"end":16,"url":null,"entities":[{"id":"Q98523828","type":"wikidata"}]}],[]],[[{"version":2,"start":0,"end":9,"url":null,"entities":[{"id":"Q94354739","type":"wikidata"}]}],[]]]}