{"version":2,"table":{"version":"2","table_id":"S3170SQF","columns":[{"index":0,"name":"col0","values":["2007 attack on tourists in Yemen","18 April 2007 Baghdad bombings","17 June 2008 Baghdad bombing"]},{"index":1,"name":"col1","values":["12","251","75"]},{"index":2,"name":"col2","values":["10","198","51"]}]},"context":{"version":2,"page_title":null,"page_url":null,"page_entities":[],"content_hierarchy":[]},"links":[[[{"version":2,"start":0,"end":32,"url":null,"entities":[{"id":"Q4568586","type":"wikidata"}]}],[],[]],[[{"version":2,"start":0,"end":30,"url":null,"entities":[{"id":"Q4557502","type":"wikidata"}]}],[],[]],[[{"version":2,"start":0,"end":28,"url":null,"entities":[{"id":"Q4553540","type":"wikidata"}]}],[],[]]]}