{"version":2,"table":{"version":"2","table_id":"SGCG38O8","columns":[{"index":0,"name":"col0","values":["IRAS 03417+4449","V* V481 Sco","HD 149408","V* FF Cha"]},{"index":1,"name":"col1","values":["44.9776252429696","-34.4752667823313","-59.7439268798807","-80.4371527878059"]},{"index":2,"name":"col2","values":["788.9546","1314.9244","1476.8867","1344.4474"]}]},"context":{"version":2,"page_title":null,"page_url":null,"page_entities":[],"content_hierarchy":[]},"links":[[[{"version":2,"start":0,"end":15,"url":null,"entities":[{"id":"Q85795704","type":"wikidata"}]}],[],[]],[[{"version":2,"start":0,"end":11,"url":null,"entities":[{"id":"Q85794489","type":"wikidata"}]}],[],[]],[[{"version":2,"start":0,"end":9,"url":null,"entities":[{"id":"Q86079281","type":"wikidata"}]}],[],[]],[[{"version":2,"start":0,"end":9,"url":null,"entities":[{"id":"Q86074034","type":"wikidata"}]}],[],[]]]}