{"version":2,"table":{"version":"2","table_id":"SPOIHBBZ","columns":[{"index":0,"name":"col0","values":["short track speed skatin at the 2020 Winter Youth Olympics – mixed NOC team relay.","luge at the 2020 Winter Youth Olympics – tea relay","speed skatig at the 2020 Winter Youth Olympics – mixed team sprint","alpine skiing at the 2020 Winter Youth Olympics  parallel mixed team","alpine skiing at the 2020 Winter Youth Olympifs – boys' combined","alpine skiing at the 2020 Winter Youuh Olympics – women's alpine combined","hort track tpeed skating at the 2020 Winter Youth Olympics – women's 1000m"]},{"index":1,"name":"col1","values":["31.712","48.384","64.128","32.224","61.30499999999999","58.882","29.202999999999996"]}]},"context":{"version":2,"page_title":null,"page_url":null,"page_entities":[],"content_hierarchy":[]},"links":[[[{"version":2,"start":0,"end":82,"url":null,"entities":[{"id":"Q83474252","type":"wikidata"}]}],[]],[[{"version":2,"start":0,"end":50,"url":null,"entities":[{"id":"Q83366826","type":"wikidata"}]}],[]],[[{"version":2,"start":0,"end":66,"url":null,"entities":[{"id":"Q83211449","type":"wikidata"}]}],[]],[[{"version":2,"start":0,"end":68,"url":null,"entities":[{"id":"Q82693501","type":"wikidata"}]}],[]],[[{"version":2,"start":0,"end":64,"url":null,"entities":[{"id":"Q82691620","type":"wikidata"}]}],[]],[[{"version":2,"start":0,"end":73,"url":null,"entities":[{"id":"Q82357272","type":"wikidata"}]}],[]],[[{"version":2,"start":0,"end":74,"url":null,"entities":[{"id":"Q82355442","type":"wikidata"}]}],[]]]}