{"version":2,"table":{"version":"2","table_id":"STHAPC4F","columns":[{"index":0,"name":"col0","values":["selenium-83","selenium-73","selenium-72","selenium-71"]},{"index":1,"name":"col1","values":["82.919118609","72.926754883","71.927140507","70.932209432"]},{"index":2,"name":"col2","values":["49","39","38","37"]},{"index":3,"name":"col3","values":["-75340.53","-68227.387","-67868.18","-63146.507"]}]},"context":{"version":2,"page_title":null,"page_url":null,"page_entities":[],"content_hierarchy":[]},"links":[[[{"version":2,"start":0,"end":11,"url":null,"entities":[{"id":"Q18845150","type":"wikidata"}]}],[],[],[]],[[{"version":2,"start":0,"end":11,"url":null,"entities":[{"id":"Q18845149","type":"wikidata"}]}],[],[],[]],[[{"version":2,"start":0,"end":11,"url":null,"entities":[{"id":"Q18845148","type":"wikidata"}]}],[],[],[]],[[{"version":2,"start":0,"end":11,"url":null,"entities":[{"id":"Q18845147","type":"wikidata"}]}],[],[],[]]]}