{"version":2,"table":{"version":"2","table_id":"SU4Z9KBD","columns":[{"index":0,"name":"col0","values":["SN 1999aa","SN 1998dm","2dFGRS TGN289Z069"]},{"index":1,"name":"col1","values":["0.0075","0.0049","0.09843"]}]},"context":{"version":2,"page_title":null,"page_url":null,"page_entities":[],"content_hierarchy":[]},"links":[[[{"version":2,"start":0,"end":9,"url":null,"entities":[{"id":"Q9327741","type":"wikidata"}]}],[]],[[{"version":2,"start":0,"end":9,"url":null,"entities":[{"id":"Q9327668","type":"wikidata"}]}],[]],[[{"version":2,"start":0,"end":17,"url":null,"entities":[{"id":"Q67844446","type":"wikidata"}]}],[]]]}