{"version":2,"table":{"version":"2","table_id":"T73LJU2E","columns":[{"index":0,"name":"col0","values":["SaratogaCounty","Scenectady County","otland County","Oswego Couty","Livingson County","Montgomgry County.","Herkimer Couty"]},{"index":1,"name":"col1","values":["2182.815","543.5429999999999","1288.608","3412.596","1665.636","1067.252","3746.784"]},{"index":2,"name":"col2","values":["3.992","2.2792999999999997","0.496","26.892","1.3116999999999999","1.8072000000000001","3.1968"]}]},"context":{"version":2,"page_title":null,"page_url":null,"page_entities":[],"content_hierarchy":[]},"links":[[[{"version":2,"start":0,"end":14,"url":null,"entities":[{"id":"Q487605","type":"wikidata"}]}],[],[]],[[{"version":2,"start":0,"end":17,"url":null,"entities":[{"id":"Q487599","type":"wikidata"}]}],[],[]],[[{"version":2,"start":0,"end":13,"url":null,"entities":[{"id":"Q487610","type":"wikidata"}]}],[],[]],[[{"version":2,"start":0,"end":12,"url":null,"entities":[{"id":"Q487581","type":"wikidata"}]}],[],[]],[[{"version":2,"start":0,"end":16,"url":null,"entities":[{"id":"Q487578","type":"wikidata"}]}],[],[]],[[{"version":2,"start":0,"end":18,"url":null,"entities":[{"id":"Q487572","type":"wikidata"}]}],[],[]],[[{"version":2,"start":0,"end":14,"url":null,"entities":[{"id":"Q487564","type":"wikidata"}]}],[],[]]]}