{"version":"1.2","table":{"version":"2","table_id":"XRKKQRVI","columns":[{"index":0,"name":"col0","values":["Kinmen Distillery","Beenleigh Rum Distillery","Kornbrennerei Knappertsbusch","Leydicke","Vale Verde","Finnieston distillery","Tamnavulin distillery","Strathisla distillery","Ladyburn distillery","Loch Ewe Distillery","Eden Mill St Andrews","Millbank Distillery","Isle of Barra distillery","Laverstoke Mill","Distillerie de Saint-Leu","Distillerie Claeyssens","Alambic du domaine d'Ognoas","Damoiseau distillery","Hooghoudt distillery","Weduwe Joustra"]},{"index":1,"name":"col1","values":["Jinning","Queensland","Wuppertal","Berlin","Minas Gerais","Glasgow City","Moray","Moray","South Ayrshire","Highland","Fife","City of Westminster","Outer Hebrides","Hampshire","Saint-Leu","Wambrechies","Arthez-d'Armagnac","Le Moule","Groningen","Sneek"]},{"index":2,"name":"col2","values":["Taiwan","Australia","Germany","Germany","Brazil","United Kingdom","United Kingdom","United Kingdom","United Kingdom","United Kingdom","United Kingdom","United Kingdom","United Kingdom","United Kingdom","France","France","France","France","Netherlands","Netherlands"]}]},"context":{"page_title":null,"page_url":null,"page_entity_id":null,"content_hierarchy":[]},"links":[[[{"start":0,"end":17,"url":null,"entity_id":"Q15934634","candidates":[]}],[{"start":0,"end":7,"url":null,"entity_id":"Q712843","candidates":[]}],[{"start":0,"end":6,"url":null,"entity_id":"Q865","candidates":[]}]],[[{"start":0,"end":24,"url":null,"entity_id":"Q28035343","candidates":[]}],[{"start":0,"end":10,"url":null,"entity_id":"Q36074","candidates":[]}],[{"start":0,"end":9,"url":null,"entity_id":"Q408","candidates":[]}]],[[{"start":0,"end":28,"url":null,"entity_id":"Q1784499","candidates":[]}],[{"start":0,"end":9,"url":null,"entity_id":"Q2107","candidates":[]}],[{"start":0,"end":7,"url":null,"entity_id":"Q183","candidates":[]}]],[[{"start":0,"end":8,"url":null,"entity_id":"Q1315531","candidates":[]}],[{"start":0,"end":6,"url":null,"entity_id":"Q64","candidates":[]}],[{"start":0,"end":7,"url":null,"entity_id":"Q183","candidates":[]}]],[[{"start":0,"end":10,"url":null,"entity_id":"Q10388780","candidates":[]}],[{"start":0,"end":12,"url":null,"entity_id":"Q39109","candidates":[]}],[{"start":0,"end":6,"url":null,"entity_id":"Q155","candidates":[]}]],[[{"start":0,"end":21,"url":null,"entity_id":"Q5450734","candidates":[]}],[{"start":0,"end":12,"url":null,"entity_id":"Q55934339","candidates":[]}],[{"start":0,"end":14,"url":null,"entity_id":"Q145","candidates":[]}]],[[{"start":0,"end":21,"url":null,"entity_id":"Q1474840","candidates":[]}],[{"start":0,"end":5,"url":null,"entity_id":"Q211106","candidates":[]}],[{"start":0,"end":14,"url":null,"entity_id":"Q145","candidates":[]}]],[[{"start":0,"end":21,"url":null,"entity_id":"Q983051","candidates":[]}],[{"start":0,"end":5,"url":null,"entity_id":"Q211106","candidates":[]}],[{"start":0,"end":14,"url":null,"entity_id":"Q145","candidates":[]}]],[[{"start":0,"end":19,"url":null,"entity_id":"Q6470751","candidates":[]}],[{"start":0,"end":14,"url":null,"entity_id":"Q209131","candidates":[]}],[{"start":0,"end":14,"url":null,"entity_id":"Q145","candidates":[]}]],[[{"start":0,"end":19,"url":null,"entity_id":"Q28801881","candidates":[]}],[{"start":0,"end":8,"url":null,"entity_id":"Q208279","candidates":[]}],[{"start":0,"end":14,"url":null,"entity_id":"Q145","candidates":[]}]],[[{"start":0,"end":20,"url":null,"entity_id":"Q16966751","candidates":[]}],[{"start":0,"end":4,"url":null,"entity_id":"Q201149","candidates":[]}],[{"start":0,"end":14,"url":null,"entity_id":"Q145","candidates":[]}]],[[{"start":0,"end":19,"url":null,"entity_id":"Q6858567","candidates":[]}],[{"start":0,"end":19,"url":null,"entity_id":"Q179351","candidates":[]}],[{"start":0,"end":14,"url":null,"entity_id":"Q145","candidates":[]}]],[[{"start":0,"end":24,"url":null,"entity_id":"Q15228875","candidates":[]}],[{"start":0,"end":14,"url":null,"entity_id":"Q80967","candidates":[]}],[{"start":0,"end":14,"url":null,"entity_id":"Q145","candidates":[]}]],[[{"start":0,"end":15,"url":null,"entity_id":"Q28464638","candidates":[]}],[{"start":0,"end":9,"url":null,"entity_id":"Q23204","candidates":[]}],[{"start":0,"end":14,"url":null,"entity_id":"Q145","candidates":[]}]],[[{"start":0,"end":24,"url":null,"entity_id":"Q3030729","candidates":[]}],[{"start":0,"end":9,"url":null,"entity_id":"Q1649363","candidates":[]}],[{"start":0,"end":6,"url":null,"entity_id":"Q142","candidates":[]}]],[[{"start":0,"end":22,"url":null,"entity_id":"Q22979777","candidates":[]}],[{"start":0,"end":11,"url":null,"entity_id":"Q979699","candidates":[]}],[{"start":0,"end":6,"url":null,"entity_id":"Q142","candidates":[]}]],[[{"start":0,"end":27,"url":null,"entity_id":"Q22996813","candidates":[]}],[{"start":0,"end":17,"url":null,"entity_id":"Q858267","candidates":[]}],[{"start":0,"end":6,"url":null,"entity_id":"Q142","candidates":[]}]],[[{"start":0,"end":20,"url":null,"entity_id":"Q3030719","candidates":[]}],[{"start":0,"end":8,"url":null,"entity_id":"Q845039","candidates":[]}],[{"start":0,"end":6,"url":null,"entity_id":"Q142","candidates":[]}]],[[{"start":0,"end":20,"url":null,"entity_id":"Q15943389","candidates":[]}],[{"start":0,"end":9,"url":null,"entity_id":"Q892526","candidates":[]}],[{"start":0,"end":11,"url":null,"entity_id":"Q55","candidates":[]}]],[[{"start":0,"end":14,"url":null,"entity_id":"Q4460440","candidates":[]}],[{"start":0,"end":5,"url":null,"entity_id":"Q23070","candidates":[]}],[{"start":0,"end":11,"url":null,"entity_id":"Q55","candidates":[]}]]]}