{"version":"1.2","table":{"version":"2","table_id":"XSUGP66N","columns":[{"index":0,"name":"col0","values":["Citadel of Sakgon","Ajyad Fortres","Cjtadel of Raymond de Saint-Gilles","Latrn Castle","Kirkxk Citadel","Civtadella","Spandau#Citadel","Peter andPaul Fortress","ciadel of Longwy","Cidadel f Blaye","Citagel of Besançon","Citadel of Qaitbaz","Citcdel of Cascais","Kcstellet","Drottningskär itadl","Citadl of Antwerp","Civadel of Jaca","Ciutadella de Roshs","Pindr","Citadel ofGravelines"]},{"index":1,"name":"col1","values":["1790/01/01","1777/01/01","1103/01/01","1130/01/01","-0800-01-01T00:00:00Z","1500/01/01","1594/01/01","1703/05/27","1679/01/01","1680/01/01","1668/01/01","1477/01/01","1488/01/01","1662/01/01","1680/01/01","1567/01/01","1592/01/01","1600/01/01","1992/12/07","1528/01/01"]},{"index":2,"name":"col2","values":["Six Provinces of Southern Vietnam","Mecca","Tripoli","Latrun","Kirkuk","Victoria","Berlin","Saint Petersburg","Longwy","Blaye","Besançon","Alexandria Governorate","Cascais e Estoril","Copenhagen Municipality","Karlskrona Municipality","Antwerp","Jaca","Roses","City of Westminster","Gravelines"]},{"index":3,"name":"col3","values":["Cochinchina","Saudi Arabia","Lebanon","Israel","Iraq","Malta","Germany","Russia","France","France","France","Egypt","Portugal","Denmark","Sweden","Belgium","Spain","Spain","United Kingdom","France"]}]},"context":{"page_title":null,"page_url":null,"page_entity_id":null,"content_hierarchy":[]},"links":[[[{"start":0,"end":17,"url":null,"entity_id":"Q5122391","candidates":[]}],[],[{"start":0,"end":33,"url":null,"entity_id":"Q10797087","candidates":[]}],[{"start":0,"end":11,"url":null,"entity_id":"Q505503","candidates":[]}]],[[{"start":0,"end":13,"url":null,"entity_id":"Q3078407","candidates":[]}],[],[{"start":0,"end":5,"url":null,"entity_id":"Q5806","candidates":[]}],[{"start":0,"end":12,"url":null,"entity_id":"Q851","candidates":[]}]],[[{"start":0,"end":34,"url":null,"entity_id":"Q49977","candidates":[]}],[],[{"start":0,"end":7,"url":null,"entity_id":"Q168954","candidates":[]}],[{"start":0,"end":7,"url":null,"entity_id":"Q822","candidates":[]}]],[[{"start":0,"end":12,"url":null,"entity_id":"Q6614742","candidates":[]}],[],[{"start":0,"end":6,"url":null,"entity_id":"Q1670976","candidates":[]}],[{"start":0,"end":6,"url":null,"entity_id":"Q801","candidates":[]}]],[[{"start":0,"end":14,"url":null,"entity_id":"Q1144137","candidates":[]}],[],[{"start":0,"end":6,"url":null,"entity_id":"Q173310","candidates":[]}],[{"start":0,"end":4,"url":null,"entity_id":"Q796","candidates":[]}]],[[{"start":0,"end":10,"url":null,"entity_id":"Q867647","candidates":[]}],[],[{"start":0,"end":8,"url":null,"entity_id":"Q752348","candidates":[]}],[{"start":0,"end":5,"url":null,"entity_id":"Q233","candidates":[]}]],[[{"start":0,"end":15,"url":null,"entity_id":"Q206211","candidates":[]}],[],[{"start":0,"end":6,"url":null,"entity_id":"Q64","candidates":[]}],[{"start":0,"end":7,"url":null,"entity_id":"Q183","candidates":[]}]],[[{"start":0,"end":22,"url":null,"entity_id":"Q38646","candidates":[]}],[],[{"start":0,"end":16,"url":null,"entity_id":"Q656","candidates":[]}],[{"start":0,"end":6,"url":null,"entity_id":"Q159","candidates":[]}]],[[{"start":0,"end":16,"url":null,"entity_id":"Q2974392","candidates":[]}],[],[{"start":0,"end":6,"url":null,"entity_id":"Q318535","candidates":[]}],[{"start":0,"end":6,"url":null,"entity_id":"Q142","candidates":[]}]],[[{"start":0,"end":15,"url":null,"entity_id":"Q2974390","candidates":[]}],[],[{"start":0,"end":5,"url":null,"entity_id":"Q202562","candidates":[]}],[{"start":0,"end":6,"url":null,"entity_id":"Q142","candidates":[]}]],[[{"start":0,"end":19,"url":null,"entity_id":"Q1329976","candidates":[]}],[],[{"start":0,"end":8,"url":null,"entity_id":"Q37776","candidates":[]}],[{"start":0,"end":6,"url":null,"entity_id":"Q142","candidates":[]}]],[[{"start":0,"end":18,"url":null,"entity_id":"Q1938065","candidates":[]}],[],[{"start":0,"end":22,"url":null,"entity_id":"Q29943","candidates":[]}],[{"start":0,"end":5,"url":null,"entity_id":"Q79","candidates":[]}]],[[{"start":0,"end":18,"url":null,"entity_id":"Q17390148","candidates":[]}],[],[{"start":0,"end":17,"url":null,"entity_id":"Q18468107","candidates":[]}],[{"start":0,"end":8,"url":null,"entity_id":"Q45","candidates":[]}]],[[{"start":0,"end":9,"url":null,"entity_id":"Q221812","candidates":[]}],[],[{"start":0,"end":23,"url":null,"entity_id":"Q504125","candidates":[]}],[{"start":0,"end":7,"url":null,"entity_id":"Q35","candidates":[]}]],[[{"start":0,"end":19,"url":null,"entity_id":"Q10477004","candidates":[]}],[],[{"start":0,"end":23,"url":null,"entity_id":"Q1128384","candidates":[]}],[{"start":0,"end":6,"url":null,"entity_id":"Q34","candidates":[]}]],[[{"start":0,"end":17,"url":null,"entity_id":"Q2028868","candidates":[]}],[],[{"start":0,"end":7,"url":null,"entity_id":"Q12892","candidates":[]}],[{"start":0,"end":7,"url":null,"entity_id":"Q31","candidates":[]}]],[[{"start":0,"end":15,"url":null,"entity_id":"Q206245","candidates":[]}],[],[{"start":0,"end":4,"url":null,"entity_id":"Q49581","candidates":[]}],[{"start":0,"end":5,"url":null,"entity_id":"Q29","candidates":[]}]],[[{"start":0,"end":19,"url":null,"entity_id":"Q1094405","candidates":[]}],[],[{"start":0,"end":5,"url":null,"entity_id":"Q11822","candidates":[]}],[{"start":0,"end":5,"url":null,"entity_id":"Q29","candidates":[]}]],[[{"start":0,"end":5,"url":null,"entity_id":"Q67020275","candidates":[]}],[],[{"start":0,"end":19,"url":null,"entity_id":"Q179351","candidates":[]}],[{"start":0,"end":14,"url":null,"entity_id":"Q145","candidates":[]}]],[[{"start":0,"end":20,"url":null,"entity_id":"Q82988173","candidates":[]}],[],[{"start":0,"end":10,"url":null,"entity_id":"Q323399","candidates":[]}],[{"start":0,"end":6,"url":null,"entity_id":"Q142","candidates":[]}]]]}