{"version":"1.2","table":{"version":"2","table_id":"XWAU4385","columns":[{"index":0,"name":"col0","values":["2008 French Super Series","2007 French Super Series","1963 French Open Badminton Championships","1953 French Open Badminton Championships","1952 French Open Badminton Championships","1951 French Open Badminton Championships","1950 French Open Badminton Championships","1949 French Open Badminton Championships","1948 French Open Badminton Championships","1947 French Open Badminton Championships","1946 French Open Badminton Championships","1945 French Open Badminton Championships","1943 French Open Badminton Championships","1941 French Open Badminton Championships","1913 French Open Badminton Championships","1912 French Open Badminton Championships","1911 French Open Badminton Championships","1910 French Open Badminton Championships","1909 French Open Badminton Championships","1908 French Open Badminton Championships"]},{"index":1,"name":"col1","values":["badminton","badminton","badminton","badminton","badminton","badminton","badminton","badminton","badminton","badminton","badminton","badminton","badminton","badminton","badminton","badminton","badminton","badminton","badminton","badminton"]},{"index":2,"name":"col2","values":["2008 French Super Series – Men's singles","2007 French Super Series – Men's singles","1963 French Open Badminton Championships – Men's singles","1953 French Open Badminton Championships – Men's singles","1952 French Open Badminton Championships – Men's singles","1951 French Open Badminton Championships – Men's singles","1950 French Open Badminton Championships – Men's singles","1949 French Open Badminton Championships – Men's singles","1948 French Open Badminton Championships – Men's singles","1947 French Open Badminton Championships – Men's singles","1946 French Open Badminton Championships – Men's singles","1945 French Open Badminton Championships – Men's singles","1943 French Open Badminton Championships – Men's singles","1941 French Open Badminton Championships – Men's singles","1913 French Open Badminton Championships – Men's singles","1912 French Open Badminton Championships – Men's singles","1911 French Open Badminton Championships – Men's singles","1910 French Open Badminton Championships – Men's singles","1909 French Open Badminton Championships – Men's singles","1908 French Open Badminton Championships – Men's singles"]}]},"context":{"page_title":null,"page_url":null,"page_entity_id":null,"content_hierarchy":[]},"links":[[[{"start":0,"end":24,"url":null,"entity_id":"Q1230000","candidates":[]}],[{"start":0,"end":9,"url":null,"entity_id":"Q7291","candidates":[]}],[{"start":0,"end":40,"url":null,"entity_id":"Q27607317","candidates":[]}]],[[{"start":0,"end":24,"url":null,"entity_id":"Q833833","candidates":[]}],[{"start":0,"end":9,"url":null,"entity_id":"Q7291","candidates":[]}],[{"start":0,"end":40,"url":null,"entity_id":"Q27607316","candidates":[]}]],[[{"start":0,"end":40,"url":null,"entity_id":"Q1367006","candidates":[]}],[{"start":0,"end":9,"url":null,"entity_id":"Q7291","candidates":[]}],[{"start":0,"end":56,"url":null,"entity_id":"Q27607262","candidates":[]}]],[[{"start":0,"end":40,"url":null,"entity_id":"Q1400129","candidates":[]}],[{"start":0,"end":9,"url":null,"entity_id":"Q7291","candidates":[]}],[{"start":0,"end":56,"url":null,"entity_id":"Q27607248","candidates":[]}]],[[{"start":0,"end":40,"url":null,"entity_id":"Q1251802","candidates":[]}],[{"start":0,"end":9,"url":null,"entity_id":"Q7291","candidates":[]}],[{"start":0,"end":56,"url":null,"entity_id":"Q27607247","candidates":[]}]],[[{"start":0,"end":40,"url":null,"entity_id":"Q1455299","candidates":[]}],[{"start":0,"end":9,"url":null,"entity_id":"Q7291","candidates":[]}],[{"start":0,"end":56,"url":null,"entity_id":"Q27607246","candidates":[]}]],[[{"start":0,"end":40,"url":null,"entity_id":"Q1455298","candidates":[]}],[{"start":0,"end":9,"url":null,"entity_id":"Q7291","candidates":[]}],[{"start":0,"end":56,"url":null,"entity_id":"Q27607245","candidates":[]}]],[[{"start":0,"end":40,"url":null,"entity_id":"Q1455297","candidates":[]}],[{"start":0,"end":9,"url":null,"entity_id":"Q7291","candidates":[]}],[{"start":0,"end":56,"url":null,"entity_id":"Q27607244","candidates":[]}]],[[{"start":0,"end":40,"url":null,"entity_id":"Q1455295","candidates":[]}],[{"start":0,"end":9,"url":null,"entity_id":"Q7291","candidates":[]}],[{"start":0,"end":56,"url":null,"entity_id":"Q27607241","candidates":[]}]],[[{"start":0,"end":40,"url":null,"entity_id":"Q1455294","candidates":[]}],[{"start":0,"end":9,"url":null,"entity_id":"Q7291","candidates":[]}],[{"start":0,"end":56,"url":null,"entity_id":"Q27607240","candidates":[]}]],[[{"start":0,"end":40,"url":null,"entity_id":"Q1455290","candidates":[]}],[{"start":0,"end":9,"url":null,"entity_id":"Q7291","candidates":[]}],[{"start":0,"end":56,"url":null,"entity_id":"Q27607239","candidates":[]}]],[[{"start":0,"end":40,"url":null,"entity_id":"Q1455286","candidates":[]}],[{"start":0,"end":9,"url":null,"entity_id":"Q7291","candidates":[]}],[{"start":0,"end":56,"url":null,"entity_id":"Q27607238","candidates":[]}]],[[{"start":0,"end":40,"url":null,"entity_id":"Q1455287","candidates":[]}],[{"start":0,"end":9,"url":null,"entity_id":"Q7291","candidates":[]}],[{"start":0,"end":56,"url":null,"entity_id":"Q27607235","candidates":[]}]],[[{"start":0,"end":40,"url":null,"entity_id":"Q1455285","candidates":[]}],[{"start":0,"end":9,"url":null,"entity_id":"Q7291","candidates":[]}],[{"start":0,"end":56,"url":null,"entity_id":"Q27607233","candidates":[]}]],[[{"start":0,"end":40,"url":null,"entity_id":"Q1455282","candidates":[]}],[{"start":0,"end":9,"url":null,"entity_id":"Q7291","candidates":[]}],[{"start":0,"end":56,"url":null,"entity_id":"Q27607224","candidates":[]}]],[[{"start":0,"end":40,"url":null,"entity_id":"Q1455281","candidates":[]}],[{"start":0,"end":9,"url":null,"entity_id":"Q7291","candidates":[]}],[{"start":0,"end":56,"url":null,"entity_id":"Q27607223","candidates":[]}]],[[{"start":0,"end":40,"url":null,"entity_id":"Q1455278","candidates":[]}],[{"start":0,"end":9,"url":null,"entity_id":"Q7291","candidates":[]}],[{"start":0,"end":56,"url":null,"entity_id":"Q27607222","candidates":[]}]],[[{"start":0,"end":40,"url":null,"entity_id":"Q1455271","candidates":[]}],[{"start":0,"end":9,"url":null,"entity_id":"Q7291","candidates":[]}],[{"start":0,"end":56,"url":null,"entity_id":"Q27607220","candidates":[]}]],[[{"start":0,"end":40,"url":null,"entity_id":"Q1455268","candidates":[]}],[{"start":0,"end":9,"url":null,"entity_id":"Q7291","candidates":[]}],[{"start":0,"end":56,"url":null,"entity_id":"Q27607219","candidates":[]}]],[[{"start":0,"end":40,"url":null,"entity_id":"Q1455266","candidates":[]}],[{"start":0,"end":9,"url":null,"entity_id":"Q7291","candidates":[]}],[{"start":0,"end":56,"url":null,"entity_id":"Q27607218","candidates":[]}]]]}