{"version":"1.2","table":{"version":"2","table_id":"XX38J6R7","columns":[{"index":0,"name":"col0","values":["Lylykoski","Loukaskoski","Mukkakoski","Mouluskoski","Montonkoski","Miekkakoski","Merikoski","Meltiskoski","Badok Rapids","Baboenbari Soela","Augustus Val","Rappukoski","Pärkänkoski","Purkijaurforsen","Plogforsen","Peräjäkoski","Pattukuoika","Niskakoski","Nedre Trollforsen","Nedre Trollforsen"]},{"index":1,"name":"col1","values":["142","162","225","170","72","212","17","157","209","79","345","230","197","298","192","175","506","326","206","287"]},{"index":2,"name":"col2","values":["Finland","Finland","Finland","Finland","Finland","Finland","Finland","Finland","Malaysia","Suriname","Suriname","Sweden","Sweden","Sweden","Sweden","Sweden","Sweden","Sweden","Sweden","Sweden"]}]},"context":{"page_title":null,"page_url":null,"page_entity_id":null,"content_hierarchy":[]},"links":[[[{"start":0,"end":9,"url":null,"entity_id":"Q24323651","candidates":[]}],[],[{"start":0,"end":7,"url":null,"entity_id":"Q33","candidates":[]}]],[[{"start":0,"end":11,"url":null,"entity_id":"Q24323469","candidates":[]}],[],[{"start":0,"end":7,"url":null,"entity_id":"Q33","candidates":[]}]],[[{"start":0,"end":10,"url":null,"entity_id":"Q24322323","candidates":[]}],[],[{"start":0,"end":7,"url":null,"entity_id":"Q33","candidates":[]}]],[[{"start":0,"end":11,"url":null,"entity_id":"Q24322306","candidates":[]}],[],[{"start":0,"end":7,"url":null,"entity_id":"Q33","candidates":[]}]],[[{"start":0,"end":11,"url":null,"entity_id":"Q24322282","candidates":[]}],[],[{"start":0,"end":7,"url":null,"entity_id":"Q33","candidates":[]}]],[[{"start":0,"end":11,"url":null,"entity_id":"Q24322212","candidates":[]}],[],[{"start":0,"end":7,"url":null,"entity_id":"Q33","candidates":[]}]],[[{"start":0,"end":9,"url":null,"entity_id":"Q24322195","candidates":[]}],[],[{"start":0,"end":7,"url":null,"entity_id":"Q33","candidates":[]}]],[[{"start":0,"end":11,"url":null,"entity_id":"Q24322185","candidates":[]}],[],[{"start":0,"end":7,"url":null,"entity_id":"Q33","candidates":[]}]],[[{"start":0,"end":12,"url":null,"entity_id":"Q32304479","candidates":[]}],[],[{"start":0,"end":8,"url":null,"entity_id":"Q833","candidates":[]}]],[[{"start":0,"end":16,"url":null,"entity_id":"Q32301610","candidates":[]}],[],[{"start":0,"end":8,"url":null,"entity_id":"Q730","candidates":[]}]],[[{"start":0,"end":12,"url":null,"entity_id":"Q32292504","candidates":[]}],[],[{"start":0,"end":8,"url":null,"entity_id":"Q730","candidates":[]}]],[[{"start":0,"end":10,"url":null,"entity_id":"Q32307514","candidates":[]}],[],[{"start":0,"end":6,"url":null,"entity_id":"Q34","candidates":[]}]],[[{"start":0,"end":11,"url":null,"entity_id":"Q32306416","candidates":[]}],[],[{"start":0,"end":6,"url":null,"entity_id":"Q34","candidates":[]}]],[[{"start":0,"end":15,"url":null,"entity_id":"Q32306265","candidates":[]}],[],[{"start":0,"end":6,"url":null,"entity_id":"Q34","candidates":[]}]],[[{"start":0,"end":10,"url":null,"entity_id":"Q32305605","candidates":[]}],[],[{"start":0,"end":6,"url":null,"entity_id":"Q34","candidates":[]}]],[[{"start":0,"end":11,"url":null,"entity_id":"Q32304912","candidates":[]}],[],[{"start":0,"end":6,"url":null,"entity_id":"Q34","candidates":[]}]],[[{"start":0,"end":11,"url":null,"entity_id":"Q32304476","candidates":[]}],[],[{"start":0,"end":6,"url":null,"entity_id":"Q34","candidates":[]}]],[[{"start":0,"end":10,"url":null,"entity_id":"Q32295882","candidates":[]}],[],[{"start":0,"end":6,"url":null,"entity_id":"Q34","candidates":[]}]],[[{"start":0,"end":17,"url":null,"entity_id":"Q32295667","candidates":[]}],[],[{"start":0,"end":6,"url":null,"entity_id":"Q34","candidates":[]}]],[[{"start":0,"end":17,"url":null,"entity_id":"Q32295656","candidates":[]}],[],[{"start":0,"end":6,"url":null,"entity_id":"Q34","candidates":[]}]]]}