{"version":"1.2","table":{"version":"2","table_id":"XY34Q2OC","columns":[{"index":0,"name":"col0","values":["AFC Kairat","Elpida Astromeriti","Araz Naxçivan","Slov-Matic Bratislava","Era-Pack Chrudim","FC Tango Brno","Yenakiyevets","MFC Dneprospetstal","LTK Lugansk","FC Nikers","MFK Norilsk Nickel","Sibiryak","Associação Desportiva Classista Intelli","Associação Carlos Barbosa de Futsal","Associação Desportiva Jaraguá","Minas Tênis Clube","Baku United FC","Helvécia Futsal Club","Athina 90","Action 21 Charleroi"]},{"index":1,"name":"col1","values":["Almaty","Astromeritis","Nakhchivan","Bratislava","Chrudim","Brno","Yenakiieve","Zaporizhzhia","Luhansk","Kuldīga","Norilsk","Novosibirsk","Orlândia","Carlos Barbosa","Jaraguá do Sul","Belo Horizonte","London","London","Athens","Charleroi"]},{"index":2,"name":"col2","values":["1995-01-01","2009-01-01","2004-01-01","1984-01-01","1991-01-01","1987-01-01","2000-01-01","1995-01-01","2003-01-01","2013-01-01","1993-06-30","1988-01-01","1977-01-01","1976-01-01","1992-01-01","1935-01-01","2008-01-01","2005-01-01","1990-01-01","1999-01-01"]},{"index":3,"name":"col3","values":["futsal","association football","futsal","futsal","futsal","association football","association football","association football","association football","association football","futsal","futsal","futsal","futsal","futsal","futsal","futsal","futsal","futsal","futsal"]},{"index":4,"name":"col4","values":["Kazakhstani Futsal Championship","Cypriot Third Division","Azerbaijan Premier League","Slovak Futsal Extraliga","1. Liga Futsalu","1. Liga Futsalu","Extra-Liga","Extra-Liga","Extra-Liga","Latvian Second League","Russian Futsal Super League","Russian Futsal Super League","Liga Futsal","Liga Futsal","Liga Futsal","Liga Futsal","FA National Futsal League","FA National Futsal League","Hellenic Futsal Premiere League","Belgian Division 1"]},{"index":5,"name":"col5","values":["Kazakhstan","Republic of Cyprus","Azerbaijan","Slovakia","Czech Republic","Czech Republic","Ukraine","Ukraine","Ukraine","Latvia","Russia","Russia","Brazil","Brazil","Brazil","Brazil","United Kingdom","United Kingdom","Greece","Belgium"]}]},"context":{"page_title":null,"page_url":null,"page_entity_id":null,"content_hierarchy":[]},"links":[[[{"start":0,"end":10,"url":null,"entity_id":"Q338860","candidates":[]}],[{"start":0,"end":6,"url":null,"entity_id":"Q35493","candidates":[]}],[],[{"start":0,"end":6,"url":null,"entity_id":"Q171401","candidates":[]}],[{"start":0,"end":31,"url":null,"entity_id":"Q371287","candidates":[]}],[{"start":0,"end":10,"url":null,"entity_id":"Q232","candidates":[]}]],[[{"start":0,"end":18,"url":null,"entity_id":"Q16331496","candidates":[]}],[{"start":0,"end":12,"url":null,"entity_id":"Q4811597","candidates":[]}],[],[{"start":0,"end":20,"url":null,"entity_id":"Q2736","candidates":[]}],[{"start":0,"end":22,"url":null,"entity_id":"Q2130426","candidates":[]}],[{"start":0,"end":18,"url":null,"entity_id":"Q229","candidates":[]}]],[[{"start":0,"end":13,"url":null,"entity_id":"Q1619674","candidates":[]}],[{"start":0,"end":10,"url":null,"entity_id":"Q230104","candidates":[]}],[],[{"start":0,"end":6,"url":null,"entity_id":"Q171401","candidates":[]}],[{"start":0,"end":25,"url":null,"entity_id":"Q1444840","candidates":[]}],[{"start":0,"end":10,"url":null,"entity_id":"Q227","candidates":[]}]],[[{"start":0,"end":21,"url":null,"entity_id":"Q3962838","candidates":[]}],[{"start":0,"end":10,"url":null,"entity_id":"Q1780","candidates":[]}],[],[{"start":0,"end":6,"url":null,"entity_id":"Q171401","candidates":[]}],[{"start":0,"end":23,"url":null,"entity_id":"Q3654487","candidates":[]}],[{"start":0,"end":8,"url":null,"entity_id":"Q214","candidates":[]}]],[[{"start":0,"end":16,"url":null,"entity_id":"Q749684","candidates":[]}],[{"start":0,"end":7,"url":null,"entity_id":"Q986070","candidates":[]}],[],[{"start":0,"end":6,"url":null,"entity_id":"Q171401","candidates":[]}],[{"start":0,"end":15,"url":null,"entity_id":"Q3653701","candidates":[]}],[{"start":0,"end":14,"url":null,"entity_id":"Q213","candidates":[]}]],[[{"start":0,"end":13,"url":null,"entity_id":"Q1387713","candidates":[]}],[{"start":0,"end":4,"url":null,"entity_id":"Q14960","candidates":[]}],[],[{"start":0,"end":20,"url":null,"entity_id":"Q2736","candidates":[]}],[{"start":0,"end":15,"url":null,"entity_id":"Q3653701","candidates":[]}],[{"start":0,"end":14,"url":null,"entity_id":"Q213","candidates":[]}]],[[{"start":0,"end":12,"url":null,"entity_id":"Q28780","candidates":[]}],[{"start":0,"end":10,"url":null,"entity_id":"Q1686835","candidates":[]}],[],[{"start":0,"end":20,"url":null,"entity_id":"Q2736","candidates":[]}],[{"start":0,"end":10,"url":null,"entity_id":"Q2538903","candidates":[]}],[{"start":0,"end":7,"url":null,"entity_id":"Q212","candidates":[]}]],[[{"start":0,"end":18,"url":null,"entity_id":"Q2784809","candidates":[]}],[{"start":0,"end":12,"url":null,"entity_id":"Q157835","candidates":[]}],[],[{"start":0,"end":20,"url":null,"entity_id":"Q2736","candidates":[]}],[{"start":0,"end":10,"url":null,"entity_id":"Q2538903","candidates":[]}],[{"start":0,"end":7,"url":null,"entity_id":"Q212","candidates":[]}]],[[{"start":0,"end":11,"url":null,"entity_id":"Q28691","candidates":[]}],[{"start":0,"end":7,"url":null,"entity_id":"Q134279","candidates":[]}],[],[{"start":0,"end":20,"url":null,"entity_id":"Q2736","candidates":[]}],[{"start":0,"end":10,"url":null,"entity_id":"Q2538903","candidates":[]}],[{"start":0,"end":7,"url":null,"entity_id":"Q212","candidates":[]}]],[[{"start":0,"end":9,"url":null,"entity_id":"Q16360479","candidates":[]}],[{"start":0,"end":7,"url":null,"entity_id":"Q155281","candidates":[]}],[],[{"start":0,"end":20,"url":null,"entity_id":"Q2736","candidates":[]}],[{"start":0,"end":21,"url":null,"entity_id":"Q2061243","candidates":[]}],[{"start":0,"end":6,"url":null,"entity_id":"Q211","candidates":[]}]],[[{"start":0,"end":18,"url":null,"entity_id":"Q3841280","candidates":[]}],[{"start":0,"end":7,"url":null,"entity_id":"Q175517","candidates":[]}],[],[{"start":0,"end":6,"url":null,"entity_id":"Q171401","candidates":[]}],[{"start":0,"end":27,"url":null,"entity_id":"Q1133681","candidates":[]}],[{"start":0,"end":6,"url":null,"entity_id":"Q159","candidates":[]}]],[[{"start":0,"end":8,"url":null,"entity_id":"Q4418360","candidates":[]}],[{"start":0,"end":11,"url":null,"entity_id":"Q883","candidates":[]}],[],[{"start":0,"end":6,"url":null,"entity_id":"Q171401","candidates":[]}],[{"start":0,"end":27,"url":null,"entity_id":"Q1133681","candidates":[]}],[{"start":0,"end":6,"url":null,"entity_id":"Q159","candidates":[]}]],[[{"start":0,"end":39,"url":null,"entity_id":"Q3627335","candidates":[]}],[{"start":0,"end":8,"url":null,"entity_id":"Q1759384","candidates":[]}],[],[{"start":0,"end":6,"url":null,"entity_id":"Q171401","candidates":[]}],[{"start":0,"end":11,"url":null,"entity_id":"Q735927","candidates":[]}],[{"start":0,"end":6,"url":null,"entity_id":"Q155","candidates":[]}]],[[{"start":0,"end":35,"url":null,"entity_id":"Q2248060","candidates":[]}],[{"start":0,"end":14,"url":null,"entity_id":"Q1757704","candidates":[]}],[],[{"start":0,"end":6,"url":null,"entity_id":"Q171401","candidates":[]}],[{"start":0,"end":11,"url":null,"entity_id":"Q735927","candidates":[]}],[{"start":0,"end":6,"url":null,"entity_id":"Q155","candidates":[]}]],[[{"start":0,"end":29,"url":null,"entity_id":"Q949997","candidates":[]}],[{"start":0,"end":14,"url":null,"entity_id":"Q849584","candidates":[]}],[],[{"start":0,"end":6,"url":null,"entity_id":"Q171401","candidates":[]}],[{"start":0,"end":11,"url":null,"entity_id":"Q735927","candidates":[]}],[{"start":0,"end":6,"url":null,"entity_id":"Q155","candidates":[]}]],[[{"start":0,"end":17,"url":null,"entity_id":"Q14702211","candidates":[]}],[{"start":0,"end":14,"url":null,"entity_id":"Q42800","candidates":[]}],[],[{"start":0,"end":6,"url":null,"entity_id":"Q171401","candidates":[]}],[{"start":0,"end":11,"url":null,"entity_id":"Q735927","candidates":[]}],[{"start":0,"end":6,"url":null,"entity_id":"Q155","candidates":[]}]],[[{"start":0,"end":14,"url":null,"entity_id":"Q13415385","candidates":[]}],[{"start":0,"end":6,"url":null,"entity_id":"Q84","candidates":[]}],[],[{"start":0,"end":6,"url":null,"entity_id":"Q171401","candidates":[]}],[{"start":0,"end":25,"url":null,"entity_id":"Q974543","candidates":[]}],[{"start":0,"end":14,"url":null,"entity_id":"Q145","candidates":[]}]],[[{"start":0,"end":20,"url":null,"entity_id":"Q3784750","candidates":[]}],[{"start":0,"end":6,"url":null,"entity_id":"Q84","candidates":[]}],[],[{"start":0,"end":6,"url":null,"entity_id":"Q171401","candidates":[]}],[{"start":0,"end":25,"url":null,"entity_id":"Q974543","candidates":[]}],[{"start":0,"end":14,"url":null,"entity_id":"Q145","candidates":[]}]],[[{"start":0,"end":9,"url":null,"entity_id":"Q3627963","candidates":[]}],[{"start":0,"end":6,"url":null,"entity_id":"Q1524","candidates":[]}],[],[{"start":0,"end":6,"url":null,"entity_id":"Q171401","candidates":[]}],[{"start":0,"end":31,"url":null,"entity_id":"Q1422528","candidates":[]}],[{"start":0,"end":6,"url":null,"entity_id":"Q41","candidates":[]}]],[[{"start":0,"end":19,"url":null,"entity_id":"Q343596","candidates":[]}],[{"start":0,"end":9,"url":null,"entity_id":"Q81046","candidates":[]}],[],[{"start":0,"end":6,"url":null,"entity_id":"Q171401","candidates":[]}],[{"start":0,"end":18,"url":null,"entity_id":"Q3653657","candidates":[]}],[{"start":0,"end":7,"url":null,"entity_id":"Q31","candidates":[]}]]]}