{"version":"1.2","table":{"version":"2","table_id":"XYSGKPM2","columns":[{"index":0,"name":"col0","values":["World Spirit (ship, 1998)","Grande Ghana","Theodora R","Atlantic Sail","Grande Dakar","Kvitbjørn","Kvitnos","Sarah","Atlantic Star","Grande Congo","Hafnia Seaways","Grande Angola","Grande Buenos Aires","Grande Nigeria","Grande Argentina","Grande Africa","Grande America","Atlantic Conveyor","City Of Misurata","Seagard"]},{"index":1,"name":"col1","values":["14101","25000","224","55631","30796","3900","4900","1600","56700","24771","11300","26881","26169","25800","26195","27965","27965","51648","4401","7226"]},{"index":2,"name":"col2","values":["29.2","32.26","11.82","37","36.16","22","20.79","14.53","38","32.26","26.52","32.26","32.25","32.25","32.23","32.25","32.28","32.26","20","20.85"]}]},"context":{"page_title":null,"page_url":null,"page_entity_id":null,"content_hierarchy":[]},"links":[[[{"start":0,"end":25,"url":null,"entity_id":"Q75875160","candidates":[]}],[],[]],[[{"start":0,"end":12,"url":null,"entity_id":"Q75297336","candidates":[]}],[],[]],[[{"start":0,"end":10,"url":null,"entity_id":"Q72407954","candidates":[]}],[],[]],[[{"start":0,"end":13,"url":null,"entity_id":"Q72052589","candidates":[]}],[],[]],[[{"start":0,"end":12,"url":null,"entity_id":"Q56826660","candidates":[]}],[],[]],[[{"start":0,"end":9,"url":null,"entity_id":"Q56199404","candidates":[]}],[],[]],[[{"start":0,"end":7,"url":null,"entity_id":"Q56191654","candidates":[]}],[],[]],[[{"start":0,"end":5,"url":null,"entity_id":"Q52507917","candidates":[]}],[],[]],[[{"start":0,"end":13,"url":null,"entity_id":"Q52380685","candidates":[]}],[],[]],[[{"start":0,"end":12,"url":null,"entity_id":"Q52379079","candidates":[]}],[],[]],[[{"start":0,"end":14,"url":null,"entity_id":"Q52377449","candidates":[]}],[],[]],[[{"start":0,"end":13,"url":null,"entity_id":"Q52376155","candidates":[]}],[],[]],[[{"start":0,"end":19,"url":null,"entity_id":"Q52352770","candidates":[]}],[],[]],[[{"start":0,"end":14,"url":null,"entity_id":"Q52351909","candidates":[]}],[],[]],[[{"start":0,"end":16,"url":null,"entity_id":"Q52347712","candidates":[]}],[],[]],[[{"start":0,"end":13,"url":null,"entity_id":"Q52344090","candidates":[]}],[],[]],[[{"start":0,"end":14,"url":null,"entity_id":"Q52344080","candidates":[]}],[],[]],[[{"start":0,"end":17,"url":null,"entity_id":"Q52327006","candidates":[]}],[],[]],[[{"start":0,"end":16,"url":null,"entity_id":"Q52323024","candidates":[]}],[],[]],[[{"start":0,"end":7,"url":null,"entity_id":"Q18763131","candidates":[]}],[],[]]]}