{"version":"1.2","table":{"version":"2","table_id":"Y0T0DYSJ","columns":[{"index":0,"name":"col0","values":["2019 Reykjavík Intesnational Games","2018 Reykjavík Iternational Games","2019 Skanghai rophy","2019 World Beah Games","2019 European Youth Olympic#Winter Festival","2019 European Youth Svmmer Olympic Festival","2015 European Yout Olympic Winter Festiwal","219 European Games","2017 European Youth#Olympic Winter Festival","2017 European Youth Summr Olympic Festival","217 Jeux de la Francophonie","2019 Africa Games","World Games 213","2007 Pan Americcn Game","2003 Pan Americn Games","201 All-Africa Games","007 Winter Universiade","2009 Summe Universiade","2014 Asian#Games","4997 Mediterranean Games"]},{"index":1,"name":"col1","values":["2019/01/24","2018/01/25","2019/10/03","2019/10/12","2019/02/09","2019/07/21","2015/01/25","2019/06/21","2017/02/12","2017/07/23","2017/07/21","2019/08/19","2013/07/25","2007/07/12","2003/08/01","2011/09/03","2007/01/17","2009/07/01","2014/09/19","1997/06/13"]},{"index":2,"name":"col2","values":["Reykjavik Sports Union","Reykjavik Sports Union","Chinese Figure Skating Association","Association of National Olympic Committees","European Olympic Committees","European Olympic Committees","European Olympic Committees","European Olympic Committees","European Olympic Committees","European Olympic Committees","Organisation internationale de la Francophonie","African Union","International World Games Association","Pan American Sports Organization","Pan American Sports Organization","Association of National Olympic Committees of Africa","International University Sports Federation","International University Sports Federation","Olympic Council of Asia","Comité international des Jeux méditerranéens"]}]},"context":{"page_title":null,"page_url":null,"page_entity_id":null,"content_hierarchy":[]},"links":[[[{"start":0,"end":34,"url":null,"entity_id":"Q60475576","candidates":[]}],[],[{"start":0,"end":22,"url":null,"entity_id":"Q6637217","candidates":[]}]],[[{"start":0,"end":33,"url":null,"entity_id":"Q56408117","candidates":[]}],[],[{"start":0,"end":22,"url":null,"entity_id":"Q6637217","candidates":[]}]],[[{"start":0,"end":19,"url":null,"entity_id":"Q66656057","candidates":[]}],[],[{"start":0,"end":34,"url":null,"entity_id":"Q4071518","candidates":[]}]],[[{"start":0,"end":21,"url":null,"entity_id":"Q22026344","candidates":[]}],[],[{"start":0,"end":42,"url":null,"entity_id":"Q2867530","candidates":[]}]],[[{"start":0,"end":43,"url":null,"entity_id":"Q46996535","candidates":[]}],[],[{"start":0,"end":27,"url":null,"entity_id":"Q642949","candidates":[]}]],[[{"start":0,"end":43,"url":null,"entity_id":"Q19544611","candidates":[]}],[],[{"start":0,"end":27,"url":null,"entity_id":"Q642949","candidates":[]}]],[[{"start":0,"end":42,"url":null,"entity_id":"Q18639053","candidates":[]}],[],[{"start":0,"end":27,"url":null,"entity_id":"Q642949","candidates":[]}]],[[{"start":0,"end":18,"url":null,"entity_id":"Q17112170","candidates":[]}],[],[{"start":0,"end":27,"url":null,"entity_id":"Q642949","candidates":[]}]],[[{"start":0,"end":43,"url":null,"entity_id":"Q16823772","candidates":[]}],[],[{"start":0,"end":27,"url":null,"entity_id":"Q642949","candidates":[]}]],[[{"start":0,"end":42,"url":null,"entity_id":"Q15180806","candidates":[]}],[],[{"start":0,"end":27,"url":null,"entity_id":"Q642949","candidates":[]}]],[[{"start":0,"end":27,"url":null,"entity_id":"Q16509992","candidates":[]}],[],[{"start":0,"end":46,"url":null,"entity_id":"Q134102","candidates":[]}]],[[{"start":0,"end":17,"url":null,"entity_id":"Q20806403","candidates":[]}],[],[{"start":0,"end":13,"url":null,"entity_id":"Q7159","candidates":[]}]],[[{"start":0,"end":15,"url":null,"entity_id":"Q611030","candidates":[]}],[],[{"start":0,"end":37,"url":null,"entity_id":"Q1317873","candidates":[]}]],[[{"start":0,"end":22,"url":null,"entity_id":"Q1059469","candidates":[]}],[],[{"start":0,"end":32,"url":null,"entity_id":"Q1199476","candidates":[]}]],[[{"start":0,"end":22,"url":null,"entity_id":"Q589100","candidates":[]}],[],[{"start":0,"end":32,"url":null,"entity_id":"Q1199476","candidates":[]}]],[[{"start":0,"end":20,"url":null,"entity_id":"Q301599","candidates":[]}],[],[{"start":0,"end":52,"url":null,"entity_id":"Q1190214","candidates":[]}]],[[{"start":0,"end":22,"url":null,"entity_id":"Q1072313","candidates":[]}],[],[{"start":0,"end":42,"url":null,"entity_id":"Q1189918","candidates":[]}]],[[{"start":0,"end":22,"url":null,"entity_id":"Q873729","candidates":[]}],[],[{"start":0,"end":42,"url":null,"entity_id":"Q1189918","candidates":[]}]],[[{"start":0,"end":16,"url":null,"entity_id":"Q495366","candidates":[]}],[],[{"start":0,"end":23,"url":null,"entity_id":"Q844293","candidates":[]}]],[[{"start":0,"end":24,"url":null,"entity_id":"Q500310","candidates":[]}],[],[{"start":0,"end":44,"url":null,"entity_id":"Q778966","candidates":[]}]]]}