{"version":"1.2","table":{"version":"2","table_id":"Y0XTIVO8","columns":[{"index":0,"name":"col0","values":["Super High Roller Bowl Australia","Super High Roller Bowl Bahamas","Super High Roller Bowl London","Triton Million for Charity","2019 PokerStars Players Championship","2019 World Series of Poker Main Event","Super High Roller Bowl V","Super High Roller Bowl China","2018 Big One for One Drop","2018 Super High Roller Bowl","2017 High Roller for One Drop (WSOPE)","2017 High Roller for One Drop (WSOP)","2016 High Roller for One Drop","2015 High Roller for One Drop","2013 High Roller for One Drop","2014 Big One for One Drop","2016 Big One for One Drop","2012 Big One for One Drop","2017 Super High Roller Bowl","2016 Super High Roller Bowl"]},{"index":1,"name":"col1","values":["16","51","12","54","1039","8569","36","75","27","48","132","130","183","135","166","42","26","48","56","49"]},{"index":2,"name":"col2","values":["250000","250000","250000","1000000","25000","10000","300000","2100000","1000000","300000","111111","111111","111111","111111","111111","1000000","1000000","1000000","300000","300000"]}]},"context":{"page_title":null,"page_url":null,"page_entity_id":null,"content_hierarchy":[]},"links":[[[{"start":0,"end":32,"url":null,"entity_id":"Q81077030","candidates":[]}],[],[]],[[{"start":0,"end":30,"url":null,"entity_id":"Q79464430","candidates":[]}],[],[]],[[{"start":0,"end":29,"url":null,"entity_id":"Q79464426","candidates":[]}],[],[]],[[{"start":0,"end":26,"url":null,"entity_id":"Q66091622","candidates":[]}],[],[]],[[{"start":0,"end":36,"url":null,"entity_id":"Q60847656","candidates":[]}],[],[]],[[{"start":0,"end":37,"url":null,"entity_id":"Q60847652","candidates":[]}],[],[]],[[{"start":0,"end":24,"url":null,"entity_id":"Q60846909","candidates":[]}],[],[]],[[{"start":0,"end":28,"url":null,"entity_id":"Q56294629","candidates":[]}],[],[]],[[{"start":0,"end":25,"url":null,"entity_id":"Q56294187","candidates":[]}],[],[]],[[{"start":0,"end":27,"url":null,"entity_id":"Q48557300","candidates":[]}],[],[]],[[{"start":0,"end":37,"url":null,"entity_id":"Q31842604","candidates":[]}],[],[]],[[{"start":0,"end":36,"url":null,"entity_id":"Q31842601","candidates":[]}],[],[]],[[{"start":0,"end":29,"url":null,"entity_id":"Q31840138","candidates":[]}],[],[]],[[{"start":0,"end":29,"url":null,"entity_id":"Q31840137","candidates":[]}],[],[]],[[{"start":0,"end":29,"url":null,"entity_id":"Q31840134","candidates":[]}],[],[]],[[{"start":0,"end":25,"url":null,"entity_id":"Q31838143","candidates":[]}],[],[]],[[{"start":0,"end":25,"url":null,"entity_id":"Q31838142","candidates":[]}],[],[]],[[{"start":0,"end":25,"url":null,"entity_id":"Q31838140","candidates":[]}],[],[]],[[{"start":0,"end":27,"url":null,"entity_id":"Q31838100","candidates":[]}],[],[]],[[{"start":0,"end":27,"url":null,"entity_id":"Q31838099","candidates":[]}],[],[]]]}