{"version":"1.2","table":{"version":"2","table_id":"Y2SAE545","columns":[{"index":0,"name":"col0","values":["Konqueror","Midori","w3m","GNOME Web","Galeon","Falkon","Amaya","Internet Explorer","Flock","Maxthon","Opera","Google Chrome","WorldWideWeb","Arachne","Links","Chromium","Firefox","Microsoft Edge","Brave","Browsh"]},{"index":1,"name":"col1","values":["Microsoft Windows","Linux","Unix","Berkeley Software Distribution","Unix-like","Linux","Microsoft Windows","Microsoft Windows","Linux","Android","Linux","Android","NeXTSTEP","DOS","Linux","Android","Android","Android","Android","cross-platform"]},{"index":2,"name":"col2","values":["GNU General Public License, version 2.0 or later","GNU Lesser General Public License, version 2.1","X11 license","GNU General Public License, version 2.0","GNU General Public License, version 2.0","GNU General Public License, version 3.0","W3C Software Notice and License","proprietary license","proprietary license","proprietary software","freeware","freeware","public domain","GNU General Public License","GNU General Public License","GNU General Public License","GNU General Public License","proprietary software license","Mozilla Public License, version 2.0","GNU Lesser General Public License, version 2.1"]}]},"context":{"page_title":null,"page_url":null,"page_entity_id":null,"content_hierarchy":[]},"links":[[[{"start":0,"end":9,"url":null,"entity_id":"Q178565","candidates":[]}],[{"start":0,"end":17,"url":null,"entity_id":"Q1406","candidates":[]}],[{"start":0,"end":48,"url":null,"entity_id":"Q27016752","candidates":[]}]],[[{"start":0,"end":6,"url":null,"entity_id":"Q285512","candidates":[]}],[{"start":0,"end":5,"url":null,"entity_id":"Q388","candidates":[]}],[{"start":0,"end":46,"url":null,"entity_id":"Q18534390","candidates":[]}]],[[{"start":0,"end":3,"url":null,"entity_id":"Q306669","candidates":[]}],[{"start":0,"end":4,"url":null,"entity_id":"Q11368","candidates":[]}],[{"start":0,"end":11,"url":null,"entity_id":"Q18526202","candidates":[]}]],[[{"start":0,"end":9,"url":null,"entity_id":"Q167784","candidates":[]}],[{"start":0,"end":30,"url":null,"entity_id":"Q34264","candidates":[]}],[{"start":0,"end":39,"url":null,"entity_id":"Q10513450","candidates":[]}]],[[{"start":0,"end":6,"url":null,"entity_id":"Q174613","candidates":[]}],[{"start":0,"end":9,"url":null,"entity_id":"Q14656","candidates":[]}],[{"start":0,"end":39,"url":null,"entity_id":"Q10513450","candidates":[]}]],[[{"start":0,"end":6,"url":null,"entity_id":"Q404293","candidates":[]}],[{"start":0,"end":5,"url":null,"entity_id":"Q388","candidates":[]}],[{"start":0,"end":39,"url":null,"entity_id":"Q10513445","candidates":[]}]],[[{"start":0,"end":5,"url":null,"entity_id":"Q455973","candidates":[]}],[{"start":0,"end":17,"url":null,"entity_id":"Q1406","candidates":[]}],[{"start":0,"end":31,"url":null,"entity_id":"Q3564577","candidates":[]}]],[[{"start":0,"end":17,"url":null,"entity_id":"Q1575","candidates":[]}],[{"start":0,"end":17,"url":null,"entity_id":"Q1406","candidates":[]}],[{"start":0,"end":19,"url":null,"entity_id":"Q3238057","candidates":[]}]],[[{"start":0,"end":5,"url":null,"entity_id":"Q488886","candidates":[]}],[{"start":0,"end":5,"url":null,"entity_id":"Q388","candidates":[]}],[{"start":0,"end":19,"url":null,"entity_id":"Q3238057","candidates":[]}]],[[{"start":0,"end":7,"url":null,"entity_id":"Q491674","candidates":[]}],[{"start":0,"end":7,"url":null,"entity_id":"Q94","candidates":[]}],[{"start":0,"end":20,"url":null,"entity_id":"Q218616","candidates":[]}]],[[{"start":0,"end":5,"url":null,"entity_id":"Q41242","candidates":[]}],[{"start":0,"end":5,"url":null,"entity_id":"Q388","candidates":[]}],[{"start":0,"end":8,"url":null,"entity_id":"Q178285","candidates":[]}]],[[{"start":0,"end":13,"url":null,"entity_id":"Q777","candidates":[]}],[{"start":0,"end":7,"url":null,"entity_id":"Q94","candidates":[]}],[{"start":0,"end":8,"url":null,"entity_id":"Q178285","candidates":[]}]],[[{"start":0,"end":12,"url":null,"entity_id":"Q590890","candidates":[]}],[{"start":0,"end":8,"url":null,"entity_id":"Q831367","candidates":[]}],[{"start":0,"end":13,"url":null,"entity_id":"Q19652","candidates":[]}]],[[{"start":0,"end":7,"url":null,"entity_id":"Q624553","candidates":[]}],[{"start":0,"end":3,"url":null,"entity_id":"Q170434","candidates":[]}],[{"start":0,"end":26,"url":null,"entity_id":"Q7603","candidates":[]}]],[[{"start":0,"end":5,"url":null,"entity_id":"Q608910","candidates":[]}],[{"start":0,"end":5,"url":null,"entity_id":"Q388","candidates":[]}],[{"start":0,"end":26,"url":null,"entity_id":"Q7603","candidates":[]}]],[[{"start":0,"end":8,"url":null,"entity_id":"Q48524","candidates":[]}],[{"start":0,"end":7,"url":null,"entity_id":"Q94","candidates":[]}],[{"start":0,"end":26,"url":null,"entity_id":"Q7603","candidates":[]}]],[[{"start":0,"end":7,"url":null,"entity_id":"Q698","candidates":[]}],[{"start":0,"end":7,"url":null,"entity_id":"Q94","candidates":[]}],[{"start":0,"end":26,"url":null,"entity_id":"Q7603","candidates":[]}]],[[{"start":0,"end":14,"url":null,"entity_id":"Q18698690","candidates":[]}],[{"start":0,"end":7,"url":null,"entity_id":"Q94","candidates":[]}],[{"start":0,"end":28,"url":null,"entity_id":"Q31202214","candidates":[]}]],[[{"start":0,"end":5,"url":null,"entity_id":"Q22906900","candidates":[]}],[{"start":0,"end":7,"url":null,"entity_id":"Q94","candidates":[]}],[{"start":0,"end":35,"url":null,"entity_id":"Q25428413","candidates":[]}]],[[{"start":0,"end":6,"url":null,"entity_id":"Q55449289","candidates":[]}],[{"start":0,"end":14,"url":null,"entity_id":"Q174666","candidates":[]}],[{"start":0,"end":46,"url":null,"entity_id":"Q18534390","candidates":[]}]]]}