{"version":"1.2","table":{"version":"2","table_id":"Y32DOTTV","columns":[{"index":0,"name":"col0","values":["Gate piers and gates to north approach of Adlington Hall","Gates and gate piers to Wilderness garden at north end of lime avenue of Adlington Hall","Pair of lodges, gatepiers and gates to Exton Park","Boundary walls, gates and gate piers to south, west and east of Church of St Mary","Railings, piers and gates at Church of St Michael, Burleydam","Walls, gatepiers and gates to the churchyard of St Peter","King's College, Gateway to Queen's Road","Gates, gatepiers and flanking walls at main entrance to park at Beechwood Park School","Peterhouse, Gates and piers of the Master's Lodge","Notre Dame Gate","Memorial Gates outside Church of All Saints","Gates, Wall and Bollards to 89 Weetwood Lane","Bell tower","Fordingbridge War Memorial Gates","Soritz 24","Mistra Gate","Hompesch Gate","Alexander Gates (Okhta)","Waterpoort","Grays Inn Gardens Gates And Railings On South Side"]},{"index":1,"name":"col1","values":["Grade II listed building","Grade II listed building","Grade II listed building","Grade II listed building","Grade II listed building","Grade II listed building","Grade II* listed building or structure","Grade II* listed building or structure","Grade I listed building","Grade 1","Grade II listed building","Grade II listed building","part of national heritage site in the Czech Republic","Grade II listed building","Kulturdenkmal","Grade 1","Grade 1","cultural heritage site in Russia","Rijksmonument","Grade II listed building"]},{"index":2,"name":"col2","values":["1700-01-01","1688-01-01","1850-01-01","1800-01-01","1800-01-01","1900-01-01","1818-01-01","1800-01-01","1702-01-01","1675-01-01","1924-01-01","1902-01-01","1733-01-01","1923-01-01","1662-01-01","1760-01-01","1801-12-01","1806-01-01","1580-01-01","1723-01-01"]}]},"context":{"page_title":null,"page_url":null,"page_entity_id":null,"content_hierarchy":[]},"links":[[[{"start":0,"end":56,"url":null,"entity_id":"Q85179912","candidates":[]}],[{"start":0,"end":24,"url":null,"entity_id":"Q15700834","candidates":[]}],[]],[[{"start":0,"end":87,"url":null,"entity_id":"Q85177694","candidates":[]}],[{"start":0,"end":24,"url":null,"entity_id":"Q15700834","candidates":[]}],[]],[[{"start":0,"end":49,"url":null,"entity_id":"Q83187030","candidates":[]}],[{"start":0,"end":24,"url":null,"entity_id":"Q15700834","candidates":[]}],[]],[[{"start":0,"end":81,"url":null,"entity_id":"Q83182618","candidates":[]}],[{"start":0,"end":24,"url":null,"entity_id":"Q15700834","candidates":[]}],[]],[[{"start":0,"end":60,"url":null,"entity_id":"Q83181699","candidates":[]}],[{"start":0,"end":24,"url":null,"entity_id":"Q15700834","candidates":[]}],[]],[[{"start":0,"end":56,"url":null,"entity_id":"Q82033108","candidates":[]}],[{"start":0,"end":24,"url":null,"entity_id":"Q15700834","candidates":[]}],[]],[[{"start":0,"end":39,"url":null,"entity_id":"Q77056868","candidates":[]}],[{"start":0,"end":38,"url":null,"entity_id":"Q15700831","candidates":[]}],[]],[[{"start":0,"end":85,"url":null,"entity_id":"Q74824621","candidates":[]}],[{"start":0,"end":38,"url":null,"entity_id":"Q15700831","candidates":[]}],[]],[[{"start":0,"end":49,"url":null,"entity_id":"Q77062270","candidates":[]}],[{"start":0,"end":23,"url":null,"entity_id":"Q15700818","candidates":[]}],[]],[[{"start":0,"end":15,"url":null,"entity_id":"Q26965384","candidates":[]}],[{"start":0,"end":7,"url":null,"entity_id":"Q19718195","candidates":[]}],[]],[[{"start":0,"end":43,"url":null,"entity_id":"Q26677837","candidates":[]}],[{"start":0,"end":24,"url":null,"entity_id":"Q15700834","candidates":[]}],[]],[[{"start":0,"end":44,"url":null,"entity_id":"Q26547311","candidates":[]}],[{"start":0,"end":24,"url":null,"entity_id":"Q15700834","candidates":[]}],[]],[[{"start":0,"end":10,"url":null,"entity_id":"Q61778688","candidates":[]}],[{"start":0,"end":52,"url":null,"entity_id":"Q30118385","candidates":[]}],[]],[[{"start":0,"end":32,"url":null,"entity_id":"Q55762792","candidates":[]}],[{"start":0,"end":24,"url":null,"entity_id":"Q15700834","candidates":[]}],[]],[[{"start":0,"end":9,"url":null,"entity_id":"Q49409525","candidates":[]}],[{"start":0,"end":13,"url":null,"entity_id":"Q11691318","candidates":[]}],[]],[[{"start":0,"end":11,"url":null,"entity_id":"Q23682884","candidates":[]}],[{"start":0,"end":7,"url":null,"entity_id":"Q19718195","candidates":[]}],[]],[[{"start":0,"end":13,"url":null,"entity_id":"Q19685194","candidates":[]}],[{"start":0,"end":7,"url":null,"entity_id":"Q19718195","candidates":[]}],[]],[[{"start":0,"end":23,"url":null,"entity_id":"Q18396428","candidates":[]}],[{"start":0,"end":32,"url":null,"entity_id":"Q8346700","candidates":[]}],[]],[[{"start":0,"end":10,"url":null,"entity_id":"Q24005019","candidates":[]}],[{"start":0,"end":13,"url":null,"entity_id":"Q916333","candidates":[]}],[]],[[{"start":0,"end":50,"url":null,"entity_id":"Q26406983","candidates":[]}],[{"start":0,"end":24,"url":null,"entity_id":"Q15700834","candidates":[]}],[]]]}