{"version":"1.2","table":{"version":"2","table_id":"Y37DCJ8A","columns":[{"index":0,"name":"col0","values":["PGC 43056","PGC 42654","PGC 42406","PGC 42219","PGC 41668","PGC 41442","PGC 40844","PGC 40779","PGC 40670","PGC 39448","PGC 39255","PGC 38963","PGC 38754","PGC 38551","PGC 30664","PGC 23521","PGC 13216","UGC 8127","ESO 381-41","UGC 8061"]},{"index":1,"name":"col1","values":["16.12","115.5","17","16.7","104.25","16.12","16.7","16.7","16.9","61.68","31.7","92.7","16.7","16.7","3.55","3.42","14.6","21","24","16.12"]},{"index":2,"name":"col2","values":["191.533552","190.559564","189.992564","189.565846","188.29026","187.8525","186.852062","186.746484","186.5774875","184.421516","183.984371","183.258335","182.670151","182.132412","156.61667","125.97958","53.56542","195.2653127007868","195.12625","194.182085"]},{"index":3,"name":"col3","values":["15.46","16.788","16","17.48","16.63","18.8","16.624","16.504","15.13","18","17.5","15.59","17.7","16.989","15.8","16.5","15.5","14.681","14.17","15.91"]}]},"context":{"page_title":null,"page_url":null,"page_entity_id":null,"content_hierarchy":[]},"links":[[[{"start":0,"end":9,"url":null,"entity_id":"Q60236928","candidates":[]}],[],[],[]],[[{"start":0,"end":9,"url":null,"entity_id":"Q60236918","candidates":[]}],[],[],[]],[[{"start":0,"end":9,"url":null,"entity_id":"Q60236910","candidates":[]}],[],[],[]],[[{"start":0,"end":9,"url":null,"entity_id":"Q60236905","candidates":[]}],[],[],[]],[[{"start":0,"end":9,"url":null,"entity_id":"Q60236892","candidates":[]}],[],[],[]],[[{"start":0,"end":9,"url":null,"entity_id":"Q60236877","candidates":[]}],[],[],[]],[[{"start":0,"end":9,"url":null,"entity_id":"Q60236868","candidates":[]}],[],[],[]],[[{"start":0,"end":9,"url":null,"entity_id":"Q60236865","candidates":[]}],[],[],[]],[[{"start":0,"end":9,"url":null,"entity_id":"Q60236857","candidates":[]}],[],[],[]],[[{"start":0,"end":9,"url":null,"entity_id":"Q60236809","candidates":[]}],[],[],[]],[[{"start":0,"end":9,"url":null,"entity_id":"Q60236806","candidates":[]}],[],[],[]],[[{"start":0,"end":9,"url":null,"entity_id":"Q60236793","candidates":[]}],[],[],[]],[[{"start":0,"end":9,"url":null,"entity_id":"Q60236787","candidates":[]}],[],[],[]],[[{"start":0,"end":9,"url":null,"entity_id":"Q60236780","candidates":[]}],[],[],[]],[[{"start":0,"end":9,"url":null,"entity_id":"Q60236690","candidates":[]}],[],[],[]],[[{"start":0,"end":9,"url":null,"entity_id":"Q60236639","candidates":[]}],[],[],[]],[[{"start":0,"end":9,"url":null,"entity_id":"Q60236487","candidates":[]}],[],[],[]],[[{"start":0,"end":8,"url":null,"entity_id":"Q60227251","candidates":[]}],[],[],[]],[[{"start":0,"end":10,"url":null,"entity_id":"Q60227241","candidates":[]}],[],[],[]],[[{"start":0,"end":8,"url":null,"entity_id":"Q60227162","candidates":[]}],[],[],[]]]}