{"version":"1.2","table":{"version":"2","table_id":"Y3L741C9","columns":[{"index":0,"name":"col0","values":["NGC 5232","NGC 5003","NGC 4187","NGC 4148","NGC 3809","NGC 3569","NGC 3468","NGC 2332","7C 114610.00+594129.00","Markarian 421","ICRF J195511.5+135816","IVS B0828-064","IVS B0559-276","ICRF J093919.1-173135","ICRF J211000.9-102057","LEDA 9330","NVSS J214721-062026","3FGL J0508.2-1936","2MASX J11065660+6033594","VCS3 J0955-1845"]},{"index":1,"name":"col1","values":["13","14.3","13.2","13.4","12.7","13.3","13","12.8","11.6","12.9","18.6","19.0985","19.2511","19.9049","18.14","17","17.7807","20.6897","13.102","18.4456"]},{"index":2,"name":"col2","values":["-8.497721483083","43.7375","50.7415021830753","35.8776182425574","59.8857841922712","35.452126417","40.9461","50.1823","59.415661667","38.2088328680079","13.9711758786351","-6.6055549008336","-27.6061207116622","-17.526605150722","-10.349255267167","1.589944","-6.3403710720167","-19.5989334788111","60.5665437451479","-18.7588512319714"]}]},"context":{"page_title":null,"page_url":null,"page_entity_id":null,"content_hierarchy":[]},"links":[[[{"start":0,"end":8,"url":null,"entity_id":"Q1117932","candidates":[]}],[],[]],[[{"start":0,"end":8,"url":null,"entity_id":"Q1116289","candidates":[]}],[],[]],[[{"start":0,"end":8,"url":null,"entity_id":"Q1109628","candidates":[]}],[],[]],[[{"start":0,"end":8,"url":null,"entity_id":"Q1109362","candidates":[]}],[],[]],[[{"start":0,"end":8,"url":null,"entity_id":"Q1106594","candidates":[]}],[],[]],[[{"start":0,"end":8,"url":null,"entity_id":"Q1105420","candidates":[]}],[],[]],[[{"start":0,"end":8,"url":null,"entity_id":"Q1104921","candidates":[]}],[],[]],[[{"start":0,"end":8,"url":null,"entity_id":"Q1048267","candidates":[]}],[],[]],[[{"start":0,"end":22,"url":null,"entity_id":"Q733508","candidates":[]}],[],[]],[[{"start":0,"end":13,"url":null,"entity_id":"Q201968","candidates":[]}],[],[]],[[{"start":0,"end":21,"url":null,"entity_id":"Q86965189","candidates":[]}],[],[]],[[{"start":0,"end":13,"url":null,"entity_id":"Q86934069","candidates":[]}],[],[]],[[{"start":0,"end":13,"url":null,"entity_id":"Q86934016","candidates":[]}],[],[]],[[{"start":0,"end":21,"url":null,"entity_id":"Q86933966","candidates":[]}],[],[]],[[{"start":0,"end":21,"url":null,"entity_id":"Q86816887","candidates":[]}],[],[]],[[{"start":0,"end":9,"url":null,"entity_id":"Q86807914","candidates":[]}],[],[]],[[{"start":0,"end":19,"url":null,"entity_id":"Q86728780","candidates":[]}],[],[]],[[{"start":0,"end":17,"url":null,"entity_id":"Q86728580","candidates":[]}],[],[]],[[{"start":0,"end":23,"url":null,"entity_id":"Q86701131","candidates":[]}],[],[]],[[{"start":0,"end":15,"url":null,"entity_id":"Q86565618","candidates":[]}],[],[]]]}