{"version":"1.2","table":{"version":"2","table_id":"Y4CRN83Q","columns":[{"index":0,"name":"col0","values":["V* V2277 Cyg","CD-31 9953","CD-31 18878","CD-24 5930","CD-46 2247","KOI-6578","SV* HV 1659","V* V422 CMa","V* V474 Cyg","Smethells 41","CPD-79 110","V* V1297 Sco","V* CG Scl","V* V377 Car","V* V477 Car","V* QR Hya","V* V621 Per","V* BO Pav","V* V607 Aur","NSV 3161"]},{"index":1,"name":"col1","values":["10.47","11.51","12.29","10.56","11.2","11.618","16.23","8.94","10.7","11.56","10.17","9.29","8.67","8.11","8.41","8.399","9.4","9.423","10.43","12.11"]},{"index":2,"name":"col2","values":["160","12.7","21.9","6.5","41","282","229","95","122","14.8","5.6","48","5.4","95","88","13","51","9","30.2","16.5"]}]},"context":{"page_title":null,"page_url":null,"page_entity_id":null,"content_hierarchy":[]},"links":[[[{"start":0,"end":12,"url":null,"entity_id":"Q87011207","candidates":[]}],[],[]],[[{"start":0,"end":10,"url":null,"entity_id":"Q86970894","candidates":[]}],[],[]],[[{"start":0,"end":11,"url":null,"entity_id":"Q86970765","candidates":[]}],[],[]],[[{"start":0,"end":10,"url":null,"entity_id":"Q86970741","candidates":[]}],[],[]],[[{"start":0,"end":10,"url":null,"entity_id":"Q86970732","candidates":[]}],[],[]],[[{"start":0,"end":8,"url":null,"entity_id":"Q86720056","candidates":[]}],[],[]],[[{"start":0,"end":11,"url":null,"entity_id":"Q86711361","candidates":[]}],[],[]],[[{"start":0,"end":11,"url":null,"entity_id":"Q86703742","candidates":[]}],[],[]],[[{"start":0,"end":11,"url":null,"entity_id":"Q86655035","candidates":[]}],[],[]],[[{"start":0,"end":12,"url":null,"entity_id":"Q86649739","candidates":[]}],[],[]],[[{"start":0,"end":10,"url":null,"entity_id":"Q86309863","candidates":[]}],[],[]],[[{"start":0,"end":12,"url":null,"entity_id":"Q86246708","candidates":[]}],[],[]],[[{"start":0,"end":9,"url":null,"entity_id":"Q86121170","candidates":[]}],[],[]],[[{"start":0,"end":11,"url":null,"entity_id":"Q85947436","candidates":[]}],[],[]],[[{"start":0,"end":11,"url":null,"entity_id":"Q85617366","candidates":[]}],[],[]],[[{"start":0,"end":9,"url":null,"entity_id":"Q85400095","candidates":[]}],[],[]],[[{"start":0,"end":11,"url":null,"entity_id":"Q85390424","candidates":[]}],[],[]],[[{"start":0,"end":9,"url":null,"entity_id":"Q83833650","candidates":[]}],[],[]],[[{"start":0,"end":11,"url":null,"entity_id":"Q83561465","candidates":[]}],[],[]],[[{"start":0,"end":8,"url":null,"entity_id":"Q82344422","candidates":[]}],[],[]]]}