{"version":"1.2","table":{"version":"2","table_id":"Y5P0L2PU","columns":[{"index":0,"name":"col0","values":["canton of L'Île-d'Yeu","canton of Luzech","canton of Gisors","canton of Bar-sur-Aube","canton of Berck","canton of Sillé-le-Guillaume","canton of Bourbonne-les-Bains","canton of Saint-Maximin-la-Sainte-Baume","canton of Mareuil-sur-Lay-Dissais","canton of Pont-Sainte-Maxence","canton of Gannat","canton of Plancoët","canton of Mauléon","canton of Saint-Léonard-de-Noblat","canton of Canourgue","canton of Thury-Harcourt","canton of Saint-Astier","canton of Valence","canton of Pontorson","canton of Machecoul"]},{"index":1,"name":"col1","values":["4809","10139","30472","13925","35448","30590","9062","50524","33062","31544","19821","19008","23302","16703","6567","24197","17373","13360","17579","40453"]},{"index":2,"name":"col2","values":["23.32","171.34","158.2","585.1","231.85","205.27","238.64","301.79","504.55","13926","140.67","160.99","523.55","257.01","198.96","187.93","227.56","125","127.86","486.29"]}]},"context":{"page_title":null,"page_url":null,"page_entity_id":null,"content_hierarchy":[]},"links":[[[{"start":0,"end":21,"url":null,"entity_id":"Q541287","candidates":[]}],[],[]],[[{"start":0,"end":16,"url":null,"entity_id":"Q539001","candidates":[]}],[],[]],[[{"start":0,"end":16,"url":null,"entity_id":"Q538074","candidates":[]}],[],[]],[[{"start":0,"end":22,"url":null,"entity_id":"Q535865","candidates":[]}],[],[]],[[{"start":0,"end":15,"url":null,"entity_id":"Q534586","candidates":[]}],[],[]],[[{"start":0,"end":28,"url":null,"entity_id":"Q533185","candidates":[]}],[],[]],[[{"start":0,"end":29,"url":null,"entity_id":"Q531643","candidates":[]}],[],[]],[[{"start":0,"end":39,"url":null,"entity_id":"Q527852","candidates":[]}],[],[]],[[{"start":0,"end":33,"url":null,"entity_id":"Q527577","candidates":[]}],[],[]],[[{"start":0,"end":29,"url":null,"entity_id":"Q523955","candidates":[]}],[],[]],[[{"start":0,"end":16,"url":null,"entity_id":"Q522616","candidates":[]}],[],[]],[[{"start":0,"end":18,"url":null,"entity_id":"Q520371","candidates":[]}],[],[]],[[{"start":0,"end":17,"url":null,"entity_id":"Q519412","candidates":[]}],[],[]],[[{"start":0,"end":33,"url":null,"entity_id":"Q518174","candidates":[]}],[],[]],[[{"start":0,"end":19,"url":null,"entity_id":"Q514963","candidates":[]}],[],[]],[[{"start":0,"end":24,"url":null,"entity_id":"Q507969","candidates":[]}],[],[]],[[{"start":0,"end":22,"url":null,"entity_id":"Q507681","candidates":[]}],[],[]],[[{"start":0,"end":17,"url":null,"entity_id":"Q507213","candidates":[]}],[],[]],[[{"start":0,"end":19,"url":null,"entity_id":"Q478090","candidates":[]}],[],[]],[[{"start":0,"end":19,"url":null,"entity_id":"Q477947","candidates":[]}],[],[]]]}