{"version":"1.2","table":{"version":"2","table_id":"Y6FIJOBD","columns":[{"index":0,"name":"col0","values":["Katharinestkft","Almshouse The Seven Slepers","Fred C. Caldwin Memorial Home","Bytam School","Thf Almshouse","New Yok Congregational Home for the Aged","Fan Crusellas","voormalig rusthuis OLV vanBijstand","Associction Residence Nursing Home","Old Men's Dlmshouse","Bruderhaws","Anna Leyis Mann Old People's Home","Heilig-Geist-Hospiwal","Marthajaus","RoseManor","Vila Ensi","AltenheimSeevorstadt-Ost","Auustinum Hamburg","Maygüez Municipal Asylum","Cambridge Home for theAged and Infirm"]},{"index":1,"name":"col1","values":["Belgium","Belgium","United States of America","United States of America","United States of America","United States of America","Spain","Belgium","United States of America","Netherlands","Germany","United States of America","Germany","Germany","Canada","Finland","Germany","Germany","United States of America","United States of America"]},{"index":2,"name":"col2","values":["Lontzen","Leuven","Maui County","Greenwich","Richmond","Brooklyn","Artés","Kortrijk","Manhattan","Breda","Ravensburg","Portland","Lübeck","Halle (Saale)","Victoria","Helsinki","Dresden","Altona","Puerto Rico","Massachusetts"]}]},"context":{"page_title":null,"page_url":null,"page_entity_id":null,"content_hierarchy":[]},"links":[[[{"start":0,"end":14,"url":null,"entity_id":"Q52160939","candidates":[]}],[{"start":0,"end":7,"url":null,"entity_id":"Q31","candidates":[]}],[{"start":0,"end":7,"url":null,"entity_id":"Q159958","candidates":[]}]],[[{"start":0,"end":27,"url":null,"entity_id":"Q55362374","candidates":[]}],[{"start":0,"end":7,"url":null,"entity_id":"Q31","candidates":[]}],[{"start":0,"end":6,"url":null,"entity_id":"Q118958","candidates":[]}]],[[{"start":0,"end":29,"url":null,"entity_id":"Q16891429","candidates":[]}],[{"start":0,"end":24,"url":null,"entity_id":"Q30","candidates":[]}],[{"start":0,"end":11,"url":null,"entity_id":"Q111409","candidates":[]}]],[[{"start":0,"end":12,"url":null,"entity_id":"Q5004202","candidates":[]}],[{"start":0,"end":24,"url":null,"entity_id":"Q30","candidates":[]}],[{"start":0,"end":9,"url":null,"entity_id":"Q49202","candidates":[]}]],[[{"start":0,"end":13,"url":null,"entity_id":"Q16159645","candidates":[]}],[{"start":0,"end":24,"url":null,"entity_id":"Q30","candidates":[]}],[{"start":0,"end":8,"url":null,"entity_id":"Q43421","candidates":[]}]],[[{"start":0,"end":40,"url":null,"entity_id":"Q7013392","candidates":[]}],[{"start":0,"end":24,"url":null,"entity_id":"Q30","candidates":[]}],[{"start":0,"end":8,"url":null,"entity_id":"Q18419","candidates":[]}]],[[{"start":0,"end":13,"url":null,"entity_id":"Q21730654","candidates":[]}],[{"start":0,"end":5,"url":null,"entity_id":"Q29","candidates":[]}],[{"start":0,"end":5,"url":null,"entity_id":"Q16677","candidates":[]}]],[[{"start":0,"end":34,"url":null,"entity_id":"Q33100520","candidates":[]}],[{"start":0,"end":7,"url":null,"entity_id":"Q31","candidates":[]}],[{"start":0,"end":8,"url":null,"entity_id":"Q12995","candidates":[]}]],[[{"start":0,"end":34,"url":null,"entity_id":"Q4809305","candidates":[]}],[{"start":0,"end":24,"url":null,"entity_id":"Q30","candidates":[]}],[{"start":0,"end":9,"url":null,"entity_id":"Q11299","candidates":[]}]],[[{"start":0,"end":19,"url":null,"entity_id":"Q2090944","candidates":[]}],[{"start":0,"end":11,"url":null,"entity_id":"Q55","candidates":[]}],[{"start":0,"end":5,"url":null,"entity_id":"Q9822","candidates":[]}]],[[{"start":0,"end":10,"url":null,"entity_id":"Q34338404","candidates":[]}],[{"start":0,"end":7,"url":null,"entity_id":"Q183","candidates":[]}],[{"start":0,"end":10,"url":null,"entity_id":"Q6832","candidates":[]}]],[[{"start":0,"end":33,"url":null,"entity_id":"Q4767220","candidates":[]}],[{"start":0,"end":24,"url":null,"entity_id":"Q30","candidates":[]}],[{"start":0,"end":8,"url":null,"entity_id":"Q6106","candidates":[]}]],[[{"start":0,"end":21,"url":null,"entity_id":"Q317608","candidates":[]}],[{"start":0,"end":7,"url":null,"entity_id":"Q183","candidates":[]}],[{"start":0,"end":6,"url":null,"entity_id":"Q2843","candidates":[]}]],[[{"start":0,"end":10,"url":null,"entity_id":"Q42298133","candidates":[]}],[{"start":0,"end":7,"url":null,"entity_id":"Q183","candidates":[]}],[{"start":0,"end":13,"url":null,"entity_id":"Q2814","candidates":[]}]],[[{"start":0,"end":9,"url":null,"entity_id":"Q54940735","candidates":[]}],[{"start":0,"end":6,"url":null,"entity_id":"Q16","candidates":[]}],[{"start":0,"end":8,"url":null,"entity_id":"Q2132","candidates":[]}]],[[{"start":0,"end":9,"url":null,"entity_id":"Q10715459","candidates":[]}],[{"start":0,"end":7,"url":null,"entity_id":"Q33","candidates":[]}],[{"start":0,"end":8,"url":null,"entity_id":"Q1757","candidates":[]}]],[[{"start":0,"end":24,"url":null,"entity_id":"Q437210","candidates":[]}],[{"start":0,"end":7,"url":null,"entity_id":"Q183","candidates":[]}],[{"start":0,"end":7,"url":null,"entity_id":"Q1731","candidates":[]}]],[[{"start":0,"end":17,"url":null,"entity_id":"Q18410459","candidates":[]}],[{"start":0,"end":7,"url":null,"entity_id":"Q183","candidates":[]}],[{"start":0,"end":6,"url":null,"entity_id":"Q1630","candidates":[]}]],[[{"start":0,"end":24,"url":null,"entity_id":"Q4806954","candidates":[]}],[{"start":0,"end":24,"url":null,"entity_id":"Q30","candidates":[]}],[{"start":0,"end":11,"url":null,"entity_id":"Q1183","candidates":[]}]],[[{"start":0,"end":37,"url":null,"entity_id":"Q5025444","candidates":[]}],[{"start":0,"end":24,"url":null,"entity_id":"Q30","candidates":[]}],[{"start":0,"end":13,"url":null,"entity_id":"Q771","candidates":[]}]]]}