{"version":"1.2","table":{"version":"2","table_id":"Y7MFXX44","columns":[{"index":0,"name":"col0","values":["Ahtopol","Shëngjin","Anapa","Özdere","Ein Bokek","Chernomorets","Primorsko","Tsarevo","Himarë","Sarandë","Putbus","Heringsdorf","Sellin","Binz","Ueckermünde","Eckernförde","Paramé","Rockanje","Huisduinen","Egmond aan Zee"]},{"index":1,"name":"col1","values":["Bulgaria","Albania","Russia","Turkey","Israel","Bulgaria","Bulgaria","Bulgaria","Albania","Albania","Germany","Germany","Germany","Germany","Germany","Germany","France","Netherlands","Netherlands","Netherlands"]},{"index":2,"name":"col2","values":["Eastern European Time","Central European Time","UTC+03:00","UTC+03:00","UTC+02:00","UTC+02:00","UTC+02:00","UTC+02:00","UTC+01:00","UTC+01:00","UTC+01:00","UTC+01:00","UTC+01:00","UTC+01:00","UTC+01:00","UTC+01:00","UTC+01:00","UTC+01:00","UTC+01:00","UTC+01:00"]}]},"context":{"page_title":null,"page_url":null,"page_entity_id":null,"content_hierarchy":[]},"links":[[[{"start":0,"end":7,"url":null,"entity_id":"Q341027","candidates":[]}],[{"start":0,"end":8,"url":null,"entity_id":"Q219","candidates":[]}],[{"start":0,"end":21,"url":null,"entity_id":"Q190252","candidates":[]}]],[[{"start":0,"end":8,"url":null,"entity_id":"Q606485","candidates":[]}],[{"start":0,"end":7,"url":null,"entity_id":"Q222","candidates":[]}],[{"start":0,"end":21,"url":null,"entity_id":"Q25989","candidates":[]}]],[[{"start":0,"end":5,"url":null,"entity_id":"Q15758","candidates":[]}],[{"start":0,"end":6,"url":null,"entity_id":"Q159","candidates":[]}],[{"start":0,"end":9,"url":null,"entity_id":"Q6760","candidates":[]}]],[[{"start":0,"end":6,"url":null,"entity_id":"Q307775","candidates":[]}],[{"start":0,"end":6,"url":null,"entity_id":"Q43","candidates":[]}],[{"start":0,"end":9,"url":null,"entity_id":"Q6760","candidates":[]}]],[[{"start":0,"end":9,"url":null,"entity_id":"Q679158","candidates":[]}],[{"start":0,"end":6,"url":null,"entity_id":"Q801","candidates":[]}],[{"start":0,"end":9,"url":null,"entity_id":"Q6723","candidates":[]}]],[[{"start":0,"end":12,"url":null,"entity_id":"Q1022281","candidates":[]}],[{"start":0,"end":8,"url":null,"entity_id":"Q219","candidates":[]}],[{"start":0,"end":9,"url":null,"entity_id":"Q6723","candidates":[]}]],[[{"start":0,"end":9,"url":null,"entity_id":"Q405153","candidates":[]}],[{"start":0,"end":8,"url":null,"entity_id":"Q219","candidates":[]}],[{"start":0,"end":9,"url":null,"entity_id":"Q6723","candidates":[]}]],[[{"start":0,"end":7,"url":null,"entity_id":"Q147938","candidates":[]}],[{"start":0,"end":8,"url":null,"entity_id":"Q219","candidates":[]}],[{"start":0,"end":9,"url":null,"entity_id":"Q6723","candidates":[]}]],[[{"start":0,"end":6,"url":null,"entity_id":"Q622764","candidates":[]}],[{"start":0,"end":7,"url":null,"entity_id":"Q222","candidates":[]}],[{"start":0,"end":9,"url":null,"entity_id":"Q6655","candidates":[]}]],[[{"start":0,"end":7,"url":null,"entity_id":"Q193226","candidates":[]}],[{"start":0,"end":7,"url":null,"entity_id":"Q222","candidates":[]}],[{"start":0,"end":9,"url":null,"entity_id":"Q6655","candidates":[]}]],[[{"start":0,"end":6,"url":null,"entity_id":"Q572006","candidates":[]}],[{"start":0,"end":7,"url":null,"entity_id":"Q183","candidates":[]}],[{"start":0,"end":9,"url":null,"entity_id":"Q6655","candidates":[]}]],[[{"start":0,"end":11,"url":null,"entity_id":"Q543232","candidates":[]}],[{"start":0,"end":7,"url":null,"entity_id":"Q183","candidates":[]}],[{"start":0,"end":9,"url":null,"entity_id":"Q6655","candidates":[]}]],[[{"start":0,"end":6,"url":null,"entity_id":"Q541654","candidates":[]}],[{"start":0,"end":7,"url":null,"entity_id":"Q183","candidates":[]}],[{"start":0,"end":9,"url":null,"entity_id":"Q6655","candidates":[]}]],[[{"start":0,"end":4,"url":null,"entity_id":"Q523490","candidates":[]}],[{"start":0,"end":7,"url":null,"entity_id":"Q183","candidates":[]}],[{"start":0,"end":9,"url":null,"entity_id":"Q6655","candidates":[]}]],[[{"start":0,"end":11,"url":null,"entity_id":"Q506700","candidates":[]}],[{"start":0,"end":7,"url":null,"entity_id":"Q183","candidates":[]}],[{"start":0,"end":9,"url":null,"entity_id":"Q6655","candidates":[]}]],[[{"start":0,"end":11,"url":null,"entity_id":"Q490453","candidates":[]}],[{"start":0,"end":7,"url":null,"entity_id":"Q183","candidates":[]}],[{"start":0,"end":9,"url":null,"entity_id":"Q6655","candidates":[]}]],[[{"start":0,"end":6,"url":null,"entity_id":"Q3363559","candidates":[]}],[{"start":0,"end":6,"url":null,"entity_id":"Q142","candidates":[]}],[{"start":0,"end":9,"url":null,"entity_id":"Q6655","candidates":[]}]],[[{"start":0,"end":8,"url":null,"entity_id":"Q3029661","candidates":[]}],[{"start":0,"end":11,"url":null,"entity_id":"Q55","candidates":[]}],[{"start":0,"end":9,"url":null,"entity_id":"Q6655","candidates":[]}]],[[{"start":0,"end":10,"url":null,"entity_id":"Q2729387","candidates":[]}],[{"start":0,"end":11,"url":null,"entity_id":"Q55","candidates":[]}],[{"start":0,"end":9,"url":null,"entity_id":"Q6655","candidates":[]}]],[[{"start":0,"end":14,"url":null,"entity_id":"Q1616324","candidates":[]}],[{"start":0,"end":11,"url":null,"entity_id":"Q55","candidates":[]}],[{"start":0,"end":9,"url":null,"entity_id":"Q6655","candidates":[]}]]]}