{"version":"1.2","table":{"version":"2","table_id":"Y95CKWKP","columns":[{"index":0,"name":"col0","values":["2018 Pars–Bourges","2017 Paris‖Bourges","2016 Paris–Bqurges","2014 Paris–ourges","2015 Paris–Boutges","2013 Paris–Bqurges","2012 Pari–Bourges","2011 Paris–ourges","010 Paris–Bourges","2008 Paris–Bourgfs","3007 Paris–Bourges","2006!ParisBourges","2005 Paris–Bourge","204 Paris–Bourges","2003 Paris–Dourges","2002 Paris–Bouuges","2001#Paris–Bourges","1999 Paris–Boures","2000 Paris―Bourges","1998 Paris–Bourgs"]},{"index":1,"name":"col1","values":["43.4016","41.455259999999996","41.264496","42.58656","42.38487","41.11107","40.77244","42.51149999999999","41.59677","42.254","40.667626999999996","41.765268","43.281763999999995","46.979194","43.93791399999999","43.56430199999999","44.597626","42.23674","41.121779999999994","420.579"]},{"index":2,"name":"col2","values":["194.8622","192.3441","188.96790000000001","188.5873","191.2515","189.91940000000002","190.7091","191.6636","196.317","195.85440000000003","192.7456","194.49429999999998","196.5","197.286","192.0","205.588","205.965","205.0545","203.81799999999998","205.6"]}]},"context":{"page_title":null,"page_url":null,"page_entity_id":null,"content_hierarchy":[]},"links":[[[{"start":0,"end":17,"url":null,"entity_id":"Q56850391","candidates":[]}],[],[]],[[{"start":0,"end":18,"url":null,"entity_id":"Q41805731","candidates":[]}],[],[]],[[{"start":0,"end":18,"url":null,"entity_id":"Q21078280","candidates":[]}],[],[]],[[{"start":0,"end":17,"url":null,"entity_id":"Q18398218","candidates":[]}],[],[]],[[{"start":0,"end":18,"url":null,"entity_id":"Q18326357","candidates":[]}],[],[]],[[{"start":0,"end":18,"url":null,"entity_id":"Q15880528","candidates":[]}],[],[]],[[{"start":0,"end":17,"url":null,"entity_id":"Q3895886","candidates":[]}],[],[]],[[{"start":0,"end":17,"url":null,"entity_id":"Q3895885","candidates":[]}],[],[]],[[{"start":0,"end":17,"url":null,"entity_id":"Q3895884","candidates":[]}],[],[]],[[{"start":0,"end":18,"url":null,"entity_id":"Q3895882","candidates":[]}],[],[]],[[{"start":0,"end":18,"url":null,"entity_id":"Q3895881","candidates":[]}],[],[]],[[{"start":0,"end":17,"url":null,"entity_id":"Q3895880","candidates":[]}],[],[]],[[{"start":0,"end":17,"url":null,"entity_id":"Q3895879","candidates":[]}],[],[]],[[{"start":0,"end":17,"url":null,"entity_id":"Q3895878","candidates":[]}],[],[]],[[{"start":0,"end":18,"url":null,"entity_id":"Q3895876","candidates":[]}],[],[]],[[{"start":0,"end":18,"url":null,"entity_id":"Q3895875","candidates":[]}],[],[]],[[{"start":0,"end":18,"url":null,"entity_id":"Q3895874","candidates":[]}],[],[]],[[{"start":0,"end":17,"url":null,"entity_id":"Q3895872","candidates":[]}],[],[]],[[{"start":0,"end":18,"url":null,"entity_id":"Q3895871","candidates":[]}],[],[]],[[{"start":0,"end":17,"url":null,"entity_id":"Q3895870","candidates":[]}],[],[]]]}