{"version":"1.2","table":{"version":"2","table_id":"YBW71BJW","columns":[{"index":0,"name":"col0","values":["Spellemannprisen 1995","Spellemannprisen 1991","Spellemannprisen 1990","Spellemannprisen 1987","Spellemannprisen 1982","Spellemannprisen 1979","Spellemannprisen 1980","Spellemannprisen 1981","Spellemannprisen 1975","Spellemannprisen 1976","Spellemannprisen 1978","Spellemannprisen 1974","Spellemannprisen 2009","Spellemannprisen 2008","Spellemannprisen 2000","Spellemannprisen 2004","Spellemannprisen 1999","Spellemannprisen 1996","Spellemannprisen 1994","Spellemannprisen 1992"]},{"index":1,"name":"col1","values":["Spellemannprisen","Spellemannprisen","Spellemannprisen","Spellemannprisen","Spellemannprisen","Spellemannprisen","Spellemannprisen","Spellemannprisen","Spellemannprisen","Spellemannprisen","Spellemannprisen","Spellemannprisen","Spellemannprisen","Spellemannprisen","Spellemannprisen","Spellemannprisen","Spellemannprisen","Spellemannprisen","Spellemannprisen","Spellemannprisen"]},{"index":2,"name":"col2","values":["Chateau Neuf","Chateau Neuf","Chateau Neuf","Chateau Neuf","Chateau Neuf","Chateau Neuf","Chateau Neuf","Chateau Neuf","Chateau Neuf","Chateau Neuf","Chateau Neuf","Chateau Neuf","Oslo Spektrum","Oslo Spektrum","Oslo Spektrum","Oslo Spektrum","Oslo Spektrum","Oslo Spektrum","Håkons Hall","Lillehammer"]}]},"context":{"page_title":null,"page_url":null,"page_entity_id":null,"content_hierarchy":[]},"links":[[[{"start":0,"end":21,"url":null,"entity_id":"Q12002237","candidates":[]}],[{"start":0,"end":16,"url":null,"entity_id":"Q1735864","candidates":[]}],[{"start":0,"end":12,"url":null,"entity_id":"Q1771754","candidates":[]}]],[[{"start":0,"end":21,"url":null,"entity_id":"Q12002232","candidates":[]}],[{"start":0,"end":16,"url":null,"entity_id":"Q1735864","candidates":[]}],[{"start":0,"end":12,"url":null,"entity_id":"Q1771754","candidates":[]}]],[[{"start":0,"end":21,"url":null,"entity_id":"Q12002231","candidates":[]}],[{"start":0,"end":16,"url":null,"entity_id":"Q1735864","candidates":[]}],[{"start":0,"end":12,"url":null,"entity_id":"Q1771754","candidates":[]}]],[[{"start":0,"end":21,"url":null,"entity_id":"Q12002229","candidates":[]}],[{"start":0,"end":16,"url":null,"entity_id":"Q1735864","candidates":[]}],[{"start":0,"end":12,"url":null,"entity_id":"Q1771754","candidates":[]}]],[[{"start":0,"end":21,"url":null,"entity_id":"Q12002228","candidates":[]}],[{"start":0,"end":16,"url":null,"entity_id":"Q1735864","candidates":[]}],[{"start":0,"end":12,"url":null,"entity_id":"Q1771754","candidates":[]}]],[[{"start":0,"end":21,"url":null,"entity_id":"Q12002224","candidates":[]}],[{"start":0,"end":16,"url":null,"entity_id":"Q1735864","candidates":[]}],[{"start":0,"end":12,"url":null,"entity_id":"Q1771754","candidates":[]}]],[[{"start":0,"end":21,"url":null,"entity_id":"Q12002223","candidates":[]}],[{"start":0,"end":16,"url":null,"entity_id":"Q1735864","candidates":[]}],[{"start":0,"end":12,"url":null,"entity_id":"Q1771754","candidates":[]}]],[[{"start":0,"end":21,"url":null,"entity_id":"Q12002222","candidates":[]}],[{"start":0,"end":16,"url":null,"entity_id":"Q1735864","candidates":[]}],[{"start":0,"end":12,"url":null,"entity_id":"Q1771754","candidates":[]}]],[[{"start":0,"end":21,"url":null,"entity_id":"Q12002221","candidates":[]}],[{"start":0,"end":16,"url":null,"entity_id":"Q1735864","candidates":[]}],[{"start":0,"end":12,"url":null,"entity_id":"Q1771754","candidates":[]}]],[[{"start":0,"end":21,"url":null,"entity_id":"Q12002220","candidates":[]}],[{"start":0,"end":16,"url":null,"entity_id":"Q1735864","candidates":[]}],[{"start":0,"end":12,"url":null,"entity_id":"Q1771754","candidates":[]}]],[[{"start":0,"end":21,"url":null,"entity_id":"Q12002219","candidates":[]}],[{"start":0,"end":16,"url":null,"entity_id":"Q1735864","candidates":[]}],[{"start":0,"end":12,"url":null,"entity_id":"Q1771754","candidates":[]}]],[[{"start":0,"end":21,"url":null,"entity_id":"Q12002217","candidates":[]}],[{"start":0,"end":16,"url":null,"entity_id":"Q1735864","candidates":[]}],[{"start":0,"end":12,"url":null,"entity_id":"Q1771754","candidates":[]}]],[[{"start":0,"end":21,"url":null,"entity_id":"Q12002248","candidates":[]}],[{"start":0,"end":16,"url":null,"entity_id":"Q1735864","candidates":[]}],[{"start":0,"end":13,"url":null,"entity_id":"Q1508325","candidates":[]}]],[[{"start":0,"end":21,"url":null,"entity_id":"Q12002246","candidates":[]}],[{"start":0,"end":16,"url":null,"entity_id":"Q1735864","candidates":[]}],[{"start":0,"end":13,"url":null,"entity_id":"Q1508325","candidates":[]}]],[[{"start":0,"end":21,"url":null,"entity_id":"Q12002245","candidates":[]}],[{"start":0,"end":16,"url":null,"entity_id":"Q1735864","candidates":[]}],[{"start":0,"end":13,"url":null,"entity_id":"Q1508325","candidates":[]}]],[[{"start":0,"end":21,"url":null,"entity_id":"Q12002244","candidates":[]}],[{"start":0,"end":16,"url":null,"entity_id":"Q1735864","candidates":[]}],[{"start":0,"end":13,"url":null,"entity_id":"Q1508325","candidates":[]}]],[[{"start":0,"end":21,"url":null,"entity_id":"Q12002241","candidates":[]}],[{"start":0,"end":16,"url":null,"entity_id":"Q1735864","candidates":[]}],[{"start":0,"end":13,"url":null,"entity_id":"Q1508325","candidates":[]}]],[[{"start":0,"end":21,"url":null,"entity_id":"Q12002238","candidates":[]}],[{"start":0,"end":16,"url":null,"entity_id":"Q1735864","candidates":[]}],[{"start":0,"end":13,"url":null,"entity_id":"Q1508325","candidates":[]}]],[[{"start":0,"end":21,"url":null,"entity_id":"Q12002239","candidates":[]}],[{"start":0,"end":16,"url":null,"entity_id":"Q1735864","candidates":[]}],[{"start":0,"end":11,"url":null,"entity_id":"Q1305305","candidates":[]}]],[[{"start":0,"end":21,"url":null,"entity_id":"Q12002236","candidates":[]}],[{"start":0,"end":16,"url":null,"entity_id":"Q1735864","candidates":[]}],[{"start":0,"end":11,"url":null,"entity_id":"Q101341","candidates":[]}]]]}