{"version":"1.2","table":{"version":"2","table_id":"YH3ISL13","columns":[{"index":0,"name":"col0","values":["Mizil","Cernavodă","Mioveni","Otopeni","Tășnad","Jibou","Buziaș","Năsăud","Băile Herculane","Pogoanele","Solca","Vișeu de Sus","Murfatlar","Vălenii de Munte","Pucioasa","Siret","Eforie","Bumbești-Jiu","Mărășești","Boldești-Scăeni"]},{"index":1,"name":"col1","values":["14312","17022","31998","13861","8631","10407","7023","9587","5008","7275","2188","15037","10216","11707","14254","7976","9473","8932","10671","11137"]},{"index":2,"name":"col2","values":["19.31","46.69","50.79","32","96.6","35.78","105.2","43.25","105.48","122","64.63","443.06","69.25","21.59","42.59","43.4","9.22","210","92","34.89"]},{"index":3,"name":"col3","values":["125","50","417","91","190","220","128","330","168","63","509","427","90","350","397","325","5","400","63","205"]}]},"context":{"page_title":null,"page_url":null,"page_entity_id":null,"content_hierarchy":[]},"links":[[[{"start":0,"end":5,"url":null,"entity_id":"Q737830","candidates":[]}],[],[],[]],[[{"start":0,"end":9,"url":null,"entity_id":"Q736276","candidates":[]}],[],[],[]],[[{"start":0,"end":7,"url":null,"entity_id":"Q732851","candidates":[]}],[],[],[]],[[{"start":0,"end":7,"url":null,"entity_id":"Q727421","candidates":[]}],[],[],[]],[[{"start":0,"end":6,"url":null,"entity_id":"Q668701","candidates":[]}],[],[],[]],[[{"start":0,"end":5,"url":null,"entity_id":"Q660417","candidates":[]}],[],[],[]],[[{"start":0,"end":6,"url":null,"entity_id":"Q655818","candidates":[]}],[],[],[]],[[{"start":0,"end":6,"url":null,"entity_id":"Q651322","candidates":[]}],[],[],[]],[[{"start":0,"end":15,"url":null,"entity_id":"Q650981","candidates":[]}],[],[],[]],[[{"start":0,"end":9,"url":null,"entity_id":"Q610341","candidates":[]}],[],[],[]],[[{"start":0,"end":5,"url":null,"entity_id":"Q602184","candidates":[]}],[],[],[]],[[{"start":0,"end":12,"url":null,"entity_id":"Q596609","candidates":[]}],[],[],[]],[[{"start":0,"end":9,"url":null,"entity_id":"Q593157","candidates":[]}],[],[],[]],[[{"start":0,"end":16,"url":null,"entity_id":"Q592497","candidates":[]}],[],[],[]],[[{"start":0,"end":8,"url":null,"entity_id":"Q589880","candidates":[]}],[],[],[]],[[{"start":0,"end":5,"url":null,"entity_id":"Q587746","candidates":[]}],[],[],[]],[[{"start":0,"end":6,"url":null,"entity_id":"Q586387","candidates":[]}],[],[],[]],[[{"start":0,"end":12,"url":null,"entity_id":"Q584531","candidates":[]}],[],[],[]],[[{"start":0,"end":9,"url":null,"entity_id":"Q576804","candidates":[]}],[],[],[]],[[{"start":0,"end":15,"url":null,"entity_id":"Q571769","candidates":[]}],[],[],[]]]}