{"version":"1.2","table":{"version":"2","table_id":"YJP5YQVV","columns":[{"index":0,"name":"col0","values":["Splash Down Waterpark","Water World, Colorado","Wild Island","Wet'n'Wild Las Vegas","Pleasure Island","Wet'n'Wild Phoenix","Wild Waters","Wet'n'Wild Hawaii","Water Country","Whale's Tale Water Park","Wild Rivers","Splash Kingdom Waterpark","Wild Wild Wet","Rattana Resort & Waterpark","Lanta Haven Waterpark","Bahamas Aquaventure Water Park","Bellewaerde Aquapark","Six Flags Zhejiang","O'Gliss Park","Hainan Ocean Paradise"]},{"index":1,"name":"col1","values":["United States of America","United States of America","United States of America","United States of America","United States of America","United States of America","United States of America","United States of America","United States of America","United States of America","United States of America","United States of America","Singapore","Thailand","Thailand","Bahamas","Belgium","People's Republic of China","France","People's Republic of China"]},{"index":2,"name":"col2","values":["Virginia","Colorado","Nevada","Nevada","Michigan","Arizona","Florida","Hawaii","New Hampshire","New Hampshire","California","California","Singapore","Ko Lanta Noi","Ko Lanta Yai","Paradise Island","Zillebeke","Haiyan County","Le Bernard","Lingshui Li Autonomous County"]}]},"context":{"page_title":null,"page_url":null,"page_entity_id":null,"content_hierarchy":[]},"links":[[[{"start":0,"end":21,"url":null,"entity_id":"Q7578373","candidates":[]}],[{"start":0,"end":24,"url":null,"entity_id":"Q30","candidates":[]}],[{"start":0,"end":8,"url":null,"entity_id":"Q1370","candidates":[]}]],[[{"start":0,"end":21,"url":null,"entity_id":"Q7973427","candidates":[]}],[{"start":0,"end":24,"url":null,"entity_id":"Q30","candidates":[]}],[{"start":0,"end":8,"url":null,"entity_id":"Q1261","candidates":[]}]],[[{"start":0,"end":11,"url":null,"entity_id":"Q8000693","candidates":[]}],[{"start":0,"end":24,"url":null,"entity_id":"Q30","candidates":[]}],[{"start":0,"end":6,"url":null,"entity_id":"Q1227","candidates":[]}]],[[{"start":0,"end":20,"url":null,"entity_id":"Q7989943","candidates":[]}],[{"start":0,"end":24,"url":null,"entity_id":"Q30","candidates":[]}],[{"start":0,"end":6,"url":null,"entity_id":"Q1227","candidates":[]}]],[[{"start":0,"end":15,"url":null,"entity_id":"Q7204281","candidates":[]}],[{"start":0,"end":24,"url":null,"entity_id":"Q30","candidates":[]}],[{"start":0,"end":8,"url":null,"entity_id":"Q1166","candidates":[]}]],[[{"start":0,"end":18,"url":null,"entity_id":"Q7989946","candidates":[]}],[{"start":0,"end":24,"url":null,"entity_id":"Q30","candidates":[]}],[{"start":0,"end":7,"url":null,"entity_id":"Q816","candidates":[]}]],[[{"start":0,"end":11,"url":null,"entity_id":"Q8000840","candidates":[]}],[{"start":0,"end":24,"url":null,"entity_id":"Q30","candidates":[]}],[{"start":0,"end":7,"url":null,"entity_id":"Q812","candidates":[]}]],[[{"start":0,"end":17,"url":null,"entity_id":"Q7989945","candidates":[]}],[{"start":0,"end":24,"url":null,"entity_id":"Q30","candidates":[]}],[{"start":0,"end":6,"url":null,"entity_id":"Q782","candidates":[]}]],[[{"start":0,"end":13,"url":null,"entity_id":"Q14705411","candidates":[]}],[{"start":0,"end":24,"url":null,"entity_id":"Q30","candidates":[]}],[{"start":0,"end":13,"url":null,"entity_id":"Q759","candidates":[]}]],[[{"start":0,"end":23,"url":null,"entity_id":"Q7990483","candidates":[]}],[{"start":0,"end":24,"url":null,"entity_id":"Q30","candidates":[]}],[{"start":0,"end":13,"url":null,"entity_id":"Q759","candidates":[]}]],[[{"start":0,"end":11,"url":null,"entity_id":"Q8000777","candidates":[]}],[{"start":0,"end":24,"url":null,"entity_id":"Q30","candidates":[]}],[{"start":0,"end":10,"url":null,"entity_id":"Q99","candidates":[]}]],[[{"start":0,"end":24,"url":null,"entity_id":"Q7578379","candidates":[]}],[{"start":0,"end":24,"url":null,"entity_id":"Q30","candidates":[]}],[{"start":0,"end":10,"url":null,"entity_id":"Q99","candidates":[]}]],[[{"start":0,"end":13,"url":null,"entity_id":"Q8000861","candidates":[]}],[{"start":0,"end":9,"url":null,"entity_id":"Q334","candidates":[]}],[{"start":0,"end":9,"url":null,"entity_id":"Q334","candidates":[]}]],[[{"start":0,"end":26,"url":null,"entity_id":"Q55739036","candidates":[]}],[{"start":0,"end":8,"url":null,"entity_id":"Q869","candidates":[]}],[{"start":0,"end":12,"url":null,"entity_id":"Q17306547","candidates":[]}]],[[{"start":0,"end":21,"url":null,"entity_id":"Q55429944","candidates":[]}],[{"start":0,"end":8,"url":null,"entity_id":"Q869","candidates":[]}],[{"start":0,"end":12,"url":null,"entity_id":"Q16185909","candidates":[]}]],[[{"start":0,"end":30,"url":null,"entity_id":"Q54864470","candidates":[]}],[{"start":0,"end":7,"url":null,"entity_id":"Q778","candidates":[]}],[{"start":0,"end":15,"url":null,"entity_id":"Q3181503","candidates":[]}]],[[{"start":0,"end":20,"url":null,"entity_id":"Q55116138","candidates":[]}],[{"start":0,"end":7,"url":null,"entity_id":"Q31","candidates":[]}],[{"start":0,"end":9,"url":null,"entity_id":"Q2337062","candidates":[]}]],[[{"start":0,"end":18,"url":null,"entity_id":"Q29469142","candidates":[]}],[{"start":0,"end":26,"url":null,"entity_id":"Q148","candidates":[]}],[{"start":0,"end":13,"url":null,"entity_id":"Q1334198","candidates":[]}]],[[{"start":0,"end":12,"url":null,"entity_id":"Q56033897","candidates":[]}],[{"start":0,"end":6,"url":null,"entity_id":"Q142","candidates":[]}],[{"start":0,"end":10,"url":null,"entity_id":"Q1109011","candidates":[]}]],[[{"start":0,"end":21,"url":null,"entity_id":"Q56300348","candidates":[]}],[{"start":0,"end":26,"url":null,"entity_id":"Q148","candidates":[]}],[{"start":0,"end":29,"url":null,"entity_id":"Q944615","candidates":[]}]]]}