{"version":2,"table":{"version":2,"table_id":"28D8RH5T","columns":[{"index":0,"name":"col0","values":["Municipality of Lenart","Municipality of Slovenska Bistrica","Črnomelj Municipality","Zreče Municipality","Municipality of Kidričevo","Radeče Municipality","Ljutomer Municipality","Mirna Peč Municipality"]},{"index":1,"name":"col1","values":["62","260.1","339.7","67","71.5","52","107.2","48"]},{"index":2,"name":"col2","values":["289","","174","396","229","295","241","231"]}]},"context":{"version":3,"page_title":null,"page_url":null,"entities":[],"literals":[],"content_hierarchy":[]},"links":[[[{"version":2,"start":0,"end":22,"url":null,"entities":[{"id":"Q13365883","type":"wikidata"}]}],[],[]],[[{"version":2,"start":0,"end":34,"url":null,"entities":[{"id":"Q11211457","type":"wikidata"}]}],[],[]],[[{"version":2,"start":0,"end":21,"url":null,"entities":[{"id":"Q3482211","type":"wikidata"}]}],[],[]],[[{"version":2,"start":0,"end":18,"url":null,"entities":[{"id":"Q227163","type":"wikidata"}]}],[],[]],[[{"version":2,"start":0,"end":25,"url":null,"entities":[{"id":"Q776770","type":"wikidata"}]}],[],[]],[[{"version":2,"start":0,"end":19,"url":null,"entities":[{"id":"Q13377986","type":"wikidata"}]}],[],[]],[[{"version":2,"start":0,"end":21,"url":null,"entities":[{"id":"Q15892","type":"wikidata"}]}],[],[]],[[{"version":2,"start":0,"end":22,"url":null,"entities":[{"id":"Q1016805","type":"wikidata"}]}],[],[]]]}