{"version":2,"table":{"version":2,"table_id":"2D5VJ7K2","columns":[{"index":0,"name":"col0","values":["Cole","Nanoy","Motono Kusanagi.","Bonk","Trempr","Overt-Kiml"]},{"index":1,"name":"col1","values":["Marvel Universe","Marvel Universe","World of Ghost in the Shell","DC Animated Universe","Image Universe","Image Universe"]},{"index":2,"name":"col2","values":["John Byrne","Louise Simonson","Masamune Shirow","Bruce Timm","Todd McFarlane","Todd McFarlane"]}]},"context":{"version":3,"page_title":null,"page_url":null,"entities":[],"literals":[],"content_hierarchy":[]},"links":[[[{"version":2,"start":0,"end":4,"url":null,"entities":[{"id":"Q112065449","type":"wikidata"}]}],[{"version":2,"start":0,"end":15,"url":null,"entities":[{"id":"Q931597","type":"wikidata"}]}],[{"version":2,"start":0,"end":10,"url":null,"entities":[{"id":"Q475618","type":"wikidata"}]}]],[[{"version":2,"start":0,"end":5,"url":null,"entities":[{"id":"Q111550382","type":"wikidata"}]}],[{"version":2,"start":0,"end":15,"url":null,"entities":[{"id":"Q931597","type":"wikidata"}]}],[{"version":2,"start":0,"end":15,"url":null,"entities":[{"id":"Q469794","type":"wikidata"}]}]],[[{"version":2,"start":0,"end":16,"url":null,"entities":[{"id":"Q6918065","type":"wikidata"}]}],[{"version":2,"start":0,"end":27,"url":null,"entities":[{"id":"Q69297552","type":"wikidata"}]}],[{"version":2,"start":0,"end":15,"url":null,"entities":[{"id":"Q442602","type":"wikidata"}]}]],[[{"version":2,"start":0,"end":4,"url":null,"entities":[{"id":"Q21188992","type":"wikidata"}]}],[{"version":2,"start":0,"end":20,"url":null,"entities":[{"id":"Q900829","type":"wikidata"}]}],[{"version":2,"start":0,"end":10,"url":null,"entities":[{"id":"Q369717","type":"wikidata"}]}]],[[{"version":2,"start":0,"end":6,"url":null,"entities":[{"id":"Q7838177","type":"wikidata"}]}],[{"version":2,"start":0,"end":14,"url":null,"entities":[{"id":"Q6002180","type":"wikidata"}]}],[{"version":2,"start":0,"end":14,"url":null,"entities":[{"id":"Q352460","type":"wikidata"}]}]],[[{"version":2,"start":0,"end":10,"url":null,"entities":[{"id":"Q7113993","type":"wikidata"}]}],[{"version":2,"start":0,"end":14,"url":null,"entities":[{"id":"Q6002180","type":"wikidata"}]}],[{"version":2,"start":0,"end":14,"url":null,"entities":[{"id":"Q352460","type":"wikidata"}]}]]]}