{"version":2,"table":{"version":2,"table_id":"2K19P957","columns":[{"index":0,"name":"col0","values":["Chai Nau","Yala.","sothon","Khon Kan","Chai|aphum","Tak","Trat","Rayog","eon Thani"]},{"index":1,"name":"col1","values":["2509.22973","4530.120156000001","4140.85568","10962.192936999998","12650.50413","16258.990150000001","2821.8189999999995","3573.312","11683.380792"]}]},"context":{"version":3,"page_title":null,"page_url":null,"entities":[],"literals":[],"content_hierarchy":[]},"links":[[[{"version":2,"start":0,"end":8,"url":null,"entities":[{"id":"Q459759","type":"wikidata"}]}],[]],[[{"version":2,"start":0,"end":5,"url":null,"entities":[{"id":"Q242977","type":"wikidata"}]}],[]],[[{"version":2,"start":0,"end":6,"url":null,"entities":[{"id":"Q506598","type":"wikidata"}]}],[]],[[{"version":2,"start":0,"end":8,"url":null,"entities":[{"id":"Q327533","type":"wikidata"}]}],[]],[[{"version":2,"start":0,"end":10,"url":null,"entities":[{"id":"Q275377","type":"wikidata"}]}],[]],[[{"version":2,"start":0,"end":3,"url":null,"entities":[{"id":"Q275758","type":"wikidata"}]}],[]],[[{"version":2,"start":0,"end":4,"url":null,"entities":[{"id":"Q241884","type":"wikidata"}]}],[]],[[{"version":2,"start":0,"end":5,"url":null,"entities":[{"id":"Q335221","type":"wikidata"}]}],[]],[[{"version":2,"start":0,"end":9,"url":null,"entities":[{"id":"Q380752","type":"wikidata"}]}],[]]]}