{"version":2,"table":{"version":2,"table_id":"2LIX1NUR","columns":[{"index":0,"name":"col0","values":["Moto G (2nd generation)","Samsung Galaxy S5"]},{"index":1,"name":"col1","values":["16","32"]}]},"context":{"version":3,"page_title":null,"page_url":null,"entities":[],"literals":[],"content_hierarchy":[]},"links":[[[{"version":2,"start":0,"end":23,"url":null,"entities":[{"id":"Q18152790","type":"wikidata"}]}],[]],[[{"version":2,"start":0,"end":17,"url":null,"entities":[{"id":"Q15618594","type":"wikidata"}]}],[]]]}