{"version":2,"table":{"version":2,"table_id":"2M9J0WQZ","columns":[{"index":0,"name":"col0","values":["RCA Studio A","Konk"]},{"index":1,"name":"col1","values":["Chet Atkins","Ray Davies"]}]},"context":{"version":3,"page_title":null,"page_url":null,"entities":[],"literals":[],"content_hierarchy":[]},"links":[[[{"version":2,"start":0,"end":12,"url":null,"entities":[{"id":"Q54954093","type":"wikidata"}]}],[{"version":2,"start":0,"end":11,"url":null,"entities":[{"id":"Q72096","type":"wikidata"}]}]],[[{"version":2,"start":0,"end":4,"url":null,"entities":[{"id":"Q6429478","type":"wikidata"}]}],[{"version":2,"start":0,"end":10,"url":null,"entities":[{"id":"Q357455","type":"wikidata"}]}]]]}