{"version":2,"table":{"version":2,"table_id":"2TYKJ40P","columns":[{"index":0,"name":"col0","values":["Maurice Schlesinger","Chris Columbus","Charlotte Guillard","Domoslav","Martin Haase"]},{"index":1,"name":"col1","values":["","1984-01-01","1518-01-01","1300-01-01","1992-01-01"]},{"index":2,"name":"col2","values":["1871-02-25","","1557-01-01","1399-01-01",""]}]},"context":{"version":3,"page_title":null,"page_url":null,"entities":[],"literals":[],"content_hierarchy":[]},"links":[[[{"version":2,"start":0,"end":19,"url":null,"entities":[{"id":"Q70457","type":"wikidata"}]}],[],[]],[[{"version":2,"start":0,"end":14,"url":null,"entities":[{"id":"Q75079","type":"wikidata"}]}],[],[]],[[{"version":2,"start":0,"end":18,"url":null,"entities":[{"id":"Q137338","type":"wikidata"}]}],[],[]],[[{"version":2,"start":0,"end":8,"url":null,"entities":[{"id":"Q11820232","type":"wikidata"}]}],[],[]],[[{"version":2,"start":0,"end":12,"url":null,"entities":[{"id":"Q96922","type":"wikidata"}]}],[],[]]]}