{"version":2,"table":{"version":2,"table_id":"3382OYYM","columns":[{"index":0,"name":"col0","values":["Coll dels Cocons","Coll de l'Erola (Collserola)","Bocchetta di Lenno","Colma Prabello"]},{"index":1,"name":"col1","values":["109","396","1497","1201"]}]},"context":{"version":3,"page_title":null,"page_url":null,"entities":[],"literals":[],"content_hierarchy":[]},"links":[[[{"version":2,"start":0,"end":16,"url":null,"entities":[{"id":"Q116460659","type":"wikidata"}]}],[]],[[{"version":2,"start":0,"end":28,"url":null,"entities":[{"id":"Q115710262","type":"wikidata"}]}],[]],[[{"version":2,"start":0,"end":18,"url":null,"entities":[{"id":"Q113673108","type":"wikidata"}]}],[]],[[{"version":2,"start":0,"end":14,"url":null,"entities":[{"id":"Q113626533","type":"wikidata"}]}],[]]]}