{"version":2,"table":{"version":2,"table_id":"36P2431Z","columns":[{"index":0,"name":"col0","values":["Christ Carrying the Cross","May"]},{"index":1,"name":"col1","values":["28.3","21"]},{"index":2,"name":"col2","values":["37.9","29"]}]},"context":{"version":3,"page_title":null,"page_url":null,"entities":[],"literals":[],"content_hierarchy":[]},"links":[[[{"version":2,"start":0,"end":25,"url":null,"entities":[{"id":"Q19818313","type":"wikidata"}]}],[],[]],[[{"version":2,"start":0,"end":3,"url":null,"entities":[{"id":"Q16941160","type":"wikidata"}]}],[],[]]]}