{"version":2,"table":{"version":2,"table_id":"36RZPNRX","columns":[{"index":0,"name":"col0","values":["Leaders in American Science","Danmarks Stednavne","The Woods","The CIO news","United States Statutes at Large","Vejledning fra Miljøstyrelsen","Annaes de Sciencias Naturaes"]},{"index":1,"name":"col1","values":["1953-01-01","1922-01-01","","1942-01-01","1845-01-01","","1894-01-01"]},{"index":2,"name":"col2","values":["United States of America","Denmark","United States of America","United States of America","United States of America","Denmark","Portugal"]},{"index":3,"name":"col3","values":["","","Boom! Studios","","United States Government Publishing Office","Environmental Protection Agency",""]}]},"context":{"version":3,"page_title":null,"page_url":null,"entities":[],"literals":[],"content_hierarchy":[]},"links":[[[{"version":2,"start":0,"end":27,"url":null,"entities":[{"id":"Q100998598","type":"wikidata"}]}],[],[{"version":2,"start":0,"end":24,"url":null,"entities":[{"id":"Q30","type":"wikidata"}]}],[]],[[{"version":2,"start":0,"end":18,"url":null,"entities":[{"id":"Q12307265","type":"wikidata"}]}],[],[{"version":2,"start":0,"end":7,"url":null,"entities":[{"id":"Q35","type":"wikidata"}]}],[]],[[{"version":2,"start":0,"end":9,"url":null,"entities":[{"id":"Q55390521","type":"wikidata"}]}],[],[{"version":2,"start":0,"end":24,"url":null,"entities":[{"id":"Q30","type":"wikidata"}]}],[{"version":2,"start":0,"end":13,"url":null,"entities":[{"id":"Q4943376","type":"wikidata"}]}]],[[{"version":2,"start":0,"end":12,"url":null,"entities":[{"id":"Q106877176","type":"wikidata"}]}],[],[{"version":2,"start":0,"end":24,"url":null,"entities":[{"id":"Q30","type":"wikidata"}]}],[]],[[{"version":2,"start":0,"end":31,"url":null,"entities":[{"id":"Q909723","type":"wikidata"}]}],[],[{"version":2,"start":0,"end":24,"url":null,"entities":[{"id":"Q30","type":"wikidata"}]}],[{"version":2,"start":0,"end":42,"url":null,"entities":[{"id":"Q2928358","type":"wikidata"}]}]],[[{"version":2,"start":0,"end":29,"url":null,"entities":[{"id":"Q113624779","type":"wikidata"}]}],[],[{"version":2,"start":0,"end":7,"url":null,"entities":[{"id":"Q35","type":"wikidata"}]}],[{"version":2,"start":0,"end":31,"url":null,"entities":[{"id":"Q12327237","type":"wikidata"}]}]],[[{"version":2,"start":0,"end":28,"url":null,"entities":[{"id":"Q22103933","type":"wikidata"}]}],[],[{"version":2,"start":0,"end":8,"url":null,"entities":[{"id":"Q45","type":"wikidata"}]}],[]]]}