{"version":2,"table":{"version":2,"table_id":"36XV26ZJ","columns":[{"index":0,"name":"col0","values":["Kobore-guchi","Kema","The Virgin Worshipped by Angels and Saints","The Coronation of the Virgin","Christ Taking Leave of his Mother","Christ among the Doctors in the Temple","The Rest during the Flight to Egypt"]},{"index":1,"name":"col1","values":["One Hundred Views of Naniwa","One Hundred Views of Naniwa","Life of the Virgin","Life of the Virgin","Life of the Virgin","Life of the Virgin","Life of the Virgin"]},{"index":2,"name":"col2","values":["Kobore-guchi","Kema","The Glorification of the Virgin","The Assumption and Coronation of the Virgin","Christ Taking Leave of His Mother","Christ among the Doctors","The Repose in Egypt"]}]},"context":{"version":3,"page_title":null,"page_url":null,"entities":[],"literals":[],"content_hierarchy":[]},"links":[[[{"version":2,"start":0,"end":12,"url":null,"entities":[{"id":"Q60807324","type":"wikidata"}]}],[{"version":2,"start":0,"end":27,"url":null,"entities":[{"id":"Q60737402","type":"wikidata"}]}],[]],[[{"version":2,"start":0,"end":4,"url":null,"entities":[{"id":"Q60807319","type":"wikidata"}]}],[{"version":2,"start":0,"end":27,"url":null,"entities":[{"id":"Q60737402","type":"wikidata"}]}],[]],[[{"version":2,"start":0,"end":42,"url":null,"entities":[{"id":"Q18338578","type":"wikidata"}]}],[{"version":2,"start":0,"end":18,"url":null,"entities":[{"id":"Q4014884","type":"wikidata"}]}],[]],[[{"version":2,"start":0,"end":28,"url":null,"entities":[{"id":"Q18338577","type":"wikidata"}]}],[{"version":2,"start":0,"end":18,"url":null,"entities":[{"id":"Q4014884","type":"wikidata"}]}],[]],[[{"version":2,"start":0,"end":33,"url":null,"entities":[{"id":"Q18338575","type":"wikidata"}]}],[{"version":2,"start":0,"end":18,"url":null,"entities":[{"id":"Q4014884","type":"wikidata"}]}],[]],[[{"version":2,"start":0,"end":38,"url":null,"entities":[{"id":"Q18338574","type":"wikidata"}]}],[{"version":2,"start":0,"end":18,"url":null,"entities":[{"id":"Q4014884","type":"wikidata"}]}],[]],[[{"version":2,"start":0,"end":35,"url":null,"entities":[{"id":"Q18338573","type":"wikidata"}]}],[{"version":2,"start":0,"end":18,"url":null,"entities":[{"id":"Q4014884","type":"wikidata"}]}],[]]]}