{"version":2,"table":{"version":2,"table_id":"3BU8TJ2E","columns":[{"index":0,"name":"col0","values":["Chom Thong","Bang Bon"]},{"index":1,"name":"col1","values":["36153","107397"]}]},"context":{"version":3,"page_title":null,"page_url":null,"entities":[],"literals":[],"content_hierarchy":[]},"links":[[[{"version":2,"start":0,"end":10,"url":null,"entities":[{"id":"Q15380005","type":"wikidata"}]}],[]],[[{"version":2,"start":0,"end":8,"url":null,"entities":[{"id":"Q15379979","type":"wikidata"}]}],[]]]}