{"version":2,"table":{"version":2,"table_id":"3NLS6UQC","columns":[{"index":0,"name":"col0","values":["Sandyiksfjellet","Hafnarfkall","Ananua","Gsbuhain"]},{"index":1,"name":"col1","values":["","","Andes","Rothaargebirge"]}]},"context":{"version":3,"page_title":null,"page_url":null,"entities":[],"literals":[],"content_hierarchy":[]},"links":[[[{"version":2,"start":0,"end":15,"url":null,"entities":[{"id":"Q1772137","type":"wikidata"}]}],[]],[[{"version":2,"start":0,"end":11,"url":null,"entities":[{"id":"Q1568109","type":"wikidata"}]}],[]],[[{"version":2,"start":0,"end":6,"url":null,"entities":[{"id":"Q19421113","type":"wikidata"}]}],[{"version":2,"start":0,"end":5,"url":null,"entities":[{"id":"Q5456","type":"wikidata"}]}]],[[{"version":2,"start":0,"end":8,"url":null,"entities":[{"id":"Q18020543","type":"wikidata"}]}],[{"version":2,"start":0,"end":14,"url":null,"entities":[{"id":"Q4219","type":"wikidata"}]}]]]}