{"version":2,"table":{"version":2,"table_id":"3PR1CLCX","columns":[{"index":0,"name":"col0","values":["High Shoals","Bluffton","Bremen"]},{"index":1,"name":"col1","values":["595","3967","1425"]}]},"context":{"version":3,"page_title":null,"page_url":null,"entities":[],"literals":[],"content_hierarchy":[]},"links":[[[{"version":2,"start":0,"end":11,"url":null,"entities":[{"id":"Q282727","type":"wikidata"}]}],[]],[[{"version":2,"start":0,"end":8,"url":null,"entities":[{"id":"Q282552","type":"wikidata"}]}],[]],[[{"version":2,"start":0,"end":6,"url":null,"entities":[{"id":"Q282406","type":"wikidata"}]}],[]]]}