{"version":"1.2","table":{"version":"2","table_id":"7X8F8RZG","columns":[{"index":0,"name":"col0","values":["1939 Bordeaux–Paris","1947 Bordeaux–Paris","1948 Bordeaux–Paris","1938 Bordeaux–Paris","1952 Bordeaux–Paris","1950 Bordeaux–Paris","1951 Bordeaux–Paris","1935 Bordeaux–Paris","1958 Bordeaux–Paris","1960 Bordeaux–Paris","1956 Bordeaux–Paris","1953 Bordeaux–Paris","1964 Bordeaux–Paris","1966 Bordeaux–Paris","1954 Bordeaux–Paris","1961 Bordeaux–Paris","1959 Bordeaux–Paris","1963 Bordeaux–Paris","1949 Bordeaux–Paris","1946 Bordeaux–Paris"]},{"index":1,"name":"col1","values":["1938 Bordeaux–Paris","1946 Bordeaux–Paris","1947 Bordeaux–Paris","1937 Bordeaux–Paris","1951 Bordeaux–Paris","1949 Bordeaux–Paris","1950 Bordeaux–Paris","1934 Bordeaux–Paris","1957 Bordeaux–Paris","1959 Bordeaux–Paris","1954 Bordeaux–Paris","1952 Bordeaux–Paris","1963 Bordeaux–Paris","1965 Bordeaux–Paris","1953 Bordeaux–Paris","1960 Bordeaux–Paris","1958 Bordeaux–Paris","1962 Bordeaux–Paris","1948 Bordeaux–Paris","1939 Bordeaux–Paris"]},{"index":2,"name":"col2","values":["1946 Bordeaux–Paris","1948 Bordeaux–Paris","1949 Bordeaux–Paris","1939 Bordeaux–Paris","1953 Bordeaux–Paris","1951 Bordeaux–Paris","1952 Bordeaux–Paris","1936 Bordeaux–Paris","1959 Bordeaux–Paris","1961 Bordeaux–Paris","1957 Bordeaux–Paris","1954 Bordeaux–Paris","1965 Bordeaux–Paris","1967 Bordeaux–Paris","1956 Bordeaux–Paris","1962 Bordeaux–Paris","1960 Bordeaux–Paris","1964 Bordeaux–Paris","1950 Bordeaux–Paris","1947 Bordeaux–Paris"]},{"index":3,"name":"col3","values":["France","France","France","France","France","France","France","France","France","France","France","France","France","France","France","France","France","France","France","France"]},{"index":4,"name":"col4","values":["1939-05-18","1947-06-01","1948-06-06","1938-05-11","1952-05-02","1950-06-04","1951-05-27","1935-05-19","1958-06-01","1960-05-29","1956-06-03","1953-09-20","1964-05-31","1966-05-19","1954-09-05","1961-06-04","1959-05-24","1963-05-26","1949-05-25","1946-06-16"]},{"index":5,"name":"col5","values":["Marcel Laurent","Joseph Somers","Gerard Buyl","Jules Rossi","Wim van Est","Wim van Est","Bernard Gauthier","Jules Merviel","Pino Cerami","Marcel Janssens","Stan Ockers","Ferdinand Kübler","Jean Stablinski","Jan Janssen","Fiorenzo Magni","Louison Bobet","Louison Bobet","Tom Simpson","Émile Masson Jr.","Émile Masson Jr."]}]},"context":{"page_title":null,"page_url":null,"page_entity_id":null,"content_hierarchy":[]},"links":[[[{"start":0,"end":19,"url":null,"entity_id":"Q59588152","candidates":[]}],[{"start":0,"end":19,"url":null,"entity_id":"Q59588151","candidates":[]}],[{"start":0,"end":19,"url":null,"entity_id":"Q59588153","candidates":[]}],[{"start":0,"end":6,"url":null,"entity_id":"Q142","candidates":[]}],[],[{"start":0,"end":14,"url":null,"entity_id":"Q3289108","candidates":[]}]],[[{"start":0,"end":19,"url":null,"entity_id":"Q59588154","candidates":[]}],[{"start":0,"end":19,"url":null,"entity_id":"Q59588153","candidates":[]}],[{"start":0,"end":19,"url":null,"entity_id":"Q59588155","candidates":[]}],[{"start":0,"end":6,"url":null,"entity_id":"Q142","candidates":[]}],[],[{"start":0,"end":13,"url":null,"entity_id":"Q2627441","candidates":[]}]],[[{"start":0,"end":19,"url":null,"entity_id":"Q59588155","candidates":[]}],[{"start":0,"end":19,"url":null,"entity_id":"Q59588154","candidates":[]}],[{"start":0,"end":19,"url":null,"entity_id":"Q59588156","candidates":[]}],[{"start":0,"end":6,"url":null,"entity_id":"Q142","candidates":[]}],[],[{"start":0,"end":11,"url":null,"entity_id":"Q2069542","candidates":[]}]],[[{"start":0,"end":19,"url":null,"entity_id":"Q59588151","candidates":[]}],[{"start":0,"end":19,"url":null,"entity_id":"Q59588150","candidates":[]}],[{"start":0,"end":19,"url":null,"entity_id":"Q59588152","candidates":[]}],[{"start":0,"end":6,"url":null,"entity_id":"Q142","candidates":[]}],[],[{"start":0,"end":11,"url":null,"entity_id":"Q1711755","candidates":[]}]],[[{"start":0,"end":19,"url":null,"entity_id":"Q59588159","candidates":[]}],[{"start":0,"end":19,"url":null,"entity_id":"Q59588158","candidates":[]}],[{"start":0,"end":19,"url":null,"entity_id":"Q59588160","candidates":[]}],[{"start":0,"end":6,"url":null,"entity_id":"Q142","candidates":[]}],[],[{"start":0,"end":11,"url":null,"entity_id":"Q1366862","candidates":[]}]],[[{"start":0,"end":19,"url":null,"entity_id":"Q59588157","candidates":[]}],[{"start":0,"end":19,"url":null,"entity_id":"Q59588156","candidates":[]}],[{"start":0,"end":19,"url":null,"entity_id":"Q59588158","candidates":[]}],[{"start":0,"end":6,"url":null,"entity_id":"Q142","candidates":[]}],[],[{"start":0,"end":11,"url":null,"entity_id":"Q1366862","candidates":[]}]],[[{"start":0,"end":19,"url":null,"entity_id":"Q59588158","candidates":[]}],[{"start":0,"end":19,"url":null,"entity_id":"Q59588157","candidates":[]}],[{"start":0,"end":19,"url":null,"entity_id":"Q59588159","candidates":[]}],[{"start":0,"end":6,"url":null,"entity_id":"Q142","candidates":[]}],[],[{"start":0,"end":16,"url":null,"entity_id":"Q822440","candidates":[]}]],[[{"start":0,"end":19,"url":null,"entity_id":"Q59588148","candidates":[]}],[{"start":0,"end":19,"url":null,"entity_id":"Q59588147","candidates":[]}],[{"start":0,"end":19,"url":null,"entity_id":"Q59588149","candidates":[]}],[{"start":0,"end":6,"url":null,"entity_id":"Q142","candidates":[]}],[],[{"start":0,"end":13,"url":null,"entity_id":"Q733317","candidates":[]}]],[[{"start":0,"end":19,"url":null,"entity_id":"Q59588164","candidates":[]}],[{"start":0,"end":19,"url":null,"entity_id":"Q59588163","candidates":[]}],[{"start":0,"end":19,"url":null,"entity_id":"Q59588165","candidates":[]}],[{"start":0,"end":6,"url":null,"entity_id":"Q142","candidates":[]}],[],[{"start":0,"end":11,"url":null,"entity_id":"Q722368","candidates":[]}]],[[{"start":0,"end":19,"url":null,"entity_id":"Q59588166","candidates":[]}],[{"start":0,"end":19,"url":null,"entity_id":"Q59588165","candidates":[]}],[{"start":0,"end":19,"url":null,"entity_id":"Q59588168","candidates":[]}],[{"start":0,"end":6,"url":null,"entity_id":"Q142","candidates":[]}],[],[{"start":0,"end":15,"url":null,"entity_id":"Q591144","candidates":[]}]],[[{"start":0,"end":19,"url":null,"entity_id":"Q59588162","candidates":[]}],[{"start":0,"end":19,"url":null,"entity_id":"Q59588161","candidates":[]}],[{"start":0,"end":19,"url":null,"entity_id":"Q59588163","candidates":[]}],[{"start":0,"end":6,"url":null,"entity_id":"Q142","candidates":[]}],[],[{"start":0,"end":11,"url":null,"entity_id":"Q561247","candidates":[]}]],[[{"start":0,"end":19,"url":null,"entity_id":"Q59588160","candidates":[]}],[{"start":0,"end":19,"url":null,"entity_id":"Q59588159","candidates":[]}],[{"start":0,"end":19,"url":null,"entity_id":"Q59588161","candidates":[]}],[{"start":0,"end":6,"url":null,"entity_id":"Q142","candidates":[]}],[],[{"start":0,"end":16,"url":null,"entity_id":"Q458713","candidates":[]}]],[[{"start":0,"end":19,"url":null,"entity_id":"Q59588171","candidates":[]}],[{"start":0,"end":19,"url":null,"entity_id":"Q59588170","candidates":[]}],[{"start":0,"end":19,"url":null,"entity_id":"Q59588172","candidates":[]}],[{"start":0,"end":6,"url":null,"entity_id":"Q142","candidates":[]}],[],[{"start":0,"end":15,"url":null,"entity_id":"Q445037","candidates":[]}]],[[{"start":0,"end":19,"url":null,"entity_id":"Q59588173","candidates":[]}],[{"start":0,"end":19,"url":null,"entity_id":"Q59588172","candidates":[]}],[{"start":0,"end":19,"url":null,"entity_id":"Q59588174","candidates":[]}],[{"start":0,"end":6,"url":null,"entity_id":"Q142","candidates":[]}],[],[{"start":0,"end":11,"url":null,"entity_id":"Q380930","candidates":[]}]],[[{"start":0,"end":19,"url":null,"entity_id":"Q59588161","candidates":[]}],[{"start":0,"end":19,"url":null,"entity_id":"Q59588160","candidates":[]}],[{"start":0,"end":19,"url":null,"entity_id":"Q59588162","candidates":[]}],[{"start":0,"end":6,"url":null,"entity_id":"Q142","candidates":[]}],[],[{"start":0,"end":14,"url":null,"entity_id":"Q372996","candidates":[]}]],[[{"start":0,"end":19,"url":null,"entity_id":"Q59588168","candidates":[]}],[{"start":0,"end":19,"url":null,"entity_id":"Q59588166","candidates":[]}],[{"start":0,"end":19,"url":null,"entity_id":"Q59588169","candidates":[]}],[{"start":0,"end":6,"url":null,"entity_id":"Q142","candidates":[]}],[],[{"start":0,"end":13,"url":null,"entity_id":"Q358167","candidates":[]}]],[[{"start":0,"end":19,"url":null,"entity_id":"Q59588165","candidates":[]}],[{"start":0,"end":19,"url":null,"entity_id":"Q59588164","candidates":[]}],[{"start":0,"end":19,"url":null,"entity_id":"Q59588166","candidates":[]}],[{"start":0,"end":6,"url":null,"entity_id":"Q142","candidates":[]}],[],[{"start":0,"end":13,"url":null,"entity_id":"Q358167","candidates":[]}]],[[{"start":0,"end":19,"url":null,"entity_id":"Q59588170","candidates":[]}],[{"start":0,"end":19,"url":null,"entity_id":"Q59588169","candidates":[]}],[{"start":0,"end":19,"url":null,"entity_id":"Q59588171","candidates":[]}],[{"start":0,"end":6,"url":null,"entity_id":"Q142","candidates":[]}],[],[{"start":0,"end":11,"url":null,"entity_id":"Q337271","candidates":[]}]],[[{"start":0,"end":19,"url":null,"entity_id":"Q59588156","candidates":[]}],[{"start":0,"end":19,"url":null,"entity_id":"Q59588155","candidates":[]}],[{"start":0,"end":19,"url":null,"entity_id":"Q59588157","candidates":[]}],[{"start":0,"end":6,"url":null,"entity_id":"Q142","candidates":[]}],[],[{"start":0,"end":16,"url":null,"entity_id":"Q286212","candidates":[]}]],[[{"start":0,"end":19,"url":null,"entity_id":"Q59588153","candidates":[]}],[{"start":0,"end":19,"url":null,"entity_id":"Q59588152","candidates":[]}],[{"start":0,"end":19,"url":null,"entity_id":"Q59588154","candidates":[]}],[{"start":0,"end":6,"url":null,"entity_id":"Q142","candidates":[]}],[],[{"start":0,"end":16,"url":null,"entity_id":"Q286212","candidates":[]}]]]}