{"version":"1.2","table":{"version":"2","table_id":"7Y8YLEAB","columns":[{"index":0,"name":"col0","values":["Eurovision Song Contest 1958","Eurovision Song Contest 1984","Eurovision Song Contest 2013","Eurovision Song Contest 1980","Eurovision Song Contest 1973","Eurovision Song Contest 1979","Eurovision Song Contest 1978","Eurovision Song Contest 1993","Eurovision Song Contest 1995","Eurovision Song Contest 1989","Eurovision Song Contest 1988","Eurovision Song Contest 1987","Eurovision Song Contest 1985","Eurovision Song Contest 1977","Eurovision Song Contest 1976","Eurovision Song Contest 1971","Eurovision Song Contest 1992","Eurovision Song Contest 1967","Eurovision Song Contest 1965","Eurovision Song Contest 1964"]},{"index":1,"name":"col1","values":["1958-03-12","1984-05-05","2013-05-18","1980-04-19","1973-04-07","1979-03-31","1978-04-22","1993-05-15","1995-05-13","1989-05-06","1988-04-30","1987-05-09","1985-05-04","1977-05-07","1976-04-03","1971-04-03","1992-05-09","1967-04-08","1965-03-20","1964-03-21"]},{"index":2,"name":"col2","values":["Eurovision Song Contest 1957","Eurovision Song Contest 1983","Eurovision Song Contest 2012","Eurovision Song Contest 1979","Eurovision Song Contest 1972","Eurovision Song Contest 1978","Eurovision Song Contest 1977","Eurovision Song Contest 1992","Eurovision Song Contest 1994","Eurovision Song Contest 1988","Eurovision Song Contest 1987","Eurovision Song Contest 1986","Eurovision Song Contest 1984","Eurovision Song Contest 1976","Eurovision Song Contest 1975","Eurovision Song Contest 1970","Eurovision Song Contest 1991","Eurovision Song Contest 1966","Eurovision Song Contest 1964","Eurovision Song Contest 1963"]},{"index":3,"name":"col3","values":["10","19","39","19","17","19","20","25","23","22","21","22","19","18","18","18","23","17","18","16"]},{"index":4,"name":"col4","values":["1958-03-12","1984-01-01","2013-01-01","1980-04-19","1973-01-01","1979-01-01","1978-01-01","1993-01-01","1995-01-01","1989-05-06","1988-01-01","1987-01-01","1985-01-01","1977-01-01","1976-01-01","1971-01-01","1992-01-01","1967-04-08","1965-03-20","1964-03-21"]}]},"context":{"page_title":null,"page_url":null,"page_entity_id":null,"content_hierarchy":[]},"links":[[[{"start":0,"end":28,"url":null,"entity_id":"Q188517","candidates":[]}],[],[{"start":0,"end":28,"url":null,"entity_id":"Q154846","candidates":[]}],[],[]],[[{"start":0,"end":28,"url":null,"entity_id":"Q209846","candidates":[]}],[],[{"start":0,"end":28,"url":null,"entity_id":"Q153578","candidates":[]}],[],[]],[[{"start":0,"end":28,"url":null,"entity_id":"Q10162","candidates":[]}],[],[{"start":0,"end":28,"url":null,"entity_id":"Q10161","candidates":[]}],[],[]],[[{"start":0,"end":28,"url":null,"entity_id":"Q213942","candidates":[]}],[],[{"start":0,"end":28,"url":null,"entity_id":"Q216891","candidates":[]}],[],[]],[[{"start":0,"end":28,"url":null,"entity_id":"Q211490","candidates":[]}],[],[{"start":0,"end":28,"url":null,"entity_id":"Q211942","candidates":[]}],[],[]],[[{"start":0,"end":28,"url":null,"entity_id":"Q216891","candidates":[]}],[],[{"start":0,"end":28,"url":null,"entity_id":"Q211754","candidates":[]}],[],[]],[[{"start":0,"end":28,"url":null,"entity_id":"Q211754","candidates":[]}],[],[{"start":0,"end":28,"url":null,"entity_id":"Q211494","candidates":[]}],[],[]],[[{"start":0,"end":28,"url":null,"entity_id":"Q208243","candidates":[]}],[],[{"start":0,"end":28,"url":null,"entity_id":"Q211487","candidates":[]}],[],[]],[[{"start":0,"end":28,"url":null,"entity_id":"Q209678","candidates":[]}],[],[{"start":0,"end":28,"url":null,"entity_id":"Q211484","candidates":[]}],[],[]],[[{"start":0,"end":28,"url":null,"entity_id":"Q208524","candidates":[]}],[],[{"start":0,"end":28,"url":null,"entity_id":"Q211478","candidates":[]}],[],[]],[[{"start":0,"end":28,"url":null,"entity_id":"Q211478","candidates":[]}],[],[{"start":0,"end":28,"url":null,"entity_id":"Q211474","candidates":[]}],[],[]],[[{"start":0,"end":28,"url":null,"entity_id":"Q211474","candidates":[]}],[],[{"start":0,"end":28,"url":null,"entity_id":"Q210578","candidates":[]}],[],[]],[[{"start":0,"end":28,"url":null,"entity_id":"Q179853","candidates":[]}],[],[{"start":0,"end":28,"url":null,"entity_id":"Q209846","candidates":[]}],[],[]],[[{"start":0,"end":28,"url":null,"entity_id":"Q211494","candidates":[]}],[],[{"start":0,"end":28,"url":null,"entity_id":"Q209751","candidates":[]}],[],[]],[[{"start":0,"end":28,"url":null,"entity_id":"Q209751","candidates":[]}],[],[{"start":0,"end":28,"url":null,"entity_id":"Q209745","candidates":[]}],[],[]],[[{"start":0,"end":28,"url":null,"entity_id":"Q209429","candidates":[]}],[],[{"start":0,"end":28,"url":null,"entity_id":"Q209673","candidates":[]}],[],[]],[[{"start":0,"end":28,"url":null,"entity_id":"Q211487","candidates":[]}],[],[{"start":0,"end":28,"url":null,"entity_id":"Q208523","candidates":[]}],[],[]],[[{"start":0,"end":28,"url":null,"entity_id":"Q205192","candidates":[]}],[],[{"start":0,"end":28,"url":null,"entity_id":"Q207889","candidates":[]}],[],[]],[[{"start":0,"end":28,"url":null,"entity_id":"Q203975","candidates":[]}],[],[{"start":0,"end":28,"url":null,"entity_id":"Q203983","candidates":[]}],[],[]],[[{"start":0,"end":28,"url":null,"entity_id":"Q203983","candidates":[]}],[],[{"start":0,"end":28,"url":null,"entity_id":"Q203968","candidates":[]}],[],[]]]}