{"version":"1.2","table":{"version":"2","table_id":"7YPPOCDZ","columns":[{"index":0,"name":"col0","values":["Marvel Ciematic Universe","Donkey ong","Wallace and Guomit","Osomatsu-ku","Kageru Project","Maro franchise","Dune novel seies","canon of Sherlok Holmes","Deteetive Cona","Inktial D","Resident Hvil","Darker than Elack","Soul Gbes","Sora no#Manimani","Pucca","Kiba the White Lion","Star Tek","The Hitchhiker's Guide to te Galaxy pentalogy","Gakusen Toshl Astesisk 1","Love &#Hip Hop"]},{"index":1,"name":"col1","values":["fantasy","platform game","comedic TV series","comedy anime and manga","action anime and manga","adventure game","science fiction novel","mystery fiction","detective fiction","drama anime and manga","survival horror","seinen","comedy anime and manga","school anime and manga","comedy","shōnen","science fiction","comic science fiction","novel","reality television genre"]},{"index":2,"name":"col2","values":["Marvel Cinematic Universe Phase Four","Donkey Kong Country","Wallace & Gromit: The Curse of the Were-Rabbit","Osomatsu-kun Zenshū","Mekakucity Actors","Mario Kart","Dune","The Hound of the Baskervilles","Case Closed, vol.1","Initial D First Stage","Resident Evil film series","Darker than Black","Soul Eater","Sora no Manimani","Pucca","Kimba the White Lion","Star Trek canon","Life, the Universe and Everything","The Asterisk War: The Academy City on the Water","Love & Hip Hop: Atlanta"]}]},"context":{"page_title":null,"page_url":null,"page_entity_id":null,"content_hierarchy":[]},"links":[[[{"start":0,"end":24,"url":null,"entity_id":"Q642878","candidates":[]}],[{"start":0,"end":7,"url":null,"entity_id":"Q132311","candidates":[]}],[{"start":0,"end":36,"url":null,"entity_id":"Q62604229","candidates":[]}]],[[{"start":0,"end":10,"url":null,"entity_id":"Q662004","candidates":[]}],[{"start":0,"end":13,"url":null,"entity_id":"Q828322","candidates":[]}],[{"start":0,"end":19,"url":null,"entity_id":"Q16201230","candidates":[]}]],[[{"start":0,"end":18,"url":null,"entity_id":"Q691528","candidates":[]}],[{"start":0,"end":17,"url":null,"entity_id":"Q22812458","candidates":[]}],[{"start":0,"end":46,"url":null,"entity_id":"Q318428","candidates":[]}]],[[{"start":0,"end":11,"url":null,"entity_id":"Q2546336","candidates":[]}],[{"start":0,"end":22,"url":null,"entity_id":"Q15286013","candidates":[]}],[{"start":0,"end":19,"url":null,"entity_id":"Q22668335","candidates":[]}]],[[{"start":0,"end":14,"url":null,"entity_id":"Q3785522","candidates":[]}],[{"start":0,"end":22,"url":null,"entity_id":"Q15637293","candidates":[]}],[{"start":0,"end":17,"url":null,"entity_id":"Q20427736","candidates":[]}]],[[{"start":0,"end":14,"url":null,"entity_id":"Q4803535","candidates":[]}],[{"start":0,"end":14,"url":null,"entity_id":"Q23916","candidates":[]}],[{"start":0,"end":10,"url":null,"entity_id":"Q188196","candidates":[]}]],[[{"start":0,"end":16,"url":null,"entity_id":"Q6095696","candidates":[]}],[{"start":0,"end":21,"url":null,"entity_id":"Q12132683","candidates":[]}],[{"start":0,"end":4,"url":null,"entity_id":"Q114819","candidates":[]}]],[[{"start":0,"end":23,"url":null,"entity_id":"Q2316684","candidates":[]}],[{"start":0,"end":15,"url":null,"entity_id":"Q6585139","candidates":[]}],[{"start":0,"end":29,"url":null,"entity_id":"Q45192","candidates":[]}]],[[{"start":0,"end":14,"url":null,"entity_id":"Q185143","candidates":[]}],[{"start":0,"end":17,"url":null,"entity_id":"Q186424","candidates":[]}],[{"start":0,"end":18,"url":null,"entity_id":"Q26884509","candidates":[]}]],[[{"start":0,"end":9,"url":null,"entity_id":"Q164883","candidates":[]}],[{"start":0,"end":21,"url":null,"entity_id":"Q15637299","candidates":[]}],[{"start":0,"end":21,"url":null,"entity_id":"Q4041399","candidates":[]}]],[[{"start":0,"end":13,"url":null,"entity_id":"Q220260","candidates":[]}],[{"start":0,"end":15,"url":null,"entity_id":"Q333967","candidates":[]}],[{"start":0,"end":25,"url":null,"entity_id":"Q1276325","candidates":[]}]],[[{"start":0,"end":17,"url":null,"entity_id":"Q672014","candidates":[]}],[{"start":0,"end":6,"url":null,"entity_id":"Q237338","candidates":[]}],[{"start":0,"end":17,"url":null,"entity_id":"Q18577625","candidates":[]}]],[[{"start":0,"end":9,"url":null,"entity_id":"Q537389","candidates":[]}],[{"start":0,"end":22,"url":null,"entity_id":"Q15286013","candidates":[]}],[{"start":0,"end":10,"url":null,"entity_id":"Q18553401","candidates":[]}]],[[{"start":0,"end":16,"url":null,"entity_id":"Q649846","candidates":[]}],[{"start":0,"end":22,"url":null,"entity_id":"Q5366097","candidates":[]}],[{"start":0,"end":16,"url":null,"entity_id":"Q16830179","candidates":[]}]],[[{"start":0,"end":5,"url":null,"entity_id":"Q483408","candidates":[]}],[{"start":0,"end":6,"url":null,"entity_id":"Q40831","candidates":[]}],[{"start":0,"end":5,"url":null,"entity_id":"Q15576249","candidates":[]}]],[[{"start":0,"end":19,"url":null,"entity_id":"Q696580","candidates":[]}],[{"start":0,"end":6,"url":null,"entity_id":"Q231302","candidates":[]}],[{"start":0,"end":20,"url":null,"entity_id":"Q3226520","candidates":[]}]],[[{"start":0,"end":8,"url":null,"entity_id":"Q1092","candidates":[]}],[{"start":0,"end":15,"url":null,"entity_id":"Q24925","candidates":[]}],[{"start":0,"end":15,"url":null,"entity_id":"Q3500963","candidates":[]}]],[[{"start":0,"end":45,"url":null,"entity_id":"Q25169","candidates":[]}],[{"start":0,"end":21,"url":null,"entity_id":"Q761469","candidates":[]}],[{"start":0,"end":33,"url":null,"entity_id":"Q721","candidates":[]}]],[[{"start":0,"end":24,"url":null,"entity_id":"Q11448208","candidates":[]}],[{"start":0,"end":5,"url":null,"entity_id":"Q8261","candidates":[]}],[{"start":0,"end":47,"url":null,"entity_id":"Q55630285","candidates":[]}]],[[{"start":0,"end":14,"url":null,"entity_id":"Q6690203","candidates":[]}],[{"start":0,"end":24,"url":null,"entity_id":"Q182415","candidates":[]}],[{"start":0,"end":23,"url":null,"entity_id":"Q6690204","candidates":[]}]]]}