{"version":"1.2","table":{"version":"2","table_id":"7YPZ4FA9","columns":[{"index":0,"name":"col0","values":["Sanxikou Subdistrict","Changzheng","Gaoqiao Subdistrict","Maqiao Subdistrict","Xiashi Subdistrict","Luoxing Subdistrict, Jiaxing","Panqiao Subdistrict","Quxi Subdistrict","Jinfang Subdistrict","Wenquan Subdistrict, Anning, Yunnan","Yongzhong Jiedao","Wutong Subdistrict","Shuanghuang","Anwen Subdistrict","Menghuan Subdistrict","Fengming Subdistrict","Nanbaixiang","Dongzhen","Dongzha Subdistrict","Lunjiao Subdistrict"]},{"index":1,"name":"col1","values":["30.06","45.02","55.02","21.82","34.88","39.35","57.81","35.04","76.92","109","44.31","91.43","90.53","128.22","23.15","59.8","12.67","208.01","32.06","59.3"]},{"index":2,"name":"col2","values":["3151","128744","41800","79683","87621","75473","73379","52428","85602","10991","128374","217020","81204","47795","99970","55061","58673","222634","37945","184479"]}]},"context":{"page_title":null,"page_url":null,"page_entity_id":null,"content_hierarchy":[]},"links":[[[{"start":0,"end":20,"url":null,"entity_id":"Q14315777","candidates":[]}],[],[]],[[{"start":0,"end":10,"url":null,"entity_id":"Q14148334","candidates":[]}],[],[]],[[{"start":0,"end":19,"url":null,"entity_id":"Q14093042","candidates":[]}],[],[]],[[{"start":0,"end":18,"url":null,"entity_id":"Q14090947","candidates":[]}],[],[]],[[{"start":0,"end":18,"url":null,"entity_id":"Q14090826","candidates":[]}],[],[]],[[{"start":0,"end":28,"url":null,"entity_id":"Q14090335","candidates":[]}],[],[]],[[{"start":0,"end":19,"url":null,"entity_id":"Q14030014","candidates":[]}],[],[]],[[{"start":0,"end":16,"url":null,"entity_id":"Q14029834","candidates":[]}],[],[]],[[{"start":0,"end":19,"url":null,"entity_id":"Q13639436","candidates":[]}],[],[]],[[{"start":0,"end":35,"url":null,"entity_id":"Q12072685","candidates":[]}],[],[]],[[{"start":0,"end":16,"url":null,"entity_id":"Q11130860","candidates":[]}],[],[]],[[{"start":0,"end":18,"url":null,"entity_id":"Q11115694","candidates":[]}],[],[]],[[{"start":0,"end":11,"url":null,"entity_id":"Q11049424","candidates":[]}],[],[]],[[{"start":0,"end":17,"url":null,"entity_id":"Q10946863","candidates":[]}],[],[]],[[{"start":0,"end":20,"url":null,"entity_id":"Q10901247","candidates":[]}],[],[]],[[{"start":0,"end":20,"url":null,"entity_id":"Q10896350","candidates":[]}],[],[]],[[{"start":0,"end":11,"url":null,"entity_id":"Q10908762","candidates":[]}],[],[]],[[{"start":0,"end":8,"url":null,"entity_id":"Q10871038","candidates":[]}],[],[]],[[{"start":0,"end":19,"url":null,"entity_id":"Q10870513","candidates":[]}],[],[]],[[{"start":0,"end":19,"url":null,"entity_id":"Q6704395","candidates":[]}],[],[]]]}