{"version":"1.2","table":{"version":"2","table_id":"7Z5Z9J3A","columns":[{"index":0,"name":"col0","values":["untitled","flag thrower and Bernese bear","clear view to the sea","children going to school","soil","water","air","fire","the good samaritan","two children","playing children","the four seasons","ständli - student and passer-by scene","untitled","the apple shot","zodiac signs","cats and chickens making music","flying geese","L' homme témoin","beginning of time"]},{"index":1,"name":"col1","values":["1100","450","230","1500","151","708","710","721","326","350","270","570","800","840","1200","300","400","470","770","650"]},{"index":2,"name":"col2","values":["1400","450","1300","900","190","196","200","200","168","450","180","1560","430","570","340","300","500","285","1000","980"]}]},"context":{"page_title":null,"page_url":null,"page_entity_id":null,"content_hierarchy":[]},"links":[[[{"start":0,"end":8,"url":null,"entity_id":"Q86758015","candidates":[]}],[],[]],[[{"start":0,"end":29,"url":null,"entity_id":"Q85412196","candidates":[]}],[],[]],[[{"start":0,"end":21,"url":null,"entity_id":"Q83049798","candidates":[]}],[],[]],[[{"start":0,"end":24,"url":null,"entity_id":"Q71333789","candidates":[]}],[],[]],[[{"start":0,"end":4,"url":null,"entity_id":"Q68839639","candidates":[]}],[],[]],[[{"start":0,"end":5,"url":null,"entity_id":"Q68834339","candidates":[]}],[],[]],[[{"start":0,"end":3,"url":null,"entity_id":"Q68828046","candidates":[]}],[],[]],[[{"start":0,"end":4,"url":null,"entity_id":"Q68513440","candidates":[]}],[],[]],[[{"start":0,"end":18,"url":null,"entity_id":"Q67610285","candidates":[]}],[],[]],[[{"start":0,"end":12,"url":null,"entity_id":"Q66910762","candidates":[]}],[],[]],[[{"start":0,"end":16,"url":null,"entity_id":"Q66746909","candidates":[]}],[],[]],[[{"start":0,"end":16,"url":null,"entity_id":"Q66363644","candidates":[]}],[],[]],[[{"start":0,"end":37,"url":null,"entity_id":"Q66115366","candidates":[]}],[],[]],[[{"start":0,"end":8,"url":null,"entity_id":"Q65961945","candidates":[]}],[],[]],[[{"start":0,"end":14,"url":null,"entity_id":"Q65940761","candidates":[]}],[],[]],[[{"start":0,"end":12,"url":null,"entity_id":"Q64682396","candidates":[]}],[],[]],[[{"start":0,"end":30,"url":null,"entity_id":"Q64382529","candidates":[]}],[],[]],[[{"start":0,"end":12,"url":null,"entity_id":"Q64367509","candidates":[]}],[],[]],[[{"start":0,"end":15,"url":null,"entity_id":"Q63645884","candidates":[]}],[],[]],[[{"start":0,"end":17,"url":null,"entity_id":"Q63616414","candidates":[]}],[],[]]]}