{"version":"1.2","table":{"version":"2","table_id":"7ZBAZA3K","columns":[{"index":0,"name":"col0","values":["promethium-157","promethium-156","promethium-144","promethium-143","promethium-142","promethium-141","promethium-140","promethium-137","promethium-136","promethium-135","promethium-134","promethium-133","promethium-132","promethium-131","promethium-129","promethium-151","promethium-145","promethium-148","promethium-146","promethium-150"]},{"index":1,"name":"col1","values":["61","61","61","61","61","61","61","61","61","61","61","61","61","61","61","61","61","61","61","61"]},{"index":2,"name":"col2","values":["-62297.043","-64163.644","-81416.093","-82960.651","-81142.044","-80522.921","-78213.712","-74072.848","-71169.915","-70052.075","-66738.751","-65407.646","-61628","-59660","-52881","-73386.063","-81267.474","-76865.716","-79454.309","-73597.139"]},{"index":3,"name":"col3","values":["1281770.765","1275565.98","1195962.624","1189435.819","1179546.004","1170855.54","1160474.98","1132120.187","1121145.92","1111956.795","1100572.15","1091169.639","1079364","1069222","1046319","1244431.77","1203885.265","1223697.448","1210143.484","1236571.5"]},{"index":4,"name":"col4","values":["156.93312137","155.93111749","143.912596224","142.910938073","141.912890428","140.913555084","139.916034122","136.920479522","135.923595949","134.924796","133.928353","132.929782","131.93384","130.935952","128.94323","150.921216817","144.912755773","147.917481255","145.914702286","149.920990217"]},{"index":5,"name":"col5","values":["-1","-1","-1","1","1","1","1","-1","-1","1","1","1","1","-1","-1","1","1","-1","-1","-1"]},{"index":6,"name":"col6","values":["10.56","26.7","363","265","40.5","20.9","5.95","2.4","47","49","5","13.5","6.2","6.3","2.4","28.4","17.7","5.368","5.53","2.68"]}]},"context":{"page_title":null,"page_url":null,"page_entity_id":null,"content_hierarchy":[]},"links":[[[{"start":0,"end":14,"url":null,"entity_id":"Q18882009","candidates":[]}],[],[],[],[],[],[]],[[{"start":0,"end":14,"url":null,"entity_id":"Q18882008","candidates":[]}],[],[],[],[],[],[]],[[{"start":0,"end":14,"url":null,"entity_id":"Q18881996","candidates":[]}],[],[],[],[],[],[]],[[{"start":0,"end":14,"url":null,"entity_id":"Q18881993","candidates":[]}],[],[],[],[],[],[]],[[{"start":0,"end":14,"url":null,"entity_id":"Q18881991","candidates":[]}],[],[],[],[],[],[]],[[{"start":0,"end":14,"url":null,"entity_id":"Q18881987","candidates":[]}],[],[],[],[],[],[]],[[{"start":0,"end":14,"url":null,"entity_id":"Q18881983","candidates":[]}],[],[],[],[],[],[]],[[{"start":0,"end":14,"url":null,"entity_id":"Q18881977","candidates":[]}],[],[],[],[],[],[]],[[{"start":0,"end":14,"url":null,"entity_id":"Q18881974","candidates":[]}],[],[],[],[],[],[]],[[{"start":0,"end":14,"url":null,"entity_id":"Q18881971","candidates":[]}],[],[],[],[],[],[]],[[{"start":0,"end":14,"url":null,"entity_id":"Q18881968","candidates":[]}],[],[],[],[],[],[]],[[{"start":0,"end":14,"url":null,"entity_id":"Q18881966","candidates":[]}],[],[],[],[],[],[]],[[{"start":0,"end":14,"url":null,"entity_id":"Q18881965","candidates":[]}],[],[],[],[],[],[]],[[{"start":0,"end":14,"url":null,"entity_id":"Q18881964","candidates":[]}],[],[],[],[],[],[]],[[{"start":0,"end":14,"url":null,"entity_id":"Q18881962","candidates":[]}],[],[],[],[],[],[]],[[{"start":0,"end":14,"url":null,"entity_id":"Q14172128","candidates":[]}],[],[],[],[],[],[]],[[{"start":0,"end":14,"url":null,"entity_id":"Q2734133","candidates":[]}],[],[],[],[],[],[]],[[{"start":0,"end":14,"url":null,"entity_id":"Q2628399","candidates":[]}],[],[],[],[],[],[]],[[{"start":0,"end":14,"url":null,"entity_id":"Q2537806","candidates":[]}],[],[],[],[],[],[]],[[{"start":0,"end":14,"url":null,"entity_id":"Q2537379","candidates":[]}],[],[],[],[],[],[]]]}