{"version":"1.2","table":{"version":"2","table_id":"81G4R13T","columns":[{"index":0,"name":"col0","values":["Aston Township","Upper Tulpehocken Township","Mahoning Township","Tulpehocken Township","Springfield Township","Heidelberg Township","Perry Township","Hilltown Township","Penn Township","New Britain Township","Ontelaunee Township","Rockland Township","Pike Township","Marion Township","Moon Township","Marshall Township","Fawn Township","Pine Township","Aleppo Township","Mount Joy Township"]},{"index":1,"name":"col1","values":["213","568","1000","558","139.9","492","417","397","459","276","341","889","413","404","358","364","1148","344","1112","172"]},{"index":2,"name":"col2","values":["5.8","22.9","23.8","23.3","79.8","14.3","18.4","26.9","19.1","15.2","9.2","17.1","13.9","15.3","24.12","15.6","12.95","16.8","4.7","26.23"]}]},"context":{"page_title":null,"page_url":null,"page_entity_id":null,"content_hierarchy":[]},"links":[[[{"start":0,"end":14,"url":null,"entity_id":"Q1895441","candidates":[]}],[],[]],[[{"start":0,"end":26,"url":null,"entity_id":"Q1895333","candidates":[]}],[],[]],[[{"start":0,"end":17,"url":null,"entity_id":"Q1895203","candidates":[]}],[],[]],[[{"start":0,"end":20,"url":null,"entity_id":"Q1895180","candidates":[]}],[],[]],[[{"start":0,"end":20,"url":null,"entity_id":"Q1895167","candidates":[]}],[],[]],[[{"start":0,"end":19,"url":null,"entity_id":"Q1895071","candidates":[]}],[],[]],[[{"start":0,"end":14,"url":null,"entity_id":"Q1894989","candidates":[]}],[],[]],[[{"start":0,"end":17,"url":null,"entity_id":"Q1894974","candidates":[]}],[],[]],[[{"start":0,"end":13,"url":null,"entity_id":"Q1894942","candidates":[]}],[],[]],[[{"start":0,"end":20,"url":null,"entity_id":"Q1894928","candidates":[]}],[],[]],[[{"start":0,"end":19,"url":null,"entity_id":"Q1894915","candidates":[]}],[],[]],[[{"start":0,"end":17,"url":null,"entity_id":"Q1894885","candidates":[]}],[],[]],[[{"start":0,"end":13,"url":null,"entity_id":"Q1894868","candidates":[]}],[],[]],[[{"start":0,"end":15,"url":null,"entity_id":"Q1894856","candidates":[]}],[],[]],[[{"start":0,"end":13,"url":null,"entity_id":"Q1771026","candidates":[]}],[],[]],[[{"start":0,"end":17,"url":null,"entity_id":"Q1771019","candidates":[]}],[],[]],[[{"start":0,"end":13,"url":null,"entity_id":"Q1771009","candidates":[]}],[],[]],[[{"start":0,"end":13,"url":null,"entity_id":"Q1769306","candidates":[]}],[],[]],[[{"start":0,"end":15,"url":null,"entity_id":"Q1751202","candidates":[]}],[],[]],[[{"start":0,"end":18,"url":null,"entity_id":"Q1751070","candidates":[]}],[],[]]]}