{"version":"1.2","table":{"version":"2","table_id":"84P5UOHZ","columns":[{"index":0,"name":"col0","values":["SDSS J234035.78-102526.9","SDSS J081121.52+072709.1","SDSS J162136.99+323655.1","SDSS J010804.13+000440.6","SDSS J134908.78+472815.6","SDSS J080926.49+204454.2","SDSS J083552.62+530617.0","SDSS J113544.22+275202.5","SDSS J165101.40+334409.1","SDSS J162613.25+302206.4","SDSS J130011.04+150903.2","SDSS J131454.58+254313.7","SDSS J170606.76+242954.2","SDSS J104035.34+590848.7","SDSS J103704.44+284436.9","SDSS J032752.60+045203.7","SDSS J031830.38+420552.9","SDSS J221832.21-004741.8","SDSS J103236.68+210311.5","SDSS J155141.90+064448.7","SDSS J145522.18+020937.2","SDSS J230452.31-001712.9","SDSS J094611.12+600740.6","SDSS J230056.55-093425.7","SDSS J083826.78+144855.5","SDSS J161815.27+132039.7","SDSS J075429.04+160423.6","SDSS J122403.02+004826.0","SDSS J100728.18+204220.4","SDSS J013227.21-085700.2","SDSS J161129.95+075050.4","SDSS J110110.59+042459.4","SDSS J061207.98+645235.6","SDSS J124257.39+565557.6","SDSS J031418.01+413445.7","SDSS J151535.09+335317.2","SDSS J004214.96+004329.4","SDSS J233736.48-002525.3","SDSS J125538.89+352338.8","CRTS J073624.6+325017","SDSS J153930.48-012814.1","SDSS J081340.59+433140.0","SDSS J143333.45+041000.8"]},{"index":1,"name":"col1","values":["19.074","18.133","18.292","17.36","18.65","16.735","18.07","18.933","19.117","18.704","19.765","16.338","18.455","18.312","18.898","19.841","15.483","18.241","18.832","18.058","19.638","18.319","19.8","20.436","16.422","16.839","19.1258","18.103","19.406","18.377","17.644","16.011","18.1331","18.815","15.058","18.021","19.832","19.51","17.424","16.65","17.4732","16.701","17.7"]},{"index":2,"name":"col2","values":["355.1490984559451","122.8396925290643","245.4041566864136","17.0172037770363","207.2866372466287","122.3603836416655","128.9692588428649","173.9343041777916","252.7558795669184","246.5552414770418","195.0460353981129","198.7274325731252","256.5281856418098","160.147290600502","159.2685493525831","51.9692098639255","49.6266249695469","334.6342132351044","158.1528742651893","237.9246264481596","223.8424823302505","346.217977962426","146.5463168112067","345.2356469049726","129.6116259016119","244.563618245233","118.6210265433044","186.0126117767711","151.8674221089655","23.1134056897034","242.874769515528","165.2941409444353","93.0333394697572","190.7391584282614","48.575088","228.8962415874418","10.5623483442998","354.4020497521719","193.9120529083128","114.1028411419541","234.8770000939671","123.4191553777968","218.3894254500023"]}]},"context":{"page_title":null,"page_url":null,"page_entity_id":null,"content_hierarchy":[]},"links":[[[{"start":0,"end":24,"url":null,"entity_id":"Q77973415","candidates":[]}],[],[]],[[{"start":0,"end":24,"url":null,"entity_id":"Q77973411","candidates":[]}],[],[]],[[{"start":0,"end":24,"url":null,"entity_id":"Q77973394","candidates":[]}],[],[]],[[{"start":0,"end":24,"url":null,"entity_id":"Q77973391","candidates":[]}],[],[]],[[{"start":0,"end":24,"url":null,"entity_id":"Q77973385","candidates":[]}],[],[]],[[{"start":0,"end":24,"url":null,"entity_id":"Q77973374","candidates":[]}],[],[]],[[{"start":0,"end":24,"url":null,"entity_id":"Q77973364","candidates":[]}],[],[]],[[{"start":0,"end":24,"url":null,"entity_id":"Q77974378","candidates":[]}],[],[]],[[{"start":0,"end":24,"url":null,"entity_id":"Q77974375","candidates":[]}],[],[]],[[{"start":0,"end":24,"url":null,"entity_id":"Q77974364","candidates":[]}],[],[]],[[{"start":0,"end":24,"url":null,"entity_id":"Q77974348","candidates":[]}],[],[]],[[{"start":0,"end":24,"url":null,"entity_id":"Q77974347","candidates":[]}],[],[]],[[{"start":0,"end":24,"url":null,"entity_id":"Q77974322","candidates":[]}],[],[]],[[{"start":0,"end":24,"url":null,"entity_id":"Q77974317","candidates":[]}],[],[]],[[{"start":0,"end":24,"url":null,"entity_id":"Q77974315","candidates":[]}],[],[]],[[{"start":0,"end":24,"url":null,"entity_id":"Q77974313","candidates":[]}],[],[]],[[{"start":0,"end":24,"url":null,"entity_id":"Q77974301","candidates":[]}],[],[]],[[{"start":0,"end":24,"url":null,"entity_id":"Q77974298","candidates":[]}],[],[]],[[{"start":0,"end":24,"url":null,"entity_id":"Q77974281","candidates":[]}],[],[]],[[{"start":0,"end":24,"url":null,"entity_id":"Q77974278","candidates":[]}],[],[]],[[{"start":0,"end":24,"url":null,"entity_id":"Q77974268","candidates":[]}],[],[]],[[{"start":0,"end":24,"url":null,"entity_id":"Q77974262","candidates":[]}],[],[]],[[{"start":0,"end":24,"url":null,"entity_id":"Q77974252","candidates":[]}],[],[]],[[{"start":0,"end":24,"url":null,"entity_id":"Q77974249","candidates":[]}],[],[]],[[{"start":0,"end":24,"url":null,"entity_id":"Q77972954","candidates":[]}],[],[]],[[{"start":0,"end":24,"url":null,"entity_id":"Q77972944","candidates":[]}],[],[]],[[{"start":0,"end":24,"url":null,"entity_id":"Q77972940","candidates":[]}],[],[]],[[{"start":0,"end":24,"url":null,"entity_id":"Q77972933","candidates":[]}],[],[]],[[{"start":0,"end":24,"url":null,"entity_id":"Q77972920","candidates":[]}],[],[]],[[{"start":0,"end":24,"url":null,"entity_id":"Q77972917","candidates":[]}],[],[]],[[{"start":0,"end":24,"url":null,"entity_id":"Q77972914","candidates":[]}],[],[]],[[{"start":0,"end":24,"url":null,"entity_id":"Q77972910","candidates":[]}],[],[]],[[{"start":0,"end":24,"url":null,"entity_id":"Q77972904","candidates":[]}],[],[]],[[{"start":0,"end":24,"url":null,"entity_id":"Q77972901","candidates":[]}],[],[]],[[{"start":0,"end":24,"url":null,"entity_id":"Q77972899","candidates":[]}],[],[]],[[{"start":0,"end":24,"url":null,"entity_id":"Q77972897","candidates":[]}],[],[]],[[{"start":0,"end":24,"url":null,"entity_id":"Q77972883","candidates":[]}],[],[]],[[{"start":0,"end":24,"url":null,"entity_id":"Q77972881","candidates":[]}],[],[]],[[{"start":0,"end":24,"url":null,"entity_id":"Q77972879","candidates":[]}],[],[]],[[{"start":0,"end":21,"url":null,"entity_id":"Q77971883","candidates":[]}],[],[]],[[{"start":0,"end":24,"url":null,"entity_id":"Q77971881","candidates":[]}],[],[]],[[{"start":0,"end":24,"url":null,"entity_id":"Q77971869","candidates":[]}],[],[]],[[{"start":0,"end":24,"url":null,"entity_id":"Q77971861","candidates":[]}],[],[]]]}