{"version":"1.2","table":{"version":"2","table_id":"8752KNOR","columns":[{"index":0,"name":"col0","values":["2018 IAAF World Half Marathon Championships","2016 IAAF World Half Marathon Championships","2012 IAAF World Half Marathon Championships","2004 IAAF World Half Marathon Championships","2001 IAAF World Half Marathon Championships","2000 IAAF World Half Marathon Championships","1998 IAAF World Half Marathon Championships","1996 IAAF World Half Marathon Championships","1995 IAAF World Half Marathon Championships","1994 IAAF World Half Marathon Championships","2006 IAAF World Road Running Championships","2010 IAAF World Half Marathon Championships","1993 IAAF World Half Marathon Championships","2005 IAAF World Half Marathon Championships","2014 IAAF World Half Marathon Championships","2007 IAAF World Road Running Championships","2002 IAAF World Half Marathon Championships","2008 IAAF World Half Marathon Championships","1999 IAAF World Half Marathon Championships","2009 IAAF World Half Marathon Championships"]},{"index":1,"name":"col1","values":["2016 IAAF World Half Marathon Championships","2014 IAAF World Half Marathon Championships","2010 IAAF World Half Marathon Championships","2003 IAAF World Half Marathon Championships","2000 IAAF World Half Marathon Championships","1999 IAAF World Half Marathon Championships","1997 IAAF World Half Marathon Championships","1995 IAAF World Half Marathon Championships","1994 IAAF World Half Marathon Championships","1993 IAAF World Half Marathon Championships","2005 IAAF World Half Marathon Championships","2009 IAAF World Half Marathon Championships","1992 IAAF World Half Marathon Championships","2004 IAAF World Half Marathon Championships","2012 IAAF World Half Marathon Championships","2006 IAAF World Road Running Championships","2001 IAAF World Half Marathon Championships","2007 IAAF World Road Running Championships","1998 IAAF World Half Marathon Championships","2008 IAAF World Half Marathon Championships"]},{"index":2,"name":"col2","values":["athletics","athletics","athletics","athletics","athletics","athletics","athletics","athletics","athletics","athletics","athletics","athletics","athletics","athletics","athletics","athletics","athletics","athletics","athletics","athletics"]}]},"context":{"page_title":null,"page_url":null,"page_entity_id":null,"content_hierarchy":[]},"links":[[[{"start":0,"end":43,"url":null,"entity_id":"Q24885314","candidates":[]}],[{"start":0,"end":43,"url":null,"entity_id":"Q16717589","candidates":[]}],[{"start":0,"end":9,"url":null,"entity_id":"Q542","candidates":[]}]],[[{"start":0,"end":43,"url":null,"entity_id":"Q16717589","candidates":[]}],[{"start":0,"end":43,"url":null,"entity_id":"Q15176745","candidates":[]}],[{"start":0,"end":9,"url":null,"entity_id":"Q542","candidates":[]}]],[[{"start":0,"end":43,"url":null,"entity_id":"Q1111254","candidates":[]}],[{"start":0,"end":43,"url":null,"entity_id":"Q1570502","candidates":[]}],[{"start":0,"end":9,"url":null,"entity_id":"Q542","candidates":[]}]],[[{"start":0,"end":43,"url":null,"entity_id":"Q1283202","candidates":[]}],[{"start":0,"end":43,"url":null,"entity_id":"Q1570492","candidates":[]}],[{"start":0,"end":9,"url":null,"entity_id":"Q542","candidates":[]}]],[[{"start":0,"end":43,"url":null,"entity_id":"Q974014","candidates":[]}],[{"start":0,"end":43,"url":null,"entity_id":"Q1570486","candidates":[]}],[{"start":0,"end":9,"url":null,"entity_id":"Q542","candidates":[]}]],[[{"start":0,"end":43,"url":null,"entity_id":"Q1570486","candidates":[]}],[{"start":0,"end":43,"url":null,"entity_id":"Q1570479","candidates":[]}],[{"start":0,"end":9,"url":null,"entity_id":"Q542","candidates":[]}]],[[{"start":0,"end":43,"url":null,"entity_id":"Q670625","candidates":[]}],[{"start":0,"end":43,"url":null,"entity_id":"Q1570471","candidates":[]}],[{"start":0,"end":9,"url":null,"entity_id":"Q542","candidates":[]}]],[[{"start":0,"end":43,"url":null,"entity_id":"Q122112","candidates":[]}],[{"start":0,"end":43,"url":null,"entity_id":"Q1570463","candidates":[]}],[{"start":0,"end":9,"url":null,"entity_id":"Q542","candidates":[]}]],[[{"start":0,"end":43,"url":null,"entity_id":"Q1570463","candidates":[]}],[{"start":0,"end":43,"url":null,"entity_id":"Q1570457","candidates":[]}],[{"start":0,"end":9,"url":null,"entity_id":"Q542","candidates":[]}]],[[{"start":0,"end":43,"url":null,"entity_id":"Q1570457","candidates":[]}],[{"start":0,"end":43,"url":null,"entity_id":"Q1570449","candidates":[]}],[{"start":0,"end":9,"url":null,"entity_id":"Q542","candidates":[]}]],[[{"start":0,"end":42,"url":null,"entity_id":"Q1109132","candidates":[]}],[{"start":0,"end":43,"url":null,"entity_id":"Q1553760","candidates":[]}],[{"start":0,"end":9,"url":null,"entity_id":"Q542","candidates":[]}]],[[{"start":0,"end":43,"url":null,"entity_id":"Q1570502","candidates":[]}],[{"start":0,"end":43,"url":null,"entity_id":"Q1383488","candidates":[]}],[{"start":0,"end":9,"url":null,"entity_id":"Q542","candidates":[]}]],[[{"start":0,"end":43,"url":null,"entity_id":"Q1570449","candidates":[]}],[{"start":0,"end":43,"url":null,"entity_id":"Q1570440","candidates":[]}],[{"start":0,"end":9,"url":null,"entity_id":"Q542","candidates":[]}]],[[{"start":0,"end":43,"url":null,"entity_id":"Q1553760","candidates":[]}],[{"start":0,"end":43,"url":null,"entity_id":"Q1283202","candidates":[]}],[{"start":0,"end":9,"url":null,"entity_id":"Q542","candidates":[]}]],[[{"start":0,"end":43,"url":null,"entity_id":"Q15176745","candidates":[]}],[{"start":0,"end":43,"url":null,"entity_id":"Q1111254","candidates":[]}],[{"start":0,"end":9,"url":null,"entity_id":"Q542","candidates":[]}]],[[{"start":0,"end":42,"url":null,"entity_id":"Q782089","candidates":[]}],[{"start":0,"end":42,"url":null,"entity_id":"Q1109132","candidates":[]}],[{"start":0,"end":9,"url":null,"entity_id":"Q542","candidates":[]}]],[[{"start":0,"end":43,"url":null,"entity_id":"Q285408","candidates":[]}],[{"start":0,"end":43,"url":null,"entity_id":"Q974014","candidates":[]}],[{"start":0,"end":9,"url":null,"entity_id":"Q542","candidates":[]}]],[[{"start":0,"end":43,"url":null,"entity_id":"Q581184","candidates":[]}],[{"start":0,"end":42,"url":null,"entity_id":"Q782089","candidates":[]}],[{"start":0,"end":9,"url":null,"entity_id":"Q542","candidates":[]}]],[[{"start":0,"end":43,"url":null,"entity_id":"Q1570479","candidates":[]}],[{"start":0,"end":43,"url":null,"entity_id":"Q670625","candidates":[]}],[{"start":0,"end":9,"url":null,"entity_id":"Q542","candidates":[]}]],[[{"start":0,"end":43,"url":null,"entity_id":"Q1383488","candidates":[]}],[{"start":0,"end":43,"url":null,"entity_id":"Q581184","candidates":[]}],[{"start":0,"end":9,"url":null,"entity_id":"Q542","candidates":[]}]]]}