{"version":"1.2","table":{"version":"2","table_id":"88LEV4ST","columns":[{"index":0,"name":"col0","values":["Gulfstream G200","Mirage 4000","Boeing 2707","Fokker 100","Concorde","Airbus A400M","Latécoère 300","BFW M.20","Ilyushin Il-103","ICON A5","Yakovlev UT-2","L 58","M-130","W 33","Aero Ae-45","DH.84 Dragon","Bombardier 415","DT-2","Altair 8D","AT-10 Wichita"]},{"index":1,"name":"col1","values":["250","1","0","283","20","80","7","15","66","100","7243","9","3","199","590","202","90","77","11","2371"]},{"index":2,"name":"col2","values":["45000","20000","20000","35000","18300","37000","4600","4700","3000","1524","3500","3500","3048","3500","4350","4420","4500","7400","7250","5150"]}]},"context":{"page_title":null,"page_url":null,"page_entity_id":null,"content_hierarchy":[]},"links":[[[{"start":0,"end":15,"url":null,"entity_id":"Q977549","candidates":[]}],[],[]],[[{"start":0,"end":11,"url":null,"entity_id":"Q877312","candidates":[]}],[],[]],[[{"start":0,"end":11,"url":null,"entity_id":"Q639498","candidates":[]}],[],[]],[[{"start":0,"end":10,"url":null,"entity_id":"Q257298","candidates":[]}],[],[]],[[{"start":0,"end":8,"url":null,"entity_id":"Q6505","candidates":[]}],[],[]],[[{"start":0,"end":12,"url":null,"entity_id":"Q6496","candidates":[]}],[],[]],[[{"start":0,"end":13,"url":null,"entity_id":"Q2632272","candidates":[]}],[],[]],[[{"start":0,"end":8,"url":null,"entity_id":"Q1756865","candidates":[]}],[],[]],[[{"start":0,"end":15,"url":null,"entity_id":"Q1658673","candidates":[]}],[],[]],[[{"start":0,"end":7,"url":null,"entity_id":"Q1060705","candidates":[]}],[],[]],[[{"start":0,"end":13,"url":null,"entity_id":"Q932105","candidates":[]}],[],[]],[[{"start":0,"end":4,"url":null,"entity_id":"Q827372","candidates":[]}],[],[]],[[{"start":0,"end":5,"url":null,"entity_id":"Q615402","candidates":[]}],[],[]],[[{"start":0,"end":4,"url":null,"entity_id":"Q559278","candidates":[]}],[],[]],[[{"start":0,"end":10,"url":null,"entity_id":"Q381249","candidates":[]}],[],[]],[[{"start":0,"end":12,"url":null,"entity_id":"Q285270","candidates":[]}],[],[]],[[{"start":0,"end":14,"url":null,"entity_id":"Q164341","candidates":[]}],[],[]],[[{"start":0,"end":4,"url":null,"entity_id":"Q22672999","candidates":[]}],[],[]],[[{"start":0,"end":9,"url":null,"entity_id":"Q3257746","candidates":[]}],[],[]],[[{"start":0,"end":13,"url":null,"entity_id":"Q2893630","candidates":[]}],[],[]]]}