{"version":"1.2","table":{"version":"2","table_id":"8C72V5BB","columns":[{"index":0,"name":"col0","values":["Hansemann Coast","Finsch Coast","Sansiantai","Makran Coast","Corentyne Coast","Arabian Coast","Coastline of Western Australia","West Coast (Crimea)","Costa Verde","Corton Road","The Sunrise Coast","Sandy Bay North","Governor's Beach","Eastern Beach","Deadmans Beach","Golfo di Vasto","Platamona","platja de l’Arrabassada","Nordenskiöldkysten","Senjōjiki (Wakayama)"]},{"index":1,"name":"col1","values":["East Sepik Province","Papua New Guinea","Chenggong","Sistan and Baluchestan Province","East Berbice-Corentyne","Pomeroon-Supenaam","Western Australia","Crimean Peninsula","Rio de Janeiro","Suffolk","Suffolk","Gibraltar","Gibraltar","Gibraltar","Gibraltar","Vasto","Sassari","Tarragona","Svalbard","Shirahama"]},{"index":2,"name":"col2","values":["Papua New Guinea","Papua New Guinea","Taiwan","Iran","Guyana","Guyana","Australia","Russia","Brazil","United Kingdom","United Kingdom","United Kingdom","United Kingdom","United Kingdom","United Kingdom","Italy","Italy","Spain","Norway","Japan"]}]},"context":{"page_title":null,"page_url":null,"page_entity_id":null,"content_hierarchy":[]},"links":[[[{"start":0,"end":15,"url":null,"entity_id":"Q34716677","candidates":[]}],[{"start":0,"end":19,"url":null,"entity_id":"Q690880","candidates":[]}],[{"start":0,"end":16,"url":null,"entity_id":"Q691","candidates":[]}]],[[{"start":0,"end":12,"url":null,"entity_id":"Q34716669","candidates":[]}],[{"start":0,"end":16,"url":null,"entity_id":"Q691","candidates":[]}],[{"start":0,"end":16,"url":null,"entity_id":"Q691","candidates":[]}]],[[{"start":0,"end":10,"url":null,"entity_id":"Q7419006","candidates":[]}],[{"start":0,"end":9,"url":null,"entity_id":"Q708626","candidates":[]}],[{"start":0,"end":6,"url":null,"entity_id":"Q865","candidates":[]}]],[[{"start":0,"end":12,"url":null,"entity_id":"Q26904205","candidates":[]}],[{"start":0,"end":31,"url":null,"entity_id":"Q939575","candidates":[]}],[{"start":0,"end":4,"url":null,"entity_id":"Q794","candidates":[]}]],[[{"start":0,"end":15,"url":null,"entity_id":"Q25236245","candidates":[]}],[{"start":0,"end":22,"url":null,"entity_id":"Q1277758","candidates":[]}],[{"start":0,"end":6,"url":null,"entity_id":"Q734","candidates":[]}]],[[{"start":0,"end":13,"url":null,"entity_id":"Q25248814","candidates":[]}],[{"start":0,"end":17,"url":null,"entity_id":"Q680382","candidates":[]}],[{"start":0,"end":6,"url":null,"entity_id":"Q734","candidates":[]}]],[[{"start":0,"end":30,"url":null,"entity_id":"Q17986571","candidates":[]}],[{"start":0,"end":17,"url":null,"entity_id":"Q3206","candidates":[]}],[{"start":0,"end":9,"url":null,"entity_id":"Q408","candidates":[]}]],[[{"start":0,"end":19,"url":null,"entity_id":"Q14294968","candidates":[]}],[{"start":0,"end":17,"url":null,"entity_id":"Q7835","candidates":[]}],[{"start":0,"end":6,"url":null,"entity_id":"Q159","candidates":[]}]],[[{"start":0,"end":11,"url":null,"entity_id":"Q5174954","candidates":[]}],[{"start":0,"end":14,"url":null,"entity_id":"Q41428","candidates":[]}],[{"start":0,"end":6,"url":null,"entity_id":"Q155","candidates":[]}]],[[{"start":0,"end":11,"url":null,"entity_id":"Q27048447","candidates":[]}],[{"start":0,"end":7,"url":null,"entity_id":"Q23111","candidates":[]}],[{"start":0,"end":14,"url":null,"entity_id":"Q145","candidates":[]}]],[[{"start":0,"end":17,"url":null,"entity_id":"Q7767437","candidates":[]}],[{"start":0,"end":7,"url":null,"entity_id":"Q23111","candidates":[]}],[{"start":0,"end":14,"url":null,"entity_id":"Q145","candidates":[]}]],[[{"start":0,"end":15,"url":null,"entity_id":"Q24698075","candidates":[]}],[{"start":0,"end":9,"url":null,"entity_id":"Q1410","candidates":[]}],[{"start":0,"end":14,"url":null,"entity_id":"Q145","candidates":[]}]],[[{"start":0,"end":16,"url":null,"entity_id":"Q24698065","candidates":[]}],[{"start":0,"end":9,"url":null,"entity_id":"Q1410","candidates":[]}],[{"start":0,"end":14,"url":null,"entity_id":"Q145","candidates":[]}]],[[{"start":0,"end":13,"url":null,"entity_id":"Q24698060","candidates":[]}],[{"start":0,"end":9,"url":null,"entity_id":"Q1410","candidates":[]}],[{"start":0,"end":14,"url":null,"entity_id":"Q145","candidates":[]}]],[[{"start":0,"end":14,"url":null,"entity_id":"Q24698058","candidates":[]}],[{"start":0,"end":9,"url":null,"entity_id":"Q1410","candidates":[]}],[{"start":0,"end":14,"url":null,"entity_id":"Q145","candidates":[]}]],[[{"start":0,"end":14,"url":null,"entity_id":"Q3773165","candidates":[]}],[{"start":0,"end":5,"url":null,"entity_id":"Q51313","candidates":[]}],[{"start":0,"end":5,"url":null,"entity_id":"Q38","candidates":[]}]],[[{"start":0,"end":9,"url":null,"entity_id":"Q3906380","candidates":[]}],[{"start":0,"end":7,"url":null,"entity_id":"Q13629","candidates":[]}],[{"start":0,"end":5,"url":null,"entity_id":"Q38","candidates":[]}]],[[{"start":0,"end":23,"url":null,"entity_id":"Q24023279","candidates":[]}],[{"start":0,"end":9,"url":null,"entity_id":"Q15088","candidates":[]}],[{"start":0,"end":5,"url":null,"entity_id":"Q29","candidates":[]}]],[[{"start":0,"end":18,"url":null,"entity_id":"Q11991772","candidates":[]}],[{"start":0,"end":8,"url":null,"entity_id":"Q25231","candidates":[]}],[{"start":0,"end":6,"url":null,"entity_id":"Q20","candidates":[]}]],[[{"start":0,"end":20,"url":null,"entity_id":"Q11405755","candidates":[]}],[{"start":0,"end":9,"url":null,"entity_id":"Q1202728","candidates":[]}],[{"start":0,"end":5,"url":null,"entity_id":"Q17","candidates":[]}]]]}