{"version":"1.2","table":{"version":"2","table_id":"8DOV6O4D","columns":[{"index":0,"name":"col0","values":["Spógvin","MV Waxholm II","MV Waxholm I","Djurgården 8","S/S Storskär","S/S Norrskär","SS Drottningholm","S/S Blidösund","MV Östanå I","M/S Värmdö","M/S Väddö","MV Vindöga","M/S Viberö","MV Söderarm","MV Solöga","M/S Skärgården","M/S Saxaren","MV Sandhamn","M/S Roslagen","MV Nämdö"]},{"index":1,"name":"col1","values":["18","350","344","300","320","265","150","264","150","340","340","180","340","500","180","297","340","500","297","280"]},{"index":2,"name":"col2","values":["2.1","2.95","3","2.22","3","3.5","1.9","2.44","2.7","1.2","1.2","3.25","1.2","2.84","3.5","1.4","1.4","2.85","1.4","2.8"]}]},"context":{"page_title":null,"page_url":null,"page_entity_id":null,"content_hierarchy":[]},"links":[[[{"start":0,"end":7,"url":null,"entity_id":"Q71827206","candidates":[]}],[],[]],[[{"start":0,"end":13,"url":null,"entity_id":"Q31895770","candidates":[]}],[],[]],[[{"start":0,"end":12,"url":null,"entity_id":"Q31885478","candidates":[]}],[],[]],[[{"start":0,"end":12,"url":null,"entity_id":"Q15662618","candidates":[]}],[],[]],[[{"start":0,"end":12,"url":null,"entity_id":"Q10659340","candidates":[]}],[],[]],[[{"start":0,"end":12,"url":null,"entity_id":"Q10659318","candidates":[]}],[],[]],[[{"start":0,"end":16,"url":null,"entity_id":"Q10659251","candidates":[]}],[],[]],[[{"start":0,"end":13,"url":null,"entity_id":"Q10659232","candidates":[]}],[],[]],[[{"start":0,"end":11,"url":null,"entity_id":"Q10573209","candidates":[]}],[],[]],[[{"start":0,"end":10,"url":null,"entity_id":"Q10573202","candidates":[]}],[],[]],[[{"start":0,"end":9,"url":null,"entity_id":"Q10573201","candidates":[]}],[],[]],[[{"start":0,"end":10,"url":null,"entity_id":"Q10573200","candidates":[]}],[],[]],[[{"start":0,"end":10,"url":null,"entity_id":"Q10573196","candidates":[]}],[],[]],[[{"start":0,"end":11,"url":null,"entity_id":"Q10573179","candidates":[]}],[],[]],[[{"start":0,"end":9,"url":null,"entity_id":"Q10573163","candidates":[]}],[],[]],[[{"start":0,"end":14,"url":null,"entity_id":"Q10573162","candidates":[]}],[],[]],[[{"start":0,"end":11,"url":null,"entity_id":"Q10573151","candidates":[]}],[],[]],[[{"start":0,"end":11,"url":null,"entity_id":"Q10573149","candidates":[]}],[],[]],[[{"start":0,"end":12,"url":null,"entity_id":"Q10573144","candidates":[]}],[],[]],[[{"start":0,"end":8,"url":null,"entity_id":"Q10573127","candidates":[]}],[],[]]]}