{"version":"1.2","table":{"version":"2","table_id":"8EFC5XVR","columns":[{"index":0,"name":"col0","values":["Cygqus NG-12","Arianeflight VA234","Ariane flight VA25","Ariane flight VA241","Ariane flighv VA246","Wega hlight VV02","Arjane flight VA241","Arane flight VA242","SpaceXCRS-18","Cyious NG-13","Vega fight VV15","Veg flight VV14","Vega flight VV33","Wega flight VV12","Vega flight VV1","Vega!flight VV10","Vea flight VV09","Vega flighu VV08","Vega fliht VV07","Veja flight VV06"]},{"index":1,"name":"col1","values":["docking and berthing of spacecraft","rocket launch","rocket launch","rocket launch","rocket launch","rocket launch","rocket launch","rocket launch","rocket launch","rocket launch","rocket launch","rocket launch","rocket launch","rocket launch","rocket launch","rocket launch","rocket launch","rocket launch","rocket launch","rocket launch"]},{"index":2,"name":"col2","values":["Cygnus NG-11","Ariane flight VA233","Ariane flight VA234","Ariane flight VA239","Ariane flight VA245","Vega flight VV01","Ariane flight VA240","Ariane flight VA241","SpaceX CRS-17","Cygnus NG-12","Vega flight VV14","Vega flight VV13","Vega flight VV12","Vega flight VV11","Vega flight VV10","Vega flight VV09","Vega flight VV08","Vega flight VV07","Vega flight VV06","Vega flight VV05"]},{"index":3,"name":"col3","values":["Northrop Grumman Innovation Systems","Arianespace","Arianespace","Arianespace","Arianespace","Arianespace","Arianespace","Arianespace","SpaceX","Northrop Grumman Innovation Systems","Arianespace","Arianespace","Arianespace","Arianespace","Arianespace","Arianespace","Arianespace","Arianespace","Arianespace","Arianespace"]}]},"context":{"page_title":null,"page_url":null,"page_entity_id":null,"content_hierarchy":[]},"links":[[[{"start":0,"end":12,"url":null,"entity_id":"Q65086039","candidates":[]}],[{"start":0,"end":34,"url":null,"entity_id":"Q557450","candidates":[]}],[{"start":0,"end":12,"url":null,"entity_id":"Q27048770","candidates":[]}],[{"start":0,"end":35,"url":null,"entity_id":"Q19509388","candidates":[]}]],[[{"start":0,"end":18,"url":null,"entity_id":"Q60056831","candidates":[]}],[{"start":0,"end":13,"url":null,"entity_id":"Q797476","candidates":[]}],[{"start":0,"end":19,"url":null,"entity_id":"Q60056877","candidates":[]}],[{"start":0,"end":11,"url":null,"entity_id":"Q309867","candidates":[]}]],[[{"start":0,"end":18,"url":null,"entity_id":"Q60056652","candidates":[]}],[{"start":0,"end":13,"url":null,"entity_id":"Q797476","candidates":[]}],[{"start":0,"end":19,"url":null,"entity_id":"Q60056831","candidates":[]}],[{"start":0,"end":11,"url":null,"entity_id":"Q309867","candidates":[]}]],[[{"start":0,"end":19,"url":null,"entity_id":"Q55393502","candidates":[]}],[{"start":0,"end":13,"url":null,"entity_id":"Q797476","candidates":[]}],[{"start":0,"end":19,"url":null,"entity_id":"Q60056384","candidates":[]}],[{"start":0,"end":11,"url":null,"entity_id":"Q309867","candidates":[]}]],[[{"start":0,"end":19,"url":null,"entity_id":"Q59434449","candidates":[]}],[{"start":0,"end":13,"url":null,"entity_id":"Q797476","candidates":[]}],[{"start":0,"end":19,"url":null,"entity_id":"Q57977703","candidates":[]}],[{"start":0,"end":11,"url":null,"entity_id":"Q309867","candidates":[]}]],[[{"start":0,"end":16,"url":null,"entity_id":"Q59922555","candidates":[]}],[{"start":0,"end":13,"url":null,"entity_id":"Q797476","candidates":[]}],[{"start":0,"end":16,"url":null,"entity_id":"Q56290488","candidates":[]}],[{"start":0,"end":11,"url":null,"entity_id":"Q309867","candidates":[]}]],[[{"start":0,"end":19,"url":null,"entity_id":"Q47540245","candidates":[]}],[{"start":0,"end":13,"url":null,"entity_id":"Q797476","candidates":[]}],[{"start":0,"end":19,"url":null,"entity_id":"Q55393502","candidates":[]}],[{"start":0,"end":11,"url":null,"entity_id":"Q309867","candidates":[]}]],[[{"start":0,"end":18,"url":null,"entity_id":"Q54621798","candidates":[]}],[{"start":0,"end":13,"url":null,"entity_id":"Q797476","candidates":[]}],[{"start":0,"end":19,"url":null,"entity_id":"Q47540245","candidates":[]}],[{"start":0,"end":11,"url":null,"entity_id":"Q309867","candidates":[]}]],[[{"start":0,"end":12,"url":null,"entity_id":"Q27048774","candidates":[]}],[{"start":0,"end":13,"url":null,"entity_id":"Q797476","candidates":[]}],[{"start":0,"end":13,"url":null,"entity_id":"Q27048773","candidates":[]}],[{"start":0,"end":6,"url":null,"entity_id":"Q193701","candidates":[]}]],[[{"start":0,"end":12,"url":null,"entity_id":"Q77869031","candidates":[]}],[{"start":0,"end":13,"url":null,"entity_id":"Q797476","candidates":[]}],[{"start":0,"end":12,"url":null,"entity_id":"Q65086039","candidates":[]}],[{"start":0,"end":35,"url":null,"entity_id":"Q19509388","candidates":[]}]],[[{"start":0,"end":15,"url":null,"entity_id":"Q66247812","candidates":[]}],[{"start":0,"end":13,"url":null,"entity_id":"Q797476","candidates":[]}],[{"start":0,"end":16,"url":null,"entity_id":"Q66247175","candidates":[]}],[{"start":0,"end":11,"url":null,"entity_id":"Q309867","candidates":[]}]],[[{"start":0,"end":15,"url":null,"entity_id":"Q66247175","candidates":[]}],[{"start":0,"end":13,"url":null,"entity_id":"Q797476","candidates":[]}],[{"start":0,"end":16,"url":null,"entity_id":"Q59931010","candidates":[]}],[{"start":0,"end":11,"url":null,"entity_id":"Q309867","candidates":[]}]],[[{"start":0,"end":16,"url":null,"entity_id":"Q59931010","candidates":[]}],[{"start":0,"end":13,"url":null,"entity_id":"Q797476","candidates":[]}],[{"start":0,"end":16,"url":null,"entity_id":"Q59930963","candidates":[]}],[{"start":0,"end":11,"url":null,"entity_id":"Q309867","candidates":[]}]],[[{"start":0,"end":16,"url":null,"entity_id":"Q59930963","candidates":[]}],[{"start":0,"end":13,"url":null,"entity_id":"Q797476","candidates":[]}],[{"start":0,"end":16,"url":null,"entity_id":"Q59930947","candidates":[]}],[{"start":0,"end":11,"url":null,"entity_id":"Q309867","candidates":[]}]],[[{"start":0,"end":15,"url":null,"entity_id":"Q59930947","candidates":[]}],[{"start":0,"end":13,"url":null,"entity_id":"Q797476","candidates":[]}],[{"start":0,"end":16,"url":null,"entity_id":"Q59930926","candidates":[]}],[{"start":0,"end":11,"url":null,"entity_id":"Q309867","candidates":[]}]],[[{"start":0,"end":16,"url":null,"entity_id":"Q59930926","candidates":[]}],[{"start":0,"end":13,"url":null,"entity_id":"Q797476","candidates":[]}],[{"start":0,"end":16,"url":null,"entity_id":"Q59930909","candidates":[]}],[{"start":0,"end":11,"url":null,"entity_id":"Q309867","candidates":[]}]],[[{"start":0,"end":15,"url":null,"entity_id":"Q59930909","candidates":[]}],[{"start":0,"end":13,"url":null,"entity_id":"Q797476","candidates":[]}],[{"start":0,"end":16,"url":null,"entity_id":"Q59930891","candidates":[]}],[{"start":0,"end":11,"url":null,"entity_id":"Q309867","candidates":[]}]],[[{"start":0,"end":16,"url":null,"entity_id":"Q59930891","candidates":[]}],[{"start":0,"end":13,"url":null,"entity_id":"Q797476","candidates":[]}],[{"start":0,"end":16,"url":null,"entity_id":"Q59930876","candidates":[]}],[{"start":0,"end":11,"url":null,"entity_id":"Q309867","candidates":[]}]],[[{"start":0,"end":15,"url":null,"entity_id":"Q59930876","candidates":[]}],[{"start":0,"end":13,"url":null,"entity_id":"Q797476","candidates":[]}],[{"start":0,"end":16,"url":null,"entity_id":"Q59930723","candidates":[]}],[{"start":0,"end":11,"url":null,"entity_id":"Q309867","candidates":[]}]],[[{"start":0,"end":16,"url":null,"entity_id":"Q59930723","candidates":[]}],[{"start":0,"end":13,"url":null,"entity_id":"Q797476","candidates":[]}],[{"start":0,"end":16,"url":null,"entity_id":"Q59930600","candidates":[]}],[{"start":0,"end":11,"url":null,"entity_id":"Q309867","candidates":[]}]]]}