{"version":"1.2","table":{"version":"2","table_id":"8HFADJMX","columns":[{"index":0,"name":"col0","values":["[SSA2010] 2224","[SSA2010] 1980","[SSA2010] 1381","[SSA2010] 1356","[SSA2010] 1644","[SSA2010] 1021","[SSA2010] 1385","[SSA2010] 1436","[SSA2010] 1415","[PR95] 50513","[JSR2014] S760","[JSR2014] S758","[JSR2014] S734","[RZ2004] GCl 2968","[RZ2004] GCl 1998","[RZ2004] GCl 2381","[RZ2004] GCl 4029","[RZ2004] GCl 4301","[RZ2004] GCl 2503","[GPH2009] N4163-01"]},{"index":1,"name":"col1","values":["23.685229422189","23.5912730516906","23.4209678132373","23.4148594109158","23.4929707721225","23.3072348249048","23.4218181220345","23.4331578533184","23.4286786988833","149.0349484853283","151.2531962832823","151.2889911223796","151.1603281505277","189.9916590258119","190.0672853414842","190.0388221545491","189.8941226735931","189.8658506089393","190.0300296365433","183.0402465075915"]},{"index":2,"name":"col2","values":["30.2806628149829","30.7861904978689","30.8176987310054","30.7704287475464","30.6382787127822","30.6946111147856","30.3380780150622","30.3800873972184","30.5480383611068","69.0642048838888","-7.6106302725911","-7.6835890791757","-7.7233673041741","-11.5741602728744","-11.7085415660423","-11.5878879169006","-11.6053091161027","-11.6107711919105","-11.6738021863219","36.1707534975042"]},{"index":3,"name":"col3","values":["16.629","19.396","18.685","18.665","15.675","18.78","18.035","19.018","19.207","17.89","17.281","17.692","19.217","20.27","20.55","19.83","20.77","20.73","20.28","18.3511"]},{"index":4,"name":"col4","values":["-6.446","-4.627","-2.288","-0.125","-9.065","1.444","-0.107","0.671","2.186","-0.242","-21.854","-7.497","-40.876","-2.155","-14.643","-1.826","-9.596","-6.979","-0.657","0.486"]}]},"context":{"page_title":null,"page_url":null,"page_entity_id":null,"content_hierarchy":[]},"links":[[[{"start":0,"end":14,"url":null,"entity_id":"Q81379404","candidates":[]}],[],[],[],[]],[[{"start":0,"end":14,"url":null,"entity_id":"Q81379338","candidates":[]}],[],[],[],[]],[[{"start":0,"end":14,"url":null,"entity_id":"Q81377682","candidates":[]}],[],[],[],[]],[[{"start":0,"end":14,"url":null,"entity_id":"Q81376932","candidates":[]}],[],[],[],[]],[[{"start":0,"end":14,"url":null,"entity_id":"Q81376858","candidates":[]}],[],[],[],[]],[[{"start":0,"end":14,"url":null,"entity_id":"Q81376133","candidates":[]}],[],[],[],[]],[[{"start":0,"end":14,"url":null,"entity_id":"Q81375087","candidates":[]}],[],[],[],[]],[[{"start":0,"end":14,"url":null,"entity_id":"Q81374418","candidates":[]}],[],[],[],[]],[[{"start":0,"end":14,"url":null,"entity_id":"Q81371529","candidates":[]}],[],[],[],[]],[[{"start":0,"end":12,"url":null,"entity_id":"Q81100542","candidates":[]}],[],[],[],[]],[[{"start":0,"end":14,"url":null,"entity_id":"Q81671568","candidates":[]}],[],[],[],[]],[[{"start":0,"end":14,"url":null,"entity_id":"Q81671535","candidates":[]}],[],[],[],[]],[[{"start":0,"end":14,"url":null,"entity_id":"Q81671533","candidates":[]}],[],[],[],[]],[[{"start":0,"end":17,"url":null,"entity_id":"Q77402081","candidates":[]}],[],[],[],[]],[[{"start":0,"end":17,"url":null,"entity_id":"Q77401544","candidates":[]}],[],[],[],[]],[[{"start":0,"end":17,"url":null,"entity_id":"Q77400644","candidates":[]}],[],[],[],[]],[[{"start":0,"end":17,"url":null,"entity_id":"Q77400451","candidates":[]}],[],[],[],[]],[[{"start":0,"end":17,"url":null,"entity_id":"Q77399448","candidates":[]}],[],[],[],[]],[[{"start":0,"end":17,"url":null,"entity_id":"Q77397356","candidates":[]}],[],[],[],[]],[[{"start":0,"end":18,"url":null,"entity_id":"Q77631743","candidates":[]}],[],[],[],[]]]}