{"version":"1.2","table":{"version":"2","table_id":"8K1WI7M4","columns":[{"index":0,"name":"col0","values":["Radgmin","Leppip","Wrenen","Misselwauden","Uthlfde","Drangstdt","Kührsteft","Scharnhorst, Lower Saxoqy","Elmloje","Binde","Höfer","Wldemann","Musum","Gaden","Köhnen","Wulubüttel","Pcdingbüttel","Altnerdingsen","Nrosigk","Neulingen, Saxony-Ankalt"]},{"index":1,"name":"col1","values":["13.99292","25.37625","25.36128","10.216800000000001","15.36724","17.12212","25.653","15.855839999999999","23.2301","15.8841","21.716910000000002","3.3099399999999997","8.489009999999999","23.06304","26.693279999999998","37.8675","9.34464","8.7824","9.09321","9.86049"]},{"index":2,"name":"col2","values":["35.105","26.73","0.0","1.992","10.09","11.892","4.98","80.19","4.995","30.783","61.30499999999999","389.61","2.976","700.4849999999999","7.062999999999999","22.176000000000002","1.006","55.496","176.528","29.97"]}]},"context":{"page_title":null,"page_url":null,"page_entity_id":null,"content_hierarchy":[]},"links":[[[{"start":0,"end":7,"url":null,"entity_id":"Q676034","candidates":[]}],[],[]],[[{"start":0,"end":6,"url":null,"entity_id":"Q646482","candidates":[]}],[],[]],[[{"start":0,"end":6,"url":null,"entity_id":"Q639403","candidates":[]}],[],[]],[[{"start":0,"end":12,"url":null,"entity_id":"Q633866","candidates":[]}],[],[]],[[{"start":0,"end":7,"url":null,"entity_id":"Q629094","candidates":[]}],[],[]],[[{"start":0,"end":9,"url":null,"entity_id":"Q627659","candidates":[]}],[],[]],[[{"start":0,"end":9,"url":null,"entity_id":"Q624421","candidates":[]}],[],[]],[[{"start":0,"end":25,"url":null,"entity_id":"Q624412","candidates":[]}],[],[]],[[{"start":0,"end":7,"url":null,"entity_id":"Q621241","candidates":[]}],[],[]],[[{"start":0,"end":5,"url":null,"entity_id":"Q586157","candidates":[]}],[],[]],[[{"start":0,"end":5,"url":null,"entity_id":"Q566279","candidates":[]}],[],[]],[[{"start":0,"end":8,"url":null,"entity_id":"Q558584","candidates":[]}],[],[]],[[{"start":0,"end":5,"url":null,"entity_id":"Q556558","candidates":[]}],[],[]],[[{"start":0,"end":5,"url":null,"entity_id":"Q525874","candidates":[]}],[],[]],[[{"start":0,"end":6,"url":null,"entity_id":"Q514612","candidates":[]}],[],[]],[[{"start":0,"end":10,"url":null,"entity_id":"Q505582","candidates":[]}],[],[]],[[{"start":0,"end":12,"url":null,"entity_id":"Q504757","candidates":[]}],[],[]],[[{"start":0,"end":13,"url":null,"entity_id":"Q442778","candidates":[]}],[],[]],[[{"start":0,"end":7,"url":null,"entity_id":"Q431966","candidates":[]}],[],[]],[[{"start":0,"end":24,"url":null,"entity_id":"Q430571","candidates":[]}],[],[]]]}