{"version":"1.2","table":{"version":"2","table_id":"8L0GXVAW","columns":[{"index":0,"name":"col0","values":["NGC 289","NGC 2903","NGC 101","NGC 4921","NGC 4718","NGC 1023","NGC 102","NGC 925","NGC 1313","NGC 1097","NGC 3786","NGC 4027","NGC 1483","NGC 5806","NGC 1614","NGC 4390","NGC 357","NGC 4416","Tadpole Galaxy","Messier 95"]},{"index":1,"name":"col1","values":["23.33","9.33","45.92","81.5","59.7","10.42","100","9.55","4.25","15.78","41.6","23.83","14.86","27.04","64.78","17","86000000","16.12","400000000","9.95"]},{"index":2,"name":"col2","values":["-31.2058306","21.5008306","-32.5362056","27.8860088312309","-5.2818972","39.06325","-13.9563470496307","33.5788806","-66.4982611","-30.2749111","31.9094320175766","-19.2651722","-47.4775167","1.8912667","-8.5790472","10.459031858683","-6.33925","7.9188333","55.4253694","11.7036111"]}]},"context":{"page_title":null,"page_url":null,"page_entity_id":null,"content_hierarchy":[]},"links":[[[{"start":0,"end":7,"url":null,"entity_id":"Q909697","candidates":[]}],[],[]],[[{"start":0,"end":8,"url":null,"entity_id":"Q829429","candidates":[]}],[],[]],[[{"start":0,"end":7,"url":null,"entity_id":"Q754079","candidates":[]}],[],[]],[[{"start":0,"end":8,"url":null,"entity_id":"Q720375","candidates":[]}],[],[]],[[{"start":0,"end":8,"url":null,"entity_id":"Q664755","candidates":[]}],[],[]],[[{"start":0,"end":8,"url":null,"entity_id":"Q639434","candidates":[]}],[],[]],[[{"start":0,"end":7,"url":null,"entity_id":"Q597313","candidates":[]}],[],[]],[[{"start":0,"end":7,"url":null,"entity_id":"Q506432","candidates":[]}],[],[]],[[{"start":0,"end":8,"url":null,"entity_id":"Q495791","candidates":[]}],[],[]],[[{"start":0,"end":8,"url":null,"entity_id":"Q493569","candidates":[]}],[],[]],[[{"start":0,"end":8,"url":null,"entity_id":"Q174581","candidates":[]}],[],[]],[[{"start":0,"end":8,"url":null,"entity_id":"Q141691","candidates":[]}],[],[]],[[{"start":0,"end":8,"url":null,"entity_id":"Q125818","candidates":[]}],[],[]],[[{"start":0,"end":8,"url":null,"entity_id":"Q121621","candidates":[]}],[],[]],[[{"start":0,"end":8,"url":null,"entity_id":"Q119977","candidates":[]}],[],[]],[[{"start":0,"end":8,"url":null,"entity_id":"Q119201","candidates":[]}],[],[]],[[{"start":0,"end":7,"url":null,"entity_id":"Q116374","candidates":[]}],[],[]],[[{"start":0,"end":8,"url":null,"entity_id":"Q116217","candidates":[]}],[],[]],[[{"start":0,"end":14,"url":null,"entity_id":"Q115482","candidates":[]}],[],[]],[[{"start":0,"end":10,"url":null,"entity_id":"Q14351","candidates":[]}],[],[]]]}