[{"version":1,"nodes":[{"col_index":0,"label":"col0","id":0},{"col_index":1,"label":"col1","id":1},{"abs_uri":"http://www.wikidata.org/entity/Q17624054","rel_uri":"wd:Q17624054","approximation":false,"readable_label":"fictional deity (Q17624054)","id":2}],"edges":[{"source":2,"target":0,"abs_uri":"http://www.w3.org/2000/01/rdf-schema#label","rel_uri":"rdfs:label","approximation":false,"readable_label":"rdfs:label","id":0},{"source":2,"target":1,"abs_uri":"http://www.wikidata.org/prop/P1441","rel_uri":"p:P1441","approximation":false,"readable_label":"present in work (P1441)","id":1}]}]