[{"version":1,"nodes":[{"col_index":0,"label":"col0","id":0},{"col_index":1,"label":"col1","id":1},{"col_index":2,"label":"col2","id":2},{"abs_uri":"http://www.wikidata.org/entity/Q29168811","rel_uri":"wd:Q29168811","approximation":false,"readable_label":"animated feature film (Q29168811)","id":3},{"abs_uri":"http://www.wikidata.org/entity/Q5","rel_uri":"wd:Q5","approximation":false,"readable_label":"human (Q5)","id":4}],"edges":[{"source":3,"target":0,"abs_uri":"http://www.w3.org/2000/01/rdf-schema#label","rel_uri":"rdfs:label","approximation":false,"readable_label":"rdfs:label","id":0},{"source":4,"target":2,"abs_uri":"http://www.w3.org/2000/01/rdf-schema#label","rel_uri":"rdfs:label","approximation":false,"readable_label":"rdfs:label","id":1},{"source":3,"target":1,"abs_uri":"http://www.wikidata.org/prop/P180","rel_uri":"p:P180","approximation":false,"readable_label":"depicts (P180)","id":2},{"source":3,"target":4,"abs_uri":"http://www.wikidata.org/prop/P3174","rel_uri":"p:P3174","approximation":false,"readable_label":"art director (P3174)","id":3}]}]