{"version":2,"table":{"version":2,"table_id":"UYMSRNGM","columns":[{"index":0,"name":"col0","values":["All of Me / Romance in the Dark","When You Dream About Hawaii / Sail Along Silvery Moon"]},{"index":1,"name":"col1","values":["2","2"]}]},"context":{"version":3,"page_title":null,"page_url":null,"entities":[],"literals":[],"content_hierarchy":[]},"links":[[[{"version":2,"start":0,"end":31,"url":null,"entities":[{"id":"Q93750388","type":"wikidata"}]}],[]],[[{"version":2,"start":0,"end":53,"url":null,"entities":[{"id":"Q108761704","type":"wikidata"}]}],[]]]}