{"version":2,"table":{"version":2,"table_id":"UYVYXAQD","columns":[{"index":0,"name":"col0","values":["Tikoma","Duyfken"]},{"index":1,"name":"col1","values":["","ship launching"]}]},"context":{"version":3,"page_title":null,"page_url":null,"entities":[],"literals":[],"content_hierarchy":[]},"links":[[[{"version":2,"start":0,"end":6,"url":null,"entities":[{"id":"Q7801965","type":"wikidata"}]}],[]],[[{"version":2,"start":0,"end":7,"url":null,"entities":[{"id":"Q1268123","type":"wikidata"}]}],[{"version":2,"start":0,"end":14,"url":null,"entities":[{"id":"Q596643","type":"wikidata"}]}]]]}