{"version":2,"table":{"version":2,"table_id":"V28H9SC0","columns":[{"index":0,"name":"col0","values":["Two-fold Screen","Black and White","Man of Sorrows","Annunciation"]},{"index":1,"name":"col1","values":["","41.4","26.5","24"]}]},"context":{"version":3,"page_title":null,"page_url":null,"entities":[],"literals":[],"content_hierarchy":[]},"links":[[[{"version":2,"start":0,"end":15,"url":null,"entities":[{"id":"Q101516793","type":"wikidata"}]}],[]],[[{"version":2,"start":0,"end":15,"url":null,"entities":[{"id":"Q92402922","type":"wikidata"}]}],[]],[[{"version":2,"start":0,"end":14,"url":null,"entities":[{"id":"Q27565352","type":"wikidata"}]}],[]],[[{"version":2,"start":0,"end":12,"url":null,"entities":[{"id":"Q2516599","type":"wikidata"}]}],[]]]}