{"version":2,"table":{"version":2,"table_id":"V2A45T5W","columns":[{"index":0,"name":"col0","values":["New Zealand Football Championship","Primera D","Segunda División B Nacional de Uruguay","Eccellenza Liguria","Martinique Championnat National","Treća HNL"]},{"index":1,"name":"col1","values":["","","","","1","1"]}]},"context":{"version":3,"page_title":null,"page_url":null,"entities":[],"literals":[],"content_hierarchy":[]},"links":[[[{"version":2,"start":0,"end":33,"url":null,"entities":[{"id":"Q1063772","type":"wikidata"}]}],[]],[[{"version":2,"start":0,"end":9,"url":null,"entities":[{"id":"Q845418","type":"wikidata"}]}],[]],[[{"version":2,"start":0,"end":38,"url":null,"entities":[{"id":"Q30911677","type":"wikidata"}]}],[]],[[{"version":2,"start":0,"end":18,"url":null,"entities":[{"id":"Q3718091","type":"wikidata"}]}],[]],[[{"version":2,"start":0,"end":31,"url":null,"entities":[{"id":"Q2292277","type":"wikidata"}]}],[]],[[{"version":2,"start":0,"end":9,"url":null,"entities":[{"id":"Q3511878","type":"wikidata"}]}],[]]]}