{"version":2,"table":{"version":2,"table_id":"VBY78AEA","columns":[{"index":0,"name":"col0","values":["Expat","Reduce"]},{"index":1,"name":"col1","values":["Extensible Markup Language","science"]}]},"context":{"version":3,"page_title":null,"page_url":null,"entities":[],"literals":[],"content_hierarchy":[]},"links":[[[{"version":2,"start":0,"end":5,"url":null,"entities":[{"id":"Q2074084","type":"wikidata"}]}],[{"version":2,"start":0,"end":26,"url":null,"entities":[{"id":"Q2115","type":"wikidata"}]}]],[[{"version":2,"start":0,"end":6,"url":null,"entities":[{"id":"Q1857633","type":"wikidata"}]}],[{"version":2,"start":0,"end":7,"url":null,"entities":[{"id":"Q336","type":"wikidata"}]}]]]}