{"version":2,"table":{"version":2,"table_id":"VJY80UVD","columns":[{"index":0,"name":"col0","values":["Elk Grove Township","Cropsey Township","Pickaway Township","Catlin Township"]},{"index":1,"name":"col1","values":["215","","718","205"]}]},"context":{"version":3,"page_title":null,"page_url":null,"entities":[],"literals":[],"content_hierarchy":[]},"links":[[[{"version":2,"start":0,"end":18,"url":null,"entities":[{"id":"Q2893477","type":"wikidata"}]}],[]],[[{"version":2,"start":0,"end":16,"url":null,"entities":[{"id":"Q5187995","type":"wikidata"}]}],[]],[[{"version":2,"start":0,"end":17,"url":null,"entities":[{"id":"Q7190776","type":"wikidata"}]}],[]],[[{"version":2,"start":0,"end":15,"url":null,"entities":[{"id":"Q5053573","type":"wikidata"}]}],[]]]}