{"version":2,"table":{"version":2,"table_id":"VM6BFM5J","columns":[{"index":0,"name":"col0","values":["Hurricane Lane","Hurricane Maria","Hurricane Irma"]},{"index":1,"name":"col1","values":["140","175","180"]}]},"context":{"version":3,"page_title":null,"page_url":null,"entities":[],"literals":[],"content_hierarchy":[]},"links":[[[{"version":2,"start":0,"end":14,"url":null,"entities":[{"id":"Q56210962","type":"wikidata"}]}],[]],[[{"version":2,"start":0,"end":15,"url":null,"entities":[{"id":"Q40178187","type":"wikidata"}]}],[]],[[{"version":2,"start":0,"end":14,"url":null,"entities":[{"id":"Q38685186","type":"wikidata"}]}],[]]]}