{"version":2,"table":{"version":2,"table_id":"VTG0KB66","columns":[{"index":0,"name":"col0","values":["Huesca Province","La Rioja","Barcelona Province","Province of Logroño","Region of Murcia","Teruel Province"]},{"index":1,"name":"col1","values":["15626","5045","7726.36","","11313","14804"]}]},"context":{"version":3,"page_title":null,"page_url":null,"entities":[],"literals":[],"content_hierarchy":[]},"links":[[[{"version":2,"start":0,"end":15,"url":null,"entities":[{"id":"Q55182","type":"wikidata"}]}],[]],[[{"version":2,"start":0,"end":8,"url":null,"entities":[{"id":"Q5727","type":"wikidata"}]}],[]],[[{"version":2,"start":0,"end":18,"url":null,"entities":[{"id":"Q81949","type":"wikidata"}]}],[]],[[{"version":2,"start":0,"end":19,"url":null,"entities":[{"id":"Q9063368","type":"wikidata"}]}],[]],[[{"version":2,"start":0,"end":16,"url":null,"entities":[{"id":"Q5772","type":"wikidata"}]}],[]],[[{"version":2,"start":0,"end":15,"url":null,"entities":[{"id":"Q54955","type":"wikidata"}]}],[]]]}