{"version":2,"table":{"version":2,"table_id":"VWSR9H4H","columns":[{"index":0,"name":"col0","values":["Passo della Forcella","Bocca della Selva","Grosse Scheidegg","Planche des Belles Filles","Island Saddle","Rengg","Arapaho Pass","Arapaho Pass"]},{"index":1,"name":"col1","values":["910","1395","1962","1148","1347","959","8953","11906"]}]},"context":{"version":3,"page_title":null,"page_url":null,"entities":[],"literals":[],"content_hierarchy":[]},"links":[[[{"version":2,"start":0,"end":20,"url":null,"entities":[{"id":"Q3897390","type":"wikidata"}]}],[]],[[{"version":2,"start":0,"end":17,"url":null,"entities":[{"id":"Q3641467","type":"wikidata"}]}],[]],[[{"version":2,"start":0,"end":16,"url":null,"entities":[{"id":"Q665185","type":"wikidata"}]}],[]],[[{"version":2,"start":0,"end":25,"url":null,"entities":[{"id":"Q2098121","type":"wikidata"}]}],[]],[[{"version":2,"start":0,"end":13,"url":null,"entities":[{"id":"Q8558501","type":"wikidata"}]}],[]],[[{"version":2,"start":0,"end":5,"url":null,"entities":[{"id":"Q654571","type":"wikidata"}]}],[]],[[{"version":2,"start":0,"end":12,"url":null,"entities":[{"id":"Q4784189","type":"wikidata"}]}],[]],[[{"version":2,"start":0,"end":12,"url":null,"entities":[{"id":"Q4784188","type":"wikidata"}]}],[]]]}