{"version":2,"table":{"version":2,"table_id":"W0HC7FOL","columns":[{"index":0,"name":"col0","values":["Going Mobile","My Wife","Baba O'Riley"]},{"index":1,"name":"col1","values":["Glyn Johns","Glyn Johns","Glyn Johns"]},{"index":2,"name":"col2","values":["Who's Next","Who's Next","Who's Next"]}]},"context":{"version":3,"page_title":null,"page_url":null,"entities":[],"literals":[],"content_hierarchy":[]},"links":[[[{"version":2,"start":0,"end":12,"url":null,"entities":[{"id":"Q67522245","type":"wikidata"}]}],[{"version":2,"start":0,"end":10,"url":null,"entities":[{"id":"Q956126","type":"wikidata"}]}],[{"version":2,"start":0,"end":10,"url":null,"entities":[{"id":"Q729387","type":"wikidata"}]}]],[[{"version":2,"start":0,"end":7,"url":null,"entities":[{"id":"Q67402768","type":"wikidata"}]}],[{"version":2,"start":0,"end":10,"url":null,"entities":[{"id":"Q956126","type":"wikidata"}]}],[{"version":2,"start":0,"end":10,"url":null,"entities":[{"id":"Q729387","type":"wikidata"}]}]],[[{"version":2,"start":0,"end":12,"url":null,"entities":[{"id":"Q67401932","type":"wikidata"}]}],[{"version":2,"start":0,"end":10,"url":null,"entities":[{"id":"Q956126","type":"wikidata"}]}],[{"version":2,"start":0,"end":10,"url":null,"entities":[{"id":"Q729387","type":"wikidata"}]}]]]}