{"version":2,"table":{"version":2,"table_id":"W3ZGU7IX","columns":[{"index":0,"name":"col0","values":["Ravi.","Grnen","Bar(am","Urim","Nahshrn","EinGedi","Dan"]},{"index":1,"name":"col1","values":["92.721","326.368","588.23","506.016","491.508","559.317","661.338"]},{"index":2,"name":"col2","values":["171.02","98.307","722.825","96.0","180.89999999999998","-297.6","170.34"]}]},"context":{"version":3,"page_title":null,"page_url":null,"entities":[],"literals":[],"content_hierarchy":[]},"links":[[[{"version":2,"start":0,"end":5,"url":null,"entities":[{"id":"Q2889811","type":"wikidata"}]}],[],[]],[[{"version":2,"start":0,"end":5,"url":null,"entities":[{"id":"Q2777378","type":"wikidata"}]}],[],[]],[[{"version":2,"start":0,"end":6,"url":null,"entities":[{"id":"Q1011502","type":"wikidata"}]}],[],[]],[[{"version":2,"start":0,"end":4,"url":null,"entities":[{"id":"Q1018892","type":"wikidata"}]}],[],[]],[[{"version":2,"start":0,"end":7,"url":null,"entities":[{"id":"Q2920050","type":"wikidata"}]}],[],[]],[[{"version":2,"start":0,"end":7,"url":null,"entities":[{"id":"Q2469471","type":"wikidata"}]}],[],[]],[[{"version":2,"start":0,"end":3,"url":null,"entities":[{"id":"Q991372","type":"wikidata"}]}],[],[]]]}