{"version":2,"table":{"version":2,"table_id":"W52HEMD4","columns":[{"index":0,"name":"col0","values":["Pen-y-Darren locomotive","Manning Wardle works no. 434 “Pioneer”","Earl of Airlie"]},{"index":1,"name":"col1","values":["1","","2"]}]},"context":{"version":3,"page_title":null,"page_url":null,"entities":[],"literals":[],"content_hierarchy":[]},"links":[[[{"version":2,"start":0,"end":23,"url":null,"entities":[{"id":"Q3257769","type":"wikidata"}]}],[]],[[{"version":2,"start":0,"end":38,"url":null,"entities":[{"id":"Q116176574","type":"wikidata"}]}],[]],[[{"version":2,"start":0,"end":14,"url":null,"entities":[{"id":"Q115537175","type":"wikidata"}]}],[]]]}