{"version":2,"table":{"version":2,"table_id":"W8CD1H3V","columns":[{"index":0,"name":"col0","values":["Black September","Somali Civil War","Somali Civil War","Sicilian revolt","Russian Civil War","Greek Civil War","Eighty Years' War"]},{"index":1,"name":"col1","values":["Arab–Israeli conflict","Conflicts in the Horn of Africa","Somali Civil War","List of Roman civil wars and revolts","Revolutions of 1917–1923","Cold War","European wars of religion"]}]},"context":{"version":3,"page_title":null,"page_url":null,"entities":[],"literals":[],"content_hierarchy":[]},"links":[[[{"version":2,"start":0,"end":15,"url":null,"entities":[{"id":"Q154288","type":"wikidata"}]}],[{"version":2,"start":0,"end":21,"url":null,"entities":[{"id":"Q8669","type":"wikidata"}]}]],[[{"version":2,"start":0,"end":16,"url":null,"entities":[{"id":"Q243620","type":"wikidata"}]}],[{"version":2,"start":0,"end":31,"url":null,"entities":[{"id":"Q40719","type":"wikidata"}]}]],[[{"version":2,"start":0,"end":16,"url":null,"entities":[{"id":"Q1052332","type":"wikidata"}]}],[{"version":2,"start":0,"end":16,"url":null,"entities":[{"id":"Q243620","type":"wikidata"}]}]],[[{"version":2,"start":0,"end":15,"url":null,"entities":[{"id":"Q2730371","type":"wikidata"}]}],[{"version":2,"start":0,"end":36,"url":null,"entities":[{"id":"Q1747183","type":"wikidata"}]}]],[[{"version":2,"start":0,"end":17,"url":null,"entities":[{"id":"Q79911","type":"wikidata"}]}],[{"version":2,"start":0,"end":24,"url":null,"entities":[{"id":"Q7318933","type":"wikidata"}]}]],[[{"version":2,"start":0,"end":15,"url":null,"entities":[{"id":"Q188972","type":"wikidata"}]}],[{"version":2,"start":0,"end":8,"url":null,"entities":[{"id":"Q8683","type":"wikidata"}]}]],[[{"version":2,"start":0,"end":17,"url":null,"entities":[{"id":"Q164432","type":"wikidata"}]}],[{"version":2,"start":0,"end":25,"url":null,"entities":[{"id":"Q2490042","type":"wikidata"}]}]]]}