{"version":2,"table":{"version":2,"table_id":"WAX8ETXS","columns":[{"index":0,"name":"col0","values":["Tootles","Cubby","Adrian Chase"]},{"index":1,"name":"col1","values":["Neverland","Neverland","Star City"]}]},"context":{"version":3,"page_title":null,"page_url":null,"entities":[],"literals":[],"content_hierarchy":[]},"links":[[[{"version":2,"start":0,"end":7,"url":null,"entities":[{"id":"Q30160512","type":"wikidata"}]}],[{"version":2,"start":0,"end":9,"url":null,"entities":[{"id":"Q1646867","type":"wikidata"}]}]],[[{"version":2,"start":0,"end":5,"url":null,"entities":[{"id":"Q30160216","type":"wikidata"}]}],[{"version":2,"start":0,"end":9,"url":null,"entities":[{"id":"Q1646867","type":"wikidata"}]}]],[[{"version":2,"start":0,"end":12,"url":null,"entities":[{"id":"Q30603834","type":"wikidata"}]}],[{"version":2,"start":0,"end":9,"url":null,"entities":[{"id":"Q1419655","type":"wikidata"}]}]]]}