{"version":2,"table":{"version":2,"table_id":"WCYOXC1S","columns":[{"index":0,"name":"col0","values":["Die Reihe","Information processing","Digest of technical papers","Digest of technical papers","Music therapy"]},{"index":1,"name":"col1","values":["United States of America","Netherlands","United States of America","United States of America","United States of America"]}]},"context":{"version":3,"page_title":null,"page_url":null,"entities":[],"literals":[],"content_hierarchy":[]},"links":[[[{"version":2,"start":0,"end":9,"url":null,"entities":[{"id":"Q107017897","type":"wikidata"}]}],[{"version":2,"start":0,"end":24,"url":null,"entities":[{"id":"Q30","type":"wikidata"}]}]],[[{"version":2,"start":0,"end":22,"url":null,"entities":[{"id":"Q106876487","type":"wikidata"}]}],[{"version":2,"start":0,"end":11,"url":null,"entities":[{"id":"Q55","type":"wikidata"}]}]],[[{"version":2,"start":0,"end":26,"url":null,"entities":[{"id":"Q106876009","type":"wikidata"}]}],[{"version":2,"start":0,"end":24,"url":null,"entities":[{"id":"Q30","type":"wikidata"}]}]],[[{"version":2,"start":0,"end":26,"url":null,"entities":[{"id":"Q106876008","type":"wikidata"}]}],[{"version":2,"start":0,"end":24,"url":null,"entities":[{"id":"Q30","type":"wikidata"}]}]],[[{"version":2,"start":0,"end":13,"url":null,"entities":[{"id":"Q107018015","type":"wikidata"}]}],[{"version":2,"start":0,"end":24,"url":null,"entities":[{"id":"Q30","type":"wikidata"}]}]]]}