{"version":2,"table":{"version":2,"table_id":"WEU1YHXT","columns":[{"index":0,"name":"col0","values":["Star Track","Western Way","Mittelweg","Mittelweg","Rennweg","Blaupunkt","Blaupunkt","Blaupunkt"]},{"index":1,"name":"col1","values":["","moderate","","","","","",""]},{"index":2,"name":"col2","values":["Very Large Telescope","","Waldshut-Tiengen","Hohenberg an der Eger","Sulzfeld","Pommelsbrunn","Lillinghof","Rockenbrunn (Röthenbach an der Pegnitz)"]}]},"context":{"version":3,"page_title":null,"page_url":null,"entities":[],"literals":[],"content_hierarchy":[]},"links":[[[{"version":2,"start":0,"end":10,"url":null,"entities":[{"id":"Q43255091","type":"wikidata"}]}],[],[{"version":2,"start":0,"end":20,"url":null,"entities":[{"id":"Q265628","type":"wikidata"}]}]],[[{"version":2,"start":0,"end":11,"url":null,"entities":[{"id":"Q7988439","type":"wikidata"}]}],[{"version":2,"start":0,"end":8,"url":null,"entities":[{"id":"Q66741664","type":"wikidata"}]}],[]],[[{"version":2,"start":0,"end":9,"url":null,"entities":[{"id":"Q1940458","type":"wikidata"}]}],[],[{"version":2,"start":0,"end":16,"url":null,"entities":[{"id":"Q505433","type":"wikidata"}]}]],[[{"version":2,"start":0,"end":9,"url":null,"entities":[{"id":"Q106038487","type":"wikidata"}]}],[],[{"version":2,"start":0,"end":21,"url":null,"entities":[{"id":"Q170405","type":"wikidata"}]}]],[[{"version":2,"start":0,"end":7,"url":null,"entities":[{"id":"Q2144196","type":"wikidata"}]}],[],[{"version":2,"start":0,"end":8,"url":null,"entities":[{"id":"Q585591","type":"wikidata"}]}]],[[{"version":2,"start":0,"end":9,"url":null,"entities":[{"id":"Q106136313","type":"wikidata"}]}],[],[{"version":2,"start":0,"end":12,"url":null,"entities":[{"id":"Q508431","type":"wikidata"}]}]],[[{"version":2,"start":0,"end":9,"url":null,"entities":[{"id":"Q106152487","type":"wikidata"}]}],[],[{"version":2,"start":0,"end":10,"url":null,"entities":[{"id":"Q15057446","type":"wikidata"}]}]],[[{"version":2,"start":0,"end":9,"url":null,"entities":[{"id":"Q106083321","type":"wikidata"}]}],[],[{"version":2,"start":0,"end":39,"url":null,"entities":[{"id":"Q1324570","type":"wikidata"}]}]]]}