{"id":"1985_PGA_Championship","pageURI":"http://dbpedia.org/resource/1985_PGA_Championship?dbpv=2020-02&nif=context","rows":[{"cells":[{"value":"Place","html":"<th>Place</th>","links":[],"attrs":{},"is_header":true,"rowspan":1,"colspan":1,"original_rowspan":1,"original_colspan":1},{"value":"Player","html":"<th>Player</th>","links":[],"attrs":{},"is_header":true,"rowspan":1,"colspan":1,"original_rowspan":1,"original_colspan":1},{"value":"Country","html":"<th>Country</th>","links":[],"attrs":{},"is_header":true,"rowspan":1,"colspan":1,"original_rowspan":1,"original_colspan":1},{"value":"Score","html":"<th>Score</th>","links":[],"attrs":{},"is_header":true,"rowspan":1,"colspan":1,"original_rowspan":1,"original_colspan":1},{"value":"To par","html":"<th>To par</th>","links":[],"attrs":{},"is_header":true,"rowspan":1,"colspan":1,"original_rowspan":1,"original_colspan":1}],"attrs":{}},{"cells":[{"value":"1","html":"<td align=\"center\">1</td>","links":[],"attrs":{"align":"center"},"is_header":false,"rowspan":1,"colspan":1,"original_rowspan":1,"original_colspan":1},{"value":"Lee Trevino","html":"<td><a href=\"/wiki/Lee_Trevino\" title=\"Lee Trevino\">Lee Trevino</a></td>","links":[{"href":"/wiki/Lee_Trevino","start":0,"end":11,"is_selflink":false}],"attrs":{},"is_header":false,"rowspan":1,"colspan":1,"original_rowspan":1,"original_colspan":1},{"value":" United States","html":"<td><span class=\"flagicon\"><img alt=\"\" class=\"thumbborder\" data-file-height=\"650\" data-file-width=\"1235\" decoding=\"async\" height=\"12\" src=\"//upload.wikimedia.org/wikipedia/en/thumb/a/a4/Flag_of_the_United_States.svg/23px-Flag_of_the_United_States.svg.png\" srcset=\"//upload.wikimedia.org/wikipedia/en/thumb/a/a4/Flag_of_the_United_States.svg/35px-Flag_of_the_United_States.svg.png 1.5x, //upload.wikimedia.org/wikipedia/en/thumb/a/a4/Flag_of_the_United_States.svg/46px-Flag_of_the_United_States.svg.png 2x\" width=\"23\"/> </span><a href=\"/wiki/United_States\" title=\"United States\">United States</a></td>","links":[{"href":"/wiki/United_States","start":1,"end":14,"is_selflink":false}],"attrs":{},"is_header":false,"rowspan":1,"colspan":1,"original_rowspan":1,"original_colspan":1},{"value":"66-68=134","html":"<td>66-68=134</td>","links":[],"attrs":{},"is_header":false,"rowspan":1,"colspan":1,"original_rowspan":1,"original_colspan":1},{"value":"−8","html":"<td align=\"center\">−8</td>","links":[],"attrs":{"align":"center"},"is_header":false,"rowspan":1,"colspan":1,"original_rowspan":1,"original_colspan":1}],"attrs":{}},{"cells":[{"value":"2","html":"<td align=\"center\">2</td>","links":[],"attrs":{"align":"center"},"is_header":false,"rowspan":1,"colspan":1,"original_rowspan":1,"original_colspan":1},{"value":"Fred Couples","html":"<td><a href=\"/wiki/Fred_Couples\" title=\"Fred Couples\">Fred Couples</a></td>","links":[{"href":"/wiki/Fred_Couples","start":0,"end":12,"is_selflink":false}],"attrs":{},"is_header":false,"rowspan":1,"colspan":1,"original_rowspan":1,"original_colspan":1},{"value":" United States","html":"<td><span class=\"flagicon\"><img alt=\"\" class=\"thumbborder\" data-file-height=\"650\" data-file-width=\"1235\" decoding=\"async\" height=\"12\" src=\"//upload.wikimedia.org/wikipedia/en/thumb/a/a4/Flag_of_the_United_States.svg/23px-Flag_of_the_United_States.svg.png\" srcset=\"//upload.wikimedia.org/wikipedia/en/thumb/a/a4/Flag_of_the_United_States.svg/35px-Flag_of_the_United_States.svg.png 1.5x, //upload.wikimedia.org/wikipedia/en/thumb/a/a4/Flag_of_the_United_States.svg/46px-Flag_of_the_United_States.svg.png 2x\" width=\"23\"/> </span><a href=\"/wiki/United_States\" title=\"United States\">United States</a></td>","links":[{"href":"/wiki/United_States","start":1,"end":14,"is_selflink":false}],"attrs":{},"is_header":false,"rowspan":1,"colspan":1,"original_rowspan":1,"original_colspan":1},{"value":"70-65=135","html":"<td>70-65=135</td>","links":[],"attrs":{},"is_header":false,"rowspan":1,"colspan":1,"original_rowspan":1,"original_colspan":1},{"value":"−7","html":"<td align=\"center\">−7</td>","links":[],"attrs":{"align":"center"},"is_header":false,"rowspan":1,"colspan":1,"original_rowspan":1,"original_colspan":1}],"attrs":{}},{"cells":[{"value":"T3","html":"<td align=\"center\" rowspan=\"2\">T3</td>","links":[],"attrs":{"rowspan":"2","align":"center"},"is_header":false,"rowspan":1,"colspan":1,"original_rowspan":2,"original_colspan":1},{"value":"Hubert Green","html":"<td><a href=\"/wiki/Hubert_Green\" title=\"Hubert Green\">Hubert Green</a></td>","links":[{"href":"/wiki/Hubert_Green","start":0,"end":12,"is_selflink":false}],"attrs":{},"is_header":false,"rowspan":1,"colspan":1,"original_rowspan":1,"original_colspan":1},{"value":" United States","html":"<td><span class=\"flagicon\"><img alt=\"\" class=\"thumbborder\" data-file-height=\"650\" data-file-width=\"1235\" decoding=\"async\" height=\"12\" src=\"//upload.wikimedia.org/wikipedia/en/thumb/a/a4/Flag_of_the_United_States.svg/23px-Flag_of_the_United_States.svg.png\" srcset=\"//upload.wikimedia.org/wikipedia/en/thumb/a/a4/Flag_of_the_United_States.svg/35px-Flag_of_the_United_States.svg.png 1.5x, //upload.wikimedia.org/wikipedia/en/thumb/a/a4/Flag_of_the_United_States.svg/46px-Flag_of_the_United_States.svg.png 2x\" width=\"23\"/> </span><a href=\"/wiki/United_States\" title=\"United States\">United States</a></td>","links":[{"href":"/wiki/United_States","start":1,"end":14,"is_selflink":false}],"attrs":{},"is_header":false,"rowspan":1,"colspan":1,"original_rowspan":1,"original_colspan":1},{"value":"67-69=136","html":"<td>67-69=136</td>","links":[],"attrs":{},"is_header":false,"rowspan":1,"colspan":1,"original_rowspan":1,"original_colspan":1},{"value":"−6","html":"<td align=\"center\" rowspan=\"2\">−6</td>","links":[],"attrs":{"rowspan":"2","align":"center"},"is_header":false,"rowspan":1,"colspan":1,"original_rowspan":2,"original_colspan":1}],"attrs":{}},{"cells":[{"value":"T3","html":"<td align=\"center\" rowspan=\"2\">T3</td>","links":[],"attrs":{"rowspan":"2","align":"center"},"is_header":false,"rowspan":1,"colspan":1,"original_rowspan":2,"original_colspan":1},{"value":"Doug Tewell","html":"<td><a href=\"/wiki/Doug_Tewell\" title=\"Doug Tewell\">Doug Tewell</a></td>","links":[{"href":"/wiki/Doug_Tewell","start":0,"end":11,"is_selflink":false}],"attrs":{},"is_header":false,"rowspan":1,"colspan":1,"original_rowspan":1,"original_colspan":1},{"value":" United States","html":"<td><span class=\"flagicon\"><img alt=\"\" class=\"thumbborder\" data-file-height=\"650\" data-file-width=\"1235\" decoding=\"async\" height=\"12\" src=\"//upload.wikimedia.org/wikipedia/en/thumb/a/a4/Flag_of_the_United_States.svg/23px-Flag_of_the_United_States.svg.png\" srcset=\"//upload.wikimedia.org/wikipedia/en/thumb/a/a4/Flag_of_the_United_States.svg/35px-Flag_of_the_United_States.svg.png 1.5x, //upload.wikimedia.org/wikipedia/en/thumb/a/a4/Flag_of_the_United_States.svg/46px-Flag_of_the_United_States.svg.png 2x\" width=\"23\"/> </span><a href=\"/wiki/United_States\" title=\"United States\">United States</a></td>","links":[{"href":"/wiki/United_States","start":1,"end":14,"is_selflink":false}],"attrs":{},"is_header":false,"rowspan":1,"colspan":1,"original_rowspan":1,"original_colspan":1},{"value":"64-72=136","html":"<td>64-72=136</td>","links":[],"attrs":{},"is_header":false,"rowspan":1,"colspan":1,"original_rowspan":1,"original_colspan":1},{"value":"−6","html":"<td align=\"center\" rowspan=\"2\">−6</td>","links":[],"attrs":{"rowspan":"2","align":"center"},"is_header":false,"rowspan":1,"colspan":1,"original_rowspan":2,"original_colspan":1}],"attrs":{}},{"cells":[{"value":"T5","html":"<td align=\"center\" rowspan=\"2\">T5</td>","links":[],"attrs":{"rowspan":"2","align":"center"},"is_header":false,"rowspan":1,"colspan":1,"original_rowspan":2,"original_colspan":1},{"value":"Peter Jacobsen","html":"<td><a href=\"/wiki/Peter_Jacobsen\" title=\"Peter Jacobsen\">Peter Jacobsen</a></td>","links":[{"href":"/wiki/Peter_Jacobsen","start":0,"end":14,"is_selflink":false}],"attrs":{},"is_header":false,"rowspan":1,"colspan":1,"original_rowspan":1,"original_colspan":1},{"value":" United States","html":"<td><span class=\"flagicon\"><img alt=\"\" class=\"thumbborder\" data-file-height=\"650\" data-file-width=\"1235\" decoding=\"async\" height=\"12\" src=\"//upload.wikimedia.org/wikipedia/en/thumb/a/a4/Flag_of_the_United_States.svg/23px-Flag_of_the_United_States.svg.png\" srcset=\"//upload.wikimedia.org/wikipedia/en/thumb/a/a4/Flag_of_the_United_States.svg/35px-Flag_of_the_United_States.svg.png 1.5x, //upload.wikimedia.org/wikipedia/en/thumb/a/a4/Flag_of_the_United_States.svg/46px-Flag_of_the_United_States.svg.png 2x\" width=\"23\"/> </span><a href=\"/wiki/United_States\" title=\"United States\">United States</a></td>","links":[{"href":"/wiki/United_States","start":1,"end":14,"is_selflink":false}],"attrs":{},"is_header":false,"rowspan":1,"colspan":1,"original_rowspan":1,"original_colspan":1},{"value":"66-71=137","html":"<td>66-71=137</td>","links":[],"attrs":{},"is_header":false,"rowspan":1,"colspan":1,"original_rowspan":1,"original_colspan":1},{"value":"−5","html":"<td align=\"center\" rowspan=\"2\">−5</td>","links":[],"attrs":{"rowspan":"2","align":"center"},"is_header":false,"rowspan":1,"colspan":1,"original_rowspan":2,"original_colspan":1}],"attrs":{}},{"cells":[{"value":"T5","html":"<td align=\"center\" rowspan=\"2\">T5</td>","links":[],"attrs":{"rowspan":"2","align":"center"},"is_header":false,"rowspan":1,"colspan":1,"original_rowspan":2,"original_colspan":1},{"value":"Tom Watson","html":"<td><a href=\"/wiki/Tom_Watson_(golfer)\" title=\"Tom Watson (golfer)\">Tom Watson</a></td>","links":[{"href":"/wiki/Tom_Watson_(golfer)","start":0,"end":10,"is_selflink":false}],"attrs":{},"is_header":false,"rowspan":1,"colspan":1,"original_rowspan":1,"original_colspan":1},{"value":" United States","html":"<td><span class=\"flagicon\"><img alt=\"\" class=\"thumbborder\" data-file-height=\"650\" data-file-width=\"1235\" decoding=\"async\" height=\"12\" src=\"//upload.wikimedia.org/wikipedia/en/thumb/a/a4/Flag_of_the_United_States.svg/23px-Flag_of_the_United_States.svg.png\" srcset=\"//upload.wikimedia.org/wikipedia/en/thumb/a/a4/Flag_of_the_United_States.svg/35px-Flag_of_the_United_States.svg.png 1.5x, //upload.wikimedia.org/wikipedia/en/thumb/a/a4/Flag_of_the_United_States.svg/46px-Flag_of_the_United_States.svg.png 2x\" width=\"23\"/> </span><a href=\"/wiki/United_States\" title=\"United States\">United States</a></td>","links":[{"href":"/wiki/United_States","start":1,"end":14,"is_selflink":false}],"attrs":{},"is_header":false,"rowspan":1,"colspan":1,"original_rowspan":1,"original_colspan":1},{"value":"67-70=137","html":"<td>67-70=137</td>","links":[],"attrs":{},"is_header":false,"rowspan":1,"colspan":1,"original_rowspan":1,"original_colspan":1},{"value":"−5","html":"<td align=\"center\" rowspan=\"2\">−5</td>","links":[],"attrs":{"rowspan":"2","align":"center"},"is_header":false,"rowspan":1,"colspan":1,"original_rowspan":2,"original_colspan":1}],"attrs":{}},{"cells":[{"value":"7","html":"<td align=\"center\">7</td>","links":[],"attrs":{"align":"center"},"is_header":false,"rowspan":1,"colspan":1,"original_rowspan":1,"original_colspan":1},{"value":"Lanny Wadkins","html":"<td><a href=\"/wiki/Lanny_Wadkins\" title=\"Lanny Wadkins\">Lanny Wadkins</a></td>","links":[{"href":"/wiki/Lanny_Wadkins","start":0,"end":13,"is_selflink":false}],"attrs":{},"is_header":false,"rowspan":1,"colspan":1,"original_rowspan":1,"original_colspan":1},{"value":" United States","html":"<td><span class=\"flagicon\"><img alt=\"\" class=\"thumbborder\" data-file-height=\"650\" data-file-width=\"1235\" decoding=\"async\" height=\"12\" src=\"//upload.wikimedia.org/wikipedia/en/thumb/a/a4/Flag_of_the_United_States.svg/23px-Flag_of_the_United_States.svg.png\" srcset=\"//upload.wikimedia.org/wikipedia/en/thumb/a/a4/Flag_of_the_United_States.svg/35px-Flag_of_the_United_States.svg.png 1.5x, //upload.wikimedia.org/wikipedia/en/thumb/a/a4/Flag_of_the_United_States.svg/46px-Flag_of_the_United_States.svg.png 2x\" width=\"23\"/> </span><a href=\"/wiki/United_States\" title=\"United States\">United States</a></td>","links":[{"href":"/wiki/United_States","start":1,"end":14,"is_selflink":false}],"attrs":{},"is_header":false,"rowspan":1,"colspan":1,"original_rowspan":1,"original_colspan":1},{"value":"70-69=139","html":"<td>70-69=139</td>","links":[],"attrs":{},"is_header":false,"rowspan":1,"colspan":1,"original_rowspan":1,"original_colspan":1},{"value":"−3","html":"<td align=\"center\">−3</td>","links":[],"attrs":{"align":"center"},"is_header":false,"rowspan":1,"colspan":1,"original_rowspan":1,"original_colspan":1}],"attrs":{}},{"cells":[{"value":"T8","html":"<td align=\"center\" rowspan=\"2\">T8</td>","links":[],"attrs":{"rowspan":"2","align":"center"},"is_header":false,"rowspan":1,"colspan":1,"original_rowspan":2,"original_colspan":1},{"value":"Mark Pfeil","html":"<td><a href=\"/wiki/Mark_Pfeil\" title=\"Mark Pfeil\">Mark Pfeil</a></td>","links":[{"href":"/wiki/Mark_Pfeil","start":0,"end":10,"is_selflink":false}],"attrs":{},"is_header":false,"rowspan":1,"colspan":1,"original_rowspan":1,"original_colspan":1},{"value":" United States","html":"<td><span class=\"flagicon\"><img alt=\"\" class=\"thumbborder\" data-file-height=\"650\" data-file-width=\"1235\" decoding=\"async\" height=\"12\" src=\"//upload.wikimedia.org/wikipedia/en/thumb/a/a4/Flag_of_the_United_States.svg/23px-Flag_of_the_United_States.svg.png\" srcset=\"//upload.wikimedia.org/wikipedia/en/thumb/a/a4/Flag_of_the_United_States.svg/35px-Flag_of_the_United_States.svg.png 1.5x, //upload.wikimedia.org/wikipedia/en/thumb/a/a4/Flag_of_the_United_States.svg/46px-Flag_of_the_United_States.svg.png 2x\" width=\"23\"/> </span><a href=\"/wiki/United_States\" title=\"United States\">United States</a></td>","links":[{"href":"/wiki/United_States","start":1,"end":14,"is_selflink":false}],"attrs":{},"is_header":false,"rowspan":1,"colspan":1,"original_rowspan":1,"original_colspan":1},{"value":"70-70=140","html":"<td>70-70=140</td>","links":[],"attrs":{},"is_header":false,"rowspan":1,"colspan":1,"original_rowspan":1,"original_colspan":1},{"value":"−2","html":"<td align=\"center\" rowspan=\"2\">−2</td>","links":[],"attrs":{"rowspan":"2","align":"center"},"is_header":false,"rowspan":1,"colspan":1,"original_rowspan":2,"original_colspan":1}],"attrs":{}},{"cells":[{"value":"T8","html":"<td align=\"center\" rowspan=\"2\">T8</td>","links":[],"attrs":{"rowspan":"2","align":"center"},"is_header":false,"rowspan":1,"colspan":1,"original_rowspan":2,"original_colspan":1},{"value":"Scott Simpson","html":"<td><a href=\"/wiki/Scott_Simpson_(golfer)\" title=\"Scott Simpson (golfer)\">Scott Simpson</a></td>","links":[{"href":"/wiki/Scott_Simpson_(golfer)","start":0,"end":13,"is_selflink":false}],"attrs":{},"is_header":false,"rowspan":1,"colspan":1,"original_rowspan":1,"original_colspan":1},{"value":" United States","html":"<td><span class=\"flagicon\"><img alt=\"\" class=\"thumbborder\" data-file-height=\"650\" data-file-width=\"1235\" decoding=\"async\" height=\"12\" src=\"//upload.wikimedia.org/wikipedia/en/thumb/a/a4/Flag_of_the_United_States.svg/23px-Flag_of_the_United_States.svg.png\" srcset=\"//upload.wikimedia.org/wikipedia/en/thumb/a/a4/Flag_of_the_United_States.svg/35px-Flag_of_the_United_States.svg.png 1.5x, //upload.wikimedia.org/wikipedia/en/thumb/a/a4/Flag_of_the_United_States.svg/46px-Flag_of_the_United_States.svg.png 2x\" width=\"23\"/> </span><a href=\"/wiki/United_States\" title=\"United States\">United States</a></td>","links":[{"href":"/wiki/United_States","start":1,"end":14,"is_selflink":false}],"attrs":{},"is_header":false,"rowspan":1,"colspan":1,"original_rowspan":1,"original_colspan":1},{"value":"72-68=140","html":"<td>72-68=140</td>","links":[],"attrs":{},"is_header":false,"rowspan":1,"colspan":1,"original_rowspan":1,"original_colspan":1},{"value":"−2","html":"<td align=\"center\" rowspan=\"2\">−2</td>","links":[],"attrs":{"rowspan":"2","align":"center"},"is_header":false,"rowspan":1,"colspan":1,"original_rowspan":2,"original_colspan":1}],"attrs":{}},{"cells":[{"value":"T10","html":"<td align=\"center\" rowspan=\"9\">T10</td>","links":[],"attrs":{"rowspan":"9","align":"center"},"is_header":false,"rowspan":1,"colspan":1,"original_rowspan":9,"original_colspan":1},{"value":"Andy Bean","html":"<td><a href=\"/wiki/Andy_Bean\" title=\"Andy Bean\">Andy Bean</a></td>","links":[{"href":"/wiki/Andy_Bean","start":0,"end":9,"is_selflink":false}],"attrs":{},"is_header":false,"rowspan":1,"colspan":1,"original_rowspan":1,"original_colspan":1},{"value":" United States","html":"<td><span class=\"flagicon\"><img alt=\"\" class=\"thumbborder\" data-file-height=\"650\" data-file-width=\"1235\" decoding=\"async\" height=\"12\" src=\"//upload.wikimedia.org/wikipedia/en/thumb/a/a4/Flag_of_the_United_States.svg/23px-Flag_of_the_United_States.svg.png\" srcset=\"//upload.wikimedia.org/wikipedia/en/thumb/a/a4/Flag_of_the_United_States.svg/35px-Flag_of_the_United_States.svg.png 1.5x, //upload.wikimedia.org/wikipedia/en/thumb/a/a4/Flag_of_the_United_States.svg/46px-Flag_of_the_United_States.svg.png 2x\" width=\"23\"/> </span><a href=\"/wiki/United_States\" title=\"United States\">United States</a></td>","links":[{"href":"/wiki/United_States","start":1,"end":14,"is_selflink":false}],"attrs":{},"is_header":false,"rowspan":1,"colspan":1,"original_rowspan":1,"original_colspan":1},{"value":"71-70=141","html":"<td>71-70=141</td>","links":[],"attrs":{},"is_header":false,"rowspan":1,"colspan":1,"original_rowspan":1,"original_colspan":1},{"value":"−1","html":"<td align=\"center\" rowspan=\"9\">−1</td>","links":[],"attrs":{"rowspan":"9","align":"center"},"is_header":false,"rowspan":1,"colspan":1,"original_rowspan":9,"original_colspan":1}],"attrs":{}},{"cells":[{"value":"T10","html":"<td align=\"center\" rowspan=\"9\">T10</td>","links":[],"attrs":{"rowspan":"9","align":"center"},"is_header":false,"rowspan":1,"colspan":1,"original_rowspan":9,"original_colspan":1},{"value":"Bernhard Langer","html":"<td><a href=\"/wiki/Bernhard_Langer\" title=\"Bernhard Langer\">Bernhard Langer</a></td>","links":[{"href":"/wiki/Bernhard_Langer","start":0,"end":15,"is_selflink":false}],"attrs":{},"is_header":false,"rowspan":1,"colspan":1,"original_rowspan":1,"original_colspan":1},{"value":" West Germany","html":"<td><span class=\"flagicon\"><img alt=\"\" class=\"thumbborder\" data-file-height=\"600\" data-file-width=\"1000\" decoding=\"async\" height=\"14\" src=\"//upload.wikimedia.org/wikipedia/en/thumb/b/ba/Flag_of_Germany.svg/23px-Flag_of_Germany.svg.png\" srcset=\"//upload.wikimedia.org/wikipedia/en/thumb/b/ba/Flag_of_Germany.svg/35px-Flag_of_Germany.svg.png 1.5x, //upload.wikimedia.org/wikipedia/en/thumb/b/ba/Flag_of_Germany.svg/46px-Flag_of_Germany.svg.png 2x\" width=\"23\"/> </span><a href=\"/wiki/West_Germany\" title=\"West Germany\">West Germany</a></td>","links":[{"href":"/wiki/West_Germany","start":1,"end":13,"is_selflink":false}],"attrs":{},"is_header":false,"rowspan":1,"colspan":1,"original_rowspan":1,"original_colspan":1},{"value":"69-72=141","html":"<td>69-72=141</td>","links":[],"attrs":{},"is_header":false,"rowspan":1,"colspan":1,"original_rowspan":1,"original_colspan":1},{"value":"−1","html":"<td align=\"center\" rowspan=\"9\">−1</td>","links":[],"attrs":{"rowspan":"9","align":"center"},"is_header":false,"rowspan":1,"colspan":1,"original_rowspan":9,"original_colspan":1}],"attrs":{}},{"cells":[{"value":"T10","html":"<td align=\"center\" rowspan=\"9\">T10</td>","links":[],"attrs":{"rowspan":"9","align":"center"},"is_header":false,"rowspan":1,"colspan":1,"original_rowspan":9,"original_colspan":1},{"value":"Wayne Levi","html":"<td><a href=\"/wiki/Wayne_Levi\" title=\"Wayne Levi\">Wayne Levi</a></td>","links":[{"href":"/wiki/Wayne_Levi","start":0,"end":10,"is_selflink":false}],"attrs":{},"is_header":false,"rowspan":1,"colspan":1,"original_rowspan":1,"original_colspan":1},{"value":" United States","html":"<td><span class=\"flagicon\"><img alt=\"\" class=\"thumbborder\" data-file-height=\"650\" data-file-width=\"1235\" decoding=\"async\" height=\"12\" src=\"//upload.wikimedia.org/wikipedia/en/thumb/a/a4/Flag_of_the_United_States.svg/23px-Flag_of_the_United_States.svg.png\" srcset=\"//upload.wikimedia.org/wikipedia/en/thumb/a/a4/Flag_of_the_United_States.svg/35px-Flag_of_the_United_States.svg.png 1.5x, //upload.wikimedia.org/wikipedia/en/thumb/a/a4/Flag_of_the_United_States.svg/46px-Flag_of_the_United_States.svg.png 2x\" width=\"23\"/> </span><a href=\"/wiki/United_States\" title=\"United States\">United States</a></td>","links":[{"href":"/wiki/United_States","start":1,"end":14,"is_selflink":false}],"attrs":{},"is_header":false,"rowspan":1,"colspan":1,"original_rowspan":1,"original_colspan":1},{"value":"72-69=141","html":"<td>72-69=141</td>","links":[],"attrs":{},"is_header":false,"rowspan":1,"colspan":1,"original_rowspan":1,"original_colspan":1},{"value":"−1","html":"<td align=\"center\" rowspan=\"9\">−1</td>","links":[],"attrs":{"rowspan":"9","align":"center"},"is_header":false,"rowspan":1,"colspan":1,"original_rowspan":9,"original_colspan":1}],"attrs":{}},{"cells":[{"value":"T10","html":"<td align=\"center\" rowspan=\"9\">T10</td>","links":[],"attrs":{"rowspan":"9","align":"center"},"is_header":false,"rowspan":1,"colspan":1,"original_rowspan":9,"original_colspan":1},{"value":"Larry Mize","html":"<td><a href=\"/wiki/Larry_Mize\" title=\"Larry Mize\">Larry Mize</a></td>","links":[{"href":"/wiki/Larry_Mize","start":0,"end":10,"is_selflink":false}],"attrs":{},"is_header":false,"rowspan":1,"colspan":1,"original_rowspan":1,"original_colspan":1},{"value":" United States","html":"<td><span class=\"flagicon\"><img alt=\"\" class=\"thumbborder\" data-file-height=\"650\" data-file-width=\"1235\" decoding=\"async\" height=\"12\" src=\"//upload.wikimedia.org/wikipedia/en/thumb/a/a4/Flag_of_the_United_States.svg/23px-Flag_of_the_United_States.svg.png\" srcset=\"//upload.wikimedia.org/wikipedia/en/thumb/a/a4/Flag_of_the_United_States.svg/35px-Flag_of_the_United_States.svg.png 1.5x, //upload.wikimedia.org/wikipedia/en/thumb/a/a4/Flag_of_the_United_States.svg/46px-Flag_of_the_United_States.svg.png 2x\" width=\"23\"/> </span><a href=\"/wiki/United_States\" title=\"United States\">United States</a></td>","links":[{"href":"/wiki/United_States","start":1,"end":14,"is_selflink":false}],"attrs":{},"is_header":false,"rowspan":1,"colspan":1,"original_rowspan":1,"original_colspan":1},{"value":"71-70=141","html":"<td>71-70=141</td>","links":[],"attrs":{},"is_header":false,"rowspan":1,"colspan":1,"original_rowspan":1,"original_colspan":1},{"value":"−1","html":"<td align=\"center\" rowspan=\"9\">−1</td>","links":[],"attrs":{"rowspan":"9","align":"center"},"is_header":false,"rowspan":1,"colspan":1,"original_rowspan":9,"original_colspan":1}],"attrs":{}},{"cells":[{"value":"T10","html":"<td align=\"center\" rowspan=\"9\">T10</td>","links":[],"attrs":{"rowspan":"9","align":"center"},"is_header":false,"rowspan":1,"colspan":1,"original_rowspan":9,"original_colspan":1},{"value":"Jack Nicklaus","html":"<td><a href=\"/wiki/Jack_Nicklaus\" title=\"Jack Nicklaus\">Jack Nicklaus</a></td>","links":[{"href":"/wiki/Jack_Nicklaus","start":0,"end":13,"is_selflink":false}],"attrs":{},"is_header":false,"rowspan":1,"colspan":1,"original_rowspan":1,"original_colspan":1},{"value":" United States","html":"<td><span class=\"flagicon\"><img alt=\"\" class=\"thumbborder\" data-file-height=\"650\" data-file-width=\"1235\" decoding=\"async\" height=\"12\" src=\"//upload.wikimedia.org/wikipedia/en/thumb/a/a4/Flag_of_the_United_States.svg/23px-Flag_of_the_United_States.svg.png\" srcset=\"//upload.wikimedia.org/wikipedia/en/thumb/a/a4/Flag_of_the_United_States.svg/35px-Flag_of_the_United_States.svg.png 1.5x, //upload.wikimedia.org/wikipedia/en/thumb/a/a4/Flag_of_the_United_States.svg/46px-Flag_of_the_United_States.svg.png 2x\" width=\"23\"/> </span><a href=\"/wiki/United_States\" title=\"United States\">United States</a></td>","links":[{"href":"/wiki/United_States","start":1,"end":14,"is_selflink":false}],"attrs":{},"is_header":false,"rowspan":1,"colspan":1,"original_rowspan":1,"original_colspan":1},{"value":"66-75=141","html":"<td>66-75=141</td>","links":[],"attrs":{},"is_header":false,"rowspan":1,"colspan":1,"original_rowspan":1,"original_colspan":1},{"value":"−1","html":"<td align=\"center\" rowspan=\"9\">−1</td>","links":[],"attrs":{"rowspan":"9","align":"center"},"is_header":false,"rowspan":1,"colspan":1,"original_rowspan":9,"original_colspan":1}],"attrs":{}},{"cells":[{"value":"T10","html":"<td align=\"center\" rowspan=\"9\">T10</td>","links":[],"attrs":{"rowspan":"9","align":"center"},"is_header":false,"rowspan":1,"colspan":1,"original_rowspan":9,"original_colspan":1},{"value":"Tim Norris","html":"<td><a href=\"/wiki/Tim_Norris\" title=\"Tim Norris\">Tim Norris</a></td>","links":[{"href":"/wiki/Tim_Norris","start":0,"end":10,"is_selflink":false}],"attrs":{},"is_header":false,"rowspan":1,"colspan":1,"original_rowspan":1,"original_colspan":1},{"value":" United States","html":"<td><span class=\"flagicon\"><img alt=\"\" class=\"thumbborder\" data-file-height=\"650\" data-file-width=\"1235\" decoding=\"async\" height=\"12\" src=\"//upload.wikimedia.org/wikipedia/en/thumb/a/a4/Flag_of_the_United_States.svg/23px-Flag_of_the_United_States.svg.png\" srcset=\"//upload.wikimedia.org/wikipedia/en/thumb/a/a4/Flag_of_the_United_States.svg/35px-Flag_of_the_United_States.svg.png 1.5x, //upload.wikimedia.org/wikipedia/en/thumb/a/a4/Flag_of_the_United_States.svg/46px-Flag_of_the_United_States.svg.png 2x\" width=\"23\"/> </span><a href=\"/wiki/United_States\" title=\"United States\">United States</a></td>","links":[{"href":"/wiki/United_States","start":1,"end":14,"is_selflink":false}],"attrs":{},"is_header":false,"rowspan":1,"colspan":1,"original_rowspan":1,"original_colspan":1},{"value":"71-70=141","html":"<td>71-70=141</td>","links":[],"attrs":{},"is_header":false,"rowspan":1,"colspan":1,"original_rowspan":1,"original_colspan":1},{"value":"−1","html":"<td align=\"center\" rowspan=\"9\">−1</td>","links":[],"attrs":{"rowspan":"9","align":"center"},"is_header":false,"rowspan":1,"colspan":1,"original_rowspan":9,"original_colspan":1}],"attrs":{}},{"cells":[{"value":"T10","html":"<td align=\"center\" rowspan=\"9\">T10</td>","links":[],"attrs":{"rowspan":"9","align":"center"},"is_header":false,"rowspan":1,"colspan":1,"original_rowspan":9,"original_colspan":1},{"value":"Corey Pavin","html":"<td><a href=\"/wiki/Corey_Pavin\" title=\"Corey Pavin\">Corey Pavin</a></td>","links":[{"href":"/wiki/Corey_Pavin","start":0,"end":11,"is_selflink":false}],"attrs":{},"is_header":false,"rowspan":1,"colspan":1,"original_rowspan":1,"original_colspan":1},{"value":" United States","html":"<td><span class=\"flagicon\"><img alt=\"\" class=\"thumbborder\" data-file-height=\"650\" data-file-width=\"1235\" decoding=\"async\" height=\"12\" src=\"//upload.wikimedia.org/wikipedia/en/thumb/a/a4/Flag_of_the_United_States.svg/23px-Flag_of_the_United_States.svg.png\" srcset=\"//upload.wikimedia.org/wikipedia/en/thumb/a/a4/Flag_of_the_United_States.svg/35px-Flag_of_the_United_States.svg.png 1.5x, //upload.wikimedia.org/wikipedia/en/thumb/a/a4/Flag_of_the_United_States.svg/46px-Flag_of_the_United_States.svg.png 2x\" width=\"23\"/> </span><a href=\"/wiki/United_States\" title=\"United States\">United States</a></td>","links":[{"href":"/wiki/United_States","start":1,"end":14,"is_selflink":false}],"attrs":{},"is_header":false,"rowspan":1,"colspan":1,"original_rowspan":1,"original_colspan":1},{"value":"66-75=141","html":"<td>66-75=141</td>","links":[],"attrs":{},"is_header":false,"rowspan":1,"colspan":1,"original_rowspan":1,"original_colspan":1},{"value":"−1","html":"<td align=\"center\" rowspan=\"9\">−1</td>","links":[],"attrs":{"rowspan":"9","align":"center"},"is_header":false,"rowspan":1,"colspan":1,"original_rowspan":9,"original_colspan":1}],"attrs":{}},{"cells":[{"value":"T10","html":"<td align=\"center\" rowspan=\"9\">T10</td>","links":[],"attrs":{"rowspan":"9","align":"center"},"is_header":false,"rowspan":1,"colspan":1,"original_rowspan":9,"original_colspan":1},{"value":"Calvin Peete","html":"<td><a href=\"/wiki/Calvin_Peete\" title=\"Calvin Peete\">Calvin Peete</a></td>","links":[{"href":"/wiki/Calvin_Peete","start":0,"end":12,"is_selflink":false}],"attrs":{},"is_header":false,"rowspan":1,"colspan":1,"original_rowspan":1,"original_colspan":1},{"value":" United States","html":"<td><span class=\"flagicon\"><img alt=\"\" class=\"thumbborder\" data-file-height=\"650\" data-file-width=\"1235\" decoding=\"async\" height=\"12\" src=\"//upload.wikimedia.org/wikipedia/en/thumb/a/a4/Flag_of_the_United_States.svg/23px-Flag_of_the_United_States.svg.png\" srcset=\"//upload.wikimedia.org/wikipedia/en/thumb/a/a4/Flag_of_the_United_States.svg/35px-Flag_of_the_United_States.svg.png 1.5x, //upload.wikimedia.org/wikipedia/en/thumb/a/a4/Flag_of_the_United_States.svg/46px-Flag_of_the_United_States.svg.png 2x\" width=\"23\"/> </span><a href=\"/wiki/United_States\" title=\"United States\">United States</a></td>","links":[{"href":"/wiki/United_States","start":1,"end":14,"is_selflink":false}],"attrs":{},"is_header":false,"rowspan":1,"colspan":1,"original_rowspan":1,"original_colspan":1},{"value":"69-72=141","html":"<td>69-72=141</td>","links":[],"attrs":{},"is_header":false,"rowspan":1,"colspan":1,"original_rowspan":1,"original_colspan":1},{"value":"−1","html":"<td align=\"center\" rowspan=\"9\">−1</td>","links":[],"attrs":{"rowspan":"9","align":"center"},"is_header":false,"rowspan":1,"colspan":1,"original_rowspan":9,"original_colspan":1}],"attrs":{}},{"cells":[{"value":"T10","html":"<td align=\"center\" rowspan=\"9\">T10</td>","links":[],"attrs":{"rowspan":"9","align":"center"},"is_header":false,"rowspan":1,"colspan":1,"original_rowspan":9,"original_colspan":1},{"value":"Don Pooley","html":"<td><a href=\"/wiki/Don_Pooley\" title=\"Don Pooley\">Don Pooley</a></td>","links":[{"href":"/wiki/Don_Pooley","start":0,"end":10,"is_selflink":false}],"attrs":{},"is_header":false,"rowspan":1,"colspan":1,"original_rowspan":1,"original_colspan":1},{"value":" United States","html":"<td><span class=\"flagicon\"><img alt=\"\" class=\"thumbborder\" data-file-height=\"650\" data-file-width=\"1235\" decoding=\"async\" height=\"12\" src=\"//upload.wikimedia.org/wikipedia/en/thumb/a/a4/Flag_of_the_United_States.svg/23px-Flag_of_the_United_States.svg.png\" srcset=\"//upload.wikimedia.org/wikipedia/en/thumb/a/a4/Flag_of_the_United_States.svg/35px-Flag_of_the_United_States.svg.png 1.5x, //upload.wikimedia.org/wikipedia/en/thumb/a/a4/Flag_of_the_United_States.svg/46px-Flag_of_the_United_States.svg.png 2x\" width=\"23\"/> </span><a href=\"/wiki/United_States\" title=\"United States\">United States</a></td>","links":[{"href":"/wiki/United_States","start":1,"end":14,"is_selflink":false}],"attrs":{},"is_header":false,"rowspan":1,"colspan":1,"original_rowspan":1,"original_colspan":1},{"value":"70-71=141","html":"<td>70-71=141</td>","links":[],"attrs":{},"is_header":false,"rowspan":1,"colspan":1,"original_rowspan":1,"original_colspan":1},{"value":"−1","html":"<td align=\"center\" rowspan=\"9\">−1</td>","links":[],"attrs":{"rowspan":"9","align":"center"},"is_header":false,"rowspan":1,"colspan":1,"original_rowspan":9,"original_colspan":1}],"attrs":{}}],"caption":null,"attrs":{"class":["wikitable"]},"classes":["wikitable"],"is_spanned":true,"external_links":{"http://en.wikipedia.org/wiki/Lee_Trevino":{"dbpedia":null,"qnode":null,"qnode_id":"Q950128"},"http://en.wikipedia.org/wiki/United_States":{"dbpedia":null,"qnode":null,"qnode_id":"Q30"},"http://en.wikipedia.org/wiki/Fred_Couples":{"dbpedia":null,"qnode":null,"qnode_id":"Q708633"},"http://en.wikipedia.org/wiki/Hubert_Green":{"dbpedia":null,"qnode":null,"qnode_id":"Q2205159"},"http://en.wikipedia.org/wiki/Doug_Tewell":{"dbpedia":null,"qnode":null,"qnode_id":"Q5300956"},"http://en.wikipedia.org/wiki/Peter_Jacobsen":{"dbpedia":null,"qnode":null,"qnode_id":"Q588580"},"http://en.wikipedia.org/wiki/Tom_Watson_(golfer)":{"dbpedia":null,"qnode":null,"qnode_id":"Q532111"},"http://en.wikipedia.org/wiki/Lanny_Wadkins":{"dbpedia":null,"qnode":null,"qnode_id":"Q5927181"},"http://en.wikipedia.org/wiki/Mark_Pfeil":{"dbpedia":null,"qnode":null,"qnode_id":"Q6769242"},"http://en.wikipedia.org/wiki/Scott_Simpson_(golfer)":{"dbpedia":null,"qnode":null,"qnode_id":"Q3055434"},"http://en.wikipedia.org/wiki/Andy_Bean":{"dbpedia":null,"qnode":null,"qnode_id":"Q4760409"},"http://en.wikipedia.org/wiki/Bernhard_Langer":{"dbpedia":null,"qnode":null,"qnode_id":"Q45012"},"http://en.wikipedia.org/wiki/West_Germany":{"dbpedia":null,"qnode":null,"qnode_id":"Q713750"},"http://en.wikipedia.org/wiki/Wayne_Levi":{"dbpedia":null,"qnode":null,"qnode_id":"Q16151825"},"http://en.wikipedia.org/wiki/Larry_Mize":{"dbpedia":null,"qnode":null,"qnode_id":"Q2482806"},"http://en.wikipedia.org/wiki/Jack_Nicklaus":{"dbpedia":null,"qnode":null,"qnode_id":"Q9424"},"http://en.wikipedia.org/wiki/Tim_Norris":{"dbpedia":null,"qnode":null,"qnode_id":"Q7804052"},"http://en.wikipedia.org/wiki/Corey_Pavin":{"dbpedia":null,"qnode":null,"qnode_id":"Q1132650"},"http://en.wikipedia.org/wiki/Calvin_Peete":{"dbpedia":null,"qnode":null,"qnode_id":"Q5024477"},"http://en.wikipedia.org/wiki/Don_Pooley":{"dbpedia":null,"qnode":null,"qnode_id":"Q5293331"},"https://en.wikipedia.org/wiki/1985_PGA_Championship":{"dbpedia":null,"qnode":null,"qnode_id":"Q4582468"}}}