{"id":"2009_European_Team_Championships_Super_League","pageURI":"http://dbpedia.org/resource/2009_European_Team_Championships_Super_League?dbpv=2020-02&nif=context","rows":[{"cells":[{"value":"Rank","html":"<th>Rank</th>","links":[],"attrs":{},"is_header":true,"rowspan":1,"colspan":1,"original_rowspan":1,"original_colspan":1},{"value":"Name","html":"<th>Name</th>","links":[],"attrs":{},"is_header":true,"rowspan":1,"colspan":1,"original_rowspan":1,"original_colspan":1},{"value":"Nationality","html":"<th>Nationality</th>","links":[],"attrs":{},"is_header":true,"rowspan":1,"colspan":1,"original_rowspan":1,"original_colspan":1},{"value":"#1","html":"<th>#1</th>","links":[],"attrs":{},"is_header":true,"rowspan":1,"colspan":1,"original_rowspan":1,"original_colspan":1},{"value":"#2","html":"<th>#2</th>","links":[],"attrs":{},"is_header":true,"rowspan":1,"colspan":1,"original_rowspan":1,"original_colspan":1},{"value":"#3","html":"<th>#3</th>","links":[],"attrs":{},"is_header":true,"rowspan":1,"colspan":1,"original_rowspan":1,"original_colspan":1},{"value":"#4","html":"<th>#4</th>","links":[],"attrs":{},"is_header":true,"rowspan":1,"colspan":1,"original_rowspan":1,"original_colspan":1},{"value":"Result","html":"<th>Result</th>","links":[],"attrs":{},"is_header":true,"rowspan":1,"colspan":1,"original_rowspan":1,"original_colspan":1},{"value":"Notes","html":"<th>Notes</th>","links":[],"attrs":{},"is_header":true,"rowspan":1,"colspan":1,"original_rowspan":1,"original_colspan":1},{"value":"Points","html":"<th>Points</th>","links":[],"attrs":{},"is_header":true,"rowspan":1,"colspan":1,"original_rowspan":1,"original_colspan":1}],"attrs":{}},{"cells":[{"value":"1","html":"<td>1</td>","links":[],"attrs":{},"is_header":false,"rowspan":1,"colspan":1,"original_rowspan":1,"original_colspan":1},{"value":"Nelson Évora","html":"<td align=\"left\"><a href=\"/wiki/Nelson_%C3%89vora\" title=\"Nelson Évora\">Nelson Évora</a></td>","links":[{"href":"/wiki/Nelson_%C3%89vora","start":0,"end":12,"is_selflink":false}],"attrs":{"align":"left"},"is_header":false,"rowspan":1,"colspan":1,"original_rowspan":1,"original_colspan":1},{"value":" Portugal","html":"<td align=\"left\"><span class=\"flagicon\"><img alt=\"\" class=\"thumbborder\" data-file-height=\"400\" data-file-width=\"600\" decoding=\"async\" height=\"15\" src=\"//upload.wikimedia.org/wikipedia/commons/thumb/5/5c/Flag_of_Portugal.svg/23px-Flag_of_Portugal.svg.png\" srcset=\"//upload.wikimedia.org/wikipedia/commons/thumb/5/5c/Flag_of_Portugal.svg/35px-Flag_of_Portugal.svg.png 1.5x, //upload.wikimedia.org/wikipedia/commons/thumb/5/5c/Flag_of_Portugal.svg/45px-Flag_of_Portugal.svg.png 2x\" width=\"23\"/> </span><a href=\"/wiki/Portugal\" title=\"Portugal\">Portugal</a></td>","links":[{"href":"/wiki/Portugal","start":1,"end":9,"is_selflink":false}],"attrs":{"align":"left"},"is_header":false,"rowspan":1,"colspan":1,"original_rowspan":1,"original_colspan":1},{"value":"17.47","html":"<td>17.47</td>","links":[],"attrs":{},"is_header":false,"rowspan":1,"colspan":1,"original_rowspan":1,"original_colspan":1},{"value":"16.95","html":"<td>16.95</td>","links":[],"attrs":{},"is_header":false,"rowspan":1,"colspan":1,"original_rowspan":1,"original_colspan":1},{"value":"17.59","html":"<td><b>17.59</b></td>","links":[],"attrs":{},"is_header":false,"rowspan":1,"colspan":1,"original_rowspan":1,"original_colspan":1},{"value":"x","html":"<td>x</td>","links":[],"attrs":{},"is_header":false,"rowspan":1,"colspan":1,"original_rowspan":1,"original_colspan":1},{"value":"17.59","html":"<td><b>17.59</b></td>","links":[],"attrs":{},"is_header":false,"rowspan":1,"colspan":1,"original_rowspan":1,"original_colspan":1},{"value":"","html":"<td></td>","links":[],"attrs":{},"is_header":false,"rowspan":1,"colspan":1,"original_rowspan":1,"original_colspan":1},{"value":"12","html":"<td><b>12</b></td>","links":[],"attrs":{},"is_header":false,"rowspan":1,"colspan":1,"original_rowspan":1,"original_colspan":1}],"attrs":{}},{"cells":[{"value":"2","html":"<td>2</td>","links":[],"attrs":{},"is_header":false,"rowspan":1,"colspan":1,"original_rowspan":1,"original_colspan":1},{"value":"Phillips Idowu","html":"<td align=\"left\"><a href=\"/wiki/Phillips_Idowu\" title=\"Phillips Idowu\">Phillips Idowu</a></td>","links":[{"href":"/wiki/Phillips_Idowu","start":0,"end":14,"is_selflink":false}],"attrs":{"align":"left"},"is_header":false,"rowspan":1,"colspan":1,"original_rowspan":1,"original_colspan":1},{"value":" Great Britain","html":"<td align=\"left\"><span class=\"flagicon\"><img alt=\"\" class=\"thumbborder\" data-file-height=\"600\" data-file-width=\"1200\" decoding=\"async\" height=\"12\" src=\"//upload.wikimedia.org/wikipedia/en/thumb/a/ae/Flag_of_the_United_Kingdom.svg/23px-Flag_of_the_United_Kingdom.svg.png\" srcset=\"//upload.wikimedia.org/wikipedia/en/thumb/a/ae/Flag_of_the_United_Kingdom.svg/35px-Flag_of_the_United_Kingdom.svg.png 1.5x, //upload.wikimedia.org/wikipedia/en/thumb/a/ae/Flag_of_the_United_Kingdom.svg/46px-Flag_of_the_United_Kingdom.svg.png 2x\" width=\"23\"/> </span><a href=\"/wiki/United_Kingdom\" title=\"United Kingdom\">Great Britain</a></td>","links":[{"href":"/wiki/United_Kingdom","start":1,"end":14,"is_selflink":false}],"attrs":{"align":"left"},"is_header":false,"rowspan":1,"colspan":1,"original_rowspan":1,"original_colspan":1},{"value":"17.48","html":"<td>17.48</td>","links":[],"attrs":{},"is_header":false,"rowspan":1,"colspan":1,"original_rowspan":1,"original_colspan":1},{"value":"17.50","html":"<td><b>17.50</b></td>","links":[],"attrs":{},"is_header":false,"rowspan":1,"colspan":1,"original_rowspan":1,"original_colspan":1},{"value":"x","html":"<td>x</td>","links":[],"attrs":{},"is_header":false,"rowspan":1,"colspan":1,"original_rowspan":1,"original_colspan":1},{"value":"17.36","html":"<td>17.36</td>","links":[],"attrs":{},"is_header":false,"rowspan":1,"colspan":1,"original_rowspan":1,"original_colspan":1},{"value":"17.50","html":"<td><b>17.50</b></td>","links":[],"attrs":{},"is_header":false,"rowspan":1,"colspan":1,"original_rowspan":1,"original_colspan":1},{"value":"","html":"<td></td>","links":[],"attrs":{},"is_header":false,"rowspan":1,"colspan":1,"original_rowspan":1,"original_colspan":1},{"value":"11","html":"<td><b>11</b></td>","links":[],"attrs":{},"is_header":false,"rowspan":1,"colspan":1,"original_rowspan":1,"original_colspan":1}],"attrs":{}},{"cells":[{"value":"3","html":"<td>3</td>","links":[],"attrs":{},"is_header":false,"rowspan":1,"colspan":1,"original_rowspan":1,"original_colspan":1},{"value":"Fabrizio Schembri","html":"<td align=\"left\"><a href=\"/wiki/Fabrizio_Schembri\" title=\"Fabrizio Schembri\">Fabrizio Schembri</a></td>","links":[{"href":"/wiki/Fabrizio_Schembri","start":0,"end":17,"is_selflink":false}],"attrs":{"align":"left"},"is_header":false,"rowspan":1,"colspan":1,"original_rowspan":1,"original_colspan":1},{"value":" Italy","html":"<td align=\"left\"><span class=\"flagicon\"><img alt=\"\" class=\"thumbborder\" data-file-height=\"1000\" data-file-width=\"1500\" decoding=\"async\" height=\"15\" src=\"//upload.wikimedia.org/wikipedia/en/thumb/0/03/Flag_of_Italy.svg/23px-Flag_of_Italy.svg.png\" srcset=\"//upload.wikimedia.org/wikipedia/en/thumb/0/03/Flag_of_Italy.svg/35px-Flag_of_Italy.svg.png 1.5x, //upload.wikimedia.org/wikipedia/en/thumb/0/03/Flag_of_Italy.svg/45px-Flag_of_Italy.svg.png 2x\" width=\"23\"/> </span><a href=\"/wiki/Italy\" title=\"Italy\">Italy</a></td>","links":[{"href":"/wiki/Italy","start":1,"end":6,"is_selflink":false}],"attrs":{"align":"left"},"is_header":false,"rowspan":1,"colspan":1,"original_rowspan":1,"original_colspan":1},{"value":"16.37","html":"<td>16.37</td>","links":[],"attrs":{},"is_header":false,"rowspan":1,"colspan":1,"original_rowspan":1,"original_colspan":1},{"value":"17.64","html":"<td><b>17.64</b></td>","links":[],"attrs":{},"is_header":false,"rowspan":1,"colspan":1,"original_rowspan":1,"original_colspan":1},{"value":"16.62","html":"<td>16.62</td>","links":[],"attrs":{},"is_header":false,"rowspan":1,"colspan":1,"original_rowspan":1,"original_colspan":1},{"value":"16.34","html":"<td>16.34</td>","links":[],"attrs":{},"is_header":false,"rowspan":1,"colspan":1,"original_rowspan":1,"original_colspan":1},{"value":"16.64","html":"<td><b>16.64</b></td>","links":[],"attrs":{},"is_header":false,"rowspan":1,"colspan":1,"original_rowspan":1,"original_colspan":1},{"value":"","html":"<td></td>","links":[],"attrs":{},"is_header":false,"rowspan":1,"colspan":1,"original_rowspan":1,"original_colspan":1},{"value":"10","html":"<td><b>10</b></td>","links":[],"attrs":{},"is_header":false,"rowspan":1,"colspan":1,"original_rowspan":1,"original_colspan":1}],"attrs":{}},{"cells":[{"value":"4","html":"<td>4</td>","links":[],"attrs":{},"is_header":false,"rowspan":1,"colspan":1,"original_rowspan":1,"original_colspan":1},{"value":"Mykola Savolaynen","html":"<td align=\"left\"><a href=\"/wiki/Mykola_Savolaynen\" title=\"Mykola Savolaynen\">Mykola Savolaynen</a></td>","links":[{"href":"/wiki/Mykola_Savolaynen","start":0,"end":17,"is_selflink":false}],"attrs":{"align":"left"},"is_header":false,"rowspan":1,"colspan":1,"original_rowspan":1,"original_colspan":1},{"value":" Ukraine","html":"<td align=\"left\"><span class=\"flagicon\"><img alt=\"\" class=\"thumbborder\" data-file-height=\"800\" data-file-width=\"1200\" decoding=\"async\" height=\"15\" src=\"//upload.wikimedia.org/wikipedia/commons/thumb/4/49/Flag_of_Ukraine.svg/23px-Flag_of_Ukraine.svg.png\" srcset=\"//upload.wikimedia.org/wikipedia/commons/thumb/4/49/Flag_of_Ukraine.svg/35px-Flag_of_Ukraine.svg.png 1.5x, //upload.wikimedia.org/wikipedia/commons/thumb/4/49/Flag_of_Ukraine.svg/45px-Flag_of_Ukraine.svg.png 2x\" width=\"23\"/> </span><a href=\"/wiki/Ukraine\" title=\"Ukraine\">Ukraine</a></td>","links":[{"href":"/wiki/Ukraine","start":1,"end":8,"is_selflink":false}],"attrs":{"align":"left"},"is_header":false,"rowspan":1,"colspan":1,"original_rowspan":1,"original_colspan":1},{"value":"16.51","html":"<td><b>16.51</b></td>","links":[],"attrs":{},"is_header":false,"rowspan":1,"colspan":1,"original_rowspan":1,"original_colspan":1},{"value":"15.98","html":"<td>15.98</td>","links":[],"attrs":{},"is_header":false,"rowspan":1,"colspan":1,"original_rowspan":1,"original_colspan":1},{"value":"16.32","html":"<td>16.32</td>","links":[],"attrs":{},"is_header":false,"rowspan":1,"colspan":1,"original_rowspan":1,"original_colspan":1},{"value":"16.18","html":"<td>16.18</td>","links":[],"attrs":{},"is_header":false,"rowspan":1,"colspan":1,"original_rowspan":1,"original_colspan":1},{"value":"16.51","html":"<td><b>16.51</b></td>","links":[],"attrs":{},"is_header":false,"rowspan":1,"colspan":1,"original_rowspan":1,"original_colspan":1},{"value":"","html":"<td></td>","links":[],"attrs":{},"is_header":false,"rowspan":1,"colspan":1,"original_rowspan":1,"original_colspan":1},{"value":"9","html":"<td><b>9</b></td>","links":[],"attrs":{},"is_header":false,"rowspan":1,"colspan":1,"original_rowspan":1,"original_colspan":1}],"attrs":{}},{"cells":[{"value":"5","html":"<td>5</td>","links":[],"attrs":{},"is_header":false,"rowspan":1,"colspan":1,"original_rowspan":1,"original_colspan":1},{"value":"Karl Taillepierre","html":"<td align=\"left\"><a href=\"/wiki/Karl_Taillepierre\" title=\"Karl Taillepierre\">Karl Taillepierre</a></td>","links":[{"href":"/wiki/Karl_Taillepierre","start":0,"end":17,"is_selflink":false}],"attrs":{"align":"left"},"is_header":false,"rowspan":1,"colspan":1,"original_rowspan":1,"original_colspan":1},{"value":" France","html":"<td align=\"left\"><span class=\"flagicon\"><img alt=\"\" class=\"thumbborder\" data-file-height=\"600\" data-file-width=\"900\" decoding=\"async\" height=\"15\" src=\"//upload.wikimedia.org/wikipedia/en/thumb/c/c3/Flag_of_France.svg/23px-Flag_of_France.svg.png\" srcset=\"//upload.wikimedia.org/wikipedia/en/thumb/c/c3/Flag_of_France.svg/35px-Flag_of_France.svg.png 1.5x, //upload.wikimedia.org/wikipedia/en/thumb/c/c3/Flag_of_France.svg/45px-Flag_of_France.svg.png 2x\" width=\"23\"/> </span><a href=\"/wiki/France\" title=\"France\">France</a></td>","links":[{"href":"/wiki/France","start":1,"end":7,"is_selflink":false}],"attrs":{"align":"left"},"is_header":false,"rowspan":1,"colspan":1,"original_rowspan":1,"original_colspan":1},{"value":"14.36","html":"<td>14.36</td>","links":[],"attrs":{},"is_header":false,"rowspan":1,"colspan":1,"original_rowspan":1,"original_colspan":1},{"value":"16.48","html":"<td><b>16.48</b></td>","links":[],"attrs":{},"is_header":false,"rowspan":1,"colspan":1,"original_rowspan":1,"original_colspan":1},{"value":"x","html":"<td>x</td>","links":[],"attrs":{},"is_header":false,"rowspan":1,"colspan":1,"original_rowspan":1,"original_colspan":1},{"value":"","html":"<td></td>","links":[],"attrs":{},"is_header":false,"rowspan":1,"colspan":1,"original_rowspan":1,"original_colspan":1},{"value":"16.48","html":"<td><b>16.48</b></td>","links":[],"attrs":{},"is_header":false,"rowspan":1,"colspan":1,"original_rowspan":1,"original_colspan":1},{"value":"","html":"<td></td>","links":[],"attrs":{},"is_header":false,"rowspan":1,"colspan":1,"original_rowspan":1,"original_colspan":1},{"value":"8","html":"<td><b>8</b></td>","links":[],"attrs":{},"is_header":false,"rowspan":1,"colspan":1,"original_rowspan":1,"original_colspan":1}],"attrs":{}},{"cells":[{"value":"6","html":"<td>6</td>","links":[],"attrs":{},"is_header":false,"rowspan":1,"colspan":1,"original_rowspan":1,"original_colspan":1},{"value":"Dimitrios Tsiamis","html":"<td align=\"left\"><a href=\"/wiki/Dimitrios_Tsiamis\" title=\"Dimitrios Tsiamis\">Dimitrios Tsiamis</a></td>","links":[{"href":"/wiki/Dimitrios_Tsiamis","start":0,"end":17,"is_selflink":false}],"attrs":{"align":"left"},"is_header":false,"rowspan":1,"colspan":1,"original_rowspan":1,"original_colspan":1},{"value":" Greece","html":"<td align=\"left\"><span class=\"flagicon\"><img alt=\"\" class=\"thumbborder\" data-file-height=\"400\" data-file-width=\"600\" decoding=\"async\" height=\"15\" src=\"//upload.wikimedia.org/wikipedia/commons/thumb/5/5c/Flag_of_Greece.svg/23px-Flag_of_Greece.svg.png\" srcset=\"//upload.wikimedia.org/wikipedia/commons/thumb/5/5c/Flag_of_Greece.svg/35px-Flag_of_Greece.svg.png 1.5x, //upload.wikimedia.org/wikipedia/commons/thumb/5/5c/Flag_of_Greece.svg/45px-Flag_of_Greece.svg.png 2x\" width=\"23\"/> </span><a href=\"/wiki/Greece\" title=\"Greece\">Greece</a></td>","links":[{"href":"/wiki/Greece","start":1,"end":7,"is_selflink":false}],"attrs":{"align":"left"},"is_header":false,"rowspan":1,"colspan":1,"original_rowspan":1,"original_colspan":1},{"value":"16.47","html":"<td><b>16.47</b></td>","links":[],"attrs":{},"is_header":false,"rowspan":1,"colspan":1,"original_rowspan":1,"original_colspan":1},{"value":"16.38","html":"<td>16.38</td>","links":[],"attrs":{},"is_header":false,"rowspan":1,"colspan":1,"original_rowspan":1,"original_colspan":1},{"value":"x","html":"<td>x</td>","links":[],"attrs":{},"is_header":false,"rowspan":1,"colspan":1,"original_rowspan":1,"original_colspan":1},{"value":"","html":"<td></td>","links":[],"attrs":{},"is_header":false,"rowspan":1,"colspan":1,"original_rowspan":1,"original_colspan":1},{"value":"16.47","html":"<td><b>16.47</b></td>","links":[],"attrs":{},"is_header":false,"rowspan":1,"colspan":1,"original_rowspan":1,"original_colspan":1},{"value":"","html":"<td></td>","links":[],"attrs":{},"is_header":false,"rowspan":1,"colspan":1,"original_rowspan":1,"original_colspan":1},{"value":"7","html":"<td><b>7</b></td>","links":[],"attrs":{},"is_header":false,"rowspan":1,"colspan":1,"original_rowspan":1,"original_colspan":1}],"attrs":{}},{"cells":[{"value":"7","html":"<td>7</td>","links":[],"attrs":{},"is_header":false,"rowspan":1,"colspan":1,"original_rowspan":1,"original_colspan":1},{"value":"Andrés Capellán","html":"<td align=\"left\"><a class=\"new\" href=\"/w/index.php?title=Andr%C3%A9s_Capell%C3%A1n&amp;action=edit&amp;redlink=1\" title=\"Andrés Capellán (page does not exist)\">Andrés Capellán</a></td>","links":[{"href":"/w/index.php?title=Andr%C3%A9s_Capell%C3%A1n&action=edit&redlink=1","start":0,"end":15,"is_selflink":false}],"attrs":{"align":"left"},"is_header":false,"rowspan":1,"colspan":1,"original_rowspan":1,"original_colspan":1},{"value":" Spain","html":"<td align=\"left\"><span class=\"flagicon\"><img alt=\"\" class=\"thumbborder\" data-file-height=\"500\" data-file-width=\"750\" decoding=\"async\" height=\"15\" src=\"//upload.wikimedia.org/wikipedia/en/thumb/9/9a/Flag_of_Spain.svg/23px-Flag_of_Spain.svg.png\" srcset=\"//upload.wikimedia.org/wikipedia/en/thumb/9/9a/Flag_of_Spain.svg/35px-Flag_of_Spain.svg.png 1.5x, //upload.wikimedia.org/wikipedia/en/thumb/9/9a/Flag_of_Spain.svg/45px-Flag_of_Spain.svg.png 2x\" width=\"23\"/> </span><a href=\"/wiki/Spain\" title=\"Spain\">Spain</a></td>","links":[{"href":"/wiki/Spain","start":1,"end":6,"is_selflink":false}],"attrs":{"align":"left"},"is_header":false,"rowspan":1,"colspan":1,"original_rowspan":1,"original_colspan":1},{"value":"15.87","html":"<td>15.87</td>","links":[],"attrs":{},"is_header":false,"rowspan":1,"colspan":1,"original_rowspan":1,"original_colspan":1},{"value":"16.22","html":"<td><b>16.22</b></td>","links":[],"attrs":{},"is_header":false,"rowspan":1,"colspan":1,"original_rowspan":1,"original_colspan":1},{"value":"","html":"<td></td>","links":[],"attrs":{},"is_header":false,"rowspan":1,"colspan":1,"original_rowspan":1,"original_colspan":1},{"value":"","html":"<td></td>","links":[],"attrs":{},"is_header":false,"rowspan":1,"colspan":1,"original_rowspan":1,"original_colspan":1},{"value":"16.22","html":"<td><b>16.22</b></td>","links":[],"attrs":{},"is_header":false,"rowspan":1,"colspan":1,"original_rowspan":1,"original_colspan":1},{"value":"","html":"<td></td>","links":[],"attrs":{},"is_header":false,"rowspan":1,"colspan":1,"original_rowspan":1,"original_colspan":1},{"value":"6","html":"<td><b>6</b></td>","links":[],"attrs":{},"is_header":false,"rowspan":1,"colspan":1,"original_rowspan":1,"original_colspan":1}],"attrs":{}},{"cells":[{"value":"8","html":"<td>8</td>","links":[],"attrs":{},"is_header":false,"rowspan":1,"colspan":1,"original_rowspan":1,"original_colspan":1},{"value":"Aleksey Fyodorov","html":"<td align=\"left\"><a class=\"mw-redirect\" href=\"/wiki/Aleksey_Fyodorov_(athlete)\" title=\"Aleksey Fyodorov (athlete)\">Aleksey Fyodorov</a></td>","links":[{"href":"/wiki/Aleksey_Fyodorov_(athlete)","start":0,"end":16,"is_selflink":false}],"attrs":{"align":"left"},"is_header":false,"rowspan":1,"colspan":1,"original_rowspan":1,"original_colspan":1},{"value":" Russia","html":"<td align=\"left\"><span class=\"flagicon\"><img alt=\"\" class=\"thumbborder\" data-file-height=\"600\" data-file-width=\"900\" decoding=\"async\" height=\"15\" src=\"//upload.wikimedia.org/wikipedia/en/thumb/f/f3/Flag_of_Russia.svg/23px-Flag_of_Russia.svg.png\" srcset=\"//upload.wikimedia.org/wikipedia/en/thumb/f/f3/Flag_of_Russia.svg/35px-Flag_of_Russia.svg.png 1.5x, //upload.wikimedia.org/wikipedia/en/thumb/f/f3/Flag_of_Russia.svg/45px-Flag_of_Russia.svg.png 2x\" width=\"23\"/> </span><a href=\"/wiki/Russia\" title=\"Russia\">Russia</a></td>","links":[{"href":"/wiki/Russia","start":1,"end":7,"is_selflink":false}],"attrs":{"align":"left"},"is_header":false,"rowspan":1,"colspan":1,"original_rowspan":1,"original_colspan":1},{"value":"16.09","html":"<td><b>16.09</b></td>","links":[],"attrs":{},"is_header":false,"rowspan":1,"colspan":1,"original_rowspan":1,"original_colspan":1},{"value":"15.94","html":"<td>15.94</td>","links":[],"attrs":{},"is_header":false,"rowspan":1,"colspan":1,"original_rowspan":1,"original_colspan":1},{"value":"","html":"<td></td>","links":[],"attrs":{},"is_header":false,"rowspan":1,"colspan":1,"original_rowspan":1,"original_colspan":1},{"value":"","html":"<td></td>","links":[],"attrs":{},"is_header":false,"rowspan":1,"colspan":1,"original_rowspan":1,"original_colspan":1},{"value":"16.09","html":"<td><b>16.09</b></td>","links":[],"attrs":{},"is_header":false,"rowspan":1,"colspan":1,"original_rowspan":1,"original_colspan":1},{"value":"","html":"<td></td>","links":[],"attrs":{},"is_header":false,"rowspan":1,"colspan":1,"original_rowspan":1,"original_colspan":1},{"value":"5","html":"<td><b>5</b></td>","links":[],"attrs":{},"is_header":false,"rowspan":1,"colspan":1,"original_rowspan":1,"original_colspan":1}],"attrs":{}},{"cells":[{"value":"9","html":"<td>9</td>","links":[],"attrs":{},"is_header":false,"rowspan":1,"colspan":1,"original_rowspan":1,"original_colspan":1},{"value":"Charles Friedek","html":"<td align=\"left\"><a href=\"/wiki/Charles_Friedek\" title=\"Charles Friedek\">Charles Friedek</a></td>","links":[{"href":"/wiki/Charles_Friedek","start":0,"end":15,"is_selflink":false}],"attrs":{"align":"left"},"is_header":false,"rowspan":1,"colspan":1,"original_rowspan":1,"original_colspan":1},{"value":" Germany","html":"<td align=\"left\"><span class=\"flagicon\"><img alt=\"\" class=\"thumbborder\" data-file-height=\"600\" data-file-width=\"1000\" decoding=\"async\" height=\"14\" src=\"//upload.wikimedia.org/wikipedia/en/thumb/b/ba/Flag_of_Germany.svg/23px-Flag_of_Germany.svg.png\" srcset=\"//upload.wikimedia.org/wikipedia/en/thumb/b/ba/Flag_of_Germany.svg/35px-Flag_of_Germany.svg.png 1.5x, //upload.wikimedia.org/wikipedia/en/thumb/b/ba/Flag_of_Germany.svg/46px-Flag_of_Germany.svg.png 2x\" width=\"23\"/> </span><a href=\"/wiki/Germany\" title=\"Germany\">Germany</a></td>","links":[{"href":"/wiki/Germany","start":1,"end":8,"is_selflink":false}],"attrs":{"align":"left"},"is_header":false,"rowspan":1,"colspan":1,"original_rowspan":1,"original_colspan":1},{"value":"x","html":"<td>x</td>","links":[],"attrs":{},"is_header":false,"rowspan":1,"colspan":1,"original_rowspan":1,"original_colspan":1},{"value":"16.09","html":"<td><b>16.09</b></td>","links":[],"attrs":{},"is_header":false,"rowspan":1,"colspan":1,"original_rowspan":1,"original_colspan":1},{"value":"","html":"<td></td>","links":[],"attrs":{},"is_header":false,"rowspan":1,"colspan":1,"original_rowspan":1,"original_colspan":1},{"value":"","html":"<td></td>","links":[],"attrs":{},"is_header":false,"rowspan":1,"colspan":1,"original_rowspan":1,"original_colspan":1},{"value":"16.09","html":"<td><b>16.09</b></td>","links":[],"attrs":{},"is_header":false,"rowspan":1,"colspan":1,"original_rowspan":1,"original_colspan":1},{"value":"","html":"<td></td>","links":[],"attrs":{},"is_header":false,"rowspan":1,"colspan":1,"original_rowspan":1,"original_colspan":1},{"value":"4","html":"<td><b>4</b></td>","links":[],"attrs":{},"is_header":false,"rowspan":1,"colspan":1,"original_rowspan":1,"original_colspan":1}],"attrs":{}},{"cells":[{"value":"10","html":"<td>10</td>","links":[],"attrs":{},"is_header":false,"rowspan":1,"colspan":1,"original_rowspan":1,"original_colspan":1},{"value":"Paweł Kruhlik","html":"<td align=\"left\"><a class=\"new\" href=\"/w/index.php?title=Pawe%C5%82_Kruhlik&amp;action=edit&amp;redlink=1\" title=\"Paweł Kruhlik (page does not exist)\">Paweł Kruhlik</a></td>","links":[{"href":"/w/index.php?title=Pawe%C5%82_Kruhlik&action=edit&redlink=1","start":0,"end":13,"is_selflink":false}],"attrs":{"align":"left"},"is_header":false,"rowspan":1,"colspan":1,"original_rowspan":1,"original_colspan":1},{"value":" Poland","html":"<td align=\"left\"><span class=\"flagicon\"><img alt=\"\" class=\"thumbborder\" data-file-height=\"800\" data-file-width=\"1280\" decoding=\"async\" height=\"14\" src=\"//upload.wikimedia.org/wikipedia/en/thumb/1/12/Flag_of_Poland.svg/23px-Flag_of_Poland.svg.png\" srcset=\"//upload.wikimedia.org/wikipedia/en/thumb/1/12/Flag_of_Poland.svg/35px-Flag_of_Poland.svg.png 1.5x, //upload.wikimedia.org/wikipedia/en/thumb/1/12/Flag_of_Poland.svg/46px-Flag_of_Poland.svg.png 2x\" width=\"23\"/> </span><a href=\"/wiki/Poland\" title=\"Poland\">Poland</a></td>","links":[{"href":"/wiki/Poland","start":1,"end":7,"is_selflink":false}],"attrs":{"align":"left"},"is_header":false,"rowspan":1,"colspan":1,"original_rowspan":1,"original_colspan":1},{"value":"15.71","html":"<td>15.71</td>","links":[],"attrs":{},"is_header":false,"rowspan":1,"colspan":1,"original_rowspan":1,"original_colspan":1},{"value":"15.99","html":"<td><b>15.99</b></td>","links":[],"attrs":{},"is_header":false,"rowspan":1,"colspan":1,"original_rowspan":1,"original_colspan":1},{"value":"","html":"<td></td>","links":[],"attrs":{},"is_header":false,"rowspan":1,"colspan":1,"original_rowspan":1,"original_colspan":1},{"value":"","html":"<td></td>","links":[],"attrs":{},"is_header":false,"rowspan":1,"colspan":1,"original_rowspan":1,"original_colspan":1},{"value":"15.99","html":"<td><b>15.99</b></td>","links":[],"attrs":{},"is_header":false,"rowspan":1,"colspan":1,"original_rowspan":1,"original_colspan":1},{"value":"","html":"<td></td>","links":[],"attrs":{},"is_header":false,"rowspan":1,"colspan":1,"original_rowspan":1,"original_colspan":1},{"value":"3","html":"<td><b>3</b></td>","links":[],"attrs":{},"is_header":false,"rowspan":1,"colspan":1,"original_rowspan":1,"original_colspan":1}],"attrs":{}},{"cells":[{"value":"11","html":"<td>11</td>","links":[],"attrs":{},"is_header":false,"rowspan":1,"colspan":1,"original_rowspan":1,"original_colspan":1},{"value":"Tomáš Cholenský","html":"<td align=\"left\"><a class=\"new\" href=\"/w/index.php?title=Tom%C3%A1%C5%A1_Cholensk%C3%BD&amp;action=edit&amp;redlink=1\" title=\"Tomáš Cholenský (page does not exist)\">Tomáš Cholenský</a></td>","links":[{"href":"/w/index.php?title=Tom%C3%A1%C5%A1_Cholensk%C3%BD&action=edit&redlink=1","start":0,"end":15,"is_selflink":false}],"attrs":{"align":"left"},"is_header":false,"rowspan":1,"colspan":1,"original_rowspan":1,"original_colspan":1},{"value":" Czech Republic","html":"<td align=\"left\"><span class=\"flagicon\"><img alt=\"\" class=\"thumbborder\" data-file-height=\"600\" data-file-width=\"900\" decoding=\"async\" height=\"15\" src=\"//upload.wikimedia.org/wikipedia/commons/thumb/c/cb/Flag_of_the_Czech_Republic.svg/23px-Flag_of_the_Czech_Republic.svg.png\" srcset=\"//upload.wikimedia.org/wikipedia/commons/thumb/c/cb/Flag_of_the_Czech_Republic.svg/35px-Flag_of_the_Czech_Republic.svg.png 1.5x, //upload.wikimedia.org/wikipedia/commons/thumb/c/cb/Flag_of_the_Czech_Republic.svg/45px-Flag_of_the_Czech_Republic.svg.png 2x\" width=\"23\"/> </span><a href=\"/wiki/Czech_Republic\" title=\"Czech Republic\">Czech Republic</a></td>","links":[{"href":"/wiki/Czech_Republic","start":1,"end":15,"is_selflink":false}],"attrs":{"align":"left"},"is_header":false,"rowspan":1,"colspan":1,"original_rowspan":1,"original_colspan":1},{"value":"15.56","html":"<td><b>15.56</b></td>","links":[],"attrs":{},"is_header":false,"rowspan":1,"colspan":1,"original_rowspan":1,"original_colspan":1},{"value":"15.11","html":"<td>15.11</td>","links":[],"attrs":{},"is_header":false,"rowspan":1,"colspan":1,"original_rowspan":1,"original_colspan":1},{"value":"","html":"<td></td>","links":[],"attrs":{},"is_header":false,"rowspan":1,"colspan":1,"original_rowspan":1,"original_colspan":1},{"value":"","html":"<td></td>","links":[],"attrs":{},"is_header":false,"rowspan":1,"colspan":1,"original_rowspan":1,"original_colspan":1},{"value":"15.56","html":"<td><b>15.56</b></td>","links":[],"attrs":{},"is_header":false,"rowspan":1,"colspan":1,"original_rowspan":1,"original_colspan":1},{"value":"","html":"<td></td>","links":[],"attrs":{},"is_header":false,"rowspan":1,"colspan":1,"original_rowspan":1,"original_colspan":1},{"value":"2","html":"<td><b>2</b></td>","links":[],"attrs":{},"is_header":false,"rowspan":1,"colspan":1,"original_rowspan":1,"original_colspan":1}],"attrs":{}},{"cells":[{"value":"12","html":"<td>12</td>","links":[],"attrs":{},"is_header":false,"rowspan":1,"colspan":1,"original_rowspan":1,"original_colspan":1},{"value":"Andreas Otterling","html":"<td align=\"left\"><a href=\"/wiki/Andreas_Otterling\" title=\"Andreas Otterling\">Andreas Otterling</a></td>","links":[{"href":"/wiki/Andreas_Otterling","start":0,"end":17,"is_selflink":false}],"attrs":{"align":"left"},"is_header":false,"rowspan":1,"colspan":1,"original_rowspan":1,"original_colspan":1},{"value":" Sweden","html":"<td align=\"left\"><span class=\"flagicon\"><img alt=\"\" class=\"thumbborder\" data-file-height=\"1000\" data-file-width=\"1600\" decoding=\"async\" height=\"14\" src=\"//upload.wikimedia.org/wikipedia/en/thumb/4/4c/Flag_of_Sweden.svg/23px-Flag_of_Sweden.svg.png\" srcset=\"//upload.wikimedia.org/wikipedia/en/thumb/4/4c/Flag_of_Sweden.svg/35px-Flag_of_Sweden.svg.png 1.5x, //upload.wikimedia.org/wikipedia/en/thumb/4/4c/Flag_of_Sweden.svg/46px-Flag_of_Sweden.svg.png 2x\" width=\"23\"/> </span><a href=\"/wiki/Sweden\" title=\"Sweden\">Sweden</a></td>","links":[{"href":"/wiki/Sweden","start":1,"end":7,"is_selflink":false}],"attrs":{"align":"left"},"is_header":false,"rowspan":1,"colspan":1,"original_rowspan":1,"original_colspan":1},{"value":"15.35","html":"<td><b>15.35</b></td>","links":[],"attrs":{},"is_header":false,"rowspan":1,"colspan":1,"original_rowspan":1,"original_colspan":1},{"value":"x","html":"<td>x</td>","links":[],"attrs":{},"is_header":false,"rowspan":1,"colspan":1,"original_rowspan":1,"original_colspan":1},{"value":"","html":"<td></td>","links":[],"attrs":{},"is_header":false,"rowspan":1,"colspan":1,"original_rowspan":1,"original_colspan":1},{"value":"","html":"<td></td>","links":[],"attrs":{},"is_header":false,"rowspan":1,"colspan":1,"original_rowspan":1,"original_colspan":1},{"value":"15.35","html":"<td><b>15.35</b></td>","links":[],"attrs":{},"is_header":false,"rowspan":1,"colspan":1,"original_rowspan":1,"original_colspan":1},{"value":"","html":"<td></td>","links":[],"attrs":{},"is_header":false,"rowspan":1,"colspan":1,"original_rowspan":1,"original_colspan":1},{"value":"1","html":"<td><b>1</b></td>","links":[],"attrs":{},"is_header":false,"rowspan":1,"colspan":1,"original_rowspan":1,"original_colspan":1}],"attrs":{}}],"caption":null,"attrs":{"class":["wikitable","sortable"],"style":"text-align:center"},"classes":["wikitable","sortable"],"is_spanned":true,"external_links":{"http://en.wikipedia.org/wiki/Nelson_%C3%89vora":{"dbpedia":null,"qnode":null,"qnode_id":"Q303241"},"http://en.wikipedia.org/wiki/Portugal":{"dbpedia":null,"qnode":null,"qnode_id":"Q45"},"http://en.wikipedia.org/wiki/Phillips_Idowu":{"dbpedia":null,"qnode":null,"qnode_id":"Q337435"},"http://en.wikipedia.org/wiki/United_Kingdom":{"dbpedia":null,"qnode":null,"qnode_id":"Q145"},"http://en.wikipedia.org/wiki/Fabrizio_Schembri":{"dbpedia":null,"qnode":null,"qnode_id":"Q946139"},"http://en.wikipedia.org/wiki/Italy":{"dbpedia":null,"qnode":null,"qnode_id":"Q38"},"http://en.wikipedia.org/wiki/Mykola_Savolaynen":{"dbpedia":null,"qnode":null,"qnode_id":"Q3030832"},"http://en.wikipedia.org/wiki/Ukraine":{"dbpedia":null,"qnode":null,"qnode_id":"Q212"},"http://en.wikipedia.org/wiki/Karl_Taillepierre":{"dbpedia":null,"qnode":null,"qnode_id":"Q3193475"},"http://en.wikipedia.org/wiki/France":{"dbpedia":null,"qnode":null,"qnode_id":"Q142"},"http://en.wikipedia.org/wiki/Dimitrios_Tsiamis":{"dbpedia":null,"qnode":null,"qnode_id":"Q1573642"},"http://en.wikipedia.org/wiki/Greece":{"dbpedia":null,"qnode":null,"qnode_id":"Q41"},"http://en.wikipedia.org/w/index.php?title=Andr%C3%A9s_Capell%C3%A1n&action=edit&redlink=1":{"dbpedia":null,"qnode":null,"qnode_id":null},"http://en.wikipedia.org/wiki/Spain":{"dbpedia":null,"qnode":null,"qnode_id":"Q29"},"http://en.wikipedia.org/wiki/Aleksey_Fyodorov_(athlete)":{"dbpedia":null,"qnode":null,"qnode_id":"Q2832617"},"http://en.wikipedia.org/wiki/Russia":{"dbpedia":null,"qnode":null,"qnode_id":"Q159"},"http://en.wikipedia.org/wiki/Charles_Friedek":{"dbpedia":null,"qnode":null,"qnode_id":"Q648217"},"http://en.wikipedia.org/wiki/Germany":{"dbpedia":null,"qnode":null,"qnode_id":"Q183"},"http://en.wikipedia.org/w/index.php?title=Pawe%C5%82_Kruhlik&action=edit&redlink=1":{"dbpedia":null,"qnode":null,"qnode_id":null},"http://en.wikipedia.org/wiki/Poland":{"dbpedia":null,"qnode":null,"qnode_id":"Q36"},"http://en.wikipedia.org/w/index.php?title=Tom%C3%A1%C5%A1_Cholensk%C3%BD&action=edit&redlink=1":{"dbpedia":null,"qnode":null,"qnode_id":null},"http://en.wikipedia.org/wiki/Czech_Republic":{"dbpedia":null,"qnode":null,"qnode_id":"Q213"},"http://en.wikipedia.org/wiki/Andreas_Otterling":{"dbpedia":null,"qnode":null,"qnode_id":"Q6030913"},"http://en.wikipedia.org/wiki/Sweden":{"dbpedia":null,"qnode":null,"qnode_id":"Q34"},"https://en.wikipedia.org/wiki/2009_European_Team_Championships_Super_League":{"dbpedia":null,"qnode":null,"qnode_id":"Q16837429"}}}