{"id":"2013–14_Frauen-Bundesliga","pageURI":"http://dbpedia.org/resource/2013–14_Frauen-Bundesliga?dbpv=2020-02&nif=context","rows":[{"cells":[{"value":"Team","html":"<th>Team</th>","links":[],"attrs":{},"is_header":true,"rowspan":1,"colspan":1,"original_rowspan":1,"original_colspan":1},{"value":"Home city","html":"<th>Home city</th>","links":[],"attrs":{},"is_header":true,"rowspan":1,"colspan":1,"original_rowspan":1,"original_colspan":1},{"value":"Home ground","html":"<th>Home ground</th>","links":[],"attrs":{},"is_header":true,"rowspan":1,"colspan":1,"original_rowspan":1,"original_colspan":1}],"attrs":{}},{"cells":[{"value":"Bayer 04 Leverkusen","html":"<td><a href=\"/wiki/Bayer_04_Leverkusen_(women)\" title=\"Bayer 04 Leverkusen (women)\">Bayer 04 Leverkusen</a></td>","links":[{"href":"/wiki/Bayer_04_Leverkusen_(women)","start":0,"end":19,"is_selflink":false}],"attrs":{},"is_header":false,"rowspan":1,"colspan":1,"original_rowspan":1,"original_colspan":1},{"value":"Leverkusen","html":"<td><a href=\"/wiki/Leverkusen\" title=\"Leverkusen\">Leverkusen</a></td>","links":[{"href":"/wiki/Leverkusen","start":0,"end":10,"is_selflink":false}],"attrs":{},"is_header":false,"rowspan":1,"colspan":1,"original_rowspan":1,"original_colspan":1},{"value":"Ulrich-Haberland-Stadion (Amateur)","html":"<td>Ulrich-Haberland-Stadion (Amateur)</td>","links":[],"attrs":{},"is_header":false,"rowspan":1,"colspan":1,"original_rowspan":1,"original_colspan":1}],"attrs":{}},{"cells":[{"value":"BV Cloppenburg","html":"<td><span data-sort-value=\"Cloppenburg !\"><a href=\"/wiki/BV_Cloppenburg_(women)\" title=\"BV Cloppenburg (women)\">BV Cloppenburg</a></span></td>","links":[{"href":"/wiki/BV_Cloppenburg_(women)","start":0,"end":14,"is_selflink":false}],"attrs":{},"is_header":false,"rowspan":1,"colspan":1,"original_rowspan":1,"original_colspan":1},{"value":"Cloppenburg","html":"<td><a href=\"/wiki/Cloppenburg\" title=\"Cloppenburg\">Cloppenburg</a></td>","links":[{"href":"/wiki/Cloppenburg","start":0,"end":11,"is_selflink":false}],"attrs":{},"is_header":false,"rowspan":1,"colspan":1,"original_rowspan":1,"original_colspan":1},{"value":"TimePartner Arena","html":"<td><a class=\"new\" href=\"/w/index.php?title=TimePartner_Arena&amp;action=edit&amp;redlink=1\" title=\"TimePartner Arena (page does not exist)\">TimePartner Arena</a></td>","links":[{"href":"/w/index.php?title=TimePartner_Arena&action=edit&redlink=1","start":0,"end":17,"is_selflink":false}],"attrs":{},"is_header":false,"rowspan":1,"colspan":1,"original_rowspan":1,"original_colspan":1}],"attrs":{}},{"cells":[{"value":"FC Bayern Munich","html":"<td><span data-sort-value=\"Bayern Munich !\"><a class=\"mw-redirect\" href=\"/wiki/FC_Bayern_Munich_(women%27s_section)\" title=\"FC Bayern Munich (women's section)\">FC Bayern Munich</a></span></td>","links":[{"href":"/wiki/FC_Bayern_Munich_(women%27s_section)","start":0,"end":16,"is_selflink":false}],"attrs":{},"is_header":false,"rowspan":1,"colspan":1,"original_rowspan":1,"original_colspan":1},{"value":"Munich","html":"<td><a href=\"/wiki/Munich\" title=\"Munich\">Munich</a></td>","links":[{"href":"/wiki/Munich","start":0,"end":6,"is_selflink":false}],"attrs":{},"is_header":false,"rowspan":1,"colspan":1,"original_rowspan":1,"original_colspan":1},{"value":"Sportpark Aschheim","html":"<td><a href=\"/wiki/Sportpark_Aschheim\" title=\"Sportpark Aschheim\">Sportpark Aschheim</a></td>","links":[{"href":"/wiki/Sportpark_Aschheim","start":0,"end":18,"is_selflink":false}],"attrs":{},"is_header":false,"rowspan":1,"colspan":1,"original_rowspan":1,"original_colspan":1}],"attrs":{}},{"cells":[{"value":"MSV Duisburg","html":"<td><span data-sort-value=\"Duisburg !\"><a href=\"/wiki/FCR_2001_Duisburg\" title=\"FCR 2001 Duisburg\">MSV Duisburg</a></span></td>","links":[{"href":"/wiki/FCR_2001_Duisburg","start":0,"end":12,"is_selflink":false}],"attrs":{},"is_header":false,"rowspan":1,"colspan":1,"original_rowspan":1,"original_colspan":1},{"value":"Duisburg","html":"<td><a href=\"/wiki/Duisburg\" title=\"Duisburg\">Duisburg</a></td>","links":[{"href":"/wiki/Duisburg","start":0,"end":8,"is_selflink":false}],"attrs":{},"is_header":false,"rowspan":1,"colspan":1,"original_rowspan":1,"original_colspan":1},{"value":"PCC-Stadion","html":"<td><a href=\"/wiki/PCC-Stadion\" title=\"PCC-Stadion\">PCC-Stadion</a></td>","links":[{"href":"/wiki/PCC-Stadion","start":0,"end":11,"is_selflink":false}],"attrs":{},"is_header":false,"rowspan":1,"colspan":1,"original_rowspan":1,"original_colspan":1}],"attrs":{}},{"cells":[{"value":"SGS Essen","html":"<td><span data-sort-value=\"Essen !\"><a href=\"/wiki/SGS_Essen\" title=\"SGS Essen\">SGS Essen</a></span></td>","links":[{"href":"/wiki/SGS_Essen","start":0,"end":9,"is_selflink":false}],"attrs":{},"is_header":false,"rowspan":1,"colspan":1,"original_rowspan":1,"original_colspan":1},{"value":"Essen","html":"<td><a href=\"/wiki/Essen\" title=\"Essen\">Essen</a></td>","links":[{"href":"/wiki/Essen","start":0,"end":5,"is_selflink":false}],"attrs":{},"is_header":false,"rowspan":1,"colspan":1,"original_rowspan":1,"original_colspan":1},{"value":"Stadion für Essen","html":"<td><a class=\"new\" href=\"/w/index.php?title=Stadion_f%C3%BCr_Essen&amp;action=edit&amp;redlink=1\" title=\"Stadion für Essen (page does not exist)\">Stadion für Essen</a></td>","links":[{"href":"/w/index.php?title=Stadion_f%C3%BCr_Essen&action=edit&redlink=1","start":0,"end":17,"is_selflink":false}],"attrs":{},"is_header":false,"rowspan":1,"colspan":1,"original_rowspan":1,"original_colspan":1}],"attrs":{}},{"cells":[{"value":"1. FFC Frankfurt","html":"<td><span data-sort-value=\"Frankfurt !\"><a href=\"/wiki/1._FFC_Frankfurt\" title=\"1. FFC Frankfurt\">1. FFC Frankfurt</a></span></td>","links":[{"href":"/wiki/1._FFC_Frankfurt","start":0,"end":16,"is_selflink":false}],"attrs":{},"is_header":false,"rowspan":1,"colspan":1,"original_rowspan":1,"original_colspan":1},{"value":"Frankfurt","html":"<td><a href=\"/wiki/Frankfurt\" title=\"Frankfurt\">Frankfurt</a></td>","links":[{"href":"/wiki/Frankfurt","start":0,"end":9,"is_selflink":false}],"attrs":{},"is_header":false,"rowspan":1,"colspan":1,"original_rowspan":1,"original_colspan":1},{"value":"Stadion am Brentanobad","html":"<td><a href=\"/wiki/Stadion_am_Brentanobad\" title=\"Stadion am Brentanobad\">Stadion am Brentanobad</a></td>","links":[{"href":"/wiki/Stadion_am_Brentanobad","start":0,"end":22,"is_selflink":false}],"attrs":{},"is_header":false,"rowspan":1,"colspan":1,"original_rowspan":1,"original_colspan":1}],"attrs":{}},{"cells":[{"value":"SC Freiburg","html":"<td><span data-sort-value=\"Freiburg !\"><a href=\"/wiki/SC_Freiburg_(women)\" title=\"SC Freiburg (women)\">SC Freiburg</a></span></td>","links":[{"href":"/wiki/SC_Freiburg_(women)","start":0,"end":11,"is_selflink":false}],"attrs":{},"is_header":false,"rowspan":1,"colspan":1,"original_rowspan":1,"original_colspan":1},{"value":"Freiburg","html":"<td><a class=\"mw-redirect\" href=\"/wiki/Freiburg\" title=\"Freiburg\">Freiburg</a></td>","links":[{"href":"/wiki/Freiburg","start":0,"end":8,"is_selflink":false}],"attrs":{},"is_header":false,"rowspan":1,"colspan":1,"original_rowspan":1,"original_colspan":1},{"value":"Möslestadion","html":"<td><a href=\"/wiki/M%C3%B6slestadion\" title=\"Möslestadion\">Möslestadion</a></td>","links":[{"href":"/wiki/M%C3%B6slestadion","start":0,"end":12,"is_selflink":false}],"attrs":{},"is_header":false,"rowspan":1,"colspan":1,"original_rowspan":1,"original_colspan":1}],"attrs":{}},{"cells":[{"value":"TSG 1899 Hoffenheim","html":"<td><span data-sort-value=\"Hoffenheim !\"><a href=\"/wiki/TSG_1899_Hoffenheim_(women)\" title=\"TSG 1899 Hoffenheim (women)\">TSG 1899 Hoffenheim</a></span></td>","links":[{"href":"/wiki/TSG_1899_Hoffenheim_(women)","start":0,"end":19,"is_selflink":false}],"attrs":{},"is_header":false,"rowspan":1,"colspan":1,"original_rowspan":1,"original_colspan":1},{"value":"Hoffenheim","html":"<td><a href=\"/wiki/Hoffenheim\" title=\"Hoffenheim\">Hoffenheim</a></td>","links":[{"href":"/wiki/Hoffenheim","start":0,"end":10,"is_selflink":false}],"attrs":{},"is_header":false,"rowspan":1,"colspan":1,"original_rowspan":1,"original_colspan":1},{"value":"Rhein-Neckar-Arena","html":"<td><a href=\"/wiki/Rhein-Neckar-Arena\" title=\"Rhein-Neckar-Arena\">Rhein-Neckar-Arena</a></td>","links":[{"href":"/wiki/Rhein-Neckar-Arena","start":0,"end":18,"is_selflink":false}],"attrs":{},"is_header":false,"rowspan":1,"colspan":1,"original_rowspan":1,"original_colspan":1}],"attrs":{}},{"cells":[{"value":"FF USV Jena","html":"<td><span data-sort-value=\"Jena !\"><a href=\"/wiki/FF_USV_Jena\" title=\"FF USV Jena\">FF USV Jena</a></span></td>","links":[{"href":"/wiki/FF_USV_Jena","start":0,"end":11,"is_selflink":false}],"attrs":{},"is_header":false,"rowspan":1,"colspan":1,"original_rowspan":1,"original_colspan":1},{"value":"Jena","html":"<td><a href=\"/wiki/Jena\" title=\"Jena\">Jena</a></td>","links":[{"href":"/wiki/Jena","start":0,"end":4,"is_selflink":false}],"attrs":{},"is_header":false,"rowspan":1,"colspan":1,"original_rowspan":1,"original_colspan":1},{"value":"Sportzentrum Oberaue","html":"<td><a class=\"new\" href=\"/w/index.php?title=Sportzentrum_Oberaue&amp;action=edit&amp;redlink=1\" title=\"Sportzentrum Oberaue (page does not exist)\">Sportzentrum Oberaue</a></td>","links":[{"href":"/w/index.php?title=Sportzentrum_Oberaue&action=edit&redlink=1","start":0,"end":20,"is_selflink":false}],"attrs":{},"is_header":false,"rowspan":1,"colspan":1,"original_rowspan":1,"original_colspan":1}],"attrs":{}},{"cells":[{"value":"VfL Sindelfingen","html":"<td><span data-sort-value=\"Sindelfingen !\"><a href=\"/wiki/VfL_Sindelfingen\" title=\"VfL Sindelfingen\">VfL Sindelfingen</a></span></td>","links":[{"href":"/wiki/VfL_Sindelfingen","start":0,"end":16,"is_selflink":false}],"attrs":{},"is_header":false,"rowspan":1,"colspan":1,"original_rowspan":1,"original_colspan":1},{"value":"Sindelfingen","html":"<td><a href=\"/wiki/Sindelfingen\" title=\"Sindelfingen\">Sindelfingen</a></td>","links":[{"href":"/wiki/Sindelfingen","start":0,"end":12,"is_selflink":false}],"attrs":{},"is_header":false,"rowspan":1,"colspan":1,"original_rowspan":1,"original_colspan":1},{"value":"Floschenstadion","html":"<td><a class=\"new\" href=\"/w/index.php?title=Floschenstadion&amp;action=edit&amp;redlink=1\" title=\"Floschenstadion (page does not exist)\">Floschenstadion</a></td>","links":[{"href":"/w/index.php?title=Floschenstadion&action=edit&redlink=1","start":0,"end":15,"is_selflink":false}],"attrs":{},"is_header":false,"rowspan":1,"colspan":1,"original_rowspan":1,"original_colspan":1}],"attrs":{}},{"cells":[{"value":"1. FFC Turbine Potsdam","html":"<td><span data-sort-value=\"Turbine Potsdam !\"><a href=\"/wiki/1._FFC_Turbine_Potsdam\" title=\"1. FFC Turbine Potsdam\">1. FFC Turbine Potsdam</a></span></td>","links":[{"href":"/wiki/1._FFC_Turbine_Potsdam","start":0,"end":22,"is_selflink":false}],"attrs":{},"is_header":false,"rowspan":1,"colspan":1,"original_rowspan":1,"original_colspan":1},{"value":"Potsdam","html":"<td><a href=\"/wiki/Potsdam\" title=\"Potsdam\">Potsdam</a></td>","links":[{"href":"/wiki/Potsdam","start":0,"end":7,"is_selflink":false}],"attrs":{},"is_header":false,"rowspan":1,"colspan":1,"original_rowspan":1,"original_colspan":1},{"value":"Karl-Liebknecht-Stadion","html":"<td><a href=\"/wiki/Karl-Liebknecht-Stadion\" title=\"Karl-Liebknecht-Stadion\">Karl-Liebknecht-Stadion</a></td>","links":[{"href":"/wiki/Karl-Liebknecht-Stadion","start":0,"end":23,"is_selflink":false}],"attrs":{},"is_header":false,"rowspan":1,"colspan":1,"original_rowspan":1,"original_colspan":1}],"attrs":{}},{"cells":[{"value":"VfL Wolfsburg","html":"<td><span data-sort-value=\"Wolfsburg !\"><a href=\"/wiki/VfL_Wolfsburg_(women)\" title=\"VfL Wolfsburg (women)\">VfL Wolfsburg</a></span></td>","links":[{"href":"/wiki/VfL_Wolfsburg_(women)","start":0,"end":13,"is_selflink":false}],"attrs":{},"is_header":false,"rowspan":1,"colspan":1,"original_rowspan":1,"original_colspan":1},{"value":"Wolfsburg","html":"<td><a href=\"/wiki/Wolfsburg\" title=\"Wolfsburg\">Wolfsburg</a></td>","links":[{"href":"/wiki/Wolfsburg","start":0,"end":9,"is_selflink":false}],"attrs":{},"is_header":false,"rowspan":1,"colspan":1,"original_rowspan":1,"original_colspan":1},{"value":"VfL-Stadium","html":"<td><a class=\"mw-redirect\" href=\"/wiki/VfL-Stadium\" title=\"VfL-Stadium\">VfL-Stadium</a></td>","links":[{"href":"/wiki/VfL-Stadium","start":0,"end":11,"is_selflink":false}],"attrs":{},"is_header":false,"rowspan":1,"colspan":1,"original_rowspan":1,"original_colspan":1}],"attrs":{}}],"caption":null,"attrs":{"class":["wikitable","sortable"]},"classes":["wikitable","sortable"],"is_spanned":true,"external_links":{"http://en.wikipedia.org/wiki/Bayer_04_Leverkusen_(women)":{"dbpedia":null,"qnode":null,"qnode_id":"Q812128"},"http://en.wikipedia.org/wiki/Leverkusen":{"dbpedia":null,"qnode":null,"qnode_id":"Q2938"},"http://en.wikipedia.org/wiki/BV_Cloppenburg_(women)":{"dbpedia":null,"qnode":null,"qnode_id":"Q797165"},"http://en.wikipedia.org/wiki/Cloppenburg":{"dbpedia":null,"qnode":null,"qnode_id":"Q16059"},"http://en.wikipedia.org/w/index.php?title=TimePartner_Arena&action=edit&redlink=1":{"dbpedia":null,"qnode":null,"qnode_id":null},"http://en.wikipedia.org/wiki/FC_Bayern_Munich_(women%27s_section)":{"dbpedia":null,"qnode":null,"qnode_id":"Q540384"},"http://en.wikipedia.org/wiki/Munich":{"dbpedia":null,"qnode":null,"qnode_id":"Q1726"},"http://en.wikipedia.org/wiki/Sportpark_Aschheim":{"dbpedia":null,"qnode":null,"qnode_id":"Q836406"},"http://en.wikipedia.org/wiki/FCR_2001_Duisburg":{"dbpedia":null,"qnode":null,"qnode_id":"Q492419"},"http://en.wikipedia.org/wiki/Duisburg":{"dbpedia":null,"qnode":null,"qnode_id":"Q2100"},"http://en.wikipedia.org/wiki/PCC-Stadion":{"dbpedia":null,"qnode":null,"qnode_id":"Q612678"},"http://en.wikipedia.org/wiki/SGS_Essen":{"dbpedia":null,"qnode":null,"qnode_id":"Q121968"},"http://en.wikipedia.org/wiki/Essen":{"dbpedia":null,"qnode":null,"qnode_id":"Q2066"},"http://en.wikipedia.org/w/index.php?title=Stadion_f%C3%BCr_Essen&action=edit&redlink=1":{"dbpedia":null,"qnode":null,"qnode_id":null},"http://en.wikipedia.org/wiki/1._FFC_Frankfurt":{"dbpedia":null,"qnode":null,"qnode_id":"Q162449"},"http://en.wikipedia.org/wiki/Frankfurt":{"dbpedia":null,"qnode":null,"qnode_id":"Q1794"},"http://en.wikipedia.org/wiki/Stadion_am_Brentanobad":{"dbpedia":null,"qnode":null,"qnode_id":"Q167202"},"http://en.wikipedia.org/wiki/SC_Freiburg_(women)":{"dbpedia":null,"qnode":null,"qnode_id":"Q820739"},"http://en.wikipedia.org/wiki/Freiburg":{"dbpedia":null,"qnode":null,"qnode_id":"Q2833"},"http://en.wikipedia.org/wiki/M%C3%B6slestadion":{"dbpedia":null,"qnode":null,"qnode_id":"Q1958177"},"http://en.wikipedia.org/wiki/TSG_1899_Hoffenheim_(women)":{"dbpedia":null,"qnode":null,"qnode_id":"Q15849946"},"http://en.wikipedia.org/wiki/Hoffenheim":{"dbpedia":null,"qnode":null,"qnode_id":"Q707011"},"http://en.wikipedia.org/wiki/Rhein-Neckar-Arena":{"dbpedia":null,"qnode":null,"qnode_id":"Q129870"},"http://en.wikipedia.org/wiki/FF_USV_Jena":{"dbpedia":null,"qnode":null,"qnode_id":null},"http://en.wikipedia.org/wiki/Jena":{"dbpedia":null,"qnode":null,"qnode_id":"Q3150"},"http://en.wikipedia.org/w/index.php?title=Sportzentrum_Oberaue&action=edit&redlink=1":{"dbpedia":null,"qnode":null,"qnode_id":null},"http://en.wikipedia.org/wiki/VfL_Sindelfingen":{"dbpedia":null,"qnode":null,"qnode_id":"Q878710"},"http://en.wikipedia.org/wiki/Sindelfingen":{"dbpedia":null,"qnode":null,"qnode_id":"Q4019"},"http://en.wikipedia.org/w/index.php?title=Floschenstadion&action=edit&redlink=1":{"dbpedia":null,"qnode":null,"qnode_id":null},"http://en.wikipedia.org/wiki/1._FFC_Turbine_Potsdam":{"dbpedia":null,"qnode":null,"qnode_id":"Q162450"},"http://en.wikipedia.org/wiki/Potsdam":{"dbpedia":null,"qnode":null,"qnode_id":"Q1711"},"http://en.wikipedia.org/wiki/Karl-Liebknecht-Stadion":{"dbpedia":null,"qnode":null,"qnode_id":"Q464018"},"http://en.wikipedia.org/wiki/VfL_Wolfsburg_(women)":{"dbpedia":null,"qnode":null,"qnode_id":"Q285131"},"http://en.wikipedia.org/wiki/Wolfsburg":{"dbpedia":null,"qnode":null,"qnode_id":"Q3014"},"http://en.wikipedia.org/wiki/VfL-Stadium":{"dbpedia":null,"qnode":null,"qnode_id":"Q323718"},"https://en.wikipedia.org/wiki/2013–14_Frauen-Bundesliga":{"dbpedia":null,"qnode":null,"qnode_id":"Q14623332"}}}