{"id":"2016_in_UFC","pageURI":"http://dbpedia.org/resource/2016_in_UFC?dbpv=2020-02&nif=context","rows":[{"cells":[{"value":"#","html":"<th scope=\"col\">#</th>","links":[],"attrs":{"scope":"col"},"is_header":true,"rowspan":1,"colspan":1,"original_rowspan":1,"original_colspan":1},{"value":"Event","html":"<th scope=\"col\">Event</th>","links":[],"attrs":{"scope":"col"},"is_header":true,"rowspan":1,"colspan":1,"original_rowspan":1,"original_colspan":1},{"value":"Date","html":"<th scope=\"col\">Date</th>","links":[],"attrs":{"scope":"col"},"is_header":true,"rowspan":1,"colspan":1,"original_rowspan":1,"original_colspan":1},{"value":"Venue","html":"<th scope=\"col\">Venue</th>","links":[],"attrs":{"scope":"col"},"is_header":true,"rowspan":1,"colspan":1,"original_rowspan":1,"original_colspan":1},{"value":"Location","html":"<th scope=\"col\">Location</th>","links":[],"attrs":{"scope":"col"},"is_header":true,"rowspan":1,"colspan":1,"original_rowspan":1,"original_colspan":1},{"value":"Attendance","html":"<th scope=\"col\">Attendance</th>","links":[],"attrs":{"scope":"col"},"is_header":true,"rowspan":1,"colspan":1,"original_rowspan":1,"original_colspan":1}],"attrs":{}},{"cells":[{"value":"385","html":"<td>385</td>","links":[],"attrs":{},"is_header":false,"rowspan":1,"colspan":1,"original_rowspan":1,"original_colspan":1},{"value":"UFC 207: Nunes vs. Rousey","html":"<td><a href=\"/wiki/UFC_207\" title=\"UFC 207\">UFC 207: Nunes vs. Rousey</a></td>","links":[{"href":"/wiki/UFC_207","start":0,"end":25,"is_selflink":false}],"attrs":{},"is_header":false,"rowspan":1,"colspan":1,"original_rowspan":1,"original_colspan":1},{"value":"December 30, 2016","html":"<td><span data-sort-value=\"000000002016-12-30-0000\" style=\"white-space:nowrap\">December 30, 2016</span></td>","links":[],"attrs":{},"is_header":false,"rowspan":1,"colspan":1,"original_rowspan":1,"original_colspan":1},{"value":"T-Mobile Arena","html":"<td><a href=\"/wiki/T-Mobile_Arena\" title=\"T-Mobile Arena\">T-Mobile Arena</a></td>","links":[{"href":"/wiki/T-Mobile_Arena","start":0,"end":14,"is_selflink":false}],"attrs":{},"is_header":false,"rowspan":1,"colspan":1,"original_rowspan":1,"original_colspan":1},{"value":"Las Vegas , Nevada , U.S.","html":"<td><a href=\"/wiki/Las_Vegas_Valley\" title=\"Las Vegas Valley\">Las Vegas</a>, <a href=\"/wiki/Nevada\" title=\"Nevada\">Nevada</a>, U.S.</td>","links":[{"href":"/wiki/Las_Vegas_Valley","start":0,"end":9,"is_selflink":false},{"href":"/wiki/Nevada","start":12,"end":18,"is_selflink":false}],"attrs":{},"is_header":false,"rowspan":1,"colspan":1,"original_rowspan":1,"original_colspan":1},{"value":"18,533","html":"<td><span data-sort-value=\"7004185330000000000♠\">18,533</span></td>","links":[],"attrs":{},"is_header":false,"rowspan":1,"colspan":1,"original_rowspan":1,"original_colspan":1}],"attrs":{}},{"cells":[{"value":"384","html":"<td>384</td>","links":[],"attrs":{},"is_header":false,"rowspan":1,"colspan":1,"original_rowspan":1,"original_colspan":1},{"value":"UFC on Fox: VanZant vs. Waterson","html":"<td><a href=\"/wiki/UFC_on_Fox:_VanZant_vs._Waterson\" title=\"UFC on Fox: VanZant vs. Waterson\">UFC on Fox: VanZant vs. Waterson</a></td>","links":[{"href":"/wiki/UFC_on_Fox:_VanZant_vs._Waterson","start":0,"end":32,"is_selflink":false}],"attrs":{},"is_header":false,"rowspan":1,"colspan":1,"original_rowspan":1,"original_colspan":1},{"value":"December 17, 2016","html":"<td><span data-sort-value=\"000000002016-12-17-0000\" style=\"white-space:nowrap\">December 17, 2016</span></td>","links":[],"attrs":{},"is_header":false,"rowspan":1,"colspan":1,"original_rowspan":1,"original_colspan":1},{"value":"Golden 1 Center","html":"<td><a href=\"/wiki/Golden_1_Center\" title=\"Golden 1 Center\">Golden 1 Center</a></td>","links":[{"href":"/wiki/Golden_1_Center","start":0,"end":15,"is_selflink":false}],"attrs":{},"is_header":false,"rowspan":1,"colspan":1,"original_rowspan":1,"original_colspan":1},{"value":"Sacramento, California , U.S.","html":"<td><a href=\"/wiki/Sacramento,_California\" title=\"Sacramento, California\">Sacramento, California</a>, U.S.</td>","links":[{"href":"/wiki/Sacramento,_California","start":0,"end":22,"is_selflink":false}],"attrs":{},"is_header":false,"rowspan":1,"colspan":1,"original_rowspan":1,"original_colspan":1},{"value":"13,136","html":"<td><span data-sort-value=\"7004131360000000000♠\">13,136</span></td>","links":[],"attrs":{},"is_header":false,"rowspan":1,"colspan":1,"original_rowspan":1,"original_colspan":1}],"attrs":{}},{"cells":[{"value":"383","html":"<td>383</td>","links":[],"attrs":{},"is_header":false,"rowspan":1,"colspan":1,"original_rowspan":1,"original_colspan":1},{"value":"UFC 206: Holloway vs. Pettis","html":"<td><a href=\"/wiki/UFC_206\" title=\"UFC 206\">UFC 206: Holloway vs. Pettis</a></td>","links":[{"href":"/wiki/UFC_206","start":0,"end":28,"is_selflink":false}],"attrs":{},"is_header":false,"rowspan":1,"colspan":1,"original_rowspan":1,"original_colspan":1},{"value":"December 10, 2016","html":"<td><span data-sort-value=\"000000002016-12-10-0000\" style=\"white-space:nowrap\">December 10, 2016</span></td>","links":[],"attrs":{},"is_header":false,"rowspan":1,"colspan":1,"original_rowspan":1,"original_colspan":1},{"value":"Air Canada Centre","html":"<td><a class=\"mw-redirect\" href=\"/wiki/Air_Canada_Centre\" title=\"Air Canada Centre\">Air Canada Centre</a></td>","links":[{"href":"/wiki/Air_Canada_Centre","start":0,"end":17,"is_selflink":false}],"attrs":{},"is_header":false,"rowspan":1,"colspan":1,"original_rowspan":1,"original_colspan":1},{"value":"Toronto, Ontario , Canada","html":"<td><a class=\"mw-redirect\" href=\"/wiki/Toronto,_Ontario\" title=\"Toronto, Ontario\">Toronto, Ontario</a>, Canada</td>","links":[{"href":"/wiki/Toronto,_Ontario","start":0,"end":16,"is_selflink":false}],"attrs":{},"is_header":false,"rowspan":1,"colspan":1,"original_rowspan":1,"original_colspan":1},{"value":"18,057","html":"<td><span data-sort-value=\"7004180570000000000♠\">18,057</span></td>","links":[],"attrs":{},"is_header":false,"rowspan":1,"colspan":1,"original_rowspan":1,"original_colspan":1}],"attrs":{}},{"cells":[{"value":"382","html":"<td>382</td>","links":[],"attrs":{},"is_header":false,"rowspan":1,"colspan":1,"original_rowspan":1,"original_colspan":1},{"value":"UFC Fight Night: Lewis vs. Abdurakhimov","html":"<td><a href=\"/wiki/UFC_Fight_Night:_Lewis_vs._Abdurakhimov\" title=\"UFC Fight Night: Lewis vs. Abdurakhimov\">UFC Fight Night: Lewis vs. Abdurakhimov</a></td>","links":[{"href":"/wiki/UFC_Fight_Night:_Lewis_vs._Abdurakhimov","start":0,"end":39,"is_selflink":false}],"attrs":{},"is_header":false,"rowspan":1,"colspan":1,"original_rowspan":1,"original_colspan":1},{"value":"December 9, 2016","html":"<td><span data-sort-value=\"000000002016-12-09-0000\" style=\"white-space:nowrap\">December 9, 2016</span></td>","links":[],"attrs":{},"is_header":false,"rowspan":1,"colspan":1,"original_rowspan":1,"original_colspan":1},{"value":"Times Union Center","html":"<td><a href=\"/wiki/Times_Union_Center\" title=\"Times Union Center\">Times Union Center</a></td>","links":[{"href":"/wiki/Times_Union_Center","start":0,"end":18,"is_selflink":false}],"attrs":{},"is_header":false,"rowspan":1,"colspan":1,"original_rowspan":1,"original_colspan":1},{"value":"Albany, New York , U.S","html":"<td><a href=\"/wiki/Albany,_New_York\" title=\"Albany, New York\">Albany, New York</a>, U.S</td>","links":[{"href":"/wiki/Albany,_New_York","start":0,"end":16,"is_selflink":false}],"attrs":{},"is_header":false,"rowspan":1,"colspan":1,"original_rowspan":1,"original_colspan":1},{"value":"6,216","html":"<td><span data-sort-value=\"7003621600000000000♠\">6,216</span></td>","links":[],"attrs":{},"is_header":false,"rowspan":1,"colspan":1,"original_rowspan":1,"original_colspan":1}],"attrs":{}},{"cells":[{"value":"381","html":"<td>381</td>","links":[],"attrs":{},"is_header":false,"rowspan":1,"colspan":1,"original_rowspan":1,"original_colspan":1},{"value":"The Ultimate Fighter: Tournament of Champions Finale","html":"<td><a href=\"/wiki/The_Ultimate_Fighter:_Tournament_of_Champions#The_Ultimate_Fighter_24_Finale\" title=\"The Ultimate Fighter: Tournament of Champions\">The Ultimate Fighter: Tournament of Champions Finale</a></td>","links":[{"href":"/wiki/The_Ultimate_Fighter:_Tournament_of_Champions#The_Ultimate_Fighter_24_Finale","start":0,"end":52,"is_selflink":false}],"attrs":{},"is_header":false,"rowspan":1,"colspan":1,"original_rowspan":1,"original_colspan":1},{"value":"December 3, 2016","html":"<td><span data-sort-value=\"000000002016-12-03-0000\" style=\"white-space:nowrap\">December 3, 2016</span></td>","links":[],"attrs":{},"is_header":false,"rowspan":1,"colspan":1,"original_rowspan":1,"original_colspan":1},{"value":"Palms Casino Resort","html":"<td><a href=\"/wiki/Palms_Casino_Resort\" title=\"Palms Casino Resort\">Palms Casino Resort</a></td>","links":[{"href":"/wiki/Palms_Casino_Resort","start":0,"end":19,"is_selflink":false}],"attrs":{},"is_header":false,"rowspan":1,"colspan":1,"original_rowspan":1,"original_colspan":1},{"value":"Las Vegas , Nevada , U.S.","html":"<td><a href=\"/wiki/Las_Vegas_Valley\" title=\"Las Vegas Valley\">Las Vegas</a>, <a href=\"/wiki/Nevada\" title=\"Nevada\">Nevada</a>, U.S.</td>","links":[{"href":"/wiki/Las_Vegas_Valley","start":0,"end":9,"is_selflink":false},{"href":"/wiki/Nevada","start":12,"end":18,"is_selflink":false}],"attrs":{},"is_header":false,"rowspan":1,"colspan":1,"original_rowspan":1,"original_colspan":1},{"value":"2,044","html":"<td><span data-sort-value=\"7003204400000000000♠\">2,044</span></td>","links":[],"attrs":{},"is_header":false,"rowspan":1,"colspan":1,"original_rowspan":1,"original_colspan":1}],"attrs":{}},{"cells":[{"value":"380","html":"<td>380</td>","links":[],"attrs":{},"is_header":false,"rowspan":1,"colspan":1,"original_rowspan":1,"original_colspan":1},{"value":"UFC Fight Night: Whittaker vs. Brunson","html":"<td><a href=\"/wiki/UFC_Fight_Night:_Whittaker_vs._Brunson\" title=\"UFC Fight Night: Whittaker vs. Brunson\">UFC Fight Night: Whittaker vs. Brunson</a></td>","links":[{"href":"/wiki/UFC_Fight_Night:_Whittaker_vs._Brunson","start":0,"end":38,"is_selflink":false}],"attrs":{},"is_header":false,"rowspan":1,"colspan":1,"original_rowspan":1,"original_colspan":1},{"value":"November 27, 2016","html":"<td><span data-sort-value=\"000000002016-11-27-0000\" style=\"white-space:nowrap\">November 27, 2016</span></td>","links":[],"attrs":{},"is_header":false,"rowspan":1,"colspan":1,"original_rowspan":1,"original_colspan":1},{"value":"Rod Laver Arena","html":"<td><a href=\"/wiki/Rod_Laver_Arena\" title=\"Rod Laver Arena\">Rod Laver Arena</a></td>","links":[{"href":"/wiki/Rod_Laver_Arena","start":0,"end":15,"is_selflink":false}],"attrs":{},"is_header":false,"rowspan":1,"colspan":1,"original_rowspan":1,"original_colspan":1},{"value":"Melbourne , Australia","html":"<td><a href=\"/wiki/Melbourne\" title=\"Melbourne\">Melbourne</a>, Australia</td>","links":[{"href":"/wiki/Melbourne","start":0,"end":9,"is_selflink":false}],"attrs":{},"is_header":false,"rowspan":1,"colspan":1,"original_rowspan":1,"original_colspan":1},{"value":"13,721","html":"<td><span data-sort-value=\"7004137210000000000♠\">13,721</span></td>","links":[],"attrs":{},"is_header":false,"rowspan":1,"colspan":1,"original_rowspan":1,"original_colspan":1}],"attrs":{}},{"cells":[{"value":"379","html":"<td>379</td>","links":[],"attrs":{},"is_header":false,"rowspan":1,"colspan":1,"original_rowspan":1,"original_colspan":1},{"value":"UFC Fight Night: Bader vs. Nogueira 2","html":"<td><a href=\"/wiki/UFC_Fight_Night:_Bader_vs._Nogueira_2\" title=\"UFC Fight Night: Bader vs. Nogueira 2\">UFC Fight Night: Bader vs. Nogueira 2</a></td>","links":[{"href":"/wiki/UFC_Fight_Night:_Bader_vs._Nogueira_2","start":0,"end":37,"is_selflink":false}],"attrs":{},"is_header":false,"rowspan":1,"colspan":1,"original_rowspan":1,"original_colspan":1},{"value":"November 19, 2016","html":"<td><span data-sort-value=\"000000002016-11-19-0000\" style=\"white-space:nowrap\">November 19, 2016</span></td>","links":[],"attrs":{},"is_header":false,"rowspan":1,"colspan":1,"original_rowspan":1,"original_colspan":1},{"value":"Ginásio do Ibirapuera","html":"<td><a href=\"/wiki/Gin%C3%A1sio_do_Ibirapuera\" title=\"Ginásio do Ibirapuera\">Ginásio do Ibirapuera</a></td>","links":[{"href":"/wiki/Gin%C3%A1sio_do_Ibirapuera","start":0,"end":21,"is_selflink":false}],"attrs":{},"is_header":false,"rowspan":1,"colspan":1,"original_rowspan":1,"original_colspan":1},{"value":"São Paulo , Brazil","html":"<td><a href=\"/wiki/S%C3%A3o_Paulo\" title=\"São Paulo\">São Paulo</a>, Brazil</td>","links":[{"href":"/wiki/S%C3%A3o_Paulo","start":0,"end":9,"is_selflink":false}],"attrs":{},"is_header":false,"rowspan":1,"colspan":1,"original_rowspan":1,"original_colspan":1},{"value":"9,028","html":"<td><span data-sort-value=\"7003902800000000000♠\">9,028</span></td>","links":[],"attrs":{},"is_header":false,"rowspan":1,"colspan":1,"original_rowspan":1,"original_colspan":1}],"attrs":{}},{"cells":[{"value":"378","html":"<td>378</td>","links":[],"attrs":{},"is_header":false,"rowspan":1,"colspan":1,"original_rowspan":1,"original_colspan":1},{"value":"UFC Fight Night: Mousasi vs. Hall 2","html":"<td><a href=\"/wiki/UFC_Fight_Night:_Mousasi_vs._Hall_2\" title=\"UFC Fight Night: Mousasi vs. Hall 2\">UFC Fight Night: Mousasi vs. Hall 2</a></td>","links":[{"href":"/wiki/UFC_Fight_Night:_Mousasi_vs._Hall_2","start":0,"end":35,"is_selflink":false}],"attrs":{},"is_header":false,"rowspan":1,"colspan":1,"original_rowspan":1,"original_colspan":1},{"value":"November 19, 2016","html":"<td><span data-sort-value=\"000000002016-11-19-0000\" style=\"white-space:nowrap\">November 19, 2016</span></td>","links":[],"attrs":{},"is_header":false,"rowspan":1,"colspan":1,"original_rowspan":1,"original_colspan":1},{"value":"SSE Arena","html":"<td><a class=\"mw-redirect\" href=\"/wiki/SSE_Arena,_Belfast\" title=\"SSE Arena, Belfast\">SSE Arena</a></td>","links":[{"href":"/wiki/SSE_Arena,_Belfast","start":0,"end":9,"is_selflink":false}],"attrs":{},"is_header":false,"rowspan":1,"colspan":1,"original_rowspan":1,"original_colspan":1},{"value":"Belfast, Northern Ireland , U.K.","html":"<td><a class=\"mw-redirect\" href=\"/wiki/Belfast,_Northern_Ireland\" title=\"Belfast, Northern Ireland\">Belfast, Northern Ireland</a>, U.K.</td>","links":[{"href":"/wiki/Belfast,_Northern_Ireland","start":0,"end":25,"is_selflink":false}],"attrs":{},"is_header":false,"rowspan":1,"colspan":1,"original_rowspan":1,"original_colspan":1},{"value":"7,222","html":"<td><span data-sort-value=\"7003722200000000000♠\">7,222</span></td>","links":[],"attrs":{},"is_header":false,"rowspan":1,"colspan":1,"original_rowspan":1,"original_colspan":1}],"attrs":{}},{"cells":[{"value":"377","html":"<td>377</td>","links":[],"attrs":{},"is_header":false,"rowspan":1,"colspan":1,"original_rowspan":1,"original_colspan":1},{"value":"UFC 205: Alvarez vs. McGregor","html":"<td><a href=\"/wiki/UFC_205\" title=\"UFC 205\">UFC 205: Alvarez vs. McGregor</a></td>","links":[{"href":"/wiki/UFC_205","start":0,"end":29,"is_selflink":false}],"attrs":{},"is_header":false,"rowspan":1,"colspan":1,"original_rowspan":1,"original_colspan":1},{"value":"November 12, 2016","html":"<td><span data-sort-value=\"000000002016-11-12-0000\" style=\"white-space:nowrap\">November 12, 2016</span></td>","links":[],"attrs":{},"is_header":false,"rowspan":1,"colspan":1,"original_rowspan":1,"original_colspan":1},{"value":"Madison Square Garden","html":"<td><a href=\"/wiki/Madison_Square_Garden\" title=\"Madison Square Garden\">Madison Square Garden</a></td>","links":[{"href":"/wiki/Madison_Square_Garden","start":0,"end":21,"is_selflink":false}],"attrs":{},"is_header":false,"rowspan":1,"colspan":1,"original_rowspan":1,"original_colspan":1},{"value":"New York, New York , U.S.","html":"<td><a class=\"mw-redirect\" href=\"/wiki/New_York,_New_York\" title=\"New York, New York\">New York, New York</a>, U.S.</td>","links":[{"href":"/wiki/New_York,_New_York","start":0,"end":18,"is_selflink":false}],"attrs":{},"is_header":false,"rowspan":1,"colspan":1,"original_rowspan":1,"original_colspan":1},{"value":"20,427","html":"<td><span data-sort-value=\"7004204270000000000♠\">20,427</span></td>","links":[],"attrs":{},"is_header":false,"rowspan":1,"colspan":1,"original_rowspan":1,"original_colspan":1}],"attrs":{}},{"cells":[{"value":"376","html":"<td>376</td>","links":[],"attrs":{},"is_header":false,"rowspan":1,"colspan":1,"original_rowspan":1,"original_colspan":1},{"value":"The Ultimate Fighter Latin America 3 Finale: dos Anjos vs. Ferguson","html":"<td><a href=\"/wiki/The_Ultimate_Fighter:_Latin_America_3#The_Ultimate_Fighter_Latin_America_3_Finale:_dos_Anjos_vs._Ferguson\" title=\"The Ultimate Fighter: Latin America 3\">The Ultimate Fighter Latin America 3 Finale: dos Anjos vs. Ferguson</a></td>","links":[{"href":"/wiki/The_Ultimate_Fighter:_Latin_America_3#The_Ultimate_Fighter_Latin_America_3_Finale:_dos_Anjos_vs._Ferguson","start":0,"end":67,"is_selflink":false}],"attrs":{},"is_header":false,"rowspan":1,"colspan":1,"original_rowspan":1,"original_colspan":1},{"value":"November 5, 2016","html":"<td><span data-sort-value=\"000000002016-11-05-0000\" style=\"white-space:nowrap\">November 5, 2016</span></td>","links":[],"attrs":{},"is_header":false,"rowspan":1,"colspan":1,"original_rowspan":1,"original_colspan":1},{"value":"Arena Ciudad de México","html":"<td><a href=\"/wiki/Mexico_City_Arena\" title=\"Mexico City Arena\">Arena Ciudad de México</a></td>","links":[{"href":"/wiki/Mexico_City_Arena","start":0,"end":22,"is_selflink":false}],"attrs":{},"is_header":false,"rowspan":1,"colspan":1,"original_rowspan":1,"original_colspan":1},{"value":"Mexico City , Mexico","html":"<td><a href=\"/wiki/Mexico_City\" title=\"Mexico City\">Mexico City</a>, Mexico</td>","links":[{"href":"/wiki/Mexico_City","start":0,"end":11,"is_selflink":false}],"attrs":{},"is_header":false,"rowspan":1,"colspan":1,"original_rowspan":1,"original_colspan":1},{"value":"11,460","html":"<td><span data-sort-value=\"7004114600000000000♠\">11,460</span></td>","links":[],"attrs":{},"is_header":false,"rowspan":1,"colspan":1,"original_rowspan":1,"original_colspan":1}],"attrs":{}},{"cells":[{"value":"–","html":"<td align=\"center\"> –</td>","links":[],"attrs":{"align":"center"},"is_header":false,"rowspan":1,"colspan":1,"original_rowspan":1,"original_colspan":1},{"value":"UFC Fight Night: Lamas vs. Penn","html":"<td><a href=\"/wiki/UFC_Fight_Night:_Lamas_vs._Penn\" title=\"UFC Fight Night: Lamas vs. Penn\">UFC Fight Night: Lamas vs. Penn</a></td>","links":[{"href":"/wiki/UFC_Fight_Night:_Lamas_vs._Penn","start":0,"end":31,"is_selflink":false}],"attrs":{},"is_header":false,"rowspan":1,"colspan":1,"original_rowspan":1,"original_colspan":1},{"value":"October 15, 2016","html":"<td><span data-sort-value=\"000000002016-10-15-0000\" style=\"white-space:nowrap\">October 15, 2016</span></td>","links":[],"attrs":{},"is_header":false,"rowspan":1,"colspan":1,"original_rowspan":1,"original_colspan":1},{"value":"Mall of Asia Arena","html":"<td><a href=\"/wiki/Mall_of_Asia_Arena\" title=\"Mall of Asia Arena\">Mall of Asia Arena</a></td>","links":[{"href":"/wiki/Mall_of_Asia_Arena","start":0,"end":18,"is_selflink":false}],"attrs":{},"is_header":false,"rowspan":1,"colspan":1,"original_rowspan":1,"original_colspan":1},{"value":"Pasay , Philippines","html":"<td><a href=\"/wiki/Pasay\" title=\"Pasay\">Pasay</a>, Philippines</td>","links":[{"href":"/wiki/Pasay","start":0,"end":5,"is_selflink":false}],"attrs":{},"is_header":false,"rowspan":1,"colspan":1,"original_rowspan":1,"original_colspan":1},{"value":"Cancelled","html":"<td>Cancelled</td>","links":[],"attrs":{},"is_header":false,"rowspan":1,"colspan":1,"original_rowspan":1,"original_colspan":1}],"attrs":{}},{"cells":[{"value":"375","html":"<td>375</td>","links":[],"attrs":{},"is_header":false,"rowspan":1,"colspan":1,"original_rowspan":1,"original_colspan":1},{"value":"UFC 204: Bisping vs. Henderson 2","html":"<td><a href=\"/wiki/UFC_204\" title=\"UFC 204\">UFC 204: Bisping vs. Henderson 2</a></td>","links":[{"href":"/wiki/UFC_204","start":0,"end":32,"is_selflink":false}],"attrs":{},"is_header":false,"rowspan":1,"colspan":1,"original_rowspan":1,"original_colspan":1},{"value":"October 8, 2016","html":"<td><span data-sort-value=\"000000002016-10-08-0000\" style=\"white-space:nowrap\">October 8, 2016</span></td>","links":[],"attrs":{},"is_header":false,"rowspan":1,"colspan":1,"original_rowspan":1,"original_colspan":1},{"value":"Manchester Arena","html":"<td><a href=\"/wiki/Manchester_Arena\" title=\"Manchester Arena\">Manchester Arena</a></td>","links":[{"href":"/wiki/Manchester_Arena","start":0,"end":16,"is_selflink":false}],"attrs":{},"is_header":false,"rowspan":1,"colspan":1,"original_rowspan":1,"original_colspan":1},{"value":"Manchester , England , U.K.","html":"<td><a href=\"/wiki/Manchester\" title=\"Manchester\">Manchester</a>, <a href=\"/wiki/England\" title=\"England\">England</a>, U.K.</td>","links":[{"href":"/wiki/Manchester","start":0,"end":10,"is_selflink":false},{"href":"/wiki/England","start":13,"end":20,"is_selflink":false}],"attrs":{},"is_header":false,"rowspan":1,"colspan":1,"original_rowspan":1,"original_colspan":1},{"value":"16,000","html":"<td><span data-sort-value=\"7004160000000000000♠\">16,000</span></td>","links":[],"attrs":{},"is_header":false,"rowspan":1,"colspan":1,"original_rowspan":1,"original_colspan":1}],"attrs":{}},{"cells":[{"value":"374","html":"<td>374</td>","links":[],"attrs":{},"is_header":false,"rowspan":1,"colspan":1,"original_rowspan":1,"original_colspan":1},{"value":"UFC Fight Night: Lineker vs. Dodson","html":"<td><a href=\"/wiki/UFC_Fight_Night:_Lineker_vs._Dodson\" title=\"UFC Fight Night: Lineker vs. Dodson\">UFC Fight Night: Lineker vs. Dodson</a></td>","links":[{"href":"/wiki/UFC_Fight_Night:_Lineker_vs._Dodson","start":0,"end":35,"is_selflink":false}],"attrs":{},"is_header":false,"rowspan":1,"colspan":1,"original_rowspan":1,"original_colspan":1},{"value":"October 1, 2016","html":"<td><span data-sort-value=\"000000002016-10-01-0000\" style=\"white-space:nowrap\">October 1, 2016</span></td>","links":[],"attrs":{},"is_header":false,"rowspan":1,"colspan":1,"original_rowspan":1,"original_colspan":1},{"value":"Moda Center","html":"<td><a href=\"/wiki/Moda_Center\" title=\"Moda Center\">Moda Center</a></td>","links":[{"href":"/wiki/Moda_Center","start":0,"end":11,"is_selflink":false}],"attrs":{},"is_header":false,"rowspan":1,"colspan":1,"original_rowspan":1,"original_colspan":1},{"value":"Portland, Oregon , U.S.","html":"<td><a href=\"/wiki/Portland,_Oregon\" title=\"Portland, Oregon\">Portland, Oregon</a>, U.S.</td>","links":[{"href":"/wiki/Portland,_Oregon","start":0,"end":16,"is_selflink":false}],"attrs":{},"is_header":false,"rowspan":1,"colspan":1,"original_rowspan":1,"original_colspan":1},{"value":"6,240","html":"<td><span data-sort-value=\"7003624000000000000♠\">6,240</span></td>","links":[],"attrs":{},"is_header":false,"rowspan":1,"colspan":1,"original_rowspan":1,"original_colspan":1}],"attrs":{}},{"cells":[{"value":"373","html":"<td>373</td>","links":[],"attrs":{},"is_header":false,"rowspan":1,"colspan":1,"original_rowspan":1,"original_colspan":1},{"value":"UFC Fight Night: Cyborg vs. Lansberg","html":"<td><a class=\"mw-redirect\" href=\"/wiki/UFC_Fight_Night:_Cyborg_vs._Lansberg\" title=\"UFC Fight Night: Cyborg vs. Lansberg\">UFC Fight Night: Cyborg vs. Lansberg</a></td>","links":[{"href":"/wiki/UFC_Fight_Night:_Cyborg_vs._Lansberg","start":0,"end":36,"is_selflink":false}],"attrs":{},"is_header":false,"rowspan":1,"colspan":1,"original_rowspan":1,"original_colspan":1},{"value":"September 24, 2016","html":"<td><span data-sort-value=\"000000002016-09-24-0000\" style=\"white-space:nowrap\">September 24, 2016</span></td>","links":[],"attrs":{},"is_header":false,"rowspan":1,"colspan":1,"original_rowspan":1,"original_colspan":1},{"value":"Ginásio Nilson Nelson","html":"<td><a href=\"/wiki/Nilson_Nelson_Gymnasium\" title=\"Nilson Nelson Gymnasium\">Ginásio Nilson Nelson</a></td>","links":[{"href":"/wiki/Nilson_Nelson_Gymnasium","start":0,"end":21,"is_selflink":false}],"attrs":{},"is_header":false,"rowspan":1,"colspan":1,"original_rowspan":1,"original_colspan":1},{"value":"Brasília , Brazil","html":"<td><a href=\"/wiki/Bras%C3%ADlia\" title=\"Brasília\">Brasília</a>, Brazil</td>","links":[{"href":"/wiki/Bras%C3%ADlia","start":0,"end":8,"is_selflink":false}],"attrs":{},"is_header":false,"rowspan":1,"colspan":1,"original_rowspan":1,"original_colspan":1},{"value":"8,410","html":"<td><span data-sort-value=\"7003841000000000000♠\">8,410</span></td>","links":[],"attrs":{},"is_header":false,"rowspan":1,"colspan":1,"original_rowspan":1,"original_colspan":1}],"attrs":{}},{"cells":[{"value":"372","html":"<td>372</td>","links":[],"attrs":{},"is_header":false,"rowspan":1,"colspan":1,"original_rowspan":1,"original_colspan":1},{"value":"UFC Fight Night: Poirier vs. Johnson","html":"<td><a href=\"/wiki/UFC_Fight_Night:_Poirier_vs._Johnson\" title=\"UFC Fight Night: Poirier vs. Johnson\">UFC Fight Night: Poirier vs. Johnson</a></td>","links":[{"href":"/wiki/UFC_Fight_Night:_Poirier_vs._Johnson","start":0,"end":36,"is_selflink":false}],"attrs":{},"is_header":false,"rowspan":1,"colspan":1,"original_rowspan":1,"original_colspan":1},{"value":"September 17, 2016","html":"<td><span data-sort-value=\"000000002016-09-17-0000\" style=\"white-space:nowrap\">September 17, 2016</span></td>","links":[],"attrs":{},"is_header":false,"rowspan":1,"colspan":1,"original_rowspan":1,"original_colspan":1},{"value":"State Farm Arena","html":"<td><a class=\"mw-redirect\" href=\"/wiki/State_Farm_Arena_(Hidalgo,_Texas)\" title=\"State Farm Arena (Hidalgo, Texas)\">State Farm Arena</a></td>","links":[{"href":"/wiki/State_Farm_Arena_(Hidalgo,_Texas)","start":0,"end":16,"is_selflink":false}],"attrs":{},"is_header":false,"rowspan":1,"colspan":1,"original_rowspan":1,"original_colspan":1},{"value":"Hidalgo, Texas , U.S.","html":"<td><a href=\"/wiki/Hidalgo,_Texas\" title=\"Hidalgo, Texas\">Hidalgo, Texas</a>, U.S.</td>","links":[{"href":"/wiki/Hidalgo,_Texas","start":0,"end":14,"is_selflink":false}],"attrs":{},"is_header":false,"rowspan":1,"colspan":1,"original_rowspan":1,"original_colspan":1},{"value":"5,624","html":"<td><span data-sort-value=\"7003562400000000000♠\">5,624</span></td>","links":[],"attrs":{},"is_header":false,"rowspan":1,"colspan":1,"original_rowspan":1,"original_colspan":1}],"attrs":{}},{"cells":[{"value":"371","html":"<td>371</td>","links":[],"attrs":{},"is_header":false,"rowspan":1,"colspan":1,"original_rowspan":1,"original_colspan":1},{"value":"UFC 203: Miocic vs. Overeem","html":"<td><a href=\"/wiki/UFC_203\" title=\"UFC 203\">UFC 203: Miocic vs. Overeem</a></td>","links":[{"href":"/wiki/UFC_203","start":0,"end":27,"is_selflink":false}],"attrs":{},"is_header":false,"rowspan":1,"colspan":1,"original_rowspan":1,"original_colspan":1},{"value":"September 10, 2016","html":"<td><span data-sort-value=\"000000002016-09-10-0000\" style=\"white-space:nowrap\">September 10, 2016</span></td>","links":[],"attrs":{},"is_header":false,"rowspan":1,"colspan":1,"original_rowspan":1,"original_colspan":1},{"value":"Quicken Loans Arena","html":"<td><a class=\"mw-redirect\" href=\"/wiki/Quicken_Loans_Arena\" title=\"Quicken Loans Arena\">Quicken Loans Arena</a></td>","links":[{"href":"/wiki/Quicken_Loans_Arena","start":0,"end":19,"is_selflink":false}],"attrs":{},"is_header":false,"rowspan":1,"colspan":1,"original_rowspan":1,"original_colspan":1},{"value":"Cleveland, Ohio , U.S.","html":"<td><a class=\"mw-redirect\" href=\"/wiki/Cleveland,_Ohio\" title=\"Cleveland, Ohio\">Cleveland, Ohio</a>, U.S.</td>","links":[{"href":"/wiki/Cleveland,_Ohio","start":0,"end":15,"is_selflink":false}],"attrs":{},"is_header":false,"rowspan":1,"colspan":1,"original_rowspan":1,"original_colspan":1},{"value":"18,875","html":"<td><span data-sort-value=\"7004188750000000000♠\">18,875</span></td>","links":[],"attrs":{},"is_header":false,"rowspan":1,"colspan":1,"original_rowspan":1,"original_colspan":1}],"attrs":{}},{"cells":[{"value":"370","html":"<td>370</td>","links":[],"attrs":{},"is_header":false,"rowspan":1,"colspan":1,"original_rowspan":1,"original_colspan":1},{"value":"UFC Fight Night: Arlovski vs. Barnett","html":"<td><a href=\"/wiki/UFC_Fight_Night:_Arlovski_vs._Barnett\" title=\"UFC Fight Night: Arlovski vs. Barnett\">UFC Fight Night: Arlovski vs. Barnett</a></td>","links":[{"href":"/wiki/UFC_Fight_Night:_Arlovski_vs._Barnett","start":0,"end":37,"is_selflink":false}],"attrs":{},"is_header":false,"rowspan":1,"colspan":1,"original_rowspan":1,"original_colspan":1},{"value":"September 3, 2016","html":"<td><span data-sort-value=\"000000002016-09-03-0000\" style=\"white-space:nowrap\">September 3, 2016</span></td>","links":[],"attrs":{},"is_header":false,"rowspan":1,"colspan":1,"original_rowspan":1,"original_colspan":1},{"value":"Barclaycard Arena","html":"<td><a href=\"/wiki/Barclaycard_Arena_(Hamburg)\" title=\"Barclaycard Arena (Hamburg)\">Barclaycard Arena</a></td>","links":[{"href":"/wiki/Barclaycard_Arena_(Hamburg)","start":0,"end":17,"is_selflink":false}],"attrs":{},"is_header":false,"rowspan":1,"colspan":1,"original_rowspan":1,"original_colspan":1},{"value":"Hamburg , Germany","html":"<td><a href=\"/wiki/Hamburg\" title=\"Hamburg\">Hamburg</a>, Germany</td>","links":[{"href":"/wiki/Hamburg","start":0,"end":7,"is_selflink":false}],"attrs":{},"is_header":false,"rowspan":1,"colspan":1,"original_rowspan":1,"original_colspan":1},{"value":"11,763","html":"<td><span data-sort-value=\"7004117630000000000♠\">11,763</span></td>","links":[],"attrs":{},"is_header":false,"rowspan":1,"colspan":1,"original_rowspan":1,"original_colspan":1}],"attrs":{}},{"cells":[{"value":"369","html":"<td>369</td>","links":[],"attrs":{},"is_header":false,"rowspan":1,"colspan":1,"original_rowspan":1,"original_colspan":1},{"value":"UFC on Fox: Maia vs. Condit","html":"<td><a href=\"/wiki/UFC_on_Fox:_Maia_vs._Condit\" title=\"UFC on Fox: Maia vs. Condit\">UFC on Fox: Maia vs. Condit</a></td>","links":[{"href":"/wiki/UFC_on_Fox:_Maia_vs._Condit","start":0,"end":27,"is_selflink":false}],"attrs":{},"is_header":false,"rowspan":1,"colspan":1,"original_rowspan":1,"original_colspan":1},{"value":"August 27, 2016","html":"<td><span data-sort-value=\"000000002016-08-27-0000\" style=\"white-space:nowrap\">August 27, 2016</span></td>","links":[],"attrs":{},"is_header":false,"rowspan":1,"colspan":1,"original_rowspan":1,"original_colspan":1},{"value":"Rogers Arena","html":"<td><a href=\"/wiki/Rogers_Arena\" title=\"Rogers Arena\">Rogers Arena</a></td>","links":[{"href":"/wiki/Rogers_Arena","start":0,"end":12,"is_selflink":false}],"attrs":{},"is_header":false,"rowspan":1,"colspan":1,"original_rowspan":1,"original_colspan":1},{"value":"Vancouver, British Columbia , Canada","html":"<td><a class=\"mw-redirect\" href=\"/wiki/Vancouver,_British_Columbia\" title=\"Vancouver, British Columbia\">Vancouver, British Columbia</a>, Canada</td>","links":[{"href":"/wiki/Vancouver,_British_Columbia","start":0,"end":27,"is_selflink":false}],"attrs":{},"is_header":false,"rowspan":1,"colspan":1,"original_rowspan":1,"original_colspan":1},{"value":"10,533","html":"<td><span data-sort-value=\"7004105330000000000♠\">10,533</span></td>","links":[],"attrs":{},"is_header":false,"rowspan":1,"colspan":1,"original_rowspan":1,"original_colspan":1}],"attrs":{}},{"cells":[{"value":"368","html":"<td>368</td>","links":[],"attrs":{},"is_header":false,"rowspan":1,"colspan":1,"original_rowspan":1,"original_colspan":1},{"value":"UFC 202: Diaz vs. McGregor 2","html":"<td><a href=\"/wiki/UFC_202\" title=\"UFC 202\">UFC 202: Diaz vs. McGregor 2</a></td>","links":[{"href":"/wiki/UFC_202","start":0,"end":28,"is_selflink":false}],"attrs":{},"is_header":false,"rowspan":1,"colspan":1,"original_rowspan":1,"original_colspan":1},{"value":"August 20, 2016","html":"<td><span data-sort-value=\"000000002016-08-20-0000\" style=\"white-space:nowrap\">August 20, 2016</span></td>","links":[],"attrs":{},"is_header":false,"rowspan":1,"colspan":1,"original_rowspan":1,"original_colspan":1},{"value":"T-Mobile Arena","html":"<td><a href=\"/wiki/T-Mobile_Arena\" title=\"T-Mobile Arena\">T-Mobile Arena</a></td>","links":[{"href":"/wiki/T-Mobile_Arena","start":0,"end":14,"is_selflink":false}],"attrs":{},"is_header":false,"rowspan":1,"colspan":1,"original_rowspan":1,"original_colspan":1},{"value":"Las Vegas, Nevada , U.S.","html":"<td><a class=\"mw-redirect\" href=\"/wiki/Las_Vegas,_Nevada\" title=\"Las Vegas, Nevada\">Las Vegas, Nevada</a>, U.S.</td>","links":[{"href":"/wiki/Las_Vegas,_Nevada","start":0,"end":17,"is_selflink":false}],"attrs":{},"is_header":false,"rowspan":1,"colspan":1,"original_rowspan":1,"original_colspan":1},{"value":"15,539","html":"<td><span data-sort-value=\"7004155390000000000♠\">15,539</span></td>","links":[],"attrs":{},"is_header":false,"rowspan":1,"colspan":1,"original_rowspan":1,"original_colspan":1}],"attrs":{}},{"cells":[{"value":"367","html":"<td>367</td>","links":[],"attrs":{},"is_header":false,"rowspan":1,"colspan":1,"original_rowspan":1,"original_colspan":1},{"value":"UFC Fight Night: Rodríguez vs. Caceres","html":"<td><a href=\"/wiki/UFC_Fight_Night:_Rodr%C3%ADguez_vs._Caceres\" title=\"UFC Fight Night: Rodríguez vs. Caceres\">UFC Fight Night: Rodríguez vs. Caceres</a></td>","links":[{"href":"/wiki/UFC_Fight_Night:_Rodr%C3%ADguez_vs._Caceres","start":0,"end":38,"is_selflink":false}],"attrs":{},"is_header":false,"rowspan":1,"colspan":1,"original_rowspan":1,"original_colspan":1},{"value":"August 6, 2016","html":"<td><span data-sort-value=\"000000002016-08-06-0000\" style=\"white-space:nowrap\">August 6, 2016</span></td>","links":[],"attrs":{},"is_header":false,"rowspan":1,"colspan":1,"original_rowspan":1,"original_colspan":1},{"value":"Vivint Smart Home Arena","html":"<td><a href=\"/wiki/Vivint_Smart_Home_Arena\" title=\"Vivint Smart Home Arena\">Vivint Smart Home Arena</a></td>","links":[{"href":"/wiki/Vivint_Smart_Home_Arena","start":0,"end":23,"is_selflink":false}],"attrs":{},"is_header":false,"rowspan":1,"colspan":1,"original_rowspan":1,"original_colspan":1},{"value":"Salt Lake City, Utah , U.S.","html":"<td><a class=\"mw-redirect\" href=\"/wiki/Salt_Lake_City,_Utah\" title=\"Salt Lake City, Utah\">Salt Lake City, Utah</a>, U.S.</td>","links":[{"href":"/wiki/Salt_Lake_City,_Utah","start":0,"end":20,"is_selflink":false}],"attrs":{},"is_header":false,"rowspan":1,"colspan":1,"original_rowspan":1,"original_colspan":1},{"value":"6,689","html":"<td><span data-sort-value=\"7003668900000000000♠\">6,689</span></td>","links":[],"attrs":{},"is_header":false,"rowspan":1,"colspan":1,"original_rowspan":1,"original_colspan":1}],"attrs":{}},{"cells":[{"value":"366","html":"<td>366</td>","links":[],"attrs":{},"is_header":false,"rowspan":1,"colspan":1,"original_rowspan":1,"original_colspan":1},{"value":"UFC 201: Lawler vs. Woodley","html":"<td><a href=\"/wiki/UFC_201\" title=\"UFC 201\">UFC 201: Lawler vs. Woodley</a></td>","links":[{"href":"/wiki/UFC_201","start":0,"end":27,"is_selflink":false}],"attrs":{},"is_header":false,"rowspan":1,"colspan":1,"original_rowspan":1,"original_colspan":1},{"value":"July 30, 2016","html":"<td><span data-sort-value=\"000000002016-07-30-0000\" style=\"white-space:nowrap\">July 30, 2016</span></td>","links":[],"attrs":{},"is_header":false,"rowspan":1,"colspan":1,"original_rowspan":1,"original_colspan":1},{"value":"Philips Arena","html":"<td><a class=\"mw-redirect\" href=\"/wiki/Philips_Arena\" title=\"Philips Arena\">Philips Arena</a></td>","links":[{"href":"/wiki/Philips_Arena","start":0,"end":13,"is_selflink":false}],"attrs":{},"is_header":false,"rowspan":1,"colspan":1,"original_rowspan":1,"original_colspan":1},{"value":"Atlanta, Georgia , U.S.","html":"<td><a class=\"mw-redirect\" href=\"/wiki/Atlanta,_Georgia\" title=\"Atlanta, Georgia\">Atlanta, Georgia</a>, U.S.</td>","links":[{"href":"/wiki/Atlanta,_Georgia","start":0,"end":16,"is_selflink":false}],"attrs":{},"is_header":false,"rowspan":1,"colspan":1,"original_rowspan":1,"original_colspan":1},{"value":"10,240","html":"<td><span data-sort-value=\"7004102400000000000♠\">10,240</span></td>","links":[],"attrs":{},"is_header":false,"rowspan":1,"colspan":1,"original_rowspan":1,"original_colspan":1}],"attrs":{}},{"cells":[{"value":"365","html":"<td>365</td>","links":[],"attrs":{},"is_header":false,"rowspan":1,"colspan":1,"original_rowspan":1,"original_colspan":1},{"value":"UFC on Fox: Holm vs. Shevchenko","html":"<td><a href=\"/wiki/UFC_on_Fox:_Holm_vs._Shevchenko\" title=\"UFC on Fox: Holm vs. Shevchenko\">UFC on Fox: Holm vs. Shevchenko</a></td>","links":[{"href":"/wiki/UFC_on_Fox:_Holm_vs._Shevchenko","start":0,"end":31,"is_selflink":false}],"attrs":{},"is_header":false,"rowspan":1,"colspan":1,"original_rowspan":1,"original_colspan":1},{"value":"July 23, 2016","html":"<td><span data-sort-value=\"000000002016-07-23-0000\" style=\"white-space:nowrap\">July 23, 2016</span></td>","links":[],"attrs":{},"is_header":false,"rowspan":1,"colspan":1,"original_rowspan":1,"original_colspan":1},{"value":"United Center","html":"<td><a href=\"/wiki/United_Center\" title=\"United Center\">United Center</a></td>","links":[{"href":"/wiki/United_Center","start":0,"end":13,"is_selflink":false}],"attrs":{},"is_header":false,"rowspan":1,"colspan":1,"original_rowspan":1,"original_colspan":1},{"value":"Chicago, Illinois , U.S.","html":"<td><a class=\"mw-redirect\" href=\"/wiki/Chicago,_Illinois\" title=\"Chicago, Illinois\">Chicago, Illinois</a>, U.S.</td>","links":[{"href":"/wiki/Chicago,_Illinois","start":0,"end":17,"is_selflink":false}],"attrs":{},"is_header":false,"rowspan":1,"colspan":1,"original_rowspan":1,"original_colspan":1},{"value":"10,287","html":"<td><span data-sort-value=\"7004102870000000000♠\">10,287</span></td>","links":[],"attrs":{},"is_header":false,"rowspan":1,"colspan":1,"original_rowspan":1,"original_colspan":1}],"attrs":{}},{"cells":[{"value":"364","html":"<td>364</td>","links":[],"attrs":{},"is_header":false,"rowspan":1,"colspan":1,"original_rowspan":1,"original_colspan":1},{"value":"UFC Fight Night: McDonald vs. Lineker","html":"<td><a href=\"/wiki/UFC_Fight_Night:_McDonald_vs._Lineker\" title=\"UFC Fight Night: McDonald vs. Lineker\">UFC Fight Night: McDonald vs. Lineker</a></td>","links":[{"href":"/wiki/UFC_Fight_Night:_McDonald_vs._Lineker","start":0,"end":37,"is_selflink":false}],"attrs":{},"is_header":false,"rowspan":1,"colspan":1,"original_rowspan":1,"original_colspan":1},{"value":"July 13, 2016","html":"<td><span data-sort-value=\"000000002016-07-13-0000\" style=\"white-space:nowrap\">July 13, 2016</span></td>","links":[],"attrs":{},"is_header":false,"rowspan":1,"colspan":1,"original_rowspan":1,"original_colspan":1},{"value":"Denny Sanford Premier Center","html":"<td><a href=\"/wiki/Denny_Sanford_Premier_Center\" title=\"Denny Sanford Premier Center\">Denny Sanford Premier Center</a></td>","links":[{"href":"/wiki/Denny_Sanford_Premier_Center","start":0,"end":28,"is_selflink":false}],"attrs":{},"is_header":false,"rowspan":1,"colspan":1,"original_rowspan":1,"original_colspan":1},{"value":"Sioux Falls, South Dakota , U.S.","html":"<td><a href=\"/wiki/Sioux_Falls,_South_Dakota\" title=\"Sioux Falls, South Dakota\">Sioux Falls, South Dakota</a>, U.S.</td>","links":[{"href":"/wiki/Sioux_Falls,_South_Dakota","start":0,"end":25,"is_selflink":false}],"attrs":{},"is_header":false,"rowspan":1,"colspan":1,"original_rowspan":1,"original_colspan":1},{"value":"5,671","html":"<td><span data-sort-value=\"7003567100000000000♠\">5,671</span></td>","links":[],"attrs":{},"is_header":false,"rowspan":1,"colspan":1,"original_rowspan":1,"original_colspan":1}],"attrs":{}},{"cells":[{"value":"363","html":"<td>363</td>","links":[],"attrs":{},"is_header":false,"rowspan":1,"colspan":1,"original_rowspan":1,"original_colspan":1},{"value":"UFC 200: Tate vs. Nunes","html":"<td><a href=\"/wiki/UFC_200\" title=\"UFC 200\">UFC 200: Tate vs. Nunes</a></td>","links":[{"href":"/wiki/UFC_200","start":0,"end":23,"is_selflink":false}],"attrs":{},"is_header":false,"rowspan":1,"colspan":1,"original_rowspan":1,"original_colspan":1},{"value":"Jul 9, 2016","html":"<td><span data-sort-value=\"000000002016-07-09-0000\" style=\"white-space:nowrap\">Jul 9, 2016</span></td>","links":[],"attrs":{},"is_header":false,"rowspan":1,"colspan":1,"original_rowspan":1,"original_colspan":1},{"value":"T-Mobile Arena","html":"<td><a class=\"mw-redirect\" href=\"/wiki/T-Mobile_Arena_(Las_Vegas)\" title=\"T-Mobile Arena (Las Vegas)\">T-Mobile Arena</a></td>","links":[{"href":"/wiki/T-Mobile_Arena_(Las_Vegas)","start":0,"end":14,"is_selflink":false}],"attrs":{},"is_header":false,"rowspan":1,"colspan":1,"original_rowspan":1,"original_colspan":1},{"value":"Las Vegas , Nevada , U.S.","html":"<td><a href=\"/wiki/Las_Vegas_Valley\" title=\"Las Vegas Valley\">Las Vegas</a>, <a href=\"/wiki/Nevada\" title=\"Nevada\">Nevada</a>, U.S.</td>","links":[{"href":"/wiki/Las_Vegas_Valley","start":0,"end":9,"is_selflink":false},{"href":"/wiki/Nevada","start":12,"end":18,"is_selflink":false}],"attrs":{},"is_header":false,"rowspan":1,"colspan":1,"original_rowspan":1,"original_colspan":1},{"value":"18,202","html":"<td><span data-sort-value=\"7004182020000000000♠\">18,202</span></td>","links":[],"attrs":{},"is_header":false,"rowspan":1,"colspan":1,"original_rowspan":1,"original_colspan":1}],"attrs":{}},{"cells":[{"value":"362","html":"<td>362</td>","links":[],"attrs":{},"is_header":false,"rowspan":1,"colspan":1,"original_rowspan":1,"original_colspan":1},{"value":"The Ultimate Fighter: Team Joanna vs. Team Cláudia Finale","html":"<td><a href=\"/wiki/The_Ultimate_Fighter:_Team_Joanna_vs._Team_Cl%C3%A1udia#The_Ultimate_Fighter_23_Finale\" title=\"The Ultimate Fighter: Team Joanna vs. Team Cláudia\">The Ultimate Fighter: Team Joanna vs. Team Cláudia Finale</a></td>","links":[{"href":"/wiki/The_Ultimate_Fighter:_Team_Joanna_vs._Team_Cl%C3%A1udia#The_Ultimate_Fighter_23_Finale","start":0,"end":57,"is_selflink":false}],"attrs":{},"is_header":false,"rowspan":1,"colspan":1,"original_rowspan":1,"original_colspan":1},{"value":"Jul 8, 2016","html":"<td><span data-sort-value=\"000000002016-07-08-0000\" style=\"white-space:nowrap\">Jul 8, 2016</span></td>","links":[],"attrs":{},"is_header":false,"rowspan":1,"colspan":1,"original_rowspan":1,"original_colspan":1},{"value":"MGM Grand Garden Arena","html":"<td><a href=\"/wiki/MGM_Grand_Garden_Arena\" title=\"MGM Grand Garden Arena\">MGM Grand Garden Arena</a></td>","links":[{"href":"/wiki/MGM_Grand_Garden_Arena","start":0,"end":22,"is_selflink":false}],"attrs":{},"is_header":false,"rowspan":1,"colspan":1,"original_rowspan":1,"original_colspan":1},{"value":"Las Vegas , Nevada , U.S.","html":"<td><a href=\"/wiki/Las_Vegas_Valley\" title=\"Las Vegas Valley\">Las Vegas</a>, <a href=\"/wiki/Nevada\" title=\"Nevada\">Nevada</a>, U.S.</td>","links":[{"href":"/wiki/Las_Vegas_Valley","start":0,"end":9,"is_selflink":false},{"href":"/wiki/Nevada","start":12,"end":18,"is_selflink":false}],"attrs":{},"is_header":false,"rowspan":1,"colspan":1,"original_rowspan":1,"original_colspan":1},{"value":"8,115","html":"<td><span data-sort-value=\"7003811500000000000♠\">8,115</span></td>","links":[],"attrs":{},"is_header":false,"rowspan":1,"colspan":1,"original_rowspan":1,"original_colspan":1}],"attrs":{}},{"cells":[{"value":"361","html":"<td>361</td>","links":[],"attrs":{},"is_header":false,"rowspan":1,"colspan":1,"original_rowspan":1,"original_colspan":1},{"value":"UFC Fight Night: dos Anjos vs. Alvarez","html":"<td><a href=\"/wiki/UFC_Fight_Night:_dos_Anjos_vs._Alvarez\" title=\"UFC Fight Night: dos Anjos vs. Alvarez\">UFC Fight Night: dos Anjos vs. Alvarez</a></td>","links":[{"href":"/wiki/UFC_Fight_Night:_dos_Anjos_vs._Alvarez","start":0,"end":38,"is_selflink":false}],"attrs":{},"is_header":false,"rowspan":1,"colspan":1,"original_rowspan":1,"original_colspan":1},{"value":"Jul 7, 2016","html":"<td><span data-sort-value=\"000000002016-07-07-0000\" style=\"white-space:nowrap\">Jul 7, 2016</span></td>","links":[],"attrs":{},"is_header":false,"rowspan":1,"colspan":1,"original_rowspan":1,"original_colspan":1},{"value":"MGM Grand Garden Arena","html":"<td><a href=\"/wiki/MGM_Grand_Garden_Arena\" title=\"MGM Grand Garden Arena\">MGM Grand Garden Arena</a></td>","links":[{"href":"/wiki/MGM_Grand_Garden_Arena","start":0,"end":22,"is_selflink":false}],"attrs":{},"is_header":false,"rowspan":1,"colspan":1,"original_rowspan":1,"original_colspan":1},{"value":"Las Vegas , Nevada , U.S.","html":"<td><a href=\"/wiki/Las_Vegas_Valley\" title=\"Las Vegas Valley\">Las Vegas</a>, <a href=\"/wiki/Nevada\" title=\"Nevada\">Nevada</a>, U.S.</td>","links":[{"href":"/wiki/Las_Vegas_Valley","start":0,"end":9,"is_selflink":false},{"href":"/wiki/Nevada","start":12,"end":18,"is_selflink":false}],"attrs":{},"is_header":false,"rowspan":1,"colspan":1,"original_rowspan":1,"original_colspan":1},{"value":"7,760","html":"<td><span data-sort-value=\"7003776000000000000♠\">7,760</span></td>","links":[],"attrs":{},"is_header":false,"rowspan":1,"colspan":1,"original_rowspan":1,"original_colspan":1}],"attrs":{}},{"cells":[{"value":"360","html":"<td>360</td>","links":[],"attrs":{},"is_header":false,"rowspan":1,"colspan":1,"original_rowspan":1,"original_colspan":1},{"value":"UFC Fight Night: MacDonald vs. Thompson","html":"<td><a href=\"/wiki/UFC_Fight_Night:_MacDonald_vs._Thompson\" title=\"UFC Fight Night: MacDonald vs. Thompson\">UFC Fight Night: MacDonald vs. Thompson</a></td>","links":[{"href":"/wiki/UFC_Fight_Night:_MacDonald_vs._Thompson","start":0,"end":39,"is_selflink":false}],"attrs":{},"is_header":false,"rowspan":1,"colspan":1,"original_rowspan":1,"original_colspan":1},{"value":"June 18, 2016","html":"<td>June 18, 2016</td>","links":[],"attrs":{},"is_header":false,"rowspan":1,"colspan":1,"original_rowspan":1,"original_colspan":1},{"value":"TD Place Arena","html":"<td><a href=\"/wiki/TD_Place_Arena\" title=\"TD Place Arena\">TD Place Arena</a></td>","links":[{"href":"/wiki/TD_Place_Arena","start":0,"end":14,"is_selflink":false}],"attrs":{},"is_header":false,"rowspan":1,"colspan":1,"original_rowspan":1,"original_colspan":1},{"value":"Ottawa , Ontario , Canada","html":"<td><a href=\"/wiki/Ottawa\" title=\"Ottawa\">Ottawa</a>, <a href=\"/wiki/Ontario\" title=\"Ontario\">Ontario</a>, Canada</td>","links":[{"href":"/wiki/Ottawa","start":0,"end":6,"is_selflink":false},{"href":"/wiki/Ontario","start":9,"end":16,"is_selflink":false}],"attrs":{},"is_header":false,"rowspan":1,"colspan":1,"original_rowspan":1,"original_colspan":1},{"value":"10,490","html":"<td><span data-sort-value=\"7004104900000000000♠\">10,490</span></td>","links":[],"attrs":{},"is_header":false,"rowspan":1,"colspan":1,"original_rowspan":1,"original_colspan":1}],"attrs":{}},{"cells":[{"value":"359","html":"<td>359</td>","links":[],"attrs":{},"is_header":false,"rowspan":1,"colspan":1,"original_rowspan":1,"original_colspan":1},{"value":"UFC 199: Rockhold vs Bisping 2","html":"<td><a href=\"/wiki/UFC_199\" title=\"UFC 199\">UFC 199: Rockhold vs Bisping 2</a></td>","links":[{"href":"/wiki/UFC_199","start":0,"end":30,"is_selflink":false}],"attrs":{},"is_header":false,"rowspan":1,"colspan":1,"original_rowspan":1,"original_colspan":1},{"value":"June 4, 2016","html":"<td>June 4, 2016</td>","links":[],"attrs":{},"is_header":false,"rowspan":1,"colspan":1,"original_rowspan":1,"original_colspan":1},{"value":"The Forum","html":"<td><a href=\"/wiki/The_Forum_(Inglewood,_California)\" title=\"The Forum (Inglewood, California)\">The Forum</a></td>","links":[{"href":"/wiki/The_Forum_(Inglewood,_California)","start":0,"end":9,"is_selflink":false}],"attrs":{},"is_header":false,"rowspan":1,"colspan":1,"original_rowspan":1,"original_colspan":1},{"value":"Inglewood, California , U.S","html":"<td><a href=\"/wiki/Inglewood,_California\" title=\"Inglewood, California\">Inglewood, California</a>, U.S</td>","links":[{"href":"/wiki/Inglewood,_California","start":0,"end":21,"is_selflink":false}],"attrs":{},"is_header":false,"rowspan":1,"colspan":1,"original_rowspan":1,"original_colspan":1},{"value":"15,587","html":"<td><span data-sort-value=\"7004155870000000000♠\">15,587</span></td>","links":[],"attrs":{},"is_header":false,"rowspan":1,"colspan":1,"original_rowspan":1,"original_colspan":1}],"attrs":{}},{"cells":[{"value":"358","html":"<td>358</td>","links":[],"attrs":{},"is_header":false,"rowspan":1,"colspan":1,"original_rowspan":1,"original_colspan":1},{"value":"UFC Fight Night: Almeida vs. Garbrandt","html":"<td><a href=\"/wiki/UFC_Fight_Night:_Almeida_vs._Garbrandt\" title=\"UFC Fight Night: Almeida vs. Garbrandt\">UFC Fight Night: Almeida vs. Garbrandt</a></td>","links":[{"href":"/wiki/UFC_Fight_Night:_Almeida_vs._Garbrandt","start":0,"end":38,"is_selflink":false}],"attrs":{},"is_header":false,"rowspan":1,"colspan":1,"original_rowspan":1,"original_colspan":1},{"value":"May 29, 2016","html":"<td><span data-sort-value=\"000000002016-05-29-0000\" style=\"white-space:nowrap\">May 29, 2016</span></td>","links":[],"attrs":{},"is_header":false,"rowspan":1,"colspan":1,"original_rowspan":1,"original_colspan":1},{"value":"Mandalay Bay Events Center","html":"<td><a href=\"/wiki/Mandalay_Bay_Events_Center\" title=\"Mandalay Bay Events Center\">Mandalay Bay Events Center</a></td>","links":[{"href":"/wiki/Mandalay_Bay_Events_Center","start":0,"end":26,"is_selflink":false}],"attrs":{},"is_header":false,"rowspan":1,"colspan":1,"original_rowspan":1,"original_colspan":1},{"value":"Las Vegas , Nevada , U.S.","html":"<td><a href=\"/wiki/Las_Vegas_Valley\" title=\"Las Vegas Valley\">Las Vegas</a>, <a href=\"/wiki/Nevada\" title=\"Nevada\">Nevada</a>, U.S.</td>","links":[{"href":"/wiki/Las_Vegas_Valley","start":0,"end":9,"is_selflink":false},{"href":"/wiki/Nevada","start":12,"end":18,"is_selflink":false}],"attrs":{},"is_header":false,"rowspan":1,"colspan":1,"original_rowspan":1,"original_colspan":1},{"value":"5,193","html":"<td><span data-sort-value=\"7003519300000000000♠\">5,193</span></td>","links":[],"attrs":{},"is_header":false,"rowspan":1,"colspan":1,"original_rowspan":1,"original_colspan":1}],"attrs":{}},{"cells":[{"value":"357","html":"<td>357</td>","links":[],"attrs":{},"is_header":false,"rowspan":1,"colspan":1,"original_rowspan":1,"original_colspan":1},{"value":"UFC 198: Werdum vs. Miocic","html":"<td><a href=\"/wiki/UFC_198\" title=\"UFC 198\">UFC 198: Werdum vs. Miocic</a></td>","links":[{"href":"/wiki/UFC_198","start":0,"end":26,"is_selflink":false}],"attrs":{},"is_header":false,"rowspan":1,"colspan":1,"original_rowspan":1,"original_colspan":1},{"value":"May 14, 2016","html":"<td><span data-sort-value=\"000000002016-05-14-0000\" style=\"white-space:nowrap\">May 14, 2016</span></td>","links":[],"attrs":{},"is_header":false,"rowspan":1,"colspan":1,"original_rowspan":1,"original_colspan":1},{"value":"Arena da Baixada","html":"<td><a href=\"/wiki/Arena_da_Baixada\" title=\"Arena da Baixada\">Arena da Baixada</a></td>","links":[{"href":"/wiki/Arena_da_Baixada","start":0,"end":16,"is_selflink":false}],"attrs":{},"is_header":false,"rowspan":1,"colspan":1,"original_rowspan":1,"original_colspan":1},{"value":"Curitiba , Brazil","html":"<td><a href=\"/wiki/Curitiba\" title=\"Curitiba\">Curitiba</a>, Brazil</td>","links":[{"href":"/wiki/Curitiba","start":0,"end":8,"is_selflink":false}],"attrs":{},"is_header":false,"rowspan":1,"colspan":1,"original_rowspan":1,"original_colspan":1},{"value":"45,207","html":"<td><span data-sort-value=\"7004452070000000000♠\">45,207</span></td>","links":[],"attrs":{},"is_header":false,"rowspan":1,"colspan":1,"original_rowspan":1,"original_colspan":1}],"attrs":{}},{"cells":[{"value":"356","html":"<td>356</td>","links":[],"attrs":{},"is_header":false,"rowspan":1,"colspan":1,"original_rowspan":1,"original_colspan":1},{"value":"UFC Fight Night: Overeem vs. Arlovski","html":"<td><a href=\"/wiki/UFC_Fight_Night:_Overeem_vs._Arlovski\" title=\"UFC Fight Night: Overeem vs. Arlovski\">UFC Fight Night: Overeem vs. Arlovski</a></td>","links":[{"href":"/wiki/UFC_Fight_Night:_Overeem_vs._Arlovski","start":0,"end":37,"is_selflink":false}],"attrs":{},"is_header":false,"rowspan":1,"colspan":1,"original_rowspan":1,"original_colspan":1},{"value":"May 8, 2016","html":"<td><span data-sort-value=\"000000002016-05-08-0000\" style=\"white-space:nowrap\">May 8, 2016</span></td>","links":[],"attrs":{},"is_header":false,"rowspan":1,"colspan":1,"original_rowspan":1,"original_colspan":1},{"value":"Rotterdam Ahoy","html":"<td><a href=\"/wiki/Rotterdam_Ahoy\" title=\"Rotterdam Ahoy\">Rotterdam Ahoy</a></td>","links":[{"href":"/wiki/Rotterdam_Ahoy","start":0,"end":14,"is_selflink":false}],"attrs":{},"is_header":false,"rowspan":1,"colspan":1,"original_rowspan":1,"original_colspan":1},{"value":"Rotterdam , Netherlands","html":"<td><a href=\"/wiki/Rotterdam\" title=\"Rotterdam\">Rotterdam</a>, Netherlands</td>","links":[{"href":"/wiki/Rotterdam","start":0,"end":9,"is_selflink":false}],"attrs":{},"is_header":false,"rowspan":1,"colspan":1,"original_rowspan":1,"original_colspan":1},{"value":"10,421","html":"<td><span data-sort-value=\"7004104210000000000♠\">10,421</span></td>","links":[],"attrs":{},"is_header":false,"rowspan":1,"colspan":1,"original_rowspan":1,"original_colspan":1}],"attrs":{}},{"cells":[{"value":"355","html":"<td>355</td>","links":[],"attrs":{},"is_header":false,"rowspan":1,"colspan":1,"original_rowspan":1,"original_colspan":1},{"value":"UFC 197: Jones vs. Saint Preux","html":"<td><a href=\"/wiki/UFC_197\" title=\"UFC 197\">UFC 197: Jones vs. Saint Preux</a></td>","links":[{"href":"/wiki/UFC_197","start":0,"end":30,"is_selflink":false}],"attrs":{},"is_header":false,"rowspan":1,"colspan":1,"original_rowspan":1,"original_colspan":1},{"value":"April 23, 2016","html":"<td><span data-sort-value=\"000000002016-04-23-0000\" style=\"white-space:nowrap\">April 23, 2016</span></td>","links":[],"attrs":{},"is_header":false,"rowspan":1,"colspan":1,"original_rowspan":1,"original_colspan":1},{"value":"MGM Grand Garden Arena","html":"<td><a href=\"/wiki/MGM_Grand_Garden_Arena\" title=\"MGM Grand Garden Arena\">MGM Grand Garden Arena</a></td>","links":[{"href":"/wiki/MGM_Grand_Garden_Arena","start":0,"end":22,"is_selflink":false}],"attrs":{},"is_header":false,"rowspan":1,"colspan":1,"original_rowspan":1,"original_colspan":1},{"value":"Las Vegas , Nevada , U.S","html":"<td><a href=\"/wiki/Las_Vegas_Valley\" title=\"Las Vegas Valley\">Las Vegas</a>, <a href=\"/wiki/Nevada\" title=\"Nevada\">Nevada</a>, U.S</td>","links":[{"href":"/wiki/Las_Vegas_Valley","start":0,"end":9,"is_selflink":false},{"href":"/wiki/Nevada","start":12,"end":18,"is_selflink":false}],"attrs":{},"is_header":false,"rowspan":1,"colspan":1,"original_rowspan":1,"original_colspan":1},{"value":"11,352","html":"<td><span data-sort-value=\"7004113520000000000♠\">11,352</span></td>","links":[],"attrs":{},"is_header":false,"rowspan":1,"colspan":1,"original_rowspan":1,"original_colspan":1}],"attrs":{}},{"cells":[{"value":"354","html":"<td>354</td>","links":[],"attrs":{},"is_header":false,"rowspan":1,"colspan":1,"original_rowspan":1,"original_colspan":1},{"value":"UFC on Fox: Teixeira vs. Evans","html":"<td><a class=\"mw-redirect\" href=\"/wiki/UFC_on_Fox_19\" title=\"UFC on Fox 19\">UFC on Fox: Teixeira vs. Evans</a></td>","links":[{"href":"/wiki/UFC_on_Fox_19","start":0,"end":30,"is_selflink":false}],"attrs":{},"is_header":false,"rowspan":1,"colspan":1,"original_rowspan":1,"original_colspan":1},{"value":"April 16, 2016","html":"<td><span data-sort-value=\"000000002016-04-16-0000\" style=\"white-space:nowrap\">April 16, 2016</span></td>","links":[],"attrs":{},"is_header":false,"rowspan":1,"colspan":1,"original_rowspan":1,"original_colspan":1},{"value":"Amalie Arena","html":"<td><a href=\"/wiki/Amalie_Arena\" title=\"Amalie Arena\">Amalie Arena</a></td>","links":[{"href":"/wiki/Amalie_Arena","start":0,"end":12,"is_selflink":false}],"attrs":{},"is_header":false,"rowspan":1,"colspan":1,"original_rowspan":1,"original_colspan":1},{"value":"Tampa, Florida , U.S.","html":"<td><a href=\"/wiki/Tampa,_Florida\" title=\"Tampa, Florida\">Tampa, Florida</a>, U.S.</td>","links":[{"href":"/wiki/Tampa,_Florida","start":0,"end":14,"is_selflink":false}],"attrs":{},"is_header":false,"rowspan":1,"colspan":1,"original_rowspan":1,"original_colspan":1},{"value":"11,273","html":"<td><span data-sort-value=\"7004112730000000000♠\">11,273</span></td>","links":[],"attrs":{},"is_header":false,"rowspan":1,"colspan":1,"original_rowspan":1,"original_colspan":1}],"attrs":{}},{"cells":[{"value":"353","html":"<td>353</td>","links":[],"attrs":{},"is_header":false,"rowspan":1,"colspan":1,"original_rowspan":1,"original_colspan":1},{"value":"UFC Fight Night: Rothwell vs. dos Santos","html":"<td><a href=\"/wiki/UFC_Fight_Night:_Rothwell_vs._dos_Santos\" title=\"UFC Fight Night: Rothwell vs. dos Santos\">UFC Fight Night: Rothwell vs. dos Santos</a></td>","links":[{"href":"/wiki/UFC_Fight_Night:_Rothwell_vs._dos_Santos","start":0,"end":40,"is_selflink":false}],"attrs":{},"is_header":false,"rowspan":1,"colspan":1,"original_rowspan":1,"original_colspan":1},{"value":"April 10, 2016","html":"<td><span data-sort-value=\"000000002016-04-10-0000\" style=\"white-space:nowrap\">April 10, 2016</span></td>","links":[],"attrs":{},"is_header":false,"rowspan":1,"colspan":1,"original_rowspan":1,"original_colspan":1},{"value":"Arena Zagreb","html":"<td><a href=\"/wiki/Arena_Zagreb\" title=\"Arena Zagreb\">Arena Zagreb</a></td>","links":[{"href":"/wiki/Arena_Zagreb","start":0,"end":12,"is_selflink":false}],"attrs":{},"is_header":false,"rowspan":1,"colspan":1,"original_rowspan":1,"original_colspan":1},{"value":"Zagreb , Croatia","html":"<td><a href=\"/wiki/Zagreb\" title=\"Zagreb\">Zagreb</a>, Croatia</td>","links":[{"href":"/wiki/Zagreb","start":0,"end":6,"is_selflink":false}],"attrs":{},"is_header":false,"rowspan":1,"colspan":1,"original_rowspan":1,"original_colspan":1},{"value":"13,177","html":"<td><span data-sort-value=\"7004131770000000000♠\">13,177</span></td>","links":[],"attrs":{},"is_header":false,"rowspan":1,"colspan":1,"original_rowspan":1,"original_colspan":1}],"attrs":{}},{"cells":[{"value":"352","html":"<td>352</td>","links":[],"attrs":{},"is_header":false,"rowspan":1,"colspan":1,"original_rowspan":1,"original_colspan":1},{"value":"UFC Fight Night: Hunt vs. Mir","html":"<td><a href=\"/wiki/UFC_Fight_Night:_Hunt_vs._Mir\" title=\"UFC Fight Night: Hunt vs. Mir\">UFC Fight Night: Hunt vs. Mir</a></td>","links":[{"href":"/wiki/UFC_Fight_Night:_Hunt_vs._Mir","start":0,"end":29,"is_selflink":false}],"attrs":{},"is_header":false,"rowspan":1,"colspan":1,"original_rowspan":1,"original_colspan":1},{"value":"March 20, 2016","html":"<td><span data-sort-value=\"000000002016-03-20-0000\" style=\"white-space:nowrap\">March 20, 2016</span></td>","links":[],"attrs":{},"is_header":false,"rowspan":1,"colspan":1,"original_rowspan":1,"original_colspan":1},{"value":"Brisbane Entertainment Centre","html":"<td><a href=\"/wiki/Brisbane_Entertainment_Centre\" title=\"Brisbane Entertainment Centre\">Brisbane Entertainment Centre</a></td>","links":[{"href":"/wiki/Brisbane_Entertainment_Centre","start":0,"end":29,"is_selflink":false}],"attrs":{},"is_header":false,"rowspan":1,"colspan":1,"original_rowspan":1,"original_colspan":1},{"value":"Brisbane , Australia","html":"<td><a href=\"/wiki/Brisbane\" title=\"Brisbane\">Brisbane</a>, Australia</td>","links":[{"href":"/wiki/Brisbane","start":0,"end":8,"is_selflink":false}],"attrs":{},"is_header":false,"rowspan":1,"colspan":1,"original_rowspan":1,"original_colspan":1},{"value":"9,552","html":"<td><span data-sort-value=\"7003955200000000000♠\">9,552</span></td>","links":[],"attrs":{},"is_header":false,"rowspan":1,"colspan":1,"original_rowspan":1,"original_colspan":1}],"attrs":{}},{"cells":[{"value":"351","html":"<td>351</td>","links":[],"attrs":{},"is_header":false,"rowspan":1,"colspan":1,"original_rowspan":1,"original_colspan":1},{"value":"UFC 196: McGregor vs. Diaz","html":"<td><a href=\"/wiki/UFC_196\" title=\"UFC 196\">UFC 196: McGregor vs. Diaz</a></td>","links":[{"href":"/wiki/UFC_196","start":0,"end":26,"is_selflink":false}],"attrs":{},"is_header":false,"rowspan":1,"colspan":1,"original_rowspan":1,"original_colspan":1},{"value":"March 5, 2016","html":"<td><span data-sort-value=\"000000002016-03-05-0000\" style=\"white-space:nowrap\">March 5, 2016</span></td>","links":[],"attrs":{},"is_header":false,"rowspan":1,"colspan":1,"original_rowspan":1,"original_colspan":1},{"value":"MGM Grand Garden Arena","html":"<td><a href=\"/wiki/MGM_Grand_Garden_Arena\" title=\"MGM Grand Garden Arena\">MGM Grand Garden Arena</a></td>","links":[{"href":"/wiki/MGM_Grand_Garden_Arena","start":0,"end":22,"is_selflink":false}],"attrs":{},"is_header":false,"rowspan":1,"colspan":1,"original_rowspan":1,"original_colspan":1},{"value":"Las Vegas , Nevada , U.S.","html":"<td><a href=\"/wiki/Las_Vegas_Valley\" title=\"Las Vegas Valley\">Las Vegas</a>, <a href=\"/wiki/Nevada\" title=\"Nevada\">Nevada</a>, U.S.</td>","links":[{"href":"/wiki/Las_Vegas_Valley","start":0,"end":9,"is_selflink":false},{"href":"/wiki/Nevada","start":12,"end":18,"is_selflink":false}],"attrs":{},"is_header":false,"rowspan":1,"colspan":1,"original_rowspan":1,"original_colspan":1},{"value":"14,898","html":"<td><span data-sort-value=\"7004148980000000000♠\">14,898</span></td>","links":[],"attrs":{},"is_header":false,"rowspan":1,"colspan":1,"original_rowspan":1,"original_colspan":1}],"attrs":{}},{"cells":[{"value":"350","html":"<td>350</td>","links":[],"attrs":{},"is_header":false,"rowspan":1,"colspan":1,"original_rowspan":1,"original_colspan":1},{"value":"UFC Fight Night: Silva vs. Bisping","html":"<td><a href=\"/wiki/UFC_Fight_Night:_Silva_vs._Bisping\" title=\"UFC Fight Night: Silva vs. Bisping\">UFC Fight Night: Silva vs. Bisping</a></td>","links":[{"href":"/wiki/UFC_Fight_Night:_Silva_vs._Bisping","start":0,"end":34,"is_selflink":false}],"attrs":{},"is_header":false,"rowspan":1,"colspan":1,"original_rowspan":1,"original_colspan":1},{"value":"Feb 27, 2016","html":"<td><span data-sort-value=\"000000002016-02-27-0000\" style=\"white-space:nowrap\">Feb 27, 2016</span></td>","links":[],"attrs":{},"is_header":false,"rowspan":1,"colspan":1,"original_rowspan":1,"original_colspan":1},{"value":"The O 2 Arena","html":"<td><a href=\"/wiki/The_O2_Arena\" title=\"The O2 Arena\">The O<sub>2</sub> Arena</a></td>","links":[{"href":"/wiki/The_O2_Arena","start":0,"end":13,"is_selflink":false}],"attrs":{},"is_header":false,"rowspan":1,"colspan":1,"original_rowspan":1,"original_colspan":1},{"value":"London , England , U.K.","html":"<td><a href=\"/wiki/London\" title=\"London\">London</a>, <a href=\"/wiki/England\" title=\"England\">England</a>, U.K.</td>","links":[{"href":"/wiki/London","start":0,"end":6,"is_selflink":false},{"href":"/wiki/England","start":9,"end":16,"is_selflink":false}],"attrs":{},"is_header":false,"rowspan":1,"colspan":1,"original_rowspan":1,"original_colspan":1},{"value":"16,734","html":"<td><span data-sort-value=\"7004167340000000000♠\">16,734</span></td>","links":[],"attrs":{},"is_header":false,"rowspan":1,"colspan":1,"original_rowspan":1,"original_colspan":1}],"attrs":{}},{"cells":[{"value":"349","html":"<td>349</td>","links":[],"attrs":{},"is_header":false,"rowspan":1,"colspan":1,"original_rowspan":1,"original_colspan":1},{"value":"UFC Fight Night: Cowboy vs. Cowboy","html":"<td><a href=\"/wiki/UFC_Fight_Night:_Cowboy_vs._Cowboy\" title=\"UFC Fight Night: Cowboy vs. Cowboy\">UFC Fight Night: Cowboy vs. Cowboy</a></td>","links":[{"href":"/wiki/UFC_Fight_Night:_Cowboy_vs._Cowboy","start":0,"end":34,"is_selflink":false}],"attrs":{},"is_header":false,"rowspan":1,"colspan":1,"original_rowspan":1,"original_colspan":1},{"value":"Feb 21, 2016","html":"<td><span data-sort-value=\"000000002016-02-21-0000\" style=\"white-space:nowrap\">Feb 21, 2016</span></td>","links":[],"attrs":{},"is_header":false,"rowspan":1,"colspan":1,"original_rowspan":1,"original_colspan":1},{"value":"Consol Energy Center","html":"<td><a class=\"mw-redirect\" href=\"/wiki/Consol_Energy_Center\" title=\"Consol Energy Center\">Consol Energy Center</a></td>","links":[{"href":"/wiki/Consol_Energy_Center","start":0,"end":20,"is_selflink":false}],"attrs":{},"is_header":false,"rowspan":1,"colspan":1,"original_rowspan":1,"original_colspan":1},{"value":"Pittsburgh, Pennsylvania , U.S.","html":"<td><a class=\"mw-redirect\" href=\"/wiki/Pittsburgh,_Pennsylvania\" title=\"Pittsburgh, Pennsylvania\">Pittsburgh, Pennsylvania</a>, U.S.</td>","links":[{"href":"/wiki/Pittsburgh,_Pennsylvania","start":0,"end":24,"is_selflink":false}],"attrs":{},"is_header":false,"rowspan":1,"colspan":1,"original_rowspan":1,"original_colspan":1},{"value":"7,330","html":"<td><span data-sort-value=\"7003733000000000000♠\">7,330</span></td>","links":[],"attrs":{},"is_header":false,"rowspan":1,"colspan":1,"original_rowspan":1,"original_colspan":1}],"attrs":{}},{"cells":[{"value":"348","html":"<td>348</td>","links":[],"attrs":{},"is_header":false,"rowspan":1,"colspan":1,"original_rowspan":1,"original_colspan":1},{"value":"UFC Fight Night: Hendricks vs. Thompson","html":"<td><a href=\"/wiki/UFC_Fight_Night:_Hendricks_vs._Thompson\" title=\"UFC Fight Night: Hendricks vs. Thompson\">UFC Fight Night: Hendricks vs. Thompson</a></td>","links":[{"href":"/wiki/UFC_Fight_Night:_Hendricks_vs._Thompson","start":0,"end":39,"is_selflink":false}],"attrs":{},"is_header":false,"rowspan":1,"colspan":1,"original_rowspan":1,"original_colspan":1},{"value":"Feb 6, 2016","html":"<td><span data-sort-value=\"000000002016-02-06-0000\" style=\"white-space:nowrap\">Feb 6, 2016</span></td>","links":[],"attrs":{},"is_header":false,"rowspan":1,"colspan":1,"original_rowspan":1,"original_colspan":1},{"value":"MGM Grand Garden Arena","html":"<td><a href=\"/wiki/MGM_Grand_Garden_Arena\" title=\"MGM Grand Garden Arena\">MGM Grand Garden Arena</a></td>","links":[{"href":"/wiki/MGM_Grand_Garden_Arena","start":0,"end":22,"is_selflink":false}],"attrs":{},"is_header":false,"rowspan":1,"colspan":1,"original_rowspan":1,"original_colspan":1},{"value":"Las Vegas , Nevada , U.S.","html":"<td><a href=\"/wiki/Las_Vegas_Valley\" title=\"Las Vegas Valley\">Las Vegas</a>, <a href=\"/wiki/Nevada\" title=\"Nevada\">Nevada</a>, U.S.</td>","links":[{"href":"/wiki/Las_Vegas_Valley","start":0,"end":9,"is_selflink":false},{"href":"/wiki/Nevada","start":12,"end":18,"is_selflink":false}],"attrs":{},"is_header":false,"rowspan":1,"colspan":1,"original_rowspan":1,"original_colspan":1},{"value":"7,422","html":"<td><span data-sort-value=\"7003742200000000000♠\">7,422</span></td>","links":[],"attrs":{},"is_header":false,"rowspan":1,"colspan":1,"original_rowspan":1,"original_colspan":1}],"attrs":{}},{"cells":[{"value":"347","html":"<td>347</td>","links":[],"attrs":{},"is_header":false,"rowspan":1,"colspan":1,"original_rowspan":1,"original_colspan":1},{"value":"UFC on Fox: Johnson vs. Bader","html":"<td><a href=\"/wiki/UFC_on_Fox:_Johnson_vs._Bader\" title=\"UFC on Fox: Johnson vs. Bader\">UFC on Fox: Johnson vs. Bader</a></td>","links":[{"href":"/wiki/UFC_on_Fox:_Johnson_vs._Bader","start":0,"end":29,"is_selflink":false}],"attrs":{},"is_header":false,"rowspan":1,"colspan":1,"original_rowspan":1,"original_colspan":1},{"value":"Jan 30, 2016","html":"<td><span data-sort-value=\"000000002016-01-30-0000\" style=\"white-space:nowrap\">Jan 30, 2016</span></td>","links":[],"attrs":{},"is_header":false,"rowspan":1,"colspan":1,"original_rowspan":1,"original_colspan":1},{"value":"Prudential Center","html":"<td><a href=\"/wiki/Prudential_Center\" title=\"Prudential Center\">Prudential Center</a></td>","links":[{"href":"/wiki/Prudential_Center","start":0,"end":17,"is_selflink":false}],"attrs":{},"is_header":false,"rowspan":1,"colspan":1,"original_rowspan":1,"original_colspan":1},{"value":"Newark, New Jersey , U.S.","html":"<td><a href=\"/wiki/Newark,_New_Jersey\" title=\"Newark, New Jersey\">Newark, New Jersey</a>, U.S.</td>","links":[{"href":"/wiki/Newark,_New_Jersey","start":0,"end":18,"is_selflink":false}],"attrs":{},"is_header":false,"rowspan":1,"colspan":1,"original_rowspan":1,"original_colspan":1},{"value":"10,555","html":"<td><span data-sort-value=\"7004105550000000000♠\">10,555</span></td>","links":[],"attrs":{},"is_header":false,"rowspan":1,"colspan":1,"original_rowspan":1,"original_colspan":1}],"attrs":{}},{"cells":[{"value":"346","html":"<td>346</td>","links":[],"attrs":{},"is_header":false,"rowspan":1,"colspan":1,"original_rowspan":1,"original_colspan":1},{"value":"UFC Fight Night: Dillashaw vs. Cruz","html":"<td><a href=\"/wiki/UFC_Fight_Night:_Dillashaw_vs._Cruz\" title=\"UFC Fight Night: Dillashaw vs. Cruz\">UFC Fight Night: Dillashaw vs. Cruz</a></td>","links":[{"href":"/wiki/UFC_Fight_Night:_Dillashaw_vs._Cruz","start":0,"end":35,"is_selflink":false}],"attrs":{},"is_header":false,"rowspan":1,"colspan":1,"original_rowspan":1,"original_colspan":1},{"value":"Jan 17, 2016","html":"<td><span data-sort-value=\"000000002016-01-17-0000\" style=\"white-space:nowrap\">Jan 17, 2016</span></td>","links":[],"attrs":{},"is_header":false,"rowspan":1,"colspan":1,"original_rowspan":1,"original_colspan":1},{"value":"TD Garden","html":"<td><a href=\"/wiki/TD_Garden\" title=\"TD Garden\">TD Garden</a></td>","links":[{"href":"/wiki/TD_Garden","start":0,"end":9,"is_selflink":false}],"attrs":{},"is_header":false,"rowspan":1,"colspan":1,"original_rowspan":1,"original_colspan":1},{"value":"Boston, Massachusetts , U.S.","html":"<td><a class=\"mw-redirect\" href=\"/wiki/Boston,_Massachusetts\" title=\"Boston, Massachusetts\">Boston, Massachusetts</a>, U.S.</td>","links":[{"href":"/wiki/Boston,_Massachusetts","start":0,"end":21,"is_selflink":false}],"attrs":{},"is_header":false,"rowspan":1,"colspan":1,"original_rowspan":1,"original_colspan":1},{"value":"12,022","html":"<td><span data-sort-value=\"7004120220000000000♠\">12,022</span></td>","links":[],"attrs":{},"is_header":false,"rowspan":1,"colspan":1,"original_rowspan":1,"original_colspan":1}],"attrs":{}},{"cells":[{"value":"345","html":"<td>345</td>","links":[],"attrs":{},"is_header":false,"rowspan":1,"colspan":1,"original_rowspan":1,"original_colspan":1},{"value":"UFC 195: Lawler vs. Condit","html":"<td><a href=\"/wiki/UFC_195\" title=\"UFC 195\">UFC 195: Lawler vs. Condit</a></td>","links":[{"href":"/wiki/UFC_195","start":0,"end":26,"is_selflink":false}],"attrs":{},"is_header":false,"rowspan":1,"colspan":1,"original_rowspan":1,"original_colspan":1},{"value":"Jan 2, 2016","html":"<td><span data-sort-value=\"000000002016-01-02-0000\" style=\"white-space:nowrap\">Jan 2, 2016</span></td>","links":[],"attrs":{},"is_header":false,"rowspan":1,"colspan":1,"original_rowspan":1,"original_colspan":1},{"value":"MGM Grand Garden Arena","html":"<td><a href=\"/wiki/MGM_Grand_Garden_Arena\" title=\"MGM Grand Garden Arena\">MGM Grand Garden Arena</a></td>","links":[{"href":"/wiki/MGM_Grand_Garden_Arena","start":0,"end":22,"is_selflink":false}],"attrs":{},"is_header":false,"rowspan":1,"colspan":1,"original_rowspan":1,"original_colspan":1},{"value":"Las Vegas , Nevada , U.S.","html":"<td><a href=\"/wiki/Las_Vegas_Valley\" title=\"Las Vegas Valley\">Las Vegas</a>, <a href=\"/wiki/Nevada\" title=\"Nevada\">Nevada</a>, U.S.</td>","links":[{"href":"/wiki/Las_Vegas_Valley","start":0,"end":9,"is_selflink":false},{"href":"/wiki/Nevada","start":12,"end":18,"is_selflink":false}],"attrs":{},"is_header":false,"rowspan":1,"colspan":1,"original_rowspan":1,"original_colspan":1},{"value":"10,300","html":"<td><span data-sort-value=\"7004103000000000000♠\">10,300</span></td>","links":[],"attrs":{},"is_header":false,"rowspan":1,"colspan":1,"original_rowspan":1,"original_colspan":1}],"attrs":{}}],"caption":null,"attrs":{"class":["sortable","wikitable","succession-box"],"style":"font-size:90%;"},"classes":["succession-box","wikitable","sortable"],"is_spanned":true,"external_links":{"http://en.wikipedia.org/wiki/UFC_207":{"dbpedia":null,"qnode":null,"qnode_id":"Q27928756"},"http://en.wikipedia.org/wiki/T-Mobile_Arena":{"dbpedia":null,"qnode":null,"qnode_id":"Q3338973"},"http://en.wikipedia.org/wiki/Las_Vegas_Valley":{"dbpedia":null,"qnode":null,"qnode_id":"Q2624848"},"http://en.wikipedia.org/wiki/Nevada":{"dbpedia":null,"qnode":null,"qnode_id":"Q1227"},"http://en.wikipedia.org/wiki/UFC_on_Fox:_VanZant_vs._Waterson":{"dbpedia":null,"qnode":null,"qnode_id":"Q27928742"},"http://en.wikipedia.org/wiki/Golden_1_Center":{"dbpedia":null,"qnode":null,"qnode_id":"Q7011384"},"http://en.wikipedia.org/wiki/Sacramento,_California":{"dbpedia":null,"qnode":null,"qnode_id":"Q18013"},"http://en.wikipedia.org/wiki/UFC_206":{"dbpedia":null,"qnode":null,"qnode_id":"Q27894132"},"http://en.wikipedia.org/wiki/Air_Canada_Centre":{"dbpedia":null,"qnode":null,"qnode_id":"Q406972"},"http://en.wikipedia.org/wiki/Toronto,_Ontario":{"dbpedia":null,"qnode":null,"qnode_id":"Q172"},"http://en.wikipedia.org/wiki/UFC_Fight_Night:_Lewis_vs._Abdurakhimov":{"dbpedia":null,"qnode":null,"qnode_id":"Q27910272"},"http://en.wikipedia.org/wiki/Times_Union_Center":{"dbpedia":null,"qnode":null,"qnode_id":"Q1143334"},"http://en.wikipedia.org/wiki/Albany,_New_York":{"dbpedia":null,"qnode":null,"qnode_id":"Q24861"},"http://en.wikipedia.org/wiki/The_Ultimate_Fighter:_Tournament_of_Champions#The_Ultimate_Fighter_24_Finale":{"dbpedia":null,"qnode":null,"qnode_id":"Q24211102"},"http://en.wikipedia.org/wiki/Palms_Casino_Resort":{"dbpedia":null,"qnode":null,"qnode_id":"Q2048307"},"http://en.wikipedia.org/wiki/UFC_Fight_Night:_Whittaker_vs._Brunson":{"dbpedia":null,"qnode":null,"qnode_id":"Q27058596"},"http://en.wikipedia.org/wiki/Rod_Laver_Arena":{"dbpedia":null,"qnode":null,"qnode_id":"Q222878"},"http://en.wikipedia.org/wiki/Melbourne":{"dbpedia":null,"qnode":null,"qnode_id":"Q3141"},"http://en.wikipedia.org/wiki/UFC_Fight_Night:_Bader_vs._Nogueira_2":{"dbpedia":null,"qnode":null,"qnode_id":"Q27048582"},"http://en.wikipedia.org/wiki/Gin%C3%A1sio_do_Ibirapuera":{"dbpedia":null,"qnode":null,"qnode_id":"Q3106847"},"http://en.wikipedia.org/wiki/S%C3%A3o_Paulo":{"dbpedia":null,"qnode":null,"qnode_id":"Q174"},"http://en.wikipedia.org/wiki/UFC_Fight_Night:_Mousasi_vs._Hall_2":{"dbpedia":null,"qnode":null,"qnode_id":"Q27797250"},"http://en.wikipedia.org/wiki/SSE_Arena,_Belfast":{"dbpedia":null,"qnode":null,"qnode_id":"Q1567378"},"http://en.wikipedia.org/wiki/Belfast,_Northern_Ireland":{"dbpedia":null,"qnode":null,"qnode_id":"Q10686"},"http://en.wikipedia.org/wiki/UFC_205":{"dbpedia":null,"qnode":null,"qnode_id":"Q27044117"},"http://en.wikipedia.org/wiki/Madison_Square_Garden":{"dbpedia":null,"qnode":null,"qnode_id":"Q186125"},"http://en.wikipedia.org/wiki/New_York,_New_York":{"dbpedia":null,"qnode":null,"qnode_id":"Q60"},"http://en.wikipedia.org/wiki/The_Ultimate_Fighter:_Latin_America_3#The_Ultimate_Fighter_Latin_America_3_Finale:_dos_Anjos_vs._Ferguson":{"dbpedia":null,"qnode":null,"qnode_id":"Q24910479"},"http://en.wikipedia.org/wiki/Mexico_City_Arena":{"dbpedia":null,"qnode":null,"qnode_id":"Q6826206"},"http://en.wikipedia.org/wiki/Mexico_City":{"dbpedia":null,"qnode":null,"qnode_id":"Q1489"},"http://en.wikipedia.org/wiki/UFC_Fight_Night:_Lamas_vs._Penn":{"dbpedia":null,"qnode":null,"qnode_id":"Q26945155"},"http://en.wikipedia.org/wiki/Mall_of_Asia_Arena":{"dbpedia":null,"qnode":null,"qnode_id":"Q6743990"},"http://en.wikipedia.org/wiki/Pasay":{"dbpedia":null,"qnode":null,"qnode_id":"Q17189"},"http://en.wikipedia.org/wiki/UFC_204":{"dbpedia":null,"qnode":null,"qnode_id":"Q26776727"},"http://en.wikipedia.org/wiki/Manchester_Arena":{"dbpedia":null,"qnode":null,"qnode_id":"Q1461465"},"http://en.wikipedia.org/wiki/Manchester":{"dbpedia":null,"qnode":null,"qnode_id":"Q18125"},"http://en.wikipedia.org/wiki/England":{"dbpedia":null,"qnode":null,"qnode_id":"Q21"},"http://en.wikipedia.org/wiki/UFC_Fight_Night:_Lineker_vs._Dodson":{"dbpedia":null,"qnode":null,"qnode_id":"Q26912645"},"http://en.wikipedia.org/wiki/Moda_Center":{"dbpedia":null,"qnode":null,"qnode_id":"Q1347442"},"http://en.wikipedia.org/wiki/Portland,_Oregon":{"dbpedia":null,"qnode":null,"qnode_id":"Q6106"},"http://en.wikipedia.org/wiki/UFC_Fight_Night:_Cyborg_vs._Lansberg":{"dbpedia":null,"qnode":null,"qnode_id":"Q26254151"},"http://en.wikipedia.org/wiki/Nilson_Nelson_Gymnasium":{"dbpedia":null,"qnode":null,"qnode_id":"Q7037466"},"http://en.wikipedia.org/wiki/Bras%C3%ADlia":{"dbpedia":null,"qnode":null,"qnode_id":"Q2844"},"http://en.wikipedia.org/wiki/UFC_Fight_Night:_Poirier_vs._Johnson":{"dbpedia":null,"qnode":null,"qnode_id":"Q25340057"},"http://en.wikipedia.org/wiki/State_Farm_Arena_(Hidalgo,_Texas)":{"dbpedia":null,"qnode":null,"qnode_id":"Q1968734"},"http://en.wikipedia.org/wiki/Hidalgo,_Texas":{"dbpedia":null,"qnode":null,"qnode_id":"Q981445"},"http://en.wikipedia.org/wiki/UFC_203":{"dbpedia":null,"qnode":null,"qnode_id":"Q24909205"},"http://en.wikipedia.org/wiki/Quicken_Loans_Arena":{"dbpedia":null,"qnode":null,"qnode_id":"Q387157"},"http://en.wikipedia.org/wiki/Cleveland,_Ohio":{"dbpedia":null,"qnode":null,"qnode_id":"Q37320"},"http://en.wikipedia.org/wiki/UFC_Fight_Night:_Arlovski_vs._Barnett":{"dbpedia":null,"qnode":null,"qnode_id":"Q24910329"},"http://en.wikipedia.org/wiki/Barclaycard_Arena_(Hamburg)":{"dbpedia":null,"qnode":null,"qnode_id":"Q265107"},"http://en.wikipedia.org/wiki/Hamburg":{"dbpedia":null,"qnode":null,"qnode_id":"Q1055"},"http://en.wikipedia.org/wiki/UFC_on_Fox:_Maia_vs._Condit":{"dbpedia":null,"qnode":null,"qnode_id":"Q24890020"},"http://en.wikipedia.org/wiki/Rogers_Arena":{"dbpedia":null,"qnode":null,"qnode_id":"Q517318"},"http://en.wikipedia.org/wiki/Vancouver,_British_Columbia":{"dbpedia":null,"qnode":null,"qnode_id":"Q24639"},"http://en.wikipedia.org/wiki/UFC_202":{"dbpedia":null,"qnode":null,"qnode_id":"Q24775010"},"http://en.wikipedia.org/wiki/Las_Vegas,_Nevada":{"dbpedia":null,"qnode":null,"qnode_id":"Q23768"},"http://en.wikipedia.org/wiki/UFC_Fight_Night:_Rodr%C3%ADguez_vs._Caceres":{"dbpedia":null,"qnode":null,"qnode_id":"Q24736639"},"http://en.wikipedia.org/wiki/Vivint_Smart_Home_Arena":{"dbpedia":null,"qnode":null,"qnode_id":"Q82294"},"http://en.wikipedia.org/wiki/Salt_Lake_City,_Utah":{"dbpedia":null,"qnode":null,"qnode_id":"Q23337"},"http://en.wikipedia.org/wiki/UFC_201":{"dbpedia":null,"qnode":null,"qnode_id":"Q24197377"},"http://en.wikipedia.org/wiki/Philips_Arena":{"dbpedia":null,"qnode":null,"qnode_id":"Q1123297"},"http://en.wikipedia.org/wiki/Atlanta,_Georgia":{"dbpedia":null,"qnode":null,"qnode_id":"Q23556"},"http://en.wikipedia.org/wiki/UFC_on_Fox:_Holm_vs._Shevchenko":{"dbpedia":null,"qnode":null,"qnode_id":"Q23860943"},"http://en.wikipedia.org/wiki/United_Center":{"dbpedia":null,"qnode":null,"qnode_id":"Q639975"},"http://en.wikipedia.org/wiki/Chicago,_Illinois":{"dbpedia":null,"qnode":null,"qnode_id":"Q1297"},"http://en.wikipedia.org/wiki/UFC_Fight_Night:_McDonald_vs._Lineker":{"dbpedia":null,"qnode":null,"qnode_id":"Q24087424"},"http://en.wikipedia.org/wiki/Denny_Sanford_Premier_Center":{"dbpedia":null,"qnode":null,"qnode_id":"Q5259227"},"http://en.wikipedia.org/wiki/Sioux_Falls,_South_Dakota":{"dbpedia":null,"qnode":null,"qnode_id":"Q131335"},"http://en.wikipedia.org/wiki/UFC_200":{"dbpedia":null,"qnode":null,"qnode_id":"Q23756805"},"http://en.wikipedia.org/wiki/T-Mobile_Arena_(Las_Vegas)":{"dbpedia":null,"qnode":null,"qnode_id":"Q3338973"},"http://en.wikipedia.org/wiki/The_Ultimate_Fighter:_Team_Joanna_vs._Team_Cl%C3%A1udia#The_Ultimate_Fighter_23_Finale":{"dbpedia":null,"qnode":null,"qnode_id":"Q23067950"},"http://en.wikipedia.org/wiki/MGM_Grand_Garden_Arena":{"dbpedia":null,"qnode":null,"qnode_id":"Q717472"},"http://en.wikipedia.org/wiki/UFC_Fight_Night:_dos_Anjos_vs._Alvarez":{"dbpedia":null,"qnode":null,"qnode_id":"Q23826244"},"http://en.wikipedia.org/wiki/UFC_Fight_Night:_MacDonald_vs._Thompson":{"dbpedia":null,"qnode":null,"qnode_id":"Q23022831"},"http://en.wikipedia.org/wiki/TD_Place_Arena":{"dbpedia":null,"qnode":null,"qnode_id":"Q1143666"},"http://en.wikipedia.org/wiki/Ottawa":{"dbpedia":null,"qnode":null,"qnode_id":"Q1930"},"http://en.wikipedia.org/wiki/Ontario":{"dbpedia":null,"qnode":null,"qnode_id":"Q1904"},"http://en.wikipedia.org/wiki/UFC_199":{"dbpedia":null,"qnode":null,"qnode_id":"Q23022829"},"http://en.wikipedia.org/wiki/The_Forum_(Inglewood,_California)":{"dbpedia":null,"qnode":null,"qnode_id":"Q639129"},"http://en.wikipedia.org/wiki/Inglewood,_California":{"dbpedia":null,"qnode":null,"qnode_id":"Q621549"},"http://en.wikipedia.org/wiki/UFC_Fight_Night:_Almeida_vs._Garbrandt":{"dbpedia":null,"qnode":null,"qnode_id":"Q23305503"},"http://en.wikipedia.org/wiki/Mandalay_Bay_Events_Center":{"dbpedia":null,"qnode":null,"qnode_id":"Q1888848"},"http://en.wikipedia.org/wiki/UFC_198":{"dbpedia":null,"qnode":null,"qnode_id":"Q22813254"},"http://en.wikipedia.org/wiki/Arena_da_Baixada":{"dbpedia":null,"qnode":null,"qnode_id":"Q606803"},"http://en.wikipedia.org/wiki/Curitiba":{"dbpedia":null,"qnode":null,"qnode_id":"Q4361"},"http://en.wikipedia.org/wiki/UFC_Fight_Night:_Overeem_vs._Arlovski":{"dbpedia":null,"qnode":null,"qnode_id":"Q23022833"},"http://en.wikipedia.org/wiki/Rotterdam_Ahoy":{"dbpedia":null,"qnode":null,"qnode_id":"Q179426"},"http://en.wikipedia.org/wiki/Rotterdam":{"dbpedia":null,"qnode":null,"qnode_id":"Q34370"},"http://en.wikipedia.org/wiki/UFC_197":{"dbpedia":null,"qnode":null,"qnode_id":"Q22035067"},"http://en.wikipedia.org/wiki/UFC_on_Fox_19":{"dbpedia":null,"qnode":null,"qnode_id":"Q22894037"},"http://en.wikipedia.org/wiki/Amalie_Arena":{"dbpedia":null,"qnode":null,"qnode_id":"Q940199"},"http://en.wikipedia.org/wiki/Tampa,_Florida":{"dbpedia":null,"qnode":null,"qnode_id":"Q49255"},"http://en.wikipedia.org/wiki/UFC_Fight_Night:_Rothwell_vs._dos_Santos":{"dbpedia":null,"qnode":null,"qnode_id":"Q22981327"},"http://en.wikipedia.org/wiki/Arena_Zagreb":{"dbpedia":null,"qnode":null,"qnode_id":"Q641519"},"http://en.wikipedia.org/wiki/Zagreb":{"dbpedia":null,"qnode":null,"qnode_id":"Q1435"},"http://en.wikipedia.org/wiki/UFC_Fight_Night:_Hunt_vs._Mir":{"dbpedia":null,"qnode":null,"qnode_id":"Q23012003"},"http://en.wikipedia.org/wiki/Brisbane_Entertainment_Centre":{"dbpedia":null,"qnode":null,"qnode_id":"Q4968564"},"http://en.wikipedia.org/wiki/Brisbane":{"dbpedia":null,"qnode":null,"qnode_id":"Q34932"},"http://en.wikipedia.org/wiki/UFC_196":{"dbpedia":null,"qnode":null,"qnode_id":"Q22336745"},"http://en.wikipedia.org/wiki/UFC_Fight_Night:_Silva_vs._Bisping":{"dbpedia":null,"qnode":null,"qnode_id":"Q22098390"},"http://en.wikipedia.org/wiki/The_O2_Arena":{"dbpedia":null,"qnode":null,"qnode_id":"Q5364202"},"http://en.wikipedia.org/wiki/London":{"dbpedia":null,"qnode":null,"qnode_id":"Q84"},"http://en.wikipedia.org/wiki/UFC_Fight_Night:_Cowboy_vs._Cowboy":{"dbpedia":null,"qnode":null,"qnode_id":"Q21811979"},"http://en.wikipedia.org/wiki/Consol_Energy_Center":{"dbpedia":null,"qnode":null,"qnode_id":"Q595460"},"http://en.wikipedia.org/wiki/Pittsburgh,_Pennsylvania":{"dbpedia":null,"qnode":null,"qnode_id":"Q1342"},"http://en.wikipedia.org/wiki/UFC_Fight_Night:_Hendricks_vs._Thompson":{"dbpedia":null,"qnode":null,"qnode_id":"Q21798417"},"http://en.wikipedia.org/wiki/UFC_on_Fox:_Johnson_vs._Bader":{"dbpedia":null,"qnode":null,"qnode_id":"Q21994759"},"http://en.wikipedia.org/wiki/Prudential_Center":{"dbpedia":null,"qnode":null,"qnode_id":"Q849027"},"http://en.wikipedia.org/wiki/Newark,_New_Jersey":{"dbpedia":null,"qnode":null,"qnode_id":"Q25395"},"http://en.wikipedia.org/wiki/UFC_Fight_Night:_Dillashaw_vs._Cruz":{"dbpedia":null,"qnode":null,"qnode_id":"Q20972136"},"http://en.wikipedia.org/wiki/TD_Garden":{"dbpedia":null,"qnode":null,"qnode_id":"Q432105"},"http://en.wikipedia.org/wiki/Boston,_Massachusetts":{"dbpedia":null,"qnode":null,"qnode_id":"Q100"},"http://en.wikipedia.org/wiki/UFC_195":{"dbpedia":null,"qnode":null,"qnode_id":"Q20857028"},"https://en.wikipedia.org/wiki/2016_in_UFC":{"dbpedia":null,"qnode":null,"qnode_id":"Q23021985"}}}