{"id":"2018_Angelique_Kerber_tennis_season","pageURI":"http://dbpedia.org/resource/2018_Angelique_Kerber_tennis_season?dbpv=2020-02&nif=context","rows":[{"cells":[{"value":"Date","html":"<th>Date</th>","links":[],"attrs":{},"is_header":true,"rowspan":1,"colspan":1,"original_rowspan":1,"original_colspan":1},{"value":"Championship","html":"<th>Championship</th>","links":[],"attrs":{},"is_header":true,"rowspan":1,"colspan":1,"original_rowspan":1,"original_colspan":1},{"value":"Location","html":"<th>Location</th>","links":[],"attrs":{},"is_header":true,"rowspan":1,"colspan":1,"original_rowspan":1,"original_colspan":1},{"value":"Category","html":"<th>Category</th>","links":[],"attrs":{},"is_header":true,"rowspan":1,"colspan":1,"original_rowspan":1,"original_colspan":1},{"value":"Surface","html":"<th>Surface</th>","links":[],"attrs":{},"is_header":true,"rowspan":1,"colspan":1,"original_rowspan":1,"original_colspan":1},{"value":"2017 \nresult","html":"<th>2017 <br/> result</th>","links":[],"attrs":{},"is_header":true,"rowspan":1,"colspan":1,"original_rowspan":1,"original_colspan":1},{"value":"2017 \npoints","html":"<th>2017 <br/> points</th>","links":[],"attrs":{},"is_header":true,"rowspan":1,"colspan":1,"original_rowspan":1,"original_colspan":1},{"value":"2018 \npoints","html":"<th>2018 <br/> points</th>","links":[],"attrs":{},"is_header":true,"rowspan":1,"colspan":1,"original_rowspan":1,"original_colspan":1},{"value":"Outcome","html":"<th>Outcome</th>","links":[],"attrs":{},"is_header":true,"rowspan":1,"colspan":1,"original_rowspan":1,"original_colspan":1}],"attrs":{}},{"cells":[{"value":"7 January – \n13 January","html":"<td>7 January –<br/>13 January</td>","links":[],"attrs":{},"is_header":false,"rowspan":1,"colspan":1,"original_rowspan":1,"original_colspan":1},{"value":"Sydney International","html":"<td align=\"center\"><a href=\"/wiki/2018_Sydney_International\" title=\"2018 Sydney International\">Sydney International</a></td>","links":[{"href":"/wiki/2018_Sydney_International","start":0,"end":20,"is_selflink":false}],"attrs":{"align":"center"},"is_header":false,"rowspan":1,"colspan":1,"original_rowspan":1,"original_colspan":1},{"value":"Sydney","html":"<td align=\"center\"><a href=\"/wiki/Sydney\" title=\"Sydney\">Sydney</a></td>","links":[{"href":"/wiki/Sydney","start":0,"end":6,"is_selflink":false}],"attrs":{"align":"center"},"is_header":false,"rowspan":1,"colspan":1,"original_rowspan":1,"original_colspan":1},{"value":"Premier","html":"<td align=\"center\"><a href=\"/wiki/WTA_Premier_tournaments\" title=\"WTA Premier tournaments\">Premier</a></td>","links":[{"href":"/wiki/WTA_Premier_tournaments","start":0,"end":7,"is_selflink":false}],"attrs":{"align":"center"},"is_header":false,"rowspan":1,"colspan":1,"original_rowspan":1,"original_colspan":1},{"value":"Hard","html":"<td align=\"center\">Hard</td>","links":[],"attrs":{"align":"center"},"is_header":false,"rowspan":1,"colspan":1,"original_rowspan":1,"original_colspan":1},{"value":"2R","html":"<td align=\"center\">2R</td>","links":[],"attrs":{"align":"center"},"is_header":false,"rowspan":1,"colspan":1,"original_rowspan":1,"original_colspan":1},{"value":"1","html":"<td align=\"center\">1</td>","links":[],"attrs":{"align":"center"},"is_header":false,"rowspan":1,"colspan":1,"original_rowspan":1,"original_colspan":1},{"value":"470","html":"<td align=\"center\">470</td>","links":[],"attrs":{"align":"center"},"is_header":false,"rowspan":1,"colspan":1,"original_rowspan":1,"original_colspan":1},{"value":"Winner defeated  Ashleigh Barty  \n6–4, 6–4","html":"<td style=\"background:lime;\"><b>Winner</b> defeated <span class=\"flagicon\"><a href=\"/wiki/Australia\" title=\"Australia\"><img alt=\"Australia\" class=\"thumbborder\" data-file-height=\"640\" data-file-width=\"1280\" decoding=\"async\" height=\"12\" src=\"//upload.wikimedia.org/wikipedia/commons/thumb/8/88/Flag_of_Australia_%28converted%29.svg/23px-Flag_of_Australia_%28converted%29.svg.png\" srcset=\"//upload.wikimedia.org/wikipedia/commons/thumb/8/88/Flag_of_Australia_%28converted%29.svg/35px-Flag_of_Australia_%28converted%29.svg.png 1.5x, //upload.wikimedia.org/wikipedia/commons/thumb/8/88/Flag_of_Australia_%28converted%29.svg/46px-Flag_of_Australia_%28converted%29.svg.png 2x\" width=\"23\"/></a></span> <a href=\"/wiki/Ashleigh_Barty\" title=\"Ashleigh Barty\">Ashleigh Barty</a> <br/> 6–4, 6–4</td>","links":[{"href":"/wiki/Australia","start":16,"end":16,"is_selflink":false},{"href":"/wiki/Ashleigh_Barty","start":17,"end":31,"is_selflink":false}],"attrs":{"style":"background:lime;"},"is_header":false,"rowspan":1,"colspan":1,"original_rowspan":1,"original_colspan":1}],"attrs":{}},{"cells":[{"value":"15 January – \n28 January","html":"<td>15 January –<br/>28 January</td>","links":[],"attrs":{},"is_header":false,"rowspan":1,"colspan":1,"original_rowspan":1,"original_colspan":1},{"value":"Australian Open","html":"<td align=\"center\"><a href=\"/wiki/2018_Australian_Open\" title=\"2018 Australian Open\">Australian Open</a></td>","links":[{"href":"/wiki/2018_Australian_Open","start":0,"end":15,"is_selflink":false}],"attrs":{"align":"center"},"is_header":false,"rowspan":1,"colspan":1,"original_rowspan":1,"original_colspan":1},{"value":"Melbourne","html":"<td align=\"center\"><a href=\"/wiki/Melbourne\" title=\"Melbourne\">Melbourne</a></td>","links":[{"href":"/wiki/Melbourne","start":0,"end":9,"is_selflink":false}],"attrs":{"align":"center"},"is_header":false,"rowspan":1,"colspan":1,"original_rowspan":1,"original_colspan":1},{"value":"Grand Slam","html":"<td align=\"center\"><a href=\"/wiki/Grand_Slam_(tennis)\" title=\"Grand Slam (tennis)\">Grand Slam</a></td>","links":[{"href":"/wiki/Grand_Slam_(tennis)","start":0,"end":10,"is_selflink":false}],"attrs":{"align":"center"},"is_header":false,"rowspan":1,"colspan":1,"original_rowspan":1,"original_colspan":1},{"value":"Hard","html":"<td align=\"center\">Hard</td>","links":[],"attrs":{"align":"center"},"is_header":false,"rowspan":1,"colspan":1,"original_rowspan":1,"original_colspan":1},{"value":"4R","html":"<td align=\"center\">4R</td>","links":[],"attrs":{"align":"center"},"is_header":false,"rowspan":1,"colspan":1,"original_rowspan":1,"original_colspan":1},{"value":"240","html":"<td align=\"center\">240</td>","links":[],"attrs":{"align":"center"},"is_header":false,"rowspan":1,"colspan":1,"original_rowspan":1,"original_colspan":1},{"value":"780","html":"<td align=\"center\">780</td>","links":[],"attrs":{"align":"center"},"is_header":false,"rowspan":1,"colspan":1,"original_rowspan":1,"original_colspan":1},{"value":"Semifinals lost to  Simona Halep  \n3–6, 6–4, 7–9","html":"<td style=\"background:yellow;\">Semifinals lost to <span class=\"flagicon\"><a href=\"/wiki/Romania\" title=\"Romania\"><img alt=\"Romania\" class=\"thumbborder\" data-file-height=\"400\" data-file-width=\"600\" decoding=\"async\" height=\"15\" src=\"//upload.wikimedia.org/wikipedia/commons/thumb/7/73/Flag_of_Romania.svg/23px-Flag_of_Romania.svg.png\" srcset=\"//upload.wikimedia.org/wikipedia/commons/thumb/7/73/Flag_of_Romania.svg/35px-Flag_of_Romania.svg.png 1.5x, //upload.wikimedia.org/wikipedia/commons/thumb/7/73/Flag_of_Romania.svg/45px-Flag_of_Romania.svg.png 2x\" width=\"23\"/></a></span> <a href=\"/wiki/Simona_Halep\" title=\"Simona Halep\">Simona Halep</a> <br/> 3–6, 6–4, 7–9</td>","links":[{"href":"/wiki/Romania","start":19,"end":19,"is_selflink":false},{"href":"/wiki/Simona_Halep","start":20,"end":32,"is_selflink":false}],"attrs":{"style":"background:yellow;"},"is_header":false,"rowspan":1,"colspan":1,"original_rowspan":1,"original_colspan":1}],"attrs":{}},{"cells":[{"value":"12 February – \n17 February","html":"<td>12 February –<br/>17 February</td>","links":[],"attrs":{},"is_header":false,"rowspan":1,"colspan":1,"original_rowspan":1,"original_colspan":1},{"value":"Qatar Open","html":"<td align=\"center\"><a href=\"/wiki/2018_Qatar_Total_Open\" title=\"2018 Qatar Total Open\">Qatar Open</a></td>","links":[{"href":"/wiki/2018_Qatar_Total_Open","start":0,"end":10,"is_selflink":false}],"attrs":{"align":"center"},"is_header":false,"rowspan":1,"colspan":1,"original_rowspan":1,"original_colspan":1},{"value":"Doha","html":"<td align=\"center\"><a href=\"/wiki/Doha\" title=\"Doha\">Doha</a></td>","links":[{"href":"/wiki/Doha","start":0,"end":4,"is_selflink":false}],"attrs":{"align":"center"},"is_header":false,"rowspan":1,"colspan":1,"original_rowspan":1,"original_colspan":1},{"value":"Premier 5","html":"<td align=\"center\"><a href=\"/wiki/WTA_Premier_tournaments\" title=\"WTA Premier tournaments\">Premier 5</a></td>","links":[{"href":"/wiki/WTA_Premier_tournaments","start":0,"end":9,"is_selflink":false}],"attrs":{"align":"center"},"is_header":false,"rowspan":1,"colspan":1,"original_rowspan":1,"original_colspan":1},{"value":"Hard","html":"<td align=\"center\">Hard</td>","links":[],"attrs":{"align":"center"},"is_header":false,"rowspan":1,"colspan":1,"original_rowspan":1,"original_colspan":1},{"value":"2R","html":"<td align=\"center\">2R</td>","links":[],"attrs":{"align":"center"},"is_header":false,"rowspan":1,"colspan":1,"original_rowspan":1,"original_colspan":1},{"value":"1","html":"<td align=\"center\">1</td>","links":[],"attrs":{"align":"center"},"is_header":false,"rowspan":1,"colspan":1,"original_rowspan":1,"original_colspan":1},{"value":"190","html":"<td align=\"center\">190</td>","links":[],"attrs":{"align":"center"},"is_header":false,"rowspan":1,"colspan":1,"original_rowspan":1,"original_colspan":1},{"value":"Quarterfinals lost to  Caroline Wozniacki  \n6–7 (4–7) , 6–1, 3–6","html":"<td style=\"background:#ffebcd;\">Quarterfinals lost to <span class=\"flagicon\"><a href=\"/wiki/Denmark\" title=\"Denmark\"><img alt=\"Denmark\" class=\"thumbborder\" data-file-height=\"560\" data-file-width=\"740\" decoding=\"async\" height=\"15\" src=\"//upload.wikimedia.org/wikipedia/commons/thumb/9/9c/Flag_of_Denmark.svg/20px-Flag_of_Denmark.svg.png\" srcset=\"//upload.wikimedia.org/wikipedia/commons/thumb/9/9c/Flag_of_Denmark.svg/31px-Flag_of_Denmark.svg.png 1.5x, //upload.wikimedia.org/wikipedia/commons/thumb/9/9c/Flag_of_Denmark.svg/40px-Flag_of_Denmark.svg.png 2x\" width=\"20\"/></a></span> <a href=\"/wiki/Caroline_Wozniacki\" title=\"Caroline Wozniacki\">Caroline Wozniacki</a> <br/> 6–7<sup>(4–7)</sup>, 6–1, 3–6</td>","links":[{"href":"/wiki/Denmark","start":22,"end":22,"is_selflink":false},{"href":"/wiki/Caroline_Wozniacki","start":23,"end":41,"is_selflink":false}],"attrs":{"style":"background:#ffebcd;"},"is_header":false,"rowspan":1,"colspan":1,"original_rowspan":1,"original_colspan":1}],"attrs":{}},{"cells":[{"value":"19 February – \n25 February","html":"<td>19 February –<br/>25 February</td>","links":[],"attrs":{},"is_header":false,"rowspan":1,"colspan":1,"original_rowspan":1,"original_colspan":1},{"value":"Dubai Tennis Championships","html":"<td align=\"center\"><a href=\"/wiki/2018_Dubai_Tennis_Championships\" title=\"2018 Dubai Tennis Championships\">Dubai Tennis Championships</a></td>","links":[{"href":"/wiki/2018_Dubai_Tennis_Championships","start":0,"end":26,"is_selflink":false}],"attrs":{"align":"center"},"is_header":false,"rowspan":1,"colspan":1,"original_rowspan":1,"original_colspan":1},{"value":"Doha","html":"<td align=\"center\"><a href=\"/wiki/Doha\" title=\"Doha\">Doha</a></td>","links":[{"href":"/wiki/Doha","start":0,"end":4,"is_selflink":false}],"attrs":{"align":"center"},"is_header":false,"rowspan":1,"colspan":1,"original_rowspan":1,"original_colspan":1},{"value":"Premier","html":"<td align=\"center\"><a href=\"/wiki/WTA_Premier_tournaments\" title=\"WTA Premier tournaments\">Premier</a></td>","links":[{"href":"/wiki/WTA_Premier_tournaments","start":0,"end":7,"is_selflink":false}],"attrs":{"align":"center"},"is_header":false,"rowspan":1,"colspan":1,"original_rowspan":1,"original_colspan":1},{"value":"Hard","html":"<td align=\"center\">Hard</td>","links":[],"attrs":{"align":"center"},"is_header":false,"rowspan":1,"colspan":1,"original_rowspan":1,"original_colspan":1},{"value":"SF","html":"<td align=\"center\">SF</td>","links":[],"attrs":{"align":"center"},"is_header":false,"rowspan":1,"colspan":1,"original_rowspan":1,"original_colspan":1},{"value":"350","html":"<td align=\"center\">350</td>","links":[],"attrs":{"align":"center"},"is_header":false,"rowspan":1,"colspan":1,"original_rowspan":1,"original_colspan":1},{"value":"185","html":"<td align=\"center\">185</td>","links":[],"attrs":{"align":"center"},"is_header":false,"rowspan":1,"colspan":1,"original_rowspan":1,"original_colspan":1},{"value":"Semifinals lost to  Elina Svitolina  \n3–6, 3–6","html":"<td style=\"background:yellow;\">Semifinals lost to <span class=\"flagicon\"><a href=\"/wiki/Ukraine\" title=\"Ukraine\"><img alt=\"Ukraine\" class=\"thumbborder\" data-file-height=\"800\" data-file-width=\"1200\" decoding=\"async\" height=\"15\" src=\"//upload.wikimedia.org/wikipedia/commons/thumb/4/49/Flag_of_Ukraine.svg/23px-Flag_of_Ukraine.svg.png\" srcset=\"//upload.wikimedia.org/wikipedia/commons/thumb/4/49/Flag_of_Ukraine.svg/35px-Flag_of_Ukraine.svg.png 1.5x, //upload.wikimedia.org/wikipedia/commons/thumb/4/49/Flag_of_Ukraine.svg/45px-Flag_of_Ukraine.svg.png 2x\" width=\"23\"/></a></span> <a href=\"/wiki/Elina_Svitolina\" title=\"Elina Svitolina\">Elina Svitolina</a> <br/> 3–6, 3–6</td>","links":[{"href":"/wiki/Ukraine","start":19,"end":19,"is_selflink":false},{"href":"/wiki/Elina_Svitolina","start":20,"end":35,"is_selflink":false}],"attrs":{"style":"background:yellow;"},"is_header":false,"rowspan":1,"colspan":1,"original_rowspan":1,"original_colspan":1}],"attrs":{}},{"cells":[{"value":"5 March – \n18 March","html":"<td>5 March –<br/>18 March</td>","links":[],"attrs":{},"is_header":false,"rowspan":1,"colspan":1,"original_rowspan":1,"original_colspan":1},{"value":"Indian Wells Open","html":"<td align=\"center\"><a href=\"/wiki/2018_BNP_Paribas_Open\" title=\"2018 BNP Paribas Open\">Indian Wells Open</a></td>","links":[{"href":"/wiki/2018_BNP_Paribas_Open","start":0,"end":17,"is_selflink":false}],"attrs":{"align":"center"},"is_header":false,"rowspan":1,"colspan":1,"original_rowspan":1,"original_colspan":1},{"value":"Indian Wells","html":"<td align=\"center\"><a href=\"/wiki/Indian_Wells,_California\" title=\"Indian Wells, California\">Indian Wells</a></td>","links":[{"href":"/wiki/Indian_Wells,_California","start":0,"end":12,"is_selflink":false}],"attrs":{"align":"center"},"is_header":false,"rowspan":1,"colspan":1,"original_rowspan":1,"original_colspan":1},{"value":"Premier Mandatory","html":"<td align=\"center\"><a href=\"/wiki/WTA_Premier_tournaments\" title=\"WTA Premier tournaments\">Premier Mandatory</a></td>","links":[{"href":"/wiki/WTA_Premier_tournaments","start":0,"end":17,"is_selflink":false}],"attrs":{"align":"center"},"is_header":false,"rowspan":1,"colspan":1,"original_rowspan":1,"original_colspan":1},{"value":"Hard","html":"<td align=\"center\">Hard</td>","links":[],"attrs":{"align":"center"},"is_header":false,"rowspan":1,"colspan":1,"original_rowspan":1,"original_colspan":1},{"value":"4R","html":"<td align=\"center\">4R</td>","links":[],"attrs":{"align":"center"},"is_header":false,"rowspan":1,"colspan":1,"original_rowspan":1,"original_colspan":1},{"value":"120","html":"<td align=\"center\">120</td>","links":[],"attrs":{"align":"center"},"is_header":false,"rowspan":1,"colspan":1,"original_rowspan":1,"original_colspan":1},{"value":"215","html":"<td align=\"center\">215</td>","links":[],"attrs":{"align":"center"},"is_header":false,"rowspan":1,"colspan":1,"original_rowspan":1,"original_colspan":1},{"value":"Quarterfinals lost to  Daria Kasatkina  \n0–6, 2–6","html":"<td style=\"background:#ffebcd;\">Quarterfinals lost to <span class=\"flagicon\"><a href=\"/wiki/Russia\" title=\"Russia\"><img alt=\"Russia\" class=\"thumbborder\" data-file-height=\"600\" data-file-width=\"900\" decoding=\"async\" height=\"15\" src=\"//upload.wikimedia.org/wikipedia/en/thumb/f/f3/Flag_of_Russia.svg/23px-Flag_of_Russia.svg.png\" srcset=\"//upload.wikimedia.org/wikipedia/en/thumb/f/f3/Flag_of_Russia.svg/35px-Flag_of_Russia.svg.png 1.5x, //upload.wikimedia.org/wikipedia/en/thumb/f/f3/Flag_of_Russia.svg/45px-Flag_of_Russia.svg.png 2x\" width=\"23\"/></a></span> <a href=\"/wiki/Daria_Kasatkina\" title=\"Daria Kasatkina\">Daria Kasatkina</a> <br/> 0–6, 2–6</td>","links":[{"href":"/wiki/Russia","start":22,"end":22,"is_selflink":false},{"href":"/wiki/Daria_Kasatkina","start":23,"end":38,"is_selflink":false}],"attrs":{"style":"background:#ffebcd;"},"is_header":false,"rowspan":1,"colspan":1,"original_rowspan":1,"original_colspan":1}],"attrs":{}},{"cells":[{"value":"19 March – \n1 April","html":"<td>19 March –<br/>1 April</td>","links":[],"attrs":{},"is_header":false,"rowspan":1,"colspan":1,"original_rowspan":1,"original_colspan":1},{"value":"Miami Open","html":"<td align=\"center\"><a href=\"/wiki/2018_Miami_Open\" title=\"2018 Miami Open\">Miami Open</a></td>","links":[{"href":"/wiki/2018_Miami_Open","start":0,"end":10,"is_selflink":false}],"attrs":{"align":"center"},"is_header":false,"rowspan":1,"colspan":1,"original_rowspan":1,"original_colspan":1},{"value":"Miami","html":"<td align=\"center\"><a href=\"/wiki/Miami-Dade_County,_Florida\" title=\"Miami-Dade County, Florida\">Miami</a></td>","links":[{"href":"/wiki/Miami-Dade_County,_Florida","start":0,"end":5,"is_selflink":false}],"attrs":{"align":"center"},"is_header":false,"rowspan":1,"colspan":1,"original_rowspan":1,"original_colspan":1},{"value":"Premier Mandatory","html":"<td align=\"center\"><a href=\"/wiki/WTA_Premier_tournaments\" title=\"WTA Premier tournaments\">Premier Mandatory</a></td>","links":[{"href":"/wiki/WTA_Premier_tournaments","start":0,"end":17,"is_selflink":false}],"attrs":{"align":"center"},"is_header":false,"rowspan":1,"colspan":1,"original_rowspan":1,"original_colspan":1},{"value":"Hard","html":"<td align=\"center\">Hard</td>","links":[],"attrs":{"align":"center"},"is_header":false,"rowspan":1,"colspan":1,"original_rowspan":1,"original_colspan":1},{"value":"QF","html":"<td align=\"center\">QF</td>","links":[],"attrs":{"align":"center"},"is_header":false,"rowspan":1,"colspan":1,"original_rowspan":1,"original_colspan":1},{"value":"215","html":"<td align=\"center\">215</td>","links":[],"attrs":{"align":"center"},"is_header":false,"rowspan":1,"colspan":1,"original_rowspan":1,"original_colspan":1},{"value":"215","html":"<td align=\"center\">215</td>","links":[],"attrs":{"align":"center"},"is_header":false,"rowspan":1,"colspan":1,"original_rowspan":1,"original_colspan":1},{"value":"Quarterfinals lost to  Sloane Stephens  \n1–6, 2–6","html":"<td style=\"background:#ffebcd;\">Quarterfinals lost to <span class=\"flagicon\"><a href=\"/wiki/United_States\" title=\"United States\"><img alt=\"United States\" class=\"thumbborder\" data-file-height=\"650\" data-file-width=\"1235\" decoding=\"async\" height=\"12\" src=\"//upload.wikimedia.org/wikipedia/en/thumb/a/a4/Flag_of_the_United_States.svg/23px-Flag_of_the_United_States.svg.png\" srcset=\"//upload.wikimedia.org/wikipedia/en/thumb/a/a4/Flag_of_the_United_States.svg/35px-Flag_of_the_United_States.svg.png 1.5x, //upload.wikimedia.org/wikipedia/en/thumb/a/a4/Flag_of_the_United_States.svg/46px-Flag_of_the_United_States.svg.png 2x\" width=\"23\"/></a></span> <a href=\"/wiki/Sloane_Stephens\" title=\"Sloane Stephens\">Sloane Stephens</a> <br/> 1–6, 2–6</td>","links":[{"href":"/wiki/United_States","start":22,"end":22,"is_selflink":false},{"href":"/wiki/Sloane_Stephens","start":23,"end":38,"is_selflink":false}],"attrs":{"style":"background:#ffebcd;"},"is_header":false,"rowspan":1,"colspan":1,"original_rowspan":1,"original_colspan":1}],"attrs":{}},{"cells":[{"value":"23 April – \n29 April","html":"<td>23 April –<br/>29 April</td>","links":[],"attrs":{},"is_header":false,"rowspan":1,"colspan":1,"original_rowspan":1,"original_colspan":1},{"value":"Stuttgart Open","html":"<td align=\"center\"><a href=\"/wiki/2018_Porsche_Tennis_Grand_Prix\" title=\"2018 Porsche Tennis Grand Prix\">Stuttgart Open</a></td>","links":[{"href":"/wiki/2018_Porsche_Tennis_Grand_Prix","start":0,"end":14,"is_selflink":false}],"attrs":{"align":"center"},"is_header":false,"rowspan":1,"colspan":1,"original_rowspan":1,"original_colspan":1},{"value":"Stuttgart","html":"<td align=\"center\"><a href=\"/wiki/Stuttgart\" title=\"Stuttgart\">Stuttgart</a></td>","links":[{"href":"/wiki/Stuttgart","start":0,"end":9,"is_selflink":false}],"attrs":{"align":"center"},"is_header":false,"rowspan":1,"colspan":1,"original_rowspan":1,"original_colspan":1},{"value":"Premier","html":"<td align=\"center\"><a href=\"/wiki/WTA_Premier_tournaments\" title=\"WTA Premier tournaments\">Premier</a></td>","links":[{"href":"/wiki/WTA_Premier_tournaments","start":0,"end":7,"is_selflink":false}],"attrs":{"align":"center"},"is_header":false,"rowspan":1,"colspan":1,"original_rowspan":1,"original_colspan":1},{"value":"Clay (i)","html":"<td align=\"center\">Clay (i)</td>","links":[],"attrs":{"align":"center"},"is_header":false,"rowspan":1,"colspan":1,"original_rowspan":1,"original_colspan":1},{"value":"2R","html":"<td align=\"center\">2R</td>","links":[],"attrs":{"align":"center"},"is_header":false,"rowspan":1,"colspan":1,"original_rowspan":1,"original_colspan":1},{"value":"1","html":"<td align=\"center\">1</td>","links":[],"attrs":{"align":"center"},"is_header":false,"rowspan":1,"colspan":1,"original_rowspan":1,"original_colspan":1},{"value":"55","html":"<td align=\"center\">55</td>","links":[],"attrs":{"align":"center"},"is_header":false,"rowspan":1,"colspan":1,"original_rowspan":1,"original_colspan":1},{"value":"Second round lost to  Anett Kontaveit  \n0–6, 0–2 retired","html":"<td style=\"background:#afeeee;\">Second round lost to <span class=\"flagicon\"><a href=\"/wiki/Estonia\" title=\"Estonia\"><img alt=\"Estonia\" class=\"thumbborder\" data-file-height=\"630\" data-file-width=\"990\" decoding=\"async\" height=\"15\" src=\"//upload.wikimedia.org/wikipedia/commons/thumb/8/8f/Flag_of_Estonia.svg/23px-Flag_of_Estonia.svg.png\" srcset=\"//upload.wikimedia.org/wikipedia/commons/thumb/8/8f/Flag_of_Estonia.svg/35px-Flag_of_Estonia.svg.png 1.5x, //upload.wikimedia.org/wikipedia/commons/thumb/8/8f/Flag_of_Estonia.svg/46px-Flag_of_Estonia.svg.png 2x\" width=\"23\"/></a></span> <a href=\"/wiki/Anett_Kontaveit\" title=\"Anett Kontaveit\">Anett Kontaveit</a> <br/> 0–6, 0–2 retired</td>","links":[{"href":"/wiki/Estonia","start":21,"end":21,"is_selflink":false},{"href":"/wiki/Anett_Kontaveit","start":22,"end":37,"is_selflink":false}],"attrs":{"style":"background:#afeeee;"},"is_header":false,"rowspan":1,"colspan":1,"original_rowspan":1,"original_colspan":1}],"attrs":{}},{"cells":[{"value":"14 May – \n20 May","html":"<td>14 May –<br/>20 May</td>","links":[],"attrs":{},"is_header":false,"rowspan":1,"colspan":1,"original_rowspan":1,"original_colspan":1},{"value":"Italian Open","html":"<td align=\"center\"><a href=\"/wiki/2018_Italian_Open_(tennis)\" title=\"2018 Italian Open (tennis)\">Italian Open</a></td>","links":[{"href":"/wiki/2018_Italian_Open_(tennis)","start":0,"end":12,"is_selflink":false}],"attrs":{"align":"center"},"is_header":false,"rowspan":1,"colspan":1,"original_rowspan":1,"original_colspan":1},{"value":"Rome","html":"<td align=\"center\"><a href=\"/wiki/Rome\" title=\"Rome\">Rome</a></td>","links":[{"href":"/wiki/Rome","start":0,"end":4,"is_selflink":false}],"attrs":{"align":"center"},"is_header":false,"rowspan":1,"colspan":1,"original_rowspan":1,"original_colspan":1},{"value":"Premier 5","html":"<td align=\"center\"><a href=\"/wiki/WTA_Premier_tournaments\" title=\"WTA Premier tournaments\">Premier 5</a></td>","links":[{"href":"/wiki/WTA_Premier_tournaments","start":0,"end":9,"is_selflink":false}],"attrs":{"align":"center"},"is_header":false,"rowspan":1,"colspan":1,"original_rowspan":1,"original_colspan":1},{"value":"Clay","html":"<td align=\"center\">Clay</td>","links":[],"attrs":{"align":"center"},"is_header":false,"rowspan":1,"colspan":1,"original_rowspan":1,"original_colspan":1},{"value":"2R","html":"<td align=\"center\">2R</td>","links":[],"attrs":{"align":"center"},"is_header":false,"rowspan":1,"colspan":1,"original_rowspan":1,"original_colspan":1},{"value":"1","html":"<td align=\"center\">1</td>","links":[],"attrs":{"align":"center"},"is_header":false,"rowspan":1,"colspan":1,"original_rowspan":1,"original_colspan":1},{"value":"190","html":"<td align=\"center\">190</td>","links":[],"attrs":{"align":"center"},"is_header":false,"rowspan":1,"colspan":1,"original_rowspan":1,"original_colspan":1},{"value":"Quarterfinals lost to  Elina Svitolina  \n4–6, 4–6","html":"<td style=\"background:#ffebcd;\">Quarterfinals lost to <span class=\"flagicon\"><a href=\"/wiki/Ukraine\" title=\"Ukraine\"><img alt=\"Ukraine\" class=\"thumbborder\" data-file-height=\"800\" data-file-width=\"1200\" decoding=\"async\" height=\"15\" src=\"//upload.wikimedia.org/wikipedia/commons/thumb/4/49/Flag_of_Ukraine.svg/23px-Flag_of_Ukraine.svg.png\" srcset=\"//upload.wikimedia.org/wikipedia/commons/thumb/4/49/Flag_of_Ukraine.svg/35px-Flag_of_Ukraine.svg.png 1.5x, //upload.wikimedia.org/wikipedia/commons/thumb/4/49/Flag_of_Ukraine.svg/45px-Flag_of_Ukraine.svg.png 2x\" width=\"23\"/></a></span> <a href=\"/wiki/Elina_Svitolina\" title=\"Elina Svitolina\">Elina Svitolina</a> <br/> 4–6, 4–6</td>","links":[{"href":"/wiki/Ukraine","start":22,"end":22,"is_selflink":false},{"href":"/wiki/Elina_Svitolina","start":23,"end":38,"is_selflink":false}],"attrs":{"style":"background:#ffebcd;"},"is_header":false,"rowspan":1,"colspan":1,"original_rowspan":1,"original_colspan":1}],"attrs":{}},{"cells":[{"value":"27 May – \n10 June","html":"<td>27 May –<br/>10 June</td>","links":[],"attrs":{},"is_header":false,"rowspan":1,"colspan":1,"original_rowspan":1,"original_colspan":1},{"value":"French Open","html":"<td align=\"center\"><a href=\"/wiki/2018_French_Open\" title=\"2018 French Open\">French Open</a></td>","links":[{"href":"/wiki/2018_French_Open","start":0,"end":11,"is_selflink":false}],"attrs":{"align":"center"},"is_header":false,"rowspan":1,"colspan":1,"original_rowspan":1,"original_colspan":1},{"value":"Paris","html":"<td align=\"center\"><a href=\"/wiki/Paris\" title=\"Paris\">Paris</a></td>","links":[{"href":"/wiki/Paris","start":0,"end":5,"is_selflink":false}],"attrs":{"align":"center"},"is_header":false,"rowspan":1,"colspan":1,"original_rowspan":1,"original_colspan":1},{"value":"Grand Slam","html":"<td align=\"center\"><a href=\"/wiki/Grand_Slam_(tennis)\" title=\"Grand Slam (tennis)\">Grand Slam</a></td>","links":[{"href":"/wiki/Grand_Slam_(tennis)","start":0,"end":10,"is_selflink":false}],"attrs":{"align":"center"},"is_header":false,"rowspan":1,"colspan":1,"original_rowspan":1,"original_colspan":1},{"value":"Clay","html":"<td align=\"center\">Clay</td>","links":[],"attrs":{"align":"center"},"is_header":false,"rowspan":1,"colspan":1,"original_rowspan":1,"original_colspan":1},{"value":"1R","html":"<td align=\"center\">1R</td>","links":[],"attrs":{"align":"center"},"is_header":false,"rowspan":1,"colspan":1,"original_rowspan":1,"original_colspan":1},{"value":"10","html":"<td align=\"center\">10</td>","links":[],"attrs":{"align":"center"},"is_header":false,"rowspan":1,"colspan":1,"original_rowspan":1,"original_colspan":1},{"value":"430","html":"<td align=\"center\">430</td>","links":[],"attrs":{"align":"center"},"is_header":false,"rowspan":1,"colspan":1,"original_rowspan":1,"original_colspan":1},{"value":"Quarterfinals lost to  Simona Halep  \n7–6 (7–2) , 3–6, 2–6","html":"<td style=\"background:#ffebcd;\">Quarterfinals lost to <span class=\"flagicon\"><a href=\"/wiki/Romania\" title=\"Romania\"><img alt=\"Romania\" class=\"thumbborder\" data-file-height=\"400\" data-file-width=\"600\" decoding=\"async\" height=\"15\" src=\"//upload.wikimedia.org/wikipedia/commons/thumb/7/73/Flag_of_Romania.svg/23px-Flag_of_Romania.svg.png\" srcset=\"//upload.wikimedia.org/wikipedia/commons/thumb/7/73/Flag_of_Romania.svg/35px-Flag_of_Romania.svg.png 1.5x, //upload.wikimedia.org/wikipedia/commons/thumb/7/73/Flag_of_Romania.svg/45px-Flag_of_Romania.svg.png 2x\" width=\"23\"/></a></span> <a href=\"/wiki/Simona_Halep\" title=\"Simona Halep\">Simona Halep</a> <br/> 7–6<sup>(7–2)</sup>, 3–6, 2–6</td>","links":[{"href":"/wiki/Romania","start":22,"end":22,"is_selflink":false},{"href":"/wiki/Simona_Halep","start":23,"end":35,"is_selflink":false}],"attrs":{"style":"background:#ffebcd;"},"is_header":false,"rowspan":1,"colspan":1,"original_rowspan":1,"original_colspan":1}],"attrs":{}},{"cells":[{"value":"18 June – \n24 June","html":"<td>18 June –<br/>24 June</td>","links":[],"attrs":{},"is_header":false,"rowspan":1,"colspan":1,"original_rowspan":1,"original_colspan":1},{"value":"Mallorca Open","html":"<td align=\"center\"><a href=\"/wiki/2018_Mallorca_Open\" title=\"2018 Mallorca Open\">Mallorca Open</a></td>","links":[{"href":"/wiki/2018_Mallorca_Open","start":0,"end":13,"is_selflink":false}],"attrs":{"align":"center"},"is_header":false,"rowspan":1,"colspan":1,"original_rowspan":1,"original_colspan":1},{"value":"Majorca","html":"<td align=\"center\"><a class=\"mw-redirect\" href=\"/wiki/Majorca\" title=\"Majorca\">Majorca</a></td>","links":[{"href":"/wiki/Majorca","start":0,"end":7,"is_selflink":false}],"attrs":{"align":"center"},"is_header":false,"rowspan":1,"colspan":1,"original_rowspan":1,"original_colspan":1},{"value":"International","html":"<td align=\"center\"><a class=\"mw-redirect\" href=\"/wiki/WTA_International_Tournaments\" title=\"WTA International Tournaments\">International</a></td>","links":[{"href":"/wiki/WTA_International_Tournaments","start":0,"end":13,"is_selflink":false}],"attrs":{"align":"center"},"is_header":false,"rowspan":1,"colspan":1,"original_rowspan":1,"original_colspan":1},{"value":"Hard","html":"<td align=\"center\">Hard</td>","links":[],"attrs":{"align":"center"},"is_header":false,"rowspan":1,"colspan":1,"original_rowspan":1,"original_colspan":1},{"value":"DNP","html":"<td align=\"center\">DNP</td>","links":[],"attrs":{"align":"center"},"is_header":false,"rowspan":1,"colspan":1,"original_rowspan":1,"original_colspan":1},{"value":"0","html":"<td align=\"center\">0</td>","links":[],"attrs":{"align":"center"},"is_header":false,"rowspan":1,"colspan":1,"original_rowspan":1,"original_colspan":1},{"value":"1","html":"<td align=\"center\">1</td>","links":[],"attrs":{"align":"center"},"is_header":false,"rowspan":1,"colspan":1,"original_rowspan":1,"original_colspan":1},{"value":"First round lost to  Alison Riske  \n4–6, 6–7 (2–7)","html":"<td style=\"background:#afeeee;\">First round lost to <span class=\"flagicon\"><a href=\"/wiki/United_States\" title=\"United States\"><img alt=\"United States\" class=\"thumbborder\" data-file-height=\"650\" data-file-width=\"1235\" decoding=\"async\" height=\"12\" src=\"//upload.wikimedia.org/wikipedia/en/thumb/a/a4/Flag_of_the_United_States.svg/23px-Flag_of_the_United_States.svg.png\" srcset=\"//upload.wikimedia.org/wikipedia/en/thumb/a/a4/Flag_of_the_United_States.svg/35px-Flag_of_the_United_States.svg.png 1.5x, //upload.wikimedia.org/wikipedia/en/thumb/a/a4/Flag_of_the_United_States.svg/46px-Flag_of_the_United_States.svg.png 2x\" width=\"23\"/></a></span> <a href=\"/wiki/Alison_Riske\" title=\"Alison Riske\">Alison Riske</a> <br/> 4–6, 6–7<sup>(2–7)</sup></td>","links":[{"href":"/wiki/United_States","start":20,"end":20,"is_selflink":false},{"href":"/wiki/Alison_Riske","start":21,"end":33,"is_selflink":false}],"attrs":{"style":"background:#afeeee;"},"is_header":false,"rowspan":1,"colspan":1,"original_rowspan":1,"original_colspan":1}],"attrs":{}},{"cells":[{"value":"24 June – \n30 June","html":"<td>24 June –<br/>30 June</td>","links":[],"attrs":{},"is_header":false,"rowspan":1,"colspan":1,"original_rowspan":1,"original_colspan":1},{"value":"Eastbourne International","html":"<td align=\"center\"><a href=\"/wiki/2018_Eastbourne_International\" title=\"2018 Eastbourne International\">Eastbourne International</a></td>","links":[{"href":"/wiki/2018_Eastbourne_International","start":0,"end":24,"is_selflink":false}],"attrs":{"align":"center"},"is_header":false,"rowspan":1,"colspan":1,"original_rowspan":1,"original_colspan":1},{"value":"United Kingdom","html":"<td align=\"center\">United Kingdom</td>","links":[],"attrs":{"align":"center"},"is_header":false,"rowspan":1,"colspan":1,"original_rowspan":1,"original_colspan":1},{"value":"Premier","html":"<td align=\"center\"><a href=\"/wiki/WTA_Premier_tournaments\" title=\"WTA Premier tournaments\">Premier</a></td>","links":[{"href":"/wiki/WTA_Premier_tournaments","start":0,"end":7,"is_selflink":false}],"attrs":{"align":"center"},"is_header":false,"rowspan":1,"colspan":1,"original_rowspan":1,"original_colspan":1},{"value":"Grass","html":"<td align=\"center\">Grass</td>","links":[],"attrs":{"align":"center"},"is_header":false,"rowspan":1,"colspan":1,"original_rowspan":1,"original_colspan":1},{"value":"QF","html":"<td align=\"center\">QF</td>","links":[],"attrs":{"align":"center"},"is_header":false,"rowspan":1,"colspan":1,"original_rowspan":1,"original_colspan":1},{"value":"100","html":"<td align=\"center\">100</td>","links":[],"attrs":{"align":"center"},"is_header":false,"rowspan":1,"colspan":1,"original_rowspan":1,"original_colspan":1},{"value":"185","html":"<td align=\"center\">185</td>","links":[],"attrs":{"align":"center"},"is_header":false,"rowspan":1,"colspan":1,"original_rowspan":1,"original_colspan":1},{"value":"Semifinals lost to  Caroline Wozniacki  \n6–2, 6–7 (4–7) , 4–6","html":"<td style=\"background:yellow;\">Semifinals lost to <span class=\"flagicon\"><a href=\"/wiki/Denmark\" title=\"Denmark\"><img alt=\"Denmark\" class=\"thumbborder\" data-file-height=\"560\" data-file-width=\"740\" decoding=\"async\" height=\"15\" src=\"//upload.wikimedia.org/wikipedia/commons/thumb/9/9c/Flag_of_Denmark.svg/20px-Flag_of_Denmark.svg.png\" srcset=\"//upload.wikimedia.org/wikipedia/commons/thumb/9/9c/Flag_of_Denmark.svg/31px-Flag_of_Denmark.svg.png 1.5x, //upload.wikimedia.org/wikipedia/commons/thumb/9/9c/Flag_of_Denmark.svg/40px-Flag_of_Denmark.svg.png 2x\" width=\"20\"/></a></span> <a href=\"/wiki/Caroline_Wozniacki\" title=\"Caroline Wozniacki\">Caroline Wozniacki</a> <br/> 6–2, 6–7<sup>(4–7)</sup>, 4–6</td>","links":[{"href":"/wiki/Denmark","start":19,"end":19,"is_selflink":false},{"href":"/wiki/Caroline_Wozniacki","start":20,"end":38,"is_selflink":false}],"attrs":{"style":"background:yellow;"},"is_header":false,"rowspan":1,"colspan":1,"original_rowspan":1,"original_colspan":1}],"attrs":{}},{"cells":[{"value":"2 July – \n15 July","html":"<td>2 July –<br/>15 July</td>","links":[],"attrs":{},"is_header":false,"rowspan":1,"colspan":1,"original_rowspan":1,"original_colspan":1},{"value":"Wimbledon","html":"<td align=\"center\"><a href=\"/wiki/2018_Wimbledon_Championships\" title=\"2018 Wimbledon Championships\">Wimbledon</a></td>","links":[{"href":"/wiki/2018_Wimbledon_Championships","start":0,"end":9,"is_selflink":false}],"attrs":{"align":"center"},"is_header":false,"rowspan":1,"colspan":1,"original_rowspan":1,"original_colspan":1},{"value":"London","html":"<td align=\"center\"><a href=\"/wiki/London\" title=\"London\">London</a></td>","links":[{"href":"/wiki/London","start":0,"end":6,"is_selflink":false}],"attrs":{"align":"center"},"is_header":false,"rowspan":1,"colspan":1,"original_rowspan":1,"original_colspan":1},{"value":"Grand Slam","html":"<td align=\"center\"><a href=\"/wiki/Grand_Slam_(tennis)\" title=\"Grand Slam (tennis)\">Grand Slam</a></td>","links":[{"href":"/wiki/Grand_Slam_(tennis)","start":0,"end":10,"is_selflink":false}],"attrs":{"align":"center"},"is_header":false,"rowspan":1,"colspan":1,"original_rowspan":1,"original_colspan":1},{"value":"Grass","html":"<td align=\"center\">Grass</td>","links":[],"attrs":{"align":"center"},"is_header":false,"rowspan":1,"colspan":1,"original_rowspan":1,"original_colspan":1},{"value":"4R","html":"<td align=\"center\">4R</td>","links":[],"attrs":{"align":"center"},"is_header":false,"rowspan":1,"colspan":1,"original_rowspan":1,"original_colspan":1},{"value":"240","html":"<td align=\"center\">240</td>","links":[],"attrs":{"align":"center"},"is_header":false,"rowspan":1,"colspan":1,"original_rowspan":1,"original_colspan":1},{"value":"2000","html":"<td align=\"center\">2000</td>","links":[],"attrs":{"align":"center"},"is_header":false,"rowspan":1,"colspan":1,"original_rowspan":1,"original_colspan":1},{"value":"Winner defeated  Serena Williams  \n6–3, 6–3","html":"<td style=\"background:lime;\"><b>Winner</b> defeated <span class=\"flagicon\"><a href=\"/wiki/United_States\" title=\"United States\"><img alt=\"United States\" class=\"thumbborder\" data-file-height=\"650\" data-file-width=\"1235\" decoding=\"async\" height=\"12\" src=\"//upload.wikimedia.org/wikipedia/en/thumb/a/a4/Flag_of_the_United_States.svg/23px-Flag_of_the_United_States.svg.png\" srcset=\"//upload.wikimedia.org/wikipedia/en/thumb/a/a4/Flag_of_the_United_States.svg/35px-Flag_of_the_United_States.svg.png 1.5x, //upload.wikimedia.org/wikipedia/en/thumb/a/a4/Flag_of_the_United_States.svg/46px-Flag_of_the_United_States.svg.png 2x\" width=\"23\"/></a></span> <a href=\"/wiki/Serena_Williams\" title=\"Serena Williams\">Serena Williams</a> <br/> 6–3, 6–3</td>","links":[{"href":"/wiki/United_States","start":16,"end":16,"is_selflink":false},{"href":"/wiki/Serena_Williams","start":17,"end":32,"is_selflink":false}],"attrs":{"style":"background:lime;"},"is_header":false,"rowspan":1,"colspan":1,"original_rowspan":1,"original_colspan":1}],"attrs":{}},{"cells":[{"value":"6 August – \n12 August","html":"<td>6 August –<br/>12 August</td>","links":[],"attrs":{},"is_header":false,"rowspan":1,"colspan":1,"original_rowspan":1,"original_colspan":1},{"value":"Canadian Open","html":"<td align=\"center\"><a href=\"/wiki/2018_Rogers_Cup\" title=\"2018 Rogers Cup\">Canadian Open</a></td>","links":[{"href":"/wiki/2018_Rogers_Cup","start":0,"end":13,"is_selflink":false}],"attrs":{"align":"center"},"is_header":false,"rowspan":1,"colspan":1,"original_rowspan":1,"original_colspan":1},{"value":"Montréal","html":"<td align=\"center\"><a class=\"mw-redirect\" href=\"/wiki/Montr%C3%A9al\" title=\"Montréal\">Montréal</a></td>","links":[{"href":"/wiki/Montr%C3%A9al","start":0,"end":8,"is_selflink":false}],"attrs":{"align":"center"},"is_header":false,"rowspan":1,"colspan":1,"original_rowspan":1,"original_colspan":1},{"value":"Premier 5","html":"<td align=\"center\"><a href=\"/wiki/WTA_Premier_tournaments\" title=\"WTA Premier tournaments\">Premier 5</a></td>","links":[{"href":"/wiki/WTA_Premier_tournaments","start":0,"end":9,"is_selflink":false}],"attrs":{"align":"center"},"is_header":false,"rowspan":1,"colspan":1,"original_rowspan":1,"original_colspan":1},{"value":"Hard","html":"<td align=\"center\">Hard</td>","links":[],"attrs":{"align":"center"},"is_header":false,"rowspan":1,"colspan":1,"original_rowspan":1,"original_colspan":1},{"value":"3R","html":"<td align=\"center\">3R</td>","links":[],"attrs":{"align":"center"},"is_header":false,"rowspan":1,"colspan":1,"original_rowspan":1,"original_colspan":1},{"value":"105","html":"<td align=\"center\">105</td>","links":[],"attrs":{"align":"center"},"is_header":false,"rowspan":1,"colspan":1,"original_rowspan":1,"original_colspan":1},{"value":"1","html":"<td align=\"center\">1</td>","links":[],"attrs":{"align":"center"},"is_header":false,"rowspan":1,"colspan":1,"original_rowspan":1,"original_colspan":1},{"value":"Second round lost to  Alizé Cornet  \n4–6, 1–6","html":"<td style=\"background:#afeeee;\">Second round lost to <span class=\"flagicon\"><a href=\"/wiki/France\" title=\"France\"><img alt=\"France\" class=\"thumbborder\" data-file-height=\"600\" data-file-width=\"900\" decoding=\"async\" height=\"15\" src=\"//upload.wikimedia.org/wikipedia/en/thumb/c/c3/Flag_of_France.svg/23px-Flag_of_France.svg.png\" srcset=\"//upload.wikimedia.org/wikipedia/en/thumb/c/c3/Flag_of_France.svg/35px-Flag_of_France.svg.png 1.5x, //upload.wikimedia.org/wikipedia/en/thumb/c/c3/Flag_of_France.svg/45px-Flag_of_France.svg.png 2x\" width=\"23\"/></a></span> <a href=\"/wiki/Aliz%C3%A9_Cornet\" title=\"Alizé Cornet\">Alizé Cornet</a> <br/> 4–6, 1–6</td>","links":[{"href":"/wiki/France","start":21,"end":21,"is_selflink":false},{"href":"/wiki/Aliz%C3%A9_Cornet","start":22,"end":34,"is_selflink":false}],"attrs":{"style":"background:#afeeee;"},"is_header":false,"rowspan":1,"colspan":1,"original_rowspan":1,"original_colspan":1}],"attrs":{}},{"cells":[{"value":"13 August – \n19 August","html":"<td>13 August –<br/>19 August</td>","links":[],"attrs":{},"is_header":false,"rowspan":1,"colspan":1,"original_rowspan":1,"original_colspan":1},{"value":"Cincinnati Open","html":"<td align=\"center\"><a href=\"/wiki/2018_Western_%26_Southern_Open\" title=\"2018 Western &amp; Southern Open\">Cincinnati Open</a></td>","links":[{"href":"/wiki/2018_Western_%26_Southern_Open","start":0,"end":15,"is_selflink":false}],"attrs":{"align":"center"},"is_header":false,"rowspan":1,"colspan":1,"original_rowspan":1,"original_colspan":1},{"value":"Cincinnati","html":"<td align=\"center\"><a href=\"/wiki/Cincinnati\" title=\"Cincinnati\">Cincinnati</a></td>","links":[{"href":"/wiki/Cincinnati","start":0,"end":10,"is_selflink":false}],"attrs":{"align":"center"},"is_header":false,"rowspan":1,"colspan":1,"original_rowspan":1,"original_colspan":1},{"value":"Premier 5","html":"<td align=\"center\"><a href=\"/wiki/WTA_Premier_tournaments\" title=\"WTA Premier tournaments\">Premier 5</a></td>","links":[{"href":"/wiki/WTA_Premier_tournaments","start":0,"end":9,"is_selflink":false}],"attrs":{"align":"center"},"is_header":false,"rowspan":1,"colspan":1,"original_rowspan":1,"original_colspan":1},{"value":"Hard","html":"<td align=\"center\">Hard</td>","links":[],"attrs":{"align":"center"},"is_header":false,"rowspan":1,"colspan":1,"original_rowspan":1,"original_colspan":1},{"value":"2R","html":"<td align=\"center\">2R</td>","links":[],"attrs":{"align":"center"},"is_header":false,"rowspan":1,"colspan":1,"original_rowspan":1,"original_colspan":1},{"value":"1","html":"<td align=\"center\">1</td>","links":[],"attrs":{"align":"center"},"is_header":false,"rowspan":1,"colspan":1,"original_rowspan":1,"original_colspan":1},{"value":"105","html":"<td align=\"center\">105</td>","links":[],"attrs":{"align":"center"},"is_header":false,"rowspan":1,"colspan":1,"original_rowspan":1,"original_colspan":1},{"value":"Third round lost to  Madison Keys  \n6–2, 6–7 (3–7) , 4–6","html":"<td style=\"background:#afeeee;\">Third round lost to <span class=\"flagicon\"><a href=\"/wiki/United_States\" title=\"United States\"><img alt=\"United States\" class=\"thumbborder\" data-file-height=\"650\" data-file-width=\"1235\" decoding=\"async\" height=\"12\" src=\"//upload.wikimedia.org/wikipedia/en/thumb/a/a4/Flag_of_the_United_States.svg/23px-Flag_of_the_United_States.svg.png\" srcset=\"//upload.wikimedia.org/wikipedia/en/thumb/a/a4/Flag_of_the_United_States.svg/35px-Flag_of_the_United_States.svg.png 1.5x, //upload.wikimedia.org/wikipedia/en/thumb/a/a4/Flag_of_the_United_States.svg/46px-Flag_of_the_United_States.svg.png 2x\" width=\"23\"/></a></span> <a href=\"/wiki/Madison_Keys\" title=\"Madison Keys\">Madison Keys</a> <br/> 6–2, 6–7<sup>(3–7)</sup>, 4–6</td>","links":[{"href":"/wiki/United_States","start":20,"end":20,"is_selflink":false},{"href":"/wiki/Madison_Keys","start":21,"end":33,"is_selflink":false}],"attrs":{"style":"background:#afeeee;"},"is_header":false,"rowspan":1,"colspan":1,"original_rowspan":1,"original_colspan":1}],"attrs":{}},{"cells":[{"value":"27 August – \n9 September","html":"<td>27 August – <br/> 9 September</td>","links":[],"attrs":{},"is_header":false,"rowspan":1,"colspan":1,"original_rowspan":1,"original_colspan":1},{"value":"US Open","html":"<td align=\"center\"><a href=\"/wiki/2018_US_Open_(tennis)\" title=\"2018 US Open (tennis)\">US Open</a></td>","links":[{"href":"/wiki/2018_US_Open_(tennis)","start":0,"end":7,"is_selflink":false}],"attrs":{"align":"center"},"is_header":false,"rowspan":1,"colspan":1,"original_rowspan":1,"original_colspan":1},{"value":"New York","html":"<td align=\"center\"><a href=\"/wiki/New_York_City\" title=\"New York City\">New York</a></td>","links":[{"href":"/wiki/New_York_City","start":0,"end":8,"is_selflink":false}],"attrs":{"align":"center"},"is_header":false,"rowspan":1,"colspan":1,"original_rowspan":1,"original_colspan":1},{"value":"Grand Slam","html":"<td align=\"center\"><a href=\"/wiki/Grand_Slam_(tennis)\" title=\"Grand Slam (tennis)\">Grand Slam</a></td>","links":[{"href":"/wiki/Grand_Slam_(tennis)","start":0,"end":10,"is_selflink":false}],"attrs":{"align":"center"},"is_header":false,"rowspan":1,"colspan":1,"original_rowspan":1,"original_colspan":1},{"value":"Hard","html":"<td align=\"center\">Hard</td>","links":[],"attrs":{"align":"center"},"is_header":false,"rowspan":1,"colspan":1,"original_rowspan":1,"original_colspan":1},{"value":"1R","html":"<td align=\"center\">1R</td>","links":[],"attrs":{"align":"center"},"is_header":false,"rowspan":1,"colspan":1,"original_rowspan":1,"original_colspan":1},{"value":"10","html":"<td align=\"center\">10</td>","links":[],"attrs":{"align":"center"},"is_header":false,"rowspan":1,"colspan":1,"original_rowspan":1,"original_colspan":1},{"value":"130","html":"<td align=\"center\">130</td>","links":[],"attrs":{"align":"center"},"is_header":false,"rowspan":1,"colspan":1,"original_rowspan":1,"original_colspan":1},{"value":"Third round lost to  Dominika Cibulková  \n6–3, 3–6, 3–6","html":"<td style=\"background:#afeeee;\">Third round lost to <span class=\"flagicon\"><a href=\"/wiki/Slovakia\" title=\"Slovakia\"><img alt=\"Slovakia\" class=\"thumbborder\" data-file-height=\"341\" data-file-width=\"512\" decoding=\"async\" height=\"15\" src=\"//upload.wikimedia.org/wikipedia/commons/thumb/e/e6/Flag_of_Slovakia.svg/23px-Flag_of_Slovakia.svg.png\" srcset=\"//upload.wikimedia.org/wikipedia/commons/thumb/e/e6/Flag_of_Slovakia.svg/35px-Flag_of_Slovakia.svg.png 1.5x, //upload.wikimedia.org/wikipedia/commons/thumb/e/e6/Flag_of_Slovakia.svg/45px-Flag_of_Slovakia.svg.png 2x\" width=\"23\"/></a></span> <a href=\"/wiki/Dominika_Cibulkov%C3%A1\" title=\"Dominika Cibulková\">Dominika Cibulková</a> <br/> 6–3, 3–6, 3–6</td>","links":[{"href":"/wiki/Slovakia","start":20,"end":20,"is_selflink":false},{"href":"/wiki/Dominika_Cibulkov%C3%A1","start":21,"end":39,"is_selflink":false}],"attrs":{"style":"background:#afeeee;"},"is_header":false,"rowspan":1,"colspan":1,"original_rowspan":1,"original_colspan":1}],"attrs":{}},{"cells":[{"value":"23 September – \n29 September","html":"<td>23 September – <br/> 29 September</td>","links":[],"attrs":{},"is_header":false,"rowspan":1,"colspan":1,"original_rowspan":1,"original_colspan":1},{"value":"Wuhan Open","html":"<td align=\"center\"><a href=\"/wiki/2018_Wuhan_Open\" title=\"2018 Wuhan Open\">Wuhan Open</a></td>","links":[{"href":"/wiki/2018_Wuhan_Open","start":0,"end":10,"is_selflink":false}],"attrs":{"align":"center"},"is_header":false,"rowspan":1,"colspan":1,"original_rowspan":1,"original_colspan":1},{"value":"Wuhan","html":"<td align=\"center\"><a href=\"/wiki/Wuhan\" title=\"Wuhan\">Wuhan</a></td>","links":[{"href":"/wiki/Wuhan","start":0,"end":5,"is_selflink":false}],"attrs":{"align":"center"},"is_header":false,"rowspan":1,"colspan":1,"original_rowspan":1,"original_colspan":1},{"value":"Premier 5","html":"<td align=\"center\"><a href=\"/wiki/WTA_Premier_tournaments\" title=\"WTA Premier tournaments\">Premier 5</a></td>","links":[{"href":"/wiki/WTA_Premier_tournaments","start":0,"end":9,"is_selflink":false}],"attrs":{"align":"center"},"is_header":false,"rowspan":1,"colspan":1,"original_rowspan":1,"original_colspan":1},{"value":"Hard","html":"<td align=\"center\">Hard</td>","links":[],"attrs":{"align":"center"},"is_header":false,"rowspan":1,"colspan":1,"original_rowspan":1,"original_colspan":1},{"value":"1R","html":"<td align=\"center\">1R</td>","links":[],"attrs":{"align":"center"},"is_header":false,"rowspan":1,"colspan":1,"original_rowspan":1,"original_colspan":1},{"value":"1","html":"<td align=\"center\">1</td>","links":[],"attrs":{"align":"center"},"is_header":false,"rowspan":1,"colspan":1,"original_rowspan":1,"original_colspan":1},{"value":"105","html":"<td align=\"center\">105</td>","links":[],"attrs":{"align":"center"},"is_header":false,"rowspan":1,"colspan":1,"original_rowspan":1,"original_colspan":1},{"value":"Third round lost to  Ashleigh Barty  \n5–7, 1–6","html":"<td style=\"background:#afeeee;\">Third round lost to <span class=\"flagicon\"><a href=\"/wiki/Australia\" title=\"Australia\"><img alt=\"Australia\" class=\"thumbborder\" data-file-height=\"640\" data-file-width=\"1280\" decoding=\"async\" height=\"12\" src=\"//upload.wikimedia.org/wikipedia/commons/thumb/8/88/Flag_of_Australia_%28converted%29.svg/23px-Flag_of_Australia_%28converted%29.svg.png\" srcset=\"//upload.wikimedia.org/wikipedia/commons/thumb/8/88/Flag_of_Australia_%28converted%29.svg/35px-Flag_of_Australia_%28converted%29.svg.png 1.5x, //upload.wikimedia.org/wikipedia/commons/thumb/8/88/Flag_of_Australia_%28converted%29.svg/46px-Flag_of_Australia_%28converted%29.svg.png 2x\" width=\"23\"/></a></span> <a href=\"/wiki/Ashleigh_Barty\" title=\"Ashleigh Barty\">Ashleigh Barty</a> <br/> 5–7, 1–6</td>","links":[{"href":"/wiki/Australia","start":20,"end":20,"is_selflink":false},{"href":"/wiki/Ashleigh_Barty","start":21,"end":35,"is_selflink":false}],"attrs":{"style":"background:#afeeee;"},"is_header":false,"rowspan":1,"colspan":1,"original_rowspan":1,"original_colspan":1}],"attrs":{}},{"cells":[{"value":"1 October – \n7 October","html":"<td>1 October – <br/> 7 October</td>","links":[],"attrs":{},"is_header":false,"rowspan":1,"colspan":1,"original_rowspan":1,"original_colspan":1},{"value":"China Open","html":"<td align=\"center\"><a href=\"/wiki/2018_China_Open_(tennis)\" title=\"2018 China Open (tennis)\">China Open</a></td>","links":[{"href":"/wiki/2018_China_Open_(tennis)","start":0,"end":10,"is_selflink":false}],"attrs":{"align":"center"},"is_header":false,"rowspan":1,"colspan":1,"original_rowspan":1,"original_colspan":1},{"value":"Beijing","html":"<td align=\"center\"><a href=\"/wiki/Beijing\" title=\"Beijing\">Beijing</a></td>","links":[{"href":"/wiki/Beijing","start":0,"end":7,"is_selflink":false}],"attrs":{"align":"center"},"is_header":false,"rowspan":1,"colspan":1,"original_rowspan":1,"original_colspan":1},{"value":"Premier Mandatory","html":"<td align=\"center\"><a href=\"/wiki/WTA_Premier_tournaments\" title=\"WTA Premier tournaments\">Premier Mandatory</a></td>","links":[{"href":"/wiki/WTA_Premier_tournaments","start":0,"end":17,"is_selflink":false}],"attrs":{"align":"center"},"is_header":false,"rowspan":1,"colspan":1,"original_rowspan":1,"original_colspan":1},{"value":"Hard","html":"<td align=\"center\">Hard</td>","links":[],"attrs":{"align":"center"},"is_header":false,"rowspan":1,"colspan":1,"original_rowspan":1,"original_colspan":1},{"value":"2R","html":"<td align=\"center\">2R</td>","links":[],"attrs":{"align":"center"},"is_header":false,"rowspan":1,"colspan":1,"original_rowspan":1,"original_colspan":1},{"value":"65","html":"<td align=\"center\">65</td>","links":[],"attrs":{"align":"center"},"is_header":false,"rowspan":1,"colspan":1,"original_rowspan":1,"original_colspan":1},{"value":"120","html":"<td align=\"center\">120</td>","links":[],"attrs":{"align":"center"},"is_header":false,"rowspan":1,"colspan":1,"original_rowspan":1,"original_colspan":1},{"value":"Third round lost to  Zhang Shuai  \n1–6, 6–2, 0–6","html":"<td style=\"background:#afeeee;\">Third round lost to <span class=\"flagicon\"><a href=\"/wiki/China\" title=\"China\"><img alt=\"China\" class=\"thumbborder\" data-file-height=\"600\" data-file-width=\"900\" decoding=\"async\" height=\"15\" src=\"//upload.wikimedia.org/wikipedia/commons/thumb/f/fa/Flag_of_the_People%27s_Republic_of_China.svg/23px-Flag_of_the_People%27s_Republic_of_China.svg.png\" srcset=\"//upload.wikimedia.org/wikipedia/commons/thumb/f/fa/Flag_of_the_People%27s_Republic_of_China.svg/35px-Flag_of_the_People%27s_Republic_of_China.svg.png 1.5x, //upload.wikimedia.org/wikipedia/commons/thumb/f/fa/Flag_of_the_People%27s_Republic_of_China.svg/45px-Flag_of_the_People%27s_Republic_of_China.svg.png 2x\" width=\"23\"/></a></span> <a href=\"/wiki/Zhang_Shuai_(tennis)\" title=\"Zhang Shuai (tennis)\">Zhang Shuai</a> <br/> 1–6, 6–2, 0–6</td>","links":[{"href":"/wiki/China","start":20,"end":20,"is_selflink":false},{"href":"/wiki/Zhang_Shuai_(tennis)","start":21,"end":32,"is_selflink":false}],"attrs":{"style":"background:#afeeee;"},"is_header":false,"rowspan":1,"colspan":1,"original_rowspan":1,"original_colspan":1}],"attrs":{}},{"cells":[{"value":"21 October – \n28 October","html":"<td>21 October – <br/> 28 October</td>","links":[],"attrs":{},"is_header":false,"rowspan":1,"colspan":1,"original_rowspan":1,"original_colspan":1},{"value":"WTA Finals","html":"<td align=\"center\"><a href=\"/wiki/2018_WTA_Finals\" title=\"2018 WTA Finals\">WTA Finals</a></td>","links":[{"href":"/wiki/2018_WTA_Finals","start":0,"end":10,"is_selflink":false}],"attrs":{"align":"center"},"is_header":false,"rowspan":1,"colspan":1,"original_rowspan":1,"original_colspan":1},{"value":"Singapore","html":"<td align=\"center\"><a href=\"/wiki/Singapore\" title=\"Singapore\">Singapore</a></td>","links":[{"href":"/wiki/Singapore","start":0,"end":9,"is_selflink":false}],"attrs":{"align":"center"},"is_header":false,"rowspan":1,"colspan":1,"original_rowspan":1,"original_colspan":1},{"value":"WTA Finals","html":"<td align=\"center\"><a href=\"/wiki/WTA_Finals\" title=\"WTA Finals\">WTA Finals</a></td>","links":[{"href":"/wiki/WTA_Finals","start":0,"end":10,"is_selflink":false}],"attrs":{"align":"center"},"is_header":false,"rowspan":1,"colspan":1,"original_rowspan":1,"original_colspan":1},{"value":"Hard","html":"<td align=\"center\">Hard</td>","links":[],"attrs":{"align":"center"},"is_header":false,"rowspan":1,"colspan":1,"original_rowspan":1,"original_colspan":1},{"value":"DNP","html":"<td align=\"center\">DNP</td>","links":[],"attrs":{"align":"center"},"is_header":false,"rowspan":1,"colspan":1,"original_rowspan":1,"original_colspan":1},{"value":"0","html":"<td align=\"center\">0</td>","links":[],"attrs":{"align":"center"},"is_header":false,"rowspan":1,"colspan":1,"original_rowspan":1,"original_colspan":1},{"value":"500","html":"<td align=\"center\">500</td>","links":[],"attrs":{"align":"center"},"is_header":false,"rowspan":1,"colspan":1,"original_rowspan":1,"original_colspan":1},{"value":"Failed to advance into the semifinals \nRound robin: 1 win & 2 losses","html":"<td style=\"background:#afeeee;\">Failed to advance into the semifinals <br/> Round robin: 1 win &amp; 2 losses</td>","links":[],"attrs":{"style":"background:#afeeee;"},"is_header":false,"rowspan":1,"colspan":1,"original_rowspan":1,"original_colspan":1}],"attrs":{}},{"cells":[{"value":"Total year-end points","html":"<td align=\"right\" colspan=\"6\"><b>Total year-end points</b></td>","links":[],"attrs":{"colspan":"6","align":"right"},"is_header":false,"rowspan":1,"colspan":1,"original_rowspan":1,"original_colspan":6},{"value":"Total year-end points","html":"<td align=\"right\" colspan=\"6\"><b>Total year-end points</b></td>","links":[],"attrs":{"colspan":"6","align":"right"},"is_header":false,"rowspan":1,"colspan":1,"original_rowspan":1,"original_colspan":6},{"value":"Total year-end points","html":"<td align=\"right\" colspan=\"6\"><b>Total year-end points</b></td>","links":[],"attrs":{"colspan":"6","align":"right"},"is_header":false,"rowspan":1,"colspan":1,"original_rowspan":1,"original_colspan":6},{"value":"Total year-end points","html":"<td align=\"right\" colspan=\"6\"><b>Total year-end points</b></td>","links":[],"attrs":{"colspan":"6","align":"right"},"is_header":false,"rowspan":1,"colspan":1,"original_rowspan":1,"original_colspan":6},{"value":"Total year-end points","html":"<td align=\"right\" colspan=\"6\"><b>Total year-end points</b></td>","links":[],"attrs":{"colspan":"6","align":"right"},"is_header":false,"rowspan":1,"colspan":1,"original_rowspan":1,"original_colspan":6},{"value":"Total year-end points","html":"<td align=\"right\" colspan=\"6\"><b>Total year-end points</b></td>","links":[],"attrs":{"colspan":"6","align":"right"},"is_header":false,"rowspan":1,"colspan":1,"original_rowspan":1,"original_colspan":6},{"value":"2121","html":"<td align=\"center\">2121</td>","links":[],"attrs":{"align":"center"},"is_header":false,"rowspan":1,"colspan":1,"original_rowspan":1,"original_colspan":1},{"value":"5875","html":"<td align=\"center\">5875</td>","links":[],"attrs":{"align":"center"},"is_header":false,"rowspan":1,"colspan":1,"original_rowspan":1,"original_colspan":1},{"value":"3754 difference","html":"<td><img alt=\"Increase\" data-file-height=\"300\" data-file-width=\"300\" decoding=\"async\" height=\"11\" src=\"//upload.wikimedia.org/wikipedia/commons/thumb/b/b0/Increase2.svg/11px-Increase2.svg.png\" srcset=\"//upload.wikimedia.org/wikipedia/commons/thumb/b/b0/Increase2.svg/17px-Increase2.svg.png 1.5x, //upload.wikimedia.org/wikipedia/commons/thumb/b/b0/Increase2.svg/22px-Increase2.svg.png 2x\" title=\"Increase\" width=\"11\"/> 3754 <b>difference</b></td>","links":[],"attrs":{},"is_header":false,"rowspan":1,"colspan":1,"original_rowspan":1,"original_colspan":1}],"attrs":{}}],"caption":null,"attrs":{"class":["wikitable"]},"classes":["wikitable"],"is_spanned":true,"external_links":{"http://en.wikipedia.org/wiki/2018_Sydney_International":{"dbpedia":null,"qnode":null,"qnode_id":"Q44865873"},"http://en.wikipedia.org/wiki/Sydney":{"dbpedia":null,"qnode":null,"qnode_id":"Q3130"},"http://en.wikipedia.org/wiki/WTA_Premier_tournaments":{"dbpedia":null,"qnode":null,"qnode_id":"Q41000"},"http://en.wikipedia.org/wiki/Australia":{"dbpedia":null,"qnode":null,"qnode_id":"Q408"},"http://en.wikipedia.org/wiki/Ashleigh_Barty":{"dbpedia":null,"qnode":null,"qnode_id":"Q84056"},"http://en.wikipedia.org/wiki/2018_Australian_Open":{"dbpedia":null,"qnode":null,"qnode_id":"Q42557150"},"http://en.wikipedia.org/wiki/Melbourne":{"dbpedia":null,"qnode":null,"qnode_id":"Q3141"},"http://en.wikipedia.org/wiki/Grand_Slam_(tennis)":{"dbpedia":null,"qnode":null,"qnode_id":"Q102113"},"http://en.wikipedia.org/wiki/Romania":{"dbpedia":null,"qnode":null,"qnode_id":"Q218"},"http://en.wikipedia.org/wiki/Simona_Halep":{"dbpedia":null,"qnode":null,"qnode_id":"Q230156"},"http://en.wikipedia.org/wiki/2018_Qatar_Total_Open":{"dbpedia":null,"qnode":null,"qnode_id":"Q47487881"},"http://en.wikipedia.org/wiki/Doha":{"dbpedia":null,"qnode":null,"qnode_id":"Q3861"},"http://en.wikipedia.org/wiki/Denmark":{"dbpedia":null,"qnode":null,"qnode_id":"Q35"},"http://en.wikipedia.org/wiki/Caroline_Wozniacki":{"dbpedia":null,"qnode":null,"qnode_id":"Q30767"},"http://en.wikipedia.org/wiki/2018_Dubai_Tennis_Championships":{"dbpedia":null,"qnode":null,"qnode_id":"Q47461116"},"http://en.wikipedia.org/wiki/Ukraine":{"dbpedia":null,"qnode":null,"qnode_id":"Q212"},"http://en.wikipedia.org/wiki/Elina_Svitolina":{"dbpedia":null,"qnode":null,"qnode_id":"Q270249"},"http://en.wikipedia.org/wiki/2018_BNP_Paribas_Open":{"dbpedia":null,"qnode":null,"qnode_id":"Q28913519"},"http://en.wikipedia.org/wiki/Indian_Wells,_California":{"dbpedia":null,"qnode":null,"qnode_id":"Q490714"},"http://en.wikipedia.org/wiki/Russia":{"dbpedia":null,"qnode":null,"qnode_id":"Q159"},"http://en.wikipedia.org/wiki/Daria_Kasatkina":{"dbpedia":null,"qnode":null,"qnode_id":"Q17144642"},"http://en.wikipedia.org/wiki/2018_Miami_Open":{"dbpedia":null,"qnode":null,"qnode_id":"Q48864976"},"http://en.wikipedia.org/wiki/Miami-Dade_County,_Florida":{"dbpedia":null,"qnode":null,"qnode_id":"Q468557"},"http://en.wikipedia.org/wiki/United_States":{"dbpedia":null,"qnode":null,"qnode_id":"Q30"},"http://en.wikipedia.org/wiki/Sloane_Stephens":{"dbpedia":null,"qnode":null,"qnode_id":"Q54670"},"http://en.wikipedia.org/wiki/2018_Porsche_Tennis_Grand_Prix":{"dbpedia":null,"qnode":null,"qnode_id":"Q51850940"},"http://en.wikipedia.org/wiki/Stuttgart":{"dbpedia":null,"qnode":null,"qnode_id":"Q1022"},"http://en.wikipedia.org/wiki/Estonia":{"dbpedia":null,"qnode":null,"qnode_id":"Q191"},"http://en.wikipedia.org/wiki/Anett_Kontaveit":{"dbpedia":null,"qnode":null,"qnode_id":"Q639366"},"http://en.wikipedia.org/wiki/2018_Italian_Open_(tennis)":{"dbpedia":null,"qnode":null,"qnode_id":"Q52786987"},"http://en.wikipedia.org/wiki/Rome":{"dbpedia":null,"qnode":null,"qnode_id":"Q220"},"http://en.wikipedia.org/wiki/2018_French_Open":{"dbpedia":null,"qnode":null,"qnode_id":"Q30085136"},"http://en.wikipedia.org/wiki/Paris":{"dbpedia":null,"qnode":null,"qnode_id":"Q90"},"http://en.wikipedia.org/wiki/2018_Mallorca_Open":{"dbpedia":null,"qnode":null,"qnode_id":"Q54918099"},"http://en.wikipedia.org/wiki/Majorca":{"dbpedia":null,"qnode":null,"qnode_id":"Q8828"},"http://en.wikipedia.org/wiki/WTA_International_Tournaments":{"dbpedia":null,"qnode":null,"qnode_id":"Q681194"},"http://en.wikipedia.org/wiki/Alison_Riske":{"dbpedia":null,"qnode":null,"qnode_id":"Q54572"},"http://en.wikipedia.org/wiki/2018_Eastbourne_International":{"dbpedia":null,"qnode":null,"qnode_id":"Q54818237"},"http://en.wikipedia.org/wiki/2018_Wimbledon_Championships":{"dbpedia":null,"qnode":null,"qnode_id":"Q30085309"},"http://en.wikipedia.org/wiki/London":{"dbpedia":null,"qnode":null,"qnode_id":"Q84"},"http://en.wikipedia.org/wiki/Serena_Williams":{"dbpedia":null,"qnode":null,"qnode_id":"Q11459"},"http://en.wikipedia.org/wiki/2018_Rogers_Cup":{"dbpedia":null,"qnode":null,"qnode_id":"Q55829925"},"http://en.wikipedia.org/wiki/Montr%C3%A9al":{"dbpedia":null,"qnode":null,"qnode_id":"Q340"},"http://en.wikipedia.org/wiki/France":{"dbpedia":null,"qnode":null,"qnode_id":"Q142"},"http://en.wikipedia.org/wiki/Aliz%C3%A9_Cornet":{"dbpedia":null,"qnode":null,"qnode_id":"Q229002"},"http://en.wikipedia.org/wiki/2018_Western_%26_Southern_Open":{"dbpedia":null,"qnode":null,"qnode_id":"Q55829943"},"http://en.wikipedia.org/wiki/Cincinnati":{"dbpedia":null,"qnode":null,"qnode_id":"Q43196"},"http://en.wikipedia.org/wiki/Madison_Keys":{"dbpedia":null,"qnode":null,"qnode_id":"Q34403"},"http://en.wikipedia.org/wiki/2018_US_Open_(tennis)":{"dbpedia":null,"qnode":null,"qnode_id":"Q50391517"},"http://en.wikipedia.org/wiki/New_York_City":{"dbpedia":null,"qnode":null,"qnode_id":"Q60"},"http://en.wikipedia.org/wiki/Slovakia":{"dbpedia":null,"qnode":null,"qnode_id":"Q214"},"http://en.wikipedia.org/wiki/Dominika_Cibulkov%C3%A1":{"dbpedia":null,"qnode":null,"qnode_id":"Q211802"},"http://en.wikipedia.org/wiki/2018_Wuhan_Open":{"dbpedia":null,"qnode":null,"qnode_id":"Q56653826"},"http://en.wikipedia.org/wiki/Wuhan":{"dbpedia":null,"qnode":null,"qnode_id":"Q11746"},"http://en.wikipedia.org/wiki/2018_China_Open_(tennis)":{"dbpedia":null,"qnode":null,"qnode_id":"Q56713684"},"http://en.wikipedia.org/wiki/Beijing":{"dbpedia":null,"qnode":null,"qnode_id":"Q956"},"http://en.wikipedia.org/wiki/China":{"dbpedia":null,"qnode":null,"qnode_id":"Q148"},"http://en.wikipedia.org/wiki/Zhang_Shuai_(tennis)":{"dbpedia":null,"qnode":null,"qnode_id":null},"http://en.wikipedia.org/wiki/2018_WTA_Finals":{"dbpedia":null,"qnode":null,"qnode_id":"Q46828953"},"http://en.wikipedia.org/wiki/Singapore":{"dbpedia":null,"qnode":null,"qnode_id":"Q334"},"http://en.wikipedia.org/wiki/WTA_Finals":{"dbpedia":null,"qnode":null,"qnode_id":"Q220347"},"https://en.wikipedia.org/wiki/2018_Angelique_Kerber_tennis_season":{"dbpedia":null,"qnode":null,"qnode_id":"Q56281887"}}}