{"id":"Athletics_at_the_2007_Pan_American_Games_–_Men's_200_metres","pageURI":"http://dbpedia.org/resource/Athletics_at_the_2007_Pan_American_Games_–_Men's_200_metres?dbpv=2020-02&nif=context","rows":[{"cells":[{"value":"Rank","html":"<th>Rank</th>","links":[],"attrs":{},"is_header":true,"rowspan":1,"colspan":1,"original_rowspan":1,"original_colspan":1},{"value":"Heat","html":"<th>Heat</th>","links":[],"attrs":{},"is_header":true,"rowspan":1,"colspan":1,"original_rowspan":1,"original_colspan":1},{"value":"Name","html":"<th>Name</th>","links":[],"attrs":{},"is_header":true,"rowspan":1,"colspan":1,"original_rowspan":1,"original_colspan":1},{"value":"Nationality","html":"<th>Nationality</th>","links":[],"attrs":{},"is_header":true,"rowspan":1,"colspan":1,"original_rowspan":1,"original_colspan":1},{"value":"Time","html":"<th>Time</th>","links":[],"attrs":{},"is_header":true,"rowspan":1,"colspan":1,"original_rowspan":1,"original_colspan":1},{"value":"Notes","html":"<th>Notes</th>","links":[],"attrs":{},"is_header":true,"rowspan":1,"colspan":1,"original_rowspan":1,"original_colspan":1}],"attrs":{}},{"cells":[{"value":"1","html":"<td>1</td>","links":[],"attrs":{},"is_header":false,"rowspan":1,"colspan":1,"original_rowspan":1,"original_colspan":1},{"value":"1","html":"<td>1</td>","links":[],"attrs":{},"is_header":false,"rowspan":1,"colspan":1,"original_rowspan":1,"original_colspan":1},{"value":"Brendan Christian","html":"<td align=\"left\"><a href=\"/wiki/Brendan_Christian\" title=\"Brendan Christian\">Brendan Christian</a></td>","links":[{"href":"/wiki/Brendan_Christian","start":0,"end":17,"is_selflink":false}],"attrs":{"align":"left"},"is_header":false,"rowspan":1,"colspan":1,"original_rowspan":1,"original_colspan":1},{"value":" Antigua and Barbuda","html":"<td align=\"left\"><span class=\"flagicon\"><img alt=\"\" class=\"thumbborder\" data-file-height=\"460\" data-file-width=\"690\" decoding=\"async\" height=\"15\" src=\"//upload.wikimedia.org/wikipedia/commons/thumb/8/89/Flag_of_Antigua_and_Barbuda.svg/23px-Flag_of_Antigua_and_Barbuda.svg.png\" srcset=\"//upload.wikimedia.org/wikipedia/commons/thumb/8/89/Flag_of_Antigua_and_Barbuda.svg/35px-Flag_of_Antigua_and_Barbuda.svg.png 1.5x, //upload.wikimedia.org/wikipedia/commons/thumb/8/89/Flag_of_Antigua_and_Barbuda.svg/45px-Flag_of_Antigua_and_Barbuda.svg.png 2x\" width=\"23\"/> </span><a href=\"/wiki/Antigua_and_Barbuda\" title=\"Antigua and Barbuda\">Antigua and Barbuda</a></td>","links":[{"href":"/wiki/Antigua_and_Barbuda","start":1,"end":20,"is_selflink":false}],"attrs":{"align":"left"},"is_header":false,"rowspan":1,"colspan":1,"original_rowspan":1,"original_colspan":1},{"value":"20.33","html":"<td>20.33</td>","links":[],"attrs":{},"is_header":false,"rowspan":1,"colspan":1,"original_rowspan":1,"original_colspan":1},{"value":"Q, SB","html":"<td>Q, SB</td>","links":[],"attrs":{},"is_header":false,"rowspan":1,"colspan":1,"original_rowspan":1,"original_colspan":1}],"attrs":{}},{"cells":[{"value":"2","html":"<td>2</td>","links":[],"attrs":{},"is_header":false,"rowspan":1,"colspan":1,"original_rowspan":1,"original_colspan":1},{"value":"2","html":"<td>2</td>","links":[],"attrs":{},"is_header":false,"rowspan":1,"colspan":1,"original_rowspan":1,"original_colspan":1},{"value":"Marvin Anderson","html":"<td align=\"left\"><a href=\"/wiki/Marvin_Anderson\" title=\"Marvin Anderson\">Marvin Anderson</a></td>","links":[{"href":"/wiki/Marvin_Anderson","start":0,"end":15,"is_selflink":false}],"attrs":{"align":"left"},"is_header":false,"rowspan":1,"colspan":1,"original_rowspan":1,"original_colspan":1},{"value":" Jamaica","html":"<td align=\"left\"><span class=\"flagicon\"><img alt=\"\" class=\"thumbborder\" data-file-height=\"600\" data-file-width=\"1200\" decoding=\"async\" height=\"12\" src=\"//upload.wikimedia.org/wikipedia/commons/thumb/0/0a/Flag_of_Jamaica.svg/23px-Flag_of_Jamaica.svg.png\" srcset=\"//upload.wikimedia.org/wikipedia/commons/thumb/0/0a/Flag_of_Jamaica.svg/35px-Flag_of_Jamaica.svg.png 1.5x, //upload.wikimedia.org/wikipedia/commons/thumb/0/0a/Flag_of_Jamaica.svg/46px-Flag_of_Jamaica.svg.png 2x\" width=\"23\"/> </span><a href=\"/wiki/Jamaica\" title=\"Jamaica\">Jamaica</a></td>","links":[{"href":"/wiki/Jamaica","start":1,"end":8,"is_selflink":false}],"attrs":{"align":"left"},"is_header":false,"rowspan":1,"colspan":1,"original_rowspan":1,"original_colspan":1},{"value":"20.35","html":"<td>20.35</td>","links":[],"attrs":{},"is_header":false,"rowspan":1,"colspan":1,"original_rowspan":1,"original_colspan":1},{"value":"Q","html":"<td>Q</td>","links":[],"attrs":{},"is_header":false,"rowspan":1,"colspan":1,"original_rowspan":1,"original_colspan":1}],"attrs":{}},{"cells":[{"value":"3","html":"<td>3</td>","links":[],"attrs":{},"is_header":false,"rowspan":1,"colspan":1,"original_rowspan":1,"original_colspan":1},{"value":"1","html":"<td>1</td>","links":[],"attrs":{},"is_header":false,"rowspan":1,"colspan":1,"original_rowspan":1,"original_colspan":1},{"value":"Jordan Vaden","html":"<td align=\"left\"><a class=\"new\" href=\"/w/index.php?title=Jordan_Vaden&amp;action=edit&amp;redlink=1\" title=\"Jordan Vaden (page does not exist)\">Jordan Vaden</a></td>","links":[{"href":"/w/index.php?title=Jordan_Vaden&action=edit&redlink=1","start":0,"end":12,"is_selflink":false}],"attrs":{"align":"left"},"is_header":false,"rowspan":1,"colspan":1,"original_rowspan":1,"original_colspan":1},{"value":" United States","html":"<td align=\"left\"><span class=\"flagicon\"><img alt=\"\" class=\"thumbborder\" data-file-height=\"650\" data-file-width=\"1235\" decoding=\"async\" height=\"12\" src=\"//upload.wikimedia.org/wikipedia/en/thumb/a/a4/Flag_of_the_United_States.svg/23px-Flag_of_the_United_States.svg.png\" srcset=\"//upload.wikimedia.org/wikipedia/en/thumb/a/a4/Flag_of_the_United_States.svg/35px-Flag_of_the_United_States.svg.png 1.5x, //upload.wikimedia.org/wikipedia/en/thumb/a/a4/Flag_of_the_United_States.svg/46px-Flag_of_the_United_States.svg.png 2x\" width=\"23\"/> </span><a href=\"/wiki/United_States\" title=\"United States\">United States</a></td>","links":[{"href":"/wiki/United_States","start":1,"end":14,"is_selflink":false}],"attrs":{"align":"left"},"is_header":false,"rowspan":1,"colspan":1,"original_rowspan":1,"original_colspan":1},{"value":"20.54","html":"<td>20.54</td>","links":[],"attrs":{},"is_header":false,"rowspan":1,"colspan":1,"original_rowspan":1,"original_colspan":1},{"value":"Q","html":"<td>Q</td>","links":[],"attrs":{},"is_header":false,"rowspan":1,"colspan":1,"original_rowspan":1,"original_colspan":1}],"attrs":{}},{"cells":[{"value":"4","html":"<td>4</td>","links":[],"attrs":{},"is_header":false,"rowspan":1,"colspan":1,"original_rowspan":1,"original_colspan":1},{"value":"2","html":"<td>2</td>","links":[],"attrs":{},"is_header":false,"rowspan":1,"colspan":1,"original_rowspan":1,"original_colspan":1},{"value":"Rubin Williams","html":"<td align=\"left\"><a class=\"new\" href=\"/w/index.php?title=Rubin_Williams_(athlete)&amp;action=edit&amp;redlink=1\" title=\"Rubin Williams (athlete) (page does not exist)\">Rubin Williams</a></td>","links":[{"href":"/w/index.php?title=Rubin_Williams_(athlete)&action=edit&redlink=1","start":0,"end":14,"is_selflink":false}],"attrs":{"align":"left"},"is_header":false,"rowspan":1,"colspan":1,"original_rowspan":1,"original_colspan":1},{"value":" United States","html":"<td align=\"left\"><span class=\"flagicon\"><img alt=\"\" class=\"thumbborder\" data-file-height=\"650\" data-file-width=\"1235\" decoding=\"async\" height=\"12\" src=\"//upload.wikimedia.org/wikipedia/en/thumb/a/a4/Flag_of_the_United_States.svg/23px-Flag_of_the_United_States.svg.png\" srcset=\"//upload.wikimedia.org/wikipedia/en/thumb/a/a4/Flag_of_the_United_States.svg/35px-Flag_of_the_United_States.svg.png 1.5x, //upload.wikimedia.org/wikipedia/en/thumb/a/a4/Flag_of_the_United_States.svg/46px-Flag_of_the_United_States.svg.png 2x\" width=\"23\"/> </span><a href=\"/wiki/United_States\" title=\"United States\">United States</a></td>","links":[{"href":"/wiki/United_States","start":1,"end":14,"is_selflink":false}],"attrs":{"align":"left"},"is_header":false,"rowspan":1,"colspan":1,"original_rowspan":1,"original_colspan":1},{"value":"20.66","html":"<td>20.66</td>","links":[],"attrs":{},"is_header":false,"rowspan":1,"colspan":1,"original_rowspan":1,"original_colspan":1},{"value":"Q","html":"<td>Q</td>","links":[],"attrs":{},"is_header":false,"rowspan":1,"colspan":1,"original_rowspan":1,"original_colspan":1}],"attrs":{}},{"cells":[{"value":"5","html":"<td>5</td>","links":[],"attrs":{},"is_header":false,"rowspan":1,"colspan":1,"original_rowspan":1,"original_colspan":1},{"value":"1","html":"<td>1</td>","links":[],"attrs":{},"is_header":false,"rowspan":1,"colspan":1,"original_rowspan":1,"original_colspan":1},{"value":"Michael Herrera","html":"<td align=\"left\"><a href=\"/wiki/Michael_Herrera\" title=\"Michael Herrera\">Michael Herrera</a></td>","links":[{"href":"/wiki/Michael_Herrera","start":0,"end":15,"is_selflink":false}],"attrs":{"align":"left"},"is_header":false,"rowspan":1,"colspan":1,"original_rowspan":1,"original_colspan":1},{"value":" Cuba","html":"<td align=\"left\"><span class=\"flagicon\"><img alt=\"\" class=\"thumbborder\" data-file-height=\"600\" data-file-width=\"1200\" decoding=\"async\" height=\"12\" src=\"//upload.wikimedia.org/wikipedia/commons/thumb/b/bd/Flag_of_Cuba.svg/23px-Flag_of_Cuba.svg.png\" srcset=\"//upload.wikimedia.org/wikipedia/commons/thumb/b/bd/Flag_of_Cuba.svg/35px-Flag_of_Cuba.svg.png 1.5x, //upload.wikimedia.org/wikipedia/commons/thumb/b/bd/Flag_of_Cuba.svg/46px-Flag_of_Cuba.svg.png 2x\" width=\"23\"/> </span><a href=\"/wiki/Cuba\" title=\"Cuba\">Cuba</a></td>","links":[{"href":"/wiki/Cuba","start":1,"end":5,"is_selflink":false}],"attrs":{"align":"left"},"is_header":false,"rowspan":1,"colspan":1,"original_rowspan":1,"original_colspan":1},{"value":"20.74","html":"<td>20.74</td>","links":[],"attrs":{},"is_header":false,"rowspan":1,"colspan":1,"original_rowspan":1,"original_colspan":1},{"value":"Q","html":"<td>Q</td>","links":[],"attrs":{},"is_header":false,"rowspan":1,"colspan":1,"original_rowspan":1,"original_colspan":1}],"attrs":{}},{"cells":[{"value":"6","html":"<td>6</td>","links":[],"attrs":{},"is_header":false,"rowspan":1,"colspan":1,"original_rowspan":1,"original_colspan":1},{"value":"2","html":"<td>2</td>","links":[],"attrs":{},"is_header":false,"rowspan":1,"colspan":1,"original_rowspan":1,"original_colspan":1},{"value":"Michael Matheau","html":"<td align=\"left\"><a class=\"mw-redirect\" href=\"/wiki/Michael_Matheau\" title=\"Michael Matheau\">Michael Matheau</a></td>","links":[{"href":"/wiki/Michael_Matheau","start":0,"end":15,"is_selflink":false}],"attrs":{"align":"left"},"is_header":false,"rowspan":1,"colspan":1,"original_rowspan":1,"original_colspan":1},{"value":" Bahamas","html":"<td align=\"left\"><span class=\"flagicon\"><img alt=\"\" class=\"thumbborder\" data-file-height=\"300\" data-file-width=\"600\" decoding=\"async\" height=\"12\" src=\"//upload.wikimedia.org/wikipedia/commons/thumb/9/93/Flag_of_the_Bahamas.svg/23px-Flag_of_the_Bahamas.svg.png\" srcset=\"//upload.wikimedia.org/wikipedia/commons/thumb/9/93/Flag_of_the_Bahamas.svg/35px-Flag_of_the_Bahamas.svg.png 1.5x, //upload.wikimedia.org/wikipedia/commons/thumb/9/93/Flag_of_the_Bahamas.svg/46px-Flag_of_the_Bahamas.svg.png 2x\" width=\"23\"/> </span><a href=\"/wiki/The_Bahamas\" title=\"The Bahamas\">Bahamas</a></td>","links":[{"href":"/wiki/The_Bahamas","start":1,"end":8,"is_selflink":false}],"attrs":{"align":"left"},"is_header":false,"rowspan":1,"colspan":1,"original_rowspan":1,"original_colspan":1},{"value":"20.80","html":"<td>20.80</td>","links":[],"attrs":{},"is_header":false,"rowspan":1,"colspan":1,"original_rowspan":1,"original_colspan":1},{"value":"Q, PB","html":"<td>Q, PB</td>","links":[],"attrs":{},"is_header":false,"rowspan":1,"colspan":1,"original_rowspan":1,"original_colspan":1}],"attrs":{}},{"cells":[{"value":"7","html":"<td>7</td>","links":[],"attrs":{},"is_header":false,"rowspan":1,"colspan":1,"original_rowspan":1,"original_colspan":1},{"value":"1","html":"<td>1</td>","links":[],"attrs":{},"is_header":false,"rowspan":1,"colspan":1,"original_rowspan":1,"original_colspan":1},{"value":"Sandro Viana","html":"<td align=\"left\"><a href=\"/wiki/Sandro_Viana\" title=\"Sandro Viana\">Sandro Viana</a></td>","links":[{"href":"/wiki/Sandro_Viana","start":0,"end":12,"is_selflink":false}],"attrs":{"align":"left"},"is_header":false,"rowspan":1,"colspan":1,"original_rowspan":1,"original_colspan":1},{"value":" Brazil","html":"<td align=\"left\"><span class=\"flagicon\"><img alt=\"\" class=\"thumbborder\" data-file-height=\"504\" data-file-width=\"720\" decoding=\"async\" height=\"15\" src=\"//upload.wikimedia.org/wikipedia/en/thumb/0/05/Flag_of_Brazil.svg/22px-Flag_of_Brazil.svg.png\" srcset=\"//upload.wikimedia.org/wikipedia/en/thumb/0/05/Flag_of_Brazil.svg/33px-Flag_of_Brazil.svg.png 1.5x, //upload.wikimedia.org/wikipedia/en/thumb/0/05/Flag_of_Brazil.svg/43px-Flag_of_Brazil.svg.png 2x\" width=\"22\"/> </span><a href=\"/wiki/Brazil\" title=\"Brazil\">Brazil</a></td>","links":[{"href":"/wiki/Brazil","start":1,"end":7,"is_selflink":false}],"attrs":{"align":"left"},"is_header":false,"rowspan":1,"colspan":1,"original_rowspan":1,"original_colspan":1},{"value":"20.82","html":"<td>20.82</td>","links":[],"attrs":{},"is_header":false,"rowspan":1,"colspan":1,"original_rowspan":1,"original_colspan":1},{"value":"Q","html":"<td>Q</td>","links":[],"attrs":{},"is_header":false,"rowspan":1,"colspan":1,"original_rowspan":1,"original_colspan":1}],"attrs":{}},{"cells":[{"value":"7","html":"<td>7</td>","links":[],"attrs":{},"is_header":false,"rowspan":1,"colspan":1,"original_rowspan":1,"original_colspan":1},{"value":"2","html":"<td>2</td>","links":[],"attrs":{},"is_header":false,"rowspan":1,"colspan":1,"original_rowspan":1,"original_colspan":1},{"value":"Emmanuel Callender","html":"<td align=\"left\"><a href=\"/wiki/Emmanuel_Callender\" title=\"Emmanuel Callender\">Emmanuel Callender</a></td>","links":[{"href":"/wiki/Emmanuel_Callender","start":0,"end":18,"is_selflink":false}],"attrs":{"align":"left"},"is_header":false,"rowspan":1,"colspan":1,"original_rowspan":1,"original_colspan":1},{"value":" Trinidad and Tobago","html":"<td align=\"left\"><span class=\"flagicon\"><img alt=\"\" class=\"thumbborder\" data-file-height=\"480\" data-file-width=\"800\" decoding=\"async\" height=\"14\" src=\"//upload.wikimedia.org/wikipedia/commons/thumb/6/64/Flag_of_Trinidad_and_Tobago.svg/23px-Flag_of_Trinidad_and_Tobago.svg.png\" srcset=\"//upload.wikimedia.org/wikipedia/commons/thumb/6/64/Flag_of_Trinidad_and_Tobago.svg/35px-Flag_of_Trinidad_and_Tobago.svg.png 1.5x, //upload.wikimedia.org/wikipedia/commons/thumb/6/64/Flag_of_Trinidad_and_Tobago.svg/46px-Flag_of_Trinidad_and_Tobago.svg.png 2x\" width=\"23\"/> </span><a href=\"/wiki/Trinidad_and_Tobago\" title=\"Trinidad and Tobago\">Trinidad and Tobago</a></td>","links":[{"href":"/wiki/Trinidad_and_Tobago","start":1,"end":20,"is_selflink":false}],"attrs":{"align":"left"},"is_header":false,"rowspan":1,"colspan":1,"original_rowspan":1,"original_colspan":1},{"value":"20.82","html":"<td>20.82</td>","links":[],"attrs":{},"is_header":false,"rowspan":1,"colspan":1,"original_rowspan":1,"original_colspan":1},{"value":"Q","html":"<td>Q</td>","links":[],"attrs":{},"is_header":false,"rowspan":1,"colspan":1,"original_rowspan":1,"original_colspan":1}],"attrs":{}},{"cells":[{"value":"9","html":"<td>9</td>","links":[],"attrs":{},"is_header":false,"rowspan":1,"colspan":1,"original_rowspan":1,"original_colspan":1},{"value":"1","html":"<td>1</td>","links":[],"attrs":{},"is_header":false,"rowspan":1,"colspan":1,"original_rowspan":1,"original_colspan":1},{"value":"Jared Connaughton","html":"<td align=\"left\"><a href=\"/wiki/Jared_Connaughton\" title=\"Jared Connaughton\">Jared Connaughton</a></td>","links":[{"href":"/wiki/Jared_Connaughton","start":0,"end":17,"is_selflink":false}],"attrs":{"align":"left"},"is_header":false,"rowspan":1,"colspan":1,"original_rowspan":1,"original_colspan":1},{"value":" Canada","html":"<td align=\"left\"><span class=\"flagicon\"><img alt=\"\" class=\"thumbborder\" data-file-height=\"600\" data-file-width=\"1200\" decoding=\"async\" height=\"12\" src=\"//upload.wikimedia.org/wikipedia/commons/thumb/d/d9/Flag_of_Canada_%28Pantone%29.svg/23px-Flag_of_Canada_%28Pantone%29.svg.png\" srcset=\"//upload.wikimedia.org/wikipedia/commons/thumb/d/d9/Flag_of_Canada_%28Pantone%29.svg/35px-Flag_of_Canada_%28Pantone%29.svg.png 1.5x, //upload.wikimedia.org/wikipedia/commons/thumb/d/d9/Flag_of_Canada_%28Pantone%29.svg/46px-Flag_of_Canada_%28Pantone%29.svg.png 2x\" width=\"23\"/> </span><a href=\"/wiki/Canada\" title=\"Canada\">Canada</a></td>","links":[{"href":"/wiki/Canada","start":1,"end":7,"is_selflink":false}],"attrs":{"align":"left"},"is_header":false,"rowspan":1,"colspan":1,"original_rowspan":1,"original_colspan":1},{"value":"20.85","html":"<td>20.85</td>","links":[],"attrs":{},"is_header":false,"rowspan":1,"colspan":1,"original_rowspan":1,"original_colspan":1},{"value":"","html":"<td></td>","links":[],"attrs":{},"is_header":false,"rowspan":1,"colspan":1,"original_rowspan":1,"original_colspan":1}],"attrs":{}},{"cells":[{"value":"10","html":"<td>10</td>","links":[],"attrs":{},"is_header":false,"rowspan":1,"colspan":1,"original_rowspan":1,"original_colspan":1},{"value":"2","html":"<td>2</td>","links":[],"attrs":{},"is_header":false,"rowspan":1,"colspan":1,"original_rowspan":1,"original_colspan":1},{"value":"Bryan Barnett","html":"<td align=\"left\"><a href=\"/wiki/Bryan_Barnett\" title=\"Bryan Barnett\">Bryan Barnett</a></td>","links":[{"href":"/wiki/Bryan_Barnett","start":0,"end":13,"is_selflink":false}],"attrs":{"align":"left"},"is_header":false,"rowspan":1,"colspan":1,"original_rowspan":1,"original_colspan":1},{"value":" Canada","html":"<td align=\"left\"><span class=\"flagicon\"><img alt=\"\" class=\"thumbborder\" data-file-height=\"600\" data-file-width=\"1200\" decoding=\"async\" height=\"12\" src=\"//upload.wikimedia.org/wikipedia/commons/thumb/d/d9/Flag_of_Canada_%28Pantone%29.svg/23px-Flag_of_Canada_%28Pantone%29.svg.png\" srcset=\"//upload.wikimedia.org/wikipedia/commons/thumb/d/d9/Flag_of_Canada_%28Pantone%29.svg/35px-Flag_of_Canada_%28Pantone%29.svg.png 1.5x, //upload.wikimedia.org/wikipedia/commons/thumb/d/d9/Flag_of_Canada_%28Pantone%29.svg/46px-Flag_of_Canada_%28Pantone%29.svg.png 2x\" width=\"23\"/> </span><a href=\"/wiki/Canada\" title=\"Canada\">Canada</a></td>","links":[{"href":"/wiki/Canada","start":1,"end":7,"is_selflink":false}],"attrs":{"align":"left"},"is_header":false,"rowspan":1,"colspan":1,"original_rowspan":1,"original_colspan":1},{"value":"20.89","html":"<td>20.89</td>","links":[],"attrs":{},"is_header":false,"rowspan":1,"colspan":1,"original_rowspan":1,"original_colspan":1},{"value":"","html":"<td></td>","links":[],"attrs":{},"is_header":false,"rowspan":1,"colspan":1,"original_rowspan":1,"original_colspan":1}],"attrs":{}},{"cells":[{"value":"11","html":"<td>11</td>","links":[],"attrs":{},"is_header":false,"rowspan":1,"colspan":1,"original_rowspan":1,"original_colspan":1},{"value":"1","html":"<td>1</td>","links":[],"attrs":{},"is_header":false,"rowspan":1,"colspan":1,"original_rowspan":1,"original_colspan":1},{"value":"Daniel Grueso","html":"<td align=\"left\"><a href=\"/wiki/Daniel_Grueso\" title=\"Daniel Grueso\">Daniel Grueso</a></td>","links":[{"href":"/wiki/Daniel_Grueso","start":0,"end":13,"is_selflink":false}],"attrs":{"align":"left"},"is_header":false,"rowspan":1,"colspan":1,"original_rowspan":1,"original_colspan":1},{"value":" Colombia","html":"<td align=\"left\"><span class=\"flagicon\"><img alt=\"\" class=\"thumbborder\" data-file-height=\"600\" data-file-width=\"900\" decoding=\"async\" height=\"15\" src=\"//upload.wikimedia.org/wikipedia/commons/thumb/2/21/Flag_of_Colombia.svg/23px-Flag_of_Colombia.svg.png\" srcset=\"//upload.wikimedia.org/wikipedia/commons/thumb/2/21/Flag_of_Colombia.svg/35px-Flag_of_Colombia.svg.png 1.5x, //upload.wikimedia.org/wikipedia/commons/thumb/2/21/Flag_of_Colombia.svg/45px-Flag_of_Colombia.svg.png 2x\" width=\"23\"/> </span><a href=\"/wiki/Colombia\" title=\"Colombia\">Colombia</a></td>","links":[{"href":"/wiki/Colombia","start":1,"end":9,"is_selflink":false}],"attrs":{"align":"left"},"is_header":false,"rowspan":1,"colspan":1,"original_rowspan":1,"original_colspan":1},{"value":"20.96","html":"<td>20.96</td>","links":[],"attrs":{},"is_header":false,"rowspan":1,"colspan":1,"original_rowspan":1,"original_colspan":1},{"value":"","html":"<td></td>","links":[],"attrs":{},"is_header":false,"rowspan":1,"colspan":1,"original_rowspan":1,"original_colspan":1}],"attrs":{}},{"cells":[{"value":"12","html":"<td>12</td>","links":[],"attrs":{},"is_header":false,"rowspan":1,"colspan":1,"original_rowspan":1,"original_colspan":1},{"value":"2","html":"<td>2</td>","links":[],"attrs":{},"is_header":false,"rowspan":1,"colspan":1,"original_rowspan":1,"original_colspan":1},{"value":"Franklin Nazareno","html":"<td align=\"left\"><a href=\"/wiki/Franklin_Nazareno\" title=\"Franklin Nazareno\">Franklin Nazareno</a></td>","links":[{"href":"/wiki/Franklin_Nazareno","start":0,"end":17,"is_selflink":false}],"attrs":{"align":"left"},"is_header":false,"rowspan":1,"colspan":1,"original_rowspan":1,"original_colspan":1},{"value":" Ecuador","html":"<td align=\"left\"><span class=\"flagicon\"><img alt=\"\" class=\"thumbborder\" data-file-height=\"960\" data-file-width=\"1440\" decoding=\"async\" height=\"15\" src=\"//upload.wikimedia.org/wikipedia/commons/thumb/e/e8/Flag_of_Ecuador.svg/23px-Flag_of_Ecuador.svg.png\" srcset=\"//upload.wikimedia.org/wikipedia/commons/thumb/e/e8/Flag_of_Ecuador.svg/35px-Flag_of_Ecuador.svg.png 1.5x, //upload.wikimedia.org/wikipedia/commons/thumb/e/e8/Flag_of_Ecuador.svg/45px-Flag_of_Ecuador.svg.png 2x\" width=\"23\"/> </span><a href=\"/wiki/Ecuador\" title=\"Ecuador\">Ecuador</a></td>","links":[{"href":"/wiki/Ecuador","start":1,"end":8,"is_selflink":false}],"attrs":{"align":"left"},"is_header":false,"rowspan":1,"colspan":1,"original_rowspan":1,"original_colspan":1},{"value":"21.02","html":"<td>21.02</td>","links":[],"attrs":{},"is_header":false,"rowspan":1,"colspan":1,"original_rowspan":1,"original_colspan":1},{"value":"","html":"<td></td>","links":[],"attrs":{},"is_header":false,"rowspan":1,"colspan":1,"original_rowspan":1,"original_colspan":1}],"attrs":{}},{"cells":[{"value":"13","html":"<td>13</td>","links":[],"attrs":{},"is_header":false,"rowspan":1,"colspan":1,"original_rowspan":1,"original_colspan":1},{"value":"1","html":"<td>1</td>","links":[],"attrs":{},"is_header":false,"rowspan":1,"colspan":1,"original_rowspan":1,"original_colspan":1},{"value":"Tyrell Cuffy","html":"<td align=\"left\"><a href=\"/wiki/Tyrell_Cuffy\" title=\"Tyrell Cuffy\">Tyrell Cuffy</a></td>","links":[{"href":"/wiki/Tyrell_Cuffy","start":0,"end":12,"is_selflink":false}],"attrs":{"align":"left"},"is_header":false,"rowspan":1,"colspan":1,"original_rowspan":1,"original_colspan":1},{"value":" Cayman Islands","html":"<td align=\"left\"><span class=\"flagicon\"><img alt=\"\" class=\"thumbborder\" data-file-height=\"600\" data-file-width=\"1200\" decoding=\"async\" height=\"12\" src=\"//upload.wikimedia.org/wikipedia/commons/thumb/0/0f/Flag_of_the_Cayman_Islands.svg/23px-Flag_of_the_Cayman_Islands.svg.png\" srcset=\"//upload.wikimedia.org/wikipedia/commons/thumb/0/0f/Flag_of_the_Cayman_Islands.svg/35px-Flag_of_the_Cayman_Islands.svg.png 1.5x, //upload.wikimedia.org/wikipedia/commons/thumb/0/0f/Flag_of_the_Cayman_Islands.svg/46px-Flag_of_the_Cayman_Islands.svg.png 2x\" width=\"23\"/> </span><a href=\"/wiki/Cayman_Islands\" title=\"Cayman Islands\">Cayman Islands</a></td>","links":[{"href":"/wiki/Cayman_Islands","start":1,"end":15,"is_selflink":false}],"attrs":{"align":"left"},"is_header":false,"rowspan":1,"colspan":1,"original_rowspan":1,"original_colspan":1},{"value":"21.20","html":"<td>21.20</td>","links":[],"attrs":{},"is_header":false,"rowspan":1,"colspan":1,"original_rowspan":1,"original_colspan":1},{"value":"","html":"<td></td>","links":[],"attrs":{},"is_header":false,"rowspan":1,"colspan":1,"original_rowspan":1,"original_colspan":1}],"attrs":{}},{"cells":[{"value":"14","html":"<td>14</td>","links":[],"attrs":{},"is_header":false,"rowspan":1,"colspan":1,"original_rowspan":1,"original_colspan":1},{"value":"2","html":"<td>2</td>","links":[],"attrs":{},"is_header":false,"rowspan":1,"colspan":1,"original_rowspan":1,"original_colspan":1},{"value":"Ramon Gittens","html":"<td align=\"left\"><a href=\"/wiki/Ramon_Gittens\" title=\"Ramon Gittens\">Ramon Gittens</a></td>","links":[{"href":"/wiki/Ramon_Gittens","start":0,"end":13,"is_selflink":false}],"attrs":{"align":"left"},"is_header":false,"rowspan":1,"colspan":1,"original_rowspan":1,"original_colspan":1},{"value":" Barbados","html":"<td align=\"left\"><span class=\"flagicon\"><img alt=\"\" class=\"thumbborder\" data-file-height=\"1000\" data-file-width=\"1500\" decoding=\"async\" height=\"15\" src=\"//upload.wikimedia.org/wikipedia/commons/thumb/e/ef/Flag_of_Barbados.svg/23px-Flag_of_Barbados.svg.png\" srcset=\"//upload.wikimedia.org/wikipedia/commons/thumb/e/ef/Flag_of_Barbados.svg/35px-Flag_of_Barbados.svg.png 1.5x, //upload.wikimedia.org/wikipedia/commons/thumb/e/ef/Flag_of_Barbados.svg/45px-Flag_of_Barbados.svg.png 2x\" width=\"23\"/> </span><a href=\"/wiki/Barbados\" title=\"Barbados\">Barbados</a></td>","links":[{"href":"/wiki/Barbados","start":1,"end":9,"is_selflink":false}],"attrs":{"align":"left"},"is_header":false,"rowspan":1,"colspan":1,"original_rowspan":1,"original_colspan":1},{"value":"21.21","html":"<td>21.21</td>","links":[],"attrs":{},"is_header":false,"rowspan":1,"colspan":1,"original_rowspan":1,"original_colspan":1},{"value":"","html":"<td></td>","links":[],"attrs":{},"is_header":false,"rowspan":1,"colspan":1,"original_rowspan":1,"original_colspan":1}],"attrs":{}},{"cells":[{"value":"15","html":"<td>15</td>","links":[],"attrs":{},"is_header":false,"rowspan":1,"colspan":1,"original_rowspan":1,"original_colspan":1},{"value":"2","html":"<td>2</td>","links":[],"attrs":{},"is_header":false,"rowspan":1,"colspan":1,"original_rowspan":1,"original_colspan":1},{"value":"Basílio de Moraes Júnior","html":"<td align=\"left\"><a class=\"mw-redirect\" href=\"/wiki/Bas%C3%ADlio_de_Moraes_J%C3%BAnior\" title=\"Basílio de Moraes Júnior\">Basílio de Moraes Júnior</a></td>","links":[{"href":"/wiki/Bas%C3%ADlio_de_Moraes_J%C3%BAnior","start":0,"end":24,"is_selflink":false}],"attrs":{"align":"left"},"is_header":false,"rowspan":1,"colspan":1,"original_rowspan":1,"original_colspan":1},{"value":" Brazil","html":"<td align=\"left\"><span class=\"flagicon\"><img alt=\"\" class=\"thumbborder\" data-file-height=\"504\" data-file-width=\"720\" decoding=\"async\" height=\"15\" src=\"//upload.wikimedia.org/wikipedia/en/thumb/0/05/Flag_of_Brazil.svg/22px-Flag_of_Brazil.svg.png\" srcset=\"//upload.wikimedia.org/wikipedia/en/thumb/0/05/Flag_of_Brazil.svg/33px-Flag_of_Brazil.svg.png 1.5x, //upload.wikimedia.org/wikipedia/en/thumb/0/05/Flag_of_Brazil.svg/43px-Flag_of_Brazil.svg.png 2x\" width=\"22\"/> </span><a href=\"/wiki/Brazil\" title=\"Brazil\">Brazil</a></td>","links":[{"href":"/wiki/Brazil","start":1,"end":7,"is_selflink":false}],"attrs":{"align":"left"},"is_header":false,"rowspan":1,"colspan":1,"original_rowspan":1,"original_colspan":1},{"value":"21.22","html":"<td>21.22</td>","links":[],"attrs":{},"is_header":false,"rowspan":1,"colspan":1,"original_rowspan":1,"original_colspan":1},{"value":"","html":"<td></td>","links":[],"attrs":{},"is_header":false,"rowspan":1,"colspan":1,"original_rowspan":1,"original_colspan":1}],"attrs":{}},{"cells":[{"value":"16","html":"<td>16</td>","links":[],"attrs":{},"is_header":false,"rowspan":1,"colspan":1,"original_rowspan":1,"original_colspan":1},{"value":"1","html":"<td>1</td>","links":[],"attrs":{},"is_header":false,"rowspan":1,"colspan":1,"original_rowspan":1,"original_colspan":1},{"value":"Jacobi Mitchell","html":"<td align=\"left\"><a class=\"new\" href=\"/w/index.php?title=Jacobi_Mitchell&amp;action=edit&amp;redlink=1\" title=\"Jacobi Mitchell (page does not exist)\">Jacobi Mitchell</a></td>","links":[{"href":"/w/index.php?title=Jacobi_Mitchell&action=edit&redlink=1","start":0,"end":15,"is_selflink":false}],"attrs":{"align":"left"},"is_header":false,"rowspan":1,"colspan":1,"original_rowspan":1,"original_colspan":1},{"value":" Bahamas","html":"<td align=\"left\"><span class=\"flagicon\"><img alt=\"\" class=\"thumbborder\" data-file-height=\"300\" data-file-width=\"600\" decoding=\"async\" height=\"12\" src=\"//upload.wikimedia.org/wikipedia/commons/thumb/9/93/Flag_of_the_Bahamas.svg/23px-Flag_of_the_Bahamas.svg.png\" srcset=\"//upload.wikimedia.org/wikipedia/commons/thumb/9/93/Flag_of_the_Bahamas.svg/35px-Flag_of_the_Bahamas.svg.png 1.5x, //upload.wikimedia.org/wikipedia/commons/thumb/9/93/Flag_of_the_Bahamas.svg/46px-Flag_of_the_Bahamas.svg.png 2x\" width=\"23\"/> </span><a href=\"/wiki/The_Bahamas\" title=\"The Bahamas\">Bahamas</a></td>","links":[{"href":"/wiki/The_Bahamas","start":1,"end":8,"is_selflink":false}],"attrs":{"align":"left"},"is_header":false,"rowspan":1,"colspan":1,"original_rowspan":1,"original_colspan":1},{"value":"21.79","html":"<td>21.79</td>","links":[],"attrs":{},"is_header":false,"rowspan":1,"colspan":1,"original_rowspan":1,"original_colspan":1},{"value":"","html":"<td></td>","links":[],"attrs":{},"is_header":false,"rowspan":1,"colspan":1,"original_rowspan":1,"original_colspan":1}],"attrs":{}}],"caption":null,"attrs":{"class":["wikitable","sortable"],"style":"text-align:center"},"classes":["wikitable","sortable"],"is_spanned":true,"external_links":{"http://en.wikipedia.org/wiki/Brendan_Christian":{"dbpedia":null,"qnode":null,"qnode_id":"Q2436931"},"http://en.wikipedia.org/wiki/Antigua_and_Barbuda":{"dbpedia":null,"qnode":null,"qnode_id":"Q781"},"http://en.wikipedia.org/wiki/Marvin_Anderson":{"dbpedia":null,"qnode":null,"qnode_id":"Q1906061"},"http://en.wikipedia.org/wiki/Jamaica":{"dbpedia":null,"qnode":null,"qnode_id":"Q766"},"http://en.wikipedia.org/w/index.php?title=Jordan_Vaden&action=edit&redlink=1":{"dbpedia":null,"qnode":null,"qnode_id":null},"http://en.wikipedia.org/wiki/United_States":{"dbpedia":null,"qnode":null,"qnode_id":"Q30"},"http://en.wikipedia.org/w/index.php?title=Rubin_Williams_(athlete)&action=edit&redlink=1":{"dbpedia":null,"qnode":null,"qnode_id":null},"http://en.wikipedia.org/wiki/Michael_Herrera":{"dbpedia":null,"qnode":null,"qnode_id":"Q3308253"},"http://en.wikipedia.org/wiki/Cuba":{"dbpedia":null,"qnode":null,"qnode_id":"Q241"},"http://en.wikipedia.org/wiki/Michael_Matheau":{"dbpedia":null,"qnode":null,"qnode_id":"Q716418"},"http://en.wikipedia.org/wiki/The_Bahamas":{"dbpedia":null,"qnode":null,"qnode_id":"Q778"},"http://en.wikipedia.org/wiki/Sandro_Viana":{"dbpedia":null,"qnode":null,"qnode_id":"Q690722"},"http://en.wikipedia.org/wiki/Brazil":{"dbpedia":null,"qnode":null,"qnode_id":"Q155"},"http://en.wikipedia.org/wiki/Emmanuel_Callender":{"dbpedia":null,"qnode":null,"qnode_id":"Q169529"},"http://en.wikipedia.org/wiki/Trinidad_and_Tobago":{"dbpedia":null,"qnode":null,"qnode_id":"Q754"},"http://en.wikipedia.org/wiki/Jared_Connaughton":{"dbpedia":null,"qnode":null,"qnode_id":"Q2741054"},"http://en.wikipedia.org/wiki/Canada":{"dbpedia":null,"qnode":null,"qnode_id":"Q16"},"http://en.wikipedia.org/wiki/Bryan_Barnett":{"dbpedia":null,"qnode":null,"qnode_id":"Q2927137"},"http://en.wikipedia.org/wiki/Daniel_Grueso":{"dbpedia":null,"qnode":null,"qnode_id":"Q3014142"},"http://en.wikipedia.org/wiki/Colombia":{"dbpedia":null,"qnode":null,"qnode_id":"Q739"},"http://en.wikipedia.org/wiki/Franklin_Nazareno":{"dbpedia":null,"qnode":null,"qnode_id":"Q3377558"},"http://en.wikipedia.org/wiki/Ecuador":{"dbpedia":null,"qnode":null,"qnode_id":"Q736"},"http://en.wikipedia.org/wiki/Tyrell_Cuffy":{"dbpedia":null,"qnode":null,"qnode_id":"Q745553"},"http://en.wikipedia.org/wiki/Cayman_Islands":{"dbpedia":null,"qnode":null,"qnode_id":"Q5785"},"http://en.wikipedia.org/wiki/Ramon_Gittens":{"dbpedia":null,"qnode":null,"qnode_id":"Q3371110"},"http://en.wikipedia.org/wiki/Barbados":{"dbpedia":null,"qnode":null,"qnode_id":"Q244"},"http://en.wikipedia.org/wiki/Bas%C3%ADlio_de_Moraes_J%C3%BAnior":{"dbpedia":null,"qnode":null,"qnode_id":"Q2887752"},"http://en.wikipedia.org/w/index.php?title=Jacobi_Mitchell&action=edit&redlink=1":{"dbpedia":null,"qnode":null,"qnode_id":null},"https://en.wikipedia.org/wiki/Athletics_at_the_2007_Pan_American_Games_–_Men's_200_metres":{"dbpedia":null,"qnode":null,"qnode_id":"Q16143008"}}}