{"id":"Diamond_League","pageURI":"http://dbpedia.org/resource/Diamond_League?dbpv=2020-02&nif=context","rows":[{"cells":[{"value":"#","html":"<th>#</th>","links":[],"attrs":{},"is_header":true,"rowspan":1,"colspan":1,"original_rowspan":1,"original_colspan":1},{"value":"Meeting","html":"<th>Meeting</th>","links":[],"attrs":{},"is_header":true,"rowspan":1,"colspan":1,"original_rowspan":1,"original_colspan":1},{"value":"Arena","html":"<th>Arena</th>","links":[],"attrs":{},"is_header":true,"rowspan":1,"colspan":1,"original_rowspan":1,"original_colspan":1},{"value":"City","html":"<th>City</th>","links":[],"attrs":{},"is_header":true,"rowspan":1,"colspan":1,"original_rowspan":1,"original_colspan":1},{"value":"Country","html":"<th>Country</th>","links":[],"attrs":{},"is_header":true,"rowspan":1,"colspan":1,"original_rowspan":1,"original_colspan":1},{"value":"2010","html":"<th>2010</th>","links":[],"attrs":{},"is_header":true,"rowspan":1,"colspan":1,"original_rowspan":1,"original_colspan":1},{"value":"2011","html":"<th>2011</th>","links":[],"attrs":{},"is_header":true,"rowspan":1,"colspan":1,"original_rowspan":1,"original_colspan":1},{"value":"2012","html":"<th>2012</th>","links":[],"attrs":{},"is_header":true,"rowspan":1,"colspan":1,"original_rowspan":1,"original_colspan":1},{"value":"2013","html":"<th>2013</th>","links":[],"attrs":{},"is_header":true,"rowspan":1,"colspan":1,"original_rowspan":1,"original_colspan":1},{"value":"2014","html":"<th>2014</th>","links":[],"attrs":{},"is_header":true,"rowspan":1,"colspan":1,"original_rowspan":1,"original_colspan":1},{"value":"2015","html":"<th>2015</th>","links":[],"attrs":{},"is_header":true,"rowspan":1,"colspan":1,"original_rowspan":1,"original_colspan":1},{"value":"2016","html":"<th>2016</th>","links":[],"attrs":{},"is_header":true,"rowspan":1,"colspan":1,"original_rowspan":1,"original_colspan":1},{"value":"2017","html":"<th>2017</th>","links":[],"attrs":{},"is_header":true,"rowspan":1,"colspan":1,"original_rowspan":1,"original_colspan":1},{"value":"2018","html":"<th>2018</th>","links":[],"attrs":{},"is_header":true,"rowspan":1,"colspan":1,"original_rowspan":1,"original_colspan":1},{"value":"2019","html":"<th>2019</th>","links":[],"attrs":{},"is_header":true,"rowspan":1,"colspan":1,"original_rowspan":1,"original_colspan":1},{"value":"2020","html":"<th>2020</th>","links":[],"attrs":{},"is_header":true,"rowspan":1,"colspan":1,"original_rowspan":1,"original_colspan":1}],"attrs":{}},{"cells":[{"value":"11","html":"<td>11</td>","links":[],"attrs":{},"is_header":false,"rowspan":1,"colspan":1,"original_rowspan":1,"original_colspan":1},{"value":"Bislett Games","html":"<td align=\"left\"><a href=\"/wiki/Bislett_Games\" title=\"Bislett Games\">Bislett Games</a></td>","links":[{"href":"/wiki/Bislett_Games","start":0,"end":13,"is_selflink":false}],"attrs":{"align":"left"},"is_header":false,"rowspan":1,"colspan":1,"original_rowspan":1,"original_colspan":1},{"value":"Bislett Stadium","html":"<td align=\"left\"><a href=\"/wiki/Bislett_Stadium\" title=\"Bislett Stadium\">Bislett Stadium</a></td>","links":[{"href":"/wiki/Bislett_Stadium","start":0,"end":15,"is_selflink":false}],"attrs":{"align":"left"},"is_header":false,"rowspan":1,"colspan":1,"original_rowspan":1,"original_colspan":1},{"value":"Oslo","html":"<td align=\"left\"><a href=\"/wiki/Oslo\" title=\"Oslo\">Oslo</a></td>","links":[{"href":"/wiki/Oslo","start":0,"end":4,"is_selflink":false}],"attrs":{"align":"left"},"is_header":false,"rowspan":1,"colspan":1,"original_rowspan":1,"original_colspan":1},{"value":"Norway","html":"<td align=\"left\">Norway</td>","links":[],"attrs":{"align":"left"},"is_header":false,"rowspan":1,"colspan":1,"original_rowspan":1,"original_colspan":1},{"value":"•","html":"<td>•</td>","links":[],"attrs":{},"is_header":false,"rowspan":1,"colspan":1,"original_rowspan":1,"original_colspan":1},{"value":"•","html":"<td>•</td>","links":[],"attrs":{},"is_header":false,"rowspan":1,"colspan":1,"original_rowspan":1,"original_colspan":1},{"value":"•","html":"<td>•</td>","links":[],"attrs":{},"is_header":false,"rowspan":1,"colspan":1,"original_rowspan":1,"original_colspan":1},{"value":"•","html":"<td>•</td>","links":[],"attrs":{},"is_header":false,"rowspan":1,"colspan":1,"original_rowspan":1,"original_colspan":1},{"value":"•","html":"<td>•</td>","links":[],"attrs":{},"is_header":false,"rowspan":1,"colspan":1,"original_rowspan":1,"original_colspan":1},{"value":"•","html":"<td>•</td>","links":[],"attrs":{},"is_header":false,"rowspan":1,"colspan":1,"original_rowspan":1,"original_colspan":1},{"value":"•","html":"<td>•</td>","links":[],"attrs":{},"is_header":false,"rowspan":1,"colspan":1,"original_rowspan":1,"original_colspan":1},{"value":"•","html":"<td>•</td>","links":[],"attrs":{},"is_header":false,"rowspan":1,"colspan":1,"original_rowspan":1,"original_colspan":1},{"value":"•","html":"<td>•</td>","links":[],"attrs":{},"is_header":false,"rowspan":1,"colspan":1,"original_rowspan":1,"original_colspan":1},{"value":"•","html":"<td>•</td>","links":[],"attrs":{},"is_header":false,"rowspan":1,"colspan":1,"original_rowspan":1,"original_colspan":1},{"value":"•","html":"<td>•</td>","links":[],"attrs":{},"is_header":false,"rowspan":1,"colspan":1,"original_rowspan":1,"original_colspan":1}],"attrs":{}},{"cells":[{"value":"11","html":"<td>11</td>","links":[],"attrs":{},"is_header":false,"rowspan":1,"colspan":1,"original_rowspan":1,"original_colspan":1},{"value":"Doha Diamond League","html":"<td align=\"left\"><a href=\"/wiki/Doha_Diamond_League\" title=\"Doha Diamond League\">Doha Diamond League</a></td>","links":[{"href":"/wiki/Doha_Diamond_League","start":0,"end":19,"is_selflink":false}],"attrs":{"align":"left"},"is_header":false,"rowspan":1,"colspan":1,"original_rowspan":1,"original_colspan":1},{"value":"Qatar Sports Club","html":"<td align=\"left\"><a class=\"mw-redirect\" href=\"/wiki/Qatar_Sports_Club\" title=\"Qatar Sports Club\">Qatar Sports Club</a></td>","links":[{"href":"/wiki/Qatar_Sports_Club","start":0,"end":17,"is_selflink":false}],"attrs":{"align":"left"},"is_header":false,"rowspan":1,"colspan":1,"original_rowspan":1,"original_colspan":1},{"value":"Doha","html":"<td align=\"left\"><a href=\"/wiki/Doha\" title=\"Doha\">Doha</a></td>","links":[{"href":"/wiki/Doha","start":0,"end":4,"is_selflink":false}],"attrs":{"align":"left"},"is_header":false,"rowspan":1,"colspan":1,"original_rowspan":1,"original_colspan":1},{"value":"Qatar","html":"<td align=\"left\">Qatar</td>","links":[],"attrs":{"align":"left"},"is_header":false,"rowspan":1,"colspan":1,"original_rowspan":1,"original_colspan":1},{"value":"•","html":"<td>•</td>","links":[],"attrs":{},"is_header":false,"rowspan":1,"colspan":1,"original_rowspan":1,"original_colspan":1},{"value":"•","html":"<td>•</td>","links":[],"attrs":{},"is_header":false,"rowspan":1,"colspan":1,"original_rowspan":1,"original_colspan":1},{"value":"•","html":"<td>•</td>","links":[],"attrs":{},"is_header":false,"rowspan":1,"colspan":1,"original_rowspan":1,"original_colspan":1},{"value":"•","html":"<td>•</td>","links":[],"attrs":{},"is_header":false,"rowspan":1,"colspan":1,"original_rowspan":1,"original_colspan":1},{"value":"•","html":"<td>•</td>","links":[],"attrs":{},"is_header":false,"rowspan":1,"colspan":1,"original_rowspan":1,"original_colspan":1},{"value":"•","html":"<td>•</td>","links":[],"attrs":{},"is_header":false,"rowspan":1,"colspan":1,"original_rowspan":1,"original_colspan":1},{"value":"•","html":"<td>•</td>","links":[],"attrs":{},"is_header":false,"rowspan":1,"colspan":1,"original_rowspan":1,"original_colspan":1},{"value":"•","html":"<td>•</td>","links":[],"attrs":{},"is_header":false,"rowspan":1,"colspan":1,"original_rowspan":1,"original_colspan":1},{"value":"•","html":"<td>•</td>","links":[],"attrs":{},"is_header":false,"rowspan":1,"colspan":1,"original_rowspan":1,"original_colspan":1},{"value":"•","html":"<td><a href=\"/wiki/2019_Doha_Diamond_League\" title=\"2019 Doha Diamond League\">•</a></td>","links":[{"href":"/wiki/2019_Doha_Diamond_League","start":0,"end":1,"is_selflink":false}],"attrs":{},"is_header":false,"rowspan":1,"colspan":1,"original_rowspan":1,"original_colspan":1},{"value":"•","html":"<td>•</td>","links":[],"attrs":{},"is_header":false,"rowspan":1,"colspan":1,"original_rowspan":1,"original_colspan":1}],"attrs":{}},{"cells":[{"value":"11","html":"<td>11</td>","links":[],"attrs":{},"is_header":false,"rowspan":1,"colspan":1,"original_rowspan":1,"original_colspan":1},{"value":"Shanghai Golden Grand Prix","html":"<td align=\"left\"><a href=\"/wiki/Shanghai_Golden_Grand_Prix\" title=\"Shanghai Golden Grand Prix\">Shanghai Golden Grand Prix</a></td>","links":[{"href":"/wiki/Shanghai_Golden_Grand_Prix","start":0,"end":26,"is_selflink":false}],"attrs":{"align":"left"},"is_header":false,"rowspan":1,"colspan":1,"original_rowspan":1,"original_colspan":1},{"value":"Shanghai Stadium","html":"<td align=\"left\"><a href=\"/wiki/Shanghai_Stadium\" title=\"Shanghai Stadium\">Shanghai Stadium</a></td>","links":[{"href":"/wiki/Shanghai_Stadium","start":0,"end":16,"is_selflink":false}],"attrs":{"align":"left"},"is_header":false,"rowspan":1,"colspan":1,"original_rowspan":1,"original_colspan":1},{"value":"Shanghai","html":"<td align=\"left\"><a href=\"/wiki/Shanghai\" title=\"Shanghai\">Shanghai</a></td>","links":[{"href":"/wiki/Shanghai","start":0,"end":8,"is_selflink":false}],"attrs":{"align":"left"},"is_header":false,"rowspan":1,"colspan":1,"original_rowspan":1,"original_colspan":1},{"value":"China","html":"<td align=\"left\">China</td>","links":[],"attrs":{"align":"left"},"is_header":false,"rowspan":1,"colspan":1,"original_rowspan":1,"original_colspan":1},{"value":"•","html":"<td>•</td>","links":[],"attrs":{},"is_header":false,"rowspan":1,"colspan":1,"original_rowspan":1,"original_colspan":1},{"value":"•","html":"<td>•</td>","links":[],"attrs":{},"is_header":false,"rowspan":1,"colspan":1,"original_rowspan":1,"original_colspan":1},{"value":"•","html":"<td>•</td>","links":[],"attrs":{},"is_header":false,"rowspan":1,"colspan":1,"original_rowspan":1,"original_colspan":1},{"value":"•","html":"<td>•</td>","links":[],"attrs":{},"is_header":false,"rowspan":1,"colspan":1,"original_rowspan":1,"original_colspan":1},{"value":"•","html":"<td>•</td>","links":[],"attrs":{},"is_header":false,"rowspan":1,"colspan":1,"original_rowspan":1,"original_colspan":1},{"value":"•","html":"<td>•</td>","links":[],"attrs":{},"is_header":false,"rowspan":1,"colspan":1,"original_rowspan":1,"original_colspan":1},{"value":"•","html":"<td>•</td>","links":[],"attrs":{},"is_header":false,"rowspan":1,"colspan":1,"original_rowspan":1,"original_colspan":1},{"value":"•","html":"<td>•</td>","links":[],"attrs":{},"is_header":false,"rowspan":1,"colspan":1,"original_rowspan":1,"original_colspan":1},{"value":"•","html":"<td>•</td>","links":[],"attrs":{},"is_header":false,"rowspan":1,"colspan":1,"original_rowspan":1,"original_colspan":1},{"value":"•","html":"<td>•</td>","links":[],"attrs":{},"is_header":false,"rowspan":1,"colspan":1,"original_rowspan":1,"original_colspan":1},{"value":"•","html":"<td>•</td>","links":[],"attrs":{},"is_header":false,"rowspan":1,"colspan":1,"original_rowspan":1,"original_colspan":1}],"attrs":{}},{"cells":[{"value":"11","html":"<td>11</td>","links":[],"attrs":{},"is_header":false,"rowspan":1,"colspan":1,"original_rowspan":1,"original_colspan":1},{"value":"Golden Gala","html":"<td align=\"left\"><a href=\"/wiki/Golden_Gala\" title=\"Golden Gala\">Golden Gala</a></td>","links":[{"href":"/wiki/Golden_Gala","start":0,"end":11,"is_selflink":false}],"attrs":{"align":"left"},"is_header":false,"rowspan":1,"colspan":1,"original_rowspan":1,"original_colspan":1},{"value":"Stadio Olimpico","html":"<td align=\"left\"><a href=\"/wiki/Stadio_Olimpico\" title=\"Stadio Olimpico\">Stadio Olimpico</a></td>","links":[{"href":"/wiki/Stadio_Olimpico","start":0,"end":15,"is_selflink":false}],"attrs":{"align":"left"},"is_header":false,"rowspan":1,"colspan":1,"original_rowspan":1,"original_colspan":1},{"value":"Rome","html":"<td align=\"left\"><a href=\"/wiki/Rome\" title=\"Rome\">Rome</a></td>","links":[{"href":"/wiki/Rome","start":0,"end":4,"is_selflink":false}],"attrs":{"align":"left"},"is_header":false,"rowspan":1,"colspan":1,"original_rowspan":1,"original_colspan":1},{"value":"Italy","html":"<td align=\"left\">Italy</td>","links":[],"attrs":{"align":"left"},"is_header":false,"rowspan":1,"colspan":1,"original_rowspan":1,"original_colspan":1},{"value":"•","html":"<td>•</td>","links":[],"attrs":{},"is_header":false,"rowspan":1,"colspan":1,"original_rowspan":1,"original_colspan":1},{"value":"•","html":"<td>•</td>","links":[],"attrs":{},"is_header":false,"rowspan":1,"colspan":1,"original_rowspan":1,"original_colspan":1},{"value":"•","html":"<td>•</td>","links":[],"attrs":{},"is_header":false,"rowspan":1,"colspan":1,"original_rowspan":1,"original_colspan":1},{"value":"•","html":"<td>•</td>","links":[],"attrs":{},"is_header":false,"rowspan":1,"colspan":1,"original_rowspan":1,"original_colspan":1},{"value":"•","html":"<td>•</td>","links":[],"attrs":{},"is_header":false,"rowspan":1,"colspan":1,"original_rowspan":1,"original_colspan":1},{"value":"•","html":"<td>•</td>","links":[],"attrs":{},"is_header":false,"rowspan":1,"colspan":1,"original_rowspan":1,"original_colspan":1},{"value":"•","html":"<td>•</td>","links":[],"attrs":{},"is_header":false,"rowspan":1,"colspan":1,"original_rowspan":1,"original_colspan":1},{"value":"•","html":"<td>•</td>","links":[],"attrs":{},"is_header":false,"rowspan":1,"colspan":1,"original_rowspan":1,"original_colspan":1},{"value":"•","html":"<td>•</td>","links":[],"attrs":{},"is_header":false,"rowspan":1,"colspan":1,"original_rowspan":1,"original_colspan":1},{"value":"•","html":"<td>•</td>","links":[],"attrs":{},"is_header":false,"rowspan":1,"colspan":1,"original_rowspan":1,"original_colspan":1},{"value":"•","html":"<td>•</td>","links":[],"attrs":{},"is_header":false,"rowspan":1,"colspan":1,"original_rowspan":1,"original_colspan":1}],"attrs":{}},{"cells":[{"value":"11","html":"<td>11</td>","links":[],"attrs":{},"is_header":false,"rowspan":1,"colspan":1,"original_rowspan":1,"original_colspan":1},{"value":"Bislett Games","html":"<td align=\"left\"><a href=\"/wiki/Bislett_Games\" title=\"Bislett Games\">Bislett Games</a></td>","links":[{"href":"/wiki/Bislett_Games","start":0,"end":13,"is_selflink":false}],"attrs":{"align":"left"},"is_header":false,"rowspan":1,"colspan":1,"original_rowspan":1,"original_colspan":1},{"value":"Bislett Stadium","html":"<td align=\"left\"><a href=\"/wiki/Bislett_Stadium\" title=\"Bislett Stadium\">Bislett Stadium</a></td>","links":[{"href":"/wiki/Bislett_Stadium","start":0,"end":15,"is_selflink":false}],"attrs":{"align":"left"},"is_header":false,"rowspan":1,"colspan":1,"original_rowspan":1,"original_colspan":1},{"value":"Oslo","html":"<td align=\"left\"><a href=\"/wiki/Oslo\" title=\"Oslo\">Oslo</a></td>","links":[{"href":"/wiki/Oslo","start":0,"end":4,"is_selflink":false}],"attrs":{"align":"left"},"is_header":false,"rowspan":1,"colspan":1,"original_rowspan":1,"original_colspan":1},{"value":"Norway","html":"<td align=\"left\">Norway</td>","links":[],"attrs":{"align":"left"},"is_header":false,"rowspan":1,"colspan":1,"original_rowspan":1,"original_colspan":1},{"value":"•","html":"<td>•</td>","links":[],"attrs":{},"is_header":false,"rowspan":1,"colspan":1,"original_rowspan":1,"original_colspan":1},{"value":"•","html":"<td>•</td>","links":[],"attrs":{},"is_header":false,"rowspan":1,"colspan":1,"original_rowspan":1,"original_colspan":1},{"value":"•","html":"<td>•</td>","links":[],"attrs":{},"is_header":false,"rowspan":1,"colspan":1,"original_rowspan":1,"original_colspan":1},{"value":"•","html":"<td>•</td>","links":[],"attrs":{},"is_header":false,"rowspan":1,"colspan":1,"original_rowspan":1,"original_colspan":1},{"value":"•","html":"<td>•</td>","links":[],"attrs":{},"is_header":false,"rowspan":1,"colspan":1,"original_rowspan":1,"original_colspan":1},{"value":"•","html":"<td>•</td>","links":[],"attrs":{},"is_header":false,"rowspan":1,"colspan":1,"original_rowspan":1,"original_colspan":1},{"value":"•","html":"<td>•</td>","links":[],"attrs":{},"is_header":false,"rowspan":1,"colspan":1,"original_rowspan":1,"original_colspan":1},{"value":"•","html":"<td>•</td>","links":[],"attrs":{},"is_header":false,"rowspan":1,"colspan":1,"original_rowspan":1,"original_colspan":1},{"value":"•","html":"<td>•</td>","links":[],"attrs":{},"is_header":false,"rowspan":1,"colspan":1,"original_rowspan":1,"original_colspan":1},{"value":"•","html":"<td>•</td>","links":[],"attrs":{},"is_header":false,"rowspan":1,"colspan":1,"original_rowspan":1,"original_colspan":1},{"value":"•","html":"<td>•</td>","links":[],"attrs":{},"is_header":false,"rowspan":1,"colspan":1,"original_rowspan":1,"original_colspan":1}],"attrs":{}},{"cells":[{"value":"11","html":"<td>11</td>","links":[],"attrs":{},"is_header":false,"rowspan":1,"colspan":1,"original_rowspan":1,"original_colspan":1},{"value":"Prefontaine Classic","html":"<td align=\"left\"><a href=\"/wiki/Prefontaine_Classic\" title=\"Prefontaine Classic\">Prefontaine Classic</a></td>","links":[{"href":"/wiki/Prefontaine_Classic","start":0,"end":19,"is_selflink":false}],"attrs":{"align":"left"},"is_header":false,"rowspan":1,"colspan":1,"original_rowspan":1,"original_colspan":1},{"value":"Hayward Field","html":"<td align=\"left\"><a href=\"/wiki/Hayward_Field\" title=\"Hayward Field\">Hayward Field</a></td>","links":[{"href":"/wiki/Hayward_Field","start":0,"end":13,"is_selflink":false}],"attrs":{"align":"left"},"is_header":false,"rowspan":1,"colspan":1,"original_rowspan":1,"original_colspan":1},{"value":"Eugene","html":"<td align=\"left\"><a href=\"/wiki/Eugene,_Oregon\" title=\"Eugene, Oregon\">Eugene</a></td>","links":[{"href":"/wiki/Eugene,_Oregon","start":0,"end":6,"is_selflink":false}],"attrs":{"align":"left"},"is_header":false,"rowspan":1,"colspan":1,"original_rowspan":1,"original_colspan":1},{"value":"United States","html":"<td align=\"left\">United States</td>","links":[],"attrs":{"align":"left"},"is_header":false,"rowspan":1,"colspan":1,"original_rowspan":1,"original_colspan":1},{"value":"•","html":"<td>•</td>","links":[],"attrs":{},"is_header":false,"rowspan":1,"colspan":1,"original_rowspan":1,"original_colspan":1},{"value":"•","html":"<td>•</td>","links":[],"attrs":{},"is_header":false,"rowspan":1,"colspan":1,"original_rowspan":1,"original_colspan":1},{"value":"•","html":"<td>•</td>","links":[],"attrs":{},"is_header":false,"rowspan":1,"colspan":1,"original_rowspan":1,"original_colspan":1},{"value":"•","html":"<td>•</td>","links":[],"attrs":{},"is_header":false,"rowspan":1,"colspan":1,"original_rowspan":1,"original_colspan":1},{"value":"•","html":"<td>•</td>","links":[],"attrs":{},"is_header":false,"rowspan":1,"colspan":1,"original_rowspan":1,"original_colspan":1},{"value":"•","html":"<td>•</td>","links":[],"attrs":{},"is_header":false,"rowspan":1,"colspan":1,"original_rowspan":1,"original_colspan":1},{"value":"•","html":"<td>•</td>","links":[],"attrs":{},"is_header":false,"rowspan":1,"colspan":1,"original_rowspan":1,"original_colspan":1},{"value":"•","html":"<td>•</td>","links":[],"attrs":{},"is_header":false,"rowspan":1,"colspan":1,"original_rowspan":1,"original_colspan":1},{"value":"•","html":"<td>•</td>","links":[],"attrs":{},"is_header":false,"rowspan":1,"colspan":1,"original_rowspan":1,"original_colspan":1},{"value":"•","html":"<td><a href=\"/wiki/2019_Prefontaine_Classic\" title=\"2019 Prefontaine Classic\">•</a></td>","links":[{"href":"/wiki/2019_Prefontaine_Classic","start":0,"end":1,"is_selflink":false}],"attrs":{},"is_header":false,"rowspan":1,"colspan":1,"original_rowspan":1,"original_colspan":1},{"value":"•","html":"<td>•</td>","links":[],"attrs":{},"is_header":false,"rowspan":1,"colspan":1,"original_rowspan":1,"original_colspan":1}],"attrs":{}},{"cells":[{"value":"11","html":"<td>11</td>","links":[],"attrs":{},"is_header":false,"rowspan":1,"colspan":1,"original_rowspan":1,"original_colspan":1},{"value":"Athletissima","html":"<td align=\"left\"><a href=\"/wiki/Athletissima\" title=\"Athletissima\">Athletissima</a></td>","links":[{"href":"/wiki/Athletissima","start":0,"end":12,"is_selflink":false}],"attrs":{"align":"left"},"is_header":false,"rowspan":1,"colspan":1,"original_rowspan":1,"original_colspan":1},{"value":"Stade Olympique de la Pontaise","html":"<td align=\"left\"><a href=\"/wiki/Stade_Olympique_de_la_Pontaise\" title=\"Stade Olympique de la Pontaise\">Stade Olympique de la Pontaise</a></td>","links":[{"href":"/wiki/Stade_Olympique_de_la_Pontaise","start":0,"end":30,"is_selflink":false}],"attrs":{"align":"left"},"is_header":false,"rowspan":1,"colspan":1,"original_rowspan":1,"original_colspan":1},{"value":"Lausanne","html":"<td align=\"left\"><a href=\"/wiki/Lausanne\" title=\"Lausanne\">Lausanne</a></td>","links":[{"href":"/wiki/Lausanne","start":0,"end":8,"is_selflink":false}],"attrs":{"align":"left"},"is_header":false,"rowspan":1,"colspan":1,"original_rowspan":1,"original_colspan":1},{"value":"Switzerland","html":"<td align=\"left\">Switzerland</td>","links":[],"attrs":{"align":"left"},"is_header":false,"rowspan":1,"colspan":1,"original_rowspan":1,"original_colspan":1},{"value":"•","html":"<td>•</td>","links":[],"attrs":{},"is_header":false,"rowspan":1,"colspan":1,"original_rowspan":1,"original_colspan":1},{"value":"•","html":"<td>•</td>","links":[],"attrs":{},"is_header":false,"rowspan":1,"colspan":1,"original_rowspan":1,"original_colspan":1},{"value":"•","html":"<td>•</td>","links":[],"attrs":{},"is_header":false,"rowspan":1,"colspan":1,"original_rowspan":1,"original_colspan":1},{"value":"•","html":"<td>•</td>","links":[],"attrs":{},"is_header":false,"rowspan":1,"colspan":1,"original_rowspan":1,"original_colspan":1},{"value":"•","html":"<td>•</td>","links":[],"attrs":{},"is_header":false,"rowspan":1,"colspan":1,"original_rowspan":1,"original_colspan":1},{"value":"•","html":"<td>•</td>","links":[],"attrs":{},"is_header":false,"rowspan":1,"colspan":1,"original_rowspan":1,"original_colspan":1},{"value":"•","html":"<td>•</td>","links":[],"attrs":{},"is_header":false,"rowspan":1,"colspan":1,"original_rowspan":1,"original_colspan":1},{"value":"•","html":"<td>•</td>","links":[],"attrs":{},"is_header":false,"rowspan":1,"colspan":1,"original_rowspan":1,"original_colspan":1},{"value":"•","html":"<td>•</td>","links":[],"attrs":{},"is_header":false,"rowspan":1,"colspan":1,"original_rowspan":1,"original_colspan":1},{"value":"•","html":"<td>•</td>","links":[],"attrs":{},"is_header":false,"rowspan":1,"colspan":1,"original_rowspan":1,"original_colspan":1},{"value":"•","html":"<td>•</td>","links":[],"attrs":{},"is_header":false,"rowspan":1,"colspan":1,"original_rowspan":1,"original_colspan":1}],"attrs":{}},{"cells":[{"value":"11","html":"<td>11</td>","links":[],"attrs":{},"is_header":false,"rowspan":1,"colspan":1,"original_rowspan":1,"original_colspan":1},{"value":"Herculis","html":"<td align=\"left\"><a href=\"/wiki/Herculis\" title=\"Herculis\">Herculis</a></td>","links":[{"href":"/wiki/Herculis","start":0,"end":8,"is_selflink":false}],"attrs":{"align":"left"},"is_header":false,"rowspan":1,"colspan":1,"original_rowspan":1,"original_colspan":1},{"value":"Stade Louis II","html":"<td align=\"left\"><a href=\"/wiki/Stade_Louis_II\" title=\"Stade Louis II\">Stade Louis II</a></td>","links":[{"href":"/wiki/Stade_Louis_II","start":0,"end":14,"is_selflink":false}],"attrs":{"align":"left"},"is_header":false,"rowspan":1,"colspan":1,"original_rowspan":1,"original_colspan":1},{"value":"Fontvieille","html":"<td align=\"left\"><a href=\"/wiki/Fontvieille,_Monaco\" title=\"Fontvieille, Monaco\">Fontvieille</a></td>","links":[{"href":"/wiki/Fontvieille,_Monaco","start":0,"end":11,"is_selflink":false}],"attrs":{"align":"left"},"is_header":false,"rowspan":1,"colspan":1,"original_rowspan":1,"original_colspan":1},{"value":"Monaco","html":"<td align=\"left\">Monaco</td>","links":[],"attrs":{"align":"left"},"is_header":false,"rowspan":1,"colspan":1,"original_rowspan":1,"original_colspan":1},{"value":"•","html":"<td>•</td>","links":[],"attrs":{},"is_header":false,"rowspan":1,"colspan":1,"original_rowspan":1,"original_colspan":1},{"value":"•","html":"<td>•</td>","links":[],"attrs":{},"is_header":false,"rowspan":1,"colspan":1,"original_rowspan":1,"original_colspan":1},{"value":"•","html":"<td>•</td>","links":[],"attrs":{},"is_header":false,"rowspan":1,"colspan":1,"original_rowspan":1,"original_colspan":1},{"value":"•","html":"<td>•</td>","links":[],"attrs":{},"is_header":false,"rowspan":1,"colspan":1,"original_rowspan":1,"original_colspan":1},{"value":"•","html":"<td>•</td>","links":[],"attrs":{},"is_header":false,"rowspan":1,"colspan":1,"original_rowspan":1,"original_colspan":1},{"value":"•","html":"<td>•</td>","links":[],"attrs":{},"is_header":false,"rowspan":1,"colspan":1,"original_rowspan":1,"original_colspan":1},{"value":"•","html":"<td>•</td>","links":[],"attrs":{},"is_header":false,"rowspan":1,"colspan":1,"original_rowspan":1,"original_colspan":1},{"value":"•","html":"<td>•</td>","links":[],"attrs":{},"is_header":false,"rowspan":1,"colspan":1,"original_rowspan":1,"original_colspan":1},{"value":"•","html":"<td>•</td>","links":[],"attrs":{},"is_header":false,"rowspan":1,"colspan":1,"original_rowspan":1,"original_colspan":1},{"value":"•","html":"<td>•</td>","links":[],"attrs":{},"is_header":false,"rowspan":1,"colspan":1,"original_rowspan":1,"original_colspan":1},{"value":"•","html":"<td>•</td>","links":[],"attrs":{},"is_header":false,"rowspan":1,"colspan":1,"original_rowspan":1,"original_colspan":1}],"attrs":{}},{"cells":[{"value":"11","html":"<td>11</td>","links":[],"attrs":{},"is_header":false,"rowspan":1,"colspan":1,"original_rowspan":1,"original_colspan":1},{"value":"London Grand Prix","html":"<td align=\"left\"><a href=\"/wiki/London_Grand_Prix\" title=\"London Grand Prix\">London Grand Prix</a></td>","links":[{"href":"/wiki/London_Grand_Prix","start":0,"end":17,"is_selflink":false}],"attrs":{"align":"left"},"is_header":false,"rowspan":1,"colspan":1,"original_rowspan":1,"original_colspan":1},{"value":"London Stadium","html":"<td align=\"left\"><a href=\"/wiki/London_Stadium\" title=\"London Stadium\">London Stadium</a></td>","links":[{"href":"/wiki/London_Stadium","start":0,"end":14,"is_selflink":false}],"attrs":{"align":"left"},"is_header":false,"rowspan":1,"colspan":1,"original_rowspan":1,"original_colspan":1},{"value":"London","html":"<td align=\"left\"><a href=\"/wiki/London\" title=\"London\">London</a></td>","links":[{"href":"/wiki/London","start":0,"end":6,"is_selflink":false}],"attrs":{"align":"left"},"is_header":false,"rowspan":1,"colspan":1,"original_rowspan":1,"original_colspan":1},{"value":"United Kingdom","html":"<td align=\"left\">United Kingdom</td>","links":[],"attrs":{"align":"left"},"is_header":false,"rowspan":1,"colspan":1,"original_rowspan":1,"original_colspan":1},{"value":"•","html":"<td>•</td>","links":[],"attrs":{},"is_header":false,"rowspan":1,"colspan":1,"original_rowspan":1,"original_colspan":1},{"value":"•","html":"<td>•</td>","links":[],"attrs":{},"is_header":false,"rowspan":1,"colspan":1,"original_rowspan":1,"original_colspan":1},{"value":"•","html":"<td>•</td>","links":[],"attrs":{},"is_header":false,"rowspan":1,"colspan":1,"original_rowspan":1,"original_colspan":1},{"value":"•","html":"<td>•</td>","links":[],"attrs":{},"is_header":false,"rowspan":1,"colspan":1,"original_rowspan":1,"original_colspan":1},{"value":"•","html":"<td>•</td>","links":[],"attrs":{},"is_header":false,"rowspan":1,"colspan":1,"original_rowspan":1,"original_colspan":1},{"value":"•","html":"<td>•</td>","links":[],"attrs":{},"is_header":false,"rowspan":1,"colspan":1,"original_rowspan":1,"original_colspan":1},{"value":"•","html":"<td>•</td>","links":[],"attrs":{},"is_header":false,"rowspan":1,"colspan":1,"original_rowspan":1,"original_colspan":1},{"value":"•","html":"<td>•</td>","links":[],"attrs":{},"is_header":false,"rowspan":1,"colspan":1,"original_rowspan":1,"original_colspan":1},{"value":"•","html":"<td>•</td>","links":[],"attrs":{},"is_header":false,"rowspan":1,"colspan":1,"original_rowspan":1,"original_colspan":1},{"value":"•","html":"<td>•</td>","links":[],"attrs":{},"is_header":false,"rowspan":1,"colspan":1,"original_rowspan":1,"original_colspan":1},{"value":"•","html":"<td>•</td>","links":[],"attrs":{},"is_header":false,"rowspan":1,"colspan":1,"original_rowspan":1,"original_colspan":1}],"attrs":{}},{"cells":[{"value":"11","html":"<td>11</td>","links":[],"attrs":{},"is_header":false,"rowspan":1,"colspan":1,"original_rowspan":1,"original_colspan":1},{"value":"British Grand Prix","html":"<td align=\"left\"><a href=\"/wiki/British_Grand_Prix_(athletics)\" title=\"British Grand Prix (athletics)\">British Grand Prix</a></td>","links":[{"href":"/wiki/British_Grand_Prix_(athletics)","start":0,"end":18,"is_selflink":false}],"attrs":{"align":"left"},"is_header":false,"rowspan":1,"colspan":1,"original_rowspan":1,"original_colspan":1},{"value":"Alexander Stadium","html":"<td align=\"left\"><a href=\"/wiki/Alexander_Stadium\" title=\"Alexander Stadium\">Alexander Stadium</a></td>","links":[{"href":"/wiki/Alexander_Stadium","start":0,"end":17,"is_selflink":false}],"attrs":{"align":"left"},"is_header":false,"rowspan":1,"colspan":1,"original_rowspan":1,"original_colspan":1},{"value":"Birmingham","html":"<td align=\"left\"><a href=\"/wiki/Birmingham\" title=\"Birmingham\">Birmingham</a></td>","links":[{"href":"/wiki/Birmingham","start":0,"end":10,"is_selflink":false}],"attrs":{"align":"left"},"is_header":false,"rowspan":1,"colspan":1,"original_rowspan":1,"original_colspan":1},{"value":"United Kingdom","html":"<td align=\"left\">United Kingdom</td>","links":[],"attrs":{"align":"left"},"is_header":false,"rowspan":1,"colspan":1,"original_rowspan":1,"original_colspan":1},{"value":"•","html":"<td>•</td>","links":[],"attrs":{},"is_header":false,"rowspan":1,"colspan":1,"original_rowspan":1,"original_colspan":1},{"value":"•","html":"<td>•</td>","links":[],"attrs":{},"is_header":false,"rowspan":1,"colspan":1,"original_rowspan":1,"original_colspan":1},{"value":"•","html":"<td>•</td>","links":[],"attrs":{},"is_header":false,"rowspan":1,"colspan":1,"original_rowspan":1,"original_colspan":1},{"value":"•","html":"<td>•</td>","links":[],"attrs":{},"is_header":false,"rowspan":1,"colspan":1,"original_rowspan":1,"original_colspan":1},{"value":"•","html":"<td>•</td>","links":[],"attrs":{},"is_header":false,"rowspan":1,"colspan":1,"original_rowspan":1,"original_colspan":1},{"value":"•","html":"<td>•</td>","links":[],"attrs":{},"is_header":false,"rowspan":1,"colspan":1,"original_rowspan":1,"original_colspan":1},{"value":"•","html":"<td>•</td>","links":[],"attrs":{},"is_header":false,"rowspan":1,"colspan":1,"original_rowspan":1,"original_colspan":1},{"value":"•","html":"<td>•</td>","links":[],"attrs":{},"is_header":false,"rowspan":1,"colspan":1,"original_rowspan":1,"original_colspan":1},{"value":"•","html":"<td>•</td>","links":[],"attrs":{},"is_header":false,"rowspan":1,"colspan":1,"original_rowspan":1,"original_colspan":1},{"value":"•","html":"<td>•</td>","links":[],"attrs":{},"is_header":false,"rowspan":1,"colspan":1,"original_rowspan":1,"original_colspan":1},{"value":"•","html":"<td>•</td>","links":[],"attrs":{},"is_header":false,"rowspan":1,"colspan":1,"original_rowspan":1,"original_colspan":1}],"attrs":{}},{"cells":[{"value":"11","html":"<td>11</td>","links":[],"attrs":{},"is_header":false,"rowspan":1,"colspan":1,"original_rowspan":1,"original_colspan":1},{"value":"Meeting de Paris","html":"<td align=\"left\"><a href=\"/wiki/Meeting_de_Paris\" title=\"Meeting de Paris\">Meeting de Paris</a></td>","links":[{"href":"/wiki/Meeting_de_Paris","start":0,"end":16,"is_selflink":false}],"attrs":{"align":"left"},"is_header":false,"rowspan":1,"colspan":1,"original_rowspan":1,"original_colspan":1},{"value":"Stade Sébastien Charléty","html":"<td align=\"left\"><a href=\"/wiki/Stade_S%C3%A9bastien_Charl%C3%A9ty\" title=\"Stade Sébastien Charléty\">Stade Sébastien Charléty</a></td>","links":[{"href":"/wiki/Stade_S%C3%A9bastien_Charl%C3%A9ty","start":0,"end":24,"is_selflink":false}],"attrs":{"align":"left"},"is_header":false,"rowspan":1,"colspan":1,"original_rowspan":1,"original_colspan":1},{"value":"Paris","html":"<td align=\"left\"><a href=\"/wiki/Paris\" title=\"Paris\">Paris</a></td>","links":[{"href":"/wiki/Paris","start":0,"end":5,"is_selflink":false}],"attrs":{"align":"left"},"is_header":false,"rowspan":1,"colspan":1,"original_rowspan":1,"original_colspan":1},{"value":"France","html":"<td align=\"left\">France</td>","links":[],"attrs":{"align":"left"},"is_header":false,"rowspan":1,"colspan":1,"original_rowspan":1,"original_colspan":1},{"value":"•","html":"<td>•</td>","links":[],"attrs":{},"is_header":false,"rowspan":1,"colspan":1,"original_rowspan":1,"original_colspan":1},{"value":"•","html":"<td>•</td>","links":[],"attrs":{},"is_header":false,"rowspan":1,"colspan":1,"original_rowspan":1,"original_colspan":1},{"value":"•","html":"<td>•</td>","links":[],"attrs":{},"is_header":false,"rowspan":1,"colspan":1,"original_rowspan":1,"original_colspan":1},{"value":"•","html":"<td>•</td>","links":[],"attrs":{},"is_header":false,"rowspan":1,"colspan":1,"original_rowspan":1,"original_colspan":1},{"value":"•","html":"<td>•</td>","links":[],"attrs":{},"is_header":false,"rowspan":1,"colspan":1,"original_rowspan":1,"original_colspan":1},{"value":"•","html":"<td>•</td>","links":[],"attrs":{},"is_header":false,"rowspan":1,"colspan":1,"original_rowspan":1,"original_colspan":1},{"value":"•","html":"<td>•</td>","links":[],"attrs":{},"is_header":false,"rowspan":1,"colspan":1,"original_rowspan":1,"original_colspan":1},{"value":"•","html":"<td>•</td>","links":[],"attrs":{},"is_header":false,"rowspan":1,"colspan":1,"original_rowspan":1,"original_colspan":1},{"value":"•","html":"<td><a href=\"/wiki/2018_Meeting_de_Paris\" title=\"2018 Meeting de Paris\">•</a></td>","links":[{"href":"/wiki/2018_Meeting_de_Paris","start":0,"end":1,"is_selflink":false}],"attrs":{},"is_header":false,"rowspan":1,"colspan":1,"original_rowspan":1,"original_colspan":1},{"value":"•","html":"<td><a href=\"/wiki/2019_Meeting_de_Paris\" title=\"2019 Meeting de Paris\">•</a></td>","links":[{"href":"/wiki/2019_Meeting_de_Paris","start":0,"end":1,"is_selflink":false}],"attrs":{},"is_header":false,"rowspan":1,"colspan":1,"original_rowspan":1,"original_colspan":1},{"value":"•","html":"<td>•</td>","links":[],"attrs":{},"is_header":false,"rowspan":1,"colspan":1,"original_rowspan":1,"original_colspan":1}],"attrs":{}},{"cells":[{"value":"11","html":"<td>11</td>","links":[],"attrs":{},"is_header":false,"rowspan":1,"colspan":1,"original_rowspan":1,"original_colspan":1},{"value":"Weltklasse Zürich","html":"<td align=\"left\"><a href=\"/wiki/Weltklasse_Z%C3%BCrich\" title=\"Weltklasse Zürich\">Weltklasse Zürich</a></td>","links":[{"href":"/wiki/Weltklasse_Z%C3%BCrich","start":0,"end":17,"is_selflink":false}],"attrs":{"align":"left"},"is_header":false,"rowspan":1,"colspan":1,"original_rowspan":1,"original_colspan":1},{"value":"Letzigrund","html":"<td align=\"left\"><a href=\"/wiki/Letzigrund\" title=\"Letzigrund\">Letzigrund</a></td>","links":[{"href":"/wiki/Letzigrund","start":0,"end":10,"is_selflink":false}],"attrs":{"align":"left"},"is_header":false,"rowspan":1,"colspan":1,"original_rowspan":1,"original_colspan":1},{"value":"Zürich","html":"<td align=\"left\"><a href=\"/wiki/Z%C3%BCrich\" title=\"Zürich\">Zürich</a></td>","links":[{"href":"/wiki/Z%C3%BCrich","start":0,"end":6,"is_selflink":false}],"attrs":{"align":"left"},"is_header":false,"rowspan":1,"colspan":1,"original_rowspan":1,"original_colspan":1},{"value":"Switzerland","html":"<td align=\"left\">Switzerland</td>","links":[],"attrs":{"align":"left"},"is_header":false,"rowspan":1,"colspan":1,"original_rowspan":1,"original_colspan":1},{"value":"•","html":"<td>•</td>","links":[],"attrs":{},"is_header":false,"rowspan":1,"colspan":1,"original_rowspan":1,"original_colspan":1},{"value":"•","html":"<td>•</td>","links":[],"attrs":{},"is_header":false,"rowspan":1,"colspan":1,"original_rowspan":1,"original_colspan":1},{"value":"•","html":"<td>•</td>","links":[],"attrs":{},"is_header":false,"rowspan":1,"colspan":1,"original_rowspan":1,"original_colspan":1},{"value":"•","html":"<td>•</td>","links":[],"attrs":{},"is_header":false,"rowspan":1,"colspan":1,"original_rowspan":1,"original_colspan":1},{"value":"•","html":"<td>•</td>","links":[],"attrs":{},"is_header":false,"rowspan":1,"colspan":1,"original_rowspan":1,"original_colspan":1},{"value":"•","html":"<td>•</td>","links":[],"attrs":{},"is_header":false,"rowspan":1,"colspan":1,"original_rowspan":1,"original_colspan":1},{"value":"•","html":"<td>•</td>","links":[],"attrs":{},"is_header":false,"rowspan":1,"colspan":1,"original_rowspan":1,"original_colspan":1},{"value":"•","html":"<td>•</td>","links":[],"attrs":{},"is_header":false,"rowspan":1,"colspan":1,"original_rowspan":1,"original_colspan":1},{"value":"•","html":"<td>•</td>","links":[],"attrs":{},"is_header":false,"rowspan":1,"colspan":1,"original_rowspan":1,"original_colspan":1},{"value":"•","html":"<td>•</td>","links":[],"attrs":{},"is_header":false,"rowspan":1,"colspan":1,"original_rowspan":1,"original_colspan":1},{"value":"•","html":"<td>•</td>","links":[],"attrs":{},"is_header":false,"rowspan":1,"colspan":1,"original_rowspan":1,"original_colspan":1}],"attrs":{}},{"cells":[{"value":"11","html":"<td>11</td>","links":[],"attrs":{},"is_header":false,"rowspan":1,"colspan":1,"original_rowspan":1,"original_colspan":1},{"value":"Memorial Van Damme","html":"<td align=\"left\"><a href=\"/wiki/Memorial_Van_Damme\" title=\"Memorial Van Damme\">Memorial Van Damme</a></td>","links":[{"href":"/wiki/Memorial_Van_Damme","start":0,"end":18,"is_selflink":false}],"attrs":{"align":"left"},"is_header":false,"rowspan":1,"colspan":1,"original_rowspan":1,"original_colspan":1},{"value":"King Baudouin Stadium","html":"<td align=\"left\"><a href=\"/wiki/King_Baudouin_Stadium\" title=\"King Baudouin Stadium\">King Baudouin Stadium</a></td>","links":[{"href":"/wiki/King_Baudouin_Stadium","start":0,"end":21,"is_selflink":false}],"attrs":{"align":"left"},"is_header":false,"rowspan":1,"colspan":1,"original_rowspan":1,"original_colspan":1},{"value":"Brussels","html":"<td align=\"left\"><a href=\"/wiki/Brussels\" title=\"Brussels\">Brussels</a></td>","links":[{"href":"/wiki/Brussels","start":0,"end":8,"is_selflink":false}],"attrs":{"align":"left"},"is_header":false,"rowspan":1,"colspan":1,"original_rowspan":1,"original_colspan":1},{"value":"Belgium","html":"<td align=\"left\">Belgium</td>","links":[],"attrs":{"align":"left"},"is_header":false,"rowspan":1,"colspan":1,"original_rowspan":1,"original_colspan":1},{"value":"•","html":"<td>•</td>","links":[],"attrs":{},"is_header":false,"rowspan":1,"colspan":1,"original_rowspan":1,"original_colspan":1},{"value":"•","html":"<td>•</td>","links":[],"attrs":{},"is_header":false,"rowspan":1,"colspan":1,"original_rowspan":1,"original_colspan":1},{"value":"•","html":"<td>•</td>","links":[],"attrs":{},"is_header":false,"rowspan":1,"colspan":1,"original_rowspan":1,"original_colspan":1},{"value":"•","html":"<td>•</td>","links":[],"attrs":{},"is_header":false,"rowspan":1,"colspan":1,"original_rowspan":1,"original_colspan":1},{"value":"•","html":"<td>•</td>","links":[],"attrs":{},"is_header":false,"rowspan":1,"colspan":1,"original_rowspan":1,"original_colspan":1},{"value":"•","html":"<td>•</td>","links":[],"attrs":{},"is_header":false,"rowspan":1,"colspan":1,"original_rowspan":1,"original_colspan":1},{"value":"•","html":"<td>•</td>","links":[],"attrs":{},"is_header":false,"rowspan":1,"colspan":1,"original_rowspan":1,"original_colspan":1},{"value":"•","html":"<td>•</td>","links":[],"attrs":{},"is_header":false,"rowspan":1,"colspan":1,"original_rowspan":1,"original_colspan":1},{"value":"•","html":"<td>•</td>","links":[],"attrs":{},"is_header":false,"rowspan":1,"colspan":1,"original_rowspan":1,"original_colspan":1},{"value":"•","html":"<td>•</td>","links":[],"attrs":{},"is_header":false,"rowspan":1,"colspan":1,"original_rowspan":1,"original_colspan":1},{"value":"•","html":"<td>•</td>","links":[],"attrs":{},"is_header":false,"rowspan":1,"colspan":1,"original_rowspan":1,"original_colspan":1}],"attrs":{}},{"cells":[{"value":"10","html":"<td>10</td>","links":[],"attrs":{},"is_header":false,"rowspan":1,"colspan":1,"original_rowspan":1,"original_colspan":1},{"value":"BAUHAUS-galan","html":"<td align=\"left\"><a href=\"/wiki/BAUHAUS-galan\" title=\"BAUHAUS-galan\">BAUHAUS-galan</a></td>","links":[{"href":"/wiki/BAUHAUS-galan","start":0,"end":13,"is_selflink":false}],"attrs":{"align":"left"},"is_header":false,"rowspan":1,"colspan":1,"original_rowspan":1,"original_colspan":1},{"value":"Stockholm Olympic Stadium","html":"<td align=\"left\"><a href=\"/wiki/Stockholm_Olympic_Stadium\" title=\"Stockholm Olympic Stadium\">Stockholm Olympic Stadium</a></td>","links":[{"href":"/wiki/Stockholm_Olympic_Stadium","start":0,"end":25,"is_selflink":false}],"attrs":{"align":"left"},"is_header":false,"rowspan":1,"colspan":1,"original_rowspan":1,"original_colspan":1},{"value":"Stockholm","html":"<td align=\"left\"><a href=\"/wiki/Stockholm\" title=\"Stockholm\">Stockholm</a></td>","links":[{"href":"/wiki/Stockholm","start":0,"end":9,"is_selflink":false}],"attrs":{"align":"left"},"is_header":false,"rowspan":1,"colspan":1,"original_rowspan":1,"original_colspan":1},{"value":"Sweden","html":"<td align=\"left\">Sweden</td>","links":[],"attrs":{"align":"left"},"is_header":false,"rowspan":1,"colspan":1,"original_rowspan":1,"original_colspan":1},{"value":"•","html":"<td>•</td>","links":[],"attrs":{},"is_header":false,"rowspan":1,"colspan":1,"original_rowspan":1,"original_colspan":1},{"value":"•","html":"<td>•</td>","links":[],"attrs":{},"is_header":false,"rowspan":1,"colspan":1,"original_rowspan":1,"original_colspan":1},{"value":"•","html":"<td>•</td>","links":[],"attrs":{},"is_header":false,"rowspan":1,"colspan":1,"original_rowspan":1,"original_colspan":1},{"value":"•","html":"<td>•</td>","links":[],"attrs":{},"is_header":false,"rowspan":1,"colspan":1,"original_rowspan":1,"original_colspan":1},{"value":"•","html":"<td>•</td>","links":[],"attrs":{},"is_header":false,"rowspan":1,"colspan":1,"original_rowspan":1,"original_colspan":1},{"value":"•","html":"<td>•</td>","links":[],"attrs":{},"is_header":false,"rowspan":1,"colspan":1,"original_rowspan":1,"original_colspan":1},{"value":"•","html":"<td>•</td>","links":[],"attrs":{},"is_header":false,"rowspan":1,"colspan":1,"original_rowspan":1,"original_colspan":1},{"value":"•","html":"<td>•</td>","links":[],"attrs":{},"is_header":false,"rowspan":1,"colspan":1,"original_rowspan":1,"original_colspan":1},{"value":"•","html":"<td>•</td>","links":[],"attrs":{},"is_header":false,"rowspan":1,"colspan":1,"original_rowspan":1,"original_colspan":1},{"value":"•","html":"<td>•</td>","links":[],"attrs":{},"is_header":false,"rowspan":1,"colspan":1,"original_rowspan":1,"original_colspan":1},{"value":"•","html":"<td>•</td>","links":[],"attrs":{},"is_header":false,"rowspan":1,"colspan":1,"original_rowspan":1,"original_colspan":1}],"attrs":{}},{"cells":[{"value":"6","html":"<td>6</td>","links":[],"attrs":{},"is_header":false,"rowspan":1,"colspan":1,"original_rowspan":1,"original_colspan":1},{"value":"Adidas Grand Prix","html":"<td align=\"left\"><a href=\"/wiki/Adidas_Grand_Prix\" title=\"Adidas Grand Prix\">Adidas Grand Prix</a></td>","links":[{"href":"/wiki/Adidas_Grand_Prix","start":0,"end":17,"is_selflink":false}],"attrs":{"align":"left"},"is_header":false,"rowspan":1,"colspan":1,"original_rowspan":1,"original_colspan":1},{"value":"Icahn Stadium","html":"<td align=\"left\"><a href=\"/wiki/Icahn_Stadium\" title=\"Icahn Stadium\">Icahn Stadium</a></td>","links":[{"href":"/wiki/Icahn_Stadium","start":0,"end":13,"is_selflink":false}],"attrs":{"align":"left"},"is_header":false,"rowspan":1,"colspan":1,"original_rowspan":1,"original_colspan":1},{"value":"New York City","html":"<td align=\"left\"><a href=\"/wiki/New_York_City\" title=\"New York City\">New York City</a></td>","links":[{"href":"/wiki/New_York_City","start":0,"end":13,"is_selflink":false}],"attrs":{"align":"left"},"is_header":false,"rowspan":1,"colspan":1,"original_rowspan":1,"original_colspan":1},{"value":"United States","html":"<td align=\"left\">United States</td>","links":[],"attrs":{"align":"left"},"is_header":false,"rowspan":1,"colspan":1,"original_rowspan":1,"original_colspan":1},{"value":"•","html":"<td>•</td>","links":[],"attrs":{},"is_header":false,"rowspan":1,"colspan":1,"original_rowspan":1,"original_colspan":1},{"value":"•","html":"<td>•</td>","links":[],"attrs":{},"is_header":false,"rowspan":1,"colspan":1,"original_rowspan":1,"original_colspan":1},{"value":"•","html":"<td>•</td>","links":[],"attrs":{},"is_header":false,"rowspan":1,"colspan":1,"original_rowspan":1,"original_colspan":1},{"value":"•","html":"<td>•</td>","links":[],"attrs":{},"is_header":false,"rowspan":1,"colspan":1,"original_rowspan":1,"original_colspan":1},{"value":"•","html":"<td>•</td>","links":[],"attrs":{},"is_header":false,"rowspan":1,"colspan":1,"original_rowspan":1,"original_colspan":1},{"value":"•","html":"<td>•</td>","links":[],"attrs":{},"is_header":false,"rowspan":1,"colspan":1,"original_rowspan":1,"original_colspan":1},{"value":"","html":"<td></td>","links":[],"attrs":{},"is_header":false,"rowspan":1,"colspan":1,"original_rowspan":1,"original_colspan":1},{"value":"","html":"<td></td>","links":[],"attrs":{},"is_header":false,"rowspan":1,"colspan":1,"original_rowspan":1,"original_colspan":1},{"value":"","html":"<td></td>","links":[],"attrs":{},"is_header":false,"rowspan":1,"colspan":1,"original_rowspan":1,"original_colspan":1},{"value":"","html":"<td></td>","links":[],"attrs":{},"is_header":false,"rowspan":1,"colspan":1,"original_rowspan":1,"original_colspan":1},{"value":"","html":"<td></td>","links":[],"attrs":{},"is_header":false,"rowspan":1,"colspan":1,"original_rowspan":1,"original_colspan":1}],"attrs":{}},{"cells":[{"value":"5","html":"<td>5</td>","links":[],"attrs":{},"is_header":false,"rowspan":1,"colspan":1,"original_rowspan":1,"original_colspan":1},{"value":"Meeting de Rabat","html":"<td align=\"left\"><a href=\"/wiki/Meeting_International_Mohammed_VI_d%27Athl%C3%A9tisme_de_Rabat\" title=\"Meeting International Mohammed VI d'Athlétisme de Rabat\">Meeting de Rabat</a></td>","links":[{"href":"/wiki/Meeting_International_Mohammed_VI_d%27Athl%C3%A9tisme_de_Rabat","start":0,"end":16,"is_selflink":false}],"attrs":{"align":"left"},"is_header":false,"rowspan":1,"colspan":1,"original_rowspan":1,"original_colspan":1},{"value":"Prince Moulay Abdellah Stadium","html":"<td align=\"left\"><a href=\"/wiki/Prince_Moulay_Abdellah_Stadium\" title=\"Prince Moulay Abdellah Stadium\">Prince Moulay Abdellah Stadium</a></td>","links":[{"href":"/wiki/Prince_Moulay_Abdellah_Stadium","start":0,"end":30,"is_selflink":false}],"attrs":{"align":"left"},"is_header":false,"rowspan":1,"colspan":1,"original_rowspan":1,"original_colspan":1},{"value":"Rabat","html":"<td align=\"left\"><a href=\"/wiki/Rabat\" title=\"Rabat\">Rabat</a></td>","links":[{"href":"/wiki/Rabat","start":0,"end":5,"is_selflink":false}],"attrs":{"align":"left"},"is_header":false,"rowspan":1,"colspan":1,"original_rowspan":1,"original_colspan":1},{"value":"Morocco","html":"<td align=\"left\">Morocco</td>","links":[],"attrs":{"align":"left"},"is_header":false,"rowspan":1,"colspan":1,"original_rowspan":1,"original_colspan":1},{"value":"","html":"<td></td>","links":[],"attrs":{},"is_header":false,"rowspan":1,"colspan":1,"original_rowspan":1,"original_colspan":1},{"value":"","html":"<td></td>","links":[],"attrs":{},"is_header":false,"rowspan":1,"colspan":1,"original_rowspan":1,"original_colspan":1},{"value":"","html":"<td></td>","links":[],"attrs":{},"is_header":false,"rowspan":1,"colspan":1,"original_rowspan":1,"original_colspan":1},{"value":"","html":"<td></td>","links":[],"attrs":{},"is_header":false,"rowspan":1,"colspan":1,"original_rowspan":1,"original_colspan":1},{"value":"","html":"<td></td>","links":[],"attrs":{},"is_header":false,"rowspan":1,"colspan":1,"original_rowspan":1,"original_colspan":1},{"value":"","html":"<td></td>","links":[],"attrs":{},"is_header":false,"rowspan":1,"colspan":1,"original_rowspan":1,"original_colspan":1},{"value":"•","html":"<td>•</td>","links":[],"attrs":{},"is_header":false,"rowspan":1,"colspan":1,"original_rowspan":1,"original_colspan":1},{"value":"•","html":"<td>•</td>","links":[],"attrs":{},"is_header":false,"rowspan":1,"colspan":1,"original_rowspan":1,"original_colspan":1},{"value":"•","html":"<td>•</td>","links":[],"attrs":{},"is_header":false,"rowspan":1,"colspan":1,"original_rowspan":1,"original_colspan":1},{"value":"•","html":"<td>•</td>","links":[],"attrs":{},"is_header":false,"rowspan":1,"colspan":1,"original_rowspan":1,"original_colspan":1},{"value":"•","html":"<td>•</td>","links":[],"attrs":{},"is_header":false,"rowspan":1,"colspan":1,"original_rowspan":1,"original_colspan":1}],"attrs":{}},{"cells":[{"value":"1","html":"<td>1</td>","links":[],"attrs":{},"is_header":false,"rowspan":1,"colspan":1,"original_rowspan":1,"original_colspan":1},{"value":"TBD","html":"<td align=\"left\">TBD</td>","links":[],"attrs":{"align":"left"},"is_header":false,"rowspan":1,"colspan":1,"original_rowspan":1,"original_colspan":1},{"value":"TBD","html":"<td align=\"left\">TBD</td>","links":[],"attrs":{"align":"left"},"is_header":false,"rowspan":1,"colspan":1,"original_rowspan":1,"original_colspan":1},{"value":"TBD","html":"<td align=\"left\">TBD</td>","links":[],"attrs":{"align":"left"},"is_header":false,"rowspan":1,"colspan":1,"original_rowspan":1,"original_colspan":1},{"value":"China","html":"<td align=\"left\">China</td>","links":[],"attrs":{"align":"left"},"is_header":false,"rowspan":1,"colspan":1,"original_rowspan":1,"original_colspan":1},{"value":"","html":"<td></td>","links":[],"attrs":{},"is_header":false,"rowspan":1,"colspan":1,"original_rowspan":1,"original_colspan":1},{"value":"","html":"<td></td>","links":[],"attrs":{},"is_header":false,"rowspan":1,"colspan":1,"original_rowspan":1,"original_colspan":1},{"value":"","html":"<td></td>","links":[],"attrs":{},"is_header":false,"rowspan":1,"colspan":1,"original_rowspan":1,"original_colspan":1},{"value":"","html":"<td></td>","links":[],"attrs":{},"is_header":false,"rowspan":1,"colspan":1,"original_rowspan":1,"original_colspan":1},{"value":"","html":"<td></td>","links":[],"attrs":{},"is_header":false,"rowspan":1,"colspan":1,"original_rowspan":1,"original_colspan":1},{"value":"","html":"<td></td>","links":[],"attrs":{},"is_header":false,"rowspan":1,"colspan":1,"original_rowspan":1,"original_colspan":1},{"value":"","html":"<td></td>","links":[],"attrs":{},"is_header":false,"rowspan":1,"colspan":1,"original_rowspan":1,"original_colspan":1},{"value":"","html":"<td></td>","links":[],"attrs":{},"is_header":false,"rowspan":1,"colspan":1,"original_rowspan":1,"original_colspan":1},{"value":"","html":"<td></td>","links":[],"attrs":{},"is_header":false,"rowspan":1,"colspan":1,"original_rowspan":1,"original_colspan":1},{"value":"","html":"<td></td>","links":[],"attrs":{},"is_header":false,"rowspan":1,"colspan":1,"original_rowspan":1,"original_colspan":1},{"value":"•","html":"<td>•</td>","links":[],"attrs":{},"is_header":false,"rowspan":1,"colspan":1,"original_rowspan":1,"original_colspan":1}],"attrs":{}}],"caption":null,"attrs":{"class":["wikitable"],"style":"text-align:center"},"classes":["wikitable"],"is_spanned":true,"external_links":{"http://en.wikipedia.org/wiki/Bislett_Games":{"dbpedia":null,"qnode":null,"qnode_id":"Q866398"},"http://en.wikipedia.org/wiki/Bislett_Stadium":{"dbpedia":null,"qnode":null,"qnode_id":"Q866409"},"http://en.wikipedia.org/wiki/Oslo":{"dbpedia":null,"qnode":null,"qnode_id":"Q585"},"http://en.wikipedia.org/wiki/Doha_Diamond_League":{"dbpedia":null,"qnode":null,"qnode_id":"Q1118647"},"http://en.wikipedia.org/wiki/Qatar_Sports_Club":{"dbpedia":null,"qnode":null,"qnode_id":"Q1051203"},"http://en.wikipedia.org/wiki/Doha":{"dbpedia":null,"qnode":null,"qnode_id":"Q3861"},"http://en.wikipedia.org/wiki/2019_Doha_Diamond_League":{"dbpedia":null,"qnode":null,"qnode_id":"Q63441610"},"http://en.wikipedia.org/wiki/Shanghai_Golden_Grand_Prix":{"dbpedia":null,"qnode":null,"qnode_id":null},"http://en.wikipedia.org/wiki/Shanghai_Stadium":{"dbpedia":null,"qnode":null,"qnode_id":"Q739528"},"http://en.wikipedia.org/wiki/Shanghai":{"dbpedia":null,"qnode":null,"qnode_id":"Q8686"},"http://en.wikipedia.org/wiki/Golden_Gala":{"dbpedia":null,"qnode":null,"qnode_id":"Q225463"},"http://en.wikipedia.org/wiki/Stadio_Olimpico":{"dbpedia":null,"qnode":null,"qnode_id":"Q159884"},"http://en.wikipedia.org/wiki/Rome":{"dbpedia":null,"qnode":null,"qnode_id":"Q220"},"http://en.wikipedia.org/wiki/Prefontaine_Classic":{"dbpedia":null,"qnode":null,"qnode_id":"Q679614"},"http://en.wikipedia.org/wiki/Hayward_Field":{"dbpedia":null,"qnode":null,"qnode_id":"Q1568417"},"http://en.wikipedia.org/wiki/Eugene,_Oregon":{"dbpedia":null,"qnode":null,"qnode_id":"Q171224"},"http://en.wikipedia.org/wiki/2019_Prefontaine_Classic":{"dbpedia":null,"qnode":null,"qnode_id":"Q65015197"},"http://en.wikipedia.org/wiki/Athletissima":{"dbpedia":null,"qnode":null,"qnode_id":"Q665517"},"http://en.wikipedia.org/wiki/Stade_Olympique_de_la_Pontaise":{"dbpedia":null,"qnode":null,"qnode_id":"Q668606"},"http://en.wikipedia.org/wiki/Lausanne":{"dbpedia":null,"qnode":null,"qnode_id":"Q807"},"http://en.wikipedia.org/wiki/Herculis":{"dbpedia":null,"qnode":null,"qnode_id":"Q1250640"},"http://en.wikipedia.org/wiki/Stade_Louis_II":{"dbpedia":null,"qnode":null,"qnode_id":"Q318851"},"http://en.wikipedia.org/wiki/Fontvieille,_Monaco":{"dbpedia":null,"qnode":null,"qnode_id":"Q55098"},"http://en.wikipedia.org/wiki/London_Grand_Prix":{"dbpedia":null,"qnode":null,"qnode_id":"Q791183"},"http://en.wikipedia.org/wiki/London_Stadium":{"dbpedia":null,"qnode":null,"qnode_id":"Q172190"},"http://en.wikipedia.org/wiki/London":{"dbpedia":null,"qnode":null,"qnode_id":"Q84"},"http://en.wikipedia.org/wiki/British_Grand_Prix_(athletics)":{"dbpedia":null,"qnode":null,"qnode_id":"Q746741"},"http://en.wikipedia.org/wiki/Alexander_Stadium":{"dbpedia":null,"qnode":null,"qnode_id":"Q2833210"},"http://en.wikipedia.org/wiki/Birmingham":{"dbpedia":null,"qnode":null,"qnode_id":"Q2256"},"http://en.wikipedia.org/wiki/Meeting_de_Paris":{"dbpedia":null,"qnode":null,"qnode_id":"Q983696"},"http://en.wikipedia.org/wiki/Stade_S%C3%A9bastien_Charl%C3%A9ty":{"dbpedia":null,"qnode":null,"qnode_id":"Q541391"},"http://en.wikipedia.org/wiki/Paris":{"dbpedia":null,"qnode":null,"qnode_id":"Q90"},"http://en.wikipedia.org/wiki/2018_Meeting_de_Paris":{"dbpedia":null,"qnode":null,"qnode_id":"Q55215225"},"http://en.wikipedia.org/wiki/2019_Meeting_de_Paris":{"dbpedia":null,"qnode":null,"qnode_id":"Q65128426"},"http://en.wikipedia.org/wiki/Weltklasse_Z%C3%BCrich":{"dbpedia":null,"qnode":null,"qnode_id":"Q661729"},"http://en.wikipedia.org/wiki/Letzigrund":{"dbpedia":null,"qnode":null,"qnode_id":"Q207623"},"http://en.wikipedia.org/wiki/Z%C3%BCrich":{"dbpedia":null,"qnode":null,"qnode_id":"Q72"},"http://en.wikipedia.org/wiki/Memorial_Van_Damme":{"dbpedia":null,"qnode":null,"qnode_id":"Q1426540"},"http://en.wikipedia.org/wiki/King_Baudouin_Stadium":{"dbpedia":null,"qnode":null,"qnode_id":"Q622671"},"http://en.wikipedia.org/wiki/Brussels":{"dbpedia":null,"qnode":null,"qnode_id":"Q240"},"http://en.wikipedia.org/wiki/BAUHAUS-galan":{"dbpedia":null,"qnode":null,"qnode_id":"Q1154703"},"http://en.wikipedia.org/wiki/Stockholm_Olympic_Stadium":{"dbpedia":null,"qnode":null,"qnode_id":"Q727078"},"http://en.wikipedia.org/wiki/Stockholm":{"dbpedia":null,"qnode":null,"qnode_id":"Q1754"},"http://en.wikipedia.org/wiki/Adidas_Grand_Prix":{"dbpedia":null,"qnode":null,"qnode_id":"Q240958"},"http://en.wikipedia.org/wiki/Icahn_Stadium":{"dbpedia":null,"qnode":null,"qnode_id":"Q2420704"},"http://en.wikipedia.org/wiki/New_York_City":{"dbpedia":null,"qnode":null,"qnode_id":"Q60"},"http://en.wikipedia.org/wiki/Meeting_International_Mohammed_VI_d%27Athl%C3%A9tisme_de_Rabat":{"dbpedia":null,"qnode":null,"qnode_id":"Q246143"},"http://en.wikipedia.org/wiki/Prince_Moulay_Abdellah_Stadium":{"dbpedia":null,"qnode":null,"qnode_id":"Q1858169"},"http://en.wikipedia.org/wiki/Rabat":{"dbpedia":null,"qnode":null,"qnode_id":"Q3551"},"https://en.wikipedia.org/wiki/Diamond_League":{"dbpedia":null,"qnode":null,"qnode_id":"Q301839"}}}