{"id":"ISSF_World_Shooting_Championships","pageURI":"http://dbpedia.org/resource/ISSF_World_Shooting_Championships?dbpv=2020-02&nif=context","rows":[{"cells":[{"value":"!#","html":"<th>!#</th>","links":[],"attrs":{},"is_header":true,"rowspan":1,"colspan":1,"original_rowspan":1,"original_colspan":1},{"value":"Name","html":"<th>Name</th>","links":[],"attrs":{},"is_header":true,"rowspan":1,"colspan":1,"original_rowspan":1,"original_colspan":1},{"value":"Nation","html":"<th>Nation</th>","links":[],"attrs":{},"is_header":true,"rowspan":1,"colspan":1,"original_rowspan":1,"original_colspan":1},{"value":"Years","html":"<th>Years</th>","links":[],"attrs":{},"is_header":true,"rowspan":1,"colspan":1,"original_rowspan":1,"original_colspan":1},{"value":"","html":"<th></th>","links":[],"attrs":{},"is_header":true,"rowspan":1,"colspan":1,"original_rowspan":1,"original_colspan":1},{"value":"","html":"<th></th>","links":[],"attrs":{},"is_header":true,"rowspan":1,"colspan":1,"original_rowspan":1,"original_colspan":1},{"value":"","html":"<th></th>","links":[],"attrs":{},"is_header":true,"rowspan":1,"colspan":1,"original_rowspan":1,"original_colspan":1},{"value":"Total","html":"<th>Total</th>","links":[],"attrs":{},"is_header":true,"rowspan":1,"colspan":1,"original_rowspan":1,"original_colspan":1},{"value":"Discipline","html":"<th>Discipline</th>","links":[],"attrs":{},"is_header":true,"rowspan":1,"colspan":1,"original_rowspan":1,"original_colspan":1}],"attrs":{}},{"cells":[{"value":"1","html":"<td>1</td>","links":[],"attrs":{},"is_header":false,"rowspan":1,"colspan":1,"original_rowspan":1,"original_colspan":1},{"value":"Konrad Staeheli","html":"<td align=\"left\"><a class=\"mw-redirect\" href=\"/wiki/Konrad_Staeheli\" title=\"Konrad Staeheli\">Konrad Staeheli</a></td>","links":[{"href":"/wiki/Konrad_Staeheli","start":0,"end":15,"is_selflink":false}],"attrs":{"align":"left"},"is_header":false,"rowspan":1,"colspan":1,"original_rowspan":1,"original_colspan":1},{"value":" Switzerland","html":"<td align=\"left\"><span class=\"flagicon\"><img alt=\"\" class=\"thumbborder\" data-file-height=\"512\" data-file-width=\"512\" decoding=\"async\" height=\"16\" src=\"//upload.wikimedia.org/wikipedia/commons/thumb/f/f3/Flag_of_Switzerland.svg/16px-Flag_of_Switzerland.svg.png\" srcset=\"//upload.wikimedia.org/wikipedia/commons/thumb/f/f3/Flag_of_Switzerland.svg/24px-Flag_of_Switzerland.svg.png 1.5x, //upload.wikimedia.org/wikipedia/commons/thumb/f/f3/Flag_of_Switzerland.svg/32px-Flag_of_Switzerland.svg.png 2x\" width=\"16\"/>  </span><a href=\"/wiki/Switzerland\" title=\"Switzerland\">Switzerland</a></td>","links":[{"href":"/wiki/Switzerland","start":1,"end":12,"is_selflink":false}],"attrs":{"align":"left"},"is_header":false,"rowspan":1,"colspan":1,"original_rowspan":1,"original_colspan":1},{"value":"1898-1914","html":"<td>1898-1914</td>","links":[],"attrs":{},"is_header":false,"rowspan":1,"colspan":1,"original_rowspan":1,"original_colspan":1},{"value":"41","html":"<td>41</td>","links":[],"attrs":{},"is_header":false,"rowspan":1,"colspan":1,"original_rowspan":1,"original_colspan":1},{"value":"17","html":"<td>17</td>","links":[],"attrs":{},"is_header":false,"rowspan":1,"colspan":1,"original_rowspan":1,"original_colspan":1},{"value":"11","html":"<td>11</td>","links":[],"attrs":{},"is_header":false,"rowspan":1,"colspan":1,"original_rowspan":1,"original_colspan":1},{"value":"69","html":"<td>69</td>","links":[],"attrs":{},"is_header":false,"rowspan":1,"colspan":1,"original_rowspan":1,"original_colspan":1},{"value":"Pistol/Rifle","html":"<td align=\"left\">Pistol/Rifle</td>","links":[],"attrs":{"align":"left"},"is_header":false,"rowspan":1,"colspan":1,"original_rowspan":1,"original_colspan":1}],"attrs":{}},{"cells":[{"value":"2","html":"<td>2</td>","links":[],"attrs":{},"is_header":false,"rowspan":1,"colspan":1,"original_rowspan":1,"original_colspan":1},{"value":"Karl Zimmermann","html":"<td align=\"left\"><a class=\"mw-redirect\" href=\"/wiki/Karl_Zimmerman_(shooter)\" title=\"Karl Zimmerman (shooter)\">Karl Zimmermann</a></td>","links":[{"href":"/wiki/Karl_Zimmerman_(shooter)","start":0,"end":15,"is_selflink":false}],"attrs":{"align":"left"},"is_header":false,"rowspan":1,"colspan":1,"original_rowspan":1,"original_colspan":1},{"value":" Switzerland","html":"<td align=\"left\"><span class=\"flagicon\"><img alt=\"\" class=\"thumbborder\" data-file-height=\"512\" data-file-width=\"512\" decoding=\"async\" height=\"16\" src=\"//upload.wikimedia.org/wikipedia/commons/thumb/f/f3/Flag_of_Switzerland.svg/16px-Flag_of_Switzerland.svg.png\" srcset=\"//upload.wikimedia.org/wikipedia/commons/thumb/f/f3/Flag_of_Switzerland.svg/24px-Flag_of_Switzerland.svg.png 1.5x, //upload.wikimedia.org/wikipedia/commons/thumb/f/f3/Flag_of_Switzerland.svg/32px-Flag_of_Switzerland.svg.png 2x\" width=\"16\"/>  </span><a href=\"/wiki/Switzerland\" title=\"Switzerland\">Switzerland</a></td>","links":[{"href":"/wiki/Switzerland","start":1,"end":12,"is_selflink":false}],"attrs":{"align":"left"},"is_header":false,"rowspan":1,"colspan":1,"original_rowspan":1,"original_colspan":1},{"value":"1921-1947","html":"<td>1921-1947</td>","links":[],"attrs":{},"is_header":false,"rowspan":1,"colspan":1,"original_rowspan":1,"original_colspan":1},{"value":"30","html":"<td>30</td>","links":[],"attrs":{},"is_header":false,"rowspan":1,"colspan":1,"original_rowspan":1,"original_colspan":1},{"value":"17","html":"<td>17</td>","links":[],"attrs":{},"is_header":false,"rowspan":1,"colspan":1,"original_rowspan":1,"original_colspan":1},{"value":"20","html":"<td>20</td>","links":[],"attrs":{},"is_header":false,"rowspan":1,"colspan":1,"original_rowspan":1,"original_colspan":1},{"value":"67","html":"<td>67</td>","links":[],"attrs":{},"is_header":false,"rowspan":1,"colspan":1,"original_rowspan":1,"original_colspan":1},{"value":"Rifle","html":"<td align=\"left\">Rifle</td>","links":[],"attrs":{"align":"left"},"is_header":false,"rowspan":1,"colspan":1,"original_rowspan":1,"original_colspan":1}],"attrs":{}},{"cells":[{"value":"3","html":"<td>3</td>","links":[],"attrs":{},"is_header":false,"rowspan":1,"colspan":1,"original_rowspan":1,"original_colspan":1},{"value":"Lones Wigger","html":"<td align=\"left\"><a href=\"/wiki/Lones_Wigger\" title=\"Lones Wigger\">Lones Wigger</a></td>","links":[{"href":"/wiki/Lones_Wigger","start":0,"end":12,"is_selflink":false}],"attrs":{"align":"left"},"is_header":false,"rowspan":1,"colspan":1,"original_rowspan":1,"original_colspan":1},{"value":" United States","html":"<td align=\"left\"><span class=\"flagicon\"><img alt=\"\" class=\"thumbborder\" data-file-height=\"650\" data-file-width=\"1235\" decoding=\"async\" height=\"12\" src=\"//upload.wikimedia.org/wikipedia/en/thumb/a/a4/Flag_of_the_United_States.svg/23px-Flag_of_the_United_States.svg.png\" srcset=\"//upload.wikimedia.org/wikipedia/en/thumb/a/a4/Flag_of_the_United_States.svg/35px-Flag_of_the_United_States.svg.png 1.5x, //upload.wikimedia.org/wikipedia/en/thumb/a/a4/Flag_of_the_United_States.svg/46px-Flag_of_the_United_States.svg.png 2x\" width=\"23\"/> </span><a href=\"/wiki/United_States\" title=\"United States\">United States</a></td>","links":[{"href":"/wiki/United_States","start":1,"end":14,"is_selflink":false}],"attrs":{"align":"left"},"is_header":false,"rowspan":1,"colspan":1,"original_rowspan":1,"original_colspan":1},{"value":"1966-1986","html":"<td>1966-1986</td>","links":[],"attrs":{},"is_header":false,"rowspan":1,"colspan":1,"original_rowspan":1,"original_colspan":1},{"value":"22","html":"<td>22</td>","links":[],"attrs":{},"is_header":false,"rowspan":1,"colspan":1,"original_rowspan":1,"original_colspan":1},{"value":"22","html":"<td>22</td>","links":[],"attrs":{},"is_header":false,"rowspan":1,"colspan":1,"original_rowspan":1,"original_colspan":1},{"value":"7","html":"<td>7</td>","links":[],"attrs":{},"is_header":false,"rowspan":1,"colspan":1,"original_rowspan":1,"original_colspan":1},{"value":"51","html":"<td>51</td>","links":[],"attrs":{},"is_header":false,"rowspan":1,"colspan":1,"original_rowspan":1,"original_colspan":1},{"value":"Rifle","html":"<td align=\"left\">Rifle</td>","links":[],"attrs":{"align":"left"},"is_header":false,"rowspan":1,"colspan":1,"original_rowspan":1,"original_colspan":1}],"attrs":{}},{"cells":[{"value":"4","html":"<td>4</td>","links":[],"attrs":{},"is_header":false,"rowspan":1,"colspan":1,"original_rowspan":1,"original_colspan":1},{"value":"Kullervo Leskinen","html":"<td align=\"left\"><a href=\"/wiki/Kullervo_Leskinen\" title=\"Kullervo Leskinen\">Kullervo Leskinen</a></td>","links":[{"href":"/wiki/Kullervo_Leskinen","start":0,"end":17,"is_selflink":false}],"attrs":{"align":"left"},"is_header":false,"rowspan":1,"colspan":1,"original_rowspan":1,"original_colspan":1},{"value":" Finland","html":"<td align=\"left\"><span class=\"flagicon\"><img alt=\"\" class=\"thumbborder\" data-file-height=\"1100\" data-file-width=\"1800\" decoding=\"async\" height=\"14\" src=\"//upload.wikimedia.org/wikipedia/commons/thumb/b/bc/Flag_of_Finland.svg/23px-Flag_of_Finland.svg.png\" srcset=\"//upload.wikimedia.org/wikipedia/commons/thumb/b/bc/Flag_of_Finland.svg/35px-Flag_of_Finland.svg.png 1.5x, //upload.wikimedia.org/wikipedia/commons/thumb/b/bc/Flag_of_Finland.svg/46px-Flag_of_Finland.svg.png 2x\" width=\"23\"/> </span><a href=\"/wiki/Finland\" title=\"Finland\">Finland</a></td>","links":[{"href":"/wiki/Finland","start":1,"end":8,"is_selflink":false}],"attrs":{"align":"left"},"is_header":false,"rowspan":1,"colspan":1,"original_rowspan":1,"original_colspan":1},{"value":"1930-1952","html":"<td>1930-1952</td>","links":[],"attrs":{},"is_header":false,"rowspan":1,"colspan":1,"original_rowspan":1,"original_colspan":1},{"value":"15","html":"<td>15</td>","links":[],"attrs":{},"is_header":false,"rowspan":1,"colspan":1,"original_rowspan":1,"original_colspan":1},{"value":"19","html":"<td>19</td>","links":[],"attrs":{},"is_header":false,"rowspan":1,"colspan":1,"original_rowspan":1,"original_colspan":1},{"value":"11","html":"<td>11</td>","links":[],"attrs":{},"is_header":false,"rowspan":1,"colspan":1,"original_rowspan":1,"original_colspan":1},{"value":"45","html":"<td>45</td>","links":[],"attrs":{},"is_header":false,"rowspan":1,"colspan":1,"original_rowspan":1,"original_colspan":1},{"value":"Rifle","html":"<td align=\"left\">Rifle</td>","links":[],"attrs":{"align":"left"},"is_header":false,"rowspan":1,"colspan":1,"original_rowspan":1,"original_colspan":1}],"attrs":{}},{"cells":[{"value":"5","html":"<td>5</td>","links":[],"attrs":{},"is_header":false,"rowspan":1,"colspan":1,"original_rowspan":1,"original_colspan":1},{"value":"Josias Hartmann","html":"<td align=\"left\"><a href=\"/wiki/Josias_Hartmann\" title=\"Josias Hartmann\">Josias Hartmann</a></td>","links":[{"href":"/wiki/Josias_Hartmann","start":0,"end":15,"is_selflink":false}],"attrs":{"align":"left"},"is_header":false,"rowspan":1,"colspan":1,"original_rowspan":1,"original_colspan":1},{"value":" Switzerland","html":"<td align=\"left\"><span class=\"flagicon\"><img alt=\"\" class=\"thumbborder\" data-file-height=\"512\" data-file-width=\"512\" decoding=\"async\" height=\"16\" src=\"//upload.wikimedia.org/wikipedia/commons/thumb/f/f3/Flag_of_Switzerland.svg/16px-Flag_of_Switzerland.svg.png\" srcset=\"//upload.wikimedia.org/wikipedia/commons/thumb/f/f3/Flag_of_Switzerland.svg/24px-Flag_of_Switzerland.svg.png 1.5x, //upload.wikimedia.org/wikipedia/commons/thumb/f/f3/Flag_of_Switzerland.svg/32px-Flag_of_Switzerland.svg.png 2x\" width=\"16\"/>  </span><a href=\"/wiki/Switzerland\" title=\"Switzerland\">Switzerland</a></td>","links":[{"href":"/wiki/Switzerland","start":1,"end":12,"is_selflink":false}],"attrs":{"align":"left"},"is_header":false,"rowspan":1,"colspan":1,"original_rowspan":1,"original_colspan":1},{"value":"1921-1939","html":"<td>1921-1939</td>","links":[],"attrs":{},"is_header":false,"rowspan":1,"colspan":1,"original_rowspan":1,"original_colspan":1},{"value":"15","html":"<td>15</td>","links":[],"attrs":{},"is_header":false,"rowspan":1,"colspan":1,"original_rowspan":1,"original_colspan":1},{"value":"12","html":"<td>12</td>","links":[],"attrs":{},"is_header":false,"rowspan":1,"colspan":1,"original_rowspan":1,"original_colspan":1},{"value":"11","html":"<td>11</td>","links":[],"attrs":{},"is_header":false,"rowspan":1,"colspan":1,"original_rowspan":1,"original_colspan":1},{"value":"38","html":"<td>38</td>","links":[],"attrs":{},"is_header":false,"rowspan":1,"colspan":1,"original_rowspan":1,"original_colspan":1},{"value":"Rifle","html":"<td align=\"left\">Rifle</td>","links":[],"attrs":{"align":"left"},"is_header":false,"rowspan":1,"colspan":1,"original_rowspan":1,"original_colspan":1}],"attrs":{}},{"cells":[{"value":"6","html":"<td>6</td>","links":[],"attrs":{},"is_header":false,"rowspan":1,"colspan":1,"original_rowspan":1,"original_colspan":1},{"value":"Wilhelm Schnyder","html":"<td align=\"left\"><a class=\"new\" href=\"/w/index.php?title=Wilhelm_Schnyder&amp;action=edit&amp;redlink=1\" title=\"Wilhelm Schnyder (page does not exist)\">Wilhelm Schnyder</a></td>","links":[{"href":"/w/index.php?title=Wilhelm_Schnyder&action=edit&redlink=1","start":0,"end":16,"is_selflink":false}],"attrs":{"align":"left"},"is_header":false,"rowspan":1,"colspan":1,"original_rowspan":1,"original_colspan":1},{"value":" Switzerland","html":"<td align=\"left\"><span class=\"flagicon\"><img alt=\"\" class=\"thumbborder\" data-file-height=\"512\" data-file-width=\"512\" decoding=\"async\" height=\"16\" src=\"//upload.wikimedia.org/wikipedia/commons/thumb/f/f3/Flag_of_Switzerland.svg/16px-Flag_of_Switzerland.svg.png\" srcset=\"//upload.wikimedia.org/wikipedia/commons/thumb/f/f3/Flag_of_Switzerland.svg/24px-Flag_of_Switzerland.svg.png 1.5x, //upload.wikimedia.org/wikipedia/commons/thumb/f/f3/Flag_of_Switzerland.svg/32px-Flag_of_Switzerland.svg.png 2x\" width=\"16\"/>  </span><a href=\"/wiki/Switzerland\" title=\"Switzerland\">Switzerland</a></td>","links":[{"href":"/wiki/Switzerland","start":1,"end":12,"is_selflink":false}],"attrs":{"align":"left"},"is_header":false,"rowspan":1,"colspan":1,"original_rowspan":1,"original_colspan":1},{"value":"1922-1933","html":"<td>1922-1933</td>","links":[],"attrs":{},"is_header":false,"rowspan":1,"colspan":1,"original_rowspan":1,"original_colspan":1},{"value":"14","html":"<td>14</td>","links":[],"attrs":{},"is_header":false,"rowspan":1,"colspan":1,"original_rowspan":1,"original_colspan":1},{"value":"2","html":"<td>2</td>","links":[],"attrs":{},"is_header":false,"rowspan":1,"colspan":1,"original_rowspan":1,"original_colspan":1},{"value":"3","html":"<td>3</td>","links":[],"attrs":{},"is_header":false,"rowspan":1,"colspan":1,"original_rowspan":1,"original_colspan":1},{"value":"19","html":"<td>19</td>","links":[],"attrs":{},"is_header":false,"rowspan":1,"colspan":1,"original_rowspan":1,"original_colspan":1},{"value":"Pistol/Rifle","html":"<td align=\"left\">Pistol/Rifle</td>","links":[],"attrs":{"align":"left"},"is_header":false,"rowspan":1,"colspan":1,"original_rowspan":1,"original_colspan":1}],"attrs":{}},{"cells":[{"value":"7","html":"<td>7</td>","links":[],"attrs":{},"is_header":false,"rowspan":1,"colspan":1,"original_rowspan":1,"original_colspan":1},{"value":"John Robert Foster","html":"<td align=\"left\"><a class=\"new\" href=\"/w/index.php?title=John_Robert_Foster&amp;action=edit&amp;redlink=1\" title=\"John Robert Foster (page does not exist)\">John Robert Foster</a></td>","links":[{"href":"/w/index.php?title=John_Robert_Foster&action=edit&redlink=1","start":0,"end":18,"is_selflink":false}],"attrs":{"align":"left"},"is_header":false,"rowspan":1,"colspan":1,"original_rowspan":1,"original_colspan":1},{"value":" United States","html":"<td align=\"left\"><span class=\"flagicon\"><img alt=\"\" class=\"thumbborder\" data-file-height=\"650\" data-file-width=\"1235\" decoding=\"async\" height=\"12\" src=\"//upload.wikimedia.org/wikipedia/en/thumb/a/a4/Flag_of_the_United_States.svg/23px-Flag_of_the_United_States.svg.png\" srcset=\"//upload.wikimedia.org/wikipedia/en/thumb/a/a4/Flag_of_the_United_States.svg/35px-Flag_of_the_United_States.svg.png 1.5x, //upload.wikimedia.org/wikipedia/en/thumb/a/a4/Flag_of_the_United_States.svg/46px-Flag_of_the_United_States.svg.png 2x\" width=\"23\"/> </span><a href=\"/wiki/United_States\" title=\"United States\">United States</a></td>","links":[{"href":"/wiki/United_States","start":1,"end":14,"is_selflink":false}],"attrs":{"align":"left"},"is_header":false,"rowspan":1,"colspan":1,"original_rowspan":1,"original_colspan":1},{"value":"1961-1974","html":"<td>1961-1974</td>","links":[],"attrs":{},"is_header":false,"rowspan":1,"colspan":1,"original_rowspan":1,"original_colspan":1},{"value":"13","html":"<td>13</td>","links":[],"attrs":{},"is_header":false,"rowspan":1,"colspan":1,"original_rowspan":1,"original_colspan":1},{"value":"15","html":"<td>15</td>","links":[],"attrs":{},"is_header":false,"rowspan":1,"colspan":1,"original_rowspan":1,"original_colspan":1},{"value":"2","html":"<td>2</td>","links":[],"attrs":{},"is_header":false,"rowspan":1,"colspan":1,"original_rowspan":1,"original_colspan":1},{"value":"30","html":"<td>30</td>","links":[],"attrs":{},"is_header":false,"rowspan":1,"colspan":1,"original_rowspan":1,"original_colspan":1},{"value":"Rifle/ Running Deer","html":"<td align=\"left\">Rifle/<a class=\"mw-redirect\" href=\"/wiki/100_metre_running_deer\" title=\"100 metre running deer\">Running Deer</a></td>","links":[{"href":"/wiki/100_metre_running_deer","start":7,"end":19,"is_selflink":false}],"attrs":{"align":"left"},"is_header":false,"rowspan":1,"colspan":1,"original_rowspan":1,"original_colspan":1}],"attrs":{}},{"cells":[{"value":"8","html":"<td>8</td>","links":[],"attrs":{},"is_header":false,"rowspan":1,"colspan":1,"original_rowspan":1,"original_colspan":1},{"value":"Paul Van Asbroeck","html":"<td align=\"left\"><a href=\"/wiki/Paul_Van_Asbroeck\" title=\"Paul Van Asbroeck\">Paul Van Asbroeck</a></td>","links":[{"href":"/wiki/Paul_Van_Asbroeck","start":0,"end":17,"is_selflink":false}],"attrs":{"align":"left"},"is_header":false,"rowspan":1,"colspan":1,"original_rowspan":1,"original_colspan":1},{"value":" Belgium","html":"<td align=\"left\"><span class=\"flagicon\"><img alt=\"\" class=\"thumbborder\" data-file-height=\"600\" data-file-width=\"900\" decoding=\"async\" height=\"15\" src=\"//upload.wikimedia.org/wikipedia/commons/thumb/9/92/Flag_of_Belgium_%28civil%29.svg/23px-Flag_of_Belgium_%28civil%29.svg.png\" srcset=\"//upload.wikimedia.org/wikipedia/commons/thumb/9/92/Flag_of_Belgium_%28civil%29.svg/35px-Flag_of_Belgium_%28civil%29.svg.png 1.5x, //upload.wikimedia.org/wikipedia/commons/thumb/9/92/Flag_of_Belgium_%28civil%29.svg/45px-Flag_of_Belgium_%28civil%29.svg.png 2x\" width=\"23\"/> </span><a href=\"/wiki/Belgium\" title=\"Belgium\">Belgium</a></td>","links":[{"href":"/wiki/Belgium","start":1,"end":8,"is_selflink":false}],"attrs":{"align":"left"},"is_header":false,"rowspan":1,"colspan":1,"original_rowspan":1,"original_colspan":1},{"value":"1900-1930","html":"<td>1900-1930</td>","links":[],"attrs":{},"is_header":false,"rowspan":1,"colspan":1,"original_rowspan":1,"original_colspan":1},{"value":"13","html":"<td>13</td>","links":[],"attrs":{},"is_header":false,"rowspan":1,"colspan":1,"original_rowspan":1,"original_colspan":1},{"value":"9","html":"<td>9</td>","links":[],"attrs":{},"is_header":false,"rowspan":1,"colspan":1,"original_rowspan":1,"original_colspan":1},{"value":"13","html":"<td>13</td>","links":[],"attrs":{},"is_header":false,"rowspan":1,"colspan":1,"original_rowspan":1,"original_colspan":1},{"value":"35","html":"<td>35</td>","links":[],"attrs":{},"is_header":false,"rowspan":1,"colspan":1,"original_rowspan":1,"original_colspan":1},{"value":"Pistol/Rifle","html":"<td align=\"left\">Pistol/Rifle</td>","links":[],"attrs":{"align":"left"},"is_header":false,"rowspan":1,"colspan":1,"original_rowspan":1,"original_colspan":1}],"attrs":{}},{"cells":[{"value":"9","html":"<td>9</td>","links":[],"attrs":{},"is_header":false,"rowspan":1,"colspan":1,"original_rowspan":1,"original_colspan":1},{"value":"Emil Kellenberger","html":"<td align=\"left\"><a href=\"/wiki/Emil_Kellenberger\" title=\"Emil Kellenberger\">Emil Kellenberger</a></td>","links":[{"href":"/wiki/Emil_Kellenberger","start":0,"end":17,"is_selflink":false}],"attrs":{"align":"left"},"is_header":false,"rowspan":1,"colspan":1,"original_rowspan":1,"original_colspan":1},{"value":" Switzerland","html":"<td align=\"left\"><span class=\"flagicon\"><img alt=\"\" class=\"thumbborder\" data-file-height=\"512\" data-file-width=\"512\" decoding=\"async\" height=\"16\" src=\"//upload.wikimedia.org/wikipedia/commons/thumb/f/f3/Flag_of_Switzerland.svg/16px-Flag_of_Switzerland.svg.png\" srcset=\"//upload.wikimedia.org/wikipedia/commons/thumb/f/f3/Flag_of_Switzerland.svg/24px-Flag_of_Switzerland.svg.png 1.5x, //upload.wikimedia.org/wikipedia/commons/thumb/f/f3/Flag_of_Switzerland.svg/32px-Flag_of_Switzerland.svg.png 2x\" width=\"16\"/>  </span><a href=\"/wiki/Switzerland\" title=\"Switzerland\">Switzerland</a></td>","links":[{"href":"/wiki/Switzerland","start":1,"end":12,"is_selflink":false}],"attrs":{"align":"left"},"is_header":false,"rowspan":1,"colspan":1,"original_rowspan":1,"original_colspan":1},{"value":"1899-1922","html":"<td>1899-1922</td>","links":[],"attrs":{},"is_header":false,"rowspan":1,"colspan":1,"original_rowspan":1,"original_colspan":1},{"value":"13","html":"<td>13</td>","links":[],"attrs":{},"is_header":false,"rowspan":1,"colspan":1,"original_rowspan":1,"original_colspan":1},{"value":"7","html":"<td>7</td>","links":[],"attrs":{},"is_header":false,"rowspan":1,"colspan":1,"original_rowspan":1,"original_colspan":1},{"value":"0","html":"<td>0</td>","links":[],"attrs":{},"is_header":false,"rowspan":1,"colspan":1,"original_rowspan":1,"original_colspan":1},{"value":"20","html":"<td>20</td>","links":[],"attrs":{},"is_header":false,"rowspan":1,"colspan":1,"original_rowspan":1,"original_colspan":1},{"value":"Rifle","html":"<td align=\"left\">Rifle</td>","links":[],"attrs":{"align":"left"},"is_header":false,"rowspan":1,"colspan":1,"original_rowspan":1,"original_colspan":1}],"attrs":{}},{"cells":[{"value":"10","html":"<td>10</td>","links":[],"attrs":{},"is_header":false,"rowspan":1,"colspan":1,"original_rowspan":1,"original_colspan":1},{"value":"Gennadi Lushikov","html":"<td align=\"left\"><a class=\"new\" href=\"/w/index.php?title=Gennadi_Lushikov&amp;action=edit&amp;redlink=1\" title=\"Gennadi Lushikov (page does not exist)\">Gennadi Lushikov</a></td>","links":[{"href":"/w/index.php?title=Gennadi_Lushikov&action=edit&redlink=1","start":0,"end":16,"is_selflink":false}],"attrs":{"align":"left"},"is_header":false,"rowspan":1,"colspan":1,"original_rowspan":1,"original_colspan":1},{"value":" Soviet Union","html":"<td align=\"left\"><span class=\"flagicon\"><img alt=\"\" class=\"thumbborder\" data-file-height=\"600\" data-file-width=\"1200\" decoding=\"async\" height=\"12\" src=\"//upload.wikimedia.org/wikipedia/commons/thumb/a/a9/Flag_of_the_Soviet_Union.svg/23px-Flag_of_the_Soviet_Union.svg.png\" srcset=\"//upload.wikimedia.org/wikipedia/commons/thumb/a/a9/Flag_of_the_Soviet_Union.svg/35px-Flag_of_the_Soviet_Union.svg.png 1.5x, //upload.wikimedia.org/wikipedia/commons/thumb/a/a9/Flag_of_the_Soviet_Union.svg/46px-Flag_of_the_Soviet_Union.svg.png 2x\" width=\"23\"/> </span><a href=\"/wiki/Soviet_Union\" title=\"Soviet Union\">Soviet Union</a></td>","links":[{"href":"/wiki/Soviet_Union","start":1,"end":13,"is_selflink":false}],"attrs":{"align":"left"},"is_header":false,"rowspan":1,"colspan":1,"original_rowspan":1,"original_colspan":1},{"value":"1974-1990","html":"<td>1974-1990</td>","links":[],"attrs":{},"is_header":false,"rowspan":1,"colspan":1,"original_rowspan":1,"original_colspan":1},{"value":"13","html":"<td>13</td>","links":[],"attrs":{},"is_header":false,"rowspan":1,"colspan":1,"original_rowspan":1,"original_colspan":1},{"value":"6","html":"<td>6</td>","links":[],"attrs":{},"is_header":false,"rowspan":1,"colspan":1,"original_rowspan":1,"original_colspan":1},{"value":"2","html":"<td>2</td>","links":[],"attrs":{},"is_header":false,"rowspan":1,"colspan":1,"original_rowspan":1,"original_colspan":1},{"value":"21","html":"<td>21</td>","links":[],"attrs":{},"is_header":false,"rowspan":1,"colspan":1,"original_rowspan":1,"original_colspan":1},{"value":"Rifle","html":"<td align=\"left\">Rifle</td>","links":[],"attrs":{"align":"left"},"is_header":false,"rowspan":1,"colspan":1,"original_rowspan":1,"original_colspan":1}],"attrs":{}},{"cells":[{"value":"11","html":"<td>11</td>","links":[],"attrs":{},"is_header":false,"rowspan":1,"colspan":1,"original_rowspan":1,"original_colspan":1},{"value":"Lubos Racansky","html":"<td align=\"left\"><a class=\"mw-redirect\" href=\"/wiki/Lubos_Racansky\" title=\"Lubos Racansky\">Lubos Racansky</a></td>","links":[{"href":"/wiki/Lubos_Racansky","start":0,"end":14,"is_selflink":false}],"attrs":{"align":"left"},"is_header":false,"rowspan":1,"colspan":1,"original_rowspan":1,"original_colspan":1},{"value":" Czech Republic","html":"<td align=\"left\"><span class=\"flagicon\"><img alt=\"\" class=\"thumbborder\" data-file-height=\"600\" data-file-width=\"900\" decoding=\"async\" height=\"15\" src=\"//upload.wikimedia.org/wikipedia/commons/thumb/c/cb/Flag_of_the_Czech_Republic.svg/23px-Flag_of_the_Czech_Republic.svg.png\" srcset=\"//upload.wikimedia.org/wikipedia/commons/thumb/c/cb/Flag_of_the_Czech_Republic.svg/35px-Flag_of_the_Czech_Republic.svg.png 1.5x, //upload.wikimedia.org/wikipedia/commons/thumb/c/cb/Flag_of_the_Czech_Republic.svg/45px-Flag_of_the_Czech_Republic.svg.png 2x\" width=\"23\"/> </span><a href=\"/wiki/Czech_Republic\" title=\"Czech Republic\">Czech Republic</a></td>","links":[{"href":"/wiki/Czech_Republic","start":1,"end":15,"is_selflink":false}],"attrs":{"align":"left"},"is_header":false,"rowspan":1,"colspan":1,"original_rowspan":1,"original_colspan":1},{"value":"1986-2008","html":"<td>1986-2008</td>","links":[],"attrs":{},"is_header":false,"rowspan":1,"colspan":1,"original_rowspan":1,"original_colspan":1},{"value":"13","html":"<td>13</td>","links":[],"attrs":{},"is_header":false,"rowspan":1,"colspan":1,"original_rowspan":1,"original_colspan":1},{"value":"5","html":"<td>5</td>","links":[],"attrs":{},"is_header":false,"rowspan":1,"colspan":1,"original_rowspan":1,"original_colspan":1},{"value":"1","html":"<td>1</td>","links":[],"attrs":{},"is_header":false,"rowspan":1,"colspan":1,"original_rowspan":1,"original_colspan":1},{"value":"19","html":"<td>19</td>","links":[],"attrs":{},"is_header":false,"rowspan":1,"colspan":1,"original_rowspan":1,"original_colspan":1},{"value":"Running Target","html":"<td align=\"left\">Running Target</td>","links":[],"attrs":{"align":"left"},"is_header":false,"rowspan":1,"colspan":1,"original_rowspan":1,"original_colspan":1}],"attrs":{}},{"cells":[{"value":"12","html":"<td>12</td>","links":[],"attrs":{},"is_header":false,"rowspan":1,"colspan":1,"original_rowspan":1,"original_colspan":1},{"value":"Louis Richardet","html":"<td align=\"left\"><a href=\"/wiki/Louis_Richardet\" title=\"Louis Richardet\">Louis Richardet</a></td>","links":[{"href":"/wiki/Louis_Richardet","start":0,"end":15,"is_selflink":false}],"attrs":{"align":"left"},"is_header":false,"rowspan":1,"colspan":1,"original_rowspan":1,"original_colspan":1},{"value":" Switzerland","html":"<td align=\"left\"><span class=\"flagicon\"><img alt=\"\" class=\"thumbborder\" data-file-height=\"512\" data-file-width=\"512\" decoding=\"async\" height=\"16\" src=\"//upload.wikimedia.org/wikipedia/commons/thumb/f/f3/Flag_of_Switzerland.svg/16px-Flag_of_Switzerland.svg.png\" srcset=\"//upload.wikimedia.org/wikipedia/commons/thumb/f/f3/Flag_of_Switzerland.svg/24px-Flag_of_Switzerland.svg.png 1.5x, //upload.wikimedia.org/wikipedia/commons/thumb/f/f3/Flag_of_Switzerland.svg/32px-Flag_of_Switzerland.svg.png 2x\" width=\"16\"/>  </span><a href=\"/wiki/Switzerland\" title=\"Switzerland\">Switzerland</a></td>","links":[{"href":"/wiki/Switzerland","start":1,"end":12,"is_selflink":false}],"attrs":{"align":"left"},"is_header":false,"rowspan":1,"colspan":1,"original_rowspan":1,"original_colspan":1},{"value":"1897-1909","html":"<td>1897-1909</td>","links":[],"attrs":{},"is_header":false,"rowspan":1,"colspan":1,"original_rowspan":1,"original_colspan":1},{"value":"13","html":"<td>13</td>","links":[],"attrs":{},"is_header":false,"rowspan":1,"colspan":1,"original_rowspan":1,"original_colspan":1},{"value":"4","html":"<td>4</td>","links":[],"attrs":{},"is_header":false,"rowspan":1,"colspan":1,"original_rowspan":1,"original_colspan":1},{"value":"5","html":"<td>5</td>","links":[],"attrs":{},"is_header":false,"rowspan":1,"colspan":1,"original_rowspan":1,"original_colspan":1},{"value":"22","html":"<td>22</td>","links":[],"attrs":{},"is_header":false,"rowspan":1,"colspan":1,"original_rowspan":1,"original_colspan":1},{"value":"Pistol/Rifle","html":"<td align=\"left\">Pistol/Rifle</td>","links":[],"attrs":{"align":"left"},"is_header":false,"rowspan":1,"colspan":1,"original_rowspan":1,"original_colspan":1}],"attrs":{}},{"cells":[{"value":"13","html":"<td>13</td>","links":[],"attrs":{},"is_header":false,"rowspan":1,"colspan":1,"original_rowspan":1,"original_colspan":1},{"value":"Moysey Itkis","html":"<td align=\"left\"><a class=\"new\" href=\"/w/index.php?title=Moysey_Itkis&amp;action=edit&amp;redlink=1\" title=\"Moysey Itkis (page does not exist)\">Moysey Itkis</a></td>","links":[{"href":"/w/index.php?title=Moysey_Itkis&action=edit&redlink=1","start":0,"end":12,"is_selflink":false}],"attrs":{"align":"left"},"is_header":false,"rowspan":1,"colspan":1,"original_rowspan":1,"original_colspan":1},{"value":" Soviet Union","html":"<td align=\"left\"><span class=\"flagicon\"><img alt=\"\" class=\"thumbborder\" data-file-height=\"600\" data-file-width=\"1200\" decoding=\"async\" height=\"12\" src=\"//upload.wikimedia.org/wikipedia/commons/thumb/a/a9/Flag_of_the_Soviet_Union.svg/23px-Flag_of_the_Soviet_Union.svg.png\" srcset=\"//upload.wikimedia.org/wikipedia/commons/thumb/a/a9/Flag_of_the_Soviet_Union.svg/35px-Flag_of_the_Soviet_Union.svg.png 1.5x, //upload.wikimedia.org/wikipedia/commons/thumb/a/a9/Flag_of_the_Soviet_Union.svg/46px-Flag_of_the_Soviet_Union.svg.png 2x\" width=\"23\"/> </span><a href=\"/wiki/Soviet_Union\" title=\"Soviet Union\">Soviet Union</a></td>","links":[{"href":"/wiki/Soviet_Union","start":1,"end":13,"is_selflink":false}],"attrs":{"align":"left"},"is_header":false,"rowspan":1,"colspan":1,"original_rowspan":1,"original_colspan":1},{"value":"1954-1962","html":"<td>1954-1962</td>","links":[],"attrs":{},"is_header":false,"rowspan":1,"colspan":1,"original_rowspan":1,"original_colspan":1},{"value":"13","html":"<td>13</td>","links":[],"attrs":{},"is_header":false,"rowspan":1,"colspan":1,"original_rowspan":1,"original_colspan":1},{"value":"1","html":"<td>1</td>","links":[],"attrs":{},"is_header":false,"rowspan":1,"colspan":1,"original_rowspan":1,"original_colspan":1},{"value":"5","html":"<td>5</td>","links":[],"attrs":{},"is_header":false,"rowspan":1,"colspan":1,"original_rowspan":1,"original_colspan":1},{"value":"19","html":"<td>19</td>","links":[],"attrs":{},"is_header":false,"rowspan":1,"colspan":1,"original_rowspan":1,"original_colspan":1},{"value":"Rifle","html":"<td align=\"left\">Rifle</td>","links":[],"attrs":{"align":"left"},"is_header":false,"rowspan":1,"colspan":1,"original_rowspan":1,"original_colspan":1}],"attrs":{}},{"cells":[{"value":"14","html":"<td>14</td>","links":[],"attrs":{},"is_header":false,"rowspan":1,"colspan":1,"original_rowspan":1,"original_colspan":1},{"value":"Walter Lienhard","html":"<td align=\"left\"><a href=\"/wiki/Walter_Lienhard\" title=\"Walter Lienhard\">Walter Lienhard</a></td>","links":[{"href":"/wiki/Walter_Lienhard","start":0,"end":15,"is_selflink":false}],"attrs":{"align":"left"},"is_header":false,"rowspan":1,"colspan":1,"original_rowspan":1,"original_colspan":1},{"value":" Switzerland","html":"<td align=\"left\"><span class=\"flagicon\"><img alt=\"\" class=\"thumbborder\" data-file-height=\"512\" data-file-width=\"512\" decoding=\"async\" height=\"16\" src=\"//upload.wikimedia.org/wikipedia/commons/thumb/f/f3/Flag_of_Switzerland.svg/16px-Flag_of_Switzerland.svg.png\" srcset=\"//upload.wikimedia.org/wikipedia/commons/thumb/f/f3/Flag_of_Switzerland.svg/24px-Flag_of_Switzerland.svg.png 1.5x, //upload.wikimedia.org/wikipedia/commons/thumb/f/f3/Flag_of_Switzerland.svg/32px-Flag_of_Switzerland.svg.png 2x\" width=\"16\"/>  </span><a href=\"/wiki/Switzerland\" title=\"Switzerland\">Switzerland</a></td>","links":[{"href":"/wiki/Switzerland","start":1,"end":12,"is_selflink":false}],"attrs":{"align":"left"},"is_header":false,"rowspan":1,"colspan":1,"original_rowspan":1,"original_colspan":1},{"value":"1922-1939","html":"<td>1922-1939</td>","links":[],"attrs":{},"is_header":false,"rowspan":1,"colspan":1,"original_rowspan":1,"original_colspan":1},{"value":"12","html":"<td>12</td>","links":[],"attrs":{},"is_header":false,"rowspan":1,"colspan":1,"original_rowspan":1,"original_colspan":1},{"value":"11","html":"<td>11</td>","links":[],"attrs":{},"is_header":false,"rowspan":1,"colspan":1,"original_rowspan":1,"original_colspan":1},{"value":"3","html":"<td>3</td>","links":[],"attrs":{},"is_header":false,"rowspan":1,"colspan":1,"original_rowspan":1,"original_colspan":1},{"value":"26","html":"<td>26</td>","links":[],"attrs":{},"is_header":false,"rowspan":1,"colspan":1,"original_rowspan":1,"original_colspan":1},{"value":"Rifle","html":"<td align=\"left\">Rifle</td>","links":[],"attrs":{"align":"left"},"is_header":false,"rowspan":1,"colspan":1,"original_rowspan":1,"original_colspan":1}],"attrs":{}},{"cells":[{"value":"15","html":"<td>15</td>","links":[],"attrs":{},"is_header":false,"rowspan":1,"colspan":1,"original_rowspan":1,"original_colspan":1},{"value":"Otto Horber","html":"<td align=\"left\"><a href=\"/wiki/Otto_Horber\" title=\"Otto Horber\">Otto Horber</a></td>","links":[{"href":"/wiki/Otto_Horber","start":0,"end":11,"is_selflink":false}],"attrs":{"align":"left"},"is_header":false,"rowspan":1,"colspan":1,"original_rowspan":1,"original_colspan":1},{"value":" Switzerland","html":"<td align=\"left\"><span class=\"flagicon\"><img alt=\"\" class=\"thumbborder\" data-file-height=\"512\" data-file-width=\"512\" decoding=\"async\" height=\"16\" src=\"//upload.wikimedia.org/wikipedia/commons/thumb/f/f3/Flag_of_Switzerland.svg/16px-Flag_of_Switzerland.svg.png\" srcset=\"//upload.wikimedia.org/wikipedia/commons/thumb/f/f3/Flag_of_Switzerland.svg/24px-Flag_of_Switzerland.svg.png 1.5x, //upload.wikimedia.org/wikipedia/commons/thumb/f/f3/Flag_of_Switzerland.svg/32px-Flag_of_Switzerland.svg.png 2x\" width=\"16\"/>  </span><a href=\"/wiki/Switzerland\" title=\"Switzerland\">Switzerland</a></td>","links":[{"href":"/wiki/Switzerland","start":1,"end":12,"is_selflink":false}],"attrs":{"align":"left"},"is_header":false,"rowspan":1,"colspan":1,"original_rowspan":1,"original_colspan":1},{"value":"1935-1952","html":"<td>1935-1952</td>","links":[],"attrs":{},"is_header":false,"rowspan":1,"colspan":1,"original_rowspan":1,"original_colspan":1},{"value":"12","html":"<td>12</td>","links":[],"attrs":{},"is_header":false,"rowspan":1,"colspan":1,"original_rowspan":1,"original_colspan":1},{"value":"9","html":"<td>9</td>","links":[],"attrs":{},"is_header":false,"rowspan":1,"colspan":1,"original_rowspan":1,"original_colspan":1},{"value":"12","html":"<td>12</td>","links":[],"attrs":{},"is_header":false,"rowspan":1,"colspan":1,"original_rowspan":1,"original_colspan":1},{"value":"33","html":"<td>33</td>","links":[],"attrs":{},"is_header":false,"rowspan":1,"colspan":1,"original_rowspan":1,"original_colspan":1},{"value":"Rifle","html":"<td align=\"left\">Rifle</td>","links":[],"attrs":{"align":"left"},"is_header":false,"rowspan":1,"colspan":1,"original_rowspan":1,"original_colspan":1}],"attrs":{}}],"caption":null,"attrs":{"class":["wikitable"],"width":"60%","style":"font-size:90%; text-align:center;"},"classes":["wikitable"],"is_spanned":true,"external_links":{"http://en.wikipedia.org/wiki/Konrad_Staeheli":{"dbpedia":null,"qnode":null,"qnode_id":"Q662142"},"http://en.wikipedia.org/wiki/Switzerland":{"dbpedia":null,"qnode":null,"qnode_id":"Q39"},"http://en.wikipedia.org/wiki/Karl_Zimmerman_(shooter)":{"dbpedia":null,"qnode":null,"qnode_id":"Q20031187"},"http://en.wikipedia.org/wiki/Lones_Wigger":{"dbpedia":null,"qnode":null,"qnode_id":"Q942784"},"http://en.wikipedia.org/wiki/United_States":{"dbpedia":null,"qnode":null,"qnode_id":"Q30"},"http://en.wikipedia.org/wiki/Kullervo_Leskinen":{"dbpedia":null,"qnode":null,"qnode_id":"Q11873270"},"http://en.wikipedia.org/wiki/Finland":{"dbpedia":null,"qnode":null,"qnode_id":"Q33"},"http://en.wikipedia.org/wiki/Josias_Hartmann":{"dbpedia":null,"qnode":null,"qnode_id":"Q11979365"},"http://en.wikipedia.org/w/index.php?title=Wilhelm_Schnyder&action=edit&redlink=1":{"dbpedia":null,"qnode":null,"qnode_id":null},"http://en.wikipedia.org/w/index.php?title=John_Robert_Foster&action=edit&redlink=1":{"dbpedia":null,"qnode":null,"qnode_id":null},"http://en.wikipedia.org/wiki/100_metre_running_deer":{"dbpedia":null,"qnode":null,"qnode_id":"Q4546203"},"http://en.wikipedia.org/wiki/Paul_Van_Asbroeck":{"dbpedia":null,"qnode":null,"qnode_id":"Q2307007"},"http://en.wikipedia.org/wiki/Belgium":{"dbpedia":null,"qnode":null,"qnode_id":"Q31"},"http://en.wikipedia.org/wiki/Emil_Kellenberger":{"dbpedia":null,"qnode":null,"qnode_id":"Q676915"},"http://en.wikipedia.org/w/index.php?title=Gennadi_Lushikov&action=edit&redlink=1":{"dbpedia":null,"qnode":null,"qnode_id":null},"http://en.wikipedia.org/wiki/Soviet_Union":{"dbpedia":null,"qnode":null,"qnode_id":"Q15180"},"http://en.wikipedia.org/wiki/Lubos_Racansky":{"dbpedia":null,"qnode":null,"qnode_id":"Q11876345"},"http://en.wikipedia.org/wiki/Czech_Republic":{"dbpedia":null,"qnode":null,"qnode_id":"Q213"},"http://en.wikipedia.org/wiki/Louis_Richardet":{"dbpedia":null,"qnode":null,"qnode_id":"Q675629"},"http://en.wikipedia.org/w/index.php?title=Moysey_Itkis&action=edit&redlink=1":{"dbpedia":null,"qnode":null,"qnode_id":null},"http://en.wikipedia.org/wiki/Walter_Lienhard":{"dbpedia":null,"qnode":null,"qnode_id":"Q18715794"},"http://en.wikipedia.org/wiki/Otto_Horber":{"dbpedia":null,"qnode":null,"qnode_id":"Q19560761"},"https://en.wikipedia.org/wiki/ISSF_World_Shooting_Championships":{"dbpedia":null,"qnode":null,"qnode_id":"Q1201822"}}}