{"id":"Kumar_Gaurav","pageURI":"http://dbpedia.org/resource/Kumar_Gaurav?dbpv=2020-02&nif=context","rows":[{"cells":[{"value":"Year","html":"<th style=\"background:#B0C4DE;\">Year</th>","links":[],"attrs":{"style":"background:#B0C4DE;"},"is_header":true,"rowspan":1,"colspan":1,"original_rowspan":1,"original_colspan":1},{"value":"Film","html":"<th style=\"background:#B0C4DE;\">Film</th>","links":[],"attrs":{"style":"background:#B0C4DE;"},"is_header":true,"rowspan":1,"colspan":1,"original_rowspan":1,"original_colspan":1},{"value":"Role","html":"<th style=\"background:#B0C4DE;\">Role</th>","links":[],"attrs":{"style":"background:#B0C4DE;"},"is_header":true,"rowspan":1,"colspan":1,"original_rowspan":1,"original_colspan":1},{"value":"Female Lead","html":"<th style=\"background:#B0C4DE;\">Female Lead</th>","links":[],"attrs":{"style":"background:#B0C4DE;"},"is_header":true,"rowspan":1,"colspan":1,"original_rowspan":1,"original_colspan":1}],"attrs":{}},{"cells":[{"value":"1981","html":"<td>1981</td>","links":[],"attrs":{},"is_header":false,"rowspan":1,"colspan":1,"original_rowspan":1,"original_colspan":1},{"value":"Love Story","html":"<td><i><a href=\"/wiki/Love_Story_(1981_film)\" title=\"Love Story (1981 film)\">Love Story</a></i></td>","links":[{"href":"/wiki/Love_Story_(1981_film)","start":0,"end":10,"is_selflink":false}],"attrs":{},"is_header":false,"rowspan":1,"colspan":1,"original_rowspan":1,"original_colspan":1},{"value":"Bunty","html":"<td>Bunty</td>","links":[],"attrs":{},"is_header":false,"rowspan":1,"colspan":1,"original_rowspan":1,"original_colspan":1},{"value":"Vijayta Pandit","html":"<td><a href=\"/wiki/Vijayta_Pandit\" title=\"Vijayta Pandit\">Vijayta Pandit</a></td>","links":[{"href":"/wiki/Vijayta_Pandit","start":0,"end":14,"is_selflink":false}],"attrs":{},"is_header":false,"rowspan":1,"colspan":1,"original_rowspan":1,"original_colspan":1}],"attrs":{}},{"cells":[{"value":"1982","html":"<td rowspan=\"2\">1982</td>","links":[],"attrs":{"rowspan":"2"},"is_header":false,"rowspan":1,"colspan":1,"original_rowspan":2,"original_colspan":1},{"value":"Teri Kasam","html":"<td><i><a href=\"/wiki/Teri_Kasam\" title=\"Teri Kasam\">Teri Kasam</a></i></td>","links":[{"href":"/wiki/Teri_Kasam","start":0,"end":10,"is_selflink":false}],"attrs":{},"is_header":false,"rowspan":1,"colspan":1,"original_rowspan":1,"original_colspan":1},{"value":"Tony/Deepak","html":"<td>Tony/Deepak</td>","links":[],"attrs":{},"is_header":false,"rowspan":1,"colspan":1,"original_rowspan":1,"original_colspan":1},{"value":"Poonam Dhillon","html":"<td><a href=\"/wiki/Poonam_Dhillon\" title=\"Poonam Dhillon\">Poonam Dhillon</a></td>","links":[{"href":"/wiki/Poonam_Dhillon","start":0,"end":14,"is_selflink":false}],"attrs":{},"is_header":false,"rowspan":1,"colspan":1,"original_rowspan":1,"original_colspan":1}],"attrs":{}},{"cells":[{"value":"1982","html":"<td rowspan=\"2\">1982</td>","links":[],"attrs":{"rowspan":"2"},"is_header":false,"rowspan":1,"colspan":1,"original_rowspan":2,"original_colspan":1},{"value":"Star","html":"<td><i><a href=\"/wiki/Star_(1982_film)\" title=\"Star (1982 film)\">Star</a></i></td>","links":[{"href":"/wiki/Star_(1982_film)","start":0,"end":4,"is_selflink":false}],"attrs":{},"is_header":false,"rowspan":1,"colspan":1,"original_rowspan":1,"original_colspan":1},{"value":"Dev Kumar","html":"<td>Dev Kumar</td>","links":[],"attrs":{},"is_header":false,"rowspan":1,"colspan":1,"original_rowspan":1,"original_colspan":1},{"value":"Rati Agnihotri / Padmini Kolhapure","html":"<td><a href=\"/wiki/Rati_Agnihotri\" title=\"Rati Agnihotri\">Rati Agnihotri</a>/<a href=\"/wiki/Padmini_Kolhapure\" title=\"Padmini Kolhapure\">Padmini Kolhapure</a></td>","links":[{"href":"/wiki/Rati_Agnihotri","start":0,"end":14,"is_selflink":false},{"href":"/wiki/Padmini_Kolhapure","start":17,"end":34,"is_selflink":false}],"attrs":{},"is_header":false,"rowspan":1,"colspan":1,"original_rowspan":1,"original_colspan":1}],"attrs":{}},{"cells":[{"value":"1983","html":"<td rowspan=\"2\">1983</td>","links":[],"attrs":{"rowspan":"2"},"is_header":false,"rowspan":1,"colspan":1,"original_rowspan":2,"original_colspan":1},{"value":"Lovers","html":"<td><i><a href=\"/wiki/Lovers_(1983_film)\" title=\"Lovers (1983 film)\">Lovers</a></i></td>","links":[{"href":"/wiki/Lovers_(1983_film)","start":0,"end":6,"is_selflink":false}],"attrs":{},"is_header":false,"rowspan":1,"colspan":1,"original_rowspan":1,"original_colspan":1},{"value":"Viju","html":"<td>Viju</td>","links":[],"attrs":{},"is_header":false,"rowspan":1,"colspan":1,"original_rowspan":1,"original_colspan":1},{"value":"Padmini Kolhapure","html":"<td><a href=\"/wiki/Padmini_Kolhapure\" title=\"Padmini Kolhapure\">Padmini Kolhapure</a></td>","links":[{"href":"/wiki/Padmini_Kolhapure","start":0,"end":17,"is_selflink":false}],"attrs":{},"is_header":false,"rowspan":1,"colspan":1,"original_rowspan":1,"original_colspan":1}],"attrs":{}},{"cells":[{"value":"1983","html":"<td rowspan=\"2\">1983</td>","links":[],"attrs":{"rowspan":"2"},"is_header":false,"rowspan":1,"colspan":1,"original_rowspan":2,"original_colspan":1},{"value":"Romance","html":"<td><i><a href=\"/wiki/Romance_(1983_film)\" title=\"Romance (1983 film)\">Romance</a></i></td>","links":[{"href":"/wiki/Romance_(1983_film)","start":0,"end":7,"is_selflink":false}],"attrs":{},"is_header":false,"rowspan":1,"colspan":1,"original_rowspan":1,"original_colspan":1},{"value":"Amar","html":"<td>Amar</td>","links":[],"attrs":{},"is_header":false,"rowspan":1,"colspan":1,"original_rowspan":1,"original_colspan":1},{"value":"Poonam Dhillon","html":"<td><a href=\"/wiki/Poonam_Dhillon\" title=\"Poonam Dhillon\">Poonam Dhillon</a></td>","links":[{"href":"/wiki/Poonam_Dhillon","start":0,"end":14,"is_selflink":false}],"attrs":{},"is_header":false,"rowspan":1,"colspan":1,"original_rowspan":1,"original_colspan":1}],"attrs":{}},{"cells":[{"value":"1984","html":"<td rowspan=\"3\">1984</td>","links":[],"attrs":{"rowspan":"3"},"is_header":false,"rowspan":1,"colspan":1,"original_rowspan":3,"original_colspan":1},{"value":"Hum Hain Lajawab","html":"<td><i><a href=\"/wiki/Hum_Hain_Lajawab_(1984_film)\" title=\"Hum Hain Lajawab (1984 film)\">Hum Hain Lajawab</a></i></td>","links":[{"href":"/wiki/Hum_Hain_Lajawab_(1984_film)","start":0,"end":16,"is_selflink":false}],"attrs":{},"is_header":false,"rowspan":1,"colspan":1,"original_rowspan":1,"original_colspan":1},{"value":"Pawan Kumar Singh","html":"<td>Pawan Kumar Singh</td>","links":[],"attrs":{},"is_header":false,"rowspan":1,"colspan":1,"original_rowspan":1,"original_colspan":1},{"value":"Padmini Kolhapure","html":"<td><a href=\"/wiki/Padmini_Kolhapure\" title=\"Padmini Kolhapure\">Padmini Kolhapure</a></td>","links":[{"href":"/wiki/Padmini_Kolhapure","start":0,"end":17,"is_selflink":false}],"attrs":{},"is_header":false,"rowspan":1,"colspan":1,"original_rowspan":1,"original_colspan":1}],"attrs":{}},{"cells":[{"value":"1984","html":"<td rowspan=\"3\">1984</td>","links":[],"attrs":{"rowspan":"3"},"is_header":false,"rowspan":1,"colspan":1,"original_rowspan":3,"original_colspan":1},{"value":"All Rounder","html":"<td><i><a href=\"/wiki/All_Rounder_(1984_film)\" title=\"All Rounder (1984 film)\">All Rounder</a></i></td>","links":[{"href":"/wiki/All_Rounder_(1984_film)","start":0,"end":11,"is_selflink":false}],"attrs":{},"is_header":false,"rowspan":1,"colspan":1,"original_rowspan":1,"original_colspan":1},{"value":"Ajay","html":"<td>Ajay</td>","links":[],"attrs":{},"is_header":false,"rowspan":1,"colspan":1,"original_rowspan":1,"original_colspan":1},{"value":"Rati Agnihotri","html":"<td><a href=\"/wiki/Rati_Agnihotri\" title=\"Rati Agnihotri\">Rati Agnihotri</a></td>","links":[{"href":"/wiki/Rati_Agnihotri","start":0,"end":14,"is_selflink":false}],"attrs":{},"is_header":false,"rowspan":1,"colspan":1,"original_rowspan":1,"original_colspan":1}],"attrs":{}},{"cells":[{"value":"1984","html":"<td rowspan=\"3\">1984</td>","links":[],"attrs":{"rowspan":"3"},"is_header":false,"rowspan":1,"colspan":1,"original_rowspan":3,"original_colspan":1},{"value":"Divorce","html":"<td><i>Divorce</i></td>","links":[],"attrs":{},"is_header":false,"rowspan":1,"colspan":1,"original_rowspan":1,"original_colspan":1},{"value":"","html":"<td></td>","links":[],"attrs":{},"is_header":false,"rowspan":1,"colspan":1,"original_rowspan":1,"original_colspan":1},{"value":"Jasmin","html":"<td>Jasmin</td>","links":[],"attrs":{},"is_header":false,"rowspan":1,"colspan":1,"original_rowspan":1,"original_colspan":1}],"attrs":{}},{"cells":[{"value":"1985","html":"<td rowspan=\"2\">1985</td>","links":[],"attrs":{"rowspan":"2"},"is_header":false,"rowspan":1,"colspan":1,"original_rowspan":2,"original_colspan":1},{"value":"Ek Se Bhale Do","html":"<td><i><a href=\"/wiki/Ek_Se_Bhale_Do\" title=\"Ek Se Bhale Do\">Ek Se Bhale Do</a></i></td>","links":[{"href":"/wiki/Ek_Se_Bhale_Do","start":0,"end":14,"is_selflink":false}],"attrs":{},"is_header":false,"rowspan":1,"colspan":1,"original_rowspan":1,"original_colspan":1},{"value":"Bunty D'Mello","html":"<td>Bunty D'Mello</td>","links":[],"attrs":{},"is_header":false,"rowspan":1,"colspan":1,"original_rowspan":1,"original_colspan":1},{"value":"Rati Agnihotri","html":"<td><a href=\"/wiki/Rati_Agnihotri\" title=\"Rati Agnihotri\">Rati Agnihotri</a></td>","links":[{"href":"/wiki/Rati_Agnihotri","start":0,"end":14,"is_selflink":false}],"attrs":{},"is_header":false,"rowspan":1,"colspan":1,"original_rowspan":1,"original_colspan":1}],"attrs":{}},{"cells":[{"value":"1985","html":"<td rowspan=\"2\">1985</td>","links":[],"attrs":{"rowspan":"2"},"is_header":false,"rowspan":1,"colspan":1,"original_rowspan":2,"original_colspan":1},{"value":"Janam","html":"<td><i><a href=\"/wiki/Janam_(1985_film)\" title=\"Janam (1985 film)\">Janam</a></i></td>","links":[{"href":"/wiki/Janam_(1985_film)","start":0,"end":5,"is_selflink":false}],"attrs":{},"is_header":false,"rowspan":1,"colspan":1,"original_rowspan":1,"original_colspan":1},{"value":"Rahul","html":"<td>Rahul</td>","links":[],"attrs":{},"is_header":false,"rowspan":1,"colspan":1,"original_rowspan":1,"original_colspan":1},{"value":"Shernaz Patel","html":"<td><a href=\"/wiki/Shernaz_Patel\" title=\"Shernaz Patel\">Shernaz Patel</a></td>","links":[{"href":"/wiki/Shernaz_Patel","start":0,"end":13,"is_selflink":false}],"attrs":{},"is_header":false,"rowspan":1,"colspan":1,"original_rowspan":1,"original_colspan":1}],"attrs":{}},{"cells":[{"value":"1986","html":"<td rowspan=\"2\">1986</td>","links":[],"attrs":{"rowspan":"2"},"is_header":false,"rowspan":1,"colspan":1,"original_rowspan":2,"original_colspan":1},{"value":"Begaana","html":"<td><i><a href=\"/wiki/Begaana_(1986_film)\" title=\"Begaana (1986 film)\">Begaana</a></i></td>","links":[{"href":"/wiki/Begaana_(1986_film)","start":0,"end":7,"is_selflink":false}],"attrs":{},"is_header":false,"rowspan":1,"colspan":1,"original_rowspan":1,"original_colspan":1},{"value":"Anand Mathur / Kailashnath Rana","html":"<td>Anand Mathur / Kailashnath Rana</td>","links":[],"attrs":{},"is_header":false,"rowspan":1,"colspan":1,"original_rowspan":1,"original_colspan":1},{"value":"Rati Agnihotri","html":"<td><a href=\"/wiki/Rati_Agnihotri\" title=\"Rati Agnihotri\">Rati Agnihotri</a></td>","links":[{"href":"/wiki/Rati_Agnihotri","start":0,"end":14,"is_selflink":false}],"attrs":{},"is_header":false,"rowspan":1,"colspan":1,"original_rowspan":1,"original_colspan":1}],"attrs":{}},{"cells":[{"value":"1986","html":"<td rowspan=\"2\">1986</td>","links":[],"attrs":{"rowspan":"2"},"is_header":false,"rowspan":1,"colspan":1,"original_rowspan":2,"original_colspan":1},{"value":"Naam","html":"<td><i><a href=\"/wiki/Naam_(1986_film)\" title=\"Naam (1986 film)\">Naam</a></i></td>","links":[{"href":"/wiki/Naam_(1986_film)","start":0,"end":4,"is_selflink":false}],"attrs":{},"is_header":false,"rowspan":1,"colspan":1,"original_rowspan":1,"original_colspan":1},{"value":"Ravi Kapoor","html":"<td>Ravi Kapoor</td>","links":[],"attrs":{},"is_header":false,"rowspan":1,"colspan":1,"original_rowspan":1,"original_colspan":1},{"value":"Poonam Dhillon","html":"<td><a href=\"/wiki/Poonam_Dhillon\" title=\"Poonam Dhillon\">Poonam Dhillon</a></td>","links":[{"href":"/wiki/Poonam_Dhillon","start":0,"end":14,"is_selflink":false}],"attrs":{},"is_header":false,"rowspan":1,"colspan":1,"original_rowspan":1,"original_colspan":1}],"attrs":{}},{"cells":[{"value":"1987","html":"<td rowspan=\"3\">1987</td>","links":[],"attrs":{"rowspan":"3"},"is_header":false,"rowspan":1,"colspan":1,"original_rowspan":3,"original_colspan":1},{"value":"Dil Tujhko Diya","html":"<td><i><a href=\"/wiki/Dil_Tujhko_Diya\" title=\"Dil Tujhko Diya\">Dil Tujhko Diya</a></i></td>","links":[{"href":"/wiki/Dil_Tujhko_Diya","start":0,"end":15,"is_selflink":false}],"attrs":{},"is_header":false,"rowspan":1,"colspan":1,"original_rowspan":1,"original_colspan":1},{"value":"Vijay 'Chhotu' 'Munna' Sahni","html":"<td>Vijay 'Chhotu' 'Munna' Sahni</td>","links":[],"attrs":{},"is_header":false,"rowspan":1,"colspan":1,"original_rowspan":1,"original_colspan":1},{"value":"Rati Agnihotri","html":"<td><a href=\"/wiki/Rati_Agnihotri\" title=\"Rati Agnihotri\">Rati Agnihotri</a></td>","links":[{"href":"/wiki/Rati_Agnihotri","start":0,"end":14,"is_selflink":false}],"attrs":{},"is_header":false,"rowspan":1,"colspan":1,"original_rowspan":1,"original_colspan":1}],"attrs":{}},{"cells":[{"value":"1987","html":"<td rowspan=\"3\">1987</td>","links":[],"attrs":{"rowspan":"3"},"is_header":false,"rowspan":1,"colspan":1,"original_rowspan":3,"original_colspan":1},{"value":"Albela","html":"<td><i><a class=\"new\" href=\"/w/index.php?title=Albela_(1987_film)&amp;action=edit&amp;redlink=1\" title=\"Albela (1987 film) (page does not exist)\">Albela</a></i></td>","links":[{"href":"/w/index.php?title=Albela_(1987_film)&action=edit&redlink=1","start":0,"end":6,"is_selflink":false}],"attrs":{},"is_header":false,"rowspan":1,"colspan":1,"original_rowspan":1,"original_colspan":1},{"value":"","html":"<td></td>","links":[],"attrs":{},"is_header":false,"rowspan":1,"colspan":1,"original_rowspan":1,"original_colspan":1},{"value":"Rati Agnihotri","html":"<td><a href=\"/wiki/Rati_Agnihotri\" title=\"Rati Agnihotri\">Rati Agnihotri</a></td>","links":[{"href":"/wiki/Rati_Agnihotri","start":0,"end":14,"is_selflink":false}],"attrs":{},"is_header":false,"rowspan":1,"colspan":1,"original_rowspan":1,"original_colspan":1}],"attrs":{}},{"cells":[{"value":"1987","html":"<td rowspan=\"3\">1987</td>","links":[],"attrs":{"rowspan":"3"},"is_header":false,"rowspan":1,"colspan":1,"original_rowspan":3,"original_colspan":1},{"value":"Aaj","html":"<td><i><a class=\"mw-redirect\" href=\"/wiki/Aaj_(1987_film)\" title=\"Aaj (1987 film)\">Aaj</a></i></td>","links":[{"href":"/wiki/Aaj_(1987_film)","start":0,"end":3,"is_selflink":false}],"attrs":{},"is_header":false,"rowspan":1,"colspan":1,"original_rowspan":1,"original_colspan":1},{"value":"Akshay","html":"<td>Akshay</td>","links":[],"attrs":{},"is_header":false,"rowspan":1,"colspan":1,"original_rowspan":1,"original_colspan":1},{"value":"Anamika Paul","html":"<td>Anamika Paul</td>","links":[],"attrs":{},"is_header":false,"rowspan":1,"colspan":1,"original_rowspan":1,"original_colspan":1}],"attrs":{}},{"cells":[{"value":"1989","html":"<td rowspan=\"2\">1989</td>","links":[],"attrs":{"rowspan":"2"},"is_header":false,"rowspan":1,"colspan":1,"original_rowspan":2,"original_colspan":1},{"value":"Goonj","html":"<td><i><a href=\"/wiki/Goonj_(1989_film)\" title=\"Goonj (1989 film)\">Goonj</a></i></td>","links":[{"href":"/wiki/Goonj_(1989_film)","start":0,"end":5,"is_selflink":false}],"attrs":{},"is_header":false,"rowspan":1,"colspan":1,"original_rowspan":1,"original_colspan":1},{"value":"Sanjeev Kamat","html":"<td>Sanjeev Kamat</td>","links":[],"attrs":{},"is_header":false,"rowspan":1,"colspan":1,"original_rowspan":1,"original_colspan":1},{"value":"Juhi Chawla","html":"<td><a href=\"/wiki/Juhi_Chawla\" title=\"Juhi Chawla\">Juhi Chawla</a></td>","links":[{"href":"/wiki/Juhi_Chawla","start":0,"end":11,"is_selflink":false}],"attrs":{},"is_header":false,"rowspan":1,"colspan":1,"original_rowspan":1,"original_colspan":1}],"attrs":{}},{"cells":[{"value":"1989","html":"<td rowspan=\"2\">1989</td>","links":[],"attrs":{"rowspan":"2"},"is_header":false,"rowspan":1,"colspan":1,"original_rowspan":2,"original_colspan":1},{"value":"Jurrat","html":"<td><i><a href=\"/wiki/Jurrat_(film)\" title=\"Jurrat (film)\">Jurrat</a></i></td>","links":[{"href":"/wiki/Jurrat_(film)","start":0,"end":6,"is_selflink":false}],"attrs":{},"is_header":false,"rowspan":1,"colspan":1,"original_rowspan":1,"original_colspan":1},{"value":"Inspector Avinash","html":"<td>Inspector Avinash</td>","links":[],"attrs":{},"is_header":false,"rowspan":1,"colspan":1,"original_rowspan":1,"original_colspan":1},{"value":"Amala Akkineni","html":"<td><a href=\"/wiki/Amala_Akkineni\" title=\"Amala Akkineni\">Amala Akkineni</a></td>","links":[{"href":"/wiki/Amala_Akkineni","start":0,"end":14,"is_selflink":false}],"attrs":{},"is_header":false,"rowspan":1,"colspan":1,"original_rowspan":1,"original_colspan":1}],"attrs":{}},{"cells":[{"value":"1991","html":"<td rowspan=\"3\">1991</td>","links":[],"attrs":{"rowspan":"3"},"is_header":false,"rowspan":1,"colspan":1,"original_rowspan":3,"original_colspan":1},{"value":"Hai Meri Jaan","html":"<td><i><a href=\"/wiki/Hai_Meri_Jaan\" title=\"Hai Meri Jaan\">Hai Meri Jaan</a></i></td>","links":[{"href":"/wiki/Hai_Meri_Jaan","start":0,"end":13,"is_selflink":false}],"attrs":{},"is_header":false,"rowspan":1,"colspan":1,"original_rowspan":1,"original_colspan":1},{"value":"Bunty","html":"<td>Bunty</td>","links":[],"attrs":{},"is_header":false,"rowspan":1,"colspan":1,"original_rowspan":1,"original_colspan":1},{"value":"Ayesha Jhulka","html":"<td><a href=\"/wiki/Ayesha_Jhulka\" title=\"Ayesha Jhulka\">Ayesha Jhulka</a></td>","links":[{"href":"/wiki/Ayesha_Jhulka","start":0,"end":13,"is_selflink":false}],"attrs":{},"is_header":false,"rowspan":1,"colspan":1,"original_rowspan":1,"original_colspan":1}],"attrs":{}},{"cells":[{"value":"1991","html":"<td rowspan=\"3\">1991</td>","links":[],"attrs":{"rowspan":"3"},"is_header":false,"rowspan":1,"colspan":1,"original_rowspan":3,"original_colspan":1},{"value":"Pratigyabadh","html":"<td><i><a href=\"/wiki/Pratigyabadh\" title=\"Pratigyabadh\">Pratigyabadh</a></i></td>","links":[{"href":"/wiki/Pratigyabadh","start":0,"end":12,"is_selflink":false}],"attrs":{},"is_header":false,"rowspan":1,"colspan":1,"original_rowspan":1,"original_colspan":1},{"value":"Shakti Yadav","html":"<td>Shakti Yadav</td>","links":[],"attrs":{},"is_header":false,"rowspan":1,"colspan":1,"original_rowspan":1,"original_colspan":1},{"value":"Neelam Kothari","html":"<td><a href=\"/wiki/Neelam_Kothari\" title=\"Neelam Kothari\">Neelam Kothari</a></td>","links":[{"href":"/wiki/Neelam_Kothari","start":0,"end":14,"is_selflink":false}],"attrs":{},"is_header":false,"rowspan":1,"colspan":1,"original_rowspan":1,"original_colspan":1}],"attrs":{}},{"cells":[{"value":"1991","html":"<td rowspan=\"3\">1991</td>","links":[],"attrs":{"rowspan":"3"},"is_header":false,"rowspan":1,"colspan":1,"original_rowspan":3,"original_colspan":1},{"value":"Indrajeet","html":"<td><i><a href=\"/wiki/Indrajeet\" title=\"Indrajeet\">Indrajeet</a></i></td>","links":[{"href":"/wiki/Indrajeet","start":0,"end":9,"is_selflink":false}],"attrs":{},"is_header":false,"rowspan":1,"colspan":1,"original_rowspan":1,"original_colspan":1},{"value":"Vijay","html":"<td>Vijay</td>","links":[],"attrs":{},"is_header":false,"rowspan":1,"colspan":1,"original_rowspan":1,"original_colspan":1},{"value":"Neelam Kothari","html":"<td><a href=\"/wiki/Neelam_Kothari\" title=\"Neelam Kothari\">Neelam Kothari</a></td>","links":[{"href":"/wiki/Neelam_Kothari","start":0,"end":14,"is_selflink":false}],"attrs":{},"is_header":false,"rowspan":1,"colspan":1,"original_rowspan":1,"original_colspan":1}],"attrs":{}},{"cells":[{"value":"1992","html":"<td>1992</td>","links":[],"attrs":{},"is_header":false,"rowspan":1,"colspan":1,"original_rowspan":1,"original_colspan":1},{"value":"Siyasat","html":"<td><i><a class=\"mw-redirect\" href=\"/wiki/Siyasat\" title=\"Siyasat\">Siyasat</a></i></td>","links":[{"href":"/wiki/Siyasat","start":0,"end":7,"is_selflink":false}],"attrs":{},"is_header":false,"rowspan":1,"colspan":1,"original_rowspan":1,"original_colspan":1},{"value":"","html":"<td></td>","links":[],"attrs":{},"is_header":false,"rowspan":1,"colspan":1,"original_rowspan":1,"original_colspan":1},{"value":"Kimi Katkar","html":"<td><a href=\"/wiki/Kimi_Katkar\" title=\"Kimi Katkar\">Kimi Katkar</a></td>","links":[{"href":"/wiki/Kimi_Katkar","start":0,"end":11,"is_selflink":false}],"attrs":{},"is_header":false,"rowspan":1,"colspan":1,"original_rowspan":1,"original_colspan":1}],"attrs":{}},{"cells":[{"value":"1993","html":"<td>1993</td>","links":[],"attrs":{},"is_header":false,"rowspan":1,"colspan":1,"original_rowspan":1,"original_colspan":1},{"value":"Phool","html":"<td><i><a href=\"/wiki/Phool_(1993_film)\" title=\"Phool (1993 film)\">Phool</a></i></td>","links":[{"href":"/wiki/Phool_(1993_film)","start":0,"end":5,"is_selflink":false}],"attrs":{},"is_header":false,"rowspan":1,"colspan":1,"original_rowspan":1,"original_colspan":1},{"value":"Karamraj 'Raju' / Gopal","html":"<td>Karamraj 'Raju' / Gopal</td>","links":[],"attrs":{},"is_header":false,"rowspan":1,"colspan":1,"original_rowspan":1,"original_colspan":1},{"value":"Madhuri Dixit","html":"<td><a href=\"/wiki/Madhuri_Dixit\" title=\"Madhuri Dixit\">Madhuri Dixit</a></td>","links":[{"href":"/wiki/Madhuri_Dixit","start":0,"end":13,"is_selflink":false}],"attrs":{},"is_header":false,"rowspan":1,"colspan":1,"original_rowspan":1,"original_colspan":1}],"attrs":{}},{"cells":[{"value":"1996","html":"<td rowspan=\"2\">1996</td>","links":[],"attrs":{"rowspan":"2"},"is_header":false,"rowspan":1,"colspan":1,"original_rowspan":2,"original_colspan":1},{"value":"Muthi Bhar Zameen","html":"<td><i>Muthi Bhar Zameen</i></td>","links":[],"attrs":{},"is_header":false,"rowspan":1,"colspan":1,"original_rowspan":1,"original_colspan":1},{"value":"Karan","html":"<td>Karan</td>","links":[],"attrs":{},"is_header":false,"rowspan":1,"colspan":1,"original_rowspan":1,"original_colspan":1},{"value":"Poonam Dhillon","html":"<td><a href=\"/wiki/Poonam_Dhillon\" title=\"Poonam Dhillon\">Poonam Dhillon</a></td>","links":[{"href":"/wiki/Poonam_Dhillon","start":0,"end":14,"is_selflink":false}],"attrs":{},"is_header":false,"rowspan":1,"colspan":1,"original_rowspan":1,"original_colspan":1}],"attrs":{}},{"cells":[{"value":"1996","html":"<td rowspan=\"2\">1996</td>","links":[],"attrs":{"rowspan":"2"},"is_header":false,"rowspan":1,"colspan":1,"original_rowspan":2,"original_colspan":1},{"value":"Sautela Bhai","html":"<td><i><a class=\"mw-redirect\" href=\"/wiki/Sautela_Bhai_(1996_film)\" title=\"Sautela Bhai (1996 film)\">Sautela Bhai</a></i></td>","links":[{"href":"/wiki/Sautela_Bhai_(1996_film)","start":0,"end":12,"is_selflink":false}],"attrs":{},"is_header":false,"rowspan":1,"colspan":1,"original_rowspan":1,"original_colspan":1},{"value":"Shankar","html":"<td>Shankar</td>","links":[],"attrs":{},"is_header":false,"rowspan":1,"colspan":1,"original_rowspan":1,"original_colspan":1},{"value":"Farah Naaz","html":"<td><a class=\"mw-redirect\" href=\"/wiki/Farah_Naaz\" title=\"Farah Naaz\">Farah Naaz</a></td>","links":[{"href":"/wiki/Farah_Naaz","start":0,"end":10,"is_selflink":false}],"attrs":{},"is_header":false,"rowspan":1,"colspan":1,"original_rowspan":1,"original_colspan":1}],"attrs":{}},{"cells":[{"value":"2000","html":"<td>2000</td>","links":[],"attrs":{},"is_header":false,"rowspan":1,"colspan":1,"original_rowspan":1,"original_colspan":1},{"value":"Gang","html":"<td><i><a href=\"/wiki/Gang_(film)\" title=\"Gang (film)\">Gang</a></i></td>","links":[{"href":"/wiki/Gang_(film)","start":0,"end":4,"is_selflink":false}],"attrs":{},"is_header":false,"rowspan":1,"colspan":1,"original_rowspan":1,"original_colspan":1},{"value":"Nihal Singh","html":"<td>Nihal Singh</td>","links":[],"attrs":{},"is_header":false,"rowspan":1,"colspan":1,"original_rowspan":1,"original_colspan":1},{"value":"","html":"<td></td>","links":[],"attrs":{},"is_header":false,"rowspan":1,"colspan":1,"original_rowspan":1,"original_colspan":1}],"attrs":{}},{"cells":[{"value":"2002","html":"<td>2002</td>","links":[],"attrs":{},"is_header":false,"rowspan":1,"colspan":1,"original_rowspan":1,"original_colspan":1},{"value":"Kaante","html":"<td><i><a href=\"/wiki/Kaante\" title=\"Kaante\">Kaante</a></i></td>","links":[{"href":"/wiki/Kaante","start":0,"end":6,"is_selflink":false}],"attrs":{},"is_header":false,"rowspan":1,"colspan":1,"original_rowspan":1,"original_colspan":1},{"value":"Anand 'Andy' Mathur","html":"<td>Anand 'Andy' Mathur</td>","links":[],"attrs":{},"is_header":false,"rowspan":1,"colspan":1,"original_rowspan":1,"original_colspan":1},{"value":"","html":"<td></td>","links":[],"attrs":{},"is_header":false,"rowspan":1,"colspan":1,"original_rowspan":1,"original_colspan":1}],"attrs":{}},{"cells":[{"value":"2004","html":"<td>2004</td>","links":[],"attrs":{},"is_header":false,"rowspan":1,"colspan":1,"original_rowspan":1,"original_colspan":1},{"value":"Guiana 1838","html":"<td><i><a class=\"new\" href=\"/w/index.php?title=Guiana_1838&amp;action=edit&amp;redlink=1\" title=\"Guiana 1838 (page does not exist)\">Guiana 1838</a></i></td>","links":[{"href":"/w/index.php?title=Guiana_1838&action=edit&redlink=1","start":0,"end":11,"is_selflink":false}],"attrs":{},"is_header":false,"rowspan":1,"colspan":1,"original_rowspan":1,"original_colspan":1},{"value":"Laxman","html":"<td>Laxman</td>","links":[],"attrs":{},"is_header":false,"rowspan":1,"colspan":1,"original_rowspan":1,"original_colspan":1},{"value":"","html":"<td></td>","links":[],"attrs":{},"is_header":false,"rowspan":1,"colspan":1,"original_rowspan":1,"original_colspan":1}],"attrs":{}},{"cells":[{"value":"2009","html":"<td rowspan=\"2\">2009</td>","links":[],"attrs":{"rowspan":"2"},"is_header":false,"rowspan":1,"colspan":1,"original_rowspan":2,"original_colspan":1},{"value":"My Daddy Strongest","html":"<td><i>My Daddy Strongest</i></td>","links":[],"attrs":{},"is_header":false,"rowspan":1,"colspan":1,"original_rowspan":1,"original_colspan":1},{"value":"","html":"<td></td>","links":[],"attrs":{},"is_header":false,"rowspan":1,"colspan":1,"original_rowspan":1,"original_colspan":1},{"value":"","html":"<td></td>","links":[],"attrs":{},"is_header":false,"rowspan":1,"colspan":1,"original_rowspan":1,"original_colspan":1}],"attrs":{}},{"cells":[{"value":"2009","html":"<td rowspan=\"2\">2009</td>","links":[],"attrs":{"rowspan":"2"},"is_header":false,"rowspan":1,"colspan":1,"original_rowspan":2,"original_colspan":1},{"value":"Bihaad","html":"<td><i>Bihaad</i></td>","links":[],"attrs":{},"is_header":false,"rowspan":1,"colspan":1,"original_rowspan":1,"original_colspan":1},{"value":"","html":"<td></td>","links":[],"attrs":{},"is_header":false,"rowspan":1,"colspan":1,"original_rowspan":1,"original_colspan":1},{"value":"","html":"<td></td>","links":[],"attrs":{},"is_header":false,"rowspan":1,"colspan":1,"original_rowspan":1,"original_colspan":1}],"attrs":{}}],"caption":null,"attrs":{"class":["wikitable"],"style":"font-size:90%"},"classes":["wikitable"],"is_spanned":true,"external_links":{"http://en.wikipedia.org/wiki/Love_Story_(1981_film)":{"dbpedia":null,"qnode":null,"qnode_id":"Q6691345"},"http://en.wikipedia.org/wiki/Vijayta_Pandit":{"dbpedia":null,"qnode":null,"qnode_id":"Q7929326"},"http://en.wikipedia.org/wiki/Teri_Kasam":{"dbpedia":null,"qnode":null,"qnode_id":"Q1567418"},"http://en.wikipedia.org/wiki/Poonam_Dhillon":{"dbpedia":null,"qnode":null,"qnode_id":"Q3595934"},"http://en.wikipedia.org/wiki/Star_(1982_film)":{"dbpedia":null,"qnode":null,"qnode_id":"Q7600580"},"http://en.wikipedia.org/wiki/Rati_Agnihotri":{"dbpedia":null,"qnode":null,"qnode_id":"Q2575841"},"http://en.wikipedia.org/wiki/Padmini_Kolhapure":{"dbpedia":null,"qnode":null,"qnode_id":"Q3595902"},"http://en.wikipedia.org/wiki/Lovers_(1983_film)":{"dbpedia":null,"qnode":null,"qnode_id":"Q18127535"},"http://en.wikipedia.org/wiki/Romance_(1983_film)":{"dbpedia":null,"qnode":null,"qnode_id":"Q7362379"},"http://en.wikipedia.org/wiki/Hum_Hain_Lajawab_(1984_film)":{"dbpedia":null,"qnode":null,"qnode_id":"Q18125778"},"http://en.wikipedia.org/wiki/All_Rounder_(1984_film)":{"dbpedia":null,"qnode":null,"qnode_id":"Q4729292"},"http://en.wikipedia.org/wiki/Ek_Se_Bhale_Do":{"dbpedia":null,"qnode":null,"qnode_id":"Q5350245"},"http://en.wikipedia.org/wiki/Janam_(1985_film)":{"dbpedia":null,"qnode":null,"qnode_id":"Q6150743"},"http://en.wikipedia.org/wiki/Shernaz_Patel":{"dbpedia":null,"qnode":null,"qnode_id":"Q7495297"},"http://en.wikipedia.org/wiki/Begaana_(1986_film)":{"dbpedia":null,"qnode":null,"qnode_id":"Q18110348"},"http://en.wikipedia.org/wiki/Naam_(1986_film)":{"dbpedia":null,"qnode":null,"qnode_id":"Q6956537"},"http://en.wikipedia.org/wiki/Dil_Tujhko_Diya":{"dbpedia":null,"qnode":null,"qnode_id":"Q5276647"},"http://en.wikipedia.org/w/index.php?title=Albela_(1987_film)&action=edit&redlink=1":{"dbpedia":null,"qnode":null,"qnode_id":null},"http://en.wikipedia.org/wiki/Aaj_(1987_film)":{"dbpedia":null,"qnode":null,"qnode_id":"Q18109318"},"http://en.wikipedia.org/wiki/Goonj_(1989_film)":{"dbpedia":null,"qnode":null,"qnode_id":"Q18125189"},"http://en.wikipedia.org/wiki/Juhi_Chawla":{"dbpedia":null,"qnode":null,"qnode_id":"Q158745"},"http://en.wikipedia.org/wiki/Jurrat_(film)":{"dbpedia":null,"qnode":null,"qnode_id":"Q11270242"},"http://en.wikipedia.org/wiki/Amala_Akkineni":{"dbpedia":null,"qnode":null,"qnode_id":"Q3530159"},"http://en.wikipedia.org/wiki/Hai_Meri_Jaan":{"dbpedia":null,"qnode":null,"qnode_id":"Q5638936"},"http://en.wikipedia.org/wiki/Ayesha_Jhulka":{"dbpedia":null,"qnode":null,"qnode_id":"Q1749634"},"http://en.wikipedia.org/wiki/Pratigyabadh":{"dbpedia":null,"qnode":null,"qnode_id":"Q7238688"},"http://en.wikipedia.org/wiki/Neelam_Kothari":{"dbpedia":null,"qnode":null,"qnode_id":"Q6986770"},"http://en.wikipedia.org/wiki/Indrajeet":{"dbpedia":null,"qnode":null,"qnode_id":"Q13115896"},"http://en.wikipedia.org/wiki/Siyasat":{"dbpedia":null,"qnode":null,"qnode_id":"Q2347152"},"http://en.wikipedia.org/wiki/Kimi_Katkar":{"dbpedia":null,"qnode":null,"qnode_id":"Q6410080"},"http://en.wikipedia.org/wiki/Phool_(1993_film)":{"dbpedia":null,"qnode":null,"qnode_id":"Q7187329"},"http://en.wikipedia.org/wiki/Madhuri_Dixit":{"dbpedia":null,"qnode":null,"qnode_id":"Q232451"},"http://en.wikipedia.org/wiki/Sautela_Bhai_(1996_film)":{"dbpedia":null,"qnode":null,"qnode_id":"Q18209632"},"http://en.wikipedia.org/wiki/Farah_Naaz":{"dbpedia":null,"qnode":null,"qnode_id":"Q5434715"},"http://en.wikipedia.org/wiki/Gang_(film)":{"dbpedia":null,"qnode":null,"qnode_id":"Q5520900"},"http://en.wikipedia.org/wiki/Kaante":{"dbpedia":null,"qnode":null,"qnode_id":"Q3812382"},"http://en.wikipedia.org/w/index.php?title=Guiana_1838&action=edit&redlink=1":{"dbpedia":null,"qnode":null,"qnode_id":null},"https://en.wikipedia.org/wiki/Kumar_Gaurav":{"dbpedia":null,"qnode":null,"qnode_id":"Q6443482"}}}