{"id":"List_of_2009_albums?ref=4.3_2","pageURI":"http://dbpedia.org/resource/List_of_2009_albums?dbpv=2020-02&nif=context","rows":[{"cells":[{"value":"Release date","html":"<th>Release date</th>","links":[],"attrs":{},"is_header":true,"rowspan":1,"colspan":1,"original_rowspan":1,"original_colspan":1},{"value":"Artist","html":"<th style=\"width:15%;\">Artist</th>","links":[],"attrs":{"style":"width:15%;"},"is_header":true,"rowspan":1,"colspan":1,"original_rowspan":1,"original_colspan":1},{"value":"Album","html":"<th style=\"width:20%;\">Album</th>","links":[],"attrs":{"style":"width:20%;"},"is_header":true,"rowspan":1,"colspan":1,"original_rowspan":1,"original_colspan":1},{"value":"Genre","html":"<th style=\"width:23%;\">Genre</th>","links":[],"attrs":{"style":"width:23%;"},"is_header":true,"rowspan":1,"colspan":1,"original_rowspan":1,"original_colspan":1},{"value":"Label","html":"<th style=\"width:18%;\">Label</th>","links":[],"attrs":{"style":"width:18%;"},"is_header":true,"rowspan":1,"colspan":1,"original_rowspan":1,"original_colspan":1},{"value":"Producer","html":"<th style=\"width:20%;\">Producer</th>","links":[],"attrs":{"style":"width:20%;"},"is_header":true,"rowspan":1,"colspan":1,"original_rowspan":1,"original_colspan":1},{"value":"Ref.","html":"<th>Ref.</th>","links":[],"attrs":{},"is_header":true,"rowspan":1,"colspan":1,"original_rowspan":1,"original_colspan":1}],"attrs":{}},{"cells":[{"value":"December \n1","html":"<td rowspan=\"7\" style=\"text-align:center;\">December<br/>1</td>","links":[],"attrs":{"rowspan":"7","style":"text-align:center;"},"is_header":false,"rowspan":1,"colspan":1,"original_rowspan":7,"original_colspan":1},{"value":"Allison Iraheta","html":"<td><a href=\"/wiki/Allison_Iraheta\" title=\"Allison Iraheta\">Allison Iraheta</a></td>","links":[{"href":"/wiki/Allison_Iraheta","start":0,"end":15,"is_selflink":false}],"attrs":{},"is_header":false,"rowspan":1,"colspan":1,"original_rowspan":1,"original_colspan":1},{"value":"Just Like You","html":"<td><i><a href=\"/wiki/Just_Like_You_(Allison_Iraheta_album)\" title=\"Just Like You (Allison Iraheta album)\">Just Like You</a></i></td>","links":[{"href":"/wiki/Just_Like_You_(Allison_Iraheta_album)","start":0,"end":13,"is_selflink":false}],"attrs":{},"is_header":false,"rowspan":1,"colspan":1,"original_rowspan":1,"original_colspan":1},{"value":"Pop rock , teen pop","html":"<td><a href=\"/wiki/Pop_rock\" title=\"Pop rock\">Pop rock</a>, <a href=\"/wiki/Teen_pop\" title=\"Teen pop\">teen pop</a></td>","links":[{"href":"/wiki/Pop_rock","start":0,"end":8,"is_selflink":false},{"href":"/wiki/Teen_pop","start":11,"end":19,"is_selflink":false}],"attrs":{},"is_header":false,"rowspan":1,"colspan":1,"original_rowspan":1,"original_colspan":1},{"value":"19 , Jive","html":"<td><a href=\"/wiki/19_Recordings\" title=\"19 Recordings\">19</a>, <a href=\"/wiki/Jive_Records\" title=\"Jive Records\">Jive</a></td>","links":[{"href":"/wiki/19_Recordings","start":0,"end":2,"is_selflink":false},{"href":"/wiki/Jive_Records","start":5,"end":9,"is_selflink":false}],"attrs":{},"is_header":false,"rowspan":1,"colspan":1,"original_rowspan":1,"original_colspan":1},{"value":"Max Martin , Shellback , Howard Benson , Toby Gad , Sam Watters , Louis Biancaniello , Dave Bassett , Dreamlab , Ron Aniello , Oak Felder , Uncle Josh, Sterling Simms , Kevin Rudolf , Greg Wells , Mitch Allan , David Hodges","html":"<td><a href=\"/wiki/Max_Martin\" title=\"Max Martin\">Max Martin</a>, <a href=\"/wiki/Shellback_(record_producer)\" title=\"Shellback (record producer)\">Shellback</a>, <a href=\"/wiki/Howard_Benson\" title=\"Howard Benson\">Howard Benson</a>, <a href=\"/wiki/Toby_Gad\" title=\"Toby Gad\">Toby Gad</a>, <a href=\"/wiki/Sam_Watters\" title=\"Sam Watters\">Sam Watters</a>, <a href=\"/wiki/Louis_Biancaniello\" title=\"Louis Biancaniello\">Louis Biancaniello</a>, <a href=\"/wiki/Dave_Bassett_(songwriter)\" title=\"Dave Bassett (songwriter)\">Dave Bassett</a>, <a href=\"/wiki/Dreamlab_(production_team)\" title=\"Dreamlab (production team)\">Dreamlab</a>, <a href=\"/wiki/Ron_Aniello\" title=\"Ron Aniello\">Ron Aniello</a>, <a href=\"/wiki/Oak_Felder\" title=\"Oak Felder\">Oak Felder</a>, Uncle Josh, <a href=\"/wiki/Sterling_Simms\" title=\"Sterling Simms\">Sterling Simms</a>, <a href=\"/wiki/Kevin_Rudolf\" title=\"Kevin Rudolf\">Kevin Rudolf</a>, <a href=\"/wiki/Greg_Wells\" title=\"Greg Wells\">Greg Wells</a>, <a href=\"/wiki/Mitch_Allan\" title=\"Mitch Allan\">Mitch Allan</a>, <a href=\"/wiki/David_Hodges\" title=\"David Hodges\">David Hodges</a></td>","links":[{"href":"/wiki/Max_Martin","start":0,"end":10,"is_selflink":false},{"href":"/wiki/Shellback_(record_producer)","start":13,"end":22,"is_selflink":false},{"href":"/wiki/Howard_Benson","start":25,"end":38,"is_selflink":false},{"href":"/wiki/Toby_Gad","start":41,"end":49,"is_selflink":false},{"href":"/wiki/Sam_Watters","start":52,"end":63,"is_selflink":false},{"href":"/wiki/Louis_Biancaniello","start":66,"end":84,"is_selflink":false},{"href":"/wiki/Dave_Bassett_(songwriter)","start":87,"end":99,"is_selflink":false},{"href":"/wiki/Dreamlab_(production_team)","start":102,"end":110,"is_selflink":false},{"href":"/wiki/Ron_Aniello","start":113,"end":124,"is_selflink":false},{"href":"/wiki/Oak_Felder","start":127,"end":137,"is_selflink":false},{"href":"/wiki/Sterling_Simms","start":152,"end":166,"is_selflink":false},{"href":"/wiki/Kevin_Rudolf","start":169,"end":181,"is_selflink":false},{"href":"/wiki/Greg_Wells","start":184,"end":194,"is_selflink":false},{"href":"/wiki/Mitch_Allan","start":197,"end":208,"is_selflink":false},{"href":"/wiki/David_Hodges","start":211,"end":223,"is_selflink":false}],"attrs":{},"is_header":false,"rowspan":1,"colspan":1,"original_rowspan":1,"original_colspan":1},{"value":"","html":"<td></td>","links":[],"attrs":{},"is_header":false,"rowspan":1,"colspan":1,"original_rowspan":1,"original_colspan":1}],"attrs":{}},{"cells":[{"value":"December \n1","html":"<td rowspan=\"7\" style=\"text-align:center;\">December<br/>1</td>","links":[],"attrs":{"rowspan":"7","style":"text-align:center;"},"is_header":false,"rowspan":1,"colspan":1,"original_rowspan":7,"original_colspan":1},{"value":"The Bravery","html":"<td><a href=\"/wiki/The_Bravery\" title=\"The Bravery\">The Bravery</a></td>","links":[{"href":"/wiki/The_Bravery","start":0,"end":11,"is_selflink":false}],"attrs":{},"is_header":false,"rowspan":1,"colspan":1,"original_rowspan":1,"original_colspan":1},{"value":"Stir the Blood","html":"<td><i><a href=\"/wiki/Stir_the_Blood\" title=\"Stir the Blood\">Stir the Blood</a></i></td>","links":[{"href":"/wiki/Stir_the_Blood","start":0,"end":14,"is_selflink":false}],"attrs":{},"is_header":false,"rowspan":1,"colspan":1,"original_rowspan":1,"original_colspan":1},{"value":"Post-punk revival","html":"<td><a href=\"/wiki/Post-punk_revival\" title=\"Post-punk revival\">Post-punk revival</a></td>","links":[{"href":"/wiki/Post-punk_revival","start":0,"end":17,"is_selflink":false}],"attrs":{},"is_header":false,"rowspan":1,"colspan":1,"original_rowspan":1,"original_colspan":1},{"value":"Island","html":"<td><a href=\"/wiki/Island_Records\" title=\"Island Records\">Island</a></td>","links":[{"href":"/wiki/Island_Records","start":0,"end":6,"is_selflink":false}],"attrs":{},"is_header":false,"rowspan":1,"colspan":1,"original_rowspan":1,"original_colspan":1},{"value":"John Hill , Sam Endicott","html":"<td><a href=\"/wiki/John_Hill_(record_producer)\" title=\"John Hill (record producer)\">John Hill</a>, <a href=\"/wiki/Sam_Endicott\" title=\"Sam Endicott\">Sam Endicott</a></td>","links":[{"href":"/wiki/John_Hill_(record_producer)","start":0,"end":9,"is_selflink":false},{"href":"/wiki/Sam_Endicott","start":12,"end":24,"is_selflink":false}],"attrs":{},"is_header":false,"rowspan":1,"colspan":1,"original_rowspan":1,"original_colspan":1},{"value":"","html":"<td></td>","links":[],"attrs":{},"is_header":false,"rowspan":1,"colspan":1,"original_rowspan":1,"original_colspan":1}],"attrs":{}},{"cells":[{"value":"December \n1","html":"<td rowspan=\"7\" style=\"text-align:center;\">December<br/>1</td>","links":[],"attrs":{"rowspan":"7","style":"text-align:center;"},"is_header":false,"rowspan":1,"colspan":1,"original_rowspan":7,"original_colspan":1},{"value":"jacksoul","html":"<td><a href=\"/wiki/Jacksoul\" title=\"Jacksoul\">jacksoul</a></td>","links":[{"href":"/wiki/Jacksoul","start":0,"end":8,"is_selflink":false}],"attrs":{},"is_header":false,"rowspan":1,"colspan":1,"original_rowspan":1,"original_colspan":1},{"value":"Soulmate","html":"<td><i><a href=\"/wiki/Soulmate_(album)\" title=\"Soulmate (album)\">Soulmate</a></i></td>","links":[{"href":"/wiki/Soulmate_(album)","start":0,"end":8,"is_selflink":false}],"attrs":{},"is_header":false,"rowspan":1,"colspan":1,"original_rowspan":1,"original_colspan":1},{"value":"R&B , soul","html":"<td><a href=\"/wiki/Contemporary_R%26B\" title=\"Contemporary R&amp;B\">R&amp;B</a>, <a href=\"/wiki/Soul_music\" title=\"Soul music\">soul</a></td>","links":[{"href":"/wiki/Contemporary_R%26B","start":0,"end":3,"is_selflink":false},{"href":"/wiki/Soul_music","start":6,"end":10,"is_selflink":false}],"attrs":{},"is_header":false,"rowspan":1,"colspan":1,"original_rowspan":1,"original_colspan":1},{"value":"Sony Music Canada","html":"<td><a href=\"/wiki/Sony_Music\" title=\"Sony Music\">Sony Music Canada</a></td>","links":[{"href":"/wiki/Sony_Music","start":0,"end":17,"is_selflink":false}],"attrs":{},"is_header":false,"rowspan":1,"colspan":1,"original_rowspan":1,"original_colspan":1},{"value":"Haydain Neale , Ron Lopata","html":"<td><a href=\"/wiki/Haydain_Neale\" title=\"Haydain Neale\">Haydain Neale</a>, Ron Lopata</td>","links":[{"href":"/wiki/Haydain_Neale","start":0,"end":13,"is_selflink":false}],"attrs":{},"is_header":false,"rowspan":1,"colspan":1,"original_rowspan":1,"original_colspan":1},{"value":"","html":"<td></td>","links":[],"attrs":{},"is_header":false,"rowspan":1,"colspan":1,"original_rowspan":1,"original_colspan":1}],"attrs":{}},{"cells":[{"value":"December \n1","html":"<td rowspan=\"7\" style=\"text-align:center;\">December<br/>1</td>","links":[],"attrs":{"rowspan":"7","style":"text-align:center;"},"is_header":false,"rowspan":1,"colspan":1,"original_rowspan":7,"original_colspan":1},{"value":"Juvenile","html":"<td><a href=\"/wiki/Juvenile_(rapper)\" title=\"Juvenile (rapper)\">Juvenile</a></td>","links":[{"href":"/wiki/Juvenile_(rapper)","start":0,"end":8,"is_selflink":false}],"attrs":{},"is_header":false,"rowspan":1,"colspan":1,"original_rowspan":1,"original_colspan":1},{"value":"Cocky & Confident","html":"<td><i><a href=\"/wiki/Cocky_%26_Confident\" title=\"Cocky &amp; Confident\">Cocky &amp; Confident</a></i></td>","links":[{"href":"/wiki/Cocky_%26_Confident","start":0,"end":17,"is_selflink":false}],"attrs":{},"is_header":false,"rowspan":1,"colspan":1,"original_rowspan":1,"original_colspan":1},{"value":"Hip hop","html":"<td><a href=\"/wiki/Hip_hop_music\" title=\"Hip hop music\">Hip hop</a></td>","links":[{"href":"/wiki/Hip_hop_music","start":0,"end":7,"is_selflink":false}],"attrs":{},"is_header":false,"rowspan":1,"colspan":1,"original_rowspan":1,"original_colspan":1},{"value":"Atlantic , UTP Records, eOne","html":"<td><a href=\"/wiki/Atlantic_Records\" title=\"Atlantic Records\">Atlantic</a>, UTP Records, <a href=\"/wiki/Entertainment_One\" title=\"Entertainment One\">eOne</a></td>","links":[{"href":"/wiki/Atlantic_Records","start":0,"end":8,"is_selflink":false},{"href":"/wiki/Entertainment_One","start":24,"end":28,"is_selflink":false}],"attrs":{},"is_header":false,"rowspan":1,"colspan":1,"original_rowspan":1,"original_colspan":1},{"value":"Juvenile, Get Cool, Precise, Niyo, C. Smith, S-8ighty, Mouse, Raw Smoov, Tic Toc, Fatboi , Lu Balz","html":"<td>Juvenile, Get Cool, Precise, Niyo, C. Smith, S-8ighty, Mouse, Raw Smoov, Tic Toc, <a href=\"/wiki/Fatboi\" title=\"Fatboi\">Fatboi</a>, Lu Balz</td>","links":[{"href":"/wiki/Fatboi","start":82,"end":88,"is_selflink":false}],"attrs":{},"is_header":false,"rowspan":1,"colspan":1,"original_rowspan":1,"original_colspan":1},{"value":"","html":"<td></td>","links":[],"attrs":{},"is_header":false,"rowspan":1,"colspan":1,"original_rowspan":1,"original_colspan":1}],"attrs":{}},{"cells":[{"value":"December \n1","html":"<td rowspan=\"7\" style=\"text-align:center;\">December<br/>1</td>","links":[],"attrs":{"rowspan":"7","style":"text-align:center;"},"is_header":false,"rowspan":1,"colspan":1,"original_rowspan":7,"original_colspan":1},{"value":"MxPx","html":"<td><a href=\"/wiki/MxPx\" title=\"MxPx\">MxPx</a></td>","links":[{"href":"/wiki/MxPx","start":0,"end":4,"is_selflink":false}],"attrs":{},"is_header":false,"rowspan":1,"colspan":1,"original_rowspan":1,"original_colspan":1},{"value":"Punk Rawk Christmas","html":"<td><i><a href=\"/wiki/Punk_Rawk_Christmas\" title=\"Punk Rawk Christmas\">Punk Rawk Christmas</a></i></td>","links":[{"href":"/wiki/Punk_Rawk_Christmas","start":0,"end":19,"is_selflink":false}],"attrs":{},"is_header":false,"rowspan":1,"colspan":1,"original_rowspan":1,"original_colspan":1},{"value":"Christian punk , skate punk , Christmas","html":"<td><a href=\"/wiki/Christian_punk\" title=\"Christian punk\">Christian punk</a>, <a href=\"/wiki/Skate_punk\" title=\"Skate punk\">skate punk</a>, <a href=\"/wiki/Christmas_music\" title=\"Christmas music\">Christmas</a></td>","links":[{"href":"/wiki/Christian_punk","start":0,"end":14,"is_selflink":false},{"href":"/wiki/Skate_punk","start":17,"end":27,"is_selflink":false},{"href":"/wiki/Christmas_music","start":30,"end":39,"is_selflink":false}],"attrs":{},"is_header":false,"rowspan":1,"colspan":1,"original_rowspan":1,"original_colspan":1},{"value":"Rock City Recording Company","html":"<td>Rock City Recording Company</td>","links":[],"attrs":{},"is_header":false,"rowspan":1,"colspan":1,"original_rowspan":1,"original_colspan":1},{"value":"","html":"<td></td>","links":[],"attrs":{},"is_header":false,"rowspan":1,"colspan":1,"original_rowspan":1,"original_colspan":1},{"value":"","html":"<td></td>","links":[],"attrs":{},"is_header":false,"rowspan":1,"colspan":1,"original_rowspan":1,"original_colspan":1}],"attrs":{}},{"cells":[{"value":"December \n1","html":"<td rowspan=\"7\" style=\"text-align:center;\">December<br/>1</td>","links":[],"attrs":{"rowspan":"7","style":"text-align:center;"},"is_header":false,"rowspan":1,"colspan":1,"original_rowspan":7,"original_colspan":1},{"value":"Priscilla Renea","html":"<td><a href=\"/wiki/Priscilla_Renea\" title=\"Priscilla Renea\">Priscilla Renea</a></td>","links":[{"href":"/wiki/Priscilla_Renea","start":0,"end":15,"is_selflink":false}],"attrs":{},"is_header":false,"rowspan":1,"colspan":1,"original_rowspan":1,"original_colspan":1},{"value":"Jukebox","html":"<td><i><a href=\"/wiki/Jukebox_(Priscilla_Renea_album)\" title=\"Jukebox (Priscilla Renea album)\">Jukebox</a></i></td>","links":[{"href":"/wiki/Jukebox_(Priscilla_Renea_album)","start":0,"end":7,"is_selflink":false}],"attrs":{},"is_header":false,"rowspan":1,"colspan":1,"original_rowspan":1,"original_colspan":1},{"value":"Pop , synth-pop , soul","html":"<td><a href=\"/wiki/Pop_music\" title=\"Pop music\">Pop</a>, <a href=\"/wiki/Synth-pop\" title=\"Synth-pop\">synth-pop</a>, <a href=\"/wiki/Soul_music\" title=\"Soul music\">soul</a></td>","links":[{"href":"/wiki/Pop_music","start":0,"end":3,"is_selflink":false},{"href":"/wiki/Synth-pop","start":6,"end":15,"is_selflink":false},{"href":"/wiki/Soul_music","start":18,"end":22,"is_selflink":false}],"attrs":{},"is_header":false,"rowspan":1,"colspan":1,"original_rowspan":1,"original_colspan":1},{"value":"Capitol","html":"<td><a href=\"/wiki/Capitol_Records\" title=\"Capitol Records\">Capitol</a></td>","links":[{"href":"/wiki/Capitol_Records","start":0,"end":7,"is_selflink":false}],"attrs":{},"is_header":false,"rowspan":1,"colspan":1,"original_rowspan":1,"original_colspan":1},{"value":"Brian Kidd, Soulshock and Karlin , Benny Blanco , Lil' Ronnie","html":"<td>Brian Kidd, <a href=\"/wiki/Soulshock_and_Karlin\" title=\"Soulshock and Karlin\">Soulshock and Karlin</a>, <a href=\"/wiki/Benny_Blanco\" title=\"Benny Blanco\">Benny Blanco</a>, <a href=\"/wiki/Lil%27_Ronnie\" title=\"Lil' Ronnie\">Lil' Ronnie</a></td>","links":[{"href":"/wiki/Soulshock_and_Karlin","start":12,"end":32,"is_selflink":false},{"href":"/wiki/Benny_Blanco","start":35,"end":47,"is_selflink":false},{"href":"/wiki/Lil%27_Ronnie","start":50,"end":61,"is_selflink":false}],"attrs":{},"is_header":false,"rowspan":1,"colspan":1,"original_rowspan":1,"original_colspan":1},{"value":"","html":"<td></td>","links":[],"attrs":{},"is_header":false,"rowspan":1,"colspan":1,"original_rowspan":1,"original_colspan":1}],"attrs":{}},{"cells":[{"value":"December \n1","html":"<td rowspan=\"7\" style=\"text-align:center;\">December<br/>1</td>","links":[],"attrs":{"rowspan":"7","style":"text-align:center;"},"is_header":false,"rowspan":1,"colspan":1,"original_rowspan":7,"original_colspan":1},{"value":"Thalía","html":"<td><a href=\"/wiki/Thal%C3%ADa\" title=\"Thalía\">Thalía</a></td>","links":[{"href":"/wiki/Thal%C3%ADa","start":0,"end":6,"is_selflink":false}],"attrs":{},"is_header":false,"rowspan":1,"colspan":1,"original_rowspan":1,"original_colspan":1},{"value":"Primera Fila","html":"<td><i><a href=\"/wiki/Primera_Fila_(Thal%C3%ADa_album)\" title=\"Primera Fila (Thalía album)\">Primera Fila</a></i></td>","links":[{"href":"/wiki/Primera_Fila_(Thal%C3%ADa_album)","start":0,"end":12,"is_selflink":false}],"attrs":{},"is_header":false,"rowspan":1,"colspan":1,"original_rowspan":1,"original_colspan":1},{"value":"Latin pop","html":"<td><a href=\"/wiki/Latin_pop\" title=\"Latin pop\">Latin pop</a></td>","links":[{"href":"/wiki/Latin_pop","start":0,"end":9,"is_selflink":false}],"attrs":{},"is_header":false,"rowspan":1,"colspan":1,"original_rowspan":1,"original_colspan":1},{"value":"Sony Music Latin","html":"<td><a href=\"/wiki/Sony_Music_Latin\" title=\"Sony Music Latin\">Sony Music Latin</a></td>","links":[{"href":"/wiki/Sony_Music_Latin","start":0,"end":16,"is_selflink":false}],"attrs":{},"is_header":false,"rowspan":1,"colspan":1,"original_rowspan":1,"original_colspan":1},{"value":"Áureo Baqueiro, Tommy Mottola","html":"<td>Áureo Baqueiro, <a href=\"/wiki/Tommy_Mottola\" title=\"Tommy Mottola\">Tommy Mottola</a></td>","links":[{"href":"/wiki/Tommy_Mottola","start":16,"end":29,"is_selflink":false}],"attrs":{},"is_header":false,"rowspan":1,"colspan":1,"original_rowspan":1,"original_colspan":1},{"value":"","html":"<td></td>","links":[],"attrs":{},"is_header":false,"rowspan":1,"colspan":1,"original_rowspan":1,"original_colspan":1}],"attrs":{}},{"cells":[{"value":"December \n7","html":"<td style=\"text-align:center;\">December<br/>7</td>","links":[],"attrs":{"style":"text-align:center;"},"is_header":false,"rowspan":1,"colspan":1,"original_rowspan":1,"original_colspan":1},{"value":"Dannii Minogue","html":"<td><a href=\"/wiki/Dannii_Minogue\" title=\"Dannii Minogue\">Dannii Minogue</a></td>","links":[{"href":"/wiki/Dannii_Minogue","start":0,"end":14,"is_selflink":false}],"attrs":{},"is_header":false,"rowspan":1,"colspan":1,"original_rowspan":1,"original_colspan":1},{"value":"The 1995 Sessions","html":"<td><i><a href=\"/wiki/The_1995_Sessions\" title=\"The 1995 Sessions\">The 1995 Sessions</a></i></td>","links":[{"href":"/wiki/The_1995_Sessions","start":0,"end":17,"is_selflink":false}],"attrs":{},"is_header":false,"rowspan":1,"colspan":1,"original_rowspan":1,"original_colspan":1},{"value":"Dance , pop","html":"<td><a href=\"/wiki/Dance_music\" title=\"Dance music\">Dance</a>, <a href=\"/wiki/Pop_music\" title=\"Pop music\">pop</a></td>","links":[{"href":"/wiki/Dance_music","start":0,"end":5,"is_selflink":false},{"href":"/wiki/Pop_music","start":8,"end":11,"is_selflink":false}],"attrs":{},"is_header":false,"rowspan":1,"colspan":1,"original_rowspan":1,"original_colspan":1},{"value":"","html":"<td></td>","links":[],"attrs":{},"is_header":false,"rowspan":1,"colspan":1,"original_rowspan":1,"original_colspan":1},{"value":"","html":"<td></td>","links":[],"attrs":{},"is_header":false,"rowspan":1,"colspan":1,"original_rowspan":1,"original_colspan":1},{"value":"","html":"<td></td>","links":[],"attrs":{},"is_header":false,"rowspan":1,"colspan":1,"original_rowspan":1,"original_colspan":1}],"attrs":{}},{"cells":[{"value":"December \n8","html":"<td rowspan=\"10\" style=\"text-align:center;\">December<br/>8</td>","links":[],"attrs":{"rowspan":"10","style":"text-align:center;"},"is_header":false,"rowspan":1,"colspan":1,"original_rowspan":10,"original_colspan":1},{"value":"B.G.","html":"<td><a href=\"/wiki/B.G._(rapper)\" title=\"B.G. (rapper)\">B.G.</a></td>","links":[{"href":"/wiki/B.G._(rapper)","start":0,"end":4,"is_selflink":false}],"attrs":{},"is_header":false,"rowspan":1,"colspan":1,"original_rowspan":1,"original_colspan":1},{"value":"Too Hood 2 Be Hollywood","html":"<td><i><a href=\"/wiki/Too_Hood_2_Be_Hollywood\" title=\"Too Hood 2 Be Hollywood\">Too Hood 2 Be Hollywood</a></i></td>","links":[{"href":"/wiki/Too_Hood_2_Be_Hollywood","start":0,"end":23,"is_selflink":false}],"attrs":{},"is_header":false,"rowspan":1,"colspan":1,"original_rowspan":1,"original_colspan":1},{"value":"Gangsta rap , Southern hip hop","html":"<td><a href=\"/wiki/Gangsta_rap\" title=\"Gangsta rap\">Gangsta rap</a>, <a href=\"/wiki/Southern_hip_hop\" title=\"Southern hip hop\">Southern hip hop</a></td>","links":[{"href":"/wiki/Gangsta_rap","start":0,"end":11,"is_selflink":false},{"href":"/wiki/Southern_hip_hop","start":14,"end":30,"is_selflink":false}],"attrs":{},"is_header":false,"rowspan":1,"colspan":1,"original_rowspan":1,"original_colspan":1},{"value":"","html":"<td></td>","links":[],"attrs":{},"is_header":false,"rowspan":1,"colspan":1,"original_rowspan":1,"original_colspan":1},{"value":"","html":"<td></td>","links":[],"attrs":{},"is_header":false,"rowspan":1,"colspan":1,"original_rowspan":1,"original_colspan":1},{"value":"","html":"<td></td>","links":[],"attrs":{},"is_header":false,"rowspan":1,"colspan":1,"original_rowspan":1,"original_colspan":1}],"attrs":{}},{"cells":[{"value":"December \n8","html":"<td rowspan=\"10\" style=\"text-align:center;\">December<br/>8</td>","links":[],"attrs":{"rowspan":"10","style":"text-align:center;"},"is_header":false,"rowspan":1,"colspan":1,"original_rowspan":10,"original_colspan":1},{"value":"By Divine Right","html":"<td><a href=\"/wiki/By_Divine_Right\" title=\"By Divine Right\">By Divine Right</a></td>","links":[{"href":"/wiki/By_Divine_Right","start":0,"end":15,"is_selflink":false}],"attrs":{},"is_header":false,"rowspan":1,"colspan":1,"original_rowspan":1,"original_colspan":1},{"value":"Mutant Message","html":"<td><i><a href=\"/wiki/Mutant_Message\" title=\"Mutant Message\">Mutant Message</a></i></td>","links":[{"href":"/wiki/Mutant_Message","start":0,"end":14,"is_selflink":false}],"attrs":{},"is_header":false,"rowspan":1,"colspan":1,"original_rowspan":1,"original_colspan":1},{"value":"Indie rock","html":"<td><a href=\"/wiki/Indie_rock\" title=\"Indie rock\">Indie rock</a></td>","links":[{"href":"/wiki/Indie_rock","start":0,"end":10,"is_selflink":false}],"attrs":{},"is_header":false,"rowspan":1,"colspan":1,"original_rowspan":1,"original_colspan":1},{"value":"","html":"<td></td>","links":[],"attrs":{},"is_header":false,"rowspan":1,"colspan":1,"original_rowspan":1,"original_colspan":1},{"value":"","html":"<td></td>","links":[],"attrs":{},"is_header":false,"rowspan":1,"colspan":1,"original_rowspan":1,"original_colspan":1},{"value":"","html":"<td></td>","links":[],"attrs":{},"is_header":false,"rowspan":1,"colspan":1,"original_rowspan":1,"original_colspan":1}],"attrs":{}},{"cells":[{"value":"December \n8","html":"<td rowspan=\"10\" style=\"text-align:center;\">December<br/>8</td>","links":[],"attrs":{"rowspan":"10","style":"text-align:center;"},"is_header":false,"rowspan":1,"colspan":1,"original_rowspan":10,"original_colspan":1},{"value":"Chris Brown","html":"<td><a href=\"/wiki/Chris_Brown\" title=\"Chris Brown\">Chris Brown</a></td>","links":[{"href":"/wiki/Chris_Brown","start":0,"end":11,"is_selflink":false}],"attrs":{},"is_header":false,"rowspan":1,"colspan":1,"original_rowspan":1,"original_colspan":1},{"value":"Graffiti","html":"<td><i><a href=\"/wiki/Graffiti_(Chris_Brown_album)\" title=\"Graffiti (Chris Brown album)\">Graffiti</a></i></td>","links":[{"href":"/wiki/Graffiti_(Chris_Brown_album)","start":0,"end":8,"is_selflink":false}],"attrs":{},"is_header":false,"rowspan":1,"colspan":1,"original_rowspan":1,"original_colspan":1},{"value":"R&B , Euro disco , electronic rock","html":"<td><a href=\"/wiki/Contemporary_R%26B\" title=\"Contemporary R&amp;B\">R&amp;B</a>, <a href=\"/wiki/Euro_disco\" title=\"Euro disco\">Euro disco</a>, <a href=\"/wiki/Electronic_rock\" title=\"Electronic rock\">electronic rock</a></td>","links":[{"href":"/wiki/Contemporary_R%26B","start":0,"end":3,"is_selflink":false},{"href":"/wiki/Euro_disco","start":6,"end":16,"is_selflink":false},{"href":"/wiki/Electronic_rock","start":19,"end":34,"is_selflink":false}],"attrs":{},"is_header":false,"rowspan":1,"colspan":1,"original_rowspan":1,"original_colspan":1},{"value":"Jive","html":"<td><a href=\"/wiki/Jive_Records\" title=\"Jive Records\">Jive</a></td>","links":[{"href":"/wiki/Jive_Records","start":0,"end":4,"is_selflink":false}],"attrs":{},"is_header":false,"rowspan":1,"colspan":1,"original_rowspan":1,"original_colspan":1},{"value":"","html":"<td></td>","links":[],"attrs":{},"is_header":false,"rowspan":1,"colspan":1,"original_rowspan":1,"original_colspan":1},{"value":"","html":"<td></td>","links":[],"attrs":{},"is_header":false,"rowspan":1,"colspan":1,"original_rowspan":1,"original_colspan":1}],"attrs":{}},{"cells":[{"value":"December \n8","html":"<td rowspan=\"10\" style=\"text-align:center;\">December<br/>8</td>","links":[],"attrs":{"rowspan":"10","style":"text-align:center;"},"is_header":false,"rowspan":1,"colspan":1,"original_rowspan":10,"original_colspan":1},{"value":"Gucci Mane","html":"<td><a href=\"/wiki/Gucci_Mane\" title=\"Gucci Mane\">Gucci Mane</a></td>","links":[{"href":"/wiki/Gucci_Mane","start":0,"end":10,"is_selflink":false}],"attrs":{},"is_header":false,"rowspan":1,"colspan":1,"original_rowspan":1,"original_colspan":1},{"value":"The State vs. Radric Davis","html":"<td><i><a href=\"/wiki/The_State_vs._Radric_Davis\" title=\"The State vs. Radric Davis\">The State vs. Radric Davis</a></i></td>","links":[{"href":"/wiki/The_State_vs._Radric_Davis","start":0,"end":26,"is_selflink":false}],"attrs":{},"is_header":false,"rowspan":1,"colspan":1,"original_rowspan":1,"original_colspan":1},{"value":"Hip hop , Southern hip hop","html":"<td><a href=\"/wiki/Hip_hop_music\" title=\"Hip hop music\">Hip hop</a>, <a href=\"/wiki/Southern_hip_hop\" title=\"Southern hip hop\">Southern hip hop</a></td>","links":[{"href":"/wiki/Hip_hop_music","start":0,"end":7,"is_selflink":false},{"href":"/wiki/Southern_hip_hop","start":10,"end":26,"is_selflink":false}],"attrs":{},"is_header":false,"rowspan":1,"colspan":1,"original_rowspan":1,"original_colspan":1},{"value":"","html":"<td></td>","links":[],"attrs":{},"is_header":false,"rowspan":1,"colspan":1,"original_rowspan":1,"original_colspan":1},{"value":"","html":"<td></td>","links":[],"attrs":{},"is_header":false,"rowspan":1,"colspan":1,"original_rowspan":1,"original_colspan":1},{"value":"","html":"<td></td>","links":[],"attrs":{},"is_header":false,"rowspan":1,"colspan":1,"original_rowspan":1,"original_colspan":1}],"attrs":{}},{"cells":[{"value":"December \n8","html":"<td rowspan=\"10\" style=\"text-align:center;\">December<br/>8</td>","links":[],"attrs":{"rowspan":"10","style":"text-align:center;"},"is_header":false,"rowspan":1,"colspan":1,"original_rowspan":10,"original_colspan":1},{"value":"The Mighty Mighty Bosstones","html":"<td><a href=\"/wiki/The_Mighty_Mighty_Bosstones\" title=\"The Mighty Mighty Bosstones\">The Mighty Mighty Bosstones</a></td>","links":[{"href":"/wiki/The_Mighty_Mighty_Bosstones","start":0,"end":27,"is_selflink":false}],"attrs":{},"is_header":false,"rowspan":1,"colspan":1,"original_rowspan":1,"original_colspan":1},{"value":"Pin Points and Gin Joints","html":"<td><i><a href=\"/wiki/Pin_Points_and_Gin_Joints\" title=\"Pin Points and Gin Joints\">Pin Points and Gin Joints</a></i></td>","links":[{"href":"/wiki/Pin_Points_and_Gin_Joints","start":0,"end":25,"is_selflink":false}],"attrs":{},"is_header":false,"rowspan":1,"colspan":1,"original_rowspan":1,"original_colspan":1},{"value":"Ska punk","html":"<td><a href=\"/wiki/Ska_punk\" title=\"Ska punk\">Ska punk</a></td>","links":[{"href":"/wiki/Ska_punk","start":0,"end":8,"is_selflink":false}],"attrs":{},"is_header":false,"rowspan":1,"colspan":1,"original_rowspan":1,"original_colspan":1},{"value":"Big Rig Records","html":"<td>Big Rig Records</td>","links":[],"attrs":{},"is_header":false,"rowspan":1,"colspan":1,"original_rowspan":1,"original_colspan":1},{"value":"Ted Hutt","html":"<td><a href=\"/wiki/Ted_Hutt\" title=\"Ted Hutt\">Ted Hutt</a></td>","links":[{"href":"/wiki/Ted_Hutt","start":0,"end":8,"is_selflink":false}],"attrs":{},"is_header":false,"rowspan":1,"colspan":1,"original_rowspan":1,"original_colspan":1},{"value":"","html":"<td></td>","links":[],"attrs":{},"is_header":false,"rowspan":1,"colspan":1,"original_rowspan":1,"original_colspan":1}],"attrs":{}},{"cells":[{"value":"December \n8","html":"<td rowspan=\"10\" style=\"text-align:center;\">December<br/>8</td>","links":[],"attrs":{"rowspan":"10","style":"text-align:center;"},"is_header":false,"rowspan":1,"colspan":1,"original_rowspan":10,"original_colspan":1},{"value":"Puddle of Mudd","html":"<td><a href=\"/wiki/Puddle_of_Mudd\" title=\"Puddle of Mudd\">Puddle of Mudd</a></td>","links":[{"href":"/wiki/Puddle_of_Mudd","start":0,"end":14,"is_selflink":false}],"attrs":{},"is_header":false,"rowspan":1,"colspan":1,"original_rowspan":1,"original_colspan":1},{"value":"Volume 4: Songs in the Key of Love & Hate","html":"<td><i><a href=\"/wiki/Volume_4:_Songs_in_the_Key_of_Love_%26_Hate\" title=\"Volume 4: Songs in the Key of Love &amp; Hate\">Volume 4: Songs in the Key of Love &amp; Hate</a></i></td>","links":[{"href":"/wiki/Volume_4:_Songs_in_the_Key_of_Love_%26_Hate","start":0,"end":41,"is_selflink":false}],"attrs":{},"is_header":false,"rowspan":1,"colspan":1,"original_rowspan":1,"original_colspan":1},{"value":"Post-grunge , alternative metal","html":"<td><a href=\"/wiki/Post-grunge\" title=\"Post-grunge\">Post-grunge</a>, <a href=\"/wiki/Alternative_metal\" title=\"Alternative metal\">alternative metal</a></td>","links":[{"href":"/wiki/Post-grunge","start":0,"end":11,"is_selflink":false},{"href":"/wiki/Alternative_metal","start":14,"end":31,"is_selflink":false}],"attrs":{},"is_header":false,"rowspan":1,"colspan":1,"original_rowspan":1,"original_colspan":1},{"value":"Flawless , Geffen","html":"<td><a href=\"/wiki/Flawless_Records\" title=\"Flawless Records\">Flawless</a>, <a href=\"/wiki/Geffen_Records\" title=\"Geffen Records\">Geffen</a></td>","links":[{"href":"/wiki/Flawless_Records","start":0,"end":8,"is_selflink":false},{"href":"/wiki/Geffen_Records","start":11,"end":17,"is_selflink":false}],"attrs":{},"is_header":false,"rowspan":1,"colspan":1,"original_rowspan":1,"original_colspan":1},{"value":"","html":"<td></td>","links":[],"attrs":{},"is_header":false,"rowspan":1,"colspan":1,"original_rowspan":1,"original_colspan":1},{"value":"","html":"<td></td>","links":[],"attrs":{},"is_header":false,"rowspan":1,"colspan":1,"original_rowspan":1,"original_colspan":1}],"attrs":{}},{"cells":[{"value":"December \n8","html":"<td rowspan=\"10\" style=\"text-align:center;\">December<br/>8</td>","links":[],"attrs":{"rowspan":"10","style":"text-align:center;"},"is_header":false,"rowspan":1,"colspan":1,"original_rowspan":10,"original_colspan":1},{"value":"Snoop Dogg","html":"<td><a href=\"/wiki/Snoop_Dogg\" title=\"Snoop Dogg\">Snoop Dogg</a></td>","links":[{"href":"/wiki/Snoop_Dogg","start":0,"end":10,"is_selflink":false}],"attrs":{},"is_header":false,"rowspan":1,"colspan":1,"original_rowspan":1,"original_colspan":1},{"value":"Malice n Wonderland","html":"<td><i><a href=\"/wiki/Malice_n_Wonderland\" title=\"Malice n Wonderland\">Malice n Wonderland</a></i></td>","links":[{"href":"/wiki/Malice_n_Wonderland","start":0,"end":19,"is_selflink":false}],"attrs":{},"is_header":false,"rowspan":1,"colspan":1,"original_rowspan":1,"original_colspan":1},{"value":"Hip hop","html":"<td><a href=\"/wiki/Hip_hop_music\" title=\"Hip hop music\">Hip hop</a></td>","links":[{"href":"/wiki/Hip_hop_music","start":0,"end":7,"is_selflink":false}],"attrs":{},"is_header":false,"rowspan":1,"colspan":1,"original_rowspan":1,"original_colspan":1},{"value":"Doggystyle , Priority","html":"<td><a href=\"/wiki/Doggy_Style_Records\" title=\"Doggy Style Records\">Doggystyle</a>, <a href=\"/wiki/Priority_Records\" title=\"Priority Records\">Priority</a></td>","links":[{"href":"/wiki/Doggy_Style_Records","start":0,"end":10,"is_selflink":false},{"href":"/wiki/Priority_Records","start":13,"end":21,"is_selflink":false}],"attrs":{},"is_header":false,"rowspan":1,"colspan":1,"original_rowspan":1,"original_colspan":1},{"value":"","html":"<td></td>","links":[],"attrs":{},"is_header":false,"rowspan":1,"colspan":1,"original_rowspan":1,"original_colspan":1},{"value":"","html":"<td></td>","links":[],"attrs":{},"is_header":false,"rowspan":1,"colspan":1,"original_rowspan":1,"original_colspan":1}],"attrs":{}},{"cells":[{"value":"December \n8","html":"<td rowspan=\"10\" style=\"text-align:center;\">December<br/>8</td>","links":[],"attrs":{"rowspan":"10","style":"text-align:center;"},"is_header":false,"rowspan":1,"colspan":1,"original_rowspan":10,"original_colspan":1},{"value":"Thirty Seconds to Mars","html":"<td><a href=\"/wiki/Thirty_Seconds_to_Mars\" title=\"Thirty Seconds to Mars\">Thirty Seconds to Mars</a></td>","links":[{"href":"/wiki/Thirty_Seconds_to_Mars","start":0,"end":22,"is_selflink":false}],"attrs":{},"is_header":false,"rowspan":1,"colspan":1,"original_rowspan":1,"original_colspan":1},{"value":"This Is War","html":"<td><i><a href=\"/wiki/This_Is_War\" title=\"This Is War\">This Is War</a></i></td>","links":[{"href":"/wiki/This_Is_War","start":0,"end":11,"is_selflink":false}],"attrs":{},"is_header":false,"rowspan":1,"colspan":1,"original_rowspan":1,"original_colspan":1},{"value":"Alternative rock , progressive rock , experimental rock","html":"<td><a href=\"/wiki/Alternative_rock\" title=\"Alternative rock\">Alternative rock</a>, <a href=\"/wiki/Progressive_rock\" title=\"Progressive rock\">progressive rock</a>, <a href=\"/wiki/Experimental_rock\" title=\"Experimental rock\">experimental rock</a></td>","links":[{"href":"/wiki/Alternative_rock","start":0,"end":16,"is_selflink":false},{"href":"/wiki/Progressive_rock","start":19,"end":35,"is_selflink":false},{"href":"/wiki/Experimental_rock","start":38,"end":55,"is_selflink":false}],"attrs":{},"is_header":false,"rowspan":1,"colspan":1,"original_rowspan":1,"original_colspan":1},{"value":"Virgin","html":"<td><a href=\"/wiki/Virgin_Records\" title=\"Virgin Records\">Virgin</a></td>","links":[{"href":"/wiki/Virgin_Records","start":0,"end":6,"is_selflink":false}],"attrs":{},"is_header":false,"rowspan":1,"colspan":1,"original_rowspan":1,"original_colspan":1},{"value":"","html":"<td></td>","links":[],"attrs":{},"is_header":false,"rowspan":1,"colspan":1,"original_rowspan":1,"original_colspan":1},{"value":"","html":"<td></td>","links":[],"attrs":{},"is_header":false,"rowspan":1,"colspan":1,"original_rowspan":1,"original_colspan":1}],"attrs":{}},{"cells":[{"value":"December \n8","html":"<td rowspan=\"10\" style=\"text-align:center;\">December<br/>8</td>","links":[],"attrs":{"rowspan":"10","style":"text-align:center;"},"is_header":false,"rowspan":1,"colspan":1,"original_rowspan":10,"original_colspan":1},{"value":"Timbaland","html":"<td><a href=\"/wiki/Timbaland\" title=\"Timbaland\">Timbaland</a></td>","links":[{"href":"/wiki/Timbaland","start":0,"end":9,"is_selflink":false}],"attrs":{},"is_header":false,"rowspan":1,"colspan":1,"original_rowspan":1,"original_colspan":1},{"value":"Shock Value II","html":"<td><i><a href=\"/wiki/Shock_Value_II\" title=\"Shock Value II\">Shock Value II</a></i></td>","links":[{"href":"/wiki/Shock_Value_II","start":0,"end":14,"is_selflink":false}],"attrs":{},"is_header":false,"rowspan":1,"colspan":1,"original_rowspan":1,"original_colspan":1},{"value":"Hip hop , R&B , EDM","html":"<td><a href=\"/wiki/Hip_hop_music\" title=\"Hip hop music\">Hip hop</a>, <a href=\"/wiki/Contemporary_R%26B\" title=\"Contemporary R&amp;B\">R&amp;B</a>, <a href=\"/wiki/Electronic_dance_music\" title=\"Electronic dance music\">EDM</a></td>","links":[{"href":"/wiki/Hip_hop_music","start":0,"end":7,"is_selflink":false},{"href":"/wiki/Contemporary_R%26B","start":10,"end":13,"is_selflink":false},{"href":"/wiki/Electronic_dance_music","start":16,"end":19,"is_selflink":false}],"attrs":{},"is_header":false,"rowspan":1,"colspan":1,"original_rowspan":1,"original_colspan":1},{"value":"","html":"<td></td>","links":[],"attrs":{},"is_header":false,"rowspan":1,"colspan":1,"original_rowspan":1,"original_colspan":1},{"value":"","html":"<td></td>","links":[],"attrs":{},"is_header":false,"rowspan":1,"colspan":1,"original_rowspan":1,"original_colspan":1},{"value":"","html":"<td></td>","links":[],"attrs":{},"is_header":false,"rowspan":1,"colspan":1,"original_rowspan":1,"original_colspan":1}],"attrs":{}},{"cells":[{"value":"December \n8","html":"<td rowspan=\"10\" style=\"text-align:center;\">December<br/>8</td>","links":[],"attrs":{"rowspan":"10","style":"text-align:center;"},"is_header":false,"rowspan":1,"colspan":1,"original_rowspan":10,"original_colspan":1},{"value":"We the Kings","html":"<td><a href=\"/wiki/We_the_Kings\" title=\"We the Kings\">We the Kings</a></td>","links":[{"href":"/wiki/We_the_Kings","start":0,"end":12,"is_selflink":false}],"attrs":{},"is_header":false,"rowspan":1,"colspan":1,"original_rowspan":1,"original_colspan":1},{"value":"Smile Kid","html":"<td><i><a href=\"/wiki/Smile_Kid\" title=\"Smile Kid\">Smile Kid</a></i></td>","links":[{"href":"/wiki/Smile_Kid","start":0,"end":9,"is_selflink":false}],"attrs":{},"is_header":false,"rowspan":1,"colspan":1,"original_rowspan":1,"original_colspan":1},{"value":"Pop punk , pop rock , power pop , pop","html":"<td><a href=\"/wiki/Pop_punk\" title=\"Pop punk\">Pop punk</a>, <a href=\"/wiki/Pop_rock\" title=\"Pop rock\">pop rock</a>, <a href=\"/wiki/Power_pop\" title=\"Power pop\">power pop</a>, <a href=\"/wiki/Pop_music\" title=\"Pop music\">pop</a></td>","links":[{"href":"/wiki/Pop_punk","start":0,"end":8,"is_selflink":false},{"href":"/wiki/Pop_rock","start":11,"end":19,"is_selflink":false},{"href":"/wiki/Power_pop","start":22,"end":31,"is_selflink":false},{"href":"/wiki/Pop_music","start":34,"end":37,"is_selflink":false}],"attrs":{},"is_header":false,"rowspan":1,"colspan":1,"original_rowspan":1,"original_colspan":1},{"value":"","html":"<td></td>","links":[],"attrs":{},"is_header":false,"rowspan":1,"colspan":1,"original_rowspan":1,"original_colspan":1},{"value":"","html":"<td></td>","links":[],"attrs":{},"is_header":false,"rowspan":1,"colspan":1,"original_rowspan":1,"original_colspan":1},{"value":"","html":"<td></td>","links":[],"attrs":{},"is_header":false,"rowspan":1,"colspan":1,"original_rowspan":1,"original_colspan":1}],"attrs":{}},{"cells":[{"value":"December \n11","html":"<td style=\"text-align:center;\">December<br/>11</td>","links":[],"attrs":{"style":"text-align:center;"},"is_header":false,"rowspan":1,"colspan":1,"original_rowspan":1,"original_colspan":1},{"value":"Alicia Keys","html":"<td><a href=\"/wiki/Alicia_Keys\" title=\"Alicia Keys\">Alicia Keys</a></td>","links":[{"href":"/wiki/Alicia_Keys","start":0,"end":11,"is_selflink":false}],"attrs":{},"is_header":false,"rowspan":1,"colspan":1,"original_rowspan":1,"original_colspan":1},{"value":"The Element of Freedom","html":"<td><i><a href=\"/wiki/The_Element_of_Freedom\" title=\"The Element of Freedom\">The Element of Freedom</a></i></td>","links":[{"href":"/wiki/The_Element_of_Freedom","start":0,"end":22,"is_selflink":false}],"attrs":{},"is_header":false,"rowspan":1,"colspan":1,"original_rowspan":1,"original_colspan":1},{"value":"R&B","html":"<td><a href=\"/wiki/Contemporary_R%26B\" title=\"Contemporary R&amp;B\">R&amp;B</a></td>","links":[{"href":"/wiki/Contemporary_R%26B","start":0,"end":3,"is_selflink":false}],"attrs":{},"is_header":false,"rowspan":1,"colspan":1,"original_rowspan":1,"original_colspan":1},{"value":"","html":"<td></td>","links":[],"attrs":{},"is_header":false,"rowspan":1,"colspan":1,"original_rowspan":1,"original_colspan":1},{"value":"","html":"<td></td>","links":[],"attrs":{},"is_header":false,"rowspan":1,"colspan":1,"original_rowspan":1,"original_colspan":1},{"value":"","html":"<td></td>","links":[],"attrs":{},"is_header":false,"rowspan":1,"colspan":1,"original_rowspan":1,"original_colspan":1}],"attrs":{}},{"cells":[{"value":"December \n14","html":"<td style=\"text-align:center;\">December<br/>14</td>","links":[],"attrs":{"style":"text-align:center;"},"is_header":false,"rowspan":1,"colspan":1,"original_rowspan":1,"original_colspan":1},{"value":"Kylie Minogue","html":"<td><a href=\"/wiki/Kylie_Minogue\" title=\"Kylie Minogue\">Kylie Minogue</a></td>","links":[{"href":"/wiki/Kylie_Minogue","start":0,"end":13,"is_selflink":false}],"attrs":{},"is_header":false,"rowspan":1,"colspan":1,"original_rowspan":1,"original_colspan":1},{"value":"Live in New York","html":"<td><i><a href=\"/wiki/Live_in_New_York_(Kylie_Minogue_album)\" title=\"Live in New York (Kylie Minogue album)\">Live in New York</a></i></td>","links":[{"href":"/wiki/Live_in_New_York_(Kylie_Minogue_album)","start":0,"end":16,"is_selflink":false}],"attrs":{},"is_header":false,"rowspan":1,"colspan":1,"original_rowspan":1,"original_colspan":1},{"value":"Pop , dance , electronica","html":"<td><a href=\"/wiki/Pop_music\" title=\"Pop music\">Pop</a>, <a href=\"/wiki/Dance_music\" title=\"Dance music\">dance</a>, <a href=\"/wiki/Electronica\" title=\"Electronica\">electronica</a></td>","links":[{"href":"/wiki/Pop_music","start":0,"end":3,"is_selflink":false},{"href":"/wiki/Dance_music","start":6,"end":11,"is_selflink":false},{"href":"/wiki/Electronica","start":14,"end":25,"is_selflink":false}],"attrs":{},"is_header":false,"rowspan":1,"colspan":1,"original_rowspan":1,"original_colspan":1},{"value":"","html":"<td></td>","links":[],"attrs":{},"is_header":false,"rowspan":1,"colspan":1,"original_rowspan":1,"original_colspan":1},{"value":"","html":"<td></td>","links":[],"attrs":{},"is_header":false,"rowspan":1,"colspan":1,"original_rowspan":1,"original_colspan":1},{"value":"","html":"<td></td>","links":[],"attrs":{},"is_header":false,"rowspan":1,"colspan":1,"original_rowspan":1,"original_colspan":1}],"attrs":{}},{"cells":[{"value":"December \n15","html":"<td rowspan=\"3\" style=\"text-align:center;\">December<br/>15</td>","links":[],"attrs":{"rowspan":"3","style":"text-align:center;"},"is_header":false,"rowspan":1,"colspan":1,"original_rowspan":3,"original_colspan":1},{"value":"Obie Trice","html":"<td><a href=\"/wiki/Obie_Trice\" title=\"Obie Trice\">Obie Trice</a></td>","links":[{"href":"/wiki/Obie_Trice","start":0,"end":10,"is_selflink":false}],"attrs":{},"is_header":false,"rowspan":1,"colspan":1,"original_rowspan":1,"original_colspan":1},{"value":"Special Reserve","html":"<td><i><a href=\"/wiki/Special_Reserve_(Obie_Trice_album)\" title=\"Special Reserve (Obie Trice album)\">Special Reserve</a></i></td>","links":[{"href":"/wiki/Special_Reserve_(Obie_Trice_album)","start":0,"end":15,"is_selflink":false}],"attrs":{},"is_header":false,"rowspan":1,"colspan":1,"original_rowspan":1,"original_colspan":1},{"value":"Hip hop","html":"<td><a href=\"/wiki/Hip_hop_music\" title=\"Hip hop music\">Hip hop</a></td>","links":[{"href":"/wiki/Hip_hop_music","start":0,"end":7,"is_selflink":false}],"attrs":{},"is_header":false,"rowspan":1,"colspan":1,"original_rowspan":1,"original_colspan":1},{"value":"","html":"<td></td>","links":[],"attrs":{},"is_header":false,"rowspan":1,"colspan":1,"original_rowspan":1,"original_colspan":1},{"value":"","html":"<td></td>","links":[],"attrs":{},"is_header":false,"rowspan":1,"colspan":1,"original_rowspan":1,"original_colspan":1},{"value":"","html":"<td></td>","links":[],"attrs":{},"is_header":false,"rowspan":1,"colspan":1,"original_rowspan":1,"original_colspan":1}],"attrs":{}},{"cells":[{"value":"December \n15","html":"<td rowspan=\"3\" style=\"text-align:center;\">December<br/>15</td>","links":[],"attrs":{"rowspan":"3","style":"text-align:center;"},"is_header":false,"rowspan":1,"colspan":1,"original_rowspan":3,"original_colspan":1},{"value":"Robin Thicke","html":"<td><a href=\"/wiki/Robin_Thicke\" title=\"Robin Thicke\">Robin Thicke</a></td>","links":[{"href":"/wiki/Robin_Thicke","start":0,"end":12,"is_selflink":false}],"attrs":{},"is_header":false,"rowspan":1,"colspan":1,"original_rowspan":1,"original_colspan":1},{"value":"Sex Therapy: The Session","html":"<td><i><a href=\"/wiki/Sex_Therapy:_The_Session\" title=\"Sex Therapy: The Session\">Sex Therapy: The Session</a></i></td>","links":[{"href":"/wiki/Sex_Therapy:_The_Session","start":0,"end":24,"is_selflink":false}],"attrs":{},"is_header":false,"rowspan":1,"colspan":1,"original_rowspan":1,"original_colspan":1},{"value":"R&B , soul , hip hop","html":"<td><a href=\"/wiki/Contemporary_R%26B\" title=\"Contemporary R&amp;B\">R&amp;B</a>, <a href=\"/wiki/Soul_music\" title=\"Soul music\">soul</a>, <a href=\"/wiki/Hip_hop_music\" title=\"Hip hop music\">hip hop</a></td>","links":[{"href":"/wiki/Contemporary_R%26B","start":0,"end":3,"is_selflink":false},{"href":"/wiki/Soul_music","start":6,"end":10,"is_selflink":false},{"href":"/wiki/Hip_hop_music","start":13,"end":20,"is_selflink":false}],"attrs":{},"is_header":false,"rowspan":1,"colspan":1,"original_rowspan":1,"original_colspan":1},{"value":"","html":"<td></td>","links":[],"attrs":{},"is_header":false,"rowspan":1,"colspan":1,"original_rowspan":1,"original_colspan":1},{"value":"","html":"<td></td>","links":[],"attrs":{},"is_header":false,"rowspan":1,"colspan":1,"original_rowspan":1,"original_colspan":1},{"value":"","html":"<td></td>","links":[],"attrs":{},"is_header":false,"rowspan":1,"colspan":1,"original_rowspan":1,"original_colspan":1}],"attrs":{}},{"cells":[{"value":"December \n15","html":"<td rowspan=\"3\" style=\"text-align:center;\">December<br/>15</td>","links":[],"attrs":{"rowspan":"3","style":"text-align:center;"},"is_header":false,"rowspan":1,"colspan":1,"original_rowspan":3,"original_colspan":1},{"value":"Seabird","html":"<td><a href=\"/wiki/Seabird_(band)\" title=\"Seabird (band)\">Seabird</a></td>","links":[{"href":"/wiki/Seabird_(band)","start":0,"end":7,"is_selflink":false}],"attrs":{},"is_header":false,"rowspan":1,"colspan":1,"original_rowspan":1,"original_colspan":1},{"value":"Rocks into Rivers","html":"<td><i><a href=\"/wiki/Rocks_into_Rivers\" title=\"Rocks into Rivers\">Rocks into Rivers</a></i></td>","links":[{"href":"/wiki/Rocks_into_Rivers","start":0,"end":17,"is_selflink":false}],"attrs":{},"is_header":false,"rowspan":1,"colspan":1,"original_rowspan":1,"original_colspan":1},{"value":"Contemporary Christian music","html":"<td><a href=\"/wiki/Contemporary_Christian_music\" title=\"Contemporary Christian music\">Contemporary Christian music</a></td>","links":[{"href":"/wiki/Contemporary_Christian_music","start":0,"end":28,"is_selflink":false}],"attrs":{},"is_header":false,"rowspan":1,"colspan":1,"original_rowspan":1,"original_colspan":1},{"value":"","html":"<td></td>","links":[],"attrs":{},"is_header":false,"rowspan":1,"colspan":1,"original_rowspan":1,"original_colspan":1},{"value":"","html":"<td></td>","links":[],"attrs":{},"is_header":false,"rowspan":1,"colspan":1,"original_rowspan":1,"original_colspan":1},{"value":"","html":"<td></td>","links":[],"attrs":{},"is_header":false,"rowspan":1,"colspan":1,"original_rowspan":1,"original_colspan":1}],"attrs":{}},{"cells":[{"value":"December \n18","html":"<td style=\"text-align:center;\">December<br/>18</td>","links":[],"attrs":{"style":"text-align:center;"},"is_header":false,"rowspan":1,"colspan":1,"original_rowspan":1,"original_colspan":1},{"value":"Mary J. Blige","html":"<td><a href=\"/wiki/Mary_J._Blige\" title=\"Mary J. Blige\">Mary J. Blige</a></td>","links":[{"href":"/wiki/Mary_J._Blige","start":0,"end":13,"is_selflink":false}],"attrs":{},"is_header":false,"rowspan":1,"colspan":1,"original_rowspan":1,"original_colspan":1},{"value":"Stronger with Each Tear","html":"<td><i><a href=\"/wiki/Stronger_with_Each_Tear\" title=\"Stronger with Each Tear\">Stronger with Each Tear</a></i></td>","links":[{"href":"/wiki/Stronger_with_Each_Tear","start":0,"end":23,"is_selflink":false}],"attrs":{},"is_header":false,"rowspan":1,"colspan":1,"original_rowspan":1,"original_colspan":1},{"value":"R&B , hip hop soul","html":"<td><a href=\"/wiki/Contemporary_R%26B\" title=\"Contemporary R&amp;B\">R&amp;B</a>, <a href=\"/wiki/Hip_hop_soul\" title=\"Hip hop soul\">hip hop soul</a></td>","links":[{"href":"/wiki/Contemporary_R%26B","start":0,"end":3,"is_selflink":false},{"href":"/wiki/Hip_hop_soul","start":6,"end":18,"is_selflink":false}],"attrs":{},"is_header":false,"rowspan":1,"colspan":1,"original_rowspan":1,"original_colspan":1},{"value":"","html":"<td></td>","links":[],"attrs":{},"is_header":false,"rowspan":1,"colspan":1,"original_rowspan":1,"original_colspan":1},{"value":"","html":"<td></td>","links":[],"attrs":{},"is_header":false,"rowspan":1,"colspan":1,"original_rowspan":1,"original_colspan":1},{"value":"","html":"<td></td>","links":[],"attrs":{},"is_header":false,"rowspan":1,"colspan":1,"original_rowspan":1,"original_colspan":1}],"attrs":{}},{"cells":[{"value":"December \n21","html":"<td rowspan=\"5\" style=\"text-align:center;\">December<br/>21</td>","links":[],"attrs":{"rowspan":"5","style":"text-align:center;"},"is_header":false,"rowspan":1,"colspan":1,"original_rowspan":5,"original_colspan":1},{"value":"Cold War Kids","html":"<td><a href=\"/wiki/Cold_War_Kids\" title=\"Cold War Kids\">Cold War Kids</a></td>","links":[{"href":"/wiki/Cold_War_Kids","start":0,"end":13,"is_selflink":false}],"attrs":{},"is_header":false,"rowspan":1,"colspan":1,"original_rowspan":1,"original_colspan":1},{"value":"Behave Yourself","html":"<td><i><a href=\"/wiki/Behave_Yourself_(EP)\" title=\"Behave Yourself (EP)\">Behave Yourself</a></i></td>","links":[{"href":"/wiki/Behave_Yourself_(EP)","start":0,"end":15,"is_selflink":false}],"attrs":{},"is_header":false,"rowspan":1,"colspan":1,"original_rowspan":1,"original_colspan":1},{"value":"Indie rock , soul","html":"<td><a href=\"/wiki/Indie_rock\" title=\"Indie rock\">Indie rock</a>, <a href=\"/wiki/Soul_music\" title=\"Soul music\">soul</a></td>","links":[{"href":"/wiki/Indie_rock","start":0,"end":10,"is_selflink":false},{"href":"/wiki/Soul_music","start":13,"end":17,"is_selflink":false}],"attrs":{},"is_header":false,"rowspan":1,"colspan":1,"original_rowspan":1,"original_colspan":1},{"value":"Downtown , V2","html":"<td><a href=\"/wiki/Downtown_Records\" title=\"Downtown Records\">Downtown</a>, <a href=\"/wiki/V2_Records\" title=\"V2 Records\">V2</a></td>","links":[{"href":"/wiki/Downtown_Records","start":0,"end":8,"is_selflink":false},{"href":"/wiki/V2_Records","start":11,"end":13,"is_selflink":false}],"attrs":{},"is_header":false,"rowspan":1,"colspan":1,"original_rowspan":1,"original_colspan":1},{"value":"Matt Wignall","html":"<td>Matt Wignall</td>","links":[],"attrs":{},"is_header":false,"rowspan":1,"colspan":1,"original_rowspan":1,"original_colspan":1},{"value":"","html":"<td></td>","links":[],"attrs":{},"is_header":false,"rowspan":1,"colspan":1,"original_rowspan":1,"original_colspan":1}],"attrs":{}},{"cells":[{"value":"December \n21","html":"<td rowspan=\"5\" style=\"text-align:center;\">December<br/>21</td>","links":[],"attrs":{"rowspan":"5","style":"text-align:center;"},"is_header":false,"rowspan":1,"colspan":1,"original_rowspan":5,"original_colspan":1},{"value":"Eminem","html":"<td><a href=\"/wiki/Eminem\" title=\"Eminem\">Eminem</a></td>","links":[{"href":"/wiki/Eminem","start":0,"end":6,"is_selflink":false}],"attrs":{},"is_header":false,"rowspan":1,"colspan":1,"original_rowspan":1,"original_colspan":1},{"value":"Relapse: Refill","html":"<td><i><a class=\"mw-redirect\" href=\"/wiki/Relapse:_Refill\" title=\"Relapse: Refill\">Relapse: Refill</a></i></td>","links":[{"href":"/wiki/Relapse:_Refill","start":0,"end":15,"is_selflink":false}],"attrs":{},"is_header":false,"rowspan":1,"colspan":1,"original_rowspan":1,"original_colspan":1},{"value":"Horrorcore , hardcore hip hop","html":"<td><a href=\"/wiki/Horrorcore\" title=\"Horrorcore\">Horrorcore</a>, <a href=\"/wiki/Hardcore_hip_hop\" title=\"Hardcore hip hop\">hardcore hip hop</a></td>","links":[{"href":"/wiki/Horrorcore","start":0,"end":10,"is_selflink":false},{"href":"/wiki/Hardcore_hip_hop","start":13,"end":29,"is_selflink":false}],"attrs":{},"is_header":false,"rowspan":1,"colspan":1,"original_rowspan":1,"original_colspan":1},{"value":"","html":"<td></td>","links":[],"attrs":{},"is_header":false,"rowspan":1,"colspan":1,"original_rowspan":1,"original_colspan":1},{"value":"","html":"<td></td>","links":[],"attrs":{},"is_header":false,"rowspan":1,"colspan":1,"original_rowspan":1,"original_colspan":1},{"value":"","html":"<td></td>","links":[],"attrs":{},"is_header":false,"rowspan":1,"colspan":1,"original_rowspan":1,"original_colspan":1}],"attrs":{}},{"cells":[{"value":"December \n21","html":"<td rowspan=\"5\" style=\"text-align:center;\">December<br/>21</td>","links":[],"attrs":{"rowspan":"5","style":"text-align:center;"},"is_header":false,"rowspan":1,"colspan":1,"original_rowspan":5,"original_colspan":1},{"value":"Hurricane Chris","html":"<td><a href=\"/wiki/Hurricane_Chris_(rapper)\" title=\"Hurricane Chris (rapper)\">Hurricane Chris</a></td>","links":[{"href":"/wiki/Hurricane_Chris_(rapper)","start":0,"end":15,"is_selflink":false}],"attrs":{},"is_header":false,"rowspan":1,"colspan":1,"original_rowspan":1,"original_colspan":1},{"value":" Unleashed","html":"<td><i> <a href=\"/wiki/Unleashed_(Hurricane_Chris_album)\" title=\"Unleashed (Hurricane Chris album)\">Unleashed</a></i></td>","links":[{"href":"/wiki/Unleashed_(Hurricane_Chris_album)","start":1,"end":10,"is_selflink":false}],"attrs":{},"is_header":false,"rowspan":1,"colspan":1,"original_rowspan":1,"original_colspan":1},{"value":"Hip hop","html":"<td><a href=\"/wiki/Hip_hop_music\" title=\"Hip hop music\">Hip hop</a></td>","links":[{"href":"/wiki/Hip_hop_music","start":0,"end":7,"is_selflink":false}],"attrs":{},"is_header":false,"rowspan":1,"colspan":1,"original_rowspan":1,"original_colspan":1},{"value":"","html":"<td></td>","links":[],"attrs":{},"is_header":false,"rowspan":1,"colspan":1,"original_rowspan":1,"original_colspan":1},{"value":"","html":"<td></td>","links":[],"attrs":{},"is_header":false,"rowspan":1,"colspan":1,"original_rowspan":1,"original_colspan":1},{"value":"","html":"<td></td>","links":[],"attrs":{},"is_header":false,"rowspan":1,"colspan":1,"original_rowspan":1,"original_colspan":1}],"attrs":{}},{"cells":[{"value":"December \n21","html":"<td rowspan=\"5\" style=\"text-align:center;\">December<br/>21</td>","links":[],"attrs":{"rowspan":"5","style":"text-align:center;"},"is_header":false,"rowspan":1,"colspan":1,"original_rowspan":5,"original_colspan":1},{"value":"Mudvayne","html":"<td><a href=\"/wiki/Mudvayne\" title=\"Mudvayne\">Mudvayne</a></td>","links":[{"href":"/wiki/Mudvayne","start":0,"end":8,"is_selflink":false}],"attrs":{},"is_header":false,"rowspan":1,"colspan":1,"original_rowspan":1,"original_colspan":1},{"value":"Mudvayne","html":"<td><i><a href=\"/wiki/Mudvayne_(album)\" title=\"Mudvayne (album)\">Mudvayne</a></i></td>","links":[{"href":"/wiki/Mudvayne_(album)","start":0,"end":8,"is_selflink":false}],"attrs":{},"is_header":false,"rowspan":1,"colspan":1,"original_rowspan":1,"original_colspan":1},{"value":"Nu metal , hard rock","html":"<td><a href=\"/wiki/Nu_metal\" title=\"Nu metal\">Nu metal</a>, <a href=\"/wiki/Hard_rock\" title=\"Hard rock\">hard rock</a></td>","links":[{"href":"/wiki/Nu_metal","start":0,"end":8,"is_selflink":false},{"href":"/wiki/Hard_rock","start":11,"end":20,"is_selflink":false}],"attrs":{},"is_header":false,"rowspan":1,"colspan":1,"original_rowspan":1,"original_colspan":1},{"value":"","html":"<td></td>","links":[],"attrs":{},"is_header":false,"rowspan":1,"colspan":1,"original_rowspan":1,"original_colspan":1},{"value":"","html":"<td></td>","links":[],"attrs":{},"is_header":false,"rowspan":1,"colspan":1,"original_rowspan":1,"original_colspan":1},{"value":"","html":"<td></td>","links":[],"attrs":{},"is_header":false,"rowspan":1,"colspan":1,"original_rowspan":1,"original_colspan":1}],"attrs":{}},{"cells":[{"value":"December \n21","html":"<td rowspan=\"5\" style=\"text-align:center;\">December<br/>21</td>","links":[],"attrs":{"rowspan":"5","style":"text-align:center;"},"is_header":false,"rowspan":1,"colspan":1,"original_rowspan":5,"original_colspan":1},{"value":"Various artists","html":"<td>Various artists</td>","links":[],"attrs":{},"is_header":false,"rowspan":1,"colspan":1,"original_rowspan":1,"original_colspan":1},{"value":"We Are Young Money","html":"<td><i><a href=\"/wiki/We_Are_Young_Money\" title=\"We Are Young Money\">We Are Young Money</a></i></td>","links":[{"href":"/wiki/We_Are_Young_Money","start":0,"end":18,"is_selflink":false}],"attrs":{},"is_header":false,"rowspan":1,"colspan":1,"original_rowspan":1,"original_colspan":1},{"value":"Hip hop , R&B","html":"<td><a href=\"/wiki/Hip_hop_music\" title=\"Hip hop music\">Hip hop</a>, <a href=\"/wiki/Contemporary_R%26B\" title=\"Contemporary R&amp;B\">R&amp;B</a></td>","links":[{"href":"/wiki/Hip_hop_music","start":0,"end":7,"is_selflink":false},{"href":"/wiki/Contemporary_R%26B","start":10,"end":13,"is_selflink":false}],"attrs":{},"is_header":false,"rowspan":1,"colspan":1,"original_rowspan":1,"original_colspan":1},{"value":"Young Money","html":"<td><a href=\"/wiki/Young_Money_Entertainment\" title=\"Young Money Entertainment\">Young Money</a></td>","links":[{"href":"/wiki/Young_Money_Entertainment","start":0,"end":11,"is_selflink":false}],"attrs":{},"is_header":false,"rowspan":1,"colspan":1,"original_rowspan":1,"original_colspan":1},{"value":"","html":"<td></td>","links":[],"attrs":{},"is_header":false,"rowspan":1,"colspan":1,"original_rowspan":1,"original_colspan":1},{"value":"","html":"<td></td>","links":[],"attrs":{},"is_header":false,"rowspan":1,"colspan":1,"original_rowspan":1,"original_colspan":1}],"attrs":{}},{"cells":[{"value":"December \n22","html":"<td style=\"text-align:center;\">December<br/>22</td>","links":[],"attrs":{"style":"text-align:center;"},"is_header":false,"rowspan":1,"colspan":1,"original_rowspan":1,"original_colspan":1},{"value":"John Reuben","html":"<td><a href=\"/wiki/John_Reuben\" title=\"John Reuben\">John Reuben</a></td>","links":[{"href":"/wiki/John_Reuben","start":0,"end":11,"is_selflink":false}],"attrs":{},"is_header":false,"rowspan":1,"colspan":1,"original_rowspan":1,"original_colspan":1},{"value":"Sex, Drugs and Self-Control","html":"<td><i><a href=\"/wiki/Sex,_Drugs_and_Self-Control\" title=\"Sex, Drugs and Self-Control\">Sex, Drugs and Self-Control</a></i></td>","links":[{"href":"/wiki/Sex,_Drugs_and_Self-Control","start":0,"end":27,"is_selflink":false}],"attrs":{},"is_header":false,"rowspan":1,"colspan":1,"original_rowspan":1,"original_colspan":1},{"value":"Christian hip hop","html":"<td><a href=\"/wiki/Christian_hip_hop\" title=\"Christian hip hop\">Christian hip hop</a></td>","links":[{"href":"/wiki/Christian_hip_hop","start":0,"end":17,"is_selflink":false}],"attrs":{},"is_header":false,"rowspan":1,"colspan":1,"original_rowspan":1,"original_colspan":1},{"value":"","html":"<td></td>","links":[],"attrs":{},"is_header":false,"rowspan":1,"colspan":1,"original_rowspan":1,"original_colspan":1},{"value":"","html":"<td></td>","links":[],"attrs":{},"is_header":false,"rowspan":1,"colspan":1,"original_rowspan":1,"original_colspan":1},{"value":"","html":"<td></td>","links":[],"attrs":{},"is_header":false,"rowspan":1,"colspan":1,"original_rowspan":1,"original_colspan":1}],"attrs":{}},{"cells":[{"value":"December \n28","html":"<td style=\"text-align:center;\">December<br/>28</td>","links":[],"attrs":{"style":"text-align:center;"},"is_header":false,"rowspan":1,"colspan":1,"original_rowspan":1,"original_colspan":1},{"value":"Codeine Velvet Club","html":"<td><a href=\"/wiki/Codeine_Velvet_Club\" title=\"Codeine Velvet Club\">Codeine Velvet Club</a></td>","links":[{"href":"/wiki/Codeine_Velvet_Club","start":0,"end":19,"is_selflink":false}],"attrs":{},"is_header":false,"rowspan":1,"colspan":1,"original_rowspan":1,"original_colspan":1},{"value":"Codeine Velvet Club","html":"<td><i><a href=\"/wiki/Codeine_Velvet_Club_(album)\" title=\"Codeine Velvet Club (album)\">Codeine Velvet Club</a></i></td>","links":[{"href":"/wiki/Codeine_Velvet_Club_(album)","start":0,"end":19,"is_selflink":false}],"attrs":{},"is_header":false,"rowspan":1,"colspan":1,"original_rowspan":1,"original_colspan":1},{"value":"Baroque pop","html":"<td><a href=\"/wiki/Baroque_pop\" title=\"Baroque pop\">Baroque pop</a></td>","links":[{"href":"/wiki/Baroque_pop","start":0,"end":11,"is_selflink":false}],"attrs":{},"is_header":false,"rowspan":1,"colspan":1,"original_rowspan":1,"original_colspan":1},{"value":"","html":"<td></td>","links":[],"attrs":{},"is_header":false,"rowspan":1,"colspan":1,"original_rowspan":1,"original_colspan":1},{"value":"","html":"<td></td>","links":[],"attrs":{},"is_header":false,"rowspan":1,"colspan":1,"original_rowspan":1,"original_colspan":1},{"value":"","html":"<td></td>","links":[],"attrs":{},"is_header":false,"rowspan":1,"colspan":1,"original_rowspan":1,"original_colspan":1}],"attrs":{}},{"cells":[{"value":"December \n29","html":"<td style=\"text-align:center;\">December<br/>29</td>","links":[],"attrs":{"style":"text-align:center;"},"is_header":false,"rowspan":1,"colspan":1,"original_rowspan":1,"original_colspan":1},{"value":"Twenty One Pilots","html":"<td><a href=\"/wiki/Twenty_One_Pilots\" title=\"Twenty One Pilots\">Twenty One Pilots</a></td>","links":[{"href":"/wiki/Twenty_One_Pilots","start":0,"end":17,"is_selflink":false}],"attrs":{},"is_header":false,"rowspan":1,"colspan":1,"original_rowspan":1,"original_colspan":1},{"value":"Twenty One Pilots","html":"<td><i><a href=\"/wiki/Twenty_One_Pilots_(album)\" title=\"Twenty One Pilots (album)\">Twenty One Pilots</a></i></td>","links":[{"href":"/wiki/Twenty_One_Pilots_(album)","start":0,"end":17,"is_selflink":false}],"attrs":{},"is_header":false,"rowspan":1,"colspan":1,"original_rowspan":1,"original_colspan":1},{"value":"","html":"<td></td>","links":[],"attrs":{},"is_header":false,"rowspan":1,"colspan":1,"original_rowspan":1,"original_colspan":1},{"value":"","html":"<td></td>","links":[],"attrs":{},"is_header":false,"rowspan":1,"colspan":1,"original_rowspan":1,"original_colspan":1},{"value":"","html":"<td></td>","links":[],"attrs":{},"is_header":false,"rowspan":1,"colspan":1,"original_rowspan":1,"original_colspan":1},{"value":"","html":"<td></td>","links":[],"attrs":{},"is_header":false,"rowspan":1,"colspan":1,"original_rowspan":1,"original_colspan":1}],"attrs":{}}],"caption":null,"attrs":{"class":["wikitable"],"width":"100%"},"classes":["wikitable"],"is_spanned":true,"external_links":{"http://en.wikipedia.org/wiki/Allison_Iraheta":{"dbpedia":null,"qnode":null,"qnode_id":"Q236523"},"http://en.wikipedia.org/wiki/Just_Like_You_(Allison_Iraheta_album)":{"dbpedia":null,"qnode":null,"qnode_id":"Q3811500"},"http://en.wikipedia.org/wiki/Pop_rock":{"dbpedia":null,"qnode":null,"qnode_id":"Q484641"},"http://en.wikipedia.org/wiki/Teen_pop":{"dbpedia":null,"qnode":null,"qnode_id":"Q739138"},"http://en.wikipedia.org/wiki/19_Recordings":{"dbpedia":null,"qnode":null,"qnode_id":"Q14192383"},"http://en.wikipedia.org/wiki/Jive_Records":{"dbpedia":null,"qnode":null,"qnode_id":"Q27184"},"http://en.wikipedia.org/wiki/Max_Martin":{"dbpedia":null,"qnode":null,"qnode_id":"Q318223"},"http://en.wikipedia.org/wiki/Shellback_(record_producer)":{"dbpedia":null,"qnode":null,"qnode_id":"Q286501"},"http://en.wikipedia.org/wiki/Howard_Benson":{"dbpedia":null,"qnode":null,"qnode_id":"Q772999"},"http://en.wikipedia.org/wiki/Toby_Gad":{"dbpedia":null,"qnode":null,"qnode_id":"Q106567"},"http://en.wikipedia.org/wiki/Sam_Watters":{"dbpedia":null,"qnode":null,"qnode_id":"Q7408302"},"http://en.wikipedia.org/wiki/Louis_Biancaniello":{"dbpedia":null,"qnode":null,"qnode_id":"Q6686757"},"http://en.wikipedia.org/wiki/Dave_Bassett_(songwriter)":{"dbpedia":null,"qnode":null,"qnode_id":"Q5228309"},"http://en.wikipedia.org/wiki/Dreamlab_(production_team)":{"dbpedia":null,"qnode":null,"qnode_id":"Q5306639"},"http://en.wikipedia.org/wiki/Ron_Aniello":{"dbpedia":null,"qnode":null,"qnode_id":"Q7363473"},"http://en.wikipedia.org/wiki/Oak_Felder":{"dbpedia":null,"qnode":null,"qnode_id":"Q42295367"},"http://en.wikipedia.org/wiki/Sterling_Simms":{"dbpedia":null,"qnode":null,"qnode_id":"Q7611468"},"http://en.wikipedia.org/wiki/Kevin_Rudolf":{"dbpedia":null,"qnode":null,"qnode_id":"Q3924"},"http://en.wikipedia.org/wiki/Greg_Wells":{"dbpedia":null,"qnode":null,"qnode_id":"Q2026304"},"http://en.wikipedia.org/wiki/Mitch_Allan":{"dbpedia":null,"qnode":null,"qnode_id":"Q3067338"},"http://en.wikipedia.org/wiki/David_Hodges":{"dbpedia":null,"qnode":null,"qnode_id":"Q362886"},"http://en.wikipedia.org/wiki/The_Bravery":{"dbpedia":null,"qnode":null,"qnode_id":"Q286364"},"http://en.wikipedia.org/wiki/Stir_the_Blood":{"dbpedia":null,"qnode":null,"qnode_id":"Q3499550"},"http://en.wikipedia.org/wiki/Post-punk_revival":{"dbpedia":null,"qnode":null,"qnode_id":"Q1899347"},"http://en.wikipedia.org/wiki/Island_Records":{"dbpedia":null,"qnode":null,"qnode_id":"Q190585"},"http://en.wikipedia.org/wiki/John_Hill_(record_producer)":{"dbpedia":null,"qnode":null,"qnode_id":"Q15782600"},"http://en.wikipedia.org/wiki/Sam_Endicott":{"dbpedia":null,"qnode":null,"qnode_id":"Q1340704"},"http://en.wikipedia.org/wiki/Jacksoul":{"dbpedia":null,"qnode":null,"qnode_id":"Q6118063"},"http://en.wikipedia.org/wiki/Soulmate_(album)":{"dbpedia":null,"qnode":null,"qnode_id":"Q7392138"},"http://en.wikipedia.org/wiki/Contemporary_R%26B":{"dbpedia":null,"qnode":null,"qnode_id":"Q850412"},"http://en.wikipedia.org/wiki/Soul_music":{"dbpedia":null,"qnode":null,"qnode_id":"Q131272"},"http://en.wikipedia.org/wiki/Sony_Music":{"dbpedia":null,"qnode":null,"qnode_id":"Q56760250"},"http://en.wikipedia.org/wiki/Haydain_Neale":{"dbpedia":null,"qnode":null,"qnode_id":"Q4450070"},"http://en.wikipedia.org/wiki/Juvenile_(rapper)":{"dbpedia":null,"qnode":null,"qnode_id":"Q724501"},"http://en.wikipedia.org/wiki/Cocky_%26_Confident":{"dbpedia":null,"qnode":null,"qnode_id":"Q5139722"},"http://en.wikipedia.org/wiki/Hip_hop_music":{"dbpedia":null,"qnode":null,"qnode_id":"Q11401"},"http://en.wikipedia.org/wiki/Atlantic_Records":{"dbpedia":null,"qnode":null,"qnode_id":"Q202440"},"http://en.wikipedia.org/wiki/Entertainment_One":{"dbpedia":null,"qnode":null,"qnode_id":"Q1344736"},"http://en.wikipedia.org/wiki/Fatboi":{"dbpedia":null,"qnode":null,"qnode_id":"Q5437343"},"http://en.wikipedia.org/wiki/MxPx":{"dbpedia":null,"qnode":null,"qnode_id":"Q221101"},"http://en.wikipedia.org/wiki/Punk_Rawk_Christmas":{"dbpedia":null,"qnode":null,"qnode_id":"Q7260384"},"http://en.wikipedia.org/wiki/Christian_punk":{"dbpedia":null,"qnode":null,"qnode_id":"Q63885"},"http://en.wikipedia.org/wiki/Skate_punk":{"dbpedia":null,"qnode":null,"qnode_id":"Q828305"},"http://en.wikipedia.org/wiki/Christmas_music":{"dbpedia":null,"qnode":null,"qnode_id":"Q1443316"},"http://en.wikipedia.org/wiki/Priscilla_Renea":{"dbpedia":null,"qnode":null,"qnode_id":"Q7245622"},"http://en.wikipedia.org/wiki/Jukebox_(Priscilla_Renea_album)":{"dbpedia":null,"qnode":null,"qnode_id":"Q6305429"},"http://en.wikipedia.org/wiki/Pop_music":{"dbpedia":null,"qnode":null,"qnode_id":"Q37073"},"http://en.wikipedia.org/wiki/Synth-pop":{"dbpedia":null,"qnode":null,"qnode_id":"Q1298934"},"http://en.wikipedia.org/wiki/Capitol_Records":{"dbpedia":null,"qnode":null,"qnode_id":"Q193023"},"http://en.wikipedia.org/wiki/Soulshock_and_Karlin":{"dbpedia":null,"qnode":null,"qnode_id":"Q7564552"},"http://en.wikipedia.org/wiki/Benny_Blanco":{"dbpedia":null,"qnode":null,"qnode_id":"Q818048"},"http://en.wikipedia.org/wiki/Lil%27_Ronnie":{"dbpedia":null,"qnode":null,"qnode_id":"Q6547386"},"http://en.wikipedia.org/wiki/Thal%C3%ADa":{"dbpedia":null,"qnode":null,"qnode_id":"Q171235"},"http://en.wikipedia.org/wiki/Primera_Fila_(Thal%C3%ADa_album)":{"dbpedia":null,"qnode":null,"qnode_id":"Q542513"},"http://en.wikipedia.org/wiki/Latin_pop":{"dbpedia":null,"qnode":null,"qnode_id":"Q547137"},"http://en.wikipedia.org/wiki/Sony_Music_Latin":{"dbpedia":null,"qnode":null,"qnode_id":"Q3244698"},"http://en.wikipedia.org/wiki/Tommy_Mottola":{"dbpedia":null,"qnode":null,"qnode_id":"Q548921"},"http://en.wikipedia.org/wiki/Dannii_Minogue":{"dbpedia":null,"qnode":null,"qnode_id":"Q188461"},"http://en.wikipedia.org/wiki/The_1995_Sessions":{"dbpedia":null,"qnode":null,"qnode_id":"Q2164260"},"http://en.wikipedia.org/wiki/Dance_music":{"dbpedia":null,"qnode":null,"qnode_id":"Q316930"},"http://en.wikipedia.org/wiki/B.G._(rapper)":{"dbpedia":null,"qnode":null,"qnode_id":"Q795220"},"http://en.wikipedia.org/wiki/Too_Hood_2_Be_Hollywood":{"dbpedia":null,"qnode":null,"qnode_id":"Q7823835"},"http://en.wikipedia.org/wiki/Gangsta_rap":{"dbpedia":null,"qnode":null,"qnode_id":"Q753679"},"http://en.wikipedia.org/wiki/Southern_hip_hop":{"dbpedia":null,"qnode":null,"qnode_id":"Q1253172"},"http://en.wikipedia.org/wiki/By_Divine_Right":{"dbpedia":null,"qnode":null,"qnode_id":"Q5003783"},"http://en.wikipedia.org/wiki/Mutant_Message":{"dbpedia":null,"qnode":null,"qnode_id":"Q16954305"},"http://en.wikipedia.org/wiki/Indie_rock":{"dbpedia":null,"qnode":null,"qnode_id":"Q183504"},"http://en.wikipedia.org/wiki/Chris_Brown":{"dbpedia":null,"qnode":null,"qnode_id":"Q155700"},"http://en.wikipedia.org/wiki/Graffiti_(Chris_Brown_album)":{"dbpedia":null,"qnode":null,"qnode_id":"Q1507804"},"http://en.wikipedia.org/wiki/Euro_disco":{"dbpedia":null,"qnode":null,"qnode_id":"Q1374731"},"http://en.wikipedia.org/wiki/Electronic_rock":{"dbpedia":null,"qnode":null,"qnode_id":"Q325504"},"http://en.wikipedia.org/wiki/Gucci_Mane":{"dbpedia":null,"qnode":null,"qnode_id":"Q206032"},"http://en.wikipedia.org/wiki/The_State_vs._Radric_Davis":{"dbpedia":null,"qnode":null,"qnode_id":"Q7766399"},"http://en.wikipedia.org/wiki/The_Mighty_Mighty_Bosstones":{"dbpedia":null,"qnode":null,"qnode_id":"Q1327973"},"http://en.wikipedia.org/wiki/Pin_Points_and_Gin_Joints":{"dbpedia":null,"qnode":null,"qnode_id":"Q7194762"},"http://en.wikipedia.org/wiki/Ska_punk":{"dbpedia":null,"qnode":null,"qnode_id":"Q460674"},"http://en.wikipedia.org/wiki/Ted_Hutt":{"dbpedia":null,"qnode":null,"qnode_id":"Q7693327"},"http://en.wikipedia.org/wiki/Puddle_of_Mudd":{"dbpedia":null,"qnode":null,"qnode_id":"Q907540"},"http://en.wikipedia.org/wiki/Volume_4:_Songs_in_the_Key_of_Love_%26_Hate":{"dbpedia":null,"qnode":null,"qnode_id":"Q535286"},"http://en.wikipedia.org/wiki/Post-grunge":{"dbpedia":null,"qnode":null,"qnode_id":"Q379671"},"http://en.wikipedia.org/wiki/Alternative_metal":{"dbpedia":null,"qnode":null,"qnode_id":"Q20378"},"http://en.wikipedia.org/wiki/Flawless_Records":{"dbpedia":null,"qnode":null,"qnode_id":"Q3746537"},"http://en.wikipedia.org/wiki/Geffen_Records":{"dbpedia":null,"qnode":null,"qnode_id":"Q212699"},"http://en.wikipedia.org/wiki/Snoop_Dogg":{"dbpedia":null,"qnode":null,"qnode_id":"Q6096"},"http://en.wikipedia.org/wiki/Malice_n_Wonderland":{"dbpedia":null,"qnode":null,"qnode_id":"Q907661"},"http://en.wikipedia.org/wiki/Doggy_Style_Records":{"dbpedia":null,"qnode":null,"qnode_id":"Q1199011"},"http://en.wikipedia.org/wiki/Priority_Records":{"dbpedia":null,"qnode":null,"qnode_id":"Q522618"},"http://en.wikipedia.org/wiki/Thirty_Seconds_to_Mars":{"dbpedia":null,"qnode":null,"qnode_id":"Q40585"},"http://en.wikipedia.org/wiki/This_Is_War":{"dbpedia":null,"qnode":null,"qnode_id":"Q255304"},"http://en.wikipedia.org/wiki/Alternative_rock":{"dbpedia":null,"qnode":null,"qnode_id":"Q11366"},"http://en.wikipedia.org/wiki/Progressive_rock":{"dbpedia":null,"qnode":null,"qnode_id":"Q49451"},"http://en.wikipedia.org/wiki/Experimental_rock":{"dbpedia":null,"qnode":null,"qnode_id":"Q1641839"},"http://en.wikipedia.org/wiki/Virgin_Records":{"dbpedia":null,"qnode":null,"qnode_id":"Q203059"},"http://en.wikipedia.org/wiki/Timbaland":{"dbpedia":null,"qnode":null,"qnode_id":"Q179257"},"http://en.wikipedia.org/wiki/Shock_Value_II":{"dbpedia":null,"qnode":null,"qnode_id":"Q508393"},"http://en.wikipedia.org/wiki/Electronic_dance_music":{"dbpedia":null,"qnode":null,"qnode_id":"Q851213"},"http://en.wikipedia.org/wiki/We_the_Kings":{"dbpedia":null,"qnode":null,"qnode_id":"Q1025255"},"http://en.wikipedia.org/wiki/Smile_Kid":{"dbpedia":null,"qnode":null,"qnode_id":"Q2056621"},"http://en.wikipedia.org/wiki/Pop_punk":{"dbpedia":null,"qnode":null,"qnode_id":null},"http://en.wikipedia.org/wiki/Power_pop":{"dbpedia":null,"qnode":null,"qnode_id":"Q837837"},"http://en.wikipedia.org/wiki/Alicia_Keys":{"dbpedia":null,"qnode":null,"qnode_id":"Q121507"},"http://en.wikipedia.org/wiki/The_Element_of_Freedom":{"dbpedia":null,"qnode":null,"qnode_id":"Q999993"},"http://en.wikipedia.org/wiki/Kylie_Minogue":{"dbpedia":null,"qnode":null,"qnode_id":"Q11998"},"http://en.wikipedia.org/wiki/Live_in_New_York_(Kylie_Minogue_album)":{"dbpedia":null,"qnode":null,"qnode_id":null},"http://en.wikipedia.org/wiki/Electronica":{"dbpedia":null,"qnode":null,"qnode_id":"Q817138"},"http://en.wikipedia.org/wiki/Obie_Trice":{"dbpedia":null,"qnode":null,"qnode_id":"Q313146"},"http://en.wikipedia.org/wiki/Special_Reserve_(Obie_Trice_album)":{"dbpedia":null,"qnode":null,"qnode_id":"Q2425841"},"http://en.wikipedia.org/wiki/Robin_Thicke":{"dbpedia":null,"qnode":null,"qnode_id":"Q467423"},"http://en.wikipedia.org/wiki/Sex_Therapy:_The_Session":{"dbpedia":null,"qnode":null,"qnode_id":"Q3958568"},"http://en.wikipedia.org/wiki/Seabird_(band)":{"dbpedia":null,"qnode":null,"qnode_id":"Q1143144"},"http://en.wikipedia.org/wiki/Rocks_into_Rivers":{"dbpedia":null,"qnode":null,"qnode_id":"Q7355572"},"http://en.wikipedia.org/wiki/Contemporary_Christian_music":{"dbpedia":null,"qnode":null,"qnode_id":"Q1379958"},"http://en.wikipedia.org/wiki/Mary_J._Blige":{"dbpedia":null,"qnode":null,"qnode_id":"Q228909"},"http://en.wikipedia.org/wiki/Stronger_with_Each_Tear":{"dbpedia":null,"qnode":null,"qnode_id":"Q2404331"},"http://en.wikipedia.org/wiki/Hip_hop_soul":{"dbpedia":null,"qnode":null,"qnode_id":"Q2256407"},"http://en.wikipedia.org/wiki/Cold_War_Kids":{"dbpedia":null,"qnode":null,"qnode_id":"Q1107911"},"http://en.wikipedia.org/wiki/Behave_Yourself_(EP)":{"dbpedia":null,"qnode":null,"qnode_id":"Q2893877"},"http://en.wikipedia.org/wiki/Downtown_Records":{"dbpedia":null,"qnode":null,"qnode_id":"Q3038347"},"http://en.wikipedia.org/wiki/V2_Records":{"dbpedia":null,"qnode":null,"qnode_id":"Q1191537"},"http://en.wikipedia.org/wiki/Eminem":{"dbpedia":null,"qnode":null,"qnode_id":"Q5608"},"http://en.wikipedia.org/wiki/Relapse:_Refill":{"dbpedia":null,"qnode":null,"qnode_id":"Q245353"},"http://en.wikipedia.org/wiki/Horrorcore":{"dbpedia":null,"qnode":null,"qnode_id":"Q1139136"},"http://en.wikipedia.org/wiki/Hardcore_hip_hop":{"dbpedia":null,"qnode":null,"qnode_id":"Q966564"},"http://en.wikipedia.org/wiki/Hurricane_Chris_(rapper)":{"dbpedia":null,"qnode":null,"qnode_id":"Q1201007"},"http://en.wikipedia.org/wiki/Unleashed_(Hurricane_Chris_album)":{"dbpedia":null,"qnode":null,"qnode_id":"Q7897019"},"http://en.wikipedia.org/wiki/Mudvayne":{"dbpedia":null,"qnode":null,"qnode_id":"Q671183"},"http://en.wikipedia.org/wiki/Mudvayne_(album)":{"dbpedia":null,"qnode":null,"qnode_id":"Q2404478"},"http://en.wikipedia.org/wiki/Nu_metal":{"dbpedia":null,"qnode":null,"qnode_id":"Q263734"},"http://en.wikipedia.org/wiki/Hard_rock":{"dbpedia":null,"qnode":null,"qnode_id":"Q83270"},"http://en.wikipedia.org/wiki/We_Are_Young_Money":{"dbpedia":null,"qnode":null,"qnode_id":"Q1981781"},"http://en.wikipedia.org/wiki/Young_Money_Entertainment":{"dbpedia":null,"qnode":null,"qnode_id":"Q1070152"},"http://en.wikipedia.org/wiki/John_Reuben":{"dbpedia":null,"qnode":null,"qnode_id":"Q3809570"},"http://en.wikipedia.org/wiki/Sex,_Drugs_and_Self-Control":{"dbpedia":null,"qnode":null,"qnode_id":"Q7458316"},"http://en.wikipedia.org/wiki/Christian_hip_hop":{"dbpedia":null,"qnode":null,"qnode_id":"Q2238236"},"http://en.wikipedia.org/wiki/Codeine_Velvet_Club":{"dbpedia":null,"qnode":null,"qnode_id":"Q2981627"},"http://en.wikipedia.org/wiki/Codeine_Velvet_Club_(album)":{"dbpedia":null,"qnode":null,"qnode_id":"Q5140135"},"http://en.wikipedia.org/wiki/Baroque_pop":{"dbpedia":null,"qnode":null,"qnode_id":"Q46046"},"http://en.wikipedia.org/wiki/Twenty_One_Pilots":{"dbpedia":null,"qnode":null,"qnode_id":"Q7857806"},"http://en.wikipedia.org/wiki/Twenty_One_Pilots_(album)":{"dbpedia":null,"qnode":null,"qnode_id":"Q15958277"},"https://en.wikipedia.org/wiki/List_of_2009_albums":{"dbpedia":null,"qnode":null,"qnode_id":"Q6605533"}}}