{"id":"List_of_monarchs_of_Prussia","pageURI":"http://dbpedia.org/resource/List_of_monarchs_of_Prussia?dbpv=2020-02&nif=context","rows":[{"cells":[{"value":"Name","html":"<th style=\"width: 25%; border: solid #aaa; border-width: 1px 1px 1px 1px; background: #B9D1FF; font-size: 105%;\">Name</th>","links":[],"attrs":{"style":"width: 25%; border: solid #aaa; border-width: 1px 1px 1px 1px; background: #B9D1FF; font-size: 105%;"},"is_header":true,"rowspan":1,"colspan":1,"original_rowspan":1,"original_colspan":1},{"value":"Lifespan","html":"<th style=\"width: 10%; border: solid #aaa; border-width: 1px 1px 1px 0px; background: #B9D1FF; font-size: 105%;\">Lifespan</th>","links":[],"attrs":{"style":"width: 10%; border: solid #aaa; border-width: 1px 1px 1px 0px; background: #B9D1FF; font-size: 105%;"},"is_header":true,"rowspan":1,"colspan":1,"original_rowspan":1,"original_colspan":1},{"value":"Reign start","html":"<th style=\"width: 10%; border: solid #aaa; border-width: 1px 1px 1px 0px; background: #B9D1FF; font-size: 105%;\">Reign start</th>","links":[],"attrs":{"style":"width: 10%; border: solid #aaa; border-width: 1px 1px 1px 0px; background: #B9D1FF; font-size: 105%;"},"is_header":true,"rowspan":1,"colspan":1,"original_rowspan":1,"original_colspan":1},{"value":"Reign end","html":"<th style=\"width: 10%; border: solid #aaa; border-width: 1px 1px 1px 0px; background: #B9D1FF; font-size: 105%;\">Reign end</th>","links":[],"attrs":{"style":"width: 10%; border: solid #aaa; border-width: 1px 1px 1px 0px; background: #B9D1FF; font-size: 105%;"},"is_header":true,"rowspan":1,"colspan":1,"original_rowspan":1,"original_colspan":1},{"value":"Notes","html":"<th style=\"width: 25%; border: solid #aaa; border-width: 1px 1px 1px 0px; background: #B9D1FF; font-size: 105%;\">Notes</th>","links":[],"attrs":{"style":"width: 25%; border: solid #aaa; border-width: 1px 1px 1px 0px; background: #B9D1FF; font-size: 105%;"},"is_header":true,"rowspan":1,"colspan":1,"original_rowspan":1,"original_colspan":1},{"value":"Family","html":"<th style=\"width: 10%; border: solid #aaa; border-width: 1px 1px 1px 0px; background: #B9D1FF; font-size: 105%;\">Family</th>","links":[],"attrs":{"style":"width: 10%; border: solid #aaa; border-width: 1px 1px 1px 0px; background: #B9D1FF; font-size: 105%;"},"is_header":true,"rowspan":1,"colspan":1,"original_rowspan":1,"original_colspan":1},{"value":"Image","html":"<th style=\"width: 10%; border: solid #aaa; border-width: 1px 1px 1px 0px; background: #B9D1FF; font-size: 105%;\">Image</th>","links":[],"attrs":{"style":"width: 10%; border: solid #aaa; border-width: 1px 1px 1px 0px; background: #B9D1FF; font-size: 105%;"},"is_header":true,"rowspan":1,"colspan":1,"original_rowspan":1,"original_colspan":1}],"attrs":{}},{"cells":[{"value":"Frederick I    the Mercenary King","html":"<td style=\"border: solid #aaa; border-width: 0px 1px 1px 1px; background: #F0F8FF; vertical-align: middle;\"><b><a href=\"/wiki/Frederick_I_of_Prussia\" title=\"Frederick I of Prussia\">Frederick I</a></b>\n    <div class=\"plainlist\">\n     <ul>\n      <li><small><i>the Mercenary King<br/></i></small></li>\n     </ul>\n    </div></td>","links":[{"href":"/wiki/Frederick_I_of_Prussia","start":0,"end":11,"is_selflink":false}],"attrs":{"style":"border: solid #aaa; border-width: 0px 1px 1px 1px; background: #F0F8FF; vertical-align: middle;"},"is_header":false,"rowspan":1,"colspan":1,"original_rowspan":1,"original_colspan":1},{"value":"( 1657-07-11 ) 11 July 1657 – 25 February 1713 (1713-02-25) (aged 55)","html":"<td style=\"border: solid #aaa; border-width: 0px 1px 1px 0px; background: white;\"><span style=\"display:none\">(<span class=\"bday\">1657-07-11</span>)</span>11 July 1657 – 25 February 1713<span style=\"display:none\">(1713-02-25)</span> (aged 55)</td>","links":[],"attrs":{"style":"border: solid #aaa; border-width: 0px 1px 1px 0px; background: white;"},"is_header":false,"rowspan":1,"colspan":1,"original_rowspan":1,"original_colspan":1},{"value":"18 January 1701","html":"<td style=\"border: solid #aaa; border-width: 0px 1px 1px 0px; background: white;\">18 January 1701</td>","links":[],"attrs":{"style":"border: solid #aaa; border-width: 0px 1px 1px 0px; background: white;"},"is_header":false,"rowspan":1,"colspan":1,"original_rowspan":1,"original_colspan":1},{"value":"25 February 1713","html":"<td style=\"border: solid #aaa; border-width: 0px 1px 1px 0px; background: white;\">25 February 1713</td>","links":[],"attrs":{"style":"border: solid #aaa; border-width: 0px 1px 1px 0px; background: white;"},"is_header":false,"rowspan":1,"colspan":1,"original_rowspan":1,"original_colspan":1},{"value":"Son of Frederick William","html":"<td style=\"border: solid #aaa; border-width: 0px 1px 1px 0px; background: white;\">Son of Frederick William</td>","links":[],"attrs":{"style":"border: solid #aaa; border-width: 0px 1px 1px 0px; background: white;"},"is_header":false,"rowspan":1,"colspan":1,"original_rowspan":1,"original_colspan":1},{"value":"Hohenzollern","html":"<td style=\"border: solid #aaa; border-width: 0px 1px 1px 0px; background: white;\"><a href=\"/wiki/House_of_Hohenzollern\" title=\"House of Hohenzollern\">Hohenzollern</a></td>","links":[{"href":"/wiki/House_of_Hohenzollern","start":0,"end":12,"is_selflink":false}],"attrs":{"style":"border: solid #aaa; border-width: 0px 1px 1px 0px; background: white;"},"is_header":false,"rowspan":1,"colspan":1,"original_rowspan":1,"original_colspan":1},{"value":"","html":"<td style=\"border: solid #aaa; border-width: 0px 1px 1px 0px; background: white;\"><span class=\"photo\"></span></td>","links":[],"attrs":{"style":"border: solid #aaa; border-width: 0px 1px 1px 0px; background: white;"},"is_header":false,"rowspan":1,"colspan":1,"original_rowspan":1,"original_colspan":1}],"attrs":{}},{"cells":[{"value":"Frederick William I    the Soldier King","html":"<td style=\"border: solid #aaa; border-width: 0px 1px 1px 1px; background: #F0F8FF; vertical-align: middle;\"><b><a href=\"/wiki/Frederick_William_I_of_Prussia\" title=\"Frederick William I of Prussia\">Frederick William I</a></b>\n    <div class=\"plainlist\">\n     <ul>\n      <li><small><i>the Soldier King</i></small></li>\n     </ul>\n    </div></td>","links":[{"href":"/wiki/Frederick_William_I_of_Prussia","start":0,"end":19,"is_selflink":false}],"attrs":{"style":"border: solid #aaa; border-width: 0px 1px 1px 1px; background: #F0F8FF; vertical-align: middle;"},"is_header":false,"rowspan":1,"colspan":1,"original_rowspan":1,"original_colspan":1},{"value":"( 1688-08-14 ) 14 August 1688 – 31 May 1740 (1740-05-31) (aged 51)","html":"<td style=\"border: solid #aaa; border-width: 0px 1px 1px 0px; background: white;\"><span style=\"display:none\">(<span class=\"bday\">1688-08-14</span>)</span>14 August 1688 – 31 May 1740<span style=\"display:none\">(1740-05-31)</span> (aged 51)</td>","links":[],"attrs":{"style":"border: solid #aaa; border-width: 0px 1px 1px 0px; background: white;"},"is_header":false,"rowspan":1,"colspan":1,"original_rowspan":1,"original_colspan":1},{"value":"25 February 1713","html":"<td style=\"border: solid #aaa; border-width: 0px 1px 1px 0px; background: white;\">25 February 1713</td>","links":[],"attrs":{"style":"border: solid #aaa; border-width: 0px 1px 1px 0px; background: white;"},"is_header":false,"rowspan":1,"colspan":1,"original_rowspan":1,"original_colspan":1},{"value":"31 May 1740","html":"<td style=\"border: solid #aaa; border-width: 0px 1px 1px 0px; background: white;\">31 May 1740</td>","links":[],"attrs":{"style":"border: solid #aaa; border-width: 0px 1px 1px 0px; background: white;"},"is_header":false,"rowspan":1,"colspan":1,"original_rowspan":1,"original_colspan":1},{"value":"Son of Frederick I","html":"<td style=\"border: solid #aaa; border-width: 0px 1px 1px 0px; background: white;\">Son of Frederick I</td>","links":[],"attrs":{"style":"border: solid #aaa; border-width: 0px 1px 1px 0px; background: white;"},"is_header":false,"rowspan":1,"colspan":1,"original_rowspan":1,"original_colspan":1},{"value":"Hohenzollern","html":"<td style=\"border: solid #aaa; border-width: 0px 1px 1px 0px; background: white;\"><a href=\"/wiki/House_of_Hohenzollern\" title=\"House of Hohenzollern\">Hohenzollern</a></td>","links":[{"href":"/wiki/House_of_Hohenzollern","start":0,"end":12,"is_selflink":false}],"attrs":{"style":"border: solid #aaa; border-width: 0px 1px 1px 0px; background: white;"},"is_header":false,"rowspan":1,"colspan":1,"original_rowspan":1,"original_colspan":1},{"value":"","html":"<td style=\"border: solid #aaa; border-width: 0px 1px 1px 0px; background: white;\"><span class=\"photo\"></span></td>","links":[],"attrs":{"style":"border: solid #aaa; border-width: 0px 1px 1px 0px; background: white;"},"is_header":false,"rowspan":1,"colspan":1,"original_rowspan":1,"original_colspan":1}],"attrs":{}},{"cells":[{"value":"Frederick II    the Great","html":"<td style=\"border: solid #aaa; border-width: 0px 1px 1px 1px; background: #F0F8FF; vertical-align: middle;\"><b><a href=\"/wiki/Frederick_the_Great\" title=\"Frederick the Great\">Frederick II</a></b>\n    <div class=\"plainlist\">\n     <ul>\n      <li><small><i>the Great</i></small></li>\n     </ul>\n    </div></td>","links":[{"href":"/wiki/Frederick_the_Great","start":0,"end":12,"is_selflink":false}],"attrs":{"style":"border: solid #aaa; border-width: 0px 1px 1px 1px; background: #F0F8FF; vertical-align: middle;"},"is_header":false,"rowspan":1,"colspan":1,"original_rowspan":1,"original_colspan":1},{"value":"( 1712-01-24 ) 24 January 1712 – 17 August 1786 (1786-08-17) (aged 74)","html":"<td style=\"border: solid #aaa; border-width: 0px 1px 1px 0px; background: white;\"><span style=\"display:none\">(<span class=\"bday\">1712-01-24</span>)</span>24 January 1712 – 17 August 1786<span style=\"display:none\">(1786-08-17)</span> (aged 74)</td>","links":[],"attrs":{"style":"border: solid #aaa; border-width: 0px 1px 1px 0px; background: white;"},"is_header":false,"rowspan":1,"colspan":1,"original_rowspan":1,"original_colspan":1},{"value":"31 May 1740","html":"<td style=\"border: solid #aaa; border-width: 0px 1px 1px 0px; background: white;\">31 May 1740</td>","links":[],"attrs":{"style":"border: solid #aaa; border-width: 0px 1px 1px 0px; background: white;"},"is_header":false,"rowspan":1,"colspan":1,"original_rowspan":1,"original_colspan":1},{"value":"17 August 1786","html":"<td style=\"border: solid #aaa; border-width: 0px 1px 1px 0px; background: white;\">17 August 1786</td>","links":[],"attrs":{"style":"border: solid #aaa; border-width: 0px 1px 1px 0px; background: white;"},"is_header":false,"rowspan":1,"colspan":1,"original_rowspan":1,"original_colspan":1},{"value":"Son of Frederick William I","html":"<td style=\"border: solid #aaa; border-width: 0px 1px 1px 0px; background: white;\">Son of Frederick William I</td>","links":[],"attrs":{"style":"border: solid #aaa; border-width: 0px 1px 1px 0px; background: white;"},"is_header":false,"rowspan":1,"colspan":1,"original_rowspan":1,"original_colspan":1},{"value":"Hohenzollern","html":"<td style=\"border: solid #aaa; border-width: 0px 1px 1px 0px; background: white;\"><a href=\"/wiki/House_of_Hohenzollern\" title=\"House of Hohenzollern\">Hohenzollern</a></td>","links":[{"href":"/wiki/House_of_Hohenzollern","start":0,"end":12,"is_selflink":false}],"attrs":{"style":"border: solid #aaa; border-width: 0px 1px 1px 0px; background: white;"},"is_header":false,"rowspan":1,"colspan":1,"original_rowspan":1,"original_colspan":1},{"value":"","html":"<td style=\"border: solid #aaa; border-width: 0px 1px 1px 0px; background: white;\"><span class=\"photo\"></span></td>","links":[],"attrs":{"style":"border: solid #aaa; border-width: 0px 1px 1px 0px; background: white;"},"is_header":false,"rowspan":1,"colspan":1,"original_rowspan":1,"original_colspan":1}],"attrs":{}},{"cells":[{"value":"Frederick William II","html":"<td style=\"border: solid #aaa; border-width: 0px 1px 1px 1px; background: #F0F8FF; vertical-align: middle;\"><b><a href=\"/wiki/Frederick_William_II_of_Prussia\" title=\"Frederick William II of Prussia\">Frederick William II</a></b></td>","links":[{"href":"/wiki/Frederick_William_II_of_Prussia","start":0,"end":20,"is_selflink":false}],"attrs":{"style":"border: solid #aaa; border-width: 0px 1px 1px 1px; background: #F0F8FF; vertical-align: middle;"},"is_header":false,"rowspan":1,"colspan":1,"original_rowspan":1,"original_colspan":1},{"value":"( 1744-09-25 ) 25 September 1744 – 16 November 1797 (1797-11-16) (aged 53)","html":"<td style=\"border: solid #aaa; border-width: 0px 1px 1px 0px; background: white;\"><span style=\"display:none\">(<span class=\"bday\">1744-09-25</span>)</span>25 September 1744 – 16 November 1797<span style=\"display:none\">(1797-11-16)</span> (aged 53)</td>","links":[],"attrs":{"style":"border: solid #aaa; border-width: 0px 1px 1px 0px; background: white;"},"is_header":false,"rowspan":1,"colspan":1,"original_rowspan":1,"original_colspan":1},{"value":"17 August 1786","html":"<td style=\"border: solid #aaa; border-width: 0px 1px 1px 0px; background: white;\">17 August 1786</td>","links":[],"attrs":{"style":"border: solid #aaa; border-width: 0px 1px 1px 0px; background: white;"},"is_header":false,"rowspan":1,"colspan":1,"original_rowspan":1,"original_colspan":1},{"value":"16 November 1797","html":"<td style=\"border: solid #aaa; border-width: 0px 1px 1px 0px; background: white;\">16 November 1797</td>","links":[],"attrs":{"style":"border: solid #aaa; border-width: 0px 1px 1px 0px; background: white;"},"is_header":false,"rowspan":1,"colspan":1,"original_rowspan":1,"original_colspan":1},{"value":"Nephew of Frederick II, Grandson of Frederick William I","html":"<td style=\"border: solid #aaa; border-width: 0px 1px 1px 0px; background: white;\">Nephew of Frederick II, Grandson of Frederick William I</td>","links":[],"attrs":{"style":"border: solid #aaa; border-width: 0px 1px 1px 0px; background: white;"},"is_header":false,"rowspan":1,"colspan":1,"original_rowspan":1,"original_colspan":1},{"value":"Hohenzollern","html":"<td style=\"border: solid #aaa; border-width: 0px 1px 1px 0px; background: white;\"><a href=\"/wiki/House_of_Hohenzollern\" title=\"House of Hohenzollern\">Hohenzollern</a></td>","links":[{"href":"/wiki/House_of_Hohenzollern","start":0,"end":12,"is_selflink":false}],"attrs":{"style":"border: solid #aaa; border-width: 0px 1px 1px 0px; background: white;"},"is_header":false,"rowspan":1,"colspan":1,"original_rowspan":1,"original_colspan":1},{"value":"","html":"<td style=\"border: solid #aaa; border-width: 0px 1px 1px 0px; background: white;\"><span class=\"photo\"></span></td>","links":[],"attrs":{"style":"border: solid #aaa; border-width: 0px 1px 1px 0px; background: white;"},"is_header":false,"rowspan":1,"colspan":1,"original_rowspan":1,"original_colspan":1}],"attrs":{}},{"cells":[{"value":"Frederick William III","html":"<td style=\"border: solid #aaa; border-width: 0px 1px 1px 1px; background: #F0F8FF; vertical-align: middle;\"><b><a href=\"/wiki/Frederick_William_III_of_Prussia\" title=\"Frederick William III of Prussia\">Frederick William III</a></b></td>","links":[{"href":"/wiki/Frederick_William_III_of_Prussia","start":0,"end":21,"is_selflink":false}],"attrs":{"style":"border: solid #aaa; border-width: 0px 1px 1px 1px; background: #F0F8FF; vertical-align: middle;"},"is_header":false,"rowspan":1,"colspan":1,"original_rowspan":1,"original_colspan":1},{"value":"( 1770-07-03 ) 3 July 1770 – 7 June 1840 (1840-06-07) (aged 69)","html":"<td style=\"border: solid #aaa; border-width: 0px 1px 1px 0px; background: white;\"><span style=\"display:none\">(<span class=\"bday\">1770-07-03</span>)</span>3 July 1770 – 7 June 1840<span style=\"display:none\">(1840-06-07)</span> (aged 69)</td>","links":[],"attrs":{"style":"border: solid #aaa; border-width: 0px 1px 1px 0px; background: white;"},"is_header":false,"rowspan":1,"colspan":1,"original_rowspan":1,"original_colspan":1},{"value":"16 November 1797","html":"<td style=\"border: solid #aaa; border-width: 0px 1px 1px 0px; background: white;\">16 November 1797</td>","links":[],"attrs":{"style":"border: solid #aaa; border-width: 0px 1px 1px 0px; background: white;"},"is_header":false,"rowspan":1,"colspan":1,"original_rowspan":1,"original_colspan":1},{"value":"7 June 1840","html":"<td style=\"border: solid #aaa; border-width: 0px 1px 1px 0px; background: white;\">7 June 1840</td>","links":[],"attrs":{"style":"border: solid #aaa; border-width: 0px 1px 1px 0px; background: white;"},"is_header":false,"rowspan":1,"colspan":1,"original_rowspan":1,"original_colspan":1},{"value":"Son of Frederick William II","html":"<td style=\"border: solid #aaa; border-width: 0px 1px 1px 0px; background: white;\">Son of Frederick William II</td>","links":[],"attrs":{"style":"border: solid #aaa; border-width: 0px 1px 1px 0px; background: white;"},"is_header":false,"rowspan":1,"colspan":1,"original_rowspan":1,"original_colspan":1},{"value":"Hohenzollern","html":"<td style=\"border: solid #aaa; border-width: 0px 1px 1px 0px; background: white;\"><a href=\"/wiki/House_of_Hohenzollern\" title=\"House of Hohenzollern\">Hohenzollern</a></td>","links":[{"href":"/wiki/House_of_Hohenzollern","start":0,"end":12,"is_selflink":false}],"attrs":{"style":"border: solid #aaa; border-width: 0px 1px 1px 0px; background: white;"},"is_header":false,"rowspan":1,"colspan":1,"original_rowspan":1,"original_colspan":1},{"value":"","html":"<td style=\"border: solid #aaa; border-width: 0px 1px 1px 0px; background: white;\"><span class=\"photo\"></span></td>","links":[],"attrs":{"style":"border: solid #aaa; border-width: 0px 1px 1px 0px; background: white;"},"is_header":false,"rowspan":1,"colspan":1,"original_rowspan":1,"original_colspan":1}],"attrs":{}},{"cells":[{"value":"Frederick William IV","html":"<td style=\"border: solid #aaa; border-width: 0px 1px 1px 1px; background: #F0F8FF; vertical-align: middle;\"><b><a href=\"/wiki/Frederick_William_IV_of_Prussia\" title=\"Frederick William IV of Prussia\">Frederick William IV</a></b></td>","links":[{"href":"/wiki/Frederick_William_IV_of_Prussia","start":0,"end":20,"is_selflink":false}],"attrs":{"style":"border: solid #aaa; border-width: 0px 1px 1px 1px; background: #F0F8FF; vertical-align: middle;"},"is_header":false,"rowspan":1,"colspan":1,"original_rowspan":1,"original_colspan":1},{"value":"( 1795-10-15 ) 15 October 1795 – 2 January 1861 (1861-01-02) (aged 65)","html":"<td style=\"border: solid #aaa; border-width: 0px 1px 1px 0px; background: white;\"><span style=\"display:none\">(<span class=\"bday\">1795-10-15</span>)</span>15 October 1795 – 2 January 1861<span style=\"display:none\">(1861-01-02)</span> (aged 65)</td>","links":[],"attrs":{"style":"border: solid #aaa; border-width: 0px 1px 1px 0px; background: white;"},"is_header":false,"rowspan":1,"colspan":1,"original_rowspan":1,"original_colspan":1},{"value":"7 June 1840","html":"<td style=\"border: solid #aaa; border-width: 0px 1px 1px 0px; background: white;\">7 June 1840</td>","links":[],"attrs":{"style":"border: solid #aaa; border-width: 0px 1px 1px 0px; background: white;"},"is_header":false,"rowspan":1,"colspan":1,"original_rowspan":1,"original_colspan":1},{"value":"2 January 1861","html":"<td style=\"border: solid #aaa; border-width: 0px 1px 1px 0px; background: white;\">2 January 1861</td>","links":[],"attrs":{"style":"border: solid #aaa; border-width: 0px 1px 1px 0px; background: white;"},"is_header":false,"rowspan":1,"colspan":1,"original_rowspan":1,"original_colspan":1},{"value":"Son of Frederick William III; also President of the Erfurt Union (1849-1850)","html":"<td style=\"border: solid #aaa; border-width: 0px 1px 1px 0px; background: white;\">Son of Frederick William III; also President of the <a href=\"/wiki/Erfurt_Union\" title=\"Erfurt Union\">Erfurt Union</a> (1849-1850)</td>","links":[{"href":"/wiki/Erfurt_Union","start":52,"end":64,"is_selflink":false}],"attrs":{"style":"border: solid #aaa; border-width: 0px 1px 1px 0px; background: white;"},"is_header":false,"rowspan":1,"colspan":1,"original_rowspan":1,"original_colspan":1},{"value":"Hohenzollern","html":"<td style=\"border: solid #aaa; border-width: 0px 1px 1px 0px; background: white;\"><a href=\"/wiki/House_of_Hohenzollern\" title=\"House of Hohenzollern\">Hohenzollern</a></td>","links":[{"href":"/wiki/House_of_Hohenzollern","start":0,"end":12,"is_selflink":false}],"attrs":{"style":"border: solid #aaa; border-width: 0px 1px 1px 0px; background: white;"},"is_header":false,"rowspan":1,"colspan":1,"original_rowspan":1,"original_colspan":1},{"value":"","html":"<td style=\"border: solid #aaa; border-width: 0px 1px 1px 0px; background: white;\"><span class=\"photo\"></span></td>","links":[],"attrs":{"style":"border: solid #aaa; border-width: 0px 1px 1px 0px; background: white;"},"is_header":false,"rowspan":1,"colspan":1,"original_rowspan":1,"original_colspan":1}],"attrs":{}},{"cells":[{"value":"William I","html":"<td style=\"border: solid #aaa; border-width: 0px 1px 1px 1px; background: #F0F8FF; vertical-align: middle;\"><b><a href=\"/wiki/William_I,_German_Emperor\" title=\"William I, German Emperor\">William I</a></b></td>","links":[{"href":"/wiki/William_I,_German_Emperor","start":0,"end":9,"is_selflink":false}],"attrs":{"style":"border: solid #aaa; border-width: 0px 1px 1px 1px; background: #F0F8FF; vertical-align: middle;"},"is_header":false,"rowspan":1,"colspan":1,"original_rowspan":1,"original_colspan":1},{"value":"( 1797-03-22 ) 22 March 1797 – 9 March 1888 (1888-03-09) (aged 90)","html":"<td style=\"border: solid #aaa; border-width: 0px 1px 1px 0px; background: white;\"><span style=\"display:none\">(<span class=\"bday\">1797-03-22</span>)</span>22 March 1797 – 9 March 1888<span style=\"display:none\">(1888-03-09)</span> (aged 90)</td>","links":[],"attrs":{"style":"border: solid #aaa; border-width: 0px 1px 1px 0px; background: white;"},"is_header":false,"rowspan":1,"colspan":1,"original_rowspan":1,"original_colspan":1},{"value":"2 January 1861","html":"<td style=\"border: solid #aaa; border-width: 0px 1px 1px 0px; background: white;\">2 January 1861</td>","links":[],"attrs":{"style":"border: solid #aaa; border-width: 0px 1px 1px 0px; background: white;"},"is_header":false,"rowspan":1,"colspan":1,"original_rowspan":1,"original_colspan":1},{"value":"9 March 1888","html":"<td style=\"border: solid #aaa; border-width: 0px 1px 1px 0px; background: white;\">9 March 1888</td>","links":[],"attrs":{"style":"border: solid #aaa; border-width: 0px 1px 1px 0px; background: white;"},"is_header":false,"rowspan":1,"colspan":1,"original_rowspan":1,"original_colspan":1},{"value":"Brother of Frederick William IV, Son of Frederick William III; also President of the North German Confederation (1867-1871) and German Emperor (from 1871)","html":"<td style=\"border: solid #aaa; border-width: 0px 1px 1px 0px; background: white;\">Brother of Frederick William IV, Son of Frederick William III; also President of the <a href=\"/wiki/North_German_Confederation\" title=\"North German Confederation\">North German Confederation</a> (1867-1871) and <a href=\"/wiki/German_Emperor\" title=\"German Emperor\">German Emperor</a> (from 1871)</td>","links":[{"href":"/wiki/North_German_Confederation","start":85,"end":111,"is_selflink":false},{"href":"/wiki/German_Emperor","start":128,"end":142,"is_selflink":false}],"attrs":{"style":"border: solid #aaa; border-width: 0px 1px 1px 0px; background: white;"},"is_header":false,"rowspan":1,"colspan":1,"original_rowspan":1,"original_colspan":1},{"value":"Hohenzollern","html":"<td style=\"border: solid #aaa; border-width: 0px 1px 1px 0px; background: white;\"><a href=\"/wiki/House_of_Hohenzollern\" title=\"House of Hohenzollern\">Hohenzollern</a></td>","links":[{"href":"/wiki/House_of_Hohenzollern","start":0,"end":12,"is_selflink":false}],"attrs":{"style":"border: solid #aaa; border-width: 0px 1px 1px 0px; background: white;"},"is_header":false,"rowspan":1,"colspan":1,"original_rowspan":1,"original_colspan":1},{"value":"","html":"<td style=\"border: solid #aaa; border-width: 0px 1px 1px 0px; background: white;\"><span class=\"photo\"></span></td>","links":[],"attrs":{"style":"border: solid #aaa; border-width: 0px 1px 1px 0px; background: white;"},"is_header":false,"rowspan":1,"colspan":1,"original_rowspan":1,"original_colspan":1}],"attrs":{}},{"cells":[{"value":"Frederick III","html":"<td style=\"border: solid #aaa; border-width: 0px 1px 1px 1px; background: #F0F8FF; vertical-align: middle;\"><b><a href=\"/wiki/Frederick_III,_German_Emperor\" title=\"Frederick III, German Emperor\">Frederick III</a></b></td>","links":[{"href":"/wiki/Frederick_III,_German_Emperor","start":0,"end":13,"is_selflink":false}],"attrs":{"style":"border: solid #aaa; border-width: 0px 1px 1px 1px; background: #F0F8FF; vertical-align: middle;"},"is_header":false,"rowspan":1,"colspan":1,"original_rowspan":1,"original_colspan":1},{"value":"( 1831-10-18 ) 18 October 1831 – 15 June 1888 (1888-06-15) (aged 56)","html":"<td style=\"border: solid #aaa; border-width: 0px 1px 1px 0px; background: white;\"><span style=\"display:none\">(<span class=\"bday\">1831-10-18</span>)</span>18 October 1831 – 15 June 1888<span style=\"display:none\">(1888-06-15)</span> (aged 56)</td>","links":[],"attrs":{"style":"border: solid #aaa; border-width: 0px 1px 1px 0px; background: white;"},"is_header":false,"rowspan":1,"colspan":1,"original_rowspan":1,"original_colspan":1},{"value":"9 March 1888","html":"<td style=\"border: solid #aaa; border-width: 0px 1px 1px 0px; background: white;\">9 March 1888</td>","links":[],"attrs":{"style":"border: solid #aaa; border-width: 0px 1px 1px 0px; background: white;"},"is_header":false,"rowspan":1,"colspan":1,"original_rowspan":1,"original_colspan":1},{"value":"15 June 1888","html":"<td style=\"border: solid #aaa; border-width: 0px 1px 1px 0px; background: white;\">15 June 1888</td>","links":[],"attrs":{"style":"border: solid #aaa; border-width: 0px 1px 1px 0px; background: white;"},"is_header":false,"rowspan":1,"colspan":1,"original_rowspan":1,"original_colspan":1},{"value":"Son of William I; also German Emperor","html":"<td style=\"border: solid #aaa; border-width: 0px 1px 1px 0px; background: white;\">Son of William I; also German Emperor</td>","links":[],"attrs":{"style":"border: solid #aaa; border-width: 0px 1px 1px 0px; background: white;"},"is_header":false,"rowspan":1,"colspan":1,"original_rowspan":1,"original_colspan":1},{"value":"Hohenzollern","html":"<td style=\"border: solid #aaa; border-width: 0px 1px 1px 0px; background: white;\"><a href=\"/wiki/House_of_Hohenzollern\" title=\"House of Hohenzollern\">Hohenzollern</a></td>","links":[{"href":"/wiki/House_of_Hohenzollern","start":0,"end":12,"is_selflink":false}],"attrs":{"style":"border: solid #aaa; border-width: 0px 1px 1px 0px; background: white;"},"is_header":false,"rowspan":1,"colspan":1,"original_rowspan":1,"original_colspan":1},{"value":"","html":"<td style=\"border: solid #aaa; border-width: 0px 1px 1px 0px; background: white;\"><span class=\"photo\"></span></td>","links":[],"attrs":{"style":"border: solid #aaa; border-width: 0px 1px 1px 0px; background: white;"},"is_header":false,"rowspan":1,"colspan":1,"original_rowspan":1,"original_colspan":1}],"attrs":{}},{"cells":[{"value":"William II","html":"<td style=\"border: solid #aaa; border-width: 0px 1px 1px 1px; background: #F0F8FF; vertical-align: middle;\"><b><a href=\"/wiki/Wilhelm_II,_German_Emperor\" title=\"Wilhelm II, German Emperor\">William II</a></b></td>","links":[{"href":"/wiki/Wilhelm_II,_German_Emperor","start":0,"end":10,"is_selflink":false}],"attrs":{"style":"border: solid #aaa; border-width: 0px 1px 1px 1px; background: #F0F8FF; vertical-align: middle;"},"is_header":false,"rowspan":1,"colspan":1,"original_rowspan":1,"original_colspan":1},{"value":"( 1859-01-27 ) 27 January 1859 – 4 June 1941 (1941-06-04) (aged 82)","html":"<td style=\"border: solid #aaa; border-width: 0px 1px 1px 0px; background: white;\"><span style=\"display:none\">(<span class=\"bday\">1859-01-27</span>)</span>27 January 1859 – 4 June 1941<span style=\"display:none\">(1941-06-04)</span> (aged 82)</td>","links":[],"attrs":{"style":"border: solid #aaa; border-width: 0px 1px 1px 0px; background: white;"},"is_header":false,"rowspan":1,"colspan":1,"original_rowspan":1,"original_colspan":1},{"value":"15 June 1888","html":"<td style=\"border: solid #aaa; border-width: 0px 1px 1px 0px; background: white;\">15 June 1888</td>","links":[],"attrs":{"style":"border: solid #aaa; border-width: 0px 1px 1px 0px; background: white;"},"is_header":false,"rowspan":1,"colspan":1,"original_rowspan":1,"original_colspan":1},{"value":"28 November 1918 \n(abdicated)","html":"<td style=\"border: solid #aaa; border-width: 0px 1px 1px 0px; background: white;\">28 November 1918<br/><small>(abdicated)</small><br/></td>","links":[],"attrs":{"style":"border: solid #aaa; border-width: 0px 1px 1px 0px; background: white;"},"is_header":false,"rowspan":1,"colspan":1,"original_rowspan":1,"original_colspan":1},{"value":"Son of Frederick III; also German Emperor","html":"<td style=\"border: solid #aaa; border-width: 0px 1px 1px 0px; background: white;\">Son of Frederick III; also German Emperor</td>","links":[],"attrs":{"style":"border: solid #aaa; border-width: 0px 1px 1px 0px; background: white;"},"is_header":false,"rowspan":1,"colspan":1,"original_rowspan":1,"original_colspan":1},{"value":"Hohenzollern","html":"<td style=\"border: solid #aaa; border-width: 0px 1px 1px 0px; background: white;\"><a href=\"/wiki/House_of_Hohenzollern\" title=\"House of Hohenzollern\">Hohenzollern</a></td>","links":[{"href":"/wiki/House_of_Hohenzollern","start":0,"end":12,"is_selflink":false}],"attrs":{"style":"border: solid #aaa; border-width: 0px 1px 1px 0px; background: white;"},"is_header":false,"rowspan":1,"colspan":1,"original_rowspan":1,"original_colspan":1},{"value":"","html":"<td style=\"border: solid #aaa; border-width: 0px 1px 1px 0px; background: white;\"><span class=\"photo\"></span></td>","links":[],"attrs":{"style":"border: solid #aaa; border-width: 0px 1px 1px 0px; background: white;"},"is_header":false,"rowspan":1,"colspan":1,"original_rowspan":1,"original_colspan":1}],"attrs":{}}],"caption":null,"attrs":{"cellspacing":"0","style":"text-align:center"},"classes":[""],"is_spanned":true,"external_links":{"http://en.wikipedia.org/wiki/Frederick_I_of_Prussia":{"dbpedia":null,"qnode":null,"qnode_id":"Q151826"},"http://en.wikipedia.org/wiki/House_of_Hohenzollern":{"dbpedia":null,"qnode":null,"qnode_id":"Q83969"},"http://en.wikipedia.org/wiki/Frederick_William_I_of_Prussia":{"dbpedia":null,"qnode":null,"qnode_id":"Q105013"},"http://en.wikipedia.org/wiki/Frederick_the_Great":{"dbpedia":null,"qnode":null,"qnode_id":"Q33550"},"http://en.wikipedia.org/wiki/Frederick_William_II_of_Prussia":{"dbpedia":null,"qnode":null,"qnode_id":"Q152229"},"http://en.wikipedia.org/wiki/Frederick_William_III_of_Prussia":{"dbpedia":null,"qnode":null,"qnode_id":"Q37134"},"http://en.wikipedia.org/wiki/Frederick_William_IV_of_Prussia":{"dbpedia":null,"qnode":null,"qnode_id":"Q57180"},"http://en.wikipedia.org/wiki/Erfurt_Union":{"dbpedia":null,"qnode":null,"qnode_id":"Q327179"},"http://en.wikipedia.org/wiki/William_I,_German_Emperor":{"dbpedia":null,"qnode":null,"qnode_id":"Q150652"},"http://en.wikipedia.org/wiki/North_German_Confederation":{"dbpedia":null,"qnode":null,"qnode_id":"Q150981"},"http://en.wikipedia.org/wiki/German_Emperor":{"dbpedia":null,"qnode":null,"qnode_id":"Q501503"},"http://en.wikipedia.org/wiki/Frederick_III,_German_Emperor":{"dbpedia":null,"qnode":null,"qnode_id":"Q58600"},"http://en.wikipedia.org/wiki/Wilhelm_II,_German_Emperor":{"dbpedia":null,"qnode":null,"qnode_id":"Q2677"},"https://en.wikipedia.org/wiki/List_of_monarchs_of_Prussia":{"dbpedia":null,"qnode":null,"qnode_id":"Q1770786"}}}