{"id":"Wayraperú","pageURI":"http://dbpedia.org/resource/Wayraperú?dbpv=2020-02&nif=context","rows":[{"cells":[{"value":"City","html":"<th>City</th>","links":[],"attrs":{},"is_header":true,"rowspan":1,"colspan":1,"original_rowspan":1,"original_colspan":1},{"value":"Airport","html":"<th>Airport</th>","links":[],"attrs":{},"is_header":true,"rowspan":1,"colspan":1,"original_rowspan":1,"original_colspan":1}],"attrs":{}},{"cells":[{"value":"Arequipa","html":"<td><a href=\"/wiki/Arequipa\" title=\"Arequipa\">Arequipa</a></td>","links":[{"href":"/wiki/Arequipa","start":0,"end":8,"is_selflink":false}],"attrs":{},"is_header":false,"rowspan":1,"colspan":1,"original_rowspan":1,"original_colspan":1},{"value":"Rodriguez Ballon International Airport","html":"<td><a class=\"mw-redirect\" href=\"/wiki/Rodriguez_Ballon_International_Airport\" title=\"Rodriguez Ballon International Airport\">Rodriguez Ballon International Airport</a></td>","links":[{"href":"/wiki/Rodriguez_Ballon_International_Airport","start":0,"end":38,"is_selflink":false}],"attrs":{},"is_header":false,"rowspan":1,"colspan":1,"original_rowspan":1,"original_colspan":1}],"attrs":{}},{"cells":[{"value":"Cajamarca","html":"<td><a href=\"/wiki/Cajamarca\" title=\"Cajamarca\">Cajamarca</a></td>","links":[{"href":"/wiki/Cajamarca","start":0,"end":9,"is_selflink":false}],"attrs":{},"is_header":false,"rowspan":1,"colspan":1,"original_rowspan":1,"original_colspan":1},{"value":"My. Gral. FAP. Armando Revoredo Iglesias Airport","html":"<td><a class=\"mw-redirect\" href=\"/wiki/My._Gral._FAP._Armando_Revoredo_Iglesias_Airport\" title=\"My. Gral. FAP. Armando Revoredo Iglesias Airport\">My. Gral. FAP. Armando Revoredo Iglesias Airport</a></td>","links":[{"href":"/wiki/My._Gral._FAP._Armando_Revoredo_Iglesias_Airport","start":0,"end":48,"is_selflink":false}],"attrs":{},"is_header":false,"rowspan":1,"colspan":1,"original_rowspan":1,"original_colspan":1}],"attrs":{}},{"cells":[{"value":"Chiclayo","html":"<td><a href=\"/wiki/Chiclayo\" title=\"Chiclayo\">Chiclayo</a></td>","links":[{"href":"/wiki/Chiclayo","start":0,"end":8,"is_selflink":false}],"attrs":{},"is_header":false,"rowspan":1,"colspan":1,"original_rowspan":1,"original_colspan":1},{"value":"Cap. FAP José A. Quiñones Gonzales International Airport","html":"<td><a class=\"mw-redirect\" href=\"/wiki/Cap._FAP_Jos%C3%A9_A._Qui%C3%B1ones_Gonzales_International_Airport\" title=\"Cap. FAP José A. Quiñones Gonzales International Airport\">Cap. FAP José A. Quiñones Gonzales International Airport</a></td>","links":[{"href":"/wiki/Cap._FAP_Jos%C3%A9_A._Qui%C3%B1ones_Gonzales_International_Airport","start":0,"end":56,"is_selflink":false}],"attrs":{},"is_header":false,"rowspan":1,"colspan":1,"original_rowspan":1,"original_colspan":1}],"attrs":{}},{"cells":[{"value":"Cusco","html":"<td><a href=\"/wiki/Cusco\" title=\"Cusco\">Cusco</a></td>","links":[{"href":"/wiki/Cusco","start":0,"end":5,"is_selflink":false}],"attrs":{},"is_header":false,"rowspan":1,"colspan":1,"original_rowspan":1,"original_colspan":1},{"value":"Alejandro Velasco Astete International Airport","html":"<td><a href=\"/wiki/Alejandro_Velasco_Astete_International_Airport\" title=\"Alejandro Velasco Astete International Airport\">Alejandro Velasco Astete International Airport</a></td>","links":[{"href":"/wiki/Alejandro_Velasco_Astete_International_Airport","start":0,"end":46,"is_selflink":false}],"attrs":{},"is_header":false,"rowspan":1,"colspan":1,"original_rowspan":1,"original_colspan":1}],"attrs":{}},{"cells":[{"value":"Huánuco","html":"<td><a href=\"/wiki/Hu%C3%A1nuco\" title=\"Huánuco\">Huánuco</a></td>","links":[{"href":"/wiki/Hu%C3%A1nuco","start":0,"end":7,"is_selflink":false}],"attrs":{},"is_header":false,"rowspan":1,"colspan":1,"original_rowspan":1,"original_colspan":1},{"value":"Alférez FAP David Figueroa Fernandini Airport","html":"<td><a href=\"/wiki/Alf%C3%A9rez_FAP_David_Figueroa_Fernandini_Airport\" title=\"Alférez FAP David Figueroa Fernandini Airport\">Alférez FAP David Figueroa Fernandini Airport</a></td>","links":[{"href":"/wiki/Alf%C3%A9rez_FAP_David_Figueroa_Fernandini_Airport","start":0,"end":45,"is_selflink":false}],"attrs":{},"is_header":false,"rowspan":1,"colspan":1,"original_rowspan":1,"original_colspan":1}],"attrs":{}},{"cells":[{"value":"Iquitos","html":"<td><a href=\"/wiki/Iquitos\" title=\"Iquitos\">Iquitos</a></td>","links":[{"href":"/wiki/Iquitos","start":0,"end":7,"is_selflink":false}],"attrs":{},"is_header":false,"rowspan":1,"colspan":1,"original_rowspan":1,"original_colspan":1},{"value":"Coronel FAP Francisco Secada Vignetta International Airport","html":"<td><a href=\"/wiki/Coronel_FAP_Francisco_Secada_Vignetta_International_Airport\" title=\"Coronel FAP Francisco Secada Vignetta International Airport\">Coronel FAP Francisco Secada Vignetta International Airport</a></td>","links":[{"href":"/wiki/Coronel_FAP_Francisco_Secada_Vignetta_International_Airport","start":0,"end":59,"is_selflink":false}],"attrs":{},"is_header":false,"rowspan":1,"colspan":1,"original_rowspan":1,"original_colspan":1}],"attrs":{}},{"cells":[{"value":"Lima","html":"<td><a href=\"/wiki/Lima\" title=\"Lima\">Lima</a></td>","links":[{"href":"/wiki/Lima","start":0,"end":4,"is_selflink":false}],"attrs":{},"is_header":false,"rowspan":1,"colspan":1,"original_rowspan":1,"original_colspan":1},{"value":"Jorge Chávez International Airport","html":"<td><a href=\"/wiki/Jorge_Ch%C3%A1vez_International_Airport\" title=\"Jorge Chávez International Airport\">Jorge Chávez International Airport</a></td>","links":[{"href":"/wiki/Jorge_Ch%C3%A1vez_International_Airport","start":0,"end":34,"is_selflink":false}],"attrs":{},"is_header":false,"rowspan":1,"colspan":1,"original_rowspan":1,"original_colspan":1}],"attrs":{}},{"cells":[{"value":"Piura","html":"<td><a href=\"/wiki/Piura\" title=\"Piura\">Piura</a></td>","links":[{"href":"/wiki/Piura","start":0,"end":5,"is_selflink":false}],"attrs":{},"is_header":false,"rowspan":1,"colspan":1,"original_rowspan":1,"original_colspan":1},{"value":"Cap. FAP Guillermo Concha Iberico International Airport","html":"<td><a class=\"mw-redirect\" href=\"/wiki/Cap._FAP_Guillermo_Concha_Iberico_International_Airport\" title=\"Cap. FAP Guillermo Concha Iberico International Airport\">Cap. FAP Guillermo Concha Iberico International Airport</a></td>","links":[{"href":"/wiki/Cap._FAP_Guillermo_Concha_Iberico_International_Airport","start":0,"end":55,"is_selflink":false}],"attrs":{},"is_header":false,"rowspan":1,"colspan":1,"original_rowspan":1,"original_colspan":1}],"attrs":{}},{"cells":[{"value":"Pucallpa","html":"<td><a href=\"/wiki/Pucallpa\" title=\"Pucallpa\">Pucallpa</a></td>","links":[{"href":"/wiki/Pucallpa","start":0,"end":8,"is_selflink":false}],"attrs":{},"is_header":false,"rowspan":1,"colspan":1,"original_rowspan":1,"original_colspan":1},{"value":"Captain Rolden International Airport","html":"<td><a class=\"mw-redirect\" href=\"/wiki/Captain_Rolden_International_Airport\" title=\"Captain Rolden International Airport\">Captain Rolden International Airport</a></td>","links":[{"href":"/wiki/Captain_Rolden_International_Airport","start":0,"end":36,"is_selflink":false}],"attrs":{},"is_header":false,"rowspan":1,"colspan":1,"original_rowspan":1,"original_colspan":1}],"attrs":{}},{"cells":[{"value":"Puerto Maldonado","html":"<td><a href=\"/wiki/Puerto_Maldonado\" title=\"Puerto Maldonado\">Puerto Maldonado</a></td>","links":[{"href":"/wiki/Puerto_Maldonado","start":0,"end":16,"is_selflink":false}],"attrs":{},"is_header":false,"rowspan":1,"colspan":1,"original_rowspan":1,"original_colspan":1},{"value":"Padre José de Aldamiz International Airport","html":"<td><a class=\"mw-redirect\" href=\"/wiki/Puerto_Maldonado_International_Airport\" title=\"Puerto Maldonado International Airport\">Padre José de Aldamiz International Airport</a></td>","links":[{"href":"/wiki/Puerto_Maldonado_International_Airport","start":0,"end":43,"is_selflink":false}],"attrs":{},"is_header":false,"rowspan":1,"colspan":1,"original_rowspan":1,"original_colspan":1}],"attrs":{}},{"cells":[{"value":"Rioja","html":"<td><a href=\"/wiki/Rioja,_Peru\" title=\"Rioja, Peru\">Rioja</a></td>","links":[{"href":"/wiki/Rioja,_Peru","start":0,"end":5,"is_selflink":false}],"attrs":{},"is_header":false,"rowspan":1,"colspan":1,"original_rowspan":1,"original_colspan":1},{"value":"Juan Simons Vela Airport","html":"<td><a href=\"/wiki/Juan_Simons_Vela_Airport\" title=\"Juan Simons Vela Airport\">Juan Simons Vela Airport</a></td>","links":[{"href":"/wiki/Juan_Simons_Vela_Airport","start":0,"end":24,"is_selflink":false}],"attrs":{},"is_header":false,"rowspan":1,"colspan":1,"original_rowspan":1,"original_colspan":1}],"attrs":{}},{"cells":[{"value":"Tacna","html":"<td><a href=\"/wiki/Tacna\" title=\"Tacna\">Tacna</a></td>","links":[{"href":"/wiki/Tacna","start":0,"end":5,"is_selflink":false}],"attrs":{},"is_header":false,"rowspan":1,"colspan":1,"original_rowspan":1,"original_colspan":1},{"value":"Crnl. FAP Carlos Ciriani Santa Rosa International Airport","html":"<td><a class=\"mw-redirect\" href=\"/wiki/Crnl._FAP_Carlos_Ciriani_Santa_Rosa_International_Airport\" title=\"Crnl. FAP Carlos Ciriani Santa Rosa International Airport\">Crnl. FAP Carlos Ciriani Santa Rosa International Airport</a></td>","links":[{"href":"/wiki/Crnl._FAP_Carlos_Ciriani_Santa_Rosa_International_Airport","start":0,"end":57,"is_selflink":false}],"attrs":{},"is_header":false,"rowspan":1,"colspan":1,"original_rowspan":1,"original_colspan":1}],"attrs":{}},{"cells":[{"value":"Talara","html":"<td><a href=\"/wiki/Talara\" title=\"Talara\">Talara</a></td>","links":[{"href":"/wiki/Talara","start":0,"end":6,"is_selflink":false}],"attrs":{},"is_header":false,"rowspan":1,"colspan":1,"original_rowspan":1,"original_colspan":1},{"value":"Cap. FAP Victor Montes Arias International Airport","html":"<td><a class=\"mw-redirect\" href=\"/wiki/Cap._FAP_Victor_Montes_Arias_International_Airport\" title=\"Cap. FAP Victor Montes Arias International Airport\">Cap. FAP Victor Montes Arias International Airport</a></td>","links":[{"href":"/wiki/Cap._FAP_Victor_Montes_Arias_International_Airport","start":0,"end":50,"is_selflink":false}],"attrs":{},"is_header":false,"rowspan":1,"colspan":1,"original_rowspan":1,"original_colspan":1}],"attrs":{}},{"cells":[{"value":"Tarapoto","html":"<td><a href=\"/wiki/Tarapoto\" title=\"Tarapoto\">Tarapoto</a></td>","links":[{"href":"/wiki/Tarapoto","start":0,"end":8,"is_selflink":false}],"attrs":{},"is_header":false,"rowspan":1,"colspan":1,"original_rowspan":1,"original_colspan":1},{"value":"Cadete FAP Guillermo del Castillo Paredes Airport","html":"<td><a class=\"mw-redirect\" href=\"/wiki/Cad._FAP_Guillermo_del_Castillo_Paredes_Airport\" title=\"Cad. FAP Guillermo del Castillo Paredes Airport\">Cadete FAP Guillermo del Castillo Paredes Airport</a></td>","links":[{"href":"/wiki/Cad._FAP_Guillermo_del_Castillo_Paredes_Airport","start":0,"end":49,"is_selflink":false}],"attrs":{},"is_header":false,"rowspan":1,"colspan":1,"original_rowspan":1,"original_colspan":1}],"attrs":{}},{"cells":[{"value":"Trujillo","html":"<td><a href=\"/wiki/Trujillo,_Peru\" title=\"Trujillo, Peru\">Trujillo</a></td>","links":[{"href":"/wiki/Trujillo,_Peru","start":0,"end":8,"is_selflink":false}],"attrs":{},"is_header":false,"rowspan":1,"colspan":1,"original_rowspan":1,"original_colspan":1},{"value":"FAP Captain Carlos Martínez de Pinillos International Airport","html":"<td><a href=\"/wiki/FAP_Captain_Carlos_Mart%C3%ADnez_de_Pinillos_International_Airport\" title=\"FAP Captain Carlos Martínez de Pinillos International Airport\">FAP Captain Carlos Martínez de Pinillos International Airport</a></td>","links":[{"href":"/wiki/FAP_Captain_Carlos_Mart%C3%ADnez_de_Pinillos_International_Airport","start":0,"end":61,"is_selflink":false}],"attrs":{},"is_header":false,"rowspan":1,"colspan":1,"original_rowspan":1,"original_colspan":1}],"attrs":{}},{"cells":[{"value":"Tumbes","html":"<td><a class=\"mw-redirect\" href=\"/wiki/Tumbes_(city)\" title=\"Tumbes (city)\">Tumbes</a></td>","links":[{"href":"/wiki/Tumbes_(city)","start":0,"end":6,"is_selflink":false}],"attrs":{},"is_header":false,"rowspan":1,"colspan":1,"original_rowspan":1,"original_colspan":1},{"value":"Cap. FAP Pedro Canga Rodríguez Airport","html":"<td><a class=\"mw-redirect\" href=\"/wiki/Cap._FAP_Pedro_Canga_Rodr%C3%ADguez_Airport\" title=\"Cap. FAP Pedro Canga Rodríguez Airport\">Cap. FAP Pedro Canga Rodríguez Airport</a></td>","links":[{"href":"/wiki/Cap._FAP_Pedro_Canga_Rodr%C3%ADguez_Airport","start":0,"end":38,"is_selflink":false}],"attrs":{},"is_header":false,"rowspan":1,"colspan":1,"original_rowspan":1,"original_colspan":1}],"attrs":{}},{"cells":[{"value":"Yurimaguas","html":"<td><a href=\"/wiki/Yurimaguas\" title=\"Yurimaguas\">Yurimaguas</a></td>","links":[{"href":"/wiki/Yurimaguas","start":0,"end":10,"is_selflink":false}],"attrs":{},"is_header":false,"rowspan":1,"colspan":1,"original_rowspan":1,"original_colspan":1},{"value":"Moisés Benzaquen Rengifo Airport","html":"<td><a class=\"mw-redirect\" href=\"/wiki/Mois%C3%A9s_Benzaquen_Rengifo_Airport\" title=\"Moisés Benzaquen Rengifo Airport\">Moisés Benzaquen Rengifo Airport</a></td>","links":[{"href":"/wiki/Mois%C3%A9s_Benzaquen_Rengifo_Airport","start":0,"end":32,"is_selflink":false}],"attrs":{},"is_header":false,"rowspan":1,"colspan":1,"original_rowspan":1,"original_colspan":1}],"attrs":{}}],"caption":null,"attrs":{"class":["sortable","wikitable","toccolours"]},"classes":["toccolours","wikitable","sortable"],"is_spanned":true,"external_links":{"http://en.wikipedia.org/wiki/Arequipa":{"dbpedia":null,"qnode":null,"qnode_id":"Q159273"},"http://en.wikipedia.org/wiki/Rodriguez_Ballon_International_Airport":{"dbpedia":null,"qnode":null,"qnode_id":"Q1430861"},"http://en.wikipedia.org/wiki/Cajamarca":{"dbpedia":null,"qnode":null,"qnode_id":"Q205119"},"http://en.wikipedia.org/wiki/My._Gral._FAP._Armando_Revoredo_Iglesias_Airport":{"dbpedia":null,"qnode":null,"qnode_id":"Q651471"},"http://en.wikipedia.org/wiki/Chiclayo":{"dbpedia":null,"qnode":null,"qnode_id":"Q260911"},"http://en.wikipedia.org/wiki/Cap._FAP_Jos%C3%A9_A._Qui%C3%B1ones_Gonzales_International_Airport":{"dbpedia":null,"qnode":null,"qnode_id":"Q3275990"},"http://en.wikipedia.org/wiki/Cusco":{"dbpedia":null,"qnode":null,"qnode_id":"Q5582862"},"http://en.wikipedia.org/wiki/Alejandro_Velasco_Astete_International_Airport":{"dbpedia":null,"qnode":null,"qnode_id":"Q1431170"},"http://en.wikipedia.org/wiki/Hu%C3%A1nuco":{"dbpedia":null,"qnode":null,"qnode_id":"Q504394"},"http://en.wikipedia.org/wiki/Alf%C3%A9rez_FAP_David_Figueroa_Fernandini_Airport":{"dbpedia":null,"qnode":null,"qnode_id":"Q2232445"},"http://en.wikipedia.org/wiki/Iquitos":{"dbpedia":null,"qnode":null,"qnode_id":"Q193289"},"http://en.wikipedia.org/wiki/Coronel_FAP_Francisco_Secada_Vignetta_International_Airport":{"dbpedia":null,"qnode":null,"qnode_id":"Q1431540"},"http://en.wikipedia.org/wiki/Lima":{"dbpedia":null,"qnode":null,"qnode_id":"Q2868"},"http://en.wikipedia.org/wiki/Jorge_Ch%C3%A1vez_International_Airport":{"dbpedia":null,"qnode":null,"qnode_id":"Q1142219"},"http://en.wikipedia.org/wiki/Piura":{"dbpedia":null,"qnode":null,"qnode_id":"Q223966"},"http://en.wikipedia.org/wiki/Cap._FAP_Guillermo_Concha_Iberico_International_Airport":{"dbpedia":null,"qnode":null,"qnode_id":"Q1432372"},"http://en.wikipedia.org/wiki/Pucallpa":{"dbpedia":null,"qnode":null,"qnode_id":"Q217071"},"http://en.wikipedia.org/wiki/Captain_Rolden_International_Airport":{"dbpedia":null,"qnode":null,"qnode_id":"Q20979014"},"http://en.wikipedia.org/wiki/Puerto_Maldonado":{"dbpedia":null,"qnode":null,"qnode_id":"Q541435"},"http://en.wikipedia.org/wiki/Puerto_Maldonado_International_Airport":{"dbpedia":null,"qnode":null,"qnode_id":"Q656854"},"http://en.wikipedia.org/wiki/Rioja,_Peru":{"dbpedia":null,"qnode":null,"qnode_id":"Q3344069"},"http://en.wikipedia.org/wiki/Juan_Simons_Vela_Airport":{"dbpedia":null,"qnode":null,"qnode_id":"Q555419"},"http://en.wikipedia.org/wiki/Tacna":{"dbpedia":null,"qnode":null,"qnode_id":"Q272795"},"http://en.wikipedia.org/wiki/Crnl._FAP_Carlos_Ciriani_Santa_Rosa_International_Airport":{"dbpedia":null,"qnode":null,"qnode_id":"Q1658484"},"http://en.wikipedia.org/wiki/Talara":{"dbpedia":null,"qnode":null,"qnode_id":"Q723584"},"http://en.wikipedia.org/wiki/Cap._FAP_Victor_Montes_Arias_International_Airport":{"dbpedia":null,"qnode":null,"qnode_id":"Q1432987"},"http://en.wikipedia.org/wiki/Tarapoto":{"dbpedia":null,"qnode":null,"qnode_id":"Q927933"},"http://en.wikipedia.org/wiki/Cad._FAP_Guillermo_del_Castillo_Paredes_Airport":{"dbpedia":null,"qnode":null,"qnode_id":"Q616453"},"http://en.wikipedia.org/wiki/Trujillo,_Peru":{"dbpedia":null,"qnode":null,"qnode_id":"Q214173"},"http://en.wikipedia.org/wiki/FAP_Captain_Carlos_Mart%C3%ADnez_de_Pinillos_International_Airport":{"dbpedia":null,"qnode":null,"qnode_id":"Q1433108"},"http://en.wikipedia.org/wiki/Tumbes_(city)":{"dbpedia":null,"qnode":null,"qnode_id":"Q827640"},"http://en.wikipedia.org/wiki/Cap._FAP_Pedro_Canga_Rodr%C3%ADguez_Airport":{"dbpedia":null,"qnode":null,"qnode_id":"Q1433114"},"http://en.wikipedia.org/wiki/Yurimaguas":{"dbpedia":null,"qnode":null,"qnode_id":"Q117625"},"http://en.wikipedia.org/wiki/Mois%C3%A9s_Benzaquen_Rengifo_Airport":{"dbpedia":null,"qnode":null,"qnode_id":"Q3566532"},"https://en.wikipedia.org/wiki/Wayraperú":{"dbpedia":null,"qnode":null,"qnode_id":"Q3847520"}}}