{"version":2,"table":{"version":2,"table_id":"D4Y4UZGU","columns":[{"index":0,"name":"col0","values":["Villaflor","Vallehermoso","Poblacion Sur","Poblacion Norte","Montevideo"]},{"index":1,"name":"col1","values":["904","1761","3279","3224","1295"]}]},"context":{"version":3,"page_title":null,"page_url":null,"entities":[],"literals":[],"content_hierarchy":[]},"links":[[[{"version":2,"start":0,"end":9,"url":null,"entities":[{"id":"Q28378964","type":"wikidata"}]}],[]],[[{"version":2,"start":0,"end":12,"url":null,"entities":[{"id":"Q28378910","type":"wikidata"}]}],[]],[[{"version":2,"start":0,"end":13,"url":null,"entities":[{"id":"Q28378839","type":"wikidata"}]}],[]],[[{"version":2,"start":0,"end":15,"url":null,"entities":[{"id":"Q28378821","type":"wikidata"}]}],[]],[[{"version":2,"start":0,"end":10,"url":null,"entities":[{"id":"Q28378758","type":"wikidata"}]}],[]]]}