{"version":2,"table":{"version":2,"table_id":"D6QWZ4I0","columns":[{"index":0,"name":"col0","values":["atershis Down","Rbots.","Kung Fu Panea 2","Undergogs","lesha Popovich and Tugarin th Dragon","Jmmigrants"]},{"index":1,"name":"col1","values":["91.632","91.45499999999998","90.727","105.364","71.928","4417.0"]}]},"context":{"version":3,"page_title":null,"page_url":null,"entities":[],"literals":[],"content_hierarchy":[]},"links":[[[{"version":2,"start":0,"end":13,"url":null,"entities":[{"id":"Q2165639","type":"wikidata"}]}],[]],[[{"version":2,"start":0,"end":6,"url":null,"entities":[{"id":"Q756238","type":"wikidata"}]}],[]],[[{"version":2,"start":0,"end":15,"url":null,"entities":[{"id":"Q487447","type":"wikidata"}]}],[]],[[{"version":2,"start":0,"end":9,"url":null,"entities":[{"id":"Q5664643","type":"wikidata"}]}],[]],[[{"version":2,"start":0,"end":36,"url":null,"entities":[{"id":"Q2381788","type":"wikidata"}]}],[]],[[{"version":2,"start":0,"end":10,"url":null,"entities":[{"id":"Q4200293","type":"wikidata"}]}],[]]]}