{"version":2,"table":{"version":2,"table_id":"DHMBE6UN","columns":[{"index":0,"name":"col0","values":["Skjefstadfoss I power station","Skarg power station"]},{"index":1,"name":"col1","values":["48.3","33"]}]},"context":{"version":3,"page_title":null,"page_url":null,"entities":[],"literals":[],"content_hierarchy":[]},"links":[[[{"version":2,"start":0,"end":29,"url":null,"entities":[{"id":"Q19388894","type":"wikidata"}]}],[]],[[{"version":2,"start":0,"end":19,"url":null,"entities":[{"id":"Q19388726","type":"wikidata"}]}],[]]]}