{"version":2,"table":{"version":2,"table_id":"DLP5PO3R","columns":[{"index":0,"name":"col0","values":["Nokia 5.1 Plus","Aquos Phone SH-06D","Redmi Y1 Lite","Nexus 4","Mitac Mio A701","Redmi Go"]},{"index":1,"name":"col1","values":["","","150","139","","137"]}]},"context":{"version":3,"page_title":null,"page_url":null,"entities":[],"literals":[],"content_hierarchy":[]},"links":[[[{"version":2,"start":0,"end":14,"url":null,"entities":[{"id":"Q55694209","type":"wikidata"}]}],[]],[[{"version":2,"start":0,"end":18,"url":null,"entities":[{"id":"Q11243059","type":"wikidata"}]}],[]],[[{"version":2,"start":0,"end":13,"url":null,"entities":[{"id":"Q64550653","type":"wikidata"}]}],[]],[[{"version":2,"start":0,"end":7,"url":null,"entities":[{"id":"Q49047","type":"wikidata"}]}],[]],[[{"version":2,"start":0,"end":14,"url":null,"entities":[{"id":"Q4044374","type":"wikidata"}]}],[]],[[{"version":2,"start":0,"end":8,"url":null,"entities":[{"id":"Q64550838","type":"wikidata"}]}],[]]]}