{"version":2,"table":{"version":2,"table_id":"DOOH16ZP","columns":[{"index":0,"name":"col0","values":["Al-Malikiyah District","Al-Safira","Duraykish District","Afrin","Yabrud District"]},{"index":1,"name":"col1","values":["2652.74","2850.56","185.87","1840.85","580.34"]},{"index":2,"name":"col2","values":["191994","","","172095",""]}]},"context":{"version":3,"page_title":null,"page_url":null,"entities":[],"literals":[],"content_hierarchy":[]},"links":[[[{"version":2,"start":0,"end":21,"url":null,"entities":[{"id":"Q4702792","type":"wikidata"}]}],[],[]],[[{"version":2,"start":0,"end":9,"url":null,"entities":[{"id":"Q2022892","type":"wikidata"}]}],[],[]],[[{"version":2,"start":0,"end":18,"url":null,"entities":[{"id":"Q4120568","type":"wikidata"}]}],[],[]],[[{"version":2,"start":0,"end":5,"url":null,"entities":[{"id":"Q4120569","type":"wikidata"}]}],[],[]],[[{"version":2,"start":0,"end":15,"url":null,"entities":[{"id":"Q4118379","type":"wikidata"}]}],[],[]]]}