{"version":2,"table":{"version":2,"table_id":"DS9K6R9B","columns":[{"index":0,"name":"col0","values":["Ponta da Prainha","Ponta da Praia Grande","Ponta da Ribeira"]},{"index":1,"name":"col1","values":["22","34","5"]}]},"context":{"version":3,"page_title":null,"page_url":null,"entities":[],"literals":[],"content_hierarchy":[]},"links":[[[{"version":2,"start":0,"end":16,"url":null,"entities":[{"id":"Q22036644","type":"wikidata"}]}],[]],[[{"version":2,"start":0,"end":21,"url":null,"entities":[{"id":"Q22036637","type":"wikidata"}]}],[]],[[{"version":2,"start":0,"end":16,"url":null,"entities":[{"id":"Q22034284","type":"wikidata"}]}],[]]]}