{"version":2,"table":{"version":2,"table_id":"DSWLXHMW","columns":[{"index":0,"name":"col0","values":["Numismatic Museum of Athens","Pacific Science Center","Stockholm Palace","Tharros","Berliner Torturm","Museu Paulista"]},{"index":1,"name":"col1","values":["","25447430","","","",""]}]},"context":{"version":3,"page_title":null,"page_url":null,"entities":[],"literals":[],"content_hierarchy":[]},"links":[[[{"version":2,"start":0,"end":27,"url":null,"entities":[{"id":"Q658339","type":"wikidata"}]}],[]],[[{"version":2,"start":0,"end":22,"url":null,"entities":[{"id":"Q3848341","type":"wikidata"}]}],[]],[[{"version":2,"start":0,"end":16,"url":null,"entities":[{"id":"Q750444","type":"wikidata"}]}],[]],[[{"version":2,"start":0,"end":7,"url":null,"entities":[{"id":"Q736689","type":"wikidata"}]}],[]],[[{"version":2,"start":0,"end":16,"url":null,"entities":[{"id":"Q821828","type":"wikidata"}]}],[]],[[{"version":2,"start":0,"end":14,"url":null,"entities":[{"id":"Q371803","type":"wikidata"}]}],[]]]}