{"version":2,"table":{"version":2,"table_id":"DV8FIMQ9","columns":[{"index":0,"name":"col0","values":["Čapljina Hydroelectric Power Station","Tianhuangping Pumped Storage Power Station"]},{"index":1,"name":"col1","values":["420","1836"]}]},"context":{"version":3,"page_title":null,"page_url":null,"entities":[],"literals":[],"content_hierarchy":[]},"links":[[[{"version":2,"start":0,"end":36,"url":null,"entities":[{"id":"Q3438049","type":"wikidata"}]}],[]],[[{"version":2,"start":0,"end":42,"url":null,"entities":[{"id":"Q3436035","type":"wikidata"}]}],[]]]}