{"version":2,"table":{"version":2,"table_id":"ECADKJLZ","columns":[{"index":0,"name":"col0","values":["WISE J212321.92-261405.1","2MASS J05335973-0633098","2MASS J15555272-2031336","2MASS J18530004-4133275","DENIS-P J1058.7-1548","WISE J111838.70+312537.9","SIPS J0058-0651","2MASS J00531899-3631102","2MASS J03521086+0210479","SDSS J083717.21-000018.0"]},{"index":1,"name":"col1","values":["22","","137.851","140.7876","18.2993","8.8","28.9538","24.1196","19.5319","30"]},{"index":2,"name":"col2","values":["","3.176","7.2542","7.1029","54.6468","113.2","34.5378","41.4601","51.1984","33.7"]}]},"context":{"version":3,"page_title":null,"page_url":null,"entities":[],"literals":[],"content_hierarchy":[]},"links":[[[{"version":2,"start":0,"end":24,"url":null,"entities":[{"id":"Q90257204","type":"wikidata"}]}],[],[]],[[{"version":2,"start":0,"end":23,"url":null,"entities":[{"id":"Q84210318","type":"wikidata"}]}],[],[]],[[{"version":2,"start":0,"end":23,"url":null,"entities":[{"id":"Q87227150","type":"wikidata"}]}],[],[]],[[{"version":2,"start":0,"end":23,"url":null,"entities":[{"id":"Q89148024","type":"wikidata"}]}],[],[]],[[{"version":2,"start":0,"end":20,"url":null,"entities":[{"id":"Q222462","type":"wikidata"}]}],[],[]],[[{"version":2,"start":0,"end":24,"url":null,"entities":[{"id":"Q87821900","type":"wikidata"}]}],[],[]],[[{"version":2,"start":0,"end":15,"url":null,"entities":[{"id":"Q222121","type":"wikidata"}]}],[],[]],[[{"version":2,"start":0,"end":23,"url":null,"entities":[{"id":"Q222119","type":"wikidata"}]}],[],[]],[[{"version":2,"start":0,"end":23,"url":null,"entities":[{"id":"Q222244","type":"wikidata"}]}],[],[]],[[{"version":2,"start":0,"end":24,"url":null,"entities":[{"id":"Q2205669","type":"wikidata"}]}],[],[]]]}