{"version":2,"table":{"version":2,"table_id":"ECCOVABO","columns":[{"index":0,"name":"col0","values":["Tarmo","Optima bank"]},{"index":1,"name":"col1","values":["Finland","Belgium"]}]},"context":{"version":3,"page_title":null,"page_url":null,"entities":[],"literals":[],"content_hierarchy":[]},"links":[[[{"version":2,"start":0,"end":5,"url":null,"entities":[{"id":"Q18689218","type":"wikidata"}]}],[{"version":2,"start":0,"end":7,"url":null,"entities":[{"id":"Q33","type":"wikidata"}]}]],[[{"version":2,"start":0,"end":11,"url":null,"entities":[{"id":"Q26203292","type":"wikidata"}]}],[{"version":2,"start":0,"end":7,"url":null,"entities":[{"id":"Q31","type":"wikidata"}]}]]]}