{"version":2,"table":{"version":2,"table_id":"ECETP27Z","columns":[{"index":0,"name":"col0","values":["1/25th scale model of the steam aviso ''Bouvet''","Scale model of Loire-MnM 5 MM 9","Scale model of Royal Louis-MnM 13 MG 32","Ship model-AO 29584","58-gun ship of the line-32.137","1/40th Scale model of the corvette [[:en:French corvette Créole (1829)|''Créole'']]","Valkenisse-32.183"]},{"index":1,"name":"col1","values":["60","55","225","8","","38","96.5"]},{"index":2,"name":"col2","values":["221","170","520","17.5","124.46","112","203.2"]}]},"context":{"version":3,"page_title":null,"page_url":null,"entities":[],"literals":[],"content_hierarchy":[]},"links":[[[{"version":2,"start":0,"end":48,"url":null,"entities":[{"id":"Q47545836","type":"wikidata"}]}],[],[]],[[{"version":2,"start":0,"end":31,"url":null,"entities":[{"id":"Q47892687","type":"wikidata"}]}],[],[]],[[{"version":2,"start":0,"end":39,"url":null,"entities":[{"id":"Q48006462","type":"wikidata"}]}],[],[]],[[{"version":2,"start":0,"end":19,"url":null,"entities":[{"id":"Q56218054","type":"wikidata"}]}],[],[]],[[{"version":2,"start":0,"end":30,"url":null,"entities":[{"id":"Q70754218","type":"wikidata"}]}],[],[]],[[{"version":2,"start":0,"end":83,"url":null,"entities":[{"id":"Q47769604","type":"wikidata"}]}],[],[]],[[{"version":2,"start":0,"end":17,"url":null,"entities":[{"id":"Q90702595","type":"wikidata"}]}],[],[]]]}