{"version":2,"table":{"version":2,"table_id":"EF237YTC","columns":[{"index":0,"name":"col0","values":["Lois Wilson","Barbara Ann Scott","Allison Hayes"]},{"index":1,"name":"col1","values":["Forest Lawn Memorial Park","Fernandina Beach","Holy Cross Cemetery"]},{"index":2,"name":"col2","values":["Miss Alabama","figure skating at the 1948 Winter Olympics – ladies' singles","Miss District of Columbia"]}]},"context":{"version":3,"page_title":null,"page_url":null,"entities":[],"literals":[],"content_hierarchy":[]},"links":[[[{"version":2,"start":0,"end":11,"url":null,"entities":[{"id":"Q275728","type":"wikidata"}]}],[{"version":2,"start":0,"end":25,"url":null,"entities":[{"id":"Q1437214","type":"wikidata"}]}],[{"version":2,"start":0,"end":12,"url":null,"entities":[{"id":"Q6875975","type":"wikidata"}]}]],[[{"version":2,"start":0,"end":17,"url":null,"entities":[{"id":"Q239812","type":"wikidata"}]}],[{"version":2,"start":0,"end":16,"url":null,"entities":[{"id":"Q1975746","type":"wikidata"}]}],[{"version":2,"start":0,"end":60,"url":null,"entities":[{"id":"Q5590101","type":"wikidata"}]}]],[[{"version":2,"start":0,"end":13,"url":null,"entities":[{"id":"Q4356472","type":"wikidata"}]}],[{"version":2,"start":0,"end":19,"url":null,"entities":[{"id":"Q1625328","type":"wikidata"}]}],[{"version":2,"start":0,"end":25,"url":null,"entities":[{"id":"Q6876450","type":"wikidata"}]}]]]}