{"version":2,"table":{"version":2,"table_id":"EKNW49XT","columns":[{"index":0,"name":"col0","values":["Independence Day","Kosovo is Serbia","Address to the United Nations General Assembly","A More Perfect Union"]},{"index":1,"name":"col1","values":["Abubakar Tafawa Balewa","Vojislav Koštunica","Hugo Chávez","Barack Obama"]}]},"context":{"version":3,"page_title":null,"page_url":null,"entities":[],"literals":[],"content_hierarchy":[]},"links":[[[{"version":2,"start":0,"end":16,"url":null,"entities":[{"id":"Q115526967","type":"wikidata"}]}],[{"version":2,"start":0,"end":22,"url":null,"entities":[{"id":"Q335684","type":"wikidata"}]}]],[[{"version":2,"start":0,"end":16,"url":null,"entities":[{"id":"Q110832604","type":"wikidata"}]}],[{"version":2,"start":0,"end":18,"url":null,"entities":[{"id":"Q33031","type":"wikidata"}]}]],[[{"version":2,"start":0,"end":46,"url":null,"entities":[{"id":"Q114560806","type":"wikidata"}]}],[{"version":2,"start":0,"end":11,"url":null,"entities":[{"id":"Q8440","type":"wikidata"}]}]],[[{"version":2,"start":0,"end":20,"url":null,"entities":[{"id":"Q115689313","type":"wikidata"}]}],[{"version":2,"start":0,"end":12,"url":null,"entities":[{"id":"Q76","type":"wikidata"}]}]]]}