{"version":2,"table":{"version":2,"table_id":"EQ22MHFF","columns":[{"index":0,"name":"col0","values":["Andria (the Maid of Andros) II, 4","Mount Yoshino Midnight Mon.","Death with  Coffin","iiuku Ferry","Usuwo Hiku Onna"]},{"index":1,"name":"col1","values":["","","National Gallery of Art","Brooklyn Museum","British Museum"]},{"index":2,"name":"col2","values":["Albrecht Dürer","Yoshitoshi","Christian Rohlfs","Utagawa Hiroshige","Kitagawa Utamaro"]}]},"context":{"version":3,"page_title":null,"page_url":null,"entities":[],"literals":[],"content_hierarchy":[]},"links":[[[{"version":2,"start":0,"end":33,"url":null,"entities":[{"id":"Q100768085","type":"wikidata"}]}],[],[{"version":2,"start":0,"end":14,"url":null,"entities":[{"id":"Q5580","type":"wikidata"}]}]],[[{"version":2,"start":0,"end":27,"url":null,"entities":[{"id":"Q62580652","type":"wikidata"}]}],[],[{"version":2,"start":0,"end":10,"url":null,"entities":[{"id":"Q467337","type":"wikidata"}]}]],[[{"version":2,"start":0,"end":18,"url":null,"entities":[{"id":"Q65222286","type":"wikidata"}]}],[{"version":2,"start":0,"end":23,"url":null,"entities":[{"id":"Q214867","type":"wikidata"}]}],[{"version":2,"start":0,"end":16,"url":null,"entities":[{"id":"Q62992","type":"wikidata"}]}]],[[{"version":2,"start":0,"end":11,"url":null,"entities":[{"id":"Q60176413","type":"wikidata"}]}],[{"version":2,"start":0,"end":15,"url":null,"entities":[{"id":"Q632682","type":"wikidata"}]}],[{"version":2,"start":0,"end":17,"url":null,"entities":[{"id":"Q200798","type":"wikidata"}]}]],[[{"version":2,"start":0,"end":15,"url":null,"entities":[{"id":"Q60364106","type":"wikidata"}]}],[{"version":2,"start":0,"end":14,"url":null,"entities":[{"id":"Q6373","type":"wikidata"}]}],[{"version":2,"start":0,"end":16,"url":null,"entities":[{"id":"Q272045","type":"wikidata"}]}]]]}