{"version":"1.2","table":{"version":"2","table_id":"7WL5EA8E","columns":[{"index":0,"name":"col0","values":["1964 Grote Prijs Jef Scherens","1965 Grote Prijs Jef Scherens","1966 Grote Prijs Jef Scherens","1971 Grote Prijs Jef Scherens","1972 Grote Prijs Jef Scherens","1973 Grote Prijs Jef Scherens","1974 Grote Prijs Jef Scherens","1975 Grote Prijs Jef Scherens","1976 Grote Prijs Jef Scherens","1977 Grote Prijs Jef Scherens","1978 Grote Prijs Jef Scherens","1979 Grote Prijs Jef Scherens","1980 Grote Prijs Jef Scherens","1981 Grote Prijs Jef Scherens","1982 Grote Prijs Jef Scherens","1983 Grote Prijs Jef Scherens","1984 Grote Prijs Jef Scherens","1985 Grote Prijs Jef Scherens","1986 Grote Prijs Jef Scherens","1987 Grote Prijs Jef Scherens"]},{"index":1,"name":"col1","values":["Belgium","Belgium","Belgium","Belgium","Belgium","Belgium","Belgium","Belgium","Belgium","Belgium","Belgium","Belgium","Belgium","Belgium","Belgium","Belgium","Belgium","Belgium","Belgium","Belgium"]},{"index":2,"name":"col2","values":["1963 Grote Prijs Jef Scherens","1964 Grote Prijs Jef Scherens","1965 Grote Prijs Jef Scherens","1970 Grote Prijs Jef Scherens","1971 Grote Prijs Jef Scherens","1972 Grote Prijs Jef Scherens","1973 Grote Prijs Jef Scherens","1974 Grote Prijs Jef Scherens","1975 Grote Prijs Jef Scherens","1976 Grote Prijs Jef Scherens","1977 Grote Prijs Jef Scherens","1978 Grote Prijs Jef Scherens","1979 Grote Prijs Jef Scherens","1980 Grote Prijs Jef Scherens","1981 Grote Prijs Jef Scherens","1982 Grote Prijs Jef Scherens","1983 Grote Prijs Jef Scherens","1984 Grote Prijs Jef Scherens","1985 Grote Prijs Jef Scherens","1986 Grote Prijs Jef Scherens"]}]},"context":{"page_title":null,"page_url":null,"page_entity_id":null,"content_hierarchy":[]},"links":[[[{"start":0,"end":29,"url":null,"entity_id":"Q18613212","candidates":[]}],[{"start":0,"end":7,"url":null,"entity_id":"Q31","candidates":[]}],[{"start":0,"end":29,"url":null,"entity_id":"Q18613216","candidates":[]}]],[[{"start":0,"end":29,"url":null,"entity_id":"Q18613147","candidates":[]}],[{"start":0,"end":7,"url":null,"entity_id":"Q31","candidates":[]}],[{"start":0,"end":29,"url":null,"entity_id":"Q18613212","candidates":[]}]],[[{"start":0,"end":29,"url":null,"entity_id":"Q18613198","candidates":[]}],[{"start":0,"end":7,"url":null,"entity_id":"Q31","candidates":[]}],[{"start":0,"end":29,"url":null,"entity_id":"Q18613200","candidates":[]}]],[[{"start":0,"end":29,"url":null,"entity_id":"Q18613196","candidates":[]}],[{"start":0,"end":7,"url":null,"entity_id":"Q31","candidates":[]}],[{"start":0,"end":29,"url":null,"entity_id":"Q18613198","candidates":[]}]],[[{"start":0,"end":29,"url":null,"entity_id":"Q18613194","candidates":[]}],[{"start":0,"end":7,"url":null,"entity_id":"Q31","candidates":[]}],[{"start":0,"end":29,"url":null,"entity_id":"Q18613196","candidates":[]}]],[[{"start":0,"end":29,"url":null,"entity_id":"Q18613191","candidates":[]}],[{"start":0,"end":7,"url":null,"entity_id":"Q31","candidates":[]}],[{"start":0,"end":29,"url":null,"entity_id":"Q18613194","candidates":[]}]],[[{"start":0,"end":29,"url":null,"entity_id":"Q18613189","candidates":[]}],[{"start":0,"end":7,"url":null,"entity_id":"Q31","candidates":[]}],[{"start":0,"end":29,"url":null,"entity_id":"Q18613191","candidates":[]}]],[[{"start":0,"end":29,"url":null,"entity_id":"Q18613187","candidates":[]}],[{"start":0,"end":7,"url":null,"entity_id":"Q31","candidates":[]}],[{"start":0,"end":29,"url":null,"entity_id":"Q18613189","candidates":[]}]],[[{"start":0,"end":29,"url":null,"entity_id":"Q18613186","candidates":[]}],[{"start":0,"end":7,"url":null,"entity_id":"Q31","candidates":[]}],[{"start":0,"end":29,"url":null,"entity_id":"Q18613187","candidates":[]}]],[[{"start":0,"end":29,"url":null,"entity_id":"Q18613184","candidates":[]}],[{"start":0,"end":7,"url":null,"entity_id":"Q31","candidates":[]}],[{"start":0,"end":29,"url":null,"entity_id":"Q18613186","candidates":[]}]],[[{"start":0,"end":29,"url":null,"entity_id":"Q18613181","candidates":[]}],[{"start":0,"end":7,"url":null,"entity_id":"Q31","candidates":[]}],[{"start":0,"end":29,"url":null,"entity_id":"Q18613184","candidates":[]}]],[[{"start":0,"end":29,"url":null,"entity_id":"Q18613180","candidates":[]}],[{"start":0,"end":7,"url":null,"entity_id":"Q31","candidates":[]}],[{"start":0,"end":29,"url":null,"entity_id":"Q18613181","candidates":[]}]],[[{"start":0,"end":29,"url":null,"entity_id":"Q18613177","candidates":[]}],[{"start":0,"end":7,"url":null,"entity_id":"Q31","candidates":[]}],[{"start":0,"end":29,"url":null,"entity_id":"Q18613180","candidates":[]}]],[[{"start":0,"end":29,"url":null,"entity_id":"Q18613176","candidates":[]}],[{"start":0,"end":7,"url":null,"entity_id":"Q31","candidates":[]}],[{"start":0,"end":29,"url":null,"entity_id":"Q18613177","candidates":[]}]],[[{"start":0,"end":29,"url":null,"entity_id":"Q18613175","candidates":[]}],[{"start":0,"end":7,"url":null,"entity_id":"Q31","candidates":[]}],[{"start":0,"end":29,"url":null,"entity_id":"Q18613176","candidates":[]}]],[[{"start":0,"end":29,"url":null,"entity_id":"Q18613171","candidates":[]}],[{"start":0,"end":7,"url":null,"entity_id":"Q31","candidates":[]}],[{"start":0,"end":29,"url":null,"entity_id":"Q18613175","candidates":[]}]],[[{"start":0,"end":29,"url":null,"entity_id":"Q18613170","candidates":[]}],[{"start":0,"end":7,"url":null,"entity_id":"Q31","candidates":[]}],[{"start":0,"end":29,"url":null,"entity_id":"Q18613171","candidates":[]}]],[[{"start":0,"end":29,"url":null,"entity_id":"Q18613168","candidates":[]}],[{"start":0,"end":7,"url":null,"entity_id":"Q31","candidates":[]}],[{"start":0,"end":29,"url":null,"entity_id":"Q18613170","candidates":[]}]],[[{"start":0,"end":29,"url":null,"entity_id":"Q18613166","candidates":[]}],[{"start":0,"end":7,"url":null,"entity_id":"Q31","candidates":[]}],[{"start":0,"end":29,"url":null,"entity_id":"Q18613168","candidates":[]}]],[[{"start":0,"end":29,"url":null,"entity_id":"Q18613216","candidates":[]}],[{"start":0,"end":7,"url":null,"entity_id":"Q31","candidates":[]}],[{"start":0,"end":29,"url":null,"entity_id":"Q18613219","candidates":[]}]]]}