{"version":"1.2","table":{"version":"2","table_id":"80JF56U4","columns":[{"index":0,"name":"col0","values":["Canadan Open","Russiap Cup","World Judr Championships","Rko Open","Eastbourne Intenational","Italian Opfn","NottinghamOpen","Dubci Tennis Championships","Brisbane Inuernational","WTA Tour!Championships","Madrid#Open","Hocky World Cup","Indiao Wells Masters","Cincinnati Mastrs","Rosmalen Grass Court Champonships","Stockholm Opn","St. Petersburg Oen","SAP Opn","Rottesdam Open","Hall f Fame Tennis Championships"]},{"index":1,"name":"col1","values":["1.006","1.009","1.988","0.993","1.002","1.008","0.994","1.006","0.999","1.005","0.992","3.968","1.004","1.002","0.997","0.991","0.996","1.008","0.991","1.002"]},{"index":2,"name":"col2","values":["Tennis Canada","Figure Skating Federation of Russia","International Judo Federation","Women's Tennis Association","Women's Tennis Association","Women's Tennis Association","Women's Tennis Association","Women's Tennis Association","Women's Tennis Association","Women's Tennis Association","Ion Țiriac","International Hockey Federation","Association of Tennis Professionals","Association of Tennis Professionals","Association of Tennis Professionals","Association of Tennis Professionals","Association of Tennis Professionals","Association of Tennis Professionals","Association of Tennis Professionals","Association of Tennis Professionals"]}]},"context":{"page_title":null,"page_url":null,"page_entity_id":null,"content_hierarchy":[]},"links":[[[{"start":0,"end":11,"url":null,"entity_id":"Q21640805","candidates":[]}],[],[{"start":0,"end":35,"url":null,"entity_id":"Q5448019","candidates":[]}]],[[{"start":0,"end":24,"url":null,"entity_id":"Q1473250","candidates":[]}],[],[{"start":0,"end":29,"url":null,"entity_id":"Q1191347","candidates":[]}]],[[{"start":0,"end":8,"url":null,"entity_id":"Q15502507","candidates":[]}],[],[{"start":0,"end":26,"url":null,"entity_id":"Q948442","candidates":[]}]],[[{"start":0,"end":23,"url":null,"entity_id":"Q431569","candidates":[]}],[],[{"start":0,"end":26,"url":null,"entity_id":"Q948442","candidates":[]}]],[[{"start":0,"end":12,"url":null,"entity_id":"Q319496","candidates":[]}],[],[{"start":0,"end":26,"url":null,"entity_id":"Q948442","candidates":[]}]],[[{"start":0,"end":14,"url":null,"entity_id":"Q299634","candidates":[]}],[],[{"start":0,"end":26,"url":null,"entity_id":"Q948442","candidates":[]}]],[[{"start":0,"end":26,"url":null,"entity_id":"Q299409","candidates":[]}],[],[{"start":0,"end":26,"url":null,"entity_id":"Q948442","candidates":[]}]],[[{"start":0,"end":22,"url":null,"entity_id":"Q264806","candidates":[]}],[],[{"start":0,"end":26,"url":null,"entity_id":"Q948442","candidates":[]}]],[[{"start":0,"end":22,"url":null,"entity_id":"Q220347","candidates":[]}],[],[{"start":0,"end":26,"url":null,"entity_id":"Q948442","candidates":[]}]],[[{"start":0,"end":11,"url":null,"entity_id":"Q1161519","candidates":[]}],[],[{"start":0,"end":10,"url":null,"entity_id":"Q924245","candidates":[]}]],[[{"start":0,"end":15,"url":null,"entity_id":"Q1128219","candidates":[]}],[],[{"start":0,"end":31,"url":null,"entity_id":"Q870081","candidates":[]}]],[[{"start":0,"end":20,"url":null,"entity_id":"Q974505","candidates":[]}],[],[{"start":0,"end":35,"url":null,"entity_id":"Q744089","candidates":[]}]],[[{"start":0,"end":17,"url":null,"entity_id":"Q461834","candidates":[]}],[],[{"start":0,"end":35,"url":null,"entity_id":"Q744089","candidates":[]}]],[[{"start":0,"end":33,"url":null,"entity_id":"Q300031","candidates":[]}],[],[{"start":0,"end":35,"url":null,"entity_id":"Q744089","candidates":[]}]],[[{"start":0,"end":13,"url":null,"entity_id":"Q299745","candidates":[]}],[],[{"start":0,"end":35,"url":null,"entity_id":"Q744089","candidates":[]}]],[[{"start":0,"end":18,"url":null,"entity_id":"Q299740","candidates":[]}],[],[{"start":0,"end":35,"url":null,"entity_id":"Q744089","candidates":[]}]],[[{"start":0,"end":7,"url":null,"entity_id":"Q299706","candidates":[]}],[],[{"start":0,"end":35,"url":null,"entity_id":"Q744089","candidates":[]}]],[[{"start":0,"end":14,"url":null,"entity_id":"Q299701","candidates":[]}],[],[{"start":0,"end":35,"url":null,"entity_id":"Q744089","candidates":[]}]],[[{"start":0,"end":32,"url":null,"entity_id":"Q299622","candidates":[]}],[],[{"start":0,"end":35,"url":null,"entity_id":"Q744089","candidates":[]}]],[[{"start":0,"end":12,"url":null,"entity_id":"Q595467","candidates":[]}],[],[{"start":0,"end":13,"url":null,"entity_id":"Q7700298","candidates":[]}]]]}