{"version":"1.2","table":{"version":"2","table_id":"81MKYG87","columns":[{"index":0,"name":"col0","values":["Moondance","Comes a Time","More Songs About Buildings and Food","Graceland","Cosmo's Factory","Pyromania","Everybody's Rockin'","Harvest","Ragged Glory","Old Ways","Paul Simon","Imagine","After the Gold Rush","Déjà Vu","A Day at the Races","A Night at the Opera","So Beautiful or So What","Artaud","Rock of the Westies","Empty Sky"]},{"index":1,"name":"col1","values":["2294","2139","2492","2598","2548","2697","1495","2231","3763","2203","2043","2369","2110","2184","2664","2651","2295","2216","2619","2460"]},{"index":2,"name":"col2","values":["5","5","5","5","5","5","5","5","5","5","5","5","5","5","5","5","5","9","9","9"]}]},"context":{"page_title":null,"page_url":null,"page_entity_id":null,"content_hierarchy":[]},"links":[[[{"start":0,"end":12,"url":null,"entity_id":"Q1114275","candidates":[]}],[],[]],[[{"start":0,"end":35,"url":null,"entity_id":"Q1077225","candidates":[]}],[],[]],[[{"start":0,"end":9,"url":null,"entity_id":"Q1027822","candidates":[]}],[],[]],[[{"start":0,"end":15,"url":null,"entity_id":"Q869314","candidates":[]}],[],[]],[[{"start":0,"end":9,"url":null,"entity_id":"Q845281","candidates":[]}],[],[]],[[{"start":0,"end":19,"url":null,"entity_id":"Q602492","candidates":[]}],[],[]],[[{"start":0,"end":7,"url":null,"entity_id":"Q537983","candidates":[]}],[],[]],[[{"start":0,"end":12,"url":null,"entity_id":"Q515341","candidates":[]}],[],[]],[[{"start":0,"end":8,"url":null,"entity_id":"Q511630","candidates":[]}],[],[]],[[{"start":0,"end":10,"url":null,"entity_id":"Q370482","candidates":[]}],[],[]],[[{"start":0,"end":7,"url":null,"entity_id":"Q333266","candidates":[]}],[],[]],[[{"start":0,"end":19,"url":null,"entity_id":"Q264397","candidates":[]}],[],[]],[[{"start":0,"end":7,"url":null,"entity_id":"Q255471","candidates":[]}],[],[]],[[{"start":0,"end":18,"url":null,"entity_id":"Q220756","candidates":[]}],[],[]],[[{"start":0,"end":20,"url":null,"entity_id":"Q193477","candidates":[]}],[],[]],[[{"start":0,"end":23,"url":null,"entity_id":"Q3486944","candidates":[]}],[],[]],[[{"start":0,"end":6,"url":null,"entity_id":"Q4797360","candidates":[]}],[],[]],[[{"start":0,"end":19,"url":null,"entity_id":"Q1754356","candidates":[]}],[],[]],[[{"start":0,"end":9,"url":null,"entity_id":"Q1753065","candidates":[]}],[],[]],[[{"start":0,"end":9,"url":null,"entity_id":"Q1179158","candidates":[]}],[],[]]]}