{"version":"1.2","table":{"version":"2","table_id":"8251Y85M","columns":[{"index":0,"name":"col0","values":["tanker","canoe","gondola","hopper barge","ghost ship","ferry","motor ship","depot ship","dredger","warship","Parao","Lodi","penteconter","crane vessel","ironclad warship","Polacca","galleass","rowing boat","aviso","amphibious assault ship"]},{"index":1,"name":"col1","values":["Armenian Soviet Encyclopedia","Armenian Soviet Encyclopedia","Brockhaus and Efron Encyclopedic Dictionary","Armenian Soviet Encyclopedia","Infernal Dictionary, 6th ed.","Great Encyclopedia of Cyril and Methodius","Armenian Soviet Encyclopedia","Sytin Military Encyclopedia","Armenian Soviet Encyclopedia","Brockhaus and Efron Encyclopedic Dictionary","Diccionario marítimo español","Brockhaus and Efron Encyclopedic Dictionary","Sytin Military Encyclopedia","Sytin Military Encyclopedia","Brockhaus and Efron Encyclopedic Dictionary","Meyers Konversations-Lexikon (1888–1889)","Brockhaus and Efron Encyclopedic Dictionary","Brockhaus and Efron Encyclopedic Dictionary","Brockhaus and Efron Encyclopedic Dictionary","Armenian Soviet Encyclopedia"]},{"index":2,"name":"col2","values":["cargo ship","boat","boat","barge","ship","ship","ship","auxiliary ship","working ship","naval ship","sailing ship","cargo ship","galley","crane","steamboat","sailing ship","sailing ship","boat","dispatch boat","amphibious warfare ship"]}]},"context":{"page_title":null,"page_url":null,"page_entity_id":null,"content_hierarchy":[]},"links":[[[{"start":0,"end":5,"url":null,"entity_id":"Q171529","candidates":[]}],[{"start":0,"end":28,"url":null,"entity_id":"Q2657718","candidates":[]}],[{"start":0,"end":4,"url":null,"entity_id":"Q35872","candidates":[]}]],[[{"start":0,"end":7,"url":null,"entity_id":"Q182916","candidates":[]}],[{"start":0,"end":43,"url":null,"entity_id":"Q602358","candidates":[]}],[{"start":0,"end":4,"url":null,"entity_id":"Q35872","candidates":[]}]],[[{"start":0,"end":12,"url":null,"entity_id":"Q16523","candidates":[]}],[{"start":0,"end":28,"url":null,"entity_id":"Q2657718","candidates":[]}],[{"start":0,"end":5,"url":null,"entity_id":"Q16518","candidates":[]}]],[[{"start":0,"end":10,"url":null,"entity_id":"Q281019","candidates":[]}],[{"start":0,"end":28,"url":null,"entity_id":"Q20961706","candidates":[]}],[{"start":0,"end":4,"url":null,"entity_id":"Q11446","candidates":[]}]],[[{"start":0,"end":5,"url":null,"entity_id":"Q25653","candidates":[]}],[{"start":0,"end":41,"url":null,"entity_id":"Q4091875","candidates":[]}],[{"start":0,"end":4,"url":null,"entity_id":"Q11446","candidates":[]}]],[[{"start":0,"end":10,"url":null,"entity_id":"Q402092","candidates":[]}],[{"start":0,"end":28,"url":null,"entity_id":"Q2657718","candidates":[]}],[{"start":0,"end":4,"url":null,"entity_id":"Q11446","candidates":[]}]],[[{"start":0,"end":10,"url":null,"entity_id":"Q5260814","candidates":[]}],[{"start":0,"end":27,"url":null,"entity_id":"Q4114391","candidates":[]}],[{"start":0,"end":14,"url":null,"entity_id":"Q1286790","candidates":[]}]],[[{"start":0,"end":7,"url":null,"entity_id":"Q5810820","candidates":[]}],[{"start":0,"end":28,"url":null,"entity_id":"Q2657718","candidates":[]}],[{"start":0,"end":12,"url":null,"entity_id":"Q628983","candidates":[]}]],[[{"start":0,"end":7,"url":null,"entity_id":"Q3114762","candidates":[]}],[{"start":0,"end":43,"url":null,"entity_id":"Q602358","candidates":[]}],[{"start":0,"end":10,"url":null,"entity_id":"Q177597","candidates":[]}]],[[{"start":0,"end":5,"url":null,"entity_id":"Q6061271","candidates":[]}],[{"start":0,"end":28,"url":null,"entity_id":"Q56641126","candidates":[]}],[{"start":0,"end":12,"url":null,"entity_id":"Q170483","candidates":[]}]],[[{"start":0,"end":4,"url":null,"entity_id":"Q4252713","candidates":[]}],[{"start":0,"end":43,"url":null,"entity_id":"Q602358","candidates":[]}],[{"start":0,"end":10,"url":null,"entity_id":"Q105999","candidates":[]}]],[[{"start":0,"end":11,"url":null,"entity_id":"Q1423264","candidates":[]}],[{"start":0,"end":27,"url":null,"entity_id":"Q4114391","candidates":[]}],[{"start":0,"end":6,"url":null,"entity_id":"Q188924","candidates":[]}]],[[{"start":0,"end":12,"url":null,"entity_id":"Q970092","candidates":[]}],[{"start":0,"end":27,"url":null,"entity_id":"Q4114391","candidates":[]}],[{"start":0,"end":5,"url":null,"entity_id":"Q178692","candidates":[]}]],[[{"start":0,"end":16,"url":null,"entity_id":"Q1410980","candidates":[]}],[{"start":0,"end":43,"url":null,"entity_id":"Q602358","candidates":[]}],[{"start":0,"end":9,"url":null,"entity_id":"Q178193","candidates":[]}]],[[{"start":0,"end":7,"url":null,"entity_id":"Q1424227","candidates":[]}],[{"start":0,"end":40,"url":null,"entity_id":"Q19219752","candidates":[]}],[{"start":0,"end":12,"url":null,"entity_id":"Q170483","candidates":[]}]],[[{"start":0,"end":8,"url":null,"entity_id":"Q897941","candidates":[]}],[{"start":0,"end":43,"url":null,"entity_id":"Q602358","candidates":[]}],[{"start":0,"end":12,"url":null,"entity_id":"Q170483","candidates":[]}]],[[{"start":0,"end":11,"url":null,"entity_id":"Q1195684","candidates":[]}],[{"start":0,"end":43,"url":null,"entity_id":"Q602358","candidates":[]}],[{"start":0,"end":4,"url":null,"entity_id":"Q35872","candidates":[]}]],[[{"start":0,"end":5,"url":null,"entity_id":"Q782984","candidates":[]}],[{"start":0,"end":43,"url":null,"entity_id":"Q602358","candidates":[]}],[{"start":0,"end":13,"url":null,"entity_id":"Q5282548","candidates":[]}]],[[{"start":0,"end":23,"url":null,"entity_id":"Q474748","candidates":[]}],[{"start":0,"end":28,"url":null,"entity_id":"Q2657718","candidates":[]}],[{"start":0,"end":23,"url":null,"entity_id":"Q2300236","candidates":[]}]],[[{"start":0,"end":6,"url":null,"entity_id":"Q14970","candidates":[]}],[{"start":0,"end":28,"url":null,"entity_id":"Q2657718","candidates":[]}],[{"start":0,"end":10,"url":null,"entity_id":"Q105999","candidates":[]}]]]}