{"version":"1.2","table":{"version":"2","table_id":"82K3U8UT","columns":[{"index":0,"name":"col0","values":["Sea from a sandy beach","Edith Eleanor","Dick Aber Daron old Welsh poet","Dic Aberdaron","Deganwy","Dover Castle","Symonds Yat","Pryse Loveden 1815-1855 (copy)","Pryse Pryse, Gogerddan","Pryse Pryse of Gogerddan","Pryse Pryse 1774-1849","Portrait of M.P. for Cardigan 1818-49","Portrait of lady in pale green dress","Portrait of lady in dark dress","Portrait of a lady in white bonnet","Portrait of a minister","Portrait of a gentleman of the Lovedon family","Prospect of Caernarfon Castle from north","Portrait of an elderly man","R. W. Price"]},{"index":1,"name":"col1","values":["oil paint","oil paint","oil paint","oil paint","oil paint","oil paint","oil paint","oil paint","oil paint","oil paint","oil paint","oil paint","oil paint","oil paint","oil paint","oil paint","oil paint","oil paint","oil paint","oil paint"]},{"index":2,"name":"col2","values":["National Library of Wales","National Library of Wales","National Library of Wales","National Library of Wales","National Library of Wales","National Library of Wales","National Library of Wales","National Library of Wales","National Library of Wales","National Library of Wales","National Library of Wales","National Library of Wales","National Library of Wales","National Library of Wales","National Library of Wales","National Library of Wales","National Library of Wales","National Library of Wales","National Library of Wales","National Library of Wales"]},{"index":3,"name":"col3","values":["sea","Edith Eleanor","Dic Aberdaron","Dic Aberdaron","Deganwy","Dover Castle","Symonds Yat","Pryse Loveden","Pryse Pryse","Pryse Pryse","Pryse Pryse","Pryse Pryse","female","female","female","cleric","gentleman","Caernarfon Castle","William Ewart Gladstone","man"]},{"index":4,"name":"col4","values":["National Library of Wales","National Library of Wales","National Library of Wales","National Library of Wales","National Library of Wales","National Library of Wales","National Library of Wales Framed works of art collection","National Library of Wales","National Library of Wales","National Library of Wales","National Library of Wales","National Library of Wales","National Library of Wales","National Library of Wales","National Library of Wales","National Library of Wales","National Library of Wales","National Library of Wales","National Library of Wales","National Library of Wales"]}]},"context":{"page_title":null,"page_url":null,"page_entity_id":null,"content_hierarchy":[]},"links":[[[{"start":0,"end":13,"url":null,"entity_id":"Q64686183","candidates":[]}],[{"start":0,"end":9,"url":null,"entity_id":"Q296955","candidates":[]}],[{"start":0,"end":25,"url":null,"entity_id":"Q85098865","candidates":[]}],[{"start":0,"end":13,"url":null,"entity_id":"Q24027483","candidates":[]}],[{"start":0,"end":25,"url":null,"entity_id":"Q666063","candidates":[]}]],[[{"start":0,"end":30,"url":null,"entity_id":"Q64686172","candidates":[]}],[{"start":0,"end":9,"url":null,"entity_id":"Q296955","candidates":[]}],[{"start":0,"end":25,"url":null,"entity_id":"Q85098865","candidates":[]}],[{"start":0,"end":13,"url":null,"entity_id":"Q5272311","candidates":[]}],[{"start":0,"end":25,"url":null,"entity_id":"Q666063","candidates":[]}]],[[{"start":0,"end":13,"url":null,"entity_id":"Q64686171","candidates":[]}],[{"start":0,"end":9,"url":null,"entity_id":"Q296955","candidates":[]}],[{"start":0,"end":25,"url":null,"entity_id":"Q85098865","candidates":[]}],[{"start":0,"end":13,"url":null,"entity_id":"Q5272311","candidates":[]}],[{"start":0,"end":25,"url":null,"entity_id":"Q666063","candidates":[]}]],[[{"start":0,"end":7,"url":null,"entity_id":"Q64686167","candidates":[]}],[{"start":0,"end":9,"url":null,"entity_id":"Q296955","candidates":[]}],[{"start":0,"end":25,"url":null,"entity_id":"Q85098865","candidates":[]}],[{"start":0,"end":7,"url":null,"entity_id":"Q1062506","candidates":[]}],[{"start":0,"end":25,"url":null,"entity_id":"Q666063","candidates":[]}]],[[{"start":0,"end":12,"url":null,"entity_id":"Q64686175","candidates":[]}],[{"start":0,"end":9,"url":null,"entity_id":"Q296955","candidates":[]}],[{"start":0,"end":25,"url":null,"entity_id":"Q85098865","candidates":[]}],[{"start":0,"end":12,"url":null,"entity_id":"Q950970","candidates":[]}],[{"start":0,"end":25,"url":null,"entity_id":"Q666063","candidates":[]}]],[[{"start":0,"end":11,"url":null,"entity_id":"Q64686064","candidates":[]}],[{"start":0,"end":9,"url":null,"entity_id":"Q296955","candidates":[]}],[{"start":0,"end":25,"url":null,"entity_id":"Q85098865","candidates":[]}],[{"start":0,"end":11,"url":null,"entity_id":"Q990105","candidates":[]}],[{"start":0,"end":56,"url":null,"entity_id":"Q23817605","candidates":[]}]],[[{"start":0,"end":30,"url":null,"entity_id":"Q64686423","candidates":[]}],[{"start":0,"end":9,"url":null,"entity_id":"Q296955","candidates":[]}],[{"start":0,"end":25,"url":null,"entity_id":"Q85098865","candidates":[]}],[{"start":0,"end":13,"url":null,"entity_id":"Q26238259","candidates":[]}],[{"start":0,"end":25,"url":null,"entity_id":"Q666063","candidates":[]}]],[[{"start":0,"end":22,"url":null,"entity_id":"Q64686426","candidates":[]}],[{"start":0,"end":9,"url":null,"entity_id":"Q296955","candidates":[]}],[{"start":0,"end":25,"url":null,"entity_id":"Q85098865","candidates":[]}],[{"start":0,"end":11,"url":null,"entity_id":"Q19931188","candidates":[]}],[{"start":0,"end":25,"url":null,"entity_id":"Q666063","candidates":[]}]],[[{"start":0,"end":24,"url":null,"entity_id":"Q64686425","candidates":[]}],[{"start":0,"end":9,"url":null,"entity_id":"Q296955","candidates":[]}],[{"start":0,"end":25,"url":null,"entity_id":"Q85098865","candidates":[]}],[{"start":0,"end":11,"url":null,"entity_id":"Q19931188","candidates":[]}],[{"start":0,"end":25,"url":null,"entity_id":"Q666063","candidates":[]}]],[[{"start":0,"end":21,"url":null,"entity_id":"Q64686424","candidates":[]}],[{"start":0,"end":9,"url":null,"entity_id":"Q296955","candidates":[]}],[{"start":0,"end":25,"url":null,"entity_id":"Q85098865","candidates":[]}],[{"start":0,"end":11,"url":null,"entity_id":"Q19931188","candidates":[]}],[{"start":0,"end":25,"url":null,"entity_id":"Q666063","candidates":[]}]],[[{"start":0,"end":37,"url":null,"entity_id":"Q64686418","candidates":[]}],[{"start":0,"end":9,"url":null,"entity_id":"Q296955","candidates":[]}],[{"start":0,"end":25,"url":null,"entity_id":"Q85098865","candidates":[]}],[{"start":0,"end":11,"url":null,"entity_id":"Q19931188","candidates":[]}],[{"start":0,"end":25,"url":null,"entity_id":"Q666063","candidates":[]}]],[[{"start":0,"end":36,"url":null,"entity_id":"Q64686417","candidates":[]}],[{"start":0,"end":9,"url":null,"entity_id":"Q296955","candidates":[]}],[{"start":0,"end":25,"url":null,"entity_id":"Q85098865","candidates":[]}],[{"start":0,"end":6,"url":null,"entity_id":"Q6581072","candidates":[]}],[{"start":0,"end":25,"url":null,"entity_id":"Q666063","candidates":[]}]],[[{"start":0,"end":30,"url":null,"entity_id":"Q64686416","candidates":[]}],[{"start":0,"end":9,"url":null,"entity_id":"Q296955","candidates":[]}],[{"start":0,"end":25,"url":null,"entity_id":"Q85098865","candidates":[]}],[{"start":0,"end":6,"url":null,"entity_id":"Q6581072","candidates":[]}],[{"start":0,"end":25,"url":null,"entity_id":"Q666063","candidates":[]}]],[[{"start":0,"end":34,"url":null,"entity_id":"Q64686402","candidates":[]}],[{"start":0,"end":9,"url":null,"entity_id":"Q296955","candidates":[]}],[{"start":0,"end":25,"url":null,"entity_id":"Q85098865","candidates":[]}],[{"start":0,"end":6,"url":null,"entity_id":"Q6581072","candidates":[]}],[{"start":0,"end":25,"url":null,"entity_id":"Q666063","candidates":[]}]],[[{"start":0,"end":22,"url":null,"entity_id":"Q64686407","candidates":[]}],[{"start":0,"end":9,"url":null,"entity_id":"Q296955","candidates":[]}],[{"start":0,"end":25,"url":null,"entity_id":"Q85098865","candidates":[]}],[{"start":0,"end":6,"url":null,"entity_id":"Q2259532","candidates":[]}],[{"start":0,"end":25,"url":null,"entity_id":"Q666063","candidates":[]}]],[[{"start":0,"end":45,"url":null,"entity_id":"Q64686406","candidates":[]}],[{"start":0,"end":9,"url":null,"entity_id":"Q296955","candidates":[]}],[{"start":0,"end":25,"url":null,"entity_id":"Q85098865","candidates":[]}],[{"start":0,"end":9,"url":null,"entity_id":"Q749212","candidates":[]}],[{"start":0,"end":25,"url":null,"entity_id":"Q666063","candidates":[]}]],[[{"start":0,"end":40,"url":null,"entity_id":"Q64686421","candidates":[]}],[{"start":0,"end":9,"url":null,"entity_id":"Q296955","candidates":[]}],[{"start":0,"end":25,"url":null,"entity_id":"Q85098865","candidates":[]}],[{"start":0,"end":17,"url":null,"entity_id":"Q275128","candidates":[]}],[{"start":0,"end":25,"url":null,"entity_id":"Q666063","candidates":[]}]],[[{"start":0,"end":26,"url":null,"entity_id":"Q64686411","candidates":[]}],[{"start":0,"end":9,"url":null,"entity_id":"Q296955","candidates":[]}],[{"start":0,"end":25,"url":null,"entity_id":"Q85098865","candidates":[]}],[{"start":0,"end":23,"url":null,"entity_id":"Q160852","candidates":[]}],[{"start":0,"end":25,"url":null,"entity_id":"Q666063","candidates":[]}]],[[{"start":0,"end":11,"url":null,"entity_id":"Q64686427","candidates":[]}],[{"start":0,"end":9,"url":null,"entity_id":"Q296955","candidates":[]}],[{"start":0,"end":25,"url":null,"entity_id":"Q85098865","candidates":[]}],[{"start":0,"end":3,"url":null,"entity_id":"Q8441","candidates":[]}],[{"start":0,"end":25,"url":null,"entity_id":"Q666063","candidates":[]}]],[[{"start":0,"end":22,"url":null,"entity_id":"Q64686060","candidates":[]}],[{"start":0,"end":9,"url":null,"entity_id":"Q296955","candidates":[]}],[{"start":0,"end":25,"url":null,"entity_id":"Q85098865","candidates":[]}],[{"start":0,"end":3,"url":null,"entity_id":"Q165","candidates":[]}],[{"start":0,"end":25,"url":null,"entity_id":"Q666063","candidates":[]}]]]}