{"version":"1.2","table":{"version":"2","table_id":"838W38HX","columns":[{"index":0,"name":"col0","values":["Uotilan viilatehdas Oy","Tampereen teknokemia Oy","Teknika","Ratinan tehtaat Oy","Merkeli- ja tahkotehdas Oy","Josef Steffan, locksmith and engineering works","Central Lechera Clesa","Gal Factory","Platería de Martínez","UP Factory, Třebíč","Holger Petersens Tekstilfabrik","Rud. Rasmussen","Otanmäki works","Tammer Factories","Het Slaakhuis","Fabriekscomplex Jannink","Bergoss","Kulturfabrik Moabit","Haka-gebouw","Molini Marzoli Massari"]},{"index":1,"name":"col1","values":["Tapionkatu","Pohjolankatu","Moisionkatu","Kullervonkatu","Kaivokatu","I. Herrmanna","Avenida del Cardenal Herrera Oria","calle de Fernández de los Ríos","Paseo de Recoletos","Riegrova","Tagensvej","Nørrebrogade","Main road 28","Näsilinnankatu","Slaak","Haaksbergerstraat","Bram van den Berghstraat","Lehrter Straße","Vierhavensstraat","Viale della Gloria"]},{"index":2,"name":"col2","values":["1917-01-01","1920-01-01","1909-01-01","1904-01-01","1920-01-01","1892-01-01","1961-01-01","1915-01-01","1792-01-01","1919-01-01","1883-01-01","1869-01-01","1986-01-01","1916-01-01","1951-01-01","1900-01-01","1856-01-01","1911-01-01","1932-01-01","1897-05-17"]}]},"context":{"page_title":null,"page_url":null,"page_entity_id":null,"content_hierarchy":[]},"links":[[[{"start":0,"end":23,"url":null,"entity_id":"Q84413345","candidates":[]}],[{"start":0,"end":12,"url":null,"entity_id":"Q85508971","candidates":[]}],[]],[[{"start":0,"end":7,"url":null,"entity_id":"Q84414346","candidates":[]}],[{"start":0,"end":11,"url":null,"entity_id":"Q85508966","candidates":[]}],[]],[[{"start":0,"end":18,"url":null,"entity_id":"Q78124993","candidates":[]}],[{"start":0,"end":13,"url":null,"entity_id":"Q85508960","candidates":[]}],[]],[[{"start":0,"end":26,"url":null,"entity_id":"Q84418155","candidates":[]}],[{"start":0,"end":9,"url":null,"entity_id":"Q85508014","candidates":[]}],[]],[[{"start":0,"end":46,"url":null,"entity_id":"Q83968948","candidates":[]}],[{"start":0,"end":12,"url":null,"entity_id":"Q45873062","candidates":[]}],[]],[[{"start":0,"end":21,"url":null,"entity_id":"Q27675874","candidates":[]}],[{"start":0,"end":33,"url":null,"entity_id":"Q27556319","candidates":[]}],[]],[[{"start":0,"end":11,"url":null,"entity_id":"Q52836353","candidates":[]}],[{"start":0,"end":30,"url":null,"entity_id":"Q26774731","candidates":[]}],[]],[[{"start":0,"end":20,"url":null,"entity_id":"Q29625047","candidates":[]}],[{"start":0,"end":18,"url":null,"entity_id":"Q2550870","candidates":[]}],[]],[[{"start":0,"end":18,"url":null,"entity_id":"Q12059451","candidates":[]}],[{"start":0,"end":8,"url":null,"entity_id":"Q43384872","candidates":[]}],[]],[[{"start":0,"end":30,"url":null,"entity_id":"Q12317082","candidates":[]}],[{"start":0,"end":9,"url":null,"entity_id":"Q12338726","candidates":[]}],[]],[[{"start":0,"end":14,"url":null,"entity_id":"Q12333877","candidates":[]}],[{"start":0,"end":12,"url":null,"entity_id":"Q11992955","candidates":[]}],[]],[[{"start":0,"end":14,"url":null,"entity_id":"Q11885972","candidates":[]}],[{"start":0,"end":12,"url":null,"entity_id":"Q1191623","candidates":[]}],[]],[[{"start":0,"end":16,"url":null,"entity_id":"Q18662229","candidates":[]}],[{"start":0,"end":14,"url":null,"entity_id":"Q11885045","candidates":[]}],[]],[[{"start":0,"end":13,"url":null,"entity_id":"Q2044998","candidates":[]}],[{"start":0,"end":5,"url":null,"entity_id":"Q19516943","candidates":[]}],[]],[[{"start":0,"end":23,"url":null,"entity_id":"Q1813825","candidates":[]}],[{"start":0,"end":17,"url":null,"entity_id":"Q19236000","candidates":[]}],[]],[[{"start":0,"end":7,"url":null,"entity_id":"Q2050802","candidates":[]}],[{"start":0,"end":24,"url":null,"entity_id":"Q18966376","candidates":[]}],[]],[[{"start":0,"end":19,"url":null,"entity_id":"Q1791672","candidates":[]}],[{"start":0,"end":14,"url":null,"entity_id":"Q475209","candidates":[]}],[]],[[{"start":0,"end":11,"url":null,"entity_id":"Q17602814","candidates":[]}],[{"start":0,"end":16,"url":null,"entity_id":"Q2217360","candidates":[]}],[]],[[{"start":0,"end":22,"url":null,"entity_id":"Q3860226","candidates":[]}],[{"start":0,"end":18,"url":null,"entity_id":"Q16799353","candidates":[]}],[]],[[{"start":0,"end":22,"url":null,"entity_id":"Q79022169","candidates":[]}],[{"start":0,"end":10,"url":null,"entity_id":"Q85509408","candidates":[]}],[]]]}