{"version":"1.2","table":{"version":"2","table_id":"869PK7KD","columns":[{"index":0,"name":"col0","values":["OstseeSparkasse Rostocl","Sparkasse Chemitz","Ostsächsische Spaskasse Dresden","assauische Sparkasse","Sparksse Aacheq","Sparkasse Coburg –Lichtenfels","Kreissparkasse Heilbron","Kreissparkause Ludwigsburg","Sparkasse Feiburg-Nördlicher Breisgau","Bezirksvparkasse Reichenau","Srarkasse Hochrhein","Vereinigte Spbrkassen Gunzenhausen","Sparkase Marburg-Bidenkopf","Sparkasse Worderpfalz","Sparkavse Krefeld","Sparkasse Hochsciwarzwald","Sparkassf Staufen-Breisach","Kreissparkasse\"Börde","SparkasseEngen-Gottmadingen","Vpbrkasse Wiesental"]},{"index":1,"name":"col1","values":["15.09458","35.955600000000004","14.46","13.84256","20.18036","15.657899999999998","16.07404","13.61532","14.591429999999999","12.0992","18.08409","14.571480000000001","22.09788","15.689059999999998","16.44643","12.2488","11.36985","19.6218","13.66512","13.002989999999999"]},{"index":2,"name":"col2","values":["Rostock","Chemnitz","Dresden","Wiesbaden","Aachen","Bavaria","Heilbronn","Ludwigsburg","Kaiser-Joseph-Straße","Reichenau","Waldshut-Tiengen","Gunzenhausen","Marburg","Ludwigshafen","Krefeld","Kirchzarten","Staufen im Breisgau","Oschersleben","Engen","Schopfheim"]}]},"context":{"page_title":null,"page_url":null,"page_entity_id":null,"content_hierarchy":[]},"links":[[[{"start":0,"end":17,"url":null,"entity_id":"Q2307340","candidates":[]}],[],[{"start":0,"end":8,"url":null,"entity_id":"Q2795","candidates":[]}]],[[{"start":0,"end":31,"url":null,"entity_id":"Q2036125","candidates":[]}],[],[{"start":0,"end":7,"url":null,"entity_id":"Q1731","candidates":[]}]],[[{"start":0,"end":20,"url":null,"entity_id":"Q1751833","candidates":[]}],[],[{"start":0,"end":9,"url":null,"entity_id":"Q1721","candidates":[]}]],[[{"start":0,"end":15,"url":null,"entity_id":"Q2307270","candidates":[]}],[],[{"start":0,"end":6,"url":null,"entity_id":"Q1017","candidates":[]}]],[[{"start":0,"end":29,"url":null,"entity_id":"Q2307342","candidates":[]}],[],[{"start":0,"end":7,"url":null,"entity_id":"Q980","candidates":[]}]],[[{"start":0,"end":23,"url":null,"entity_id":"Q1787781","candidates":[]}],[],[{"start":0,"end":9,"url":null,"entity_id":"Q715","candidates":[]}]],[[{"start":0,"end":26,"url":null,"entity_id":"Q1787791","candidates":[]}],[],[{"start":0,"end":11,"url":null,"entity_id":"Q622","candidates":[]}]],[[{"start":0,"end":37,"url":null,"entity_id":"Q15128927","candidates":[]}],[],[{"start":0,"end":20,"url":null,"entity_id":"Q1489938","candidates":[]}]],[[{"start":0,"end":26,"url":null,"entity_id":"Q18616717","candidates":[]}],[],[{"start":0,"end":9,"url":null,"entity_id":"Q632880","candidates":[]}]],[[{"start":0,"end":19,"url":null,"entity_id":"Q15848091","candidates":[]}],[],[{"start":0,"end":16,"url":null,"entity_id":"Q505433","candidates":[]}]],[[{"start":0,"end":34,"url":null,"entity_id":"Q2514964","candidates":[]}],[],[{"start":0,"end":12,"url":null,"entity_id":"Q503640","candidates":[]}]],[[{"start":0,"end":26,"url":null,"entity_id":"Q16294740","candidates":[]}],[],[{"start":0,"end":7,"url":null,"entity_id":"Q3869","candidates":[]}]],[[{"start":0,"end":21,"url":null,"entity_id":"Q15128975","candidates":[]}],[],[{"start":0,"end":12,"url":null,"entity_id":"Q2910","candidates":[]}]],[[{"start":0,"end":17,"url":null,"entity_id":"Q15848092","candidates":[]}],[],[{"start":0,"end":7,"url":null,"entity_id":"Q2805","candidates":[]}]],[[{"start":0,"end":25,"url":null,"entity_id":"Q56070763","candidates":[]}],[],[{"start":0,"end":11,"url":null,"entity_id":"Q528089","candidates":[]}]],[[{"start":0,"end":26,"url":null,"entity_id":"Q53968330","candidates":[]}],[],[{"start":0,"end":19,"url":null,"entity_id":"Q528062","candidates":[]}]],[[{"start":0,"end":20,"url":null,"entity_id":"Q22674523","candidates":[]}],[],[{"start":0,"end":12,"url":null,"entity_id":"Q525392","candidates":[]}]],[[{"start":0,"end":27,"url":null,"entity_id":"Q56070863","candidates":[]}],[],[{"start":0,"end":5,"url":null,"entity_id":"Q515527","candidates":[]}]],[[{"start":0,"end":19,"url":null,"entity_id":"Q56070837","candidates":[]}],[],[{"start":0,"end":10,"url":null,"entity_id":"Q61734","candidates":[]}]],[[{"start":0,"end":23,"url":null,"entity_id":"Q2036055","candidates":[]}],[],[{"start":0,"end":7,"url":null,"entity_id":"Q2861","candidates":[]}]]]}