{"version":"1.2","table":{"version":"2","table_id":"88DL6YZ2","columns":[{"index":0,"name":"col0","values":["Polling station no 1085 (Macedonia)","Polling station no 1084 (Macedonia)","Polling station no 1083 (Macedonia)","Polling station no 1082 (Macedonia)","Polling station no 1081 (Macedonia)","Polling station no 1080 (Macedonia)","Polling station no 1079 (Macedonia)","Polling station no 1078 (Macedonia)","Polling station no 1077 (Macedonia)","Polling station no 1076 (Macedonia)","Polling station no 1075 (Macedonia)","Polling station no 1074 (Macedonia)","Polling station no 1073 (Macedonia)","Polling station no 1072 (Macedonia)","Polling station no 1071 (Macedonia)","Polling station no 1070 (Macedonia)","Polling station no 1069 (Macedonia)","Polling station no 1068 (Macedonia)","Polling station no 1067 (Macedonia)","Polling station no 1066 (Macedonia)","Polling station no 1065 (Macedonia)","Polling station no 1064 (Macedonia)","Polling station no 1063 (Macedonia)","Polling station no 1062 (Macedonia)","Polling station no 1061 (Macedonia)","Polling station no 1060 (Macedonia)","Polling station no 1059 (Macedonia)","Polling station no 1058 (Macedonia)","Polling station no 1057 (Macedonia)","Polling station no 1056 (Macedonia)","Polling station no 1055 (Macedonia)","Polling station no 1054 (Macedonia)","Polling station no 1053 (Macedonia)","Polling station no 1052 (Macedonia)","Polling station no 1051 (Macedonia)","Polling station no 1050 (Macedonia)","Polling station no 1049 (Macedonia)","Polling station no 1048 (Macedonia)","Polling station no 1047 (Macedonia)","Polling station no 1046 (Macedonia)","Polling station no 1045 (Macedonia)","Polling station no 1044 (Macedonia)","Polling station no 1043 (Macedonia)","Polling station no 1042 (Macedonia)","Polling station no 1041 (Macedonia)","Polling station no 1040 (Macedonia)","Polling station no 1039 (Macedonia)","Polling station no 1038 (Macedonia)"]},{"index":1,"name":"col1","values":["Kumanovo Municipality","Kumanovo Municipality","Kumanovo Municipality","Kumanovo Municipality","Kumanovo Municipality","Kumanovo Municipality","Kumanovo Municipality","Kumanovo Municipality","Kumanovo Municipality","Kumanovo Municipality","Kumanovo Municipality","Kumanovo Municipality","Kumanovo Municipality","Kumanovo Municipality","Kumanovo Municipality","Kumanovo Municipality","Kumanovo Municipality","Kumanovo Municipality","Kumanovo Municipality","Kumanovo Municipality","Kumanovo Municipality","Kumanovo Municipality","Kumanovo Municipality","Kumanovo Municipality","Kumanovo Municipality","Kumanovo Municipality","Kumanovo Municipality","Kumanovo Municipality","Kumanovo Municipality","Kumanovo Municipality","Kumanovo Municipality","Kumanovo Municipality","Kumanovo Municipality","Kumanovo Municipality","Kumanovo Municipality","Kumanovo Municipality","Kumanovo Municipality","Kumanovo Municipality","Kumanovo Municipality","Kumanovo Municipality","Kumanovo Municipality","Kumanovo Municipality","Kumanovo Municipality","Kumanovo Municipality","Kumanovo Municipality","Kumanovo Municipality","Kumanovo Municipality","Kumanovo Municipality"]},{"index":2,"name":"col2","values":["North Macedonia","North Macedonia","North Macedonia","North Macedonia","North Macedonia","North Macedonia","North Macedonia","North Macedonia","North Macedonia","North Macedonia","North Macedonia","North Macedonia","North Macedonia","North Macedonia","North Macedonia","North Macedonia","North Macedonia","North Macedonia","North Macedonia","North Macedonia","North Macedonia","North Macedonia","North Macedonia","North Macedonia","North Macedonia","North Macedonia","North Macedonia","North Macedonia","North Macedonia","North Macedonia","North Macedonia","North Macedonia","North Macedonia","North Macedonia","North Macedonia","North Macedonia","North Macedonia","North Macedonia","North Macedonia","North Macedonia","North Macedonia","North Macedonia","North Macedonia","North Macedonia","North Macedonia","North Macedonia","North Macedonia","North Macedonia"]}]},"context":{"page_title":null,"page_url":null,"page_entity_id":null,"content_hierarchy":[]},"links":[[[{"start":0,"end":35,"url":null,"entity_id":"Q84838998","candidates":[]}],[{"start":0,"end":21,"url":null,"entity_id":"Q2352376","candidates":[]}],[{"start":0,"end":15,"url":null,"entity_id":"Q221","candidates":[]}]],[[{"start":0,"end":35,"url":null,"entity_id":"Q84838996","candidates":[]}],[{"start":0,"end":21,"url":null,"entity_id":"Q2352376","candidates":[]}],[{"start":0,"end":15,"url":null,"entity_id":"Q221","candidates":[]}]],[[{"start":0,"end":35,"url":null,"entity_id":"Q84838994","candidates":[]}],[{"start":0,"end":21,"url":null,"entity_id":"Q2352376","candidates":[]}],[{"start":0,"end":15,"url":null,"entity_id":"Q221","candidates":[]}]],[[{"start":0,"end":35,"url":null,"entity_id":"Q84838992","candidates":[]}],[{"start":0,"end":21,"url":null,"entity_id":"Q2352376","candidates":[]}],[{"start":0,"end":15,"url":null,"entity_id":"Q221","candidates":[]}]],[[{"start":0,"end":35,"url":null,"entity_id":"Q84838990","candidates":[]}],[{"start":0,"end":21,"url":null,"entity_id":"Q2352376","candidates":[]}],[{"start":0,"end":15,"url":null,"entity_id":"Q221","candidates":[]}]],[[{"start":0,"end":35,"url":null,"entity_id":"Q84838986","candidates":[]}],[{"start":0,"end":21,"url":null,"entity_id":"Q2352376","candidates":[]}],[{"start":0,"end":15,"url":null,"entity_id":"Q221","candidates":[]}]],[[{"start":0,"end":35,"url":null,"entity_id":"Q84838984","candidates":[]}],[{"start":0,"end":21,"url":null,"entity_id":"Q2352376","candidates":[]}],[{"start":0,"end":15,"url":null,"entity_id":"Q221","candidates":[]}]],[[{"start":0,"end":35,"url":null,"entity_id":"Q84838981","candidates":[]}],[{"start":0,"end":21,"url":null,"entity_id":"Q2352376","candidates":[]}],[{"start":0,"end":15,"url":null,"entity_id":"Q221","candidates":[]}]],[[{"start":0,"end":35,"url":null,"entity_id":"Q84838979","candidates":[]}],[{"start":0,"end":21,"url":null,"entity_id":"Q2352376","candidates":[]}],[{"start":0,"end":15,"url":null,"entity_id":"Q221","candidates":[]}]],[[{"start":0,"end":35,"url":null,"entity_id":"Q84838977","candidates":[]}],[{"start":0,"end":21,"url":null,"entity_id":"Q2352376","candidates":[]}],[{"start":0,"end":15,"url":null,"entity_id":"Q221","candidates":[]}]],[[{"start":0,"end":35,"url":null,"entity_id":"Q84838976","candidates":[]}],[{"start":0,"end":21,"url":null,"entity_id":"Q2352376","candidates":[]}],[{"start":0,"end":15,"url":null,"entity_id":"Q221","candidates":[]}]],[[{"start":0,"end":35,"url":null,"entity_id":"Q84838974","candidates":[]}],[{"start":0,"end":21,"url":null,"entity_id":"Q2352376","candidates":[]}],[{"start":0,"end":15,"url":null,"entity_id":"Q221","candidates":[]}]],[[{"start":0,"end":35,"url":null,"entity_id":"Q84838972","candidates":[]}],[{"start":0,"end":21,"url":null,"entity_id":"Q2352376","candidates":[]}],[{"start":0,"end":15,"url":null,"entity_id":"Q221","candidates":[]}]],[[{"start":0,"end":35,"url":null,"entity_id":"Q84838971","candidates":[]}],[{"start":0,"end":21,"url":null,"entity_id":"Q2352376","candidates":[]}],[{"start":0,"end":15,"url":null,"entity_id":"Q221","candidates":[]}]],[[{"start":0,"end":35,"url":null,"entity_id":"Q84838968","candidates":[]}],[{"start":0,"end":21,"url":null,"entity_id":"Q2352376","candidates":[]}],[{"start":0,"end":15,"url":null,"entity_id":"Q221","candidates":[]}]],[[{"start":0,"end":35,"url":null,"entity_id":"Q84838964","candidates":[]}],[{"start":0,"end":21,"url":null,"entity_id":"Q2352376","candidates":[]}],[{"start":0,"end":15,"url":null,"entity_id":"Q221","candidates":[]}]],[[{"start":0,"end":35,"url":null,"entity_id":"Q84838962","candidates":[]}],[{"start":0,"end":21,"url":null,"entity_id":"Q2352376","candidates":[]}],[{"start":0,"end":15,"url":null,"entity_id":"Q221","candidates":[]}]],[[{"start":0,"end":35,"url":null,"entity_id":"Q84838961","candidates":[]}],[{"start":0,"end":21,"url":null,"entity_id":"Q2352376","candidates":[]}],[{"start":0,"end":15,"url":null,"entity_id":"Q221","candidates":[]}]],[[{"start":0,"end":35,"url":null,"entity_id":"Q84838959","candidates":[]}],[{"start":0,"end":21,"url":null,"entity_id":"Q2352376","candidates":[]}],[{"start":0,"end":15,"url":null,"entity_id":"Q221","candidates":[]}]],[[{"start":0,"end":35,"url":null,"entity_id":"Q84838954","candidates":[]}],[{"start":0,"end":21,"url":null,"entity_id":"Q2352376","candidates":[]}],[{"start":0,"end":15,"url":null,"entity_id":"Q221","candidates":[]}]],[[{"start":0,"end":35,"url":null,"entity_id":"Q84838950","candidates":[]}],[{"start":0,"end":21,"url":null,"entity_id":"Q2352376","candidates":[]}],[{"start":0,"end":15,"url":null,"entity_id":"Q221","candidates":[]}]],[[{"start":0,"end":35,"url":null,"entity_id":"Q84838949","candidates":[]}],[{"start":0,"end":21,"url":null,"entity_id":"Q2352376","candidates":[]}],[{"start":0,"end":15,"url":null,"entity_id":"Q221","candidates":[]}]],[[{"start":0,"end":35,"url":null,"entity_id":"Q84838947","candidates":[]}],[{"start":0,"end":21,"url":null,"entity_id":"Q2352376","candidates":[]}],[{"start":0,"end":15,"url":null,"entity_id":"Q221","candidates":[]}]],[[{"start":0,"end":35,"url":null,"entity_id":"Q84838945","candidates":[]}],[{"start":0,"end":21,"url":null,"entity_id":"Q2352376","candidates":[]}],[{"start":0,"end":15,"url":null,"entity_id":"Q221","candidates":[]}]],[[{"start":0,"end":35,"url":null,"entity_id":"Q84838942","candidates":[]}],[{"start":0,"end":21,"url":null,"entity_id":"Q2352376","candidates":[]}],[{"start":0,"end":15,"url":null,"entity_id":"Q221","candidates":[]}]],[[{"start":0,"end":35,"url":null,"entity_id":"Q84838939","candidates":[]}],[{"start":0,"end":21,"url":null,"entity_id":"Q2352376","candidates":[]}],[{"start":0,"end":15,"url":null,"entity_id":"Q221","candidates":[]}]],[[{"start":0,"end":35,"url":null,"entity_id":"Q84838937","candidates":[]}],[{"start":0,"end":21,"url":null,"entity_id":"Q2352376","candidates":[]}],[{"start":0,"end":15,"url":null,"entity_id":"Q221","candidates":[]}]],[[{"start":0,"end":35,"url":null,"entity_id":"Q84838935","candidates":[]}],[{"start":0,"end":21,"url":null,"entity_id":"Q2352376","candidates":[]}],[{"start":0,"end":15,"url":null,"entity_id":"Q221","candidates":[]}]],[[{"start":0,"end":35,"url":null,"entity_id":"Q84838933","candidates":[]}],[{"start":0,"end":21,"url":null,"entity_id":"Q2352376","candidates":[]}],[{"start":0,"end":15,"url":null,"entity_id":"Q221","candidates":[]}]],[[{"start":0,"end":35,"url":null,"entity_id":"Q84838931","candidates":[]}],[{"start":0,"end":21,"url":null,"entity_id":"Q2352376","candidates":[]}],[{"start":0,"end":15,"url":null,"entity_id":"Q221","candidates":[]}]],[[{"start":0,"end":35,"url":null,"entity_id":"Q84838930","candidates":[]}],[{"start":0,"end":21,"url":null,"entity_id":"Q2352376","candidates":[]}],[{"start":0,"end":15,"url":null,"entity_id":"Q221","candidates":[]}]],[[{"start":0,"end":35,"url":null,"entity_id":"Q84838929","candidates":[]}],[{"start":0,"end":21,"url":null,"entity_id":"Q2352376","candidates":[]}],[{"start":0,"end":15,"url":null,"entity_id":"Q221","candidates":[]}]],[[{"start":0,"end":35,"url":null,"entity_id":"Q84838927","candidates":[]}],[{"start":0,"end":21,"url":null,"entity_id":"Q2352376","candidates":[]}],[{"start":0,"end":15,"url":null,"entity_id":"Q221","candidates":[]}]],[[{"start":0,"end":35,"url":null,"entity_id":"Q84838925","candidates":[]}],[{"start":0,"end":21,"url":null,"entity_id":"Q2352376","candidates":[]}],[{"start":0,"end":15,"url":null,"entity_id":"Q221","candidates":[]}]],[[{"start":0,"end":35,"url":null,"entity_id":"Q84838923","candidates":[]}],[{"start":0,"end":21,"url":null,"entity_id":"Q2352376","candidates":[]}],[{"start":0,"end":15,"url":null,"entity_id":"Q221","candidates":[]}]],[[{"start":0,"end":35,"url":null,"entity_id":"Q84838920","candidates":[]}],[{"start":0,"end":21,"url":null,"entity_id":"Q2352376","candidates":[]}],[{"start":0,"end":15,"url":null,"entity_id":"Q221","candidates":[]}]],[[{"start":0,"end":35,"url":null,"entity_id":"Q84838918","candidates":[]}],[{"start":0,"end":21,"url":null,"entity_id":"Q2352376","candidates":[]}],[{"start":0,"end":15,"url":null,"entity_id":"Q221","candidates":[]}]],[[{"start":0,"end":35,"url":null,"entity_id":"Q84838916","candidates":[]}],[{"start":0,"end":21,"url":null,"entity_id":"Q2352376","candidates":[]}],[{"start":0,"end":15,"url":null,"entity_id":"Q221","candidates":[]}]],[[{"start":0,"end":35,"url":null,"entity_id":"Q84838914","candidates":[]}],[{"start":0,"end":21,"url":null,"entity_id":"Q2352376","candidates":[]}],[{"start":0,"end":15,"url":null,"entity_id":"Q221","candidates":[]}]],[[{"start":0,"end":35,"url":null,"entity_id":"Q84838912","candidates":[]}],[{"start":0,"end":21,"url":null,"entity_id":"Q2352376","candidates":[]}],[{"start":0,"end":15,"url":null,"entity_id":"Q221","candidates":[]}]],[[{"start":0,"end":35,"url":null,"entity_id":"Q84838910","candidates":[]}],[{"start":0,"end":21,"url":null,"entity_id":"Q2352376","candidates":[]}],[{"start":0,"end":15,"url":null,"entity_id":"Q221","candidates":[]}]],[[{"start":0,"end":35,"url":null,"entity_id":"Q84838908","candidates":[]}],[{"start":0,"end":21,"url":null,"entity_id":"Q2352376","candidates":[]}],[{"start":0,"end":15,"url":null,"entity_id":"Q221","candidates":[]}]],[[{"start":0,"end":35,"url":null,"entity_id":"Q84838906","candidates":[]}],[{"start":0,"end":21,"url":null,"entity_id":"Q2352376","candidates":[]}],[{"start":0,"end":15,"url":null,"entity_id":"Q221","candidates":[]}]],[[{"start":0,"end":35,"url":null,"entity_id":"Q84838902","candidates":[]}],[{"start":0,"end":21,"url":null,"entity_id":"Q2352376","candidates":[]}],[{"start":0,"end":15,"url":null,"entity_id":"Q221","candidates":[]}]],[[{"start":0,"end":35,"url":null,"entity_id":"Q84838899","candidates":[]}],[{"start":0,"end":21,"url":null,"entity_id":"Q2352376","candidates":[]}],[{"start":0,"end":15,"url":null,"entity_id":"Q221","candidates":[]}]],[[{"start":0,"end":35,"url":null,"entity_id":"Q84838892","candidates":[]}],[{"start":0,"end":21,"url":null,"entity_id":"Q2352376","candidates":[]}],[{"start":0,"end":15,"url":null,"entity_id":"Q221","candidates":[]}]],[[{"start":0,"end":35,"url":null,"entity_id":"Q84838890","candidates":[]}],[{"start":0,"end":21,"url":null,"entity_id":"Q2352376","candidates":[]}],[{"start":0,"end":15,"url":null,"entity_id":"Q221","candidates":[]}]],[[{"start":0,"end":35,"url":null,"entity_id":"Q84839003","candidates":[]}],[{"start":0,"end":21,"url":null,"entity_id":"Q2352376","candidates":[]}],[{"start":0,"end":15,"url":null,"entity_id":"Q221","candidates":[]}]]]}