{"version":"1.2","table":{"version":"2","table_id":"88L38XL4","columns":[{"index":0,"name":"col0","values":["Geologic map of The V Quadrangle, Harney County, Oregon","Geologic map of the Jacobs Well and southern part of the Elbow Canyon quadrangles, Mohave County, Arizona","Geologic map of the Osage SW 7.5ʹ quadrangle, Newton, Madison, and Carroll Counties, Arkansas","Geologic map of the Fish Creek Reservoir 7.5' quadrangle, Blaine County, Idaho","Geologic map of the Leadville North 7.5’ quadrangle, Eagle and Lake Counties, Colorado","Geologic map of the Weldona 7.5' quadrangle, Morgan County, Colorado","Geologic map of the Fort Morgan 7.5' quadrangle, Morgan County, Colorado","Geologic map of the Iceberg Canyon quadrangle, Clark County, Nevada and Mohave County, Arizona","Geologic map of the Cajon 7 1/2 minute quadrangle, San Bernardino County, California","Paleozoic and Mesozoic rocks of Mount Ichabod and Dorsey Canyon, Elko County, Nevada; evidence for post-Early Triassic emplacement of the Roberts Mountains and Golconda allochthons","Aeromagnetic map of the Peekskill quadrangle, Rockland, Orange, Putnam, and Westchester Counties, New York","Geologic map of the Jean quadrangle, Clark County, Nevada","Geologic map of the Bucksville quadrangle, Horry County, South Carolina","Geologic map of the Cameron quadrangle, Calhoun and Orangeburg Counties, South Carolina","Geologic map of the Georgetown North quadrangle, Georgetown County, South Carolina","Geologic map of the Myrtle Beach quadrangle, Horry County, South Carolina","Geologic map of the Ocean Forest quadrangle, Horry County, South Carolina","Geologic map of the Orangeburg North quadrangle, Calhoun and Orangeburg Counties, South Carolina","Generalized tectonic map of North America","Pre-Cambrian geology of North America"]},{"index":1,"name":"col1","values":["24000","24000","24000","24000","24000","24000","24000","24000","24000","46150","31680","24000","24000","24000","24000","24000","24000","24000","15000000","15400000"]},{"index":2,"name":"col2","values":["Scott A. Minor","Robert G. Bohannon","Kenzie J. Turner","Theodore R. Brandt","Theodore R. Brandt","James B. Paces","James B. Paces","Joan E. Fryxell","Thomas Dibblee","Keith B. Ketner","Joseph L. Vargo","B. Clark Burchfiel","William R. Doar, III","William R. Doar, III","William R. Doar, III","William R. Doar, III","William R. Doar, III","William R. Doar, III","Philip Burke King","Charles Kenneth Leith"]}]},"context":{"page_title":null,"page_url":null,"page_entity_id":null,"content_hierarchy":[]},"links":[[[{"start":0,"end":105,"url":null,"entity_id":"Q57855408","candidates":[]}],[],[{"start":0,"end":18,"url":null,"entity_id":"Q57912043","candidates":[]}]],[[{"start":0,"end":93,"url":null,"entity_id":"Q57735127","candidates":[]}],[],[{"start":0,"end":16,"url":null,"entity_id":"Q57734808","candidates":[]}]],[[{"start":0,"end":78,"url":null,"entity_id":"Q57841968","candidates":[]}],[],[{"start":0,"end":18,"url":null,"entity_id":"Q57733396","candidates":[]}]],[[{"start":0,"end":86,"url":null,"entity_id":"Q57841758","candidates":[]}],[],[{"start":0,"end":18,"url":null,"entity_id":"Q57733396","candidates":[]}]],[[{"start":0,"end":68,"url":null,"entity_id":"Q57733361","candidates":[]}],[],[{"start":0,"end":14,"url":null,"entity_id":"Q57733011","candidates":[]}]],[[{"start":0,"end":72,"url":null,"entity_id":"Q57733359","candidates":[]}],[],[{"start":0,"end":14,"url":null,"entity_id":"Q57733011","candidates":[]}]],[[{"start":0,"end":94,"url":null,"entity_id":"Q59301279","candidates":[]}],[],[{"start":0,"end":15,"url":null,"entity_id":"Q26713644","candidates":[]}]],[[{"start":0,"end":84,"url":null,"entity_id":"Q57845871","candidates":[]}],[],[{"start":0,"end":14,"url":null,"entity_id":"Q7788966","candidates":[]}]],[[{"start":0,"end":180,"url":null,"entity_id":"Q61462462","candidates":[]}],[],[{"start":0,"end":15,"url":null,"entity_id":"Q65582919","candidates":[]}]],[[{"start":0,"end":106,"url":null,"entity_id":"Q63214680","candidates":[]}],[],[{"start":0,"end":15,"url":null,"entity_id":"Q64778257","candidates":[]}]],[[{"start":0,"end":57,"url":null,"entity_id":"Q66376912","candidates":[]}],[],[{"start":0,"end":18,"url":null,"entity_id":"Q795194","candidates":[]}]],[[{"start":0,"end":71,"url":null,"entity_id":"Q63214222","candidates":[]}],[],[{"start":0,"end":20,"url":null,"entity_id":"Q63249963","candidates":[]}]],[[{"start":0,"end":87,"url":null,"entity_id":"Q63214214","candidates":[]}],[],[{"start":0,"end":20,"url":null,"entity_id":"Q63249963","candidates":[]}]],[[{"start":0,"end":82,"url":null,"entity_id":"Q63214130","candidates":[]}],[],[{"start":0,"end":20,"url":null,"entity_id":"Q63249963","candidates":[]}]],[[{"start":0,"end":73,"url":null,"entity_id":"Q63214094","candidates":[]}],[],[{"start":0,"end":20,"url":null,"entity_id":"Q63249963","candidates":[]}]],[[{"start":0,"end":73,"url":null,"entity_id":"Q63214075","candidates":[]}],[],[{"start":0,"end":20,"url":null,"entity_id":"Q63249963","candidates":[]}]],[[{"start":0,"end":96,"url":null,"entity_id":"Q63214063","candidates":[]}],[],[{"start":0,"end":20,"url":null,"entity_id":"Q63249963","candidates":[]}]],[[{"start":0,"end":41,"url":null,"entity_id":"Q63801781","candidates":[]}],[],[{"start":0,"end":17,"url":null,"entity_id":"Q7183295","candidates":[]}]],[[{"start":0,"end":37,"url":null,"entity_id":"Q61463091","candidates":[]}],[],[{"start":0,"end":21,"url":null,"entity_id":"Q1065160","candidates":[]}]],[[{"start":0,"end":55,"url":null,"entity_id":"Q57843548","candidates":[]}],[],[{"start":0,"end":14,"url":null,"entity_id":"Q58348469","candidates":[]}]]]}