{"version":"1.2","table":{"version":"2","table_id":"8CN01TYZ","columns":[{"index":0,"name":"col0","values":["La Bionda","Farrelly brothers","Inga and Anush Arshakyan","The Cheeky Girls","Bolland & Bolland","Mary-Kate and Ashley Olsen","Sandy & Junior","Arkady and Boris Strugatsky","Bass Brothers","Kalyanji–Anandji","Paola e Chiara","Me & My","Mel and Kim","Albert and David Maysles","Hager Twins","Mary Mary","The Brothers Johnson","Samanda","Jesse & Joy","J.-H. Rosny"]},{"index":1,"name":"col1","values":["Carmelo La Bionda","Bobby Farrelly","Inga Arshakyan","Monica Irimia","Rob Bolland","Mary-Kate Olsen","Sandy","Boris Strugatsky","Jeff Bass","Anandji Virji Shah","Paola","Susanne Georgi","Kim Appleby","David Maysles","Jim Hager","Erica Campbell","Louis Johnson","Amanda Louise Marchant","Joy Huerta","J.-H. Rosny aîné"]},{"index":2,"name":"col2","values":["disco","comedy","pop music","pop music","pop music","pop music","pop music","science fiction","rapping","Filmi","popular music","Eurodance","dance-pop","documentary film","country music","rhythm and blues","rhythm and blues","pop music","pop music","science fiction"]}]},"context":{"page_title":null,"page_url":null,"page_entity_id":null,"content_hierarchy":[]},"links":[[[{"start":0,"end":17,"url":null,"entity_id":"Q262337","candidates":[]}],[{"start":0,"end":14,"url":null,"entity_id":"Q888535","candidates":[]}],[{"start":0,"end":6,"url":null,"entity_id":"Q40831","candidates":[]}]],[[{"start":0,"end":24,"url":null,"entity_id":"Q393151","candidates":[]}],[{"start":0,"end":14,"url":null,"entity_id":"Q28867611","candidates":[]}],[{"start":0,"end":9,"url":null,"entity_id":"Q37073","candidates":[]}]],[[{"start":0,"end":16,"url":null,"entity_id":"Q432119","candidates":[]}],[{"start":0,"end":13,"url":null,"entity_id":"Q19303776","candidates":[]}],[{"start":0,"end":9,"url":null,"entity_id":"Q37073","candidates":[]}]],[[{"start":0,"end":17,"url":null,"entity_id":"Q891425","candidates":[]}],[{"start":0,"end":11,"url":null,"entity_id":"Q18558481","candidates":[]}],[{"start":0,"end":9,"url":null,"entity_id":"Q37073","candidates":[]}]],[[{"start":0,"end":26,"url":null,"entity_id":"Q208415","candidates":[]}],[{"start":0,"end":15,"url":null,"entity_id":"Q1151944","candidates":[]}],[{"start":0,"end":9,"url":null,"entity_id":"Q37073","candidates":[]}]],[[{"start":0,"end":14,"url":null,"entity_id":"Q835656","candidates":[]}],[{"start":0,"end":5,"url":null,"entity_id":"Q198962","candidates":[]}],[{"start":0,"end":9,"url":null,"entity_id":"Q37073","candidates":[]}]],[[{"start":0,"end":27,"url":null,"entity_id":"Q153796","candidates":[]}],[{"start":0,"end":16,"url":null,"entity_id":"Q59054","candidates":[]}],[{"start":0,"end":15,"url":null,"entity_id":"Q24925","candidates":[]}]],[[{"start":0,"end":13,"url":null,"entity_id":"Q810442","candidates":[]}],[{"start":0,"end":9,"url":null,"entity_id":"Q6173303","candidates":[]}],[{"start":0,"end":7,"url":null,"entity_id":"Q6010","candidates":[]}]],[[{"start":0,"end":16,"url":null,"entity_id":"Q2723490","candidates":[]}],[{"start":0,"end":18,"url":null,"entity_id":"Q4751368","candidates":[]}],[{"start":0,"end":5,"url":null,"entity_id":"Q544440","candidates":[]}]],[[{"start":0,"end":14,"url":null,"entity_id":"Q1247752","candidates":[]}],[{"start":0,"end":5,"url":null,"entity_id":"Q28835535","candidates":[]}],[{"start":0,"end":13,"url":null,"entity_id":"Q373342","candidates":[]}]],[[{"start":0,"end":7,"url":null,"entity_id":"Q2460826","candidates":[]}],[{"start":0,"end":14,"url":null,"entity_id":"Q236034","candidates":[]}],[{"start":0,"end":9,"url":null,"entity_id":"Q216961","candidates":[]}]],[[{"start":0,"end":11,"url":null,"entity_id":"Q1918899","candidates":[]}],[{"start":0,"end":11,"url":null,"entity_id":"Q468212","candidates":[]}],[{"start":0,"end":9,"url":null,"entity_id":"Q211756","candidates":[]}]],[[{"start":0,"end":24,"url":null,"entity_id":"Q2831691","candidates":[]}],[{"start":0,"end":13,"url":null,"entity_id":"Q15734533","candidates":[]}],[{"start":0,"end":16,"url":null,"entity_id":"Q93204","candidates":[]}]],[[{"start":0,"end":11,"url":null,"entity_id":"Q1689105","candidates":[]}],[{"start":0,"end":9,"url":null,"entity_id":"Q18047929","candidates":[]}],[{"start":0,"end":13,"url":null,"entity_id":"Q83440","candidates":[]}]],[[{"start":0,"end":9,"url":null,"entity_id":"Q1906374","candidates":[]}],[{"start":0,"end":14,"url":null,"entity_id":"Q22338517","candidates":[]}],[{"start":0,"end":16,"url":null,"entity_id":"Q45981","candidates":[]}]],[[{"start":0,"end":20,"url":null,"entity_id":"Q2078198","candidates":[]}],[{"start":0,"end":13,"url":null,"entity_id":"Q2407789","candidates":[]}],[{"start":0,"end":16,"url":null,"entity_id":"Q45981","candidates":[]}]],[[{"start":0,"end":7,"url":null,"entity_id":"Q2216752","candidates":[]}],[{"start":0,"end":22,"url":null,"entity_id":"Q22137990","candidates":[]}],[{"start":0,"end":9,"url":null,"entity_id":"Q37073","candidates":[]}]],[[{"start":0,"end":11,"url":null,"entity_id":"Q2288785","candidates":[]}],[{"start":0,"end":10,"url":null,"entity_id":"Q20653742","candidates":[]}],[{"start":0,"end":9,"url":null,"entity_id":"Q37073","candidates":[]}]],[[{"start":0,"end":11,"url":null,"entity_id":"Q2570161","candidates":[]}],[{"start":0,"end":16,"url":null,"entity_id":"Q725475","candidates":[]}],[{"start":0,"end":15,"url":null,"entity_id":"Q24925","candidates":[]}]],[[{"start":0,"end":9,"url":null,"entity_id":"Q576894","candidates":[]}],[{"start":0,"end":17,"url":null,"entity_id":"Q67522114","candidates":[]}],[{"start":0,"end":5,"url":null,"entity_id":"Q58339","candidates":[]}]]]}