{"version":"1.2","table":{"version":"2","table_id":"8FQP8C66","columns":[{"index":0,"name":"col0","values":["Hurricane Celeste","Hurricane Adolph","Hurricane Juliette","Hurricane Carlotta","Hurricane Lidia","Hurricane Fernanda","Hurricane Virgil","Hurricane Tina","Hurricane Iniki","Hurricane Raymond","Hurricane Octave","Hurricane Fico","Hurricane Javier","Hurricane Howard","Hurricane Juliette","Hurricane Norbert","Hurricane Flossie","Hurricane John","Hurricane Daniel","Hurricane Dora"]},{"index":1,"name":"col1","values":["115","125","125","135","130","125","115","130","125","125","115","120","130","120","130","115","120","115","130","120"]},{"index":2,"name":"col2","values":["Pacific hurricane","Pacific hurricane","Pacific hurricane","Pacific hurricane","Pacific hurricane","Pacific hurricane","Pacific hurricane","Pacific hurricane","Pacific hurricane","Pacific hurricane","Pacific hurricane","Pacific hurricane","Pacific hurricane","Pacific hurricane","Pacific hurricane","Pacific hurricane","Pacific hurricane","Pacific hurricane","Pacific hurricane","Pacific hurricane"]},{"index":3,"name":"col3","values":["1972-08-06","2001-05-25","2001-09-21","2000-06-18","1993-09-08","1993-08-09","1992-10-01","1992-09-17","1992-09-05","1989-09-25","1989-09-08","1978-07-09","2004-09-10","2004-08-30","1995-09-16","2008-10-04","2007-08-08","2006-08-28","2006-07-16","1999-08-06"]},{"index":4,"name":"col4","values":["1972 Pacific hurricane season","2001 Pacific hurricane season","2001 Pacific hurricane season","2000 Pacific hurricane season","1993 Pacific hurricane season","1993 Pacific hurricane season","1992 Pacific hurricane season","1992 Pacific hurricane season","1992 Pacific hurricane season","1989 Pacific hurricane season","1989 Pacific hurricane season","1978 Pacific hurricane season","2004 Pacific hurricane season","2004 Pacific hurricane season","1995 Pacific hurricane season","2008 Pacific hurricane season","2007 Pacific hurricane season","2006 Pacific hurricane season","2006 Pacific hurricane season","1999 Pacific hurricane season"]},{"index":5,"name":"col5","values":["940","940","923","932","930","934","948","932","938","935","948","955","930","943","930","945","949","948","933","943"]},{"index":6,"name":"col6","values":["North-East Pacific Ocean","North-East Pacific Ocean","North-East Pacific Ocean","North-East Pacific Ocean","North-East Pacific Ocean","North-East Pacific Ocean","North-East Pacific Ocean","North-East Pacific Ocean","North-East Pacific Ocean","North-East Pacific Ocean","North-East Pacific Ocean","North-East Pacific Ocean","North-East Pacific Ocean","North-East Pacific Ocean","North-East Pacific Ocean","North-East Pacific Ocean","North-East Pacific Ocean","North-East Pacific Ocean","North-East Pacific Ocean","North-East Pacific Ocean"]}]},"context":{"page_title":null,"page_url":null,"page_entity_id":null,"content_hierarchy":[]},"links":[[[{"start":0,"end":16,"url":null,"entity_id":"Q8525340","candidates":[]}],[],[{"start":0,"end":17,"url":null,"entity_id":"Q3306242","candidates":[]}],[],[{"start":0,"end":29,"url":null,"entity_id":"Q4599014","candidates":[]}],[],[{"start":0,"end":24,"url":null,"entity_id":"Q63860551","candidates":[]}]],[[{"start":0,"end":18,"url":null,"entity_id":"Q267472","candidates":[]}],[],[{"start":0,"end":17,"url":null,"entity_id":"Q3306242","candidates":[]}],[],[{"start":0,"end":29,"url":null,"entity_id":"Q4599014","candidates":[]}],[],[{"start":0,"end":24,"url":null,"entity_id":"Q63860551","candidates":[]}]],[[{"start":0,"end":18,"url":null,"entity_id":"Q5947262","candidates":[]}],[],[{"start":0,"end":17,"url":null,"entity_id":"Q3306242","candidates":[]}],[],[{"start":0,"end":29,"url":null,"entity_id":"Q4597755","candidates":[]}],[],[{"start":0,"end":24,"url":null,"entity_id":"Q63860551","candidates":[]}]],[[{"start":0,"end":15,"url":null,"entity_id":"Q5948045","candidates":[]}],[],[{"start":0,"end":17,"url":null,"entity_id":"Q3306242","candidates":[]}],[],[{"start":0,"end":29,"url":null,"entity_id":"Q4588720","candidates":[]}],[],[{"start":0,"end":24,"url":null,"entity_id":"Q63860551","candidates":[]}]],[[{"start":0,"end":18,"url":null,"entity_id":"Q5947565","candidates":[]}],[],[{"start":0,"end":17,"url":null,"entity_id":"Q3306242","candidates":[]}],[],[{"start":0,"end":29,"url":null,"entity_id":"Q4588720","candidates":[]}],[],[{"start":0,"end":24,"url":null,"entity_id":"Q63860551","candidates":[]}]],[[{"start":0,"end":16,"url":null,"entity_id":"Q5948361","candidates":[]}],[],[{"start":0,"end":17,"url":null,"entity_id":"Q3306242","candidates":[]}],[],[{"start":0,"end":29,"url":null,"entity_id":"Q4587855","candidates":[]}],[],[{"start":0,"end":24,"url":null,"entity_id":"Q63860551","candidates":[]}]],[[{"start":0,"end":14,"url":null,"entity_id":"Q5948345","candidates":[]}],[],[{"start":0,"end":17,"url":null,"entity_id":"Q3306242","candidates":[]}],[],[{"start":0,"end":29,"url":null,"entity_id":"Q4587855","candidates":[]}],[],[{"start":0,"end":24,"url":null,"entity_id":"Q63860551","candidates":[]}]],[[{"start":0,"end":15,"url":null,"entity_id":"Q3124214","candidates":[]}],[],[{"start":0,"end":17,"url":null,"entity_id":"Q3306242","candidates":[]}],[],[{"start":0,"end":29,"url":null,"entity_id":"Q4587855","candidates":[]}],[],[{"start":0,"end":24,"url":null,"entity_id":"Q63860551","candidates":[]}]],[[{"start":0,"end":17,"url":null,"entity_id":"Q5948265","candidates":[]}],[],[{"start":0,"end":17,"url":null,"entity_id":"Q3306242","candidates":[]}],[],[{"start":0,"end":29,"url":null,"entity_id":"Q4585368","candidates":[]}],[],[{"start":0,"end":24,"url":null,"entity_id":"Q63860551","candidates":[]}]],[[{"start":0,"end":16,"url":null,"entity_id":"Q5948182","candidates":[]}],[],[{"start":0,"end":17,"url":null,"entity_id":"Q3306242","candidates":[]}],[],[{"start":0,"end":29,"url":null,"entity_id":"Q4585368","candidates":[]}],[],[{"start":0,"end":24,"url":null,"entity_id":"Q63860551","candidates":[]}]],[[{"start":0,"end":14,"url":null,"entity_id":"Q8450547","candidates":[]}],[],[{"start":0,"end":17,"url":null,"entity_id":"Q3306242","candidates":[]}],[],[{"start":0,"end":29,"url":null,"entity_id":"Q4578267","candidates":[]}],[],[{"start":0,"end":24,"url":null,"entity_id":"Q63860551","candidates":[]}]],[[{"start":0,"end":16,"url":null,"entity_id":"Q5947868","candidates":[]}],[],[{"start":0,"end":17,"url":null,"entity_id":"Q3306242","candidates":[]}],[],[{"start":0,"end":29,"url":null,"entity_id":"Q3304183","candidates":[]}],[],[{"start":0,"end":24,"url":null,"entity_id":"Q63860551","candidates":[]}]],[[{"start":0,"end":16,"url":null,"entity_id":"Q1638601","candidates":[]}],[],[{"start":0,"end":17,"url":null,"entity_id":"Q3306242","candidates":[]}],[],[{"start":0,"end":29,"url":null,"entity_id":"Q3304183","candidates":[]}],[],[{"start":0,"end":24,"url":null,"entity_id":"Q63860551","candidates":[]}]],[[{"start":0,"end":18,"url":null,"entity_id":"Q5947933","candidates":[]}],[],[{"start":0,"end":17,"url":null,"entity_id":"Q3306242","candidates":[]}],[],[{"start":0,"end":29,"url":null,"entity_id":"Q3246370","candidates":[]}],[],[{"start":0,"end":24,"url":null,"entity_id":"Q63860551","candidates":[]}]],[[{"start":0,"end":17,"url":null,"entity_id":"Q1804962","candidates":[]}],[],[{"start":0,"end":17,"url":null,"entity_id":"Q3306242","candidates":[]}],[],[{"start":0,"end":29,"url":null,"entity_id":"Q2065562","candidates":[]}],[],[{"start":0,"end":24,"url":null,"entity_id":"Q63860551","candidates":[]}]],[[{"start":0,"end":17,"url":null,"entity_id":"Q3300716","candidates":[]}],[],[{"start":0,"end":17,"url":null,"entity_id":"Q3306242","candidates":[]}],[],[{"start":0,"end":29,"url":null,"entity_id":"Q2062495","candidates":[]}],[],[{"start":0,"end":24,"url":null,"entity_id":"Q63860551","candidates":[]}]],[[{"start":0,"end":14,"url":null,"entity_id":"Q3358406","candidates":[]}],[],[{"start":0,"end":17,"url":null,"entity_id":"Q3306242","candidates":[]}],[],[{"start":0,"end":29,"url":null,"entity_id":"Q1972874","candidates":[]}],[],[{"start":0,"end":24,"url":null,"entity_id":"Q63860551","candidates":[]}]],[[{"start":0,"end":16,"url":null,"entity_id":"Q3358373","candidates":[]}],[],[{"start":0,"end":17,"url":null,"entity_id":"Q3306242","candidates":[]}],[],[{"start":0,"end":29,"url":null,"entity_id":"Q1972874","candidates":[]}],[],[{"start":0,"end":24,"url":null,"entity_id":"Q63860551","candidates":[]}]],[[{"start":0,"end":14,"url":null,"entity_id":"Q1304607","candidates":[]}],[],[{"start":0,"end":17,"url":null,"entity_id":"Q3306242","candidates":[]}],[],[{"start":0,"end":29,"url":null,"entity_id":"Q1523743","candidates":[]}],[],[{"start":0,"end":24,"url":null,"entity_id":"Q63860551","candidates":[]}]],[[{"start":0,"end":17,"url":null,"entity_id":"Q5947276","candidates":[]}],[],[{"start":0,"end":17,"url":null,"entity_id":"Q3306242","candidates":[]}],[],[{"start":0,"end":29,"url":null,"entity_id":"Q6401595","candidates":[]}],[],[{"start":0,"end":24,"url":null,"entity_id":"Q63860551","candidates":[]}]]]}