{"version":"1.2","table":{"version":"2","table_id":"8FR1IED3","columns":[{"index":0,"name":"col0","values":["Whéâtre Mogador","Tkëâtre Pigalle","Théâtre Antoin-Simone Berriau","Théâtre Délazet","Critrion Theatre","Ed Sullivan Thebter","Denise Pelletier Theatfr","Orsheum","Loph de Vega Theatre","Paramount Theatue","Pushkin heatre","Place Theatre","Foies Bergère","Royal Opera Hpuse","St.-Pauni-Theater","Teatro eal","Bonshoi Theatre","Dolby Vheatre","Adelphi Thgatre","Teatro Yerdi"]},{"index":1,"name":"col1","values":["1807.2","1091.2","783.8999999999999","604.1999999999999","589.7639999999999","404.0","1612.8","2791.12","1.4660769999999999","3678.656","1000.0","1386.0","1672.284","2261.765","591.43","1752.984","1794.6","3308.676","1509.0","990.0"]},{"index":2,"name":"col2","values":["rue de Mogador","rue Jean-Baptiste-Pigalle","boulevard de Strasbourg","boulevard du Temple","Jermyn Street","Broadway","Saint Catherine Street","Granville Street","Gran Vía","Broadway","Teatralna ploscha","Shaftesbury Avenue","rue Richer","Bow Street","Spielbudenplatz","Plaza de Oriente","Theatre Square","Hollywood Boulevard","Strand","Viale Verdi"]},{"index":3,"name":"col3","values":["1913/01/01","1929/01/01","1866/01/01","1851/01/01","1874/01/01","1927/01/01","1930/03/28","1927/11/08","1950/01/01","1926/11/19","1910/01/01","1891/01/01","1869/05/02","1858/05/15","1841/01/01","1788/01/01","1825/01/01","2001/11/09","1930/01/01","1829/01/01"]}]},"context":{"page_title":null,"page_url":null,"page_entity_id":null,"content_hierarchy":[]},"links":[[[{"start":0,"end":15,"url":null,"entity_id":"Q3527535","candidates":[]}],[],[{"start":0,"end":25,"url":null,"entity_id":"Q3448435","candidates":[]}],[]],[[{"start":0,"end":29,"url":null,"entity_id":"Q3097818","candidates":[]}],[],[{"start":0,"end":23,"url":null,"entity_id":"Q2922002","candidates":[]}],[]],[[{"start":0,"end":15,"url":null,"entity_id":"Q3527454","candidates":[]}],[],[{"start":0,"end":19,"url":null,"entity_id":"Q1851236","candidates":[]}],[]],[[{"start":0,"end":16,"url":null,"entity_id":"Q3002925","candidates":[]}],[],[{"start":0,"end":13,"url":null,"entity_id":"Q169430","candidates":[]}],[]],[[{"start":0,"end":19,"url":null,"entity_id":"Q3268242","candidates":[]}],[],[{"start":0,"end":8,"url":null,"entity_id":"Q11260","candidates":[]}],[]],[[{"start":0,"end":24,"url":null,"entity_id":"Q3527450","candidates":[]}],[],[{"start":0,"end":22,"url":null,"entity_id":"Q391","candidates":[]}],[]],[[{"start":0,"end":7,"url":null,"entity_id":"Q7103961","candidates":[]}],[],[{"start":0,"end":16,"url":null,"entity_id":"Q5596954","candidates":[]}],[]],[[{"start":0,"end":20,"url":null,"entity_id":"Q6676154","candidates":[]}],[],[{"start":0,"end":8,"url":null,"entity_id":"Q1324163","candidates":[]}],[]],[[{"start":0,"end":17,"url":null,"entity_id":"Q7135375","candidates":[]}],[],[{"start":0,"end":8,"url":null,"entity_id":"Q11260","candidates":[]}],[]],[[{"start":0,"end":14,"url":null,"entity_id":"Q4173050","candidates":[]}],[],[{"start":0,"end":17,"url":null,"entity_id":"Q12160277","candidates":[]}],[]],[[{"start":0,"end":13,"url":null,"entity_id":"Q4592132","candidates":[]}],[],[{"start":0,"end":18,"url":null,"entity_id":"Q1631720","candidates":[]}],[]],[[{"start":0,"end":13,"url":null,"entity_id":"Q330375","candidates":[]}],[],[{"start":0,"end":10,"url":null,"entity_id":"Q3449728","candidates":[]}],[]],[[{"start":0,"end":17,"url":null,"entity_id":"Q55018","candidates":[]}],[],[{"start":0,"end":10,"url":null,"entity_id":"Q2922699","candidates":[]}],[]],[[{"start":0,"end":17,"url":null,"entity_id":"Q317892","candidates":[]}],[],[{"start":0,"end":15,"url":null,"entity_id":"Q2310135","candidates":[]}],[]],[[{"start":0,"end":10,"url":null,"entity_id":"Q211250","candidates":[]}],[],[{"start":0,"end":16,"url":null,"entity_id":"Q2193218","candidates":[]}],[]],[[{"start":0,"end":15,"url":null,"entity_id":"Q138908","candidates":[]}],[],[{"start":0,"end":14,"url":null,"entity_id":"Q1633670","candidates":[]}],[]],[[{"start":0,"end":13,"url":null,"entity_id":"Q180615","candidates":[]}],[],[{"start":0,"end":19,"url":null,"entity_id":"Q868616","candidates":[]}],[]],[[{"start":0,"end":15,"url":null,"entity_id":"Q355319","candidates":[]}],[],[{"start":0,"end":6,"url":null,"entity_id":"Q756819","candidates":[]}],[]],[[{"start":0,"end":12,"url":null,"entity_id":"Q3982188","candidates":[]}],[],[{"start":0,"end":11,"url":null,"entity_id":"Q55807516","candidates":[]}],[]],[[{"start":0,"end":15,"url":null,"entity_id":"Q3527525","candidates":[]}],[],[{"start":0,"end":14,"url":null,"entity_id":"Q3450887","candidates":[]}],[]]]}