{"version":"1.2","table":{"version":"2","table_id":"8KV4AISH","columns":[{"index":0,"name":"col0","values":["Fátima do Sul","Ubatuba","Alfredo Marcondes","Pirapó","Alfredo Chaves","Condeúba","Wanderley","Padre Carvalho","José Bonifácio, São Paulo","Campo Belo","Orizânia","Fernando Prestes","Madre de Deus de Minas","Iconha, Espírito Santo","Itapiranga","Candói","Igreja Nova","Vale Verde","Umuarama","Araguaçu"]},{"index":1,"name":"col1","values":["0.776","0.751","0.799","0.72","0.71","0.582","0.6","0.618","0.777","0.776","0.648","0.776","0.734","0.729","0.775","0.712","0.585","0.749","0.761","0.675"]},{"index":2,"name":"col2","values":["352","3","412","125","19","1000","583","830","403","945","847","545","953","15","206","930","13","89","430","278"]}]},"context":{"page_title":null,"page_url":null,"page_entity_id":null,"content_hierarchy":[]},"links":[[[{"start":0,"end":7,"url":null,"entity_id":"Q596931","candidates":[]}],[],[]],[[{"start":0,"end":17,"url":null,"entity_id":"Q596678","candidates":[]}],[],[]],[[{"start":0,"end":6,"url":null,"entity_id":"Q596649","candidates":[]}],[],[]],[[{"start":0,"end":14,"url":null,"entity_id":"Q596538","candidates":[]}],[],[]],[[{"start":0,"end":8,"url":null,"entity_id":"Q596466","candidates":[]}],[],[]],[[{"start":0,"end":9,"url":null,"entity_id":"Q596359","candidates":[]}],[],[]],[[{"start":0,"end":14,"url":null,"entity_id":"Q596318","candidates":[]}],[],[]],[[{"start":0,"end":25,"url":null,"entity_id":"Q595976","candidates":[]}],[],[]],[[{"start":0,"end":10,"url":null,"entity_id":"Q595804","candidates":[]}],[],[]],[[{"start":0,"end":8,"url":null,"entity_id":"Q595373","candidates":[]}],[],[]],[[{"start":0,"end":16,"url":null,"entity_id":"Q595318","candidates":[]}],[],[]],[[{"start":0,"end":22,"url":null,"entity_id":"Q595287","candidates":[]}],[],[]],[[{"start":0,"end":22,"url":null,"entity_id":"Q595222","candidates":[]}],[],[]],[[{"start":0,"end":10,"url":null,"entity_id":"Q595033","candidates":[]}],[],[]],[[{"start":0,"end":6,"url":null,"entity_id":"Q594784","candidates":[]}],[],[]],[[{"start":0,"end":11,"url":null,"entity_id":"Q594183","candidates":[]}],[],[]],[[{"start":0,"end":10,"url":null,"entity_id":"Q594012","candidates":[]}],[],[]],[[{"start":0,"end":8,"url":null,"entity_id":"Q593948","candidates":[]}],[],[]],[[{"start":0,"end":8,"url":null,"entity_id":"Q593716","candidates":[]}],[],[]],[[{"start":0,"end":13,"url":null,"entity_id":"Q597397","candidates":[]}],[],[]]]}