{"version":"1.2","table":{"version":"2","table_id":"8M79J0WO","columns":[{"index":0,"name":"col0","values":["Strasbourg","Amman","Valletta","Ashgabat","Ulaanbaatar","Chișinău","Bucharest","Nanjing","Aarau","Sarajevo","Georgetown","Haarlem","Bishkek","Thimphu","Baku","Malaga","Rio de Janeiro","Bolzano","Kabul","Cape Town"]},{"index":1,"name":"col1","values":["143","765","56","219","1350","85","70","15","384","518","0","2","750","2321","-28","11","31","232","1790","1590"]},{"index":2,"name":"col2","values":["Paulys Realenzyklopädie der klassischen Altertumswissenschaft","Paulys Realenzyklopädie der klassischen Altertumswissenschaft","Brockhaus and Efron Encyclopedic Dictionary","Brockhaus and Efron Encyclopedic Dictionary","Brockhaus and Efron Encyclopedic Dictionary","Brockhaus and Efron Encyclopedic Dictionary","Brockhaus and Efron Encyclopedic Dictionary","Brockhaus and Efron Encyclopedic Dictionary","Brockhaus and Efron Encyclopedic Dictionary","Brockhaus and Efron Encyclopedic Dictionary","Brockhaus and Efron Encyclopedic Dictionary","Brockhaus and Efron Encyclopedic Dictionary","Brockhaus and Efron Encyclopedic Dictionary","Brockhaus and Efron Encyclopedic Dictionary","Brockhaus and Efron Encyclopedic Dictionary","Brockhaus and Efron Encyclopedic Dictionary","Brockhaus and Efron Encyclopedic Dictionary","Brockhaus and Efron Encyclopedic Dictionary","Brockhaus and Efron Encyclopedic Dictionary","Brockhaus and Efron Encyclopedic Dictionary"]}]},"context":{"page_title":null,"page_url":null,"page_entity_id":null,"content_hierarchy":[]},"links":[[[{"start":0,"end":5,"url":null,"entity_id":"Q3805","candidates":[]}],[],[{"start":0,"end":61,"url":null,"entity_id":"Q1138524","candidates":[]}]],[[{"start":0,"end":8,"url":null,"entity_id":"Q23800","candidates":[]}],[],[{"start":0,"end":43,"url":null,"entity_id":"Q602358","candidates":[]}]],[[{"start":0,"end":8,"url":null,"entity_id":"Q23438","candidates":[]}],[],[{"start":0,"end":43,"url":null,"entity_id":"Q602358","candidates":[]}]],[[{"start":0,"end":11,"url":null,"entity_id":"Q23430","candidates":[]}],[],[{"start":0,"end":43,"url":null,"entity_id":"Q602358","candidates":[]}]],[[{"start":0,"end":8,"url":null,"entity_id":"Q21197","candidates":[]}],[],[{"start":0,"end":43,"url":null,"entity_id":"Q602358","candidates":[]}]],[[{"start":0,"end":9,"url":null,"entity_id":"Q19660","candidates":[]}],[],[{"start":0,"end":43,"url":null,"entity_id":"Q602358","candidates":[]}]],[[{"start":0,"end":7,"url":null,"entity_id":"Q16666","candidates":[]}],[],[{"start":0,"end":43,"url":null,"entity_id":"Q602358","candidates":[]}]],[[{"start":0,"end":5,"url":null,"entity_id":"Q14274","candidates":[]}],[],[{"start":0,"end":43,"url":null,"entity_id":"Q602358","candidates":[]}]],[[{"start":0,"end":8,"url":null,"entity_id":"Q11194","candidates":[]}],[],[{"start":0,"end":43,"url":null,"entity_id":"Q602358","candidates":[]}]],[[{"start":0,"end":10,"url":null,"entity_id":"Q10717","candidates":[]}],[],[{"start":0,"end":43,"url":null,"entity_id":"Q602358","candidates":[]}]],[[{"start":0,"end":7,"url":null,"entity_id":"Q9920","candidates":[]}],[],[{"start":0,"end":43,"url":null,"entity_id":"Q602358","candidates":[]}]],[[{"start":0,"end":7,"url":null,"entity_id":"Q9361","candidates":[]}],[],[{"start":0,"end":43,"url":null,"entity_id":"Q602358","candidates":[]}]],[[{"start":0,"end":7,"url":null,"entity_id":"Q9270","candidates":[]}],[],[{"start":0,"end":43,"url":null,"entity_id":"Q602358","candidates":[]}]],[[{"start":0,"end":4,"url":null,"entity_id":"Q9248","candidates":[]}],[],[{"start":0,"end":43,"url":null,"entity_id":"Q602358","candidates":[]}]],[[{"start":0,"end":6,"url":null,"entity_id":"Q8851","candidates":[]}],[],[{"start":0,"end":43,"url":null,"entity_id":"Q602358","candidates":[]}]],[[{"start":0,"end":14,"url":null,"entity_id":"Q8678","candidates":[]}],[],[{"start":0,"end":43,"url":null,"entity_id":"Q602358","candidates":[]}]],[[{"start":0,"end":7,"url":null,"entity_id":"Q6526","candidates":[]}],[],[{"start":0,"end":43,"url":null,"entity_id":"Q602358","candidates":[]}]],[[{"start":0,"end":5,"url":null,"entity_id":"Q5838","candidates":[]}],[],[{"start":0,"end":43,"url":null,"entity_id":"Q602358","candidates":[]}]],[[{"start":0,"end":9,"url":null,"entity_id":"Q5465","candidates":[]}],[],[{"start":0,"end":43,"url":null,"entity_id":"Q602358","candidates":[]}]],[[{"start":0,"end":10,"url":null,"entity_id":"Q6602","candidates":[]}],[],[{"start":0,"end":61,"url":null,"entity_id":"Q1138524","candidates":[]}]]]}