{"version":"1.2","table":{"version":"2","table_id":"8N186KU9","columns":[{"index":0,"name":"col0","values":["Pavlovskaya, Krasnodar Krai","Besskorbnaya","Taman, Russia","Leningradskaya (rural locality)","Slavyansk-na-Kubani","Kamyshevatskaya","Yelizavetinskaya","Dondukovskaya","Vasyurinskaya","Kelermesskaya","Jopiórskaya","Upornaya","Staromyshastovskaya","Staroleushkovskaya","Plastunovskaya","Peredovaya","Archedinskaya","Fedoseyevskaya","Upornikovskaya","Tishanskaya"]},{"index":1,"name":"col1","values":["31327","5892","10027","36940","66285","5029","24755","6636","13339","2844","1269","3036","10610","5251","12219","3922","1344","48","1197","358"]},{"index":2,"name":"col2","values":["39","343","4","25","7","12","23","145","40","175","72","447","22","30","35","618","79","68","93","73"]}]},"context":{"page_title":null,"page_url":null,"page_entity_id":null,"content_hierarchy":[]},"links":[[[{"start":0,"end":12,"url":null,"entity_id":"Q830222","candidates":[]}],[],[]],[[{"start":0,"end":13,"url":null,"entity_id":"Q767443","candidates":[]}],[],[]],[[{"start":0,"end":31,"url":null,"entity_id":"Q519788","candidates":[]}],[],[]],[[{"start":0,"end":19,"url":null,"entity_id":"Q195662","candidates":[]}],[],[]],[[{"start":0,"end":15,"url":null,"entity_id":"Q4211874","candidates":[]}],[],[]],[[{"start":0,"end":16,"url":null,"entity_id":"Q4174801","candidates":[]}],[],[]],[[{"start":0,"end":13,"url":null,"entity_id":"Q4166142","candidates":[]}],[],[]],[[{"start":0,"end":13,"url":null,"entity_id":"Q4105199","candidates":[]}],[],[]],[[{"start":0,"end":13,"url":null,"entity_id":"Q4219081","candidates":[]}],[],[]],[[{"start":0,"end":11,"url":null,"entity_id":"Q4499828","candidates":[]}],[],[]],[[{"start":0,"end":8,"url":null,"entity_id":"Q4476336","candidates":[]}],[],[]],[[{"start":0,"end":19,"url":null,"entity_id":"Q4440508","candidates":[]}],[],[]],[[{"start":0,"end":18,"url":null,"entity_id":"Q4440465","candidates":[]}],[],[]],[[{"start":0,"end":14,"url":null,"entity_id":"Q4364540","candidates":[]}],[],[]],[[{"start":0,"end":10,"url":null,"entity_id":"Q4350277","candidates":[]}],[],[]],[[{"start":0,"end":13,"url":null,"entity_id":"Q24484253","candidates":[]}],[],[]],[[{"start":0,"end":14,"url":null,"entity_id":"Q24484189","candidates":[]}],[],[]],[[{"start":0,"end":14,"url":null,"entity_id":"Q21644816","candidates":[]}],[],[]],[[{"start":0,"end":11,"url":null,"entity_id":"Q21644668","candidates":[]}],[],[]],[[{"start":0,"end":27,"url":null,"entity_id":"Q918470","candidates":[]}],[],[]]]}