{"version":"1.2","table":{"version":"2","table_id":"8N4IO8NW","columns":[{"index":0,"name":"col0","values":["Lake Dutton","Lake Cadibarrawirracanna","Lake Torrens","Lake Lewis","Lake Neale","Lake Amadeus","Lake Hopkins","Lake Ballard","Dumbleyung Lake","Lake Dora","Salar de Capur","Old Wives Lake","Lake Alakol","Ozero Pataratba","Ozero Dzhikurebskoye","Ozero Kopatadze","Ozero Kochebi","Dabusun Lake","Omongwa salt pan","Hoh Yanchi"]},{"index":1,"name":"col1","values":["Australia","Australia","Australia","Australia","Australia","Australia","Australia","Australia","Australia","Australia","Chile","Canada","Kazakhstan","Georgia","Georgia","Georgia","Georgia","People's Republic of China","Namibia","People's Republic of China"]},{"index":2,"name":"col2","values":["South Australia","South Australia","South Australia","Northern Territory","Northern Territory","Northern Territory","Western Australia","Western Australia","Western Australia","Western Australia","Antofagasta Region","Saskatchewan","Kazakhstan","Georgia","Georgia","Georgia","Georgia","People's Republic of China","Gobabis Constituency","Qinghai"]}]},"context":{"page_title":null,"page_url":null,"page_entity_id":null,"content_hierarchy":[]},"links":[[[{"start":0,"end":24,"url":null,"entity_id":"Q224387","candidates":[]}],[{"start":0,"end":9,"url":null,"entity_id":"Q408","candidates":[]}],[{"start":0,"end":15,"url":null,"entity_id":"Q35715","candidates":[]}]],[[{"start":0,"end":12,"url":null,"entity_id":"Q163855","candidates":[]}],[{"start":0,"end":9,"url":null,"entity_id":"Q408","candidates":[]}],[{"start":0,"end":15,"url":null,"entity_id":"Q35715","candidates":[]}]],[[{"start":0,"end":10,"url":null,"entity_id":"Q21954693","candidates":[]}],[{"start":0,"end":9,"url":null,"entity_id":"Q408","candidates":[]}],[{"start":0,"end":18,"url":null,"entity_id":"Q3235","candidates":[]}]],[[{"start":0,"end":10,"url":null,"entity_id":"Q8878462","candidates":[]}],[{"start":0,"end":9,"url":null,"entity_id":"Q408","candidates":[]}],[{"start":0,"end":18,"url":null,"entity_id":"Q3235","candidates":[]}]],[[{"start":0,"end":12,"url":null,"entity_id":"Q584201","candidates":[]}],[{"start":0,"end":9,"url":null,"entity_id":"Q408","candidates":[]}],[{"start":0,"end":18,"url":null,"entity_id":"Q3235","candidates":[]}]],[[{"start":0,"end":12,"url":null,"entity_id":"Q21890161","candidates":[]}],[{"start":0,"end":9,"url":null,"entity_id":"Q408","candidates":[]}],[{"start":0,"end":17,"url":null,"entity_id":"Q3206","candidates":[]}]],[[{"start":0,"end":12,"url":null,"entity_id":"Q7358147","candidates":[]}],[{"start":0,"end":9,"url":null,"entity_id":"Q408","candidates":[]}],[{"start":0,"end":17,"url":null,"entity_id":"Q3206","candidates":[]}]],[[{"start":0,"end":15,"url":null,"entity_id":"Q5313731","candidates":[]}],[{"start":0,"end":9,"url":null,"entity_id":"Q408","candidates":[]}],[{"start":0,"end":17,"url":null,"entity_id":"Q3206","candidates":[]}]],[[{"start":0,"end":9,"url":null,"entity_id":"Q1800910","candidates":[]}],[{"start":0,"end":9,"url":null,"entity_id":"Q408","candidates":[]}],[{"start":0,"end":17,"url":null,"entity_id":"Q3206","candidates":[]}]],[[{"start":0,"end":14,"url":null,"entity_id":"Q14541286","candidates":[]}],[{"start":0,"end":5,"url":null,"entity_id":"Q298","candidates":[]}],[{"start":0,"end":18,"url":null,"entity_id":"Q2118","candidates":[]}]],[[{"start":0,"end":14,"url":null,"entity_id":"Q3215000","candidates":[]}],[{"start":0,"end":6,"url":null,"entity_id":"Q16","candidates":[]}],[{"start":0,"end":12,"url":null,"entity_id":"Q1989","candidates":[]}]],[[{"start":0,"end":11,"url":null,"entity_id":"Q310547","candidates":[]}],[{"start":0,"end":10,"url":null,"entity_id":"Q232","candidates":[]}],[{"start":0,"end":10,"url":null,"entity_id":"Q232","candidates":[]}]],[[{"start":0,"end":15,"url":null,"entity_id":"Q24687121","candidates":[]}],[{"start":0,"end":7,"url":null,"entity_id":"Q230","candidates":[]}],[{"start":0,"end":7,"url":null,"entity_id":"Q230","candidates":[]}]],[[{"start":0,"end":20,"url":null,"entity_id":"Q24687092","candidates":[]}],[{"start":0,"end":7,"url":null,"entity_id":"Q230","candidates":[]}],[{"start":0,"end":7,"url":null,"entity_id":"Q230","candidates":[]}]],[[{"start":0,"end":15,"url":null,"entity_id":"Q24687091","candidates":[]}],[{"start":0,"end":7,"url":null,"entity_id":"Q230","candidates":[]}],[{"start":0,"end":7,"url":null,"entity_id":"Q230","candidates":[]}]],[[{"start":0,"end":13,"url":null,"entity_id":"Q24687078","candidates":[]}],[{"start":0,"end":7,"url":null,"entity_id":"Q230","candidates":[]}],[{"start":0,"end":7,"url":null,"entity_id":"Q230","candidates":[]}]],[[{"start":0,"end":12,"url":null,"entity_id":"Q16936552","candidates":[]}],[{"start":0,"end":26,"url":null,"entity_id":"Q148","candidates":[]}],[{"start":0,"end":26,"url":null,"entity_id":"Q148","candidates":[]}]],[[{"start":0,"end":16,"url":null,"entity_id":"Q28976339","candidates":[]}],[{"start":0,"end":7,"url":null,"entity_id":"Q1030","candidates":[]}],[{"start":0,"end":20,"url":null,"entity_id":"Q3711655","candidates":[]}]],[[{"start":0,"end":10,"url":null,"entity_id":"Q29620344","candidates":[]}],[{"start":0,"end":26,"url":null,"entity_id":"Q148","candidates":[]}],[{"start":0,"end":7,"url":null,"entity_id":"Q45833","candidates":[]}]],[[{"start":0,"end":11,"url":null,"entity_id":"Q6475995","candidates":[]}],[{"start":0,"end":9,"url":null,"entity_id":"Q408","candidates":[]}],[{"start":0,"end":15,"url":null,"entity_id":"Q35715","candidates":[]}]]]}