{"version":"1.2","table":{"version":"2","table_id":"8N4ZTXDV","columns":[{"index":0,"name":"col0","values":["Gundagai Shire","City of Greater Taree","Bombala Shire","Cootamundra Shire","Corowa Shire","Armidale Dumaresq Shire","Manly Council","Gloucester Shire","Murray Shire","City of Gosford","Harden Shire","Wellington Council","Municipality of Ashfield","Murrumbidgee Shire","Warringah Council","Municipality of Kogarah","Boorowa Shire","Pittwater Council","City of Holroyd","Marrickville Council"]},{"index":1,"name":"col1","values":["222","74","864","350","135","1011","22","568","98","277","411","334","38","114","65","51","480","51","44","20"]},{"index":2,"name":"col2","values":["11141","46541","2409","7334","11000","24105","39747","4877","6957","162440","3584","8493","41214","3836","140741","55806","2399","57155","99163","76500"]}]},"context":{"page_title":null,"page_url":null,"page_entity_id":null,"content_hierarchy":[]},"links":[[[{"start":0,"end":21,"url":null,"entity_id":"Q753116","candidates":[]}],[],[]],[[{"start":0,"end":13,"url":null,"entity_id":"Q752509","candidates":[]}],[],[]],[[{"start":0,"end":17,"url":null,"entity_id":"Q746295","candidates":[]}],[],[]],[[{"start":0,"end":12,"url":null,"entity_id":"Q729425","candidates":[]}],[],[]],[[{"start":0,"end":23,"url":null,"entity_id":"Q686866","candidates":[]}],[],[]],[[{"start":0,"end":13,"url":null,"entity_id":"Q650722","candidates":[]}],[],[]],[[{"start":0,"end":16,"url":null,"entity_id":"Q644089","candidates":[]}],[],[]],[[{"start":0,"end":12,"url":null,"entity_id":"Q610299","candidates":[]}],[],[]],[[{"start":0,"end":15,"url":null,"entity_id":"Q609120","candidates":[]}],[],[]],[[{"start":0,"end":12,"url":null,"entity_id":"Q600472","candidates":[]}],[],[]],[[{"start":0,"end":18,"url":null,"entity_id":"Q588421","candidates":[]}],[],[]],[[{"start":0,"end":24,"url":null,"entity_id":"Q390105","candidates":[]}],[],[]],[[{"start":0,"end":18,"url":null,"entity_id":"Q378000","candidates":[]}],[],[]],[[{"start":0,"end":17,"url":null,"entity_id":"Q377295","candidates":[]}],[],[]],[[{"start":0,"end":23,"url":null,"entity_id":"Q284224","candidates":[]}],[],[]],[[{"start":0,"end":13,"url":null,"entity_id":"Q252117","candidates":[]}],[],[]],[[{"start":0,"end":17,"url":null,"entity_id":"Q133644","candidates":[]}],[],[]],[[{"start":0,"end":15,"url":null,"entity_id":"Q133640","candidates":[]}],[],[]],[[{"start":0,"end":20,"url":null,"entity_id":"Q24208","candidates":[]}],[],[]],[[{"start":0,"end":14,"url":null,"entity_id":"Q753429","candidates":[]}],[],[]]]}