[{"version":1,"nodes":[{"col_index":0,"label":"col0","id":0},{"col_index":1,"label":"col1","id":1},{"col_index":2,"label":"col2","id":2},{"col_index":3,"label":"col3","id":3},{"abs_uri":"http://www.wikidata.org/entity/Q748019","rel_uri":"wd:Q748019","approximation":false,"readable_label":"scientific society (Q748019)","id":4},{"abs_uri":"http://www.wikidata.org/entity/Q1549591","rel_uri":"wd:Q1549591","approximation":false,"readable_label":"big city (Q1549591)","id":5}],"edges":[{"source":4,"target":0,"abs_uri":"http://www.w3.org/2000/01/rdf-schema#label","rel_uri":"rdfs:label","approximation":false,"readable_label":"rdfs:label","id":0},{"source":5,"target":1,"abs_uri":"http://www.w3.org/2000/01/rdf-schema#label","rel_uri":"rdfs:label","approximation":false,"readable_label":"rdfs:label","id":1},{"source":4,"target":5,"abs_uri":"http://www.wikidata.org/prop/P159","rel_uri":"p:P159","approximation":false,"readable_label":"headquarters location (P159)","id":2},{"source":4,"target":2,"abs_uri":"http://www.wikidata.org/prop/P1454","rel_uri":"p:P1454","approximation":false,"readable_label":"legal form (P1454)","id":3},{"source":4,"target":3,"abs_uri":"http://www.wikidata.org/prop/P101","rel_uri":"p:P101","approximation":false,"readable_label":"field of work (P101)","id":4}]}]