[{"version":1,"nodes":[{"col_index":0,"label":"col0","id":0},{"col_index":1,"label":"col1","id":1},{"col_index":2,"label":"col2","id":2},{"col_index":3,"label":"col3","id":3},{"abs_uri":"http://www.wikidata.org/entity/Q11483816","rel_uri":"wd:Q11483816","approximation":false,"readable_label":"annual event (Q11483816)","id":4},{"abs_uri":"http://www.wikidata.org/entity/Q47018901","rel_uri":"wd:Q47018901","approximation":false,"readable_label":"calendar month (Q47018901)","id":5},{"abs_uri":"http://www.wikidata.org/entity/Q653038","rel_uri":"wd:Q653038","approximation":false,"readable_label":"Foire Internationale d'Art Contemporain (Q653038)","id":6}],"edges":[{"source":4,"target":0,"abs_uri":"http://www.w3.org/2000/01/rdf-schema#label","rel_uri":"rdfs:label","approximation":false,"readable_label":"rdfs:label","id":0},{"source":5,"target":2,"abs_uri":"http://www.w3.org/2000/01/rdf-schema#label","rel_uri":"rdfs:label","approximation":false,"readable_label":"rdfs:label","id":1},{"source":6,"target":3,"abs_uri":"http://www.w3.org/2000/01/rdf-schema#label","rel_uri":"rdfs:label","approximation":false,"readable_label":"rdfs:label","id":2},{"source":4,"target":1,"abs_uri":"http://www.wikidata.org/prop/P921","rel_uri":"p:P921","approximation":false,"readable_label":"main subject (P921)","id":3},{"source":4,"target":5,"abs_uri":"http://www.wikidata.org/prop/P2922","rel_uri":"p:P2922","approximation":false,"readable_label":"month of the year (P2922)","id":4},{"source":4,"target":6,"abs_uri":"http://www.wikidata.org/prop/P527","rel_uri":"p:P527","approximation":false,"readable_label":"has part(s) (P527)","id":5}]}]