{"version":"1.2","table":{"version":"2","table_id":"9PDCAL9K","columns":[{"index":0,"name":"col0","values":["(496315) 2013 GP136","2013 JQ64","2013 JH64","(527603) 2007 VJ305","2005 SD278","2012 KU50","(508338) 2015 SO20","2013 RF98","(495189) 2012 VR113","2013 RB98","(472262) 2014 QN441","2014 QL441","2003 QK91","2003 SS422","2004 PA108","2001 KZ76","2004 PD112","2006 HV122","2006 HQ122","2001 KG76"]},{"index":1,"name":"col1","values":["6.6","6.3","5.8","6.6","6.5","6.3","6.4","8.64","6.6","6.6","6.7","6.5","6.8","7.1","6.3","7.8","6.06","6.1","6.3","6.2"]},{"index":2,"name":"col2","values":["Outer Solar System Origins Survey","Outer Solar System Origins Survey","Outer Solar System Origins Survey","Andrew C. Becker","Andrew C. Becker","Meg Schwamb","Meg Schwamb","The Dark Energy Survey","The Dark Energy Survey","The Dark Energy Survey","The Dark Energy Survey","The Dark Energy Survey","Marc W. Buie","Marc W. Buie","Marc W. Buie","Marc W. Buie","Marc W. Buie","Marc W. Buie","Marc W. Buie","Marc W. Buie"]}]},"context":{"page_title":null,"page_url":null,"page_entity_id":null,"content_hierarchy":[]},"links":[[[{"start":0,"end":19,"url":null,"entity_id":"Q22231120","candidates":[]}],[],[{"start":0,"end":33,"url":null,"entity_id":"Q22231242","candidates":[]}]],[[{"start":0,"end":9,"url":null,"entity_id":"Q22230768","candidates":[]}],[],[{"start":0,"end":33,"url":null,"entity_id":"Q22231242","candidates":[]}]],[[{"start":0,"end":9,"url":null,"entity_id":"Q22217304","candidates":[]}],[],[{"start":0,"end":33,"url":null,"entity_id":"Q22231242","candidates":[]}]],[[{"start":0,"end":19,"url":null,"entity_id":"Q18814460","candidates":[]}],[],[{"start":0,"end":16,"url":null,"entity_id":"Q21207285","candidates":[]}]],[[{"start":0,"end":10,"url":null,"entity_id":"Q18759430","candidates":[]}],[],[{"start":0,"end":16,"url":null,"entity_id":"Q21207285","candidates":[]}]],[[{"start":0,"end":9,"url":null,"entity_id":"Q22256813","candidates":[]}],[],[{"start":0,"end":11,"url":null,"entity_id":"Q12036333","candidates":[]}]],[[{"start":0,"end":18,"url":null,"entity_id":"Q21517122","candidates":[]}],[],[{"start":0,"end":11,"url":null,"entity_id":"Q12036333","candidates":[]}]],[[{"start":0,"end":9,"url":null,"entity_id":"Q22236343","candidates":[]}],[],[{"start":0,"end":22,"url":null,"entity_id":"Q7728930","candidates":[]}]],[[{"start":0,"end":19,"url":null,"entity_id":"Q21198337","candidates":[]}],[],[{"start":0,"end":22,"url":null,"entity_id":"Q7728930","candidates":[]}]],[[{"start":0,"end":9,"url":null,"entity_id":"Q21084492","candidates":[]}],[],[{"start":0,"end":22,"url":null,"entity_id":"Q7728930","candidates":[]}]],[[{"start":0,"end":19,"url":null,"entity_id":"Q19360968","candidates":[]}],[],[{"start":0,"end":22,"url":null,"entity_id":"Q7728930","candidates":[]}]],[[{"start":0,"end":10,"url":null,"entity_id":"Q19312137","candidates":[]}],[],[{"start":0,"end":22,"url":null,"entity_id":"Q7728930","candidates":[]}]],[[{"start":0,"end":9,"url":null,"entity_id":"Q23723805","candidates":[]}],[],[{"start":0,"end":12,"url":null,"entity_id":"Q1339888","candidates":[]}]],[[{"start":0,"end":10,"url":null,"entity_id":"Q22236333","candidates":[]}],[],[{"start":0,"end":12,"url":null,"entity_id":"Q1339888","candidates":[]}]],[[{"start":0,"end":10,"url":null,"entity_id":"Q21571409","candidates":[]}],[],[{"start":0,"end":12,"url":null,"entity_id":"Q1339888","candidates":[]}]],[[{"start":0,"end":9,"url":null,"entity_id":"Q20831181","candidates":[]}],[],[{"start":0,"end":12,"url":null,"entity_id":"Q1339888","candidates":[]}]],[[{"start":0,"end":10,"url":null,"entity_id":"Q20653745","candidates":[]}],[],[{"start":0,"end":12,"url":null,"entity_id":"Q1339888","candidates":[]}]],[[{"start":0,"end":10,"url":null,"entity_id":"Q20157120","candidates":[]}],[],[{"start":0,"end":12,"url":null,"entity_id":"Q1339888","candidates":[]}]],[[{"start":0,"end":10,"url":null,"entity_id":"Q19966922","candidates":[]}],[],[{"start":0,"end":12,"url":null,"entity_id":"Q1339888","candidates":[]}]],[[{"start":0,"end":9,"url":null,"entity_id":"Q19408539","candidates":[]}],[],[{"start":0,"end":12,"url":null,"entity_id":"Q1339888","candidates":[]}]]]}