{"version":"1.2","table":{"version":"2","table_id":"9S3HS0DS","columns":[{"index":0,"name":"col0","values":["1896 Paris – Roubaix","1971 Paris–Roubaix","1999 Paris–Roubaix","2001 Paris–Roubaix","2008 Paris–Roubaix","2004 Paris–Roubaix","2007 Paris–Roubaix","2005 Paris–Roubaix","2009 Paris–Roubaix","2002 Paris–Roubaix","2006 Paris–Roubaix","2012 Paris–Roubaix","2011 Paris–Roubaix","2000 Paris–Roubaix","1980 Paris–Roubaix","2003 Paris–Roubaix","1947 Paris–Roubaix","2010 Paris–Roubaix","1953 Paris–Roubaix","1966 Paris–Roubaix"]},{"index":1,"name":"col1","values":["Porte Maillot","Compiègne","Compiègne","Compiègne","Compiègne","Compiègne","Compiègne","Compiègne","Compiègne","Compiègne","Compiègne","Compiègne","Compiègne","Compiègne","Compiègne","Compiègne","Compiègne","Compiègne","Paris","Paris"]},{"index":2,"name":"col2","values":["1896-04-19","1971-04-18","1999-04-11","2001-04-15","2008-04-13","2004-04-11","2007-04-15","2005-04-10","2009-04-12","2002-04-14","2006-04-09","2012-04-08","2011-04-10","2000-04-09","1980-04-13","2003-04-13","1947-04-06","2010-04-11","1953-04-12","1966-04-17"]}]},"context":{"page_title":null,"page_url":null,"page_entity_id":null,"content_hierarchy":[]},"links":[[[{"start":0,"end":20,"url":null,"entity_id":"Q2747041","candidates":[]}],[{"start":0,"end":13,"url":null,"entity_id":"Q2319870","candidates":[]}],[]],[[{"start":0,"end":18,"url":null,"entity_id":"Q3112623","candidates":[]}],[{"start":0,"end":9,"url":null,"entity_id":"Q180871","candidates":[]}],[]],[[{"start":0,"end":18,"url":null,"entity_id":"Q2707936","candidates":[]}],[{"start":0,"end":9,"url":null,"entity_id":"Q180871","candidates":[]}],[]],[[{"start":0,"end":18,"url":null,"entity_id":"Q2634162","candidates":[]}],[{"start":0,"end":9,"url":null,"entity_id":"Q180871","candidates":[]}],[]],[[{"start":0,"end":18,"url":null,"entity_id":"Q2188152","candidates":[]}],[{"start":0,"end":9,"url":null,"entity_id":"Q180871","candidates":[]}],[]],[[{"start":0,"end":18,"url":null,"entity_id":"Q2185788","candidates":[]}],[{"start":0,"end":9,"url":null,"entity_id":"Q180871","candidates":[]}],[]],[[{"start":0,"end":18,"url":null,"entity_id":"Q2103522","candidates":[]}],[{"start":0,"end":9,"url":null,"entity_id":"Q180871","candidates":[]}],[]],[[{"start":0,"end":18,"url":null,"entity_id":"Q2096075","candidates":[]}],[{"start":0,"end":9,"url":null,"entity_id":"Q180871","candidates":[]}],[]],[[{"start":0,"end":18,"url":null,"entity_id":"Q1969113","candidates":[]}],[{"start":0,"end":9,"url":null,"entity_id":"Q180871","candidates":[]}],[]],[[{"start":0,"end":18,"url":null,"entity_id":"Q1931821","candidates":[]}],[{"start":0,"end":9,"url":null,"entity_id":"Q180871","candidates":[]}],[]],[[{"start":0,"end":18,"url":null,"entity_id":"Q1856183","candidates":[]}],[{"start":0,"end":9,"url":null,"entity_id":"Q180871","candidates":[]}],[]],[[{"start":0,"end":18,"url":null,"entity_id":"Q938073","candidates":[]}],[{"start":0,"end":9,"url":null,"entity_id":"Q180871","candidates":[]}],[]],[[{"start":0,"end":18,"url":null,"entity_id":"Q904052","candidates":[]}],[{"start":0,"end":9,"url":null,"entity_id":"Q180871","candidates":[]}],[]],[[{"start":0,"end":18,"url":null,"entity_id":"Q732888","candidates":[]}],[{"start":0,"end":9,"url":null,"entity_id":"Q180871","candidates":[]}],[]],[[{"start":0,"end":18,"url":null,"entity_id":"Q671290","candidates":[]}],[{"start":0,"end":9,"url":null,"entity_id":"Q180871","candidates":[]}],[]],[[{"start":0,"end":18,"url":null,"entity_id":"Q668653","candidates":[]}],[{"start":0,"end":9,"url":null,"entity_id":"Q180871","candidates":[]}],[]],[[{"start":0,"end":18,"url":null,"entity_id":"Q648955","candidates":[]}],[{"start":0,"end":9,"url":null,"entity_id":"Q180871","candidates":[]}],[]],[[{"start":0,"end":18,"url":null,"entity_id":"Q602725","candidates":[]}],[{"start":0,"end":9,"url":null,"entity_id":"Q180871","candidates":[]}],[]],[[{"start":0,"end":18,"url":null,"entity_id":"Q929789","candidates":[]}],[{"start":0,"end":5,"url":null,"entity_id":"Q90","candidates":[]}],[]],[[{"start":0,"end":18,"url":null,"entity_id":"Q922750","candidates":[]}],[{"start":0,"end":5,"url":null,"entity_id":"Q90","candidates":[]}],[]]]}