{"version":"1.2","table":{"version":"2","table_id":"9TIKKJ2K","columns":[{"index":0,"name":"col0","values":["ponte Giustiniani","ponte Priuli o de le Convertite","Pont du Gard","Göltzsch Viaduct","Pont d'Aël","Nyons Bridge","Oberbaum Bridge","Žampach viaduct","Pont del Diable","Stari Most","Sangarius Bridge","Charles Bridge","Ponte d'Augusto","Tanners' Bridge","Puente Nuevo","Konitsa bridge","Ponte delle Guglie","Pont-Saint-Martin","Severan Bridge","Syratalviadukt"]},{"index":1,"name":"col1","values":["brick","concrete","shelly limestone","brick","stone","stone","stone","stone","stone","stone","stone","sandstone","marble","stone","rock","stone","Istrian stone","stone","stone","stone"]},{"index":2,"name":"col2","values":["2.06","2.79","48","78","66","19","4.5","41.73","21","24","10","13","30","35","98","19.25","3.75","20","34","18"]}]},"context":{"page_title":null,"page_url":null,"page_entity_id":null,"content_hierarchy":[]},"links":[[[{"start":0,"end":17,"url":null,"entity_id":"Q56755247","candidates":[]}],[{"start":0,"end":5,"url":null,"entity_id":"Q40089","candidates":[]}],[]],[[{"start":0,"end":31,"url":null,"entity_id":"Q56825113","candidates":[]}],[{"start":0,"end":8,"url":null,"entity_id":"Q22657","candidates":[]}],[]],[[{"start":0,"end":12,"url":null,"entity_id":"Q189764","candidates":[]}],[{"start":0,"end":16,"url":null,"entity_id":"Q2933645","candidates":[]}],[]],[[{"start":0,"end":16,"url":null,"entity_id":"Q707706","candidates":[]}],[{"start":0,"end":5,"url":null,"entity_id":"Q40089","candidates":[]}],[]],[[{"start":0,"end":10,"url":null,"entity_id":"Q844246","candidates":[]}],[{"start":0,"end":5,"url":null,"entity_id":"Q22731","candidates":[]}],[]],[[{"start":0,"end":12,"url":null,"entity_id":"Q841763","candidates":[]}],[{"start":0,"end":5,"url":null,"entity_id":"Q22731","candidates":[]}],[]],[[{"start":0,"end":15,"url":null,"entity_id":"Q695082","candidates":[]}],[{"start":0,"end":5,"url":null,"entity_id":"Q22731","candidates":[]}],[]],[[{"start":0,"end":15,"url":null,"entity_id":"Q393375","candidates":[]}],[{"start":0,"end":5,"url":null,"entity_id":"Q22731","candidates":[]}],[]],[[{"start":0,"end":15,"url":null,"entity_id":"Q250523","candidates":[]}],[{"start":0,"end":5,"url":null,"entity_id":"Q22731","candidates":[]}],[]],[[{"start":0,"end":10,"url":null,"entity_id":"Q188528","candidates":[]}],[{"start":0,"end":5,"url":null,"entity_id":"Q22731","candidates":[]}],[]],[[{"start":0,"end":16,"url":null,"entity_id":"Q144629","candidates":[]}],[{"start":0,"end":5,"url":null,"entity_id":"Q22731","candidates":[]}],[]],[[{"start":0,"end":14,"url":null,"entity_id":"Q204871","candidates":[]}],[{"start":0,"end":9,"url":null,"entity_id":"Q13085","candidates":[]}],[]],[[{"start":0,"end":15,"url":null,"entity_id":"Q2103779","candidates":[]}],[{"start":0,"end":6,"url":null,"entity_id":"Q40861","candidates":[]}],[]],[[{"start":0,"end":15,"url":null,"entity_id":"Q1630016","candidates":[]}],[{"start":0,"end":5,"url":null,"entity_id":"Q22731","candidates":[]}],[]],[[{"start":0,"end":12,"url":null,"entity_id":"Q2004707","candidates":[]}],[{"start":0,"end":4,"url":null,"entity_id":"Q8063","candidates":[]}],[]],[[{"start":0,"end":14,"url":null,"entity_id":"Q47188001","candidates":[]}],[{"start":0,"end":5,"url":null,"entity_id":"Q22731","candidates":[]}],[]],[[{"start":0,"end":18,"url":null,"entity_id":"Q1268698","candidates":[]}],[{"start":0,"end":13,"url":null,"entity_id":"Q1401767","candidates":[]}],[]],[[{"start":0,"end":17,"url":null,"entity_id":"Q1339290","candidates":[]}],[{"start":0,"end":5,"url":null,"entity_id":"Q22731","candidates":[]}],[]],[[{"start":0,"end":14,"url":null,"entity_id":"Q1058264","candidates":[]}],[{"start":0,"end":5,"url":null,"entity_id":"Q22731","candidates":[]}],[]],[[{"start":0,"end":14,"url":null,"entity_id":"Q980401","candidates":[]}],[{"start":0,"end":5,"url":null,"entity_id":"Q22731","candidates":[]}],[]]]}