{"version":"1.2","table":{"version":"2","table_id":"9U35RHRT","columns":[{"index":0,"name":"col0","values":["Embassy of Germany, Paris","Embassy of Lesotho in Germany","Embassy of Italy","German Embassy, Beijing","Embassy of Poland, Prague","embassy of Eritrea in Germany","Embassy of Germany, Tirana","Embassy of the Netherlands, Maputo","Embassy of  Turkey, Tehran","Embassy of Australia, Tehran","Uzbek Embassy, Berlin","Embassy of the United Kingdom, Madrid","Embassy of Bosnia and Herzegovina in Berlin","Embassy of Germany, Tel Aviv","Embassy of Belarus in Washington, D.C.","Embassy of Ukraine, Tallinn","Embassy of Serbia, London","Embassy of Germany, Wellington","Embassy of Germany, Abuja","Embassy of Germany, Canberra"]},{"index":1,"name":"col1","values":["Paris","Berlin","London","Beijing","Prague","Pankow","Tirana","Maputo","Tehran","Tehran","Berlin","Madrid","Berlin","Tel Aviv","Washington, D.C.","Tallinn City","London","Wellington City","Abuja Municipal","Yarralumla"]},{"index":2,"name":"col2","values":["Hôtel Beauharnais","Tiergarten","Mayfair","People's Republic of China","Furstenberg Palace","Pankow","Tirana","Maputo","Tehran","Tehran","Ballhaus Tiergarten","Torre Espacio","Prenzlauer Berg","Daniel Frisch Tower","Dupont Circle","Kadriorg","Mayfair","Wellington","Abuja","Canberra"]}]},"context":{"page_title":null,"page_url":null,"page_entity_id":null,"content_hierarchy":[]},"links":[[[{"start":0,"end":25,"url":null,"entity_id":"Q15953187","candidates":[]}],[{"start":0,"end":5,"url":null,"entity_id":"Q90","candidates":[]}],[{"start":0,"end":17,"url":null,"entity_id":"Q966399","candidates":[]}]],[[{"start":0,"end":29,"url":null,"entity_id":"Q16303694","candidates":[]}],[{"start":0,"end":6,"url":null,"entity_id":"Q64","candidates":[]}],[{"start":0,"end":10,"url":null,"entity_id":"Q328672","candidates":[]}]],[[{"start":0,"end":16,"url":null,"entity_id":"Q15636196","candidates":[]}],[{"start":0,"end":6,"url":null,"entity_id":"Q84","candidates":[]}],[{"start":0,"end":7,"url":null,"entity_id":"Q124184","candidates":[]}]],[[{"start":0,"end":23,"url":null,"entity_id":"Q15916341","candidates":[]}],[{"start":0,"end":7,"url":null,"entity_id":"Q956","candidates":[]}],[{"start":0,"end":26,"url":null,"entity_id":"Q148","candidates":[]}]],[[{"start":0,"end":25,"url":null,"entity_id":"Q27048052","candidates":[]}],[{"start":0,"end":6,"url":null,"entity_id":"Q1085","candidates":[]}],[{"start":0,"end":18,"url":null,"entity_id":"Q3486527","candidates":[]}]],[[{"start":0,"end":29,"url":null,"entity_id":"Q16735620","candidates":[]}],[{"start":0,"end":6,"url":null,"entity_id":"Q163012","candidates":[]}],[{"start":0,"end":6,"url":null,"entity_id":"Q4707648","candidates":[]}]],[[{"start":0,"end":26,"url":null,"entity_id":"Q15109295","candidates":[]}],[{"start":0,"end":6,"url":null,"entity_id":"Q19689","candidates":[]}],[{"start":0,"end":6,"url":null,"entity_id":"Q19689","candidates":[]}]],[[{"start":0,"end":34,"url":null,"entity_id":"Q15629900","candidates":[]}],[{"start":0,"end":6,"url":null,"entity_id":"Q3889","candidates":[]}],[{"start":0,"end":6,"url":null,"entity_id":"Q3889","candidates":[]}]],[[{"start":0,"end":26,"url":null,"entity_id":"Q25425131","candidates":[]}],[{"start":0,"end":6,"url":null,"entity_id":"Q3616","candidates":[]}],[{"start":0,"end":6,"url":null,"entity_id":"Q3616","candidates":[]}]],[[{"start":0,"end":28,"url":null,"entity_id":"Q25425121","candidates":[]}],[{"start":0,"end":6,"url":null,"entity_id":"Q3616","candidates":[]}],[{"start":0,"end":6,"url":null,"entity_id":"Q3616","candidates":[]}]],[[{"start":0,"end":21,"url":null,"entity_id":"Q22582789","candidates":[]}],[{"start":0,"end":6,"url":null,"entity_id":"Q64","candidates":[]}],[{"start":0,"end":19,"url":null,"entity_id":"Q23786647","candidates":[]}]],[[{"start":0,"end":37,"url":null,"entity_id":"Q20921797","candidates":[]}],[{"start":0,"end":6,"url":null,"entity_id":"Q2807","candidates":[]}],[{"start":0,"end":13,"url":null,"entity_id":"Q1364354","candidates":[]}]],[[{"start":0,"end":43,"url":null,"entity_id":"Q22572870","candidates":[]}],[{"start":0,"end":6,"url":null,"entity_id":"Q64","candidates":[]}],[{"start":0,"end":15,"url":null,"entity_id":"Q313186","candidates":[]}]],[[{"start":0,"end":28,"url":null,"entity_id":"Q5369700","candidates":[]}],[{"start":0,"end":8,"url":null,"entity_id":"Q33935","candidates":[]}],[{"start":0,"end":19,"url":null,"entity_id":"Q6587205","candidates":[]}]],[[{"start":0,"end":38,"url":null,"entity_id":"Q5369567","candidates":[]}],[{"start":0,"end":16,"url":null,"entity_id":"Q61","candidates":[]}],[{"start":0,"end":13,"url":null,"entity_id":"Q1266597","candidates":[]}]],[[{"start":0,"end":27,"url":null,"entity_id":"Q5369909","candidates":[]}],[{"start":0,"end":12,"url":null,"entity_id":"Q4450503","candidates":[]}],[{"start":0,"end":8,"url":null,"entity_id":"Q595824","candidates":[]}]],[[{"start":0,"end":25,"url":null,"entity_id":"Q5369856","candidates":[]}],[{"start":0,"end":6,"url":null,"entity_id":"Q84","candidates":[]}],[{"start":0,"end":7,"url":null,"entity_id":"Q124184","candidates":[]}]],[[{"start":0,"end":30,"url":null,"entity_id":"Q5369702","candidates":[]}],[{"start":0,"end":15,"url":null,"entity_id":"Q47037646","candidates":[]}],[{"start":0,"end":10,"url":null,"entity_id":"Q23661","candidates":[]}]],[[{"start":0,"end":25,"url":null,"entity_id":"Q5369691","candidates":[]}],[{"start":0,"end":15,"url":null,"entity_id":"Q28468899","candidates":[]}],[{"start":0,"end":5,"url":null,"entity_id":"Q3787","candidates":[]}]],[[{"start":0,"end":28,"url":null,"entity_id":"Q5369695","candidates":[]}],[{"start":0,"end":10,"url":null,"entity_id":"Q471064","candidates":[]}],[{"start":0,"end":8,"url":null,"entity_id":"Q3114","candidates":[]}]]]}