{"version":"1.2","table":{"version":"2","table_id":"9V62GO1Q","columns":[{"index":0,"name":"col0","values":["Sagua La Grdnde","Colón","Gucnabacoa","Jagüey Grane","Jovellans","Fiez de Octubre","La Palpa","Qvivicáp","Plaza de la Reolución","Playa","Yara","Arroy Naranjo","Mjagua","Los Placios","Sbn Luis","Barauá","San Juan y Martínez, Euba","Haband del Este","Songo!– La Maya","Tercet Frente"]},{"index":1,"name":"col1","values":["53607.770000000004","71496.0","115525.54","88209.855","59271.85","227293.0","35487.384","29428.518","148380.156","174166.242","58939.68","209002.735","26964.149999999998","38537.345","32774.688","32612.819","44166.624","172384.08","100186.713","30639.742"]},{"index":2,"name":"col2","values":["15.044999999999998","59.64","95.0","135.67499999999998","45.404999999999994","63.440999999999995","49.85","50.349999999999994","29.88","30.089999999999996","29.94","84.235","110.0","44.595","24.925","5.015","20.139999999999997","18.943","224.775","225.45"]}]},"context":{"page_title":null,"page_url":null,"page_entity_id":null,"content_hierarchy":[]},"links":[[[{"start":0,"end":15,"url":null,"entity_id":"Q5030","candidates":[]}],[],[]],[[{"start":0,"end":5,"url":null,"entity_id":"Q5029","candidates":[]}],[],[]],[[{"start":0,"end":10,"url":null,"entity_id":"Q2723864","candidates":[]}],[],[]],[[{"start":0,"end":12,"url":null,"entity_id":"Q2573456","candidates":[]}],[],[]],[[{"start":0,"end":9,"url":null,"entity_id":"Q2573404","candidates":[]}],[],[]],[[{"start":0,"end":15,"url":null,"entity_id":"Q2397948","candidates":[]}],[],[]],[[{"start":0,"end":8,"url":null,"entity_id":"Q2234325","candidates":[]}],[],[]],[[{"start":0,"end":8,"url":null,"entity_id":"Q2123580","candidates":[]}],[],[]],[[{"start":0,"end":21,"url":null,"entity_id":"Q2099152","candidates":[]}],[],[]],[[{"start":0,"end":5,"url":null,"entity_id":"Q2066897","candidates":[]}],[],[]],[[{"start":0,"end":4,"url":null,"entity_id":"Q2061386","candidates":[]}],[],[]],[[{"start":0,"end":13,"url":null,"entity_id":"Q1936053","candidates":[]}],[],[]],[[{"start":0,"end":6,"url":null,"entity_id":"Q1886040","candidates":[]}],[],[]],[[{"start":0,"end":11,"url":null,"entity_id":"Q1870561","candidates":[]}],[],[]],[[{"start":0,"end":8,"url":null,"entity_id":"Q1817531","candidates":[]}],[],[]],[[{"start":0,"end":6,"url":null,"entity_id":"Q1816192","candidates":[]}],[],[]],[[{"start":0,"end":25,"url":null,"entity_id":"Q1716152","candidates":[]}],[],[]],[[{"start":0,"end":15,"url":null,"entity_id":"Q1566695","candidates":[]}],[],[]],[[{"start":0,"end":15,"url":null,"entity_id":"Q1193899","candidates":[]}],[],[]],[[{"start":0,"end":13,"url":null,"entity_id":"Q1193882","candidates":[]}],[],[]]]}