{"version":"1.2","table":{"version":"2","table_id":"9YK1LA68","columns":[{"index":0,"name":"col0","values":["benzene","(1Z)-1,2-dichloroethylene","(1E)-1,2-dichloroethylene","O-dichlorobenzene","1-nitropropane","O-nitrotoluene","bis(2-chloroethyl)ether","methacrylonitrile","1,2,4-trichlorobenzene","propylene oxide","trimethylamine","epichlorohydrin","methyl formate","cyanogen","propiolactone","allyl chloride","isopropyl acetate","nitroethane","(2E)-crotonaldehyde","nickel carbonyl"]},{"index":1,"name":"col1","values":["1.2","3","6","2.2","2.2","2.2","2.7","2","2.5","2.3","2","3.8","4.5","6.6","2.9","2.9","1.8","3.4","2.1","2"]},{"index":2,"name":"col2","values":["0.07","6.4","4.1","0.01","1","0.07","1","3","0.003","41","48","7","30","1","37","0.4","3","5","18","0.05"]}]},"context":{"page_title":null,"page_url":null,"page_entity_id":null,"content_hierarchy":[]},"links":[[[{"start":0,"end":7,"url":null,"entity_id":"Q2270","candidates":[]}],[],[]],[[{"start":0,"end":25,"url":null,"entity_id":"Q24716849","candidates":[]}],[],[]],[[{"start":0,"end":25,"url":null,"entity_id":"Q24716723","candidates":[]}],[],[]],[[{"start":0,"end":17,"url":null,"entity_id":"Q2609815","candidates":[]}],[],[]],[[{"start":0,"end":14,"url":null,"entity_id":"Q2567814","candidates":[]}],[],[]],[[{"start":0,"end":14,"url":null,"entity_id":"Q2533785","candidates":[]}],[],[]],[[{"start":0,"end":23,"url":null,"entity_id":"Q2509768","candidates":[]}],[],[]],[[{"start":0,"end":17,"url":null,"entity_id":"Q2088171","candidates":[]}],[],[]],[[{"start":0,"end":22,"url":null,"entity_id":"Q1876830","candidates":[]}],[],[]],[[{"start":0,"end":15,"url":null,"entity_id":"Q727742","candidates":[]}],[],[]],[[{"start":0,"end":14,"url":null,"entity_id":"Q423953","candidates":[]}],[],[]],[[{"start":0,"end":15,"url":null,"entity_id":"Q423083","candidates":[]}],[],[]],[[{"start":0,"end":14,"url":null,"entity_id":"Q422779","candidates":[]}],[],[]],[[{"start":0,"end":8,"url":null,"entity_id":"Q421724","candidates":[]}],[],[]],[[{"start":0,"end":13,"url":null,"entity_id":"Q420715","candidates":[]}],[],[]],[[{"start":0,"end":14,"url":null,"entity_id":"Q420473","candidates":[]}],[],[]],[[{"start":0,"end":17,"url":null,"entity_id":"Q419799","candidates":[]}],[],[]],[[{"start":0,"end":11,"url":null,"entity_id":"Q417316","candidates":[]}],[],[]],[[{"start":0,"end":19,"url":null,"entity_id":"Q416036","candidates":[]}],[],[]],[[{"start":0,"end":15,"url":null,"entity_id":"Q414537","candidates":[]}],[],[]]]}