{"version":"1.2","table":{"version":"2","table_id":"A08WSTRS","columns":[{"index":0,"name":"col0","values":["The New School","University of Maryland, Baltimore County","Drexel University","Syracuse University","University of Colorado Boulder","Clemson University","Dartmouth College","Cornell University","University of Southampton","Carnegie Mellon University","American University","University of Pittsburgh","University of Cincinnati","University of Pennsylvania","Brown University","National Taiwan University","Princeton University","University of Tokyo","University of Southern California","University of Chicago"]},{"index":1,"name":"col1","values":["Parsons The New School for Design","UMBC College of Arts, Humanities and Social Sciences","Office of Research, Drexel University","Maxwell School of Citizenship and Public Affairs","JILA","College of Health, Education, and Human Development, Clemson University","Department of Biological Sciences, Dartmouth College","Cornell Law School","Web Science Institute","Carnegie Mellon University in Qatar","American University Museum","University of Pittsburgh School of Medicine","Department of Sociology, McMicken College of Arts and Sciences","University of Pennsylvania Museum of Archaeology and Anthropology","Alpert Medical School","Yen Tjing Ling Industrial Research Institute, National Taiwan University","Princeton University Art Museum","Graduate School of Mathematical Sciences","Center for Quantum Information Science & Technology","University of Chicago Press"]},{"index":2,"name":"col2","values":["1919-01-01","1966-01-01","1891-01-01","1870-01-01","1876-01-01","1889-01-01","1769-12-24","1865-01-01","1862-01-01","1900-01-01","1893-01-01","1787-01-01","1819-01-01","1740-01-01","1765-01-01","1928-01-01","1746-01-01","1877-04-12","1880-10-06","1890-01-01"]},{"index":3,"name":"col3","values":["United States of America","United States of America","United States of America","United States of America","United States of America","United States of America","United States of America","United States of America","United Kingdom","United States of America","United States of America","United States of America","United States of America","United States of America","United States of America","Taiwan","United States of America","Japan","United States of America","United States of America"]},{"index":4,"name":"col4","values":["The New School University Center","The Baseball Factory Field at UMBC","Centennial National Bank","Carmelo K. Anthony Basketball Center","Folsom Field","Memorial Stadium, Clemson","Dartmouth Jack-O-Lantern","arXiv","South Stoneham House","Death Risk Rankings","WAMU","Petersen Events Center","Nippert Stadium","University of Pennsylvania Museum of Archaeology and Anthropology","Brown Stadium","PTT Bulletin Board System","Princeton University Library","Yasuda Auditorium","Galen Center","University of Chicago Press"]}]},"context":{"page_title":null,"page_url":null,"page_entity_id":null,"content_hierarchy":[]},"links":[[[{"start":0,"end":14,"url":null,"entity_id":"Q599316","candidates":[]}],[{"start":0,"end":33,"url":null,"entity_id":"Q1339626","candidates":[]}],[],[{"start":0,"end":24,"url":null,"entity_id":"Q30","candidates":[]}],[{"start":0,"end":32,"url":null,"entity_id":"Q27988191","candidates":[]}]],[[{"start":0,"end":40,"url":null,"entity_id":"Q735049","candidates":[]}],[{"start":0,"end":52,"url":null,"entity_id":"Q16982520","candidates":[]}],[],[{"start":0,"end":24,"url":null,"entity_id":"Q30","candidates":[]}],[{"start":0,"end":34,"url":null,"entity_id":"Q7715732","candidates":[]}]],[[{"start":0,"end":17,"url":null,"entity_id":"Q603034","candidates":[]}],[{"start":0,"end":37,"url":null,"entity_id":"Q45135620","candidates":[]}],[],[{"start":0,"end":24,"url":null,"entity_id":"Q30","candidates":[]}],[{"start":0,"end":24,"url":null,"entity_id":"Q5059186","candidates":[]}]],[[{"start":0,"end":19,"url":null,"entity_id":"Q617433","candidates":[]}],[{"start":0,"end":48,"url":null,"entity_id":"Q3302856","candidates":[]}],[],[{"start":0,"end":24,"url":null,"entity_id":"Q30","candidates":[]}],[{"start":0,"end":36,"url":null,"entity_id":"Q5043379","candidates":[]}]],[[{"start":0,"end":30,"url":null,"entity_id":"Q736674","candidates":[]}],[{"start":0,"end":4,"url":null,"entity_id":"Q1586184","candidates":[]}],[],[{"start":0,"end":24,"url":null,"entity_id":"Q30","candidates":[]}],[{"start":0,"end":12,"url":null,"entity_id":"Q3075131","candidates":[]}]],[[{"start":0,"end":18,"url":null,"entity_id":"Q631066","candidates":[]}],[{"start":0,"end":71,"url":null,"entity_id":"Q45134485","candidates":[]}],[],[{"start":0,"end":24,"url":null,"entity_id":"Q30","candidates":[]}],[{"start":0,"end":25,"url":null,"entity_id":"Q543579","candidates":[]}]],[[{"start":0,"end":17,"url":null,"entity_id":"Q49116","candidates":[]}],[{"start":0,"end":52,"url":null,"entity_id":"Q45131749","candidates":[]}],[],[{"start":0,"end":24,"url":null,"entity_id":"Q30","candidates":[]}],[{"start":0,"end":24,"url":null,"entity_id":"Q5225706","candidates":[]}]],[[{"start":0,"end":18,"url":null,"entity_id":"Q49115","candidates":[]}],[{"start":0,"end":18,"url":null,"entity_id":"Q845768","candidates":[]}],[],[{"start":0,"end":24,"url":null,"entity_id":"Q30","candidates":[]}],[{"start":0,"end":5,"url":null,"entity_id":"Q118398","candidates":[]}]],[[{"start":0,"end":25,"url":null,"entity_id":"Q76473","candidates":[]}],[{"start":0,"end":21,"url":null,"entity_id":"Q61897123","candidates":[]}],[],[{"start":0,"end":14,"url":null,"entity_id":"Q145","candidates":[]}],[{"start":0,"end":20,"url":null,"entity_id":"Q7568553","candidates":[]}]],[[{"start":0,"end":26,"url":null,"entity_id":"Q190080","candidates":[]}],[{"start":0,"end":35,"url":null,"entity_id":"Q890704","candidates":[]}],[],[{"start":0,"end":24,"url":null,"entity_id":"Q30","candidates":[]}],[{"start":0,"end":19,"url":null,"entity_id":"Q5247195","candidates":[]}]],[[{"start":0,"end":19,"url":null,"entity_id":"Q168000","candidates":[]}],[{"start":0,"end":26,"url":null,"entity_id":"Q4745303","candidates":[]}],[],[{"start":0,"end":24,"url":null,"entity_id":"Q30","candidates":[]}],[{"start":0,"end":4,"url":null,"entity_id":"Q3564603","candidates":[]}]],[[{"start":0,"end":24,"url":null,"entity_id":"Q235034","candidates":[]}],[{"start":0,"end":43,"url":null,"entity_id":"Q7896139","candidates":[]}],[],[{"start":0,"end":24,"url":null,"entity_id":"Q30","candidates":[]}],[{"start":0,"end":22,"url":null,"entity_id":"Q3377004","candidates":[]}]],[[{"start":0,"end":24,"url":null,"entity_id":"Q153265","candidates":[]}],[{"start":0,"end":62,"url":null,"entity_id":"Q45134530","candidates":[]}],[],[{"start":0,"end":24,"url":null,"entity_id":"Q30","candidates":[]}],[{"start":0,"end":15,"url":null,"entity_id":"Q3342107","candidates":[]}]],[[{"start":0,"end":26,"url":null,"entity_id":"Q49117","candidates":[]}],[{"start":0,"end":65,"url":null,"entity_id":"Q1285902","candidates":[]}],[],[{"start":0,"end":24,"url":null,"entity_id":"Q30","candidates":[]}],[{"start":0,"end":65,"url":null,"entity_id":"Q1285902","candidates":[]}]],[[{"start":0,"end":16,"url":null,"entity_id":"Q49114","candidates":[]}],[{"start":0,"end":21,"url":null,"entity_id":"Q4734850","candidates":[]}],[],[{"start":0,"end":24,"url":null,"entity_id":"Q30","candidates":[]}],[{"start":0,"end":13,"url":null,"entity_id":"Q4976267","candidates":[]}]],[[{"start":0,"end":26,"url":null,"entity_id":"Q32746","candidates":[]}],[{"start":0,"end":72,"url":null,"entity_id":"Q45133966","candidates":[]}],[],[{"start":0,"end":6,"url":null,"entity_id":"Q865","candidates":[]}],[{"start":0,"end":25,"url":null,"entity_id":"Q7121048","candidates":[]}]],[[{"start":0,"end":20,"url":null,"entity_id":"Q21578","candidates":[]}],[{"start":0,"end":31,"url":null,"entity_id":"Q2603905","candidates":[]}],[],[{"start":0,"end":24,"url":null,"entity_id":"Q30","candidates":[]}],[{"start":0,"end":28,"url":null,"entity_id":"Q3297681","candidates":[]}]],[[{"start":0,"end":19,"url":null,"entity_id":"Q7842","candidates":[]}],[{"start":0,"end":40,"url":null,"entity_id":"Q11524676","candidates":[]}],[],[{"start":0,"end":5,"url":null,"entity_id":"Q17","candidates":[]}],[{"start":0,"end":17,"url":null,"entity_id":"Q8191484","candidates":[]}]],[[{"start":0,"end":33,"url":null,"entity_id":"Q4614","candidates":[]}],[{"start":0,"end":51,"url":null,"entity_id":"Q5059837","candidates":[]}],[],[{"start":0,"end":24,"url":null,"entity_id":"Q30","candidates":[]}],[{"start":0,"end":12,"url":null,"entity_id":"Q3094568","candidates":[]}]],[[{"start":0,"end":21,"url":null,"entity_id":"Q131252","candidates":[]}],[{"start":0,"end":27,"url":null,"entity_id":"Q1814982","candidates":[]}],[],[{"start":0,"end":24,"url":null,"entity_id":"Q30","candidates":[]}],[{"start":0,"end":27,"url":null,"entity_id":"Q1814982","candidates":[]}]]]}