{"version":"1.2","table":{"version":"2","table_id":"A0N29DVA","columns":[{"index":0,"name":"col0","values":["Afghan aircraft fleet","Albanian Air Force helicopter fleet","Albanian airlifter fleet","Albanian fighter fleet","Spanish aircraft fleet","Afghan Air Force attack airplane fleet","Angolan aircraft fleet","Algerian aircraft fleet","Algerian Air Force aircraft fleet","Angolan Tucano fleet","United Airlines fleet","Royal Netherlands Air Force fleet","Netherlands F-16 fleet","Danish F-16 fleet","Argentine UH-1H fleet","Argentine F28 fleet","Northwest Airlines fleet","American Airlines fleet","Albanian Air Force aircraft fleet","Albanian MiG-15 fleet"]},{"index":1,"name":"col1","values":["Afghanistan","Albania","Albania","Albania","Spain","Afghanistan","Angola","Algeria","Algeria","Angola","United States of America","Kingdom of the Netherlands","Netherlands","Denmark","Argentina","Argentina","United States of America","United States of America","Albania","Albania"]},{"index":2,"name":"col2","values":["Afghan Armed Forces aircraft fleet","Albanian AS350B fleet","Albanian Il-14 fleet","Albanian F-7A fleet","Spanish Republican Air Force aircraft fleet","Su-20/22 in Afghan service","Angolan military aircraft fleet","Algerian helicopter fleet","Algerian Air Force airplane fleet","Angolan EMB 312 fleet","United Airlines Boeing 737 fleet","Netherlands F-16 fleet","Netherlands F-16A fleet","Danish F-16A fleet","Argentine Army UH-1H fleet","Argentine Navy F28 fleet","Northwest Airlines A320 family fleet","American Airlines A320 family fleet","Albanian Air Force helicopter fleet","CS-102"]}]},"context":{"page_title":null,"page_url":null,"page_entity_id":null,"content_hierarchy":[]},"links":[[[{"start":0,"end":21,"url":null,"entity_id":"Q20978192","candidates":[]}],[{"start":0,"end":11,"url":null,"entity_id":"Q889","candidates":[]}],[{"start":0,"end":34,"url":null,"entity_id":"Q20978190","candidates":[]}]],[[{"start":0,"end":35,"url":null,"entity_id":"Q20870723","candidates":[]}],[{"start":0,"end":7,"url":null,"entity_id":"Q222","candidates":[]}],[{"start":0,"end":21,"url":null,"entity_id":"Q17484344","candidates":[]}]],[[{"start":0,"end":24,"url":null,"entity_id":"Q20870817","candidates":[]}],[{"start":0,"end":7,"url":null,"entity_id":"Q222","candidates":[]}],[{"start":0,"end":20,"url":null,"entity_id":"Q17454307","candidates":[]}]],[[{"start":0,"end":22,"url":null,"entity_id":"Q20870798","candidates":[]}],[{"start":0,"end":7,"url":null,"entity_id":"Q222","candidates":[]}],[{"start":0,"end":19,"url":null,"entity_id":"Q17417557","candidates":[]}]],[[{"start":0,"end":22,"url":null,"entity_id":"Q67654445","candidates":[]}],[{"start":0,"end":5,"url":null,"entity_id":"Q29","candidates":[]}],[{"start":0,"end":43,"url":null,"entity_id":"Q67654366","candidates":[]}]],[[{"start":0,"end":38,"url":null,"entity_id":"Q65924066","candidates":[]}],[{"start":0,"end":11,"url":null,"entity_id":"Q889","candidates":[]}],[{"start":0,"end":26,"url":null,"entity_id":"Q17440400","candidates":[]}]],[[{"start":0,"end":22,"url":null,"entity_id":"Q24206789","candidates":[]}],[{"start":0,"end":6,"url":null,"entity_id":"Q916","candidates":[]}],[{"start":0,"end":31,"url":null,"entity_id":"Q24206784","candidates":[]}]],[[{"start":0,"end":23,"url":null,"entity_id":"Q24175570","candidates":[]}],[{"start":0,"end":7,"url":null,"entity_id":"Q262","candidates":[]}],[{"start":0,"end":25,"url":null,"entity_id":"Q24175577","candidates":[]}]],[[{"start":0,"end":33,"url":null,"entity_id":"Q24175613","candidates":[]}],[{"start":0,"end":7,"url":null,"entity_id":"Q262","candidates":[]}],[{"start":0,"end":33,"url":null,"entity_id":"Q20880195","candidates":[]}]],[[{"start":0,"end":20,"url":null,"entity_id":"Q24248526","candidates":[]}],[{"start":0,"end":6,"url":null,"entity_id":"Q916","candidates":[]}],[{"start":0,"end":21,"url":null,"entity_id":"Q17416974","candidates":[]}]],[[{"start":0,"end":21,"url":null,"entity_id":"Q21034543","candidates":[]}],[{"start":0,"end":24,"url":null,"entity_id":"Q30","candidates":[]}],[{"start":0,"end":32,"url":null,"entity_id":"Q21084524","candidates":[]}]],[[{"start":0,"end":33,"url":null,"entity_id":"Q21070962","candidates":[]}],[{"start":0,"end":26,"url":null,"entity_id":"Q29999","candidates":[]}],[{"start":0,"end":22,"url":null,"entity_id":"Q21070938","candidates":[]}]],[[{"start":0,"end":22,"url":null,"entity_id":"Q21070938","candidates":[]}],[{"start":0,"end":11,"url":null,"entity_id":"Q55","candidates":[]}],[{"start":0,"end":23,"url":null,"entity_id":"Q21070913","candidates":[]}]],[[{"start":0,"end":17,"url":null,"entity_id":"Q21070548","candidates":[]}],[{"start":0,"end":7,"url":null,"entity_id":"Q35","candidates":[]}],[{"start":0,"end":18,"url":null,"entity_id":"Q21070609","candidates":[]}]],[[{"start":0,"end":21,"url":null,"entity_id":"Q17444783","candidates":[]}],[{"start":0,"end":9,"url":null,"entity_id":"Q414","candidates":[]}],[{"start":0,"end":26,"url":null,"entity_id":"Q24491577","candidates":[]}]],[[{"start":0,"end":19,"url":null,"entity_id":"Q17444689","candidates":[]}],[{"start":0,"end":9,"url":null,"entity_id":"Q414","candidates":[]}],[{"start":0,"end":24,"url":null,"entity_id":"Q24289561","candidates":[]}]],[[{"start":0,"end":24,"url":null,"entity_id":"Q7059926","candidates":[]}],[{"start":0,"end":24,"url":null,"entity_id":"Q30","candidates":[]}],[{"start":0,"end":36,"url":null,"entity_id":"Q21150606","candidates":[]}]],[[{"start":0,"end":23,"url":null,"entity_id":"Q4742966","candidates":[]}],[{"start":0,"end":24,"url":null,"entity_id":"Q30","candidates":[]}],[{"start":0,"end":35,"url":null,"entity_id":"Q21139577","candidates":[]}]],[[{"start":0,"end":33,"url":null,"entity_id":"Q6560885","candidates":[]}],[{"start":0,"end":7,"url":null,"entity_id":"Q222","candidates":[]}],[{"start":0,"end":35,"url":null,"entity_id":"Q20870723","candidates":[]}]],[[{"start":0,"end":21,"url":null,"entity_id":"Q17448125","candidates":[]}],[{"start":0,"end":7,"url":null,"entity_id":"Q222","candidates":[]}],[{"start":0,"end":6,"url":null,"entity_id":"Q17447576","candidates":[]}]]]}