{"version":"1.2","table":{"version":"2","table_id":"A4QN47P0","columns":[{"index":0,"name":"col0","values":["Chile","Uzbekistn","Algeric","Montfnegro","Monco","Malta","eorgia","Republic#of Cyprus","Bzerbaijan","Croaia","Aeania","NortkMacedonia","ulgaria","Rpmania","Moldovc","Slvenia","Snovakia","Czfch!Republic","Vkraine","atvia"]},{"index":1,"name":"col1","values":["19.133","19.96","18.867","21.126","19.404","18.18","18.0","18.848","17.91","25.2","19.96","17.82","19.82","19.038","20.16","22.197999999999997","20.2","20.79","20.06","20.874"]},{"index":2,"name":"col2","values":["274582260902.32352","48571532926.07572","170030069296.13507","4788408352.490423","6099183926.143727","12550288483.209375","15159281211.3967","21738398918.187935","41155270160.35324","54849180228.8716","12974155980.24179","11235786885.695772","57229338922.50077","185197070507.84","8112236445.213255","48330728579.92565","95960570044.09647","217451338647.34998","112827110232.13445","30082867913.949596"]},{"index":3,"name":"col3","values":["763663.02","444937.198","2362687.072","13687.692","2.01394","317.58","70187.9","9325.63205","86513.4","56141.248","28949.235999999997","25584.435","110216.64480000001","239588.985","33676.77","20232.454","49280.174999999996","78629.402","606043.516","65170.30099999999"]}]},"context":{"page_title":null,"page_url":null,"page_entity_id":null,"content_hierarchy":[]},"links":[[[{"start":0,"end":5,"url":null,"entity_id":"Q298","candidates":[]}],[],[],[]],[[{"start":0,"end":9,"url":null,"entity_id":"Q265","candidates":[]}],[],[],[]],[[{"start":0,"end":7,"url":null,"entity_id":"Q262","candidates":[]}],[],[],[]],[[{"start":0,"end":10,"url":null,"entity_id":"Q236","candidates":[]}],[],[],[]],[[{"start":0,"end":5,"url":null,"entity_id":"Q235","candidates":[]}],[],[],[]],[[{"start":0,"end":5,"url":null,"entity_id":"Q233","candidates":[]}],[],[],[]],[[{"start":0,"end":6,"url":null,"entity_id":"Q230","candidates":[]}],[],[],[]],[[{"start":0,"end":18,"url":null,"entity_id":"Q229","candidates":[]}],[],[],[]],[[{"start":0,"end":10,"url":null,"entity_id":"Q227","candidates":[]}],[],[],[]],[[{"start":0,"end":6,"url":null,"entity_id":"Q224","candidates":[]}],[],[],[]],[[{"start":0,"end":6,"url":null,"entity_id":"Q222","candidates":[]}],[],[],[]],[[{"start":0,"end":14,"url":null,"entity_id":"Q221","candidates":[]}],[],[],[]],[[{"start":0,"end":7,"url":null,"entity_id":"Q219","candidates":[]}],[],[],[]],[[{"start":0,"end":7,"url":null,"entity_id":"Q218","candidates":[]}],[],[],[]],[[{"start":0,"end":7,"url":null,"entity_id":"Q217","candidates":[]}],[],[],[]],[[{"start":0,"end":7,"url":null,"entity_id":"Q215","candidates":[]}],[],[],[]],[[{"start":0,"end":8,"url":null,"entity_id":"Q214","candidates":[]}],[],[],[]],[[{"start":0,"end":14,"url":null,"entity_id":"Q213","candidates":[]}],[],[],[]],[[{"start":0,"end":7,"url":null,"entity_id":"Q212","candidates":[]}],[],[],[]],[[{"start":0,"end":5,"url":null,"entity_id":"Q211","candidates":[]}],[],[],[]]]}