{"version":"1.2","table":{"version":"2","table_id":"A5DXBX4Q","columns":[{"index":0,"name":"col0","values":["Horquetas, Costa Rica","Cabo Velas District","Bolsón District","Belén District, Carrillo","Bebedero District","Santa Cecilia District","La Garita District","Santa Elena District, La Cruz","La Fortuna District","Purabá de Santa Bárbara","Desamparados","Tilarán","Cariari, Pococí","Venecia, San Carlos","Venado","La Tigra, San Carlos","Bejuco District","Nuevo Arenal","Aguas Zarcas","Veintisiete de Abril District"]},{"index":1,"name":"col1","values":["566.44","73.12","30.41","174.91","57.98","257.68","272.69","507.31","159.33","12.61","3.03","138.78","224.29","145.19","167.75","60.28","262.08","75.52","159.04","300.65"]},{"index":2,"name":"col2","values":["68","20","10","34","7","337","300","10","430","1240","1148","564","168","389","363","408","10","594","458","64"]}]},"context":{"page_title":null,"page_url":null,"page_entity_id":null,"content_hierarchy":[]},"links":[[[{"start":0,"end":21,"url":null,"entity_id":"Q35877188","candidates":[]}],[],[]],[[{"start":0,"end":19,"url":null,"entity_id":"Q19874515","candidates":[]}],[],[]],[[{"start":0,"end":15,"url":null,"entity_id":"Q19873703","candidates":[]}],[],[]],[[{"start":0,"end":24,"url":null,"entity_id":"Q19873243","candidates":[]}],[],[]],[[{"start":0,"end":17,"url":null,"entity_id":"Q19873187","candidates":[]}],[],[]],[[{"start":0,"end":22,"url":null,"entity_id":"Q19757495","candidates":[]}],[],[]],[[{"start":0,"end":18,"url":null,"entity_id":"Q19757492","candidates":[]}],[],[]],[[{"start":0,"end":29,"url":null,"entity_id":"Q19757489","candidates":[]}],[],[]],[[{"start":0,"end":19,"url":null,"entity_id":"Q19720576","candidates":[]}],[],[]],[[{"start":0,"end":23,"url":null,"entity_id":"Q18389650","candidates":[]}],[],[]],[[{"start":0,"end":12,"url":null,"entity_id":"Q14108797","candidates":[]}],[],[]],[[{"start":0,"end":7,"url":null,"entity_id":"Q7802056","candidates":[]}],[],[]],[[{"start":0,"end":15,"url":null,"entity_id":"Q5749199","candidates":[]}],[],[]],[[{"start":0,"end":19,"url":null,"entity_id":"Q4009513","candidates":[]}],[],[]],[[{"start":0,"end":6,"url":null,"entity_id":"Q4009458","candidates":[]}],[],[]],[[{"start":0,"end":20,"url":null,"entity_id":"Q3991280","candidates":[]}],[],[]],[[{"start":0,"end":15,"url":null,"entity_id":"Q3637537","candidates":[]}],[],[]],[[{"start":0,"end":12,"url":null,"entity_id":"Q3622158","candidates":[]}],[],[]],[[{"start":0,"end":12,"url":null,"entity_id":"Q3606910","candidates":[]}],[],[]],[[{"start":0,"end":29,"url":null,"entity_id":"Q3598571","candidates":[]}],[],[]]]}