{"version":"1.2","table":{"version":"2","table_id":"A5YLGLL2","columns":[{"index":0,"name":"col0","values":["haxonite","hunchunite","vaesite","oldhamite","villamanínite","carrollite","bunsenite","changchengite","indite","aurostibite","arsenolite","chlormayenite","native copper","parakeldyshite","rossiantonite","schindlerite","raygrantite","rauchite","ramikite-(Y)","reynoldsite"]},{"index":1,"name":"col1","values":["Howard J. Axon","Hunchun River","Johannes Franciscus Vaes","Thomas Oldham","Villamanín","Carroll County","Robert Bunsen","Great Wall of China","indium","gold","arsenic","chlorine","Republic of Cyprus","keldyshite","Antonio Rossi","Michael Schindler","Raymond W. Grant","Luděk Rauch","Robert A. J. Ramik","Robert E. Reynolds"]},{"index":2,"name":"col2","values":["cubic crystal system","cubic crystal system","cubic crystal system","cubic crystal system","cubic crystal system","cubic crystal system","cubic crystal system","cubic crystal system","cubic crystal system","cubic crystal system","cubic crystal system","cubic crystal system","cubic crystal system","triclinic crystal system","triclinic crystal system","triclinic crystal system","triclinic crystal system","triclinic crystal system","triclinic crystal system","triclinic crystal system"]}]},"context":{"page_title":null,"page_url":null,"page_entity_id":null,"content_hierarchy":[]},"links":[[[{"start":0,"end":8,"url":null,"entity_id":"Q430074","candidates":[]}],[{"start":0,"end":14,"url":null,"entity_id":"Q50839343","candidates":[]}],[{"start":0,"end":20,"url":null,"entity_id":"Q473227","candidates":[]}]],[[{"start":0,"end":10,"url":null,"entity_id":"Q429892","candidates":[]}],[{"start":0,"end":13,"url":null,"entity_id":"Q24833709","candidates":[]}],[{"start":0,"end":20,"url":null,"entity_id":"Q473227","candidates":[]}]],[[{"start":0,"end":7,"url":null,"entity_id":"Q1059111","candidates":[]}],[{"start":0,"end":24,"url":null,"entity_id":"Q15049686","candidates":[]}],[{"start":0,"end":20,"url":null,"entity_id":"Q473227","candidates":[]}]],[[{"start":0,"end":9,"url":null,"entity_id":"Q1058797","candidates":[]}],[{"start":0,"end":13,"url":null,"entity_id":"Q7792882","candidates":[]}],[{"start":0,"end":20,"url":null,"entity_id":"Q473227","candidates":[]}]],[[{"start":0,"end":13,"url":null,"entity_id":"Q617949","candidates":[]}],[{"start":0,"end":10,"url":null,"entity_id":"Q977246","candidates":[]}],[{"start":0,"end":20,"url":null,"entity_id":"Q473227","candidates":[]}]],[[{"start":0,"end":10,"url":null,"entity_id":"Q1058717","candidates":[]}],[{"start":0,"end":14,"url":null,"entity_id":"Q501323","candidates":[]}],[{"start":0,"end":20,"url":null,"entity_id":"Q473227","candidates":[]}]],[[{"start":0,"end":9,"url":null,"entity_id":"Q1009724","candidates":[]}],[{"start":0,"end":13,"url":null,"entity_id":"Q71031","candidates":[]}],[{"start":0,"end":20,"url":null,"entity_id":"Q473227","candidates":[]}]],[[{"start":0,"end":13,"url":null,"entity_id":"Q1061935","candidates":[]}],[{"start":0,"end":19,"url":null,"entity_id":"Q12501","candidates":[]}],[{"start":0,"end":20,"url":null,"entity_id":"Q473227","candidates":[]}]],[[{"start":0,"end":6,"url":null,"entity_id":"Q430093","candidates":[]}],[{"start":0,"end":6,"url":null,"entity_id":"Q1094","candidates":[]}],[{"start":0,"end":20,"url":null,"entity_id":"Q473227","candidates":[]}]],[[{"start":0,"end":11,"url":null,"entity_id":"Q1058777","candidates":[]}],[{"start":0,"end":4,"url":null,"entity_id":"Q897","candidates":[]}],[{"start":0,"end":20,"url":null,"entity_id":"Q473227","candidates":[]}]],[[{"start":0,"end":10,"url":null,"entity_id":"Q704779","candidates":[]}],[{"start":0,"end":7,"url":null,"entity_id":"Q871","candidates":[]}],[{"start":0,"end":20,"url":null,"entity_id":"Q473227","candidates":[]}]],[[{"start":0,"end":13,"url":null,"entity_id":"Q1061886","candidates":[]}],[{"start":0,"end":8,"url":null,"entity_id":"Q688","candidates":[]}],[{"start":0,"end":20,"url":null,"entity_id":"Q473227","candidates":[]}]],[[{"start":0,"end":13,"url":null,"entity_id":"Q583353","candidates":[]}],[{"start":0,"end":18,"url":null,"entity_id":"Q229","candidates":[]}],[{"start":0,"end":20,"url":null,"entity_id":"Q473227","candidates":[]}]],[[{"start":0,"end":14,"url":null,"entity_id":"Q3895138","candidates":[]}],[{"start":0,"end":10,"url":null,"entity_id":"Q3814363","candidates":[]}],[{"start":0,"end":24,"url":null,"entity_id":"Q376927","candidates":[]}]],[[{"start":0,"end":13,"url":null,"entity_id":"Q19861240","candidates":[]}],[{"start":0,"end":13,"url":null,"entity_id":"Q56247129","candidates":[]}],[{"start":0,"end":24,"url":null,"entity_id":"Q376927","candidates":[]}]],[[{"start":0,"end":12,"url":null,"entity_id":"Q19861264","candidates":[]}],[{"start":0,"end":17,"url":null,"entity_id":"Q56240417","candidates":[]}],[{"start":0,"end":24,"url":null,"entity_id":"Q376927","candidates":[]}]],[[{"start":0,"end":11,"url":null,"entity_id":"Q19861228","candidates":[]}],[{"start":0,"end":16,"url":null,"entity_id":"Q48281809","candidates":[]}],[{"start":0,"end":24,"url":null,"entity_id":"Q376927","candidates":[]}]],[[{"start":0,"end":8,"url":null,"entity_id":"Q19861227","candidates":[]}],[{"start":0,"end":11,"url":null,"entity_id":"Q48280651","candidates":[]}],[{"start":0,"end":24,"url":null,"entity_id":"Q376927","candidates":[]}]],[[{"start":0,"end":12,"url":null,"entity_id":"Q19861226","candidates":[]}],[{"start":0,"end":18,"url":null,"entity_id":"Q48277837","candidates":[]}],[{"start":0,"end":24,"url":null,"entity_id":"Q376927","candidates":[]}]],[[{"start":0,"end":11,"url":null,"entity_id":"Q19861231","candidates":[]}],[{"start":0,"end":18,"url":null,"entity_id":"Q24445136","candidates":[]}],[{"start":0,"end":24,"url":null,"entity_id":"Q376927","candidates":[]}]]]}