{"version":"1.2","table":{"version":"2","table_id":"A95W2PLX","columns":[{"index":0,"name":"col0","values":["Sassnitz","Frisia XI","M/S Prins Richard","IMO 6926244","Merkur II","Konstantin Simonov (ship)","Peter Pan","MS Stena Germanica","MV Corinthian","Helgoland (ship, 1972)","Hauke Haien","Aegean Paradise","Hanse Explorer","IMO 7346934","Funny Girl (ship, 1973)","Frisia VIII","Frisia II","Flipper (ship, 1977)","Mykonos Palace","Frisia IV"]},{"index":1,"name":"col1","values":["21154","179","14822","393","102","6310","36468","51837","4077","1812","152","23287","885","9848","1017","581","1125","406","36825","1574"]},{"index":2,"name":"col2","values":["5.8","1.01","5.8","2.11","1.6","2.9","6.2","6","4","2.3","1.39","6.52","3.52","5.1","2.35","1.6","1.25","1.24","7.3","1.75"]},{"index":3,"name":"col3","values":["875","375","1140","416","36","298","744","440","111","1200","200","650","12","509","799","12","1355","499","1711","1350"]},{"index":4,"name":"col4","values":["171.5","35.36","142","39.06","28.5","129.05","190.75","188.3","88.3","77.88","33.6","174","47.76","130.21","68.57","58.5","63.3","46.61","214","70.7"]},{"index":5,"name":"col5","values":["23.7","7","25.4","8.51","5.63","16.71","29.5","28.7","15.3","12","6","24","10.4","19.21","10.32","11","12.5","8","26.4","13.4"]}]},"context":{"page_title":null,"page_url":null,"page_entity_id":null,"content_hierarchy":[]},"links":[[[{"start":0,"end":8,"url":null,"entity_id":"Q2225770","candidates":[]}],[],[],[],[],[]],[[{"start":0,"end":9,"url":null,"entity_id":"Q2203954","candidates":[]}],[],[],[],[],[]],[[{"start":0,"end":17,"url":null,"entity_id":"Q2110468","candidates":[]}],[],[],[],[],[]],[[{"start":0,"end":11,"url":null,"entity_id":"Q2036057","candidates":[]}],[],[],[],[],[]],[[{"start":0,"end":9,"url":null,"entity_id":"Q1921862","candidates":[]}],[],[],[],[],[]],[[{"start":0,"end":25,"url":null,"entity_id":"Q1782770","candidates":[]}],[],[],[],[],[]],[[{"start":0,"end":9,"url":null,"entity_id":"Q1712123","candidates":[]}],[],[],[],[],[]],[[{"start":0,"end":18,"url":null,"entity_id":"Q1691246","candidates":[]}],[],[],[],[],[]],[[{"start":0,"end":13,"url":null,"entity_id":"Q1675395","candidates":[]}],[],[],[],[],[]],[[{"start":0,"end":22,"url":null,"entity_id":"Q1602434","candidates":[]}],[],[],[],[],[]],[[{"start":0,"end":11,"url":null,"entity_id":"Q1589291","candidates":[]}],[],[],[],[],[]],[[{"start":0,"end":15,"url":null,"entity_id":"Q1584253","candidates":[]}],[],[],[],[],[]],[[{"start":0,"end":14,"url":null,"entity_id":"Q1583685","candidates":[]}],[],[],[],[],[]],[[{"start":0,"end":11,"url":null,"entity_id":"Q1485400","candidates":[]}],[],[],[],[],[]],[[{"start":0,"end":23,"url":null,"entity_id":"Q1474742","candidates":[]}],[],[],[],[],[]],[[{"start":0,"end":11,"url":null,"entity_id":"Q1465080","candidates":[]}],[],[],[],[],[]],[[{"start":0,"end":9,"url":null,"entity_id":"Q1465070","candidates":[]}],[],[],[],[],[]],[[{"start":0,"end":20,"url":null,"entity_id":"Q1428919","candidates":[]}],[],[],[],[],[]],[[{"start":0,"end":14,"url":null,"entity_id":"Q1375227","candidates":[]}],[],[],[],[],[]],[[{"start":0,"end":9,"url":null,"entity_id":"Q1355507","candidates":[]}],[],[],[],[],[]]]}