[{"version":1,"nodes":[{"col_index":0,"label":"col0","id":0},{"col_index":1,"label":"col1","id":1},{"col_index":2,"label":"col2","id":2},{"col_index":3,"label":"col3","id":3},{"col_index":4,"label":"col4","id":4},{"abs_uri":"http://www.wikidata.org/entity/Q936518","rel_uri":"wd:Q936518","approximation":false,"readable_label":"aerospace manufacturer (Q936518)","id":5}],"edges":[{"source":5,"target":0,"abs_uri":"http://www.w3.org/2000/01/rdf-schema#label","rel_uri":"rdfs:label","approximation":false,"readable_label":"rdfs:label","id":0},{"source":5,"target":2,"abs_uri":"http://www.wikidata.org/prop/P740","rel_uri":"p:P740","approximation":false,"readable_label":"location of formation (P740)","id":1},{"source":5,"target":3,"abs_uri":"http://www.wikidata.org/prop/P17","rel_uri":"p:P17","approximation":false,"readable_label":"country (P17)","id":2},{"source":5,"target":4,"abs_uri":"http://www.wikidata.org/prop/P452","rel_uri":"p:P452","approximation":false,"readable_label":"industry (P452)","id":3},{"source":5,"target":1,"abs_uri":"http://www.wikidata.org/prop/P571","rel_uri":"p:P571","approximation":false,"readable_label":"inception (P571)","id":4}]}]