{"version":"1.2","table":{"version":"2","table_id":"37QBRZNQ","columns":[{"index":0,"name":"col0","values":["Les Alliés","Return from the Fields","Shingon-zaka","Shin-kiyomizu momiji-zaka taki","Philip Melanchthon","Reconciliation (Versoehnung)","Diogenes","From Grønland","First Leaf of the Shunga; The Delightful Love Adventures of Maneyemon","Girl on Balcony above Stone Stairway","Yamato Tatsuta-yama Tatsuta-gawa","Combing His Hair","The artist and O-sen","poem by Jitō Tennō","A pucture of variolation","The Postal News, no. 425","Three Beauties of the Present Day","Marionettes","Adam and Eve in paradise","Another World II"]},{"index":1,"name":"col1","values":["45","23","17.8","17.6","15.2","25.8","34","198","26","20.6","25.3","20.6","19.7","37.5","71.5","23.4","24.9","9.5","23","26.1"]},{"index":2,"name":"col2","values":["45","12","24.5","24.8","25","20","47.9","158","20.3","27.9","36","28.3","26.5","25.7","59","34.7","37.9","9.5","33.8","31.8"]}]},"context":{"page_title":null,"page_url":null,"page_entity_id":null,"content_hierarchy":[]},"links":[[[{"start":0,"end":22,"url":null,"entity_id":"Q22661827","candidates":[]}],[],[]],[[{"start":0,"end":12,"url":null,"entity_id":"Q60807357","candidates":[]}],[],[]],[[{"start":0,"end":30,"url":null,"entity_id":"Q60807355","candidates":[]}],[],[]],[[{"start":0,"end":18,"url":null,"entity_id":"Q76439151","candidates":[]}],[],[]],[[{"start":0,"end":28,"url":null,"entity_id":"Q76438984","candidates":[]}],[],[]],[[{"start":0,"end":8,"url":null,"entity_id":"Q75191552","candidates":[]}],[],[]],[[{"start":0,"end":13,"url":null,"entity_id":"Q66686378","candidates":[]}],[],[]],[[{"start":0,"end":69,"url":null,"entity_id":"Q64867080","candidates":[]}],[],[]],[[{"start":0,"end":36,"url":null,"entity_id":"Q63752579","candidates":[]}],[],[]],[[{"start":0,"end":32,"url":null,"entity_id":"Q63514853","candidates":[]}],[],[]],[[{"start":0,"end":16,"url":null,"entity_id":"Q63348789","candidates":[]}],[],[]],[[{"start":0,"end":20,"url":null,"entity_id":"Q63348379","candidates":[]}],[],[]],[[{"start":0,"end":18,"url":null,"entity_id":"Q63246351","candidates":[]}],[],[]],[[{"start":0,"end":24,"url":null,"entity_id":"Q63171120","candidates":[]}],[],[]],[[{"start":0,"end":24,"url":null,"entity_id":"Q63111904","candidates":[]}],[],[]],[[{"start":0,"end":33,"url":null,"entity_id":"Q18210019","candidates":[]}],[],[]],[[{"start":0,"end":11,"url":null,"entity_id":"Q11880943","candidates":[]}],[],[]],[[{"start":0,"end":24,"url":null,"entity_id":"Q6637364","candidates":[]}],[],[]],[[{"start":0,"end":16,"url":null,"entity_id":"Q4770402","candidates":[]}],[],[]],[[{"start":0,"end":10,"url":null,"entity_id":"Q25710737","candidates":[]}],[],[]]]}