{"version":"1.2","table":{"version":"2","table_id":"384SR1N3","columns":[{"index":0,"name":"col0","values":["Al Maqā‘ishah","Al Maqāţan","Al Muqārimah","Al Miftāḩ al A‘lá","Al Miftāḩ","Al Mughriş","Al Maghārimah","Al Maghārim","Al Maghāribah","Al Maghārib al ‘Ulyā","Al Maghārib as Suflá","Al Maghārib","Al Maghārib","Al Ma‘īnah","Al Maghādīyah","Al Mu‘ayz̧ah","Al Ma‘qāb","Al Mu‘ammarī","Al Ma‘ţan","Al Ma‘zibah","Al Ma‘shār","Al Ma‘āmirah","Al Ma‘āzibah","Al Ma‘āşilah","Al Ma‘āzibah","Al Muţabābah","Al Maşbaḩī","Bayt al ‘Umaysī","Hawā‘","Hawzān","Hamdān","Hazm","Harbah","Hadād","Hadafān","Hijārah"]},{"index":1,"name":"col1","values":["2445","6857","2720","3132","689","7021","109","6448","1234","1793","1023","2457","1322","1888","1002","867","847","1346","3552","630","2775","406","1186","33552","5655","2516","1118","878","559","2995","2690","6142","576","1831","8155","339"]},{"index":2,"name":"col2","values":["2312","7108","3515","3197","698","6241","194","6346","1391","1798","1057","2665","1496","1905","960","965","1307","1245","3546","624","2678","390","1051","33465","5047","2629","1257","885","502","2945","2238","5993","532","1664","8453","378"]},{"index":3,"name":"col3","values":["161","2348","1276","2391","2026","48","1243","1526","2240","1710","1240","815","1472","1868","2299","677","2829","2202","686","1562","1661","2386","262","129","240","1683","2025","2412","1533","2203","361","2443","1758","2179","2299","1800"]}]},"context":{"page_title":null,"page_url":null,"page_entity_id":null,"content_hierarchy":[]},"links":[[[{"start":0,"end":13,"url":null,"entity_id":"Q12225931","candidates":[]}],[],[],[]],[[{"start":0,"end":10,"url":null,"entity_id":"Q12225930","candidates":[]}],[],[],[]],[[{"start":0,"end":12,"url":null,"entity_id":"Q12225929","candidates":[]}],[],[],[]],[[{"start":0,"end":17,"url":null,"entity_id":"Q12225927","candidates":[]}],[],[],[]],[[{"start":0,"end":9,"url":null,"entity_id":"Q12225926","candidates":[]}],[],[],[]],[[{"start":0,"end":10,"url":null,"entity_id":"Q12225925","candidates":[]}],[],[],[]],[[{"start":0,"end":13,"url":null,"entity_id":"Q12225924","candidates":[]}],[],[],[]],[[{"start":0,"end":11,"url":null,"entity_id":"Q12225922","candidates":[]}],[],[],[]],[[{"start":0,"end":13,"url":null,"entity_id":"Q12225921","candidates":[]}],[],[],[]],[[{"start":0,"end":20,"url":null,"entity_id":"Q12225920","candidates":[]}],[],[],[]],[[{"start":0,"end":20,"url":null,"entity_id":"Q12225919","candidates":[]}],[],[],[]],[[{"start":0,"end":11,"url":null,"entity_id":"Q12225918","candidates":[]}],[],[],[]],[[{"start":0,"end":11,"url":null,"entity_id":"Q12225917","candidates":[]}],[],[],[]],[[{"start":0,"end":10,"url":null,"entity_id":"Q12225916","candidates":[]}],[],[],[]],[[{"start":0,"end":13,"url":null,"entity_id":"Q12225915","candidates":[]}],[],[],[]],[[{"start":0,"end":12,"url":null,"entity_id":"Q12225914","candidates":[]}],[],[],[]],[[{"start":0,"end":9,"url":null,"entity_id":"Q12225913","candidates":[]}],[],[],[]],[[{"start":0,"end":12,"url":null,"entity_id":"Q12225912","candidates":[]}],[],[],[]],[[{"start":0,"end":9,"url":null,"entity_id":"Q12225911","candidates":[]}],[],[],[]],[[{"start":0,"end":11,"url":null,"entity_id":"Q12225910","candidates":[]}],[],[],[]],[[{"start":0,"end":10,"url":null,"entity_id":"Q12225909","candidates":[]}],[],[],[]],[[{"start":0,"end":12,"url":null,"entity_id":"Q12225907","candidates":[]}],[],[],[]],[[{"start":0,"end":12,"url":null,"entity_id":"Q12225905","candidates":[]}],[],[],[]],[[{"start":0,"end":12,"url":null,"entity_id":"Q12225903","candidates":[]}],[],[],[]],[[{"start":0,"end":12,"url":null,"entity_id":"Q12225902","candidates":[]}],[],[],[]],[[{"start":0,"end":12,"url":null,"entity_id":"Q12225899","candidates":[]}],[],[],[]],[[{"start":0,"end":10,"url":null,"entity_id":"Q12225897","candidates":[]}],[],[],[]],[[{"start":0,"end":15,"url":null,"entity_id":"Q12226423","candidates":[]}],[],[],[]],[[{"start":0,"end":5,"url":null,"entity_id":"Q12227042","candidates":[]}],[],[],[]],[[{"start":0,"end":6,"url":null,"entity_id":"Q12227041","candidates":[]}],[],[],[]],[[{"start":0,"end":6,"url":null,"entity_id":"Q12227039","candidates":[]}],[],[],[]],[[{"start":0,"end":4,"url":null,"entity_id":"Q12227037","candidates":[]}],[],[],[]],[[{"start":0,"end":6,"url":null,"entity_id":"Q12227036","candidates":[]}],[],[],[]],[[{"start":0,"end":5,"url":null,"entity_id":"Q12227035","candidates":[]}],[],[],[]],[[{"start":0,"end":7,"url":null,"entity_id":"Q12227034","candidates":[]}],[],[],[]],[[{"start":0,"end":7,"url":null,"entity_id":"Q12227033","candidates":[]}],[],[],[]]]}