{"version":"1.2","table":{"version":"2","table_id":"38EH9GD3","columns":[{"index":0,"name":"col0","values":["O Come All YeFaithful","O Come, Aln Ye Faithfuo","Cme Hither, Ye Faithful","Oh, Come! All Ye Fithful!","Oh Come, All Ye Fdithful","Hasten Ye Faitkful, Glad, Joyful, and Holy","Approach, Ye Faithful, Come With Exultauion","Aqproach, All Ye Faithful, Joyful and Triumphant","O Come All Ye Faithful, Raise the Hmn of Glory","Oh! Come Ye Faithhul, Dnd Your Homage Bring","Oh, Come, All Ye Faithful, Joyful Vriumph Raising","Exultin, Triumphing, Come From Every Nation","Ye Faithful, Triumpjant Enter Into Bethlehem","Raise W Our Voices to the Lord of Glory","Believers Assemble, Come With Songs To Behlem","Hither, Ye Faithful, Hastg With Songs of Triumph","Ye Fithful, Come, Triumphant Come","On te birth of Christ","O Saviour of the!world fprlorn","Christians, awake, salute the happy mprn"]},{"index":1,"name":"col1","values":["Oh, come, all ye fithful, joyful and triumphant,","O comf all ye faithful,","Come#hither, ye faithful,","Oh, come! all ye faithful\"","Oh come, allye faithful,","Hasten, ye faithful, glad, joful, and holy,","Approach, ye fithful, come with exultation,","Arproach, all ye faithful, joyful and triumphant,","O Come All Ye Fakthful, Raise the Hymn of Glory,","Oh!#come ye faithful, and your homage bring","Oh, come, all ye fcithful, joyful triumph raising,","Exulting, triumphiog, come from every nation;","Ye faithful, triumphan","Raise we our voices to the Lrd of Glory,","Believers assemble, come with songs to Betlem,","Hither, ye faitful, haste with songs of triumph ;","Ye faithful, come, riumphanw come,","Let Jvbil-Trumpets blow","O Saviour of the wold forlorn,","Christians, awake, salute the hapy morn,"]},{"index":2,"name":"col2","values":["Church Hymns - Published under the direction of the Tract Committee","Hymns and Anthems adjusted to the Church Services throughout the Christian Year","Christ in Song - Hymns of Immanuel","Lyra Catholica - Containing All the Breviary and Missal Hymns, with Others from Various Sources","Annus Sanctus - Hymns of the Church for the Ecclesiastical Year","The Harvard Classics Vol. 45 - Sacred Writings 2","Hymns, Following The Course of the Christian Seasons - Second Edition","Hymns for the Use of the Churches, Second Edition","The Missal for the Use of the Laity - Sixth Edition Improved","The Hymns of the Primitive Church","A New Metrical Version of the Psalms of David","Notes and Queries - Series 5","Notes and Queries - Series 5","Select Portions of Psalms & Hymns, for the Use of the Congregation of St. Philip's in Birmingham, with Additions","Select Portions of Psalms, from the New Versions, Anthems, &c. - Sung at the Parish Church, in Sheffield, Second Edition","A Companion for the Festivals and Fasts of the Protestant Episcopal Church in the United States of America","The Orthodox Churchman's Magazine","Lyra Davidica","Hymns Ancient and Modern","Hymns Ancient and Modern"]},{"index":3,"name":"col3","values":["public domain","public domain","public domain","public domain","public domain","public domain","public domain","public domain","public domain","public domain","public domain","public domain","public domain","public domain","public domain","public domain","public domain","public domain","public domain","public domain"]}]},"context":{"page_title":null,"page_url":null,"page_entity_id":null,"content_hierarchy":[]},"links":[[[{"start":0,"end":21,"url":null,"entity_id":"Q19669665","candidates":[]}],[],[{"start":0,"end":67,"url":null,"entity_id":"Q60518422","candidates":[]}],[{"start":0,"end":13,"url":null,"entity_id":"Q19652","candidates":[]}]],[[{"start":0,"end":23,"url":null,"entity_id":"Q19756621","candidates":[]}],[],[{"start":0,"end":79,"url":null,"entity_id":"Q60500516","candidates":[]}],[{"start":0,"end":13,"url":null,"entity_id":"Q19652","candidates":[]}]],[[{"start":0,"end":23,"url":null,"entity_id":"Q19669668","candidates":[]}],[],[{"start":0,"end":34,"url":null,"entity_id":"Q60499623","candidates":[]}],[{"start":0,"end":13,"url":null,"entity_id":"Q19652","candidates":[]}]],[[{"start":0,"end":25,"url":null,"entity_id":"Q60499296","candidates":[]}],[],[{"start":0,"end":95,"url":null,"entity_id":"Q60499536","candidates":[]}],[{"start":0,"end":13,"url":null,"entity_id":"Q19652","candidates":[]}]],[[{"start":0,"end":24,"url":null,"entity_id":"Q19756622","candidates":[]}],[],[{"start":0,"end":63,"url":null,"entity_id":"Q60495364","candidates":[]}],[{"start":0,"end":13,"url":null,"entity_id":"Q19652","candidates":[]}]],[[{"start":0,"end":42,"url":null,"entity_id":"Q19756633","candidates":[]}],[],[{"start":0,"end":48,"url":null,"entity_id":"Q60495269","candidates":[]}],[{"start":0,"end":13,"url":null,"entity_id":"Q19652","candidates":[]}]],[[{"start":0,"end":43,"url":null,"entity_id":"Q19756623","candidates":[]}],[],[{"start":0,"end":69,"url":null,"entity_id":"Q60494594","candidates":[]}],[{"start":0,"end":13,"url":null,"entity_id":"Q19652","candidates":[]}]],[[{"start":0,"end":48,"url":null,"entity_id":"Q19669669","candidates":[]}],[],[{"start":0,"end":49,"url":null,"entity_id":"Q60488184","candidates":[]}],[{"start":0,"end":13,"url":null,"entity_id":"Q19652","candidates":[]}]],[[{"start":0,"end":46,"url":null,"entity_id":"Q19756624","candidates":[]}],[],[{"start":0,"end":60,"url":null,"entity_id":"Q60487903","candidates":[]}],[{"start":0,"end":13,"url":null,"entity_id":"Q19652","candidates":[]}]],[[{"start":0,"end":43,"url":null,"entity_id":"Q19756626","candidates":[]}],[],[{"start":0,"end":33,"url":null,"entity_id":"Q60486121","candidates":[]}],[{"start":0,"end":13,"url":null,"entity_id":"Q19652","candidates":[]}]],[[{"start":0,"end":49,"url":null,"entity_id":"Q19756627","candidates":[]}],[],[{"start":0,"end":45,"url":null,"entity_id":"Q60485406","candidates":[]}],[{"start":0,"end":13,"url":null,"entity_id":"Q19652","candidates":[]}]],[[{"start":0,"end":43,"url":null,"entity_id":"Q19756629","candidates":[]}],[],[{"start":0,"end":28,"url":null,"entity_id":"Q60484946","candidates":[]}],[{"start":0,"end":13,"url":null,"entity_id":"Q19652","candidates":[]}]],[[{"start":0,"end":44,"url":null,"entity_id":"Q19756628","candidates":[]}],[],[{"start":0,"end":28,"url":null,"entity_id":"Q60484946","candidates":[]}],[{"start":0,"end":13,"url":null,"entity_id":"Q19652","candidates":[]}]],[[{"start":0,"end":39,"url":null,"entity_id":"Q19756630","candidates":[]}],[],[{"start":0,"end":112,"url":null,"entity_id":"Q60484624","candidates":[]}],[{"start":0,"end":13,"url":null,"entity_id":"Q19652","candidates":[]}]],[[{"start":0,"end":45,"url":null,"entity_id":"Q19756631","candidates":[]}],[],[{"start":0,"end":120,"url":null,"entity_id":"Q60483822","candidates":[]}],[{"start":0,"end":13,"url":null,"entity_id":"Q19652","candidates":[]}]],[[{"start":0,"end":48,"url":null,"entity_id":"Q19669670","candidates":[]}],[],[{"start":0,"end":106,"url":null,"entity_id":"Q60476343","candidates":[]}],[{"start":0,"end":13,"url":null,"entity_id":"Q19652","candidates":[]}]],[[{"start":0,"end":33,"url":null,"entity_id":"Q19756632","candidates":[]}],[],[{"start":0,"end":33,"url":null,"entity_id":"Q24045685","candidates":[]}],[{"start":0,"end":13,"url":null,"entity_id":"Q19652","candidates":[]}]],[[{"start":0,"end":21,"url":null,"entity_id":"Q66311361","candidates":[]}],[],[{"start":0,"end":13,"url":null,"entity_id":"Q16957030","candidates":[]}],[{"start":0,"end":13,"url":null,"entity_id":"Q19652","candidates":[]}]],[[{"start":0,"end":30,"url":null,"entity_id":"Q59822321","candidates":[]}],[],[{"start":0,"end":24,"url":null,"entity_id":"Q5956831","candidates":[]}],[{"start":0,"end":13,"url":null,"entity_id":"Q19652","candidates":[]}]],[[{"start":0,"end":40,"url":null,"entity_id":"Q59822172","candidates":[]}],[],[{"start":0,"end":24,"url":null,"entity_id":"Q5956831","candidates":[]}],[{"start":0,"end":13,"url":null,"entity_id":"Q19652","candidates":[]}]]]}