{"version":"1.2","table":{"version":"2","table_id":"38FRCAGR","columns":[{"index":0,"name":"col0","values":["Austrlian Mini Challenge","French Supertouring Cjampionship","BRN V6","Sndinavian Touring Car Championship","SuperstarsSeries","North American Touring Car Chamionship","Eanisk Touringcar Championship","Speedcar Serigs","Brber Pro Series","Formxla RUS","British Formul Renault Championship","Mexican FormulaThree Championship","Grane Prix Masters","Frmula LO","German Formula Three Campionship","Interational Formula 3000","Formula Köni","A1 Grand Pri{","GP2 Sries","GP Series"]},{"index":1,"name":"col1","values":["2008/01/01","1976/01/01","2004/01/01","2011/01/01","2004/01/01","1996/01/01","1999/01/01","2008/01/01","1986/01/01","2002/01/01","1989/01/01","1990/01/01","2005/01/01","2000/01/01","1950/01/01","1985/01/01","1998/01/01","2005/01/01","2005/01/01","2010/01/01"]},{"index":2,"name":"col2","values":["touring car racing","touring car racing","touring car racing","touring car racing","touring car racing","touring car racing","touring car racing","stock car racing","formula racing","formula racing","formula racing","formula racing","formula racing","formula racing","formula racing","formula racing","formula racing","formula racing","formula racing","formula racing"]},{"index":3,"name":"col3","values":["2010/01/01","2005/01/01","2009/01/01","2019/01/01","2013/01/01","1997/01/01","2010/01/01","2009/01/01","2003/01/01","2007/01/01","2011/01/01","2002/01/01","2006/01/01","2012/01/01","2014/01/01","2004/01/01","2004/01/01","2009/01/01","2016/01/01","2018/01/01"]}]},"context":{"page_title":null,"page_url":null,"page_entity_id":null,"content_hierarchy":[]},"links":[[[{"start":0,"end":24,"url":null,"entity_id":"Q4824426","candidates":[]}],[],[{"start":0,"end":18,"url":null,"entity_id":"Q4245261","candidates":[]}],[]],[[{"start":0,"end":32,"url":null,"entity_id":"Q2950880","candidates":[]}],[],[{"start":0,"end":18,"url":null,"entity_id":"Q4245261","candidates":[]}],[]],[[{"start":0,"end":6,"url":null,"entity_id":"Q2848244","candidates":[]}],[],[{"start":0,"end":18,"url":null,"entity_id":"Q4245261","candidates":[]}],[]],[[{"start":0,"end":35,"url":null,"entity_id":"Q2622007","candidates":[]}],[],[{"start":0,"end":18,"url":null,"entity_id":"Q4245261","candidates":[]}],[]],[[{"start":0,"end":16,"url":null,"entity_id":"Q2365403","candidates":[]}],[],[{"start":0,"end":18,"url":null,"entity_id":"Q4245261","candidates":[]}],[]],[[{"start":0,"end":38,"url":null,"entity_id":"Q1451640","candidates":[]}],[],[{"start":0,"end":18,"url":null,"entity_id":"Q4245261","candidates":[]}],[]],[[{"start":0,"end":30,"url":null,"entity_id":"Q18963","candidates":[]}],[],[{"start":0,"end":18,"url":null,"entity_id":"Q4245261","candidates":[]}],[]],[[{"start":0,"end":15,"url":null,"entity_id":"Q1195981","candidates":[]}],[],[{"start":0,"end":16,"url":null,"entity_id":"Q1758324","candidates":[]}],[]],[[{"start":0,"end":16,"url":null,"entity_id":"Q4859594","candidates":[]}],[],[{"start":0,"end":14,"url":null,"entity_id":"Q1199515","candidates":[]}],[]],[[{"start":0,"end":11,"url":null,"entity_id":"Q4491934","candidates":[]}],[],[{"start":0,"end":14,"url":null,"entity_id":"Q1199515","candidates":[]}],[]],[[{"start":0,"end":35,"url":null,"entity_id":"Q2626435","candidates":[]}],[],[{"start":0,"end":14,"url":null,"entity_id":"Q1199515","candidates":[]}],[]],[[{"start":0,"end":33,"url":null,"entity_id":"Q1926236","candidates":[]}],[],[{"start":0,"end":14,"url":null,"entity_id":"Q1199515","candidates":[]}],[]],[[{"start":0,"end":18,"url":null,"entity_id":"Q1542708","candidates":[]}],[],[{"start":0,"end":14,"url":null,"entity_id":"Q1199515","candidates":[]}],[]],[[{"start":0,"end":9,"url":null,"entity_id":"Q1437804","candidates":[]}],[],[{"start":0,"end":14,"url":null,"entity_id":"Q1199515","candidates":[]}],[]],[[{"start":0,"end":32,"url":null,"entity_id":"Q836943","candidates":[]}],[],[{"start":0,"end":14,"url":null,"entity_id":"Q1199515","candidates":[]}],[]],[[{"start":0,"end":25,"url":null,"entity_id":"Q744289","candidates":[]}],[],[{"start":0,"end":14,"url":null,"entity_id":"Q1199515","candidates":[]}],[]],[[{"start":0,"end":12,"url":null,"entity_id":"Q656937","candidates":[]}],[],[{"start":0,"end":14,"url":null,"entity_id":"Q1199515","candidates":[]}],[]],[[{"start":0,"end":13,"url":null,"entity_id":"Q279588","candidates":[]}],[],[{"start":0,"end":14,"url":null,"entity_id":"Q1199515","candidates":[]}],[]],[[{"start":0,"end":9,"url":null,"entity_id":"Q208744","candidates":[]}],[],[{"start":0,"end":14,"url":null,"entity_id":"Q1199515","candidates":[]}],[]],[[{"start":0,"end":9,"url":null,"entity_id":"Q149844","candidates":[]}],[],[{"start":0,"end":14,"url":null,"entity_id":"Q1199515","candidates":[]}],[]]]}