{"version":"1.2","table":{"version":"2","table_id":"38X0AP66","columns":[{"index":0,"name":"col0","values":["SHOWBOX Co., Ltd.","RKO Pictures","THINKFilm","De Laurentiis Entertainment Group","Destination Films","Crown International Pictures","Warner Independent Pictures","Magnolia Pictures","01 Distribution","Grindhouse Releasing","Triumph Films","The Cannon Group","Curzon Artificial Eye","Vestron Video","Columbia Pictures","Relativity Media","Miramax","Constantin Film","Alpha France","StudioCanal"]},{"index":1,"name":"col1","values":["2002-01-01","1928-10-23","2001-09-01","1983-01-01","1999-01-01","1959-01-01","2003-08-01","2001-01-01","2001-01-01","1996-01-01","1982-01-01","1967-10-23","1976-01-01","1981-01-01","1918-01-01","2004-01-01","1979-01-01","1950-04-01","1966-01-01","1988-01-01"]},{"index":2,"name":"col2","values":["Seoul","Sixth Avenue","New York City","Wilmington","Culver City","Beverly Hills","Burbank","Dallas","Rome","Los Angeles","United States of America","United States of America","London","Stamford","Culver City","Beverly Hills","Santa Monica","Munich","Paris","Paris"]},{"index":3,"name":"col3","values":["audiovisual production","cinema","cinema","film industry","film industry","film industry","film industry","film industry","film industry","film industry","film industry","film industry","film distribution","media enterprise","filmmaking","filmmaking","filmmaking","filmmaking","filmmaking","filmmaking"]}]},"context":{"page_title":null,"page_url":null,"page_entity_id":null,"content_hierarchy":[]},"links":[[[{"start":0,"end":17,"url":null,"entity_id":"Q626185","candidates":[]}],[],[{"start":0,"end":5,"url":null,"entity_id":"Q8684","candidates":[]}],[{"start":0,"end":22,"url":null,"entity_id":"Q21198548","candidates":[]}]],[[{"start":0,"end":12,"url":null,"entity_id":"Q267282","candidates":[]}],[],[{"start":0,"end":12,"url":null,"entity_id":"Q109873","candidates":[]}],[{"start":0,"end":6,"url":null,"entity_id":"Q16144339","candidates":[]}]],[[{"start":0,"end":9,"url":null,"entity_id":"Q1163074","candidates":[]}],[],[{"start":0,"end":13,"url":null,"entity_id":"Q60","candidates":[]}],[{"start":0,"end":6,"url":null,"entity_id":"Q16144339","candidates":[]}]],[[{"start":0,"end":33,"url":null,"entity_id":"Q3704004","candidates":[]}],[],[{"start":0,"end":10,"url":null,"entity_id":"Q659400","candidates":[]}],[{"start":0,"end":13,"url":null,"entity_id":"Q1415395","candidates":[]}]],[[{"start":0,"end":17,"url":null,"entity_id":"Q4411312","candidates":[]}],[],[{"start":0,"end":11,"url":null,"entity_id":"Q493378","candidates":[]}],[{"start":0,"end":13,"url":null,"entity_id":"Q1415395","candidates":[]}]],[[{"start":0,"end":28,"url":null,"entity_id":"Q5189389","candidates":[]}],[],[{"start":0,"end":13,"url":null,"entity_id":"Q127856","candidates":[]}],[{"start":0,"end":13,"url":null,"entity_id":"Q1415395","candidates":[]}]],[[{"start":0,"end":27,"url":null,"entity_id":"Q2698248","candidates":[]}],[],[{"start":0,"end":7,"url":null,"entity_id":"Q39561","candidates":[]}],[{"start":0,"end":13,"url":null,"entity_id":"Q1415395","candidates":[]}]],[[{"start":0,"end":17,"url":null,"entity_id":"Q3843364","candidates":[]}],[],[{"start":0,"end":6,"url":null,"entity_id":"Q16557","candidates":[]}],[{"start":0,"end":13,"url":null,"entity_id":"Q1415395","candidates":[]}]],[[{"start":0,"end":15,"url":null,"entity_id":"Q1554656","candidates":[]}],[],[{"start":0,"end":4,"url":null,"entity_id":"Q220","candidates":[]}],[{"start":0,"end":13,"url":null,"entity_id":"Q1415395","candidates":[]}]],[[{"start":0,"end":20,"url":null,"entity_id":"Q5609436","candidates":[]}],[],[{"start":0,"end":11,"url":null,"entity_id":"Q65","candidates":[]}],[{"start":0,"end":13,"url":null,"entity_id":"Q1415395","candidates":[]}]],[[{"start":0,"end":13,"url":null,"entity_id":"Q3999144","candidates":[]}],[],[{"start":0,"end":24,"url":null,"entity_id":"Q30","candidates":[]}],[{"start":0,"end":13,"url":null,"entity_id":"Q1415395","candidates":[]}]],[[{"start":0,"end":16,"url":null,"entity_id":"Q1033465","candidates":[]}],[],[{"start":0,"end":24,"url":null,"entity_id":"Q30","candidates":[]}],[{"start":0,"end":13,"url":null,"entity_id":"Q1415395","candidates":[]}]],[[{"start":0,"end":21,"url":null,"entity_id":"Q4801022","candidates":[]}],[],[{"start":0,"end":6,"url":null,"entity_id":"Q84","candidates":[]}],[{"start":0,"end":17,"url":null,"entity_id":"Q1415356","candidates":[]}]],[[{"start":0,"end":13,"url":null,"entity_id":"Q658608","candidates":[]}],[],[{"start":0,"end":8,"url":null,"entity_id":"Q49169","candidates":[]}],[{"start":0,"end":16,"url":null,"entity_id":"Q1331793","candidates":[]}]],[[{"start":0,"end":17,"url":null,"entity_id":"Q186941","candidates":[]}],[],[{"start":0,"end":11,"url":null,"entity_id":"Q493378","candidates":[]}],[{"start":0,"end":10,"url":null,"entity_id":"Q932586","candidates":[]}]],[[{"start":0,"end":16,"url":null,"entity_id":"Q2702789","candidates":[]}],[],[{"start":0,"end":13,"url":null,"entity_id":"Q127856","candidates":[]}],[{"start":0,"end":10,"url":null,"entity_id":"Q932586","candidates":[]}]],[[{"start":0,"end":7,"url":null,"entity_id":"Q465449","candidates":[]}],[],[{"start":0,"end":12,"url":null,"entity_id":"Q47164","candidates":[]}],[{"start":0,"end":10,"url":null,"entity_id":"Q932586","candidates":[]}]],[[{"start":0,"end":15,"url":null,"entity_id":"Q564960","candidates":[]}],[],[{"start":0,"end":6,"url":null,"entity_id":"Q1726","candidates":[]}],[{"start":0,"end":10,"url":null,"entity_id":"Q932586","candidates":[]}]],[[{"start":0,"end":12,"url":null,"entity_id":"Q2839496","candidates":[]}],[],[{"start":0,"end":5,"url":null,"entity_id":"Q90","candidates":[]}],[{"start":0,"end":10,"url":null,"entity_id":"Q932586","candidates":[]}]],[[{"start":0,"end":11,"url":null,"entity_id":"Q2450848","candidates":[]}],[],[{"start":0,"end":5,"url":null,"entity_id":"Q90","candidates":[]}],[{"start":0,"end":10,"url":null,"entity_id":"Q932586","candidates":[]}]]]}