{"version":"1.2","table":{"version":"2","table_id":"392I1ENQ","columns":[{"index":0,"name":"col0","values":["1984 Paris–Camembert","1982 Paris–Camembert","1981 Paris–Camembert","1975 Paris–Camembert","1978 Paris–Camembert","1979 Paris–Camembert","1976 Paris–Camembert","1983 Paris–Camembert","1977 Paris–Camembert","2010 Paris–Camembert","2002 Paris–Camembert","2007 Paris–Camembert","2009 Paris–Camembert","2005 Paris–Camembert","2003 Paris–Camembert","2012 Paris–Camembert","2006 Paris–Camembert","2008 Paris–Camembert","2004 Paris–Camembert","1985 Paris–Camembert"]},{"index":1,"name":"col1","values":["road bicycle racing","road bicycle racing","road bicycle racing","road bicycle racing","road bicycle racing","road bicycle racing","road bicycle racing","road bicycle racing","road bicycle racing","road bicycle racing","road bicycle racing","road bicycle racing","road bicycle racing","road bicycle racing","road bicycle racing","road bicycle racing","road bicycle racing","road bicycle racing","road bicycle racing","road bicycle racing"]},{"index":2,"name":"col2","values":["Kim Andersen","Francis Castaing","Francis Castaing","Bernard Thévenet","Jean-René Bernaudeau","Jean-René Bernaudeau","Bernard Hinault","Jacques van Meer","Gregor Braun","José Joaquín Rojas","Sandy Casar","Nicolas Roche","Romain Feillu","Samuel Dumoulin","René Jørgensen","Evert Verbist","Émilien-Benoît Bergès","Alejandro Valverde","Andrey Kashechkin","Marc Madiot"]}]},"context":{"page_title":null,"page_url":null,"page_entity_id":null,"content_hierarchy":[]},"links":[[[{"start":0,"end":20,"url":null,"entity_id":"Q28747431","candidates":[]}],[{"start":0,"end":19,"url":null,"entity_id":"Q3609","candidates":[]}],[{"start":0,"end":16,"url":null,"entity_id":"Q538435","candidates":[]}]],[[{"start":0,"end":20,"url":null,"entity_id":"Q28747425","candidates":[]}],[{"start":0,"end":19,"url":null,"entity_id":"Q3609","candidates":[]}],[{"start":0,"end":16,"url":null,"entity_id":"Q538435","candidates":[]}]],[[{"start":0,"end":20,"url":null,"entity_id":"Q28747909","candidates":[]}],[{"start":0,"end":19,"url":null,"entity_id":"Q3609","candidates":[]}],[{"start":0,"end":16,"url":null,"entity_id":"Q367064","candidates":[]}]],[[{"start":0,"end":20,"url":null,"entity_id":"Q28747473","candidates":[]}],[{"start":0,"end":19,"url":null,"entity_id":"Q3609","candidates":[]}],[{"start":0,"end":20,"url":null,"entity_id":"Q186308","candidates":[]}]],[[{"start":0,"end":20,"url":null,"entity_id":"Q28747446","candidates":[]}],[{"start":0,"end":19,"url":null,"entity_id":"Q3609","candidates":[]}],[{"start":0,"end":20,"url":null,"entity_id":"Q186308","candidates":[]}]],[[{"start":0,"end":20,"url":null,"entity_id":"Q28747908","candidates":[]}],[{"start":0,"end":19,"url":null,"entity_id":"Q3609","candidates":[]}],[{"start":0,"end":15,"url":null,"entity_id":"Q109255","candidates":[]}]],[[{"start":0,"end":20,"url":null,"entity_id":"Q28747419","candidates":[]}],[{"start":0,"end":19,"url":null,"entity_id":"Q3609","candidates":[]}],[{"start":0,"end":16,"url":null,"entity_id":"Q75289","candidates":[]}]],[[{"start":0,"end":20,"url":null,"entity_id":"Q28747906","candidates":[]}],[{"start":0,"end":19,"url":null,"entity_id":"Q3609","candidates":[]}],[{"start":0,"end":12,"url":null,"entity_id":"Q62225","candidates":[]}]],[[{"start":0,"end":20,"url":null,"entity_id":"Q3895911","candidates":[]}],[{"start":0,"end":19,"url":null,"entity_id":"Q3609","candidates":[]}],[{"start":0,"end":18,"url":null,"entity_id":"Q381705","candidates":[]}]],[[{"start":0,"end":20,"url":null,"entity_id":"Q3895902","candidates":[]}],[{"start":0,"end":19,"url":null,"entity_id":"Q3609","candidates":[]}],[{"start":0,"end":11,"url":null,"entity_id":"Q380890","candidates":[]}]],[[{"start":0,"end":20,"url":null,"entity_id":"Q3895908","candidates":[]}],[{"start":0,"end":19,"url":null,"entity_id":"Q3609","candidates":[]}],[{"start":0,"end":13,"url":null,"entity_id":"Q375046","candidates":[]}]],[[{"start":0,"end":20,"url":null,"entity_id":"Q3895910","candidates":[]}],[{"start":0,"end":19,"url":null,"entity_id":"Q3609","candidates":[]}],[{"start":0,"end":13,"url":null,"entity_id":"Q363382","candidates":[]}]],[[{"start":0,"end":20,"url":null,"entity_id":"Q3895905","candidates":[]}],[{"start":0,"end":19,"url":null,"entity_id":"Q3609","candidates":[]}],[{"start":0,"end":15,"url":null,"entity_id":"Q356311","candidates":[]}]],[[{"start":0,"end":20,"url":null,"entity_id":"Q3895903","candidates":[]}],[{"start":0,"end":19,"url":null,"entity_id":"Q3609","candidates":[]}],[{"start":0,"end":14,"url":null,"entity_id":"Q330342","candidates":[]}]],[[{"start":0,"end":20,"url":null,"entity_id":"Q3895912","candidates":[]}],[{"start":0,"end":19,"url":null,"entity_id":"Q3609","candidates":[]}],[{"start":0,"end":13,"url":null,"entity_id":"Q329493","candidates":[]}]],[[{"start":0,"end":20,"url":null,"entity_id":"Q3895906","candidates":[]}],[{"start":0,"end":19,"url":null,"entity_id":"Q3609","candidates":[]}],[{"start":0,"end":21,"url":null,"entity_id":"Q286855","candidates":[]}]],[[{"start":0,"end":20,"url":null,"entity_id":"Q3895909","candidates":[]}],[{"start":0,"end":19,"url":null,"entity_id":"Q3609","candidates":[]}],[{"start":0,"end":18,"url":null,"entity_id":"Q286183","candidates":[]}]],[[{"start":0,"end":20,"url":null,"entity_id":"Q3895904","candidates":[]}],[{"start":0,"end":19,"url":null,"entity_id":"Q3609","candidates":[]}],[{"start":0,"end":17,"url":null,"entity_id":"Q24148","candidates":[]}]],[[{"start":0,"end":20,"url":null,"entity_id":"Q28747399","candidates":[]}],[{"start":0,"end":19,"url":null,"entity_id":"Q3609","candidates":[]}],[{"start":0,"end":11,"url":null,"entity_id":"Q538678","candidates":[]}]],[[{"start":0,"end":20,"url":null,"entity_id":"Q28747409","candidates":[]}],[{"start":0,"end":19,"url":null,"entity_id":"Q3609","candidates":[]}],[{"start":0,"end":12,"url":null,"entity_id":"Q932133","candidates":[]}]]]}