{"version":"1.2","table":{"version":"2","table_id":"394TR9TQ","columns":[{"index":0,"name":"col0","values":["León Cathedral","Veruela Abbey","Sagrada Família","Mosque–Cathedral of Córdoba","El Escorial","Cathedral of the Holy Cross and Saint Eulalia","Castle of Coca","Oratorio de San Felipe Neri (Alcalá de Henares)","Manzana Fundacional Cisneriana de la Universidad de Alcalá","clock tower of Jaca","Escuelas del Arrabal","Cloister of the monastery of San Pedro el Viejo de Huesca","Palace of the Counts of Argillo","Iglesia de San Martín de Tours","Town hall of Alcalá de Henares","San Martín","School of St. Thomas Aquinas of the Piarist Schools of Zaragoza","Church of las Fecetas","St. Thomas Aquinas Church","San Andrés, Calatayud"]},{"index":1,"name":"col1","values":["Spain","Spain","Spain","Spain","Spain","Spain","Spain","Spain","Spain","Spain","Spain","Spain","Spain","Spain","Spain","Spain","Spain","Spain","Spain","Spain"]},{"index":2,"name":"col2","values":["1205-01-01","1145-01-01","1882-01-01","0601-01-01","1563-01-01","1298-01-01","1453-01-01","1694-01-01","1499-04-22","1445-01-01","1912-01-01","1200-01-01","1661-01-01","1400-01-01","1675-01-01","1060-01-01","1731-01-01","1623-01-01","1736-01-01","1401-01-01"]}]},"context":{"page_title":null,"page_url":null,"page_entity_id":null,"content_hierarchy":[]},"links":[[[{"start":0,"end":14,"url":null,"entity_id":"Q175874","candidates":[]}],[{"start":0,"end":5,"url":null,"entity_id":"Q29","candidates":[]}],[]],[[{"start":0,"end":13,"url":null,"entity_id":"Q125335","candidates":[]}],[{"start":0,"end":5,"url":null,"entity_id":"Q29","candidates":[]}],[]],[[{"start":0,"end":15,"url":null,"entity_id":"Q48435","candidates":[]}],[{"start":0,"end":5,"url":null,"entity_id":"Q29","candidates":[]}],[]],[[{"start":0,"end":27,"url":null,"entity_id":"Q33200","candidates":[]}],[{"start":0,"end":5,"url":null,"entity_id":"Q29","candidates":[]}],[]],[[{"start":0,"end":11,"url":null,"entity_id":"Q28471","candidates":[]}],[{"start":0,"end":5,"url":null,"entity_id":"Q29","candidates":[]}],[]],[[{"start":0,"end":45,"url":null,"entity_id":"Q17155","candidates":[]}],[{"start":0,"end":5,"url":null,"entity_id":"Q29","candidates":[]}],[]],[[{"start":0,"end":14,"url":null,"entity_id":"Q11845","candidates":[]}],[{"start":0,"end":5,"url":null,"entity_id":"Q29","candidates":[]}],[]],[[{"start":0,"end":47,"url":null,"entity_id":"Q63761183","candidates":[]}],[{"start":0,"end":5,"url":null,"entity_id":"Q29","candidates":[]}],[]],[[{"start":0,"end":58,"url":null,"entity_id":"Q62132446","candidates":[]}],[{"start":0,"end":5,"url":null,"entity_id":"Q29","candidates":[]}],[]],[[{"start":0,"end":19,"url":null,"entity_id":"Q55848226","candidates":[]}],[{"start":0,"end":5,"url":null,"entity_id":"Q29","candidates":[]}],[]],[[{"start":0,"end":20,"url":null,"entity_id":"Q55386416","candidates":[]}],[{"start":0,"end":5,"url":null,"entity_id":"Q29","candidates":[]}],[]],[[{"start":0,"end":57,"url":null,"entity_id":"Q50306776","candidates":[]}],[{"start":0,"end":5,"url":null,"entity_id":"Q29","candidates":[]}],[]],[[{"start":0,"end":31,"url":null,"entity_id":"Q50286753","candidates":[]}],[{"start":0,"end":5,"url":null,"entity_id":"Q29","candidates":[]}],[]],[[{"start":0,"end":30,"url":null,"entity_id":"Q29367645","candidates":[]}],[{"start":0,"end":5,"url":null,"entity_id":"Q29","candidates":[]}],[]],[[{"start":0,"end":30,"url":null,"entity_id":"Q26882464","candidates":[]}],[{"start":0,"end":5,"url":null,"entity_id":"Q29","candidates":[]}],[]],[[{"start":0,"end":10,"url":null,"entity_id":"Q13049200","candidates":[]}],[{"start":0,"end":5,"url":null,"entity_id":"Q29","candidates":[]}],[]],[[{"start":0,"end":63,"url":null,"entity_id":"Q8347695","candidates":[]}],[{"start":0,"end":5,"url":null,"entity_id":"Q29","candidates":[]}],[]],[[{"start":0,"end":21,"url":null,"entity_id":"Q5912634","candidates":[]}],[{"start":0,"end":5,"url":null,"entity_id":"Q29","candidates":[]}],[]],[[{"start":0,"end":25,"url":null,"entity_id":"Q5912632","candidates":[]}],[{"start":0,"end":5,"url":null,"entity_id":"Q29","candidates":[]}],[]],[[{"start":0,"end":21,"url":null,"entity_id":"Q5909839","candidates":[]}],[{"start":0,"end":5,"url":null,"entity_id":"Q29","candidates":[]}],[]]]}