{"version":"1.2","table":{"version":"2","table_id":"39KO5APR","columns":[{"index":0,"name":"col0","values":["Enogio funebre del colonnello Francesco Nullo","Tke Evolution of Suugery","Bearing and Importance of Commercial Treatis in the Twentieth Century","Reverend Dr. Martin Luther ing","Address on the opening of uhe Free Public Library of Ballarat East, on Friday, 1st. January, 1869","Old Towns and Nw Needs; also the Town Extension Plan","Hospitals, Medical Science, and Pblic Health","Leibniz as a Poliician","Wr Prisoners","Lou Hehrig's Farewell to Baseball","Agaist Andpcides","Adresse des habitants des trois faubourgs\"de la ville de Montréal à Richard Montgomery, brigadier général des forces du continent","Speech against thh Stamp Act","On the motion of Sir George Strickland; for#the abolition of the negro apprenticeship","King Follett Discourve","Shruld the United States be the World's Policeman?","Post Reditum!in Senatu","Remarks of Senctor Barack Obama on New Hampshire Primary Night","Speech about an immigrant donstituent","Trial Speech of Nen Saro-Wiwa"]},{"index":1,"name":"col1","values":["Italian","English","English","English","English","English","English","English","English","English","Ancient Greek","French","British English","English","English","English","Latin","English","English","English"]},{"index":2,"name":"col2","values":["Giuseppe da Forio","William Thorburn","Thomas Barclay","Benjamin A. Gilman","Redmond Barry","Raymond Unwin","Thomas Clifford Allbutt","Adolphus William Ward","Clarence Darrow","Lou Gehrig","Lysias","Valentin Jautard","William Pitt, 1st Earl of Chatham","William Ewart Gladstone","Joseph Smith","John McCain","Cicero","Barack Obama","Alexandria Ocasio-Cortez","Ken Saro-Wiwa"]}]},"context":{"page_title":null,"page_url":null,"page_entity_id":null,"content_hierarchy":[]},"links":[[[{"start":0,"end":45,"url":null,"entity_id":"Q19129715","candidates":[]}],[{"start":0,"end":7,"url":null,"entity_id":"Q652","candidates":[]}],[{"start":0,"end":17,"url":null,"entity_id":"Q15710658","candidates":[]}]],[[{"start":0,"end":24,"url":null,"entity_id":"Q19086319","candidates":[]}],[{"start":0,"end":7,"url":null,"entity_id":"Q1860","candidates":[]}],[{"start":0,"end":16,"url":null,"entity_id":"Q8019385","candidates":[]}]],[[{"start":0,"end":69,"url":null,"entity_id":"Q19110836","candidates":[]}],[{"start":0,"end":7,"url":null,"entity_id":"Q1860","candidates":[]}],[{"start":0,"end":14,"url":null,"entity_id":"Q5565726","candidates":[]}]],[[{"start":0,"end":30,"url":null,"entity_id":"Q19096993","candidates":[]}],[{"start":0,"end":7,"url":null,"entity_id":"Q1860","candidates":[]}],[{"start":0,"end":18,"url":null,"entity_id":"Q4888163","candidates":[]}]],[[{"start":0,"end":97,"url":null,"entity_id":"Q19030246","candidates":[]}],[{"start":0,"end":7,"url":null,"entity_id":"Q1860","candidates":[]}],[{"start":0,"end":13,"url":null,"entity_id":"Q2024655","candidates":[]}]],[[{"start":0,"end":52,"url":null,"entity_id":"Q18606907","candidates":[]}],[{"start":0,"end":7,"url":null,"entity_id":"Q1860","candidates":[]}],[{"start":0,"end":13,"url":null,"entity_id":"Q977815","candidates":[]}]],[[{"start":0,"end":44,"url":null,"entity_id":"Q19048056","candidates":[]}],[{"start":0,"end":7,"url":null,"entity_id":"Q1860","candidates":[]}],[{"start":0,"end":23,"url":null,"entity_id":"Q706057","candidates":[]}]],[[{"start":0,"end":22,"url":null,"entity_id":"Q19095295","candidates":[]}],[{"start":0,"end":7,"url":null,"entity_id":"Q1860","candidates":[]}],[{"start":0,"end":21,"url":null,"entity_id":"Q647094","candidates":[]}]],[[{"start":0,"end":12,"url":null,"entity_id":"Q19053527","candidates":[]}],[{"start":0,"end":7,"url":null,"entity_id":"Q1860","candidates":[]}],[{"start":0,"end":15,"url":null,"entity_id":"Q449791","candidates":[]}]],[[{"start":0,"end":33,"url":null,"entity_id":"Q19102207","candidates":[]}],[{"start":0,"end":7,"url":null,"entity_id":"Q1860","candidates":[]}],[{"start":0,"end":10,"url":null,"entity_id":"Q357444","candidates":[]}]],[[{"start":0,"end":16,"url":null,"entity_id":"Q19149509","candidates":[]}],[{"start":0,"end":13,"url":null,"entity_id":"Q35497","candidates":[]}],[{"start":0,"end":6,"url":null,"entity_id":"Q310164","candidates":[]}]],[[{"start":0,"end":129,"url":null,"entity_id":"Q19131359","candidates":[]}],[{"start":0,"end":6,"url":null,"entity_id":"Q150","candidates":[]}],[{"start":0,"end":16,"url":null,"entity_id":"Q278700","candidates":[]}]],[[{"start":0,"end":28,"url":null,"entity_id":"Q19051051","candidates":[]}],[{"start":0,"end":15,"url":null,"entity_id":"Q7979","candidates":[]}],[{"start":0,"end":33,"url":null,"entity_id":"Q208663","candidates":[]}]],[[{"start":0,"end":85,"url":null,"entity_id":"Q19086960","candidates":[]}],[{"start":0,"end":7,"url":null,"entity_id":"Q1860","candidates":[]}],[{"start":0,"end":23,"url":null,"entity_id":"Q160852","candidates":[]}]],[[{"start":0,"end":22,"url":null,"entity_id":"Q19086395","candidates":[]}],[{"start":0,"end":7,"url":null,"entity_id":"Q1860","candidates":[]}],[{"start":0,"end":12,"url":null,"entity_id":"Q47102","candidates":[]}]],[[{"start":0,"end":50,"url":null,"entity_id":"Q19035251","candidates":[]}],[{"start":0,"end":7,"url":null,"entity_id":"Q1860","candidates":[]}],[{"start":0,"end":11,"url":null,"entity_id":"Q10390","candidates":[]}]],[[{"start":0,"end":22,"url":null,"entity_id":"Q19041705","candidates":[]}],[{"start":0,"end":5,"url":null,"entity_id":"Q397","candidates":[]}],[{"start":0,"end":6,"url":null,"entity_id":"Q1541","candidates":[]}]],[[{"start":0,"end":62,"url":null,"entity_id":"Q19095436","candidates":[]}],[{"start":0,"end":7,"url":null,"entity_id":"Q1860","candidates":[]}],[{"start":0,"end":12,"url":null,"entity_id":"Q76","candidates":[]}]],[[{"start":0,"end":37,"url":null,"entity_id":"Q60695683","candidates":[]}],[{"start":0,"end":7,"url":null,"entity_id":"Q1860","candidates":[]}],[{"start":0,"end":24,"url":null,"entity_id":"Q55223040","candidates":[]}]],[[{"start":0,"end":29,"url":null,"entity_id":"Q17600124","candidates":[]}],[{"start":0,"end":7,"url":null,"entity_id":"Q1860","candidates":[]}],[{"start":0,"end":13,"url":null,"entity_id":"Q316292","candidates":[]}]]]}