{"version":"1.2","table":{"version":"2","table_id":"39NU2MFK","columns":[{"index":0,"name":"col0","values":["Hurricane Ione","Hurricane Connie","Hurricane Hyacinth","Hurricane Gwen","Hurricane Fernanda","Hurricane Priscilla","Hurricane Monica","Hurricane Ilsa","Hurricane Francesca","Hurricane Ellen","Hurricane Becky","Hurricane Frances","Hurricane Frances","Hurricane Irene","Hurricane Floyd","Hurricane Isidore","Hurricane Michael","Hurricane Edouard","Hurricane Gaston","Hurricane Lee"]},{"index":1,"name":"col1","values":["185","205","205","205","185","205","185","185","185","185","54","185","185","195","185","185","99.9","105.3","105","99.9"]},{"index":2,"name":"col2","values":["954","942","962","941","948","951","1005","978","991","962","977","963","958","959","975","960","964","955","955","962"]}]},"context":{"page_title":null,"page_url":null,"page_entity_id":null,"content_hierarchy":[]},"links":[[[{"start":0,"end":14,"url":null,"entity_id":"Q64213776","candidates":[]}],[],[]],[[{"start":0,"end":16,"url":null,"entity_id":"Q64213763","candidates":[]}],[],[]],[[{"start":0,"end":18,"url":null,"entity_id":"Q64212550","candidates":[]}],[],[]],[[{"start":0,"end":14,"url":null,"entity_id":"Q64212549","candidates":[]}],[],[]],[[{"start":0,"end":18,"url":null,"entity_id":"Q64212548","candidates":[]}],[],[]],[[{"start":0,"end":19,"url":null,"entity_id":"Q64175700","candidates":[]}],[],[]],[[{"start":0,"end":16,"url":null,"entity_id":"Q64175697","candidates":[]}],[],[]],[[{"start":0,"end":14,"url":null,"entity_id":"Q64175693","candidates":[]}],[],[]],[[{"start":0,"end":19,"url":null,"entity_id":"Q64175688","candidates":[]}],[],[]],[[{"start":0,"end":15,"url":null,"entity_id":"Q64096133","candidates":[]}],[],[]],[[{"start":0,"end":15,"url":null,"entity_id":"Q64095148","candidates":[]}],[],[]],[[{"start":0,"end":17,"url":null,"entity_id":"Q64084720","candidates":[]}],[],[]],[[{"start":0,"end":17,"url":null,"entity_id":"Q64029894","candidates":[]}],[],[]],[[{"start":0,"end":15,"url":null,"entity_id":"Q64027160","candidates":[]}],[],[]],[[{"start":0,"end":15,"url":null,"entity_id":"Q64027156","candidates":[]}],[],[]],[[{"start":0,"end":17,"url":null,"entity_id":"Q64019441","candidates":[]}],[],[]],[[{"start":0,"end":17,"url":null,"entity_id":"Q64007965","candidates":[]}],[],[]],[[{"start":0,"end":17,"url":null,"entity_id":"Q64006576","candidates":[]}],[],[]],[[{"start":0,"end":16,"url":null,"entity_id":"Q64005472","candidates":[]}],[],[]],[[{"start":0,"end":13,"url":null,"entity_id":"Q63998197","candidates":[]}],[],[]]]}