{"version":"1.2","table":{"version":"2","table_id":"39P6ALPP","columns":[{"index":0,"name":"col0","values":["Ohko County","Cmay County","Taylor Couny","Tyler Conty","Minerbl County","Hancock Couty","ackuon County","artison County","Marion\"County","Gilmer Count{","Marshall Founty","Fayette Count{","Wftzel County","Wyoming Counvy","Ritchie Count|","Roaoe County","Maon Cpunty","Summrs County","Merer County","Randolph ounty"]},{"index":1,"name":"col1","values":["280.872","893.5600000000001","455.4549999999999","677.7","845.184","228.542","1196.352","1073.605","814.2629999999999","885.4049999999999","812.236","1734.462","362.08299999999997","505.51399999999995","1178.5249999999999","1255.506","1162.368","952.9519999999999","1082.37","2695.6929999999998"]},{"index":2,"name":"col2","values":["2.9116","0.499","1.683","1.6864","0.40199999999999997","6.0756","1.5074999999999998","0.1008","0.9045","0.5025","2.2022","1.005","0.8946000000000001","0.4985","0.3996","0.02973","3.1216999999999997","1.984","0.3972","0.02982"]},{"index":3,"name":"col3","values":["44164.27","9188.536","17108.784","8905.05","27454.664","30139.545","29236.356","68627.14","56754.264","8663.328","32264.246","45781.396","16122.98","22995.981","10083.072999999999","14656.0","27261.629999999997","13508.748","61488.128","29238.51"]}]},"context":{"page_title":null,"page_url":null,"page_entity_id":null,"content_hierarchy":[]},"links":[[[{"start":0,"end":11,"url":null,"entity_id":"Q847673","candidates":[]}],[],[],[]],[[{"start":0,"end":12,"url":null,"entity_id":"Q511095","candidates":[]}],[],[],[]],[[{"start":0,"end":11,"url":null,"entity_id":"Q511069","candidates":[]}],[],[],[]],[[{"start":0,"end":14,"url":null,"entity_id":"Q510407","candidates":[]}],[],[],[]],[[{"start":0,"end":13,"url":null,"entity_id":"Q504863","candidates":[]}],[],[],[]],[[{"start":0,"end":13,"url":null,"entity_id":"Q504856","candidates":[]}],[],[],[]],[[{"start":0,"end":14,"url":null,"entity_id":"Q504850","candidates":[]}],[],[],[]],[[{"start":0,"end":13,"url":null,"entity_id":"Q504846","candidates":[]}],[],[],[]],[[{"start":0,"end":13,"url":null,"entity_id":"Q504842","candidates":[]}],[],[],[]],[[{"start":0,"end":15,"url":null,"entity_id":"Q504838","candidates":[]}],[],[],[]],[[{"start":0,"end":14,"url":null,"entity_id":"Q504830","candidates":[]}],[],[],[]],[[{"start":0,"end":13,"url":null,"entity_id":"Q501858","candidates":[]}],[],[],[]],[[{"start":0,"end":14,"url":null,"entity_id":"Q501843","candidates":[]}],[],[],[]],[[{"start":0,"end":14,"url":null,"entity_id":"Q501839","candidates":[]}],[],[],[]],[[{"start":0,"end":12,"url":null,"entity_id":"Q501835","candidates":[]}],[],[],[]],[[{"start":0,"end":11,"url":null,"entity_id":"Q501830","candidates":[]}],[],[],[]],[[{"start":0,"end":13,"url":null,"entity_id":"Q501827","candidates":[]}],[],[],[]],[[{"start":0,"end":12,"url":null,"entity_id":"Q501823","candidates":[]}],[],[],[]],[[{"start":0,"end":14,"url":null,"entity_id":"Q501819","candidates":[]}],[],[],[]],[[{"start":0,"end":11,"url":null,"entity_id":"Q847676","candidates":[]}],[],[],[]]]}