{"version":"1.2","table":{"version":"2","table_id":"39UMTJIK","columns":[{"index":0,"name":"col0","values":["Peniarth MS 139iii","Peniarth MS 139i","Peniarth MS 561","Peniarth MS 560","Peniarth MS 559","Peniarth MS 558","Peniarth MS 556","Peniarth MS 555","Peniarth MS 554","Peniarth MS 553","Peniarth MS 551","Peniarth MS 550","Peniarth MS 549","Peniarth MS 548","Peniarth MS 547","Peniarth MS 546","Peniarth MS 545","Peniarth MS 544","Peniarth MS 543","Peniarth MS 542","Peniarth MS 541","Peniarth MS 540","Peniarth MS 539","Peniarth MS 538","Peniarth MS 537","Peniarth MS 536","Peniarth MS 535","Peniarth MS 534","Peniarth MS 533","Peniarth MS 532","Peniarth MS 528","Peniarth MS 527","Peniarth MS 526","Peniarth MS 525","Peniarth MS 524","Peniarth MS 523","Peniarth MS 522","Peniarth MS 517","Peniarth MS 516","Peniarth MS 515","Peniarth MS 514","Peniarth MS 513","Peniarth MS 512"]},{"index":1,"name":"col1","values":["152","149","119","164","190","167","100","137","135","834","196","150","185","200","157","244","100","840","116","120","198","164","100","100","162","134","161","168","190","150","104","125","105","162","162","127","142","197","100","189","192","198","187"]},{"index":2,"name":"col2","values":["42","390","26","57","66","76","36","170","74","5","81","50","7","29","88","162","80","10","10","1","36","8","11","26","60","30","148","74","72","308","115","134","42","58","39","514","118","175","75","295","394","577","197"]},{"index":3,"name":"col3","values":["213","206","186","203","228","214","153","217","218","930","313","228","232","320","195","380","157","585","181","700","271","222","157","157","197","216","200","218","242","208","162","205","167","229","229","206","206","318","153","317","314","322","243"]}]},"context":{"page_title":null,"page_url":null,"page_entity_id":null,"content_hierarchy":[]},"links":[[[{"start":0,"end":18,"url":null,"entity_id":"Q64359969","candidates":[]}],[],[],[]],[[{"start":0,"end":16,"url":null,"entity_id":"Q64359967","candidates":[]}],[],[],[]],[[{"start":0,"end":15,"url":null,"entity_id":"Q64359966","candidates":[]}],[],[],[]],[[{"start":0,"end":15,"url":null,"entity_id":"Q64359964","candidates":[]}],[],[],[]],[[{"start":0,"end":15,"url":null,"entity_id":"Q64359963","candidates":[]}],[],[],[]],[[{"start":0,"end":15,"url":null,"entity_id":"Q64359962","candidates":[]}],[],[],[]],[[{"start":0,"end":15,"url":null,"entity_id":"Q64359960","candidates":[]}],[],[],[]],[[{"start":0,"end":15,"url":null,"entity_id":"Q64359958","candidates":[]}],[],[],[]],[[{"start":0,"end":15,"url":null,"entity_id":"Q64359957","candidates":[]}],[],[],[]],[[{"start":0,"end":15,"url":null,"entity_id":"Q64359956","candidates":[]}],[],[],[]],[[{"start":0,"end":15,"url":null,"entity_id":"Q64359954","candidates":[]}],[],[],[]],[[{"start":0,"end":15,"url":null,"entity_id":"Q64359953","candidates":[]}],[],[],[]],[[{"start":0,"end":15,"url":null,"entity_id":"Q64359951","candidates":[]}],[],[],[]],[[{"start":0,"end":15,"url":null,"entity_id":"Q64359950","candidates":[]}],[],[],[]],[[{"start":0,"end":15,"url":null,"entity_id":"Q64359949","candidates":[]}],[],[],[]],[[{"start":0,"end":15,"url":null,"entity_id":"Q64359948","candidates":[]}],[],[],[]],[[{"start":0,"end":15,"url":null,"entity_id":"Q64359947","candidates":[]}],[],[],[]],[[{"start":0,"end":15,"url":null,"entity_id":"Q64359946","candidates":[]}],[],[],[]],[[{"start":0,"end":15,"url":null,"entity_id":"Q64359945","candidates":[]}],[],[],[]],[[{"start":0,"end":15,"url":null,"entity_id":"Q64359943","candidates":[]}],[],[],[]],[[{"start":0,"end":15,"url":null,"entity_id":"Q64359942","candidates":[]}],[],[],[]],[[{"start":0,"end":15,"url":null,"entity_id":"Q64359941","candidates":[]}],[],[],[]],[[{"start":0,"end":15,"url":null,"entity_id":"Q64359940","candidates":[]}],[],[],[]],[[{"start":0,"end":15,"url":null,"entity_id":"Q64359938","candidates":[]}],[],[],[]],[[{"start":0,"end":15,"url":null,"entity_id":"Q64359937","candidates":[]}],[],[],[]],[[{"start":0,"end":15,"url":null,"entity_id":"Q64359936","candidates":[]}],[],[],[]],[[{"start":0,"end":15,"url":null,"entity_id":"Q64359935","candidates":[]}],[],[],[]],[[{"start":0,"end":15,"url":null,"entity_id":"Q64359934","candidates":[]}],[],[],[]],[[{"start":0,"end":15,"url":null,"entity_id":"Q64359933","candidates":[]}],[],[],[]],[[{"start":0,"end":15,"url":null,"entity_id":"Q64359931","candidates":[]}],[],[],[]],[[{"start":0,"end":15,"url":null,"entity_id":"Q64359930","candidates":[]}],[],[],[]],[[{"start":0,"end":15,"url":null,"entity_id":"Q64359929","candidates":[]}],[],[],[]],[[{"start":0,"end":15,"url":null,"entity_id":"Q64359928","candidates":[]}],[],[],[]],[[{"start":0,"end":15,"url":null,"entity_id":"Q64359927","candidates":[]}],[],[],[]],[[{"start":0,"end":15,"url":null,"entity_id":"Q64359926","candidates":[]}],[],[],[]],[[{"start":0,"end":15,"url":null,"entity_id":"Q64359922","candidates":[]}],[],[],[]],[[{"start":0,"end":15,"url":null,"entity_id":"Q64359921","candidates":[]}],[],[],[]],[[{"start":0,"end":15,"url":null,"entity_id":"Q64359918","candidates":[]}],[],[],[]],[[{"start":0,"end":15,"url":null,"entity_id":"Q64359917","candidates":[]}],[],[],[]],[[{"start":0,"end":15,"url":null,"entity_id":"Q64359916","candidates":[]}],[],[],[]],[[{"start":0,"end":15,"url":null,"entity_id":"Q64359914","candidates":[]}],[],[],[]],[[{"start":0,"end":15,"url":null,"entity_id":"Q64359913","candidates":[]}],[],[],[]],[[{"start":0,"end":15,"url":null,"entity_id":"Q64359912","candidates":[]}],[],[],[]]]}