{"version":"1.2","table":{"version":"2","table_id":"3B7ZQNVT","columns":[{"index":0,"name":"col0","values":["Roman Catholic Archdiocese of Białystok","Roman Catholic Archdiocese of Blantyre","Roman Catholic Archdiocese of Besançon","Roman Catholic Archdiocese of Bertoua","Roman Catholic Archdiocese of Belém do Pará","Roman Catholic Archdiocese of Belo Horizonte","Roman Catholic Archdiocese of Benin City","Roman Catholic Archdiocese of Barcelona","Roman Catholic Archdiocese of Beira","Roman Catholic Archdiocese of Barquisimeto","Roman Catholic Archdiocese of Baltimore","Roman Catholic Archdiocese of Bangui","Roman Catholic Archdiocese of Bangkok","Roman Catholic Archdiocese of Bangalore","Roman Catholic Archdiocese of Bamenda","Roman Catholic Archdiocese of Bahía Blanca","Roman Catholic Archdiocese of Auch","Roman Catholic Archdiocese of Atlanta","Roman Catholic Archdiocese of Baghdad","Roman Catholic Archdiocese of Ayacucho"]},{"index":1,"name":"col1","values":["429641","4370000","608500","345000","2342061","5110678","3043000","2679944","1336000","2026000","3250032","964105","13513698","16768000","1413000","765000","196800","7200000","26074906","689000"]},{"index":2,"name":"col2","values":["5550","9161","9732","26320","2082","7222","13678","340.53","78018","8590","12430","35066","18831","27123","10000","82625","6171","55521","438317","43815"]}]},"context":{"page_title":null,"page_url":null,"page_entity_id":null,"content_hierarchy":[]},"links":[[[{"start":0,"end":38,"url":null,"entity_id":"Q1364154","candidates":[]}],[],[]],[[{"start":0,"end":38,"url":null,"entity_id":"Q1364148","candidates":[]}],[],[]],[[{"start":0,"end":37,"url":null,"entity_id":"Q1364145","candidates":[]}],[],[]],[[{"start":0,"end":43,"url":null,"entity_id":"Q1364133","candidates":[]}],[],[]],[[{"start":0,"end":44,"url":null,"entity_id":"Q1364130","candidates":[]}],[],[]],[[{"start":0,"end":40,"url":null,"entity_id":"Q1364126","candidates":[]}],[],[]],[[{"start":0,"end":39,"url":null,"entity_id":"Q1364117","candidates":[]}],[],[]],[[{"start":0,"end":35,"url":null,"entity_id":"Q1364110","candidates":[]}],[],[]],[[{"start":0,"end":42,"url":null,"entity_id":"Q1364099","candidates":[]}],[],[]],[[{"start":0,"end":39,"url":null,"entity_id":"Q1364093","candidates":[]}],[],[]],[[{"start":0,"end":36,"url":null,"entity_id":"Q1364090","candidates":[]}],[],[]],[[{"start":0,"end":37,"url":null,"entity_id":"Q1364088","candidates":[]}],[],[]],[[{"start":0,"end":39,"url":null,"entity_id":"Q1364082","candidates":[]}],[],[]],[[{"start":0,"end":37,"url":null,"entity_id":"Q1364078","candidates":[]}],[],[]],[[{"start":0,"end":42,"url":null,"entity_id":"Q1364054","candidates":[]}],[],[]],[[{"start":0,"end":34,"url":null,"entity_id":"Q1364047","candidates":[]}],[],[]],[[{"start":0,"end":37,"url":null,"entity_id":"Q1364045","candidates":[]}],[],[]],[[{"start":0,"end":37,"url":null,"entity_id":"Q1364038","candidates":[]}],[],[]],[[{"start":0,"end":38,"url":null,"entity_id":"Q1364036","candidates":[]}],[],[]],[[{"start":0,"end":39,"url":null,"entity_id":"Q1364161","candidates":[]}],[],[]]]}