{"version":"1.2","table":{"version":"2","table_id":"3BL2BEBB","columns":[{"index":0,"name":"col0","values":["Karimnagar","Hugli-Chinsurah","Medinipur","Shiraz","Dabgram","Al Mansura District","Kurnool","Bally","Vizianagaram","Guntur","Mahbubnagar","Kalyani","Rishra","Bhadreswar","Ait Melloul","Taourirt","Uluberia","North Barrackpur","Uttarpara Kotrung","Raiganj"]},{"index":1,"name":"col1","values":["289821","179931","169264","1460665","119040","114931","457633","113377","228720","647508","190400","100575","124577","101477","171847","103398","235345","132806","159147","183612"]},{"index":2,"name":"col2","values":["69634","45005","37392","481239","26827","16760","100154","27778","57919","163115","37886","24492","27906","23233","39697","20182","50613","32564","40824","35326"]}]},"context":{"page_title":null,"page_url":null,"page_entity_id":null,"content_hierarchy":[]},"links":[[[{"start":0,"end":15,"url":null,"entity_id":"Q20099772","candidates":[]}],[],[]],[[{"start":0,"end":9,"url":null,"entity_id":"Q12447537","candidates":[]}],[],[]],[[{"start":0,"end":6,"url":null,"entity_id":"Q6397066","candidates":[]}],[],[]],[[{"start":0,"end":7,"url":null,"entity_id":"Q5207471","candidates":[]}],[],[]],[[{"start":0,"end":19,"url":null,"entity_id":"Q3696034","candidates":[]}],[],[]],[[{"start":0,"end":7,"url":null,"entity_id":"Q3635276","candidates":[]}],[],[]],[[{"start":0,"end":5,"url":null,"entity_id":"Q3633473","candidates":[]}],[],[]],[[{"start":0,"end":12,"url":null,"entity_id":"Q3619248","candidates":[]}],[],[]],[[{"start":0,"end":6,"url":null,"entity_id":"Q3120966","candidates":[]}],[],[]],[[{"start":0,"end":11,"url":null,"entity_id":"Q2768192","candidates":[]}],[],[]],[[{"start":0,"end":7,"url":null,"entity_id":"Q2734589","candidates":[]}],[],[]],[[{"start":0,"end":6,"url":null,"entity_id":"Q2453443","candidates":[]}],[],[]],[[{"start":0,"end":10,"url":null,"entity_id":"Q2453308","candidates":[]}],[],[]],[[{"start":0,"end":11,"url":null,"entity_id":"Q2384142","candidates":[]}],[],[]],[[{"start":0,"end":8,"url":null,"entity_id":"Q2329701","candidates":[]}],[],[]],[[{"start":0,"end":8,"url":null,"entity_id":"Q2318927","candidates":[]}],[],[]],[[{"start":0,"end":16,"url":null,"entity_id":"Q2318208","candidates":[]}],[],[]],[[{"start":0,"end":17,"url":null,"entity_id":"Q2317215","candidates":[]}],[],[]],[[{"start":0,"end":7,"url":null,"entity_id":"Q2304045","candidates":[]}],[],[]],[[{"start":0,"end":10,"url":null,"entity_id":"Q25563078","candidates":[]}],[],[]]]}