{"version":"1.2","table":{"version":"2","table_id":"3BWY6SXM","columns":[{"index":0,"name":"col0","values":["Bradford County","Erie County","Juniata County","Mercer County","Wyoming County","Sullivan County","Warren County","Lawrence County","Perry County","Northampton County","Luzerne County","Westmoreland County","Washington County","McKean County","Clinton County","Huntingdon County","Indiana County","Franklin County","Jefferson County","Cumberland County"]},{"index":1,"name":"col1","values":["William Bradford","Lake Erie","Juniata River","Hugh Mercer","Wyoming Valley","John Sullivan","Joseph Warren","USS Lawrence","Oliver Hazard Perry","Northamptonshire","Anne-César, Chevalier de la Luzerne","Westmorland","George Washington","Thomas McKean","DeWitt Clinton","Huntingdonshire","Indigenous peoples of America","Benjamin Franklin","Thomas Jefferson","Cumberland"]},{"index":2,"name":"col2","values":["Tioga County","Chautauqua County","Perry County","Lawrence County","Luzerne County","Wyoming County","McKean County","Mercer County","Juniata County","Warren County","Wyoming County","Washington County","Westmoreland County","Warren County","Cameron County","Franklin County","Jefferson County","Cumberland County","Indiana County","York County"]},{"index":3,"name":"col3","values":["Pennsylvania","Pennsylvania","Pennsylvania","Pennsylvania","Pennsylvania","Pennsylvania","Pennsylvania","Pennsylvania","Pennsylvania","Pennsylvania","Pennsylvania","Pennsylvania","Pennsylvania","Pennsylvania","Pennsylvania","Pennsylvania","Pennsylvania","Pennsylvania","Pennsylvania","Pennsylvania"]},{"index":4,"name":"col4","values":["Towanda","Erie","Mifflintown","Mercer","Tunkhannock","Laporte","Warren","New Castle","Bloomfield","Easton","Wilkes-Barre","Greensburg","Washington","Smethport","Lock Haven","Huntingdon","Indiana","Chambersburg","Brookville","Carlisle"]},{"index":5,"name":"col5","values":["62316","280294","24768","115195","28003","6351","40885","89333","45562","299791","320103","362437","208206","42979","39954","45694","87745","152085","44966","241212"]}]},"context":{"page_title":null,"page_url":null,"page_entity_id":null,"content_hierarchy":[]},"links":[[[{"start":0,"end":11,"url":null,"entity_id":"Q488679","candidates":[]}],[{"start":0,"end":9,"url":null,"entity_id":"Q5492","candidates":[]}],[{"start":0,"end":17,"url":null,"entity_id":"Q115061","candidates":[]}],[{"start":0,"end":12,"url":null,"entity_id":"Q1400","candidates":[]}],[{"start":0,"end":4,"url":null,"entity_id":"Q234061","candidates":[]}],[]],[[{"start":0,"end":14,"url":null,"entity_id":"Q501270","candidates":[]}],[{"start":0,"end":13,"url":null,"entity_id":"Q476488","candidates":[]}],[{"start":0,"end":12,"url":null,"entity_id":"Q501298","candidates":[]}],[{"start":0,"end":12,"url":null,"entity_id":"Q1400","candidates":[]}],[{"start":0,"end":11,"url":null,"entity_id":"Q1187797","candidates":[]}],[]],[[{"start":0,"end":13,"url":null,"entity_id":"Q497216","candidates":[]}],[{"start":0,"end":11,"url":null,"entity_id":"Q3030909","candidates":[]}],[{"start":0,"end":15,"url":null,"entity_id":"Q501256","candidates":[]}],[{"start":0,"end":12,"url":null,"entity_id":"Q1400","candidates":[]}],[{"start":0,"end":6,"url":null,"entity_id":"Q1186529","candidates":[]}],[]],[[{"start":0,"end":14,"url":null,"entity_id":"Q495677","candidates":[]}],[{"start":0,"end":14,"url":null,"entity_id":"Q604264","candidates":[]}],[{"start":0,"end":14,"url":null,"entity_id":"Q501292","candidates":[]}],[{"start":0,"end":12,"url":null,"entity_id":"Q1400","candidates":[]}],[{"start":0,"end":11,"url":null,"entity_id":"Q1184965","candidates":[]}],[]],[[{"start":0,"end":15,"url":null,"entity_id":"Q501306","candidates":[]}],[{"start":0,"end":13,"url":null,"entity_id":"Q886420","candidates":[]}],[{"start":0,"end":14,"url":null,"entity_id":"Q495677","candidates":[]}],[{"start":0,"end":12,"url":null,"entity_id":"Q1400","candidates":[]}],[{"start":0,"end":7,"url":null,"entity_id":"Q1184898","candidates":[]}],[]],[[{"start":0,"end":13,"url":null,"entity_id":"Q495662","candidates":[]}],[{"start":0,"end":13,"url":null,"entity_id":"Q590644","candidates":[]}],[{"start":0,"end":13,"url":null,"entity_id":"Q495640","candidates":[]}],[{"start":0,"end":12,"url":null,"entity_id":"Q1400","candidates":[]}],[{"start":0,"end":6,"url":null,"entity_id":"Q1184834","candidates":[]}],[]],[[{"start":0,"end":15,"url":null,"entity_id":"Q501256","candidates":[]}],[{"start":0,"end":12,"url":null,"entity_id":"Q7871181","candidates":[]}],[{"start":0,"end":13,"url":null,"entity_id":"Q497216","candidates":[]}],[{"start":0,"end":12,"url":null,"entity_id":"Q1400","candidates":[]}],[{"start":0,"end":10,"url":null,"entity_id":"Q1144835","candidates":[]}],[]],[[{"start":0,"end":12,"url":null,"entity_id":"Q501298","candidates":[]}],[{"start":0,"end":19,"url":null,"entity_id":"Q580513","candidates":[]}],[{"start":0,"end":14,"url":null,"entity_id":"Q501270","candidates":[]}],[{"start":0,"end":12,"url":null,"entity_id":"Q1400","candidates":[]}],[{"start":0,"end":10,"url":null,"entity_id":"Q1133241","candidates":[]}],[]],[[{"start":0,"end":18,"url":null,"entity_id":"Q495658","candidates":[]}],[{"start":0,"end":16,"url":null,"entity_id":"Q23115","candidates":[]}],[{"start":0,"end":13,"url":null,"entity_id":"Q502468","candidates":[]}],[{"start":0,"end":12,"url":null,"entity_id":"Q1400","candidates":[]}],[{"start":0,"end":6,"url":null,"entity_id":"Q1056542","candidates":[]}],[]],[[{"start":0,"end":14,"url":null,"entity_id":"Q501292","candidates":[]}],[{"start":0,"end":35,"url":null,"entity_id":"Q2851044","candidates":[]}],[{"start":0,"end":14,"url":null,"entity_id":"Q495677","candidates":[]}],[{"start":0,"end":12,"url":null,"entity_id":"Q1400","candidates":[]}],[{"start":0,"end":12,"url":null,"entity_id":"Q745594","candidates":[]}],[]],[[{"start":0,"end":19,"url":null,"entity_id":"Q495645","candidates":[]}],[{"start":0,"end":11,"url":null,"entity_id":"Q23326","candidates":[]}],[{"start":0,"end":17,"url":null,"entity_id":"Q497200","candidates":[]}],[{"start":0,"end":12,"url":null,"entity_id":"Q1400","candidates":[]}],[{"start":0,"end":10,"url":null,"entity_id":"Q734974","candidates":[]}],[]],[[{"start":0,"end":17,"url":null,"entity_id":"Q497200","candidates":[]}],[{"start":0,"end":17,"url":null,"entity_id":"Q23","candidates":[]}],[{"start":0,"end":19,"url":null,"entity_id":"Q495645","candidates":[]}],[{"start":0,"end":12,"url":null,"entity_id":"Q1400","candidates":[]}],[{"start":0,"end":10,"url":null,"entity_id":"Q594697","candidates":[]}],[]],[[{"start":0,"end":13,"url":null,"entity_id":"Q495640","candidates":[]}],[{"start":0,"end":13,"url":null,"entity_id":"Q880686","candidates":[]}],[{"start":0,"end":13,"url":null,"entity_id":"Q495662","candidates":[]}],[{"start":0,"end":12,"url":null,"entity_id":"Q1400","candidates":[]}],[{"start":0,"end":9,"url":null,"entity_id":"Q507946","candidates":[]}],[]],[[{"start":0,"end":14,"url":null,"entity_id":"Q494093","candidates":[]}],[{"start":0,"end":14,"url":null,"entity_id":"Q527462","candidates":[]}],[{"start":0,"end":14,"url":null,"entity_id":"Q494142","candidates":[]}],[{"start":0,"end":12,"url":null,"entity_id":"Q1400","candidates":[]}],[{"start":0,"end":10,"url":null,"entity_id":"Q1187817","candidates":[]}],[]],[[{"start":0,"end":17,"url":null,"entity_id":"Q494077","candidates":[]}],[{"start":0,"end":15,"url":null,"entity_id":"Q23330","candidates":[]}],[{"start":0,"end":15,"url":null,"entity_id":"Q494121","candidates":[]}],[{"start":0,"end":12,"url":null,"entity_id":"Q1400","candidates":[]}],[{"start":0,"end":10,"url":null,"entity_id":"Q1184812","candidates":[]}],[]],[[{"start":0,"end":14,"url":null,"entity_id":"Q494146","candidates":[]}],[{"start":0,"end":29,"url":null,"entity_id":"Q36747","candidates":[]}],[{"start":0,"end":16,"url":null,"entity_id":"Q494156","candidates":[]}],[{"start":0,"end":12,"url":null,"entity_id":"Q1400","candidates":[]}],[{"start":0,"end":7,"url":null,"entity_id":"Q1184769","candidates":[]}],[]],[[{"start":0,"end":15,"url":null,"entity_id":"Q494121","candidates":[]}],[{"start":0,"end":17,"url":null,"entity_id":"Q34969","candidates":[]}],[{"start":0,"end":17,"url":null,"entity_id":"Q494134","candidates":[]}],[{"start":0,"end":12,"url":null,"entity_id":"Q1400","candidates":[]}],[{"start":0,"end":12,"url":null,"entity_id":"Q1133562","candidates":[]}],[]],[[{"start":0,"end":16,"url":null,"entity_id":"Q494156","candidates":[]}],[{"start":0,"end":16,"url":null,"entity_id":"Q11812","candidates":[]}],[{"start":0,"end":14,"url":null,"entity_id":"Q494146","candidates":[]}],[{"start":0,"end":12,"url":null,"entity_id":"Q1400","candidates":[]}],[{"start":0,"end":10,"url":null,"entity_id":"Q1133325","candidates":[]}],[]],[[{"start":0,"end":17,"url":null,"entity_id":"Q494134","candidates":[]}],[{"start":0,"end":10,"url":null,"entity_id":"Q23360","candidates":[]}],[{"start":0,"end":11,"url":null,"entity_id":"Q490914","candidates":[]}],[{"start":0,"end":12,"url":null,"entity_id":"Q1400","candidates":[]}],[{"start":0,"end":8,"url":null,"entity_id":"Q1010228","candidates":[]}],[]],[[{"start":0,"end":15,"url":null,"entity_id":"Q488687","candidates":[]}],[{"start":0,"end":16,"url":null,"entity_id":"Q709229","candidates":[]}],[{"start":0,"end":12,"url":null,"entity_id":"Q56154","candidates":[]}],[{"start":0,"end":12,"url":null,"entity_id":"Q1400","candidates":[]}],[{"start":0,"end":7,"url":null,"entity_id":"Q671662","candidates":[]}],[]]]}