{"version":"1.2","table":{"version":"2","table_id":"3CD33ANN","columns":[{"index":0,"name":"col0","values":["V* YZ Peg","IRAS 05423+2905","IRAS 05552+1720","IRAS 17370-2529","OH 3.304 -2.039","IRC -30363","IRAS 17367-2521","IRAS 11589-5905","IRAS 12182-6803","IRC +40156","IRAS 15469-5311","OH 328.977 +0.479","OH 327.448 -0.627","IRAS 15337-5201","IRAS 14266-4211","OH 326.932 +2.754","IRAS 17376-3021","IRAS 20410+2949","OH 73.8 -6.3","IRAS 19382+3400"]},{"index":1,"name":"col1","values":["-4.182","-11.231","-2.584","-6.2","-5.828","-5.279","-5.548","-6.679","-9.256","-5.849","-6.671","-9.334","-8.481","-7.778","-13.704","-11.473","-0.69","-6.282","-6.624","-4.705"]},{"index":2,"name":"col2","values":["4.026","2.46","5.328","12.951","16.533","15","14.186","5.617","6.174","13.48","10.66","19.9371","15.9252","6.534","3.708","14.5741","2.266","5.615","5.555","5.797"]},{"index":3,"name":"col3","values":["32.6742678812231","29.1181363512549","17.3496139025348","-25.51262656284","-27.1242980148028","-26.2725234079105","-25.381089792675","-59.3709897017895","-68.3333885802905","40.7141767067041","-53.3453484425248","-52.7279817594441","-54.556766094554","-52.18276741268083","-42.4184447074121","-52.2039180400636","-30.377239618792","30.0106214245485","31.9084280808648","34.1218573396943"]}]},"context":{"page_title":null,"page_url":null,"page_entity_id":null,"content_hierarchy":[]},"links":[[[{"start":0,"end":15,"url":null,"entity_id":"Q79278520","candidates":[]}],[],[],[]],[[{"start":0,"end":15,"url":null,"entity_id":"Q79184099","candidates":[]}],[],[],[]],[[{"start":0,"end":15,"url":null,"entity_id":"Q79149228","candidates":[]}],[],[],[]],[[{"start":0,"end":15,"url":null,"entity_id":"Q79144171","candidates":[]}],[],[],[]],[[{"start":0,"end":10,"url":null,"entity_id":"Q79142564","candidates":[]}],[],[],[]],[[{"start":0,"end":15,"url":null,"entity_id":"Q79142282","candidates":[]}],[],[],[]],[[{"start":0,"end":15,"url":null,"entity_id":"Q79107443","candidates":[]}],[],[],[]],[[{"start":0,"end":15,"url":null,"entity_id":"Q79105332","candidates":[]}],[],[],[]],[[{"start":0,"end":10,"url":null,"entity_id":"Q78937874","candidates":[]}],[],[],[]],[[{"start":0,"end":15,"url":null,"entity_id":"Q78139411","candidates":[]}],[],[],[]],[[{"start":0,"end":17,"url":null,"entity_id":"Q78138443","candidates":[]}],[],[],[]],[[{"start":0,"end":17,"url":null,"entity_id":"Q78138029","candidates":[]}],[],[],[]],[[{"start":0,"end":15,"url":null,"entity_id":"Q78136812","candidates":[]}],[],[],[]],[[{"start":0,"end":15,"url":null,"entity_id":"Q78132055","candidates":[]}],[],[],[]],[[{"start":0,"end":17,"url":null,"entity_id":"Q78128437","candidates":[]}],[],[],[]],[[{"start":0,"end":15,"url":null,"entity_id":"Q77869364","candidates":[]}],[],[],[]],[[{"start":0,"end":15,"url":null,"entity_id":"Q83593221","candidates":[]}],[],[],[]],[[{"start":0,"end":12,"url":null,"entity_id":"Q83591235","candidates":[]}],[],[],[]],[[{"start":0,"end":15,"url":null,"entity_id":"Q83591199","candidates":[]}],[],[],[]],[[{"start":0,"end":9,"url":null,"entity_id":"Q79508880","candidates":[]}],[],[],[]]]}