{"version":"1.2","table":{"version":"2","table_id":"3DNAEPNN","columns":[{"index":0,"name":"col0","values":["3993 Grand Prix de Fourmies","2003 Grand Prix df Fourmies","1997 Grand rix de Fourmies","2008 Grand Prix de Fouries","195 Grand Prix de Fourmies","1994 Grand Prx de Fourmies","2010 Grang Prix de Fourmies","2007 Grand Prixde Fourmies","2012 Grand Prix de Fourmifs","2011 Grand Prixde Fourmies","1998Grand Prix de Fourmies","2005 Grand Prix de Fourmie","1996 Grand Prix de Fourmis","2006 Grad Prix de Fourmies","2009 Grand Puix de Fourmies","1992 Grand Prix de Fouries","2000 Grand Prix de Fourmles","2004 Grand Prix dg Fourmies","2018 Grand Priy de Fourmies","2016 Grand Prix de Fournies"]},{"index":1,"name":"col1","values":["France","France","France","France","France","France","France","France","France","France","France","France","France","France","France","France","France","France","France","France"]},{"index":2,"name":"col2","values":["Maximilian Sciandri","Fabian Wegmann","Sergio Barbero","Giovanni Visconti","Frank Vandenbroucke","Adri van der Poel","Romain Feillu","Peter Velits","Alexander Kristoff","Alexander Kristoff","Paolo Valoti","Robbie McEwen","Andrei Tchmil","Philippe Gilbert","Manuel Belletti","Louis de Koning","Markus Zberg","Andrey Kashechkin","Alexander Kristoff","Manuel Belletti"]}]},"context":{"page_title":null,"page_url":null,"page_entity_id":null,"content_hierarchy":[]},"links":[[[{"start":0,"end":27,"url":null,"entity_id":"Q3114087","candidates":[]}],[{"start":0,"end":6,"url":null,"entity_id":"Q142","candidates":[]}],[{"start":0,"end":14,"url":null,"entity_id":"Q456885","candidates":[]}]],[[{"start":0,"end":26,"url":null,"entity_id":"Q3775261","candidates":[]}],[{"start":0,"end":6,"url":null,"entity_id":"Q142","candidates":[]}],[{"start":0,"end":14,"url":null,"entity_id":"Q430239","candidates":[]}]],[[{"start":0,"end":26,"url":null,"entity_id":"Q3114094","candidates":[]}],[{"start":0,"end":6,"url":null,"entity_id":"Q142","candidates":[]}],[{"start":0,"end":17,"url":null,"entity_id":"Q381259","candidates":[]}]],[[{"start":0,"end":26,"url":null,"entity_id":"Q3775259","candidates":[]}],[{"start":0,"end":6,"url":null,"entity_id":"Q142","candidates":[]}],[{"start":0,"end":19,"url":null,"entity_id":"Q378167","candidates":[]}]],[[{"start":0,"end":26,"url":null,"entity_id":"Q3775257","candidates":[]}],[{"start":0,"end":6,"url":null,"entity_id":"Q142","candidates":[]}],[{"start":0,"end":17,"url":null,"entity_id":"Q376580","candidates":[]}]],[[{"start":0,"end":27,"url":null,"entity_id":"Q3114096","candidates":[]}],[{"start":0,"end":6,"url":null,"entity_id":"Q142","candidates":[]}],[{"start":0,"end":13,"url":null,"entity_id":"Q363382","candidates":[]}]],[[{"start":0,"end":26,"url":null,"entity_id":"Q3114093","candidates":[]}],[{"start":0,"end":6,"url":null,"entity_id":"Q142","candidates":[]}],[{"start":0,"end":12,"url":null,"entity_id":"Q362136","candidates":[]}]],[[{"start":0,"end":27,"url":null,"entity_id":"Q3114100","candidates":[]}],[{"start":0,"end":6,"url":null,"entity_id":"Q142","candidates":[]}],[{"start":0,"end":18,"url":null,"entity_id":"Q352080","candidates":[]}]],[[{"start":0,"end":26,"url":null,"entity_id":"Q614218","candidates":[]}],[{"start":0,"end":6,"url":null,"entity_id":"Q142","candidates":[]}],[{"start":0,"end":18,"url":null,"entity_id":"Q352080","candidates":[]}]],[[{"start":0,"end":26,"url":null,"entity_id":"Q3775262","candidates":[]}],[{"start":0,"end":6,"url":null,"entity_id":"Q142","candidates":[]}],[{"start":0,"end":12,"url":null,"entity_id":"Q328174","candidates":[]}]],[[{"start":0,"end":26,"url":null,"entity_id":"Q3114091","candidates":[]}],[{"start":0,"end":6,"url":null,"entity_id":"Q142","candidates":[]}],[{"start":0,"end":13,"url":null,"entity_id":"Q317118","candidates":[]}]],[[{"start":0,"end":26,"url":null,"entity_id":"Q3775260","candidates":[]}],[{"start":0,"end":6,"url":null,"entity_id":"Q142","candidates":[]}],[{"start":0,"end":13,"url":null,"entity_id":"Q269362","candidates":[]}]],[[{"start":0,"end":26,"url":null,"entity_id":"Q3114089","candidates":[]}],[{"start":0,"end":6,"url":null,"entity_id":"Q142","candidates":[]}],[{"start":0,"end":16,"url":null,"entity_id":"Q259412","candidates":[]}]],[[{"start":0,"end":27,"url":null,"entity_id":"Q3114095","candidates":[]}],[{"start":0,"end":6,"url":null,"entity_id":"Q142","candidates":[]}],[{"start":0,"end":15,"url":null,"entity_id":"Q225310","candidates":[]}]],[[{"start":0,"end":26,"url":null,"entity_id":"Q3775255","candidates":[]}],[{"start":0,"end":6,"url":null,"entity_id":"Q142","candidates":[]}],[{"start":0,"end":15,"url":null,"entity_id":"Q178938","candidates":[]}]],[[{"start":0,"end":27,"url":null,"entity_id":"Q3775263","candidates":[]}],[{"start":0,"end":6,"url":null,"entity_id":"Q142","candidates":[]}],[{"start":0,"end":12,"url":null,"entity_id":"Q123503","candidates":[]}]],[[{"start":0,"end":27,"url":null,"entity_id":"Q3114086","candidates":[]}],[{"start":0,"end":6,"url":null,"entity_id":"Q142","candidates":[]}],[{"start":0,"end":17,"url":null,"entity_id":"Q24148","candidates":[]}]],[[{"start":0,"end":27,"url":null,"entity_id":"Q56439592","candidates":[]}],[{"start":0,"end":6,"url":null,"entity_id":"Q142","candidates":[]}],[{"start":0,"end":18,"url":null,"entity_id":"Q352080","candidates":[]}]],[[{"start":0,"end":27,"url":null,"entity_id":"Q20872500","candidates":[]}],[{"start":0,"end":6,"url":null,"entity_id":"Q142","candidates":[]}],[{"start":0,"end":15,"url":null,"entity_id":"Q225310","candidates":[]}]],[[{"start":0,"end":27,"url":null,"entity_id":"Q3775258","candidates":[]}],[{"start":0,"end":6,"url":null,"entity_id":"Q142","candidates":[]}],[{"start":0,"end":19,"url":null,"entity_id":"Q712971","candidates":[]}]]]}