{"version":"1.2","table":{"version":"2","table_id":"3DWXY5RV","columns":[{"index":0,"name":"col0","values":["Ministry of Internal Affairs of Ukraine","Ministry of Internal Affairs and Communications","Home Ministry","Ministry of Interior of the Kingdom of Thailand","Ministry of Popular Power for Interior, Justice and Peace","Home Office","Ministry of the Interior","Department of Internal Affairs","Ministry of Internal Affairs","Ministry of Interior","Secretariat of the Interior","Ministry of Economic Affairs and Interior","Ministry of Interior","Ministry of Interior and Administration","Ministry of the Interior and Kingdom Relations","Federal Department of Home Affairs","United States Department of the Interior","Ministry of the Interior","NKVD","United States Department of Homeland Security"]},{"index":1,"name":"col1","values":["1991-08-24","2001-01-01","1873-11-10","1892-01-01","1832-01-01","1782-01-01","1996-01-01","1840-01-01","1992-05-16","1857-01-01","1884-01-01","2011-10-03","1848-01-01","2015-01-01","1798-01-01","1848-01-01","1849-03-03","1790-08-07","1934-07-10","2002-11-25"]},{"index":2,"name":"col2","values":["Ukraine","Japan","Empire of Japan","Thailand","Venezuela","United Kingdom","Spain","New Zealand","Russia","Egypt","Mexico","Denmark","Hungary","Poland","Netherlands","Switzerland","United States of America","France","Soviet Union","United States of America"]},{"index":3,"name":"col3","values":["State Migration Service of Ukraine","Statistics Japan","Japan. Naimushō. Jinjakyoku","Metropolitan Waterworks Authority","Bolivarian Intelligence Service","Her Majesty's Passport Office","Directorate-General for Traffic","Archives New Zealand","Ural Law Institute Russian Ministry of Internal Affairs","Central Security Forces","National Institute of Migration","Statistics Denmark","Hungarian Central Statistical Office","Policja","Korps landelijke politiediensten","Federal Statistical Office","United States Geological Survey","Central Directorate of Interior Intelligence","Gulag","United States Coast Guard"]}]},"context":{"page_title":null,"page_url":null,"page_entity_id":null,"content_hierarchy":[]},"links":[[[{"start":0,"end":39,"url":null,"entity_id":"Q2445140","candidates":[]}],[],[{"start":0,"end":7,"url":null,"entity_id":"Q212","candidates":[]}],[{"start":0,"end":34,"url":null,"entity_id":"Q12100330","candidates":[]}]],[[{"start":0,"end":47,"url":null,"entity_id":"Q1322293","candidates":[]}],[],[{"start":0,"end":5,"url":null,"entity_id":"Q17","candidates":[]}],[{"start":0,"end":16,"url":null,"entity_id":"Q11606829","candidates":[]}]],[[{"start":0,"end":13,"url":null,"entity_id":"Q1142265","candidates":[]}],[],[{"start":0,"end":15,"url":null,"entity_id":"Q188712","candidates":[]}],[{"start":0,"end":27,"url":null,"entity_id":"Q11590701","candidates":[]}]],[[{"start":0,"end":47,"url":null,"entity_id":"Q640365","candidates":[]}],[],[{"start":0,"end":8,"url":null,"entity_id":"Q869","candidates":[]}],[{"start":0,"end":33,"url":null,"entity_id":"Q6505493","candidates":[]}]],[[{"start":0,"end":57,"url":null,"entity_id":"Q16607766","candidates":[]}],[],[{"start":0,"end":9,"url":null,"entity_id":"Q717","candidates":[]}],[{"start":0,"end":31,"url":null,"entity_id":"Q6126016","candidates":[]}]],[[{"start":0,"end":11,"url":null,"entity_id":"Q763388","candidates":[]}],[],[{"start":0,"end":14,"url":null,"entity_id":"Q145","candidates":[]}],[{"start":0,"end":29,"url":null,"entity_id":"Q5988335","candidates":[]}]],[[{"start":0,"end":24,"url":null,"entity_id":"Q3113889","candidates":[]}],[],[{"start":0,"end":5,"url":null,"entity_id":"Q29","candidates":[]}],[{"start":0,"end":31,"url":null,"entity_id":"Q5280627","candidates":[]}]],[[{"start":0,"end":30,"url":null,"entity_id":"Q5260359","candidates":[]}],[],[{"start":0,"end":11,"url":null,"entity_id":"Q664","candidates":[]}],[{"start":0,"end":20,"url":null,"entity_id":"Q4787285","candidates":[]}]],[[{"start":0,"end":28,"url":null,"entity_id":"Q1192838","candidates":[]}],[],[{"start":0,"end":6,"url":null,"entity_id":"Q159","candidates":[]}],[{"start":0,"end":55,"url":null,"entity_id":"Q4476798","candidates":[]}]],[[{"start":0,"end":20,"url":null,"entity_id":"Q2607694","candidates":[]}],[],[{"start":0,"end":5,"url":null,"entity_id":"Q79","candidates":[]}],[{"start":0,"end":23,"url":null,"entity_id":"Q2917360","candidates":[]}]],[[{"start":0,"end":27,"url":null,"entity_id":"Q1507054","candidates":[]}],[],[{"start":0,"end":6,"url":null,"entity_id":"Q96","candidates":[]}],[{"start":0,"end":31,"url":null,"entity_id":"Q1406494","candidates":[]}]],[[{"start":0,"end":41,"url":null,"entity_id":"Q3373784","candidates":[]}],[],[{"start":0,"end":7,"url":null,"entity_id":"Q35","candidates":[]}],[{"start":0,"end":18,"url":null,"entity_id":"Q1164337","candidates":[]}]],[[{"start":0,"end":20,"url":null,"entity_id":"Q792611","candidates":[]}],[],[{"start":0,"end":7,"url":null,"entity_id":"Q28","candidates":[]}],[{"start":0,"end":36,"url":null,"entity_id":"Q1125966","candidates":[]}]],[[{"start":0,"end":39,"url":null,"entity_id":"Q4294318","candidates":[]}],[],[{"start":0,"end":6,"url":null,"entity_id":"Q36","candidates":[]}],[{"start":0,"end":7,"url":null,"entity_id":"Q622532","candidates":[]}]],[[{"start":0,"end":46,"url":null,"entity_id":"Q2491421","candidates":[]}],[],[{"start":0,"end":11,"url":null,"entity_id":"Q55","candidates":[]}],[{"start":0,"end":32,"url":null,"entity_id":"Q502435","candidates":[]}]],[[{"start":0,"end":34,"url":null,"entity_id":"Q688584","candidates":[]}],[],[{"start":0,"end":11,"url":null,"entity_id":"Q39","candidates":[]}],[{"start":0,"end":26,"url":null,"entity_id":"Q285453","candidates":[]}]],[[{"start":0,"end":40,"url":null,"entity_id":"Q608427","candidates":[]}],[],[{"start":0,"end":24,"url":null,"entity_id":"Q30","candidates":[]}],[{"start":0,"end":31,"url":null,"entity_id":"Q193755","candidates":[]}]],[[{"start":0,"end":24,"url":null,"entity_id":"Q1518496","candidates":[]}],[],[{"start":0,"end":6,"url":null,"entity_id":"Q142","candidates":[]}],[{"start":0,"end":44,"url":null,"entity_id":"Q167079","candidates":[]}]],[[{"start":0,"end":4,"url":null,"entity_id":"Q182449","candidates":[]}],[],[{"start":0,"end":12,"url":null,"entity_id":"Q15180","candidates":[]}],[{"start":0,"end":5,"url":null,"entity_id":"Q161448","candidates":[]}]],[[{"start":0,"end":45,"url":null,"entity_id":"Q11231","candidates":[]}],[],[{"start":0,"end":24,"url":null,"entity_id":"Q30","candidates":[]}],[{"start":0,"end":25,"url":null,"entity_id":"Q11224","candidates":[]}]]]}