{"version":"1.2","table":{"version":"2","table_id":"3FCA4NUB","columns":[{"index":0,"name":"col0","values":["Slovenian Football Cup","Coppa Titano","Faroe Islands Cup","Copa do Brasil","Estonian Cup","Latvian Football Cup","Polish Cup","Thai FA Cup","Tunisian President Cup","Turkish Cup","Danish Cup","Svenska Cupen","Belgian Cup","Emir of Qatar Cup","Montenegrin Cup","Finnish Cup","Swiss Cup","Trophée des champions","Norwegian Football Cup","Bosnia and Herzegovina Football Cup"]},{"index":1,"name":"col1","values":["27","15","15","91","111","50","86","97","257","158","107","114","286","18","30","152","64","2","272","32"]},{"index":2,"name":"col2","values":["1","1","1","1","1","1","1","1","1","1","1","1","1","1","1","1","1","1","1","1"]}]},"context":{"page_title":null,"page_url":null,"page_entity_id":null,"content_hierarchy":[]},"links":[[[{"start":0,"end":22,"url":null,"entity_id":"Q915956","candidates":[]}],[],[]],[[{"start":0,"end":12,"url":null,"entity_id":"Q906239","candidates":[]}],[],[]],[[{"start":0,"end":17,"url":null,"entity_id":"Q899180","candidates":[]}],[],[]],[[{"start":0,"end":14,"url":null,"entity_id":"Q843989","candidates":[]}],[],[]],[[{"start":0,"end":12,"url":null,"entity_id":"Q843577","candidates":[]}],[],[]],[[{"start":0,"end":20,"url":null,"entity_id":"Q843446","candidates":[]}],[],[]],[[{"start":0,"end":10,"url":null,"entity_id":"Q837397","candidates":[]}],[],[]],[[{"start":0,"end":11,"url":null,"entity_id":"Q796457","candidates":[]}],[],[]],[[{"start":0,"end":22,"url":null,"entity_id":"Q783144","candidates":[]}],[],[]],[[{"start":0,"end":11,"url":null,"entity_id":"Q752145","candidates":[]}],[],[]],[[{"start":0,"end":10,"url":null,"entity_id":"Q750605","candidates":[]}],[],[]],[[{"start":0,"end":13,"url":null,"entity_id":"Q750585","candidates":[]}],[],[]],[[{"start":0,"end":11,"url":null,"entity_id":"Q736856","candidates":[]}],[],[]],[[{"start":0,"end":17,"url":null,"entity_id":"Q731753","candidates":[]}],[],[]],[[{"start":0,"end":15,"url":null,"entity_id":"Q686815","candidates":[]}],[],[]],[[{"start":0,"end":11,"url":null,"entity_id":"Q674734","candidates":[]}],[],[]],[[{"start":0,"end":9,"url":null,"entity_id":"Q658806","candidates":[]}],[],[]],[[{"start":0,"end":21,"url":null,"entity_id":"Q653544","candidates":[]}],[],[]],[[{"start":0,"end":22,"url":null,"entity_id":"Q617335","candidates":[]}],[],[]],[[{"start":0,"end":35,"url":null,"entity_id":"Q613487","candidates":[]}],[],[]]]}