{"version":"1.2","table":{"version":"2","table_id":"3G0CB0W2","columns":[{"index":0,"name":"col0","values":["Xizhan Station","Pingguoyuan station","Xingong station","Ping'anli station","Nanluoguxiang station","National Library station","Fengtainanlu station","Xinghuo railway station","Caoqiao station","Suzhoujie station","Dongsi Shitiao station","Sanyuanqiao station","Jishuitan station","Wangfujing station","Shuangjing station","Yong'anli station","Muxidi station","Beijing North railway station","Shoujingmao station","Dahongmen station"]},{"index":1,"name":"col1","values":["Xibeijiao station","Gucheng station","Gongyixiqiao station","Chegongzhuang station","Beihai North station","Baishiqiao South station","Fengtai Dongdajie Station","Beijing East railway station","Jijiamiao station","Bagou station","Dongzhimen station","Dongzhimen station","Xizhimen station","Dongdan station","Guomao station","Guomao station","Nanlishilu station","Qinghe railway station","Fengtai railway station","Jiaomen East station"]},{"index":2,"name":"col2","values":["6","2","4","4","4","6","4","1","4","4","4","4","2","4","4","2","2","11","2","4"]},{"index":3,"name":"col3","values":["2006-01-01","1973-04-23","2010-12-30","2009-09-28","2012-01-01","2009-01-01","2011-01-01","1966-01-01","2012-01-01","2008-01-01","1984-01-01","2008-01-01","1984-01-01","1999-09-28","2008-01-01","1999-09-28","1971-01-15","1906-01-01","2012-12-30","2012-01-01"]}]},"context":{"page_title":null,"page_url":null,"page_entity_id":null,"content_hierarchy":[]},"links":[[[{"start":0,"end":19,"url":null,"entity_id":"Q1039443","candidates":[]}],[{"start":0,"end":15,"url":null,"entity_id":"Q5614482","candidates":[]}],[],[]],[[{"start":0,"end":15,"url":null,"entity_id":"Q5935686","candidates":[]}],[{"start":0,"end":20,"url":null,"entity_id":"Q5581810","candidates":[]}],[],[]],[[{"start":0,"end":17,"url":null,"entity_id":"Q5959534","candidates":[]}],[{"start":0,"end":21,"url":null,"entity_id":"Q5089563","candidates":[]}],[],[]],[[{"start":0,"end":21,"url":null,"entity_id":"Q10909164","candidates":[]}],[{"start":0,"end":20,"url":null,"entity_id":"Q4881077","candidates":[]}],[],[]],[[{"start":0,"end":24,"url":null,"entity_id":"Q5937216","candidates":[]}],[{"start":0,"end":24,"url":null,"entity_id":"Q4848682","candidates":[]}],[],[]],[[{"start":0,"end":20,"url":null,"entity_id":"Q4392273","candidates":[]}],[{"start":0,"end":25,"url":null,"entity_id":"Q4392154","candidates":[]}],[],[]],[[{"start":0,"end":23,"url":null,"entity_id":"Q8044554","candidates":[]}],[{"start":0,"end":28,"url":null,"entity_id":"Q3269619","candidates":[]}],[],[]],[[{"start":0,"end":15,"url":null,"entity_id":"Q2257617","candidates":[]}],[{"start":0,"end":17,"url":null,"entity_id":"Q2043475","candidates":[]}],[],[]],[[{"start":0,"end":17,"url":null,"entity_id":"Q5936074","candidates":[]}],[{"start":0,"end":13,"url":null,"entity_id":"Q847877","candidates":[]}],[],[]],[[{"start":0,"end":22,"url":null,"entity_id":"Q5296031","candidates":[]}],[{"start":0,"end":18,"url":null,"entity_id":"Q847850","candidates":[]}],[],[]],[[{"start":0,"end":19,"url":null,"entity_id":"Q847757","candidates":[]}],[{"start":0,"end":18,"url":null,"entity_id":"Q847850","candidates":[]}],[],[]],[[{"start":0,"end":17,"url":null,"entity_id":"Q5976575","candidates":[]}],[{"start":0,"end":16,"url":null,"entity_id":"Q847791","candidates":[]}],[],[]],[[{"start":0,"end":18,"url":null,"entity_id":"Q843213","candidates":[]}],[{"start":0,"end":15,"url":null,"entity_id":"Q843279","candidates":[]}],[],[]],[[{"start":0,"end":18,"url":null,"entity_id":"Q5936021","candidates":[]}],[{"start":0,"end":14,"url":null,"entity_id":"Q843217","candidates":[]}],[],[]],[[{"start":0,"end":17,"url":null,"entity_id":"Q843202","candidates":[]}],[{"start":0,"end":14,"url":null,"entity_id":"Q843217","candidates":[]}],[],[]],[[{"start":0,"end":14,"url":null,"entity_id":"Q842107","candidates":[]}],[{"start":0,"end":18,"url":null,"entity_id":"Q842140","candidates":[]}],[],[]],[[{"start":0,"end":29,"url":null,"entity_id":"Q3267033","candidates":[]}],[{"start":0,"end":22,"url":null,"entity_id":"Q728992","candidates":[]}],[],[]],[[{"start":0,"end":19,"url":null,"entity_id":"Q2044193","candidates":[]}],[{"start":0,"end":23,"url":null,"entity_id":"Q130440","candidates":[]}],[],[]],[[{"start":0,"end":17,"url":null,"entity_id":"Q75258","candidates":[]}],[{"start":0,"end":20,"url":null,"entity_id":"Q75262","candidates":[]}],[],[]],[[{"start":0,"end":14,"url":null,"entity_id":"Q8044829","candidates":[]}],[{"start":0,"end":17,"url":null,"entity_id":"Q6125844","candidates":[]}],[],[]]]}