{"version":"1.2","table":{"version":"2","table_id":"3H7A3DRG","columns":[{"index":0,"name":"col0","values":["synagogue in Nový Bydžov","Synagogue, Banská Štiavnica","New Synagogue in Kalisz","Great Synagogue in Chrzanów","Synagogue in Bychawa","Synagogue in Buk (Greater Poland)","Synagogue in Bojanowo","Synagogue in Bełchatów","New synagogue","Great Synagogue of Jelgava","Synagogue","Synagogue in Prudnik","Synagogue in Praszka","Synagogue in Kłodzko","1 Niezłomnych Street in Mosina","Sünagoog","Synagogue in Ustroń","Slonim Synagogue","Oni Synagogue","Old Synagogue"]},{"index":1,"name":"col1","values":["jüdische-gemeinden.de","Slovak Jewish Heritage","jüdische-gemeinden.de","Virtual Shtetl","Virtual Shtetl","Virtual Shtetl","Virtual Shtetl","Virtual Shtetl","jüdische-gemeinden.de","Jewish Virtual Library","jüdische-gemeinden.de","Virtual Shtetl","Virtual Shtetl","jüdische-gemeinden.de","Virtual Shtetl","Estonian synagogues","jüdische-gemeinden.de","Virtual Shtetl","The Bezalel Narkiss Index of Jewish Art","Synagogues in Hungary, 1782-1918 : genealogy, typology and architectural significance"]},{"index":2,"name":"col2","values":["1568-01-01","1893-01-01","1910-01-01","1786-01-01","1810-01-01","1893-01-01","1859-01-01","1893-01-01","1669-01-01","1860-01-01","1835-01-01","1877-01-01","1836-01-01","1884-01-01","1876-01-01","1899-01-01","1901-01-01","1642-01-01","1895-01-01","1500-01-01"]},{"index":3,"name":"col3","values":["Evangelical Church of Czech Brethren","Judaism","Judaism","Judaism","Judaism","Judaism","Judaism","Judaism","Judaism","Judaism","Judaism","Judaism","Judaism","Judaism","Judaism","Judaism","Judaism","Judaism","Judaism","Judaism"]}]},"context":{"page_title":null,"page_url":null,"page_entity_id":null,"content_hierarchy":[]},"links":[[[{"start":0,"end":27,"url":null,"entity_id":"Q15632608","candidates":[]}],[{"start":0,"end":22,"url":null,"entity_id":"Q22249965","candidates":[]}],[],[{"start":0,"end":7,"url":null,"entity_id":"Q9268","candidates":[]}]],[[{"start":0,"end":23,"url":null,"entity_id":"Q11793449","candidates":[]}],[{"start":0,"end":21,"url":null,"entity_id":"Q19308367","candidates":[]}],[],[{"start":0,"end":7,"url":null,"entity_id":"Q9268","candidates":[]}]],[[{"start":0,"end":27,"url":null,"entity_id":"Q9349709","candidates":[]}],[{"start":0,"end":14,"url":null,"entity_id":"Q1139107","candidates":[]}],[],[{"start":0,"end":7,"url":null,"entity_id":"Q9268","candidates":[]}]],[[{"start":0,"end":20,"url":null,"entity_id":"Q9349690","candidates":[]}],[{"start":0,"end":14,"url":null,"entity_id":"Q1139107","candidates":[]}],[],[{"start":0,"end":7,"url":null,"entity_id":"Q9268","candidates":[]}]],[[{"start":0,"end":33,"url":null,"entity_id":"Q9349688","candidates":[]}],[{"start":0,"end":14,"url":null,"entity_id":"Q1139107","candidates":[]}],[],[{"start":0,"end":7,"url":null,"entity_id":"Q9268","candidates":[]}]],[[{"start":0,"end":21,"url":null,"entity_id":"Q9349661","candidates":[]}],[{"start":0,"end":14,"url":null,"entity_id":"Q1139107","candidates":[]}],[],[{"start":0,"end":7,"url":null,"entity_id":"Q9268","candidates":[]}]],[[{"start":0,"end":22,"url":null,"entity_id":"Q9349635","candidates":[]}],[{"start":0,"end":14,"url":null,"entity_id":"Q1139107","candidates":[]}],[],[{"start":0,"end":7,"url":null,"entity_id":"Q9268","candidates":[]}]],[[{"start":0,"end":13,"url":null,"entity_id":"Q9363581","candidates":[]}],[{"start":0,"end":21,"url":null,"entity_id":"Q19308367","candidates":[]}],[],[{"start":0,"end":7,"url":null,"entity_id":"Q9268","candidates":[]}]],[[{"start":0,"end":26,"url":null,"entity_id":"Q9372847","candidates":[]}],[{"start":0,"end":22,"url":null,"entity_id":"Q2535917","candidates":[]}],[],[{"start":0,"end":7,"url":null,"entity_id":"Q9268","candidates":[]}]],[[{"start":0,"end":9,"url":null,"entity_id":"Q9350024","candidates":[]}],[{"start":0,"end":21,"url":null,"entity_id":"Q19308367","candidates":[]}],[],[{"start":0,"end":7,"url":null,"entity_id":"Q9268","candidates":[]}]],[[{"start":0,"end":20,"url":null,"entity_id":"Q9350018","candidates":[]}],[{"start":0,"end":14,"url":null,"entity_id":"Q1139107","candidates":[]}],[],[{"start":0,"end":7,"url":null,"entity_id":"Q9268","candidates":[]}]],[[{"start":0,"end":20,"url":null,"entity_id":"Q9350013","candidates":[]}],[{"start":0,"end":14,"url":null,"entity_id":"Q1139107","candidates":[]}],[],[{"start":0,"end":7,"url":null,"entity_id":"Q9268","candidates":[]}]],[[{"start":0,"end":20,"url":null,"entity_id":"Q9349873","candidates":[]}],[{"start":0,"end":21,"url":null,"entity_id":"Q19308367","candidates":[]}],[],[{"start":0,"end":7,"url":null,"entity_id":"Q9268","candidates":[]}]],[[{"start":0,"end":30,"url":null,"entity_id":"Q9349923","candidates":[]}],[{"start":0,"end":14,"url":null,"entity_id":"Q1139107","candidates":[]}],[],[{"start":0,"end":7,"url":null,"entity_id":"Q9268","candidates":[]}]],[[{"start":0,"end":8,"url":null,"entity_id":"Q9350148","candidates":[]}],[{"start":0,"end":19,"url":null,"entity_id":"Q28311858","candidates":[]}],[],[{"start":0,"end":7,"url":null,"entity_id":"Q9268","candidates":[]}]],[[{"start":0,"end":19,"url":null,"entity_id":"Q9350170","candidates":[]}],[{"start":0,"end":21,"url":null,"entity_id":"Q19308367","candidates":[]}],[],[{"start":0,"end":7,"url":null,"entity_id":"Q9268","candidates":[]}]],[[{"start":0,"end":16,"url":null,"entity_id":"Q9350139","candidates":[]}],[{"start":0,"end":14,"url":null,"entity_id":"Q1139107","candidates":[]}],[],[{"start":0,"end":7,"url":null,"entity_id":"Q9268","candidates":[]}]],[[{"start":0,"end":13,"url":null,"entity_id":"Q4335003","candidates":[]}],[{"start":0,"end":39,"url":null,"entity_id":"Q29350982","candidates":[]}],[],[{"start":0,"end":7,"url":null,"entity_id":"Q9268","candidates":[]}]],[[{"start":0,"end":13,"url":null,"entity_id":"Q3502453","candidates":[]}],[{"start":0,"end":85,"url":null,"entity_id":"Q22284511","candidates":[]}],[],[{"start":0,"end":7,"url":null,"entity_id":"Q9268","candidates":[]}]],[[{"start":0,"end":24,"url":null,"entity_id":"Q11994063","candidates":[]}],[{"start":0,"end":21,"url":null,"entity_id":"Q19308367","candidates":[]}],[],[{"start":0,"end":36,"url":null,"entity_id":"Q782911","candidates":[]}]]]}