{"version":"1.2","table":{"version":"2","table_id":"3HIBHQUU","columns":[{"index":0,"name":"col0","values":["Prieuré de Longpré","Prieuré de Comberoumal","Prieuré de Châteauneuf (Mane)","Binham Priory","Bilsington Priory","Bicknacre Priory","Ankerwycke Priory","Norton Priory","Lanercost Priory","Tiptree Priory","Polsloe Priory","Pill Priory","Thetford Priory","Stavordale Priory","St Mary's Abbey, Kenilworth","St Leonard's Priory, Stamford","St John's Priory, Wells","St Bees Priory","St. Osyth's Abbey","Prior Park"]},{"index":1,"name":"col1","values":["France","France","France","United Kingdom","United Kingdom","United Kingdom","United Kingdom","United Kingdom","United Kingdom","United Kingdom","United Kingdom","United Kingdom","United Kingdom","United Kingdom","United Kingdom","United Kingdom","United Kingdom","United Kingdom","United Kingdom","United Kingdom"]},{"index":2,"name":"col2","values":["registered historic monument","registered historic monument","registered historic monument","scheduled monument","scheduled monument","scheduled monument","scheduled monument","scheduled monument","scheduled monument","Grade II* listed building or structure","Grade II* listed building or structure","Grade II* listed building or structure","Grade I listed building","Grade I listed building","Grade I listed building","Grade I listed building","Grade I listed building","Grade I listed building","Grade I listed building","Grade I listed building"]}]},"context":{"page_title":null,"page_url":null,"page_entity_id":null,"content_hierarchy":[]},"links":[[[{"start":0,"end":22,"url":null,"entity_id":"Q3402976","candidates":[]}],[{"start":0,"end":6,"url":null,"entity_id":"Q142","candidates":[]}],[{"start":0,"end":28,"url":null,"entity_id":"Q10387575","candidates":[]}]],[[{"start":0,"end":29,"url":null,"entity_id":"Q3402975","candidates":[]}],[{"start":0,"end":6,"url":null,"entity_id":"Q142","candidates":[]}],[{"start":0,"end":28,"url":null,"entity_id":"Q10387575","candidates":[]}]],[[{"start":0,"end":13,"url":null,"entity_id":"Q4914352","candidates":[]}],[{"start":0,"end":14,"url":null,"entity_id":"Q145","candidates":[]}],[{"start":0,"end":18,"url":null,"entity_id":"Q219538","candidates":[]}]],[[{"start":0,"end":17,"url":null,"entity_id":"Q4913595","candidates":[]}],[{"start":0,"end":14,"url":null,"entity_id":"Q145","candidates":[]}],[{"start":0,"end":18,"url":null,"entity_id":"Q219538","candidates":[]}]],[[{"start":0,"end":16,"url":null,"entity_id":"Q4903689","candidates":[]}],[{"start":0,"end":14,"url":null,"entity_id":"Q145","candidates":[]}],[{"start":0,"end":18,"url":null,"entity_id":"Q219538","candidates":[]}]],[[{"start":0,"end":17,"url":null,"entity_id":"Q4766038","candidates":[]}],[{"start":0,"end":14,"url":null,"entity_id":"Q145","candidates":[]}],[{"start":0,"end":18,"url":null,"entity_id":"Q219538","candidates":[]}]],[[{"start":0,"end":13,"url":null,"entity_id":"Q3403027","candidates":[]}],[{"start":0,"end":14,"url":null,"entity_id":"Q145","candidates":[]}],[{"start":0,"end":18,"url":null,"entity_id":"Q219538","candidates":[]}]],[[{"start":0,"end":16,"url":null,"entity_id":"Q3403001","candidates":[]}],[{"start":0,"end":14,"url":null,"entity_id":"Q145","candidates":[]}],[{"start":0,"end":18,"url":null,"entity_id":"Q219538","candidates":[]}]],[[{"start":0,"end":14,"url":null,"entity_id":"Q7809025","candidates":[]}],[{"start":0,"end":14,"url":null,"entity_id":"Q145","candidates":[]}],[{"start":0,"end":38,"url":null,"entity_id":"Q15700831","candidates":[]}]],[[{"start":0,"end":14,"url":null,"entity_id":"Q7226022","candidates":[]}],[{"start":0,"end":14,"url":null,"entity_id":"Q145","candidates":[]}],[{"start":0,"end":38,"url":null,"entity_id":"Q15700831","candidates":[]}]],[[{"start":0,"end":11,"url":null,"entity_id":"Q7194104","candidates":[]}],[{"start":0,"end":14,"url":null,"entity_id":"Q145","candidates":[]}],[{"start":0,"end":38,"url":null,"entity_id":"Q15700831","candidates":[]}]],[[{"start":0,"end":15,"url":null,"entity_id":"Q7783570","candidates":[]}],[{"start":0,"end":14,"url":null,"entity_id":"Q145","candidates":[]}],[{"start":0,"end":23,"url":null,"entity_id":"Q15700818","candidates":[]}]],[[{"start":0,"end":17,"url":null,"entity_id":"Q7604830","candidates":[]}],[{"start":0,"end":14,"url":null,"entity_id":"Q145","candidates":[]}],[{"start":0,"end":23,"url":null,"entity_id":"Q15700818","candidates":[]}]],[[{"start":0,"end":27,"url":null,"entity_id":"Q7594236","candidates":[]}],[{"start":0,"end":14,"url":null,"entity_id":"Q145","candidates":[]}],[{"start":0,"end":23,"url":null,"entity_id":"Q15700818","candidates":[]}]],[[{"start":0,"end":29,"url":null,"entity_id":"Q7593999","candidates":[]}],[{"start":0,"end":14,"url":null,"entity_id":"Q145","candidates":[]}],[{"start":0,"end":23,"url":null,"entity_id":"Q15700818","candidates":[]}]],[[{"start":0,"end":23,"url":null,"entity_id":"Q7593606","candidates":[]}],[{"start":0,"end":14,"url":null,"entity_id":"Q145","candidates":[]}],[{"start":0,"end":23,"url":null,"entity_id":"Q15700818","candidates":[]}]],[[{"start":0,"end":14,"url":null,"entity_id":"Q7592633","candidates":[]}],[{"start":0,"end":14,"url":null,"entity_id":"Q145","candidates":[]}],[{"start":0,"end":23,"url":null,"entity_id":"Q15700818","candidates":[]}]],[[{"start":0,"end":17,"url":null,"entity_id":"Q7590886","candidates":[]}],[{"start":0,"end":14,"url":null,"entity_id":"Q145","candidates":[]}],[{"start":0,"end":23,"url":null,"entity_id":"Q15700818","candidates":[]}]],[[{"start":0,"end":10,"url":null,"entity_id":"Q7245410","candidates":[]}],[{"start":0,"end":14,"url":null,"entity_id":"Q145","candidates":[]}],[{"start":0,"end":23,"url":null,"entity_id":"Q15700818","candidates":[]}]],[[{"start":0,"end":18,"url":null,"entity_id":"Q3403002","candidates":[]}],[{"start":0,"end":6,"url":null,"entity_id":"Q142","candidates":[]}],[{"start":0,"end":28,"url":null,"entity_id":"Q10387575","candidates":[]}]]]}