{"version":"1.2","table":{"version":"2","table_id":"3HYCQL8U","columns":[{"index":0,"name":"col0","values":["The Last Warrior","Race to Witch Mountain","Last Action Hero","Twins","Asterix & Obelix: Mission Cleopatra","Hook","Tron","Eight Below","Fifty Shades Darker","Queen of Katwe","Beauty and the Beast","The BFG","Alice Through the Looking Glass","Alexander and the Terrible, Horrible, No Good, Very Bad Day","Cinderella","Pirates of the Caribbean: Dead Men Tell No Tales","Saving Mr. Banks","Return to the Blue Lagoon","Enchanted","The Jazz Singer"]},{"index":1,"name":"col1","values":["8250000","50000000","85000000","15000000","50300000","70000000","17000000","40000000","55000000","15000000","160000000","140000000","170000000","28000000","95000000","230000000","35000000","11000000","85000000","422000"]},{"index":2,"name":"col2","values":["397995156","3612263.72","137298489","216614388","3115188","300854823","33000000","120000000","381545846","8785681","1263521126","38738762","4238576","101400000","7924183.86","794861794","117867984","2807854","340487652","3000000"]},{"index":3,"name":"col3","values":["114","98","130","102","107","136","96","120","118","124","129","115","113","81","105","129","125","101","103","88"]}]},"context":{"page_title":null,"page_url":null,"page_entity_id":null,"content_hierarchy":[]},"links":[[[{"start":0,"end":22,"url":null,"entity_id":"Q922006","candidates":[]}],[],[],[]],[[{"start":0,"end":16,"url":null,"entity_id":"Q858840","candidates":[]}],[],[],[]],[[{"start":0,"end":5,"url":null,"entity_id":"Q785157","candidates":[]}],[],[],[]],[[{"start":0,"end":35,"url":null,"entity_id":"Q737904","candidates":[]}],[],[],[]],[[{"start":0,"end":4,"url":null,"entity_id":"Q646389","candidates":[]}],[],[],[]],[[{"start":0,"end":4,"url":null,"entity_id":"Q626483","candidates":[]}],[],[],[]],[[{"start":0,"end":11,"url":null,"entity_id":"Q571164","candidates":[]}],[],[],[]],[[{"start":0,"end":19,"url":null,"entity_id":"Q22662385","candidates":[]}],[],[],[]],[[{"start":0,"end":14,"url":null,"entity_id":"Q20921603","candidates":[]}],[],[],[]],[[{"start":0,"end":20,"url":null,"entity_id":"Q19946102","candidates":[]}],[],[],[]],[[{"start":0,"end":7,"url":null,"entity_id":"Q19689203","candidates":[]}],[],[],[]],[[{"start":0,"end":31,"url":null,"entity_id":"Q17485699","candidates":[]}],[],[],[]],[[{"start":0,"end":59,"url":null,"entity_id":"Q15104217","candidates":[]}],[],[],[]],[[{"start":0,"end":10,"url":null,"entity_id":"Q15046091","candidates":[]}],[],[],[]],[[{"start":0,"end":48,"url":null,"entity_id":"Q10350033","candidates":[]}],[],[],[]],[[{"start":0,"end":16,"url":null,"entity_id":"Q3474574","candidates":[]}],[],[],[]],[[{"start":0,"end":25,"url":null,"entity_id":"Q1114179","candidates":[]}],[],[],[]],[[{"start":0,"end":9,"url":null,"entity_id":"Q490464","candidates":[]}],[],[],[]],[[{"start":0,"end":15,"url":null,"entity_id":"Q465087","candidates":[]}],[],[],[]],[[{"start":0,"end":16,"url":null,"entity_id":"Q28667216","candidates":[]}],[],[],[]]]}