{"version":"1.2","table":{"version":"2","table_id":"3IBPLURT","columns":[{"index":0,"name":"col0","values":["Borá","Nova Iorque","Santo Amaro das Brotas","Alvinópolis","Colinas","Júlio Borges","Matinhos","Cascavel","Foz do Iguaçu","Saldanha Marinho","Jóia","Ibirubá","Salto do Jacuí","Ijuí","Quinze de Novembro","Santa Bárbara do Sul","Feira de Santana","Não-Me-Toque","Encruzilhada do Sul","Chiapeta"]},{"index":1,"name":"col1","values":["118.951","976.629","234.654","599.343","1980.552","1290.413","117.064","2100.831","617.701","221.605","1235.885","611.807","519.197","689.124","223.638","971.153","1337.993","361.67","3438","396.483"]},{"index":2,"name":"col2","values":["582","178","55","620","141","389","3","781","164","525","302","416","322","328","355","511","286","514","389","483"]},{"index":3,"name":"col3","values":["0.794","0.574","0.637","0.676","0.596","0.593","0.793","0.782","0.751","0.818","0.774","0.832","0.749","0.803","0.828","0.792","0.712","0.833","0.657","0.76"]}]},"context":{"page_title":null,"page_url":null,"page_entity_id":null,"content_hierarchy":[]},"links":[[[{"start":0,"end":11,"url":null,"entity_id":"Q568168","candidates":[]}],[],[],[]],[[{"start":0,"end":22,"url":null,"entity_id":"Q371369","candidates":[]}],[],[],[]],[[{"start":0,"end":11,"url":null,"entity_id":"Q370048","candidates":[]}],[],[],[]],[[{"start":0,"end":7,"url":null,"entity_id":"Q369679","candidates":[]}],[],[],[]],[[{"start":0,"end":12,"url":null,"entity_id":"Q369466","candidates":[]}],[],[],[]],[[{"start":0,"end":8,"url":null,"entity_id":"Q206105","candidates":[]}],[],[],[]],[[{"start":0,"end":8,"url":null,"entity_id":"Q205681","candidates":[]}],[],[],[]],[[{"start":0,"end":13,"url":null,"entity_id":"Q202316","candidates":[]}],[],[],[]],[[{"start":0,"end":16,"url":null,"entity_id":"Q195200","candidates":[]}],[],[],[]],[[{"start":0,"end":4,"url":null,"entity_id":"Q194507","candidates":[]}],[],[],[]],[[{"start":0,"end":7,"url":null,"entity_id":"Q194423","candidates":[]}],[],[],[]],[[{"start":0,"end":14,"url":null,"entity_id":"Q194389","candidates":[]}],[],[],[]],[[{"start":0,"end":4,"url":null,"entity_id":"Q194374","candidates":[]}],[],[],[]],[[{"start":0,"end":18,"url":null,"entity_id":"Q194362","candidates":[]}],[],[],[]],[[{"start":0,"end":20,"url":null,"entity_id":"Q194357","candidates":[]}],[],[],[]],[[{"start":0,"end":16,"url":null,"entity_id":"Q194343","candidates":[]}],[],[],[]],[[{"start":0,"end":12,"url":null,"entity_id":"Q600814","candidates":[]}],[],[],[]],[[{"start":0,"end":19,"url":null,"entity_id":"Q600808","candidates":[]}],[],[],[]],[[{"start":0,"end":8,"url":null,"entity_id":"Q600802","candidates":[]}],[],[],[]],[[{"start":0,"end":4,"url":null,"entity_id":"Q568394","candidates":[]}],[],[],[]]]}