{"version":"1.2","table":{"version":"2","table_id":"3JKXX2F8","columns":[{"index":0,"name":"col0","values":["Pasiphae","Eukelade","Cyllene","Pasithee","Callirrhoe","Kalyke","Kallichore","Aoede","Erinome","Chaldene","Taygete","Kale","Thyone","Hermippe","Mneme","Harpalyke","Praxidike","Iocaste","Orthosie","Thelxinoe"]},{"index":1,"name":"col1","values":["0.2953","0.272","0.4116","0.3289","0.2796","0.214","0.2041","0.4311","0.266","0.2916","0.252","0.2011","0.229","0.21","0.227","0.226","0.184","0.2874","0.337","0.2206"]},{"index":2,"name":"col2","values":["23912238","23483714","23396289","23004000","24103000","23180793","23111844","23044196","22986286","22713464","22438668","23217000","20940000","21131000","21129787","21063832","20823967","20722584","20720000","20453754"]},{"index":3,"name":"col3","values":["0.04","0.04","0.04","0.04","0.04","0.04","0.04","0.04","0.04","0.04","0.04","0.04","0.04","0.04","0.04","0.04","0.04","0.04","0.04","0.04"]},{"index":4,"name":"col4","values":["17","22.6","23.2","23.2","20.7","21.8","23.7","22.5","22.8","22.5","21.9","23","22.3","22.1","23.3","22.2","21.2","21.8","23.1","23.5"]}]},"context":{"page_title":null,"page_url":null,"page_entity_id":null,"content_hierarchy":[]},"links":[[[{"start":0,"end":8,"url":null,"entity_id":"Q17425","candidates":[]}],[],[],[],[]],[[{"start":0,"end":8,"url":null,"entity_id":"Q17421","candidates":[]}],[],[],[],[]],[[{"start":0,"end":7,"url":null,"entity_id":"Q17420","candidates":[]}],[],[],[],[]],[[{"start":0,"end":8,"url":null,"entity_id":"Q17414","candidates":[]}],[],[],[],[]],[[{"start":0,"end":10,"url":null,"entity_id":"Q17396","candidates":[]}],[],[],[],[]],[[{"start":0,"end":6,"url":null,"entity_id":"Q17109","candidates":[]}],[],[],[],[]],[[{"start":0,"end":10,"url":null,"entity_id":"Q17091","candidates":[]}],[],[],[],[]],[[{"start":0,"end":5,"url":null,"entity_id":"Q17077","candidates":[]}],[],[],[],[]],[[{"start":0,"end":7,"url":null,"entity_id":"Q17068","candidates":[]}],[],[],[],[]],[[{"start":0,"end":8,"url":null,"entity_id":"Q17035","candidates":[]}],[],[],[],[]],[[{"start":0,"end":7,"url":null,"entity_id":"Q17011","candidates":[]}],[],[],[],[]],[[{"start":0,"end":4,"url":null,"entity_id":"Q17002","candidates":[]}],[],[],[],[]],[[{"start":0,"end":6,"url":null,"entity_id":"Q16956","candidates":[]}],[],[],[],[]],[[{"start":0,"end":8,"url":null,"entity_id":"Q16949","candidates":[]}],[],[],[],[]],[[{"start":0,"end":5,"url":null,"entity_id":"Q16946","candidates":[]}],[],[],[],[]],[[{"start":0,"end":9,"url":null,"entity_id":"Q16942","candidates":[]}],[],[],[],[]],[[{"start":0,"end":9,"url":null,"entity_id":"Q16936","candidates":[]}],[],[],[],[]],[[{"start":0,"end":7,"url":null,"entity_id":"Q16913","candidates":[]}],[],[],[],[]],[[{"start":0,"end":8,"url":null,"entity_id":"Q16904","candidates":[]}],[],[],[],[]],[[{"start":0,"end":9,"url":null,"entity_id":"Q16885","candidates":[]}],[],[],[],[]]]}