{"version":"1.2","table":{"version":"2","table_id":"3KEHT173","columns":[{"index":0,"name":"col0","values":["KIC 6587245","KIC 7515516","KIC 6756648","KIC 7018252","KIC 6115575","BD+41 3286","KIC 5694720","KIC 6935260","2MASS J19112583+4309370","2MASS J19155185+4040542","2MASS J18592667+2944251","2MASS J18590249+2809362","2MASS J18583990+2815199","2MASS J19180819+2654483","2MASS J19185204+2738172","2MASS J19171688+2649237","2MASS J19164240+2652399","2MASS J13265139-4733425","2MASS J10431848-1225435","2MASS J10404458-1028023"]},{"index":1,"name":"col1","values":["938.9671","847.745","788.8924","1196.0292","739.2076","575.7384","783.9448","1029.654","875.4268","1305.6535","930.146","1593.3716","2132.6509","1157.0057","1309.5862","1637.7334","869.1118","332.0053","1542.9718","1513.96"]},{"index":2,"name":"col2","values":["4622","4926","4983","4785","4670","4916","4644","4708","5026","4951","4636","4840","4239","4365","4438","4733","4586","4619","4822","4392"]}]},"context":{"page_title":null,"page_url":null,"page_entity_id":null,"content_hierarchy":[]},"links":[[[{"start":0,"end":11,"url":null,"entity_id":"Q74903573","candidates":[]}],[],[]],[[{"start":0,"end":11,"url":null,"entity_id":"Q74903527","candidates":[]}],[],[]],[[{"start":0,"end":11,"url":null,"entity_id":"Q74903500","candidates":[]}],[],[]],[[{"start":0,"end":11,"url":null,"entity_id":"Q74903468","candidates":[]}],[],[]],[[{"start":0,"end":10,"url":null,"entity_id":"Q74903396","candidates":[]}],[],[]],[[{"start":0,"end":11,"url":null,"entity_id":"Q74903369","candidates":[]}],[],[]],[[{"start":0,"end":11,"url":null,"entity_id":"Q74903355","candidates":[]}],[],[]],[[{"start":0,"end":23,"url":null,"entity_id":"Q74903343","candidates":[]}],[],[]],[[{"start":0,"end":23,"url":null,"entity_id":"Q74903286","candidates":[]}],[],[]],[[{"start":0,"end":23,"url":null,"entity_id":"Q74896601","candidates":[]}],[],[]],[[{"start":0,"end":23,"url":null,"entity_id":"Q74896411","candidates":[]}],[],[]],[[{"start":0,"end":23,"url":null,"entity_id":"Q74895687","candidates":[]}],[],[]],[[{"start":0,"end":23,"url":null,"entity_id":"Q74894974","candidates":[]}],[],[]],[[{"start":0,"end":23,"url":null,"entity_id":"Q74892651","candidates":[]}],[],[]],[[{"start":0,"end":23,"url":null,"entity_id":"Q74892447","candidates":[]}],[],[]],[[{"start":0,"end":23,"url":null,"entity_id":"Q74892210","candidates":[]}],[],[]],[[{"start":0,"end":23,"url":null,"entity_id":"Q74887733","candidates":[]}],[],[]],[[{"start":0,"end":23,"url":null,"entity_id":"Q75103251","candidates":[]}],[],[]],[[{"start":0,"end":23,"url":null,"entity_id":"Q75103224","candidates":[]}],[],[]],[[{"start":0,"end":11,"url":null,"entity_id":"Q74903635","candidates":[]}],[],[]]]}