{"version":"1.2","table":{"version":"2","table_id":"3LWE6K7Q","columns":[{"index":0,"name":"col0","values":["2019 Manchester City Council election in Piccadilly","2019 Manchester City Council election in Old Moat","2019 Manchester City Council election in Northenden","2019 Manchester City Council election in Moston","2019 Manchester City Council election in Moss Side","2019 Manchester City Council election in Miles Platting & Newton Heath","2019 Manchester City Council election in Longsight","2019 Manchester City Council election in Levenshulme","2019 Manchester City Council election in Hulme","2019 Manchester City Council election in Higher Blackley","2019 Manchester City Council election in Harpurhey","2019 Manchester City Council election in Gorton & Abbey Hey","2019 Manchester City Council election in Fallowfield","2019 Manchester City Council election in Didsbury West","2019 Manchester City Council election in Didsbury East","2019 Manchester City Council election in Deansgate","2019 Manchester City Council election in Crumpsall","2019 Manchester City Council election in Clayton & Openshaw","2019 Manchester City Council election in Chorlton Park","2019 Manchester City Council election in Chorlton"]},{"index":1,"name":"col1","values":["1387","2752","2497","3057","3119","2635","3248","3804","2438","2429","2378","3078","1940","4389","4614","1420","3332","2994","4745","4516"]},{"index":2,"name":"col2","values":["7149","10628","10832","12797","12600","12499","12370","12344","11408","11283","12445","12810","11879","11717","11144","7258","11203","12036","12904","10452"]},{"index":3,"name":"col3","values":["13","37","20","17","30","21","23","24","26","14","15","19","25","18","34","9","22","21","42","29"]},{"index":4,"name":"col4","values":["1400","2789","2517","3074","3149","2656","3271","3828","2464","2443","2393","3097","1965","4407","4648","1429","3354","3015","4787","4545"]}]},"context":{"page_title":null,"page_url":null,"page_entity_id":null,"content_hierarchy":[]},"links":[[[{"start":0,"end":49,"url":null,"entity_id":"Q63770811","candidates":[]}],[],[],[],[]],[[{"start":0,"end":51,"url":null,"entity_id":"Q63768787","candidates":[]}],[],[],[],[]],[[{"start":0,"end":47,"url":null,"entity_id":"Q63762798","candidates":[]}],[],[],[],[]],[[{"start":0,"end":50,"url":null,"entity_id":"Q63762598","candidates":[]}],[],[],[],[]],[[{"start":0,"end":70,"url":null,"entity_id":"Q63742995","candidates":[]}],[],[],[],[]],[[{"start":0,"end":50,"url":null,"entity_id":"Q63741886","candidates":[]}],[],[],[],[]],[[{"start":0,"end":52,"url":null,"entity_id":"Q63625335","candidates":[]}],[],[],[],[]],[[{"start":0,"end":46,"url":null,"entity_id":"Q63596980","candidates":[]}],[],[],[],[]],[[{"start":0,"end":56,"url":null,"entity_id":"Q63591587","candidates":[]}],[],[],[],[]],[[{"start":0,"end":50,"url":null,"entity_id":"Q63590194","candidates":[]}],[],[],[],[]],[[{"start":0,"end":59,"url":null,"entity_id":"Q63544620","candidates":[]}],[],[],[],[]],[[{"start":0,"end":52,"url":null,"entity_id":"Q63536258","candidates":[]}],[],[],[],[]],[[{"start":0,"end":54,"url":null,"entity_id":"Q63499057","candidates":[]}],[],[],[],[]],[[{"start":0,"end":54,"url":null,"entity_id":"Q63489782","candidates":[]}],[],[],[],[]],[[{"start":0,"end":50,"url":null,"entity_id":"Q63488606","candidates":[]}],[],[],[],[]],[[{"start":0,"end":50,"url":null,"entity_id":"Q63487352","candidates":[]}],[],[],[],[]],[[{"start":0,"end":59,"url":null,"entity_id":"Q63464076","candidates":[]}],[],[],[],[]],[[{"start":0,"end":54,"url":null,"entity_id":"Q63458459","candidates":[]}],[],[],[],[]],[[{"start":0,"end":49,"url":null,"entity_id":"Q63457714","candidates":[]}],[],[],[],[]],[[{"start":0,"end":51,"url":null,"entity_id":"Q63771825","candidates":[]}],[],[],[],[]]]}