{"version":"1.2","table":{"version":"2","table_id":"3MFTI3Y1","columns":[{"index":0,"name":"col0","values":["Fjätfallen","Edsforsen","Edsforsen","Edsforsen","Dunderforsen","Dimforsen","Bötelsforsen","Brattforsen","Brattforsen","Borgforsen","Bjurforsen","Antipaikanenkoski","fourth cataract of the Nile","sixth cataract of the Nile","fifth cataract of the Nile","third cataract of the Nile","Alempi Lattunakoski","Alanen Hirvaskoski","Alaköngäs","Akankoski"]},{"index":1,"name":"col1","values":["424","217","65","309","366","479","274","447","110","400","23","422","261","364","342","221","212","267","172","189"]},{"index":2,"name":"col2","values":["Sweden","Sweden","Sweden","Sweden","Sweden","Sweden","Sweden","Sweden","Sweden","Sweden","Sweden","Sweden","Sudan","Sudan","Sudan","Sudan","Finland","Finland","Finland","Finland"]}]},"context":{"page_title":null,"page_url":null,"page_entity_id":null,"content_hierarchy":[]},"links":[[[{"start":0,"end":10,"url":null,"entity_id":"Q32235604","candidates":[]}],[],[{"start":0,"end":6,"url":null,"entity_id":"Q34","candidates":[]}]],[[{"start":0,"end":9,"url":null,"entity_id":"Q32232823","candidates":[]}],[],[{"start":0,"end":6,"url":null,"entity_id":"Q34","candidates":[]}]],[[{"start":0,"end":9,"url":null,"entity_id":"Q32232817","candidates":[]}],[],[{"start":0,"end":6,"url":null,"entity_id":"Q34","candidates":[]}]],[[{"start":0,"end":9,"url":null,"entity_id":"Q32232812","candidates":[]}],[],[{"start":0,"end":6,"url":null,"entity_id":"Q34","candidates":[]}]],[[{"start":0,"end":12,"url":null,"entity_id":"Q32232255","candidates":[]}],[],[{"start":0,"end":6,"url":null,"entity_id":"Q34","candidates":[]}]],[[{"start":0,"end":9,"url":null,"entity_id":"Q32231464","candidates":[]}],[],[{"start":0,"end":6,"url":null,"entity_id":"Q34","candidates":[]}]],[[{"start":0,"end":12,"url":null,"entity_id":"Q32230661","candidates":[]}],[],[{"start":0,"end":6,"url":null,"entity_id":"Q34","candidates":[]}]],[[{"start":0,"end":11,"url":null,"entity_id":"Q32227585","candidates":[]}],[],[{"start":0,"end":6,"url":null,"entity_id":"Q34","candidates":[]}]],[[{"start":0,"end":11,"url":null,"entity_id":"Q32227577","candidates":[]}],[],[{"start":0,"end":6,"url":null,"entity_id":"Q34","candidates":[]}]],[[{"start":0,"end":10,"url":null,"entity_id":"Q32226953","candidates":[]}],[],[{"start":0,"end":6,"url":null,"entity_id":"Q34","candidates":[]}]],[[{"start":0,"end":10,"url":null,"entity_id":"Q32223920","candidates":[]}],[],[{"start":0,"end":6,"url":null,"entity_id":"Q34","candidates":[]}]],[[{"start":0,"end":17,"url":null,"entity_id":"Q32220805","candidates":[]}],[],[{"start":0,"end":6,"url":null,"entity_id":"Q34","candidates":[]}]],[[{"start":0,"end":27,"url":null,"entity_id":"Q71223686","candidates":[]}],[],[{"start":0,"end":5,"url":null,"entity_id":"Q1049","candidates":[]}]],[[{"start":0,"end":26,"url":null,"entity_id":"Q71109996","candidates":[]}],[],[{"start":0,"end":5,"url":null,"entity_id":"Q1049","candidates":[]}]],[[{"start":0,"end":26,"url":null,"entity_id":"Q71109688","candidates":[]}],[],[{"start":0,"end":5,"url":null,"entity_id":"Q1049","candidates":[]}]],[[{"start":0,"end":26,"url":null,"entity_id":"Q71108004","candidates":[]}],[],[{"start":0,"end":5,"url":null,"entity_id":"Q1049","candidates":[]}]],[[{"start":0,"end":19,"url":null,"entity_id":"Q24339975","candidates":[]}],[],[{"start":0,"end":7,"url":null,"entity_id":"Q33","candidates":[]}]],[[{"start":0,"end":18,"url":null,"entity_id":"Q24339945","candidates":[]}],[],[{"start":0,"end":7,"url":null,"entity_id":"Q33","candidates":[]}]],[[{"start":0,"end":9,"url":null,"entity_id":"Q24339918","candidates":[]}],[],[{"start":0,"end":7,"url":null,"entity_id":"Q33","candidates":[]}]],[[{"start":0,"end":9,"url":null,"entity_id":"Q24339859","candidates":[]}],[],[{"start":0,"end":7,"url":null,"entity_id":"Q33","candidates":[]}]]]}