{"version":"1.2","table":{"version":"2","table_id":"3MSKSGOI","columns":[{"index":0,"name":"col0","values":["1946 Prueba illafranca de Ordizia","1945 Prueba Villafranca de Orizia","1944 Prueba Villafrnca de Ordizia","143 Pruebd Villafranca de Ordizia","1942 Prueba illafranca de Ordizia","1941Prueba Villafranca de Ordizia","1940 Prueba Villafranca de Odizia","4939 Prueba Villafranca de Ordizia","1938 Pruea Villafranca de Ordizia","1935 Prueba Villafrancade Ordizia","1934 Prueba Villafranca de Prdizia","1933 Prueba Villafranca de Orgizia","1932 Prueba Villafranca de Ordjzia","1931 Prueba Villafranca d Ordizia","130 Prueba Villafranca de Ordizia","1929 Prueba Villafranca de Ordkzia","1928 Prueba Vilnafranca de Ordizia","1927 Prueba Villafrancc de Ordizia","1926 Prueba Villafrancb de Ordizka","1925 Prueba Villfranca de Ordizia"]},{"index":1,"name":"col1","values":["Spain","Spain","Spain","Spain","Spain","Spain","Spain","Spain","Spain","Spain","Spain","Spain","Spain","Spain","Spain","Spain","Spain","Spain","Spain","Spain"]},{"index":2,"name":"col2","values":["1946/01/01","1945/01/01","1944/01/01","1943/01/01","1942/01/01","1941/01/01","1940/01/01","1939/01/01","1938/01/01","1935/01/01","1934/01/01","1933/01/01","1932/01/01","1931/01/01","1930/01/01","1929/01/01","1928/01/01","1927/01/01","1926/01/01","1925/01/01"]},{"index":3,"name":"col3","values":["1945 Prueba Villafranca de Ordizia","1944 Prueba Villafranca de Ordizia","1943 Prueba Villafranca de Ordizia","1942 Prueba Villafranca de Ordizia","1941 Prueba Villafranca de Ordizia","1940 Prueba Villafranca de Ordizia","1939 Prueba Villafranca de Ordizia","1938 Prueba Villafranca de Ordizia","1935 Prueba Villafranca de Ordizia","1934 Prueba Villafranca de Ordizia","1933 Prueba Villafranca de Ordizia","1932 Prueba Villafranca de Ordizia","1931 Prueba Villafranca de Ordizia","1930 Prueba Villafranca de Ordizia","1929 Prueba Villafranca de Ordizia","1928 Prueba Villafranca de Ordizia","1927 Prueba Villafranca de Ordizia","1926 Prueba Villafranca de Ordizia","1925 Prueba Villafranca de Ordizia","1924 Prueba Villafranca de Ordizia"]},{"index":4,"name":"col4","values":["1947 Prueba Villafranca de Ordizia","1946 Prueba Villafranca de Ordizia","1945 Prueba Villafranca de Ordizia","1944 Prueba Villafranca de Ordizia","1943 Prueba Villafranca de Ordizia","1942 Prueba Villafranca de Ordizia","1941 Prueba Villafranca de Ordizia","1940 Prueba Villafranca de Ordizia","1939 Prueba Villafranca de Ordizia","1938 Prueba Villafranca de Ordizia","1935 Prueba Villafranca de Ordizia","1934 Prueba Villafranca de Ordizia","1933 Prueba Villafranca de Ordizia","1932 Prueba Villafranca de Ordizia","1931 Prueba Villafranca de Ordizia","1930 Prueba Villafranca de Ordizia","1929 Prueba Villafranca de Ordizia","1928 Prueba Villafranca de Ordizia","1927 Prueba Villafranca de Ordizia","1926 Prueba Villafranca de Ordizia"]}]},"context":{"page_title":null,"page_url":null,"page_entity_id":null,"content_hierarchy":[]},"links":[[[{"start":0,"end":33,"url":null,"entity_id":"Q62118647","candidates":[]}],[{"start":0,"end":5,"url":null,"entity_id":"Q29","candidates":[]}],[],[{"start":0,"end":34,"url":null,"entity_id":"Q62118646","candidates":[]}],[{"start":0,"end":34,"url":null,"entity_id":"Q62118648","candidates":[]}]],[[{"start":0,"end":33,"url":null,"entity_id":"Q62118646","candidates":[]}],[{"start":0,"end":5,"url":null,"entity_id":"Q29","candidates":[]}],[],[{"start":0,"end":34,"url":null,"entity_id":"Q62118645","candidates":[]}],[{"start":0,"end":34,"url":null,"entity_id":"Q62118647","candidates":[]}]],[[{"start":0,"end":33,"url":null,"entity_id":"Q62118645","candidates":[]}],[{"start":0,"end":5,"url":null,"entity_id":"Q29","candidates":[]}],[],[{"start":0,"end":34,"url":null,"entity_id":"Q62118643","candidates":[]}],[{"start":0,"end":34,"url":null,"entity_id":"Q62118646","candidates":[]}]],[[{"start":0,"end":33,"url":null,"entity_id":"Q62118643","candidates":[]}],[{"start":0,"end":5,"url":null,"entity_id":"Q29","candidates":[]}],[],[{"start":0,"end":34,"url":null,"entity_id":"Q62118642","candidates":[]}],[{"start":0,"end":34,"url":null,"entity_id":"Q62118645","candidates":[]}]],[[{"start":0,"end":33,"url":null,"entity_id":"Q62118642","candidates":[]}],[{"start":0,"end":5,"url":null,"entity_id":"Q29","candidates":[]}],[],[{"start":0,"end":34,"url":null,"entity_id":"Q62118641","candidates":[]}],[{"start":0,"end":34,"url":null,"entity_id":"Q62118643","candidates":[]}]],[[{"start":0,"end":33,"url":null,"entity_id":"Q62118641","candidates":[]}],[{"start":0,"end":5,"url":null,"entity_id":"Q29","candidates":[]}],[],[{"start":0,"end":34,"url":null,"entity_id":"Q62118640","candidates":[]}],[{"start":0,"end":34,"url":null,"entity_id":"Q62118642","candidates":[]}]],[[{"start":0,"end":33,"url":null,"entity_id":"Q62118640","candidates":[]}],[{"start":0,"end":5,"url":null,"entity_id":"Q29","candidates":[]}],[],[{"start":0,"end":34,"url":null,"entity_id":"Q62118639","candidates":[]}],[{"start":0,"end":34,"url":null,"entity_id":"Q62118641","candidates":[]}]],[[{"start":0,"end":34,"url":null,"entity_id":"Q62118639","candidates":[]}],[{"start":0,"end":5,"url":null,"entity_id":"Q29","candidates":[]}],[],[{"start":0,"end":34,"url":null,"entity_id":"Q62118638","candidates":[]}],[{"start":0,"end":34,"url":null,"entity_id":"Q62118640","candidates":[]}]],[[{"start":0,"end":33,"url":null,"entity_id":"Q62118638","candidates":[]}],[{"start":0,"end":5,"url":null,"entity_id":"Q29","candidates":[]}],[],[{"start":0,"end":34,"url":null,"entity_id":"Q62118637","candidates":[]}],[{"start":0,"end":34,"url":null,"entity_id":"Q62118639","candidates":[]}]],[[{"start":0,"end":33,"url":null,"entity_id":"Q62118637","candidates":[]}],[{"start":0,"end":5,"url":null,"entity_id":"Q29","candidates":[]}],[],[{"start":0,"end":34,"url":null,"entity_id":"Q62118636","candidates":[]}],[{"start":0,"end":34,"url":null,"entity_id":"Q62118638","candidates":[]}]],[[{"start":0,"end":34,"url":null,"entity_id":"Q62118636","candidates":[]}],[{"start":0,"end":5,"url":null,"entity_id":"Q29","candidates":[]}],[],[{"start":0,"end":34,"url":null,"entity_id":"Q62118635","candidates":[]}],[{"start":0,"end":34,"url":null,"entity_id":"Q62118637","candidates":[]}]],[[{"start":0,"end":34,"url":null,"entity_id":"Q62118635","candidates":[]}],[{"start":0,"end":5,"url":null,"entity_id":"Q29","candidates":[]}],[],[{"start":0,"end":34,"url":null,"entity_id":"Q62118634","candidates":[]}],[{"start":0,"end":34,"url":null,"entity_id":"Q62118636","candidates":[]}]],[[{"start":0,"end":34,"url":null,"entity_id":"Q62118634","candidates":[]}],[{"start":0,"end":5,"url":null,"entity_id":"Q29","candidates":[]}],[],[{"start":0,"end":34,"url":null,"entity_id":"Q62118633","candidates":[]}],[{"start":0,"end":34,"url":null,"entity_id":"Q62118635","candidates":[]}]],[[{"start":0,"end":33,"url":null,"entity_id":"Q62118633","candidates":[]}],[{"start":0,"end":5,"url":null,"entity_id":"Q29","candidates":[]}],[],[{"start":0,"end":34,"url":null,"entity_id":"Q62118632","candidates":[]}],[{"start":0,"end":34,"url":null,"entity_id":"Q62118634","candidates":[]}]],[[{"start":0,"end":33,"url":null,"entity_id":"Q62118632","candidates":[]}],[{"start":0,"end":5,"url":null,"entity_id":"Q29","candidates":[]}],[],[{"start":0,"end":34,"url":null,"entity_id":"Q62118630","candidates":[]}],[{"start":0,"end":34,"url":null,"entity_id":"Q62118633","candidates":[]}]],[[{"start":0,"end":34,"url":null,"entity_id":"Q62118630","candidates":[]}],[{"start":0,"end":5,"url":null,"entity_id":"Q29","candidates":[]}],[],[{"start":0,"end":34,"url":null,"entity_id":"Q62118629","candidates":[]}],[{"start":0,"end":34,"url":null,"entity_id":"Q62118632","candidates":[]}]],[[{"start":0,"end":34,"url":null,"entity_id":"Q62118629","candidates":[]}],[{"start":0,"end":5,"url":null,"entity_id":"Q29","candidates":[]}],[],[{"start":0,"end":34,"url":null,"entity_id":"Q62118628","candidates":[]}],[{"start":0,"end":34,"url":null,"entity_id":"Q62118630","candidates":[]}]],[[{"start":0,"end":34,"url":null,"entity_id":"Q62118628","candidates":[]}],[{"start":0,"end":5,"url":null,"entity_id":"Q29","candidates":[]}],[],[{"start":0,"end":34,"url":null,"entity_id":"Q62118627","candidates":[]}],[{"start":0,"end":34,"url":null,"entity_id":"Q62118629","candidates":[]}]],[[{"start":0,"end":34,"url":null,"entity_id":"Q62118627","candidates":[]}],[{"start":0,"end":5,"url":null,"entity_id":"Q29","candidates":[]}],[],[{"start":0,"end":34,"url":null,"entity_id":"Q62118625","candidates":[]}],[{"start":0,"end":34,"url":null,"entity_id":"Q62118628","candidates":[]}]],[[{"start":0,"end":33,"url":null,"entity_id":"Q62118625","candidates":[]}],[{"start":0,"end":5,"url":null,"entity_id":"Q29","candidates":[]}],[],[{"start":0,"end":34,"url":null,"entity_id":"Q62118624","candidates":[]}],[{"start":0,"end":34,"url":null,"entity_id":"Q62118627","candidates":[]}]]]}