{"version":"1.2","table":{"version":"2","table_id":"3MSSH996","columns":[{"index":0,"name":"col0","values":["2016 Dorpenomloop Rucphen","2016 GP Izola","2016 Paris–Troyes","2016 Grand Prix de la Ville de Lillers","2016 Ster van Zwolle","2016 GP Laguna","2016 Sundvolden Grand Prix","De Kustpijl 2016","2016 Trofej Umag","Skive-Løbet 2016","2016 GP Viborg","2015 La Classique Morbihan","2015 Omloop van de IJsseldelta","2015 GP Horsens","2015 Circuit de Wallonie","2015 GP Izola","2015 Grand Prix of ISD","2015 Korona Kocich Gór","2015 Hadeland Grand Prix","2015 Ster van Zwolle"]},{"index":1,"name":"col1","values":["187.2","156.5","168.5","181.3","177.3","163","155.7","199","154","177.7","198.1","100","133.1","194.1","181","160.3","141","192","171","178"]},{"index":2,"name":"col2","values":["2016 UCI Europe Tour","2016 UCI Europe Tour","2016 UCI Europe Tour","2016 UCI Europe Tour","2016 UCI Europe Tour","2016 UCI Europe Tour","2016 UCI Europe Tour","2016 UCI Europe Tour","2016 UCI Europe Tour","2016 UCI Europe Tour","2016 UCI Europe Tour","2015 in women's road cycling","2015 in women's road cycling","2015 UCI Europe Tour","2015 UCI Europe Tour","2015 UCI Europe Tour","2015 UCI Europe Tour","2015 UCI Europe Tour","2015 UCI Europe Tour","2015 UCI Europe Tour"]}]},"context":{"page_title":null,"page_url":null,"page_entity_id":null,"content_hierarchy":[]},"links":[[[{"start":0,"end":13,"url":null,"entity_id":"Q23438851","candidates":[]}],[],[{"start":0,"end":20,"url":null,"entity_id":"Q21029681","candidates":[]}]],[[{"start":0,"end":17,"url":null,"entity_id":"Q23045937","candidates":[]}],[],[{"start":0,"end":20,"url":null,"entity_id":"Q21029681","candidates":[]}]],[[{"start":0,"end":38,"url":null,"entity_id":"Q21848550","candidates":[]}],[],[{"start":0,"end":20,"url":null,"entity_id":"Q21029681","candidates":[]}]],[[{"start":0,"end":20,"url":null,"entity_id":"Q21832681","candidates":[]}],[],[{"start":0,"end":20,"url":null,"entity_id":"Q21029681","candidates":[]}]],[[{"start":0,"end":14,"url":null,"entity_id":"Q21832571","candidates":[]}],[],[{"start":0,"end":20,"url":null,"entity_id":"Q21029681","candidates":[]}]],[[{"start":0,"end":26,"url":null,"entity_id":"Q21567796","candidates":[]}],[],[{"start":0,"end":20,"url":null,"entity_id":"Q21029681","candidates":[]}]],[[{"start":0,"end":16,"url":null,"entity_id":"Q20968689","candidates":[]}],[],[{"start":0,"end":20,"url":null,"entity_id":"Q21029681","candidates":[]}]],[[{"start":0,"end":16,"url":null,"entity_id":"Q20898057","candidates":[]}],[],[{"start":0,"end":20,"url":null,"entity_id":"Q21029681","candidates":[]}]],[[{"start":0,"end":16,"url":null,"entity_id":"Q20897894","candidates":[]}],[],[{"start":0,"end":20,"url":null,"entity_id":"Q21029681","candidates":[]}]],[[{"start":0,"end":14,"url":null,"entity_id":"Q20895715","candidates":[]}],[],[{"start":0,"end":20,"url":null,"entity_id":"Q21029681","candidates":[]}]],[[{"start":0,"end":26,"url":null,"entity_id":"Q24262796","candidates":[]}],[],[{"start":0,"end":28,"url":null,"entity_id":"Q18348936","candidates":[]}]],[[{"start":0,"end":30,"url":null,"entity_id":"Q24068572","candidates":[]}],[],[{"start":0,"end":28,"url":null,"entity_id":"Q18348936","candidates":[]}]],[[{"start":0,"end":15,"url":null,"entity_id":"Q24706414","candidates":[]}],[],[{"start":0,"end":20,"url":null,"entity_id":"Q18342122","candidates":[]}]],[[{"start":0,"end":24,"url":null,"entity_id":"Q24698517","candidates":[]}],[],[{"start":0,"end":20,"url":null,"entity_id":"Q18342122","candidates":[]}]],[[{"start":0,"end":13,"url":null,"entity_id":"Q23438937","candidates":[]}],[],[{"start":0,"end":20,"url":null,"entity_id":"Q18342122","candidates":[]}]],[[{"start":0,"end":22,"url":null,"entity_id":"Q21855698","candidates":[]}],[],[{"start":0,"end":20,"url":null,"entity_id":"Q18342122","candidates":[]}]],[[{"start":0,"end":22,"url":null,"entity_id":"Q21844758","candidates":[]}],[],[{"start":0,"end":20,"url":null,"entity_id":"Q18342122","candidates":[]}]],[[{"start":0,"end":24,"url":null,"entity_id":"Q21567795","candidates":[]}],[],[{"start":0,"end":20,"url":null,"entity_id":"Q18342122","candidates":[]}]],[[{"start":0,"end":20,"url":null,"entity_id":"Q21074145","candidates":[]}],[],[{"start":0,"end":20,"url":null,"entity_id":"Q18342122","candidates":[]}]],[[{"start":0,"end":25,"url":null,"entity_id":"Q23645451","candidates":[]}],[],[{"start":0,"end":20,"url":null,"entity_id":"Q21029681","candidates":[]}]]]}