{"version":"1.2","table":{"version":"2","table_id":"3P5IARWF","columns":[{"index":0,"name":"col0","values":["The Medallions","The Ravens","The Crystals","The Merry Macs","The McGuire Sisters","The Modernaires","Les Stentors","The Real Group","Trio Bulgarka","Pentatonix","The Vibrations","The Persuaders","The King Sisters","The Lettermen","The Pied Pipers","King's Singers","Les Compagnons de la chanson","Boyz II Men","The Three Degrees","Backstreet Boys"]},{"index":1,"name":"col1","values":["United States of America","United States of America","United States of America","United States of America","United States of America","United States of America","France","Sweden","Bulgaria","United States of America","United States of America","United States of America","United States of America","United States of America","United States of America","United Kingdom","France","United States of America","United States of America","United States of America"]},{"index":2,"name":"col2","values":["Apex","National Records","Philles Records","Era Records","Coral","Bluebird","Sony Music","ACT Music","Hannibal Records","RCA Records","Atlantic Records","Atlantic Records","Capitol Records","Capitol Records","Capitol Records","EMI","Columbia Records","Motown","Philadelphia International Records","Jive"]}]},"context":{"page_title":null,"page_url":null,"page_entity_id":null,"content_hierarchy":[]},"links":[[[{"start":0,"end":10,"url":null,"entity_id":"Q2413751","candidates":[]}],[{"start":0,"end":24,"url":null,"entity_id":"Q30","candidates":[]}],[{"start":0,"end":16,"url":null,"entity_id":"Q2854467","candidates":[]}]],[[{"start":0,"end":12,"url":null,"entity_id":"Q1475018","candidates":[]}],[{"start":0,"end":24,"url":null,"entity_id":"Q30","candidates":[]}],[{"start":0,"end":15,"url":null,"entity_id":"Q1795027","candidates":[]}]],[[{"start":0,"end":14,"url":null,"entity_id":"Q7751096","candidates":[]}],[{"start":0,"end":24,"url":null,"entity_id":"Q30","candidates":[]}],[{"start":0,"end":11,"url":null,"entity_id":"Q1347948","candidates":[]}]],[[{"start":0,"end":19,"url":null,"entity_id":"Q303238","candidates":[]}],[{"start":0,"end":24,"url":null,"entity_id":"Q30","candidates":[]}],[{"start":0,"end":5,"url":null,"entity_id":"Q1131870","candidates":[]}]],[[{"start":0,"end":15,"url":null,"entity_id":"Q7751891","candidates":[]}],[{"start":0,"end":24,"url":null,"entity_id":"Q30","candidates":[]}],[{"start":0,"end":8,"url":null,"entity_id":"Q885977","candidates":[]}]],[[{"start":0,"end":12,"url":null,"entity_id":"Q3235632","candidates":[]}],[{"start":0,"end":6,"url":null,"entity_id":"Q142","candidates":[]}],[{"start":0,"end":10,"url":null,"entity_id":"Q330629","candidates":[]}]],[[{"start":0,"end":14,"url":null,"entity_id":"Q1269780","candidates":[]}],[{"start":0,"end":6,"url":null,"entity_id":"Q34","candidates":[]}],[{"start":0,"end":9,"url":null,"entity_id":"Q288810","candidates":[]}]],[[{"start":0,"end":13,"url":null,"entity_id":"Q3139087","candidates":[]}],[{"start":0,"end":8,"url":null,"entity_id":"Q219","candidates":[]}],[{"start":0,"end":16,"url":null,"entity_id":"Q284811","candidates":[]}]],[[{"start":0,"end":10,"url":null,"entity_id":"Q3374926","candidates":[]}],[{"start":0,"end":24,"url":null,"entity_id":"Q30","candidates":[]}],[{"start":0,"end":11,"url":null,"entity_id":"Q202585","candidates":[]}]],[[{"start":0,"end":14,"url":null,"entity_id":"Q7772498","candidates":[]}],[{"start":0,"end":24,"url":null,"entity_id":"Q30","candidates":[]}],[{"start":0,"end":16,"url":null,"entity_id":"Q202440","candidates":[]}]],[[{"start":0,"end":14,"url":null,"entity_id":"Q7756771","candidates":[]}],[{"start":0,"end":24,"url":null,"entity_id":"Q30","candidates":[]}],[{"start":0,"end":16,"url":null,"entity_id":"Q202440","candidates":[]}]],[[{"start":0,"end":16,"url":null,"entity_id":"Q7744519","candidates":[]}],[{"start":0,"end":24,"url":null,"entity_id":"Q30","candidates":[]}],[{"start":0,"end":15,"url":null,"entity_id":"Q193023","candidates":[]}]],[[{"start":0,"end":13,"url":null,"entity_id":"Q2412483","candidates":[]}],[{"start":0,"end":24,"url":null,"entity_id":"Q30","candidates":[]}],[{"start":0,"end":15,"url":null,"entity_id":"Q193023","candidates":[]}]],[[{"start":0,"end":15,"url":null,"entity_id":"Q1131736","candidates":[]}],[{"start":0,"end":24,"url":null,"entity_id":"Q30","candidates":[]}],[{"start":0,"end":15,"url":null,"entity_id":"Q193023","candidates":[]}]],[[{"start":0,"end":14,"url":null,"entity_id":"Q917972","candidates":[]}],[{"start":0,"end":14,"url":null,"entity_id":"Q145","candidates":[]}],[{"start":0,"end":3,"url":null,"entity_id":"Q183412","candidates":[]}]],[[{"start":0,"end":28,"url":null,"entity_id":"Q942173","candidates":[]}],[{"start":0,"end":6,"url":null,"entity_id":"Q142","candidates":[]}],[{"start":0,"end":16,"url":null,"entity_id":"Q183387","candidates":[]}]],[[{"start":0,"end":11,"url":null,"entity_id":"Q651231","candidates":[]}],[{"start":0,"end":24,"url":null,"entity_id":"Q30","candidates":[]}],[{"start":0,"end":6,"url":null,"entity_id":"Q43327","candidates":[]}]],[[{"start":0,"end":17,"url":null,"entity_id":"Q1865511","candidates":[]}],[{"start":0,"end":24,"url":null,"entity_id":"Q30","candidates":[]}],[{"start":0,"end":34,"url":null,"entity_id":"Q31839","candidates":[]}]],[[{"start":0,"end":15,"url":null,"entity_id":"Q17140","candidates":[]}],[{"start":0,"end":24,"url":null,"entity_id":"Q30","candidates":[]}],[{"start":0,"end":4,"url":null,"entity_id":"Q27184","candidates":[]}]],[[{"start":0,"end":14,"url":null,"entity_id":"Q7750848","candidates":[]}],[{"start":0,"end":24,"url":null,"entity_id":"Q30","candidates":[]}],[{"start":0,"end":4,"url":null,"entity_id":"Q4779433","candidates":[]}]]]}