{"version":"1.2","table":{"version":"2","table_id":"3P5YSL40","columns":[{"index":0,"name":"col0","values":["Konzerthaus Zoo","The Lowry","Spectrum","Estádio Novelli Júnior","La halle de glace Olympique","Dingwalls","Barbican Centre","Lotto Arena","Music Center at Strathmore","Wales Millennium Centre","Shepherd's Bush Empire","Paris La Défense Arena","De Broodfabriek","Neues Schauspielhaus","Martiniplaza","Élysée Montmartre","Makuhari Messe","Alexandra Palace","Rotterdam Ahoy","Saku Suurhall Arena"]},{"index":1,"name":"col1","values":["Großer Garten","Salford Quays","Downtown Montreal","Itu","Albertville","Camden Town","York","Antwerp","North Bethesda","Cardiff Bay","Shepherd's Bush","La Défense","Rijswijk","Berlin-Schöneberg","Groningen","Paris","Makuhari New City","Alexandra Park","Charlois","Haabersti"]},{"index":2,"name":"col2","values":["1880-01-01","2000-01-01","1952-10-17","1947-05-25","1991-01-01","1973-01-01","1991-01-01","2007-03-10","2005-02-05","2004-11-28","1903-08-17","2017-10-16","1996-01-01","1906-01-01","1969-09-01","1807-01-01","1989-01-01","1873-01-01","1971-01-15","2001-11-01"]}]},"context":{"page_title":null,"page_url":null,"page_entity_id":null,"content_hierarchy":[]},"links":[[[{"start":0,"end":9,"url":null,"entity_id":"Q3521692","candidates":[]}],[{"start":0,"end":13,"url":null,"entity_id":"Q3469728","candidates":[]}],[]],[[{"start":0,"end":8,"url":null,"entity_id":"Q3492921","candidates":[]}],[{"start":0,"end":17,"url":null,"entity_id":"Q2944779","candidates":[]}],[]],[[{"start":0,"end":22,"url":null,"entity_id":"Q5402138","candidates":[]}],[{"start":0,"end":3,"url":null,"entity_id":"Q957653","candidates":[]}],[]],[[{"start":0,"end":27,"url":null,"entity_id":"Q3126105","candidates":[]}],[{"start":0,"end":11,"url":null,"entity_id":"Q159469","candidates":[]}],[]],[[{"start":0,"end":9,"url":null,"entity_id":"Q5278291","candidates":[]}],[{"start":0,"end":11,"url":null,"entity_id":"Q149836","candidates":[]}],[]],[[{"start":0,"end":15,"url":null,"entity_id":"Q4859653","candidates":[]}],[{"start":0,"end":4,"url":null,"entity_id":"Q42462","candidates":[]}],[]],[[{"start":0,"end":11,"url":null,"entity_id":"Q3901938","candidates":[]}],[{"start":0,"end":7,"url":null,"entity_id":"Q12892","candidates":[]}],[]],[[{"start":0,"end":26,"url":null,"entity_id":"Q64002388","candidates":[]}],[{"start":0,"end":14,"url":null,"entity_id":"Q602896","candidates":[]}],[]],[[{"start":0,"end":23,"url":null,"entity_id":"Q2631977","candidates":[]}],[{"start":0,"end":11,"url":null,"entity_id":"Q3396731","candidates":[]}],[]],[[{"start":0,"end":22,"url":null,"entity_id":"Q2778511","candidates":[]}],[{"start":0,"end":15,"url":null,"entity_id":"Q1026182","candidates":[]}],[]],[[{"start":0,"end":22,"url":null,"entity_id":"Q2860806","candidates":[]}],[{"start":0,"end":10,"url":null,"entity_id":"Q987729","candidates":[]}],[]],[[{"start":0,"end":15,"url":null,"entity_id":"Q2242194","candidates":[]}],[{"start":0,"end":8,"url":null,"entity_id":"Q506745","candidates":[]}],[]],[[{"start":0,"end":20,"url":null,"entity_id":"Q1724204","candidates":[]}],[{"start":0,"end":17,"url":null,"entity_id":"Q313189","candidates":[]}],[]],[[{"start":0,"end":12,"url":null,"entity_id":"Q2790073","candidates":[]}],[{"start":0,"end":9,"url":null,"entity_id":"Q749","candidates":[]}],[]],[[{"start":0,"end":17,"url":null,"entity_id":"Q2612482","candidates":[]}],[{"start":0,"end":5,"url":null,"entity_id":"Q90","candidates":[]}],[]],[[{"start":0,"end":14,"url":null,"entity_id":"Q862452","candidates":[]}],[{"start":0,"end":17,"url":null,"entity_id":"Q11481812","candidates":[]}],[]],[[{"start":0,"end":16,"url":null,"entity_id":"Q254650","candidates":[]}],[{"start":0,"end":14,"url":null,"entity_id":"Q2918203","candidates":[]}],[]],[[{"start":0,"end":14,"url":null,"entity_id":"Q179426","candidates":[]}],[{"start":0,"end":8,"url":null,"entity_id":"Q2289835","candidates":[]}],[]],[[{"start":0,"end":19,"url":null,"entity_id":"Q33172","candidates":[]}],[{"start":0,"end":9,"url":null,"entity_id":"Q1008491","candidates":[]}],[]],[[{"start":0,"end":15,"url":null,"entity_id":"Q57654295","candidates":[]}],[{"start":0,"end":13,"url":null,"entity_id":"Q446470","candidates":[]}],[]]]}