{"version":"1.2","table":{"version":"2","table_id":"3RF7ULOW","columns":[{"index":0,"name":"col0","values":["Caffè Gambrinus, Naples","Babington's tea room","Pedrocchi Café","Caffè Tommaseo","Caffè Giubbe Rosse","Caffè Florian","Antico Caffè Greco","Caffè Fiorio","Fru Petersens Café","Wayne's Coffee","The Bitter End","Café Novelty","College Street Coffee House","Tilley's","Dôme","Café Louvre, Prague","Café Imperial, Prague","Bar Italia","El Fishawy café","Café Riche","Café Groppi","Café De Unie","Caffè Lavena","Café Sommersko","Tysta Mari","SS Hailuoto","Villa Hannala","Tazza D'Oro","The Human Bean","Red and Black Cafe","Red Emma's"]},{"index":1,"name":"col1","values":["1860-01-01","1893-01-01","1831-01-01","1830-01-01","1897-01-01","1720-12-29","1760-01-01","1780-01-01","1908-01-01","1994-01-01","1961-01-01","1905-01-01","1942-01-01","1984-01-01","1990-01-01","1902-01-01","1914-01-01","1949-01-01","1773-01-01","1908-01-01","1909-01-01","1925-01-01","1750-01-01","1976-06-11","1834-01-01","1919-01-01","1859-01-01","1999-01-01","1998-01-01","2000-01-01","2004-01-01"]},{"index":2,"name":"col2","values":["Italy","Italy","Italy","Italy","Italy","Italy","Italy","Italy","Denmark","Sweden","United States of America","Spain","India","Australia","Indonesia","Czech Republic","Czech Republic","United Kingdom","Egypt","Egypt","Egypt","Netherlands","Italy","Denmark","Sweden","Finland","Finland","United States of America","United States of America","United States of America","United States of America"]}]},"context":{"page_title":null,"page_url":null,"page_entity_id":null,"content_hierarchy":[]},"links":[[[{"start":0,"end":20,"url":null,"entity_id":"Q2892984","candidates":[]}],[],[{"start":0,"end":5,"url":null,"entity_id":"Q38","candidates":[]}]],[[{"start":0,"end":14,"url":null,"entity_id":"Q2739545","candidates":[]}],[],[{"start":0,"end":5,"url":null,"entity_id":"Q38","candidates":[]}]],[[{"start":0,"end":14,"url":null,"entity_id":"Q1025549","candidates":[]}],[],[{"start":0,"end":5,"url":null,"entity_id":"Q38","candidates":[]}]],[[{"start":0,"end":18,"url":null,"entity_id":"Q1025547","candidates":[]}],[],[{"start":0,"end":5,"url":null,"entity_id":"Q38","candidates":[]}]],[[{"start":0,"end":13,"url":null,"entity_id":"Q960610","candidates":[]}],[],[{"start":0,"end":5,"url":null,"entity_id":"Q38","candidates":[]}]],[[{"start":0,"end":18,"url":null,"entity_id":"Q575012","candidates":[]}],[],[{"start":0,"end":5,"url":null,"entity_id":"Q38","candidates":[]}]],[[{"start":0,"end":12,"url":null,"entity_id":"Q83463","candidates":[]}],[],[{"start":0,"end":5,"url":null,"entity_id":"Q38","candidates":[]}]],[[{"start":0,"end":18,"url":null,"entity_id":"Q2836371","candidates":[]}],[],[{"start":0,"end":7,"url":null,"entity_id":"Q35","candidates":[]}]],[[{"start":0,"end":14,"url":null,"entity_id":"Q2637272","candidates":[]}],[],[{"start":0,"end":6,"url":null,"entity_id":"Q34","candidates":[]}]],[[{"start":0,"end":14,"url":null,"entity_id":"Q919751","candidates":[]}],[],[{"start":0,"end":24,"url":null,"entity_id":"Q30","candidates":[]}]],[[{"start":0,"end":12,"url":null,"entity_id":"Q1025650","candidates":[]}],[],[{"start":0,"end":5,"url":null,"entity_id":"Q29","candidates":[]}]],[[{"start":0,"end":27,"url":null,"entity_id":"Q4711938","candidates":[]}],[],[{"start":0,"end":5,"url":null,"entity_id":"Q668","candidates":[]}]],[[{"start":0,"end":8,"url":null,"entity_id":"Q7802817","candidates":[]}],[],[{"start":0,"end":9,"url":null,"entity_id":"Q408","candidates":[]}]],[[{"start":0,"end":4,"url":null,"entity_id":"Q5289995","candidates":[]}],[],[{"start":0,"end":9,"url":null,"entity_id":"Q252","candidates":[]}]],[[{"start":0,"end":19,"url":null,"entity_id":"Q12879009","candidates":[]}],[],[{"start":0,"end":14,"url":null,"entity_id":"Q213","candidates":[]}]],[[{"start":0,"end":21,"url":null,"entity_id":"Q12879008","candidates":[]}],[],[{"start":0,"end":14,"url":null,"entity_id":"Q213","candidates":[]}]],[[{"start":0,"end":10,"url":null,"entity_id":"Q4857936","candidates":[]}],[],[{"start":0,"end":14,"url":null,"entity_id":"Q145","candidates":[]}]],[[{"start":0,"end":15,"url":null,"entity_id":"Q12244698","candidates":[]}],[],[{"start":0,"end":5,"url":null,"entity_id":"Q79","candidates":[]}]],[[{"start":0,"end":10,"url":null,"entity_id":"Q6866455","candidates":[]}],[],[{"start":0,"end":5,"url":null,"entity_id":"Q79","candidates":[]}]],[[{"start":0,"end":11,"url":null,"entity_id":"Q6757577","candidates":[]}],[],[{"start":0,"end":5,"url":null,"entity_id":"Q79","candidates":[]}]],[[{"start":0,"end":12,"url":null,"entity_id":"Q4989606","candidates":[]}],[],[{"start":0,"end":11,"url":null,"entity_id":"Q55","candidates":[]}]],[[{"start":0,"end":12,"url":null,"entity_id":"Q5017189","candidates":[]}],[],[{"start":0,"end":5,"url":null,"entity_id":"Q38","candidates":[]}]],[[{"start":0,"end":14,"url":null,"entity_id":"Q12305030","candidates":[]}],[],[{"start":0,"end":7,"url":null,"entity_id":"Q35","candidates":[]}]],[[{"start":0,"end":10,"url":null,"entity_id":"Q10707851","candidates":[]}],[],[{"start":0,"end":6,"url":null,"entity_id":"Q34","candidates":[]}]],[[{"start":0,"end":11,"url":null,"entity_id":"Q11860902","candidates":[]}],[],[{"start":0,"end":7,"url":null,"entity_id":"Q33","candidates":[]}]],[[{"start":0,"end":13,"url":null,"entity_id":"Q7930350","candidates":[]}],[],[{"start":0,"end":7,"url":null,"entity_id":"Q33","candidates":[]}]],[[{"start":0,"end":11,"url":null,"entity_id":"Q11316176","candidates":[]}],[],[{"start":0,"end":24,"url":null,"entity_id":"Q30","candidates":[]}]],[[{"start":0,"end":14,"url":null,"entity_id":"Q7740821","candidates":[]}],[],[{"start":0,"end":24,"url":null,"entity_id":"Q30","candidates":[]}]],[[{"start":0,"end":18,"url":null,"entity_id":"Q7305267","candidates":[]}],[],[{"start":0,"end":24,"url":null,"entity_id":"Q30","candidates":[]}]],[[{"start":0,"end":10,"url":null,"entity_id":"Q7304105","candidates":[]}],[],[{"start":0,"end":24,"url":null,"entity_id":"Q30","candidates":[]}]],[[{"start":0,"end":23,"url":null,"entity_id":"Q2932919","candidates":[]}],[],[{"start":0,"end":5,"url":null,"entity_id":"Q38","candidates":[]}]]]}