{"version":"1.2","table":{"version":"2","table_id":"3RL5OBD3","columns":[{"index":0,"name":"col0","values":["Palace of Portici","Royal Palace of Carditello","Strömsholm Palace","Royal Palace","Abdeen Palace","Stiftsgården","Palacio de la Magdalena","Royal Palace of Amsterdam","Paço Imperial","Euxinograd","Royal Palace","Royal Palace of El Pardo","Palace of Zarzuela","Royal Palace of Madrid","Palace of Capodimonte","Palace of Caserta","Royal Palace of Genoa","Purani Haveli","Royal Palace, Oslo","Royal Castle"]},{"index":1,"name":"col1","values":["Portici","San Tammaro","Hallstahammar Municipality","Nuku'alofa","Cairo Governorate","Trondheim","Santander","Amsterdam","Rio de Janeiro","Varna","Belgrade","Madrid","Madrid","Madrid","Naples","Caserta","Genoa","Hyderabad","Oslo","Warsaw"]},{"index":2,"name":"col2","values":["1742-01-01","1744-01-01","1681-01-01","1867-01-01","1863-01-01","1778-01-01","1909-01-01","1665-01-01","1743-01-01","1885-01-01","1929-01-01","1547-01-01","1627-01-01","1738-01-01","1742-01-01","1752-01-20","1655-01-01","1880-01-01","1849-07-26","1598-01-01"]}]},"context":{"page_title":null,"page_url":null,"page_entity_id":null,"content_hierarchy":[]},"links":[[[{"start":0,"end":17,"url":null,"entity_id":"Q1041792","candidates":[]}],[{"start":0,"end":7,"url":null,"entity_id":"Q72414","candidates":[]}],[]],[[{"start":0,"end":26,"url":null,"entity_id":"Q3931110","candidates":[]}],[{"start":0,"end":11,"url":null,"entity_id":"Q58885","candidates":[]}],[]],[[{"start":0,"end":17,"url":null,"entity_id":"Q1416870","candidates":[]}],[{"start":0,"end":26,"url":null,"entity_id":"Q47019","candidates":[]}],[]],[[{"start":0,"end":12,"url":null,"entity_id":"Q2992825","candidates":[]}],[{"start":0,"end":10,"url":null,"entity_id":"Q38834","candidates":[]}],[]],[[{"start":0,"end":13,"url":null,"entity_id":"Q307747","candidates":[]}],[{"start":0,"end":17,"url":null,"entity_id":"Q30805","candidates":[]}],[]],[[{"start":0,"end":12,"url":null,"entity_id":"Q1536981","candidates":[]}],[{"start":0,"end":9,"url":null,"entity_id":"Q25804","candidates":[]}],[]],[[{"start":0,"end":23,"url":null,"entity_id":"Q2625319","candidates":[]}],[{"start":0,"end":9,"url":null,"entity_id":"Q12233","candidates":[]}],[]],[[{"start":0,"end":25,"url":null,"entity_id":"Q1056152","candidates":[]}],[{"start":0,"end":9,"url":null,"entity_id":"Q9899","candidates":[]}],[]],[[{"start":0,"end":13,"url":null,"entity_id":"Q3361206","candidates":[]}],[{"start":0,"end":14,"url":null,"entity_id":"Q8678","candidates":[]}],[]],[[{"start":0,"end":10,"url":null,"entity_id":"Q1370513","candidates":[]}],[{"start":0,"end":5,"url":null,"entity_id":"Q6506","candidates":[]}],[]],[[{"start":0,"end":12,"url":null,"entity_id":"Q1520647","candidates":[]}],[{"start":0,"end":8,"url":null,"entity_id":"Q3711","candidates":[]}],[]],[[{"start":0,"end":24,"url":null,"entity_id":"Q1368571","candidates":[]}],[{"start":0,"end":6,"url":null,"entity_id":"Q2807","candidates":[]}],[]],[[{"start":0,"end":18,"url":null,"entity_id":"Q604921","candidates":[]}],[{"start":0,"end":6,"url":null,"entity_id":"Q2807","candidates":[]}],[]],[[{"start":0,"end":22,"url":null,"entity_id":"Q171517","candidates":[]}],[{"start":0,"end":6,"url":null,"entity_id":"Q2807","candidates":[]}],[]],[[{"start":0,"end":21,"url":null,"entity_id":"Q4115652","candidates":[]}],[{"start":0,"end":6,"url":null,"entity_id":"Q2634","candidates":[]}],[]],[[{"start":0,"end":17,"url":null,"entity_id":"Q327983","candidates":[]}],[{"start":0,"end":7,"url":null,"entity_id":"Q1906","candidates":[]}],[]],[[{"start":0,"end":21,"url":null,"entity_id":"Q1514006","candidates":[]}],[{"start":0,"end":5,"url":null,"entity_id":"Q1449","candidates":[]}],[]],[[{"start":0,"end":13,"url":null,"entity_id":"Q7260842","candidates":[]}],[{"start":0,"end":9,"url":null,"entity_id":"Q1361","candidates":[]}],[]],[[{"start":0,"end":18,"url":null,"entity_id":"Q863932","candidates":[]}],[{"start":0,"end":4,"url":null,"entity_id":"Q585","candidates":[]}],[]],[[{"start":0,"end":12,"url":null,"entity_id":"Q756098","candidates":[]}],[{"start":0,"end":6,"url":null,"entity_id":"Q270","candidates":[]}],[]]]}