{"version":"1.2","table":{"version":"2","table_id":"3RP45PB8","columns":[{"index":0,"name":"col0","values":["Altomünster","Bartovice","Steinhaus am Semmering","Riezlern","Neustadt an der Donau","Kritzendorf","Kleinhöflein im Burgenland","Simbach am Inn","Winzer","Simbach","Igls","Wallersdorf","Thurmansbang","Elisabeth-Vorstadt","Radvanice","Hafendorf","Pertisau","Schöllnach","Windischeschenbach","Waldkirchen"]},{"index":1,"name":"col1","values":["2150","1836","642","2488","14045","2541","1870","9813","1617","1495","2010","3121","768","6057","4657","7177","460","1517","4273","3427"]},{"index":2,"name":"col2","values":["590","558","548","556","2615","1832","505","2121","457","470","469","973","234","421","1105","1055","216","386","849","833"]}]},"context":{"page_title":null,"page_url":null,"page_entity_id":null,"content_hierarchy":[]},"links":[[[{"start":0,"end":9,"url":null,"entity_id":"Q3489759","candidates":[]}],[],[]],[[{"start":0,"end":22,"url":null,"entity_id":"Q2340802","candidates":[]}],[],[]],[[{"start":0,"end":8,"url":null,"entity_id":"Q486583","candidates":[]}],[],[]],[[{"start":0,"end":21,"url":null,"entity_id":"Q269010","candidates":[]}],[],[]],[[{"start":0,"end":11,"url":null,"entity_id":"Q1789535","candidates":[]}],[],[]],[[{"start":0,"end":26,"url":null,"entity_id":"Q259402","candidates":[]}],[],[]],[[{"start":0,"end":14,"url":null,"entity_id":"Q253236","candidates":[]}],[],[]],[[{"start":0,"end":6,"url":null,"entity_id":"Q33517632","candidates":[]}],[],[]],[[{"start":0,"end":7,"url":null,"entity_id":"Q33487044","candidates":[]}],[],[]],[[{"start":0,"end":4,"url":null,"entity_id":"Q872489","candidates":[]}],[],[]],[[{"start":0,"end":11,"url":null,"entity_id":"Q33513356","candidates":[]}],[],[]],[[{"start":0,"end":12,"url":null,"entity_id":"Q33506445","candidates":[]}],[],[]],[[{"start":0,"end":18,"url":null,"entity_id":"Q259218","candidates":[]}],[],[]],[[{"start":0,"end":9,"url":null,"entity_id":"Q3490336","candidates":[]}],[],[]],[[{"start":0,"end":9,"url":null,"entity_id":"Q1567927","candidates":[]}],[],[]],[[{"start":0,"end":8,"url":null,"entity_id":"Q356247","candidates":[]}],[],[]],[[{"start":0,"end":10,"url":null,"entity_id":"Q33482607","candidates":[]}],[],[]],[[{"start":0,"end":18,"url":null,"entity_id":"Q33517480","candidates":[]}],[],[]],[[{"start":0,"end":11,"url":null,"entity_id":"Q33513123","candidates":[]}],[],[]],[[{"start":0,"end":11,"url":null,"entity_id":"Q33421177","candidates":[]}],[],[]]]}