{"version":"1.2","table":{"version":"2","table_id":"3SB0IB6D","columns":[{"index":0,"name":"col0","values":["Wonder Park","Smallfoot","The Boxtrolls","Big Hero 6","Smurfs: The Lost Village","The Grinch","Shark Bait","The Jungle Book","The Polar Express","Dinosaur","Star Wars: The Clone Wars","Return to Never Land","Lady and the Tramp II: Scamp's Adventure","The Jungle Book 2","One Hundred and One Dalmatians","A Christmas Carol","Frozen","Bolt","Wreck-It Ralph","Scooby-Doo on Zombie Island"]},{"index":1,"name":"col1","values":["Suitable for a general audience, but not recommended for children under 7","Suitable for a general audience","Suitable for a general audience, but not recommended for children under 7","Suitable for a general audience, but not recommended for children under 7","Suitable for a general audience","Suitable for a general audience","Suitable for a general audience, but not recommended for children under 7","Suitable for a general audience","Suitable for a general audience, but not recommended for children under 7","Suitable for a general audience, but not recommended for children under 7","Suitable for a general audience, but not recommended for children under 7","Suitable for a general audience","Suitable for a general audience","Suitable for a general audience","Suitable for a general audience","For ages 11 and up","Suitable for a general audience, but not recommended for children under 7","Suitable for a general audience, but not recommended for children under 7","Suitable for a general audience, but not recommended for children under 7","Suitable for a general audience, but not recommended for children under 7"]},{"index":2,"name":"col2","values":["Paramount Pictures","Warner Bros.","Focus Features","Fórum Hungary","Columbia Pictures","Universal Studios","CJ Entertainment","Walt Disney Studios Motion Pictures","InterCom","InterCom","InterCom","InterCom","InterCom","InterCom","InterCom","Fórum Hungary","Fórum Hungary","Fórum Hungary","Walt Disney Pictures","Warner Home Video"]}]},"context":{"page_title":null,"page_url":null,"page_entity_id":null,"content_hierarchy":[]},"links":[[[{"start":0,"end":9,"url":null,"entity_id":"Q30607974","candidates":[]}],[{"start":0,"end":31,"url":null,"entity_id":"Q56887384","candidates":[]}],[{"start":0,"end":12,"url":null,"entity_id":"Q126399","candidates":[]}]],[[{"start":0,"end":13,"url":null,"entity_id":"Q12103758","candidates":[]}],[{"start":0,"end":73,"url":null,"entity_id":"Q56887459","candidates":[]}],[{"start":0,"end":14,"url":null,"entity_id":"Q649649","candidates":[]}]],[[{"start":0,"end":10,"url":null,"entity_id":"Q13091172","candidates":[]}],[{"start":0,"end":73,"url":null,"entity_id":"Q56887459","candidates":[]}],[{"start":0,"end":13,"url":null,"entity_id":"Q1005887","candidates":[]}]],[[{"start":0,"end":24,"url":null,"entity_id":"Q15985075","candidates":[]}],[{"start":0,"end":31,"url":null,"entity_id":"Q56887384","candidates":[]}],[{"start":0,"end":17,"url":null,"entity_id":"Q186941","candidates":[]}]],[[{"start":0,"end":10,"url":null,"entity_id":"Q15632949","candidates":[]}],[{"start":0,"end":31,"url":null,"entity_id":"Q56887384","candidates":[]}],[{"start":0,"end":17,"url":null,"entity_id":"Q168383","candidates":[]}]],[[{"start":0,"end":10,"url":null,"entity_id":"Q562118","candidates":[]}],[{"start":0,"end":73,"url":null,"entity_id":"Q56887459","candidates":[]}],[{"start":0,"end":16,"url":null,"entity_id":"Q5012265","candidates":[]}]],[[{"start":0,"end":15,"url":null,"entity_id":"Q199839","candidates":[]}],[{"start":0,"end":31,"url":null,"entity_id":"Q56887384","candidates":[]}],[{"start":0,"end":35,"url":null,"entity_id":"Q1323594","candidates":[]}]],[[{"start":0,"end":17,"url":null,"entity_id":"Q862197","candidates":[]}],[{"start":0,"end":73,"url":null,"entity_id":"Q56887459","candidates":[]}],[{"start":0,"end":8,"url":null,"entity_id":"Q1097348","candidates":[]}]],[[{"start":0,"end":8,"url":null,"entity_id":"Q476329","candidates":[]}],[{"start":0,"end":73,"url":null,"entity_id":"Q56887459","candidates":[]}],[{"start":0,"end":8,"url":null,"entity_id":"Q1097348","candidates":[]}]],[[{"start":0,"end":25,"url":null,"entity_id":"Q382289","candidates":[]}],[{"start":0,"end":73,"url":null,"entity_id":"Q56887459","candidates":[]}],[{"start":0,"end":8,"url":null,"entity_id":"Q1097348","candidates":[]}]],[[{"start":0,"end":20,"url":null,"entity_id":"Q610262","candidates":[]}],[{"start":0,"end":31,"url":null,"entity_id":"Q56887384","candidates":[]}],[{"start":0,"end":8,"url":null,"entity_id":"Q1097348","candidates":[]}]],[[{"start":0,"end":40,"url":null,"entity_id":"Q244434","candidates":[]}],[{"start":0,"end":31,"url":null,"entity_id":"Q56887384","candidates":[]}],[{"start":0,"end":8,"url":null,"entity_id":"Q1097348","candidates":[]}]],[[{"start":0,"end":17,"url":null,"entity_id":"Q221947","candidates":[]}],[{"start":0,"end":31,"url":null,"entity_id":"Q56887384","candidates":[]}],[{"start":0,"end":8,"url":null,"entity_id":"Q1097348","candidates":[]}]],[[{"start":0,"end":30,"url":null,"entity_id":"Q165512","candidates":[]}],[{"start":0,"end":31,"url":null,"entity_id":"Q56887384","candidates":[]}],[{"start":0,"end":8,"url":null,"entity_id":"Q1097348","candidates":[]}]],[[{"start":0,"end":17,"url":null,"entity_id":"Q86791","candidates":[]}],[{"start":0,"end":18,"url":null,"entity_id":"Q56887490","candidates":[]}],[{"start":0,"end":13,"url":null,"entity_id":"Q1005887","candidates":[]}]],[[{"start":0,"end":6,"url":null,"entity_id":"Q246283","candidates":[]}],[{"start":0,"end":73,"url":null,"entity_id":"Q56887459","candidates":[]}],[{"start":0,"end":13,"url":null,"entity_id":"Q1005887","candidates":[]}]],[[{"start":0,"end":4,"url":null,"entity_id":"Q212792","candidates":[]}],[{"start":0,"end":73,"url":null,"entity_id":"Q56887459","candidates":[]}],[{"start":0,"end":13,"url":null,"entity_id":"Q1005887","candidates":[]}]],[[{"start":0,"end":14,"url":null,"entity_id":"Q28891","candidates":[]}],[{"start":0,"end":73,"url":null,"entity_id":"Q56887459","candidates":[]}],[{"start":0,"end":20,"url":null,"entity_id":"Q191224","candidates":[]}]],[[{"start":0,"end":27,"url":null,"entity_id":"Q2275539","candidates":[]}],[{"start":0,"end":73,"url":null,"entity_id":"Q56887459","candidates":[]}],[{"start":0,"end":17,"url":null,"entity_id":"Q1188361","candidates":[]}]],[[{"start":0,"end":11,"url":null,"entity_id":"Q28869533","candidates":[]}],[{"start":0,"end":73,"url":null,"entity_id":"Q56887459","candidates":[]}],[{"start":0,"end":18,"url":null,"entity_id":"Q159846","candidates":[]}]]]}