{"version":"1.2","table":{"version":"2","table_id":"3TY3PHEJ","columns":[{"index":0,"name":"col0","values":["Estany Tort de Peguera","Estany Negre","Era Restanca","Estany de Sant Maurici","Lac des Truites","Lac des Corbeaux","Wollaston Lake","Lac de Retournemer","Quesnel Lake","Lac d'Ilay","Reindeer Lake","Churchill Lake","Lake Bohinj","Gérardmer Lake","Ägerisee","Great Slave Lake","Lake Superior","Smradlivo Lake","Estany de Certascan","Estany Tort"]},{"index":1,"name":"col1","values":["0.76","11.96","0.81","2.6","0.1485","0.42","75","0.266","41.8","7.7","95.2","4.88","92500000","19.51","0.36","1580000","12100000","1750000","16.37","6400000"]},{"index":2,"name":"col2","values":["611","756","367","1.1","0.25","0.6","113","0.32","95","1.9","230","40.6","4100","2.02","5.4","480","563","900","1.21","1.89"]},{"index":3,"name":"col3","values":["9.8","31.4","6.7","25","0.0285","0.1","2286","5","266","0.72","6500","559","3.18","115.5","7.28","27200","82350","21.2","47","55.26"]}]},"context":{"page_title":null,"page_url":null,"page_entity_id":null,"content_hierarchy":[]},"links":[[[{"start":0,"end":22,"url":null,"entity_id":"Q59275794","candidates":[]}],[],[],[]],[[{"start":0,"end":12,"url":null,"entity_id":"Q23994027","candidates":[]}],[],[],[]],[[{"start":0,"end":12,"url":null,"entity_id":"Q23992953","candidates":[]}],[],[],[]],[[{"start":0,"end":22,"url":null,"entity_id":"Q3574248","candidates":[]}],[],[],[]],[[{"start":0,"end":15,"url":null,"entity_id":"Q3215690","candidates":[]}],[],[],[]],[[{"start":0,"end":16,"url":null,"entity_id":"Q3215656","candidates":[]}],[],[],[]],[[{"start":0,"end":14,"url":null,"entity_id":"Q1640500","candidates":[]}],[],[],[]],[[{"start":0,"end":18,"url":null,"entity_id":"Q1553818","candidates":[]}],[],[],[]],[[{"start":0,"end":12,"url":null,"entity_id":"Q1495461","candidates":[]}],[],[],[]],[[{"start":0,"end":10,"url":null,"entity_id":"Q1276193","candidates":[]}],[],[],[]],[[{"start":0,"end":13,"url":null,"entity_id":"Q1134446","candidates":[]}],[],[],[]],[[{"start":0,"end":14,"url":null,"entity_id":"Q1089891","candidates":[]}],[],[],[]],[[{"start":0,"end":11,"url":null,"entity_id":"Q831903","candidates":[]}],[],[],[]],[[{"start":0,"end":14,"url":null,"entity_id":"Q603214","candidates":[]}],[],[],[]],[[{"start":0,"end":8,"url":null,"entity_id":"Q14507","candidates":[]}],[],[],[]],[[{"start":0,"end":16,"url":null,"entity_id":"Q5539","candidates":[]}],[],[],[]],[[{"start":0,"end":13,"url":null,"entity_id":"Q1066","candidates":[]}],[],[],[]],[[{"start":0,"end":14,"url":null,"entity_id":"Q12294095","candidates":[]}],[],[],[]],[[{"start":0,"end":19,"url":null,"entity_id":"Q11920872","candidates":[]}],[],[],[]],[[{"start":0,"end":11,"url":null,"entity_id":"Q11920862","candidates":[]}],[],[],[]]]}