{"version":"1.2","table":{"version":"2","table_id":"3TZOI705","columns":[{"index":0,"name":"col0","values":["Komuna e Gjorices","Komuna e Muhurit","Komuna e Fushe-cidhnes","Komuna e Derjanit","Komuna e Zerqanit","Komuna e Xibrit","Komuna e Shupenzes","Komuna e Selishtes","Bashkia e Sarandes","Komuna e Mesopotamit","Komuna e Livadhjes","Bashkia e Konispolit","Komuna e Finiqit","Bashkia e Delvines","Komuna e Kastriotit","Zall-Reç","Komuna e Gjerbesit","Bashkia e Corovodes","Komuna e Cepanit","Komuna e Zhepes"]},{"index":1,"name":"col1","values":["UTC+01:00","UTC+01:00","UTC+01:00","UTC+01:00","UTC+01:00","UTC+01:00","UTC+01:00","UTC+01:00","UTC+01:00","UTC+01:00","UTC+01:00","UTC+01:00","UTC+01:00","UTC+01:00","UTC+01:00","UTC+01:00","UTC+01:00","UTC+01:00","UTC+01:00","UTC+01:00"]},{"index":2,"name":"col2","values":["Albania","Albania","Albania","Albania","Albania","Albania","Albania","Albania","Albania","Albania","Albania","Albania","Albania","Albania","Albania","Albania","Albania","Albania","Albania","Albania"]},{"index":3,"name":"col3","values":["Dibër County","Dibër County","Dibër County","Dibër County","Dibër County","Dibër County","Dibër County","Dibër County","Vlorë County","Vlorë County","Vlorë County","Vlorë County","Vlorë County","Vlorë County","Dibër District","Dibër District","Berat County","Berat County","Berat County","Berat County"]},{"index":4,"name":"col4","values":["580","1534","432","715","1188","731","679","819","42","147","136","158","19","213","573","1010","1575","323","460","400"]}]},"context":{"page_title":null,"page_url":null,"page_entity_id":null,"content_hierarchy":[]},"links":[[[{"start":0,"end":16,"url":null,"entity_id":"Q22005051","candidates":[]}],[{"start":0,"end":9,"url":null,"entity_id":"Q6655","candidates":[]}],[{"start":0,"end":7,"url":null,"entity_id":"Q222","candidates":[]}],[{"start":0,"end":12,"url":null,"entity_id":"Q192866","candidates":[]}],[]],[[{"start":0,"end":22,"url":null,"entity_id":"Q22005049","candidates":[]}],[{"start":0,"end":9,"url":null,"entity_id":"Q6655","candidates":[]}],[{"start":0,"end":7,"url":null,"entity_id":"Q222","candidates":[]}],[{"start":0,"end":12,"url":null,"entity_id":"Q192866","candidates":[]}],[]],[[{"start":0,"end":17,"url":null,"entity_id":"Q22004994","candidates":[]}],[{"start":0,"end":9,"url":null,"entity_id":"Q6655","candidates":[]}],[{"start":0,"end":7,"url":null,"entity_id":"Q222","candidates":[]}],[{"start":0,"end":12,"url":null,"entity_id":"Q192866","candidates":[]}],[]],[[{"start":0,"end":17,"url":null,"entity_id":"Q22002755","candidates":[]}],[{"start":0,"end":9,"url":null,"entity_id":"Q6655","candidates":[]}],[{"start":0,"end":7,"url":null,"entity_id":"Q222","candidates":[]}],[{"start":0,"end":12,"url":null,"entity_id":"Q192866","candidates":[]}],[]],[[{"start":0,"end":15,"url":null,"entity_id":"Q22002741","candidates":[]}],[{"start":0,"end":9,"url":null,"entity_id":"Q6655","candidates":[]}],[{"start":0,"end":7,"url":null,"entity_id":"Q222","candidates":[]}],[{"start":0,"end":12,"url":null,"entity_id":"Q192866","candidates":[]}],[]],[[{"start":0,"end":18,"url":null,"entity_id":"Q22002590","candidates":[]}],[{"start":0,"end":9,"url":null,"entity_id":"Q6655","candidates":[]}],[{"start":0,"end":7,"url":null,"entity_id":"Q222","candidates":[]}],[{"start":0,"end":12,"url":null,"entity_id":"Q192866","candidates":[]}],[]],[[{"start":0,"end":18,"url":null,"entity_id":"Q22002542","candidates":[]}],[{"start":0,"end":9,"url":null,"entity_id":"Q6655","candidates":[]}],[{"start":0,"end":7,"url":null,"entity_id":"Q222","candidates":[]}],[{"start":0,"end":12,"url":null,"entity_id":"Q192866","candidates":[]}],[]],[[{"start":0,"end":18,"url":null,"entity_id":"Q22002841","candidates":[]}],[{"start":0,"end":9,"url":null,"entity_id":"Q6655","candidates":[]}],[{"start":0,"end":7,"url":null,"entity_id":"Q222","candidates":[]}],[{"start":0,"end":12,"url":null,"entity_id":"Q192849","candidates":[]}],[]],[[{"start":0,"end":20,"url":null,"entity_id":"Q22002830","candidates":[]}],[{"start":0,"end":9,"url":null,"entity_id":"Q6655","candidates":[]}],[{"start":0,"end":7,"url":null,"entity_id":"Q222","candidates":[]}],[{"start":0,"end":12,"url":null,"entity_id":"Q192849","candidates":[]}],[]],[[{"start":0,"end":18,"url":null,"entity_id":"Q22002827","candidates":[]}],[{"start":0,"end":9,"url":null,"entity_id":"Q6655","candidates":[]}],[{"start":0,"end":7,"url":null,"entity_id":"Q222","candidates":[]}],[{"start":0,"end":12,"url":null,"entity_id":"Q192849","candidates":[]}],[]],[[{"start":0,"end":20,"url":null,"entity_id":"Q22002818","candidates":[]}],[{"start":0,"end":9,"url":null,"entity_id":"Q6655","candidates":[]}],[{"start":0,"end":7,"url":null,"entity_id":"Q222","candidates":[]}],[{"start":0,"end":12,"url":null,"entity_id":"Q192849","candidates":[]}],[]],[[{"start":0,"end":16,"url":null,"entity_id":"Q22002807","candidates":[]}],[{"start":0,"end":9,"url":null,"entity_id":"Q6655","candidates":[]}],[{"start":0,"end":7,"url":null,"entity_id":"Q222","candidates":[]}],[{"start":0,"end":12,"url":null,"entity_id":"Q192849","candidates":[]}],[]],[[{"start":0,"end":18,"url":null,"entity_id":"Q22002799","candidates":[]}],[{"start":0,"end":9,"url":null,"entity_id":"Q6655","candidates":[]}],[{"start":0,"end":7,"url":null,"entity_id":"Q222","candidates":[]}],[{"start":0,"end":12,"url":null,"entity_id":"Q192849","candidates":[]}],[]],[[{"start":0,"end":19,"url":null,"entity_id":"Q22005180","candidates":[]}],[{"start":0,"end":9,"url":null,"entity_id":"Q6655","candidates":[]}],[{"start":0,"end":7,"url":null,"entity_id":"Q222","candidates":[]}],[{"start":0,"end":14,"url":null,"entity_id":"Q192123","candidates":[]}],[]],[[{"start":0,"end":8,"url":null,"entity_id":"Q780896","candidates":[]}],[{"start":0,"end":9,"url":null,"entity_id":"Q6655","candidates":[]}],[{"start":0,"end":7,"url":null,"entity_id":"Q222","candidates":[]}],[{"start":0,"end":14,"url":null,"entity_id":"Q192123","candidates":[]}],[]],[[{"start":0,"end":18,"url":null,"entity_id":"Q22005065","candidates":[]}],[{"start":0,"end":9,"url":null,"entity_id":"Q6655","candidates":[]}],[{"start":0,"end":7,"url":null,"entity_id":"Q222","candidates":[]}],[{"start":0,"end":12,"url":null,"entity_id":"Q189296","candidates":[]}],[]],[[{"start":0,"end":19,"url":null,"entity_id":"Q22004979","candidates":[]}],[{"start":0,"end":9,"url":null,"entity_id":"Q6655","candidates":[]}],[{"start":0,"end":7,"url":null,"entity_id":"Q222","candidates":[]}],[{"start":0,"end":12,"url":null,"entity_id":"Q189296","candidates":[]}],[]],[[{"start":0,"end":16,"url":null,"entity_id":"Q22004966","candidates":[]}],[{"start":0,"end":9,"url":null,"entity_id":"Q6655","candidates":[]}],[{"start":0,"end":7,"url":null,"entity_id":"Q222","candidates":[]}],[{"start":0,"end":12,"url":null,"entity_id":"Q189296","candidates":[]}],[]],[[{"start":0,"end":15,"url":null,"entity_id":"Q22002763","candidates":[]}],[{"start":0,"end":9,"url":null,"entity_id":"Q6655","candidates":[]}],[{"start":0,"end":7,"url":null,"entity_id":"Q222","candidates":[]}],[{"start":0,"end":12,"url":null,"entity_id":"Q189296","candidates":[]}],[]],[[{"start":0,"end":17,"url":null,"entity_id":"Q22005076","candidates":[]}],[{"start":0,"end":9,"url":null,"entity_id":"Q6655","candidates":[]}],[{"start":0,"end":7,"url":null,"entity_id":"Q222","candidates":[]}],[{"start":0,"end":12,"url":null,"entity_id":"Q192866","candidates":[]}],[]]]}