{"version":"1.2","table":{"version":"2","table_id":"3V0VHPTE","columns":[{"index":0,"name":"col0","values":["Polifemo","Zátopek!","Kahym-Ture","Breaking the Waves","La bella dormente nel bosco","Naïs","Maria egiziaca","Die Maccabäer","Germanicus","Juha","Shchors","O arame","Mala Pasqua!","Khovanshchina","Cyrano de Bergerac","Tancredi","Le Villi","Arshin Mal Alan","Satyagraha","Ciboulette"]},{"index":1,"name":"col1","values":["England","United Kingdom","Russia","United States of America","Italy","France","Italy","Russian Empire","Germany","Finland","Ukrainian Soviet Socialist Republic","Spain","Italy","Russian Empire","Italy","Italy","Italy","Russian Empire","Germany","France"]},{"index":2,"name":"col2","values":["1735-01-01","2011-01-01","1999-01-01","2016-01-01","1916-01-01","1749-04-22","1932-03-16","1874-01-01","1704-01-01","1922-01-01","1938-01-01","2008-01-01","1890-04-09","1872-06-01","1933-01-01","1813-01-01","1883-01-01","1913-01-01","1979-01-01","1923-04-07"]}]},"context":{"page_title":null,"page_url":null,"page_entity_id":null,"content_hierarchy":[]},"links":[[[{"start":0,"end":8,"url":null,"entity_id":"Q25939388","candidates":[]}],[{"start":0,"end":14,"url":null,"entity_id":"Q145","candidates":[]}],[]],[[{"start":0,"end":10,"url":null,"entity_id":"Q27503008","candidates":[]}],[{"start":0,"end":6,"url":null,"entity_id":"Q159","candidates":[]}],[]],[[{"start":0,"end":18,"url":null,"entity_id":"Q28859319","candidates":[]}],[{"start":0,"end":24,"url":null,"entity_id":"Q30","candidates":[]}],[]],[[{"start":0,"end":27,"url":null,"entity_id":"Q16268464","candidates":[]}],[{"start":0,"end":5,"url":null,"entity_id":"Q38","candidates":[]}],[]],[[{"start":0,"end":4,"url":null,"entity_id":"Q18803169","candidates":[]}],[{"start":0,"end":6,"url":null,"entity_id":"Q142","candidates":[]}],[]],[[{"start":0,"end":14,"url":null,"entity_id":"Q6761702","candidates":[]}],[{"start":0,"end":5,"url":null,"entity_id":"Q38","candidates":[]}],[]],[[{"start":0,"end":13,"url":null,"entity_id":"Q5274405","candidates":[]}],[{"start":0,"end":14,"url":null,"entity_id":"Q34266","candidates":[]}],[]],[[{"start":0,"end":10,"url":null,"entity_id":"Q5551938","candidates":[]}],[{"start":0,"end":7,"url":null,"entity_id":"Q183","candidates":[]}],[]],[[{"start":0,"end":4,"url":null,"entity_id":"Q4413332","candidates":[]}],[{"start":0,"end":7,"url":null,"entity_id":"Q33","candidates":[]}],[]],[[{"start":0,"end":7,"url":null,"entity_id":"Q12172806","candidates":[]}],[{"start":0,"end":35,"url":null,"entity_id":"Q133356","candidates":[]}],[]],[[{"start":0,"end":7,"url":null,"entity_id":"Q12396206","candidates":[]}],[{"start":0,"end":5,"url":null,"entity_id":"Q29","candidates":[]}],[]],[[{"start":0,"end":12,"url":null,"entity_id":"Q3843726","candidates":[]}],[{"start":0,"end":5,"url":null,"entity_id":"Q38","candidates":[]}],[]],[[{"start":0,"end":13,"url":null,"entity_id":"Q917711","candidates":[]}],[{"start":0,"end":14,"url":null,"entity_id":"Q34266","candidates":[]}],[]],[[{"start":0,"end":18,"url":null,"entity_id":"Q967946","candidates":[]}],[{"start":0,"end":5,"url":null,"entity_id":"Q38","candidates":[]}],[]],[[{"start":0,"end":8,"url":null,"entity_id":"Q911443","candidates":[]}],[{"start":0,"end":5,"url":null,"entity_id":"Q38","candidates":[]}],[]],[[{"start":0,"end":8,"url":null,"entity_id":"Q845606","candidates":[]}],[{"start":0,"end":5,"url":null,"entity_id":"Q38","candidates":[]}],[]],[[{"start":0,"end":15,"url":null,"entity_id":"Q2660289","candidates":[]}],[{"start":0,"end":14,"url":null,"entity_id":"Q34266","candidates":[]}],[]],[[{"start":0,"end":10,"url":null,"entity_id":"Q3057300","candidates":[]}],[{"start":0,"end":7,"url":null,"entity_id":"Q183","candidates":[]}],[]],[[{"start":0,"end":10,"url":null,"entity_id":"Q2972253","candidates":[]}],[{"start":0,"end":6,"url":null,"entity_id":"Q142","candidates":[]}],[]],[[{"start":0,"end":8,"url":null,"entity_id":"Q85793832","candidates":[]}],[{"start":0,"end":7,"url":null,"entity_id":"Q21","candidates":[]}],[]]]}