{"version":"1.2","table":{"version":"2","table_id":"3V2495TZ","columns":[{"index":0,"name":"col0","values":["Uberaba mayoral election, 2016","Timon mayoral election, 2016","Linhares mayoral election, 2016","Maracanaú mayoral election, 2016","Jequié mayoral election, 2016","Jaraguá do Sul mayoral election, 2016","Mesquita mayoral election, 2016","Rio das Ostras mayoral election, 2016","Teresópolis mayoral election, 2016","Foz do Iguaçu mayoral election, 2016","Barbacena mayoral election, 2016","Paulo Afonso mayoral election, 2016","São José mayoral election, 2016","Chapecó mayoral election, 2016","Angra dos Reis mayoral election, 2016","São João de Meriti mayoral election, 2016","Sete Lagoas mayoral election, 2016","Araguari mayoral election, 2016","Araxá mayoral election, 2016","Itabira mayoral election, 2016"]},{"index":1,"name":"col1","values":["Minas Gerais","Maranhão","Espírito Santo","Ceará","Bahia","Santa Catarina","Rio de Janeiro","Rio de Janeiro","Rio de Janeiro","Paraná","Minas Gerais","Bahia","Santa Catarina","Santa Catarina","Rio de Janeiro","Rio de Janeiro","Minas Gerais","Minas Gerais","Minas Gerais","Minas Gerais"]},{"index":2,"name":"col2","values":["Uberaba municipal election, 2016","Timon municipal election, 2016","Linhares municipal election, 2016","Maracanaú municipal election, 2016","Jequié municipal election, 2016","Jaraguá do Sul municipal election, 2016","Mesquita municipal election, 2016","Rio das Ostras municipal election, 2016","Teresópolis municipal election, 2016","Foz do Iguaçu municipal election, 2016","Barbacena municipal election, 2016","Paulo Afonso municipal election, 2016","São José municipal election, 2016","Chapecó municipal election, 2016","Angra dos Reis municipal election, 2016","São João de Meriti municipal election, 2016","Sete Lagoas municipal election, 2016","Araguari municipal election, 2016","Araxá municipal election, 2016","Itabira municipal election, 2016"]},{"index":3,"name":"col3","values":["224864","98897","110149","138030","109523","114349","137325","84956","126595","165730","97946","79759","156617","140526","129454","368991","160413","87433","75628","89768"]}]},"context":{"page_title":null,"page_url":null,"page_entity_id":null,"content_hierarchy":[]},"links":[[[{"start":0,"end":28,"url":null,"entity_id":"Q61868724","candidates":[]}],[{"start":0,"end":8,"url":null,"entity_id":"Q42362","candidates":[]}],[{"start":0,"end":30,"url":null,"entity_id":"Q61870671","candidates":[]}],[]],[[{"start":0,"end":31,"url":null,"entity_id":"Q61868723","candidates":[]}],[{"start":0,"end":14,"url":null,"entity_id":"Q43233","candidates":[]}],[{"start":0,"end":33,"url":null,"entity_id":"Q61870670","candidates":[]}],[]],[[{"start":0,"end":32,"url":null,"entity_id":"Q61868722","candidates":[]}],[{"start":0,"end":5,"url":null,"entity_id":"Q40123","candidates":[]}],[{"start":0,"end":34,"url":null,"entity_id":"Q61870667","candidates":[]}],[]],[[{"start":0,"end":29,"url":null,"entity_id":"Q61868721","candidates":[]}],[{"start":0,"end":5,"url":null,"entity_id":"Q40430","candidates":[]}],[{"start":0,"end":31,"url":null,"entity_id":"Q61870666","candidates":[]}],[]],[[{"start":0,"end":37,"url":null,"entity_id":"Q61868718","candidates":[]}],[{"start":0,"end":14,"url":null,"entity_id":"Q41115","candidates":[]}],[{"start":0,"end":39,"url":null,"entity_id":"Q61870661","candidates":[]}],[]],[[{"start":0,"end":31,"url":null,"entity_id":"Q61868717","candidates":[]}],[{"start":0,"end":14,"url":null,"entity_id":"Q41428","candidates":[]}],[{"start":0,"end":33,"url":null,"entity_id":"Q61870660","candidates":[]}],[]],[[{"start":0,"end":37,"url":null,"entity_id":"Q61868716","candidates":[]}],[{"start":0,"end":14,"url":null,"entity_id":"Q41428","candidates":[]}],[{"start":0,"end":39,"url":null,"entity_id":"Q61870657","candidates":[]}],[]],[[{"start":0,"end":34,"url":null,"entity_id":"Q61868715","candidates":[]}],[{"start":0,"end":14,"url":null,"entity_id":"Q41428","candidates":[]}],[{"start":0,"end":36,"url":null,"entity_id":"Q61870656","candidates":[]}],[]],[[{"start":0,"end":36,"url":null,"entity_id":"Q61868714","candidates":[]}],[{"start":0,"end":6,"url":null,"entity_id":"Q15499","candidates":[]}],[{"start":0,"end":38,"url":null,"entity_id":"Q61870653","candidates":[]}],[]],[[{"start":0,"end":32,"url":null,"entity_id":"Q61868713","candidates":[]}],[{"start":0,"end":12,"url":null,"entity_id":"Q39109","candidates":[]}],[{"start":0,"end":34,"url":null,"entity_id":"Q61870651","candidates":[]}],[]],[[{"start":0,"end":35,"url":null,"entity_id":"Q61868712","candidates":[]}],[{"start":0,"end":5,"url":null,"entity_id":"Q40430","candidates":[]}],[{"start":0,"end":37,"url":null,"entity_id":"Q61870648","candidates":[]}],[]],[[{"start":0,"end":31,"url":null,"entity_id":"Q61868711","candidates":[]}],[{"start":0,"end":14,"url":null,"entity_id":"Q41115","candidates":[]}],[{"start":0,"end":33,"url":null,"entity_id":"Q61870645","candidates":[]}],[]],[[{"start":0,"end":30,"url":null,"entity_id":"Q61868710","candidates":[]}],[{"start":0,"end":14,"url":null,"entity_id":"Q41115","candidates":[]}],[{"start":0,"end":32,"url":null,"entity_id":"Q61870644","candidates":[]}],[]],[[{"start":0,"end":37,"url":null,"entity_id":"Q61868709","candidates":[]}],[{"start":0,"end":14,"url":null,"entity_id":"Q41428","candidates":[]}],[{"start":0,"end":39,"url":null,"entity_id":"Q61870641","candidates":[]}],[]],[[{"start":0,"end":41,"url":null,"entity_id":"Q61868708","candidates":[]}],[{"start":0,"end":14,"url":null,"entity_id":"Q41428","candidates":[]}],[{"start":0,"end":43,"url":null,"entity_id":"Q61870639","candidates":[]}],[]],[[{"start":0,"end":34,"url":null,"entity_id":"Q61868707","candidates":[]}],[{"start":0,"end":12,"url":null,"entity_id":"Q39109","candidates":[]}],[{"start":0,"end":36,"url":null,"entity_id":"Q61870638","candidates":[]}],[]],[[{"start":0,"end":31,"url":null,"entity_id":"Q61868706","candidates":[]}],[{"start":0,"end":12,"url":null,"entity_id":"Q39109","candidates":[]}],[{"start":0,"end":33,"url":null,"entity_id":"Q61870635","candidates":[]}],[]],[[{"start":0,"end":28,"url":null,"entity_id":"Q61868705","candidates":[]}],[{"start":0,"end":12,"url":null,"entity_id":"Q39109","candidates":[]}],[{"start":0,"end":30,"url":null,"entity_id":"Q61870634","candidates":[]}],[]],[[{"start":0,"end":30,"url":null,"entity_id":"Q61868704","candidates":[]}],[{"start":0,"end":12,"url":null,"entity_id":"Q39109","candidates":[]}],[{"start":0,"end":32,"url":null,"entity_id":"Q61870631","candidates":[]}],[]],[[{"start":0,"end":30,"url":null,"entity_id":"Q61868725","candidates":[]}],[{"start":0,"end":12,"url":null,"entity_id":"Q39109","candidates":[]}],[{"start":0,"end":32,"url":null,"entity_id":"Q61870673","candidates":[]}],[]]]}