{"version":"1.2","table":{"version":"2","table_id":"3V7VP88M","columns":[{"index":0,"name":"col0","values":["The Martyrdom of Saint Stephen","Chinese Fishing","canopy of Charles VII of France","Lamentation over the Dead Christ","Millefiori Tapestry","The Institution of the Eucharist","Portrait of Louis XV in his royal costume","Glorification of Minerva","Glorification of Diana","Glorification of Venus","Glorification of Apollo","Glorification of the Gods","Glorification of Mars","Tapestry","Tapestry with a landscape","Tapestry fragment \"Quand Dieu vouldra\"","Time","The Last Supper","Tapestry with the gathering of manna in the wilderness","Renaud sees his image in the diamond shield"]},{"index":1,"name":"col1","values":["Église Saint-Médard","Summer Palace","Room 505","Art & History Museum","Palazzo dei Vescovi","Diocesan Museum of Ancona","Museum of the History of France","Museum of Fine Arts, Ghent","Museum of Fine Arts, Ghent","Museum of Fine Arts, Ghent","Museum of Fine Arts, Ghent","Museum of Fine Arts, Ghent","Museum of Fine Arts, Ghent","M-Museum Leuven","M-Museum Leuven","M-Museum Leuven","M-Museum Leuven","M-Museum Leuven","M-Museum Leuven","Château de Bourdeilles"]},{"index":2,"name":"col2","values":["1847-01-01","1750-01-01","1500-01-01","1510-01-01","1530-01-01","1640-01-01","1769-01-01","1717-01-01","1717-01-01","1717-01-01","1717-01-01","1717-01-01","1717-01-01","1900-01-01","1600-01-01","1400-01-01","1680-01-01","1618-01-01","1618-01-01","1700-01-01"]}]},"context":{"page_title":null,"page_url":null,"page_entity_id":null,"content_hierarchy":[]},"links":[[[{"start":0,"end":15,"url":null,"entity_id":"Q29214163","candidates":[]}],[{"start":0,"end":13,"url":null,"entity_id":"Q4132","candidates":[]}],[]],[[{"start":0,"end":31,"url":null,"entity_id":"Q3012153","candidates":[]}],[{"start":0,"end":8,"url":null,"entity_id":"Q19303291","candidates":[]}],[]],[[{"start":0,"end":32,"url":null,"entity_id":"Q21013337","candidates":[]}],[{"start":0,"end":20,"url":null,"entity_id":"Q5121082","candidates":[]}],[]],[[{"start":0,"end":19,"url":null,"entity_id":"Q27981805","candidates":[]}],[{"start":0,"end":19,"url":null,"entity_id":"Q3891228","candidates":[]}],[]],[[{"start":0,"end":32,"url":null,"entity_id":"Q21121905","candidates":[]}],[{"start":0,"end":25,"url":null,"entity_id":"Q3868255","candidates":[]}],[]],[[{"start":0,"end":41,"url":null,"entity_id":"Q18683713","candidates":[]}],[{"start":0,"end":31,"url":null,"entity_id":"Q3329787","candidates":[]}],[]],[[{"start":0,"end":24,"url":null,"entity_id":"Q22245446","candidates":[]}],[{"start":0,"end":26,"url":null,"entity_id":"Q2365880","candidates":[]}],[]],[[{"start":0,"end":22,"url":null,"entity_id":"Q22245433","candidates":[]}],[{"start":0,"end":26,"url":null,"entity_id":"Q2365880","candidates":[]}],[]],[[{"start":0,"end":22,"url":null,"entity_id":"Q22245429","candidates":[]}],[{"start":0,"end":26,"url":null,"entity_id":"Q2365880","candidates":[]}],[]],[[{"start":0,"end":23,"url":null,"entity_id":"Q22245421","candidates":[]}],[{"start":0,"end":26,"url":null,"entity_id":"Q2365880","candidates":[]}],[]],[[{"start":0,"end":25,"url":null,"entity_id":"Q22245415","candidates":[]}],[{"start":0,"end":26,"url":null,"entity_id":"Q2365880","candidates":[]}],[]],[[{"start":0,"end":21,"url":null,"entity_id":"Q22245408","candidates":[]}],[{"start":0,"end":26,"url":null,"entity_id":"Q2365880","candidates":[]}],[]],[[{"start":0,"end":8,"url":null,"entity_id":"Q22002309","candidates":[]}],[{"start":0,"end":15,"url":null,"entity_id":"Q2362660","candidates":[]}],[]],[[{"start":0,"end":25,"url":null,"entity_id":"Q22002014","candidates":[]}],[{"start":0,"end":15,"url":null,"entity_id":"Q2362660","candidates":[]}],[]],[[{"start":0,"end":38,"url":null,"entity_id":"Q22002013","candidates":[]}],[{"start":0,"end":15,"url":null,"entity_id":"Q2362660","candidates":[]}],[]],[[{"start":0,"end":4,"url":null,"entity_id":"Q22002009","candidates":[]}],[{"start":0,"end":15,"url":null,"entity_id":"Q2362660","candidates":[]}],[]],[[{"start":0,"end":15,"url":null,"entity_id":"Q21975692","candidates":[]}],[{"start":0,"end":15,"url":null,"entity_id":"Q2362660","candidates":[]}],[]],[[{"start":0,"end":54,"url":null,"entity_id":"Q21974809","candidates":[]}],[{"start":0,"end":15,"url":null,"entity_id":"Q2362660","candidates":[]}],[]],[[{"start":0,"end":43,"url":null,"entity_id":"Q29116270","candidates":[]}],[{"start":0,"end":22,"url":null,"entity_id":"Q2176795","candidates":[]}],[]],[[{"start":0,"end":30,"url":null,"entity_id":"Q29213189","candidates":[]}],[{"start":0,"end":19,"url":null,"entity_id":"Q574970","candidates":[]}],[]]]}