{"version":"1.2","table":{"version":"2","table_id":"3VEOB0L6","columns":[{"index":0,"name":"col0","values":["[CS82] U92","[CS82] U81","[LL2015] 58","2MASX J17041301-4220009","HD 269714","2MASX J04413370-7223218","C 0147+270","[LL2015] 17","[LL2015] 24","[LL2015] 30","[LL2015] 27","[LL2015] 44","[LL2015] 14","[JSD2015] AP 925","[JSD2015] AP 2027","KHM31 44","[JSD2015] AP 2013","[JSD2015] AP 3129","[GSD2012] 6","[GHG2001] 23"]},{"index":1,"name":"col1","values":["-3.656","-2.186","-1.195","-1.75","0.692","-0.16","-3.9","-3.788","-7.26","-15.745","0.004","-0.408","0.26","-2.687","-1.538","1.395","-1.298","-2.681","-2.539","-3.444"]},{"index":2,"name":"col2","values":["20.123","18.871","19.823","9.03","12.77","13.246","8.2","17.27","17.59","19.518","18.507","19.054","20.02","19.61","22.72","19.863","16.3","17.91","19.226","19.29"]}]},"context":{"page_title":null,"page_url":null,"page_entity_id":null,"content_hierarchy":[]},"links":[[[{"start":0,"end":10,"url":null,"entity_id":"Q86848786","candidates":[]}],[],[]],[[{"start":0,"end":11,"url":null,"entity_id":"Q86657912","candidates":[]}],[],[]],[[{"start":0,"end":23,"url":null,"entity_id":"Q86534297","candidates":[]}],[],[]],[[{"start":0,"end":9,"url":null,"entity_id":"Q86209196","candidates":[]}],[],[]],[[{"start":0,"end":23,"url":null,"entity_id":"Q86060591","candidates":[]}],[],[]],[[{"start":0,"end":10,"url":null,"entity_id":"Q85136327","candidates":[]}],[],[]],[[{"start":0,"end":11,"url":null,"entity_id":"Q83618647","candidates":[]}],[],[]],[[{"start":0,"end":11,"url":null,"entity_id":"Q83618282","candidates":[]}],[],[]],[[{"start":0,"end":11,"url":null,"entity_id":"Q83617796","candidates":[]}],[],[]],[[{"start":0,"end":11,"url":null,"entity_id":"Q83616801","candidates":[]}],[],[]],[[{"start":0,"end":11,"url":null,"entity_id":"Q83614925","candidates":[]}],[],[]],[[{"start":0,"end":11,"url":null,"entity_id":"Q83614103","candidates":[]}],[],[]],[[{"start":0,"end":16,"url":null,"entity_id":"Q83534092","candidates":[]}],[],[]],[[{"start":0,"end":17,"url":null,"entity_id":"Q83532953","candidates":[]}],[],[]],[[{"start":0,"end":8,"url":null,"entity_id":"Q83532498","candidates":[]}],[],[]],[[{"start":0,"end":17,"url":null,"entity_id":"Q83225138","candidates":[]}],[],[]],[[{"start":0,"end":17,"url":null,"entity_id":"Q83225120","candidates":[]}],[],[]],[[{"start":0,"end":11,"url":null,"entity_id":"Q81909611","candidates":[]}],[],[]],[[{"start":0,"end":12,"url":null,"entity_id":"Q81869908","candidates":[]}],[],[]],[[{"start":0,"end":10,"url":null,"entity_id":"Q86849025","candidates":[]}],[],[]]]}