{"version":"1.2","table":{"version":"2","table_id":"3VHVNZVT","columns":[{"index":0,"name":"col0","values":["LEDA 58927","SDSS J114348.29+324277.9","SDSS\"J120522.37+285648.5","SDSS J123803.75+46182011","SDSS J161606.66+23817.5","4MASX J13475733+4308302","MCG-05-22006","UGC 465","2XMM J23519.9+393110","2ASX J09120106+545257;","SFSS J091407.39+624321.5","SDSS J12111.19+002301.2","SDSS J084236.57+403313.9","[SB2008] 30997","SWIRE 033450.70-274346.1","2MASS L17350268+6814020","2MASS J12361826-393864","rk 465","[HM2015b` 114 ","SSD 48"]},{"index":1,"name":"col1","values":["0.030933279999999997","0.07449786","0.10794285999999999","0.0997779","0.28796175","0.0491634","0.030160368","0.005963189999999999","0.02098188","0.14166488000000002","0.1847538","0.4640142","0.01034064","0.311488","0.318","0.028942000000000002","0.10395","0.00900694","0.02255808","0.18960876"]},{"index":2,"name":"col2","values":["14.263463","18.0774","19.186272","18.338373999999998","19.920105","13.584","11.009979000000001","14.423654999999998","17.064992","13.852188","16.856175","15.71328","17.448516","17.6225","20.504231899999997","15.37041","15.1302","11.609702999999998","18.572116","20.0915945"]},{"index":3,"name":"col3","values":["0.7165921","0.29074649999999996","1.0541281","7.9257168","1.9091065","1.8418634999999999","1.126476","1.0555515","0.9601592","2.282616","0.075096","2.3847053999999996","1.5729478000000001","1.255484","4.0753","1.3917","0.7332192000000001","0.970428","6.281953499999999","0.9313210000000001"]},{"index":4,"name":"col4","values":["9390.004","21573.6","30384.315","28300.799999999996","74126.95","14430.892","8937.09","1733.259","6274.12","40136.39","51286.460999999996","108875.356","3065.688","79490.55","81220.416","8653.68","30042.837999999996","2690.72","6710.22","51689.988"]}]},"context":{"page_title":null,"page_url":null,"page_entity_id":null,"content_hierarchy":[]},"links":[[[{"start":0,"end":24,"url":null,"entity_id":"Q86932011","candidates":[]}],[],[],[],[]],[[{"start":0,"end":24,"url":null,"entity_id":"Q86931975","candidates":[]}],[],[],[],[]],[[{"start":0,"end":24,"url":null,"entity_id":"Q86931896","candidates":[]}],[],[],[],[]],[[{"start":0,"end":23,"url":null,"entity_id":"Q86931790","candidates":[]}],[],[],[],[]],[[{"start":0,"end":23,"url":null,"entity_id":"Q86120037","candidates":[]}],[],[],[],[]],[[{"start":0,"end":12,"url":null,"entity_id":"Q86059731","candidates":[]}],[],[],[],[]],[[{"start":0,"end":7,"url":null,"entity_id":"Q85901994","candidates":[]}],[],[],[],[]],[[{"start":0,"end":20,"url":null,"entity_id":"Q86717769","candidates":[]}],[],[],[],[]],[[{"start":0,"end":22,"url":null,"entity_id":"Q86707834","candidates":[]}],[],[],[],[]],[[{"start":0,"end":24,"url":null,"entity_id":"Q86707610","candidates":[]}],[],[],[],[]],[[{"start":0,"end":23,"url":null,"entity_id":"Q85687628","candidates":[]}],[],[],[],[]],[[{"start":0,"end":24,"url":null,"entity_id":"Q86638155","candidates":[]}],[],[],[],[]],[[{"start":0,"end":14,"url":null,"entity_id":"Q85178191","candidates":[]}],[],[],[],[]],[[{"start":0,"end":24,"url":null,"entity_id":"Q85178184","candidates":[]}],[],[],[],[]],[[{"start":0,"end":23,"url":null,"entity_id":"Q83693191","candidates":[]}],[],[],[],[]],[[{"start":0,"end":22,"url":null,"entity_id":"Q83688636","candidates":[]}],[],[],[],[]],[[{"start":0,"end":6,"url":null,"entity_id":"Q85056411","candidates":[]}],[],[],[],[]],[[{"start":0,"end":14,"url":null,"entity_id":"Q85056007","candidates":[]}],[],[],[],[]],[[{"start":0,"end":6,"url":null,"entity_id":"Q85006232","candidates":[]}],[],[],[],[]],[[{"start":0,"end":10,"url":null,"entity_id":"Q86249011","candidates":[]}],[],[],[],[]]]}