{"version":"1.2","table":{"version":"2","table_id":"3VPGK8KX","columns":[{"index":0,"name":"col0","values":["Bunsfn","Bumlialdus","Buch","Brown","ettit","Cavaerius","Galioaei","Meton","Crpenver","De Morian","Hansten","Byrjius","Pwyll","South Pole–Aitkenbasin","Gosses Buff crater","Brlsbane","Bseislak","Boussingaulv","Bqnpland","Bonnhville"]},{"index":1,"name":"col1","values":["1822.68","3517.4999999999995","1395.8","2293.1","3902.18","3617.9999999999995","2189.0","2620.8","4174.169999999999","1818.0","1388.61","4586.2","604.8","12.896","151.5","1686.4","2574.0","3184.0","737.3","14.069999999999999"]},{"index":2,"name":"col2","values":["54.8136","60.3965","51.197399999999995","33.83","36.6266","59.8752","16.096","125.37499999999999","58.745400000000004","9.69936","44.955","83.993","44.685","2490.0","5.004999999999999","44.3886","48.2112","128.512","58.825599999999994","208.74"]}]},"context":{"page_title":null,"page_url":null,"page_entity_id":null,"content_hierarchy":[]},"links":[[[{"start":0,"end":10,"url":null,"entity_id":"Q1004491","candidates":[]}],[],[]],[[{"start":0,"end":4,"url":null,"entity_id":"Q997709","candidates":[]}],[],[]],[[{"start":0,"end":5,"url":null,"entity_id":"Q991029","candidates":[]}],[],[]],[[{"start":0,"end":5,"url":null,"entity_id":"Q984097","candidates":[]}],[],[]],[[{"start":0,"end":9,"url":null,"entity_id":"Q979327","candidates":[]}],[],[]],[[{"start":0,"end":8,"url":null,"entity_id":"Q978504","candidates":[]}],[],[]],[[{"start":0,"end":5,"url":null,"entity_id":"Q972621","candidates":[]}],[],[]],[[{"start":0,"end":8,"url":null,"entity_id":"Q966287","candidates":[]}],[],[]],[[{"start":0,"end":9,"url":null,"entity_id":"Q954898","candidates":[]}],[],[]],[[{"start":0,"end":7,"url":null,"entity_id":"Q950765","candidates":[]}],[],[]],[[{"start":0,"end":7,"url":null,"entity_id":"Q943035","candidates":[]}],[],[]],[[{"start":0,"end":5,"url":null,"entity_id":"Q941555","candidates":[]}],[],[]],[[{"start":0,"end":22,"url":null,"entity_id":"Q936117","candidates":[]}],[],[]],[[{"start":0,"end":18,"url":null,"entity_id":"Q919318","candidates":[]}],[],[]],[[{"start":0,"end":8,"url":null,"entity_id":"Q917658","candidates":[]}],[],[]],[[{"start":0,"end":8,"url":null,"entity_id":"Q905696","candidates":[]}],[],[]],[[{"start":0,"end":12,"url":null,"entity_id":"Q895272","candidates":[]}],[],[]],[[{"start":0,"end":8,"url":null,"entity_id":"Q892854","candidates":[]}],[],[]],[[{"start":0,"end":10,"url":null,"entity_id":"Q892804","candidates":[]}],[],[]],[[{"start":0,"end":6,"url":null,"entity_id":"Q1009734","candidates":[]}],[],[]]]}