{"version":"1.2","table":{"version":"2","table_id":"3VRZRTUS","columns":[{"index":0,"name":"col0","values":["[SLS2006] 44","[RZ2004] GCl 1290","[RZ2004] GCl 3799","[RZ2004] GCl 3174","[RZ2004] GCl 2567","[RZ2004] GCl 3221","[RZ2004] GCl 2082","[RZ2004] GCl 1191","[RZ2004] GCl 4143","[RZ2004] GCl 3081","[RZ2004] GCl 1591","[SLS2006] 393","[SLS2006] 106","[RZ2004] GCl 2410","[RZ2004] GCl 1532","[SLS2006] 72","[RZ2004] GCl 2915","[SLS2006] 102","[RZ2004] GCl 2769","[SLS2006] 39"]},{"index":1,"name":"col1","values":["20.13","22.35","22.28","21.44","21.16","21.3","21.69","20.37","23.17","21.3","21.87","22.29","20.9","20.78","20.91","20.52","21.34","20.84","22.18","20.2"]},{"index":2,"name":"col2","values":["189.967991780006","190.140917","189.915542","189.970417","190.0244651816418","189.966333","190.061042","190.1513112117705","189.882042","189.980667","190.107667","189.952833","189.975167","190.036673902834","190.1132846631399","189.9745094445148","189.995667","190.0174887907348","190.007042","189.9779944485926"]},{"index":3,"name":"col3","values":["1585","3844","986","1087","1364","1034","917","1264","906","1090","1060","1448","787","1323","448","1314","555","885","1384","1097"]},{"index":4,"name":"col4","values":["-1.597","-2.801","-0.429","-0.557","-1.47","-1.51","-1.267","-0.937","-4.734","-1.44","-0.564","-1.124","-0.549","-1.661","-1.689","-1.001","-1.978","-1.292","-0.776","-1.497"]}]},"context":{"page_title":null,"page_url":null,"page_entity_id":null,"content_hierarchy":[]},"links":[[[{"start":0,"end":17,"url":null,"entity_id":"Q77393949","candidates":[]}],[],[],[],[]],[[{"start":0,"end":17,"url":null,"entity_id":"Q77393880","candidates":[]}],[],[],[],[]],[[{"start":0,"end":17,"url":null,"entity_id":"Q77393862","candidates":[]}],[],[],[],[]],[[{"start":0,"end":17,"url":null,"entity_id":"Q77393756","candidates":[]}],[],[],[],[]],[[{"start":0,"end":17,"url":null,"entity_id":"Q77393723","candidates":[]}],[],[],[],[]],[[{"start":0,"end":17,"url":null,"entity_id":"Q77393712","candidates":[]}],[],[],[],[]],[[{"start":0,"end":17,"url":null,"entity_id":"Q77393497","candidates":[]}],[],[],[],[]],[[{"start":0,"end":17,"url":null,"entity_id":"Q77393480","candidates":[]}],[],[],[],[]],[[{"start":0,"end":17,"url":null,"entity_id":"Q77393373","candidates":[]}],[],[],[],[]],[[{"start":0,"end":17,"url":null,"entity_id":"Q77393360","candidates":[]}],[],[],[],[]],[[{"start":0,"end":13,"url":null,"entity_id":"Q77393272","candidates":[]}],[],[],[],[]],[[{"start":0,"end":13,"url":null,"entity_id":"Q77393263","candidates":[]}],[],[],[],[]],[[{"start":0,"end":17,"url":null,"entity_id":"Q77393169","candidates":[]}],[],[],[],[]],[[{"start":0,"end":17,"url":null,"entity_id":"Q77393141","candidates":[]}],[],[],[],[]],[[{"start":0,"end":12,"url":null,"entity_id":"Q77393059","candidates":[]}],[],[],[],[]],[[{"start":0,"end":17,"url":null,"entity_id":"Q77392984","candidates":[]}],[],[],[],[]],[[{"start":0,"end":13,"url":null,"entity_id":"Q77392858","candidates":[]}],[],[],[],[]],[[{"start":0,"end":17,"url":null,"entity_id":"Q77392588","candidates":[]}],[],[],[],[]],[[{"start":0,"end":12,"url":null,"entity_id":"Q77392566","candidates":[]}],[],[],[],[]],[[{"start":0,"end":12,"url":null,"entity_id":"Q77393972","candidates":[]}],[],[],[],[]]]}