{"version":"1.2","table":{"version":"2","table_id":"3VX1P2DA","columns":[{"index":0,"name":"col0","values":["Sawsbuck","Pansage","Maractus","Foongus","Ferrothorn","Jumpluff","Ludicolo","Nuzleaf","Tropius","Abomasnow","Skiploom","Carnivine","Sceptile","Rotom","Bellsprout","Tangela","Vileplume","Grovyle","Roselia","Grotle"]},{"index":1,"name":"col1","values":["190","60","100","20","100","80","150","100","200","220","60","140","170","30","70","100","120","90","30","110"]},{"index":2,"name":"col2","values":["925","10.5","28","1","110","3","55","28","100","1355","1","27","522","0.3","4","35","186","216","2","97"]}]},"context":{"page_title":null,"page_url":null,"page_entity_id":null,"content_hierarchy":[]},"links":[[[{"start":0,"end":8,"url":null,"entity_id":"Q3951175","candidates":[]}],[],[]],[[{"start":0,"end":7,"url":null,"entity_id":"Q3893394","candidates":[]}],[],[]],[[{"start":0,"end":8,"url":null,"entity_id":"Q3845266","candidates":[]}],[],[]],[[{"start":0,"end":7,"url":null,"entity_id":"Q3747541","candidates":[]}],[],[]],[[{"start":0,"end":10,"url":null,"entity_id":"Q3743274","candidates":[]}],[],[]],[[{"start":0,"end":8,"url":null,"entity_id":"Q2721278","candidates":[]}],[],[]],[[{"start":0,"end":8,"url":null,"entity_id":"Q2705222","candidates":[]}],[],[]],[[{"start":0,"end":7,"url":null,"entity_id":"Q2705216","candidates":[]}],[],[]],[[{"start":0,"end":7,"url":null,"entity_id":"Q2641745","candidates":[]}],[],[]],[[{"start":0,"end":9,"url":null,"entity_id":"Q2554742","candidates":[]}],[],[]],[[{"start":0,"end":8,"url":null,"entity_id":"Q2547792","candidates":[]}],[],[]],[[{"start":0,"end":9,"url":null,"entity_id":"Q2543464","candidates":[]}],[],[]],[[{"start":0,"end":8,"url":null,"entity_id":"Q2481134","candidates":[]}],[],[]],[[{"start":0,"end":5,"url":null,"entity_id":"Q2363721","candidates":[]}],[],[]],[[{"start":0,"end":10,"url":null,"entity_id":"Q2362097","candidates":[]}],[],[]],[[{"start":0,"end":7,"url":null,"entity_id":"Q2358480","candidates":[]}],[],[]],[[{"start":0,"end":9,"url":null,"entity_id":"Q2346488","candidates":[]}],[],[]],[[{"start":0,"end":7,"url":null,"entity_id":"Q2345717","candidates":[]}],[],[]],[[{"start":0,"end":7,"url":null,"entity_id":"Q2345491","candidates":[]}],[],[]],[[{"start":0,"end":6,"url":null,"entity_id":"Q2343222","candidates":[]}],[],[]]]}