{"version":"1.2","table":{"version":"2","table_id":"3YDCJREV","columns":[{"index":0,"name":"col0","values":["CoRoT 105971723","CoRoT 110839543","CoRoT 102692599","CoRoT 105515735","CoRoT 110826101","CoRoT 102902244","CoRoT 105574286","CoRoT 105628778","CoRoT 105871446","CoRoT 110657121","CoRoT 110831028","CoRoT 110861439","CoRoT 105440593","CoRoT 110848378","CoRoT 110673389","CoRoT 105921874","CoRoT 105785243","CoRoT 105812234","CoRoT 102705089","CoRoT 110669225"]},{"index":1,"name":"col1","values":["1086.6022","926.9559","1068.0337","1349.892","2402.1139","1286.3391","998.004","1205.1097","2182.9295","1191.6111","2047.0829","2297.2663","1153.1365","1760.2535","1159.1515","1135.7183","1870.9074","1625.4876","1478.4151","1692.0474"]},{"index":2,"name":"col2","values":["6.4989588604452","-4.6151867692168","-0.6093884467443","6.1507390355694","-5.120733469777","-3.2520689650468","6.3894517073294","6.9793624050796","7.3496243261822","-4.3728436674063","-5.8097425867792","-5.3886748065836","7.2112308667775","-4.6972414287808","-3.9762195962051","5.7121322756634","7.7562570478159","7.9642894484636","0.100915829666","-4.6540267822927"]}]},"context":{"page_title":null,"page_url":null,"page_entity_id":null,"content_hierarchy":[]},"links":[[[{"start":0,"end":15,"url":null,"entity_id":"Q78863474","candidates":[]}],[],[]],[[{"start":0,"end":15,"url":null,"entity_id":"Q78863177","candidates":[]}],[],[]],[[{"start":0,"end":15,"url":null,"entity_id":"Q78862865","candidates":[]}],[],[]],[[{"start":0,"end":15,"url":null,"entity_id":"Q78862853","candidates":[]}],[],[]],[[{"start":0,"end":15,"url":null,"entity_id":"Q78862802","candidates":[]}],[],[]],[[{"start":0,"end":15,"url":null,"entity_id":"Q78862549","candidates":[]}],[],[]],[[{"start":0,"end":15,"url":null,"entity_id":"Q78862390","candidates":[]}],[],[]],[[{"start":0,"end":15,"url":null,"entity_id":"Q78862259","candidates":[]}],[],[]],[[{"start":0,"end":15,"url":null,"entity_id":"Q78861729","candidates":[]}],[],[]],[[{"start":0,"end":15,"url":null,"entity_id":"Q78861343","candidates":[]}],[],[]],[[{"start":0,"end":15,"url":null,"entity_id":"Q78860997","candidates":[]}],[],[]],[[{"start":0,"end":15,"url":null,"entity_id":"Q78860549","candidates":[]}],[],[]],[[{"start":0,"end":15,"url":null,"entity_id":"Q78860533","candidates":[]}],[],[]],[[{"start":0,"end":15,"url":null,"entity_id":"Q78860364","candidates":[]}],[],[]],[[{"start":0,"end":15,"url":null,"entity_id":"Q78860315","candidates":[]}],[],[]],[[{"start":0,"end":15,"url":null,"entity_id":"Q78860311","candidates":[]}],[],[]],[[{"start":0,"end":15,"url":null,"entity_id":"Q78860294","candidates":[]}],[],[]],[[{"start":0,"end":15,"url":null,"entity_id":"Q78860286","candidates":[]}],[],[]],[[{"start":0,"end":15,"url":null,"entity_id":"Q78860165","candidates":[]}],[],[]],[[{"start":0,"end":15,"url":null,"entity_id":"Q78860139","candidates":[]}],[],[]]]}