[{"version":1,"nodes":[{"col_index":0,"label":"col0","id":0},{"col_index":1,"label":"col1","id":1},{"col_index":2,"label":"col2","id":2},{"abs_uri":"http://www.wikidata.org/entity/Q16510064","rel_uri":"wd:Q16510064","approximation":false,"readable_label":"sporting event (Q16510064)","id":3},{"abs_uri":"http://www.wikidata.org/entity/Q31629","rel_uri":"wd:Q31629","approximation":false,"readable_label":"type of sport (Q31629)","id":4}],"edges":[{"source":3,"target":0,"abs_uri":"http://www.w3.org/2000/01/rdf-schema#label","rel_uri":"rdfs:label","approximation":false,"readable_label":"rdfs:label","id":0},{"source":4,"target":2,"abs_uri":"http://www.w3.org/2000/01/rdf-schema#label","rel_uri":"rdfs:label","approximation":false,"readable_label":"rdfs:label","id":1},{"source":3,"target":1,"abs_uri":"http://www.wikidata.org/prop/P2416","rel_uri":"p:P2416","approximation":false,"readable_label":"sports discipline competed in (P2416)","id":2},{"source":3,"target":4,"abs_uri":"http://www.wikidata.org/prop/P641","rel_uri":"p:P641","approximation":false,"readable_label":"sport (P641)","id":3}]}]