[{"version":1,"nodes":[{"col_index":0,"label":"col0","id":0},{"col_index":1,"label":"col1","id":1},{"col_index":2,"label":"col2","id":2},{"abs_uri":"http://www.wikidata.org/entity/Q15727816","rel_uri":"wd:Q15727816","approximation":false,"readable_label":"painting series (Q15727816)","id":3},{"abs_uri":"http://www.wikidata.org/entity/Q3305213","rel_uri":"wd:Q3305213","approximation":false,"readable_label":"painting (Q3305213)","id":4}],"edges":[{"source":3,"target":0,"abs_uri":"http://www.w3.org/2000/01/rdf-schema#label","rel_uri":"rdfs:label","approximation":false,"readable_label":"rdfs:label","id":0},{"source":4,"target":1,"abs_uri":"http://www.w3.org/2000/01/rdf-schema#label","rel_uri":"rdfs:label","approximation":false,"readable_label":"rdfs:label","id":1},{"source":3,"target":4,"abs_uri":"http://www.wikidata.org/prop/P527","rel_uri":"p:P527","approximation":false,"readable_label":"has part (P527)","id":2},{"source":3,"target":2,"abs_uri":"http://www.wikidata.org/prop/P136","rel_uri":"p:P136","approximation":false,"readable_label":"genre (P136)","id":3}]}]