[{"version":1,"nodes":[{"col_index":0,"label":"col0","id":0},{"col_index":1,"label":"col1","id":1},{"col_index":2,"label":"col2","id":2},{"col_index":3,"label":"col3","id":3},{"abs_uri":"http://www.wikidata.org/entity/Q159321","rel_uri":"wd:Q159321","approximation":false,"readable_label":"agglomeration community (Q159321)","id":4},{"abs_uri":"http://www.wikidata.org/entity/Q6465","rel_uri":"wd:Q6465","approximation":false,"readable_label":"department of France (Q6465)","id":5}],"edges":[{"source":4,"target":0,"abs_uri":"http://www.w3.org/2000/01/rdf-schema#label","rel_uri":"rdfs:label","approximation":false,"readable_label":"rdfs:label","id":0},{"source":5,"target":2,"abs_uri":"http://www.w3.org/2000/01/rdf-schema#label","rel_uri":"rdfs:label","approximation":false,"readable_label":"rdfs:label","id":1},{"source":4,"target":5,"abs_uri":"http://www.wikidata.org/prop/P131","rel_uri":"p:P131","approximation":false,"readable_label":"located in the administrative territorial entity (P131)","id":2},{"source":4,"target":3,"abs_uri":"http://www.wikidata.org/prop/P1365","rel_uri":"p:P1365","approximation":false,"readable_label":"replaces (P1365)","id":3},{"source":4,"target":1,"abs_uri":"http://www.wikidata.org/prop/P571","rel_uri":"p:P571","approximation":false,"readable_label":"inception (P571)","id":4}]}]