[{"version":1,"nodes":[{"col_index":0,"label":"col0","id":0},{"col_index":1,"label":"col1","id":1},{"col_index":2,"label":"col2","id":2},{"col_index":3,"label":"col3","id":3},{"col_index":4,"label":"col4","id":4},{"abs_uri":"http://www.wikidata.org/entity/Q16970","rel_uri":"wd:Q16970","approximation":false,"readable_label":"church building (Q16970)","id":5}],"edges":[{"source":5,"target":0,"abs_uri":"http://www.w3.org/2000/01/rdf-schema#label","rel_uri":"rdfs:label","approximation":false,"readable_label":"rdfs:label","id":0},{"source":5,"target":1,"abs_uri":"http://www.wikidata.org/prop/P706","rel_uri":"p:P706","approximation":false,"readable_label":"located in/on physical feature (P706)","id":1},{"source":5,"target":2,"abs_uri":"http://www.wikidata.org/prop/P708","rel_uri":"p:P708","approximation":false,"readable_label":"diocese (P708)","id":2},{"source":5,"target":3,"abs_uri":"http://www.wikidata.org/prop/P138","rel_uri":"p:P138","approximation":false,"readable_label":"named after (P138)","id":3},{"source":5,"target":4,"abs_uri":"http://www.wikidata.org/prop/P149","rel_uri":"p:P149","approximation":false,"readable_label":"architectural style (P149)","id":4}]}]