[{"version":1,"nodes":[{"col_index":0,"label":"col0","id":0},{"col_index":1,"label":"col1","id":1},{"col_index":2,"label":"col2","id":2},{"col_index":3,"label":"col3","id":3},{"abs_uri":"http://www.wikidata.org/entity/Q1235413","rel_uri":"wd:Q1235413","approximation":false,"readable_label":"Tour of Slovenia (Q1235413)","id":4},{"abs_uri":"http://www.wikidata.org/entity/Q1235413","rel_uri":"wd:Q1235413","approximation":false,"readable_label":"Tour of Slovenia (Q1235413)","id":5},{"abs_uri":"http://www.wikidata.org/entity/Q3624078","rel_uri":"wd:Q3624078","approximation":false,"readable_label":"sovereign state (Q3624078)","id":6}],"edges":[{"source":4,"target":0,"abs_uri":"http://www.w3.org/2000/01/rdf-schema#label","rel_uri":"rdfs:label","approximation":false,"readable_label":"rdfs:label","id":0},{"source":5,"target":1,"abs_uri":"http://www.w3.org/2000/01/rdf-schema#label","rel_uri":"rdfs:label","approximation":false,"readable_label":"rdfs:label","id":1},{"source":6,"target":2,"abs_uri":"http://www.w3.org/2000/01/rdf-schema#label","rel_uri":"rdfs:label","approximation":false,"readable_label":"rdfs:label","id":2},{"source":4,"target":5,"abs_uri":"http://www.wikidata.org/prop/P156","rel_uri":"p:P156","approximation":false,"readable_label":"followed by (P156)","id":3},{"source":4,"target":6,"abs_uri":"http://www.wikidata.org/prop/P17","rel_uri":"p:P17","approximation":false,"readable_label":"country (P17)","id":4},{"source":4,"target":3,"abs_uri":"http://www.wikidata.org/prop/P580","rel_uri":"p:P580","approximation":false,"readable_label":"start time (P580)","id":5}]}]