[{"version":1,"nodes":[{"col_index":0,"label":"col0","id":0},{"col_index":1,"label":"col1","id":1},{"col_index":2,"label":"col2","id":2},{"col_index":3,"label":"col3","id":3},{"col_index":4,"label":"col4","id":4},{"abs_uri":"http://www.wikidata.org/entity/Q1457376","rel_uri":"wd:Q1457376","approximation":false,"readable_label":"eclipsing binary star (Q1457376)","id":5}],"edges":[{"source":5,"target":0,"abs_uri":"http://www.w3.org/2000/01/rdf-schema#label","rel_uri":"rdfs:label","approximation":false,"readable_label":"rdfs:label","id":0},{"source":5,"target":1,"abs_uri":"http://www.wikidata.org/prop/P2227","rel_uri":"p:P2227","approximation":false,"readable_label":"metallicity (P2227)","id":1},{"source":5,"target":2,"abs_uri":"http://www.wikidata.org/prop/P2216","rel_uri":"p:P2216","approximation":false,"readable_label":"radial velocity (P2216)","id":2},{"source":5,"target":3,"abs_uri":"http://www.wikidata.org/prop/P6257","rel_uri":"p:P6257","approximation":false,"readable_label":"right ascension (P6257)","id":3},{"source":5,"target":4,"abs_uri":"http://www.wikidata.org/prop/P6879","rel_uri":"p:P6879","approximation":false,"readable_label":"effective temperature (P6879)","id":4}]}]