[{"version":1,"nodes":[{"col_index":0,"label":"col0","id":0},{"col_index":1,"label":"col1","id":1},{"col_index":2,"label":"col2","id":2},{"col_index":3,"label":"col3","id":3},{"col_index":4,"label":"col4","id":4},{"abs_uri":"http://www.wikidata.org/entity/Q1357601","rel_uri":"wd:Q1357601","approximation":false,"readable_label":"offshore wind farm (Q1357601)","id":5},{"abs_uri":"http://www.wikidata.org/entity/Q6256","rel_uri":"wd:Q6256","approximation":false,"readable_label":"country (Q6256)","id":6}],"edges":[{"source":5,"target":0,"abs_uri":"http://www.w3.org/2000/01/rdf-schema#label","rel_uri":"rdfs:label","approximation":false,"readable_label":"rdfs:label","id":0},{"source":6,"target":3,"abs_uri":"http://www.w3.org/2000/01/rdf-schema#label","rel_uri":"rdfs:label","approximation":false,"readable_label":"rdfs:label","id":1},{"source":5,"target":1,"abs_uri":"http://www.wikidata.org/prop/P206","rel_uri":"p:P206","approximation":false,"readable_label":"located in or next to body of water (P206)","id":2},{"source":5,"target":6,"abs_uri":"http://www.wikidata.org/prop/P17","rel_uri":"p:P17","approximation":false,"readable_label":"country (P17)","id":3},{"source":5,"target":4,"abs_uri":"http://www.wikidata.org/prop/P138","rel_uri":"p:P138","approximation":false,"readable_label":"named after (P138)","id":4},{"source":5,"target":2,"abs_uri":"http://www.wikidata.org/prop/P2109","rel_uri":"p:P2109","approximation":false,"readable_label":"installed capacity (P2109)","id":5}]}]