[{"version":1,"nodes":[{"col_index":0,"label":"col0","id":0},{"col_index":1,"label":"col1","id":1},{"col_index":2,"label":"col2","id":2},{"abs_uri":"http://www.wikidata.org/entity/Q1078765","rel_uri":"wd:Q1078765","approximation":false,"readable_label":"train wreck (Q1078765)","id":3}],"edges":[{"source":3,"target":0,"abs_uri":"http://www.w3.org/2000/01/rdf-schema#label","rel_uri":"rdfs:label","approximation":false,"readable_label":"rdfs:label","id":0},{"source":3,"target":1,"abs_uri":"http://www.wikidata.org/prop/P81","rel_uri":"p:P81","approximation":false,"readable_label":"connecting line (P81)","id":1},{"source":3,"target":2,"abs_uri":"http://www.wikidata.org/prop/P1120","rel_uri":"p:P1120","approximation":false,"readable_label":"number of deaths (P1120)","id":2}]}]