{"version":"1.2","table":{"version":"2","table_id":"KVAXNEGB","columns":[{"index":0,"name":"col0","values":["2027 Danish Badminton Championships","2026 Danish Badminton Championships","2025 Danish Badminton Championships","2024 Danish Badminton Championships","2023 Danish Badminton Championships","2022 Danish Badminton Championships","2021 Danish Badminton Championships","2020 Danish Badminton Championships","2019 Danish Badminton Championships","2018 Danish Badminton Championships","2017 Danish Badminton Championships","1987 Danish Badminton Championships","1986 Danish Badminton Championships","1985 Danish Badminton Championships","1984 Danish Badminton Championships","1983 Danish Badminton Championships","1982 Danish Badminton Championships","2016 Danish Badminton Championships","2003 Danish Badminton Championships","2002 Danish Badminton Championships"]},{"index":1,"name":"col1","values":["2026 Danish Badminton Championships","2025 Danish Badminton Championships","2024 Danish Badminton Championships","2023 Danish Badminton Championships","2022 Danish Badminton Championships","2021 Danish Badminton Championships","2020 Danish Badminton Championships","2019 Danish Badminton Championships","2018 Danish Badminton Championships","2017 Danish Badminton Championships","2016 Danish Badminton Championships","1986 Danish Badminton Championships","1985 Danish Badminton Championships","1984 Danish Badminton Championships","1983 Danish Badminton Championships","1982 Danish Badminton Championships","1981 Danish Badminton Championships","2015 Danish Badminton Championships","2002 Danish Badminton Championships","2001 Danish Badminton Championships"]},{"index":2,"name":"col2","values":["national championship","national championship","national championship","national championship","national championship","national championship","national championship","national championship","national championship","national championship","national championship","national championship","national championship","national championship","national championship","national championship","national championship","national championship","national championship","national championship"]}]},"context":{"page_title":null,"page_url":null,"page_entity_id":null,"content_hierarchy":[]},"links":[[[{"start":0,"end":35,"url":null,"entity_id":"Q63346616","candidates":[]}],[{"start":0,"end":35,"url":null,"entity_id":"Q63956265","candidates":[]}],[{"start":0,"end":21,"url":null,"entity_id":"Q63891772","candidates":[]}]],[[{"start":0,"end":35,"url":null,"entity_id":"Q63956265","candidates":[]}],[{"start":0,"end":35,"url":null,"entity_id":"Q63956264","candidates":[]}],[{"start":0,"end":21,"url":null,"entity_id":"Q63891772","candidates":[]}]],[[{"start":0,"end":35,"url":null,"entity_id":"Q63956264","candidates":[]}],[{"start":0,"end":35,"url":null,"entity_id":"Q63956263","candidates":[]}],[{"start":0,"end":21,"url":null,"entity_id":"Q63891772","candidates":[]}]],[[{"start":0,"end":35,"url":null,"entity_id":"Q63956263","candidates":[]}],[{"start":0,"end":35,"url":null,"entity_id":"Q63956261","candidates":[]}],[{"start":0,"end":21,"url":null,"entity_id":"Q63891772","candidates":[]}]],[[{"start":0,"end":35,"url":null,"entity_id":"Q63956261","candidates":[]}],[{"start":0,"end":35,"url":null,"entity_id":"Q63956259","candidates":[]}],[{"start":0,"end":21,"url":null,"entity_id":"Q63891772","candidates":[]}]],[[{"start":0,"end":35,"url":null,"entity_id":"Q63956259","candidates":[]}],[{"start":0,"end":35,"url":null,"entity_id":"Q63956258","candidates":[]}],[{"start":0,"end":21,"url":null,"entity_id":"Q63891772","candidates":[]}]],[[{"start":0,"end":35,"url":null,"entity_id":"Q63956258","candidates":[]}],[{"start":0,"end":35,"url":null,"entity_id":"Q63956253","candidates":[]}],[{"start":0,"end":21,"url":null,"entity_id":"Q63891772","candidates":[]}]],[[{"start":0,"end":35,"url":null,"entity_id":"Q63956253","candidates":[]}],[{"start":0,"end":35,"url":null,"entity_id":"Q63956251","candidates":[]}],[{"start":0,"end":21,"url":null,"entity_id":"Q63891772","candidates":[]}]],[[{"start":0,"end":35,"url":null,"entity_id":"Q63956251","candidates":[]}],[{"start":0,"end":35,"url":null,"entity_id":"Q63956249","candidates":[]}],[{"start":0,"end":21,"url":null,"entity_id":"Q63891772","candidates":[]}]],[[{"start":0,"end":35,"url":null,"entity_id":"Q63956249","candidates":[]}],[{"start":0,"end":35,"url":null,"entity_id":"Q42297134","candidates":[]}],[{"start":0,"end":21,"url":null,"entity_id":"Q63891772","candidates":[]}]],[[{"start":0,"end":35,"url":null,"entity_id":"Q42297134","candidates":[]}],[{"start":0,"end":35,"url":null,"entity_id":"Q27053298","candidates":[]}],[{"start":0,"end":21,"url":null,"entity_id":"Q63891772","candidates":[]}]],[[{"start":0,"end":35,"url":null,"entity_id":"Q18715460","candidates":[]}],[{"start":0,"end":35,"url":null,"entity_id":"Q27053297","candidates":[]}],[{"start":0,"end":21,"url":null,"entity_id":"Q63891772","candidates":[]}]],[[{"start":0,"end":35,"url":null,"entity_id":"Q27053297","candidates":[]}],[{"start":0,"end":35,"url":null,"entity_id":"Q27053295","candidates":[]}],[{"start":0,"end":21,"url":null,"entity_id":"Q63891772","candidates":[]}]],[[{"start":0,"end":35,"url":null,"entity_id":"Q27053295","candidates":[]}],[{"start":0,"end":35,"url":null,"entity_id":"Q27053294","candidates":[]}],[{"start":0,"end":21,"url":null,"entity_id":"Q63891772","candidates":[]}]],[[{"start":0,"end":35,"url":null,"entity_id":"Q27053294","candidates":[]}],[{"start":0,"end":35,"url":null,"entity_id":"Q27053293","candidates":[]}],[{"start":0,"end":21,"url":null,"entity_id":"Q63891772","candidates":[]}]],[[{"start":0,"end":35,"url":null,"entity_id":"Q27053293","candidates":[]}],[{"start":0,"end":35,"url":null,"entity_id":"Q27053292","candidates":[]}],[{"start":0,"end":21,"url":null,"entity_id":"Q63891772","candidates":[]}]],[[{"start":0,"end":35,"url":null,"entity_id":"Q27053292","candidates":[]}],[{"start":0,"end":35,"url":null,"entity_id":"Q27053290","candidates":[]}],[{"start":0,"end":21,"url":null,"entity_id":"Q63891772","candidates":[]}]],[[{"start":0,"end":35,"url":null,"entity_id":"Q27053298","candidates":[]}],[{"start":0,"end":35,"url":null,"entity_id":"Q19057322","candidates":[]}],[{"start":0,"end":21,"url":null,"entity_id":"Q63891772","candidates":[]}]],[[{"start":0,"end":35,"url":null,"entity_id":"Q13506742","candidates":[]}],[{"start":0,"end":35,"url":null,"entity_id":"Q15806926","candidates":[]}],[{"start":0,"end":21,"url":null,"entity_id":"Q63891772","candidates":[]}]],[[{"start":0,"end":35,"url":null,"entity_id":"Q15806926","candidates":[]}],[{"start":0,"end":35,"url":null,"entity_id":"Q15806925","candidates":[]}],[{"start":0,"end":21,"url":null,"entity_id":"Q63891772","candidates":[]}]]]}