{"version":"1.2","table":{"version":"2","table_id":"KWL50TPJ","columns":[{"index":0,"name":"col0","values":["1973 Tour of Belgium","1972 Tour of Belgium","1971 Tour of Belgium","1970 Tour of Belgium","1969 Tour of Belgium","1968 Tour of Belgium","1967 Tour of Belgium","1966 Tour of Belgium","1965 Tour of Belgium","1964 Tour of Belgium","1963 Tour of Belgium","1962 Tour of Belgium","1959 Tour of Belgium","1958 Tour of Belgium","1956 Tour of Belgium","1955 Tour of Belgium","1954 Tour of Belgium","1953 Tour of Belgium","1952 Tour of Belgium","1950 Tour of Belgium"]},{"index":1,"name":"col1","values":["Herman Van Springel","Joop Zoetemelk","Eddy Merckx","Eddy Merckx","Herman Van Springel","Herman Van Springel","Jan Janssen","Vittorio Adorni","Jean Stablinski","Gilbert Desmet","Peter Post","Noël Foré","Armand Desmet","Armand Desmet","André Vlayen","Marcel Ernzer","Rik Van Looy","Albéric Schotte","Marcel De Mulder","Roger Gyselinck"]},{"index":2,"name":"col2","values":["1974 Tour of Belgium","1973 Tour of Belgium","1972 Tour of Belgium","1971 Tour of Belgium","1970 Tour of Belgium","1969 Tour of Belgium","1968 Tour of Belgium","1967 Tour of Belgium","1966 Tour of Belgium","1965 Tour of Belgium","1964 Tour of Belgium","1963 Tour of Belgium","1960 Tour of Belgium","1959 Tour of Belgium","1957 Tour of Belgium","1956 Tour of Belgium","1955 Tour of Belgium","1954 Tour of Belgium","1953 Tour of Belgium","1951 Tour of Belgium"]}]},"context":{"page_title":null,"page_url":null,"page_entity_id":null,"content_hierarchy":[]},"links":[[[{"start":0,"end":20,"url":null,"entity_id":"Q3768721","candidates":[]}],[{"start":0,"end":19,"url":null,"entity_id":"Q499162","candidates":[]}],[{"start":0,"end":20,"url":null,"entity_id":"Q3768722","candidates":[]}]],[[{"start":0,"end":20,"url":null,"entity_id":"Q3768720","candidates":[]}],[{"start":0,"end":14,"url":null,"entity_id":"Q320010","candidates":[]}],[{"start":0,"end":20,"url":null,"entity_id":"Q3768721","candidates":[]}]],[[{"start":0,"end":20,"url":null,"entity_id":"Q3768719","candidates":[]}],[{"start":0,"end":11,"url":null,"entity_id":"Q103756","candidates":[]}],[{"start":0,"end":20,"url":null,"entity_id":"Q3768720","candidates":[]}]],[[{"start":0,"end":20,"url":null,"entity_id":"Q3768718","candidates":[]}],[{"start":0,"end":11,"url":null,"entity_id":"Q103756","candidates":[]}],[{"start":0,"end":20,"url":null,"entity_id":"Q3768719","candidates":[]}]],[[{"start":0,"end":20,"url":null,"entity_id":"Q3768717","candidates":[]}],[{"start":0,"end":19,"url":null,"entity_id":"Q499162","candidates":[]}],[{"start":0,"end":20,"url":null,"entity_id":"Q3768718","candidates":[]}]],[[{"start":0,"end":20,"url":null,"entity_id":"Q3768716","candidates":[]}],[{"start":0,"end":19,"url":null,"entity_id":"Q499162","candidates":[]}],[{"start":0,"end":20,"url":null,"entity_id":"Q3768717","candidates":[]}]],[[{"start":0,"end":20,"url":null,"entity_id":"Q3768714","candidates":[]}],[{"start":0,"end":11,"url":null,"entity_id":"Q380930","candidates":[]}],[{"start":0,"end":20,"url":null,"entity_id":"Q3768716","candidates":[]}]],[[{"start":0,"end":20,"url":null,"entity_id":"Q3768713","candidates":[]}],[{"start":0,"end":15,"url":null,"entity_id":"Q529098","candidates":[]}],[{"start":0,"end":20,"url":null,"entity_id":"Q3768714","candidates":[]}]],[[{"start":0,"end":20,"url":null,"entity_id":"Q3768712","candidates":[]}],[{"start":0,"end":15,"url":null,"entity_id":"Q445037","candidates":[]}],[{"start":0,"end":20,"url":null,"entity_id":"Q3768713","candidates":[]}]],[[{"start":0,"end":20,"url":null,"entity_id":"Q3768710","candidates":[]}],[{"start":0,"end":14,"url":null,"entity_id":"Q498646","candidates":[]}],[{"start":0,"end":20,"url":null,"entity_id":"Q3768712","candidates":[]}]],[[{"start":0,"end":20,"url":null,"entity_id":"Q3768709","candidates":[]}],[{"start":0,"end":10,"url":null,"entity_id":"Q716039","candidates":[]}],[{"start":0,"end":20,"url":null,"entity_id":"Q3768710","candidates":[]}]],[[{"start":0,"end":20,"url":null,"entity_id":"Q3768711","candidates":[]}],[{"start":0,"end":9,"url":null,"entity_id":"Q490627","candidates":[]}],[{"start":0,"end":20,"url":null,"entity_id":"Q3768709","candidates":[]}]],[[{"start":0,"end":20,"url":null,"entity_id":"Q3768705","candidates":[]}],[{"start":0,"end":13,"url":null,"entity_id":"Q82212","candidates":[]}],[{"start":0,"end":20,"url":null,"entity_id":"Q3768708","candidates":[]}]],[[{"start":0,"end":20,"url":null,"entity_id":"Q3768707","candidates":[]}],[{"start":0,"end":13,"url":null,"entity_id":"Q82212","candidates":[]}],[{"start":0,"end":20,"url":null,"entity_id":"Q3768705","candidates":[]}]],[[{"start":0,"end":20,"url":null,"entity_id":"Q3768703","candidates":[]}],[{"start":0,"end":12,"url":null,"entity_id":"Q523237","candidates":[]}],[{"start":0,"end":20,"url":null,"entity_id":"Q3768704","candidates":[]}]],[[{"start":0,"end":20,"url":null,"entity_id":"Q3768702","candidates":[]}],[{"start":0,"end":13,"url":null,"entity_id":"Q1351762","candidates":[]}],[{"start":0,"end":20,"url":null,"entity_id":"Q3768703","candidates":[]}]],[[{"start":0,"end":20,"url":null,"entity_id":"Q3768701","candidates":[]}],[{"start":0,"end":12,"url":null,"entity_id":"Q445151","candidates":[]}],[{"start":0,"end":20,"url":null,"entity_id":"Q3768702","candidates":[]}]],[[{"start":0,"end":20,"url":null,"entity_id":"Q3768699","candidates":[]}],[{"start":0,"end":15,"url":null,"entity_id":"Q470232","candidates":[]}],[{"start":0,"end":20,"url":null,"entity_id":"Q3768701","candidates":[]}]],[[{"start":0,"end":20,"url":null,"entity_id":"Q3768700","candidates":[]}],[{"start":0,"end":16,"url":null,"entity_id":"Q3288850","candidates":[]}],[{"start":0,"end":20,"url":null,"entity_id":"Q3768699","candidates":[]}]],[[{"start":0,"end":20,"url":null,"entity_id":"Q3768697","candidates":[]}],[{"start":0,"end":15,"url":null,"entity_id":"Q470271","candidates":[]}],[{"start":0,"end":20,"url":null,"entity_id":"Q3768698","candidates":[]}]]]}