{"version":"1.2","table":{"version":"2","table_id":"KWM9AK3H","columns":[{"index":0,"name":"col0","values":["Identifying domestic aeroallergen exposure in a cystic fibrosis patient: a case study","Receiver operating characteristics (ROC) analysis of the IMMULITE (R) -2000 3gAllergy (TM) for the diagnosis of latex allergy","Partial characterization of a species-specific stachybotrys chartarum antigen","Symposium on emerging statistical issues in public health for the 21st century - meeting summary and closing results","Symposium on emerging statistical issues in public health for the 21st century - preface","Kinematics of the pelvis and lumbar spine during kneeling, stooping, and standing lifts","Toward electronic work design","Using contextual design techniques to identify work Task problems in dynamic work environments - a field study of Isolating safety challenges for small builders","Evaluation of various handle grip spans for optimizing finger specific force based on the users' hand sizes","Analysis of human postural control during spontaneous sway using an optimal control model","The effects of scaling height and scaling bar design on applied forces and bilateral muscle activity of the back and shoulders","Estimation of EMG activity of trunk muscles in manual lifting tasks based on trunk dynamics using the fuzzy relational rule network","Construction safety and informal training: a two part study","Effects of signal regularity and salience on vigilance performance and cerebral hemovelocity","Arousal effects on cognition: new strategy which isolates movement and heart rate effects inherent in physical work","Impact of loading and rest intervals on muscle inflammation","Relationship between transitional acceleration of the whole body center-of-mass and friction demand characteristic during gait","Exercise as a prophylactic device against carpal tunnel syndrome","Ergonomics efforts in the retail food industry","Analysis of selected scaffold-related fatal falls","Organizational and process differences influencing ergonomic design"]},{"index":1,"name":"col1","values":["The Journal of Allergy and Clinical Immunology","The Journal of Allergy and Clinical Immunology","The Journal of Allergy and Clinical Immunology","Statistics in Medicine","Statistics in Medicine","Proceedings of the Human Factors and Ergonomics Society Annual Meeting","Proceedings of the Human Factors and Ergonomics Society Annual Meeting","Proceedings of the Human Factors and Ergonomics Society Annual Meeting","Proceedings of the Human Factors and Ergonomics Society Annual Meeting","Proceedings of the Human Factors and Ergonomics Society Annual Meeting","Proceedings of the Human Factors and Ergonomics Society Annual Meeting","Proceedings of the Human Factors and Ergonomics Society Annual Meeting","Proceedings of the Human Factors and Ergonomics Society Annual Meeting","Proceedings of the Human Factors and Ergonomics Society Annual Meeting","Proceedings of the Human Factors and Ergonomics Society Annual Meeting","Proceedings of the Human Factors and Ergonomics Society Annual Meeting","Proceedings of the Human Factors and Ergonomics Society Annual Meeting","Proceedings of the Human Factors and Ergonomics Society Annual Meeting","Proceedings of the Human Factors and Ergonomics Society Annual Meeting","Proceedings of the Human Factors and Ergonomics Society Annual Meeting","Proceedings of the Human Factors and Ergonomics Society Annual Meeting"]},{"index":2,"name":"col2","values":["2006-02-01","2006-02-01","2005-02-01","2001-05-15","2001-05-15","1998-10-01","1988-01-01","2008-09-01","2007-10-01","2006-10-01","2006-10-01","2003-10-01","2008-09-01","2002-09-01","1988-10-01","2014-09-01","2002-09-01","1989-10-01","1993-01-01","1990-10-01","1986-09-01"]}]},"context":{"page_title":null,"page_url":null,"page_entity_id":null,"content_hierarchy":[]},"links":[[[{"start":0,"end":85,"url":null,"entity_id":"Q24169948","candidates":[]}],[{"start":0,"end":46,"url":null,"entity_id":"Q7743550","candidates":[]}],[]],[[{"start":0,"end":125,"url":null,"entity_id":"Q24169947","candidates":[]}],[{"start":0,"end":46,"url":null,"entity_id":"Q7743550","candidates":[]}],[]],[[{"start":0,"end":77,"url":null,"entity_id":"Q24169945","candidates":[]}],[{"start":0,"end":46,"url":null,"entity_id":"Q7743550","candidates":[]}],[]],[[{"start":0,"end":116,"url":null,"entity_id":"Q23923488","candidates":[]}],[{"start":0,"end":22,"url":null,"entity_id":"Q7604438","candidates":[]}],[]],[[{"start":0,"end":88,"url":null,"entity_id":"Q23923487","candidates":[]}],[{"start":0,"end":22,"url":null,"entity_id":"Q7604438","candidates":[]}],[]],[[{"start":0,"end":87,"url":null,"entity_id":"Q23924505","candidates":[]}],[{"start":0,"end":70,"url":null,"entity_id":"Q7247179","candidates":[]}],[]],[[{"start":0,"end":29,"url":null,"entity_id":"Q23924145","candidates":[]}],[{"start":0,"end":70,"url":null,"entity_id":"Q7247179","candidates":[]}],[]],[[{"start":0,"end":160,"url":null,"entity_id":"Q23924100","candidates":[]}],[{"start":0,"end":70,"url":null,"entity_id":"Q7247179","candidates":[]}],[]],[[{"start":0,"end":107,"url":null,"entity_id":"Q23924069","candidates":[]}],[{"start":0,"end":70,"url":null,"entity_id":"Q7247179","candidates":[]}],[]],[[{"start":0,"end":89,"url":null,"entity_id":"Q23923939","candidates":[]}],[{"start":0,"end":70,"url":null,"entity_id":"Q7247179","candidates":[]}],[]],[[{"start":0,"end":126,"url":null,"entity_id":"Q23923809","candidates":[]}],[{"start":0,"end":70,"url":null,"entity_id":"Q7247179","candidates":[]}],[]],[[{"start":0,"end":131,"url":null,"entity_id":"Q23923524","candidates":[]}],[{"start":0,"end":70,"url":null,"entity_id":"Q7247179","candidates":[]}],[]],[[{"start":0,"end":59,"url":null,"entity_id":"Q23923011","candidates":[]}],[{"start":0,"end":70,"url":null,"entity_id":"Q7247179","candidates":[]}],[]],[[{"start":0,"end":92,"url":null,"entity_id":"Q23922884","candidates":[]}],[{"start":0,"end":70,"url":null,"entity_id":"Q7247179","candidates":[]}],[]],[[{"start":0,"end":115,"url":null,"entity_id":"Q23922860","candidates":[]}],[{"start":0,"end":70,"url":null,"entity_id":"Q7247179","candidates":[]}],[]],[[{"start":0,"end":59,"url":null,"entity_id":"Q23922777","candidates":[]}],[{"start":0,"end":70,"url":null,"entity_id":"Q7247179","candidates":[]}],[]],[[{"start":0,"end":126,"url":null,"entity_id":"Q23922767","candidates":[]}],[{"start":0,"end":70,"url":null,"entity_id":"Q7247179","candidates":[]}],[]],[[{"start":0,"end":64,"url":null,"entity_id":"Q23922639","candidates":[]}],[{"start":0,"end":70,"url":null,"entity_id":"Q7247179","candidates":[]}],[]],[[{"start":0,"end":46,"url":null,"entity_id":"Q23922616","candidates":[]}],[{"start":0,"end":70,"url":null,"entity_id":"Q7247179","candidates":[]}],[]],[[{"start":0,"end":49,"url":null,"entity_id":"Q23922573","candidates":[]}],[{"start":0,"end":70,"url":null,"entity_id":"Q7247179","candidates":[]}],[]],[[{"start":0,"end":67,"url":null,"entity_id":"Q23922039","candidates":[]}],[{"start":0,"end":70,"url":null,"entity_id":"Q7247179","candidates":[]}],[]]]}