{"version":"1.2","table":{"version":"2","table_id":"KXAG00CQ","columns":[{"index":0,"name":"col0","values":["Aleld","Klkar","ocholt","Wipperürth","Cosfeld","Bilmerbek","Hkldesheim","Padercorn","G÷ttingen","Lüdensheid","Uolingen","Ratlngen","Neuss","Lünen","Hamm","Krakôw","Quedlnburg","Hxter","Harerwijk","Tiel"]},{"index":1,"name":"col1","values":["UTC+01:00","UTC+01:00","UTC+01:00","UTC+01:00","UTC+01:00","UTC+01:00","UTC+01:00","UTC+01:00","UTC+01:00","UTC+01:00","UTC+01:00","UTC+01:00","UTC+01:00","UTC+01:00","UTC+01:00","UTC+01:00","UTC+01:00","UTC+02:00","UTC+01:00","UTC+01:00"]},{"index":2,"name":"col2","values":["143.695","14.14","25.0","281.585","88.199","105.788","77.61","94.376","149.4","419.193","53.212","50.2","39.96","57.884","63.504","220.752","124.23","96.768","3.021","6.93"]},{"index":3,"name":"col3","values":["Delligsen","Kleve","Hamminkeln","Marienheide","Billerbeck","Coesfeld","Diekholzen","Delbrück","Mühlhausen","Halver","Wuppertal","Düsseldorf","Düsseldorf","Dortmund","Ahlen","Kraków County","Oschersleben","Beverungen","Zeewolde","Buren"]}]},"context":{"page_title":null,"page_url":null,"page_entity_id":null,"content_hierarchy":[]},"links":[[[{"start":0,"end":5,"url":null,"entity_id":"Q486543","candidates":[]}],[{"start":0,"end":9,"url":null,"entity_id":"Q6655","candidates":[]}],[],[{"start":0,"end":9,"url":null,"entity_id":"Q58557","candidates":[]}]],[[{"start":0,"end":5,"url":null,"entity_id":"Q243554","candidates":[]}],[{"start":0,"end":9,"url":null,"entity_id":"Q6655","candidates":[]}],[],[{"start":0,"end":5,"url":null,"entity_id":"Q6842","candidates":[]}]],[[{"start":0,"end":6,"url":null,"entity_id":"Q3917","candidates":[]}],[{"start":0,"end":9,"url":null,"entity_id":"Q6655","candidates":[]}],[],[{"start":0,"end":10,"url":null,"entity_id":"Q162717","candidates":[]}]],[[{"start":0,"end":10,"url":null,"entity_id":"Q11045","candidates":[]}],[{"start":0,"end":9,"url":null,"entity_id":"Q6655","candidates":[]}],[],[{"start":0,"end":11,"url":null,"entity_id":"Q11049","candidates":[]}]],[[{"start":0,"end":7,"url":null,"entity_id":"Q14914","candidates":[]}],[{"start":0,"end":9,"url":null,"entity_id":"Q6655","candidates":[]}],[],[{"start":0,"end":10,"url":null,"entity_id":"Q14946","candidates":[]}]],[[{"start":0,"end":9,"url":null,"entity_id":"Q14946","candidates":[]}],[{"start":0,"end":9,"url":null,"entity_id":"Q6655","candidates":[]}],[],[{"start":0,"end":8,"url":null,"entity_id":"Q14914","candidates":[]}]],[[{"start":0,"end":10,"url":null,"entity_id":"Q3185","candidates":[]}],[{"start":0,"end":9,"url":null,"entity_id":"Q6655","candidates":[]}],[],[{"start":0,"end":10,"url":null,"entity_id":"Q282101","candidates":[]}]],[[{"start":0,"end":9,"url":null,"entity_id":"Q2971","candidates":[]}],[{"start":0,"end":9,"url":null,"entity_id":"Q6655","candidates":[]}],[],[{"start":0,"end":8,"url":null,"entity_id":"Q16146","candidates":[]}]],[[{"start":0,"end":9,"url":null,"entity_id":"Q3033","candidates":[]}],[{"start":0,"end":9,"url":null,"entity_id":"Q6655","candidates":[]}],[],[{"start":0,"end":10,"url":null,"entity_id":"Q14925","candidates":[]}]],[[{"start":0,"end":10,"url":null,"entity_id":"Q3893","candidates":[]}],[{"start":0,"end":9,"url":null,"entity_id":"Q6655","candidates":[]}],[],[{"start":0,"end":6,"url":null,"entity_id":"Q5567","candidates":[]}]],[[{"start":0,"end":8,"url":null,"entity_id":"Q2942","candidates":[]}],[{"start":0,"end":9,"url":null,"entity_id":"Q6655","candidates":[]}],[],[{"start":0,"end":9,"url":null,"entity_id":"Q2107","candidates":[]}]],[[{"start":0,"end":8,"url":null,"entity_id":"Q3791","candidates":[]}],[{"start":0,"end":9,"url":null,"entity_id":"Q6655","candidates":[]}],[],[{"start":0,"end":10,"url":null,"entity_id":"Q1718","candidates":[]}]],[[{"start":0,"end":5,"url":null,"entity_id":"Q2948","candidates":[]}],[{"start":0,"end":9,"url":null,"entity_id":"Q6655","candidates":[]}],[],[{"start":0,"end":10,"url":null,"entity_id":"Q1718","candidates":[]}]],[[{"start":0,"end":5,"url":null,"entity_id":"Q3822","candidates":[]}],[{"start":0,"end":9,"url":null,"entity_id":"Q6655","candidates":[]}],[],[{"start":0,"end":8,"url":null,"entity_id":"Q1295","candidates":[]}]],[[{"start":0,"end":4,"url":null,"entity_id":"Q2880","candidates":[]}],[{"start":0,"end":9,"url":null,"entity_id":"Q6655","candidates":[]}],[],[{"start":0,"end":5,"url":null,"entity_id":"Q1132","candidates":[]}]],[[{"start":0,"end":6,"url":null,"entity_id":"Q31487","candidates":[]}],[{"start":0,"end":9,"url":null,"entity_id":"Q6655","candidates":[]}],[],[{"start":0,"end":13,"url":null,"entity_id":"Q1164890","candidates":[]}]],[[{"start":0,"end":10,"url":null,"entity_id":"Q40623","candidates":[]}],[{"start":0,"end":9,"url":null,"entity_id":"Q6655","candidates":[]}],[],[{"start":0,"end":12,"url":null,"entity_id":"Q525392","candidates":[]}]],[[{"start":0,"end":5,"url":null,"entity_id":"Q16107","candidates":[]}],[{"start":0,"end":9,"url":null,"entity_id":"Q6723","candidates":[]}],[],[{"start":0,"end":10,"url":null,"entity_id":"Q242098","candidates":[]}]],[[{"start":0,"end":9,"url":null,"entity_id":"Q58931","candidates":[]}],[{"start":0,"end":9,"url":null,"entity_id":"Q6655","candidates":[]}],[],[{"start":0,"end":8,"url":null,"entity_id":"Q184454","candidates":[]}]],[[{"start":0,"end":4,"url":null,"entity_id":"Q73221","candidates":[]}],[{"start":0,"end":9,"url":null,"entity_id":"Q6655","candidates":[]}],[],[{"start":0,"end":5,"url":null,"entity_id":"Q73061","candidates":[]}]]]}