{"version":"1.2","table":{"version":"2","table_id":"KZ2QIXAZ","columns":[{"index":0,"name":"col0","values":["NGC 4138","NGC 4041","NGC 3998","NGC 3795B","NGC 3516","NGC 3393","NGC 3338","NGC 3319","NGC 3227","NGC 2862","NGC 2768","NGC 2685","NGC 2655","NGC 2654","NGC 1559","Mrk 590","NGC 788","NGC 262","NGC 169","3C 47","3C 61.1","NGC 1386","NGC 4725","NGC 4151","NGC 4395","NGC 5322","NGC 1395","NGC 1808","Arp 220","Circinus Galaxy","NGC 1566","NGC 1275","NGC 1672","Sculptor Galaxy"]},{"index":1,"name":"col1","values":["0.002955","0.00403","0.003646","0.0042","0.008816","0.0125","0.00435","0.00247","0.003857","0.01361","0.00459","0.00294","0.004713","0.00449","0.00431","0.02609","0.189","0.015","0.015423","0.425","0.186","0.002905","0.004033","0.003262","0.00106","0.006081","0.005634","0.003","0.0184","0.0014","0.0043","0.017547","0.004","0.000814"]},{"index":2,"name":"col2","values":["11.32","11.1","12.1","13.2","12.4","13.95","10.9","11.07","11.79","13","9.87","12.7","11.08","11.9","10.45","13.81","12.76","13.06","13.1","18.1","19","11.23","12.44","11.48","10.11","10.1","9.8","9.94","13.88","9.84","9.73","12.48","9.68","7.3"]},{"index":3,"name":"col3","values":["43.6853167","62.1372488551137","55.4535905140233","58.7583806","72.5686637677137","-25.1620278","13.7469922623312","41.6868722","19.865083","26.7746592361478","60.0372083","58.7344104996839","78.2230833","60.2211194","-62.7836736516693","-0.7667167022724","-6.8158739492674","31.956968020139","23.9909361","20.9576453099562","86.3143","-35.999275","25.5007604473309","39.4058493687009","33.5468596344523","60.1905","-23.0276917","-37.51305","23.503224556","-65.3390194","-54.9379383622613","41.5116983765094","-59.2474111","-25.2888"]}]},"context":{"page_title":null,"page_url":null,"page_entity_id":null,"content_hierarchy":[]},"links":[[[{"start":0,"end":8,"url":null,"entity_id":"Q1109232","candidates":[]}],[],[],[]],[[{"start":0,"end":8,"url":null,"entity_id":"Q1108639","candidates":[]}],[],[],[]],[[{"start":0,"end":8,"url":null,"entity_id":"Q1108443","candidates":[]}],[],[],[]],[[{"start":0,"end":9,"url":null,"entity_id":"Q1106515","candidates":[]}],[],[],[]],[[{"start":0,"end":8,"url":null,"entity_id":"Q1105147","candidates":[]}],[],[],[]],[[{"start":0,"end":8,"url":null,"entity_id":"Q1104524","candidates":[]}],[],[],[]],[[{"start":0,"end":8,"url":null,"entity_id":"Q1104290","candidates":[]}],[],[],[]],[[{"start":0,"end":8,"url":null,"entity_id":"Q1104201","candidates":[]}],[],[],[]],[[{"start":0,"end":8,"url":null,"entity_id":"Q1103677","candidates":[]}],[],[],[]],[[{"start":0,"end":8,"url":null,"entity_id":"Q1051353","candidates":[]}],[],[],[]],[[{"start":0,"end":8,"url":null,"entity_id":"Q1050785","candidates":[]}],[],[],[]],[[{"start":0,"end":8,"url":null,"entity_id":"Q1050311","candidates":[]}],[],[],[]],[[{"start":0,"end":8,"url":null,"entity_id":"Q1050163","candidates":[]}],[],[],[]],[[{"start":0,"end":8,"url":null,"entity_id":"Q1050158","candidates":[]}],[],[],[]],[[{"start":0,"end":8,"url":null,"entity_id":"Q1044021","candidates":[]}],[],[],[]],[[{"start":0,"end":7,"url":null,"entity_id":"Q1039806","candidates":[]}],[],[],[]],[[{"start":0,"end":7,"url":null,"entity_id":"Q1039129","candidates":[]}],[],[],[]],[[{"start":0,"end":7,"url":null,"entity_id":"Q1035924","candidates":[]}],[],[],[]],[[{"start":0,"end":7,"url":null,"entity_id":"Q1035654","candidates":[]}],[],[],[]],[[{"start":0,"end":5,"url":null,"entity_id":"Q1003205","candidates":[]}],[],[],[]],[[{"start":0,"end":7,"url":null,"entity_id":"Q1003050","candidates":[]}],[],[],[]],[[{"start":0,"end":8,"url":null,"entity_id":"Q983763","candidates":[]}],[],[],[]],[[{"start":0,"end":8,"url":null,"entity_id":"Q944059","candidates":[]}],[],[],[]],[[{"start":0,"end":8,"url":null,"entity_id":"Q942187","candidates":[]}],[],[],[]],[[{"start":0,"end":8,"url":null,"entity_id":"Q942001","candidates":[]}],[],[],[]],[[{"start":0,"end":8,"url":null,"entity_id":"Q929194","candidates":[]}],[],[],[]],[[{"start":0,"end":8,"url":null,"entity_id":"Q921244","candidates":[]}],[],[],[]],[[{"start":0,"end":8,"url":null,"entity_id":"Q748385","candidates":[]}],[],[],[]],[[{"start":0,"end":7,"url":null,"entity_id":"Q698547","candidates":[]}],[],[],[]],[[{"start":0,"end":15,"url":null,"entity_id":"Q541325","candidates":[]}],[],[],[]],[[{"start":0,"end":8,"url":null,"entity_id":"Q506417","candidates":[]}],[],[],[]],[[{"start":0,"end":8,"url":null,"entity_id":"Q497687","candidates":[]}],[],[],[]],[[{"start":0,"end":8,"url":null,"entity_id":"Q487228","candidates":[]}],[],[],[]],[[{"start":0,"end":15,"url":null,"entity_id":"Q487221","candidates":[]}],[],[],[]]]}