{"version":"1.2","table":{"version":"2","table_id":"L295VQSC","columns":[{"index":0,"name":"col0","values":["2021 Spanish International Badminton Championships","2020 Spanish International Badminton Championships","2019 Spanish International Badminton Championships","2018 Spanish International Badminton Championships","2017 Spanish International Badminton Championships","2016 Spanish International Badminton Championships","1982 Spanish International Badminton Championships","1981 Spanish International Badminton Championships","1980 Spanish International Badminton Championships","1979 Spanish International Badminton Championships","1978 Spanish International Badminton Championships","1977 Spanish International Badminton Championships","1976 Spanish International Badminton Championships","1985 Spanish International Badminton Championships","1988 Spanish International Badminton Championships","1986 Spanish International Badminton Championships","1984 Spanish International Badminton Championships","1983 Spanish International Badminton Championships","2014 Spanish International Badminton Championships","2012 Spanish International Badminton Championships"]},{"index":1,"name":"col1","values":["2020 Spanish International Badminton Championships","2019 Spanish International Badminton Championships","2018 Spanish International Badminton Championships","2017 Spanish International Badminton Championships","2016 Spanish International Badminton Championships","2015 Spanish International Badminton Championships","1981 Spanish International Badminton Championships","1980 Spanish International Badminton Championships","1979 Spanish International Badminton Championships","1978 Spanish International Badminton Championships","1977 Spanish International Badminton Championships","1976 Spanish International Badminton Championships","1975 Spanish International Badminton Championships","1984 Spanish International Badminton Championships","1987 Spanish International Badminton Championships","1985 Spanish International Badminton Championships","1983 Spanish International Badminton Championships","1982 Spanish International Badminton Championships","2013 Spanish International Badminton Championships","2011 Spanish International Badminton Championships"]},{"index":2,"name":"col2","values":["open championship","open championship","open championship","open championship","open championship","open championship","open championship","open championship","open championship","open championship","open championship","open championship","open championship","open championship","open championship","open championship","open championship","open championship","open championship","open championship"]},{"index":3,"name":"col3","values":["Spain","Spain","Spain","Spain","Spain","Spain","Spain","Spain","Spain","Spain","Spain","Spain","Spain","Spain","Spain","Spain","Spain","Spain","Spain","Spain"]},{"index":4,"name":"col4","values":["2021 Spanish International Badminton Championships – Men's doubles","2020 Spanish International Badminton Championships – Men's doubles","2019 Spanish International Badminton Championships – Men's doubles","2018 Spanish International Badminton Championships – Men's doubles","2017 Spanish International Badminton Championships – Women's singles","2016 Spanish International Badminton Championships – Men's singles","1982 Spanish International Badminton Championships – Men's singles","1981 Spanish International Badminton Championships – Men's singles","1980 Spanish International Badminton Championships – Men's singles","1979 Spanish International Badminton Championships – Men's singles","1978 Spanish International Badminton Championships – Men's singles","1977 Spanish International Badminton Championships – Men's singles","1976 Spanish International Badminton Championships – Men's singles","1985 Spanish International Badminton Championships – Men's singles","1988 Spanish International Badminton Championships – Men's singles","1986 Spanish International Badminton Championships – Men's singles","1984 Spanish International Badminton Championships – Men's singles","1983 Spanish International Badminton Championships – Men's singles","2014 Spanish International Badminton Championships – Men's singles","2012 Spanish International Badminton Championships – Men's singles"]},{"index":5,"name":"col5","values":["2021-01-01","2020-01-01","2019-01-01","2018-01-01","2017-01-01","2016-01-01","1982-01-01","1981-01-01","1980-01-01","1979-01-01","1978-01-01","1977-01-01","1976-01-01","1985-01-01","1988-01-01","1986-01-01","1984-01-01","1983-01-01","2014-01-01","2012-01-01"]},{"index":6,"name":"col6","values":["2022 Spanish International Badminton Championships","2021 Spanish International Badminton Championships","2020 Spanish International Badminton Championships","2019 Spanish International Badminton Championships","2018 Spanish International Badminton Championships","2017 Spanish International Badminton Championships","1983 Spanish International Badminton Championships","1982 Spanish International Badminton Championships","1981 Spanish International Badminton Championships","1980 Spanish International Badminton Championships","1979 Spanish International Badminton Championships","1978 Spanish International Badminton Championships","1977 Spanish International Badminton Championships","1986 Spanish International Badminton Championships","1991 Spanish International Badminton Championships","1987 Spanish International Badminton Championships","1985 Spanish International Badminton Championships","1984 Spanish International Badminton Championships","2015 Spanish International Badminton Championships","2013 Spanish International Badminton Championships"]}]},"context":{"page_title":null,"page_url":null,"page_entity_id":null,"content_hierarchy":[]},"links":[[[{"start":0,"end":50,"url":null,"entity_id":"Q79380082","candidates":[]}],[{"start":0,"end":50,"url":null,"entity_id":"Q79380081","candidates":[]}],[{"start":0,"end":17,"url":null,"entity_id":"Q63869675","candidates":[]}],[{"start":0,"end":5,"url":null,"entity_id":"Q29","candidates":[]}],[{"start":0,"end":66,"url":null,"entity_id":"Q79380126","candidates":[]}],[],[{"start":0,"end":50,"url":null,"entity_id":"Q79380083","candidates":[]}]],[[{"start":0,"end":50,"url":null,"entity_id":"Q79380081","candidates":[]}],[{"start":0,"end":50,"url":null,"entity_id":"Q64626704","candidates":[]}],[{"start":0,"end":17,"url":null,"entity_id":"Q63869675","candidates":[]}],[{"start":0,"end":5,"url":null,"entity_id":"Q29","candidates":[]}],[{"start":0,"end":66,"url":null,"entity_id":"Q79380125","candidates":[]}],[],[{"start":0,"end":50,"url":null,"entity_id":"Q79380082","candidates":[]}]],[[{"start":0,"end":50,"url":null,"entity_id":"Q64626704","candidates":[]}],[{"start":0,"end":50,"url":null,"entity_id":"Q54911726","candidates":[]}],[{"start":0,"end":17,"url":null,"entity_id":"Q63869675","candidates":[]}],[{"start":0,"end":5,"url":null,"entity_id":"Q29","candidates":[]}],[{"start":0,"end":66,"url":null,"entity_id":"Q79380124","candidates":[]}],[],[{"start":0,"end":50,"url":null,"entity_id":"Q79380081","candidates":[]}]],[[{"start":0,"end":50,"url":null,"entity_id":"Q54911726","candidates":[]}],[{"start":0,"end":50,"url":null,"entity_id":"Q30540361","candidates":[]}],[{"start":0,"end":17,"url":null,"entity_id":"Q63869675","candidates":[]}],[{"start":0,"end":5,"url":null,"entity_id":"Q29","candidates":[]}],[{"start":0,"end":66,"url":null,"entity_id":"Q79380123","candidates":[]}],[],[{"start":0,"end":50,"url":null,"entity_id":"Q64626704","candidates":[]}]],[[{"start":0,"end":50,"url":null,"entity_id":"Q30540361","candidates":[]}],[{"start":0,"end":50,"url":null,"entity_id":"Q24698504","candidates":[]}],[{"start":0,"end":17,"url":null,"entity_id":"Q63869675","candidates":[]}],[{"start":0,"end":5,"url":null,"entity_id":"Q29","candidates":[]}],[{"start":0,"end":68,"url":null,"entity_id":"Q27864838","candidates":[]}],[],[{"start":0,"end":50,"url":null,"entity_id":"Q54911726","candidates":[]}]],[[{"start":0,"end":50,"url":null,"entity_id":"Q24698504","candidates":[]}],[{"start":0,"end":50,"url":null,"entity_id":"Q19965993","candidates":[]}],[{"start":0,"end":17,"url":null,"entity_id":"Q63869675","candidates":[]}],[{"start":0,"end":5,"url":null,"entity_id":"Q29","candidates":[]}],[{"start":0,"end":66,"url":null,"entity_id":"Q27864788","candidates":[]}],[],[{"start":0,"end":50,"url":null,"entity_id":"Q30540361","candidates":[]}]],[[{"start":0,"end":50,"url":null,"entity_id":"Q27030997","candidates":[]}],[{"start":0,"end":50,"url":null,"entity_id":"Q27030996","candidates":[]}],[{"start":0,"end":17,"url":null,"entity_id":"Q63869675","candidates":[]}],[{"start":0,"end":5,"url":null,"entity_id":"Q29","candidates":[]}],[{"start":0,"end":66,"url":null,"entity_id":"Q27864760","candidates":[]}],[],[{"start":0,"end":50,"url":null,"entity_id":"Q27030998","candidates":[]}]],[[{"start":0,"end":50,"url":null,"entity_id":"Q27030996","candidates":[]}],[{"start":0,"end":50,"url":null,"entity_id":"Q27030995","candidates":[]}],[{"start":0,"end":17,"url":null,"entity_id":"Q63869675","candidates":[]}],[{"start":0,"end":5,"url":null,"entity_id":"Q29","candidates":[]}],[{"start":0,"end":66,"url":null,"entity_id":"Q27864759","candidates":[]}],[],[{"start":0,"end":50,"url":null,"entity_id":"Q27030997","candidates":[]}]],[[{"start":0,"end":50,"url":null,"entity_id":"Q27030995","candidates":[]}],[{"start":0,"end":50,"url":null,"entity_id":"Q27030994","candidates":[]}],[{"start":0,"end":17,"url":null,"entity_id":"Q63869675","candidates":[]}],[{"start":0,"end":5,"url":null,"entity_id":"Q29","candidates":[]}],[{"start":0,"end":66,"url":null,"entity_id":"Q27864758","candidates":[]}],[],[{"start":0,"end":50,"url":null,"entity_id":"Q27030996","candidates":[]}]],[[{"start":0,"end":50,"url":null,"entity_id":"Q27030994","candidates":[]}],[{"start":0,"end":50,"url":null,"entity_id":"Q27030993","candidates":[]}],[{"start":0,"end":17,"url":null,"entity_id":"Q63869675","candidates":[]}],[{"start":0,"end":5,"url":null,"entity_id":"Q29","candidates":[]}],[{"start":0,"end":66,"url":null,"entity_id":"Q27864757","candidates":[]}],[],[{"start":0,"end":50,"url":null,"entity_id":"Q27030995","candidates":[]}]],[[{"start":0,"end":50,"url":null,"entity_id":"Q27030993","candidates":[]}],[{"start":0,"end":50,"url":null,"entity_id":"Q27030991","candidates":[]}],[{"start":0,"end":17,"url":null,"entity_id":"Q63869675","candidates":[]}],[{"start":0,"end":5,"url":null,"entity_id":"Q29","candidates":[]}],[{"start":0,"end":66,"url":null,"entity_id":"Q27864756","candidates":[]}],[],[{"start":0,"end":50,"url":null,"entity_id":"Q27030994","candidates":[]}]],[[{"start":0,"end":50,"url":null,"entity_id":"Q27030991","candidates":[]}],[{"start":0,"end":50,"url":null,"entity_id":"Q27030990","candidates":[]}],[{"start":0,"end":17,"url":null,"entity_id":"Q63869675","candidates":[]}],[{"start":0,"end":5,"url":null,"entity_id":"Q29","candidates":[]}],[{"start":0,"end":66,"url":null,"entity_id":"Q27864755","candidates":[]}],[],[{"start":0,"end":50,"url":null,"entity_id":"Q27030993","candidates":[]}]],[[{"start":0,"end":50,"url":null,"entity_id":"Q27030990","candidates":[]}],[{"start":0,"end":50,"url":null,"entity_id":"Q27030989","candidates":[]}],[{"start":0,"end":17,"url":null,"entity_id":"Q63869675","candidates":[]}],[{"start":0,"end":5,"url":null,"entity_id":"Q29","candidates":[]}],[{"start":0,"end":66,"url":null,"entity_id":"Q27864754","candidates":[]}],[],[{"start":0,"end":50,"url":null,"entity_id":"Q27030991","candidates":[]}]],[[{"start":0,"end":50,"url":null,"entity_id":"Q27031000","candidates":[]}],[{"start":0,"end":50,"url":null,"entity_id":"Q27030999","candidates":[]}],[{"start":0,"end":17,"url":null,"entity_id":"Q63869675","candidates":[]}],[{"start":0,"end":5,"url":null,"entity_id":"Q29","candidates":[]}],[{"start":0,"end":66,"url":null,"entity_id":"Q27864763","candidates":[]}],[],[{"start":0,"end":50,"url":null,"entity_id":"Q18871377","candidates":[]}]],[[{"start":0,"end":50,"url":null,"entity_id":"Q27031004","candidates":[]}],[{"start":0,"end":50,"url":null,"entity_id":"Q27031003","candidates":[]}],[{"start":0,"end":17,"url":null,"entity_id":"Q63869675","candidates":[]}],[{"start":0,"end":5,"url":null,"entity_id":"Q29","candidates":[]}],[{"start":0,"end":66,"url":null,"entity_id":"Q27864766","candidates":[]}],[],[{"start":0,"end":50,"url":null,"entity_id":"Q2306830","candidates":[]}]],[[{"start":0,"end":50,"url":null,"entity_id":"Q18871377","candidates":[]}],[{"start":0,"end":50,"url":null,"entity_id":"Q27031000","candidates":[]}],[{"start":0,"end":17,"url":null,"entity_id":"Q63869675","candidates":[]}],[{"start":0,"end":5,"url":null,"entity_id":"Q29","candidates":[]}],[{"start":0,"end":66,"url":null,"entity_id":"Q27864764","candidates":[]}],[],[{"start":0,"end":50,"url":null,"entity_id":"Q27031003","candidates":[]}]],[[{"start":0,"end":50,"url":null,"entity_id":"Q27030999","candidates":[]}],[{"start":0,"end":50,"url":null,"entity_id":"Q27030998","candidates":[]}],[{"start":0,"end":17,"url":null,"entity_id":"Q63869675","candidates":[]}],[{"start":0,"end":5,"url":null,"entity_id":"Q29","candidates":[]}],[{"start":0,"end":66,"url":null,"entity_id":"Q27864762","candidates":[]}],[],[{"start":0,"end":50,"url":null,"entity_id":"Q27031000","candidates":[]}]],[[{"start":0,"end":50,"url":null,"entity_id":"Q27030998","candidates":[]}],[{"start":0,"end":50,"url":null,"entity_id":"Q27030997","candidates":[]}],[{"start":0,"end":17,"url":null,"entity_id":"Q63869675","candidates":[]}],[{"start":0,"end":5,"url":null,"entity_id":"Q29","candidates":[]}],[{"start":0,"end":66,"url":null,"entity_id":"Q27864761","candidates":[]}],[],[{"start":0,"end":50,"url":null,"entity_id":"Q27030999","candidates":[]}]],[[{"start":0,"end":50,"url":null,"entity_id":"Q16956585","candidates":[]}],[{"start":0,"end":50,"url":null,"entity_id":"Q13440698","candidates":[]}],[{"start":0,"end":17,"url":null,"entity_id":"Q63869675","candidates":[]}],[{"start":0,"end":5,"url":null,"entity_id":"Q29","candidates":[]}],[{"start":0,"end":66,"url":null,"entity_id":"Q27864786","candidates":[]}],[],[{"start":0,"end":50,"url":null,"entity_id":"Q19965993","candidates":[]}]],[[{"start":0,"end":50,"url":null,"entity_id":"Q1517433","candidates":[]}],[{"start":0,"end":50,"url":null,"entity_id":"Q2306886","candidates":[]}],[{"start":0,"end":17,"url":null,"entity_id":"Q63869675","candidates":[]}],[{"start":0,"end":5,"url":null,"entity_id":"Q29","candidates":[]}],[{"start":0,"end":66,"url":null,"entity_id":"Q27864784","candidates":[]}],[],[{"start":0,"end":50,"url":null,"entity_id":"Q13440698","candidates":[]}]]]}