{"version":"1.2","table":{"version":"2","table_id":"L6NMOAZ1","columns":[{"index":0,"name":"col0","values":["105 Motorised Division Rovigo","103 Motorised Division Piacenza","102 Motorised Division Trento","101 Motorised Division Trieste","3ª Divisione CC.NN. \"Penne Nere\"","68.ª División","58th Infantry Division Legnano","27th Motorised Division Brescia","Italian Libyan Colonial Division","2nd Libyan Division Pescatori","1st Libyan Division Sibelle","208th Coastal Division","28 Infantry Division Aosta","24 Infantry Division Pinerolo","227 Coastal Division","226 Coastal Division","225 Coastal Division","224 Coastal Division","223 Coastal Division","222 Coastal Division"]},{"index":1,"name":"col1","values":["Royal Italian Army","Royal Italian Army","Royal Italian Army","Royal Italian Army","zone under the control of the nationalist faction","Second Spanish Republic","Royal Italian Army","Royal Italian Army","Royal Italian Army","Royal Italian Army","Royal Italian Army","Royal Italian Army","Royal Italian Army","Royal Italian Army","Royal Italian Army","Royal Italian Army","Royal Italian Army","Royal Italian Army","Royal Italian Army","Royal Italian Army"]},{"index":2,"name":"col2","values":["World War II","World War II","World War II","World War II","Battle of Guadalajara","Spanish Civil War","World War II","World War II","World War II","World War II","World War II","World War II","World War II","World War II","World War II","World War II","World War II","World War II","World War II","World War II"]}]},"context":{"page_title":null,"page_url":null,"page_entity_id":null,"content_hierarchy":[]},"links":[[[{"start":0,"end":29,"url":null,"entity_id":"Q3596881","candidates":[]}],[{"start":0,"end":18,"url":null,"entity_id":"Q2257793","candidates":[]}],[{"start":0,"end":12,"url":null,"entity_id":"Q362","candidates":[]}]],[[{"start":0,"end":31,"url":null,"entity_id":"Q3596844","candidates":[]}],[{"start":0,"end":18,"url":null,"entity_id":"Q2257793","candidates":[]}],[{"start":0,"end":12,"url":null,"entity_id":"Q362","candidates":[]}]],[[{"start":0,"end":29,"url":null,"entity_id":"Q3596832","candidates":[]}],[{"start":0,"end":18,"url":null,"entity_id":"Q2257793","candidates":[]}],[{"start":0,"end":12,"url":null,"entity_id":"Q362","candidates":[]}]],[[{"start":0,"end":30,"url":null,"entity_id":"Q3596829","candidates":[]}],[{"start":0,"end":18,"url":null,"entity_id":"Q2257793","candidates":[]}],[{"start":0,"end":12,"url":null,"entity_id":"Q362","candidates":[]}]],[[{"start":0,"end":32,"url":null,"entity_id":"Q28668698","candidates":[]}],[{"start":0,"end":49,"url":null,"entity_id":"Q5560770","candidates":[]}],[{"start":0,"end":21,"url":null,"entity_id":"Q1641241","candidates":[]}]],[[{"start":0,"end":13,"url":null,"entity_id":"Q19481691","candidates":[]}],[{"start":0,"end":23,"url":null,"entity_id":"Q178038","candidates":[]}],[{"start":0,"end":17,"url":null,"entity_id":"Q10859","candidates":[]}]],[[{"start":0,"end":30,"url":null,"entity_id":"Q16161746","candidates":[]}],[{"start":0,"end":18,"url":null,"entity_id":"Q2257793","candidates":[]}],[{"start":0,"end":12,"url":null,"entity_id":"Q362","candidates":[]}]],[[{"start":0,"end":31,"url":null,"entity_id":"Q16057488","candidates":[]}],[{"start":0,"end":18,"url":null,"entity_id":"Q2257793","candidates":[]}],[{"start":0,"end":12,"url":null,"entity_id":"Q362","candidates":[]}]],[[{"start":0,"end":32,"url":null,"entity_id":"Q15024303","candidates":[]}],[{"start":0,"end":18,"url":null,"entity_id":"Q2257793","candidates":[]}],[{"start":0,"end":12,"url":null,"entity_id":"Q362","candidates":[]}]],[[{"start":0,"end":29,"url":null,"entity_id":"Q14917777","candidates":[]}],[{"start":0,"end":18,"url":null,"entity_id":"Q2257793","candidates":[]}],[{"start":0,"end":12,"url":null,"entity_id":"Q362","candidates":[]}]],[[{"start":0,"end":27,"url":null,"entity_id":"Q14917336","candidates":[]}],[{"start":0,"end":18,"url":null,"entity_id":"Q2257793","candidates":[]}],[{"start":0,"end":12,"url":null,"entity_id":"Q362","candidates":[]}]],[[{"start":0,"end":22,"url":null,"entity_id":"Q13913873","candidates":[]}],[{"start":0,"end":18,"url":null,"entity_id":"Q2257793","candidates":[]}],[{"start":0,"end":12,"url":null,"entity_id":"Q362","candidates":[]}]],[[{"start":0,"end":26,"url":null,"entity_id":"Q4632725","candidates":[]}],[{"start":0,"end":18,"url":null,"entity_id":"Q2257793","candidates":[]}],[{"start":0,"end":12,"url":null,"entity_id":"Q362","candidates":[]}]],[[{"start":0,"end":29,"url":null,"entity_id":"Q4631888","candidates":[]}],[{"start":0,"end":18,"url":null,"entity_id":"Q2257793","candidates":[]}],[{"start":0,"end":12,"url":null,"entity_id":"Q362","candidates":[]}]],[[{"start":0,"end":20,"url":null,"entity_id":"Q4631280","candidates":[]}],[{"start":0,"end":18,"url":null,"entity_id":"Q2257793","candidates":[]}],[{"start":0,"end":12,"url":null,"entity_id":"Q362","candidates":[]}]],[[{"start":0,"end":20,"url":null,"entity_id":"Q4631275","candidates":[]}],[{"start":0,"end":18,"url":null,"entity_id":"Q2257793","candidates":[]}],[{"start":0,"end":12,"url":null,"entity_id":"Q362","candidates":[]}]],[[{"start":0,"end":20,"url":null,"entity_id":"Q4631256","candidates":[]}],[{"start":0,"end":18,"url":null,"entity_id":"Q2257793","candidates":[]}],[{"start":0,"end":12,"url":null,"entity_id":"Q362","candidates":[]}]],[[{"start":0,"end":20,"url":null,"entity_id":"Q4631242","candidates":[]}],[{"start":0,"end":18,"url":null,"entity_id":"Q2257793","candidates":[]}],[{"start":0,"end":12,"url":null,"entity_id":"Q362","candidates":[]}]],[[{"start":0,"end":20,"url":null,"entity_id":"Q4631232","candidates":[]}],[{"start":0,"end":18,"url":null,"entity_id":"Q2257793","candidates":[]}],[{"start":0,"end":12,"url":null,"entity_id":"Q362","candidates":[]}]],[[{"start":0,"end":20,"url":null,"entity_id":"Q4631221","candidates":[]}],[{"start":0,"end":18,"url":null,"entity_id":"Q2257793","candidates":[]}],[{"start":0,"end":12,"url":null,"entity_id":"Q362","candidates":[]}]]]}