{"version":"1.2","table":{"version":"2","table_id":"L80FDR2F","columns":[{"index":0,"name":"col0","values":["Glitterbeat Records","Soulbeats Records","Cactus Jack Records","Petroleum Records","Ederkind Música","Nuclear Blast","Mons Records","ACT Music","Twisted Chords","Bronze","Modern Love Records","Ninja Tune","Stiff Records","Wagram Music","Epitaph Records","ANTI-","Drag City","Bar/None Records","DCD2 Records","Shanachie Records"]},{"index":1,"name":"col1","values":["Beverungen","Macau","Houston","Oslo","Buenos Aires","Donzdorf","Trippstadt","Munich","Karlsruhe","Chalk Farm","Manchester","London","London","Paris","Hollywood","Los Angeles","Chicago","Weehawken","New York City","Newton"]},{"index":2,"name":"col2","values":["world music","reggae","hip hop music","rock music","alternative rock","hardcore punk","jazz","jazz","punk rock","rock music","electronic music","electronic music","punk rock","jazz","various genre","various genre","indie rock","alternative rock","emo","reggae"]},{"index":3,"name":"col3","values":["Germany","France","United States of America","Norway","Argentina","Germany","Germany","Germany","Germany","United Kingdom","United Kingdom","United Kingdom","United Kingdom","France","United States of America","United States of America","United States of America","United States of America","United States of America","United States of America"]}]},"context":{"page_title":null,"page_url":null,"page_entity_id":null,"content_hierarchy":[]},"links":[[[{"start":0,"end":19,"url":null,"entity_id":"Q47488205","candidates":[]}],[{"start":0,"end":10,"url":null,"entity_id":"Q242098","candidates":[]}],[{"start":0,"end":11,"url":null,"entity_id":"Q205049","candidates":[]}],[{"start":0,"end":7,"url":null,"entity_id":"Q183","candidates":[]}]],[[{"start":0,"end":17,"url":null,"entity_id":"Q27503584","candidates":[]}],[{"start":0,"end":5,"url":null,"entity_id":"Q1004486","candidates":[]}],[{"start":0,"end":6,"url":null,"entity_id":"Q9794","candidates":[]}],[{"start":0,"end":6,"url":null,"entity_id":"Q142","candidates":[]}]],[[{"start":0,"end":19,"url":null,"entity_id":"Q56160091","candidates":[]}],[{"start":0,"end":7,"url":null,"entity_id":"Q16555","candidates":[]}],[{"start":0,"end":13,"url":null,"entity_id":"Q11401","candidates":[]}],[{"start":0,"end":24,"url":null,"entity_id":"Q30","candidates":[]}]],[[{"start":0,"end":17,"url":null,"entity_id":"Q47178816","candidates":[]}],[{"start":0,"end":4,"url":null,"entity_id":"Q585","candidates":[]}],[{"start":0,"end":10,"url":null,"entity_id":"Q11399","candidates":[]}],[{"start":0,"end":6,"url":null,"entity_id":"Q20","candidates":[]}]],[[{"start":0,"end":15,"url":null,"entity_id":"Q73281818","candidates":[]}],[{"start":0,"end":12,"url":null,"entity_id":"Q1486","candidates":[]}],[{"start":0,"end":16,"url":null,"entity_id":"Q11366","candidates":[]}],[{"start":0,"end":9,"url":null,"entity_id":"Q414","candidates":[]}]],[[{"start":0,"end":13,"url":null,"entity_id":"Q158886","candidates":[]}],[{"start":0,"end":8,"url":null,"entity_id":"Q80874","candidates":[]}],[{"start":0,"end":13,"url":null,"entity_id":"Q10922","candidates":[]}],[{"start":0,"end":7,"url":null,"entity_id":"Q183","candidates":[]}]],[[{"start":0,"end":12,"url":null,"entity_id":"Q1270552","candidates":[]}],[{"start":0,"end":10,"url":null,"entity_id":"Q656103","candidates":[]}],[{"start":0,"end":4,"url":null,"entity_id":"Q8341","candidates":[]}],[{"start":0,"end":7,"url":null,"entity_id":"Q183","candidates":[]}]],[[{"start":0,"end":9,"url":null,"entity_id":"Q288810","candidates":[]}],[{"start":0,"end":6,"url":null,"entity_id":"Q1726","candidates":[]}],[{"start":0,"end":4,"url":null,"entity_id":"Q8341","candidates":[]}],[{"start":0,"end":7,"url":null,"entity_id":"Q183","candidates":[]}]],[[{"start":0,"end":14,"url":null,"entity_id":"Q1621460","candidates":[]}],[{"start":0,"end":9,"url":null,"entity_id":"Q8178","candidates":[]}],[{"start":0,"end":9,"url":null,"entity_id":"Q3071","candidates":[]}],[{"start":0,"end":7,"url":null,"entity_id":"Q183","candidates":[]}]],[[{"start":0,"end":6,"url":null,"entity_id":"Q671229","candidates":[]}],[{"start":0,"end":10,"url":null,"entity_id":"Q2648511","candidates":[]}],[{"start":0,"end":10,"url":null,"entity_id":"Q11399","candidates":[]}],[{"start":0,"end":14,"url":null,"entity_id":"Q145","candidates":[]}]],[[{"start":0,"end":19,"url":null,"entity_id":"Q3317871","candidates":[]}],[{"start":0,"end":10,"url":null,"entity_id":"Q18125","candidates":[]}],[{"start":0,"end":16,"url":null,"entity_id":"Q9778","candidates":[]}],[{"start":0,"end":14,"url":null,"entity_id":"Q145","candidates":[]}]],[[{"start":0,"end":10,"url":null,"entity_id":"Q1358555","candidates":[]}],[{"start":0,"end":6,"url":null,"entity_id":"Q84","candidates":[]}],[{"start":0,"end":16,"url":null,"entity_id":"Q9778","candidates":[]}],[{"start":0,"end":14,"url":null,"entity_id":"Q145","candidates":[]}]],[[{"start":0,"end":13,"url":null,"entity_id":"Q1750746","candidates":[]}],[{"start":0,"end":6,"url":null,"entity_id":"Q84","candidates":[]}],[{"start":0,"end":9,"url":null,"entity_id":"Q3071","candidates":[]}],[{"start":0,"end":14,"url":null,"entity_id":"Q145","candidates":[]}]],[[{"start":0,"end":12,"url":null,"entity_id":"Q3565108","candidates":[]}],[{"start":0,"end":5,"url":null,"entity_id":"Q90","candidates":[]}],[{"start":0,"end":4,"url":null,"entity_id":"Q8341","candidates":[]}],[{"start":0,"end":6,"url":null,"entity_id":"Q142","candidates":[]}]],[[{"start":0,"end":15,"url":null,"entity_id":"Q726153","candidates":[]}],[{"start":0,"end":9,"url":null,"entity_id":"Q34006","candidates":[]}],[{"start":0,"end":13,"url":null,"entity_id":"Q56284716","candidates":[]}],[{"start":0,"end":24,"url":null,"entity_id":"Q30","candidates":[]}]],[[{"start":0,"end":5,"url":null,"entity_id":"Q295794","candidates":[]}],[{"start":0,"end":11,"url":null,"entity_id":"Q65","candidates":[]}],[{"start":0,"end":13,"url":null,"entity_id":"Q56284716","candidates":[]}],[{"start":0,"end":24,"url":null,"entity_id":"Q30","candidates":[]}]],[[{"start":0,"end":9,"url":null,"entity_id":"Q1254522","candidates":[]}],[{"start":0,"end":7,"url":null,"entity_id":"Q1297","candidates":[]}],[{"start":0,"end":10,"url":null,"entity_id":"Q183504","candidates":[]}],[{"start":0,"end":24,"url":null,"entity_id":"Q30","candidates":[]}]],[[{"start":0,"end":16,"url":null,"entity_id":"Q2883714","candidates":[]}],[{"start":0,"end":9,"url":null,"entity_id":"Q176410","candidates":[]}],[{"start":0,"end":16,"url":null,"entity_id":"Q11366","candidates":[]}],[{"start":0,"end":24,"url":null,"entity_id":"Q30","candidates":[]}]],[[{"start":0,"end":12,"url":null,"entity_id":"Q2291171","candidates":[]}],[{"start":0,"end":13,"url":null,"entity_id":"Q60","candidates":[]}],[{"start":0,"end":3,"url":null,"entity_id":"Q10926","candidates":[]}],[{"start":0,"end":24,"url":null,"entity_id":"Q30","candidates":[]}]],[[{"start":0,"end":17,"url":null,"entity_id":"Q1503081","candidates":[]}],[{"start":0,"end":6,"url":null,"entity_id":"Q1089234","candidates":[]}],[{"start":0,"end":6,"url":null,"entity_id":"Q9794","candidates":[]}],[{"start":0,"end":24,"url":null,"entity_id":"Q30","candidates":[]}]]]}