{"version":"1.2","table":{"version":"2","table_id":"L91OK4UN","columns":[{"index":0,"name":"col0","values":["V934 Her","NV Hya","HD 45353","HD 56142","HD 204353","HD 93199","HD 32517","HD 32491","V1017 Sco","YZ Men","V889 Her","alf Com A","TYC 9486-927-1","Gliese 493.1","G 161-71","Ross 47","61 Cygni A","HD 88737","RZ Eri","V2154 Cyg","AI Dra","HD 190918","TX UMa","V Trianguli","Theta1 Orionis E","2MASS J01101312+6004354","V1017 Sagittarii","FL Lyrae","3XMM J004232.1+411314","GSC7675-2012","DT Piscium","T Coronae Australis","HD 79905","V335 Peg","V1834 Ori","HD 16736","Kappa1 Indi","V830 Tauri","AM Herculis","VW Hydri","QR Andromedae"]},{"index":1,"name":"col1","values":["SRB semi-regular","rotating variable star","rotating variable star","rotating variable star","rotating variable star","rotating variable star","rotating variable star","rotating variable star","rotating variable star","rotating variable star","rotating variable star","rotating variable star","rotating variable star","rotating variable star","rotating variable star","rotating variable star","rotating variable star","rotating variable star","Detached systems","eclipsing binary star","eclipsing binary star","eclipsing binary star","eclipsing binary star","eclipsing binary star","eclipsing binary star","eclipsing binary star","eclipsing binary star","eclipsing binary star","low mass x-ray binary","Alpha² Canum Venaticorum variable","semiregular variable star","Herbig Ae/Be star","Beta Lyrae variable","Beta Lyrae variable","Beta Lyrae variable","Beta Lyrae variable","Beta Lyrae variable","BY Draconis variable","Polar","dwarf nova","Algol variable"]},{"index":2,"name":"col2","values":["23.9718478571702","-9.621674878634","18.22385591025083","-36.4266905898019","-60.2069394424824","-50.8850348439246","-44.8302625190244","-36.9785713937361","-34.5390498206632","-77.2170904754649","18.6900651617934","17.5294056","-81.64102558630361","5.6855564613362","-12.3484372715743","12.48933659338833","38.7494158400991","21.1680488037783","-10.6822278201278","48.5189360715536","52.6984304446106","35.7883760399165","45.5663066575797","30.3671360555555","-5.38607545167","60.0765248013406","-29.3868315406977","46.324129610599","41.2206472","-38.6425059746002","28.5295746670088","-36.9639805090048","-60.53542735488723","10.2203363471873","8.599993745","50.4639733469243","-59.0120816015235","24.56201551491056","49.8679888503208","-71.2948764359282","21.9478240581288"]}]},"context":{"page_title":null,"page_url":null,"page_entity_id":null,"content_hierarchy":[]},"links":[[[{"start":0,"end":8,"url":null,"entity_id":"Q66630806","candidates":[]}],[{"start":0,"end":16,"url":null,"entity_id":"Q66095735","candidates":[]}],[]],[[{"start":0,"end":6,"url":null,"entity_id":"Q66651716","candidates":[]}],[{"start":0,"end":22,"url":null,"entity_id":"Q15917122","candidates":[]}],[]],[[{"start":0,"end":8,"url":null,"entity_id":"Q66631134","candidates":[]}],[{"start":0,"end":22,"url":null,"entity_id":"Q15917122","candidates":[]}],[]],[[{"start":0,"end":8,"url":null,"entity_id":"Q66631129","candidates":[]}],[{"start":0,"end":22,"url":null,"entity_id":"Q15917122","candidates":[]}],[]],[[{"start":0,"end":9,"url":null,"entity_id":"Q66631127","candidates":[]}],[{"start":0,"end":22,"url":null,"entity_id":"Q15917122","candidates":[]}],[]],[[{"start":0,"end":8,"url":null,"entity_id":"Q66631125","candidates":[]}],[{"start":0,"end":22,"url":null,"entity_id":"Q15917122","candidates":[]}],[]],[[{"start":0,"end":8,"url":null,"entity_id":"Q66631120","candidates":[]}],[{"start":0,"end":22,"url":null,"entity_id":"Q15917122","candidates":[]}],[]],[[{"start":0,"end":8,"url":null,"entity_id":"Q66631104","candidates":[]}],[{"start":0,"end":22,"url":null,"entity_id":"Q15917122","candidates":[]}],[]],[[{"start":0,"end":9,"url":null,"entity_id":"Q66631029","candidates":[]}],[{"start":0,"end":22,"url":null,"entity_id":"Q15917122","candidates":[]}],[]],[[{"start":0,"end":6,"url":null,"entity_id":"Q66630984","candidates":[]}],[{"start":0,"end":22,"url":null,"entity_id":"Q15917122","candidates":[]}],[]],[[{"start":0,"end":8,"url":null,"entity_id":"Q66613521","candidates":[]}],[{"start":0,"end":22,"url":null,"entity_id":"Q15917122","candidates":[]}],[]],[[{"start":0,"end":9,"url":null,"entity_id":"Q66477220","candidates":[]}],[{"start":0,"end":22,"url":null,"entity_id":"Q15917122","candidates":[]}],[]],[[{"start":0,"end":14,"url":null,"entity_id":"Q22329641","candidates":[]}],[{"start":0,"end":22,"url":null,"entity_id":"Q15917122","candidates":[]}],[]],[[{"start":0,"end":12,"url":null,"entity_id":"Q15964942","candidates":[]}],[{"start":0,"end":22,"url":null,"entity_id":"Q15917122","candidates":[]}],[]],[[{"start":0,"end":8,"url":null,"entity_id":"Q15901036","candidates":[]}],[{"start":0,"end":22,"url":null,"entity_id":"Q15917122","candidates":[]}],[]],[[{"start":0,"end":7,"url":null,"entity_id":"Q15881478","candidates":[]}],[{"start":0,"end":22,"url":null,"entity_id":"Q15917122","candidates":[]}],[]],[[{"start":0,"end":10,"url":null,"entity_id":"Q15868298","candidates":[]}],[{"start":0,"end":22,"url":null,"entity_id":"Q15917122","candidates":[]}],[]],[[{"start":0,"end":8,"url":null,"entity_id":"Q10850644","candidates":[]}],[{"start":0,"end":22,"url":null,"entity_id":"Q15917122","candidates":[]}],[]],[[{"start":0,"end":6,"url":null,"entity_id":"Q12068607","candidates":[]}],[{"start":0,"end":16,"url":null,"entity_id":"Q2903888","candidates":[]}],[]],[[{"start":0,"end":9,"url":null,"entity_id":"Q66631457","candidates":[]}],[{"start":0,"end":21,"url":null,"entity_id":"Q1457376","candidates":[]}],[]],[[{"start":0,"end":6,"url":null,"entity_id":"Q66548183","candidates":[]}],[{"start":0,"end":21,"url":null,"entity_id":"Q1457376","candidates":[]}],[]],[[{"start":0,"end":9,"url":null,"entity_id":"Q66531078","candidates":[]}],[{"start":0,"end":21,"url":null,"entity_id":"Q1457376","candidates":[]}],[]],[[{"start":0,"end":6,"url":null,"entity_id":"Q66491506","candidates":[]}],[{"start":0,"end":21,"url":null,"entity_id":"Q1457376","candidates":[]}],[]],[[{"start":0,"end":11,"url":null,"entity_id":"Q57242173","candidates":[]}],[{"start":0,"end":21,"url":null,"entity_id":"Q1457376","candidates":[]}],[]],[[{"start":0,"end":16,"url":null,"entity_id":"Q30595270","candidates":[]}],[{"start":0,"end":21,"url":null,"entity_id":"Q1457376","candidates":[]}],[]],[[{"start":0,"end":23,"url":null,"entity_id":"Q28735927","candidates":[]}],[{"start":0,"end":21,"url":null,"entity_id":"Q1457376","candidates":[]}],[]],[[{"start":0,"end":16,"url":null,"entity_id":"Q22086967","candidates":[]}],[{"start":0,"end":21,"url":null,"entity_id":"Q1457376","candidates":[]}],[]],[[{"start":0,"end":8,"url":null,"entity_id":"Q22086872","candidates":[]}],[{"start":0,"end":21,"url":null,"entity_id":"Q1457376","candidates":[]}],[]],[[{"start":0,"end":21,"url":null,"entity_id":"Q56737561","candidates":[]}],[{"start":0,"end":21,"url":null,"entity_id":"Q1407562","candidates":[]}],[]],[[{"start":0,"end":12,"url":null,"entity_id":"Q12064133","candidates":[]}],[{"start":0,"end":33,"url":null,"entity_id":"Q1141942","candidates":[]}],[]],[[{"start":0,"end":10,"url":null,"entity_id":"Q10850439","candidates":[]}],[{"start":0,"end":25,"url":null,"entity_id":"Q1054411","candidates":[]}],[]],[[{"start":0,"end":19,"url":null,"entity_id":"Q22086947","candidates":[]}],[{"start":0,"end":17,"url":null,"entity_id":"Q1044693","candidates":[]}],[]],[[{"start":0,"end":8,"url":null,"entity_id":"Q66613623","candidates":[]}],[{"start":0,"end":19,"url":null,"entity_id":"Q830831","candidates":[]}],[]],[[{"start":0,"end":8,"url":null,"entity_id":"Q66613611","candidates":[]}],[{"start":0,"end":19,"url":null,"entity_id":"Q830831","candidates":[]}],[]],[[{"start":0,"end":9,"url":null,"entity_id":"Q66491526","candidates":[]}],[{"start":0,"end":19,"url":null,"entity_id":"Q830831","candidates":[]}],[]],[[{"start":0,"end":8,"url":null,"entity_id":"Q15121019","candidates":[]}],[{"start":0,"end":19,"url":null,"entity_id":"Q830831","candidates":[]}],[]],[[{"start":0,"end":11,"url":null,"entity_id":"Q10910460","candidates":[]}],[{"start":0,"end":19,"url":null,"entity_id":"Q830831","candidates":[]}],[]],[[{"start":0,"end":10,"url":null,"entity_id":"Q37812520","candidates":[]}],[{"start":0,"end":20,"url":null,"entity_id":"Q797219","candidates":[]}],[]],[[{"start":0,"end":11,"url":null,"entity_id":"Q14567495","candidates":[]}],[{"start":0,"end":5,"url":null,"entity_id":"Q294562","candidates":[]}],[]],[[{"start":0,"end":8,"url":null,"entity_id":"Q14914799","candidates":[]}],[{"start":0,"end":10,"url":null,"entity_id":"Q244264","candidates":[]}],[]],[[{"start":0,"end":13,"url":null,"entity_id":"Q60754494","candidates":[]}],[{"start":0,"end":14,"url":null,"entity_id":"Q24452","candidates":[]}],[]]]}