{"version":"1.2","table":{"version":"2","table_id":"LB08MHHP","columns":[{"index":0,"name":"col0","values":["Sparks","Pistols 'n' Petticoats","Taina","Just Jordan","Sledge Hammer!","The Golden Palace","Mr. Belvedere","Freddie","The Larry Sanders Show","Night Court","Leave It to Beaver","Clarissa Explains It All","Ugly Americans","Blossom","Mister Terrific","Andy Barker, P.I.","Malcolm in the Middle","Empty Nest","Futurama","South Park"]},{"index":1,"name":"col1","values":["23","30","23","22","22","25","22","20","25","25","30","25","21","23","25","20","21","25","22","22"]},{"index":2,"name":"col2","values":["40","26","26","29","41","24","117","22","89","193","234","65","31","114","17","6","151","170","140","298"]}]},"context":{"page_title":null,"page_url":null,"page_entity_id":null,"content_hierarchy":[]},"links":[[[{"start":0,"end":6,"url":null,"entity_id":"Q2307848","candidates":[]}],[],[]],[[{"start":0,"end":22,"url":null,"entity_id":"Q2097078","candidates":[]}],[],[]],[[{"start":0,"end":5,"url":null,"entity_id":"Q2062626","candidates":[]}],[],[]],[[{"start":0,"end":11,"url":null,"entity_id":"Q1714110","candidates":[]}],[],[]],[[{"start":0,"end":14,"url":null,"entity_id":"Q1570057","candidates":[]}],[],[]],[[{"start":0,"end":17,"url":null,"entity_id":"Q1535022","candidates":[]}],[],[]],[[{"start":0,"end":13,"url":null,"entity_id":"Q1520770","candidates":[]}],[],[]],[[{"start":0,"end":7,"url":null,"entity_id":"Q1452588","candidates":[]}],[],[]],[[{"start":0,"end":22,"url":null,"entity_id":"Q1248938","candidates":[]}],[],[]],[[{"start":0,"end":11,"url":null,"entity_id":"Q1248182","candidates":[]}],[],[]],[[{"start":0,"end":18,"url":null,"entity_id":"Q1247688","candidates":[]}],[],[]],[[{"start":0,"end":24,"url":null,"entity_id":"Q1095618","candidates":[]}],[],[]],[[{"start":0,"end":14,"url":null,"entity_id":"Q1004381","candidates":[]}],[],[]],[[{"start":0,"end":7,"url":null,"entity_id":"Q885450","candidates":[]}],[],[]],[[{"start":0,"end":15,"url":null,"entity_id":"Q788880","candidates":[]}],[],[]],[[{"start":0,"end":17,"url":null,"entity_id":"Q525261","candidates":[]}],[],[]],[[{"start":0,"end":21,"url":null,"entity_id":"Q242596","candidates":[]}],[],[]],[[{"start":0,"end":10,"url":null,"entity_id":"Q130346","candidates":[]}],[],[]],[[{"start":0,"end":8,"url":null,"entity_id":"Q73622","candidates":[]}],[],[]],[[{"start":0,"end":10,"url":null,"entity_id":"Q16538","candidates":[]}],[],[]]]}