{"version":"1.2","table":{"version":"2","table_id":"LCPAC3BX","columns":[{"index":0,"name":"col0","values":["Neko Jump","RyanDan","Alessi Brothers","Evan and Jaron","Kossoy Sisters","The Veronicas","The Proclaimers","Tegan and Sara","Nemesis","Caleb and Sol","Brit & Alex","Samanda","The Peanuts","The Tolmachevy Twins","The Cheeky Girls","Jedward","Laze & Royal","P-Square","Katona Twins","Lijadu Sisters"]},{"index":1,"name":"col1","values":["Thai pop music","crossover","pop rock","pop rock","folk music","new wave","folk rock","indie rock","pop music","pop music","pop music","pop music","pop music","pop music","pop music","pop music","hip hop music","hip hop music","classical music","jazz"]},{"index":2,"name":"col2","values":["2006-01-01","2006-01-01","1976-01-01","1994-01-01","1956-01-01","2004-01-01","1983-01-01","1995-01-01","2001-01-01","2008-01-01","2002-01-01","2007-01-01","1958-01-01","2006-01-01","2002-01-01","2009-01-01","2006-01-01","2003-01-01","1990-01-01","1965-01-01"]}]},"context":{"page_title":null,"page_url":null,"page_entity_id":null,"content_hierarchy":[]},"links":[[[{"start":0,"end":9,"url":null,"entity_id":"Q3124109","candidates":[]}],[{"start":0,"end":14,"url":null,"entity_id":"Q3328764","candidates":[]}],[]],[[{"start":0,"end":7,"url":null,"entity_id":"Q1814837","candidates":[]}],[{"start":0,"end":9,"url":null,"entity_id":"Q504635","candidates":[]}],[]],[[{"start":0,"end":15,"url":null,"entity_id":"Q2599030","candidates":[]}],[{"start":0,"end":8,"url":null,"entity_id":"Q484641","candidates":[]}],[]],[[{"start":0,"end":14,"url":null,"entity_id":"Q1379687","candidates":[]}],[{"start":0,"end":8,"url":null,"entity_id":"Q484641","candidates":[]}],[]],[[{"start":0,"end":14,"url":null,"entity_id":"Q6433430","candidates":[]}],[{"start":0,"end":10,"url":null,"entity_id":"Q235858","candidates":[]}],[]],[[{"start":0,"end":13,"url":null,"entity_id":"Q721992","candidates":[]}],[{"start":0,"end":8,"url":null,"entity_id":"Q187760","candidates":[]}],[]],[[{"start":0,"end":15,"url":null,"entity_id":"Q289622","candidates":[]}],[{"start":0,"end":9,"url":null,"entity_id":"Q186472","candidates":[]}],[]],[[{"start":0,"end":14,"url":null,"entity_id":"Q734756","candidates":[]}],[{"start":0,"end":10,"url":null,"entity_id":"Q183504","candidates":[]}],[]],[[{"start":0,"end":7,"url":null,"entity_id":"Q6991127","candidates":[]}],[{"start":0,"end":9,"url":null,"entity_id":"Q37073","candidates":[]}],[]],[[{"start":0,"end":13,"url":null,"entity_id":"Q5019329","candidates":[]}],[{"start":0,"end":9,"url":null,"entity_id":"Q37073","candidates":[]}],[]],[[{"start":0,"end":11,"url":null,"entity_id":"Q4035424","candidates":[]}],[{"start":0,"end":9,"url":null,"entity_id":"Q37073","candidates":[]}],[]],[[{"start":0,"end":7,"url":null,"entity_id":"Q2216752","candidates":[]}],[{"start":0,"end":9,"url":null,"entity_id":"Q37073","candidates":[]}],[]],[[{"start":0,"end":11,"url":null,"entity_id":"Q1580276","candidates":[]}],[{"start":0,"end":9,"url":null,"entity_id":"Q37073","candidates":[]}],[]],[[{"start":0,"end":20,"url":null,"entity_id":"Q1140101","candidates":[]}],[{"start":0,"end":9,"url":null,"entity_id":"Q37073","candidates":[]}],[]],[[{"start":0,"end":16,"url":null,"entity_id":"Q432119","candidates":[]}],[{"start":0,"end":9,"url":null,"entity_id":"Q37073","candidates":[]}],[]],[[{"start":0,"end":7,"url":null,"entity_id":"Q201811","candidates":[]}],[{"start":0,"end":9,"url":null,"entity_id":"Q37073","candidates":[]}],[]],[[{"start":0,"end":12,"url":null,"entity_id":"Q6505952","candidates":[]}],[{"start":0,"end":13,"url":null,"entity_id":"Q11401","candidates":[]}],[]],[[{"start":0,"end":8,"url":null,"entity_id":"Q1582829","candidates":[]}],[{"start":0,"end":13,"url":null,"entity_id":"Q11401","candidates":[]}],[]],[[{"start":0,"end":12,"url":null,"entity_id":"Q937615","candidates":[]}],[{"start":0,"end":15,"url":null,"entity_id":"Q9730","candidates":[]}],[]],[[{"start":0,"end":14,"url":null,"entity_id":"Q6546993","candidates":[]}],[{"start":0,"end":4,"url":null,"entity_id":"Q8341","candidates":[]}],[]]]}