{"version":"1.2","table":{"version":"2","table_id":"LDA5LDP6","columns":[{"index":0,"name":"col0","values":["Israeli Premier Leage","Serblan SuperLiga","Ukraiian Premier League","Football Superleague of Kosqvo","Suphr League Greece","Premier League of Bosnia anf Herzegovina","Kazakhsan Premier League","Luxembourg National Diviion","Czech\"Flrst League","ChineseSuper League","Lia I","Veikkauslkiga","Moldovan Nctional Division","Czhch 2. Liga","Uzekistan Super League","DFR-Oberliga","Azerbaijan Prenier League","Belgian First DivisionA","Slovak Super Ligc","A Lyg"]},{"index":1,"name":"col1","values":["14.084","16.128","15.904","12.035999999999998","16.0","15.968","11.988","14.112","15.872","16.128","17.964","12.072","12.120000000000001","15.904","12.084","14.097999999999999","12.0","15.872","11.892","5.994"]},{"index":2,"name":"col2","values":["Israel","Serbia","Ukraine","Kosovo","Greece","Bosnia and Herzegovina","Kazakhstan","Luxembourg","Czech Republic","People's Republic of China","Romania","Finland","Moldova","Czech Republic","Uzbekistan","German Democratic Republic","Azerbaijan","Belgium","Slovakia","Lithuania"]},{"index":3,"name":"col3","values":["Liga Leumit","Serbian First League","Ukrainian First League","First League","Stoiximan.gr Football League","First League of the Federation of Bosnia and Herzegovina","Kazakhstan First Division","Luxembourg Division of Honour","Czech 2. Liga","China League One","Liga II","Ykkönen","Moldovan \"A\" Division","Bohemian Football League","Uzbekistan Pro League","DDR-Liga","Azerbaijan First Division","Belgian Second Division","2. Liga","First League"]},{"index":4,"name":"col4","values":["men's association football","men's association football","men's association football","men's association football","men's association football","men's association football","men's association football","men's association football","men's association football","men's association football","men's association football","men's association football","men's association football","men's association football","men's association football","men's association football","men's association football","men's association football","men's association football","men's association football"]}]},"context":{"page_title":null,"page_url":null,"page_entity_id":null,"content_hierarchy":[]},"links":[[[{"start":0,"end":21,"url":null,"entity_id":"Q477309","candidates":[]}],[],[{"start":0,"end":6,"url":null,"entity_id":"Q801","candidates":[]}],[{"start":0,"end":11,"url":null,"entity_id":"Q1824581","candidates":[]}],[{"start":0,"end":26,"url":null,"entity_id":"Q35554451","candidates":[]}]],[[{"start":0,"end":17,"url":null,"entity_id":"Q235307","candidates":[]}],[],[{"start":0,"end":6,"url":null,"entity_id":"Q403","candidates":[]}],[{"start":0,"end":20,"url":null,"entity_id":"Q1813595","candidates":[]}],[{"start":0,"end":26,"url":null,"entity_id":"Q35554451","candidates":[]}]],[[{"start":0,"end":23,"url":null,"entity_id":"Q206073","candidates":[]}],[],[{"start":0,"end":7,"url":null,"entity_id":"Q212","candidates":[]}],[{"start":0,"end":22,"url":null,"entity_id":"Q1561244","candidates":[]}],[{"start":0,"end":26,"url":null,"entity_id":"Q35554451","candidates":[]}]],[[{"start":0,"end":30,"url":null,"entity_id":"Q978160","candidates":[]}],[],[{"start":0,"end":6,"url":null,"entity_id":"Q1246","candidates":[]}],[{"start":0,"end":12,"url":null,"entity_id":"Q1549827","candidates":[]}],[{"start":0,"end":26,"url":null,"entity_id":"Q35554451","candidates":[]}]],[[{"start":0,"end":19,"url":null,"entity_id":"Q235114","candidates":[]}],[],[{"start":0,"end":6,"url":null,"entity_id":"Q41","candidates":[]}],[{"start":0,"end":28,"url":null,"entity_id":"Q1421208","candidates":[]}],[{"start":0,"end":26,"url":null,"entity_id":"Q35554451","candidates":[]}]],[[{"start":0,"end":40,"url":null,"entity_id":"Q391006","candidates":[]}],[],[{"start":0,"end":22,"url":null,"entity_id":"Q225","candidates":[]}],[{"start":0,"end":56,"url":null,"entity_id":"Q1361966","candidates":[]}],[{"start":0,"end":26,"url":null,"entity_id":"Q35554451","candidates":[]}]],[[{"start":0,"end":24,"url":null,"entity_id":"Q326422","candidates":[]}],[],[{"start":0,"end":10,"url":null,"entity_id":"Q232","candidates":[]}],[{"start":0,"end":25,"url":null,"entity_id":"Q1361963","candidates":[]}],[{"start":0,"end":26,"url":null,"entity_id":"Q35554451","candidates":[]}]],[[{"start":0,"end":27,"url":null,"entity_id":"Q245252","candidates":[]}],[],[{"start":0,"end":10,"url":null,"entity_id":"Q32","candidates":[]}],[{"start":0,"end":29,"url":null,"entity_id":"Q1300490","candidates":[]}],[{"start":0,"end":26,"url":null,"entity_id":"Q35554451","candidates":[]}]],[[{"start":0,"end":18,"url":null,"entity_id":"Q217016","candidates":[]}],[],[{"start":0,"end":14,"url":null,"entity_id":"Q213","candidates":[]}],[{"start":0,"end":13,"url":null,"entity_id":"Q1261184","candidates":[]}],[{"start":0,"end":26,"url":null,"entity_id":"Q35554451","candidates":[]}]],[[{"start":0,"end":19,"url":null,"entity_id":"Q209318","candidates":[]}],[],[{"start":0,"end":26,"url":null,"entity_id":"Q148","candidates":[]}],[{"start":0,"end":16,"url":null,"entity_id":"Q1207912","candidates":[]}],[{"start":0,"end":26,"url":null,"entity_id":"Q35554451","candidates":[]}]],[[{"start":0,"end":5,"url":null,"entity_id":"Q237753","candidates":[]}],[],[{"start":0,"end":7,"url":null,"entity_id":"Q218","candidates":[]}],[{"start":0,"end":7,"url":null,"entity_id":"Q386384","candidates":[]}],[{"start":0,"end":26,"url":null,"entity_id":"Q35554451","candidates":[]}]],[[{"start":0,"end":13,"url":null,"entity_id":"Q220875","candidates":[]}],[],[{"start":0,"end":7,"url":null,"entity_id":"Q33","candidates":[]}],[{"start":0,"end":7,"url":null,"entity_id":"Q384536","candidates":[]}],[{"start":0,"end":26,"url":null,"entity_id":"Q35554451","candidates":[]}]],[[{"start":0,"end":26,"url":null,"entity_id":"Q384531","candidates":[]}],[],[{"start":0,"end":7,"url":null,"entity_id":"Q217","candidates":[]}],[{"start":0,"end":21,"url":null,"entity_id":"Q370184","candidates":[]}],[{"start":0,"end":26,"url":null,"entity_id":"Q35554451","candidates":[]}]],[[{"start":0,"end":13,"url":null,"entity_id":"Q1261184","candidates":[]}],[],[{"start":0,"end":14,"url":null,"entity_id":"Q213","candidates":[]}],[{"start":0,"end":24,"url":null,"entity_id":"Q341070","candidates":[]}],[{"start":0,"end":26,"url":null,"entity_id":"Q35554451","candidates":[]}]],[[{"start":0,"end":22,"url":null,"entity_id":"Q856855","candidates":[]}],[],[{"start":0,"end":10,"url":null,"entity_id":"Q265","candidates":[]}],[{"start":0,"end":21,"url":null,"entity_id":"Q304228","candidates":[]}],[{"start":0,"end":26,"url":null,"entity_id":"Q35554451","candidates":[]}]],[[{"start":0,"end":12,"url":null,"entity_id":"Q157553","candidates":[]}],[],[{"start":0,"end":26,"url":null,"entity_id":"Q16957","candidates":[]}],[{"start":0,"end":8,"url":null,"entity_id":"Q283009","candidates":[]}],[{"start":0,"end":26,"url":null,"entity_id":"Q35554451","candidates":[]}]],[[{"start":0,"end":25,"url":null,"entity_id":"Q326859","candidates":[]}],[],[{"start":0,"end":10,"url":null,"entity_id":"Q227","candidates":[]}],[{"start":0,"end":25,"url":null,"entity_id":"Q246175","candidates":[]}],[{"start":0,"end":26,"url":null,"entity_id":"Q35554451","candidates":[]}]],[[{"start":0,"end":23,"url":null,"entity_id":"Q216022","candidates":[]}],[],[{"start":0,"end":7,"url":null,"entity_id":"Q31","candidates":[]}],[{"start":0,"end":23,"url":null,"entity_id":"Q233199","candidates":[]}],[{"start":0,"end":26,"url":null,"entity_id":"Q35554451","candidates":[]}]],[[{"start":0,"end":17,"url":null,"entity_id":"Q238113","candidates":[]}],[],[{"start":0,"end":8,"url":null,"entity_id":"Q214","candidates":[]}],[{"start":0,"end":7,"url":null,"entity_id":"Q209946","candidates":[]}],[{"start":0,"end":26,"url":null,"entity_id":"Q35554451","candidates":[]}]],[[{"start":0,"end":5,"url":null,"entity_id":"Q275665","candidates":[]}],[],[{"start":0,"end":9,"url":null,"entity_id":"Q37","candidates":[]}],[{"start":0,"end":12,"url":null,"entity_id":"Q209008","candidates":[]}],[{"start":0,"end":26,"url":null,"entity_id":"Q35554451","candidates":[]}]]]}