{"version":"1.2","table":{"version":"2","table_id":"LDIHMRTW","columns":[{"index":0,"name":"col0","values":["Peugeot Type 125","Peugeot Type 19","Fiat 4 HP","Bristol 401","Mercedes-Benz W105","Wartburg 1.3","Fiat Phylla","Lagonda 2.6-Litre","Auto Union 1000 Sp","Opel Regent","Mercedes-Benz 500K","Hudson Jet","Autobianchi A111","Fiat 512","Wanderer W22","Wanderer W21","Simca 5","Fiat Zero","Rolls-Royce Twenty","ZIS-115"]},{"index":1,"name":"col1","values":["45","35","35","167","148","160","130.4","145.2","140","130","160","148","155","80","100","95","90","80","96","110"]},{"index":2,"name":"col2","values":["3650","2600","2300","4864","4680","4216","2995","4978","4170","5400","5150","4590","4020","4800","4500","4500","3220","3600","4521","6000"]},{"index":3,"name":"col3","values":["150","18","24","611","27845","152775","1","510","6644","25","689","35367","57144","2583","5355","4564","46472","2200","2940","1"]}]},"context":{"page_title":null,"page_url":null,"page_entity_id":null,"content_hierarchy":[]},"links":[[[{"start":0,"end":16,"url":null,"entity_id":"Q1539847","candidates":[]}],[],[],[]],[[{"start":0,"end":15,"url":null,"entity_id":"Q20826134","candidates":[]}],[],[],[]],[[{"start":0,"end":9,"url":null,"entity_id":"Q749810","candidates":[]}],[],[],[]],[[{"start":0,"end":11,"url":null,"entity_id":"Q14516279","candidates":[]}],[],[],[]],[[{"start":0,"end":18,"url":null,"entity_id":"Q6818152","candidates":[]}],[],[],[]],[[{"start":0,"end":12,"url":null,"entity_id":"Q3559613","candidates":[]}],[],[],[]],[[{"start":0,"end":11,"url":null,"entity_id":"Q3381838","candidates":[]}],[],[],[]],[[{"start":0,"end":17,"url":null,"entity_id":"Q2976998","candidates":[]}],[],[],[]],[[{"start":0,"end":18,"url":null,"entity_id":"Q2872504","candidates":[]}],[],[],[]],[[{"start":0,"end":11,"url":null,"entity_id":"Q2025232","candidates":[]}],[],[],[]],[[{"start":0,"end":18,"url":null,"entity_id":"Q1414494","candidates":[]}],[],[],[]],[[{"start":0,"end":10,"url":null,"entity_id":"Q942150","candidates":[]}],[],[],[]],[[{"start":0,"end":16,"url":null,"entity_id":"Q786116","candidates":[]}],[],[],[]],[[{"start":0,"end":8,"url":null,"entity_id":"Q2660605","candidates":[]}],[],[],[]],[[{"start":0,"end":12,"url":null,"entity_id":"Q2548013","candidates":[]}],[],[],[]],[[{"start":0,"end":12,"url":null,"entity_id":"Q2548009","candidates":[]}],[],[],[]],[[{"start":0,"end":7,"url":null,"entity_id":"Q2536465","candidates":[]}],[],[],[]],[[{"start":0,"end":9,"url":null,"entity_id":"Q2366363","candidates":[]}],[],[],[]],[[{"start":0,"end":18,"url":null,"entity_id":"Q2164317","candidates":[]}],[],[],[]],[[{"start":0,"end":7,"url":null,"entity_id":"Q2071708","candidates":[]}],[],[],[]]]}