{"version":"1.2","table":{"version":"2","table_id":"LDQ7ONMI","columns":[{"index":0,"name":"col0","values":["703 Great Western Road, Botanic Gardens, Mibble Palace","People'sPalace","Cuningham Huse","EstufaFria de Lisboa","Forcing Wall and Grehn house in eastern walled garden at Arley Hall","Greenhovse","The Palm Iouse","Vyon House Conservatory","Benmore House, Younger Botcnic Garden, The Fernery","Bute, Ascog, Ascoj Hall, Fernery","Former Breachacha Estate Former Grenhouse","Tfmperate House","Water\"Mily House","The Palm Huse","Villanueva Pavllion","Kurhauu Göggingen","greenhouse in Uniwersity of Helsinki Botanical Garden","Jewel Eox","Kasuen, Menthenberg","Conservatory f Flowers"]},{"index":1,"name":"col1","values":["United Kingdom","United Kingdom","New Zealand","Portugal","United Kingdom","New Zealand","Denmark","United Kingdom","United Kingdom","United Kingdom","United Kingdom","United Kingdom","United Kingdom","United Kingdom","Spain","Germany","Finland","United States of America","Netherlands","United States of America"]},{"index":2,"name":"col2","values":["category A listed building","category A listed building","NZHPT Category II listing","Included in protected site","Grade II listed building","NZHPT Category II listing","monument on Kulturstyrelsen register","Grade I listed building","category B listed building","category B listed building","category C listed building","Grade I listed building","Grade II listed building","Grade I listed building","Bien de Interés Cultural","architectural heritage monument in Bavaria","building protected by Decree 480/85 in Finland","place listed on the National Register of Historic Places","Rijksmonument","place listed on the National Register of Historic Places"]},{"index":3,"name":"col3","values":["Glasgow City","Glasgow City","Christchurch City","Avenidas Novas (Lisbon)","Aston by Budworth","Waitaki District","Copenhagen Municipality","London Borough of Hounslow","Argyll and Bute","Argyll and Bute","Coll","Kew Gardens","London Borough of Richmond upon Thames","London Borough of Richmond upon Thames","Madrid","Augsburg","Helsinki","Missouri","Arnhem","San Francisco"]}]},"context":{"page_title":null,"page_url":null,"page_entity_id":null,"content_hierarchy":[]},"links":[[[{"start":0,"end":54,"url":null,"entity_id":"Q17578265","candidates":[]}],[{"start":0,"end":14,"url":null,"entity_id":"Q145","candidates":[]}],[{"start":0,"end":26,"url":null,"entity_id":"Q10729054","candidates":[]}],[{"start":0,"end":12,"url":null,"entity_id":"Q55934339","candidates":[]}]],[[{"start":0,"end":14,"url":null,"entity_id":"Q7165644","candidates":[]}],[{"start":0,"end":14,"url":null,"entity_id":"Q145","candidates":[]}],[{"start":0,"end":26,"url":null,"entity_id":"Q10729054","candidates":[]}],[{"start":0,"end":12,"url":null,"entity_id":"Q55934339","candidates":[]}]],[[{"start":0,"end":14,"url":null,"entity_id":"Q77504907","candidates":[]}],[{"start":0,"end":11,"url":null,"entity_id":"Q664","candidates":[]}],[{"start":0,"end":25,"url":null,"entity_id":"Q28822545","candidates":[]}],[{"start":0,"end":17,"url":null,"entity_id":"Q32159699","candidates":[]}]],[[{"start":0,"end":20,"url":null,"entity_id":"Q8843624","candidates":[]}],[{"start":0,"end":8,"url":null,"entity_id":"Q45","candidates":[]}],[{"start":0,"end":26,"url":null,"entity_id":"Q53806418","candidates":[]}],[{"start":0,"end":23,"url":null,"entity_id":"Q9640593","candidates":[]}]],[[{"start":0,"end":67,"url":null,"entity_id":"Q67993068","candidates":[]}],[{"start":0,"end":14,"url":null,"entity_id":"Q145","candidates":[]}],[{"start":0,"end":24,"url":null,"entity_id":"Q15700834","candidates":[]}],[{"start":0,"end":17,"url":null,"entity_id":"Q4811040","candidates":[]}]],[[{"start":0,"end":10,"url":null,"entity_id":"Q79301427","candidates":[]}],[{"start":0,"end":11,"url":null,"entity_id":"Q664","candidates":[]}],[{"start":0,"end":25,"url":null,"entity_id":"Q28822545","candidates":[]}],[{"start":0,"end":16,"url":null,"entity_id":"Q1760804","candidates":[]}]],[[{"start":0,"end":14,"url":null,"entity_id":"Q17344241","candidates":[]}],[{"start":0,"end":7,"url":null,"entity_id":"Q35","candidates":[]}],[{"start":0,"end":36,"url":null,"entity_id":"Q21436546","candidates":[]}],[{"start":0,"end":23,"url":null,"entity_id":"Q504125","candidates":[]}]],[[{"start":0,"end":23,"url":null,"entity_id":"Q17527839","candidates":[]}],[{"start":0,"end":14,"url":null,"entity_id":"Q145","candidates":[]}],[{"start":0,"end":23,"url":null,"entity_id":"Q15700818","candidates":[]}],[{"start":0,"end":26,"url":null,"entity_id":"Q214162","candidates":[]}]],[[{"start":0,"end":50,"url":null,"entity_id":"Q17776086","candidates":[]}],[{"start":0,"end":14,"url":null,"entity_id":"Q145","candidates":[]}],[{"start":0,"end":26,"url":null,"entity_id":"Q10729125","candidates":[]}],[{"start":0,"end":15,"url":null,"entity_id":"Q202174","candidates":[]}]],[[{"start":0,"end":32,"url":null,"entity_id":"Q17771430","candidates":[]}],[{"start":0,"end":14,"url":null,"entity_id":"Q145","candidates":[]}],[{"start":0,"end":26,"url":null,"entity_id":"Q10729125","candidates":[]}],[{"start":0,"end":15,"url":null,"entity_id":"Q202174","candidates":[]}]],[[{"start":0,"end":41,"url":null,"entity_id":"Q77780770","candidates":[]}],[{"start":0,"end":14,"url":null,"entity_id":"Q145","candidates":[]}],[{"start":0,"end":26,"url":null,"entity_id":"Q10729142","candidates":[]}],[{"start":0,"end":4,"url":null,"entity_id":"Q194451","candidates":[]}]],[[{"start":0,"end":15,"url":null,"entity_id":"Q7698324","candidates":[]}],[{"start":0,"end":14,"url":null,"entity_id":"Q145","candidates":[]}],[{"start":0,"end":23,"url":null,"entity_id":"Q15700818","candidates":[]}],[{"start":0,"end":11,"url":null,"entity_id":"Q188617","candidates":[]}]],[[{"start":0,"end":16,"url":null,"entity_id":"Q27082364","candidates":[]}],[{"start":0,"end":14,"url":null,"entity_id":"Q145","candidates":[]}],[{"start":0,"end":24,"url":null,"entity_id":"Q15700834","candidates":[]}],[{"start":0,"end":38,"url":null,"entity_id":"Q32515","candidates":[]}]],[[{"start":0,"end":13,"url":null,"entity_id":"Q17528039","candidates":[]}],[{"start":0,"end":14,"url":null,"entity_id":"Q145","candidates":[]}],[{"start":0,"end":23,"url":null,"entity_id":"Q15700818","candidates":[]}],[{"start":0,"end":38,"url":null,"entity_id":"Q32515","candidates":[]}]],[[{"start":0,"end":19,"url":null,"entity_id":"Q43166687","candidates":[]}],[{"start":0,"end":5,"url":null,"entity_id":"Q29","candidates":[]}],[{"start":0,"end":24,"url":null,"entity_id":"Q23712","candidates":[]}],[{"start":0,"end":6,"url":null,"entity_id":"Q2807","candidates":[]}]],[[{"start":0,"end":17,"url":null,"entity_id":"Q1793076","candidates":[]}],[{"start":0,"end":7,"url":null,"entity_id":"Q183","candidates":[]}],[{"start":0,"end":42,"url":null,"entity_id":"Q17297633","candidates":[]}],[{"start":0,"end":8,"url":null,"entity_id":"Q2749","candidates":[]}]],[[{"start":0,"end":53,"url":null,"entity_id":"Q55595842","candidates":[]}],[{"start":0,"end":7,"url":null,"entity_id":"Q33","candidates":[]}],[{"start":0,"end":46,"url":null,"entity_id":"Q54824229","candidates":[]}],[{"start":0,"end":8,"url":null,"entity_id":"Q1757","candidates":[]}]],[[{"start":0,"end":9,"url":null,"entity_id":"Q1688605","candidates":[]}],[{"start":0,"end":24,"url":null,"entity_id":"Q30","candidates":[]}],[{"start":0,"end":56,"url":null,"entity_id":"Q19558910","candidates":[]}],[{"start":0,"end":8,"url":null,"entity_id":"Q1581","candidates":[]}]],[[{"start":0,"end":19,"url":null,"entity_id":"Q17604963","candidates":[]}],[{"start":0,"end":11,"url":null,"entity_id":"Q55","candidates":[]}],[{"start":0,"end":13,"url":null,"entity_id":"Q916333","candidates":[]}],[{"start":0,"end":6,"url":null,"entity_id":"Q1310","candidates":[]}]],[[{"start":0,"end":22,"url":null,"entity_id":"Q5163145","candidates":[]}],[{"start":0,"end":24,"url":null,"entity_id":"Q30","candidates":[]}],[{"start":0,"end":56,"url":null,"entity_id":"Q19558910","candidates":[]}],[{"start":0,"end":13,"url":null,"entity_id":"Q62","candidates":[]}]]]}