{"version":"1.2","table":{"version":"2","table_id":"LDQGU0KT","columns":[{"index":0,"name":"col0","values":["Kamor","Hönig","Hohes Brett","Hochleckenkogel","Heukareck","Hartlspitz","Tagweidkopf","Grüne Köpfe","Grüblspitze","Gaislachkogel","Jakobshorn","Hochrappenkopf","Hochvernagtwand","Gedrechter","Ofterschwanger Horn","Fußstein","Hirschberg","Bolsterlanger Horn","Hafelekarspitze","Roter Kogel"]},{"index":1,"name":"col1","values":["0.6","0.6","0.63","0.52","0.53","0.53","0.6","0.6","0.6","0.6","0.53","0.6","0.58","0.55","0.6","0.6","0.6","0.6","0.53","0.63"]},{"index":2,"name":"col2","values":["1751","2034","2340","1691","2100","700","2408","1725","2395","3056","2590","2425","3400","2217","1406","3380","1500","1512","2334","2832"]}]},"context":{"page_title":null,"page_url":null,"page_entity_id":null,"content_hierarchy":[]},"links":[[[{"start":0,"end":5,"url":null,"entity_id":"Q1723237","candidates":[]}],[],[]],[[{"start":0,"end":5,"url":null,"entity_id":"Q1644180","candidates":[]}],[],[]],[[{"start":0,"end":11,"url":null,"entity_id":"Q1623963","candidates":[]}],[],[]],[[{"start":0,"end":15,"url":null,"entity_id":"Q1621952","candidates":[]}],[],[]],[[{"start":0,"end":9,"url":null,"entity_id":"Q1616453","candidates":[]}],[],[]],[[{"start":0,"end":10,"url":null,"entity_id":"Q1587239","candidates":[]}],[],[]],[[{"start":0,"end":11,"url":null,"entity_id":"Q1572429","candidates":[]}],[],[]],[[{"start":0,"end":11,"url":null,"entity_id":"Q1551942","candidates":[]}],[],[]],[[{"start":0,"end":11,"url":null,"entity_id":"Q1551757","candidates":[]}],[],[]],[[{"start":0,"end":13,"url":null,"entity_id":"Q1491381","candidates":[]}],[],[]],[[{"start":0,"end":10,"url":null,"entity_id":"Q1480696","candidates":[]}],[],[]],[[{"start":0,"end":14,"url":null,"entity_id":"Q1369114","candidates":[]}],[],[]],[[{"start":0,"end":15,"url":null,"entity_id":"Q1339688","candidates":[]}],[],[]],[[{"start":0,"end":10,"url":null,"entity_id":"Q1264470","candidates":[]}],[],[]],[[{"start":0,"end":19,"url":null,"entity_id":"Q1235054","candidates":[]}],[],[]],[[{"start":0,"end":8,"url":null,"entity_id":"Q1115155","candidates":[]}],[],[]],[[{"start":0,"end":10,"url":null,"entity_id":"Q993602","candidates":[]}],[],[]],[[{"start":0,"end":18,"url":null,"entity_id":"Q891604","candidates":[]}],[],[]],[[{"start":0,"end":15,"url":null,"entity_id":"Q875071","candidates":[]}],[],[]],[[{"start":0,"end":11,"url":null,"entity_id":"Q874355","candidates":[]}],[],[]]]}