{"version":"1.2","table":{"version":"2","table_id":"LJ7KJJNG","columns":[{"index":0,"name":"col0","values":["San Diego","Indianapolis","Chennai","Manila","Salem","Erode","Darwin","Gandhinagar","Belfast","Cardiff","Roxas","Tuguegarao","Malolos","Halifax","Edmonton","Winnipeg","Ottawa","Dublin","Rajkot","Mysore"]},{"index":1,"name":"col1","values":["San Diego","Indianapolis","Madras","City of Manila","Salem","Erode","Darwin","Gandhinagar","Belfast","Cardiff","City of Roxas","City of Tuguegarao","City of Malolos","Halifax Regional Municipality","City of Edmonton","City of Winnipeg","City of Ottawa","Dublin","Rājkot","Mysuru"]},{"index":2,"name":"col2","values":["San Diego County","Indiana","Tamil Nadu","Philippines","Salem district","Erode district","Northern Territory","Gujarat","Northern Ireland","Wales","Capiz","Cagayan","Bulacan","Nova Scotia","Alberta","Manitoba","Canada","Ireland","Rajkot district","Kingdom of Mysore"]}]},"context":{"page_title":null,"page_url":null,"page_entity_id":null,"content_hierarchy":[]},"links":[[[{"start":0,"end":9,"url":null,"entity_id":"Q16552","candidates":[]}],[],[{"start":0,"end":16,"url":null,"entity_id":"Q108143","candidates":[]}]],[[{"start":0,"end":12,"url":null,"entity_id":"Q6346","candidates":[]}],[],[{"start":0,"end":7,"url":null,"entity_id":"Q1415","candidates":[]}]],[[{"start":0,"end":7,"url":null,"entity_id":"Q1352","candidates":[]}],[],[{"start":0,"end":10,"url":null,"entity_id":"Q1445","candidates":[]}]],[[{"start":0,"end":6,"url":null,"entity_id":"Q1461","candidates":[]}],[],[{"start":0,"end":11,"url":null,"entity_id":"Q928","candidates":[]}]],[[{"start":0,"end":5,"url":null,"entity_id":"Q9863","candidates":[]}],[],[{"start":0,"end":14,"url":null,"entity_id":"Q15192","candidates":[]}]],[[{"start":0,"end":5,"url":null,"entity_id":"Q9824","candidates":[]}],[],[{"start":0,"end":14,"url":null,"entity_id":"Q15155","candidates":[]}]],[[{"start":0,"end":6,"url":null,"entity_id":"Q11568","candidates":[]}],[],[{"start":0,"end":18,"url":null,"entity_id":"Q3235","candidates":[]}]],[[{"start":0,"end":11,"url":null,"entity_id":"Q11910","candidates":[]}],[],[{"start":0,"end":7,"url":null,"entity_id":"Q1061","candidates":[]}]],[[{"start":0,"end":7,"url":null,"entity_id":"Q10686","candidates":[]}],[],[{"start":0,"end":16,"url":null,"entity_id":"Q26","candidates":[]}]],[[{"start":0,"end":7,"url":null,"entity_id":"Q10690","candidates":[]}],[],[{"start":0,"end":5,"url":null,"entity_id":"Q25","candidates":[]}]],[[{"start":0,"end":5,"url":null,"entity_id":"Q2209","candidates":[]}],[],[{"start":0,"end":5,"url":null,"entity_id":"Q13772","candidates":[]}]],[[{"start":0,"end":10,"url":null,"entity_id":"Q2200","candidates":[]}],[],[{"start":0,"end":7,"url":null,"entity_id":"Q13759","candidates":[]}]],[[{"start":0,"end":7,"url":null,"entity_id":"Q2180","candidates":[]}],[],[{"start":0,"end":7,"url":null,"entity_id":"Q13755","candidates":[]}]],[[{"start":0,"end":7,"url":null,"entity_id":"Q2141","candidates":[]}],[],[{"start":0,"end":11,"url":null,"entity_id":"Q1952","candidates":[]}]],[[{"start":0,"end":8,"url":null,"entity_id":"Q2096","candidates":[]}],[],[{"start":0,"end":7,"url":null,"entity_id":"Q1951","candidates":[]}]],[[{"start":0,"end":8,"url":null,"entity_id":"Q2135","candidates":[]}],[],[{"start":0,"end":8,"url":null,"entity_id":"Q1948","candidates":[]}]],[[{"start":0,"end":6,"url":null,"entity_id":"Q1930","candidates":[]}],[],[{"start":0,"end":6,"url":null,"entity_id":"Q16","candidates":[]}]],[[{"start":0,"end":6,"url":null,"entity_id":"Q1761","candidates":[]}],[],[{"start":0,"end":7,"url":null,"entity_id":"Q27","candidates":[]}]],[[{"start":0,"end":6,"url":null,"entity_id":"Q11854","candidates":[]}],[],[{"start":0,"end":15,"url":null,"entity_id":"Q1815245","candidates":[]}]],[[{"start":0,"end":6,"url":null,"entity_id":"Q10086","candidates":[]}],[],[{"start":0,"end":17,"url":null,"entity_id":"Q266923","candidates":[]}]]]}