{"version":"1.2","table":{"version":"2","table_id":"LK1EEW57","columns":[{"index":0,"name":"col0","values":["Khobar Towers bombing","Sterling Hall bombing","Church Street bombing","Miami Showband killings","Orly Airport attack","Warrington bomb attacks","La Mon restaurant bombing","Guildford pub bombings","Hyde Park and Regent's Park bombings","18 July 2012 Damascus bombing","Explosion in Leontief Lane","Oktoberfest terror attack","Weiterstadt prison bombing","Bologna massacre","sinking of the Rainbow Warrior","assassination of Archeduke Franz Ferdinand of Austria","Cafetería Rolando bombing","2009 Burgos bombing","2006 Madrid-Barajas Airport bombing","1991 Vic bombing"]},{"index":1,"name":"col1","values":["Hezbollah Al-Hejaz","David Fine","Umkhonto We Sizwe","Ulster Defence Regiment","Armenian Secret Army for the Liberation of Armenia","Provisional Irish Republican Army","Provisional Irish Republican Army","Provisional Irish Republican Army","Provisional Irish Republican Army","Dawoud Rajiha","Nikolai Bukharin","Gundolf Köhler","Red Army Faction","Armed Revolutionary Nuclei","Greenpeace","Archduke Franz Ferdinand","Euskadi Ta Askatasuna","Euskadi Ta Askatasuna","Euskadi Ta Askatasuna","Euskadi Ta Askatasuna"]},{"index":2,"name":"col2","values":["20","1","19","5","8","2","12","5","7","4","12","13","0","85","1","2","13","0","2","10"]}]},"context":{"page_title":null,"page_url":null,"page_entity_id":null,"content_hierarchy":[]},"links":[[[{"start":0,"end":21,"url":null,"entity_id":"Q2869983","candidates":[]}],[{"start":0,"end":18,"url":null,"entity_id":"Q15081016","candidates":[]}],[]],[[{"start":0,"end":21,"url":null,"entity_id":"Q1879847","candidates":[]}],[{"start":0,"end":10,"url":null,"entity_id":"Q5233644","candidates":[]}],[]],[[{"start":0,"end":21,"url":null,"entity_id":"Q2869958","candidates":[]}],[{"start":0,"end":17,"url":null,"entity_id":"Q1136236","candidates":[]}],[]],[[{"start":0,"end":23,"url":null,"entity_id":"Q3777641","candidates":[]}],[{"start":0,"end":23,"url":null,"entity_id":"Q944523","candidates":[]}],[]],[[{"start":0,"end":19,"url":null,"entity_id":"Q2869976","candidates":[]}],[{"start":0,"end":50,"url":null,"entity_id":"Q720676","candidates":[]}],[]],[[{"start":0,"end":23,"url":null,"entity_id":"Q2870012","candidates":[]}],[{"start":0,"end":33,"url":null,"entity_id":"Q504628","candidates":[]}],[]],[[{"start":0,"end":25,"url":null,"entity_id":"Q2869988","candidates":[]}],[{"start":0,"end":33,"url":null,"entity_id":"Q504628","candidates":[]}],[]],[[{"start":0,"end":22,"url":null,"entity_id":"Q891879","candidates":[]}],[{"start":0,"end":33,"url":null,"entity_id":"Q504628","candidates":[]}],[]],[[{"start":0,"end":36,"url":null,"entity_id":"Q891869","candidates":[]}],[{"start":0,"end":33,"url":null,"entity_id":"Q504628","candidates":[]}],[]],[[{"start":0,"end":29,"url":null,"entity_id":"Q2869985","candidates":[]}],[{"start":0,"end":13,"url":null,"entity_id":"Q456977","candidates":[]}],[]],[[{"start":0,"end":26,"url":null,"entity_id":"Q4110390","candidates":[]}],[{"start":0,"end":16,"url":null,"entity_id":"Q186709","candidates":[]}],[]],[[{"start":0,"end":25,"url":null,"entity_id":"Q464048","candidates":[]}],[{"start":0,"end":14,"url":null,"entity_id":"Q122115","candidates":[]}],[]],[[{"start":0,"end":26,"url":null,"entity_id":"Q2313676","candidates":[]}],[{"start":0,"end":16,"url":null,"entity_id":"Q102734","candidates":[]}],[]],[[{"start":0,"end":16,"url":null,"entity_id":"Q569287","candidates":[]}],[{"start":0,"end":26,"url":null,"entity_id":"Q94739","candidates":[]}],[]],[[{"start":0,"end":30,"url":null,"entity_id":"Q460731","candidates":[]}],[{"start":0,"end":10,"url":null,"entity_id":"Q81307","candidates":[]}],[]],[[{"start":0,"end":53,"url":null,"entity_id":"Q192050","candidates":[]}],[{"start":0,"end":24,"url":null,"entity_id":"Q43063","candidates":[]}],[]],[[{"start":0,"end":25,"url":null,"entity_id":"Q4543417","candidates":[]}],[{"start":0,"end":21,"url":null,"entity_id":"Q42814","candidates":[]}],[]],[[{"start":0,"end":19,"url":null,"entity_id":"Q3825411","candidates":[]}],[{"start":0,"end":21,"url":null,"entity_id":"Q42814","candidates":[]}],[]],[[{"start":0,"end":35,"url":null,"entity_id":"Q3504543","candidates":[]}],[{"start":0,"end":21,"url":null,"entity_id":"Q42814","candidates":[]}],[]],[[{"start":0,"end":16,"url":null,"entity_id":"Q1442421","candidates":[]}],[{"start":0,"end":21,"url":null,"entity_id":"Q42814","candidates":[]}],[]]]}