{"version":"1.2","table":{"version":"2","table_id":"LK8CUFJR","columns":[{"index":0,"name":"col0","values":["BC Kyiv","BK VEF Rīga","BK Barons Kvartāls","BC Zepter Vienna","FC Bayern Munich (basketball)","Gloria Giants Düsseldorf","UBC Hannover","Panathinaikos B.C.","BC Astana","Astana Tigers","KK Zagreb","Chicago Sky","Gallitos de Isabela","Brose Baskets","BC Enisey","BC Krasnye Krylia","BC Nizhny Novgorod","BC Kondrashin Belov","S.L. Benfica","Telekom Baskets Bonn"]},{"index":1,"name":"col1","values":["Ukraine","Latvia","Latvia","Austria","Germany","Germany","Germany","Greece","Kazakhstan","Kazakhstan","Croatia","United States of America","United States of America","Germany","Russia","Russia","Russia","Russia","Portugal","Germany"]},{"index":2,"name":"col2","values":["Kyiv","Riga","Riga","Vienna","Munich","Düsseldorf","Hanover","Athens","Nur-Sultan","Nur-Sultan","Zagreb","Chicago","Puerto Rico","Bavaria","Krasnoyarsk","Samara","Nizhny Novgorod","Saint Petersburg","Lisbon","Bonn"]}]},"context":{"page_title":null,"page_url":null,"page_entity_id":null,"content_hierarchy":[]},"links":[[[{"start":0,"end":7,"url":null,"entity_id":"Q796189","candidates":[]}],[{"start":0,"end":7,"url":null,"entity_id":"Q212","candidates":[]}],[{"start":0,"end":4,"url":null,"entity_id":"Q1899","candidates":[]}]],[[{"start":0,"end":11,"url":null,"entity_id":"Q796201","candidates":[]}],[{"start":0,"end":6,"url":null,"entity_id":"Q211","candidates":[]}],[{"start":0,"end":4,"url":null,"entity_id":"Q1773","candidates":[]}]],[[{"start":0,"end":18,"url":null,"entity_id":"Q796164","candidates":[]}],[{"start":0,"end":6,"url":null,"entity_id":"Q211","candidates":[]}],[{"start":0,"end":4,"url":null,"entity_id":"Q1773","candidates":[]}]],[[{"start":0,"end":16,"url":null,"entity_id":"Q810271","candidates":[]}],[{"start":0,"end":7,"url":null,"entity_id":"Q40","candidates":[]}],[{"start":0,"end":6,"url":null,"entity_id":"Q1741","candidates":[]}]],[[{"start":0,"end":29,"url":null,"entity_id":"Q600149","candidates":[]}],[{"start":0,"end":7,"url":null,"entity_id":"Q183","candidates":[]}],[{"start":0,"end":6,"url":null,"entity_id":"Q1726","candidates":[]}]],[[{"start":0,"end":24,"url":null,"entity_id":"Q829899","candidates":[]}],[{"start":0,"end":7,"url":null,"entity_id":"Q183","candidates":[]}],[{"start":0,"end":10,"url":null,"entity_id":"Q1718","candidates":[]}]],[[{"start":0,"end":12,"url":null,"entity_id":"Q830860","candidates":[]}],[{"start":0,"end":7,"url":null,"entity_id":"Q183","candidates":[]}],[{"start":0,"end":7,"url":null,"entity_id":"Q1715","candidates":[]}]],[[{"start":0,"end":18,"url":null,"entity_id":"Q739287","candidates":[]}],[{"start":0,"end":6,"url":null,"entity_id":"Q41","candidates":[]}],[{"start":0,"end":6,"url":null,"entity_id":"Q1524","candidates":[]}]],[[{"start":0,"end":9,"url":null,"entity_id":"Q796152","candidates":[]}],[{"start":0,"end":10,"url":null,"entity_id":"Q232","candidates":[]}],[{"start":0,"end":10,"url":null,"entity_id":"Q1520","candidates":[]}]],[[{"start":0,"end":13,"url":null,"entity_id":"Q746617","candidates":[]}],[{"start":0,"end":10,"url":null,"entity_id":"Q232","candidates":[]}],[{"start":0,"end":10,"url":null,"entity_id":"Q1520","candidates":[]}]],[[{"start":0,"end":9,"url":null,"entity_id":"Q656406","candidates":[]}],[{"start":0,"end":7,"url":null,"entity_id":"Q224","candidates":[]}],[{"start":0,"end":6,"url":null,"entity_id":"Q1435","candidates":[]}]],[[{"start":0,"end":11,"url":null,"entity_id":"Q796358","candidates":[]}],[{"start":0,"end":24,"url":null,"entity_id":"Q30","candidates":[]}],[{"start":0,"end":7,"url":null,"entity_id":"Q1297","candidates":[]}]],[[{"start":0,"end":19,"url":null,"entity_id":"Q607805","candidates":[]}],[{"start":0,"end":24,"url":null,"entity_id":"Q30","candidates":[]}],[{"start":0,"end":11,"url":null,"entity_id":"Q1183","candidates":[]}]],[[{"start":0,"end":13,"url":null,"entity_id":"Q700366","candidates":[]}],[{"start":0,"end":7,"url":null,"entity_id":"Q183","candidates":[]}],[{"start":0,"end":7,"url":null,"entity_id":"Q980","candidates":[]}]],[[{"start":0,"end":9,"url":null,"entity_id":"Q796180","candidates":[]}],[{"start":0,"end":6,"url":null,"entity_id":"Q159","candidates":[]}],[{"start":0,"end":11,"url":null,"entity_id":"Q919","candidates":[]}]],[[{"start":0,"end":17,"url":null,"entity_id":"Q660650","candidates":[]}],[{"start":0,"end":6,"url":null,"entity_id":"Q159","candidates":[]}],[{"start":0,"end":6,"url":null,"entity_id":"Q894","candidates":[]}]],[[{"start":0,"end":18,"url":null,"entity_id":"Q796195","candidates":[]}],[{"start":0,"end":6,"url":null,"entity_id":"Q159","candidates":[]}],[{"start":0,"end":15,"url":null,"entity_id":"Q891","candidates":[]}]],[[{"start":0,"end":19,"url":null,"entity_id":"Q796205","candidates":[]}],[{"start":0,"end":6,"url":null,"entity_id":"Q159","candidates":[]}],[{"start":0,"end":16,"url":null,"entity_id":"Q656","candidates":[]}]],[[{"start":0,"end":12,"url":null,"entity_id":"Q765125","candidates":[]}],[{"start":0,"end":8,"url":null,"entity_id":"Q45","candidates":[]}],[{"start":0,"end":6,"url":null,"entity_id":"Q597","candidates":[]}]],[[{"start":0,"end":20,"url":null,"entity_id":"Q704072","candidates":[]}],[{"start":0,"end":7,"url":null,"entity_id":"Q183","candidates":[]}],[{"start":0,"end":4,"url":null,"entity_id":"Q586","candidates":[]}]]]}