{"version":"1.2","table":{"version":"2","table_id":"LK9DFZ8D","columns":[{"index":0,"name":"col0","values":["Sleepers' Reign","Los Pekenikes","Los Payos","KARO NERO","Ranetki Girls","Honeymoan","Farewell Dear Ghost","Batten Showjo Tai","Tokimeki Sendenbu","Hepsi","Love Generation","Rock A Japonica","Pastoral Symphony","MBAND","Roberto Jacketti & The Scooters","Gradusy","Singing Together","The Four Preps","Teach-In","Blestyaschie"]},{"index":1,"name":"col1","values":["electronica","instrumental music","Latin pop","pop rock","pop rock","indie rock","indie rock","J-pop","J-pop","rhythm and blues","pop music","pop music","pop music","pop music","pop music","pop music","pop music","pop music","pop music","pop music"]},{"index":2,"name":"col2","values":["2010-01-01","1959-01-01","1968-01-01","2018-01-01","2005-01-01","2017-01-01","2010-01-01","2015-01-01","2015-01-01","2004-01-01","2010-01-01","2015-01-01","1968-01-01","2014-01-01","1980-01-01","2008-01-01","2002-01-01","1956-01-01","1970-01-01","1988-01-01"]}]},"context":{"page_title":null,"page_url":null,"page_entity_id":null,"content_hierarchy":[]},"links":[[[{"start":0,"end":15,"url":null,"entity_id":"Q28224888","candidates":[]}],[{"start":0,"end":11,"url":null,"entity_id":"Q817138","candidates":[]}],[]],[[{"start":0,"end":13,"url":null,"entity_id":"Q514470","candidates":[]}],[{"start":0,"end":18,"url":null,"entity_id":"Q639197","candidates":[]}],[]],[[{"start":0,"end":9,"url":null,"entity_id":"Q3394764","candidates":[]}],[{"start":0,"end":9,"url":null,"entity_id":"Q547137","candidates":[]}],[]],[[{"start":0,"end":9,"url":null,"entity_id":"Q60150755","candidates":[]}],[{"start":0,"end":8,"url":null,"entity_id":"Q484641","candidates":[]}],[]],[[{"start":0,"end":13,"url":null,"entity_id":"Q2476634","candidates":[]}],[{"start":0,"end":8,"url":null,"entity_id":"Q484641","candidates":[]}],[]],[[{"start":0,"end":9,"url":null,"entity_id":"Q66742564","candidates":[]}],[{"start":0,"end":10,"url":null,"entity_id":"Q183504","candidates":[]}],[]],[[{"start":0,"end":19,"url":null,"entity_id":"Q17123109","candidates":[]}],[{"start":0,"end":10,"url":null,"entity_id":"Q183504","candidates":[]}],[]],[[{"start":0,"end":17,"url":null,"entity_id":"Q24874336","candidates":[]}],[{"start":0,"end":5,"url":null,"entity_id":"Q131578","candidates":[]}],[]],[[{"start":0,"end":17,"url":null,"entity_id":"Q22130395","candidates":[]}],[{"start":0,"end":5,"url":null,"entity_id":"Q131578","candidates":[]}],[]],[[{"start":0,"end":5,"url":null,"entity_id":"Q1550871","candidates":[]}],[{"start":0,"end":16,"url":null,"entity_id":"Q45981","candidates":[]}],[]],[[{"start":0,"end":15,"url":null,"entity_id":"Q56299304","candidates":[]}],[{"start":0,"end":9,"url":null,"entity_id":"Q37073","candidates":[]}],[]],[[{"start":0,"end":15,"url":null,"entity_id":"Q24249939","candidates":[]}],[{"start":0,"end":9,"url":null,"entity_id":"Q37073","candidates":[]}],[]],[[{"start":0,"end":17,"url":null,"entity_id":"Q19963416","candidates":[]}],[{"start":0,"end":9,"url":null,"entity_id":"Q37073","candidates":[]}],[]],[[{"start":0,"end":5,"url":null,"entity_id":"Q18608315","candidates":[]}],[{"start":0,"end":9,"url":null,"entity_id":"Q37073","candidates":[]}],[]],[[{"start":0,"end":31,"url":null,"entity_id":"Q14282900","candidates":[]}],[{"start":0,"end":9,"url":null,"entity_id":"Q37073","candidates":[]}],[]],[[{"start":0,"end":7,"url":null,"entity_id":"Q4147471","candidates":[]}],[{"start":0,"end":9,"url":null,"entity_id":"Q37073","candidates":[]}],[]],[[{"start":0,"end":16,"url":null,"entity_id":"Q3393784","candidates":[]}],[{"start":0,"end":9,"url":null,"entity_id":"Q37073","candidates":[]}],[]],[[{"start":0,"end":14,"url":null,"entity_id":"Q2411477","candidates":[]}],[{"start":0,"end":9,"url":null,"entity_id":"Q37073","candidates":[]}],[]],[[{"start":0,"end":8,"url":null,"entity_id":"Q846517","candidates":[]}],[{"start":0,"end":9,"url":null,"entity_id":"Q37073","candidates":[]}],[]],[[{"start":0,"end":12,"url":null,"entity_id":"Q742400","candidates":[]}],[{"start":0,"end":9,"url":null,"entity_id":"Q37073","candidates":[]}],[]]]}