{"version":"1.2","table":{"version":"2","table_id":"LL5ZOLO0","columns":[{"index":0,"name":"col0","values":["10th arrondissement of Paris","17th arrondissement of Paris","12th arrondissement of Paris","11th arrondissement of Paris","14th arrondissement of Paris","15th arrondissement of Paris","13th arrondissement of Paris","1st arrondissement of Paris","16th arrondissement of Paris","18th arrondissement of Paris","5th arrondissement of Paris","3rd arrondissement of Paris","6th arrondissement of Paris","2nd arrondissement of Paris","20th arrondissement of Paris","19th arrondissement of Paris","4th arrondissement of Paris","7th arrondissement of Paris","9th arrondissement of Paris","8th arrondissement of Paris"]},{"index":1,"name":"col1","values":["373","498","508","584","516","887","642","97","664","746","262","174","194","107","597","851","120","239","238","243"]},{"index":2,"name":"col2","values":["90372","167288","140296","146643","135964","233392","182099","16266","166361","195233","58850","34115","41100","20900","195814","187015","28088","51367","59555","36808"]},{"index":3,"name":"col3","values":["France","France","France","France","France","France","France","France","France","France","France","France","France","France","France","France","France","France","France","France"]},{"index":4,"name":"col4","values":["2.89","5.67","6.38","3.67","5.62","8.5","7.15","1.83","7.91","6.01","2.54","1.17","2.15","0.99","5.98","6.79","1.6","4.09","2.18","3.88"]},{"index":5,"name":"col5","values":["Alexandra Cordebard","Geoffroy Boulard","Catherine Baratti-Elbaz","François Vauglin","Carine Petit","Philippe Goujon","Jérôme Coumet","Jean-François Legaret","Danièle Giazzi","Éric Lejoindre","Florence Berthout","Pierre Aidenbaum","Jean-Pierre Lecoq","Jacques Boutault","Frédérique Calandra","François Dagnaud","Christophe Girard","Rachida Dati","Delphine Bürkli","Jeanne d'Hauteserre"]}]},"context":{"page_title":null,"page_url":null,"page_entity_id":null,"content_hierarchy":[]},"links":[[[{"start":0,"end":28,"url":null,"entity_id":"Q163948","candidates":[]}],[],[],[{"start":0,"end":6,"url":null,"entity_id":"Q142","candidates":[]}],[],[{"start":0,"end":19,"url":null,"entity_id":"Q42571685","candidates":[]}]],[[{"start":0,"end":28,"url":null,"entity_id":"Q197297","candidates":[]}],[],[],[{"start":0,"end":6,"url":null,"entity_id":"Q142","candidates":[]}],[],[{"start":0,"end":16,"url":null,"entity_id":"Q33502274","candidates":[]}]],[[{"start":0,"end":28,"url":null,"entity_id":"Q171689","candidates":[]}],[],[],[{"start":0,"end":6,"url":null,"entity_id":"Q142","candidates":[]}],[],[{"start":0,"end":23,"url":null,"entity_id":"Q27062955","candidates":[]}]],[[{"start":0,"end":28,"url":null,"entity_id":"Q169293","candidates":[]}],[],[],[{"start":0,"end":6,"url":null,"entity_id":"Q142","candidates":[]}],[],[{"start":0,"end":16,"url":null,"entity_id":"Q26955636","candidates":[]}]],[[{"start":0,"end":28,"url":null,"entity_id":"Q187153","candidates":[]}],[],[],[{"start":0,"end":6,"url":null,"entity_id":"Q142","candidates":[]}],[],[{"start":0,"end":12,"url":null,"entity_id":"Q18744921","candidates":[]}]],[[{"start":0,"end":28,"url":null,"entity_id":"Q191066","candidates":[]}],[],[],[{"start":0,"end":6,"url":null,"entity_id":"Q142","candidates":[]}],[],[{"start":0,"end":15,"url":null,"entity_id":"Q3379945","candidates":[]}]],[[{"start":0,"end":28,"url":null,"entity_id":"Q175129","candidates":[]}],[],[],[{"start":0,"end":6,"url":null,"entity_id":"Q142","candidates":[]}],[],[{"start":0,"end":13,"url":null,"entity_id":"Q3190863","candidates":[]}]],[[{"start":0,"end":27,"url":null,"entity_id":"Q161741","candidates":[]}],[],[],[{"start":0,"end":6,"url":null,"entity_id":"Q142","candidates":[]}],[],[{"start":0,"end":21,"url":null,"entity_id":"Q3165734","candidates":[]}]],[[{"start":0,"end":28,"url":null,"entity_id":"Q194420","candidates":[]}],[],[],[{"start":0,"end":6,"url":null,"entity_id":"Q142","candidates":[]}],[],[{"start":0,"end":14,"url":null,"entity_id":"Q3015132","candidates":[]}]],[[{"start":0,"end":28,"url":null,"entity_id":"Q200126","candidates":[]}],[],[],[{"start":0,"end":6,"url":null,"entity_id":"Q142","candidates":[]}],[],[{"start":0,"end":14,"url":null,"entity_id":"Q27757892","candidates":[]}]],[[{"start":0,"end":27,"url":null,"entity_id":"Q238723","candidates":[]}],[],[],[{"start":0,"end":6,"url":null,"entity_id":"Q142","candidates":[]}],[],[{"start":0,"end":17,"url":null,"entity_id":"Q16864510","candidates":[]}]],[[{"start":0,"end":27,"url":null,"entity_id":"Q223140","candidates":[]}],[],[],[{"start":0,"end":6,"url":null,"entity_id":"Q142","candidates":[]}],[],[{"start":0,"end":16,"url":null,"entity_id":"Q3383650","candidates":[]}]],[[{"start":0,"end":27,"url":null,"entity_id":"Q245546","candidates":[]}],[],[],[{"start":0,"end":6,"url":null,"entity_id":"Q142","candidates":[]}],[],[{"start":0,"end":17,"url":null,"entity_id":"Q3169494","candidates":[]}]],[[{"start":0,"end":27,"url":null,"entity_id":"Q209549","candidates":[]}],[],[],[{"start":0,"end":6,"url":null,"entity_id":"Q142","candidates":[]}],[],[{"start":0,"end":16,"url":null,"entity_id":"Q3158369","candidates":[]}]],[[{"start":0,"end":28,"url":null,"entity_id":"Q210720","candidates":[]}],[],[],[{"start":0,"end":6,"url":null,"entity_id":"Q142","candidates":[]}],[],[{"start":0,"end":19,"url":null,"entity_id":"Q3090359","candidates":[]}]],[[{"start":0,"end":28,"url":null,"entity_id":"Q204622","candidates":[]}],[],[],[{"start":0,"end":6,"url":null,"entity_id":"Q142","candidates":[]}],[],[{"start":0,"end":16,"url":null,"entity_id":"Q3084344","candidates":[]}]],[[{"start":0,"end":27,"url":null,"entity_id":"Q230127","candidates":[]}],[],[],[{"start":0,"end":6,"url":null,"entity_id":"Q142","candidates":[]}],[],[{"start":0,"end":17,"url":null,"entity_id":"Q2966264","candidates":[]}]],[[{"start":0,"end":27,"url":null,"entity_id":"Q259463","candidates":[]}],[],[],[{"start":0,"end":6,"url":null,"entity_id":"Q142","candidates":[]}],[],[{"start":0,"end":12,"url":null,"entity_id":"Q27182","candidates":[]}]],[[{"start":0,"end":27,"url":null,"entity_id":"Q275118","candidates":[]}],[],[],[{"start":0,"end":6,"url":null,"entity_id":"Q142","candidates":[]}],[],[{"start":0,"end":15,"url":null,"entity_id":"Q18385017","candidates":[]}]],[[{"start":0,"end":27,"url":null,"entity_id":"Q270230","candidates":[]}],[],[],[{"start":0,"end":6,"url":null,"entity_id":"Q142","candidates":[]}],[],[{"start":0,"end":19,"url":null,"entity_id":"Q18214886","candidates":[]}]]]}