{"version":"1.2","table":{"version":"2","table_id":"LLC77IN4","columns":[{"index":0,"name":"col0","values":["String Quartet No. 1","String Quartet No. 2","Terra Memoria","String Quartet No. 1","Rondo in C minor","String Quartet","String Quartet No. 1","Grido","String Quartet","Madhares","String Quartet in D Major","String Quartet No. 2","String Quartet No. 6","String Quartet No. 1","Andante Festivo","String Quartet in D minor","Three Pieces for String Quartet","String Quartet No. 15","Quartettsatz","String Quartet No. 13"]},{"index":1,"name":"col1","values":["Jón Leifs","Jón Leifs","Kaija Saariaho","Arnold Schoenberg","Anton Bruckner","Gabriel Fauré","Alexander Mosolov","Helmut Lachenmann","Albert Roussel","Thomas Larcher","César Franck","Felix Mendelssohn","Felix Mendelssohn","Felix Mendelssohn","Jean Sibelius","Jean Sibelius","Igor Stravinsky","Franz Schubert","Franz Schubert","Antonín Dvořák"]},{"index":2,"name":"col2","values":["violin","violin","violin","violin","violin","string quartet","violin","violin","violin","violin","violin","violin","violin","violin","violin","violin","violin","violin","violin","violin"]}]},"context":{"page_title":null,"page_url":null,"page_entity_id":null,"content_hierarchy":[]},"links":[[[{"start":0,"end":20,"url":null,"entity_id":"Q18759463","candidates":[]}],[{"start":0,"end":9,"url":null,"entity_id":"Q523053","candidates":[]}],[{"start":0,"end":6,"url":null,"entity_id":"Q8355","candidates":[]}]],[[{"start":0,"end":20,"url":null,"entity_id":"Q18612693","candidates":[]}],[{"start":0,"end":9,"url":null,"entity_id":"Q523053","candidates":[]}],[{"start":0,"end":6,"url":null,"entity_id":"Q8355","candidates":[]}]],[[{"start":0,"end":13,"url":null,"entity_id":"Q29210259","candidates":[]}],[{"start":0,"end":14,"url":null,"entity_id":"Q241432","candidates":[]}],[{"start":0,"end":6,"url":null,"entity_id":"Q8355","candidates":[]}]],[[{"start":0,"end":20,"url":null,"entity_id":"Q20644489","candidates":[]}],[{"start":0,"end":17,"url":null,"entity_id":"Q154770","candidates":[]}],[{"start":0,"end":6,"url":null,"entity_id":"Q8355","candidates":[]}]],[[{"start":0,"end":16,"url":null,"entity_id":"Q18121432","candidates":[]}],[{"start":0,"end":14,"url":null,"entity_id":"Q81752","candidates":[]}],[{"start":0,"end":6,"url":null,"entity_id":"Q8355","candidates":[]}]],[[{"start":0,"end":14,"url":null,"entity_id":"Q3413749","candidates":[]}],[{"start":0,"end":13,"url":null,"entity_id":"Q104919","candidates":[]}],[{"start":0,"end":14,"url":null,"entity_id":"Q207338","candidates":[]}]],[[{"start":0,"end":20,"url":null,"entity_id":"Q2735779","candidates":[]}],[{"start":0,"end":17,"url":null,"entity_id":"Q918640","candidates":[]}],[{"start":0,"end":6,"url":null,"entity_id":"Q8355","candidates":[]}]],[[{"start":0,"end":5,"url":null,"entity_id":"Q2359763","candidates":[]}],[{"start":0,"end":17,"url":null,"entity_id":"Q549442","candidates":[]}],[{"start":0,"end":6,"url":null,"entity_id":"Q8355","candidates":[]}]],[[{"start":0,"end":14,"url":null,"entity_id":"Q3413761","candidates":[]}],[{"start":0,"end":14,"url":null,"entity_id":"Q313376","candidates":[]}],[{"start":0,"end":6,"url":null,"entity_id":"Q8355","candidates":[]}]],[[{"start":0,"end":8,"url":null,"entity_id":"Q2494097","candidates":[]}],[{"start":0,"end":14,"url":null,"entity_id":"Q85655","candidates":[]}],[{"start":0,"end":6,"url":null,"entity_id":"Q8355","candidates":[]}]],[[{"start":0,"end":25,"url":null,"entity_id":"Q3413748","candidates":[]}],[{"start":0,"end":12,"url":null,"entity_id":"Q50187","candidates":[]}],[{"start":0,"end":6,"url":null,"entity_id":"Q8355","candidates":[]}]],[[{"start":0,"end":20,"url":null,"entity_id":"Q3413722","candidates":[]}],[{"start":0,"end":17,"url":null,"entity_id":"Q46096","candidates":[]}],[{"start":0,"end":6,"url":null,"entity_id":"Q8355","candidates":[]}]],[[{"start":0,"end":20,"url":null,"entity_id":"Q3413720","candidates":[]}],[{"start":0,"end":17,"url":null,"entity_id":"Q46096","candidates":[]}],[{"start":0,"end":6,"url":null,"entity_id":"Q8355","candidates":[]}]],[[{"start":0,"end":20,"url":null,"entity_id":"Q3413716","candidates":[]}],[{"start":0,"end":17,"url":null,"entity_id":"Q46096","candidates":[]}],[{"start":0,"end":6,"url":null,"entity_id":"Q8355","candidates":[]}]],[[{"start":0,"end":15,"url":null,"entity_id":"Q3275057","candidates":[]}],[{"start":0,"end":13,"url":null,"entity_id":"Q45682","candidates":[]}],[{"start":0,"end":6,"url":null,"entity_id":"Q8355","candidates":[]}]],[[{"start":0,"end":25,"url":null,"entity_id":"Q3047130","candidates":[]}],[{"start":0,"end":13,"url":null,"entity_id":"Q45682","candidates":[]}],[{"start":0,"end":6,"url":null,"entity_id":"Q8355","candidates":[]}]],[[{"start":0,"end":31,"url":null,"entity_id":"Q2786924","candidates":[]}],[{"start":0,"end":15,"url":null,"entity_id":"Q7314","candidates":[]}],[{"start":0,"end":6,"url":null,"entity_id":"Q8355","candidates":[]}]],[[{"start":0,"end":21,"url":null,"entity_id":"Q3413774","candidates":[]}],[{"start":0,"end":14,"url":null,"entity_id":"Q7312","candidates":[]}],[{"start":0,"end":6,"url":null,"entity_id":"Q8355","candidates":[]}]],[[{"start":0,"end":12,"url":null,"entity_id":"Q3413020","candidates":[]}],[{"start":0,"end":14,"url":null,"entity_id":"Q7312","candidates":[]}],[{"start":0,"end":6,"url":null,"entity_id":"Q8355","candidates":[]}]],[[{"start":0,"end":21,"url":null,"entity_id":"Q2614872","candidates":[]}],[{"start":0,"end":14,"url":null,"entity_id":"Q7298","candidates":[]}],[{"start":0,"end":6,"url":null,"entity_id":"Q8355","candidates":[]}]]]}