{"version":"1.2","table":{"version":"2","table_id":"LLF8EPAQ","columns":[{"index":0,"name":"col0","values":["PGA National Golf Club","Real Club de la Puerta de Hierro","San Roque Club","K Club","Kasumigaseki Country Club","The National Golf Club of Canada","St. George's Golf and Country Club","Scarboro Golf and Country Club","Fox Harb'r Golf Resort & Spa","Brookside Golf Resort","Brantford Golf & Country Club","Bell Bay Golf Club","Angus Glen Golf Club","Rossmund Desert Golf Course","Royal Springs Golf Course, Srinagar","Ooty Golf Course","Glendower Golf Club","Woburn Golf and Country Club","Rennes Saint-Jacques golf","Golf Blue Green de Pléneuf Val André"]},{"index":1,"name":"col1","values":["72","72","72","72","71","71","71","71","72","72","72","72","72","72","72","72","72","72","72","72"]},{"index":2,"name":"col2","values":["United States of America","Spain","Spain","Ireland","Japan","Canada","Canada","Canada","Canada","Canada","Canada","Canada","Canada","Namibia","India","India","South Africa","United Kingdom","France","France"]}]},"context":{"page_title":null,"page_url":null,"page_entity_id":null,"content_hierarchy":[]},"links":[[[{"start":0,"end":22,"url":null,"entity_id":"Q385816","candidates":[]}],[],[{"start":0,"end":24,"url":null,"entity_id":"Q30","candidates":[]}]],[[{"start":0,"end":32,"url":null,"entity_id":"Q2222977","candidates":[]}],[],[{"start":0,"end":5,"url":null,"entity_id":"Q29","candidates":[]}]],[[{"start":0,"end":14,"url":null,"entity_id":"Q2010447","candidates":[]}],[],[{"start":0,"end":5,"url":null,"entity_id":"Q29","candidates":[]}]],[[{"start":0,"end":6,"url":null,"entity_id":"Q1464900","candidates":[]}],[],[{"start":0,"end":7,"url":null,"entity_id":"Q27","candidates":[]}]],[[{"start":0,"end":25,"url":null,"entity_id":"Q11660816","candidates":[]}],[],[{"start":0,"end":5,"url":null,"entity_id":"Q17","candidates":[]}]],[[{"start":0,"end":32,"url":null,"entity_id":"Q20713786","candidates":[]}],[],[{"start":0,"end":6,"url":null,"entity_id":"Q16","candidates":[]}]],[[{"start":0,"end":34,"url":null,"entity_id":"Q7588137","candidates":[]}],[],[{"start":0,"end":6,"url":null,"entity_id":"Q16","candidates":[]}]],[[{"start":0,"end":30,"url":null,"entity_id":"Q7430254","candidates":[]}],[],[{"start":0,"end":6,"url":null,"entity_id":"Q16","candidates":[]}]],[[{"start":0,"end":28,"url":null,"entity_id":"Q5476716","candidates":[]}],[],[{"start":0,"end":6,"url":null,"entity_id":"Q16","candidates":[]}]],[[{"start":0,"end":21,"url":null,"entity_id":"Q4975106","candidates":[]}],[],[{"start":0,"end":6,"url":null,"entity_id":"Q16","candidates":[]}]],[[{"start":0,"end":29,"url":null,"entity_id":"Q4957630","candidates":[]}],[],[{"start":0,"end":6,"url":null,"entity_id":"Q16","candidates":[]}]],[[{"start":0,"end":18,"url":null,"entity_id":"Q4883117","candidates":[]}],[],[{"start":0,"end":6,"url":null,"entity_id":"Q16","candidates":[]}]],[[{"start":0,"end":20,"url":null,"entity_id":"Q4764122","candidates":[]}],[],[{"start":0,"end":6,"url":null,"entity_id":"Q16","candidates":[]}]],[[{"start":0,"end":27,"url":null,"entity_id":"Q7369904","candidates":[]}],[],[{"start":0,"end":7,"url":null,"entity_id":"Q1030","candidates":[]}]],[[{"start":0,"end":35,"url":null,"entity_id":"Q7374868","candidates":[]}],[],[{"start":0,"end":5,"url":null,"entity_id":"Q668","candidates":[]}]],[[{"start":0,"end":16,"url":null,"entity_id":"Q7095459","candidates":[]}],[],[{"start":0,"end":5,"url":null,"entity_id":"Q668","candidates":[]}]],[[{"start":0,"end":19,"url":null,"entity_id":"Q15374388","candidates":[]}],[],[{"start":0,"end":12,"url":null,"entity_id":"Q258","candidates":[]}]],[[{"start":0,"end":28,"url":null,"entity_id":"Q8028973","candidates":[]}],[],[{"start":0,"end":14,"url":null,"entity_id":"Q145","candidates":[]}]],[[{"start":0,"end":25,"url":null,"entity_id":"Q52681274","candidates":[]}],[],[{"start":0,"end":6,"url":null,"entity_id":"Q142","candidates":[]}]],[[{"start":0,"end":36,"url":null,"entity_id":"Q15875815","candidates":[]}],[],[{"start":0,"end":6,"url":null,"entity_id":"Q142","candidates":[]}]]]}