{"version":"1.2","table":{"version":"2","table_id":"TM0YANKJ","columns":[{"index":0,"name":"col0","values":["1976 Vuelta a Colombia","1975 Vuelta a Colombia","1974 Vuelta a Colombia","1973 Vuelta a Colombia","1972 Vuelta a Colombia","1971 Vuelta a Colombia","1970 Vuelta a Colombia","1969 Vuelta a Colombia","1968 Vuelta a Colombia","1967 Vuelta a Colombia","1966 Vuelta a Colombia","1965 Vuelta a Colombia","1964 Vuelta a Colombia","1963 Vuelta a Colombia","1962 Vuelta a Colombia","1961 Vuelta a Colombia","1960 Vuelta a Colombia","2016 Vuelta a Colombia","1959 Vuelta a Colombia","1958 Vuelta a Colombia"]},{"index":1,"name":"col1","values":["63","68","80","75","90","64","68","54","68","55","57","62","56","49","38","39","47","105","27","35"]},{"index":2,"name":"col2","values":["1740","1660","1624","1529","1418","1699","1851","2478","2166","2611","2463","2385","2445","2310","2085","2249","1853","1742.8","1734","1747"]}]},"context":{"page_title":null,"page_url":null,"page_entity_id":null,"content_hierarchy":[]},"links":[[[{"start":0,"end":22,"url":null,"entity_id":"Q20803361","candidates":[]}],[],[]],[[{"start":0,"end":22,"url":null,"entity_id":"Q20803360","candidates":[]}],[],[]],[[{"start":0,"end":22,"url":null,"entity_id":"Q20803359","candidates":[]}],[],[]],[[{"start":0,"end":22,"url":null,"entity_id":"Q20803358","candidates":[]}],[],[]],[[{"start":0,"end":22,"url":null,"entity_id":"Q20803357","candidates":[]}],[],[]],[[{"start":0,"end":22,"url":null,"entity_id":"Q20803356","candidates":[]}],[],[]],[[{"start":0,"end":22,"url":null,"entity_id":"Q20803355","candidates":[]}],[],[]],[[{"start":0,"end":22,"url":null,"entity_id":"Q20803338","candidates":[]}],[],[]],[[{"start":0,"end":22,"url":null,"entity_id":"Q20803337","candidates":[]}],[],[]],[[{"start":0,"end":22,"url":null,"entity_id":"Q20803336","candidates":[]}],[],[]],[[{"start":0,"end":22,"url":null,"entity_id":"Q20803335","candidates":[]}],[],[]],[[{"start":0,"end":22,"url":null,"entity_id":"Q20803334","candidates":[]}],[],[]],[[{"start":0,"end":22,"url":null,"entity_id":"Q20803333","candidates":[]}],[],[]],[[{"start":0,"end":22,"url":null,"entity_id":"Q20803332","candidates":[]}],[],[]],[[{"start":0,"end":22,"url":null,"entity_id":"Q20803331","candidates":[]}],[],[]],[[{"start":0,"end":22,"url":null,"entity_id":"Q20803330","candidates":[]}],[],[]],[[{"start":0,"end":22,"url":null,"entity_id":"Q20803329","candidates":[]}],[],[]],[[{"start":0,"end":22,"url":null,"entity_id":"Q20754617","candidates":[]}],[],[]],[[{"start":0,"end":22,"url":null,"entity_id":"Q20726366","candidates":[]}],[],[]],[[{"start":0,"end":22,"url":null,"entity_id":"Q20726365","candidates":[]}],[],[]]]}