{"version":"1.2","table":{"version":"2","table_id":"TO0F0DFY","columns":[{"index":0,"name":"col0","values":["Mingechevir Hydro Power Rlant","Yacyrewá Dam","Kolyma Hydroelectic Sation","Robert-Borassa generating ttation","La Grande-1\"generating station","Chicoaséo Dam","Malpaso Ddm","Sato Grande Dam","Revelstoke Dao","Nußdorfweir and lock","Glen anyoq Dam","Uglich Hydoelectric Station","Zhiguli Hzdroelectrc Station","Rybins Hydroelectric Station","Saratoy Hydroelectric Station","Kraftwerk Augst/Wyilen","Usne hydroélectrique de Kembs","El Cajón\"Dam","Sơn La Da","Iniiernillo Dam"]},{"index":1,"name":"col1","values":["Kura River","Paraná River","Kolyma River","La Grande River","La Grande River","Grijalva River","Grijalva River","Uruguay River","Columbia River","Danube","Colorado River","Volga","Volga","Volga","Volga","Rhine","Rhine","Río Grande de Santiago","Black River","Balsas River"]},{"index":2,"name":"col2","values":["1954/01/01","1983/01/01","1982/01/01","1974/01/01","1989/01/01","1974/01/01","1958/01/01","1974/01/01","1977/01/01","1894/01/01","1957/01/01","1935/01/01","1959/01/01","1935/01/01","1956/01/01","1908/01/01","1928/01/01","2007/01/01","2005/01/01","1962/01/01"]},{"index":3,"name":"col3","values":["1560.85","64.61","676.17","2835.0","2.568496","582.248","481.92","2979.0","1636.52","49.440999999999995","474.05","311.86","2819.6","522.428","722.1","214.12","170.51","640.6399999999999","967.772","347.44"]}]},"context":{"page_title":null,"page_url":null,"page_entity_id":null,"content_hierarchy":[]},"links":[[[{"start":0,"end":29,"url":null,"entity_id":"Q2505221","candidates":[]}],[{"start":0,"end":10,"url":null,"entity_id":"Q156557","candidates":[]}],[],[]],[[{"start":0,"end":12,"url":null,"entity_id":"Q1432818","candidates":[]}],[{"start":0,"end":12,"url":null,"entity_id":"Q127892","candidates":[]}],[],[]],[[{"start":0,"end":26,"url":null,"entity_id":"Q1966221","candidates":[]}],[{"start":0,"end":12,"url":null,"entity_id":"Q78879","candidates":[]}],[],[]],[[{"start":0,"end":33,"url":null,"entity_id":"Q1456859","candidates":[]}],[{"start":0,"end":15,"url":null,"entity_id":"Q31379","candidates":[]}],[],[]],[[{"start":0,"end":30,"url":null,"entity_id":"Q1338919","candidates":[]}],[{"start":0,"end":15,"url":null,"entity_id":"Q31379","candidates":[]}],[],[]],[[{"start":0,"end":13,"url":null,"entity_id":"Q1435446","candidates":[]}],[{"start":0,"end":14,"url":null,"entity_id":"Q27035","candidates":[]}],[],[]],[[{"start":0,"end":11,"url":null,"entity_id":"Q1355023","candidates":[]}],[{"start":0,"end":14,"url":null,"entity_id":"Q27035","candidates":[]}],[],[]],[[{"start":0,"end":15,"url":null,"entity_id":"Q2116393","candidates":[]}],[{"start":0,"end":13,"url":null,"entity_id":"Q18278","candidates":[]}],[],[]],[[{"start":0,"end":14,"url":null,"entity_id":"Q1433635","candidates":[]}],[{"start":0,"end":14,"url":null,"entity_id":"Q2251","candidates":[]}],[],[]],[[{"start":0,"end":20,"url":null,"entity_id":"Q2005525","candidates":[]}],[{"start":0,"end":6,"url":null,"entity_id":"Q1653","candidates":[]}],[],[]],[[{"start":0,"end":14,"url":null,"entity_id":"Q1530724","candidates":[]}],[{"start":0,"end":14,"url":null,"entity_id":"Q1265","candidates":[]}],[],[]],[[{"start":0,"end":27,"url":null,"entity_id":"Q2268920","candidates":[]}],[{"start":0,"end":5,"url":null,"entity_id":"Q626","candidates":[]}],[],[]],[[{"start":0,"end":28,"url":null,"entity_id":"Q1965688","candidates":[]}],[{"start":0,"end":5,"url":null,"entity_id":"Q626","candidates":[]}],[],[]],[[{"start":0,"end":28,"url":null,"entity_id":"Q1964590","candidates":[]}],[{"start":0,"end":5,"url":null,"entity_id":"Q626","candidates":[]}],[],[]],[[{"start":0,"end":29,"url":null,"entity_id":"Q1542516","candidates":[]}],[{"start":0,"end":5,"url":null,"entity_id":"Q626","candidates":[]}],[],[]],[[{"start":0,"end":22,"url":null,"entity_id":"Q2334768","candidates":[]}],[{"start":0,"end":5,"url":null,"entity_id":"Q584","candidates":[]}],[],[]],[[{"start":0,"end":29,"url":null,"entity_id":"Q1786132","candidates":[]}],[{"start":0,"end":5,"url":null,"entity_id":"Q584","candidates":[]}],[],[]],[[{"start":0,"end":12,"url":null,"entity_id":"Q1323767","candidates":[]}],[{"start":0,"end":22,"url":null,"entity_id":"Q2302661","candidates":[]}],[],[]],[[{"start":0,"end":9,"url":null,"entity_id":"Q992482","candidates":[]}],[{"start":0,"end":11,"url":null,"entity_id":"Q1922260","candidates":[]}],[],[]],[[{"start":0,"end":15,"url":null,"entity_id":"Q655813","candidates":[]}],[{"start":0,"end":12,"url":null,"entity_id":"Q1129218","candidates":[]}],[],[]]]}