{"version":"1.2","table":{"version":"2","table_id":"TSS9TPVI","columns":[{"index":0,"name":"col0","values":["SBSS 1130+496","SDSS J085239.65+042804.4","SDSS J102448.83-002312.5","2QZ J102732.5-005441","2QZ J101911.5+000016","SDSS J074742.04+280945.6","SDSS J213516.29-003149.1","LAMOST J080006.17+325738.0","SDSS J122859.93+104032.9","WD 0942+021","CSS 41177","WD 0053-090","SDSS J142625.71+575218.3","LBQS 0018-0005","PB 5971","PB 5842","Wolf 1","PB 5879","PB 5990","PB 5823"]},{"index":1,"name":"col1","values":["10176","11060","10942","26236","12808","16352","40840","14393","23491","10857","21298","71388","50000","6898","26737","21566","9520","8812","9960","33894"]},{"index":2,"name":"col2","values":["49.378273489378","4.4679118940179","-0.3867574485918","-0.9111281676405","0.0046659922268","28.1627032727955","-0.5302959003172","32.9606637903505","10.675845525964","57.8824456110426","22.8256426843518","-8.7520072972474","57.8717372420085","0.185142958375","1.0200188898103","0.7067934946483","0.323495412688","0.7430277353509","0.2646451873763","1.0892772184796"]},{"index":3,"name":"col3","values":["0.00085","0","-0.00025","0.0002","0.0005","-0.00007","0.00008","0.00027","0.00018","1.0401","0.00024","-0.00004","0","0.00008","-0.0001","0.00024","0","0.0002","0.00029","-0.00026"]}]},"context":{"page_title":null,"page_url":null,"page_entity_id":null,"content_hierarchy":[]},"links":[[[{"start":0,"end":13,"url":null,"entity_id":"Q75052962","candidates":[]}],[],[],[]],[[{"start":0,"end":24,"url":null,"entity_id":"Q75009407","candidates":[]}],[],[],[]],[[{"start":0,"end":24,"url":null,"entity_id":"Q74961622","candidates":[]}],[],[],[]],[[{"start":0,"end":20,"url":null,"entity_id":"Q74960009","candidates":[]}],[],[],[]],[[{"start":0,"end":20,"url":null,"entity_id":"Q74958027","candidates":[]}],[],[],[]],[[{"start":0,"end":24,"url":null,"entity_id":"Q74920854","candidates":[]}],[],[],[]],[[{"start":0,"end":24,"url":null,"entity_id":"Q74920387","candidates":[]}],[],[],[]],[[{"start":0,"end":26,"url":null,"entity_id":"Q74920093","candidates":[]}],[],[],[]],[[{"start":0,"end":24,"url":null,"entity_id":"Q31888190","candidates":[]}],[],[],[]],[[{"start":0,"end":11,"url":null,"entity_id":"Q6165872","candidates":[]}],[],[],[]],[[{"start":0,"end":9,"url":null,"entity_id":"Q5737505","candidates":[]}],[],[],[]],[[{"start":0,"end":11,"url":null,"entity_id":"Q2879050","candidates":[]}],[],[],[]],[[{"start":0,"end":24,"url":null,"entity_id":"Q2205701","candidates":[]}],[],[],[]],[[{"start":0,"end":14,"url":null,"entity_id":"Q75080041","candidates":[]}],[],[],[]],[[{"start":0,"end":7,"url":null,"entity_id":"Q75080035","candidates":[]}],[],[],[]],[[{"start":0,"end":7,"url":null,"entity_id":"Q75079860","candidates":[]}],[],[],[]],[[{"start":0,"end":6,"url":null,"entity_id":"Q75079843","candidates":[]}],[],[],[]],[[{"start":0,"end":7,"url":null,"entity_id":"Q75079781","candidates":[]}],[],[],[]],[[{"start":0,"end":7,"url":null,"entity_id":"Q75079632","candidates":[]}],[],[],[]],[[{"start":0,"end":7,"url":null,"entity_id":"Q75079490","candidates":[]}],[],[],[]]]}