{"version":"1.2","table":{"version":"2","table_id":"TTZ3HZVM","columns":[{"index":0,"name":"col0","values":["Fresh Air","Freddy's Menagerie","Four Beers' Polka","Fork and Spoon","For the Fallen","For Originz","Folk Round","Flutey Sting","Flutey Funk","Fluidscape","Fluffing a Duck","Floating Cities","Flighty Theme","Five Card Shuffle","Five Armies","First Call","Firmament","Firesong","Fireflies and Stardust","Firebrand"]},{"index":1,"name":"col1","values":["44","134","124","120","52","55","98","100","90","0","122","120","0","122","238","0","130","93","170","164"]},{"index":2,"name":"col2","values":["294","204","140","196","95","219","184","25","215","1821","67","184","28","135","153","11","225","213","255","359"]}]},"context":{"page_title":null,"page_url":null,"page_entity_id":null,"content_hierarchy":[]},"links":[[[{"start":0,"end":9,"url":null,"entity_id":"Q66660917","candidates":[]}],[],[]],[[{"start":0,"end":18,"url":null,"entity_id":"Q66660915","candidates":[]}],[],[]],[[{"start":0,"end":17,"url":null,"entity_id":"Q66660912","candidates":[]}],[],[]],[[{"start":0,"end":14,"url":null,"entity_id":"Q66660910","candidates":[]}],[],[]],[[{"start":0,"end":14,"url":null,"entity_id":"Q66660909","candidates":[]}],[],[]],[[{"start":0,"end":11,"url":null,"entity_id":"Q66660908","candidates":[]}],[],[]],[[{"start":0,"end":10,"url":null,"entity_id":"Q66660907","candidates":[]}],[],[]],[[{"start":0,"end":12,"url":null,"entity_id":"Q66660904","candidates":[]}],[],[]],[[{"start":0,"end":11,"url":null,"entity_id":"Q66660903","candidates":[]}],[],[]],[[{"start":0,"end":10,"url":null,"entity_id":"Q66660901","candidates":[]}],[],[]],[[{"start":0,"end":15,"url":null,"entity_id":"Q66660900","candidates":[]}],[],[]],[[{"start":0,"end":15,"url":null,"entity_id":"Q66660895","candidates":[]}],[],[]],[[{"start":0,"end":13,"url":null,"entity_id":"Q66660885","candidates":[]}],[],[]],[[{"start":0,"end":17,"url":null,"entity_id":"Q66660882","candidates":[]}],[],[]],[[{"start":0,"end":11,"url":null,"entity_id":"Q66660881","candidates":[]}],[],[]],[[{"start":0,"end":10,"url":null,"entity_id":"Q66660879","candidates":[]}],[],[]],[[{"start":0,"end":9,"url":null,"entity_id":"Q66660878","candidates":[]}],[],[]],[[{"start":0,"end":8,"url":null,"entity_id":"Q66660875","candidates":[]}],[],[]],[[{"start":0,"end":22,"url":null,"entity_id":"Q66660873","candidates":[]}],[],[]],[[{"start":0,"end":9,"url":null,"entity_id":"Q66660871","candidates":[]}],[],[]]]}