{"version":"1.2","table":{"version":"2","table_id":"TVNBUI23","columns":[{"index":0,"name":"col0","values":["[CHM2007] LDC 242","[CHM2007] HDC 185","[CHM2007] HDC 207","[CHM2007] HDC 202","[CHM2007] HDC 152","[CHM2007] HDC 143","[CHM2007] HDC 160","[CHM2007] HDC 155","[CHM2007] HDC 219","[CHM2007] LDC 128","[CHM2007] LDC 129","[CHM2007] HDC 106","[CHM2007] HDC 105","[CHM2007] HDC 102","[CHM2007] HDC 103","[CHM2007] HDC 100","[CHM2007] HDC 109","Arp 104","NGC 5679 Group","Stephan's Quintet"]},{"index":1,"name":"col1","values":["37.26111","41.60389","42.16917","35.36944","32.80944","31.81222","-7.94389","37.50167","41.52417","25.46056","31.53944","24.82694","33.2275","6.15944","33.02833","19.95306","31.80889","62.733","5.3589603136346","33.96"]},{"index":2,"name":"col2","values":["NGC 1207","NGC 1129","NGC 1171","NGC 1167","NGC 969","NGC 917","NGC 1042","NGC 925","NGC 1175","NGC 765","NGC 735","NGC 765","NGC 750","NGC 741","NGC 736","NGC 719","NGC 777","NGC 5218","NGC 5679A","NGC 7320"]}]},"context":{"page_title":null,"page_url":null,"page_entity_id":null,"content_hierarchy":[]},"links":[[[{"start":0,"end":17,"url":null,"entity_id":"Q67624679","candidates":[]}],[],[{"start":0,"end":8,"url":null,"entity_id":"Q1042140","candidates":[]}]],[[{"start":0,"end":17,"url":null,"entity_id":"Q67622882","candidates":[]}],[],[{"start":0,"end":8,"url":null,"entity_id":"Q1256217","candidates":[]}]],[[{"start":0,"end":17,"url":null,"entity_id":"Q67622908","candidates":[]}],[],[{"start":0,"end":8,"url":null,"entity_id":"Q1041955","candidates":[]}]],[[{"start":0,"end":17,"url":null,"entity_id":"Q67622902","candidates":[]}],[],[{"start":0,"end":8,"url":null,"entity_id":"Q1041928","candidates":[]}]],[[{"start":0,"end":17,"url":null,"entity_id":"Q67622841","candidates":[]}],[],[{"start":0,"end":7,"url":null,"entity_id":"Q1040594","candidates":[]}]],[[{"start":0,"end":17,"url":null,"entity_id":"Q67622831","candidates":[]}],[],[{"start":0,"end":7,"url":null,"entity_id":"Q1040188","candidates":[]}]],[[{"start":0,"end":17,"url":null,"entity_id":"Q67622852","candidates":[]}],[],[{"start":0,"end":8,"url":null,"entity_id":"Q695514","candidates":[]}]],[[{"start":0,"end":17,"url":null,"entity_id":"Q67622845","candidates":[]}],[],[{"start":0,"end":7,"url":null,"entity_id":"Q506432","candidates":[]}]],[[{"start":0,"end":17,"url":null,"entity_id":"Q67622925","candidates":[]}],[],[{"start":0,"end":8,"url":null,"entity_id":"Q282088","candidates":[]}]],[[{"start":0,"end":17,"url":null,"entity_id":"Q67624200","candidates":[]}],[],[{"start":0,"end":7,"url":null,"entity_id":"Q1038938","candidates":[]}]],[[{"start":0,"end":17,"url":null,"entity_id":"Q67624209","candidates":[]}],[],[{"start":0,"end":7,"url":null,"entity_id":"Q1038657","candidates":[]}]],[[{"start":0,"end":17,"url":null,"entity_id":"Q67622546","candidates":[]}],[],[{"start":0,"end":7,"url":null,"entity_id":"Q1038938","candidates":[]}]],[[{"start":0,"end":17,"url":null,"entity_id":"Q67622537","candidates":[]}],[],[{"start":0,"end":7,"url":null,"entity_id":"Q1038811","candidates":[]}]],[[{"start":0,"end":17,"url":null,"entity_id":"Q67622492","candidates":[]}],[],[{"start":0,"end":7,"url":null,"entity_id":"Q1038720","candidates":[]}]],[[{"start":0,"end":17,"url":null,"entity_id":"Q67622508","candidates":[]}],[],[{"start":0,"end":7,"url":null,"entity_id":"Q1038665","candidates":[]}]],[[{"start":0,"end":17,"url":null,"entity_id":"Q67622453","candidates":[]}],[],[{"start":0,"end":7,"url":null,"entity_id":"Q1038541","candidates":[]}]],[[{"start":0,"end":17,"url":null,"entity_id":"Q67622582","candidates":[]}],[],[{"start":0,"end":7,"url":null,"entity_id":"Q1039015","candidates":[]}]],[[{"start":0,"end":7,"url":null,"entity_id":"Q698532","candidates":[]}],[],[{"start":0,"end":8,"url":null,"entity_id":"Q2088064","candidates":[]}]],[[{"start":0,"end":14,"url":null,"entity_id":"Q205266","candidates":[]}],[],[{"start":0,"end":9,"url":null,"entity_id":"Q1121982","candidates":[]}]],[[{"start":0,"end":17,"url":null,"entity_id":"Q5114","candidates":[]}],[],[{"start":0,"end":8,"url":null,"entity_id":"Q606147","candidates":[]}]]]}