{"version":"1.2","table":{"version":"2","table_id":"TWOMRDE2","columns":[{"index":0,"name":"col0","values":["Klyuchevsnaya Sopka","Mrapi","Mdyon Volcao","Ttromboli","Socopa","camarachi","Nevado deo Ruiz","Tugurahua","Acotcngo","Pount Cameroon","Teide","Goat Oountain","Nevado Tres Crucev Central","olcá Wol","Moun Liamuiga","Clbuco","El Altdr","Tuupa volcano","Cayanbe","Mounu Popomanaseu"]},{"index":1,"name":"col1","values":["Asia","Asia","Asia","Europe","South America","South America","South America","South America","South America","Africa","Africa","North America","Americas","Americas","Americas","Americas","Americas","Americas","Americas","Oceania"]},{"index":2,"name":"col2","values":["4644.351","1365.492","2461.682","924.9239999999999","2025.0749999999998","1620.864","2055.35","1546.951","1002.9999999999999","3869.792","3755.18","707.82","604.51","1700.172","3773.04","1930.432","2080.288","1597.798","2089.5249999999996","2311.65"]}]},"context":{"page_title":null,"page_url":null,"page_entity_id":null,"content_hierarchy":[]},"links":[[[{"start":0,"end":19,"url":null,"entity_id":"Q210252","candidates":[]}],[{"start":0,"end":4,"url":null,"entity_id":"Q48","candidates":[]}],[]],[[{"start":0,"end":5,"url":null,"entity_id":"Q134108","candidates":[]}],[{"start":0,"end":4,"url":null,"entity_id":"Q48","candidates":[]}],[]],[[{"start":0,"end":12,"url":null,"entity_id":"Q1484","candidates":[]}],[{"start":0,"end":4,"url":null,"entity_id":"Q48","candidates":[]}],[]],[[{"start":0,"end":9,"url":null,"entity_id":"Q131148","candidates":[]}],[{"start":0,"end":6,"url":null,"entity_id":"Q46","candidates":[]}],[]],[[{"start":0,"end":6,"url":null,"entity_id":"Q422765","candidates":[]}],[{"start":0,"end":13,"url":null,"entity_id":"Q18","candidates":[]}],[]],[[{"start":0,"end":9,"url":null,"entity_id":"Q337644","candidates":[]}],[{"start":0,"end":13,"url":null,"entity_id":"Q18","candidates":[]}],[]],[[{"start":0,"end":15,"url":null,"entity_id":"Q233351","candidates":[]}],[{"start":0,"end":13,"url":null,"entity_id":"Q18","candidates":[]}],[]],[[{"start":0,"end":9,"url":null,"entity_id":"Q207421","candidates":[]}],[{"start":0,"end":13,"url":null,"entity_id":"Q18","candidates":[]}],[]],[[{"start":0,"end":8,"url":null,"entity_id":"Q117822","candidates":[]}],[{"start":0,"end":13,"url":null,"entity_id":"Q18","candidates":[]}],[]],[[{"start":0,"end":14,"url":null,"entity_id":"Q190562","candidates":[]}],[{"start":0,"end":6,"url":null,"entity_id":"Q15","candidates":[]}],[]],[[{"start":0,"end":5,"url":null,"entity_id":"Q38954","candidates":[]}],[{"start":0,"end":6,"url":null,"entity_id":"Q15","candidates":[]}],[]],[[{"start":0,"end":13,"url":null,"entity_id":"Q31458290","candidates":[]}],[{"start":0,"end":13,"url":null,"entity_id":"Q49","candidates":[]}],[]],[[{"start":0,"end":26,"url":null,"entity_id":"Q28827904","candidates":[]}],[{"start":0,"end":8,"url":null,"entity_id":"Q828","candidates":[]}],[]],[[{"start":0,"end":8,"url":null,"entity_id":"Q1376373","candidates":[]}],[{"start":0,"end":8,"url":null,"entity_id":"Q828","candidates":[]}],[]],[[{"start":0,"end":13,"url":null,"entity_id":"Q1269774","candidates":[]}],[{"start":0,"end":8,"url":null,"entity_id":"Q828","candidates":[]}],[]],[[{"start":0,"end":6,"url":null,"entity_id":"Q1026302","candidates":[]}],[{"start":0,"end":8,"url":null,"entity_id":"Q828","candidates":[]}],[]],[[{"start":0,"end":8,"url":null,"entity_id":"Q988603","candidates":[]}],[{"start":0,"end":8,"url":null,"entity_id":"Q828","candidates":[]}],[]],[[{"start":0,"end":13,"url":null,"entity_id":"Q849364","candidates":[]}],[{"start":0,"end":8,"url":null,"entity_id":"Q828","candidates":[]}],[]],[[{"start":0,"end":7,"url":null,"entity_id":"Q754734","candidates":[]}],[{"start":0,"end":8,"url":null,"entity_id":"Q828","candidates":[]}],[]],[[{"start":0,"end":17,"url":null,"entity_id":"Q760819","candidates":[]}],[{"start":0,"end":7,"url":null,"entity_id":"Q538","candidates":[]}],[]]]}