{"version":"1.2","table":{"version":"2","table_id":"U56JFMQO","columns":[{"index":0,"name":"col0","values":["Aurora-Erbstolln","Důl Hlubina","Důl Jindřich","Frolands verk","Phoenix United Mine","Copper mine at Le Thillot","Důl Alexander","Mine Theresia","Dul Jan Maria (Ostrava)","Sterling Hill Mining Museum","Bergwerk Riedhof","Bergwerk Käpfnach","Barbarastollen underground archive","Coal mine Arthur de Buyer","Shaft 371","Zeche Gneisenau","Mine Hermann","Mine Herberholz","Mine Nachtigall","Mine Martha"]},{"index":1,"name":"col1","values":["Kulturdenkmal","cultural monument of the Czech Republic","cultural monument of the Czech Republic","heritage site in Norway","Site of Special Scientific Interest","registered historic monument","cultural monument of the Czech Republic","architectural heritage monument","cultural monument of the Czech Republic","place listed on the National Register of Historic Places","class B Swiss cultural property of regional significance","class B Swiss cultural property of regional significance","Kulturdenkmal","bien recensé dans l'inventaire général du patrimoine culturel","Kulturdenkmal","architectural heritage monument in North Rhine-Westphalia","architectural heritage monument","architectural heritage monument","architectural heritage monument","architectural heritage monument"]},{"index":2,"name":"col2","values":["1501-01-01","1852-01-01","1846-01-01","1763-01-01","1836-01-01","1560-01-01","1896-01-01","1790-01-01","1852-01-01","1989-01-01","1787-01-01","1784-01-01","1903-01-01","1892-01-01","1956-04-04","1886-01-01","1882-01-01","1854-01-01","1714-01-01","1832-01-01"]}]},"context":{"page_title":null,"page_url":null,"page_entity_id":null,"content_hierarchy":[]},"links":[[[{"start":0,"end":16,"url":null,"entity_id":"Q49441534","candidates":[]}],[{"start":0,"end":13,"url":null,"entity_id":"Q11691318","candidates":[]}],[]],[[{"start":0,"end":11,"url":null,"entity_id":"Q21097723","candidates":[]}],[{"start":0,"end":39,"url":null,"entity_id":"Q385405","candidates":[]}],[]],[[{"start":0,"end":12,"url":null,"entity_id":"Q19601830","candidates":[]}],[{"start":0,"end":39,"url":null,"entity_id":"Q385405","candidates":[]}],[]],[[{"start":0,"end":13,"url":null,"entity_id":"Q4589179","candidates":[]}],[{"start":0,"end":23,"url":null,"entity_id":"Q11970056","candidates":[]}],[]],[[{"start":0,"end":19,"url":null,"entity_id":"Q7187019","candidates":[]}],[{"start":0,"end":35,"url":null,"entity_id":"Q422211","candidates":[]}],[]],[[{"start":0,"end":25,"url":null,"entity_id":"Q18516607","candidates":[]}],[{"start":0,"end":28,"url":null,"entity_id":"Q10387575","candidates":[]}],[]],[[{"start":0,"end":13,"url":null,"entity_id":"Q11182716","candidates":[]}],[{"start":0,"end":39,"url":null,"entity_id":"Q385405","candidates":[]}],[]],[[{"start":0,"end":13,"url":null,"entity_id":"Q13218009","candidates":[]}],[{"start":0,"end":31,"url":null,"entity_id":"Q811165","candidates":[]}],[]],[[{"start":0,"end":23,"url":null,"entity_id":"Q11863207","candidates":[]}],[{"start":0,"end":39,"url":null,"entity_id":"Q385405","candidates":[]}],[]],[[{"start":0,"end":27,"url":null,"entity_id":"Q7611425","candidates":[]}],[{"start":0,"end":56,"url":null,"entity_id":"Q19558910","candidates":[]}],[]],[[{"start":0,"end":16,"url":null,"entity_id":"Q820482","candidates":[]}],[{"start":0,"end":56,"url":null,"entity_id":"Q12126757","candidates":[]}],[]],[[{"start":0,"end":17,"url":null,"entity_id":"Q820463","candidates":[]}],[{"start":0,"end":56,"url":null,"entity_id":"Q12126757","candidates":[]}],[]],[[{"start":0,"end":34,"url":null,"entity_id":"Q807725","candidates":[]}],[{"start":0,"end":13,"url":null,"entity_id":"Q11691318","candidates":[]}],[]],[[{"start":0,"end":25,"url":null,"entity_id":"Q2229624","candidates":[]}],[{"start":0,"end":61,"url":null,"entity_id":"Q16739336","candidates":[]}],[]],[[{"start":0,"end":9,"url":null,"entity_id":"Q1538658","candidates":[]}],[{"start":0,"end":13,"url":null,"entity_id":"Q11691318","candidates":[]}],[]],[[{"start":0,"end":15,"url":null,"entity_id":"Q183614","candidates":[]}],[{"start":0,"end":57,"url":null,"entity_id":"Q15632117","candidates":[]}],[]],[[{"start":0,"end":12,"url":null,"entity_id":"Q183705","candidates":[]}],[{"start":0,"end":31,"url":null,"entity_id":"Q811165","candidates":[]}],[]],[[{"start":0,"end":15,"url":null,"entity_id":"Q183697","candidates":[]}],[{"start":0,"end":31,"url":null,"entity_id":"Q811165","candidates":[]}],[]],[[{"start":0,"end":15,"url":null,"entity_id":"Q183891","candidates":[]}],[{"start":0,"end":31,"url":null,"entity_id":"Q811165","candidates":[]}],[]],[[{"start":0,"end":11,"url":null,"entity_id":"Q183877","candidates":[]}],[{"start":0,"end":31,"url":null,"entity_id":"Q811165","candidates":[]}],[]]]}