{"version":"1.2","table":{"version":"2","table_id":"U6TKWY83","columns":[{"index":0,"name":"col0","values":["National Electronic Security Authority","Australian Transaction Reports and Analysis Centre","Defence Intelligence Organisation","Australian Geospatial-Intelligence Organisation","Département du Renseignement et de la Sécurité","Brigade RISTA - Electronic Warfare Intelligence","Intelligence Division","Finnish Defence Intelligence Agency","Finnish Intelligence Research Establishment","Intelligence Center for Counter-Terrorism and Organized Crime","SMERSH","Shin Bet","Australian Security Intelligence Organisation","Australian Signals Directorate","Security Information Service","Central Directorate of Interior Intelligence","Finnish Security Intelligence Service","National Reconnaissance Office","National Counterterrorism Center","National Security Agency"]},{"index":1,"name":"col1","values":["computer security","financial intelligence","military intelligence","geospatial intelligence","counterintelligence","reconnaissance","military intelligence","signals intelligence","signals intelligence","counter-terrorism","counterintelligence","counterintelligence","counterintelligence","information security","counterintelligence","counterintelligence","counter-intelligence and counter-terrorism organizations","Imagery intelligence","counter-terrorism","signals intelligence"]},{"index":2,"name":"col2","values":["2012-01-01","1989-01-01","1990-01-01","1982-11-28","1954-01-01","2004-01-01","1918-02-11","2014-05-01","1960-01-01","2014-10-15","1943-01-01","1949-02-08","1949-03-16","1947-11-12","1994-07-30","2014-05-12","1948-12-17","1961-09-06","2004-08-27","1952-11-04"]},{"index":3,"name":"col3","values":["United Arab Emirates","Australia","Australia","Australia","Algeria","Italy","Finland","Finland","Finland","Spain","Soviet Union","Israel","Australia","Australia","Czech Republic","France","Finland","United States of America","United States of America","United States of America"]}]},"context":{"page_title":null,"page_url":null,"page_entity_id":null,"content_hierarchy":[]},"links":[[[{"start":0,"end":38,"url":null,"entity_id":"Q61237425","candidates":[]}],[{"start":0,"end":17,"url":null,"entity_id":"Q3510521","candidates":[]}],[],[{"start":0,"end":20,"url":null,"entity_id":"Q878","candidates":[]}]],[[{"start":0,"end":50,"url":null,"entity_id":"Q4056102","candidates":[]}],[{"start":0,"end":22,"url":null,"entity_id":"Q5449606","candidates":[]}],[],[{"start":0,"end":9,"url":null,"entity_id":"Q408","candidates":[]}]],[[{"start":0,"end":33,"url":null,"entity_id":"Q3021190","candidates":[]}],[{"start":0,"end":21,"url":null,"entity_id":"Q4168000","candidates":[]}],[],[{"start":0,"end":9,"url":null,"entity_id":"Q408","candidates":[]}]],[[{"start":0,"end":47,"url":null,"entity_id":"Q5251198","candidates":[]}],[{"start":0,"end":23,"url":null,"entity_id":"Q2944004","candidates":[]}],[],[{"start":0,"end":9,"url":null,"entity_id":"Q408","candidates":[]}]],[[{"start":0,"end":46,"url":null,"entity_id":"Q2917131","candidates":[]}],[{"start":0,"end":19,"url":null,"entity_id":"Q501700","candidates":[]}],[],[{"start":0,"end":7,"url":null,"entity_id":"Q262","candidates":[]}]],[[{"start":0,"end":47,"url":null,"entity_id":"Q3644646","candidates":[]}],[{"start":0,"end":14,"url":null,"entity_id":"Q251741","candidates":[]}],[],[{"start":0,"end":5,"url":null,"entity_id":"Q38","candidates":[]}]],[[{"start":0,"end":21,"url":null,"entity_id":"Q3032398","candidates":[]}],[{"start":0,"end":21,"url":null,"entity_id":"Q4168000","candidates":[]}],[],[{"start":0,"end":7,"url":null,"entity_id":"Q33","candidates":[]}]],[[{"start":0,"end":35,"url":null,"entity_id":"Q18694312","candidates":[]}],[{"start":0,"end":20,"url":null,"entity_id":"Q836610","candidates":[]}],[],[{"start":0,"end":7,"url":null,"entity_id":"Q33","candidates":[]}]],[[{"start":0,"end":43,"url":null,"entity_id":"Q3494394","candidates":[]}],[{"start":0,"end":20,"url":null,"entity_id":"Q836610","candidates":[]}],[],[{"start":0,"end":7,"url":null,"entity_id":"Q33","candidates":[]}]],[[{"start":0,"end":61,"url":null,"entity_id":"Q21703937","candidates":[]}],[{"start":0,"end":17,"url":null,"entity_id":"Q909459","candidates":[]}],[],[{"start":0,"end":5,"url":null,"entity_id":"Q29","candidates":[]}]],[[{"start":0,"end":6,"url":null,"entity_id":"Q158363","candidates":[]}],[{"start":0,"end":19,"url":null,"entity_id":"Q501700","candidates":[]}],[],[{"start":0,"end":12,"url":null,"entity_id":"Q15180","candidates":[]}]],[[{"start":0,"end":8,"url":null,"entity_id":"Q380238","candidates":[]}],[{"start":0,"end":19,"url":null,"entity_id":"Q501700","candidates":[]}],[],[{"start":0,"end":6,"url":null,"entity_id":"Q801","candidates":[]}]],[[{"start":0,"end":45,"url":null,"entity_id":"Q782740","candidates":[]}],[{"start":0,"end":19,"url":null,"entity_id":"Q501700","candidates":[]}],[],[{"start":0,"end":9,"url":null,"entity_id":"Q408","candidates":[]}]],[[{"start":0,"end":30,"url":null,"entity_id":"Q267707","candidates":[]}],[{"start":0,"end":20,"url":null,"entity_id":"Q189900","candidates":[]}],[],[{"start":0,"end":9,"url":null,"entity_id":"Q408","candidates":[]}]],[[{"start":0,"end":28,"url":null,"entity_id":"Q854461","candidates":[]}],[{"start":0,"end":19,"url":null,"entity_id":"Q501700","candidates":[]}],[],[{"start":0,"end":14,"url":null,"entity_id":"Q213","candidates":[]}]],[[{"start":0,"end":44,"url":null,"entity_id":"Q167079","candidates":[]}],[{"start":0,"end":19,"url":null,"entity_id":"Q501700","candidates":[]}],[],[{"start":0,"end":6,"url":null,"entity_id":"Q142","candidates":[]}]],[[{"start":0,"end":37,"url":null,"entity_id":"Q549972","candidates":[]}],[{"start":0,"end":56,"url":null,"entity_id":"Q17005929","candidates":[]}],[],[{"start":0,"end":7,"url":null,"entity_id":"Q33","candidates":[]}]],[[{"start":0,"end":30,"url":null,"entity_id":"Q427818","candidates":[]}],[{"start":0,"end":20,"url":null,"entity_id":"Q1654126","candidates":[]}],[],[{"start":0,"end":24,"url":null,"entity_id":"Q30","candidates":[]}]],[[{"start":0,"end":32,"url":null,"entity_id":"Q1153779","candidates":[]}],[{"start":0,"end":17,"url":null,"entity_id":"Q909459","candidates":[]}],[],[{"start":0,"end":24,"url":null,"entity_id":"Q30","candidates":[]}]],[[{"start":0,"end":24,"url":null,"entity_id":"Q121194","candidates":[]}],[{"start":0,"end":20,"url":null,"entity_id":"Q836610","candidates":[]}],[],[{"start":0,"end":24,"url":null,"entity_id":"Q30","candidates":[]}]]]}