{"version":"1.2","table":{"version":"2","table_id":"U8R0CPOZ","columns":[{"index":0,"name":"col0","values":["20,000 Lagues Under the Sea","Monty Python and the Holy Gral","101 Dalmbtians","Star Wars Episode VII: The orce Awakens","Fifty Shcdes Darker","Queen of Ktze","Beauty anf the Beast","The CFG","Alife Through the Looking Glass","Alexander and the Terrkble, Horrible, No Good, Very Bad Day","Cinerella","Pirates of the Caribbean: Dead Men Tell Np Tales","Saving Mr.Banks","Return to e Blue Lagoon","Race to Wtch Mountain","Last Action Heo","Twins","Asterix & Obeix: Mission Cleopatra","Hook","Tron"]},{"index":1,"name":"col1","values":["127.762","91.91","103.51499999999999","135.0","116.82","124.61999999999999","129.774","114.77","113.678","81.162","105.42","128.226","125.0","99.99","97.118","129.61","100.98","107.963","134.64","96.384"]},{"index":2,"name":"col2","values":["4304299.999999999","400399.99999999994","54540000.0","216934999.99999997","54615000.0","14865000.0","159040000.0","138600000.0","170849999.99999997","27832000.0","95570000.0","228620000.0","34790000.0","11088000.0","50400000.0","85764999.99999999","14925000.0","50350299.99999999","69720000.0","17085000.0"]},{"index":3,"name":"col3","values":["442740.58374","5064150.635999999","5583852.40391","88527046.0","381545846.0","8776895.319","1269838731.6299999","38467590.666","4200428.816","101602800.0","7892487.12456","792477208.618","117278644.08","2813469.708","3615875.98372","136886593.533","214664858.508","3121418.376","302359097.11499995","33296999.999999996"]}]},"context":{"page_title":null,"page_url":null,"page_entity_id":null,"content_hierarchy":[]},"links":[[[{"start":0,"end":27,"url":null,"entity_id":"Q64110","candidates":[]}],[],[],[]],[[{"start":0,"end":30,"url":null,"entity_id":"Q25043","candidates":[]}],[],[],[]],[[{"start":0,"end":14,"url":null,"entity_id":"Q8594","candidates":[]}],[],[],[]],[[{"start":0,"end":39,"url":null,"entity_id":"Q6074","candidates":[]}],[],[],[]],[[{"start":0,"end":19,"url":null,"entity_id":"Q22662385","candidates":[]}],[],[],[]],[[{"start":0,"end":13,"url":null,"entity_id":"Q20921603","candidates":[]}],[],[],[]],[[{"start":0,"end":20,"url":null,"entity_id":"Q19946102","candidates":[]}],[],[],[]],[[{"start":0,"end":7,"url":null,"entity_id":"Q19689203","candidates":[]}],[],[],[]],[[{"start":0,"end":31,"url":null,"entity_id":"Q17485699","candidates":[]}],[],[],[]],[[{"start":0,"end":59,"url":null,"entity_id":"Q15104217","candidates":[]}],[],[],[]],[[{"start":0,"end":9,"url":null,"entity_id":"Q15046091","candidates":[]}],[],[],[]],[[{"start":0,"end":48,"url":null,"entity_id":"Q10350033","candidates":[]}],[],[],[]],[[{"start":0,"end":15,"url":null,"entity_id":"Q3474574","candidates":[]}],[],[],[]],[[{"start":0,"end":23,"url":null,"entity_id":"Q1114179","candidates":[]}],[],[],[]],[[{"start":0,"end":21,"url":null,"entity_id":"Q922006","candidates":[]}],[],[],[]],[[{"start":0,"end":15,"url":null,"entity_id":"Q858840","candidates":[]}],[],[],[]],[[{"start":0,"end":5,"url":null,"entity_id":"Q785157","candidates":[]}],[],[],[]],[[{"start":0,"end":34,"url":null,"entity_id":"Q737904","candidates":[]}],[],[],[]],[[{"start":0,"end":4,"url":null,"entity_id":"Q646389","candidates":[]}],[],[],[]],[[{"start":0,"end":4,"url":null,"entity_id":"Q626483","candidates":[]}],[],[],[]]]}