{"version":"1.2","table":{"version":"2","table_id":"U9BSRGTO","columns":[{"index":0,"name":"col0","values":["Ubuyu Ajihara-ike","Imamiya ebisu no miya","Imabashi tsukiji no fūkei","Ibara sumiyoshi","Ikutama benten-ike yoru no kei","Ikutama emadō","Amida ike","Amijma fūkei","Ajikawa bashi","Asazawa no benzaiten","Morning Glories in Flowers and Buds","Washing Clothes (Sentaku)","Dressing a Boy on the Occasion of His First Letting His Hair Grow","\"Kaiyoikomachi\": A Geisha in her Lover's Room, from Futaba gusa Nanakomachi","Young lady blowing on a poppin","Beauty Smoking a Pipe after Bathing","Hokusai, Negai no itoguchi(Plate No. 4)","Noboto at Shimōsa (Shimōsa Noboto)","Yōrō Waterfall in Mino Province (Mino no Yōrō no taki), from the series A Tour of Waterfalls in Various Provinces (Shokoku taki meguri)","Lady with Black Hood and Umbrella Out Walking with Young Attendant","Young Mother Nursing Her Baby","Seru no Koku","O Shichi and Kichisaburo","A Pair of Lovers","The Niwaka Performers","Azumaya no Hana","Yamanba and Kintaro: Ground Cherry","Sankatsu and Hanshichi","A Courtesan","Two Women","Two Women with a Baby who is Playing on the Floor"]},{"index":1,"name":"col1","values":["17.8","17.6","17.8","17.8","17.6","17.6","17.8","17.8","17.8","17.8","37.3","26.1","27","25","27.5","24.61","57.8","25.4","26","19.4","37.3","26","13.5","25.4","25.7","22.5","25.1","14.9","24.8","25.7","19.4"]},{"index":2,"name":"col2","values":["24.5","24.8","24.5","24.5","24.8","24.8","24.5","24.5","24.5","24.5","24.8","38","39.3","38","38.9","36.2","39.4","18.4","37.1","25.4","25.4","37.9","62.9","37.5","38.6","33.2","38.3","62.2","37.5","39.1","52.7"]}]},"context":{"page_title":null,"page_url":null,"page_entity_id":null,"content_hierarchy":[]},"links":[[[{"start":0,"end":17,"url":null,"entity_id":"Q60807285","candidates":[]}],[],[]],[[{"start":0,"end":21,"url":null,"entity_id":"Q60807282","candidates":[]}],[],[]],[[{"start":0,"end":25,"url":null,"entity_id":"Q60807281","candidates":[]}],[],[]],[[{"start":0,"end":15,"url":null,"entity_id":"Q60807280","candidates":[]}],[],[]],[[{"start":0,"end":30,"url":null,"entity_id":"Q60807278","candidates":[]}],[],[]],[[{"start":0,"end":13,"url":null,"entity_id":"Q60807277","candidates":[]}],[],[]],[[{"start":0,"end":9,"url":null,"entity_id":"Q60807276","candidates":[]}],[],[]],[[{"start":0,"end":12,"url":null,"entity_id":"Q60807272","candidates":[]}],[],[]],[[{"start":0,"end":13,"url":null,"entity_id":"Q60807271","candidates":[]}],[],[]],[[{"start":0,"end":20,"url":null,"entity_id":"Q60807215","candidates":[]}],[],[]],[[{"start":0,"end":35,"url":null,"entity_id":"Q60683209","candidates":[]}],[],[]],[[{"start":0,"end":25,"url":null,"entity_id":"Q60396854","candidates":[]}],[],[]],[[{"start":0,"end":65,"url":null,"entity_id":"Q60394800","candidates":[]}],[],[]],[[{"start":0,"end":75,"url":null,"entity_id":"Q60394595","candidates":[]}],[],[]],[[{"start":0,"end":30,"url":null,"entity_id":"Q60366266","candidates":[]}],[],[]],[[{"start":0,"end":35,"url":null,"entity_id":"Q60366161","candidates":[]}],[],[]],[[{"start":0,"end":39,"url":null,"entity_id":"Q60328840","candidates":[]}],[],[]],[[{"start":0,"end":34,"url":null,"entity_id":"Q60232621","candidates":[]}],[],[]],[[{"start":0,"end":135,"url":null,"entity_id":"Q60231127","candidates":[]}],[],[]],[[{"start":0,"end":66,"url":null,"entity_id":"Q59913377","candidates":[]}],[],[]],[[{"start":0,"end":29,"url":null,"entity_id":"Q59770772","candidates":[]}],[],[]],[[{"start":0,"end":12,"url":null,"entity_id":"Q59770591","candidates":[]}],[],[]],[[{"start":0,"end":24,"url":null,"entity_id":"Q59770351","candidates":[]}],[],[]],[[{"start":0,"end":16,"url":null,"entity_id":"Q59769601","candidates":[]}],[],[]],[[{"start":0,"end":21,"url":null,"entity_id":"Q59768113","candidates":[]}],[],[]],[[{"start":0,"end":15,"url":null,"entity_id":"Q59767993","candidates":[]}],[],[]],[[{"start":0,"end":34,"url":null,"entity_id":"Q59767790","candidates":[]}],[],[]],[[{"start":0,"end":22,"url":null,"entity_id":"Q59767429","candidates":[]}],[],[]],[[{"start":0,"end":11,"url":null,"entity_id":"Q59767196","candidates":[]}],[],[]],[[{"start":0,"end":9,"url":null,"entity_id":"Q59766990","candidates":[]}],[],[]],[[{"start":0,"end":49,"url":null,"entity_id":"Q59766802","candidates":[]}],[],[]]]}