{"version":"1.2","table":{"version":"2","table_id":"UAERF8RA","columns":[{"index":0,"name":"col0","values":["Barry","Barra","Barr","Banff","Banchory-Ternan","Banchory-Devenick","Balquhidder","Balmerino","Balmaghie","Balmaclellan","Ballingry","Balfron","Baldernock","Ayton","Ayr","Avondale","Avoch","Auldearn","Auchtertool","Auchtermuchty"]},{"index":1,"name":"col1","values":["8276","1264","240","4420","8915","8823","663","946","567","476","7452","2156","1482","1786","47120","8787","1408","1350","419","2603"]},{"index":2,"name":"col2","values":["2415","9199","1418","2861","8524","3364","21145","1415","6399","12948","1178","4283","2875","2088","4860","17075","2466","6000","19","2285"]}]},"context":{"page_title":null,"page_url":null,"page_entity_id":null,"content_hierarchy":[]},"links":[[[{"start":0,"end":5,"url":null,"entity_id":"Q68814965","candidates":[]}],[],[]],[[{"start":0,"end":5,"url":null,"entity_id":"Q68814964","candidates":[]}],[],[]],[[{"start":0,"end":4,"url":null,"entity_id":"Q68814960","candidates":[]}],[],[]],[[{"start":0,"end":5,"url":null,"entity_id":"Q68814959","candidates":[]}],[],[]],[[{"start":0,"end":15,"url":null,"entity_id":"Q68814956","candidates":[]}],[],[]],[[{"start":0,"end":17,"url":null,"entity_id":"Q68814953","candidates":[]}],[],[]],[[{"start":0,"end":11,"url":null,"entity_id":"Q68814951","candidates":[]}],[],[]],[[{"start":0,"end":9,"url":null,"entity_id":"Q68814949","candidates":[]}],[],[]],[[{"start":0,"end":9,"url":null,"entity_id":"Q68814947","candidates":[]}],[],[]],[[{"start":0,"end":12,"url":null,"entity_id":"Q68814945","candidates":[]}],[],[]],[[{"start":0,"end":9,"url":null,"entity_id":"Q68814943","candidates":[]}],[],[]],[[{"start":0,"end":7,"url":null,"entity_id":"Q68814939","candidates":[]}],[],[]],[[{"start":0,"end":10,"url":null,"entity_id":"Q68814938","candidates":[]}],[],[]],[[{"start":0,"end":5,"url":null,"entity_id":"Q68814935","candidates":[]}],[],[]],[[{"start":0,"end":3,"url":null,"entity_id":"Q68814933","candidates":[]}],[],[]],[[{"start":0,"end":8,"url":null,"entity_id":"Q68814930","candidates":[]}],[],[]],[[{"start":0,"end":5,"url":null,"entity_id":"Q68814927","candidates":[]}],[],[]],[[{"start":0,"end":8,"url":null,"entity_id":"Q68814924","candidates":[]}],[],[]],[[{"start":0,"end":11,"url":null,"entity_id":"Q68814921","candidates":[]}],[],[]],[[{"start":0,"end":13,"url":null,"entity_id":"Q68814919","candidates":[]}],[],[]]]}