{"version":"1.2","table":{"version":"2","table_id":"UAMJZHK2","columns":[{"index":0,"name":"col0","values":["2019 Rugby World Cup Pool B","2019 Rugby World Cup Pool A","2019 Rugby World Cup Pool D","2018 FIFA World Cup Group H","2018 FIFA World Cup Group G","2018 FIFA World Cup Group F","2018 FIFA World Cup Group E","2018 FIFA World Cup Group D","2018 FIFA World Cup Group C","2018 FIFA World Cup Group B","2018 FIFA World Cup Group A","2013 Fed Cup World Group II","2011 Fed Cup Europe/Africa Zone","2011 Fed Cup Asia/Oceania Zone","2011 Fed Cup World Group","2011 Fed Cup World Group II","2011 Fed Cup World Group Play-offs","2011 Fed Cup World Group II Play-offs","2011 Fed Cup Americas Zone","2012 Fed Cup World Group Play-offs"]},{"index":1,"name":"col1","values":["2019 Rugby World Cup","2019 Rugby World Cup","2019 Rugby World Cup","2018 FIFA World Cup","2018 FIFA World Cup","2018 FIFA World Cup","2018 FIFA World Cup","2018 FIFA World Cup","2018 FIFA World Cup","2018 FIFA World Cup","2018 FIFA World Cup","2013 Fed Cup","2011 Fed Cup","2011 Fed Cup","2011 Fed Cup","2011 Fed Cup","2011 Fed Cup","2011 Fed Cup","2011 Fed Cup","2012 Fed Cup"]},{"index":2,"name":"col2","values":["2019-01-01","2019-01-01","2019-01-01","2018-06-01","2018-06-01","2018-06-01","2018-06-01","2018-06-01","2018-06-01","2018-06-01","2018-06-01","2013-01-01","2011-01-01","2011-01-01","2011-01-01","2011-01-01","2011-01-01","2011-01-01","2011-01-01","2012-01-01"]}]},"context":{"page_title":null,"page_url":null,"page_entity_id":null,"content_hierarchy":[]},"links":[[[{"start":0,"end":27,"url":null,"entity_id":"Q30688027","candidates":[]}],[{"start":0,"end":20,"url":null,"entity_id":"Q2724176","candidates":[]}],[]],[[{"start":0,"end":27,"url":null,"entity_id":"Q30688026","candidates":[]}],[{"start":0,"end":20,"url":null,"entity_id":"Q2724176","candidates":[]}],[]],[[{"start":0,"end":27,"url":null,"entity_id":"Q30687960","candidates":[]}],[{"start":0,"end":20,"url":null,"entity_id":"Q2724176","candidates":[]}],[]],[[{"start":0,"end":27,"url":null,"entity_id":"Q43214843","candidates":[]}],[{"start":0,"end":19,"url":null,"entity_id":"Q170645","candidates":[]}],[]],[[{"start":0,"end":27,"url":null,"entity_id":"Q43214817","candidates":[]}],[{"start":0,"end":19,"url":null,"entity_id":"Q170645","candidates":[]}],[]],[[{"start":0,"end":27,"url":null,"entity_id":"Q43214797","candidates":[]}],[{"start":0,"end":19,"url":null,"entity_id":"Q170645","candidates":[]}],[]],[[{"start":0,"end":27,"url":null,"entity_id":"Q31189413","candidates":[]}],[{"start":0,"end":19,"url":null,"entity_id":"Q170645","candidates":[]}],[]],[[{"start":0,"end":27,"url":null,"entity_id":"Q31189412","candidates":[]}],[{"start":0,"end":19,"url":null,"entity_id":"Q170645","candidates":[]}],[]],[[{"start":0,"end":27,"url":null,"entity_id":"Q31189411","candidates":[]}],[{"start":0,"end":19,"url":null,"entity_id":"Q170645","candidates":[]}],[]],[[{"start":0,"end":27,"url":null,"entity_id":"Q31189406","candidates":[]}],[{"start":0,"end":19,"url":null,"entity_id":"Q170645","candidates":[]}],[]],[[{"start":0,"end":27,"url":null,"entity_id":"Q31189405","candidates":[]}],[{"start":0,"end":19,"url":null,"entity_id":"Q170645","candidates":[]}],[]],[[{"start":0,"end":27,"url":null,"entity_id":"Q4145845","candidates":[]}],[{"start":0,"end":12,"url":null,"entity_id":"Q1496456","candidates":[]}],[]],[[{"start":0,"end":31,"url":null,"entity_id":"Q2657610","candidates":[]}],[{"start":0,"end":12,"url":null,"entity_id":"Q1399868","candidates":[]}],[]],[[{"start":0,"end":30,"url":null,"entity_id":"Q2453872","candidates":[]}],[{"start":0,"end":12,"url":null,"entity_id":"Q1399868","candidates":[]}],[]],[[{"start":0,"end":24,"url":null,"entity_id":"Q2446739","candidates":[]}],[{"start":0,"end":12,"url":null,"entity_id":"Q1399868","candidates":[]}],[]],[[{"start":0,"end":27,"url":null,"entity_id":"Q2143700","candidates":[]}],[{"start":0,"end":12,"url":null,"entity_id":"Q1399868","candidates":[]}],[]],[[{"start":0,"end":34,"url":null,"entity_id":"Q2076798","candidates":[]}],[{"start":0,"end":12,"url":null,"entity_id":"Q1399868","candidates":[]}],[]],[[{"start":0,"end":37,"url":null,"entity_id":"Q1994298","candidates":[]}],[{"start":0,"end":12,"url":null,"entity_id":"Q1399868","candidates":[]}],[]],[[{"start":0,"end":26,"url":null,"entity_id":"Q1993350","candidates":[]}],[{"start":0,"end":12,"url":null,"entity_id":"Q1399868","candidates":[]}],[]],[[{"start":0,"end":34,"url":null,"entity_id":"Q2066925","candidates":[]}],[{"start":0,"end":12,"url":null,"entity_id":"Q1399862","candidates":[]}],[]]]}