{"version":"1.2","table":{"version":"2","table_id":"UBA8W79V","columns":[{"index":0,"name":"col0","values":["Río Seco Department","Junín Department","Los Andes Department","Chacabuco Department","Graneros Department","Languiñeo Department","Telsen Department","Ushuaia Department","Toay Department","San Rafael Department","Zapala Department","Vera Department","Trancas Department","Simoca Department","San Lorenzo Department","San Carlos Department","Río Chico Department, Tucumán","Departamento de Orán","Moreno Department","Monteros department"]},{"index":1,"name":"col1","values":["6754","2476","25636","2651","1678","15339","19893","9390","5092","31235","5200","21096","2862","1261","1867","5125","585","11892","16127","1169"]},{"index":2,"name":"col2","values":["77","743","3961","759","321","929","611","838","278","1300","868","57","1701","327","67","2157","461","307","156","393"]}]},"context":{"page_title":null,"page_url":null,"page_entity_id":null,"content_hierarchy":[]},"links":[[[{"start":0,"end":19,"url":null,"entity_id":"Q531018","candidates":[]}],[],[]],[[{"start":0,"end":16,"url":null,"entity_id":"Q530745","candidates":[]}],[],[]],[[{"start":0,"end":20,"url":null,"entity_id":"Q514500","candidates":[]}],[],[]],[[{"start":0,"end":20,"url":null,"entity_id":"Q377310","candidates":[]}],[],[]],[[{"start":0,"end":19,"url":null,"entity_id":"Q372700","candidates":[]}],[],[]],[[{"start":0,"end":20,"url":null,"entity_id":"Q372333","candidates":[]}],[],[]],[[{"start":0,"end":17,"url":null,"entity_id":"Q290328","candidates":[]}],[],[]],[[{"start":0,"end":18,"url":null,"entity_id":"Q2342358","candidates":[]}],[],[]],[[{"start":0,"end":15,"url":null,"entity_id":"Q2145575","candidates":[]}],[],[]],[[{"start":0,"end":21,"url":null,"entity_id":"Q2004531","candidates":[]}],[],[]],[[{"start":0,"end":17,"url":null,"entity_id":"Q1191283","candidates":[]}],[],[]],[[{"start":0,"end":15,"url":null,"entity_id":"Q1191274","candidates":[]}],[],[]],[[{"start":0,"end":18,"url":null,"entity_id":"Q1191220","candidates":[]}],[],[]],[[{"start":0,"end":17,"url":null,"entity_id":"Q1191190","candidates":[]}],[],[]],[[{"start":0,"end":22,"url":null,"entity_id":"Q1191103","candidates":[]}],[],[]],[[{"start":0,"end":21,"url":null,"entity_id":"Q1191069","candidates":[]}],[],[]],[[{"start":0,"end":29,"url":null,"entity_id":"Q1191028","candidates":[]}],[],[]],[[{"start":0,"end":20,"url":null,"entity_id":"Q1190909","candidates":[]}],[],[]],[[{"start":0,"end":17,"url":null,"entity_id":"Q1190857","candidates":[]}],[],[]],[[{"start":0,"end":19,"url":null,"entity_id":"Q1190848","candidates":[]}],[],[]]]}