{"version":"1.2","table":{"version":"2","table_id":"UC29RZTS","columns":[{"index":0,"name":"col0","values":["Chi Ceti B","9 Ceti","HD 166","HD 283750","HD 128311","58 Eridani","Gliese 174","Gliese 876","12 Ophiuchi","V* V1348 Ori","V* V1325 Ori","V* V1315 Ori","V* V1338 Ori","V* V1328 Ori","V* V1344 Ori","V* V1350 Ori","V* V1319 Ori","V* V1351 Ori","V* V1313 Ori","V* V1316 Ori"]},{"index":1,"name":"col1","values":["-4.18","-2.34","-6.59","41.63","-9.62","21.72","0.55","-1.683","-12.82","25.700413","30.208685","27.739851","27.80012","28.11194","29.15421","26.602013","26.826134","28.044563","24.261103","30.99467"]},{"index":2,"name":"col2","values":["4","8.2","6.2","8","5.6","3.239","10.8","5","2.4","16.7","22.708","18.38","55.406","53.555","16.753","24.591","32.481","45.723","14.9","51.328"]}]},"context":{"page_title":null,"page_url":null,"page_entity_id":null,"content_hierarchy":[]},"links":[[[{"start":0,"end":10,"url":null,"entity_id":"Q3667339","candidates":[]}],[],[]],[[{"start":0,"end":6,"url":null,"entity_id":"Q2402719","candidates":[]}],[],[]],[[{"start":0,"end":6,"url":null,"entity_id":"Q2399790","candidates":[]}],[],[]],[[{"start":0,"end":9,"url":null,"entity_id":"Q1563321","candidates":[]}],[],[]],[[{"start":0,"end":9,"url":null,"entity_id":"Q1275576","candidates":[]}],[],[]],[[{"start":0,"end":10,"url":null,"entity_id":"Q1148631","candidates":[]}],[],[]],[[{"start":0,"end":10,"url":null,"entity_id":"Q1117928","candidates":[]}],[],[]],[[{"start":0,"end":10,"url":null,"entity_id":"Q740780","candidates":[]}],[],[]],[[{"start":0,"end":11,"url":null,"entity_id":"Q115904","candidates":[]}],[],[]],[[{"start":0,"end":12,"url":null,"entity_id":"Q78253025","candidates":[]}],[],[]],[[{"start":0,"end":12,"url":null,"entity_id":"Q78252465","candidates":[]}],[],[]],[[{"start":0,"end":12,"url":null,"entity_id":"Q78252440","candidates":[]}],[],[]],[[{"start":0,"end":12,"url":null,"entity_id":"Q78252056","candidates":[]}],[],[]],[[{"start":0,"end":12,"url":null,"entity_id":"Q78250880","candidates":[]}],[],[]],[[{"start":0,"end":12,"url":null,"entity_id":"Q78247328","candidates":[]}],[],[]],[[{"start":0,"end":12,"url":null,"entity_id":"Q78246156","candidates":[]}],[],[]],[[{"start":0,"end":12,"url":null,"entity_id":"Q78245978","candidates":[]}],[],[]],[[{"start":0,"end":12,"url":null,"entity_id":"Q78245976","candidates":[]}],[],[]],[[{"start":0,"end":12,"url":null,"entity_id":"Q78245268","candidates":[]}],[],[]],[[{"start":0,"end":12,"url":null,"entity_id":"Q78243086","candidates":[]}],[],[]]]}