{"version":"1.2","table":{"version":"2","table_id":"UCSQGN0E","columns":[{"index":0,"name":"col0","values":["Soft Cell","Tha Dogg Pound","Duck Sauce","Under17","Cannibal Ox","Ike & Tina Turner","100 Gecs","Vandebo","Nightcore","First Tone","Karm & KB","Breikthru","Wooseok x Kuanlin","Fellas Lo-fi","Naboen min","Makai","Willie Colón & Rubén Blades","Jowell & Randy","Nicole & Hugo","Sandy & Papo"]},{"index":1,"name":"col1","values":["Leeds","Long Beach","New York City","Japan","New York City","St. Louis","St. Louis","Ulaanbaatar","Alta","New Orleans","Brisbane","Orlando","Seoul","Luanda","Norheimsund","Hanau","New York City","San Juan","Wemmel","Santo Domingo"]},{"index":2,"name":"col2","values":["Marc Almond","Kurupt","Armand Van Helden","Haruko Momoi","Vast Aire","Tina Turner","Laura Les","Vande","Thomas S. Nilsen","Turk Dietrich","Karm","DJ Chino","Lai Guan-lin","Pedro Fernando","Vegard Markhus","Kabuki","Rubén Blades","Jowell","Nicole","Sandy"]}]},"context":{"page_title":null,"page_url":null,"page_entity_id":null,"content_hierarchy":[]},"links":[[[{"start":0,"end":9,"url":null,"entity_id":"Q1329303","candidates":[]}],[{"start":0,"end":5,"url":null,"entity_id":"Q39121","candidates":[]}],[{"start":0,"end":11,"url":null,"entity_id":"Q452166","candidates":[]}]],[[{"start":0,"end":14,"url":null,"entity_id":"Q1070141","candidates":[]}],[{"start":0,"end":10,"url":null,"entity_id":"Q16739","candidates":[]}],[{"start":0,"end":6,"url":null,"entity_id":"Q448930","candidates":[]}]],[[{"start":0,"end":10,"url":null,"entity_id":"Q1165307","candidates":[]}],[{"start":0,"end":13,"url":null,"entity_id":"Q60","candidates":[]}],[{"start":0,"end":17,"url":null,"entity_id":"Q437559","candidates":[]}]],[[{"start":0,"end":7,"url":null,"entity_id":"Q1149846","candidates":[]}],[{"start":0,"end":5,"url":null,"entity_id":"Q17","candidates":[]}],[{"start":0,"end":12,"url":null,"entity_id":"Q264989","candidates":[]}]],[[{"start":0,"end":11,"url":null,"entity_id":"Q1033405","candidates":[]}],[{"start":0,"end":13,"url":null,"entity_id":"Q60","candidates":[]}],[{"start":0,"end":9,"url":null,"entity_id":"Q259295","candidates":[]}]],[[{"start":0,"end":17,"url":null,"entity_id":"Q1165506","candidates":[]}],[{"start":0,"end":9,"url":null,"entity_id":"Q38022","candidates":[]}],[{"start":0,"end":11,"url":null,"entity_id":"Q131814","candidates":[]}]],[[{"start":0,"end":8,"url":null,"entity_id":"Q67556784","candidates":[]}],[{"start":0,"end":9,"url":null,"entity_id":"Q38022","candidates":[]}],[{"start":0,"end":9,"url":null,"entity_id":"Q85322559","candidates":[]}]],[[{"start":0,"end":7,"url":null,"entity_id":"Q79426609","candidates":[]}],[{"start":0,"end":11,"url":null,"entity_id":"Q23430","candidates":[]}],[{"start":0,"end":5,"url":null,"entity_id":"Q79427333","candidates":[]}]],[[{"start":0,"end":9,"url":null,"entity_id":"Q70722347","candidates":[]}],[{"start":0,"end":4,"url":null,"entity_id":"Q6535","candidates":[]}],[{"start":0,"end":16,"url":null,"entity_id":"Q70740755","candidates":[]}]],[[{"start":0,"end":10,"url":null,"entity_id":"Q69497037","candidates":[]}],[{"start":0,"end":11,"url":null,"entity_id":"Q34404","candidates":[]}],[{"start":0,"end":13,"url":null,"entity_id":"Q68553825","candidates":[]}]],[[{"start":0,"end":9,"url":null,"entity_id":"Q66190228","candidates":[]}],[{"start":0,"end":8,"url":null,"entity_id":"Q34932","candidates":[]}],[{"start":0,"end":4,"url":null,"entity_id":"Q67077131","candidates":[]}]],[[{"start":0,"end":9,"url":null,"entity_id":"Q63132476","candidates":[]}],[{"start":0,"end":7,"url":null,"entity_id":"Q49233","candidates":[]}],[{"start":0,"end":8,"url":null,"entity_id":"Q63131662","candidates":[]}]],[[{"start":0,"end":17,"url":null,"entity_id":"Q63098891","candidates":[]}],[{"start":0,"end":5,"url":null,"entity_id":"Q8684","candidates":[]}],[{"start":0,"end":12,"url":null,"entity_id":"Q30311684","candidates":[]}]],[[{"start":0,"end":12,"url":null,"entity_id":"Q65028759","candidates":[]}],[{"start":0,"end":6,"url":null,"entity_id":"Q3897","candidates":[]}],[{"start":0,"end":14,"url":null,"entity_id":"Q30201990","candidates":[]}]],[[{"start":0,"end":10,"url":null,"entity_id":"Q61755170","candidates":[]}],[{"start":0,"end":11,"url":null,"entity_id":"Q999333","candidates":[]}],[{"start":0,"end":14,"url":null,"entity_id":"Q6535031","candidates":[]}]],[[{"start":0,"end":5,"url":null,"entity_id":"Q82049783","candidates":[]}],[{"start":0,"end":5,"url":null,"entity_id":"Q3802","candidates":[]}],[{"start":0,"end":6,"url":null,"entity_id":"Q1720851","candidates":[]}]],[[{"start":0,"end":27,"url":null,"entity_id":"Q66703489","candidates":[]}],[{"start":0,"end":13,"url":null,"entity_id":"Q60","candidates":[]}],[{"start":0,"end":12,"url":null,"entity_id":"Q474980","candidates":[]}]],[[{"start":0,"end":14,"url":null,"entity_id":"Q1543804","candidates":[]}],[{"start":0,"end":8,"url":null,"entity_id":"Q41211","candidates":[]}],[{"start":0,"end":6,"url":null,"entity_id":"Q37946063","candidates":[]}]],[[{"start":0,"end":13,"url":null,"entity_id":"Q1536725","candidates":[]}],[{"start":0,"end":6,"url":null,"entity_id":"Q913195","candidates":[]}],[{"start":0,"end":6,"url":null,"entity_id":"Q37946002","candidates":[]}]],[[{"start":0,"end":12,"url":null,"entity_id":"Q1529927","candidates":[]}],[{"start":0,"end":13,"url":null,"entity_id":"Q34820","candidates":[]}],[{"start":0,"end":5,"url":null,"entity_id":"Q37945973","candidates":[]}]]]}