{"version":"1.2","table":{"version":"2","table_id":"UEC5TSVM","columns":[{"index":0,"name":"col0","values":["tantalum-190","tantalum-189","tantalum-188","tantalum-187","tantalum-186m","tantalum-186","tantalum-185","tantalum-184","tantalum-183","tantalum-182","tantalum-182m2","tantalum-182m1","tantalum-173","tantalum-172","tantalum-171","tantalum-170","tantalum-169","tantalum-168","tantalum-167","tantalum-166"]},{"index":1,"name":"col1","values":["tungsten-190","tungsten-189","tungsten-188","tungsten-187","tungsten-186","tungsten-186","tungsten-185","tungsten-184","tungsten-183","tungsten-182","tantalum-182","tantalum-182","hafnium-173","hafnium-172","hafnium-171","hafnium-170","hafnium-169","hafnium-168","hafnium-167","hafnium-166"]},{"index":2,"name":"col2","values":["5.3","1.6","19.6","2.3","1.54","1.54","49.4","8.7","5.1","114.74","15.84","283","3.14","36.8","23.3","6.76","4.9","2","80","34.4"]},{"index":3,"name":"col3","values":["117","116","115","114","113","113","112","111","110","109","109","109","100","99","98","97","96","95","94","93"]}]},"context":{"page_title":null,"page_url":null,"page_entity_id":null,"content_hierarchy":[]},"links":[[[{"start":0,"end":12,"url":null,"entity_id":"Q18882819","candidates":[]}],[{"start":0,"end":12,"url":null,"entity_id":"Q18882878","candidates":[]}],[],[]],[[{"start":0,"end":12,"url":null,"entity_id":"Q18882818","candidates":[]}],[{"start":0,"end":12,"url":null,"entity_id":"Q18882877","candidates":[]}],[],[]],[[{"start":0,"end":12,"url":null,"entity_id":"Q18882817","candidates":[]}],[{"start":0,"end":12,"url":null,"entity_id":"Q18882876","candidates":[]}],[],[]],[[{"start":0,"end":12,"url":null,"entity_id":"Q18882816","candidates":[]}],[{"start":0,"end":12,"url":null,"entity_id":"Q18882875","candidates":[]}],[],[]],[[{"start":0,"end":13,"url":null,"entity_id":"Q18882815","candidates":[]}],[{"start":0,"end":12,"url":null,"entity_id":"Q18882871","candidates":[]}],[],[]],[[{"start":0,"end":12,"url":null,"entity_id":"Q18882814","candidates":[]}],[{"start":0,"end":12,"url":null,"entity_id":"Q18882871","candidates":[]}],[],[]],[[{"start":0,"end":12,"url":null,"entity_id":"Q18085907","candidates":[]}],[{"start":0,"end":12,"url":null,"entity_id":"Q18882869","candidates":[]}],[],[]],[[{"start":0,"end":12,"url":null,"entity_id":"Q18882811","candidates":[]}],[{"start":0,"end":12,"url":null,"entity_id":"Q18882868","candidates":[]}],[],[]],[[{"start":0,"end":12,"url":null,"entity_id":"Q18882809","candidates":[]}],[{"start":0,"end":12,"url":null,"entity_id":"Q18882866","candidates":[]}],[],[]],[[{"start":0,"end":12,"url":null,"entity_id":"Q18882806","candidates":[]}],[{"start":0,"end":12,"url":null,"entity_id":"Q18882864","candidates":[]}],[],[]],[[{"start":0,"end":14,"url":null,"entity_id":"Q18882808","candidates":[]}],[{"start":0,"end":12,"url":null,"entity_id":"Q18882806","candidates":[]}],[],[]],[[{"start":0,"end":14,"url":null,"entity_id":"Q18882807","candidates":[]}],[{"start":0,"end":12,"url":null,"entity_id":"Q18882806","candidates":[]}],[],[]],[[{"start":0,"end":12,"url":null,"entity_id":"Q18882772","candidates":[]}],[{"start":0,"end":11,"url":null,"entity_id":"Q18882714","candidates":[]}],[],[]],[[{"start":0,"end":12,"url":null,"entity_id":"Q18085941","candidates":[]}],[{"start":0,"end":11,"url":null,"entity_id":"Q18882712","candidates":[]}],[],[]],[[{"start":0,"end":12,"url":null,"entity_id":"Q18882770","candidates":[]}],[{"start":0,"end":11,"url":null,"entity_id":"Q18882710","candidates":[]}],[],[]],[[{"start":0,"end":12,"url":null,"entity_id":"Q18882769","candidates":[]}],[{"start":0,"end":11,"url":null,"entity_id":"Q18882709","candidates":[]}],[],[]],[[{"start":0,"end":12,"url":null,"entity_id":"Q18882767","candidates":[]}],[{"start":0,"end":11,"url":null,"entity_id":"Q18882708","candidates":[]}],[],[]],[[{"start":0,"end":12,"url":null,"entity_id":"Q18882766","candidates":[]}],[{"start":0,"end":11,"url":null,"entity_id":"Q18882707","candidates":[]}],[],[]],[[{"start":0,"end":12,"url":null,"entity_id":"Q18882765","candidates":[]}],[{"start":0,"end":11,"url":null,"entity_id":"Q18882706","candidates":[]}],[],[]],[[{"start":0,"end":12,"url":null,"entity_id":"Q18882764","candidates":[]}],[{"start":0,"end":11,"url":null,"entity_id":"Q18882705","candidates":[]}],[],[]]]}