[{"version":1,"nodes":[{"col_index":0,"label":"col0","id":0},{"col_index":1,"label":"col1","id":1},{"col_index":2,"label":"col2","id":2},{"abs_uri":"http://www.wikidata.org/entity/Q1369686","rel_uri":"wd:Q1369686","approximation":false,"readable_label":"isotope of uranium (Q1369686)","id":3}],"edges":[{"source":3,"target":0,"abs_uri":"http://www.w3.org/2000/01/rdf-schema#label","rel_uri":"rdfs:label","approximation":false,"readable_label":"rdfs:label","id":0},{"source":3,"target":2,"abs_uri":"http://www.wikidata.org/prop/P816","rel_uri":"p:P816","approximation":false,"readable_label":"decays to (P816)","id":1},{"source":3,"target":1,"abs_uri":"http://www.wikidata.org/prop/P2154","rel_uri":"p:P2154","approximation":false,"readable_label":"binding energy (P2154)","id":2}]}]