[{"version":1,"nodes":[{"col_index":0,"label":"col0","id":0},{"col_index":1,"label":"col1","id":1},{"col_index":2,"label":"col2","id":2},{"col_index":3,"label":"col3","id":3},{"abs_uri":"http://www.wikidata.org/entity/Q5848","rel_uri":"wd:Q5848","approximation":false,"readable_label":"blue straggler (Q5848)","id":4}],"edges":[{"source":4,"target":0,"abs_uri":"http://www.w3.org/2000/01/rdf-schema#label","rel_uri":"rdfs:label","approximation":false,"readable_label":"rdfs:label","id":0},{"source":4,"target":1,"abs_uri":"http://www.wikidata.org/prop/P2214","rel_uri":"p:P2214","approximation":false,"readable_label":"parallax (P2214)","id":1},{"source":4,"target":2,"abs_uri":"http://www.wikidata.org/prop/P2216","rel_uri":"p:P2216","approximation":false,"readable_label":"radial velocity (P2216)","id":2},{"source":4,"target":3,"abs_uri":"http://www.wikidata.org/prop/P2583","rel_uri":"p:P2583","approximation":false,"readable_label":"distance from Earth (P2583)","id":3}]}]