[{"version":1,"nodes":[{"col_index":0,"label":"col0","id":0},{"col_index":1,"label":"col1","id":1},{"col_index":2,"label":"col2","id":2},{"abs_uri":"http://www.wikidata.org/entity/Q15280243","rel_uri":"wd:Q15280243","approximation":false,"readable_label":"mayoral election (Q15280243)","id":3}],"edges":[{"source":3,"target":0,"abs_uri":"http://www.w3.org/2000/01/rdf-schema#label","rel_uri":"rdfs:label","approximation":false,"readable_label":"rdfs:label","id":0},{"source":3,"target":1,"abs_uri":"http://www.wikidata.org/prop/P5044","rel_uri":"p:P5044","approximation":false,"readable_label":"number of spoilt votes (P5044)","id":1},{"source":3,"target":2,"abs_uri":"http://www.wikidata.org/prop/P5043","rel_uri":"p:P5043","approximation":false,"readable_label":"number of abstentions (P5043)","id":2}]}]