[{"version":1,"nodes":[{"col_index":0,"label":"col0","id":0},{"col_index":1,"label":"col1","id":1},{"col_index":2,"label":"col2","id":2},{"col_index":3,"label":"col3","id":3},{"col_index":4,"label":"col4","id":4},{"abs_uri":"http://www.wikidata.org/entity/Q171043","rel_uri":"wd:Q171043","approximation":false,"readable_label":"steam locomotive (Q171043)","id":5},{"abs_uri":"http://www.wikidata.org/entity/Q214519","rel_uri":"wd:Q214519","approximation":false,"readable_label":"track gauge (Q214519)","id":6}],"edges":[{"source":5,"target":0,"abs_uri":"http://www.w3.org/2000/01/rdf-schema#label","rel_uri":"rdfs:label","approximation":false,"readable_label":"rdfs:label","id":0},{"source":6,"target":4,"abs_uri":"http://www.w3.org/2000/01/rdf-schema#label","rel_uri":"rdfs:label","approximation":false,"readable_label":"rdfs:label","id":1},{"source":5,"target":2,"abs_uri":"http://www.wikidata.org/prop/P137","rel_uri":"p:P137","approximation":false,"readable_label":"operator (P137)","id":2},{"source":5,"target":3,"abs_uri":"http://www.wikidata.org/prop/P276","rel_uri":"p:P276","approximation":false,"readable_label":"location (P276)","id":3},{"source":5,"target":6,"abs_uri":"http://www.wikidata.org/prop/P1064","rel_uri":"p:P1064","approximation":false,"readable_label":"track gauge (P1064)","id":4},{"source":5,"target":1,"abs_uri":"http://www.wikidata.org/prop/P730","rel_uri":"p:P730","approximation":false,"readable_label":"service retirement (P730)","id":5}]}]