[{"version":1,"nodes":[{"col_index":0,"label":"col0","id":0},{"col_index":1,"label":"col1","id":1},{"col_index":2,"label":"col2","id":2},{"abs_uri":"http://www.wikidata.org/entity/Q728937","rel_uri":"wd:Q728937","approximation":false,"readable_label":"railway line (Q728937)","id":3},{"abs_uri":"http://www.wikidata.org/entity/Q214519","rel_uri":"wd:Q214519","approximation":false,"readable_label":"track gauge (Q214519)","id":4}],"edges":[{"source":3,"target":0,"abs_uri":"http://www.w3.org/2000/01/rdf-schema#label","rel_uri":"rdfs:label","approximation":false,"readable_label":"rdfs:label","id":0},{"source":4,"target":2,"abs_uri":"http://www.w3.org/2000/01/rdf-schema#label","rel_uri":"rdfs:label","approximation":false,"readable_label":"rdfs:label","id":1},{"source":3,"target":4,"abs_uri":"http://www.wikidata.org/prop/P1064","rel_uri":"p:P1064","approximation":false,"readable_label":"track gauge (P1064)","id":2},{"source":3,"target":1,"abs_uri":"http://www.wikidata.org/prop/P2595","rel_uri":"p:P2595","approximation":false,"readable_label":"maximum gradient (P2595)","id":3}]}]