[
  {
    "version": 1,
    "nodes": [
      {
        "id": "c-1",
        "abs_uri": "http://www.wikidata.org/entity/Q5",
        "rel_uri": "wd:Q5",
        "approximation": false,
        "readable_label": null
      },
      {
        "id": "d:c-1",
        "col_index": 1,
        "label": "Bowler"
      },
      {
        "id": "c-3",
        "abs_uri": "http://www.wikidata.org/entity/Q17376093",
        "rel_uri": "wd:Q17376093",
        "approximation": false,
        "readable_label": null
      },
      {
        "id": "d:c-3",
        "col_index": 3,
        "label": "Team"
      },
      {
        "id": "d-0",
        "col_index": 0,
        "label": "No."
      },
      {
        "id": "d-2",
        "col_index": 2,
        "label": "Date"
      },
      {
        "id": "d-4",
        "col_index": 4,
        "label": "Opposing Team"
      },
      {
        "id": "d-5",
        "col_index": 5,
        "label": "Inn"
      },
      {
        "id": "d-6",
        "col_index": 6,
        "label": "O"
      },
      {
        "id": "d-7",
        "col_index": 7,
        "label": "R"
      },
      {
        "id": "d-8",
        "col_index": 8,
        "label": "W"
      },
      {
        "id": "d-9",
        "col_index": 9,
        "label": "Econ"
      },
      {
        "id": "d-10",
        "col_index": 10,
        "label": "Batsmen"
      },
      {
        "id": "d-11",
        "col_index": 11,
        "label": "Result"
      },
      {
        "id": "c-0",
        "abs_uri": "http://www.wikidata.org/entity/Q17376093",
        "rel_uri": "wd:Q17376093",
        "approximation": false,
        "readable_label": null
      },
      {
        "id": "c-2",
        "abs_uri": "http://www.wikidata.org/entity/Q5",
        "rel_uri": "wd:Q5",
        "approximation": false,
        "readable_label": null
      }
    ],
    "edges": [
      {
        "source": "c-1",
        "target": "d:c-1",
        "abs_uri": "http://www.w3.org/2000/01/rdf-schema#label",
        "rel_uri": "rdfs:label",
        "approximation": false,
        "readable_label": null,
        "id": 1
      },
      {
        "source": "c-1",
        "target": "c-3",
        "abs_uri": "http://www.wikidata.org/prop/P54",
        "rel_uri": "p:P54",
        "approximation": false,
        "readable_label": null,
        "id": 2
      },
      {
        "source": "c-3",
        "target": "d:c-3",
        "abs_uri": "http://www.w3.org/2000/01/rdf-schema#label",
        "rel_uri": "rdfs:label",
        "approximation": false,
        "readable_label": null,
        "id": 3
      },
      {
        "source": "c-0",
        "target": "d-4",
        "abs_uri": "http://www.w3.org/2000/01/rdf-schema#label",
        "rel_uri": "rdfs:label",
        "approximation": false,
        "readable_label": null,
        "id": 4
      },
      {
        "source": "c-2",
        "target": "d-10",
        "abs_uri": "http://www.w3.org/2000/01/rdf-schema#label",
        "rel_uri": "rdfs:label",
        "approximation": false,
        "readable_label": null,
        "id": 5
      },
      {
        "source": "c-2",
        "target": "c-0",
        "abs_uri": "http://www.wikidata.org/prop/P54",
        "rel_uri": "p:P54",
        "approximation": false,
        "readable_label": null,
        "id": 6
      }
    ]
  }
]