{"version":"1.2","table":{"version":"2","table_id":"F8G54ARC","columns":[{"index":0,"name":"col0","values":["Neittenlinna","Velkala 3 (Lahdenpelto)","Velkala 1","Grönlund","Sassinmäki","Kiiliä","Katajamäki","Kaunisto","Maunu","Ahtelan Myllymäki","Kömpänmäki","Pietilä II","Samppamaa","Ahtela","Pietilä","Prutanmäki","Vilusenharju","Kirves","Kulmavuori","Ahtiala"]},{"index":1,"name":"col1","values":["Urjala","Urjala","Urjala","Ylöjärvi","Valkeakoski","Valkeakoski","Salo","Uusikaupunki","Uusikaupunki","Uusikaupunki","Uusikaupunki","Uusikaupunki","Uusikaupunki","Uusikaupunki","Uusikaupunki","Vaasa","Tampere","Turku","Viitasaari","Vehmaa"]},{"index":2,"name":"col2","values":["registered archaeological site in Finland","registered archaeological site in Finland","registered archaeological site in Finland","registered archaeological site in Finland","registered archaeological site in Finland","registered archaeological site in Finland","registered archaeological site in Finland","registered archaeological site in Finland","registered archaeological site in Finland","registered archaeological site in Finland","registered archaeological site in Finland","registered archaeological site in Finland","registered archaeological site in Finland","registered archaeological site in Finland","registered archaeological site in Finland","registered archaeological site in Finland","registered archaeological site in Finland","registered archaeological site in Finland","registered archaeological site in Finland","registered archaeological site in Finland"]},{"index":3,"name":"col3","values":["Iron Age","Iron Age","Iron Age","Iron Age","Iron Age","Iron Age","Iron Age","Iron Age","Iron Age","Iron Age","Iron Age","Iron Age","Iron Age","Iron Age","Iron Age","Iron Age","Iron Age","Iron Age","Bronze Age","Bronze Age"]}]},"context":{"page_title":null,"page_url":null,"page_entity_id":null,"content_hierarchy":[]},"links":[[[{"start":0,"end":12,"url":null,"entity_id":"Q65109791","candidates":[]}],[{"start":0,"end":6,"url":null,"entity_id":"Q636459","candidates":[]}],[{"start":0,"end":41,"url":null,"entity_id":"Q31027091","candidates":[]}],[{"start":0,"end":8,"url":null,"entity_id":"Q11764","candidates":[]}]],[[{"start":0,"end":23,"url":null,"entity_id":"Q65109775","candidates":[]}],[{"start":0,"end":6,"url":null,"entity_id":"Q636459","candidates":[]}],[{"start":0,"end":41,"url":null,"entity_id":"Q31027091","candidates":[]}],[{"start":0,"end":8,"url":null,"entity_id":"Q11764","candidates":[]}]],[[{"start":0,"end":9,"url":null,"entity_id":"Q65109773","candidates":[]}],[{"start":0,"end":6,"url":null,"entity_id":"Q636459","candidates":[]}],[{"start":0,"end":41,"url":null,"entity_id":"Q31027091","candidates":[]}],[{"start":0,"end":8,"url":null,"entity_id":"Q11764","candidates":[]}]],[[{"start":0,"end":8,"url":null,"entity_id":"Q65110714","candidates":[]}],[{"start":0,"end":8,"url":null,"entity_id":"Q543800","candidates":[]}],[{"start":0,"end":41,"url":null,"entity_id":"Q31027091","candidates":[]}],[{"start":0,"end":8,"url":null,"entity_id":"Q11764","candidates":[]}]],[[{"start":0,"end":10,"url":null,"entity_id":"Q65110104","candidates":[]}],[{"start":0,"end":11,"url":null,"entity_id":"Q322126","candidates":[]}],[{"start":0,"end":41,"url":null,"entity_id":"Q31027091","candidates":[]}],[{"start":0,"end":8,"url":null,"entity_id":"Q11764","candidates":[]}]],[[{"start":0,"end":6,"url":null,"entity_id":"Q65110079","candidates":[]}],[{"start":0,"end":11,"url":null,"entity_id":"Q322126","candidates":[]}],[{"start":0,"end":41,"url":null,"entity_id":"Q31027091","candidates":[]}],[{"start":0,"end":8,"url":null,"entity_id":"Q11764","candidates":[]}]],[[{"start":0,"end":10,"url":null,"entity_id":"Q65465173","candidates":[]}],[{"start":0,"end":4,"url":null,"entity_id":"Q210987","candidates":[]}],[{"start":0,"end":41,"url":null,"entity_id":"Q31027091","candidates":[]}],[{"start":0,"end":8,"url":null,"entity_id":"Q11764","candidates":[]}]],[[{"start":0,"end":8,"url":null,"entity_id":"Q65109990","candidates":[]}],[{"start":0,"end":12,"url":null,"entity_id":"Q207295","candidates":[]}],[{"start":0,"end":41,"url":null,"entity_id":"Q31027091","candidates":[]}],[{"start":0,"end":8,"url":null,"entity_id":"Q11764","candidates":[]}]],[[{"start":0,"end":5,"url":null,"entity_id":"Q65109989","candidates":[]}],[{"start":0,"end":12,"url":null,"entity_id":"Q207295","candidates":[]}],[{"start":0,"end":41,"url":null,"entity_id":"Q31027091","candidates":[]}],[{"start":0,"end":8,"url":null,"entity_id":"Q11764","candidates":[]}]],[[{"start":0,"end":17,"url":null,"entity_id":"Q65109978","candidates":[]}],[{"start":0,"end":12,"url":null,"entity_id":"Q207295","candidates":[]}],[{"start":0,"end":41,"url":null,"entity_id":"Q31027091","candidates":[]}],[{"start":0,"end":8,"url":null,"entity_id":"Q11764","candidates":[]}]],[[{"start":0,"end":10,"url":null,"entity_id":"Q65109977","candidates":[]}],[{"start":0,"end":12,"url":null,"entity_id":"Q207295","candidates":[]}],[{"start":0,"end":41,"url":null,"entity_id":"Q31027091","candidates":[]}],[{"start":0,"end":8,"url":null,"entity_id":"Q11764","candidates":[]}]],[[{"start":0,"end":10,"url":null,"entity_id":"Q65109937","candidates":[]}],[{"start":0,"end":12,"url":null,"entity_id":"Q207295","candidates":[]}],[{"start":0,"end":41,"url":null,"entity_id":"Q31027091","candidates":[]}],[{"start":0,"end":8,"url":null,"entity_id":"Q11764","candidates":[]}]],[[{"start":0,"end":9,"url":null,"entity_id":"Q65109936","candidates":[]}],[{"start":0,"end":12,"url":null,"entity_id":"Q207295","candidates":[]}],[{"start":0,"end":41,"url":null,"entity_id":"Q31027091","candidates":[]}],[{"start":0,"end":8,"url":null,"entity_id":"Q11764","candidates":[]}]],[[{"start":0,"end":6,"url":null,"entity_id":"Q65109933","candidates":[]}],[{"start":0,"end":12,"url":null,"entity_id":"Q207295","candidates":[]}],[{"start":0,"end":41,"url":null,"entity_id":"Q31027091","candidates":[]}],[{"start":0,"end":8,"url":null,"entity_id":"Q11764","candidates":[]}]],[[{"start":0,"end":7,"url":null,"entity_id":"Q65109914","candidates":[]}],[{"start":0,"end":12,"url":null,"entity_id":"Q207295","candidates":[]}],[{"start":0,"end":41,"url":null,"entity_id":"Q31027091","candidates":[]}],[{"start":0,"end":8,"url":null,"entity_id":"Q11764","candidates":[]}]],[[{"start":0,"end":10,"url":null,"entity_id":"Q65109993","candidates":[]}],[{"start":0,"end":5,"url":null,"entity_id":"Q125080","candidates":[]}],[{"start":0,"end":41,"url":null,"entity_id":"Q31027091","candidates":[]}],[{"start":0,"end":8,"url":null,"entity_id":"Q11764","candidates":[]}]],[[{"start":0,"end":12,"url":null,"entity_id":"Q65109580","candidates":[]}],[{"start":0,"end":7,"url":null,"entity_id":"Q40840","candidates":[]}],[{"start":0,"end":41,"url":null,"entity_id":"Q31027091","candidates":[]}],[{"start":0,"end":8,"url":null,"entity_id":"Q11764","candidates":[]}]],[[{"start":0,"end":6,"url":null,"entity_id":"Q65109720","candidates":[]}],[{"start":0,"end":5,"url":null,"entity_id":"Q38511","candidates":[]}],[{"start":0,"end":41,"url":null,"entity_id":"Q31027091","candidates":[]}],[{"start":0,"end":8,"url":null,"entity_id":"Q11764","candidates":[]}]],[[{"start":0,"end":10,"url":null,"entity_id":"Q65110341","candidates":[]}],[{"start":0,"end":10,"url":null,"entity_id":"Q935847","candidates":[]}],[{"start":0,"end":41,"url":null,"entity_id":"Q31027091","candidates":[]}],[{"start":0,"end":10,"url":null,"entity_id":"Q11761","candidates":[]}]],[[{"start":0,"end":7,"url":null,"entity_id":"Q65110180","candidates":[]}],[{"start":0,"end":6,"url":null,"entity_id":"Q807905","candidates":[]}],[{"start":0,"end":41,"url":null,"entity_id":"Q31027091","candidates":[]}],[{"start":0,"end":10,"url":null,"entity_id":"Q11761","candidates":[]}]]]}