{"version":"1.2","table":{"version":"2","table_id":"F8MSR2U2","columns":[{"index":0,"name":"col0","values":["Washkngton County","St. Fraqcis County","Nonoke County","Ouchita Founty","Scott Crunty","Perry Eounty","Union Cownty","Baxter Counuy","Franklin Couny","Garland Covnty","Johnson#County","Iard County","CleburneCounty","Cross!County","Howard Coxnty","Eleveland County","esha Couoty","Bradley Count","Benton Couqty","Grgee County"]},{"index":1,"name":"col1","values":["2451.24","1680.64","2067.61","1929.4119999999998","2323.674","1443.288","2743.932","1526.08","1603.395","1916.321","1785.68","1508.461","1536.066","1612.0","1555.878","1554.102","2110.262","1683.135","2300.52","1485.99"]},{"index":2,"name":"col2","values":["215327.95","27069.18","70328.482","25227.017999999996","10873.35","10241.55","41060.246","41202.742","17889.728","96298.443","25716.77","13381.367999999999","25942.86","17583.096","13581.0","8558.628","12592.534999999998","11192.755","238246.188","43053.903"]},{"index":3,"name":"col3","values":["0.5958","1.1904","3.968","0.8946000000000001","0.6023999999999999","1.616","1.494","5.549499999999999","1.7050999999999998","7.6384","3.3796","0.6048","6.526","0.991","1.0978","0.1986","6.2433","0.6036","4.104099999999999","0.3024"]}]},"context":{"page_title":null,"page_url":null,"page_entity_id":null,"content_hierarchy":[]},"links":[[[{"start":0,"end":17,"url":null,"entity_id":"Q61148","candidates":[]}],[],[],[]],[[{"start":0,"end":18,"url":null,"entity_id":"Q61145","candidates":[]}],[],[],[]],[[{"start":0,"end":13,"url":null,"entity_id":"Q61143","candidates":[]}],[],[],[]],[[{"start":0,"end":14,"url":null,"entity_id":"Q61138","candidates":[]}],[],[],[]],[[{"start":0,"end":12,"url":null,"entity_id":"Q61135","candidates":[]}],[],[],[]],[[{"start":0,"end":12,"url":null,"entity_id":"Q61131","candidates":[]}],[],[],[]],[[{"start":0,"end":12,"url":null,"entity_id":"Q61129","candidates":[]}],[],[],[]],[[{"start":0,"end":13,"url":null,"entity_id":"Q61086","candidates":[]}],[],[],[]],[[{"start":0,"end":14,"url":null,"entity_id":"Q61084","candidates":[]}],[],[],[]],[[{"start":0,"end":14,"url":null,"entity_id":"Q61077","candidates":[]}],[],[],[]],[[{"start":0,"end":14,"url":null,"entity_id":"Q61048","candidates":[]}],[],[],[]],[[{"start":0,"end":11,"url":null,"entity_id":"Q61042","candidates":[]}],[],[],[]],[[{"start":0,"end":14,"url":null,"entity_id":"Q61039","candidates":[]}],[],[],[]],[[{"start":0,"end":12,"url":null,"entity_id":"Q61036","candidates":[]}],[],[],[]],[[{"start":0,"end":13,"url":null,"entity_id":"Q61034","candidates":[]}],[],[],[]],[[{"start":0,"end":16,"url":null,"entity_id":"Q61032","candidates":[]}],[],[],[]],[[{"start":0,"end":11,"url":null,"entity_id":"Q61029","candidates":[]}],[],[],[]],[[{"start":0,"end":13,"url":null,"entity_id":"Q61024","candidates":[]}],[],[],[]],[[{"start":0,"end":13,"url":null,"entity_id":"Q61020","candidates":[]}],[],[],[]],[[{"start":0,"end":12,"url":null,"entity_id":"Q61018","candidates":[]}],[],[],[]]]}