{"version":"1.2","table":{"version":"2","table_id":"F94L3WWD","columns":[{"index":0,"name":"col0","values":["Treatment of fluvialy deposited streamside mine waste - material from Nine Mile Creek, Idaho","Effective hazard recognition training uuing a latent-image, three-dimensional slide simulation exercise","Self-contained self/rescuer field evaluation: fourth-phase results","WkiCite 2016 Report","Secondary explosion hazards during blasting in oil shale and sulfideore mines","Economics of safet{ at surface mine spoil piles","Test results of collision warning ystens for surface mining dump trucks","Performance comparjson of rescue breathing apparatus","Cpncluding evaluation of a continuous haulage guidance sensor","Investigation of coal propertiesand airborne respirable dust generation","Evaluation of reinforcedcementitious seals","Material properties affecting the stability of a 50-year-old rock dump in an active mjne","Evaluating the ventilation of a 40-foot two-pss extended cut","Modeo for the structure of round-strand wire ropes","Full-scale testng of the float dust deposition meter","Rock mechanics study of shaft stability and pillar mining, omestake Mine, Lead, South Dakota (in three parts) 2. Mine measurements and confirmation of preliminary results","Design methods to enhance the capacity, stiffness, and timbeu utilization of wood","Carbochlorknation of Fly Ash in a Fused Salt Slurry Reactor","The Chemical Properties of Silica Particle Surface in Relation to Silica-cell Interadtions","Role of Free Radicals in the Mechanisms ofHemolysis and Lipid Peroxidation by Silica: Comparative Esr and Cytotoxicity Studies"]},{"index":1,"name":"col1","values":["National Institute for Occupational Safety and Health","National Institute for Occupational Safety and Health","National Institute for Occupational Safety and Health","Wikimedia Foundation","National Institute for Occupational Safety and Health","National Institute for Occupational Safety and Health","National Institute for Occupational Safety and Health","National Institute for Occupational Safety and Health","National Institute for Occupational Safety and Health","National Institute for Occupational Safety and Health","National Institute for Occupational Safety and Health","National Institute for Occupational Safety and Health","National Institute for Occupational Safety and Health","National Institute for Occupational Safety and Health","National Institute for Occupational Safety and Health","National Institute for Occupational Safety and Health","National Institute for Occupational Safety and Health","National Institute for Occupational Safety and Health","National Institute for Occupational Safety and Health","National Institute for Occupational Safety and Health"]},{"index":2,"name":"col2","values":["Report of investigations","Report of investigations","Report of investigations","Wikimedia Commons","Report of investigations","Report of investigations","Report of investigations","Report of investigations","Report of investigations","Report of investigations","Report of investigations","Report of investigations","Report of investigations","Report of investigations","Report of investigations","Report of investigations","Report of investigations","Materials Research Society symposia proceedings","Journal of Toxicology and Environmental Health","Journal of Toxicology and Environmental Health"]}]},"context":{"page_title":null,"page_url":null,"page_entity_id":null,"content_hierarchy":[]},"links":[[[{"start":0,"end":92,"url":null,"entity_id":"Q26374656","candidates":[]}],[{"start":0,"end":53,"url":null,"entity_id":"Q60346","candidates":[]}],[{"start":0,"end":24,"url":null,"entity_id":"Q26840010","candidates":[]}]],[[{"start":0,"end":103,"url":null,"entity_id":"Q26378577","candidates":[]}],[{"start":0,"end":53,"url":null,"entity_id":"Q60346","candidates":[]}],[{"start":0,"end":24,"url":null,"entity_id":"Q26840010","candidates":[]}]],[[{"start":0,"end":66,"url":null,"entity_id":"Q26377556","candidates":[]}],[{"start":0,"end":53,"url":null,"entity_id":"Q60346","candidates":[]}],[{"start":0,"end":24,"url":null,"entity_id":"Q26840010","candidates":[]}]],[[{"start":0,"end":19,"url":null,"entity_id":"Q28843308","candidates":[]}],[{"start":0,"end":20,"url":null,"entity_id":"Q180","candidates":[]}],[{"start":0,"end":17,"url":null,"entity_id":"Q565","candidates":[]}]],[[{"start":0,"end":77,"url":null,"entity_id":"Q26374644","candidates":[]}],[{"start":0,"end":53,"url":null,"entity_id":"Q60346","candidates":[]}],[{"start":0,"end":24,"url":null,"entity_id":"Q26840010","candidates":[]}]],[[{"start":0,"end":47,"url":null,"entity_id":"Q26374296","candidates":[]}],[{"start":0,"end":53,"url":null,"entity_id":"Q60346","candidates":[]}],[{"start":0,"end":24,"url":null,"entity_id":"Q26840010","candidates":[]}]],[[{"start":0,"end":71,"url":null,"entity_id":"Q26374215","candidates":[]}],[{"start":0,"end":53,"url":null,"entity_id":"Q60346","candidates":[]}],[{"start":0,"end":24,"url":null,"entity_id":"Q26840010","candidates":[]}]],[[{"start":0,"end":52,"url":null,"entity_id":"Q26373774","candidates":[]}],[{"start":0,"end":53,"url":null,"entity_id":"Q60346","candidates":[]}],[{"start":0,"end":24,"url":null,"entity_id":"Q26840010","candidates":[]}]],[[{"start":0,"end":61,"url":null,"entity_id":"Q26373669","candidates":[]}],[{"start":0,"end":53,"url":null,"entity_id":"Q60346","candidates":[]}],[{"start":0,"end":24,"url":null,"entity_id":"Q26840010","candidates":[]}]],[[{"start":0,"end":71,"url":null,"entity_id":"Q26373663","candidates":[]}],[{"start":0,"end":53,"url":null,"entity_id":"Q60346","candidates":[]}],[{"start":0,"end":24,"url":null,"entity_id":"Q26840010","candidates":[]}]],[[{"start":0,"end":42,"url":null,"entity_id":"Q26373573","candidates":[]}],[{"start":0,"end":53,"url":null,"entity_id":"Q60346","candidates":[]}],[{"start":0,"end":24,"url":null,"entity_id":"Q26840010","candidates":[]}]],[[{"start":0,"end":88,"url":null,"entity_id":"Q26373566","candidates":[]}],[{"start":0,"end":53,"url":null,"entity_id":"Q60346","candidates":[]}],[{"start":0,"end":24,"url":null,"entity_id":"Q26840010","candidates":[]}]],[[{"start":0,"end":60,"url":null,"entity_id":"Q26373560","candidates":[]}],[{"start":0,"end":53,"url":null,"entity_id":"Q60346","candidates":[]}],[{"start":0,"end":24,"url":null,"entity_id":"Q26840010","candidates":[]}]],[[{"start":0,"end":50,"url":null,"entity_id":"Q26373468","candidates":[]}],[{"start":0,"end":53,"url":null,"entity_id":"Q60346","candidates":[]}],[{"start":0,"end":24,"url":null,"entity_id":"Q26840010","candidates":[]}]],[[{"start":0,"end":52,"url":null,"entity_id":"Q26373243","candidates":[]}],[{"start":0,"end":53,"url":null,"entity_id":"Q60346","candidates":[]}],[{"start":0,"end":24,"url":null,"entity_id":"Q26840010","candidates":[]}]],[[{"start":0,"end":170,"url":null,"entity_id":"Q26373190","candidates":[]}],[{"start":0,"end":53,"url":null,"entity_id":"Q60346","candidates":[]}],[{"start":0,"end":24,"url":null,"entity_id":"Q26840010","candidates":[]}]],[[{"start":0,"end":81,"url":null,"entity_id":"Q26371848","candidates":[]}],[{"start":0,"end":53,"url":null,"entity_id":"Q60346","candidates":[]}],[{"start":0,"end":24,"url":null,"entity_id":"Q26840010","candidates":[]}]],[[{"start":0,"end":59,"url":null,"entity_id":"Q26371897","candidates":[]}],[{"start":0,"end":53,"url":null,"entity_id":"Q60346","candidates":[]}],[{"start":0,"end":47,"url":null,"entity_id":"Q26839757","candidates":[]}]],[[{"start":0,"end":90,"url":null,"entity_id":"Q26371690","candidates":[]}],[{"start":0,"end":53,"url":null,"entity_id":"Q60346","candidates":[]}],[{"start":0,"end":46,"url":null,"entity_id":"Q16749713","candidates":[]}]],[[{"start":0,"end":126,"url":null,"entity_id":"Q26371684","candidates":[]}],[{"start":0,"end":53,"url":null,"entity_id":"Q60346","candidates":[]}],[{"start":0,"end":46,"url":null,"entity_id":"Q16749713","candidates":[]}]]]}