{"version":"1.2","table":{"version":"2","table_id":"FAY7AIKW","columns":[{"index":0,"name":"col0","values":["Gorakhpur division","Basti division","Kanpur division","Jodhpur division","Pune division","Sagar division","Ujjain division","Indore division","Rewa division","Saran division","Patna division","Purnia division","Medak Gulshanabad Division","Chitrakoot division","Moradabad division","Lucknow Division","Faizabad division","Udaipur division","Konkan division","Faridabad division"]},{"index":1,"name":"col1","values":["Gorakhpur","Basti","Kanpur","Jodhpur","Pune","Sagar","Ujjain","Indore","Rewa","Chhapra","Patna","Purnia","Hyderabad","Chitrakoot Dham","Muradabad","Lucknow","Faizabad","Udaipur","Mumbai","Faridabad"]},{"index":2,"name":"col2","values":["Deoria district","Basti district","Kanpur Dehat district","Barmer district","Ahmednagar district","Sagar District","Ujjain district","Indore district","Rewa District","Gopalganj District","Bhojpur district","Araria district","Mahbubnagar district","Mahoba district","Moradabad district","Raebareli district","Ambedkar Nagar district","Rajsamand district","Sindhudurg district","Faridabad district"]},{"index":3,"name":"col3","values":["India","India","India","India","India","India","India","India","India","India","India","India","British Raj","India","India","India","India","India","India","India"]},{"index":4,"name":"col4","values":["Uttar Pradesh","Uttar Pradesh","Uttar Pradesh","Rajasthan","Maharashtra","Madhya Pradesh","Madhya Pradesh","Madhya Pradesh","Madhya Pradesh","Bihar","Bihar","Bihar","Hyderabad State","Uttar Pradesh","Uttar Pradesh","Uttar Pradesh","Uttar Pradesh","Rajasthan","Maharashtra","Haryana"]}]},"context":{"page_title":null,"page_url":null,"page_entity_id":null,"content_hierarchy":[]},"links":[[[{"start":0,"end":18,"url":null,"entity_id":"Q1957949","candidates":[]}],[{"start":0,"end":9,"url":null,"entity_id":"Q5584396","candidates":[]}],[{"start":0,"end":15,"url":null,"entity_id":"Q731746","candidates":[]}],[{"start":0,"end":5,"url":null,"entity_id":"Q668","candidates":[]}],[{"start":0,"end":13,"url":null,"entity_id":"Q1498","candidates":[]}]],[[{"start":0,"end":14,"url":null,"entity_id":"Q2163330","candidates":[]}],[{"start":0,"end":5,"url":null,"entity_id":"Q2574579","candidates":[]}],[{"start":0,"end":14,"url":null,"entity_id":"Q715267","candidates":[]}],[{"start":0,"end":5,"url":null,"entity_id":"Q668","candidates":[]}],[{"start":0,"end":13,"url":null,"entity_id":"Q1498","candidates":[]}]],[[{"start":0,"end":15,"url":null,"entity_id":"Q1656311","candidates":[]}],[{"start":0,"end":6,"url":null,"entity_id":"Q66568","candidates":[]}],[{"start":0,"end":21,"url":null,"entity_id":"Q610612","candidates":[]}],[{"start":0,"end":5,"url":null,"entity_id":"Q668","candidates":[]}],[{"start":0,"end":13,"url":null,"entity_id":"Q1498","candidates":[]}]],[[{"start":0,"end":16,"url":null,"entity_id":"Q1572238","candidates":[]}],[{"start":0,"end":7,"url":null,"entity_id":"Q200019","candidates":[]}],[{"start":0,"end":15,"url":null,"entity_id":"Q42016","candidates":[]}],[{"start":0,"end":5,"url":null,"entity_id":"Q668","candidates":[]}],[{"start":0,"end":9,"url":null,"entity_id":"Q1437","candidates":[]}]],[[{"start":0,"end":13,"url":null,"entity_id":"Q1854679","candidates":[]}],[{"start":0,"end":4,"url":null,"entity_id":"Q1538","candidates":[]}],[{"start":0,"end":19,"url":null,"entity_id":"Q401744","candidates":[]}],[{"start":0,"end":5,"url":null,"entity_id":"Q668","candidates":[]}],[{"start":0,"end":11,"url":null,"entity_id":"Q1191","candidates":[]}]],[[{"start":0,"end":14,"url":null,"entity_id":"Q1854670","candidates":[]}],[{"start":0,"end":5,"url":null,"entity_id":"Q1006355","candidates":[]}],[{"start":0,"end":14,"url":null,"entity_id":"Q2085421","candidates":[]}],[{"start":0,"end":5,"url":null,"entity_id":"Q668","candidates":[]}],[{"start":0,"end":14,"url":null,"entity_id":"Q1188","candidates":[]}]],[[{"start":0,"end":15,"url":null,"entity_id":"Q2095236","candidates":[]}],[{"start":0,"end":6,"url":null,"entity_id":"Q200119","candidates":[]}],[{"start":0,"end":15,"url":null,"entity_id":"Q892641","candidates":[]}],[{"start":0,"end":5,"url":null,"entity_id":"Q668","candidates":[]}],[{"start":0,"end":14,"url":null,"entity_id":"Q1188","candidates":[]}]],[[{"start":0,"end":15,"url":null,"entity_id":"Q1661796","candidates":[]}],[{"start":0,"end":6,"url":null,"entity_id":"Q66616","candidates":[]}],[{"start":0,"end":15,"url":null,"entity_id":"Q742938","candidates":[]}],[{"start":0,"end":5,"url":null,"entity_id":"Q668","candidates":[]}],[{"start":0,"end":14,"url":null,"entity_id":"Q1188","candidates":[]}]],[[{"start":0,"end":13,"url":null,"entity_id":"Q1572225","candidates":[]}],[{"start":0,"end":4,"url":null,"entity_id":"Q1000495","candidates":[]}],[{"start":0,"end":13,"url":null,"entity_id":"Q526862","candidates":[]}],[{"start":0,"end":5,"url":null,"entity_id":"Q668","candidates":[]}],[{"start":0,"end":14,"url":null,"entity_id":"Q1188","candidates":[]}]],[[{"start":0,"end":14,"url":null,"entity_id":"Q2005655","candidates":[]}],[{"start":0,"end":7,"url":null,"entity_id":"Q1755440","candidates":[]}],[{"start":0,"end":18,"url":null,"entity_id":"Q49171","candidates":[]}],[{"start":0,"end":5,"url":null,"entity_id":"Q668","candidates":[]}],[{"start":0,"end":5,"url":null,"entity_id":"Q1165","candidates":[]}]],[[{"start":0,"end":14,"url":null,"entity_id":"Q1683488","candidates":[]}],[{"start":0,"end":5,"url":null,"entity_id":"Q80484","candidates":[]}],[{"start":0,"end":16,"url":null,"entity_id":"Q49153","candidates":[]}],[{"start":0,"end":5,"url":null,"entity_id":"Q668","candidates":[]}],[{"start":0,"end":5,"url":null,"entity_id":"Q1165","candidates":[]}]],[[{"start":0,"end":15,"url":null,"entity_id":"Q1790115","candidates":[]}],[{"start":0,"end":6,"url":null,"entity_id":"Q1771762","candidates":[]}],[{"start":0,"end":15,"url":null,"entity_id":"Q42901","candidates":[]}],[{"start":0,"end":5,"url":null,"entity_id":"Q668","candidates":[]}],[{"start":0,"end":5,"url":null,"entity_id":"Q1165","candidates":[]}]],[[{"start":0,"end":26,"url":null,"entity_id":"Q16920711","candidates":[]}],[{"start":0,"end":9,"url":null,"entity_id":"Q1361","candidates":[]}],[{"start":0,"end":20,"url":null,"entity_id":"Q15380","candidates":[]}],[{"start":0,"end":11,"url":null,"entity_id":"Q129286","candidates":[]}],[{"start":0,"end":15,"url":null,"entity_id":"Q1240096","candidates":[]}]],[[{"start":0,"end":19,"url":null,"entity_id":"Q2724328","candidates":[]}],[{"start":0,"end":15,"url":null,"entity_id":"Q2341590","candidates":[]}],[{"start":0,"end":15,"url":null,"entity_id":"Q1815322","candidates":[]}],[{"start":0,"end":5,"url":null,"entity_id":"Q668","candidates":[]}],[{"start":0,"end":13,"url":null,"entity_id":"Q1498","candidates":[]}]],[[{"start":0,"end":18,"url":null,"entity_id":"Q2566555","candidates":[]}],[{"start":0,"end":9,"url":null,"entity_id":"Q330643","candidates":[]}],[{"start":0,"end":18,"url":null,"entity_id":"Q1345006","candidates":[]}],[{"start":0,"end":5,"url":null,"entity_id":"Q668","candidates":[]}],[{"start":0,"end":13,"url":null,"entity_id":"Q1498","candidates":[]}]],[[{"start":0,"end":16,"url":null,"entity_id":"Q2483390","candidates":[]}],[{"start":0,"end":7,"url":null,"entity_id":"Q47916","candidates":[]}],[{"start":0,"end":18,"url":null,"entity_id":"Q1321157","candidates":[]}],[{"start":0,"end":5,"url":null,"entity_id":"Q668","candidates":[]}],[{"start":0,"end":13,"url":null,"entity_id":"Q1498","candidates":[]}]],[[{"start":0,"end":17,"url":null,"entity_id":"Q2724271","candidates":[]}],[{"start":0,"end":8,"url":null,"entity_id":"Q842411","candidates":[]}],[{"start":0,"end":23,"url":null,"entity_id":"Q456764","candidates":[]}],[{"start":0,"end":5,"url":null,"entity_id":"Q668","candidates":[]}],[{"start":0,"end":13,"url":null,"entity_id":"Q1498","candidates":[]}]],[[{"start":0,"end":16,"url":null,"entity_id":"Q3712143","candidates":[]}],[{"start":0,"end":7,"url":null,"entity_id":"Q200340","candidates":[]}],[{"start":0,"end":18,"url":null,"entity_id":"Q596693","candidates":[]}],[{"start":0,"end":5,"url":null,"entity_id":"Q668","candidates":[]}],[{"start":0,"end":9,"url":null,"entity_id":"Q1437","candidates":[]}]],[[{"start":0,"end":15,"url":null,"entity_id":"Q6268840","candidates":[]}],[{"start":0,"end":6,"url":null,"entity_id":"Q1156","candidates":[]}],[{"start":0,"end":19,"url":null,"entity_id":"Q768332","candidates":[]}],[{"start":0,"end":5,"url":null,"entity_id":"Q668","candidates":[]}],[{"start":0,"end":11,"url":null,"entity_id":"Q1191","candidates":[]}]],[[{"start":0,"end":18,"url":null,"entity_id":"Q48734314","candidates":[]}],[{"start":0,"end":9,"url":null,"entity_id":"Q200663","candidates":[]}],[{"start":0,"end":18,"url":null,"entity_id":"Q2086173","candidates":[]}],[{"start":0,"end":5,"url":null,"entity_id":"Q668","candidates":[]}],[{"start":0,"end":7,"url":null,"entity_id":"Q1174","candidates":[]}]]]}