{"version":"1.2","table":{"version":"2","table_id":"FBJ8GOJM","columns":[{"index":0,"name":"col0","values":["can Reding","can Quintanes","can Roig","Can Cerdà","Can Canaletes","Can Vermell","can Margarit","El Castellar (Sant Martí de Centelles)","Mas Massaller","Vilar de Sant Boi","can Viaplana","Torre de la Corriu","Torre de Cadell","Torre Ponça","Solanes (Lladurs)","El Bosc (Castellcir)","El Bagís","mas Mercader","can Batlles","Torre Quintaneta"]},{"index":1,"name":"col1","values":["Cultural Asset of Local Interest","Cultural Asset of Local Interest","Cultural Asset part of the architectural heritage of Catalonia","Cultural Asset part of the architectural heritage of Catalonia","Cultural Asset part of the architectural heritage of Catalonia","Cultural Asset of Local Interest","Cultural Asset of Local Interest","Bien de Interés Cultural","Bien de Interés Cultural","Cultural Asset part of the architectural heritage of Catalonia","Cultural Asset part of the architectural heritage of Catalonia","Bien de Interés Cultural","Bien de Interés Cultural","Bien de Interés Cultural","Bien de Interés Cultural","Cultural Asset part of the architectural heritage of Catalonia","Cultural Asset part of the architectural heritage of Catalonia","Cultural Asset of Local Interest","Cultural Asset of Local Interest","Bien de Interés Cultural"]},{"index":2,"name":"col2","values":["1600-01-01","1800-01-01","1600-01-01","1200-01-01","1500-01-01","1900-01-01","1600-01-01","1800-01-01","1500-01-01","1800-01-01","1700-01-01","1300-01-01","1600-01-01","1600-01-01","1100-01-01","1700-01-01","1700-01-01","1700-01-01","1900-01-01","1600-01-01"]},{"index":3,"name":"col3","values":["12","429","105","159","75","276","253","569","26","837","311","1205","1063","117","793","707","296","95","322","18"]},{"index":4,"name":"col4","values":["Spain","Spain","Spain","Spain","Spain","Spain","Spain","Spain","Spain","Spain","Spain","Spain","Spain","Spain","Spain","Spain","Spain","Spain","Spain","Spain"]}]},"context":{"page_title":null,"page_url":null,"page_entity_id":null,"content_hierarchy":[]},"links":[[[{"start":0,"end":10,"url":null,"entity_id":"Q17591462","candidates":[]}],[{"start":0,"end":32,"url":null,"entity_id":"Q11910250","candidates":[]}],[],[],[{"start":0,"end":5,"url":null,"entity_id":"Q29","candidates":[]}]],[[{"start":0,"end":13,"url":null,"entity_id":"Q17591410","candidates":[]}],[{"start":0,"end":32,"url":null,"entity_id":"Q11910250","candidates":[]}],[],[],[{"start":0,"end":5,"url":null,"entity_id":"Q29","candidates":[]}]],[[{"start":0,"end":8,"url":null,"entity_id":"Q11911804","candidates":[]}],[{"start":0,"end":62,"url":null,"entity_id":"Q28034408","candidates":[]}],[],[],[{"start":0,"end":5,"url":null,"entity_id":"Q29","candidates":[]}]],[[{"start":0,"end":9,"url":null,"entity_id":"Q11911578","candidates":[]}],[{"start":0,"end":62,"url":null,"entity_id":"Q28034408","candidates":[]}],[],[],[{"start":0,"end":5,"url":null,"entity_id":"Q29","candidates":[]}]],[[{"start":0,"end":13,"url":null,"entity_id":"Q11911551","candidates":[]}],[{"start":0,"end":62,"url":null,"entity_id":"Q28034408","candidates":[]}],[],[],[{"start":0,"end":5,"url":null,"entity_id":"Q29","candidates":[]}]],[[{"start":0,"end":11,"url":null,"entity_id":"Q11911861","candidates":[]}],[{"start":0,"end":32,"url":null,"entity_id":"Q11910250","candidates":[]}],[],[],[{"start":0,"end":5,"url":null,"entity_id":"Q29","candidates":[]}]],[[{"start":0,"end":12,"url":null,"entity_id":"Q11911680","candidates":[]}],[{"start":0,"end":32,"url":null,"entity_id":"Q11910250","candidates":[]}],[],[],[{"start":0,"end":5,"url":null,"entity_id":"Q29","candidates":[]}]],[[{"start":0,"end":38,"url":null,"entity_id":"Q11913157","candidates":[]}],[{"start":0,"end":24,"url":null,"entity_id":"Q23712","candidates":[]}],[],[],[{"start":0,"end":5,"url":null,"entity_id":"Q29","candidates":[]}]],[[{"start":0,"end":13,"url":null,"entity_id":"Q11936024","candidates":[]}],[{"start":0,"end":24,"url":null,"entity_id":"Q23712","candidates":[]}],[],[],[{"start":0,"end":5,"url":null,"entity_id":"Q29","candidates":[]}]],[[{"start":0,"end":17,"url":null,"entity_id":"Q11954781","candidates":[]}],[{"start":0,"end":62,"url":null,"entity_id":"Q28034408","candidates":[]}],[],[],[{"start":0,"end":5,"url":null,"entity_id":"Q29","candidates":[]}]],[[{"start":0,"end":12,"url":null,"entity_id":"Q11954581","candidates":[]}],[{"start":0,"end":62,"url":null,"entity_id":"Q28034408","candidates":[]}],[],[],[{"start":0,"end":5,"url":null,"entity_id":"Q29","candidates":[]}]],[[{"start":0,"end":18,"url":null,"entity_id":"Q11952304","candidates":[]}],[{"start":0,"end":24,"url":null,"entity_id":"Q23712","candidates":[]}],[],[],[{"start":0,"end":5,"url":null,"entity_id":"Q29","candidates":[]}]],[[{"start":0,"end":15,"url":null,"entity_id":"Q11952271","candidates":[]}],[{"start":0,"end":24,"url":null,"entity_id":"Q23712","candidates":[]}],[],[],[{"start":0,"end":5,"url":null,"entity_id":"Q29","candidates":[]}]],[[{"start":0,"end":11,"url":null,"entity_id":"Q11952256","candidates":[]}],[{"start":0,"end":24,"url":null,"entity_id":"Q23712","candidates":[]}],[],[],[{"start":0,"end":5,"url":null,"entity_id":"Q29","candidates":[]}]],[[{"start":0,"end":17,"url":null,"entity_id":"Q11950089","candidates":[]}],[{"start":0,"end":24,"url":null,"entity_id":"Q23712","candidates":[]}],[],[],[{"start":0,"end":5,"url":null,"entity_id":"Q29","candidates":[]}]],[[{"start":0,"end":20,"url":null,"entity_id":"Q11918190","candidates":[]}],[{"start":0,"end":62,"url":null,"entity_id":"Q28034408","candidates":[]}],[],[],[{"start":0,"end":5,"url":null,"entity_id":"Q29","candidates":[]}]],[[{"start":0,"end":8,"url":null,"entity_id":"Q11918175","candidates":[]}],[{"start":0,"end":62,"url":null,"entity_id":"Q28034408","candidates":[]}],[],[],[{"start":0,"end":5,"url":null,"entity_id":"Q29","candidates":[]}]],[[{"start":0,"end":12,"url":null,"entity_id":"Q11935803","candidates":[]}],[{"start":0,"end":32,"url":null,"entity_id":"Q11910250","candidates":[]}],[],[],[{"start":0,"end":5,"url":null,"entity_id":"Q29","candidates":[]}]],[[{"start":0,"end":11,"url":null,"entity_id":"Q11911509","candidates":[]}],[{"start":0,"end":32,"url":null,"entity_id":"Q11910250","candidates":[]}],[],[],[{"start":0,"end":5,"url":null,"entity_id":"Q29","candidates":[]}]],[[{"start":0,"end":16,"url":null,"entity_id":"Q11704640","candidates":[]}],[{"start":0,"end":24,"url":null,"entity_id":"Q23712","candidates":[]}],[],[],[{"start":0,"end":5,"url":null,"entity_id":"Q29","candidates":[]}]]]}