{"version":"1.2","table":{"version":"2","table_id":"FBUDQA87","columns":[{"index":0,"name":"col0","values":["square Samuel-Rousseau","square Saint-Lambert","square René-Le Gall","Amphitheater and Fieldstone WPA Features at Valley City Pioneer Park","Corroboree Park","Villa Durazzo-Pallavicini","Albertis Castle","Austin Town Hall Park","Dapitan Park","Villa Solaria park","parc du Clos de Monderoux","Schwanenteichpark","Council of Europe park","Gaylord City Park","Hood River County Library and Georgiana Smith Park","Myatt's Fields Park","Stadtpark Steglitz","North Cheyenne Cañon Park","Monument Valley Park","City Park in Torun"]},{"index":1,"name":"col1","values":["bien recensé dans l'inventaire général du patrimoine culturel","registered historic monument","registered historic monument","place listed on the National Register of Historic Places","listed on the Australian Capital Territory Heritage Register","Italian national heritage","Italian national heritage","place listed on the National Register of Historic Places","National Historical Landmark","Italian national heritage","bien recensé dans l'inventaire général du patrimoine culturel","Kulturdenkmal","monument of local significance","place listed on the National Register of Historic Places","place listed on the National Register of Historic Places","Registered park or garden","Kulturdenkmal","place listed on the National Register of Historic Places","place listed on the National Register of Historic Places","immovable monument"]},{"index":2,"name":"col2","values":["7th arrondissement of Paris","15th arrondissement of Paris","13th arrondissement of Paris","Barnes County","Australian Capital Territory","Genoa","Genoa","Chicago","Dapitan","Sesto Fiorentino","Beynost","Zwickau","Ljubljana City Municipality","Gaylord","Hood River","London Borough of Lambeth","Steglitz-Zehlendorf","Colorado Springs","Colorado Springs","Toruń"]}]},"context":{"page_title":null,"page_url":null,"page_entity_id":null,"content_hierarchy":[]},"links":[[[{"start":0,"end":22,"url":null,"entity_id":"Q3494819","candidates":[]}],[{"start":0,"end":61,"url":null,"entity_id":"Q16739336","candidates":[]}],[{"start":0,"end":27,"url":null,"entity_id":"Q259463","candidates":[]}]],[[{"start":0,"end":20,"url":null,"entity_id":"Q3494803","candidates":[]}],[{"start":0,"end":28,"url":null,"entity_id":"Q10387575","candidates":[]}],[{"start":0,"end":28,"url":null,"entity_id":"Q191066","candidates":[]}]],[[{"start":0,"end":19,"url":null,"entity_id":"Q3494785","candidates":[]}],[{"start":0,"end":28,"url":null,"entity_id":"Q10387575","candidates":[]}],[{"start":0,"end":28,"url":null,"entity_id":"Q175129","candidates":[]}]],[[{"start":0,"end":68,"url":null,"entity_id":"Q4748393","candidates":[]}],[{"start":0,"end":56,"url":null,"entity_id":"Q19558910","candidates":[]}],[{"start":0,"end":13,"url":null,"entity_id":"Q28308","candidates":[]}]],[[{"start":0,"end":15,"url":null,"entity_id":"Q4345231","candidates":[]}],[{"start":0,"end":60,"url":null,"entity_id":"Q66493566","candidates":[]}],[{"start":0,"end":28,"url":null,"entity_id":"Q3258","candidates":[]}]],[[{"start":0,"end":25,"url":null,"entity_id":"Q4011961","candidates":[]}],[{"start":0,"end":25,"url":null,"entity_id":"Q26971668","candidates":[]}],[{"start":0,"end":5,"url":null,"entity_id":"Q1449","candidates":[]}]],[[{"start":0,"end":15,"url":null,"entity_id":"Q3662403","candidates":[]}],[{"start":0,"end":25,"url":null,"entity_id":"Q26971668","candidates":[]}],[{"start":0,"end":5,"url":null,"entity_id":"Q1449","candidates":[]}]],[[{"start":0,"end":21,"url":null,"entity_id":"Q4823312","candidates":[]}],[{"start":0,"end":56,"url":null,"entity_id":"Q19558910","candidates":[]}],[{"start":0,"end":7,"url":null,"entity_id":"Q1297","candidates":[]}]],[[{"start":0,"end":12,"url":null,"entity_id":"Q55158328","candidates":[]}],[{"start":0,"end":28,"url":null,"entity_id":"Q23677505","candidates":[]}],[{"start":0,"end":7,"url":null,"entity_id":"Q1014775","candidates":[]}]],[[{"start":0,"end":18,"url":null,"entity_id":"Q49538417","candidates":[]}],[{"start":0,"end":25,"url":null,"entity_id":"Q26971668","candidates":[]}],[{"start":0,"end":16,"url":null,"entity_id":"Q82865","candidates":[]}]],[[{"start":0,"end":25,"url":null,"entity_id":"Q54576543","candidates":[]}],[{"start":0,"end":61,"url":null,"entity_id":"Q16739336","candidates":[]}],[{"start":0,"end":7,"url":null,"entity_id":"Q10235","candidates":[]}]],[[{"start":0,"end":17,"url":null,"entity_id":"Q49550956","candidates":[]}],[{"start":0,"end":13,"url":null,"entity_id":"Q11691318","candidates":[]}],[{"start":0,"end":7,"url":null,"entity_id":"Q3778","candidates":[]}]],[[{"start":0,"end":22,"url":null,"entity_id":"Q12793651","candidates":[]}],[{"start":0,"end":30,"url":null,"entity_id":"Q18363639","candidates":[]}],[{"start":0,"end":27,"url":null,"entity_id":"Q3434113","candidates":[]}]],[[{"start":0,"end":17,"url":null,"entity_id":"Q14692622","candidates":[]}],[{"start":0,"end":56,"url":null,"entity_id":"Q19558910","candidates":[]}],[{"start":0,"end":7,"url":null,"entity_id":"Q1012309","candidates":[]}]],[[{"start":0,"end":50,"url":null,"entity_id":"Q14708919","candidates":[]}],[{"start":0,"end":56,"url":null,"entity_id":"Q19558910","candidates":[]}],[{"start":0,"end":10,"url":null,"entity_id":"Q923815","candidates":[]}]],[[{"start":0,"end":19,"url":null,"entity_id":"Q15260498","candidates":[]}],[{"start":0,"end":25,"url":null,"entity_id":"Q21405908","candidates":[]}],[{"start":0,"end":25,"url":null,"entity_id":"Q202059","candidates":[]}]],[[{"start":0,"end":18,"url":null,"entity_id":"Q14912409","candidates":[]}],[{"start":0,"end":13,"url":null,"entity_id":"Q11691318","candidates":[]}],[{"start":0,"end":19,"url":null,"entity_id":"Q158064","candidates":[]}]],[[{"start":0,"end":25,"url":null,"entity_id":"Q14685025","candidates":[]}],[{"start":0,"end":56,"url":null,"entity_id":"Q19558910","candidates":[]}],[{"start":0,"end":16,"url":null,"entity_id":"Q49258","candidates":[]}]],[[{"start":0,"end":20,"url":null,"entity_id":"Q14684967","candidates":[]}],[{"start":0,"end":56,"url":null,"entity_id":"Q19558910","candidates":[]}],[{"start":0,"end":16,"url":null,"entity_id":"Q49258","candidates":[]}]],[[{"start":0,"end":18,"url":null,"entity_id":"Q16586328","candidates":[]}],[{"start":0,"end":18,"url":null,"entity_id":"Q29940414","candidates":[]}],[{"start":0,"end":5,"url":null,"entity_id":"Q47554","candidates":[]}]]]}