{"version":"1.2","table":{"version":"2","table_id":"FCX2GB4A","columns":[{"index":0,"name":"col0","values":["Hövel House","Hansastraße 33, Mülheim","Hansastraße 29, Mülheim","Schmidtgasse 2","Rumburger Straße 9a","Ohmannweg 7","Ohmannweg 6a","Nordstraße 79","Grunewaldweg 4","Am großen Wehr 16","Am großen Wehr 3","Obere Dorfstraße 10","Gotteshaus","Rathaus Strümpfelbach","Elsäßer House","Old Fulda City Hall","Hôtel de Bretagne (Rennes)","Städtisches Museum Einbeck","Gleimhaus","Oberst Schwanes Gård"]},{"index":1,"name":"col1","values":["Germany","Germany","Germany","Germany","Germany","Germany","Germany","Germany","Germany","Germany","Germany","Germany","Germany","Germany","Germany","Germany","France","Germany","Germany","Denmark"]},{"index":2,"name":"col2","values":["Ibbenbüren","Mülheim an der Ruhr","Mülheim an der Ruhr","Seifhennersdorf","Seifhennersdorf","Seifhennersdorf","Seifhennersdorf","Seifhennersdorf","Seifhennersdorf","Seifhennersdorf","Seifhennersdorf","Herrnhut","Herrnhut","Weinstadt","Möckmühl","Fulda","Rennes","Einbeck","Halberstadt","Naestved Municipality"]},{"index":3,"name":"col3","values":["1656-01-01","1782-01-01","1800-01-01","1820-01-01","1830-01-01","1820-01-01","1830-01-01","1797-01-01","1800-01-01","1730-01-01","1750-01-01","1765-01-01","1727-01-01","1591-01-01","1610-01-01","1500-01-01","1586-01-01","1894-01-01","1862-01-01","1606-01-01"]},{"index":4,"name":"col4","values":["architectural heritage monument in North Rhine-Westphalia","architectural heritage monument in North Rhine-Westphalia","architectural heritage monument in North Rhine-Westphalia","Kulturdenkmal","Kulturdenkmal","Kulturdenkmal","Kulturdenkmal","Kulturdenkmal","Kulturdenkmal","Kulturdenkmal","Kulturdenkmal","Kulturdenkmal","Kulturdenkmal","Kulturdenkmal","architectural heritage monument","heritage site","registered historic monument","architectural heritage monument","Kulturdenkmal","monument on Kulturstyrelsen register"]}]},"context":{"page_title":null,"page_url":null,"page_entity_id":null,"content_hierarchy":[]},"links":[[[{"start":0,"end":11,"url":null,"entity_id":"Q59743868","candidates":[]}],[{"start":0,"end":7,"url":null,"entity_id":"Q183","candidates":[]}],[{"start":0,"end":10,"url":null,"entity_id":"Q4175","candidates":[]}],[],[{"start":0,"end":57,"url":null,"entity_id":"Q15632117","candidates":[]}]],[[{"start":0,"end":23,"url":null,"entity_id":"Q56711460","candidates":[]}],[{"start":0,"end":7,"url":null,"entity_id":"Q183","candidates":[]}],[{"start":0,"end":19,"url":null,"entity_id":"Q2899","candidates":[]}],[],[{"start":0,"end":57,"url":null,"entity_id":"Q15632117","candidates":[]}]],[[{"start":0,"end":23,"url":null,"entity_id":"Q56711353","candidates":[]}],[{"start":0,"end":7,"url":null,"entity_id":"Q183","candidates":[]}],[{"start":0,"end":19,"url":null,"entity_id":"Q2899","candidates":[]}],[],[{"start":0,"end":57,"url":null,"entity_id":"Q15632117","candidates":[]}]],[[{"start":0,"end":14,"url":null,"entity_id":"Q49347201","candidates":[]}],[{"start":0,"end":7,"url":null,"entity_id":"Q183","candidates":[]}],[{"start":0,"end":15,"url":null,"entity_id":"Q165195","candidates":[]}],[],[{"start":0,"end":13,"url":null,"entity_id":"Q11691318","candidates":[]}]],[[{"start":0,"end":19,"url":null,"entity_id":"Q49346944","candidates":[]}],[{"start":0,"end":7,"url":null,"entity_id":"Q183","candidates":[]}],[{"start":0,"end":15,"url":null,"entity_id":"Q165195","candidates":[]}],[],[{"start":0,"end":13,"url":null,"entity_id":"Q11691318","candidates":[]}]],[[{"start":0,"end":11,"url":null,"entity_id":"Q49346845","candidates":[]}],[{"start":0,"end":7,"url":null,"entity_id":"Q183","candidates":[]}],[{"start":0,"end":15,"url":null,"entity_id":"Q165195","candidates":[]}],[],[{"start":0,"end":13,"url":null,"entity_id":"Q11691318","candidates":[]}]],[[{"start":0,"end":12,"url":null,"entity_id":"Q49346841","candidates":[]}],[{"start":0,"end":7,"url":null,"entity_id":"Q183","candidates":[]}],[{"start":0,"end":15,"url":null,"entity_id":"Q165195","candidates":[]}],[],[{"start":0,"end":13,"url":null,"entity_id":"Q11691318","candidates":[]}]],[[{"start":0,"end":13,"url":null,"entity_id":"Q49346809","candidates":[]}],[{"start":0,"end":7,"url":null,"entity_id":"Q183","candidates":[]}],[{"start":0,"end":15,"url":null,"entity_id":"Q165195","candidates":[]}],[],[{"start":0,"end":13,"url":null,"entity_id":"Q11691318","candidates":[]}]],[[{"start":0,"end":14,"url":null,"entity_id":"Q49346406","candidates":[]}],[{"start":0,"end":7,"url":null,"entity_id":"Q183","candidates":[]}],[{"start":0,"end":15,"url":null,"entity_id":"Q165195","candidates":[]}],[],[{"start":0,"end":13,"url":null,"entity_id":"Q11691318","candidates":[]}]],[[{"start":0,"end":17,"url":null,"entity_id":"Q49346000","candidates":[]}],[{"start":0,"end":7,"url":null,"entity_id":"Q183","candidates":[]}],[{"start":0,"end":15,"url":null,"entity_id":"Q165195","candidates":[]}],[],[{"start":0,"end":13,"url":null,"entity_id":"Q11691318","candidates":[]}]],[[{"start":0,"end":16,"url":null,"entity_id":"Q49345978","candidates":[]}],[{"start":0,"end":7,"url":null,"entity_id":"Q183","candidates":[]}],[{"start":0,"end":15,"url":null,"entity_id":"Q165195","candidates":[]}],[],[{"start":0,"end":13,"url":null,"entity_id":"Q11691318","candidates":[]}]],[[{"start":0,"end":19,"url":null,"entity_id":"Q49415434","candidates":[]}],[{"start":0,"end":7,"url":null,"entity_id":"Q183","candidates":[]}],[{"start":0,"end":8,"url":null,"entity_id":"Q165140","candidates":[]}],[],[{"start":0,"end":13,"url":null,"entity_id":"Q11691318","candidates":[]}]],[[{"start":0,"end":10,"url":null,"entity_id":"Q49415101","candidates":[]}],[{"start":0,"end":7,"url":null,"entity_id":"Q183","candidates":[]}],[{"start":0,"end":8,"url":null,"entity_id":"Q165140","candidates":[]}],[],[{"start":0,"end":13,"url":null,"entity_id":"Q11691318","candidates":[]}]],[[{"start":0,"end":21,"url":null,"entity_id":"Q62008114","candidates":[]}],[{"start":0,"end":7,"url":null,"entity_id":"Q183","candidates":[]}],[{"start":0,"end":9,"url":null,"entity_id":"Q82911","candidates":[]}],[],[{"start":0,"end":13,"url":null,"entity_id":"Q11691318","candidates":[]}]],[[{"start":0,"end":13,"url":null,"entity_id":"Q61697589","candidates":[]}],[{"start":0,"end":7,"url":null,"entity_id":"Q183","candidates":[]}],[{"start":0,"end":8,"url":null,"entity_id":"Q504447","candidates":[]}],[],[{"start":0,"end":31,"url":null,"entity_id":"Q811165","candidates":[]}]],[[{"start":0,"end":19,"url":null,"entity_id":"Q75044239","candidates":[]}],[{"start":0,"end":7,"url":null,"entity_id":"Q183","candidates":[]}],[{"start":0,"end":5,"url":null,"entity_id":"Q3963","candidates":[]}],[],[{"start":0,"end":13,"url":null,"entity_id":"Q358","candidates":[]}]],[[{"start":0,"end":26,"url":null,"entity_id":"Q18325773","candidates":[]}],[{"start":0,"end":6,"url":null,"entity_id":"Q142","candidates":[]}],[{"start":0,"end":6,"url":null,"entity_id":"Q647","candidates":[]}],[],[{"start":0,"end":28,"url":null,"entity_id":"Q10387575","candidates":[]}]],[[{"start":0,"end":26,"url":null,"entity_id":"Q19964814","candidates":[]}],[{"start":0,"end":7,"url":null,"entity_id":"Q183","candidates":[]}],[{"start":0,"end":7,"url":null,"entity_id":"Q47244","candidates":[]}],[],[{"start":0,"end":31,"url":null,"entity_id":"Q811165","candidates":[]}]],[[{"start":0,"end":9,"url":null,"entity_id":"Q1530437","candidates":[]}],[{"start":0,"end":7,"url":null,"entity_id":"Q183","candidates":[]}],[{"start":0,"end":11,"url":null,"entity_id":"Q7072","candidates":[]}],[],[{"start":0,"end":13,"url":null,"entity_id":"Q11691318","candidates":[]}]],[[{"start":0,"end":20,"url":null,"entity_id":"Q28759630","candidates":[]}],[{"start":0,"end":7,"url":null,"entity_id":"Q35","candidates":[]}],[{"start":0,"end":21,"url":null,"entity_id":"Q506716","candidates":[]}],[],[{"start":0,"end":36,"url":null,"entity_id":"Q21436546","candidates":[]}]]]}