{"version":"1.2","table":{"version":"2","table_id":"FDMT6YM1","columns":[{"index":0,"name":"col0","values":["Peptidase S1A, acrosin","Lantibiotic leader peptide-processing serine protease","Prothrombin/thrombin","Acyl-CoA thioester hydrolase YbgC/YbaW family","tRNA-dihydrouridine synthase, TIM-barrel, NifR3","Serine/threonine-protein kinase, asfivirus","Circadian clock KaiC, bacteria","Carboxypeptidase T","Acetolactate synthase, catabolic","Histidine-tRNA ligase","Na(+)-translocating NADH-quinone reductase subunit C","Glyceraldehyde/Erythrose phosphate dehydrogenase family","Haem oxygenase, subgroup","Poly(R)-hydroxyalkanoic acid synthase, class II","Beta-phosphoglucomutase","Carbon-monoxide dehydrogenase, large subunit","Pentafunctional AroM protein","Phosphoglycerate mutase 1","Riboflavin kinase, bacterial","DNA repair protein Rev1"]},{"index":1,"name":"col1","values":["Serine proteases, trypsin family, histidine active site","Peptidase S8, subtilisin, His-active site","Kringle, conserved site","4-hydroxybenzoyl-CoA thioesterase, active site","tRNA-dihydrouridine synthase, conserved site","Serine/threonine-protein kinase, active site","KaiC-like domain","Carboxypeptidase T domain","Thiamine pyrophosphate enzyme, central domain","Aminoacyl-tRNA synthetase, class II (G/ P/ S/T)","FMN-binding","Glyceraldehyde 3-phosphate dehydrogenase, NAD(P) binding domain","Haem oxygenase conserved site","Alpha/beta hydrolase fold-1","Beta-phosphoglucomutase, hydrolase domain","Aldehyde oxidase/xanthine dehydrogenase, a/b hammerhead","NAD(P)-binding domain","Phosphoglycerate/bisphosphoglycerate mutase, active site","FAD synthetase domain","DNA polymerase, Y-family, little finger domain"]},{"index":2,"name":"col2","values":["serine-type endopeptidase activity","serine-type endopeptidase activity","serine-type endopeptidase activity","hydrolase activity","oxidoreductase activity","protein serine/threonine kinase activity","protein serine/threonine kinase activity","metallocarboxypeptidase activity","acetolactate synthase activity","histidine-tRNA ligase activity","oxidoreductase activity, acting on NAD(P)H, quinone or similar compound as acceptor","oxidoreductase activity, acting on the aldehyde or oxo group of donors, NAD or NADP as acceptor","heme oxygenase (decyclizing) activity","transferase activity, transferring acyl groups","beta-phosphoglucomutase activity","carbon-monoxide dehydrogenase (acceptor) activity","3-dehydroquinate synthase activity","phosphoglycerate mutase activity","FMN adenylyltransferase activity","nucleotidyltransferase activity"]}]},"context":{"page_title":null,"page_url":null,"page_entity_id":null,"content_hierarchy":[]},"links":[[[{"start":0,"end":22,"url":null,"entity_id":"Q24740162","candidates":[]}],[{"start":0,"end":55,"url":null,"entity_id":"Q24726204","candidates":[]}],[{"start":0,"end":34,"url":null,"entity_id":"Q14820947","candidates":[]}]],[[{"start":0,"end":53,"url":null,"entity_id":"Q24741017","candidates":[]}],[{"start":0,"end":41,"url":null,"entity_id":"Q24724688","candidates":[]}],[{"start":0,"end":34,"url":null,"entity_id":"Q14820947","candidates":[]}]],[[{"start":0,"end":20,"url":null,"entity_id":"Q24740157","candidates":[]}],[{"start":0,"end":23,"url":null,"entity_id":"Q24722990","candidates":[]}],[{"start":0,"end":34,"url":null,"entity_id":"Q14820947","candidates":[]}]],[[{"start":0,"end":45,"url":null,"entity_id":"Q24741232","candidates":[]}],[{"start":0,"end":46,"url":null,"entity_id":"Q24721060","candidates":[]}],[{"start":0,"end":18,"url":null,"entity_id":"Q14353168","candidates":[]}]],[[{"start":0,"end":47,"url":null,"entity_id":"Q24740883","candidates":[]}],[{"start":0,"end":44,"url":null,"entity_id":"Q24745025","candidates":[]}],[{"start":0,"end":23,"url":null,"entity_id":"Q14349613","candidates":[]}]],[[{"start":0,"end":42,"url":null,"entity_id":"Q24739929","candidates":[]}],[{"start":0,"end":44,"url":null,"entity_id":"Q24787419","candidates":[]}],[{"start":0,"end":40,"url":null,"entity_id":"Q14326094","candidates":[]}]],[[{"start":0,"end":30,"url":null,"entity_id":"Q24740498","candidates":[]}],[{"start":0,"end":16,"url":null,"entity_id":"Q24787247","candidates":[]}],[{"start":0,"end":40,"url":null,"entity_id":"Q14326094","candidates":[]}]],[[{"start":0,"end":18,"url":null,"entity_id":"Q12357540","candidates":[]}],[{"start":0,"end":25,"url":null,"entity_id":"Q27185112","candidates":[]}],[{"start":0,"end":32,"url":null,"entity_id":"Q14912999","candidates":[]}]],[[{"start":0,"end":32,"url":null,"entity_id":"Q24721819","candidates":[]}],[{"start":0,"end":45,"url":null,"entity_id":"Q24722202","candidates":[]}],[{"start":0,"end":30,"url":null,"entity_id":"Q21756544","candidates":[]}]],[[{"start":0,"end":21,"url":null,"entity_id":"Q24721850","candidates":[]}],[{"start":0,"end":47,"url":null,"entity_id":"Q24722284","candidates":[]}],[{"start":0,"end":30,"url":null,"entity_id":"Q21105314","candidates":[]}]],[[{"start":0,"end":52,"url":null,"entity_id":"Q24721830","candidates":[]}],[{"start":0,"end":11,"url":null,"entity_id":"Q24726536","candidates":[]}],[{"start":0,"end":83,"url":null,"entity_id":"Q21105032","candidates":[]}]],[[{"start":0,"end":55,"url":null,"entity_id":"Q24721828","candidates":[]}],[{"start":0,"end":63,"url":null,"entity_id":"Q24722730","candidates":[]}],[{"start":0,"end":95,"url":null,"entity_id":"Q14911783","candidates":[]}]],[[{"start":0,"end":24,"url":null,"entity_id":"Q24721796","candidates":[]}],[{"start":0,"end":29,"url":null,"entity_id":"Q24774807","candidates":[]}],[{"start":0,"end":37,"url":null,"entity_id":"Q14882849","candidates":[]}]],[[{"start":0,"end":47,"url":null,"entity_id":"Q24721855","candidates":[]}],[{"start":0,"end":27,"url":null,"entity_id":"Q24726356","candidates":[]}],[{"start":0,"end":46,"url":null,"entity_id":"Q14880771","candidates":[]}]],[[{"start":0,"end":23,"url":null,"entity_id":"Q24722634","candidates":[]}],[{"start":0,"end":41,"url":null,"entity_id":"Q24720958","candidates":[]}],[{"start":0,"end":32,"url":null,"entity_id":"Q22324067","candidates":[]}]],[[{"start":0,"end":44,"url":null,"entity_id":"Q24722742","candidates":[]}],[{"start":0,"end":55,"url":null,"entity_id":"Q4713510","candidates":[]}],[{"start":0,"end":49,"url":null,"entity_id":"Q22316062","candidates":[]}]],[[{"start":0,"end":28,"url":null,"entity_id":"Q24722697","candidates":[]}],[{"start":0,"end":21,"url":null,"entity_id":"Q24769952","candidates":[]}],[{"start":0,"end":34,"url":null,"entity_id":"Q21198956","candidates":[]}]],[[{"start":0,"end":25,"url":null,"entity_id":"Q24722574","candidates":[]}],[{"start":0,"end":56,"url":null,"entity_id":"Q24722416","candidates":[]}],[{"start":0,"end":32,"url":null,"entity_id":"Q21121869","candidates":[]}]],[[{"start":0,"end":28,"url":null,"entity_id":"Q24722660","candidates":[]}],[{"start":0,"end":21,"url":null,"entity_id":"Q24724556","candidates":[]}],[{"start":0,"end":32,"url":null,"entity_id":"Q21101214","candidates":[]}]],[[{"start":0,"end":23,"url":null,"entity_id":"Q24722814","candidates":[]}],[{"start":0,"end":46,"url":null,"entity_id":"Q24720913","candidates":[]}],[{"start":0,"end":31,"url":null,"entity_id":"Q14865136","candidates":[]}]]]}