{"version":"1.2","table":{"version":"2","table_id":"FE5D3W40","columns":[{"index":0,"name":"col0","values":["Beach soccer at the 2019 World Beach Games – Men's tournament","Beach soccer at the 2019 World Beach Games – Women's tournament","Women's Football at the 2015 Island Games","Men's Football at the 2015 Island Games","Football at the 2014 Asian Games – Men","Men's football at the 2011 Island Games","Women's Football at the 2003 Island Games","Women's Football at the 2001 Island Games","Women's Football at the 2009 Island Games","Football at the 1999 Island Games","Men's Football at the 2009 Island Games","2019 Campeonato Carioca Série B1","Football at the 2018 Central American and Caribbean Games - Women's tournament","Football at the 2018 Central American and Caribbean Games - Men's tournament","Football at the 2003 Pan American Games – Women's tournament","Football at the 2015 Indian Ocean Island Games – Men","Football at the 2014 Summer Youth Olympics – Girls' tournament","Football at the 2014 Summer Youth Olympics – Boys' tournament","Women's Football at the 2013 Island Games","Football at the 2003 Pan American Games – Men's tournament"]},{"index":1,"name":"col1","values":["279","127","98","126","166","126","96","115","141","156","115","404","43","42","42","36","56","52","21","44"]},{"index":2,"name":"col2","values":["28","16","22","34","55","30","16","14","24","30","34","181","13","16","10","13","11","11","5","16"]}]},"context":{"page_title":null,"page_url":null,"page_entity_id":null,"content_hierarchy":[]},"links":[[[{"start":0,"end":61,"url":null,"entity_id":"Q67186408","candidates":[]}],[],[]],[[{"start":0,"end":63,"url":null,"entity_id":"Q67406120","candidates":[]}],[],[]],[[{"start":0,"end":41,"url":null,"entity_id":"Q19585646","candidates":[]}],[],[]],[[{"start":0,"end":39,"url":null,"entity_id":"Q18702250","candidates":[]}],[],[]],[[{"start":0,"end":38,"url":null,"entity_id":"Q18076859","candidates":[]}],[],[]],[[{"start":0,"end":39,"url":null,"entity_id":"Q6816144","candidates":[]}],[],[]],[[{"start":0,"end":41,"url":null,"entity_id":"Q4818281","candidates":[]}],[],[]],[[{"start":0,"end":41,"url":null,"entity_id":"Q4818140","candidates":[]}],[],[]],[[{"start":0,"end":41,"url":null,"entity_id":"Q3650378","candidates":[]}],[],[]],[[{"start":0,"end":33,"url":null,"entity_id":"Q3512005","candidates":[]}],[],[]],[[{"start":0,"end":39,"url":null,"entity_id":"Q2357858","candidates":[]}],[],[]],[[{"start":0,"end":32,"url":null,"entity_id":"Q65166054","candidates":[]}],[],[]],[[{"start":0,"end":78,"url":null,"entity_id":"Q55611860","candidates":[]}],[],[]],[[{"start":0,"end":76,"url":null,"entity_id":"Q48781521","candidates":[]}],[],[]],[[{"start":0,"end":60,"url":null,"entity_id":"Q25344631","candidates":[]}],[],[]],[[{"start":0,"end":52,"url":null,"entity_id":"Q20806219","candidates":[]}],[],[]],[[{"start":0,"end":62,"url":null,"entity_id":"Q17380010","candidates":[]}],[],[]],[[{"start":0,"end":61,"url":null,"entity_id":"Q17379989","candidates":[]}],[],[]],[[{"start":0,"end":41,"url":null,"entity_id":"Q16841781","candidates":[]}],[],[]],[[{"start":0,"end":58,"url":null,"entity_id":"Q15140780","candidates":[]}],[],[]]]}