{"version":"1.2","table":{"version":"2","table_id":"FHOPDIKZ","columns":[{"index":0,"name":"col0","values":["V* V369 Vir","V* V367 Vir","V* V376 Vir","V* V374 Vir","V* V370 Vir","V* V373 Vir","V* V368 Vir","V* V364 Vir","V* V372 Vir","V* V419 Peg","CHSS 1159","CRTS J004254.5+001758","KUV 11295+3849","V* TU UMa","BPS BS 16077-0009","V* AX Leo","V* AV Leo","V* TW Her","[WMO2009] For-2280","V* DV CVn"]},{"index":1,"name":"col1","values":["181.2124884185318","180.6323978892117","182.3154961180469","182.1307116753195","181.5172217845623","182.0015862961287","181.0872113784154","180.1849617590943","181.9112219732023","357.5209390497947","29.9082236123847","10.727436836957","173.0975797257841","172.4520400505616","173.8577546716252","173.2656482159232","172.7943068658417","268.6300018240466","39.9926306201615","193.4631653187966"]},{"index":2,"name":"col2","values":["-2.26","-2.36","-2.04","-2.16","-2.17","-1.85","-1.41","-1.75","-1.29","-1.87","-2","-1.98","-1.35","-1.31","-0.74","-1.72","-1.66","-0.35","-1.06","-3"]},{"index":3,"name":"col3","values":["-4.446","-1.881","-5.853","-4.046","-4.886","-4.164","-2.414","-2.789","-4.551","-3.632","-2.06","-2.193","-3.741","-69.329","-11.057","-28.529","-2.125","-2.432","-0.503","-4.882"]},{"index":4,"name":"col4","values":["-0.351828691285","-1.8957391595454","-1.9123072793583","-0.788255740155","-2.2159391764782","-1.2094596357593","-2.1783863352887","-0.712530069086","-0.7528266083839","17.8955509828168","1.2228649299037","0.2992617790197","38.5336067321534","30.0673278730137","30.7216690230066","12.1538536594805","25.6208014450566","30.410466597416","-34.5348105581313","32.165542310015"]},{"index":5,"name":"col5","values":["17.01","16.25","15.56","16.93","15.14","15.79","16.4","16.66","15.92","14.56","17.02","16.82","15.96","9.26","13.62","12.44","14.631","11.26","18.43","15.03"]}]},"context":{"page_title":null,"page_url":null,"page_entity_id":null,"content_hierarchy":[]},"links":[[[{"start":0,"end":11,"url":null,"entity_id":"Q75139875","candidates":[]}],[],[],[],[],[]],[[{"start":0,"end":11,"url":null,"entity_id":"Q75139752","candidates":[]}],[],[],[],[],[]],[[{"start":0,"end":11,"url":null,"entity_id":"Q75139452","candidates":[]}],[],[],[],[],[]],[[{"start":0,"end":11,"url":null,"entity_id":"Q75139437","candidates":[]}],[],[],[],[],[]],[[{"start":0,"end":11,"url":null,"entity_id":"Q75139435","candidates":[]}],[],[],[],[],[]],[[{"start":0,"end":11,"url":null,"entity_id":"Q75139331","candidates":[]}],[],[],[],[],[]],[[{"start":0,"end":11,"url":null,"entity_id":"Q75139262","candidates":[]}],[],[],[],[],[]],[[{"start":0,"end":11,"url":null,"entity_id":"Q75139238","candidates":[]}],[],[],[],[],[]],[[{"start":0,"end":11,"url":null,"entity_id":"Q75139220","candidates":[]}],[],[],[],[],[]],[[{"start":0,"end":11,"url":null,"entity_id":"Q77042769","candidates":[]}],[],[],[],[],[]],[[{"start":0,"end":9,"url":null,"entity_id":"Q77027318","candidates":[]}],[],[],[],[],[]],[[{"start":0,"end":21,"url":null,"entity_id":"Q77026397","candidates":[]}],[],[],[],[],[]],[[{"start":0,"end":14,"url":null,"entity_id":"Q76937985","candidates":[]}],[],[],[],[],[]],[[{"start":0,"end":9,"url":null,"entity_id":"Q76933948","candidates":[]}],[],[],[],[],[]],[[{"start":0,"end":17,"url":null,"entity_id":"Q76931881","candidates":[]}],[],[],[],[],[]],[[{"start":0,"end":9,"url":null,"entity_id":"Q76931059","candidates":[]}],[],[],[],[],[]],[[{"start":0,"end":9,"url":null,"entity_id":"Q76929161","candidates":[]}],[],[],[],[],[]],[[{"start":0,"end":9,"url":null,"entity_id":"Q76892247","candidates":[]}],[],[],[],[],[]],[[{"start":0,"end":18,"url":null,"entity_id":"Q76864581","candidates":[]}],[],[],[],[],[]],[[{"start":0,"end":9,"url":null,"entity_id":"Q76718288","candidates":[]}],[],[],[],[],[]]]}