{"version":"1.2","table":{"version":"2","table_id":"FIFV2LUY","columns":[{"index":0,"name":"col0","values":["HMS Ystad","HMS Norrköping","HMS Rigel","HMS Regulus","HMS Pollux","HMS Polaris","HMS Plejad","HMS Västerås","HMS Västervik","HMS Varberg","HMS Umeå","HMS Strömstad","HMS Piteå","HMS Nynäshamn","HMS Norrtälje","HMS Virgo","HMS Vega","HMS Sirius","Astrea","HMS Argo"]},{"index":1,"name":"col1","values":["1976-12-10","1973-05-11","1954-10-14","1954-10-08","1954-10-11","1954-06-21","1954-05-21","1974-10-25","1975-01-15","1974-06-14","1975-05-15","1976-09-24","1975-09-12","1973-09-28","1974-02-01","1968-03-22","1967-11-17","1966-12-15","1957-08-21","1957-06-15"]},{"index":2,"name":"col2","values":["Karlskrona shipyard","Karlskrona shipyard","Lürssen","Lürssen","Lürssen","Lürssen","Lürssen","Karlskrona shipyard","Karlskrona shipyard","Karlskrona shipyard","Karlskrona shipyard","Karlskrona shipyard","Karlskrona shipyard","Karlskrona shipyard","Karlskrona shipyard","Karlskrona shipyard","Karlskrona shipyard","Götaverken","Lürssen","Lürssen"]},{"index":3,"name":"col3","values":["Bristol Proteus","Bristol Proteus","Daimler-Benz MB 518","Daimler-Benz MB 518","Daimler-Benz MB 518","Daimler-Benz MB 518","Daimler-Benz MB 518","Bristol Proteus","Bristol Proteus","Bristol Proteus","Bristol Proteus","Bristol Proteus","Bristol Proteus","Bristol Proteus","Bristol Proteus","Bristol Proteus","Bristol Proteus","Bristol Proteus","Daimler-Benz MB 518","Daimler-Benz MB 518"]},{"index":4,"name":"col4","values":["Ystad-class missile boat","Koster-class mine countermeasures vessel","Plejad-class torpedo boat","Plejad-class torpedo boat","Plejad-class torpedo boat","Plejad-class torpedo boat","Plejad-class torpedo boat","Norrköping-class missile boat","Norrköping-class missile boat","Norrköping-class missile boat","Norrköping-class missile boat","Norrköping-class missile boat","Norrköping-class missile boat","Norrköping-class missile boat","Norrköping-class missile boat","Spica-class torpedo boat","Spica-class torpedo boat","Spica-class torpedo boat","Plejad-class torpedo boat","Plejad-class torpedo boat"]}]},"context":{"page_title":null,"page_url":null,"page_entity_id":null,"content_hierarchy":[]},"links":[[[{"start":0,"end":9,"url":null,"entity_id":"Q10515274","candidates":[]}],[],[{"start":0,"end":19,"url":null,"entity_id":"Q10543891","candidates":[]}],[{"start":0,"end":15,"url":null,"entity_id":"Q917963","candidates":[]}],[{"start":0,"end":24,"url":null,"entity_id":"Q10723800","candidates":[]}]],[[{"start":0,"end":14,"url":null,"entity_id":"Q10515051","candidates":[]}],[],[{"start":0,"end":19,"url":null,"entity_id":"Q10543891","candidates":[]}],[{"start":0,"end":15,"url":null,"entity_id":"Q917963","candidates":[]}],[{"start":0,"end":40,"url":null,"entity_id":"Q10548373","candidates":[]}]],[[{"start":0,"end":9,"url":null,"entity_id":"Q13230646","candidates":[]}],[],[{"start":0,"end":7,"url":null,"entity_id":"Q657096","candidates":[]}],[{"start":0,"end":19,"url":null,"entity_id":"Q1921232","candidates":[]}],[{"start":0,"end":25,"url":null,"entity_id":"Q2099267","candidates":[]}]],[[{"start":0,"end":11,"url":null,"entity_id":"Q10515088","candidates":[]}],[],[{"start":0,"end":7,"url":null,"entity_id":"Q657096","candidates":[]}],[{"start":0,"end":19,"url":null,"entity_id":"Q1921232","candidates":[]}],[{"start":0,"end":25,"url":null,"entity_id":"Q2099267","candidates":[]}]],[[{"start":0,"end":10,"url":null,"entity_id":"Q10515077","candidates":[]}],[],[{"start":0,"end":7,"url":null,"entity_id":"Q657096","candidates":[]}],[{"start":0,"end":19,"url":null,"entity_id":"Q1921232","candidates":[]}],[{"start":0,"end":25,"url":null,"entity_id":"Q2099267","candidates":[]}]],[[{"start":0,"end":11,"url":null,"entity_id":"Q10515075","candidates":[]}],[],[{"start":0,"end":7,"url":null,"entity_id":"Q657096","candidates":[]}],[{"start":0,"end":19,"url":null,"entity_id":"Q1921232","candidates":[]}],[{"start":0,"end":25,"url":null,"entity_id":"Q2099267","candidates":[]}]],[[{"start":0,"end":10,"url":null,"entity_id":"Q10515073","candidates":[]}],[],[{"start":0,"end":7,"url":null,"entity_id":"Q657096","candidates":[]}],[{"start":0,"end":19,"url":null,"entity_id":"Q1921232","candidates":[]}],[{"start":0,"end":25,"url":null,"entity_id":"Q2099267","candidates":[]}]],[[{"start":0,"end":12,"url":null,"entity_id":"Q10515264","candidates":[]}],[],[{"start":0,"end":19,"url":null,"entity_id":"Q10543891","candidates":[]}],[{"start":0,"end":15,"url":null,"entity_id":"Q917963","candidates":[]}],[{"start":0,"end":29,"url":null,"entity_id":"Q1739268","candidates":[]}]],[[{"start":0,"end":13,"url":null,"entity_id":"Q10515262","candidates":[]}],[],[{"start":0,"end":19,"url":null,"entity_id":"Q10543891","candidates":[]}],[{"start":0,"end":15,"url":null,"entity_id":"Q917963","candidates":[]}],[{"start":0,"end":29,"url":null,"entity_id":"Q1739268","candidates":[]}]],[[{"start":0,"end":11,"url":null,"entity_id":"Q10515231","candidates":[]}],[],[{"start":0,"end":19,"url":null,"entity_id":"Q10543891","candidates":[]}],[{"start":0,"end":15,"url":null,"entity_id":"Q917963","candidates":[]}],[{"start":0,"end":29,"url":null,"entity_id":"Q1739268","candidates":[]}]],[[{"start":0,"end":8,"url":null,"entity_id":"Q10515211","candidates":[]}],[],[{"start":0,"end":19,"url":null,"entity_id":"Q10543891","candidates":[]}],[{"start":0,"end":15,"url":null,"entity_id":"Q917963","candidates":[]}],[{"start":0,"end":29,"url":null,"entity_id":"Q1739268","candidates":[]}]],[[{"start":0,"end":13,"url":null,"entity_id":"Q10515157","candidates":[]}],[],[{"start":0,"end":19,"url":null,"entity_id":"Q10543891","candidates":[]}],[{"start":0,"end":15,"url":null,"entity_id":"Q917963","candidates":[]}],[{"start":0,"end":29,"url":null,"entity_id":"Q1739268","candidates":[]}]],[[{"start":0,"end":9,"url":null,"entity_id":"Q10515071","candidates":[]}],[],[{"start":0,"end":19,"url":null,"entity_id":"Q10543891","candidates":[]}],[{"start":0,"end":15,"url":null,"entity_id":"Q917963","candidates":[]}],[{"start":0,"end":29,"url":null,"entity_id":"Q1739268","candidates":[]}]],[[{"start":0,"end":13,"url":null,"entity_id":"Q10515055","candidates":[]}],[],[{"start":0,"end":19,"url":null,"entity_id":"Q10543891","candidates":[]}],[{"start":0,"end":15,"url":null,"entity_id":"Q917963","candidates":[]}],[{"start":0,"end":29,"url":null,"entity_id":"Q1739268","candidates":[]}]],[[{"start":0,"end":13,"url":null,"entity_id":"Q10515053","candidates":[]}],[],[{"start":0,"end":19,"url":null,"entity_id":"Q10543891","candidates":[]}],[{"start":0,"end":15,"url":null,"entity_id":"Q917963","candidates":[]}],[{"start":0,"end":29,"url":null,"entity_id":"Q1739268","candidates":[]}]],[[{"start":0,"end":9,"url":null,"entity_id":"Q10515253","candidates":[]}],[],[{"start":0,"end":19,"url":null,"entity_id":"Q10543891","candidates":[]}],[{"start":0,"end":15,"url":null,"entity_id":"Q917963","candidates":[]}],[{"start":0,"end":24,"url":null,"entity_id":"Q301073","candidates":[]}]],[[{"start":0,"end":8,"url":null,"entity_id":"Q10515237","candidates":[]}],[],[{"start":0,"end":19,"url":null,"entity_id":"Q10543891","candidates":[]}],[{"start":0,"end":15,"url":null,"entity_id":"Q917963","candidates":[]}],[{"start":0,"end":24,"url":null,"entity_id":"Q301073","candidates":[]}]],[[{"start":0,"end":10,"url":null,"entity_id":"Q10515102","candidates":[]}],[],[{"start":0,"end":10,"url":null,"entity_id":"Q1559702","candidates":[]}],[{"start":0,"end":15,"url":null,"entity_id":"Q917963","candidates":[]}],[{"start":0,"end":24,"url":null,"entity_id":"Q301073","candidates":[]}]],[[{"start":0,"end":6,"url":null,"entity_id":"Q10513109","candidates":[]}],[],[{"start":0,"end":7,"url":null,"entity_id":"Q657096","candidates":[]}],[{"start":0,"end":19,"url":null,"entity_id":"Q1921232","candidates":[]}],[{"start":0,"end":25,"url":null,"entity_id":"Q2099267","candidates":[]}]],[[{"start":0,"end":8,"url":null,"entity_id":"Q10513098","candidates":[]}],[],[{"start":0,"end":7,"url":null,"entity_id":"Q657096","candidates":[]}],[{"start":0,"end":19,"url":null,"entity_id":"Q1921232","candidates":[]}],[{"start":0,"end":25,"url":null,"entity_id":"Q2099267","candidates":[]}]]]}