{"version":"1.2","table":{"version":"2","table_id":"FJ5219WI","columns":[{"index":0,"name":"col0","values":["Badminton at the 1992 Summer Olympics – Women's singles","Badminton at the 2012 Summer Olympics – Men's singles","Badminton at the 2008 Summer Olympics – Men's singles","Tennis at the 1896 Summer Olympics – Men's doubles","Athletics at the 2008 Summer Olympics – Women's heptathlon","Swimming at the 1956 Summer Olympics – Men's 200 metre breaststroke","Tennis at the 1900 Summer Olympics – Women's singles","Tennis at the 1896 Summer Olympics – Men's singles","Tennis at the 1900 Summer Olympics – Men's singles","Swimming at the 2012 Summer Olympics – Men's 400 metre freestyle","Judo at the 2012 Summer Olympics – Men's 81 kg","Athletics at the 2008 Summer Olympics – Men's decathlon","Athletics at the 2008 Summer Olympics – Women's 5000 metres","Athletics at the 2008 Summer Olympics – Women's 1500 metres","Athletics at the 2008 Summer Olympics – Women's 800 metres","Athletics at the 2008 Summer Olympics – Women's 100 metres hurdles","Athletics at the 2008 Summer Olympics – Men's 4 × 400 metres relay","Athletics at the 1956 Summer Olympics – Men's decathlon","Athletics at the 1956 Summer Olympics – Women's shot put","Athletics at the 1956 Summer Olympics – Men's shot put"]},{"index":1,"name":"col1","values":["Barcelona","Kingdom of England","People's Republic of China","Athens","Chaoyang District","Melbourne","Paris","Athens","Paris","Queen Elizabeth Olympic Park","London Borough of Newham","Chaoyang District","Chaoyang District","Chaoyang District","Chaoyang District","Chaoyang District","Chaoyang District","Melbourne","Melbourne","Melbourne"]},{"index":2,"name":"col2","values":["women's singles","men's singles","men's singles","men's doubles","women's heptathlon","men's 200 metre breaststroke","women's singles","men's singles","men's singles","men's 400 metre freestyle","men's half middleweight","men's decathlon","women's 5000 metres","women's 1500 metres","women's 800 metres","women's 100 metres hurdles","men's 4 × 400 metres relay","men's decathlon","women's shot put","men's shot put"]}]},"context":{"page_title":null,"page_url":null,"page_entity_id":null,"content_hierarchy":[]},"links":[[[{"start":0,"end":55,"url":null,"entity_id":"Q1133965","candidates":[]}],[{"start":0,"end":9,"url":null,"entity_id":"Q1492","candidates":[]}],[{"start":0,"end":15,"url":null,"entity_id":"Q28105742","candidates":[]}]],[[{"start":0,"end":53,"url":null,"entity_id":"Q1140736","candidates":[]}],[{"start":0,"end":18,"url":null,"entity_id":"Q179876","candidates":[]}],[{"start":0,"end":13,"url":null,"entity_id":"Q28105722","candidates":[]}]],[[{"start":0,"end":53,"url":null,"entity_id":"Q1076273","candidates":[]}],[{"start":0,"end":26,"url":null,"entity_id":"Q148","candidates":[]}],[{"start":0,"end":13,"url":null,"entity_id":"Q28105722","candidates":[]}]],[[{"start":0,"end":50,"url":null,"entity_id":"Q1140414","candidates":[]}],[{"start":0,"end":6,"url":null,"entity_id":"Q1524","candidates":[]}],[{"start":0,"end":13,"url":null,"entity_id":"Q17299700","candidates":[]}]],[[{"start":0,"end":58,"url":null,"entity_id":"Q1066390","candidates":[]}],[{"start":0,"end":17,"url":null,"entity_id":"Q394701","candidates":[]}],[{"start":0,"end":18,"url":null,"entity_id":"Q3730761","candidates":[]}]],[[{"start":0,"end":67,"url":null,"entity_id":"Q1516233","candidates":[]}],[{"start":0,"end":9,"url":null,"entity_id":"Q3141","candidates":[]}],[{"start":0,"end":28,"url":null,"entity_id":"Q78157192","candidates":[]}]],[[{"start":0,"end":52,"url":null,"entity_id":"Q1361918","candidates":[]}],[{"start":0,"end":5,"url":null,"entity_id":"Q90","candidates":[]}],[{"start":0,"end":15,"url":null,"entity_id":"Q16893403","candidates":[]}]],[[{"start":0,"end":50,"url":null,"entity_id":"Q1427592","candidates":[]}],[{"start":0,"end":6,"url":null,"entity_id":"Q1524","candidates":[]}],[{"start":0,"end":13,"url":null,"entity_id":"Q16893072","candidates":[]}]],[[{"start":0,"end":50,"url":null,"entity_id":"Q1361900","candidates":[]}],[{"start":0,"end":5,"url":null,"entity_id":"Q90","candidates":[]}],[{"start":0,"end":13,"url":null,"entity_id":"Q16893072","candidates":[]}]],[[{"start":0,"end":64,"url":null,"entity_id":"Q1043405","candidates":[]}],[{"start":0,"end":28,"url":null,"entity_id":"Q525481","candidates":[]}],[{"start":0,"end":25,"url":null,"entity_id":"Q78157233","candidates":[]}]],[[{"start":0,"end":46,"url":null,"entity_id":"Q1005787","candidates":[]}],[{"start":0,"end":24,"url":null,"entity_id":"Q208139","candidates":[]}],[{"start":0,"end":23,"url":null,"entity_id":"Q77218603","candidates":[]}]],[[{"start":0,"end":55,"url":null,"entity_id":"Q1005784","candidates":[]}],[{"start":0,"end":17,"url":null,"entity_id":"Q394701","candidates":[]}],[{"start":0,"end":15,"url":null,"entity_id":"Q55248448","candidates":[]}]],[[{"start":0,"end":59,"url":null,"entity_id":"Q1043347","candidates":[]}],[{"start":0,"end":17,"url":null,"entity_id":"Q394701","candidates":[]}],[{"start":0,"end":19,"url":null,"entity_id":"Q55245268","candidates":[]}]],[[{"start":0,"end":59,"url":null,"entity_id":"Q1043342","candidates":[]}],[{"start":0,"end":17,"url":null,"entity_id":"Q394701","candidates":[]}],[{"start":0,"end":19,"url":null,"entity_id":"Q55244535","candidates":[]}]],[[{"start":0,"end":58,"url":null,"entity_id":"Q1043354","candidates":[]}],[{"start":0,"end":17,"url":null,"entity_id":"Q394701","candidates":[]}],[{"start":0,"end":18,"url":null,"entity_id":"Q55244345","candidates":[]}]],[[{"start":0,"end":66,"url":null,"entity_id":"Q1043361","candidates":[]}],[{"start":0,"end":17,"url":null,"entity_id":"Q394701","candidates":[]}],[{"start":0,"end":26,"url":null,"entity_id":"Q55243520","candidates":[]}]],[[{"start":0,"end":66,"url":null,"entity_id":"Q1005135","candidates":[]}],[{"start":0,"end":17,"url":null,"entity_id":"Q394701","candidates":[]}],[{"start":0,"end":26,"url":null,"entity_id":"Q55247732","candidates":[]}]],[[{"start":0,"end":55,"url":null,"entity_id":"Q2869198","candidates":[]}],[{"start":0,"end":9,"url":null,"entity_id":"Q3141","candidates":[]}],[{"start":0,"end":15,"url":null,"entity_id":"Q55248448","candidates":[]}]],[[{"start":0,"end":56,"url":null,"entity_id":"Q2869205","candidates":[]}],[{"start":0,"end":9,"url":null,"entity_id":"Q3141","candidates":[]}],[{"start":0,"end":16,"url":null,"entity_id":"Q55248302","candidates":[]}]],[[{"start":0,"end":54,"url":null,"entity_id":"Q2869207","candidates":[]}],[{"start":0,"end":9,"url":null,"entity_id":"Q3141","candidates":[]}],[{"start":0,"end":14,"url":null,"entity_id":"Q55248267","candidates":[]}]]]}