{"version":"1.2","table":{"version":"2","table_id":"FMH6QY3D","columns":[{"index":0,"name":"col0","values":["Dhelmise","Tapu Bulu","Morelull","Lurantis","Fomantis","Bounsweet","Rowlet","Trevenant","Skiddo","Quilladin","Pumpkaboo","Phantump","Gogoat","Chesnaught","Chespin","Exeggutor","Virizion","Sewaddle","Servine","Serperior"]},{"index":1,"name":"col1","values":["210","45.5","15","185","15","32","1.5","71","31","29","5","7","91","90","9","120","200","2.5","16","63"]},{"index":2,"name":"col2","values":["390","190","20","90","30","30","30","150","90","70","40","40","170","160","40","200","200","30","80","330"]}]},"context":{"page_title":null,"page_url":null,"page_entity_id":null,"content_hierarchy":[]},"links":[[[{"start":0,"end":8,"url":null,"entity_id":"Q27915720","candidates":[]}],[],[]],[[{"start":0,"end":9,"url":null,"entity_id":"Q27642609","candidates":[]}],[],[]],[[{"start":0,"end":8,"url":null,"entity_id":"Q26257683","candidates":[]}],[],[]],[[{"start":0,"end":8,"url":null,"entity_id":"Q26206552","candidates":[]}],[],[]],[[{"start":0,"end":8,"url":null,"entity_id":"Q26206551","candidates":[]}],[],[]],[[{"start":0,"end":9,"url":null,"entity_id":"Q25933052","candidates":[]}],[],[]],[[{"start":0,"end":6,"url":null,"entity_id":"Q24041607","candidates":[]}],[],[]],[[{"start":0,"end":9,"url":null,"entity_id":"Q16617658","candidates":[]}],[],[]],[[{"start":0,"end":6,"url":null,"entity_id":"Q16606751","candidates":[]}],[],[]],[[{"start":0,"end":9,"url":null,"entity_id":"Q16593800","candidates":[]}],[],[]],[[{"start":0,"end":9,"url":null,"entity_id":"Q16592958","candidates":[]}],[],[]],[[{"start":0,"end":8,"url":null,"entity_id":"Q16589888","candidates":[]}],[],[]],[[{"start":0,"end":6,"url":null,"entity_id":"Q16561316","candidates":[]}],[],[]],[[{"start":0,"end":10,"url":null,"entity_id":"Q16539557","candidates":[]}],[],[]],[[{"start":0,"end":7,"url":null,"entity_id":"Q12478616","candidates":[]}],[],[]],[[{"start":0,"end":9,"url":null,"entity_id":"Q10423175","candidates":[]}],[],[]],[[{"start":0,"end":8,"url":null,"entity_id":"Q4014557","candidates":[]}],[],[]],[[{"start":0,"end":8,"url":null,"entity_id":"Q3958550","candidates":[]}],[],[]],[[{"start":0,"end":7,"url":null,"entity_id":"Q3958042","candidates":[]}],[],[]],[[{"start":0,"end":9,"url":null,"entity_id":"Q3957945","candidates":[]}],[],[]]]}