{"version":"1.2","table":{"version":"2","table_id":"FN6CPY2U","columns":[{"index":0,"name":"col0","values":["Civil War","The Sandman","Fables","Preacher","Martin Mystère","Nathan Never","Ally Sloper","Zipi y Zape","Futurama Comics","Dampyr","Marvel Mystery Comics","Marvel Premiere","Jonathan Steele","Gea","Snowbirds Don't Fly","The Scarlet Rose","All-American Comics","Ex Machina","Michel Vaillant","Scott Pilgrim"]},{"index":1,"name":"col1","values":["United States of America","United States of America","United States of America","United States of America","Italy","Italy","United Kingdom","Spain","United States of America","Italy","United States of America","United States of America","Italy","Italy","United States of America","France","United States of America","United States of America","France","Canada"]},{"index":2,"name":"col2","values":["Marvel Comics","Vertigo","Vertigo","Vertigo","Sergio Bonelli Editore","Sergio Bonelli Editore","Gilbert Dalziel","Ediciones B","Bongo Comics Group","Sergio Bonelli Editore","Marvel Comics","Marvel Comics","Sergio Bonelli Editore","Sergio Bonelli Editore","DC Comics, Inc.","Delcourt","All-American Publications","DC Comics, Inc.","Le Lombard","Oni Press"]},{"index":3,"name":"col3","values":["2007-01-01","1988-01-01","2002-01-01","1995-01-01","1982-01-01","1991-01-01","1867-08-14","1948-01-01","2000-01-01","2000-04-14","1939-01-01","1972-01-01","1999-01-01","1999-01-01","1971-01-01","2005-01-01","1939-01-01","2004-01-01","1957-01-01","2004-01-01"]}]},"context":{"page_title":null,"page_url":null,"page_entity_id":null,"content_hierarchy":[]},"links":[[[{"start":0,"end":9,"url":null,"entity_id":"Q726495","candidates":[]}],[{"start":0,"end":24,"url":null,"entity_id":"Q30","candidates":[]}],[{"start":0,"end":13,"url":null,"entity_id":"Q173496","candidates":[]}],[]],[[{"start":0,"end":11,"url":null,"entity_id":"Q827099","candidates":[]}],[{"start":0,"end":24,"url":null,"entity_id":"Q30","candidates":[]}],[{"start":0,"end":7,"url":null,"entity_id":"Q122669","candidates":[]}],[]],[[{"start":0,"end":6,"url":null,"entity_id":"Q784649","candidates":[]}],[{"start":0,"end":24,"url":null,"entity_id":"Q30","candidates":[]}],[{"start":0,"end":7,"url":null,"entity_id":"Q122669","candidates":[]}],[]],[[{"start":0,"end":8,"url":null,"entity_id":"Q653255","candidates":[]}],[{"start":0,"end":24,"url":null,"entity_id":"Q30","candidates":[]}],[{"start":0,"end":7,"url":null,"entity_id":"Q122669","candidates":[]}],[]],[[{"start":0,"end":14,"url":null,"entity_id":"Q684109","candidates":[]}],[{"start":0,"end":5,"url":null,"entity_id":"Q38","candidates":[]}],[{"start":0,"end":22,"url":null,"entity_id":"Q12103","candidates":[]}],[]],[[{"start":0,"end":12,"url":null,"entity_id":"Q613032","candidates":[]}],[{"start":0,"end":5,"url":null,"entity_id":"Q38","candidates":[]}],[{"start":0,"end":22,"url":null,"entity_id":"Q12103","candidates":[]}],[]],[[{"start":0,"end":11,"url":null,"entity_id":"Q2838747","candidates":[]}],[{"start":0,"end":14,"url":null,"entity_id":"Q145","candidates":[]}],[{"start":0,"end":15,"url":null,"entity_id":"Q3105666","candidates":[]}],[]],[[{"start":0,"end":11,"url":null,"entity_id":"Q2723696","candidates":[]}],[{"start":0,"end":5,"url":null,"entity_id":"Q29","candidates":[]}],[{"start":0,"end":11,"url":null,"entity_id":"Q3047577","candidates":[]}],[]],[[{"start":0,"end":15,"url":null,"entity_id":"Q2463343","candidates":[]}],[{"start":0,"end":24,"url":null,"entity_id":"Q30","candidates":[]}],[{"start":0,"end":18,"url":null,"entity_id":"Q892419","candidates":[]}],[]],[[{"start":0,"end":6,"url":null,"entity_id":"Q2755229","candidates":[]}],[{"start":0,"end":5,"url":null,"entity_id":"Q38","candidates":[]}],[{"start":0,"end":22,"url":null,"entity_id":"Q12103","candidates":[]}],[]],[[{"start":0,"end":21,"url":null,"entity_id":"Q3282290","candidates":[]}],[{"start":0,"end":24,"url":null,"entity_id":"Q30","candidates":[]}],[{"start":0,"end":13,"url":null,"entity_id":"Q173496","candidates":[]}],[]],[[{"start":0,"end":15,"url":null,"entity_id":"Q3850391","candidates":[]}],[{"start":0,"end":24,"url":null,"entity_id":"Q30","candidates":[]}],[{"start":0,"end":13,"url":null,"entity_id":"Q173496","candidates":[]}],[]],[[{"start":0,"end":15,"url":null,"entity_id":"Q3809955","candidates":[]}],[{"start":0,"end":5,"url":null,"entity_id":"Q38","candidates":[]}],[{"start":0,"end":22,"url":null,"entity_id":"Q12103","candidates":[]}],[]],[[{"start":0,"end":3,"url":null,"entity_id":"Q3759142","candidates":[]}],[{"start":0,"end":5,"url":null,"entity_id":"Q38","candidates":[]}],[{"start":0,"end":22,"url":null,"entity_id":"Q12103","candidates":[]}],[]],[[{"start":0,"end":19,"url":null,"entity_id":"Q4049674","candidates":[]}],[{"start":0,"end":24,"url":null,"entity_id":"Q30","candidates":[]}],[{"start":0,"end":15,"url":null,"entity_id":"Q2924461","candidates":[]}],[]],[[{"start":0,"end":16,"url":null,"entity_id":"Q3212440","candidates":[]}],[{"start":0,"end":6,"url":null,"entity_id":"Q142","candidates":[]}],[{"start":0,"end":8,"url":null,"entity_id":"Q2339806","candidates":[]}],[]],[[{"start":0,"end":19,"url":null,"entity_id":"Q1471388","candidates":[]}],[{"start":0,"end":24,"url":null,"entity_id":"Q30","candidates":[]}],[{"start":0,"end":25,"url":null,"entity_id":"Q3611907","candidates":[]}],[]],[[{"start":0,"end":10,"url":null,"entity_id":"Q1263623","candidates":[]}],[{"start":0,"end":24,"url":null,"entity_id":"Q30","candidates":[]}],[{"start":0,"end":15,"url":null,"entity_id":"Q2924461","candidates":[]}],[]],[[{"start":0,"end":15,"url":null,"entity_id":"Q1503314","candidates":[]}],[{"start":0,"end":6,"url":null,"entity_id":"Q142","candidates":[]}],[{"start":0,"end":10,"url":null,"entity_id":"Q2379416","candidates":[]}],[]],[[{"start":0,"end":13,"url":null,"entity_id":"Q1199291","candidates":[]}],[{"start":0,"end":6,"url":null,"entity_id":"Q16","candidates":[]}],[{"start":0,"end":9,"url":null,"entity_id":"Q1425420","candidates":[]}],[]]]}