{"version":"1.2","table":{"version":"2","table_id":"FNFHOY23","columns":[{"index":0,"name":"col0","values":["(1Z)-1,2-dichloroethylene","(1E)-1,2-dichloroethylene","N-propyl nitrate","propylenimine","ethyl formate","sec-butyl acetate","N-butylamine","butyronitrile","isobutyl acetate","pentanal","allyl chloride","diisopropylamine","isopropyl acetate","methylcyclohexane","isopropyl ether","methyl isobutyl ketone","methylhydrazine","(2E)-crotonaldehyde","propyl acetate","allyl alcohol"]},{"index":1,"name":"col1","values":["95.953","95.953","105.043","57.058","74.1","116.084","73.089","69.058","116.084","86.073","76.008","101.12","102.068","98.11","102.104","100.089","46.053","70.042","102.068","58.042"]},{"index":2,"name":"col2","values":["9.66","9.64","11.07","9","10.61","9.91","8.71","11.67","9.97","9.82","10.05","7.73","9.95","9.85","9.2","9.3","8","9.73","10.04","9.63"]}]},"context":{"page_title":null,"page_url":null,"page_entity_id":null,"content_hierarchy":[]},"links":[[[{"start":0,"end":25,"url":null,"entity_id":"Q24716849","candidates":[]}],[],[]],[[{"start":0,"end":25,"url":null,"entity_id":"Q24716723","candidates":[]}],[],[]],[[{"start":0,"end":16,"url":null,"entity_id":"Q18816316","candidates":[]}],[],[]],[[{"start":0,"end":13,"url":null,"entity_id":"Q7250470","candidates":[]}],[],[]],[[{"start":0,"end":13,"url":null,"entity_id":"Q422777","candidates":[]}],[],[]],[[{"start":0,"end":17,"url":null,"entity_id":"Q421143","candidates":[]}],[],[]],[[{"start":0,"end":12,"url":null,"entity_id":"Q421035","candidates":[]}],[],[]],[[{"start":0,"end":13,"url":null,"entity_id":"Q420835","candidates":[]}],[],[]],[[{"start":0,"end":16,"url":null,"entity_id":"Q420657","candidates":[]}],[],[]],[[{"start":0,"end":8,"url":null,"entity_id":"Q420652","candidates":[]}],[],[]],[[{"start":0,"end":14,"url":null,"entity_id":"Q420473","candidates":[]}],[],[]],[[{"start":0,"end":16,"url":null,"entity_id":"Q420331","candidates":[]}],[],[]],[[{"start":0,"end":17,"url":null,"entity_id":"Q419799","candidates":[]}],[],[]],[[{"start":0,"end":17,"url":null,"entity_id":"Q419330","candidates":[]}],[],[]],[[{"start":0,"end":15,"url":null,"entity_id":"Q418989","candidates":[]}],[],[]],[[{"start":0,"end":22,"url":null,"entity_id":"Q418104","candidates":[]}],[],[]],[[{"start":0,"end":15,"url":null,"entity_id":"Q417347","candidates":[]}],[],[]],[[{"start":0,"end":19,"url":null,"entity_id":"Q416036","candidates":[]}],[],[]],[[{"start":0,"end":14,"url":null,"entity_id":"Q415750","candidates":[]}],[],[]],[[{"start":0,"end":13,"url":null,"entity_id":"Q414553","candidates":[]}],[],[]]]}