{"version":"1.2","table":{"version":"2","table_id":"FOJFUQ06","columns":[{"index":0,"name":"col0","values":["Nitti I Cabinet","Nitti II Cabinet","La Marmora II Cabinet","Menabrea II Cabinet","La Marmora III Cabinet","Salandra I Cabinet","Sonnino II Cabinet","Fortis II Cabinet","Depretis V Cabinet","Cairoli I Cabinet","Crispi II Cabinet","Cavour IV Cabinet","Facta I Cabinet","Bonomi III Cabinet","Ricasoli II Cabinet","Giolitti II Cabinet","Giolitti III Cabinet","Boselli Cabinet","Farini Cabinet","Depretis I Cabinet"]},{"index":1,"name":"col1","values":["Francesco Saverio Nitti","Francesco Saverio Nitti","Alfonso La Marmora","Luigi Federico Menabrea","Alfonso La Marmora","Antonio Salandra","Sidney Sonnino","Alessandro Fortis","Agostino Depretis","Benedetto Cairoli","Francesco Crispi","Camillo Benso di Cavour","Luigi Facta","Ivanoe Bonomi","Bettino Ricasoli","Giovanni Giolitti","Giovanni Giolitti","Paolo Boselli","Luigi Carlo Farini","Agostino Depretis"]},{"index":2,"name":"col2","values":["Nitti II Cabinet","Giolitti V Cabinet","La Marmora III Cabinet","Menabrea III Cabinet","Ricasoli II Cabinet","Salandra II Cabinet","Luzzatti Cabinet","Sonnino I Cabinet","Depretis VI Cabinet","Depretis III Cabinet","di Rudinì I Cabinet","Ricasoli I Cabinet","Facta II Cabinet","Parri Cabinet","Rattazzi II Cabinet","Tittoni Cabinet","Sonnino II Cabinet","Orlando Cabinet","Minghetti I Cabinet","Depretis II Cabinet"]},{"index":3,"name":"col3","values":["1919-06-23","1920-05-21","1864-09-28","1868-01-05","1865-12-31","1914-03-21","1909-12-11","1905-12-24","1883-05-25","1878-03-24","1889-03-09","1861-03-23","1922-02-26","1944-12-12","1866-06-20","1903-11-03","1906-05-29","1916-06-18","1862-12-08","1876-03-25"]},{"index":4,"name":"col4","values":["Orlando Cabinet","Nitti I Cabinet","Minghetti I Cabinet","Menabrea I Cabinet","La Marmora II Cabinet","Giolitti IV Cabinet","Giolitti III Cabinet","Fortis I Cabinet","Depretis IV Cabinet","Depretis II Cabinet","Crispi I Cabinet","Cavour III Cabinet","Bonomi I Cabinet","Bonomi II Cabinet","La Marmora III Cabinet","Zanardelli Cabinet","Sonnino I Cabinet","Salandra II Cabinet","Rattazzi I Cabinet","Minghetti II Cabinet"]},{"index":5,"name":"col5","values":["Kingdom of Italy","Kingdom of Italy","Kingdom of Italy","Kingdom of Italy","Kingdom of Italy","Kingdom of Italy","Kingdom of Italy","Kingdom of Italy","Kingdom of Italy","Kingdom of Italy","Kingdom of Italy","Kingdom of Italy","Kingdom of Italy","Kingdom of Italy","Kingdom of Italy","Kingdom of Italy","Kingdom of Italy","Kingdom of Italy","Kingdom of Italy","Kingdom of Italy"]}]},"context":{"page_title":null,"page_url":null,"page_entity_id":null,"content_hierarchy":[]},"links":[[[{"start":0,"end":15,"url":null,"entity_id":"Q3773906","candidates":[]}],[{"start":0,"end":23,"url":null,"entity_id":"Q367132","candidates":[]}],[{"start":0,"end":16,"url":null,"entity_id":"Q3773907","candidates":[]}],[],[{"start":0,"end":15,"url":null,"entity_id":"Q3773908","candidates":[]}],[{"start":0,"end":16,"url":null,"entity_id":"Q172579","candidates":[]}]],[[{"start":0,"end":16,"url":null,"entity_id":"Q3773907","candidates":[]}],[{"start":0,"end":23,"url":null,"entity_id":"Q367132","candidates":[]}],[{"start":0,"end":18,"url":null,"entity_id":"Q3773869","candidates":[]}],[],[{"start":0,"end":15,"url":null,"entity_id":"Q3773906","candidates":[]}],[{"start":0,"end":16,"url":null,"entity_id":"Q172579","candidates":[]}]],[[{"start":0,"end":21,"url":null,"entity_id":"Q3773880","candidates":[]}],[{"start":0,"end":18,"url":null,"entity_id":"Q471272","candidates":[]}],[{"start":0,"end":22,"url":null,"entity_id":"Q21235723","candidates":[]}],[],[{"start":0,"end":19,"url":null,"entity_id":"Q3773894","candidates":[]}],[{"start":0,"end":16,"url":null,"entity_id":"Q172579","candidates":[]}]],[[{"start":0,"end":19,"url":null,"entity_id":"Q3773890","candidates":[]}],[{"start":0,"end":23,"url":null,"entity_id":"Q548672","candidates":[]}],[{"start":0,"end":20,"url":null,"entity_id":"Q3773891","candidates":[]}],[],[{"start":0,"end":18,"url":null,"entity_id":"Q3773889","candidates":[]}],[{"start":0,"end":16,"url":null,"entity_id":"Q172579","candidates":[]}]],[[{"start":0,"end":22,"url":null,"entity_id":"Q21235723","candidates":[]}],[{"start":0,"end":18,"url":null,"entity_id":"Q471272","candidates":[]}],[{"start":0,"end":19,"url":null,"entity_id":"Q3773930","candidates":[]}],[],[{"start":0,"end":21,"url":null,"entity_id":"Q3773880","candidates":[]}],[{"start":0,"end":16,"url":null,"entity_id":"Q172579","candidates":[]}]],[[{"start":0,"end":18,"url":null,"entity_id":"Q3773940","candidates":[]}],[{"start":0,"end":16,"url":null,"entity_id":"Q354715","candidates":[]}],[{"start":0,"end":19,"url":null,"entity_id":"Q3773942","candidates":[]}],[],[{"start":0,"end":19,"url":null,"entity_id":"Q3773868","candidates":[]}],[{"start":0,"end":16,"url":null,"entity_id":"Q172579","candidates":[]}]],[[{"start":0,"end":18,"url":null,"entity_id":"Q3773953","candidates":[]}],[{"start":0,"end":14,"url":null,"entity_id":"Q320922","candidates":[]}],[{"start":0,"end":16,"url":null,"entity_id":"Q3773886","candidates":[]}],[],[{"start":0,"end":20,"url":null,"entity_id":"Q3773867","candidates":[]}],[{"start":0,"end":16,"url":null,"entity_id":"Q172579","candidates":[]}]],[[{"start":0,"end":17,"url":null,"entity_id":"Q3773861","candidates":[]}],[{"start":0,"end":17,"url":null,"entity_id":"Q728920","candidates":[]}],[{"start":0,"end":17,"url":null,"entity_id":"Q3773952","candidates":[]}],[],[{"start":0,"end":16,"url":null,"entity_id":"Q3773860","candidates":[]}],[{"start":0,"end":16,"url":null,"entity_id":"Q172579","candidates":[]}]],[[{"start":0,"end":18,"url":null,"entity_id":"Q3773838","candidates":[]}],[{"start":0,"end":17,"url":null,"entity_id":"Q356711","candidates":[]}],[{"start":0,"end":19,"url":null,"entity_id":"Q3773840","candidates":[]}],[],[{"start":0,"end":19,"url":null,"entity_id":"Q3773836","candidates":[]}],[{"start":0,"end":16,"url":null,"entity_id":"Q172579","candidates":[]}]],[[{"start":0,"end":17,"url":null,"entity_id":"Q3773806","candidates":[]}],[{"start":0,"end":17,"url":null,"entity_id":"Q284294","candidates":[]}],[{"start":0,"end":20,"url":null,"entity_id":"Q3773835","candidates":[]}],[],[{"start":0,"end":19,"url":null,"entity_id":"Q3773834","candidates":[]}],[{"start":0,"end":16,"url":null,"entity_id":"Q172579","candidates":[]}]],[[{"start":0,"end":17,"url":null,"entity_id":"Q3773826","candidates":[]}],[{"start":0,"end":16,"url":null,"entity_id":"Q332626","candidates":[]}],[{"start":0,"end":19,"url":null,"entity_id":"Q3773977","candidates":[]}],[],[{"start":0,"end":16,"url":null,"entity_id":"Q3773824","candidates":[]}],[{"start":0,"end":16,"url":null,"entity_id":"Q172579","candidates":[]}]],[[{"start":0,"end":17,"url":null,"entity_id":"Q3773815","candidates":[]}],[{"start":0,"end":23,"url":null,"entity_id":"Q166092","candidates":[]}],[{"start":0,"end":18,"url":null,"entity_id":"Q3773929","candidates":[]}],[],[{"start":0,"end":18,"url":null,"entity_id":"Q3773814","candidates":[]}],[{"start":0,"end":16,"url":null,"entity_id":"Q172579","candidates":[]}]],[[{"start":0,"end":15,"url":null,"entity_id":"Q3773847","candidates":[]}],[{"start":0,"end":11,"url":null,"entity_id":"Q431330","candidates":[]}],[{"start":0,"end":16,"url":null,"entity_id":"Q3773849","candidates":[]}],[],[{"start":0,"end":16,"url":null,"entity_id":"Q3773800","candidates":[]}],[{"start":0,"end":16,"url":null,"entity_id":"Q172579","candidates":[]}]],[[{"start":0,"end":18,"url":null,"entity_id":"Q3773801","candidates":[]}],[{"start":0,"end":13,"url":null,"entity_id":"Q313717","candidates":[]}],[{"start":0,"end":13,"url":null,"entity_id":"Q3773909","candidates":[]}],[],[{"start":0,"end":17,"url":null,"entity_id":"Q3773799","candidates":[]}],[{"start":0,"end":16,"url":null,"entity_id":"Q172579","candidates":[]}]],[[{"start":0,"end":19,"url":null,"entity_id":"Q3773930","candidates":[]}],[{"start":0,"end":16,"url":null,"entity_id":"Q519900","candidates":[]}],[{"start":0,"end":19,"url":null,"entity_id":"Q3773927","candidates":[]}],[],[{"start":0,"end":22,"url":null,"entity_id":"Q21235723","candidates":[]}],[{"start":0,"end":16,"url":null,"entity_id":"Q172579","candidates":[]}]],[[{"start":0,"end":19,"url":null,"entity_id":"Q3773866","candidates":[]}],[{"start":0,"end":17,"url":null,"entity_id":"Q297190","candidates":[]}],[{"start":0,"end":15,"url":null,"entity_id":"Q3773958","candidates":[]}],[],[{"start":0,"end":18,"url":null,"entity_id":"Q3773959","candidates":[]}],[{"start":0,"end":16,"url":null,"entity_id":"Q172579","candidates":[]}]],[[{"start":0,"end":20,"url":null,"entity_id":"Q3773867","candidates":[]}],[{"start":0,"end":17,"url":null,"entity_id":"Q297190","candidates":[]}],[{"start":0,"end":18,"url":null,"entity_id":"Q3773953","candidates":[]}],[],[{"start":0,"end":17,"url":null,"entity_id":"Q3773952","candidates":[]}],[{"start":0,"end":16,"url":null,"entity_id":"Q172579","candidates":[]}]],[[{"start":0,"end":15,"url":null,"entity_id":"Q3773803","candidates":[]}],[{"start":0,"end":13,"url":null,"entity_id":"Q471232","candidates":[]}],[{"start":0,"end":15,"url":null,"entity_id":"Q3773908","candidates":[]}],[],[{"start":0,"end":19,"url":null,"entity_id":"Q3773942","candidates":[]}],[{"start":0,"end":16,"url":null,"entity_id":"Q172579","candidates":[]}]],[[{"start":0,"end":14,"url":null,"entity_id":"Q3773855","candidates":[]}],[{"start":0,"end":18,"url":null,"entity_id":"Q729032","candidates":[]}],[{"start":0,"end":19,"url":null,"entity_id":"Q3773894","candidates":[]}],[],[{"start":0,"end":18,"url":null,"entity_id":"Q3773926","candidates":[]}],[{"start":0,"end":16,"url":null,"entity_id":"Q172579","candidates":[]}]],[[{"start":0,"end":18,"url":null,"entity_id":"Q3773832","candidates":[]}],[{"start":0,"end":17,"url":null,"entity_id":"Q356711","candidates":[]}],[{"start":0,"end":19,"url":null,"entity_id":"Q3773834","candidates":[]}],[],[{"start":0,"end":20,"url":null,"entity_id":"Q3773895","candidates":[]}],[{"start":0,"end":16,"url":null,"entity_id":"Q172579","candidates":[]}]]]}