{"version":"1.2","table":{"version":"2","table_id":"FP4DOZDD","columns":[{"index":0,"name":"col0","values":["O. Tumanyan Parvana. Illustrations","A. Spendiaryan's \"Almast\" opera scorer","A. Kajvoryan's \"G. Marzpetuni\" play (by Muratsan) (sketch)","V. Terzibashyan Our brave ancestors. Three illustrations","V. Aygektsi. Agvesagirk, Five capital letters","Capital letters","The book of Bakunts \"Black Seeds Seeds\"","H. Hakobyan's \"Poetry\"  Force","J. Swift. Gulliver's journey, Three illustrations","Letter to O. Tumanyan's story \"Gikor\"","\"Sasna Tsrer\"","N. Zaryan Ara the Beautiful. Two illustrations","Siamanto's \"Funeral\" Illustration of \"Armenian Poetry\" collection","Illustration of D. Varuzhan's \"Dancer\" \"Armenian Poetry\" collection","\"Medieval Fables\" by S. Poretii","Two screensavers","Illustration of Isahakian's \"Abu Lala Mahari\" Collection of \"Armenian Poetry\"","Hakob Paronyan, design of \"Baghdasar Aghbar\" play (sketch)","Porta-Retrato","Sayat-Nova. A collection of songs. Illustration"]},{"index":1,"name":"col1","values":["National Gallery of Armenia","National Gallery of Armenia","Yerevan","Ara Sargsyan and Hakob Kojoyan Museum","Ara Sargsyan and Hakob Kojoyan Museum","Ara Sargsyan and Hakob Kojoyan Museum","Ara Sargsyan and Hakob Kojoyan Museum","Ara Sargsyan and Hakob Kojoyan Museum","Ara Sargsyan and Hakob Kojoyan Museum","Ara Sargsyan and Hakob Kojoyan Museum","Ara Sargsian","National Gallery of Armenia","National Gallery of Armenia","National Gallery of Armenia","National Gallery of Armenia","National Gallery of Armenia","1936","Yerevan","Museu Paulista","National Gallery of Armenia"]},{"index":2,"name":"col2","values":["1956-01-01","1942-01-01","1941-01-01","1943-01-01","1935-01-01","1935-01-01","1934-01-01","1934-01-01","1931-01-01","1924-01-01","1936-01-01","1945-01-01","1936-01-01","1936-01-01","1935-01-01","1924-01-01","1936-01-01","1955-01-01","1901-01-01","1945-01-01"]},{"index":3,"name":"col3","values":["canvas","mezzotint technique","gouache paint","paper","paper","paper","paper","paper","paper","paper","paper","paper","paper","paper","paper","paper","paper","paper","metal","gold"]}]},"context":{"page_title":null,"page_url":null,"page_entity_id":null,"content_hierarchy":[]},"links":[[[{"start":0,"end":34,"url":null,"entity_id":"Q56581919","candidates":[]}],[{"start":0,"end":27,"url":null,"entity_id":"Q2087788","candidates":[]}],[],[{"start":0,"end":6,"url":null,"entity_id":"Q4259259","candidates":[]}]],[[{"start":0,"end":38,"url":null,"entity_id":"Q56579692","candidates":[]}],[{"start":0,"end":27,"url":null,"entity_id":"Q2087788","candidates":[]}],[],[{"start":0,"end":19,"url":null,"entity_id":"Q731980","candidates":[]}]],[[{"start":0,"end":58,"url":null,"entity_id":"Q56524079","candidates":[]}],[{"start":0,"end":7,"url":null,"entity_id":"Q1953","candidates":[]}],[],[{"start":0,"end":13,"url":null,"entity_id":"Q204330","candidates":[]}]],[[{"start":0,"end":56,"url":null,"entity_id":"Q56580074","candidates":[]}],[{"start":0,"end":37,"url":null,"entity_id":"Q13052114","candidates":[]}],[],[{"start":0,"end":5,"url":null,"entity_id":"Q11472","candidates":[]}]],[[{"start":0,"end":45,"url":null,"entity_id":"Q56558696","candidates":[]}],[{"start":0,"end":37,"url":null,"entity_id":"Q13052114","candidates":[]}],[],[{"start":0,"end":5,"url":null,"entity_id":"Q11472","candidates":[]}]],[[{"start":0,"end":15,"url":null,"entity_id":"Q56546995","candidates":[]}],[{"start":0,"end":37,"url":null,"entity_id":"Q13052114","candidates":[]}],[],[{"start":0,"end":5,"url":null,"entity_id":"Q11472","candidates":[]}]],[[{"start":0,"end":39,"url":null,"entity_id":"Q56546624","candidates":[]}],[{"start":0,"end":37,"url":null,"entity_id":"Q13052114","candidates":[]}],[],[{"start":0,"end":5,"url":null,"entity_id":"Q11472","candidates":[]}]],[[{"start":0,"end":29,"url":null,"entity_id":"Q56546194","candidates":[]}],[{"start":0,"end":37,"url":null,"entity_id":"Q13052114","candidates":[]}],[],[{"start":0,"end":5,"url":null,"entity_id":"Q11472","candidates":[]}]],[[{"start":0,"end":49,"url":null,"entity_id":"Q56545697","candidates":[]}],[{"start":0,"end":37,"url":null,"entity_id":"Q13052114","candidates":[]}],[],[{"start":0,"end":5,"url":null,"entity_id":"Q11472","candidates":[]}]],[[{"start":0,"end":37,"url":null,"entity_id":"Q56545441","candidates":[]}],[{"start":0,"end":37,"url":null,"entity_id":"Q13052114","candidates":[]}],[],[{"start":0,"end":5,"url":null,"entity_id":"Q11472","candidates":[]}]],[[{"start":0,"end":13,"url":null,"entity_id":"Q56559506","candidates":[]}],[{"start":0,"end":12,"url":null,"entity_id":"Q4783105","candidates":[]}],[],[{"start":0,"end":5,"url":null,"entity_id":"Q11472","candidates":[]}]],[[{"start":0,"end":46,"url":null,"entity_id":"Q56580936","candidates":[]}],[{"start":0,"end":27,"url":null,"entity_id":"Q2087788","candidates":[]}],[],[{"start":0,"end":5,"url":null,"entity_id":"Q11472","candidates":[]}]],[[{"start":0,"end":65,"url":null,"entity_id":"Q56578244","candidates":[]}],[{"start":0,"end":27,"url":null,"entity_id":"Q2087788","candidates":[]}],[],[{"start":0,"end":5,"url":null,"entity_id":"Q11472","candidates":[]}]],[[{"start":0,"end":67,"url":null,"entity_id":"Q56559642","candidates":[]}],[{"start":0,"end":27,"url":null,"entity_id":"Q2087788","candidates":[]}],[],[{"start":0,"end":5,"url":null,"entity_id":"Q11472","candidates":[]}]],[[{"start":0,"end":31,"url":null,"entity_id":"Q56559549","candidates":[]}],[{"start":0,"end":27,"url":null,"entity_id":"Q2087788","candidates":[]}],[],[{"start":0,"end":5,"url":null,"entity_id":"Q11472","candidates":[]}]],[[{"start":0,"end":16,"url":null,"entity_id":"Q56545418","candidates":[]}],[{"start":0,"end":27,"url":null,"entity_id":"Q2087788","candidates":[]}],[],[{"start":0,"end":5,"url":null,"entity_id":"Q11472","candidates":[]}]],[[{"start":0,"end":77,"url":null,"entity_id":"Q56578378","candidates":[]}],[{"start":0,"end":4,"url":null,"entity_id":"Q18649","candidates":[]}],[],[{"start":0,"end":5,"url":null,"entity_id":"Q11472","candidates":[]}]],[[{"start":0,"end":58,"url":null,"entity_id":"Q56524115","candidates":[]}],[{"start":0,"end":7,"url":null,"entity_id":"Q1953","candidates":[]}],[],[{"start":0,"end":5,"url":null,"entity_id":"Q11472","candidates":[]}]],[[{"start":0,"end":13,"url":null,"entity_id":"Q61755684","candidates":[]}],[{"start":0,"end":14,"url":null,"entity_id":"Q371803","candidates":[]}],[],[{"start":0,"end":5,"url":null,"entity_id":"Q11426","candidates":[]}]],[[{"start":0,"end":47,"url":null,"entity_id":"Q56580233","candidates":[]}],[{"start":0,"end":27,"url":null,"entity_id":"Q2087788","candidates":[]}],[],[{"start":0,"end":4,"url":null,"entity_id":"Q897","candidates":[]}]]]}