{"version":"1.2","table":{"version":"2","table_id":"FP56HD0V","columns":[{"index":0,"name":"col0","values":["HOT","rag-Jørgensen","AK-63","H&KUSP","QF 6-pounder#Hotchkiss","AS.30","MILAN","SS.11","Glock","Model 3 Howitzer 75/18","Caro Gustaf","Bofors 67 mm Gun Model 1934","SIG Sauer UIG516","MGM-31 Phrshing","AR-15","MIM-23#Hawk","Type 84 MAT","L16","SG-43 Gorunov","TR-1 Tmp"]},{"index":1,"name":"col1","values":["anti-tank missile","bolt-action rifle","AKM","semi-automatic pistol","naval artillery","air-to-surface missile","anti-tank missile","anti-tank missile","semi-automatic pistol","75 mm field howitzer","recoilless rifle","anti-tank gun","assault rifle","short-range ballistic missile","semi-automatic rifle","surface-to-air missile","anti-tank missile","81mm Mortar","medium machine gun","surface-to-surface missile system"]},{"index":2,"name":"col2","values":["MBDA","Steyr Arms","Fegyver- és Gépgyár","Heckler & Koch","Hotchkiss et Cie","Aérospatiale","Aérospatiale","Aérospatiale","Glock Ges.m.b.H.","Ansaldo","Bofors Carl Gustaf","Bofors","SIG Sauer","Martin Marietta","Smith & Wesson","Raytheon","Kawasaki Heavy Industries","Royal Ordnance","Degtyarev plant","Votkinsk Machine Building Plant"]},{"index":3,"name":"col3","values":["West Germany","Union between Sweden and Norway","People's Republic of Hungary","Germany","France","France","France","France","Austria","Italy","Sweden","Sweden","United States of America","United States of America","United States of America","United States of America","Japan","Canada","Soviet Union","Soviet Union"]}]},"context":{"page_title":null,"page_url":null,"page_entity_id":null,"content_hierarchy":[]},"links":[[[{"start":0,"end":3,"url":null,"entity_id":"Q389450","candidates":[]}],[{"start":0,"end":17,"url":null,"entity_id":"Q282472","candidates":[]}],[{"start":0,"end":4,"url":null,"entity_id":"Q1475070","candidates":[]}],[{"start":0,"end":12,"url":null,"entity_id":"Q713750","candidates":[]}]],[[{"start":0,"end":13,"url":null,"entity_id":"Q155261","candidates":[]}],[{"start":0,"end":17,"url":null,"entity_id":"Q40280158","candidates":[]}],[{"start":0,"end":10,"url":null,"entity_id":"Q591359","candidates":[]}],[{"start":0,"end":31,"url":null,"entity_id":"Q62589","candidates":[]}]],[[{"start":0,"end":5,"url":null,"entity_id":"Q432661","candidates":[]}],[{"start":0,"end":3,"url":null,"entity_id":"Q432662","candidates":[]}],[{"start":0,"end":19,"url":null,"entity_id":"Q727963","candidates":[]}],[{"start":0,"end":28,"url":null,"entity_id":"Q16410","candidates":[]}]],[[{"start":0,"end":6,"url":null,"entity_id":"Q209709","candidates":[]}],[{"start":0,"end":21,"url":null,"entity_id":"Q3389302","candidates":[]}],[{"start":0,"end":14,"url":null,"entity_id":"Q152815","candidates":[]}],[{"start":0,"end":7,"url":null,"entity_id":"Q183","candidates":[]}]],[[{"start":0,"end":22,"url":null,"entity_id":"Q259308","candidates":[]}],[{"start":0,"end":15,"url":null,"entity_id":"Q511450","candidates":[]}],[{"start":0,"end":16,"url":null,"entity_id":"Q1630793","candidates":[]}],[{"start":0,"end":6,"url":null,"entity_id":"Q142","candidates":[]}]],[[{"start":0,"end":5,"url":null,"entity_id":"Q297141","candidates":[]}],[{"start":0,"end":22,"url":null,"entity_id":"Q1049158","candidates":[]}],[{"start":0,"end":12,"url":null,"entity_id":"Q650639","candidates":[]}],[{"start":0,"end":6,"url":null,"entity_id":"Q142","candidates":[]}]],[[{"start":0,"end":5,"url":null,"entity_id":"Q1463375","candidates":[]}],[{"start":0,"end":17,"url":null,"entity_id":"Q282472","candidates":[]}],[{"start":0,"end":12,"url":null,"entity_id":"Q650639","candidates":[]}],[{"start":0,"end":6,"url":null,"entity_id":"Q142","candidates":[]}]],[[{"start":0,"end":5,"url":null,"entity_id":"Q292481","candidates":[]}],[{"start":0,"end":17,"url":null,"entity_id":"Q282472","candidates":[]}],[{"start":0,"end":12,"url":null,"entity_id":"Q650639","candidates":[]}],[{"start":0,"end":6,"url":null,"entity_id":"Q142","candidates":[]}]],[[{"start":0,"end":5,"url":null,"entity_id":"Q739882","candidates":[]}],[{"start":0,"end":21,"url":null,"entity_id":"Q3389302","candidates":[]}],[{"start":0,"end":16,"url":null,"entity_id":"Q702135","candidates":[]}],[{"start":0,"end":7,"url":null,"entity_id":"Q40","candidates":[]}]],[[{"start":0,"end":22,"url":null,"entity_id":"Q576695","candidates":[]}],[{"start":0,"end":20,"url":null,"entity_id":"Q63926689","candidates":[]}],[{"start":0,"end":7,"url":null,"entity_id":"Q290188","candidates":[]}],[{"start":0,"end":5,"url":null,"entity_id":"Q38","candidates":[]}]],[[{"start":0,"end":11,"url":null,"entity_id":"Q1365812","candidates":[]}],[{"start":0,"end":16,"url":null,"entity_id":"Q641196","candidates":[]}],[{"start":0,"end":18,"url":null,"entity_id":"Q2908607","candidates":[]}],[{"start":0,"end":6,"url":null,"entity_id":"Q34","candidates":[]}]],[[{"start":0,"end":27,"url":null,"entity_id":"Q890350","candidates":[]}],[{"start":0,"end":13,"url":null,"entity_id":"Q1370129","candidates":[]}],[{"start":0,"end":6,"url":null,"entity_id":"Q890353","candidates":[]}],[{"start":0,"end":6,"url":null,"entity_id":"Q34","candidates":[]}]],[[{"start":0,"end":16,"url":null,"entity_id":"Q4048777","candidates":[]}],[{"start":0,"end":13,"url":null,"entity_id":"Q177456","candidates":[]}],[{"start":0,"end":9,"url":null,"entity_id":"Q2280505","candidates":[]}],[{"start":0,"end":24,"url":null,"entity_id":"Q30","candidates":[]}]],[[{"start":0,"end":15,"url":null,"entity_id":"Q626810","candidates":[]}],[{"start":0,"end":29,"url":null,"entity_id":"Q400704","candidates":[]}],[{"start":0,"end":15,"url":null,"entity_id":"Q626800","candidates":[]}],[{"start":0,"end":24,"url":null,"entity_id":"Q30","candidates":[]}]],[[{"start":0,"end":5,"url":null,"entity_id":"Q1073847","candidates":[]}],[{"start":0,"end":20,"url":null,"entity_id":"Q2291248","candidates":[]}],[{"start":0,"end":14,"url":null,"entity_id":"Q463090","candidates":[]}],[{"start":0,"end":24,"url":null,"entity_id":"Q30","candidates":[]}]],[[{"start":0,"end":11,"url":null,"entity_id":"Q482414","candidates":[]}],[{"start":0,"end":22,"url":null,"entity_id":"Q466704","candidates":[]}],[{"start":0,"end":8,"url":null,"entity_id":"Q156644","candidates":[]}],[{"start":0,"end":24,"url":null,"entity_id":"Q30","candidates":[]}]],[[{"start":0,"end":11,"url":null,"entity_id":"Q863082","candidates":[]}],[{"start":0,"end":17,"url":null,"entity_id":"Q282472","candidates":[]}],[{"start":0,"end":25,"url":null,"entity_id":"Q748148","candidates":[]}],[{"start":0,"end":5,"url":null,"entity_id":"Q17","candidates":[]}]],[[{"start":0,"end":3,"url":null,"entity_id":"Q283589","candidates":[]}],[{"start":0,"end":11,"url":null,"entity_id":"Q4644535","candidates":[]}],[{"start":0,"end":14,"url":null,"entity_id":"Q6132492","candidates":[]}],[{"start":0,"end":6,"url":null,"entity_id":"Q16","candidates":[]}]],[[{"start":0,"end":13,"url":null,"entity_id":"Q176451","candidates":[]}],[{"start":0,"end":18,"url":null,"entity_id":"Q1192819","candidates":[]}],[{"start":0,"end":15,"url":null,"entity_id":"Q2439883","candidates":[]}],[{"start":0,"end":12,"url":null,"entity_id":"Q15180","candidates":[]}]],[[{"start":0,"end":8,"url":null,"entity_id":"Q1679376","candidates":[]}],[{"start":0,"end":33,"url":null,"entity_id":"Q62518016","candidates":[]}],[{"start":0,"end":31,"url":null,"entity_id":"Q1963006","candidates":[]}],[{"start":0,"end":12,"url":null,"entity_id":"Q15180","candidates":[]}]]]}