{"version":"1.2","table":{"version":"2","table_id":"FR3903F9","columns":[{"index":0,"name":"col0","values":["Aittokoski","Aittokoski","Ahvenkoski","Alimmainen Kolsakoski","Hietakoski","Hankakoski","Japakoski","Jalkakoski","Isokurkkio","Kaarrekoski","Kaaranneskoski","Kettukoski","Kelukoski","Koltsakoski","Kuiskoski","Kotakosket","Kontiokoski","Kynsikoski","Leukkuhamara","Majavakosket"]},{"index":1,"name":"col1","values":["171","128","8","197","156","231","163","139","426","195","116","155","188","183","195","217","202","228","217","224"]},{"index":2,"name":"col2","values":["Finland","Finland","Finland","Finland","Finland","Finland","Finland","Finland","Finland","Finland","Finland","Finland","Finland","Finland","Finland","Finland","Finland","Finland","Finland","Finland"]}]},"context":{"page_title":null,"page_url":null,"page_entity_id":null,"content_hierarchy":[]},"links":[[[{"start":0,"end":10,"url":null,"entity_id":"Q24339842","candidates":[]}],[],[{"start":0,"end":7,"url":null,"entity_id":"Q33","candidates":[]}]],[[{"start":0,"end":10,"url":null,"entity_id":"Q24339841","candidates":[]}],[],[{"start":0,"end":7,"url":null,"entity_id":"Q33","candidates":[]}]],[[{"start":0,"end":10,"url":null,"entity_id":"Q24339778","candidates":[]}],[],[{"start":0,"end":7,"url":null,"entity_id":"Q33","candidates":[]}]],[[{"start":0,"end":21,"url":null,"entity_id":"Q24339015","candidates":[]}],[],[{"start":0,"end":7,"url":null,"entity_id":"Q33","candidates":[]}]],[[{"start":0,"end":10,"url":null,"entity_id":"Q24332137","candidates":[]}],[],[{"start":0,"end":7,"url":null,"entity_id":"Q33","candidates":[]}]],[[{"start":0,"end":10,"url":null,"entity_id":"Q24331821","candidates":[]}],[],[{"start":0,"end":7,"url":null,"entity_id":"Q33","candidates":[]}]],[[{"start":0,"end":9,"url":null,"entity_id":"Q24330918","candidates":[]}],[],[{"start":0,"end":7,"url":null,"entity_id":"Q33","candidates":[]}]],[[{"start":0,"end":10,"url":null,"entity_id":"Q24330880","candidates":[]}],[],[{"start":0,"end":7,"url":null,"entity_id":"Q33","candidates":[]}]],[[{"start":0,"end":10,"url":null,"entity_id":"Q24330688","candidates":[]}],[],[{"start":0,"end":7,"url":null,"entity_id":"Q33","candidates":[]}]],[[{"start":0,"end":11,"url":null,"entity_id":"Q24329573","candidates":[]}],[],[{"start":0,"end":7,"url":null,"entity_id":"Q33","candidates":[]}]],[[{"start":0,"end":14,"url":null,"entity_id":"Q24329556","candidates":[]}],[],[{"start":0,"end":7,"url":null,"entity_id":"Q33","candidates":[]}]],[[{"start":0,"end":10,"url":null,"entity_id":"Q24328688","candidates":[]}],[],[{"start":0,"end":7,"url":null,"entity_id":"Q33","candidates":[]}]],[[{"start":0,"end":9,"url":null,"entity_id":"Q24328605","candidates":[]}],[],[{"start":0,"end":7,"url":null,"entity_id":"Q33","candidates":[]}]],[[{"start":0,"end":11,"url":null,"entity_id":"Q24327607","candidates":[]}],[],[{"start":0,"end":7,"url":null,"entity_id":"Q33","candidates":[]}]],[[{"start":0,"end":9,"url":null,"entity_id":"Q24326740","candidates":[]}],[],[{"start":0,"end":7,"url":null,"entity_id":"Q33","candidates":[]}]],[[{"start":0,"end":10,"url":null,"entity_id":"Q24326619","candidates":[]}],[],[{"start":0,"end":7,"url":null,"entity_id":"Q33","candidates":[]}]],[[{"start":0,"end":11,"url":null,"entity_id":"Q24326444","candidates":[]}],[],[{"start":0,"end":7,"url":null,"entity_id":"Q33","candidates":[]}]],[[{"start":0,"end":10,"url":null,"entity_id":"Q24326198","candidates":[]}],[],[{"start":0,"end":7,"url":null,"entity_id":"Q33","candidates":[]}]],[[{"start":0,"end":12,"url":null,"entity_id":"Q24325126","candidates":[]}],[],[{"start":0,"end":7,"url":null,"entity_id":"Q33","candidates":[]}]],[[{"start":0,"end":12,"url":null,"entity_id":"Q24323730","candidates":[]}],[],[{"start":0,"end":7,"url":null,"entity_id":"Q33","candidates":[]}]]]}