{"version":"1.2","table":{"version":"2","table_id":"FS36J4ES","columns":[{"index":0,"name":"col0","values":["Île à Bacchus","île Aganton","Grand Bé","Petit Bé","Rabbit Island, New Zealand","Penguin Island","Island Davaar","Tombelaine","Enoshima","Lihou","Baleshare","St Catherine's Island","Gugh","Oronsay","île Carn","île-Grande","St Patrick's Isle","Hamburger Hallig","île de Nôle","Ynys y Fydlyn"]},{"index":1,"name":"col1","values":["120","1000","0.3","0.2","8.4","0.84","1.2","0.26","1.2","0.4","4.4","0.2","1","4.6","0.28","2","0.326","4","390","0.255"]},{"index":2,"name":"col2","values":["100","500","0.2","0.1","2","0.38","0.8","0.13","0.6","0.3","3.3","0.06","0.5","2.9","0.17","1","0.205","2","160","0.135"]}]},"context":{"page_title":null,"page_url":null,"page_entity_id":null,"content_hierarchy":[]},"links":[[[{"start":0,"end":13,"url":null,"entity_id":"Q3593518","candidates":[]}],[],[]],[[{"start":0,"end":11,"url":null,"entity_id":"Q3592996","candidates":[]}],[],[]],[[{"start":0,"end":8,"url":null,"entity_id":"Q3113539","candidates":[]}],[],[]],[[{"start":0,"end":8,"url":null,"entity_id":"Q3078373","candidates":[]}],[],[]],[[{"start":0,"end":26,"url":null,"entity_id":"Q2124924","candidates":[]}],[],[]],[[{"start":0,"end":14,"url":null,"entity_id":"Q1459828","candidates":[]}],[],[]],[[{"start":0,"end":13,"url":null,"entity_id":"Q1173072","candidates":[]}],[],[]],[[{"start":0,"end":10,"url":null,"entity_id":"Q1020145","candidates":[]}],[],[]],[[{"start":0,"end":8,"url":null,"entity_id":"Q989803","candidates":[]}],[],[]],[[{"start":0,"end":5,"url":null,"entity_id":"Q953452","candidates":[]}],[],[]],[[{"start":0,"end":9,"url":null,"entity_id":"Q789357","candidates":[]}],[],[]],[[{"start":0,"end":21,"url":null,"entity_id":"Q582014","candidates":[]}],[],[]],[[{"start":0,"end":4,"url":null,"entity_id":"Q547112","candidates":[]}],[],[]],[[{"start":0,"end":7,"url":null,"entity_id":"Q501179","candidates":[]}],[],[]],[[{"start":0,"end":8,"url":null,"entity_id":"Q292009","candidates":[]}],[],[]],[[{"start":0,"end":10,"url":null,"entity_id":"Q291908","candidates":[]}],[],[]],[[{"start":0,"end":17,"url":null,"entity_id":"Q158142","candidates":[]}],[],[]],[[{"start":0,"end":16,"url":null,"entity_id":"Q20677","candidates":[]}],[],[]],[[{"start":0,"end":11,"url":null,"entity_id":"Q30740800","candidates":[]}],[],[]],[[{"start":0,"end":13,"url":null,"entity_id":"Q15890105","candidates":[]}],[],[]]]}