{"version":"1.2","table":{"version":"2","table_id":"FXLZKFLZ","columns":[{"index":0,"name":"col0","values":["Mecapaca Municipality","Vinto Municipality","Calacoto Municipality","Totora","Villa Tunari Municipality","Santa Ana Municipality","Capinota","Papel Pampa Municipality","Pucarani Municipality","El Carmen Rivero Tórrez","Teoponte Municipality","Coripata Municipality","Tupiza Municipality","Pelechuco Municipality","Guaqui Municipality","Santiváñez Municipality","Cliza Municipality","San Pablo de Lípez Municipality","Colquechaca Municipality","Atocha Municipality"]},{"index":1,"name":"col1","values":["Pedro Domingo Murillo Province","Quillacollo Province","Pacajes Province","San Pedro de Totora Province","Chapare Province","Yacuma Province","Capinota Province","Gualberto Villarroel Province","Los Andes Province","Germán Busch Province","Larecaja Province","Nor Yungas Province","Sud Chichas Province","Franz Tamayo Province","Ingavi Province","Capinota Province","Germán Jordán Province","Sur Lípez Province","Chayanta Province","Sud Chichas Province"]},{"index":2,"name":"col2","values":["Mecapaca","Vinto","Calacoto","San Pedro de Totora","Villa Tunari","Santa Ana del Yacuma","Capinota Municipality","Papel Pampa","Pucarani","Municipio El Carmen Rivero Tórrez","Teoponte","Coripata","Tupiza","Pelechuco","Guaqui","Santiváñez","Cliza","San Pablo de Lípez","Colquechaca","Atocha Railway Station"]}]},"context":{"page_title":null,"page_url":null,"page_entity_id":null,"content_hierarchy":[]},"links":[[[{"start":0,"end":21,"url":null,"entity_id":"Q1551628","candidates":[]}],[{"start":0,"end":30,"url":null,"entity_id":"Q590873","candidates":[]}],[{"start":0,"end":8,"url":null,"entity_id":"Q550028","candidates":[]}]],[[{"start":0,"end":18,"url":null,"entity_id":"Q1521087","candidates":[]}],[{"start":0,"end":20,"url":null,"entity_id":"Q947724","candidates":[]}],[{"start":0,"end":5,"url":null,"entity_id":"Q125924","candidates":[]}]],[[{"start":0,"end":21,"url":null,"entity_id":"Q1409686","candidates":[]}],[{"start":0,"end":16,"url":null,"entity_id":"Q1355941","candidates":[]}],[{"start":0,"end":8,"url":null,"entity_id":"Q5018320","candidates":[]}]],[[{"start":0,"end":6,"url":null,"entity_id":"Q1002073","candidates":[]}],[{"start":0,"end":28,"url":null,"entity_id":"Q1427704","candidates":[]}],[{"start":0,"end":19,"url":null,"entity_id":"Q1953183","candidates":[]}]],[[{"start":0,"end":25,"url":null,"entity_id":"Q1232232","candidates":[]}],[{"start":0,"end":16,"url":null,"entity_id":"Q1434538","candidates":[]}],[{"start":0,"end":12,"url":null,"entity_id":"Q1860785","candidates":[]}]],[[{"start":0,"end":22,"url":null,"entity_id":"Q685208","candidates":[]}],[{"start":0,"end":15,"url":null,"entity_id":"Q290515","candidates":[]}],[{"start":0,"end":20,"url":null,"entity_id":"Q1819433","candidates":[]}]],[[{"start":0,"end":8,"url":null,"entity_id":"Q1034638","candidates":[]}],[{"start":0,"end":17,"url":null,"entity_id":"Q1366004","candidates":[]}],[{"start":0,"end":21,"url":null,"entity_id":"Q1730823","candidates":[]}]],[[{"start":0,"end":24,"url":null,"entity_id":"Q1434273","candidates":[]}],[{"start":0,"end":29,"url":null,"entity_id":"Q731115","candidates":[]}],[{"start":0,"end":11,"url":null,"entity_id":"Q1489743","candidates":[]}]],[[{"start":0,"end":21,"url":null,"entity_id":"Q1265440","candidates":[]}],[{"start":0,"end":18,"url":null,"entity_id":"Q1355950","candidates":[]}],[{"start":0,"end":8,"url":null,"entity_id":"Q1472761","candidates":[]}]],[[{"start":0,"end":23,"url":null,"entity_id":"Q1323931","candidates":[]}],[{"start":0,"end":21,"url":null,"entity_id":"Q1215611","candidates":[]}],[{"start":0,"end":33,"url":null,"entity_id":"Q1108271","candidates":[]}]],[[{"start":0,"end":21,"url":null,"entity_id":"Q692960","candidates":[]}],[{"start":0,"end":17,"url":null,"entity_id":"Q1325760","candidates":[]}],[{"start":0,"end":8,"url":null,"entity_id":"Q1026231","candidates":[]}]],[[{"start":0,"end":21,"url":null,"entity_id":"Q1303284","candidates":[]}],[{"start":0,"end":19,"url":null,"entity_id":"Q389311","candidates":[]}],[{"start":0,"end":8,"url":null,"entity_id":"Q1014537","candidates":[]}]],[[{"start":0,"end":19,"url":null,"entity_id":"Q1477662","candidates":[]}],[{"start":0,"end":20,"url":null,"entity_id":"Q1425463","candidates":[]}],[{"start":0,"end":6,"url":null,"entity_id":"Q1014481","candidates":[]}]],[[{"start":0,"end":22,"url":null,"entity_id":"Q1297662","candidates":[]}],[{"start":0,"end":21,"url":null,"entity_id":"Q1355903","candidates":[]}],[{"start":0,"end":9,"url":null,"entity_id":"Q1002601","candidates":[]}]],[[{"start":0,"end":19,"url":null,"entity_id":"Q1118260","candidates":[]}],[{"start":0,"end":15,"url":null,"entity_id":"Q1355971","candidates":[]}],[{"start":0,"end":6,"url":null,"entity_id":"Q1002069","candidates":[]}]],[[{"start":0,"end":23,"url":null,"entity_id":"Q939128","candidates":[]}],[{"start":0,"end":17,"url":null,"entity_id":"Q1366004","candidates":[]}],[{"start":0,"end":10,"url":null,"entity_id":"Q990723","candidates":[]}]],[[{"start":0,"end":18,"url":null,"entity_id":"Q1295948","candidates":[]}],[{"start":0,"end":22,"url":null,"entity_id":"Q1424407","candidates":[]}],[{"start":0,"end":5,"url":null,"entity_id":"Q780815","candidates":[]}]],[[{"start":0,"end":31,"url":null,"entity_id":"Q1477898","candidates":[]}],[{"start":0,"end":18,"url":null,"entity_id":"Q537564","candidates":[]}],[{"start":0,"end":18,"url":null,"entity_id":"Q371259","candidates":[]}]],[[{"start":0,"end":24,"url":null,"entity_id":"Q933162","candidates":[]}],[{"start":0,"end":17,"url":null,"entity_id":"Q733870","candidates":[]}],[{"start":0,"end":11,"url":null,"entity_id":"Q338235","candidates":[]}]],[[{"start":0,"end":19,"url":null,"entity_id":"Q1477927","candidates":[]}],[{"start":0,"end":20,"url":null,"entity_id":"Q1425463","candidates":[]}],[{"start":0,"end":22,"url":null,"entity_id":"Q23093","candidates":[]}]]]}