{"version":"1.2","table":{"version":"2","table_id":"FYWI14PG","columns":[{"index":0,"name":"col0","values":["Jon and Vangeli","Glasperenspiel","Rorigo y Gabriela","Nea Daconte","OBK","Ssarks","NOTD","Isacel y Ángel Parra","Ana y Majm","Louchie Lou & Michih One","Siam","Splgndif","Ha+Ash","Mt den","Dimitri Veias & Like Mike","Reno and Smiey","I Am the Wqrld Trade Center","renge","Nico & Xinz","iss $"]},{"index":1,"name":"col1","values":["Polydor Records","Polydor Records","ATO Records","Universal Music Group","Warner Music Group","Roadrunner Records","Universal Music Group","Peña de los Parra","Codiscos","FFRR","Capitol Latin","Mammoth Records","Sony Music Latin","Ultra Music","Spinnin' Records","King","Kindercore Records","Infectious Music","Warner Bros. Records","MBK Entertainment"]},{"index":2,"name":"col2","values":["1979/01/01","2003/01/01","2000/01/01","2006/01/01","1991/01/01","1971/01/01","2017/01/01","1962/01/01","1969/01/01","1993/01/01","2009/01/01","1999/01/01","2002/04/22","2008/01/01","2007/01/01","1951/01/01","1999/01/01","2011/01/01","2009/01/01","2008/01/01"]}]},"context":{"page_title":null,"page_url":null,"page_entity_id":null,"content_hierarchy":[]},"links":[[[{"start":0,"end":15,"url":null,"entity_id":"Q1538236","candidates":[]}],[{"start":0,"end":15,"url":null,"entity_id":"Q155152","candidates":[]}],[]],[[{"start":0,"end":14,"url":null,"entity_id":"Q1529735","candidates":[]}],[{"start":0,"end":15,"url":null,"entity_id":"Q155152","candidates":[]}],[]],[[{"start":0,"end":17,"url":null,"entity_id":"Q1469093","candidates":[]}],[{"start":0,"end":11,"url":null,"entity_id":"Q128280","candidates":[]}],[]],[[{"start":0,"end":11,"url":null,"entity_id":"Q1524378","candidates":[]}],[{"start":0,"end":21,"url":null,"entity_id":"Q38903","candidates":[]}],[]],[[{"start":0,"end":3,"url":null,"entity_id":"Q1516585","candidates":[]}],[{"start":0,"end":18,"url":null,"entity_id":"Q21077","candidates":[]}],[]],[[{"start":0,"end":6,"url":null,"entity_id":"Q1344131","candidates":[]}],[{"start":0,"end":18,"url":null,"entity_id":"Q18628","candidates":[]}],[]],[[{"start":0,"end":4,"url":null,"entity_id":"Q55624499","candidates":[]}],[{"start":0,"end":21,"url":null,"entity_id":"Q38903","candidates":[]}],[]],[[{"start":0,"end":20,"url":null,"entity_id":"Q5920941","candidates":[]}],[{"start":0,"end":17,"url":null,"entity_id":"Q6073927","candidates":[]}],[]],[[{"start":0,"end":10,"url":null,"entity_id":"Q5554480","candidates":[]}],[{"start":0,"end":8,"url":null,"entity_id":"Q5776074","candidates":[]}],[]],[[{"start":0,"end":24,"url":null,"entity_id":"Q6685872","candidates":[]}],[{"start":0,"end":4,"url":null,"entity_id":"Q5425430","candidates":[]}],[]],[[{"start":0,"end":4,"url":null,"entity_id":"Q7506702","candidates":[]}],[{"start":0,"end":13,"url":null,"entity_id":"Q3298975","candidates":[]}],[]],[[{"start":0,"end":8,"url":null,"entity_id":"Q7578447","candidates":[]}],[{"start":0,"end":15,"url":null,"entity_id":"Q3285033","candidates":[]}],[]],[[{"start":0,"end":6,"url":null,"entity_id":"Q5494459","candidates":[]}],[{"start":0,"end":16,"url":null,"entity_id":"Q3244698","candidates":[]}],[]],[[{"start":0,"end":6,"url":null,"entity_id":"Q6930392","candidates":[]}],[{"start":0,"end":11,"url":null,"entity_id":"Q2573393","candidates":[]}],[]],[[{"start":0,"end":25,"url":null,"entity_id":"Q5807252","candidates":[]}],[{"start":0,"end":16,"url":null,"entity_id":"Q2310883","candidates":[]}],[]],[[{"start":0,"end":14,"url":null,"entity_id":"Q7313417","candidates":[]}],[{"start":0,"end":4,"url":null,"entity_id":"Q1742077","candidates":[]}],[]],[[{"start":0,"end":27,"url":null,"entity_id":"Q5976222","candidates":[]}],[{"start":0,"end":18,"url":null,"entity_id":"Q1741782","candidates":[]}],[]],[[{"start":0,"end":5,"url":null,"entity_id":"Q15052657","candidates":[]}],[{"start":0,"end":16,"url":null,"entity_id":"Q1253168","candidates":[]}],[]],[[{"start":0,"end":11,"url":null,"entity_id":"Q11967617","candidates":[]}],[{"start":0,"end":20,"url":null,"entity_id":"Q843402","candidates":[]}],[]],[[{"start":0,"end":5,"url":null,"entity_id":"Q12596070","candidates":[]}],[{"start":0,"end":17,"url":null,"entity_id":"Q429296","candidates":[]}],[]]]}