{"version":"1.2","table":{"version":"2","table_id":"FZWZZ0CP","columns":[{"index":0,"name":"col0","values":["SDSS J163309.92+352958.2","SDSS J163312.95+140743.0","SDSS J123047.45+141331.8","SDSS J123901.97-014134.8","SDSS J124544.33+324443.8","SDSS J114329.93+052301.3","SDSS J061256.87+630448.6","SDSS J133502.71+665640.1","SDSS J140911.49+481954.3","SDSS J163855.42+385353.0","SDSS J233131.36+534917.2","SDSS J211243.45+113345.2","SDSS J172129.17+274317.0","SDSS J100551.60+433748.2","SDSS J145533.26+390314.8","SDSS J130734.49+680842.1","SDSS J221510.38+682036.2","SDSS J160730.62+210932.5","SDSS J213454.20+115124.9","SDSS J152732.27+542737.1"]},{"index":1,"name":"col1","values":["35.4995478188158","14.1286314116652","14.2255234241707","-1.6929891173409","32.745506525958","5.3836744123185","63.080121473287","66.944487566863","48.3317535520631","38.8980816730394","53.82146477861","11.5625596959874","27.721394466585","43.6300724020643","39.0541064511782","68.1450327605193","68.3433985094452","21.1590193736897","11.8569485893717","54.4603431776337"]},{"index":2,"name":"col2","values":["0.0518","0.119","0.3709","0.1543","0.3605","0.1628","0.3626","0.0389","0.0878","0.0634","0.3266","0.1527","0.0255","0.0288","0.0136","0.2695","0.5477","0.121","0.1504","0.1035"]},{"index":3,"name":"col3","values":["-318.3","17.2","183.3","71.9","-8.4","206.4","-102","6.5","-11.3","55","-28.4","-7.3","-194.1","114.6","20.2","-137.8","-69.7","-93.4","-161.1","32.6"]}]},"context":{"page_title":null,"page_url":null,"page_entity_id":null,"content_hierarchy":[]},"links":[[[{"start":0,"end":24,"url":null,"entity_id":"Q77976146","candidates":[]}],[],[],[]],[[{"start":0,"end":24,"url":null,"entity_id":"Q77976142","candidates":[]}],[],[],[]],[[{"start":0,"end":24,"url":null,"entity_id":"Q77976136","candidates":[]}],[],[],[]],[[{"start":0,"end":24,"url":null,"entity_id":"Q77976134","candidates":[]}],[],[],[]],[[{"start":0,"end":24,"url":null,"entity_id":"Q77976130","candidates":[]}],[],[],[]],[[{"start":0,"end":24,"url":null,"entity_id":"Q77976128","candidates":[]}],[],[],[]],[[{"start":0,"end":24,"url":null,"entity_id":"Q77976126","candidates":[]}],[],[],[]],[[{"start":0,"end":24,"url":null,"entity_id":"Q77976115","candidates":[]}],[],[],[]],[[{"start":0,"end":24,"url":null,"entity_id":"Q77976113","candidates":[]}],[],[],[]],[[{"start":0,"end":24,"url":null,"entity_id":"Q77976056","candidates":[]}],[],[],[]],[[{"start":0,"end":24,"url":null,"entity_id":"Q77976051","candidates":[]}],[],[],[]],[[{"start":0,"end":24,"url":null,"entity_id":"Q77976049","candidates":[]}],[],[],[]],[[{"start":0,"end":24,"url":null,"entity_id":"Q77976042","candidates":[]}],[],[],[]],[[{"start":0,"end":24,"url":null,"entity_id":"Q77976037","candidates":[]}],[],[],[]],[[{"start":0,"end":24,"url":null,"entity_id":"Q77976016","candidates":[]}],[],[],[]],[[{"start":0,"end":24,"url":null,"entity_id":"Q77976009","candidates":[]}],[],[],[]],[[{"start":0,"end":24,"url":null,"entity_id":"Q77976001","candidates":[]}],[],[],[]],[[{"start":0,"end":24,"url":null,"entity_id":"Q77975999","candidates":[]}],[],[],[]],[[{"start":0,"end":24,"url":null,"entity_id":"Q77975854","candidates":[]}],[],[],[]],[[{"start":0,"end":24,"url":null,"entity_id":"Q77975848","candidates":[]}],[],[],[]]]}