[{"version":1,"nodes":[{"col_index":0,"label":"col0","id":0},{"col_index":1,"label":"col1","id":1},{"abs_uri":"http://www.wikidata.org/entity/Q29414133","rel_uri":"wd:Q29414133","approximation":false,"readable_label":"Communities of Cyprus Republic (Q29414133)","id":2},{"abs_uri":"http://www.wikidata.org/entity/Q82794","rel_uri":"wd:Q82794","approximation":false,"readable_label":"geographic region (Q82794)","id":3}],"edges":[{"source":2,"target":0,"abs_uri":"http://www.w3.org/2000/01/rdf-schema#label","rel_uri":"rdfs:label","approximation":false,"readable_label":"rdfs:label","id":0},{"source":3,"target":1,"abs_uri":"http://www.w3.org/2000/01/rdf-schema#label","rel_uri":"rdfs:label","approximation":false,"readable_label":"rdfs:label","id":1},{"source":2,"target":3,"abs_uri":"http://www.wikidata.org/prop/P706","rel_uri":"p:P706","approximation":false,"readable_label":"located in/on physical feature (P706)","id":2}]}]