[{"version":1,"nodes":[{"col_index":0,"label":"col0","id":0},{"col_index":1,"label":"col1","id":1},{"col_index":2,"label":"col2","id":2},{"abs_uri":"http://www.wikidata.org/entity/Q59773381","rel_uri":"wd:Q59773381","approximation":false,"readable_label":"automobile model series (Q59773381)","id":3},{"abs_uri":"http://www.wikidata.org/entity/Q3231690","rel_uri":"wd:Q3231690","approximation":false,"readable_label":"automobile model (Q3231690)","id":4},{"abs_uri":"http://www.wikidata.org/entity/Q10429667","rel_uri":"wd:Q10429667","approximation":false,"readable_label":"car brand (Q10429667)","id":5}],"edges":[{"source":3,"target":0,"abs_uri":"http://www.w3.org/2000/01/rdf-schema#label","rel_uri":"rdfs:label","approximation":false,"readable_label":"rdfs:label","id":0},{"source":4,"target":1,"abs_uri":"http://www.w3.org/2000/01/rdf-schema#label","rel_uri":"rdfs:label","approximation":false,"readable_label":"rdfs:label","id":1},{"source":5,"target":2,"abs_uri":"http://www.w3.org/2000/01/rdf-schema#label","rel_uri":"rdfs:label","approximation":false,"readable_label":"rdfs:label","id":2},{"source":3,"target":4,"abs_uri":"http://www.wikidata.org/prop/P155","rel_uri":"p:P155","approximation":false,"readable_label":"follows (P155)","id":3},{"source":3,"target":5,"abs_uri":"http://www.wikidata.org/prop/P1716","rel_uri":"p:P1716","approximation":false,"readable_label":"brand (P1716)","id":4}]}]