{"version":"1.2","table":{"version":"2","table_id":"B3S5LM3D","columns":[{"index":0,"name":"col0","values":["Durgam Cheruvu metro station","U Street Station","Voorburg 't Loo","Van Ness–UDC Station","Wheaton","Foggy Bottom–GWU Station","Landungsbrücken station","Leidschenveen","Medical Center Station","Tenleytown–AU Station","Suitland Station","Silver Spring station","Georgia Avenue–Petworth Station","Friendship Heights Station","Forest Glen station","Branch Avenue Station","Leidschendam-Voorburg","Rotterdam Hofplein railway station","Brookland–CUA Station","Bethesda Station"]},{"index":1,"name":"col1","values":["Indian Standard Time","Eastern Time Zone","Central European Time","Eastern Time Zone","UTC−05:00","UTC−05:00","Central European Time","Central European Time","UTC−05:00","Eastern Time Zone","Eastern Time Zone","Eastern Time Zone","UTC−05:00","UTC−05:00","UTC−05:00","UTC−05:00","Central European Time","Central European Time","UTC−05:00","UTC−05:00"]},{"index":2,"name":"col2","values":["Jubilee Hills","U Street Corridor","Voorburg","Northwest","Wheaton","Foggy Bottom","Hamburg-Neustadt","Leidschenveen","National Institutes of Health campus","Tenleytown","Suitland","Silver Spring","Petworth","Friendship Heights","Forest Glen","Suitland","Voorburg","Rotterdam","Brookland","Bethesda"]},{"index":3,"name":"col3","values":["2019-03-20","1991-05-11","1974-05-27","1981-12-05","1990-09-22","1977-07-01","1912-06-29","2006-10-29","1984-08-25","1984-08-25","2001-01-13","1978-02-06","1999-09-18","1984-08-25","1990-09-22","2001-01-13","1908-10-01","1908-10-01","1978-02-03","1984-08-25"]}]},"context":{"page_title":null,"page_url":null,"page_entity_id":null,"content_hierarchy":[]},"links":[[[{"start":0,"end":28,"url":null,"entity_id":"Q83554384","candidates":[]}],[{"start":0,"end":20,"url":null,"entity_id":"Q604055","candidates":[]}],[{"start":0,"end":13,"url":null,"entity_id":"Q6301868","candidates":[]}],[]],[[{"start":0,"end":16,"url":null,"entity_id":"Q7876239","candidates":[]}],[{"start":0,"end":17,"url":null,"entity_id":"Q941023","candidates":[]}],[{"start":0,"end":17,"url":null,"entity_id":"Q7876238","candidates":[]}],[]],[[{"start":0,"end":15,"url":null,"entity_id":"Q7941698","candidates":[]}],[{"start":0,"end":21,"url":null,"entity_id":"Q25989","candidates":[]}],[{"start":0,"end":8,"url":null,"entity_id":"Q809821","candidates":[]}],[]],[[{"start":0,"end":20,"url":null,"entity_id":"Q7913537","candidates":[]}],[{"start":0,"end":17,"url":null,"entity_id":"Q941023","candidates":[]}],[{"start":0,"end":9,"url":null,"entity_id":"Q383689","candidates":[]}],[]],[[{"start":0,"end":7,"url":null,"entity_id":"Q7991952","candidates":[]}],[{"start":0,"end":9,"url":null,"entity_id":"Q5390","candidates":[]}],[{"start":0,"end":7,"url":null,"entity_id":"Q7991947","candidates":[]}],[]],[[{"start":0,"end":24,"url":null,"entity_id":"Q8564177","candidates":[]}],[{"start":0,"end":9,"url":null,"entity_id":"Q5390","candidates":[]}],[{"start":0,"end":12,"url":null,"entity_id":"Q2019662","candidates":[]}],[]],[[{"start":0,"end":23,"url":null,"entity_id":"Q8158664","candidates":[]}],[{"start":0,"end":21,"url":null,"entity_id":"Q25989","candidates":[]}],[{"start":0,"end":16,"url":null,"entity_id":"Q1554","candidates":[]}],[]],[[{"start":0,"end":13,"url":null,"entity_id":"Q3300413","candidates":[]}],[{"start":0,"end":21,"url":null,"entity_id":"Q25989","candidates":[]}],[{"start":0,"end":13,"url":null,"entity_id":"Q1913008","candidates":[]}],[]],[[{"start":0,"end":22,"url":null,"entity_id":"Q9031053","candidates":[]}],[{"start":0,"end":9,"url":null,"entity_id":"Q5390","candidates":[]}],[{"start":0,"end":36,"url":null,"entity_id":"Q6973760","candidates":[]}],[]],[[{"start":0,"end":21,"url":null,"entity_id":"Q7699930","candidates":[]}],[{"start":0,"end":17,"url":null,"entity_id":"Q941023","candidates":[]}],[{"start":0,"end":10,"url":null,"entity_id":"Q7699929","candidates":[]}],[]],[[{"start":0,"end":16,"url":null,"entity_id":"Q7635589","candidates":[]}],[{"start":0,"end":17,"url":null,"entity_id":"Q941023","candidates":[]}],[{"start":0,"end":8,"url":null,"entity_id":"Q3886817","candidates":[]}],[]],[[{"start":0,"end":21,"url":null,"entity_id":"Q7516347","candidates":[]}],[{"start":0,"end":17,"url":null,"entity_id":"Q941023","candidates":[]}],[{"start":0,"end":13,"url":null,"entity_id":"Q755741","candidates":[]}],[]],[[{"start":0,"end":31,"url":null,"entity_id":"Q5547352","candidates":[]}],[{"start":0,"end":9,"url":null,"entity_id":"Q5390","candidates":[]}],[{"start":0,"end":8,"url":null,"entity_id":"Q7179432","candidates":[]}],[]],[[{"start":0,"end":26,"url":null,"entity_id":"Q5504403","candidates":[]}],[{"start":0,"end":9,"url":null,"entity_id":"Q5390","candidates":[]}],[{"start":0,"end":18,"url":null,"entity_id":"Q5504398","candidates":[]}],[]],[[{"start":0,"end":19,"url":null,"entity_id":"Q5468881","candidates":[]}],[{"start":0,"end":9,"url":null,"entity_id":"Q5390","candidates":[]}],[{"start":0,"end":11,"url":null,"entity_id":"Q754794","candidates":[]}],[]],[[{"start":0,"end":21,"url":null,"entity_id":"Q4956341","candidates":[]}],[{"start":0,"end":9,"url":null,"entity_id":"Q5390","candidates":[]}],[{"start":0,"end":8,"url":null,"entity_id":"Q3886817","candidates":[]}],[]],[[{"start":0,"end":21,"url":null,"entity_id":"Q2594508","candidates":[]}],[{"start":0,"end":21,"url":null,"entity_id":"Q25989","candidates":[]}],[{"start":0,"end":8,"url":null,"entity_id":"Q809821","candidates":[]}],[]],[[{"start":0,"end":34,"url":null,"entity_id":"Q5139929","candidates":[]}],[{"start":0,"end":21,"url":null,"entity_id":"Q25989","candidates":[]}],[{"start":0,"end":9,"url":null,"entity_id":"Q34370","candidates":[]}],[]],[[{"start":0,"end":21,"url":null,"entity_id":"Q3566154","candidates":[]}],[{"start":0,"end":9,"url":null,"entity_id":"Q5390","candidates":[]}],[{"start":0,"end":9,"url":null,"entity_id":"Q4575058","candidates":[]}],[]],[[{"start":0,"end":16,"url":null,"entity_id":"Q3565966","candidates":[]}],[{"start":0,"end":9,"url":null,"entity_id":"Q5390","candidates":[]}],[{"start":0,"end":8,"url":null,"entity_id":"Q584451","candidates":[]}],[]]]}