{"version":"1.2","table":{"version":"2","table_id":"B3V7KRF6","columns":[{"index":0,"name":"col0","values":["Batam","Metro","Bandar Lampupg","rabumulih","Palenbang","PagarAlam","ubuklinggau","Bnjulv","Pekanbru","Dumai","Sungai Penuk","Jambi","[ogyakarta","Solok","Sawchlunto","Payakumuh","Pariamn","Padang Pajang","Radang","Buittiggi"]},{"index":1,"name":"col1","values":["38.342","60.419999999999995","14.895","51.51","8.008","706.86","141.4","2.002","12.059999999999999","6.951","811.0","15.984","113.226","392.39199999999994","321.356","516.483","3.972","828.944","2.991","933.72"]},{"index":2,"name":"col2","values":["1029808.0","160181.01","1170261.2829999998","189962.82","1437931.44","136380.24399999998","207183.875","361576.485","862062.768","265404.42","100919.7","603391.374","387072.492","68807.806","61488.426999999996","126612.864","85314.03","52788.954","909480.18","113439.32599999999"]},{"index":3,"name":"col3","values":["1588.62","68.32755999999999","169.54842000000002","420.35514","373655970.0","631.12536","418.5406","152.30679999999998","628.46644","1741.1990400000002","391.89149999999995","207.22841999999997","32.662499999999994","57.29416","268.18","80.75172","73.65344","22.954","696776000.0","25.44192"]}]},"context":{"page_title":null,"page_url":null,"page_entity_id":null,"content_hierarchy":[]},"links":[[[{"start":0,"end":5,"url":null,"entity_id":"Q8158","candidates":[]}],[],[],[]],[[{"start":0,"end":14,"url":null,"entity_id":"Q8156","candidates":[]}],[],[],[]],[[{"start":0,"end":9,"url":null,"entity_id":"Q8133","candidates":[]}],[],[],[]],[[{"start":0,"end":9,"url":null,"entity_id":"Q8131","candidates":[]}],[],[],[]],[[{"start":0,"end":9,"url":null,"entity_id":"Q8130","candidates":[]}],[],[],[]],[[{"start":0,"end":11,"url":null,"entity_id":"Q8129","candidates":[]}],[],[],[]],[[{"start":0,"end":6,"url":null,"entity_id":"Q8042","candidates":[]}],[],[],[]],[[{"start":0,"end":8,"url":null,"entity_id":"Q7786","candidates":[]}],[],[],[]],[[{"start":0,"end":5,"url":null,"entity_id":"Q7782","candidates":[]}],[],[],[]],[[{"start":0,"end":12,"url":null,"entity_id":"Q7592","candidates":[]}],[],[],[]],[[{"start":0,"end":5,"url":null,"entity_id":"Q7578","candidates":[]}],[],[],[]],[[{"start":0,"end":10,"url":null,"entity_id":"Q7568","candidates":[]}],[],[],[]],[[{"start":0,"end":5,"url":null,"entity_id":"Q7266","candidates":[]}],[],[],[]],[[{"start":0,"end":10,"url":null,"entity_id":"Q7263","candidates":[]}],[],[],[]],[[{"start":0,"end":9,"url":null,"entity_id":"Q7261","candidates":[]}],[],[],[]],[[{"start":0,"end":7,"url":null,"entity_id":"Q7258","candidates":[]}],[],[],[]],[[{"start":0,"end":13,"url":null,"entity_id":"Q7256","candidates":[]}],[],[],[]],[[{"start":0,"end":6,"url":null,"entity_id":"Q7253","candidates":[]}],[],[],[]],[[{"start":0,"end":9,"url":null,"entity_id":"Q7248","candidates":[]}],[],[],[]],[[{"start":0,"end":5,"url":null,"entity_id":"Q10103","candidates":[]}],[],[],[]]]}