{"version":"1.2","table":{"version":"2","table_id":"B3VHH0KI","columns":[{"index":0,"name":"col0","values":["SMV Cormoran","SS Noonic","SS Ypianga","RMS Queeq Elizabeth","RPS Crpathia","USS Kitter|","SS Fürsw Bismarck","SS König lbert","SS Kaiser Wilhelm der Grrsse","SS Könlgin Luise","MV Monte Cervants","HMHS DoverCastle","AdlerXI","Adler II","Adlet VI","Adlr V","dler Ptincess","Adles IV","Dania (ship, 190)","SS!Republic"]},{"index":1,"name":"col1","values":["Dobroflot","Canada Steamship Lines","Hapag-Lloyd","Cunard Line","Cunard Line","Hamburg-Amerikanische-Packetfahrt-Actien-Gesellschaft","Hamburg-Amerikanische-Packetfahrt-Actien-Gesellschaft","Norddeutscher Lloyd","Norddeutscher Lloyd","Norddeutscher Lloyd","Hamburg Süd","Union-Castle Line","Adler-Schiffe","Adler-Schiffe","Adler-Schiffe","Adler-Schiffe","Adler-Schiffe","Adler-Schiffe","Adler-Schiffe","White Star Line"]},{"index":2,"name":"col2","values":["13.6589","15.9422","16.860560000000003","35.784","19.5617","12.290880000000001","16.8168","18.41336","20.019999999999996","18.1269","20.0196","17.0775","6.6","7.241659999999999","7.227219999999999","8.5085","8.678669999999999","6.45141","9.622399999999999","12.360320000000002"]},{"index":3,"name":"col3","values":["5.852199999999999","8.551","9.04279","12.072","10.592699999999999","3.9718799999999996","9.10628","10.5152","8.2253","10.6","11.454","9.69936","1.4413","1.72827","1.7169999999999999","1.6417499999999998","0.19840000000000002","1.59873","2.1607499999999997","9.524959999999998"]}]},"context":{"page_title":null,"page_url":null,"page_entity_id":null,"content_hierarchy":[]},"links":[[[{"start":0,"end":9,"url":null,"entity_id":"Q1267027","candidates":[]}],[{"start":0,"end":22,"url":null,"entity_id":"Q1024380","candidates":[]}],[],[]],[[{"start":0,"end":10,"url":null,"entity_id":"Q481156","candidates":[]}],[{"start":0,"end":11,"url":null,"entity_id":"Q819094","candidates":[]}],[],[]],[[{"start":0,"end":19,"url":null,"entity_id":"Q533218","candidates":[]}],[{"start":0,"end":11,"url":null,"entity_id":"Q730587","candidates":[]}],[],[]],[[{"start":0,"end":12,"url":null,"entity_id":"Q504096","candidates":[]}],[{"start":0,"end":11,"url":null,"entity_id":"Q730587","candidates":[]}],[],[]],[[{"start":0,"end":11,"url":null,"entity_id":"Q1845032","candidates":[]}],[{"start":0,"end":53,"url":null,"entity_id":"Q696056","candidates":[]}],[],[]],[[{"start":0,"end":17,"url":null,"entity_id":"Q1482854","candidates":[]}],[{"start":0,"end":53,"url":null,"entity_id":"Q696056","candidates":[]}],[],[]],[[{"start":0,"end":14,"url":null,"entity_id":"Q824748","candidates":[]}],[{"start":0,"end":19,"url":null,"entity_id":"Q652374","candidates":[]}],[],[]],[[{"start":0,"end":28,"url":null,"entity_id":"Q689243","candidates":[]}],[{"start":0,"end":19,"url":null,"entity_id":"Q652374","candidates":[]}],[],[]],[[{"start":0,"end":16,"url":null,"entity_id":"Q582448","candidates":[]}],[{"start":0,"end":19,"url":null,"entity_id":"Q652374","candidates":[]}],[],[]],[[{"start":0,"end":17,"url":null,"entity_id":"Q880540","candidates":[]}],[{"start":0,"end":11,"url":null,"entity_id":"Q565050","candidates":[]}],[],[]],[[{"start":0,"end":16,"url":null,"entity_id":"Q1252926","candidates":[]}],[{"start":0,"end":17,"url":null,"entity_id":"Q458041","candidates":[]}],[],[]],[[{"start":0,"end":7,"url":null,"entity_id":"Q358239","candidates":[]}],[{"start":0,"end":13,"url":null,"entity_id":"Q358053","candidates":[]}],[],[]],[[{"start":0,"end":8,"url":null,"entity_id":"Q358229","candidates":[]}],[{"start":0,"end":13,"url":null,"entity_id":"Q358053","candidates":[]}],[],[]],[[{"start":0,"end":8,"url":null,"entity_id":"Q358227","candidates":[]}],[{"start":0,"end":13,"url":null,"entity_id":"Q358053","candidates":[]}],[],[]],[[{"start":0,"end":6,"url":null,"entity_id":"Q358223","candidates":[]}],[{"start":0,"end":13,"url":null,"entity_id":"Q358053","candidates":[]}],[],[]],[[{"start":0,"end":13,"url":null,"entity_id":"Q358204","candidates":[]}],[{"start":0,"end":13,"url":null,"entity_id":"Q358053","candidates":[]}],[],[]],[[{"start":0,"end":8,"url":null,"entity_id":"Q358181","candidates":[]}],[{"start":0,"end":13,"url":null,"entity_id":"Q358053","candidates":[]}],[],[]],[[{"start":0,"end":17,"url":null,"entity_id":"Q358165","candidates":[]}],[{"start":0,"end":13,"url":null,"entity_id":"Q358053","candidates":[]}],[],[]],[[{"start":0,"end":11,"url":null,"entity_id":"Q1885800","candidates":[]}],[{"start":0,"end":15,"url":null,"entity_id":"Q320466","candidates":[]}],[],[]],[[{"start":0,"end":12,"url":null,"entity_id":"Q326616","candidates":[]}],[{"start":0,"end":9,"url":null,"entity_id":"Q3737187","candidates":[]}],[],[]]]}