{"version":"1.2","table":{"version":"2","table_id":"B48MCU1W","columns":[{"index":0,"name":"col0","values":["Cyclone Fani","Cyclone Idai","Tropical Depression Josie","Typhoon Phyllis","Typhoon Zola","Tropical Storm Winona","Typhoon Caitlin","Tropical storm Hermine","Cyclone Fergus","Typhoon Irma","Hurricane Ele","Cyclonic Storm Komen","Cyclone Ilona","Cyclone Joni","Cyclone Chapala","Tropical Storm Norma","Typhoon Hester","Cyclone Pan","Hurricane Frances","Hurricane Felix"]},{"index":1,"name":"col1","values":["215","195","30","120","100","65","95","95","90","90","140","45","85","110","130","92.6","160","150","140","185"]},{"index":2,"name":"col2","values":["937","940","996","920","960","970","940","1002","955","955","945","986","960","940","926","997","918","896","976","962"]}]},"context":{"page_title":null,"page_url":null,"page_entity_id":null,"content_hierarchy":[]},"links":[[[{"start":0,"end":12,"url":null,"entity_id":"Q62023294","candidates":[]}],[],[]],[[{"start":0,"end":25,"url":null,"entity_id":"Q55715720","candidates":[]}],[],[]],[[{"start":0,"end":15,"url":null,"entity_id":"Q33129408","candidates":[]}],[],[]],[[{"start":0,"end":12,"url":null,"entity_id":"Q33129400","candidates":[]}],[],[]],[[{"start":0,"end":21,"url":null,"entity_id":"Q33129398","candidates":[]}],[],[]],[[{"start":0,"end":15,"url":null,"entity_id":"Q33129395","candidates":[]}],[],[]],[[{"start":0,"end":22,"url":null,"entity_id":"Q30765449","candidates":[]}],[],[]],[[{"start":0,"end":14,"url":null,"entity_id":"Q28180506","candidates":[]}],[],[]],[[{"start":0,"end":12,"url":null,"entity_id":"Q28153817","candidates":[]}],[],[]],[[{"start":0,"end":13,"url":null,"entity_id":"Q28002122","candidates":[]}],[],[]],[[{"start":0,"end":20,"url":null,"entity_id":"Q23584979","candidates":[]}],[],[]],[[{"start":0,"end":13,"url":null,"entity_id":"Q22056601","candidates":[]}],[],[]],[[{"start":0,"end":12,"url":null,"entity_id":"Q21715145","candidates":[]}],[],[]],[[{"start":0,"end":15,"url":null,"entity_id":"Q21281209","candidates":[]}],[],[]],[[{"start":0,"end":20,"url":null,"entity_id":"Q21073913","candidates":[]}],[],[]],[[{"start":0,"end":14,"url":null,"entity_id":"Q19637802","candidates":[]}],[],[]],[[{"start":0,"end":11,"url":null,"entity_id":"Q19567333","candidates":[]}],[],[]],[[{"start":0,"end":17,"url":null,"entity_id":"Q18214785","candidates":[]}],[],[]],[[{"start":0,"end":15,"url":null,"entity_id":"Q18214731","candidates":[]}],[],[]],[[{"start":0,"end":12,"url":null,"entity_id":"Q63399407","candidates":[]}],[],[]]]}