{"version":"1.2","table":{"version":"2","table_id":"B5O7F1SF","columns":[{"index":0,"name":"col0","values":["Singapore","Niue","Federated States of Micronesia","Palau","Samoa","Tonga","Vanuatu","Nauru","Papua New Guinea","Saint Lucia","Saint Vincent and the Grenadines","Trinidad and Tobago","Dominican Republic","Fiji","Saint Kitts and Nevis","Dominica","Mauritius","Taiwan","Jamaica","São Tomé and Príncipe"]},{"index":1,"name":"col1","values":["flag of Singapore","flag of Niue","flag of the Federated States of Micronesia","flag of Palau","flag of Samoa","flag of Tonga","flag of Vanuatu","flag of Nauru","flag of Papua New Guinea","flag of Saint Lucia","flag of Saint Vincent and the Grenadines","flag of Trinidad and Tobago","flag of Dominican Republic","flag of Fiji","flag of Saint Kitts and Nevis","flag of Dominica","flag of Mauritius","flag of Taiwan","flag of Jamaica","flag of São Tomé and Príncipe"]},{"index":2,"name":"col2","values":["21","19","16","16","19","18","21","16","21","18","15","18","18","18","16","18","18","20","18","18"]}]},"context":{"page_title":null,"page_url":null,"page_entity_id":null,"content_hierarchy":[]},"links":[[[{"start":0,"end":9,"url":null,"entity_id":"Q334","candidates":[]}],[{"start":0,"end":17,"url":null,"entity_id":"Q483659","candidates":[]}],[]],[[{"start":0,"end":4,"url":null,"entity_id":"Q34020","candidates":[]}],[{"start":0,"end":12,"url":null,"entity_id":"Q202189","candidates":[]}],[]],[[{"start":0,"end":30,"url":null,"entity_id":"Q702","candidates":[]}],[{"start":0,"end":42,"url":null,"entity_id":"Q190648","candidates":[]}],[]],[[{"start":0,"end":5,"url":null,"entity_id":"Q695","candidates":[]}],[{"start":0,"end":13,"url":null,"entity_id":"Q188609","candidates":[]}],[]],[[{"start":0,"end":5,"url":null,"entity_id":"Q683","candidates":[]}],[{"start":0,"end":13,"url":null,"entity_id":"Q188477","candidates":[]}],[]],[[{"start":0,"end":5,"url":null,"entity_id":"Q678","candidates":[]}],[{"start":0,"end":13,"url":null,"entity_id":"Q188072","candidates":[]}],[]],[[{"start":0,"end":7,"url":null,"entity_id":"Q686","candidates":[]}],[{"start":0,"end":15,"url":null,"entity_id":"Q185285","candidates":[]}],[]],[[{"start":0,"end":5,"url":null,"entity_id":"Q697","candidates":[]}],[{"start":0,"end":13,"url":null,"entity_id":"Q185277","candidates":[]}],[]],[[{"start":0,"end":16,"url":null,"entity_id":"Q691","candidates":[]}],[{"start":0,"end":24,"url":null,"entity_id":"Q185271","candidates":[]}],[]],[[{"start":0,"end":11,"url":null,"entity_id":"Q760","candidates":[]}],[{"start":0,"end":19,"url":null,"entity_id":"Q184596","candidates":[]}],[]],[[{"start":0,"end":32,"url":null,"entity_id":"Q757","candidates":[]}],[{"start":0,"end":40,"url":null,"entity_id":"Q184584","candidates":[]}],[]],[[{"start":0,"end":19,"url":null,"entity_id":"Q754","candidates":[]}],[{"start":0,"end":27,"url":null,"entity_id":"Q184283","candidates":[]}],[]],[[{"start":0,"end":18,"url":null,"entity_id":"Q786","candidates":[]}],[{"start":0,"end":26,"url":null,"entity_id":"Q184265","candidates":[]}],[]],[[{"start":0,"end":4,"url":null,"entity_id":"Q712","candidates":[]}],[{"start":0,"end":12,"url":null,"entity_id":"Q182514","candidates":[]}],[]],[[{"start":0,"end":21,"url":null,"entity_id":"Q763","candidates":[]}],[{"start":0,"end":29,"url":null,"entity_id":"Q181120","candidates":[]}],[]],[[{"start":0,"end":8,"url":null,"entity_id":"Q784","candidates":[]}],[{"start":0,"end":16,"url":null,"entity_id":"Q179383","candidates":[]}],[]],[[{"start":0,"end":9,"url":null,"entity_id":"Q1027","candidates":[]}],[{"start":0,"end":17,"url":null,"entity_id":"Q173548","candidates":[]}],[]],[[{"start":0,"end":6,"url":null,"entity_id":"Q865","candidates":[]}],[{"start":0,"end":14,"url":null,"entity_id":"Q173535","candidates":[]}],[]],[[{"start":0,"end":7,"url":null,"entity_id":"Q766","candidates":[]}],[{"start":0,"end":15,"url":null,"entity_id":"Q172517","candidates":[]}],[]],[[{"start":0,"end":21,"url":null,"entity_id":"Q1039","candidates":[]}],[{"start":0,"end":29,"url":null,"entity_id":"Q169907","candidates":[]}],[]]]}