{"version":"1.2","table":{"version":"2","table_id":"B5P3UM86","columns":[{"index":0,"name":"col0","values":["2012 Tour de Luxembourg","2010 Tour of California","2007 Tour of California","2012 Tour of California","2011 Tour of California","2012 Tour of Austria","2018 Dubai Tour","2018 Volta ao Algarve","2018 Arctic Race of Norway","2018 Danmark Rundt","2017 Tour of Hainan","2017 Colorado Classic","2017 Tour of Britain","2017 Tour of Utah","2017 Tour of Qinghai Lake","2017 Tour de Wallonie","2017 Vuelta a Burgos","2017 Tour de Luxembourg","2017 Tour of Belgium","2017 Arctic Race of Norway","2017 Three Days of De Panne","2017 Tour de Langkawi","2017 Tour of Oman","2017 Tour of Norway","2017 Dubai Tour","2017 Vuelta a Andalucía","2017 Danmark Rundt","2017 Volta ao Algarve","2017 Tour of the Alps","2017 Four Days of Dunkirk","2016 Presidential Tour of Turkey","2016 Giro del Trentino","2016 Three Days of De Panne","2019 Vuelta a Burgos","2019 Tour de Wallonie","2019 Tour of Britain","2019 Tour of Belgium","2019 Tour de Luxembourg","2019 Arctic Race of Norway","2019 Tour of Slovenia","2019 Tour de Langkawi"]},{"index":1,"name":"col1","values":["60","36","113","110","126","123","105","146","106","100","91","84","92","100","103","134","129","92","156","98","109","97","139","107","122","124","110","156","109","86","90","84","166","124","117","120","124","116","109","129","131"]},{"index":2,"name":"col2","values":["road bicycle racing","road bicycle racing","road bicycle racing","road bicycle racing","road bicycle racing","road bicycle racing","road bicycle racing","road bicycle racing","road bicycle racing","road bicycle racing","road bicycle racing","road bicycle racing","road bicycle racing","road bicycle racing","road bicycle racing","road bicycle racing","road bicycle racing","road bicycle racing","road bicycle racing","road bicycle racing","road bicycle racing","road bicycle racing","road bicycle racing","road bicycle racing","road bicycle racing","road bicycle racing","road bicycle racing","road bicycle racing","road bicycle racing","road bicycle racing","road bicycle racing","road bicycle racing","road bicycle racing","road bicycle racing","road bicycle racing","road bicycle racing","road bicycle racing","road bicycle racing","road bicycle racing","road bicycle racing","road bicycle racing"]}]},"context":{"page_title":null,"page_url":null,"page_entity_id":null,"content_hierarchy":[]},"links":[[[{"start":0,"end":23,"url":null,"entity_id":"Q1358941","candidates":[]}],[],[{"start":0,"end":19,"url":null,"entity_id":"Q3609","candidates":[]}]],[[{"start":0,"end":23,"url":null,"entity_id":"Q944847","candidates":[]}],[],[{"start":0,"end":19,"url":null,"entity_id":"Q3609","candidates":[]}]],[[{"start":0,"end":23,"url":null,"entity_id":"Q642904","candidates":[]}],[],[{"start":0,"end":19,"url":null,"entity_id":"Q3609","candidates":[]}]],[[{"start":0,"end":23,"url":null,"entity_id":"Q545863","candidates":[]}],[],[{"start":0,"end":19,"url":null,"entity_id":"Q3609","candidates":[]}]],[[{"start":0,"end":23,"url":null,"entity_id":"Q376919","candidates":[]}],[],[{"start":0,"end":19,"url":null,"entity_id":"Q3609","candidates":[]}]],[[{"start":0,"end":20,"url":null,"entity_id":"Q261842","candidates":[]}],[],[{"start":0,"end":19,"url":null,"entity_id":"Q3609","candidates":[]}]],[[{"start":0,"end":15,"url":null,"entity_id":"Q47446621","candidates":[]}],[],[{"start":0,"end":19,"url":null,"entity_id":"Q3609","candidates":[]}]],[[{"start":0,"end":21,"url":null,"entity_id":"Q47124292","candidates":[]}],[],[{"start":0,"end":19,"url":null,"entity_id":"Q3609","candidates":[]}]],[[{"start":0,"end":26,"url":null,"entity_id":"Q47119506","candidates":[]}],[],[{"start":0,"end":19,"url":null,"entity_id":"Q3609","candidates":[]}]],[[{"start":0,"end":18,"url":null,"entity_id":"Q44497273","candidates":[]}],[],[{"start":0,"end":19,"url":null,"entity_id":"Q3609","candidates":[]}]],[[{"start":0,"end":19,"url":null,"entity_id":"Q42381118","candidates":[]}],[],[{"start":0,"end":19,"url":null,"entity_id":"Q3609","candidates":[]}]],[[{"start":0,"end":21,"url":null,"entity_id":"Q38215858","candidates":[]}],[],[{"start":0,"end":19,"url":null,"entity_id":"Q3609","candidates":[]}]],[[{"start":0,"end":20,"url":null,"entity_id":"Q36792096","candidates":[]}],[],[{"start":0,"end":19,"url":null,"entity_id":"Q3609","candidates":[]}]],[[{"start":0,"end":17,"url":null,"entity_id":"Q34236474","candidates":[]}],[],[{"start":0,"end":19,"url":null,"entity_id":"Q3609","candidates":[]}]],[[{"start":0,"end":25,"url":null,"entity_id":"Q33644041","candidates":[]}],[],[{"start":0,"end":19,"url":null,"entity_id":"Q3609","candidates":[]}]],[[{"start":0,"end":21,"url":null,"entity_id":"Q33129790","candidates":[]}],[],[{"start":0,"end":19,"url":null,"entity_id":"Q3609","candidates":[]}]],[[{"start":0,"end":20,"url":null,"entity_id":"Q31605215","candidates":[]}],[],[{"start":0,"end":19,"url":null,"entity_id":"Q3609","candidates":[]}]],[[{"start":0,"end":23,"url":null,"entity_id":"Q30100237","candidates":[]}],[],[{"start":0,"end":19,"url":null,"entity_id":"Q3609","candidates":[]}]],[[{"start":0,"end":20,"url":null,"entity_id":"Q29654185","candidates":[]}],[],[{"start":0,"end":19,"url":null,"entity_id":"Q3609","candidates":[]}]],[[{"start":0,"end":26,"url":null,"entity_id":"Q29643864","candidates":[]}],[],[{"start":0,"end":19,"url":null,"entity_id":"Q3609","candidates":[]}]],[[{"start":0,"end":27,"url":null,"entity_id":"Q29017681","candidates":[]}],[],[{"start":0,"end":19,"url":null,"entity_id":"Q3609","candidates":[]}]],[[{"start":0,"end":21,"url":null,"entity_id":"Q28767578","candidates":[]}],[],[{"start":0,"end":19,"url":null,"entity_id":"Q3609","candidates":[]}]],[[{"start":0,"end":17,"url":null,"entity_id":"Q28659268","candidates":[]}],[],[{"start":0,"end":19,"url":null,"entity_id":"Q3609","candidates":[]}]],[[{"start":0,"end":19,"url":null,"entity_id":"Q28654180","candidates":[]}],[],[{"start":0,"end":19,"url":null,"entity_id":"Q3609","candidates":[]}]],[[{"start":0,"end":15,"url":null,"entity_id":"Q28525406","candidates":[]}],[],[{"start":0,"end":19,"url":null,"entity_id":"Q3609","candidates":[]}]],[[{"start":0,"end":23,"url":null,"entity_id":"Q28372111","candidates":[]}],[],[{"start":0,"end":19,"url":null,"entity_id":"Q3609","candidates":[]}]],[[{"start":0,"end":18,"url":null,"entity_id":"Q28126398","candidates":[]}],[],[{"start":0,"end":19,"url":null,"entity_id":"Q3609","candidates":[]}]],[[{"start":0,"end":21,"url":null,"entity_id":"Q28108324","candidates":[]}],[],[{"start":0,"end":19,"url":null,"entity_id":"Q3609","candidates":[]}]],[[{"start":0,"end":21,"url":null,"entity_id":"Q28045420","candidates":[]}],[],[{"start":0,"end":19,"url":null,"entity_id":"Q3609","candidates":[]}]],[[{"start":0,"end":25,"url":null,"entity_id":"Q27964708","candidates":[]}],[],[{"start":0,"end":19,"url":null,"entity_id":"Q3609","candidates":[]}]],[[{"start":0,"end":32,"url":null,"entity_id":"Q23905289","candidates":[]}],[],[{"start":0,"end":19,"url":null,"entity_id":"Q3609","candidates":[]}]],[[{"start":0,"end":22,"url":null,"entity_id":"Q23691294","candidates":[]}],[],[{"start":0,"end":19,"url":null,"entity_id":"Q3609","candidates":[]}]],[[{"start":0,"end":27,"url":null,"entity_id":"Q23655565","candidates":[]}],[],[{"start":0,"end":19,"url":null,"entity_id":"Q3609","candidates":[]}]],[[{"start":0,"end":20,"url":null,"entity_id":"Q66378100","candidates":[]}],[],[{"start":0,"end":19,"url":null,"entity_id":"Q3609","candidates":[]}]],[[{"start":0,"end":21,"url":null,"entity_id":"Q65966194","candidates":[]}],[],[{"start":0,"end":19,"url":null,"entity_id":"Q3609","candidates":[]}]],[[{"start":0,"end":20,"url":null,"entity_id":"Q65041998","candidates":[]}],[],[{"start":0,"end":19,"url":null,"entity_id":"Q3609","candidates":[]}]],[[{"start":0,"end":20,"url":null,"entity_id":"Q64578128","candidates":[]}],[],[{"start":0,"end":19,"url":null,"entity_id":"Q3609","candidates":[]}]],[[{"start":0,"end":23,"url":null,"entity_id":"Q64364276","candidates":[]}],[],[{"start":0,"end":19,"url":null,"entity_id":"Q3609","candidates":[]}]],[[{"start":0,"end":26,"url":null,"entity_id":"Q63927406","candidates":[]}],[],[{"start":0,"end":19,"url":null,"entity_id":"Q3609","candidates":[]}]],[[{"start":0,"end":21,"url":null,"entity_id":"Q63385699","candidates":[]}],[],[{"start":0,"end":19,"url":null,"entity_id":"Q3609","candidates":[]}]],[[{"start":0,"end":21,"url":null,"entity_id":"Q62129206","candidates":[]}],[],[{"start":0,"end":19,"url":null,"entity_id":"Q3609","candidates":[]}]]]}