{"version":"1.2","table":{"version":"2","table_id":"B6DBM9XY","columns":[{"index":0,"name":"col0","values":["Agioi Vavatsinias","Agia Marina Xyliatou","Agia Eirini Lefkosias","Agia Anna","Pano Panagia","Nikitari","Politiko","Malia, Cyprus","Akaki","Mammari","Nisou","Pera Chorio","Simou","Pelendri","Avgorou","Giolou","Tsada","Maroni","Palaiometocho","Lofou"]},{"index":1,"name":"col1","values":["720","455","930","135","830","320","365","650","210","200","230","225","410","880","40","300","575","60","240","790"]},{"index":2,"name":"col2","values":["15.4531","20.2803","4.98972","12.9059","53.0455","33.113","17.7569","12.7381","25.3866","19.5428","9.55778","8.27937","5.72504","32.1077","33.9364","9.76347","17.0063","14.1317","35.1151","12.4833"]},{"index":3,"name":"col3","values":["131","568","27","339","481","447","419","64","3003","1592","2179","2637","185","1074","4604","762","1043","710","4145","46"]}]},"context":{"page_title":null,"page_url":null,"page_entity_id":null,"content_hierarchy":[]},"links":[[[{"start":0,"end":17,"url":null,"entity_id":"Q4692596","candidates":[]}],[],[],[]],[[{"start":0,"end":20,"url":null,"entity_id":"Q4692506","candidates":[]}],[],[],[]],[[{"start":0,"end":21,"url":null,"entity_id":"Q4692498","candidates":[]}],[],[],[]],[[{"start":0,"end":9,"url":null,"entity_id":"Q4692490","candidates":[]}],[],[],[]],[[{"start":0,"end":12,"url":null,"entity_id":"Q4343821","candidates":[]}],[],[],[]],[[{"start":0,"end":8,"url":null,"entity_id":"Q4319691","candidates":[]}],[],[],[]],[[{"start":0,"end":8,"url":null,"entity_id":"Q3907469","candidates":[]}],[],[],[]],[[{"start":0,"end":13,"url":null,"entity_id":"Q3843917","candidates":[]}],[],[],[]],[[{"start":0,"end":5,"url":null,"entity_id":"Q3646772","candidates":[]}],[],[],[]],[[{"start":0,"end":7,"url":null,"entity_id":"Q3566171","candidates":[]}],[],[],[]],[[{"start":0,"end":5,"url":null,"entity_id":"Q3563343","candidates":[]}],[],[],[]],[[{"start":0,"end":11,"url":null,"entity_id":"Q3563309","candidates":[]}],[],[],[]],[[{"start":0,"end":5,"url":null,"entity_id":"Q3561752","candidates":[]}],[],[],[]],[[{"start":0,"end":8,"url":null,"entity_id":"Q3561641","candidates":[]}],[],[],[]],[[{"start":0,"end":7,"url":null,"entity_id":"Q3560533","candidates":[]}],[],[],[]],[[{"start":0,"end":6,"url":null,"entity_id":"Q3559692","candidates":[]}],[],[],[]],[[{"start":0,"end":5,"url":null,"entity_id":"Q3559631","candidates":[]}],[],[],[]],[[{"start":0,"end":6,"url":null,"entity_id":"Q3559623","candidates":[]}],[],[],[]],[[{"start":0,"end":13,"url":null,"entity_id":"Q3557700","candidates":[]}],[],[],[]],[[{"start":0,"end":5,"url":null,"entity_id":"Q3557686","candidates":[]}],[],[],[]]]}