{"version":"1.2","table":{"version":"2","table_id":"B6SO2EPE","columns":[{"index":0,"name":"col0","values":["Na I.C.Troisi - Masseria","Chirjco",".Sorrento I.C. - Alice","Don Maurilio DeRosa","Sc.Inf. Albert#Sabin - Gurone","Scuoa Inf. Via Cpo La Croce","A.erini Vignale","Veroli Croeifisso","Fraz. Sapfatucchio","Manciano Caplupgo","Bergano S. Mucia - Aquilone","S Cecilia","Pisapi","Sduola Infanzi St. Gossolengo","Pozzvoli Ic4?Osp.S.M.D Grazie","Alberto Manzi (Ex Contrada\"31)","cuola Dell'Infanzia Di Lesa","Scoattolo Castelfranco E.","Scuola Dell'Infanzia -San Mrco","JeanPijet","Pignone Casoluogo","Boccccio","Via!D. Alighieri","Plessp Infanzia Pigno","Vilamagna","Di Bagnomi Della Rosandra","Catanzaro Uccelluzzo Ic Cz Nqrd","Scimla Melia Contrada Fego","Cizolo","Rita Cerxini","S.Pietro A Maida Carptone Icma","Largq Sicilia","Lgonegro-Rione Rossi-","Dott. Farmine Fusco","Dn Luigi Fasanella"]},{"index":1,"name":"col1","values":["Naples","Grottaminarda","Piano di Sorrento","Faeto","Malnate","L’Aquila","Novara","Veroli","Castiglione del Lago","Manciano","Bergamo","Eboli","Cava de' Tirreni","Gossolengo","Pozzuoli","Scafati","Lesa","Castelfranco Emilia","Creazzo","Giarre","Pignone","Florence","Castelluccio dei Sauri","Catania","Volterra","San Dorligo della Valle","Catanzaro","Scilla","Viadana","Piacenza","San Pietro a Maida","Avola","Lagonegro","Vieste","Vieste"]},{"index":2,"name":"col2","values":["Na - I.C. Troisi Massimo","I.C. San Tommaso D'Aquino","Piano Di Sorrento I.C.","Virgilio - Salandra","I.C. Malnate Iqbal Masih","D.D. Silvestro Dell Aquila","I.C. Rita Levi-Montalcini","I.C. 1^ Veroli","D.D. F. Rasetti - C. Lago","Ic Pietro Aldi Manciano","Bergamo - S.Lucia","Ist.Compr. Eboli Iii S.Cecilia","I.C. Cava Tirr. Giovanni Xxiii","Istituto Comprensivo Rivergaro","Pozzuoli I.C. 4 Pergolesi","Ii Circolo Didattico","Del Vergante - Invorio","I.C. Guinizelli - Castelfranco","Ic Creazzo Manzoni","Ii Ist. Comprensivo S.G.Bosco","Isa 19 I.C. Ricco'Del Golfo","Le Cure","Via Dei Mille - Bovino","Ic Dusmet - Doria Catania","I.C. Volterra","Ist. Compr. Giancarlo Roli","Ic Catanzaro Manzoni Cz Nord","Scilla R.Piria","I.C. Dosolo Pomponesco Viadana","Cd Ottavo Circolo","Ic Maida","Iii I.C. L. Capuana Avola","I.C. Lagonegro","Gianni Rodari - Vieste","Gianni Rodari - Vieste"]}]},"context":{"page_title":null,"page_url":null,"page_entity_id":null,"content_hierarchy":[]},"links":[[[{"start":0,"end":24,"url":null,"entity_id":"Q52746766","candidates":[]}],[{"start":0,"end":6,"url":null,"entity_id":"Q2634","candidates":[]}],[{"start":0,"end":24,"url":null,"entity_id":"Q52845682","candidates":[]}]],[[{"start":0,"end":7,"url":null,"entity_id":"Q52747139","candidates":[]}],[{"start":0,"end":13,"url":null,"entity_id":"Q55040","candidates":[]}],[{"start":0,"end":25,"url":null,"entity_id":"Q52845177","candidates":[]}]],[[{"start":0,"end":22,"url":null,"entity_id":"Q52746518","candidates":[]}],[{"start":0,"end":17,"url":null,"entity_id":"Q72346","candidates":[]}],[{"start":0,"end":22,"url":null,"entity_id":"Q52841213","candidates":[]}]],[[{"start":0,"end":19,"url":null,"entity_id":"Q52747297","candidates":[]}],[{"start":0,"end":5,"url":null,"entity_id":"Q51926","candidates":[]}],[{"start":0,"end":19,"url":null,"entity_id":"Q52838711","candidates":[]}]],[[{"start":0,"end":29,"url":null,"entity_id":"Q52746883","candidates":[]}],[{"start":0,"end":7,"url":null,"entity_id":"Q41062","candidates":[]}],[{"start":0,"end":24,"url":null,"entity_id":"Q52838211","candidates":[]}]],[[{"start":0,"end":27,"url":null,"entity_id":"Q52746677","candidates":[]}],[{"start":0,"end":8,"url":null,"entity_id":"Q3476","candidates":[]}],[{"start":0,"end":26,"url":null,"entity_id":"Q52825399","candidates":[]}]],[[{"start":0,"end":15,"url":null,"entity_id":"Q52746917","candidates":[]}],[{"start":0,"end":6,"url":null,"entity_id":"Q6046","candidates":[]}],[{"start":0,"end":25,"url":null,"entity_id":"Q52824478","candidates":[]}]],[[{"start":0,"end":17,"url":null,"entity_id":"Q52747302","candidates":[]}],[{"start":0,"end":6,"url":null,"entity_id":"Q42466","candidates":[]}],[{"start":0,"end":14,"url":null,"entity_id":"Q52819466","candidates":[]}]],[[{"start":0,"end":18,"url":null,"entity_id":"Q52746763","candidates":[]}],[{"start":0,"end":20,"url":null,"entity_id":"Q20390","candidates":[]}],[{"start":0,"end":25,"url":null,"entity_id":"Q52806503","candidates":[]}]],[[{"start":0,"end":17,"url":null,"entity_id":"Q52746523","candidates":[]}],[{"start":0,"end":8,"url":null,"entity_id":"Q214701","candidates":[]}],[{"start":0,"end":23,"url":null,"entity_id":"Q52805321","candidates":[]}]],[[{"start":0,"end":27,"url":null,"entity_id":"Q52746960","candidates":[]}],[{"start":0,"end":7,"url":null,"entity_id":"Q628","candidates":[]}],[{"start":0,"end":17,"url":null,"entity_id":"Q52802025","candidates":[]}]],[[{"start":0,"end":9,"url":null,"entity_id":"Q52747173","candidates":[]}],[{"start":0,"end":5,"url":null,"entity_id":"Q80933","candidates":[]}],[{"start":0,"end":30,"url":null,"entity_id":"Q52801213","candidates":[]}]],[[{"start":0,"end":6,"url":null,"entity_id":"Q52747186","candidates":[]}],[{"start":0,"end":16,"url":null,"entity_id":"Q19272","candidates":[]}],[{"start":0,"end":30,"url":null,"entity_id":"Q52801116","candidates":[]}]],[[{"start":0,"end":29,"url":null,"entity_id":"Q52747015","candidates":[]}],[{"start":0,"end":10,"url":null,"entity_id":"Q102776","candidates":[]}],[{"start":0,"end":30,"url":null,"entity_id":"Q52801011","candidates":[]}]],[[{"start":0,"end":29,"url":null,"entity_id":"Q52746833","candidates":[]}],[{"start":0,"end":8,"url":null,"entity_id":"Q72425","candidates":[]}],[{"start":0,"end":25,"url":null,"entity_id":"Q52800881","candidates":[]}]],[[{"start":0,"end":30,"url":null,"entity_id":"Q52746538","candidates":[]}],[{"start":0,"end":7,"url":null,"entity_id":"Q42446","candidates":[]}],[{"start":0,"end":20,"url":null,"entity_id":"Q52799891","candidates":[]}]],[[{"start":0,"end":27,"url":null,"entity_id":"Q52747174","candidates":[]}],[{"start":0,"end":4,"url":null,"entity_id":"Q22479","candidates":[]}],[{"start":0,"end":22,"url":null,"entity_id":"Q52798585","candidates":[]}]],[[{"start":0,"end":25,"url":null,"entity_id":"Q52747169","candidates":[]}],[{"start":0,"end":19,"url":null,"entity_id":"Q100043","candidates":[]}],[{"start":0,"end":30,"url":null,"entity_id":"Q52798056","candidates":[]}]],[[{"start":0,"end":30,"url":null,"entity_id":"Q52746890","candidates":[]}],[{"start":0,"end":7,"url":null,"entity_id":"Q46735","candidates":[]}],[{"start":0,"end":18,"url":null,"entity_id":"Q52795523","candidates":[]}]],[[{"start":0,"end":9,"url":null,"entity_id":"Q52747083","candidates":[]}],[{"start":0,"end":6,"url":null,"entity_id":"Q478322","candidates":[]}],[{"start":0,"end":29,"url":null,"entity_id":"Q52794967","candidates":[]}]],[[{"start":0,"end":17,"url":null,"entity_id":"Q52747207","candidates":[]}],[{"start":0,"end":7,"url":null,"entity_id":"Q270242","candidates":[]}],[{"start":0,"end":27,"url":null,"entity_id":"Q52793267","candidates":[]}]],[[{"start":0,"end":8,"url":null,"entity_id":"Q52746908","candidates":[]}],[{"start":0,"end":8,"url":null,"entity_id":"Q2044","candidates":[]}],[{"start":0,"end":7,"url":null,"entity_id":"Q52791642","candidates":[]}]],[[{"start":0,"end":16,"url":null,"entity_id":"Q52747247","candidates":[]}],[{"start":0,"end":22,"url":null,"entity_id":"Q51917","candidates":[]}],[{"start":0,"end":22,"url":null,"entity_id":"Q52787902","candidates":[]}]],[[{"start":0,"end":21,"url":null,"entity_id":"Q52746734","candidates":[]}],[{"start":0,"end":7,"url":null,"entity_id":"Q1903","candidates":[]}],[{"start":0,"end":25,"url":null,"entity_id":"Q52781974","candidates":[]}]],[[{"start":0,"end":9,"url":null,"entity_id":"Q52747033","candidates":[]}],[{"start":0,"end":8,"url":null,"entity_id":"Q103305","candidates":[]}],[{"start":0,"end":13,"url":null,"entity_id":"Q52781734","candidates":[]}]],[[{"start":0,"end":25,"url":null,"entity_id":"Q52747018","candidates":[]}],[{"start":0,"end":23,"url":null,"entity_id":"Q16938","candidates":[]}],[{"start":0,"end":26,"url":null,"entity_id":"Q52779908","candidates":[]}]],[[{"start":0,"end":31,"url":null,"entity_id":"Q52746669","candidates":[]}],[{"start":0,"end":9,"url":null,"entity_id":"Q3883","candidates":[]}],[{"start":0,"end":28,"url":null,"entity_id":"Q52754518","candidates":[]}]],[[{"start":0,"end":26,"url":null,"entity_id":"Q52747190","candidates":[]}],[{"start":0,"end":6,"url":null,"entity_id":"Q54666","candidates":[]}],[{"start":0,"end":14,"url":null,"entity_id":"Q52754507","candidates":[]}]],[[{"start":0,"end":6,"url":null,"entity_id":"Q52747126","candidates":[]}],[{"start":0,"end":7,"url":null,"entity_id":"Q42336","candidates":[]}],[{"start":0,"end":30,"url":null,"entity_id":"Q52754468","candidates":[]}]],[[{"start":0,"end":12,"url":null,"entity_id":"Q52746843","candidates":[]}],[{"start":0,"end":8,"url":null,"entity_id":"Q13329","candidates":[]}],[{"start":0,"end":17,"url":null,"entity_id":"Q52754136","candidates":[]}]],[[{"start":0,"end":30,"url":null,"entity_id":"Q52746620","candidates":[]}],[{"start":0,"end":18,"url":null,"entity_id":"Q53689","candidates":[]}],[{"start":0,"end":8,"url":null,"entity_id":"Q52753906","candidates":[]}]],[[{"start":0,"end":13,"url":null,"entity_id":"Q52746932","candidates":[]}],[{"start":0,"end":5,"url":null,"entity_id":"Q489929","candidates":[]}],[{"start":0,"end":25,"url":null,"entity_id":"Q52753874","candidates":[]}]],[[{"start":0,"end":21,"url":null,"entity_id":"Q52746633","candidates":[]}],[{"start":0,"end":9,"url":null,"entity_id":"Q52586","candidates":[]}],[{"start":0,"end":14,"url":null,"entity_id":"Q52753560","candidates":[]}]],[[{"start":0,"end":19,"url":null,"entity_id":"Q52747024","candidates":[]}],[{"start":0,"end":6,"url":null,"entity_id":"Q51967","candidates":[]}],[{"start":0,"end":22,"url":null,"entity_id":"Q52752542","candidates":[]}]],[[{"start":0,"end":18,"url":null,"entity_id":"Q52746587","candidates":[]}],[{"start":0,"end":6,"url":null,"entity_id":"Q51967","candidates":[]}],[{"start":0,"end":22,"url":null,"entity_id":"Q52752542","candidates":[]}]]]}