{"version":"1.2","table":{"version":"2","table_id":"B71S73SJ","columns":[{"index":0,"name":"col0","values":["Balfluig Castle","Tower-palace of Guevara","Lazarraga tower","Kindrochit Castle","Arantzibia tower house","Farnell Castle","Affleck Castle","Nisbet House","Dundas Castle","Craufurdland Castle","Liberton Tower","Ford House","Almond Castle","Harthill Castle","Westhall Castle","Elshieleshields Tower","Auchinleck, Old House","Edinburgh, 66-68 Dreghorn Loan, Laverockdale House","Hooghuis van Vladeracken","Barroeta tower house"]},{"index":1,"name":"col1","values":["Aberdeenshire","Barrundia","Barrundia","Aberdeenshire","Berriatua","Angus","Monikie","Edrom","Dalmeny","Kilmarnock","Edinburgh","Midlothian","Falkirk","Oyne","Oyne","Lochmaben","Auchinleck","Edinburgh","'s-Hertogenbosch","Markina-Xemein"]},{"index":2,"name":"col2","values":["Rhynie","Guevara","Larrea","Braemar","Basque Country","Strathdon","Monikie","Edrom","Dalmeny","Kilmarnock","Edinburgh","Ford","Whitecross","Oyne","Oyne","Lochmaben","Auchinleck","Edinburgh","Binnenstad","Basque Country"]}]},"context":{"page_title":null,"page_url":null,"page_entity_id":null,"content_hierarchy":[]},"links":[[[{"start":0,"end":23,"url":null,"entity_id":"Q7829614","candidates":[]}],[{"start":0,"end":9,"url":null,"entity_id":"Q961216","candidates":[]}],[{"start":0,"end":7,"url":null,"entity_id":"Q2743536","candidates":[]}]],[[{"start":0,"end":15,"url":null,"entity_id":"Q8341944","candidates":[]}],[{"start":0,"end":9,"url":null,"entity_id":"Q961216","candidates":[]}],[{"start":0,"end":6,"url":null,"entity_id":"Q2743345","candidates":[]}]],[[{"start":0,"end":17,"url":null,"entity_id":"Q6410657","candidates":[]}],[{"start":0,"end":13,"url":null,"entity_id":"Q189912","candidates":[]}],[{"start":0,"end":7,"url":null,"entity_id":"Q897175","candidates":[]}]],[[{"start":0,"end":22,"url":null,"entity_id":"Q12253855","candidates":[]}],[{"start":0,"end":9,"url":null,"entity_id":"Q1228064","candidates":[]}],[{"start":0,"end":14,"url":null,"entity_id":"Q47588","candidates":[]}]],[[{"start":0,"end":14,"url":null,"entity_id":"Q15217396","candidates":[]}],[{"start":0,"end":5,"url":null,"entity_id":"Q202177","candidates":[]}],[{"start":0,"end":9,"url":null,"entity_id":"Q3982","candidates":[]}]],[[{"start":0,"end":14,"url":null,"entity_id":"Q9703666","candidates":[]}],[{"start":0,"end":7,"url":null,"entity_id":"Q68816204","candidates":[]}],[{"start":0,"end":7,"url":null,"entity_id":"Q6900246","candidates":[]}]],[[{"start":0,"end":12,"url":null,"entity_id":"Q7040190","candidates":[]}],[{"start":0,"end":5,"url":null,"entity_id":"Q68815439","candidates":[]}],[{"start":0,"end":5,"url":null,"entity_id":"Q5340265","candidates":[]}]],[[{"start":0,"end":13,"url":null,"entity_id":"Q5314756","candidates":[]}],[{"start":0,"end":7,"url":null,"entity_id":"Q68815284","candidates":[]}],[{"start":0,"end":7,"url":null,"entity_id":"Q5211552","candidates":[]}]],[[{"start":0,"end":19,"url":null,"entity_id":"Q15803984","candidates":[]}],[{"start":0,"end":10,"url":null,"entity_id":"Q68815809","candidates":[]}],[{"start":0,"end":10,"url":null,"entity_id":"Q576562","candidates":[]}]],[[{"start":0,"end":14,"url":null,"entity_id":"Q6541506","candidates":[]}],[{"start":0,"end":9,"url":null,"entity_id":"Q68826067","candidates":[]}],[{"start":0,"end":9,"url":null,"entity_id":"Q23436","candidates":[]}]],[[{"start":0,"end":10,"url":null,"entity_id":"Q17570529","candidates":[]}],[{"start":0,"end":10,"url":null,"entity_id":"Q206934","candidates":[]}],[{"start":0,"end":4,"url":null,"entity_id":"Q28003917","candidates":[]}]],[[{"start":0,"end":13,"url":null,"entity_id":"Q17816792","candidates":[]}],[{"start":0,"end":7,"url":null,"entity_id":"Q216802","candidates":[]}],[{"start":0,"end":10,"url":null,"entity_id":"Q7995824","candidates":[]}]],[[{"start":0,"end":15,"url":null,"entity_id":"Q17571145","candidates":[]}],[{"start":0,"end":4,"url":null,"entity_id":"Q68816338","candidates":[]}],[{"start":0,"end":4,"url":null,"entity_id":"Q7116286","candidates":[]}]],[[{"start":0,"end":15,"url":null,"entity_id":"Q16903134","candidates":[]}],[{"start":0,"end":4,"url":null,"entity_id":"Q68816338","candidates":[]}],[{"start":0,"end":4,"url":null,"entity_id":"Q7116286","candidates":[]}]],[[{"start":0,"end":21,"url":null,"entity_id":"Q17571251","candidates":[]}],[{"start":0,"end":9,"url":null,"entity_id":"Q68816087","candidates":[]}],[{"start":0,"end":9,"url":null,"entity_id":"Q3257725","candidates":[]}]],[[{"start":0,"end":21,"url":null,"entity_id":"Q17814286","candidates":[]}],[{"start":0,"end":10,"url":null,"entity_id":"Q68814902","candidates":[]}],[{"start":0,"end":10,"url":null,"entity_id":"Q1013757","candidates":[]}]],[[{"start":0,"end":50,"url":null,"entity_id":"Q17570023","candidates":[]}],[{"start":0,"end":9,"url":null,"entity_id":"Q68826067","candidates":[]}],[{"start":0,"end":9,"url":null,"entity_id":"Q23436","candidates":[]}]],[[{"start":0,"end":24,"url":null,"entity_id":"Q61958880","candidates":[]}],[{"start":0,"end":16,"url":null,"entity_id":"Q9807","candidates":[]}],[{"start":0,"end":10,"url":null,"entity_id":"Q2661093","candidates":[]}]],[[{"start":0,"end":20,"url":null,"entity_id":"Q80806699","candidates":[]}],[{"start":0,"end":14,"url":null,"entity_id":"Q604810","candidates":[]}],[{"start":0,"end":14,"url":null,"entity_id":"Q3995","candidates":[]}]],[[{"start":0,"end":15,"url":null,"entity_id":"Q15978761","candidates":[]}],[{"start":0,"end":13,"url":null,"entity_id":"Q189912","candidates":[]}],[{"start":0,"end":6,"url":null,"entity_id":"Q3774591","candidates":[]}]]]}