{"version":"1.2","table":{"version":"2","table_id":"B7ZTHU46","columns":[{"index":0,"name":"col0","values":["Ohio County","Clay County","Taylor County","Tyler County","Mineral County","Hancock County","Jackson County","Harrison County","Marion County","Gilmer County","Marshall County","Fayette County","Wetzel County","Wyoming County","Ritchie County","Roane County","Mason County","Summers County","Mercer County","Randolph County"]},{"index":1,"name":"col1","values":["43727","9244","16973","8995","27704","30291","29178","68972","56868","8672","32459","45599","16204","23019","10073","14656","27126","13563","61984","29415"]},{"index":2,"name":"col2","values":["282","890","455","675","852","229","1206","1079","807","881","809","1731","361","502","1175","1253","1152","952","1090","2693"]},{"index":3,"name":"col3","values":["2.9","0.5","1.7","1.7","0.4","6.1","1.5","0.1","0.9","0.5","2.2","1","0.9","0.5","0.4","0.03","3.1","2","0.4","0.03"]}]},"context":{"page_title":null,"page_url":null,"page_entity_id":null,"content_hierarchy":[]},"links":[[[{"start":0,"end":11,"url":null,"entity_id":"Q847673","candidates":[]}],[],[],[]],[[{"start":0,"end":13,"url":null,"entity_id":"Q511095","candidates":[]}],[],[],[]],[[{"start":0,"end":12,"url":null,"entity_id":"Q511069","candidates":[]}],[],[],[]],[[{"start":0,"end":14,"url":null,"entity_id":"Q510407","candidates":[]}],[],[],[]],[[{"start":0,"end":14,"url":null,"entity_id":"Q504863","candidates":[]}],[],[],[]],[[{"start":0,"end":14,"url":null,"entity_id":"Q504856","candidates":[]}],[],[],[]],[[{"start":0,"end":15,"url":null,"entity_id":"Q504850","candidates":[]}],[],[],[]],[[{"start":0,"end":13,"url":null,"entity_id":"Q504846","candidates":[]}],[],[],[]],[[{"start":0,"end":13,"url":null,"entity_id":"Q504842","candidates":[]}],[],[],[]],[[{"start":0,"end":15,"url":null,"entity_id":"Q504838","candidates":[]}],[],[],[]],[[{"start":0,"end":14,"url":null,"entity_id":"Q504830","candidates":[]}],[],[],[]],[[{"start":0,"end":13,"url":null,"entity_id":"Q501858","candidates":[]}],[],[],[]],[[{"start":0,"end":14,"url":null,"entity_id":"Q501843","candidates":[]}],[],[],[]],[[{"start":0,"end":14,"url":null,"entity_id":"Q501839","candidates":[]}],[],[],[]],[[{"start":0,"end":12,"url":null,"entity_id":"Q501835","candidates":[]}],[],[],[]],[[{"start":0,"end":12,"url":null,"entity_id":"Q501830","candidates":[]}],[],[],[]],[[{"start":0,"end":14,"url":null,"entity_id":"Q501827","candidates":[]}],[],[],[]],[[{"start":0,"end":13,"url":null,"entity_id":"Q501823","candidates":[]}],[],[],[]],[[{"start":0,"end":15,"url":null,"entity_id":"Q501819","candidates":[]}],[],[],[]],[[{"start":0,"end":11,"url":null,"entity_id":"Q847676","candidates":[]}],[],[],[]]]}