{"version":"1.2","table":{"version":"2","table_id":"B81RSW2I","columns":[{"index":0,"name":"col0","values":["Marguerite-D'Youville Regional County Municipality","La Haute-Gaspésie","Les Maskoutains Regional County Municipality","Les Chenaux Regional County Municipality","L'Islet Regional County Municipality","Le Rocher-Percé Regional County Municipality","La Côte-de-Gaspé Regional County Municipality","Pierre-De Saurel Regional County Municipality","Minganie Regional County Municipality","Vaudreuil-Soulanges Regional County Municipality","Le Haut-Richelieu Regional County Municipality","Memphrémagog Regional County Municipality","Témiscouata Regional County Municipality","Montmagny Regional County Municipality","Le Haut-Saint-François Regional County Municipality","Les Appalaches Regional County Municipality","Témiscamingue Regional County Municipality","La Mitis Regional County Municipality","Portneuf Regional County Municipality","La Jacques-Cartier Regional County Municipality"]},{"index":1,"name":"col1","values":["405.9","5139.5","1313.9","934.4","2448.5","3249.2","4130","639","92546.05","1019.7","999.7","1449","4025.8","1722.5","2307.5","1987.1","19154.1","2538.8","4125.1","3321.2"]},{"index":2,"name":"col2","values":["70655","11316","88182","19040","17798","17282","17117","51077","6504","149349","119590","51614","19574","23296","22335","43530","15980","18210","53008","43485"]}]},"context":{"page_title":null,"page_url":null,"page_entity_id":null,"content_hierarchy":[]},"links":[[[{"start":0,"end":50,"url":null,"entity_id":"Q1517923","candidates":[]}],[],[]],[[{"start":0,"end":17,"url":null,"entity_id":"Q1517912","candidates":[]}],[],[]],[[{"start":0,"end":44,"url":null,"entity_id":"Q1517861","candidates":[]}],[],[]],[[{"start":0,"end":40,"url":null,"entity_id":"Q1517841","candidates":[]}],[],[]],[[{"start":0,"end":36,"url":null,"entity_id":"Q1517690","candidates":[]}],[],[]],[[{"start":0,"end":44,"url":null,"entity_id":"Q1517681","candidates":[]}],[],[]],[[{"start":0,"end":45,"url":null,"entity_id":"Q1517648","candidates":[]}],[],[]],[[{"start":0,"end":45,"url":null,"entity_id":"Q1517640","candidates":[]}],[],[]],[[{"start":0,"end":37,"url":null,"entity_id":"Q1517634","candidates":[]}],[],[]],[[{"start":0,"end":48,"url":null,"entity_id":"Q1517624","candidates":[]}],[],[]],[[{"start":0,"end":46,"url":null,"entity_id":"Q1517613","candidates":[]}],[],[]],[[{"start":0,"end":41,"url":null,"entity_id":"Q1517596","candidates":[]}],[],[]],[[{"start":0,"end":40,"url":null,"entity_id":"Q1517587","candidates":[]}],[],[]],[[{"start":0,"end":38,"url":null,"entity_id":"Q1517579","candidates":[]}],[],[]],[[{"start":0,"end":51,"url":null,"entity_id":"Q1517571","candidates":[]}],[],[]],[[{"start":0,"end":43,"url":null,"entity_id":"Q1517564","candidates":[]}],[],[]],[[{"start":0,"end":42,"url":null,"entity_id":"Q1517559","candidates":[]}],[],[]],[[{"start":0,"end":37,"url":null,"entity_id":"Q1517363","candidates":[]}],[],[]],[[{"start":0,"end":37,"url":null,"entity_id":"Q1517350","candidates":[]}],[],[]],[[{"start":0,"end":47,"url":null,"entity_id":"Q1517325","candidates":[]}],[],[]]]}