{"version":"1.2","table":{"version":"2","table_id":"B8DE0SU4","columns":[{"index":0,"name":"col0","values":["1928 Syrdcuse Orangemen football team","1937 Syrdcuse Orangemen football team","2018 Melbourne Stor season","1984–85Club Joventut Badalona season","1976–77 Club Joventut Badalona sason","1987–78 Club Joventut Badalona season","1978–79 Club Joventut Badalonb season","1979–80 Club Joventu Badalona season","1980–91 Club Joventut Badalona season","1981–83 Club oventut Badalonaseason","1982–83 Club Loventut Badalona season","1983–84 Club Jovenut Badalona season","1985–86 Club Joventut Badalpna season","1986–87 Club Joventut Badamoa season","1987–88 Club Joventut Badaloa season","1988–89 Club Joventut Badalonaseason","198–90 Club Joventut Badalona season","1990–91 Club Joventut Badalona sason","1991–92 Clb Joventut Badalona season","1993–94 Club Joventut Badalona seasn"]},{"index":1,"name":"col1","values":["Archbold Stadium","Archbold Stadium","Melbourne Rectangular Stadium","Pavelló Club Joventut Badalona","Pavelló Club Joventut Badalona","Pavelló Club Joventut Badalona","Pavelló Club Joventut Badalona","Pavelló Club Joventut Badalona","Pavelló Club Joventut Badalona","Pavelló Club Joventut Badalona","Pavelló Club Joventut Badalona","Pavelló Club Joventut Badalona","Pavelló Club Joventut Badalona","Pavelló Club Joventut Badalona","Pavelló Club Joventut Badalona","Pavelló Club Joventut Badalona","Pavelló Club Joventut Badalona","Pavelló Club Joventut Badalona","Palau Municipal d'Esports de Badalona","Palau Municipal d'Esports de Badalona"]},{"index":2,"name":"col2","values":["Syracuse Orange","Syracuse Orange","Melbourne Storm","Club Joventut Badalona","Club Joventut Badalona","Club Joventut Badalona","Club Joventut Badalona","Club Joventut Badalona","Club Joventut Badalona","Club Joventut Badalona","Club Joventut Badalona","Club Joventut Badalona","Club Joventut Badalona","Club Joventut Badalona","Club Joventut Badalona","Club Joventut Badalona","Club Joventut Badalona","Club Joventut Badalona","Club Joventut Badalona","Club Joventut Badalona"]}]},"context":{"page_title":null,"page_url":null,"page_entity_id":null,"content_hierarchy":[]},"links":[[[{"start":0,"end":37,"url":null,"entity_id":"Q55264106","candidates":[]}],[{"start":0,"end":16,"url":null,"entity_id":"Q4785707","candidates":[]}],[{"start":0,"end":15,"url":null,"entity_id":"Q3355089","candidates":[]}]],[[{"start":0,"end":37,"url":null,"entity_id":"Q55264091","candidates":[]}],[{"start":0,"end":16,"url":null,"entity_id":"Q4785707","candidates":[]}],[{"start":0,"end":15,"url":null,"entity_id":"Q3355089","candidates":[]}]],[[{"start":0,"end":26,"url":null,"entity_id":"Q47508316","candidates":[]}],[{"start":0,"end":29,"url":null,"entity_id":"Q1381223","candidates":[]}],[{"start":0,"end":15,"url":null,"entity_id":"Q1574487","candidates":[]}]],[[{"start":0,"end":36,"url":null,"entity_id":"Q52158005","candidates":[]}],[{"start":0,"end":30,"url":null,"entity_id":"Q4888209","candidates":[]}],[{"start":0,"end":22,"url":null,"entity_id":"Q54908","candidates":[]}]],[[{"start":0,"end":36,"url":null,"entity_id":"Q52129534","candidates":[]}],[{"start":0,"end":30,"url":null,"entity_id":"Q4888209","candidates":[]}],[{"start":0,"end":22,"url":null,"entity_id":"Q54908","candidates":[]}]],[[{"start":0,"end":37,"url":null,"entity_id":"Q52129068","candidates":[]}],[{"start":0,"end":30,"url":null,"entity_id":"Q4888209","candidates":[]}],[{"start":0,"end":22,"url":null,"entity_id":"Q54908","candidates":[]}]],[[{"start":0,"end":37,"url":null,"entity_id":"Q52128865","candidates":[]}],[{"start":0,"end":30,"url":null,"entity_id":"Q4888209","candidates":[]}],[{"start":0,"end":22,"url":null,"entity_id":"Q54908","candidates":[]}]],[[{"start":0,"end":36,"url":null,"entity_id":"Q52128527","candidates":[]}],[{"start":0,"end":30,"url":null,"entity_id":"Q4888209","candidates":[]}],[{"start":0,"end":22,"url":null,"entity_id":"Q54908","candidates":[]}]],[[{"start":0,"end":37,"url":null,"entity_id":"Q52115786","candidates":[]}],[{"start":0,"end":30,"url":null,"entity_id":"Q4888209","candidates":[]}],[{"start":0,"end":22,"url":null,"entity_id":"Q54908","candidates":[]}]],[[{"start":0,"end":35,"url":null,"entity_id":"Q52115623","candidates":[]}],[{"start":0,"end":30,"url":null,"entity_id":"Q4888209","candidates":[]}],[{"start":0,"end":22,"url":null,"entity_id":"Q54908","candidates":[]}]],[[{"start":0,"end":37,"url":null,"entity_id":"Q52115502","candidates":[]}],[{"start":0,"end":30,"url":null,"entity_id":"Q4888209","candidates":[]}],[{"start":0,"end":22,"url":null,"entity_id":"Q54908","candidates":[]}]],[[{"start":0,"end":36,"url":null,"entity_id":"Q52115052","candidates":[]}],[{"start":0,"end":30,"url":null,"entity_id":"Q4888209","candidates":[]}],[{"start":0,"end":22,"url":null,"entity_id":"Q54908","candidates":[]}]],[[{"start":0,"end":37,"url":null,"entity_id":"Q52114751","candidates":[]}],[{"start":0,"end":30,"url":null,"entity_id":"Q4888209","candidates":[]}],[{"start":0,"end":22,"url":null,"entity_id":"Q54908","candidates":[]}]],[[{"start":0,"end":36,"url":null,"entity_id":"Q52114555","candidates":[]}],[{"start":0,"end":30,"url":null,"entity_id":"Q4888209","candidates":[]}],[{"start":0,"end":22,"url":null,"entity_id":"Q54908","candidates":[]}]],[[{"start":0,"end":36,"url":null,"entity_id":"Q52114389","candidates":[]}],[{"start":0,"end":30,"url":null,"entity_id":"Q4888209","candidates":[]}],[{"start":0,"end":22,"url":null,"entity_id":"Q54908","candidates":[]}]],[[{"start":0,"end":36,"url":null,"entity_id":"Q52113939","candidates":[]}],[{"start":0,"end":30,"url":null,"entity_id":"Q4888209","candidates":[]}],[{"start":0,"end":22,"url":null,"entity_id":"Q54908","candidates":[]}]],[[{"start":0,"end":36,"url":null,"entity_id":"Q52113806","candidates":[]}],[{"start":0,"end":30,"url":null,"entity_id":"Q4888209","candidates":[]}],[{"start":0,"end":22,"url":null,"entity_id":"Q54908","candidates":[]}]],[[{"start":0,"end":36,"url":null,"entity_id":"Q52113618","candidates":[]}],[{"start":0,"end":30,"url":null,"entity_id":"Q4888209","candidates":[]}],[{"start":0,"end":22,"url":null,"entity_id":"Q54908","candidates":[]}]],[[{"start":0,"end":36,"url":null,"entity_id":"Q52113516","candidates":[]}],[{"start":0,"end":37,"url":null,"entity_id":"Q1412278","candidates":[]}],[{"start":0,"end":22,"url":null,"entity_id":"Q54908","candidates":[]}]],[[{"start":0,"end":36,"url":null,"entity_id":"Q52063358","candidates":[]}],[{"start":0,"end":37,"url":null,"entity_id":"Q1412278","candidates":[]}],[{"start":0,"end":22,"url":null,"entity_id":"Q54908","candidates":[]}]]]}