{"version":"1.2","table":{"version":"2","table_id":"B8EUJB71","columns":[{"index":0,"name":"col0","values":["Inala","Marcus Beach","Braybrook","Langwarrin","Kooyong","Asquith","Keilor","Kurnell","Port Melbourne","Heidelberg","Mosman","Glenorchy","Preston","Klemzig","Port Kembla","Stirling","Flemington","Bridgewater","Keilor East","Fitzroy"]},{"index":1,"name":"col1","values":["14849","757","9195","22588","817","3376","5853","2267","16175","6225","28475","10828","32851","6100","5014","2966","7719","4045","14514","10445"]},{"index":2,"name":"col2","values":["7203","370","4667","11006","415","1621","2885","1148","7738","3020","13189","5179","16083","2947","2551","1430","3630","1913","7014","5126"]},{"index":3,"name":"col3","values":["40","9","43","109","17","167","38","5","7","39","24","22","61","52","15","424","20","16","68","36"]}]},"context":{"page_title":null,"page_url":null,"page_entity_id":null,"content_hierarchy":[]},"links":[[[{"start":0,"end":5,"url":null,"entity_id":"Q2037849","candidates":[]}],[],[],[]],[[{"start":0,"end":12,"url":null,"entity_id":"Q1964621","candidates":[]}],[],[],[]],[[{"start":0,"end":9,"url":null,"entity_id":"Q1854516","candidates":[]}],[],[],[]],[[{"start":0,"end":10,"url":null,"entity_id":"Q1805451","candidates":[]}],[],[],[]],[[{"start":0,"end":7,"url":null,"entity_id":"Q1783858","candidates":[]}],[],[],[]],[[{"start":0,"end":7,"url":null,"entity_id":"Q1660730","candidates":[]}],[],[],[]],[[{"start":0,"end":6,"url":null,"entity_id":"Q1638235","candidates":[]}],[],[],[]],[[{"start":0,"end":7,"url":null,"entity_id":"Q1637676","candidates":[]}],[],[],[]],[[{"start":0,"end":14,"url":null,"entity_id":"Q1623026","candidates":[]}],[],[],[]],[[{"start":0,"end":10,"url":null,"entity_id":"Q1594002","candidates":[]}],[],[],[]],[[{"start":0,"end":6,"url":null,"entity_id":"Q1535327","candidates":[]}],[],[],[]],[[{"start":0,"end":9,"url":null,"entity_id":"Q1531147","candidates":[]}],[],[],[]],[[{"start":0,"end":7,"url":null,"entity_id":"Q1471471","candidates":[]}],[],[],[]],[[{"start":0,"end":7,"url":null,"entity_id":"Q1442959","candidates":[]}],[],[],[]],[[{"start":0,"end":11,"url":null,"entity_id":"Q1438297","candidates":[]}],[],[],[]],[[{"start":0,"end":8,"url":null,"entity_id":"Q1432101","candidates":[]}],[],[],[]],[[{"start":0,"end":10,"url":null,"entity_id":"Q1427991","candidates":[]}],[],[],[]],[[{"start":0,"end":11,"url":null,"entity_id":"Q1426910","candidates":[]}],[],[],[]],[[{"start":0,"end":11,"url":null,"entity_id":"Q1424133","candidates":[]}],[],[],[]],[[{"start":0,"end":7,"url":null,"entity_id":"Q1421389","candidates":[]}],[],[],[]]]}