{"version":"1.2","table":{"version":"2","table_id":"B90J88WL","columns":[{"index":0,"name":"col0","values":["Zimbabwe Defence Forces","Army of Wrangel","Indonesian National Armed Forces","Military of Abkhazia","Whites","Don Army","Green armies","Volunteer Army","Yugoslav People's Army","Army of Republika Srpska","Croatian National Guard","Qatar Armed Forces","Chechen National Guard","People's Liberation Army","Turkish Armed Forces","Catholic and Royal Army","Manchukuo Imperial Army","People's Army of Vietnam","Free French Air Force","Netherlands armed forces"]},{"index":1,"name":"col1","values":["Zimbabwe","Russia","Indonesia","Republic of Abkhazia","Finland","Don Republic","Ukraine","Russia","Socialist Federal Republic of Yugoslavia","Republika Srpska","Croatia","Qatar","Chechen Republic of Ichkeria","People's Republic of China","Turkey","France","Manchukuo","Vietnam","France","Netherlands"]},{"index":2,"name":"col2","values":["Southern African Development Community intervention in Lesotho","Siege of Perekop","Indonesian National Revolution","War in Abkhazia (1998)","Finnish Civil War","Russian Civil War","Russian Civil War","Russian Civil War","Croatian War of Independence","Croatian War of Independence","Croatian War of Independence","Gulf War","First Chechen War","Korean War","Korean War","War in the Vendée","World War II","World War II","World War II","World War II"]}]},"context":{"page_title":null,"page_url":null,"page_entity_id":null,"content_hierarchy":[]},"links":[[[{"start":0,"end":15,"url":null,"entity_id":"Q2030209","candidates":[]}],[{"start":0,"end":6,"url":null,"entity_id":"Q159","candidates":[]}],[{"start":0,"end":16,"url":null,"entity_id":"Q3381753","candidates":[]}]],[[{"start":0,"end":32,"url":null,"entity_id":"Q855515","candidates":[]}],[{"start":0,"end":9,"url":null,"entity_id":"Q252","candidates":[]}],[{"start":0,"end":30,"url":null,"entity_id":"Q1332160","candidates":[]}]],[[{"start":0,"end":20,"url":null,"entity_id":"Q2601767","candidates":[]}],[{"start":0,"end":20,"url":null,"entity_id":"Q31354462","candidates":[]}],[{"start":0,"end":22,"url":null,"entity_id":"Q959303","candidates":[]}]],[[{"start":0,"end":6,"url":null,"entity_id":"Q4115002","candidates":[]}],[{"start":0,"end":7,"url":null,"entity_id":"Q33","candidates":[]}],[{"start":0,"end":17,"url":null,"entity_id":"Q211855","candidates":[]}]],[[{"start":0,"end":8,"url":null,"entity_id":"Q1978893","candidates":[]}],[{"start":0,"end":12,"url":null,"entity_id":"Q2453974","candidates":[]}],[{"start":0,"end":17,"url":null,"entity_id":"Q79911","candidates":[]}]],[[{"start":0,"end":12,"url":null,"entity_id":"Q518661","candidates":[]}],[{"start":0,"end":7,"url":null,"entity_id":"Q212","candidates":[]}],[{"start":0,"end":17,"url":null,"entity_id":"Q79911","candidates":[]}]],[[{"start":0,"end":14,"url":null,"entity_id":"Q1430243","candidates":[]}],[{"start":0,"end":6,"url":null,"entity_id":"Q159","candidates":[]}],[{"start":0,"end":17,"url":null,"entity_id":"Q79911","candidates":[]}]],[[{"start":0,"end":22,"url":null,"entity_id":"Q272110","candidates":[]}],[{"start":0,"end":40,"url":null,"entity_id":"Q83286","candidates":[]}],[{"start":0,"end":28,"url":null,"entity_id":"Q68969","candidates":[]}]],[[{"start":0,"end":24,"url":null,"entity_id":"Q1125372","candidates":[]}],[{"start":0,"end":16,"url":null,"entity_id":"Q11196","candidates":[]}],[{"start":0,"end":28,"url":null,"entity_id":"Q68969","candidates":[]}]],[[{"start":0,"end":23,"url":null,"entity_id":"Q371899","candidates":[]}],[{"start":0,"end":7,"url":null,"entity_id":"Q224","candidates":[]}],[{"start":0,"end":28,"url":null,"entity_id":"Q68969","candidates":[]}]],[[{"start":0,"end":18,"url":null,"entity_id":"Q897697","candidates":[]}],[{"start":0,"end":5,"url":null,"entity_id":"Q846","candidates":[]}],[{"start":0,"end":8,"url":null,"entity_id":"Q37643","candidates":[]}]],[[{"start":0,"end":22,"url":null,"entity_id":"Q4124981","candidates":[]}],[{"start":0,"end":28,"url":null,"entity_id":"Q210036","candidates":[]}],[{"start":0,"end":17,"url":null,"entity_id":"Q29269","candidates":[]}]],[[{"start":0,"end":24,"url":null,"entity_id":"Q200106","candidates":[]}],[{"start":0,"end":26,"url":null,"entity_id":"Q148","candidates":[]}],[{"start":0,"end":10,"url":null,"entity_id":"Q8663","candidates":[]}]],[[{"start":0,"end":20,"url":null,"entity_id":"Q501053","candidates":[]}],[{"start":0,"end":6,"url":null,"entity_id":"Q43","candidates":[]}],[{"start":0,"end":10,"url":null,"entity_id":"Q8663","candidates":[]}]],[[{"start":0,"end":23,"url":null,"entity_id":"Q2290419","candidates":[]}],[{"start":0,"end":6,"url":null,"entity_id":"Q142","candidates":[]}],[{"start":0,"end":17,"url":null,"entity_id":"Q8628","candidates":[]}]],[[{"start":0,"end":23,"url":null,"entity_id":"Q681179","candidates":[]}],[{"start":0,"end":9,"url":null,"entity_id":"Q30623","candidates":[]}],[{"start":0,"end":12,"url":null,"entity_id":"Q362","candidates":[]}]],[[{"start":0,"end":24,"url":null,"entity_id":"Q3936506","candidates":[]}],[{"start":0,"end":7,"url":null,"entity_id":"Q881","candidates":[]}],[{"start":0,"end":12,"url":null,"entity_id":"Q362","candidates":[]}]],[[{"start":0,"end":21,"url":null,"entity_id":"Q1619018","candidates":[]}],[{"start":0,"end":6,"url":null,"entity_id":"Q142","candidates":[]}],[{"start":0,"end":12,"url":null,"entity_id":"Q362","candidates":[]}]],[[{"start":0,"end":24,"url":null,"entity_id":"Q327038","candidates":[]}],[{"start":0,"end":11,"url":null,"entity_id":"Q55","candidates":[]}],[{"start":0,"end":12,"url":null,"entity_id":"Q362","candidates":[]}]],[[{"start":0,"end":23,"url":null,"entity_id":"Q381383","candidates":[]}],[{"start":0,"end":8,"url":null,"entity_id":"Q954","candidates":[]}],[{"start":0,"end":62,"url":null,"entity_id":"Q4335258","candidates":[]}]]]}