{"version":"1.2","table":{"version":"2","table_id":"B9YCKR47","columns":[{"index":0,"name":"col0","values":["L'Ascension-de-Notre-Seigneur","Disraeli","Brébeuf","Beaumont","Saint-Damien-de-Buckland","Saint-Éloi","Hérouxville","Saint-Louis-de-Gonzague","Sainte-Anne-de-la-Pocatière","Saint-Louis-du-Ha! Ha!","Saint-Damien","La Trinité-des-Monts","Saint-Malachie","Saint-Louis-de-Gonzague-du-Cap-Tourmente","Plessisville","Saint-Édouard-de-Fabre","Saint-Mathieu-de-Rioux","Saint-Octave-de-Métis","Saint-Zéphirin-de-Courval","Saint-Odilon-de-Cranbourne"]},{"index":1,"name":"col1","values":["1987","1123","976","2942","1956","286","1278","1481","1636","1292","2094","223","1517","5","2663","628","639","511","700","1374"]},{"index":2,"name":"col2","values":["132.5","97.5","37.6","44.7","82.7","65.9","53.03","91.4","79.7","109.09","255.87","239.2","103.2","0.42","141.3","216.3","115.2","75.2","71.7","130.5"]}]},"context":{"page_title":null,"page_url":null,"page_entity_id":null,"content_hierarchy":[]},"links":[[[{"start":0,"end":8,"url":null,"entity_id":"Q3030627","candidates":[]}],[],[]],[[{"start":0,"end":7,"url":null,"entity_id":"Q2927281","candidates":[]}],[],[]],[[{"start":0,"end":8,"url":null,"entity_id":"Q2893240","candidates":[]}],[],[]],[[{"start":0,"end":24,"url":null,"entity_id":"Q2760542","candidates":[]}],[],[]],[[{"start":0,"end":10,"url":null,"entity_id":"Q2626326","candidates":[]}],[],[]],[[{"start":0,"end":11,"url":null,"entity_id":"Q2423969","candidates":[]}],[],[]],[[{"start":0,"end":23,"url":null,"entity_id":"Q2419721","candidates":[]}],[],[]],[[{"start":0,"end":27,"url":null,"entity_id":"Q2075997","candidates":[]}],[],[]],[[{"start":0,"end":22,"url":null,"entity_id":"Q1622236","candidates":[]}],[],[]],[[{"start":0,"end":12,"url":null,"entity_id":"Q1451329","candidates":[]}],[],[]],[[{"start":0,"end":20,"url":null,"entity_id":"Q959074","candidates":[]}],[],[]],[[{"start":0,"end":14,"url":null,"entity_id":"Q937727","candidates":[]}],[],[]],[[{"start":0,"end":40,"url":null,"entity_id":"Q920790","candidates":[]}],[],[]],[[{"start":0,"end":12,"url":null,"entity_id":"Q766671","candidates":[]}],[],[]],[[{"start":0,"end":22,"url":null,"entity_id":"Q645189","candidates":[]}],[],[]],[[{"start":0,"end":22,"url":null,"entity_id":"Q511005","candidates":[]}],[],[]],[[{"start":0,"end":21,"url":null,"entity_id":"Q431487","candidates":[]}],[],[]],[[{"start":0,"end":25,"url":null,"entity_id":"Q371275","candidates":[]}],[],[]],[[{"start":0,"end":26,"url":null,"entity_id":"Q290436","candidates":[]}],[],[]],[[{"start":0,"end":29,"url":null,"entity_id":"Q3202424","candidates":[]}],[],[]]]}