{"version":"1.2","table":{"version":"2","table_id":"BA77TA8C","columns":[{"index":0,"name":"col0","values":["Werk van Sint-Franciscus Régis","Priesterraad (Bisdom Gent)","Werk der Priesterroepingen te Gent vzw","Sint-Baafskapittel te Gent","Domus Dei - Aartsbisdom Mechelen-Brussel","Pastorale Raad (Aartsbisdom Mechelen-Brussel)","Saint-François Régis Bruxelles","Armentafel van Markegem ['dis']","Armentafel van Desselgem ['dis']","Armentafel van Gijzelbrechtegem ['dis']","Armentafel van Tiegem ['dis']","Armentafel van Bertem","Armentafel van Waarmaarde ['dis']","Armentafel van Moen ['dis']","Sint-Vincentius-Paulogenootschap, Zottegem","College van de Jezuïeten te Halle","Kluizenaars of Eremijten van Sint-Augustinus","Provincie van de dominicanen te Leuven","Katholieke Burgersbond, afdeling Turnhout","Katholieke Kring Amicitia Turnhout"]},{"index":1,"name":"col1","values":["Archief van het Bisdom Gent","Archief van het Bisdom Gent","Archief van het Bisdom Gent","State Archives in Antwerp","Archiepiscopal Archive of Mechelen","Archiepiscopal Archive of Mechelen","Archiepiscopal Archive of Mechelen","State Archives in Kortrijk","State Archives in Kortrijk","State Archives in Kortrijk","State Archives in Kortrijk","State Archives in Leuven","State Archives in Kortrijk","State Archives in Kortrijk","Center for Regional History, Zottegem","State Archives in Leuven","City Archives of Mechelen","State Archives in Leuven","Town Archives of Ieper","Town Archives of Ieper"]},{"index":2,"name":"col2","values":["Ghent","Ghent","Ghent","Ghent","Brussels","Brussels","Brussels","Markegem","Desselgem","Gijzelbrechtegem","Tiegem","Bertem","Waarmaarde","Moen","Zottegem","Halle","Mechelen","Leuven","Ypres","Ypres"]}]},"context":{"page_title":null,"page_url":null,"page_entity_id":null,"content_hierarchy":[]},"links":[[[{"start":0,"end":30,"url":null,"entity_id":"Q49594727","candidates":[]}],[{"start":0,"end":27,"url":null,"entity_id":"Q49587752","candidates":[]}],[{"start":0,"end":5,"url":null,"entity_id":"Q1296","candidates":[]}]],[[{"start":0,"end":26,"url":null,"entity_id":"Q49594713","candidates":[]}],[{"start":0,"end":27,"url":null,"entity_id":"Q49587752","candidates":[]}],[{"start":0,"end":5,"url":null,"entity_id":"Q1296","candidates":[]}]],[[{"start":0,"end":38,"url":null,"entity_id":"Q49594650","candidates":[]}],[{"start":0,"end":27,"url":null,"entity_id":"Q49587752","candidates":[]}],[{"start":0,"end":5,"url":null,"entity_id":"Q1296","candidates":[]}]],[[{"start":0,"end":26,"url":null,"entity_id":"Q48526684","candidates":[]}],[{"start":0,"end":25,"url":null,"entity_id":"Q2239808","candidates":[]}],[{"start":0,"end":5,"url":null,"entity_id":"Q1296","candidates":[]}]],[[{"start":0,"end":40,"url":null,"entity_id":"Q49425869","candidates":[]}],[{"start":0,"end":34,"url":null,"entity_id":"Q41775908","candidates":[]}],[{"start":0,"end":8,"url":null,"entity_id":"Q239","candidates":[]}]],[[{"start":0,"end":45,"url":null,"entity_id":"Q49425580","candidates":[]}],[{"start":0,"end":34,"url":null,"entity_id":"Q41775908","candidates":[]}],[{"start":0,"end":8,"url":null,"entity_id":"Q239","candidates":[]}]],[[{"start":0,"end":30,"url":null,"entity_id":"Q49414274","candidates":[]}],[{"start":0,"end":34,"url":null,"entity_id":"Q41775908","candidates":[]}],[{"start":0,"end":8,"url":null,"entity_id":"Q239","candidates":[]}]],[[{"start":0,"end":31,"url":null,"entity_id":"Q49777764","candidates":[]}],[{"start":0,"end":26,"url":null,"entity_id":"Q2383910","candidates":[]}],[{"start":0,"end":8,"url":null,"entity_id":"Q2535447","candidates":[]}]],[[{"start":0,"end":32,"url":null,"entity_id":"Q49777664","candidates":[]}],[{"start":0,"end":26,"url":null,"entity_id":"Q2383910","candidates":[]}],[{"start":0,"end":9,"url":null,"entity_id":"Q2090721","candidates":[]}]],[[{"start":0,"end":39,"url":null,"entity_id":"Q49777502","candidates":[]}],[{"start":0,"end":26,"url":null,"entity_id":"Q2383910","candidates":[]}],[{"start":0,"end":16,"url":null,"entity_id":"Q1021457","candidates":[]}]],[[{"start":0,"end":29,"url":null,"entity_id":"Q49777488","candidates":[]}],[{"start":0,"end":26,"url":null,"entity_id":"Q2383910","candidates":[]}],[{"start":0,"end":6,"url":null,"entity_id":"Q1012354","candidates":[]}]],[[{"start":0,"end":21,"url":null,"entity_id":"Q49986715","candidates":[]}],[{"start":0,"end":24,"url":null,"entity_id":"Q2132453","candidates":[]}],[{"start":0,"end":6,"url":null,"entity_id":"Q827665","candidates":[]}]],[[{"start":0,"end":33,"url":null,"entity_id":"Q49777953","candidates":[]}],[{"start":0,"end":26,"url":null,"entity_id":"Q2383910","candidates":[]}],[{"start":0,"end":10,"url":null,"entity_id":"Q705034","candidates":[]}]],[[{"start":0,"end":27,"url":null,"entity_id":"Q49777869","candidates":[]}],[{"start":0,"end":26,"url":null,"entity_id":"Q2383910","candidates":[]}],[{"start":0,"end":4,"url":null,"entity_id":"Q377429","candidates":[]}]],[[{"start":0,"end":42,"url":null,"entity_id":"Q49996419","candidates":[]}],[{"start":0,"end":37,"url":null,"entity_id":"Q41793060","candidates":[]}],[{"start":0,"end":8,"url":null,"entity_id":"Q226941","candidates":[]}]],[[{"start":0,"end":33,"url":null,"entity_id":"Q49986360","candidates":[]}],[{"start":0,"end":24,"url":null,"entity_id":"Q2132453","candidates":[]}],[{"start":0,"end":5,"url":null,"entity_id":"Q210003","candidates":[]}]],[[{"start":0,"end":44,"url":null,"entity_id":"Q49768246","candidates":[]}],[{"start":0,"end":25,"url":null,"entity_id":"Q41793678","candidates":[]}],[{"start":0,"end":8,"url":null,"entity_id":"Q162022","candidates":[]}]],[[{"start":0,"end":38,"url":null,"entity_id":"Q49986266","candidates":[]}],[{"start":0,"end":24,"url":null,"entity_id":"Q2132453","candidates":[]}],[{"start":0,"end":6,"url":null,"entity_id":"Q118958","candidates":[]}]],[[{"start":0,"end":41,"url":null,"entity_id":"Q50411797","candidates":[]}],[{"start":0,"end":22,"url":null,"entity_id":"Q18511732","candidates":[]}],[{"start":0,"end":5,"url":null,"entity_id":"Q102728","candidates":[]}]],[[{"start":0,"end":34,"url":null,"entity_id":"Q50411792","candidates":[]}],[{"start":0,"end":22,"url":null,"entity_id":"Q18511732","candidates":[]}],[{"start":0,"end":5,"url":null,"entity_id":"Q102728","candidates":[]}]]]}