{"version":"1.2","table":{"version":"2","table_id":"BAUXQNFM","columns":[{"index":0,"name":"col0","values":["Roman Catholic!Diocese of La Paz en la Baja California Sur","Apostolic Prefecture of the Falkland Islaods","Apostolic Prefecture of Yixicn","Apostolid Prefectwre of Xinxiang","Apostrlic Prefecture of Xining","Apostolic Prefecture oi the Western Sahara","Apostolc Prefecture of Xiangtan","Apostolic Prefectwre of Ulaanbaatar","Apostolic refecture of Tunxi","Apostolic Prefecture of Tong{hou","Apostolkc Prefecture of!Shiqbn","Apqstolic Prefecture of Shashi","Apostolic Pefecture of Shaowu","Apostolic prefgcture of Robe","Roman Catholic Apostolic Prefecture of the Marshalo Islands","Apostolic Prefedture of Lixian","Apostolic Prefecturh of Lingling","Apostolic refecture of Kompong Cham","Apostolic Prefecturf of Xinjiang","Appstolic Prefecture of Jian'ou"]},{"index":1,"name":"col1","values":["73161.261","12282.556999999999","7892.1","10009.999999999998","730382.5939999999","250500.0","21441.675","1571940.5999999999","12107.999999999998","17034.0","39680.0","9655.6","7951.928999999999","115988.558","181.0","15336.8","39640.0","65816.224","16881.0","16947.091"]},{"index":2,"name":"col2","values":["592020.0","3000.0","808000.0","1188000.0","999000.0","397600.0","3988000.0","3043349.604","1006000.0","1367260.0","2970000.0","2013999.9999999998","298800.0","2742987.024","56856.799999999996","2020000.0","3396600.0","4170600.0","1988000.0","703079.352"]}]},"context":{"page_title":null,"page_url":null,"page_entity_id":null,"content_hierarchy":[]},"links":[[[{"start":0,"end":44,"url":null,"entity_id":"Q662617","candidates":[]}],[],[]],[[{"start":0,"end":30,"url":null,"entity_id":"Q620139","candidates":[]}],[],[]],[[{"start":0,"end":32,"url":null,"entity_id":"Q620136","candidates":[]}],[],[]],[[{"start":0,"end":30,"url":null,"entity_id":"Q620134","candidates":[]}],[],[]],[[{"start":0,"end":42,"url":null,"entity_id":"Q620133","candidates":[]}],[],[]],[[{"start":0,"end":31,"url":null,"entity_id":"Q620132","candidates":[]}],[],[]],[[{"start":0,"end":35,"url":null,"entity_id":"Q620130","candidates":[]}],[],[]],[[{"start":0,"end":28,"url":null,"entity_id":"Q620128","candidates":[]}],[],[]],[[{"start":0,"end":32,"url":null,"entity_id":"Q620127","candidates":[]}],[],[]],[[{"start":0,"end":30,"url":null,"entity_id":"Q620124","candidates":[]}],[],[]],[[{"start":0,"end":30,"url":null,"entity_id":"Q620122","candidates":[]}],[],[]],[[{"start":0,"end":29,"url":null,"entity_id":"Q620119","candidates":[]}],[],[]],[[{"start":0,"end":28,"url":null,"entity_id":"Q620115","candidates":[]}],[],[]],[[{"start":0,"end":59,"url":null,"entity_id":"Q620108","candidates":[]}],[],[]],[[{"start":0,"end":30,"url":null,"entity_id":"Q620102","candidates":[]}],[],[]],[[{"start":0,"end":32,"url":null,"entity_id":"Q620097","candidates":[]}],[],[]],[[{"start":0,"end":35,"url":null,"entity_id":"Q620093","candidates":[]}],[],[]],[[{"start":0,"end":32,"url":null,"entity_id":"Q620091","candidates":[]}],[],[]],[[{"start":0,"end":31,"url":null,"entity_id":"Q620086","candidates":[]}],[],[]],[[{"start":0,"end":58,"url":null,"entity_id":"Q870883","candidates":[]}],[],[]]]}