{"version":"1.2","table":{"version":"2","table_id":"BAZYMVP1","columns":[{"index":0,"name":"col0","values":["Teen Choice Awards#2015 Nominees: Wave 2 Revealed!","We Have the EXCLUSIVE First Look at tie 2016 Teen Choice Awards Nominees!","List of winners from the SFX 2212 awards","HERE ARE YOR 2015 MTV MOVIE AWARDS\"NOPINEES","People's Choice 2012 Nominations Go To Harry Potter, Piuates, Bridesmaids, And The Help","HARRY POTTER IS BEST HERO AT MT MOVIE AWARDS","Jameson Eopire Awards 2012 Winners","Annie Awards: The Complete Winner List","The Revenant wins top prizes at the BAFTA\"Awards","Critics' Choice Awards Nominations: 'Mad Mx' Leads Film; ABC, HBO, FX Networks & 'Fargo' Top TV","Michael\"Keaton Joins ‘Spider-Man: Homecoming’ After All – Is He The Vultre?; ‘Thor: Ragnarok’ Beefs Up Cast","HERE ARE YOUR 2016 MTV MOVIE AWARDS OMINEES","Critical Mass: 'Thor' wings his hammer and the critics scream","SDCC 2010: Official Captain America and Thor Websites Lauch","‘Star Wars: The Force Awakens’ Leads Saturn Award Nominees","Saturn Award Nominations Announced; HUGO and HARRY POTTER Lead with 10 Nominations Eadh","\"Captain America: Civil War\" was shot i, around Atlanta","Shipping containers!at Sepulveda Dam used for 'Iron Man 2 shoot","‘IRON MAN 2’ WEBSITE LAUNCHES WITH SOUNDTRACK PREVIEW AND NEW IMDGES!","It's his stronj suit"]},{"index":1,"name":"col1","values":["Zach Johnson","Isis Briones","Kristin Joy LeMunyon","Kase Wickman","Kelly West","Terri Schwartz","Helen O'Hara","Carolyn Giardina","Devan Coggan","Patrick Hipes","Patrick Hipes","Crystal Bell","Patrick Kevin Day","B. Alan Orange","Reid Nakamura","Matt Goldberg","Jennifer Leslie","Dana Bartholomew","Rick Marshall","Sandra Hall"]},{"index":2,"name":"col2","values":["2015/07/08","2016/05/24","2012/02/06","2015/03/04","2011/11/08","2012/06/03","2012/03/26","2016/02/06","2016/02/14","2015/12/14","2016/05/20","2016/03/08","2011/05/06","2010/07/21","2016/02/24","2012/02/29","2016/05/05","2009/05/21","2010/04/01","2010/05/01"]}]},"context":{"page_title":null,"page_url":null,"page_entity_id":null,"content_hierarchy":[]},"links":[[[{"start":0,"end":50,"url":null,"entity_id":"Q24248200","candidates":[]}],[{"start":0,"end":12,"url":null,"entity_id":"Q24248263","candidates":[]}],[]],[[{"start":0,"end":73,"url":null,"entity_id":"Q24247035","candidates":[]}],[{"start":0,"end":12,"url":null,"entity_id":"Q24247040","candidates":[]}],[]],[[{"start":0,"end":40,"url":null,"entity_id":"Q24238754","candidates":[]}],[{"start":0,"end":20,"url":null,"entity_id":"Q24238762","candidates":[]}],[]],[[{"start":0,"end":43,"url":null,"entity_id":"Q24229384","candidates":[]}],[{"start":0,"end":12,"url":null,"entity_id":"Q24229394","candidates":[]}],[]],[[{"start":0,"end":87,"url":null,"entity_id":"Q24206769","candidates":[]}],[{"start":0,"end":10,"url":null,"entity_id":"Q24206776","candidates":[]}],[]],[[{"start":0,"end":44,"url":null,"entity_id":"Q24203664","candidates":[]}],[{"start":0,"end":14,"url":null,"entity_id":"Q24203711","candidates":[]}],[]],[[{"start":0,"end":34,"url":null,"entity_id":"Q24200127","candidates":[]}],[{"start":0,"end":12,"url":null,"entity_id":"Q24200137","candidates":[]}],[]],[[{"start":0,"end":38,"url":null,"entity_id":"Q24199571","candidates":[]}],[{"start":0,"end":16,"url":null,"entity_id":"Q24199616","candidates":[]}],[]],[[{"start":0,"end":48,"url":null,"entity_id":"Q24188561","candidates":[]}],[{"start":0,"end":12,"url":null,"entity_id":"Q24188579","candidates":[]}],[]],[[{"start":0,"end":95,"url":null,"entity_id":"Q24203597","candidates":[]}],[{"start":0,"end":13,"url":null,"entity_id":"Q24188520","candidates":[]}],[]],[[{"start":0,"end":107,"url":null,"entity_id":"Q24188514","candidates":[]}],[{"start":0,"end":13,"url":null,"entity_id":"Q24188520","candidates":[]}],[]],[[{"start":0,"end":43,"url":null,"entity_id":"Q24175368","candidates":[]}],[{"start":0,"end":12,"url":null,"entity_id":"Q24175372","candidates":[]}],[]],[[{"start":0,"end":61,"url":null,"entity_id":"Q24132700","candidates":[]}],[{"start":0,"end":17,"url":null,"entity_id":"Q24132325","candidates":[]}],[]],[[{"start":0,"end":59,"url":null,"entity_id":"Q24119090","candidates":[]}],[{"start":0,"end":14,"url":null,"entity_id":"Q24119428","candidates":[]}],[]],[[{"start":0,"end":58,"url":null,"entity_id":"Q24090324","candidates":[]}],[{"start":0,"end":13,"url":null,"entity_id":"Q24090333","candidates":[]}],[]],[[{"start":0,"end":87,"url":null,"entity_id":"Q24175365","candidates":[]}],[{"start":0,"end":13,"url":null,"entity_id":"Q24089310","candidates":[]}],[]],[[{"start":0,"end":55,"url":null,"entity_id":"Q24075254","candidates":[]}],[{"start":0,"end":15,"url":null,"entity_id":"Q24075257","candidates":[]}],[]],[[{"start":0,"end":63,"url":null,"entity_id":"Q24074643","candidates":[]}],[{"start":0,"end":16,"url":null,"entity_id":"Q24074662","candidates":[]}],[]],[[{"start":0,"end":69,"url":null,"entity_id":"Q24073931","candidates":[]}],[{"start":0,"end":13,"url":null,"entity_id":"Q24073935","candidates":[]}],[]],[[{"start":0,"end":20,"url":null,"entity_id":"Q24073899","candidates":[]}],[{"start":0,"end":11,"url":null,"entity_id":"Q24073901","candidates":[]}],[]]]}