{"version":"1.2","table":{"version":"2","table_id":"BC7FD49Q","columns":[{"index":0,"name":"col0","values":["Kurbegova#Jama","Barizlqva Jama","Marijina Jam","Mamenita Rupa","Cgtkova Jama","Zlorba","Sliplca","Macokdnova Jama","Gltina Jama","uljovica","Pribosoxa Jama","Duboa Jaa","Popova Kla","Vrnjska Jama","Crna Kamhnica","Gusarska Jaa","Benekova Jam","Dvoguba Jaa","Gajova Jbma","Svanin"]},{"index":1,"name":"col1","values":["1149.56","979.844","1285.12","703.103","1536.828","141.70499999999998","965.805","906.184","1054.368","265.056","268.602","386.064","1393.404","827.8269999999999","615.09","772.2","347.07","313.93899999999996","996.99","581.616"]},{"index":2,"name":"col2","values":["Bosnia and Herzegovina","Bosnia and Herzegovina","Bosnia and Herzegovina","Bosnia and Herzegovina","Bosnia and Herzegovina","Bosnia and Herzegovina","Bosnia and Herzegovina","Bosnia and Herzegovina","Bosnia and Herzegovina","Bosnia and Herzegovina","Bosnia and Herzegovina","Bosnia and Herzegovina","Bosnia and Herzegovina","Bosnia and Herzegovina","Bosnia and Herzegovina","Bosnia and Herzegovina","Bosnia and Herzegovina","Bosnia and Herzegovina","Bosnia and Herzegovina","Bosnia and Herzegovina"]}]},"context":{"page_title":null,"page_url":null,"page_entity_id":null,"content_hierarchy":[]},"links":[[[{"start":0,"end":14,"url":null,"entity_id":"Q21737364","candidates":[]}],[],[{"start":0,"end":22,"url":null,"entity_id":"Q225","candidates":[]}]],[[{"start":0,"end":14,"url":null,"entity_id":"Q21737187","candidates":[]}],[],[{"start":0,"end":22,"url":null,"entity_id":"Q225","candidates":[]}]],[[{"start":0,"end":12,"url":null,"entity_id":"Q21737080","candidates":[]}],[],[{"start":0,"end":22,"url":null,"entity_id":"Q225","candidates":[]}]],[[{"start":0,"end":13,"url":null,"entity_id":"Q21736977","candidates":[]}],[],[{"start":0,"end":22,"url":null,"entity_id":"Q225","candidates":[]}]],[[{"start":0,"end":12,"url":null,"entity_id":"Q21736802","candidates":[]}],[],[{"start":0,"end":22,"url":null,"entity_id":"Q225","candidates":[]}]],[[{"start":0,"end":6,"url":null,"entity_id":"Q21736212","candidates":[]}],[],[{"start":0,"end":22,"url":null,"entity_id":"Q225","candidates":[]}]],[[{"start":0,"end":7,"url":null,"entity_id":"Q21736101","candidates":[]}],[],[{"start":0,"end":22,"url":null,"entity_id":"Q225","candidates":[]}]],[[{"start":0,"end":15,"url":null,"entity_id":"Q21736035","candidates":[]}],[],[{"start":0,"end":22,"url":null,"entity_id":"Q225","candidates":[]}]],[[{"start":0,"end":11,"url":null,"entity_id":"Q21735993","candidates":[]}],[],[{"start":0,"end":22,"url":null,"entity_id":"Q225","candidates":[]}]],[[{"start":0,"end":8,"url":null,"entity_id":"Q21734236","candidates":[]}],[],[{"start":0,"end":22,"url":null,"entity_id":"Q225","candidates":[]}]],[[{"start":0,"end":14,"url":null,"entity_id":"Q21734179","candidates":[]}],[],[{"start":0,"end":22,"url":null,"entity_id":"Q225","candidates":[]}]],[[{"start":0,"end":9,"url":null,"entity_id":"Q21733597","candidates":[]}],[],[{"start":0,"end":22,"url":null,"entity_id":"Q225","candidates":[]}]],[[{"start":0,"end":10,"url":null,"entity_id":"Q21733513","candidates":[]}],[],[{"start":0,"end":22,"url":null,"entity_id":"Q225","candidates":[]}]],[[{"start":0,"end":12,"url":null,"entity_id":"Q21732507","candidates":[]}],[],[{"start":0,"end":22,"url":null,"entity_id":"Q225","candidates":[]}]],[[{"start":0,"end":13,"url":null,"entity_id":"Q21732270","candidates":[]}],[],[{"start":0,"end":22,"url":null,"entity_id":"Q225","candidates":[]}]],[[{"start":0,"end":12,"url":null,"entity_id":"Q21730439","candidates":[]}],[],[{"start":0,"end":22,"url":null,"entity_id":"Q225","candidates":[]}]],[[{"start":0,"end":12,"url":null,"entity_id":"Q21730253","candidates":[]}],[],[{"start":0,"end":22,"url":null,"entity_id":"Q225","candidates":[]}]],[[{"start":0,"end":11,"url":null,"entity_id":"Q21730249","candidates":[]}],[],[{"start":0,"end":22,"url":null,"entity_id":"Q225","candidates":[]}]],[[{"start":0,"end":11,"url":null,"entity_id":"Q21729990","candidates":[]}],[],[{"start":0,"end":22,"url":null,"entity_id":"Q225","candidates":[]}]],[[{"start":0,"end":6,"url":null,"entity_id":"Q21728437","candidates":[]}],[],[{"start":0,"end":22,"url":null,"entity_id":"Q225","candidates":[]}]]]}