{"version":"1.2","table":{"version":"2","table_id":"BCG8LPVN","columns":[{"index":0,"name":"col0","values":["boulevard des Capucines","boulevard de Sébastopol","boulevard Haussmann","boulevard d'Algérie","boulevard Vincent-Auriol","boulevard Thierry-de-Martel","boulevard Sérurier","boulevard Victor","boulevard de Magenta","boulevard de Charonne","boulevard de Douaumont","boulevard de Courcelles","boulevard de Dixmude","boulevard de Grenelle","boulevard de Clichy","boulevard de Montmorency","boulevard de Ménilmontant","boulevard Saint-Denis","boulevard de La Tour-Maubourg","boulevard des Invalides"]},{"index":1,"name":"col1","values":["9th arrondissement of Paris","1st arrondissement of Paris","Chaussée-d'Antin","19th arrondissement of Paris","13th arrondissement of Paris","16th arrondissement of Paris","19th arrondissement of Paris","15th arrondissement of Paris","Saint-Vincent-de-Paul","11th arrondissement of Paris","17th arrondissement of Paris","Faubourg-du-Roule","17th arrondissement of Paris","15th arrondissement of Paris","18th arrondissement of Paris","Auteuil","11th arrondissement of Paris","10th arrondissement of Paris","École-Militaire","7th arrondissement of Paris"]},{"index":2,"name":"col2","values":["boulevard des Italiens","rue Aubry-le-Boucher","place Saint-Augustin","avenue de la Porte-Brunet","place d'Italie","boulevard de l'Amiral-Bruix","boulevard d'Algérie","boulevard Lefebvre","place de la République","rue de Montreuil","avenue de la Porte-de-Clichy","avenue de Villiers","avenue de Salonique","rue Humblot","Rue des Martyrs","avenue des Sycomores","rue Oberkampf","passage du Prado","quai d'Orsay","rue Duroc"]}]},"context":{"page_title":null,"page_url":null,"page_entity_id":null,"content_hierarchy":[]},"links":[[[{"start":0,"end":23,"url":null,"entity_id":"Q590441","candidates":[]}],[{"start":0,"end":27,"url":null,"entity_id":"Q275118","candidates":[]}],[{"start":0,"end":22,"url":null,"entity_id":"Q895082","candidates":[]}]],[[{"start":0,"end":23,"url":null,"entity_id":"Q895080","candidates":[]}],[{"start":0,"end":27,"url":null,"entity_id":"Q161741","candidates":[]}],[{"start":0,"end":20,"url":null,"entity_id":"Q3447007","candidates":[]}]],[[{"start":0,"end":19,"url":null,"entity_id":"Q895076","candidates":[]}],[{"start":0,"end":16,"url":null,"entity_id":"Q3413189","candidates":[]}],[{"start":0,"end":20,"url":null,"entity_id":"Q3390076","candidates":[]}]],[[{"start":0,"end":19,"url":null,"entity_id":"Q2921961","candidates":[]}],[{"start":0,"end":28,"url":null,"entity_id":"Q204622","candidates":[]}],[{"start":0,"end":25,"url":null,"entity_id":"Q2874007","candidates":[]}]],[[{"start":0,"end":24,"url":null,"entity_id":"Q2921959","candidates":[]}],[{"start":0,"end":28,"url":null,"entity_id":"Q175129","candidates":[]}],[{"start":0,"end":14,"url":null,"entity_id":"Q1966521","candidates":[]}]],[[{"start":0,"end":27,"url":null,"entity_id":"Q2921946","candidates":[]}],[{"start":0,"end":28,"url":null,"entity_id":"Q194420","candidates":[]}],[{"start":0,"end":27,"url":null,"entity_id":"Q2922019","candidates":[]}]],[[{"start":0,"end":18,"url":null,"entity_id":"Q2921942","candidates":[]}],[{"start":0,"end":28,"url":null,"entity_id":"Q204622","candidates":[]}],[{"start":0,"end":19,"url":null,"entity_id":"Q2921961","candidates":[]}]],[[{"start":0,"end":16,"url":null,"entity_id":"Q2921958","candidates":[]}],[{"start":0,"end":28,"url":null,"entity_id":"Q191066","candidates":[]}],[{"start":0,"end":18,"url":null,"entity_id":"Q934198","candidates":[]}]],[[{"start":0,"end":20,"url":null,"entity_id":"Q895077","candidates":[]}],[{"start":0,"end":21,"url":null,"entity_id":"Q3413132","candidates":[]}],[{"start":0,"end":22,"url":null,"entity_id":"Q175055","candidates":[]}]],[[{"start":0,"end":21,"url":null,"entity_id":"Q2921973","candidates":[]}],[{"start":0,"end":28,"url":null,"entity_id":"Q169293","candidates":[]}],[{"start":0,"end":16,"url":null,"entity_id":"Q3450905","candidates":[]}]],[[{"start":0,"end":22,"url":null,"entity_id":"Q2921977","candidates":[]}],[{"start":0,"end":28,"url":null,"entity_id":"Q197297","candidates":[]}],[{"start":0,"end":28,"url":null,"entity_id":"Q2874026","candidates":[]}]],[[{"start":0,"end":23,"url":null,"entity_id":"Q2921974","candidates":[]}],[{"start":0,"end":17,"url":null,"entity_id":"Q2720548","candidates":[]}],[{"start":0,"end":18,"url":null,"entity_id":"Q2873967","candidates":[]}]],[[{"start":0,"end":20,"url":null,"entity_id":"Q2921976","candidates":[]}],[{"start":0,"end":28,"url":null,"entity_id":"Q197297","candidates":[]}],[{"start":0,"end":19,"url":null,"entity_id":"Q2873945","candidates":[]}]],[[{"start":0,"end":21,"url":null,"entity_id":"Q2921979","candidates":[]}],[{"start":0,"end":28,"url":null,"entity_id":"Q191066","candidates":[]}],[{"start":0,"end":11,"url":null,"entity_id":"Q2411246","candidates":[]}]],[[{"start":0,"end":19,"url":null,"entity_id":"Q2921981","candidates":[]}],[{"start":0,"end":28,"url":null,"entity_id":"Q200126","candidates":[]}],[{"start":0,"end":15,"url":null,"entity_id":"Q479113","candidates":[]}]],[[{"start":0,"end":24,"url":null,"entity_id":"Q2921988","candidates":[]}],[{"start":0,"end":7,"url":null,"entity_id":"Q784536","candidates":[]}],[{"start":0,"end":20,"url":null,"entity_id":"Q2389067","candidates":[]}]],[[{"start":0,"end":25,"url":null,"entity_id":"Q2921989","candidates":[]}],[{"start":0,"end":28,"url":null,"entity_id":"Q169293","candidates":[]}],[{"start":0,"end":13,"url":null,"entity_id":"Q2373366","candidates":[]}]],[[{"start":0,"end":21,"url":null,"entity_id":"Q2404571","candidates":[]}],[{"start":0,"end":28,"url":null,"entity_id":"Q163948","candidates":[]}],[{"start":0,"end":16,"url":null,"entity_id":"Q2055794","candidates":[]}]],[[{"start":0,"end":29,"url":null,"entity_id":"Q2921982","candidates":[]}],[{"start":0,"end":15,"url":null,"entity_id":"Q3413187","candidates":[]}],[{"start":0,"end":12,"url":null,"entity_id":"Q1146988","candidates":[]}]],[[{"start":0,"end":23,"url":null,"entity_id":"Q2581778","candidates":[]}],[{"start":0,"end":27,"url":null,"entity_id":"Q259463","candidates":[]}],[{"start":0,"end":9,"url":null,"entity_id":"Q2399700","candidates":[]}]]]}