{"version":"1.2","table":{"version":"2","table_id":"BCZQ823C","columns":[{"index":0,"name":"col0","values":["Zăbrceni","Zgărdeti","Zaim","Vărvărguca","Vqzneseni","Vaduo-Rașcov","Ucraica","Wănătarii Noi","Tomaiul Nru","Tighefi","Sărățjca#Nouă","Sătata-Galbenă","Săraa Veche","Sîngereii oi","Suiuluceni","Seviova","Vcumpia","Sadîc","Tăscăeți","Rusetii Noi"]},{"index":1,"name":"col1","values":["2164.176","726.7259999999999","4302.405","2882.88","1193.1919999999998","1803.386","1546.528","629.64","749.9879999999999","2306.8999999999996","938.74","4797.89","4337.658","5173.22","1626.57","1184.649","3275.43","2018.769","3129.5699999999997","5492.592"]},{"index":2,"name":"col2","values":["207.9","73.778","35.64","118.35399999999998","68.272","54.835","60.695","44.044","130.26","87.43499999999999","83.916","96.09599999999999","77.844","164.304","76.538","88.70400000000001","88.88","74.925","65.868","97.0"]}]},"context":{"page_title":null,"page_url":null,"page_entity_id":null,"content_hierarchy":[]},"links":[[[{"start":0,"end":8,"url":null,"entity_id":"Q20858895","candidates":[]}],[],[]],[[{"start":0,"end":4,"url":null,"entity_id":"Q20858894","candidates":[]}],[],[]],[[{"start":0,"end":10,"url":null,"entity_id":"Q20858887","candidates":[]}],[],[]],[[{"start":0,"end":9,"url":null,"entity_id":"Q20858885","candidates":[]}],[],[]],[[{"start":0,"end":12,"url":null,"entity_id":"Q20858875","candidates":[]}],[],[]],[[{"start":0,"end":7,"url":null,"entity_id":"Q20858872","candidates":[]}],[],[]],[[{"start":0,"end":13,"url":null,"entity_id":"Q20858868","candidates":[]}],[],[]],[[{"start":0,"end":11,"url":null,"entity_id":"Q20858861","candidates":[]}],[],[]],[[{"start":0,"end":7,"url":null,"entity_id":"Q20858857","candidates":[]}],[],[]],[[{"start":0,"end":13,"url":null,"entity_id":"Q20858851","candidates":[]}],[],[]],[[{"start":0,"end":14,"url":null,"entity_id":"Q20858848","candidates":[]}],[],[]],[[{"start":0,"end":11,"url":null,"entity_id":"Q20858847","candidates":[]}],[],[]],[[{"start":0,"end":12,"url":null,"entity_id":"Q20858844","candidates":[]}],[],[]],[[{"start":0,"end":10,"url":null,"entity_id":"Q20858842","candidates":[]}],[],[]],[[{"start":0,"end":7,"url":null,"entity_id":"Q20858832","candidates":[]}],[],[]],[[{"start":0,"end":7,"url":null,"entity_id":"Q20858828","candidates":[]}],[],[]],[[{"start":0,"end":5,"url":null,"entity_id":"Q20858821","candidates":[]}],[],[]],[[{"start":0,"end":8,"url":null,"entity_id":"Q20858818","candidates":[]}],[],[]],[[{"start":0,"end":11,"url":null,"entity_id":"Q20858813","candidates":[]}],[],[]],[[{"start":0,"end":8,"url":null,"entity_id":"Q20858898","candidates":[]}],[],[]]]}