{"version":"1.2","table":{"version":"2","table_id":"BFALXAPI","columns":[{"index":0,"name":"col0","values":["Jison-in","Seiganto-ji","Saihō-ji","Tenryū-ji","Xingjiao Temple","Kongōbu-ji","Kimpusen-ji","Gangō-ji","Kinkaku-ji","Ryōan-ji","Ginkaku-ji","Kiyomizu-dera","Byōdō-in","Tōdai-ji","Mōtsū-ji","Enryaku-ji","Nishi Hongan-ji","Tōshōdai-ji","Yakushi-ji","Kōzan-ji"]},{"index":1,"name":"col1","values":["Kōyasan Shingon-shū","Tendai","Rinzai school","Rinzai school","Buddhism","Kōyasan Shingon-shū","Shugendō","Shingon Risshu","Rinzai school","Rinzai school","Rinzai school","East Asian Yogācāra","Buddhism","Huayan school","Tendai","Tendai","Honganji-ha","Risshū","East Asian Yogācāra","Buddhism"]},{"index":2,"name":"col2","values":["0.04","0.2","1.7","3","2.08","61.4","0.9","0.8","9.3","3.9","5.7","12.3","2","68.9","22.7","497.7","6.1","9.1","5.1","15.7"]},{"index":3,"name":"col3","values":["Kudoyama","Nachikatsuura","Nishikyō-ku","Ukyō-ku","Xi'an","Kōya","Yoshino","Nara","Kita-ku","Kyoto","Sakyō-ku","Higashiyama-ku","Uji","Nara","Hiraizumi","Sakamotohonmachi","Shimogyō-ku","Nara","Nara","Kyoto"]},{"index":4,"name":"col4","values":["part of World Heritage Site","part of World Heritage Site","part of World Heritage Site","part of World Heritage Site","National Key Buddhist Temples in Han Chinese Area","National Treasure","National Treasure","National Treasure","part of World Heritage Site","part of World Heritage Site","National Treasure","National Treasure","National Treasure","National Treasure","special historic site","National Treasure","National Treasure","National Treasure","National Treasure","National Treasure"]}]},"context":{"page_title":null,"page_url":null,"page_entity_id":null,"content_hierarchy":[]},"links":[[[{"start":0,"end":8,"url":null,"entity_id":"Q3179279","candidates":[]}],[{"start":0,"end":19,"url":null,"entity_id":"Q3077357","candidates":[]}],[],[{"start":0,"end":8,"url":null,"entity_id":"Q1354976","candidates":[]}],[{"start":0,"end":27,"url":null,"entity_id":"Q43113623","candidates":[]}]],[[{"start":0,"end":11,"url":null,"entity_id":"Q1476235","candidates":[]}],[{"start":0,"end":6,"url":null,"entity_id":"Q855964","candidates":[]}],[],[{"start":0,"end":13,"url":null,"entity_id":"Q1346730","candidates":[]}],[{"start":0,"end":27,"url":null,"entity_id":"Q43113623","candidates":[]}]],[[{"start":0,"end":8,"url":null,"entity_id":"Q1516753","candidates":[]}],[{"start":0,"end":13,"url":null,"entity_id":"Q639625","candidates":[]}],[],[{"start":0,"end":11,"url":null,"entity_id":"Q1154588","candidates":[]}],[{"start":0,"end":27,"url":null,"entity_id":"Q43113623","candidates":[]}]],[[{"start":0,"end":9,"url":null,"entity_id":"Q1759226","candidates":[]}],[{"start":0,"end":13,"url":null,"entity_id":"Q639625","candidates":[]}],[],[{"start":0,"end":7,"url":null,"entity_id":"Q580186","candidates":[]}],[{"start":0,"end":27,"url":null,"entity_id":"Q43113623","candidates":[]}]],[[{"start":0,"end":15,"url":null,"entity_id":"Q1538662","candidates":[]}],[{"start":0,"end":8,"url":null,"entity_id":"Q748","candidates":[]}],[],[{"start":0,"end":5,"url":null,"entity_id":"Q5826","candidates":[]}],[{"start":0,"end":49,"url":null,"entity_id":"Q1739174","candidates":[]}]],[[{"start":0,"end":10,"url":null,"entity_id":"Q1203429","candidates":[]}],[{"start":0,"end":19,"url":null,"entity_id":"Q3077357","candidates":[]}],[],[{"start":0,"end":4,"url":null,"entity_id":"Q1346907","candidates":[]}],[{"start":0,"end":17,"url":null,"entity_id":"Q1139795","candidates":[]}]],[[{"start":0,"end":11,"url":null,"entity_id":"Q1741668","candidates":[]}],[{"start":0,"end":8,"url":null,"entity_id":"Q1483875","candidates":[]}],[],[{"start":0,"end":7,"url":null,"entity_id":"Q1203731","candidates":[]}],[{"start":0,"end":17,"url":null,"entity_id":"Q1139795","candidates":[]}]],[[{"start":0,"end":8,"url":null,"entity_id":"Q1203099","candidates":[]}],[{"start":0,"end":14,"url":null,"entity_id":"Q580527","candidates":[]}],[],[{"start":0,"end":4,"url":null,"entity_id":"Q169134","candidates":[]}],[{"start":0,"end":17,"url":null,"entity_id":"Q1139795","candidates":[]}]],[[{"start":0,"end":10,"url":null,"entity_id":"Q270983","candidates":[]}],[{"start":0,"end":13,"url":null,"entity_id":"Q639625","candidates":[]}],[],[{"start":0,"end":7,"url":null,"entity_id":"Q1154970","candidates":[]}],[{"start":0,"end":27,"url":null,"entity_id":"Q43113623","candidates":[]}]],[[{"start":0,"end":8,"url":null,"entity_id":"Q587371","candidates":[]}],[{"start":0,"end":13,"url":null,"entity_id":"Q639625","candidates":[]}],[],[{"start":0,"end":5,"url":null,"entity_id":"Q34600","candidates":[]}],[{"start":0,"end":27,"url":null,"entity_id":"Q43113623","candidates":[]}]],[[{"start":0,"end":10,"url":null,"entity_id":"Q257473","candidates":[]}],[{"start":0,"end":13,"url":null,"entity_id":"Q639625","candidates":[]}],[],[{"start":0,"end":8,"url":null,"entity_id":"Q1321832","candidates":[]}],[{"start":0,"end":17,"url":null,"entity_id":"Q1139795","candidates":[]}]],[[{"start":0,"end":13,"url":null,"entity_id":"Q221716","candidates":[]}],[{"start":0,"end":19,"url":null,"entity_id":"Q349849","candidates":[]}],[],[{"start":0,"end":14,"url":null,"entity_id":"Q1203862","candidates":[]}],[{"start":0,"end":17,"url":null,"entity_id":"Q1139795","candidates":[]}]],[[{"start":0,"end":8,"url":null,"entity_id":"Q61094","candidates":[]}],[{"start":0,"end":8,"url":null,"entity_id":"Q748","candidates":[]}],[],[{"start":0,"end":3,"url":null,"entity_id":"Q326956","candidates":[]}],[{"start":0,"end":17,"url":null,"entity_id":"Q1139795","candidates":[]}]],[[{"start":0,"end":8,"url":null,"entity_id":"Q460367","candidates":[]}],[{"start":0,"end":13,"url":null,"entity_id":"Q1198075","candidates":[]}],[],[{"start":0,"end":4,"url":null,"entity_id":"Q169134","candidates":[]}],[{"start":0,"end":17,"url":null,"entity_id":"Q1139795","candidates":[]}]],[[{"start":0,"end":8,"url":null,"entity_id":"Q975227","candidates":[]}],[{"start":0,"end":6,"url":null,"entity_id":"Q855964","candidates":[]}],[],[{"start":0,"end":9,"url":null,"entity_id":"Q1203004","candidates":[]}],[{"start":0,"end":21,"url":null,"entity_id":"Q26764449","candidates":[]}]],[[{"start":0,"end":10,"url":null,"entity_id":"Q917195","candidates":[]}],[{"start":0,"end":6,"url":null,"entity_id":"Q855964","candidates":[]}],[],[{"start":0,"end":16,"url":null,"entity_id":"Q11425304","candidates":[]}],[{"start":0,"end":17,"url":null,"entity_id":"Q1139795","candidates":[]}]],[[{"start":0,"end":15,"url":null,"entity_id":"Q1146038","candidates":[]}],[{"start":0,"end":11,"url":null,"entity_id":"Q10389102","candidates":[]}],[],[{"start":0,"end":11,"url":null,"entity_id":"Q1077022","candidates":[]}],[{"start":0,"end":17,"url":null,"entity_id":"Q1139795","candidates":[]}]],[[{"start":0,"end":11,"url":null,"entity_id":"Q973175","candidates":[]}],[{"start":0,"end":6,"url":null,"entity_id":"Q1351551","candidates":[]}],[],[{"start":0,"end":4,"url":null,"entity_id":"Q169134","candidates":[]}],[{"start":0,"end":17,"url":null,"entity_id":"Q1139795","candidates":[]}]],[[{"start":0,"end":10,"url":null,"entity_id":"Q945913","candidates":[]}],[{"start":0,"end":19,"url":null,"entity_id":"Q349849","candidates":[]}],[],[{"start":0,"end":4,"url":null,"entity_id":"Q169134","candidates":[]}],[{"start":0,"end":17,"url":null,"entity_id":"Q1139795","candidates":[]}]],[[{"start":0,"end":8,"url":null,"entity_id":"Q986750","candidates":[]}],[{"start":0,"end":8,"url":null,"entity_id":"Q748","candidates":[]}],[],[{"start":0,"end":5,"url":null,"entity_id":"Q34600","candidates":[]}],[{"start":0,"end":17,"url":null,"entity_id":"Q1139795","candidates":[]}]]]}