{"version":"1.2","table":{"version":"2","table_id":"BFI98CUX","columns":[{"index":0,"name":"col0","values":["Thh Big Bang","Pricess","Ice Age: Colnision Course","[ootoqia","Thg ouse of Magic","Trolms","Iide Out","Mia cnd the#Migoo","The Ireat Bear","Lucky ang Zorba","Ernhst & Celestine","Noving Vincent","The Qugen's Corgi","The AddamsFamily","White Faog","The Son ofBigfoot","Mary nd the Witch(s Flower","Ballerkna","D{rene i Hakkebakkeskoven","Gespicable Me 3"]},{"index":1,"name":"col1","values":["no age restriction (U)","no minors under twelve (12)","no age restriction (U)","no age restriction (U)","no age restriction (U)","no age restriction (U)","no age restriction (U)","no age restriction (U)","no age restriction (U)","no age restriction (U)","no age restriction (U)","no age restriction (U)","no age restriction (U)","no age restriction (U)","no age restriction (U)","no age restriction (U)","no age restriction (U)","no age restriction (U)","no age restriction (U)","no age restriction (U)"]},{"index":2,"name":"col2","values":["Prohibited for children under 16","For ages 15 and up","Suitable for a general audience, but not recommended for children under 7","Suitable for a general audience, but not recommended for children under 7","Suitable for a general audience, but not recommended for children under 7","Suitable for a general audience, but not recommended for children under 7","Suitable for a general audience, but not recommended for children under 7","Suitable for a general audience, but not recommended for children under 7","Suitable for a general audience, but not recommended for children under 7","Suitable for a general audience","Suitable for a general audience","For ages 11 and up","Suitable for a general audience, but not recommended for children under 7","Suitable for a general audience, but not recommended for children under 7","Suitable for a general audience, but not recommended for children under 7","Suitable for a general audience, but not recommended for children under 7","Suitable for a general audience, but not recommended for children under 7","Suitable for a general audience, but not recommended for children under 7","Suitable for a general audience","Suitable for a general audience"]}]},"context":{"page_title":null,"page_url":null,"page_entity_id":null,"content_hierarchy":[]},"links":[[[{"start":0,"end":12,"url":null,"entity_id":"Q3220439","candidates":[]}],[{"start":0,"end":22,"url":null,"entity_id":"Q23817729","candidates":[]}],[{"start":0,"end":32,"url":null,"entity_id":"Q80655145","candidates":[]}]],[[{"start":0,"end":7,"url":null,"entity_id":"Q3403465","candidates":[]}],[{"start":0,"end":27,"url":null,"entity_id":"Q23817740","candidates":[]}],[{"start":0,"end":18,"url":null,"entity_id":"Q56887761","candidates":[]}]],[[{"start":0,"end":25,"url":null,"entity_id":"Q15965953","candidates":[]}],[{"start":0,"end":22,"url":null,"entity_id":"Q23817729","candidates":[]}],[{"start":0,"end":73,"url":null,"entity_id":"Q56887459","candidates":[]}]],[[{"start":0,"end":8,"url":null,"entity_id":"Q15270647","candidates":[]}],[{"start":0,"end":22,"url":null,"entity_id":"Q23817729","candidates":[]}],[{"start":0,"end":73,"url":null,"entity_id":"Q56887459","candidates":[]}]],[[{"start":0,"end":17,"url":null,"entity_id":"Q15142320","candidates":[]}],[{"start":0,"end":22,"url":null,"entity_id":"Q23817729","candidates":[]}],[{"start":0,"end":73,"url":null,"entity_id":"Q56887459","candidates":[]}]],[[{"start":0,"end":6,"url":null,"entity_id":"Q7845294","candidates":[]}],[{"start":0,"end":22,"url":null,"entity_id":"Q23817729","candidates":[]}],[{"start":0,"end":73,"url":null,"entity_id":"Q56887459","candidates":[]}]],[[{"start":0,"end":8,"url":null,"entity_id":"Q6144664","candidates":[]}],[{"start":0,"end":22,"url":null,"entity_id":"Q23817729","candidates":[]}],[{"start":0,"end":73,"url":null,"entity_id":"Q56887459","candidates":[]}]],[[{"start":0,"end":17,"url":null,"entity_id":"Q3307866","candidates":[]}],[{"start":0,"end":22,"url":null,"entity_id":"Q23817729","candidates":[]}],[{"start":0,"end":73,"url":null,"entity_id":"Q56887459","candidates":[]}]],[[{"start":0,"end":14,"url":null,"entity_id":"Q3204747","candidates":[]}],[{"start":0,"end":22,"url":null,"entity_id":"Q23817729","candidates":[]}],[{"start":0,"end":73,"url":null,"entity_id":"Q56887459","candidates":[]}]],[[{"start":0,"end":15,"url":null,"entity_id":"Q3210900","candidates":[]}],[{"start":0,"end":22,"url":null,"entity_id":"Q23817729","candidates":[]}],[{"start":0,"end":31,"url":null,"entity_id":"Q56887384","candidates":[]}]],[[{"start":0,"end":18,"url":null,"entity_id":"Q3057240","candidates":[]}],[{"start":0,"end":22,"url":null,"entity_id":"Q23817729","candidates":[]}],[{"start":0,"end":31,"url":null,"entity_id":"Q56887384","candidates":[]}]],[[{"start":0,"end":14,"url":null,"entity_id":"Q23013713","candidates":[]}],[{"start":0,"end":22,"url":null,"entity_id":"Q23817729","candidates":[]}],[{"start":0,"end":18,"url":null,"entity_id":"Q56887490","candidates":[]}]],[[{"start":0,"end":17,"url":null,"entity_id":"Q55635487","candidates":[]}],[{"start":0,"end":22,"url":null,"entity_id":"Q23817729","candidates":[]}],[{"start":0,"end":73,"url":null,"entity_id":"Q56887459","candidates":[]}]],[[{"start":0,"end":16,"url":null,"entity_id":"Q54825652","candidates":[]}],[{"start":0,"end":22,"url":null,"entity_id":"Q23817729","candidates":[]}],[{"start":0,"end":73,"url":null,"entity_id":"Q56887459","candidates":[]}]],[[{"start":0,"end":10,"url":null,"entity_id":"Q51163619","candidates":[]}],[{"start":0,"end":22,"url":null,"entity_id":"Q23817729","candidates":[]}],[{"start":0,"end":73,"url":null,"entity_id":"Q56887459","candidates":[]}]],[[{"start":0,"end":17,"url":null,"entity_id":"Q29346759","candidates":[]}],[{"start":0,"end":22,"url":null,"entity_id":"Q23817729","candidates":[]}],[{"start":0,"end":73,"url":null,"entity_id":"Q56887459","candidates":[]}]],[[{"start":0,"end":26,"url":null,"entity_id":"Q28021116","candidates":[]}],[{"start":0,"end":22,"url":null,"entity_id":"Q23817729","candidates":[]}],[{"start":0,"end":73,"url":null,"entity_id":"Q56887459","candidates":[]}]],[[{"start":0,"end":9,"url":null,"entity_id":"Q27918412","candidates":[]}],[{"start":0,"end":22,"url":null,"entity_id":"Q23817729","candidates":[]}],[{"start":0,"end":73,"url":null,"entity_id":"Q56887459","candidates":[]}]],[[{"start":0,"end":25,"url":null,"entity_id":"Q23042705","candidates":[]}],[{"start":0,"end":22,"url":null,"entity_id":"Q23817729","candidates":[]}],[{"start":0,"end":31,"url":null,"entity_id":"Q56887384","candidates":[]}]],[[{"start":0,"end":15,"url":null,"entity_id":"Q22997984","candidates":[]}],[{"start":0,"end":22,"url":null,"entity_id":"Q23817729","candidates":[]}],[{"start":0,"end":31,"url":null,"entity_id":"Q56887384","candidates":[]}]]]}