{"version":"1.2","table":{"version":"2","table_id":"BFX6ZY8Q","columns":[{"index":0,"name":"col0","values":["Iqt Piscium","OGLE-TR0113","HD 12831","Y Andromedae","Dìwö","WASP-1:","L 159-16","58 Esidani","CoRoW-10","Xi1 Cai Majoris","U Mnocerotis","SV Vulpeculbe","D-11 1951","HD 5779","ID 47973","HD 64033","HD 4362","HD 4067","HD 37556","D 36959"]},{"index":1,"name":"col1","values":["-0.16016","0.030029999999999994","0.0502","0.85312","-0.01009","0.21802","-0.1503","0.04016","0.060239999999999995","-0.17856","-0.38766","-0.01","-0.04008","-0.06017999999999999","0.06053999999999999","0.1515","7.46753","-0.5671499999999999","-0.37734","-0.01"]},{"index":2,"name":"col2","values":["-439.43868799999996","-15.091420000000001","-248.63726999999997","-16.464245","-9.716111999999999","-35.513220999999994","-1781.7293249999998","129.435698","-22.575855","-3.230448","-10.144248000000001","-5.790900000000001","-3.29968","-11.610555999999999","3.9998999999999993","-16.000747999999998","-48.16259699999999","-74.177712","-1.103568","-0.733088"]},{"index":3,"name":"col3","values":["351.4377956776533","163.91667597464178","217.46932003826015","24.558702816807408","239.72232509014458","149.75273823642047","29.903714218441912","71.75741323848047","290.7726313811833","98.55181064977498","113.59938853702808","296.0915021876988","111.741322496994","111.60124271591448","100.05544308242108","94.25745760916452","92.78466038698492","90.19398537117473","83.71218573916566","83.6704388854164"]}]},"context":{"page_title":null,"page_url":null,"page_entity_id":null,"content_hierarchy":[]},"links":[[[{"start":0,"end":11,"url":null,"entity_id":"Q1326023","candidates":[]}],[],[],[]],[[{"start":0,"end":8,"url":null,"entity_id":"Q1275576","candidates":[]}],[],[],[]],[[{"start":0,"end":12,"url":null,"entity_id":"Q1207992","candidates":[]}],[],[],[]],[[{"start":0,"end":4,"url":null,"entity_id":"Q1204224","candidates":[]}],[],[],[]],[[{"start":0,"end":7,"url":null,"entity_id":"Q1154966","candidates":[]}],[],[],[]],[[{"start":0,"end":8,"url":null,"entity_id":"Q1149521","candidates":[]}],[],[],[]],[[{"start":0,"end":10,"url":null,"entity_id":"Q1148631","candidates":[]}],[],[],[]],[[{"start":0,"end":8,"url":null,"entity_id":"Q4035653","candidates":[]}],[],[],[]],[[{"start":0,"end":15,"url":null,"entity_id":"Q4021799","candidates":[]}],[],[],[]],[[{"start":0,"end":12,"url":null,"entity_id":"Q4002423","candidates":[]}],[],[],[]],[[{"start":0,"end":13,"url":null,"entity_id":"Q3944004","candidates":[]}],[],[],[]],[[{"start":0,"end":9,"url":null,"entity_id":"Q3781379","candidates":[]}],[],[],[]],[[{"start":0,"end":7,"url":null,"entity_id":"Q3781355","candidates":[]}],[],[],[]],[[{"start":0,"end":8,"url":null,"entity_id":"Q3781170","candidates":[]}],[],[],[]],[[{"start":0,"end":8,"url":null,"entity_id":"Q3781079","candidates":[]}],[],[],[]],[[{"start":0,"end":7,"url":null,"entity_id":"Q3781054","candidates":[]}],[],[],[]],[[{"start":0,"end":7,"url":null,"entity_id":"Q3781019","candidates":[]}],[],[],[]],[[{"start":0,"end":8,"url":null,"entity_id":"Q3780963","candidates":[]}],[],[],[]],[[{"start":0,"end":7,"url":null,"entity_id":"Q3780953","candidates":[]}],[],[],[]],[[{"start":0,"end":11,"url":null,"entity_id":"Q1326919","candidates":[]}],[],[],[]]]}