{"version":"1.2","table":{"version":"2","table_id":"BHL7CP24","columns":[{"index":0,"name":"col0","values":["Giulianova","Vasto","Cervia","Pagani, Campania","Nocera Inferiore","Sulmona","Capo d'Orlando","Sesto San Giovanni","Lissone","Saronno","Castel di Sangro","Castellammare di Stabia","Grosseto","Empoli","Reggio Calabria","Livorno","Gela","Desio","Rivoli","Cesana Torinese"]},{"index":1,"name":"col1","values":["Province of Teramo","Province of Chieti","Province of Ravenna","Province of Salerno","Province of Salerno","Province of L'Aquila","Province of Messina","province of Milan","Province of Monza and Brianza","Province of Varese","Province of L'Aquila","Province of Naples","Province of Grosseto","Metropolitan City of Florence","Province of Reggio Calabria","Province of Livorno","Libero consorzio comunale di Caltanissetta","Province of Monza and Brianza","Province of Turin","Province of Turin"]},{"index":2,"name":"col2","values":["Stadio Rubens Fadini","Stadio Aragona","Stadio Germano Todoli","Stadio Marcello Torre","Stadio San Francesco d'Assisi","Palazzetto dello Sport","PalaFantozzi","Stadio Breda","Villa Reati","Stadio Emilio Colombo-Gaetano Gianetti","Stadio Teofilo Patini","Stadio Romeo Menti","Stadio Olimpico Carlo Zecchini","Stadio Carlo Castellani","Stadio Oreste Granillo","Stadio Armando Picchi","Stadio Vincenzo Presti","PalaDesio","Castle of Rivoli","Forte di Champlas Séguin"]}]},"context":{"page_title":null,"page_url":null,"page_entity_id":null,"content_hierarchy":[]},"links":[[[{"start":0,"end":10,"url":null,"entity_id":"Q51450","candidates":[]}],[{"start":0,"end":18,"url":null,"entity_id":"Q16284","candidates":[]}],[{"start":0,"end":20,"url":null,"entity_id":"Q1131480","candidates":[]}]],[[{"start":0,"end":5,"url":null,"entity_id":"Q51313","candidates":[]}],[{"start":0,"end":18,"url":null,"entity_id":"Q16160","candidates":[]}],[{"start":0,"end":14,"url":null,"entity_id":"Q729675","candidates":[]}]],[[{"start":0,"end":6,"url":null,"entity_id":"Q52975","candidates":[]}],[{"start":0,"end":19,"url":null,"entity_id":"Q16252","candidates":[]}],[{"start":0,"end":21,"url":null,"entity_id":"Q3967799","candidates":[]}]],[[{"start":0,"end":16,"url":null,"entity_id":"Q81263","candidates":[]}],[{"start":0,"end":19,"url":null,"entity_id":"Q16271","candidates":[]}],[{"start":0,"end":21,"url":null,"entity_id":"Q3967832","candidates":[]}]],[[{"start":0,"end":16,"url":null,"entity_id":"Q81138","candidates":[]}],[{"start":0,"end":19,"url":null,"entity_id":"Q16271","candidates":[]}],[{"start":0,"end":29,"url":null,"entity_id":"Q1133915","candidates":[]}]],[[{"start":0,"end":7,"url":null,"entity_id":"Q50157","candidates":[]}],[{"start":0,"end":20,"url":null,"entity_id":"Q16189","candidates":[]}],[{"start":0,"end":22,"url":null,"entity_id":"Q3889428","candidates":[]}]],[[{"start":0,"end":14,"url":null,"entity_id":"Q51176","candidates":[]}],[{"start":0,"end":19,"url":null,"entity_id":"Q16208","candidates":[]}],[{"start":0,"end":12,"url":null,"entity_id":"Q631674","candidates":[]}]],[[{"start":0,"end":18,"url":null,"entity_id":"Q43005","candidates":[]}],[{"start":0,"end":17,"url":null,"entity_id":"Q15121","candidates":[]}],[{"start":0,"end":12,"url":null,"entity_id":"Q3967753","candidates":[]}]],[[{"start":0,"end":7,"url":null,"entity_id":"Q40583","candidates":[]}],[{"start":0,"end":29,"url":null,"entity_id":"Q16210","candidates":[]}],[{"start":0,"end":11,"url":null,"entity_id":"Q4012458","candidates":[]}]],[[{"start":0,"end":7,"url":null,"entity_id":"Q40862","candidates":[]}],[{"start":0,"end":18,"url":null,"entity_id":"Q16299","candidates":[]}],[{"start":0,"end":38,"url":null,"entity_id":"Q3967762","candidates":[]}]],[[{"start":0,"end":16,"url":null,"entity_id":"Q50073","candidates":[]}],[{"start":0,"end":20,"url":null,"entity_id":"Q16189","candidates":[]}],[{"start":0,"end":21,"url":null,"entity_id":"Q2326040","candidates":[]}]],[[{"start":0,"end":23,"url":null,"entity_id":"Q6737","candidates":[]}],[{"start":0,"end":18,"url":null,"entity_id":"Q15123","candidates":[]}],[{"start":0,"end":18,"url":null,"entity_id":"Q276784","candidates":[]}]],[[{"start":0,"end":8,"url":null,"entity_id":"Q6716","candidates":[]}],[{"start":0,"end":20,"url":null,"entity_id":"Q16185","candidates":[]}],[{"start":0,"end":30,"url":null,"entity_id":"Q115545","candidates":[]}]],[[{"start":0,"end":6,"url":null,"entity_id":"Q6697","candidates":[]}],[{"start":0,"end":29,"url":null,"entity_id":"Q18288148","candidates":[]}],[{"start":0,"end":23,"url":null,"entity_id":"Q94633","candidates":[]}]],[[{"start":0,"end":15,"url":null,"entity_id":"Q8471","candidates":[]}],[{"start":0,"end":27,"url":null,"entity_id":"Q16253","candidates":[]}],[{"start":0,"end":22,"url":null,"entity_id":"Q1538773","candidates":[]}]],[[{"start":0,"end":7,"url":null,"entity_id":"Q6761","candidates":[]}],[{"start":0,"end":19,"url":null,"entity_id":"Q16200","candidates":[]}],[{"start":0,"end":21,"url":null,"entity_id":"Q777535","candidates":[]}]],[[{"start":0,"end":4,"url":null,"entity_id":"Q39971","candidates":[]}],[{"start":0,"end":42,"url":null,"entity_id":"Q26160410","candidates":[]}],[{"start":0,"end":22,"url":null,"entity_id":"Q3967908","candidates":[]}]],[[{"start":0,"end":5,"url":null,"entity_id":"Q40416","candidates":[]}],[{"start":0,"end":29,"url":null,"entity_id":"Q16210","candidates":[]}],[{"start":0,"end":9,"url":null,"entity_id":"Q3558281","candidates":[]}]],[[{"start":0,"end":6,"url":null,"entity_id":"Q10231","candidates":[]}],[{"start":0,"end":17,"url":null,"entity_id":"Q16287","candidates":[]}],[{"start":0,"end":16,"url":null,"entity_id":"Q19844","candidates":[]}]],[[{"start":0,"end":15,"url":null,"entity_id":"Q9249","candidates":[]}],[{"start":0,"end":17,"url":null,"entity_id":"Q16287","candidates":[]}],[{"start":0,"end":24,"url":null,"entity_id":"Q3748676","candidates":[]}]]]}