{"version":"1.2","table":{"version":"2","table_id":"BIRT1GU8","columns":[{"index":0,"name":"col0","values":["Airus A310-200","Laird Commercia","tinsn Detroiter","Fairchild C","H-Teries Metalplane","Agvanced High Performance Reconnaissance Light Aircraft","EMB 120 Brbsilia","Vega","Podel 40","Jewstseam 31","DAR13","G.222","A500","Sab 340","ATR\"42","P.180 Bvanti","DH-4","G.91T","AS332#Sper Puma","4-AT Trimoor"]},{"index":1,"name":"col1","values":["2795.95","645.45","697.9","695.1","676.35","1306.4999999999998","624.232","892.8","645.45","1208.79","719.73","693.0","1880.55","1046.952","802.344","1505.982","238.8","174.21099999999998","459.54","500.0"]},{"index":2,"name":"col2","values":["411.93","144.13","117.41","127.254","114.08","272.272","290.304","155.31","137.83769999999998","284.82","254.49","536.76","200.4","311.85","320.276","394.21","121.2","1039.27","149.55","99.6"]}]},"context":{"page_title":null,"page_url":null,"page_entity_id":null,"content_hierarchy":[]},"links":[[[{"start":0,"end":14,"url":null,"entity_id":"Q21086973","candidates":[]}],[],[]],[[{"start":0,"end":15,"url":null,"entity_id":"Q21029349","candidates":[]}],[],[]],[[{"start":0,"end":15,"url":null,"entity_id":"Q7617474","candidates":[]}],[],[]],[[{"start":0,"end":11,"url":null,"entity_id":"Q4038584","candidates":[]}],[],[]],[[{"start":0,"end":19,"url":null,"entity_id":"Q3126457","candidates":[]}],[],[]],[[{"start":0,"end":55,"url":null,"entity_id":"Q1248283","candidates":[]}],[],[]],[[{"start":0,"end":16,"url":null,"entity_id":"Q1163407","candidates":[]}],[],[]],[[{"start":0,"end":4,"url":null,"entity_id":"Q976898","candidates":[]}],[],[]],[[{"start":0,"end":8,"url":null,"entity_id":"Q890192","candidates":[]}],[],[]],[[{"start":0,"end":12,"url":null,"entity_id":"Q647915","candidates":[]}],[],[]],[[{"start":0,"end":5,"url":null,"entity_id":"Q589357","candidates":[]}],[],[]],[[{"start":0,"end":5,"url":null,"entity_id":"Q381143","candidates":[]}],[],[]],[[{"start":0,"end":4,"url":null,"entity_id":"Q348525","candidates":[]}],[],[]],[[{"start":0,"end":7,"url":null,"entity_id":"Q277491","candidates":[]}],[],[]],[[{"start":0,"end":6,"url":null,"entity_id":"Q218637","candidates":[]}],[],[]],[[{"start":0,"end":12,"url":null,"entity_id":"Q17912","candidates":[]}],[],[]],[[{"start":0,"end":4,"url":null,"entity_id":"Q56881060","candidates":[]}],[],[]],[[{"start":0,"end":5,"url":null,"entity_id":"Q21024216","candidates":[]}],[],[]],[[{"start":0,"end":15,"url":null,"entity_id":"Q12257149","candidates":[]}],[],[]],[[{"start":0,"end":12,"url":null,"entity_id":"Q12016755","candidates":[]}],[],[]]]}