{"version":"1.2","table":{"version":"2","table_id":"BJS1L13O","columns":[{"index":0,"name":"col0","values":["Messier\"83","NGC 1314","GC 1705","IC 10","rp 1?3","NGC#4214","QGC 222","Sulptor Galaxy","2MASX J12545147+2858459","NGC 5007C","NC 5004B","NIC 5000","NHC 4793","Messier 8","Mssier 108","NHC 6240","IF 2551","Centurus A","NGC 418","IC 32"]},{"index":1,"name":"col1","values":["204.2538292","49.6164251583","73.62980625","5.106693","199.1466796165","182.80974565","47.425391583199996","11.769177717000002","193.85150988175153","199.1413338114207","196.31462703631937","199.42220225","193.8628918220046","150.01123750809998","167.8790292","252.4855184374","153.73655012499998","201.16369781645366","192.84435274560002","56.135120283"]},{"index":2,"name":"col2","values":["Hydra","Reticulum","Pictor","Cassiopeia","Canes Venatici","Canes Venatici","Eridanus","Sculptor","Coma Berenices","Coma Berenices","Coma Berenices","Coma Berenices","Coma Berenices","Ursa Major","Ursa Major","Ophiuchus","Leo","Centaurus","Virgo","Camelopardalis"]},{"index":3,"name":"col3","values":["7.5500799999999995","9.94","12.58512","9.5855","10.907142","9.87042","12.425","7.3584","15.18","14.214199999999998","14.64066","13.39659","12.03737","8.4941","7.041","13.2363","10.85144","6.79212","11.3339","9.045399999999999"]},{"index":4,"name":"col4","values":["0.000995","0.0015673479999999999","0.00210757","-0.001142412","0.02287552","0.00097873","0.0076152","0.00080993","0.026264700000000002","0.02409018","0.021094","0.0187619","0.0084","0.00072343","0.0032769","0.02376","0.021273629999999998","0.0007968000000000001","0.0023160999999999998","0.00010248499999999999"]},{"index":5,"name":"col5","values":["4.6367","4.271249999999999","5.569679999999999","0.73482","104.9094","2.94","33.0336","3.6889000000000003","109.61775999999999","74.0376","81.2196","83.51980999999999","30.12944","3.59917","9.59775","105.1892","91.42678","3.62706","11.5236","3.35949"]}]},"context":{"page_title":null,"page_url":null,"page_entity_id":null,"content_hierarchy":[]},"links":[[[{"start":0,"end":8,"url":null,"entity_id":"Q495791","candidates":[]}],[],[{"start":0,"end":9,"url":null,"entity_id":"Q10498","candidates":[]}],[],[],[]],[[{"start":0,"end":7,"url":null,"entity_id":"Q584728","candidates":[]}],[],[{"start":0,"end":6,"url":null,"entity_id":"Q10486","candidates":[]}],[],[],[]],[[{"start":0,"end":5,"url":null,"entity_id":"Q27994","candidates":[]}],[],[{"start":0,"end":10,"url":null,"entity_id":"Q10464","candidates":[]}],[],[],[]],[[{"start":0,"end":6,"url":null,"entity_id":"Q1653354","candidates":[]}],[],[{"start":0,"end":14,"url":null,"entity_id":"Q10452","candidates":[]}],[],[],[]],[[{"start":0,"end":8,"url":null,"entity_id":"Q842507","candidates":[]}],[],[{"start":0,"end":14,"url":null,"entity_id":"Q10452","candidates":[]}],[],[],[]],[[{"start":0,"end":7,"url":null,"entity_id":"Q1042241","candidates":[]}],[],[{"start":0,"end":8,"url":null,"entity_id":"Q10433","candidates":[]}],[],[],[]],[[{"start":0,"end":14,"url":null,"entity_id":"Q487221","candidates":[]}],[],[{"start":0,"end":8,"url":null,"entity_id":"Q9286","candidates":[]}],[],[],[]],[[{"start":0,"end":23,"url":null,"entity_id":"Q76722654","candidates":[]}],[],[{"start":0,"end":14,"url":null,"entity_id":"Q9285","candidates":[]}],[],[],[]],[[{"start":0,"end":9,"url":null,"entity_id":"Q1116310","candidates":[]}],[],[{"start":0,"end":14,"url":null,"entity_id":"Q9285","candidates":[]}],[],[],[]],[[{"start":0,"end":8,"url":null,"entity_id":"Q1116303","candidates":[]}],[],[{"start":0,"end":14,"url":null,"entity_id":"Q9285","candidates":[]}],[],[],[]],[[{"start":0,"end":8,"url":null,"entity_id":"Q1116262","candidates":[]}],[],[{"start":0,"end":14,"url":null,"entity_id":"Q9285","candidates":[]}],[],[],[]],[[{"start":0,"end":8,"url":null,"entity_id":"Q1114343","candidates":[]}],[],[{"start":0,"end":14,"url":null,"entity_id":"Q9285","candidates":[]}],[],[],[]],[[{"start":0,"end":9,"url":null,"entity_id":"Q14026","candidates":[]}],[],[{"start":0,"end":10,"url":null,"entity_id":"Q8918","candidates":[]}],[],[],[]],[[{"start":0,"end":10,"url":null,"entity_id":"Q4751","candidates":[]}],[],[{"start":0,"end":10,"url":null,"entity_id":"Q8918","candidates":[]}],[],[],[]],[[{"start":0,"end":8,"url":null,"entity_id":"Q502000","candidates":[]}],[],[{"start":0,"end":9,"url":null,"entity_id":"Q8906","candidates":[]}],[],[],[]],[[{"start":0,"end":7,"url":null,"entity_id":"Q3689516","candidates":[]}],[],[{"start":0,"end":3,"url":null,"entity_id":"Q8853","candidates":[]}],[],[],[]],[[{"start":0,"end":10,"url":null,"entity_id":"Q487255","candidates":[]}],[],[{"start":0,"end":9,"url":null,"entity_id":"Q8844","candidates":[]}],[],[],[]],[[{"start":0,"end":7,"url":null,"entity_id":"Q1114553","candidates":[]}],[],[{"start":0,"end":5,"url":null,"entity_id":"Q8842","candidates":[]}],[],[],[]],[[{"start":0,"end":5,"url":null,"entity_id":"Q757396","candidates":[]}],[],[{"start":0,"end":14,"url":null,"entity_id":"Q8832","candidates":[]}],[],[],[]],[[{"start":0,"end":10,"url":null,"entity_id":"Q14030","candidates":[]}],[],[{"start":0,"end":5,"url":null,"entity_id":"Q10578","candidates":[]}],[],[],[]]]}