{"version":"1.2","table":{"version":"2","table_id":"BJUSFUS7","columns":[{"index":0,"name":"col0","values":["Figure of Maitreya, the future Buddha","Standing figure of Maitreya, the future Buddha","Figure of a seated bodhisattva or Maitreya, the future Buddha, on double lotus petal base","Seated figure of a bodhisattva","Seated figure of a bodhisattva","Seated figure of a bodhisattva","Figure of Brahma, god of creation","Fragmentary standing figure of Vishnu","Torso of Vishnu","Head of Shiva","Head of the Buddha","Seated figure of the Buddha","Standing figure of the Buddha Sakyamuni","Seated figure of the Buddha","Standing figure of the Buddha","Standing figure of the Buddha","Seated figure of the Buddha","Seated figure of the Buddha","Seated figure of the Buddha","Seated figure of the Buddha"]},{"index":1,"name":"col1","values":["Swat District","Gandhara","India","China","China","Tibet","Kashmir","Mathura","Cambodia","Mathura","Dvaravati","Swat District","Gandhara","Central Java","Central Java","Thailand","Thailand","Nepal","Myanmar","India"]},{"index":2,"name":"col2","values":["Maitreya","Maitreya","Maitreya","bodhisattva","bodhisattva","bodhisattva","Brahma","Vishnu","Vishnu","Shiva","Gautama Buddha","Gautama Buddha","Gautama Buddha","Gautama Buddha","Gautama Buddha","Gautama Buddha","Gautama Buddha","Gautama Buddha","Gautama Buddha","Gautama Buddha"]}]},"context":{"page_title":null,"page_url":null,"page_entity_id":null,"content_hierarchy":[]},"links":[[[{"start":0,"end":37,"url":null,"entity_id":"Q50819895","candidates":[]}],[{"start":0,"end":13,"url":null,"entity_id":"Q389161","candidates":[]}],[{"start":0,"end":8,"url":null,"entity_id":"Q193461","candidates":[]}]],[[{"start":0,"end":46,"url":null,"entity_id":"Q50819860","candidates":[]}],[{"start":0,"end":8,"url":null,"entity_id":"Q213651","candidates":[]}],[{"start":0,"end":8,"url":null,"entity_id":"Q193461","candidates":[]}]],[[{"start":0,"end":89,"url":null,"entity_id":"Q50819891","candidates":[]}],[{"start":0,"end":5,"url":null,"entity_id":"Q668","candidates":[]}],[{"start":0,"end":8,"url":null,"entity_id":"Q193461","candidates":[]}]],[[{"start":0,"end":30,"url":null,"entity_id":"Q50819898","candidates":[]}],[{"start":0,"end":5,"url":null,"entity_id":"Q29520","candidates":[]}],[{"start":0,"end":11,"url":null,"entity_id":"Q178149","candidates":[]}]],[[{"start":0,"end":30,"url":null,"entity_id":"Q50819897","candidates":[]}],[{"start":0,"end":5,"url":null,"entity_id":"Q29520","candidates":[]}],[{"start":0,"end":11,"url":null,"entity_id":"Q178149","candidates":[]}]],[[{"start":0,"end":30,"url":null,"entity_id":"Q50819896","candidates":[]}],[{"start":0,"end":5,"url":null,"entity_id":"Q17252","candidates":[]}],[{"start":0,"end":11,"url":null,"entity_id":"Q178149","candidates":[]}]],[[{"start":0,"end":33,"url":null,"entity_id":"Q50819906","candidates":[]}],[{"start":0,"end":7,"url":null,"entity_id":"Q43100","candidates":[]}],[{"start":0,"end":6,"url":null,"entity_id":"Q11389","candidates":[]}]],[[{"start":0,"end":37,"url":null,"entity_id":"Q50819881","candidates":[]}],[{"start":0,"end":7,"url":null,"entity_id":"Q200311","candidates":[]}],[{"start":0,"end":6,"url":null,"entity_id":"Q11380","candidates":[]}]],[[{"start":0,"end":15,"url":null,"entity_id":"Q50819889","candidates":[]}],[{"start":0,"end":8,"url":null,"entity_id":"Q424","candidates":[]}],[{"start":0,"end":6,"url":null,"entity_id":"Q11380","candidates":[]}]],[[{"start":0,"end":13,"url":null,"entity_id":"Q50819873","candidates":[]}],[{"start":0,"end":7,"url":null,"entity_id":"Q200311","candidates":[]}],[{"start":0,"end":5,"url":null,"entity_id":"Q11378","candidates":[]}]],[[{"start":0,"end":18,"url":null,"entity_id":"Q50819915","candidates":[]}],[{"start":0,"end":9,"url":null,"entity_id":"Q1268307","candidates":[]}],[{"start":0,"end":14,"url":null,"entity_id":"Q9441","candidates":[]}]],[[{"start":0,"end":27,"url":null,"entity_id":"Q50819879","candidates":[]}],[{"start":0,"end":13,"url":null,"entity_id":"Q389161","candidates":[]}],[{"start":0,"end":14,"url":null,"entity_id":"Q9441","candidates":[]}]],[[{"start":0,"end":39,"url":null,"entity_id":"Q50819828","candidates":[]}],[{"start":0,"end":8,"url":null,"entity_id":"Q213651","candidates":[]}],[{"start":0,"end":14,"url":null,"entity_id":"Q9441","candidates":[]}]],[[{"start":0,"end":27,"url":null,"entity_id":"Q50819919","candidates":[]}],[{"start":0,"end":12,"url":null,"entity_id":"Q3557","candidates":[]}],[{"start":0,"end":14,"url":null,"entity_id":"Q9441","candidates":[]}]],[[{"start":0,"end":29,"url":null,"entity_id":"Q50819914","candidates":[]}],[{"start":0,"end":12,"url":null,"entity_id":"Q3557","candidates":[]}],[{"start":0,"end":14,"url":null,"entity_id":"Q9441","candidates":[]}]],[[{"start":0,"end":29,"url":null,"entity_id":"Q50819920","candidates":[]}],[{"start":0,"end":8,"url":null,"entity_id":"Q869","candidates":[]}],[{"start":0,"end":14,"url":null,"entity_id":"Q9441","candidates":[]}]],[[{"start":0,"end":27,"url":null,"entity_id":"Q50819917","candidates":[]}],[{"start":0,"end":8,"url":null,"entity_id":"Q869","candidates":[]}],[{"start":0,"end":14,"url":null,"entity_id":"Q9441","candidates":[]}]],[[{"start":0,"end":27,"url":null,"entity_id":"Q50819892","candidates":[]}],[{"start":0,"end":5,"url":null,"entity_id":"Q837","candidates":[]}],[{"start":0,"end":14,"url":null,"entity_id":"Q9441","candidates":[]}]],[[{"start":0,"end":27,"url":null,"entity_id":"Q50819910","candidates":[]}],[{"start":0,"end":7,"url":null,"entity_id":"Q836","candidates":[]}],[{"start":0,"end":14,"url":null,"entity_id":"Q9441","candidates":[]}]],[[{"start":0,"end":27,"url":null,"entity_id":"Q50819921","candidates":[]}],[{"start":0,"end":5,"url":null,"entity_id":"Q668","candidates":[]}],[{"start":0,"end":14,"url":null,"entity_id":"Q9441","candidates":[]}]]]}