{"version":"1.2","table":{"version":"2","table_id":"BKTFKWAX","columns":[{"index":0,"name":"col0","values":["Ward No. 36, Durgapur Municipal Corporation","Ward No. 35, Durgapur Municipal Corporation","Ward No. 34, Durgapur Municipal Corporation","Ward No. 33, Durgapur Municipal Corporation","Ward No. 32, Durgapur Municipal Corporation","Ward No. 31, Durgapur Municipal Corporation","Ward No. 20, Durgapur Municipal Corporation","Ward No. 19, Durgapur Municipal Corporation","Ward No. 18, Durgapur Municipal Corporation","Ward No. 17, Durgapur Municipal Corporation","Ward No. 16, Durgapur Municipal Corporation","Ward No. 15, Durgapur Municipal Corporation","Ward No. 14, Durgapur Municipal Corporation","Ward No. 13, Durgapur Municipal Corporation","Ward No. 12, Durgapur Municipal Corporation","Ward No. 11, Durgapur Municipal Corporation","Ward No. 10, Durgapur Municipal Corporation","Ward No. 9, Durgapur Municipal Corporation","Ward No. 8, Durgapur Municipal Corporation","Ward No. 7, Durgapur Municipal Corporation","Ward No. 6, Durgapur Municipal Corporation","Ward No. 5, Durgapur Municipal Corporation","Ward No. 4, Durgapur Municipal Corporation","Ward No. 3, Durgapur Municipal Corporation","Ward No. 2, Durgapur Municipal Corporation","Ward No. 1, Durgapur Municipal Corporation","Ward No. 22, Raniganj municipality","Ward No. 21, Raniganj municipality","Ward No. 20, Raniganj municipality","Ward No. 19, Raniganj municipality","Ward No. 18, Raniganj municipality","Ward No. 17, Raniganj municipality","Ward No. 16, Raniganj municipality","Ward No. 15, Raniganj municipality","Ward No. 14, Raniganj municipality","Ward No. 13, Raniganj municipality","Ward No. 12, Raniganj municipality","Ward No. 11, Raniganj municipality","Ward No. 10, Raniganj municipality","Ward No. 9, Raniganj municipality","Ward No. 8, Raniganj municipality","Ward No. 7, Raniganj municipality","Ward No. 6, Raniganj municipality","Ward No. 5, Raniganj municipality","Ward No. 4, Raniganj municipality","Ward No. 3, Raniganj municipality","Ward No. 2, Raniganj municipality","Ward No. 1, Raniganj municipality","Ward No. 23, Jamuria municipality","Ward No. 22, Jamuria municipality","Ward No. 21, Jamuria municipality","Ward No. 14, Kalyani municipality","Ward No. 13, Kalyani municipality","Ward No. 12, Kalyani municipality","Ward No. 11, Kalyani municipality"]},{"index":1,"name":"col1","values":["6059","7426","4206","5754","5533","4748","6956","5525","3261","4741","6408","6337","10961","6872","5841","4909","6167","7054","6864","7224","3723","8218","8286","5877","2931","9731","3041","3057","2337","2238","2556","1513","1596","1634","1823","2135","3347","2825","2624","3307","3723","2845","2489","3275","3048","2455","3551","6444","3698","3108","3234","2331","1958","1943","2199"]},{"index":2,"name":"col2","values":["7693","11771","5037","8030","8743","6814","12098","9804","5097","7921","10647","10356","17701","10698","8924","7046","11307","12651","10741","12185","6488","14459","13260","10405","3399","12723","3867","3825","3758","3325","4232","2460","2715","2625","3350","3296","4892","3677","3886","4452","6015","3907","4017","5024","3791","3377","5431","6377","4709","4513","4372","3966","3096","3565","3939"]},{"index":3,"name":"col3","values":["2696","3301","1831","2569","2666","2266","3426","2598","1483","2131","2873","3077","4994","2852","2556","2252","3151","3601","3652","3601","1946","4105","4024","3079","1400","4512","1294","1380","1078","908","953","614","603","627","788","896","1411","1223","1224","1197","1462","1229","1093","1448","1173","1073","1434","2370","1454","1183","1255","1235","864","1038","1173"]},{"index":4,"name":"col4","values":["13037","15410","9301","12079","11481","9985","14392","11334","6764","9932","13231","13041","23111","14895","12116","9917","12732","14566","14403","14551","7618","16764","17224","12158","5993","19873","6404","6624","4876","4663","5392","3134","3361","3360","3779","4307","6877","6042","5471","6811","7854","6098","5370","6763","6310","5139","7539","13267","7820","6479","6685","4775","3938","3882","4342"]}]},"context":{"page_title":null,"page_url":null,"page_entity_id":null,"content_hierarchy":[]},"links":[[[{"start":0,"end":43,"url":null,"entity_id":"Q79936719","candidates":[]}],[],[],[],[]],[[{"start":0,"end":43,"url":null,"entity_id":"Q79936717","candidates":[]}],[],[],[],[]],[[{"start":0,"end":43,"url":null,"entity_id":"Q79936714","candidates":[]}],[],[],[],[]],[[{"start":0,"end":43,"url":null,"entity_id":"Q79936710","candidates":[]}],[],[],[],[]],[[{"start":0,"end":43,"url":null,"entity_id":"Q79936709","candidates":[]}],[],[],[],[]],[[{"start":0,"end":43,"url":null,"entity_id":"Q79936706","candidates":[]}],[],[],[],[]],[[{"start":0,"end":43,"url":null,"entity_id":"Q79936629","candidates":[]}],[],[],[],[]],[[{"start":0,"end":43,"url":null,"entity_id":"Q79936623","candidates":[]}],[],[],[],[]],[[{"start":0,"end":43,"url":null,"entity_id":"Q79936620","candidates":[]}],[],[],[],[]],[[{"start":0,"end":43,"url":null,"entity_id":"Q79936617","candidates":[]}],[],[],[],[]],[[{"start":0,"end":43,"url":null,"entity_id":"Q79936615","candidates":[]}],[],[],[],[]],[[{"start":0,"end":43,"url":null,"entity_id":"Q79936613","candidates":[]}],[],[],[],[]],[[{"start":0,"end":43,"url":null,"entity_id":"Q79936611","candidates":[]}],[],[],[],[]],[[{"start":0,"end":43,"url":null,"entity_id":"Q79936608","candidates":[]}],[],[],[],[]],[[{"start":0,"end":43,"url":null,"entity_id":"Q79936606","candidates":[]}],[],[],[],[]],[[{"start":0,"end":43,"url":null,"entity_id":"Q79936605","candidates":[]}],[],[],[],[]],[[{"start":0,"end":43,"url":null,"entity_id":"Q79936600","candidates":[]}],[],[],[],[]],[[{"start":0,"end":42,"url":null,"entity_id":"Q79936597","candidates":[]}],[],[],[],[]],[[{"start":0,"end":42,"url":null,"entity_id":"Q79936594","candidates":[]}],[],[],[],[]],[[{"start":0,"end":42,"url":null,"entity_id":"Q79936591","candidates":[]}],[],[],[],[]],[[{"start":0,"end":42,"url":null,"entity_id":"Q79936590","candidates":[]}],[],[],[],[]],[[{"start":0,"end":42,"url":null,"entity_id":"Q79936588","candidates":[]}],[],[],[],[]],[[{"start":0,"end":42,"url":null,"entity_id":"Q79936586","candidates":[]}],[],[],[],[]],[[{"start":0,"end":42,"url":null,"entity_id":"Q79936584","candidates":[]}],[],[],[],[]],[[{"start":0,"end":42,"url":null,"entity_id":"Q79936582","candidates":[]}],[],[],[],[]],[[{"start":0,"end":42,"url":null,"entity_id":"Q79936576","candidates":[]}],[],[],[],[]],[[{"start":0,"end":34,"url":null,"entity_id":"Q79936574","candidates":[]}],[],[],[],[]],[[{"start":0,"end":34,"url":null,"entity_id":"Q79936568","candidates":[]}],[],[],[],[]],[[{"start":0,"end":34,"url":null,"entity_id":"Q79936565","candidates":[]}],[],[],[],[]],[[{"start":0,"end":34,"url":null,"entity_id":"Q79936562","candidates":[]}],[],[],[],[]],[[{"start":0,"end":34,"url":null,"entity_id":"Q79936559","candidates":[]}],[],[],[],[]],[[{"start":0,"end":34,"url":null,"entity_id":"Q79936555","candidates":[]}],[],[],[],[]],[[{"start":0,"end":34,"url":null,"entity_id":"Q79936550","candidates":[]}],[],[],[],[]],[[{"start":0,"end":34,"url":null,"entity_id":"Q79936546","candidates":[]}],[],[],[],[]],[[{"start":0,"end":34,"url":null,"entity_id":"Q79936543","candidates":[]}],[],[],[],[]],[[{"start":0,"end":34,"url":null,"entity_id":"Q79936540","candidates":[]}],[],[],[],[]],[[{"start":0,"end":34,"url":null,"entity_id":"Q79936537","candidates":[]}],[],[],[],[]],[[{"start":0,"end":34,"url":null,"entity_id":"Q79936533","candidates":[]}],[],[],[],[]],[[{"start":0,"end":34,"url":null,"entity_id":"Q79936529","candidates":[]}],[],[],[],[]],[[{"start":0,"end":33,"url":null,"entity_id":"Q79936525","candidates":[]}],[],[],[],[]],[[{"start":0,"end":33,"url":null,"entity_id":"Q79936519","candidates":[]}],[],[],[],[]],[[{"start":0,"end":33,"url":null,"entity_id":"Q79936515","candidates":[]}],[],[],[],[]],[[{"start":0,"end":33,"url":null,"entity_id":"Q79936511","candidates":[]}],[],[],[],[]],[[{"start":0,"end":33,"url":null,"entity_id":"Q79936508","candidates":[]}],[],[],[],[]],[[{"start":0,"end":33,"url":null,"entity_id":"Q79936505","candidates":[]}],[],[],[],[]],[[{"start":0,"end":33,"url":null,"entity_id":"Q79936500","candidates":[]}],[],[],[],[]],[[{"start":0,"end":33,"url":null,"entity_id":"Q79936496","candidates":[]}],[],[],[],[]],[[{"start":0,"end":33,"url":null,"entity_id":"Q79936493","candidates":[]}],[],[],[],[]],[[{"start":0,"end":33,"url":null,"entity_id":"Q79936490","candidates":[]}],[],[],[],[]],[[{"start":0,"end":33,"url":null,"entity_id":"Q79936488","candidates":[]}],[],[],[],[]],[[{"start":0,"end":33,"url":null,"entity_id":"Q79936484","candidates":[]}],[],[],[],[]],[[{"start":0,"end":33,"url":null,"entity_id":"Q75158252","candidates":[]}],[],[],[],[]],[[{"start":0,"end":33,"url":null,"entity_id":"Q75158249","candidates":[]}],[],[],[],[]],[[{"start":0,"end":33,"url":null,"entity_id":"Q75158247","candidates":[]}],[],[],[],[]],[[{"start":0,"end":33,"url":null,"entity_id":"Q75158245","candidates":[]}],[],[],[],[]]]}