{"version":"1.2","table":{"version":"2","table_id":"BLIE9R23","columns":[{"index":0,"name":"col0","values":["St Martin's Church","Holy Cross church","Saint Jacob's Church","St. Andrew's Church (Dramlja)","Three Wise Men Church","Church of the Holy Cross","St. Peter's Church","Saint Othmar Church","St. Wolfgang","St. Lambertus (Steinborn)","St. Nicholas's Church (Drama)","Holy Trinity Church, Vrhnika","St. John the Baptist's Church, Ribčev Laz","Saint Wolfgang Church (Pohorje)","St. Barbara's Church, Za Kalvarijo","Annunciation Church, Crngrob","St. Andrew's Church, Gosteče","Exaltation of the Holy Cross Church (Vrhpolje)","St. Anne's Church","St. Peter's Church, Piran"]},{"index":1,"name":"col1","values":["Zgornja Draga","Iška Vas","Ponikve","Dramlja","Sveti Trije Kralji v Slovenskih Goricah","Retje nad Trbovljami","Poljče, Radovljica","Ottmarsfeld","Oberasbach (Gunzenhausen)","Steinborn","Drama, Šentjernej","Vrhnika","Ribčev Laz","Hrastje","Za Kalvarijo","Crngrob","Gosteče","Vrhpolje","Jezero, Brezovica","Piran"]},{"index":2,"name":"col2","values":["Ivančna Gorica Municipality","Ig Municipality","Brežice Municipality","Brežice Municipality","Benedikt Municipality","Trbovlje Municipality","Radovljica Municipality","Höttingen","Gunzenhausen","Daun","Šentjernej Municipality","Vrhnika Municipality","Bohinj Municipality","Maribor City Municipality","Maribor City Municipality","Škofja Loka Municipality","Škofja Loka Municipality","Vipava Municipality","Brezovica Municipality","Piran Municipality"]},{"index":3,"name":"col3","values":["Slovenia","Slovenia","Slovenia","Slovenia","Slovenia","Slovenia","Slovenia","Germany","Germany","Germany","Slovenia","Slovenia","Slovenia","Slovenia","Slovenia","Slovenia","Slovenia","Slovenia","Slovenia","Slovenia"]}]},"context":{"page_title":null,"page_url":null,"page_entity_id":null,"content_hierarchy":[]},"links":[[[{"start":0,"end":17,"url":null,"entity_id":"Q18515911","candidates":[]}],[{"start":0,"end":8,"url":null,"entity_id":"Q2719975","candidates":[]}],[{"start":0,"end":15,"url":null,"entity_id":"Q917397","candidates":[]}],[{"start":0,"end":8,"url":null,"entity_id":"Q215","candidates":[]}]],[[{"start":0,"end":20,"url":null,"entity_id":"Q28085188","candidates":[]}],[{"start":0,"end":7,"url":null,"entity_id":"Q3129250","candidates":[]}],[{"start":0,"end":20,"url":null,"entity_id":"Q906879","candidates":[]}],[{"start":0,"end":8,"url":null,"entity_id":"Q215","candidates":[]}]],[[{"start":0,"end":29,"url":null,"entity_id":"Q18515906","candidates":[]}],[{"start":0,"end":7,"url":null,"entity_id":"Q2661605","candidates":[]}],[{"start":0,"end":20,"url":null,"entity_id":"Q906879","candidates":[]}],[{"start":0,"end":8,"url":null,"entity_id":"Q215","candidates":[]}]],[[{"start":0,"end":21,"url":null,"entity_id":"Q21343344","candidates":[]}],[{"start":0,"end":39,"url":null,"entity_id":"Q612076","candidates":[]}],[{"start":0,"end":21,"url":null,"entity_id":"Q779018","candidates":[]}],[{"start":0,"end":8,"url":null,"entity_id":"Q215","candidates":[]}]],[[{"start":0,"end":24,"url":null,"entity_id":"Q18515912","candidates":[]}],[{"start":0,"end":20,"url":null,"entity_id":"Q15710232","candidates":[]}],[{"start":0,"end":21,"url":null,"entity_id":"Q15925","candidates":[]}],[{"start":0,"end":8,"url":null,"entity_id":"Q215","candidates":[]}]],[[{"start":0,"end":18,"url":null,"entity_id":"Q18515921","candidates":[]}],[{"start":0,"end":18,"url":null,"entity_id":"Q2740289","candidates":[]}],[{"start":0,"end":23,"url":null,"entity_id":"Q15910","candidates":[]}],[{"start":0,"end":8,"url":null,"entity_id":"Q215","candidates":[]}]],[[{"start":0,"end":19,"url":null,"entity_id":"Q21571493","candidates":[]}],[{"start":0,"end":11,"url":null,"entity_id":"Q1728477","candidates":[]}],[{"start":0,"end":9,"url":null,"entity_id":"Q525864","candidates":[]}],[{"start":0,"end":7,"url":null,"entity_id":"Q183","candidates":[]}]],[[{"start":0,"end":12,"url":null,"entity_id":"Q21683153","candidates":[]}],[{"start":0,"end":25,"url":null,"entity_id":"Q810299","candidates":[]}],[{"start":0,"end":12,"url":null,"entity_id":"Q503640","candidates":[]}],[{"start":0,"end":7,"url":null,"entity_id":"Q183","candidates":[]}]],[[{"start":0,"end":25,"url":null,"entity_id":"Q26950743","candidates":[]}],[{"start":0,"end":9,"url":null,"entity_id":"Q18397175","candidates":[]}],[{"start":0,"end":4,"url":null,"entity_id":"Q161825","candidates":[]}],[{"start":0,"end":7,"url":null,"entity_id":"Q183","candidates":[]}]],[[{"start":0,"end":29,"url":null,"entity_id":"Q60351825","candidates":[]}],[{"start":0,"end":17,"url":null,"entity_id":"Q3282464","candidates":[]}],[{"start":0,"end":23,"url":null,"entity_id":"Q1016812","candidates":[]}],[{"start":0,"end":8,"url":null,"entity_id":"Q215","candidates":[]}]],[[{"start":0,"end":28,"url":null,"entity_id":"Q17547029","candidates":[]}],[{"start":0,"end":7,"url":null,"entity_id":"Q438","candidates":[]}],[{"start":0,"end":20,"url":null,"entity_id":"Q9014817","candidates":[]}],[{"start":0,"end":8,"url":null,"entity_id":"Q215","candidates":[]}]],[[{"start":0,"end":41,"url":null,"entity_id":"Q15699449","candidates":[]}],[{"start":0,"end":10,"url":null,"entity_id":"Q2689294","candidates":[]}],[{"start":0,"end":19,"url":null,"entity_id":"Q3661628","candidates":[]}],[{"start":0,"end":8,"url":null,"entity_id":"Q215","candidates":[]}]],[[{"start":0,"end":31,"url":null,"entity_id":"Q15711030","candidates":[]}],[{"start":0,"end":7,"url":null,"entity_id":"Q2327643","candidates":[]}],[{"start":0,"end":25,"url":null,"entity_id":"Q3435104","candidates":[]}],[{"start":0,"end":8,"url":null,"entity_id":"Q215","candidates":[]}]],[[{"start":0,"end":34,"url":null,"entity_id":"Q15732844","candidates":[]}],[{"start":0,"end":12,"url":null,"entity_id":"Q2145405","candidates":[]}],[{"start":0,"end":25,"url":null,"entity_id":"Q3435104","candidates":[]}],[{"start":0,"end":8,"url":null,"entity_id":"Q215","candidates":[]}]],[[{"start":0,"end":28,"url":null,"entity_id":"Q15648759","candidates":[]}],[{"start":0,"end":7,"url":null,"entity_id":"Q2304157","candidates":[]}],[{"start":0,"end":24,"url":null,"entity_id":"Q2318898","candidates":[]}],[{"start":0,"end":8,"url":null,"entity_id":"Q215","candidates":[]}]],[[{"start":0,"end":28,"url":null,"entity_id":"Q15708631","candidates":[]}],[{"start":0,"end":7,"url":null,"entity_id":"Q1003994","candidates":[]}],[{"start":0,"end":24,"url":null,"entity_id":"Q2318898","candidates":[]}],[{"start":0,"end":8,"url":null,"entity_id":"Q215","candidates":[]}]],[[{"start":0,"end":46,"url":null,"entity_id":"Q16865948","candidates":[]}],[{"start":0,"end":8,"url":null,"entity_id":"Q508732","candidates":[]}],[{"start":0,"end":19,"url":null,"entity_id":"Q1002229","candidates":[]}],[{"start":0,"end":8,"url":null,"entity_id":"Q215","candidates":[]}]],[[{"start":0,"end":17,"url":null,"entity_id":"Q18515874","candidates":[]}],[{"start":0,"end":17,"url":null,"entity_id":"Q1827375","candidates":[]}],[{"start":0,"end":22,"url":null,"entity_id":"Q849320","candidates":[]}],[{"start":0,"end":8,"url":null,"entity_id":"Q215","candidates":[]}]],[[{"start":0,"end":25,"url":null,"entity_id":"Q15868125","candidates":[]}],[{"start":0,"end":5,"url":null,"entity_id":"Q1382","candidates":[]}],[{"start":0,"end":18,"url":null,"entity_id":"Q565170","candidates":[]}],[{"start":0,"end":8,"url":null,"entity_id":"Q215","candidates":[]}]],[[{"start":0,"end":18,"url":null,"entity_id":"Q18515918","candidates":[]}],[{"start":0,"end":13,"url":null,"entity_id":"Q2836055","candidates":[]}],[{"start":0,"end":27,"url":null,"entity_id":"Q1008048","candidates":[]}],[{"start":0,"end":8,"url":null,"entity_id":"Q215","candidates":[]}]]]}