{"version":"1.2","table":{"version":"2","table_id":"BLVOBG6D","columns":[{"index":0,"name":"col0","values":["CD-46 11775","IRAS 17233-4330","V* AY Lep","V* V382 Aur","V* V2053 Oph","V* V1333 Sco","V* BZ Pyx","HD 107369","PS Gem","HD 161796","HD 105262","AC Herculis","DY Centauri","HD 124448","89 Herculis","U Monocerotis","V* ST Pup","V* EP Lyr","NAME Fehrenbach's star","IRAS 12360-5740"]},{"index":1,"name":"col1","values":["11.27","11.56","9.48","9.04","10.28","11.41","11.39","9.6","7.37","7.21","7.08","7.01","12","9.98","5.36","5.82","9.28","9.96","10.79","9.731"]},{"index":2,"name":"col2","values":["-0.72","-1","0","-1.3","0","-0.5","-0.5","-0.1","-4.5","-0.09","-1.87","-1.17","-2.44","0.2","-0.26","-0.39","-1.5","-1.5","-2.05","-0.4"]},{"index":3,"name":"col3","values":["0.0276","0.0197","0.6448","0.1111","0.102","0.1887","0.2464","0.3712","0.3169","0.34","0.5302","0.7843","0.05","0.5674","0.6893","0.9161","0.3712","0.1505","0.198","0.0464"]}]},"context":{"page_title":null,"page_url":null,"page_entity_id":null,"content_hierarchy":[]},"links":[[[{"start":0,"end":15,"url":null,"entity_id":"Q82578903","candidates":[]}],[],[],[]],[[{"start":0,"end":9,"url":null,"entity_id":"Q80722580","candidates":[]}],[],[],[]],[[{"start":0,"end":11,"url":null,"entity_id":"Q80671494","candidates":[]}],[],[],[]],[[{"start":0,"end":12,"url":null,"entity_id":"Q76911194","candidates":[]}],[],[],[]],[[{"start":0,"end":12,"url":null,"entity_id":"Q76547087","candidates":[]}],[],[],[]],[[{"start":0,"end":9,"url":null,"entity_id":"Q75173851","candidates":[]}],[],[],[]],[[{"start":0,"end":9,"url":null,"entity_id":"Q75039233","candidates":[]}],[],[],[]],[[{"start":0,"end":6,"url":null,"entity_id":"Q66621668","candidates":[]}],[],[],[]],[[{"start":0,"end":9,"url":null,"entity_id":"Q66621667","candidates":[]}],[],[],[]],[[{"start":0,"end":9,"url":null,"entity_id":"Q66621665","candidates":[]}],[],[],[]],[[{"start":0,"end":11,"url":null,"entity_id":"Q20747511","candidates":[]}],[],[],[]],[[{"start":0,"end":11,"url":null,"entity_id":"Q18449942","candidates":[]}],[],[],[]],[[{"start":0,"end":9,"url":null,"entity_id":"Q12065057","candidates":[]}],[],[],[]],[[{"start":0,"end":11,"url":null,"entity_id":"Q4645135","candidates":[]}],[],[],[]],[[{"start":0,"end":13,"url":null,"entity_id":"Q4002423","candidates":[]}],[],[],[]],[[{"start":0,"end":9,"url":null,"entity_id":"Q86548953","candidates":[]}],[],[],[]],[[{"start":0,"end":9,"url":null,"entity_id":"Q86034373","candidates":[]}],[],[],[]],[[{"start":0,"end":22,"url":null,"entity_id":"Q84630306","candidates":[]}],[],[],[]],[[{"start":0,"end":15,"url":null,"entity_id":"Q84505613","candidates":[]}],[],[],[]],[[{"start":0,"end":11,"url":null,"entity_id":"Q83415747","candidates":[]}],[],[],[]]]}