{"version":"1.2","table":{"version":"2","table_id":"BN0COTVD","columns":[{"index":0,"name":"col0","values":["Pontde Normandie","Wadi el Kxf Bridge","Święuokrzyski Bridge","Uing Kau Brjdge","Skarnund Bridge","Nanp Bridge","Gueat Seto Bridge","Sainu-Nazaire Bridge","Oyapock River Bidge","Dongai Bridge","Second Severn Crossin","Martinus Nihoffbrug","Cn Thơ Bridge","Yokohama BayBrige","Danube city bidge","Batman Bidge","Øresnd Bridge","Sutog Bridge","HangzhouBay Bridge","Jiqtang Bridge"]},{"index":1,"name":"col1","values":["Le Havre","Libya","Warsaw","Tsuen Wan District","Inderøy","Shanghai","Kurashiki","Saint-Nazaire","Saint-Georges","Shanghai","Monmouthshire","Neerijnen","Cần Thơ","Yokohama","Vienna","Sidmouth","Tårnby Municipality","Suzhou","Zhejiang","Zhejiang"]},{"index":2,"name":"col2","values":["Route nationale 1029","Abraq Road","Voivodeship road 719","Route 3","Norwegian County Road 755","Shanghai Inner Ring Road","Honshi-Bisan Line","Route départementale 213","BR-156","Shanghai–Luchaogang Expressway","M4 motorway","A2 motorway","National Route 1A","Shuto Expressway","U2","Batman Highway","Oresund Line","G15 Shenyang–Haikou Expressway","G15 Shenyang–Haikou Expressway","G9211 Ningbo–Zhoushan Expressway"]},{"index":3,"name":"col3","values":["1988/01/01","1971/01/01","2000/10/06","1998/01/01","1991/12/19","1991/12/01","1988/01/01","1975/10/18","2017/03/01","2005/01/01","1996/01/01","1996/01/18","2010/01/01","1989/09/27","1997/03/01","1968/05/28","1999/01/01","2007/06/18","2008/05/01","2009/12/25"]}]},"context":{"page_title":null,"page_url":null,"page_entity_id":null,"content_hierarchy":[]},"links":[[[{"start":0,"end":18,"url":null,"entity_id":"Q996209","candidates":[]}],[{"start":0,"end":5,"url":null,"entity_id":"Q1016","candidates":[]}],[{"start":0,"end":10,"url":null,"entity_id":"Q56526110","candidates":[]}],[]],[[{"start":0,"end":20,"url":null,"entity_id":"Q387805","candidates":[]}],[{"start":0,"end":6,"url":null,"entity_id":"Q270","candidates":[]}],[{"start":0,"end":20,"url":null,"entity_id":"Q10914280","candidates":[]}],[]],[[{"start":0,"end":15,"url":null,"entity_id":"Q179329","candidates":[]}],[{"start":0,"end":18,"url":null,"entity_id":"Q878514","candidates":[]}],[{"start":0,"end":7,"url":null,"entity_id":"Q7371439","candidates":[]}],[]],[[{"start":0,"end":15,"url":null,"entity_id":"Q852967","candidates":[]}],[{"start":0,"end":7,"url":null,"entity_id":"Q488970","candidates":[]}],[{"start":0,"end":25,"url":null,"entity_id":"Q6370182","candidates":[]}],[]],[[{"start":0,"end":11,"url":null,"entity_id":"Q910848","candidates":[]}],[{"start":0,"end":8,"url":null,"entity_id":"Q8686","candidates":[]}],[{"start":0,"end":24,"url":null,"entity_id":"Q6035541","candidates":[]}],[]],[[{"start":0,"end":17,"url":null,"entity_id":"Q976648","candidates":[]}],[{"start":0,"end":9,"url":null,"entity_id":"Q467487","candidates":[]}],[{"start":0,"end":17,"url":null,"entity_id":"Q4980774","candidates":[]}],[]],[[{"start":0,"end":20,"url":null,"entity_id":"Q1060111","candidates":[]}],[{"start":0,"end":13,"url":null,"entity_id":"Q152027","candidates":[]}],[{"start":0,"end":24,"url":null,"entity_id":"Q3444274","candidates":[]}],[]],[[{"start":0,"end":19,"url":null,"entity_id":"Q996255","candidates":[]}],[{"start":0,"end":13,"url":null,"entity_id":"Q731606","candidates":[]}],[{"start":0,"end":6,"url":null,"entity_id":"Q2877417","candidates":[]}],[]],[[{"start":0,"end":13,"url":null,"entity_id":"Q338136","candidates":[]}],[{"start":0,"end":8,"url":null,"entity_id":"Q8686","candidates":[]}],[{"start":0,"end":30,"url":null,"entity_id":"Q2381094","candidates":[]}],[]],[[{"start":0,"end":21,"url":null,"entity_id":"Q1287969","candidates":[]}],[{"start":0,"end":13,"url":null,"entity_id":"Q207176","candidates":[]}],[{"start":0,"end":11,"url":null,"entity_id":"Q1638174","candidates":[]}],[]],[[{"start":0,"end":19,"url":null,"entity_id":"Q769478","candidates":[]}],[{"start":0,"end":9,"url":null,"entity_id":"Q932089","candidates":[]}],[{"start":0,"end":11,"url":null,"entity_id":"Q1422024","candidates":[]}],[]],[[{"start":0,"end":13,"url":null,"entity_id":"Q1151193","candidates":[]}],[{"start":0,"end":7,"url":null,"entity_id":"Q216075","candidates":[]}],[{"start":0,"end":17,"url":null,"entity_id":"Q1372266","candidates":[]}],[]],[[{"start":0,"end":17,"url":null,"entity_id":"Q1138655","candidates":[]}],[{"start":0,"end":8,"url":null,"entity_id":"Q38283","candidates":[]}],[{"start":0,"end":16,"url":null,"entity_id":"Q1369525","candidates":[]}],[]],[[{"start":0,"end":17,"url":null,"entity_id":"Q877703","candidates":[]}],[{"start":0,"end":6,"url":null,"entity_id":"Q1741","candidates":[]}],[{"start":0,"end":2,"url":null,"entity_id":"Q873397","candidates":[]}],[]],[[{"start":0,"end":12,"url":null,"entity_id":"Q810853","candidates":[]}],[{"start":0,"end":8,"url":null,"entity_id":"Q17348182","candidates":[]}],[{"start":0,"end":14,"url":null,"entity_id":"Q810852","candidates":[]}],[]],[[{"start":0,"end":13,"url":null,"entity_id":"Q297871","candidates":[]}],[{"start":0,"end":19,"url":null,"entity_id":"Q282496","candidates":[]}],[{"start":0,"end":12,"url":null,"entity_id":"Q802562","candidates":[]}],[]],[[{"start":0,"end":12,"url":null,"entity_id":"Q568902","candidates":[]}],[{"start":0,"end":6,"url":null,"entity_id":"Q42622","candidates":[]}],[{"start":0,"end":30,"url":null,"entity_id":"Q785443","candidates":[]}],[]],[[{"start":0,"end":18,"url":null,"entity_id":"Q326249","candidates":[]}],[{"start":0,"end":8,"url":null,"entity_id":"Q16967","candidates":[]}],[{"start":0,"end":30,"url":null,"entity_id":"Q785443","candidates":[]}],[]],[[{"start":0,"end":14,"url":null,"entity_id":"Q1015411","candidates":[]}],[{"start":0,"end":8,"url":null,"entity_id":"Q16967","candidates":[]}],[{"start":0,"end":32,"url":null,"entity_id":"Q785350","candidates":[]}],[]],[[{"start":0,"end":16,"url":null,"entity_id":"Q504710","candidates":[]}],[{"start":0,"end":8,"url":null,"entity_id":"Q42810","candidates":[]}],[{"start":0,"end":20,"url":null,"entity_id":"Q62678877","candidates":[]}],[]]]}