{"version":"1.2","table":{"version":"2","table_id":"BNSZLGFP","columns":[{"index":0,"name":"col0","values":["Stuffed Artichke","chảtrứng","leskovačka kavusma","krguša","Ka tiridi","goulas","boboti","Gdo-gado","Saure Zipgel","tkoyaki","Tuli Tava","Spankorizo","Kağıtkebabı","Donejo en salmorejo","sautéed#reindeer","Bamba","Lontog","Ugali","Pqrkkanalaatikko","trnkatsu"]},{"index":1,"name":"col1","values":["globe artichoke","egg","pork rind","dough","bulgur","meat","minced meat","vegetable","Bratwurst","Welsh onion","Oryza sativa","Anethum graveolens","pepper","rabbit","reindeer meat","peanut butter","water","corn flour","carrot","pork"]},{"index":2,"name":"col2","values":["Morocco","Vietnam","Serbia","Bosnia and Herzegovina","Turkey","Kingdom of Hungary","South Africa","Indonesia","Germany","Japan","North Macedonia","Greece","Turkey","Spain","Norway","Israel","Indonesia","Kenya","Finland","Japan"]}]},"context":{"page_title":null,"page_url":null,"page_entity_id":null,"content_hierarchy":[]},"links":[[[{"start":0,"end":8,"url":null,"entity_id":"Q54371849","candidates":[]}],[{"start":0,"end":3,"url":null,"entity_id":"Q93189","candidates":[]}],[{"start":0,"end":7,"url":null,"entity_id":"Q881","candidates":[]}]],[[{"start":0,"end":18,"url":null,"entity_id":"Q61134376","candidates":[]}],[{"start":0,"end":9,"url":null,"entity_id":"Q3695900","candidates":[]}],[{"start":0,"end":6,"url":null,"entity_id":"Q403","candidates":[]}]],[[{"start":0,"end":6,"url":null,"entity_id":"Q61129128","candidates":[]}],[{"start":0,"end":5,"url":null,"entity_id":"Q178024","candidates":[]}],[{"start":0,"end":22,"url":null,"entity_id":"Q225","candidates":[]}]],[[{"start":0,"end":9,"url":null,"entity_id":"Q19515766","candidates":[]}],[{"start":0,"end":6,"url":null,"entity_id":"Q250432","candidates":[]}],[{"start":0,"end":6,"url":null,"entity_id":"Q43","candidates":[]}]],[[{"start":0,"end":6,"url":null,"entity_id":"Q205762","candidates":[]}],[{"start":0,"end":4,"url":null,"entity_id":"Q10990","candidates":[]}],[{"start":0,"end":18,"url":null,"entity_id":"Q171150","candidates":[]}]],[[{"start":0,"end":6,"url":null,"entity_id":"Q888832","candidates":[]}],[{"start":0,"end":11,"url":null,"entity_id":"Q13400960","candidates":[]}],[{"start":0,"end":12,"url":null,"entity_id":"Q258","candidates":[]}]],[[{"start":0,"end":8,"url":null,"entity_id":"Q209304","candidates":[]}],[{"start":0,"end":9,"url":null,"entity_id":"Q11004","candidates":[]}],[{"start":0,"end":9,"url":null,"entity_id":"Q252","candidates":[]}]],[[{"start":0,"end":12,"url":null,"entity_id":"Q882556","candidates":[]}],[{"start":0,"end":9,"url":null,"entity_id":"Q899882","candidates":[]}],[{"start":0,"end":7,"url":null,"entity_id":"Q183","candidates":[]}]],[[{"start":0,"end":7,"url":null,"entity_id":"Q905527","candidates":[]}],[{"start":0,"end":11,"url":null,"entity_id":"Q27938","candidates":[]}],[{"start":0,"end":5,"url":null,"entity_id":"Q17","candidates":[]}]],[[{"start":0,"end":9,"url":null,"entity_id":"Q7855577","candidates":[]}],[{"start":0,"end":12,"url":null,"entity_id":"Q161426","candidates":[]}],[{"start":0,"end":15,"url":null,"entity_id":"Q221","candidates":[]}]],[[{"start":0,"end":10,"url":null,"entity_id":"Q7573059","candidates":[]}],[{"start":0,"end":18,"url":null,"entity_id":"Q26686","candidates":[]}],[{"start":0,"end":6,"url":null,"entity_id":"Q41","candidates":[]}]],[[{"start":0,"end":11,"url":null,"entity_id":"Q6009729","candidates":[]}],[{"start":0,"end":6,"url":null,"entity_id":"Q3143131","candidates":[]}],[{"start":0,"end":6,"url":null,"entity_id":"Q43","candidates":[]}]],[[{"start":0,"end":19,"url":null,"entity_id":"Q2891036","candidates":[]}],[{"start":0,"end":6,"url":null,"entity_id":"Q9394","candidates":[]}],[{"start":0,"end":5,"url":null,"entity_id":"Q29","candidates":[]}]],[[{"start":0,"end":16,"url":null,"entity_id":"Q3505757","candidates":[]}],[{"start":0,"end":13,"url":null,"entity_id":"Q10650944","candidates":[]}],[{"start":0,"end":6,"url":null,"entity_id":"Q20","candidates":[]}]],[[{"start":0,"end":5,"url":null,"entity_id":"Q1349413","candidates":[]}],[{"start":0,"end":13,"url":null,"entity_id":"Q147651","candidates":[]}],[{"start":0,"end":6,"url":null,"entity_id":"Q801","candidates":[]}]],[[{"start":0,"end":6,"url":null,"entity_id":"Q1683716","candidates":[]}],[{"start":0,"end":5,"url":null,"entity_id":"Q283","candidates":[]}],[{"start":0,"end":9,"url":null,"entity_id":"Q252","candidates":[]}]],[[{"start":0,"end":5,"url":null,"entity_id":"Q1435874","candidates":[]}],[{"start":0,"end":10,"url":null,"entity_id":"Q837118","candidates":[]}],[{"start":0,"end":5,"url":null,"entity_id":"Q114","candidates":[]}]],[[{"start":0,"end":16,"url":null,"entity_id":"Q1137574","candidates":[]}],[{"start":0,"end":6,"url":null,"entity_id":"Q81","candidates":[]}],[{"start":0,"end":7,"url":null,"entity_id":"Q33","candidates":[]}]],[[{"start":0,"end":8,"url":null,"entity_id":"Q1142841","candidates":[]}],[{"start":0,"end":4,"url":null,"entity_id":"Q191768","candidates":[]}],[{"start":0,"end":5,"url":null,"entity_id":"Q17","candidates":[]}]],[[{"start":0,"end":16,"url":null,"entity_id":"Q53014370","candidates":[]}],[{"start":0,"end":15,"url":null,"entity_id":"Q23041430","candidates":[]}],[{"start":0,"end":7,"url":null,"entity_id":"Q1028","candidates":[]}]]]}