{"version":"1.2","table":{"version":"2","table_id":"BO83XR4P","columns":[{"index":0,"name":"col0","values":["Cervisia","Cantor","KTooN","BasKet Note Pads","Source Filmmaker","KLettres","KBibTeX","KBruch","CodeAnalyst","Filelight","OpenSCAD","MeshLab","KColorEdit","Kdetv","KPhotoAlbum","BEAST","MediaInfo","Windows Phone","GNOME Disk Usage Analyzer","PeaZip"]},{"index":1,"name":"col1","values":["Qt","Qt","Qt","Qt","Qt","Qt","Qt","Qt","Qt","Qt","Qt","Qt","Qt","Qt","Qt","GTK","command-line interface","Metro","GTK","GTK"]},{"index":2,"name":"col2","values":["C++","C++","C++","C++","C++","C++","C++","C++","C++","C++","C++","C++","C++","C++","C++","C++","C++","C#","Vala","Pascal"]}]},"context":{"page_title":null,"page_url":null,"page_entity_id":null,"content_hierarchy":[]},"links":[[[{"start":0,"end":6,"url":null,"entity_id":"Q5034025","candidates":[]}],[{"start":0,"end":2,"url":null,"entity_id":"Q201904","candidates":[]}],[{"start":0,"end":3,"url":null,"entity_id":"Q2407","candidates":[]}]],[[{"start":0,"end":5,"url":null,"entity_id":"Q4893185","candidates":[]}],[{"start":0,"end":2,"url":null,"entity_id":"Q201904","candidates":[]}],[{"start":0,"end":3,"url":null,"entity_id":"Q2407","candidates":[]}]],[[{"start":0,"end":16,"url":null,"entity_id":"Q4866140","candidates":[]}],[{"start":0,"end":2,"url":null,"entity_id":"Q201904","candidates":[]}],[{"start":0,"end":3,"url":null,"entity_id":"Q2407","candidates":[]}]],[[{"start":0,"end":16,"url":null,"entity_id":"Q4049816","candidates":[]}],[{"start":0,"end":2,"url":null,"entity_id":"Q201904","candidates":[]}],[{"start":0,"end":3,"url":null,"entity_id":"Q2407","candidates":[]}]],[[{"start":0,"end":8,"url":null,"entity_id":"Q4041992","candidates":[]}],[{"start":0,"end":2,"url":null,"entity_id":"Q201904","candidates":[]}],[{"start":0,"end":3,"url":null,"entity_id":"Q2407","candidates":[]}]],[[{"start":0,"end":7,"url":null,"entity_id":"Q4041973","candidates":[]}],[{"start":0,"end":2,"url":null,"entity_id":"Q201904","candidates":[]}],[{"start":0,"end":3,"url":null,"entity_id":"Q2407","candidates":[]}]],[[{"start":0,"end":6,"url":null,"entity_id":"Q4041971","candidates":[]}],[{"start":0,"end":2,"url":null,"entity_id":"Q201904","candidates":[]}],[{"start":0,"end":3,"url":null,"entity_id":"Q2407","candidates":[]}]],[[{"start":0,"end":11,"url":null,"entity_id":"Q4036355","candidates":[]}],[{"start":0,"end":2,"url":null,"entity_id":"Q201904","candidates":[]}],[{"start":0,"end":3,"url":null,"entity_id":"Q2407","candidates":[]}]],[[{"start":0,"end":9,"url":null,"entity_id":"Q3510027","candidates":[]}],[{"start":0,"end":2,"url":null,"entity_id":"Q201904","candidates":[]}],[{"start":0,"end":3,"url":null,"entity_id":"Q2407","candidates":[]}]],[[{"start":0,"end":8,"url":null,"entity_id":"Q3353120","candidates":[]}],[{"start":0,"end":2,"url":null,"entity_id":"Q201904","candidates":[]}],[{"start":0,"end":3,"url":null,"entity_id":"Q2407","candidates":[]}]],[[{"start":0,"end":7,"url":null,"entity_id":"Q3306840","candidates":[]}],[{"start":0,"end":2,"url":null,"entity_id":"Q201904","candidates":[]}],[{"start":0,"end":3,"url":null,"entity_id":"Q2407","candidates":[]}]],[[{"start":0,"end":10,"url":null,"entity_id":"Q3267836","candidates":[]}],[{"start":0,"end":2,"url":null,"entity_id":"Q201904","candidates":[]}],[{"start":0,"end":3,"url":null,"entity_id":"Q2407","candidates":[]}]],[[{"start":0,"end":5,"url":null,"entity_id":"Q3194556","candidates":[]}],[{"start":0,"end":2,"url":null,"entity_id":"Q201904","candidates":[]}],[{"start":0,"end":3,"url":null,"entity_id":"Q2407","candidates":[]}]],[[{"start":0,"end":11,"url":null,"entity_id":"Q3191488","candidates":[]}],[{"start":0,"end":2,"url":null,"entity_id":"Q201904","candidates":[]}],[{"start":0,"end":3,"url":null,"entity_id":"Q2407","candidates":[]}]],[[{"start":0,"end":5,"url":null,"entity_id":"Q4835406","candidates":[]}],[{"start":0,"end":3,"url":null,"entity_id":"Q189464","candidates":[]}],[{"start":0,"end":3,"url":null,"entity_id":"Q2407","candidates":[]}]],[[{"start":0,"end":9,"url":null,"entity_id":"Q3898244","candidates":[]}],[{"start":0,"end":22,"url":null,"entity_id":"Q189053","candidates":[]}],[{"start":0,"end":3,"url":null,"entity_id":"Q2407","candidates":[]}]],[[{"start":0,"end":13,"url":null,"entity_id":"Q4885200","candidates":[]}],[{"start":0,"end":5,"url":null,"entity_id":"Q1148750","candidates":[]}],[{"start":0,"end":2,"url":null,"entity_id":"Q2370","candidates":[]}]],[[{"start":0,"end":25,"url":null,"entity_id":"Q1792893","candidates":[]}],[{"start":0,"end":3,"url":null,"entity_id":"Q189464","candidates":[]}],[{"start":0,"end":4,"url":null,"entity_id":"Q1138939","candidates":[]}]],[[{"start":0,"end":6,"url":null,"entity_id":"Q1275912","candidates":[]}],[{"start":0,"end":3,"url":null,"entity_id":"Q189464","candidates":[]}],[{"start":0,"end":6,"url":null,"entity_id":"Q81571","candidates":[]}]],[[{"start":0,"end":8,"url":null,"entity_id":"Q5065378","candidates":[]}],[{"start":0,"end":2,"url":null,"entity_id":"Q201904","candidates":[]}],[{"start":0,"end":3,"url":null,"entity_id":"Q2407","candidates":[]}]]]}