{"version":"1.2","table":{"version":"2","table_id":"BOKB4NZ0","columns":[{"index":0,"name":"col0","values":["Live at Maybeck Recital Hall, Volume Fourteen","Live at Maybeck Recital Hall, Volume Five","Duetos 2","Nougaro sur scène","Live at Maybeck Recital Hall, Volume Eight","Le Tour de France 88","At Maybeck - Maybeck Recital Hall Series Volume Thirty","At Maybeck: Maybeck Recital Hall Series Volume 27","At Maybeck: Maybeck Recital Hall Series Volume Twenty-Two","Live at Maybeck Recital Hall, Volume Fifteen","Roberto Carlos","Duetos","Une voix · Dix doigts","L'Ami","At Maybeck - Maybeck Recital Hall Series Volume Forty-Two","E a música de Tom Jobim","Symphonique","Live at the Maybeck Recital Hall, Volume Nine","Live at Maybeck Recital Hall, Volume Sixteen","At Maybeck - Maybeck Recital Hall Series Volume Thirty-Nine"]},{"index":1,"name":"col1","values":["United States of America","United States of America","Brazil","France","United States of America","France","United States of America","United States of America","United States of America","United States of America","Brazil","Brazil","France","France","United States of America","Brazil","France","United States of America","United States of America","United States of America"]},{"index":2,"name":"col2","values":["14","14","12","12","12","13","12","12","12","13","14","14","14","14","13","16","17","16","17","10"]}]},"context":{"page_title":null,"page_url":null,"page_entity_id":null,"content_hierarchy":[]},"links":[[[{"start":0,"end":41,"url":null,"entity_id":"Q48806583","candidates":[]}],[{"start":0,"end":24,"url":null,"entity_id":"Q30","candidates":[]}],[]],[[{"start":0,"end":8,"url":null,"entity_id":"Q20050447","candidates":[]}],[{"start":0,"end":6,"url":null,"entity_id":"Q155","candidates":[]}],[]],[[{"start":0,"end":17,"url":null,"entity_id":"Q20760182","candidates":[]}],[{"start":0,"end":6,"url":null,"entity_id":"Q142","candidates":[]}],[]],[[{"start":0,"end":42,"url":null,"entity_id":"Q48806661","candidates":[]}],[{"start":0,"end":24,"url":null,"entity_id":"Q30","candidates":[]}],[]],[[{"start":0,"end":20,"url":null,"entity_id":"Q3227720","candidates":[]}],[{"start":0,"end":6,"url":null,"entity_id":"Q142","candidates":[]}],[]],[[{"start":0,"end":54,"url":null,"entity_id":"Q57981378","candidates":[]}],[{"start":0,"end":24,"url":null,"entity_id":"Q30","candidates":[]}],[]],[[{"start":0,"end":49,"url":null,"entity_id":"Q57981335","candidates":[]}],[{"start":0,"end":24,"url":null,"entity_id":"Q30","candidates":[]}],[]],[[{"start":0,"end":57,"url":null,"entity_id":"Q57981196","candidates":[]}],[{"start":0,"end":24,"url":null,"entity_id":"Q30","candidates":[]}],[]],[[{"start":0,"end":44,"url":null,"entity_id":"Q24965303","candidates":[]}],[{"start":0,"end":24,"url":null,"entity_id":"Q30","candidates":[]}],[]],[[{"start":0,"end":14,"url":null,"entity_id":"Q10363300","candidates":[]}],[{"start":0,"end":6,"url":null,"entity_id":"Q155","candidates":[]}],[]],[[{"start":0,"end":6,"url":null,"entity_id":"Q10363267","candidates":[]}],[{"start":0,"end":6,"url":null,"entity_id":"Q155","candidates":[]}],[]],[[{"start":0,"end":21,"url":null,"entity_id":"Q3549875","candidates":[]}],[{"start":0,"end":6,"url":null,"entity_id":"Q142","candidates":[]}],[]],[[{"start":0,"end":5,"url":null,"entity_id":"Q3216570","candidates":[]}],[{"start":0,"end":6,"url":null,"entity_id":"Q142","candidates":[]}],[]],[[{"start":0,"end":57,"url":null,"entity_id":"Q57983247","candidates":[]}],[{"start":0,"end":24,"url":null,"entity_id":"Q30","candidates":[]}],[]],[[{"start":0,"end":23,"url":null,"entity_id":"Q10363312","candidates":[]}],[{"start":0,"end":6,"url":null,"entity_id":"Q155","candidates":[]}],[]],[[{"start":0,"end":11,"url":null,"entity_id":"Q3507903","candidates":[]}],[{"start":0,"end":6,"url":null,"entity_id":"Q142","candidates":[]}],[]],[[{"start":0,"end":45,"url":null,"entity_id":"Q27818448","candidates":[]}],[{"start":0,"end":24,"url":null,"entity_id":"Q30","candidates":[]}],[]],[[{"start":0,"end":44,"url":null,"entity_id":"Q20813642","candidates":[]}],[{"start":0,"end":24,"url":null,"entity_id":"Q30","candidates":[]}],[]],[[{"start":0,"end":59,"url":null,"entity_id":"Q57983157","candidates":[]}],[{"start":0,"end":24,"url":null,"entity_id":"Q30","candidates":[]}],[]],[[{"start":0,"end":45,"url":null,"entity_id":"Q48807433","candidates":[]}],[{"start":0,"end":24,"url":null,"entity_id":"Q30","candidates":[]}],[]]]}