{"version":"1.2","table":{"version":"2","table_id":"BOMIVBRM","columns":[{"index":0,"name":"col0","values":["DSS J075617.22+462845.9","SDSS J080139.88+1613500","SDSS J075919.67,295142.0","SDSS J80048.82+204600.6","SDSS J075948.82+34587.4","SDSS J080111.21+491138.1","SDSS J075711.29+416940.4","SDVS J075820.36+291054.6","SDSS J080050.00+404118.4","SDSS J080137.48+213707.7","SDSS J080015.4+150811.1","SDSS J07599.28+240532.0","SDSS J0:5637.44+161807.5","SDSS J075716.17+145823.","SDSS J080111.3+061221.3","SDSS J080152.90+341515.9","SDSS L075910.66+254413.4","SDSS J080031.54+0:4218.0","SDSS J075946.92+14569.8","SDSS 075639.30+243181.4"]},{"index":1,"name":"col1","values":["19.587456","19.541003999999997","19.360656000000002","19.744236","19.36384","20.028644999999997","19.433","19.6624134","20.379665999999997","19.73904","20.08991","20.6742536","19.866148","19.882919999999995","19.107433","19.653302","20.309407999999998","20.801818799999996","19.52238","19.923074"]},{"index":2,"name":"col2","values":["-0.14412999999999998","-0.8785000000000001","0.6850799999999999","-6.27936","-1.181376","0.103376","-1.074244","-0.522114","-4.764242","-1.954","-1.2562499999999999","-0.538836","0.14328","-6.338652","-0.886648","-1.448205","-0.308448","-4.234","-1.4242599999999999","-3.1055879999999996"]}]},"context":{"page_title":null,"page_url":null,"page_entity_id":null,"content_hierarchy":[]},"links":[[[{"start":0,"end":23,"url":null,"entity_id":"Q74688513","candidates":[]}],[],[]],[[{"start":0,"end":23,"url":null,"entity_id":"Q74688508","candidates":[]}],[],[]],[[{"start":0,"end":24,"url":null,"entity_id":"Q74688496","candidates":[]}],[],[]],[[{"start":0,"end":23,"url":null,"entity_id":"Q74688493","candidates":[]}],[],[]],[[{"start":0,"end":23,"url":null,"entity_id":"Q74688471","candidates":[]}],[],[]],[[{"start":0,"end":24,"url":null,"entity_id":"Q74688461","candidates":[]}],[],[]],[[{"start":0,"end":24,"url":null,"entity_id":"Q74688380","candidates":[]}],[],[]],[[{"start":0,"end":24,"url":null,"entity_id":"Q74688374","candidates":[]}],[],[]],[[{"start":0,"end":24,"url":null,"entity_id":"Q74688371","candidates":[]}],[],[]],[[{"start":0,"end":24,"url":null,"entity_id":"Q74688367","candidates":[]}],[],[]],[[{"start":0,"end":23,"url":null,"entity_id":"Q74688352","candidates":[]}],[],[]],[[{"start":0,"end":23,"url":null,"entity_id":"Q74688348","candidates":[]}],[],[]],[[{"start":0,"end":24,"url":null,"entity_id":"Q74688336","candidates":[]}],[],[]],[[{"start":0,"end":23,"url":null,"entity_id":"Q74688332","candidates":[]}],[],[]],[[{"start":0,"end":23,"url":null,"entity_id":"Q74688312","candidates":[]}],[],[]],[[{"start":0,"end":24,"url":null,"entity_id":"Q74688259","candidates":[]}],[],[]],[[{"start":0,"end":24,"url":null,"entity_id":"Q74688253","candidates":[]}],[],[]],[[{"start":0,"end":24,"url":null,"entity_id":"Q74688250","candidates":[]}],[],[]],[[{"start":0,"end":23,"url":null,"entity_id":"Q74688236","candidates":[]}],[],[]],[[{"start":0,"end":23,"url":null,"entity_id":"Q74688204","candidates":[]}],[],[]]]}