{"version":"1.2","table":{"version":"2","table_id":"BQWU9KIZ","columns":[{"index":0,"name":"col0","values":["2009 Tour of Flanders for Women","2011 Open de Suède Vårgårda","2005 UCI Junior Road World Championships – Women's time trial","2012 Tour of Flanders for Women","2014 GP de Plouay","2013 La Flèche Wallonne Féminine","2013 Ronde van Drenthe World Cup","2013 Open de Suède Vårgårda","2013 Tour of Flanders for Women","2013 GP de Plouay","2009 Open de Suède Vårgårda","2015 UCI Road World Championships – Women's junior time trial","2015 UCI Road World Championships – Women's junior road race","2015 Crescent Women World Cup Vårgårda TTT","2014 Open de Suède Vårgårda TTT","2015 Tour of Flanders for Women","2014 Open de Suède Vårgårda","2015 Philadelphia Cycling Classic","2015 Trofeo Alfredo Binda-Comune di Cittiglio","2015 Ronde van Drenthe World Cup"]},{"index":1,"name":"col1","values":["Emma Johansson","Nicole Cooke","Lisa Brennauer","Judith Arndt","Marianne Vos","Marianne Vos","Marianne Vos","Marianne Vos","Marianne Vos","Marianne Vos","Marianne Vos","Emma White","Agnieszka Skalniak","Boels Dolmans 2015","Rabo Liv Women 2014","Jolien D'Hoore","Amy Pieters","Lizzie Deignan","Lizzie Deignan","Ellen van Dijk"]},{"index":2,"name":"col2","values":["women's sports","women's sports","women's sports","women's sports","women's sports","women's sports","women's sports","women's sports","women's sports","women's sports","women's sports","women's sports","women's sports","women's sports","women's sports","women's sports","women's sports","women's sports","women's sports","women's sports"]}]},"context":{"page_title":null,"page_url":null,"page_entity_id":null,"content_hierarchy":[]},"links":[[[{"start":0,"end":31,"url":null,"entity_id":"Q3768819","candidates":[]}],[{"start":0,"end":14,"url":null,"entity_id":"Q235027","candidates":[]}],[{"start":0,"end":14,"url":null,"entity_id":"Q920057","candidates":[]}]],[[{"start":0,"end":27,"url":null,"entity_id":"Q17008904","candidates":[]}],[{"start":0,"end":12,"url":null,"entity_id":"Q230996","candidates":[]}],[{"start":0,"end":14,"url":null,"entity_id":"Q920057","candidates":[]}]],[[{"start":0,"end":61,"url":null,"entity_id":"Q4604978","candidates":[]}],[{"start":0,"end":14,"url":null,"entity_id":"Q91193","candidates":[]}],[{"start":0,"end":14,"url":null,"entity_id":"Q920057","candidates":[]}]],[[{"start":0,"end":31,"url":null,"entity_id":"Q4626990","candidates":[]}],[{"start":0,"end":12,"url":null,"entity_id":"Q61161","candidates":[]}],[{"start":0,"end":14,"url":null,"entity_id":"Q920057","candidates":[]}]],[[{"start":0,"end":17,"url":null,"entity_id":"Q17988757","candidates":[]}],[{"start":0,"end":12,"url":null,"entity_id":"Q6242","candidates":[]}],[{"start":0,"end":14,"url":null,"entity_id":"Q920057","candidates":[]}]],[[{"start":0,"end":32,"url":null,"entity_id":"Q17068505","candidates":[]}],[{"start":0,"end":12,"url":null,"entity_id":"Q6242","candidates":[]}],[{"start":0,"end":14,"url":null,"entity_id":"Q920057","candidates":[]}]],[[{"start":0,"end":32,"url":null,"entity_id":"Q17010500","candidates":[]}],[{"start":0,"end":12,"url":null,"entity_id":"Q6242","candidates":[]}],[{"start":0,"end":14,"url":null,"entity_id":"Q920057","candidates":[]}]],[[{"start":0,"end":27,"url":null,"entity_id":"Q17008911","candidates":[]}],[{"start":0,"end":12,"url":null,"entity_id":"Q6242","candidates":[]}],[{"start":0,"end":14,"url":null,"entity_id":"Q920057","candidates":[]}]],[[{"start":0,"end":31,"url":null,"entity_id":"Q16274704","candidates":[]}],[{"start":0,"end":12,"url":null,"entity_id":"Q6242","candidates":[]}],[{"start":0,"end":14,"url":null,"entity_id":"Q920057","candidates":[]}]],[[{"start":0,"end":17,"url":null,"entity_id":"Q16154207","candidates":[]}],[{"start":0,"end":12,"url":null,"entity_id":"Q6242","candidates":[]}],[{"start":0,"end":14,"url":null,"entity_id":"Q920057","candidates":[]}]],[[{"start":0,"end":27,"url":null,"entity_id":"Q3883590","candidates":[]}],[{"start":0,"end":12,"url":null,"entity_id":"Q6242","candidates":[]}],[{"start":0,"end":14,"url":null,"entity_id":"Q920057","candidates":[]}]],[[{"start":0,"end":61,"url":null,"entity_id":"Q20992281","candidates":[]}],[{"start":0,"end":10,"url":null,"entity_id":"Q24300644","candidates":[]}],[{"start":0,"end":14,"url":null,"entity_id":"Q920057","candidates":[]}]],[[{"start":0,"end":60,"url":null,"entity_id":"Q21005367","candidates":[]}],[{"start":0,"end":18,"url":null,"entity_id":"Q20829580","candidates":[]}],[{"start":0,"end":14,"url":null,"entity_id":"Q920057","candidates":[]}]],[[{"start":0,"end":42,"url":null,"entity_id":"Q23044679","candidates":[]}],[{"start":0,"end":18,"url":null,"entity_id":"Q18701965","candidates":[]}],[{"start":0,"end":14,"url":null,"entity_id":"Q920057","candidates":[]}]],[[{"start":0,"end":31,"url":null,"entity_id":"Q18124859","candidates":[]}],[{"start":0,"end":19,"url":null,"entity_id":"Q17514169","candidates":[]}],[{"start":0,"end":14,"url":null,"entity_id":"Q920057","candidates":[]}]],[[{"start":0,"end":31,"url":null,"entity_id":"Q20648065","candidates":[]}],[{"start":0,"end":14,"url":null,"entity_id":"Q440790","candidates":[]}],[{"start":0,"end":14,"url":null,"entity_id":"Q920057","candidates":[]}]],[[{"start":0,"end":27,"url":null,"entity_id":"Q18127156","candidates":[]}],[{"start":0,"end":11,"url":null,"entity_id":"Q277949","candidates":[]}],[{"start":0,"end":14,"url":null,"entity_id":"Q920057","candidates":[]}]],[[{"start":0,"end":33,"url":null,"entity_id":"Q22024750","candidates":[]}],[{"start":0,"end":14,"url":null,"entity_id":"Q254811","candidates":[]}],[{"start":0,"end":14,"url":null,"entity_id":"Q920057","candidates":[]}]],[[{"start":0,"end":45,"url":null,"entity_id":"Q20648324","candidates":[]}],[{"start":0,"end":14,"url":null,"entity_id":"Q254811","candidates":[]}],[{"start":0,"end":14,"url":null,"entity_id":"Q920057","candidates":[]}]],[[{"start":0,"end":32,"url":null,"entity_id":"Q20648638","candidates":[]}],[{"start":0,"end":14,"url":null,"entity_id":"Q241961","candidates":[]}],[{"start":0,"end":14,"url":null,"entity_id":"Q920057","candidates":[]}]]]}