{"version":"1.2","table":{"version":"2","table_id":"BRLYL8E7","columns":[{"index":0,"name":"col0","values":["Cycling at the 2013 Games of the Small States of Europe","Football at the 2013 Bolivarian Games","Football at the 2013 East Asian Games","Football at the 2013 Southeast Asian Games","Volleyball at the 2013 Southeast Asian Games","Field hockey at the 2013 Summer Universiade – Women's tournament","Boxing at the 2015 All-Africa Games","Netball at the 1998 Commonwealth Games","Netball at the 2002 Commonwealth Games","Netball at the 2001 Southeast Asian Games","Netball at the 2015 Pacific Games","Netball at the 2015 Southeast Asian Games","Football at the 2002 Asian Games – Squads","Women's Football at the 2015 Pacific Games","Field hockey at the 1991 European Youth Olympic Days","Shooting at the 2010 Commonwealth Games – Women's 50 metre rifle three positions singles","Synchronized swimming at the 2010 South American Games","Synchronized swimming at the 2010 Central American and Caribbean Games","Women's team sabre at the 2011 World Fencing Championships","Women's sabre at the 2011 World Fencing Championships"]},{"index":1,"name":"col1","values":["women's sports","women's sports","women's sports","women's sports","women's sports","women's sports","amateur boxing","women's sports","women's sports","women's sports","women's sports","women's sports","women's association football","women's association football","women's sports","women's sports","women's sports","women's sports","women's sports","women's sports"]},{"index":2,"name":"col2","values":["road bicycle racing","association football","association football","association football","volleyball","field hockey","English boxing","netball","netball","netball","netball","netball","association football","association football","field hockey","shooting sport","synchronized swimming","swimming","fencing","fencing"]},{"index":3,"name":"col3","values":["2013-05-01","2013-01-01","2013-01-01","2013-01-01","2013-01-01","2013-01-01","2015-01-01","1998-01-01","2002-01-01","2001-01-01","2015-01-01","2015-01-01","2002-01-01","2015-01-01","1991-01-01","2010-01-01","2010-01-01","2010-01-01","2011-01-01","2011-01-01"]}]},"context":{"page_title":null,"page_url":null,"page_entity_id":null,"content_hierarchy":[]},"links":[[[{"start":0,"end":37,"url":null,"entity_id":"Q15199617","candidates":[]}],[{"start":0,"end":14,"url":null,"entity_id":"Q920057","candidates":[]}],[{"start":0,"end":20,"url":null,"entity_id":"Q2736","candidates":[]}],[]],[[{"start":0,"end":37,"url":null,"entity_id":"Q14931014","candidates":[]}],[{"start":0,"end":14,"url":null,"entity_id":"Q920057","candidates":[]}],[{"start":0,"end":20,"url":null,"entity_id":"Q2736","candidates":[]}],[]],[[{"start":0,"end":42,"url":null,"entity_id":"Q14624914","candidates":[]}],[{"start":0,"end":14,"url":null,"entity_id":"Q920057","candidates":[]}],[{"start":0,"end":20,"url":null,"entity_id":"Q2736","candidates":[]}],[]],[[{"start":0,"end":44,"url":null,"entity_id":"Q15303785","candidates":[]}],[{"start":0,"end":14,"url":null,"entity_id":"Q920057","candidates":[]}],[{"start":0,"end":10,"url":null,"entity_id":"Q1734","candidates":[]}],[]],[[{"start":0,"end":64,"url":null,"entity_id":"Q13634539","candidates":[]}],[{"start":0,"end":14,"url":null,"entity_id":"Q920057","candidates":[]}],[{"start":0,"end":12,"url":null,"entity_id":"Q1455","candidates":[]}],[]],[[{"start":0,"end":35,"url":null,"entity_id":"Q20986633","candidates":[]}],[{"start":0,"end":14,"url":null,"entity_id":"Q4573533","candidates":[]}],[{"start":0,"end":14,"url":null,"entity_id":"Q2922870","candidates":[]}],[]],[[{"start":0,"end":38,"url":null,"entity_id":"Q24947592","candidates":[]}],[{"start":0,"end":14,"url":null,"entity_id":"Q920057","candidates":[]}],[{"start":0,"end":7,"url":null,"entity_id":"Q231200","candidates":[]}],[]],[[{"start":0,"end":38,"url":null,"entity_id":"Q23305685","candidates":[]}],[{"start":0,"end":14,"url":null,"entity_id":"Q920057","candidates":[]}],[{"start":0,"end":7,"url":null,"entity_id":"Q231200","candidates":[]}],[]],[[{"start":0,"end":41,"url":null,"entity_id":"Q21006065","candidates":[]}],[{"start":0,"end":14,"url":null,"entity_id":"Q920057","candidates":[]}],[{"start":0,"end":7,"url":null,"entity_id":"Q231200","candidates":[]}],[]],[[{"start":0,"end":33,"url":null,"entity_id":"Q20638303","candidates":[]}],[{"start":0,"end":14,"url":null,"entity_id":"Q920057","candidates":[]}],[{"start":0,"end":7,"url":null,"entity_id":"Q231200","candidates":[]}],[]],[[{"start":0,"end":41,"url":null,"entity_id":"Q19840477","candidates":[]}],[{"start":0,"end":14,"url":null,"entity_id":"Q920057","candidates":[]}],[{"start":0,"end":7,"url":null,"entity_id":"Q231200","candidates":[]}],[]],[[{"start":0,"end":41,"url":null,"entity_id":"Q24944561","candidates":[]}],[{"start":0,"end":28,"url":null,"entity_id":"Q606060","candidates":[]}],[{"start":0,"end":20,"url":null,"entity_id":"Q2736","candidates":[]}],[]],[[{"start":0,"end":42,"url":null,"entity_id":"Q20640494","candidates":[]}],[{"start":0,"end":28,"url":null,"entity_id":"Q606060","candidates":[]}],[{"start":0,"end":20,"url":null,"entity_id":"Q2736","candidates":[]}],[]],[[{"start":0,"end":52,"url":null,"entity_id":"Q20807508","candidates":[]}],[{"start":0,"end":14,"url":null,"entity_id":"Q920057","candidates":[]}],[{"start":0,"end":12,"url":null,"entity_id":"Q1455","candidates":[]}],[]],[[{"start":0,"end":88,"url":null,"entity_id":"Q7500940","candidates":[]}],[{"start":0,"end":14,"url":null,"entity_id":"Q920057","candidates":[]}],[{"start":0,"end":14,"url":null,"entity_id":"Q206989","candidates":[]}],[]],[[{"start":0,"end":54,"url":null,"entity_id":"Q7662195","candidates":[]}],[{"start":0,"end":14,"url":null,"entity_id":"Q920057","candidates":[]}],[{"start":0,"end":21,"url":null,"entity_id":"Q180692","candidates":[]}],[]],[[{"start":0,"end":70,"url":null,"entity_id":"Q7662193","candidates":[]}],[{"start":0,"end":14,"url":null,"entity_id":"Q920057","candidates":[]}],[{"start":0,"end":8,"url":null,"entity_id":"Q31920","candidates":[]}],[]],[[{"start":0,"end":58,"url":null,"entity_id":"Q8031254","candidates":[]}],[{"start":0,"end":14,"url":null,"entity_id":"Q920057","candidates":[]}],[{"start":0,"end":7,"url":null,"entity_id":"Q12100","candidates":[]}],[]],[[{"start":0,"end":53,"url":null,"entity_id":"Q8031231","candidates":[]}],[{"start":0,"end":14,"url":null,"entity_id":"Q920057","candidates":[]}],[{"start":0,"end":7,"url":null,"entity_id":"Q12100","candidates":[]}],[]],[[{"start":0,"end":55,"url":null,"entity_id":"Q13409571","candidates":[]}],[{"start":0,"end":14,"url":null,"entity_id":"Q920057","candidates":[]}],[{"start":0,"end":19,"url":null,"entity_id":"Q3609","candidates":[]}],[]]]}