{"version":"1.2","table":{"version":"2","table_id":"BRMZVYZG","columns":[{"index":0,"name":"col0","values":["Messier 23","Wild Duck Cluster","Messier 7","Butterfly Cluster","Stock 2","C 1235-509","Blanco 1","IC 166","C 0652-245","IC 4756","NGC 6256","NGC 6253","NGC 6208","IC 4665","IC 4651","NGC 6268","Coma Star Cluster","NGC 7245","NGC 7209","NGC 2194"]},{"index":1,"name":"col1","values":["-0.04","0.16","0.02","0.07","0.17","-1.46","0.03","-0.17","-0.32","0.02","-1.63","0.34","-0.01","-0.03","0.12","0.14","0","-0.15","0.07","-0.09"]},{"index":2,"name":"col2","values":["5.5","5.8","3.3","4.2","4.4","11.204","4.5","11.7","2.6","4.6","11.3","10.2","7.2","4.2","6.9","9.5","1.8","9.2","7.7","8.5"]}]},"context":{"page_title":null,"page_url":null,"page_entity_id":null,"content_hierarchy":[]},"links":[[[{"start":0,"end":10,"url":null,"entity_id":"Q11396","candidates":[]}],[],[]],[[{"start":0,"end":17,"url":null,"entity_id":"Q11294","candidates":[]}],[],[]],[[{"start":0,"end":9,"url":null,"entity_id":"Q11234","candidates":[]}],[],[]],[[{"start":0,"end":17,"url":null,"entity_id":"Q11225","candidates":[]}],[],[]],[[{"start":0,"end":7,"url":null,"entity_id":"Q66477182","candidates":[]}],[],[]],[[{"start":0,"end":10,"url":null,"entity_id":"Q9324051","candidates":[]}],[],[]],[[{"start":0,"end":8,"url":null,"entity_id":"Q9174188","candidates":[]}],[],[]],[[{"start":0,"end":6,"url":null,"entity_id":"Q3715575","candidates":[]}],[],[]],[[{"start":0,"end":10,"url":null,"entity_id":"Q3696404","candidates":[]}],[],[]],[[{"start":0,"end":7,"url":null,"entity_id":"Q2738662","candidates":[]}],[],[]],[[{"start":0,"end":8,"url":null,"entity_id":"Q2089329","candidates":[]}],[],[]],[[{"start":0,"end":8,"url":null,"entity_id":"Q1996552","candidates":[]}],[],[]],[[{"start":0,"end":8,"url":null,"entity_id":"Q1778872","candidates":[]}],[],[]],[[{"start":0,"end":7,"url":null,"entity_id":"Q1653342","candidates":[]}],[],[]],[[{"start":0,"end":7,"url":null,"entity_id":"Q1653326","candidates":[]}],[],[]],[[{"start":0,"end":8,"url":null,"entity_id":"Q1432311","candidates":[]}],[],[]],[[{"start":0,"end":17,"url":null,"entity_id":"Q1154698","candidates":[]}],[],[]],[[{"start":0,"end":8,"url":null,"entity_id":"Q1150450","candidates":[]}],[],[]],[[{"start":0,"end":8,"url":null,"entity_id":"Q1150236","candidates":[]}],[],[]],[[{"start":0,"end":8,"url":null,"entity_id":"Q1047394","candidates":[]}],[],[]]]}