{"version":"1.2","table":{"version":"2","table_id":"BSUMTGIM","columns":[{"index":0,"name":"col0","values":["Renault EZ-GO","Daihatsu DN Multisix","Daihatsu DN Trec","Alfa Romeo Vola","Alfa Romeo BAT 11","Subaru B9 Scrambler","Subaru B11S","Fiat Phylla","Peugeot Moovie","Mercedes-Benz F400","Mazda Kiyora","Maserati Chicane","Hyundai Clix","Honda WOW","Honda HSC","Saab EV-1","Ford Shelby Cobra Concept","Citroën C-Buggy","Chrysler 200C EV","Volvo VESC","Lamborghini Bravo","Citroën Hypnos","Audi Le Mans quattro","Alfa Romeo 2000 Sportiva","Alfa Romeo Kamal","Honda EV Concept","Peugeot Instinct Concept","Volkswagen I.D. Concept","Mercedes-Maybach 6","Opel GT Concept","Mercedes-Benz Concept IAA","Renault Talisman","Nissan Sway","Mercedes-Benz F100","Audi Prologue","Jaguar XK 180","Peugeot Exalt Concept","Peugeot BB1","Buick Y-Job"]},{"index":1,"name":"col1","values":["2018-01-01","2017-01-01","2017-01-01","2005-01-01","2005-01-01","2005-01-01","2005-01-01","2005-01-01","2005-01-01","2005-01-01","2005-01-01","2005-01-01","2005-01-01","2005-01-01","2005-01-01","1950-01-01","2005-01-01","2005-01-01","2005-01-01","1950-01-01","1950-01-01","2005-01-01","2005-01-01","1950-01-01","2005-01-01","2017-01-01","2017-01-01","2016-01-01","2016-01-01","2016-01-01","2015-01-01","2005-01-01","2015-01-01","1991-01-01","2014-01-01","1950-01-01","2014-01-01","2005-01-01","1950-01-01"]},{"index":2,"name":"col2","values":["5.2","4310","3980","4160","4381","4200","4785","2995","233","3979","3770","4400","3959","3.98","4250","4300","3947","3450","4879","5520","3739","4900","4370","3600","4350","3988","4550","4100","5700","3850","5040","4800","401","4830","510","4417","4730","2500","5301"]}]},"context":{"page_title":null,"page_url":null,"page_entity_id":null,"content_hierarchy":[]},"links":[[[{"start":0,"end":13,"url":null,"entity_id":"Q50398682","candidates":[]}],[],[]],[[{"start":0,"end":20,"url":null,"entity_id":"Q50398586","candidates":[]}],[],[]],[[{"start":0,"end":16,"url":null,"entity_id":"Q50398565","candidates":[]}],[],[]],[[{"start":0,"end":15,"url":null,"entity_id":"Q4280744","candidates":[]}],[],[]],[[{"start":0,"end":17,"url":null,"entity_id":"Q3638946","candidates":[]}],[],[]],[[{"start":0,"end":19,"url":null,"entity_id":"Q3502407","candidates":[]}],[],[]],[[{"start":0,"end":11,"url":null,"entity_id":"Q3502400","candidates":[]}],[],[]],[[{"start":0,"end":11,"url":null,"entity_id":"Q3381838","candidates":[]}],[],[]],[[{"start":0,"end":14,"url":null,"entity_id":"Q3377771","candidates":[]}],[],[]],[[{"start":0,"end":18,"url":null,"entity_id":"Q3306279","candidates":[]}],[],[]],[[{"start":0,"end":12,"url":null,"entity_id":"Q3303090","candidates":[]}],[],[]],[[{"start":0,"end":16,"url":null,"entity_id":"Q3297240","candidates":[]}],[],[]],[[{"start":0,"end":12,"url":null,"entity_id":"Q3144458","candidates":[]}],[],[]],[[{"start":0,"end":9,"url":null,"entity_id":"Q3139978","candidates":[]}],[],[]],[[{"start":0,"end":9,"url":null,"entity_id":"Q3113387","candidates":[]}],[],[]],[[{"start":0,"end":9,"url":null,"entity_id":"Q3113383","candidates":[]}],[],[]],[[{"start":0,"end":25,"url":null,"entity_id":"Q3076969","candidates":[]}],[],[]],[[{"start":0,"end":15,"url":null,"entity_id":"Q2974498","candidates":[]}],[],[]],[[{"start":0,"end":16,"url":null,"entity_id":"Q2967355","candidates":[]}],[],[]],[[{"start":0,"end":10,"url":null,"entity_id":"Q2662663","candidates":[]}],[],[]],[[{"start":0,"end":17,"url":null,"entity_id":"Q2620853","candidates":[]}],[],[]],[[{"start":0,"end":14,"url":null,"entity_id":"Q2564737","candidates":[]}],[],[]],[[{"start":0,"end":20,"url":null,"entity_id":"Q2460850","candidates":[]}],[],[]],[[{"start":0,"end":24,"url":null,"entity_id":"Q2400425","candidates":[]}],[],[]],[[{"start":0,"end":16,"url":null,"entity_id":"Q2312105","candidates":[]}],[],[]],[[{"start":0,"end":16,"url":null,"entity_id":"Q42836488","candidates":[]}],[],[]],[[{"start":0,"end":24,"url":null,"entity_id":"Q30737498","candidates":[]}],[],[]],[[{"start":0,"end":23,"url":null,"entity_id":"Q29034077","candidates":[]}],[],[]],[[{"start":0,"end":18,"url":null,"entity_id":"Q27972582","candidates":[]}],[],[]],[[{"start":0,"end":15,"url":null,"entity_id":"Q25384677","candidates":[]}],[],[]],[[{"start":0,"end":25,"url":null,"entity_id":"Q21512319","candidates":[]}],[],[]],[[{"start":0,"end":16,"url":null,"entity_id":"Q21055935","candidates":[]}],[],[]],[[{"start":0,"end":11,"url":null,"entity_id":"Q20650312","candidates":[]}],[],[]],[[{"start":0,"end":18,"url":null,"entity_id":"Q19581492","candidates":[]}],[],[]],[[{"start":0,"end":13,"url":null,"entity_id":"Q18757789","candidates":[]}],[],[]],[[{"start":0,"end":13,"url":null,"entity_id":"Q17020659","candidates":[]}],[],[]],[[{"start":0,"end":21,"url":null,"entity_id":"Q16467691","candidates":[]}],[],[]],[[{"start":0,"end":11,"url":null,"entity_id":"Q1125703","candidates":[]}],[],[]],[[{"start":0,"end":11,"url":null,"entity_id":"Q1002953","candidates":[]}],[],[]]]}