{"version":"1.2","table":{"version":"2","table_id":"BU1IO6WS","columns":[{"index":0,"name":"col0","values":["Tweve Year Old Jesus in the Temple","The Battle of Alexander at Isus","Two Men by uhe Sea","Twp Chained Monkeys","Arnolfini Portait","he Night Wbtch","The lave Shkp","Light and Colour (Goethe's#Theory) – The Morning after the Deluge – Moses Writing the Book of Genesis","The Uaft of the Medusa","Porwrait of Luis Buñuel","Music\"in the Tuileries","The Crown of Thqrns","Manaò tupapaû","Virhin of the Consellers","Portrait of a gfntleman n his studio","Pietà","The Bluh Boy","The Peasant Yedding","Venus andAonis","olly Madonna"]},{"index":1,"name":"col1","values":["53.73","120.90149999999998","65.868","22.908","60.17999999999999","435.689","121.7418","78.46390000000001","718.864","59.64","117.1552","198.576","92.9544","313.369","116.928","147.408","122.0","165.47599999999997","205.344","38.076"]},{"index":2,"name":"col2","values":["84.0775","157.9248","51.15299999999999","19.86","82.28219999999999","363.726","90.43679999999999","79.2509","490.018","70.63","76.0476","225.45","72.54480000000001","309.756","97.02","229.77","176.398","113.886","187.116","51.74"]}]},"context":{"page_title":null,"page_url":null,"page_entity_id":null,"content_hierarchy":[]},"links":[[[{"start":0,"end":34,"url":null,"entity_id":"Q245231","candidates":[]}],[],[]],[[{"start":0,"end":31,"url":null,"entity_id":"Q241455","candidates":[]}],[],[]],[[{"start":0,"end":18,"url":null,"entity_id":"Q232084","candidates":[]}],[],[]],[[{"start":0,"end":19,"url":null,"entity_id":"Q231953","candidates":[]}],[],[]],[[{"start":0,"end":17,"url":null,"entity_id":"Q220859","candidates":[]}],[],[]],[[{"start":0,"end":14,"url":null,"entity_id":"Q219831","candidates":[]}],[],[]],[[{"start":0,"end":13,"url":null,"entity_id":"Q219344","candidates":[]}],[],[]],[[{"start":0,"end":101,"url":null,"entity_id":"Q219271","candidates":[]}],[],[]],[[{"start":0,"end":22,"url":null,"entity_id":"Q212616","candidates":[]}],[],[]],[[{"start":0,"end":23,"url":null,"entity_id":"Q211293","candidates":[]}],[],[]],[[{"start":0,"end":22,"url":null,"entity_id":"Q210277","candidates":[]}],[],[]],[[{"start":0,"end":19,"url":null,"entity_id":"Q609576","candidates":[]}],[],[]],[[{"start":0,"end":13,"url":null,"entity_id":"Q609572","candidates":[]}],[],[]],[[{"start":0,"end":24,"url":null,"entity_id":"Q607598","candidates":[]}],[],[]],[[{"start":0,"end":36,"url":null,"entity_id":"Q605863","candidates":[]}],[],[]],[[{"start":0,"end":5,"url":null,"entity_id":"Q605566","candidates":[]}],[],[]],[[{"start":0,"end":12,"url":null,"entity_id":"Q604761","candidates":[]}],[],[]],[[{"start":0,"end":19,"url":null,"entity_id":"Q603751","candidates":[]}],[],[]],[[{"start":0,"end":14,"url":null,"entity_id":"Q603703","candidates":[]}],[],[]],[[{"start":0,"end":12,"url":null,"entity_id":"Q602813","candidates":[]}],[],[]]]}