{"version":"1.2","table":{"version":"2","table_id":"BU7MJTGA","columns":[{"index":0,"name":"col0","values":["Bad Abbach","Holzkirchen","Birkenfeld","Roden","Neustadt","Bischbrunn","Hasloch","Hafenlohr","Esselbach","Erlenbach","Geisenfeld","Varese","Mölndal","Nacka","Alvesta","Aneby","Tomelilla","Höör","Arjeplog","Arboga"]},{"index":1,"name":"col1","values":["UTC+01:00","UTC+01:00","UTC+01:00","UTC+01:00","UTC+01:00","UTC+01:00","UTC+01:00","UTC+01:00","UTC+01:00","UTC+01:00","UTC+01:00","UTC+01:00","Central European Summer Time","UTC+01:00","UTC+01:00","UTC+01:00","UTC+01:00","UTC+01:00","UTC+01:00","UTC+01:00"]},{"index":2,"name":"col2","values":["Germany","Germany","Germany","Germany","Germany","Germany","Germany","Germany","Germany","Germany","Germany","Italy","Sweden","Sweden","Sweden","Sweden","Sweden","Sweden","Sweden","Sweden"]}]},"context":{"page_title":null,"page_url":null,"page_entity_id":null,"content_hierarchy":[]},"links":[[[{"start":0,"end":11,"url":null,"entity_id":"Q21402876","candidates":[]}],[{"start":0,"end":9,"url":null,"entity_id":"Q6655","candidates":[]}],[{"start":0,"end":7,"url":null,"entity_id":"Q183","candidates":[]}]],[[{"start":0,"end":10,"url":null,"entity_id":"Q17310554","candidates":[]}],[{"start":0,"end":9,"url":null,"entity_id":"Q6655","candidates":[]}],[{"start":0,"end":7,"url":null,"entity_id":"Q183","candidates":[]}]],[[{"start":0,"end":5,"url":null,"entity_id":"Q17127160","candidates":[]}],[{"start":0,"end":9,"url":null,"entity_id":"Q6655","candidates":[]}],[{"start":0,"end":7,"url":null,"entity_id":"Q183","candidates":[]}]],[[{"start":0,"end":8,"url":null,"entity_id":"Q17124906","candidates":[]}],[{"start":0,"end":9,"url":null,"entity_id":"Q6655","candidates":[]}],[{"start":0,"end":7,"url":null,"entity_id":"Q183","candidates":[]}]],[[{"start":0,"end":10,"url":null,"entity_id":"Q17122482","candidates":[]}],[{"start":0,"end":9,"url":null,"entity_id":"Q6655","candidates":[]}],[{"start":0,"end":7,"url":null,"entity_id":"Q183","candidates":[]}]],[[{"start":0,"end":7,"url":null,"entity_id":"Q16831752","candidates":[]}],[{"start":0,"end":9,"url":null,"entity_id":"Q6655","candidates":[]}],[{"start":0,"end":7,"url":null,"entity_id":"Q183","candidates":[]}]],[[{"start":0,"end":9,"url":null,"entity_id":"Q16831708","candidates":[]}],[{"start":0,"end":9,"url":null,"entity_id":"Q6655","candidates":[]}],[{"start":0,"end":7,"url":null,"entity_id":"Q183","candidates":[]}]],[[{"start":0,"end":9,"url":null,"entity_id":"Q16831261","candidates":[]}],[{"start":0,"end":9,"url":null,"entity_id":"Q6655","candidates":[]}],[{"start":0,"end":7,"url":null,"entity_id":"Q183","candidates":[]}]],[[{"start":0,"end":9,"url":null,"entity_id":"Q16831239","candidates":[]}],[{"start":0,"end":9,"url":null,"entity_id":"Q6655","candidates":[]}],[{"start":0,"end":7,"url":null,"entity_id":"Q183","candidates":[]}]],[[{"start":0,"end":10,"url":null,"entity_id":"Q259795","candidates":[]}],[{"start":0,"end":9,"url":null,"entity_id":"Q6655","candidates":[]}],[{"start":0,"end":7,"url":null,"entity_id":"Q183","candidates":[]}]],[[{"start":0,"end":6,"url":null,"entity_id":"Q6285","candidates":[]}],[{"start":0,"end":9,"url":null,"entity_id":"Q6655","candidates":[]}],[{"start":0,"end":5,"url":null,"entity_id":"Q38","candidates":[]}]],[[{"start":0,"end":7,"url":null,"entity_id":"Q27437","candidates":[]}],[{"start":0,"end":28,"url":null,"entity_id":"Q207020","candidates":[]}],[{"start":0,"end":6,"url":null,"entity_id":"Q34","candidates":[]}]],[[{"start":0,"end":5,"url":null,"entity_id":"Q13383459","candidates":[]}],[{"start":0,"end":9,"url":null,"entity_id":"Q6655","candidates":[]}],[{"start":0,"end":6,"url":null,"entity_id":"Q34","candidates":[]}]],[[{"start":0,"end":7,"url":null,"entity_id":"Q2604885","candidates":[]}],[{"start":0,"end":9,"url":null,"entity_id":"Q6655","candidates":[]}],[{"start":0,"end":6,"url":null,"entity_id":"Q34","candidates":[]}]],[[{"start":0,"end":5,"url":null,"entity_id":"Q1940596","candidates":[]}],[{"start":0,"end":9,"url":null,"entity_id":"Q6655","candidates":[]}],[{"start":0,"end":6,"url":null,"entity_id":"Q34","candidates":[]}]],[[{"start":0,"end":9,"url":null,"entity_id":"Q983681","candidates":[]}],[{"start":0,"end":9,"url":null,"entity_id":"Q6655","candidates":[]}],[{"start":0,"end":6,"url":null,"entity_id":"Q34","candidates":[]}]],[[{"start":0,"end":4,"url":null,"entity_id":"Q765434","candidates":[]}],[{"start":0,"end":9,"url":null,"entity_id":"Q6655","candidates":[]}],[{"start":0,"end":6,"url":null,"entity_id":"Q34","candidates":[]}]],[[{"start":0,"end":8,"url":null,"entity_id":"Q671330","candidates":[]}],[{"start":0,"end":9,"url":null,"entity_id":"Q6655","candidates":[]}],[{"start":0,"end":6,"url":null,"entity_id":"Q34","candidates":[]}]],[[{"start":0,"end":6,"url":null,"entity_id":"Q669660","candidates":[]}],[{"start":0,"end":9,"url":null,"entity_id":"Q6655","candidates":[]}],[{"start":0,"end":6,"url":null,"entity_id":"Q34","candidates":[]}]],[[{"start":0,"end":10,"url":null,"entity_id":"Q31896623","candidates":[]}],[{"start":0,"end":9,"url":null,"entity_id":"Q6655","candidates":[]}],[{"start":0,"end":7,"url":null,"entity_id":"Q183","candidates":[]}]]]}