{"version":"1.2","table":{"version":"2","table_id":"BVFWXGD8","columns":[{"index":0,"name":"col0","values":["National Theatre in Belgrade","Royal Shakespeare Theatre","Münchner Volkstheater","Ukrainian Dramatic Theatre of Maria Zankovetska","Croatian National Theatre in Split","Croatian National Theatre Ivan pl. Zajc in Rijeka","Forum Melbourne","Palace Theatre","Teatro Goldoni","Teatro Niccolini","Minskoff Theatre","Fox Theatre","Oriental Theatre","Colonial Theatre, Boston","Pathé Palace","Bălți National Theatre Vasile Alecsandri","Stanislavski Russian Theatre of Yerevan","Ethiopian National Theatre","Barbican Centre","Théâtre des Champs-Élysées"]},{"index":1,"name":"col1","values":["Government of Serbia","Royal Shakespeare Company","Bavarian Football Association","Cabinet of Ministers of Ukraine","Split","Croatia","David Marriner","Nimax Theatres","Giacomo Baldissera Treves de Bonfili","San Casciano in Val di Pesa","Nederlander Organization","Olympia Entertainment","Broadway In Chicago","Emerson College","French Community of Belgium","Ministry of Culture","Government of Armenia","Government of Ethiopia","City of London Corporation","Caisse des dépôts et consignations"]},{"index":2,"name":"col2","values":["1869-01-01","1932-01-01","1955-01-01","1842-01-01","1893-01-01","1885-10-03","1929-01-01","1891-01-01","1622-01-01","1845-01-01","1973-01-01","1928-01-01","1926-01-01","1900-01-01","1913-01-01","1991-01-01","1937-01-01","1955-01-01","1982-01-01","1913-01-01"]}]},"context":{"page_title":null,"page_url":null,"page_entity_id":null,"content_hierarchy":[]},"links":[[[{"start":0,"end":25,"url":null,"entity_id":"Q1375404","candidates":[]}],[{"start":0,"end":25,"url":null,"entity_id":"Q1146254","candidates":[]}],[]],[[{"start":0,"end":21,"url":null,"entity_id":"Q1959005","candidates":[]}],[{"start":0,"end":29,"url":null,"entity_id":"Q812335","candidates":[]}],[]],[[{"start":0,"end":47,"url":null,"entity_id":"Q1986941","candidates":[]}],[{"start":0,"end":31,"url":null,"entity_id":"Q613729","candidates":[]}],[]],[[{"start":0,"end":34,"url":null,"entity_id":"Q1291166","candidates":[]}],[{"start":0,"end":5,"url":null,"entity_id":"Q1663","candidates":[]}],[]],[[{"start":0,"end":49,"url":null,"entity_id":"Q1520102","candidates":[]}],[{"start":0,"end":7,"url":null,"entity_id":"Q224","candidates":[]}],[]],[[{"start":0,"end":15,"url":null,"entity_id":"Q5473086","candidates":[]}],[{"start":0,"end":14,"url":null,"entity_id":"Q48790702","candidates":[]}],[]],[[{"start":0,"end":14,"url":null,"entity_id":"Q4592132","candidates":[]}],[{"start":0,"end":14,"url":null,"entity_id":"Q14993743","candidates":[]}],[]],[[{"start":0,"end":14,"url":null,"entity_id":"Q3982376","candidates":[]}],[{"start":0,"end":36,"url":null,"entity_id":"Q52990945","candidates":[]}],[]],[[{"start":0,"end":16,"url":null,"entity_id":"Q3982073","candidates":[]}],[{"start":0,"end":27,"url":null,"entity_id":"Q30029802","candidates":[]}],[]],[[{"start":0,"end":16,"url":null,"entity_id":"Q3062716","candidates":[]}],[{"start":0,"end":24,"url":null,"entity_id":"Q12063654","candidates":[]}],[]],[[{"start":0,"end":11,"url":null,"entity_id":"Q3080199","candidates":[]}],[{"start":0,"end":21,"url":null,"entity_id":"Q7088947","candidates":[]}],[]],[[{"start":0,"end":16,"url":null,"entity_id":"Q3077068","candidates":[]}],[{"start":0,"end":19,"url":null,"entity_id":"Q4972460","candidates":[]}],[]],[[{"start":0,"end":24,"url":null,"entity_id":"Q2984240","candidates":[]}],[{"start":0,"end":15,"url":null,"entity_id":"Q1335573","candidates":[]}],[]],[[{"start":0,"end":12,"url":null,"entity_id":"Q3225153","candidates":[]}],[{"start":0,"end":27,"url":null,"entity_id":"Q89959","candidates":[]}],[]],[[{"start":0,"end":40,"url":null,"entity_id":"Q2912265","candidates":[]}],[{"start":0,"end":19,"url":null,"entity_id":"Q4294435","candidates":[]}],[]],[[{"start":0,"end":39,"url":null,"entity_id":"Q597341","candidates":[]}],[{"start":0,"end":21,"url":null,"entity_id":"Q13417106","candidates":[]}],[]],[[{"start":0,"end":26,"url":null,"entity_id":"Q582018","candidates":[]}],[{"start":0,"end":22,"url":null,"entity_id":"Q5589204","candidates":[]}],[]],[[{"start":0,"end":15,"url":null,"entity_id":"Q653858","candidates":[]}],[{"start":0,"end":26,"url":null,"entity_id":"Q1094147","candidates":[]}],[]],[[{"start":0,"end":26,"url":null,"entity_id":"Q726531","candidates":[]}],[{"start":0,"end":34,"url":null,"entity_id":"Q846484","candidates":[]}],[]],[[{"start":0,"end":28,"url":null,"entity_id":"Q1847119","candidates":[]}],[{"start":0,"end":20,"url":null,"entity_id":"Q1285499","candidates":[]}],[]]]}