{
  "version": "1.1",
  "table": {
    "version": "2",
    "table_id": "Yo_soy_Betty,_la_fea",
    "columns": [
      {
        "index": 0,
        "name": "Region/Country",
        "values": [
          " Albania",
          " Belgium",
          " Bolivia",
          " Brazil",
          " People's Republic of China",
          " Czech Republic",
          " Ecuador",
          " Egypt",
          " Georgia",
          " Germany",
          " Greece",
          " India",
          " Israel",
          " Malaysia",
          " Mexico",
          " Mexico",
          " Netherlands",
          " Philippines",
          " Poland",
          " Russia",
          " Croatia \n Serbia",
          " Spain",
          " Thailand",
          " Turkey",
          " United States",
          " United States",
          " Vietnam"
        ]
      },
      {
        "index": 1,
        "name": "Language",
        "values": [
          "Albanian",
          "Dutch",
          "Spanish",
          "Portuguese",
          "Mandarin Chinese",
          "Czech",
          "Spanish",
          "Arabic",
          "Georgian",
          "German",
          "Greek",
          "Hindi",
          "Hebrew",
          "Malay",
          "Spanish",
          "Spanish",
          "Dutch",
          "Filipino",
          "Polish",
          "Russian",
          "Croatian \nSerbian",
          "Spanish",
          "Thai",
          "Turkish",
          "English",
          "Spanish",
          "Vietnamese"
        ]
      },
      {
        "index": 2,
        "name": "Local name",
        "values": [
          "E Shëmtuara Beti",
          "Sara",
          "Lola, la Fea",
          "Bela, a Feia",
          "丑女无敌 ( Chou Nu Wu Di )",
          "Ošklivka Katka",
          "Veto al Feo",
          "هبة رجل الغراب ‎",
          "გოგონა გარეუბნიდან ( Gogona Gareubnidan )",
          "Verliebt in Berlin",
          "Maria, i Aschimi",
          "Jassi Jaissi Koi Nahin",
          "אסתי המכוערת \nEsti HaMekho'eret",
          "Misi Betty",
          "El amor no es como lo pintan",
          "La Fea Más Bella",
          "Lotte",
          "i ♥ Betty La Fea",
          "BrzydUla",
          "Не родись красивой / Ne Rodis Krasivoy",
          "Не дај се, Нина \nNe daj se, Nina",
          "Yo soy Bea",
          "ยัยเป็ดขี้เหร่ \nUgly Betty Thailand",
          "Sensiz Olmuyor",
          "Ugly Betty",
          "Betty en Nueva York",
          "Cô Gái Xấu Xí"
        ]
      },
      {
        "index": 3,
        "name": "Network",
        "values": [
          "Top Channel",
          "vtm",
          "Bolivision",
          "Rede Record",
          "Hunan Satellite TV",
          "TV Prima",
          "Ecuavisa",
          "OSN, CBC2, MBC 1",
          "Imedi TV",
          "Sat.1",
          "Mega Channel",
          "SET India",
          "Channel 2",
          "TV9",
          "TV Azteca",
          "Televisa",
          "Talpa",
          "ABS-CBN",
          "TVN",
          "STS",
          "RTL Televizija \nFOX Televizija",
          "Telecinco",
          "ThairathTV",
          "Show TV, Kanal D",
          "ABC",
          "Telemundo",
          "VTV3"
        ]
      },
      {
        "index": 4,
        "name": "Main protagonist",
        "values": [
          "Arta Muçaj",
          "Veerle Baetens",
          "Serena Autieri",
          "Giselle Itié",
          "Li Xinru",
          "Kateřina Janečková",
          "Efraín Ruales",
          "Emmy Sameer Ghanem",
          "Tina Makharadze",
          "Alexandra Neldel",
          "Aggeliki Daliani",
          "Mona Singh",
          "Riki Blich",
          "Siti Fazurina",
          "Vanessa Acosta",
          "Angélica Vale",
          "Nyncke Beekhuyzen",
          "Bea Alonzo",
          "Julia Kamińska",
          "Nelly Uvarova",
          "Lana Gojak",
          "Ruth Núñez",
          "Piyarat Kaljaruek",
          "Özlem Conker, Yeliz Şar",
          "America Ferrera",
          "Elyfer Torres",
          "Nguyễn Ngọc Hiệp"
        ]
      },
      {
        "index": 5,
        "name": "Date premiered",
        "values": [
          "July 2004",
          "25 September 2007",
          "2017",
          "4 August 2009",
          "September 2008",
          "3 March 2008",
          "16 April 2013",
          "1 January 2014",
          "24 May 2010",
          "28 February 2005",
          "1 January 2006",
          "1 September 2003",
          "2003",
          "2011",
          "2000",
          "2006",
          "",
          "8 September 2008",
          "October 2008",
          "5 September 2005",
          "29 October 2007 (SRB) \n3 January 2008 (CRO)",
          "2006",
          "9 March 2015",
          "",
          "28 September 2006",
          "6 February 2019",
          "11 February 2008"
        ]
      },
      {
        "index": 6,
        "name": "Date ended",
        "values": [
          "October 2005",
          "29 June 2008",
          "",
          "2 June 2010",
          "",
          "20 April 2009",
          "26 April 2013",
          "14 October 2014",
          "21 October 2012",
          "",
          "",
          "4 May 2006",
          "",
          "",
          "2001",
          "2007",
          "",
          "24 April 2009",
          "December 2009",
          "7 July 2006",
          "3 March 2008 (SRB) \n4 August 2008 (CRO)",
          "2008",
          "7 September 2015",
          "",
          "14 April 2010",
          "12 August 2019",
          ""
        ]
      }
    ]
  },
  "context": {
    "page_title": "Yo soy Betty, la fea",
    "page_url": "https://en.wikipedia.org/wiki/Yo_soy_Betty,_la_fea",
    "page_entity_id": "Q773202"
  },
  "links": [
    [
      [
        {
          "start": 1,
          "end": 8,
          "url": "http://en.wikipedia.org/wiki/Albania",
          "entity_id": "Q222"
        }
      ],
      [
        {
          "start": 0,
          "end": 8,
          "url": "http://en.wikipedia.org/wiki/Albanian_language",
          "entity_id": "Q8748"
        }
      ],
      [],
      [
        {
          "start": 0,
          "end": 11,
          "url": "http://en.wikipedia.org/wiki/Top_Channel",
          "entity_id": "Q968899"
        }
      ],
      [
        {
          "start": 0,
          "end": 10,
          "url": "http://en.wikipedia.org/wiki/Arta_Mu%C3%A7aj",
          "entity_id": "Q4797301"
        }
      ],
      [],
      []
    ],
    [
      [
        {
          "start": 1,
          "end": 8,
          "url": "http://en.wikipedia.org/wiki/Belgium",
          "entity_id": "Q31"
        }
      ],
      [
        {
          "start": 0,
          "end": 5,
          "url": "http://en.wikipedia.org/wiki/Dutch_language",
          "entity_id": "Q7411"
        }
      ],
      [
        {
          "start": 0,
          "end": 4,
          "url": "http://en.wikipedia.org/wiki/Sara_(Belgian_TV_series)",
          "entity_id": "Q2246730"
        }
      ],
      [
        {
          "start": 0,
          "end": 3,
          "url": "http://en.wikipedia.org/wiki/Vtm",
          "entity_id": "Q1176298"
        }
      ],
      [
        {
          "start": 0,
          "end": 14,
          "url": "http://en.wikipedia.org/wiki/Veerle_Baetens",
          "entity_id": "Q514769"
        }
      ],
      [],
      []
    ],
    [
      [
        {
          "start": 1,
          "end": 8,
          "url": "http://en.wikipedia.org/wiki/Bolivia",
          "entity_id": "Q750"
        }
      ],
      [
        {
          "start": 0,
          "end": 7,
          "url": "http://en.wikipedia.org/wiki/Spanish_language",
          "entity_id": "Q1321"
        }
      ],
      [],
      [
        {
          "start": 0,
          "end": 10,
          "url": "http://en.wikipedia.org/wiki/Bolivision",
          "entity_id": "Q2756386"
        }
      ],
      [
        {
          "start": 0,
          "end": 14,
          "url": "http://en.wikipedia.org/wiki/Serena_Autieri",
          "entity_id": "Q3955847"
        }
      ],
      [],
      []
    ],
    [
      [
        {
          "start": 1,
          "end": 7,
          "url": "http://en.wikipedia.org/wiki/Brazil",
          "entity_id": "Q155"
        }
      ],
      [
        {
          "start": 0,
          "end": 10,
          "url": "http://en.wikipedia.org/wiki/Portuguese_language",
          "entity_id": "Q5146"
        }
      ],
      [
        {
          "start": 0,
          "end": 12,
          "url": "http://en.wikipedia.org/wiki/Bela,_a_Feia",
          "entity_id": "Q3281841"
        }
      ],
      [
        {
          "start": 0,
          "end": 11,
          "url": "http://en.wikipedia.org/wiki/Rede_Record",
          "entity_id": "Q1458581"
        }
      ],
      [
        {
          "start": 0,
          "end": 12,
          "url": "http://en.wikipedia.org/wiki/Giselle_Iti%C3%A9",
          "entity_id": "Q288602"
        }
      ],
      [],
      []
    ],
    [
      [
        {
          "start": 1,
          "end": 27,
          "url": "http://en.wikipedia.org/wiki/China",
          "entity_id": "Q148"
        }
      ],
      [
        {
          "start": 0,
          "end": 16,
          "url": "http://en.wikipedia.org/wiki/Mandarin_Chinese",
          "entity_id": "Q9192"
        }
      ],
      [],
      [],
      [],
      [],
      []
    ],
    [
      [
        {
          "start": 1,
          "end": 15,
          "url": "http://en.wikipedia.org/wiki/Czech_Republic",
          "entity_id": "Q213"
        }
      ],
      [
        {
          "start": 0,
          "end": 5,
          "url": "http://en.wikipedia.org/wiki/Czech_language",
          "entity_id": "Q9056"
        }
      ],
      [],
      [],
      [],
      [],
      []
    ],
    [
      [
        {
          "start": 1,
          "end": 8,
          "url": "http://en.wikipedia.org/wiki/Ecuador",
          "entity_id": "Q736"
        }
      ],
      [
        {
          "start": 0,
          "end": 7,
          "url": "http://en.wikipedia.org/wiki/Spanish_language",
          "entity_id": "Q1321"
        }
      ],
      [],
      [
        {
          "start": 0,
          "end": 8,
          "url": "http://en.wikipedia.org/wiki/Ecuavisa",
          "entity_id": "Q1282245"
        }
      ],
      [],
      [],
      []
    ],
    [
      [
        {
          "start": 1,
          "end": 6,
          "url": "http://en.wikipedia.org/wiki/Egypt",
          "entity_id": "Q79"
        }
      ],
      [
        {
          "start": 0,
          "end": 6,
          "url": "http://en.wikipedia.org/wiki/Arabic",
          "entity_id": "Q13955"
        }
      ],
      [],
      [
        {
          "start": 0,
          "end": 16,
          "url": "http://en.wikipedia.org/w/index.php?title=OSN,_CBC2,_MBC_1&action=edit&redlink=1",
          "entity_id": null
        }
      ],
      [],
      [],
      []
    ],
    [
      [
        {
          "start": 1,
          "end": 8,
          "url": "http://en.wikipedia.org/wiki/Georgia_(country)",
          "entity_id": "Q230"
        }
      ],
      [
        {
          "start": 0,
          "end": 8,
          "url": "http://en.wikipedia.org/wiki/Georgian_language",
          "entity_id": "Q8108"
        }
      ],
      [],
      [
        {
          "start": 0,
          "end": 8,
          "url": "http://en.wikipedia.org/wiki/Imedi_TV",
          "entity_id": "Q1659819"
        }
      ],
      [],
      [],
      []
    ],
    [
      [
        {
          "start": 1,
          "end": 8,
          "url": "http://en.wikipedia.org/wiki/Germany",
          "entity_id": "Q183"
        }
      ],
      [
        {
          "start": 0,
          "end": 6,
          "url": "http://en.wikipedia.org/wiki/German_language",
          "entity_id": "Q188"
        }
      ],
      [
        {
          "start": 0,
          "end": 18,
          "url": "http://en.wikipedia.org/wiki/Verliebt_in_Berlin",
          "entity_id": "Q675147"
        }
      ],
      [],
      [],
      [],
      []
    ],
    [
      [
        {
          "start": 1,
          "end": 7,
          "url": "http://en.wikipedia.org/wiki/Greece",
          "entity_id": "Q41"
        }
      ],
      [
        {
          "start": 0,
          "end": 5,
          "url": "http://en.wikipedia.org/wiki/Greek_language",
          "entity_id": "Q9129"
        }
      ],
      [
        {
          "start": 0,
          "end": 16,
          "url": "http://en.wikipedia.org/wiki/Maria,_i_Aschimi",
          "entity_id": "Q6760957"
        }
      ],
      [],
      [],
      [],
      []
    ],
    [
      [
        {
          "start": 1,
          "end": 6,
          "url": "http://en.wikipedia.org/wiki/India",
          "entity_id": "Q668"
        }
      ],
      [
        {
          "start": 0,
          "end": 5,
          "url": "http://en.wikipedia.org/wiki/Hindi",
          "entity_id": "Q1568"
        }
      ],
      [
        {
          "start": 0,
          "end": 22,
          "url": "http://en.wikipedia.org/wiki/Jassi_Jaissi_Koi_Nahin",
          "entity_id": "Q6164167"
        }
      ],
      [
        {
          "start": 0,
          "end": 9,
          "url": "http://en.wikipedia.org/wiki/Sony_Entertainment_Television_(India)",
          "entity_id": "Q3631750"
        }
      ],
      [
        {
          "start": 0,
          "end": 10,
          "url": "http://en.wikipedia.org/wiki/Mona_Singh",
          "entity_id": "Q6897722"
        }
      ],
      [],
      []
    ],
    [
      [
        {
          "start": 1,
          "end": 7,
          "url": "http://en.wikipedia.org/wiki/Israel",
          "entity_id": "Q801"
        }
      ],
      [
        {
          "start": 0,
          "end": 6,
          "url": "http://en.wikipedia.org/wiki/Hebrew_language",
          "entity_id": "Q9288"
        }
      ],
      [
        {
          "start": 14,
          "end": 31,
          "url": "http://en.wikipedia.org/wiki/Esti_HaMekho%27eret",
          "entity_id": "Q5401343"
        }
      ],
      [
        {
          "start": 0,
          "end": 9,
          "url": "http://en.wikipedia.org/wiki/Channel_2_(Israel)",
          "entity_id": "Q2532517"
        }
      ],
      [
        {
          "start": 0,
          "end": 10,
          "url": "http://en.wikipedia.org/wiki/Riki_Blich",
          "entity_id": "Q3956456"
        }
      ],
      [],
      []
    ],
    [
      [
        {
          "start": 1,
          "end": 9,
          "url": "http://en.wikipedia.org/wiki/Malaysia",
          "entity_id": "Q833"
        }
      ],
      [
        {
          "start": 0,
          "end": 5,
          "url": "http://en.wikipedia.org/wiki/Malaysian_language",
          "entity_id": "Q15065"
        }
      ],
      [],
      [
        {
          "start": 0,
          "end": 3,
          "url": "http://en.wikipedia.org/wiki/TV9_(Malaysia)",
          "entity_id": "Q4272195"
        }
      ],
      [],
      [],
      []
    ],
    [
      [
        {
          "start": 1,
          "end": 7,
          "url": "http://en.wikipedia.org/wiki/Mexico",
          "entity_id": "Q96"
        }
      ],
      [
        {
          "start": 0,
          "end": 7,
          "url": "http://en.wikipedia.org/wiki/Spanish_language",
          "entity_id": "Q1321"
        }
      ],
      [
        {
          "start": 0,
          "end": 28,
          "url": "http://en.wikipedia.org/wiki/El_amor_no_es_como_lo_pintan",
          "entity_id": "Q1212488"
        }
      ],
      [
        {
          "start": 0,
          "end": 9,
          "url": "http://en.wikipedia.org/wiki/Azteca_(multimedia_conglomerate)",
          "entity_id": "Q1281055"
        }
      ],
      [],
      [],
      []
    ],
    [
      [
        {
          "start": 1,
          "end": 7,
          "url": "http://en.wikipedia.org/wiki/Mexico",
          "entity_id": "Q96"
        }
      ],
      [
        {
          "start": 0,
          "end": 7,
          "url": "http://en.wikipedia.org/wiki/Spanish_language",
          "entity_id": "Q1321"
        }
      ],
      [
        {
          "start": 0,
          "end": 16,
          "url": "http://en.wikipedia.org/wiki/La_Fea_M%C3%A1s_Bella",
          "entity_id": "Q1247844"
        }
      ],
      [
        {
          "start": 0,
          "end": 8,
          "url": "http://en.wikipedia.org/wiki/Televisa",
          "entity_id": "Q47099"
        }
      ],
      [
        {
          "start": 0,
          "end": 13,
          "url": "http://en.wikipedia.org/wiki/Ang%C3%A9lica_Vale",
          "entity_id": "Q2741080"
        }
      ],
      [],
      []
    ],
    [
      [
        {
          "start": 1,
          "end": 12,
          "url": "http://en.wikipedia.org/wiki/Netherlands",
          "entity_id": "Q55"
        }
      ],
      [
        {
          "start": 0,
          "end": 5,
          "url": "http://en.wikipedia.org/wiki/Dutch_language",
          "entity_id": "Q7411"
        }
      ],
      [],
      [],
      [],
      [],
      []
    ],
    [
      [
        {
          "start": 1,
          "end": 12,
          "url": "http://en.wikipedia.org/wiki/Philippines",
          "entity_id": "Q928"
        }
      ],
      [
        {
          "start": 0,
          "end": 8,
          "url": "http://en.wikipedia.org/wiki/Filipino_language",
          "entity_id": "Q33298"
        }
      ],
      [
        {
          "start": 0,
          "end": 16,
          "url": "http://en.wikipedia.org/wiki/I_Love_Betty_La_Fea",
          "entity_id": "Q3027447"
        }
      ],
      [
        {
          "start": 0,
          "end": 7,
          "url": "http://en.wikipedia.org/wiki/ABS-CBN",
          "entity_id": "Q2022113"
        }
      ],
      [
        {
          "start": 0,
          "end": 10,
          "url": "http://en.wikipedia.org/wiki/Bea_Alonzo",
          "entity_id": "Q3550240"
        }
      ],
      [],
      []
    ],
    [
      [
        {
          "start": 1,
          "end": 7,
          "url": "http://en.wikipedia.org/wiki/Poland",
          "entity_id": "Q36"
        }
      ],
      [
        {
          "start": 0,
          "end": 6,
          "url": "http://en.wikipedia.org/wiki/Polish_language",
          "entity_id": "Q809"
        }
      ],
      [
        {
          "start": 0,
          "end": 8,
          "url": "http://en.wikipedia.org/wiki/BrzydUla",
          "entity_id": "Q4981715"
        }
      ],
      [],
      [
        {
          "start": 0,
          "end": 14,
          "url": "http://en.wikipedia.org/wiki/Julia_Kami%C5%84ska",
          "entity_id": "Q6306501"
        }
      ],
      [],
      []
    ],
    [
      [
        {
          "start": 1,
          "end": 7,
          "url": "http://en.wikipedia.org/wiki/Russia",
          "entity_id": "Q159"
        }
      ],
      [
        {
          "start": 0,
          "end": 7,
          "url": "http://en.wikipedia.org/wiki/Russian_language",
          "entity_id": "Q7737"
        }
      ],
      [
        {
          "start": 0,
          "end": 38,
          "url": "http://en.wikipedia.org/wiki/Not_Born_Beautiful",
          "entity_id": "Q1963084"
        }
      ],
      [
        {
          "start": 0,
          "end": 3,
          "url": "http://en.wikipedia.org/wiki/STS_(Russian_television_network)",
          "entity_id": "Q1754271"
        }
      ],
      [],
      [],
      []
    ],
    [
      [
        {
          "start": 1,
          "end": 8,
          "url": "http://en.wikipedia.org/wiki/Croatia",
          "entity_id": "Q224"
        },
        {
          "start": 11,
          "end": 17,
          "url": "http://en.wikipedia.org/wiki/Serbia",
          "entity_id": "Q403"
        }
      ],
      [
        {
          "start": 0,
          "end": 8,
          "url": "http://en.wikipedia.org/wiki/Croatian_language",
          "entity_id": "Q6654"
        },
        {
          "start": 10,
          "end": 17,
          "url": "http://en.wikipedia.org/wiki/Serbian_language",
          "entity_id": "Q9299"
        }
      ],
      [
        {
          "start": 17,
          "end": 32,
          "url": "http://en.wikipedia.org/wiki/Ne_daj_se,_Nina",
          "entity_id": "Q1247892"
        }
      ],
      [
        {
          "start": 0,
          "end": 14,
          "url": "http://en.wikipedia.org/wiki/RTL_Televizija",
          "entity_id": "Q1267223"
        },
        {
          "start": 16,
          "end": 30,
          "url": "http://en.wikipedia.org/wiki/FOX_Televizija",
          "entity_id": "Q15221415"
        }
      ],
      [],
      [],
      []
    ],
    [
      [
        {
          "start": 1,
          "end": 6,
          "url": "http://en.wikipedia.org/wiki/Spain",
          "entity_id": "Q29"
        }
      ],
      [
        {
          "start": 0,
          "end": 7,
          "url": "http://en.wikipedia.org/wiki/Spanish_language",
          "entity_id": "Q1321"
        }
      ],
      [
        {
          "start": 0,
          "end": 10,
          "url": "http://en.wikipedia.org/wiki/Yo_soy_Bea",
          "entity_id": "Q1703401"
        }
      ],
      [],
      [],
      [],
      []
    ],
    [
      [
        {
          "start": 1,
          "end": 9,
          "url": "http://en.wikipedia.org/wiki/Thailand",
          "entity_id": "Q869"
        }
      ],
      [
        {
          "start": 0,
          "end": 4,
          "url": "http://en.wikipedia.org/wiki/Thai_language",
          "entity_id": "Q9217"
        }
      ],
      [
        {
          "start": 16,
          "end": 35,
          "url": "http://en.wikipedia.org/wiki/Ugly_Betty_Thailand",
          "entity_id": "Q55642463"
        }
      ],
      [],
      [
        {
          "start": 0,
          "end": 17,
          "url": "http://en.wikipedia.org/wiki/Kantana_Group",
          "entity_id": "Q4925720"
        }
      ],
      [],
      []
    ],
    [
      [
        {
          "start": 1,
          "end": 7,
          "url": "http://en.wikipedia.org/wiki/Turkey",
          "entity_id": "Q43"
        }
      ],
      [
        {
          "start": 0,
          "end": 7,
          "url": "http://en.wikipedia.org/wiki/Turkish_language",
          "entity_id": "Q256"
        }
      ],
      [],
      [],
      [],
      [],
      []
    ],
    [
      [
        {
          "start": 1,
          "end": 14,
          "url": "http://en.wikipedia.org/wiki/United_States",
          "entity_id": "Q30"
        }
      ],
      [
        {
          "start": 0,
          "end": 7,
          "url": "http://en.wikipedia.org/wiki/English_language",
          "entity_id": "Q1860"
        }
      ],
      [
        {
          "start": 0,
          "end": 10,
          "url": "http://en.wikipedia.org/wiki/Ugly_Betty",
          "entity_id": "Q276528"
        }
      ],
      [
        {
          "start": 0,
          "end": 3,
          "url": "http://en.wikipedia.org/wiki/American_Broadcasting_Company",
          "entity_id": "Q169889"
        }
      ],
      [
        {
          "start": 0,
          "end": 15,
          "url": "http://en.wikipedia.org/wiki/America_Ferrera",
          "entity_id": "Q219402"
        }
      ],
      [],
      []
    ],
    [
      [
        {
          "start": 1,
          "end": 14,
          "url": "http://en.wikipedia.org/wiki/United_States",
          "entity_id": "Q30"
        }
      ],
      [
        {
          "start": 0,
          "end": 7,
          "url": "http://en.wikipedia.org/wiki/Spanish_language",
          "entity_id": "Q1321"
        }
      ],
      [
        {
          "start": 0,
          "end": 19,
          "url": "http://en.wikipedia.org/wiki/Betty_en_Nueva_York",
          "entity_id": "Q55080277"
        }
      ],
      [
        {
          "start": 0,
          "end": 9,
          "url": "http://en.wikipedia.org/wiki/Telemundo",
          "entity_id": "Q136538"
        }
      ],
      [],
      [],
      []
    ],
    [
      [
        {
          "start": 1,
          "end": 8,
          "url": "http://en.wikipedia.org/wiki/Vietnam",
          "entity_id": "Q881"
        }
      ],
      [
        {
          "start": 0,
          "end": 10,
          "url": "http://en.wikipedia.org/wiki/Vietnamese_language",
          "entity_id": "Q9199"
        }
      ],
      [
        {
          "start": 0,
          "end": 13,
          "url": "https://vi.wikipedia.org/wiki/C%C3%B4_g%C3%A1i_x%E1%BA%A5u_x%C3%AD",
          "entity_id": null
        }
      ],
      [
        {
          "start": 0,
          "end": 4,
          "url": "http://en.wikipedia.org/wiki/VTV3",
          "entity_id": "Q7907629"
        }
      ],
      [],
      [],
      []
    ]
  ]
}