{"version":"1.2","table":{"version":"2","table_id":"01E31BCQ","columns":[{"index":0,"name":"col0","values":["National Assembly","Chamber of Deputies of Italy","Bundestag of Germany","Chamber of Deputies","House of Representatives of Jordan","National Council of Switzerland","National Assembly of the 4th Republic","Chamber of Deputies","French National Assembly","Sejm of the Republic of Poland","State Duma","House of Representatives","Soviet of the Union of the Supreme Soviet of the Soviet Union","House of Peoples' Representatives","House of Representatives","Dáil Éireann","House of Commons","House of Representatives","Chamber of Deputies","Legislative Assembly of Quebec"]},{"index":1,"name":"col1","values":["Slovenian Parliament","Italian Parliament","federal level of Germany","National Congress of Brasil","Parliament of Jordan","Federal Assembly of Switzerland","French Parliament","French Parliament","French Parliament","National Assembly","Federal Assembly of the Russian Federation","Parliament of Australia","Supreme Soviet of the Soviet Union","Federal Parliamentary Assembly","National Diet","Oireachtas","Parliament of the United Kingdom","National Assembly","Union Parliament","Legislature of Quebec"]},{"index":2,"name":"col2","values":["1992-01-01","1948-01-01","1949-09-07","1826-05-06","1947-01-01","1848-11-16","1946-01-01","1814-01-01","1958-12-09","1493-01-01","1993-01-01","1901-01-01","1937-01-01","1995-01-01","1947-05-20","1919-01-21","1801-01-22","1981-01-01","1948-01-01","1867-07-01"]}]},"context":{"page_title":null,"page_url":null,"page_entity_id":null,"content_hierarchy":[]},"links":[[[{"start":0,"end":17,"url":null,"entity_id":"Q1568676","candidates":[]}],[{"start":0,"end":20,"url":null,"entity_id":"Q1288169","candidates":[]}],[]],[[{"start":0,"end":28,"url":null,"entity_id":"Q841424","candidates":[]}],[{"start":0,"end":18,"url":null,"entity_id":"Q1117578","candidates":[]}],[]],[[{"start":0,"end":20,"url":null,"entity_id":"Q154797","candidates":[]}],[{"start":0,"end":24,"url":null,"entity_id":"Q1005903","candidates":[]}],[]],[[{"start":0,"end":19,"url":null,"entity_id":"Q1834804","candidates":[]}],[{"start":0,"end":27,"url":null,"entity_id":"Q949699","candidates":[]}],[]],[[{"start":0,"end":34,"url":null,"entity_id":"Q320304","candidates":[]}],[{"start":0,"end":20,"url":null,"entity_id":"Q820697","candidates":[]}],[]],[[{"start":0,"end":31,"url":null,"entity_id":"Q676078","candidates":[]}],[{"start":0,"end":31,"url":null,"entity_id":"Q684719","candidates":[]}],[]],[[{"start":0,"end":37,"url":null,"entity_id":"Q2867087","candidates":[]}],[{"start":0,"end":17,"url":null,"entity_id":"Q632552","candidates":[]}],[]],[[{"start":0,"end":19,"url":null,"entity_id":"Q320283","candidates":[]}],[{"start":0,"end":17,"url":null,"entity_id":"Q632552","candidates":[]}],[]],[[{"start":0,"end":24,"url":null,"entity_id":"Q193582","candidates":[]}],[{"start":0,"end":17,"url":null,"entity_id":"Q632552","candidates":[]}],[]],[[{"start":0,"end":30,"url":null,"entity_id":"Q98964","candidates":[]}],[{"start":0,"end":17,"url":null,"entity_id":"Q502026","candidates":[]}],[]],[[{"start":0,"end":10,"url":null,"entity_id":"Q715641","candidates":[]}],[{"start":0,"end":42,"url":null,"entity_id":"Q457869","candidates":[]}],[]],[[{"start":0,"end":24,"url":null,"entity_id":"Q783401","candidates":[]}],[{"start":0,"end":23,"url":null,"entity_id":"Q382118","candidates":[]}],[]],[[{"start":0,"end":61,"url":null,"entity_id":"Q923434","candidates":[]}],[{"start":0,"end":34,"url":null,"entity_id":"Q326465","candidates":[]}],[]],[[{"start":0,"end":33,"url":null,"entity_id":"Q1133185","candidates":[]}],[{"start":0,"end":30,"url":null,"entity_id":"Q257899","candidates":[]}],[]],[[{"start":0,"end":24,"url":null,"entity_id":"Q659587","candidates":[]}],[{"start":0,"end":13,"url":null,"entity_id":"Q202384","candidates":[]}],[]],[[{"start":0,"end":12,"url":null,"entity_id":"Q651981","candidates":[]}],[{"start":0,"end":10,"url":null,"entity_id":"Q129821","candidates":[]}],[]],[[{"start":0,"end":16,"url":null,"entity_id":"Q11005","candidates":[]}],[{"start":0,"end":32,"url":null,"entity_id":"Q11010","candidates":[]}],[]],[[{"start":0,"end":24,"url":null,"entity_id":"Q827805","candidates":[]}],[{"start":0,"end":17,"url":null,"entity_id":"Q1965042","candidates":[]}],[]],[[{"start":0,"end":19,"url":null,"entity_id":"Q20991945","candidates":[]}],[{"start":0,"end":16,"url":null,"entity_id":"Q20992117","candidates":[]}],[]],[[{"start":0,"end":30,"url":null,"entity_id":"Q6518212","candidates":[]}],[{"start":0,"end":21,"url":null,"entity_id":"Q15150880","candidates":[]}],[]]]}