{"version":"1.2","table":{"version":"2","table_id":"01MBA5Y8","columns":[{"index":0,"name":"col0","values":["IR 609","HD 156876","Ta Boötis","Lambda Andromdae","Gliesg 745","Epsilon Aquiae","Lalande 1185","Mu Cassiopfiae","Nu Eapriconi","Eta Cdpricori","Qmega Aurigae","16 Bvrigae","52 ygnj","1 Ceti","Tau2 Eridapi","Zta Geminorum","Delta raconis","Lambda Auigae","alg om A","H 1771"]},{"index":1,"name":"col1","values":["25718.7","9500.0","17856.0","464.6","89460.0","498.0","53730.0","36778.0","7524.0","8341.5","21378.6","74.296","1468.16","8626.65","894.4499999999999","21.0","515.1","18017.999999999996","12398.4","354.29"]},{"index":2,"name":"col2","values":["-38.801052018090175","-19.159744706785894","17.404533505346","46.55106573888","21.076024855382997","14.977890394826584","36.185699324264","55.304783056704","-12.873910716882468","-19.85499196278","37.852354647108","33.2047554131572","30.627556292015008","-12.764881542436504","-21.17205032936112","20.405735911119997","67.8645250604875","40.419845100285634","17.441758572","-24.797756776792998"]},{"index":3,"name":"col3","values":["12.714464","-68.52678","-15.856","6.8194799999999995","32.5119","-46.97883","-84.835","-96.54228","-1.004","23.6572","7.6692","-29.279899999999998","-0.58232","-10.550628","-5.12512","10.4737","23.64333","67.1953","-17.6292","4.491"]}]},"context":{"page_title":null,"page_url":null,"page_entity_id":null,"content_hierarchy":[]},"links":[[[{"start":0,"end":6,"url":null,"entity_id":"Q845609","candidates":[]}],[],[],[]],[[{"start":0,"end":9,"url":null,"entity_id":"Q844757","candidates":[]}],[],[],[]],[[{"start":0,"end":9,"url":null,"entity_id":"Q781947","candidates":[]}],[],[],[]],[[{"start":0,"end":16,"url":null,"entity_id":"Q749234","candidates":[]}],[],[],[]],[[{"start":0,"end":10,"url":null,"entity_id":"Q722242","candidates":[]}],[],[],[]],[[{"start":0,"end":14,"url":null,"entity_id":"Q684292","candidates":[]}],[],[],[]],[[{"start":0,"end":12,"url":null,"entity_id":"Q683605","candidates":[]}],[],[],[]],[[{"start":0,"end":14,"url":null,"entity_id":"Q682966","candidates":[]}],[],[],[]],[[{"start":0,"end":12,"url":null,"entity_id":"Q676853","candidates":[]}],[],[],[]],[[{"start":0,"end":13,"url":null,"entity_id":"Q676232","candidates":[]}],[],[],[]],[[{"start":0,"end":13,"url":null,"entity_id":"Q633431","candidates":[]}],[],[],[]],[[{"start":0,"end":10,"url":null,"entity_id":"Q608310","candidates":[]}],[],[],[]],[[{"start":0,"end":7,"url":null,"entity_id":"Q603764","candidates":[]}],[],[],[]],[[{"start":0,"end":6,"url":null,"entity_id":"Q541212","candidates":[]}],[],[],[]],[[{"start":0,"end":12,"url":null,"entity_id":"Q538594","candidates":[]}],[],[],[]],[[{"start":0,"end":13,"url":null,"entity_id":"Q502119","candidates":[]}],[],[],[]],[[{"start":0,"end":13,"url":null,"entity_id":"Q434054","candidates":[]}],[],[],[]],[[{"start":0,"end":13,"url":null,"entity_id":"Q426726","candidates":[]}],[],[],[]],[[{"start":0,"end":8,"url":null,"entity_id":"Q66477220","candidates":[]}],[],[],[]],[[{"start":0,"end":6,"url":null,"entity_id":"Q66477148","candidates":[]}],[],[],[]]]}