{"version":"1.2","table":{"version":"2","table_id":"01RLDR8E","columns":[{"index":0,"name":"col0","values":["Bone Creek Township, Butler County","Crawford Township, Antelope County","Highland Township, Gage County","Willow Township, Antelope County","Willowdale Township, Holt County","Shamrock Township, Holt County","Josie Township, Holt County","Loup Township, Platte County","Lowell Township, Kearney County","Stanton Township, Antelope County","Gibbon Township, Buffalo County","Niobrara Township, Knox County","Wyoming Township, Holt County","Lewis Township","Nickerson Township, Dodge County","Eldorado Township","Loup Ferry Township, Nance County","Harvard Township, Clay County","Westside Township, Phelps County, Nebraska","Westmark Township, Phelps County, Nebraska"]},{"index":1,"name":"col1","values":["37.98","92.57","35.69","92.48","72.06","54.39","35.91","43.08","42.13","91.83","39.87","23.39","71.88","35.58","37.63","35.76","40.68","35.6","28.41","35.98"]},{"index":2,"name":"col2","values":["426","559","431","535","573","634","734","470","627","600","633","452","674","538","387","538","545","550","733","717"]}]},"context":{"page_title":null,"page_url":null,"page_entity_id":null,"content_hierarchy":[]},"links":[[[{"start":0,"end":34,"url":null,"entity_id":"Q7994866","candidates":[]}],[],[]],[[{"start":0,"end":30,"url":null,"entity_id":"Q7994856","candidates":[]}],[],[]],[[{"start":0,"end":32,"url":null,"entity_id":"Q7994827","candidates":[]}],[],[]],[[{"start":0,"end":32,"url":null,"entity_id":"Q7994812","candidates":[]}],[],[]],[[{"start":0,"end":30,"url":null,"entity_id":"Q7994774","candidates":[]}],[],[]],[[{"start":0,"end":27,"url":null,"entity_id":"Q7994762","candidates":[]}],[],[]],[[{"start":0,"end":28,"url":null,"entity_id":"Q7994732","candidates":[]}],[],[]],[[{"start":0,"end":31,"url":null,"entity_id":"Q7994702","candidates":[]}],[],[]],[[{"start":0,"end":33,"url":null,"entity_id":"Q7994675","candidates":[]}],[],[]],[[{"start":0,"end":31,"url":null,"entity_id":"Q7994650","candidates":[]}],[],[]],[[{"start":0,"end":30,"url":null,"entity_id":"Q7994629","candidates":[]}],[],[]],[[{"start":0,"end":29,"url":null,"entity_id":"Q7994625","candidates":[]}],[],[]],[[{"start":0,"end":14,"url":null,"entity_id":"Q7994597","candidates":[]}],[],[]],[[{"start":0,"end":32,"url":null,"entity_id":"Q7994582","candidates":[]}],[],[]],[[{"start":0,"end":17,"url":null,"entity_id":"Q7994558","candidates":[]}],[],[]],[[{"start":0,"end":33,"url":null,"entity_id":"Q7994547","candidates":[]}],[],[]],[[{"start":0,"end":29,"url":null,"entity_id":"Q7994533","candidates":[]}],[],[]],[[{"start":0,"end":42,"url":null,"entity_id":"Q7989724","candidates":[]}],[],[]],[[{"start":0,"end":42,"url":null,"entity_id":"Q7989070","candidates":[]}],[],[]],[[{"start":0,"end":34,"url":null,"entity_id":"Q7994881","candidates":[]}],[],[]]]}