{"version":"1.2","table":{"version":"2","table_id":"04DKEH06","columns":[{"index":0,"name":"col0","values":["grammarian","wooden boat builder","seamstress","pirate","bellows pumper","master craftsman","blacksmith","combatant","charlatan","witch","Teamer","composer","oracle","artist","beggar","partisan","dissident","teacher","agitator","bandurist"]},{"index":1,"name":"col1","values":["grammar","boat building","sewing","piracy","bellows","craft","blacksmithing","combat","quackery","witchcraft","Lehrgang","musical composition","Greek divination","art","begging","guerrilla warfare","dissidence","education","agitation","bandura"]},{"index":2,"name":"col2","values":["Meyers Konversations-Lexikon (1888–1889)","utdanning.no","Inter-Active Terminology for Europe","Ottův slovník naučný","Riemann's Music Dictionary (1901–1904)","Vlastenský slovník historický","Armenian Soviet Encyclopedia","Armenian Soviet Encyclopedia","Nordisk familjebok","Brockhaus and Efron Encyclopedic Dictionary","Duden","Riemann's Music Dictionary (1901–1904)","New Encyclopedic Dictionary","The Nuttall Encyclopædia","Ottův slovník naučný","Ottův slovník naučný","Brockhaus and Efron Encyclopedic Dictionary","Brockhaus and Efron Encyclopedic Dictionary","Brockhaus and Efron Encyclopedic Dictionary","Brockhaus and Efron Encyclopedic Dictionary"]}]},"context":{"page_title":null,"page_url":null,"page_entity_id":null,"content_hierarchy":[]},"links":[[[{"start":0,"end":10,"url":null,"entity_id":"Q15991187","candidates":[]}],[{"start":0,"end":7,"url":null,"entity_id":"Q8091","candidates":[]}],[{"start":0,"end":40,"url":null,"entity_id":"Q19219752","candidates":[]}]],[[{"start":0,"end":19,"url":null,"entity_id":"Q25424554","candidates":[]}],[{"start":0,"end":13,"url":null,"entity_id":"Q893164","candidates":[]}],[{"start":0,"end":12,"url":null,"entity_id":"Q12008627","candidates":[]}]],[[{"start":0,"end":10,"url":null,"entity_id":"Q67205775","candidates":[]}],[{"start":0,"end":6,"url":null,"entity_id":"Q652122","candidates":[]}],[{"start":0,"end":35,"url":null,"entity_id":"Q1520860","candidates":[]}]],[[{"start":0,"end":6,"url":null,"entity_id":"Q10729326","candidates":[]}],[{"start":0,"end":6,"url":null,"entity_id":"Q45393","candidates":[]}],[{"start":0,"end":20,"url":null,"entity_id":"Q2041543","candidates":[]}]],[[{"start":0,"end":14,"url":null,"entity_id":"Q1361693","candidates":[]}],[{"start":0,"end":7,"url":null,"entity_id":"Q208103","candidates":[]}],[{"start":0,"end":38,"url":null,"entity_id":"Q27680201","candidates":[]}]],[[{"start":0,"end":16,"url":null,"entity_id":"Q1284709","candidates":[]}],[{"start":0,"end":5,"url":null,"entity_id":"Q2207288","candidates":[]}],[{"start":0,"end":29,"url":null,"entity_id":"Q19538713","candidates":[]}]],[[{"start":0,"end":10,"url":null,"entity_id":"Q1639825","candidates":[]}],[{"start":0,"end":13,"url":null,"entity_id":"Q11204681","candidates":[]}],[{"start":0,"end":28,"url":null,"entity_id":"Q2657718","candidates":[]}]],[[{"start":0,"end":9,"url":null,"entity_id":"Q1414937","candidates":[]}],[{"start":0,"end":6,"url":null,"entity_id":"Q650711","candidates":[]}],[{"start":0,"end":28,"url":null,"entity_id":"Q2657718","candidates":[]}]],[[{"start":0,"end":9,"url":null,"entity_id":"Q1430956","candidates":[]}],[{"start":0,"end":8,"url":null,"entity_id":"Q1468920","candidates":[]}],[{"start":0,"end":18,"url":null,"entity_id":"Q678259","candidates":[]}]],[[{"start":0,"end":5,"url":null,"entity_id":"Q1616828","candidates":[]}],[{"start":0,"end":10,"url":null,"entity_id":"Q259745","candidates":[]}],[{"start":0,"end":43,"url":null,"entity_id":"Q602358","candidates":[]}]],[[{"start":0,"end":6,"url":null,"entity_id":"Q1786734","candidates":[]}],[{"start":0,"end":8,"url":null,"entity_id":"Q1813455","candidates":[]}],[{"start":0,"end":5,"url":null,"entity_id":"Q511823","candidates":[]}]],[[{"start":0,"end":8,"url":null,"entity_id":"Q36834","candidates":[]}],[{"start":0,"end":19,"url":null,"entity_id":"Q207628","candidates":[]}],[{"start":0,"end":38,"url":null,"entity_id":"Q27680201","candidates":[]}]],[[{"start":0,"end":6,"url":null,"entity_id":"Q217123","candidates":[]}],[{"start":0,"end":16,"url":null,"entity_id":"Q5657747","candidates":[]}],[{"start":0,"end":27,"url":null,"entity_id":"Q19190511","candidates":[]}]],[[{"start":0,"end":6,"url":null,"entity_id":"Q483501","candidates":[]}],[{"start":0,"end":3,"url":null,"entity_id":"Q735","candidates":[]}],[{"start":0,"end":24,"url":null,"entity_id":"Q3181656","candidates":[]}]],[[{"start":0,"end":6,"url":null,"entity_id":"Q273283","candidates":[]}],[{"start":0,"end":7,"url":null,"entity_id":"Q17572748","candidates":[]}],[{"start":0,"end":20,"url":null,"entity_id":"Q2041543","candidates":[]}]],[[{"start":0,"end":8,"url":null,"entity_id":"Q212948","candidates":[]}],[{"start":0,"end":17,"url":null,"entity_id":"Q80895","candidates":[]}],[{"start":0,"end":20,"url":null,"entity_id":"Q2041543","candidates":[]}]],[[{"start":0,"end":9,"url":null,"entity_id":"Q181043","candidates":[]}],[{"start":0,"end":10,"url":null,"entity_id":"Q19509099","candidates":[]}],[{"start":0,"end":43,"url":null,"entity_id":"Q602358","candidates":[]}]],[[{"start":0,"end":7,"url":null,"entity_id":"Q37226","candidates":[]}],[{"start":0,"end":9,"url":null,"entity_id":"Q8434","candidates":[]}],[{"start":0,"end":43,"url":null,"entity_id":"Q602358","candidates":[]}]],[[{"start":0,"end":8,"url":null,"entity_id":"Q47227062","candidates":[]}],[{"start":0,"end":9,"url":null,"entity_id":"Q1075020","candidates":[]}],[{"start":0,"end":43,"url":null,"entity_id":"Q602358","candidates":[]}]],[[{"start":0,"end":9,"url":null,"entity_id":"Q4854747","candidates":[]}],[{"start":0,"end":7,"url":null,"entity_id":"Q262414","candidates":[]}],[{"start":0,"end":43,"url":null,"entity_id":"Q602358","candidates":[]}]]]}