{"version":"1.2","table":{"version":"2","table_id":"04OP4XNE","columns":[{"index":0,"name":"col0","values":["La Encina station","Palomares, Almería","Los Escullos","El Pardal","Cañada del Provencio","Cañada de Morote","Aldea de Pinilla","Aldea de Mesones","Aldea de Las Hoyas","Aldea de Fuente Carrasca","Aldea de El Quejigal","La Campaneta","La Alfera","La Aparecida","Fuente-Higuera","Vegallera","Torre – Pedro","Los Collados","Los Chóvales","Los Alejos"]},{"index":1,"name":"col1","values":["Villena","Cuevas del Almanzora","Almería Province","Albacete Province","Albacete Province","Albacete Province","Albacete Province","Albacete Province","Albacete Province","Albacete Province","Albacete Province","Orihuela","Molinicos","Alicante Province","Albacete Province","Albacete Province","Albacete Province","Albacete Province","Albacete Province","Albacete Province"]},{"index":2,"name":"col2","values":["Spain","Spain","Spain","Spain","Spain","Spain","Spain","Spain","Spain","Spain","Spain","Spain","Spain","Spain","Spain","Spain","Spain","Spain","Spain","Spain"]},{"index":3,"name":"col3","values":["Central European Time","UTC+01:00","UTC+01:00","UTC+01:00","UTC+01:00","UTC+01:00","UTC+01:00","UTC+01:00","UTC+01:00","UTC+01:00","UTC+01:00","UTC+01:00","UTC+01:00","UTC+01:00","UTC+01:00","UTC+01:00","UTC+01:00","UTC+01:00","UTC+01:00","UTC+01:00"]}]},"context":{"page_title":null,"page_url":null,"page_entity_id":null,"content_hierarchy":[]},"links":[[[{"start":0,"end":17,"url":null,"entity_id":"Q526079","candidates":[]}],[{"start":0,"end":7,"url":null,"entity_id":"Q502249","candidates":[]}],[{"start":0,"end":5,"url":null,"entity_id":"Q29","candidates":[]}],[{"start":0,"end":21,"url":null,"entity_id":"Q25989","candidates":[]}]],[[{"start":0,"end":18,"url":null,"entity_id":"Q1116669","candidates":[]}],[{"start":0,"end":20,"url":null,"entity_id":"Q1048762","candidates":[]}],[{"start":0,"end":5,"url":null,"entity_id":"Q29","candidates":[]}],[{"start":0,"end":9,"url":null,"entity_id":"Q6655","candidates":[]}]],[[{"start":0,"end":12,"url":null,"entity_id":"Q1870490","candidates":[]}],[{"start":0,"end":16,"url":null,"entity_id":"Q81802","candidates":[]}],[{"start":0,"end":5,"url":null,"entity_id":"Q29","candidates":[]}],[{"start":0,"end":9,"url":null,"entity_id":"Q6655","candidates":[]}]],[[{"start":0,"end":9,"url":null,"entity_id":"Q5351750","candidates":[]}],[{"start":0,"end":17,"url":null,"entity_id":"Q54889","candidates":[]}],[{"start":0,"end":5,"url":null,"entity_id":"Q29","candidates":[]}],[{"start":0,"end":9,"url":null,"entity_id":"Q6655","candidates":[]}]],[[{"start":0,"end":20,"url":null,"entity_id":"Q5055569","candidates":[]}],[{"start":0,"end":17,"url":null,"entity_id":"Q54889","candidates":[]}],[{"start":0,"end":5,"url":null,"entity_id":"Q29","candidates":[]}],[{"start":0,"end":9,"url":null,"entity_id":"Q6655","candidates":[]}]],[[{"start":0,"end":16,"url":null,"entity_id":"Q5055566","candidates":[]}],[{"start":0,"end":17,"url":null,"entity_id":"Q54889","candidates":[]}],[{"start":0,"end":5,"url":null,"entity_id":"Q29","candidates":[]}],[{"start":0,"end":9,"url":null,"entity_id":"Q6655","candidates":[]}]],[[{"start":0,"end":16,"url":null,"entity_id":"Q4713485","candidates":[]}],[{"start":0,"end":17,"url":null,"entity_id":"Q54889","candidates":[]}],[{"start":0,"end":5,"url":null,"entity_id":"Q29","candidates":[]}],[{"start":0,"end":9,"url":null,"entity_id":"Q6655","candidates":[]}]],[[{"start":0,"end":16,"url":null,"entity_id":"Q4713484","candidates":[]}],[{"start":0,"end":17,"url":null,"entity_id":"Q54889","candidates":[]}],[{"start":0,"end":5,"url":null,"entity_id":"Q29","candidates":[]}],[{"start":0,"end":9,"url":null,"entity_id":"Q6655","candidates":[]}]],[[{"start":0,"end":18,"url":null,"entity_id":"Q4713483","candidates":[]}],[{"start":0,"end":17,"url":null,"entity_id":"Q54889","candidates":[]}],[{"start":0,"end":5,"url":null,"entity_id":"Q29","candidates":[]}],[{"start":0,"end":9,"url":null,"entity_id":"Q6655","candidates":[]}]],[[{"start":0,"end":24,"url":null,"entity_id":"Q4713482","candidates":[]}],[{"start":0,"end":17,"url":null,"entity_id":"Q54889","candidates":[]}],[{"start":0,"end":5,"url":null,"entity_id":"Q29","candidates":[]}],[{"start":0,"end":9,"url":null,"entity_id":"Q6655","candidates":[]}]],[[{"start":0,"end":20,"url":null,"entity_id":"Q4713480","candidates":[]}],[{"start":0,"end":17,"url":null,"entity_id":"Q54889","candidates":[]}],[{"start":0,"end":5,"url":null,"entity_id":"Q29","candidates":[]}],[{"start":0,"end":9,"url":null,"entity_id":"Q6655","candidates":[]}]],[[{"start":0,"end":12,"url":null,"entity_id":"Q6461499","candidates":[]}],[{"start":0,"end":8,"url":null,"entity_id":"Q487786","candidates":[]}],[{"start":0,"end":5,"url":null,"entity_id":"Q29","candidates":[]}],[{"start":0,"end":9,"url":null,"entity_id":"Q6655","candidates":[]}]],[[{"start":0,"end":9,"url":null,"entity_id":"Q6461025","candidates":[]}],[{"start":0,"end":9,"url":null,"entity_id":"Q192390","candidates":[]}],[{"start":0,"end":5,"url":null,"entity_id":"Q29","candidates":[]}],[{"start":0,"end":9,"url":null,"entity_id":"Q6655","candidates":[]}]],[[{"start":0,"end":12,"url":null,"entity_id":"Q5961989","candidates":[]}],[{"start":0,"end":17,"url":null,"entity_id":"Q54936","candidates":[]}],[{"start":0,"end":5,"url":null,"entity_id":"Q29","candidates":[]}],[{"start":0,"end":9,"url":null,"entity_id":"Q6655","candidates":[]}]],[[{"start":0,"end":14,"url":null,"entity_id":"Q8962943","candidates":[]}],[{"start":0,"end":17,"url":null,"entity_id":"Q54889","candidates":[]}],[{"start":0,"end":5,"url":null,"entity_id":"Q29","candidates":[]}],[{"start":0,"end":9,"url":null,"entity_id":"Q6655","candidates":[]}]],[[{"start":0,"end":9,"url":null,"entity_id":"Q7918270","candidates":[]}],[{"start":0,"end":17,"url":null,"entity_id":"Q54889","candidates":[]}],[{"start":0,"end":5,"url":null,"entity_id":"Q29","candidates":[]}],[{"start":0,"end":9,"url":null,"entity_id":"Q6655","candidates":[]}]],[[{"start":0,"end":13,"url":null,"entity_id":"Q7827000","candidates":[]}],[{"start":0,"end":17,"url":null,"entity_id":"Q54889","candidates":[]}],[{"start":0,"end":5,"url":null,"entity_id":"Q29","candidates":[]}],[{"start":0,"end":9,"url":null,"entity_id":"Q6655","candidates":[]}]],[[{"start":0,"end":12,"url":null,"entity_id":"Q6682642","candidates":[]}],[{"start":0,"end":17,"url":null,"entity_id":"Q54889","candidates":[]}],[{"start":0,"end":5,"url":null,"entity_id":"Q29","candidates":[]}],[{"start":0,"end":9,"url":null,"entity_id":"Q6655","candidates":[]}]],[[{"start":0,"end":12,"url":null,"entity_id":"Q6682621","candidates":[]}],[{"start":0,"end":17,"url":null,"entity_id":"Q54889","candidates":[]}],[{"start":0,"end":5,"url":null,"entity_id":"Q29","candidates":[]}],[{"start":0,"end":9,"url":null,"entity_id":"Q6655","candidates":[]}]],[[{"start":0,"end":10,"url":null,"entity_id":"Q6681878","candidates":[]}],[{"start":0,"end":17,"url":null,"entity_id":"Q54889","candidates":[]}],[{"start":0,"end":5,"url":null,"entity_id":"Q29","candidates":[]}],[{"start":0,"end":9,"url":null,"entity_id":"Q6655","candidates":[]}]]]}