{"version":"1.2","table":{"version":"2","table_id":"04ZNMNR4","columns":[{"index":0,"name":"col0","values":["Baba Saheb Dr. B.R.A. College of Agriculture Engineering & Technology","SWPS University Faculty of Law","SeaTech","Ibrahim Abu-Lughod Institute of International Studies","Campus Gotland","National Technological University – La Plata Regional Faculty","Uniwersytet Opolski. Wydział Ekonomiczny","University of Gdańsk - Faculty of Law and Administration","Faculty of Oceanography and Geography of University of Gdańsk","University of Gdańsk - Faculty of Social Sciences","University of Gdańsk, Faculty of Mathematics, Physics and Informatics","Faculty of Languages, University of Gdansk","University of Gdansk Faculty of Economics","Uniwersytet Gdanski Wydzial Biologii","Wydział Teologiczny","Uniwersytet Szczeciński. Wydział Nauk Ekonomicznych i Zarządzania","Faculty of Geodesy and Land Management of the University of Warmia and Mazury in Olsztyn","Wydział Inżynierii Produkcji","Faculty of Technical Physics of Poznań University of Technology","Uniwersytet w Białymstoku. Wydział Prawa"]},{"index":1,"name":"col1","values":["Chandra Shekhar Azad University of Agriculture and Technology","SWPS University of Social Sciences and Humanities","Institut des Sciences de l'Ingénieur de Toulon et du Var","Birzeit University","Uppsala University","National Technological University","University of Opole","University of Gdańsk","University of Gdańsk","University of Gdańsk","University of Gdańsk","University of Gdańsk","University of Gdańsk","University of Gdańsk","University of Szczecin","University of Szczecin","University of Warmia and Mazury in Olsztyn","Warsaw University of Technology","Poznań University of Technology","University of Białystok"]},{"index":2,"name":"col2","values":["1994-01-01","2009-01-01","2014-01-01","1998-01-01","2013-07-01","1954-09-24","1992-01-01","1970-01-01","2008-01-01","1990-12-01","1991-09-01","2008-09-01","1970-01-01","1970-01-01","2003-08-09","1946-10-14","1960-10-01","1951-01-01","1997-01-01","1990-06-27"]}]},"context":{"page_title":null,"page_url":null,"page_entity_id":null,"content_hierarchy":[]},"links":[[[{"start":0,"end":69,"url":null,"entity_id":"Q28154119","candidates":[]}],[{"start":0,"end":61,"url":null,"entity_id":"Q5071310","candidates":[]}],[]],[[{"start":0,"end":30,"url":null,"entity_id":"Q24944483","candidates":[]}],[{"start":0,"end":49,"url":null,"entity_id":"Q7970913","candidates":[]}],[]],[[{"start":0,"end":7,"url":null,"entity_id":"Q17355542","candidates":[]}],[{"start":0,"end":56,"url":null,"entity_id":"Q3152149","candidates":[]}],[]],[[{"start":0,"end":53,"url":null,"entity_id":"Q22934326","candidates":[]}],[{"start":0,"end":18,"url":null,"entity_id":"Q510029","candidates":[]}],[]],[[{"start":0,"end":14,"url":null,"entity_id":"Q22976817","candidates":[]}],[{"start":0,"end":18,"url":null,"entity_id":"Q185246","candidates":[]}],[]],[[{"start":0,"end":61,"url":null,"entity_id":"Q8960702","candidates":[]}],[{"start":0,"end":33,"url":null,"entity_id":"Q3232206","candidates":[]}],[]],[[{"start":0,"end":40,"url":null,"entity_id":"Q9379375","candidates":[]}],[{"start":0,"end":19,"url":null,"entity_id":"Q1932957","candidates":[]}],[]],[[{"start":0,"end":56,"url":null,"entity_id":"Q9379661","candidates":[]}],[{"start":0,"end":20,"url":null,"entity_id":"Q1758009","candidates":[]}],[]],[[{"start":0,"end":61,"url":null,"entity_id":"Q9379625","candidates":[]}],[{"start":0,"end":20,"url":null,"entity_id":"Q1758009","candidates":[]}],[]],[[{"start":0,"end":49,"url":null,"entity_id":"Q9379591","candidates":[]}],[{"start":0,"end":20,"url":null,"entity_id":"Q1758009","candidates":[]}],[]],[[{"start":0,"end":69,"url":null,"entity_id":"Q9379522","candidates":[]}],[{"start":0,"end":20,"url":null,"entity_id":"Q1758009","candidates":[]}],[]],[[{"start":0,"end":42,"url":null,"entity_id":"Q9379411","candidates":[]}],[{"start":0,"end":20,"url":null,"entity_id":"Q1758009","candidates":[]}],[]],[[{"start":0,"end":41,"url":null,"entity_id":"Q9379374","candidates":[]}],[{"start":0,"end":20,"url":null,"entity_id":"Q1758009","candidates":[]}],[]],[[{"start":0,"end":36,"url":null,"entity_id":"Q9379328","candidates":[]}],[{"start":0,"end":20,"url":null,"entity_id":"Q1758009","candidates":[]}],[]],[[{"start":0,"end":19,"url":null,"entity_id":"Q9379716","candidates":[]}],[{"start":0,"end":22,"url":null,"entity_id":"Q1752716","candidates":[]}],[]],[[{"start":0,"end":65,"url":null,"entity_id":"Q9379573","candidates":[]}],[{"start":0,"end":22,"url":null,"entity_id":"Q1752716","candidates":[]}],[]],[[{"start":0,"end":88,"url":null,"entity_id":"Q9379445","candidates":[]}],[{"start":0,"end":42,"url":null,"entity_id":"Q1733433","candidates":[]}],[]],[[{"start":0,"end":28,"url":null,"entity_id":"Q9379492","candidates":[]}],[{"start":0,"end":31,"url":null,"entity_id":"Q1718656","candidates":[]}],[]],[[{"start":0,"end":63,"url":null,"entity_id":"Q9379437","candidates":[]}],[{"start":0,"end":31,"url":null,"entity_id":"Q1678753","candidates":[]}],[]],[[{"start":0,"end":40,"url":null,"entity_id":"Q9379659","candidates":[]}],[{"start":0,"end":23,"url":null,"entity_id":"Q1658883","candidates":[]}],[]]]}