{"version":"1.2","table":{"version":"2","table_id":"05787LO9","columns":[{"index":0,"name":"col0","values":["Osșova","TârguMureș","Sighetu MarmaȞiei","Baia Mcre","Reșia","Curea de Argeș","Plojești","Mefiaș","Vasui","Tulca","Coqstanța","Mngalia","Giurgi","Turnu ăgurele","Alexandri","Setroșani","Orștie","Deva","Calafdt","Rfghin"]},{"index":1,"name":"col1","values":["Mehedinți County","Mureș County","Maramureș County","Maramureș County","Caraș-Severin County","Arges","Prahova County","Sibiu County","Vaslui County","Tulcea County","Constanța County","Constanța County","Giurgiu County","Teleorman County","Teleorman County","Hunedoara County","Hunedoara County","Hunedoara County","Dolj County","Mureș County"]},{"index":2,"name":"col2","values":["New Encyclopedic Dictionary","Jewish Encyclopedia of Brockhaus and Efron","Jewish Encyclopedia of Brockhaus and Efron","Jewish Encyclopedia of Brockhaus and Efron","Armenian Soviet Encyclopedia","Armenian Soviet Encyclopedia","Ottův slovník naučný","Ottův slovník naučný","Ottův slovník naučný","Paulys Realenzyklopädie der klassischen Altertumswissenschaft","Paulys Realenzyklopädie der klassischen Altertumswissenschaft","Nordisk familjebok","Brockhaus and Efron Encyclopedic Dictionary","Brockhaus and Efron Encyclopedic Dictionary","Brockhaus and Efron Encyclopedic Dictionary","Brockhaus and Efron Encyclopedic Dictionary","Brockhaus and Efron Encyclopedic Dictionary","Brockhaus and Efron Encyclopedic Dictionary","Brockhaus and Efron Encyclopedic Dictionary","Brockhaus and Efron Encyclopedic Dictionary"]}]},"context":{"page_title":null,"page_url":null,"page_entity_id":null,"content_hierarchy":[]},"links":[[[{"start":0,"end":10,"url":null,"entity_id":"Q186349","candidates":[]}],[{"start":0,"end":12,"url":null,"entity_id":"Q190711","candidates":[]}],[{"start":0,"end":42,"url":null,"entity_id":"Q4173137","candidates":[]}]],[[{"start":0,"end":17,"url":null,"entity_id":"Q334874","candidates":[]}],[{"start":0,"end":16,"url":null,"entity_id":"Q188813","candidates":[]}],[{"start":0,"end":42,"url":null,"entity_id":"Q4173137","candidates":[]}]],[[{"start":0,"end":9,"url":null,"entity_id":"Q185280","candidates":[]}],[{"start":0,"end":16,"url":null,"entity_id":"Q188813","candidates":[]}],[{"start":0,"end":42,"url":null,"entity_id":"Q4173137","candidates":[]}]],[[{"start":0,"end":5,"url":null,"entity_id":"Q75634","candidates":[]}],[{"start":0,"end":20,"url":null,"entity_id":"Q187925","candidates":[]}],[{"start":0,"end":28,"url":null,"entity_id":"Q2657718","candidates":[]}]],[[{"start":0,"end":14,"url":null,"entity_id":"Q652838","candidates":[]}],[{"start":0,"end":5,"url":null,"entity_id":"Q179567","candidates":[]}],[{"start":0,"end":28,"url":null,"entity_id":"Q2657718","candidates":[]}]],[[{"start":0,"end":8,"url":null,"entity_id":"Q179585","candidates":[]}],[{"start":0,"end":14,"url":null,"entity_id":"Q188665","candidates":[]}],[{"start":0,"end":20,"url":null,"entity_id":"Q2041543","candidates":[]}]],[[{"start":0,"end":6,"url":null,"entity_id":"Q374465","candidates":[]}],[{"start":0,"end":12,"url":null,"entity_id":"Q184797","candidates":[]}],[{"start":0,"end":20,"url":null,"entity_id":"Q2041543","candidates":[]}]],[[{"start":0,"end":5,"url":null,"entity_id":"Q192269","candidates":[]}],[{"start":0,"end":13,"url":null,"entity_id":"Q167199","candidates":[]}],[{"start":0,"end":20,"url":null,"entity_id":"Q2041543","candidates":[]}]],[[{"start":0,"end":5,"url":null,"entity_id":"Q11585","candidates":[]}],[{"start":0,"end":13,"url":null,"entity_id":"Q191078","candidates":[]}],[{"start":0,"end":61,"url":null,"entity_id":"Q1138524","candidates":[]}]],[[{"start":0,"end":9,"url":null,"entity_id":"Q79808","candidates":[]}],[{"start":0,"end":16,"url":null,"entity_id":"Q188505","candidates":[]}],[{"start":0,"end":61,"url":null,"entity_id":"Q1138524","candidates":[]}]],[[{"start":0,"end":7,"url":null,"entity_id":"Q467498","candidates":[]}],[{"start":0,"end":16,"url":null,"entity_id":"Q188505","candidates":[]}],[{"start":0,"end":18,"url":null,"entity_id":"Q678259","candidates":[]}]],[[{"start":0,"end":6,"url":null,"entity_id":"Q202351","candidates":[]}],[{"start":0,"end":14,"url":null,"entity_id":"Q193055","candidates":[]}],[{"start":0,"end":43,"url":null,"entity_id":"Q602358","candidates":[]}]],[[{"start":0,"end":13,"url":null,"entity_id":"Q570213","candidates":[]}],[{"start":0,"end":16,"url":null,"entity_id":"Q191653","candidates":[]}],[{"start":0,"end":43,"url":null,"entity_id":"Q602358","candidates":[]}]],[[{"start":0,"end":9,"url":null,"entity_id":"Q209929","candidates":[]}],[{"start":0,"end":16,"url":null,"entity_id":"Q191653","candidates":[]}],[{"start":0,"end":43,"url":null,"entity_id":"Q602358","candidates":[]}]],[[{"start":0,"end":9,"url":null,"entity_id":"Q746041","candidates":[]}],[{"start":0,"end":16,"url":null,"entity_id":"Q191071","candidates":[]}],[{"start":0,"end":43,"url":null,"entity_id":"Q602358","candidates":[]}]],[[{"start":0,"end":6,"url":null,"entity_id":"Q262472","candidates":[]}],[{"start":0,"end":16,"url":null,"entity_id":"Q191071","candidates":[]}],[{"start":0,"end":43,"url":null,"entity_id":"Q602358","candidates":[]}]],[[{"start":0,"end":4,"url":null,"entity_id":"Q204850","candidates":[]}],[{"start":0,"end":16,"url":null,"entity_id":"Q191071","candidates":[]}],[{"start":0,"end":43,"url":null,"entity_id":"Q602358","candidates":[]}]],[[{"start":0,"end":7,"url":null,"entity_id":"Q652856","candidates":[]}],[{"start":0,"end":11,"url":null,"entity_id":"Q191065","candidates":[]}],[{"start":0,"end":43,"url":null,"entity_id":"Q602358","candidates":[]}]],[[{"start":0,"end":6,"url":null,"entity_id":"Q572478","candidates":[]}],[{"start":0,"end":12,"url":null,"entity_id":"Q190711","candidates":[]}],[{"start":0,"end":43,"url":null,"entity_id":"Q602358","candidates":[]}]],[[{"start":0,"end":6,"url":null,"entity_id":"Q750243","candidates":[]}],[{"start":0,"end":16,"url":null,"entity_id":"Q191717","candidates":[]}],[{"start":0,"end":27,"url":null,"entity_id":"Q19190511","candidates":[]}]]]}