{"version":"1.2","table":{"version":"2","table_id":"06LMDSET","columns":[{"index":0,"name":"col0","values":["17 North Hill Road","Aldie Mansion","Audrey Geisel University House","George A. Strout House","Antrim House","Hotel de France","Stornoway","Kritzraedthuis","Café de la Bourse","House Baes","Villa Dartheide","Café Mort Subite","Lamphey Court","Gideon Tucker House","Wheatland","Godmersham Park","Langham House","Brickendon Estate","Montgomery's Inn","Backus-Page House Museum"]},{"index":1,"name":"col1","values":["Tudor Revival architecture","Tudor Revival architecture","Pueblo Revival Style architecture","Queen Anne style architecture in the United States","Edwardian architecture","classical architecture","Colonial Revival architecture","Mosan Renaissance","eclectic architecture","eclectic architecture","eclectic architecture","eclectic architecture","Greek Revival (architecture)","Federal architecture","Federal architecture","Georgian architecture","Georgian architecture","Georgian architecture","Georgian architecture","Georgian architecture"]},{"index":2,"name":"col2","values":["Headingley","Doylestown","La Jolla","Sebastopol","Wellington","Pentagon","Rockcliffe Park, Ontario","Sittard","Pentagon","Pentagon","Leersum","Pentagon","Lamphey","Tribeca","Lancaster","Godmersham Park","Ham","Longford","Etobicoke","Dutton/Dunwich"]},{"index":3,"name":"col3","values":["1801-01-01","1927-01-01","1951-01-01","1903-01-01","1905-01-01","1779-01-01","1914-01-01","1620-01-01","1874-01-01","1888-01-01","1824-01-01","1902-01-01","1823-01-01","1809-01-01","1828-01-01","1732-01-01","1709-01-01","1830-01-01","1832-01-01","1994-01-01"]}]},"context":{"page_title":null,"page_url":null,"page_entity_id":null,"content_hierarchy":[]},"links":[[[{"start":0,"end":18,"url":null,"entity_id":"Q26656067","candidates":[]}],[{"start":0,"end":26,"url":null,"entity_id":"Q7851317","candidates":[]}],[{"start":0,"end":10,"url":null,"entity_id":"Q1592322","candidates":[]}],[]],[[{"start":0,"end":13,"url":null,"entity_id":"Q33131455","candidates":[]}],[{"start":0,"end":26,"url":null,"entity_id":"Q7851317","candidates":[]}],[{"start":0,"end":10,"url":null,"entity_id":"Q1010232","candidates":[]}],[]],[[{"start":0,"end":30,"url":null,"entity_id":"Q16842866","candidates":[]}],[{"start":0,"end":33,"url":null,"entity_id":"Q7258468","candidates":[]}],[{"start":0,"end":8,"url":null,"entity_id":"Q840668","candidates":[]}],[]],[[{"start":0,"end":22,"url":null,"entity_id":"Q14682008","candidates":[]}],[{"start":0,"end":50,"url":null,"entity_id":"Q7270218","candidates":[]}],[{"start":0,"end":10,"url":null,"entity_id":"Q985264","candidates":[]}],[]],[[{"start":0,"end":12,"url":null,"entity_id":"Q222625","candidates":[]}],[{"start":0,"end":22,"url":null,"entity_id":"Q5346070","candidates":[]}],[{"start":0,"end":10,"url":null,"entity_id":"Q23661","candidates":[]}],[]],[[{"start":0,"end":15,"url":null,"entity_id":"Q38906626","candidates":[]}],[{"start":0,"end":22,"url":null,"entity_id":"Q4198718","candidates":[]}],[{"start":0,"end":8,"url":null,"entity_id":"Q18435290","candidates":[]}],[]],[[{"start":0,"end":9,"url":null,"entity_id":"Q3499879","candidates":[]}],[{"start":0,"end":29,"url":null,"entity_id":"Q5148367","candidates":[]}],[{"start":0,"end":24,"url":null,"entity_id":"Q4396877","candidates":[]}],[]],[[{"start":0,"end":14,"url":null,"entity_id":"Q7475893","candidates":[]}],[{"start":0,"end":17,"url":null,"entity_id":"Q2406030","candidates":[]}],[{"start":0,"end":7,"url":null,"entity_id":"Q73022","candidates":[]}],[]],[[{"start":0,"end":17,"url":null,"entity_id":"Q42416860","candidates":[]}],[{"start":0,"end":21,"url":null,"entity_id":"Q2479493","candidates":[]}],[{"start":0,"end":8,"url":null,"entity_id":"Q18435290","candidates":[]}],[]],[[{"start":0,"end":10,"url":null,"entity_id":"Q41527278","candidates":[]}],[{"start":0,"end":21,"url":null,"entity_id":"Q2479493","candidates":[]}],[{"start":0,"end":8,"url":null,"entity_id":"Q18435290","candidates":[]}],[]],[[{"start":0,"end":15,"url":null,"entity_id":"Q17606695","candidates":[]}],[{"start":0,"end":21,"url":null,"entity_id":"Q2479493","candidates":[]}],[{"start":0,"end":7,"url":null,"entity_id":"Q81177","candidates":[]}],[]],[[{"start":0,"end":16,"url":null,"entity_id":"Q27643042","candidates":[]}],[{"start":0,"end":21,"url":null,"entity_id":"Q2479493","candidates":[]}],[{"start":0,"end":8,"url":null,"entity_id":"Q18435290","candidates":[]}],[]],[[{"start":0,"end":13,"url":null,"entity_id":"Q17742410","candidates":[]}],[{"start":0,"end":28,"url":null,"entity_id":"Q1513688","candidates":[]}],[{"start":0,"end":7,"url":null,"entity_id":"Q6482424","candidates":[]}],[]],[[{"start":0,"end":19,"url":null,"entity_id":"Q30623240","candidates":[]}],[{"start":0,"end":20,"url":null,"entity_id":"Q1400086","candidates":[]}],[{"start":0,"end":7,"url":null,"entity_id":"Q766014","candidates":[]}],[]],[[{"start":0,"end":9,"url":null,"entity_id":"Q7991883","candidates":[]}],[{"start":0,"end":20,"url":null,"entity_id":"Q1400086","candidates":[]}],[{"start":0,"end":9,"url":null,"entity_id":"Q320514","candidates":[]}],[]],[[{"start":0,"end":15,"url":null,"entity_id":"Q17529295","candidates":[]}],[{"start":0,"end":21,"url":null,"entity_id":"Q1125300","candidates":[]}],[{"start":0,"end":15,"url":null,"entity_id":"Q66575459","candidates":[]}],[]],[[{"start":0,"end":13,"url":null,"entity_id":"Q20712085","candidates":[]}],[{"start":0,"end":21,"url":null,"entity_id":"Q1125300","candidates":[]}],[{"start":0,"end":3,"url":null,"entity_id":"Q5643819","candidates":[]}],[]],[[{"start":0,"end":17,"url":null,"entity_id":"Q19871567","candidates":[]}],[{"start":0,"end":21,"url":null,"entity_id":"Q1125300","candidates":[]}],[{"start":0,"end":8,"url":null,"entity_id":"Q941931","candidates":[]}],[]],[[{"start":0,"end":16,"url":null,"entity_id":"Q6905618","candidates":[]}],[{"start":0,"end":21,"url":null,"entity_id":"Q1125300","candidates":[]}],[{"start":0,"end":9,"url":null,"entity_id":"Q1020159","candidates":[]}],[]],[[{"start":0,"end":24,"url":null,"entity_id":"Q4839807","candidates":[]}],[{"start":0,"end":21,"url":null,"entity_id":"Q1125300","candidates":[]}],[{"start":0,"end":14,"url":null,"entity_id":"Q36750","candidates":[]}],[]]]}