{"version":"1.2","table":{"version":"2","table_id":"080T1Q4J","columns":[{"index":0,"name":"col0","values":["Topuvko","Lipqvljani","Bilice, Šibenin-Knin Conty","Popowača","Koncvle","Višnkan","Hratska Dubica","Donji Kukwruzari","Bskupija","Velika Ludla","Klana","Okrug","Saborko","Pewlovac","Petrievci","Plitvičk Jezera","Ravna Gota","Sveta Pedelja","Civljaqe","Prgqmet"]},{"index":1,"name":"col1","values":["199.4898","113.3704","25.77268","221.1552","210.087","66.77550000000001","129.821","114.11399999999999","133.71689999999998","102.9784","94.65799999999999","9.8392","130.68","92.442","55.5444","540.1581600000001","81.508","5946.084","82.61376","76.53493"]},{"index":2,"name":"col2","values":["130.0","148.8","10.069999999999999","124.875","0.0","244.0","94.282","150.784","367.661","107.963","569.8349999999999","0.999","606.393","90.44999999999999","92.721","614.448","789.624","307.53","410.03999999999996","348.696"]}]},"context":{"page_title":null,"page_url":null,"page_entity_id":null,"content_hierarchy":[]},"links":[[[{"start":0,"end":7,"url":null,"entity_id":"Q2457438","candidates":[]}],[],[]],[[{"start":0,"end":10,"url":null,"entity_id":"Q2455431","candidates":[]}],[],[]],[[{"start":0,"end":26,"url":null,"entity_id":"Q2175713","candidates":[]}],[],[]],[[{"start":0,"end":8,"url":null,"entity_id":"Q2056085","candidates":[]}],[],[]],[[{"start":0,"end":7,"url":null,"entity_id":"Q1781214","candidates":[]}],[],[]],[[{"start":0,"end":7,"url":null,"entity_id":"Q1642046","candidates":[]}],[],[]],[[{"start":0,"end":14,"url":null,"entity_id":"Q1632538","candidates":[]}],[],[]],[[{"start":0,"end":16,"url":null,"entity_id":"Q1293924","candidates":[]}],[],[]],[[{"start":0,"end":8,"url":null,"entity_id":"Q1293881","candidates":[]}],[],[]],[[{"start":0,"end":12,"url":null,"entity_id":"Q1293840","candidates":[]}],[],[]],[[{"start":0,"end":5,"url":null,"entity_id":"Q1284790","candidates":[]}],[],[]],[[{"start":0,"end":5,"url":null,"entity_id":"Q1284434","candidates":[]}],[],[]],[[{"start":0,"end":7,"url":null,"entity_id":"Q1284414","candidates":[]}],[],[]],[[{"start":0,"end":8,"url":null,"entity_id":"Q1284335","candidates":[]}],[],[]],[[{"start":0,"end":9,"url":null,"entity_id":"Q1280634","candidates":[]}],[],[]],[[{"start":0,"end":15,"url":null,"entity_id":"Q1277540","candidates":[]}],[],[]],[[{"start":0,"end":10,"url":null,"entity_id":"Q1277458","candidates":[]}],[],[]],[[{"start":0,"end":13,"url":null,"entity_id":"Q1277429","candidates":[]}],[],[]],[[{"start":0,"end":8,"url":null,"entity_id":"Q1277287","candidates":[]}],[],[]],[[{"start":0,"end":7,"url":null,"entity_id":"Q1277264","candidates":[]}],[],[]]]}