{"version":"1.2","table":{"version":"2","table_id":"08C31CFV","columns":[{"index":0,"name":"col0","values":["Soyuz TMA.6","SoyuzTM-18","Soyu{ TM-27","Vostk 3","STS.71","Soyuz T-","SS-83","STS-2","Soyvz 3","Sqyuz 4","Soyuz 29","Gemipi 8","STS-38","Sqyuz TM-14","STS-7","TS-62","SS-37","SWS-1-C","Soyuz!40","STV-41-G"]},{"index":1,"name":"col1","values":["7185.6","7171.449999999999","7214.349999999999","4745.61","12105.663","6843.15","11377.0","9484.461","6561.85","6638.25","6793.2","3773.844","12058.715","7157.15","15402.5","8829.072","17066.368","112891.584","6840.8","8521.562"]},{"index":2,"name":"col2","values":["356.4","389.22","386.1","218.65399999999997","341.658","227.855","303.208","395.96999999999997","203.35999999999999","226.24","273.94640000000004","268.38","358.38","392.424","243.16899999999998","306.528","462.924","343.38699999999994","286.426","387.09"]},{"index":3,"name":"col3","values":["2005/10/11","1994/07/09","1998/08/25","1962/08/15","1995/07/07","1983/11/23","1997/04/08","2000/10/24","1968/10/30","1969/01/17","1978/03/10","1966/03/17","1990/12/10","1992/08/10","1995/11/05","1994/04/18","1991/04/11","1985/01/27","1981/05/22","1984/10/13"]}]},"context":{"page_title":null,"page_url":null,"page_entity_id":null,"content_hierarchy":[]},"links":[[[{"start":0,"end":10,"url":null,"entity_id":"Q645825","candidates":[]}],[],[],[]],[[{"start":0,"end":11,"url":null,"entity_id":"Q643774","candidates":[]}],[],[],[]],[[{"start":0,"end":7,"url":null,"entity_id":"Q637048","candidates":[]}],[],[],[]],[[{"start":0,"end":6,"url":null,"entity_id":"Q633907","candidates":[]}],[],[],[]],[[{"start":0,"end":8,"url":null,"entity_id":"Q633696","candidates":[]}],[],[],[]],[[{"start":0,"end":5,"url":null,"entity_id":"Q632761","candidates":[]}],[],[],[]],[[{"start":0,"end":5,"url":null,"entity_id":"Q629318","candidates":[]}],[],[],[]],[[{"start":0,"end":7,"url":null,"entity_id":"Q619811","candidates":[]}],[],[],[]],[[{"start":0,"end":7,"url":null,"entity_id":"Q619807","candidates":[]}],[],[],[]],[[{"start":0,"end":8,"url":null,"entity_id":"Q617708","candidates":[]}],[],[],[]],[[{"start":0,"end":8,"url":null,"entity_id":"Q617651","candidates":[]}],[],[],[]],[[{"start":0,"end":6,"url":null,"entity_id":"Q613023","candidates":[]}],[],[],[]],[[{"start":0,"end":11,"url":null,"entity_id":"Q611541","candidates":[]}],[],[],[]],[[{"start":0,"end":5,"url":null,"entity_id":"Q609967","candidates":[]}],[],[],[]],[[{"start":0,"end":5,"url":null,"entity_id":"Q609517","candidates":[]}],[],[],[]],[[{"start":0,"end":5,"url":null,"entity_id":"Q608659","candidates":[]}],[],[],[]],[[{"start":0,"end":7,"url":null,"entity_id":"Q606269","candidates":[]}],[],[],[]],[[{"start":0,"end":8,"url":null,"entity_id":"Q601397","candidates":[]}],[],[],[]],[[{"start":0,"end":8,"url":null,"entity_id":"Q600770","candidates":[]}],[],[],[]],[[{"start":0,"end":11,"url":null,"entity_id":"Q647619","candidates":[]}],[],[],[]]]}