{"version":"1.2","table":{"version":"2","table_id":"08ZRSU78","columns":[{"index":0,"name":"col0","values":["Measure of work performance decrement due to respirators","Development of human posture simulation method for assessing posture angles and spinal loads","Comparing standing balance at real and virtual elevated environments","An observational tool to assess work organizational factors","A versatile program for the analysis of electromyographic data","Using multiple complementary methods to develop ergonomics audits for mining operations","Baseline exposure assessment results from a prospective study of upper extremity musculoskeleetal disorders","Chitin of poriferan origin: isolation, identification and structural properties","Chitin based biomaterials of marine origin - silicification, desilicification and extreme biomimetics","OpenAIRE LOD services: scholarly communication data as linked data","A process for usability testing of lifesaving equipment","Assessing hazard identification in surface stone mines in a virtual environment","Contributing factors to slip, trip, and fall fatalities at surface coal and metal/nonmetal mines","A Development of the Metadata Model for Video Game Cataloging: For the Implementation of Media-Arts Database","Semantically Enriching VGI in Support of Implicit Feedback Analysis","Wrist and forearm movements while homing in on precision targets","The effects of scaling height and scaling bar design on applied forces and bilateral muscle activity of the back and shoulders","Wrist motions in industry: variance between jobs and subjects","Physical exposure assessment in a large prospective upper extremity musculoskeletal disorders study","Exposure assessment of biomechanical stress in repetitive manual work using spectral analysis"]},{"index":1,"name":"col1","values":["respirator","ergonomics","occupational traumatic injury","musculoskeletal disorder of the upper extremities","construction","mining","musculoskeletal disorder of the upper extremities","chitin","chitin","linked open data","mining","mining","mining","IFLA Library Reference Model","OpenStreetMap","musculoskeletal disorder of the upper extremities","intervention effectiveness research","musculoskeletal disorder","musculoskeletal disorder of the upper extremities","musculoskeletal disorder"]},{"index":2,"name":"col2","values":["Physiological effects of pressure demand masks during heavy exercise.","Applications of biomechanics for prevention of work-related musculoskeletal disorders.","Height, surface firmness, and visual reference effects on balance control","Covariation between workplace physical and psychosocial stressors: evidence and implications for occupational health research and prevention","Method for quantitatively assessing physical risk factors during variable noncyclic work","An analysis of injuries to haul truck operators in the U.S. mining industry","Occupational factors and carpal tunnel syndrome","First evidence of chitin as a component of the skeletal fibers of marine sponges. Part I. Verongidae (demospongia: Porifera)","Three-dimensional chitin-based scaffolds from Verongida sponges (Demospongiae: Porifera). Part I. Isolation and identification of chitin","Evolving the Web into a Global Data Space","Refining the Test Phase of Usability Evaluation: How Many Subjects Is Enough?","Toward a typology of dynamic and hazardous work environments","Patterns in mining haul truck accidents","Implementing Controlled Vocabularies for Computer Game Platforms and Media Formats in SKOS","Semantic Wikipedia","Wrist and forearm postures and velocities in repetitve precision tasks","A proposed standard procedure for static muscle strength testing.","Wrist motions in industry","A video-based system for acquiring biomechanical data synchronized with arbitrary events and activities","An analytical method for characterizing repetitive motion and postural stress using spectral analysis"]}]},"context":{"page_title":null,"page_url":null,"page_entity_id":null,"content_hierarchy":[]},"links":[[[{"start":0,"end":56,"url":null,"entity_id":"Q23918841","candidates":[]}],[{"start":0,"end":10,"url":null,"entity_id":"Q271779","candidates":[]}],[{"start":0,"end":69,"url":null,"entity_id":"Q54478759","candidates":[]}]],[[{"start":0,"end":92,"url":null,"entity_id":"Q23918474","candidates":[]}],[{"start":0,"end":10,"url":null,"entity_id":"Q1750812","candidates":[]}],[{"start":0,"end":86,"url":null,"entity_id":"Q37421582","candidates":[]}]],[[{"start":0,"end":68,"url":null,"entity_id":"Q23919478","candidates":[]}],[{"start":0,"end":29,"url":null,"entity_id":"Q26882978","candidates":[]}],[{"start":0,"end":73,"url":null,"entity_id":"Q23919085","candidates":[]}]],[[{"start":0,"end":59,"url":null,"entity_id":"Q23918917","candidates":[]}],[{"start":0,"end":49,"url":null,"entity_id":"Q26989030","candidates":[]}],[{"start":0,"end":140,"url":null,"entity_id":"Q23916519","candidates":[]}]],[[{"start":0,"end":62,"url":null,"entity_id":"Q23918803","candidates":[]}],[{"start":0,"end":12,"url":null,"entity_id":"Q385378","candidates":[]}],[{"start":0,"end":88,"url":null,"entity_id":"Q23911538","candidates":[]}]],[[{"start":0,"end":87,"url":null,"entity_id":"Q23919170","candidates":[]}],[{"start":0,"end":6,"url":null,"entity_id":"Q44497","candidates":[]}],[{"start":0,"end":75,"url":null,"entity_id":"Q23910497","candidates":[]}]],[[{"start":0,"end":107,"url":null,"entity_id":"Q23919416","candidates":[]}],[{"start":0,"end":49,"url":null,"entity_id":"Q26989030","candidates":[]}],[{"start":0,"end":47,"url":null,"entity_id":"Q23910298","candidates":[]}]],[[{"start":0,"end":79,"url":null,"entity_id":"Q55636310","candidates":[]}],[{"start":0,"end":6,"url":null,"entity_id":"Q161219","candidates":[]}],[{"start":0,"end":124,"url":null,"entity_id":"Q27893031","candidates":[]}]],[[{"start":0,"end":101,"url":null,"entity_id":"Q55440548","candidates":[]}],[{"start":0,"end":6,"url":null,"entity_id":"Q161219","candidates":[]}],[{"start":0,"end":136,"url":null,"entity_id":"Q27892965","candidates":[]}]],[[{"start":0,"end":66,"url":null,"entity_id":"Q54982978","candidates":[]}],[{"start":0,"end":16,"url":null,"entity_id":"Q18692990","candidates":[]}],[{"start":0,"end":41,"url":null,"entity_id":"Q17744339","candidates":[]}]],[[{"start":0,"end":55,"url":null,"entity_id":"Q28950645","candidates":[]}],[{"start":0,"end":6,"url":null,"entity_id":"Q44497","candidates":[]}],[{"start":0,"end":77,"url":null,"entity_id":"Q56067744","candidates":[]}]],[[{"start":0,"end":79,"url":null,"entity_id":"Q27908444","candidates":[]}],[{"start":0,"end":6,"url":null,"entity_id":"Q44497","candidates":[]}],[{"start":0,"end":60,"url":null,"entity_id":"Q23922381","candidates":[]}]],[[{"start":0,"end":96,"url":null,"entity_id":"Q28950648","candidates":[]}],[{"start":0,"end":6,"url":null,"entity_id":"Q44497","candidates":[]}],[{"start":0,"end":39,"url":null,"entity_id":"Q23911254","candidates":[]}]],[[{"start":0,"end":108,"url":null,"entity_id":"Q55900900","candidates":[]}],[{"start":0,"end":28,"url":null,"entity_id":"Q54410458","candidates":[]}],[{"start":0,"end":90,"url":null,"entity_id":"Q39771738","candidates":[]}]],[[{"start":0,"end":67,"url":null,"entity_id":"Q55833816","candidates":[]}],[{"start":0,"end":13,"url":null,"entity_id":"Q936","candidates":[]}],[{"start":0,"end":18,"url":null,"entity_id":"Q27680376","candidates":[]}]],[[{"start":0,"end":64,"url":null,"entity_id":"Q26152672","candidates":[]}],[{"start":0,"end":49,"url":null,"entity_id":"Q26989030","candidates":[]}],[{"start":0,"end":70,"url":null,"entity_id":"Q23915988","candidates":[]}]],[[{"start":0,"end":126,"url":null,"entity_id":"Q23923809","candidates":[]}],[{"start":0,"end":35,"url":null,"entity_id":"Q26989040","candidates":[]}],[{"start":0,"end":65,"url":null,"entity_id":"Q44583688","candidates":[]}]],[[{"start":0,"end":61,"url":null,"entity_id":"Q23920174","candidates":[]}],[{"start":0,"end":24,"url":null,"entity_id":"Q4116663","candidates":[]}],[{"start":0,"end":25,"url":null,"entity_id":"Q23923816","candidates":[]}]],[[{"start":0,"end":99,"url":null,"entity_id":"Q23921685","candidates":[]}],[{"start":0,"end":49,"url":null,"entity_id":"Q26989030","candidates":[]}],[{"start":0,"end":103,"url":null,"entity_id":"Q23922287","candidates":[]}]],[[{"start":0,"end":93,"url":null,"entity_id":"Q23920284","candidates":[]}],[{"start":0,"end":24,"url":null,"entity_id":"Q4116663","candidates":[]}],[{"start":0,"end":101,"url":null,"entity_id":"Q23920283","candidates":[]}]]]}