{"version":"1.2","table":{"version":"2","table_id":"09DZVIPV","columns":[{"index":0,"name":"col0","values":["Shire of Kent","Shire of Denmark","Shire of Serpentine-Jarrahdale","Shire of Ravensthorpe","Shire of Wyndham-East Kimberley","Shire of Upper Gascoyne","Shire of Wiluna","Shire of Murchison","City of Subiaco","Shire of Northampton","City of Perth","Shire of Plantagenet","Shire of Ngaanyatjarraku","Shire of Shark Bay","Shire of Mingenew","Shire of Narrogin","Town of Port Hedland","Shire of Perenjori","Shire of Woodanilling","Shire of Menzies"]},{"index":1,"name":"col1","values":["336","33","263","162","385","313","529","314","21","221","19","203","436","23","162","307","78","310","333","470"]},{"index":2,"name":"col2","values":["559","5845","26833","1733","7148","278","742","153","19359","3319","21797","4882","1606","946","455","5162","14469","617","409","490"]}]},"context":{"page_title":null,"page_url":null,"page_entity_id":null,"content_hierarchy":[]},"links":[[[{"start":0,"end":13,"url":null,"entity_id":"Q133480","candidates":[]}],[],[]],[[{"start":0,"end":16,"url":null,"entity_id":"Q115534","candidates":[]}],[],[]],[[{"start":0,"end":30,"url":null,"entity_id":"Q2094463","candidates":[]}],[],[]],[[{"start":0,"end":21,"url":null,"entity_id":"Q2094089","candidates":[]}],[],[]],[[{"start":0,"end":31,"url":null,"entity_id":"Q2094067","candidates":[]}],[],[]],[[{"start":0,"end":23,"url":null,"entity_id":"Q2093082","candidates":[]}],[],[]],[[{"start":0,"end":15,"url":null,"entity_id":"Q2051063","candidates":[]}],[],[]],[[{"start":0,"end":18,"url":null,"entity_id":"Q1953616","candidates":[]}],[],[]],[[{"start":0,"end":15,"url":null,"entity_id":"Q1857834","candidates":[]}],[],[]],[[{"start":0,"end":20,"url":null,"entity_id":"Q1855392","candidates":[]}],[],[]],[[{"start":0,"end":13,"url":null,"entity_id":"Q1855330","candidates":[]}],[],[]],[[{"start":0,"end":20,"url":null,"entity_id":"Q1855309","candidates":[]}],[],[]],[[{"start":0,"end":24,"url":null,"entity_id":"Q1855295","candidates":[]}],[],[]],[[{"start":0,"end":18,"url":null,"entity_id":"Q1855284","candidates":[]}],[],[]],[[{"start":0,"end":17,"url":null,"entity_id":"Q1854791","candidates":[]}],[],[]],[[{"start":0,"end":17,"url":null,"entity_id":"Q1854746","candidates":[]}],[],[]],[[{"start":0,"end":20,"url":null,"entity_id":"Q1854731","candidates":[]}],[],[]],[[{"start":0,"end":18,"url":null,"entity_id":"Q1854706","candidates":[]}],[],[]],[[{"start":0,"end":21,"url":null,"entity_id":"Q1854273","candidates":[]}],[],[]],[[{"start":0,"end":16,"url":null,"entity_id":"Q1854263","candidates":[]}],[],[]]]}