{"version":"1.2","table":{"version":"2","table_id":"0BWTBDV7","columns":[{"index":0,"name":"col0","values":["astatine-229","astatine-228","astatine-227","astatine-226","astatine-225","astatine-224","astatine-192","astatine-223","astatine-222","astatine-221","astatine-220","astatine-219","astatine-218","astatine-217","astatine-216","astatine-215","astatine-214","astatine-213","astatine-212","astatine-211"]},{"index":1,"name":"col1","values":["44823","41684","37483","34614","30395","27711.015","2925.854","23428.006","20953.026","16782.727","14375.747","10396.076","8098.162","4394.635","2256.666","-1255.756","-3379.831","-6579.595","-8628.221","-11647.264"]},{"index":2,"name":"col2","values":["1736965","1732116","1728151","1723024","1719225","1713764.64","1480267.584","1709976.265","1704379.914","1700478.975","1694814.66","1690722.924","1684949.468","1680581.672","1674648.432","1670089.47","1664142.324","1659270.639","1653248.08","1648195.694"]}]},"context":{"page_title":null,"page_url":null,"page_entity_id":null,"content_hierarchy":[]},"links":[[[{"start":0,"end":12,"url":null,"entity_id":"Q47457453","candidates":[]}],[],[]],[[{"start":0,"end":12,"url":null,"entity_id":"Q47457450","candidates":[]}],[],[]],[[{"start":0,"end":12,"url":null,"entity_id":"Q47457447","candidates":[]}],[],[]],[[{"start":0,"end":12,"url":null,"entity_id":"Q47457444","candidates":[]}],[],[]],[[{"start":0,"end":12,"url":null,"entity_id":"Q47457438","candidates":[]}],[],[]],[[{"start":0,"end":12,"url":null,"entity_id":"Q47457225","candidates":[]}],[],[]],[[{"start":0,"end":12,"url":null,"entity_id":"Q18888498","candidates":[]}],[],[]],[[{"start":0,"end":12,"url":null,"entity_id":"Q18888496","candidates":[]}],[],[]],[[{"start":0,"end":12,"url":null,"entity_id":"Q18888495","candidates":[]}],[],[]],[[{"start":0,"end":12,"url":null,"entity_id":"Q18888494","candidates":[]}],[],[]],[[{"start":0,"end":12,"url":null,"entity_id":"Q18888493","candidates":[]}],[],[]],[[{"start":0,"end":12,"url":null,"entity_id":"Q18888492","candidates":[]}],[],[]],[[{"start":0,"end":12,"url":null,"entity_id":"Q18888491","candidates":[]}],[],[]],[[{"start":0,"end":12,"url":null,"entity_id":"Q18888489","candidates":[]}],[],[]],[[{"start":0,"end":12,"url":null,"entity_id":"Q18888488","candidates":[]}],[],[]],[[{"start":0,"end":12,"url":null,"entity_id":"Q18888485","candidates":[]}],[],[]],[[{"start":0,"end":12,"url":null,"entity_id":"Q18888483","candidates":[]}],[],[]],[[{"start":0,"end":12,"url":null,"entity_id":"Q18888479","candidates":[]}],[],[]],[[{"start":0,"end":12,"url":null,"entity_id":"Q18888477","candidates":[]}],[],[]],[[{"start":0,"end":12,"url":null,"entity_id":"Q47457455","candidates":[]}],[],[]]]}