{"version":"1.2","table":{"version":"2","table_id":"0CE9Q8NK","columns":[{"index":0,"name":"col0","values":["2018 Paris-Nice","2016 Paris–Nice","1965 Paris–Nice","1962 Paris–Nice","1961 Paris–Nice","1960 Paris–Nice","1959 Paris–Nice","1958 Paris–Nice","1957 Paris–Nice","1953 Paris–Nice","1952 Paris–Nice","1946 Paris–Nice","1934 Paris–Nice","2015 Paris–Nice","2014 Paris–Nice","1933 Paris–Nice","Paris-Nice 1996","2013 Paris–Nice","2005 Paris–Nice","2011 Paris–Nice"]},{"index":1,"name":"col1","values":["78","131","59","54","43","54","46","73","67","44","38","48","35","105","124","86","108","151","94","89"]},{"index":2,"name":"col2","values":["1198.9","1122.1","1295","1532","1262","1264","2038","1215","1207","1124","1234","1273","1156","1144.7","1447","1257","1325","1174","947","1305.5"]},{"index":3,"name":"col3","values":["39.463","40.886","35.738","42.452","39.444","39.158","36.247","35.351","39.836","34.61","33.725","36.145","33.52","39.232","41.113","32.432","38.438","39.139","42.2417","38.373"]}]},"context":{"page_title":null,"page_url":null,"page_entity_id":null,"content_hierarchy":[]},"links":[[[{"start":0,"end":15,"url":null,"entity_id":"Q21768432","candidates":[]}],[],[],[]],[[{"start":0,"end":15,"url":null,"entity_id":"Q18921274","candidates":[]}],[],[],[]],[[{"start":0,"end":15,"url":null,"entity_id":"Q18921270","candidates":[]}],[],[],[]],[[{"start":0,"end":15,"url":null,"entity_id":"Q18921269","candidates":[]}],[],[],[]],[[{"start":0,"end":15,"url":null,"entity_id":"Q18818997","candidates":[]}],[],[],[]],[[{"start":0,"end":15,"url":null,"entity_id":"Q18818995","candidates":[]}],[],[],[]],[[{"start":0,"end":15,"url":null,"entity_id":"Q18818994","candidates":[]}],[],[],[]],[[{"start":0,"end":15,"url":null,"entity_id":"Q18818993","candidates":[]}],[],[],[]],[[{"start":0,"end":15,"url":null,"entity_id":"Q18818986","candidates":[]}],[],[],[]],[[{"start":0,"end":15,"url":null,"entity_id":"Q18818984","candidates":[]}],[],[],[]],[[{"start":0,"end":15,"url":null,"entity_id":"Q18813998","candidates":[]}],[],[],[]],[[{"start":0,"end":15,"url":null,"entity_id":"Q18813978","candidates":[]}],[],[],[]],[[{"start":0,"end":15,"url":null,"entity_id":"Q18711358","candidates":[]}],[],[],[]],[[{"start":0,"end":15,"url":null,"entity_id":"Q15635461","candidates":[]}],[],[],[]],[[{"start":0,"end":15,"url":null,"entity_id":"Q4563252","candidates":[]}],[],[],[]],[[{"start":0,"end":15,"url":null,"entity_id":"Q3365135","candidates":[]}],[],[],[]],[[{"start":0,"end":15,"url":null,"entity_id":"Q2913645","candidates":[]}],[],[],[]],[[{"start":0,"end":15,"url":null,"entity_id":"Q2052449","candidates":[]}],[],[],[]],[[{"start":0,"end":15,"url":null,"entity_id":"Q847790","candidates":[]}],[],[],[]],[[{"start":0,"end":15,"url":null,"entity_id":"Q47007944","candidates":[]}],[],[],[]]]}