{"version":"1.2","table":{"version":"2","table_id":"0CF12YZK","columns":[{"index":0,"name":"col0","values":["Pirce","Aoguid crater","Zucchiu","Capemla","Gaudiber","Thbles","Arold","Lagtange","Regiomonanus","De asparis","Adams","ardnos crater","iophantus","Agripp","Agatharehides","Cavendih","Mfrsenius","Zagut","Kausen","Abulfefa","Plngté","Anděl","ristoteles","Aristillvs","arpalus","Eudozus","Laroi{","Philrlaus","Mouche}","Pascl","Plato","Abel","Fbul Wafa","Sausure","Longomontanu","Orotius","Escangon","Keplfr","aoishau","Daguerrg","Cystus","Cyrilus","Eurtius","Crýger"]},{"index":1,"name":"col1","values":["2162.16","64.935","3228.7999999999997","3479.0","1600.0","1814.4","953.8","2700.0","3646.1","1090.8","4206.76","499.0","2979.0","2970.0","1171.74","2529.6","2306.8999999999996","3184.0","5995.92","1242.3","2277.0","1356.7499999999998","3468.5","3306.6","2900.0","1488.0","1587.2","3366.0","1381.3799999999999","4583.7","2020.0","1179.29","2808.3999999999996","1866.84","4.4595","3376.74","585.28","2620.8","1.2011999999999998","120.6","3984.0","3420.4","6813.6","533.18"]},{"index":2,"name":"col2","values":["19.089","0.55385","62.757600000000004","48.244299999999996","33.1","30.9232","93.56549999999999","163.296","127.762","31.0854","63.61649999999999","5.01","17.4416","43.5372","51.48","52.757799999999996","84.58449999999999","78.18990000000001","163.48899999999998","62.0756","88.6652","32.834199999999996","88.3008","54.3456","40.198","70.6914","35.955600000000004","71.32860000000001","83.04839999999999","107.568","101.202","137.0","54.037400000000005","55.0368","146.0","120.274","15.238800000000001","29.7065","36.9202","45.7542","47.321999999999996","97.5114","100.29299999999999","45.6246"]}]},"context":{"page_title":null,"page_url":null,"page_entity_id":null,"content_hierarchy":[]},"links":[[[{"start":0,"end":5,"url":null,"entity_id":"Q261146","candidates":[]}],[],[]],[[{"start":0,"end":13,"url":null,"entity_id":"Q248727","candidates":[]}],[],[]],[[{"start":0,"end":7,"url":null,"entity_id":"Q227650","candidates":[]}],[],[]],[[{"start":0,"end":7,"url":null,"entity_id":"Q211610","candidates":[]}],[],[]],[[{"start":0,"end":8,"url":null,"entity_id":"Q211287","candidates":[]}],[],[]],[[{"start":0,"end":6,"url":null,"entity_id":"Q201509","candidates":[]}],[],[]],[[{"start":0,"end":5,"url":null,"entity_id":"Q198570","candidates":[]}],[],[]],[[{"start":0,"end":8,"url":null,"entity_id":"Q195032","candidates":[]}],[],[]],[[{"start":0,"end":12,"url":null,"entity_id":"Q175368","candidates":[]}],[],[]],[[{"start":0,"end":10,"url":null,"entity_id":"Q168113","candidates":[]}],[],[]],[[{"start":0,"end":5,"url":null,"entity_id":"Q166188","candidates":[]}],[],[]],[[{"start":0,"end":13,"url":null,"entity_id":"Q164971","candidates":[]}],[],[]],[[{"start":0,"end":9,"url":null,"entity_id":"Q164095","candidates":[]}],[],[]],[[{"start":0,"end":6,"url":null,"entity_id":"Q153150","candidates":[]}],[],[]],[[{"start":0,"end":13,"url":null,"entity_id":"Q153140","candidates":[]}],[],[]],[[{"start":0,"end":8,"url":null,"entity_id":"Q143729","candidates":[]}],[],[]],[[{"start":0,"end":9,"url":null,"entity_id":"Q143365","candidates":[]}],[],[]],[[{"start":0,"end":5,"url":null,"entity_id":"Q140418","candidates":[]}],[],[]],[[{"start":0,"end":6,"url":null,"entity_id":"Q134149","candidates":[]}],[],[]],[[{"start":0,"end":8,"url":null,"entity_id":"Q133615","candidates":[]}],[],[]],[[{"start":0,"end":6,"url":null,"entity_id":"Q133555","candidates":[]}],[],[]],[[{"start":0,"end":5,"url":null,"entity_id":"Q130049","candidates":[]}],[],[]],[[{"start":0,"end":10,"url":null,"entity_id":"Q128108","candidates":[]}],[],[]],[[{"start":0,"end":10,"url":null,"entity_id":"Q128041","candidates":[]}],[],[]],[[{"start":0,"end":7,"url":null,"entity_id":"Q128035","candidates":[]}],[],[]],[[{"start":0,"end":7,"url":null,"entity_id":"Q128013","candidates":[]}],[],[]],[[{"start":0,"end":6,"url":null,"entity_id":"Q116178","candidates":[]}],[],[]],[[{"start":0,"end":9,"url":null,"entity_id":"Q116169","candidates":[]}],[],[]],[[{"start":0,"end":7,"url":null,"entity_id":"Q115779","candidates":[]}],[],[]],[[{"start":0,"end":5,"url":null,"entity_id":"Q115739","candidates":[]}],[],[]],[[{"start":0,"end":5,"url":null,"entity_id":"Q115383","candidates":[]}],[],[]],[[{"start":0,"end":4,"url":null,"entity_id":"Q115088","candidates":[]}],[],[]],[[{"start":0,"end":9,"url":null,"entity_id":"Q115062","candidates":[]}],[],[]],[[{"start":0,"end":7,"url":null,"entity_id":"Q74583","candidates":[]}],[],[]],[[{"start":0,"end":12,"url":null,"entity_id":"Q73533","candidates":[]}],[],[]],[[{"start":0,"end":7,"url":null,"entity_id":"Q64067","candidates":[]}],[],[]],[[{"start":0,"end":8,"url":null,"entity_id":"Q63694","candidates":[]}],[],[]],[[{"start":0,"end":6,"url":null,"entity_id":"Q47592","candidates":[]}],[],[]],[[{"start":0,"end":7,"url":null,"entity_id":"Q1158707","candidates":[]}],[],[]],[[{"start":0,"end":8,"url":null,"entity_id":"Q1157392","candidates":[]}],[],[]],[[{"start":0,"end":6,"url":null,"entity_id":"Q1149010","candidates":[]}],[],[]],[[{"start":0,"end":7,"url":null,"entity_id":"Q1148824","candidates":[]}],[],[]],[[{"start":0,"end":7,"url":null,"entity_id":"Q1145827","candidates":[]}],[],[]],[[{"start":0,"end":6,"url":null,"entity_id":"Q1142589","candidates":[]}],[],[]]]}