{"version":"1.2","table":{"version":"2","table_id":"0CYBNXC3","columns":[{"index":0,"name":"col0","values":["33 Mountain Infantry Division Acqui","32 Infantry Division Marche","30 Infantry Division Sabauda","2nd Division \"Littorio\"","2 Cavalry Division Emanuele Filiberto Testa di Ferro","26 Mountain Infantry Division Assietta","25 Motorised Division Bologna","23 Infantry Division Ferrara","1 Alpine Division Taurinense","1st Blackshirt Division","1 Cavalry Division Eugenio di Savoia","19 Infantry Division Venezia","18 Infantry Division Messina","17 Motorised Division Pavia","16 Motorised Division Pistoia","156 Infantry Division Vicenza","153 Infantry Division Macerata","152 Infantry Division Piceno","136 Infantry Division Giovani Fascisti","11 Infantry Division Brennero"]},{"index":1,"name":"col1","values":["Royal Italian Army","Royal Italian Army","Royal Italian Army","Royal Italian Army","Royal Italian Army","Royal Italian Army","Royal Italian Army","Royal Italian Army","Royal Italian Army","Royal Italian Army","Royal Italian Army","Royal Italian Army","Royal Italian Army","Royal Italian Army","Royal Italian Army","Royal Italian Army","Royal Italian Army","Royal Italian Army","Royal Italian Army","Royal Italian Army"]},{"index":2,"name":"col2","values":["World War II","World War II","World War II","World War II","World War II","World War II","World War II","World War II","World War II","World War II","World War II","World War II","World War II","World War II","World War II","World War II","World War II","World War II","World War II","World War II"]}]},"context":{"page_title":null,"page_url":null,"page_entity_id":null,"content_hierarchy":[]},"links":[[[{"start":0,"end":27,"url":null,"entity_id":"Q3598878","candidates":[]}],[{"start":0,"end":18,"url":null,"entity_id":"Q2257793","candidates":[]}],[{"start":0,"end":12,"url":null,"entity_id":"Q362","candidates":[]}]],[[{"start":0,"end":28,"url":null,"entity_id":"Q3598832","candidates":[]}],[{"start":0,"end":18,"url":null,"entity_id":"Q2257793","candidates":[]}],[{"start":0,"end":12,"url":null,"entity_id":"Q362","candidates":[]}]],[[{"start":0,"end":23,"url":null,"entity_id":"Q3598743","candidates":[]}],[{"start":0,"end":18,"url":null,"entity_id":"Q2257793","candidates":[]}],[{"start":0,"end":12,"url":null,"entity_id":"Q362","candidates":[]}]],[[{"start":0,"end":52,"url":null,"entity_id":"Q3598742","candidates":[]}],[{"start":0,"end":18,"url":null,"entity_id":"Q2257793","candidates":[]}],[{"start":0,"end":12,"url":null,"entity_id":"Q362","candidates":[]}]],[[{"start":0,"end":38,"url":null,"entity_id":"Q3598424","candidates":[]}],[{"start":0,"end":18,"url":null,"entity_id":"Q2257793","candidates":[]}],[{"start":0,"end":12,"url":null,"entity_id":"Q362","candidates":[]}]],[[{"start":0,"end":29,"url":null,"entity_id":"Q3598292","candidates":[]}],[{"start":0,"end":18,"url":null,"entity_id":"Q2257793","candidates":[]}],[{"start":0,"end":12,"url":null,"entity_id":"Q362","candidates":[]}]],[[{"start":0,"end":28,"url":null,"entity_id":"Q3598213","candidates":[]}],[{"start":0,"end":18,"url":null,"entity_id":"Q2257793","candidates":[]}],[{"start":0,"end":12,"url":null,"entity_id":"Q362","candidates":[]}]],[[{"start":0,"end":28,"url":null,"entity_id":"Q3597966","candidates":[]}],[{"start":0,"end":18,"url":null,"entity_id":"Q2257793","candidates":[]}],[{"start":0,"end":12,"url":null,"entity_id":"Q362","candidates":[]}]],[[{"start":0,"end":23,"url":null,"entity_id":"Q3597965","candidates":[]}],[{"start":0,"end":18,"url":null,"entity_id":"Q2257793","candidates":[]}],[{"start":0,"end":12,"url":null,"entity_id":"Q362","candidates":[]}]],[[{"start":0,"end":36,"url":null,"entity_id":"Q3597962","candidates":[]}],[{"start":0,"end":18,"url":null,"entity_id":"Q2257793","candidates":[]}],[{"start":0,"end":12,"url":null,"entity_id":"Q362","candidates":[]}]],[[{"start":0,"end":28,"url":null,"entity_id":"Q3597934","candidates":[]}],[{"start":0,"end":18,"url":null,"entity_id":"Q2257793","candidates":[]}],[{"start":0,"end":12,"url":null,"entity_id":"Q362","candidates":[]}]],[[{"start":0,"end":28,"url":null,"entity_id":"Q3597856","candidates":[]}],[{"start":0,"end":18,"url":null,"entity_id":"Q2257793","candidates":[]}],[{"start":0,"end":12,"url":null,"entity_id":"Q362","candidates":[]}]],[[{"start":0,"end":27,"url":null,"entity_id":"Q3597766","candidates":[]}],[{"start":0,"end":18,"url":null,"entity_id":"Q2257793","candidates":[]}],[{"start":0,"end":12,"url":null,"entity_id":"Q362","candidates":[]}]],[[{"start":0,"end":29,"url":null,"entity_id":"Q3597688","candidates":[]}],[{"start":0,"end":18,"url":null,"entity_id":"Q2257793","candidates":[]}],[{"start":0,"end":12,"url":null,"entity_id":"Q362","candidates":[]}]],[[{"start":0,"end":29,"url":null,"entity_id":"Q3597570","candidates":[]}],[{"start":0,"end":18,"url":null,"entity_id":"Q2257793","candidates":[]}],[{"start":0,"end":12,"url":null,"entity_id":"Q362","candidates":[]}]],[[{"start":0,"end":30,"url":null,"entity_id":"Q3597539","candidates":[]}],[{"start":0,"end":18,"url":null,"entity_id":"Q2257793","candidates":[]}],[{"start":0,"end":12,"url":null,"entity_id":"Q362","candidates":[]}]],[[{"start":0,"end":28,"url":null,"entity_id":"Q3597534","candidates":[]}],[{"start":0,"end":18,"url":null,"entity_id":"Q2257793","candidates":[]}],[{"start":0,"end":12,"url":null,"entity_id":"Q362","candidates":[]}]],[[{"start":0,"end":38,"url":null,"entity_id":"Q3597389","candidates":[]}],[{"start":0,"end":18,"url":null,"entity_id":"Q2257793","candidates":[]}],[{"start":0,"end":12,"url":null,"entity_id":"Q362","candidates":[]}]],[[{"start":0,"end":29,"url":null,"entity_id":"Q3597224","candidates":[]}],[{"start":0,"end":18,"url":null,"entity_id":"Q2257793","candidates":[]}],[{"start":0,"end":12,"url":null,"entity_id":"Q362","candidates":[]}]],[[{"start":0,"end":35,"url":null,"entity_id":"Q3598894","candidates":[]}],[{"start":0,"end":18,"url":null,"entity_id":"Q2257793","candidates":[]}],[{"start":0,"end":12,"url":null,"entity_id":"Q362","candidates":[]}]]]}