{"version":"1.2","table":{"version":"2","table_id":"0DFORTY4","columns":[{"index":0,"name":"col0","values":["Chawri Bazar","Botanical Garden","Barakhamba Road","Sanjō Keihan Station","Imadegawa Station","Kyoto Shiyakusho-mae Station","Kitaōji Station","Steinstraße/Königsallee","Union Station","Higashi-Kōenji Station","Meinohama Station","Kokusaikaikan Station","Baumwall","North York Centre","Østerport Station","Azadpur","Adarsh Nagar","Volksdorf","Nishiōji Oike Station","Daigo Station"]},{"index":1,"name":"col1","values":["30307","26067","27787","25875","27675","27075","30328","27500","29197","30833","26000","25932","26300","29120","28600","12327","11651","13000","11920","12295"]},{"index":2,"name":"col2","values":["2","4","2","2","2","2","2","4","2","2","4","2","2","2","8","2","2","3","2","2"]}]},"context":{"page_title":null,"page_url":null,"page_entity_id":null,"content_hierarchy":[]},"links":[[[{"start":0,"end":12,"url":null,"entity_id":"Q5088577","candidates":[]}],[],[]],[[{"start":0,"end":16,"url":null,"entity_id":"Q4948436","candidates":[]}],[],[]],[[{"start":0,"end":15,"url":null,"entity_id":"Q4858265","candidates":[]}],[],[]],[[{"start":0,"end":20,"url":null,"entity_id":"Q2645261","candidates":[]}],[],[]],[[{"start":0,"end":17,"url":null,"entity_id":"Q2580129","candidates":[]}],[],[]],[[{"start":0,"end":28,"url":null,"entity_id":"Q2210666","candidates":[]}],[],[]],[[{"start":0,"end":15,"url":null,"entity_id":"Q2176324","candidates":[]}],[],[]],[[{"start":0,"end":23,"url":null,"entity_id":"Q1434716","candidates":[]}],[],[]],[[{"start":0,"end":13,"url":null,"entity_id":"Q1080527","candidates":[]}],[],[]],[[{"start":0,"end":22,"url":null,"entity_id":"Q1078443","candidates":[]}],[],[]],[[{"start":0,"end":17,"url":null,"entity_id":"Q1039174","candidates":[]}],[],[]],[[{"start":0,"end":21,"url":null,"entity_id":"Q919783","candidates":[]}],[],[]],[[{"start":0,"end":8,"url":null,"entity_id":"Q811635","candidates":[]}],[],[]],[[{"start":0,"end":17,"url":null,"entity_id":"Q773799","candidates":[]}],[],[]],[[{"start":0,"end":17,"url":null,"entity_id":"Q635929","candidates":[]}],[],[]],[[{"start":0,"end":7,"url":null,"entity_id":"Q4832101","candidates":[]}],[],[]],[[{"start":0,"end":12,"url":null,"entity_id":"Q4680843","candidates":[]}],[],[]],[[{"start":0,"end":9,"url":null,"entity_id":"Q4016141","candidates":[]}],[],[]],[[{"start":0,"end":21,"url":null,"entity_id":"Q2679380","candidates":[]}],[],[]],[[{"start":0,"end":13,"url":null,"entity_id":"Q2679100","candidates":[]}],[],[]]]}