{"version":"1.2","table":{"version":"2","table_id":"0DQ2LZQL","columns":[{"index":0,"name":"col0","values":["Pont Éric-Tabarly","Valakampiai Bridge","Causey Arch","Mahatma Gandhi Setu","Cardè Bridge","Elgin Bridge","Chateaubriand Bridge","Ponte Vella","Jacques Bizard Bridge","Galipeault Bridge","Charles de Gaulle Bridge","Bac de Roda Bridge","Grunwaldzki Bridge","Pie IX Bridge","City Island Bridge","Vizcaya Bridge","Stone Bridge","Pont de pierre","Omsund Bridge","Saltstraumen Bridge"]},{"index":1,"name":"col1","values":["steel","reinforced concrete","brick","concrete","reinforced concrete","reinforced concrete","reinforced concrete","stone","steel","steel","steel","steel","steel","steel","steel","iron","steel","stone","concrete","concrete"]},{"index":2,"name":"col2","values":["2011-06-17","1972-01-01","1726-01-01","1982-05-01","1919-09-19","1929-01-01","1990-01-01","1230-01-01","1966-01-01","1925-01-01","1965-01-01","1987-01-01","1910-01-01","1937-01-01","1901-07-04","1893-01-01","1957-01-01","1822-04-30","1981-01-01","1977-01-01"]}]},"context":{"page_title":null,"page_url":null,"page_entity_id":null,"content_hierarchy":[]},"links":[[[{"start":0,"end":17,"url":null,"entity_id":"Q3397665","candidates":[]}],[{"start":0,"end":5,"url":null,"entity_id":"Q11427","candidates":[]}],[]],[[{"start":0,"end":18,"url":null,"entity_id":"Q3044784","candidates":[]}],[{"start":0,"end":19,"url":null,"entity_id":"Q184190","candidates":[]}],[]],[[{"start":0,"end":11,"url":null,"entity_id":"Q2860025","candidates":[]}],[{"start":0,"end":5,"url":null,"entity_id":"Q40089","candidates":[]}],[]],[[{"start":0,"end":19,"url":null,"entity_id":"Q2724307","candidates":[]}],[{"start":0,"end":8,"url":null,"entity_id":"Q22657","candidates":[]}],[]],[[{"start":0,"end":12,"url":null,"entity_id":"Q1631507","candidates":[]}],[{"start":0,"end":19,"url":null,"entity_id":"Q184190","candidates":[]}],[]],[[{"start":0,"end":12,"url":null,"entity_id":"Q3396527","candidates":[]}],[{"start":0,"end":19,"url":null,"entity_id":"Q184190","candidates":[]}],[]],[[{"start":0,"end":20,"url":null,"entity_id":"Q3396500","candidates":[]}],[{"start":0,"end":19,"url":null,"entity_id":"Q184190","candidates":[]}],[]],[[{"start":0,"end":11,"url":null,"entity_id":"Q3392505","candidates":[]}],[{"start":0,"end":5,"url":null,"entity_id":"Q22731","candidates":[]}],[]],[[{"start":0,"end":21,"url":null,"entity_id":"Q3396579","candidates":[]}],[{"start":0,"end":5,"url":null,"entity_id":"Q11427","candidates":[]}],[]],[[{"start":0,"end":17,"url":null,"entity_id":"Q3396541","candidates":[]}],[{"start":0,"end":5,"url":null,"entity_id":"Q11427","candidates":[]}],[]],[[{"start":0,"end":24,"url":null,"entity_id":"Q3396494","candidates":[]}],[{"start":0,"end":5,"url":null,"entity_id":"Q11427","candidates":[]}],[]],[[{"start":0,"end":18,"url":null,"entity_id":"Q3396457","candidates":[]}],[{"start":0,"end":5,"url":null,"entity_id":"Q11427","candidates":[]}],[]],[[{"start":0,"end":18,"url":null,"entity_id":"Q745733","candidates":[]}],[{"start":0,"end":5,"url":null,"entity_id":"Q11427","candidates":[]}],[]],[[{"start":0,"end":13,"url":null,"entity_id":"Q520554","candidates":[]}],[{"start":0,"end":5,"url":null,"entity_id":"Q11427","candidates":[]}],[]],[[{"start":0,"end":18,"url":null,"entity_id":"Q284065","candidates":[]}],[{"start":0,"end":5,"url":null,"entity_id":"Q11427","candidates":[]}],[]],[[{"start":0,"end":14,"url":null,"entity_id":"Q331996","candidates":[]}],[{"start":0,"end":4,"url":null,"entity_id":"Q677","candidates":[]}],[]],[[{"start":0,"end":12,"url":null,"entity_id":"Q2041341","candidates":[]}],[{"start":0,"end":5,"url":null,"entity_id":"Q11427","candidates":[]}],[]],[[{"start":0,"end":14,"url":null,"entity_id":"Q1773424","candidates":[]}],[{"start":0,"end":5,"url":null,"entity_id":"Q22731","candidates":[]}],[]],[[{"start":0,"end":13,"url":null,"entity_id":"Q1792147","candidates":[]}],[{"start":0,"end":8,"url":null,"entity_id":"Q22657","candidates":[]}],[]],[[{"start":0,"end":19,"url":null,"entity_id":"Q1777338","candidates":[]}],[{"start":0,"end":8,"url":null,"entity_id":"Q22657","candidates":[]}],[]]]}