{"version":"1.2","table":{"version":"2","table_id":"0DTM9QTD","columns":[{"index":0,"name":"col0","values":["Rodeio Bonito","Santana do Jacaré","Santa Leopoldina, Espírito Santo","Jangada, Mato Grosso","Alagoa, Minas Gerais","Mirangaba","Boa Ventura, Paraíba","Porto Alegre do Tocantins","Oriente, São Paulo","Passo do Sobrado","Miguel Alves","Gilbués","Paulo Frontin","Alto Paraguai","Braganey","Adolfo","Cachoeira de Pajeú","Santana do Manhuaçu","Mandaguaçu","João Pinheiro","Ipixuna do Pará","Iporá","Gado Bravo","Canarana","Paudalho","Gavião Peixoto","Couto de Magalhães","Lupércio","Guajeru","Sagres, São Paulo","Chorrochó","Clementina","Andorinha","Magda","Eunápolis","Porto de Pedras","Paripueira","Craíbas","Pariconha","Barra de Santo Antônio","Senador Rui Palmeira","Teotônio Vilela","Pacaembu","Canas, São Paulo","Potim","Iramaia","Restinga, São Paulo","Candeal","Itagimirim","Chavantes","Mariápolis","Lafaiete Coutinho","Estrela do Norte, São Paulo","Pereiras","Quadra","Louveira","Laranjal Paulista"]},{"index":1,"name":"col1","values":["83.198","107.445","716.441","1021.939","161.555","1751.781","132.136","501.97","217.819","265.108","1393.708","3495.016","369.21","1846.145","343.321","211.1","673.761","346.964","294.01","10727.471","5216.948","1026.384","192.424","617.991","277.796","243.711","1585.773","155.025","643.439","148.931","2647.887","168.739","1207.68","311.7","1179.126","266.236","92.712","275.325","260.858","137.977","359.667","297.875","339.722","53.494","44.651","1948.488","245.599","445.097","817.306","188.212","186.098","352.658","263.273","222.156","205.033","55.349","386.763"]},{"index":2,"name":"col2","values":["354","784","65","200","1132","784","303","387","604","109","50","416","778","238","650","410","826","575","580","765","50","532","404","691","69","515","230","661","628","419","397","465","550","526","189","27","0","225","522","54","277","143","415","530","535","394","910","240","274","563","410","740","409","490","638","690","536"]},{"index":3,"name":"col3","values":["0.809","0.7","0.626","0.63","0.649","0.542","0.6","0.654","0.791","0.769","0.539","0.651","0.735","0.704","0.704","0.795","0.821","0.669","0.762","0.697","0.489","0.859","0.513","0.587","0.639","0.763","0.628","0.736","0.569","0.723","0.6","0.792","0.588","0.753","0.677","0.499","0.617","0.553","0.651","0.594","0.507","0.564","0.763","0.753","0.697","0.571","0.757","0.587","0.634","0.776","0.739","0.599","0.767","0.777","0.755","0.8","0.799"]}]},"context":{"page_title":null,"page_url":null,"page_entity_id":null,"content_hierarchy":[]},"links":[[[{"start":0,"end":17,"url":null,"entity_id":"Q678998","candidates":[]}],[],[],[]],[[{"start":0,"end":32,"url":null,"entity_id":"Q678885","candidates":[]}],[],[],[]],[[{"start":0,"end":20,"url":null,"entity_id":"Q678587","candidates":[]}],[],[],[]],[[{"start":0,"end":20,"url":null,"entity_id":"Q678420","candidates":[]}],[],[],[]],[[{"start":0,"end":9,"url":null,"entity_id":"Q677956","candidates":[]}],[],[],[]],[[{"start":0,"end":20,"url":null,"entity_id":"Q677612","candidates":[]}],[],[],[]],[[{"start":0,"end":25,"url":null,"entity_id":"Q677566","candidates":[]}],[],[],[]],[[{"start":0,"end":18,"url":null,"entity_id":"Q677348","candidates":[]}],[],[],[]],[[{"start":0,"end":16,"url":null,"entity_id":"Q677252","candidates":[]}],[],[],[]],[[{"start":0,"end":12,"url":null,"entity_id":"Q677160","candidates":[]}],[],[],[]],[[{"start":0,"end":7,"url":null,"entity_id":"Q677076","candidates":[]}],[],[],[]],[[{"start":0,"end":13,"url":null,"entity_id":"Q677042","candidates":[]}],[],[],[]],[[{"start":0,"end":13,"url":null,"entity_id":"Q676719","candidates":[]}],[],[],[]],[[{"start":0,"end":8,"url":null,"entity_id":"Q676325","candidates":[]}],[],[],[]],[[{"start":0,"end":6,"url":null,"entity_id":"Q676044","candidates":[]}],[],[],[]],[[{"start":0,"end":18,"url":null,"entity_id":"Q676007","candidates":[]}],[],[],[]],[[{"start":0,"end":19,"url":null,"entity_id":"Q675814","candidates":[]}],[],[],[]],[[{"start":0,"end":10,"url":null,"entity_id":"Q675706","candidates":[]}],[],[],[]],[[{"start":0,"end":13,"url":null,"entity_id":"Q675677","candidates":[]}],[],[],[]],[[{"start":0,"end":15,"url":null,"entity_id":"Q675175","candidates":[]}],[],[],[]],[[{"start":0,"end":5,"url":null,"entity_id":"Q675142","candidates":[]}],[],[],[]],[[{"start":0,"end":10,"url":null,"entity_id":"Q674753","candidates":[]}],[],[],[]],[[{"start":0,"end":8,"url":null,"entity_id":"Q674476","candidates":[]}],[],[],[]],[[{"start":0,"end":8,"url":null,"entity_id":"Q674432","candidates":[]}],[],[],[]],[[{"start":0,"end":14,"url":null,"entity_id":"Q673597","candidates":[]}],[],[],[]],[[{"start":0,"end":18,"url":null,"entity_id":"Q672837","candidates":[]}],[],[],[]],[[{"start":0,"end":8,"url":null,"entity_id":"Q1796418","candidates":[]}],[],[],[]],[[{"start":0,"end":7,"url":null,"entity_id":"Q1796414","candidates":[]}],[],[],[]],[[{"start":0,"end":17,"url":null,"entity_id":"Q1796404","candidates":[]}],[],[],[]],[[{"start":0,"end":9,"url":null,"entity_id":"Q1796395","candidates":[]}],[],[],[]],[[{"start":0,"end":10,"url":null,"entity_id":"Q1796388","candidates":[]}],[],[],[]],[[{"start":0,"end":9,"url":null,"entity_id":"Q1796352","candidates":[]}],[],[],[]],[[{"start":0,"end":5,"url":null,"entity_id":"Q1796340","candidates":[]}],[],[],[]],[[{"start":0,"end":9,"url":null,"entity_id":"Q1796277","candidates":[]}],[],[],[]],[[{"start":0,"end":15,"url":null,"entity_id":"Q1796131","candidates":[]}],[],[],[]],[[{"start":0,"end":10,"url":null,"entity_id":"Q1795979","candidates":[]}],[],[],[]],[[{"start":0,"end":7,"url":null,"entity_id":"Q1795950","candidates":[]}],[],[],[]],[[{"start":0,"end":9,"url":null,"entity_id":"Q1795935","candidates":[]}],[],[],[]],[[{"start":0,"end":22,"url":null,"entity_id":"Q1795908","candidates":[]}],[],[],[]],[[{"start":0,"end":20,"url":null,"entity_id":"Q1795898","candidates":[]}],[],[],[]],[[{"start":0,"end":15,"url":null,"entity_id":"Q1795888","candidates":[]}],[],[],[]],[[{"start":0,"end":8,"url":null,"entity_id":"Q1795852","candidates":[]}],[],[],[]],[[{"start":0,"end":16,"url":null,"entity_id":"Q1795838","candidates":[]}],[],[],[]],[[{"start":0,"end":5,"url":null,"entity_id":"Q1795824","candidates":[]}],[],[],[]],[[{"start":0,"end":7,"url":null,"entity_id":"Q1795815","candidates":[]}],[],[],[]],[[{"start":0,"end":19,"url":null,"entity_id":"Q1795805","candidates":[]}],[],[],[]],[[{"start":0,"end":7,"url":null,"entity_id":"Q1795769","candidates":[]}],[],[],[]],[[{"start":0,"end":10,"url":null,"entity_id":"Q1795765","candidates":[]}],[],[],[]],[[{"start":0,"end":9,"url":null,"entity_id":"Q1795758","candidates":[]}],[],[],[]],[[{"start":0,"end":10,"url":null,"entity_id":"Q1795750","candidates":[]}],[],[],[]],[[{"start":0,"end":17,"url":null,"entity_id":"Q1795742","candidates":[]}],[],[],[]],[[{"start":0,"end":27,"url":null,"entity_id":"Q1795726","candidates":[]}],[],[],[]],[[{"start":0,"end":8,"url":null,"entity_id":"Q1795718","candidates":[]}],[],[],[]],[[{"start":0,"end":6,"url":null,"entity_id":"Q1795680","candidates":[]}],[],[],[]],[[{"start":0,"end":8,"url":null,"entity_id":"Q1795673","candidates":[]}],[],[],[]],[[{"start":0,"end":17,"url":null,"entity_id":"Q1795659","candidates":[]}],[],[],[]],[[{"start":0,"end":13,"url":null,"entity_id":"Q679055","candidates":[]}],[],[],[]]]}