{"version":"1.2","table":{"version":"2","table_id":"0E36KBAI","columns":[{"index":0,"name":"col0","values":["1982 Capitole bombing","18 July 2012 Damascus bombing","Khobar Towers bombing","Orly Airport attack","1980 Paris synagogue bombing","Russell Street bombing","Church Street bombing","29 October 2005 Delhi bombings","2009 Khan el-Khalili bombing","Kaspiysk bombing","Gulf Air Flight 771","Weiterstadt prison bombing","2009 Jakarta bombings","2004 Cologne bombing","Sterling Hall bombing","Shankill Road bombing","1991 Vic bombing","2008 Kunming bus bombings","2006 Mumbai train bombings","Guildford pub bombings"]},{"index":1,"name":"col1","values":["5","4","20","8","4","1","19","62","1","43","112","0","7","0","1","10","10","2","209","5"]},{"index":2,"name":"col2","values":["28","4","498","55","46","22","217","210","23","120","0","0","53","22","3","57","44","14","714","65"]}]},"context":{"page_title":null,"page_url":null,"page_entity_id":null,"content_hierarchy":[]},"links":[[[{"start":0,"end":29,"url":null,"entity_id":"Q2869985","candidates":[]}],[],[]],[[{"start":0,"end":21,"url":null,"entity_id":"Q2869983","candidates":[]}],[],[]],[[{"start":0,"end":19,"url":null,"entity_id":"Q2869976","candidates":[]}],[],[]],[[{"start":0,"end":28,"url":null,"entity_id":"Q2869972","candidates":[]}],[],[]],[[{"start":0,"end":22,"url":null,"entity_id":"Q2869966","candidates":[]}],[],[]],[[{"start":0,"end":21,"url":null,"entity_id":"Q2869958","candidates":[]}],[],[]],[[{"start":0,"end":30,"url":null,"entity_id":"Q2724459","candidates":[]}],[],[]],[[{"start":0,"end":28,"url":null,"entity_id":"Q2691739","candidates":[]}],[],[]],[[{"start":0,"end":16,"url":null,"entity_id":"Q2497769","candidates":[]}],[],[]],[[{"start":0,"end":19,"url":null,"entity_id":"Q2335758","candidates":[]}],[],[]],[[{"start":0,"end":26,"url":null,"entity_id":"Q2313676","candidates":[]}],[],[]],[[{"start":0,"end":21,"url":null,"entity_id":"Q2072278","candidates":[]}],[],[]],[[{"start":0,"end":20,"url":null,"entity_id":"Q1963521","candidates":[]}],[],[]],[[{"start":0,"end":21,"url":null,"entity_id":"Q1879847","candidates":[]}],[],[]],[[{"start":0,"end":21,"url":null,"entity_id":"Q1780548","candidates":[]}],[],[]],[[{"start":0,"end":16,"url":null,"entity_id":"Q1442421","candidates":[]}],[],[]],[[{"start":0,"end":25,"url":null,"entity_id":"Q1007737","candidates":[]}],[],[]],[[{"start":0,"end":26,"url":null,"entity_id":"Q891895","candidates":[]}],[],[]],[[{"start":0,"end":22,"url":null,"entity_id":"Q891879","candidates":[]}],[],[]],[[{"start":0,"end":21,"url":null,"entity_id":"Q2869986","candidates":[]}],[],[]]]}