{"version":"1.2","table":{"version":"2","table_id":"0FACU0M3","columns":[{"index":0,"name":"col0","values":["Tysmenytsia Raion","Tlumach Raion","Rohatyn Raion","Nadvirna Raion","Kolomyia Raion","Kalush Raion","Dolyna Raion","Horodenka Raion","Halych Raion","Verkhovyna Raion","Bohorodchany Raion","Rozhniativ Raion","Volodymyr-Volynskyi Raion","Volochysk Raion","Sosnytsia Raion","Velyka Oleksandrivka Raion","Voznesensk Raion","Berdychiv Raion","Kompaniivka Raion","Velyka Lepetykha Raion"]},{"index":1,"name":"col1","values":["UTC+02:00","UTC+02:00","UTC+02:00","UTC+02:00","UTC+02:00","UTC+02:00","UTC+02:00","UTC+02:00","UTC+02:00","UTC+02:00","UTC+02:00","UTC+02:00","UTC+02:00","UTC+02:00","UTC+02:00","UTC+02:00","UTC+02:00","UTC+02:00","UTC+02:00","UTC+02:00"]},{"index":2,"name":"col2","values":["Ukraine","Ukraine","Ukraine","Ukraine","Ukraine","Ukraine","Ukraine","Ukraine","Ukraine","Ukraine","Ukraine","Ukraine","Ukraine","Ukraine","Ukraine","Ukraine","Ukraine","Ukraine","Ukraine","Ukraine"]}]},"context":{"page_title":null,"page_url":null,"page_entity_id":null,"content_hierarchy":[]},"links":[[[{"start":0,"end":17,"url":null,"entity_id":"Q1035652","candidates":[]}],[{"start":0,"end":9,"url":null,"entity_id":"Q6723","candidates":[]}],[{"start":0,"end":7,"url":null,"entity_id":"Q212","candidates":[]}]],[[{"start":0,"end":13,"url":null,"entity_id":"Q1035651","candidates":[]}],[{"start":0,"end":9,"url":null,"entity_id":"Q6723","candidates":[]}],[{"start":0,"end":7,"url":null,"entity_id":"Q212","candidates":[]}]],[[{"start":0,"end":13,"url":null,"entity_id":"Q1035632","candidates":[]}],[{"start":0,"end":9,"url":null,"entity_id":"Q6723","candidates":[]}],[{"start":0,"end":7,"url":null,"entity_id":"Q212","candidates":[]}]],[[{"start":0,"end":14,"url":null,"entity_id":"Q1035617","candidates":[]}],[{"start":0,"end":9,"url":null,"entity_id":"Q6723","candidates":[]}],[{"start":0,"end":7,"url":null,"entity_id":"Q212","candidates":[]}]],[[{"start":0,"end":14,"url":null,"entity_id":"Q1035599","candidates":[]}],[{"start":0,"end":9,"url":null,"entity_id":"Q6723","candidates":[]}],[{"start":0,"end":7,"url":null,"entity_id":"Q212","candidates":[]}]],[[{"start":0,"end":12,"url":null,"entity_id":"Q1035591","candidates":[]}],[{"start":0,"end":9,"url":null,"entity_id":"Q6723","candidates":[]}],[{"start":0,"end":7,"url":null,"entity_id":"Q212","candidates":[]}]],[[{"start":0,"end":12,"url":null,"entity_id":"Q1035580","candidates":[]}],[{"start":0,"end":9,"url":null,"entity_id":"Q6723","candidates":[]}],[{"start":0,"end":7,"url":null,"entity_id":"Q212","candidates":[]}]],[[{"start":0,"end":15,"url":null,"entity_id":"Q1035570","candidates":[]}],[{"start":0,"end":9,"url":null,"entity_id":"Q6723","candidates":[]}],[{"start":0,"end":7,"url":null,"entity_id":"Q212","candidates":[]}]],[[{"start":0,"end":12,"url":null,"entity_id":"Q1035559","candidates":[]}],[{"start":0,"end":9,"url":null,"entity_id":"Q6723","candidates":[]}],[{"start":0,"end":7,"url":null,"entity_id":"Q212","candidates":[]}]],[[{"start":0,"end":16,"url":null,"entity_id":"Q1035547","candidates":[]}],[{"start":0,"end":9,"url":null,"entity_id":"Q6723","candidates":[]}],[{"start":0,"end":7,"url":null,"entity_id":"Q212","candidates":[]}]],[[{"start":0,"end":18,"url":null,"entity_id":"Q1035536","candidates":[]}],[{"start":0,"end":9,"url":null,"entity_id":"Q6723","candidates":[]}],[{"start":0,"end":7,"url":null,"entity_id":"Q212","candidates":[]}]],[[{"start":0,"end":16,"url":null,"entity_id":"Q1035523","candidates":[]}],[{"start":0,"end":9,"url":null,"entity_id":"Q6723","candidates":[]}],[{"start":0,"end":7,"url":null,"entity_id":"Q212","candidates":[]}]],[[{"start":0,"end":25,"url":null,"entity_id":"Q980009","candidates":[]}],[{"start":0,"end":9,"url":null,"entity_id":"Q6723","candidates":[]}],[{"start":0,"end":7,"url":null,"entity_id":"Q212","candidates":[]}]],[[{"start":0,"end":15,"url":null,"entity_id":"Q971973","candidates":[]}],[{"start":0,"end":9,"url":null,"entity_id":"Q6723","candidates":[]}],[{"start":0,"end":7,"url":null,"entity_id":"Q212","candidates":[]}]],[[{"start":0,"end":15,"url":null,"entity_id":"Q968564","candidates":[]}],[{"start":0,"end":9,"url":null,"entity_id":"Q6723","candidates":[]}],[{"start":0,"end":7,"url":null,"entity_id":"Q212","candidates":[]}]],[[{"start":0,"end":26,"url":null,"entity_id":"Q967319","candidates":[]}],[{"start":0,"end":9,"url":null,"entity_id":"Q6723","candidates":[]}],[{"start":0,"end":7,"url":null,"entity_id":"Q212","candidates":[]}]],[[{"start":0,"end":16,"url":null,"entity_id":"Q967024","candidates":[]}],[{"start":0,"end":9,"url":null,"entity_id":"Q6723","candidates":[]}],[{"start":0,"end":7,"url":null,"entity_id":"Q212","candidates":[]}]],[[{"start":0,"end":15,"url":null,"entity_id":"Q962724","candidates":[]}],[{"start":0,"end":9,"url":null,"entity_id":"Q6723","candidates":[]}],[{"start":0,"end":7,"url":null,"entity_id":"Q212","candidates":[]}]],[[{"start":0,"end":17,"url":null,"entity_id":"Q962476","candidates":[]}],[{"start":0,"end":9,"url":null,"entity_id":"Q6723","candidates":[]}],[{"start":0,"end":7,"url":null,"entity_id":"Q212","candidates":[]}]],[[{"start":0,"end":22,"url":null,"entity_id":"Q958767","candidates":[]}],[{"start":0,"end":9,"url":null,"entity_id":"Q6723","candidates":[]}],[{"start":0,"end":7,"url":null,"entity_id":"Q212","candidates":[]}]]]}