{"version":"1.2","table":{"version":"2","table_id":"0FZN6CUN","columns":[{"index":0,"name":"col0","values":["1913 French Open Badminton Championships","1912 French Open Badminton Championships","1911 French Open Badminton Championships","1910 French Open Badminton Championships","1908 French Open Badminton Championships","2019 French Open Badminton Championships","2018 French Open Badminton Championships","2017 French Super Series","2016 French Super Series","2015 French Open Super Series","2014 French Super Series","2013 French Super Series","2012 French Super Series","2011 French Super Series","2009 French Super Series","2010 French Super Series","2004 French Open Badminton Championships","1949 French Open Badminton Championships","1943 French Open Badminton Championships","2008 French Super Series"]},{"index":1,"name":"col1","values":["1913-12-20","1912-12-21","1911-12-16","1910-12-15","1908-11-27","2019-10-22","2018-10-23","2017-10-24","2016-10-25","2015-10-20","2014-10-21","2013-10-22","2012-10-23","2011-10-25","2009-10-27","2010-11-02","2004-03-17","1949-04-02","1943-04-03","2008-10-28"]},{"index":2,"name":"col2","values":["France","France","France","France","France","France","France","France","France","France","France","France","France","France","France","France","France","France","France","France"]},{"index":3,"name":"col3","values":["Dieppe","Dieppe","Dieppe","Dieppe","Dieppe","Paris","Paris","Paris","Paris","Paris","Paris","Paris","Paris","Paris","Paris","Paris","Paris","Paris","Paris","Paris"]},{"index":4,"name":"col4","values":["1913-12-21","1912-12-22","1911-12-17","1910-12-18","1908-11-29","2019-10-27","2018-10-28","2017-10-29","2016-10-30","2015-10-25","2014-10-26","2013-10-27","2012-10-28","2011-10-30","2009-11-01","2010-11-07","2004-03-21","1949-04-03","1943-04-04","2008-11-02"]}]},"context":{"page_title":null,"page_url":null,"page_entity_id":null,"content_hierarchy":[]},"links":[[[{"start":0,"end":40,"url":null,"entity_id":"Q1455282","candidates":[]}],[],[{"start":0,"end":6,"url":null,"entity_id":"Q142","candidates":[]}],[{"start":0,"end":6,"url":null,"entity_id":"Q183557","candidates":[]}],[]],[[{"start":0,"end":40,"url":null,"entity_id":"Q1455281","candidates":[]}],[],[{"start":0,"end":6,"url":null,"entity_id":"Q142","candidates":[]}],[{"start":0,"end":6,"url":null,"entity_id":"Q183557","candidates":[]}],[]],[[{"start":0,"end":40,"url":null,"entity_id":"Q1455278","candidates":[]}],[],[{"start":0,"end":6,"url":null,"entity_id":"Q142","candidates":[]}],[{"start":0,"end":6,"url":null,"entity_id":"Q183557","candidates":[]}],[]],[[{"start":0,"end":40,"url":null,"entity_id":"Q1455271","candidates":[]}],[],[{"start":0,"end":6,"url":null,"entity_id":"Q142","candidates":[]}],[{"start":0,"end":6,"url":null,"entity_id":"Q183557","candidates":[]}],[]],[[{"start":0,"end":40,"url":null,"entity_id":"Q1455266","candidates":[]}],[],[{"start":0,"end":6,"url":null,"entity_id":"Q142","candidates":[]}],[{"start":0,"end":6,"url":null,"entity_id":"Q183557","candidates":[]}],[]],[[{"start":0,"end":40,"url":null,"entity_id":"Q68819274","candidates":[]}],[],[{"start":0,"end":6,"url":null,"entity_id":"Q142","candidates":[]}],[{"start":0,"end":5,"url":null,"entity_id":"Q90","candidates":[]}],[]],[[{"start":0,"end":40,"url":null,"entity_id":"Q56775625","candidates":[]}],[],[{"start":0,"end":6,"url":null,"entity_id":"Q142","candidates":[]}],[{"start":0,"end":5,"url":null,"entity_id":"Q90","candidates":[]}],[]],[[{"start":0,"end":24,"url":null,"entity_id":"Q41551983","candidates":[]}],[],[{"start":0,"end":6,"url":null,"entity_id":"Q142","candidates":[]}],[{"start":0,"end":5,"url":null,"entity_id":"Q90","candidates":[]}],[]],[[{"start":0,"end":24,"url":null,"entity_id":"Q24706125","candidates":[]}],[],[{"start":0,"end":6,"url":null,"entity_id":"Q142","candidates":[]}],[{"start":0,"end":5,"url":null,"entity_id":"Q90","candidates":[]}],[]],[[{"start":0,"end":29,"url":null,"entity_id":"Q20899357","candidates":[]}],[],[{"start":0,"end":6,"url":null,"entity_id":"Q142","candidates":[]}],[{"start":0,"end":5,"url":null,"entity_id":"Q90","candidates":[]}],[]],[[{"start":0,"end":24,"url":null,"entity_id":"Q18319942","candidates":[]}],[],[{"start":0,"end":6,"url":null,"entity_id":"Q142","candidates":[]}],[{"start":0,"end":5,"url":null,"entity_id":"Q90","candidates":[]}],[]],[[{"start":0,"end":24,"url":null,"entity_id":"Q15077362","candidates":[]}],[],[{"start":0,"end":6,"url":null,"entity_id":"Q142","candidates":[]}],[{"start":0,"end":5,"url":null,"entity_id":"Q90","candidates":[]}],[]],[[{"start":0,"end":24,"url":null,"entity_id":"Q1455474","candidates":[]}],[],[{"start":0,"end":6,"url":null,"entity_id":"Q142","candidates":[]}],[{"start":0,"end":5,"url":null,"entity_id":"Q90","candidates":[]}],[]],[[{"start":0,"end":24,"url":null,"entity_id":"Q1455472","candidates":[]}],[],[{"start":0,"end":6,"url":null,"entity_id":"Q142","candidates":[]}],[{"start":0,"end":5,"url":null,"entity_id":"Q90","candidates":[]}],[]],[[{"start":0,"end":24,"url":null,"entity_id":"Q1455468","candidates":[]}],[],[{"start":0,"end":6,"url":null,"entity_id":"Q142","candidates":[]}],[{"start":0,"end":5,"url":null,"entity_id":"Q90","candidates":[]}],[]],[[{"start":0,"end":24,"url":null,"entity_id":"Q1455467","candidates":[]}],[],[{"start":0,"end":6,"url":null,"entity_id":"Q142","candidates":[]}],[{"start":0,"end":5,"url":null,"entity_id":"Q90","candidates":[]}],[]],[[{"start":0,"end":40,"url":null,"entity_id":"Q1455429","candidates":[]}],[],[{"start":0,"end":6,"url":null,"entity_id":"Q142","candidates":[]}],[{"start":0,"end":5,"url":null,"entity_id":"Q90","candidates":[]}],[]],[[{"start":0,"end":40,"url":null,"entity_id":"Q1455297","candidates":[]}],[],[{"start":0,"end":6,"url":null,"entity_id":"Q142","candidates":[]}],[{"start":0,"end":5,"url":null,"entity_id":"Q90","candidates":[]}],[]],[[{"start":0,"end":40,"url":null,"entity_id":"Q1455287","candidates":[]}],[],[{"start":0,"end":6,"url":null,"entity_id":"Q142","candidates":[]}],[{"start":0,"end":5,"url":null,"entity_id":"Q90","candidates":[]}],[]],[[{"start":0,"end":24,"url":null,"entity_id":"Q1230000","candidates":[]}],[],[{"start":0,"end":6,"url":null,"entity_id":"Q142","candidates":[]}],[{"start":0,"end":5,"url":null,"entity_id":"Q90","candidates":[]}],[]]]}