{"version":"1.2","table":{"version":"2","table_id":"0G8NAPL6","columns":[{"index":0,"name":"col0","values":["Jindřichův Hradec District","Plzeň-City District","Ostrava-City District","Plzeň-South District","Třebíč District","Ústí nad Orlicí District","Znojmo District","Vsetín District","Kroměříž District","Děčín District","Teplice District","Most District","Pelhřimov District","Karviná District","Nymburk District","Ústí nad Labem District","Jihlava District","Mladá Boleslav District","Mělník District","Příbram District"]},{"index":1,"name":"col1","values":["194369","26146","33153","99655","1463","125831","159050","114287","79567","90858","46927","46716","1290","35624","85007","40444","1199.32","102283","70108","156287"]},{"index":2,"name":"col2","values":["90653","191599","321273","63004","111069","138242","114104","143332","105572","129831","128610","112049","72226","247887","99873","119407","113153","129136","108352","114778"]},{"index":3,"name":"col3","values":["42.8","42.9","42.4","42.5","42.5","41.8","41.9","42.3","42.9","41.9","41.7","41.7","43.3","42.8","41","41.5","41.8","41.3","41.2","42.4"]}]},"context":{"page_title":null,"page_url":null,"page_entity_id":null,"content_hierarchy":[]},"links":[[[{"start":0,"end":26,"url":null,"entity_id":"Q1160841","candidates":[]}],[],[],[]],[[{"start":0,"end":19,"url":null,"entity_id":"Q1080673","candidates":[]}],[],[],[]],[[{"start":0,"end":21,"url":null,"entity_id":"Q918108","candidates":[]}],[],[],[]],[[{"start":0,"end":20,"url":null,"entity_id":"Q909754","candidates":[]}],[],[],[]],[[{"start":0,"end":15,"url":null,"entity_id":"Q856857","candidates":[]}],[],[],[]],[[{"start":0,"end":24,"url":null,"entity_id":"Q856824","candidates":[]}],[],[],[]],[[{"start":0,"end":15,"url":null,"entity_id":"Q853969","candidates":[]}],[],[],[]],[[{"start":0,"end":15,"url":null,"entity_id":"Q852541","candidates":[]}],[],[],[]],[[{"start":0,"end":17,"url":null,"entity_id":"Q852532","candidates":[]}],[],[],[]],[[{"start":0,"end":14,"url":null,"entity_id":"Q852525","candidates":[]}],[],[],[]],[[{"start":0,"end":16,"url":null,"entity_id":"Q852518","candidates":[]}],[],[],[]],[[{"start":0,"end":13,"url":null,"entity_id":"Q852511","candidates":[]}],[],[],[]],[[{"start":0,"end":18,"url":null,"entity_id":"Q852505","candidates":[]}],[],[],[]],[[{"start":0,"end":16,"url":null,"entity_id":"Q852496","candidates":[]}],[],[],[]],[[{"start":0,"end":16,"url":null,"entity_id":"Q852491","candidates":[]}],[],[],[]],[[{"start":0,"end":23,"url":null,"entity_id":"Q852480","candidates":[]}],[],[],[]],[[{"start":0,"end":16,"url":null,"entity_id":"Q852472","candidates":[]}],[],[],[]],[[{"start":0,"end":23,"url":null,"entity_id":"Q852468","candidates":[]}],[],[],[]],[[{"start":0,"end":15,"url":null,"entity_id":"Q852463","candidates":[]}],[],[],[]],[[{"start":0,"end":16,"url":null,"entity_id":"Q852457","candidates":[]}],[],[],[]]]}