{"version":"1.2","table":{"version":"2","table_id":"0GC2OQP2","columns":[{"index":0,"name":"col0","values":["rhodium-108","rhodium-107","rhodium-106","rhodium-105","rhodium-104","rhodium-100","rhodium-99","rhodium-98","rhodium-97","rhodium-96","rhodium-95","rhodium-94","rhodium-93","rhodium-92","rhodium-91","rhodium-90","rhodium-89","rhodium-102","rhodium-101","rhodium-103"]},{"index":1,"name":"col1","values":["-85031.721","-86863.703","-86362.627","-87851.243","-86959.348","-85591.126","-85581.3","-83175.205","-82597.552","-79687.718","-78340.606","-72907.613","-69011.8","-62999.087","-58570","-51700","-45861","-86783.318","-87412.416","-88031.708"]},{"index":2,"name":"col2","values":["63","62","61","60","59","55","54","53","52","51","50","49","48","47","46","45","44","57","56","58"]}]},"context":{"page_title":null,"page_url":null,"page_entity_id":null,"content_hierarchy":[]},"links":[[[{"start":0,"end":11,"url":null,"entity_id":"Q18881084","candidates":[]}],[],[]],[[{"start":0,"end":11,"url":null,"entity_id":"Q18881080","candidates":[]}],[],[]],[[{"start":0,"end":11,"url":null,"entity_id":"Q18881078","candidates":[]}],[],[]],[[{"start":0,"end":11,"url":null,"entity_id":"Q18881076","candidates":[]}],[],[]],[[{"start":0,"end":11,"url":null,"entity_id":"Q18881072","candidates":[]}],[],[]],[[{"start":0,"end":11,"url":null,"entity_id":"Q18881063","candidates":[]}],[],[]],[[{"start":0,"end":10,"url":null,"entity_id":"Q18881061","candidates":[]}],[],[]],[[{"start":0,"end":10,"url":null,"entity_id":"Q18881058","candidates":[]}],[],[]],[[{"start":0,"end":10,"url":null,"entity_id":"Q18881056","candidates":[]}],[],[]],[[{"start":0,"end":10,"url":null,"entity_id":"Q18881054","candidates":[]}],[],[]],[[{"start":0,"end":10,"url":null,"entity_id":"Q18881052","candidates":[]}],[],[]],[[{"start":0,"end":10,"url":null,"entity_id":"Q18881050","candidates":[]}],[],[]],[[{"start":0,"end":10,"url":null,"entity_id":"Q18881049","candidates":[]}],[],[]],[[{"start":0,"end":10,"url":null,"entity_id":"Q18881046","candidates":[]}],[],[]],[[{"start":0,"end":10,"url":null,"entity_id":"Q18881044","candidates":[]}],[],[]],[[{"start":0,"end":10,"url":null,"entity_id":"Q18881042","candidates":[]}],[],[]],[[{"start":0,"end":10,"url":null,"entity_id":"Q18881040","candidates":[]}],[],[]],[[{"start":0,"end":11,"url":null,"entity_id":"Q14268000","candidates":[]}],[],[]],[[{"start":0,"end":11,"url":null,"entity_id":"Q2752466","candidates":[]}],[],[]],[[{"start":0,"end":11,"url":null,"entity_id":"Q2672056","candidates":[]}],[],[]]]}