{"version":"1.2","table":{"version":"2","table_id":"0GD2S3GH","columns":[{"index":0,"name":"col0","values":["Wilhelm-Fabry-Museum","Mindener Museum","Gütersloh Town Museum","Heimatmuseum der Stadt Marsberg","Museum für russlanddeutsche Kulturgeschichte","Clemens-Sels-Museum","Al Ain National Museum","Museum of London","Bauernhausmuseum Bielefeld","Lake Geneva Museum","Anacostia Community Museum","Blenio museum","Bolton Museum","Perm Krai Local Lore Museum","Ethnographic museum Valle di Muggio","Malcantone di Curio museum","Aux Trois Couvents","Manchester Museum","Leeds City Museum","Sagalund"]},{"index":1,"name":"col1","values":["1989-09-17","1922-01-01","1988-06-12","1935-01-01","1996-03-16","1912-08-24","1969-08-06","1976-01-01","1917-01-01","1954-01-01","1967-01-01","1979-01-01","1939-01-01","1894-02-06","1980-01-01","1989-01-01","1984-01-01","1835-01-01","1868-06-18","1900-01-01"]},{"index":2,"name":"col2","values":["1989-01-01","1922-01-01","1988-01-01","1930-01-01","1996-01-01","1912-01-01","1969-04-07","1968-01-01","1917-01-01","1954-01-01","1967-01-01","1979-01-01","1852-01-01","1890-01-01","1980-01-01","1989-01-01","1984-01-01","1867-01-01","1865-08-31","1900-01-01"]}]},"context":{"page_title":null,"page_url":null,"page_entity_id":null,"content_hierarchy":[]},"links":[[[{"start":0,"end":15,"url":null,"entity_id":"Q1936389","candidates":[]}],[],[]],[[{"start":0,"end":21,"url":null,"entity_id":"Q1703603","candidates":[]}],[],[]],[[{"start":0,"end":31,"url":null,"entity_id":"Q1595657","candidates":[]}],[],[]],[[{"start":0,"end":44,"url":null,"entity_id":"Q1564490","candidates":[]}],[],[]],[[{"start":0,"end":19,"url":null,"entity_id":"Q1099859","candidates":[]}],[],[]],[[{"start":0,"end":22,"url":null,"entity_id":"Q1052105","candidates":[]}],[],[]],[[{"start":0,"end":16,"url":null,"entity_id":"Q917820","candidates":[]}],[],[]],[[{"start":0,"end":26,"url":null,"entity_id":"Q811262","candidates":[]}],[],[]],[[{"start":0,"end":18,"url":null,"entity_id":"Q644296","candidates":[]}],[],[]],[[{"start":0,"end":26,"url":null,"entity_id":"Q483592","candidates":[]}],[],[]],[[{"start":0,"end":13,"url":null,"entity_id":"Q27485116","candidates":[]}],[],[]],[[{"start":0,"end":13,"url":null,"entity_id":"Q4940210","candidates":[]}],[],[]],[[{"start":0,"end":27,"url":null,"entity_id":"Q4351545","candidates":[]}],[],[]],[[{"start":0,"end":35,"url":null,"entity_id":"Q3868364","candidates":[]}],[],[]],[[{"start":0,"end":26,"url":null,"entity_id":"Q3867915","candidates":[]}],[],[]],[[{"start":0,"end":18,"url":null,"entity_id":"Q2945026","candidates":[]}],[],[]],[[{"start":0,"end":17,"url":null,"entity_id":"Q2087619","candidates":[]}],[],[]],[[{"start":0,"end":17,"url":null,"entity_id":"Q6515923","candidates":[]}],[],[]],[[{"start":0,"end":8,"url":null,"entity_id":"Q14488117","candidates":[]}],[],[]],[[{"start":0,"end":20,"url":null,"entity_id":"Q15854431","candidates":[]}],[],[]]]}