{"version":"1.2","table":{"version":"2","table_id":"0H0U54UZ","columns":[{"index":0,"name":"col0","values":["Sekhmatia Union, Nazirpur","Nazirpur Union, Nazirpur","Ulania","Sagornal","Rampasha Union","Panpatti Union","Dehergati Union","Dayamir Union","Charamaddi Union","Char Monai","Burir Char","Bagdha Union","Shikarpur Union","Shayestabad Union","Lohalia Union, Patuakhali Sadar","Lebukhali Union, Dumki","Lalmohan union","Lord Hardinge union","Lata Chapli Union","Lowkathi Union, Patuakhali Sadar"]},{"index":1,"name":"col1","values":["11877","9683","25732","13483","18600","7683","10665","15937","9554","14627","14981","15679","14754","11998","9060","6125","8027","12811","12598","14237"]},{"index":2,"name":"col2","values":["11502","9672","25345","12795","18414","7211","9058","15384","8568","14163","14561","14627","14218","11257","8520","5756","7517","12987","13327","13267"]}]},"context":{"page_title":null,"page_url":null,"page_entity_id":null,"content_hierarchy":[]},"links":[[[{"start":0,"end":25,"url":null,"entity_id":"Q22346968","candidates":[]}],[],[]],[[{"start":0,"end":24,"url":null,"entity_id":"Q22346967","candidates":[]}],[],[]],[[{"start":0,"end":6,"url":null,"entity_id":"Q7878738","candidates":[]}],[],[]],[[{"start":0,"end":8,"url":null,"entity_id":"Q7399347","candidates":[]}],[],[]],[[{"start":0,"end":14,"url":null,"entity_id":"Q7290029","candidates":[]}],[],[]],[[{"start":0,"end":14,"url":null,"entity_id":"Q7131568","candidates":[]}],[],[]],[[{"start":0,"end":15,"url":null,"entity_id":"Q5252232","candidates":[]}],[],[]],[[{"start":0,"end":13,"url":null,"entity_id":"Q5243027","candidates":[]}],[],[]],[[{"start":0,"end":16,"url":null,"entity_id":"Q5073907","candidates":[]}],[],[]],[[{"start":0,"end":10,"url":null,"entity_id":"Q5073661","candidates":[]}],[],[]],[[{"start":0,"end":10,"url":null,"entity_id":"Q4998868","candidates":[]}],[],[]],[[{"start":0,"end":12,"url":null,"entity_id":"Q4841524","candidates":[]}],[],[]],[[{"start":0,"end":15,"url":null,"entity_id":"Q13152635","candidates":[]}],[],[]],[[{"start":0,"end":17,"url":null,"entity_id":"Q13152620","candidates":[]}],[],[]],[[{"start":0,"end":31,"url":null,"entity_id":"Q13152602","candidates":[]}],[],[]],[[{"start":0,"end":22,"url":null,"entity_id":"Q13152584","candidates":[]}],[],[]],[[{"start":0,"end":14,"url":null,"entity_id":"Q13152563","candidates":[]}],[],[]],[[{"start":0,"end":19,"url":null,"entity_id":"Q13152546","candidates":[]}],[],[]],[[{"start":0,"end":17,"url":null,"entity_id":"Q13152537","candidates":[]}],[],[]],[[{"start":0,"end":32,"url":null,"entity_id":"Q13152536","candidates":[]}],[],[]]]}