{"version":"1.2","table":{"version":"2","table_id":"0H602P8H","columns":[{"index":0,"name":"col0","values":["SDSS J204527.98-010125.1","SDSS J075658.95+180737.8","SDSS J075243.73+355306.4","SDSS J212702.61+002702.3","SDSS J031230.46+415649.0","SDSS J233707.58+495357.7","SDSS J082716.24-050251.0","SDSS J073849.88+415907.9","SDSS J000613.03+291353.3","SDSS J093750.48+520739.3","SDSS J002438.99-093916.8","SDSS J173331.92+080006.4","SDSS J161837.44+321436.0","SDSS J201944.82-130424.2","SDSS J070102.97+123754.1","SDSS J095529.80+415221.3","SDSS J222249.23+003524.9","SDSS J074344.90+182640.9","SDSS J072334.82+403014.5","SDSS J225842.81+063935.9"]},{"index":1,"name":"col1","values":["-1.023663","18.1271907362773","35.8851169779595","0.4506429322401","41.946940277267","49.8993674129642","-5.047503","41.9855675566734","29.231498527883","52.1275883482199","-9.6546726453432","8.001789","32.2433542675732","-13.0733757868041","12.6317128501628","41.8725960118525","0.5902580202919","18.4447059587888","40.5040346797661","6.6599913707839"]},{"index":2,"name":"col2","values":["-0.33","-0.49","-0.54","-0.74","-0.16","-0.17","-0.62","-0.44","-0.37","-0.59","-0.41","-0.46","-0.7","-0.52","-0.53","-0.64","0.19","-0.6","-0.59","-0.31"]}]},"context":{"page_title":null,"page_url":null,"page_entity_id":null,"content_hierarchy":[]},"links":[[[{"start":0,"end":24,"url":null,"entity_id":"Q78805555","candidates":[]}],[],[]],[[{"start":0,"end":24,"url":null,"entity_id":"Q78805502","candidates":[]}],[],[]],[[{"start":0,"end":24,"url":null,"entity_id":"Q78805454","candidates":[]}],[],[]],[[{"start":0,"end":24,"url":null,"entity_id":"Q78805434","candidates":[]}],[],[]],[[{"start":0,"end":24,"url":null,"entity_id":"Q78805341","candidates":[]}],[],[]],[[{"start":0,"end":24,"url":null,"entity_id":"Q78805318","candidates":[]}],[],[]],[[{"start":0,"end":24,"url":null,"entity_id":"Q78805231","candidates":[]}],[],[]],[[{"start":0,"end":24,"url":null,"entity_id":"Q78805207","candidates":[]}],[],[]],[[{"start":0,"end":24,"url":null,"entity_id":"Q78805180","candidates":[]}],[],[]],[[{"start":0,"end":24,"url":null,"entity_id":"Q78805141","candidates":[]}],[],[]],[[{"start":0,"end":24,"url":null,"entity_id":"Q78805136","candidates":[]}],[],[]],[[{"start":0,"end":24,"url":null,"entity_id":"Q78805069","candidates":[]}],[],[]],[[{"start":0,"end":24,"url":null,"entity_id":"Q78805048","candidates":[]}],[],[]],[[{"start":0,"end":24,"url":null,"entity_id":"Q78804986","candidates":[]}],[],[]],[[{"start":0,"end":24,"url":null,"entity_id":"Q78804981","candidates":[]}],[],[]],[[{"start":0,"end":24,"url":null,"entity_id":"Q78804973","candidates":[]}],[],[]],[[{"start":0,"end":24,"url":null,"entity_id":"Q78804954","candidates":[]}],[],[]],[[{"start":0,"end":24,"url":null,"entity_id":"Q78804948","candidates":[]}],[],[]],[[{"start":0,"end":24,"url":null,"entity_id":"Q78804946","candidates":[]}],[],[]],[[{"start":0,"end":24,"url":null,"entity_id":"Q78804921","candidates":[]}],[],[]]]}