{"version":"1.2","table":{"version":"2","table_id":"0HFY1TOW","columns":[{"index":0,"name":"col0","values":["Maison du Commandant Charcot (Neuilly-sur-Seine)","Maison natale de Dom Mabillon","Maison natale de Théodore de Bèze","Maison natale de Paul Claudel","Maison natale de Colette","Maisons Satie","birth house of Jean-François Millet","birth house of Joan of Arc","Birthplace of Charles de Gaulle","birthhouse of Victor Hugo","Multatuli House","Casa natal de Almeida Garrett","Atatürk Museum","birthplace of Franz Liszt","Haydn's birthplace","Adolf-Hitler-Geburtshaus","Mozart's birthplace","Zwingli house","Birthplace of San Galgano","House of Jacopo Pontormo (Pontorme)"]},{"index":1,"name":"col1","values":["Jean-Baptiste Charcot","Jean Mabillon","Theodore Beza","Paul Claudel","Colette","Erik Satie","Jean-François Millet","Joan of Arc","Charles de Gaulle","Victor Hugo","Multatuli","Almeida Garrett","Mustafa Kemal Atatürk","Franz Liszt","Joseph Haydn","Adolf Hitler","Wolfgang Amadeus Mozart","Huldrych Zwingli","Galgano Guidotti","Pontormo"]},{"index":2,"name":"col2","values":["France","France","France","France","France","France","France","France","France","France","Netherlands","Portugal","Greece","Austria","Austria","Austria","Austria","Switzerland","Italy","Italy"]}]},"context":{"page_title":null,"page_url":null,"page_entity_id":null,"content_hierarchy":[]},"links":[[[{"start":0,"end":48,"url":null,"entity_id":"Q13518137","candidates":[]}],[{"start":0,"end":21,"url":null,"entity_id":"Q463531","candidates":[]}],[{"start":0,"end":6,"url":null,"entity_id":"Q142","candidates":[]}]],[[{"start":0,"end":29,"url":null,"entity_id":"Q3280229","candidates":[]}],[{"start":0,"end":13,"url":null,"entity_id":"Q354563","candidates":[]}],[{"start":0,"end":6,"url":null,"entity_id":"Q142","candidates":[]}]],[[{"start":0,"end":33,"url":null,"entity_id":"Q3280242","candidates":[]}],[{"start":0,"end":13,"url":null,"entity_id":"Q314981","candidates":[]}],[{"start":0,"end":6,"url":null,"entity_id":"Q142","candidates":[]}]],[[{"start":0,"end":29,"url":null,"entity_id":"Q3280240","candidates":[]}],[{"start":0,"end":12,"url":null,"entity_id":"Q295830","candidates":[]}],[{"start":0,"end":6,"url":null,"entity_id":"Q142","candidates":[]}]],[[{"start":0,"end":24,"url":null,"entity_id":"Q13518333","candidates":[]}],[{"start":0,"end":7,"url":null,"entity_id":"Q218679","candidates":[]}],[{"start":0,"end":6,"url":null,"entity_id":"Q142","candidates":[]}]],[[{"start":0,"end":13,"url":null,"entity_id":"Q3280344","candidates":[]}],[{"start":0,"end":10,"url":null,"entity_id":"Q187192","candidates":[]}],[{"start":0,"end":6,"url":null,"entity_id":"Q142","candidates":[]}]],[[{"start":0,"end":35,"url":null,"entity_id":"Q3280233","candidates":[]}],[{"start":0,"end":20,"url":null,"entity_id":"Q148458","candidates":[]}],[{"start":0,"end":6,"url":null,"entity_id":"Q142","candidates":[]}]],[[{"start":0,"end":26,"url":null,"entity_id":"Q3280236","candidates":[]}],[{"start":0,"end":11,"url":null,"entity_id":"Q7226","candidates":[]}],[{"start":0,"end":6,"url":null,"entity_id":"Q142","candidates":[]}]],[[{"start":0,"end":31,"url":null,"entity_id":"Q3280225","candidates":[]}],[{"start":0,"end":17,"url":null,"entity_id":"Q2042","candidates":[]}],[{"start":0,"end":6,"url":null,"entity_id":"Q142","candidates":[]}]],[[{"start":0,"end":25,"url":null,"entity_id":"Q3280244","candidates":[]}],[{"start":0,"end":11,"url":null,"entity_id":"Q535","candidates":[]}],[{"start":0,"end":6,"url":null,"entity_id":"Q142","candidates":[]}]],[[{"start":0,"end":15,"url":null,"entity_id":"Q17295804","candidates":[]}],[{"start":0,"end":9,"url":null,"entity_id":"Q154211","candidates":[]}],[{"start":0,"end":11,"url":null,"entity_id":"Q55","candidates":[]}]],[[{"start":0,"end":29,"url":null,"entity_id":"Q1478400","candidates":[]}],[{"start":0,"end":15,"url":null,"entity_id":"Q316806","candidates":[]}],[{"start":0,"end":8,"url":null,"entity_id":"Q45","candidates":[]}]],[[{"start":0,"end":14,"url":null,"entity_id":"Q753756","candidates":[]}],[{"start":0,"end":21,"url":null,"entity_id":"Q5152","candidates":[]}],[{"start":0,"end":6,"url":null,"entity_id":"Q41","candidates":[]}]],[[{"start":0,"end":25,"url":null,"entity_id":"Q1445881","candidates":[]}],[{"start":0,"end":11,"url":null,"entity_id":"Q41309","candidates":[]}],[{"start":0,"end":7,"url":null,"entity_id":"Q40","candidates":[]}]],[[{"start":0,"end":18,"url":null,"entity_id":"Q1375165","candidates":[]}],[{"start":0,"end":12,"url":null,"entity_id":"Q7349","candidates":[]}],[{"start":0,"end":7,"url":null,"entity_id":"Q40","candidates":[]}]],[[{"start":0,"end":24,"url":null,"entity_id":"Q360607","candidates":[]}],[{"start":0,"end":12,"url":null,"entity_id":"Q352","candidates":[]}],[{"start":0,"end":7,"url":null,"entity_id":"Q40","candidates":[]}]],[[{"start":0,"end":19,"url":null,"entity_id":"Q3327039","candidates":[]}],[{"start":0,"end":23,"url":null,"entity_id":"Q254","candidates":[]}],[{"start":0,"end":7,"url":null,"entity_id":"Q40","candidates":[]}]],[[{"start":0,"end":13,"url":null,"entity_id":"Q244845","candidates":[]}],[{"start":0,"end":16,"url":null,"entity_id":"Q123034","candidates":[]}],[{"start":0,"end":11,"url":null,"entity_id":"Q39","candidates":[]}]],[[{"start":0,"end":25,"url":null,"entity_id":"Q3661345","candidates":[]}],[{"start":0,"end":16,"url":null,"entity_id":"Q2706288","candidates":[]}],[{"start":0,"end":5,"url":null,"entity_id":"Q38","candidates":[]}]],[[{"start":0,"end":35,"url":null,"entity_id":"Q3661342","candidates":[]}],[{"start":0,"end":8,"url":null,"entity_id":"Q207929","candidates":[]}],[{"start":0,"end":5,"url":null,"entity_id":"Q38","candidates":[]}]]]}