{"version":"1.2","table":{"version":"2","table_id":"0HMPUR60","columns":[{"index":0,"name":"col0","values":["Alpilles","Dragoon Mountains","Meili Xue Shan","Massif des Monédières","Sentinel Range","Klamath Mountains","Cardamom Hills","Wind River Range","Sierras de Córdoba","Swabian-Franconian Forest","Wenatchee Mountains","Mount Valin","Methow Mountains","Goda Mountains","Entiat Mountains","Chelan Mountains","Bear River Range","Omineca Mountains","St. Francois Mountains","Skeena Mountains","Massif de l'Étoile","Massif de la Clape","Massive Range","Skagit Range","Sir Winston Churchill Range","Sawback Range","Picket Range","Okanagan Range","Gros Ventre Range","Hozameen Range","Cheam Range","Cassiar Mountains","Bowers Mountains","Waputik Range","Tordrillo Mountains","Khangai Mountains","Sierra de las Minas","Dauphiné Alps","Serra da Estrela","Bow Range","Pirin","Türnitz Alps","High Tatras","Kyffhäuser","Hohe Tauern","Usambara Mountains","Carnic Alps","Allgäu Alps","Koryak Mountains","Swartberg","Catskill Mountains","Lost River Range","South Downs","San Bernardino Mountains","White Mountains","Shackleton Range","Montagne Sainte-Victoire","Alabama Hills"]},{"index":1,"name":"col1","values":["8","35","30","7","48","181","420","30","150","30","94","60","72","30","32","8","52","255","200","150","18","9","16","70","23","34","28","112","70","65","26","410","56","19","60","1350","30","248","30","43","40","30","17","7","50","60","143","177","270","70","102","67","10","41","106","70","8","4"]},{"index":2,"name":"col2","values":["25","40","200","9.5","185","249","367","160","490","60","95","120","90","60","85","64","115","300","100","400","20","17","15","110","31","45","31","158","82","110","43","480","145","19","130","754","130","169","100","34","80","30","26","19","130","110","152","132","880","230","180","130","110","100","157","240","20","18"]},{"index":3,"name":"col3","values":["498","7520","6740","919","4892","9025","2695","4207","2884","586","9415","967","2730","1780","9249","8590","9979","2400","341","2588","779","214","2984","3285","3747","3235","8311","2665","11720","2763","2431","2748","2590","3284","11413","4031","3015","4102","1993","3543","2914.3","1400","2655","1553","3798","2290","698","1009","2562","2325","4180","12662","271","11499","1916","1875","1011","5354"]},{"index":4,"name":"col4","values":["171","921","6000","60","12000","25595","81830","2800","22500","1187","4774","6900","2802","1300","612","477","1615","47893","20000","32846","360","150","144","1718","410","622","547","775","3709","3620","112","62900","12500","235","10000","532385","4300","25405","882.8741","717","2585","1100","341","70","1836","900","9010","13900","225000","112000","15259","1799","670","2063","8910","14000","160","45"]}]},"context":{"page_title":null,"page_url":null,"page_entity_id":null,"content_hierarchy":[]},"links":[[[{"start":0,"end":17,"url":null,"entity_id":"Q1988889","candidates":[]}],[],[],[],[]],[[{"start":0,"end":14,"url":null,"entity_id":"Q1937211","candidates":[]}],[],[],[],[]],[[{"start":0,"end":21,"url":null,"entity_id":"Q1907628","candidates":[]}],[],[],[],[]],[[{"start":0,"end":14,"url":null,"entity_id":"Q1778845","candidates":[]}],[],[],[],[]],[[{"start":0,"end":17,"url":null,"entity_id":"Q1744263","candidates":[]}],[],[],[],[]],[[{"start":0,"end":14,"url":null,"entity_id":"Q1729075","candidates":[]}],[],[],[],[]],[[{"start":0,"end":16,"url":null,"entity_id":"Q1722116","candidates":[]}],[],[],[],[]],[[{"start":0,"end":18,"url":null,"entity_id":"Q1719533","candidates":[]}],[],[],[],[]],[[{"start":0,"end":25,"url":null,"entity_id":"Q1709088","candidates":[]}],[],[],[],[]],[[{"start":0,"end":19,"url":null,"entity_id":"Q3323122","candidates":[]}],[],[],[],[]],[[{"start":0,"end":11,"url":null,"entity_id":"Q3323120","candidates":[]}],[],[],[],[]],[[{"start":0,"end":16,"url":null,"entity_id":"Q3323089","candidates":[]}],[],[],[],[]],[[{"start":0,"end":14,"url":null,"entity_id":"Q3323054","candidates":[]}],[],[],[],[]],[[{"start":0,"end":16,"url":null,"entity_id":"Q3323052","candidates":[]}],[],[],[],[]],[[{"start":0,"end":16,"url":null,"entity_id":"Q3323042","candidates":[]}],[],[],[],[]],[[{"start":0,"end":16,"url":null,"entity_id":"Q3323028","candidates":[]}],[],[],[],[]],[[{"start":0,"end":17,"url":null,"entity_id":"Q3322329","candidates":[]}],[],[],[],[]],[[{"start":0,"end":22,"url":null,"entity_id":"Q3322328","candidates":[]}],[],[],[],[]],[[{"start":0,"end":16,"url":null,"entity_id":"Q3322327","candidates":[]}],[],[],[],[]],[[{"start":0,"end":18,"url":null,"entity_id":"Q3297654","candidates":[]}],[],[],[],[]],[[{"start":0,"end":18,"url":null,"entity_id":"Q3297653","candidates":[]}],[],[],[],[]],[[{"start":0,"end":13,"url":null,"entity_id":"Q3143728","candidates":[]}],[],[],[],[]],[[{"start":0,"end":12,"url":null,"entity_id":"Q2961872","candidates":[]}],[],[],[],[]],[[{"start":0,"end":27,"url":null,"entity_id":"Q2961868","candidates":[]}],[],[],[],[]],[[{"start":0,"end":13,"url":null,"entity_id":"Q2961867","candidates":[]}],[],[],[],[]],[[{"start":0,"end":12,"url":null,"entity_id":"Q2961865","candidates":[]}],[],[],[],[]],[[{"start":0,"end":14,"url":null,"entity_id":"Q2961861","candidates":[]}],[],[],[],[]],[[{"start":0,"end":17,"url":null,"entity_id":"Q2961856","candidates":[]}],[],[],[],[]],[[{"start":0,"end":14,"url":null,"entity_id":"Q2961853","candidates":[]}],[],[],[],[]],[[{"start":0,"end":11,"url":null,"entity_id":"Q2961846","candidates":[]}],[],[],[],[]],[[{"start":0,"end":17,"url":null,"entity_id":"Q2961818","candidates":[]}],[],[],[],[]],[[{"start":0,"end":16,"url":null,"entity_id":"Q2961803","candidates":[]}],[],[],[],[]],[[{"start":0,"end":13,"url":null,"entity_id":"Q2912061","candidates":[]}],[],[],[],[]],[[{"start":0,"end":19,"url":null,"entity_id":"Q828541","candidates":[]}],[],[],[],[]],[[{"start":0,"end":17,"url":null,"entity_id":"Q747843","candidates":[]}],[],[],[],[]],[[{"start":0,"end":19,"url":null,"entity_id":"Q746425","candidates":[]}],[],[],[],[]],[[{"start":0,"end":13,"url":null,"entity_id":"Q743382","candidates":[]}],[],[],[],[]],[[{"start":0,"end":16,"url":null,"entity_id":"Q738004","candidates":[]}],[],[],[],[]],[[{"start":0,"end":9,"url":null,"entity_id":"Q734459","candidates":[]}],[],[],[],[]],[[{"start":0,"end":5,"url":null,"entity_id":"Q726158","candidates":[]}],[],[],[],[]],[[{"start":0,"end":12,"url":null,"entity_id":"Q691932","candidates":[]}],[],[],[],[]],[[{"start":0,"end":11,"url":null,"entity_id":"Q690323","candidates":[]}],[],[],[],[]],[[{"start":0,"end":10,"url":null,"entity_id":"Q682596","candidates":[]}],[],[],[],[]],[[{"start":0,"end":11,"url":null,"entity_id":"Q679359","candidates":[]}],[],[],[],[]],[[{"start":0,"end":18,"url":null,"entity_id":"Q671222","candidates":[]}],[],[],[],[]],[[{"start":0,"end":11,"url":null,"entity_id":"Q660390","candidates":[]}],[],[],[],[]],[[{"start":0,"end":11,"url":null,"entity_id":"Q655747","candidates":[]}],[],[],[],[]],[[{"start":0,"end":16,"url":null,"entity_id":"Q644145","candidates":[]}],[],[],[],[]],[[{"start":0,"end":9,"url":null,"entity_id":"Q639193","candidates":[]}],[],[],[],[]],[[{"start":0,"end":18,"url":null,"entity_id":"Q630566","candidates":[]}],[],[],[],[]],[[{"start":0,"end":16,"url":null,"entity_id":"Q592208","candidates":[]}],[],[],[],[]],[[{"start":0,"end":11,"url":null,"entity_id":"Q584108","candidates":[]}],[],[],[],[]],[[{"start":0,"end":24,"url":null,"entity_id":"Q1577959","candidates":[]}],[],[],[],[]],[[{"start":0,"end":15,"url":null,"entity_id":"Q1556007","candidates":[]}],[],[],[],[]],[[{"start":0,"end":16,"url":null,"entity_id":"Q1550766","candidates":[]}],[],[],[],[]],[[{"start":0,"end":24,"url":null,"entity_id":"Q1518970","candidates":[]}],[],[],[],[]],[[{"start":0,"end":13,"url":null,"entity_id":"Q1505269","candidates":[]}],[],[],[],[]],[[{"start":0,"end":8,"url":null,"entity_id":"Q2107098","candidates":[]}],[],[],[],[]]]}