{"version":"1.2","table":{"version":"2","table_id":"0I3IYH0F","columns":[{"index":0,"name":"col0","values":["tungsten-197","tungsten-196","tungsten-195","tungsten-194","tungsten-193","tungsten-157","tungsten-192","tungsten-191","tungsten-190","tungsten-189","tungsten-188","tungsten-187","tungsten-186","tungsten-185","tungsten-184","tungsten-183","tungsten-182","tungsten-181","tungsten-180","tungsten-179"]},{"index":1,"name":"col1","values":["196.983747","195.979731","194.977445","193.97367","192.97178","156.979098","191.96817","190.966531","189.963089066","188.961763","187.958488395","186.957161323","185.954365215","184.953421286","183.95093326","182.950223","181.948205721","180.948218863","179.946713435","178.947079501"]},{"index":2,"name":"col2","values":["tungsten","tungsten","tungsten","tungsten","tungsten","tungsten","tungsten","tungsten","tungsten","tungsten","tungsten","tungsten","tungsten","tungsten","tungsten","tungsten","tungsten","tungsten","tungsten","tungsten"]}]},"context":{"page_title":null,"page_url":null,"page_entity_id":null,"content_hierarchy":[]},"links":[[[{"start":0,"end":12,"url":null,"entity_id":"Q47457238","candidates":[]}],[],[{"start":0,"end":8,"url":null,"entity_id":"Q743","candidates":[]}]],[[{"start":0,"end":12,"url":null,"entity_id":"Q47457235","candidates":[]}],[],[{"start":0,"end":8,"url":null,"entity_id":"Q743","candidates":[]}]],[[{"start":0,"end":12,"url":null,"entity_id":"Q47457233","candidates":[]}],[],[{"start":0,"end":8,"url":null,"entity_id":"Q743","candidates":[]}]],[[{"start":0,"end":12,"url":null,"entity_id":"Q47457230","candidates":[]}],[],[{"start":0,"end":8,"url":null,"entity_id":"Q743","candidates":[]}]],[[{"start":0,"end":12,"url":null,"entity_id":"Q47457227","candidates":[]}],[],[{"start":0,"end":8,"url":null,"entity_id":"Q743","candidates":[]}]],[[{"start":0,"end":12,"url":null,"entity_id":"Q47456936","candidates":[]}],[],[{"start":0,"end":8,"url":null,"entity_id":"Q743","candidates":[]}]],[[{"start":0,"end":12,"url":null,"entity_id":"Q18882881","candidates":[]}],[],[{"start":0,"end":8,"url":null,"entity_id":"Q743","candidates":[]}]],[[{"start":0,"end":12,"url":null,"entity_id":"Q18882880","candidates":[]}],[],[{"start":0,"end":8,"url":null,"entity_id":"Q743","candidates":[]}]],[[{"start":0,"end":12,"url":null,"entity_id":"Q18882878","candidates":[]}],[],[{"start":0,"end":8,"url":null,"entity_id":"Q743","candidates":[]}]],[[{"start":0,"end":12,"url":null,"entity_id":"Q18882877","candidates":[]}],[],[{"start":0,"end":8,"url":null,"entity_id":"Q743","candidates":[]}]],[[{"start":0,"end":12,"url":null,"entity_id":"Q18882876","candidates":[]}],[],[{"start":0,"end":8,"url":null,"entity_id":"Q743","candidates":[]}]],[[{"start":0,"end":12,"url":null,"entity_id":"Q18882875","candidates":[]}],[],[{"start":0,"end":8,"url":null,"entity_id":"Q743","candidates":[]}]],[[{"start":0,"end":12,"url":null,"entity_id":"Q18882871","candidates":[]}],[],[{"start":0,"end":8,"url":null,"entity_id":"Q743","candidates":[]}]],[[{"start":0,"end":12,"url":null,"entity_id":"Q18882869","candidates":[]}],[],[{"start":0,"end":8,"url":null,"entity_id":"Q743","candidates":[]}]],[[{"start":0,"end":12,"url":null,"entity_id":"Q18882868","candidates":[]}],[],[{"start":0,"end":8,"url":null,"entity_id":"Q743","candidates":[]}]],[[{"start":0,"end":12,"url":null,"entity_id":"Q18882866","candidates":[]}],[],[{"start":0,"end":8,"url":null,"entity_id":"Q743","candidates":[]}]],[[{"start":0,"end":12,"url":null,"entity_id":"Q18882864","candidates":[]}],[],[{"start":0,"end":8,"url":null,"entity_id":"Q743","candidates":[]}]],[[{"start":0,"end":12,"url":null,"entity_id":"Q18882862","candidates":[]}],[],[{"start":0,"end":8,"url":null,"entity_id":"Q743","candidates":[]}]],[[{"start":0,"end":12,"url":null,"entity_id":"Q18882857","candidates":[]}],[],[{"start":0,"end":8,"url":null,"entity_id":"Q743","candidates":[]}]],[[{"start":0,"end":12,"url":null,"entity_id":"Q18882852","candidates":[]}],[],[{"start":0,"end":8,"url":null,"entity_id":"Q743","candidates":[]}]]]}