{"version":"1.2","table":{"version":"2","table_id":"0I6T32T5","columns":[{"index":0,"name":"col0","values":["Costumes from the Golde Age of Hollywood","Birt of the Gothic Sculpture","Patrce Chéreau à l’œuvre","The van Herck Collection: Terracotta’s from the 17th and 18th Ceturies","Trner Opere della Tate","Verzameling van het Museup van Hedendaagse Kunst Gent","line & colour in rawing","Joseph euys","The Strange Taes of Niels Hansen Jaobsen - A Dane in Paris","Tolkien, Journey to Middle-eauth","The Loves of Mercury and Herse. A Tapestry Series by Willem de Pannemaer","Édouard Bénédicus. Show in colors","Lyon capitale du\"rock - 1978-1983","Night","Exhibiion Mitomania - MArTA","Crllection Stuy III: Art in Europe afer 1968","Richard Cldrich","Jnny Holzer","Berlin – Fity of Women","Caaletto. Bernard Bellotto paints Europe"]},{"index":1,"name":"col1","values":["costume design","Gothic sculpture","Patrice Chéreau","Collection Van Herck","J. M. W. Turner","Museum for Contemporary Art","The Jos Knaepen Collection","Joseph Beuys","Niels Hansen Jacobsen","J. R. R. Tolkien","The Story of Mercury and Herse","Édouard Bénédictus","Lyon","night","Exhibition Mitomania - MArTA","Art in Europe after '68","Richard Aldrich","Jenny Holzer","artist","Bernardo Bellotto"]},{"index":2,"name":"col2","values":["Australia","France","France","Netherlands","Italy","Belgium","Belgium","Belgium","France","France","Spain","France","France","Luxembourg","Italy","Belgium","Belgium","Switzerland","Germany","Germany"]}]},"context":{"page_title":null,"page_url":null,"page_entity_id":null,"content_hierarchy":[]},"links":[[[{"start":0,"end":28,"url":null,"entity_id":"Q60521462","candidates":[]}],[{"start":0,"end":16,"url":null,"entity_id":"Q1277524","candidates":[]}],[{"start":0,"end":6,"url":null,"entity_id":"Q142","candidates":[]}]],[[{"start":0,"end":24,"url":null,"entity_id":"Q59924773","candidates":[]}],[{"start":0,"end":15,"url":null,"entity_id":"Q366057","candidates":[]}],[{"start":0,"end":6,"url":null,"entity_id":"Q142","candidates":[]}]],[[{"start":0,"end":70,"url":null,"entity_id":"Q58072173","candidates":[]}],[{"start":0,"end":20,"url":null,"entity_id":"Q58072385","candidates":[]}],[{"start":0,"end":11,"url":null,"entity_id":"Q55","candidates":[]}]],[[{"start":0,"end":22,"url":null,"entity_id":"Q56247947","candidates":[]}],[{"start":0,"end":15,"url":null,"entity_id":"Q159758","candidates":[]}],[{"start":0,"end":5,"url":null,"entity_id":"Q38","candidates":[]}]],[[{"start":0,"end":53,"url":null,"entity_id":"Q56229502","candidates":[]}],[{"start":0,"end":27,"url":null,"entity_id":"Q54553387","candidates":[]}],[{"start":0,"end":7,"url":null,"entity_id":"Q31","candidates":[]}]],[[{"start":0,"end":23,"url":null,"entity_id":"Q59281984","candidates":[]}],[{"start":0,"end":26,"url":null,"entity_id":"Q19831510","candidates":[]}],[{"start":0,"end":7,"url":null,"entity_id":"Q31","candidates":[]}]],[[{"start":0,"end":11,"url":null,"entity_id":"Q56229019","candidates":[]}],[{"start":0,"end":12,"url":null,"entity_id":"Q153965","candidates":[]}],[{"start":0,"end":7,"url":null,"entity_id":"Q31","candidates":[]}]],[[{"start":0,"end":58,"url":null,"entity_id":"Q84249279","candidates":[]}],[{"start":0,"end":21,"url":null,"entity_id":"Q3365011","candidates":[]}],[{"start":0,"end":6,"url":null,"entity_id":"Q142","candidates":[]}]],[[{"start":0,"end":32,"url":null,"entity_id":"Q83608426","candidates":[]}],[{"start":0,"end":16,"url":null,"entity_id":"Q892","candidates":[]}],[{"start":0,"end":6,"url":null,"entity_id":"Q142","candidates":[]}]],[[{"start":0,"end":72,"url":null,"entity_id":"Q85632514","candidates":[]}],[{"start":0,"end":30,"url":null,"entity_id":"Q85632565","candidates":[]}],[{"start":0,"end":5,"url":null,"entity_id":"Q29","candidates":[]}]],[[{"start":0,"end":33,"url":null,"entity_id":"Q63185812","candidates":[]}],[{"start":0,"end":18,"url":null,"entity_id":"Q274255","candidates":[]}],[{"start":0,"end":6,"url":null,"entity_id":"Q142","candidates":[]}]],[[{"start":0,"end":33,"url":null,"entity_id":"Q64827500","candidates":[]}],[{"start":0,"end":4,"url":null,"entity_id":"Q456","candidates":[]}],[{"start":0,"end":6,"url":null,"entity_id":"Q142","candidates":[]}]],[[{"start":0,"end":5,"url":null,"entity_id":"Q76331680","candidates":[]}],[{"start":0,"end":5,"url":null,"entity_id":"Q575","candidates":[]}],[{"start":0,"end":10,"url":null,"entity_id":"Q32","candidates":[]}]],[[{"start":0,"end":27,"url":null,"entity_id":"Q69153791","candidates":[]}],[{"start":0,"end":28,"url":null,"entity_id":"Q69153791","candidates":[]}],[{"start":0,"end":5,"url":null,"entity_id":"Q38","candidates":[]}]],[[{"start":0,"end":44,"url":null,"entity_id":"Q55371828","candidates":[]}],[{"start":0,"end":23,"url":null,"entity_id":"Q56229026","candidates":[]}],[{"start":0,"end":7,"url":null,"entity_id":"Q31","candidates":[]}]],[[{"start":0,"end":15,"url":null,"entity_id":"Q55366520","candidates":[]}],[{"start":0,"end":15,"url":null,"entity_id":"Q7323664","candidates":[]}],[{"start":0,"end":7,"url":null,"entity_id":"Q31","candidates":[]}]],[[{"start":0,"end":11,"url":null,"entity_id":"Q55352495","candidates":[]}],[{"start":0,"end":12,"url":null,"entity_id":"Q270388","candidates":[]}],[{"start":0,"end":11,"url":null,"entity_id":"Q39","candidates":[]}]],[[{"start":0,"end":22,"url":null,"entity_id":"Q30156502","candidates":[]}],[{"start":0,"end":6,"url":null,"entity_id":"Q483501","candidates":[]}],[{"start":0,"end":7,"url":null,"entity_id":"Q183","candidates":[]}]],[[{"start":0,"end":40,"url":null,"entity_id":"Q33321608","candidates":[]}],[{"start":0,"end":17,"url":null,"entity_id":"Q164688","candidates":[]}],[{"start":0,"end":7,"url":null,"entity_id":"Q183","candidates":[]}]],[[{"start":0,"end":40,"url":null,"entity_id":"Q59506049","candidates":[]}],[{"start":0,"end":14,"url":null,"entity_id":"Q17351863","candidates":[]}],[{"start":0,"end":9,"url":null,"entity_id":"Q408","candidates":[]}]]]}