{"version":"1.2","table":{"version":"2","table_id":"0II2ZK2E","columns":[{"index":0,"name":"col0","values":["Hombetsu Station","Higashi Shimotsui Station","Matsumine Station","Numanosawa Station","East Suka Station","Kawagoe Station","Higashi-Sapporo Station","Hama-Otaru Station","San-ya Station","Sapporo Shijō Station","Ambarawa Railway Museum","Alberton railway station","Asagishi Station","Jieitai-Mae Station","Oslo West Station","Zevenaar GOLS railway station","Maulusmuhle railway station","Stillewald Halt","Lintelo Halt","Doetinchem West railway station"]},{"index":1,"name":"col1","values":["Furusato Ginga Line","Shimotsui Dentetsu Line","Hanaoka line","Sekishō Line","Meitetsu Takehana Line","Kintetsu Nagoya Line","Hakodate Main Line","Hakodate Main Line","Odakyū Odawara Line","Hakodate Main Line","Kedungjati–Secang railway","South Gippsland railway line","Yamada Line","Namboku Line","Drammen Line","Winterswijk–Zevenaar railway","CFL Line 10","Winterswijk–Zevenaar railway","Winterswijk–Zevenaar railway","Winterswijk–Zevenaar railway"]},{"index":2,"name":"col2","values":["Japan","Japan","Japan","Japan","Japan","Japan","Japan","Japan","Japan","Japan","Indonesia","Australia","Japan","Japan","Norway","Netherlands","Luxembourg","Netherlands","Netherlands","Netherlands"]},{"index":3,"name":"col3","values":["Sembiri Station","Shimotsui Station","Ōdate Station","Shin-Yūbari Station","Nishi-Kasamatsu Station","Ise-Asahi Station","Shiroishi Station","Otaru-Chikkō Station","Sangūbashi Station","Sōen Station","Jambu railway station","Port Albert railway station","Kuzakai Station","Sumikawa Station","Skarpsno Station","Didam railway station","Clervaux railway station","Wehl railway station","Aalten railway station","Doetinchem railway station"]}]},"context":{"page_title":null,"page_url":null,"page_entity_id":null,"content_hierarchy":[]},"links":[[[{"start":0,"end":16,"url":null,"entity_id":"Q11519872","candidates":[]}],[{"start":0,"end":19,"url":null,"entity_id":"Q5509814","candidates":[]}],[{"start":0,"end":5,"url":null,"entity_id":"Q17","candidates":[]}],[{"start":0,"end":15,"url":null,"entity_id":"Q11378192","candidates":[]}]],[[{"start":0,"end":25,"url":null,"entity_id":"Q11523873","candidates":[]}],[{"start":0,"end":23,"url":null,"entity_id":"Q11361101","candidates":[]}],[{"start":0,"end":5,"url":null,"entity_id":"Q17","candidates":[]}],[{"start":0,"end":17,"url":null,"entity_id":"Q11361102","candidates":[]}]],[[{"start":0,"end":17,"url":null,"entity_id":"Q11530089","candidates":[]}],[{"start":0,"end":12,"url":null,"entity_id":"Q11414608","candidates":[]}],[{"start":0,"end":5,"url":null,"entity_id":"Q17","candidates":[]}],[{"start":0,"end":13,"url":null,"entity_id":"Q8081437","candidates":[]}]],[[{"start":0,"end":18,"url":null,"entity_id":"Q11554434","candidates":[]}],[{"start":0,"end":12,"url":null,"entity_id":"Q1136178","candidates":[]}],[{"start":0,"end":5,"url":null,"entity_id":"Q17","candidates":[]}],[{"start":0,"end":19,"url":null,"entity_id":"Q7497148","candidates":[]}]],[[{"start":0,"end":17,"url":null,"entity_id":"Q11528745","candidates":[]}],[{"start":0,"end":22,"url":null,"entity_id":"Q901442","candidates":[]}],[{"start":0,"end":5,"url":null,"entity_id":"Q17","candidates":[]}],[{"start":0,"end":23,"url":null,"entity_id":"Q7040360","candidates":[]}]],[[{"start":0,"end":15,"url":null,"entity_id":"Q11479278","candidates":[]}],[{"start":0,"end":20,"url":null,"entity_id":"Q1056563","candidates":[]}],[{"start":0,"end":5,"url":null,"entity_id":"Q17","candidates":[]}],[{"start":0,"end":17,"url":null,"entity_id":"Q6079506","candidates":[]}]],[[{"start":0,"end":23,"url":null,"entity_id":"Q11527281","candidates":[]}],[{"start":0,"end":18,"url":null,"entity_id":"Q1151119","candidates":[]}],[{"start":0,"end":5,"url":null,"entity_id":"Q17","candidates":[]}],[{"start":0,"end":17,"url":null,"entity_id":"Q1055580","candidates":[]}]],[[{"start":0,"end":18,"url":null,"entity_id":"Q11557639","candidates":[]}],[{"start":0,"end":18,"url":null,"entity_id":"Q1151119","candidates":[]}],[{"start":0,"end":5,"url":null,"entity_id":"Q17","candidates":[]}],[{"start":0,"end":20,"url":null,"entity_id":"Q1045805","candidates":[]}]],[[{"start":0,"end":14,"url":null,"entity_id":"Q11470937","candidates":[]}],[{"start":0,"end":19,"url":null,"entity_id":"Q135176","candidates":[]}],[{"start":0,"end":5,"url":null,"entity_id":"Q17","candidates":[]}],[{"start":0,"end":18,"url":null,"entity_id":"Q1010020","candidates":[]}]],[[{"start":0,"end":21,"url":null,"entity_id":"Q11521261","candidates":[]}],[{"start":0,"end":18,"url":null,"entity_id":"Q1151119","candidates":[]}],[{"start":0,"end":5,"url":null,"entity_id":"Q17","candidates":[]}],[{"start":0,"end":12,"url":null,"entity_id":"Q589441","candidates":[]}]],[[{"start":0,"end":23,"url":null,"entity_id":"Q1311742","candidates":[]}],[{"start":0,"end":25,"url":null,"entity_id":"Q12487103","candidates":[]}],[{"start":0,"end":9,"url":null,"entity_id":"Q252","candidates":[]}],[{"start":0,"end":21,"url":null,"entity_id":"Q12516263","candidates":[]}]],[[{"start":0,"end":24,"url":null,"entity_id":"Q4712268","candidates":[]}],[{"start":0,"end":28,"url":null,"entity_id":"Q7567359","candidates":[]}],[{"start":0,"end":9,"url":null,"entity_id":"Q408","candidates":[]}],[{"start":0,"end":27,"url":null,"entity_id":"Q7230464","candidates":[]}]],[[{"start":0,"end":16,"url":null,"entity_id":"Q4803325","candidates":[]}],[{"start":0,"end":11,"url":null,"entity_id":"Q1056040","candidates":[]}],[{"start":0,"end":5,"url":null,"entity_id":"Q17","candidates":[]}],[{"start":0,"end":15,"url":null,"entity_id":"Q6449153","candidates":[]}]],[[{"start":0,"end":19,"url":null,"entity_id":"Q1305842","candidates":[]}],[{"start":0,"end":12,"url":null,"entity_id":"Q843793","candidates":[]}],[{"start":0,"end":5,"url":null,"entity_id":"Q17","candidates":[]}],[{"start":0,"end":16,"url":null,"entity_id":"Q3563679","candidates":[]}]],[[{"start":0,"end":17,"url":null,"entity_id":"Q1503126","candidates":[]}],[{"start":0,"end":12,"url":null,"entity_id":"Q1255744","candidates":[]}],[{"start":0,"end":6,"url":null,"entity_id":"Q20","candidates":[]}],[{"start":0,"end":16,"url":null,"entity_id":"Q3437023","candidates":[]}]],[[{"start":0,"end":29,"url":null,"entity_id":"Q2171723","candidates":[]}],[{"start":0,"end":28,"url":null,"entity_id":"Q2673790","candidates":[]}],[{"start":0,"end":11,"url":null,"entity_id":"Q55","candidates":[]}],[{"start":0,"end":21,"url":null,"entity_id":"Q2778847","candidates":[]}]],[[{"start":0,"end":27,"url":null,"entity_id":"Q2046656","candidates":[]}],[{"start":0,"end":11,"url":null,"entity_id":"Q802704","candidates":[]}],[{"start":0,"end":10,"url":null,"entity_id":"Q32","candidates":[]}],[{"start":0,"end":24,"url":null,"entity_id":"Q2542828","candidates":[]}]],[[{"start":0,"end":15,"url":null,"entity_id":"Q2711616","candidates":[]}],[{"start":0,"end":28,"url":null,"entity_id":"Q2673790","candidates":[]}],[{"start":0,"end":11,"url":null,"entity_id":"Q55","candidates":[]}],[{"start":0,"end":20,"url":null,"entity_id":"Q2535239","candidates":[]}]],[[{"start":0,"end":12,"url":null,"entity_id":"Q2298023","candidates":[]}],[{"start":0,"end":28,"url":null,"entity_id":"Q2673790","candidates":[]}],[{"start":0,"end":11,"url":null,"entity_id":"Q55","candidates":[]}],[{"start":0,"end":22,"url":null,"entity_id":"Q2351304","candidates":[]}]],[[{"start":0,"end":31,"url":null,"entity_id":"Q2123072","candidates":[]}],[{"start":0,"end":28,"url":null,"entity_id":"Q2673790","candidates":[]}],[{"start":0,"end":11,"url":null,"entity_id":"Q55","candidates":[]}],[{"start":0,"end":26,"url":null,"entity_id":"Q2332128","candidates":[]}]]]}