{"version":"1.2","table":{"version":"2","table_id":"0IUSS6UH","columns":[{"index":0,"name":"col0","values":["Estonic","Icelnd","Blarus","Germay","Rusvi","Uqited Kingdom","Frdnce","Urwguay","Potugal","Greefe","Austsia","Italy","Mithuania","Denmatk","Sween","Finlapd","Bemgum","Spain","Hunary","Irelcnd"]},{"index":1,"name":"col1","values":["19.9","24.240000000000002","20.2","19.057","20.099999999999998","19.82","19.82","22.176000000000002","22.839","24.240000000000002","19.84","21.89","21.126","25.0","24.875","23.759999999999998","21.168","20.811","26.973","23.0"]},{"index":2,"name":"col2","values":["30160440000.0","23885380688.607517","54224604875.01936","3710536081944.5894","1575946621817.2068","2638168563361.785","2564423798065.905","56718541879.27276","215612943298.57608","201690295068.94125","415762475063.8427","1942537129160.9753","47592818477.830086","326821200620.3138","538578498675.2139","252136772860.73874","489232514067.90326","1323121895655.6338","138578489639.25684","330393457125.4482"]},{"index":3,"name":"col3","values":["45202.983","102797.992","206770.09499506798","355970.4","17090940.618","244192.87464155798","648307.607","175862.57","92857.484","130637.43","84550.02192","301036.662","64712.3","43268.86368","123803.275","335716.98496000003","30589.056","505990.0","93755.49119999999","70413.546"]}]},"context":{"page_title":null,"page_url":null,"page_entity_id":null,"content_hierarchy":[]},"links":[[[{"start":0,"end":7,"url":null,"entity_id":"Q191","candidates":[]}],[],[],[]],[[{"start":0,"end":6,"url":null,"entity_id":"Q189","candidates":[]}],[],[],[]],[[{"start":0,"end":6,"url":null,"entity_id":"Q184","candidates":[]}],[],[],[]],[[{"start":0,"end":6,"url":null,"entity_id":"Q183","candidates":[]}],[],[],[]],[[{"start":0,"end":5,"url":null,"entity_id":"Q159","candidates":[]}],[],[],[]],[[{"start":0,"end":14,"url":null,"entity_id":"Q145","candidates":[]}],[],[],[]],[[{"start":0,"end":6,"url":null,"entity_id":"Q142","candidates":[]}],[],[],[]],[[{"start":0,"end":7,"url":null,"entity_id":"Q77","candidates":[]}],[],[],[]],[[{"start":0,"end":7,"url":null,"entity_id":"Q45","candidates":[]}],[],[],[]],[[{"start":0,"end":6,"url":null,"entity_id":"Q41","candidates":[]}],[],[],[]],[[{"start":0,"end":7,"url":null,"entity_id":"Q40","candidates":[]}],[],[],[]],[[{"start":0,"end":5,"url":null,"entity_id":"Q38","candidates":[]}],[],[],[]],[[{"start":0,"end":9,"url":null,"entity_id":"Q37","candidates":[]}],[],[],[]],[[{"start":0,"end":7,"url":null,"entity_id":"Q35","candidates":[]}],[],[],[]],[[{"start":0,"end":5,"url":null,"entity_id":"Q34","candidates":[]}],[],[],[]],[[{"start":0,"end":7,"url":null,"entity_id":"Q33","candidates":[]}],[],[],[]],[[{"start":0,"end":6,"url":null,"entity_id":"Q31","candidates":[]}],[],[],[]],[[{"start":0,"end":5,"url":null,"entity_id":"Q29","candidates":[]}],[],[],[]],[[{"start":0,"end":6,"url":null,"entity_id":"Q28","candidates":[]}],[],[],[]],[[{"start":0,"end":7,"url":null,"entity_id":"Q27","candidates":[]}],[],[],[]]]}