{"version":"1.2","table":{"version":"2","table_id":"0J9OH8OO","columns":[{"index":0,"name":"col0","values":["2020 Tour Down Under, Stage 5","2019 Tour of Almaty, stage 2","2019 Volta a Portugal, stage 5","2020 Vuelta a España, stage 4","2020 Tour du Rwanda, stage 2","2020 Giro d'Italia, stage 6","2019 Tour of Utah, stage 1","2019 Tour of Utah, stage 3","2020 Tour de Taiwan, stage 3","2019 Volta a Portugal, stage 1","2020 Tour Colombia, stage 5","2019 Tour of Fuzhou, stage 4","2019 Tour of Iran, stage 5","2019 Okolo Slovenska, stage 2","2020 Volta a Catalunya, Stage 5","2020 Volta a Catalunya, Stage 1","Stage 2 of Vuelta a Murcia 2020","2019 Tour d'Indonesia, stage 2","Stage 4 of Vuelta a Andalucía 2020","2019 Vuelta a Venezuela, stage 4"]},{"index":1,"name":"col1","values":["road bicycle racing","road bicycle racing","road bicycle racing","road bicycle racing","road bicycle racing","road bicycle racing","road bicycle racing","road bicycle racing","road bicycle racing","road bicycle racing","road bicycle racing","road bicycle racing","road bicycle racing","road bicycle racing","road bicycle racing","road bicycle racing","road bicycle racing","road bicycle racing","road bicycle racing","road bicycle racing"]},{"index":2,"name":"col2","values":["Victor Harbor","Medeo","Guarda","Arrate","Butare","Villafranca Tirrena","North Logan","North Salt Lake","Taichung","Leiria","Zipaquirá","Lianjiang County","Tabriz","Ružomberok","Manresa","Calella","Murcia","Batu","Granada","Barquisimeto"]}]},"context":{"page_title":null,"page_url":null,"page_entity_id":null,"content_hierarchy":[]},"links":[[[{"start":0,"end":28,"url":null,"entity_id":"Q66717339","candidates":[]}],[{"start":0,"end":19,"url":null,"entity_id":"Q3609","candidates":[]}],[{"start":0,"end":5,"url":null,"entity_id":"Q864796","candidates":[]}]],[[{"start":0,"end":30,"url":null,"entity_id":"Q66118372","candidates":[]}],[{"start":0,"end":19,"url":null,"entity_id":"Q3609","candidates":[]}],[{"start":0,"end":6,"url":null,"entity_id":"Q750594","candidates":[]}]],[[{"start":0,"end":29,"url":null,"entity_id":"Q81096637","candidates":[]}],[{"start":0,"end":19,"url":null,"entity_id":"Q3609","candidates":[]}],[{"start":0,"end":6,"url":null,"entity_id":"Q699291","candidates":[]}]],[[{"start":0,"end":28,"url":null,"entity_id":"Q81741338","candidates":[]}],[{"start":0,"end":19,"url":null,"entity_id":"Q3609","candidates":[]}],[{"start":0,"end":6,"url":null,"entity_id":"Q509739","candidates":[]}]],[[{"start":0,"end":27,"url":null,"entity_id":"Q79296056","candidates":[]}],[{"start":0,"end":19,"url":null,"entity_id":"Q3609","candidates":[]}],[{"start":0,"end":19,"url":null,"entity_id":"Q494805","candidates":[]}]],[[{"start":0,"end":26,"url":null,"entity_id":"Q65665896","candidates":[]}],[{"start":0,"end":19,"url":null,"entity_id":"Q3609","candidates":[]}],[{"start":0,"end":11,"url":null,"entity_id":"Q482954","candidates":[]}]],[[{"start":0,"end":26,"url":null,"entity_id":"Q65665898","candidates":[]}],[{"start":0,"end":19,"url":null,"entity_id":"Q3609","candidates":[]}],[{"start":0,"end":15,"url":null,"entity_id":"Q482763","candidates":[]}]],[[{"start":0,"end":28,"url":null,"entity_id":"Q85744364","candidates":[]}],[{"start":0,"end":19,"url":null,"entity_id":"Q3609","candidates":[]}],[{"start":0,"end":8,"url":null,"entity_id":"Q245023","candidates":[]}]],[[{"start":0,"end":30,"url":null,"entity_id":"Q66118368","candidates":[]}],[{"start":0,"end":19,"url":null,"entity_id":"Q3609","candidates":[]}],[{"start":0,"end":6,"url":null,"entity_id":"Q206933","candidates":[]}]],[[{"start":0,"end":27,"url":null,"entity_id":"Q70155593","candidates":[]}],[{"start":0,"end":19,"url":null,"entity_id":"Q3609","candidates":[]}],[{"start":0,"end":9,"url":null,"entity_id":"Q205429","candidates":[]}]],[[{"start":0,"end":28,"url":null,"entity_id":"Q74774162","candidates":[]}],[{"start":0,"end":19,"url":null,"entity_id":"Q3609","candidates":[]}],[{"start":0,"end":16,"url":null,"entity_id":"Q204827","candidates":[]}]],[[{"start":0,"end":26,"url":null,"entity_id":"Q69718392","candidates":[]}],[{"start":0,"end":19,"url":null,"entity_id":"Q3609","candidates":[]}],[{"start":0,"end":6,"url":null,"entity_id":"Q80053","candidates":[]}]],[[{"start":0,"end":29,"url":null,"entity_id":"Q68091618","candidates":[]}],[{"start":0,"end":19,"url":null,"entity_id":"Q3609","candidates":[]}],[{"start":0,"end":10,"url":null,"entity_id":"Q27541","candidates":[]}]],[[{"start":0,"end":31,"url":null,"entity_id":"Q81911235","candidates":[]}],[{"start":0,"end":19,"url":null,"entity_id":"Q3609","candidates":[]}],[{"start":0,"end":7,"url":null,"entity_id":"Q16697","candidates":[]}]],[[{"start":0,"end":31,"url":null,"entity_id":"Q81911151","candidates":[]}],[{"start":0,"end":19,"url":null,"entity_id":"Q3609","candidates":[]}],[{"start":0,"end":7,"url":null,"entity_id":"Q12540","candidates":[]}]],[[{"start":0,"end":31,"url":null,"entity_id":"Q84981237","candidates":[]}],[{"start":0,"end":19,"url":null,"entity_id":"Q3609","candidates":[]}],[{"start":0,"end":6,"url":null,"entity_id":"Q12225","candidates":[]}]],[[{"start":0,"end":30,"url":null,"entity_id":"Q66363387","candidates":[]}],[{"start":0,"end":19,"url":null,"entity_id":"Q3609","candidates":[]}],[{"start":0,"end":4,"url":null,"entity_id":"Q11434","candidates":[]}]],[[{"start":0,"end":34,"url":null,"entity_id":"Q85406677","candidates":[]}],[{"start":0,"end":19,"url":null,"entity_id":"Q3609","candidates":[]}],[{"start":0,"end":7,"url":null,"entity_id":"Q8810","candidates":[]}]],[[{"start":0,"end":32,"url":null,"entity_id":"Q66140094","candidates":[]}],[{"start":0,"end":19,"url":null,"entity_id":"Q3609","candidates":[]}],[{"start":0,"end":12,"url":null,"entity_id":"Q4709","candidates":[]}]],[[{"start":0,"end":29,"url":null,"entity_id":"Q80578171","candidates":[]}],[{"start":0,"end":19,"url":null,"entity_id":"Q3609","candidates":[]}],[{"start":0,"end":13,"url":null,"entity_id":"Q1015796","candidates":[]}]]]}