{"version":"1.2","table":{"version":"2","table_id":"0JSE9VIO","columns":[{"index":0,"name":"col0","values":["South of 8","Barbarella XXX: An Axel Braun Parody","The Hunger Games: Mockingjay – Part 1","Dante's Inferno","Dracula's Daughter","Dracula 2000","The Legend of the 7 Golden Vampires","Count Dracula","Nosferatu the Vampyre","Dracula","Dumbo","Cloud Atlas","Ram Rajya","Lanka Dahan","Raavanan","Sri Rama Rajyam","The Abyss","Such a Long Journey","The Lion King","The Trial"]},{"index":1,"name":"col1","values":["color","color","color","black-and-white","black-and-white","color","color","color","color","black-and-white","color","color","black-and-white","black-and-white","color","color","color","color","color","black-and-white"]},{"index":2,"name":"col2","values":["action film","pornographic film","drama film","drama film","horror film","action film","fantasy film","drama film","drama film","drama film","fantasy film","drama film","musical film","silent film","drama film","drama film","drama film","film based on literature","computer-animated film","trial film"]},{"index":3,"name":"col3","values":["The Good, the Bad and the Ugly","Barbarella","Mockingjay","The Divine Comedy","Dracula","Dracula","Dracula","Dracula","Dracula","Dracula","Dumbo","Cloud Atlas","Ramayana","Ramayana","Ramayana","Ramayana","The Abyss","Such a Long Journey","The Lion King","The Trial"]}]},"context":{"page_title":null,"page_url":null,"page_entity_id":null,"content_hierarchy":[]},"links":[[[{"start":0,"end":10,"url":null,"entity_id":"Q27536704","candidates":[]}],[{"start":0,"end":5,"url":null,"entity_id":"Q22006653","candidates":[]}],[{"start":0,"end":11,"url":null,"entity_id":"Q188473","candidates":[]}],[{"start":0,"end":30,"url":null,"entity_id":"Q41483","candidates":[]}]],[[{"start":0,"end":36,"url":null,"entity_id":"Q20181139","candidates":[]}],[{"start":0,"end":5,"url":null,"entity_id":"Q22006653","candidates":[]}],[{"start":0,"end":17,"url":null,"entity_id":"Q185529","candidates":[]}],[{"start":0,"end":10,"url":null,"entity_id":"Q41132","candidates":[]}]],[[{"start":0,"end":37,"url":null,"entity_id":"Q4142083","candidates":[]}],[{"start":0,"end":5,"url":null,"entity_id":"Q22006653","candidates":[]}],[{"start":0,"end":10,"url":null,"entity_id":"Q130232","candidates":[]}],[{"start":0,"end":10,"url":null,"entity_id":"Q40354","candidates":[]}]],[[{"start":0,"end":15,"url":null,"entity_id":"Q1130910","candidates":[]}],[{"start":0,"end":15,"url":null,"entity_id":"Q838368","candidates":[]}],[{"start":0,"end":10,"url":null,"entity_id":"Q130232","candidates":[]}],[{"start":0,"end":17,"url":null,"entity_id":"Q40185","candidates":[]}]],[[{"start":0,"end":18,"url":null,"entity_id":"Q282276","candidates":[]}],[{"start":0,"end":15,"url":null,"entity_id":"Q838368","candidates":[]}],[{"start":0,"end":11,"url":null,"entity_id":"Q200092","candidates":[]}],[{"start":0,"end":7,"url":null,"entity_id":"Q41542","candidates":[]}]],[[{"start":0,"end":12,"url":null,"entity_id":"Q484987","candidates":[]}],[{"start":0,"end":5,"url":null,"entity_id":"Q22006653","candidates":[]}],[{"start":0,"end":11,"url":null,"entity_id":"Q188473","candidates":[]}],[{"start":0,"end":7,"url":null,"entity_id":"Q41542","candidates":[]}]],[[{"start":0,"end":35,"url":null,"entity_id":"Q131842","candidates":[]}],[{"start":0,"end":5,"url":null,"entity_id":"Q22006653","candidates":[]}],[{"start":0,"end":12,"url":null,"entity_id":"Q157394","candidates":[]}],[{"start":0,"end":7,"url":null,"entity_id":"Q41542","candidates":[]}]],[[{"start":0,"end":13,"url":null,"entity_id":"Q386714","candidates":[]}],[{"start":0,"end":5,"url":null,"entity_id":"Q22006653","candidates":[]}],[{"start":0,"end":10,"url":null,"entity_id":"Q130232","candidates":[]}],[{"start":0,"end":7,"url":null,"entity_id":"Q41542","candidates":[]}]],[[{"start":0,"end":21,"url":null,"entity_id":"Q160259","candidates":[]}],[{"start":0,"end":5,"url":null,"entity_id":"Q22006653","candidates":[]}],[{"start":0,"end":10,"url":null,"entity_id":"Q130232","candidates":[]}],[{"start":0,"end":7,"url":null,"entity_id":"Q41542","candidates":[]}]],[[{"start":0,"end":7,"url":null,"entity_id":"Q279378","candidates":[]}],[{"start":0,"end":15,"url":null,"entity_id":"Q838368","candidates":[]}],[{"start":0,"end":10,"url":null,"entity_id":"Q130232","candidates":[]}],[{"start":0,"end":7,"url":null,"entity_id":"Q41542","candidates":[]}]],[[{"start":0,"end":5,"url":null,"entity_id":"Q24284798","candidates":[]}],[{"start":0,"end":5,"url":null,"entity_id":"Q22006653","candidates":[]}],[{"start":0,"end":12,"url":null,"entity_id":"Q157394","candidates":[]}],[{"start":0,"end":5,"url":null,"entity_id":"Q40895","candidates":[]}]],[[{"start":0,"end":11,"url":null,"entity_id":"Q28936","candidates":[]}],[{"start":0,"end":5,"url":null,"entity_id":"Q22006653","candidates":[]}],[{"start":0,"end":10,"url":null,"entity_id":"Q130232","candidates":[]}],[{"start":0,"end":11,"url":null,"entity_id":"Q40205","candidates":[]}]],[[{"start":0,"end":9,"url":null,"entity_id":"Q7288562","candidates":[]}],[{"start":0,"end":15,"url":null,"entity_id":"Q838368","candidates":[]}],[{"start":0,"end":12,"url":null,"entity_id":"Q842256","candidates":[]}],[{"start":0,"end":8,"url":null,"entity_id":"Q37293","candidates":[]}]],[[{"start":0,"end":11,"url":null,"entity_id":"Q6487151","candidates":[]}],[{"start":0,"end":15,"url":null,"entity_id":"Q838368","candidates":[]}],[{"start":0,"end":11,"url":null,"entity_id":"Q226730","candidates":[]}],[{"start":0,"end":8,"url":null,"entity_id":"Q37293","candidates":[]}]],[[{"start":0,"end":8,"url":null,"entity_id":"Q3521744","candidates":[]}],[{"start":0,"end":5,"url":null,"entity_id":"Q22006653","candidates":[]}],[{"start":0,"end":10,"url":null,"entity_id":"Q130232","candidates":[]}],[{"start":0,"end":8,"url":null,"entity_id":"Q37293","candidates":[]}]],[[{"start":0,"end":15,"url":null,"entity_id":"Q1133230","candidates":[]}],[{"start":0,"end":5,"url":null,"entity_id":"Q22006653","candidates":[]}],[{"start":0,"end":10,"url":null,"entity_id":"Q130232","candidates":[]}],[{"start":0,"end":8,"url":null,"entity_id":"Q37293","candidates":[]}]],[[{"start":0,"end":9,"url":null,"entity_id":"Q3205861","candidates":[]}],[{"start":0,"end":5,"url":null,"entity_id":"Q22006653","candidates":[]}],[{"start":0,"end":10,"url":null,"entity_id":"Q130232","candidates":[]}],[{"start":0,"end":9,"url":null,"entity_id":"Q38793","candidates":[]}]],[[{"start":0,"end":19,"url":null,"entity_id":"Q7632792","candidates":[]}],[{"start":0,"end":5,"url":null,"entity_id":"Q22006653","candidates":[]}],[{"start":0,"end":24,"url":null,"entity_id":"Q52162262","candidates":[]}],[{"start":0,"end":19,"url":null,"entity_id":"Q38213","candidates":[]}]],[[{"start":0,"end":13,"url":null,"entity_id":"Q27044293","candidates":[]}],[{"start":0,"end":5,"url":null,"entity_id":"Q22006653","candidates":[]}],[{"start":0,"end":22,"url":null,"entity_id":"Q28968258","candidates":[]}],[{"start":0,"end":13,"url":null,"entity_id":"Q36479","candidates":[]}]],[[{"start":0,"end":9,"url":null,"entity_id":"Q822426","candidates":[]}],[{"start":0,"end":15,"url":null,"entity_id":"Q838368","candidates":[]}],[{"start":0,"end":10,"url":null,"entity_id":"Q3072039","candidates":[]}],[{"start":0,"end":9,"url":null,"entity_id":"Q36097","candidates":[]}]]]}