{"version":"1.2","table":{"version":"2","table_id":"0JYZA1ED","columns":[{"index":0,"name":"col0","values":["Marlton Circle","Portsmouth Traffic Circle","rond-point du Commerce","rond-point des Condamines","rond-point de Normandie","rond-point de la Chapelle","rond-point de l'Alliance","Dave Thomas Circle","Thomas Circle","Tenley Circle","Sherman Circle","Randle Circle","Pinehurst Circle","Peace Circle","Grant Circle","Garfield Circle","Chevy Chase Circle","Banneker Circle","Anna J. Cooper Circle","Westmoreland Circle"]},{"index":1,"name":"col1","values":["United States of America","United States of America","France","France","France","France","France","United States of America","United States of America","United States of America","United States of America","United States of America","United States of America","United States of America","United States of America","United States of America","United States of America","United States of America","United States of America","United States of America"]},{"index":2,"name":"col2","values":["New Jersey","New Hampshire","Versailles","Versailles","Versailles","Versailles","Versailles","Washington, D.C.","Washington, D.C.","Washington, D.C.","Washington, D.C.","Washington, D.C.","Washington, D.C.","Washington, D.C.","Washington, D.C.","Washington, D.C.","Washington, D.C.","Washington, D.C.","Washington, D.C.","Washington, D.C."]}]},"context":{"page_title":null,"page_url":null,"page_entity_id":null,"content_hierarchy":[]},"links":[[[{"start":0,"end":14,"url":null,"entity_id":"Q867608","candidates":[]}],[{"start":0,"end":24,"url":null,"entity_id":"Q30","candidates":[]}],[{"start":0,"end":10,"url":null,"entity_id":"Q1408","candidates":[]}]],[[{"start":0,"end":25,"url":null,"entity_id":"Q7232501","candidates":[]}],[{"start":0,"end":24,"url":null,"entity_id":"Q30","candidates":[]}],[{"start":0,"end":13,"url":null,"entity_id":"Q759","candidates":[]}]],[[{"start":0,"end":22,"url":null,"entity_id":"Q63027087","candidates":[]}],[{"start":0,"end":6,"url":null,"entity_id":"Q142","candidates":[]}],[{"start":0,"end":10,"url":null,"entity_id":"Q621","candidates":[]}]],[[{"start":0,"end":25,"url":null,"entity_id":"Q63027086","candidates":[]}],[{"start":0,"end":6,"url":null,"entity_id":"Q142","candidates":[]}],[{"start":0,"end":10,"url":null,"entity_id":"Q621","candidates":[]}]],[[{"start":0,"end":23,"url":null,"entity_id":"Q63027085","candidates":[]}],[{"start":0,"end":6,"url":null,"entity_id":"Q142","candidates":[]}],[{"start":0,"end":10,"url":null,"entity_id":"Q621","candidates":[]}]],[[{"start":0,"end":25,"url":null,"entity_id":"Q63027084","candidates":[]}],[{"start":0,"end":6,"url":null,"entity_id":"Q142","candidates":[]}],[{"start":0,"end":10,"url":null,"entity_id":"Q621","candidates":[]}]],[[{"start":0,"end":24,"url":null,"entity_id":"Q63027082","candidates":[]}],[{"start":0,"end":6,"url":null,"entity_id":"Q142","candidates":[]}],[{"start":0,"end":10,"url":null,"entity_id":"Q621","candidates":[]}]],[[{"start":0,"end":18,"url":null,"entity_id":"Q62130136","candidates":[]}],[{"start":0,"end":24,"url":null,"entity_id":"Q30","candidates":[]}],[{"start":0,"end":16,"url":null,"entity_id":"Q61","candidates":[]}]],[[{"start":0,"end":13,"url":null,"entity_id":"Q7788422","candidates":[]}],[{"start":0,"end":24,"url":null,"entity_id":"Q30","candidates":[]}],[{"start":0,"end":16,"url":null,"entity_id":"Q61","candidates":[]}]],[[{"start":0,"end":13,"url":null,"entity_id":"Q7699926","candidates":[]}],[{"start":0,"end":24,"url":null,"entity_id":"Q30","candidates":[]}],[{"start":0,"end":16,"url":null,"entity_id":"Q61","candidates":[]}]],[[{"start":0,"end":14,"url":null,"entity_id":"Q7495140","candidates":[]}],[{"start":0,"end":24,"url":null,"entity_id":"Q30","candidates":[]}],[{"start":0,"end":16,"url":null,"entity_id":"Q61","candidates":[]}]],[[{"start":0,"end":13,"url":null,"entity_id":"Q7291739","candidates":[]}],[{"start":0,"end":24,"url":null,"entity_id":"Q30","candidates":[]}],[{"start":0,"end":16,"url":null,"entity_id":"Q61","candidates":[]}]],[[{"start":0,"end":16,"url":null,"entity_id":"Q7195500","candidates":[]}],[{"start":0,"end":24,"url":null,"entity_id":"Q30","candidates":[]}],[{"start":0,"end":16,"url":null,"entity_id":"Q61","candidates":[]}]],[[{"start":0,"end":12,"url":null,"entity_id":"Q7157347","candidates":[]}],[{"start":0,"end":24,"url":null,"entity_id":"Q30","candidates":[]}],[{"start":0,"end":16,"url":null,"entity_id":"Q61","candidates":[]}]],[[{"start":0,"end":12,"url":null,"entity_id":"Q5596138","candidates":[]}],[{"start":0,"end":24,"url":null,"entity_id":"Q30","candidates":[]}],[{"start":0,"end":16,"url":null,"entity_id":"Q61","candidates":[]}]],[[{"start":0,"end":15,"url":null,"entity_id":"Q5523058","candidates":[]}],[{"start":0,"end":24,"url":null,"entity_id":"Q30","candidates":[]}],[{"start":0,"end":16,"url":null,"entity_id":"Q61","candidates":[]}]],[[{"start":0,"end":18,"url":null,"entity_id":"Q5094458","candidates":[]}],[{"start":0,"end":24,"url":null,"entity_id":"Q30","candidates":[]}],[{"start":0,"end":16,"url":null,"entity_id":"Q61","candidates":[]}]],[[{"start":0,"end":15,"url":null,"entity_id":"Q4888241","candidates":[]}],[{"start":0,"end":24,"url":null,"entity_id":"Q30","candidates":[]}],[{"start":0,"end":16,"url":null,"entity_id":"Q61","candidates":[]}]],[[{"start":0,"end":21,"url":null,"entity_id":"Q4767107","candidates":[]}],[{"start":0,"end":24,"url":null,"entity_id":"Q30","candidates":[]}],[{"start":0,"end":16,"url":null,"entity_id":"Q61","candidates":[]}]],[[{"start":0,"end":19,"url":null,"entity_id":"Q2851321","candidates":[]}],[{"start":0,"end":24,"url":null,"entity_id":"Q30","candidates":[]}],[{"start":0,"end":16,"url":null,"entity_id":"Q61","candidates":[]}]]]}