{"version":"1.2","table":{"version":"2","table_id":"0KDB98KK","columns":[{"index":0,"name":"col0","values":["Special wholesale prices","Catalogue of fruit and flower plates : drawn from nature","A catalogue of American seeds","Special sale catalog of our specialties","Burbank's Experiment Farms : seeds ... bulbs, etc. ... plants ... climbers ... cuttings","Burpee's farm annual : vegetable, flower and farm seeds","Burbank's phenomenal","[Bulbs and cacti : catalog]","Nursery catalog","Luther Burbank's spineless cactus","Sixteenth annual catalogue","Crop report","The Burbank seed book : nineteen thirteen","Announcement","The Royal walnut, Patagonia cherry, etc","The Royal Walnut","This catalogue","Payne's garden guide : seeds, plants & trees","General descriptive catalogue of fruit trees, small fruit : ornamental trees, shrubs, vines, roses, bulbs, etc","The Burbank Royal Walnut"]},{"index":1,"name":"col1","values":["1901-01-01","1877-01-01","1804-01-01","1928-01-01","1895-01-01","1903-01-01","1913-01-01","1895-01-01","1913-01-01","1913-01-01","1924-01-01","1913-01-01","1913-01-01","1913-01-01","1921-01-01","1919-01-01","1919-01-01","1920-01-01","1906-01-01","1917-01-01"]},{"index":2,"name":"col2","values":["Luther Burbank","William Henry Prestele","Bernard McMahon","Niels Ebbesen Hansen","Luther Burbank","Washington Atlee Burpee","Luther Burbank","Charles Russell Orcutt","Luther Burbank","Luther Burbank","Walter de Gray Birch","L. Teweles Seed Co.","Luther Burbank","Luther Burbank","Luther Burbank","Luther Burbank","Luther Burbank","Theodore Payne","Oregon Nursery Company","Luther Burbank"]},{"index":3,"name":"col3","values":["Santa Rosa","Iowa City","Philadelphia","Brookings","Santa Rosa","Philadelphia","Pasadena","San Diego","San Francisco","San Francisco","San Diego","Milwaukee","San Francisco","San Francisco","Santa Rosa","Santa Rosa","Santa Rosa","Los Angeles","Salem","San Francisco"]},{"index":4,"name":"col4","values":["8","18","36","8","6","196","6","8","28","42","56","8","54","6","12","12","56","72","98","12"]}]},"context":{"page_title":null,"page_url":null,"page_entity_id":null,"content_hierarchy":[]},"links":[[[{"start":0,"end":24,"url":null,"entity_id":"Q51385966","candidates":[]}],[],[{"start":0,"end":14,"url":null,"entity_id":"Q333419","candidates":[]}],[{"start":0,"end":10,"url":null,"entity_id":"Q212991","candidates":[]}],[]],[[{"start":0,"end":56,"url":null,"entity_id":"Q51453622","candidates":[]}],[],[{"start":0,"end":22,"url":null,"entity_id":"Q8012124","candidates":[]}],[{"start":0,"end":9,"url":null,"entity_id":"Q487977","candidates":[]}],[]],[[{"start":0,"end":29,"url":null,"entity_id":"Q51453360","candidates":[]}],[],[{"start":0,"end":15,"url":null,"entity_id":"Q822624","candidates":[]}],[{"start":0,"end":12,"url":null,"entity_id":"Q1345","candidates":[]}],[]],[[{"start":0,"end":39,"url":null,"entity_id":"Q51414579","candidates":[]}],[],[{"start":0,"end":20,"url":null,"entity_id":"Q7031479","candidates":[]}],[{"start":0,"end":9,"url":null,"entity_id":"Q1650462","candidates":[]}],[]],[[{"start":0,"end":87,"url":null,"entity_id":"Q51451639","candidates":[]}],[],[{"start":0,"end":14,"url":null,"entity_id":"Q333419","candidates":[]}],[{"start":0,"end":10,"url":null,"entity_id":"Q212991","candidates":[]}],[]],[[{"start":0,"end":55,"url":null,"entity_id":"Q51451680","candidates":[]}],[],[{"start":0,"end":23,"url":null,"entity_id":"Q7971666","candidates":[]}],[{"start":0,"end":12,"url":null,"entity_id":"Q1345","candidates":[]}],[]],[[{"start":0,"end":20,"url":null,"entity_id":"Q51381090","candidates":[]}],[],[{"start":0,"end":14,"url":null,"entity_id":"Q333419","candidates":[]}],[{"start":0,"end":8,"url":null,"entity_id":"Q485176","candidates":[]}],[]],[[{"start":0,"end":27,"url":null,"entity_id":"Q51381368","candidates":[]}],[],[{"start":0,"end":22,"url":null,"entity_id":"Q1065962","candidates":[]}],[{"start":0,"end":9,"url":null,"entity_id":"Q16552","candidates":[]}],[]],[[{"start":0,"end":15,"url":null,"entity_id":"Q51381292","candidates":[]}],[],[{"start":0,"end":14,"url":null,"entity_id":"Q333419","candidates":[]}],[{"start":0,"end":13,"url":null,"entity_id":"Q62","candidates":[]}],[]],[[{"start":0,"end":33,"url":null,"entity_id":"Q51381287","candidates":[]}],[],[{"start":0,"end":14,"url":null,"entity_id":"Q333419","candidates":[]}],[{"start":0,"end":13,"url":null,"entity_id":"Q62","candidates":[]}],[]],[[{"start":0,"end":26,"url":null,"entity_id":"Q51406283","candidates":[]}],[],[{"start":0,"end":20,"url":null,"entity_id":"Q18910908","candidates":[]}],[{"start":0,"end":9,"url":null,"entity_id":"Q16552","candidates":[]}],[]],[[{"start":0,"end":11,"url":null,"entity_id":"Q51380773","candidates":[]}],[],[{"start":0,"end":19,"url":null,"entity_id":"Q6456657","candidates":[]}],[{"start":0,"end":9,"url":null,"entity_id":"Q37836","candidates":[]}],[]],[[{"start":0,"end":41,"url":null,"entity_id":"Q51380993","candidates":[]}],[],[{"start":0,"end":14,"url":null,"entity_id":"Q333419","candidates":[]}],[{"start":0,"end":13,"url":null,"entity_id":"Q62","candidates":[]}],[]],[[{"start":0,"end":12,"url":null,"entity_id":"Q51380944","candidates":[]}],[],[{"start":0,"end":14,"url":null,"entity_id":"Q333419","candidates":[]}],[{"start":0,"end":13,"url":null,"entity_id":"Q62","candidates":[]}],[]],[[{"start":0,"end":39,"url":null,"entity_id":"Q51399862","candidates":[]}],[],[{"start":0,"end":14,"url":null,"entity_id":"Q333419","candidates":[]}],[{"start":0,"end":10,"url":null,"entity_id":"Q212991","candidates":[]}],[]],[[{"start":0,"end":16,"url":null,"entity_id":"Q51393612","candidates":[]}],[],[{"start":0,"end":14,"url":null,"entity_id":"Q333419","candidates":[]}],[{"start":0,"end":10,"url":null,"entity_id":"Q212991","candidates":[]}],[]],[[{"start":0,"end":14,"url":null,"entity_id":"Q51393510","candidates":[]}],[],[{"start":0,"end":14,"url":null,"entity_id":"Q333419","candidates":[]}],[{"start":0,"end":10,"url":null,"entity_id":"Q212991","candidates":[]}],[]],[[{"start":0,"end":44,"url":null,"entity_id":"Q51398306","candidates":[]}],[],[{"start":0,"end":14,"url":null,"entity_id":"Q16003033","candidates":[]}],[{"start":0,"end":11,"url":null,"entity_id":"Q65","candidates":[]}],[]],[[{"start":0,"end":110,"url":null,"entity_id":"Q51394844","candidates":[]}],[],[{"start":0,"end":22,"url":null,"entity_id":"Q17108026","candidates":[]}],[{"start":0,"end":5,"url":null,"entity_id":"Q43919","candidates":[]}],[]],[[{"start":0,"end":24,"url":null,"entity_id":"Q51394084","candidates":[]}],[],[{"start":0,"end":14,"url":null,"entity_id":"Q333419","candidates":[]}],[{"start":0,"end":13,"url":null,"entity_id":"Q62","candidates":[]}],[]]]}