{"version":"1.2","table":{"version":"2","table_id":"0KWPGE4J","columns":[{"index":0,"name":"col0","values":["germanium-88","germanium-87","germanium-86","germanium-85","germanium-84","germanium-82","germanium-81","germanium-80","germanium-78","germanium-77","germanium-66","germanium-65","germanium-64","germanium-63","germanium-62","germanium-61","germanium-60","germanium-58","germanium-71","germanium-67"]},{"index":1,"name":"col1","values":["germanium","germanium","germanium","germanium","germanium","germanium","germanium","germanium","germanium","germanium","germanium","germanium","germanium","germanium","germanium","germanium","germanium","germanium","germanium","germanium"]},{"index":2,"name":"col2","values":["-40138","-44078","-49399.922","-53123.42","-58148.428","-65415.067","-66291.687","-69535.306","-71862.05","-71212.862","-61607.032","-56478.216","-54315.496","-46921.216","-41740","-33360","-27090","-7080","-69906.497","-62658.23"]},{"index":3,"name":"col3","values":["1","1","1","1","1","1","1","1","1","1","1","-1","1","-1","1","-1","1","1","-1","-1"]}]},"context":{"page_title":null,"page_url":null,"page_entity_id":null,"content_hierarchy":[]},"links":[[[{"start":0,"end":12,"url":null,"entity_id":"Q18844998","candidates":[]}],[{"start":0,"end":9,"url":null,"entity_id":"Q867","candidates":[]}],[],[]],[[{"start":0,"end":12,"url":null,"entity_id":"Q18844997","candidates":[]}],[{"start":0,"end":9,"url":null,"entity_id":"Q867","candidates":[]}],[],[]],[[{"start":0,"end":12,"url":null,"entity_id":"Q18844996","candidates":[]}],[{"start":0,"end":9,"url":null,"entity_id":"Q867","candidates":[]}],[],[]],[[{"start":0,"end":12,"url":null,"entity_id":"Q18844995","candidates":[]}],[{"start":0,"end":9,"url":null,"entity_id":"Q867","candidates":[]}],[],[]],[[{"start":0,"end":12,"url":null,"entity_id":"Q18844993","candidates":[]}],[{"start":0,"end":9,"url":null,"entity_id":"Q867","candidates":[]}],[],[]],[[{"start":0,"end":12,"url":null,"entity_id":"Q18844991","candidates":[]}],[{"start":0,"end":9,"url":null,"entity_id":"Q867","candidates":[]}],[],[]],[[{"start":0,"end":12,"url":null,"entity_id":"Q18844990","candidates":[]}],[{"start":0,"end":9,"url":null,"entity_id":"Q867","candidates":[]}],[],[]],[[{"start":0,"end":12,"url":null,"entity_id":"Q18844989","candidates":[]}],[{"start":0,"end":9,"url":null,"entity_id":"Q867","candidates":[]}],[],[]],[[{"start":0,"end":12,"url":null,"entity_id":"Q18844987","candidates":[]}],[{"start":0,"end":9,"url":null,"entity_id":"Q867","candidates":[]}],[],[]],[[{"start":0,"end":12,"url":null,"entity_id":"Q18844986","candidates":[]}],[{"start":0,"end":9,"url":null,"entity_id":"Q867","candidates":[]}],[],[]],[[{"start":0,"end":12,"url":null,"entity_id":"Q18844985","candidates":[]}],[{"start":0,"end":9,"url":null,"entity_id":"Q867","candidates":[]}],[],[]],[[{"start":0,"end":12,"url":null,"entity_id":"Q18844984","candidates":[]}],[{"start":0,"end":9,"url":null,"entity_id":"Q867","candidates":[]}],[],[]],[[{"start":0,"end":12,"url":null,"entity_id":"Q18844983","candidates":[]}],[{"start":0,"end":9,"url":null,"entity_id":"Q867","candidates":[]}],[],[]],[[{"start":0,"end":12,"url":null,"entity_id":"Q18844982","candidates":[]}],[{"start":0,"end":9,"url":null,"entity_id":"Q867","candidates":[]}],[],[]],[[{"start":0,"end":12,"url":null,"entity_id":"Q18844981","candidates":[]}],[{"start":0,"end":9,"url":null,"entity_id":"Q867","candidates":[]}],[],[]],[[{"start":0,"end":12,"url":null,"entity_id":"Q18844980","candidates":[]}],[{"start":0,"end":9,"url":null,"entity_id":"Q867","candidates":[]}],[],[]],[[{"start":0,"end":12,"url":null,"entity_id":"Q18844979","candidates":[]}],[{"start":0,"end":9,"url":null,"entity_id":"Q867","candidates":[]}],[],[]],[[{"start":0,"end":12,"url":null,"entity_id":"Q18844977","candidates":[]}],[{"start":0,"end":9,"url":null,"entity_id":"Q867","candidates":[]}],[],[]],[[{"start":0,"end":12,"url":null,"entity_id":"Q13641815","candidates":[]}],[{"start":0,"end":9,"url":null,"entity_id":"Q867","candidates":[]}],[],[]],[[{"start":0,"end":12,"url":null,"entity_id":"Q2793808","candidates":[]}],[{"start":0,"end":9,"url":null,"entity_id":"Q867","candidates":[]}],[],[]]]}