{"version":"1.2","table":{"version":"2","table_id":"0LJUXOT3","columns":[{"index":0,"name":"col0","values":["Timelash","Vengeance on Varos","Planet of Fire","Resurrection of the Daleks","Snakedance","Terror of the Vervoids","Mindwarp","The Mysterious Planet","Revelation of the Daleks","The Two Doctors","The Mark of the Rani","The Twin Dilemma","The Awakening","Remembrance of the Daleks","Genesis of the Daleks","The Ark in Space","The Space Pirates","The Mind Robber","The Wheel in Space","Fury from the Deep","The Web of Fear","The Ice Warriors","The Abominable Snowmen","Terminus","Time-Flight","The Visitation","Four to Doomsday","Logopolis","Warriors' Gate","State of Decay","Meglos","The Dominators","The Enemy of the World"]},{"index":1,"name":"col1","values":["Revelation of the Daleks","The Mark of the Rani","The Caves of Androzani","Planet of Fire","Mawdryn Undead","The Ultimate Foe","Terror of the Vervoids","Mindwarp","The Mysterious Planet","Timelash","The Two Doctors","Attack of the Cybermen","Frontios","The Happiness Patrol","Revenge of the Cybermen","The Sontaran Experiment","The War Games","The Invasion","The Dominators","The Wheel in Space","Fury from the Deep","The Enemy of the World","The Ice Warriors","Enlightenment","Arc of Infinity","Black Orchid","Kinda","Castrovalva","The Keeper of Traken","Warriors' Gate","Full Circle","The Mind Robber","The Web of Fear"]},{"index":2,"name":"col2","values":["Timelash I","Vengeance on Varos I","Planet of Fire I","Resurrection of the Daleks I","Snakedance I","The Trial of a Time Lord X","The Trial of a Time Lord VI","The Trial of a Time Lord II","Revelation of the Daleks II","The Two Doctors III","The Mark of the Rani II","The Twin Dilemma II","The Awakening II","Remembrance of the Daleks I","Genesis of the Daleks I","The Ark in Space I","The Space Pirates I","The Mind Robber I","The Wheel in Space I","Fury from the Deep I","The Web of Fear I","The Ice Warriors I","The Abominable Snowmen I","Terminus II","Time-Flight I","The Visitation I","Four to Doomsday I","Logopolis I","Warriors' Gate I","State of Decay I","Meglos I","The Dominators I","The Enemy of the World I"]}]},"context":{"page_title":null,"page_url":null,"page_entity_id":null,"content_hierarchy":[]},"links":[[[{"start":0,"end":18,"url":null,"entity_id":"Q6308064","candidates":[]}],[{"start":0,"end":20,"url":null,"entity_id":"Q6308332","candidates":[]}],[{"start":0,"end":20,"url":null,"entity_id":"Q50683037","candidates":[]}]],[[{"start":0,"end":14,"url":null,"entity_id":"Q6303868","candidates":[]}],[{"start":0,"end":22,"url":null,"entity_id":"Q6304031","candidates":[]}],[{"start":0,"end":16,"url":null,"entity_id":"Q50683016","candidates":[]}]],[[{"start":0,"end":26,"url":null,"entity_id":"Q6303631","candidates":[]}],[{"start":0,"end":14,"url":null,"entity_id":"Q6303868","candidates":[]}],[{"start":0,"end":28,"url":null,"entity_id":"Q50683013","candidates":[]}]],[[{"start":0,"end":10,"url":null,"entity_id":"Q6287712","candidates":[]}],[{"start":0,"end":14,"url":null,"entity_id":"Q6291942","candidates":[]}],[{"start":0,"end":12,"url":null,"entity_id":"Q50682982","candidates":[]}]],[[{"start":0,"end":22,"url":null,"entity_id":"Q6313196","candidates":[]}],[{"start":0,"end":16,"url":null,"entity_id":"Q6314527","candidates":[]}],[{"start":0,"end":26,"url":null,"entity_id":"Q29416057","candidates":[]}]],[[{"start":0,"end":8,"url":null,"entity_id":"Q6312988","candidates":[]}],[{"start":0,"end":22,"url":null,"entity_id":"Q6313196","candidates":[]}],[{"start":0,"end":27,"url":null,"entity_id":"Q29416053","candidates":[]}]],[[{"start":0,"end":21,"url":null,"entity_id":"Q6312825","candidates":[]}],[{"start":0,"end":8,"url":null,"entity_id":"Q6312988","candidates":[]}],[{"start":0,"end":27,"url":null,"entity_id":"Q29416051","candidates":[]}]],[[{"start":0,"end":24,"url":null,"entity_id":"Q6309394","candidates":[]}],[{"start":0,"end":21,"url":null,"entity_id":"Q6312825","candidates":[]}],[{"start":0,"end":27,"url":null,"entity_id":"Q29416050","candidates":[]}]],[[{"start":0,"end":15,"url":null,"entity_id":"Q6308787","candidates":[]}],[{"start":0,"end":8,"url":null,"entity_id":"Q6309223","candidates":[]}],[{"start":0,"end":19,"url":null,"entity_id":"Q29416049","candidates":[]}]],[[{"start":0,"end":20,"url":null,"entity_id":"Q6308332","candidates":[]}],[{"start":0,"end":15,"url":null,"entity_id":"Q6308787","candidates":[]}],[{"start":0,"end":23,"url":null,"entity_id":"Q29416048","candidates":[]}]],[[{"start":0,"end":16,"url":null,"entity_id":"Q6307768","candidates":[]}],[{"start":0,"end":22,"url":null,"entity_id":"Q4817957","candidates":[]}],[{"start":0,"end":19,"url":null,"entity_id":"Q29416046","candidates":[]}]],[[{"start":0,"end":13,"url":null,"entity_id":"Q6303345","candidates":[]}],[{"start":0,"end":8,"url":null,"entity_id":"Q5506077","candidates":[]}],[{"start":0,"end":16,"url":null,"entity_id":"Q29416042","candidates":[]}]],[[{"start":0,"end":25,"url":null,"entity_id":"Q3444162","candidates":[]}],[{"start":0,"end":20,"url":null,"entity_id":"Q6319714","candidates":[]}],[{"start":0,"end":27,"url":null,"entity_id":"Q50683092","candidates":[]}]],[[{"start":0,"end":21,"url":null,"entity_id":"Q3367104","candidates":[]}],[{"start":0,"end":23,"url":null,"entity_id":"Q3813602","candidates":[]}],[{"start":0,"end":23,"url":null,"entity_id":"Q22342168","candidates":[]}]],[[{"start":0,"end":16,"url":null,"entity_id":"Q3332877","candidates":[]}],[{"start":0,"end":23,"url":null,"entity_id":"Q3476317","candidates":[]}],[{"start":0,"end":18,"url":null,"entity_id":"Q22342162","candidates":[]}]],[[{"start":0,"end":17,"url":null,"entity_id":"Q3468960","candidates":[]}],[{"start":0,"end":13,"url":null,"entity_id":"Q1792977","candidates":[]}],[{"start":0,"end":19,"url":null,"entity_id":"Q22341996","candidates":[]}]],[[{"start":0,"end":15,"url":null,"entity_id":"Q3469100","candidates":[]}],[{"start":0,"end":12,"url":null,"entity_id":"Q2843610","candidates":[]}],[{"start":0,"end":17,"url":null,"entity_id":"Q22341973","candidates":[]}]],[[{"start":0,"end":18,"url":null,"entity_id":"Q3468981","candidates":[]}],[{"start":0,"end":14,"url":null,"entity_id":"Q3469000","candidates":[]}],[{"start":0,"end":20,"url":null,"entity_id":"Q22341962","candidates":[]}]],[[{"start":0,"end":18,"url":null,"entity_id":"Q3468951","candidates":[]}],[{"start":0,"end":18,"url":null,"entity_id":"Q3468981","candidates":[]}],[{"start":0,"end":20,"url":null,"entity_id":"Q22341956","candidates":[]}]],[[{"start":0,"end":15,"url":null,"entity_id":"Q3469055","candidates":[]}],[{"start":0,"end":18,"url":null,"entity_id":"Q3468951","candidates":[]}],[{"start":0,"end":17,"url":null,"entity_id":"Q22341950","candidates":[]}]],[[{"start":0,"end":16,"url":null,"entity_id":"Q3469021","candidates":[]}],[{"start":0,"end":22,"url":null,"entity_id":"Q3469044","candidates":[]}],[{"start":0,"end":18,"url":null,"entity_id":"Q22341938","candidates":[]}]],[[{"start":0,"end":22,"url":null,"entity_id":"Q3468973","candidates":[]}],[{"start":0,"end":16,"url":null,"entity_id":"Q3469021","candidates":[]}],[{"start":0,"end":24,"url":null,"entity_id":"Q22341932","candidates":[]}]],[[{"start":0,"end":8,"url":null,"entity_id":"Q6292115","candidates":[]}],[{"start":0,"end":13,"url":null,"entity_id":"Q5379074","candidates":[]}],[{"start":0,"end":11,"url":null,"entity_id":"Q29416031","candidates":[]}]],[[{"start":0,"end":11,"url":null,"entity_id":"Q5631747","candidates":[]}],[{"start":0,"end":15,"url":null,"entity_id":"Q4785032","candidates":[]}],[{"start":0,"end":13,"url":null,"entity_id":"Q22342593","candidates":[]}]],[[{"start":0,"end":14,"url":null,"entity_id":"Q5630922","candidates":[]}],[{"start":0,"end":12,"url":null,"entity_id":"Q4921410","candidates":[]}],[{"start":0,"end":16,"url":null,"entity_id":"Q22342582","candidates":[]}]],[[{"start":0,"end":16,"url":null,"entity_id":"Q5568730","candidates":[]}],[{"start":0,"end":5,"url":null,"entity_id":"Q5568914","candidates":[]}],[{"start":0,"end":18,"url":null,"entity_id":"Q22342572","candidates":[]}]],[[{"start":0,"end":9,"url":null,"entity_id":"Q5561477","candidates":[]}],[{"start":0,"end":11,"url":null,"entity_id":"Q5050828","candidates":[]}],[{"start":0,"end":11,"url":null,"entity_id":"Q22342488","candidates":[]}]],[[{"start":0,"end":14,"url":null,"entity_id":"Q5557588","candidates":[]}],[{"start":0,"end":20,"url":null,"entity_id":"Q5557747","candidates":[]}],[{"start":0,"end":16,"url":null,"entity_id":"Q22342479","candidates":[]}]],[[{"start":0,"end":14,"url":null,"entity_id":"Q5557151","candidates":[]}],[{"start":0,"end":14,"url":null,"entity_id":"Q5557588","candidates":[]}],[{"start":0,"end":16,"url":null,"entity_id":"Q22342475","candidates":[]}]],[[{"start":0,"end":6,"url":null,"entity_id":"Q5556840","candidates":[]}],[{"start":0,"end":11,"url":null,"entity_id":"Q5508002","candidates":[]}],[{"start":0,"end":8,"url":null,"entity_id":"Q22342466","candidates":[]}]],[[{"start":0,"end":14,"url":null,"entity_id":"Q3469000","candidates":[]}],[{"start":0,"end":15,"url":null,"entity_id":"Q3469100","candidates":[]}],[{"start":0,"end":16,"url":null,"entity_id":"Q22341968","candidates":[]}]],[[{"start":0,"end":22,"url":null,"entity_id":"Q3469044","candidates":[]}],[{"start":0,"end":15,"url":null,"entity_id":"Q3469055","candidates":[]}],[{"start":0,"end":24,"url":null,"entity_id":"Q22341944","candidates":[]}]],[[{"start":0,"end":8,"url":null,"entity_id":"Q6309223","candidates":[]}],[{"start":0,"end":24,"url":null,"entity_id":"Q6309394","candidates":[]}],[{"start":0,"end":10,"url":null,"entity_id":"Q50683045","candidates":[]}]]]}