{"version":"1.2","table":{"version":"2","table_id":"0M2E8Q7M","columns":[{"index":0,"name":"col0","values":["2MASS J23531702+1757206","2MASS J09404832+4820113","SDSS J223551.87+002333.5","SDSS J143612.69+492701.2","2MASS J13070515+5308186","TYC 3143-1421-1","Cl* NGC 6838 ASC 505","Cl* NGC 5024 SAN 27","SDSS J140423.59+422314.3","SDSS J073935.34+204113.5","SDSS J143656.09+583857.4","SDSS J101842.87+605113.4","SDSS J162010.06+140833.1","SDSS J114145.61+341323.5","SDSS J032356.65+051559.5","SDSS J202310.84+130257.0","SDSS J125500.14+351644.2","SDSS J180852.25+240511.6","SDSS J123208.53+152241.8","SDSS J163234.43+155735.1","SDSS J165529.70+394345.9","SDSS J164357.44+391711.9","SDSS J161940.49+331632.8","SDSS J210424.37-000635.2","SDSS J180841.69+235758.2","SDSS J191504.78+775435.0","SDSS J074947.27+280702.9","SDSS J084008.39+190055.2"]},{"index":1,"name":"col1","values":["17.9557397477819","48.3364374173049","0.3926336407982","49.4503259715934","53.1385560741992","42.3775496712102","18.7834379335056","18.1350971707081","42.3873227795233","20.6871006281682","58.6492786396367","60.8537161924275","14.1425519112405","34.2232138908094","5.2665423406797","13.0491716429179","35.2789454227409","24.086561103401","15.3782978828544","15.9597791625288","39.7294248631081","39.2866321561275","33.2757901080198","-0.1097965817335","23.9661680792426","77.9097240320078","28.1174800867635","19.0153542917559"]},{"index":2,"name":"col2","values":["-1.63","-1.52","-2.09","-1.86","-1.86","0.15","-0.84","-1.86","-2.99","-1.88","-1.86","-2.91","-1.96","-1.81","-0.8","-1.1","-1.75","-1.97","-2.55","-1.79","-2.05","-1.63","-1.93","-0.93","-2.1","-1.37","-0.73","-2.43"]}]},"context":{"page_title":null,"page_url":null,"page_entity_id":null,"content_hierarchy":[]},"links":[[[{"start":0,"end":23,"url":null,"entity_id":"Q83252028","candidates":[]}],[],[]],[[{"start":0,"end":23,"url":null,"entity_id":"Q83237080","candidates":[]}],[],[]],[[{"start":0,"end":24,"url":null,"entity_id":"Q83237042","candidates":[]}],[],[]],[[{"start":0,"end":24,"url":null,"entity_id":"Q83198076","candidates":[]}],[],[]],[[{"start":0,"end":23,"url":null,"entity_id":"Q83198074","candidates":[]}],[],[]],[[{"start":0,"end":15,"url":null,"entity_id":"Q83135713","candidates":[]}],[],[]],[[{"start":0,"end":20,"url":null,"entity_id":"Q82576751","candidates":[]}],[],[]],[[{"start":0,"end":19,"url":null,"entity_id":"Q82573809","candidates":[]}],[],[]],[[{"start":0,"end":24,"url":null,"entity_id":"Q82565326","candidates":[]}],[],[]],[[{"start":0,"end":24,"url":null,"entity_id":"Q82565297","candidates":[]}],[],[]],[[{"start":0,"end":24,"url":null,"entity_id":"Q82565214","candidates":[]}],[],[]],[[{"start":0,"end":24,"url":null,"entity_id":"Q82565206","candidates":[]}],[],[]],[[{"start":0,"end":24,"url":null,"entity_id":"Q82565175","candidates":[]}],[],[]],[[{"start":0,"end":24,"url":null,"entity_id":"Q82565141","candidates":[]}],[],[]],[[{"start":0,"end":24,"url":null,"entity_id":"Q82565133","candidates":[]}],[],[]],[[{"start":0,"end":24,"url":null,"entity_id":"Q82565120","candidates":[]}],[],[]],[[{"start":0,"end":24,"url":null,"entity_id":"Q82565110","candidates":[]}],[],[]],[[{"start":0,"end":24,"url":null,"entity_id":"Q82565095","candidates":[]}],[],[]],[[{"start":0,"end":24,"url":null,"entity_id":"Q82565037","candidates":[]}],[],[]],[[{"start":0,"end":24,"url":null,"entity_id":"Q82565032","candidates":[]}],[],[]],[[{"start":0,"end":24,"url":null,"entity_id":"Q82565013","candidates":[]}],[],[]],[[{"start":0,"end":24,"url":null,"entity_id":"Q82564905","candidates":[]}],[],[]],[[{"start":0,"end":24,"url":null,"entity_id":"Q82564901","candidates":[]}],[],[]],[[{"start":0,"end":24,"url":null,"entity_id":"Q82564883","candidates":[]}],[],[]],[[{"start":0,"end":24,"url":null,"entity_id":"Q82564879","candidates":[]}],[],[]],[[{"start":0,"end":24,"url":null,"entity_id":"Q82564871","candidates":[]}],[],[]],[[{"start":0,"end":24,"url":null,"entity_id":"Q82564856","candidates":[]}],[],[]],[[{"start":0,"end":24,"url":null,"entity_id":"Q82564835","candidates":[]}],[],[]]]}