{"version":"1.2","table":{"version":"2","table_id":"0MYK9SQC","columns":[{"index":0,"name":"col0","values":["NIMA TR8350.2: Department of Defense World Geodetic System 1984, 3rd edition","XML Data Encoding Specification for Originator Control Need-To-Know Profile, version 1","XML Data Encoding Specification for Proprietary Information Need-To-Know, version 1","Text and XML Data Encoding Specifications for Intelligence Community Identifier, version 1","XML Data Encoding Specification for Virtual Coverage, version 1","XML Data Encoding Specification for Need-To-Know Metadata, version 10","XML Data Encoding Specification for Multi Audience Tearline, version 6","XML Data Encoding Specification for Intelligence Publications, version 9","XML Data Encoding Specification for Intelligence Publications, version 10","XML Data Encoding Specification for Revision Recall, version 1","Access Control Encoding Specification for ORCON Need-To-Know, version 1","XML Data Encoding Specification for Intelligence Community Only Need-To-Know Profile, version 1","Access Control Encoding Specification for Intelligence Community Only, version 1","XML Data Encoding Specification for Intelligence Publications, version 11","XML Data Encoding Specification for Intelligence Publications, version 12","XML Data Encoding Specification for Multi Audience Tearline, version 7","Data Encoding Specification for IC Full Service Directory Schema, version 2","Access Control Encoding Specification for Information Security Markings, version 2","XML Data Encoding Specification for Enterprise Audit Exchange, version 4","XML Data Encoding Specification for Information Security Markings, version 13"]},{"index":1,"name":"col1","values":["Department of Defense World Geodetic System 1984","XML Data Encoding Specification for Originator Control Need-To-Know Profile","XML Data Encoding Specification for Proprietary Information Need-To-Know","Text and XML Data Encoding Specifications for Intelligence Community Identifier","XML Data Encoding Specification for Virtual Coverage","XML Data Encoding Specification for Need-To-Know Metadata","XML Data Encoding Specification for Multi Audience Tearline","XML Data Encoding Specification for Intelligence Publications","XML Data Encoding Specification for Intelligence Publications","XML Data Encoding Specification for Revision Recall","Access Control Encoding Specification for ORCON Need-To-Know","XML Data Encoding Specification for Intelligence Community Only Need-To-Know Profile","Access Control Encoding Specification for Intelligence Community Only","XML Data Encoding Specification for Intelligence Publications","XML Data Encoding Specification for Intelligence Publications","XML Data Encoding Specification for Multi Audience Tearline","Data Encoding Specification for IC Full Service Directory Schema","Access Control Encoding Specification for Information Security Markings","XML Data Encoding Specification for Enterprise Audit Exchange","XML Data Encoding Specification for Information Security Markings"]},{"index":2,"name":"col2","values":["IERS Conventions","Text and XML Data Encoding Specifications for Intelligence Community Identifier, version 1","Text and XML Data Encoding Specifications for Intelligence Community Identifier, version 1","RFC 5234: Augmented BNF for Syntax Specifications: ABNF","XML Data Encoding Specification for Information Security Markings, version 13","XML Data Encoding Specification for Information Security Markings, version 13","XML Data Encoding Specification for Information Resource Metadata, version 6","XML Data Encoding Specification for Information Resource Metadata, version 6","XML Data Encoding Specification for Information Resource Metadata, version 8","XML Data Encoding Specification for Trusted Data Format, version 3","XML Data Encoding Specification for Need-To-Know Metadata, version 10","XML Data Encoding Specification for Need-To-Know Metadata, version 10","XML Data Encoding Specification for Need-To-Know Metadata, version 10","XML Data Encoding Specification for Need-To-Know Metadata, version 10","XML Data Encoding Specification for Need-To-Know Metadata, version 10","XML Data Encoding Specification for Intelligence Publications, version 10","XML CVE Encoding Specification for US Agency Acronyms, version 1","XML Data Encoding Specification for Need-To-Know Metadata, version 10","XML Data Encoding Specification for Information Security Markings, version 7","XML CVE Encoding Specification for ISM Country Codes and Tetragraphs, version 2"]}]},"context":{"page_title":null,"page_url":null,"page_entity_id":null,"content_hierarchy":[]},"links":[[[{"start":0,"end":76,"url":null,"entity_id":"Q26732204","candidates":[]}],[],[{"start":0,"end":16,"url":null,"entity_id":"Q27089399","candidates":[]}]],[[{"start":0,"end":86,"url":null,"entity_id":"Q26701931","candidates":[]}],[],[{"start":0,"end":90,"url":null,"entity_id":"Q26689744","candidates":[]}]],[[{"start":0,"end":83,"url":null,"entity_id":"Q26701449","candidates":[]}],[],[{"start":0,"end":90,"url":null,"entity_id":"Q26689744","candidates":[]}]],[[{"start":0,"end":90,"url":null,"entity_id":"Q26689744","candidates":[]}],[],[{"start":0,"end":55,"url":null,"entity_id":"Q26701848","candidates":[]}]],[[{"start":0,"end":63,"url":null,"entity_id":"Q26695632","candidates":[]}],[],[{"start":0,"end":77,"url":null,"entity_id":"Q26566041","candidates":[]}]],[[{"start":0,"end":69,"url":null,"entity_id":"Q26689923","candidates":[]}],[],[{"start":0,"end":77,"url":null,"entity_id":"Q26566041","candidates":[]}]],[[{"start":0,"end":70,"url":null,"entity_id":"Q26689934","candidates":[]}],[],[{"start":0,"end":76,"url":null,"entity_id":"Q26271038","candidates":[]}]],[[{"start":0,"end":72,"url":null,"entity_id":"Q26689711","candidates":[]}],[],[{"start":0,"end":76,"url":null,"entity_id":"Q26271038","candidates":[]}]],[[{"start":0,"end":73,"url":null,"entity_id":"Q26689710","candidates":[]}],[],[{"start":0,"end":76,"url":null,"entity_id":"Q26271021","candidates":[]}]],[[{"start":0,"end":62,"url":null,"entity_id":"Q26695628","candidates":[]}],[],[{"start":0,"end":66,"url":null,"entity_id":"Q26235624","candidates":[]}]],[[{"start":0,"end":71,"url":null,"entity_id":"Q26689922","candidates":[]}],[],[{"start":0,"end":69,"url":null,"entity_id":"Q26689923","candidates":[]}]],[[{"start":0,"end":95,"url":null,"entity_id":"Q26689745","candidates":[]}],[],[{"start":0,"end":69,"url":null,"entity_id":"Q26689923","candidates":[]}]],[[{"start":0,"end":80,"url":null,"entity_id":"Q26689743","candidates":[]}],[],[{"start":0,"end":69,"url":null,"entity_id":"Q26689923","candidates":[]}]],[[{"start":0,"end":73,"url":null,"entity_id":"Q26689709","candidates":[]}],[],[{"start":0,"end":69,"url":null,"entity_id":"Q26689923","candidates":[]}]],[[{"start":0,"end":73,"url":null,"entity_id":"Q26689708","candidates":[]}],[],[{"start":0,"end":69,"url":null,"entity_id":"Q26689923","candidates":[]}]],[[{"start":0,"end":70,"url":null,"entity_id":"Q26689933","candidates":[]}],[],[{"start":0,"end":73,"url":null,"entity_id":"Q26689710","candidates":[]}]],[[{"start":0,"end":75,"url":null,"entity_id":"Q26250405","candidates":[]}],[],[{"start":0,"end":64,"url":null,"entity_id":"Q26695629","candidates":[]}]],[[{"start":0,"end":82,"url":null,"entity_id":"Q26552652","candidates":[]}],[],[{"start":0,"end":69,"url":null,"entity_id":"Q26689923","candidates":[]}]],[[{"start":0,"end":72,"url":null,"entity_id":"Q26254092","candidates":[]}],[],[{"start":0,"end":76,"url":null,"entity_id":"Q26571060","candidates":[]}]],[[{"start":0,"end":77,"url":null,"entity_id":"Q26566041","candidates":[]}],[],[{"start":0,"end":79,"url":null,"entity_id":"Q26564486","candidates":[]}]]]}