{"version":"1.2","table":{"version":"2","table_id":"0MZX65PH","columns":[{"index":0,"name":"col0","values":["p-xylene","m-xylene","o-xylene","2-pentyl acetate","isopentyl methyl ketone","methoxyisopropanol","cyclohexylamine","mesityl oxide","epichlorohydrin","Dicyclopentadiene","amyl acetate","ethylenediamine","morpholine","cumene","chlorobenzene","isoamyl acetate","2-nitropropane","hexan-2-one","2-butanol","(1E)-1,3-dichloropropene"]},{"index":1,"name":"col1","values":["81","82","90","32","97","97","88","87","93","90","77","93","98","31","82","77","75","77","75","77"]},{"index":2,"name":"col2","values":["7","7","6.7","7.5","8.2","13.8","9.4","7.2","21","6.3","7.5","12","11.2","6.5","9.6","7.5","11","8","9.8","14.5"]}]},"context":{"page_title":null,"page_url":null,"page_entity_id":null,"content_hierarchy":[]},"links":[[[{"start":0,"end":8,"url":null,"entity_id":"Q3314420","candidates":[]}],[],[]],[[{"start":0,"end":8,"url":null,"entity_id":"Q3234708","candidates":[]}],[],[]],[[{"start":0,"end":8,"url":null,"entity_id":"Q2988108","candidates":[]}],[],[]],[[{"start":0,"end":16,"url":null,"entity_id":"Q2180922","candidates":[]}],[],[]],[[{"start":0,"end":23,"url":null,"entity_id":"Q2152381","candidates":[]}],[],[]],[[{"start":0,"end":18,"url":null,"entity_id":"Q1884806","candidates":[]}],[],[]],[[{"start":0,"end":15,"url":null,"entity_id":"Q1147539","candidates":[]}],[],[]],[[{"start":0,"end":13,"url":null,"entity_id":"Q425668","candidates":[]}],[],[]],[[{"start":0,"end":15,"url":null,"entity_id":"Q423083","candidates":[]}],[],[]],[[{"start":0,"end":17,"url":null,"entity_id":"Q419053","candidates":[]}],[],[]],[[{"start":0,"end":12,"url":null,"entity_id":"Q416972","candidates":[]}],[],[]],[[{"start":0,"end":15,"url":null,"entity_id":"Q411362","candidates":[]}],[],[]],[[{"start":0,"end":10,"url":null,"entity_id":"Q410243","candidates":[]}],[],[]],[[{"start":0,"end":6,"url":null,"entity_id":"Q410107","candidates":[]}],[],[]],[[{"start":0,"end":13,"url":null,"entity_id":"Q407768","candidates":[]}],[],[]],[[{"start":0,"end":15,"url":null,"entity_id":"Q221307","candidates":[]}],[],[]],[[{"start":0,"end":14,"url":null,"entity_id":"Q209453","candidates":[]}],[],[]],[[{"start":0,"end":11,"url":null,"entity_id":"Q209404","candidates":[]}],[],[]],[[{"start":0,"end":9,"url":null,"entity_id":"Q209332","candidates":[]}],[],[]],[[{"start":0,"end":24,"url":null,"entity_id":"Q161507","candidates":[]}],[],[]]]}