{"version":"1.2","table":{"version":"2","table_id":"0N9YLWN8","columns":[{"index":0,"name":"col0","values":["2016–17 ISU Speed Skating World Cup – Women's 500 metres","2016–17 ISU Speed Skating World Cup – World Cup 1","2015–16 ISU Speed Skating World Cup – Women's allround combination","2015–16 ISU Speed Skating World Cup – Women's sprint combination","2015–16 ISU Speed Skating World Cup – Men's allround combination","2015–16 ISU Speed Skating World Cup – Men's sprint combination","2015–16 ISU Speed Skating World Cup – Men's team sprint","2015–16 ISU Speed Skating World Cup – Men's team pursuit","2014–15 ISU Speed Skating World Cup – Men's team pursuit","2013–14 ISU Speed Skating World Cup – Men's team pursuit","2015–16 ISU Speed Skating World Cup – Men's mass start","2014–15 ISU Speed Skating World Cup – Men's mass start","2013–14 ISU Speed Skating World Cup – Men's mass start","2015–16 ISU Speed Skating World Cup – Men's 5000 and 10000 metres","2014–15 ISU Speed Skating World Cup – Men's 5000 and 10000 metres","2013–14 ISU Speed Skating World Cup – Men's 5000 and 10000 metres","2015–16 ISU Speed Skating World Cup – Men's 1500 metres","2014–15 ISU Speed Skating World Cup – Men's 1500 metres","2013–14 ISU Speed Skating World Cup – Men's 1500 metres","2015–16 ISU Speed Skating World Cup – Men's 1000 metres","2014–15 ISU Speed Skating World Cup – Men's 1000 metres","2013–14 ISU Speed Skating World Cup – Men's 1000 metres","2015–16 ISU Speed Skating World Cup – Men's 500 metres","2014–15 ISU Speed Skating World Cup – Men's 500 metres","2013–14 ISU Speed Skating World Cup – Men's 500 metres","2015–16 ISU Speed Skating World Cup – Women's team sprint","2015–16 ISU Speed Skating World Cup – Women's team pursuit","2014–15 ISU Speed Skating World Cup – Women's team pursuit","2013–14 ISU Speed Skating World Cup – Women's team pursuit","2015–16 ISU Speed Skating World Cup – Women's mass start"]},{"index":1,"name":"col1","values":["2016–17 ISU Speed Skating World Cup","2016–17 ISU Speed Skating World Cup","2015–16 ISU Speed Skating World Cup","2015–16 ISU Speed Skating World Cup","2015–16 ISU Speed Skating World Cup","2015–16 ISU Speed Skating World Cup","2015–16 ISU Speed Skating World Cup","2015–16 ISU Speed Skating World Cup","2014–15 ISU Speed Skating World Cup","2013–14 ISU Speed Skating World Cup","2015–16 ISU Speed Skating World Cup","2014–15 ISU Speed Skating World Cup","2013–14 ISU Speed Skating World Cup","2015–16 ISU Speed Skating World Cup","2014–15 ISU Speed Skating World Cup","2013–14 ISU Speed Skating World Cup","2015–16 ISU Speed Skating World Cup","2014–15 ISU Speed Skating World Cup","2013–14 ISU Speed Skating World Cup","2015–16 ISU Speed Skating World Cup","2014–15 ISU Speed Skating World Cup","2013–14 ISU Speed Skating World Cup","2015–16 ISU Speed Skating World Cup","2014–15 ISU Speed Skating World Cup","2013–14 ISU Speed Skating World Cup","2015–16 ISU Speed Skating World Cup","2015–16 ISU Speed Skating World Cup","2014–15 ISU Speed Skating World Cup","2013–14 ISU Speed Skating World Cup","2015–16 ISU Speed Skating World Cup"]},{"index":2,"name":"col2","values":["Template:2016–17 ISU SS women's 500","Template:2016–17 ISU SS WC1","Template:2015–16 ISU SS women's allround combination","Template:2015–16 ISU SS women's sprint combination","Template:2015–16 ISU SS men's allround combination","Template:2015–16 ISU SS men's sprint combination","Template:2015–16 ISU SS men's team sprint","Template:2015–16 ISU SS men's team pursuit","Template:2014–15 ISU SS men's team pursuit","Template:2013–14 ISU SS men's team pursuit","Template:2015–16 ISU SS men's mass start","Template:2014–15 ISU SS men's mass start","Template:2013–14 ISU SS men's mass start","Template:2015–16 ISU SS men's 5000 and 10000","Template:2014–15 ISU SS men's 5000 and 10000","Template:2013–14 ISU SS men's 5000 and 10000","Template:2015–16 ISU SS men's 1500","Template:2014–15 ISU SS men's 1500","Template:2013–14 ISU SS men's 1500","Template:2015–16 ISU SS men's 1000","Template:2014–15 ISU SS men's 1000","Template:2013–14 ISU SS men's 1000","Template:2015–16 ISU SS men's 500","Template:2014–15 ISU SS men's 500","Template:2013–14 ISU SS men's 500","Template:2015–16 ISU SS women's team sprint","Template:2015–16 ISU SS women's team pursuit","Template:2014–15 ISU SS women's team pursuit","Template:2013–14 ISU SS women's team pursuit","Template:2015–16 ISU SS women's mass start"]}]},"context":{"page_title":null,"page_url":null,"page_entity_id":null,"content_hierarchy":[]},"links":[[[{"start":0,"end":49,"url":null,"entity_id":"Q27826550","candidates":[]}],[{"start":0,"end":35,"url":null,"entity_id":"Q27137769","candidates":[]}],[{"start":0,"end":27,"url":null,"entity_id":"Q47501702","candidates":[]}]],[[{"start":0,"end":66,"url":null,"entity_id":"Q23058790","candidates":[]}],[{"start":0,"end":35,"url":null,"entity_id":"Q21230395","candidates":[]}],[{"start":0,"end":52,"url":null,"entity_id":"Q25732355","candidates":[]}]],[[{"start":0,"end":64,"url":null,"entity_id":"Q23058792","candidates":[]}],[{"start":0,"end":35,"url":null,"entity_id":"Q21230395","candidates":[]}],[{"start":0,"end":50,"url":null,"entity_id":"Q25732217","candidates":[]}]],[[{"start":0,"end":64,"url":null,"entity_id":"Q23058566","candidates":[]}],[{"start":0,"end":35,"url":null,"entity_id":"Q21230395","candidates":[]}],[{"start":0,"end":50,"url":null,"entity_id":"Q25732209","candidates":[]}]],[[{"start":0,"end":62,"url":null,"entity_id":"Q23058569","candidates":[]}],[{"start":0,"end":35,"url":null,"entity_id":"Q21230395","candidates":[]}],[{"start":0,"end":48,"url":null,"entity_id":"Q25732140","candidates":[]}]],[[{"start":0,"end":55,"url":null,"entity_id":"Q23058571","candidates":[]}],[{"start":0,"end":35,"url":null,"entity_id":"Q21230395","candidates":[]}],[{"start":0,"end":41,"url":null,"entity_id":"Q22762123","candidates":[]}]],[[{"start":0,"end":56,"url":null,"entity_id":"Q23058570","candidates":[]}],[{"start":0,"end":35,"url":null,"entity_id":"Q21230395","candidates":[]}],[{"start":0,"end":42,"url":null,"entity_id":"Q22762118","candidates":[]}]],[[{"start":0,"end":56,"url":null,"entity_id":"Q18348284","candidates":[]}],[{"start":0,"end":35,"url":null,"entity_id":"Q18208472","candidates":[]}],[{"start":0,"end":42,"url":null,"entity_id":"Q22762108","candidates":[]}]],[[{"start":0,"end":56,"url":null,"entity_id":"Q15075728","candidates":[]}],[{"start":0,"end":35,"url":null,"entity_id":"Q14539235","candidates":[]}],[{"start":0,"end":42,"url":null,"entity_id":"Q22762098","candidates":[]}]],[[{"start":0,"end":54,"url":null,"entity_id":"Q23058568","candidates":[]}],[{"start":0,"end":35,"url":null,"entity_id":"Q21230395","candidates":[]}],[{"start":0,"end":40,"url":null,"entity_id":"Q22761745","candidates":[]}]],[[{"start":0,"end":54,"url":null,"entity_id":"Q18348280","candidates":[]}],[{"start":0,"end":35,"url":null,"entity_id":"Q18208472","candidates":[]}],[{"start":0,"end":40,"url":null,"entity_id":"Q22761732","candidates":[]}]],[[{"start":0,"end":54,"url":null,"entity_id":"Q15075536","candidates":[]}],[{"start":0,"end":35,"url":null,"entity_id":"Q14539235","candidates":[]}],[{"start":0,"end":40,"url":null,"entity_id":"Q22761725","candidates":[]}]],[[{"start":0,"end":65,"url":null,"entity_id":"Q23058565","candidates":[]}],[{"start":0,"end":35,"url":null,"entity_id":"Q21230395","candidates":[]}],[{"start":0,"end":44,"url":null,"entity_id":"Q22760546","candidates":[]}]],[[{"start":0,"end":65,"url":null,"entity_id":"Q18348274","candidates":[]}],[{"start":0,"end":35,"url":null,"entity_id":"Q18208472","candidates":[]}],[{"start":0,"end":44,"url":null,"entity_id":"Q22760530","candidates":[]}]],[[{"start":0,"end":65,"url":null,"entity_id":"Q15075119","candidates":[]}],[{"start":0,"end":35,"url":null,"entity_id":"Q14539235","candidates":[]}],[{"start":0,"end":44,"url":null,"entity_id":"Q22760518","candidates":[]}]],[[{"start":0,"end":55,"url":null,"entity_id":"Q23058564","candidates":[]}],[{"start":0,"end":35,"url":null,"entity_id":"Q21230395","candidates":[]}],[{"start":0,"end":34,"url":null,"entity_id":"Q22760506","candidates":[]}]],[[{"start":0,"end":55,"url":null,"entity_id":"Q18348271","candidates":[]}],[{"start":0,"end":35,"url":null,"entity_id":"Q18208472","candidates":[]}],[{"start":0,"end":34,"url":null,"entity_id":"Q22760495","candidates":[]}]],[[{"start":0,"end":55,"url":null,"entity_id":"Q15074302","candidates":[]}],[{"start":0,"end":35,"url":null,"entity_id":"Q14539235","candidates":[]}],[{"start":0,"end":34,"url":null,"entity_id":"Q22760484","candidates":[]}]],[[{"start":0,"end":55,"url":null,"entity_id":"Q23058563","candidates":[]}],[{"start":0,"end":35,"url":null,"entity_id":"Q21230395","candidates":[]}],[{"start":0,"end":34,"url":null,"entity_id":"Q22760476","candidates":[]}]],[[{"start":0,"end":55,"url":null,"entity_id":"Q18348267","candidates":[]}],[{"start":0,"end":35,"url":null,"entity_id":"Q18208472","candidates":[]}],[{"start":0,"end":34,"url":null,"entity_id":"Q22760463","candidates":[]}]],[[{"start":0,"end":55,"url":null,"entity_id":"Q15074005","candidates":[]}],[{"start":0,"end":35,"url":null,"entity_id":"Q14539235","candidates":[]}],[{"start":0,"end":34,"url":null,"entity_id":"Q22760451","candidates":[]}]],[[{"start":0,"end":54,"url":null,"entity_id":"Q23058562","candidates":[]}],[{"start":0,"end":35,"url":null,"entity_id":"Q21230395","candidates":[]}],[{"start":0,"end":33,"url":null,"entity_id":"Q22760418","candidates":[]}]],[[{"start":0,"end":54,"url":null,"entity_id":"Q18348278","candidates":[]}],[{"start":0,"end":35,"url":null,"entity_id":"Q18208472","candidates":[]}],[{"start":0,"end":33,"url":null,"entity_id":"Q22760411","candidates":[]}]],[[{"start":0,"end":54,"url":null,"entity_id":"Q15073586","candidates":[]}],[{"start":0,"end":35,"url":null,"entity_id":"Q14539235","candidates":[]}],[{"start":0,"end":33,"url":null,"entity_id":"Q22760399","candidates":[]}]],[[{"start":0,"end":57,"url":null,"entity_id":"Q23058794","candidates":[]}],[{"start":0,"end":35,"url":null,"entity_id":"Q21230395","candidates":[]}],[{"start":0,"end":43,"url":null,"entity_id":"Q22737440","candidates":[]}]],[[{"start":0,"end":58,"url":null,"entity_id":"Q23058793","candidates":[]}],[{"start":0,"end":35,"url":null,"entity_id":"Q21230395","candidates":[]}],[{"start":0,"end":44,"url":null,"entity_id":"Q22737425","candidates":[]}]],[[{"start":0,"end":58,"url":null,"entity_id":"Q18348300","candidates":[]}],[{"start":0,"end":35,"url":null,"entity_id":"Q18208472","candidates":[]}],[{"start":0,"end":44,"url":null,"entity_id":"Q22737416","candidates":[]}]],[[{"start":0,"end":58,"url":null,"entity_id":"Q15075770","candidates":[]}],[{"start":0,"end":35,"url":null,"entity_id":"Q14539235","candidates":[]}],[{"start":0,"end":44,"url":null,"entity_id":"Q22737406","candidates":[]}]],[[{"start":0,"end":56,"url":null,"entity_id":"Q23058791","candidates":[]}],[{"start":0,"end":35,"url":null,"entity_id":"Q21230395","candidates":[]}],[{"start":0,"end":42,"url":null,"entity_id":"Q22737151","candidates":[]}]],[[{"start":0,"end":56,"url":null,"entity_id":"Q42529497","candidates":[]}],[{"start":0,"end":35,"url":null,"entity_id":"Q27137769","candidates":[]}],[{"start":0,"end":35,"url":null,"entity_id":"Q47501802","candidates":[]}]]]}