{"version":"1.2","table":{"version":"2","table_id":"0NTO3RPU","columns":[{"index":0,"name":"col0","values":["Heliolisk","Furfrou","Staraptor","Persian","Watchog","Unfezant","Tranquill","Stoutland","Sawsbuck","Braviary","Audino","Ditto","Azurill","Igglybuff","Dodrio","Swellow","Spinda","Dunsparce","Kecleon","Glameow"]},{"index":1,"name":"col1","values":["100","120","120","100","110","120","60","120","190","150","110","30","20","30","180","70","110","150","100","50"]},{"index":2,"name":"col2","values":["21","28","249","32","27","29","15","61","925","41","31","4","2","1","852","198","5","14","22","39"]}]},"context":{"page_title":null,"page_url":null,"page_entity_id":null,"content_hierarchy":[]},"links":[[[{"start":0,"end":9,"url":null,"entity_id":"Q16563079","candidates":[]}],[],[]],[[{"start":0,"end":7,"url":null,"entity_id":"Q16557928","candidates":[]}],[],[]],[[{"start":0,"end":9,"url":null,"entity_id":"Q12709644","candidates":[]}],[],[]],[[{"start":0,"end":7,"url":null,"entity_id":"Q11109038","candidates":[]}],[],[]],[[{"start":0,"end":7,"url":null,"entity_id":"Q4018510","candidates":[]}],[],[]],[[{"start":0,"end":8,"url":null,"entity_id":"Q4004647","candidates":[]}],[],[]],[[{"start":0,"end":9,"url":null,"entity_id":"Q3997453","candidates":[]}],[],[]],[[{"start":0,"end":9,"url":null,"entity_id":"Q3974563","candidates":[]}],[],[]],[[{"start":0,"end":8,"url":null,"entity_id":"Q3951175","candidates":[]}],[],[]],[[{"start":0,"end":8,"url":null,"entity_id":"Q3643950","candidates":[]}],[],[]],[[{"start":0,"end":6,"url":null,"entity_id":"Q3629484","candidates":[]}],[],[]],[[{"start":0,"end":5,"url":null,"entity_id":"Q3362536","candidates":[]}],[],[]],[[{"start":0,"end":7,"url":null,"entity_id":"Q2739480","candidates":[]}],[],[]],[[{"start":0,"end":9,"url":null,"entity_id":"Q2739085","candidates":[]}],[],[]],[[{"start":0,"end":6,"url":null,"entity_id":"Q2739048","candidates":[]}],[],[]],[[{"start":0,"end":7,"url":null,"entity_id":"Q2738326","candidates":[]}],[],[]],[[{"start":0,"end":6,"url":null,"entity_id":"Q2721212","candidates":[]}],[],[]],[[{"start":0,"end":9,"url":null,"entity_id":"Q2720920","candidates":[]}],[],[]],[[{"start":0,"end":7,"url":null,"entity_id":"Q2720910","candidates":[]}],[],[]],[[{"start":0,"end":7,"url":null,"entity_id":"Q2720845","candidates":[]}],[],[]]]}