{"version":"1.2","table":{"version":"2","table_id":"0O5BNSNV","columns":[{"index":0,"name":"col0","values":["Gilmore Car Museum","Central Texas Museum of Automotive History","Collings Foundation","Haynes International Motor Museum","Brooklands Museum","Auburn Cord Duesenberg Automobile Museum","Champlain Valley Transportation Museum","Dick's Classic Garage","National Motor Museum","National Corvette Museum","London Motor Museum","Mercedes-Benz Museum","Royal Automobile Museum","The Henry Ford","BMW Museum","National Motor Museum","Galleria Ferrari","Museo Lamborghini","Automuseum Dr. Carl Benz","Barber Vintage Motorsports Museum"]},{"index":1,"name":"col1","values":["Hickory Corners","Rosanky, Texas","Stow","Sparkford","Elmbridge","Auburn","Plattsburgh","San Marcos","Birdwood","Bowling Green","Hayes","Bad Cannstatt","Amman Governorate","Dearborn","Milbertshofen-Am Hart","Beaulieu","Maranello","Sant'Agata Bolognese","Ladenburg","Birmingham"]},{"index":2,"name":"col2","values":["1966-01-01","1980-01-01","1979-01-01","1985-01-01","1991-01-01","1930-01-01","2000-01-01","1980-01-01","1964-01-01","1994-01-01","2012-01-01","1936-01-01","2003-01-01","1929-10-21","1972-01-01","1952-01-01","1990-02-01","2001-01-01","1984-01-01","1995-03-14"]}]},"context":{"page_title":null,"page_url":null,"page_entity_id":null,"content_hierarchy":[]},"links":[[[{"start":0,"end":18,"url":null,"entity_id":"Q5562522","candidates":[]}],[{"start":0,"end":15,"url":null,"entity_id":"Q12175864","candidates":[]}],[]],[[{"start":0,"end":42,"url":null,"entity_id":"Q5061910","candidates":[]}],[{"start":0,"end":14,"url":null,"entity_id":"Q7367322","candidates":[]}],[]],[[{"start":0,"end":19,"url":null,"entity_id":"Q5147274","candidates":[]}],[{"start":0,"end":4,"url":null,"entity_id":"Q3974584","candidates":[]}],[]],[[{"start":0,"end":33,"url":null,"entity_id":"Q5687074","candidates":[]}],[{"start":0,"end":9,"url":null,"entity_id":"Q2583160","candidates":[]}],[]],[[{"start":0,"end":17,"url":null,"entity_id":"Q4974674","candidates":[]}],[{"start":0,"end":9,"url":null,"entity_id":"Q1292592","candidates":[]}],[]],[[{"start":0,"end":40,"url":null,"entity_id":"Q3629435","candidates":[]}],[{"start":0,"end":6,"url":null,"entity_id":"Q1075822","candidates":[]}],[]],[[{"start":0,"end":38,"url":null,"entity_id":"Q5070183","candidates":[]}],[{"start":0,"end":11,"url":null,"entity_id":"Q998669","candidates":[]}],[]],[[{"start":0,"end":21,"url":null,"entity_id":"Q18351651","candidates":[]}],[{"start":0,"end":10,"url":null,"entity_id":"Q982353","candidates":[]}],[]],[[{"start":0,"end":21,"url":null,"entity_id":"Q15261134","candidates":[]}],[{"start":0,"end":8,"url":null,"entity_id":"Q865122","candidates":[]}],[]],[[{"start":0,"end":24,"url":null,"entity_id":"Q6971870","candidates":[]}],[{"start":0,"end":13,"url":null,"entity_id":"Q694545","candidates":[]}],[]],[[{"start":0,"end":19,"url":null,"entity_id":"Q15242652","candidates":[]}],[{"start":0,"end":5,"url":null,"entity_id":"Q678138","candidates":[]}],[]],[[{"start":0,"end":20,"url":null,"entity_id":"Q707377","candidates":[]}],[{"start":0,"end":13,"url":null,"entity_id":"Q656982","candidates":[]}],[]],[[{"start":0,"end":23,"url":null,"entity_id":"Q1796169","candidates":[]}],[{"start":0,"end":17,"url":null,"entity_id":"Q472788","candidates":[]}],[]],[[{"start":0,"end":14,"url":null,"entity_id":"Q3521242","candidates":[]}],[{"start":0,"end":8,"url":null,"entity_id":"Q430464","candidates":[]}],[]],[[{"start":0,"end":10,"url":null,"entity_id":"Q703212","candidates":[]}],[{"start":0,"end":21,"url":null,"entity_id":"Q251311","candidates":[]}],[]],[[{"start":0,"end":21,"url":null,"entity_id":"Q568785","candidates":[]}],[{"start":0,"end":8,"url":null,"entity_id":"Q186954","candidates":[]}],[]],[[{"start":0,"end":16,"url":null,"entity_id":"Q2706867","candidates":[]}],[{"start":0,"end":9,"url":null,"entity_id":"Q100060","candidates":[]}],[]],[[{"start":0,"end":17,"url":null,"entity_id":"Q3329238","candidates":[]}],[{"start":0,"end":20,"url":null,"entity_id":"Q94996","candidates":[]}],[]],[[{"start":0,"end":24,"url":null,"entity_id":"Q787947","candidates":[]}],[{"start":0,"end":9,"url":null,"entity_id":"Q83225","candidates":[]}],[]],[[{"start":0,"end":33,"url":null,"entity_id":"Q3634739","candidates":[]}],[{"start":0,"end":10,"url":null,"entity_id":"Q79867","candidates":[]}],[]]]}