{"version":"1.2","table":{"version":"2","table_id":"0OAMADWH","columns":[{"index":0,"name":"col0","values":["barium-152","barium-151","barium-150","barium-149","barium-148","barium-147","barium-146","barium-145","barium-144","barium-143","barium-142","barium-141","barium-140","barium-139","barium-133","barium-131","barium-129","barium-128","barium-127","barium-126"]},{"index":1,"name":"col1","values":["151.955222","150.951755","149.94643","148.942973","147.938170578","146.9353039","145.930276431","144.9275184","143.922954821","142.92062515","141.916432888","140.9144035","139.910606666","138.908841334","132.906007325","130.906941181","128.908680896","127.908342408","126.911091275","125.911250204"]},{"index":2,"name":"col2","values":["406","300","0.3","0.344","0.612","0.894","2.22","4.31","11.5","14.5","10.6","18.27","12.7527","83.06","10.551","11.5","2.23","2.43","12.7","100"]},{"index":3,"name":"col3","values":["56","56","56","56","56","56","56","56","56","56","56","56","56","56","56","56","56","56","56","56"]},{"index":4,"name":"col4","values":["-41710","-44940","-49900","-53120.309","-57593.735","-60264.029","-64947.086","-67516.176","-71767.121","-73937.197","-77842.264","-79732.626","-83269.354","-84913.751","-87553.613","-86683.731","-85063.198","-85378.497","-82817.944","-82669.902"]},{"index":5,"name":"col5","values":["1224664","1219929","1216800","1211935.157","1208337.268","1202936.28","1199547.972","1194045.71","1190225.376","1184324.141","1180157.882","1173976.998","1169442.4","1163015.363","1117227.398","1100214.897","1082451.642","1074695.68","1064063.785","1055844.468"]}]},"context":{"page_title":null,"page_url":null,"page_entity_id":null,"content_hierarchy":[]},"links":[[[{"start":0,"end":10,"url":null,"entity_id":"Q18881748","candidates":[]}],[],[],[],[],[]],[[{"start":0,"end":10,"url":null,"entity_id":"Q18881747","candidates":[]}],[],[],[],[],[]],[[{"start":0,"end":10,"url":null,"entity_id":"Q18881746","candidates":[]}],[],[],[],[],[]],[[{"start":0,"end":10,"url":null,"entity_id":"Q18881745","candidates":[]}],[],[],[],[],[]],[[{"start":0,"end":10,"url":null,"entity_id":"Q18881744","candidates":[]}],[],[],[],[],[]],[[{"start":0,"end":10,"url":null,"entity_id":"Q18881743","candidates":[]}],[],[],[],[],[]],[[{"start":0,"end":10,"url":null,"entity_id":"Q18881741","candidates":[]}],[],[],[],[],[]],[[{"start":0,"end":10,"url":null,"entity_id":"Q18881739","candidates":[]}],[],[],[],[],[]],[[{"start":0,"end":10,"url":null,"entity_id":"Q18881738","candidates":[]}],[],[],[],[],[]],[[{"start":0,"end":10,"url":null,"entity_id":"Q18881736","candidates":[]}],[],[],[],[],[]],[[{"start":0,"end":10,"url":null,"entity_id":"Q18881734","candidates":[]}],[],[],[],[],[]],[[{"start":0,"end":10,"url":null,"entity_id":"Q18881733","candidates":[]}],[],[],[],[],[]],[[{"start":0,"end":10,"url":null,"entity_id":"Q18881732","candidates":[]}],[],[],[],[],[]],[[{"start":0,"end":10,"url":null,"entity_id":"Q18881730","candidates":[]}],[],[],[],[],[]],[[{"start":0,"end":10,"url":null,"entity_id":"Q18881721","candidates":[]}],[],[],[],[],[]],[[{"start":0,"end":10,"url":null,"entity_id":"Q18881719","candidates":[]}],[],[],[],[],[]],[[{"start":0,"end":10,"url":null,"entity_id":"Q18881716","candidates":[]}],[],[],[],[],[]],[[{"start":0,"end":10,"url":null,"entity_id":"Q18881714","candidates":[]}],[],[],[],[],[]],[[{"start":0,"end":10,"url":null,"entity_id":"Q18881711","candidates":[]}],[],[],[],[],[]],[[{"start":0,"end":10,"url":null,"entity_id":"Q18881709","candidates":[]}],[],[],[],[],[]]]}