{"version":"1.2","table":{"version":"2","table_id":"0OKK7QGN","columns":[{"index":0,"name":"col0","values":["Baden XIV (alt)","Baden XI (old)","Baden XII (old)","Baden X","Baden XIII (old)","Baden V b","Baden VI b","Baden VI a","Baden VI (old)","Baden V (old)","Baden VII d","Baden VII (old)","Baden VII c","Baden VIII a","Baden VIII b","Baden VIII d","Baden VIII (old)","Baden I e","Baden I g","Baden I c (old)"]},{"index":1,"name":"col1","values":["46","22","41","1","2","8","173","2","8","5","89","4","4","12","10","2","8","30","28","3"]},{"index":2,"name":"col2","values":["2","2","2","2","2","2","2","2","2","2","2","2","2","2","2","2","2","2","2","2"]},{"index":3,"name":"col3","values":["1900-01-01","1897-01-01","1904-01-01","1898-01-01","1916-01-01","1920-01-01","1965-01-01","1919-01-01","1868-01-01","1875-01-01","1925-01-01","1869-01-01","1929-01-01","1925-01-01","1925-01-01","1915-01-01","1883-01-01","1929-01-01","1952-01-01","1884-01-01"]}]},"context":{"page_title":null,"page_url":null,"page_entity_id":null,"content_hierarchy":[]},"links":[[[{"start":0,"end":15,"url":null,"entity_id":"Q799131","candidates":[]}],[],[],[]],[[{"start":0,"end":14,"url":null,"entity_id":"Q799130","candidates":[]}],[],[],[]],[[{"start":0,"end":15,"url":null,"entity_id":"Q799129","candidates":[]}],[],[],[]],[[{"start":0,"end":7,"url":null,"entity_id":"Q799126","candidates":[]}],[],[],[]],[[{"start":0,"end":16,"url":null,"entity_id":"Q799124","candidates":[]}],[],[],[]],[[{"start":0,"end":9,"url":null,"entity_id":"Q799122","candidates":[]}],[],[],[]],[[{"start":0,"end":10,"url":null,"entity_id":"Q799118","candidates":[]}],[],[],[]],[[{"start":0,"end":10,"url":null,"entity_id":"Q799117","candidates":[]}],[],[],[]],[[{"start":0,"end":14,"url":null,"entity_id":"Q799116","candidates":[]}],[],[],[]],[[{"start":0,"end":13,"url":null,"entity_id":"Q799115","candidates":[]}],[],[],[]],[[{"start":0,"end":11,"url":null,"entity_id":"Q799114","candidates":[]}],[],[],[]],[[{"start":0,"end":15,"url":null,"entity_id":"Q799113","candidates":[]}],[],[],[]],[[{"start":0,"end":11,"url":null,"entity_id":"Q799110","candidates":[]}],[],[],[]],[[{"start":0,"end":12,"url":null,"entity_id":"Q799109","candidates":[]}],[],[],[]],[[{"start":0,"end":12,"url":null,"entity_id":"Q799107","candidates":[]}],[],[],[]],[[{"start":0,"end":12,"url":null,"entity_id":"Q799105","candidates":[]}],[],[],[]],[[{"start":0,"end":16,"url":null,"entity_id":"Q799103","candidates":[]}],[],[],[]],[[{"start":0,"end":9,"url":null,"entity_id":"Q799088","candidates":[]}],[],[],[]],[[{"start":0,"end":9,"url":null,"entity_id":"Q799086","candidates":[]}],[],[],[]],[[{"start":0,"end":15,"url":null,"entity_id":"Q799082","candidates":[]}],[],[],[]]]}