{"version":"1.2","table":{"version":"2","table_id":"0P0WW369","columns":[{"index":0,"name":"col0","values":["Loran Township","Woodland Township","Warren Township","Marion Township","Rockvale Township","Kent Township","White Rock Township","Lynnville Township","Lancaster Township","Mount Carroll Township","Fairhaven Township","Elkhorn Grove Township","Wysox Township","Nora Township","Erin Township","Harlem Township","Dakota Township","Coloma Township","Rock Creek-Lima Township","Taylor Township"]},{"index":1,"name":"col1","values":["810","192","304","738","748","840","574","771","860","246","258","264","213","299","1017","814","919","650","260","738"]},{"index":2,"name":"col2","values":["35.06","36.61","19.7","45.42","35.64","35.47","35.56","34.92","32.08","37.61","38.18","19.5","38.08","25.34","18.15","31.52","18.01","11.18","54.06","15.59"]}]},"context":{"page_title":null,"page_url":null,"page_entity_id":null,"content_hierarchy":[]},"links":[[[{"start":0,"end":17,"url":null,"entity_id":"Q988028","candidates":[]}],[],[]],[[{"start":0,"end":15,"url":null,"entity_id":"Q987954","candidates":[]}],[],[]],[[{"start":0,"end":15,"url":null,"entity_id":"Q987937","candidates":[]}],[],[]],[[{"start":0,"end":17,"url":null,"entity_id":"Q987927","candidates":[]}],[],[]],[[{"start":0,"end":13,"url":null,"entity_id":"Q987905","candidates":[]}],[],[]],[[{"start":0,"end":19,"url":null,"entity_id":"Q987892","candidates":[]}],[],[]],[[{"start":0,"end":18,"url":null,"entity_id":"Q987886","candidates":[]}],[],[]],[[{"start":0,"end":18,"url":null,"entity_id":"Q987876","candidates":[]}],[],[]],[[{"start":0,"end":22,"url":null,"entity_id":"Q987870","candidates":[]}],[],[]],[[{"start":0,"end":18,"url":null,"entity_id":"Q987861","candidates":[]}],[],[]],[[{"start":0,"end":22,"url":null,"entity_id":"Q987850","candidates":[]}],[],[]],[[{"start":0,"end":14,"url":null,"entity_id":"Q987845","candidates":[]}],[],[]],[[{"start":0,"end":13,"url":null,"entity_id":"Q987836","candidates":[]}],[],[]],[[{"start":0,"end":13,"url":null,"entity_id":"Q987832","candidates":[]}],[],[]],[[{"start":0,"end":15,"url":null,"entity_id":"Q987828","candidates":[]}],[],[]],[[{"start":0,"end":15,"url":null,"entity_id":"Q987822","candidates":[]}],[],[]],[[{"start":0,"end":15,"url":null,"entity_id":"Q987815","candidates":[]}],[],[]],[[{"start":0,"end":24,"url":null,"entity_id":"Q987812","candidates":[]}],[],[]],[[{"start":0,"end":15,"url":null,"entity_id":"Q987805","candidates":[]}],[],[]],[[{"start":0,"end":14,"url":null,"entity_id":"Q988034","candidates":[]}],[],[]]]}