{"version":"1.2","table":{"version":"2","table_id":"0P4Y07PN","columns":[{"index":0,"name":"col0","values":["L'amour au grand soleil","Eternamente","Vieni, primavera","True to You","Écris l'histoire","Pensami","El extranjero","Candilejas","Immagina che","Ha gli occhi chiusi la città","Testardo io","Será que no me amas","L'homme au traîneau","Partir, il nous faut","Dans le temps","Ce serait dommage","Piccolo ragazzo","Yours","Spiel ohne Grenzen","Jetzt kommt die Flut"]},{"index":1,"name":"col1","values":["SACEM repertory","SIAE repertory","SIAE repertory","SACEM repertory","SACEM repertory","SIAE repertory","SGAE repertory","SGAE repertory","SIAE repertory","SIAE repertory","SGAE repertory","SGAE repertory","SACEM repertory","SACEM repertory","SACEM repertory","SACEM repertory","SIAE repertory","SACEM repertory","GEMA Repertoire","GEMA Repertoire"]},{"index":2,"name":"col2","values":["Pierre Carrel","Giuseppe Gramitto Ricci","Felice Piccarreda","Elisa Landes","Katia Landréas","Giovanni Belfiore","August Algueró i Algueró","Enrique Martín Garea","Paolo Dossena","Gian Pieretti","Cristiano Malgioglio","Juan Carlos Calderón","Gilles Thibaut","Georges Aber","Georges Aber","Fernand Bonifay","Mogol","Jack Sher","Horst Königstein","Horst Königstein"]}]},"context":{"page_title":null,"page_url":null,"page_entity_id":null,"content_hierarchy":[]},"links":[[[{"start":0,"end":23,"url":null,"entity_id":"Q78605299","candidates":[]}],[{"start":0,"end":15,"url":null,"entity_id":"Q51796663","candidates":[]}],[{"start":0,"end":13,"url":null,"entity_id":"Q78607368","candidates":[]}]],[[{"start":0,"end":11,"url":null,"entity_id":"Q77890483","candidates":[]}],[{"start":0,"end":14,"url":null,"entity_id":"Q64029229","candidates":[]}],[{"start":0,"end":23,"url":null,"entity_id":"Q72803851","candidates":[]}]],[[{"start":0,"end":16,"url":null,"entity_id":"Q66436090","candidates":[]}],[{"start":0,"end":14,"url":null,"entity_id":"Q64029229","candidates":[]}],[{"start":0,"end":17,"url":null,"entity_id":"Q66421581","candidates":[]}]],[[{"start":0,"end":11,"url":null,"entity_id":"Q65512431","candidates":[]}],[{"start":0,"end":15,"url":null,"entity_id":"Q51796663","candidates":[]}],[{"start":0,"end":12,"url":null,"entity_id":"Q65516728","candidates":[]}]],[[{"start":0,"end":16,"url":null,"entity_id":"Q75135733","candidates":[]}],[{"start":0,"end":15,"url":null,"entity_id":"Q51796663","candidates":[]}],[{"start":0,"end":14,"url":null,"entity_id":"Q60836694","candidates":[]}]],[[{"start":0,"end":7,"url":null,"entity_id":"Q77829433","candidates":[]}],[{"start":0,"end":14,"url":null,"entity_id":"Q64029229","candidates":[]}],[{"start":0,"end":17,"url":null,"entity_id":"Q29995023","candidates":[]}]],[[{"start":0,"end":13,"url":null,"entity_id":"Q64627609","candidates":[]}],[{"start":0,"end":14,"url":null,"entity_id":"Q50808010","candidates":[]}],[{"start":0,"end":24,"url":null,"entity_id":"Q11907212","candidates":[]}]],[[{"start":0,"end":10,"url":null,"entity_id":"Q77856185","candidates":[]}],[{"start":0,"end":14,"url":null,"entity_id":"Q50808010","candidates":[]}],[{"start":0,"end":20,"url":null,"entity_id":"Q5833553","candidates":[]}]],[[{"start":0,"end":12,"url":null,"entity_id":"Q66422160","candidates":[]}],[{"start":0,"end":14,"url":null,"entity_id":"Q64029229","candidates":[]}],[{"start":0,"end":13,"url":null,"entity_id":"Q3894000","candidates":[]}]],[[{"start":0,"end":28,"url":null,"entity_id":"Q67620346","candidates":[]}],[{"start":0,"end":14,"url":null,"entity_id":"Q64029229","candidates":[]}],[{"start":0,"end":13,"url":null,"entity_id":"Q3762738","candidates":[]}]],[[{"start":0,"end":11,"url":null,"entity_id":"Q64541602","candidates":[]}],[{"start":0,"end":14,"url":null,"entity_id":"Q50808010","candidates":[]}],[{"start":0,"end":20,"url":null,"entity_id":"Q3697462","candidates":[]}]],[[{"start":0,"end":19,"url":null,"entity_id":"Q79406531","candidates":[]}],[{"start":0,"end":14,"url":null,"entity_id":"Q50808010","candidates":[]}],[{"start":0,"end":20,"url":null,"entity_id":"Q3187598","candidates":[]}]],[[{"start":0,"end":19,"url":null,"entity_id":"Q64746131","candidates":[]}],[{"start":0,"end":15,"url":null,"entity_id":"Q51796663","candidates":[]}],[{"start":0,"end":14,"url":null,"entity_id":"Q3106516","candidates":[]}]],[[{"start":0,"end":20,"url":null,"entity_id":"Q73147968","candidates":[]}],[{"start":0,"end":15,"url":null,"entity_id":"Q51796663","candidates":[]}],[{"start":0,"end":12,"url":null,"entity_id":"Q3102152","candidates":[]}]],[[{"start":0,"end":13,"url":null,"entity_id":"Q73025361","candidates":[]}],[{"start":0,"end":15,"url":null,"entity_id":"Q51796663","candidates":[]}],[{"start":0,"end":12,"url":null,"entity_id":"Q3102152","candidates":[]}]],[[{"start":0,"end":17,"url":null,"entity_id":"Q67584858","candidates":[]}],[{"start":0,"end":15,"url":null,"entity_id":"Q51796663","candidates":[]}],[{"start":0,"end":15,"url":null,"entity_id":"Q3069059","candidates":[]}]],[[{"start":0,"end":15,"url":null,"entity_id":"Q64822839","candidates":[]}],[{"start":0,"end":14,"url":null,"entity_id":"Q64029229","candidates":[]}],[{"start":0,"end":5,"url":null,"entity_id":"Q2248631","candidates":[]}]],[[{"start":0,"end":5,"url":null,"entity_id":"Q78771723","candidates":[]}],[{"start":0,"end":15,"url":null,"entity_id":"Q51796663","candidates":[]}],[{"start":0,"end":9,"url":null,"entity_id":"Q1677204","candidates":[]}]],[[{"start":0,"end":18,"url":null,"entity_id":"Q66907155","candidates":[]}],[{"start":0,"end":15,"url":null,"entity_id":"Q54959446","candidates":[]}],[{"start":0,"end":16,"url":null,"entity_id":"Q1629636","candidates":[]}]],[[{"start":0,"end":20,"url":null,"entity_id":"Q66900210","candidates":[]}],[{"start":0,"end":15,"url":null,"entity_id":"Q54959446","candidates":[]}],[{"start":0,"end":16,"url":null,"entity_id":"Q1629636","candidates":[]}]]]}