{"version":"1.2","table":{"version":"2","table_id":"0P6S2EZ4","columns":[{"index":0,"name":"col0","values":["mercury-192","mercury-190","mercury-189m","mercury-189","mercury-188","mercury-186","mercury-185m","mercury-185","mercury-184","mercury-183","mercury-182","mercury-181","mercury-180","mercury-179","mercury-178","mercury-177","mercury-176","mercury-175","mercury-174","mercury-172"]},{"index":1,"name":"col1","values":["1","1","1","-1","1","1","1","-1","1","-1","1","-1","1","-1","1","-1","1","-1","1","1"]},{"index":2,"name":"col2","values":["80","80","80","80","80","80","80","80","80","80","80","80","80","80","80","80","80","80","80","80"]}]},"context":{"page_title":null,"page_url":null,"page_entity_id":null,"content_hierarchy":[]},"links":[[[{"start":0,"end":11,"url":null,"entity_id":"Q18883220","candidates":[]}],[],[]],[[{"start":0,"end":12,"url":null,"entity_id":"Q18883218","candidates":[]}],[],[]],[[{"start":0,"end":11,"url":null,"entity_id":"Q18883216","candidates":[]}],[],[]],[[{"start":0,"end":11,"url":null,"entity_id":"Q18883214","candidates":[]}],[],[]],[[{"start":0,"end":11,"url":null,"entity_id":"Q18883210","candidates":[]}],[],[]],[[{"start":0,"end":12,"url":null,"entity_id":"Q18883209","candidates":[]}],[],[]],[[{"start":0,"end":11,"url":null,"entity_id":"Q18883208","candidates":[]}],[],[]],[[{"start":0,"end":11,"url":null,"entity_id":"Q18883206","candidates":[]}],[],[]],[[{"start":0,"end":11,"url":null,"entity_id":"Q18883203","candidates":[]}],[],[]],[[{"start":0,"end":11,"url":null,"entity_id":"Q18883202","candidates":[]}],[],[]],[[{"start":0,"end":11,"url":null,"entity_id":"Q18883200","candidates":[]}],[],[]],[[{"start":0,"end":11,"url":null,"entity_id":"Q18883199","candidates":[]}],[],[]],[[{"start":0,"end":11,"url":null,"entity_id":"Q18883198","candidates":[]}],[],[]],[[{"start":0,"end":11,"url":null,"entity_id":"Q18883196","candidates":[]}],[],[]],[[{"start":0,"end":11,"url":null,"entity_id":"Q18883195","candidates":[]}],[],[]],[[{"start":0,"end":11,"url":null,"entity_id":"Q18883194","candidates":[]}],[],[]],[[{"start":0,"end":11,"url":null,"entity_id":"Q18883193","candidates":[]}],[],[]],[[{"start":0,"end":11,"url":null,"entity_id":"Q18883191","candidates":[]}],[],[]],[[{"start":0,"end":11,"url":null,"entity_id":"Q18883189","candidates":[]}],[],[]],[[{"start":0,"end":11,"url":null,"entity_id":"Q18883223","candidates":[]}],[],[]]]}