{"version":"1.2","table":{"version":"2","table_id":"0SO6UYJK","columns":[{"index":0,"name":"col0","values":["[BFS85] 12h30 2B1","PG 2110+001","PB 5916","Ton 299","Ton 96","PG 1403+019","PG 1521+357","SBSS 1532+547","SDSS J211924.56-004955.5","SDSS J210454.88+110645.6","GALEX J203826.4+010954","GALEX J213718.8+123303","GALEX J224105.1+141810","SDSS J233441.98+140555.3","SDSS J204546.81-054355.7","PHL 189","SDSS J213054.60-004117.3","GALEX J204149.4+003556","SDSS J211045.16+000142.0","SDSS J172422.14+602953.8"]},{"index":1,"name":"col1","values":["613","559","1.6","145","613","2.5","144","3.8","1225","4.9","226","278","503","123","7.3","462","462","226","559","237"]},{"index":2,"name":"col2","values":["-2.2031756313305","0.2939853967128","-0.4981413589393","32.5165080932637","47.6307621739578","1.7386154125303","35.5436507996579","54.5626039176634","-0.832109781443","11.112667602769","1.1648727762005","12.5509270553619","14.3028531948474","14.09873361671722","-5.7321161684302","-7.3301076643354","-0.6881353751099","0.5988367197077","0.0283538969212","60.4982832003905"]},{"index":3,"name":"col3","values":["87348","48000","26000","32450","17505","30300","8001","34800","37612","37800","11699","12000","13000","7729","35500","24000","45818","11699","34807","14899"]},{"index":4,"name":"col4","values":["189.5895018568391","318.3265302571957","5.8499531452081","121.6170562179386","189.7710117619043","211.438583082761","230.8867582717367","233.5463191042507","319.8523502355325","316.2286835214698","309.6100673060054","324.3286174990661","340.2716326077387","353.67492190352124","311.4450542042611","328.2805977948322","322.727512147047","310.4557721779585","317.6881707369686","261.0922986623381"]},{"index":5,"name":"col5","values":["0.00028","-0.00005","-0.00001","-0.00013","-0.00022","-0.00027","0.00004","-0.00027","-0.00046","-0.00007","-0.00038","-0.00036","-0.00085","-0.00019","-0.00028","-0.00004","-0.00027","-0.00118","-0.00035","-0.00021"]},{"index":6,"name":"col6","values":["0.3109","0.2728","0.5486","0.673","0.5205","0.1378","0.4545","2.1287","0.2818","0.1512","0.3374","0.0279","0.4394","0.1787","0.6491","0.0575","0.3278","0.9658","0.1005","0.1654"]}]},"context":{"page_title":null,"page_url":null,"page_entity_id":null,"content_hierarchy":[]},"links":[[[{"start":0,"end":11,"url":null,"entity_id":"Q86987195","candidates":[]}],[],[],[],[],[],[]],[[{"start":0,"end":7,"url":null,"entity_id":"Q86894802","candidates":[]}],[],[],[],[],[],[]],[[{"start":0,"end":7,"url":null,"entity_id":"Q81793333","candidates":[]}],[],[],[],[],[],[]],[[{"start":0,"end":6,"url":null,"entity_id":"Q81505887","candidates":[]}],[],[],[],[],[],[]],[[{"start":0,"end":11,"url":null,"entity_id":"Q81441133","candidates":[]}],[],[],[],[],[],[]],[[{"start":0,"end":11,"url":null,"entity_id":"Q81299134","candidates":[]}],[],[],[],[],[],[]],[[{"start":0,"end":13,"url":null,"entity_id":"Q86265910","candidates":[]}],[],[],[],[],[],[]],[[{"start":0,"end":24,"url":null,"entity_id":"Q86157225","candidates":[]}],[],[],[],[],[],[]],[[{"start":0,"end":24,"url":null,"entity_id":"Q86157197","candidates":[]}],[],[],[],[],[],[]],[[{"start":0,"end":22,"url":null,"entity_id":"Q86157194","candidates":[]}],[],[],[],[],[],[]],[[{"start":0,"end":22,"url":null,"entity_id":"Q86157190","candidates":[]}],[],[],[],[],[],[]],[[{"start":0,"end":22,"url":null,"entity_id":"Q86157156","candidates":[]}],[],[],[],[],[],[]],[[{"start":0,"end":24,"url":null,"entity_id":"Q86157140","candidates":[]}],[],[],[],[],[],[]],[[{"start":0,"end":24,"url":null,"entity_id":"Q86157136","candidates":[]}],[],[],[],[],[],[]],[[{"start":0,"end":7,"url":null,"entity_id":"Q86157052","candidates":[]}],[],[],[],[],[],[]],[[{"start":0,"end":24,"url":null,"entity_id":"Q86157021","candidates":[]}],[],[],[],[],[],[]],[[{"start":0,"end":22,"url":null,"entity_id":"Q86157001","candidates":[]}],[],[],[],[],[],[]],[[{"start":0,"end":24,"url":null,"entity_id":"Q86156993","candidates":[]}],[],[],[],[],[],[]],[[{"start":0,"end":24,"url":null,"entity_id":"Q86156972","candidates":[]}],[],[],[],[],[],[]],[[{"start":0,"end":17,"url":null,"entity_id":"Q87047210","candidates":[]}],[],[],[],[],[],[]]]}