{"version":"1.2","table":{"version":"2","table_id":"0TESHWFQ","columns":[{"index":0,"name":"col0","values":["Raboot","Cinderace","Scorbunny","Blacephalon","Turtonator","Salandit","Litten","Volcanion","Pyroar","Litleo","Fletchinder","Delphox","Volcarona","Simisear","Pansear","Lampent","Heatran","Heatmor","Emboar","Charmander"]},{"index":1,"name":"col1","values":["0.6","1.4","0.3","1.8","200","60","40","170","150","60","70","150","172","100","60","60","170","140","160","60"]},{"index":2,"name":"col2","values":["9","33","4.5","13","212","48","4.3","195","815","135","16","39","46","28","11","13","430","58","150","85"]}]},"context":{"page_title":null,"page_url":null,"page_entity_id":null,"content_hierarchy":[]},"links":[[[{"start":0,"end":6,"url":null,"entity_id":"Q76400761","candidates":[]}],[],[]],[[{"start":0,"end":9,"url":null,"entity_id":"Q75385341","candidates":[]}],[],[]],[[{"start":0,"end":9,"url":null,"entity_id":"Q61905431","candidates":[]}],[],[]],[[{"start":0,"end":11,"url":null,"entity_id":"Q41791949","candidates":[]}],[],[]],[[{"start":0,"end":10,"url":null,"entity_id":"Q26390549","candidates":[]}],[],[]],[[{"start":0,"end":8,"url":null,"entity_id":"Q25578610","candidates":[]}],[],[]],[[{"start":0,"end":6,"url":null,"entity_id":"Q24041628","candidates":[]}],[],[]],[[{"start":0,"end":9,"url":null,"entity_id":"Q17639684","candidates":[]}],[],[]],[[{"start":0,"end":6,"url":null,"entity_id":"Q16593136","candidates":[]}],[],[]],[[{"start":0,"end":6,"url":null,"entity_id":"Q16573026","candidates":[]}],[],[]],[[{"start":0,"end":11,"url":null,"entity_id":"Q16556291","candidates":[]}],[],[]],[[{"start":0,"end":7,"url":null,"entity_id":"Q16170122","candidates":[]}],[],[]],[[{"start":0,"end":9,"url":null,"entity_id":"Q4016093","candidates":[]}],[],[]],[[{"start":0,"end":8,"url":null,"entity_id":"Q3961064","candidates":[]}],[],[]],[[{"start":0,"end":7,"url":null,"entity_id":"Q3893393","candidates":[]}],[],[]],[[{"start":0,"end":7,"url":null,"entity_id":"Q3826529","candidates":[]}],[],[]],[[{"start":0,"end":7,"url":null,"entity_id":"Q3784004","candidates":[]}],[],[]],[[{"start":0,"end":7,"url":null,"entity_id":"Q3783998","candidates":[]}],[],[]],[[{"start":0,"end":6,"url":null,"entity_id":"Q3724076","candidates":[]}],[],[]],[[{"start":0,"end":10,"url":null,"entity_id":"Q3178753","candidates":[]}],[],[]]]}