{"version":"1.2","table":{"version":"2","table_id":"0TQXSY28","columns":[{"index":0,"name":"col0","values":["Borovský potok","Alfbach","Böllinger Bach","Bojovský potok","Besének","Bačovka","Bystřice","Budišovka","Bohdalovský potok","Lausur","Gauchsbach","Spratzbach","Bílá","Big Cottonwood Creek","Houyoux","Bítýška","Drnový potok","Braunlauf","Balesfelder Bach","Furtbach"]},{"index":1,"name":"col1","values":["72.9","55.693","49.981","57.5","51","54","62.1","62.5","52.3","58.9","54.56","37","42.5","43","46","39.4","94.6","35.46","15.536","16.582"]},{"index":2,"name":"col2","values":["442","382","156","206","254","189","541","377","519","309","356","505","524","4236","89","273","484","377","321","554"]}]},"context":{"page_title":null,"page_url":null,"page_entity_id":null,"content_hierarchy":[]},"links":[[[{"start":0,"end":7,"url":null,"entity_id":"Q22691023","candidates":[]}],[],[]],[[{"start":0,"end":14,"url":null,"entity_id":"Q19836102","candidates":[]}],[],[]],[[{"start":0,"end":14,"url":null,"entity_id":"Q11224034","candidates":[]}],[],[]],[[{"start":0,"end":7,"url":null,"entity_id":"Q11139866","candidates":[]}],[],[]],[[{"start":0,"end":7,"url":null,"entity_id":"Q8232031","candidates":[]}],[],[]],[[{"start":0,"end":8,"url":null,"entity_id":"Q1018696","candidates":[]}],[],[]],[[{"start":0,"end":9,"url":null,"entity_id":"Q1001468","candidates":[]}],[],[]],[[{"start":0,"end":17,"url":null,"entity_id":"Q890747","candidates":[]}],[],[]],[[{"start":0,"end":6,"url":null,"entity_id":"Q879356","candidates":[]}],[],[]],[[{"start":0,"end":10,"url":null,"entity_id":"Q835973","candidates":[]}],[],[]],[[{"start":0,"end":10,"url":null,"entity_id":"Q21863187","candidates":[]}],[],[]],[[{"start":0,"end":4,"url":null,"entity_id":"Q11706505","candidates":[]}],[],[]],[[{"start":0,"end":20,"url":null,"entity_id":"Q4905477","candidates":[]}],[],[]],[[{"start":0,"end":7,"url":null,"entity_id":"Q3141411","candidates":[]}],[],[]],[[{"start":0,"end":7,"url":null,"entity_id":"Q1019559","candidates":[]}],[],[]],[[{"start":0,"end":12,"url":null,"entity_id":"Q11828413","candidates":[]}],[],[]],[[{"start":0,"end":9,"url":null,"entity_id":"Q2924115","candidates":[]}],[],[]],[[{"start":0,"end":16,"url":null,"entity_id":"Q22691265","candidates":[]}],[],[]],[[{"start":0,"end":8,"url":null,"entity_id":"Q20180011","candidates":[]}],[],[]],[[{"start":0,"end":14,"url":null,"entity_id":"Q11232976","candidates":[]}],[],[]]]}