{"version":"1.2","table":{"version":"2","table_id":"EDDB6IKB","columns":[{"index":0,"name":"col0","values":["Bangor Cdernarvonshire","Uniersity college of Wales and parish church, Aberystwith","berystwith from Craiglais","Aberistwith Castne, in Cardiganshire","Bathing place in Cardigan Bay, near Abeuystwith","Aberistw|th Castle","berystwith, S. Wales","Aberystwith, Cardignshire (Carnarvon hillsin distance)","Market at Aberyvtwith","Plas Crug, near Abhrystwith, Cardiganshire","Aberystwith, frm the sea","Aberytwith Harbour","Aberystwith from the norh","he Parade, Aberystwith","Crynfr{n Place & Pier, Aberystwith","Marine Terrace, Aberystwivh","Whe Terrace, Aberystwith, from the Parade","Aberysvwith Castle","Aberystwth: harbour and new pier","Ruins of Acerystwith Castle: N.E. view"]},{"index":1,"name":"col1","values":["89.267","59.94","167.0","128.512","111.888","110.44","71.712","67.335","126.62999999999998","88.644","60.12","213.696","223.65","69.86","65.26","92.82799999999999","60.53999999999999","72.144","187.302","170.68"]},{"index":2,"name":"col2","values":["142.426","89.28","258.912","182.0","165.165","111.1","87.736","90.9","178.821","146.584","90.36","315.415","323.2","95.76","92.349","144.565","89.28","94.0","268.11","278.19"]}]},"context":{"page_title":null,"page_url":null,"page_entity_id":null,"content_hierarchy":[]},"links":[[[{"start":0,"end":57,"url":null,"entity_id":"Q21614322","candidates":[]}],[],[]],[[{"start":0,"end":25,"url":null,"entity_id":"Q21614321","candidates":[]}],[],[]],[[{"start":0,"end":36,"url":null,"entity_id":"Q21614320","candidates":[]}],[],[]],[[{"start":0,"end":47,"url":null,"entity_id":"Q21614318","candidates":[]}],[],[]],[[{"start":0,"end":18,"url":null,"entity_id":"Q21614317","candidates":[]}],[],[]],[[{"start":0,"end":20,"url":null,"entity_id":"Q21614316","candidates":[]}],[],[]],[[{"start":0,"end":54,"url":null,"entity_id":"Q21614315","candidates":[]}],[],[]],[[{"start":0,"end":21,"url":null,"entity_id":"Q21614313","candidates":[]}],[],[]],[[{"start":0,"end":42,"url":null,"entity_id":"Q21614312","candidates":[]}],[],[]],[[{"start":0,"end":24,"url":null,"entity_id":"Q21614311","candidates":[]}],[],[]],[[{"start":0,"end":18,"url":null,"entity_id":"Q21614310","candidates":[]}],[],[]],[[{"start":0,"end":25,"url":null,"entity_id":"Q21614308","candidates":[]}],[],[]],[[{"start":0,"end":22,"url":null,"entity_id":"Q21614307","candidates":[]}],[],[]],[[{"start":0,"end":34,"url":null,"entity_id":"Q21614306","candidates":[]}],[],[]],[[{"start":0,"end":27,"url":null,"entity_id":"Q21614305","candidates":[]}],[],[]],[[{"start":0,"end":41,"url":null,"entity_id":"Q21614303","candidates":[]}],[],[]],[[{"start":0,"end":18,"url":null,"entity_id":"Q21614302","candidates":[]}],[],[]],[[{"start":0,"end":32,"url":null,"entity_id":"Q21614301","candidates":[]}],[],[]],[[{"start":0,"end":38,"url":null,"entity_id":"Q21614299","candidates":[]}],[],[]],[[{"start":0,"end":22,"url":null,"entity_id":"Q21626019","candidates":[]}],[],[]]]}