{"version":"1.2","table":{"version":"2","table_id":"EDRY5Q6Q","columns":[{"index":0,"name":"col0","values":["Ras Nasrani","Hamata","Sceale Bay","Ras El Bar","Na'ama Bay","Punta Cana","Fayid","Borg El Arab","Rosarito Beach","Nuweiba","Nida","Marsa Alam","Safaga","Taba","Hirschhorn","Mossautal","Putbus","Wassenach","Werder (Havel)","Bad Bibra"]},{"index":1,"name":"col1","values":["474","150","42","8635","2145","43982","21808","12625","65278","2898","2385","1918","28261","800","3465","2419","4364","1220","25695","2769"]},{"index":2,"name":"col2","values":["17","13","13","1","1","28","23","65","14","11","5","18","23","12","126","327","50","288","31","152"]}]},"context":{"page_title":null,"page_url":null,"page_entity_id":null,"content_hierarchy":[]},"links":[[[{"start":0,"end":6,"url":null,"entity_id":"Q9285742","candidates":[]}],[],[]],[[{"start":0,"end":10,"url":null,"entity_id":"Q7430678","candidates":[]}],[],[]],[[{"start":0,"end":10,"url":null,"entity_id":"Q7294653","candidates":[]}],[],[]],[[{"start":0,"end":10,"url":null,"entity_id":"Q3869768","candidates":[]}],[],[]],[[{"start":0,"end":10,"url":null,"entity_id":"Q1568095","candidates":[]}],[],[]],[[{"start":0,"end":5,"url":null,"entity_id":"Q1383404","candidates":[]}],[],[]],[[{"start":0,"end":12,"url":null,"entity_id":"Q1043090","candidates":[]}],[],[]],[[{"start":0,"end":14,"url":null,"entity_id":"Q1020753","candidates":[]}],[],[]],[[{"start":0,"end":7,"url":null,"entity_id":"Q1011488","candidates":[]}],[],[]],[[{"start":0,"end":4,"url":null,"entity_id":"Q1004306","candidates":[]}],[],[]],[[{"start":0,"end":10,"url":null,"entity_id":"Q1001901","candidates":[]}],[],[]],[[{"start":0,"end":6,"url":null,"entity_id":"Q986325","candidates":[]}],[],[]],[[{"start":0,"end":4,"url":null,"entity_id":"Q867592","candidates":[]}],[],[]],[[{"start":0,"end":10,"url":null,"entity_id":"Q643634","candidates":[]}],[],[]],[[{"start":0,"end":9,"url":null,"entity_id":"Q622122","candidates":[]}],[],[]],[[{"start":0,"end":6,"url":null,"entity_id":"Q572006","candidates":[]}],[],[]],[[{"start":0,"end":9,"url":null,"entity_id":"Q554295","candidates":[]}],[],[]],[[{"start":0,"end":14,"url":null,"entity_id":"Q525686","candidates":[]}],[],[]],[[{"start":0,"end":9,"url":null,"entity_id":"Q522601","candidates":[]}],[],[]],[[{"start":0,"end":11,"url":null,"entity_id":"Q14218642","candidates":[]}],[],[]]]}