{"version":"1.2","table":{"version":"2","table_id":"EE0UQD0S","columns":[{"index":0,"name":"col0","values":["ClG J1139-1217","ClG J1411+5211","ClG J1230+4621","ClG J1159+5531","ClG J1133+5008","ClG J1018-1211","ClG J0936+4620","ClG J0915+4738","ClG J0152-1358","ClG 2301.3+1506","ClG 2255.7+2039","ClG 2142.7+0330","ClG 2137-2353","ClG 1546.8+1132","ClG 1532+01","ClG 1529.5+3544","ClG 1512.4+3647","ClG 1426+01","ClG 1308.8+3244","ClG 1253.9+0456"]},{"index":1,"name":"col1","values":["20.29","20.11","21.84","15.64","21.3","20.35","21.11","20.26","16.657","18","15.8","19","18.5","17.66","19","18","19","19","18.5","18"]},{"index":2,"name":"col2","values":["0.48","0.46","0.51","0.08","0.3814","0.45","0.54","0.4074","0.8325","0.247","0.3096","0.23415","0.313","0.22907","0.32","0.34095","0.372","0.32","0.245","0.23"]},{"index":3,"name":"col3","values":["174.9875","212.85167","187.56775","179.96292","173.304583","154.693542","144.026167","138.966417","28.17208","345.9475","344.52958","326.31042","325.05333","237.30417","233.76125","232.85542","228.59167","217.21375","197.80292","194.12"]}]},"context":{"page_title":null,"page_url":null,"page_entity_id":null,"content_hierarchy":[]},"links":[[[{"start":0,"end":14,"url":null,"entity_id":"Q67857527","candidates":[]}],[],[],[]],[[{"start":0,"end":14,"url":null,"entity_id":"Q67857476","candidates":[]}],[],[],[]],[[{"start":0,"end":14,"url":null,"entity_id":"Q67857444","candidates":[]}],[],[],[]],[[{"start":0,"end":14,"url":null,"entity_id":"Q67857439","candidates":[]}],[],[],[]],[[{"start":0,"end":14,"url":null,"entity_id":"Q67857385","candidates":[]}],[],[],[]],[[{"start":0,"end":14,"url":null,"entity_id":"Q67857375","candidates":[]}],[],[],[]],[[{"start":0,"end":14,"url":null,"entity_id":"Q67857370","candidates":[]}],[],[],[]],[[{"start":0,"end":14,"url":null,"entity_id":"Q67857299","candidates":[]}],[],[],[]],[[{"start":0,"end":15,"url":null,"entity_id":"Q67857285","candidates":[]}],[],[],[]],[[{"start":0,"end":15,"url":null,"entity_id":"Q67857282","candidates":[]}],[],[],[]],[[{"start":0,"end":15,"url":null,"entity_id":"Q67857274","candidates":[]}],[],[],[]],[[{"start":0,"end":13,"url":null,"entity_id":"Q67857272","candidates":[]}],[],[],[]],[[{"start":0,"end":15,"url":null,"entity_id":"Q67857245","candidates":[]}],[],[],[]],[[{"start":0,"end":11,"url":null,"entity_id":"Q67857240","candidates":[]}],[],[],[]],[[{"start":0,"end":15,"url":null,"entity_id":"Q67857239","candidates":[]}],[],[],[]],[[{"start":0,"end":15,"url":null,"entity_id":"Q67857236","candidates":[]}],[],[],[]],[[{"start":0,"end":11,"url":null,"entity_id":"Q67857233","candidates":[]}],[],[],[]],[[{"start":0,"end":15,"url":null,"entity_id":"Q67857217","candidates":[]}],[],[],[]],[[{"start":0,"end":15,"url":null,"entity_id":"Q67857215","candidates":[]}],[],[],[]],[[{"start":0,"end":14,"url":null,"entity_id":"Q75287461","candidates":[]}],[],[],[]]]}