{"version":"1.2","table":{"version":"2","table_id":"EESTQBZQ","columns":[{"index":0,"name":"col0","values":["Badminton at the 2019 European Games – Men's singles","Badminton at the 2019 European Games – Women's singles","Badminton at the 2019 European Games – Men's doubles","Badminton at the 2019 European Games – Mixed doubles","Badminton at the 2019 European Games – Women's doubles","2018 Badminton World Championships – Women's doubles","2018 Badminton World Championships – Mixed doubles","2018 Badminton World Championships – Men's doubles","2018 Badminton World Championships – Women's singles","2018 Badminton World Championships – Men's singles","Badminton at the 1994 Asian Games – Men's Doubles","Badminton at the 1994 Asian Games – Mixed Doubles","Badminton at the 1994 Asian Games – Women's Doubles","Badminton at the 1994 Asian Games – Men's Singles","Badminton at the 1994 Asian Games – Women's Singles","Badminton at the 2018 Asian Games – Mixed doubles","Badminton at the 2018 Asian Games – Men's singles","Badminton at the 2018 Asian Games – Women's doubles","1989 Badminton World Championships – Men's Singles","1980 Badminton World Championships – Men's singles"]},{"index":1,"name":"col1","values":["Badminton at the 2019 European Games","Badminton at the 2019 European Games","Badminton at the 2019 European Games","Badminton at the 2019 European Games","Badminton at the 2019 European Games","2018 Badminton World Championships","2018 Badminton World Championships","2018 Badminton World Championships","2018 Badminton World Championships","2018 Badminton World Championships","Badminton at the 1994 Asian Games","Badminton at the 1994 Asian Games","Badminton at the 1994 Asian Games","Badminton at the 1994 Asian Games","Badminton at the 1994 Asian Games","Badminton at the 2018 Asian Games","Badminton at the 2018 Asian Games","Badminton at the 2018 Asian Games","1989 Badminton World Championships","1980 Badminton World Championships"]},{"index":2,"name":"col2","values":["Badminton at the 2015 European Games – Men's singles","Badminton at the 2015 European Games – Women's singles","Badminton at the 2015 European Games – Men's doubles","Badminton at the 2015 European Games – Mixed doubles","Badminton at the 2015 European Games – Women's doubles","2017 Badminton World Championships – Women's doubles","2017 Badminton World Championships – Mixed doubles","2017 Badminton World Championships – Men's doubles","2017 Badminton World Championships – Women's singles","2017 Badminton World Championships – Men's singles","Badminton at the 1990 Asian Games – Men's doubles","Badminton at the 1990 Asian Games – Mixed doubles","Badminton at the 1990 Asian Games – Women's doubles","Badminton at the 1990 Asian Games – Men's singles","Badminton at the 1990 Asian Games – Women's singles","Badminton at the 2014 Asian Games – Mixed doubles","Badminton at the 2014 Asian Games – Men's singles","Badminton at the 2014 Asian Games – Women's doubles","1987 Badminton World Championships – Men's Singles","1977 Badminton World Championships – Men's Singles"]},{"index":3,"name":"col3","values":["Anders Antonsen","Mia Blichfeldt","Marcus Ellis","Marcus Ellis","Selena Piek","Mayu Matsumoto","Zheng Siwei","Li Junhui","Carolina Marín","Kento Momota","Rexy Mainaky","Yoo Yong-sung","Shim Eun-jung","Heryanto Arbi","Bang Soo-hyun","Zheng Siwei","Jonatan Christie","Chen Qingchen","Yang Yang","Rudy Hartono"]},{"index":4,"name":"col4","values":["Falcon Club","Falcon Club","Falcon Club","Falcon Club","Falcon Club","Nanjing Youth Olympic Park Indoor Arena","Nanjing Youth Olympic Park Indoor Arena","Nanjing Youth Olympic Park Indoor Arena","Nanjing Youth Olympic Park Indoor Arena","Nanjing Youth Olympic Park Indoor Arena","Tsuru Memorial Gymnasium","Tsuru Memorial Gymnasium","Tsuru Memorial Gymnasium","Tsuru Memorial Gymnasium","Tsuru Memorial Gymnasium","Istora Gelora Bung Karno","Istora Gelora Bung Karno","Istora Gelora Bung Karno","Istora Gelora Bung Karno","Istora Gelora Bung Karno"]}]},"context":{"page_title":null,"page_url":null,"page_entity_id":null,"content_hierarchy":[]},"links":[[[{"start":0,"end":54,"url":null,"entity_id":"Q64585204","candidates":[]}],[{"start":0,"end":36,"url":null,"entity_id":"Q56315269","candidates":[]}],[{"start":0,"end":54,"url":null,"entity_id":"Q20049345","candidates":[]}],[{"start":0,"end":14,"url":null,"entity_id":"Q15743642","candidates":[]}],[{"start":0,"end":11,"url":null,"entity_id":"Q56816043","candidates":[]}]],[[{"start":0,"end":52,"url":null,"entity_id":"Q64585203","candidates":[]}],[{"start":0,"end":36,"url":null,"entity_id":"Q56315269","candidates":[]}],[{"start":0,"end":52,"url":null,"entity_id":"Q20049347","candidates":[]}],[{"start":0,"end":12,"url":null,"entity_id":"Q60243","candidates":[]}],[{"start":0,"end":11,"url":null,"entity_id":"Q56816043","candidates":[]}]],[[{"start":0,"end":52,"url":null,"entity_id":"Q64585210","candidates":[]}],[{"start":0,"end":36,"url":null,"entity_id":"Q56315269","candidates":[]}],[{"start":0,"end":52,"url":null,"entity_id":"Q20049343","candidates":[]}],[{"start":0,"end":12,"url":null,"entity_id":"Q60243","candidates":[]}],[{"start":0,"end":11,"url":null,"entity_id":"Q56816043","candidates":[]}]],[[{"start":0,"end":54,"url":null,"entity_id":"Q64585206","candidates":[]}],[{"start":0,"end":36,"url":null,"entity_id":"Q56315269","candidates":[]}],[{"start":0,"end":54,"url":null,"entity_id":"Q20049341","candidates":[]}],[{"start":0,"end":11,"url":null,"entity_id":"Q60241","candidates":[]}],[{"start":0,"end":11,"url":null,"entity_id":"Q56816043","candidates":[]}]],[[{"start":0,"end":52,"url":null,"entity_id":"Q55510807","candidates":[]}],[{"start":0,"end":34,"url":null,"entity_id":"Q29051786","candidates":[]}],[{"start":0,"end":52,"url":null,"entity_id":"Q35139419","candidates":[]}],[{"start":0,"end":14,"url":null,"entity_id":"Q17469694","candidates":[]}],[{"start":0,"end":39,"url":null,"entity_id":"Q54203038","candidates":[]}]],[[{"start":0,"end":50,"url":null,"entity_id":"Q55510803","candidates":[]}],[{"start":0,"end":34,"url":null,"entity_id":"Q29051786","candidates":[]}],[{"start":0,"end":50,"url":null,"entity_id":"Q35139462","candidates":[]}],[{"start":0,"end":11,"url":null,"entity_id":"Q15650300","candidates":[]}],[{"start":0,"end":39,"url":null,"entity_id":"Q54203038","candidates":[]}]],[[{"start":0,"end":50,"url":null,"entity_id":"Q55510813","candidates":[]}],[{"start":0,"end":34,"url":null,"entity_id":"Q29051786","candidates":[]}],[{"start":0,"end":50,"url":null,"entity_id":"Q35139382","candidates":[]}],[{"start":0,"end":9,"url":null,"entity_id":"Q14643446","candidates":[]}],[{"start":0,"end":39,"url":null,"entity_id":"Q54203038","candidates":[]}]],[[{"start":0,"end":52,"url":null,"entity_id":"Q55510819","candidates":[]}],[{"start":0,"end":34,"url":null,"entity_id":"Q29051786","candidates":[]}],[{"start":0,"end":52,"url":null,"entity_id":"Q35139111","candidates":[]}],[{"start":0,"end":14,"url":null,"entity_id":"Q457594","candidates":[]}],[{"start":0,"end":39,"url":null,"entity_id":"Q54203038","candidates":[]}]],[[{"start":0,"end":50,"url":null,"entity_id":"Q55510825","candidates":[]}],[{"start":0,"end":34,"url":null,"entity_id":"Q29051786","candidates":[]}],[{"start":0,"end":50,"url":null,"entity_id":"Q35139048","candidates":[]}],[{"start":0,"end":12,"url":null,"entity_id":"Q422959","candidates":[]}],[{"start":0,"end":39,"url":null,"entity_id":"Q54203038","candidates":[]}]],[[{"start":0,"end":49,"url":null,"entity_id":"Q729622","candidates":[]}],[{"start":0,"end":33,"url":null,"entity_id":"Q729601","candidates":[]}],[{"start":0,"end":49,"url":null,"entity_id":"Q22019623","candidates":[]}],[{"start":0,"end":12,"url":null,"entity_id":"Q1229813","candidates":[]}],[{"start":0,"end":24,"url":null,"entity_id":"Q70197746","candidates":[]}]],[[{"start":0,"end":49,"url":null,"entity_id":"Q729638","candidates":[]}],[{"start":0,"end":33,"url":null,"entity_id":"Q729601","candidates":[]}],[{"start":0,"end":49,"url":null,"entity_id":"Q22019586","candidates":[]}],[{"start":0,"end":13,"url":null,"entity_id":"Q497621","candidates":[]}],[{"start":0,"end":24,"url":null,"entity_id":"Q70197746","candidates":[]}]],[[{"start":0,"end":51,"url":null,"entity_id":"Q729602","candidates":[]}],[{"start":0,"end":33,"url":null,"entity_id":"Q729601","candidates":[]}],[{"start":0,"end":51,"url":null,"entity_id":"Q22019578","candidates":[]}],[{"start":0,"end":13,"url":null,"entity_id":"Q458415","candidates":[]}],[{"start":0,"end":24,"url":null,"entity_id":"Q70197746","candidates":[]}]],[[{"start":0,"end":49,"url":null,"entity_id":"Q729628","candidates":[]}],[{"start":0,"end":33,"url":null,"entity_id":"Q729601","candidates":[]}],[{"start":0,"end":49,"url":null,"entity_id":"Q22019600","candidates":[]}],[{"start":0,"end":13,"url":null,"entity_id":"Q281224","candidates":[]}],[{"start":0,"end":24,"url":null,"entity_id":"Q70197746","candidates":[]}]],[[{"start":0,"end":51,"url":null,"entity_id":"Q729608","candidates":[]}],[{"start":0,"end":33,"url":null,"entity_id":"Q729601","candidates":[]}],[{"start":0,"end":51,"url":null,"entity_id":"Q22019570","candidates":[]}],[{"start":0,"end":13,"url":null,"entity_id":"Q267019","candidates":[]}],[{"start":0,"end":24,"url":null,"entity_id":"Q70197746","candidates":[]}]],[[{"start":0,"end":49,"url":null,"entity_id":"Q56196766","candidates":[]}],[{"start":0,"end":33,"url":null,"entity_id":"Q52769467","candidates":[]}],[{"start":0,"end":49,"url":null,"entity_id":"Q18002055","candidates":[]}],[{"start":0,"end":11,"url":null,"entity_id":"Q15650300","candidates":[]}],[{"start":0,"end":24,"url":null,"entity_id":"Q15108473","candidates":[]}]],[[{"start":0,"end":49,"url":null,"entity_id":"Q56153232","candidates":[]}],[{"start":0,"end":33,"url":null,"entity_id":"Q52769467","candidates":[]}],[{"start":0,"end":49,"url":null,"entity_id":"Q18009045","candidates":[]}],[{"start":0,"end":16,"url":null,"entity_id":"Q14978306","candidates":[]}],[{"start":0,"end":24,"url":null,"entity_id":"Q15108473","candidates":[]}]],[[{"start":0,"end":51,"url":null,"entity_id":"Q56196820","candidates":[]}],[{"start":0,"end":33,"url":null,"entity_id":"Q52769467","candidates":[]}],[{"start":0,"end":51,"url":null,"entity_id":"Q18002040","candidates":[]}],[{"start":0,"end":13,"url":null,"entity_id":"Q3528678","candidates":[]}],[{"start":0,"end":24,"url":null,"entity_id":"Q15108473","candidates":[]}]],[[{"start":0,"end":50,"url":null,"entity_id":"Q254670","candidates":[]}],[{"start":0,"end":34,"url":null,"entity_id":"Q799492","candidates":[]}],[{"start":0,"end":50,"url":null,"entity_id":"Q799483","candidates":[]}],[{"start":0,"end":9,"url":null,"entity_id":"Q2599389","candidates":[]}],[{"start":0,"end":24,"url":null,"entity_id":"Q15108473","candidates":[]}]],[[{"start":0,"end":50,"url":null,"entity_id":"Q799461","candidates":[]}],[{"start":0,"end":34,"url":null,"entity_id":"Q799466","candidates":[]}],[{"start":0,"end":50,"url":null,"entity_id":"Q799444","candidates":[]}],[{"start":0,"end":12,"url":null,"entity_id":"Q2145886","candidates":[]}],[{"start":0,"end":24,"url":null,"entity_id":"Q15108473","candidates":[]}]],[[{"start":0,"end":52,"url":null,"entity_id":"Q64585201","candidates":[]}],[{"start":0,"end":36,"url":null,"entity_id":"Q56315269","candidates":[]}],[{"start":0,"end":52,"url":null,"entity_id":"Q20049346","candidates":[]}],[{"start":0,"end":15,"url":null,"entity_id":"Q21565051","candidates":[]}],[{"start":0,"end":11,"url":null,"entity_id":"Q56816043","candidates":[]}]]]}