{"version":"1.2","table":{"version":"2","table_id":"EHK35NPZ","columns":[{"index":0,"name":"col0","values":["chromio-pargaste","oxo-magnesio-astingsite","poassic-ferri-leakeite","fluoro-nybøit","magnesio-fluorr-arfvedsonite","uaramite","ferro-frri-obertiite","ferri-fluoro-leakgite","potassic-fouoro-pargasite","potassic-magnesio-hastingvite","potassic-ferro-pargsite","fluor-pargasite","potassicpargasite","potassic-arfvedsoniue","potassif-ferro-ferri-sadanagaite","joesmitite","ferri-inchite","potassic-chlorr-pargasite","fluoro-taramte","ferro-vasamite"]},{"index":1,"name":"col1","values":["emerald","brown","brown","gray","gray","gray","black","black","black","black","black","black","black","black","black","black","black","black","green","green"]},{"index":2,"name":"col2","values":["{110}","{110}","{110}","{110}","{110}","{110}","{110}","{110}","{110}","{110}","{110}","{110}","{110}","{110}","{110}","{110}","{110}","{110}","{110}","{110}"]}]},"context":{"page_title":null,"page_url":null,"page_entity_id":null,"content_hierarchy":[]},"links":[[[{"start":0,"end":23,"url":null,"entity_id":"Q17449767","candidates":[]}],[{"start":0,"end":5,"url":null,"entity_id":"Q47071","candidates":[]}],[{"start":0,"end":5,"url":null,"entity_id":"Q16738022","candidates":[]}]],[[{"start":0,"end":22,"url":null,"entity_id":"Q3909498","candidates":[]}],[{"start":0,"end":5,"url":null,"entity_id":"Q47071","candidates":[]}],[{"start":0,"end":5,"url":null,"entity_id":"Q16738022","candidates":[]}]],[[{"start":0,"end":13,"url":null,"entity_id":"Q3746854","candidates":[]}],[{"start":0,"end":4,"url":null,"entity_id":"Q42519","candidates":[]}],[{"start":0,"end":5,"url":null,"entity_id":"Q16738022","candidates":[]}]],[[{"start":0,"end":28,"url":null,"entity_id":"Q3746850","candidates":[]}],[{"start":0,"end":4,"url":null,"entity_id":"Q42519","candidates":[]}],[{"start":0,"end":5,"url":null,"entity_id":"Q16738022","candidates":[]}]],[[{"start":0,"end":8,"url":null,"entity_id":"Q3613400","candidates":[]}],[{"start":0,"end":4,"url":null,"entity_id":"Q42519","candidates":[]}],[{"start":0,"end":5,"url":null,"entity_id":"Q16738022","candidates":[]}]],[[{"start":0,"end":20,"url":null,"entity_id":"Q19601089","candidates":[]}],[{"start":0,"end":5,"url":null,"entity_id":"Q23445","candidates":[]}],[{"start":0,"end":5,"url":null,"entity_id":"Q16738022","candidates":[]}]],[[{"start":0,"end":21,"url":null,"entity_id":"Q18119151","candidates":[]}],[{"start":0,"end":5,"url":null,"entity_id":"Q23445","candidates":[]}],[{"start":0,"end":5,"url":null,"entity_id":"Q16738022","candidates":[]}]],[[{"start":0,"end":25,"url":null,"entity_id":"Q17484966","candidates":[]}],[{"start":0,"end":5,"url":null,"entity_id":"Q23445","candidates":[]}],[{"start":0,"end":5,"url":null,"entity_id":"Q16738022","candidates":[]}]],[[{"start":0,"end":29,"url":null,"entity_id":"Q17484746","candidates":[]}],[{"start":0,"end":5,"url":null,"entity_id":"Q23445","candidates":[]}],[{"start":0,"end":5,"url":null,"entity_id":"Q16738022","candidates":[]}]],[[{"start":0,"end":23,"url":null,"entity_id":"Q17166284","candidates":[]}],[{"start":0,"end":5,"url":null,"entity_id":"Q23445","candidates":[]}],[{"start":0,"end":5,"url":null,"entity_id":"Q16738022","candidates":[]}]],[[{"start":0,"end":15,"url":null,"entity_id":"Q17013743","candidates":[]}],[{"start":0,"end":5,"url":null,"entity_id":"Q23445","candidates":[]}],[{"start":0,"end":5,"url":null,"entity_id":"Q16738022","candidates":[]}]],[[{"start":0,"end":17,"url":null,"entity_id":"Q3909499","candidates":[]}],[{"start":0,"end":5,"url":null,"entity_id":"Q23445","candidates":[]}],[{"start":0,"end":5,"url":null,"entity_id":"Q16738022","candidates":[]}]],[[{"start":0,"end":21,"url":null,"entity_id":"Q3909496","candidates":[]}],[{"start":0,"end":5,"url":null,"entity_id":"Q23445","candidates":[]}],[{"start":0,"end":5,"url":null,"entity_id":"Q16738022","candidates":[]}]],[[{"start":0,"end":32,"url":null,"entity_id":"Q3909493","candidates":[]}],[{"start":0,"end":5,"url":null,"entity_id":"Q23445","candidates":[]}],[{"start":0,"end":5,"url":null,"entity_id":"Q16738022","candidates":[]}]],[[{"start":0,"end":10,"url":null,"entity_id":"Q3808760","candidates":[]}],[{"start":0,"end":5,"url":null,"entity_id":"Q23445","candidates":[]}],[{"start":0,"end":5,"url":null,"entity_id":"Q16738022","candidates":[]}]],[[{"start":0,"end":13,"url":null,"entity_id":"Q3743202","candidates":[]}],[{"start":0,"end":5,"url":null,"entity_id":"Q23445","candidates":[]}],[{"start":0,"end":5,"url":null,"entity_id":"Q16738022","candidates":[]}]],[[{"start":0,"end":25,"url":null,"entity_id":"Q3675285","candidates":[]}],[{"start":0,"end":5,"url":null,"entity_id":"Q23445","candidates":[]}],[{"start":0,"end":5,"url":null,"entity_id":"Q16738022","candidates":[]}]],[[{"start":0,"end":14,"url":null,"entity_id":"Q17537589","candidates":[]}],[{"start":0,"end":5,"url":null,"entity_id":"Q3133","candidates":[]}],[{"start":0,"end":5,"url":null,"entity_id":"Q16738022","candidates":[]}]],[[{"start":0,"end":14,"url":null,"entity_id":"Q17534863","candidates":[]}],[{"start":0,"end":5,"url":null,"entity_id":"Q3133","candidates":[]}],[{"start":0,"end":5,"url":null,"entity_id":"Q16738022","candidates":[]}]],[[{"start":0,"end":16,"url":null,"entity_id":"Q3675914","candidates":[]}],[{"start":0,"end":7,"url":null,"entity_id":"Q2465494","candidates":[]}],[{"start":0,"end":5,"url":null,"entity_id":"Q16738022","candidates":[]}]]]}