{"version":"1.2","table":{"version":"2","table_id":"EHLEWSR2","columns":[{"index":0,"name":"col0","values":["Fyen Rundt 2019","2019 Bursa Orhangazi Race","2019 Bursa Yildirim Bayezit Race","2019 Chabany Race","2019 Grand Prix Justiniano Hotels","2019 Ringerike Grand Prix","2019 Sundvolden Grand Prix","2019 Skive-Løbet","2019 Himmerland Rundt","2019 Grand Prix Velo Alanya (ME)","2019 Classica da Arrábida","2019 Paris–Troyes","2019 Poreč Trophy","2019 Trofej Umag","2019 International Rhodes Grand Prix","2019 Tour Femenino de Venezuela I","2019 Aphrodite Cycling Race ITT","2019 100 Cycle Challenge","2004 Chrono des Nations (women's race)","Gravel and Tar 2019"]},{"index":1,"name":"col1","values":["202.9","172","122","133.1","153.4","162.2","164.4","188.1","199.8","134","185","184","147","161","186.3","61.6","16.7","100","20.52","131.5"]},{"index":2,"name":"col2","values":["2019 UCI Europe Tour","2019 UCI Europe Tour","2019 UCI Europe Tour","2019 UCI Europe Tour","2019 UCI Europe Tour","2019 UCI Europe Tour","2019 UCI Europe Tour","2019 UCI Europe Tour","2019 UCI Europe Tour","2019 UCI Europe Tour","2019 UCI Europe Tour","2019 UCI Europe Tour","2019 UCI Europe Tour","2019 UCI Europe Tour","2019 UCI Europe Tour","2019 in women's road cycling","2019 in women's road cycling","2019 UCI Africa Tour","2004 in women's road cycling","2019 UCI Oceania Tour"]}]},"context":{"page_title":null,"page_url":null,"page_entity_id":null,"content_hierarchy":[]},"links":[[[{"start":0,"end":25,"url":null,"entity_id":"Q64577969","candidates":[]}],[],[{"start":0,"end":20,"url":null,"entity_id":"Q59307576","candidates":[]}]],[[{"start":0,"end":32,"url":null,"entity_id":"Q64577919","candidates":[]}],[],[{"start":0,"end":20,"url":null,"entity_id":"Q59307576","candidates":[]}]],[[{"start":0,"end":17,"url":null,"entity_id":"Q64040496","candidates":[]}],[],[{"start":0,"end":20,"url":null,"entity_id":"Q59307576","candidates":[]}]],[[{"start":0,"end":33,"url":null,"entity_id":"Q63565349","candidates":[]}],[],[{"start":0,"end":20,"url":null,"entity_id":"Q59307576","candidates":[]}]],[[{"start":0,"end":25,"url":null,"entity_id":"Q63484620","candidates":[]}],[],[{"start":0,"end":20,"url":null,"entity_id":"Q59307576","candidates":[]}]],[[{"start":0,"end":26,"url":null,"entity_id":"Q63484206","candidates":[]}],[],[{"start":0,"end":20,"url":null,"entity_id":"Q59307576","candidates":[]}]],[[{"start":0,"end":16,"url":null,"entity_id":"Q63441248","candidates":[]}],[],[{"start":0,"end":20,"url":null,"entity_id":"Q59307576","candidates":[]}]],[[{"start":0,"end":21,"url":null,"entity_id":"Q63441124","candidates":[]}],[],[{"start":0,"end":20,"url":null,"entity_id":"Q59307576","candidates":[]}]],[[{"start":0,"end":32,"url":null,"entity_id":"Q62128521","candidates":[]}],[],[{"start":0,"end":20,"url":null,"entity_id":"Q59307576","candidates":[]}]],[[{"start":0,"end":25,"url":null,"entity_id":"Q62090645","candidates":[]}],[],[{"start":0,"end":20,"url":null,"entity_id":"Q59307576","candidates":[]}]],[[{"start":0,"end":17,"url":null,"entity_id":"Q62090499","candidates":[]}],[],[{"start":0,"end":20,"url":null,"entity_id":"Q59307576","candidates":[]}]],[[{"start":0,"end":17,"url":null,"entity_id":"Q62023607","candidates":[]}],[],[{"start":0,"end":20,"url":null,"entity_id":"Q59307576","candidates":[]}]],[[{"start":0,"end":16,"url":null,"entity_id":"Q61984386","candidates":[]}],[],[{"start":0,"end":20,"url":null,"entity_id":"Q59307576","candidates":[]}]],[[{"start":0,"end":36,"url":null,"entity_id":"Q61961616","candidates":[]}],[],[{"start":0,"end":20,"url":null,"entity_id":"Q59307576","candidates":[]}]],[[{"start":0,"end":33,"url":null,"entity_id":"Q63976587","candidates":[]}],[],[{"start":0,"end":28,"url":null,"entity_id":"Q57267790","candidates":[]}]],[[{"start":0,"end":31,"url":null,"entity_id":"Q62577447","candidates":[]}],[],[{"start":0,"end":28,"url":null,"entity_id":"Q57267790","candidates":[]}]],[[{"start":0,"end":24,"url":null,"entity_id":"Q63386308","candidates":[]}],[],[{"start":0,"end":20,"url":null,"entity_id":"Q57267785","candidates":[]}]],[[{"start":0,"end":38,"url":null,"entity_id":"Q61985903","candidates":[]}],[],[{"start":0,"end":28,"url":null,"entity_id":"Q16154608","candidates":[]}]],[[{"start":0,"end":19,"url":null,"entity_id":"Q57704053","candidates":[]}],[],[{"start":0,"end":21,"url":null,"entity_id":"Q59310280","candidates":[]}]],[[{"start":0,"end":15,"url":null,"entity_id":"Q66491087","candidates":[]}],[],[{"start":0,"end":20,"url":null,"entity_id":"Q59307576","candidates":[]}]]]}