{"version":"1.2","table":{"version":"2","table_id":"EIPBYFRN","columns":[{"index":0,"name":"col0","values":["1. FC Nürnberg","TTH Holstebro","GOG Svendborg","PGE VIVE Kielce","Dunkerque Handball Grand Littoral","HBC Nantes","Aalborg DH","Aalborg Håndbold","Füchse Berlin Reinickendorf HBC","Herning-Ikast Håndbold","Chambéry Savoie Handball","Sporting CP (Handball)","IF Fram Larvik","US Ivry Handball","KIF Kolding Copenhagen","Wisła Płock","SC Magdeburg","Odense Håndbold","Grankulla IFK","Saint Petersburg HC"]},{"index":1,"name":"col1","values":["1900-01-01","2000-01-01","2005-01-01","1965-01-01","1958-01-01","1941-01-01","2001-01-01","2000-01-01","1891-01-01","1970-01-01","1983-01-01","1932-01-01","1894-01-01","1947-01-01","2012-01-01","1964-01-01","1955-01-01","2009-01-01","1925-01-01","1964-01-01"]},{"index":2,"name":"col2","values":["2. Bundesliga","Danish Handball League","Danish Handball League","Polish Ekstraklasa Men's Handball League","LNH Division 1","LNH Division 1","Danish Women's Handball League","Danish Handball League","Handball-Bundesliga","Danish Women's Handball League","LNH Division 1","Liga Portuguesa de Andebol","2. Divisjon","LNH Division 1","Danish Handball League","Polish Ekstraklasa Men's Handball League","Handball-Bundesliga","Danish Women's Handball League","Kakkonen","Russian Handball Super League"]},{"index":3,"name":"col3","values":["Stadion Nürnberg","Gråkjær Arena","Gudme-Hallerne","Hall of the Legions","Stade des Flandres","Palais des Sports de Beaulieu","Gigantium","Gigantium","Max-Schmeling-Halle","Ikast-Brande Arena","Le Phare","Pavilhão João Rocha","Fram Stadion","Gymnase Auguste Delaune","Brøndby Hallen","Orlen Arena","GETEC Arena","Odense Idrætshal","Kauniaisten Keskuskenttä","Yubileyny Sports Palace"]}]},"context":{"page_title":null,"page_url":null,"page_entity_id":null,"content_hierarchy":[]},"links":[[[{"start":0,"end":13,"url":null,"entity_id":"Q1749669","candidates":[]}],[],[{"start":0,"end":22,"url":null,"entity_id":"Q246598","candidates":[]}],[{"start":0,"end":13,"url":null,"entity_id":"Q12314434","candidates":[]}]],[[{"start":0,"end":13,"url":null,"entity_id":"Q1486294","candidates":[]}],[],[{"start":0,"end":22,"url":null,"entity_id":"Q246598","candidates":[]}],[{"start":0,"end":14,"url":null,"entity_id":"Q5614654","candidates":[]}]],[[{"start":0,"end":15,"url":null,"entity_id":"Q1719043","candidates":[]}],[],[{"start":0,"end":40,"url":null,"entity_id":"Q844215","candidates":[]}],[{"start":0,"end":19,"url":null,"entity_id":"Q3661717","candidates":[]}]],[[{"start":0,"end":33,"url":null,"entity_id":"Q1266000","candidates":[]}],[],[{"start":0,"end":14,"url":null,"entity_id":"Q203172","candidates":[]}],[{"start":0,"end":18,"url":null,"entity_id":"Q3496266","candidates":[]}]],[[{"start":0,"end":10,"url":null,"entity_id":"Q939580","candidates":[]}],[],[{"start":0,"end":14,"url":null,"entity_id":"Q203172","candidates":[]}],[{"start":0,"end":29,"url":null,"entity_id":"Q3361142","candidates":[]}]],[[{"start":0,"end":10,"url":null,"entity_id":"Q928991","candidates":[]}],[],[{"start":0,"end":30,"url":null,"entity_id":"Q912431","candidates":[]}],[{"start":0,"end":9,"url":null,"entity_id":"Q1523646","candidates":[]}]],[[{"start":0,"end":16,"url":null,"entity_id":"Q2096129","candidates":[]}],[],[{"start":0,"end":22,"url":null,"entity_id":"Q246598","candidates":[]}],[{"start":0,"end":9,"url":null,"entity_id":"Q1523646","candidates":[]}]],[[{"start":0,"end":31,"url":null,"entity_id":"Q1480459","candidates":[]}],[],[{"start":0,"end":19,"url":null,"entity_id":"Q175762","candidates":[]}],[{"start":0,"end":19,"url":null,"entity_id":"Q705353","candidates":[]}]],[[{"start":0,"end":22,"url":null,"entity_id":"Q1387375","candidates":[]}],[],[{"start":0,"end":30,"url":null,"entity_id":"Q912431","candidates":[]}],[{"start":0,"end":18,"url":null,"entity_id":"Q636641","candidates":[]}]],[[{"start":0,"end":24,"url":null,"entity_id":"Q986956","candidates":[]}],[],[{"start":0,"end":14,"url":null,"entity_id":"Q203172","candidates":[]}],[{"start":0,"end":8,"url":null,"entity_id":"Q62554","candidates":[]}]],[[{"start":0,"end":22,"url":null,"entity_id":"Q3040423","candidates":[]}],[],[{"start":0,"end":26,"url":null,"entity_id":"Q773475","candidates":[]}],[{"start":0,"end":19,"url":null,"entity_id":"Q28680614","candidates":[]}]],[[{"start":0,"end":14,"url":null,"entity_id":"Q2483534","candidates":[]}],[],[{"start":0,"end":11,"url":null,"entity_id":"Q46582","candidates":[]}],[{"start":0,"end":12,"url":null,"entity_id":"Q16839775","candidates":[]}]],[[{"start":0,"end":16,"url":null,"entity_id":"Q2298568","candidates":[]}],[],[{"start":0,"end":14,"url":null,"entity_id":"Q203172","candidates":[]}],[{"start":0,"end":23,"url":null,"entity_id":"Q3122622","candidates":[]}]],[[{"start":0,"end":22,"url":null,"entity_id":"Q3080188","candidates":[]}],[],[{"start":0,"end":22,"url":null,"entity_id":"Q246598","candidates":[]}],[{"start":0,"end":14,"url":null,"entity_id":"Q995831","candidates":[]}]],[[{"start":0,"end":11,"url":null,"entity_id":"Q3042256","candidates":[]}],[],[{"start":0,"end":40,"url":null,"entity_id":"Q844215","candidates":[]}],[{"start":0,"end":11,"url":null,"entity_id":"Q62552","candidates":[]}]],[[{"start":0,"end":12,"url":null,"entity_id":"Q10865306","candidates":[]}],[],[{"start":0,"end":19,"url":null,"entity_id":"Q175762","candidates":[]}],[{"start":0,"end":11,"url":null,"entity_id":"Q885030","candidates":[]}]],[[{"start":0,"end":15,"url":null,"entity_id":"Q4993321","candidates":[]}],[],[{"start":0,"end":30,"url":null,"entity_id":"Q912431","candidates":[]}],[{"start":0,"end":16,"url":null,"entity_id":"Q12329870","candidates":[]}]],[[{"start":0,"end":13,"url":null,"entity_id":"Q4349700","candidates":[]}],[],[{"start":0,"end":8,"url":null,"entity_id":"Q1698369","candidates":[]}],[{"start":0,"end":24,"url":null,"entity_id":"Q6378837","candidates":[]}]],[[{"start":0,"end":19,"url":null,"entity_id":"Q3947833","candidates":[]}],[],[{"start":0,"end":29,"url":null,"entity_id":"Q540101","candidates":[]}],[{"start":0,"end":23,"url":null,"entity_id":"Q953885","candidates":[]}]],[[{"start":0,"end":14,"url":null,"entity_id":"Q15786","candidates":[]}],[],[{"start":0,"end":13,"url":null,"entity_id":"Q152665","candidates":[]}],[{"start":0,"end":16,"url":null,"entity_id":"Q152599","candidates":[]}]]]}