{"version":"1.2","table":{"version":"2","table_id":"EJIBQADU","columns":[{"index":0,"name":"col0","values":["praseodymium-154","praseodymium-152","praseodymium-151","praseodymium-134","praseodymium-133","praseodymium-131","praseodymium-129","praseodymium-144","praseodymium-145","praseodymium-136","praseodymium-138","praseodymium-137","praseodymium-147","praseodymium-141","praseodymium-148","praseodymium-143","praseodymium-142","praseodymium-139","praseodymium-140","praseodymium-149"]},{"index":1,"name":"col1","values":["95","93","92","75","74","72","70","85","86","77","79","78","88","82","89","84","83","80","81","90"]},{"index":2,"name":"col2","values":["-58104.976","-63758.063","-66779.63","-78527.991","-77937.581","-74300.656","-69773.558","-80750.517","-79625.94","-81340.355","-83133.922","-83201.693","-75444.067","-86015.644","-72535.424","-83068.246","-83787.476","-84818.798","-84688.089","-71039.366"]},{"index":3,"name":"col3","values":["153.937621738","151.9315529","150.928309114","133.915696729","132.916330561","130.92023496","128.925095","143.91331075","144.914518033","135.912677532","137.910752059","136.910679304","146.919007458","140.907658403","147.922130015","142.910822564","141.91005044","138.90894327","139.909083592","148.9237361"]},{"index":4,"name":"col4","values":["1","1","-1","-1","1","1","-1","-1","1","1","1","1","1","1","-1","1","-1","1","1","1"]},{"index":5,"name":"col5","values":["59","59","59","59","59","59","59","59","59","59","59","59","59","59","59","59","59","59","59","59"]},{"index":6,"name":"col6","values":["3","4","1.5","6","1.5","1.5","5.5","0","3.5","2","1","2.5","2.5","2.5","1","3.5","2","2.5","1","2.5"]}]},"context":{"page_title":null,"page_url":null,"page_entity_id":null,"content_hierarchy":[]},"links":[[[{"start":0,"end":16,"url":null,"entity_id":"Q18881896","candidates":[]}],[],[],[],[],[],[]],[[{"start":0,"end":16,"url":null,"entity_id":"Q18881895","candidates":[]}],[],[],[],[],[],[]],[[{"start":0,"end":16,"url":null,"entity_id":"Q18881881","candidates":[]}],[],[],[],[],[],[]],[[{"start":0,"end":16,"url":null,"entity_id":"Q18881878","candidates":[]}],[],[],[],[],[],[]],[[{"start":0,"end":16,"url":null,"entity_id":"Q18881870","candidates":[]}],[],[],[],[],[],[]],[[{"start":0,"end":16,"url":null,"entity_id":"Q18881866","candidates":[]}],[],[],[],[],[],[]],[[{"start":0,"end":16,"url":null,"entity_id":"Q4568887","candidates":[]}],[],[],[],[],[],[]],[[{"start":0,"end":16,"url":null,"entity_id":"Q2854698","candidates":[]}],[],[],[],[],[],[]],[[{"start":0,"end":16,"url":null,"entity_id":"Q2690277","candidates":[]}],[],[],[],[],[],[]],[[{"start":0,"end":16,"url":null,"entity_id":"Q2666133","candidates":[]}],[],[],[],[],[],[]],[[{"start":0,"end":16,"url":null,"entity_id":"Q2620168","candidates":[]}],[],[],[],[],[],[]],[[{"start":0,"end":16,"url":null,"entity_id":"Q2503314","candidates":[]}],[],[],[],[],[],[]],[[{"start":0,"end":16,"url":null,"entity_id":"Q2496517","candidates":[]}],[],[],[],[],[],[]],[[{"start":0,"end":16,"url":null,"entity_id":"Q2418174","candidates":[]}],[],[],[],[],[],[]],[[{"start":0,"end":16,"url":null,"entity_id":"Q2365252","candidates":[]}],[],[],[],[],[],[]],[[{"start":0,"end":16,"url":null,"entity_id":"Q2337017","candidates":[]}],[],[],[],[],[],[]],[[{"start":0,"end":16,"url":null,"entity_id":"Q2310304","candidates":[]}],[],[],[],[],[],[]],[[{"start":0,"end":16,"url":null,"entity_id":"Q2179030","candidates":[]}],[],[],[],[],[],[]],[[{"start":0,"end":16,"url":null,"entity_id":"Q2046073","candidates":[]}],[],[],[],[],[],[]],[[{"start":0,"end":16,"url":null,"entity_id":"Q18881898","candidates":[]}],[],[],[],[],[],[]]]}