{"version":"1.2","table":{"version":"2","table_id":"EK8L4S8U","columns":[{"index":0,"name":"col0","values":["2015 Tour of Belgium, prologue","2017 Grand Prix Elsy Jacobs, Prologue","2017 Joe Martin Stage Race (women), Prologue","2017 Istrian Spring Trophy, Prologue","2017 Herald Sun Tour, Prologue","Tour de Romandie 2017, prologue stage","2017 Ladies Tour of Norway, Prologue","2016 Sibiu Cycling Tour, Prologue","2014 Ladies Tour of Norway, Prologue","2013 Paris–Nice, Prologue","1980 Tour de France, prologue","2016 Tour de Normandie, Prologue","2016 Driedaagse van West-Vlaanderen, Prologue","2016 Herald Sun Tour, Prologue","2016 Paris–Nice, Prologue","2016 Tour de Suisse, Stage 1","2016 Critérium du Dauphiné, Prologue","2015 Tour de Luxembourg, Prologue","2018 Tour La Provence, Prologue","2018 Herald Sun Tour, Prologue"]},{"index":1,"name":"col1","values":["Jempy Drucker","Christine Majerus","Ingrid Drexel","Filippo Fortin","Leigh Howard","Christoph Pfingsten","Marianne Vos","Andrei Nechita","Marianne Vos","Wilco Kelderman","Bernard Hinault","Lucas Liss","Martijn Keizer","William Clarke","Sylvain Chavanel","Fabian Cancellara","Alberto Contador","Boris Vallée","Rudy Molard","Anthony Giacoppo"]},{"index":2,"name":"col2","values":["2015 Tour of Belgium","2017 Grand Prix Elsy Jacobs","2017 Joe Martin Stage Race Women","2017 Istrian Spring Trophy","2017 Herald Sun Tour","2017 Tour de Romandie","2017 Ladies Tour of Norway","Sibiu Cycling Tour 2016","2014 Ladies Tour of Norway","2013 Paris–Nice","1980 Tour de France","2016 Tour de Normandie","2016 Trois Jours de Flandre-Occidentale","2016 Herald Sun Tour","2016 Paris–Nice","2016 Tour de Suisse","2016 Critérium du Dauphiné","2015 Tour de Luxembourg","2018 Tour La Provence","2018 Herald Sun Tour"]}]},"context":{"page_title":null,"page_url":null,"page_entity_id":null,"content_hierarchy":[]},"links":[[[{"start":0,"end":37,"url":null,"entity_id":"Q29345940","candidates":[]}],[{"start":0,"end":17,"url":null,"entity_id":"Q452004","candidates":[]}],[{"start":0,"end":27,"url":null,"entity_id":"Q29345930","candidates":[]}]],[[{"start":0,"end":44,"url":null,"entity_id":"Q29061104","candidates":[]}],[{"start":0,"end":13,"url":null,"entity_id":"Q6033169","candidates":[]}],[{"start":0,"end":32,"url":null,"entity_id":"Q29061026","candidates":[]}]],[[{"start":0,"end":36,"url":null,"entity_id":"Q28926352","candidates":[]}],[{"start":0,"end":14,"url":null,"entity_id":"Q613213","candidates":[]}],[{"start":0,"end":26,"url":null,"entity_id":"Q28926203","candidates":[]}]],[[{"start":0,"end":30,"url":null,"entity_id":"Q28492447","candidates":[]}],[{"start":0,"end":12,"url":null,"entity_id":"Q374497","candidates":[]}],[{"start":0,"end":20,"url":null,"entity_id":"Q28473607","candidates":[]}]],[[{"start":0,"end":37,"url":null,"entity_id":"Q28552147","candidates":[]}],[{"start":0,"end":19,"url":null,"entity_id":"Q89319","candidates":[]}],[{"start":0,"end":21,"url":null,"entity_id":"Q27827582","candidates":[]}]],[[{"start":0,"end":36,"url":null,"entity_id":"Q29862931","candidates":[]}],[{"start":0,"end":12,"url":null,"entity_id":"Q6242","candidates":[]}],[{"start":0,"end":26,"url":null,"entity_id":"Q27556011","candidates":[]}]],[[{"start":0,"end":33,"url":null,"entity_id":"Q26923847","candidates":[]}],[{"start":0,"end":14,"url":null,"entity_id":"Q502293","candidates":[]}],[{"start":0,"end":23,"url":null,"entity_id":"Q20638549","candidates":[]}]],[[{"start":0,"end":36,"url":null,"entity_id":"Q27991260","candidates":[]}],[{"start":0,"end":12,"url":null,"entity_id":"Q6242","candidates":[]}],[{"start":0,"end":26,"url":null,"entity_id":"Q17988769","candidates":[]}]],[[{"start":0,"end":25,"url":null,"entity_id":"Q28883271","candidates":[]}],[{"start":0,"end":15,"url":null,"entity_id":"Q283851","candidates":[]}],[{"start":0,"end":15,"url":null,"entity_id":"Q2913645","candidates":[]}]],[[{"start":0,"end":29,"url":null,"entity_id":"Q26846580","candidates":[]}],[{"start":0,"end":15,"url":null,"entity_id":"Q109255","candidates":[]}],[{"start":0,"end":19,"url":null,"entity_id":"Q279235","candidates":[]}]],[[{"start":0,"end":32,"url":null,"entity_id":"Q23535582","candidates":[]}],[{"start":0,"end":10,"url":null,"entity_id":"Q1363962","candidates":[]}],[{"start":0,"end":22,"url":null,"entity_id":"Q23534938","candidates":[]}]],[[{"start":0,"end":45,"url":null,"entity_id":"Q23001607","candidates":[]}],[{"start":0,"end":14,"url":null,"entity_id":"Q1370131","candidates":[]}],[{"start":0,"end":39,"url":null,"entity_id":"Q23001535","candidates":[]}]],[[{"start":0,"end":30,"url":null,"entity_id":"Q22569460","candidates":[]}],[{"start":0,"end":14,"url":null,"entity_id":"Q378399","candidates":[]}],[{"start":0,"end":20,"url":null,"entity_id":"Q22569449","candidates":[]}]],[[{"start":0,"end":25,"url":null,"entity_id":"Q21768445","candidates":[]}],[{"start":0,"end":16,"url":null,"entity_id":"Q333329","candidates":[]}],[{"start":0,"end":15,"url":null,"entity_id":"Q21768432","candidates":[]}]],[[{"start":0,"end":28,"url":null,"entity_id":"Q21964246","candidates":[]}],[{"start":0,"end":17,"url":null,"entity_id":"Q188197","candidates":[]}],[{"start":0,"end":19,"url":null,"entity_id":"Q20087598","candidates":[]}]],[[{"start":0,"end":36,"url":null,"entity_id":"Q23498317","candidates":[]}],[{"start":0,"end":16,"url":null,"entity_id":"Q132738","candidates":[]}],[{"start":0,"end":26,"url":null,"entity_id":"Q20046675","candidates":[]}]],[[{"start":0,"end":33,"url":null,"entity_id":"Q20035570","candidates":[]}],[{"start":0,"end":12,"url":null,"entity_id":"Q15069728","candidates":[]}],[{"start":0,"end":23,"url":null,"entity_id":"Q20025073","candidates":[]}]],[[{"start":0,"end":31,"url":null,"entity_id":"Q47102388","candidates":[]}],[{"start":0,"end":11,"url":null,"entity_id":"Q282045","candidates":[]}],[{"start":0,"end":21,"url":null,"entity_id":"Q47102068","candidates":[]}]],[[{"start":0,"end":30,"url":null,"entity_id":"Q46878263","candidates":[]}],[{"start":0,"end":16,"url":null,"entity_id":"Q573287","candidates":[]}],[{"start":0,"end":20,"url":null,"entity_id":"Q46874912","candidates":[]}]],[[{"start":0,"end":30,"url":null,"entity_id":"Q20016668","candidates":[]}],[{"start":0,"end":13,"url":null,"entity_id":"Q138069","candidates":[]}],[{"start":0,"end":20,"url":null,"entity_id":"Q19985572","candidates":[]}]]]}