{"version":"1.2","table":{"version":"2","table_id":"EKHEDURR","columns":[{"index":0,"name":"col0","values":["1RXS J085215.1-010200","SL2S J085317-020312","[SMA2016] SPT J2319-55 lens","[VVM2013] J1000+0221 lens","[KAD2010] SDSS J1537+6556 lens","[BCG2006] L","[BCG2006] D","[BCG2006] F","[BCG2006] J","[BCG2006] B","[BCG2006] I","[BCG2006] E","[BCG2006] G","[BCG2006] K","[BCG2006] H","[BCG2006] C","SWELLS SDSS J1300+3704 lens","SWELLS SDSS J1331+3638 lens","SWELLS SDSS J0915+4211 lens","[JJE2015] S2"]},{"index":1,"name":"col1","values":["-1.02639","-2.05333","-55.9660556","2.3607623","65.9391","-55.961577","-55.943575","-55.958465","-55.946016","-55.941844","-55.946114","-55.95062","-55.939832","-55.950585","-55.939764","-55.941851","37.07192","36.46999","42.198","-24.063636"]},{"index":2,"name":"col2","values":["Hydra","Hydra","Grus","Sextans","Ursa Minor","Carina","Carina","Carina","Carina","Carina","Carina","Carina","Carina","Carina","Carina","Carina","Canes Venatici","Canes Venatici","Lynx","Eridanus"]}]},"context":{"page_title":null,"page_url":null,"page_entity_id":null,"content_hierarchy":[]},"links":[[[{"start":0,"end":19,"url":null,"entity_id":"Q83798364","candidates":[]}],[],[{"start":0,"end":5,"url":null,"entity_id":"Q10578","candidates":[]}]],[[{"start":0,"end":27,"url":null,"entity_id":"Q79678173","candidates":[]}],[],[{"start":0,"end":4,"url":null,"entity_id":"Q10563","candidates":[]}]],[[{"start":0,"end":25,"url":null,"entity_id":"Q85070542","candidates":[]}],[],[{"start":0,"end":7,"url":null,"entity_id":"Q10525","candidates":[]}]],[[{"start":0,"end":30,"url":null,"entity_id":"Q83731592","candidates":[]}],[],[{"start":0,"end":10,"url":null,"entity_id":"Q10478","candidates":[]}]],[[{"start":0,"end":11,"url":null,"entity_id":"Q83619813","candidates":[]}],[],[{"start":0,"end":6,"url":null,"entity_id":"Q10470","candidates":[]}]],[[{"start":0,"end":11,"url":null,"entity_id":"Q83619795","candidates":[]}],[],[{"start":0,"end":6,"url":null,"entity_id":"Q10470","candidates":[]}]],[[{"start":0,"end":11,"url":null,"entity_id":"Q83619729","candidates":[]}],[],[{"start":0,"end":6,"url":null,"entity_id":"Q10470","candidates":[]}]],[[{"start":0,"end":11,"url":null,"entity_id":"Q83618801","candidates":[]}],[],[{"start":0,"end":6,"url":null,"entity_id":"Q10470","candidates":[]}]],[[{"start":0,"end":11,"url":null,"entity_id":"Q83617711","candidates":[]}],[],[{"start":0,"end":6,"url":null,"entity_id":"Q10470","candidates":[]}]],[[{"start":0,"end":11,"url":null,"entity_id":"Q83617318","candidates":[]}],[],[{"start":0,"end":6,"url":null,"entity_id":"Q10470","candidates":[]}]],[[{"start":0,"end":11,"url":null,"entity_id":"Q83615650","candidates":[]}],[],[{"start":0,"end":6,"url":null,"entity_id":"Q10470","candidates":[]}]],[[{"start":0,"end":11,"url":null,"entity_id":"Q83615405","candidates":[]}],[],[{"start":0,"end":6,"url":null,"entity_id":"Q10470","candidates":[]}]],[[{"start":0,"end":11,"url":null,"entity_id":"Q83615327","candidates":[]}],[],[{"start":0,"end":6,"url":null,"entity_id":"Q10470","candidates":[]}]],[[{"start":0,"end":11,"url":null,"entity_id":"Q83615097","candidates":[]}],[],[{"start":0,"end":6,"url":null,"entity_id":"Q10470","candidates":[]}]],[[{"start":0,"end":11,"url":null,"entity_id":"Q83613533","candidates":[]}],[],[{"start":0,"end":6,"url":null,"entity_id":"Q10470","candidates":[]}]],[[{"start":0,"end":27,"url":null,"entity_id":"Q83735834","candidates":[]}],[],[{"start":0,"end":14,"url":null,"entity_id":"Q10452","candidates":[]}]],[[{"start":0,"end":27,"url":null,"entity_id":"Q79035036","candidates":[]}],[],[{"start":0,"end":14,"url":null,"entity_id":"Q10452","candidates":[]}]],[[{"start":0,"end":27,"url":null,"entity_id":"Q79045464","candidates":[]}],[],[{"start":0,"end":4,"url":null,"entity_id":"Q10443","candidates":[]}]],[[{"start":0,"end":12,"url":null,"entity_id":"Q77851285","candidates":[]}],[],[{"start":0,"end":8,"url":null,"entity_id":"Q10433","candidates":[]}]],[[{"start":0,"end":21,"url":null,"entity_id":"Q86468163","candidates":[]}],[],[{"start":0,"end":5,"url":null,"entity_id":"Q10578","candidates":[]}]]]}