{"version":"1.2","table":{"version":"2","table_id":"ELHC4HO2","columns":[{"index":0,"name":"col0","values":["USS Kentucky","USS Louisiana","USS Missouri","USS Minnesota","USS Virginia","USS Illinois","USS New Jersey","USS Rhode Island","SMS Schlesien","SMS Kaiser Barbarossa","SMS Wörth","SMS Zähringen","SMS Kaiser Wilhelm der Grosse","SMS Hessen","SMS Kaiser Karl der Grosse","SMS Brandenburg","SMS Weissenburg","USS Kearsarge","USS Kansas","HMS Camperdown"]},{"index":1,"name":"col1","values":["Kentucky","Louisiana","Missouri","Minnesota","Virginia","Illinois","New Jersey","Rhode Island","Silesia","Frederick I","Battle of Wörth","House of Zähringen","Wilhelm I of Germany","Hesse","Charlemagne","Province of Brandenburg","Battle of Wissembourg","USS Kearsarge","Kansas","Adam Duncan, 1st Viscount Duncan"]},{"index":2,"name":"col2","values":["Newport News","Newport News","Newport News","Newport News","Newport News","Newport News","Quincy","Quincy","Gdańsk","Gdańsk","Kiel","Kiel","Kiel","Kiel","Hamburg","Szczecin","Szczecin","Newport News","Camden","Portsmouth"]}]},"context":{"page_title":null,"page_url":null,"page_entity_id":null,"content_hierarchy":[]},"links":[[[{"start":0,"end":13,"url":null,"entity_id":"Q1459964","candidates":[]}],[{"start":0,"end":9,"url":null,"entity_id":"Q1588","candidates":[]}],[{"start":0,"end":12,"url":null,"entity_id":"Q335017","candidates":[]}]],[[{"start":0,"end":12,"url":null,"entity_id":"Q1094412","candidates":[]}],[{"start":0,"end":8,"url":null,"entity_id":"Q1581","candidates":[]}],[{"start":0,"end":12,"url":null,"entity_id":"Q335017","candidates":[]}]],[[{"start":0,"end":13,"url":null,"entity_id":"Q3273220","candidates":[]}],[{"start":0,"end":9,"url":null,"entity_id":"Q1527","candidates":[]}],[{"start":0,"end":12,"url":null,"entity_id":"Q335017","candidates":[]}]],[[{"start":0,"end":12,"url":null,"entity_id":"Q3273998","candidates":[]}],[{"start":0,"end":8,"url":null,"entity_id":"Q1370","candidates":[]}],[{"start":0,"end":12,"url":null,"entity_id":"Q335017","candidates":[]}]],[[{"start":0,"end":12,"url":null,"entity_id":"Q3274031","candidates":[]}],[{"start":0,"end":8,"url":null,"entity_id":"Q1204","candidates":[]}],[{"start":0,"end":12,"url":null,"entity_id":"Q335017","candidates":[]}]],[[{"start":0,"end":14,"url":null,"entity_id":"Q2703928","candidates":[]}],[{"start":0,"end":10,"url":null,"entity_id":"Q1408","candidates":[]}],[{"start":0,"end":6,"url":null,"entity_id":"Q49143","candidates":[]}]],[[{"start":0,"end":16,"url":null,"entity_id":"Q3267165","candidates":[]}],[{"start":0,"end":12,"url":null,"entity_id":"Q1387","candidates":[]}],[{"start":0,"end":6,"url":null,"entity_id":"Q49143","candidates":[]}]],[[{"start":0,"end":13,"url":null,"entity_id":"Q687394","candidates":[]}],[{"start":0,"end":7,"url":null,"entity_id":"Q81720","candidates":[]}],[{"start":0,"end":6,"url":null,"entity_id":"Q1792","candidates":[]}]],[[{"start":0,"end":21,"url":null,"entity_id":"Q441749","candidates":[]}],[{"start":0,"end":11,"url":null,"entity_id":"Q79789","candidates":[]}],[{"start":0,"end":6,"url":null,"entity_id":"Q1792","candidates":[]}]],[[{"start":0,"end":9,"url":null,"entity_id":"Q567683","candidates":[]}],[{"start":0,"end":15,"url":null,"entity_id":"Q684479","candidates":[]}],[{"start":0,"end":4,"url":null,"entity_id":"Q1707","candidates":[]}]],[[{"start":0,"end":13,"url":null,"entity_id":"Q323360","candidates":[]}],[{"start":0,"end":18,"url":null,"entity_id":"Q247331","candidates":[]}],[{"start":0,"end":4,"url":null,"entity_id":"Q1707","candidates":[]}]],[[{"start":0,"end":29,"url":null,"entity_id":"Q558373","candidates":[]}],[{"start":0,"end":20,"url":null,"entity_id":"Q150652","candidates":[]}],[{"start":0,"end":4,"url":null,"entity_id":"Q1707","candidates":[]}]],[[{"start":0,"end":10,"url":null,"entity_id":"Q574068","candidates":[]}],[{"start":0,"end":5,"url":null,"entity_id":"Q1199","candidates":[]}],[{"start":0,"end":4,"url":null,"entity_id":"Q1707","candidates":[]}]],[[{"start":0,"end":26,"url":null,"entity_id":"Q509224","candidates":[]}],[{"start":0,"end":11,"url":null,"entity_id":"Q3044","candidates":[]}],[{"start":0,"end":7,"url":null,"entity_id":"Q1055","candidates":[]}]],[[{"start":0,"end":15,"url":null,"entity_id":"Q567416","candidates":[]}],[{"start":0,"end":23,"url":null,"entity_id":"Q700264","candidates":[]}],[{"start":0,"end":8,"url":null,"entity_id":"Q393","candidates":[]}]],[[{"start":0,"end":15,"url":null,"entity_id":"Q566396","candidates":[]}],[{"start":0,"end":21,"url":null,"entity_id":"Q697306","candidates":[]}],[{"start":0,"end":8,"url":null,"entity_id":"Q393","candidates":[]}]],[[{"start":0,"end":13,"url":null,"entity_id":"Q3273486","candidates":[]}],[{"start":0,"end":13,"url":null,"entity_id":"Q920520","candidates":[]}],[{"start":0,"end":12,"url":null,"entity_id":"Q335017","candidates":[]}]],[[{"start":0,"end":10,"url":null,"entity_id":"Q4384667","candidates":[]}],[{"start":0,"end":6,"url":null,"entity_id":"Q1558","candidates":[]}],[{"start":0,"end":6,"url":null,"entity_id":"Q138367","candidates":[]}]],[[{"start":0,"end":14,"url":null,"entity_id":"Q5631770","candidates":[]}],[{"start":0,"end":32,"url":null,"entity_id":"Q335334","candidates":[]}],[{"start":0,"end":10,"url":null,"entity_id":"Q72259","candidates":[]}]],[[{"start":0,"end":12,"url":null,"entity_id":"Q3274040","candidates":[]}],[{"start":0,"end":8,"url":null,"entity_id":"Q1603","candidates":[]}],[{"start":0,"end":12,"url":null,"entity_id":"Q335017","candidates":[]}]]]}