{"version":"1.2","table":{"version":"2","table_id":"ENEMKPT4","columns":[{"index":0,"name":"col0","values":["Linnean Medal","Bristol-Myers Squibb Award for Distinguished Achievement in Cancer Research","Lundbeckfonden's talent prize","Carlsberg Foundation Research Prize","King Faisal International Prize in Science","Novozymes Prize","Nordic Research Prize","Charles S. Mott Prize","Chauvenet Prize","Gairdner Foundation International Award","The Brain Prize","NAS Award in Molecular Biology","Euler Medal","Rumford Medal","Bôcher Memorial Prize","Dr.-Heinz-Cüppers-Preis","IQ Award","Dijkstra Prize","Albert Einstein World Award of Science","Paul Ehrlich and Ludwig Darmstaedter Prize"]},{"index":1,"name":"col1","values":["1888-01-01","1978-01-01","2001-01-01","2011-01-01","1982-01-01","2015-01-01","1987-01-01","1979-01-01","1925-01-01","1959-01-01","2011-01-01","1962-01-01","1993-01-01","1800-01-01","1923-01-01","2006-01-01","2004-01-01","2000-01-01","1984-01-01","1952-01-01"]},{"index":2,"name":"col2","values":["George Charles Wallich","Elizabeth Blackburn","Mark Schram Christensen","Andreas Roepstorff","Stephen Jackson","Jens Nielsen","Niels E. Skakkebæk","Harald zur Hausen","James H. Wilkinson","Howard Cedar","Winfried Denk","David M. Sabatini","Horst Sachs","Pierre Janssen","John von Neumann","Peter Henrich","Dieter Nuhr","Edsger W. Dijkstra","Ada Yonath","Robert Gallo"]}]},"context":{"page_title":null,"page_url":null,"page_entity_id":null,"content_hierarchy":[]},"links":[[[{"start":0,"end":75,"url":null,"entity_id":"Q30123919","candidates":[]}],[],[{"start":0,"end":19,"url":null,"entity_id":"Q26321","candidates":[]}]],[[{"start":0,"end":29,"url":null,"entity_id":"Q26837543","candidates":[]}],[],[{"start":0,"end":23,"url":null,"entity_id":"Q24265768","candidates":[]}]],[[{"start":0,"end":35,"url":null,"entity_id":"Q23055584","candidates":[]}],[],[{"start":0,"end":18,"url":null,"entity_id":"Q23889316","candidates":[]}]],[[{"start":0,"end":42,"url":null,"entity_id":"Q30120085","candidates":[]}],[],[{"start":0,"end":15,"url":null,"entity_id":"Q17612442","candidates":[]}]],[[{"start":0,"end":15,"url":null,"entity_id":"Q29204707","candidates":[]}],[],[{"start":0,"end":12,"url":null,"entity_id":"Q16733372","candidates":[]}]],[[{"start":0,"end":21,"url":null,"entity_id":"Q27867814","candidates":[]}],[],[{"start":0,"end":18,"url":null,"entity_id":"Q12328758","candidates":[]}]],[[{"start":0,"end":21,"url":null,"entity_id":"Q1065982","candidates":[]}],[],[{"start":0,"end":17,"url":null,"entity_id":"Q75847","candidates":[]}]],[[{"start":0,"end":15,"url":null,"entity_id":"Q1068479","candidates":[]}],[],[{"start":0,"end":18,"url":null,"entity_id":"Q62877","candidates":[]}]],[[{"start":0,"end":39,"url":null,"entity_id":"Q1031994","candidates":[]}],[],[{"start":0,"end":12,"url":null,"entity_id":"Q512309","candidates":[]}]],[[{"start":0,"end":15,"url":null,"entity_id":"Q18357422","candidates":[]}],[],[{"start":0,"end":13,"url":null,"entity_id":"Q104223","candidates":[]}]],[[{"start":0,"end":30,"url":null,"entity_id":"Q975308","candidates":[]}],[],[{"start":0,"end":17,"url":null,"entity_id":"Q16231524","candidates":[]}]],[[{"start":0,"end":11,"url":null,"entity_id":"Q992537","candidates":[]}],[],[{"start":0,"end":11,"url":null,"entity_id":"Q78039","candidates":[]}]],[[{"start":0,"end":13,"url":null,"entity_id":"Q285167","candidates":[]}],[],[{"start":0,"end":14,"url":null,"entity_id":"Q298581","candidates":[]}]],[[{"start":0,"end":21,"url":null,"entity_id":"Q301837","candidates":[]}],[],[{"start":0,"end":16,"url":null,"entity_id":"Q17455","candidates":[]}]],[[{"start":0,"end":23,"url":null,"entity_id":"Q1253764","candidates":[]}],[],[{"start":0,"end":13,"url":null,"entity_id":"Q15455795","candidates":[]}]],[[{"start":0,"end":8,"url":null,"entity_id":"Q1204940","candidates":[]}],[],[{"start":0,"end":11,"url":null,"entity_id":"Q76152","candidates":[]}]],[[{"start":0,"end":14,"url":null,"entity_id":"Q1225254","candidates":[]}],[],[{"start":0,"end":18,"url":null,"entity_id":"Q8556","candidates":[]}]],[[{"start":0,"end":38,"url":null,"entity_id":"Q1287930","candidates":[]}],[],[{"start":0,"end":10,"url":null,"entity_id":"Q7426","candidates":[]}]],[[{"start":0,"end":42,"url":null,"entity_id":"Q458338","candidates":[]}],[],[{"start":0,"end":12,"url":null,"entity_id":"Q469904","candidates":[]}]],[[{"start":0,"end":13,"url":null,"entity_id":"Q1635542","candidates":[]}],[],[{"start":0,"end":22,"url":null,"entity_id":"Q1375826","candidates":[]}]]]}