{"version":"1.2","table":{"version":"2","table_id":"ENMZWTFX","columns":[{"index":0,"name":"col0","values":["Cape Town","Emden","Port Louis","Luanda","Maputo","Malabo","Freetown","Accra","Dakar","Tripoli","Mogadishu","Dar es Salaam","Odessa","Gdańsk","Rijeka","Barcelona","Genoa","Hamburg","Amsterdam","Venice"]},{"index":1,"name":"col1","values":["433688","50195","149194","2487444","1191613","187302","951000","2291352","1146053","1126000","2120000","4715000","1010783","464254","128624","1636762","580097","1841179","860124","261905"]},{"index":2,"name":"col2","values":["1590","1","134","6","47","0","26","61","22","21","9","12","40","180","0","9","20","6","-2","2.56"]},{"index":3,"name":"col3","values":["2454.72","112.34","46700000","113000000","346770000","21","357000000","173000000","82.5","400000000","91","1393","236.9","262","44000000","101.3","240.29","755.09","219","415.9"]}]},"context":{"page_title":null,"page_url":null,"page_entity_id":null,"content_hierarchy":[]},"links":[[[{"start":0,"end":5,"url":null,"entity_id":"Q4174","candidates":[]}],[],[],[]],[[{"start":0,"end":10,"url":null,"entity_id":"Q3929","candidates":[]}],[],[],[]],[[{"start":0,"end":6,"url":null,"entity_id":"Q3897","candidates":[]}],[],[],[]],[[{"start":0,"end":6,"url":null,"entity_id":"Q3889","candidates":[]}],[],[],[]],[[{"start":0,"end":6,"url":null,"entity_id":"Q3818","candidates":[]}],[],[],[]],[[{"start":0,"end":8,"url":null,"entity_id":"Q3780","candidates":[]}],[],[],[]],[[{"start":0,"end":5,"url":null,"entity_id":"Q3761","candidates":[]}],[],[],[]],[[{"start":0,"end":5,"url":null,"entity_id":"Q3718","candidates":[]}],[],[],[]],[[{"start":0,"end":7,"url":null,"entity_id":"Q3579","candidates":[]}],[],[],[]],[[{"start":0,"end":9,"url":null,"entity_id":"Q2449","candidates":[]}],[],[],[]],[[{"start":0,"end":13,"url":null,"entity_id":"Q1960","candidates":[]}],[],[],[]],[[{"start":0,"end":6,"url":null,"entity_id":"Q1874","candidates":[]}],[],[],[]],[[{"start":0,"end":6,"url":null,"entity_id":"Q1792","candidates":[]}],[],[],[]],[[{"start":0,"end":6,"url":null,"entity_id":"Q1647","candidates":[]}],[],[],[]],[[{"start":0,"end":9,"url":null,"entity_id":"Q1492","candidates":[]}],[],[],[]],[[{"start":0,"end":5,"url":null,"entity_id":"Q1449","candidates":[]}],[],[],[]],[[{"start":0,"end":7,"url":null,"entity_id":"Q1055","candidates":[]}],[],[],[]],[[{"start":0,"end":9,"url":null,"entity_id":"Q727","candidates":[]}],[],[],[]],[[{"start":0,"end":6,"url":null,"entity_id":"Q641","candidates":[]}],[],[],[]],[[{"start":0,"end":9,"url":null,"entity_id":"Q5465","candidates":[]}],[],[],[]]]}