{"version":"1.2","table":{"version":"2","table_id":"EO1NLED2","columns":[{"index":0,"name":"col0","values":["Ōgaki","Ōbu","Ōda","Hagi","Kama","Ebino","Oyama","Ashikaga","Awaji","Tsugaru","Tomigusuku","Sumoto","Shima","Itami","Kisarazu","Yatomi","Kunitachi","Ōdate","Iwakuni","Kamaishi","Kiyose","Yachiyo","Nagareyama","Noda","Okinawa","Ikoma","Iizuka","Hirado","Ise","Uji","Yonago","Matsudo","Asaka","Towada","Nanto","Katagami","Tōno","Tateyama","Shūnan"]},{"index":1,"name":"col1","values":["206.57","33.68","436.11","698.31","135.18","283.01","171760000","177760000","184.26","253550000","19.6","182.48","178.95","25","138.95","48.92","8.15","913.22","873.72","440.34","10.23","51270000","35.32","103540000","49.72","53.18","214.13","235.63","208.35","67.55","132.42","61.38","18.34","725650000","668.64","97.72","825.97","110.05","656.29"]},{"index":2,"name":"col2","values":["158911","92101","32848","45435","35929","18123","167633","144684","41681","31089","63700","41727","46937","198395","135765","43300","75156","70085","130372","34118","75190","197792","193976","152652","141462","116816","126715","29577","123783","180975","147667","492671","142138","61058","48440","31923","25974","45300","139829"]}]},"context":{"page_title":null,"page_url":null,"page_entity_id":null,"content_hierarchy":[]},"links":[[[{"start":0,"end":3,"url":null,"entity_id":"Q384809","candidates":[]}],[],[]],[[{"start":0,"end":3,"url":null,"entity_id":"Q384796","candidates":[]}],[],[]],[[{"start":0,"end":4,"url":null,"entity_id":"Q378225","candidates":[]}],[],[]],[[{"start":0,"end":4,"url":null,"entity_id":"Q376901","candidates":[]}],[],[]],[[{"start":0,"end":5,"url":null,"entity_id":"Q374701","candidates":[]}],[],[]],[[{"start":0,"end":5,"url":null,"entity_id":"Q374511","candidates":[]}],[],[]],[[{"start":0,"end":8,"url":null,"entity_id":"Q374477","candidates":[]}],[],[]],[[{"start":0,"end":5,"url":null,"entity_id":"Q373107","candidates":[]}],[],[]],[[{"start":0,"end":7,"url":null,"entity_id":"Q372517","candidates":[]}],[],[]],[[{"start":0,"end":10,"url":null,"entity_id":"Q371446","candidates":[]}],[],[]],[[{"start":0,"end":6,"url":null,"entity_id":"Q369628","candidates":[]}],[],[]],[[{"start":0,"end":5,"url":null,"entity_id":"Q338009","candidates":[]}],[],[]],[[{"start":0,"end":5,"url":null,"entity_id":"Q335444","candidates":[]}],[],[]],[[{"start":0,"end":8,"url":null,"entity_id":"Q335427","candidates":[]}],[],[]],[[{"start":0,"end":6,"url":null,"entity_id":"Q332825","candidates":[]}],[],[]],[[{"start":0,"end":9,"url":null,"entity_id":"Q330007","candidates":[]}],[],[]],[[{"start":0,"end":5,"url":null,"entity_id":"Q329996","candidates":[]}],[],[]],[[{"start":0,"end":7,"url":null,"entity_id":"Q329797","candidates":[]}],[],[]],[[{"start":0,"end":8,"url":null,"entity_id":"Q329790","candidates":[]}],[],[]],[[{"start":0,"end":6,"url":null,"entity_id":"Q329754","candidates":[]}],[],[]],[[{"start":0,"end":7,"url":null,"entity_id":"Q328651","candidates":[]}],[],[]],[[{"start":0,"end":10,"url":null,"entity_id":"Q328625","candidates":[]}],[],[]],[[{"start":0,"end":4,"url":null,"entity_id":"Q328619","candidates":[]}],[],[]],[[{"start":0,"end":7,"url":null,"entity_id":"Q328615","candidates":[]}],[],[]],[[{"start":0,"end":5,"url":null,"entity_id":"Q328610","candidates":[]}],[],[]],[[{"start":0,"end":6,"url":null,"entity_id":"Q328605","candidates":[]}],[],[]],[[{"start":0,"end":6,"url":null,"entity_id":"Q328601","candidates":[]}],[],[]],[[{"start":0,"end":3,"url":null,"entity_id":"Q328067","candidates":[]}],[],[]],[[{"start":0,"end":3,"url":null,"entity_id":"Q326956","candidates":[]}],[],[]],[[{"start":0,"end":6,"url":null,"entity_id":"Q320964","candidates":[]}],[],[]],[[{"start":0,"end":7,"url":null,"entity_id":"Q320943","candidates":[]}],[],[]],[[{"start":0,"end":5,"url":null,"entity_id":"Q646834","candidates":[]}],[],[]],[[{"start":0,"end":6,"url":null,"entity_id":"Q646818","candidates":[]}],[],[]],[[{"start":0,"end":5,"url":null,"entity_id":"Q646805","candidates":[]}],[],[]],[[{"start":0,"end":8,"url":null,"entity_id":"Q646780","candidates":[]}],[],[]],[[{"start":0,"end":4,"url":null,"entity_id":"Q646766","candidates":[]}],[],[]],[[{"start":0,"end":8,"url":null,"entity_id":"Q646755","candidates":[]}],[],[]],[[{"start":0,"end":6,"url":null,"entity_id":"Q643929","candidates":[]}],[],[]],[[{"start":0,"end":5,"url":null,"entity_id":"Q384926","candidates":[]}],[],[]]]}