{"version":"1.2","table":{"version":"2","table_id":"ET4EQETG","columns":[{"index":0,"name":"col0","values":["Vítkův kámen","Cheb Castle","Hauenštejn","Klenová Castle","Litice Castle","Lanšperk Castle","Kyšperk (Krupka)","Krupka Castle","Košumberk Castle","Kozí hrádek (Sezimovo Ústí)","Kašperk Castle","Kaltenštejn","Hus","Helfenburk","Helfenburk","Hartenštejn Castle","Edelštejn","Dražice Castle","Choustník Castle","Příběnice"]},{"index":1,"name":"col1","values":["Gothic architecture","Romanesque architecture","Gothic Revival architecture","Gothic Revival architecture","Gothic architecture","Gothic architecture","Gothic architecture","Gothic architecture","Gothic architecture","Gothic architecture","Gothic architecture","Gothic architecture","Gothic architecture","Gothic architecture","Gothic architecture","Gothic architecture","Gothic architecture","Gothic architecture","Gothic architecture","Gothic architecture"]},{"index":2,"name":"col2","values":["cultural monument of the Czech Republic","cultural monument of the Czech Republic","cultural monument of the Czech Republic","cultural monument of the Czech Republic","cultural monument of the Czech Republic","cultural monument of the Czech Republic","cultural monument of the Czech Republic","cultural monument of the Czech Republic","cultural monument of the Czech Republic","cultural monument of the Czech Republic","cultural monument of the Czech Republic","cultural monument of the Czech Republic","cultural monument of the Czech Republic","cultural monument of the Czech Republic","cultural monument of the Czech Republic","cultural monument of the Czech Republic","cultural monument of the Czech Republic","cultural monument of the Czech Republic","cultural monument of the Czech Republic","part of national heritage site in the Czech Republic"]}]},"context":{"page_title":null,"page_url":null,"page_entity_id":null,"content_hierarchy":[]},"links":[[[{"start":0,"end":11,"url":null,"entity_id":"Q1068732","candidates":[]}],[{"start":0,"end":23,"url":null,"entity_id":"Q46261","candidates":[]}],[{"start":0,"end":39,"url":null,"entity_id":"Q385405","candidates":[]}]],[[{"start":0,"end":10,"url":null,"entity_id":"Q1725317","candidates":[]}],[{"start":0,"end":27,"url":null,"entity_id":"Q186363","candidates":[]}],[{"start":0,"end":39,"url":null,"entity_id":"Q385405","candidates":[]}]],[[{"start":0,"end":14,"url":null,"entity_id":"Q1012690","candidates":[]}],[{"start":0,"end":27,"url":null,"entity_id":"Q186363","candidates":[]}],[{"start":0,"end":39,"url":null,"entity_id":"Q385405","candidates":[]}]],[[{"start":0,"end":13,"url":null,"entity_id":"Q1013014","candidates":[]}],[{"start":0,"end":19,"url":null,"entity_id":"Q176483","candidates":[]}],[{"start":0,"end":39,"url":null,"entity_id":"Q385405","candidates":[]}]],[[{"start":0,"end":15,"url":null,"entity_id":"Q1012852","candidates":[]}],[{"start":0,"end":19,"url":null,"entity_id":"Q176483","candidates":[]}],[{"start":0,"end":39,"url":null,"entity_id":"Q385405","candidates":[]}]],[[{"start":0,"end":16,"url":null,"entity_id":"Q1012766","candidates":[]}],[{"start":0,"end":19,"url":null,"entity_id":"Q176483","candidates":[]}],[{"start":0,"end":39,"url":null,"entity_id":"Q385405","candidates":[]}]],[[{"start":0,"end":13,"url":null,"entity_id":"Q1012751","candidates":[]}],[{"start":0,"end":19,"url":null,"entity_id":"Q176483","candidates":[]}],[{"start":0,"end":39,"url":null,"entity_id":"Q385405","candidates":[]}]],[[{"start":0,"end":16,"url":null,"entity_id":"Q1012715","candidates":[]}],[{"start":0,"end":19,"url":null,"entity_id":"Q176483","candidates":[]}],[{"start":0,"end":39,"url":null,"entity_id":"Q385405","candidates":[]}]],[[{"start":0,"end":27,"url":null,"entity_id":"Q1012713","candidates":[]}],[{"start":0,"end":19,"url":null,"entity_id":"Q176483","candidates":[]}],[{"start":0,"end":39,"url":null,"entity_id":"Q385405","candidates":[]}]],[[{"start":0,"end":14,"url":null,"entity_id":"Q1012637","candidates":[]}],[{"start":0,"end":19,"url":null,"entity_id":"Q176483","candidates":[]}],[{"start":0,"end":39,"url":null,"entity_id":"Q385405","candidates":[]}]],[[{"start":0,"end":11,"url":null,"entity_id":"Q1012605","candidates":[]}],[{"start":0,"end":19,"url":null,"entity_id":"Q176483","candidates":[]}],[{"start":0,"end":39,"url":null,"entity_id":"Q385405","candidates":[]}]],[[{"start":0,"end":3,"url":null,"entity_id":"Q1012524","candidates":[]}],[{"start":0,"end":19,"url":null,"entity_id":"Q176483","candidates":[]}],[{"start":0,"end":39,"url":null,"entity_id":"Q385405","candidates":[]}]],[[{"start":0,"end":10,"url":null,"entity_id":"Q1012297","candidates":[]}],[{"start":0,"end":19,"url":null,"entity_id":"Q176483","candidates":[]}],[{"start":0,"end":39,"url":null,"entity_id":"Q385405","candidates":[]}]],[[{"start":0,"end":10,"url":null,"entity_id":"Q1012290","candidates":[]}],[{"start":0,"end":19,"url":null,"entity_id":"Q176483","candidates":[]}],[{"start":0,"end":39,"url":null,"entity_id":"Q385405","candidates":[]}]],[[{"start":0,"end":18,"url":null,"entity_id":"Q1012205","candidates":[]}],[{"start":0,"end":19,"url":null,"entity_id":"Q176483","candidates":[]}],[{"start":0,"end":39,"url":null,"entity_id":"Q385405","candidates":[]}]],[[{"start":0,"end":9,"url":null,"entity_id":"Q1011525","candidates":[]}],[{"start":0,"end":19,"url":null,"entity_id":"Q176483","candidates":[]}],[{"start":0,"end":39,"url":null,"entity_id":"Q385405","candidates":[]}]],[[{"start":0,"end":14,"url":null,"entity_id":"Q1011489","candidates":[]}],[{"start":0,"end":19,"url":null,"entity_id":"Q176483","candidates":[]}],[{"start":0,"end":39,"url":null,"entity_id":"Q385405","candidates":[]}]],[[{"start":0,"end":16,"url":null,"entity_id":"Q1011349","candidates":[]}],[{"start":0,"end":19,"url":null,"entity_id":"Q176483","candidates":[]}],[{"start":0,"end":39,"url":null,"entity_id":"Q385405","candidates":[]}]],[[{"start":0,"end":9,"url":null,"entity_id":"Q1013545","candidates":[]}],[{"start":0,"end":19,"url":null,"entity_id":"Q176483","candidates":[]}],[{"start":0,"end":52,"url":null,"entity_id":"Q30118385","candidates":[]}]],[[{"start":0,"end":12,"url":null,"entity_id":"Q1282008","candidates":[]}],[{"start":0,"end":19,"url":null,"entity_id":"Q176483","candidates":[]}],[{"start":0,"end":39,"url":null,"entity_id":"Q385405","candidates":[]}]]]}