{"version":"1.2","table":{"version":"2","table_id":"EU57EZ2R","columns":[{"index":0,"name":"col0","values":["Railway viaduct (partly in Bangor community)","Porthkerry Viaduct (partly in the Barry community)","Lower Viaduct","Waterfall Viaduct","Railway Viaduct over River Rhondda","Railway Viaduct over Nant Clydach","Railway Viaduct over River Taff (partly in Llantwit Fardre community)","Wye Bridge (M48 Viaduct)","Pontwalby Railway Viaduct (partly in Blaengwrach community)","Quaker's Viaduct (partly in Coedffranc community)","Neath Abbey Railway Viaduct (partly in Blaenhonddan community)","Neath Abbey Railway Viaduct (partly in Dyffryn Clydach community)","Aberdulais Viaduct","Crumlin Viaduct SW Abutment Cwm Kendon","Crumlin Viaduct NE Abutment Cwm Kendon","Crumlin Viaduct W Abutment  Ebbw Valley","Hall's Bridge, Railway Viaduct over River Ebbw and Western Valleys Railway Line","Pentrefelin Tramway Viaduct","Railway Viaduct over Canal to SE of Govilon","Railway viaduct N of Llwyn Einon (partly in Llangammarch Community)","Railway viaduct SW of Aberdulas Farm (partly in Llangammarch Community)","Viaduct over Nant y Lladron","Dolgoch Viaduct"]},{"index":1,"name":"col1","values":["Llandygai","Rhoose","Llanberis","Llanberis","Pontypridd","Rhondda Cynon Taf","Rhondda Cynon Taf","Chepstow","Neath Port Talbot County Borough","Neath Port Talbot County Borough","Neath Port Talbot County Borough","Neath Port Talbot County Borough","Neath Port Talbot County Borough","Caerphilly County Borough","Caerphilly County Borough","Caerphilly County Borough","Caerphilly County Borough","Denbighshire","Monmouthshire","Powys","Powys","Gwynedd","Gwynedd"]},{"index":2,"name":"col2","values":["Grade II listed building","Grade II listed building","Grade II listed building","Grade II listed building","Grade II listed building","Grade II listed building","Grade II listed building","Grade II listed building","Grade II listed building","Grade II listed building","Grade II listed building","Grade II listed building","Grade II listed building","Grade II listed building","Grade II listed building","Grade II listed building","Grade II listed building","Grade II listed building","Grade II listed building","Grade II listed building","Grade II listed building","Grade II listed building","Grade II listed building"]}]},"context":{"page_title":null,"page_url":null,"page_entity_id":null,"content_hierarchy":[]},"links":[[[{"start":0,"end":50,"url":null,"entity_id":"Q29505736","candidates":[]}],[{"start":0,"end":6,"url":null,"entity_id":"Q3400633","candidates":[]}],[{"start":0,"end":24,"url":null,"entity_id":"Q15700834","candidates":[]}]],[[{"start":0,"end":13,"url":null,"entity_id":"Q29499150","candidates":[]}],[{"start":0,"end":9,"url":null,"entity_id":"Q1638504","candidates":[]}],[{"start":0,"end":24,"url":null,"entity_id":"Q15700834","candidates":[]}]],[[{"start":0,"end":17,"url":null,"entity_id":"Q29499149","candidates":[]}],[{"start":0,"end":9,"url":null,"entity_id":"Q1638504","candidates":[]}],[{"start":0,"end":24,"url":null,"entity_id":"Q15700834","candidates":[]}]],[[{"start":0,"end":34,"url":null,"entity_id":"Q29501831","candidates":[]}],[{"start":0,"end":10,"url":null,"entity_id":"Q1024900","candidates":[]}],[{"start":0,"end":24,"url":null,"entity_id":"Q15700834","candidates":[]}]],[[{"start":0,"end":33,"url":null,"entity_id":"Q29501834","candidates":[]}],[{"start":0,"end":17,"url":null,"entity_id":"Q817960","candidates":[]}],[{"start":0,"end":24,"url":null,"entity_id":"Q15700834","candidates":[]}]],[[{"start":0,"end":69,"url":null,"entity_id":"Q29500380","candidates":[]}],[{"start":0,"end":17,"url":null,"entity_id":"Q817960","candidates":[]}],[{"start":0,"end":24,"url":null,"entity_id":"Q15700834","candidates":[]}]],[[{"start":0,"end":24,"url":null,"entity_id":"Q29497292","candidates":[]}],[{"start":0,"end":8,"url":null,"entity_id":"Q771986","candidates":[]}],[{"start":0,"end":24,"url":null,"entity_id":"Q15700834","candidates":[]}]],[[{"start":0,"end":59,"url":null,"entity_id":"Q29505154","candidates":[]}],[{"start":0,"end":32,"url":null,"entity_id":"Q748078","candidates":[]}],[{"start":0,"end":24,"url":null,"entity_id":"Q15700834","candidates":[]}]],[[{"start":0,"end":49,"url":null,"entity_id":"Q29505088","candidates":[]}],[{"start":0,"end":32,"url":null,"entity_id":"Q748078","candidates":[]}],[{"start":0,"end":24,"url":null,"entity_id":"Q15700834","candidates":[]}]],[[{"start":0,"end":62,"url":null,"entity_id":"Q29505077","candidates":[]}],[{"start":0,"end":32,"url":null,"entity_id":"Q748078","candidates":[]}],[{"start":0,"end":24,"url":null,"entity_id":"Q15700834","candidates":[]}]],[[{"start":0,"end":65,"url":null,"entity_id":"Q29504858","candidates":[]}],[{"start":0,"end":32,"url":null,"entity_id":"Q748078","candidates":[]}],[{"start":0,"end":24,"url":null,"entity_id":"Q15700834","candidates":[]}]],[[{"start":0,"end":18,"url":null,"entity_id":"Q29500023","candidates":[]}],[{"start":0,"end":32,"url":null,"entity_id":"Q748078","candidates":[]}],[{"start":0,"end":24,"url":null,"entity_id":"Q15700834","candidates":[]}]],[[{"start":0,"end":38,"url":null,"entity_id":"Q29498591","candidates":[]}],[{"start":0,"end":25,"url":null,"entity_id":"Q748065","candidates":[]}],[{"start":0,"end":24,"url":null,"entity_id":"Q15700834","candidates":[]}]],[[{"start":0,"end":38,"url":null,"entity_id":"Q29498590","candidates":[]}],[{"start":0,"end":25,"url":null,"entity_id":"Q748065","candidates":[]}],[{"start":0,"end":24,"url":null,"entity_id":"Q15700834","candidates":[]}]],[[{"start":0,"end":39,"url":null,"entity_id":"Q29498589","candidates":[]}],[{"start":0,"end":25,"url":null,"entity_id":"Q748065","candidates":[]}],[{"start":0,"end":24,"url":null,"entity_id":"Q15700834","candidates":[]}]],[[{"start":0,"end":79,"url":null,"entity_id":"Q29498350","candidates":[]}],[{"start":0,"end":25,"url":null,"entity_id":"Q748065","candidates":[]}],[{"start":0,"end":24,"url":null,"entity_id":"Q15700834","candidates":[]}]],[[{"start":0,"end":27,"url":null,"entity_id":"Q29497065","candidates":[]}],[{"start":0,"end":12,"url":null,"entity_id":"Q650682","candidates":[]}],[{"start":0,"end":24,"url":null,"entity_id":"Q15700834","candidates":[]}]],[[{"start":0,"end":43,"url":null,"entity_id":"Q29495198","candidates":[]}],[{"start":0,"end":13,"url":null,"entity_id":"Q207176","candidates":[]}],[{"start":0,"end":24,"url":null,"entity_id":"Q15700834","candidates":[]}]],[[{"start":0,"end":67,"url":null,"entity_id":"Q29501370","candidates":[]}],[{"start":0,"end":5,"url":null,"entity_id":"Q156150","candidates":[]}],[{"start":0,"end":24,"url":null,"entity_id":"Q15700834","candidates":[]}]],[[{"start":0,"end":71,"url":null,"entity_id":"Q29501369","candidates":[]}],[{"start":0,"end":5,"url":null,"entity_id":"Q156150","candidates":[]}],[{"start":0,"end":24,"url":null,"entity_id":"Q15700834","candidates":[]}]],[[{"start":0,"end":27,"url":null,"entity_id":"Q29505238","candidates":[]}],[{"start":0,"end":7,"url":null,"entity_id":"Q109128","candidates":[]}],[{"start":0,"end":24,"url":null,"entity_id":"Q15700834","candidates":[]}]],[[{"start":0,"end":15,"url":null,"entity_id":"Q29501003","candidates":[]}],[{"start":0,"end":7,"url":null,"entity_id":"Q109128","candidates":[]}],[{"start":0,"end":24,"url":null,"entity_id":"Q15700834","candidates":[]}]],[[{"start":0,"end":44,"url":null,"entity_id":"Q29500520","candidates":[]}],[{"start":0,"end":9,"url":null,"entity_id":"Q3405864","candidates":[]}],[{"start":0,"end":24,"url":null,"entity_id":"Q15700834","candidates":[]}]]]}