{"version":"1.2","table":{"version":"2","table_id":"EUN4C13C","columns":[{"index":0,"name":"col0","values":["2013 Welh Badminton Championships","2012 Welsh Badminton Championuhips","2011 Welsh Badminton Chapionships","207 Welsh Badminton Championships","1970 Welsh Badminton Ehampionships","1969 Welsh Badminton Chmpionships","1968 Welsh Badminton!Championships","1967 Welsh Badminton\"Championships","1966 Yelsh Badminton Championships","195 Welsh Badminton Champonships","1964 elsh Bafminton Championships","1963 Welsh Badinton Championships","1962 Welsh Badminton Championship","161 Welsh Badminton Championships","1958 Welsh Badminton Chappionships","1984 Welsh Badminton Championsips","1982 Welsh Badminton!Championships","1981 Welsh Badminton Champiqnhips","1979 Welsh Badminton Championshis","2978 Welsh Badminton Championships"]},{"index":1,"name":"col1","values":["2014 Welsh Badminton Championships","2013 Welsh Badminton Championships","2012 Welsh Badminton Championships","2008 Welsh Badminton Championships","1971 Welsh Badminton Championships","1970 Welsh Badminton Championships","1969 Welsh Badminton Championships","1968 Welsh Badminton Championships","1967 Welsh Badminton Championships","1966 Welsh Badminton Championships","1965 Welsh Badminton Championships","1964 Welsh Badminton Championships","1963 Welsh Badminton Championships","1962 Welsh Badminton Championships","1959 Welsh Badminton Championships","1984 Welsh Badminton Championships","1983 Welsh Badminton Championships","1982 Welsh Badminton Championships","1980 Welsh Badminton Championships","1979 Welsh Badminton Championships"]},{"index":2,"name":"col2","values":["2013 Welsh Badminton Championships – Men's singles","2012 Welsh Badminton Championships – Men's singles","2011 Welsh Badminton Championships – Men's singles","2007 Welsh Badminton Championships – Men's singles","1970 Welsh Badminton Championships – Men's singles","1969 Welsh Badminton Championships – Men's singles","1968 Welsh Badminton Championships – Men's singles","1967 Welsh Badminton Championships – Men's singles","1966 Welsh Badminton Championships – Men's singles","1965 Welsh Badminton Championships – Men's singles","1964 Welsh Badminton Championships – Men's singles","1963 Welsh Badminton Championships – Men's singles","1962 Welsh Badminton Championships – Men's singles","1961 Welsh Badminton Championships – Men's singles","1958 Welsh Badminton Championships – Mixed doubles","1983 Welsh Badminton Championships – Men's singles","1982 Welsh Badminton Championships – Men's singles","1981 Welsh Badminton Championships – Men's singles","1979 Welsh Badminton Championships – Men's singles","1978 Welsh Badminton Championships – Men's singles"]},{"index":3,"name":"col3","values":["national championship","national championship","national championship","national championship","national championship","national championship","national championship","national championship","national championship","national championship","national championship","national championship","national championship","national championship","national championship","national championship","national championship","national championship","national championship","national championship"]}]},"context":{"page_title":null,"page_url":null,"page_entity_id":null,"content_hierarchy":[]},"links":[[[{"start":0,"end":34,"url":null,"entity_id":"Q1466254","candidates":[]}],[{"start":0,"end":34,"url":null,"entity_id":"Q13476068","candidates":[]}],[{"start":0,"end":50,"url":null,"entity_id":"Q27668853","candidates":[]}],[{"start":0,"end":21,"url":null,"entity_id":"Q63891772","candidates":[]}]],[[{"start":0,"end":33,"url":null,"entity_id":"Q13476071","candidates":[]}],[{"start":0,"end":34,"url":null,"entity_id":"Q1466254","candidates":[]}],[{"start":0,"end":50,"url":null,"entity_id":"Q27668852","candidates":[]}],[{"start":0,"end":21,"url":null,"entity_id":"Q63891772","candidates":[]}]],[[{"start":0,"end":33,"url":null,"entity_id":"Q13476077","candidates":[]}],[{"start":0,"end":34,"url":null,"entity_id":"Q2542319","candidates":[]}],[{"start":0,"end":50,"url":null,"entity_id":"Q27668848","candidates":[]}],[{"start":0,"end":21,"url":null,"entity_id":"Q63891772","candidates":[]}]],[[{"start":0,"end":34,"url":null,"entity_id":"Q2542317","candidates":[]}],[{"start":0,"end":34,"url":null,"entity_id":"Q13481648","candidates":[]}],[{"start":0,"end":50,"url":null,"entity_id":"Q27668812","candidates":[]}],[{"start":0,"end":21,"url":null,"entity_id":"Q63891772","candidates":[]}]],[[{"start":0,"end":33,"url":null,"entity_id":"Q2542313","candidates":[]}],[{"start":0,"end":34,"url":null,"entity_id":"Q2542317","candidates":[]}],[{"start":0,"end":50,"url":null,"entity_id":"Q27668811","candidates":[]}],[{"start":0,"end":21,"url":null,"entity_id":"Q63891772","candidates":[]}]],[[{"start":0,"end":34,"url":null,"entity_id":"Q2542309","candidates":[]}],[{"start":0,"end":34,"url":null,"entity_id":"Q2542313","candidates":[]}],[{"start":0,"end":50,"url":null,"entity_id":"Q27668810","candidates":[]}],[{"start":0,"end":21,"url":null,"entity_id":"Q63891772","candidates":[]}]],[[{"start":0,"end":34,"url":null,"entity_id":"Q2542303","candidates":[]}],[{"start":0,"end":34,"url":null,"entity_id":"Q2542309","candidates":[]}],[{"start":0,"end":50,"url":null,"entity_id":"Q27668809","candidates":[]}],[{"start":0,"end":21,"url":null,"entity_id":"Q63891772","candidates":[]}]],[[{"start":0,"end":34,"url":null,"entity_id":"Q2542301","candidates":[]}],[{"start":0,"end":34,"url":null,"entity_id":"Q2542303","candidates":[]}],[{"start":0,"end":50,"url":null,"entity_id":"Q27668808","candidates":[]}],[{"start":0,"end":21,"url":null,"entity_id":"Q63891772","candidates":[]}]],[[{"start":0,"end":32,"url":null,"entity_id":"Q2542299","candidates":[]}],[{"start":0,"end":34,"url":null,"entity_id":"Q2542301","candidates":[]}],[{"start":0,"end":50,"url":null,"entity_id":"Q27668807","candidates":[]}],[{"start":0,"end":21,"url":null,"entity_id":"Q63891772","candidates":[]}]],[[{"start":0,"end":33,"url":null,"entity_id":"Q2542297","candidates":[]}],[{"start":0,"end":34,"url":null,"entity_id":"Q2542299","candidates":[]}],[{"start":0,"end":50,"url":null,"entity_id":"Q27668806","candidates":[]}],[{"start":0,"end":21,"url":null,"entity_id":"Q63891772","candidates":[]}]],[[{"start":0,"end":33,"url":null,"entity_id":"Q2542291","candidates":[]}],[{"start":0,"end":34,"url":null,"entity_id":"Q2542297","candidates":[]}],[{"start":0,"end":50,"url":null,"entity_id":"Q27668805","candidates":[]}],[{"start":0,"end":21,"url":null,"entity_id":"Q63891772","candidates":[]}]],[[{"start":0,"end":33,"url":null,"entity_id":"Q2542288","candidates":[]}],[{"start":0,"end":34,"url":null,"entity_id":"Q2542291","candidates":[]}],[{"start":0,"end":50,"url":null,"entity_id":"Q27668804","candidates":[]}],[{"start":0,"end":21,"url":null,"entity_id":"Q63891772","candidates":[]}]],[[{"start":0,"end":33,"url":null,"entity_id":"Q2542285","candidates":[]}],[{"start":0,"end":34,"url":null,"entity_id":"Q2542288","candidates":[]}],[{"start":0,"end":50,"url":null,"entity_id":"Q27668803","candidates":[]}],[{"start":0,"end":21,"url":null,"entity_id":"Q63891772","candidates":[]}]],[[{"start":0,"end":34,"url":null,"entity_id":"Q27031032","candidates":[]}],[{"start":0,"end":34,"url":null,"entity_id":"Q27031033","candidates":[]}],[{"start":0,"end":50,"url":null,"entity_id":"Q27669501","candidates":[]}],[{"start":0,"end":21,"url":null,"entity_id":"Q63891772","candidates":[]}]],[[{"start":0,"end":33,"url":null,"entity_id":"Q13481488","candidates":[]}],[{"start":0,"end":34,"url":null,"entity_id":"Q13481477","candidates":[]}],[{"start":0,"end":50,"url":null,"entity_id":"Q27668824","candidates":[]}],[{"start":0,"end":21,"url":null,"entity_id":"Q63891772","candidates":[]}]],[[{"start":0,"end":34,"url":null,"entity_id":"Q13481517","candidates":[]}],[{"start":0,"end":34,"url":null,"entity_id":"Q13481488","candidates":[]}],[{"start":0,"end":50,"url":null,"entity_id":"Q27668823","candidates":[]}],[{"start":0,"end":21,"url":null,"entity_id":"Q63891772","candidates":[]}]],[[{"start":0,"end":33,"url":null,"entity_id":"Q13481497","candidates":[]}],[{"start":0,"end":34,"url":null,"entity_id":"Q13481517","candidates":[]}],[{"start":0,"end":50,"url":null,"entity_id":"Q27668822","candidates":[]}],[{"start":0,"end":21,"url":null,"entity_id":"Q63891772","candidates":[]}]],[[{"start":0,"end":33,"url":null,"entity_id":"Q13481546","candidates":[]}],[{"start":0,"end":34,"url":null,"entity_id":"Q13481534","candidates":[]}],[{"start":0,"end":50,"url":null,"entity_id":"Q27668820","candidates":[]}],[{"start":0,"end":21,"url":null,"entity_id":"Q63891772","candidates":[]}]],[[{"start":0,"end":34,"url":null,"entity_id":"Q13481558","candidates":[]}],[{"start":0,"end":34,"url":null,"entity_id":"Q13481546","candidates":[]}],[{"start":0,"end":50,"url":null,"entity_id":"Q27668819","candidates":[]}],[{"start":0,"end":21,"url":null,"entity_id":"Q63891772","candidates":[]}]],[[{"start":0,"end":33,"url":null,"entity_id":"Q13476068","candidates":[]}],[{"start":0,"end":34,"url":null,"entity_id":"Q15708029","candidates":[]}],[{"start":0,"end":50,"url":null,"entity_id":"Q27668854","candidates":[]}],[{"start":0,"end":21,"url":null,"entity_id":"Q63891772","candidates":[]}]]]}