{"version":"1.2","table":{"version":"2","table_id":"EWY8595Z","columns":[{"index":0,"name":"col0","values":["County Monaghan","County Donegal","County Cavan","County Sligo","County Roscommon","County Mayo","County Leitrim","County Galway","County Tipperary","County Waterford","County Kerry","County Cork","County Clare","County Wicklow","County Wexford","County Westmeath","County Offaly","County Meath","County Louth","County Longford"]},{"index":1,"name":"col1","values":["Cathaoirleach of Monaghan County Council","Cathaoirleach of Donegal County Council","Cathaoirleach of Cavan County Council","Cathaoirleach of Sligo County Council","Cathaoirleach of Roscommon County Council","Cathaoirleach of County Mayo","Cathaoirleach of Leitrim County Council","Cathaoirleach of County Galway","Cathaoirleach of Tipperary County Council","Mayor of Waterford","Cathaoirleach of Kerry County Council","Mayor of County Cork","Cathaoirleach of Clare County Council","Cathaoirleach of Wicklow County Council","Cathaoirleach of Wexford County Council","Cathaoirleach of Westmeath County Council","Cathaoirleach of Offaly County Council","Cathaoirleach of Meath County Council","Cathaoirleach of Louth County Council","Cathaoirleach of Longford County Council"]},{"index":2,"name":"col2","values":["1295","4861","1932","1838","2548","5586","1590","6149","4305","1857","4807","7500","3450","2027","2365","1840","2001","2342","826","1091"]}]},"context":{"page_title":null,"page_url":null,"page_entity_id":null,"content_hierarchy":[]},"links":[[[{"start":0,"end":14,"url":null,"entity_id":"Q179424","candidates":[]}],[{"start":0,"end":39,"url":null,"entity_id":"Q54932341","candidates":[]}],[]],[[{"start":0,"end":12,"url":null,"entity_id":"Q187402","candidates":[]}],[{"start":0,"end":37,"url":null,"entity_id":"Q54932340","candidates":[]}],[]],[[{"start":0,"end":12,"url":null,"entity_id":"Q179325","candidates":[]}],[{"start":0,"end":37,"url":null,"entity_id":"Q54932339","candidates":[]}],[]],[[{"start":0,"end":16,"url":null,"entity_id":"Q179437","candidates":[]}],[{"start":0,"end":41,"url":null,"entity_id":"Q54932338","candidates":[]}],[]],[[{"start":0,"end":11,"url":null,"entity_id":"Q178626","candidates":[]}],[{"start":0,"end":28,"url":null,"entity_id":"Q54932337","candidates":[]}],[]],[[{"start":0,"end":14,"url":null,"entity_id":"Q107397","candidates":[]}],[{"start":0,"end":39,"url":null,"entity_id":"Q54932336","candidates":[]}],[]],[[{"start":0,"end":13,"url":null,"entity_id":"Q169923","candidates":[]}],[{"start":0,"end":30,"url":null,"entity_id":"Q54932335","candidates":[]}],[]],[[{"start":0,"end":16,"url":null,"entity_id":"Q184618","candidates":[]}],[{"start":0,"end":41,"url":null,"entity_id":"Q54932334","candidates":[]}],[]],[[{"start":0,"end":16,"url":null,"entity_id":"Q184594","candidates":[]}],[{"start":0,"end":18,"url":null,"entity_id":"Q54931555","candidates":[]}],[]],[[{"start":0,"end":12,"url":null,"entity_id":"Q184469","candidates":[]}],[{"start":0,"end":37,"url":null,"entity_id":"Q54931543","candidates":[]}],[]],[[{"start":0,"end":11,"url":null,"entity_id":"Q162475","candidates":[]}],[{"start":0,"end":20,"url":null,"entity_id":"Q54931539","candidates":[]}],[]],[[{"start":0,"end":12,"url":null,"entity_id":"Q181862","candidates":[]}],[{"start":0,"end":37,"url":null,"entity_id":"Q54931534","candidates":[]}],[]],[[{"start":0,"end":14,"url":null,"entity_id":"Q182591","candidates":[]}],[{"start":0,"end":39,"url":null,"entity_id":"Q54931516","candidates":[]}],[]],[[{"start":0,"end":14,"url":null,"entity_id":"Q184599","candidates":[]}],[{"start":0,"end":39,"url":null,"entity_id":"Q54931512","candidates":[]}],[]],[[{"start":0,"end":16,"url":null,"entity_id":"Q182633","candidates":[]}],[{"start":0,"end":41,"url":null,"entity_id":"Q54931508","candidates":[]}],[]],[[{"start":0,"end":13,"url":null,"entity_id":"Q184445","candidates":[]}],[{"start":0,"end":38,"url":null,"entity_id":"Q54931504","candidates":[]}],[]],[[{"start":0,"end":12,"url":null,"entity_id":"Q183544","candidates":[]}],[{"start":0,"end":37,"url":null,"entity_id":"Q54931499","candidates":[]}],[]],[[{"start":0,"end":12,"url":null,"entity_id":"Q183539","candidates":[]}],[{"start":0,"end":37,"url":null,"entity_id":"Q54931493","candidates":[]}],[]],[[{"start":0,"end":15,"url":null,"entity_id":"Q186220","candidates":[]}],[{"start":0,"end":40,"url":null,"entity_id":"Q54931491","candidates":[]}],[]],[[{"start":0,"end":15,"url":null,"entity_id":"Q184760","candidates":[]}],[{"start":0,"end":40,"url":null,"entity_id":"Q54932342","candidates":[]}],[]]]}