{"version":"1.2","table":{"version":"2","table_id":"F3Z8D9KM","columns":[{"index":0,"name":"col0","values":["BVG line 194","Bus line 109","Bus line 296","Bus line 893 (Berlin)","BVG line 259","BVG line 110","BVG line 247","BVG line 200","BVG line 142","BVG line 100","Oxford Tube","bus line 870","bus line 062","bus line 115","bus line 709","bus line 065","bus line 714","bus line 014","Bus line 14C (Eger)","Bus line 14 (Eger)"]},{"index":1,"name":"col1","values":["Bus transport in Berlin","Bus transport in Berlin","Bus transport in Berlin","Bus transport in Berlin","Bus transport in Berlin","Bus transport in Berlin","Bus transport in Berlin","Bus transport in Berlin","Bus transport in Berlin","Bus transport in Berlin","Oxford to London coach route","buses in Rome","buses in Rome","buses in Rome","buses in Rome","buses in Rome","buses in Rome","buses in Rome","public transport in Eger","public transport in Eger"]},{"index":2,"name":"col2","values":["Berliner Verkehrsbetriebe","Berliner Verkehrsbetriebe","Berliner Verkehrsbetriebe","Berliner Verkehrsbetriebe","Berliner Verkehrsbetriebe","Berliner Verkehrsbetriebe","Berliner Verkehrsbetriebe","Berliner Verkehrsbetriebe","Berliner Verkehrsbetriebe","Berliner Verkehrsbetriebe","Stagecoach in Oxfordshire","ATAC","ATAC","ATAC","ATAC","ATAC","ATAC","ATAC","Volánbusz","Volánbusz"]}]},"context":{"page_title":null,"page_url":null,"page_entity_id":null,"content_hierarchy":[]},"links":[[[{"start":0,"end":12,"url":null,"entity_id":"Q63002801","candidates":[]}],[{"start":0,"end":23,"url":null,"entity_id":"Q99676","candidates":[]}],[{"start":0,"end":25,"url":null,"entity_id":"Q99633","candidates":[]}]],[[{"start":0,"end":12,"url":null,"entity_id":"Q63002459","candidates":[]}],[{"start":0,"end":23,"url":null,"entity_id":"Q99676","candidates":[]}],[{"start":0,"end":25,"url":null,"entity_id":"Q99633","candidates":[]}]],[[{"start":0,"end":21,"url":null,"entity_id":"Q62975806","candidates":[]}],[{"start":0,"end":23,"url":null,"entity_id":"Q99676","candidates":[]}],[{"start":0,"end":25,"url":null,"entity_id":"Q99633","candidates":[]}]],[[{"start":0,"end":12,"url":null,"entity_id":"Q62975151","candidates":[]}],[{"start":0,"end":23,"url":null,"entity_id":"Q99676","candidates":[]}],[{"start":0,"end":25,"url":null,"entity_id":"Q99633","candidates":[]}]],[[{"start":0,"end":12,"url":null,"entity_id":"Q62968945","candidates":[]}],[{"start":0,"end":23,"url":null,"entity_id":"Q99676","candidates":[]}],[{"start":0,"end":25,"url":null,"entity_id":"Q99633","candidates":[]}]],[[{"start":0,"end":12,"url":null,"entity_id":"Q62968859","candidates":[]}],[{"start":0,"end":23,"url":null,"entity_id":"Q99676","candidates":[]}],[{"start":0,"end":25,"url":null,"entity_id":"Q99633","candidates":[]}]],[[{"start":0,"end":12,"url":null,"entity_id":"Q62968763","candidates":[]}],[{"start":0,"end":23,"url":null,"entity_id":"Q99676","candidates":[]}],[{"start":0,"end":25,"url":null,"entity_id":"Q99633","candidates":[]}]],[[{"start":0,"end":12,"url":null,"entity_id":"Q62968651","candidates":[]}],[{"start":0,"end":23,"url":null,"entity_id":"Q99676","candidates":[]}],[{"start":0,"end":25,"url":null,"entity_id":"Q99633","candidates":[]}]],[[{"start":0,"end":12,"url":null,"entity_id":"Q62656959","candidates":[]}],[{"start":0,"end":23,"url":null,"entity_id":"Q99676","candidates":[]}],[{"start":0,"end":25,"url":null,"entity_id":"Q99633","candidates":[]}]],[[{"start":0,"end":11,"url":null,"entity_id":"Q85203458","candidates":[]}],[{"start":0,"end":28,"url":null,"entity_id":"Q7115577","candidates":[]}],[{"start":0,"end":25,"url":null,"entity_id":"Q3496369","candidates":[]}]],[[{"start":0,"end":12,"url":null,"entity_id":"Q86838234","candidates":[]}],[{"start":0,"end":13,"url":null,"entity_id":"Q61708975","candidates":[]}],[{"start":0,"end":4,"url":null,"entity_id":"Q530087","candidates":[]}]],[[{"start":0,"end":12,"url":null,"entity_id":"Q86838058","candidates":[]}],[{"start":0,"end":13,"url":null,"entity_id":"Q61708975","candidates":[]}],[{"start":0,"end":4,"url":null,"entity_id":"Q530087","candidates":[]}]],[[{"start":0,"end":12,"url":null,"entity_id":"Q86239212","candidates":[]}],[{"start":0,"end":13,"url":null,"entity_id":"Q61708975","candidates":[]}],[{"start":0,"end":4,"url":null,"entity_id":"Q530087","candidates":[]}]],[[{"start":0,"end":12,"url":null,"entity_id":"Q85849392","candidates":[]}],[{"start":0,"end":13,"url":null,"entity_id":"Q61708975","candidates":[]}],[{"start":0,"end":4,"url":null,"entity_id":"Q530087","candidates":[]}]],[[{"start":0,"end":12,"url":null,"entity_id":"Q85024481","candidates":[]}],[{"start":0,"end":13,"url":null,"entity_id":"Q61708975","candidates":[]}],[{"start":0,"end":4,"url":null,"entity_id":"Q530087","candidates":[]}]],[[{"start":0,"end":12,"url":null,"entity_id":"Q85023283","candidates":[]}],[{"start":0,"end":13,"url":null,"entity_id":"Q61708975","candidates":[]}],[{"start":0,"end":4,"url":null,"entity_id":"Q530087","candidates":[]}]],[[{"start":0,"end":12,"url":null,"entity_id":"Q85022546","candidates":[]}],[{"start":0,"end":13,"url":null,"entity_id":"Q61708975","candidates":[]}],[{"start":0,"end":4,"url":null,"entity_id":"Q530087","candidates":[]}]],[[{"start":0,"end":19,"url":null,"entity_id":"Q26159808","candidates":[]}],[{"start":0,"end":24,"url":null,"entity_id":"Q987811","candidates":[]}],[{"start":0,"end":9,"url":null,"entity_id":"Q746503","candidates":[]}]],[[{"start":0,"end":18,"url":null,"entity_id":"Q26159683","candidates":[]}],[{"start":0,"end":24,"url":null,"entity_id":"Q987811","candidates":[]}],[{"start":0,"end":9,"url":null,"entity_id":"Q746503","candidates":[]}]],[[{"start":0,"end":12,"url":null,"entity_id":"Q66370763","candidates":[]}],[{"start":0,"end":23,"url":null,"entity_id":"Q99676","candidates":[]}],[{"start":0,"end":25,"url":null,"entity_id":"Q99633","candidates":[]}]]]}