{"version":"1.2","table":{"version":"2","table_id":"F44MO737","columns":[{"index":0,"name":"col0","values":["Cachoeirinha municipal election, 2016 for Councillor","Santa Cruz do Sul municipal election, 2016 for Councillor","Viamão municipal election, 2016 for Councillor","São Leopoldo municipal election, 2016 for Councillor","Alvorada municipal election, 2016 for Councillor","Barra Mansa municipal election, 2016 for Councillor","Belford Roxo municipal election, 2016 for Councillor","Itaguaí municipal election, 2016 for Councillor","São Pedro da Aldeia municipal election, 2016 for Councillor","Macaé municipal election, 2016 for Councillor","Volta Redonda municipal election, 2016 for Councillor","Sarrià de Ter Council election, 2015","Sarrià de Ter Council election, 2011","Sarrià de Ter Council election, 2007","Sarrià de Ter Council election, 2003","Sarrià de Ter Council election, 1999","2015 Toledo City Council election","Paulo Afonso municipal election, 2016 for Councillor","Chapecó municipal election, 2016 for Councillor","Barbacena municipal election, 2016 for Councillor","Teresópolis municipal election, 2016 for Councillor","Angra dos Reis municipal election, 2016 for Councillor","Foz do Iguaçu municipal election, 2016 for Councillor","São José municipal election, 2016 for Councillor","Barcarena municipal election, 2016 for Councillor","Breves municipal election, 2016 for Councillor","Municipal elections 2012 in Padasjoki in Finland"]},{"index":1,"name":"col1","values":["Joaquim Fortunato da Silva","Paulo Henrique Lersch","Belamar Pinheiro","Ana Affonso","Julio Gamaliel Inchauste Pires","Maria Lucia Moura da Fonseca","Ana Lucia Silva Correa","Sérgio Fukamati","Bruno Mendonça da Costa","Maxwell Souto Vaz","Rodrigo Cezar Furtado de Almeida","Convergence and Union","Convergence and Union","Convergence and Union","Convergence and Union","Convergence and Union","Milagros Tolón","Lêda Maria Rocha Araújo Chaves","Arestide Fidélis","Carlos Augusto Soares do Nascimento","Eudibelto Jose Reis","Jan Carlos de Almeida","Anice Gazzaoui","Carlos Eduardo de Souza Martins","Wandson Moacir Correa de Oliveira","Alexandre Barros Alves de Oliveira","Green League"]},{"index":2,"name":"col2","values":["Cachoeirinha","Santa Cruz do Sul","Viamão","São Leopoldo","Alvorada","Barra Mansa","Belford Roxo","Itaguaí","São Pedro da Aldeia","Macaé","Volta Redonda","Sarrià de Ter","Sarrià de Ter","Sarrià de Ter","Sarrià de Ter","Sarrià de Ter","Toledo","Paulo Afonso","Chapecó","Barbacena","Teresópolis","Angra dos Reis","Foz do Iguaçu","São José, Santa Catarina","Barcarena","Breves","Padasjoki"]}]},"context":{"page_title":null,"page_url":null,"page_entity_id":null,"content_hierarchy":[]},"links":[[[{"start":0,"end":57,"url":null,"entity_id":"Q61868660","candidates":[]}],[{"start":0,"end":21,"url":null,"entity_id":"Q61878989","candidates":[]}],[{"start":0,"end":17,"url":null,"entity_id":"Q781510","candidates":[]}]],[[{"start":0,"end":46,"url":null,"entity_id":"Q61868659","candidates":[]}],[{"start":0,"end":16,"url":null,"entity_id":"Q61881149","candidates":[]}],[{"start":0,"end":6,"url":null,"entity_id":"Q732905","candidates":[]}]],[[{"start":0,"end":52,"url":null,"entity_id":"Q61868661","candidates":[]}],[{"start":0,"end":11,"url":null,"entity_id":"Q16489922","candidates":[]}],[{"start":0,"end":12,"url":null,"entity_id":"Q688275","candidates":[]}]],[[{"start":0,"end":48,"url":null,"entity_id":"Q61868662","candidates":[]}],[{"start":0,"end":30,"url":null,"entity_id":"Q61879256","candidates":[]}],[{"start":0,"end":8,"url":null,"entity_id":"Q449593","candidates":[]}]],[[{"start":0,"end":51,"url":null,"entity_id":"Q61868651","candidates":[]}],[{"start":0,"end":28,"url":null,"entity_id":"Q61879209","candidates":[]}],[{"start":0,"end":11,"url":null,"entity_id":"Q808797","candidates":[]}]],[[{"start":0,"end":52,"url":null,"entity_id":"Q61868078","candidates":[]}],[{"start":0,"end":22,"url":null,"entity_id":"Q61879533","candidates":[]}],[{"start":0,"end":12,"url":null,"entity_id":"Q737636","candidates":[]}]],[[{"start":0,"end":47,"url":null,"entity_id":"Q61868653","candidates":[]}],[{"start":0,"end":15,"url":null,"entity_id":"Q61878949","candidates":[]}],[{"start":0,"end":7,"url":null,"entity_id":"Q730437","candidates":[]}]],[[{"start":0,"end":59,"url":null,"entity_id":"Q61868652","candidates":[]}],[{"start":0,"end":23,"url":null,"entity_id":"Q61878782","candidates":[]}],[{"start":0,"end":19,"url":null,"entity_id":"Q581213","candidates":[]}]],[[{"start":0,"end":45,"url":null,"entity_id":"Q61868650","candidates":[]}],[{"start":0,"end":17,"url":null,"entity_id":"Q61881144","candidates":[]}],[{"start":0,"end":5,"url":null,"entity_id":"Q473250","candidates":[]}]],[[{"start":0,"end":53,"url":null,"entity_id":"Q60676126","candidates":[]}],[{"start":0,"end":32,"url":null,"entity_id":"Q61617225","candidates":[]}],[{"start":0,"end":13,"url":null,"entity_id":"Q276176","candidates":[]}]],[[{"start":0,"end":36,"url":null,"entity_id":"Q60169413","candidates":[]}],[{"start":0,"end":21,"url":null,"entity_id":"Q150398","candidates":[]}],[{"start":0,"end":13,"url":null,"entity_id":"Q13456","candidates":[]}]],[[{"start":0,"end":36,"url":null,"entity_id":"Q60169312","candidates":[]}],[{"start":0,"end":21,"url":null,"entity_id":"Q150398","candidates":[]}],[{"start":0,"end":13,"url":null,"entity_id":"Q13456","candidates":[]}]],[[{"start":0,"end":36,"url":null,"entity_id":"Q60168638","candidates":[]}],[{"start":0,"end":21,"url":null,"entity_id":"Q150398","candidates":[]}],[{"start":0,"end":13,"url":null,"entity_id":"Q13456","candidates":[]}]],[[{"start":0,"end":36,"url":null,"entity_id":"Q59545137","candidates":[]}],[{"start":0,"end":21,"url":null,"entity_id":"Q150398","candidates":[]}],[{"start":0,"end":13,"url":null,"entity_id":"Q13456","candidates":[]}]],[[{"start":0,"end":36,"url":null,"entity_id":"Q59354207","candidates":[]}],[{"start":0,"end":21,"url":null,"entity_id":"Q150398","candidates":[]}],[{"start":0,"end":13,"url":null,"entity_id":"Q13456","candidates":[]}]],[[{"start":0,"end":33,"url":null,"entity_id":"Q58463429","candidates":[]}],[{"start":0,"end":14,"url":null,"entity_id":"Q20087023","candidates":[]}],[{"start":0,"end":6,"url":null,"entity_id":"Q5836","candidates":[]}]],[[{"start":0,"end":52,"url":null,"entity_id":"Q61868088","candidates":[]}],[{"start":0,"end":30,"url":null,"entity_id":"Q61878897","candidates":[]}],[{"start":0,"end":12,"url":null,"entity_id":"Q956008","candidates":[]}]],[[{"start":0,"end":47,"url":null,"entity_id":"Q61868086","candidates":[]}],[{"start":0,"end":16,"url":null,"entity_id":"Q61879277","candidates":[]}],[{"start":0,"end":7,"url":null,"entity_id":"Q817387","candidates":[]}]],[[{"start":0,"end":49,"url":null,"entity_id":"Q61868089","candidates":[]}],[{"start":0,"end":35,"url":null,"entity_id":"Q61879036","candidates":[]}],[{"start":0,"end":9,"url":null,"entity_id":"Q807311","candidates":[]}]],[[{"start":0,"end":51,"url":null,"entity_id":"Q61868093","candidates":[]}],[{"start":0,"end":19,"url":null,"entity_id":"Q61879199","candidates":[]}],[{"start":0,"end":11,"url":null,"entity_id":"Q622836","candidates":[]}]],[[{"start":0,"end":54,"url":null,"entity_id":"Q61868085","candidates":[]}],[{"start":0,"end":21,"url":null,"entity_id":"Q61892192","candidates":[]}],[{"start":0,"end":14,"url":null,"entity_id":"Q542829","candidates":[]}]],[[{"start":0,"end":53,"url":null,"entity_id":"Q61868092","candidates":[]}],[{"start":0,"end":14,"url":null,"entity_id":"Q16490672","candidates":[]}],[{"start":0,"end":13,"url":null,"entity_id":"Q202316","candidates":[]}]],[[{"start":0,"end":48,"url":null,"entity_id":"Q61868087","candidates":[]}],[{"start":0,"end":31,"url":null,"entity_id":"Q61879352","candidates":[]}],[{"start":0,"end":24,"url":null,"entity_id":"Q173849","candidates":[]}]],[[{"start":0,"end":49,"url":null,"entity_id":"Q61868623","candidates":[]}],[{"start":0,"end":33,"url":null,"entity_id":"Q61880062","candidates":[]}],[{"start":0,"end":9,"url":null,"entity_id":"Q2009595","candidates":[]}]],[[{"start":0,"end":46,"url":null,"entity_id":"Q61868624","candidates":[]}],[{"start":0,"end":34,"url":null,"entity_id":"Q61878772","candidates":[]}],[{"start":0,"end":6,"url":null,"entity_id":"Q1804770","candidates":[]}]],[[{"start":0,"end":48,"url":null,"entity_id":"Q28753500","candidates":[]}],[{"start":0,"end":12,"url":null,"entity_id":"Q196695","candidates":[]}],[{"start":0,"end":9,"url":null,"entity_id":"Q1025720","candidates":[]}]],[[{"start":0,"end":52,"url":null,"entity_id":"Q61868663","candidates":[]}],[{"start":0,"end":26,"url":null,"entity_id":"Q61878981","candidates":[]}],[{"start":0,"end":12,"url":null,"entity_id":"Q957697","candidates":[]}]]]}