{"version":"1.2","table":{"version":"2","table_id":"F5KVP41I","columns":[{"index":0,"name":"col0","values":["gold-205","gold-204","gold-203","gold-202","gold-201","gold-200","gold-199","gold-198","gold-196","gold-195","gold-194","gold-193","gold-192","gold-191","gold-190","gold-189","gold-188","gold-187","gold-186","gold-185"]},{"index":1,"name":"col1","values":["-18770","-20650","-23143.436","-24352.979","-26400.714","-27240.092","-29093.741","-29580.781","-31138.706","-32567.031","-32211.936","-33404.821","-32772.116","-33797.904","-32833.533","-33581.955","-32371.308","-33027.838","-31714.852","-31858.143"]},{"index":2,"name":"col2","values":["32.5","39.8","60","28.4","26","48.4","3.139","2.6948","6.1669","186.098","38.02","17.65","4.94","3.18","42.8","28.7","8.84","8.3","10.7","4.25"]}]},"context":{"page_title":null,"page_url":null,"page_entity_id":null,"content_hierarchy":[]},"links":[[[{"start":0,"end":8,"url":null,"entity_id":"Q18883186","candidates":[]}],[],[]],[[{"start":0,"end":8,"url":null,"entity_id":"Q18883185","candidates":[]}],[],[]],[[{"start":0,"end":8,"url":null,"entity_id":"Q18883184","candidates":[]}],[],[]],[[{"start":0,"end":8,"url":null,"entity_id":"Q18883183","candidates":[]}],[],[]],[[{"start":0,"end":8,"url":null,"entity_id":"Q18883181","candidates":[]}],[],[]],[[{"start":0,"end":8,"url":null,"entity_id":"Q18883179","candidates":[]}],[],[]],[[{"start":0,"end":8,"url":null,"entity_id":"Q18883176","candidates":[]}],[],[]],[[{"start":0,"end":8,"url":null,"entity_id":"Q18883171","candidates":[]}],[],[]],[[{"start":0,"end":8,"url":null,"entity_id":"Q18883167","candidates":[]}],[],[]],[[{"start":0,"end":8,"url":null,"entity_id":"Q18883164","candidates":[]}],[],[]],[[{"start":0,"end":8,"url":null,"entity_id":"Q18883161","candidates":[]}],[],[]],[[{"start":0,"end":8,"url":null,"entity_id":"Q18883158","candidates":[]}],[],[]],[[{"start":0,"end":8,"url":null,"entity_id":"Q18883155","candidates":[]}],[],[]],[[{"start":0,"end":8,"url":null,"entity_id":"Q18883153","candidates":[]}],[],[]],[[{"start":0,"end":8,"url":null,"entity_id":"Q18883148","candidates":[]}],[],[]],[[{"start":0,"end":8,"url":null,"entity_id":"Q18883147","candidates":[]}],[],[]],[[{"start":0,"end":8,"url":null,"entity_id":"Q18883145","candidates":[]}],[],[]],[[{"start":0,"end":8,"url":null,"entity_id":"Q18883143","candidates":[]}],[],[]],[[{"start":0,"end":8,"url":null,"entity_id":"Q18883141","candidates":[]}],[],[]],[[{"start":0,"end":8,"url":null,"entity_id":"Q18883187","candidates":[]}],[],[]]]}