{"version":2,"table":{"version":"2","table_id":"YFJO6JOM","columns":[{"index":0,"name":"col0","values":["Miastoprojekt building in Łódź","Thessaloniki Concert Hall","Manhattan estate, Wrocław","Etihad Towers","Teem Plaza","Nanjing International Youth Cultural Centre","Shibuya Stream"]},{"index":1,"name":"col1","values":["68","50","54","305","195","315","179950"]},{"index":2,"name":"col2","values":["Katedralna","Thessaloniki Municipality","Wrocław","Abu Dhabi","Tianhe District","Nanjing","Shibuya"]}]},"context":{"version":2,"page_title":null,"page_url":null,"page_entities":[],"content_hierarchy":[]},"links":[[[{"version":2,"start":0,"end":30,"url":null,"entities":[{"id":"Q9185947","type":"wikidata"}]}],[],[{"version":2,"start":0,"end":10,"url":null,"entities":[{"id":"Q11737360","type":"wikidata"}]}]],[[{"version":2,"start":0,"end":25,"url":null,"entities":[{"id":"Q7783471","type":"wikidata"}]}],[],[{"version":2,"start":0,"end":25,"url":null,"entities":[{"id":"Q6627746","type":"wikidata"}]}]],[[{"version":2,"start":0,"end":25,"url":null,"entities":[{"id":"Q9390467","type":"wikidata"}]}],[],[{"version":2,"start":0,"end":7,"url":null,"entities":[{"id":"Q1799","type":"wikidata"}]}]],[[{"version":2,"start":0,"end":13,"url":null,"entities":[{"id":"Q1371570","type":"wikidata"}]}],[],[{"version":2,"start":0,"end":9,"url":null,"entities":[{"id":"Q1519","type":"wikidata"}]}]],[[{"version":2,"start":0,"end":10,"url":null,"entities":[{"id":"Q7694232","type":"wikidata"}]}],[],[{"version":2,"start":0,"end":15,"url":null,"entities":[{"id":"Q917049","type":"wikidata"}]}]],[[{"version":2,"start":0,"end":43,"url":null,"entities":[{"id":"Q15855324","type":"wikidata"}]}],[],[{"version":2,"start":0,"end":7,"url":null,"entities":[{"id":"Q16666","type":"wikidata"}]}]],[[{"version":2,"start":0,"end":14,"url":null,"entities":[{"id":"Q30922481","type":"wikidata"}]}],[],[{"version":2,"start":0,"end":7,"url":null,"entities":[{"id":"Q102220888","type":"wikidata"}]}]]]}