{"version":2,"table":{"version":"2","table_id":"ZFPM7F1J","columns":[{"index":0,"name":"col0","values":["Guayadeue Musc Player","usikCube","cmus","oahak","JuK","Muie","Ario"]},{"index":1,"name":"col1","values":["wxWidgets","ncurses","ncurses","Qt","Qt","GTK","GTK"]}]},"context":{"version":2,"page_title":null,"page_url":null,"page_entities":[],"content_hierarchy":[]},"links":[[[{"version":2,"start":0,"end":21,"url":null,"entities":[{"id":"Q14943874","type":"wikidata"}]}],[{"version":2,"start":0,"end":9,"url":null,"entities":[{"id":"Q284982","type":"wikidata"}]}]],[[{"version":2,"start":0,"end":8,"url":null,"entities":[{"id":"Q2523600","type":"wikidata"}]}],[{"version":2,"start":0,"end":7,"url":null,"entities":[{"id":"Q310974","type":"wikidata"}]}]],[[{"version":2,"start":0,"end":4,"url":null,"entities":[{"id":"Q1940750","type":"wikidata"}]}],[{"version":2,"start":0,"end":7,"url":null,"entities":[{"id":"Q310974","type":"wikidata"}]}]],[[{"version":2,"start":0,"end":5,"url":null,"entities":[{"id":"Q2440298","type":"wikidata"}]}],[{"version":2,"start":0,"end":2,"url":null,"entities":[{"id":"Q201904","type":"wikidata"}]}]],[[{"version":2,"start":0,"end":3,"url":null,"entities":[{"id":"Q1500348","type":"wikidata"}]}],[{"version":2,"start":0,"end":2,"url":null,"entities":[{"id":"Q201904","type":"wikidata"}]}]],[[{"version":2,"start":0,"end":4,"url":null,"entities":[{"id":"Q3327542","type":"wikidata"}]}],[{"version":2,"start":0,"end":3,"url":null,"entities":[{"id":"Q189464","type":"wikidata"}]}]],[[{"version":2,"start":0,"end":4,"url":null,"entities":[{"id":"Q2861290","type":"wikidata"}]}],[{"version":2,"start":0,"end":3,"url":null,"entities":[{"id":"Q189464","type":"wikidata"}]}]]]}