{"version":2,"table":{"version":"2","table_id":"ZKVZDE83","columns":[{"index":0,"name":"col0","values":["Mathura lion capital","Column capital-MAHG A 1998-0211","Capital depicting Hathor-MAHG 027868","Musée Saint-Raymond, Ra 500 m","Pilaster capital Ra 25","Pilaster capital 2000.180.1","Corinthian capital 2000.411.1"]},{"index":1,"name":"col1","values":["British Museum","Musée d’Art et d’Histoire de Genève","Musée d’Art et d’Histoire de Genève","Musée Saint-Raymond","Musée Saint-Raymond","Musée Saint-Raymond","Musée Saint-Raymond"]},{"index":2,"name":"col2","values":["74","21","20","36","44","30","76"]}]},"context":{"version":2,"page_title":null,"page_url":null,"page_entities":[],"content_hierarchy":[]},"links":[[[{"version":2,"start":0,"end":20,"url":null,"entities":[{"id":"Q6787358","type":"wikidata"}]}],[{"version":2,"start":0,"end":14,"url":null,"entities":[{"id":"Q6373","type":"wikidata"}]}],[]],[[{"version":2,"start":0,"end":31,"url":null,"entities":[{"id":"Q64576950","type":"wikidata"}]}],[{"version":2,"start":0,"end":35,"url":null,"entities":[{"id":"Q679075","type":"wikidata"}]}],[]],[[{"version":2,"start":0,"end":36,"url":null,"entities":[{"id":"Q64518435","type":"wikidata"}]}],[{"version":2,"start":0,"end":35,"url":null,"entities":[{"id":"Q679075","type":"wikidata"}]}],[]],[[{"version":2,"start":0,"end":29,"url":null,"entities":[{"id":"Q50377854","type":"wikidata"}]}],[{"version":2,"start":0,"end":19,"url":null,"entities":[{"id":"Q1376","type":"wikidata"}]}],[]],[[{"version":2,"start":0,"end":22,"url":null,"entities":[{"id":"Q47546786","type":"wikidata"}]}],[{"version":2,"start":0,"end":19,"url":null,"entities":[{"id":"Q1376","type":"wikidata"}]}],[]],[[{"version":2,"start":0,"end":27,"url":null,"entities":[{"id":"Q47532029","type":"wikidata"}]}],[{"version":2,"start":0,"end":19,"url":null,"entities":[{"id":"Q1376","type":"wikidata"}]}],[]],[[{"version":2,"start":0,"end":29,"url":null,"entities":[{"id":"Q47531958","type":"wikidata"}]}],[{"version":2,"start":0,"end":19,"url":null,"entities":[{"id":"Q1376","type":"wikidata"}]}],[]]]}