[
  {
    "version": 1,
    "nodes": [
      {
        "id": "d:c-1",
        "col_index": 1,
        "label": "City"
      },
      {
        "id": "c-2",
        "abs_uri": "http://www.wikidata.org/entity/Q6256",
        "rel_uri": "wd:Q6256",
        "approximation": false,
        "readable_label": null
      },
      {
        "id": "d:c-2",
        "col_index": 2,
        "label": "Country"
      },
      {
        "id": "c-3",
        "abs_uri": "http://www.wikidata.org/entity/Q483110",
        "rel_uri": "wd:Q483110",
        "approximation": false,
        "readable_label": null
      },
      {
        "id": "d:c-3",
        "col_index": 3,
        "label": "Venue"
      },
      {
        "id": "d-0",
        "col_index": 0,
        "label": "Date"
      },
      {
        "id": "context-Q2873343",
        "value": "http://www.wikidata.org/entity/Q2873343",
        "readable_label": "Avant que l'ombre... \u00e0 Bercy (Q2873343)",
        "is_in_context": true,
        "datatype": "entity-id"
      },
      {
        "id": "c-0",
        "abs_uri": "http://www.wikidata.org/entity/Q1637706",
        "rel_uri": "wd:Q1637706",
        "approximation": true,
        "readable_label": null
      },
      {
        "id": "c-1",
        "abs_uri": "http://wikiba.se/ontology#Statement",
        "rel_uri": "wikibase:Statement",
        "approximation": false,
        "readable_label": null
      }
    ],
    "edges": [
      {
        "source": "c-2",
        "target": "d:c-2",
        "abs_uri": "http://www.w3.org/2000/01/rdf-schema#label",
        "rel_uri": "rdfs:label",
        "approximation": false,
        "readable_label": null,
        "id": 1
      },
      {
        "source": "c-3",
        "target": "d:c-3",
        "abs_uri": "http://www.w3.org/2000/01/rdf-schema#label",
        "rel_uri": "rdfs:label",
        "approximation": false,
        "readable_label": null,
        "id": 2
      },
      {
        "source": "c-3",
        "target": "c-0",
        "abs_uri": "http://www.wikidata.org/prop/P131",
        "rel_uri": "p:P131",
        "approximation": false,
        "readable_label": null,
        "id": 3
      },
      {
        "source": "context-Q2873343",
        "target": "c-1",
        "abs_uri": "http://www.wikidata.org/prop/P276",
        "rel_uri": "p:P276",
        "approximation": false,
        "readable_label": null,
        "id": 4
      },
      {
        "source": "c-0",
        "target": "d:c-1",
        "abs_uri": "http://www.w3.org/2000/01/rdf-schema#label",
        "rel_uri": "rdfs:label",
        "approximation": false,
        "readable_label": null,
        "id": 5
      },
      {
        "source": "c-0",
        "target": "c-2",
        "abs_uri": "http://www.wikidata.org/prop/P17",
        "rel_uri": "p:P17",
        "approximation": false,
        "readable_label": null,
        "id": 6
      },
      {
        "source": "c-1",
        "target": "c-3",
        "abs_uri": "http://www.wikidata.org/prop/P276",
        "rel_uri": "p:P276",
        "approximation": false,
        "readable_label": null,
        "id": 7
      },
      {
        "source": "c-1",
        "target": "d-0",
        "abs_uri": "http://www.wikidata.org/prop/P585",
        "rel_uri": "p:P585",
        "approximation": false,
        "readable_label": null,
        "id": 8
      }
    ]
  }
]