{"version":"1.2","table":{"version":"2","table_id":"DKKZ0A62","columns":[{"index":0,"name":"col0","values":["São Paulo, Parada 7 de Setembro","Santos. Praça da Republica e Alfandega","Santos. Praça da República (Missa Campal)","Santos. Porto e Docas de Santos","Santos. Porto e Docas de Santos","No. 118. Santos. Carregadores de Café com 4 e 5 Sacos","No. 117. Santos. Rua Quinze de Novembro e Camara Syndical de Corrector de Fundos Publicos","Nº. 103. Santos. Visto de Monte Serrat. Itapema. Embarque de Café. Armazem das Docas","No 98. Santos. Rua 15 de Novembro. (4 Cantos)","Nº 81. Santos, Serra da S. Paulo Railway Co","Nº 79. Santos. Serra Grota Funda","Nº 56. Santos - Docas, Embarque de Immigrantes para S. Paulo","Nº 34. S. Paulo Railway Co. Planos Inclinados. um Viaducto na Serra","Nº 33. Principio da Serra e Estação Piassagnèra. - S. Paulo Railway Co. Planos Inclinados","Nº 31. S. Paulo Railway Co. Planos Inclinados. - a Terceira Machina da Serra","Nº 136. Santos. Carregador com 242 Kilos de Café","Monumento do Ipyranga","Monumento - Minas ao Brasil - P. Caldas","Meninas Anônimas","João Pessôa. Praia de Jambaú. - (Direitos Reservados). Op37"]},{"index":1,"name":"col1","values":["13.8","13.8","13.8","14","13.9","13.9","13.9","13.8","13.9","13.9","13.8","13.9","14","13.7","13.8","8.9","14","8.8","8.9","8.6"]},{"index":2,"name":"col2","values":["8.8","8.8","8.9","9","9","8.9","9","9.1","8.9","8.8","8.8","8.9","9","8.8","8.8","13.8","9","13.8","14","13.1"]}]},"context":{"page_title":null,"page_url":null,"page_entity_id":null,"content_hierarchy":[]},"links":[[[{"start":0,"end":38,"url":null,"entity_id":"Q55763925","candidates":[]}],[],[]],[[{"start":0,"end":41,"url":null,"entity_id":"Q55763924","candidates":[]}],[],[]],[[{"start":0,"end":31,"url":null,"entity_id":"Q55763923","candidates":[]}],[],[]],[[{"start":0,"end":31,"url":null,"entity_id":"Q55763922","candidates":[]}],[],[]],[[{"start":0,"end":53,"url":null,"entity_id":"Q55763849","candidates":[]}],[],[]],[[{"start":0,"end":89,"url":null,"entity_id":"Q55763848","candidates":[]}],[],[]],[[{"start":0,"end":84,"url":null,"entity_id":"Q55763847","candidates":[]}],[],[]],[[{"start":0,"end":45,"url":null,"entity_id":"Q55763845","candidates":[]}],[],[]],[[{"start":0,"end":43,"url":null,"entity_id":"Q55763844","candidates":[]}],[],[]],[[{"start":0,"end":32,"url":null,"entity_id":"Q55763841","candidates":[]}],[],[]],[[{"start":0,"end":60,"url":null,"entity_id":"Q55763840","candidates":[]}],[],[]],[[{"start":0,"end":67,"url":null,"entity_id":"Q55763839","candidates":[]}],[],[]],[[{"start":0,"end":89,"url":null,"entity_id":"Q55763838","candidates":[]}],[],[]],[[{"start":0,"end":76,"url":null,"entity_id":"Q55763837","candidates":[]}],[],[]],[[{"start":0,"end":48,"url":null,"entity_id":"Q55763836","candidates":[]}],[],[]],[[{"start":0,"end":21,"url":null,"entity_id":"Q55763812","candidates":[]}],[],[]],[[{"start":0,"end":39,"url":null,"entity_id":"Q55763811","candidates":[]}],[],[]],[[{"start":0,"end":16,"url":null,"entity_id":"Q55763804","candidates":[]}],[],[]],[[{"start":0,"end":59,"url":null,"entity_id":"Q55763785","candidates":[]}],[],[]],[[{"start":0,"end":31,"url":null,"entity_id":"Q49903931","candidates":[]}],[],[]]]}