{"version":"1.2","table":{"version":"2","table_id":"DN61R2KU","columns":[{"index":0,"name":"col0","values":["Englische Brücke","Doppelbrücke","Holliwell Covered Bridge","Grand Canyon Skywalk","San Martín bridge","Kintai Bridge","Queen Emma Bridge","Adolphe Bridge","Schlütersteg","Katzengrabensteg","Kaisersteg","Lune Millennium Bridge","Kaisermühlenbrücke","Jedleseer Brücke","Neubrügg","Ozimek Suspension Bridge","Jerusalem Chords Bridge","Daarler Brücke","Trinity Bridge","Pont Saint-Louis"]},{"index":1,"name":"col1","values":["Bad Muskau","Bad Muskau","Winterset","Arizona","Toledo","Iwakuni","Curaçao","Luxembourg","Mitte","Treptow-Köpenick","Treptow-Köpenick","Lancaster","Vienna","Vienna","Bern","Ozimek","Jerusalem","Saarbrücken","Crowland","Paris"]},{"index":2,"name":"col2","values":["Poland","Poland","United States of America","United States of America","Spain","Japan","Curaçao","Luxembourg","Germany","Germany","Germany","United Kingdom","Austria","Austria","Switzerland","Poland","فلسطين.","Germany","United Kingdom","France"]}]},"context":{"page_title":null,"page_url":null,"page_entity_id":null,"content_hierarchy":[]},"links":[[[{"start":0,"end":12,"url":null,"entity_id":"Q1242882","candidates":[]}],[{"start":0,"end":10,"url":null,"entity_id":"Q165131","candidates":[]}],[{"start":0,"end":6,"url":null,"entity_id":"Q36","candidates":[]}]],[[{"start":0,"end":24,"url":null,"entity_id":"Q1624852","candidates":[]}],[{"start":0,"end":9,"url":null,"entity_id":"Q983796","candidates":[]}],[{"start":0,"end":24,"url":null,"entity_id":"Q30","candidates":[]}]],[[{"start":0,"end":20,"url":null,"entity_id":"Q1542550","candidates":[]}],[{"start":0,"end":7,"url":null,"entity_id":"Q816","candidates":[]}],[{"start":0,"end":24,"url":null,"entity_id":"Q30","candidates":[]}]],[[{"start":0,"end":17,"url":null,"entity_id":"Q1518670","candidates":[]}],[{"start":0,"end":6,"url":null,"entity_id":"Q5836","candidates":[]}],[{"start":0,"end":5,"url":null,"entity_id":"Q29","candidates":[]}]],[[{"start":0,"end":13,"url":null,"entity_id":"Q1196460","candidates":[]}],[{"start":0,"end":7,"url":null,"entity_id":"Q329797","candidates":[]}],[{"start":0,"end":5,"url":null,"entity_id":"Q17","candidates":[]}]],[[{"start":0,"end":17,"url":null,"entity_id":"Q182945","candidates":[]}],[{"start":0,"end":7,"url":null,"entity_id":"Q25279","candidates":[]}],[{"start":0,"end":7,"url":null,"entity_id":"Q25279","candidates":[]}]],[[{"start":0,"end":14,"url":null,"entity_id":"Q365643","candidates":[]}],[{"start":0,"end":10,"url":null,"entity_id":"Q1842","candidates":[]}],[{"start":0,"end":10,"url":null,"entity_id":"Q32","candidates":[]}]],[[{"start":0,"end":12,"url":null,"entity_id":"Q1693418","candidates":[]}],[{"start":0,"end":5,"url":null,"entity_id":"Q163966","candidates":[]}],[{"start":0,"end":7,"url":null,"entity_id":"Q183","candidates":[]}]],[[{"start":0,"end":16,"url":null,"entity_id":"Q1736892","candidates":[]}],[{"start":0,"end":16,"url":null,"entity_id":"Q158089","candidates":[]}],[{"start":0,"end":7,"url":null,"entity_id":"Q183","candidates":[]}]],[[{"start":0,"end":10,"url":null,"entity_id":"Q1721743","candidates":[]}],[{"start":0,"end":16,"url":null,"entity_id":"Q158089","candidates":[]}],[{"start":0,"end":7,"url":null,"entity_id":"Q183","candidates":[]}]],[[{"start":0,"end":22,"url":null,"entity_id":"Q1698906","candidates":[]}],[{"start":0,"end":9,"url":null,"entity_id":"Q205905","candidates":[]}],[{"start":0,"end":14,"url":null,"entity_id":"Q145","candidates":[]}]],[[{"start":0,"end":18,"url":null,"entity_id":"Q1721708","candidates":[]}],[{"start":0,"end":6,"url":null,"entity_id":"Q1741","candidates":[]}],[{"start":0,"end":7,"url":null,"entity_id":"Q40","candidates":[]}]],[[{"start":0,"end":16,"url":null,"entity_id":"Q1686164","candidates":[]}],[{"start":0,"end":6,"url":null,"entity_id":"Q1741","candidates":[]}],[{"start":0,"end":7,"url":null,"entity_id":"Q40","candidates":[]}]],[[{"start":0,"end":8,"url":null,"entity_id":"Q1688816","candidates":[]}],[{"start":0,"end":4,"url":null,"entity_id":"Q70","candidates":[]}],[{"start":0,"end":11,"url":null,"entity_id":"Q39","candidates":[]}]],[[{"start":0,"end":24,"url":null,"entity_id":"Q1739931","candidates":[]}],[{"start":0,"end":6,"url":null,"entity_id":"Q567827","candidates":[]}],[{"start":0,"end":6,"url":null,"entity_id":"Q36","candidates":[]}]],[[{"start":0,"end":23,"url":null,"entity_id":"Q1057872","candidates":[]}],[{"start":0,"end":9,"url":null,"entity_id":"Q1218","candidates":[]}],[{"start":0,"end":7,"url":null,"entity_id":"Q12950813","candidates":[]}]],[[{"start":0,"end":14,"url":null,"entity_id":"Q1156483","candidates":[]}],[{"start":0,"end":11,"url":null,"entity_id":"Q1724","candidates":[]}],[{"start":0,"end":7,"url":null,"entity_id":"Q183","candidates":[]}]],[[{"start":0,"end":14,"url":null,"entity_id":"Q1130043","candidates":[]}],[{"start":0,"end":8,"url":null,"entity_id":"Q581158","candidates":[]}],[{"start":0,"end":14,"url":null,"entity_id":"Q145","candidates":[]}]],[[{"start":0,"end":16,"url":null,"entity_id":"Q1140060","candidates":[]}],[{"start":0,"end":5,"url":null,"entity_id":"Q90","candidates":[]}],[{"start":0,"end":6,"url":null,"entity_id":"Q142","candidates":[]}]],[[{"start":0,"end":16,"url":null,"entity_id":"Q1342531","candidates":[]}],[{"start":0,"end":10,"url":null,"entity_id":"Q165131","candidates":[]}],[{"start":0,"end":6,"url":null,"entity_id":"Q36","candidates":[]}]]]}