{"version":"1.2","table":{"version":"2","table_id":"DPFUUDTQ","columns":[{"index":0,"name":"col0","values":["French Somaliland","Province of North Carolina","British Honduras","Colonial Brazil","New France","Dutch Brazil","Korea under Japanese rule","Portuguese Angola","Portuguese Mozambique","Kenya Colony","Belgian Congo","French Congo","Spanish Guinea","Gold Coast","Portuguese Guinea","Syria","French Equatorial Africa","Colony of Natal","Cape Colony","Transvaal Colony"]},{"index":1,"name":"col1","values":["Djibouti","Bath","Belmopan","Rio de Janeiro","Montreal","Mauritsstad","Keijō","Luanda","Maputo","Nairobi","Kinshasa","Libreville","Malabo","Accra","Bissau","Damascus","Brazzaville","Pietermaritzburg","Cape Town","Pretoria"]},{"index":2,"name":"col2","values":["overseas territory","crown colony of the British Empire","crown colony of the British Empire","absolute monarchy","absolute monarchy","colony","colony","colony","colony","colony","colony","colony","colony","colony","colony","Parliamentary Republic","federal state","constitutional monarchy","constitutional monarchy","constitutional monarchy"]},{"index":3,"name":"col3","values":["1894-01-01","1712-01-24","1862-01-01","1500-01-01","1534-01-01","1630-01-01","1910-08-29","1655-01-01","1498-01-01","1920-06-11","1908-11-15","1882-11-30","1926-08-11","1821-01-01","1474-01-01","1920-03-08","1910-01-01","1843-01-01","1795-01-01","1902-01-01"]}]},"context":{"page_title":null,"page_url":null,"page_entity_id":null,"content_hierarchy":[]},"links":[[[{"start":0,"end":26,"url":null,"entity_id":"Q2334526","candidates":[]}],[{"start":0,"end":4,"url":null,"entity_id":"Q547581","candidates":[]}],[{"start":0,"end":34,"url":null,"entity_id":"Q1351282","candidates":[]}],[]],[[{"start":0,"end":16,"url":null,"entity_id":"Q1643555","candidates":[]}],[{"start":0,"end":8,"url":null,"entity_id":"Q3043","candidates":[]}],[{"start":0,"end":34,"url":null,"entity_id":"Q1351282","candidates":[]}],[]],[[{"start":0,"end":15,"url":null,"entity_id":"Q2088324","candidates":[]}],[{"start":0,"end":14,"url":null,"entity_id":"Q8678","candidates":[]}],[{"start":0,"end":17,"url":null,"entity_id":"Q184558","candidates":[]}],[]],[[{"start":0,"end":10,"url":null,"entity_id":"Q170604","candidates":[]}],[{"start":0,"end":8,"url":null,"entity_id":"Q340","candidates":[]}],[{"start":0,"end":17,"url":null,"entity_id":"Q184558","candidates":[]}],[]],[[{"start":0,"end":12,"url":null,"entity_id":"Q221357","candidates":[]}],[{"start":0,"end":11,"url":null,"entity_id":"Q2671184","candidates":[]}],[{"start":0,"end":6,"url":null,"entity_id":"Q133156","candidates":[]}],[]],[[{"start":0,"end":25,"url":null,"entity_id":"Q503585","candidates":[]}],[{"start":0,"end":5,"url":null,"entity_id":"Q483984","candidates":[]}],[{"start":0,"end":6,"url":null,"entity_id":"Q133156","candidates":[]}],[]],[[{"start":0,"end":17,"url":null,"entity_id":"Q2826232","candidates":[]}],[{"start":0,"end":6,"url":null,"entity_id":"Q3897","candidates":[]}],[{"start":0,"end":6,"url":null,"entity_id":"Q133156","candidates":[]}],[]],[[{"start":0,"end":21,"url":null,"entity_id":"Q889394","candidates":[]}],[{"start":0,"end":6,"url":null,"entity_id":"Q3889","candidates":[]}],[{"start":0,"end":6,"url":null,"entity_id":"Q133156","candidates":[]}],[]],[[{"start":0,"end":12,"url":null,"entity_id":"Q2538511","candidates":[]}],[{"start":0,"end":7,"url":null,"entity_id":"Q3870","candidates":[]}],[{"start":0,"end":6,"url":null,"entity_id":"Q133156","candidates":[]}],[]],[[{"start":0,"end":13,"url":null,"entity_id":"Q213510","candidates":[]}],[{"start":0,"end":8,"url":null,"entity_id":"Q3838","candidates":[]}],[{"start":0,"end":6,"url":null,"entity_id":"Q133156","candidates":[]}],[]],[[{"start":0,"end":12,"url":null,"entity_id":"Q265319","candidates":[]}],[{"start":0,"end":10,"url":null,"entity_id":"Q3825","candidates":[]}],[{"start":0,"end":6,"url":null,"entity_id":"Q133156","candidates":[]}],[]],[[{"start":0,"end":14,"url":null,"entity_id":"Q1232509","candidates":[]}],[{"start":0,"end":6,"url":null,"entity_id":"Q3818","candidates":[]}],[{"start":0,"end":6,"url":null,"entity_id":"Q133156","candidates":[]}],[]],[[{"start":0,"end":10,"url":null,"entity_id":"Q503623","candidates":[]}],[{"start":0,"end":5,"url":null,"entity_id":"Q3761","candidates":[]}],[{"start":0,"end":6,"url":null,"entity_id":"Q133156","candidates":[]}],[]],[[{"start":0,"end":17,"url":null,"entity_id":"Q2002279","candidates":[]}],[{"start":0,"end":6,"url":null,"entity_id":"Q3739","candidates":[]}],[{"start":0,"end":6,"url":null,"entity_id":"Q133156","candidates":[]}],[]],[[{"start":0,"end":5,"url":null,"entity_id":"Q858","candidates":[]}],[{"start":0,"end":8,"url":null,"entity_id":"Q3766","candidates":[]}],[{"start":0,"end":22,"url":null,"entity_id":"Q49890","candidates":[]}],[]],[[{"start":0,"end":24,"url":null,"entity_id":"Q271894","candidates":[]}],[{"start":0,"end":11,"url":null,"entity_id":"Q3844","candidates":[]}],[{"start":0,"end":13,"url":null,"entity_id":"Q43702","candidates":[]}],[]],[[{"start":0,"end":15,"url":null,"entity_id":"Q1301901","candidates":[]}],[{"start":0,"end":16,"url":null,"entity_id":"Q185591","candidates":[]}],[{"start":0,"end":23,"url":null,"entity_id":"Q41614","candidates":[]}],[]],[[{"start":0,"end":11,"url":null,"entity_id":"Q370736","candidates":[]}],[{"start":0,"end":9,"url":null,"entity_id":"Q5465","candidates":[]}],[{"start":0,"end":23,"url":null,"entity_id":"Q41614","candidates":[]}],[]],[[{"start":0,"end":16,"url":null,"entity_id":"Q1187978","candidates":[]}],[{"start":0,"end":8,"url":null,"entity_id":"Q3926","candidates":[]}],[{"start":0,"end":23,"url":null,"entity_id":"Q41614","candidates":[]}],[]],[[{"start":0,"end":17,"url":null,"entity_id":"Q333126","candidates":[]}],[{"start":0,"end":8,"url":null,"entity_id":"Q3604","candidates":[]}],[{"start":0,"end":18,"url":null,"entity_id":"Q2327385","candidates":[]}],[]]]}