{"version":"1.2","table":{"version":"2","table_id":"DWUPEK5X","columns":[{"index":0,"name":"col0","values":["Steven Johnson: How the \"ghost map\" helped end a killer disease","Brenda Laurel: Why not make video games for girls?","Clay Shirky: Why SOPA is a bad idea","Michael Pawlyn: Using nature's genius in architecture","Matt Kenyon: A secret memorial for civilian casualties","Aomawa Shields: How we'll find life on other planets","Dame Ellen MacArthur: The surprising thing I learned sailing solo around the world","Manuel Lima: A visual history of human knowledge","Chris Urmson: How a driverless car sees the road","Rajiv Maheswaran: The math behind basketball's wildest moves","Mary Norris: The nit-picking glory of The New Yorker's Comma Queen","TED staff: It's TED, the Musical","Roman Mars: Why city flags may be the worst-designed thing you've never noticed","Esther Perel: Rethinking infidelity ... a talk for anyone who has ever loved","Tim Berners-Lee: The year open data went worldwide","Bill Gates: Mosquitos, malaria and education","Blaise Agüera y Arcas: How PhotoSynth can connect the world's images","Bill Gates: How state budgets are breaking US schools","Burt Rutan: The real future of space exploration","Amy Smith: Simple designs to save a life"]},{"index":1,"name":"col1","values":["TED conferences","TED conferences","TED conferences","TED conferences","TED conferences","TED conferences","TED conferences","TED conferences","TED conferences","TED conferences","TED conferences","TED conferences","TED conferences","TED conferences","TED conferences","TED conferences","TED conferences","TED conferences","TED conferences","TED conferences"]},{"index":2,"name":"col2","values":["TED conferences","TED conferences","TED conferences","TED conferences","TED2015","TED2015","TED2015","TED2015","TED2015","TED2015","TED2016","TED conferences","TED2015","TED2015","TED2010","TED2009","TED2007","TED2011","TED2006","TED2006"]},{"index":3,"name":"col3","values":["The Ghost Map","sex differences in psychology","Stop Online Piracy Act","architecture","Iraq War","astronomy","sailing","data","transport","mathematics","writing","TED conferences","vexillography","infidelity","linked open data","Knowledge Is Power Program","Photosynth","education in the United States","space exploration","charcoal"]},{"index":4,"name":"col4","values":["2006-11-30","1998-02-02","2012-01-17","2010-11-10","2015-03-17","2015-03-16","2015-03-20","2015-03-13","2015-03-16","2015-03-17","2016-01-01","2014-04-01","2015-03-25","2015-03-19","2010-02-10","2009-02-02","2007-03-03","2011-03-03","2006-02-24","2006-02-24"]},{"index":5,"name":"col5","values":["2007-01-31","2009-03-02","2012-01-18","2011-02-10","2015-08-13","2016-01-06","2015-06-29","2015-08-18","2015-06-26","2015-07-06","2016-02-01","2014-04-01","2015-05-14","2015-05-21","2010-03-08","2009-02-05","2007-05-27","2011-03-04","2006-10-25","2006-08-15"]}]},"context":{"page_title":null,"page_url":null,"page_entity_id":null,"content_hierarchy":[]},"links":[[[{"start":0,"end":50,"url":null,"entity_id":"Q23457820","candidates":[]}],[{"start":0,"end":15,"url":null,"entity_id":"Q189021","candidates":[]}],[{"start":0,"end":15,"url":null,"entity_id":"Q189021","candidates":[]}],[{"start":0,"end":29,"url":null,"entity_id":"Q1961128","candidates":[]}],[],[]],[[{"start":0,"end":35,"url":null,"entity_id":"Q23662868","candidates":[]}],[{"start":0,"end":15,"url":null,"entity_id":"Q189021","candidates":[]}],[{"start":0,"end":15,"url":null,"entity_id":"Q189021","candidates":[]}],[{"start":0,"end":22,"url":null,"entity_id":"Q171322","candidates":[]}],[],[]],[[{"start":0,"end":53,"url":null,"entity_id":"Q23662834","candidates":[]}],[{"start":0,"end":15,"url":null,"entity_id":"Q189021","candidates":[]}],[{"start":0,"end":15,"url":null,"entity_id":"Q189021","candidates":[]}],[{"start":0,"end":12,"url":null,"entity_id":"Q12271","candidates":[]}],[],[]],[[{"start":0,"end":54,"url":null,"entity_id":"Q23419062","candidates":[]}],[{"start":0,"end":15,"url":null,"entity_id":"Q189021","candidates":[]}],[{"start":0,"end":7,"url":null,"entity_id":"Q22991296","candidates":[]}],[{"start":0,"end":8,"url":null,"entity_id":"Q545449","candidates":[]}],[],[]],[[{"start":0,"end":52,"url":null,"entity_id":"Q23419078","candidates":[]}],[{"start":0,"end":15,"url":null,"entity_id":"Q189021","candidates":[]}],[{"start":0,"end":7,"url":null,"entity_id":"Q22991296","candidates":[]}],[{"start":0,"end":9,"url":null,"entity_id":"Q333","candidates":[]}],[],[]],[[{"start":0,"end":82,"url":null,"entity_id":"Q23419039","candidates":[]}],[{"start":0,"end":15,"url":null,"entity_id":"Q189021","candidates":[]}],[{"start":0,"end":7,"url":null,"entity_id":"Q22991296","candidates":[]}],[{"start":0,"end":7,"url":null,"entity_id":"Q192520","candidates":[]}],[],[]],[[{"start":0,"end":48,"url":null,"entity_id":"Q23419042","candidates":[]}],[{"start":0,"end":15,"url":null,"entity_id":"Q189021","candidates":[]}],[{"start":0,"end":7,"url":null,"entity_id":"Q22991296","candidates":[]}],[{"start":0,"end":4,"url":null,"entity_id":"Q42848","candidates":[]}],[],[]],[[{"start":0,"end":48,"url":null,"entity_id":"Q23419023","candidates":[]}],[{"start":0,"end":15,"url":null,"entity_id":"Q189021","candidates":[]}],[{"start":0,"end":7,"url":null,"entity_id":"Q22991296","candidates":[]}],[{"start":0,"end":9,"url":null,"entity_id":"Q7590","candidates":[]}],[],[]],[[{"start":0,"end":60,"url":null,"entity_id":"Q23419041","candidates":[]}],[{"start":0,"end":15,"url":null,"entity_id":"Q189021","candidates":[]}],[{"start":0,"end":7,"url":null,"entity_id":"Q22991296","candidates":[]}],[{"start":0,"end":11,"url":null,"entity_id":"Q395","candidates":[]}],[],[]],[[{"start":0,"end":66,"url":null,"entity_id":"Q25933191","candidates":[]}],[{"start":0,"end":15,"url":null,"entity_id":"Q189021","candidates":[]}],[{"start":0,"end":7,"url":null,"entity_id":"Q25932658","candidates":[]}],[{"start":0,"end":7,"url":null,"entity_id":"Q37260","candidates":[]}],[],[]],[[{"start":0,"end":32,"url":null,"entity_id":"Q23663052","candidates":[]}],[{"start":0,"end":15,"url":null,"entity_id":"Q189021","candidates":[]}],[{"start":0,"end":15,"url":null,"entity_id":"Q189021","candidates":[]}],[{"start":0,"end":15,"url":null,"entity_id":"Q189021","candidates":[]}],[],[]],[[{"start":0,"end":79,"url":null,"entity_id":"Q22991669","candidates":[]}],[{"start":0,"end":15,"url":null,"entity_id":"Q189021","candidates":[]}],[{"start":0,"end":7,"url":null,"entity_id":"Q22991296","candidates":[]}],[{"start":0,"end":13,"url":null,"entity_id":"Q17116094","candidates":[]}],[],[]],[[{"start":0,"end":76,"url":null,"entity_id":"Q22991657","candidates":[]}],[{"start":0,"end":15,"url":null,"entity_id":"Q189021","candidates":[]}],[{"start":0,"end":7,"url":null,"entity_id":"Q22991296","candidates":[]}],[{"start":0,"end":10,"url":null,"entity_id":"Q2914621","candidates":[]}],[],[]],[[{"start":0,"end":50,"url":null,"entity_id":"Q22946133","candidates":[]}],[{"start":0,"end":15,"url":null,"entity_id":"Q189021","candidates":[]}],[{"start":0,"end":7,"url":null,"entity_id":"Q22980648","candidates":[]}],[{"start":0,"end":16,"url":null,"entity_id":"Q18692990","candidates":[]}],[],[]],[[{"start":0,"end":44,"url":null,"entity_id":"Q22951343","candidates":[]}],[{"start":0,"end":15,"url":null,"entity_id":"Q189021","candidates":[]}],[{"start":0,"end":7,"url":null,"entity_id":"Q22980368","candidates":[]}],[{"start":0,"end":26,"url":null,"entity_id":"Q6423304","candidates":[]}],[],[]],[[{"start":0,"end":68,"url":null,"entity_id":"Q22979960","candidates":[]}],[{"start":0,"end":15,"url":null,"entity_id":"Q189021","candidates":[]}],[{"start":0,"end":7,"url":null,"entity_id":"Q22979940","candidates":[]}],[{"start":0,"end":10,"url":null,"entity_id":"Q1848975","candidates":[]}],[],[]],[[{"start":0,"end":53,"url":null,"entity_id":"Q22951377","candidates":[]}],[{"start":0,"end":15,"url":null,"entity_id":"Q189021","candidates":[]}],[{"start":0,"end":7,"url":null,"entity_id":"Q22985259","candidates":[]}],[{"start":0,"end":30,"url":null,"entity_id":"Q861654","candidates":[]}],[],[]],[[{"start":0,"end":48,"url":null,"entity_id":"Q22965678","candidates":[]}],[{"start":0,"end":15,"url":null,"entity_id":"Q189021","candidates":[]}],[{"start":0,"end":7,"url":null,"entity_id":"Q22979682","candidates":[]}],[{"start":0,"end":17,"url":null,"entity_id":"Q180046","candidates":[]}],[],[]],[[{"start":0,"end":40,"url":null,"entity_id":"Q22965560","candidates":[]}],[{"start":0,"end":15,"url":null,"entity_id":"Q189021","candidates":[]}],[{"start":0,"end":7,"url":null,"entity_id":"Q22979682","candidates":[]}],[{"start":0,"end":8,"url":null,"entity_id":"Q177463","candidates":[]}],[],[]],[[{"start":0,"end":63,"url":null,"entity_id":"Q23662799","candidates":[]}],[{"start":0,"end":15,"url":null,"entity_id":"Q189021","candidates":[]}],[{"start":0,"end":15,"url":null,"entity_id":"Q189021","candidates":[]}],[{"start":0,"end":13,"url":null,"entity_id":"Q7736276","candidates":[]}],[],[]]]}