{"version":"1.2","table":{"version":"2","table_id":"DXSRZYPU","columns":[{"index":0,"name":"col0","values":["actinium-233","actinium-232","actinium-231","actinium-230","actinium-229","actinium-228","actinium-227","actinium-225","actinium-224","actinium-223","actinium-222","actinium-221","actinium-220","actinium-219","actinium-218","actinium-217","actinium-216m","actinium-216","actinium-215","actinium-214"]},{"index":1,"name":"col1","values":["1","1","1","1","1","1","-1","-1","-1","-1","-1","-1","-1","-1","-1","-1","-1","-1","-1","1"]},{"index":2,"name":"col2","values":["0.5","1","0.5","1","1.5","3","1.5","1.5","0","2.5","1","1.5","3","4.5","1","4.5","9","1","4.5","5"]},{"index":3,"name":"col3","values":["145","119","7.5","122","62.7","6.15","21.772","10","2.78","2.1","5","52","26.4","11.8","1.08","69","441","440","0.17","8.2"]},{"index":4,"name":"col4","values":["89","89","89","89","89","89","89","89","89","89","89","89","89","89","89","89","89","89","89","89"]}]},"context":{"page_title":null,"page_url":null,"page_entity_id":null,"content_hierarchy":[]},"links":[[[{"start":0,"end":12,"url":null,"entity_id":"Q18888893","candidates":[]}],[],[],[],[]],[[{"start":0,"end":12,"url":null,"entity_id":"Q18888892","candidates":[]}],[],[],[],[]],[[{"start":0,"end":12,"url":null,"entity_id":"Q18888890","candidates":[]}],[],[],[],[]],[[{"start":0,"end":12,"url":null,"entity_id":"Q18888889","candidates":[]}],[],[],[],[]],[[{"start":0,"end":12,"url":null,"entity_id":"Q18888887","candidates":[]}],[],[],[],[]],[[{"start":0,"end":12,"url":null,"entity_id":"Q18888886","candidates":[]}],[],[],[],[]],[[{"start":0,"end":12,"url":null,"entity_id":"Q18888881","candidates":[]}],[],[],[],[]],[[{"start":0,"end":12,"url":null,"entity_id":"Q18888879","candidates":[]}],[],[],[],[]],[[{"start":0,"end":12,"url":null,"entity_id":"Q18888877","candidates":[]}],[],[],[],[]],[[{"start":0,"end":12,"url":null,"entity_id":"Q18888874","candidates":[]}],[],[],[],[]],[[{"start":0,"end":12,"url":null,"entity_id":"Q18888872","candidates":[]}],[],[],[],[]],[[{"start":0,"end":12,"url":null,"entity_id":"Q18888868","candidates":[]}],[],[],[],[]],[[{"start":0,"end":12,"url":null,"entity_id":"Q18888866","candidates":[]}],[],[],[],[]],[[{"start":0,"end":12,"url":null,"entity_id":"Q18888864","candidates":[]}],[],[],[],[]],[[{"start":0,"end":12,"url":null,"entity_id":"Q18888859","candidates":[]}],[],[],[],[]],[[{"start":0,"end":13,"url":null,"entity_id":"Q18888858","candidates":[]}],[],[],[],[]],[[{"start":0,"end":12,"url":null,"entity_id":"Q18888856","candidates":[]}],[],[],[],[]],[[{"start":0,"end":12,"url":null,"entity_id":"Q18888852","candidates":[]}],[],[],[],[]],[[{"start":0,"end":12,"url":null,"entity_id":"Q18888850","candidates":[]}],[],[],[],[]],[[{"start":0,"end":12,"url":null,"entity_id":"Q18888895","candidates":[]}],[],[],[],[]]]}