{"version":"1.2","table":{"version":"2","table_id":"E12MLLYH","columns":[{"index":0,"name":"col0","values":["UGC 8728","MCG-03-12-045","3C 2","XS 0506+056","TON\"618","QKS 130210","SDSS J1101939","UO 87","QSO B1145-081","PKS 2000-30","QSO J842+1835","3C\"286","3C 10","IC 76","IC 276","IC 3178","CTA-02","6C 279","3C 48","3C 9"]},{"index":1,"name":"col1","values":["15.245599999999998","14.611569999999999","19.504800000000003","14.853899999999998","15.85413","15.12339","19.35318","17.546310000000002","18.4075","18.234399999999997","16.409079999999996","17.12925","17.883930000000003","17.52246","14.7807","17.273020000000002","17.208689999999997","17.75","16.216199999999997","17.655240000000003"]},{"index":2,"name":"col2","values":["-0.054161999999999995","-0.00707","-2.6121579999999995","-0.078156","1.0","0.08964","0.220993","-0.28186799999999995","-0.028196","-0.196416","-0.14","-0.168662","-1.886324","-0.220668","-0.07207199999999998","0.02012","0.020937","0.127488","0.031936","0.255458"]}]},"context":{"page_title":null,"page_url":null,"page_entity_id":null,"content_hierarchy":[]},"links":[[[{"start":0,"end":13,"url":null,"entity_id":"Q60224056","candidates":[]}],[],[]],[[{"start":0,"end":4,"url":null,"entity_id":"Q55844947","candidates":[]}],[],[]],[[{"start":0,"end":11,"url":null,"entity_id":"Q55502068","candidates":[]}],[],[]],[[{"start":0,"end":7,"url":null,"entity_id":"Q45067390","candidates":[]}],[],[]],[[{"start":0,"end":10,"url":null,"entity_id":"Q21866299","candidates":[]}],[],[]],[[{"start":0,"end":13,"url":null,"entity_id":"Q17002734","candidates":[]}],[],[]],[[{"start":0,"end":5,"url":null,"entity_id":"Q15851892","candidates":[]}],[],[]],[[{"start":0,"end":13,"url":null,"entity_id":"Q11801840","candidates":[]}],[],[]],[[{"start":0,"end":11,"url":null,"entity_id":"Q5177788","candidates":[]}],[],[]],[[{"start":0,"end":13,"url":null,"entity_id":"Q5174179","candidates":[]}],[],[]],[[{"start":0,"end":6,"url":null,"entity_id":"Q4636240","candidates":[]}],[],[]],[[{"start":0,"end":5,"url":null,"entity_id":"Q4180956","candidates":[]}],[],[]],[[{"start":0,"end":5,"url":null,"entity_id":"Q3711934","candidates":[]}],[],[]],[[{"start":0,"end":6,"url":null,"entity_id":"Q3688715","candidates":[]}],[],[]],[[{"start":0,"end":7,"url":null,"entity_id":"Q3687972","candidates":[]}],[],[]],[[{"start":0,"end":6,"url":null,"entity_id":"Q3277659","candidates":[]}],[],[]],[[{"start":0,"end":6,"url":null,"entity_id":"Q3272112","candidates":[]}],[],[]],[[{"start":0,"end":5,"url":null,"entity_id":"Q2986936","candidates":[]}],[],[]],[[{"start":0,"end":4,"url":null,"entity_id":"Q2640294","candidates":[]}],[],[]],[[{"start":0,"end":8,"url":null,"entity_id":"Q60226275","candidates":[]}],[],[]]]}