{"version":"1.2","table":{"version":"2","table_id":"E7VD3HIL","columns":[{"index":0,"name":"col0","values":["Lodestr","Su-2","Pe-8","ENB 120 Brasilia","McDonnell Dougla MD-90","D.520","U-6 Texan II","Queen Alr","LaGI-3","F28 Fellpwship","B5N","Costellation","Boeing 77 Stratocruiser","An-32","Yak-9","A.2 Invbder","Yak-7","Pqtez 630","F27 Frindship","Yak-1","G.222","Arava","An-24","F4F Wildca","Ie 177 Greif","Yak-3","DC-8","Douglas DC/9","B-24 Lierator","V-2 Osqrey","E13A","B-17 Flying Forress","B-29 uperfortress","Ju 88","La-7","SBD Dauptlevs","Il-86","A300","Boeing 73","Wetwind","Harrier JI","F-89 Scorpon","F-94 Stargire","KC-135 Strauotanker","F-106 Dglta Dart","Harrier 1st Generatiqn","Ju 86","F-102 DeltaDagger","F-100 Super Sabe","Canbrra","F-8 Drusader","F6H Hellcat","MB-33>"]},{"index":1,"name":"col1","values":["7778.699999999999","8720.8","9216.3","9656.46","10668.0","10945.0","9524.592","8800.0","9758.2","11076.999999999998","8235.22","8341.5","9036.3","9405.0","10857.5","8665.2","9566.499999999998","10000.0","9875.39","9900.0","7589.5199999999995","7604.76","8408.4","10259.37","8000.0","10667.9","9076.8","11374.064999999999","8432.0","7680.96","8286.3","10774.05","9632.32","9939.6","10760.749999999998","7795.56","10934.0","11010.999999999998","11232.2","13645.2","15261.02","15044.999999999998","15060.0","15133.32","17640.0","15537.6","12870.0","16153.3","14925.0","14910.0","11629.8","11256.3","14717.78"]},{"index":2,"name":"col2","values":["20.0598","14.2714","38.7387","63.715399999999995","32.504799999999996","10.20036","10.10848","10.350959999999999","9.7216","23.603579999999997","15.47344","38.165299999999995","42.920849999999994","28.9664","9.73026","21.45798","9.97","15.888","28.797","9.94","28.5565","20.813280000000002","29.3752","11.634799999999998","31.471439999999998","9.107999999999999","44.968560000000004","27.0096","33.83","14.112","14.3985","31.7896","42.629400000000004","20.019759999999998","9.760800000000001","12.66","48.444480000000006","45.2884","34.094199999999994","13.74555","9.20375","18.3092","13.13","39.600840000000005","11.7867","7.6307","31.744","11.52873","11.86905","19.334410000000002","10.83739","13.1253","10.794839999999999"]}]},"context":{"page_title":null,"page_url":null,"page_entity_id":null,"content_hierarchy":[]},"links":[[[{"start":0,"end":4,"url":null,"entity_id":"Q1428728","candidates":[]}],[],[]],[[{"start":0,"end":4,"url":null,"entity_id":"Q1349120","candidates":[]}],[],[]],[[{"start":0,"end":16,"url":null,"entity_id":"Q1163407","candidates":[]}],[],[]],[[{"start":0,"end":22,"url":null,"entity_id":"Q862615","candidates":[]}],[],[]],[[{"start":0,"end":5,"url":null,"entity_id":"Q831251","candidates":[]}],[],[]],[[{"start":0,"end":12,"url":null,"entity_id":"Q814025","candidates":[]}],[],[]],[[{"start":0,"end":9,"url":null,"entity_id":"Q814005","candidates":[]}],[],[]],[[{"start":0,"end":6,"url":null,"entity_id":"Q753644","candidates":[]}],[],[]],[[{"start":0,"end":14,"url":null,"entity_id":"Q725319","candidates":[]}],[],[]],[[{"start":0,"end":3,"url":null,"entity_id":"Q696128","candidates":[]}],[],[]],[[{"start":0,"end":12,"url":null,"entity_id":"Q677122","candidates":[]}],[],[]],[[{"start":0,"end":23,"url":null,"entity_id":"Q652964","candidates":[]}],[],[]],[[{"start":0,"end":5,"url":null,"entity_id":"Q579939","candidates":[]}],[],[]],[[{"start":0,"end":5,"url":null,"entity_id":"Q562475","candidates":[]}],[],[]],[[{"start":0,"end":11,"url":null,"entity_id":"Q562167","candidates":[]}],[],[]],[[{"start":0,"end":5,"url":null,"entity_id":"Q546051","candidates":[]}],[],[]],[[{"start":0,"end":9,"url":null,"entity_id":"Q531847","candidates":[]}],[],[]],[[{"start":0,"end":13,"url":null,"entity_id":"Q506736","candidates":[]}],[],[]],[[{"start":0,"end":5,"url":null,"entity_id":"Q505673","candidates":[]}],[],[]],[[{"start":0,"end":5,"url":null,"entity_id":"Q381143","candidates":[]}],[],[]],[[{"start":0,"end":5,"url":null,"entity_id":"Q373807","candidates":[]}],[],[]],[[{"start":0,"end":5,"url":null,"entity_id":"Q337467","candidates":[]}],[],[]],[[{"start":0,"end":10,"url":null,"entity_id":"Q334612","candidates":[]}],[],[]],[[{"start":0,"end":12,"url":null,"entity_id":"Q316321","candidates":[]}],[],[]],[[{"start":0,"end":5,"url":null,"entity_id":"Q248348","candidates":[]}],[],[]],[[{"start":0,"end":4,"url":null,"entity_id":"Q223315","candidates":[]}],[],[]],[[{"start":0,"end":12,"url":null,"entity_id":"Q221414","candidates":[]}],[],[]],[[{"start":0,"end":13,"url":null,"entity_id":"Q220759","candidates":[]}],[],[]],[[{"start":0,"end":10,"url":null,"entity_id":"Q217935","candidates":[]}],[],[]],[[{"start":0,"end":4,"url":null,"entity_id":"Q210338","candidates":[]}],[],[]],[[{"start":0,"end":19,"url":null,"entity_id":"Q185000","candidates":[]}],[],[]],[[{"start":0,"end":17,"url":null,"entity_id":"Q184870","candidates":[]}],[],[]],[[{"start":0,"end":5,"url":null,"entity_id":"Q155661","candidates":[]}],[],[]],[[{"start":0,"end":4,"url":null,"entity_id":"Q148846","candidates":[]}],[],[]],[[{"start":0,"end":13,"url":null,"entity_id":"Q118070","candidates":[]}],[],[]],[[{"start":0,"end":5,"url":null,"entity_id":"Q62167","candidates":[]}],[],[]],[[{"start":0,"end":4,"url":null,"entity_id":"Q6437","candidates":[]}],[],[]],[[{"start":0,"end":9,"url":null,"entity_id":"Q6387","candidates":[]}],[],[]],[[{"start":0,"end":7,"url":null,"entity_id":"Q1653016","candidates":[]}],[],[]],[[{"start":0,"end":10,"url":null,"entity_id":"Q1351048","candidates":[]}],[],[]],[[{"start":0,"end":12,"url":null,"entity_id":"Q842481","candidates":[]}],[],[]],[[{"start":0,"end":13,"url":null,"entity_id":"Q837405","candidates":[]}],[],[]],[[{"start":0,"end":19,"url":null,"entity_id":"Q829092","candidates":[]}],[],[]],[[{"start":0,"end":16,"url":null,"entity_id":"Q753808","candidates":[]}],[],[]],[[{"start":0,"end":22,"url":null,"entity_id":"Q725313","candidates":[]}],[],[]],[[{"start":0,"end":5,"url":null,"entity_id":"Q686252","candidates":[]}],[],[]],[[{"start":0,"end":17,"url":null,"entity_id":"Q657597","candidates":[]}],[],[]],[[{"start":0,"end":16,"url":null,"entity_id":"Q531053","candidates":[]}],[],[]],[[{"start":0,"end":7,"url":null,"entity_id":"Q520964","candidates":[]}],[],[]],[[{"start":0,"end":12,"url":null,"entity_id":"Q502126","candidates":[]}],[],[]],[[{"start":0,"end":11,"url":null,"entity_id":"Q465903","candidates":[]}],[],[]],[[{"start":0,"end":6,"url":null,"entity_id":"Q381162","candidates":[]}],[],[]],[[{"start":0,"end":7,"url":null,"entity_id":"Q1633021","candidates":[]}],[],[]]]}