{"version":2,"table":{"version":"2","table_id":"TNKTQCQF","columns":[{"index":0,"name":"col0","values":["Republika Srpska","Kosovo","Taiwan"]},{"index":1,"name":"col1","values":["24857","10909.02992","36193"]},{"index":2,"name":"col2","values":["1228423","1883018","23593794"]}]},"context":{"version":2,"page_title":null,"page_url":null,"page_entities":[],"content_hierarchy":[]},"links":[[[{"version":2,"start":0,"end":16,"url":null,"entities":[{"id":"Q11196","type":"wikidata"}]}],[],[]],[[{"version":2,"start":0,"end":6,"url":null,"entities":[{"id":"Q1246","type":"wikidata"}]}],[],[]],[[{"version":2,"start":0,"end":6,"url":null,"entities":[{"id":"Q865","type":"wikidata"}]}],[],[]]]}