{"version":2,"table":{"version":"2","table_id":"TRFAT5IL","columns":[{"index":0,"name":"col0","values":["Sant Onofre de Badalona","Ermita de Sant Climent","Ermita de la Mare de Déu","Ermita del Pedregal","Santes Masses de Sedó","Sant Marçal de la Figuerosa","Sant Jaume de Granollers"]},{"index":1,"name":"col1","values":["269","262","312","390","486","391","465"]}]},"context":{"version":2,"page_title":null,"page_url":null,"page_entities":[],"content_hierarchy":[]},"links":[[[{"version":2,"start":0,"end":23,"url":null,"entities":[{"id":"Q57904097","type":"wikidata"}]}],[]],[[{"version":2,"start":0,"end":22,"url":null,"entities":[{"id":"Q47171423","type":"wikidata"}]}],[]],[[{"version":2,"start":0,"end":24,"url":null,"entities":[{"id":"Q46997914","type":"wikidata"}]}],[]],[[{"version":2,"start":0,"end":19,"url":null,"entities":[{"id":"Q28480356","type":"wikidata"}]}],[]],[[{"version":2,"start":0,"end":21,"url":null,"entities":[{"id":"Q28466480","type":"wikidata"}]}],[]],[[{"version":2,"start":0,"end":27,"url":null,"entities":[{"id":"Q28465789","type":"wikidata"}]}],[]],[[{"version":2,"start":0,"end":24,"url":null,"entities":[{"id":"Q28465764","type":"wikidata"}]}],[]]]}