{"version":2,"table":{"version":"2","table_id":"TTJYUBRW","columns":[{"index":0,"name":"col0","values":["Resrlution","Nanettf","Twice Upon a ime","Whjte Christmas","Voyagg of the Damned."]},{"index":1,"name":"col1","values":["59.58","69.207","59.82","73.146","71.496"]}]},"context":{"version":2,"page_title":null,"page_url":null,"page_entities":[],"content_hierarchy":[]},"links":[[[{"version":2,"start":0,"end":10,"url":null,"entities":[{"id":"Q60065815","type":"wikidata"}]}],[]],[[{"version":2,"start":0,"end":7,"url":null,"entities":[{"id":"Q55624617","type":"wikidata"}]}],[]],[[{"version":2,"start":0,"end":16,"url":null,"entities":[{"id":"Q30133242","type":"wikidata"}]}],[]],[[{"version":2,"start":0,"end":15,"url":null,"entities":[{"id":"Q19650558","type":"wikidata"}]}],[]],[[{"version":2,"start":0,"end":21,"url":null,"entities":[{"id":"Q2087589","type":"wikidata"}]}],[]]]}