{"version":2,"table":{"version":"2","table_id":"TWZCAT0N","columns":[{"index":0,"name":"col0","values":["Angara","Fes","Gunilla"]},{"index":1,"name":"col1","values":["126.84","91","118.17"]}]},"context":{"version":2,"page_title":null,"page_url":null,"page_entities":[],"content_hierarchy":[]},"links":[[[{"version":2,"start":0,"end":6,"url":null,"entities":[{"id":"Q84265788","type":"wikidata"}]}],[]],[[{"version":2,"start":0,"end":3,"url":null,"entities":[{"id":"Q83647151","type":"wikidata"}]}],[]],[[{"version":2,"start":0,"end":7,"url":null,"entities":[{"id":"Q83645273","type":"wikidata"}]}],[]]]}