{"version":2,"table":{"version":"2","table_id":"TXS1OGDJ","columns":[{"index":0,"name":"col0","values":["Florence County","Fairfield County","Marion County","Chesterfield County"]},{"index":1,"name":"col1","values":["138326","23109","32072","46197"]}]},"context":{"version":2,"page_title":null,"page_url":null,"page_entities":[],"content_hierarchy":[]},"links":[[[{"version":2,"start":0,"end":15,"url":null,"entities":[{"id":"Q505987","type":"wikidata"}]}],[]],[[{"version":2,"start":0,"end":16,"url":null,"entities":[{"id":"Q505975","type":"wikidata"}]}],[]],[[{"version":2,"start":0,"end":13,"url":null,"entities":[{"id":"Q502456","type":"wikidata"}]}],[]],[[{"version":2,"start":0,"end":19,"url":null,"entities":[{"id":"Q502419","type":"wikidata"}]}],[]]]}