{"version":2,"table":{"version":"2","table_id":"TYYIR8VD","columns":[{"index":0,"name":"col0","values":["NGC 5421","IC 5173","NGC 34"]},{"index":1,"name":"col1","values":["210.423125","333.68875","2.77755"]}]},"context":{"version":2,"page_title":null,"page_url":null,"page_entities":[],"content_hierarchy":[]},"links":[[[{"version":2,"start":0,"end":8,"url":null,"entities":[{"id":"Q1119544","type":"wikidata"}]}],[]],[[{"version":2,"start":0,"end":7,"url":null,"entities":[{"id":"Q3680400","type":"wikidata"}]}],[]],[[{"version":2,"start":0,"end":6,"url":null,"entities":[{"id":"Q29312","type":"wikidata"}]}],[]]]}