{"version":2,"table":{"version":"2","table_id":"UYFWB77F","columns":[{"index":0,"name":"col0","values":["Samuil Bernstein","Heinrich Franz Friedrich Tietze","Philipp Frank","Alexander Alexandrovich Inostrantsev","Pierre Samuel","Igor Klebanov"]},{"index":1,"name":"col1","values":["Vladimir Toporov","Hermann Künneth","Peter Bergmann","Vasily Dokuchaev","Lucien Szpiro","Steven Gubser"]}]},"context":{"version":2,"page_title":null,"page_url":null,"page_entities":[],"content_hierarchy":[]},"links":[[[{"version":2,"start":0,"end":16,"url":null,"entities":[{"id":"Q4085143","type":"wikidata"}]}],[{"version":2,"start":0,"end":16,"url":null,"entities":[{"id":"Q722068","type":"wikidata"}]}]],[[{"version":2,"start":0,"end":31,"url":null,"entities":[{"id":"Q84554","type":"wikidata"}]}],[{"version":2,"start":0,"end":15,"url":null,"entities":[{"id":"Q97981","type":"wikidata"}]}]],[[{"version":2,"start":0,"end":13,"url":null,"entities":[{"id":"Q79177","type":"wikidata"}]}],[{"version":2,"start":0,"end":14,"url":null,"entities":[{"id":"Q96809","type":"wikidata"}]}]],[[{"version":2,"start":0,"end":36,"url":null,"entities":[{"id":"Q2641686","type":"wikidata"}]}],[{"version":2,"start":0,"end":16,"url":null,"entities":[{"id":"Q319386","type":"wikidata"}]}]],[[{"version":2,"start":0,"end":13,"url":null,"entities":[{"id":"Q1384888","type":"wikidata"}]}],[{"version":2,"start":0,"end":13,"url":null,"entities":[{"id":"Q376433","type":"wikidata"}]}]],[[{"version":2,"start":0,"end":13,"url":null,"entities":[{"id":"Q1239168","type":"wikidata"}]}],[{"version":2,"start":0,"end":13,"url":null,"entities":[{"id":"Q373924","type":"wikidata"}]}]]]}