{"version":2,"table":{"version":"2","table_id":"V8F1IJ1J","columns":[{"index":0,"name":"col0","values":["Cube Houses","De Dageraad","Parc Central","World Trade Center","De Utrecht"]},{"index":1,"name":"col1","values":["1977-10-28","1932-01-01","2016-03-26","2006-05-23","1906-01-01"]}]},"context":{"version":2,"page_title":null,"page_url":null,"page_entities":[],"content_hierarchy":[]},"links":[[[{"version":2,"start":0,"end":11,"url":null,"entities":[{"id":"Q23927016","type":"wikidata"}]}],[]],[[{"version":2,"start":0,"end":11,"url":null,"entities":[{"id":"Q22961989","type":"wikidata"}]}],[]],[[{"version":2,"start":0,"end":12,"url":null,"entities":[{"id":"Q22101102","type":"wikidata"}]}],[]],[[{"version":2,"start":0,"end":18,"url":null,"entities":[{"id":"Q20861677","type":"wikidata"}]}],[]],[[{"version":2,"start":0,"end":10,"url":null,"entities":[{"id":"Q13571425","type":"wikidata"}]}],[]]]}