{"version":2,"table":{"version":"2","table_id":"VK5NTZ5H","columns":[{"index":0,"name":"col0","values":["Anguilla","Blackadore Caye","Rabaçal"]},{"index":1,"name":"col1","values":["Lesser Antilles","Belize Barrier Reef","Madeira Island"]},{"index":2,"name":"col2","values":["91","0.4","0.46"]}]},"context":{"version":2,"page_title":null,"page_url":null,"page_entities":[],"content_hierarchy":[]},"links":[[[{"version":2,"start":0,"end":8,"url":null,"entities":[{"id":"Q2381105","type":"wikidata"}]}],[{"version":2,"start":0,"end":15,"url":null,"entities":[{"id":"Q93259","type":"wikidata"}]}],[]],[[{"version":2,"start":0,"end":15,"url":null,"entities":[{"id":"Q2905521","type":"wikidata"}]}],[{"version":2,"start":0,"end":19,"url":null,"entities":[{"id":"Q28361","type":"wikidata"}]}],[]],[[{"version":2,"start":0,"end":7,"url":null,"entities":[{"id":"Q1244547","type":"wikidata"}]}],[{"version":2,"start":0,"end":14,"url":null,"entities":[{"id":"Q30188","type":"wikidata"}]}],[]]]}