{"version":2,"table":{"version":"2","table_id":"W44IXN5Z","columns":[{"index":0,"name":"col0","values":["Ruhamc","agl","Nahshn","Ramot enashe.","Malka","Drrot.","Gmlgal"]},{"index":1,"name":"col1","values":["578.7309999999999","1055.943","496.92","1097.546","442.0","761.2919999999999","172.19699999999997"]},{"index":2,"name":"col2","values":["169.008","72.854","180.54","175.296","638.911","104.05499999999999","-234.06"]}]},"context":{"version":2,"page_title":null,"page_url":null,"page_entities":[],"content_hierarchy":[]},"links":[[[{"version":2,"start":0,"end":6,"url":null,"entities":[{"id":"Q748670","type":"wikidata"}]}],[],[]],[[{"version":2,"start":0,"end":3,"url":null,"entities":[{"id":"Q2920089","type":"wikidata"}]}],[],[]],[[{"version":2,"start":0,"end":6,"url":null,"entities":[{"id":"Q2920050","type":"wikidata"}]}],[],[]],[[{"version":2,"start":0,"end":13,"url":null,"entities":[{"id":"Q2916818","type":"wikidata"}]}],[],[]],[[{"version":2,"start":0,"end":5,"url":null,"entities":[{"id":"Q2916807","type":"wikidata"}]}],[],[]],[[{"version":2,"start":0,"end":6,"url":null,"entities":[{"id":"Q2888967","type":"wikidata"}]}],[],[]],[[{"version":2,"start":0,"end":6,"url":null,"entities":[{"id":"Q2888816","type":"wikidata"}]}],[],[]]]}