{"version":2,"table":{"version":"2","table_id":"W5XER3QW","columns":[{"index":0,"name":"col0","values":["BSR Rennsteig Oberhof","RC Ilmenau","Adelaide Hunt Club"]},{"index":1,"name":"col1","values":["150","120","30"]}]},"context":{"version":2,"page_title":null,"page_url":null,"page_entities":[],"content_hierarchy":[]},"links":[[[{"version":2,"start":0,"end":21,"url":null,"entities":[{"id":"Q797000","type":"wikidata"}]}],[]],[[{"version":2,"start":0,"end":10,"url":null,"entities":[{"id":"Q55171118","type":"wikidata"}]}],[]],[[{"version":2,"start":0,"end":18,"url":null,"entities":[{"id":"Q28135137","type":"wikidata"}]}],[]]]}