{"version":2,"table":{"version":"2","table_id":"W8Y0DBYN","columns":[{"index":0,"name":"col0","values":["Solar Stas","Girauol","idstrn Solar Farm"]},{"index":1,"name":"col1","values":["598.194","119.16","50.05"]}]},"context":{"version":2,"page_title":null,"page_url":null,"page_entities":[],"content_hierarchy":[]},"links":[[[{"version":2,"start":0,"end":10,"url":null,"entities":[{"id":"Q19612918","type":"wikidata"}]}],[]],[[{"version":2,"start":0,"end":7,"url":null,"entities":[{"id":"Q111010045","type":"wikidata"}]}],[]],[[{"version":2,"start":0,"end":17,"url":null,"entities":[{"id":"Q92767598","type":"wikidata"}]}],[]]]}