{"version":2,"table":{"version":"2","table_id":"WLBPN8KS","columns":[{"index":0,"name":"col0","values":["Yukiteru Amano","Junko Enoshima","Kurumu Kurono","Ayano Aishi"]},{"index":1,"name":"col1","values":["53","45","42","43"]},{"index":2,"name":"col2","values":["14","16","17","17"]}]},"context":{"version":2,"page_title":null,"page_url":null,"page_entities":[],"content_hierarchy":[]},"links":[[[{"version":2,"start":0,"end":14,"url":null,"entities":[{"id":"Q59613283","type":"wikidata"}]}],[],[]],[[{"version":2,"start":0,"end":14,"url":null,"entities":[{"id":"Q97667530","type":"wikidata"}]}],[],[]],[[{"version":2,"start":0,"end":13,"url":null,"entities":[{"id":"Q61493432","type":"wikidata"}]}],[],[]],[[{"version":2,"start":0,"end":11,"url":null,"entities":[{"id":"Q60648760","type":"wikidata"}]}],[],[]]]}