{"version":2,"table":{"version":"2","table_id":"WRJ4QBFY","columns":[{"index":0,"name":"col0","values":["Robot","The Green Death","Planet of the Daleks","The Aztecs"]},{"index":1,"name":"col1","values":["4","6","6","4"]}]},"context":{"version":2,"page_title":null,"page_url":null,"page_entities":[],"content_hierarchy":[]},"links":[[[{"version":2,"start":0,"end":5,"url":null,"entities":[{"id":"Q1249604","type":"wikidata"}]}],[]],[[{"version":2,"start":0,"end":15,"url":null,"entities":[{"id":"Q1189490","type":"wikidata"}]}],[]],[[{"version":2,"start":0,"end":20,"url":null,"entities":[{"id":"Q1029967","type":"wikidata"}]}],[]],[[{"version":2,"start":0,"end":10,"url":null,"entities":[{"id":"Q942315","type":"wikidata"}]}],[]]]}