{"version":2,"table":{"version":"2","table_id":"WRWKQ54N","columns":[{"index":0,"name":"col0","values":["La Mola","Prince Andrew Plateau","Tamelrik Plateau","Henry Hill"]},{"index":1,"name":"col1","values":["17.5","1295","3200","200"]}]},"context":{"version":2,"page_title":null,"page_url":null,"page_entities":[],"content_hierarchy":[]},"links":[[[{"version":2,"start":0,"end":7,"url":null,"entities":[{"id":"Q28712413","type":"wikidata"}]}],[]],[[{"version":2,"start":0,"end":21,"url":null,"entities":[{"id":"Q21471503","type":"wikidata"}]}],[]],[[{"version":2,"start":0,"end":16,"url":null,"entities":[{"id":"Q80123180","type":"wikidata"}]}],[]],[[{"version":2,"start":0,"end":10,"url":null,"entities":[{"id":"Q49036019","type":"wikidata"}]}],[]]]}