{"version":2,"table":{"version":"2","table_id":"WXCFZ6DM","columns":[{"index":0,"name":"col0","values":["Creu de Marcús","Creu dels Quatre Evangelis","Creu de Fonollar","Passage de la Grande Forclaz","Creu d'en Cabruja","Donovaly","Coll de Josa"]},{"index":1,"name":"col1","values":["609","1703","177","2311","280","950","1629"]}]},"context":{"version":2,"page_title":null,"page_url":null,"page_entities":[],"content_hierarchy":[]},"links":[[[{"version":2,"start":0,"end":14,"url":null,"entities":[{"id":"Q107316772","type":"wikidata"}]}],[]],[[{"version":2,"start":0,"end":26,"url":null,"entities":[{"id":"Q107310944","type":"wikidata"}]}],[]],[[{"version":2,"start":0,"end":16,"url":null,"entities":[{"id":"Q107214839","type":"wikidata"}]}],[]],[[{"version":2,"start":0,"end":28,"url":null,"entities":[{"id":"Q107185812","type":"wikidata"}]}],[]],[[{"version":2,"start":0,"end":17,"url":null,"entities":[{"id":"Q107170971","type":"wikidata"}]}],[]],[[{"version":2,"start":0,"end":8,"url":null,"entities":[{"id":"Q107137480","type":"wikidata"}]}],[]],[[{"version":2,"start":0,"end":12,"url":null,"entities":[{"id":"Q106715170","type":"wikidata"}]}],[]]]}