{"version":2,"table":{"version":"2","table_id":"X157BHGR","columns":[{"index":0,"name":"col0","values":["uaoklin Township","MadisonTownship","Jackso Township."]},{"index":1,"name":"col1","values":["255.277","135.048","213.11"]}]},"context":{"version":2,"page_title":null,"page_url":null,"page_entities":[],"content_hierarchy":[]},"links":[[[{"version":2,"start":0,"end":16,"url":null,"entities":[{"id":"Q7996353","type":"wikidata"}]}],[]],[[{"version":2,"start":0,"end":15,"url":null,"entities":[{"id":"Q7996325","type":"wikidata"}]}],[]],[[{"version":2,"start":0,"end":16,"url":null,"entities":[{"id":"Q7996311","type":"wikidata"}]}],[]]]}