{"version":2,"table":{"version":"2","table_id":"X5MFZKN1","columns":[{"index":0,"name":"col0","values":["Unley Oval","Traeger Park","Rushton Park"]},{"index":1,"name":"col1","values":["54","575","5"]},{"index":2,"name":"col2","values":["15000","10000","10000"]}]},"context":{"version":2,"page_title":null,"page_url":null,"page_entities":[],"content_hierarchy":[]},"links":[[[{"version":2,"start":0,"end":10,"url":null,"entities":[{"id":"Q7897034","type":"wikidata"}]}],[],[]],[[{"version":2,"start":0,"end":12,"url":null,"entities":[{"id":"Q7832390","type":"wikidata"}]}],[],[]],[[{"version":2,"start":0,"end":12,"url":null,"entities":[{"id":"Q7380875","type":"wikidata"}]}],[],[]]]}