{"version":2,"table":{"version":"2","table_id":"XLEE3FAD","columns":[{"index":0,"name":"col0","values":["UA DR1000","SL95","S","ET2","ER22"]},{"index":1,"name":"col1","values":["2692.6899999999996","2.5922","3476.52","3525.5219999999995","3460.3499999999995"]},{"index":2,"name":"col2","values":["3882.22","3.599625","4860.9","4253.0","4242.96"]},{"index":3,"name":"col3","values":["108.9","79.92","84.915","131.3","130.39"]}]},"context":{"version":2,"page_title":null,"page_url":null,"page_entities":[],"content_hierarchy":[]},"links":[[[{"version":2,"start":0,"end":9,"url":null,"entities":[{"id":"Q8381963","type":"wikidata"}]}],[],[],[]],[[{"version":2,"start":0,"end":4,"url":null,"entities":[{"id":"Q7390725","type":"wikidata"}]}],[],[],[]],[[{"version":2,"start":0,"end":1,"url":null,"entities":[{"id":"Q4531089","type":"wikidata"}]}],[],[],[]],[[{"version":2,"start":0,"end":3,"url":null,"entities":[{"id":"Q4529490","type":"wikidata"}]}],[],[],[]],[[{"version":2,"start":0,"end":4,"url":null,"entities":[{"id":"Q4529475","type":"wikidata"}]}],[],[],[]]]}