{"version":2,"table":{"version":"2","table_id":"XLO00PS9","columns":[{"index":0,"name":"col0","values":["Hokuriku Shinkansen","HSL 4","HSL 3","Hangzhou–Ningbo high-speed railway","LGV Bordeaux–Toulouse"]},{"index":1,"name":"col1","values":["117.4","87","56","150","200"]},{"index":2,"name":"col2","values":["260","300","260","300","320"]}]},"context":{"version":2,"page_title":null,"page_url":null,"page_entities":[],"content_hierarchy":[]},"links":[[[{"version":2,"start":0,"end":19,"url":null,"entities":[{"id":"Q1037409","type":"wikidata"}]}],[],[]],[[{"version":2,"start":0,"end":5,"url":null,"entities":[{"id":"Q1032147","type":"wikidata"}]}],[],[]],[[{"version":2,"start":0,"end":5,"url":null,"entities":[{"id":"Q1032141","type":"wikidata"}]}],[],[]],[[{"version":2,"start":0,"end":34,"url":null,"entities":[{"id":"Q845874","type":"wikidata"}]}],[],[]],[[{"version":2,"start":0,"end":21,"url":null,"entities":[{"id":"Q836326","type":"wikidata"}]}],[],[]]]}