{"version":2,"table":{"version":"2","table_id":"Y2BWCI9L","columns":[{"index":0,"name":"col0","values":["Tomb of Wu Zhen","Tomb of Chang Yuchun","Tomb of Emperor Thiệu Trị","June Rebellion memorial"]},{"index":1,"name":"col1","values":["0.35","0.98","27.9","196.3"]}]},"context":{"version":2,"page_title":null,"page_url":null,"page_entities":[],"content_hierarchy":[]},"links":[[[{"version":2,"start":0,"end":15,"url":null,"entities":[{"id":"Q18110177","type":"wikidata"}]}],[]],[[{"version":2,"start":0,"end":20,"url":null,"entities":[{"id":"Q17498501","type":"wikidata"}]}],[]],[[{"version":2,"start":0,"end":25,"url":null,"entities":[{"id":"Q16511573","type":"wikidata"}]}],[]],[[{"version":2,"start":0,"end":23,"url":null,"entities":[{"id":"Q15156018","type":"wikidata"}]}],[]]]}