[{"version":1,"nodes":[{"col_index":0,"label":"col0","id":0},{"col_index":1,"label":"col1","id":1},{"col_index":2,"label":"col2","id":2},{"abs_uri":"http://www.wikidata.org/entity/Q1203472","rel_uri":"wd:Q1203472","approximation":false,"readable_label":"German Badminton Championships (Q1203472)","id":3},{"abs_uri":"http://www.wikidata.org/entity/Q1203472","rel_uri":"wd:Q1203472","approximation":false,"readable_label":"German Badminton Championships (Q1203472)","id":4},{"abs_uri":"http://www.wikidata.org/entity/Q57733494","rel_uri":"wd:Q57733494","approximation":false,"readable_label":"badminton event (Q57733494)","id":5}],"edges":[{"source":3,"target":0,"abs_uri":"http://www.w3.org/2000/01/rdf-schema#label","rel_uri":"rdfs:label","approximation":false,"readable_label":"rdfs:label","id":0},{"source":4,"target":1,"abs_uri":"http://www.w3.org/2000/01/rdf-schema#label","rel_uri":"rdfs:label","approximation":false,"readable_label":"rdfs:label","id":1},{"source":5,"target":2,"abs_uri":"http://www.w3.org/2000/01/rdf-schema#label","rel_uri":"rdfs:label","approximation":false,"readable_label":"rdfs:label","id":2},{"source":3,"target":4,"abs_uri":"http://www.wikidata.org/prop/P155","rel_uri":"p:P155","approximation":false,"readable_label":"follows (P155)","id":3},{"source":3,"target":5,"abs_uri":"http://www.wikidata.org/prop/P527","rel_uri":"p:P527","approximation":false,"readable_label":"has part (P527)","id":4}]}]