[{"version":1,"nodes":[{"col_index":0,"label":"col0","id":0},{"col_index":1,"label":"col1","id":1},{"col_index":2,"label":"col2","id":2},{"col_index":3,"label":"col3","id":3},{"col_index":4,"label":"col4","id":4},{"abs_uri":"http://www.wikidata.org/entity/Q30612","rel_uri":"wd:Q30612","approximation":false,"readable_label":"clinical trial (Q30612)","id":5}],"edges":[{"source":5,"target":0,"abs_uri":"http://www.w3.org/2000/01/rdf-schema#label","rel_uri":"rdfs:label","approximation":false,"readable_label":"rdfs:label","id":0},{"source":5,"target":2,"abs_uri":"http://www.wikidata.org/prop/P131","rel_uri":"p:P131","approximation":false,"readable_label":"located in the administrative territorial entity (P131)","id":1},{"source":5,"target":3,"abs_uri":"http://www.wikidata.org/prop/P4844","rel_uri":"p:P4844","approximation":false,"readable_label":"research intervention (P4844)","id":2},{"source":5,"target":1,"abs_uri":"http://www.wikidata.org/prop/P1132","rel_uri":"p:P1132","approximation":false,"readable_label":"number of participants (P1132)","id":3},{"source":5,"target":4,"abs_uri":"http://www.wikidata.org/prop/P582","rel_uri":"p:P582","approximation":false,"readable_label":"end time (P582)","id":4}]}]