[{"version":1,"nodes":[{"col_index":0,"label":"col0","id":0},{"col_index":1,"label":"col1","id":1},{"col_index":2,"label":"col2","id":2},{"abs_uri":"http://www.wikidata.org/entity/Q34763","rel_uri":"wd:Q34763","approximation":false,"readable_label":"peninsula (Q34763)","id":3},{"abs_uri":"http://www.wikidata.org/entity/Q5107","rel_uri":"wd:Q5107","approximation":false,"readable_label":"continent (Q5107)","id":4}],"edges":[{"source":3,"target":0,"abs_uri":"http://www.w3.org/2000/01/rdf-schema#label","rel_uri":"rdfs:label","approximation":false,"readable_label":"rdfs:label","id":0},{"source":4,"target":2,"abs_uri":"http://www.w3.org/2000/01/rdf-schema#label","rel_uri":"rdfs:label","approximation":false,"readable_label":"rdfs:label","id":1},{"source":3,"target":1,"abs_uri":"http://www.wikidata.org/prop/P206","rel_uri":"p:P206","approximation":false,"readable_label":"located in or next to body of water (P206)","id":2},{"source":3,"target":4,"abs_uri":"http://www.wikidata.org/prop/P30","rel_uri":"p:P30","approximation":false,"readable_label":"continent (P30)","id":3}]}]