[{"version":1,"nodes":[{"col_index":0,"label":"col0","id":0},{"col_index":1,"label":"col1","id":1},{"col_index":2,"label":"col2","id":2},{"col_index":3,"label":"col3","id":3},{"col_index":4,"label":"col4","id":4},{"col_index":5,"label":"col5","id":5},{"col_index":6,"label":"col6","id":6},{"abs_uri":"http://www.wikidata.org/entity/Q11387","rel_uri":"wd:Q11387","approximation":false,"readable_label":"open cluster (Q11387)","id":7}],"edges":[{"source":7,"target":0,"abs_uri":"http://www.w3.org/2000/01/rdf-schema#label","rel_uri":"rdfs:label","approximation":false,"readable_label":"rdfs:label","id":0},{"source":7,"target":1,"abs_uri":"http://www.wikidata.org/prop/P6257","rel_uri":"p:P6257","approximation":false,"readable_label":"right ascension (P6257)","id":1},{"source":7,"target":2,"abs_uri":"http://www.wikidata.org/prop/P6258","rel_uri":"p:P6258","approximation":false,"readable_label":"declination (P6258)","id":2},{"source":7,"target":3,"abs_uri":"http://www.wikidata.org/prop/P2583","rel_uri":"p:P2583","approximation":false,"readable_label":"distance from Earth (P2583)","id":3},{"source":7,"target":4,"abs_uri":"http://www.wikidata.org/prop/P2216","rel_uri":"p:P2216","approximation":false,"readable_label":"radial velocity (P2216)","id":4},{"source":7,"target":5,"abs_uri":"http://www.wikidata.org/prop/P2120","rel_uri":"p:P2120","approximation":false,"readable_label":"radius (P2120)","id":5},{"source":7,"target":6,"abs_uri":"http://www.wikidata.org/prop/P2215","rel_uri":"p:P2215","approximation":false,"readable_label":"proper motion (P2215)","id":6}]}]