{"version":"1.2","table":{"version":"2","table_id":"6DUYKU3C","columns":[{"index":0,"name":"col0","values":["Kakamora","The Centaurs","The Centaurettes","The Fauns","The Cupids","The Ostrich Class","The Weasels","Vultures","Piggies","Farm Animals","The Ancestors","Elite Huns","Captain Flint's Crew","Robo-Cops","Silver's Crew","Thug Guards","The Horned King's henchmen","Gods","Agorans","Thebans"]},{"index":1,"name":"col1","values":["fictional humanoid","animated character","animated character","animated character","putto","animated character","animated character","animated character","animated character","fictional animal character","animated character","fictional human","fictional humanoid","animated character","animated character","fictional animal character","fictional humanoid","animated character","fictional human","fictional human"]},{"index":2,"name":"col2","values":["antagonist","minor character","minor character","minor character","minor character","minor character","henchperson","minor character","minor character","minor character","minor character","henchperson","minor character","minor character","minor character","henchperson","henchperson","minor character","minor character","minor character"]},{"index":3,"name":"col3","values":["Moana","The Pastoral Symphony","The Pastoral Symphony","The Pastoral Symphony","The Pastoral Symphony","Dance of the Hours","Mickey's Christmas Carol","Home on the Range","Home on the Range","Home on the Range","Mulan","Mulan","Treasure Planet","Treasure Planet","Treasure Planet","The Great Mouse Detective","The Black Cauldron","Hercules","Hercules","Hercules"]}]},"context":{"page_title":null,"page_url":null,"page_entity_id":null,"content_hierarchy":[]},"links":[[[{"start":0,"end":12,"url":null,"entity_id":"Q29048819","candidates":[]}],[{"start":0,"end":18,"url":null,"entity_id":"Q15711870","candidates":[]}],[{"start":0,"end":15,"url":null,"entity_id":"Q27623618","candidates":[]}],[{"start":0,"end":21,"url":null,"entity_id":"Q3507876","candidates":[]}]],[[{"start":0,"end":16,"url":null,"entity_id":"Q29044455","candidates":[]}],[{"start":0,"end":18,"url":null,"entity_id":"Q15711870","candidates":[]}],[{"start":0,"end":15,"url":null,"entity_id":"Q27623618","candidates":[]}],[{"start":0,"end":21,"url":null,"entity_id":"Q3507876","candidates":[]}]],[[{"start":0,"end":9,"url":null,"entity_id":"Q29044447","candidates":[]}],[{"start":0,"end":18,"url":null,"entity_id":"Q15711870","candidates":[]}],[{"start":0,"end":15,"url":null,"entity_id":"Q27623618","candidates":[]}],[{"start":0,"end":21,"url":null,"entity_id":"Q3507876","candidates":[]}]],[[{"start":0,"end":10,"url":null,"entity_id":"Q29044453","candidates":[]}],[{"start":0,"end":5,"url":null,"entity_id":"Q284865","candidates":[]}],[{"start":0,"end":15,"url":null,"entity_id":"Q27623618","candidates":[]}],[{"start":0,"end":21,"url":null,"entity_id":"Q3507876","candidates":[]}]],[[{"start":0,"end":17,"url":null,"entity_id":"Q29044391","candidates":[]}],[{"start":0,"end":18,"url":null,"entity_id":"Q15711870","candidates":[]}],[{"start":0,"end":15,"url":null,"entity_id":"Q27623618","candidates":[]}],[{"start":0,"end":18,"url":null,"entity_id":"Q3015629","candidates":[]}]],[[{"start":0,"end":11,"url":null,"entity_id":"Q28167241","candidates":[]}],[{"start":0,"end":18,"url":null,"entity_id":"Q15711870","candidates":[]}],[{"start":0,"end":11,"url":null,"entity_id":"Q247297","candidates":[]}],[{"start":0,"end":24,"url":null,"entity_id":"Q1539739","candidates":[]}]],[[{"start":0,"end":8,"url":null,"entity_id":"Q28977023","candidates":[]}],[{"start":0,"end":18,"url":null,"entity_id":"Q15711870","candidates":[]}],[{"start":0,"end":15,"url":null,"entity_id":"Q27623618","candidates":[]}],[{"start":0,"end":17,"url":null,"entity_id":"Q936194","candidates":[]}]],[[{"start":0,"end":7,"url":null,"entity_id":"Q28974035","candidates":[]}],[{"start":0,"end":18,"url":null,"entity_id":"Q15711870","candidates":[]}],[{"start":0,"end":15,"url":null,"entity_id":"Q27623618","candidates":[]}],[{"start":0,"end":17,"url":null,"entity_id":"Q936194","candidates":[]}]],[[{"start":0,"end":12,"url":null,"entity_id":"Q28974014","candidates":[]}],[{"start":0,"end":26,"url":null,"entity_id":"Q3542731","candidates":[]}],[{"start":0,"end":15,"url":null,"entity_id":"Q27623618","candidates":[]}],[{"start":0,"end":17,"url":null,"entity_id":"Q936194","candidates":[]}]],[[{"start":0,"end":13,"url":null,"entity_id":"Q28925683","candidates":[]}],[{"start":0,"end":18,"url":null,"entity_id":"Q15711870","candidates":[]}],[{"start":0,"end":15,"url":null,"entity_id":"Q27623618","candidates":[]}],[{"start":0,"end":5,"url":null,"entity_id":"Q537407","candidates":[]}]],[[{"start":0,"end":10,"url":null,"entity_id":"Q28925869","candidates":[]}],[{"start":0,"end":15,"url":null,"entity_id":"Q15632617","candidates":[]}],[{"start":0,"end":11,"url":null,"entity_id":"Q247297","candidates":[]}],[{"start":0,"end":5,"url":null,"entity_id":"Q537407","candidates":[]}]],[[{"start":0,"end":20,"url":null,"entity_id":"Q28971451","candidates":[]}],[{"start":0,"end":18,"url":null,"entity_id":"Q28020127","candidates":[]}],[{"start":0,"end":15,"url":null,"entity_id":"Q27623618","candidates":[]}],[{"start":0,"end":15,"url":null,"entity_id":"Q392530","candidates":[]}]],[[{"start":0,"end":9,"url":null,"entity_id":"Q28971558","candidates":[]}],[{"start":0,"end":18,"url":null,"entity_id":"Q15711870","candidates":[]}],[{"start":0,"end":15,"url":null,"entity_id":"Q27623618","candidates":[]}],[{"start":0,"end":15,"url":null,"entity_id":"Q392530","candidates":[]}]],[[{"start":0,"end":13,"url":null,"entity_id":"Q28971431","candidates":[]}],[{"start":0,"end":18,"url":null,"entity_id":"Q15711870","candidates":[]}],[{"start":0,"end":15,"url":null,"entity_id":"Q27623618","candidates":[]}],[{"start":0,"end":15,"url":null,"entity_id":"Q392530","candidates":[]}]],[[{"start":0,"end":11,"url":null,"entity_id":"Q28803019","candidates":[]}],[{"start":0,"end":26,"url":null,"entity_id":"Q3542731","candidates":[]}],[{"start":0,"end":11,"url":null,"entity_id":"Q247297","candidates":[]}],[{"start":0,"end":25,"url":null,"entity_id":"Q334132","candidates":[]}]],[[{"start":0,"end":26,"url":null,"entity_id":"Q28797032","candidates":[]}],[{"start":0,"end":18,"url":null,"entity_id":"Q28020127","candidates":[]}],[{"start":0,"end":11,"url":null,"entity_id":"Q247297","candidates":[]}],[{"start":0,"end":18,"url":null,"entity_id":"Q329316","candidates":[]}]],[[{"start":0,"end":4,"url":null,"entity_id":"Q28919351","candidates":[]}],[{"start":0,"end":18,"url":null,"entity_id":"Q15711870","candidates":[]}],[{"start":0,"end":15,"url":null,"entity_id":"Q27623618","candidates":[]}],[{"start":0,"end":8,"url":null,"entity_id":"Q271189","candidates":[]}]],[[{"start":0,"end":7,"url":null,"entity_id":"Q28922223","candidates":[]}],[{"start":0,"end":15,"url":null,"entity_id":"Q15632617","candidates":[]}],[{"start":0,"end":15,"url":null,"entity_id":"Q27623618","candidates":[]}],[{"start":0,"end":8,"url":null,"entity_id":"Q271189","candidates":[]}]],[[{"start":0,"end":7,"url":null,"entity_id":"Q28916685","candidates":[]}],[{"start":0,"end":15,"url":null,"entity_id":"Q15632617","candidates":[]}],[{"start":0,"end":15,"url":null,"entity_id":"Q27623618","candidates":[]}],[{"start":0,"end":8,"url":null,"entity_id":"Q271189","candidates":[]}]],[[{"start":0,"end":8,"url":null,"entity_id":"Q28471409","candidates":[]}],[{"start":0,"end":18,"url":null,"entity_id":"Q28020127","candidates":[]}],[{"start":0,"end":10,"url":null,"entity_id":"Q245204","candidates":[]}],[{"start":0,"end":5,"url":null,"entity_id":"Q18647981","candidates":[]}]]]}