{"version":"1.2","table":{"version":"2","table_id":"6ED9WFUN","columns":[{"index":0,"name":"col0","values":["Thrawn trilogy","Hyperion Cantos","The Black Magician Trilogy","The Heroes of Olympus","The Josephus Trilogy","Foundation series","Riverworld","Prelude to Dune","The Space Trilogy","Temeraire","Space Odyssey","The Book of Dust","Mistborn","Earthsea series","Percy Jackson & the Olympians","The Wheel of Time","The Dark Tower","His Dark Materials trilogy","Harry Potter","A Song of Ice and Fire"]},{"index":1,"name":"col1","values":["Timothy Zahn","Dan Simmons","Trudi Canavan","Rick Riordan","Lion Feuchtwanger","Isaac Asimov","Philip José Farmer","Kevin J. Anderson","C. S. Lewis","Naomi Novik","Arthur C. Clarke","Philip Pullman","Brandon Sanderson","Ursula K. Le Guin","Rick Riordan","Robert Jordan","Stephen King","Philip Pullman","J. K. Rowling","George R. R. Martin"]},{"index":2,"name":"col2","values":["Heir to the Empire","Hyperion","The Magicians' Guild","The Son of Neptune","Josephus","Foundation","Gods of Riverworld","Dune: House Corrino","Perelandra","Tongues of Serpents","2061: Odyssey Three","The Secret Commonwealth","Mistborn: The Well of Ascension","The Other Wind","The Lightning Thief","The Great Hunt","The Dark Tower V: Wolves of the Calla","The Amber Spyglass","Harry Potter and the Philosopher's Stone","A Dance with Dragons"]}]},"context":{"page_title":null,"page_url":null,"page_entity_id":null,"content_hierarchy":[]},"links":[[[{"start":0,"end":15,"url":null,"entity_id":"Q1213577","candidates":[]}],[{"start":0,"end":11,"url":null,"entity_id":"Q297538","candidates":[]}],[{"start":0,"end":8,"url":null,"entity_id":"Q1798059","candidates":[]}]],[[{"start":0,"end":26,"url":null,"entity_id":"Q1213040","candidates":[]}],[{"start":0,"end":13,"url":null,"entity_id":"Q256821","candidates":[]}],[{"start":0,"end":20,"url":null,"entity_id":"Q1401617","candidates":[]}]],[[{"start":0,"end":21,"url":null,"entity_id":"Q1276821","candidates":[]}],[{"start":0,"end":12,"url":null,"entity_id":"Q212727","candidates":[]}],[{"start":0,"end":18,"url":null,"entity_id":"Q1277076","candidates":[]}]],[[{"start":0,"end":20,"url":null,"entity_id":"Q1708452","candidates":[]}],[{"start":0,"end":17,"url":null,"entity_id":"Q77024","candidates":[]}],[{"start":0,"end":8,"url":null,"entity_id":"Q1198971","candidates":[]}]],[[{"start":0,"end":17,"url":null,"entity_id":"Q1564644","candidates":[]}],[{"start":0,"end":12,"url":null,"entity_id":"Q34981","candidates":[]}],[{"start":0,"end":10,"url":null,"entity_id":"Q753894","candidates":[]}]],[[{"start":0,"end":10,"url":null,"entity_id":"Q1434404","candidates":[]}],[{"start":0,"end":18,"url":null,"entity_id":"Q296256","candidates":[]}],[{"start":0,"end":18,"url":null,"entity_id":"Q516848","candidates":[]}]],[[{"start":0,"end":15,"url":null,"entity_id":"Q1198151","candidates":[]}],[{"start":0,"end":17,"url":null,"entity_id":"Q339577","candidates":[]}],[{"start":0,"end":19,"url":null,"entity_id":"Q437304","candidates":[]}]],[[{"start":0,"end":17,"url":null,"entity_id":"Q2070438","candidates":[]}],[{"start":0,"end":11,"url":null,"entity_id":"Q9204","candidates":[]}],[{"start":0,"end":10,"url":null,"entity_id":"Q392170","candidates":[]}]],[[{"start":0,"end":9,"url":null,"entity_id":"Q1208412","candidates":[]}],[{"start":0,"end":11,"url":null,"entity_id":"Q242643","candidates":[]}],[{"start":0,"end":19,"url":null,"entity_id":"Q385336","candidates":[]}]],[[{"start":0,"end":13,"url":null,"entity_id":"Q1198588","candidates":[]}],[{"start":0,"end":16,"url":null,"entity_id":"Q47087","candidates":[]}],[{"start":0,"end":19,"url":null,"entity_id":"Q212718","candidates":[]}]],[[{"start":0,"end":16,"url":null,"entity_id":"Q18578","candidates":[]}],[{"start":0,"end":14,"url":null,"entity_id":"Q190220","candidates":[]}],[{"start":0,"end":23,"url":null,"entity_id":"Q42306032","candidates":[]}]],[[{"start":0,"end":8,"url":null,"entity_id":"Q268100","candidates":[]}],[{"start":0,"end":17,"url":null,"entity_id":"Q457608","candidates":[]}],[{"start":0,"end":31,"url":null,"entity_id":"Q2062781","candidates":[]}]],[[{"start":0,"end":15,"url":null,"entity_id":"Q116546","candidates":[]}],[{"start":0,"end":17,"url":null,"entity_id":"Q181659","candidates":[]}],[{"start":0,"end":14,"url":null,"entity_id":"Q717326","candidates":[]}]],[[{"start":0,"end":29,"url":null,"entity_id":"Q213167","candidates":[]}],[{"start":0,"end":12,"url":null,"entity_id":"Q212727","candidates":[]}],[{"start":0,"end":19,"url":null,"entity_id":"Q501514","candidates":[]}]],[[{"start":0,"end":17,"url":null,"entity_id":"Q4470","candidates":[]}],[{"start":0,"end":13,"url":null,"entity_id":"Q166351","candidates":[]}],[{"start":0,"end":14,"url":null,"entity_id":"Q470229","candidates":[]}]],[[{"start":0,"end":14,"url":null,"entity_id":"Q280898","candidates":[]}],[{"start":0,"end":12,"url":null,"entity_id":"Q39829","candidates":[]}],[{"start":0,"end":37,"url":null,"entity_id":"Q247364","candidates":[]}]],[[{"start":0,"end":26,"url":null,"entity_id":"Q129240","candidates":[]}],[{"start":0,"end":14,"url":null,"entity_id":"Q190220","candidates":[]}],[{"start":0,"end":18,"url":null,"entity_id":"Q129929","candidates":[]}]],[[{"start":0,"end":12,"url":null,"entity_id":"Q8337","candidates":[]}],[{"start":0,"end":13,"url":null,"entity_id":"Q34660","candidates":[]}],[{"start":0,"end":40,"url":null,"entity_id":"Q43361","candidates":[]}]],[[{"start":0,"end":22,"url":null,"entity_id":"Q45875","candidates":[]}],[{"start":0,"end":19,"url":null,"entity_id":"Q181677","candidates":[]}],[{"start":0,"end":20,"url":null,"entity_id":"Q28306","candidates":[]}]],[[{"start":0,"end":14,"url":null,"entity_id":"Q1555385","candidates":[]}],[{"start":0,"end":12,"url":null,"entity_id":"Q434029","candidates":[]}],[{"start":0,"end":18,"url":null,"entity_id":"Q2076844","candidates":[]}]]]}