{"version":"1.2","table":{"version":"2","table_id":"6EHQK24T","columns":[{"index":0,"name":"col0","values":["Alpine skiing at the 2006 Winter Paralympics – Men's downhill","Bloodymania 6","Bloodymania 5","Atlantic Storm","A Nightmare To Remember","No Mercy","In Your House 8: Beware of Dog","In Your House 7: Good Friends, Better Enemies","In Your House 6","In Your House 5: Seasons Beatings","In Your House 3","In Your House 1","In Your House 14: Revenge of the 'Taker","In Your House 13: Final Four","NWA Anniversary Show","A Night of Appreciation for Sabu","2002 MTV Europe Music Awards","green girls' country camps","Nyteg","Bushido: Code of the Warrior"]},{"index":1,"name":"col1","values":["Italy","United States of America","United States of America","United States of America","United States of America","United States of America","United States of America","United States of America","United States of America","United States of America","United States of America","United States of America","United States of America","United States of America","United States of America","United States of America","Spain","Denmark","Sweden","United States of America"]},{"index":2,"name":"col2","values":["2006-01-01","2012-08-12","2011-08-14","2005-01-14","2011-01-01","2002-10-20","1996-05-26","1996-04-28","1996-02-18","1995-12-17","1995-09-24","1995-05-14","1997-04-20","1997-02-16","1998-10-24","2004-12-12","2002-11-14","1992-01-01","1997-07-01","2010-10-29"]}]},"context":{"page_title":null,"page_url":null,"page_entity_id":null,"content_hierarchy":[]},"links":[[[{"start":0,"end":13,"url":null,"entity_id":"Q4928127","candidates":[]}],[{"start":0,"end":24,"url":null,"entity_id":"Q30","candidates":[]}],[]],[[{"start":0,"end":13,"url":null,"entity_id":"Q4928124","candidates":[]}],[{"start":0,"end":24,"url":null,"entity_id":"Q30","candidates":[]}],[]],[[{"start":0,"end":14,"url":null,"entity_id":"Q4816552","candidates":[]}],[{"start":0,"end":24,"url":null,"entity_id":"Q30","candidates":[]}],[]],[[{"start":0,"end":23,"url":null,"entity_id":"Q4658643","candidates":[]}],[{"start":0,"end":24,"url":null,"entity_id":"Q30","candidates":[]}],[]],[[{"start":0,"end":8,"url":null,"entity_id":"Q4353456","candidates":[]}],[{"start":0,"end":24,"url":null,"entity_id":"Q30","candidates":[]}],[]],[[{"start":0,"end":30,"url":null,"entity_id":"Q4017517","candidates":[]}],[{"start":0,"end":24,"url":null,"entity_id":"Q30","candidates":[]}],[]],[[{"start":0,"end":45,"url":null,"entity_id":"Q4017516","candidates":[]}],[{"start":0,"end":24,"url":null,"entity_id":"Q30","candidates":[]}],[]],[[{"start":0,"end":15,"url":null,"entity_id":"Q4017515","candidates":[]}],[{"start":0,"end":24,"url":null,"entity_id":"Q30","candidates":[]}],[]],[[{"start":0,"end":33,"url":null,"entity_id":"Q4017514","candidates":[]}],[{"start":0,"end":24,"url":null,"entity_id":"Q30","candidates":[]}],[]],[[{"start":0,"end":15,"url":null,"entity_id":"Q4017512","candidates":[]}],[{"start":0,"end":24,"url":null,"entity_id":"Q30","candidates":[]}],[]],[[{"start":0,"end":15,"url":null,"entity_id":"Q4017511","candidates":[]}],[{"start":0,"end":24,"url":null,"entity_id":"Q30","candidates":[]}],[]],[[{"start":0,"end":39,"url":null,"entity_id":"Q3797205","candidates":[]}],[{"start":0,"end":24,"url":null,"entity_id":"Q30","candidates":[]}],[]],[[{"start":0,"end":28,"url":null,"entity_id":"Q3797203","candidates":[]}],[{"start":0,"end":24,"url":null,"entity_id":"Q30","candidates":[]}],[]],[[{"start":0,"end":20,"url":null,"entity_id":"Q3334600","candidates":[]}],[{"start":0,"end":24,"url":null,"entity_id":"Q30","candidates":[]}],[]],[[{"start":0,"end":32,"url":null,"entity_id":"Q2819841","candidates":[]}],[{"start":0,"end":24,"url":null,"entity_id":"Q30","candidates":[]}],[]],[[{"start":0,"end":28,"url":null,"entity_id":"Q2704827","candidates":[]}],[{"start":0,"end":5,"url":null,"entity_id":"Q29","candidates":[]}],[]],[[{"start":0,"end":26,"url":null,"entity_id":"Q12307914","candidates":[]}],[{"start":0,"end":7,"url":null,"entity_id":"Q35","candidates":[]}],[]],[[{"start":0,"end":5,"url":null,"entity_id":"Q10604990","candidates":[]}],[{"start":0,"end":6,"url":null,"entity_id":"Q34","candidates":[]}],[]],[[{"start":0,"end":28,"url":null,"entity_id":"Q5001506","candidates":[]}],[{"start":0,"end":24,"url":null,"entity_id":"Q30","candidates":[]}],[]],[[{"start":0,"end":61,"url":null,"entity_id":"Q4735567","candidates":[]}],[{"start":0,"end":5,"url":null,"entity_id":"Q38","candidates":[]}],[]]]}