{"version":"1.2","table":{"version":"2","table_id":"6FBXZW17","columns":[{"index":0,"name":"col0","values":["Tropical Storm Norman","Tropical Storm Norman","Tropical Storm Norma","Tropical Storm Lowell","Tropical Storm Lidia","Tropical Storm Lester","Tropical Storm Karina","Tropical Storm Julio","Tropical Storm Ignacio","Tropical Storm Georgette","Tropical Storm Dalila","Tropical Storm Cristina","Tropical Storm Carlos","Tropical Storm Blanca","Tropical Storm Beatriz","Tropical Storm Andres","Tropical Storm Agatha","Tropical storm Hermine","Tropical Storm Julia","Tropical Storm Danielle"]},{"index":1,"name":"col1","values":["Pacific hurricane","Pacific hurricane","Pacific hurricane","Pacific hurricane","Pacific hurricane","Pacific hurricane","Pacific hurricane","Pacific hurricane","Pacific hurricane","Pacific hurricane","Pacific hurricane","Pacific hurricane","Pacific hurricane","Pacific hurricane","Pacific hurricane","Pacific hurricane","Pacific hurricane","Atlantic hurricane","Atlantic hurricane","Atlantic hurricane"]},{"index":2,"name":"col2","values":["2012-09-28","2000-09-20","1970-08-31","2008-09-06","1981-10-06","2004-10-11","2008-09-02","2008-08-23","1997-08-17","2010-09-20","2007-07-22","1996-07-01","2003-06-26","2009-07-06","1993-06-18","1997-06-01","1992-06-01","2004-08-27","2016-09-13","2016-06-19"]},{"index":3,"name":"col3","values":["North-East Pacific Ocean","North-East Pacific Ocean","North-East Pacific Ocean","North-East Pacific Ocean","North-East Pacific Ocean","North-East Pacific Ocean","North-East Pacific Ocean","North-East Pacific Ocean","North-East Pacific Ocean","North-East Pacific Ocean","North-East Pacific Ocean","North-East Pacific Ocean","North-East Pacific Ocean","North-East Pacific Ocean","North-East Pacific Ocean","North-East Pacific Ocean","North-East Pacific Ocean","Atlantic Ocean","Atlantic Ocean","Atlantic Ocean"]}]},"context":{"page_title":null,"page_url":null,"page_entity_id":null,"content_hierarchy":[]},"links":[[[{"start":0,"end":21,"url":null,"entity_id":"Q7846064","candidates":[]}],[{"start":0,"end":17,"url":null,"entity_id":"Q3306242","candidates":[]}],[],[{"start":0,"end":24,"url":null,"entity_id":"Q63860551","candidates":[]}]],[[{"start":0,"end":20,"url":null,"entity_id":"Q7846062","candidates":[]}],[{"start":0,"end":17,"url":null,"entity_id":"Q3306242","candidates":[]}],[],[{"start":0,"end":24,"url":null,"entity_id":"Q63860551","candidates":[]}]],[[{"start":0,"end":21,"url":null,"entity_id":"Q7846038","candidates":[]}],[{"start":0,"end":17,"url":null,"entity_id":"Q3306242","candidates":[]}],[],[{"start":0,"end":24,"url":null,"entity_id":"Q63860551","candidates":[]}]],[[{"start":0,"end":20,"url":null,"entity_id":"Q7846034","candidates":[]}],[{"start":0,"end":17,"url":null,"entity_id":"Q3306242","candidates":[]}],[],[{"start":0,"end":24,"url":null,"entity_id":"Q63860551","candidates":[]}]],[[{"start":0,"end":21,"url":null,"entity_id":"Q7846033","candidates":[]}],[{"start":0,"end":17,"url":null,"entity_id":"Q3306242","candidates":[]}],[],[{"start":0,"end":24,"url":null,"entity_id":"Q63860551","candidates":[]}]],[[{"start":0,"end":21,"url":null,"entity_id":"Q7846012","candidates":[]}],[{"start":0,"end":17,"url":null,"entity_id":"Q3306242","candidates":[]}],[],[{"start":0,"end":24,"url":null,"entity_id":"Q63860551","candidates":[]}]],[[{"start":0,"end":20,"url":null,"entity_id":"Q7846009","candidates":[]}],[{"start":0,"end":17,"url":null,"entity_id":"Q3306242","candidates":[]}],[],[{"start":0,"end":24,"url":null,"entity_id":"Q63860551","candidates":[]}]],[[{"start":0,"end":22,"url":null,"entity_id":"Q7845986","candidates":[]}],[{"start":0,"end":17,"url":null,"entity_id":"Q3306242","candidates":[]}],[],[{"start":0,"end":24,"url":null,"entity_id":"Q63860551","candidates":[]}]],[[{"start":0,"end":24,"url":null,"entity_id":"Q7845948","candidates":[]}],[{"start":0,"end":17,"url":null,"entity_id":"Q3306242","candidates":[]}],[],[{"start":0,"end":24,"url":null,"entity_id":"Q63860551","candidates":[]}]],[[{"start":0,"end":21,"url":null,"entity_id":"Q7845895","candidates":[]}],[{"start":0,"end":17,"url":null,"entity_id":"Q3306242","candidates":[]}],[],[{"start":0,"end":24,"url":null,"entity_id":"Q63860551","candidates":[]}]],[[{"start":0,"end":23,"url":null,"entity_id":"Q7845891","candidates":[]}],[{"start":0,"end":17,"url":null,"entity_id":"Q3306242","candidates":[]}],[],[{"start":0,"end":24,"url":null,"entity_id":"Q63860551","candidates":[]}]],[[{"start":0,"end":21,"url":null,"entity_id":"Q7845876","candidates":[]}],[{"start":0,"end":17,"url":null,"entity_id":"Q3306242","candidates":[]}],[],[{"start":0,"end":24,"url":null,"entity_id":"Q63860551","candidates":[]}]],[[{"start":0,"end":21,"url":null,"entity_id":"Q7845865","candidates":[]}],[{"start":0,"end":17,"url":null,"entity_id":"Q3306242","candidates":[]}],[],[{"start":0,"end":24,"url":null,"entity_id":"Q63860551","candidates":[]}]],[[{"start":0,"end":22,"url":null,"entity_id":"Q7845853","candidates":[]}],[{"start":0,"end":17,"url":null,"entity_id":"Q3306242","candidates":[]}],[],[{"start":0,"end":24,"url":null,"entity_id":"Q63860551","candidates":[]}]],[[{"start":0,"end":21,"url":null,"entity_id":"Q7845839","candidates":[]}],[{"start":0,"end":17,"url":null,"entity_id":"Q3306242","candidates":[]}],[],[{"start":0,"end":24,"url":null,"entity_id":"Q63860551","candidates":[]}]],[[{"start":0,"end":21,"url":null,"entity_id":"Q7845824","candidates":[]}],[{"start":0,"end":17,"url":null,"entity_id":"Q3306242","candidates":[]}],[],[{"start":0,"end":24,"url":null,"entity_id":"Q63860551","candidates":[]}]],[[{"start":0,"end":22,"url":null,"entity_id":"Q30765449","candidates":[]}],[{"start":0,"end":18,"url":null,"entity_id":"Q2547976","candidates":[]}],[],[{"start":0,"end":14,"url":null,"entity_id":"Q97","candidates":[]}]],[[{"start":0,"end":20,"url":null,"entity_id":"Q28452079","candidates":[]}],[{"start":0,"end":18,"url":null,"entity_id":"Q2547976","candidates":[]}],[],[{"start":0,"end":14,"url":null,"entity_id":"Q97","candidates":[]}]],[[{"start":0,"end":23,"url":null,"entity_id":"Q28155398","candidates":[]}],[{"start":0,"end":18,"url":null,"entity_id":"Q2547976","candidates":[]}],[],[{"start":0,"end":14,"url":null,"entity_id":"Q97","candidates":[]}]],[[{"start":0,"end":21,"url":null,"entity_id":"Q7846066","candidates":[]}],[{"start":0,"end":17,"url":null,"entity_id":"Q3306242","candidates":[]}],[],[{"start":0,"end":24,"url":null,"entity_id":"Q63860551","candidates":[]}]]]}