{"version":"1.2","table":{"version":"2","table_id":"6FD9S7RJ","columns":[{"index":0,"name":"col0","values":["Bilder aus der kaufmännischen Welt","Aus der Fremde","Aus den Rechtshallen des Mittelalters","Amerikanische Skizzen","Tragödien und Komödien des Aberglaubens","Für Gartenfreunde","Aus der Kinderstube","Ein Straßenbau und die Anlage einer deutschen Colonie in Brasilien","Vom verlassenen Bruderstamme","Vernünftige Gedanken einer Hausmutter","Blätter aus einem diätetischen Recept-Taschenbuche","Die gefährlichsten Hustekrankheiten des Kindesalters","Jagddaguerreotypen","Thier-Charaktere","Um die Erde","Die geschichtlichen Helden deutscher Dichter","Deutschlands merkwürdige Bäume","Fortschritte und Erfindungen der Neuzeit","Soldiers of the Great War","Zur Geschichte des Aberglaubens"]},{"index":1,"name":"col1","values":["Bilder aus der kaufmännischen Welt","Die letzten Menschenfresser","Der Scharfrichter","Ein Kinder-Friedhof","Tragödien und Komödien des Aberglaubens","Für Gartenfreunde","Aus der Kinderstube","Ein Straßenbau und die Anlage einer deutschen Colonie in Brasilien","Vom verlassenen Bruderstamme","Der Mutter Stufenjahre","Diätetisches Recept für Hustende","Croup oder häutige Bräune","Jagddaguerreotypen/1.","Die Einbürgerung fremdländischer Thiere und die Schopfwachtel","Ein Monat auf dem Vater der Ströme","Die geschichtlichen Helden deutscher Dichter Nr.1 Maria Stuart","Die Rottanne bei Barmstedt","Fortschritte und Erfindungen der Neuzeit","Soldiers Of The Great War, volume 1","Zur Geschichte des Aberglaubens"]},{"index":2,"name":"col2","values":["Berlin","Berthold Carl Seemann","Middle Ages","United States of America","comedy","tree","pedagogy","Brazil","Denmark","homekeeper","pertussis","pertussis","Sus scrofa","animal","Baltimore","poet","Germany","transport","World War I","history"]}]},"context":{"page_title":null,"page_url":null,"page_entity_id":null,"content_hierarchy":[]},"links":[[[{"start":0,"end":14,"url":null,"entity_id":"Q83694534","candidates":[]}],[{"start":0,"end":27,"url":null,"entity_id":"Q19183786","candidates":[]}],[{"start":0,"end":21,"url":null,"entity_id":"Q64899","candidates":[]}]],[[{"start":0,"end":37,"url":null,"entity_id":"Q83433962","candidates":[]}],[{"start":0,"end":17,"url":null,"entity_id":"Q19133800","candidates":[]}],[{"start":0,"end":11,"url":null,"entity_id":"Q12554","candidates":[]}]],[[{"start":0,"end":21,"url":null,"entity_id":"Q83434487","candidates":[]}],[{"start":0,"end":19,"url":null,"entity_id":"Q19128062","candidates":[]}],[{"start":0,"end":24,"url":null,"entity_id":"Q30","candidates":[]}]],[[{"start":0,"end":39,"url":null,"entity_id":"Q63869512","candidates":[]}],[{"start":0,"end":39,"url":null,"entity_id":"Q19230759","candidates":[]}],[{"start":0,"end":6,"url":null,"entity_id":"Q40831","candidates":[]}]],[[{"start":0,"end":17,"url":null,"entity_id":"Q63701847","candidates":[]}],[{"start":0,"end":17,"url":null,"entity_id":"Q62610631","candidates":[]}],[{"start":0,"end":4,"url":null,"entity_id":"Q10884","candidates":[]}]],[[{"start":0,"end":19,"url":null,"entity_id":"Q85946256","candidates":[]}],[{"start":0,"end":19,"url":null,"entity_id":"Q19134019","candidates":[]}],[{"start":0,"end":8,"url":null,"entity_id":"Q7922","candidates":[]}]],[[{"start":0,"end":66,"url":null,"entity_id":"Q86459127","candidates":[]}],[{"start":0,"end":66,"url":null,"entity_id":"Q19189754","candidates":[]}],[{"start":0,"end":6,"url":null,"entity_id":"Q155","candidates":[]}]],[[{"start":0,"end":28,"url":null,"entity_id":"Q63870007","candidates":[]}],[{"start":0,"end":28,"url":null,"entity_id":"Q62611853","candidates":[]}],[{"start":0,"end":7,"url":null,"entity_id":"Q35","candidates":[]}]],[[{"start":0,"end":37,"url":null,"entity_id":"Q19233189","candidates":[]}],[{"start":0,"end":22,"url":null,"entity_id":"Q19233192","candidates":[]}],[{"start":0,"end":10,"url":null,"entity_id":"Q1934684","candidates":[]}]],[[{"start":0,"end":50,"url":null,"entity_id":"Q85237739","candidates":[]}],[{"start":0,"end":32,"url":null,"entity_id":"Q62611145","candidates":[]}],[{"start":0,"end":9,"url":null,"entity_id":"Q134859","candidates":[]}]],[[{"start":0,"end":52,"url":null,"entity_id":"Q85292480","candidates":[]}],[{"start":0,"end":25,"url":null,"entity_id":"Q19183178","candidates":[]}],[{"start":0,"end":9,"url":null,"entity_id":"Q134859","candidates":[]}]],[[{"start":0,"end":18,"url":null,"entity_id":"Q85898758","candidates":[]}],[{"start":0,"end":21,"url":null,"entity_id":"Q62611500","candidates":[]}],[{"start":0,"end":10,"url":null,"entity_id":"Q58697","candidates":[]}]],[[{"start":0,"end":16,"url":null,"entity_id":"Q19230378","candidates":[]}],[{"start":0,"end":61,"url":null,"entity_id":"Q19174133","candidates":[]}],[{"start":0,"end":6,"url":null,"entity_id":"Q729","candidates":[]}]],[[{"start":0,"end":11,"url":null,"entity_id":"Q83787673","candidates":[]}],[{"start":0,"end":34,"url":null,"entity_id":"Q19231757","candidates":[]}],[{"start":0,"end":9,"url":null,"entity_id":"Q5092","candidates":[]}]],[[{"start":0,"end":44,"url":null,"entity_id":"Q19183224","candidates":[]}],[{"start":0,"end":62,"url":null,"entity_id":"Q19183226","candidates":[]}],[{"start":0,"end":4,"url":null,"entity_id":"Q49757","candidates":[]}]],[[{"start":0,"end":30,"url":null,"entity_id":"Q19172509","candidates":[]}],[{"start":0,"end":26,"url":null,"entity_id":"Q16740698","candidates":[]}],[{"start":0,"end":7,"url":null,"entity_id":"Q183","candidates":[]}]],[[{"start":0,"end":40,"url":null,"entity_id":"Q19196518","candidates":[]}],[{"start":0,"end":40,"url":null,"entity_id":"Q62615749","candidates":[]}],[{"start":0,"end":9,"url":null,"entity_id":"Q7590","candidates":[]}]],[[{"start":0,"end":25,"url":null,"entity_id":"Q55831179","candidates":[]}],[{"start":0,"end":35,"url":null,"entity_id":"Q55843102","candidates":[]}],[{"start":0,"end":11,"url":null,"entity_id":"Q361","candidates":[]}]],[[{"start":0,"end":31,"url":null,"entity_id":"Q19240119","candidates":[]}],[{"start":0,"end":31,"url":null,"entity_id":"Q62611872","candidates":[]}],[{"start":0,"end":7,"url":null,"entity_id":"Q309","candidates":[]}]],[[{"start":0,"end":34,"url":null,"entity_id":"Q84315195","candidates":[]}],[{"start":0,"end":34,"url":null,"entity_id":"Q62612731","candidates":[]}],[{"start":0,"end":6,"url":null,"entity_id":"Q64","candidates":[]}]]]}