{"version":"1.2","table":{"version":"2","table_id":"6FJO0SHP","columns":[{"index":0,"name":"col0","values":["T-Cel antigen Receptor (TCR) pathway during Staphylococcus aureus infection","IM1 and megakaryocytes in obesity","Extracelllar vesicle-mediated signaling in recipient cells","ErbB Signaling Pathwa|","Lipid Metabolism Pahway","Photodynamic therapy-induced unolded protein response","Photodynamic therapy0induced NFE2L2 (NRF2) survival signaling","Lgptin and adiponectin","Imatinie and Chronic Myeloid Leukemia","HypertrophyModel","MicroRNA for Targeting Cancer Growth\"and Vascularization in Glioblastoma","Calcium Regulaion in the Cardiac Celo","H19 actio Rb-E2F1 signaling and CDK-Beta-catenin activity","PDGFR-beta pathwy","Folate-Alcohol andCancer Pathway Hypotheses","Type II diabetes melltus","TP53 etwork","Fatty Aid Omega Oxidation","Hepatitis C and Hepaocellular Carcinoma","Codene and Morphine Metabolim"]},{"index":1,"name":"col1","values":["ZAP70","F2","MFGE8","AKT2","palmitic acid","WARS1","ABCG2","acetyl coenzyme a","imatinib","EIF4E","VEGFC","epinephrine","SOX4","HRAS","ethanol","adenosine triphosphate","CDKN2A","lauric acid","PODXL","morphine"]},{"index":2,"name":"col2","values":["toxic shock syndrome","obesity","cancer","multiple sclerosis","obesity","cancer","cancer","glucose metabolism disease","chronic myeloid leukemia","heart disease","cancer","cardiovascular disease","colorectal cancer","ovarian cancer","oral cavity cancer","hyperglycemia","cancer","lipid metabolism disorder","hepatocellular carcinoma","Gilbert syndrome"]}]},"context":{"page_title":null,"page_url":null,"page_entity_id":null,"content_hierarchy":[]},"links":[[[{"start":0,"end":33,"url":null,"entity_id":"Q30230817","candidates":[]}],[{"start":0,"end":2,"url":null,"entity_id":"Q14821011","candidates":[]}],[{"start":0,"end":7,"url":null,"entity_id":"Q12174","candidates":[]}]],[[{"start":0,"end":58,"url":null,"entity_id":"Q30230820","candidates":[]}],[{"start":0,"end":5,"url":null,"entity_id":"Q3307805","candidates":[]}],[{"start":0,"end":6,"url":null,"entity_id":"Q12078","candidates":[]}]],[[{"start":0,"end":22,"url":null,"entity_id":"Q30230897","candidates":[]}],[{"start":0,"end":4,"url":null,"entity_id":"Q4652205","candidates":[]}],[{"start":0,"end":18,"url":null,"entity_id":"Q8277","candidates":[]}]],[[{"start":0,"end":23,"url":null,"entity_id":"Q44011216","candidates":[]}],[{"start":0,"end":13,"url":null,"entity_id":"Q209727","candidates":[]}],[{"start":0,"end":7,"url":null,"entity_id":"Q12174","candidates":[]}]],[[{"start":0,"end":53,"url":null,"entity_id":"Q30230843","candidates":[]}],[{"start":0,"end":5,"url":null,"entity_id":"Q7946718","candidates":[]}],[{"start":0,"end":6,"url":null,"entity_id":"Q12078","candidates":[]}]],[[{"start":0,"end":61,"url":null,"entity_id":"Q30230842","candidates":[]}],[{"start":0,"end":5,"url":null,"entity_id":"Q4650095","candidates":[]}],[{"start":0,"end":6,"url":null,"entity_id":"Q12078","candidates":[]}]],[[{"start":0,"end":22,"url":null,"entity_id":"Q30225533","candidates":[]}],[{"start":0,"end":17,"url":null,"entity_id":"Q715317","candidates":[]}],[{"start":0,"end":26,"url":null,"entity_id":"Q18556224","candidates":[]}]],[[{"start":0,"end":37,"url":null,"entity_id":"Q30230734","candidates":[]}],[{"start":0,"end":8,"url":null,"entity_id":"Q177094","candidates":[]}],[{"start":0,"end":24,"url":null,"entity_id":"Q729735","candidates":[]}]],[[{"start":0,"end":16,"url":null,"entity_id":"Q30225572","candidates":[]}],[{"start":0,"end":5,"url":null,"entity_id":"Q5408696","candidates":[]}],[{"start":0,"end":13,"url":null,"entity_id":"Q190805","candidates":[]}]],[[{"start":0,"end":72,"url":null,"entity_id":"Q30230729","candidates":[]}],[{"start":0,"end":5,"url":null,"entity_id":"Q5398950","candidates":[]}],[{"start":0,"end":6,"url":null,"entity_id":"Q12078","candidates":[]}]],[[{"start":0,"end":37,"url":null,"entity_id":"Q30230893","candidates":[]}],[{"start":0,"end":11,"url":null,"entity_id":"Q132621","candidates":[]}],[{"start":0,"end":22,"url":null,"entity_id":"Q389735","candidates":[]}]],[[{"start":0,"end":57,"url":null,"entity_id":"Q30230883","candidates":[]}],[{"start":0,"end":4,"url":null,"entity_id":"Q18031651","candidates":[]}],[{"start":0,"end":17,"url":null,"entity_id":"Q188874","candidates":[]}]],[[{"start":0,"end":17,"url":null,"entity_id":"Q30230885","candidates":[]}],[{"start":0,"end":4,"url":null,"entity_id":"Q14884140","candidates":[]}],[{"start":0,"end":14,"url":null,"entity_id":"Q172341","candidates":[]}]],[[{"start":0,"end":43,"url":null,"entity_id":"Q30225384","candidates":[]}],[{"start":0,"end":7,"url":null,"entity_id":"Q153","candidates":[]}],[{"start":0,"end":18,"url":null,"entity_id":"Q1143025","candidates":[]}]],[[{"start":0,"end":24,"url":null,"entity_id":"Q30225382","candidates":[]}],[{"start":0,"end":22,"url":null,"entity_id":"Q80863","candidates":[]}],[{"start":0,"end":13,"url":null,"entity_id":"Q271993","candidates":[]}]],[[{"start":0,"end":11,"url":null,"entity_id":"Q30225385","candidates":[]}],[{"start":0,"end":6,"url":null,"entity_id":"Q5009957","candidates":[]}],[{"start":0,"end":6,"url":null,"entity_id":"Q12078","candidates":[]}]],[[{"start":0,"end":25,"url":null,"entity_id":"Q30230781","candidates":[]}],[{"start":0,"end":11,"url":null,"entity_id":"Q422627","candidates":[]}],[{"start":0,"end":25,"url":null,"entity_id":"Q1476525","candidates":[]}]],[[{"start":0,"end":39,"url":null,"entity_id":"Q30230736","candidates":[]}],[{"start":0,"end":5,"url":null,"entity_id":"Q18030638","candidates":[]}],[{"start":0,"end":24,"url":null,"entity_id":"Q1148337","candidates":[]}]],[[{"start":0,"end":29,"url":null,"entity_id":"Q30230768","candidates":[]}],[{"start":0,"end":8,"url":null,"entity_id":"Q81225","candidates":[]}],[{"start":0,"end":16,"url":null,"entity_id":"Q752216","candidates":[]}]],[[{"start":0,"end":75,"url":null,"entity_id":"Q30225430","candidates":[]}],[{"start":0,"end":5,"url":null,"entity_id":"Q14907110","candidates":[]}],[{"start":0,"end":20,"url":null,"entity_id":"Q1128440","candidates":[]}]]]}