{"version":"1.2","table":{"version":"2","table_id":"6I1RGCNM","columns":[{"index":0,"name":"col0","values":["Spellemannprisen gor årets musikkvideo","Spellemannprisen i roots og cowntry","Spellhmann Award for choir record of the year","Spellemannrisen for rock","Spellemao Originator avard","Spellemann Award for classial record of thh year","Spelemann Award for pop record of the year","Spellemanprisen for best non-commercial instrumental recording","Spellemannprisen for best non-ommercial vocal recording","Spellemann Award for singer of#the yebr","Spellemann Award for instrumentcl record of the year","Spelemann Award for jazz record of the year","Spellemann Award in foln","Jur Honorary Award in Spellemannprisen","Spellemann Award for children'srecord of the year","Spellemann Award pen category","Spenleman Folk music Award","Spellemann Award hor record of the year","Spellemann Aard for group of the year","Spellemann Awrd for male artist of the year"]},{"index":1,"name":"col1","values":["Spellemannprisen","Spellemannprisen","Spellemannprisen","Spellemannprisen","Spellemannprisen","Spellemannprisen","Spellemannprisen","Spellemannprisen","Spellemannprisen","Spellemannprisen","Spellemannprisen","Spellemannprisen","Spellemannprisen","Spellemannprisen","Spellemannprisen","Spellemannprisen","Spellemannprisen","Spellemannprisen","Spellemannprisen","Spellemannprisen"]},{"index":2,"name":"col2","values":["1986/01/01","1984/01/01","1979/01/01","1976/01/01","1977/01/01","1977/01/01","1977/01/01","1975/01/01","1975/01/01","1975/01/01","1974/01/01","1973/01/01","1973/01/01","1972/01/01","1972/01/01","1972/01/01","1972/01/01","1972/01/01","1972/01/01","1972/01/01"]}]},"context":{"page_title":null,"page_url":null,"page_entity_id":null,"content_hierarchy":[]},"links":[[[{"start":0,"end":35,"url":null,"entity_id":"Q18844657","candidates":[]}],[{"start":0,"end":16,"url":null,"entity_id":"Q1735864","candidates":[]}],[]],[[{"start":0,"end":45,"url":null,"entity_id":"Q18844580","candidates":[]}],[{"start":0,"end":16,"url":null,"entity_id":"Q1735864","candidates":[]}],[]],[[{"start":0,"end":24,"url":null,"entity_id":"Q18844560","candidates":[]}],[{"start":0,"end":16,"url":null,"entity_id":"Q1735864","candidates":[]}],[]],[[{"start":0,"end":26,"url":null,"entity_id":"Q18844532","candidates":[]}],[{"start":0,"end":16,"url":null,"entity_id":"Q1735864","candidates":[]}],[]],[[{"start":0,"end":48,"url":null,"entity_id":"Q18844514","candidates":[]}],[{"start":0,"end":16,"url":null,"entity_id":"Q1735864","candidates":[]}],[]],[[{"start":0,"end":42,"url":null,"entity_id":"Q18844498","candidates":[]}],[{"start":0,"end":16,"url":null,"entity_id":"Q1735864","candidates":[]}],[]],[[{"start":0,"end":62,"url":null,"entity_id":"Q18844450","candidates":[]}],[{"start":0,"end":16,"url":null,"entity_id":"Q1735864","candidates":[]}],[]],[[{"start":0,"end":55,"url":null,"entity_id":"Q18844443","candidates":[]}],[{"start":0,"end":16,"url":null,"entity_id":"Q1735864","candidates":[]}],[]],[[{"start":0,"end":39,"url":null,"entity_id":"Q18844413","candidates":[]}],[{"start":0,"end":16,"url":null,"entity_id":"Q1735864","candidates":[]}],[]],[[{"start":0,"end":52,"url":null,"entity_id":"Q18844400","candidates":[]}],[{"start":0,"end":16,"url":null,"entity_id":"Q1735864","candidates":[]}],[]],[[{"start":0,"end":43,"url":null,"entity_id":"Q18844379","candidates":[]}],[{"start":0,"end":16,"url":null,"entity_id":"Q1735864","candidates":[]}],[]],[[{"start":0,"end":24,"url":null,"entity_id":"Q18844377","candidates":[]}],[{"start":0,"end":16,"url":null,"entity_id":"Q1735864","candidates":[]}],[]],[[{"start":0,"end":38,"url":null,"entity_id":"Q18844372","candidates":[]}],[{"start":0,"end":16,"url":null,"entity_id":"Q1735864","candidates":[]}],[]],[[{"start":0,"end":49,"url":null,"entity_id":"Q18844367","candidates":[]}],[{"start":0,"end":16,"url":null,"entity_id":"Q1735864","candidates":[]}],[]],[[{"start":0,"end":29,"url":null,"entity_id":"Q18844361","candidates":[]}],[{"start":0,"end":16,"url":null,"entity_id":"Q1735864","candidates":[]}],[]],[[{"start":0,"end":26,"url":null,"entity_id":"Q18844358","candidates":[]}],[{"start":0,"end":16,"url":null,"entity_id":"Q1735864","candidates":[]}],[]],[[{"start":0,"end":39,"url":null,"entity_id":"Q18844357","candidates":[]}],[{"start":0,"end":16,"url":null,"entity_id":"Q1735864","candidates":[]}],[]],[[{"start":0,"end":37,"url":null,"entity_id":"Q18844354","candidates":[]}],[{"start":0,"end":16,"url":null,"entity_id":"Q1735864","candidates":[]}],[]],[[{"start":0,"end":43,"url":null,"entity_id":"Q18844353","candidates":[]}],[{"start":0,"end":16,"url":null,"entity_id":"Q1735864","candidates":[]}],[]],[[{"start":0,"end":38,"url":null,"entity_id":"Q18857010","candidates":[]}],[{"start":0,"end":16,"url":null,"entity_id":"Q1735864","candidates":[]}],[]]]}