{"version":"1.2","table":{"version":"2","table_id":"6IINMLES","columns":[{"index":0,"name":"col0","values":["V* XY Gem","NSV 16214","OH 27.6 -0.9","IRAS 14591-4438","IRAS 12123-6157","IRC -10151","IRAS 18050-0518","IRAS 17277-3616","OH 353.747 -1.541","IRAS 17342-3011","IRAS 10394-6843","IRAS 19303+1553","IRAS 19453+1917","IRAS 18076+3445","IRAS 17276-2846","RAFGL 5383","IRAS 19375+4322","IRAS 17447-3418","IRAS 18216+0634","IRAS 17528+1144"]},{"index":1,"name":"col1","values":["-4.41","-0.923","-2.43","-2.245","-10.199","-0.381","-3.151","1.246","-4.805","-5.465","-8.01","-4.138","-8.382","-15.62","-5.671","-8.111","-5.104","-5.748","-7.322","-3.095"]},{"index":2,"name":"col2","values":["14.93","4.861","7.049","3.56","4.534","15","4.761","6.335","7.817","10.574","7.401","7.086","8.18","4.404","10.893","4.851","4.767","9.537","8.602","6.345"]},{"index":3,"name":"col3","values":["21.319448655678","12.9351483236118","-5.1538506196925","-44.835519636203","-62.2339726087472","-10.7349994392007","-5.3054096303634","-36.31573067502389","-35.05623271613111","-30.21437328029556","-68.990645660256","15.9947615653087","19.4150938884628","34.7720459847345","-28.81716101738778","-34.2519028898637","43.4985604575649","-34.32786340032111","6.60715149352","11.7294720618144"]}]},"context":{"page_title":null,"page_url":null,"page_entity_id":null,"content_hierarchy":[]},"links":[[[{"start":0,"end":9,"url":null,"entity_id":"Q86394063","candidates":[]}],[],[],[]],[[{"start":0,"end":12,"url":null,"entity_id":"Q86347329","candidates":[]}],[],[],[]],[[{"start":0,"end":15,"url":null,"entity_id":"Q86262442","candidates":[]}],[],[],[]],[[{"start":0,"end":15,"url":null,"entity_id":"Q85920165","candidates":[]}],[],[],[]],[[{"start":0,"end":10,"url":null,"entity_id":"Q85826228","candidates":[]}],[],[],[]],[[{"start":0,"end":15,"url":null,"entity_id":"Q85672418","candidates":[]}],[],[],[]],[[{"start":0,"end":15,"url":null,"entity_id":"Q85656359","candidates":[]}],[],[],[]],[[{"start":0,"end":17,"url":null,"entity_id":"Q85656278","candidates":[]}],[],[],[]],[[{"start":0,"end":15,"url":null,"entity_id":"Q85604841","candidates":[]}],[],[],[]],[[{"start":0,"end":15,"url":null,"entity_id":"Q85585683","candidates":[]}],[],[],[]],[[{"start":0,"end":15,"url":null,"entity_id":"Q85521944","candidates":[]}],[],[],[]],[[{"start":0,"end":15,"url":null,"entity_id":"Q87053247","candidates":[]}],[],[],[]],[[{"start":0,"end":15,"url":null,"entity_id":"Q87028722","candidates":[]}],[],[],[]],[[{"start":0,"end":15,"url":null,"entity_id":"Q87017927","candidates":[]}],[],[],[]],[[{"start":0,"end":10,"url":null,"entity_id":"Q86770307","candidates":[]}],[],[],[]],[[{"start":0,"end":15,"url":null,"entity_id":"Q86726596","candidates":[]}],[],[],[]],[[{"start":0,"end":15,"url":null,"entity_id":"Q86696449","candidates":[]}],[],[],[]],[[{"start":0,"end":15,"url":null,"entity_id":"Q86634899","candidates":[]}],[],[],[]],[[{"start":0,"end":15,"url":null,"entity_id":"Q86591346","candidates":[]}],[],[],[]],[[{"start":0,"end":9,"url":null,"entity_id":"Q86535112","candidates":[]}],[],[],[]]]}