{"version":"1.2","table":{"version":"2","table_id":"6J0C8NDQ","columns":[{"index":0,"name":"col0","values":["Pinnacles Gallery","Judith Wright Centre of Contemporary Arts","Chapter Arts Centre","Casula Powerhouse","Helsinki Hall of Culture","Teatro General San Martín","Philadelphia Art Alliance","Painted Bride Art Center","MeetFactory","Jonas Mekas Visual Arts Center","HOME","Lantern Theatre","Becket's Chapel","Roses Theatre","Esbjerg Performing Arts Centre","National Kaohsiung Center for the Arts","Dadong Arts Center","Taichung City Seaport Art Center","Helen Day Art Center","Palladium"]},{"index":1,"name":"col1","values":["1996-01-01","2001-01-01","1971-01-01","1994-01-01","1955-01-01","1960-01-01","1915-01-01","1969-01-01","2001-08-08","2007-01-01","2015-04-24","1893-01-01","1174-01-01","1973-01-01","1997-01-01","2018-01-01","2012-03-01","2000-03-01","1981-01-01","2002-01-01"]},{"index":2,"name":"col2","values":["Australia","Australia","United Kingdom","Australia","Finland","Argentina","United States of America","United States of America","Czech Republic","Lithuania","United Kingdom","United Kingdom","United Kingdom","United Kingdom","Denmark","Taiwan","Taiwan","Taiwan","United States of America","Sweden"]},{"index":3,"name":"col3","values":["Queensland","Queensland","Cardiff","New South Wales","Helsinki","Buenos Aires","Pennsylvania","Philadelphia","Prague","Vilnius","Manchester","Sheffield","Wymondham","Tewkesbury","Esbjerg Municipality","Fengshan District","Fengshan District","Qingshui District","Stowe","Malmö Municipality"]}]},"context":{"page_title":null,"page_url":null,"page_entity_id":null,"content_hierarchy":[]},"links":[[[{"start":0,"end":41,"url":null,"entity_id":"Q6303766","candidates":[]}],[],[{"start":0,"end":9,"url":null,"entity_id":"Q408","candidates":[]}],[{"start":0,"end":10,"url":null,"entity_id":"Q36074","candidates":[]}]],[[{"start":0,"end":19,"url":null,"entity_id":"Q5073469","candidates":[]}],[],[{"start":0,"end":14,"url":null,"entity_id":"Q145","candidates":[]}],[{"start":0,"end":7,"url":null,"entity_id":"Q10690","candidates":[]}]],[[{"start":0,"end":17,"url":null,"entity_id":"Q5050939","candidates":[]}],[],[{"start":0,"end":9,"url":null,"entity_id":"Q408","candidates":[]}],[{"start":0,"end":15,"url":null,"entity_id":"Q3224","candidates":[]}]],[[{"start":0,"end":24,"url":null,"entity_id":"Q6305770","candidates":[]}],[],[{"start":0,"end":7,"url":null,"entity_id":"Q33","candidates":[]}],[{"start":0,"end":8,"url":null,"entity_id":"Q1757","candidates":[]}]],[[{"start":0,"end":25,"url":null,"entity_id":"Q7691915","candidates":[]}],[],[{"start":0,"end":9,"url":null,"entity_id":"Q414","candidates":[]}],[{"start":0,"end":12,"url":null,"entity_id":"Q1486","candidates":[]}]],[[{"start":0,"end":25,"url":null,"entity_id":"Q7182616","candidates":[]}],[],[{"start":0,"end":24,"url":null,"entity_id":"Q30","candidates":[]}],[{"start":0,"end":12,"url":null,"entity_id":"Q1400","candidates":[]}]],[[{"start":0,"end":24,"url":null,"entity_id":"Q7124998","candidates":[]}],[],[{"start":0,"end":24,"url":null,"entity_id":"Q30","candidates":[]}],[{"start":0,"end":12,"url":null,"entity_id":"Q1345","candidates":[]}]],[[{"start":0,"end":11,"url":null,"entity_id":"Q6807748","candidates":[]}],[],[{"start":0,"end":14,"url":null,"entity_id":"Q213","candidates":[]}],[{"start":0,"end":6,"url":null,"entity_id":"Q1085","candidates":[]}]],[[{"start":0,"end":30,"url":null,"entity_id":"Q6272184","candidates":[]}],[],[{"start":0,"end":9,"url":null,"entity_id":"Q37","candidates":[]}],[{"start":0,"end":7,"url":null,"entity_id":"Q216","candidates":[]}]],[[{"start":0,"end":4,"url":null,"entity_id":"Q16994217","candidates":[]}],[],[{"start":0,"end":14,"url":null,"entity_id":"Q145","candidates":[]}],[{"start":0,"end":10,"url":null,"entity_id":"Q21525592","candidates":[]}]],[[{"start":0,"end":15,"url":null,"entity_id":"Q15241665","candidates":[]}],[],[{"start":0,"end":14,"url":null,"entity_id":"Q145","candidates":[]}],[{"start":0,"end":9,"url":null,"entity_id":"Q12956644","candidates":[]}]],[[{"start":0,"end":15,"url":null,"entity_id":"Q17537633","candidates":[]}],[],[{"start":0,"end":14,"url":null,"entity_id":"Q145","candidates":[]}],[{"start":0,"end":9,"url":null,"entity_id":"Q1787230","candidates":[]}]],[[{"start":0,"end":13,"url":null,"entity_id":"Q15273329","candidates":[]}],[],[{"start":0,"end":14,"url":null,"entity_id":"Q145","candidates":[]}],[{"start":0,"end":10,"url":null,"entity_id":"Q1000717","candidates":[]}]],[[{"start":0,"end":30,"url":null,"entity_id":"Q16891116","candidates":[]}],[],[{"start":0,"end":7,"url":null,"entity_id":"Q35","candidates":[]}],[{"start":0,"end":20,"url":null,"entity_id":"Q645747","candidates":[]}]],[[{"start":0,"end":38,"url":null,"entity_id":"Q14779193","candidates":[]}],[],[{"start":0,"end":6,"url":null,"entity_id":"Q865","candidates":[]}],[{"start":0,"end":17,"url":null,"entity_id":"Q633500","candidates":[]}]],[[{"start":0,"end":18,"url":null,"entity_id":"Q10935754","candidates":[]}],[],[{"start":0,"end":6,"url":null,"entity_id":"Q865","candidates":[]}],[{"start":0,"end":17,"url":null,"entity_id":"Q633500","candidates":[]}]],[[{"start":0,"end":32,"url":null,"entity_id":"Q15929476","candidates":[]}],[],[{"start":0,"end":6,"url":null,"entity_id":"Q865","candidates":[]}],[{"start":0,"end":17,"url":null,"entity_id":"Q569614","candidates":[]}]],[[{"start":0,"end":20,"url":null,"entity_id":"Q15961569","candidates":[]}],[],[{"start":0,"end":24,"url":null,"entity_id":"Q30","candidates":[]}],[{"start":0,"end":5,"url":null,"entity_id":"Q550498","candidates":[]}]],[[{"start":0,"end":9,"url":null,"entity_id":"Q10615413","candidates":[]}],[],[{"start":0,"end":6,"url":null,"entity_id":"Q34","candidates":[]}],[{"start":0,"end":18,"url":null,"entity_id":"Q503361","candidates":[]}]],[[{"start":0,"end":17,"url":null,"entity_id":"Q7196324","candidates":[]}],[],[{"start":0,"end":9,"url":null,"entity_id":"Q408","candidates":[]}],[{"start":0,"end":10,"url":null,"entity_id":"Q36074","candidates":[]}]]]}