{"version":"1.2","table":{"version":"2","table_id":"6J1WPUQT","columns":[{"index":0,"name":"col0","values":["LEDA 2790835","IC 3036","Leo A","ESO 353-7","ESO 318-13","UGC 12177","NGC 2976","UGC 10176","NGC 6106","NGC 404","NGC 4365","RMB 56","[MNC2008] C1105","IC 3044","IC 3094","Boötes II","Aquarius Dwarf","NGC 6789","NGC 4396","NGC 4212"]},{"index":1,"name":"col1","values":["168.27","16.7","0.74","360.1916","6.92","90.03","3.66","65.77","23.23","2.99","22.8","16.7","372.9952","14.13","16.7","0.04","0.98","3.55","12.02","16.52"]},{"index":2,"name":"col2","values":["0.000018","0.00007","0.000067","0","0.000057","0.00002","-0.00001","-0.00004","-0.00009","-0.000107","-0.00022","-0.00071","-0.0005","-0.00066","-0.00055","-0.00039","-0.000457","-0.000494","-0.00036","-0.00052"]}]},"context":{"page_title":null,"page_url":null,"page_entity_id":null,"content_hierarchy":[]},"links":[[[{"start":0,"end":7,"url":null,"entity_id":"Q3688091","candidates":[]}],[],[]],[[{"start":0,"end":5,"url":null,"entity_id":"Q587930","candidates":[]}],[],[]],[[{"start":0,"end":9,"url":null,"entity_id":"Q84986858","candidates":[]}],[],[]],[[{"start":0,"end":10,"url":null,"entity_id":"Q5324199","candidates":[]}],[],[]],[[{"start":0,"end":9,"url":null,"entity_id":"Q79508372","candidates":[]}],[],[]],[[{"start":0,"end":8,"url":null,"entity_id":"Q841000","candidates":[]}],[],[]],[[{"start":0,"end":9,"url":null,"entity_id":"Q86191692","candidates":[]}],[],[]],[[{"start":0,"end":8,"url":null,"entity_id":"Q1125724","candidates":[]}],[],[]],[[{"start":0,"end":7,"url":null,"entity_id":"Q220959","candidates":[]}],[],[]],[[{"start":0,"end":8,"url":null,"entity_id":"Q972576","candidates":[]}],[],[]],[[{"start":0,"end":6,"url":null,"entity_id":"Q86431019","candidates":[]}],[],[]],[[{"start":0,"end":15,"url":null,"entity_id":"Q83734874","candidates":[]}],[],[]],[[{"start":0,"end":7,"url":null,"entity_id":"Q3688125","candidates":[]}],[],[]],[[{"start":0,"end":7,"url":null,"entity_id":"Q3687955","candidates":[]}],[],[]],[[{"start":0,"end":9,"url":null,"entity_id":"Q2483957","candidates":[]}],[],[]],[[{"start":0,"end":14,"url":null,"entity_id":"Q1194660","candidates":[]}],[],[]],[[{"start":0,"end":8,"url":null,"entity_id":"Q1147693","candidates":[]}],[],[]],[[{"start":0,"end":8,"url":null,"entity_id":"Q1111143","candidates":[]}],[],[]],[[{"start":0,"end":8,"url":null,"entity_id":"Q1109859","candidates":[]}],[],[]],[[{"start":0,"end":12,"url":null,"entity_id":"Q76961365","candidates":[]}],[],[]]]}