{"version":"1.2","table":{"version":"2","table_id":"6L69JB9Y","columns":[{"index":0,"name":"col0","values":["Vanguard","Borgenfjord","Glen","Visnes","Rova Stones","Fluvius Tavy","Hagland Bona","Vestbris","Karen","Starmi","Star Lofoten","Star Laguna","Hagland Chief","Froan","Hagland Captain","Ferro","Erik","Sunmi","Wilson Alicante","Wilson Weser"]},{"index":1,"name":"col1","values":["2171","2232","2827","3136","2545","2876","2456","1477","2997","2901","37447","37447","2984","2367","2984","1986","9618","2825","2451","1550"]},{"index":2,"name":"col2","values":["78.88","69.91","88.2","94.21","88.6","89.9","87.9","77.36","89.92","89","204.36","204.37","89.95","87.91","89.95","88.15","138.37","90.46","88.24","82.5"]},{"index":3,"name":"col3","values":["13.75","13.27","13.6","15.4","12.52","14","12.8","11.3","14.03","13.8","32.31","32.308","14.4","12.91","14.4","14.18","21.34","13.44","12.5","10.9"]},{"index":4,"name":"col4","values":["2657","2363","4258","4015","3850","4200","3715","1770","4502","4198","50728","50827","4450","3810","4699","3504","12763","4148","3600","2460"]}]},"context":{"page_title":null,"page_url":null,"page_entity_id":null,"content_hierarchy":[]},"links":[[[{"start":0,"end":11,"url":null,"entity_id":"Q60031843","candidates":[]}],[],[],[],[]],[[{"start":0,"end":4,"url":null,"entity_id":"Q59926018","candidates":[]}],[],[],[],[]],[[{"start":0,"end":6,"url":null,"entity_id":"Q59920123","candidates":[]}],[],[],[],[]],[[{"start":0,"end":11,"url":null,"entity_id":"Q59916985","candidates":[]}],[],[],[],[]],[[{"start":0,"end":12,"url":null,"entity_id":"Q59913852","candidates":[]}],[],[],[],[]],[[{"start":0,"end":12,"url":null,"entity_id":"Q58428051","candidates":[]}],[],[],[],[]],[[{"start":0,"end":8,"url":null,"entity_id":"Q58411518","candidates":[]}],[],[],[],[]],[[{"start":0,"end":5,"url":null,"entity_id":"Q58402912","candidates":[]}],[],[],[],[]],[[{"start":0,"end":6,"url":null,"entity_id":"Q58367859","candidates":[]}],[],[],[],[]],[[{"start":0,"end":12,"url":null,"entity_id":"Q57559618","candidates":[]}],[],[],[],[]],[[{"start":0,"end":11,"url":null,"entity_id":"Q57559551","candidates":[]}],[],[],[],[]],[[{"start":0,"end":13,"url":null,"entity_id":"Q57313407","candidates":[]}],[],[],[],[]],[[{"start":0,"end":5,"url":null,"entity_id":"Q57312764","candidates":[]}],[],[],[],[]],[[{"start":0,"end":15,"url":null,"entity_id":"Q57312703","candidates":[]}],[],[],[],[]],[[{"start":0,"end":5,"url":null,"entity_id":"Q56701899","candidates":[]}],[],[],[],[]],[[{"start":0,"end":4,"url":null,"entity_id":"Q56696088","candidates":[]}],[],[],[],[]],[[{"start":0,"end":5,"url":null,"entity_id":"Q56605099","candidates":[]}],[],[],[],[]],[[{"start":0,"end":15,"url":null,"entity_id":"Q56256452","candidates":[]}],[],[],[],[]],[[{"start":0,"end":12,"url":null,"entity_id":"Q56249111","candidates":[]}],[],[],[],[]],[[{"start":0,"end":8,"url":null,"entity_id":"Q61711996","candidates":[]}],[],[],[],[]]]}