{"version":"1.2","table":{"version":"2","table_id":"6LT2TVVT","columns":[{"index":0,"name":"col0","values":["Gloal Mall at the Crossings","Glendle Galleria","Shopping Bela Vist","VvoCity","The Vere","The Stregts at Southpoint","Capal Walk","Americana dt Brand","Agincovrt Mall","Palladjum","Sim LimSquare","Uni-President Knternational Tower","Manhattan Mal","Terminao 21","Makot Parade","Tie Galleria","Mercado Central de Foraleza","Sarajevo Fity Centr","Rolling Acres Maol","White Flint Mdll"]},{"index":1,"name":"col1","values":["1978/01/01","1976/01/01","2012/07/13","2006/01/01","2003/01/01","2002/01/01","2000/10/26","2008/01/01","1966/01/01","2007/01/01","1987/01/01","2004/05/20","1989/01/01","2011/01/01","1994/01/01","1970/01/01","1809/01/01","2014/04/01","1975/01/01","1977/01/01"]},{"index":2,"name":"col2","values":["1.984","2.991","3.0149999999999997","4.975","7.928","2.018","1.992","4.0","2.01","5.01","6.0120000000000005","30.0","1.982","32.032","3.988","4.028","4.995","17.82","1.984","2.985"]}]},"context":{"page_title":null,"page_url":null,"page_entity_id":null,"content_hierarchy":[]},"links":[[[{"start":0,"end":16,"url":null,"entity_id":"Q5568359","candidates":[]}],[],[]],[[{"start":0,"end":18,"url":null,"entity_id":"Q10371129","candidates":[]}],[],[]],[[{"start":0,"end":7,"url":null,"entity_id":"Q7937930","candidates":[]}],[],[]],[[{"start":0,"end":8,"url":null,"entity_id":"Q7772208","candidates":[]}],[],[]],[[{"start":0,"end":25,"url":null,"entity_id":"Q7767003","candidates":[]}],[],[]],[[{"start":0,"end":10,"url":null,"entity_id":"Q4816007","candidates":[]}],[],[]],[[{"start":0,"end":18,"url":null,"entity_id":"Q4745585","candidates":[]}],[],[]],[[{"start":0,"end":14,"url":null,"entity_id":"Q4692570","candidates":[]}],[],[]],[[{"start":0,"end":9,"url":null,"entity_id":"Q3507490","candidates":[]}],[],[]],[[{"start":0,"end":13,"url":null,"entity_id":"Q3483927","candidates":[]}],[],[]],[[{"start":0,"end":33,"url":null,"entity_id":"Q3402410","candidates":[]}],[],[]],[[{"start":0,"end":13,"url":null,"entity_id":"Q3285824","candidates":[]}],[],[]],[[{"start":0,"end":11,"url":null,"entity_id":"Q3278033","candidates":[]}],[],[]],[[{"start":0,"end":12,"url":null,"entity_id":"Q3277764","candidates":[]}],[],[]],[[{"start":0,"end":12,"url":null,"entity_id":"Q3141392","candidates":[]}],[],[]],[[{"start":0,"end":27,"url":null,"entity_id":"Q10328757","candidates":[]}],[],[]],[[{"start":0,"end":19,"url":null,"entity_id":"Q7422981","candidates":[]}],[],[]],[[{"start":0,"end":18,"url":null,"entity_id":"Q7361167","candidates":[]}],[],[]],[[{"start":0,"end":16,"url":null,"entity_id":"Q7994701","candidates":[]}],[],[]],[[{"start":0,"end":27,"url":null,"entity_id":"Q5570480","candidates":[]}],[],[]]]}