{"version":"1.2","table":{"version":"2","table_id":"6NWNH0F4","columns":[{"index":0,"name":"col0","values":["Amsterdamsche Droogdok Maatschappij","Riva","Baltija Shipbuilding Yard","Bergsunds Mekaniska Verkstad","Hallberg-Rassy","Navantia","Mitsubishi Heavy Industries","Hyundai-Vinashin Shipyard","COTECMAR","Nibulon Shipbuilding-Shiprepair Plant","Schiffswerft Hans Boost","Bültjer Bootswerft","Marinearsenal (Wilhelmshaven)","Voss Werft","Yantar Shipyard","Wuhu Shipyard","Cantieri di Pisa","Nuovi Cantieri Apuania","Schichau-Werft Danzig","Meyer Turku"]},{"index":1,"name":"col1","values":["corporation","joint-stock company","Uždaroji akcinė bendrovė","aktiebolag","aktiebolag","joint-stock company","kabushiki gaisha","joint venture","state-owned enterprise","shipyard","GmbH & Co. KG","GmbH & Co. KG","company","GmbH","joint-stock company","limited company","company","joint-stock company","S.A.","Oy"]},{"index":2,"name":"col2","values":["Netherlands","Italy","Lithuania","Sweden","Sweden","Spain","Japan","Vietnam","Colombia","Ukraine","Germany","Germany","Germany","Germany","Russia","People's Republic of China","Italy","Italy","Poland","Finland"]}]},"context":{"page_title":null,"page_url":null,"page_entity_id":null,"content_hierarchy":[]},"links":[[[{"start":0,"end":4,"url":null,"entity_id":"Q914108","candidates":[]}],[{"start":0,"end":19,"url":null,"entity_id":"Q134161","candidates":[]}],[{"start":0,"end":5,"url":null,"entity_id":"Q38","candidates":[]}]],[[{"start":0,"end":25,"url":null,"entity_id":"Q805723","candidates":[]}],[{"start":0,"end":24,"url":null,"entity_id":"Q19343649","candidates":[]}],[{"start":0,"end":9,"url":null,"entity_id":"Q37","candidates":[]}]],[[{"start":0,"end":28,"url":null,"entity_id":"Q820324","candidates":[]}],[{"start":0,"end":10,"url":null,"entity_id":"Q422007","candidates":[]}],[{"start":0,"end":6,"url":null,"entity_id":"Q34","candidates":[]}]],[[{"start":0,"end":14,"url":null,"entity_id":"Q456398","candidates":[]}],[{"start":0,"end":10,"url":null,"entity_id":"Q422007","candidates":[]}],[{"start":0,"end":6,"url":null,"entity_id":"Q34","candidates":[]}]],[[{"start":0,"end":8,"url":null,"entity_id":"Q378849","candidates":[]}],[{"start":0,"end":19,"url":null,"entity_id":"Q134161","candidates":[]}],[{"start":0,"end":5,"url":null,"entity_id":"Q29","candidates":[]}]],[[{"start":0,"end":27,"url":null,"entity_id":"Q648280","candidates":[]}],[{"start":0,"end":16,"url":null,"entity_id":"Q1480166","candidates":[]}],[{"start":0,"end":5,"url":null,"entity_id":"Q17","candidates":[]}]],[[{"start":0,"end":25,"url":null,"entity_id":"Q27346350","candidates":[]}],[{"start":0,"end":13,"url":null,"entity_id":"Q489209","candidates":[]}],[{"start":0,"end":7,"url":null,"entity_id":"Q881","candidates":[]}]],[[{"start":0,"end":8,"url":null,"entity_id":"Q44698252","candidates":[]}],[{"start":0,"end":22,"url":null,"entity_id":"Q270791","candidates":[]}],[{"start":0,"end":8,"url":null,"entity_id":"Q739","candidates":[]}]],[[{"start":0,"end":37,"url":null,"entity_id":"Q24573319","candidates":[]}],[{"start":0,"end":8,"url":null,"entity_id":"Q190928","candidates":[]}],[{"start":0,"end":7,"url":null,"entity_id":"Q212","candidates":[]}]],[[{"start":0,"end":23,"url":null,"entity_id":"Q76513941","candidates":[]}],[{"start":0,"end":13,"url":null,"entity_id":"Q897103","candidates":[]}],[{"start":0,"end":7,"url":null,"entity_id":"Q183","candidates":[]}]],[[{"start":0,"end":18,"url":null,"entity_id":"Q58879013","candidates":[]}],[{"start":0,"end":13,"url":null,"entity_id":"Q897103","candidates":[]}],[{"start":0,"end":7,"url":null,"entity_id":"Q183","candidates":[]}]],[[{"start":0,"end":29,"url":null,"entity_id":"Q56850068","candidates":[]}],[{"start":0,"end":7,"url":null,"entity_id":"Q783794","candidates":[]}],[{"start":0,"end":7,"url":null,"entity_id":"Q183","candidates":[]}]],[[{"start":0,"end":10,"url":null,"entity_id":"Q27972486","candidates":[]}],[{"start":0,"end":4,"url":null,"entity_id":"Q460178","candidates":[]}],[{"start":0,"end":7,"url":null,"entity_id":"Q183","candidates":[]}]],[[{"start":0,"end":15,"url":null,"entity_id":"Q20730929","candidates":[]}],[{"start":0,"end":19,"url":null,"entity_id":"Q134161","candidates":[]}],[{"start":0,"end":6,"url":null,"entity_id":"Q159","candidates":[]}]],[[{"start":0,"end":13,"url":null,"entity_id":"Q60989335","candidates":[]}],[{"start":0,"end":15,"url":null,"entity_id":"Q33685","candidates":[]}],[{"start":0,"end":26,"url":null,"entity_id":"Q148","candidates":[]}]],[[{"start":0,"end":16,"url":null,"entity_id":"Q28229446","candidates":[]}],[{"start":0,"end":7,"url":null,"entity_id":"Q783794","candidates":[]}],[{"start":0,"end":5,"url":null,"entity_id":"Q38","candidates":[]}]],[[{"start":0,"end":22,"url":null,"entity_id":"Q21192982","candidates":[]}],[{"start":0,"end":19,"url":null,"entity_id":"Q134161","candidates":[]}],[{"start":0,"end":5,"url":null,"entity_id":"Q38","candidates":[]}]],[[{"start":0,"end":21,"url":null,"entity_id":"Q24940847","candidates":[]}],[{"start":0,"end":4,"url":null,"entity_id":"Q166280","candidates":[]}],[{"start":0,"end":6,"url":null,"entity_id":"Q36","candidates":[]}]],[[{"start":0,"end":11,"url":null,"entity_id":"Q21927194","candidates":[]}],[{"start":0,"end":2,"url":null,"entity_id":"Q333920","candidates":[]}],[{"start":0,"end":7,"url":null,"entity_id":"Q33","candidates":[]}]],[[{"start":0,"end":35,"url":null,"entity_id":"Q478752","candidates":[]}],[{"start":0,"end":11,"url":null,"entity_id":"Q167037","candidates":[]}],[{"start":0,"end":11,"url":null,"entity_id":"Q55","candidates":[]}]]]}