{"version":"1.2","table":{"version":"2","table_id":"6OVD28RH","columns":[{"index":0,"name":"col0","values":["Winn Parish","West Carroll Parish","Morehouse Parish","Webster Parish","West Feliciana Parish","Tensas Parish","St. Martin Parish","Union Parish","Assumption Parish","Concordia Parish","St. John the Baptist Parish","Vermilion Parish","Madison Parish","St. Charles Parish","Lafourche Parish","Red River Parish","St. Helena Parish","St. Landry Parish","St. Mary Parish","Ouachita Parish"]},{"index":1,"name":"col1","values":["0.7","0.3","1.4","3.5","5.3","6","9.7","3.06","7.1","6.7","39","24","4.1","32","28","3.3","0.3","1.6","50","3.4"]},{"index":2,"name":"col2","values":["957","361","2085","615","426","1661","2115","2345","944","1939","901","3984","1685","1062","3831","1041","1060","2432","2898","1639"]}]},"context":{"page_title":null,"page_url":null,"page_entity_id":null,"content_hierarchy":[]},"links":[[[{"start":0,"end":19,"url":null,"entity_id":"Q1139827","candidates":[]}],[],[]],[[{"start":0,"end":16,"url":null,"entity_id":"Q1125008","candidates":[]}],[],[]],[[{"start":0,"end":14,"url":null,"entity_id":"Q513078","candidates":[]}],[],[]],[[{"start":0,"end":21,"url":null,"entity_id":"Q512993","candidates":[]}],[],[]],[[{"start":0,"end":13,"url":null,"entity_id":"Q512911","candidates":[]}],[],[]],[[{"start":0,"end":17,"url":null,"entity_id":"Q512868","candidates":[]}],[],[]],[[{"start":0,"end":12,"url":null,"entity_id":"Q512832","candidates":[]}],[],[]],[[{"start":0,"end":17,"url":null,"entity_id":"Q509895","candidates":[]}],[],[]],[[{"start":0,"end":16,"url":null,"entity_id":"Q509745","candidates":[]}],[],[]],[[{"start":0,"end":27,"url":null,"entity_id":"Q507629","candidates":[]}],[],[]],[[{"start":0,"end":16,"url":null,"entity_id":"Q507609","candidates":[]}],[],[]],[[{"start":0,"end":14,"url":null,"entity_id":"Q507180","candidates":[]}],[],[]],[[{"start":0,"end":18,"url":null,"entity_id":"Q507153","candidates":[]}],[],[]],[[{"start":0,"end":16,"url":null,"entity_id":"Q507139","candidates":[]}],[],[]],[[{"start":0,"end":16,"url":null,"entity_id":"Q507126","candidates":[]}],[],[]],[[{"start":0,"end":17,"url":null,"entity_id":"Q507112","candidates":[]}],[],[]],[[{"start":0,"end":17,"url":null,"entity_id":"Q507099","candidates":[]}],[],[]],[[{"start":0,"end":15,"url":null,"entity_id":"Q507088","candidates":[]}],[],[]],[[{"start":0,"end":15,"url":null,"entity_id":"Q507078","candidates":[]}],[],[]],[[{"start":0,"end":11,"url":null,"entity_id":"Q1139833","candidates":[]}],[],[]]]}