{"version":"1.2","table":{"version":"2","table_id":"6QO6B3TG","columns":[{"index":0,"name":"col0","values":["Moulins","Nîmes","Bourg-en-Bresse","Amiens","Caen","Orléans","Lorient","Nantes","Barjols","Ushant","Bordeaux","Marseille","Île-de-Batz","Saint-Thibéry","Balaruc-les-Bains","Toulouse","Lyon","Cassis","Carry-le-Rouet","Les Baux-de-Provence"]},{"index":1,"name":"col1","values":["Archives municipales de Moulins","municipal archive of Nîmes","Bourg-en-Bresse (France). Archives municipales","Municipal Archive of Amiens","Caen Municipal Archives","Municipal Archive Orleans","Archives municipales","Archives municipales de Nantes","Departmental archives of Var","Departmental archives of Finistère","Municipal Archives of Bordeaux","municipal archive of Marseille","Departmental archives of Finistère","Departmental archives of Hérault","Departmental archives of Hérault","Archives municipales de Toulouse","Lyon Municipal Archives","Departmental archives of Bouches-du-Rhône","Departmental archives of Bouches-du-Rhône","Departmental archives of Bouches-du-Rhône"]},{"index":2,"name":"col2","values":["France","France","France","France","France","France","France","France","France","France","France","France","France","France","France","France","France","France","France","France"]},{"index":3,"name":"col3","values":["Ottův slovník naučný","Brockhaus and Efron Encyclopedic Dictionary","Brockhaus and Efron Encyclopedic Dictionary","Brockhaus and Efron Encyclopedic Dictionary","The Nuttall Encyclopædia","Brockhaus and Efron Encyclopedic Dictionary","Brockhaus and Efron Encyclopedic Dictionary","New Encyclopedic Dictionary","Brockhaus and Efron Encyclopedic Dictionary","Brockhaus and Efron Encyclopedic Dictionary","Brockhaus and Efron Encyclopedic Dictionary","Brockhaus and Efron Encyclopedic Dictionary","Brockhaus and Efron Encyclopedic Dictionary","Paulys Realenzyklopädie der klassischen Altertumswissenschaft","Brockhaus and Efron Encyclopedic Dictionary","Brockhaus and Efron Encyclopedic Dictionary","Brockhaus and Efron Encyclopedic Dictionary","Paulys Realenzyklopädie der klassischen Altertumswissenschaft","Paulys Realenzyklopädie der klassischen Altertumswissenschaft","Brockhaus and Efron Encyclopedic Dictionary"]}]},"context":{"page_title":null,"page_url":null,"page_entity_id":null,"content_hierarchy":[]},"links":[[[{"start":0,"end":5,"url":null,"entity_id":"Q42807","candidates":[]}],[{"start":0,"end":26,"url":null,"entity_id":"Q56709603","candidates":[]}],[{"start":0,"end":6,"url":null,"entity_id":"Q142","candidates":[]}],[{"start":0,"end":43,"url":null,"entity_id":"Q602358","candidates":[]}]],[[{"start":0,"end":15,"url":null,"entity_id":"Q133069","candidates":[]}],[{"start":0,"end":46,"url":null,"entity_id":"Q55528064","candidates":[]}],[{"start":0,"end":6,"url":null,"entity_id":"Q142","candidates":[]}],[{"start":0,"end":43,"url":null,"entity_id":"Q602358","candidates":[]}]],[[{"start":0,"end":6,"url":null,"entity_id":"Q41604","candidates":[]}],[{"start":0,"end":27,"url":null,"entity_id":"Q55423557","candidates":[]}],[{"start":0,"end":6,"url":null,"entity_id":"Q142","candidates":[]}],[{"start":0,"end":43,"url":null,"entity_id":"Q602358","candidates":[]}]],[[{"start":0,"end":4,"url":null,"entity_id":"Q41185","candidates":[]}],[{"start":0,"end":23,"url":null,"entity_id":"Q63848798","candidates":[]}],[{"start":0,"end":6,"url":null,"entity_id":"Q142","candidates":[]}],[{"start":0,"end":24,"url":null,"entity_id":"Q3181656","candidates":[]}]],[[{"start":0,"end":7,"url":null,"entity_id":"Q6548","candidates":[]}],[{"start":0,"end":25,"url":null,"entity_id":"Q47524704","candidates":[]}],[{"start":0,"end":6,"url":null,"entity_id":"Q142","candidates":[]}],[{"start":0,"end":43,"url":null,"entity_id":"Q602358","candidates":[]}]],[[{"start":0,"end":7,"url":null,"entity_id":"Q71724","candidates":[]}],[{"start":0,"end":20,"url":null,"entity_id":"Q46009975","candidates":[]}],[{"start":0,"end":6,"url":null,"entity_id":"Q142","candidates":[]}],[{"start":0,"end":43,"url":null,"entity_id":"Q602358","candidates":[]}]],[[{"start":0,"end":6,"url":null,"entity_id":"Q12191","candidates":[]}],[{"start":0,"end":30,"url":null,"entity_id":"Q22248957","candidates":[]}],[{"start":0,"end":6,"url":null,"entity_id":"Q142","candidates":[]}],[{"start":0,"end":27,"url":null,"entity_id":"Q19190511","candidates":[]}]],[[{"start":0,"end":7,"url":null,"entity_id":"Q658840","candidates":[]}],[{"start":0,"end":28,"url":null,"entity_id":"Q21009103","candidates":[]}],[{"start":0,"end":6,"url":null,"entity_id":"Q142","candidates":[]}],[{"start":0,"end":43,"url":null,"entity_id":"Q602358","candidates":[]}]],[[{"start":0,"end":6,"url":null,"entity_id":"Q202378","candidates":[]}],[{"start":0,"end":34,"url":null,"entity_id":"Q18785452","candidates":[]}],[{"start":0,"end":6,"url":null,"entity_id":"Q142","candidates":[]}],[{"start":0,"end":43,"url":null,"entity_id":"Q602358","candidates":[]}]],[[{"start":0,"end":8,"url":null,"entity_id":"Q1479","candidates":[]}],[{"start":0,"end":30,"url":null,"entity_id":"Q18384736","candidates":[]}],[{"start":0,"end":6,"url":null,"entity_id":"Q142","candidates":[]}],[{"start":0,"end":43,"url":null,"entity_id":"Q602358","candidates":[]}]],[[{"start":0,"end":9,"url":null,"entity_id":"Q23482","candidates":[]}],[{"start":0,"end":30,"url":null,"entity_id":"Q16010742","candidates":[]}],[{"start":0,"end":6,"url":null,"entity_id":"Q142","candidates":[]}],[{"start":0,"end":43,"url":null,"entity_id":"Q602358","candidates":[]}]],[[{"start":0,"end":11,"url":null,"entity_id":"Q421927","candidates":[]}],[{"start":0,"end":34,"url":null,"entity_id":"Q18785452","candidates":[]}],[{"start":0,"end":6,"url":null,"entity_id":"Q142","candidates":[]}],[{"start":0,"end":43,"url":null,"entity_id":"Q602358","candidates":[]}]],[[{"start":0,"end":13,"url":null,"entity_id":"Q733258","candidates":[]}],[{"start":0,"end":32,"url":null,"entity_id":"Q19606442","candidates":[]}],[{"start":0,"end":6,"url":null,"entity_id":"Q142","candidates":[]}],[{"start":0,"end":61,"url":null,"entity_id":"Q1138524","candidates":[]}]],[[{"start":0,"end":17,"url":null,"entity_id":"Q853146","candidates":[]}],[{"start":0,"end":32,"url":null,"entity_id":"Q19606442","candidates":[]}],[{"start":0,"end":6,"url":null,"entity_id":"Q142","candidates":[]}],[{"start":0,"end":43,"url":null,"entity_id":"Q602358","candidates":[]}]],[[{"start":0,"end":8,"url":null,"entity_id":"Q7880","candidates":[]}],[{"start":0,"end":32,"url":null,"entity_id":"Q2860540","candidates":[]}],[{"start":0,"end":6,"url":null,"entity_id":"Q142","candidates":[]}],[{"start":0,"end":43,"url":null,"entity_id":"Q602358","candidates":[]}]],[[{"start":0,"end":4,"url":null,"entity_id":"Q456","candidates":[]}],[{"start":0,"end":23,"url":null,"entity_id":"Q2860539","candidates":[]}],[{"start":0,"end":6,"url":null,"entity_id":"Q142","candidates":[]}],[{"start":0,"end":43,"url":null,"entity_id":"Q602358","candidates":[]}]],[[{"start":0,"end":6,"url":null,"entity_id":"Q243002","candidates":[]}],[{"start":0,"end":41,"url":null,"entity_id":"Q2860505","candidates":[]}],[{"start":0,"end":6,"url":null,"entity_id":"Q142","candidates":[]}],[{"start":0,"end":61,"url":null,"entity_id":"Q1138524","candidates":[]}]],[[{"start":0,"end":14,"url":null,"entity_id":"Q239631","candidates":[]}],[{"start":0,"end":41,"url":null,"entity_id":"Q2860505","candidates":[]}],[{"start":0,"end":6,"url":null,"entity_id":"Q142","candidates":[]}],[{"start":0,"end":61,"url":null,"entity_id":"Q1138524","candidates":[]}]],[[{"start":0,"end":20,"url":null,"entity_id":"Q243663","candidates":[]}],[{"start":0,"end":41,"url":null,"entity_id":"Q2860505","candidates":[]}],[{"start":0,"end":6,"url":null,"entity_id":"Q142","candidates":[]}],[{"start":0,"end":43,"url":null,"entity_id":"Q602358","candidates":[]}]],[[{"start":0,"end":7,"url":null,"entity_id":"Q184883","candidates":[]}],[{"start":0,"end":31,"url":null,"entity_id":"Q55529454","candidates":[]}],[{"start":0,"end":6,"url":null,"entity_id":"Q142","candidates":[]}],[{"start":0,"end":20,"url":null,"entity_id":"Q2041543","candidates":[]}]]]}