{"version":"1.2","table":{"version":"2","table_id":"6SZ2Q8MK","columns":[{"index":0,"name":"col0","values":["Freshwater","East Melbourne","Fairlight","Fitzroy North","Ragama","Koyambedu","Malleswaram","Vadapalani","Perambur","Rothesay Bay","Loftus","Parkville","Pyrmont","Haymarket","Manly Vale","Arnajevo","Nunthorpe","Douglas","Jingili","Brookvale"]},{"index":1,"name":"col1","values":["North Manly","Collingwood","Manly","Brunswick East","Kandana","Thirumangalam, Chennai","Seshadripuram","Koyambedu","Madhavaram","Browns Bay, New Zealand","Sutherland","Carlton North","Ultimo","Surry Hills","Manly","Veliki Borak","Marton","Turners Cross, Cork","Alawa","North Manly"]},{"index":2,"name":"col2","values":["Australia","Australia","Australia","Australia","Sri Lanka","India","India","India","India","New Zealand","Australia","Australia","Australia","Australia","Australia","Serbia","United Kingdom","Ireland","Australia","Australia"]}]},"context":{"page_title":null,"page_url":null,"page_entity_id":null,"content_hierarchy":[]},"links":[[[{"start":0,"end":14,"url":null,"entity_id":"Q5328965","candidates":[]}],[{"start":0,"end":11,"url":null,"entity_id":"Q1109698","candidates":[]}],[{"start":0,"end":9,"url":null,"entity_id":"Q408","candidates":[]}]],[[{"start":0,"end":9,"url":null,"entity_id":"Q5430549","candidates":[]}],[{"start":0,"end":5,"url":null,"entity_id":"Q509716","candidates":[]}],[{"start":0,"end":9,"url":null,"entity_id":"Q408","candidates":[]}]],[[{"start":0,"end":13,"url":null,"entity_id":"Q5455716","candidates":[]}],[{"start":0,"end":14,"url":null,"entity_id":"Q118974","candidates":[]}],[{"start":0,"end":9,"url":null,"entity_id":"Q408","candidates":[]}]],[[{"start":0,"end":6,"url":null,"entity_id":"Q3417458","candidates":[]}],[{"start":0,"end":7,"url":null,"entity_id":"Q6361287","candidates":[]}],[{"start":0,"end":9,"url":null,"entity_id":"Q854","candidates":[]}]],[[{"start":0,"end":9,"url":null,"entity_id":"Q3534941","candidates":[]}],[{"start":0,"end":22,"url":null,"entity_id":"Q7785335","candidates":[]}],[{"start":0,"end":5,"url":null,"entity_id":"Q668","candidates":[]}]],[[{"start":0,"end":11,"url":null,"entity_id":"Q3536951","candidates":[]}],[{"start":0,"end":13,"url":null,"entity_id":"Q7456049","candidates":[]}],[{"start":0,"end":5,"url":null,"entity_id":"Q668","candidates":[]}]],[[{"start":0,"end":10,"url":null,"entity_id":"Q3537400","candidates":[]}],[{"start":0,"end":9,"url":null,"entity_id":"Q3534941","candidates":[]}],[{"start":0,"end":5,"url":null,"entity_id":"Q668","candidates":[]}]],[[{"start":0,"end":8,"url":null,"entity_id":"Q3530475","candidates":[]}],[{"start":0,"end":10,"url":null,"entity_id":"Q1701113","candidates":[]}],[{"start":0,"end":5,"url":null,"entity_id":"Q668","candidates":[]}]],[[{"start":0,"end":12,"url":null,"entity_id":"Q3941757","candidates":[]}],[{"start":0,"end":23,"url":null,"entity_id":"Q4976634","candidates":[]}],[{"start":0,"end":11,"url":null,"entity_id":"Q664","candidates":[]}]],[[{"start":0,"end":6,"url":null,"entity_id":"Q3070419","candidates":[]}],[{"start":0,"end":10,"url":null,"entity_id":"Q12741759","candidates":[]}],[{"start":0,"end":9,"url":null,"entity_id":"Q408","candidates":[]}]],[[{"start":0,"end":9,"url":null,"entity_id":"Q3427921","candidates":[]}],[{"start":0,"end":13,"url":null,"entity_id":"Q5043042","candidates":[]}],[{"start":0,"end":9,"url":null,"entity_id":"Q408","candidates":[]}]],[[{"start":0,"end":7,"url":null,"entity_id":"Q2916104","candidates":[]}],[{"start":0,"end":6,"url":null,"entity_id":"Q2915990","candidates":[]}],[{"start":0,"end":9,"url":null,"entity_id":"Q408","candidates":[]}]],[[{"start":0,"end":9,"url":null,"entity_id":"Q2919185","candidates":[]}],[{"start":0,"end":11,"url":null,"entity_id":"Q2915698","candidates":[]}],[{"start":0,"end":9,"url":null,"entity_id":"Q408","candidates":[]}]],[[{"start":0,"end":10,"url":null,"entity_id":"Q3356931","candidates":[]}],[{"start":0,"end":5,"url":null,"entity_id":"Q509716","candidates":[]}],[{"start":0,"end":9,"url":null,"entity_id":"Q408","candidates":[]}]],[[{"start":0,"end":8,"url":null,"entity_id":"Q2737088","candidates":[]}],[{"start":0,"end":12,"url":null,"entity_id":"Q2453137","candidates":[]}],[{"start":0,"end":6,"url":null,"entity_id":"Q403","candidates":[]}]],[[{"start":0,"end":9,"url":null,"entity_id":"Q2929357","candidates":[]}],[{"start":0,"end":6,"url":null,"entity_id":"Q441541","candidates":[]}],[{"start":0,"end":14,"url":null,"entity_id":"Q145","candidates":[]}]],[[{"start":0,"end":7,"url":null,"entity_id":"Q2669536","candidates":[]}],[{"start":0,"end":19,"url":null,"entity_id":"Q7855982","candidates":[]}],[{"start":0,"end":7,"url":null,"entity_id":"Q27","candidates":[]}]],[[{"start":0,"end":7,"url":null,"entity_id":"Q6202323","candidates":[]}],[{"start":0,"end":5,"url":null,"entity_id":"Q4708892","candidates":[]}],[{"start":0,"end":9,"url":null,"entity_id":"Q408","candidates":[]}]],[[{"start":0,"end":9,"url":null,"entity_id":"Q4975184","candidates":[]}],[{"start":0,"end":11,"url":null,"entity_id":"Q12736890","candidates":[]}],[{"start":0,"end":9,"url":null,"entity_id":"Q408","candidates":[]}]],[[{"start":0,"end":10,"url":null,"entity_id":"Q5503096","candidates":[]}],[{"start":0,"end":11,"url":null,"entity_id":"Q12736890","candidates":[]}],[{"start":0,"end":9,"url":null,"entity_id":"Q408","candidates":[]}]]]}