{"version":"1.2","table":{"version":"2","table_id":"6TYZIFQU","columns":[{"index":0,"name":"col0","values":["[HHS2014] Arp102 N1","[HHS2014] Arp102 N2","[HHS2014] Arp82 S2","[HHS2014] Arp82 S3","[HHS2014] Arp82 S1","[HHS2014] Arp285 N1","[ZSD2016] ESO146-G14 sf-2","[ZSD2016] ESO146-G14 sf-3","[ZSD2016] ESO146-G14 sf-1","[HHS2014] Arp65 N4","[HHS2014] Arp65 N2","[HHS2014] Arp65 N1","[HHS2014] Arp65 S2","[HHS2014] Arp65 S1","[HHS2014] Arp65 N3","[HHS2014] Arp65 S3","[ZSD2016] Ho II sf-1","[ZSD2016] Ho II sf-2","[ZSD2016] Ho II sf-4","[ZSD2016] Ho II sf-3"]},{"index":1,"name":"col1","values":["49.079222","49.077417","25.190472","25.189222","25.194694","49.255167","-62.064333","-62.070639","-62.059028","22.407306","22.411444","22.415528","22.391083","22.394","22.409583","22.391083","70.744472","70.715639","70.7075","70.713444"]},{"index":2,"name":"col2","values":["MCG+08-31-041","MCG+08-31-041","APG 82","APG 82","APG 82","APG 285","PGC 68305","PGC 68305","PGC 68305","Arp 65","Arp 65","Arp 65","Arp 65","Arp 65","Arp 65","Arp 65","Holmberg II","Holmberg II","Holmberg II","Holmberg II"]}]},"context":{"page_title":null,"page_url":null,"page_entity_id":null,"content_hierarchy":[]},"links":[[[{"start":0,"end":19,"url":null,"entity_id":"Q80900130","candidates":[]}],[],[{"start":0,"end":13,"url":null,"entity_id":"Q80670654","candidates":[]}]],[[{"start":0,"end":18,"url":null,"entity_id":"Q80906067","candidates":[]}],[],[{"start":0,"end":6,"url":null,"entity_id":"Q74683161","candidates":[]}]],[[{"start":0,"end":18,"url":null,"entity_id":"Q80904324","candidates":[]}],[],[{"start":0,"end":6,"url":null,"entity_id":"Q74683161","candidates":[]}]],[[{"start":0,"end":18,"url":null,"entity_id":"Q80902181","candidates":[]}],[],[{"start":0,"end":6,"url":null,"entity_id":"Q74683161","candidates":[]}]],[[{"start":0,"end":19,"url":null,"entity_id":"Q80899377","candidates":[]}],[],[{"start":0,"end":7,"url":null,"entity_id":"Q67856692","candidates":[]}]],[[{"start":0,"end":25,"url":null,"entity_id":"Q77848151","candidates":[]}],[],[{"start":0,"end":9,"url":null,"entity_id":"Q60248754","candidates":[]}]],[[{"start":0,"end":25,"url":null,"entity_id":"Q77847688","candidates":[]}],[],[{"start":0,"end":9,"url":null,"entity_id":"Q60248754","candidates":[]}]],[[{"start":0,"end":25,"url":null,"entity_id":"Q77844122","candidates":[]}],[],[{"start":0,"end":9,"url":null,"entity_id":"Q60248754","candidates":[]}]],[[{"start":0,"end":18,"url":null,"entity_id":"Q80911910","candidates":[]}],[],[{"start":0,"end":6,"url":null,"entity_id":"Q10534895","candidates":[]}]],[[{"start":0,"end":18,"url":null,"entity_id":"Q80910705","candidates":[]}],[],[{"start":0,"end":6,"url":null,"entity_id":"Q10534895","candidates":[]}]],[[{"start":0,"end":18,"url":null,"entity_id":"Q80910135","candidates":[]}],[],[{"start":0,"end":6,"url":null,"entity_id":"Q10534895","candidates":[]}]],[[{"start":0,"end":18,"url":null,"entity_id":"Q80908280","candidates":[]}],[],[{"start":0,"end":6,"url":null,"entity_id":"Q10534895","candidates":[]}]],[[{"start":0,"end":18,"url":null,"entity_id":"Q80903099","candidates":[]}],[],[{"start":0,"end":6,"url":null,"entity_id":"Q10534895","candidates":[]}]],[[{"start":0,"end":18,"url":null,"entity_id":"Q80902833","candidates":[]}],[],[{"start":0,"end":6,"url":null,"entity_id":"Q10534895","candidates":[]}]],[[{"start":0,"end":18,"url":null,"entity_id":"Q80899873","candidates":[]}],[],[{"start":0,"end":6,"url":null,"entity_id":"Q10534895","candidates":[]}]],[[{"start":0,"end":20,"url":null,"entity_id":"Q77849019","candidates":[]}],[],[{"start":0,"end":11,"url":null,"entity_id":"Q1789369","candidates":[]}]],[[{"start":0,"end":20,"url":null,"entity_id":"Q77847010","candidates":[]}],[],[{"start":0,"end":11,"url":null,"entity_id":"Q1789369","candidates":[]}]],[[{"start":0,"end":20,"url":null,"entity_id":"Q77846130","candidates":[]}],[],[{"start":0,"end":11,"url":null,"entity_id":"Q1789369","candidates":[]}]],[[{"start":0,"end":20,"url":null,"entity_id":"Q77843967","candidates":[]}],[],[{"start":0,"end":11,"url":null,"entity_id":"Q1789369","candidates":[]}]],[[{"start":0,"end":19,"url":null,"entity_id":"Q80901336","candidates":[]}],[],[{"start":0,"end":13,"url":null,"entity_id":"Q80670654","candidates":[]}]]]}