{"version":"1.2","table":{"version":"2","table_id":"6UBOKHLU","columns":[{"index":0,"name":"col0","values":["Kreminna Raon","SverdlovskRaion","Slovianoserbtk Raion","Sorqkyne Raion","Melitopo Raion","Huliaipole Rain","Luuuhyne Raion","Stanytsia-Luhansa Raion","Markika Uaion","Borovytsia Raion","Teplyk Rain","MyronivkaRaion","Tomashpil Rbion","Tulhyn Rairn","Rokytne Raion, Kkev Oblast","Svyra Raion","Oakariv Raion","Kiev-Sviatoshyn Rako","Maharlyk Raion","Zhmhrynka Raion"]},{"index":1,"name":"col1","values":["41084.0","11708.37","53622.648","28985.856","48746.698","25726.68","65644.368","50107.312999999995","15794.2","32494.224","27706.728","33899.64","33196.464","54672.273","26336.070999999996","36037.376","36023.67","198276.652","33109.325999999994","34530.89"]},{"index":2,"name":"col2","values":["1588.8","1136.528","544.908","1398.6","1777.47","1296.1","1054.886","1894.3","1195.2","1406.656","811.62","909.424","772.98","1121.12","666.1405699999999","972.16","1395.8","730.356","928.7779999999999","1167.487"]}]},"context":{"page_title":null,"page_url":null,"page_entity_id":null,"content_hierarchy":[]},"links":[[[{"start":0,"end":15,"url":null,"entity_id":"Q2216869","candidates":[]}],[],[]],[[{"start":0,"end":20,"url":null,"entity_id":"Q2216840","candidates":[]}],[],[]],[[{"start":0,"end":14,"url":null,"entity_id":"Q2216829","candidates":[]}],[],[]],[[{"start":0,"end":14,"url":null,"entity_id":"Q2216819","candidates":[]}],[],[]],[[{"start":0,"end":15,"url":null,"entity_id":"Q2216811","candidates":[]}],[],[]],[[{"start":0,"end":14,"url":null,"entity_id":"Q2216775","candidates":[]}],[],[]],[[{"start":0,"end":23,"url":null,"entity_id":"Q2216649","candidates":[]}],[],[]],[[{"start":0,"end":13,"url":null,"entity_id":"Q2216623","candidates":[]}],[],[]],[[{"start":0,"end":16,"url":null,"entity_id":"Q3007462","candidates":[]}],[],[]],[[{"start":0,"end":11,"url":null,"entity_id":"Q2997764","candidates":[]}],[],[]],[[{"start":0,"end":14,"url":null,"entity_id":"Q2997759","candidates":[]}],[],[]],[[{"start":0,"end":15,"url":null,"entity_id":"Q2997740","candidates":[]}],[],[]],[[{"start":0,"end":12,"url":null,"entity_id":"Q2997726","candidates":[]}],[],[]],[[{"start":0,"end":26,"url":null,"entity_id":"Q2997697","candidates":[]}],[],[]],[[{"start":0,"end":11,"url":null,"entity_id":"Q2996242","candidates":[]}],[],[]],[[{"start":0,"end":13,"url":null,"entity_id":"Q2996236","candidates":[]}],[],[]],[[{"start":0,"end":20,"url":null,"entity_id":"Q2996231","candidates":[]}],[],[]],[[{"start":0,"end":14,"url":null,"entity_id":"Q2996222","candidates":[]}],[],[]],[[{"start":0,"end":15,"url":null,"entity_id":"Q2996213","candidates":[]}],[],[]],[[{"start":0,"end":13,"url":null,"entity_id":"Q2216928","candidates":[]}],[],[]]]}