{"version":"1.2","table":{"version":"2","table_id":"6VDISYL3","columns":[{"index":0,"name":"col0","values":["Đức Phổ Base Camp","Nancy-Essey Air Base","Aix-Les-Milles Air Base","Lyon-Bron Air Base","Morris Army Airfield","Aeródromo Barberán y Collar","Slavgorod","RNAS Boaz Island","RAF Wickenby","RAF Machrihanish","RAF Kai Tak","RAF Gan","Pleiku Air Base","Plattsburgh Air Force Base","Phu Cat Air Base","Perrin Air Force Station","Orbetello Airfield","Maladzyechna","Liepas Air Base","Lenino","Henderson Field","Tiksi North","Bizerte-Sidi Ahmed Air Base"]},{"index":1,"name":"col1","values":["t989206591","1964-12-31","2003-01-01","1964-01-01","t189895522","1965-01-01","2006-01-01","t1137535654","1964-01-01","1996-01-01","1998-07-06","1976-04-01","t14656295","1994-01-01","1975-01-01","t343869184","t1137345046","t1136968186","t181262789","1970-01-01","1945-01-01","1960-01-01","1963-01-01"]},{"index":2,"name":"col2","values":["36","228","105","659","966","590","98","4","25","42","9","2","742","71","24","228","1","208","78","62","9","20","6"]}]},"context":{"page_title":null,"page_url":null,"page_entity_id":null,"content_hierarchy":[]},"links":[[[{"start":0,"end":20,"url":null,"entity_id":"Q18214071","candidates":[]}],[],[]],[[{"start":0,"end":23,"url":null,"entity_id":"Q18214069","candidates":[]}],[],[]],[[{"start":0,"end":18,"url":null,"entity_id":"Q18214066","candidates":[]}],[],[]],[[{"start":0,"end":20,"url":null,"entity_id":"Q16895360","candidates":[]}],[],[]],[[{"start":0,"end":27,"url":null,"entity_id":"Q16143993","candidates":[]}],[],[]],[[{"start":0,"end":9,"url":null,"entity_id":"Q7539331","candidates":[]}],[],[]],[[{"start":0,"end":16,"url":null,"entity_id":"Q7277146","candidates":[]}],[],[]],[[{"start":0,"end":12,"url":null,"entity_id":"Q7275681","candidates":[]}],[],[]],[[{"start":0,"end":16,"url":null,"entity_id":"Q7275460","candidates":[]}],[],[]],[[{"start":0,"end":11,"url":null,"entity_id":"Q7275409","candidates":[]}],[],[]],[[{"start":0,"end":7,"url":null,"entity_id":"Q7275335","candidates":[]}],[],[]],[[{"start":0,"end":15,"url":null,"entity_id":"Q7204456","candidates":[]}],[],[]],[[{"start":0,"end":26,"url":null,"entity_id":"Q7202540","candidates":[]}],[],[]],[[{"start":0,"end":16,"url":null,"entity_id":"Q7188237","candidates":[]}],[],[]],[[{"start":0,"end":24,"url":null,"entity_id":"Q7169627","candidates":[]}],[],[]],[[{"start":0,"end":18,"url":null,"entity_id":"Q7100009","candidates":[]}],[],[]],[[{"start":0,"end":12,"url":null,"entity_id":"Q6740950","candidates":[]}],[],[]],[[{"start":0,"end":15,"url":null,"entity_id":"Q6544199","candidates":[]}],[],[]],[[{"start":0,"end":6,"url":null,"entity_id":"Q6522632","candidates":[]}],[],[]],[[{"start":0,"end":15,"url":null,"entity_id":"Q5713299","candidates":[]}],[],[]],[[{"start":0,"end":11,"url":null,"entity_id":"Q5406291","candidates":[]}],[],[]],[[{"start":0,"end":27,"url":null,"entity_id":"Q4919399","candidates":[]}],[],[]],[[{"start":0,"end":17,"url":null,"entity_id":"Q18391224","candidates":[]}],[],[]]]}