{"version":"1.2","table":{"version":"2","table_id":"6WWNAY66","columns":[{"index":0,"name":"col0","values":["UV Sex","TX Sex","DY Vul","SV Crv","V408 Aur","AL Pyx","VX Lep","SV Lyn","CF Phe","RR Eri","HR Eri","DG Eri","DQ Eri","DP Eri","CY Eri","GL Eri","BR Eri","V770 Mon","V523 Mon","V717 Mon","TT PsA"]},{"index":1,"name":"col1","values":["Sextans","Sextans","Vulpecula","Corvus","Auriga","Pyxis","Lepus","Lynx","Phoenix","Eridanus","Eridanus","Eridanus","Eridanus","Eridanus","Eridanus","Eridanus","Eridanus","Monoceros","Monoceros","Monoceros","Piscis Austrinus"]},{"index":2,"name":"col2","values":["-9.3951395639911","4.8085368862969","23.9962613219051","-15.0789187451528","43.4934521052404","-27.5157414761349","-25.1241903214192","36.3448775832804","-39.5388959391959","-8.2670620906359","-23.9764413352717","-16.8299730791796","-2.6285449161097","-24.4600885822149","-10.2958147724167","-38.9818902024242","-7.0149750160108","-5.4117562399575","-9.0272810187525","-6.094660835354","-31.4451766253303"]},{"index":3,"name":"col3","values":["7.06","7.21","7.26","7.08","7.45","7.22","7.03","7.04","7.1","7.16","7.35","7.049","7.01","7.318","7.1","7.13","7.15","7.31","7.12","7.32","7.2"]},{"index":4,"name":"col4","values":["578.2018","467.8363","300.7519","397.5669","432.1148","392.6188","314.9706","272.0348","511.9017","384.2754","637.1456","470.5439","339.8009","261.5063","368.3241","282.2228","249.9813","726.5858","417.2752","505.9449","284.6246"]}]},"context":{"page_title":null,"page_url":null,"page_entity_id":null,"content_hierarchy":[]},"links":[[[{"start":0,"end":6,"url":null,"entity_id":"Q66531705","candidates":[]}],[{"start":0,"end":7,"url":null,"entity_id":"Q10525","candidates":[]}],[],[],[]],[[{"start":0,"end":6,"url":null,"entity_id":"Q66531692","candidates":[]}],[{"start":0,"end":9,"url":null,"entity_id":"Q10519","candidates":[]}],[],[],[]],[[{"start":0,"end":6,"url":null,"entity_id":"Q66531725","candidates":[]}],[{"start":0,"end":6,"url":null,"entity_id":"Q10517","candidates":[]}],[],[],[]],[[{"start":0,"end":8,"url":null,"entity_id":"Q66531633","candidates":[]}],[{"start":0,"end":6,"url":null,"entity_id":"Q10476","candidates":[]}],[],[],[]],[[{"start":0,"end":6,"url":null,"entity_id":"Q66531701","candidates":[]}],[{"start":0,"end":5,"url":null,"entity_id":"Q10473","candidates":[]}],[],[],[]],[[{"start":0,"end":6,"url":null,"entity_id":"Q66531636","candidates":[]}],[{"start":0,"end":5,"url":null,"entity_id":"Q10446","candidates":[]}],[],[],[]],[[{"start":0,"end":6,"url":null,"entity_id":"Q66531651","candidates":[]}],[{"start":0,"end":4,"url":null,"entity_id":"Q10443","candidates":[]}],[],[],[]],[[{"start":0,"end":6,"url":null,"entity_id":"Q66531658","candidates":[]}],[{"start":0,"end":7,"url":null,"entity_id":"Q10441","candidates":[]}],[],[],[]],[[{"start":0,"end":6,"url":null,"entity_id":"Q66531677","candidates":[]}],[{"start":0,"end":8,"url":null,"entity_id":"Q10433","candidates":[]}],[],[],[]],[[{"start":0,"end":6,"url":null,"entity_id":"Q66531632","candidates":[]}],[{"start":0,"end":8,"url":null,"entity_id":"Q10433","candidates":[]}],[],[],[]],[[{"start":0,"end":6,"url":null,"entity_id":"Q66531630","candidates":[]}],[{"start":0,"end":8,"url":null,"entity_id":"Q10433","candidates":[]}],[],[],[]],[[{"start":0,"end":6,"url":null,"entity_id":"Q66531629","candidates":[]}],[{"start":0,"end":8,"url":null,"entity_id":"Q10433","candidates":[]}],[],[],[]],[[{"start":0,"end":6,"url":null,"entity_id":"Q66531626","candidates":[]}],[{"start":0,"end":8,"url":null,"entity_id":"Q10433","candidates":[]}],[],[],[]],[[{"start":0,"end":6,"url":null,"entity_id":"Q66531625","candidates":[]}],[{"start":0,"end":8,"url":null,"entity_id":"Q10433","candidates":[]}],[],[],[]],[[{"start":0,"end":6,"url":null,"entity_id":"Q66531623","candidates":[]}],[{"start":0,"end":8,"url":null,"entity_id":"Q10433","candidates":[]}],[],[],[]],[[{"start":0,"end":6,"url":null,"entity_id":"Q66531621","candidates":[]}],[{"start":0,"end":8,"url":null,"entity_id":"Q10433","candidates":[]}],[],[],[]],[[{"start":0,"end":8,"url":null,"entity_id":"Q66531653","candidates":[]}],[{"start":0,"end":9,"url":null,"entity_id":"Q10428","candidates":[]}],[],[],[]],[[{"start":0,"end":8,"url":null,"entity_id":"Q66531641","candidates":[]}],[{"start":0,"end":9,"url":null,"entity_id":"Q10428","candidates":[]}],[],[],[]],[[{"start":0,"end":8,"url":null,"entity_id":"Q66531639","candidates":[]}],[{"start":0,"end":9,"url":null,"entity_id":"Q10428","candidates":[]}],[],[],[]],[[{"start":0,"end":6,"url":null,"entity_id":"Q66531661","candidates":[]}],[{"start":0,"end":16,"url":null,"entity_id":"Q10409","candidates":[]}],[],[],[]],[[{"start":0,"end":6,"url":null,"entity_id":"Q66531709","candidates":[]}],[{"start":0,"end":7,"url":null,"entity_id":"Q10525","candidates":[]}],[],[],[]]]}