{"version":"1.2","table":{"version":"2","table_id":"6XXA6XHP","columns":[{"index":0,"name":"col0","values":["1974 Tour de France, stage 22","2014 Ladies Tour of Norway, Stage 1","2017 Giro d'Italia, Stage 13","2017 Giro d'Italia, Stage 12","2017 Giro d'Italia, Stage 7","2017 Giro d'Italia, Stage 5","Stage 6 of the Tour Down Under 2017","Stage 4 of the Tour Down Under 2017","Stage 3 of the Tour Down Under 2017","1st stage of the Tour Down Under 2017","2017 Giro d'Italia, Stage 3","2017 Tour de France, Stage 11","2017 Tour de France, Stage 10","2017 Tour de France, Stage 7","2017 Tour de France, Stage 6","2017 Tour de France, Stage 4","2019 Ladies Tour of Norway, Stage 4","2019 Ladies Tour of Norway, Stage 3","2019 Ladies Tour of Norway, Stage 1","2019 Tour of Norway, Stage 4"]},{"index":1,"name":"col1","values":["38.173","38.9","43.996","43.083","40.084","43.328","46.767","39.811","42.198","34.802","42.992","44.489","44.315","42.235","42.413","42.361","40.327","36.705","39.094","43.707"]},{"index":2,"name":"col2","values":["1974-07-21","2014-08-16","2017-05-19","2017-05-18","2017-05-12","2017-05-10","2017-01-22","2017-01-20","2017-01-19","2017-01-17","2017-05-07","2017-07-12","2017-07-11","2017-07-07","2017-07-06","2017-07-04","2019-08-25","2019-08-24","2019-08-22","2019-05-31"]},{"index":3,"name":"col3","values":["105","95","185","186","191","191","131","132","132","132","195","179","180","193","193","194","88","103","109","112"]}]},"context":{"page_title":null,"page_url":null,"page_entity_id":null,"content_hierarchy":[]},"links":[[[{"start":0,"end":35,"url":null,"entity_id":"Q27991346","candidates":[]}],[],[],[]],[[{"start":0,"end":28,"url":null,"entity_id":"Q27627452","candidates":[]}],[],[],[]],[[{"start":0,"end":28,"url":null,"entity_id":"Q27627413","candidates":[]}],[],[],[]],[[{"start":0,"end":27,"url":null,"entity_id":"Q27627168","candidates":[]}],[],[],[]],[[{"start":0,"end":27,"url":null,"entity_id":"Q27627046","candidates":[]}],[],[],[]],[[{"start":0,"end":35,"url":null,"entity_id":"Q27502394","candidates":[]}],[],[],[]],[[{"start":0,"end":35,"url":null,"entity_id":"Q27502391","candidates":[]}],[],[],[]],[[{"start":0,"end":35,"url":null,"entity_id":"Q27502390","candidates":[]}],[],[],[]],[[{"start":0,"end":37,"url":null,"entity_id":"Q27502387","candidates":[]}],[],[],[]],[[{"start":0,"end":27,"url":null,"entity_id":"Q27495479","candidates":[]}],[],[],[]],[[{"start":0,"end":29,"url":null,"entity_id":"Q27437596","candidates":[]}],[],[],[]],[[{"start":0,"end":29,"url":null,"entity_id":"Q27437595","candidates":[]}],[],[],[]],[[{"start":0,"end":28,"url":null,"entity_id":"Q27437590","candidates":[]}],[],[],[]],[[{"start":0,"end":28,"url":null,"entity_id":"Q27437589","candidates":[]}],[],[],[]],[[{"start":0,"end":28,"url":null,"entity_id":"Q27437587","candidates":[]}],[],[],[]],[[{"start":0,"end":35,"url":null,"entity_id":"Q65099697","candidates":[]}],[],[],[]],[[{"start":0,"end":35,"url":null,"entity_id":"Q65099689","candidates":[]}],[],[],[]],[[{"start":0,"end":35,"url":null,"entity_id":"Q65099673","candidates":[]}],[],[],[]],[[{"start":0,"end":28,"url":null,"entity_id":"Q63801387","candidates":[]}],[],[],[]],[[{"start":0,"end":29,"url":null,"entity_id":"Q28054832","candidates":[]}],[],[],[]]]}