{"version":"1.2","table":{"version":"2","table_id":"6Y3D0JIG","columns":[{"index":0,"name":"col0","values":["silicon-44","silicon-43","silicon-42","silicon-41","silicon-40","silicon-39","silicon-38","silicon-37","silicon-36","silicon-35","silicon-34","silicon-24","silicon-23","silicon-22","silicon-33","silicon-31","silicon-27","silicon-32","silicon-25","silicon-26"]},{"index":1,"name":"col1","values":["30","29","28","27","26","25","24","23","22","21","20","10","9","8","19","17","13","18","11","12"]},{"index":2,"name":"col2","values":["phosphorus-43","phosphorus-42","phosphorus-41","phosphorus-40","phosphorus-39","phosphorus-38","phosphorus-37","phosphorus-36","phosphorus-35","phosphorus-34","phosphorus-34","aluminium-24","aluminium-23","aluminium-22","phosphorus p-33","phosphorus-31","aluminium-27","phosphorus p-32","magnesium-24","aluminium-26"]}]},"context":{"page_title":null,"page_url":null,"page_entity_id":null,"content_hierarchy":[]},"links":[[[{"start":0,"end":10,"url":null,"entity_id":"Q18844610","candidates":[]}],[],[{"start":0,"end":13,"url":null,"entity_id":"Q18844561","candidates":[]}]],[[{"start":0,"end":10,"url":null,"entity_id":"Q3483871","candidates":[]}],[],[{"start":0,"end":13,"url":null,"entity_id":"Q18844559","candidates":[]}]],[[{"start":0,"end":10,"url":null,"entity_id":"Q18844608","candidates":[]}],[],[{"start":0,"end":13,"url":null,"entity_id":"Q18844558","candidates":[]}]],[[{"start":0,"end":10,"url":null,"entity_id":"Q18844607","candidates":[]}],[],[{"start":0,"end":13,"url":null,"entity_id":"Q18844555","candidates":[]}]],[[{"start":0,"end":10,"url":null,"entity_id":"Q18844606","candidates":[]}],[],[{"start":0,"end":13,"url":null,"entity_id":"Q18844554","candidates":[]}]],[[{"start":0,"end":10,"url":null,"entity_id":"Q18844605","candidates":[]}],[],[{"start":0,"end":13,"url":null,"entity_id":"Q18844553","candidates":[]}]],[[{"start":0,"end":10,"url":null,"entity_id":"Q18844604","candidates":[]}],[],[{"start":0,"end":13,"url":null,"entity_id":"Q18844552","candidates":[]}]],[[{"start":0,"end":10,"url":null,"entity_id":"Q18844603","candidates":[]}],[],[{"start":0,"end":13,"url":null,"entity_id":"Q18844550","candidates":[]}]],[[{"start":0,"end":10,"url":null,"entity_id":"Q18844601","candidates":[]}],[],[{"start":0,"end":13,"url":null,"entity_id":"Q18844549","candidates":[]}]],[[{"start":0,"end":10,"url":null,"entity_id":"Q18844600","candidates":[]}],[],[{"start":0,"end":13,"url":null,"entity_id":"Q18844549","candidates":[]}]],[[{"start":0,"end":10,"url":null,"entity_id":"Q18844595","candidates":[]}],[],[{"start":0,"end":12,"url":null,"entity_id":"Q18844398","candidates":[]}]],[[{"start":0,"end":10,"url":null,"entity_id":"Q18844593","candidates":[]}],[],[{"start":0,"end":12,"url":null,"entity_id":"Q18844397","candidates":[]}]],[[{"start":0,"end":10,"url":null,"entity_id":"Q18844590","candidates":[]}],[],[{"start":0,"end":12,"url":null,"entity_id":"Q18844395","candidates":[]}]],[[{"start":0,"end":10,"url":null,"entity_id":"Q18844599","candidates":[]}],[],[{"start":0,"end":15,"url":null,"entity_id":"Q2721043","candidates":[]}]],[[{"start":0,"end":10,"url":null,"entity_id":"Q1908917","candidates":[]}],[],[{"start":0,"end":13,"url":null,"entity_id":"Q2459552","candidates":[]}]],[[{"start":0,"end":10,"url":null,"entity_id":"Q18844598","candidates":[]}],[],[{"start":0,"end":12,"url":null,"entity_id":"Q2225512","candidates":[]}]],[[{"start":0,"end":10,"url":null,"entity_id":"Q2171387","candidates":[]}],[],[{"start":0,"end":15,"url":null,"entity_id":"Q2174657","candidates":[]}]],[[{"start":0,"end":10,"url":null,"entity_id":"Q18844596","candidates":[]}],[],[{"start":0,"end":12,"url":null,"entity_id":"Q2096096","candidates":[]}]],[[{"start":0,"end":10,"url":null,"entity_id":"Q18844597","candidates":[]}],[],[{"start":0,"end":12,"url":null,"entity_id":"Q1985521","candidates":[]}]],[[{"start":0,"end":10,"url":null,"entity_id":"Q18844611","candidates":[]}],[],[{"start":0,"end":13,"url":null,"entity_id":"Q18844562","candidates":[]}]]]}