{"version":"1.2","table":{"version":"2","table_id":"6YSNGJV6","columns":[{"index":0,"name":"col0","values":["Lónyay Mansin","Kkllenworth","Martindale Halm","elcourt Castle","Fatete Palace","asa de Serralves","Jarpvund","Hearst Castlh","Winfield ouse","White Huse","Highbur","Musex Militar do\"Porto","Fraser Mansiop","Loudoxn Mansion","Manson at Strathmore","Vgrsailles house","Wiechers–Villaronga Houue","F Street Hose","Beacon Toxers","Woodene"]},{"index":1,"name":"col1","values":["Romanticism","Tudor Revival architecture","Neoclassical architecture","châteauesque","Neoclassical architecture","Art Deco architecture","Carolean style","Spanish Colonial Revival architecture","Georgian Revival architecture","Neoclassical architecture","Arts and Crafts movement","Neoclassical architecture","Beaux-Arts","Federal architecture","Colonial Revival architecture","châteauesque","neoclassicism","Greek Revival (architecture)","châteauesque","Georgian Revival architecture"]},{"index":2,"name":"col2","values":["Community of the Chemin Neuf","Russia","Edmund Bowman","Carolyn Rafaelian","Federal Government of Brazil","Serralves Foundation","National Property Board","William Randolph Hearst","Federal Government of the United States of America","United States of America","Birmingham City Council","Portuguese Army","Church of Scientology","Philadelphia","Montgomery County","David A. Siegel","Institute of Puerto Rican Culture","George Washington University","William Randolph Hearst","Audubon Naturalist Society"]}]},"context":{"page_title":null,"page_url":null,"page_entity_id":null,"content_hierarchy":[]},"links":[[[{"start":0,"end":11,"url":null,"entity_id":"Q28088344","candidates":[]}],[{"start":0,"end":26,"url":null,"entity_id":"Q7851317","candidates":[]}],[{"start":0,"end":6,"url":null,"entity_id":"Q159","candidates":[]}]],[[{"start":0,"end":15,"url":null,"entity_id":"Q767565","candidates":[]}],[{"start":0,"end":25,"url":null,"entity_id":"Q54111","candidates":[]}],[{"start":0,"end":13,"url":null,"entity_id":"Q57199726","candidates":[]}]],[[{"start":0,"end":14,"url":null,"entity_id":"Q2837861","candidates":[]}],[{"start":0,"end":12,"url":null,"entity_id":"Q5118885","candidates":[]}],[{"start":0,"end":17,"url":null,"entity_id":"Q16955970","candidates":[]}]],[[{"start":0,"end":13,"url":null,"entity_id":"Q1142766","candidates":[]}],[{"start":0,"end":25,"url":null,"entity_id":"Q54111","candidates":[]}],[{"start":0,"end":28,"url":null,"entity_id":"Q5440531","candidates":[]}]],[[{"start":0,"end":16,"url":null,"entity_id":"Q2940773","candidates":[]}],[{"start":0,"end":21,"url":null,"entity_id":"Q12720942","candidates":[]}],[{"start":0,"end":20,"url":null,"entity_id":"Q3393650","candidates":[]}]],[[{"start":0,"end":8,"url":null,"entity_id":"Q1140280","candidates":[]}],[{"start":0,"end":14,"url":null,"entity_id":"Q10544017","candidates":[]}],[{"start":0,"end":23,"url":null,"entity_id":"Q909090","candidates":[]}]],[[{"start":0,"end":13,"url":null,"entity_id":"Q378143","candidates":[]}],[{"start":0,"end":37,"url":null,"entity_id":"Q3645460","candidates":[]}],[{"start":0,"end":23,"url":null,"entity_id":"Q294931","candidates":[]}]],[[{"start":0,"end":13,"url":null,"entity_id":"Q1137916","candidates":[]}],[{"start":0,"end":29,"url":null,"entity_id":"Q20897878","candidates":[]}],[{"start":0,"end":50,"url":null,"entity_id":"Q48525","candidates":[]}]],[[{"start":0,"end":10,"url":null,"entity_id":"Q35525","candidates":[]}],[{"start":0,"end":25,"url":null,"entity_id":"Q54111","candidates":[]}],[{"start":0,"end":24,"url":null,"entity_id":"Q30","candidates":[]}]],[[{"start":0,"end":7,"url":null,"entity_id":"Q5757863","candidates":[]}],[{"start":0,"end":24,"url":null,"entity_id":"Q330369","candidates":[]}],[{"start":0,"end":23,"url":null,"entity_id":"Q4916650","candidates":[]}]],[[{"start":0,"end":22,"url":null,"entity_id":"Q6940603","candidates":[]}],[{"start":0,"end":25,"url":null,"entity_id":"Q54111","candidates":[]}],[{"start":0,"end":15,"url":null,"entity_id":"Q2542269","candidates":[]}]],[[{"start":0,"end":14,"url":null,"entity_id":"Q5493635","candidates":[]}],[{"start":0,"end":10,"url":null,"entity_id":"Q1268134","candidates":[]}],[{"start":0,"end":21,"url":null,"entity_id":"Q1820380","candidates":[]}]],[[{"start":0,"end":15,"url":null,"entity_id":"Q6686048","candidates":[]}],[{"start":0,"end":20,"url":null,"entity_id":"Q1400086","candidates":[]}],[{"start":0,"end":12,"url":null,"entity_id":"Q1345","candidates":[]}]],[[{"start":0,"end":20,"url":null,"entity_id":"Q64004640","candidates":[]}],[{"start":0,"end":29,"url":null,"entity_id":"Q5148367","candidates":[]}],[{"start":0,"end":17,"url":null,"entity_id":"Q488659","candidates":[]}]],[[{"start":0,"end":16,"url":null,"entity_id":"Q14686482","candidates":[]}],[{"start":0,"end":12,"url":null,"entity_id":"Q5118885","candidates":[]}],[{"start":0,"end":15,"url":null,"entity_id":"Q5007920","candidates":[]}]],[[{"start":0,"end":25,"url":null,"entity_id":"Q5047892","candidates":[]}],[{"start":0,"end":13,"url":null,"entity_id":"Q14378","candidates":[]}],[{"start":0,"end":33,"url":null,"entity_id":"Q6040803","candidates":[]}]],[[{"start":0,"end":13,"url":null,"entity_id":"Q4561713","candidates":[]}],[{"start":0,"end":28,"url":null,"entity_id":"Q1513688","candidates":[]}],[{"start":0,"end":28,"url":null,"entity_id":"Q432637","candidates":[]}]],[[{"start":0,"end":13,"url":null,"entity_id":"Q4875993","candidates":[]}],[{"start":0,"end":12,"url":null,"entity_id":"Q5118885","candidates":[]}],[{"start":0,"end":23,"url":null,"entity_id":"Q294931","candidates":[]}]],[[{"start":0,"end":7,"url":null,"entity_id":"Q8032614","candidates":[]}],[{"start":0,"end":29,"url":null,"entity_id":"Q20897878","candidates":[]}],[{"start":0,"end":26,"url":null,"entity_id":"Q17514039","candidates":[]}]],[[{"start":0,"end":13,"url":null,"entity_id":"Q56197865","candidates":[]}],[{"start":0,"end":11,"url":null,"entity_id":"Q37068","candidates":[]}],[{"start":0,"end":28,"url":null,"entity_id":"Q690453","candidates":[]}]]]}