{"version":"1.2","table":{"version":"2","table_id":"6ZU2Y106","columns":[{"index":0,"name":"col0","values":["Fasshaus fountain","Eigerplatz fountain","double fountain Studer street","fountain Brunngasse","fountain Sulgenbach schoolhouse","fountain Sandrain street","fountain Lorraine street","courtyard fountain Breitfeld schoolhouse","fountain Diaconess House","fountain Breitfeld schoolhouse","Ziegler hospital ball fountain","Spycher fountain","Waisenhausplatz fountain","Bienzgut fountain","Schiffländtebrunnen","play fountain playground Dählhölzli","Stadtbibliothek fountain","Mattenengebrunnen","water play on the Bundesplatz","Lamy Well #2"]},{"index":1,"name":"col1","values":["1849-01-01","2017-09-10","1911-01-01","1785-01-01","1871-01-01","1876-01-01","1880-01-01","1912-01-01","1843-01-01","1912-01-01","1975-01-01","1970-01-01","1841-01-01","1905-01-01","1785-01-01","2017-01-01","1788-01-01","1847-01-01","2004-07-31","1927-10-01"]},{"index":2,"name":"col2","values":["Fountains in Bern","Fountains in Bern","Fountains in Bern","Fountains in Bern","Fountains in Bern","Fountains in Bern","Fountains in Bern","Fountains in Bern","Fountains in Bern","Fountains in Bern","Fountains in Bern","Fountains in Bern","Fountains in Bern","Fountains in Bern","Fountains in Bern","animal park Dählhölzli","Burgerbibliothek of Berne","Nydeggbrücke","Bundesplatz","Lamy water system"]}]},"context":{"page_title":null,"page_url":null,"page_entity_id":null,"content_hierarchy":[]},"links":[[[{"start":0,"end":19,"url":null,"entity_id":"Q56233167","candidates":[]}],[],[{"start":0,"end":17,"url":null,"entity_id":"Q685931","candidates":[]}]],[[{"start":0,"end":29,"url":null,"entity_id":"Q56230780","candidates":[]}],[],[{"start":0,"end":17,"url":null,"entity_id":"Q685931","candidates":[]}]],[[{"start":0,"end":19,"url":null,"entity_id":"Q56222593","candidates":[]}],[],[{"start":0,"end":17,"url":null,"entity_id":"Q685931","candidates":[]}]],[[{"start":0,"end":31,"url":null,"entity_id":"Q56198949","candidates":[]}],[],[{"start":0,"end":17,"url":null,"entity_id":"Q685931","candidates":[]}]],[[{"start":0,"end":24,"url":null,"entity_id":"Q56154088","candidates":[]}],[],[{"start":0,"end":17,"url":null,"entity_id":"Q685931","candidates":[]}]],[[{"start":0,"end":24,"url":null,"entity_id":"Q56065637","candidates":[]}],[],[{"start":0,"end":17,"url":null,"entity_id":"Q685931","candidates":[]}]],[[{"start":0,"end":40,"url":null,"entity_id":"Q56045925","candidates":[]}],[],[{"start":0,"end":17,"url":null,"entity_id":"Q685931","candidates":[]}]],[[{"start":0,"end":24,"url":null,"entity_id":"Q55988034","candidates":[]}],[],[{"start":0,"end":17,"url":null,"entity_id":"Q685931","candidates":[]}]],[[{"start":0,"end":30,"url":null,"entity_id":"Q55894806","candidates":[]}],[],[{"start":0,"end":17,"url":null,"entity_id":"Q685931","candidates":[]}]],[[{"start":0,"end":30,"url":null,"entity_id":"Q55807490","candidates":[]}],[],[{"start":0,"end":17,"url":null,"entity_id":"Q685931","candidates":[]}]],[[{"start":0,"end":16,"url":null,"entity_id":"Q55739595","candidates":[]}],[],[{"start":0,"end":17,"url":null,"entity_id":"Q685931","candidates":[]}]],[[{"start":0,"end":24,"url":null,"entity_id":"Q55454918","candidates":[]}],[],[{"start":0,"end":17,"url":null,"entity_id":"Q685931","candidates":[]}]],[[{"start":0,"end":17,"url":null,"entity_id":"Q55452207","candidates":[]}],[],[{"start":0,"end":17,"url":null,"entity_id":"Q685931","candidates":[]}]],[[{"start":0,"end":19,"url":null,"entity_id":"Q55446249","candidates":[]}],[],[{"start":0,"end":17,"url":null,"entity_id":"Q685931","candidates":[]}]],[[{"start":0,"end":35,"url":null,"entity_id":"Q56869005","candidates":[]}],[],[{"start":0,"end":22,"url":null,"entity_id":"Q683361","candidates":[]}]],[[{"start":0,"end":24,"url":null,"entity_id":"Q56641738","candidates":[]}],[],[{"start":0,"end":25,"url":null,"entity_id":"Q669509","candidates":[]}]],[[{"start":0,"end":17,"url":null,"entity_id":"Q55411751","candidates":[]}],[],[{"start":0,"end":12,"url":null,"entity_id":"Q458115","candidates":[]}]],[[{"start":0,"end":29,"url":null,"entity_id":"Q56651684","candidates":[]}],[],[{"start":0,"end":11,"url":null,"entity_id":"Q30933","candidates":[]}]],[[{"start":0,"end":12,"url":null,"entity_id":"Q69374349","candidates":[]}],[],[{"start":0,"end":17,"url":null,"entity_id":"Q66306345","candidates":[]}]],[[{"start":0,"end":17,"url":null,"entity_id":"Q56239035","candidates":[]}],[],[{"start":0,"end":17,"url":null,"entity_id":"Q685931","candidates":[]}]]]}