{"version":"1.2","table":{"version":"2","table_id":"6ZYTT6TU","columns":[{"index":0,"name":"col0","values":["Illizi","Ghardaia","Tébessa","Touggourt","Taourga","Timimoun","Abalessa","Bou Saâda","Saïda","Souk Ahras","Si-Mustapha","Tizi Ouzou","Blida","Relizane","Aïn El Hammam","Aoulef","Reggane","Tindouf","Beni Mellikeche","Béni Abbès"]},{"index":1,"name":"col1","values":["Debdeb","Berriane","Boulhaf Dir","Tebesbest","Baghlia","In Salah","Silet","Oultene","Ouled Khaled","Mechroha","Zemmouri","Irdjen","Béni Tamou","Belassel Bouzegza","Aït Yahia","Timokten","Timokten","Oum El Assel","Ighram","Igli"]},{"index":2,"name":"col2","values":["17252","120000","194461","39409","7882","33060","9163","111787","128413","155259","12087","135088","331779","130094","20401","21723","20402","45610","8497","10885"]}]},"context":{"page_title":null,"page_url":null,"page_entity_id":null,"content_hierarchy":[]},"links":[[[{"start":0,"end":8,"url":null,"entity_id":"Q622841","candidates":[]}],[{"start":0,"end":8,"url":null,"entity_id":"Q1649062","candidates":[]}],[]],[[{"start":0,"end":7,"url":null,"entity_id":"Q984575","candidates":[]}],[{"start":0,"end":11,"url":null,"entity_id":"Q961879","candidates":[]}],[]],[[{"start":0,"end":9,"url":null,"entity_id":"Q852515","candidates":[]}],[{"start":0,"end":9,"url":null,"entity_id":"Q601174","candidates":[]}],[]],[[{"start":0,"end":7,"url":null,"entity_id":"Q970231","candidates":[]}],[{"start":0,"end":7,"url":null,"entity_id":"Q311943","candidates":[]}],[]],[[{"start":0,"end":8,"url":null,"entity_id":"Q1021173","candidates":[]}],[{"start":0,"end":8,"url":null,"entity_id":"Q255251","candidates":[]}],[]],[[{"start":0,"end":8,"url":null,"entity_id":"Q283326","candidates":[]}],[{"start":0,"end":5,"url":null,"entity_id":"Q10371482","candidates":[]}],[]],[[{"start":0,"end":9,"url":null,"entity_id":"Q401741","candidates":[]}],[{"start":0,"end":7,"url":null,"entity_id":"Q3358286","candidates":[]}],[]],[[{"start":0,"end":5,"url":null,"entity_id":"Q401452","candidates":[]}],[{"start":0,"end":12,"url":null,"entity_id":"Q3358235","candidates":[]}],[]],[[{"start":0,"end":10,"url":null,"entity_id":"Q402992","candidates":[]}],[{"start":0,"end":8,"url":null,"entity_id":"Q3303853","candidates":[]}],[]],[[{"start":0,"end":11,"url":null,"entity_id":"Q311886","candidates":[]}],[{"start":0,"end":8,"url":null,"entity_id":"Q3183565","candidates":[]}],[]],[[{"start":0,"end":10,"url":null,"entity_id":"Q277201","candidates":[]}],[{"start":0,"end":6,"url":null,"entity_id":"Q3154300","candidates":[]}],[]],[[{"start":0,"end":5,"url":null,"entity_id":"Q216990","candidates":[]}],[{"start":0,"end":10,"url":null,"entity_id":"Q2895916","candidates":[]}],[]],[[{"start":0,"end":8,"url":null,"entity_id":"Q402738","candidates":[]}],[{"start":0,"end":17,"url":null,"entity_id":"Q2894233","candidates":[]}],[]],[[{"start":0,"end":13,"url":null,"entity_id":"Q276935","candidates":[]}],[{"start":0,"end":9,"url":null,"entity_id":"Q2876538","candidates":[]}],[]],[[{"start":0,"end":6,"url":null,"entity_id":"Q602548","candidates":[]}],[{"start":0,"end":8,"url":null,"entity_id":"Q2704101","candidates":[]}],[]],[[{"start":0,"end":7,"url":null,"entity_id":"Q582905","candidates":[]}],[{"start":0,"end":8,"url":null,"entity_id":"Q2704101","candidates":[]}],[]],[[{"start":0,"end":7,"url":null,"entity_id":"Q328510","candidates":[]}],[{"start":0,"end":12,"url":null,"entity_id":"Q2222648","candidates":[]}],[]],[[{"start":0,"end":15,"url":null,"entity_id":"Q588117","candidates":[]}],[{"start":0,"end":6,"url":null,"entity_id":"Q2215840","candidates":[]}],[]],[[{"start":0,"end":10,"url":null,"entity_id":"Q130246","candidates":[]}],[{"start":0,"end":4,"url":null,"entity_id":"Q2214881","candidates":[]}],[]],[[{"start":0,"end":6,"url":null,"entity_id":"Q640740","candidates":[]}],[{"start":0,"end":6,"url":null,"entity_id":"Q1649127","candidates":[]}],[]]]}