{"version":"1.2","table":{"version":"2","table_id":"73PDIXSI","columns":[{"index":0,"name":"col0","values":["Monclassjco","Liignago","Ivano-Frachna","Grumhs","Fieta di Primiero","Dimao","Daone","Montalto Lgure","Daano","Carpsio","Cemba","Cavallascc","Duino","San Meoaio","Germaino","Consigljo di Rumo","Pigazzbno","Tiarno di!Sotto","Filjcudi","Castellvccio"]},{"index":1,"name":"col1","values":["768.46","584.91","451.096","852.26","721.278","762.17","763.165","316.89","1191.1899999999998","712.855","665.334","397.2","39.234","9.062999999999999","565.4399999999999","210.84","466.31999999999994","727.272","769.356","1459.2599999999998"]},{"index":2,"name":"col2","values":["8.74248","7.104299999999999","6.08","10.8373","0.14984999999999998","27.603379999999998","157.14508","13.614030000000001","9.45294","15.984","15.92","2.7034499999999997","44.902210000000004","10.956","17.946","16.31881","6.1814","8.964","9.4905","10.945"]}]},"context":{"page_title":null,"page_url":null,"page_entity_id":null,"content_hierarchy":[]},"links":[[[{"start":0,"end":8,"url":null,"entity_id":"Q294734","candidates":[]}],[],[]],[[{"start":0,"end":13,"url":null,"entity_id":"Q291110","candidates":[]}],[],[]],[[{"start":0,"end":6,"url":null,"entity_id":"Q290214","candidates":[]}],[],[]],[[{"start":0,"end":17,"url":null,"entity_id":"Q286889","candidates":[]}],[],[]],[[{"start":0,"end":5,"url":null,"entity_id":"Q270640","candidates":[]}],[],[]],[[{"start":0,"end":5,"url":null,"entity_id":"Q270373","candidates":[]}],[],[]],[[{"start":0,"end":14,"url":null,"entity_id":"Q269411","candidates":[]}],[],[]],[[{"start":0,"end":5,"url":null,"entity_id":"Q268523","candidates":[]}],[],[]],[[{"start":0,"end":7,"url":null,"entity_id":"Q268291","candidates":[]}],[],[]],[[{"start":0,"end":5,"url":null,"entity_id":"Q267203","candidates":[]}],[],[]],[[{"start":0,"end":10,"url":null,"entity_id":"Q244388","candidates":[]}],[],[]],[[{"start":0,"end":5,"url":null,"entity_id":"Q2477512","candidates":[]}],[],[]],[[{"start":0,"end":10,"url":null,"entity_id":"Q1003777","candidates":[]}],[],[]],[[{"start":0,"end":8,"url":null,"entity_id":"Q841172","candidates":[]}],[],[]],[[{"start":0,"end":17,"url":null,"entity_id":"Q818317","candidates":[]}],[],[]],[[{"start":0,"end":9,"url":null,"entity_id":"Q787595","candidates":[]}],[],[]],[[{"start":0,"end":15,"url":null,"entity_id":"Q753834","candidates":[]}],[],[]],[[{"start":0,"end":8,"url":null,"entity_id":"Q743908","candidates":[]}],[],[]],[[{"start":0,"end":12,"url":null,"entity_id":"Q664380","candidates":[]}],[],[]],[[{"start":0,"end":11,"url":null,"entity_id":"Q295906","candidates":[]}],[],[]]]}