{"version":"1.2","table":{"version":"2","table_id":"7508IZM5","columns":[{"index":0,"name":"col0","values":["Endy Township","Big Lick Township","Chambersburg Township","Barringer Township","Speedway","Bloomfield Township","Barr Township","Bradford Township","Artesia Township","Beaver Township","Clyde Township","Buffalo Township","Byron Township","Brookville Township","Burnt Prairie Township","Council Hill Township","Berreman Township","Apple River Township","Bradley Township","DeSoto Township"]},{"index":1,"name":"col1","values":["407","492","866","830","227","260","643","243","208","205","679","263","223","241","407","265","264","292","187","119"]},{"index":2,"name":"col2","values":["Stanly County","Stanly County","Iredell County","Iredell County","Wayne Township","Oakland County","Macoupin County","Lee County","Iroquois County","Iroquois County","Whiteside County","Ogle County","Ogle County","Ogle County","White County","Jo Daviess County","Jo Daviess County","Jo Daviess County","Jackson County","Jackson County"]}]},"context":{"page_title":null,"page_url":null,"page_entity_id":null,"content_hierarchy":[]},"links":[[[{"start":0,"end":17,"url":null,"entity_id":"Q6027337","candidates":[]}],[],[{"start":0,"end":13,"url":null,"entity_id":"Q507798","candidates":[]}]],[[{"start":0,"end":21,"url":null,"entity_id":"Q6027862","candidates":[]}],[],[{"start":0,"end":14,"url":null,"entity_id":"Q502875","candidates":[]}]],[[{"start":0,"end":18,"url":null,"entity_id":"Q6027167","candidates":[]}],[],[{"start":0,"end":14,"url":null,"entity_id":"Q502875","candidates":[]}]],[[{"start":0,"end":8,"url":null,"entity_id":"Q1000136","candidates":[]}],[],[{"start":0,"end":14,"url":null,"entity_id":"Q7976709","candidates":[]}]],[[{"start":0,"end":19,"url":null,"entity_id":"Q885364","candidates":[]}],[],[{"start":0,"end":14,"url":null,"entity_id":"Q498024","candidates":[]}]],[[{"start":0,"end":13,"url":null,"entity_id":"Q2879211","candidates":[]}],[],[{"start":0,"end":15,"url":null,"entity_id":"Q491447","candidates":[]}]],[[{"start":0,"end":17,"url":null,"entity_id":"Q2840718","candidates":[]}],[],[{"start":0,"end":10,"url":null,"entity_id":"Q491035","candidates":[]}]],[[{"start":0,"end":16,"url":null,"entity_id":"Q2835644","candidates":[]}],[],[{"start":0,"end":15,"url":null,"entity_id":"Q491011","candidates":[]}]],[[{"start":0,"end":15,"url":null,"entity_id":"Q608481","candidates":[]}],[],[{"start":0,"end":15,"url":null,"entity_id":"Q491011","candidates":[]}]],[[{"start":0,"end":14,"url":null,"entity_id":"Q987718","candidates":[]}],[],[{"start":0,"end":16,"url":null,"entity_id":"Q490972","candidates":[]}]],[[{"start":0,"end":16,"url":null,"entity_id":"Q987559","candidates":[]}],[],[{"start":0,"end":11,"url":null,"entity_id":"Q488560","candidates":[]}]],[[{"start":0,"end":14,"url":null,"entity_id":"Q987544","candidates":[]}],[],[{"start":0,"end":11,"url":null,"entity_id":"Q488560","candidates":[]}]],[[{"start":0,"end":19,"url":null,"entity_id":"Q987536","candidates":[]}],[],[{"start":0,"end":11,"url":null,"entity_id":"Q488560","candidates":[]}]],[[{"start":0,"end":22,"url":null,"entity_id":"Q577934","candidates":[]}],[],[{"start":0,"end":12,"url":null,"entity_id":"Q488505","candidates":[]}]],[[{"start":0,"end":21,"url":null,"entity_id":"Q987348","candidates":[]}],[],[{"start":0,"end":17,"url":null,"entity_id":"Q486530","candidates":[]}]],[[{"start":0,"end":17,"url":null,"entity_id":"Q827067","candidates":[]}],[],[{"start":0,"end":17,"url":null,"entity_id":"Q486530","candidates":[]}]],[[{"start":0,"end":20,"url":null,"entity_id":"Q621352","candidates":[]}],[],[{"start":0,"end":17,"url":null,"entity_id":"Q486530","candidates":[]}]],[[{"start":0,"end":16,"url":null,"entity_id":"Q897048","candidates":[]}],[],[{"start":0,"end":14,"url":null,"entity_id":"Q486471","candidates":[]}]],[[{"start":0,"end":15,"url":null,"entity_id":"Q577566","candidates":[]}],[],[{"start":0,"end":14,"url":null,"entity_id":"Q486471","candidates":[]}]],[[{"start":0,"end":13,"url":null,"entity_id":"Q6028510","candidates":[]}],[],[{"start":0,"end":13,"url":null,"entity_id":"Q507798","candidates":[]}]]]}