{"version":"1.2","table":{"version":"2","table_id":"758JGCVL","columns":[{"index":0,"name":"col0","values":["HD 36012","HD 184059","HD 108659","HD 181118","HD 152877","HD 151591","HD 1662","HD 212417","HD 37334","HD 94117","HD 22135","HD 205196","HD 7177","HD 6417","HD 4647","HD 222555","HD 13841","HD 14956","V4372 Sgr","HD 171012"]},{"index":1,"name":"col1","values":["2.6761","2.4418","0.4782","2.0024","5.6462","5.8769","7.8986","4.9438","2.3894","5.9096","3.0994","0.9321","1.65","0.9731","2.4609","2.1605","0.3008","0.2547","2.0257","0.6103"]},{"index":2,"name":"col2","values":["2.1647160856576","26.986561542143","-66.8604879550734","37.6103375260659","28.1371308456527","1.0904619316984","12.771639808417","-2.0619343473092","-4.9341399543188","52.0711965678803","52.9314033775937","57.5025897816","57.5892858625683","57.7564732981245","57.0750237829435","46.8600527733683","57.0293534196786","57.6791794111374","-15.1023028691469","-18.3683862762165"]},{"index":3,"name":"col3","values":["7.24","7.3","7.36","7.47","7.32","7.17","7.18","7.36","7.149","7.003","7.24","7.427","7.41","7.105","7.119","7.42","7.37","7.2","6.772","6.99"]},{"index":4,"name":"col4","values":["21","-53","-3","16.23","-36.9","-18","-19.2","5.5","26.835512","-10.2","-3.61","93.12","-26.52","-16.2","-41.01","-9","-38.9","-28","-14","108.22"]}]},"context":{"page_title":null,"page_url":null,"page_entity_id":null,"content_hierarchy":[]},"links":[[[{"start":0,"end":9,"url":null,"entity_id":"Q66548528","candidates":[]}],[],[],[],[]],[[{"start":0,"end":9,"url":null,"entity_id":"Q66548234","candidates":[]}],[],[],[],[]],[[{"start":0,"end":9,"url":null,"entity_id":"Q66548231","candidates":[]}],[],[],[],[]],[[{"start":0,"end":9,"url":null,"entity_id":"Q66548230","candidates":[]}],[],[],[],[]],[[{"start":0,"end":9,"url":null,"entity_id":"Q66548228","candidates":[]}],[],[],[],[]],[[{"start":0,"end":7,"url":null,"entity_id":"Q66548225","candidates":[]}],[],[],[],[]],[[{"start":0,"end":9,"url":null,"entity_id":"Q66548224","candidates":[]}],[],[],[],[]],[[{"start":0,"end":8,"url":null,"entity_id":"Q66548222","candidates":[]}],[],[],[],[]],[[{"start":0,"end":8,"url":null,"entity_id":"Q66548221","candidates":[]}],[],[],[],[]],[[{"start":0,"end":8,"url":null,"entity_id":"Q66548220","candidates":[]}],[],[],[],[]],[[{"start":0,"end":9,"url":null,"entity_id":"Q66548219","candidates":[]}],[],[],[],[]],[[{"start":0,"end":7,"url":null,"entity_id":"Q66548217","candidates":[]}],[],[],[],[]],[[{"start":0,"end":7,"url":null,"entity_id":"Q66548216","candidates":[]}],[],[],[],[]],[[{"start":0,"end":7,"url":null,"entity_id":"Q66548215","candidates":[]}],[],[],[],[]],[[{"start":0,"end":9,"url":null,"entity_id":"Q66548214","candidates":[]}],[],[],[],[]],[[{"start":0,"end":8,"url":null,"entity_id":"Q66532572","candidates":[]}],[],[],[],[]],[[{"start":0,"end":8,"url":null,"entity_id":"Q66531520","candidates":[]}],[],[],[],[]],[[{"start":0,"end":9,"url":null,"entity_id":"Q66530983","candidates":[]}],[],[],[],[]],[[{"start":0,"end":9,"url":null,"entity_id":"Q66530852","candidates":[]}],[],[],[],[]],[[{"start":0,"end":8,"url":null,"entity_id":"Q66613546","candidates":[]}],[],[],[],[]]]}