[{"version":1,"nodes":[{"col_index":0,"label":"col0","id":0},{"col_index":1,"label":"col1","id":1},{"abs_uri":"http://www.wikidata.org/entity/Q3917681","rel_uri":"wd:Q3917681","approximation":false,"readable_label":"embassy (Q3917681)","id":2},{"abs_uri":"http://www.wikidata.org/entity/Q4164871","rel_uri":"wd:Q4164871","approximation":false,"readable_label":"position (Q4164871)","id":3}],"edges":[{"source":2,"target":0,"abs_uri":"http://www.w3.org/2000/01/rdf-schema#label","rel_uri":"rdfs:label","approximation":false,"readable_label":"rdfs:label","id":0},{"source":3,"target":1,"abs_uri":"http://www.w3.org/2000/01/rdf-schema#label","rel_uri":"rdfs:label","approximation":false,"readable_label":"rdfs:label","id":1},{"source":2,"target":3,"abs_uri":"http://www.wikidata.org/prop/P2388","rel_uri":"p:P2388","approximation":false,"readable_label":"office held by head of the organization (P2388)","id":2}]}]