[{"version":1,"nodes":[{"col_index":0,"label":"col0","id":0},{"col_index":1,"label":"col1","id":1},{"abs_uri":"http://www.wikidata.org/entity/Q21073024","rel_uri":"wd:Q21073024","approximation":false,"readable_label":"flammable solid (Q21073024)","id":2},{"abs_uri":"http://www.wikidata.org/entity/Q109560589","rel_uri":"wd:Q109560589","approximation":false,"readable_label":"NFPA Standard (Q109560589)","id":3}],"edges":[{"source":2,"target":0,"abs_uri":"http://www.w3.org/2000/01/rdf-schema#label","rel_uri":"rdfs:label","approximation":false,"readable_label":"rdfs:label","id":0},{"source":3,"target":1,"abs_uri":"http://www.w3.org/2000/01/rdf-schema#label","rel_uri":"rdfs:label","approximation":false,"readable_label":"rdfs:label","id":1},{"source":2,"target":3,"abs_uri":"http://www.wikidata.org/prop/P4952","rel_uri":"p:P4952","approximation":false,"readable_label":"safety classification and labelling (P4952)","id":2}]}]