[{"version":1,"nodes":[{"col_index":0,"label":"col0","id":0},{"col_index":1,"label":"col1","id":1},{"col_index":2,"label":"col2","id":2},{"abs_uri":"http://www.wikidata.org/entity/Q5","rel_uri":"wd:Q5","approximation":false,"readable_label":"human (Q5)","id":3},{"abs_uri":"http://www.wikidata.org/entity/Q10927834","rel_uri":"wd:Q10927834","approximation":false,"readable_label":"laterality (Q10927834)","id":4},{"abs_uri":"http://www.wikidata.org/entity/Q189533","rel_uri":"wd:Q189533","approximation":false,"readable_label":"academic degree (Q189533)","id":5}],"edges":[{"source":3,"target":0,"abs_uri":"http://www.w3.org/2000/01/rdf-schema#label","rel_uri":"rdfs:label","approximation":false,"readable_label":"rdfs:label","id":0},{"source":4,"target":1,"abs_uri":"http://www.w3.org/2000/01/rdf-schema#label","rel_uri":"rdfs:label","approximation":false,"readable_label":"rdfs:label","id":1},{"source":5,"target":2,"abs_uri":"http://www.w3.org/2000/01/rdf-schema#label","rel_uri":"rdfs:label","approximation":false,"readable_label":"rdfs:label","id":2},{"source":3,"target":4,"abs_uri":"http://www.wikidata.org/prop/P552","rel_uri":"p:P552","approximation":false,"readable_label":"handedness (P552)","id":3},{"source":3,"target":5,"abs_uri":"http://www.wikidata.org/prop/P512","rel_uri":"p:P512","approximation":false,"readable_label":"academic degree (P512)","id":4}]}]