[{"version":1,"nodes":[{"col_index":0,"label":"col0","id":0},{"col_index":1,"label":"col1","id":1},{"col_index":2,"label":"col2","id":2},{"col_index":3,"label":"col3","id":3},{"abs_uri":"http://www.wikidata.org/entity/Q47461344","rel_uri":"wd:Q47461344","approximation":false,"readable_label":"written work (Q47461344)","id":4},{"abs_uri":"http://www.wikidata.org/entity/Q34770","rel_uri":"wd:Q34770","approximation":false,"readable_label":"language (Q34770)","id":5},{"abs_uri":"http://www.wikidata.org/entity/Q5","rel_uri":"wd:Q5","approximation":false,"readable_label":"human (Q5)","id":6}],"edges":[{"source":4,"target":0,"abs_uri":"http://www.w3.org/2000/01/rdf-schema#label","rel_uri":"rdfs:label","approximation":false,"readable_label":"rdfs:label","id":0},{"source":5,"target":2,"abs_uri":"http://www.w3.org/2000/01/rdf-schema#label","rel_uri":"rdfs:label","approximation":false,"readable_label":"rdfs:label","id":1},{"source":6,"target":3,"abs_uri":"http://www.w3.org/2000/01/rdf-schema#label","rel_uri":"rdfs:label","approximation":false,"readable_label":"rdfs:label","id":2},{"source":4,"target":1,"abs_uri":"http://www.wikidata.org/prop/P17","rel_uri":"p:P17","approximation":false,"readable_label":"country (P17)","id":3},{"source":4,"target":5,"abs_uri":"http://www.wikidata.org/prop/P407","rel_uri":"p:P407","approximation":false,"readable_label":"language of work or name (P407)","id":4},{"source":4,"target":6,"abs_uri":"http://www.wikidata.org/prop/P50","rel_uri":"p:P50","approximation":false,"readable_label":"author (P50)","id":5}]}]