[{"version":1,"nodes":[{"col_index":0,"label":"col0","id":0},{"col_index":1,"label":"col1","id":1},{"col_index":2,"label":"col2","id":2},{"col_index":3,"label":"col3","id":3},{"abs_uri":"http://www.wikidata.org/entity/Q3624078","rel_uri":"wd:Q3624078","approximation":false,"readable_label":"sovereign state (Q3624078)","id":4}],"edges":[{"source":4,"target":0,"abs_uri":"http://www.w3.org/2000/01/rdf-schema#label","rel_uri":"rdfs:label","approximation":false,"readable_label":"rdfs:label","id":0},{"source":4,"target":3,"abs_uri":"http://www.wikidata.org/prop/P706","rel_uri":"p:P706","approximation":false,"readable_label":"located in/on physical feature (P706)","id":1},{"source":4,"target":1,"abs_uri":"http://www.wikidata.org/prop/P1448","rel_uri":"p:P1448","approximation":false,"readable_label":"official name (P1448)","id":2},{"source":4,"target":2,"abs_uri":"http://www.wikidata.org/prop/P1549","rel_uri":"p:P1549","approximation":false,"readable_label":"demonym (P1549)","id":3}]}]