[{"version":1,"nodes":[{"col_index":0,"label":"col0","id":0},{"col_index":1,"label":"col1","id":1},{"col_index":2,"label":"col2","id":2},{"col_index":3,"label":"col3","id":3},{"abs_uri":"http://www.wikidata.org/entity/Q1187691","rel_uri":"wd:Q1187691","approximation":false,"readable_label":"roadside station in Japan (Q1187691)","id":4},{"abs_uri":"http://www.wikidata.org/entity/Q34442","rel_uri":"wd:Q34442","approximation":false,"readable_label":"road (Q34442)","id":5}],"edges":[{"source":4,"target":0,"abs_uri":"http://www.w3.org/2000/01/rdf-schema#label","rel_uri":"rdfs:label","approximation":false,"readable_label":"rdfs:label","id":0},{"source":5,"target":2,"abs_uri":"http://www.w3.org/2000/01/rdf-schema#label","rel_uri":"rdfs:label","approximation":false,"readable_label":"rdfs:label","id":1},{"source":4,"target":1,"abs_uri":"http://www.wikidata.org/prop/P2789","rel_uri":"p:P2789","approximation":false,"readable_label":"connects with (P2789)","id":2},{"source":4,"target":5,"abs_uri":"http://www.wikidata.org/prop/P642","rel_uri":"p:P642","approximation":false,"readable_label":"of (P642)","id":3},{"source":4,"target":3,"abs_uri":"http://www.wikidata.org/prop/P131","rel_uri":"p:P131","approximation":false,"readable_label":"located in the administrative territorial entity (P131)","id":4}]}]