[{"version":1,"nodes":[{"col_index":0,"label":"col0","id":0},{"col_index":1,"label":"col1","id":1},{"col_index":2,"label":"col2","id":2},{"abs_uri":"http://www.wikidata.org/entity/Q1589009","rel_uri":"wd:Q1589009","approximation":false,"readable_label":"privately held company (Q1589009)","id":3},{"abs_uri":"http://www.wikidata.org/entity/Q5","rel_uri":"wd:Q5","approximation":false,"readable_label":"human (Q5)","id":4}],"edges":[{"source":3,"target":0,"abs_uri":"http://www.w3.org/2000/01/rdf-schema#label","rel_uri":"rdfs:label","approximation":false,"readable_label":"rdfs:label","id":0},{"source":4,"target":2,"abs_uri":"http://www.w3.org/2000/01/rdf-schema#label","rel_uri":"rdfs:label","approximation":false,"readable_label":"rdfs:label","id":1},{"source":3,"target":1,"abs_uri":"http://www.wikidata.org/prop/P159","rel_uri":"p:P159","approximation":false,"readable_label":"headquarters location (P159)","id":2},{"source":3,"target":4,"abs_uri":"http://www.wikidata.org/prop/P112","rel_uri":"p:P112","approximation":false,"readable_label":"founded by (P112)","id":3}]}]