[{"version":1,"nodes":[{"col_index":0,"label":"col0","id":0},{"col_index":1,"label":"col1","id":1},{"col_index":2,"label":"col2","id":2},{"col_index":3,"label":"col3","id":3},{"col_index":4,"label":"col4","id":4},{"abs_uri":"http://www.wikidata.org/entity/Q730038","rel_uri":"wd:Q730038","approximation":false,"readable_label":"credit institution (Q730038)","id":5},{"abs_uri":"http://www.wikidata.org/entity/Q11691","rel_uri":"wd:Q11691","approximation":false,"readable_label":"stock exchange (Q11691)","id":6}],"edges":[{"source":5,"target":0,"abs_uri":"http://www.w3.org/2000/01/rdf-schema#label","rel_uri":"rdfs:label","approximation":false,"readable_label":"rdfs:label","id":0},{"source":6,"target":3,"abs_uri":"http://www.w3.org/2000/01/rdf-schema#label","rel_uri":"rdfs:label","approximation":false,"readable_label":"rdfs:label","id":1},{"source":5,"target":2,"abs_uri":"http://www.wikidata.org/prop/P452","rel_uri":"p:P452","approximation":false,"readable_label":"industry (P452)","id":2},{"source":5,"target":6,"abs_uri":"http://www.wikidata.org/prop/P414","rel_uri":"p:P414","approximation":false,"readable_label":"stock exchange (P414)","id":3},{"source":5,"target":4,"abs_uri":"http://www.wikidata.org/prop/P159","rel_uri":"p:P159","approximation":false,"readable_label":"headquarters location (P159)","id":4},{"source":5,"target":1,"abs_uri":"http://www.wikidata.org/prop/P1128","rel_uri":"p:P1128","approximation":false,"readable_label":"employees (P1128)","id":5}]}]