[{"version":1,"nodes":[{"col_index":0,"label":"col0","id":0},{"col_index":1,"label":"col1","id":1},{"col_index":2,"label":"col2","id":2},{"abs_uri":"http://www.wikidata.org/entity/Q21009055","rel_uri":"wd:Q21009055","approximation":false,"readable_label":"Class IB flammable liquid (Q21009055)","id":3}],"edges":[{"source":3,"target":0,"abs_uri":"http://www.w3.org/2000/01/rdf-schema#label","rel_uri":"rdfs:label","approximation":false,"readable_label":"rdfs:label","id":0},{"source":3,"target":1,"abs_uri":"http://www.wikidata.org/prop/P2128","rel_uri":"p:P2128","approximation":false,"readable_label":"flash point (P2128)","id":1},{"source":3,"target":2,"abs_uri":"http://www.wikidata.org/prop/P2404","rel_uri":"p:P2404","approximation":false,"readable_label":"time-weighted average exposure limit (P2404)","id":2}]}]