[{"version":1,"nodes":[{"col_index":0,"label":"col0","id":0},{"col_index":1,"label":"col1","id":1},{"col_index":2,"label":"col2","id":2},{"col_index":3,"label":"col3","id":3},{"abs_uri":"http://www.wikidata.org/entity/Q7965","rel_uri":"wd:Q7965","approximation":false,"readable_label":"Canadian Grand Prix (Q7965)","id":4},{"abs_uri":"http://www.wikidata.org/entity/Q5","rel_uri":"wd:Q5","approximation":false,"readable_label":"human (Q5)","id":5},{"abs_uri":"http://www.wikidata.org/entity/Q2338524","rel_uri":"wd:Q2338524","approximation":false,"readable_label":"motorsport racing track (Q2338524)","id":6},{"abs_uri":"http://www.wikidata.org/entity/Q5","rel_uri":"wd:Q5","approximation":false,"readable_label":"human (Q5)","id":7}],"edges":[{"source":4,"target":0,"abs_uri":"http://www.w3.org/2000/01/rdf-schema#label","rel_uri":"rdfs:label","approximation":false,"readable_label":"rdfs:label","id":0},{"source":5,"target":1,"abs_uri":"http://www.w3.org/2000/01/rdf-schema#label","rel_uri":"rdfs:label","approximation":false,"readable_label":"rdfs:label","id":1},{"source":6,"target":2,"abs_uri":"http://www.w3.org/2000/01/rdf-schema#label","rel_uri":"rdfs:label","approximation":false,"readable_label":"rdfs:label","id":2},{"source":7,"target":3,"abs_uri":"http://www.w3.org/2000/01/rdf-schema#label","rel_uri":"rdfs:label","approximation":false,"readable_label":"rdfs:label","id":3},{"source":4,"target":5,"abs_uri":"http://www.wikidata.org/prop/P5053","rel_uri":"p:P5053","approximation":false,"readable_label":"fastest lap (P5053)","id":4},{"source":4,"target":6,"abs_uri":"http://www.wikidata.org/prop/P276","rel_uri":"p:P276","approximation":false,"readable_label":"location (P276)","id":5},{"source":4,"target":7,"abs_uri":"http://www.wikidata.org/prop/P3764","rel_uri":"p:P3764","approximation":false,"readable_label":"pole position (P3764)","id":6}]}]