[{"version":1,"nodes":[{"col_index":0,"label":"col0","id":0},{"col_index":1,"label":"col1","id":1},{"col_index":2,"label":"col2","id":2},{"abs_uri":"http://www.wikidata.org/entity/Q56351315","rel_uri":"wd:Q56351315","approximation":false,"readable_label":"Japanese upper secondary school (Q56351315)","id":3}],"edges":[{"source":3,"target":0,"abs_uri":"http://www.w3.org/2000/01/rdf-schema#label","rel_uri":"rdfs:label","approximation":false,"readable_label":"rdfs:label","id":0},{"source":3,"target":2,"abs_uri":"http://www.wikidata.org/prop/P2868","rel_uri":"p:P2868","approximation":false,"readable_label":"subject has role (P2868)","id":1},{"source":3,"target":1,"abs_uri":"http://www.wikidata.org/prop/P2196","rel_uri":"p:P2196","approximation":false,"readable_label":"students count (P2196)","id":2}]}]