[{"version":1,"nodes":[{"col_index":0,"label":"col0","id":0},{"col_index":1,"label":"col1","id":1},{"col_index":2,"label":"col2","id":2},{"col_index":3,"label":"col3","id":3},{"abs_uri":"http://www.wikidata.org/entity/Q27429979","rel_uri":"wd:Q27429979","approximation":false,"readable_label":null,"id":4},{"abs_uri":"http://www.wikidata.org/entity/Q11173","rel_uri":"wd:Q11173","approximation":false,"readable_label":"chemical compound (Q11173)","id":5},{"abs_uri":"http://www.wikidata.org/entity/Q7187","rel_uri":"wd:Q7187","approximation":false,"readable_label":"gene (Q7187)","id":6},{"abs_uri":"http://www.wikidata.org/entity/Q37748","rel_uri":"wd:Q37748","approximation":false,"readable_label":"chromosome (Q37748)","id":7}],"edges":[{"source":4,"target":0,"abs_uri":"http://www.w3.org/2000/01/rdf-schema#label","rel_uri":"rdfs:label","approximation":false,"readable_label":"rdfs:label","id":0},{"source":5,"target":1,"abs_uri":"http://www.w3.org/2000/01/rdf-schema#label","rel_uri":"rdfs:label","approximation":false,"readable_label":"rdfs:label","id":1},{"source":6,"target":2,"abs_uri":"http://www.w3.org/2000/01/rdf-schema#label","rel_uri":"rdfs:label","approximation":false,"readable_label":"rdfs:label","id":2},{"source":7,"target":3,"abs_uri":"http://www.w3.org/2000/01/rdf-schema#label","rel_uri":"rdfs:label","approximation":false,"readable_label":"rdfs:label","id":3},{"source":4,"target":5,"abs_uri":"http://www.wikidata.org/prop/P3355","rel_uri":"p:P3355","approximation":false,"readable_label":"negative therapeutic predictor (P3355)","id":4},{"source":4,"target":6,"abs_uri":"http://www.wikidata.org/prop/P3433","rel_uri":"p:P3433","approximation":false,"readable_label":"biological variant of (P3433)","id":5},{"source":4,"target":7,"abs_uri":"http://www.wikidata.org/prop/P1057","rel_uri":"p:P1057","approximation":false,"readable_label":"chromosome (P1057)","id":6}]}]