[{"version":1,"nodes":[{"col_index":0,"label":"col0","id":0},{"col_index":1,"label":"col1","id":1},{"col_index":2,"label":"col2","id":2},{"abs_uri":"http://www.wikidata.org/entity/Q640364","rel_uri":"wd:Q640364","approximation":false,"readable_label":"municipiu of Romania (Q640364)","id":3},{"abs_uri":"http://www.wikidata.org/entity/Q1776764","rel_uri":"wd:Q1776764","approximation":false,"readable_label":"județ (Q1776764)","id":4}],"edges":[{"source":3,"target":0,"abs_uri":"http://www.w3.org/2000/01/rdf-schema#label","rel_uri":"rdfs:label","approximation":false,"readable_label":"rdfs:label","id":0},{"source":4,"target":1,"abs_uri":"http://www.w3.org/2000/01/rdf-schema#label","rel_uri":"rdfs:label","approximation":false,"readable_label":"rdfs:label","id":1},{"source":3,"target":4,"abs_uri":"http://www.wikidata.org/prop/P131","rel_uri":"p:P131","approximation":false,"readable_label":"located in the administrative territorial entity (P131)","id":2},{"source":3,"target":2,"abs_uri":"http://www.wikidata.org/prop/P1343","rel_uri":"p:P1343","approximation":false,"readable_label":"described by source (P1343)","id":3}]}]