[{"version":1,"nodes":[{"col_index":0,"label":"col0","id":0},{"col_index":1,"label":"col1","id":1},{"col_index":2,"label":"col2","id":2},{"abs_uri":"http://www.wikidata.org/entity/Q55687066","rel_uri":"wd:Q55687066","approximation":false,"readable_label":"local government area of Tasmania (Q55687066)","id":3},{"abs_uri":"http://www.wikidata.org/entity/Q55687066","rel_uri":"wd:Q55687066","approximation":false,"readable_label":"local government area of Tasmania (Q55687066)","id":4}],"edges":[{"source":3,"target":0,"abs_uri":"http://www.w3.org/2000/01/rdf-schema#label","rel_uri":"rdfs:label","approximation":false,"readable_label":"rdfs:label","id":0},{"source":4,"target":1,"abs_uri":"http://www.w3.org/2000/01/rdf-schema#label","rel_uri":"rdfs:label","approximation":false,"readable_label":"rdfs:label","id":1},{"source":3,"target":4,"abs_uri":"http://www.wikidata.org/prop/P47","rel_uri":"p:P47","approximation":false,"readable_label":"shares border with (P47)","id":2},{"source":3,"target":2,"abs_uri":"http://www.wikidata.org/prop/P2044","rel_uri":"p:P2044","approximation":false,"readable_label":"elevation above sea level (P2044)","id":3}]}]