[
    {
        "version": 1,
        "nodes": [
            {
                "abs_uri": "http://www.wikidata.org/entity/Q476028",
                "rel_uri": "wd:Q476028",
                "approximation": false,
                "readable_label": "association football club (Q476028)",
                "id": 0
            },
            {
                "col_index": 0,
                "label": "Team",
                "id": 1
            },
            {
                "abs_uri": "http://www.wikidata.org/entity/Q515",
                "rel_uri": "wd:Q515",
                "approximation": false,
                "readable_label": "city (Q515)",
                "id": 2
            },
            {
                "col_index": 1,
                "label": "Location",
                "id": 3
            },
            {
                "abs_uri": "http://www.wikidata.org/entity/Q1154710",
                "rel_uri": "wd:Q1154710",
                "approximation": false,
                "readable_label": "association football venue (Q1154710)",
                "id": 4
            },
            {
                "col_index": 2,
                "label": "Stadium",
                "id": 5
            },
            {
                "col_index": 3,
                "label": "Capacity",
                "id": 6
            },
            {
                "col_index": 4,
                "label": "Ref.",
                "id": 7
            }
        ],
        "edges": [
            {
                "source": 0,
                "target": 1,
                "abs_uri": "http://www.w3.org/2000/01/rdf-schema#label",
                "rel_uri": "rdfs:label",
                "approximation": false,
                "readable_label": null,
                "id": 0
            },
            {
                "source": 0,
                "target": 2,
                "abs_uri": "http://www.wikidata.org/prop/P159",
                "rel_uri": "p:P159",
                "approximation": false,
                "readable_label": "headquarters location (P159)",
                "id": 1
            },
            {
                "source": 0,
                "target": 4,
                "abs_uri": "http://www.wikidata.org/prop/P115",
                "rel_uri": "p:P115",
                "approximation": false,
                "readable_label": "home venue (P115)",
                "id": 2
            },
            {
                "source": 2,
                "target": 3,
                "abs_uri": "http://www.w3.org/2000/01/rdf-schema#label",
                "rel_uri": "rdfs:label",
                "approximation": false,
                "readable_label": null,
                "id": 3
            },
            {
                "source": 4,
                "target": 5,
                "abs_uri": "http://www.w3.org/2000/01/rdf-schema#label",
                "rel_uri": "rdfs:label",
                "approximation": false,
                "readable_label": null,
                "id": 4
            },
            {
                "source": 4,
                "target": 6,
                "abs_uri": "http://www.wikidata.org/prop/P1083",
                "rel_uri": "p:P1083",
                "approximation": false,
                "readable_label": "maximum capacity (P1083)",
                "id": 5
            }
        ]
    },
    {
        "version": 1,
        "nodes": [
            {
                "abs_uri": "http://www.wikidata.org/entity/Q476028",
                "rel_uri": "wd:Q476028",
                "approximation": false,
                "readable_label": "association football club (Q476028)",
                "id": 0
            },
            {
                "col_index": 0,
                "label": "Team",
                "id": 1
            },
            {
                "abs_uri": "http://www.wikidata.org/entity/Q515",
                "rel_uri": "wd:Q515",
                "approximation": false,
                "readable_label": "city (Q515)",
                "id": 2
            },
            {
                "col_index": 1,
                "label": "Location",
                "id": 3
            },
            {
                "abs_uri": "http://www.wikidata.org/entity/Q1154710",
                "rel_uri": "wd:Q1154710",
                "approximation": false,
                "readable_label": "association football venue (Q1154710)",
                "id": 4
            },
            {
                "col_index": 2,
                "label": "Stadium",
                "id": 5
            },
            {
                "col_index": 3,
                "label": "Capacity",
                "id": 6
            },
            {
                "col_index": 4,
                "label": "Ref.",
                "id": 7
            }
        ],
        "edges": [
            {
                "source": 0,
                "target": 1,
                "abs_uri": "http://www.w3.org/2000/01/rdf-schema#label",
                "rel_uri": "rdfs:label",
                "approximation": false,
                "readable_label": null,
                "id": 0
            },
            {
                "source": 0,
                "target": 2,
                "abs_uri": "http://www.wikidata.org/prop/P159",
                "rel_uri": "p:P159",
                "approximation": false,
                "readable_label": "headquarters location (P159)",
                "id": 1
            },
            {
                "source": 2,
                "target": 3,
                "abs_uri": "http://www.w3.org/2000/01/rdf-schema#label",
                "rel_uri": "rdfs:label",
                "approximation": false,
                "readable_label": null,
                "id": 3
            },
            {
                "source": 4,
                "target": 5,
                "abs_uri": "http://www.w3.org/2000/01/rdf-schema#label",
                "rel_uri": "rdfs:label",
                "approximation": false,
                "readable_label": null,
                "id": 4
            },
            {
                "source": 4,
                "target": 6,
                "abs_uri": "http://www.wikidata.org/prop/P1083",
                "rel_uri": "p:P1083",
                "approximation": false,
                "readable_label": "maximum capacity (P1083)",
                "id": 5
            },
            {
                "source": 4,
                "target": 0,
                "abs_uri": "http://www.wikidata.org/prop/P466",
                "rel_uri": "p:P466",
                "approximation": false,
                "readable_label": "occupant (P466)",
                "id": 7
            }
        ]
    },
    {
        "version": 1,
        "nodes": [
            {
                "abs_uri": "http://www.wikidata.org/entity/Q476028",
                "rel_uri": "wd:Q476028",
                "approximation": false,
                "readable_label": "association football club (Q476028)",
                "id": 0
            },
            {
                "col_index": 0,
                "label": "Team",
                "id": 1
            },
            {
                "abs_uri": "http://www.wikidata.org/entity/Q515",
                "rel_uri": "wd:Q515",
                "approximation": false,
                "readable_label": "city (Q515)",
                "id": 2
            },
            {
                "col_index": 1,
                "label": "Location",
                "id": 3
            },
            {
                "abs_uri": "http://www.wikidata.org/entity/Q1154710",
                "rel_uri": "wd:Q1154710",
                "approximation": false,
                "readable_label": "association football venue (Q1154710)",
                "id": 4
            },
            {
                "col_index": 2,
                "label": "Stadium",
                "id": 5
            },
            {
                "col_index": 3,
                "label": "Capacity",
                "id": 6
            },
            {
                "col_index": 4,
                "label": "Ref.",
                "id": 7
            }
        ],
        "edges": [
            {
                "source": 0,
                "target": 1,
                "abs_uri": "http://www.w3.org/2000/01/rdf-schema#label",
                "rel_uri": "rdfs:label",
                "approximation": false,
                "readable_label": null,
                "id": 0
            },
            {
                "source": 0,
                "target": 4,
                "abs_uri": "http://www.wikidata.org/prop/P115",
                "rel_uri": "p:P115",
                "approximation": false,
                "readable_label": "home venue (P115)",
                "id": 1
            },
            {
                "source": 2,
                "target": 3,
                "abs_uri": "http://www.w3.org/2000/01/rdf-schema#label",
                "rel_uri": "rdfs:label",
                "approximation": false,
                "readable_label": null,
                "id": 2
            },
            {
                "source": 4,
                "target": 5,
                "abs_uri": "http://www.w3.org/2000/01/rdf-schema#label",
                "rel_uri": "rdfs:label",
                "approximation": false,
                "readable_label": null,
                "id": 3
            },
            {
                "source": 4,
                "target": 6,
                "abs_uri": "http://www.wikidata.org/prop/P1083",
                "rel_uri": "p:P1083",
                "approximation": false,
                "readable_label": "maximum capacity (P1083)",
                "id": 4
            },
            {
                "source": 4,
                "target": 2,
                "abs_uri": "http://www.wikidata.org/prop/P131",
                "rel_uri": "p:P131",
                "approximation": false,
                "readable_label": "located in the administrative territorial entity (P131)",
                "id": 5
            }
        ]
    },
    {
        "version": 1,
        "nodes": [
            {
                "abs_uri": "http://www.wikidata.org/entity/Q476028",
                "rel_uri": "wd:Q476028",
                "approximation": false,
                "readable_label": "association football club (Q476028)",
                "id": 0
            },
            {
                "col_index": 0,
                "label": "Team",
                "id": 1
            },
            {
                "abs_uri": "http://www.wikidata.org/entity/Q515",
                "rel_uri": "wd:Q515",
                "approximation": false,
                "readable_label": "city (Q515)",
                "id": 2
            },
            {
                "col_index": 1,
                "label": "Location",
                "id": 3
            },
            {
                "abs_uri": "http://www.wikidata.org/entity/Q1154710",
                "rel_uri": "wd:Q1154710",
                "approximation": false,
                "readable_label": "association football venue (Q1154710)",
                "id": 4
            },
            {
                "col_index": 2,
                "label": "Stadium",
                "id": 5
            },
            {
                "col_index": 3,
                "label": "Capacity",
                "id": 6
            },
            {
                "col_index": 4,
                "label": "Ref.",
                "id": 7
            }
        ],
        "edges": [
            {
                "source": 0,
                "target": 1,
                "abs_uri": "http://www.w3.org/2000/01/rdf-schema#label",
                "rel_uri": "rdfs:label",
                "approximation": false,
                "readable_label": null,
                "id": 0
            },
            {
                "source": 2,
                "target": 3,
                "abs_uri": "http://www.w3.org/2000/01/rdf-schema#label",
                "rel_uri": "rdfs:label",
                "approximation": false,
                "readable_label": null,
                "id": 2
            },
            {
                "source": 4,
                "target": 5,
                "abs_uri": "http://www.w3.org/2000/01/rdf-schema#label",
                "rel_uri": "rdfs:label",
                "approximation": false,
                "readable_label": null,
                "id": 3
            },
            {
                "source": 4,
                "target": 6,
                "abs_uri": "http://www.wikidata.org/prop/P1083",
                "rel_uri": "p:P1083",
                "approximation": false,
                "readable_label": "maximum capacity (P1083)",
                "id": 4
            },
            {
                "source": 4,
                "target": 2,
                "abs_uri": "http://www.wikidata.org/prop/P131",
                "rel_uri": "p:P131",
                "approximation": false,
                "readable_label": "located in the administrative territorial entity (P131)",
                "id": 5
            },
            {
                "source": 4,
                "target": 0,
                "abs_uri": "http://www.wikidata.org/prop/P466",
                "rel_uri": "p:P466",
                "approximation": false,
                "readable_label": "occupant (P466)",
                "id": 6
            }
        ]
    }
]