[{"version":1,"nodes":[{"col_index":0,"label":"col0","id":0},{"col_index":1,"label":"col1","id":1},{"col_index":2,"label":"col2","id":2},{"abs_uri":"http://www.wikidata.org/entity/Q19723451","rel_uri":"wd:Q19723451","approximation":false,"readable_label":"smartphone model (Q19723451)","id":3}],"edges":[{"source":3,"target":0,"abs_uri":"http://www.w3.org/2000/01/rdf-schema#label","rel_uri":"rdfs:label","approximation":false,"readable_label":"rdfs:label","id":0},{"source":3,"target":1,"abs_uri":"http://www.wikidata.org/prop/P7080","rel_uri":"p:P7080","approximation":false,"readable_label":"specific absorption rate (P7080)","id":1},{"source":3,"target":2,"abs_uri":"http://www.wikidata.org/prop/P2610","rel_uri":"p:P2610","approximation":false,"readable_label":"thickness (P2610)","id":2}]}]