[{"version":1,"nodes":[{"col_index":0,"label":"col0","id":0},{"col_index":1,"label":"col1","id":1},{"col_index":2,"label":"col2","id":2},{"abs_uri":"http://www.wikidata.org/entity/Q11032","rel_uri":"wd:Q11032","approximation":false,"readable_label":"newspaper (Q11032)","id":3}],"edges":[{"source":3,"target":0,"abs_uri":"http://www.w3.org/2000/01/rdf-schema#label","rel_uri":"rdfs:label","approximation":false,"readable_label":"rdfs:label","id":0},{"source":3,"target":1,"abs_uri":"http://www.wikidata.org/prop/P123","rel_uri":"p:P123","approximation":false,"readable_label":"publisher (P123)","id":1},{"source":3,"target":2,"abs_uri":"http://www.wikidata.org/prop/P1476","rel_uri":"p:P1476","approximation":false,"readable_label":"title (P1476)","id":2}]}]