{"version":"1.2","table":{"version":"2","table_id":"MG1ORUA8","columns":[{"index":0,"name":"col0","values":["Snopes trilogy","The Icewind Dale Trilogy","The Warlord Chronicles","Tamír Triad","Legends of the Riftwar","The Black Fleet Crisis","The Long Day Wanes: A Malayan Trilogy","Moonlight Bay Trilogy","VALIS trilogy","Fourth Realm trilogy","The Border Trilogy","The Legends Of The Emerged World trilogy","The Hunger Games","Machineries of Empire","Bel Dame Apocrypha","The Broken Earth","Luna series","Imperial Radch","Berlin Noir trilogy","Jules Vallès"]},{"index":1,"name":"col1","values":["William Faulkner","R. A. Salvatore","Bernard Cornwell","Lynn Flewelling","Raymond E. Feist","Michael P. Kube-McDowell","Anthony Burgess","Dean Koontz","Philip K. Dick","John Twelve Hawks","Cormac McCarthy","Licia Troisi","Suzanne Collins","Yoon Ha Lee","Kameron Hurley","N. K. Jemisin","Ian McDonald","Ann Leckie","Philip Kerr","Jules Valles"]},{"index":2,"name":"col2","values":["Gothic novel","speculative fiction novel","historical novel","high fantasy","fantasy literature","science fiction","novel","novel","philosophical novel","science fiction novel","western novel","speculative fiction novel","adventure novel","space opera","speculative fiction","science fiction","science fiction","space opera","crime novel","social novel"]},{"index":3,"name":"col3","values":["The Town","The Crystal Shard","The Winter King","Oracle's Queen","Jimmy the Hand","Before the Storm","Beds in the East","Fear Nothing","The Transmigration of Timothy Archer","The Traveler","All the Pretty Horses","Daughter Of The Blood","The Hunger Games","Ninefox Gambit","God's War","The Fifth Season","Luna: New Moon","Ancillary Justice","March Violets","The Child"]},{"index":4,"name":"col4","values":["English","English","English","American English","American English","English","English","English","English","English","English","Italian","Standard English","English","English","English","English","English","English","French"]}]},"context":{"page_title":null,"page_url":null,"page_entity_id":null,"content_hierarchy":[]},"links":[[[{"start":0,"end":24,"url":null,"entity_id":"Q2387958","candidates":[]}],[{"start":0,"end":15,"url":null,"entity_id":"Q316431","candidates":[]}],[{"start":0,"end":25,"url":null,"entity_id":"Q10992055","candidates":[]}],[{"start":0,"end":17,"url":null,"entity_id":"Q2410636","candidates":[]}],[{"start":0,"end":7,"url":null,"entity_id":"Q1860","candidates":[]}]],[[{"start":0,"end":22,"url":null,"entity_id":"Q2278897","candidates":[]}],[{"start":0,"end":16,"url":null,"entity_id":"Q446605","candidates":[]}],[{"start":0,"end":16,"url":null,"entity_id":"Q192239","candidates":[]}],[{"start":0,"end":15,"url":null,"entity_id":"Q1147949","candidates":[]}],[{"start":0,"end":7,"url":null,"entity_id":"Q1860","candidates":[]}]],[[{"start":0,"end":11,"url":null,"entity_id":"Q7681996","candidates":[]}],[{"start":0,"end":15,"url":null,"entity_id":"Q463279","candidates":[]}],[{"start":0,"end":12,"url":null,"entity_id":"Q326439","candidates":[]}],[{"start":0,"end":14,"url":null,"entity_id":"Q7099231","candidates":[]}],[{"start":0,"end":16,"url":null,"entity_id":"Q7976","candidates":[]}]],[[{"start":0,"end":22,"url":null,"entity_id":"Q5103785","candidates":[]}],[{"start":0,"end":16,"url":null,"entity_id":"Q350404","candidates":[]}],[{"start":0,"end":18,"url":null,"entity_id":"Q1057172","candidates":[]}],[{"start":0,"end":14,"url":null,"entity_id":"Q2609885","candidates":[]}],[{"start":0,"end":16,"url":null,"entity_id":"Q7976","candidates":[]}]],[[{"start":0,"end":22,"url":null,"entity_id":"Q7718316","candidates":[]}],[{"start":0,"end":24,"url":null,"entity_id":"Q352346","candidates":[]}],[{"start":0,"end":15,"url":null,"entity_id":"Q24925","candidates":[]}],[{"start":0,"end":16,"url":null,"entity_id":"Q4880378","candidates":[]}],[{"start":0,"end":7,"url":null,"entity_id":"Q1860","candidates":[]}]],[[{"start":0,"end":37,"url":null,"entity_id":"Q3998830","candidates":[]}],[{"start":0,"end":15,"url":null,"entity_id":"Q217619","candidates":[]}],[{"start":0,"end":5,"url":null,"entity_id":"Q8261","candidates":[]}],[{"start":0,"end":16,"url":null,"entity_id":"Q4879424","candidates":[]}],[{"start":0,"end":7,"url":null,"entity_id":"Q1860","candidates":[]}]],[[{"start":0,"end":21,"url":null,"entity_id":"Q3539207","candidates":[]}],[{"start":0,"end":11,"url":null,"entity_id":"Q272076","candidates":[]}],[{"start":0,"end":5,"url":null,"entity_id":"Q8261","candidates":[]}],[{"start":0,"end":12,"url":null,"entity_id":"Q3819960","candidates":[]}],[{"start":0,"end":7,"url":null,"entity_id":"Q1860","candidates":[]}]],[[{"start":0,"end":13,"url":null,"entity_id":"Q6497260","candidates":[]}],[{"start":0,"end":14,"url":null,"entity_id":"Q171091","candidates":[]}],[{"start":0,"end":19,"url":null,"entity_id":"Q2016518","candidates":[]}],[{"start":0,"end":36,"url":null,"entity_id":"Q1138582","candidates":[]}],[{"start":0,"end":7,"url":null,"entity_id":"Q1860","candidates":[]}]],[[{"start":0,"end":20,"url":null,"entity_id":"Q5476169","candidates":[]}],[{"start":0,"end":17,"url":null,"entity_id":"Q711746","candidates":[]}],[{"start":0,"end":21,"url":null,"entity_id":"Q12132683","candidates":[]}],[{"start":0,"end":12,"url":null,"entity_id":"Q493191","candidates":[]}],[{"start":0,"end":7,"url":null,"entity_id":"Q1860","candidates":[]}]],[[{"start":0,"end":18,"url":null,"entity_id":"Q3998819","candidates":[]}],[{"start":0,"end":15,"url":null,"entity_id":"Q272610","candidates":[]}],[{"start":0,"end":13,"url":null,"entity_id":"Q12197074","candidates":[]}],[{"start":0,"end":21,"url":null,"entity_id":"Q264519","candidates":[]}],[{"start":0,"end":7,"url":null,"entity_id":"Q1860","candidates":[]}]],[[{"start":0,"end":40,"url":null,"entity_id":"Q3270172","candidates":[]}],[{"start":0,"end":12,"url":null,"entity_id":"Q270070","candidates":[]}],[{"start":0,"end":25,"url":null,"entity_id":"Q10992055","candidates":[]}],[{"start":0,"end":21,"url":null,"entity_id":"Q3744769","candidates":[]}],[{"start":0,"end":7,"url":null,"entity_id":"Q652","candidates":[]}]],[[{"start":0,"end":16,"url":null,"entity_id":"Q11679","candidates":[]}],[{"start":0,"end":15,"url":null,"entity_id":"Q228624","candidates":[]}],[{"start":0,"end":15,"url":null,"entity_id":"Q319226","candidates":[]}],[{"start":0,"end":16,"url":null,"entity_id":"Q11678","candidates":[]}],[{"start":0,"end":16,"url":null,"entity_id":"Q14437894","candidates":[]}]],[[{"start":0,"end":21,"url":null,"entity_id":"Q42378123","candidates":[]}],[{"start":0,"end":11,"url":null,"entity_id":"Q16204372","candidates":[]}],[{"start":0,"end":11,"url":null,"entity_id":"Q468478","candidates":[]}],[{"start":0,"end":14,"url":null,"entity_id":"Q56307799","candidates":[]}],[{"start":0,"end":7,"url":null,"entity_id":"Q1860","candidates":[]}]],[[{"start":0,"end":18,"url":null,"entity_id":"Q62389067","candidates":[]}],[{"start":0,"end":14,"url":null,"entity_id":"Q6357011","candidates":[]}],[{"start":0,"end":19,"url":null,"entity_id":"Q5967378","candidates":[]}],[{"start":0,"end":9,"url":null,"entity_id":"Q43480368","candidates":[]}],[{"start":0,"end":7,"url":null,"entity_id":"Q1860","candidates":[]}]],[[{"start":0,"end":16,"url":null,"entity_id":"Q51844551","candidates":[]}],[{"start":0,"end":13,"url":null,"entity_id":"Q2427544","candidates":[]}],[{"start":0,"end":15,"url":null,"entity_id":"Q24925","candidates":[]}],[{"start":0,"end":16,"url":null,"entity_id":"Q25217632","candidates":[]}],[{"start":0,"end":7,"url":null,"entity_id":"Q1860","candidates":[]}]],[[{"start":0,"end":11,"url":null,"entity_id":"Q62388607","candidates":[]}],[{"start":0,"end":12,"url":null,"entity_id":"Q455228","candidates":[]}],[{"start":0,"end":15,"url":null,"entity_id":"Q24925","candidates":[]}],[{"start":0,"end":14,"url":null,"entity_id":"Q21065522","candidates":[]}],[{"start":0,"end":7,"url":null,"entity_id":"Q1860","candidates":[]}]],[[{"start":0,"end":14,"url":null,"entity_id":"Q18003139","candidates":[]}],[{"start":0,"end":10,"url":null,"entity_id":"Q16204354","candidates":[]}],[{"start":0,"end":11,"url":null,"entity_id":"Q468478","candidates":[]}],[{"start":0,"end":17,"url":null,"entity_id":"Q17001721","candidates":[]}],[{"start":0,"end":7,"url":null,"entity_id":"Q1860","candidates":[]}]],[[{"start":0,"end":19,"url":null,"entity_id":"Q16652803","candidates":[]}],[{"start":0,"end":11,"url":null,"entity_id":"Q556815","candidates":[]}],[{"start":0,"end":11,"url":null,"entity_id":"Q208505","candidates":[]}],[{"start":0,"end":13,"url":null,"entity_id":"Q3205586","candidates":[]}],[{"start":0,"end":7,"url":null,"entity_id":"Q1860","candidates":[]}]],[[{"start":0,"end":12,"url":null,"entity_id":"Q20789685","candidates":[]}],[{"start":0,"end":12,"url":null,"entity_id":"Q551597","candidates":[]}],[{"start":0,"end":12,"url":null,"entity_id":"Q740919","candidates":[]}],[{"start":0,"end":9,"url":null,"entity_id":"Q3202966","candidates":[]}],[{"start":0,"end":6,"url":null,"entity_id":"Q150","candidates":[]}]],[[{"start":0,"end":14,"url":null,"entity_id":"Q3213313","candidates":[]}],[{"start":0,"end":16,"url":null,"entity_id":"Q38392","candidates":[]}],[{"start":0,"end":12,"url":null,"entity_id":"Q192782","candidates":[]}],[{"start":0,"end":8,"url":null,"entity_id":"Q3213813","candidates":[]}],[{"start":0,"end":7,"url":null,"entity_id":"Q1860","candidates":[]}]]]}