{"version":"1.2","table":{"version":"2","table_id":"MG9CL6FH","columns":[{"index":0,"name":"col0","values":["Three Gorges Waterfall","Šarafiový vodopád","Salto de Candelas","Kmeťov","Mutarazi Falls","Bridal Veil Falls","Shoshone Falls","Gavarnie Falls","American Falls","Guaíra Falls","Vodopád Skok","Gouina Falls","Félou Falls","Tequendama Falls","Tugela Falls","Rhine Falls","Angel Falls","Virginia Falls","Chutes de Boali","Yudaki Falls"]},{"index":1,"name":"col1","values":["80","1","23","1.5","15","6.1","274","15","950","4828","1","430","1000","23","15","150","2000000000","259","250","25"]},{"index":2,"name":"col2","values":["440","1480","2467","1245","1719","2200","992","2200","96","213","1801","64","34","2467","2925","369","1283","500","461","1478"]}]},"context":{"page_title":null,"page_url":null,"page_entity_id":null,"content_hierarchy":[]},"links":[[[{"start":0,"end":17,"url":null,"entity_id":"Q3505179","candidates":[]}],[],[]],[[{"start":0,"end":17,"url":null,"entity_id":"Q3470245","candidates":[]}],[],[]],[[{"start":0,"end":6,"url":null,"entity_id":"Q3132732","candidates":[]}],[],[]],[[{"start":0,"end":14,"url":null,"entity_id":"Q3123675","candidates":[]}],[],[]],[[{"start":0,"end":17,"url":null,"entity_id":"Q2967724","candidates":[]}],[],[]],[[{"start":0,"end":14,"url":null,"entity_id":"Q1635297","candidates":[]}],[],[]],[[{"start":0,"end":14,"url":null,"entity_id":"Q1496402","candidates":[]}],[],[]],[[{"start":0,"end":14,"url":null,"entity_id":"Q1320475","candidates":[]}],[],[]],[[{"start":0,"end":12,"url":null,"entity_id":"Q940892","candidates":[]}],[],[]],[[{"start":0,"end":12,"url":null,"entity_id":"Q928348","candidates":[]}],[],[]],[[{"start":0,"end":12,"url":null,"entity_id":"Q606130","candidates":[]}],[],[]],[[{"start":0,"end":11,"url":null,"entity_id":"Q604144","candidates":[]}],[],[]],[[{"start":0,"end":16,"url":null,"entity_id":"Q490295","candidates":[]}],[],[]],[[{"start":0,"end":12,"url":null,"entity_id":"Q223649","candidates":[]}],[],[]],[[{"start":0,"end":11,"url":null,"entity_id":"Q214924","candidates":[]}],[],[]],[[{"start":0,"end":11,"url":null,"entity_id":"Q80299","candidates":[]}],[],[]],[[{"start":0,"end":14,"url":null,"entity_id":"Q38604","candidates":[]}],[],[]],[[{"start":0,"end":15,"url":null,"entity_id":"Q22501890","candidates":[]}],[],[]],[[{"start":0,"end":12,"url":null,"entity_id":"Q11563734","candidates":[]}],[],[]],[[{"start":0,"end":22,"url":null,"entity_id":"Q55697102","candidates":[]}],[],[]]]}