{"version":"1.2","table":{"version":"2","table_id":"MGXVWZXY","columns":[{"index":0,"name":"col0","values":["[CPS2012b] 42","[PR95] 50485","2MASX J02515206+0156504","HBQS 0253+0022","HBQS 0251-0111","LHA 115-N 88A","[AMB2011] HII 3205","[AMB2011] HII 3162","[AMB2011] HII 3179","[AMB2011] HII 3203","[AMB2011] HII 3228","[AMB2011] HII 3218","[AMB2011] HII 3404","[AMB2011] HII 3377","[AMB2011] HII 3401","[AMB2011] HII 3285","[AMB2011] HII 3146","[AMB2011] HII 3142","[AMB2011] HII 3245","[AMB2011] HII 3213"]},{"index":1,"name":"col1","values":["14.6975","148.676958","42.9669375","44.10542","43.631833","21.0325958","11.2157871391511","11.1975","11.20333","11.21417","11.2272011861134","11.2225","11.299333","11.29208","11.29833","11.24833","11.19","11.18708","11.23375","11.21958"]},{"index":2,"name":"col2","values":["19247","32","21699","3872","8277","160","-94.7","-54.6","-187.8","-148.4","-128.5","-120.7","-129.5","-226.3","-158.5","-201.5","-160.7","-173","-155.2","-146.1"]},{"index":3,"name":"col3","values":["29.81278","69.060625","1.9473389","0.57472","1.386417","-73.1510472","41.9072416949418","41.950194","41.453583","42.1595","41.5202063551873","42.042806","41.620194","41.8485","41.621306","41.638806","41.460417","41.478083","41.522944","41.563111"]},{"index":4,"name":"col4","values":["14.4","17.84","14.09","18.58","18.03","12.18","23.1","22.46","24.37","23.81","22.93","20.83","20.06","24.24","22.08","24.94","23.41","22.74","22.35","22.66"]}]},"context":{"page_title":null,"page_url":null,"page_entity_id":null,"content_hierarchy":[]},"links":[[[{"start":0,"end":12,"url":null,"entity_id":"Q85230285","candidates":[]}],[],[],[],[]],[[{"start":0,"end":23,"url":null,"entity_id":"Q85164038","candidates":[]}],[],[],[],[]],[[{"start":0,"end":14,"url":null,"entity_id":"Q85164034","candidates":[]}],[],[],[],[]],[[{"start":0,"end":14,"url":null,"entity_id":"Q85163833","candidates":[]}],[],[],[],[]],[[{"start":0,"end":13,"url":null,"entity_id":"Q84981549","candidates":[]}],[],[],[],[]],[[{"start":0,"end":18,"url":null,"entity_id":"Q86604715","candidates":[]}],[],[],[],[]],[[{"start":0,"end":18,"url":null,"entity_id":"Q86604713","candidates":[]}],[],[],[],[]],[[{"start":0,"end":18,"url":null,"entity_id":"Q86604700","candidates":[]}],[],[],[],[]],[[{"start":0,"end":18,"url":null,"entity_id":"Q86604696","candidates":[]}],[],[],[],[]],[[{"start":0,"end":18,"url":null,"entity_id":"Q86604694","candidates":[]}],[],[],[],[]],[[{"start":0,"end":18,"url":null,"entity_id":"Q86604684","candidates":[]}],[],[],[],[]],[[{"start":0,"end":18,"url":null,"entity_id":"Q86604653","candidates":[]}],[],[],[],[]],[[{"start":0,"end":18,"url":null,"entity_id":"Q86604651","candidates":[]}],[],[],[],[]],[[{"start":0,"end":18,"url":null,"entity_id":"Q86604577","candidates":[]}],[],[],[],[]],[[{"start":0,"end":18,"url":null,"entity_id":"Q86604543","candidates":[]}],[],[],[],[]],[[{"start":0,"end":18,"url":null,"entity_id":"Q86604537","candidates":[]}],[],[],[],[]],[[{"start":0,"end":18,"url":null,"entity_id":"Q86604528","candidates":[]}],[],[],[],[]],[[{"start":0,"end":18,"url":null,"entity_id":"Q86604509","candidates":[]}],[],[],[],[]],[[{"start":0,"end":18,"url":null,"entity_id":"Q86604496","candidates":[]}],[],[],[],[]],[[{"start":0,"end":13,"url":null,"entity_id":"Q85263180","candidates":[]}],[],[],[],[]]]}