{"version":"1.2","table":{"version":"2","table_id":"MH9FAY4R","columns":[{"index":0,"name":"col0","values":["NGC 5986","NGC 2808","NGC 6362","NGC 5286","NGC 6553","NGC 4372","NGC 288","NGC 4833","NGC 3201","NGC 6397","NGC 7006","NGC 6934","NGC 2419","NGC 6723","NGC 362","NGC 6544","NGC 1851","NGC 6541","Palomar 4","NGC 6752"]},{"index":1,"name":"col1","values":["6.92","5.69","8.86","8.31","4.822","9.85","8.13","7.79","8.24","5.17","10.46","9.75","10.05","6.81","6.58","9.9","7.23","7.32","14.074","6.28"]},{"index":2,"name":"col2","values":["Milky Way","Milky Way","Milky Way","Milky Way","Milky Way","Milky Way","Milky Way","Milky Way","Milky Way","Milky Way","Milky Way","Milky Way","Milky Way","Milky Way","Milky Way","Milky Way","Milky Way","Milky Way","Milky Way","Milky Way"]}]},"context":{"page_title":null,"page_url":null,"page_entity_id":null,"content_hierarchy":[]},"links":[[[{"start":0,"end":8,"url":null,"entity_id":"Q939452","candidates":[]}],[],[{"start":0,"end":9,"url":null,"entity_id":"Q321","candidates":[]}]],[[{"start":0,"end":8,"url":null,"entity_id":"Q932468","candidates":[]}],[],[{"start":0,"end":9,"url":null,"entity_id":"Q321","candidates":[]}]],[[{"start":0,"end":8,"url":null,"entity_id":"Q915535","candidates":[]}],[],[{"start":0,"end":9,"url":null,"entity_id":"Q321","candidates":[]}]],[[{"start":0,"end":8,"url":null,"entity_id":"Q910899","candidates":[]}],[],[{"start":0,"end":9,"url":null,"entity_id":"Q321","candidates":[]}]],[[{"start":0,"end":8,"url":null,"entity_id":"Q899854","candidates":[]}],[],[{"start":0,"end":9,"url":null,"entity_id":"Q321","candidates":[]}]],[[{"start":0,"end":7,"url":null,"entity_id":"Q850541","candidates":[]}],[],[{"start":0,"end":9,"url":null,"entity_id":"Q321","candidates":[]}]],[[{"start":0,"end":8,"url":null,"entity_id":"Q840301","candidates":[]}],[],[{"start":0,"end":9,"url":null,"entity_id":"Q321","candidates":[]}]],[[{"start":0,"end":8,"url":null,"entity_id":"Q840010","candidates":[]}],[],[{"start":0,"end":9,"url":null,"entity_id":"Q321","candidates":[]}]],[[{"start":0,"end":8,"url":null,"entity_id":"Q757175","candidates":[]}],[],[{"start":0,"end":9,"url":null,"entity_id":"Q321","candidates":[]}]],[[{"start":0,"end":8,"url":null,"entity_id":"Q745052","candidates":[]}],[],[{"start":0,"end":9,"url":null,"entity_id":"Q321","candidates":[]}]],[[{"start":0,"end":8,"url":null,"entity_id":"Q745029","candidates":[]}],[],[{"start":0,"end":9,"url":null,"entity_id":"Q321","candidates":[]}]],[[{"start":0,"end":8,"url":null,"entity_id":"Q744991","candidates":[]}],[],[{"start":0,"end":9,"url":null,"entity_id":"Q321","candidates":[]}]],[[{"start":0,"end":8,"url":null,"entity_id":"Q612606","candidates":[]}],[],[{"start":0,"end":9,"url":null,"entity_id":"Q321","candidates":[]}]],[[{"start":0,"end":7,"url":null,"entity_id":"Q597212","candidates":[]}],[],[{"start":0,"end":9,"url":null,"entity_id":"Q321","candidates":[]}]],[[{"start":0,"end":8,"url":null,"entity_id":"Q596274","candidates":[]}],[],[{"start":0,"end":9,"url":null,"entity_id":"Q321","candidates":[]}]],[[{"start":0,"end":8,"url":null,"entity_id":"Q586837","candidates":[]}],[],[{"start":0,"end":9,"url":null,"entity_id":"Q321","candidates":[]}]],[[{"start":0,"end":8,"url":null,"entity_id":"Q377467","candidates":[]}],[],[{"start":0,"end":9,"url":null,"entity_id":"Q321","candidates":[]}]],[[{"start":0,"end":9,"url":null,"entity_id":"Q301326","candidates":[]}],[],[{"start":0,"end":9,"url":null,"entity_id":"Q321","candidates":[]}]],[[{"start":0,"end":8,"url":null,"entity_id":"Q267072","candidates":[]}],[],[{"start":0,"end":9,"url":null,"entity_id":"Q321","candidates":[]}]],[[{"start":0,"end":8,"url":null,"entity_id":"Q1029889","candidates":[]}],[],[{"start":0,"end":9,"url":null,"entity_id":"Q321","candidates":[]}]]]}