{"version":"1.2","table":{"version":"2","table_id":"MILDO1H7","columns":[{"index":0,"name":"col0","values":["Nu Cancri","Iota Coronae Borealis","Chi Lupi","6 Draconis","4 Equulei","22 Vulpeculae","14 Sagittae","12 Comae Berenices","Rho3 Arietis","21 Comae Berenices","HD 8375","BD-07 1642","HD 2421","HD 139461","HD 122742","Alpha1 Librae","49 Librae","39 Ceti","18 Monocerotis","3 Camelopardalis"]},{"index":1,"name":"col1","values":["129.2574","110.0958","62.1914","132.6999","38.0935","425.0978","203.4919","84.5451","36.6896","83.3576","54.2141","378.8309","88.7831","35.3392","16.4365","23.3685","29.2158","74.3345","123.5376","122.5655"]},{"index":2,"name":"col2","values":["0.15","-0.01","0.05","-0.21","7.46","0.31","0.6","-0.49","-0.21","-1.48","-0.05","-0.07","-0.1","-0.07","7.44","-0.03","7.48","-0.38","-0.12","-0.21"]},{"index":3,"name":"col3","values":["7.7365","9.083","16.0794","7.5358","26.2512","2.3524","4.9142","11.892","27.2557","12.023","18.4454","2.6397","11.2634","28.2972","60.8403","42.7927","34.2281","13.4527","8.0947","8.1589"]}]},"context":{"page_title":null,"page_url":null,"page_entity_id":null,"content_hierarchy":[]},"links":[[[{"start":0,"end":21,"url":null,"entity_id":"Q5098345","candidates":[]}],[],[],[]],[[{"start":0,"end":8,"url":null,"entity_id":"Q5095088","candidates":[]}],[],[],[]],[[{"start":0,"end":10,"url":null,"entity_id":"Q4642502","candidates":[]}],[],[],[]],[[{"start":0,"end":9,"url":null,"entity_id":"Q4639038","candidates":[]}],[],[],[]],[[{"start":0,"end":13,"url":null,"entity_id":"Q4631335","candidates":[]}],[],[],[]],[[{"start":0,"end":11,"url":null,"entity_id":"Q4549964","candidates":[]}],[],[],[]],[[{"start":0,"end":18,"url":null,"entity_id":"Q4548691","candidates":[]}],[],[],[]],[[{"start":0,"end":12,"url":null,"entity_id":"Q4405320","candidates":[]}],[],[],[]],[[{"start":0,"end":18,"url":null,"entity_id":"Q4272031","candidates":[]}],[],[],[]],[[{"start":0,"end":7,"url":null,"entity_id":"Q3781810","candidates":[]}],[],[],[]],[[{"start":0,"end":10,"url":null,"entity_id":"Q3781238","candidates":[]}],[],[],[]],[[{"start":0,"end":7,"url":null,"entity_id":"Q3780860","candidates":[]}],[],[],[]],[[{"start":0,"end":9,"url":null,"entity_id":"Q3780575","candidates":[]}],[],[],[]],[[{"start":0,"end":9,"url":null,"entity_id":"Q3780470","candidates":[]}],[],[],[]],[[{"start":0,"end":13,"url":null,"entity_id":"Q3612958","candidates":[]}],[],[],[]],[[{"start":0,"end":9,"url":null,"entity_id":"Q3599178","candidates":[]}],[],[],[]],[[{"start":0,"end":7,"url":null,"entity_id":"Q3598979","candidates":[]}],[],[],[]],[[{"start":0,"end":14,"url":null,"entity_id":"Q3597849","candidates":[]}],[],[],[]],[[{"start":0,"end":16,"url":null,"entity_id":"Q3281140","candidates":[]}],[],[],[]],[[{"start":0,"end":9,"url":null,"entity_id":"Q5174151","candidates":[]}],[],[],[]]]}