{"version":"1.2","table":{"version":"2","table_id":"MJZIKACO","columns":[{"index":0,"name":"col0","values":["Biblioteca Pública del Estado en Guadalajara","Biblioteca Pública del Estado en Toledo","Biblioteca Pública de Pontevedra Antonio Odriozola","Jaén Public Library","Biblioteca de Castilla y León","Biblioteca Pública del Estado en León","Biblioteca Pública del Estado en Albacete","Library of the Senate of Spain","Biblioteca Pública del Estado en Soria","Biblioteca Pública del Estado en Burgos","Biblioteca Pública del Estado en Palma de Mallorca","Tarragona Public Library","Biblioteca Pública del Estado en Gijón","Seville Public Library","Biblioteca Ánxel Casal","Biblioteca Pública del Estado en Zamora","Biblioteca Pública de Toledo","Huelva Public Library","Biblioteca \"Fernando de Loaces\"","Granada Public Library"]},{"index":1,"name":"col1","values":["Biblioteca Pública del Estado","Biblioteca Pública del Estado","Biblioteca Pública del Estado","Biblioteca Pública del Estado","Biblioteca Pública del Estado","Biblioteca Pública del Estado","Biblioteca Pública del Estado","Senate of Spain","Biblioteca Pública del Estado","Biblioteca Pública del Estado","Biblioteca Pública del Estado","Biblioteca Pública del Estado","Biblioteca Pública del Estado","Biblioteca Pública del Estado","Biblioteca Pública del Estado","Biblioteca Pública del Estado","Biblioteca Pública del Estado","Biblioteca Pública del Estado","Biblioteca Pública del Estado","Biblioteca Pública del Estado"]},{"index":2,"name":"col2","values":["Ministry of Culture and Sport","Ministry of Culture and Sport","Ministry of Culture and Sport","Ministry of Culture and Sport","Ministry of Culture and Sport","Ministry of Culture and Sport","Ministry of Culture and Sport","Senate of Spain","Ministry of Culture and Sport","Ministry of Culture and Sport","Ministry of Culture and Sport","Ministry of Culture and Sport","Ministry of Culture and Sport","Ministry of Culture and Sport","Ministry of Culture and Sport","Ministry of Culture and Sport","Ministry of Culture and Sport","Ministry of Culture and Sport","Ministry of Culture and Sport","Ministry of Culture and Sport"]}]},"context":{"page_title":null,"page_url":null,"page_entity_id":null,"content_hierarchy":[]},"links":[[[{"start":0,"end":39,"url":null,"entity_id":"Q29047094","candidates":[]}],[{"start":0,"end":29,"url":null,"entity_id":"Q5727891","candidates":[]}],[{"start":0,"end":29,"url":null,"entity_id":"Q54909112","candidates":[]}]],[[{"start":0,"end":50,"url":null,"entity_id":"Q28554133","candidates":[]}],[{"start":0,"end":29,"url":null,"entity_id":"Q5727891","candidates":[]}],[{"start":0,"end":29,"url":null,"entity_id":"Q54909112","candidates":[]}]],[[{"start":0,"end":19,"url":null,"entity_id":"Q27032797","candidates":[]}],[{"start":0,"end":29,"url":null,"entity_id":"Q5727891","candidates":[]}],[{"start":0,"end":29,"url":null,"entity_id":"Q54909112","candidates":[]}]],[[{"start":0,"end":29,"url":null,"entity_id":"Q24237950","candidates":[]}],[{"start":0,"end":29,"url":null,"entity_id":"Q5727891","candidates":[]}],[{"start":0,"end":29,"url":null,"entity_id":"Q54909112","candidates":[]}]],[[{"start":0,"end":37,"url":null,"entity_id":"Q20017103","candidates":[]}],[{"start":0,"end":29,"url":null,"entity_id":"Q5727891","candidates":[]}],[{"start":0,"end":29,"url":null,"entity_id":"Q54909112","candidates":[]}]],[[{"start":0,"end":41,"url":null,"entity_id":"Q18417227","candidates":[]}],[{"start":0,"end":29,"url":null,"entity_id":"Q5727891","candidates":[]}],[{"start":0,"end":29,"url":null,"entity_id":"Q54909112","candidates":[]}]],[[{"start":0,"end":30,"url":null,"entity_id":"Q28922608","candidates":[]}],[{"start":0,"end":15,"url":null,"entity_id":"Q855343","candidates":[]}],[{"start":0,"end":15,"url":null,"entity_id":"Q855343","candidates":[]}]],[[{"start":0,"end":38,"url":null,"entity_id":"Q16489699","candidates":[]}],[{"start":0,"end":29,"url":null,"entity_id":"Q5727891","candidates":[]}],[{"start":0,"end":29,"url":null,"entity_id":"Q54909112","candidates":[]}]],[[{"start":0,"end":39,"url":null,"entity_id":"Q16489697","candidates":[]}],[{"start":0,"end":29,"url":null,"entity_id":"Q5727891","candidates":[]}],[{"start":0,"end":29,"url":null,"entity_id":"Q54909112","candidates":[]}]],[[{"start":0,"end":50,"url":null,"entity_id":"Q11909318","candidates":[]}],[{"start":0,"end":29,"url":null,"entity_id":"Q5727891","candidates":[]}],[{"start":0,"end":29,"url":null,"entity_id":"Q54909112","candidates":[]}]],[[{"start":0,"end":24,"url":null,"entity_id":"Q11909310","candidates":[]}],[{"start":0,"end":29,"url":null,"entity_id":"Q5727891","candidates":[]}],[{"start":0,"end":29,"url":null,"entity_id":"Q54909112","candidates":[]}]],[[{"start":0,"end":38,"url":null,"entity_id":"Q8247557","candidates":[]}],[{"start":0,"end":29,"url":null,"entity_id":"Q5727891","candidates":[]}],[{"start":0,"end":29,"url":null,"entity_id":"Q54909112","candidates":[]}]],[[{"start":0,"end":22,"url":null,"entity_id":"Q7458071","candidates":[]}],[{"start":0,"end":29,"url":null,"entity_id":"Q5727891","candidates":[]}],[{"start":0,"end":29,"url":null,"entity_id":"Q54909112","candidates":[]}]],[[{"start":0,"end":22,"url":null,"entity_id":"Q5728093","candidates":[]}],[{"start":0,"end":29,"url":null,"entity_id":"Q5727891","candidates":[]}],[{"start":0,"end":29,"url":null,"entity_id":"Q54909112","candidates":[]}]],[[{"start":0,"end":39,"url":null,"entity_id":"Q5727905","candidates":[]}],[{"start":0,"end":29,"url":null,"entity_id":"Q5727891","candidates":[]}],[{"start":0,"end":29,"url":null,"entity_id":"Q54909112","candidates":[]}]],[[{"start":0,"end":28,"url":null,"entity_id":"Q5727901","candidates":[]}],[{"start":0,"end":29,"url":null,"entity_id":"Q5727891","candidates":[]}],[{"start":0,"end":29,"url":null,"entity_id":"Q54909112","candidates":[]}]],[[{"start":0,"end":21,"url":null,"entity_id":"Q5727896","candidates":[]}],[{"start":0,"end":29,"url":null,"entity_id":"Q5727891","candidates":[]}],[{"start":0,"end":29,"url":null,"entity_id":"Q54909112","candidates":[]}]],[[{"start":0,"end":31,"url":null,"entity_id":"Q5727765","candidates":[]}],[{"start":0,"end":29,"url":null,"entity_id":"Q5727891","candidates":[]}],[{"start":0,"end":29,"url":null,"entity_id":"Q54909112","candidates":[]}]],[[{"start":0,"end":22,"url":null,"entity_id":"Q5594100","candidates":[]}],[{"start":0,"end":29,"url":null,"entity_id":"Q5727891","candidates":[]}],[{"start":0,"end":29,"url":null,"entity_id":"Q54909112","candidates":[]}]],[[{"start":0,"end":44,"url":null,"entity_id":"Q29509796","candidates":[]}],[{"start":0,"end":29,"url":null,"entity_id":"Q5727891","candidates":[]}],[{"start":0,"end":29,"url":null,"entity_id":"Q54909112","candidates":[]}]]]}