{"version":"1.2","table":{"version":"2","table_id":"MK0O3EXP","columns":[{"index":0,"name":"col0","values":["Beanibazar Upazila","Fenchuganj Upazila","Hizla Upazila","Kalapara Upazila","Mathbaria Upazila","Gournadi Upazila","Kawkhali Upazila, Pirojpur District","Nazirpur Upazila","Patharghata Upazila","Banaripara Upazila","Bakerganj Upazila","Mirzaganj Upazila","Bhola Sadar Upazila","Bamna Upazila","Derai Upazila","Chunarughat Upazila","Chhatak Upazila","Baniachang Upazila","Bahubal Upazila","Ajmiriganj Upazila"]},{"index":1,"name":"col1","values":["42119","18859","30529","57525","61187","41561","16208","40561","43085","34186","71537","28205","88068","19537","45040","61132","66724","59433","37334","21293"]},{"index":2,"name":"col2","values":["15","18","2","7","5","12","4","4","8","11","2","6","10","6","11","21","11","11","10","9"]}]},"context":{"page_title":null,"page_url":null,"page_entity_id":null,"content_hierarchy":[]},"links":[[[{"start":0,"end":18,"url":null,"entity_id":"Q3346855","candidates":[]}],[],[]],[[{"start":0,"end":18,"url":null,"entity_id":"Q3346846","candidates":[]}],[],[]],[[{"start":0,"end":13,"url":null,"entity_id":"Q3346800","candidates":[]}],[],[]],[[{"start":0,"end":16,"url":null,"entity_id":"Q3346759","candidates":[]}],[],[]],[[{"start":0,"end":17,"url":null,"entity_id":"Q3346745","candidates":[]}],[],[]],[[{"start":0,"end":16,"url":null,"entity_id":"Q3346713","candidates":[]}],[],[]],[[{"start":0,"end":35,"url":null,"entity_id":"Q3346673","candidates":[]}],[],[]],[[{"start":0,"end":16,"url":null,"entity_id":"Q3346646","candidates":[]}],[],[]],[[{"start":0,"end":19,"url":null,"entity_id":"Q3346638","candidates":[]}],[],[]],[[{"start":0,"end":18,"url":null,"entity_id":"Q3346626","candidates":[]}],[],[]],[[{"start":0,"end":17,"url":null,"entity_id":"Q3346608","candidates":[]}],[],[]],[[{"start":0,"end":17,"url":null,"entity_id":"Q3346272","candidates":[]}],[],[]],[[{"start":0,"end":19,"url":null,"entity_id":"Q3346209","candidates":[]}],[],[]],[[{"start":0,"end":13,"url":null,"entity_id":"Q3346189","candidates":[]}],[],[]],[[{"start":0,"end":13,"url":null,"entity_id":"Q5261293","candidates":[]}],[],[]],[[{"start":0,"end":19,"url":null,"entity_id":"Q5116232","candidates":[]}],[],[]],[[{"start":0,"end":15,"url":null,"entity_id":"Q5094794","candidates":[]}],[],[]],[[{"start":0,"end":18,"url":null,"entity_id":"Q4855744","candidates":[]}],[],[]],[[{"start":0,"end":15,"url":null,"entity_id":"Q4842917","candidates":[]}],[],[]],[[{"start":0,"end":18,"url":null,"entity_id":"Q4699915","candidates":[]}],[],[]]]}