{"version":"1.2","table":{"version":"2","table_id":"MKZA0QY9","columns":[{"index":0,"name":"col0","values":["Drážov","Drmoul","Drahonice","Doubravice","Doubrava","Dolní Žandov","Braňany","Cítoliby","Bratřejov","Bratčice","Bratčice","Branžež","Braníškov","Branná","Branišovice","Branišov","Brandýs nad Labem-Stará Boleslav","Brandýs nad Orlicí","Brandov","Brambory","Bradlecká Lhota","Brada-Rybníček","Boží Dar","Božičany","Božice","Božejov","Božanov","Bošovice","Bořitov","Bořetín","Bořetice","Bořenovice","Bořanovice","Bouzov","Bousín","Boskovice","Boršov nad Vltavou","Boršice","Bory","Borová","Borovník","Borovno","Borovnička"]},{"index":1,"name":"col1","values":["240","1011","357","277","1213","1240","1292","1094","762","376","708","233","195","267","593","241","19136","1303","247","112","236","148","253","636","1546","633","362","1229","1317","104","1289","194","860","1500","134","11622","1919","2162","790","205","102","92","188"]},{"index":2,"name":"col2","values":["12.311858","6.372932","12.721773","7.450265","7.779904","41.338489","6.129196","6.822074","11.945801","8.26523","6.164623","6.700124","3.66496","14.558397","11.061275","5.182137","22.654825","4.327082","12.302544","1.252336","3.69336","1.93085","37.91298","7.661148","29.889316","9.321283","19.228279","12.877125","9.947238","5.884674","9.140579","1.619337","5.349188","42.310977","3.418809","27.815442","9.95736","9.8216","16.4684","3.070705","2.718325","3.261932","5.793234"]},{"index":3,"name":"col3","values":["660","562","468","531","235","540","253","236","420","318","215","263","486","633","194","409","169","305","543","234","335","400","1028","424","195","602","405","270","305","580","192","250","249","445","611","381","413","212","520","630","488","582","464"]}]},"context":{"page_title":null,"page_url":null,"page_entity_id":null,"content_hierarchy":[]},"links":[[[{"start":0,"end":6,"url":null,"entity_id":"Q909942","candidates":[]}],[],[],[]],[[{"start":0,"end":9,"url":null,"entity_id":"Q909634","candidates":[]}],[],[],[]],[[{"start":0,"end":10,"url":null,"entity_id":"Q909364","candidates":[]}],[],[],[]],[[{"start":0,"end":8,"url":null,"entity_id":"Q909352","candidates":[]}],[],[],[]],[[{"start":0,"end":12,"url":null,"entity_id":"Q907946","candidates":[]}],[],[],[]],[[{"start":0,"end":7,"url":null,"entity_id":"Q903396","candidates":[]}],[],[],[]],[[{"start":0,"end":8,"url":null,"entity_id":"Q900615","candidates":[]}],[],[],[]],[[{"start":0,"end":9,"url":null,"entity_id":"Q899939","candidates":[]}],[],[],[]],[[{"start":0,"end":8,"url":null,"entity_id":"Q899928","candidates":[]}],[],[],[]],[[{"start":0,"end":8,"url":null,"entity_id":"Q899887","candidates":[]}],[],[],[]],[[{"start":0,"end":7,"url":null,"entity_id":"Q898954","candidates":[]}],[],[],[]],[[{"start":0,"end":9,"url":null,"entity_id":"Q898946","candidates":[]}],[],[],[]],[[{"start":0,"end":6,"url":null,"entity_id":"Q898791","candidates":[]}],[],[],[]],[[{"start":0,"end":11,"url":null,"entity_id":"Q898632","candidates":[]}],[],[],[]],[[{"start":0,"end":8,"url":null,"entity_id":"Q898622","candidates":[]}],[],[],[]],[[{"start":0,"end":32,"url":null,"entity_id":"Q898468","candidates":[]}],[],[],[]],[[{"start":0,"end":18,"url":null,"entity_id":"Q898464","candidates":[]}],[],[],[]],[[{"start":0,"end":7,"url":null,"entity_id":"Q898220","candidates":[]}],[],[],[]],[[{"start":0,"end":8,"url":null,"entity_id":"Q897562","candidates":[]}],[],[],[]],[[{"start":0,"end":15,"url":null,"entity_id":"Q896989","candidates":[]}],[],[],[]],[[{"start":0,"end":14,"url":null,"entity_id":"Q896888","candidates":[]}],[],[],[]],[[{"start":0,"end":8,"url":null,"entity_id":"Q896422","candidates":[]}],[],[],[]],[[{"start":0,"end":8,"url":null,"entity_id":"Q896409","candidates":[]}],[],[],[]],[[{"start":0,"end":6,"url":null,"entity_id":"Q896384","candidates":[]}],[],[],[]],[[{"start":0,"end":7,"url":null,"entity_id":"Q896370","candidates":[]}],[],[],[]],[[{"start":0,"end":7,"url":null,"entity_id":"Q896365","candidates":[]}],[],[],[]],[[{"start":0,"end":8,"url":null,"entity_id":"Q896329","candidates":[]}],[],[],[]],[[{"start":0,"end":7,"url":null,"entity_id":"Q896292","candidates":[]}],[],[],[]],[[{"start":0,"end":7,"url":null,"entity_id":"Q896287","candidates":[]}],[],[],[]],[[{"start":0,"end":8,"url":null,"entity_id":"Q896281","candidates":[]}],[],[],[]],[[{"start":0,"end":10,"url":null,"entity_id":"Q896278","candidates":[]}],[],[],[]],[[{"start":0,"end":10,"url":null,"entity_id":"Q896274","candidates":[]}],[],[],[]],[[{"start":0,"end":6,"url":null,"entity_id":"Q895330","candidates":[]}],[],[],[]],[[{"start":0,"end":6,"url":null,"entity_id":"Q895286","candidates":[]}],[],[],[]],[[{"start":0,"end":9,"url":null,"entity_id":"Q894440","candidates":[]}],[],[],[]],[[{"start":0,"end":18,"url":null,"entity_id":"Q894336","candidates":[]}],[],[],[]],[[{"start":0,"end":7,"url":null,"entity_id":"Q894334","candidates":[]}],[],[],[]],[[{"start":0,"end":4,"url":null,"entity_id":"Q894301","candidates":[]}],[],[],[]],[[{"start":0,"end":6,"url":null,"entity_id":"Q894113","candidates":[]}],[],[],[]],[[{"start":0,"end":8,"url":null,"entity_id":"Q894111","candidates":[]}],[],[],[]],[[{"start":0,"end":7,"url":null,"entity_id":"Q894109","candidates":[]}],[],[],[]],[[{"start":0,"end":10,"url":null,"entity_id":"Q894108","candidates":[]}],[],[],[]],[[{"start":0,"end":6,"url":null,"entity_id":"Q910325","candidates":[]}],[],[],[]]]}