{"version":"1.2","table":{"version":"2","table_id":"MLFFDTJU","columns":[{"index":0,"name":"col0","values":["Oulad Teima","Taroudant","Asilah","Assa, Morocco","Chefchaouen","Biougra","Debdou","Erfoud","Bouznika","Sidi Ifni","Al Aaroui","Ouazzane","Boujdour","Khouribga","Moulay Idriss Zerhoun","Tiznit","Oued Amlil","Berkane","Beni Ansar / Aït Nsar","Fnideq"]},{"index":1,"name":"col1","values":["19652","18788","7947","2990","10295","9476","1137","5547","8488","5463","10132","14835","9511","43487","3022","18420","2154","34425","12897","18491"]},{"index":2,"name":"col2","values":["89387","80149","31147","14570","42786","37933","4960","29279","37238","21618","47599","59606","42651","196196","11615","74699","10405","148456","56582","77436"]},{"index":3,"name":"col3","values":["124","240","2","305","564","133","1000","807","19","155","37","220","0","786","530","244","274","598","61","0"]}]},"context":{"page_title":null,"page_url":null,"page_entity_id":null,"content_hierarchy":[]},"links":[[[{"start":0,"end":11,"url":null,"entity_id":"Q785945","candidates":[]}],[],[],[]],[[{"start":0,"end":9,"url":null,"entity_id":"Q762727","candidates":[]}],[],[],[]],[[{"start":0,"end":6,"url":null,"entity_id":"Q730328","candidates":[]}],[],[],[]],[[{"start":0,"end":13,"url":null,"entity_id":"Q685870","candidates":[]}],[],[],[]],[[{"start":0,"end":11,"url":null,"entity_id":"Q676778","candidates":[]}],[],[],[]],[[{"start":0,"end":7,"url":null,"entity_id":"Q662659","candidates":[]}],[],[],[]],[[{"start":0,"end":6,"url":null,"entity_id":"Q654695","candidates":[]}],[],[],[]],[[{"start":0,"end":6,"url":null,"entity_id":"Q648987","candidates":[]}],[],[],[]],[[{"start":0,"end":8,"url":null,"entity_id":"Q638967","candidates":[]}],[],[],[]],[[{"start":0,"end":9,"url":null,"entity_id":"Q632361","candidates":[]}],[],[],[]],[[{"start":0,"end":9,"url":null,"entity_id":"Q613913","candidates":[]}],[],[],[]],[[{"start":0,"end":8,"url":null,"entity_id":"Q602426","candidates":[]}],[],[],[]],[[{"start":0,"end":8,"url":null,"entity_id":"Q599897","candidates":[]}],[],[],[]],[[{"start":0,"end":9,"url":null,"entity_id":"Q595974","candidates":[]}],[],[],[]],[[{"start":0,"end":21,"url":null,"entity_id":"Q593222","candidates":[]}],[],[],[]],[[{"start":0,"end":6,"url":null,"entity_id":"Q587107","candidates":[]}],[],[],[]],[[{"start":0,"end":10,"url":null,"entity_id":"Q580553","candidates":[]}],[],[],[]],[[{"start":0,"end":7,"url":null,"entity_id":"Q574469","candidates":[]}],[],[],[]],[[{"start":0,"end":21,"url":null,"entity_id":"Q537462","candidates":[]}],[],[],[]],[[{"start":0,"end":6,"url":null,"entity_id":"Q513678","candidates":[]}],[],[],[]]]}