{"version":"1.2","table":{"version":"2","table_id":"MLTINAZX","columns":[{"index":0,"name":"col0","values":["iridium-199","iridium-198","iridium-197","iridium-196","iridium-195","iridium-194","iridium-192","iridium-190","iridium-189","iridium-188","iridium-187","iridium-186","iridium-185","iridium-184","iridium-183","iridium-182","iridium-181","iridium-180","iridium-179","iridium-178"]},{"index":1,"name":"col1","values":["198.973807115","197.97228","196.969657233","195.968399696","194.965976967","193.965075773","191.962602485","189.960543445","188.958722669","187.958835046","186.957542","185.957946754","184.956698","183.957476","182.956839968","181.958076296","180.957634694","179.959229446","178.959117596","177.961082"]},{"index":2,"name":"col2","values":["-24398.515","-25821","-28264.105","-29435.493","-31692.251","-32531.708","-34835.561","-36753.544","-38449.586","-38344.907","-39549.372","-39172.346","-40335.553","-39610.851","-40203.311","-39051.679","-39463.028","-37977.526","-38081.714","-36251.884"]},{"index":3,"name":"col3","values":["6","8","5.8","52","2.5","19.28","73.829","11.78","13.2","41.5","10.5","1.9","14.4","3.09","57","15","4.9","1.5","79","12"]}]},"context":{"page_title":null,"page_url":null,"page_entity_id":null,"content_hierarchy":[]},"links":[[[{"start":0,"end":11,"url":null,"entity_id":"Q18883059","candidates":[]}],[],[],[]],[[{"start":0,"end":11,"url":null,"entity_id":"Q18883058","candidates":[]}],[],[],[]],[[{"start":0,"end":11,"url":null,"entity_id":"Q18883056","candidates":[]}],[],[],[]],[[{"start":0,"end":11,"url":null,"entity_id":"Q18883053","candidates":[]}],[],[],[]],[[{"start":0,"end":11,"url":null,"entity_id":"Q18883051","candidates":[]}],[],[],[]],[[{"start":0,"end":11,"url":null,"entity_id":"Q18883048","candidates":[]}],[],[],[]],[[{"start":0,"end":11,"url":null,"entity_id":"Q18883042","candidates":[]}],[],[],[]],[[{"start":0,"end":11,"url":null,"entity_id":"Q18883034","candidates":[]}],[],[],[]],[[{"start":0,"end":11,"url":null,"entity_id":"Q18883031","candidates":[]}],[],[],[]],[[{"start":0,"end":11,"url":null,"entity_id":"Q18883029","candidates":[]}],[],[],[]],[[{"start":0,"end":11,"url":null,"entity_id":"Q18883026","candidates":[]}],[],[],[]],[[{"start":0,"end":11,"url":null,"entity_id":"Q18883024","candidates":[]}],[],[],[]],[[{"start":0,"end":11,"url":null,"entity_id":"Q18883022","candidates":[]}],[],[],[]],[[{"start":0,"end":11,"url":null,"entity_id":"Q18883019","candidates":[]}],[],[],[]],[[{"start":0,"end":11,"url":null,"entity_id":"Q18883018","candidates":[]}],[],[],[]],[[{"start":0,"end":11,"url":null,"entity_id":"Q18883017","candidates":[]}],[],[],[]],[[{"start":0,"end":11,"url":null,"entity_id":"Q18883016","candidates":[]}],[],[],[]],[[{"start":0,"end":11,"url":null,"entity_id":"Q18883015","candidates":[]}],[],[],[]],[[{"start":0,"end":11,"url":null,"entity_id":"Q18883014","candidates":[]}],[],[],[]],[[{"start":0,"end":11,"url":null,"entity_id":"Q18883013","candidates":[]}],[],[],[]]]}