{"version":"1.2","table":{"version":"2","table_id":"MMCFLITU","columns":[{"index":0,"name":"col0","values":["Tanta Barbara","Uezen station","St.!Pölten Central Station","Brno hlavní nädraží","Warburh sation","Thxn railway station","Resa railway station","Boulogne-Ville railway staion","Rennes raiway station","Gare de Mulhowse","St Pancras raioway station","Gare d Vitré","Gare de Dolmar","Gare de#Strasbourg","Montpellier-Saint-Roch railay station","Bordeaux-Saint-Jeanrailwaystatin","Garede Paris-Est","Gcre de Saint-Omer","rest railway station","Gare de Meuz-Ville"]},{"index":1,"name":"col1","values":["Coast Starlight","Metronom Eisenbahngesellschaft","WESTbahn","EuroNight","InterCityExpress","InterCityExpress","InterCityExpress","TGV","TGV","TGV","TGV","TGV","TGV","TGV","TGV","TGV","TGV","TGV","TGV","TGV"]},{"index":2,"name":"col2","values":["place listed on the National Register of Historic Places","Kulturdenkmal","Denkmalgeschütztes Objekt","cultural monument of the Czech Republic","architectural heritage monument in North Rhine-Westphalia","class B Swiss cultural property of regional significance","Kulturdenkmal","bien recensé dans l'inventaire général du patrimoine culturel","bien recensé dans l'inventaire général du patrimoine culturel","bien recensé dans l'inventaire général du patrimoine culturel","Grade I listed building","registered historic monument","registered historic monument","registered historic monument","registered historic monument","registered historic monument","registered historic monument","registered historic monument","« Patrimoine du XXe siècle » label","« Patrimoine du XXe siècle » label"]},{"index":3,"name":"col3","values":["1902/01/01","1847/01/01","1858/01/01","1838/01/01","1851/01/01","1859/01/01","1838/11/11","1962/01/01","1857/01/01","1839/09/01","1861/01/01","1857/01/01","1907/01/01","1883/01/01","1839/01/01","1855/01/01","1849/01/01","1848/01/01","1865/04/26","1908/01/01"]}]},"context":{"page_title":null,"page_url":null,"page_entity_id":null,"content_hierarchy":[]},"links":[[[{"start":0,"end":13,"url":null,"entity_id":"Q322286","candidates":[]}],[{"start":0,"end":30,"url":null,"entity_id":"Q265228","candidates":[]}],[{"start":0,"end":13,"url":null,"entity_id":"Q11691318","candidates":[]}],[]],[[{"start":0,"end":26,"url":null,"entity_id":"Q662913","candidates":[]}],[{"start":0,"end":8,"url":null,"entity_id":"Q266280","candidates":[]}],[{"start":0,"end":25,"url":null,"entity_id":"Q1188447","candidates":[]}],[]],[[{"start":0,"end":19,"url":null,"entity_id":"Q921772","candidates":[]}],[{"start":0,"end":9,"url":null,"entity_id":"Q257307","candidates":[]}],[{"start":0,"end":39,"url":null,"entity_id":"Q385405","candidates":[]}],[]],[[{"start":0,"end":14,"url":null,"entity_id":"Q801579","candidates":[]}],[{"start":0,"end":16,"url":null,"entity_id":"Q129172","candidates":[]}],[{"start":0,"end":57,"url":null,"entity_id":"Q15632117","candidates":[]}],[]],[[{"start":0,"end":20,"url":null,"entity_id":"Q801516","candidates":[]}],[{"start":0,"end":16,"url":null,"entity_id":"Q129172","candidates":[]}],[{"start":0,"end":56,"url":null,"entity_id":"Q12126757","candidates":[]}],[]],[[{"start":0,"end":20,"url":null,"entity_id":"Q801361","candidates":[]}],[{"start":0,"end":16,"url":null,"entity_id":"Q129172","candidates":[]}],[{"start":0,"end":13,"url":null,"entity_id":"Q11691318","candidates":[]}],[]],[[{"start":0,"end":29,"url":null,"entity_id":"Q2289209","candidates":[]}],[{"start":0,"end":3,"url":null,"entity_id":"Q129337","candidates":[]}],[{"start":0,"end":61,"url":null,"entity_id":"Q16739336","candidates":[]}],[]],[[{"start":0,"end":21,"url":null,"entity_id":"Q1866058","candidates":[]}],[{"start":0,"end":3,"url":null,"entity_id":"Q129337","candidates":[]}],[{"start":0,"end":61,"url":null,"entity_id":"Q16739336","candidates":[]}],[]],[[{"start":0,"end":16,"url":null,"entity_id":"Q801205","candidates":[]}],[{"start":0,"end":3,"url":null,"entity_id":"Q129337","candidates":[]}],[{"start":0,"end":61,"url":null,"entity_id":"Q16739336","candidates":[]}],[]],[[{"start":0,"end":26,"url":null,"entity_id":"Q720102","candidates":[]}],[{"start":0,"end":3,"url":null,"entity_id":"Q129337","candidates":[]}],[{"start":0,"end":23,"url":null,"entity_id":"Q15700818","candidates":[]}],[]],[[{"start":0,"end":12,"url":null,"entity_id":"Q2330319","candidates":[]}],[{"start":0,"end":3,"url":null,"entity_id":"Q129337","candidates":[]}],[{"start":0,"end":28,"url":null,"entity_id":"Q10387575","candidates":[]}],[]],[[{"start":0,"end":14,"url":null,"entity_id":"Q958671","candidates":[]}],[{"start":0,"end":3,"url":null,"entity_id":"Q129337","candidates":[]}],[{"start":0,"end":28,"url":null,"entity_id":"Q10387575","candidates":[]}],[]],[[{"start":0,"end":18,"url":null,"entity_id":"Q801473","candidates":[]}],[{"start":0,"end":3,"url":null,"entity_id":"Q129337","candidates":[]}],[{"start":0,"end":28,"url":null,"entity_id":"Q10387575","candidates":[]}],[]],[[{"start":0,"end":37,"url":null,"entity_id":"Q801197","candidates":[]}],[{"start":0,"end":3,"url":null,"entity_id":"Q129337","candidates":[]}],[{"start":0,"end":28,"url":null,"entity_id":"Q10387575","candidates":[]}],[]],[[{"start":0,"end":32,"url":null,"entity_id":"Q800564","candidates":[]}],[{"start":0,"end":3,"url":null,"entity_id":"Q129337","candidates":[]}],[{"start":0,"end":28,"url":null,"entity_id":"Q10387575","candidates":[]}],[]],[[{"start":0,"end":16,"url":null,"entity_id":"Q757180","candidates":[]}],[{"start":0,"end":3,"url":null,"entity_id":"Q129337","candidates":[]}],[{"start":0,"end":28,"url":null,"entity_id":"Q10387575","candidates":[]}],[]],[[{"start":0,"end":18,"url":null,"entity_id":"Q736324","candidates":[]}],[{"start":0,"end":3,"url":null,"entity_id":"Q129337","candidates":[]}],[{"start":0,"end":28,"url":null,"entity_id":"Q10387575","candidates":[]}],[]],[[{"start":0,"end":20,"url":null,"entity_id":"Q2255490","candidates":[]}],[{"start":0,"end":3,"url":null,"entity_id":"Q129337","candidates":[]}],[{"start":0,"end":34,"url":null,"entity_id":"Q3214312","candidates":[]}],[]],[[{"start":0,"end":18,"url":null,"entity_id":"Q801179","candidates":[]}],[{"start":0,"end":3,"url":null,"entity_id":"Q129337","candidates":[]}],[{"start":0,"end":34,"url":null,"entity_id":"Q3214312","candidates":[]}],[]],[[{"start":0,"end":13,"url":null,"entity_id":"Q3097672","candidates":[]}],[{"start":0,"end":15,"url":null,"entity_id":"Q225313","candidates":[]}],[{"start":0,"end":56,"url":null,"entity_id":"Q19558910","candidates":[]}],[]]]}