{"version":"1.2","table":{"version":"2","table_id":"MMD5J44Y","columns":[{"index":0,"name":"col0","values":["protactinium-234m","protactinium-217m","protactinium-239","protactinium-238","protactinium-237","protactinium-236","protactinium-235","protactinium-234","protactinium-233","protactinium-232","protactinium-231","protactinium-230","protactinium-229","protactinium-228","protactinium-227","protactinium-226","protactinium-225","protactinium-224","protactinium-223","protactinium-222"]},{"index":1,"name":"col1","values":["143","126","148","147","146","145","144","143","142","141","140","139","138","137","136","135","134","133","132","131"]},{"index":2,"name":"col2","values":["91","91","91","91","91","91","91","91","91","91","91","91","91","91","91","91","91","91","91","91"]},{"index":3,"name":"col3","values":["1.159","1.2","1.8","2.27","8.7","9.1","24.44","6.7","26.975","1.32","32760","17.4","1.5","22.4","38.3","1.8","1.7","0.85","5.1","2.9"]}]},"context":{"page_title":null,"page_url":null,"page_entity_id":null,"content_hierarchy":[]},"links":[[[{"start":0,"end":17,"url":null,"entity_id":"Q18888901","candidates":[]}],[],[],[]],[[{"start":0,"end":16,"url":null,"entity_id":"Q18845523","candidates":[]}],[],[],[]],[[{"start":0,"end":16,"url":null,"entity_id":"Q18845522","candidates":[]}],[],[],[]],[[{"start":0,"end":16,"url":null,"entity_id":"Q18845521","candidates":[]}],[],[],[]],[[{"start":0,"end":16,"url":null,"entity_id":"Q18845520","candidates":[]}],[],[],[]],[[{"start":0,"end":16,"url":null,"entity_id":"Q18845519","candidates":[]}],[],[],[]],[[{"start":0,"end":16,"url":null,"entity_id":"Q18845517","candidates":[]}],[],[],[]],[[{"start":0,"end":16,"url":null,"entity_id":"Q18845516","candidates":[]}],[],[],[]],[[{"start":0,"end":16,"url":null,"entity_id":"Q18845515","candidates":[]}],[],[],[]],[[{"start":0,"end":16,"url":null,"entity_id":"Q18845514","candidates":[]}],[],[],[]],[[{"start":0,"end":16,"url":null,"entity_id":"Q18845513","candidates":[]}],[],[],[]],[[{"start":0,"end":16,"url":null,"entity_id":"Q18845512","candidates":[]}],[],[],[]],[[{"start":0,"end":16,"url":null,"entity_id":"Q18845511","candidates":[]}],[],[],[]],[[{"start":0,"end":16,"url":null,"entity_id":"Q18845510","candidates":[]}],[],[],[]],[[{"start":0,"end":16,"url":null,"entity_id":"Q18845509","candidates":[]}],[],[],[]],[[{"start":0,"end":16,"url":null,"entity_id":"Q18845508","candidates":[]}],[],[],[]],[[{"start":0,"end":16,"url":null,"entity_id":"Q18845507","candidates":[]}],[],[],[]],[[{"start":0,"end":16,"url":null,"entity_id":"Q18845506","candidates":[]}],[],[],[]],[[{"start":0,"end":16,"url":null,"entity_id":"Q18845505","candidates":[]}],[],[],[]],[[{"start":0,"end":17,"url":null,"entity_id":"Q18888904","candidates":[]}],[],[],[]]]}