{"version":"1.2","table":{"version":"2","table_id":"MMGHZ7EF","columns":[{"index":0,"name":"col0","values":["Dvůr Králové nad Labem","Zahnašovice","Biskupice","Svatoslav","Zadní Chodov","Zachrašťany","Batňovice","Bartošovice","Bartošovice v Orlických horách","Skapce","Břest","Třebonín","Vlkov","Sulkovec","Zadní Zhořec","Škrdlovice","Vysoké","Znětínek","Pokojov","Lučany nad Nisou"]},{"index":1,"name":"col1","values":["15594","320","297","435","250","240","764","1703","199","112","930","130","285","170","142","667","192","206","152","1859"]},{"index":2,"name":"col2","values":["35.844379","5.68025","4.143755","8.475253","13.877029","4.397942","4.466763","24.146182","35.605428","7.98021","10.828791","3.421042","5.701492","8.553361","4.140364","5.755618","6.5201","4.301403","3.293474","13.133418"]},{"index":3,"name":"col3","values":["300","217","207","482","517","232","364","247","580","496","198","340","503","683","556","645","614","554","565","598"]}]},"context":{"page_title":null,"page_url":null,"page_entity_id":null,"content_hierarchy":[]},"links":[[[{"start":0,"end":11,"url":null,"entity_id":"Q143461","candidates":[]}],[],[],[]],[[{"start":0,"end":9,"url":null,"entity_id":"Q142559","candidates":[]}],[],[],[]],[[{"start":0,"end":9,"url":null,"entity_id":"Q142525","candidates":[]}],[],[],[]],[[{"start":0,"end":12,"url":null,"entity_id":"Q140064","candidates":[]}],[],[],[]],[[{"start":0,"end":11,"url":null,"entity_id":"Q139728","candidates":[]}],[],[],[]],[[{"start":0,"end":9,"url":null,"entity_id":"Q811076","candidates":[]}],[],[],[]],[[{"start":0,"end":11,"url":null,"entity_id":"Q809582","candidates":[]}],[],[],[]],[[{"start":0,"end":30,"url":null,"entity_id":"Q809581","candidates":[]}],[],[],[]],[[{"start":0,"end":6,"url":null,"entity_id":"Q727804","candidates":[]}],[],[],[]],[[{"start":0,"end":5,"url":null,"entity_id":"Q727681","candidates":[]}],[],[],[]],[[{"start":0,"end":8,"url":null,"entity_id":"Q727526","candidates":[]}],[],[],[]],[[{"start":0,"end":5,"url":null,"entity_id":"Q93492","candidates":[]}],[],[],[]],[[{"start":0,"end":8,"url":null,"entity_id":"Q93483","candidates":[]}],[],[],[]],[[{"start":0,"end":12,"url":null,"entity_id":"Q93480","candidates":[]}],[],[],[]],[[{"start":0,"end":10,"url":null,"entity_id":"Q93476","candidates":[]}],[],[],[]],[[{"start":0,"end":6,"url":null,"entity_id":"Q93474","candidates":[]}],[],[],[]],[[{"start":0,"end":8,"url":null,"entity_id":"Q93469","candidates":[]}],[],[],[]],[[{"start":0,"end":7,"url":null,"entity_id":"Q93464","candidates":[]}],[],[],[]],[[{"start":0,"end":16,"url":null,"entity_id":"Q225572","candidates":[]}],[],[],[]],[[{"start":0,"end":22,"url":null,"entity_id":"Q143664","candidates":[]}],[],[],[]]]}