{"version":"1.2","table":{"version":"2","table_id":"MMYWNQNG","columns":[{"index":0,"name":"col0","values":["SDSS J203116.63+131457.6","SDSS J071521.61+123832.1","SDSS J171509.27-120443.0","SDSS J183917.54+192626.2","SDSS J083122.61-044426.5","GALEX 2692671021197034339","GALEX 2697209779426690028","GALEX 2674234418812422556","GALEX 2674234427402358185","GALEX 2700094919412811194","GALEX 2693902478515111040","GALEX 2679863883986896091","GALEX 2667619752564755049","SDSS J213009.12+122101.4","SDSS J212852.71-081648.1","SDSS J123409.54+594400.4","SDSS J081413.43+022524.7","SDSS J074321.97+302824.6","SDSS J204922.57-000134.7","SDSS J092604.15+474521.0"]},{"index":1,"name":"col1","values":["307.8192950222608","108.8400881718155","258.78877","279.823176","127.8442083","40.28036351006375","208.95462180267708","7.0250561906325","6.01039682691042","322.4378907617146","129.58871802782957","256.5623343808758","309.42315703245083","322.5380239930138","322.2196843712844","188.5397500620697","123.5559816202525","115.8415707546064","312.3440792714396","141.5173146351667"]},{"index":2,"name":"col2","values":["20000","30000","6750","7500","11000","10000","10000","7500","8750","12000","12000","10000","10000","14000","13000","9000","60000","8250","16000","34000"]}]},"context":{"page_title":null,"page_url":null,"page_entity_id":null,"content_hierarchy":[]},"links":[[[{"start":0,"end":24,"url":null,"entity_id":"Q82238013","candidates":[]}],[],[]],[[{"start":0,"end":24,"url":null,"entity_id":"Q82237970","candidates":[]}],[],[]],[[{"start":0,"end":24,"url":null,"entity_id":"Q82179639","candidates":[]}],[],[]],[[{"start":0,"end":24,"url":null,"entity_id":"Q82179599","candidates":[]}],[],[]],[[{"start":0,"end":25,"url":null,"entity_id":"Q76654531","candidates":[]}],[],[]],[[{"start":0,"end":25,"url":null,"entity_id":"Q76651660","candidates":[]}],[],[]],[[{"start":0,"end":25,"url":null,"entity_id":"Q76651375","candidates":[]}],[],[]],[[{"start":0,"end":25,"url":null,"entity_id":"Q76651146","candidates":[]}],[],[]],[[{"start":0,"end":25,"url":null,"entity_id":"Q76654807","candidates":[]}],[],[]],[[{"start":0,"end":25,"url":null,"entity_id":"Q76650365","candidates":[]}],[],[]],[[{"start":0,"end":25,"url":null,"entity_id":"Q75066413","candidates":[]}],[],[]],[[{"start":0,"end":25,"url":null,"entity_id":"Q76645845","candidates":[]}],[],[]],[[{"start":0,"end":24,"url":null,"entity_id":"Q74919969","candidates":[]}],[],[]],[[{"start":0,"end":24,"url":null,"entity_id":"Q74919934","candidates":[]}],[],[]],[[{"start":0,"end":24,"url":null,"entity_id":"Q74919914","candidates":[]}],[],[]],[[{"start":0,"end":24,"url":null,"entity_id":"Q74919910","candidates":[]}],[],[]],[[{"start":0,"end":24,"url":null,"entity_id":"Q74919857","candidates":[]}],[],[]],[[{"start":0,"end":24,"url":null,"entity_id":"Q74919852","candidates":[]}],[],[]],[[{"start":0,"end":24,"url":null,"entity_id":"Q74919827","candidates":[]}],[],[]],[[{"start":0,"end":24,"url":null,"entity_id":"Q82238018","candidates":[]}],[],[]]]}