{"version":"1.2","table":{"version":"2","table_id":"MN71LS83","columns":[{"index":0,"name":"col0","values":["Réunion Shelduck","Réunion Ibis","Réunion Rail","Réunion Pink Pigeon","Megalomys desmarestii","Alaotra Grebe","Mauritian shelduck","Cryptoprocta spelea","Craugastor escoces","Hibiscadelphus woodii","Kioea","North Island Takahē","huia","bushwren","New Zealand Little Bittern","New Zealand Quail","Atelopus longirostris","South Island Snipe","North Island Snipe","Blutaparon rigidum"]},{"index":1,"name":"col1","values":["extinct species","extinct species","extinct species","extinct species","extinct species","extinct species","extinct species","extinct species","extinct species","extinct species","extinct species","extinct species","extinct species","extinct species","extinct species","extinct species","extinct species","extinct species","extinct species","extinct species"]},{"index":2,"name":"col2","values":["Réunion Shelduck","Réunion Ibis","Reunion Rail","Reunion Pigeon","Antillean giant rice rat","Alaotra Dabchick","Mauritian Shelduck","Giant Fosa","Heredia Robber Frog","Wood's hau kuahiwi","Kioea","North Island Takahe","Huia","Bush Wren","New Zealand Little Bittern","New Zealand Quail","Longnose stubfoot toad","South Island Snipe","North Island Snipe","Galapagos Amaranth"]},{"index":3,"name":"col3","values":["Réunion","Réunion","Réunion","Réunion","Martinique","Madagascar","Mauritius","Madagascar","Costa Rica","Hawaii","Hawaii","New Zealand","New Zealand","New Zealand","New Zealand","New Zealand","Ecuador","New Zealand","New Zealand","Ecuador"]}]},"context":{"page_title":null,"page_url":null,"page_entity_id":null,"content_hierarchy":[]},"links":[[[{"start":0,"end":12,"url":null,"entity_id":"Q18972","candidates":[]}],[{"start":0,"end":15,"url":null,"entity_id":"Q237350","candidates":[]}],[],[{"start":0,"end":7,"url":null,"entity_id":"Q17070","candidates":[]}]],[[{"start":0,"end":12,"url":null,"entity_id":"Q1541159","candidates":[]}],[{"start":0,"end":15,"url":null,"entity_id":"Q237350","candidates":[]}],[],[{"start":0,"end":7,"url":null,"entity_id":"Q17070","candidates":[]}]],[[{"start":0,"end":19,"url":null,"entity_id":"Q1253100","candidates":[]}],[{"start":0,"end":15,"url":null,"entity_id":"Q237350","candidates":[]}],[],[{"start":0,"end":7,"url":null,"entity_id":"Q17070","candidates":[]}]],[[{"start":0,"end":21,"url":null,"entity_id":"Q1765848","candidates":[]}],[{"start":0,"end":15,"url":null,"entity_id":"Q237350","candidates":[]}],[],[{"start":0,"end":10,"url":null,"entity_id":"Q17054","candidates":[]}]],[[{"start":0,"end":13,"url":null,"entity_id":"Q575699","candidates":[]}],[{"start":0,"end":15,"url":null,"entity_id":"Q237350","candidates":[]}],[],[{"start":0,"end":10,"url":null,"entity_id":"Q1019","candidates":[]}]],[[{"start":0,"end":18,"url":null,"entity_id":"Q587084","candidates":[]}],[{"start":0,"end":15,"url":null,"entity_id":"Q237350","candidates":[]}],[],[{"start":0,"end":9,"url":null,"entity_id":"Q1027","candidates":[]}]],[[{"start":0,"end":19,"url":null,"entity_id":"Q1716674","candidates":[]}],[{"start":0,"end":15,"url":null,"entity_id":"Q237350","candidates":[]}],[],[{"start":0,"end":10,"url":null,"entity_id":"Q1019","candidates":[]}]],[[{"start":0,"end":18,"url":null,"entity_id":"Q1593616","candidates":[]}],[{"start":0,"end":15,"url":null,"entity_id":"Q237350","candidates":[]}],[],[{"start":0,"end":10,"url":null,"entity_id":"Q800","candidates":[]}]],[[{"start":0,"end":21,"url":null,"entity_id":"Q1389148","candidates":[]}],[{"start":0,"end":15,"url":null,"entity_id":"Q237350","candidates":[]}],[],[{"start":0,"end":6,"url":null,"entity_id":"Q782","candidates":[]}]],[[{"start":0,"end":5,"url":null,"entity_id":"Q727783","candidates":[]}],[{"start":0,"end":15,"url":null,"entity_id":"Q237350","candidates":[]}],[],[{"start":0,"end":6,"url":null,"entity_id":"Q782","candidates":[]}]],[[{"start":0,"end":19,"url":null,"entity_id":"Q473671","candidates":[]}],[{"start":0,"end":15,"url":null,"entity_id":"Q237350","candidates":[]}],[],[{"start":0,"end":11,"url":null,"entity_id":"Q664","candidates":[]}]],[[{"start":0,"end":4,"url":null,"entity_id":"Q285008","candidates":[]}],[{"start":0,"end":15,"url":null,"entity_id":"Q237350","candidates":[]}],[],[{"start":0,"end":11,"url":null,"entity_id":"Q664","candidates":[]}]],[[{"start":0,"end":8,"url":null,"entity_id":"Q135443","candidates":[]}],[{"start":0,"end":15,"url":null,"entity_id":"Q237350","candidates":[]}],[],[{"start":0,"end":11,"url":null,"entity_id":"Q664","candidates":[]}]],[[{"start":0,"end":26,"url":null,"entity_id":"Q888549","candidates":[]}],[{"start":0,"end":15,"url":null,"entity_id":"Q237350","candidates":[]}],[],[{"start":0,"end":11,"url":null,"entity_id":"Q664","candidates":[]}]],[[{"start":0,"end":17,"url":null,"entity_id":"Q733377","candidates":[]}],[{"start":0,"end":15,"url":null,"entity_id":"Q237350","candidates":[]}],[],[{"start":0,"end":11,"url":null,"entity_id":"Q664","candidates":[]}]],[[{"start":0,"end":21,"url":null,"entity_id":"Q2706540","candidates":[]}],[{"start":0,"end":15,"url":null,"entity_id":"Q237350","candidates":[]}],[],[{"start":0,"end":7,"url":null,"entity_id":"Q736","candidates":[]}]],[[{"start":0,"end":18,"url":null,"entity_id":"Q1274381","candidates":[]}],[{"start":0,"end":15,"url":null,"entity_id":"Q237350","candidates":[]}],[],[{"start":0,"end":11,"url":null,"entity_id":"Q664","candidates":[]}]],[[{"start":0,"end":18,"url":null,"entity_id":"Q1263591","candidates":[]}],[{"start":0,"end":15,"url":null,"entity_id":"Q237350","candidates":[]}],[],[{"start":0,"end":11,"url":null,"entity_id":"Q664","candidates":[]}]],[[{"start":0,"end":18,"url":null,"entity_id":"Q146926","candidates":[]}],[{"start":0,"end":15,"url":null,"entity_id":"Q237350","candidates":[]}],[],[{"start":0,"end":7,"url":null,"entity_id":"Q736","candidates":[]}]],[[{"start":0,"end":16,"url":null,"entity_id":"Q677641","candidates":[]}],[{"start":0,"end":15,"url":null,"entity_id":"Q237350","candidates":[]}],[],[{"start":0,"end":7,"url":null,"entity_id":"Q17070","candidates":[]}]]]}