{"version":"1.2","table":{"version":"2","table_id":"MNBN00EU","columns":[{"index":0,"name":"col0","values":["Emissario do Tieté - Varzea do Paladino Inundada","Emissario do Tieté - Deposito em Villa Anastacio","Emissario de Tamanduatehy - Pateo da Cantareira","Emissario de Pinheiros - Varzea de Pinheiros","Dordrecht. de Groothoofd - Poort","Dordrecht. de Groote Kerk","Convento da Luz. de Militão de Azevedo (1860)","Confeitaria do Leão, Rua da Quitanda, Esquina da Rua do Comércio, de Militão de Azevedo (1860)","Charge Política / Bomba Atômica / Milagres","Charge Política / a Guerra Acabou - Vamos Ver Que Pretexto Vão Arranjar para Êstes Piratas Continuarem","Chácara, de Militão de Azevedo (1860)","Cathedral de São Paulo - Fachada Lateral","Cathedral de São Paulo","Capella - Mór - Velha Catedral","Camaras Mortuarias da Crypta da Cathedral de São Paulo em Que Jazem Os Restos Mortaes de Seus Bispos","Baixo Relevo em Granito, Sobre a Entrada da Cathedral de São Paulo, pelo Esculptor F. Frick","Aterrado e Rua do Brás, de Militão de Azevedo (1860)","Aspecto das Obras Interiores da Cathedral de São Paulo - 1928","Amsterdam. Het Oosterdok","Amsterdam. de Waag"]},{"index":1,"name":"col1","values":["24.3","24.3","24.5","24.5","8","8","20.8","20.8","27","29.2","20.8","14","9.2","19","9.1","9.3","20.8","14.2","8.1","8"]},{"index":2,"name":"col2","values":["18.1","18","18.1","18.1","5.1","5.1","14.2","14.1","25.5","26","14.2","7.9","13.1","24.3","13","13","14.2","8.1","5.2","16.7"]}]},"context":{"page_title":null,"page_url":null,"page_entity_id":null,"content_hierarchy":[]},"links":[[[{"start":0,"end":48,"url":null,"entity_id":"Q55759807","candidates":[]}],[],[]],[[{"start":0,"end":47,"url":null,"entity_id":"Q55759799","candidates":[]}],[],[]],[[{"start":0,"end":44,"url":null,"entity_id":"Q55759796","candidates":[]}],[],[]],[[{"start":0,"end":32,"url":null,"entity_id":"Q55759774","candidates":[]}],[],[]],[[{"start":0,"end":25,"url":null,"entity_id":"Q55759773","candidates":[]}],[],[]],[[{"start":0,"end":45,"url":null,"entity_id":"Q55759450","candidates":[]}],[],[]],[[{"start":0,"end":94,"url":null,"entity_id":"Q55759447","candidates":[]}],[],[]],[[{"start":0,"end":42,"url":null,"entity_id":"Q55759401","candidates":[]}],[],[]],[[{"start":0,"end":102,"url":null,"entity_id":"Q55759398","candidates":[]}],[],[]],[[{"start":0,"end":37,"url":null,"entity_id":"Q55759396","candidates":[]}],[],[]],[[{"start":0,"end":40,"url":null,"entity_id":"Q55759389","candidates":[]}],[],[]],[[{"start":0,"end":22,"url":null,"entity_id":"Q55759388","candidates":[]}],[],[]],[[{"start":0,"end":30,"url":null,"entity_id":"Q55759349","candidates":[]}],[],[]],[[{"start":0,"end":100,"url":null,"entity_id":"Q55759332","candidates":[]}],[],[]],[[{"start":0,"end":91,"url":null,"entity_id":"Q55759300","candidates":[]}],[],[]],[[{"start":0,"end":52,"url":null,"entity_id":"Q55759289","candidates":[]}],[],[]],[[{"start":0,"end":61,"url":null,"entity_id":"Q55759288","candidates":[]}],[],[]],[[{"start":0,"end":24,"url":null,"entity_id":"Q55759253","candidates":[]}],[],[]],[[{"start":0,"end":18,"url":null,"entity_id":"Q55759252","candidates":[]}],[],[]],[[{"start":0,"end":48,"url":null,"entity_id":"Q55759821","candidates":[]}],[],[]]]}