{"version":"1.2","table":{"version":"2","table_id":"MNMHC01Q","columns":[{"index":0,"name":"col0","values":["Mz 3","NGC 5873","NGC 5189","NGC 2818","NGC 1360","Owl Nebula","Spirograph Nebula","IC 2448","Hourglass Nebula","Abell 39","Helix Nebula","NGC 6751","NGC 6309","Ring Nebula","Dumbbell Nebula","NGC 6072","NGC 6026","NGC 4071","NGC 2452","NGC 2867"]},{"index":1,"name":"col1","values":["1446","5445","1682.3688","2208.005","391.8956","879.4301","1549.6668","3985","3165","1011.1223","200.9646","2585","2736","786.968","376.2935","1017","2398","1596","2838","2228"]},{"index":2,"name":"col2","values":["Donald Howard Menzel","Ralph Copeland","James Dunlop","James Dunlop","Lewis A. Swift","Pierre Méchain","Williamina Fleming","Williamina Fleming","Annie Jump Cannon","George O. Abell","Karl Ludwig Harding","Albert Marth","Wilhelm Tempel","Charles Messier","Charles Messier","John Frederick William Herschel","John Frederick William Herschel","John Frederick William Herschel","John Frederick William Herschel","John Frederick William Herschel"]},{"index":3,"name":"col3","values":["0.3344","1.5246","0.5944","0.2712","2.5517","1.1371","0.6453","0.2883","0.9681","0.989","4.976","0.0592","0.33","1.2707","2.6575","1.065","0.3099","0.2634","0.4006","0.1597"]},{"index":4,"name":"col4","values":["-4.266","-5.247","-12.69","-2.039","1.475","-0.044","1.461","-5.749","-5.675","-7.423","-3.419","-2.995","-1.91","1.494","3.682","0.857","-3.075","-10.543","-2.469","-5.555"]}]},"context":{"page_title":null,"page_url":null,"page_entity_id":null,"content_hierarchy":[]},"links":[[[{"start":0,"end":4,"url":null,"entity_id":"Q460957","candidates":[]}],[],[{"start":0,"end":20,"url":null,"entity_id":"Q1240181","candidates":[]}],[],[]],[[{"start":0,"end":8,"url":null,"entity_id":"Q1123710","candidates":[]}],[],[{"start":0,"end":14,"url":null,"entity_id":"Q945862","candidates":[]}],[],[]],[[{"start":0,"end":8,"url":null,"entity_id":"Q1117597","candidates":[]}],[],[{"start":0,"end":12,"url":null,"entity_id":"Q375158","candidates":[]}],[],[]],[[{"start":0,"end":8,"url":null,"entity_id":"Q939462","candidates":[]}],[],[{"start":0,"end":12,"url":null,"entity_id":"Q375158","candidates":[]}],[],[]],[[{"start":0,"end":8,"url":null,"entity_id":"Q899940","candidates":[]}],[],[{"start":0,"end":14,"url":null,"entity_id":"Q314284","candidates":[]}],[],[]],[[{"start":0,"end":10,"url":null,"entity_id":"Q14359","candidates":[]}],[],[{"start":0,"end":14,"url":null,"entity_id":"Q311022","candidates":[]}],[],[]],[[{"start":0,"end":17,"url":null,"entity_id":"Q872204","candidates":[]}],[],[{"start":0,"end":18,"url":null,"entity_id":"Q284180","candidates":[]}],[],[]],[[{"start":0,"end":7,"url":null,"entity_id":"Q678368","candidates":[]}],[],[{"start":0,"end":18,"url":null,"entity_id":"Q284180","candidates":[]}],[],[]],[[{"start":0,"end":16,"url":null,"entity_id":"Q1047271","candidates":[]}],[],[{"start":0,"end":17,"url":null,"entity_id":"Q230650","candidates":[]}],[],[]],[[{"start":0,"end":8,"url":null,"entity_id":"Q26666","candidates":[]}],[],[{"start":0,"end":15,"url":null,"entity_id":"Q142922","candidates":[]}],[],[]],[[{"start":0,"end":12,"url":null,"entity_id":"Q15828","candidates":[]}],[],[{"start":0,"end":19,"url":null,"entity_id":"Q77052","candidates":[]}],[],[]],[[{"start":0,"end":8,"url":null,"entity_id":"Q255174","candidates":[]}],[],[{"start":0,"end":12,"url":null,"entity_id":"Q57378","candidates":[]}],[],[]],[[{"start":0,"end":8,"url":null,"entity_id":"Q976581","candidates":[]}],[],[{"start":0,"end":14,"url":null,"entity_id":"Q57297","candidates":[]}],[],[]],[[{"start":0,"end":11,"url":null,"entity_id":"Q13969","candidates":[]}],[],[{"start":0,"end":15,"url":null,"entity_id":"Q14524","candidates":[]}],[],[]],[[{"start":0,"end":15,"url":null,"entity_id":"Q13628","candidates":[]}],[],[{"start":0,"end":15,"url":null,"entity_id":"Q14524","candidates":[]}],[],[]],[[{"start":0,"end":8,"url":null,"entity_id":"Q1125436","candidates":[]}],[],[{"start":0,"end":31,"url":null,"entity_id":"Q14278","candidates":[]}],[],[]],[[{"start":0,"end":8,"url":null,"entity_id":"Q1125043","candidates":[]}],[],[{"start":0,"end":31,"url":null,"entity_id":"Q14278","candidates":[]}],[],[]],[[{"start":0,"end":8,"url":null,"entity_id":"Q1108814","candidates":[]}],[],[{"start":0,"end":31,"url":null,"entity_id":"Q14278","candidates":[]}],[],[]],[[{"start":0,"end":8,"url":null,"entity_id":"Q1049146","candidates":[]}],[],[{"start":0,"end":31,"url":null,"entity_id":"Q14278","candidates":[]}],[],[]],[[{"start":0,"end":8,"url":null,"entity_id":"Q839994","candidates":[]}],[],[{"start":0,"end":31,"url":null,"entity_id":"Q14278","candidates":[]}],[],[]]]}