{"version":"1.2","table":{"version":"2","table_id":"MNUNZRPP","columns":[{"index":0,"name":"col0","values":["Cyclone dai","Cclone Roanu","Cycloic Storm Komen","Cyclne Pan","Typhon Phyllis","Wyphoon Caitlin","Typhoon Hesuer","Cyclonh Joy","T{phoon Zola","Tropica Storm Winona","Hutricane!Felix","Trqpical Storm Chris","Tropiccl Storm Edouard","Tropical stom Dolly","Hurricane Boc","Troplcal Storm Alberto","Tropical Storm letta","Hurricane aul","Hurricbne Kristy","Troical Storm Nqrma"]},{"index":1,"name":"col1","values":["940.9399999999999","983.07","986.0","900.4799999999999","924.5999999999999","940.9399999999999","911.574","934.36","960.9599999999999","968.06","971.62","1015.0559999999999","992.982","987.03","1008.0120000000001","999.996","1006.008","967.09","991.8949999999999","997.9969999999998"]},{"index":2,"name":"col2","values":["2018–19 South-West Indian Ocean cyclone season","2016 North Indian Ocean cyclone season","2015 North Indian Ocean cyclone season","2014–15 South Pacific cyclone season","1975 Pacific typhoon season","1991 Pacific typhoon season","1952 Pacific typhoon season","1990–91 Australian region cyclone season","1990 Pacific typhoon season","1990 Pacific typhoon season","2001 Atlantic hurricane season","2000 Atlantic hurricane season","2002 Atlantic hurricane season","2002 Atlantic hurricane season","1985 Atlantic hurricane season","1988 Atlantic hurricane season","2006 Pacific hurricane season","2006 Pacific hurricane season","2006 Pacific hurricane season","2005 Pacific hurricane season"]},{"index":3,"name":"col3","values":["2019/03/21","2016/05/23","2015/08/02","2015/03/20","1975/08/20","1991/07/30","1953/01/06","1990/12/27","1990/08/23","1990/08/14","2001/09/19","2000/08/19","2002/09/06","2002/09/04","1985/07/26","1988/08/08","2006/05/30","2006/10/26","2006/09/08","2005/10/01"]},{"index":4,"name":"col4","values":["2019/03/04","2016/05/17","2015/07/26","2015/03/07","1975/08/11","1991/07/18","1952/12/27","1990/12/15","1990/08/15","1990/08/04","2001/09/07","2000/08/17","2002/09/01","2002/08/29","1985/07/21","1988/08/05","2006/05/27","2006/10/21","2006/08/30","2005/09/23"]}]},"context":{"page_title":null,"page_url":null,"page_entity_id":null,"content_hierarchy":[]},"links":[[[{"start":0,"end":12,"url":null,"entity_id":"Q24166347","candidates":[]}],[],[{"start":0,"end":38,"url":null,"entity_id":"Q21963490","candidates":[]}],[],[]],[[{"start":0,"end":19,"url":null,"entity_id":"Q23584979","candidates":[]}],[],[{"start":0,"end":38,"url":null,"entity_id":"Q18701647","candidates":[]}],[],[]],[[{"start":0,"end":10,"url":null,"entity_id":"Q19567333","candidates":[]}],[],[{"start":0,"end":36,"url":null,"entity_id":"Q18204760","candidates":[]}],[],[]],[[{"start":0,"end":14,"url":null,"entity_id":"Q33129408","candidates":[]}],[],[{"start":0,"end":27,"url":null,"entity_id":"Q6409613","candidates":[]}],[],[]],[[{"start":0,"end":15,"url":null,"entity_id":"Q33129395","candidates":[]}],[],[{"start":0,"end":27,"url":null,"entity_id":"Q5358324","candidates":[]}],[],[]],[[{"start":0,"end":14,"url":null,"entity_id":"Q19637802","candidates":[]}],[],[{"start":0,"end":27,"url":null,"entity_id":"Q5119593","candidates":[]}],[],[]],[[{"start":0,"end":11,"url":null,"entity_id":"Q17051971","candidates":[]}],[],[{"start":0,"end":40,"url":null,"entity_id":"Q4586497","candidates":[]}],[],[]],[[{"start":0,"end":12,"url":null,"entity_id":"Q33129400","candidates":[]}],[],[{"start":0,"end":27,"url":null,"entity_id":"Q4586207","candidates":[]}],[],[]],[[{"start":0,"end":20,"url":null,"entity_id":"Q33129398","candidates":[]}],[],[{"start":0,"end":27,"url":null,"entity_id":"Q4586207","candidates":[]}],[],[]],[[{"start":0,"end":15,"url":null,"entity_id":"Q18214731","candidates":[]}],[],[{"start":0,"end":30,"url":null,"entity_id":"Q3179548","candidates":[]}],[],[]],[[{"start":0,"end":20,"url":null,"entity_id":"Q3517875","candidates":[]}],[],[{"start":0,"end":30,"url":null,"entity_id":"Q2659460","candidates":[]}],[],[]],[[{"start":0,"end":22,"url":null,"entity_id":"Q3517882","candidates":[]}],[],[{"start":0,"end":30,"url":null,"entity_id":"Q2616811","candidates":[]}],[],[]],[[{"start":0,"end":19,"url":null,"entity_id":"Q3517879","candidates":[]}],[],[{"start":0,"end":30,"url":null,"entity_id":"Q2616811","candidates":[]}],[],[]],[[{"start":0,"end":13,"url":null,"entity_id":"Q3249186","candidates":[]}],[],[{"start":0,"end":30,"url":null,"entity_id":"Q2334675","candidates":[]}],[],[]],[[{"start":0,"end":22,"url":null,"entity_id":"Q3306096","candidates":[]}],[],[{"start":0,"end":30,"url":null,"entity_id":"Q2036654","candidates":[]}],[],[]],[[{"start":0,"end":20,"url":null,"entity_id":"Q3517869","candidates":[]}],[],[{"start":0,"end":29,"url":null,"entity_id":"Q1972874","candidates":[]}],[],[]],[[{"start":0,"end":13,"url":null,"entity_id":"Q3358417","candidates":[]}],[],[{"start":0,"end":29,"url":null,"entity_id":"Q1972874","candidates":[]}],[],[]],[[{"start":0,"end":16,"url":null,"entity_id":"Q3358402","candidates":[]}],[],[{"start":0,"end":29,"url":null,"entity_id":"Q1972874","candidates":[]}],[],[]],[[{"start":0,"end":19,"url":null,"entity_id":"Q21073913","candidates":[]}],[],[{"start":0,"end":29,"url":null,"entity_id":"Q1508238","candidates":[]}],[],[]],[[{"start":0,"end":11,"url":null,"entity_id":"Q62023294","candidates":[]}],[],[{"start":0,"end":46,"url":null,"entity_id":"Q55602618","candidates":[]}],[],[]]]}