{"version":"1.2","table":{"version":"2","table_id":"MNY3S8IX","columns":[{"index":0,"name":"col0","values":["Hozuki's Coolheadedness","Yona of the Dawn","Yamada-kun and the Seven Witches","Baby Steps","Baki the Grappler","Junjo Romantica: Pure Romance","Captain Tsubasa","To Love-Ru","Chihayafuru","Btooom!","The Knight in the Area","Kingdom","Detective Conan","March Comes in Like a Lion","Akame ga Kill!","A Chef of Nobunaga","Happy Sugar Life","Citrus","Drifters","Ronin Warriors"]},{"index":1,"name":"col1","values":["35","24","8","50","48","12","128","26","25","12","37","77","12034","44","24","8","12","12","14","39"]},{"index":2,"name":"col2","values":["22","21","24","41","42","21","37","18","33","21","53","43","90","14","14","16","8","9","5","2"]}]},"context":{"page_title":null,"page_url":null,"page_entity_id":null,"content_hierarchy":[]},"links":[[[{"start":0,"end":23,"url":null,"entity_id":"Q11673513","candidates":[]}],[],[]],[[{"start":0,"end":16,"url":null,"entity_id":"Q11514831","candidates":[]}],[],[]],[[{"start":0,"end":32,"url":null,"entity_id":"Q11046402","candidates":[]}],[],[]],[[{"start":0,"end":10,"url":null,"entity_id":"Q4838408","candidates":[]}],[],[]],[[{"start":0,"end":17,"url":null,"entity_id":"Q1197213","candidates":[]}],[],[]],[[{"start":0,"end":29,"url":null,"entity_id":"Q1052859","candidates":[]}],[],[]],[[{"start":0,"end":15,"url":null,"entity_id":"Q647486","candidates":[]}],[],[]],[[{"start":0,"end":10,"url":null,"entity_id":"Q538150","candidates":[]}],[],[]],[[{"start":0,"end":11,"url":null,"entity_id":"Q182469","candidates":[]}],[],[]],[[{"start":0,"end":7,"url":null,"entity_id":"Q133532","candidates":[]}],[],[]],[[{"start":0,"end":22,"url":null,"entity_id":"Q1189409","candidates":[]}],[],[]],[[{"start":0,"end":7,"url":null,"entity_id":"Q1058984","candidates":[]}],[],[]],[[{"start":0,"end":15,"url":null,"entity_id":"Q185143","candidates":[]}],[],[]],[[{"start":0,"end":26,"url":null,"entity_id":"Q4049046","candidates":[]}],[],[]],[[{"start":0,"end":14,"url":null,"entity_id":"Q1525793","candidates":[]}],[],[]],[[{"start":0,"end":18,"url":null,"entity_id":"Q199092","candidates":[]}],[],[]],[[{"start":0,"end":16,"url":null,"entity_id":"Q24860074","candidates":[]}],[],[]],[[{"start":0,"end":6,"url":null,"entity_id":"Q16958608","candidates":[]}],[],[]],[[{"start":0,"end":8,"url":null,"entity_id":"Q2702432","candidates":[]}],[],[]],[[{"start":0,"end":14,"url":null,"entity_id":"Q2452412","candidates":[]}],[],[]]]}