{"version":"1.2","table":{"version":"2","table_id":"MO11SO2J","columns":[{"index":0,"name":"col0","values":["Budawang Range","Saylyugem Mountains","Mongolian Altai","Cordillera Penibética","Kenai Mountains","Nanling Mountains","Chugach Mountains","Espinhaço Mountains","Coast Mountains","Kuskokwim Mountains","Tordrillo Mountains","Talkeetna Mountains","Xueshan Range","Central Mountain Range","Serra do Mar","Cantabrian Mountains","Mantiqueira Mountains","Vosges Mountains","Scandinavian Mountains","Sierra Nevada"]},{"index":1,"name":"col1","values":["53","130","1000","505","230","600","500","1100","1600","400","130","150","280","340","1500","480","500","120","1700","100"]},{"index":2,"name":"col2","values":["1129","3502","4362","3479","2015","2142","13094","2072","4019","5250","11413","2697","3886","3825","604","2648","2798","1424","2469","3478"]}]},"context":{"page_title":null,"page_url":null,"page_entity_id":null,"content_hierarchy":[]},"links":[[[{"start":0,"end":14,"url":null,"entity_id":"Q4984088","candidates":[]}],[],[]],[[{"start":0,"end":19,"url":null,"entity_id":"Q2667865","candidates":[]}],[],[]],[[{"start":0,"end":15,"url":null,"entity_id":"Q2655719","candidates":[]}],[],[]],[[{"start":0,"end":21,"url":null,"entity_id":"Q2504871","candidates":[]}],[],[]],[[{"start":0,"end":15,"url":null,"entity_id":"Q1514701","candidates":[]}],[],[]],[[{"start":0,"end":17,"url":null,"entity_id":"Q1195285","candidates":[]}],[],[]],[[{"start":0,"end":17,"url":null,"entity_id":"Q1089367","candidates":[]}],[],[]],[[{"start":0,"end":19,"url":null,"entity_id":"Q958383","candidates":[]}],[],[]],[[{"start":0,"end":15,"url":null,"entity_id":"Q920070","candidates":[]}],[],[]],[[{"start":0,"end":19,"url":null,"entity_id":"Q845183","candidates":[]}],[],[]],[[{"start":0,"end":19,"url":null,"entity_id":"Q828541","candidates":[]}],[],[]],[[{"start":0,"end":19,"url":null,"entity_id":"Q783415","candidates":[]}],[],[]],[[{"start":0,"end":13,"url":null,"entity_id":"Q713776","candidates":[]}],[],[]],[[{"start":0,"end":22,"url":null,"entity_id":"Q710305","candidates":[]}],[],[]],[[{"start":0,"end":12,"url":null,"entity_id":"Q559784","candidates":[]}],[],[]],[[{"start":0,"end":20,"url":null,"entity_id":"Q208076","candidates":[]}],[],[]],[[{"start":0,"end":21,"url":null,"entity_id":"Q200635","candidates":[]}],[],[]],[[{"start":0,"end":16,"url":null,"entity_id":"Q187843","candidates":[]}],[],[]],[[{"start":0,"end":22,"url":null,"entity_id":"Q186547","candidates":[]}],[],[]],[[{"start":0,"end":13,"url":null,"entity_id":"Q26955","candidates":[]}],[],[]]]}