{"version":"1.2","table":{"version":"2","table_id":"MP5ZXM0Y","columns":[{"index":0,"name":"col0","values":["patinoire Pôle Su","Eissporthale Iserlon","Traktor Ice Argna","Redwood EmpireIce Aena","Nørenhallen","Macquarie Ic Rink","Škoda Jäæhall","Bock Sea Ice Arena","Montgrrey Ice Complex","Soft Cfnter Arena","Werk Aena","Hxs de Groot Eisarena","ongpyong Dome","Ziní stadion Přerov","Kyto Ui Ice Arena","Ice Hockey Stadium of unaújváros","UK Areen","Jce Park and Mall","Trio Aseena","Parw Arena"]},{"index":1,"name":"col1","values":["France","Germany","Russia","United States of America","Norway","Australia","Estonia","Bulgaria","Mexico","Sweden","Czech Republic","Germany","South Korea","Czech Republic","Japan","Hungary","Finland","Israel","Finland","Sweden"]},{"index":2,"name":"col2","values":["Grenoble","Iserlohn","Chelyabinsk","California","Løren","Macquarie Park","Tallinn City","Kranevo","Santa Catarina","Kallinge","Třinec","Wedemark","Daegwallyeong-myeon","Přerov","Uji","Dunaújváros","Lappeenranta","Eilat","Vantaa","Kalix"]}]},"context":{"page_title":null,"page_url":null,"page_entity_id":null,"content_hierarchy":[]},"links":[[[{"start":0,"end":20,"url":null,"entity_id":"Q1320547","candidates":[]}],[{"start":0,"end":7,"url":null,"entity_id":"Q183","candidates":[]}],[{"start":0,"end":8,"url":null,"entity_id":"Q1130","candidates":[]}]],[[{"start":0,"end":17,"url":null,"entity_id":"Q1320520","candidates":[]}],[{"start":0,"end":6,"url":null,"entity_id":"Q159","candidates":[]}],[{"start":0,"end":11,"url":null,"entity_id":"Q906","candidates":[]}]],[[{"start":0,"end":22,"url":null,"entity_id":"Q7306500","candidates":[]}],[{"start":0,"end":24,"url":null,"entity_id":"Q30","candidates":[]}],[{"start":0,"end":10,"url":null,"entity_id":"Q99","candidates":[]}]],[[{"start":0,"end":11,"url":null,"entity_id":"Q11987310","candidates":[]}],[{"start":0,"end":6,"url":null,"entity_id":"Q20","candidates":[]}],[{"start":0,"end":5,"url":null,"entity_id":"Q11987309","candidates":[]}]],[[{"start":0,"end":17,"url":null,"entity_id":"Q63380203","candidates":[]}],[{"start":0,"end":9,"url":null,"entity_id":"Q408","candidates":[]}],[{"start":0,"end":14,"url":null,"entity_id":"Q8273407","candidates":[]}]],[[{"start":0,"end":13,"url":null,"entity_id":"Q12379668","candidates":[]}],[{"start":0,"end":7,"url":null,"entity_id":"Q191","candidates":[]}],[{"start":0,"end":12,"url":null,"entity_id":"Q4450503","candidates":[]}]],[[{"start":0,"end":18,"url":null,"entity_id":"Q35449633","candidates":[]}],[{"start":0,"end":8,"url":null,"entity_id":"Q219","candidates":[]}],[{"start":0,"end":7,"url":null,"entity_id":"Q2597701","candidates":[]}]],[[{"start":0,"end":21,"url":null,"entity_id":"Q11989903","candidates":[]}],[{"start":0,"end":6,"url":null,"entity_id":"Q96","candidates":[]}],[{"start":0,"end":14,"url":null,"entity_id":"Q1798241","candidates":[]}]],[[{"start":0,"end":17,"url":null,"entity_id":"Q66459335","candidates":[]}],[{"start":0,"end":6,"url":null,"entity_id":"Q34","candidates":[]}],[{"start":0,"end":8,"url":null,"entity_id":"Q1020929","candidates":[]}]],[[{"start":0,"end":9,"url":null,"entity_id":"Q17167695","candidates":[]}],[{"start":0,"end":14,"url":null,"entity_id":"Q213","candidates":[]}],[{"start":0,"end":6,"url":null,"entity_id":"Q986102","candidates":[]}]],[[{"start":0,"end":21,"url":null,"entity_id":"Q60172704","candidates":[]}],[{"start":0,"end":7,"url":null,"entity_id":"Q183","candidates":[]}],[{"start":0,"end":8,"url":null,"entity_id":"Q505948","candidates":[]}]],[[{"start":0,"end":13,"url":null,"entity_id":"Q42186214","candidates":[]}],[{"start":0,"end":11,"url":null,"entity_id":"Q884","candidates":[]}],[{"start":0,"end":19,"url":null,"entity_id":"Q498564","candidates":[]}]],[[{"start":0,"end":19,"url":null,"entity_id":"Q12036169","candidates":[]}],[{"start":0,"end":14,"url":null,"entity_id":"Q213","candidates":[]}],[{"start":0,"end":6,"url":null,"entity_id":"Q470380","candidates":[]}]],[[{"start":0,"end":17,"url":null,"entity_id":"Q69561390","candidates":[]}],[{"start":0,"end":5,"url":null,"entity_id":"Q17","candidates":[]}],[{"start":0,"end":3,"url":null,"entity_id":"Q326956","candidates":[]}]],[[{"start":0,"end":32,"url":null,"entity_id":"Q24969407","candidates":[]}],[{"start":0,"end":7,"url":null,"entity_id":"Q28","candidates":[]}],[{"start":0,"end":11,"url":null,"entity_id":"Q187812","candidates":[]}]],[[{"start":0,"end":8,"url":null,"entity_id":"Q18681141","candidates":[]}],[{"start":0,"end":7,"url":null,"entity_id":"Q33","candidates":[]}],[{"start":0,"end":12,"url":null,"entity_id":"Q181854","candidates":[]}]],[[{"start":0,"end":17,"url":null,"entity_id":"Q15115447","candidates":[]}],[{"start":0,"end":6,"url":null,"entity_id":"Q801","candidates":[]}],[{"start":0,"end":5,"url":null,"entity_id":"Q134762","candidates":[]}]],[[{"start":0,"end":11,"url":null,"entity_id":"Q11900311","candidates":[]}],[{"start":0,"end":7,"url":null,"entity_id":"Q33","candidates":[]}],[{"start":0,"end":6,"url":null,"entity_id":"Q127623","candidates":[]}]],[[{"start":0,"end":10,"url":null,"entity_id":"Q66459340","candidates":[]}],[{"start":0,"end":6,"url":null,"entity_id":"Q34","candidates":[]}],[{"start":0,"end":5,"url":null,"entity_id":"Q83681","candidates":[]}]],[[{"start":0,"end":17,"url":null,"entity_id":"Q1141309","candidates":[]}],[{"start":0,"end":6,"url":null,"entity_id":"Q142","candidates":[]}],[{"start":0,"end":8,"url":null,"entity_id":"Q1289","candidates":[]}]]]}