{"version":"1.2","table":{"version":"2","table_id":"MQT3SZ8B","columns":[{"index":0,"name":"col0","values":["Polydora","Aegiale","Andromeda","Orestes","Aeneas","Andromache","Clytemnestra","Circe","Atalanta","Danaë","Alkmene","Europa","Dexithea","Proclia","Minos","Achilles","Paris","Celaeno","Eurynome","Tyro"]},{"index":1,"name":"col1","values":["Borus","Diomedes","Perseus","Hermione","Creusa","Hector","Tantalus","Telemachus","Hippomenes","Daunus","Rhadamanthus","Asterios","Minos","Cycnus","Dexithea","Deidamia","Helen of Troy","Hyperbius","Glaucus","Poseidon"]},{"index":2,"name":"col2","values":["Spercheus","Cometes","Phineus","Erigone","Dido","Helenus","Aegisthus","Odysseus","Ares","Zeus","Zeus","Zeus","Minos","Apollo","Dexithea","Helen of Troy","Helen of Troy","Poseidon","Poseidon","Poseidon"]}]},"context":{"page_title":null,"page_url":null,"page_entity_id":null,"content_hierarchy":[]},"links":[[[{"start":0,"end":7,"url":null,"entity_id":"Q41311","candidates":[]}],[{"start":0,"end":8,"url":null,"entity_id":"Q208256","candidates":[]}],[{"start":0,"end":7,"url":null,"entity_id":"Q1702408","candidates":[]}]],[[{"start":0,"end":9,"url":null,"entity_id":"Q161582","candidates":[]}],[{"start":0,"end":7,"url":null,"entity_id":"Q130832","candidates":[]}],[{"start":0,"end":7,"url":null,"entity_id":"Q1471454","candidates":[]}]],[[{"start":0,"end":7,"url":null,"entity_id":"Q192407","candidates":[]}],[{"start":0,"end":8,"url":null,"entity_id":"Q658523","candidates":[]}],[{"start":0,"end":7,"url":null,"entity_id":"Q1353815","candidates":[]}]],[[{"start":0,"end":6,"url":null,"entity_id":"Q82732","candidates":[]}],[{"start":0,"end":6,"url":null,"entity_id":"Q375174","candidates":[]}],[{"start":0,"end":4,"url":null,"entity_id":"Q905162","candidates":[]}]],[[{"start":0,"end":10,"url":null,"entity_id":"Q19376","candidates":[]}],[{"start":0,"end":6,"url":null,"entity_id":"Q159666","candidates":[]}],[{"start":0,"end":7,"url":null,"entity_id":"Q729332","candidates":[]}]],[[{"start":0,"end":12,"url":null,"entity_id":"Q131157","candidates":[]}],[{"start":0,"end":8,"url":null,"entity_id":"Q25074","candidates":[]}],[{"start":0,"end":9,"url":null,"entity_id":"Q212091","candidates":[]}]],[[{"start":0,"end":5,"url":null,"entity_id":"Q187602","candidates":[]}],[{"start":0,"end":10,"url":null,"entity_id":"Q192482","candidates":[]}],[{"start":0,"end":8,"url":null,"entity_id":"Q47231","candidates":[]}]],[[{"start":0,"end":8,"url":null,"entity_id":"Q190323","candidates":[]}],[{"start":0,"end":10,"url":null,"entity_id":"Q1455747","candidates":[]}],[{"start":0,"end":4,"url":null,"entity_id":"Q40901","candidates":[]}]],[[{"start":0,"end":5,"url":null,"entity_id":"Q190582","candidates":[]}],[{"start":0,"end":6,"url":null,"entity_id":"Q59616973","candidates":[]}],[{"start":0,"end":4,"url":null,"entity_id":"Q34201","candidates":[]}]],[[{"start":0,"end":7,"url":null,"entity_id":"Q190543","candidates":[]}],[{"start":0,"end":12,"url":null,"entity_id":"Q193609","candidates":[]}],[{"start":0,"end":4,"url":null,"entity_id":"Q34201","candidates":[]}]],[[{"start":0,"end":6,"url":null,"entity_id":"Q165170","candidates":[]}],[{"start":0,"end":8,"url":null,"entity_id":"Q23162","candidates":[]}],[{"start":0,"end":4,"url":null,"entity_id":"Q34201","candidates":[]}]],[[{"start":0,"end":8,"url":null,"entity_id":"Q4157003","candidates":[]}],[{"start":0,"end":5,"url":null,"entity_id":"Q23168","candidates":[]}],[{"start":0,"end":5,"url":null,"entity_id":"Q23168","candidates":[]}]],[[{"start":0,"end":7,"url":null,"entity_id":"Q3922437","candidates":[]}],[{"start":0,"end":6,"url":null,"entity_id":"Q1066344","candidates":[]}],[{"start":0,"end":6,"url":null,"entity_id":"Q37340","candidates":[]}]],[[{"start":0,"end":5,"url":null,"entity_id":"Q23168","candidates":[]}],[{"start":0,"end":8,"url":null,"entity_id":"Q4157003","candidates":[]}],[{"start":0,"end":8,"url":null,"entity_id":"Q4157003","candidates":[]}]],[[{"start":0,"end":8,"url":null,"entity_id":"Q41746","candidates":[]}],[{"start":0,"end":8,"url":null,"entity_id":"Q431387","candidates":[]}],[{"start":0,"end":13,"url":null,"entity_id":"Q164061","candidates":[]}]],[[{"start":0,"end":5,"url":null,"entity_id":"Q167646","candidates":[]}],[{"start":0,"end":13,"url":null,"entity_id":"Q164061","candidates":[]}],[{"start":0,"end":13,"url":null,"entity_id":"Q164061","candidates":[]}]],[[{"start":0,"end":7,"url":null,"entity_id":"Q1106075","candidates":[]}],[{"start":0,"end":9,"url":null,"entity_id":"Q15130985","candidates":[]}],[{"start":0,"end":8,"url":null,"entity_id":"Q41127","candidates":[]}]],[[{"start":0,"end":8,"url":null,"entity_id":"Q956831","candidates":[]}],[{"start":0,"end":7,"url":null,"entity_id":"Q1232714","candidates":[]}],[{"start":0,"end":8,"url":null,"entity_id":"Q41127","candidates":[]}]],[[{"start":0,"end":4,"url":null,"entity_id":"Q1126715","candidates":[]}],[{"start":0,"end":8,"url":null,"entity_id":"Q41127","candidates":[]}],[{"start":0,"end":8,"url":null,"entity_id":"Q41127","candidates":[]}]],[[{"start":0,"end":8,"url":null,"entity_id":"Q116642","candidates":[]}],[{"start":0,"end":5,"url":null,"entity_id":"Q894066","candidates":[]}],[{"start":0,"end":9,"url":null,"entity_id":"Q2890661","candidates":[]}]]]}