{"version":"1.2","table":{"version":"2","table_id":"MR5B046Q","columns":[{"index":0,"name":"col0","values":["Cdrtemle","Celaqova","Maide","Coles","P Valadouro","Foz","Samos","Trsjras","ibadavia","Melide, A Corña","Sdiás","Touro, ACoruña","Rjbeira","Palas de Sei","O Pio","Nereira","ondñedo","Sanxenzo","Riaqxo","Uedondela"]},{"index":1,"name":"col1","values":["357.84","527.35","379.13399999999996","389.86","496.5","5.04","699.3","648.114","95.57000000000001","455.36199999999997","628.11","503.0","0.0","535.068","287.287","294.327","140.154","0.0","4.024","16.847"]},{"index":2,"name":"col2","values":["94.752","67.2327","39.8","37.848","111.1127","100.99203","137.966","56.853480000000005","25.2504","101.505","52.7472","115.21509999999998","69.06899999999999","197.6832","133.13299999999998","114.0641","143.08798","43.692","58.3884","51.536699999999996"]},{"index":3,"name":"col3","values":["2668.42","5688.543","2710.41","3068.3","1991.0","10009.939999999999","1274.166","1287.2859999999998","5049.12","7331.94","1209.618","3584.7219999999998","26912.886","3408.328","4599.231","6847.480999999999","3600.1119999999996","17242.918","11066.098999999998","29393.308"]}]},"context":{"page_title":null,"page_url":null,"page_entity_id":null,"content_hierarchy":[]},"links":[[[{"start":0,"end":8,"url":null,"entity_id":"Q1605505","candidates":[]}],[],[],[]],[[{"start":0,"end":5,"url":null,"entity_id":"Q1605484","candidates":[]}],[],[],[]],[[{"start":0,"end":5,"url":null,"entity_id":"Q1605474","candidates":[]}],[],[],[]],[[{"start":0,"end":11,"url":null,"entity_id":"Q1605462","candidates":[]}],[],[],[]],[[{"start":0,"end":3,"url":null,"entity_id":"Q917878","candidates":[]}],[],[],[]],[[{"start":0,"end":5,"url":null,"entity_id":"Q917876","candidates":[]}],[],[],[]],[[{"start":0,"end":7,"url":null,"entity_id":"Q917185","candidates":[]}],[],[],[]],[[{"start":0,"end":8,"url":null,"entity_id":"Q917180","candidates":[]}],[],[],[]],[[{"start":0,"end":15,"url":null,"entity_id":"Q912514","candidates":[]}],[],[],[]],[[{"start":0,"end":5,"url":null,"entity_id":"Q910396","candidates":[]}],[],[],[]],[[{"start":0,"end":14,"url":null,"entity_id":"Q904203","candidates":[]}],[],[],[]],[[{"start":0,"end":7,"url":null,"entity_id":"Q904130","candidates":[]}],[],[],[]],[[{"start":0,"end":12,"url":null,"entity_id":"Q842216","candidates":[]}],[],[],[]],[[{"start":0,"end":5,"url":null,"entity_id":"Q841313","candidates":[]}],[],[],[]],[[{"start":0,"end":7,"url":null,"entity_id":"Q840787","candidates":[]}],[],[],[]],[[{"start":0,"end":7,"url":null,"entity_id":"Q840362","candidates":[]}],[],[],[]],[[{"start":0,"end":8,"url":null,"entity_id":"Q840355","candidates":[]}],[],[],[]],[[{"start":0,"end":6,"url":null,"entity_id":"Q835911","candidates":[]}],[],[],[]],[[{"start":0,"end":9,"url":null,"entity_id":"Q833032","candidates":[]}],[],[],[]],[[{"start":0,"end":8,"url":null,"entity_id":"Q1606020","candidates":[]}],[],[],[]]]}