{"version":"1.2","table":{"version":"2","table_id":"MSRD7Z81","columns":[{"index":0,"name":"col0","values":["IRAS 19207+4409","2MASS J19384355+4338051","ROTSE1 J192216.45+480311.2","IRAS 19036+3730","KIC 12159077","2MASS J19425980+4525515","IRAS 19369+4953","AF Cyg","ASAS J191420+5036.7","IRAS 19061+4817","ASAS J190618+4644.9","NSV 11849","2MASS J19575133+4737459","V541 Lyr","KIC 4679457","KIC 6451307","[WWV2004] J2002459+472559","ASAS J191259+4115.1","ASAS J191956+4022.6","V* V1672 Cyg"]},{"index":1,"name":"col1","values":["194","191","200","207","212","192","212","203","179","172","168","179","162","155","366","340","340","139","148","130"]},{"index":2,"name":"col2","values":["4","3","3","2","3","3","4","2","3","3","3","3","13","2","6","4","6","2","3","3"]},{"index":3,"name":"col3","values":["290.5801764973145","294.6814362552399","290.568738064251","286.3434566219285","291.3603022772268","295.7492241968311","294.5690724872789","292.5535586152835","288.5853738558101","286.8763190673121","286.5762896619634","288.5853738558101","299.4639207579605","283.3270345600184","297.5361268362333","294.4688666564533","300.6902055300274","288.2449177336938","289.9811936526915","296.0607593684771"]},{"index":4,"name":"col4","values":["-0.1","-0.11","-1","-1","-0.17","-0.68","-0.1","-0.99","-0.19","-0.21","-0.94","-0.19","-0.07","-0.96","-0.09","-0.09","-0.07","-1.01","-0.09","-0.1"]}]},"context":{"page_title":null,"page_url":null,"page_entity_id":null,"content_hierarchy":[]},"links":[[[{"start":0,"end":15,"url":null,"entity_id":"Q86451593","candidates":[]}],[],[],[],[]],[[{"start":0,"end":23,"url":null,"entity_id":"Q86388457","candidates":[]}],[],[],[],[]],[[{"start":0,"end":26,"url":null,"entity_id":"Q85005834","candidates":[]}],[],[],[],[]],[[{"start":0,"end":15,"url":null,"entity_id":"Q83599329","candidates":[]}],[],[],[],[]],[[{"start":0,"end":12,"url":null,"entity_id":"Q75209633","candidates":[]}],[],[],[],[]],[[{"start":0,"end":23,"url":null,"entity_id":"Q75209299","candidates":[]}],[],[],[],[]],[[{"start":0,"end":15,"url":null,"entity_id":"Q75208369","candidates":[]}],[],[],[],[]],[[{"start":0,"end":6,"url":null,"entity_id":"Q66531582","candidates":[]}],[],[],[],[]],[[{"start":0,"end":19,"url":null,"entity_id":"Q86889305","candidates":[]}],[],[],[],[]],[[{"start":0,"end":15,"url":null,"entity_id":"Q75209198","candidates":[]}],[],[],[],[]],[[{"start":0,"end":19,"url":null,"entity_id":"Q75208699","candidates":[]}],[],[],[],[]],[[{"start":0,"end":9,"url":null,"entity_id":"Q75207723","candidates":[]}],[],[],[],[]],[[{"start":0,"end":23,"url":null,"entity_id":"Q75207413","candidates":[]}],[],[],[],[]],[[{"start":0,"end":8,"url":null,"entity_id":"Q66497424","candidates":[]}],[],[],[],[]],[[{"start":0,"end":11,"url":null,"entity_id":"Q81028217","candidates":[]}],[],[],[],[]],[[{"start":0,"end":11,"url":null,"entity_id":"Q75206629","candidates":[]}],[],[],[],[]],[[{"start":0,"end":25,"url":null,"entity_id":"Q75074123","candidates":[]}],[],[],[],[]],[[{"start":0,"end":19,"url":null,"entity_id":"Q86889319","candidates":[]}],[],[],[],[]],[[{"start":0,"end":19,"url":null,"entity_id":"Q86889310","candidates":[]}],[],[],[],[]],[[{"start":0,"end":12,"url":null,"entity_id":"Q86388754","candidates":[]}],[],[],[],[]]]}