{"version":"1.2","table":{"version":"2","table_id":"MT7AGOZT","columns":[{"index":0,"name":"col0","values":["Department of Public Expenditure and Reform","Department of Justice and Equality","Department of Jobs, Enterprise and Innovation","Koga-fu","Supreme People's Procuratorate","Tianjin People's Government","Inspection générale des finances","Office of the President of the French Republic","Office of the Historian of the United States House of Representatives","Ayuntamiento de Vitoria-Gasteiz","Palestinian National Authority","Bappeda lhokseumawe","Chief Secretary for Administration's Office","White House Office of the Press Secretary","Office of the Secretary of Health and Human Services","Department of Justice Office of the Solicitor General","Central Military Commission of People's Republic of China","Ministry of Foreign Affairs","North Dakota Office of State Tax Commissioner","Election Commission of India"]},{"index":1,"name":"col1","values":["Minister for Public Expenditure and Reform","Minister for Justice and Equality","Minister for Jobs, Enterprise and Innovation","Koga kubō","Procurator-General of the Supreme People's Procuratorate","mayor of Tianjin","Inspector general of Finances","General secretary of the Presidency of the Republic","Historian of the United States House of Representatives","mayor of Vitoria","President of the Palestinian National Authority","head of government","Chief Secretary for Administration","White House Press Secretary","United States Secretary of Health and Human Services","United States Solicitor General","Chairman of Central Military Commission of People's Republic of China","Minister of Foreign Affairs","North Dakota Tax Commissioner","Chief Election Commissioner of India"]},{"index":2,"name":"col2","values":["Ireland","Ireland","Ireland","Japan","People's Republic of China","People's Republic of China","France","France","United States of America","Spain","State of Palestine","Indonesia","People's Republic of China","United States of America","United States of America","United States of America","People's Republic of China","Netherlands","United States of America","India"]}]},"context":{"page_title":null,"page_url":null,"page_entity_id":null,"content_hierarchy":[]},"links":[[[{"start":0,"end":43,"url":null,"entity_id":"Q4294338","candidates":[]}],[{"start":0,"end":42,"url":null,"entity_id":"Q6865939","candidates":[]}],[{"start":0,"end":7,"url":null,"entity_id":"Q27","candidates":[]}]],[[{"start":0,"end":34,"url":null,"entity_id":"Q4294883","candidates":[]}],[{"start":0,"end":33,"url":null,"entity_id":"Q6865904","candidates":[]}],[{"start":0,"end":7,"url":null,"entity_id":"Q27","candidates":[]}]],[[{"start":0,"end":45,"url":null,"entity_id":"Q4294285","candidates":[]}],[{"start":0,"end":44,"url":null,"entity_id":"Q6865902","candidates":[]}],[{"start":0,"end":7,"url":null,"entity_id":"Q27","candidates":[]}]],[[{"start":0,"end":7,"url":null,"entity_id":"Q17219976","candidates":[]}],[{"start":0,"end":9,"url":null,"entity_id":"Q8017022","candidates":[]}],[{"start":0,"end":5,"url":null,"entity_id":"Q17","candidates":[]}]],[[{"start":0,"end":30,"url":null,"entity_id":"Q2682024","candidates":[]}],[{"start":0,"end":56,"url":null,"entity_id":"Q17279692","candidates":[]}],[{"start":0,"end":26,"url":null,"entity_id":"Q148","candidates":[]}]],[[{"start":0,"end":27,"url":null,"entity_id":"Q10940073","candidates":[]}],[{"start":0,"end":16,"url":null,"entity_id":"Q17279662","candidates":[]}],[{"start":0,"end":26,"url":null,"entity_id":"Q148","candidates":[]}]],[[{"start":0,"end":32,"url":null,"entity_id":"Q3151643","candidates":[]}],[{"start":0,"end":29,"url":null,"entity_id":"Q18078230","candidates":[]}],[{"start":0,"end":6,"url":null,"entity_id":"Q142","candidates":[]}]],[[{"start":0,"end":46,"url":null,"entity_id":"Q2932392","candidates":[]}],[{"start":0,"end":51,"url":null,"entity_id":"Q17618208","candidates":[]}],[{"start":0,"end":6,"url":null,"entity_id":"Q142","candidates":[]}]],[[{"start":0,"end":69,"url":null,"entity_id":"Q77595685","candidates":[]}],[{"start":0,"end":55,"url":null,"entity_id":"Q17109420","candidates":[]}],[{"start":0,"end":24,"url":null,"entity_id":"Q30","candidates":[]}]],[[{"start":0,"end":31,"url":null,"entity_id":"Q12258247","candidates":[]}],[{"start":0,"end":16,"url":null,"entity_id":"Q26691254","candidates":[]}],[{"start":0,"end":5,"url":null,"entity_id":"Q29","candidates":[]}]],[[{"start":0,"end":30,"url":null,"entity_id":"Q42620","candidates":[]}],[{"start":0,"end":47,"url":null,"entity_id":"Q2336111","candidates":[]}],[{"start":0,"end":18,"url":null,"entity_id":"Q219060","candidates":[]}]],[[{"start":0,"end":19,"url":null,"entity_id":"Q17361119","candidates":[]}],[{"start":0,"end":18,"url":null,"entity_id":"Q2285706","candidates":[]}],[{"start":0,"end":9,"url":null,"entity_id":"Q252","candidates":[]}]],[[{"start":0,"end":43,"url":null,"entity_id":"Q13161929","candidates":[]}],[{"start":0,"end":34,"url":null,"entity_id":"Q3135366","candidates":[]}],[{"start":0,"end":26,"url":null,"entity_id":"Q148","candidates":[]}]],[[{"start":0,"end":41,"url":null,"entity_id":"Q7994903","candidates":[]}],[{"start":0,"end":27,"url":null,"entity_id":"Q2306431","candidates":[]}],[{"start":0,"end":24,"url":null,"entity_id":"Q30","candidates":[]}]],[[{"start":0,"end":52,"url":null,"entity_id":"Q43896279","candidates":[]}],[{"start":0,"end":52,"url":null,"entity_id":"Q2305968","candidates":[]}],[{"start":0,"end":24,"url":null,"entity_id":"Q30","candidates":[]}]],[[{"start":0,"end":53,"url":null,"entity_id":"Q79700853","candidates":[]}],[{"start":0,"end":31,"url":null,"entity_id":"Q2298067","candidates":[]}],[{"start":0,"end":24,"url":null,"entity_id":"Q30","candidates":[]}]],[[{"start":0,"end":57,"url":null,"entity_id":"Q20791794","candidates":[]}],[{"start":0,"end":69,"url":null,"entity_id":"Q20792347","candidates":[]}],[{"start":0,"end":26,"url":null,"entity_id":"Q148","candidates":[]}]],[[{"start":0,"end":27,"url":null,"entity_id":"Q1037495","candidates":[]}],[{"start":0,"end":27,"url":null,"entity_id":"Q20007045","candidates":[]}],[{"start":0,"end":11,"url":null,"entity_id":"Q55","candidates":[]}]],[[{"start":0,"end":45,"url":null,"entity_id":"Q7055033","candidates":[]}],[{"start":0,"end":29,"url":null,"entity_id":"Q19768230","candidates":[]}],[{"start":0,"end":24,"url":null,"entity_id":"Q30","candidates":[]}]],[[{"start":0,"end":28,"url":null,"entity_id":"Q2724317","candidates":[]}],[{"start":0,"end":36,"url":null,"entity_id":"Q3522413","candidates":[]}],[{"start":0,"end":5,"url":null,"entity_id":"Q668","candidates":[]}]]]}