{"version":"1.2","table":{"version":"2","table_id":"MTBAIV1O","columns":[{"index":0,"name":"col0","values":["Sisakhani","Amalachaur","Dewanganj","Prakashpur","Chhatara, Bajura","Saping","Saraswor","Lo Manthang","Dhamilikuwa","Simikot","Reevan","Pisang","Chame, Nepal","Dhungachalna","Dhudharukot","Bhuli, Nepal","Chandragadhi","Dhungrekhola","Martadi","Bai, Nepal"]},{"index":1,"name":"col1","values":["Baglung District","Baglung District","Sunsari District","Sunsari District","Bajura District","Nepal","Nepal","Mustang District","Lamjung District","Humla District","Kaski District","Manang District","Manang District","Achham District","Achham District","Achham District","Jhapa District","Sarlahi District","Bajura District","Bajura District"]},{"index":2,"name":"col2","values":["2056","4587","7484","14105","3712","3730","3855","569","3831","4341","1332","307","1129","5656","3124","2779","18949","13500","8807","3383"]}]},"context":{"page_title":null,"page_url":null,"page_entity_id":null,"content_hierarchy":[]},"links":[[[{"start":0,"end":9,"url":null,"entity_id":"Q3415393","candidates":[]}],[{"start":0,"end":16,"url":null,"entity_id":"Q28162","candidates":[]}],[]],[[{"start":0,"end":10,"url":null,"entity_id":"Q3415268","candidates":[]}],[{"start":0,"end":16,"url":null,"entity_id":"Q28162","candidates":[]}],[]],[[{"start":0,"end":9,"url":null,"entity_id":"Q3415679","candidates":[]}],[{"start":0,"end":16,"url":null,"entity_id":"Q28157","candidates":[]}],[]],[[{"start":0,"end":10,"url":null,"entity_id":"Q3415214","candidates":[]}],[{"start":0,"end":16,"url":null,"entity_id":"Q28157","candidates":[]}],[]],[[{"start":0,"end":16,"url":null,"entity_id":"Q3415800","candidates":[]}],[{"start":0,"end":15,"url":null,"entity_id":"Q28071","candidates":[]}],[]],[[{"start":0,"end":6,"url":null,"entity_id":"Q3415416","candidates":[]}],[{"start":0,"end":5,"url":null,"entity_id":"Q837","candidates":[]}],[]],[[{"start":0,"end":8,"url":null,"entity_id":"Q3415336","candidates":[]}],[{"start":0,"end":5,"url":null,"entity_id":"Q837","candidates":[]}],[]],[[{"start":0,"end":11,"url":null,"entity_id":"Q2603964","candidates":[]}],[{"start":0,"end":16,"url":null,"entity_id":"Q2239575","candidates":[]}],[]],[[{"start":0,"end":11,"url":null,"entity_id":"Q2605002","candidates":[]}],[{"start":0,"end":16,"url":null,"entity_id":"Q29275","candidates":[]}],[]],[[{"start":0,"end":7,"url":null,"entity_id":"Q2152374","candidates":[]}],[{"start":0,"end":14,"url":null,"entity_id":"Q28623","candidates":[]}],[]],[[{"start":0,"end":6,"url":null,"entity_id":"Q3071391","candidates":[]}],[{"start":0,"end":14,"url":null,"entity_id":"Q28436","candidates":[]}],[]],[[{"start":0,"end":6,"url":null,"entity_id":"Q2353600","candidates":[]}],[{"start":0,"end":15,"url":null,"entity_id":"Q28434","candidates":[]}],[]],[[{"start":0,"end":12,"url":null,"entity_id":"Q2299059","candidates":[]}],[{"start":0,"end":15,"url":null,"entity_id":"Q28434","candidates":[]}],[]],[[{"start":0,"end":12,"url":null,"entity_id":"Q3410314","candidates":[]}],[{"start":0,"end":15,"url":null,"entity_id":"Q28426","candidates":[]}],[]],[[{"start":0,"end":11,"url":null,"entity_id":"Q3410185","candidates":[]}],[{"start":0,"end":15,"url":null,"entity_id":"Q28426","candidates":[]}],[]],[[{"start":0,"end":12,"url":null,"entity_id":"Q2659516","candidates":[]}],[{"start":0,"end":15,"url":null,"entity_id":"Q28426","candidates":[]}],[]],[[{"start":0,"end":12,"url":null,"entity_id":"Q2594146","candidates":[]}],[{"start":0,"end":14,"url":null,"entity_id":"Q28160","candidates":[]}],[]],[[{"start":0,"end":12,"url":null,"entity_id":"Q3410252","candidates":[]}],[{"start":0,"end":16,"url":null,"entity_id":"Q28074","candidates":[]}],[]],[[{"start":0,"end":7,"url":null,"entity_id":"Q2477347","candidates":[]}],[{"start":0,"end":15,"url":null,"entity_id":"Q28071","candidates":[]}],[]],[[{"start":0,"end":10,"url":null,"entity_id":"Q2261994","candidates":[]}],[{"start":0,"end":15,"url":null,"entity_id":"Q28071","candidates":[]}],[]]]}