{"version":"1.2","table":{"version":"2","table_id":"MUWUVBIV","columns":[{"index":0,"name":"col0","values":["Rsputin","Lady Magnetia","Gesualdp","Les Larmes du coutgau","Antonz and Cleopatra","Wajting","Semyon Ktko","Sancta Suscnna","King Rger","Betrotal in a Monastery","Thg Nightingale","The iery Angel","The\"ose","Mavra","Die ägyptische Helea","Noe's Fludde","Thg Devil and Kate","Dialouhs of the Carelites","Jenůf","TheMedium"]},{"index":1,"name":"col1","values":["1.98","49.75","2.01","20.019999999999996","2.014","32.32","3.521","24.775","80.48","135.81","45.044999999999995","1.99","0.994","25.05","2.25","0.998","2.02","2.5075","109.34","1.005"]},{"index":2,"name":"col2","values":["2.002","0.99","1.001","1.001","2.976","1.008","5.004999999999999","0.998","3.024","3.976","3.024","5.034999999999999","3.021","0.993","1.998","0.991","3.0089999999999995","3.0029999999999997","3.024","2.006"]}]},"context":{"page_title":null,"page_url":null,"page_entity_id":null,"content_hierarchy":[]},"links":[[[{"start":0,"end":13,"url":null,"entity_id":"Q21814358","candidates":[]}],[],[]],[[{"start":0,"end":8,"url":null,"entity_id":"Q19702997","candidates":[]}],[],[]],[[{"start":0,"end":21,"url":null,"entity_id":"Q5971164","candidates":[]}],[],[]],[[{"start":0,"end":20,"url":null,"entity_id":"Q4777266","candidates":[]}],[],[]],[[{"start":0,"end":7,"url":null,"entity_id":"Q16682606","candidates":[]}],[],[]],[[{"start":0,"end":11,"url":null,"entity_id":"Q3132581","candidates":[]}],[],[]],[[{"start":0,"end":14,"url":null,"entity_id":"Q3072314","candidates":[]}],[],[]],[[{"start":0,"end":9,"url":null,"entity_id":"Q3041659","candidates":[]}],[],[]],[[{"start":0,"end":23,"url":null,"entity_id":"Q2629201","candidates":[]}],[],[]],[[{"start":0,"end":15,"url":null,"entity_id":"Q2450365","candidates":[]}],[],[]],[[{"start":0,"end":14,"url":null,"entity_id":"Q2372929","candidates":[]}],[],[]],[[{"start":0,"end":7,"url":null,"entity_id":"Q2367888","candidates":[]}],[],[]],[[{"start":0,"end":5,"url":null,"entity_id":"Q1911979","candidates":[]}],[],[]],[[{"start":0,"end":20,"url":null,"entity_id":"Q1220040","candidates":[]}],[],[]],[[{"start":0,"end":12,"url":null,"entity_id":"Q1218977","candidates":[]}],[],[]],[[{"start":0,"end":18,"url":null,"entity_id":"Q1216733","candidates":[]}],[],[]],[[{"start":0,"end":25,"url":null,"entity_id":"Q1208527","candidates":[]}],[],[]],[[{"start":0,"end":5,"url":null,"entity_id":"Q1196783","candidates":[]}],[],[]],[[{"start":0,"end":9,"url":null,"entity_id":"Q1169743","candidates":[]}],[],[]],[[{"start":0,"end":7,"url":null,"entity_id":"Q42732667","candidates":[]}],[],[]]]}