{"version":"1.2","table":{"version":"2","table_id":"MV45HD0E","columns":[{"index":0,"name":"col0","values":["Paul-Pfinzing-Gymnasiu","Spohn-Gymnaium Ravensburg","Geschwister/Scholl-Gymnasium Lüdenscheid","Karl-Friedrich-Gymnasium Mannjeim","Nicolaus-Cusanus-Gymasium Bergisch Gladbach","Willibal-Gluck-Gymnasium","Luwig-Meyn-Gymnasium","Peter-Wust-Gymnasim Merzig","Melanchthon-Gymnasim","Theresia-Gerhardiqger-Schule am Anger","Otto-Schott-Gymnasiup","Schönbqrn-Gymnasium Brchsal","Marianne.Weber-Gymnasium","Ricarda-Huch0G{mnasium","ilhelm/Hitorf-Gymnasium","Albertus-Magnus-Gymnasium Viersen-Dülkn","Wernes-von-Siemens-Gymnasium","Otto-Hahn Gynnasium, Karlsruhe","Otto-Hahn-Gymnasium, Höttingen","Albert-Schetzer-Gymnasium"]},{"index":1,"name":"col1","values":["1860/01/01","1839/01/01","1858/01/01","1664/01/01","1888/01/01","1965/01/01","1923/01/01","1888/01/01","2008/01/01","1843/01/01","1972/01/01","1755/01/01","1873/01/01","1848/01/01","1949/01/01","1967/01/01","1869/01/01","1969/01/01","1969/01/01","1974/01/01"]},{"index":2,"name":"col2","values":["Paul Pfinzing","Julius Spohn","Hans and Sophie Scholl","Charles Frederick, Grand Duke of Baden","Nicholas of Cusa","Christoph Willibald von Gluck","Ludwig Meyn","Peter Wust","Philipp Melanchthon","Karolina Gerhardinger","Otto Schott","Damian Hugo Philipp von Schönborn","Marianne Weber","Ricarda Huch","Johann Wilhelm Hittorf","Albertus Magnus","Ernst Werner von Siemens","Otto Hahn","Otto Hahn","Albert Schweitzer"]}]},"context":{"page_title":null,"page_url":null,"page_entity_id":null,"content_hierarchy":[]},"links":[[[{"start":0,"end":25,"url":null,"entity_id":"Q2311893","candidates":[]}],[],[{"start":0,"end":12,"url":null,"entity_id":"Q1432055","candidates":[]}]],[[{"start":0,"end":40,"url":null,"entity_id":"Q15111591","candidates":[]}],[],[{"start":0,"end":22,"url":null,"entity_id":"Q566212","candidates":[]}]],[[{"start":0,"end":33,"url":null,"entity_id":"Q1729755","candidates":[]}],[],[{"start":0,"end":38,"url":null,"entity_id":"Q213671","candidates":[]}]],[[{"start":0,"end":43,"url":null,"entity_id":"Q1726161","candidates":[]}],[],[{"start":0,"end":16,"url":null,"entity_id":"Q154751","candidates":[]}]],[[{"start":0,"end":24,"url":null,"entity_id":"Q2581285","candidates":[]}],[],[{"start":0,"end":29,"url":null,"entity_id":"Q130759","candidates":[]}]],[[{"start":0,"end":20,"url":null,"entity_id":"Q1874101","candidates":[]}],[],[{"start":0,"end":11,"url":null,"entity_id":"Q122021","candidates":[]}]],[[{"start":0,"end":26,"url":null,"entity_id":"Q2073505","candidates":[]}],[],[{"start":0,"end":10,"url":null,"entity_id":"Q97111","candidates":[]}]],[[{"start":0,"end":20,"url":null,"entity_id":"Q15120071","candidates":[]}],[],[{"start":0,"end":19,"url":null,"entity_id":"Q76325","candidates":[]}]],[[{"start":0,"end":37,"url":null,"entity_id":"Q1771978","candidates":[]}],[],[{"start":0,"end":21,"url":null,"entity_id":"Q73078","candidates":[]}]],[[{"start":0,"end":21,"url":null,"entity_id":"Q15058328","candidates":[]}],[],[{"start":0,"end":11,"url":null,"entity_id":"Q72357","candidates":[]}]],[[{"start":0,"end":27,"url":null,"entity_id":"Q2258790","candidates":[]}],[],[{"start":0,"end":33,"url":null,"entity_id":"Q69886","candidates":[]}]],[[{"start":0,"end":24,"url":null,"entity_id":"Q12681108","candidates":[]}],[],[{"start":0,"end":14,"url":null,"entity_id":"Q66916","candidates":[]}]],[[{"start":0,"end":22,"url":null,"entity_id":"Q2148587","candidates":[]}],[],[{"start":0,"end":12,"url":null,"entity_id":"Q60785","candidates":[]}]],[[{"start":0,"end":23,"url":null,"entity_id":"Q2571492","candidates":[]}],[],[{"start":0,"end":22,"url":null,"entity_id":"Q60428","candidates":[]}]],[[{"start":0,"end":39,"url":null,"entity_id":"Q2639520","candidates":[]}],[],[{"start":0,"end":15,"url":null,"entity_id":"Q60059","candidates":[]}]],[[{"start":0,"end":28,"url":null,"entity_id":"Q2560738","candidates":[]}],[],[{"start":0,"end":24,"url":null,"entity_id":"Q58577","candidates":[]}]],[[{"start":0,"end":30,"url":null,"entity_id":"Q2037941","candidates":[]}],[],[{"start":0,"end":9,"url":null,"entity_id":"Q57065","candidates":[]}]],[[{"start":0,"end":30,"url":null,"entity_id":"Q2037939","candidates":[]}],[],[{"start":0,"end":9,"url":null,"entity_id":"Q57065","candidates":[]}]],[[{"start":0,"end":25,"url":null,"entity_id":"Q2637464","candidates":[]}],[],[{"start":0,"end":17,"url":null,"entity_id":"Q49325","candidates":[]}]],[[{"start":0,"end":22,"url":null,"entity_id":"Q2058579","candidates":[]}],[],[{"start":0,"end":13,"url":null,"entity_id":"Q2061644","candidates":[]}]]]}