{"version":"1.2","table":{"version":"2","table_id":"N1SQHDTI","columns":[{"index":0,"name":"col0","values":["Kaliagaqj","Ulueria","North Barrafkpur","Uttarpata Kotrunh","Raijaj","Titagark","Ranigdnj","Jhdrgram","Januria","Konnagr","Kshirpal","Madhyamgam","Pujalj","Katwa","Rampuriat","Khardha","Kanchrpara","Raqaghat","Santipvr","Rcmjibanur"]},{"index":1,"name":"col1","values":["53690.59","235109.655","132407.582","158351.26499999998","184530.05999999997","115375.59","129182.118","61403.44","147727.8","75943.484","16465.92","196127.0","36787.671","81533.385","58353.496999999996","108062.016","129187.272","74611.35","152535.88499999998","19709.054999999997"]},{"index":2,"name":"col2","values":["41871.732","165293.38","117456.192","134812.49","133176.292","84160.0","88563.897","50169.22","92651.21","63847.089","12112.035999999998","161892.43499999997","25765.209","65121.813","44664.291","95755.40699999999","107335.356","65030.56","110799.746","14882.35"]}]},"context":{"page_title":null,"page_url":null,"page_entity_id":null,"content_hierarchy":[]},"links":[[[{"start":0,"end":7,"url":null,"entity_id":"Q2318927","candidates":[]}],[],[]],[[{"start":0,"end":16,"url":null,"entity_id":"Q2318208","candidates":[]}],[],[]],[[{"start":0,"end":17,"url":null,"entity_id":"Q2317215","candidates":[]}],[],[]],[[{"start":0,"end":6,"url":null,"entity_id":"Q2304045","candidates":[]}],[],[]],[[{"start":0,"end":8,"url":null,"entity_id":"Q2287264","candidates":[]}],[],[]],[[{"start":0,"end":8,"url":null,"entity_id":"Q2287252","candidates":[]}],[],[]],[[{"start":0,"end":8,"url":null,"entity_id":"Q2287060","candidates":[]}],[],[]],[[{"start":0,"end":7,"url":null,"entity_id":"Q2286850","candidates":[]}],[],[]],[[{"start":0,"end":7,"url":null,"entity_id":"Q2235942","candidates":[]}],[],[]],[[{"start":0,"end":8,"url":null,"entity_id":"Q2232142","candidates":[]}],[],[]],[[{"start":0,"end":10,"url":null,"entity_id":"Q2230683","candidates":[]}],[],[]],[[{"start":0,"end":6,"url":null,"entity_id":"Q2228596","candidates":[]}],[],[]],[[{"start":0,"end":5,"url":null,"entity_id":"Q2138465","candidates":[]}],[],[]],[[{"start":0,"end":9,"url":null,"entity_id":"Q2120473","candidates":[]}],[],[]],[[{"start":0,"end":7,"url":null,"entity_id":"Q2120110","candidates":[]}],[],[]],[[{"start":0,"end":10,"url":null,"entity_id":"Q2088474","candidates":[]}],[],[]],[[{"start":0,"end":8,"url":null,"entity_id":"Q2036954","candidates":[]}],[],[]],[[{"start":0,"end":8,"url":null,"entity_id":"Q2035284","candidates":[]}],[],[]],[[{"start":0,"end":10,"url":null,"entity_id":"Q2016742","candidates":[]}],[],[]],[[{"start":0,"end":9,"url":null,"entity_id":"Q2330594","candidates":[]}],[],[]]]}