{"version":"1.2","table":{"version":"2","table_id":"N2O8TKYQ","columns":[{"index":0,"name":"col0","values":["The Brothers Johnson","Mary Mary","Draco and the Malfoys","Santo & Johnny","Berman Brothers","Sandy & Junior","The Cheeky Girls","La Bionda","The Delmore Brothers","CocoRosie","P.M. Dawn","The Bellamy Brothers","Aly & AJ","Duo Vela","Azúcar Moreno","Tegan and Sara","Moymoy Palaboy","The DeZurik Sisters","Juicy","Nikitine Sisters Duet"]},{"index":1,"name":"col1","values":["United States of America","United States of America","United States of America","United States of America","Germany","Brazil","United Kingdom","Italy","United States of America","United States of America","United States of America","United States of America","United States of America","Spain","Spain","Canada","Philippines","United States of America","United States of America","France"]},{"index":2,"name":"col2","values":["1975-01-01","1998-01-01","2004-01-01","1959-01-01","1993-01-01","1990-01-01","2002-01-01","1970-01-01","1926-01-01","2003-01-01","1988-01-01","1971-01-01","2002-01-01","1988-01-01","1984-01-01","1995-01-01","2007-01-01","1936-01-01","1982-01-01","2008-01-01"]}]},"context":{"page_title":null,"page_url":null,"page_entity_id":null,"content_hierarchy":[]},"links":[[[{"start":0,"end":20,"url":null,"entity_id":"Q2078198","candidates":[]}],[{"start":0,"end":24,"url":null,"entity_id":"Q30","candidates":[]}],[]],[[{"start":0,"end":9,"url":null,"entity_id":"Q1906374","candidates":[]}],[{"start":0,"end":24,"url":null,"entity_id":"Q30","candidates":[]}],[]],[[{"start":0,"end":21,"url":null,"entity_id":"Q1752517","candidates":[]}],[{"start":0,"end":24,"url":null,"entity_id":"Q30","candidates":[]}],[]],[[{"start":0,"end":14,"url":null,"entity_id":"Q1473123","candidates":[]}],[{"start":0,"end":24,"url":null,"entity_id":"Q30","candidates":[]}],[]],[[{"start":0,"end":15,"url":null,"entity_id":"Q100987","candidates":[]}],[{"start":0,"end":7,"url":null,"entity_id":"Q183","candidates":[]}],[]],[[{"start":0,"end":14,"url":null,"entity_id":"Q835656","candidates":[]}],[{"start":0,"end":6,"url":null,"entity_id":"Q155","candidates":[]}],[]],[[{"start":0,"end":16,"url":null,"entity_id":"Q432119","candidates":[]}],[{"start":0,"end":14,"url":null,"entity_id":"Q145","candidates":[]}],[]],[[{"start":0,"end":9,"url":null,"entity_id":"Q576894","candidates":[]}],[{"start":0,"end":5,"url":null,"entity_id":"Q38","candidates":[]}],[]],[[{"start":0,"end":20,"url":null,"entity_id":"Q1184543","candidates":[]}],[{"start":0,"end":24,"url":null,"entity_id":"Q30","candidates":[]}],[]],[[{"start":0,"end":9,"url":null,"entity_id":"Q1105391","candidates":[]}],[{"start":0,"end":24,"url":null,"entity_id":"Q30","candidates":[]}],[]],[[{"start":0,"end":9,"url":null,"entity_id":"Q937514","candidates":[]}],[{"start":0,"end":24,"url":null,"entity_id":"Q30","candidates":[]}],[]],[[{"start":0,"end":20,"url":null,"entity_id":"Q815801","candidates":[]}],[{"start":0,"end":24,"url":null,"entity_id":"Q30","candidates":[]}],[]],[[{"start":0,"end":8,"url":null,"entity_id":"Q269646","candidates":[]}],[{"start":0,"end":24,"url":null,"entity_id":"Q30","candidates":[]}],[]],[[{"start":0,"end":8,"url":null,"entity_id":"Q840016","candidates":[]}],[{"start":0,"end":5,"url":null,"entity_id":"Q29","candidates":[]}],[]],[[{"start":0,"end":13,"url":null,"entity_id":"Q794498","candidates":[]}],[{"start":0,"end":5,"url":null,"entity_id":"Q29","candidates":[]}],[]],[[{"start":0,"end":14,"url":null,"entity_id":"Q734756","candidates":[]}],[{"start":0,"end":6,"url":null,"entity_id":"Q16","candidates":[]}],[]],[[{"start":0,"end":14,"url":null,"entity_id":"Q6025486","candidates":[]}],[{"start":0,"end":11,"url":null,"entity_id":"Q928","candidates":[]}],[]],[[{"start":0,"end":19,"url":null,"entity_id":"Q7729269","candidates":[]}],[{"start":0,"end":24,"url":null,"entity_id":"Q30","candidates":[]}],[]],[[{"start":0,"end":5,"url":null,"entity_id":"Q6305217","candidates":[]}],[{"start":0,"end":24,"url":null,"entity_id":"Q30","candidates":[]}],[]],[[{"start":0,"end":21,"url":null,"entity_id":"Q3341514","candidates":[]}],[{"start":0,"end":6,"url":null,"entity_id":"Q142","candidates":[]}],[]]]}