{"version":"1.2","table":{"version":"2","table_id":"N2VEMSYW","columns":[{"index":0,"name":"col0","values":["terbium-158","terbium-157","terbium-156","terbium-155","terbium-153","terbium-152","terbium-150","terbium-149","terbium-148","terbium-147","terbium-146","terbium-144","terbium-143","terbium-142","terbium-141","terbium-140","terbium-135","terbium-162","terbium-161","terbium-164"]},{"index":1,"name":"col1","values":["-1","1","-1","1","1","-1","-1","1","-1","1","1","1","-1","1","-1","1","-1","-1","1","1"]},{"index":2,"name":"col2","values":["3","1.5","3","1.5","2.5","2","2","0.5","2","0.5","1","1","5.5","1","2.5","7","3.5","1","1.5","5"]},{"index":3,"name":"col3","values":["-69470.668","-70763.43","-70090.797","-71250.05","-71313.338","-70716.916","-71105.721","-71488.669","-70537.082","-70742.665","-67763.61","-62368.181","-60419.183","-56559.515","-54540.837","-50482.271","-32825","-65675.958","-67461.589","-62077.965"]},{"index":4,"name":"col4","values":["157.925420166","156.924032328","155.92475443","154.923509921","152.923441978","151.924082263","149.923664864","148.923253753","147.924275323","146.92405462","145.927252768","143.933045","142.935137335","141.939280859","140.941448","139.945805049","134.96476","161.929493955","160.927577001","163.933356559"]},{"index":5,"name":"col5","values":["1293886.174","1287107.666","1278363.684","1271451.67","1255372.344","1246704.608","1230950.7","1223262.435","1214239.508","1206373.728","1195323.316","1173785.328","1163765.031","1151833.994","1141743.975","1129614.08","1071630","1322376.84","1316091.119","1334921.46"]},{"index":6,"name":"col6","values":["180","71","5.35","5.32","2.34","17.5","3.48","4.118","60","1.64","8","1","12","597","3.5","2","0.94","7.6","6.89","3"]}]},"context":{"page_title":null,"page_url":null,"page_entity_id":null,"content_hierarchy":[]},"links":[[[{"start":0,"end":11,"url":null,"entity_id":"Q18882318","candidates":[]}],[],[],[],[],[],[]],[[{"start":0,"end":11,"url":null,"entity_id":"Q18882317","candidates":[]}],[],[],[],[],[],[]],[[{"start":0,"end":11,"url":null,"entity_id":"Q18882313","candidates":[]}],[],[],[],[],[],[]],[[{"start":0,"end":11,"url":null,"entity_id":"Q18882312","candidates":[]}],[],[],[],[],[],[]],[[{"start":0,"end":11,"url":null,"entity_id":"Q18882305","candidates":[]}],[],[],[],[],[],[]],[[{"start":0,"end":11,"url":null,"entity_id":"Q18882301","candidates":[]}],[],[],[],[],[],[]],[[{"start":0,"end":11,"url":null,"entity_id":"Q18882293","candidates":[]}],[],[],[],[],[],[]],[[{"start":0,"end":11,"url":null,"entity_id":"Q18882283","candidates":[]}],[],[],[],[],[],[]],[[{"start":0,"end":11,"url":null,"entity_id":"Q18882256","candidates":[]}],[],[],[],[],[],[]],[[{"start":0,"end":11,"url":null,"entity_id":"Q18882247","candidates":[]}],[],[],[],[],[],[]],[[{"start":0,"end":11,"url":null,"entity_id":"Q18882240","candidates":[]}],[],[],[],[],[],[]],[[{"start":0,"end":11,"url":null,"entity_id":"Q18882224","candidates":[]}],[],[],[],[],[],[]],[[{"start":0,"end":11,"url":null,"entity_id":"Q18882221","candidates":[]}],[],[],[],[],[],[]],[[{"start":0,"end":11,"url":null,"entity_id":"Q18882217","candidates":[]}],[],[],[],[],[],[]],[[{"start":0,"end":11,"url":null,"entity_id":"Q18882198","candidates":[]}],[],[],[],[],[],[]],[[{"start":0,"end":11,"url":null,"entity_id":"Q18882191","candidates":[]}],[],[],[],[],[],[]],[[{"start":0,"end":11,"url":null,"entity_id":"Q18882153","candidates":[]}],[],[],[],[],[],[]],[[{"start":0,"end":11,"url":null,"entity_id":"Q2571778","candidates":[]}],[],[],[],[],[],[]],[[{"start":0,"end":11,"url":null,"entity_id":"Q2536228","candidates":[]}],[],[],[],[],[],[]],[[{"start":0,"end":11,"url":null,"entity_id":"Q2409438","candidates":[]}],[],[],[],[],[],[]]]}