{"version":"1.2","table":{"version":"2","table_id":"N33QJ61R","columns":[{"index":0,"name":"col0","values":["Severndroog Castle","Manchester Cenotaph","Air Forces Memorial","Plymouth Naval Memorial","Wallace Monument","Tombe du Dragon","Beaumont-Hamel Newfoundland Memorial","Monument to the Fallen Shipyard Workers of 1970","Nieuport Memorial","Memorial for the Moorish Revival Leipzig Synagogue in Leipzig","Cenotaph","Cenotaph","Mousehole Cenotaph","Grundisburgh Cenotaph","Goole Cenotaph","Brierfield Cenotaph","Kettering Cenotaph","Cranleigh War Memorial","Davyhulme Circle War Memorial","Weymouth Cenotaph"]},{"index":1,"name":"col1","values":["Grade II* listed building or structure","Grade II* listed building or structure","Grade II* listed building or structure","Grade I listed building","category A listed building","registered historic monument","national historic site of Canada","object on the Polish cultural heritage register","protected monument","Kulturdenkmal","Grade II listed building","Grade II listed building","Grade II listed building","Grade II listed building","Grade II listed building","Grade II listed building","Grade II listed building","Grade II listed building","Grade II listed building","Grade II listed building"]},{"index":2,"name":"col2","values":["United Kingdom","United Kingdom","United Kingdom","United Kingdom","United Kingdom","France","France","Poland","Belgium","Germany","United Kingdom","United Kingdom","United Kingdom","United Kingdom","United Kingdom","United Kingdom","United Kingdom","United Kingdom","United Kingdom","United Kingdom"]}]},"context":{"page_title":null,"page_url":null,"page_entity_id":null,"content_hierarchy":[]},"links":[[[{"start":0,"end":18,"url":null,"entity_id":"Q12407683","candidates":[]}],[{"start":0,"end":38,"url":null,"entity_id":"Q15700831","candidates":[]}],[{"start":0,"end":14,"url":null,"entity_id":"Q145","candidates":[]}]],[[{"start":0,"end":19,"url":null,"entity_id":"Q6747297","candidates":[]}],[{"start":0,"end":38,"url":null,"entity_id":"Q15700831","candidates":[]}],[{"start":0,"end":14,"url":null,"entity_id":"Q145","candidates":[]}]],[[{"start":0,"end":19,"url":null,"entity_id":"Q4697982","candidates":[]}],[{"start":0,"end":38,"url":null,"entity_id":"Q15700831","candidates":[]}],[{"start":0,"end":14,"url":null,"entity_id":"Q145","candidates":[]}]],[[{"start":0,"end":23,"url":null,"entity_id":"Q7205840","candidates":[]}],[{"start":0,"end":23,"url":null,"entity_id":"Q15700818","candidates":[]}],[{"start":0,"end":14,"url":null,"entity_id":"Q145","candidates":[]}]],[[{"start":0,"end":16,"url":null,"entity_id":"Q931796","candidates":[]}],[{"start":0,"end":26,"url":null,"entity_id":"Q10729054","candidates":[]}],[{"start":0,"end":14,"url":null,"entity_id":"Q145","candidates":[]}]],[[{"start":0,"end":15,"url":null,"entity_id":"Q3531119","candidates":[]}],[{"start":0,"end":28,"url":null,"entity_id":"Q10387575","candidates":[]}],[{"start":0,"end":6,"url":null,"entity_id":"Q142","candidates":[]}]],[[{"start":0,"end":36,"url":null,"entity_id":"Q813418","candidates":[]}],[{"start":0,"end":32,"url":null,"entity_id":"Q1568567","candidates":[]}],[{"start":0,"end":6,"url":null,"entity_id":"Q142","candidates":[]}]],[[{"start":0,"end":47,"url":null,"entity_id":"Q764396","candidates":[]}],[{"start":0,"end":47,"url":null,"entity_id":"Q21438156","candidates":[]}],[{"start":0,"end":6,"url":null,"entity_id":"Q36","candidates":[]}]],[[{"start":0,"end":17,"url":null,"entity_id":"Q13528892","candidates":[]}],[{"start":0,"end":18,"url":null,"entity_id":"Q64364682","candidates":[]}],[{"start":0,"end":7,"url":null,"entity_id":"Q31","candidates":[]}]],[[{"start":0,"end":61,"url":null,"entity_id":"Q25498870","candidates":[]}],[{"start":0,"end":13,"url":null,"entity_id":"Q11691318","candidates":[]}],[{"start":0,"end":7,"url":null,"entity_id":"Q183","candidates":[]}]],[[{"start":0,"end":8,"url":null,"entity_id":"Q26895816","candidates":[]}],[{"start":0,"end":24,"url":null,"entity_id":"Q15700834","candidates":[]}],[{"start":0,"end":14,"url":null,"entity_id":"Q145","candidates":[]}]],[[{"start":0,"end":8,"url":null,"entity_id":"Q26688169","candidates":[]}],[{"start":0,"end":24,"url":null,"entity_id":"Q15700834","candidates":[]}],[{"start":0,"end":14,"url":null,"entity_id":"Q145","candidates":[]}]],[[{"start":0,"end":18,"url":null,"entity_id":"Q26677821","candidates":[]}],[{"start":0,"end":24,"url":null,"entity_id":"Q15700834","candidates":[]}],[{"start":0,"end":14,"url":null,"entity_id":"Q145","candidates":[]}]],[[{"start":0,"end":21,"url":null,"entity_id":"Q26677645","candidates":[]}],[{"start":0,"end":24,"url":null,"entity_id":"Q15700834","candidates":[]}],[{"start":0,"end":14,"url":null,"entity_id":"Q145","candidates":[]}]],[[{"start":0,"end":14,"url":null,"entity_id":"Q26677642","candidates":[]}],[{"start":0,"end":24,"url":null,"entity_id":"Q15700834","candidates":[]}],[{"start":0,"end":14,"url":null,"entity_id":"Q145","candidates":[]}]],[[{"start":0,"end":19,"url":null,"entity_id":"Q26677355","candidates":[]}],[{"start":0,"end":24,"url":null,"entity_id":"Q15700834","candidates":[]}],[{"start":0,"end":14,"url":null,"entity_id":"Q145","candidates":[]}]],[[{"start":0,"end":18,"url":null,"entity_id":"Q26677298","candidates":[]}],[{"start":0,"end":24,"url":null,"entity_id":"Q15700834","candidates":[]}],[{"start":0,"end":14,"url":null,"entity_id":"Q145","candidates":[]}]],[[{"start":0,"end":22,"url":null,"entity_id":"Q26676873","candidates":[]}],[{"start":0,"end":24,"url":null,"entity_id":"Q15700834","candidates":[]}],[{"start":0,"end":14,"url":null,"entity_id":"Q145","candidates":[]}]],[[{"start":0,"end":29,"url":null,"entity_id":"Q26676562","candidates":[]}],[{"start":0,"end":24,"url":null,"entity_id":"Q15700834","candidates":[]}],[{"start":0,"end":14,"url":null,"entity_id":"Q145","candidates":[]}]],[[{"start":0,"end":17,"url":null,"entity_id":"Q26672299","candidates":[]}],[{"start":0,"end":24,"url":null,"entity_id":"Q15700834","candidates":[]}],[{"start":0,"end":14,"url":null,"entity_id":"Q145","candidates":[]}]]]}