{"version":"1.2","table":{"version":"2","table_id":"N40LPQYS","columns":[{"index":0,"name":"col0","values":["Amulet with pharaoh-AO 5982","Amulet of Khonsu-D 0080","Amulet of Isis lactans-MAHG 005516","Amulet of Horus-MF 1447","Amulette of Isis Harpocrates and Nephthys-D 0066","Amulet of Khonsu-D 0079","Amulet of Anubis-MF 1462","Shu-D 72","Shu-MF 1475","Counterweight for ritual necklace featuring Sebek-E 11520","Ibis-A 2004-0061","Ibis-A 2004-0062","Amulet of Thoth as seated baboon-A 2004-0083","Double aegis with goddesses-N 4302","Scarab of Atlanersa-AF 10119","Seal of Maletarat-E 10302","Tutu golden amulet-E 3882","Shu-N 4443","Cat amulet-E 10661","Herishef as ram sitted on nenufar-E 11074"]},{"index":1,"name":"col1","values":["Room 303, display case 4","Musée d'Art et d'Histoire","Musée d'Art et d'Histoire","Musée d'Art et d'Histoire","Musée d'Art et d'Histoire","Musée d'Art et d'Histoire","Musée d'Art et d'Histoire","Musée d'Art et d'Histoire","Musée d'Art et d'Histoire","Room 643, display case 7","Musée d'Art et d'Histoire","Musée d'Art et d'Histoire","Musée d'Art et d'Histoire","Room 643, display case 7","Escalier du midi, display case 1","Escalier du midi, display case 1","Room 330, display case 7","Room 317, display case 1","Room 334","Room 330"]},{"index":2,"name":"col2","values":["Late Bronze Age","Twenty-sixth Dynasty of Egypt","Twenty-sixth Dynasty of Egypt","Twenty-sixth Dynasty of Egypt","Twenty-sixth Dynasty of Egypt","Twenty-sixth Dynasty of Egypt","Twenty-sixth Dynasty of Egypt","Twenty-sixth Dynasty of Egypt","Twenty-sixth Dynasty of Egypt","Late Period of ancient Egypt","Late Period of ancient Egypt","Late Period of ancient Egypt","Late Period of ancient Egypt","Third Intermediate Period of Egypt","Third Intermediate Period of Egypt","Third Intermediate Period of Egypt","Third Intermediate Period of Egypt","Third Intermediate Period of Egypt","Third Intermediate Period of Egypt","Third Intermediate Period of Egypt"]}]},"context":{"page_title":null,"page_url":null,"page_entity_id":null,"content_hierarchy":[]},"links":[[[{"start":0,"end":27,"url":null,"entity_id":"Q56397739","candidates":[]}],[{"start":0,"end":24,"url":null,"entity_id":"Q56397759","candidates":[]}],[{"start":0,"end":15,"url":null,"entity_id":"Q1758757","candidates":[]}]],[[{"start":0,"end":23,"url":null,"entity_id":"Q64167496","candidates":[]}],[{"start":0,"end":25,"url":null,"entity_id":"Q679075","candidates":[]}],[{"start":0,"end":29,"url":null,"entity_id":"Q662410","candidates":[]}]],[[{"start":0,"end":34,"url":null,"entity_id":"Q64167449","candidates":[]}],[{"start":0,"end":25,"url":null,"entity_id":"Q679075","candidates":[]}],[{"start":0,"end":29,"url":null,"entity_id":"Q662410","candidates":[]}]],[[{"start":0,"end":23,"url":null,"entity_id":"Q64167252","candidates":[]}],[{"start":0,"end":25,"url":null,"entity_id":"Q679075","candidates":[]}],[{"start":0,"end":29,"url":null,"entity_id":"Q662410","candidates":[]}]],[[{"start":0,"end":48,"url":null,"entity_id":"Q64152779","candidates":[]}],[{"start":0,"end":25,"url":null,"entity_id":"Q679075","candidates":[]}],[{"start":0,"end":29,"url":null,"entity_id":"Q662410","candidates":[]}]],[[{"start":0,"end":23,"url":null,"entity_id":"Q64140740","candidates":[]}],[{"start":0,"end":25,"url":null,"entity_id":"Q679075","candidates":[]}],[{"start":0,"end":29,"url":null,"entity_id":"Q662410","candidates":[]}]],[[{"start":0,"end":24,"url":null,"entity_id":"Q63981894","candidates":[]}],[{"start":0,"end":25,"url":null,"entity_id":"Q679075","candidates":[]}],[{"start":0,"end":29,"url":null,"entity_id":"Q662410","candidates":[]}]],[[{"start":0,"end":8,"url":null,"entity_id":"Q63976867","candidates":[]}],[{"start":0,"end":25,"url":null,"entity_id":"Q679075","candidates":[]}],[{"start":0,"end":29,"url":null,"entity_id":"Q662410","candidates":[]}]],[[{"start":0,"end":11,"url":null,"entity_id":"Q63976504","candidates":[]}],[{"start":0,"end":25,"url":null,"entity_id":"Q679075","candidates":[]}],[{"start":0,"end":29,"url":null,"entity_id":"Q662410","candidates":[]}]],[[{"start":0,"end":57,"url":null,"entity_id":"Q66370952","candidates":[]}],[{"start":0,"end":24,"url":null,"entity_id":"Q66370956","candidates":[]}],[{"start":0,"end":28,"url":null,"entity_id":"Q621917","candidates":[]}]],[[{"start":0,"end":16,"url":null,"entity_id":"Q64167853","candidates":[]}],[{"start":0,"end":25,"url":null,"entity_id":"Q679075","candidates":[]}],[{"start":0,"end":28,"url":null,"entity_id":"Q621917","candidates":[]}]],[[{"start":0,"end":16,"url":null,"entity_id":"Q64167623","candidates":[]}],[{"start":0,"end":25,"url":null,"entity_id":"Q679075","candidates":[]}],[{"start":0,"end":28,"url":null,"entity_id":"Q621917","candidates":[]}]],[[{"start":0,"end":44,"url":null,"entity_id":"Q64167508","candidates":[]}],[{"start":0,"end":25,"url":null,"entity_id":"Q679075","candidates":[]}],[{"start":0,"end":28,"url":null,"entity_id":"Q621917","candidates":[]}]],[[{"start":0,"end":34,"url":null,"entity_id":"Q66371041","candidates":[]}],[{"start":0,"end":24,"url":null,"entity_id":"Q66370956","candidates":[]}],[{"start":0,"end":34,"url":null,"entity_id":"Q212728","candidates":[]}]],[[{"start":0,"end":28,"url":null,"entity_id":"Q66312897","candidates":[]}],[{"start":0,"end":32,"url":null,"entity_id":"Q66088097","candidates":[]}],[{"start":0,"end":34,"url":null,"entity_id":"Q212728","candidates":[]}]],[[{"start":0,"end":25,"url":null,"entity_id":"Q66124815","candidates":[]}],[{"start":0,"end":32,"url":null,"entity_id":"Q66088097","candidates":[]}],[{"start":0,"end":34,"url":null,"entity_id":"Q212728","candidates":[]}]],[[{"start":0,"end":25,"url":null,"entity_id":"Q56611724","candidates":[]}],[{"start":0,"end":24,"url":null,"entity_id":"Q56611726","candidates":[]}],[{"start":0,"end":34,"url":null,"entity_id":"Q212728","candidates":[]}]],[[{"start":0,"end":10,"url":null,"entity_id":"Q56490486","candidates":[]}],[{"start":0,"end":24,"url":null,"entity_id":"Q56273646","candidates":[]}],[{"start":0,"end":34,"url":null,"entity_id":"Q212728","candidates":[]}]],[[{"start":0,"end":18,"url":null,"entity_id":"Q56043424","candidates":[]}],[{"start":0,"end":8,"url":null,"entity_id":"Q54819972","candidates":[]}],[{"start":0,"end":34,"url":null,"entity_id":"Q212728","candidates":[]}]],[[{"start":0,"end":41,"url":null,"entity_id":"Q56558492","candidates":[]}],[{"start":0,"end":8,"url":null,"entity_id":"Q19300899","candidates":[]}],[{"start":0,"end":34,"url":null,"entity_id":"Q212728","candidates":[]}]]]}