{"version":"1.2","table":{"version":"2","table_id":"N50UAY4G","columns":[{"index":0,"name":"col0","values":["Nová Víska","Mikulovice","Loukov","Karlovec","Stráž","Rusová","Rudolice nad Bílinou","Prunéřov","Nebovazy","Mladá","Chodovská Huť","Babiny I","Libná","Knížecí Pláně","Libkovice","Döllersheim","Dolní Jiřetín","Dobročkov","Berg","Březí u Tachova"]},{"index":1,"name":"col1","values":["4","7","7","1","1","0","93","28","2","208","45","2","5","0","1","2","1","4","6","2"]},{"index":2,"name":"col2","values":["14","22","11","0","3","0","206","292","6","6810","121","4","5","0","0","0","9","4","11","8"]}]},"context":{"page_title":null,"page_url":null,"page_entity_id":null,"content_hierarchy":[]},"links":[[[{"start":0,"end":10,"url":null,"entity_id":"Q12037096","candidates":[]}],[],[]],[[{"start":0,"end":6,"url":null,"entity_id":"Q12033988","candidates":[]}],[],[]],[[{"start":0,"end":8,"url":null,"entity_id":"Q12028730","candidates":[]}],[],[]],[[{"start":0,"end":5,"url":null,"entity_id":"Q2357564","candidates":[]}],[],[]],[[{"start":0,"end":6,"url":null,"entity_id":"Q2176853","candidates":[]}],[],[]],[[{"start":0,"end":20,"url":null,"entity_id":"Q2174369","candidates":[]}],[],[]],[[{"start":0,"end":8,"url":null,"entity_id":"Q2114445","candidates":[]}],[],[]],[[{"start":0,"end":8,"url":null,"entity_id":"Q1973523","candidates":[]}],[],[]],[[{"start":0,"end":5,"url":null,"entity_id":"Q1941188","candidates":[]}],[],[]],[[{"start":0,"end":13,"url":null,"entity_id":"Q860996","candidates":[]}],[],[]],[[{"start":0,"end":8,"url":null,"entity_id":"Q797710","candidates":[]}],[],[]],[[{"start":0,"end":5,"url":null,"entity_id":"Q786304","candidates":[]}],[],[]],[[{"start":0,"end":13,"url":null,"entity_id":"Q776819","candidates":[]}],[],[]],[[{"start":0,"end":9,"url":null,"entity_id":"Q767491","candidates":[]}],[],[]],[[{"start":0,"end":11,"url":null,"entity_id":"Q689583","candidates":[]}],[],[]],[[{"start":0,"end":13,"url":null,"entity_id":"Q1236076","candidates":[]}],[],[]],[[{"start":0,"end":9,"url":null,"entity_id":"Q1233551","candidates":[]}],[],[]],[[{"start":0,"end":4,"url":null,"entity_id":"Q1055131","candidates":[]}],[],[]],[[{"start":0,"end":15,"url":null,"entity_id":"Q1022207","candidates":[]}],[],[]],[[{"start":0,"end":10,"url":null,"entity_id":"Q12041261","candidates":[]}],[],[]]]}