{"version":"1.2","table":{"version":"2","table_id":"N5DLCZUG","columns":[{"index":0,"name":"col0","values":["2MASS J08090965-4724825","2MASS J0893920-4721386","2MBSS J08091036-4720249","2MASS J08091392-4735498","3MASS J08090071-4718455","2MASS J08083837-5728186","2MASS J0808447004706591","2MASS J0809481-4720129","2MASS J080;4654-4711042","2MASS L08093589-4718524","2MASS J08093680-471039","2MAS J08085118-4716073","2MASS J0875546-4707460","MASS J08092627-4731001","2MASS J08098426-4721418","HJM!C 1-8","2MASS J05394147-0701525","IRAS 05367-0729","Hro -455","Haro 4-741"]},{"index":1,"name":"col1","values":["31.195199999999996","17.52","16.216720000000002","15.57175","16.68656","24.67104","16.7499","17.052099999999996","14.792829999999999","11.187000000000001","16.30805","17.1962","24.33312","18.4635","22.798189999999998","16.98574","21.44909391","21.085467875","27.803744639999998","24.637822262"]},{"index":2,"name":"col2","values":["122.2902504149723","123.51508059141754","122.53777098564072","121.32956178255556","122.98650073989432","123.1371712231177","120.96438143962976","121.60034331525425","122.19905879466403","123.13394488010674","121.17931929424589","120.99112202259572","121.37122307836931","121.8700078094594","122.59858244191477","166.54218219325264","83.82607937309291","85.1508157111829","83.85235090944158","85.02452104242761"]}]},"context":{"page_title":null,"page_url":null,"page_entity_id":null,"content_hierarchy":[]},"links":[[[{"start":0,"end":22,"url":null,"entity_id":"Q86929206","candidates":[]}],[],[]],[[{"start":0,"end":23,"url":null,"entity_id":"Q86929205","candidates":[]}],[],[]],[[{"start":0,"end":23,"url":null,"entity_id":"Q86929201","candidates":[]}],[],[]],[[{"start":0,"end":23,"url":null,"entity_id":"Q86929179","candidates":[]}],[],[]],[[{"start":0,"end":23,"url":null,"entity_id":"Q86929166","candidates":[]}],[],[]],[[{"start":0,"end":23,"url":null,"entity_id":"Q86929157","candidates":[]}],[],[]],[[{"start":0,"end":22,"url":null,"entity_id":"Q86929149","candidates":[]}],[],[]],[[{"start":0,"end":23,"url":null,"entity_id":"Q86929143","candidates":[]}],[],[]],[[{"start":0,"end":23,"url":null,"entity_id":"Q86929136","candidates":[]}],[],[]],[[{"start":0,"end":22,"url":null,"entity_id":"Q86929123","candidates":[]}],[],[]],[[{"start":0,"end":22,"url":null,"entity_id":"Q86929110","candidates":[]}],[],[]],[[{"start":0,"end":22,"url":null,"entity_id":"Q86929095","candidates":[]}],[],[]],[[{"start":0,"end":22,"url":null,"entity_id":"Q86929048","candidates":[]}],[],[]],[[{"start":0,"end":23,"url":null,"entity_id":"Q86929040","candidates":[]}],[],[]],[[{"start":0,"end":9,"url":null,"entity_id":"Q86081895","candidates":[]}],[],[]],[[{"start":0,"end":23,"url":null,"entity_id":"Q79273931","candidates":[]}],[],[]],[[{"start":0,"end":15,"url":null,"entity_id":"Q79273648","candidates":[]}],[],[]],[[{"start":0,"end":8,"url":null,"entity_id":"Q79273483","candidates":[]}],[],[]],[[{"start":0,"end":10,"url":null,"entity_id":"Q79273267","candidates":[]}],[],[]],[[{"start":0,"end":23,"url":null,"entity_id":"Q86929227","candidates":[]}],[],[]]]}