{"version":"1.2","table":{"version":"2","table_id":"N5YAU9H0","columns":[{"index":0,"name":"col0","values":["27th Parliament of Finland","26th Parliament of Finland","22nd Parliament of Finland","23rd Parliament of Finland","24th Parliament of Finland","21st Parliament of Finland","16th Parliament of Finland","20th Parliament of Finland","17th Parliament of Finland","18th Parliament of Finland","15th Parliament of Finland","12th Parliament of Finland","10th Parliament of Finland","6th Parliament of Finland","5th Parliament of Finland","11th Parliament of Finland","28th Parliament of Finland","32nd Parliament of Finland","35th Parliament of Finland","33rd Parliament of Finland"]},{"index":1,"name":"col1","values":["1979-03-23","1975-09-26","1962-02-19","1966-04-04","1970-03-22","1958-07-21","1939-08-31","1954-03-28","1945-04-05","1948-07-21","1936-08-31","1929-07-31","1924-04-30","1917-04-03","1914-02-01","1927-09-01","1983-03-25","1999-03-23","2011-04-19","2003-03-18"]},{"index":2,"name":"col2","values":["1975 Finnish parliamentary election","1972 Finnish parliamentary election","1958 Finnish parliamentary election","1962 Finnish parliamentary election","1966 Finnish parliamentary election","1954 Finnish parliamentary election","1936 Finnish parliamentary election","1951 Finnish parliamentary election","1939 Finnish parliamentary election","1945 Finnish parliamentary election","1933 Finnish parliamentary election","1927 Finnish parliamentary election","1922 Finnish parliamentary election","1913 Finnish parliamentary election","1911 Finnish parliamentary election","1924 Finnish parliamentary election","1979 Finnish parliamentary election","1995 Finnish parliamentary election","2007 Finnish parliamentary election","1999 Finnish parliamentary election"]}]},"context":{"page_title":null,"page_url":null,"page_entity_id":null,"content_hierarchy":[]},"links":[[[{"start":0,"end":26,"url":null,"entity_id":"Q47459886","candidates":[]}],[],[{"start":0,"end":35,"url":null,"entity_id":"Q1626799","candidates":[]}]],[[{"start":0,"end":26,"url":null,"entity_id":"Q47459879","candidates":[]}],[],[{"start":0,"end":35,"url":null,"entity_id":"Q1626682","candidates":[]}]],[[{"start":0,"end":26,"url":null,"entity_id":"Q47459880","candidates":[]}],[],[{"start":0,"end":35,"url":null,"entity_id":"Q1626676","candidates":[]}]],[[{"start":0,"end":26,"url":null,"entity_id":"Q47459881","candidates":[]}],[],[{"start":0,"end":35,"url":null,"entity_id":"Q1626669","candidates":[]}]],[[{"start":0,"end":26,"url":null,"entity_id":"Q47459878","candidates":[]}],[],[{"start":0,"end":35,"url":null,"entity_id":"Q1585402","candidates":[]}]],[[{"start":0,"end":26,"url":null,"entity_id":"Q47459871","candidates":[]}],[],[{"start":0,"end":35,"url":null,"entity_id":"Q1584723","candidates":[]}]],[[{"start":0,"end":26,"url":null,"entity_id":"Q47459877","candidates":[]}],[],[{"start":0,"end":35,"url":null,"entity_id":"Q1584602","candidates":[]}]],[[{"start":0,"end":26,"url":null,"entity_id":"Q47459872","candidates":[]}],[],[{"start":0,"end":35,"url":null,"entity_id":"Q1582309","candidates":[]}]],[[{"start":0,"end":26,"url":null,"entity_id":"Q47459874","candidates":[]}],[],[{"start":0,"end":35,"url":null,"entity_id":"Q1581732","candidates":[]}]],[[{"start":0,"end":26,"url":null,"entity_id":"Q47459870","candidates":[]}],[],[{"start":0,"end":35,"url":null,"entity_id":"Q1581653","candidates":[]}]],[[{"start":0,"end":26,"url":null,"entity_id":"Q47459866","candidates":[]}],[],[{"start":0,"end":35,"url":null,"entity_id":"Q1574308","candidates":[]}]],[[{"start":0,"end":26,"url":null,"entity_id":"Q47459864","candidates":[]}],[],[{"start":0,"end":35,"url":null,"entity_id":"Q1571878","candidates":[]}]],[[{"start":0,"end":25,"url":null,"entity_id":"Q47459861","candidates":[]}],[],[{"start":0,"end":35,"url":null,"entity_id":"Q1571687","candidates":[]}]],[[{"start":0,"end":25,"url":null,"entity_id":"Q47459853","candidates":[]}],[],[{"start":0,"end":35,"url":null,"entity_id":"Q1571375","candidates":[]}]],[[{"start":0,"end":26,"url":null,"entity_id":"Q47459865","candidates":[]}],[],[{"start":0,"end":35,"url":null,"entity_id":"Q1540994","candidates":[]}]],[[{"start":0,"end":26,"url":null,"entity_id":"Q47459890","candidates":[]}],[],[{"start":0,"end":35,"url":null,"entity_id":"Q1500224","candidates":[]}]],[[{"start":0,"end":26,"url":null,"entity_id":"Q47459896","candidates":[]}],[],[{"start":0,"end":35,"url":null,"entity_id":"Q1408737","candidates":[]}]],[[{"start":0,"end":26,"url":null,"entity_id":"Q47459899","candidates":[]}],[],[{"start":0,"end":35,"url":null,"entity_id":"Q1386722","candidates":[]}]],[[{"start":0,"end":26,"url":null,"entity_id":"Q47459897","candidates":[]}],[],[{"start":0,"end":35,"url":null,"entity_id":"Q1362533","candidates":[]}]],[[{"start":0,"end":26,"url":null,"entity_id":"Q47459887","candidates":[]}],[],[{"start":0,"end":35,"url":null,"entity_id":"Q1626997","candidates":[]}]]]}