{"version":"1.2","table":{"version":"2","table_id":"N66QHPP8","columns":[{"index":0,"name":"col0","values":["East Khasi Hills district","Jhansi district","Unnao district","Bijnor district","Gonda district","Shimla District","Leh district","North Tripura district","Jaintia Hills district","Gondia district","Imphal East district","Mayurbhanj district","Baramulla district","Bagalkot district","Panchkula district","Farrukhabad district","Mandi district","Amroha district","Ri-Bhoi district","Kalahandi district"]},{"index":1,"name":"col1","values":["410749","1057436","1630087","1921215","1787146","425039","78971","352860","196285","661554","226094","1256213","534733","950111","299679","1006240","498065","963449","132531","787101"]},{"index":2,"name":"col2","values":["164046","367779","588533","633197","541247","184362","21909","152355","66028","292369","92124","586253","152635","361149","117107","314144","219145","314401","46872","401251"]},{"index":3,"name":"col3","values":["578030","1304513","1773584","2135393","1679994","612642","93770","520402","187527","1004243","324664","1369397","545149","1113412","405318","1092677","723747","983110","155859","802036"]}]},"context":{"page_title":null,"page_url":null,"page_entity_id":null,"content_hierarchy":[]},"links":[[[{"start":0,"end":15,"url":null,"entity_id":"Q1937885","candidates":[]}],[],[],[]],[[{"start":0,"end":14,"url":null,"entity_id":"Q1937875","candidates":[]}],[],[],[]],[[{"start":0,"end":15,"url":null,"entity_id":"Q1937865","candidates":[]}],[],[],[]],[[{"start":0,"end":14,"url":null,"entity_id":"Q1937857","candidates":[]}],[],[],[]],[[{"start":0,"end":15,"url":null,"entity_id":"Q1921404","candidates":[]}],[],[],[]],[[{"start":0,"end":12,"url":null,"entity_id":"Q1921210","candidates":[]}],[],[],[]],[[{"start":0,"end":22,"url":null,"entity_id":"Q1920978","candidates":[]}],[],[],[]],[[{"start":0,"end":22,"url":null,"entity_id":"Q1920789","candidates":[]}],[],[],[]],[[{"start":0,"end":15,"url":null,"entity_id":"Q1917227","candidates":[]}],[],[],[]],[[{"start":0,"end":20,"url":null,"entity_id":"Q1916666","candidates":[]}],[],[],[]],[[{"start":0,"end":19,"url":null,"entity_id":"Q1914546","candidates":[]}],[],[],[]],[[{"start":0,"end":18,"url":null,"entity_id":"Q1912057","candidates":[]}],[],[],[]],[[{"start":0,"end":17,"url":null,"entity_id":"Q1910231","candidates":[]}],[],[],[]],[[{"start":0,"end":18,"url":null,"entity_id":"Q1898143","candidates":[]}],[],[],[]],[[{"start":0,"end":20,"url":null,"entity_id":"Q1897251","candidates":[]}],[],[],[]],[[{"start":0,"end":14,"url":null,"entity_id":"Q1892161","candidates":[]}],[],[],[]],[[{"start":0,"end":15,"url":null,"entity_id":"Q1891677","candidates":[]}],[],[],[]],[[{"start":0,"end":16,"url":null,"entity_id":"Q1884672","candidates":[]}],[],[],[]],[[{"start":0,"end":18,"url":null,"entity_id":"Q1876588","candidates":[]}],[],[],[]],[[{"start":0,"end":25,"url":null,"entity_id":"Q1945304","candidates":[]}],[],[],[]]]}