{"version":"1.2","table":{"version":"2","table_id":"N67TVPH5","columns":[{"index":0,"name":"col0","values":["The Avenue Press","Van Goor","Siddheshwar Machine Press","Emerald Priniting Works","Cherry Press Limited","Sri Gouranga Press Limited","The Indian Photo Engraving Company Limited","Lakshmi Printing Works","Metcalfe Priniting Works","Shri Saraswati Press","Adi Brahma Samaj Press","Siddheshwar Press","Victoria Press","Metcalfe press","Weduwe H. Bontamps","Printer Jan Richter","Gaskiya Corporation Zaria","Printing Art","Nabhana Printing Works Limited","Shashadhar Printing Works"]},{"index":1,"name":"col1","values":["London","Nijmegen","Kolkata","Kolkata","Kolkata","Kolkata","Kolkata","Kolkata","Kolkata","Kolkata","Kolkata","Kolkata","Kolkata","Kolkata","Venlo","Příbor","Zaria","Kolkata","Kolkata","Kolkata"]},{"index":2,"name":"col2","values":["United Kingdom of Great Britain and Ireland","Dutch Republic","British Raj","British Raj","British Raj","British Raj","British Raj","British Raj","British Raj","British Raj","British Raj","British Raj","British Raj","British Raj","Kingdom of the Netherlands","Austria-Hungary","Nigeria","India","India","India"]}]},"context":{"page_title":null,"page_url":null,"page_entity_id":null,"content_hierarchy":[]},"links":[[[{"start":0,"end":16,"url":null,"entity_id":"Q64675566","candidates":[]}],[{"start":0,"end":6,"url":null,"entity_id":"Q84","candidates":[]}],[{"start":0,"end":43,"url":null,"entity_id":"Q174193","candidates":[]}]],[[{"start":0,"end":8,"url":null,"entity_id":"Q58644114","candidates":[]}],[{"start":0,"end":8,"url":null,"entity_id":"Q47887","candidates":[]}],[{"start":0,"end":14,"url":null,"entity_id":"Q170072","candidates":[]}]],[[{"start":0,"end":25,"url":null,"entity_id":"Q77397054","candidates":[]}],[{"start":0,"end":7,"url":null,"entity_id":"Q1348","candidates":[]}],[{"start":0,"end":11,"url":null,"entity_id":"Q129286","candidates":[]}]],[[{"start":0,"end":23,"url":null,"entity_id":"Q77039841","candidates":[]}],[{"start":0,"end":7,"url":null,"entity_id":"Q1348","candidates":[]}],[{"start":0,"end":11,"url":null,"entity_id":"Q129286","candidates":[]}]],[[{"start":0,"end":20,"url":null,"entity_id":"Q76003109","candidates":[]}],[{"start":0,"end":7,"url":null,"entity_id":"Q1348","candidates":[]}],[{"start":0,"end":11,"url":null,"entity_id":"Q129286","candidates":[]}]],[[{"start":0,"end":26,"url":null,"entity_id":"Q76001236","candidates":[]}],[{"start":0,"end":7,"url":null,"entity_id":"Q1348","candidates":[]}],[{"start":0,"end":11,"url":null,"entity_id":"Q129286","candidates":[]}]],[[{"start":0,"end":42,"url":null,"entity_id":"Q76000614","candidates":[]}],[{"start":0,"end":7,"url":null,"entity_id":"Q1348","candidates":[]}],[{"start":0,"end":11,"url":null,"entity_id":"Q129286","candidates":[]}]],[[{"start":0,"end":22,"url":null,"entity_id":"Q75998494","candidates":[]}],[{"start":0,"end":7,"url":null,"entity_id":"Q1348","candidates":[]}],[{"start":0,"end":11,"url":null,"entity_id":"Q129286","candidates":[]}]],[[{"start":0,"end":24,"url":null,"entity_id":"Q75992329","candidates":[]}],[{"start":0,"end":7,"url":null,"entity_id":"Q1348","candidates":[]}],[{"start":0,"end":11,"url":null,"entity_id":"Q129286","candidates":[]}]],[[{"start":0,"end":20,"url":null,"entity_id":"Q75988612","candidates":[]}],[{"start":0,"end":7,"url":null,"entity_id":"Q1348","candidates":[]}],[{"start":0,"end":11,"url":null,"entity_id":"Q129286","candidates":[]}]],[[{"start":0,"end":22,"url":null,"entity_id":"Q75986028","candidates":[]}],[{"start":0,"end":7,"url":null,"entity_id":"Q1348","candidates":[]}],[{"start":0,"end":11,"url":null,"entity_id":"Q129286","candidates":[]}]],[[{"start":0,"end":17,"url":null,"entity_id":"Q75982575","candidates":[]}],[{"start":0,"end":7,"url":null,"entity_id":"Q1348","candidates":[]}],[{"start":0,"end":11,"url":null,"entity_id":"Q129286","candidates":[]}]],[[{"start":0,"end":14,"url":null,"entity_id":"Q75973736","candidates":[]}],[{"start":0,"end":7,"url":null,"entity_id":"Q1348","candidates":[]}],[{"start":0,"end":11,"url":null,"entity_id":"Q129286","candidates":[]}]],[[{"start":0,"end":14,"url":null,"entity_id":"Q75971167","candidates":[]}],[{"start":0,"end":7,"url":null,"entity_id":"Q1348","candidates":[]}],[{"start":0,"end":11,"url":null,"entity_id":"Q129286","candidates":[]}]],[[{"start":0,"end":18,"url":null,"entity_id":"Q65554752","candidates":[]}],[{"start":0,"end":5,"url":null,"entity_id":"Q9777","candidates":[]}],[{"start":0,"end":26,"url":null,"entity_id":"Q29999","candidates":[]}]],[[{"start":0,"end":19,"url":null,"entity_id":"Q66103137","candidates":[]}],[{"start":0,"end":6,"url":null,"entity_id":"Q654019","candidates":[]}],[{"start":0,"end":15,"url":null,"entity_id":"Q28513","candidates":[]}]],[[{"start":0,"end":25,"url":null,"entity_id":"Q55654517","candidates":[]}],[{"start":0,"end":5,"url":null,"entity_id":"Q147975","candidates":[]}],[{"start":0,"end":7,"url":null,"entity_id":"Q1033","candidates":[]}]],[[{"start":0,"end":12,"url":null,"entity_id":"Q77425603","candidates":[]}],[{"start":0,"end":7,"url":null,"entity_id":"Q1348","candidates":[]}],[{"start":0,"end":5,"url":null,"entity_id":"Q668","candidates":[]}]],[[{"start":0,"end":30,"url":null,"entity_id":"Q77400269","candidates":[]}],[{"start":0,"end":7,"url":null,"entity_id":"Q1348","candidates":[]}],[{"start":0,"end":5,"url":null,"entity_id":"Q668","candidates":[]}]],[[{"start":0,"end":25,"url":null,"entity_id":"Q75983133","candidates":[]}],[{"start":0,"end":7,"url":null,"entity_id":"Q1348","candidates":[]}],[{"start":0,"end":5,"url":null,"entity_id":"Q668","candidates":[]}]]]}