{"version":"1.2","table":{"version":"2","table_id":"N6LT0EKN","columns":[{"index":0,"name":"col0","values":["Sânpetru Mare","Teremia Mare","Semlac","Iecea Mare","Hodod","Periam","Dumitrița","Romuli","Lunca de Sus","Mereni","Nocrich","Lunca de Jos","Șăulia","Stânceni","Lovrin","Merești","Grebenișu de Câmpie","Bogata","Măgherani","Șincai","Adămuș","Feliceni","Bichiș","Zau de Câmpie","Bahnea","Albești","Ciumești","Lenauheim","Craidorolț","Felnac","Berzasca","Ghioroc","Fântânele","Mihail Kogălniceanu","Pesac","Săcășeni","Șilindia","Medieșu Aurit","Orașu Nou","Acâș","Livezile","Micula","Vama","Zădăreni","Ususău","Căpleni","Târșolț","Gherța Mică","Cămin"]},{"index":1,"name":"col1","values":["3145","4019","3667","2231","3056","4505","2730","1672","3242","1324","2868","5328","2018","1450","3223","1339","1684","2018","1309","1622","5147","3297","805","3236","3739","5345","1407","5109","2215","2931","2848","3790","3090","2735","1990","1178","904","6683","3806","2827","4250","3659","3486","2495","1392","3031","3059","3412","1388"]},{"index":2,"name":"col2","values":["88","78","90","84","250","93","464","580","900","606","432","930","338","998","87","557","326","280","390","333","290","601","310","307","300","368","133","85","123","109","73","132","122","24","89","153","169","139","157","136","415","124","195","111","144","116","169","160","119"]},{"index":3,"name":"col3","values":["101.59","83.66","83.11","35.31","76.88","64.47","102.96","102.29","82.6","49.63","115.93","59.06","26.25","124.56","57.63","112.25","28.03","30.52","58.03","33.82","82.35","78.91","46.55","50.15","91.65","82.7","45.33","112.75","93.52","51.2","280.63","49.6","41.84","140.16","34.17","92.65","69.22","103.25","59.81","58.26","113.12","37.77","51.04","21.45","135.43","28.23","32.35","38.85","48.03"]}]},"context":{"page_title":null,"page_url":null,"page_entity_id":null,"content_hierarchy":[]},"links":[[[{"start":0,"end":13,"url":null,"entity_id":"Q5059840","candidates":[]}],[],[],[]],[[{"start":0,"end":12,"url":null,"entity_id":"Q5059807","candidates":[]}],[],[],[]],[[{"start":0,"end":6,"url":null,"entity_id":"Q5059753","candidates":[]}],[],[],[]],[[{"start":0,"end":10,"url":null,"entity_id":"Q5059673","candidates":[]}],[],[],[]],[[{"start":0,"end":5,"url":null,"entity_id":"Q5059505","candidates":[]}],[],[],[]],[[{"start":0,"end":6,"url":null,"entity_id":"Q5059294","candidates":[]}],[],[],[]],[[{"start":0,"end":9,"url":null,"entity_id":"Q5059087","candidates":[]}],[],[],[]],[[{"start":0,"end":6,"url":null,"entity_id":"Q5059064","candidates":[]}],[],[],[]],[[{"start":0,"end":12,"url":null,"entity_id":"Q5059030","candidates":[]}],[],[],[]],[[{"start":0,"end":6,"url":null,"entity_id":"Q5058879","candidates":[]}],[],[],[]],[[{"start":0,"end":7,"url":null,"entity_id":"Q5058399","candidates":[]}],[],[],[]],[[{"start":0,"end":12,"url":null,"entity_id":"Q5058178","candidates":[]}],[],[],[]],[[{"start":0,"end":6,"url":null,"entity_id":"Q5058117","candidates":[]}],[],[],[]],[[{"start":0,"end":8,"url":null,"entity_id":"Q5057790","candidates":[]}],[],[],[]],[[{"start":0,"end":6,"url":null,"entity_id":"Q5057722","candidates":[]}],[],[],[]],[[{"start":0,"end":7,"url":null,"entity_id":"Q5057649","candidates":[]}],[],[],[]],[[{"start":0,"end":19,"url":null,"entity_id":"Q5057457","candidates":[]}],[],[],[]],[[{"start":0,"end":6,"url":null,"entity_id":"Q5057356","candidates":[]}],[],[],[]],[[{"start":0,"end":9,"url":null,"entity_id":"Q5057183","candidates":[]}],[],[],[]],[[{"start":0,"end":6,"url":null,"entity_id":"Q5057162","candidates":[]}],[],[],[]],[[{"start":0,"end":6,"url":null,"entity_id":"Q5056994","candidates":[]}],[],[],[]],[[{"start":0,"end":8,"url":null,"entity_id":"Q5056945","candidates":[]}],[],[],[]],[[{"start":0,"end":6,"url":null,"entity_id":"Q5056911","candidates":[]}],[],[],[]],[[{"start":0,"end":13,"url":null,"entity_id":"Q5056754","candidates":[]}],[],[],[]],[[{"start":0,"end":6,"url":null,"entity_id":"Q5056704","candidates":[]}],[],[],[]],[[{"start":0,"end":7,"url":null,"entity_id":"Q5056640","candidates":[]}],[],[],[]],[[{"start":0,"end":8,"url":null,"entity_id":"Q5056550","candidates":[]}],[],[],[]],[[{"start":0,"end":9,"url":null,"entity_id":"Q5056532","candidates":[]}],[],[],[]],[[{"start":0,"end":10,"url":null,"entity_id":"Q5056436","candidates":[]}],[],[],[]],[[{"start":0,"end":6,"url":null,"entity_id":"Q5056375","candidates":[]}],[],[],[]],[[{"start":0,"end":8,"url":null,"entity_id":"Q5056350","candidates":[]}],[],[],[]],[[{"start":0,"end":7,"url":null,"entity_id":"Q5056328","candidates":[]}],[],[],[]],[[{"start":0,"end":9,"url":null,"entity_id":"Q5056303","candidates":[]}],[],[],[]],[[{"start":0,"end":19,"url":null,"entity_id":"Q5056157","candidates":[]}],[],[],[]],[[{"start":0,"end":5,"url":null,"entity_id":"Q5055881","candidates":[]}],[],[],[]],[[{"start":0,"end":8,"url":null,"entity_id":"Q5055866","candidates":[]}],[],[],[]],[[{"start":0,"end":8,"url":null,"entity_id":"Q5055843","candidates":[]}],[],[],[]],[[{"start":0,"end":13,"url":null,"entity_id":"Q5055677","candidates":[]}],[],[],[]],[[{"start":0,"end":9,"url":null,"entity_id":"Q5055628","candidates":[]}],[],[],[]],[[{"start":0,"end":4,"url":null,"entity_id":"Q5055516","candidates":[]}],[],[],[]],[[{"start":0,"end":8,"url":null,"entity_id":"Q5055496","candidates":[]}],[],[],[]],[[{"start":0,"end":6,"url":null,"entity_id":"Q5055476","candidates":[]}],[],[],[]],[[{"start":0,"end":4,"url":null,"entity_id":"Q5055426","candidates":[]}],[],[],[]],[[{"start":0,"end":8,"url":null,"entity_id":"Q5055408","candidates":[]}],[],[],[]],[[{"start":0,"end":6,"url":null,"entity_id":"Q5055387","candidates":[]}],[],[],[]],[[{"start":0,"end":7,"url":null,"entity_id":"Q5055366","candidates":[]}],[],[],[]],[[{"start":0,"end":7,"url":null,"entity_id":"Q5055313","candidates":[]}],[],[],[]],[[{"start":0,"end":11,"url":null,"entity_id":"Q5055297","candidates":[]}],[],[],[]],[[{"start":0,"end":5,"url":null,"entity_id":"Q5055257","candidates":[]}],[],[],[]]]}