{"version":"1.2","table":{"version":"2","table_id":"N6OLNH3K","columns":[{"index":0,"name":"col0","values":["Heiji Hattori","Poison Ivy","Black Widow","Comedian","Terry McGinnis","Doctor Manhattan","Renee Montoya","Carol Ferris","Olive Oyl","Silver Surfer","Catwoman","Silk Spectre II","Pluto","Mary Jane Watson","Talia al Ghul","Superman","Donald Duck","Minnie Mouse","Two-Face","Stephanie Brown"]},{"index":1,"name":"col1","values":["Gosho Aoyama","Robert Kanigher","Stan Lee","Alan Moore","Bruce Timm","Alan Moore","Bruce Timm","John Broome","E. C. Segar","Stan Lee","Bob Kane","Alan Moore","Walt Disney","Stan Lee","Dennis O'Neil","Jerry Siegel","Walt Disney","Walt Disney","Bob Kane","Tom Lyle"]},{"index":2,"name":"col2","values":["Detective Conan","Batman & Robin","Tales of Suspense","Watchmen","Batman Beyond","Watchmen","Batman & Mr. Freeze: SubZero","Justice League","Popeye","Fantastic Four: Rise of the Silver Surfer","Batman: Year One","Watchmen","Mickey's Elephant","Spider-Man 3","The Dark Knight Rises","Lego Batman 2: DC Super Heroes","The Three Caballeros","Mickey, Donald, Goofy: The Three Musketeers","Batman","Detective Comics"]},{"index":3,"name":"col3","values":["Kazuha Toyama","Harley Quinn","Hawkeye","Silk Spectre","Dana Tan","Silk Spectre II","Batwoman","Hal Jordan","Popeye","Shalla-Bal","Batman","Doctor Manhattan","Dinah","Spider-man","Bane","Wonder Woman","Daisy Duck","Mickey Mouse","Rachel Dawes","Tim Drake"]}]},"context":{"page_title":null,"page_url":null,"page_entity_id":null,"content_hierarchy":[]},"links":[[[{"start":0,"end":13,"url":null,"entity_id":"Q389206","candidates":[]}],[{"start":0,"end":12,"url":null,"entity_id":"Q313945","candidates":[]}],[{"start":0,"end":15,"url":null,"entity_id":"Q185143","candidates":[]}],[{"start":0,"end":13,"url":null,"entity_id":"Q1194862","candidates":[]}]],[[{"start":0,"end":10,"url":null,"entity_id":"Q375671","candidates":[]}],[{"start":0,"end":15,"url":null,"entity_id":"Q350614","candidates":[]}],[{"start":0,"end":14,"url":null,"entity_id":"Q276523","candidates":[]}],[{"start":0,"end":12,"url":null,"entity_id":"Q849477","candidates":[]}]],[[{"start":0,"end":11,"url":null,"entity_id":"Q369197","candidates":[]}],[{"start":0,"end":8,"url":null,"entity_id":"Q181900","candidates":[]}],[{"start":0,"end":17,"url":null,"entity_id":"Q782363","candidates":[]}],[{"start":0,"end":7,"url":null,"entity_id":"Q19095","candidates":[]}]],[[{"start":0,"end":8,"url":null,"entity_id":"Q2591461","candidates":[]}],[{"start":0,"end":10,"url":null,"entity_id":"Q205739","candidates":[]}],[{"start":0,"end":8,"url":null,"entity_id":"Q128444","candidates":[]}],[{"start":0,"end":12,"url":null,"entity_id":"Q9291762","candidates":[]}]],[[{"start":0,"end":14,"url":null,"entity_id":"Q2601118","candidates":[]}],[{"start":0,"end":10,"url":null,"entity_id":"Q369717","candidates":[]}],[{"start":0,"end":13,"url":null,"entity_id":"Q1339570","candidates":[]}],[{"start":0,"end":8,"url":null,"entity_id":"Q3701411","candidates":[]}]],[[{"start":0,"end":16,"url":null,"entity_id":"Q2519257","candidates":[]}],[{"start":0,"end":10,"url":null,"entity_id":"Q205739","candidates":[]}],[{"start":0,"end":8,"url":null,"entity_id":"Q128444","candidates":[]}],[{"start":0,"end":15,"url":null,"entity_id":"Q3227386","candidates":[]}]],[[{"start":0,"end":13,"url":null,"entity_id":"Q2500238","candidates":[]}],[{"start":0,"end":10,"url":null,"entity_id":"Q369717","candidates":[]}],[{"start":0,"end":28,"url":null,"entity_id":"Q498757","candidates":[]}],[{"start":0,"end":8,"url":null,"entity_id":"Q2469992","candidates":[]}]],[[{"start":0,"end":12,"url":null,"entity_id":"Q2567539","candidates":[]}],[{"start":0,"end":11,"url":null,"entity_id":"Q1370735","candidates":[]}],[{"start":0,"end":14,"url":null,"entity_id":"Q250036","candidates":[]}],[{"start":0,"end":10,"url":null,"entity_id":"Q2345627","candidates":[]}]],[[{"start":0,"end":9,"url":null,"entity_id":"Q2531690","candidates":[]}],[{"start":0,"end":11,"url":null,"entity_id":"Q452745","candidates":[]}],[{"start":0,"end":6,"url":null,"entity_id":"Q941944","candidates":[]}],[{"start":0,"end":6,"url":null,"entity_id":"Q199796","candidates":[]}]],[[{"start":0,"end":13,"url":null,"entity_id":"Q95153","candidates":[]}],[{"start":0,"end":8,"url":null,"entity_id":"Q181900","candidates":[]}],[{"start":0,"end":41,"url":null,"entity_id":"Q390063","candidates":[]}],[{"start":0,"end":10,"url":null,"entity_id":"Q7487249","candidates":[]}]],[[{"start":0,"end":8,"url":null,"entity_id":"Q158952","candidates":[]}],[{"start":0,"end":8,"url":null,"entity_id":"Q313048","candidates":[]}],[{"start":0,"end":16,"url":null,"entity_id":"Q129161","candidates":[]}],[{"start":0,"end":6,"url":null,"entity_id":"Q2695156","candidates":[]}]],[[{"start":0,"end":15,"url":null,"entity_id":"Q3227386","candidates":[]}],[{"start":0,"end":10,"url":null,"entity_id":"Q205739","candidates":[]}],[{"start":0,"end":8,"url":null,"entity_id":"Q128444","candidates":[]}],[{"start":0,"end":16,"url":null,"entity_id":"Q2519257","candidates":[]}]],[[{"start":0,"end":5,"url":null,"entity_id":"Q108732","candidates":[]}],[{"start":0,"end":11,"url":null,"entity_id":"Q8704","candidates":[]}],[{"start":0,"end":17,"url":null,"entity_id":"Q3205306","candidates":[]}],[{"start":0,"end":5,"url":null,"entity_id":"Q1612556","candidates":[]}]],[[{"start":0,"end":16,"url":null,"entity_id":"Q27810","candidates":[]}],[{"start":0,"end":8,"url":null,"entity_id":"Q181900","candidates":[]}],[{"start":0,"end":12,"url":null,"entity_id":"Q182212","candidates":[]}],[{"start":0,"end":10,"url":null,"entity_id":"Q79037","candidates":[]}]],[[{"start":0,"end":13,"url":null,"entity_id":"Q281901","candidates":[]}],[{"start":0,"end":13,"url":null,"entity_id":"Q1189414","candidates":[]}],[{"start":0,"end":21,"url":null,"entity_id":"Q189330","candidates":[]}],[{"start":0,"end":4,"url":null,"entity_id":"Q158940","candidates":[]}]],[[{"start":0,"end":8,"url":null,"entity_id":"Q79015","candidates":[]}],[{"start":0,"end":12,"url":null,"entity_id":"Q380113","candidates":[]}],[{"start":0,"end":30,"url":null,"entity_id":"Q112912","candidates":[]}],[{"start":0,"end":12,"url":null,"entity_id":"Q338430","candidates":[]}]],[[{"start":0,"end":11,"url":null,"entity_id":"Q6550","candidates":[]}],[{"start":0,"end":11,"url":null,"entity_id":"Q8704","candidates":[]}],[{"start":0,"end":20,"url":null,"entity_id":"Q736731","candidates":[]}],[{"start":0,"end":10,"url":null,"entity_id":"Q715763","candidates":[]}]],[[{"start":0,"end":12,"url":null,"entity_id":"Q11936","candidates":[]}],[{"start":0,"end":11,"url":null,"entity_id":"Q8704","candidates":[]}],[{"start":0,"end":43,"url":null,"entity_id":"Q1150785","candidates":[]}],[{"start":0,"end":12,"url":null,"entity_id":"Q11934","candidates":[]}]],[[{"start":0,"end":8,"url":null,"entity_id":"Q295599","candidates":[]}],[{"start":0,"end":8,"url":null,"entity_id":"Q313048","candidates":[]}],[{"start":0,"end":6,"url":null,"entity_id":"Q116852","candidates":[]}],[{"start":0,"end":12,"url":null,"entity_id":"Q2567497","candidates":[]}]],[[{"start":0,"end":15,"url":null,"entity_id":"Q287548","candidates":[]}],[{"start":0,"end":8,"url":null,"entity_id":"Q2439846","candidates":[]}],[{"start":0,"end":16,"url":null,"entity_id":"Q1799866","candidates":[]}],[{"start":0,"end":9,"url":null,"entity_id":"Q1076696","candidates":[]}]]]}