{"version":"1.2","table":{"version":"2","table_id":"N6S2LRDK","columns":[{"index":0,"name":"col0","values":["Toxtricity","Boltund","Morpeko","Yamper","Alolan Raichu","Zeraora","Tapu Koko","Togedemaru","Vikavolt","Charjabug","Helioptile","Heliolisk","Thundurus","Stunfisk","Emolga","Eelektrik","Chinchou","Luxray","Electrode","Magnezone"]},{"index":1,"name":"col1","values":["1.6","1","0.3","0.3","80","1.5","180","30","150","50","50","100","150","70","40","120","50","140","120","120"]},{"index":2,"name":"col2","values":["40","34","3","13.5","30","44.5","20.5","33","45","105","6","21","61","11","5","22","12","42","666","180"]}]},"context":{"page_title":null,"page_url":null,"page_entity_id":null,"content_hierarchy":[]},"links":[[[{"start":0,"end":10,"url":null,"entity_id":"Q79272085","candidates":[]}],[],[]],[[{"start":0,"end":7,"url":null,"entity_id":"Q76878474","candidates":[]}],[],[]],[[{"start":0,"end":7,"url":null,"entity_id":"Q66316814","candidates":[]}],[],[]],[[{"start":0,"end":6,"url":null,"entity_id":"Q64625010","candidates":[]}],[],[]],[[{"start":0,"end":13,"url":null,"entity_id":"Q56707143","candidates":[]}],[],[]],[[{"start":0,"end":7,"url":null,"entity_id":"Q42862227","candidates":[]}],[],[]],[[{"start":0,"end":9,"url":null,"entity_id":"Q25403244","candidates":[]}],[],[]],[[{"start":0,"end":10,"url":null,"entity_id":"Q25403238","candidates":[]}],[],[]],[[{"start":0,"end":8,"url":null,"entity_id":"Q25336704","candidates":[]}],[],[]],[[{"start":0,"end":9,"url":null,"entity_id":"Q25336687","candidates":[]}],[],[]],[[{"start":0,"end":10,"url":null,"entity_id":"Q16563082","candidates":[]}],[],[]],[[{"start":0,"end":9,"url":null,"entity_id":"Q16563079","candidates":[]}],[],[]],[[{"start":0,"end":9,"url":null,"entity_id":"Q3990967","candidates":[]}],[],[]],[[{"start":0,"end":8,"url":null,"entity_id":"Q3976334","candidates":[]}],[],[]],[[{"start":0,"end":6,"url":null,"entity_id":"Q3724751","candidates":[]}],[],[]],[[{"start":0,"end":9,"url":null,"entity_id":"Q3720111","candidates":[]}],[],[]],[[{"start":0,"end":8,"url":null,"entity_id":"Q2739442","candidates":[]}],[],[]],[[{"start":0,"end":6,"url":null,"entity_id":"Q2708556","candidates":[]}],[],[]],[[{"start":0,"end":9,"url":null,"entity_id":"Q2704989","candidates":[]}],[],[]],[[{"start":0,"end":9,"url":null,"entity_id":"Q2526010","candidates":[]}],[],[]]]}