{"version":"1.2","table":{"version":"2","table_id":"N7ZYR1AT","columns":[{"index":0,"name":"col0","values":["ethyl ether","hydrogen sulfide","1,4-dichlorobenzene","(1E)-1,3-dichloropropene","1,2-dichloroethane","1,2-dichloropropane","1,2,3-trichloropropane","1,1-dichloroethene","ethylidene chloride","1,1,2-trichloroethane","acetylene","propane","phenol","sodium benzoate","methyl chloride","methyl bromide","methylene chloride","bromoethane","trichloroethylene","nitromethane"]},{"index":1,"name":"col1","values":["1.9","4","2.5","5.3","6.2","3.4","3.2","6.5","5.4","6","2.5","2.1","1.8","30","8.1","10","13","6.8","8","7.3"]},{"index":2,"name":"col2","values":["8","0.4","0.008","0.2","0.9","0.3","0.1","0.04","0.6","0.4","2","0.01","9","556","0.5","2","2","0.9","0.1","10"]}]},"context":{"page_title":null,"page_url":null,"page_entity_id":null,"content_hierarchy":[]},"links":[[[{"start":0,"end":11,"url":null,"entity_id":"Q202218","candidates":[]}],[],[]],[[{"start":0,"end":16,"url":null,"entity_id":"Q170591","candidates":[]}],[],[]],[[{"start":0,"end":19,"url":null,"entity_id":"Q161529","candidates":[]}],[],[]],[[{"start":0,"end":24,"url":null,"entity_id":"Q161507","candidates":[]}],[],[]],[[{"start":0,"end":18,"url":null,"entity_id":"Q161480","candidates":[]}],[],[]],[[{"start":0,"end":19,"url":null,"entity_id":"Q161478","candidates":[]}],[],[]],[[{"start":0,"end":22,"url":null,"entity_id":"Q161301","candidates":[]}],[],[]],[[{"start":0,"end":18,"url":null,"entity_id":"Q161284","candidates":[]}],[],[]],[[{"start":0,"end":19,"url":null,"entity_id":"Q161282","candidates":[]}],[],[]],[[{"start":0,"end":21,"url":null,"entity_id":"Q161280","candidates":[]}],[],[]],[[{"start":0,"end":9,"url":null,"entity_id":"Q133145","candidates":[]}],[],[]],[[{"start":0,"end":7,"url":null,"entity_id":"Q131189","candidates":[]}],[],[]],[[{"start":0,"end":6,"url":null,"entity_id":"Q130336","candidates":[]}],[],[]],[[{"start":0,"end":15,"url":null,"entity_id":"Q423971","candidates":[]}],[],[]],[[{"start":0,"end":15,"url":null,"entity_id":"Q422709","candidates":[]}],[],[]],[[{"start":0,"end":14,"url":null,"entity_id":"Q421758","candidates":[]}],[],[]],[[{"start":0,"end":18,"url":null,"entity_id":"Q421748","candidates":[]}],[],[]],[[{"start":0,"end":11,"url":null,"entity_id":"Q412245","candidates":[]}],[],[]],[[{"start":0,"end":17,"url":null,"entity_id":"Q407936","candidates":[]}],[],[]],[[{"start":0,"end":12,"url":null,"entity_id":"Q407733","candidates":[]}],[],[]]]}