{"version":"1.2","table":{"version":"2","table_id":"N8E5ZJL8","columns":[{"index":0,"name":"col0","values":["SV* HV 915","V* SY Cir","V* RT Ara","V* LV Del","V* SS Gem","TYC 3229-1483-1","V* RU Hyi","V* NW Tel","V* V453 Oph","V* CN Cen","V* BU Cen","V* V1899 Sgr","V* V338 Lib","V* V1864 Sgr","V* V457 Cyg","V* EZ Aql","V* QV Aql","V* AR Pup","V* SZ Mon","V* V407 Pav"]},{"index":1,"name":"col1","values":["14.552","8.888","10.1","9.423","8.67","11.5","12.733","11.72","10.85","9.184","12.4","8.745","10.81","9.721","9.129","12.15","11.7","9.55","9.76","8.665"]},{"index":2,"name":"col2","values":["0.0046","0.1884","0.1579","0.0596","0.2899","0.5152","0.0709","0.0944","0.219","0.0782","0.2877","0.0013","0.5934","0.1039","0.1874","0.0387","0.1453","0.5065","0.1207","0.179"]},{"index":3,"name":"col3","values":["354","3.42","-33.78","-96.45","-5","-41.37","12.54","-27.84","-114.32","15.24","199.04","44.28","-13.85","9.79","-66.11","50","-325.53","52.27","48.51","74.44"]}]},"context":{"page_title":null,"page_url":null,"page_entity_id":null,"content_hierarchy":[]},"links":[[[{"start":0,"end":9,"url":null,"entity_id":"Q87077691","candidates":[]}],[],[],[]],[[{"start":0,"end":9,"url":null,"entity_id":"Q87075087","candidates":[]}],[],[],[]],[[{"start":0,"end":9,"url":null,"entity_id":"Q87007962","candidates":[]}],[],[],[]],[[{"start":0,"end":9,"url":null,"entity_id":"Q86715437","candidates":[]}],[],[],[]],[[{"start":0,"end":15,"url":null,"entity_id":"Q86321898","candidates":[]}],[],[],[]],[[{"start":0,"end":9,"url":null,"entity_id":"Q86044310","candidates":[]}],[],[],[]],[[{"start":0,"end":9,"url":null,"entity_id":"Q85595923","candidates":[]}],[],[],[]],[[{"start":0,"end":11,"url":null,"entity_id":"Q85329786","candidates":[]}],[],[],[]],[[{"start":0,"end":9,"url":null,"entity_id":"Q85312286","candidates":[]}],[],[],[]],[[{"start":0,"end":9,"url":null,"entity_id":"Q84619883","candidates":[]}],[],[],[]],[[{"start":0,"end":12,"url":null,"entity_id":"Q84008724","candidates":[]}],[],[],[]],[[{"start":0,"end":11,"url":null,"entity_id":"Q84003293","candidates":[]}],[],[],[]],[[{"start":0,"end":12,"url":null,"entity_id":"Q84001665","candidates":[]}],[],[],[]],[[{"start":0,"end":11,"url":null,"entity_id":"Q83592063","candidates":[]}],[],[],[]],[[{"start":0,"end":9,"url":null,"entity_id":"Q83499972","candidates":[]}],[],[],[]],[[{"start":0,"end":9,"url":null,"entity_id":"Q83499568","candidates":[]}],[],[],[]],[[{"start":0,"end":9,"url":null,"entity_id":"Q81788265","candidates":[]}],[],[],[]],[[{"start":0,"end":9,"url":null,"entity_id":"Q81142618","candidates":[]}],[],[],[]],[[{"start":0,"end":11,"url":null,"entity_id":"Q80977509","candidates":[]}],[],[],[]],[[{"start":0,"end":10,"url":null,"entity_id":"Q87080395","candidates":[]}],[],[],[]]]}