{"version":"1.2","table":{"version":"2","table_id":"N90X3QT1","columns":[{"index":0,"name":"col0","values":["2015 Volta Limburg Classic","2014 Volta Limburg Classic","2013 Volta Limburg Classic","2008 Hel van het Mergelland","2007 Hel van het Mergelland","2006 Hel van het Mergelland","2004 Hel van het Mergelland","2011 Hel van het Mergelland","2003 Hel van het Mergelland","2012 Volta Limburg Classic","2009 Hel van het Mergelland","2005 Hel van het Mergelland","2010 Hel van het Mergelland","1994 Hel van het Mergelland","1993 Hel van het Mergelland","1992 Hel van het Mergelland","1991 Hel van het Mergelland","1990 Hel van het Mergelland","1989 Hel van het Mergelland","1988 Hel van het Mergelland"]},{"index":1,"name":"col1","values":["Maciej Paterski","Sonny Colbrelli","Paul Martens","Tony Martin","Sergey Lagutin","Bert Scheirlinckx","David Kopp","Samuel Dumoulin","Jens Heppner","Pavel Brutt","Federico Canuti","Stefan Schumacher","Dominic Klemme","John van den Akker","Erwin Thijs","Bart Voskamp","Tristan Hoffman","Rob Mulders","Maarten den Bakker","Theo Akkermans"]},{"index":2,"name":"col2","values":["2016 Volta Limburg Classic","2015 Volta Limburg Classic","2014 Volta Limburg Classic","2009 Hel van het Mergelland","2008 Hel van het Mergelland","2007 Hel van het Mergelland","2005 Hel van het Mergelland","2012 Volta Limburg Classic","2004 Hel van het Mergelland","2013 Volta Limburg Classic","2010 Hel van het Mergelland","2006 Hel van het Mergelland","2011 Hel van het Mergelland","1995 Hel van het Mergelland","1994 Hel van het Mergelland","1993 Hel van het Mergelland","1992 Hel van het Mergelland","1991 Hel van het Mergelland","1990 Hel van het Mergelland","1989 Hel van het Mergelland"]}]},"context":{"page_title":null,"page_url":null,"page_entity_id":null,"content_hierarchy":[]},"links":[[[{"start":0,"end":26,"url":null,"entity_id":"Q16185746","candidates":[]}],[{"start":0,"end":15,"url":null,"entity_id":"Q966037","candidates":[]}],[{"start":0,"end":26,"url":null,"entity_id":"Q19832841","candidates":[]}]],[[{"start":0,"end":26,"url":null,"entity_id":"Q16622725","candidates":[]}],[{"start":0,"end":12,"url":null,"entity_id":"Q426530","candidates":[]}],[{"start":0,"end":26,"url":null,"entity_id":"Q16185746","candidates":[]}]],[[{"start":0,"end":27,"url":null,"entity_id":"Q3784486","candidates":[]}],[{"start":0,"end":11,"url":null,"entity_id":"Q61049","candidates":[]}],[{"start":0,"end":27,"url":null,"entity_id":"Q3784487","candidates":[]}]],[[{"start":0,"end":27,"url":null,"entity_id":"Q3784484","candidates":[]}],[{"start":0,"end":14,"url":null,"entity_id":"Q373300","candidates":[]}],[{"start":0,"end":27,"url":null,"entity_id":"Q3784486","candidates":[]}]],[[{"start":0,"end":27,"url":null,"entity_id":"Q3784485","candidates":[]}],[{"start":0,"end":17,"url":null,"entity_id":"Q827461","candidates":[]}],[{"start":0,"end":27,"url":null,"entity_id":"Q3784484","candidates":[]}]],[[{"start":0,"end":27,"url":null,"entity_id":"Q55601723","candidates":[]}],[{"start":0,"end":10,"url":null,"entity_id":"Q200973","candidates":[]}],[{"start":0,"end":27,"url":null,"entity_id":"Q3784483","candidates":[]}]],[[{"start":0,"end":27,"url":null,"entity_id":"Q2782044","candidates":[]}],[{"start":0,"end":15,"url":null,"entity_id":"Q356311","candidates":[]}],[{"start":0,"end":26,"url":null,"entity_id":"Q1860166","candidates":[]}]],[[{"start":0,"end":27,"url":null,"entity_id":"Q55601691","candidates":[]}],[{"start":0,"end":12,"url":null,"entity_id":"Q683501","candidates":[]}],[{"start":0,"end":27,"url":null,"entity_id":"Q55601723","candidates":[]}]],[[{"start":0,"end":26,"url":null,"entity_id":"Q1860166","candidates":[]}],[{"start":0,"end":11,"url":null,"entity_id":"Q441744","candidates":[]}],[{"start":0,"end":26,"url":null,"entity_id":"Q16622725","candidates":[]}]],[[{"start":0,"end":27,"url":null,"entity_id":"Q3784487","candidates":[]}],[{"start":0,"end":15,"url":null,"entity_id":"Q989806","candidates":[]}],[{"start":0,"end":27,"url":null,"entity_id":"Q3784488","candidates":[]}]],[[{"start":0,"end":27,"url":null,"entity_id":"Q3784483","candidates":[]}],[{"start":0,"end":17,"url":null,"entity_id":"Q60857","candidates":[]}],[{"start":0,"end":27,"url":null,"entity_id":"Q3784485","candidates":[]}]],[[{"start":0,"end":27,"url":null,"entity_id":"Q3784488","candidates":[]}],[{"start":0,"end":14,"url":null,"entity_id":"Q636407","candidates":[]}],[{"start":0,"end":27,"url":null,"entity_id":"Q2782044","candidates":[]}]],[[{"start":0,"end":27,"url":null,"entity_id":"Q62022684","candidates":[]}],[{"start":0,"end":18,"url":null,"entity_id":"Q2492155","candidates":[]}],[{"start":0,"end":27,"url":null,"entity_id":"Q62022685","candidates":[]}]],[[{"start":0,"end":27,"url":null,"entity_id":"Q62022683","candidates":[]}],[{"start":0,"end":11,"url":null,"entity_id":"Q1358057","candidates":[]}],[{"start":0,"end":27,"url":null,"entity_id":"Q62022684","candidates":[]}]],[[{"start":0,"end":27,"url":null,"entity_id":"Q62022682","candidates":[]}],[{"start":0,"end":12,"url":null,"entity_id":"Q809215","candidates":[]}],[{"start":0,"end":27,"url":null,"entity_id":"Q62022683","candidates":[]}]],[[{"start":0,"end":27,"url":null,"entity_id":"Q62022681","candidates":[]}],[{"start":0,"end":15,"url":null,"entity_id":"Q982069","candidates":[]}],[{"start":0,"end":27,"url":null,"entity_id":"Q62022682","candidates":[]}]],[[{"start":0,"end":27,"url":null,"entity_id":"Q62022680","candidates":[]}],[{"start":0,"end":11,"url":null,"entity_id":"Q2365612","candidates":[]}],[{"start":0,"end":27,"url":null,"entity_id":"Q62022681","candidates":[]}]],[[{"start":0,"end":27,"url":null,"entity_id":"Q62022679","candidates":[]}],[{"start":0,"end":18,"url":null,"entity_id":"Q923291","candidates":[]}],[{"start":0,"end":27,"url":null,"entity_id":"Q62022680","candidates":[]}]],[[{"start":0,"end":27,"url":null,"entity_id":"Q62022678","candidates":[]}],[{"start":0,"end":14,"url":null,"entity_id":"Q2660033","candidates":[]}],[{"start":0,"end":27,"url":null,"entity_id":"Q62022679","candidates":[]}]],[[{"start":0,"end":26,"url":null,"entity_id":"Q19832841","candidates":[]}],[{"start":0,"end":15,"url":null,"entity_id":"Q1368079","candidates":[]}],[{"start":0,"end":26,"url":null,"entity_id":"Q21885368","candidates":[]}]]]}