{"version":"1.2","table":{"version":"2","table_id":"N92C0PMR","columns":[{"index":0,"name":"col0","values":["4-Chloronitrobenzene","o-anisidine","epichlorohydrin","ethyl acrylate","aniline","1,4-dichlorobenzene","1,3-butadiene","1,2-dichloropropane","1,2-dibromo-3-chloropropane","1,1-dimethylhydrazine","formaldehyde","acetaldehyde","hydrazine","arsenic","beryllium","2-phenylpropene","benzyl chloride","chloroprene","ethylene oxide","acrylonitrile"]},{"index":1,"name":"col1","values":["1","0.1","19","100","0.1","450","2.21","350","0.01","1","0.02","5","1.3","0.01","0.002","240","5","90","0.18","0.5"]},{"index":2,"name":"col2","values":["84","6","-57","-96","-6","54","-164","-149","43","-72","-134","-190","36","1135","2349","-23","-43","-153","-171","-116"]},{"index":3,"name":"col3","values":["0.2","0.1","13","29","0.6","1.3","2.4","40","0.8","103","1","740","10","0","0","2","1","188","1.46","83"]},{"index":4,"name":"col4","values":["0","0.5","0","0","0","0","0","0","0","0.15","0.123","0","0.04","0.002","0.0005","480","5","3.6","9","21.7"]}]},"context":{"page_title":null,"page_url":null,"page_entity_id":null,"content_hierarchy":[]},"links":[[[{"start":0,"end":20,"url":null,"entity_id":"Q4637187","candidates":[]}],[],[],[],[]],[[{"start":0,"end":11,"url":null,"entity_id":"Q3295808","candidates":[]}],[],[],[],[]],[[{"start":0,"end":15,"url":null,"entity_id":"Q423083","candidates":[]}],[],[],[],[]],[[{"start":0,"end":14,"url":null,"entity_id":"Q343014","candidates":[]}],[],[],[],[]],[[{"start":0,"end":7,"url":null,"entity_id":"Q186414","candidates":[]}],[],[],[],[]],[[{"start":0,"end":19,"url":null,"entity_id":"Q161529","candidates":[]}],[],[],[],[]],[[{"start":0,"end":13,"url":null,"entity_id":"Q161503","candidates":[]}],[],[],[],[]],[[{"start":0,"end":19,"url":null,"entity_id":"Q161478","candidates":[]}],[],[],[],[]],[[{"start":0,"end":27,"url":null,"entity_id":"Q161465","candidates":[]}],[],[],[],[]],[[{"start":0,"end":21,"url":null,"entity_id":"Q161296","candidates":[]}],[],[],[],[]],[[{"start":0,"end":12,"url":null,"entity_id":"Q161210","candidates":[]}],[],[],[],[]],[[{"start":0,"end":12,"url":null,"entity_id":"Q61457","candidates":[]}],[],[],[],[]],[[{"start":0,"end":9,"url":null,"entity_id":"Q58447","candidates":[]}],[],[],[],[]],[[{"start":0,"end":7,"url":null,"entity_id":"Q871","candidates":[]}],[],[],[],[]],[[{"start":0,"end":9,"url":null,"entity_id":"Q569","candidates":[]}],[],[],[],[]],[[{"start":0,"end":15,"url":null,"entity_id":"Q414195","candidates":[]}],[],[],[],[]],[[{"start":0,"end":15,"url":null,"entity_id":"Q412260","candidates":[]}],[],[],[],[]],[[{"start":0,"end":11,"url":null,"entity_id":"Q410871","candidates":[]}],[],[],[],[]],[[{"start":0,"end":14,"url":null,"entity_id":"Q407473","candidates":[]}],[],[],[],[]],[[{"start":0,"end":13,"url":null,"entity_id":"Q342968","candidates":[]}],[],[],[],[]]]}