{"version":"1.2","table":{"version":"2","table_id":"N9L4O4BX","columns":[{"index":0,"name":"col0","values":["IC 289","IC 1297","NGC 6153","IC 4593","IC 4634","IC 1295","IC 4997","IC 4663","CPD-56 8032","Hubble 12","Tc 1","IC 5148","IC 2149","Shapley 1","PN Jn 1","IC 4406","NGC 7354","NGC 7094","NGC 6891","NGC 6072"]},{"index":1,"name":"col1","values":["-13.4","19","39","22","-34.4","-13","-64.4","-74","-66","-5","-94","-26.2","-33.6","-31.5","-67","-22","-42.5","-101.1","42.1","7"]},{"index":2,"name":"col2","values":["15.144","15.2519","15.55","10.84","11.3","16.8479","11.15","16.5787","11.04","11.49","11.49","16.5","11.35","13.98","15.62","10.9","12.2","13.35","12.51","12.1"]},{"index":3,"name":"col3","values":["61.3169204398124","-39.61284862625084","-40.253512818576","12.0713981012323","-21.8258339932464","-8.82706165459667","16.7316649478888","-44.90499527774861","-56.913359905","58.1818162878039","-46.0899203342383","-39.38562155953333","46.104779717561","-51.524595737672","30.4684270240498","-44.1506126185128","61.2857623356348","12.7886390335628","12.7043292973059","-36.2298337604072"]},{"index":4,"name":"col4","values":["-3.901","-5.085","-3.806","-9.281","-5.959","-2.117","-23.074","-4.885","-69.82","-6.2","-9.537","-7.788","-8.685","-5.356","0.843","-3.948","-4.619","-10.604","-5.395","0.857"]}]},"context":{"page_title":null,"page_url":null,"page_entity_id":null,"content_hierarchy":[]},"links":[[[{"start":0,"end":6,"url":null,"entity_id":"Q2749758","candidates":[]}],[],[],[],[]],[[{"start":0,"end":7,"url":null,"entity_id":"Q2721110","candidates":[]}],[],[],[],[]],[[{"start":0,"end":8,"url":null,"entity_id":"Q1900073","candidates":[]}],[],[],[],[]],[[{"start":0,"end":7,"url":null,"entity_id":"Q1653333","candidates":[]}],[],[],[],[]],[[{"start":0,"end":7,"url":null,"entity_id":"Q1653323","candidates":[]}],[],[],[],[]],[[{"start":0,"end":7,"url":null,"entity_id":"Q1653282","candidates":[]}],[],[],[],[]],[[{"start":0,"end":7,"url":null,"entity_id":"Q1639920","candidates":[]}],[],[],[],[]],[[{"start":0,"end":7,"url":null,"entity_id":"Q1639914","candidates":[]}],[],[],[],[]],[[{"start":0,"end":11,"url":null,"entity_id":"Q1604902","candidates":[]}],[],[],[],[]],[[{"start":0,"end":9,"url":null,"entity_id":"Q1592165","candidates":[]}],[],[],[],[]],[[{"start":0,"end":4,"url":null,"entity_id":"Q1583273","candidates":[]}],[],[],[],[]],[[{"start":0,"end":7,"url":null,"entity_id":"Q1577426","candidates":[]}],[],[],[],[]],[[{"start":0,"end":7,"url":null,"entity_id":"Q1511210","candidates":[]}],[],[],[],[]],[[{"start":0,"end":9,"url":null,"entity_id":"Q1405421","candidates":[]}],[],[],[],[]],[[{"start":0,"end":7,"url":null,"entity_id":"Q1369985","candidates":[]}],[],[],[],[]],[[{"start":0,"end":7,"url":null,"entity_id":"Q1348648","candidates":[]}],[],[],[],[]],[[{"start":0,"end":8,"url":null,"entity_id":"Q1167144","candidates":[]}],[],[],[],[]],[[{"start":0,"end":8,"url":null,"entity_id":"Q1149549","candidates":[]}],[],[],[],[]],[[{"start":0,"end":8,"url":null,"entity_id":"Q1148339","candidates":[]}],[],[],[],[]],[[{"start":0,"end":8,"url":null,"entity_id":"Q1125436","candidates":[]}],[],[],[],[]]]}