{"version":"1.2","table":{"version":"2","table_id":"N9ZMOQB8","columns":[{"index":0,"name":"col0","values":["Monte Zxhna","Lago di Santa Coloba","Alpe di Svoro e Bondone","Crinale Pichea 0 Rocchetta","Paou' di#Monte Rovere","Sfvis","Corru S'Ittiri, stagno di . Giovanni e Marceddì","Mal di Ventre islan","pond of utzu Idu (Salina Manna and Pauli Marigosa)","pond of Santa Gusta","pond f Sale 'e Porcus","pond of Mistras of Oritano","pond of Corru S'Itir","pond of S'Ena Arrubia and adjacenu area","pond of\"Cabras","pond Pculi Maiori of Oristano","Lake Hornborha","Haringyliet","Uitkerke Polder","Monte da Gui"]},{"index":1,"name":"col1","values":["1698.0789999999997","5.73426","754.446","999.919","16.048","309.87","2641.392","375.37499999999994","593.216","1140.118","687.93","1637.21","5763.407999999999","278.721","4795.0","398.995","27.6914647923095","116.44632999999999","14.028","0.741384"]},{"index":2,"name":"col2","values":["Natura 2000","Natura 2000","Natura 2000","Natura 2000","Natura 2000","Natura 2000","Natura 2000","Natura 2000","Natura 2000","Natura 2000","Natura 2000","Natura 2000","Natura 2000","Natura 2000","Natura 2000","Natura 2000","Skagerrak and Kattegat Water District","Rhine–Meuse–Scheldt delta","Natura 2000","Monte da Guia"]}]},"context":{"page_title":null,"page_url":null,"page_entity_id":null,"content_hierarchy":[]},"links":[[[{"start":0,"end":20,"url":null,"entity_id":"Q49967160","candidates":[]}],[],[{"start":0,"end":11,"url":null,"entity_id":"Q503021","candidates":[]}]],[[{"start":0,"end":23,"url":null,"entity_id":"Q49967139","candidates":[]}],[],[{"start":0,"end":11,"url":null,"entity_id":"Q503021","candidates":[]}]],[[{"start":0,"end":26,"url":null,"entity_id":"Q49967137","candidates":[]}],[],[{"start":0,"end":11,"url":null,"entity_id":"Q503021","candidates":[]}]],[[{"start":0,"end":21,"url":null,"entity_id":"Q49967123","candidates":[]}],[],[{"start":0,"end":11,"url":null,"entity_id":"Q503021","candidates":[]}]],[[{"start":0,"end":5,"url":null,"entity_id":"Q49967118","candidates":[]}],[],[{"start":0,"end":11,"url":null,"entity_id":"Q503021","candidates":[]}]],[[{"start":0,"end":47,"url":null,"entity_id":"Q55256107","candidates":[]}],[],[{"start":0,"end":11,"url":null,"entity_id":"Q503021","candidates":[]}]],[[{"start":0,"end":19,"url":null,"entity_id":"Q55256102","candidates":[]}],[],[{"start":0,"end":11,"url":null,"entity_id":"Q503021","candidates":[]}]],[[{"start":0,"end":50,"url":null,"entity_id":"Q55255199","candidates":[]}],[],[{"start":0,"end":11,"url":null,"entity_id":"Q503021","candidates":[]}]],[[{"start":0,"end":19,"url":null,"entity_id":"Q55255197","candidates":[]}],[],[{"start":0,"end":11,"url":null,"entity_id":"Q503021","candidates":[]}]],[[{"start":0,"end":21,"url":null,"entity_id":"Q55255194","candidates":[]}],[],[{"start":0,"end":11,"url":null,"entity_id":"Q503021","candidates":[]}]],[[{"start":0,"end":26,"url":null,"entity_id":"Q55255192","candidates":[]}],[],[{"start":0,"end":11,"url":null,"entity_id":"Q503021","candidates":[]}]],[[{"start":0,"end":20,"url":null,"entity_id":"Q55255190","candidates":[]}],[],[{"start":0,"end":11,"url":null,"entity_id":"Q503021","candidates":[]}]],[[{"start":0,"end":39,"url":null,"entity_id":"Q55255188","candidates":[]}],[],[{"start":0,"end":11,"url":null,"entity_id":"Q503021","candidates":[]}]],[[{"start":0,"end":14,"url":null,"entity_id":"Q55254980","candidates":[]}],[],[{"start":0,"end":11,"url":null,"entity_id":"Q503021","candidates":[]}]],[[{"start":0,"end":29,"url":null,"entity_id":"Q55254978","candidates":[]}],[],[{"start":0,"end":11,"url":null,"entity_id":"Q503021","candidates":[]}]],[[{"start":0,"end":14,"url":null,"entity_id":"Q1628385","candidates":[]}],[],[{"start":0,"end":37,"url":null,"entity_id":"Q26236808","candidates":[]}]],[[{"start":0,"end":11,"url":null,"entity_id":"Q1585393","candidates":[]}],[],[{"start":0,"end":25,"url":null,"entity_id":"Q923381","candidates":[]}]],[[{"start":0,"end":15,"url":null,"entity_id":"Q18286791","candidates":[]}],[],[{"start":0,"end":11,"url":null,"entity_id":"Q503021","candidates":[]}]],[[{"start":0,"end":12,"url":null,"entity_id":"Q10343657","candidates":[]}],[],[{"start":0,"end":13,"url":null,"entity_id":"Q10332055","candidates":[]}]],[[{"start":0,"end":11,"url":null,"entity_id":"Q49967499","candidates":[]}],[],[{"start":0,"end":11,"url":null,"entity_id":"Q503021","candidates":[]}]]]}