[
  {
    "version": 1,
    "nodes": [
      {
        "id": "c-2",
        "abs_uri": "http://www.wikidata.org/entity/Q482994",
        "rel_uri": "wd:Q482994",
        "approximation": false,
        "readable_label": null
      },
      {
        "id": "d:c-2",
        "col_index": 2,
        "label": "Album"
      },
      {
        "id": "d:c-1",
        "col_index": 1,
        "label": "Artist"
      },
      {
        "id": "c-3",
        "abs_uri": "http://www.wikidata.org/entity/Q188451",
        "rel_uri": "wd:Q188451",
        "approximation": false,
        "readable_label": null
      },
      {
        "id": "d:c-3",
        "col_index": 3,
        "label": "Genre"
      },
      {
        "id": "c-4",
        "abs_uri": "http://www.wikidata.org/entity/Q18127",
        "rel_uri": "wd:Q18127",
        "approximation": false,
        "readable_label": null
      },
      {
        "id": "d:c-4",
        "col_index": 4,
        "label": "Label"
      },
      {
        "id": "c-5",
        "abs_uri": "http://www.wikidata.org/entity/Q5",
        "rel_uri": "wd:Q5",
        "approximation": false,
        "readable_label": null
      },
      {
        "id": "d:c-5",
        "col_index": 5,
        "label": "Producer"
      },
      {
        "id": "d-0",
        "col_index": 0,
        "label": "Release date"
      },
      {
        "id": "d-6",
        "col_index": 6,
        "label": "Ref."
      },
      {
        "id": "c-0",
        "abs_uri": "http://www.wikidata.org/entity/Q35120",
        "rel_uri": "wd:Q35120",
        "approximation": false,
        "readable_label": null
      }
    ],
    "edges": [
      {
        "source": "c-2",
        "target": "d:c-2",
        "abs_uri": "http://www.w3.org/2000/01/rdf-schema#label",
        "rel_uri": "rdfs:label",
        "approximation": false,
        "readable_label": null,
        "id": 1
      },
      {
        "source": "c-2",
        "target": "c-4",
        "abs_uri": "http://www.wikidata.org/prop/P264",
        "rel_uri": "p:P264",
        "approximation": false,
        "readable_label": null,
        "id": 2
      },
      {
        "source": "c-2",
        "target": "c-5",
        "abs_uri": "http://www.wikidata.org/prop/P162",
        "rel_uri": "p:P162",
        "approximation": false,
        "readable_label": null,
        "id": 3
      },
      {
        "source": "c-2",
        "target": "c-0",
        "abs_uri": "http://www.wikidata.org/prop/P175",
        "rel_uri": "p:P175",
        "approximation": false,
        "readable_label": null,
        "id": 4
      },
      {
        "source": "c-2",
        "target": "d-0",
        "abs_uri": "http://www.wikidata.org/prop/P577",
        "rel_uri": "p:P577",
        "approximation": false,
        "readable_label": null,
        "id": 5
      },
      {
        "source": "c-2",
        "target": "c-3",
        "abs_uri": "http://www.wikidata.org/prop/P136",
        "rel_uri": "p:P136",
        "approximation": false,
        "readable_label": null,
        "id": 6
      },
      {
        "source": "c-3",
        "target": "d:c-3",
        "abs_uri": "http://www.w3.org/2000/01/rdf-schema#label",
        "rel_uri": "rdfs:label",
        "approximation": false,
        "readable_label": null,
        "id": 7
      },
      {
        "source": "c-4",
        "target": "d:c-4",
        "abs_uri": "http://www.w3.org/2000/01/rdf-schema#label",
        "rel_uri": "rdfs:label",
        "approximation": false,
        "readable_label": null,
        "id": 8
      },
      {
        "source": "c-5",
        "target": "d:c-5",
        "abs_uri": "http://www.w3.org/2000/01/rdf-schema#label",
        "rel_uri": "rdfs:label",
        "approximation": false,
        "readable_label": null,
        "id": 9
      },
      {
        "source": "c-0",
        "target": "d:c-1",
        "abs_uri": "http://www.w3.org/2000/01/rdf-schema#label",
        "rel_uri": "rdfs:label",
        "approximation": false,
        "readable_label": null,
        "id": 10
      }
    ]
  }
]