{"version":"1.2","table":{"version":"2","table_id":"NB4MO7Q4","columns":[{"index":0,"name":"col0","values":["Somerville","Soldiers Hill","Seddon","Seaholme","Seaford","Roxburgh Park","Rosanna","Rockbank","Ripponlea","Ringwood East","Reservoir","Research","Ravenhall","Quarry Hill","Point Cook","Pascoe Vale South","Pascoe Vale","Parkdale","Officer","Oakleigh South"]},{"index":1,"name":"col1","values":["5896","1482","2569","989","8355","11096","4485","735","805","5293","25734","1338","378","1225","24929","5116","8782","6114","3616","4669"]},{"index":2,"name":"col2","values":["65","449","24","6","7","188","39","98","19","154","89","102","69","262","10","70","74","17","45","62"]}]},"context":{"page_title":null,"page_url":null,"page_entity_id":null,"content_hierarchy":[]},"links":[[[{"start":0,"end":13,"url":null,"entity_id":"Q7557391","candidates":[]}],[],[]],[[{"start":0,"end":6,"url":null,"entity_id":"Q7445161","candidates":[]}],[],[]],[[{"start":0,"end":8,"url":null,"entity_id":"Q7440490","candidates":[]}],[],[]],[[{"start":0,"end":7,"url":null,"entity_id":"Q7440369","candidates":[]}],[],[]],[[{"start":0,"end":13,"url":null,"entity_id":"Q7372398","candidates":[]}],[],[]],[[{"start":0,"end":7,"url":null,"entity_id":"Q7367325","candidates":[]}],[],[]],[[{"start":0,"end":8,"url":null,"entity_id":"Q7354966","candidates":[]}],[],[]],[[{"start":0,"end":9,"url":null,"entity_id":"Q7335744","candidates":[]}],[],[]],[[{"start":0,"end":13,"url":null,"entity_id":"Q7335020","candidates":[]}],[],[]],[[{"start":0,"end":9,"url":null,"entity_id":"Q7315303","candidates":[]}],[],[]],[[{"start":0,"end":8,"url":null,"entity_id":"Q7315046","candidates":[]}],[],[]],[[{"start":0,"end":9,"url":null,"entity_id":"Q7296449","candidates":[]}],[],[]],[[{"start":0,"end":11,"url":null,"entity_id":"Q7269215","candidates":[]}],[],[]],[[{"start":0,"end":10,"url":null,"entity_id":"Q7207994","candidates":[]}],[],[]],[[{"start":0,"end":17,"url":null,"entity_id":"Q7141845","candidates":[]}],[],[]],[[{"start":0,"end":11,"url":null,"entity_id":"Q7141839","candidates":[]}],[],[]],[[{"start":0,"end":8,"url":null,"entity_id":"Q7138209","candidates":[]}],[],[]],[[{"start":0,"end":7,"url":null,"entity_id":"Q7079440","candidates":[]}],[],[]],[[{"start":0,"end":14,"url":null,"entity_id":"Q7074118","candidates":[]}],[],[]],[[{"start":0,"end":10,"url":null,"entity_id":"Q7559958","candidates":[]}],[],[]]]}