{"version":"1.2","table":{"version":"2","table_id":"NCJTPX8G","columns":[{"index":0,"name":"col0","values":["Mid-Winter Songs","The Light","The Road Goes Ever On","Kysymysten kirja","Die Liebenden","A Musical Banquet","Impermanence","Italienisches Liederbuch","On Wenlock Edge","Monsters of Grace","Twenty Polish Christmas Carols","Sechs Orchesterlieder","Gurre-Lieder","Pierrot Lunaire","Symphony No. 8","Serenade for Tenor, Horn and Strings","The Nursery","Haugtussa","Schuberts Winterreise, eine komponierte Interpretation","Myrthen"]},{"index":1,"name":"col1","values":["Morten Lauridsen","Ketil Bjørnstad","Donald Swann","Kalevi Aho","Einojuhani Rautavaara","Robert Dowland","Meredith Monk","Hugo Wolf","Ralph Vaughan Williams","Philip Glass","Witold Lutosławski","Arnold Schoenberg","Arnold Schoenberg","Arnold Schoenberg","Krzysztof Penderecki","Benjamin Britten","Modest Petrovich Mussorgsky","Edvard Grieg","Hans Zender","Robert Schumann"]},{"index":2,"name":"col2","values":["1980-01-01","2008-01-01","1967-01-01","2007-01-01","1959-01-01","2008-01-01","2008-01-01","1892-01-01","1909-01-01","1997-01-01","1946-01-01","1905-01-01","1911-01-01","1912-01-01","2005-01-01","1943-01-01","1872-01-01","1898-01-01","1993-01-01","1840-01-01"]}]},"context":{"page_title":null,"page_url":null,"page_entity_id":null,"content_hierarchy":[]},"links":[[[{"start":0,"end":16,"url":null,"entity_id":"Q2448059","candidates":[]}],[{"start":0,"end":16,"url":null,"entity_id":"Q1355103","candidates":[]}],[]],[[{"start":0,"end":9,"url":null,"entity_id":"Q2665684","candidates":[]}],[{"start":0,"end":15,"url":null,"entity_id":"Q740561","candidates":[]}],[]],[[{"start":0,"end":21,"url":null,"entity_id":"Q267881","candidates":[]}],[{"start":0,"end":12,"url":null,"entity_id":"Q710220","candidates":[]}],[]],[[{"start":0,"end":16,"url":null,"entity_id":"Q2149152","candidates":[]}],[{"start":0,"end":10,"url":null,"entity_id":"Q521079","candidates":[]}],[]],[[{"start":0,"end":13,"url":null,"entity_id":"Q1979240","candidates":[]}],[{"start":0,"end":21,"url":null,"entity_id":"Q433592","candidates":[]}],[]],[[{"start":0,"end":17,"url":null,"entity_id":"Q1980414","candidates":[]}],[{"start":0,"end":14,"url":null,"entity_id":"Q330721","candidates":[]}],[]],[[{"start":0,"end":12,"url":null,"entity_id":"Q1824561","candidates":[]}],[{"start":0,"end":13,"url":null,"entity_id":"Q267170","candidates":[]}],[]],[[{"start":0,"end":24,"url":null,"entity_id":"Q1675161","candidates":[]}],[{"start":0,"end":9,"url":null,"entity_id":"Q215747","candidates":[]}],[]],[[{"start":0,"end":15,"url":null,"entity_id":"Q2605854","candidates":[]}],[{"start":0,"end":22,"url":null,"entity_id":"Q207947","candidates":[]}],[]],[[{"start":0,"end":17,"url":null,"entity_id":"Q2201977","candidates":[]}],[{"start":0,"end":12,"url":null,"entity_id":"Q189729","candidates":[]}],[]],[[{"start":0,"end":30,"url":null,"entity_id":"Q2027464","candidates":[]}],[{"start":0,"end":18,"url":null,"entity_id":"Q156472","candidates":[]}],[]],[[{"start":0,"end":21,"url":null,"entity_id":"Q2217381","candidates":[]}],[{"start":0,"end":17,"url":null,"entity_id":"Q154770","candidates":[]}],[]],[[{"start":0,"end":12,"url":null,"entity_id":"Q1555250","candidates":[]}],[{"start":0,"end":17,"url":null,"entity_id":"Q154770","candidates":[]}],[]],[[{"start":0,"end":15,"url":null,"entity_id":"Q965040","candidates":[]}],[{"start":0,"end":17,"url":null,"entity_id":"Q154770","candidates":[]}],[]],[[{"start":0,"end":14,"url":null,"entity_id":"Q1817828","candidates":[]}],[{"start":0,"end":20,"url":null,"entity_id":"Q153469","candidates":[]}],[]],[[{"start":0,"end":36,"url":null,"entity_id":"Q3511399","candidates":[]}],[{"start":0,"end":16,"url":null,"entity_id":"Q150767","candidates":[]}],[]],[[{"start":0,"end":11,"url":null,"entity_id":"Q1741908","candidates":[]}],[{"start":0,"end":27,"url":null,"entity_id":"Q132682","candidates":[]}],[]],[[{"start":0,"end":9,"url":null,"entity_id":"Q5682503","candidates":[]}],[{"start":0,"end":12,"url":null,"entity_id":"Q80621","candidates":[]}],[]],[[{"start":0,"end":54,"url":null,"entity_id":"Q2667523","candidates":[]}],[{"start":0,"end":11,"url":null,"entity_id":"Q64789","candidates":[]}],[]],[[{"start":0,"end":7,"url":null,"entity_id":"Q1699144","candidates":[]}],[{"start":0,"end":15,"url":null,"entity_id":"Q7351","candidates":[]}],[]]]}