{"version":"1.2","table":{"version":"2","table_id":"NDJVGYAF","columns":[{"index":0,"name":"col0","values":["Fæstningskanalen","Kastrup Fortress","Illerup Ådal","Vongshøj","Slotslyngen","Hallebrøndshøj","Käldamäki","Kirmukarmu hill","Rieskaronmäki","Remojärvi chapel","Kolmhaara","Luistari","Matinharju","Käräjämäki","Vainionmäki","Untamalan kirkko","Ta' Ħaġrat","Tervakangas cemetery","Stegeborg Castle","Voer Abbey"]},{"index":1,"name":"col1","values":["protected ancient monument in Denmark","protected ancient monument in Denmark","protected ancient monument in Denmark","protected ancient monument in Denmark","protected ancient monument in Denmark","protected ancient monument in Denmark","registered archaeological site in Finland","registered archaeological site in Finland","registered archaeological site in Finland","registered archaeological site in Finland","registered archaeological site in Finland","registered archaeological site in Finland","registered archaeological site in Finland","registered archaeological site in Finland","registered archaeological site in Finland","registered archaeological site in Finland","part of World Heritage Site","registered archaeological site in Finland","monument in Fornminnesregistret","protected ancient monument in Denmark"]},{"index":2,"name":"col2","values":["Denmark","Denmark","Denmark","Denmark","Denmark","Denmark","Finland","Finland","Finland","Finland","Finland","Finland","Finland","Finland","Finland","Finland","Malta","Finland","Sweden","Denmark"]},{"index":3,"name":"col3","values":["Lyngby-Taarbæk Municipality","Copenhagen Municipality","Skanderborg Municipality","Tønder Municipality","Bornholm Regional Municipality","Bornholm Regional Municipality","Vörå","Vesilahti","Nakkila","Juva","Eura","Eura","Harjavalta","Kokemäki","Laitila","Laitila","Mġarr","Raahe","Söderköping Municipality","Horsens Municipality"]}]},"context":{"page_title":null,"page_url":null,"page_entity_id":null,"content_hierarchy":[]},"links":[[[{"start":0,"end":16,"url":null,"entity_id":"Q30242974","candidates":[]}],[{"start":0,"end":37,"url":null,"entity_id":"Q12312385","candidates":[]}],[{"start":0,"end":7,"url":null,"entity_id":"Q35","candidates":[]}],[{"start":0,"end":23,"url":null,"entity_id":"Q504125","candidates":[]}]],[[{"start":0,"end":12,"url":null,"entity_id":"Q392467","candidates":[]}],[{"start":0,"end":37,"url":null,"entity_id":"Q12312385","candidates":[]}],[{"start":0,"end":7,"url":null,"entity_id":"Q35","candidates":[]}],[{"start":0,"end":24,"url":null,"entity_id":"Q7725510","candidates":[]}]],[[{"start":0,"end":8,"url":null,"entity_id":"Q1658360","candidates":[]}],[{"start":0,"end":37,"url":null,"entity_id":"Q12312385","candidates":[]}],[{"start":0,"end":7,"url":null,"entity_id":"Q35","candidates":[]}],[{"start":0,"end":19,"url":null,"entity_id":"Q3162907","candidates":[]}]],[[{"start":0,"end":11,"url":null,"entity_id":"Q23738222","candidates":[]}],[{"start":0,"end":37,"url":null,"entity_id":"Q12312385","candidates":[]}],[{"start":0,"end":7,"url":null,"entity_id":"Q35","candidates":[]}],[{"start":0,"end":30,"url":null,"entity_id":"Q2598329","candidates":[]}]],[[{"start":0,"end":14,"url":null,"entity_id":"Q1395693","candidates":[]}],[{"start":0,"end":37,"url":null,"entity_id":"Q12312385","candidates":[]}],[{"start":0,"end":7,"url":null,"entity_id":"Q35","candidates":[]}],[{"start":0,"end":30,"url":null,"entity_id":"Q2598329","candidates":[]}]],[[{"start":0,"end":9,"url":null,"entity_id":"Q18682116","candidates":[]}],[{"start":0,"end":41,"url":null,"entity_id":"Q31027091","candidates":[]}],[{"start":0,"end":7,"url":null,"entity_id":"Q33","candidates":[]}],[{"start":0,"end":4,"url":null,"entity_id":"Q2156306","candidates":[]}]],[[{"start":0,"end":15,"url":null,"entity_id":"Q23870295","candidates":[]}],[{"start":0,"end":41,"url":null,"entity_id":"Q31027091","candidates":[]}],[{"start":0,"end":7,"url":null,"entity_id":"Q33","candidates":[]}],[{"start":0,"end":9,"url":null,"entity_id":"Q1009136","candidates":[]}]],[[{"start":0,"end":13,"url":null,"entity_id":"Q11890680","candidates":[]}],[{"start":0,"end":41,"url":null,"entity_id":"Q31027091","candidates":[]}],[{"start":0,"end":7,"url":null,"entity_id":"Q33","candidates":[]}],[{"start":0,"end":7,"url":null,"entity_id":"Q1009109","candidates":[]}]],[[{"start":0,"end":16,"url":null,"entity_id":"Q11890542","candidates":[]}],[{"start":0,"end":41,"url":null,"entity_id":"Q31027091","candidates":[]}],[{"start":0,"end":7,"url":null,"entity_id":"Q33","candidates":[]}],[{"start":0,"end":4,"url":null,"entity_id":"Q1000117","candidates":[]}]],[[{"start":0,"end":9,"url":null,"entity_id":"Q18682044","candidates":[]}],[{"start":0,"end":41,"url":null,"entity_id":"Q31027091","candidates":[]}],[{"start":0,"end":7,"url":null,"entity_id":"Q33","candidates":[]}],[{"start":0,"end":4,"url":null,"entity_id":"Q999868","candidates":[]}]],[[{"start":0,"end":8,"url":null,"entity_id":"Q11879756","candidates":[]}],[{"start":0,"end":41,"url":null,"entity_id":"Q31027091","candidates":[]}],[{"start":0,"end":7,"url":null,"entity_id":"Q33","candidates":[]}],[{"start":0,"end":4,"url":null,"entity_id":"Q999868","candidates":[]}]],[[{"start":0,"end":10,"url":null,"entity_id":"Q21016752","candidates":[]}],[{"start":0,"end":41,"url":null,"entity_id":"Q31027091","candidates":[]}],[{"start":0,"end":7,"url":null,"entity_id":"Q33","candidates":[]}],[{"start":0,"end":10,"url":null,"entity_id":"Q986578","candidates":[]}]],[[{"start":0,"end":10,"url":null,"entity_id":"Q11874149","candidates":[]}],[{"start":0,"end":41,"url":null,"entity_id":"Q31027091","candidates":[]}],[{"start":0,"end":7,"url":null,"entity_id":"Q33","candidates":[]}],[{"start":0,"end":8,"url":null,"entity_id":"Q986409","candidates":[]}]],[[{"start":0,"end":11,"url":null,"entity_id":"Q18662654","candidates":[]}],[{"start":0,"end":41,"url":null,"entity_id":"Q31027091","candidates":[]}],[{"start":0,"end":7,"url":null,"entity_id":"Q33","candidates":[]}],[{"start":0,"end":7,"url":null,"entity_id":"Q807901","candidates":[]}]],[[{"start":0,"end":16,"url":null,"entity_id":"Q11869289","candidates":[]}],[{"start":0,"end":41,"url":null,"entity_id":"Q31027091","candidates":[]}],[{"start":0,"end":7,"url":null,"entity_id":"Q33","candidates":[]}],[{"start":0,"end":7,"url":null,"entity_id":"Q807901","candidates":[]}]],[[{"start":0,"end":10,"url":null,"entity_id":"Q991637","candidates":[]}],[{"start":0,"end":27,"url":null,"entity_id":"Q43113623","candidates":[]}],[{"start":0,"end":5,"url":null,"entity_id":"Q233","candidates":[]}],[{"start":0,"end":5,"url":null,"entity_id":"Q691220","candidates":[]}]],[[{"start":0,"end":20,"url":null,"entity_id":"Q11897010","candidates":[]}],[{"start":0,"end":41,"url":null,"entity_id":"Q31027091","candidates":[]}],[{"start":0,"end":7,"url":null,"entity_id":"Q33","candidates":[]}],[{"start":0,"end":5,"url":null,"entity_id":"Q622592","candidates":[]}]],[[{"start":0,"end":16,"url":null,"entity_id":"Q661338","candidates":[]}],[{"start":0,"end":31,"url":null,"entity_id":"Q21287602","candidates":[]}],[{"start":0,"end":6,"url":null,"entity_id":"Q34","candidates":[]}],[{"start":0,"end":24,"url":null,"entity_id":"Q515680","candidates":[]}]],[[{"start":0,"end":10,"url":null,"entity_id":"Q3429528","candidates":[]}],[{"start":0,"end":37,"url":null,"entity_id":"Q12312385","candidates":[]}],[{"start":0,"end":7,"url":null,"entity_id":"Q35","candidates":[]}],[{"start":0,"end":20,"url":null,"entity_id":"Q512064","candidates":[]}]],[[{"start":0,"end":16,"url":null,"entity_id":"Q30241922","candidates":[]}],[{"start":0,"end":37,"url":null,"entity_id":"Q12312385","candidates":[]}],[{"start":0,"end":7,"url":null,"entity_id":"Q35","candidates":[]}],[{"start":0,"end":27,"url":null,"entity_id":"Q493826","candidates":[]}]]]}