{"version":"1.2","table":{"version":"2","table_id":"NE10TYDF","columns":[{"index":0,"name":"col0","values":["18 Aquilae","Lambda Librae","Sigma Lupi","48 Tauri","HD 50123","IT Vel","31 Crateris","Omicron Persei","Pi Cassiopeiae","AO Cassiopeiae","Lambda Columbae","HD 5066","V2320 Oph","V4372 Sgr","V831 Centauri","35 Piscium","2MASS J06403657+1006302","2MASS J06404047+1008452","2MASS J06410343+1015439","2MASS J06404870+1015135"]},{"index":1,"name":"col1","values":["50","137","119","68","175","340","97","90","40","120","88","121","220","372","216","66","1.2","92.9","14.1","3.1"]},{"index":2,"name":"col2","values":["11.07122703833","-20.1670672358874","-50.45715961361","15.4006962198639","-31.7060575244118","-47.0918649164839","-19.6589795509507","32.288248019","47.0245490440666","51.433087667453","-33.8013612630236","38.5488321477269","5.658212146676","-15.1023028691469","-59.920578932","8.82096086063583","10.1084249237312","10.1458847384968","10.2621994475087","10.253764411614"]},{"index":3,"name":"col3","values":["Aquila","Libra","Lupus","Taurus","Canis Major","Vela","Corvus","Perseus","Cassiopeia","Cassiopeia","Columba","Andromeda","Ophiuchus","Sagittarius","Centaurus","Pisces","Monoceros","Monoceros","Monoceros","Monoceros"]},{"index":4,"name":"col4","values":["286.74417872208","238.3335637671145","218.1544027875","63.9428517196271","102.5972824641846","124.5047732499254","180.2131661562774","56.079716849","10.8669534470021","4.429428760285","88.2786757300979","13.2224100186876","266.5455120413456","292.1472175554445","198.073310782","3.74516871420458","100.1523695693075","100.1686040454803","100.2643441042169","100.2029205386619"]},{"index":5,"name":"col5","values":["4.67","8.5645","6.748","21.339","5.1709","2.3669","2.053","2.91","18.5596","0.5522","9.6655","4.0215","2.815","2.0257","8.61","13.3128","1.4766","1.6603","0.9539","1.2347"]}]},"context":{"page_title":null,"page_url":null,"page_entity_id":null,"content_hierarchy":[]},"links":[[[{"start":0,"end":13,"url":null,"entity_id":"Q3826293","candidates":[]}],[],[],[{"start":0,"end":5,"url":null,"entity_id":"Q10580","candidates":[]}],[],[]],[[{"start":0,"end":10,"url":null,"entity_id":"Q6314825","candidates":[]}],[],[],[{"start":0,"end":5,"url":null,"entity_id":"Q10571","candidates":[]}],[],[]],[[{"start":0,"end":8,"url":null,"entity_id":"Q11126220","candidates":[]}],[],[],[{"start":0,"end":6,"url":null,"entity_id":"Q10570","candidates":[]}],[],[]],[[{"start":0,"end":8,"url":null,"entity_id":"Q3781209","candidates":[]}],[],[],[{"start":0,"end":11,"url":null,"entity_id":"Q10538","candidates":[]}],[],[]],[[{"start":0,"end":6,"url":null,"entity_id":"Q66531895","candidates":[]}],[],[],[{"start":0,"end":4,"url":null,"entity_id":"Q10521","candidates":[]}],[],[]],[[{"start":0,"end":11,"url":null,"entity_id":"Q3598850","candidates":[]}],[],[],[{"start":0,"end":6,"url":null,"entity_id":"Q10517","candidates":[]}],[],[]],[[{"start":0,"end":14,"url":null,"entity_id":"Q755863","candidates":[]}],[],[],[{"start":0,"end":7,"url":null,"entity_id":"Q10511","candidates":[]}],[],[]],[[{"start":0,"end":14,"url":null,"entity_id":"Q5097567","candidates":[]}],[],[],[{"start":0,"end":10,"url":null,"entity_id":"Q10464","candidates":[]}],[],[]],[[{"start":0,"end":14,"url":null,"entity_id":"Q4653178","candidates":[]}],[],[],[{"start":0,"end":10,"url":null,"entity_id":"Q10464","candidates":[]}],[],[]],[[{"start":0,"end":15,"url":null,"entity_id":"Q3232679","candidates":[]}],[],[],[{"start":0,"end":7,"url":null,"entity_id":"Q10425","candidates":[]}],[],[]],[[{"start":0,"end":7,"url":null,"entity_id":"Q10850216","candidates":[]}],[],[],[{"start":0,"end":9,"url":null,"entity_id":"Q9256","candidates":[]}],[],[]],[[{"start":0,"end":9,"url":null,"entity_id":"Q66531892","candidates":[]}],[],[],[{"start":0,"end":9,"url":null,"entity_id":"Q8906","candidates":[]}],[],[]],[[{"start":0,"end":9,"url":null,"entity_id":"Q66530983","candidates":[]}],[],[],[{"start":0,"end":11,"url":null,"entity_id":"Q8866","candidates":[]}],[],[]],[[{"start":0,"end":13,"url":null,"entity_id":"Q5097784","candidates":[]}],[],[],[{"start":0,"end":9,"url":null,"entity_id":"Q8844","candidates":[]}],[],[]],[[{"start":0,"end":10,"url":null,"entity_id":"Q4635557","candidates":[]}],[],[],[{"start":0,"end":6,"url":null,"entity_id":"Q8679","candidates":[]}],[],[]],[[{"start":0,"end":23,"url":null,"entity_id":"Q78757952","candidates":[]}],[],[],[{"start":0,"end":9,"url":null,"entity_id":"Q10428","candidates":[]}],[],[]],[[{"start":0,"end":23,"url":null,"entity_id":"Q78757946","candidates":[]}],[],[],[{"start":0,"end":9,"url":null,"entity_id":"Q10428","candidates":[]}],[],[]],[[{"start":0,"end":23,"url":null,"entity_id":"Q78752853","candidates":[]}],[],[],[{"start":0,"end":9,"url":null,"entity_id":"Q10428","candidates":[]}],[],[]],[[{"start":0,"end":23,"url":null,"entity_id":"Q78752719","candidates":[]}],[],[],[{"start":0,"end":9,"url":null,"entity_id":"Q10428","candidates":[]}],[],[]],[[{"start":0,"end":10,"url":null,"entity_id":"Q2400410","candidates":[]}],[],[],[{"start":0,"end":6,"url":null,"entity_id":"Q10586","candidates":[]}],[],[]]]}