{"version":"1.2","table":{"version":"2","table_id":"NE1N5C5X","columns":[{"index":0,"name":"col0","values":["V* LM Ori","V* V2706 Ori","V* V2570 Ori","V* V2579 Ori","V* V2304 Ori","V* V2605 Ori","V* V2115 Ori","V* V2150 Ori","V* V423 Ori","V* V2320 Ori","V* V1756 Ori","V* V2312 Ori","V* V2109 Ori","V* V1997 Ori","V* V2359 Ori","V* V2483 Ori","V* V1565 Ori","V* V2246 Ori","V* V1555 Ori","V* V1762 Ori","V* V2247 Ori","V* V2071 Ori","V* V2522 Ori","V* V1703 Ori","V* V2412 Ori","V* V2136 Ori","V* V1276 Ori","V* V2436 Ori","V* V1502 Ori","V* V1486 Ori","V* NX Ori","V* V1397 Ori","V* V2355 Ori","V* V1691 Ori","V* V1474 Ori","V* V1519 Ori","V* V2388 Ori","V* V1525 Ori","V* V2214 Ori","V* AH Ori","V* V1431 Ori"]},{"index":1,"name":"col1","values":["27.613115","24.896528","26.749043","25.479744","26.898615","27.088953","29.51058","24.532446","29.269737","22.376566","28.685991","33.036716","26.357079","26.051432","27.274141","13.91","26.603184","34.3741","26.230364","26.44","22.194769","31.194069","32.12208","34.94812","28.458647","24.614086","23.284302","26.517206","25.39166","24.814611","28.416826","26.099434","26.007427","29.639189","25.225449","29.703293","22.21999","30.126625","36.621475","16.634418","29.452938"]},{"index":2,"name":"col2","values":["14.842","17.4","10.777","14.281","17.744","18.276","16.08","17.604","17.3","19.96","11.448","12.6","17.833","17.305","10.21","12.495","15.264","16.3","16.736","12.21","19.667","17.16","10.288","9.724","17.39","18.592","19.072","19.096","17.516","21.13","16.747","18.529","10.162","18.1","20.4","16.87","17.193","17.745","18.492","13.54","15.941"]},{"index":3,"name":"col3","values":["83.7868835816145","84.1965651896777","83.9200542","83.9282013249095","83.8223690891863","83.9578156556141","83.7569911804162","83.7723996367261","83.8937683952506","83.8249057458857","83.9354512960129","83.8236509756681","83.7555818642169","83.6592356091501","83.8326625","83.8743076224692","83.8855043539177","83.8071108468499","83.8783425273646","83.9769783574134","83.8073247580503","83.7244650092663","83.8873132180284","83.7009769865768","83.8488550557637","83.7665214080569","83.8006698765674","83.8556049038179","83.8154888652909","83.7883744744458","83.8869732683","83.784967561981","83.8318989668964","83.6692559508214","83.7438795455251","83.8348456476739","83.8435484750801","83.8419438540974","83.7967283537867","83.8572286620226","83.621142615636"]},{"index":4,"name":"col4","values":["3868","3223","3584","4068","3593","3454","3475","3906","3283","3097","3568","5816","3850","3347","3208","4409","3612","5770","3331","4876","3290","3823","3527","3534","3189","3266","3128","3073","3460","4402","3942","4256","3528","3703","3064","3314","4363","3855","3651","4777","4013"]}]},"context":{"page_title":null,"page_url":null,"page_entity_id":null,"content_hierarchy":[]},"links":[[[{"start":0,"end":9,"url":null,"entity_id":"Q78240467","candidates":[]}],[],[],[],[]],[[{"start":0,"end":12,"url":null,"entity_id":"Q77627996","candidates":[]}],[],[],[],[]],[[{"start":0,"end":12,"url":null,"entity_id":"Q78244052","candidates":[]}],[],[],[],[]],[[{"start":0,"end":12,"url":null,"entity_id":"Q78244042","candidates":[]}],[],[],[],[]],[[{"start":0,"end":12,"url":null,"entity_id":"Q78245149","candidates":[]}],[],[],[],[]],[[{"start":0,"end":12,"url":null,"entity_id":"Q78245135","candidates":[]}],[],[],[],[]],[[{"start":0,"end":12,"url":null,"entity_id":"Q78245121","candidates":[]}],[],[],[],[]],[[{"start":0,"end":12,"url":null,"entity_id":"Q78244940","candidates":[]}],[],[],[],[]],[[{"start":0,"end":11,"url":null,"entity_id":"Q78244932","candidates":[]}],[],[],[],[]],[[{"start":0,"end":12,"url":null,"entity_id":"Q78244916","candidates":[]}],[],[],[],[]],[[{"start":0,"end":12,"url":null,"entity_id":"Q78244855","candidates":[]}],[],[],[],[]],[[{"start":0,"end":12,"url":null,"entity_id":"Q78244850","candidates":[]}],[],[],[],[]],[[{"start":0,"end":12,"url":null,"entity_id":"Q78244826","candidates":[]}],[],[],[],[]],[[{"start":0,"end":12,"url":null,"entity_id":"Q78244808","candidates":[]}],[],[],[],[]],[[{"start":0,"end":12,"url":null,"entity_id":"Q78244738","candidates":[]}],[],[],[],[]],[[{"start":0,"end":12,"url":null,"entity_id":"Q78244698","candidates":[]}],[],[],[],[]],[[{"start":0,"end":12,"url":null,"entity_id":"Q78244666","candidates":[]}],[],[],[],[]],[[{"start":0,"end":12,"url":null,"entity_id":"Q78244649","candidates":[]}],[],[],[],[]],[[{"start":0,"end":12,"url":null,"entity_id":"Q78244593","candidates":[]}],[],[],[],[]],[[{"start":0,"end":12,"url":null,"entity_id":"Q78244576","candidates":[]}],[],[],[],[]],[[{"start":0,"end":12,"url":null,"entity_id":"Q78244533","candidates":[]}],[],[],[],[]],[[{"start":0,"end":12,"url":null,"entity_id":"Q78244529","candidates":[]}],[],[],[],[]],[[{"start":0,"end":12,"url":null,"entity_id":"Q78242674","candidates":[]}],[],[],[],[]],[[{"start":0,"end":12,"url":null,"entity_id":"Q78242588","candidates":[]}],[],[],[],[]],[[{"start":0,"end":12,"url":null,"entity_id":"Q78242567","candidates":[]}],[],[],[],[]],[[{"start":0,"end":12,"url":null,"entity_id":"Q78242549","candidates":[]}],[],[],[],[]],[[{"start":0,"end":12,"url":null,"entity_id":"Q78242542","candidates":[]}],[],[],[],[]],[[{"start":0,"end":12,"url":null,"entity_id":"Q78242478","candidates":[]}],[],[],[],[]],[[{"start":0,"end":12,"url":null,"entity_id":"Q78242447","candidates":[]}],[],[],[],[]],[[{"start":0,"end":12,"url":null,"entity_id":"Q78242428","candidates":[]}],[],[],[],[]],[[{"start":0,"end":9,"url":null,"entity_id":"Q78242393","candidates":[]}],[],[],[],[]],[[{"start":0,"end":12,"url":null,"entity_id":"Q78242352","candidates":[]}],[],[],[],[]],[[{"start":0,"end":12,"url":null,"entity_id":"Q78242324","candidates":[]}],[],[],[],[]],[[{"start":0,"end":12,"url":null,"entity_id":"Q78242321","candidates":[]}],[],[],[],[]],[[{"start":0,"end":12,"url":null,"entity_id":"Q78242301","candidates":[]}],[],[],[],[]],[[{"start":0,"end":12,"url":null,"entity_id":"Q78242266","candidates":[]}],[],[],[],[]],[[{"start":0,"end":12,"url":null,"entity_id":"Q78242251","candidates":[]}],[],[],[],[]],[[{"start":0,"end":12,"url":null,"entity_id":"Q78242248","candidates":[]}],[],[],[],[]],[[{"start":0,"end":12,"url":null,"entity_id":"Q78241885","candidates":[]}],[],[],[],[]],[[{"start":0,"end":9,"url":null,"entity_id":"Q78241883","candidates":[]}],[],[],[],[]],[[{"start":0,"end":12,"url":null,"entity_id":"Q78241866","candidates":[]}],[],[],[],[]]]}