{"version":"1.2","table":{"version":"2","table_id":"NE9BS7J7","columns":[{"index":0,"name":"col0","values":["BD-04 4135","SOPS IV e-57","2MASS J06410084-5105479","HE 1443-0503","C* 718","HD 269343","IRAS 08396-5005","CD-31 9518","HE 1252-2656","SOPS IV e-39","HE 1428-1950","HD 58337","HE 1253-1859","HD 113801","BD-22 3481","LAMOST J195208.78+440219.6","LAMOST J185601.91+434244.1","LAMOST J192158.56+433129.6","HE 1930-6646","HE 1318-2451"]},{"index":1,"name":"col1","values":["540.7451","1337.9716","1566","988.489","4049.53","1861.8507","2383.64","1017.1905","2182.29","2186.42","1348.1","1039.177","2067.47","649.3506","656.2541","2895.194","3685.9565","1983.7334","1173.4335","1065.5301"]},{"index":2,"name":"col2","values":["316","3160","54000","3160","32","4","62","52","316","316","316","126","17","160","54","720","340","321","148","3160"]},{"index":3,"name":"col3","values":["4500","4750","4451","4750","4500","4762","4176","4454","4500","4500","4500","4582","4544","4710","4486","4915","4603","4513","4487","4749"]},{"index":4,"name":"col4","values":["10.48","10.891","18.836","13.185","12.1","11.637","5.713","11.599","13.048","11.7","12.04","9.57","12.808","8.5","10.632","10.172","10.663","9.782","8.938","12.265"]}]},"context":{"page_title":null,"page_url":null,"page_entity_id":null,"content_hierarchy":[]},"links":[[[{"start":0,"end":10,"url":null,"entity_id":"Q86934589","candidates":[]}],[],[],[],[]],[[{"start":0,"end":12,"url":null,"entity_id":"Q86758536","candidates":[]}],[],[],[],[]],[[{"start":0,"end":23,"url":null,"entity_id":"Q86414529","candidates":[]}],[],[],[],[]],[[{"start":0,"end":12,"url":null,"entity_id":"Q86395063","candidates":[]}],[],[],[],[]],[[{"start":0,"end":6,"url":null,"entity_id":"Q86294648","candidates":[]}],[],[],[],[]],[[{"start":0,"end":9,"url":null,"entity_id":"Q86244765","candidates":[]}],[],[],[],[]],[[{"start":0,"end":15,"url":null,"entity_id":"Q86203840","candidates":[]}],[],[],[],[]],[[{"start":0,"end":10,"url":null,"entity_id":"Q85299594","candidates":[]}],[],[],[],[]],[[{"start":0,"end":12,"url":null,"entity_id":"Q86032706","candidates":[]}],[],[],[],[]],[[{"start":0,"end":12,"url":null,"entity_id":"Q85671011","candidates":[]}],[],[],[],[]],[[{"start":0,"end":12,"url":null,"entity_id":"Q85577392","candidates":[]}],[],[],[],[]],[[{"start":0,"end":8,"url":null,"entity_id":"Q85564814","candidates":[]}],[],[],[],[]],[[{"start":0,"end":12,"url":null,"entity_id":"Q84797636","candidates":[]}],[],[],[],[]],[[{"start":0,"end":9,"url":null,"entity_id":"Q84794238","candidates":[]}],[],[],[],[]],[[{"start":0,"end":10,"url":null,"entity_id":"Q84792239","candidates":[]}],[],[],[],[]],[[{"start":0,"end":26,"url":null,"entity_id":"Q84064274","candidates":[]}],[],[],[],[]],[[{"start":0,"end":26,"url":null,"entity_id":"Q84063645","candidates":[]}],[],[],[],[]],[[{"start":0,"end":26,"url":null,"entity_id":"Q84061649","candidates":[]}],[],[],[],[]],[[{"start":0,"end":12,"url":null,"entity_id":"Q83836376","candidates":[]}],[],[],[],[]],[[{"start":0,"end":12,"url":null,"entity_id":"Q83758926","candidates":[]}],[],[],[],[]]]}