{"version":"1.2","table":{"version":"2","table_id":"NF112PAW","columns":[{"index":0,"name":"col0","values":["IC 878","IC 865","IC 899","IC 880","IC 877","IC 1665","IC 1975","IC 1851","IC 2088","IC 5067","NGC 4397","NGC 7663","NGC 5571","NGC 5450","NGC 4912","NGC 3446","NGC 3210","NGC 2349","NGC 2189","NGC 1921"]},{"index":1,"name":"col1","values":["6.117","-5.9","-8.067","6.117","6.083","34.7","-15.5","58.317","27","44.367","18.300889","-4.9664389","35.150833","54.27139","37.31525219640917","-45.13917","79.8325","-8.6","1.055","-69.7883"]},{"index":2,"name":"col2","values":["199.75","199.5","203.75","199.775","199.75","19.425","54.775","42.925","70.75","311.975","186.492","351.68825","214.883125","210.6225","195.17885187336","163.02875","156.99667","107.7","93.03","79.8333"]}]},"context":{"page_title":null,"page_url":null,"page_entity_id":null,"content_hierarchy":[]},"links":[[[{"start":0,"end":6,"url":null,"entity_id":"Q3711663","candidates":[]}],[],[]],[[{"start":0,"end":6,"url":null,"entity_id":"Q3711499","candidates":[]}],[],[]],[[{"start":0,"end":6,"url":null,"entity_id":"Q3711482","candidates":[]}],[],[]],[[{"start":0,"end":6,"url":null,"entity_id":"Q3711469","candidates":[]}],[],[]],[[{"start":0,"end":6,"url":null,"entity_id":"Q3711433","candidates":[]}],[],[]],[[{"start":0,"end":7,"url":null,"entity_id":"Q3693983","candidates":[]}],[],[]],[[{"start":0,"end":7,"url":null,"entity_id":"Q3692970","candidates":[]}],[],[]],[[{"start":0,"end":7,"url":null,"entity_id":"Q3692901","candidates":[]}],[],[]],[[{"start":0,"end":7,"url":null,"entity_id":"Q3692154","candidates":[]}],[],[]],[[{"start":0,"end":7,"url":null,"entity_id":"Q3099070","candidates":[]}],[],[]],[[{"start":0,"end":8,"url":null,"entity_id":"Q2002005","candidates":[]}],[],[]],[[{"start":0,"end":8,"url":null,"entity_id":"Q1168574","candidates":[]}],[],[]],[[{"start":0,"end":8,"url":null,"entity_id":"Q1121122","candidates":[]}],[],[]],[[{"start":0,"end":8,"url":null,"entity_id":"Q1119834","candidates":[]}],[],[]],[[{"start":0,"end":8,"url":null,"entity_id":"Q1115509","candidates":[]}],[],[]],[[{"start":0,"end":8,"url":null,"entity_id":"Q1104806","candidates":[]}],[],[]],[[{"start":0,"end":8,"url":null,"entity_id":"Q1103547","candidates":[]}],[],[]],[[{"start":0,"end":8,"url":null,"entity_id":"Q1048389","candidates":[]}],[],[]],[[{"start":0,"end":8,"url":null,"entity_id":"Q1047370","candidates":[]}],[],[]],[[{"start":0,"end":8,"url":null,"entity_id":"Q1046035","candidates":[]}],[],[]]]}