{"version":"1.2","table":{"version":"2","table_id":"NHD47UDL","columns":[{"index":0,"name":"col0","values":["Dishonored: Death of the Outsider","TrackMania: Power Up!","The Witcher 3: Wild Hunt – Blood and Wine","Dying Light: The Following","Backpacker 3: Americana","Backpacker 3: Mediterraneo","Destiny: Rise of Iron","Destiny 2: Forsaken","The Last of Us: Left Behind","The Movies: Stunts & Effects","Black & White: Creature Isle","The Settlers: Rise of an Empire - The Eastern Realm","GoldenLand: Cold Heaven","Black & White 2: Battle of the Gods","Painkiller: Resurrection","Gothic II: Night of the Raven","World in Conflict: Soviet Assault","Delta Force: Task Force Dagger","Halo Wars 2: Awakening the Nightmare","XL Pack"]},{"index":1,"name":"col1","values":["Microsoft Windows","Microsoft Windows","Microsoft Windows","Linux","Microsoft Windows","Microsoft Windows","PlayStation 4","personal computer","PlayStation 3","Microsoft Windows","Microsoft Windows","Microsoft Windows","Microsoft Windows","Microsoft Windows","Microsoft Windows","Microsoft Windows","Microsoft Windows","Microsoft Windows","Xbox One","PlayStation 4"]},{"index":2,"name":"col2","values":["France","France","Poland","Poland","Sweden","Sweden","United States of America","United States of America","United States of America","United Kingdom","United Kingdom","Germany","Russia","United Kingdom","Austria","Germany","United Kingdom","United States of America","United States of America","United States of America"]}]},"context":{"page_title":null,"page_url":null,"page_entity_id":null,"content_hierarchy":[]},"links":[[[{"start":0,"end":33,"url":null,"entity_id":"Q38904048","candidates":[]}],[{"start":0,"end":17,"url":null,"entity_id":"Q1406","candidates":[]}],[{"start":0,"end":6,"url":null,"entity_id":"Q142","candidates":[]}]],[[{"start":0,"end":21,"url":null,"entity_id":"Q24934806","candidates":[]}],[{"start":0,"end":17,"url":null,"entity_id":"Q1406","candidates":[]}],[{"start":0,"end":6,"url":null,"entity_id":"Q142","candidates":[]}]],[[{"start":0,"end":41,"url":null,"entity_id":"Q24807230","candidates":[]}],[{"start":0,"end":17,"url":null,"entity_id":"Q1406","candidates":[]}],[{"start":0,"end":6,"url":null,"entity_id":"Q36","candidates":[]}]],[[{"start":0,"end":26,"url":null,"entity_id":"Q22662531","candidates":[]}],[{"start":0,"end":5,"url":null,"entity_id":"Q388","candidates":[]}],[{"start":0,"end":6,"url":null,"entity_id":"Q36","candidates":[]}]],[[{"start":0,"end":23,"url":null,"entity_id":"Q59591142","candidates":[]}],[{"start":0,"end":17,"url":null,"entity_id":"Q1406","candidates":[]}],[{"start":0,"end":6,"url":null,"entity_id":"Q34","candidates":[]}]],[[{"start":0,"end":26,"url":null,"entity_id":"Q59591141","candidates":[]}],[{"start":0,"end":17,"url":null,"entity_id":"Q1406","candidates":[]}],[{"start":0,"end":6,"url":null,"entity_id":"Q34","candidates":[]}]],[[{"start":0,"end":21,"url":null,"entity_id":"Q24952170","candidates":[]}],[{"start":0,"end":13,"url":null,"entity_id":"Q5014725","candidates":[]}],[{"start":0,"end":24,"url":null,"entity_id":"Q30","candidates":[]}]],[[{"start":0,"end":19,"url":null,"entity_id":"Q58447640","candidates":[]}],[{"start":0,"end":17,"url":null,"entity_id":"Q16338","candidates":[]}],[{"start":0,"end":24,"url":null,"entity_id":"Q30","candidates":[]}]],[[{"start":0,"end":27,"url":null,"entity_id":"Q19880755","candidates":[]}],[{"start":0,"end":13,"url":null,"entity_id":"Q10683","candidates":[]}],[{"start":0,"end":24,"url":null,"entity_id":"Q30","candidates":[]}]],[[{"start":0,"end":28,"url":null,"entity_id":"Q1115535","candidates":[]}],[{"start":0,"end":17,"url":null,"entity_id":"Q1406","candidates":[]}],[{"start":0,"end":14,"url":null,"entity_id":"Q145","candidates":[]}]],[[{"start":0,"end":28,"url":null,"entity_id":"Q1115485","candidates":[]}],[{"start":0,"end":17,"url":null,"entity_id":"Q1406","candidates":[]}],[{"start":0,"end":14,"url":null,"entity_id":"Q145","candidates":[]}]],[[{"start":0,"end":51,"url":null,"entity_id":"Q9358210","candidates":[]}],[{"start":0,"end":17,"url":null,"entity_id":"Q1406","candidates":[]}],[{"start":0,"end":7,"url":null,"entity_id":"Q183","candidates":[]}]],[[{"start":0,"end":23,"url":null,"entity_id":"Q4192385","candidates":[]}],[{"start":0,"end":17,"url":null,"entity_id":"Q1406","candidates":[]}],[{"start":0,"end":6,"url":null,"entity_id":"Q159","candidates":[]}]],[[{"start":0,"end":35,"url":null,"entity_id":"Q3640671","candidates":[]}],[{"start":0,"end":17,"url":null,"entity_id":"Q1406","candidates":[]}],[{"start":0,"end":14,"url":null,"entity_id":"Q145","candidates":[]}]],[[{"start":0,"end":24,"url":null,"entity_id":"Q4046326","candidates":[]}],[{"start":0,"end":17,"url":null,"entity_id":"Q1406","candidates":[]}],[{"start":0,"end":7,"url":null,"entity_id":"Q40","candidates":[]}]],[[{"start":0,"end":29,"url":null,"entity_id":"Q2662055","candidates":[]}],[{"start":0,"end":17,"url":null,"entity_id":"Q1406","candidates":[]}],[{"start":0,"end":7,"url":null,"entity_id":"Q183","candidates":[]}]],[[{"start":0,"end":33,"url":null,"entity_id":"Q2624373","candidates":[]}],[{"start":0,"end":17,"url":null,"entity_id":"Q1406","candidates":[]}],[{"start":0,"end":14,"url":null,"entity_id":"Q145","candidates":[]}]],[[{"start":0,"end":30,"url":null,"entity_id":"Q1995884","candidates":[]}],[{"start":0,"end":17,"url":null,"entity_id":"Q1406","candidates":[]}],[{"start":0,"end":24,"url":null,"entity_id":"Q30","candidates":[]}]],[[{"start":0,"end":36,"url":null,"entity_id":"Q64614890","candidates":[]}],[{"start":0,"end":8,"url":null,"entity_id":"Q13361286","candidates":[]}],[{"start":0,"end":24,"url":null,"entity_id":"Q30","candidates":[]}]],[[{"start":0,"end":7,"url":null,"entity_id":"Q64776870","candidates":[]}],[{"start":0,"end":13,"url":null,"entity_id":"Q5014725","candidates":[]}],[{"start":0,"end":24,"url":null,"entity_id":"Q30","candidates":[]}]]]}