{"version":"1.2","table":{"version":"2","table_id":"NHDX6WIV","columns":[{"index":0,"name":"col0","values":["Obigarm","Baghdad","Eski Yakkabog‘","Yugo-Kamsky","Bilgəh","Zabrat","Balaxanı","Xıllı","Quşçu","Goranboy","Qobustan","Ərçivan","Hindarx","Ceyranbatan","Lyntupy","Paryčy","Varapajeva","Mir","Liozna","Shyriaieve"]},{"index":1,"name":"col1","values":["Roghun District","Baghdad District","Yakkabog District","Permsky District","Sabunçu","Sabunçu","Sabunçu","Neftchala District","Dashkasan District","Goranboy District","Shamakhi District","Astara District","Agdam District","Absheron District","Lyntupy village council","Babruyski Uyezd","Pastavy District","Kareličy District","Liozna District","Shyriaieve municipality"]},{"index":2,"name":"col2","values":["Tajikistan","Uzbekistan","Uzbekistan","Russia","Azerbaijan","Azerbaijan","Azerbaijan","Azerbaijan","Azerbaijan","Azerbaijan","Azerbaijan","Azerbaijan","Azerbaijan","Azerbaijan","Belarus","Belarus","Belarus","Belarus","Belarus","Ukraine"]},{"index":3,"name":"col3","values":["UTC+05:00","UTC+05:00","UTC+05:00","UTC+05:00","UTC+04:00","UTC+04:00","UTC+04:00","UTC+04:00","UTC+04:00","UTC+04:00","UTC+04:00","UTC+04:00","UTC+04:00","UTC+04:00","UTC+03:00","UTC+03:00","UTC+03:00","UTC+03:00","UTC+03:00","UTC+02:00"]}]},"context":{"page_title":null,"page_url":null,"page_entity_id":null,"content_hierarchy":[]},"links":[[[{"start":0,"end":7,"url":null,"entity_id":"Q8214642","candidates":[]}],[{"start":0,"end":15,"url":null,"entity_id":"Q2669485","candidates":[]}],[{"start":0,"end":10,"url":null,"entity_id":"Q863","candidates":[]}],[{"start":0,"end":9,"url":null,"entity_id":"Q6806","candidates":[]}]],[[{"start":0,"end":7,"url":null,"entity_id":"Q4074732","candidates":[]}],[{"start":0,"end":16,"url":null,"entity_id":"Q3710677","candidates":[]}],[{"start":0,"end":10,"url":null,"entity_id":"Q265","candidates":[]}],[{"start":0,"end":9,"url":null,"entity_id":"Q6806","candidates":[]}]],[[{"start":0,"end":14,"url":null,"entity_id":"Q12104115","candidates":[]}],[{"start":0,"end":17,"url":null,"entity_id":"Q1645123","candidates":[]}],[{"start":0,"end":10,"url":null,"entity_id":"Q265","candidates":[]}],[{"start":0,"end":9,"url":null,"entity_id":"Q6806","candidates":[]}]],[[{"start":0,"end":11,"url":null,"entity_id":"Q4533677","candidates":[]}],[{"start":0,"end":16,"url":null,"entity_id":"Q1029289","candidates":[]}],[{"start":0,"end":6,"url":null,"entity_id":"Q159","candidates":[]}],[{"start":0,"end":9,"url":null,"entity_id":"Q6806","candidates":[]}]],[[{"start":0,"end":6,"url":null,"entity_id":"Q4026907","candidates":[]}],[{"start":0,"end":7,"url":null,"entity_id":"Q2210210","candidates":[]}],[{"start":0,"end":10,"url":null,"entity_id":"Q227","candidates":[]}],[{"start":0,"end":9,"url":null,"entity_id":"Q6779","candidates":[]}]],[[{"start":0,"end":6,"url":null,"entity_id":"Q4026836","candidates":[]}],[{"start":0,"end":7,"url":null,"entity_id":"Q2210210","candidates":[]}],[{"start":0,"end":10,"url":null,"entity_id":"Q227","candidates":[]}],[{"start":0,"end":9,"url":null,"entity_id":"Q6779","candidates":[]}]],[[{"start":0,"end":8,"url":null,"entity_id":"Q2081104","candidates":[]}],[{"start":0,"end":7,"url":null,"entity_id":"Q2210210","candidates":[]}],[{"start":0,"end":10,"url":null,"entity_id":"Q227","candidates":[]}],[{"start":0,"end":9,"url":null,"entity_id":"Q6779","candidates":[]}]],[[{"start":0,"end":5,"url":null,"entity_id":"Q4120919","candidates":[]}],[{"start":0,"end":18,"url":null,"entity_id":"Q688633","candidates":[]}],[{"start":0,"end":10,"url":null,"entity_id":"Q227","candidates":[]}],[{"start":0,"end":9,"url":null,"entity_id":"Q6779","candidates":[]}]],[[{"start":0,"end":5,"url":null,"entity_id":"Q4140286","candidates":[]}],[{"start":0,"end":18,"url":null,"entity_id":"Q457494","candidates":[]}],[{"start":0,"end":10,"url":null,"entity_id":"Q227","candidates":[]}],[{"start":0,"end":9,"url":null,"entity_id":"Q6779","candidates":[]}]],[[{"start":0,"end":8,"url":null,"entity_id":"Q2352148","candidates":[]}],[{"start":0,"end":17,"url":null,"entity_id":"Q330843","candidates":[]}],[{"start":0,"end":10,"url":null,"entity_id":"Q227","candidates":[]}],[{"start":0,"end":9,"url":null,"entity_id":"Q6779","candidates":[]}]],[[{"start":0,"end":8,"url":null,"entity_id":"Q764030","candidates":[]}],[{"start":0,"end":17,"url":null,"entity_id":"Q330839","candidates":[]}],[{"start":0,"end":10,"url":null,"entity_id":"Q227","candidates":[]}],[{"start":0,"end":9,"url":null,"entity_id":"Q6779","candidates":[]}]],[[{"start":0,"end":7,"url":null,"entity_id":"Q3678342","candidates":[]}],[{"start":0,"end":15,"url":null,"entity_id":"Q269680","candidates":[]}],[{"start":0,"end":10,"url":null,"entity_id":"Q227","candidates":[]}],[{"start":0,"end":9,"url":null,"entity_id":"Q6779","candidates":[]}]],[[{"start":0,"end":7,"url":null,"entity_id":"Q5765917","candidates":[]}],[{"start":0,"end":14,"url":null,"entity_id":"Q201647","candidates":[]}],[{"start":0,"end":10,"url":null,"entity_id":"Q227","candidates":[]}],[{"start":0,"end":9,"url":null,"entity_id":"Q6779","candidates":[]}]],[[{"start":0,"end":11,"url":null,"entity_id":"Q4120924","candidates":[]}],[{"start":0,"end":17,"url":null,"entity_id":"Q179538","candidates":[]}],[{"start":0,"end":10,"url":null,"entity_id":"Q227","candidates":[]}],[{"start":0,"end":9,"url":null,"entity_id":"Q6779","candidates":[]}]],[[{"start":0,"end":7,"url":null,"entity_id":"Q2657182","candidates":[]}],[{"start":0,"end":23,"url":null,"entity_id":"Q3918936","candidates":[]}],[{"start":0,"end":7,"url":null,"entity_id":"Q184","candidates":[]}],[{"start":0,"end":9,"url":null,"entity_id":"Q6760","candidates":[]}]],[[{"start":0,"end":6,"url":null,"entity_id":"Q2471796","candidates":[]}],[{"start":0,"end":15,"url":null,"entity_id":"Q2075259","candidates":[]}],[{"start":0,"end":7,"url":null,"entity_id":"Q184","candidates":[]}],[{"start":0,"end":9,"url":null,"entity_id":"Q6760","candidates":[]}]],[[{"start":0,"end":10,"url":null,"entity_id":"Q2471884","candidates":[]}],[{"start":0,"end":16,"url":null,"entity_id":"Q2023948","candidates":[]}],[{"start":0,"end":7,"url":null,"entity_id":"Q184","candidates":[]}],[{"start":0,"end":9,"url":null,"entity_id":"Q6760","candidates":[]}]],[[{"start":0,"end":3,"url":null,"entity_id":"Q922668","candidates":[]}],[{"start":0,"end":17,"url":null,"entity_id":"Q1953342","candidates":[]}],[{"start":0,"end":7,"url":null,"entity_id":"Q184","candidates":[]}],[{"start":0,"end":9,"url":null,"entity_id":"Q6760","candidates":[]}]],[[{"start":0,"end":6,"url":null,"entity_id":"Q1025872","candidates":[]}],[{"start":0,"end":15,"url":null,"entity_id":"Q1388657","candidates":[]}],[{"start":0,"end":7,"url":null,"entity_id":"Q184","candidates":[]}],[{"start":0,"end":9,"url":null,"entity_id":"Q6760","candidates":[]}]],[[{"start":0,"end":10,"url":null,"entity_id":"Q2993511","candidates":[]}],[{"start":0,"end":23,"url":null,"entity_id":"Q29650270","candidates":[]}],[{"start":0,"end":7,"url":null,"entity_id":"Q212","candidates":[]}],[{"start":0,"end":9,"url":null,"entity_id":"Q6723","candidates":[]}]]]}