{"version":"1.2","table":{"version":"2","table_id":"NHN5LEWV","columns":[{"index":0,"name":"col0","values":["HD 200391","EK Draconis","AS Dra","AK Pictoris","AH Lep","AF Lep","39 Ser","24 LMi","16 Ursae Majoris","15 Leonis Minoris","10 Canum Venaticorum","HD 34328","HD 55575","HD 9562","HD 189567","Nu2 Lupi","COROT-1","WASP-12","HD 213240","Beta Canum Venaticorum"]},{"index":1,"name":"col1","values":["50.7823","34.4502","43.0008","20.9177","57.9096","26.8773","17.3662","33.2993","19.6589","18.9038","17.5652","73.0983","16.8671","29.7346","17.9148","14.6882","805.283","432.489","40.919","8.6111"]},{"index":2,"name":"col2","values":["9300","22400","31600","41000","52000","22000","28000","11500","13200","14000","24000","7800","19000","10700","26550","24830","20400","16600","13060","23400"]},{"index":3,"name":"col3","values":["7.65","0.05","-0.6","-0.18","0.15","0.55","7.04","0","7.52","0.11","-0.58","-1.71","-0.34","0.19","-0.2","-0.28","0.03","0.21","0.01","-0.22"]}]},"context":{"page_title":null,"page_url":null,"page_entity_id":null,"content_hierarchy":[]},"links":[[[{"start":0,"end":9,"url":null,"entity_id":"Q5816249","candidates":[]}],[],[],[]],[[{"start":0,"end":11,"url":null,"entity_id":"Q5816142","candidates":[]}],[],[],[]],[[{"start":0,"end":6,"url":null,"entity_id":"Q5653974","candidates":[]}],[],[],[]],[[{"start":0,"end":11,"url":null,"entity_id":"Q5653661","candidates":[]}],[],[],[]],[[{"start":0,"end":6,"url":null,"entity_id":"Q5653637","candidates":[]}],[],[],[]],[[{"start":0,"end":6,"url":null,"entity_id":"Q5653615","candidates":[]}],[],[],[]],[[{"start":0,"end":6,"url":null,"entity_id":"Q5652158","candidates":[]}],[],[],[]],[[{"start":0,"end":6,"url":null,"entity_id":"Q5651715","candidates":[]}],[],[],[]],[[{"start":0,"end":16,"url":null,"entity_id":"Q5650939","candidates":[]}],[],[],[]],[[{"start":0,"end":17,"url":null,"entity_id":"Q5650548","candidates":[]}],[],[],[]],[[{"start":0,"end":20,"url":null,"entity_id":"Q5649687","candidates":[]}],[],[],[]],[[{"start":0,"end":8,"url":null,"entity_id":"Q5639569","candidates":[]}],[],[],[]],[[{"start":0,"end":8,"url":null,"entity_id":"Q5489466","candidates":[]}],[],[],[]],[[{"start":0,"end":7,"url":null,"entity_id":"Q3781976","candidates":[]}],[],[],[]],[[{"start":0,"end":9,"url":null,"entity_id":"Q2894204","candidates":[]}],[],[],[]],[[{"start":0,"end":8,"url":null,"entity_id":"Q2661089","candidates":[]}],[],[],[]],[[{"start":0,"end":7,"url":null,"entity_id":"Q1104066","candidates":[]}],[],[],[]],[[{"start":0,"end":7,"url":null,"entity_id":"Q135124","candidates":[]}],[],[],[]],[[{"start":0,"end":9,"url":null,"entity_id":"Q130689","candidates":[]}],[],[],[]],[[{"start":0,"end":22,"url":null,"entity_id":"Q44409","candidates":[]}],[],[],[]]]}