{"version":"1.2","table":{"version":"2","table_id":"NILDPWB7","columns":[{"index":0,"name":"col0","values":["Offenlandbereich Kleinsorge östlich Nierentrop","Offenlandbereich Twismecke nordwestlich Nierentrop","Offenlandbereich Rimberg","Offenland um Esshoff","Kulturlandschaftskomplex Nordenau-Nesselbach","Freiflächen Thülener Bruch/Schwarzes Haupt/Rösenbeck","Freiflächen westlich Thülen","Freiflächen östlich Thülen","Offenland zwischen Ebbinghof und Wormbacher Mühle","Ortsrandlage Hanxleden","Ortsrandlage Föckinghausen","Offenlandkomplex um Wülfte/Briloner Hochfläche","Briloner Hochfläche","Talraum südlich Grevenstein","Talraum südwestlich Grevenstein","Offenlandkomplex um Berlar","Talraum nördlich Berge","Obermöhne-/Almewald und Almer Quellgrund","Offenlandbereich Lehmke nordwestlich Altenilpe","Offenlandbereich Hengsiepen nördlich Altenilpe"]},{"index":1,"name":"col1","values":["27.73","33.46","4.63","17.23","112.74","403.44","71.8","105.65","43.13","4.41","22.43","710.63","1382.8","2.561","7.3415","122.31","24.9551","3040.46","17.16","1.22"]},{"index":2,"name":"col2","values":["Nierentrop","Nierentrop","Rimberg","Esshoff","Nordenau","Thülen","Thülen","Thülen","Ebbinghof","Hanxleden","Föckinghausen","Brilon Plateau","Brilon Plateau","Grevenstein","Grevenstein","Berlar","Berge","Alme","Altenilpe","Altenilpe"]}]},"context":{"page_title":null,"page_url":null,"page_entity_id":null,"content_hierarchy":[]},"links":[[[{"start":0,"end":46,"url":null,"entity_id":"Q29043479","candidates":[]}],[],[{"start":0,"end":10,"url":null,"entity_id":"Q1524435","candidates":[]}]],[[{"start":0,"end":50,"url":null,"entity_id":"Q29042699","candidates":[]}],[],[{"start":0,"end":10,"url":null,"entity_id":"Q1524435","candidates":[]}]],[[{"start":0,"end":24,"url":null,"entity_id":"Q29042709","candidates":[]}],[],[{"start":0,"end":7,"url":null,"entity_id":"Q1411067","candidates":[]}]],[[{"start":0,"end":20,"url":null,"entity_id":"Q29463892","candidates":[]}],[],[{"start":0,"end":7,"url":null,"entity_id":"Q1368836","candidates":[]}]],[[{"start":0,"end":44,"url":null,"entity_id":"Q29051444","candidates":[]}],[],[{"start":0,"end":8,"url":null,"entity_id":"Q1300061","candidates":[]}]],[[{"start":0,"end":52,"url":null,"entity_id":"Q29446655","candidates":[]}],[],[{"start":0,"end":6,"url":null,"entity_id":"Q1283272","candidates":[]}]],[[{"start":0,"end":27,"url":null,"entity_id":"Q29445465","candidates":[]}],[],[{"start":0,"end":6,"url":null,"entity_id":"Q1283272","candidates":[]}]],[[{"start":0,"end":26,"url":null,"entity_id":"Q29445339","candidates":[]}],[],[{"start":0,"end":6,"url":null,"entity_id":"Q1283272","candidates":[]}]],[[{"start":0,"end":49,"url":null,"entity_id":"Q29043197","candidates":[]}],[],[{"start":0,"end":9,"url":null,"entity_id":"Q1278536","candidates":[]}]],[[{"start":0,"end":22,"url":null,"entity_id":"Q29045134","candidates":[]}],[],[{"start":0,"end":9,"url":null,"entity_id":"Q1264221","candidates":[]}]],[[{"start":0,"end":26,"url":null,"entity_id":"Q29045130","candidates":[]}],[],[{"start":0,"end":13,"url":null,"entity_id":"Q1124848","candidates":[]}]],[[{"start":0,"end":46,"url":null,"entity_id":"Q29463757","candidates":[]}],[],[{"start":0,"end":14,"url":null,"entity_id":"Q917239","candidates":[]}]],[[{"start":0,"end":19,"url":null,"entity_id":"Q29448592","candidates":[]}],[],[{"start":0,"end":14,"url":null,"entity_id":"Q917239","candidates":[]}]],[[{"start":0,"end":27,"url":null,"entity_id":"Q31608043","candidates":[]}],[],[{"start":0,"end":11,"url":null,"entity_id":"Q882426","candidates":[]}]],[[{"start":0,"end":31,"url":null,"entity_id":"Q31608032","candidates":[]}],[],[{"start":0,"end":11,"url":null,"entity_id":"Q882426","candidates":[]}]],[[{"start":0,"end":26,"url":null,"entity_id":"Q30335873","candidates":[]}],[],[{"start":0,"end":6,"url":null,"entity_id":"Q820982","candidates":[]}]],[[{"start":0,"end":22,"url":null,"entity_id":"Q31608208","candidates":[]}],[],[{"start":0,"end":5,"url":null,"entity_id":"Q819472","candidates":[]}]],[[{"start":0,"end":40,"url":null,"entity_id":"Q29448363","candidates":[]}],[],[{"start":0,"end":4,"url":null,"entity_id":"Q562271","candidates":[]}]],[[{"start":0,"end":46,"url":null,"entity_id":"Q29043483","candidates":[]}],[],[{"start":0,"end":9,"url":null,"entity_id":"Q437285","candidates":[]}]],[[{"start":0,"end":46,"url":null,"entity_id":"Q29043473","candidates":[]}],[],[{"start":0,"end":9,"url":null,"entity_id":"Q437285","candidates":[]}]]]}