{"version":"1.2","table":{"version":"2","table_id":"NLJU6G4X","columns":[{"index":0,"name":"col0","values":["HD 238026","V* CG Cen","V* BQ Cen","PPM 788670","V* V2005 Cyg","[H97b] 10072","V* V1683 Cyg","V* BH Lac","BD+49 3905","V* V396 Lac","V538 Cas","HD 170783","V422 Lac","V379 And","V1001 Cen","HD 200352","LO Aqr","HD 75112","9 Boötis","V* V558 Mon"]},{"index":1,"name":"col1","values":["58.444477503993","-55.3286882663127","-50.6223146656501","-89.3662063057037","31.4048611398975","-5.6376056676674","40.9364186256258","51.5075650353556","50.5948900020045","44.0646038599835","61.7178908259106","4.6269537319927","47.9300703621212","46.923613546565","-55.8822587490791","23.3242703524655","-7.5665280165679","-34.6229447258525","27.4920792052781","5.600478589927"]},{"index":2,"name":"col2","values":["130.7002","137.7828","775.9156","2279.462","1583.0299","424.2861","996.1152","1343.7248","688.1839","273.1121","493.3399","550.3274","843.6683","1117.5682","653.8939","269.9711","84.804","468.1429","192.3447","1172.7454"]},{"index":3,"name":"col3","values":["9.71","14.3","12.19","10.6","10.155","20.435","14.98","11.74","8.62","10.03","7.8","7.73","7.85","7.71","7.3","7.424","7.47","6.324","5","12.086"]}]},"context":{"page_title":null,"page_url":null,"page_entity_id":null,"content_hierarchy":[]},"links":[[[{"start":0,"end":9,"url":null,"entity_id":"Q76366804","candidates":[]}],[],[],[]],[[{"start":0,"end":9,"url":null,"entity_id":"Q76349996","candidates":[]}],[],[],[]],[[{"start":0,"end":10,"url":null,"entity_id":"Q75260881","candidates":[]}],[],[],[]],[[{"start":0,"end":12,"url":null,"entity_id":"Q75157968","candidates":[]}],[],[],[]],[[{"start":0,"end":12,"url":null,"entity_id":"Q74714808","candidates":[]}],[],[],[]],[[{"start":0,"end":12,"url":null,"entity_id":"Q74301617","candidates":[]}],[],[],[]],[[{"start":0,"end":9,"url":null,"entity_id":"Q74250751","candidates":[]}],[],[],[]],[[{"start":0,"end":10,"url":null,"entity_id":"Q74129078","candidates":[]}],[],[],[]],[[{"start":0,"end":11,"url":null,"entity_id":"Q74054445","candidates":[]}],[],[],[]],[[{"start":0,"end":8,"url":null,"entity_id":"Q66630479","candidates":[]}],[],[],[]],[[{"start":0,"end":9,"url":null,"entity_id":"Q66630478","candidates":[]}],[],[],[]],[[{"start":0,"end":8,"url":null,"entity_id":"Q66630477","candidates":[]}],[],[],[]],[[{"start":0,"end":8,"url":null,"entity_id":"Q66630475","candidates":[]}],[],[],[]],[[{"start":0,"end":9,"url":null,"entity_id":"Q66610610","candidates":[]}],[],[],[]],[[{"start":0,"end":9,"url":null,"entity_id":"Q66610589","candidates":[]}],[],[],[]],[[{"start":0,"end":6,"url":null,"entity_id":"Q66610587","candidates":[]}],[],[],[]],[[{"start":0,"end":8,"url":null,"entity_id":"Q10850457","candidates":[]}],[],[],[]],[[{"start":0,"end":8,"url":null,"entity_id":"Q1749010","candidates":[]}],[],[],[]],[[{"start":0,"end":11,"url":null,"entity_id":"Q87068095","candidates":[]}],[],[],[]],[[{"start":0,"end":9,"url":null,"entity_id":"Q77908944","candidates":[]}],[],[],[]]]}