{"version":"1.2","table":{"version":"2","table_id":"NLPYCKRS","columns":[{"index":0,"name":"col0","values":["University of North Carolina at Chapel Hill","University of Wisconsin–Madison","University of Virginia","Purdue University","Wayne State University","Wichita State University","Florida Atlantic University","University of Illinois at Urbana–Champaign","James Madison University","University of California, Santa Barbara","Michigan State University","Northern Arizona University","University of Cincinnati","University of Central Florida","University of Utah","University of California, Davis","University of California, Berkeley","Ohio State University","University of Maryland","University of Louisiana at Lafayette"]},{"index":1,"name":"col1","values":["Carmichael Arena","Camp Randall Stadium","Scott Stadium","Ross–Ade Stadium","The South End","Cessna Stadium","FAU Baseball Stadium","Memorial Stadium","Bridgeforth Stadium and Zane Showker Field","Caesar Uyesaka Stadium","H-Net","KLJX-LP","Nippert Stadium","Spectrum Stadium","Rice–Eccles Stadium","Aggie Field","California Memorial Stadium","Value City Arena","Cole Field House","Cajundome"]},{"index":2,"name":"col2","values":["Cecil G. Sheps Center for Health Services Research, University of North Carolina, Chapel Hill","Morgridge Institute for Research","Department of Urology, University of Virginia","Indiana University – Purdue University Indianapolis","Eugene Applebaum College of Pharmacy and Health Sciences, Wayne State University","Kansas Space Grant Consortium","Harbor Branch Oceanographic Institute","Beckman Institute for Advanced Science and Technology","James Madison University Carrier Library","Department of Black Studies, University of California, Santa Barbara","McLaren Flint","Cline Library","Department of Sociology, McMicken College of Arts and Sciences","Florida Space Grant Consortium","Utah Space Grant Consortium","Western Integrated Pest Management Center","International Computer Science Institute","Ohio State University, Newark Campus","University of Maryland College of Agriculture and Natural Resources","Center for Ecology and Environmental Technology, University of Louisiana at Lafayette"]}]},"context":{"page_title":null,"page_url":null,"page_entity_id":null,"content_hierarchy":[]},"links":[[[{"start":0,"end":31,"url":null,"entity_id":"Q838330","candidates":[]}],[{"start":0,"end":20,"url":null,"entity_id":"Q1029941","candidates":[]}],[{"start":0,"end":32,"url":null,"entity_id":"Q6912075","candidates":[]}]],[[{"start":0,"end":22,"url":null,"entity_id":"Q213439","candidates":[]}],[{"start":0,"end":13,"url":null,"entity_id":"Q1133538","candidates":[]}],[{"start":0,"end":45,"url":null,"entity_id":"Q5260525","candidates":[]}]],[[{"start":0,"end":17,"url":null,"entity_id":"Q217741","candidates":[]}],[{"start":0,"end":16,"url":null,"entity_id":"Q3442733","candidates":[]}],[{"start":0,"end":51,"url":null,"entity_id":"Q1433199","candidates":[]}]],[[{"start":0,"end":22,"url":null,"entity_id":"Q349055","candidates":[]}],[{"start":0,"end":13,"url":null,"entity_id":"Q7765552","candidates":[]}],[{"start":0,"end":80,"url":null,"entity_id":"Q45137770","candidates":[]}]],[[{"start":0,"end":24,"url":null,"entity_id":"Q429561","candidates":[]}],[{"start":0,"end":14,"url":null,"entity_id":"Q5065580","candidates":[]}],[{"start":0,"end":29,"url":null,"entity_id":"Q30264509","candidates":[]}]],[[{"start":0,"end":27,"url":null,"entity_id":"Q429863","candidates":[]}],[{"start":0,"end":20,"url":null,"entity_id":"Q5424509","candidates":[]}],[{"start":0,"end":37,"url":null,"entity_id":"Q5654568","candidates":[]}]],[[{"start":0,"end":42,"url":null,"entity_id":"Q457281","candidates":[]}],[{"start":0,"end":16,"url":null,"entity_id":"Q3305514","candidates":[]}],[{"start":0,"end":53,"url":null,"entity_id":"Q4878755","candidates":[]}]],[[{"start":0,"end":24,"url":null,"entity_id":"Q258943","candidates":[]}],[{"start":0,"end":42,"url":null,"entity_id":"Q4966496","candidates":[]}],[{"start":0,"end":40,"url":null,"entity_id":"Q61997278","candidates":[]}]],[[{"start":0,"end":39,"url":null,"entity_id":"Q263064","candidates":[]}],[{"start":0,"end":22,"url":null,"entity_id":"Q5017010","candidates":[]}],[{"start":0,"end":68,"url":null,"entity_id":"Q45132253","candidates":[]}]],[[{"start":0,"end":25,"url":null,"entity_id":"Q270222","candidates":[]}],[{"start":0,"end":5,"url":null,"entity_id":"Q1562467","candidates":[]}],[{"start":0,"end":13,"url":null,"entity_id":"Q6802077","candidates":[]}]],[[{"start":0,"end":27,"url":null,"entity_id":"Q139901","candidates":[]}],[{"start":0,"end":7,"url":null,"entity_id":"Q6331299","candidates":[]}],[{"start":0,"end":13,"url":null,"entity_id":"Q80881236","candidates":[]}]],[[{"start":0,"end":24,"url":null,"entity_id":"Q153265","candidates":[]}],[{"start":0,"end":15,"url":null,"entity_id":"Q3342107","candidates":[]}],[{"start":0,"end":62,"url":null,"entity_id":"Q45134530","candidates":[]}]],[[{"start":0,"end":29,"url":null,"entity_id":"Q143451","candidates":[]}],[{"start":0,"end":16,"url":null,"entity_id":"Q2925356","candidates":[]}],[{"start":0,"end":30,"url":null,"entity_id":"Q30297036","candidates":[]}]],[[{"start":0,"end":18,"url":null,"entity_id":"Q168515","candidates":[]}],[{"start":0,"end":19,"url":null,"entity_id":"Q922761","candidates":[]}],[{"start":0,"end":27,"url":null,"entity_id":"Q30296549","candidates":[]}]],[[{"start":0,"end":31,"url":null,"entity_id":"Q129421","candidates":[]}],[{"start":0,"end":11,"url":null,"entity_id":"Q4692207","candidates":[]}],[{"start":0,"end":41,"url":null,"entity_id":"Q30264189","candidates":[]}]],[[{"start":0,"end":34,"url":null,"entity_id":"Q168756","candidates":[]}],[{"start":0,"end":27,"url":null,"entity_id":"Q1026837","candidates":[]}],[{"start":0,"end":40,"url":null,"entity_id":"Q6049553","candidates":[]}]],[[{"start":0,"end":21,"url":null,"entity_id":"Q309331","candidates":[]}],[{"start":0,"end":16,"url":null,"entity_id":"Q783033","candidates":[]}],[{"start":0,"end":36,"url":null,"entity_id":"Q7080963","candidates":[]}]],[[{"start":0,"end":22,"url":null,"entity_id":"Q503415","candidates":[]}],[{"start":0,"end":16,"url":null,"entity_id":"Q5142641","candidates":[]}],[{"start":0,"end":67,"url":null,"entity_id":"Q7895681","candidates":[]}]],[[{"start":0,"end":36,"url":null,"entity_id":"Q116485","candidates":[]}],[{"start":0,"end":9,"url":null,"entity_id":"Q1026099","candidates":[]}],[{"start":0,"end":85,"url":null,"entity_id":"Q45132447","candidates":[]}]],[[{"start":0,"end":43,"url":null,"entity_id":"Q192334","candidates":[]}],[{"start":0,"end":16,"url":null,"entity_id":"Q5043658","candidates":[]}],[{"start":0,"end":93,"url":null,"entity_id":"Q45134461","candidates":[]}]]]}