{"version":"1.2","table":{"version":"2","table_id":"NMQVN4NQ","columns":[{"index":0,"name":"col0","values":["Birth#house of Sigmund Freud","Casa natal de Almeia Garrett","A. P. Carter Hoeplace","Atatürk Mseum","Maison natale Louis-Fréchettg","Cas natal de Goya","Rachel Carson Hpmestead","Maison natae de Colette","Maison natale de Paul Coaudel","birthplace oi Roald Reagan","Katherne Mansfield Birthplae","Casa Naval Juan Ramón Jiménez","Birthplace o Alexander VI","birhplace of Franz Liszt","Maison natale de Eom Mabillon","WheelerMinot Farmhouse","Tera Rubra","Abraham Lincoln Birthplace Nationl Historical Park","Martin Luther's Bith House","Birthplbce of Esprit Fléchier"]},{"index":1,"name":"col1","values":["cultural monument of the Czech Republic","Included in protected site","Virginia Historic Landmark","protected building in Greece","classified heritage immovable","Bien de Interés Cultural","place listed on the National Register of Historic Places","registered historic monument","registered historic monument","NRHP contributing property","NZHPT Category I listing","Bien de Interés Cultural","Bien de Interés Cultural","Denkmalgeschütztes Objekt","registered historic monument","place listed on the National Register of Historic Places","place listed on the National Register of Historic Places","place listed on the National Register of Historic Places","Kulturdenkmal","registered historic monument"]},{"index":2,"name":"col2","values":["Příbor","Cedofeita, Santo Ildefonso, Sé, Miragaia, São Nicolau e Vitória","Maces Spring","Municipality of Thessaloniki","Desjardins","Fuendetodos","Springdale","Saint-Sauveur-en-Puisaye","Villeneuve-sur-Fère","Tampico","Wellington Region","Moguer","Xàtiva","Raiding","Saint-Pierremont","Concord","Carroll County","LaRue County","Lutherstadt Eisleben","Pernes-les-Fontaines"]}]},"context":{"page_title":null,"page_url":null,"page_entity_id":null,"content_hierarchy":[]},"links":[[[{"start":0,"end":28,"url":null,"entity_id":"Q12039013","candidates":[]}],[{"start":0,"end":39,"url":null,"entity_id":"Q385405","candidates":[]}],[{"start":0,"end":6,"url":null,"entity_id":"Q56416193","candidates":[]}]],[[{"start":0,"end":28,"url":null,"entity_id":"Q1478400","candidates":[]}],[{"start":0,"end":26,"url":null,"entity_id":"Q53806418","candidates":[]}],[{"start":0,"end":63,"url":null,"entity_id":"Q15905280","candidates":[]}]],[[{"start":0,"end":21,"url":null,"entity_id":"Q15177521","candidates":[]}],[{"start":0,"end":26,"url":null,"entity_id":"Q7934314","candidates":[]}],[{"start":0,"end":12,"url":null,"entity_id":"Q6723262","candidates":[]}]],[[{"start":0,"end":13,"url":null,"entity_id":"Q753756","candidates":[]}],[{"start":0,"end":28,"url":null,"entity_id":"Q29048696","candidates":[]}],[{"start":0,"end":28,"url":null,"entity_id":"Q6627746","candidates":[]}]],[[{"start":0,"end":29,"url":null,"entity_id":"Q3280237","candidates":[]}],[{"start":0,"end":29,"url":null,"entity_id":"Q13789518","candidates":[]}],[{"start":0,"end":10,"url":null,"entity_id":"Q3024465","candidates":[]}]],[[{"start":0,"end":17,"url":null,"entity_id":"Q5755635","candidates":[]}],[{"start":0,"end":24,"url":null,"entity_id":"Q23712","candidates":[]}],[{"start":0,"end":11,"url":null,"entity_id":"Q1372769","candidates":[]}]],[[{"start":0,"end":23,"url":null,"entity_id":"Q7279187","candidates":[]}],[{"start":0,"end":56,"url":null,"entity_id":"Q19558910","candidates":[]}],[{"start":0,"end":10,"url":null,"entity_id":"Q1180631","candidates":[]}]],[[{"start":0,"end":23,"url":null,"entity_id":"Q13518333","candidates":[]}],[{"start":0,"end":28,"url":null,"entity_id":"Q10387575","candidates":[]}],[{"start":0,"end":24,"url":null,"entity_id":"Q1141101","candidates":[]}]],[[{"start":0,"end":29,"url":null,"entity_id":"Q3280240","candidates":[]}],[{"start":0,"end":28,"url":null,"entity_id":"Q10387575","candidates":[]}],[{"start":0,"end":19,"url":null,"entity_id":"Q995372","candidates":[]}]],[[{"start":0,"end":26,"url":null,"entity_id":"Q4917087","candidates":[]}],[{"start":0,"end":26,"url":null,"entity_id":"Q1129142","candidates":[]}],[{"start":0,"end":7,"url":null,"entity_id":"Q986310","candidates":[]}]],[[{"start":0,"end":28,"url":null,"entity_id":"Q6376474","candidates":[]}],[{"start":0,"end":24,"url":null,"entity_id":"Q28822544","candidates":[]}],[{"start":0,"end":17,"url":null,"entity_id":"Q856010","candidates":[]}]],[[{"start":0,"end":29,"url":null,"entity_id":"Q5754440","candidates":[]}],[{"start":0,"end":24,"url":null,"entity_id":"Q23712","candidates":[]}],[{"start":0,"end":6,"url":null,"entity_id":"Q785888","candidates":[]}]],[[{"start":0,"end":25,"url":null,"entity_id":"Q13553913","candidates":[]}],[{"start":0,"end":24,"url":null,"entity_id":"Q23712","candidates":[]}],[{"start":0,"end":6,"url":null,"entity_id":"Q738013","candidates":[]}]],[[{"start":0,"end":24,"url":null,"entity_id":"Q1445881","candidates":[]}],[{"start":0,"end":25,"url":null,"entity_id":"Q1188447","candidates":[]}],[{"start":0,"end":7,"url":null,"entity_id":"Q660821","candidates":[]}]],[[{"start":0,"end":29,"url":null,"entity_id":"Q3280229","candidates":[]}],[{"start":0,"end":28,"url":null,"entity_id":"Q10387575","candidates":[]}],[{"start":0,"end":16,"url":null,"entity_id":"Q609054","candidates":[]}]],[[{"start":0,"end":22,"url":null,"entity_id":"Q6948294","candidates":[]}],[{"start":0,"end":56,"url":null,"entity_id":"Q19558910","candidates":[]}],[{"start":0,"end":7,"url":null,"entity_id":"Q523240","candidates":[]}]],[[{"start":0,"end":10,"url":null,"entity_id":"Q653553","candidates":[]}],[{"start":0,"end":56,"url":null,"entity_id":"Q19558910","candidates":[]}],[{"start":0,"end":14,"url":null,"entity_id":"Q501323","candidates":[]}]],[[{"start":0,"end":50,"url":null,"entity_id":"Q181471","candidates":[]}],[{"start":0,"end":56,"url":null,"entity_id":"Q19558910","candidates":[]}],[{"start":0,"end":12,"url":null,"entity_id":"Q498128","candidates":[]}]],[[{"start":0,"end":26,"url":null,"entity_id":"Q1436503","candidates":[]}],[{"start":0,"end":13,"url":null,"entity_id":"Q11691318","candidates":[]}],[{"start":0,"end":20,"url":null,"entity_id":"Q484870","candidates":[]}]],[[{"start":0,"end":29,"url":null,"entity_id":"Q15952657","candidates":[]}],[{"start":0,"end":28,"url":null,"entity_id":"Q10387575","candidates":[]}],[{"start":0,"end":20,"url":null,"entity_id":"Q472574","candidates":[]}]]]}