{"version":"1.2","table":{"version":"2","table_id":"NNDWHUDQ","columns":[{"index":0,"name":"col0","values":["Hantsavichy","Byelaazyorsk","Krychaw","Navahrudak","Nyasvizh","Slonim","Vietka","Dzyatlava","Vysokaye","Davyd-Haradok","Kobryn","Rahachow","Chavusy","Horki","Verchniadzvinsk","Syanno","Haradok","Hlybokaye","Byaroza","Vawkavysk"]},{"index":1,"name":"col1","values":["The population as of January 1, 2016 and the average annual population for 2015 in the Republic of Belarus by regions, districts, cities and urban-type settlements","The population as of January 1, 2016 and the average annual population for 2015 in the Republic of Belarus by regions, districts, cities and urban-type settlements","The population as of January 1, 2016 and the average annual population for 2015 in the Republic of Belarus by regions, districts, cities and urban-type settlements","New Encyclopedic Dictionary","New Encyclopedic Dictionary","Jewish Encyclopedia of Brockhaus and Efron","Jewish Encyclopedia of Brockhaus and Efron","Brockhaus and Efron Encyclopedic Dictionary","Brockhaus and Efron Encyclopedic Dictionary","Brockhaus and Efron Encyclopedic Dictionary","Brockhaus and Efron Encyclopedic Dictionary","Brockhaus and Efron Encyclopedic Dictionary","Brockhaus and Efron Encyclopedic Dictionary","Brockhaus and Efron Encyclopedic Dictionary","Brockhaus and Efron Encyclopedic Dictionary","Brockhaus and Efron Encyclopedic Dictionary","Brockhaus and Efron Encyclopedic Dictionary","Brockhaus and Efron Encyclopedic Dictionary","Brockhaus and Efron Encyclopedic Dictionary","Brockhaus and Efron Encyclopedic Dictionary"]},{"index":2,"name":"col2","values":["13925","12304","26007","29336","14033","49894","7927","7764","5301","6389","52711","34476","5550","32777","7300","8000","12300","18700","29441","44084"]}]},"context":{"page_title":null,"page_url":null,"page_entity_id":null,"content_hierarchy":[]},"links":[[[{"start":0,"end":11,"url":null,"entity_id":"Q956470","candidates":[]}],[{"start":0,"end":163,"url":null,"entity_id":"Q59353959","candidates":[]}],[]],[[{"start":0,"end":12,"url":null,"entity_id":"Q956460","candidates":[]}],[{"start":0,"end":163,"url":null,"entity_id":"Q59353959","candidates":[]}],[]],[[{"start":0,"end":7,"url":null,"entity_id":"Q954914","candidates":[]}],[{"start":0,"end":163,"url":null,"entity_id":"Q59353959","candidates":[]}],[]],[[{"start":0,"end":10,"url":null,"entity_id":"Q278743","candidates":[]}],[{"start":0,"end":27,"url":null,"entity_id":"Q19190511","candidates":[]}],[]],[[{"start":0,"end":8,"url":null,"entity_id":"Q201230","candidates":[]}],[{"start":0,"end":27,"url":null,"entity_id":"Q19190511","candidates":[]}],[]],[[{"start":0,"end":6,"url":null,"entity_id":"Q863576","candidates":[]}],[{"start":0,"end":42,"url":null,"entity_id":"Q4173137","candidates":[]}],[]],[[{"start":0,"end":6,"url":null,"entity_id":"Q518559","candidates":[]}],[{"start":0,"end":42,"url":null,"entity_id":"Q4173137","candidates":[]}],[]],[[{"start":0,"end":9,"url":null,"entity_id":"Q1025883","candidates":[]}],[{"start":0,"end":43,"url":null,"entity_id":"Q602358","candidates":[]}],[]],[[{"start":0,"end":8,"url":null,"entity_id":"Q956627","candidates":[]}],[{"start":0,"end":43,"url":null,"entity_id":"Q602358","candidates":[]}],[]],[[{"start":0,"end":13,"url":null,"entity_id":"Q956621","candidates":[]}],[{"start":0,"end":43,"url":null,"entity_id":"Q602358","candidates":[]}],[]],[[{"start":0,"end":6,"url":null,"entity_id":"Q955992","candidates":[]}],[{"start":0,"end":43,"url":null,"entity_id":"Q602358","candidates":[]}],[]],[[{"start":0,"end":8,"url":null,"entity_id":"Q955468","candidates":[]}],[{"start":0,"end":43,"url":null,"entity_id":"Q602358","candidates":[]}],[]],[[{"start":0,"end":7,"url":null,"entity_id":"Q955113","candidates":[]}],[{"start":0,"end":43,"url":null,"entity_id":"Q602358","candidates":[]}],[]],[[{"start":0,"end":5,"url":null,"entity_id":"Q954812","candidates":[]}],[{"start":0,"end":43,"url":null,"entity_id":"Q602358","candidates":[]}],[]],[[{"start":0,"end":15,"url":null,"entity_id":"Q954610","candidates":[]}],[{"start":0,"end":43,"url":null,"entity_id":"Q602358","candidates":[]}],[]],[[{"start":0,"end":6,"url":null,"entity_id":"Q954519","candidates":[]}],[{"start":0,"end":43,"url":null,"entity_id":"Q602358","candidates":[]}],[]],[[{"start":0,"end":7,"url":null,"entity_id":"Q954265","candidates":[]}],[{"start":0,"end":43,"url":null,"entity_id":"Q602358","candidates":[]}],[]],[[{"start":0,"end":9,"url":null,"entity_id":"Q954114","candidates":[]}],[{"start":0,"end":43,"url":null,"entity_id":"Q602358","candidates":[]}],[]],[[{"start":0,"end":7,"url":null,"entity_id":"Q879406","candidates":[]}],[{"start":0,"end":43,"url":null,"entity_id":"Q602358","candidates":[]}],[]],[[{"start":0,"end":9,"url":null,"entity_id":"Q739491","candidates":[]}],[{"start":0,"end":43,"url":null,"entity_id":"Q602358","candidates":[]}],[]]]}