{"version":"1.2","table":{"version":"2","table_id":"NP3EE4Q4","columns":[{"index":0,"name":"col0","values":["iridium-18","iridium-484","iuidium-183","iridiu-182","iridium-18","iridum-180","iridiu-179","iridiuo-178","iridixm-177","iridium-1:6","irifium-175","iridiu-174","irieium-173","irldium-172","iridiwm-171","iridiun-170","iridium-199","iidum-168","iridivm-16","iridium-66"]},{"index":1,"name":"col1","values":["-40254.881894","-39412.796745","-40122.904378","-38973.575641999996","-39660.34314","-37597.750739999996","-38195.95914199999","-35961.868927999996","-36407.89521","-33539.54274","-33427.900506","-30832.628507999998","-30571.11935","-27187.713417","-26596.909174999997","-23593.6","-22049.651322","-18610.227322","-17226.091959999998","-13460.832"]},{"index":2,"name":"col2","values":["76.307","76.538","77.77","77.0","77.231","76.307","77.462","76.846","76.307","76.538","77.77","77.308","76.23","77.693","76.538","76.769","77.077","77.616","77.154","76.384"]}]},"context":{"page_title":null,"page_url":null,"page_entity_id":null,"content_hierarchy":[]},"links":[[[{"start":0,"end":11,"url":null,"entity_id":"Q18883019","candidates":[]}],[],[]],[[{"start":0,"end":11,"url":null,"entity_id":"Q18883018","candidates":[]}],[],[]],[[{"start":0,"end":10,"url":null,"entity_id":"Q18883017","candidates":[]}],[],[]],[[{"start":0,"end":10,"url":null,"entity_id":"Q18883016","candidates":[]}],[],[]],[[{"start":0,"end":10,"url":null,"entity_id":"Q18883015","candidates":[]}],[],[]],[[{"start":0,"end":10,"url":null,"entity_id":"Q18883014","candidates":[]}],[],[]],[[{"start":0,"end":11,"url":null,"entity_id":"Q18883013","candidates":[]}],[],[]],[[{"start":0,"end":11,"url":null,"entity_id":"Q18883012","candidates":[]}],[],[]],[[{"start":0,"end":11,"url":null,"entity_id":"Q18883011","candidates":[]}],[],[]],[[{"start":0,"end":11,"url":null,"entity_id":"Q18883010","candidates":[]}],[],[]],[[{"start":0,"end":10,"url":null,"entity_id":"Q18883008","candidates":[]}],[],[]],[[{"start":0,"end":11,"url":null,"entity_id":"Q18883006","candidates":[]}],[],[]],[[{"start":0,"end":11,"url":null,"entity_id":"Q18883004","candidates":[]}],[],[]],[[{"start":0,"end":11,"url":null,"entity_id":"Q18883002","candidates":[]}],[],[]],[[{"start":0,"end":11,"url":null,"entity_id":"Q18883000","candidates":[]}],[],[]],[[{"start":0,"end":11,"url":null,"entity_id":"Q18882998","candidates":[]}],[],[]],[[{"start":0,"end":9,"url":null,"entity_id":"Q18882996","candidates":[]}],[],[]],[[{"start":0,"end":10,"url":null,"entity_id":"Q18882994","candidates":[]}],[],[]],[[{"start":0,"end":10,"url":null,"entity_id":"Q18882992","candidates":[]}],[],[]],[[{"start":0,"end":10,"url":null,"entity_id":"Q18883022","candidates":[]}],[],[]]]}