{"version":"1.2","table":{"version":"2","table_id":"NPVV77QK","columns":[{"index":0,"name":"col0","values":["2015–16 KPS Chemik Police season","2015–16 CV Haro season","2015–16 Club Voleibol Ciutadella season","2015–16 CV Aguere season","2015–16 CV Teruel season","2015–16 CV Almería season","2013–14 ASSECO Resovia Rzeszów season","2012–13 ASSECO Resovia Rzeszów season","2011–12 ASSECO Resovia Rzeszów season","2014–15 Eczacıbaşı Spor Kulübü season","2012–13 Sm'Aesch Pfeffingen season","1990–91 Piemonte Volley season","2013–14 Sir Volley season","2013–14 Modena Volley season","AGIL Volley 2013-2014","2013–14 Volley Bergamo season","2013–14 Trentino Volley season","2012–13 Futura Volley Busto Arsizio season","2012–13 Robursport Volley Pesaro season","2012–13 Robur Tiboni Urbino Volley season"]},{"index":1,"name":"col1","values":["KPS Chemik Police","CV Haro","Club Voleibol Ciutadella","CV Aguere","CV Teruel","CV Almería","ASSECO Resovia Rzeszów","ASSECO Resovia Rzeszów","ASSECO Resovia Rzeszów","Eczacıbaşı Spor Kulübü","Sm'Aesch Pfeffingen","Piemonte Volley","Sir Volley","Modena Volley","AGIL Volley","Volley Bergamo","Trentino Volley","Futura Volley Busto Arsizio","Robursport Volley Pesaro","Robur Tiboni Urbino Volley"]},{"index":2,"name":"col2","values":["2014–15 KPS Chemik Police season","2014–15 CV Haro season","2014–15 Club Voleibol Ciutadella season","2014–15 CV Aguere season","2014–15 CV Teruel season","2014–15 CV Almería season","2012–13 ASSECO Resovia Rzeszów season","2011–12 ASSECO Resovia Rzeszów season","2010–11 ASSECO Resovia Rzeszów season","2013–14 Eczacıbaşı Spor Kulübü season","2011–12 Sm'Aesch Pfeffingen season","1989–90 Piemonte Volley season","2012–13 Sir Volley season","2012–13 Modena Volley season","AGIL Volley 2012-2013","2012–13 Volley Bergamo season","2012–13 Trentino Volley season","2011–12 Futura Volley Busto Arsizio season","2011–12 Robursport Volley Pesaro season","2011–12 Robur Tiboni Urbino Volley season"]},{"index":3,"name":"col3","values":["2015-2016 one-year-period","2015-2016 one-year-period","2015-2016 one-year-period","2015-2016 one-year-period","2015-2016 one-year-period","2015-2016 one-year-period","2013-2014 one-year-period","2012-2013 one-year-period","2011-2012 one-year-period","2014-2015 one-year-period","2012-2013 one-year-period","1990-1991 one-year-period","2013-2014 one-year-period","2013-2014 one-year-period","2013-2014 one-year-period","2013-2014 one-year-period","2013-2014 one-year-period","2012-2013 one-year-period","2012-2013 one-year-period","2012-2013 one-year-period"]},{"index":4,"name":"col4","values":["Poland","Spain","Spain","Spain","Spain","Spain","Poland","Poland","Poland","Turkey","Switzerland","Italy","Italy","Italy","Italy","Italy","Italy","Italy","Italy","Italy"]}]},"context":{"page_title":null,"page_url":null,"page_entity_id":null,"content_hierarchy":[]},"links":[[[{"start":0,"end":22,"url":null,"entity_id":"Q26329999","candidates":[]}],[{"start":0,"end":7,"url":null,"entity_id":"Q732543","candidates":[]}],[{"start":0,"end":22,"url":null,"entity_id":"Q22083474","candidates":[]}],[{"start":0,"end":25,"url":null,"entity_id":"Q53386085","candidates":[]}],[{"start":0,"end":5,"url":null,"entity_id":"Q29","candidates":[]}]],[[{"start":0,"end":39,"url":null,"entity_id":"Q26330032","candidates":[]}],[{"start":0,"end":24,"url":null,"entity_id":"Q943322","candidates":[]}],[{"start":0,"end":39,"url":null,"entity_id":"Q22083469","candidates":[]}],[{"start":0,"end":25,"url":null,"entity_id":"Q53386085","candidates":[]}],[{"start":0,"end":5,"url":null,"entity_id":"Q29","candidates":[]}]],[[{"start":0,"end":24,"url":null,"entity_id":"Q26330016","candidates":[]}],[{"start":0,"end":9,"url":null,"entity_id":"Q2397753","candidates":[]}],[{"start":0,"end":24,"url":null,"entity_id":"Q22083465","candidates":[]}],[{"start":0,"end":25,"url":null,"entity_id":"Q53386085","candidates":[]}],[{"start":0,"end":5,"url":null,"entity_id":"Q29","candidates":[]}]],[[{"start":0,"end":24,"url":null,"entity_id":"Q26693910","candidates":[]}],[{"start":0,"end":9,"url":null,"entity_id":"Q1022770","candidates":[]}],[{"start":0,"end":24,"url":null,"entity_id":"Q21207080","candidates":[]}],[{"start":0,"end":25,"url":null,"entity_id":"Q53386085","candidates":[]}],[{"start":0,"end":5,"url":null,"entity_id":"Q29","candidates":[]}]],[[{"start":0,"end":25,"url":null,"entity_id":"Q26329963","candidates":[]}],[{"start":0,"end":10,"url":null,"entity_id":"Q2117596","candidates":[]}],[{"start":0,"end":25,"url":null,"entity_id":"Q21206668","candidates":[]}],[{"start":0,"end":25,"url":null,"entity_id":"Q53386085","candidates":[]}],[{"start":0,"end":5,"url":null,"entity_id":"Q29","candidates":[]}]],[[{"start":0,"end":37,"url":null,"entity_id":"Q21286744","candidates":[]}],[{"start":0,"end":22,"url":null,"entity_id":"Q2359492","candidates":[]}],[{"start":0,"end":37,"url":null,"entity_id":"Q21286745","candidates":[]}],[{"start":0,"end":25,"url":null,"entity_id":"Q53386030","candidates":[]}],[{"start":0,"end":6,"url":null,"entity_id":"Q36","candidates":[]}]],[[{"start":0,"end":37,"url":null,"entity_id":"Q21286745","candidates":[]}],[{"start":0,"end":22,"url":null,"entity_id":"Q2359492","candidates":[]}],[{"start":0,"end":37,"url":null,"entity_id":"Q21282711","candidates":[]}],[{"start":0,"end":25,"url":null,"entity_id":"Q53386003","candidates":[]}],[{"start":0,"end":6,"url":null,"entity_id":"Q36","candidates":[]}]],[[{"start":0,"end":37,"url":null,"entity_id":"Q21282711","candidates":[]}],[{"start":0,"end":22,"url":null,"entity_id":"Q2359492","candidates":[]}],[{"start":0,"end":37,"url":null,"entity_id":"Q21282710","candidates":[]}],[{"start":0,"end":25,"url":null,"entity_id":"Q53385980","candidates":[]}],[{"start":0,"end":6,"url":null,"entity_id":"Q36","candidates":[]}]],[[{"start":0,"end":37,"url":null,"entity_id":"Q20165133","candidates":[]}],[{"start":0,"end":22,"url":null,"entity_id":"Q17362251","candidates":[]}],[{"start":0,"end":37,"url":null,"entity_id":"Q21195832","candidates":[]}],[{"start":0,"end":25,"url":null,"entity_id":"Q53386064","candidates":[]}],[{"start":0,"end":6,"url":null,"entity_id":"Q43","candidates":[]}]],[[{"start":0,"end":34,"url":null,"entity_id":"Q20012580","candidates":[]}],[{"start":0,"end":19,"url":null,"entity_id":"Q3486827","candidates":[]}],[{"start":0,"end":34,"url":null,"entity_id":"Q20012686","candidates":[]}],[{"start":0,"end":25,"url":null,"entity_id":"Q53386003","candidates":[]}],[{"start":0,"end":11,"url":null,"entity_id":"Q39","candidates":[]}]],[[{"start":0,"end":30,"url":null,"entity_id":"Q16546075","candidates":[]}],[{"start":0,"end":15,"url":null,"entity_id":"Q1394395","candidates":[]}],[{"start":0,"end":30,"url":null,"entity_id":"Q3699410","candidates":[]}],[{"start":0,"end":25,"url":null,"entity_id":"Q53389240","candidates":[]}],[{"start":0,"end":5,"url":null,"entity_id":"Q38","candidates":[]}]],[[{"start":0,"end":25,"url":null,"entity_id":"Q16912684","candidates":[]}],[{"start":0,"end":10,"url":null,"entity_id":"Q3961987","candidates":[]}],[{"start":0,"end":25,"url":null,"entity_id":"Q16606654","candidates":[]}],[{"start":0,"end":25,"url":null,"entity_id":"Q53386030","candidates":[]}],[{"start":0,"end":5,"url":null,"entity_id":"Q38","candidates":[]}]],[[{"start":0,"end":28,"url":null,"entity_id":"Q17056972","candidates":[]}],[{"start":0,"end":13,"url":null,"entity_id":"Q2048041","candidates":[]}],[{"start":0,"end":28,"url":null,"entity_id":"Q16268610","candidates":[]}],[{"start":0,"end":25,"url":null,"entity_id":"Q53386030","candidates":[]}],[{"start":0,"end":5,"url":null,"entity_id":"Q38","candidates":[]}]],[[{"start":0,"end":21,"url":null,"entity_id":"Q17620204","candidates":[]}],[{"start":0,"end":11,"url":null,"entity_id":"Q3600939","candidates":[]}],[{"start":0,"end":21,"url":null,"entity_id":"Q14523717","candidates":[]}],[{"start":0,"end":25,"url":null,"entity_id":"Q53386030","candidates":[]}],[{"start":0,"end":5,"url":null,"entity_id":"Q38","candidates":[]}]],[[{"start":0,"end":29,"url":null,"entity_id":"Q16622638","candidates":[]}],[{"start":0,"end":14,"url":null,"entity_id":"Q1436525","candidates":[]}],[{"start":0,"end":29,"url":null,"entity_id":"Q4016191","candidates":[]}],[{"start":0,"end":25,"url":null,"entity_id":"Q53386030","candidates":[]}],[{"start":0,"end":5,"url":null,"entity_id":"Q38","candidates":[]}]],[[{"start":0,"end":30,"url":null,"entity_id":"Q16617640","candidates":[]}],[{"start":0,"end":15,"url":null,"entity_id":"Q1632686","candidates":[]}],[{"start":0,"end":30,"url":null,"entity_id":"Q3998384","candidates":[]}],[{"start":0,"end":25,"url":null,"entity_id":"Q53386030","candidates":[]}],[{"start":0,"end":5,"url":null,"entity_id":"Q38","candidates":[]}]],[[{"start":0,"end":42,"url":null,"entity_id":"Q16557985","candidates":[]}],[{"start":0,"end":27,"url":null,"entity_id":"Q379259","candidates":[]}],[{"start":0,"end":42,"url":null,"entity_id":"Q17631099","candidates":[]}],[{"start":0,"end":25,"url":null,"entity_id":"Q53386003","candidates":[]}],[{"start":0,"end":5,"url":null,"entity_id":"Q38","candidates":[]}]],[[{"start":0,"end":39,"url":null,"entity_id":"Q16597465","candidates":[]}],[{"start":0,"end":24,"url":null,"entity_id":"Q1710135","candidates":[]}],[{"start":0,"end":39,"url":null,"entity_id":"Q16597459","candidates":[]}],[{"start":0,"end":25,"url":null,"entity_id":"Q53386003","candidates":[]}],[{"start":0,"end":5,"url":null,"entity_id":"Q38","candidates":[]}]],[[{"start":0,"end":41,"url":null,"entity_id":"Q16597443","candidates":[]}],[{"start":0,"end":26,"url":null,"entity_id":"Q1634534","candidates":[]}],[{"start":0,"end":41,"url":null,"entity_id":"Q16597438","candidates":[]}],[{"start":0,"end":25,"url":null,"entity_id":"Q53386003","candidates":[]}],[{"start":0,"end":5,"url":null,"entity_id":"Q38","candidates":[]}]],[[{"start":0,"end":32,"url":null,"entity_id":"Q27924532","candidates":[]}],[{"start":0,"end":17,"url":null,"entity_id":"Q1191760","candidates":[]}],[{"start":0,"end":32,"url":null,"entity_id":"Q21282740","candidates":[]}],[{"start":0,"end":25,"url":null,"entity_id":"Q53386085","candidates":[]}],[{"start":0,"end":6,"url":null,"entity_id":"Q36","candidates":[]}]]]}