{"version":"1.2","table":{"version":"2","table_id":"NQCJ7DLS","columns":[{"index":0,"name":"col0","values":["Tolerability of Hypertonic Saline in Infants With Cystic Fibrosis","the Effectiveness of Probiotics on Atopic Dermatitis With Cow Milk Allergy","Impact of the 7 Valent Pneumococcal Conjugate Vaccine (7vPCV) on Nasopharyngeal Carriage of Streptococcus Pneumoniae in Healthy Jordanian Infants","Extended Safety Study of Montelukast in Infants and Young Children With Chronic Asthma (0476-232)","Clinical Characteristics and Genetic Profiles of Severe Combined Immunodeficiency in China","Comparing Nasal Suction Devices in Children With Bronchiolitis: A Pilot Study","Total Energy Expenditure and Fat Oxidation in 2 Year Old Children","A Sleep Hygiene-based Intervention Program for Infants and Toddlers","Cystadrops in Pediatric Cystinosis Patients From Six Months to Less Than Two Years Old (SCOB2)","Scalp Block Decreases Pain and Side Effects","Does Caudal Block Increase the Incidence of Urethrocutaneous Fistula Formation Following Hypospadias Repair in Infants?","Assessment of Novel Pneumococcal Conjugate Vaccination Scheduled in UK Infants","Enhancing Treatment of Iron Deficiency and Iron Deficiency Anemia With an Antioxidant, Vitamin E","Human Milk Oligosaccharides and Childhood Diarrhoea","Obesity and Caries in Young South Asian Children: A Common Risk Factor Approach","Comparison of Immunogenicity of Inactivated Poliovirus Vaccine (IPV) Administered Intramuscularly or Intradermally","Comparison of Pudendal Nerve Block and Caudal Block for Hypospadias in Young Children","Correlation of Volumetric Brain Analysis With Development at 18 Months","Immunogenicity and Safety of Sanofi Pasteur Pentaxim Combined Vaccine in Infants in Thailand","Efficacy Trial to Examine Efficacy of Multimicronutrient Home Supplementation in Infants"]},{"index":1,"name":"col1","values":["2","6","2","6","2","2","2","6","6","3","4","2","9","6","3","2","6","18","2","5"]},{"index":2,"name":"col2","values":["2","2","2","2","2","2","2","2","2","2","2","2","2","2","2","2","2","2","2","2"]},{"index":3,"name":"col3","values":["13","36","377","190","50","150","16","247","5","26","490","0","44","495","377","360","60","0","186","771"]}]},"context":{"page_title":null,"page_url":null,"page_entity_id":null,"content_hierarchy":[]},"links":[[[{"start":0,"end":65,"url":null,"entity_id":"Q64716187","candidates":[]}],[],[],[]],[[{"start":0,"end":74,"url":null,"entity_id":"Q64683697","candidates":[]}],[],[],[]],[[{"start":0,"end":145,"url":null,"entity_id":"Q64676143","candidates":[]}],[],[],[]],[[{"start":0,"end":97,"url":null,"entity_id":"Q64665598","candidates":[]}],[],[],[]],[[{"start":0,"end":90,"url":null,"entity_id":"Q64607196","candidates":[]}],[],[],[]],[[{"start":0,"end":77,"url":null,"entity_id":"Q64604489","candidates":[]}],[],[],[]],[[{"start":0,"end":65,"url":null,"entity_id":"Q64396430","candidates":[]}],[],[],[]],[[{"start":0,"end":67,"url":null,"entity_id":"Q64395163","candidates":[]}],[],[],[]],[[{"start":0,"end":94,"url":null,"entity_id":"Q74277233","candidates":[]}],[],[],[]],[[{"start":0,"end":43,"url":null,"entity_id":"Q74274476","candidates":[]}],[],[],[]],[[{"start":0,"end":119,"url":null,"entity_id":"Q66394618","candidates":[]}],[],[],[]],[[{"start":0,"end":78,"url":null,"entity_id":"Q66394295","candidates":[]}],[],[],[]],[[{"start":0,"end":96,"url":null,"entity_id":"Q66346679","candidates":[]}],[],[],[]],[[{"start":0,"end":51,"url":null,"entity_id":"Q66082813","candidates":[]}],[],[],[]],[[{"start":0,"end":79,"url":null,"entity_id":"Q66073497","candidates":[]}],[],[],[]],[[{"start":0,"end":114,"url":null,"entity_id":"Q66060349","candidates":[]}],[],[],[]],[[{"start":0,"end":85,"url":null,"entity_id":"Q66045109","candidates":[]}],[],[],[]],[[{"start":0,"end":70,"url":null,"entity_id":"Q65546372","candidates":[]}],[],[],[]],[[{"start":0,"end":92,"url":null,"entity_id":"Q65540785","candidates":[]}],[],[],[]],[[{"start":0,"end":88,"url":null,"entity_id":"Q65539264","candidates":[]}],[],[],[]]]}