{"version":"1.2","table":{"version":"2","table_id":"NRO3WPMB","columns":[{"index":0,"name":"col0","values":["2003 Marriott Hotel bombing","2012 Burgas bus bombing","2010 Moscow Metro bombings","2002 Bali bombings","2011 Alexandria bombing","7 July 2005 London bombings","September 11 attacks","2020 Afgooye bombing","2019 Pulwama attack","2017 Nasiriyah attacks","August 2016 Gaziantep bombing","July 2016 Kabul bombing","2016 Saudi Arabia bombings","April 2016 Kabul attack","2016 Lahore suicide bombing","February 2016 Sayyidah Zaynab bombings","2012 Sultangazi attack","2015 Beirut bombings","2015 Ankara bombings","2015 Suruç bombing"]},{"index":1,"name":"col1","values":["12","6","40","204","23","56","2996","5","41","88","56","80","5","71","75","134","2","43","95","33"]},{"index":2,"name":"col2","values":["150","32","102","209","97","700","6001","20","35","93","66","260","5","367","350","180","7","240","400","104"]}]},"context":{"page_title":null,"page_url":null,"page_entity_id":null,"content_hierarchy":[]},"links":[[[{"start":0,"end":23,"url":null,"entity_id":"Q569195","candidates":[]}],[],[]],[[{"start":0,"end":26,"url":null,"entity_id":"Q269893","candidates":[]}],[],[]],[[{"start":0,"end":18,"url":null,"entity_id":"Q86584","candidates":[]}],[],[]],[[{"start":0,"end":23,"url":null,"entity_id":"Q44310","candidates":[]}],[],[]],[[{"start":0,"end":27,"url":null,"entity_id":"Q10818","candidates":[]}],[],[]],[[{"start":0,"end":20,"url":null,"entity_id":"Q10806","candidates":[]}],[],[]],[[{"start":0,"end":20,"url":null,"entity_id":"Q83129501","candidates":[]}],[],[]],[[{"start":0,"end":19,"url":null,"entity_id":"Q61732241","candidates":[]}],[],[]],[[{"start":0,"end":22,"url":null,"entity_id":"Q39797610","candidates":[]}],[],[]],[[{"start":0,"end":29,"url":null,"entity_id":"Q26436398","candidates":[]}],[],[]],[[{"start":0,"end":23,"url":null,"entity_id":"Q25995756","candidates":[]}],[],[]],[[{"start":0,"end":26,"url":null,"entity_id":"Q25343325","candidates":[]}],[],[]],[[{"start":0,"end":23,"url":null,"entity_id":"Q23890868","candidates":[]}],[],[]],[[{"start":0,"end":27,"url":null,"entity_id":"Q23638613","candidates":[]}],[],[]],[[{"start":0,"end":38,"url":null,"entity_id":"Q22918854","candidates":[]}],[],[]],[[{"start":0,"end":22,"url":null,"entity_id":"Q21682476","candidates":[]}],[],[]],[[{"start":0,"end":20,"url":null,"entity_id":"Q21470354","candidates":[]}],[],[]],[[{"start":0,"end":20,"url":null,"entity_id":"Q21083277","candidates":[]}],[],[]],[[{"start":0,"end":18,"url":null,"entity_id":"Q20685047","candidates":[]}],[],[]],[[{"start":0,"end":27,"url":null,"entity_id":"Q569203","candidates":[]}],[],[]]]}