{"version":"1.2","table":{"version":"2","table_id":"NS8BKAQO","columns":[{"index":0,"name":"col0","values":["Blaník","Hostýn","Vitosha","Aiguille du Midi","Altels","Aiguille d'Argentière","Hartmannswillerkopf","Dent de Jaman","Praděd","Jorat","Wetterhorn","Ben Lomond","Batizovský štít","Hochgolling","Babia Góra","Sněžka","Doubravská hora","Üetliberg","Jungfrau","Hochwang"]},{"index":1,"name":"col1","values":["Czech Republic","Czech Republic","Bulgaria","France","Switzerland","Switzerland","France","Switzerland","Czech Republic","Switzerland","Switzerland","United Kingdom","Slovakia","Austria","Poland","Poland","Czech Republic","Switzerland","Switzerland","Switzerland"]},{"index":2,"name":"col2","values":["Europe","Europe","Europe","Europe","Europe","Europe","Europe","Europe","Europe","Europe","Europe","Europe","Europe","Europe","Europe","Europe","Europe","Europe","Europe","Europe"]},{"index":3,"name":"col3","values":["Vlastenský slovník historický","Vlastenský slovník historický","Great Encyclopedia “Bulgaria”","Ottův slovník naučný","Ottův slovník naučný","Ottův slovník naučný","Svensk uppslagsbok","Brockhaus and Efron Encyclopedic Dictionary","Ottův slovník naučný","Brockhaus and Efron Encyclopedic Dictionary","Brockhaus and Efron Encyclopedic Dictionary","The Nuttall Encyclopædia","Brockhaus and Efron Encyclopedic Dictionary","Brockhaus and Efron Encyclopedic Dictionary","Ottův slovník naučný","Brockhaus and Efron Encyclopedic Dictionary","Vlastenský slovník historický","Ottův slovník naučný","Brockhaus and Efron Encyclopedic Dictionary","Brockhaus and Efron Encyclopedic Dictionary"]}]},"context":{"page_title":null,"page_url":null,"page_entity_id":null,"content_hierarchy":[]},"links":[[[{"start":0,"end":6,"url":null,"entity_id":"Q369552","candidates":[]}],[{"start":0,"end":14,"url":null,"entity_id":"Q213","candidates":[]}],[{"start":0,"end":6,"url":null,"entity_id":"Q46","candidates":[]}],[{"start":0,"end":29,"url":null,"entity_id":"Q19538713","candidates":[]}]],[[{"start":0,"end":7,"url":null,"entity_id":"Q378943","candidates":[]}],[{"start":0,"end":8,"url":null,"entity_id":"Q219","candidates":[]}],[{"start":0,"end":6,"url":null,"entity_id":"Q46","candidates":[]}],[{"start":0,"end":29,"url":null,"entity_id":"Q12277139","candidates":[]}]],[[{"start":0,"end":16,"url":null,"entity_id":"Q404728","candidates":[]}],[{"start":0,"end":6,"url":null,"entity_id":"Q142","candidates":[]}],[{"start":0,"end":6,"url":null,"entity_id":"Q46","candidates":[]}],[{"start":0,"end":20,"url":null,"entity_id":"Q2041543","candidates":[]}]],[[{"start":0,"end":6,"url":null,"entity_id":"Q436536","candidates":[]}],[{"start":0,"end":11,"url":null,"entity_id":"Q39","candidates":[]}],[{"start":0,"end":6,"url":null,"entity_id":"Q46","candidates":[]}],[{"start":0,"end":20,"url":null,"entity_id":"Q2041543","candidates":[]}]],[[{"start":0,"end":21,"url":null,"entity_id":"Q404738","candidates":[]}],[{"start":0,"end":11,"url":null,"entity_id":"Q39","candidates":[]}],[{"start":0,"end":6,"url":null,"entity_id":"Q46","candidates":[]}],[{"start":0,"end":20,"url":null,"entity_id":"Q2041543","candidates":[]}]],[[{"start":0,"end":19,"url":null,"entity_id":"Q325716","candidates":[]}],[{"start":0,"end":6,"url":null,"entity_id":"Q142","candidates":[]}],[{"start":0,"end":6,"url":null,"entity_id":"Q46","candidates":[]}],[{"start":0,"end":18,"url":null,"entity_id":"Q1766280","candidates":[]}]],[[{"start":0,"end":13,"url":null,"entity_id":"Q277813","candidates":[]}],[{"start":0,"end":11,"url":null,"entity_id":"Q39","candidates":[]}],[{"start":0,"end":6,"url":null,"entity_id":"Q46","candidates":[]}],[{"start":0,"end":43,"url":null,"entity_id":"Q602358","candidates":[]}]],[[{"start":0,"end":6,"url":null,"entity_id":"Q674016","candidates":[]}],[{"start":0,"end":14,"url":null,"entity_id":"Q213","candidates":[]}],[{"start":0,"end":6,"url":null,"entity_id":"Q46","candidates":[]}],[{"start":0,"end":20,"url":null,"entity_id":"Q2041543","candidates":[]}]],[[{"start":0,"end":5,"url":null,"entity_id":"Q671265","candidates":[]}],[{"start":0,"end":11,"url":null,"entity_id":"Q39","candidates":[]}],[{"start":0,"end":6,"url":null,"entity_id":"Q46","candidates":[]}],[{"start":0,"end":43,"url":null,"entity_id":"Q602358","candidates":[]}]],[[{"start":0,"end":10,"url":null,"entity_id":"Q665089","candidates":[]}],[{"start":0,"end":11,"url":null,"entity_id":"Q39","candidates":[]}],[{"start":0,"end":6,"url":null,"entity_id":"Q46","candidates":[]}],[{"start":0,"end":43,"url":null,"entity_id":"Q602358","candidates":[]}]],[[{"start":0,"end":10,"url":null,"entity_id":"Q816556","candidates":[]}],[{"start":0,"end":14,"url":null,"entity_id":"Q145","candidates":[]}],[{"start":0,"end":6,"url":null,"entity_id":"Q46","candidates":[]}],[{"start":0,"end":24,"url":null,"entity_id":"Q3181656","candidates":[]}]],[[{"start":0,"end":15,"url":null,"entity_id":"Q810837","candidates":[]}],[{"start":0,"end":8,"url":null,"entity_id":"Q214","candidates":[]}],[{"start":0,"end":6,"url":null,"entity_id":"Q46","candidates":[]}],[{"start":0,"end":43,"url":null,"entity_id":"Q602358","candidates":[]}]],[[{"start":0,"end":11,"url":null,"entity_id":"Q700259","candidates":[]}],[{"start":0,"end":7,"url":null,"entity_id":"Q40","candidates":[]}],[{"start":0,"end":6,"url":null,"entity_id":"Q46","candidates":[]}],[{"start":0,"end":43,"url":null,"entity_id":"Q602358","candidates":[]}]],[[{"start":0,"end":10,"url":null,"entity_id":"Q595780","candidates":[]}],[{"start":0,"end":6,"url":null,"entity_id":"Q36","candidates":[]}],[{"start":0,"end":6,"url":null,"entity_id":"Q46","candidates":[]}],[{"start":0,"end":20,"url":null,"entity_id":"Q2041543","candidates":[]}]],[[{"start":0,"end":6,"url":null,"entity_id":"Q617511","candidates":[]}],[{"start":0,"end":6,"url":null,"entity_id":"Q36","candidates":[]}],[{"start":0,"end":6,"url":null,"entity_id":"Q46","candidates":[]}],[{"start":0,"end":43,"url":null,"entity_id":"Q602358","candidates":[]}]],[[{"start":0,"end":15,"url":null,"entity_id":"Q1251592","candidates":[]}],[{"start":0,"end":14,"url":null,"entity_id":"Q213","candidates":[]}],[{"start":0,"end":6,"url":null,"entity_id":"Q46","candidates":[]}],[{"start":0,"end":29,"url":null,"entity_id":"Q19538713","candidates":[]}]],[[{"start":0,"end":9,"url":null,"entity_id":"Q16524","candidates":[]}],[{"start":0,"end":11,"url":null,"entity_id":"Q39","candidates":[]}],[{"start":0,"end":6,"url":null,"entity_id":"Q46","candidates":[]}],[{"start":0,"end":20,"url":null,"entity_id":"Q2041543","candidates":[]}]],[[{"start":0,"end":8,"url":null,"entity_id":"Q15312","candidates":[]}],[{"start":0,"end":11,"url":null,"entity_id":"Q39","candidates":[]}],[{"start":0,"end":6,"url":null,"entity_id":"Q46","candidates":[]}],[{"start":0,"end":43,"url":null,"entity_id":"Q602358","candidates":[]}]],[[{"start":0,"end":8,"url":null,"entity_id":"Q15304","candidates":[]}],[{"start":0,"end":11,"url":null,"entity_id":"Q39","candidates":[]}],[{"start":0,"end":6,"url":null,"entity_id":"Q46","candidates":[]}],[{"start":0,"end":43,"url":null,"entity_id":"Q602358","candidates":[]}]],[[{"start":0,"end":6,"url":null,"entity_id":"Q881713","candidates":[]}],[{"start":0,"end":14,"url":null,"entity_id":"Q213","candidates":[]}],[{"start":0,"end":6,"url":null,"entity_id":"Q46","candidates":[]}],[{"start":0,"end":29,"url":null,"entity_id":"Q19538713","candidates":[]}]]]}