{"version":"1.2","table":{"version":"2","table_id":"NSG63Y42","columns":[{"index":0,"name":"col0","values":["Paul Langevin","Mary Somerville","Ernest Rutherford","Gustave Moreau","Constantinus Cornelis Huysmans","Anton Mauve","Henri Bergson","John Bardeen","Bronisław Malinowski","Ibn Shihab al-Zuhri","Franz Liszt","Alfred Weber","Max Planck","Alfred Korzybski","Antonín Dvořák","Ramakrishna","Friedrich Leo","Lise Meitner","Peter Paul Rubens","François Gérard"]},{"index":1,"name":"col1","values":["physics","mathematics","physics","art of painting","art of painting","art of painting","philosophy","physics","cultural anthropology","Hadith studies","music","economics","theoretical physics","engineering","performing arts","philosophy","Latin literature","physics","art of painting","portrait painting"]},{"index":2,"name":"col2","values":["Victor Charles Langevin","William George Fairfax","James Rutherford","Louis Moreau","Jacobus Carolus Huysmans","Willem Carel Mauve","Michał Bergson","Charles Russell Bardeen","Lucjan Malinowski","Muslim ibn Shihab","Adam Liszt","Max Weber","Wilhelm von Planck","Wladyslaw Korzybski","František Dvořák","Khudiram Chattopadhyay","Ludwig Friedrich Leo","Philipp Meitner","Jan Rubens","Jean Simon Gérard"]},{"index":3,"name":"col3","values":["Irène Joliot-Curie","Ada Lovelace","Niels Bohr","Henri Matisse","Vincent van Gogh","Vincent van Gogh","Gabriel Marcel","John Robert Schrieffer","E. E. Evans-Pritchard","Muslim ibn al-Hajjaj","Eugen d'Albert","Erich Fromm","Max von Laue","Ida Rolf","Rudolf Friml","Swami Vivekananda","Paul Jacobsthal","Nikolaus Riehl","Jan Boeckhorst","Charles de Steuben"]}]},"context":{"page_title":null,"page_url":null,"page_entity_id":null,"content_hierarchy":[]},"links":[[[{"start":0,"end":13,"url":null,"entity_id":"Q25320","candidates":[]}],[{"start":0,"end":7,"url":null,"entity_id":"Q413","candidates":[]}],[{"start":0,"end":23,"url":null,"entity_id":"Q21197410","candidates":[]}],[{"start":0,"end":18,"url":null,"entity_id":"Q7504","candidates":[]}]],[[{"start":0,"end":15,"url":null,"entity_id":"Q268702","candidates":[]}],[{"start":0,"end":11,"url":null,"entity_id":"Q395","candidates":[]}],[{"start":0,"end":22,"url":null,"entity_id":"Q8009784","candidates":[]}],[{"start":0,"end":12,"url":null,"entity_id":"Q7259","candidates":[]}]],[[{"start":0,"end":17,"url":null,"entity_id":"Q9123","candidates":[]}],[{"start":0,"end":7,"url":null,"entity_id":"Q413","candidates":[]}],[{"start":0,"end":16,"url":null,"entity_id":"Q75451548","candidates":[]}],[{"start":0,"end":10,"url":null,"entity_id":"Q7085","candidates":[]}]],[[{"start":0,"end":14,"url":null,"entity_id":"Q203828","candidates":[]}],[{"start":0,"end":15,"url":null,"entity_id":"Q11629","candidates":[]}],[{"start":0,"end":12,"url":null,"entity_id":"Q3262740","candidates":[]}],[{"start":0,"end":13,"url":null,"entity_id":"Q5589","candidates":[]}]],[[{"start":0,"end":30,"url":null,"entity_id":"Q26936772","candidates":[]}],[{"start":0,"end":15,"url":null,"entity_id":"Q11629","candidates":[]}],[{"start":0,"end":24,"url":null,"entity_id":"Q26936807","candidates":[]}],[{"start":0,"end":16,"url":null,"entity_id":"Q5582","candidates":[]}]],[[{"start":0,"end":11,"url":null,"entity_id":"Q591907","candidates":[]}],[{"start":0,"end":15,"url":null,"entity_id":"Q11629","candidates":[]}],[{"start":0,"end":18,"url":null,"entity_id":"Q8003548","candidates":[]}],[{"start":0,"end":16,"url":null,"entity_id":"Q5582","candidates":[]}]],[[{"start":0,"end":13,"url":null,"entity_id":"Q42156","candidates":[]}],[{"start":0,"end":10,"url":null,"entity_id":"Q5891","candidates":[]}],[{"start":0,"end":14,"url":null,"entity_id":"Q3308715","candidates":[]}],[{"start":0,"end":14,"url":null,"entity_id":"Q154145","candidates":[]}]],[[{"start":0,"end":12,"url":null,"entity_id":"Q949","candidates":[]}],[{"start":0,"end":7,"url":null,"entity_id":"Q413","candidates":[]}],[{"start":0,"end":23,"url":null,"entity_id":"Q5082226","candidates":[]}],[{"start":0,"end":22,"url":null,"entity_id":"Q153201","candidates":[]}]],[[{"start":0,"end":20,"url":null,"entity_id":"Q184992","candidates":[]}],[{"start":0,"end":21,"url":null,"entity_id":"Q28598","candidates":[]}],[{"start":0,"end":17,"url":null,"entity_id":"Q1049552","candidates":[]}],[{"start":0,"end":21,"url":null,"entity_id":"Q150379","candidates":[]}]],[[{"start":0,"end":19,"url":null,"entity_id":"Q3791575","candidates":[]}],[{"start":0,"end":14,"url":null,"entity_id":"Q2737409","candidates":[]}],[{"start":0,"end":17,"url":null,"entity_id":"Q6942999","candidates":[]}],[{"start":0,"end":20,"url":null,"entity_id":"Q140124","candidates":[]}]],[[{"start":0,"end":11,"url":null,"entity_id":"Q41309","candidates":[]}],[{"start":0,"end":5,"url":null,"entity_id":"Q638","candidates":[]}],[{"start":0,"end":10,"url":null,"entity_id":"Q350325","candidates":[]}],[{"start":0,"end":14,"url":null,"entity_id":"Q57178","candidates":[]}]],[[{"start":0,"end":12,"url":null,"entity_id":"Q76514","candidates":[]}],[{"start":0,"end":9,"url":null,"entity_id":"Q8134","candidates":[]}],[{"start":0,"end":9,"url":null,"entity_id":"Q104552","candidates":[]}],[{"start":0,"end":11,"url":null,"entity_id":"Q57085","candidates":[]}]],[[{"start":0,"end":10,"url":null,"entity_id":"Q9021","candidates":[]}],[{"start":0,"end":19,"url":null,"entity_id":"Q18362","candidates":[]}],[{"start":0,"end":18,"url":null,"entity_id":"Q106490","candidates":[]}],[{"start":0,"end":12,"url":null,"entity_id":"Q57067","candidates":[]}]],[[{"start":0,"end":16,"url":null,"entity_id":"Q333402","candidates":[]}],[{"start":0,"end":11,"url":null,"entity_id":"Q11023","candidates":[]}],[{"start":0,"end":19,"url":null,"entity_id":"Q25916985","candidates":[]}],[{"start":0,"end":8,"url":null,"entity_id":"Q56185","candidates":[]}]],[[{"start":0,"end":14,"url":null,"entity_id":"Q7298","candidates":[]}],[{"start":0,"end":15,"url":null,"entity_id":"Q184485","candidates":[]}],[{"start":0,"end":16,"url":null,"entity_id":"Q60467540","candidates":[]}],[{"start":0,"end":12,"url":null,"entity_id":"Q48363","candidates":[]}]],[[{"start":0,"end":11,"url":null,"entity_id":"Q183126","candidates":[]}],[{"start":0,"end":10,"url":null,"entity_id":"Q5891","candidates":[]}],[{"start":0,"end":22,"url":null,"entity_id":"Q24661919","candidates":[]}],[{"start":0,"end":17,"url":null,"entity_id":"Q47478","candidates":[]}]],[[{"start":0,"end":13,"url":null,"entity_id":"Q71353","candidates":[]}],[{"start":0,"end":16,"url":null,"entity_id":"Q184890","candidates":[]}],[{"start":0,"end":20,"url":null,"entity_id":"Q114359","candidates":[]}],[{"start":0,"end":15,"url":null,"entity_id":"Q74651","candidates":[]}]],[[{"start":0,"end":12,"url":null,"entity_id":"Q56189","candidates":[]}],[{"start":0,"end":7,"url":null,"entity_id":"Q413","candidates":[]}],[{"start":0,"end":15,"url":null,"entity_id":"Q264630","candidates":[]}],[{"start":0,"end":14,"url":null,"entity_id":"Q72983","candidates":[]}]],[[{"start":0,"end":17,"url":null,"entity_id":"Q5599","candidates":[]}],[{"start":0,"end":15,"url":null,"entity_id":"Q11629","candidates":[]}],[{"start":0,"end":10,"url":null,"entity_id":"Q1682176","candidates":[]}],[{"start":0,"end":14,"url":null,"entity_id":"Q71728","candidates":[]}]],[[{"start":0,"end":15,"url":null,"entity_id":"Q163543","candidates":[]}],[{"start":0,"end":17,"url":null,"entity_id":"Q1400853","candidates":[]}],[{"start":0,"end":17,"url":null,"entity_id":"Q18121519","candidates":[]}],[{"start":0,"end":18,"url":null,"entity_id":"Q69708","candidates":[]}]]]}