{"version":"1.2","table":{"version":"2","table_id":"NU2CVSJA","columns":[{"index":0,"name":"col0","values":["Stygia","Munchkin Country","Tarabon","Shara","Manetheren","Malkier","Kandor","Ghealdan","Saldaea","Arad Doman","Amadicia","Wa","Tabot","T'u Lung","Shou Lung","Skyrim","Ephebe","Agatean Empire","Lancre","Brytain"]},{"index":1,"name":"col1","values":["The Hour of the Dragon","The Wonderful Wizard of Oz","The Wheel of Time","The Wheel of Time","The Wheel of Time","The Wheel of Time","The Wheel of Time","The Wheel of Time","The Wheel of Time","The Wheel of Time","The Wheel of Time","Kara-Tur: The Eastern Realms","Kara-Tur: The Eastern Realms","Kara-Tur: The Eastern Realms","Kara-Tur: The Eastern Realms","The Elder Scrolls V: Skyrim","Discworld books","Discworld books","Discworld books","His Dark Materials trilogy"]},{"index":2,"name":"col2","values":["Robert E. Howard's fictional universe","Oz universe","The Wheel of Time universe","The Wheel of Time universe","The Wheel of Time universe","The Wheel of Time universe","The Wheel of Time universe","The Wheel of Time universe","The Wheel of Time universe","The Wheel of Time universe","The Wheel of Time universe","Forgotten Realms","Forgotten Realms","Forgotten Realms","Forgotten Realms","The Elder Scrolls","Discworld","Discworld","Discworld","His Dark Materials trilogy"]}]},"context":{"page_title":null,"page_url":null,"page_entity_id":null,"content_hierarchy":[]},"links":[[[{"start":0,"end":16,"url":null,"entity_id":"Q2890315","candidates":[]}],[{"start":0,"end":26,"url":null,"entity_id":"Q130295","candidates":[]}],[{"start":0,"end":11,"url":null,"entity_id":"Q15912693","candidates":[]}]],[[{"start":0,"end":7,"url":null,"entity_id":"Q3981023","candidates":[]}],[{"start":0,"end":17,"url":null,"entity_id":"Q4470","candidates":[]}],[{"start":0,"end":26,"url":null,"entity_id":"Q3551234","candidates":[]}]],[[{"start":0,"end":5,"url":null,"entity_id":"Q3959178","candidates":[]}],[{"start":0,"end":17,"url":null,"entity_id":"Q4470","candidates":[]}],[{"start":0,"end":26,"url":null,"entity_id":"Q3551234","candidates":[]}]],[[{"start":0,"end":10,"url":null,"entity_id":"Q3844467","candidates":[]}],[{"start":0,"end":17,"url":null,"entity_id":"Q4470","candidates":[]}],[{"start":0,"end":26,"url":null,"entity_id":"Q3551234","candidates":[]}]],[[{"start":0,"end":7,"url":null,"entity_id":"Q3843945","candidates":[]}],[{"start":0,"end":17,"url":null,"entity_id":"Q4470","candidates":[]}],[{"start":0,"end":26,"url":null,"entity_id":"Q3551234","candidates":[]}]],[[{"start":0,"end":6,"url":null,"entity_id":"Q3812738","candidates":[]}],[{"start":0,"end":17,"url":null,"entity_id":"Q4470","candidates":[]}],[{"start":0,"end":26,"url":null,"entity_id":"Q3551234","candidates":[]}]],[[{"start":0,"end":8,"url":null,"entity_id":"Q3133194","candidates":[]}],[{"start":0,"end":17,"url":null,"entity_id":"Q4470","candidates":[]}],[{"start":0,"end":26,"url":null,"entity_id":"Q3551234","candidates":[]}]],[[{"start":0,"end":7,"url":null,"entity_id":"Q3110614","candidates":[]}],[{"start":0,"end":17,"url":null,"entity_id":"Q4470","candidates":[]}],[{"start":0,"end":26,"url":null,"entity_id":"Q3551234","candidates":[]}]],[[{"start":0,"end":10,"url":null,"entity_id":"Q2748943","candidates":[]}],[{"start":0,"end":17,"url":null,"entity_id":"Q4470","candidates":[]}],[{"start":0,"end":26,"url":null,"entity_id":"Q3551234","candidates":[]}]],[[{"start":0,"end":8,"url":null,"entity_id":"Q2748931","candidates":[]}],[{"start":0,"end":17,"url":null,"entity_id":"Q4470","candidates":[]}],[{"start":0,"end":26,"url":null,"entity_id":"Q3551234","candidates":[]}]],[[{"start":0,"end":2,"url":null,"entity_id":"Q3564892","candidates":[]}],[{"start":0,"end":28,"url":null,"entity_id":"Q16998127","candidates":[]}],[{"start":0,"end":16,"url":null,"entity_id":"Q853499","candidates":[]}]],[[{"start":0,"end":5,"url":null,"entity_id":"Q3513524","candidates":[]}],[{"start":0,"end":28,"url":null,"entity_id":"Q16998127","candidates":[]}],[{"start":0,"end":16,"url":null,"entity_id":"Q853499","candidates":[]}]],[[{"start":0,"end":8,"url":null,"entity_id":"Q3511866","candidates":[]}],[{"start":0,"end":28,"url":null,"entity_id":"Q16998127","candidates":[]}],[{"start":0,"end":16,"url":null,"entity_id":"Q853499","candidates":[]}]],[[{"start":0,"end":9,"url":null,"entity_id":"Q3482551","candidates":[]}],[{"start":0,"end":28,"url":null,"entity_id":"Q16998127","candidates":[]}],[{"start":0,"end":16,"url":null,"entity_id":"Q853499","candidates":[]}]],[[{"start":0,"end":6,"url":null,"entity_id":"Q5766342","candidates":[]}],[{"start":0,"end":27,"url":null,"entity_id":"Q323862","candidates":[]}],[{"start":0,"end":17,"url":null,"entity_id":"Q466530","candidates":[]}]],[[{"start":0,"end":6,"url":null,"entity_id":"Q3509107","candidates":[]}],[{"start":0,"end":15,"url":null,"entity_id":"Q3257270","candidates":[]}],[{"start":0,"end":9,"url":null,"entity_id":"Q253295","candidates":[]}]],[[{"start":0,"end":14,"url":null,"entity_id":"Q3490968","candidates":[]}],[{"start":0,"end":15,"url":null,"entity_id":"Q3257270","candidates":[]}],[{"start":0,"end":9,"url":null,"entity_id":"Q253295","candidates":[]}]],[[{"start":0,"end":6,"url":null,"entity_id":"Q3319549","candidates":[]}],[{"start":0,"end":15,"url":null,"entity_id":"Q3257270","candidates":[]}],[{"start":0,"end":9,"url":null,"entity_id":"Q253295","candidates":[]}]],[[{"start":0,"end":7,"url":null,"entity_id":"Q68741462","candidates":[]}],[{"start":0,"end":26,"url":null,"entity_id":"Q129240","candidates":[]}],[{"start":0,"end":26,"url":null,"entity_id":"Q129240","candidates":[]}]],[[{"start":0,"end":6,"url":null,"entity_id":"Q2887221","candidates":[]}],[{"start":0,"end":22,"url":null,"entity_id":"Q722594","candidates":[]}],[{"start":0,"end":37,"url":null,"entity_id":"Q17309972","candidates":[]}]]]}