{"version":"1.2","table":{"version":"2","table_id":"NV4URU6U","columns":[{"index":0,"name":"col0","values":["British Grand Prix","Athletissima","Weltklasse Zürich","Prefontaine Classic","Stuttgart Open","Tokyo Indoor","Open GDF Suez","2013 Ashes series","2012 UK Open Qualifier 1","2012 AFL finals series","2011 AFL finals series","2008 AFL finals series","2007 AFL finals series","2006 AFL finals series","2005 AFL finals series","2009 AFL finals series","2010 AFL finals series","Qatar Athletic Super Grand Prix","Herculis","London Grand Prix"]},{"index":1,"name":"col1","values":["United Kingdom","Switzerland","Switzerland","United States of America","Germany","Japan","France","United Kingdom","United Kingdom","Australia","Australia","Australia","Australia","Australia","Australia","Australia","Australia","Qatar","Monaco","United Kingdom"]},{"index":2,"name":"col2","values":["Diamond League","Diamond League","Diamond League","Diamond League","ATP World Tour 250 series","ATP Tour","WTA Premier series","Australian cricket team in England in 2013","2012 PDC Pro Tour","2012 AFL season","2011 AFL season","2008 AFL season","2007 AFL season","2006 AFL season","2005 AFL season","2009 AFL season","2010 AFL season","Diamond League","Diamond League","Diamond League"]}]},"context":{"page_title":null,"page_url":null,"page_entity_id":null,"content_hierarchy":[]},"links":[[[{"start":0,"end":12,"url":null,"entity_id":"Q665517","candidates":[]}],[{"start":0,"end":11,"url":null,"entity_id":"Q39","candidates":[]}],[{"start":0,"end":14,"url":null,"entity_id":"Q301839","candidates":[]}]],[[{"start":0,"end":17,"url":null,"entity_id":"Q661729","candidates":[]}],[{"start":0,"end":11,"url":null,"entity_id":"Q39","candidates":[]}],[{"start":0,"end":14,"url":null,"entity_id":"Q301839","candidates":[]}]],[[{"start":0,"end":19,"url":null,"entity_id":"Q679614","candidates":[]}],[{"start":0,"end":24,"url":null,"entity_id":"Q30","candidates":[]}],[{"start":0,"end":14,"url":null,"entity_id":"Q301839","candidates":[]}]],[[{"start":0,"end":14,"url":null,"entity_id":"Q130222","candidates":[]}],[{"start":0,"end":7,"url":null,"entity_id":"Q183","candidates":[]}],[{"start":0,"end":25,"url":null,"entity_id":"Q300017","candidates":[]}]],[[{"start":0,"end":12,"url":null,"entity_id":"Q299814","candidates":[]}],[{"start":0,"end":5,"url":null,"entity_id":"Q17","candidates":[]}],[{"start":0,"end":8,"url":null,"entity_id":"Q300008","candidates":[]}]],[[{"start":0,"end":13,"url":null,"entity_id":"Q117827","candidates":[]}],[{"start":0,"end":6,"url":null,"entity_id":"Q142","candidates":[]}],[{"start":0,"end":18,"url":null,"entity_id":"Q41000","candidates":[]}]],[[{"start":0,"end":17,"url":null,"entity_id":"Q4629062","candidates":[]}],[{"start":0,"end":14,"url":null,"entity_id":"Q145","candidates":[]}],[{"start":0,"end":42,"url":null,"entity_id":"Q13560913","candidates":[]}]],[[{"start":0,"end":24,"url":null,"entity_id":"Q4627079","candidates":[]}],[{"start":0,"end":14,"url":null,"entity_id":"Q145","candidates":[]}],[{"start":0,"end":17,"url":null,"entity_id":"Q4626474","candidates":[]}]],[[{"start":0,"end":22,"url":null,"entity_id":"Q4624595","candidates":[]}],[{"start":0,"end":9,"url":null,"entity_id":"Q408","candidates":[]}],[{"start":0,"end":15,"url":null,"entity_id":"Q4624596","candidates":[]}]],[[{"start":0,"end":22,"url":null,"entity_id":"Q4620230","candidates":[]}],[{"start":0,"end":9,"url":null,"entity_id":"Q408","candidates":[]}],[{"start":0,"end":15,"url":null,"entity_id":"Q4620229","candidates":[]}]],[[{"start":0,"end":22,"url":null,"entity_id":"Q4610399","candidates":[]}],[{"start":0,"end":9,"url":null,"entity_id":"Q408","candidates":[]}],[{"start":0,"end":15,"url":null,"entity_id":"Q4610400","candidates":[]}]],[[{"start":0,"end":22,"url":null,"entity_id":"Q4607823","candidates":[]}],[{"start":0,"end":9,"url":null,"entity_id":"Q408","candidates":[]}],[{"start":0,"end":15,"url":null,"entity_id":"Q4607824","candidates":[]}]],[[{"start":0,"end":22,"url":null,"entity_id":"Q4605662","candidates":[]}],[{"start":0,"end":9,"url":null,"entity_id":"Q408","candidates":[]}],[{"start":0,"end":15,"url":null,"entity_id":"Q4605663","candidates":[]}]],[[{"start":0,"end":22,"url":null,"entity_id":"Q4603907","candidates":[]}],[{"start":0,"end":9,"url":null,"entity_id":"Q408","candidates":[]}],[{"start":0,"end":15,"url":null,"entity_id":"Q4603908","candidates":[]}]],[[{"start":0,"end":22,"url":null,"entity_id":"Q4613123","candidates":[]}],[{"start":0,"end":9,"url":null,"entity_id":"Q408","candidates":[]}],[{"start":0,"end":15,"url":null,"entity_id":"Q3653371","candidates":[]}]],[[{"start":0,"end":22,"url":null,"entity_id":"Q4616472","candidates":[]}],[{"start":0,"end":9,"url":null,"entity_id":"Q408","candidates":[]}],[{"start":0,"end":15,"url":null,"entity_id":"Q3467936","candidates":[]}]],[[{"start":0,"end":31,"url":null,"entity_id":"Q1118647","candidates":[]}],[{"start":0,"end":5,"url":null,"entity_id":"Q846","candidates":[]}],[{"start":0,"end":14,"url":null,"entity_id":"Q301839","candidates":[]}]],[[{"start":0,"end":8,"url":null,"entity_id":"Q1250640","candidates":[]}],[{"start":0,"end":6,"url":null,"entity_id":"Q235","candidates":[]}],[{"start":0,"end":14,"url":null,"entity_id":"Q301839","candidates":[]}]],[[{"start":0,"end":17,"url":null,"entity_id":"Q791183","candidates":[]}],[{"start":0,"end":14,"url":null,"entity_id":"Q145","candidates":[]}],[{"start":0,"end":14,"url":null,"entity_id":"Q301839","candidates":[]}]],[[{"start":0,"end":18,"url":null,"entity_id":"Q746741","candidates":[]}],[{"start":0,"end":14,"url":null,"entity_id":"Q145","candidates":[]}],[{"start":0,"end":14,"url":null,"entity_id":"Q301839","candidates":[]}]]]}