{"version":"1.2","table":{"version":"2","table_id":"NWCGL5MT","columns":[{"index":0,"name":"col0","values":["Kragujevac massacre","Novocherkassk massacre","Thiaroye Massacre","Ganghwa massacre","Bodo League massacre","Haditha killings","Cinema Rex fire","Dos Erres massacre","Aramoana massacre","Sharpeville massacre","Srebrenica massacre","Černová massacre","Kamianets-Podilskyi Massacre","Peterloo Massacre","Kingsmill massacre","massacre of Oradour-sur-Glane","Ascq massacre","2010 San Fernando massacre","Lisbon Massacre","Sivas massacre"]},{"index":1,"name":"col1","values":["axis occupation of Serbia","Soviet Union","Senegal","South Korea","South Korea","Iraq","Iran","Guatemala","New Zealand","South Africa","Bosnia and Herzegovina","Slovakia","Ukraine","United Kingdom","United Kingdom","France","France","Mexico","Portugal","Turkey"]},{"index":2,"name":"col2","values":["2786","26","35","212","200000","24","470","226","14","69","8000","15","23600","15","10","642","86","72","2500","37"]}]},"context":{"page_title":null,"page_url":null,"page_entity_id":null,"content_hierarchy":[]},"links":[[[{"start":0,"end":22,"url":null,"entity_id":"Q571354","candidates":[]}],[{"start":0,"end":12,"url":null,"entity_id":"Q15180","candidates":[]}],[]],[[{"start":0,"end":17,"url":null,"entity_id":"Q303059","candidates":[]}],[{"start":0,"end":7,"url":null,"entity_id":"Q1041","candidates":[]}],[]],[[{"start":0,"end":16,"url":null,"entity_id":"Q496095","candidates":[]}],[{"start":0,"end":11,"url":null,"entity_id":"Q884","candidates":[]}],[]],[[{"start":0,"end":20,"url":null,"entity_id":"Q181289","candidates":[]}],[{"start":0,"end":11,"url":null,"entity_id":"Q884","candidates":[]}],[]],[[{"start":0,"end":16,"url":null,"entity_id":"Q981327","candidates":[]}],[{"start":0,"end":4,"url":null,"entity_id":"Q796","candidates":[]}],[]],[[{"start":0,"end":15,"url":null,"entity_id":"Q123170","candidates":[]}],[{"start":0,"end":4,"url":null,"entity_id":"Q794","candidates":[]}],[]],[[{"start":0,"end":18,"url":null,"entity_id":"Q740534","candidates":[]}],[{"start":0,"end":9,"url":null,"entity_id":"Q774","candidates":[]}],[]],[[{"start":0,"end":17,"url":null,"entity_id":"Q473868","candidates":[]}],[{"start":0,"end":11,"url":null,"entity_id":"Q664","candidates":[]}],[]],[[{"start":0,"end":20,"url":null,"entity_id":"Q518753","candidates":[]}],[{"start":0,"end":12,"url":null,"entity_id":"Q258","candidates":[]}],[]],[[{"start":0,"end":19,"url":null,"entity_id":"Q170334","candidates":[]}],[{"start":0,"end":22,"url":null,"entity_id":"Q225","candidates":[]}],[]],[[{"start":0,"end":16,"url":null,"entity_id":"Q686944","candidates":[]}],[{"start":0,"end":8,"url":null,"entity_id":"Q214","candidates":[]}],[]],[[{"start":0,"end":28,"url":null,"entity_id":"Q481526","candidates":[]}],[{"start":0,"end":7,"url":null,"entity_id":"Q212","candidates":[]}],[]],[[{"start":0,"end":17,"url":null,"entity_id":"Q876357","candidates":[]}],[{"start":0,"end":14,"url":null,"entity_id":"Q145","candidates":[]}],[]],[[{"start":0,"end":18,"url":null,"entity_id":"Q547328","candidates":[]}],[{"start":0,"end":14,"url":null,"entity_id":"Q145","candidates":[]}],[]],[[{"start":0,"end":29,"url":null,"entity_id":"Q836897","candidates":[]}],[{"start":0,"end":6,"url":null,"entity_id":"Q142","candidates":[]}],[]],[[{"start":0,"end":13,"url":null,"entity_id":"Q706535","candidates":[]}],[{"start":0,"end":6,"url":null,"entity_id":"Q142","candidates":[]}],[]],[[{"start":0,"end":26,"url":null,"entity_id":"Q952516","candidates":[]}],[{"start":0,"end":6,"url":null,"entity_id":"Q96","candidates":[]}],[]],[[{"start":0,"end":15,"url":null,"entity_id":"Q60830","candidates":[]}],[{"start":0,"end":8,"url":null,"entity_id":"Q45","candidates":[]}],[]],[[{"start":0,"end":14,"url":null,"entity_id":"Q897808","candidates":[]}],[{"start":0,"end":6,"url":null,"entity_id":"Q43","candidates":[]}],[]],[[{"start":0,"end":19,"url":null,"entity_id":"Q685201","candidates":[]}],[{"start":0,"end":25,"url":null,"entity_id":"Q10726489","candidates":[]}],[]]]}