{"version":"1.2","table":{"version":"2","table_id":"NXK00FQT","columns":[{"index":0,"name":"col0","values":["Typhoon Wipha","Typhoon Fung-wong","Typhoon Dolphin","Typhoon Higos","Typhoon Fanapi","Typhoon Kai-tak","Typhoon Haikui","Typhoon Danas","Typhoon Haiyan","Typhoon Krosa (2013)","Typhoon Lekima","Typhoon Francisco","Typhoon Wipha","Typhoon Wutip","Typhoon Nari","Cyclone Phailin","Typhoon Usagi","Typhoon Utor","Typhoon Soulik","Typhoon Songda"]},{"index":1,"name":"col1","values":["2007-09-22","2008-07-30","2008-12-20","2002-10-04","2010-09-21","2012-08-18","2012-08-11","2013-10-09","2013-11-11","2013-11-04","2013-10-28","2013-10-26","2013-10-22","2013-10-01","2013-10-16","2013-10-14","2013-09-24","2013-08-18","2013-07-15","2004-09-13"]},{"index":2,"name":"col2","values":["2007 Pacific typhoon season","2008 Pacific typhoon season","2008 Pacific typhoon season","2002 Pacific typhoon season","2010 Pacific typhoon season","2012 Pacific typhoon season","2012 Pacific typhoon season","2013 Pacific typhoon season","2013 Pacific typhoon season","2013 Pacific typhoon season","2013 Pacific typhoon season","2013 Pacific typhoon season","2013 Pacific typhoon season","2013 Pacific typhoon season","2013 Pacific typhoon season","2013 Pacific typhoon season","2013 Pacific typhoon season","2013 Pacific typhoon season","2013 Pacific typhoon season","2004 Pacific typhoon season"]},{"index":3,"name":"col3","values":["922","950","959","904","930","968","950","930","890","944","905","910","930","948","948","918","910","925","915","916"]}]},"context":{"page_title":null,"page_url":null,"page_entity_id":null,"content_hierarchy":[]},"links":[[[{"start":0,"end":17,"url":null,"entity_id":"Q7861178","candidates":[]}],[],[{"start":0,"end":27,"url":null,"entity_id":"Q1143629","candidates":[]}],[]],[[{"start":0,"end":15,"url":null,"entity_id":"Q7861157","candidates":[]}],[],[{"start":0,"end":27,"url":null,"entity_id":"Q1143629","candidates":[]}],[]],[[{"start":0,"end":13,"url":null,"entity_id":"Q7861199","candidates":[]}],[],[{"start":0,"end":27,"url":null,"entity_id":"Q865915","candidates":[]}],[]],[[{"start":0,"end":14,"url":null,"entity_id":"Q8731596","candidates":[]}],[],[{"start":0,"end":27,"url":null,"entity_id":"Q762913","candidates":[]}],[]],[[{"start":0,"end":15,"url":null,"entity_id":"Q7861222","candidates":[]}],[],[{"start":0,"end":27,"url":null,"entity_id":"Q623899","candidates":[]}],[]],[[{"start":0,"end":14,"url":null,"entity_id":"Q7861188","candidates":[]}],[],[{"start":0,"end":27,"url":null,"entity_id":"Q623899","candidates":[]}],[]],[[{"start":0,"end":13,"url":null,"entity_id":"Q15903196","candidates":[]}],[],[{"start":0,"end":27,"url":null,"entity_id":"Q623747","candidates":[]}],[]],[[{"start":0,"end":14,"url":null,"entity_id":"Q15136651","candidates":[]}],[],[{"start":0,"end":27,"url":null,"entity_id":"Q623747","candidates":[]}],[]],[[{"start":0,"end":20,"url":null,"entity_id":"Q15120963","candidates":[]}],[],[{"start":0,"end":27,"url":null,"entity_id":"Q623747","candidates":[]}],[]],[[{"start":0,"end":14,"url":null,"entity_id":"Q15103209","candidates":[]}],[],[{"start":0,"end":27,"url":null,"entity_id":"Q623747","candidates":[]}],[]],[[{"start":0,"end":17,"url":null,"entity_id":"Q15103208","candidates":[]}],[],[{"start":0,"end":27,"url":null,"entity_id":"Q623747","candidates":[]}],[]],[[{"start":0,"end":13,"url":null,"entity_id":"Q15073655","candidates":[]}],[],[{"start":0,"end":27,"url":null,"entity_id":"Q623747","candidates":[]}],[]],[[{"start":0,"end":13,"url":null,"entity_id":"Q15073633","candidates":[]}],[],[{"start":0,"end":27,"url":null,"entity_id":"Q623747","candidates":[]}],[]],[[{"start":0,"end":12,"url":null,"entity_id":"Q15067893","candidates":[]}],[],[{"start":0,"end":27,"url":null,"entity_id":"Q623747","candidates":[]}],[]],[[{"start":0,"end":15,"url":null,"entity_id":"Q15057483","candidates":[]}],[],[{"start":0,"end":27,"url":null,"entity_id":"Q623747","candidates":[]}],[]],[[{"start":0,"end":13,"url":null,"entity_id":"Q14927387","candidates":[]}],[],[{"start":0,"end":27,"url":null,"entity_id":"Q623747","candidates":[]}],[]],[[{"start":0,"end":12,"url":null,"entity_id":"Q14544246","candidates":[]}],[],[{"start":0,"end":27,"url":null,"entity_id":"Q623747","candidates":[]}],[]],[[{"start":0,"end":14,"url":null,"entity_id":"Q13846599","candidates":[]}],[],[{"start":0,"end":27,"url":null,"entity_id":"Q623747","candidates":[]}],[]],[[{"start":0,"end":14,"url":null,"entity_id":"Q8191652","candidates":[]}],[],[{"start":0,"end":27,"url":null,"entity_id":"Q367213","candidates":[]}],[]],[[{"start":0,"end":13,"url":null,"entity_id":"Q7861347","candidates":[]}],[],[{"start":0,"end":27,"url":null,"entity_id":"Q1191612","candidates":[]}],[]]]}