{"version":"1.2","table":{"version":"2","table_id":"NXN1JKXP","columns":[{"index":0,"name":"col0","values":["ESIS 87332","ESIS 87621","ESIS 102982","ESIS 107634","ESIS 113313","ESIS 103210","ESIS 60594","ESIS 87851","ESIS 54150","ESIS 128236","ESIS 61717","ESIS 105658","ESIS 131994","ESIS 61513","ESIS 112295","ESIS 95951","ESIS 98355","ESIS 105193","ESIS 104833","ESIS 87292","ESIS 78268","ESIS 110571","ESIS 76181","ESIS 84211","ESIS 64745","ESIS 63688","ESIS 111437","ESIS 59671","ESIS 85505","ESIS 126766","ESIS 54342","ESIS 51435","ESIS 88683","ESIS 110762","ESIS 103504"]},{"index":1,"name":"col1","values":["279181","266435","31173","242950","266587","152202","265657","276731","46686","230216","81157","288414","197124","272165","51630","150923","284299","234067","258142","268617","46686","256620","83250","197893","254301","97230","157173","142932","83250","284200","20253","97230","273289","213566","260574"]},{"index":2,"name":"col2","values":["25.143","21.576","24.388","24.748","18.451","22.619","24.47","24.604","18.507","23.499","21.022","23.92","23.184","23.383","20.351","22.989","24.748","24.81","23.411","22.367","22.11","24.633","22.738","23.119","21.772","21.008","22.293","22.152","20.767","24.226","21.698","20.359","25.145","23.11","25.1"]},{"index":3,"name":"col3","values":["8.926167","8.642875","8.427792","8.3515","8.385417","8.511208","8.871333","8.752417","8.666542","8.503125","8.650958","8.520542","8.581875","8.921","8.518875","8.489875","8.559625","8.569042","8.5525","8.93208","8.864833","8.48667","8.839625","8.77333","8.85208","8.83875","8.5075","8.877667","8.935375","8.329083","8.834417","8.960333","8.61542","8.5495","8.32725"]}]},"context":{"page_title":null,"page_url":null,"page_entity_id":null,"content_hierarchy":[]},"links":[[[{"start":0,"end":10,"url":null,"entity_id":"Q85549842","candidates":[]}],[],[],[]],[[{"start":0,"end":11,"url":null,"entity_id":"Q85549836","candidates":[]}],[],[],[]],[[{"start":0,"end":11,"url":null,"entity_id":"Q85549830","candidates":[]}],[],[],[]],[[{"start":0,"end":11,"url":null,"entity_id":"Q85549810","candidates":[]}],[],[],[]],[[{"start":0,"end":11,"url":null,"entity_id":"Q85549807","candidates":[]}],[],[],[]],[[{"start":0,"end":10,"url":null,"entity_id":"Q85549804","candidates":[]}],[],[],[]],[[{"start":0,"end":10,"url":null,"entity_id":"Q85549798","candidates":[]}],[],[],[]],[[{"start":0,"end":10,"url":null,"entity_id":"Q85549788","candidates":[]}],[],[],[]],[[{"start":0,"end":11,"url":null,"entity_id":"Q85549771","candidates":[]}],[],[],[]],[[{"start":0,"end":10,"url":null,"entity_id":"Q85549758","candidates":[]}],[],[],[]],[[{"start":0,"end":11,"url":null,"entity_id":"Q85549755","candidates":[]}],[],[],[]],[[{"start":0,"end":11,"url":null,"entity_id":"Q85549722","candidates":[]}],[],[],[]],[[{"start":0,"end":10,"url":null,"entity_id":"Q85549720","candidates":[]}],[],[],[]],[[{"start":0,"end":11,"url":null,"entity_id":"Q85549712","candidates":[]}],[],[],[]],[[{"start":0,"end":10,"url":null,"entity_id":"Q85549710","candidates":[]}],[],[],[]],[[{"start":0,"end":10,"url":null,"entity_id":"Q85549707","candidates":[]}],[],[],[]],[[{"start":0,"end":11,"url":null,"entity_id":"Q85549685","candidates":[]}],[],[],[]],[[{"start":0,"end":11,"url":null,"entity_id":"Q85549683","candidates":[]}],[],[],[]],[[{"start":0,"end":10,"url":null,"entity_id":"Q85549677","candidates":[]}],[],[],[]],[[{"start":0,"end":10,"url":null,"entity_id":"Q85549672","candidates":[]}],[],[],[]],[[{"start":0,"end":11,"url":null,"entity_id":"Q85549666","candidates":[]}],[],[],[]],[[{"start":0,"end":10,"url":null,"entity_id":"Q85549664","candidates":[]}],[],[],[]],[[{"start":0,"end":10,"url":null,"entity_id":"Q85549658","candidates":[]}],[],[],[]],[[{"start":0,"end":10,"url":null,"entity_id":"Q85549646","candidates":[]}],[],[],[]],[[{"start":0,"end":10,"url":null,"entity_id":"Q85549627","candidates":[]}],[],[],[]],[[{"start":0,"end":11,"url":null,"entity_id":"Q85549610","candidates":[]}],[],[],[]],[[{"start":0,"end":10,"url":null,"entity_id":"Q85549609","candidates":[]}],[],[],[]],[[{"start":0,"end":10,"url":null,"entity_id":"Q85549604","candidates":[]}],[],[],[]],[[{"start":0,"end":11,"url":null,"entity_id":"Q85549603","candidates":[]}],[],[],[]],[[{"start":0,"end":10,"url":null,"entity_id":"Q85549592","candidates":[]}],[],[],[]],[[{"start":0,"end":10,"url":null,"entity_id":"Q85549577","candidates":[]}],[],[],[]],[[{"start":0,"end":10,"url":null,"entity_id":"Q85549576","candidates":[]}],[],[],[]],[[{"start":0,"end":11,"url":null,"entity_id":"Q85549574","candidates":[]}],[],[],[]],[[{"start":0,"end":11,"url":null,"entity_id":"Q85549557","candidates":[]}],[],[],[]],[[{"start":0,"end":10,"url":null,"entity_id":"Q85549851","candidates":[]}],[],[],[]]]}