{"version":"1.2","table":{"version":"2","table_id":"NXWFSVU1","columns":[{"index":0,"name":"col0","values":["Hurricane Ethel","Hurricane Edna","Hurricane Helene","Hurricane Janet","Hurricane Diane","Hurricane Audrey","Hurricane Flora","Hurricane Carol","Hurricane Betsy","Hurricane Hazel","Hurricane Alma","Hurricane Karl","Hurricane Inga","Hurricane Hattie","Hurricane Faith","Hurricane Donna","Hurricane Camille","Hurricane Carla","Hurricane Gracie","Hurricane Debbie"]},{"index":1,"name":"col1","values":["974","943","933","914","969","946","940","955","941","938","970","970","964","920","950","930","905","931","951","951"]},{"index":2,"name":"col2","values":["1960-09-12","1954-09-02","1958-09-21","1955-09-21","1955-08-07","1957-06-25","1963-09-26","1954-08-25","1965-08-27","1954-10-05","1966-06-04","1998-09-23","1969-09-20","1961-10-27","1966-08-21","1960-08-29","1969-08-14","1961-09-03","1959-09-20","1969-08-14"]},{"index":3,"name":"col3","values":["100","110","125","178","90","110","125","100","135","115","110","165","100","140","110","125","150","150","115","105"]},{"index":4,"name":"col4","values":["1960-09-17","1954-09-15","1958-09-29","1955-09-30","1955-08-23","1957-06-29","1963-10-12","1954-09-01","1965-09-13","1954-10-18","1966-06-13","1998-09-28","1969-10-15","1961-11-01","1966-09-15","1960-09-14","1969-08-22","1961-09-17","1959-09-30","1969-08-25"]}]},"context":{"page_title":null,"page_url":null,"page_entity_id":null,"content_hierarchy":[]},"links":[[[{"start":0,"end":14,"url":null,"entity_id":"Q3358382","candidates":[]}],[],[],[],[]],[[{"start":0,"end":16,"url":null,"entity_id":"Q3303202","candidates":[]}],[],[],[],[]],[[{"start":0,"end":15,"url":null,"entity_id":"Q3303181","candidates":[]}],[],[],[],[]],[[{"start":0,"end":15,"url":null,"entity_id":"Q3301991","candidates":[]}],[],[],[],[]],[[{"start":0,"end":16,"url":null,"entity_id":"Q3246568","candidates":[]}],[],[],[],[]],[[{"start":0,"end":15,"url":null,"entity_id":"Q3243642","candidates":[]}],[],[],[],[]],[[{"start":0,"end":15,"url":null,"entity_id":"Q3108734","candidates":[]}],[],[],[],[]],[[{"start":0,"end":15,"url":null,"entity_id":"Q3087650","candidates":[]}],[],[],[],[]],[[{"start":0,"end":15,"url":null,"entity_id":"Q2744086","candidates":[]}],[],[],[],[]],[[{"start":0,"end":14,"url":null,"entity_id":"Q2115999","candidates":[]}],[],[],[],[]],[[{"start":0,"end":14,"url":null,"entity_id":"Q1638654","candidates":[]}],[],[],[],[]],[[{"start":0,"end":14,"url":null,"entity_id":"Q1638618","candidates":[]}],[],[],[],[]],[[{"start":0,"end":16,"url":null,"entity_id":"Q1638597","candidates":[]}],[],[],[],[]],[[{"start":0,"end":15,"url":null,"entity_id":"Q1638586","candidates":[]}],[],[],[],[]],[[{"start":0,"end":15,"url":null,"entity_id":"Q1638575","candidates":[]}],[],[],[],[]],[[{"start":0,"end":17,"url":null,"entity_id":"Q1638557","candidates":[]}],[],[],[],[]],[[{"start":0,"end":15,"url":null,"entity_id":"Q1559974","candidates":[]}],[],[],[],[]],[[{"start":0,"end":16,"url":null,"entity_id":"Q1551472","candidates":[]}],[],[],[],[]],[[{"start":0,"end":16,"url":null,"entity_id":"Q1245095","candidates":[]}],[],[],[],[]],[[{"start":0,"end":15,"url":null,"entity_id":"Q3821664","candidates":[]}],[],[],[],[]]]}