{"version":"1.2","table":{"version":"2","table_id":"NYJH5I5R","columns":[{"index":0,"name":"col0","values":["2014 Indian general election in Patiala Lok Sabha constituency","2014 Indian general election in Sangrur Lok Sabha constituency","2014 Indian general election in Ludhiana Lok Sabha constituency","2014 Indian general election in Amritsar Lok Sabha constituency","2014 Indian general election in Nagaland Lok Sabha constituency","2014 Indian general election in Outer Manipur Lok Sabha constituency","2014 Indian general election in Beed Lok Sabha constituency","2014 Indian general election in Nanded Lok Sabha constituency","2014 Indian general election in Hingoli Lok Sabha constituency","2014 Indian general election in Nagpur Lok Sabha constituency","2014 Indian general election in Wardha Lok Sabha constituency","2014 Indian general election in Jalgaon Lok Sabha constituency","2014 Indian general election in Dhule Lok Sabha constituency","2014 Indian general election in Thiruvananthapuram Lok Sabha constituency","2014 Indian general election in Bidar Lok Sabha constituency","2014 Indian general election in Faridabad Lok Sabha constituency","2014 Indian general election in Gurgaon Lok Sabha constituency","2014 Indian general election in Sonipat Lok Sabha constituency","2014 Indian general election in Karnal Lok Sabha constituency","2014 Indian general election in Kurukshetra Lok Sabha constituency"]},{"index":1,"name":"col1","values":["1580273","1424743","1561201","1477262","1182948","918966","1792650","1687057","1586194","1900787","1564553","1707933","1674469","1272748","1600962","1740352","1845623","1417188","1684321","1498459"]},{"index":2,"name":"col2","values":["1120933","1099467","1100457","1007196","1038910","771766","1232202","1013350","1051164","1085058","1013445","990332","983083","873439","959384","1130726","1320619","985637","1193500","1135892"]},{"index":3,"name":"col3","values":["3008","2188","3220","2533","2696","2206","2323","3155","3107","3460","3343","3268","2503","3346","2817","3328","2658","2403","2929","2482"]}]},"context":{"page_title":null,"page_url":null,"page_entity_id":null,"content_hierarchy":[]},"links":[[[{"start":0,"end":62,"url":null,"entity_id":"Q63988645","candidates":[]}],[],[],[]],[[{"start":0,"end":63,"url":null,"entity_id":"Q63988631","candidates":[]}],[],[],[]],[[{"start":0,"end":63,"url":null,"entity_id":"Q63988621","candidates":[]}],[],[],[]],[[{"start":0,"end":63,"url":null,"entity_id":"Q63988569","candidates":[]}],[],[],[]],[[{"start":0,"end":68,"url":null,"entity_id":"Q63988561","candidates":[]}],[],[],[]],[[{"start":0,"end":59,"url":null,"entity_id":"Q63988528","candidates":[]}],[],[],[]],[[{"start":0,"end":61,"url":null,"entity_id":"Q63988480","candidates":[]}],[],[],[]],[[{"start":0,"end":62,"url":null,"entity_id":"Q63988479","candidates":[]}],[],[],[]],[[{"start":0,"end":61,"url":null,"entity_id":"Q63988462","candidates":[]}],[],[],[]],[[{"start":0,"end":61,"url":null,"entity_id":"Q63988459","candidates":[]}],[],[],[]],[[{"start":0,"end":62,"url":null,"entity_id":"Q63988449","candidates":[]}],[],[],[]],[[{"start":0,"end":60,"url":null,"entity_id":"Q63988446","candidates":[]}],[],[],[]],[[{"start":0,"end":73,"url":null,"entity_id":"Q63988381","candidates":[]}],[],[],[]],[[{"start":0,"end":60,"url":null,"entity_id":"Q63988290","candidates":[]}],[],[],[]],[[{"start":0,"end":64,"url":null,"entity_id":"Q63988255","candidates":[]}],[],[],[]],[[{"start":0,"end":62,"url":null,"entity_id":"Q63988252","candidates":[]}],[],[],[]],[[{"start":0,"end":62,"url":null,"entity_id":"Q63988249","candidates":[]}],[],[],[]],[[{"start":0,"end":61,"url":null,"entity_id":"Q63988247","candidates":[]}],[],[],[]],[[{"start":0,"end":66,"url":null,"entity_id":"Q63988243","candidates":[]}],[],[],[]],[[{"start":0,"end":62,"url":null,"entity_id":"Q63988646","candidates":[]}],[],[],[]]]}