{"version":"1.2","table":{"version":"2","table_id":"NZFETOHN","columns":[{"index":0,"name":"col0","values":["Vagnhärad unicipaoity","Getinge munifipality","Öskened municipality","Fiospång#köping","Växj town","Östetsund Town","Örnsköldsvik own","Örebrq Town","Nra Town","Åmål Vown","Östra Ljungby munickpality","Rengsjö Munkcipality","Öregrundcity","Östhammar Ciwy","Sundbybergsstad","Södertälje$city","Södra Kinda Municiplity","Ullånger Muicipality","Torslunda unicipality","Säffle Towo"]},{"index":1,"name":"col1","values":["1952/01/01","1863/01/01","1863/01/01","1942/01/01","1342/02/21","1786/10/23","1894/01/01","1250/01/01","1643/01/01","1643/04/01","1863/01/01","1863/01/01","1554/01/01","1539/01/01","1927/01/01","1386/01/01","1952/01/01","1863/01/01","1863/01/01","1951/01/01"]},{"index":2,"name":"col2","values":["Vagnhärad","Getinge","Lönsboda","Finspång","Växjö","Östersund","Örnsköldsvik","Örebro","Nora","Åmål","Östra Ljungby","Rengsjö","Öregrund","Östhammar","Central Sundbyberg","Södertälje","Horn","Ullånger","Färjestaden","Säffle"]},{"index":3,"name":"col3","values":["Trosa Municipality","Halmstad Municipality","Osby Municipality","Finspång Municipality","Växjö Municipality","Östersund Municipality","Örnsköldsvik Municipality","Örebro Municipality","Nora Municipality","Åmål Municipality","Ängelholm Municipality","Bollnäs Municipality","Östhammar Municipality","Östhammar Municipality","Sundbyberg Municipality","Södertälje Municipality","Kinda Municipality","Kramfors Municipality","Mörbylånga Municipality","Säffle Municipality"]},{"index":4,"name":"col4","values":["209.312","62.18599999999999","234.112","369.0","85.68","52.208","10.09","125.874","10.945","13.104","81.81","130.0","134.19699999999997","1.4414399999999998","7.0280000000000005","43.258","322.60499999999996","383.528","233.69899999999998","164.984"]}]},"context":{"page_title":null,"page_url":null,"page_entity_id":null,"content_hierarchy":[]},"links":[[[{"start":0,"end":20,"url":null,"entity_id":"Q15962221","candidates":[]}],[],[{"start":0,"end":7,"url":null,"entity_id":"Q282755","candidates":[]}],[{"start":0,"end":21,"url":null,"entity_id":"Q504692","candidates":[]}],[]],[[{"start":0,"end":20,"url":null,"entity_id":"Q10727590","candidates":[]}],[],[{"start":0,"end":8,"url":null,"entity_id":"Q1016865","candidates":[]}],[{"start":0,"end":17,"url":null,"entity_id":"Q504594","candidates":[]}],[]],[[{"start":0,"end":15,"url":null,"entity_id":"Q15145313","candidates":[]}],[],[{"start":0,"end":8,"url":null,"entity_id":"Q1000129","candidates":[]}],[{"start":0,"end":21,"url":null,"entity_id":"Q503180","candidates":[]}],[]],[[{"start":0,"end":9,"url":null,"entity_id":"Q10718577","candidates":[]}],[],[{"start":0,"end":5,"url":null,"entity_id":"Q26152","candidates":[]}],[{"start":0,"end":18,"url":null,"entity_id":"Q500217","candidates":[]}],[]],[[{"start":0,"end":14,"url":null,"entity_id":"Q10728134","candidates":[]}],[],[{"start":0,"end":9,"url":null,"entity_id":"Q26515","candidates":[]}],[{"start":0,"end":22,"url":null,"entity_id":"Q306789","candidates":[]}],[]],[[{"start":0,"end":16,"url":null,"entity_id":"Q10727639","candidates":[]}],[],[{"start":0,"end":12,"url":null,"entity_id":"Q28327","candidates":[]}],[{"start":0,"end":25,"url":null,"entity_id":"Q298003","candidates":[]}],[]],[[{"start":0,"end":11,"url":null,"entity_id":"Q10727490","candidates":[]}],[],[{"start":0,"end":6,"url":null,"entity_id":"Q25732","candidates":[]}],[{"start":0,"end":19,"url":null,"entity_id":"Q297718","candidates":[]}],[]],[[{"start":0,"end":8,"url":null,"entity_id":"Q18292552","candidates":[]}],[],[{"start":0,"end":4,"url":null,"entity_id":"Q83679","candidates":[]}],[{"start":0,"end":17,"url":null,"entity_id":"Q285894","candidates":[]}],[]],[[{"start":0,"end":9,"url":null,"entity_id":"Q10726527","candidates":[]}],[],[{"start":0,"end":4,"url":null,"entity_id":"Q271082","candidates":[]}],[{"start":0,"end":17,"url":null,"entity_id":"Q271079","candidates":[]}],[]],[[{"start":0,"end":26,"url":null,"entity_id":"Q10728356","candidates":[]}],[],[{"start":0,"end":13,"url":null,"entity_id":"Q1901778","candidates":[]}],[{"start":0,"end":22,"url":null,"entity_id":"Q255206","candidates":[]}],[]],[[{"start":0,"end":20,"url":null,"entity_id":"Q16579736","candidates":[]}],[],[{"start":0,"end":7,"url":null,"entity_id":"Q1016373","candidates":[]}],[{"start":0,"end":20,"url":null,"entity_id":"Q62469","candidates":[]}],[]],[[{"start":0,"end":12,"url":null,"entity_id":"Q10727516","candidates":[]}],[],[{"start":0,"end":8,"url":null,"entity_id":"Q297790","candidates":[]}],[{"start":0,"end":22,"url":null,"entity_id":"Q59093","candidates":[]}],[]],[[{"start":0,"end":14,"url":null,"entity_id":"Q10728225","candidates":[]}],[],[{"start":0,"end":9,"url":null,"entity_id":"Q59088","candidates":[]}],[{"start":0,"end":22,"url":null,"entity_id":"Q59093","candidates":[]}],[]],[[{"start":0,"end":15,"url":null,"entity_id":"Q10683761","candidates":[]}],[],[{"start":0,"end":18,"url":null,"entity_id":"Q5061887","candidates":[]}],[{"start":0,"end":23,"url":null,"entity_id":"Q972564","candidates":[]}],[]],[[{"start":0,"end":15,"url":null,"entity_id":"Q10688812","candidates":[]}],[],[{"start":0,"end":10,"url":null,"entity_id":"Q26518","candidates":[]}],[{"start":0,"end":23,"url":null,"entity_id":"Q516336","candidates":[]}],[]],[[{"start":0,"end":23,"url":null,"entity_id":"Q10688921","candidates":[]}],[],[{"start":0,"end":4,"url":null,"entity_id":"Q3239921","candidates":[]}],[{"start":0,"end":18,"url":null,"entity_id":"Q515299","candidates":[]}],[]],[[{"start":0,"end":20,"url":null,"entity_id":"Q10708797","candidates":[]}],[],[{"start":0,"end":8,"url":null,"entity_id":"Q2622251","candidates":[]}],[{"start":0,"end":21,"url":null,"entity_id":"Q514815","candidates":[]}],[]],[[{"start":0,"end":21,"url":null,"entity_id":"Q10700398","candidates":[]}],[],[{"start":0,"end":11,"url":null,"entity_id":"Q1478888","candidates":[]}],[{"start":0,"end":23,"url":null,"entity_id":"Q514756","candidates":[]}],[]],[[{"start":0,"end":11,"url":null,"entity_id":"Q10687918","candidates":[]}],[],[{"start":0,"end":6,"url":null,"entity_id":"Q368574","candidates":[]}],[{"start":0,"end":19,"url":null,"entity_id":"Q511326","candidates":[]}],[]],[[{"start":0,"end":21,"url":null,"entity_id":"Q15093364","candidates":[]}],[],[{"start":0,"end":9,"url":null,"entity_id":"Q246694","candidates":[]}],[{"start":0,"end":18,"url":null,"entity_id":"Q505064","candidates":[]}],[]]]}