{"version":"1.2","table":{"version":"2","table_id":"NZLGGCSG","columns":[{"index":0,"name":"col0","values":["Amin and Mut-N 3566","Ring with Ducks-E 11607","Amulet of Seth-E 7759","Amulet of Seth-E 7715","Head of a cow of Hathor-E 27300","Aegis-E 3761","Tachemes worshiping Ra-N 3794","Guardian lion-AO 8188","Reclining bull-AO 7021","Vase-E 3042","Bastet-E 3915","Falcon-headed god-E 27292","Statue of a goddess-E 17234","Falcon-shaped necklace locks-E 25380 B","Lion goddess-AF 6958","Shell shaped spoon-N 1328","Mirror four falcon heads-N 2154","Bes mirror-N 2152","Funerary servant Sethi I-N 472","Woman with bird-E 2425"]},{"index":1,"name":"col1","values":["New Kingdom of Egypt","New Kingdom of Egypt","Eighteenth Dynasty of Egypt","Eighteenth Dynasty of Egypt","Eighteenth Dynasty of Egypt","Ptolemaic dynasty","Third Intermediate Period of Egypt","Syro–Hittite states","Jemdet Nasr","Twenty-third Dynasty of Egypt","Twenty-fifth Dynasty of Egypt","Twelfth Dynasty of Egypt","Twenty-sixth Dynasty of Egypt","Late Period of ancient Egypt","Third Intermediate Period of Egypt","Middle Kingdom of Egypt","Middle Kingdom of Egypt","New Kingdom of Egypt","Nineteenth Dynasty of Egypt","Eighteenth Dynasty of Egypt"]},{"index":2,"name":"col2","values":["Department of Egyptian Antiquities of the Louvre","Department of Egyptian Antiquities of the Louvre","Department of Egyptian Antiquities of the Louvre","Department of Egyptian Antiquities of the Louvre","Department of Egyptian Antiquities of the Louvre","Department of Egyptian Antiquities of the Louvre","Department of Greek, Etruscan, and Roman Antiquities of the Louvre","Department of Near Eastern Antiquities of the Louvre","Department of Near Eastern Antiquities of the Louvre","Department of Egyptian Antiquities of the Louvre","Department of Egyptian Antiquities of the Louvre","Department of Egyptian Antiquities of the Louvre","Department of Egyptian Antiquities of the Louvre","Department of Egyptian Antiquities of the Louvre","Department of Egyptian Antiquities of the Louvre","Department of Egyptian Antiquities of the Louvre","Department of Egyptian Antiquities of the Louvre","Department of Egyptian Antiquities of the Louvre","Department of Egyptian Antiquities of the Louvre","Department of Egyptian Antiquities of the Louvre"]}]},"context":{"page_title":null,"page_url":null,"page_entity_id":null,"content_hierarchy":[]},"links":[[[{"start":0,"end":19,"url":null,"entity_id":"Q65963585","candidates":[]}],[{"start":0,"end":20,"url":null,"entity_id":"Q180568","candidates":[]}],[{"start":0,"end":48,"url":null,"entity_id":"Q3044749","candidates":[]}]],[[{"start":0,"end":23,"url":null,"entity_id":"Q65568864","candidates":[]}],[{"start":0,"end":20,"url":null,"entity_id":"Q180568","candidates":[]}],[{"start":0,"end":48,"url":null,"entity_id":"Q3044749","candidates":[]}]],[[{"start":0,"end":21,"url":null,"entity_id":"Q66362583","candidates":[]}],[{"start":0,"end":27,"url":null,"entity_id":"Q146055","candidates":[]}],[{"start":0,"end":48,"url":null,"entity_id":"Q3044749","candidates":[]}]],[[{"start":0,"end":21,"url":null,"entity_id":"Q66361258","candidates":[]}],[{"start":0,"end":27,"url":null,"entity_id":"Q146055","candidates":[]}],[{"start":0,"end":48,"url":null,"entity_id":"Q3044749","candidates":[]}]],[[{"start":0,"end":31,"url":null,"entity_id":"Q66360852","candidates":[]}],[{"start":0,"end":27,"url":null,"entity_id":"Q146055","candidates":[]}],[{"start":0,"end":48,"url":null,"entity_id":"Q3044749","candidates":[]}]],[[{"start":0,"end":12,"url":null,"entity_id":"Q65963234","candidates":[]}],[{"start":0,"end":17,"url":null,"entity_id":"Q131976","candidates":[]}],[{"start":0,"end":48,"url":null,"entity_id":"Q3044749","candidates":[]}]],[[{"start":0,"end":29,"url":null,"entity_id":"Q66245836","candidates":[]}],[{"start":0,"end":34,"url":null,"entity_id":"Q212728","candidates":[]}],[{"start":0,"end":66,"url":null,"entity_id":"Q3044747","candidates":[]}]],[[{"start":0,"end":21,"url":null,"entity_id":"Q56285372","candidates":[]}],[{"start":0,"end":19,"url":null,"entity_id":"Q770281","candidates":[]}],[{"start":0,"end":52,"url":null,"entity_id":"Q3044751","candidates":[]}]],[[{"start":0,"end":22,"url":null,"entity_id":"Q58483995","candidates":[]}],[{"start":0,"end":11,"url":null,"entity_id":"Q342799","candidates":[]}],[{"start":0,"end":52,"url":null,"entity_id":"Q3044751","candidates":[]}]],[[{"start":0,"end":11,"url":null,"entity_id":"Q58329811","candidates":[]}],[{"start":0,"end":29,"url":null,"entity_id":"Q748170","candidates":[]}],[{"start":0,"end":48,"url":null,"entity_id":"Q3044749","candidates":[]}]],[[{"start":0,"end":13,"url":null,"entity_id":"Q56840640","candidates":[]}],[{"start":0,"end":29,"url":null,"entity_id":"Q737648","candidates":[]}],[{"start":0,"end":48,"url":null,"entity_id":"Q3044749","candidates":[]}]],[[{"start":0,"end":25,"url":null,"entity_id":"Q54834108","candidates":[]}],[{"start":0,"end":24,"url":null,"entity_id":"Q719639","candidates":[]}],[{"start":0,"end":48,"url":null,"entity_id":"Q3044749","candidates":[]}]],[[{"start":0,"end":27,"url":null,"entity_id":"Q57874639","candidates":[]}],[{"start":0,"end":29,"url":null,"entity_id":"Q662410","candidates":[]}],[{"start":0,"end":48,"url":null,"entity_id":"Q3044749","candidates":[]}]],[[{"start":0,"end":38,"url":null,"entity_id":"Q56759750","candidates":[]}],[{"start":0,"end":28,"url":null,"entity_id":"Q621917","candidates":[]}],[{"start":0,"end":48,"url":null,"entity_id":"Q3044749","candidates":[]}]],[[{"start":0,"end":20,"url":null,"entity_id":"Q58346753","candidates":[]}],[{"start":0,"end":34,"url":null,"entity_id":"Q212728","candidates":[]}],[{"start":0,"end":48,"url":null,"entity_id":"Q3044749","candidates":[]}]],[[{"start":0,"end":25,"url":null,"entity_id":"Q58391745","candidates":[]}],[{"start":0,"end":23,"url":null,"entity_id":"Q191324","candidates":[]}],[{"start":0,"end":48,"url":null,"entity_id":"Q3044749","candidates":[]}]],[[{"start":0,"end":31,"url":null,"entity_id":"Q56757757","candidates":[]}],[{"start":0,"end":23,"url":null,"entity_id":"Q191324","candidates":[]}],[{"start":0,"end":48,"url":null,"entity_id":"Q3044749","candidates":[]}]],[[{"start":0,"end":17,"url":null,"entity_id":"Q56756592","candidates":[]}],[{"start":0,"end":20,"url":null,"entity_id":"Q180568","candidates":[]}],[{"start":0,"end":48,"url":null,"entity_id":"Q3044749","candidates":[]}]],[[{"start":0,"end":30,"url":null,"entity_id":"Q56834735","candidates":[]}],[{"start":0,"end":27,"url":null,"entity_id":"Q157956","candidates":[]}],[{"start":0,"end":48,"url":null,"entity_id":"Q3044749","candidates":[]}]],[[{"start":0,"end":22,"url":null,"entity_id":"Q56757478","candidates":[]}],[{"start":0,"end":27,"url":null,"entity_id":"Q146055","candidates":[]}],[{"start":0,"end":48,"url":null,"entity_id":"Q3044749","candidates":[]}]]]}