{"version":"1.2","table":{"version":"2","table_id":"NZMKB8TQ","columns":[{"index":0,"name":"col0","values":["Letter Journals of Hendrik Witbooi","Stravinsky's Lunch","Russian Clergy and the Overthrow of Monarchy in 1917 (Materials and Archival Documents on the History of Russian Orthodox Church)","Flora Oxoniensis","The Yankee Years","Horto","Festina lente","The Mathematical Classic of Sun Zi","Can't Anybody Here Play This Game?","Camp X","Now I Can Die in Peace","One for Sorrow","Legumes of Bahia","Tunnel People","Patriot Reign","Compendio della Flora Italiana","Blood of the Prophets","Bo Knows Bo","Account of an Expedition from Pittsburgh to the Rocky Mountains","A Century of Ferns"]},{"index":1,"name":"col1","values":["Namibia","Australia","Russia","United Kingdom","United States of America","Brazil","Spain","People's Republic of China","United States of America","Canada","United States of America","United States of America","United Kingdom","United States of America","United States of America","Italy","United States of America","United States of America","United States of America","United Kingdom"]},{"index":2,"name":"col2","values":["Afrikaans","English","Russian","Latin","English","Portuguese","Galician","Chinese","English","English","English","English","English","English","English","Italian","English","English","English","English"]},{"index":3,"name":"col3","values":["Hendrik Witbooi","Drusilla Modjeska","Mikhail Babkin","John Sibthorp","Joe Torre","Auta de Souza","Marcos S. Calveiro","Sun Tzu","Jimmy Breslin","Eric Walters","Bill Simmons","Christopher Barzak","Gwilym Peter Lewis","Teun Voeten","Michael Holley","Giovanni Arcangeli","Will Bagley","Bo Jackson","Edwin James","William Hooker"]}]},"context":{"page_title":null,"page_url":null,"page_entity_id":null,"content_hierarchy":[]},"links":[[[{"start":0,"end":18,"url":null,"entity_id":"Q24190622","candidates":[]}],[{"start":0,"end":9,"url":null,"entity_id":"Q408","candidates":[]}],[{"start":0,"end":7,"url":null,"entity_id":"Q1860","candidates":[]}],[{"start":0,"end":17,"url":null,"entity_id":"Q5309408","candidates":[]}]],[[{"start":0,"end":129,"url":null,"entity_id":"Q59588708","candidates":[]}],[{"start":0,"end":6,"url":null,"entity_id":"Q159","candidates":[]}],[{"start":0,"end":7,"url":null,"entity_id":"Q7737","candidates":[]}],[{"start":0,"end":14,"url":null,"entity_id":"Q4074457","candidates":[]}]],[[{"start":0,"end":16,"url":null,"entity_id":"Q20015078","candidates":[]}],[{"start":0,"end":14,"url":null,"entity_id":"Q145","candidates":[]}],[{"start":0,"end":5,"url":null,"entity_id":"Q397","candidates":[]}],[{"start":0,"end":13,"url":null,"entity_id":"Q936580","candidates":[]}]],[[{"start":0,"end":16,"url":null,"entity_id":"Q7776500","candidates":[]}],[{"start":0,"end":24,"url":null,"entity_id":"Q30","candidates":[]}],[{"start":0,"end":7,"url":null,"entity_id":"Q1860","candidates":[]}],[{"start":0,"end":9,"url":null,"entity_id":"Q707804","candidates":[]}]],[[{"start":0,"end":5,"url":null,"entity_id":"Q10298260","candidates":[]}],[{"start":0,"end":6,"url":null,"entity_id":"Q155","candidates":[]}],[{"start":0,"end":10,"url":null,"entity_id":"Q5146","candidates":[]}],[{"start":0,"end":13,"url":null,"entity_id":"Q9638526","candidates":[]}]],[[{"start":0,"end":13,"url":null,"entity_id":"Q12388487","candidates":[]}],[{"start":0,"end":5,"url":null,"entity_id":"Q29","candidates":[]}],[{"start":0,"end":8,"url":null,"entity_id":"Q9307","candidates":[]}],[{"start":0,"end":18,"url":null,"entity_id":"Q12392910","candidates":[]}]],[[{"start":0,"end":34,"url":null,"entity_id":"Q13891793","candidates":[]}],[{"start":0,"end":26,"url":null,"entity_id":"Q148","candidates":[]}],[{"start":0,"end":7,"url":null,"entity_id":"Q7850","candidates":[]}],[{"start":0,"end":7,"url":null,"entity_id":"Q2634383","candidates":[]}]],[[{"start":0,"end":34,"url":null,"entity_id":"Q5028835","candidates":[]}],[{"start":0,"end":24,"url":null,"entity_id":"Q30","candidates":[]}],[{"start":0,"end":7,"url":null,"entity_id":"Q1860","candidates":[]}],[{"start":0,"end":13,"url":null,"entity_id":"Q15524996","candidates":[]}]],[[{"start":0,"end":6,"url":null,"entity_id":"Q5027703","candidates":[]}],[{"start":0,"end":6,"url":null,"entity_id":"Q16","candidates":[]}],[{"start":0,"end":7,"url":null,"entity_id":"Q1860","candidates":[]}],[{"start":0,"end":12,"url":null,"entity_id":"Q2491590","candidates":[]}]],[[{"start":0,"end":22,"url":null,"entity_id":"Q7065379","candidates":[]}],[{"start":0,"end":24,"url":null,"entity_id":"Q30","candidates":[]}],[{"start":0,"end":7,"url":null,"entity_id":"Q1860","candidates":[]}],[{"start":0,"end":12,"url":null,"entity_id":"Q4910873","candidates":[]}]],[[{"start":0,"end":14,"url":null,"entity_id":"Q7093472","candidates":[]}],[{"start":0,"end":24,"url":null,"entity_id":"Q30","candidates":[]}],[{"start":0,"end":7,"url":null,"entity_id":"Q1860","candidates":[]}],[{"start":0,"end":18,"url":null,"entity_id":"Q678778","candidates":[]}]],[[{"start":0,"end":16,"url":null,"entity_id":"Q17563422","candidates":[]}],[{"start":0,"end":14,"url":null,"entity_id":"Q145","candidates":[]}],[{"start":0,"end":7,"url":null,"entity_id":"Q1860","candidates":[]}],[{"start":0,"end":18,"url":null,"entity_id":"Q733439","candidates":[]}]],[[{"start":0,"end":13,"url":null,"entity_id":"Q7853289","candidates":[]}],[{"start":0,"end":24,"url":null,"entity_id":"Q30","candidates":[]}],[{"start":0,"end":7,"url":null,"entity_id":"Q1860","candidates":[]}],[{"start":0,"end":11,"url":null,"entity_id":"Q2279218","candidates":[]}]],[[{"start":0,"end":13,"url":null,"entity_id":"Q7148027","candidates":[]}],[{"start":0,"end":24,"url":null,"entity_id":"Q30","candidates":[]}],[{"start":0,"end":7,"url":null,"entity_id":"Q1860","candidates":[]}],[{"start":0,"end":14,"url":null,"entity_id":"Q6831207","candidates":[]}]],[[{"start":0,"end":30,"url":null,"entity_id":"Q12156694","candidates":[]}],[{"start":0,"end":5,"url":null,"entity_id":"Q38","candidates":[]}],[{"start":0,"end":7,"url":null,"entity_id":"Q652","candidates":[]}],[{"start":0,"end":18,"url":null,"entity_id":"Q1372712","candidates":[]}]],[[{"start":0,"end":21,"url":null,"entity_id":"Q4927851","candidates":[]}],[{"start":0,"end":24,"url":null,"entity_id":"Q30","candidates":[]}],[{"start":0,"end":7,"url":null,"entity_id":"Q1860","candidates":[]}],[{"start":0,"end":11,"url":null,"entity_id":"Q8002688","candidates":[]}]],[[{"start":0,"end":11,"url":null,"entity_id":"Q4931115","candidates":[]}],[{"start":0,"end":24,"url":null,"entity_id":"Q30","candidates":[]}],[{"start":0,"end":7,"url":null,"entity_id":"Q1860","candidates":[]}],[{"start":0,"end":10,"url":null,"entity_id":"Q887401","candidates":[]}]],[[{"start":0,"end":63,"url":null,"entity_id":"Q5656293","candidates":[]}],[{"start":0,"end":24,"url":null,"entity_id":"Q30","candidates":[]}],[{"start":0,"end":7,"url":null,"entity_id":"Q1860","candidates":[]}],[{"start":0,"end":11,"url":null,"entity_id":"Q4160073","candidates":[]}]],[[{"start":0,"end":18,"url":null,"entity_id":"Q5654083","candidates":[]}],[{"start":0,"end":14,"url":null,"entity_id":"Q145","candidates":[]}],[{"start":0,"end":7,"url":null,"entity_id":"Q1860","candidates":[]}],[{"start":0,"end":14,"url":null,"entity_id":"Q3568709","candidates":[]}]],[[{"start":0,"end":34,"url":null,"entity_id":"Q61743663","candidates":[]}],[{"start":0,"end":7,"url":null,"entity_id":"Q1030","candidates":[]}],[{"start":0,"end":9,"url":null,"entity_id":"Q14196","candidates":[]}],[{"start":0,"end":15,"url":null,"entity_id":"Q705564","candidates":[]}]]]}