{"version":"1.2","table":{"version":"2","table_id":"O0NMF2II","columns":[{"index":0,"name":"col0","values":["IC 369","JC 3806","JC 4231","IC 430","C 4253","IC4470","IC 460","IC\"4582","NGC 77","NG 5005","NGC76","NGC 423","NGC 6949","NGC 150","GC 6394","NGC#109","NGD 1260","NGC 273","NGC 330","NGC 741"]},{"index":1,"name":"col1","values":["47.986200000000004","19.334410000000002","28.377259999999996","106.06085999999999","135.828","97.51657","10.1909","37.7033","35.5572","18.1863","98.91099","4.38354","5.53104","2.9660800000000003","125.62499999999999","74.2855","76.0638","9.90838","1.98403","18.020739999999996"]},{"index":2,"name":"col2","values":["13.473","10.639823999999999","10.739787999999999","10.630402","10.360961999999999","10.872","11.220659999999999","14.426412","10.4131","13.65633","13.104","10.17072","8.928","11.3202","14.442","14.1564","13.286700000000002","9.819369999999997","8.178780000000001","10.109879999999999"]}]},"context":{"page_title":null,"page_url":null,"page_entity_id":null,"content_hierarchy":[]},"links":[[[{"start":0,"end":6,"url":null,"entity_id":"Q3685963","candidates":[]}],[],[]],[[{"start":0,"end":7,"url":null,"entity_id":"Q3685262","candidates":[]}],[],[]],[[{"start":0,"end":7,"url":null,"entity_id":"Q3683525","candidates":[]}],[],[]],[[{"start":0,"end":6,"url":null,"entity_id":"Q3683522","candidates":[]}],[],[]],[[{"start":0,"end":6,"url":null,"entity_id":"Q3683507","candidates":[]}],[],[]],[[{"start":0,"end":6,"url":null,"entity_id":"Q3682842","candidates":[]}],[],[]],[[{"start":0,"end":6,"url":null,"entity_id":"Q3682342","candidates":[]}],[],[]],[[{"start":0,"end":7,"url":null,"entity_id":"Q3682288","candidates":[]}],[],[]],[[{"start":0,"end":6,"url":null,"entity_id":"Q747344","candidates":[]}],[],[]],[[{"start":0,"end":7,"url":null,"entity_id":"Q745018","candidates":[]}],[],[]],[[{"start":0,"end":5,"url":null,"entity_id":"Q742543","candidates":[]}],[],[]],[[{"start":0,"end":7,"url":null,"entity_id":"Q696627","candidates":[]}],[],[]],[[{"start":0,"end":8,"url":null,"entity_id":"Q671210","candidates":[]}],[],[]],[[{"start":0,"end":7,"url":null,"entity_id":"Q593465","candidates":[]}],[],[]],[[{"start":0,"end":7,"url":null,"entity_id":"Q578660","candidates":[]}],[],[]],[[{"start":0,"end":7,"url":null,"entity_id":"Q573097","candidates":[]}],[],[]],[[{"start":0,"end":8,"url":null,"entity_id":"Q496348","candidates":[]}],[],[]],[[{"start":0,"end":7,"url":null,"entity_id":"Q494007","candidates":[]}],[],[]],[[{"start":0,"end":7,"url":null,"entity_id":"Q490599","candidates":[]}],[],[]],[[{"start":0,"end":7,"url":null,"entity_id":"Q487244","candidates":[]}],[],[]]]}