{"version":"1.2","table":{"version":"2","table_id":"O1LUPEVA","columns":[{"index":0,"name":"col0","values":["Amsterdam","Edam","Leeuwarden","Middelburg","Haarlem","Sint-Oedenrode","Kampen","Roermond","Hardenberg","Rotterdam","Goes","Groningen","Wormer","Nieuwerkerk aan den IJssel","Barneveld","Zaandam","Lelystad","Zutphen","Bergen op Zoom","Nieuwe Niedorp"]},{"index":1,"name":"col1","values":["Kingdom of the Netherlands","Edam-Volendam","Friesland","Zeeland","North Holland","Sint-Oedenrode","Kampen","Roermond","Hardenberg","Rotterdam","Goes","Groningen","Wormerland","Zuidplas","Barneveld","Zaanstad","Flevoland","Zutphen","Bergen op Zoom","Niedorp"]},{"index":2,"name":"col2","values":["860124","3940","92146","47939","159134","17893","52398","57308","59689","631155","37050","200952","1120","1055","30027","8376","77893","47423","66445","648"]}]},"context":{"page_title":null,"page_url":null,"page_entity_id":null,"content_hierarchy":[]},"links":[[[{"start":0,"end":9,"url":null,"entity_id":"Q727","candidates":[]}],[{"start":0,"end":26,"url":null,"entity_id":"Q29999","candidates":[]}],[]],[[{"start":0,"end":4,"url":null,"entity_id":"Q77056","candidates":[]}],[{"start":0,"end":13,"url":null,"entity_id":"Q9917","candidates":[]}],[]],[[{"start":0,"end":10,"url":null,"entity_id":"Q25390","candidates":[]}],[{"start":0,"end":9,"url":null,"entity_id":"Q770","candidates":[]}],[]],[[{"start":0,"end":10,"url":null,"entity_id":"Q52101","candidates":[]}],[{"start":0,"end":7,"url":null,"entity_id":"Q705","candidates":[]}],[]],[[{"start":0,"end":7,"url":null,"entity_id":"Q9920","candidates":[]}],[{"start":0,"end":13,"url":null,"entity_id":"Q701","candidates":[]}],[]],[[{"start":0,"end":14,"url":null,"entity_id":"Q9867","candidates":[]}],[{"start":0,"end":14,"url":null,"entity_id":"Q50885806","candidates":[]}],[]],[[{"start":0,"end":6,"url":null,"entity_id":"Q10014","candidates":[]}],[{"start":0,"end":6,"url":null,"entity_id":"Q23814173","candidates":[]}],[]],[[{"start":0,"end":8,"url":null,"entity_id":"Q9783","candidates":[]}],[{"start":0,"end":8,"url":null,"entity_id":"Q8167972","candidates":[]}],[]],[[{"start":0,"end":10,"url":null,"entity_id":"Q10013","candidates":[]}],[{"start":0,"end":10,"url":null,"entity_id":"Q3916626","candidates":[]}],[]],[[{"start":0,"end":9,"url":null,"entity_id":"Q34370","candidates":[]}],[{"start":0,"end":9,"url":null,"entity_id":"Q2680952","candidates":[]}],[]],[[{"start":0,"end":4,"url":null,"entity_id":"Q81220","candidates":[]}],[{"start":0,"end":4,"url":null,"entity_id":"Q10072","candidates":[]}],[]],[[{"start":0,"end":9,"url":null,"entity_id":"Q749","candidates":[]}],[{"start":0,"end":9,"url":null,"entity_id":"Q752","candidates":[]}],[]],[[{"start":0,"end":6,"url":null,"entity_id":"Q2341553","candidates":[]}],[{"start":0,"end":10,"url":null,"entity_id":"Q9976","candidates":[]}],[]],[[{"start":0,"end":26,"url":null,"entity_id":"Q588544","candidates":[]}],[{"start":0,"end":8,"url":null,"entity_id":"Q228673","candidates":[]}],[]],[[{"start":0,"end":9,"url":null,"entity_id":"Q2001429","candidates":[]}],[{"start":0,"end":9,"url":null,"entity_id":"Q164098","candidates":[]}],[]],[[{"start":0,"end":7,"url":null,"entity_id":"Q211260","candidates":[]}],[{"start":0,"end":8,"url":null,"entity_id":"Q9978","candidates":[]}],[]],[[{"start":0,"end":8,"url":null,"entity_id":"Q166065","candidates":[]}],[{"start":0,"end":9,"url":null,"entity_id":"Q707","candidates":[]}],[]],[[{"start":0,"end":7,"url":null,"entity_id":"Q109535","candidates":[]}],[{"start":0,"end":7,"url":null,"entity_id":"Q15858232","candidates":[]}],[]],[[{"start":0,"end":14,"url":null,"entity_id":"Q192508","candidates":[]}],[{"start":0,"end":14,"url":null,"entity_id":"Q9814","candidates":[]}],[]],[[{"start":0,"end":14,"url":null,"entity_id":"Q971130","candidates":[]}],[{"start":0,"end":7,"url":null,"entity_id":"Q737366","candidates":[]}],[]]]}