{"version":"1.2","table":{"version":"2","table_id":"O2CDOPLN","columns":[{"index":0,"name":"col0","values":["Eid","Verran","Lenvik","Vågsøy","Haram","Fosnes","Eide","Balestrand","Fusa","Gaular","Kvalsund","Skånland","Lindesnes","Nærøy","Sund","Naustdal","Roan","Granvin","Fræna","Jølster"]},{"index":1,"name":"col1","values":["0.134091483112104","0","0","0","0","681.4404559179579","0","0","0","0","0.11244099814485994","0","0","0","0","0","0.8155181531861488","0.04399850639448424","0","0"]},{"index":2,"name":"col2","values":["2019-12-31","2019-12-31","2019-12-31","2019-12-31","2019-12-31","2019-12-31","2019-12-31","2019-12-31","2019-12-31","2019-12-31","2019-12-31","2019-12-31","2019-12-31","2019-12-31","2019-12-31","2019-12-31","2019-12-31","2019-12-31","2019-12-31","2019-12-31"]}]},"context":{"page_title":null,"page_url":null,"page_entity_id":null,"content_hierarchy":[]},"links":[[[{"start":0,"end":6,"url":null,"entity_id":"Q499779","candidates":[]}],[],[]],[[{"start":0,"end":6,"url":null,"entity_id":"Q499770","candidates":[]}],[],[]],[[{"start":0,"end":6,"url":null,"entity_id":"Q499719","candidates":[]}],[],[]],[[{"start":0,"end":5,"url":null,"entity_id":"Q499575","candidates":[]}],[],[]],[[{"start":0,"end":6,"url":null,"entity_id":"Q494688","candidates":[]}],[],[]],[[{"start":0,"end":4,"url":null,"entity_id":"Q493296","candidates":[]}],[],[]],[[{"start":0,"end":10,"url":null,"entity_id":"Q493292","candidates":[]}],[],[]],[[{"start":0,"end":4,"url":null,"entity_id":"Q493279","candidates":[]}],[],[]],[[{"start":0,"end":6,"url":null,"entity_id":"Q493273","candidates":[]}],[],[]],[[{"start":0,"end":8,"url":null,"entity_id":"Q493007","candidates":[]}],[],[]],[[{"start":0,"end":8,"url":null,"entity_id":"Q490038","candidates":[]}],[],[]],[[{"start":0,"end":9,"url":null,"entity_id":"Q489038","candidates":[]}],[],[]],[[{"start":0,"end":5,"url":null,"entity_id":"Q488979","candidates":[]}],[],[]],[[{"start":0,"end":4,"url":null,"entity_id":"Q507509","candidates":[]}],[],[]],[[{"start":0,"end":8,"url":null,"entity_id":"Q503622","candidates":[]}],[],[]],[[{"start":0,"end":4,"url":null,"entity_id":"Q503600","candidates":[]}],[],[]],[[{"start":0,"end":7,"url":null,"entity_id":"Q484186","candidates":[]}],[],[]],[[{"start":0,"end":5,"url":null,"entity_id":"Q484128","candidates":[]}],[],[]],[[{"start":0,"end":7,"url":null,"entity_id":"Q484101","candidates":[]}],[],[]],[[{"start":0,"end":3,"url":null,"entity_id":"Q500198","candidates":[]}],[],[]]]}