[{"version":1,"nodes":[{"col_index":0,"label":"col0","id":0},{"col_index":1,"label":"col1","id":1},{"abs_uri":"http://www.wikidata.org/entity/Q59773381","rel_uri":"wd:Q59773381","approximation":false,"readable_label":"automobile model series (Q59773381)","id":2},{"abs_uri":"http://www.wikidata.org/entity/Q786820","rel_uri":"wd:Q786820","approximation":false,"readable_label":"automobile manufacturer (Q786820)","id":3}],"edges":[{"source":2,"target":0,"abs_uri":"http://www.w3.org/2000/01/rdf-schema#label","rel_uri":"rdfs:label","approximation":false,"readable_label":"rdfs:label","id":0},{"source":3,"target":1,"abs_uri":"http://www.w3.org/2000/01/rdf-schema#label","rel_uri":"rdfs:label","approximation":false,"readable_label":"rdfs:label","id":1},{"source":2,"target":3,"abs_uri":"http://www.wikidata.org/prop/P176","rel_uri":"p:P176","approximation":false,"readable_label":"manufacturer (P176)","id":2}]}]