[{"version":1,"nodes":[{"col_index":0,"label":"col0","id":0},{"col_index":1,"label":"col1","id":1},{"col_index":2,"label":"col2","id":2},{"col_index":3,"label":"col3","id":3},{"abs_uri":"http://www.wikidata.org/entity/Q25110269","rel_uri":"wd:Q25110269","approximation":false,"readable_label":"live-action/animated film (Q25110269)","id":4},{"abs_uri":"http://www.wikidata.org/entity/Q24856","rel_uri":"wd:Q24856","approximation":false,"readable_label":"film series (Q24856)","id":5},{"abs_uri":"http://www.wikidata.org/entity/Q5","rel_uri":"wd:Q5","approximation":false,"readable_label":"human (Q5)","id":6}],"edges":[{"source":4,"target":0,"abs_uri":"http://www.w3.org/2000/01/rdf-schema#label","rel_uri":"rdfs:label","approximation":false,"readable_label":"rdfs:label","id":0},{"source":5,"target":1,"abs_uri":"http://www.w3.org/2000/01/rdf-schema#label","rel_uri":"rdfs:label","approximation":false,"readable_label":"rdfs:label","id":1},{"source":6,"target":3,"abs_uri":"http://www.w3.org/2000/01/rdf-schema#label","rel_uri":"rdfs:label","approximation":false,"readable_label":"rdfs:label","id":2},{"source":4,"target":5,"abs_uri":"http://www.wikidata.org/prop/P179","rel_uri":"p:P179","approximation":false,"readable_label":"part of the series (P179)","id":3},{"source":4,"target":6,"abs_uri":"http://www.wikidata.org/prop/P86","rel_uri":"p:P86","approximation":false,"readable_label":"composer (P86)","id":4},{"source":4,"target":2,"abs_uri":"http://www.wikidata.org/prop/P2047","rel_uri":"p:P2047","approximation":false,"readable_label":"duration (P2047)","id":5}]}]