[{"version":1,"nodes":[{"col_index":0,"label":"col0","id":0},{"col_index":1,"label":"col1","id":1},{"col_index":2,"label":"col2","id":2},{"abs_uri":"http://www.wikidata.org/entity/Q15911738","rel_uri":"wd:Q15911738","approximation":false,"readable_label":"hydroelectric power station (Q15911738)","id":3}],"edges":[{"source":3,"target":0,"abs_uri":"http://www.w3.org/2000/01/rdf-schema#label","rel_uri":"rdfs:label","approximation":false,"readable_label":"rdfs:label","id":0},{"source":3,"target":1,"abs_uri":"http://www.wikidata.org/prop/P2044","rel_uri":"p:P2044","approximation":false,"readable_label":"elevation above sea level (P2044)","id":1},{"source":3,"target":2,"abs_uri":"http://www.wikidata.org/prop/P2109","rel_uri":"p:P2109","approximation":false,"readable_label":"installed capacity (P2109)","id":2}]}]