[{"version":1,"nodes":[{"col_index":0,"label":"col0","id":0},{"col_index":1,"label":"col1","id":1},{"col_index":2,"label":"col2","id":2},{"col_index":3,"label":"col3","id":3},{"abs_uri":"http://www.wikidata.org/entity/Q1993334","rel_uri":"wd:Q1993334","approximation":false,"readable_label":"interpreted language (Q1993334)","id":4},{"abs_uri":"http://www.wikidata.org/entity/Q5","rel_uri":"wd:Q5","approximation":false,"readable_label":"human (Q5)","id":5}],"edges":[{"source":4,"target":0,"abs_uri":"http://www.w3.org/2000/01/rdf-schema#label","rel_uri":"rdfs:label","approximation":false,"readable_label":"rdfs:label","id":0},{"source":5,"target":3,"abs_uri":"http://www.w3.org/2000/01/rdf-schema#label","rel_uri":"rdfs:label","approximation":false,"readable_label":"rdfs:label","id":1},{"source":4,"target":1,"abs_uri":"http://www.wikidata.org/prop/P737","rel_uri":"p:P737","approximation":false,"readable_label":"influenced by (P737)","id":2},{"source":4,"target":2,"abs_uri":"http://www.wikidata.org/prop/P306","rel_uri":"p:P306","approximation":false,"readable_label":"operating system (P306)","id":3},{"source":4,"target":5,"abs_uri":"http://www.wikidata.org/prop/P287","rel_uri":"p:P287","approximation":false,"readable_label":"designed by (P287)","id":4}]}]