[{"version":1,"nodes":[{"col_index":0,"label":"col0","id":0},{"col_index":1,"label":"col1","id":1},{"col_index":2,"label":"col2","id":2},{"col_index":3,"label":"col3","id":3},{"abs_uri":"http://www.wikidata.org/entity/Q811704","rel_uri":"wd:Q811704","approximation":false,"readable_label":"rolling stock class (Q811704)","id":4}],"edges":[{"source":4,"target":0,"abs_uri":"http://www.w3.org/2000/01/rdf-schema#label","rel_uri":"rdfs:label","approximation":false,"readable_label":"rdfs:label","id":0},{"source":4,"target":1,"abs_uri":"http://www.wikidata.org/prop/P4519","rel_uri":"p:P4519","approximation":false,"readable_label":"payload mass (P4519)","id":1},{"source":4,"target":2,"abs_uri":"http://www.wikidata.org/prop/P1092","rel_uri":"p:P1092","approximation":false,"readable_label":"total produced (P1092)","id":2},{"source":4,"target":3,"abs_uri":"http://www.wikidata.org/prop/P2043","rel_uri":"p:P2043","approximation":false,"readable_label":"length (P2043)","id":3}]}]