[{"version":1,"nodes":[{"col_index":0,"label":"col0","id":0},{"col_index":1,"label":"col1","id":1},{"col_index":2,"label":"col2","id":2},{"col_index":3,"label":"col3","id":3},{"abs_uri":"http://www.wikidata.org/entity/Q1497364","rel_uri":"wd:Q1497364","approximation":false,"readable_label":"building complex (Q1497364)","id":4},{"abs_uri":"http://www.wikidata.org/entity/Q32880","rel_uri":"wd:Q32880","approximation":false,"readable_label":"architectural style (Q32880)","id":5}],"edges":[{"source":4,"target":0,"abs_uri":"http://www.w3.org/2000/01/rdf-schema#label","rel_uri":"rdfs:label","approximation":false,"readable_label":"rdfs:label","id":0},{"source":5,"target":3,"abs_uri":"http://www.w3.org/2000/01/rdf-schema#label","rel_uri":"rdfs:label","approximation":false,"readable_label":"rdfs:label","id":1},{"source":4,"target":1,"abs_uri":"http://www.wikidata.org/prop/P527","rel_uri":"p:P527","approximation":false,"readable_label":"has part (P527)","id":2},{"source":4,"target":2,"abs_uri":"http://www.wikidata.org/prop/P84","rel_uri":"p:P84","approximation":false,"readable_label":"architect (P84)","id":3},{"source":4,"target":5,"abs_uri":"http://www.wikidata.org/prop/P149","rel_uri":"p:P149","approximation":false,"readable_label":"architectural style (P149)","id":4}]}]