[{"version":1,"nodes":[{"col_index":0,"label":"col0","id":0},{"col_index":1,"label":"col1","id":1},{"col_index":2,"label":"col2","id":2},{"abs_uri":"http://www.wikidata.org/entity/Q4","rel_uri":"wd:Q4","approximation":false,"readable_label":"death (Q4)","id":3}],"edges":[{"source":3,"target":0,"abs_uri":"http://www.w3.org/2000/01/rdf-schema#label","rel_uri":"rdfs:label","approximation":false,"readable_label":"rdfs:label","id":0},{"source":3,"target":1,"abs_uri":"http://www.wikidata.org/prop/P17","rel_uri":"p:P17","approximation":false,"readable_label":"country (P17)","id":1},{"source":3,"target":2,"abs_uri":"http://www.wikidata.org/prop/P585","rel_uri":"p:P585","approximation":false,"readable_label":"point in time (P585)","id":2}]}]