{"version":"1.2","table":{"version":"2","table_id":"1M6FQOXN","columns":[{"index":0,"name":"col0","values":["Praça João Mendes e Largo São Gonalo","Plano Cotado da Zona para Construção do Resevatório de Distribuição da Avenida Paulista","Norte Brdsil","Norte Brasil - Gravuta Sec. Xvii","Nordeste do Braskl","Ladeira da Memöria","Homem nônimo","Canal e Poro de Santos. Nota: as Sondagens no Porto e no Canal Foram Feitas pela Commp. Hydraulica","Bairro do Chá (887)","A Mais Sensacional Fotografia doPadre Antônio Vieira Pinto: Batida Por José Medeiros no Próprio Quarto de Dormir do Santo Varão de Urucânia","A Faculdade de Direito (Ilustração Paulistana) -S. Paulo, 2_Iv_1881 N. º 1 Fls. 28","Ilustração do Livro dg Gilberto Freyre Casa Grande e Senzala","Mappa Topographico do Municipio de São Paulo - Folha 69","Mappa Topogaphico do Municipio de São Paulo - Folha 36","Mappa Topographico do Municipio de São Paulo - olha 49","Mappa Torographico do Municipio de São Paulo - Folha 46","Mappa Topographico dq Municipio de São Paulo - Folha 47","Mappa Topographico do Municipio de São Paulo- Folha 48","Mappa Topographico do Municipio#de São Paulo - Folha 12","Mappa Topographico do Municipio de São Paulo - Flha 13"]},{"index":1,"name":"col1","values":["18.125999999999998","103.412","8.5595","8.5595","148.995","18.036","23.856","29.135399999999997","11.088899999999999","34.265699999999995","21.3065","8.383000000000001","108.55449999999999","108.2272","108.9909","108.2272","109.5364","110.08189999999998","108.8818","109.97279999999999"]},{"index":2,"name":"col2","values":["24.4265","140.934","11.717400000000001","11.3772","142.426","24.644","18.391499999999997","22.822799999999997","16.4505","24.067299999999996","29.563699999999997","11.817","76.66475","76.7418","77.43524999999998","77.58935","76.35655","76.97295","77.58935","77.8205"]}]},"context":{"page_title":null,"page_url":null,"page_entity_id":null,"content_hierarchy":[]},"links":[[[{"start":0,"end":36,"url":null,"entity_id":"Q55763481","candidates":[]}],[],[]],[[{"start":0,"end":87,"url":null,"entity_id":"Q55763400","candidates":[]}],[],[]],[[{"start":0,"end":12,"url":null,"entity_id":"Q55763317","candidates":[]}],[],[]],[[{"start":0,"end":32,"url":null,"entity_id":"Q55763316","candidates":[]}],[],[]],[[{"start":0,"end":18,"url":null,"entity_id":"Q55763313","candidates":[]}],[],[]],[[{"start":0,"end":18,"url":null,"entity_id":"Q55763212","candidates":[]}],[],[]],[[{"start":0,"end":12,"url":null,"entity_id":"Q55763130","candidates":[]}],[],[]],[[{"start":0,"end":98,"url":null,"entity_id":"Q55759337","candidates":[]}],[],[]],[[{"start":0,"end":19,"url":null,"entity_id":"Q55759298","candidates":[]}],[],[]],[[{"start":0,"end":139,"url":null,"entity_id":"Q55759195","candidates":[]}],[],[]],[[{"start":0,"end":82,"url":null,"entity_id":"Q55759194","candidates":[]}],[],[]],[[{"start":0,"end":60,"url":null,"entity_id":"Q55759167","candidates":[]}],[],[]],[[{"start":0,"end":55,"url":null,"entity_id":"Q55212400","candidates":[]}],[],[]],[[{"start":0,"end":54,"url":null,"entity_id":"Q55212398","candidates":[]}],[],[]],[[{"start":0,"end":54,"url":null,"entity_id":"Q55212392","candidates":[]}],[],[]],[[{"start":0,"end":55,"url":null,"entity_id":"Q55212390","candidates":[]}],[],[]],[[{"start":0,"end":55,"url":null,"entity_id":"Q55212388","candidates":[]}],[],[]],[[{"start":0,"end":54,"url":null,"entity_id":"Q55212372","candidates":[]}],[],[]],[[{"start":0,"end":55,"url":null,"entity_id":"Q55212360","candidates":[]}],[],[]],[[{"start":0,"end":54,"url":null,"entity_id":"Q55212357","candidates":[]}],[],[]]]}