{"version":"1.2","table":{"version":"2","table_id":"1MHLFQBQ","columns":[{"index":0,"name":"col0","values":["2020 Eschborn–Frankfurt","2019 Eschborn–Frankfurt","Eschborn-Frankfurt 1980","Eschborn-Frankfurt City Loop 1975","Eschborn-Frankfurt City Loop 1974","Eschborn-Frankfurt City Loop 1973","Eschborn-Frankfurt City Loop 1972","Eschborn-Frankfurt City Loop 1971","Eschborn-Frankfurt City Loop 1970","Eschborn-Frankfurt City Loop 1969","Eschborn-Frankfurt City Loop 1968","Eschborn-Frankfurt City Loop 1967","Eschborn-Frankfurt City Loop 1966","Eschborn-Frankfurt City Loop 1965","Eschborn-Frankfurt City Loop 1964","Eschborn-Frankfurt City Loop 1963","Eschborn-Frankfurt City Loop 1962","2018 Eschborn–Frankfurt","2017 Eschborn-Frankfurt – Rund um den Finanzplatz","2016 Eschborn-Frankfurt City Loop"]},{"index":1,"name":"col1","values":["2020-05-01","2019-05-01","1980-05-01","1975-05-01","1974-05-01","1973-05-01","1972-05-01","1971-05-01","1970-05-01","1969-05-01","1968-05-01","1967-04-16","1966-05-19","1965-04-04","1964-05-01","1963-05-19","1962-05-13","2018-05-01","2017-05-01","2016-05-01"]},{"index":2,"name":"col2","values":["road bicycle racing","road bicycle racing","road bicycle racing","road bicycle racing","road bicycle racing","road bicycle racing","road bicycle racing","road bicycle racing","road bicycle racing","road bicycle racing","road bicycle racing","road bicycle racing","road bicycle racing","road bicycle racing","road bicycle racing","road bicycle racing","road bicycle racing","road bicycle racing","road bicycle racing","road bicycle racing"]}]},"context":{"page_title":null,"page_url":null,"page_entity_id":null,"content_hierarchy":[]},"links":[[[{"start":0,"end":23,"url":null,"entity_id":"Q57163987","candidates":[]}],[],[{"start":0,"end":19,"url":null,"entity_id":"Q3609","candidates":[]}]],[[{"start":0,"end":23,"url":null,"entity_id":"Q56048628","candidates":[]}],[],[{"start":0,"end":19,"url":null,"entity_id":"Q3609","candidates":[]}]],[[{"start":0,"end":33,"url":null,"entity_id":"Q56048621","candidates":[]}],[],[{"start":0,"end":19,"url":null,"entity_id":"Q3609","candidates":[]}]],[[{"start":0,"end":33,"url":null,"entity_id":"Q56048620","candidates":[]}],[],[{"start":0,"end":19,"url":null,"entity_id":"Q3609","candidates":[]}]],[[{"start":0,"end":33,"url":null,"entity_id":"Q56048618","candidates":[]}],[],[{"start":0,"end":19,"url":null,"entity_id":"Q3609","candidates":[]}]],[[{"start":0,"end":33,"url":null,"entity_id":"Q56048617","candidates":[]}],[],[{"start":0,"end":19,"url":null,"entity_id":"Q3609","candidates":[]}]],[[{"start":0,"end":33,"url":null,"entity_id":"Q56048615","candidates":[]}],[],[{"start":0,"end":19,"url":null,"entity_id":"Q3609","candidates":[]}]],[[{"start":0,"end":33,"url":null,"entity_id":"Q56048614","candidates":[]}],[],[{"start":0,"end":19,"url":null,"entity_id":"Q3609","candidates":[]}]],[[{"start":0,"end":33,"url":null,"entity_id":"Q56048612","candidates":[]}],[],[{"start":0,"end":19,"url":null,"entity_id":"Q3609","candidates":[]}]],[[{"start":0,"end":33,"url":null,"entity_id":"Q56048611","candidates":[]}],[],[{"start":0,"end":19,"url":null,"entity_id":"Q3609","candidates":[]}]],[[{"start":0,"end":33,"url":null,"entity_id":"Q56048610","candidates":[]}],[],[{"start":0,"end":19,"url":null,"entity_id":"Q3609","candidates":[]}]],[[{"start":0,"end":33,"url":null,"entity_id":"Q56048608","candidates":[]}],[],[{"start":0,"end":19,"url":null,"entity_id":"Q3609","candidates":[]}]],[[{"start":0,"end":33,"url":null,"entity_id":"Q56048607","candidates":[]}],[],[{"start":0,"end":19,"url":null,"entity_id":"Q3609","candidates":[]}]],[[{"start":0,"end":33,"url":null,"entity_id":"Q56048604","candidates":[]}],[],[{"start":0,"end":19,"url":null,"entity_id":"Q3609","candidates":[]}]],[[{"start":0,"end":33,"url":null,"entity_id":"Q56048603","candidates":[]}],[],[{"start":0,"end":19,"url":null,"entity_id":"Q3609","candidates":[]}]],[[{"start":0,"end":33,"url":null,"entity_id":"Q56048602","candidates":[]}],[],[{"start":0,"end":19,"url":null,"entity_id":"Q3609","candidates":[]}]],[[{"start":0,"end":23,"url":null,"entity_id":"Q52117030","candidates":[]}],[],[{"start":0,"end":19,"url":null,"entity_id":"Q3609","candidates":[]}]],[[{"start":0,"end":49,"url":null,"entity_id":"Q27880179","candidates":[]}],[],[{"start":0,"end":19,"url":null,"entity_id":"Q3609","candidates":[]}]],[[{"start":0,"end":33,"url":null,"entity_id":"Q24074230","candidates":[]}],[],[{"start":0,"end":19,"url":null,"entity_id":"Q3609","candidates":[]}]],[[{"start":0,"end":23,"url":null,"entity_id":"Q83815236","candidates":[]}],[],[{"start":0,"end":19,"url":null,"entity_id":"Q3609","candidates":[]}]]]}