{"version":"1.2","table":{"version":"2","table_id":"1MQL5T7F","columns":[{"index":0,"name":"col0","values":["Algeria","Angola","Benin","Bostwana","Burkina Faso","Burundi","Burundi","Cameroon","Cameroon","Cape Verde","Central African Republic","Central African Republic","Chad","Chad","Comoros","Congo, Democratic Republic of the","Congo, Repulic Of","Cote d'Ivoire","Dijibouti","Dijibouti","Egypt","Equatorial Guinea","Eritrea","Ethiopia","Gabon","Gambia, The","Ghana","Guinea","Guinea-Bissau","Kanya","Kanya","Lesotho","Lesotho","Liberia","Libya","Madagascar","Madagascar","Malawi","Mali","Mauritania","Mauritius","Morocco","Mozambique","Namibia","Niger","Nigeria","Rwanda","Rwanda","Sao Tome and Principe","Senegal","Seychelles","Sierra Leone","Somalia","Somalia","South Africa","Sudan","Swaziland","Swaziland","Tanzania","Tanzania","Togo","Tunisia","Uganda","Uganda","Zambia","Zambabwe"]},{"index":1,"name":"col1","values":["Arabic","Portuguese","Frencch","English","Frenchh","Runndi","Frennch","FFrench","Eng..","Portuguese","Frenchh","Sangoo","Arrabic","Frenchh","Comoriian","Frenchh","Frenchh","Frenchh","Arabiic","Frenchh","Arabicc","Spanishh","","Amharicc","French","English","Englishh","Freench","Portuguese","Swahilii","English","Sothoo","Englishh","English","Arabic","Malagasyy","Freench","English","Frenchh","Arabic","English","Arabicc","Portuguese","Englishh","French","Ennglish","Rwwanda","Frenchh","Portuguesee","Frenchh","","English","Somali","Arabic","English...","Arabic","Swazii","Engliish","Swahilii","Ennglish","Frennch","Arabic","Swahili","English","Englishh","Englissh"]},{"index":2,"name":"col2","values":["914.4","207.3","45.3","36.6","44.2","57.2","57.2","135.1","135.1","7.0","41.2","41.2","41.3","41.3","6.5","291.0","57.9","238.2","11.5","11.5","678.4","24.3","11.5","98.3","110.3","22.9","274.0","78.7","10.5","199.4","199.4","23.9","23.9","71.3","817.6","90.4","90.4","50.9","68.9","47.5","73.3","427.7","84.0","99.6","48.3","1,281.6","59.5","59.5","5.5","118.9","6.0","77.2","44.2","44.2","1,365.4","169.7","36.5","36.5","146.9","146.9","54.3","206.0","133.9","133.9","363.5","261.3"]},{"index":3,"name":"col3","values":["Jul 1962","Nov 1975","Aug 1960","Sep 1966","Aug 1960","Jul 1962","Jul 1962","Jan 1960","Jan 1960","Jul 1975","Aug 1960","Aug 1960","Aug 1960","Aug 1960","Jul 1975","Aug 1960","Jun 1960","Aug 1960","Jun 1977","Jun 1977","Feb 1922","Oct 1968","May 1993","1,000BC","Aug 1960","Feb 1965","Mar 1957","Oct 1958","Sep 1974","Dec 1963","Dec 1963","Oct 1966","Oct 1966","July 1847","Dec 1951","Jul 1960","Jul 1960","Jul 1964","Jul 1965","Nov 1960","Mar 1968","Mar 1956","Jun 1975","Mar 1990","Aug 1960","Oct 1960","Jul 1962","Jul 1962","Jul 1975","Aug 1960","Jun 1976","Aug 1960","Jul 1961","Jul 1961","May 1910","Jan 1956","Sep 1968","Sep 1968","Dec 1961","Dec 1961","Apr 1960","Mar 1956","Oct 1962","Oct 1962","Oct 1964","Sep 1980"]},{"index":4,"name":"col4","values":["Abdelouahab Keramane","Mario de Alcantara Monteiro","Moise Mensah","Balendzi Gaolathe","Tertius Zongo","Mathias Sinamenye","Mathias Sinamenye","Edouard Akame Mfoumou","Edouard Akame Mfoumou","Antonio Gualberto do Rosario","Anicet-Georges Dologuele","Anicet-Georges Dologuele","Bichara Cherif Daoussa","Bichara Cherif Daoussa","Mohamed Ali Soilihi","Vanant","Nguila Moungounga-Nkombo","N'Goran Niamien","Djama Mahamoud Haid","Djama Mahamoud Haid","Moheiddin El-Gharib","Marceli Oyono Ntutumu","Tekie Beyene","Dubale Jale","Marcel Doupamby Matoka","Dominic Mendy","Kwabena Duffour","Ibrahima Kassory Fofana","Issufo Sanha","Musalia Mudavadi","Musalia Mudavadi","C.T Thamae","C.T Thamae","Elio E. Saleeby","Taher E. Jehaimi","Andrianarivo Tantely","Andrianarivo Tantely","M.A.P. Chikaonda","Soumaila Cisse","Mohamedou Ould Michel","Vasant Kumar Bunwaree","Mohamed Seqat","Tomaz Augusto Salomao","Nangolo Mbumba","Ahmadou Mayaki","Anthony A. Ani","Donat Kaberuka","Donat Kaberuka","Carlos Quaresma Batista","Papa Ousmane Sakho","James Michel","Thaimu Bangura","Vacant","Vacant","Christian Lodewyk Stals","Vacant","Themba N. Mashuka","Themba N. Mashuka","Daniel N. Yona","Daniel N. Yona","Barry Moussa Barque","Mohamed El Beji Hamda","Jehoash Mayanja-Nkangi","Jehoash Mayanja-Nkangi","Ronald Damson Siame Penza","Herbert Murerwa"]},{"index":5,"name":"col5","values":["Algiers","Luanda","Porto-Novoo","Gaboronee","Ouagadougou","Bujumbunaa","Bujumbuna","Yaounnde","Yaoundee","Praia","BBangui","Bangui","N'Ojamena","N'Ojameena","Moronii","Kinshasaa","Brazaaville","Abidjaan","Djiboutii","Djibbouti","Cairro","Malabo","Asmmara","Addis Ababaa","Libreville","Benjul","Accra","Conakryy","Bissauu","Nairobi","Nairobii","Maseru","Maseruu","Monroviaa","Tripolii","Antananarivoo","Antananarivo","Liloongwe","Bama Ko","Nouakchottt","Porto Louiss","Rabat","Maputoo","Windhooek","Niamey","Lagoss","Kagali","Kagali","Sao Tome","Daakar","Victoria","Freetown","Mogadishhu","Mogadishu","Pretoria","Kharttoum","Mbabanne","Mbabane","Dar es Salaamm","Dar es Salaamm","Lomee","Tuniss","Kampela","Kampelaa","Lusakaa","Hararee"]},{"index":6,"name":"col6","values":["9,394","2,323","703","616","696","822","822","1.601","1.601","320","662","662","663","663","315","000","829","2632","365","365","7,034","493","365","1,233","1,242","479","2,990","1,037","355","2,224","2,224","489","489","963","8,426","1,154","1,154","759","939","725","893","4,527","1090","1,246","733","13.006","845","845","305","1,439","310","1022","692","692","13,904","000","615","615","1,719","1,719","793","2,310","1,589","1,589","3,885","2,863"]},{"index":7,"name":"col7","values":["Dinar","New Kwaanza","CFA franc","Pula","CFA franc","Brundi francc","Brundi francc","CFA franc","CFA francc","Escudo","CFA francc","CFA franc","CFA franc","CFA franc","Comoriian franc","CFA francc","CFA francc","CCFA franc","Djib franc","Djib fraanc","Egyptian, PPound","CFA francc","Nakkfa","Birrr","CFA francc","Dalasii","Cedii","Guinean francc","Guinea-Bissau pesso","Kenya shilling","Kenya shillling","Malito (Loti))","Malito (Loti))","Liberian dollarr","Libyan dinar","Madagasy franc","Madagasy francc","Malawi Kwacha","CFA francc","Ouguiya","Mouritian rupeee","Morrocan dirham","Meticall","Nambian dollarr","CFA francc","Nigerrian Naira","Rwandan franc","Rwandan franc","Dobra","CFA franc","Seychelles rrupee","Leoon","Someli Shilling","Someli Shillingg","Randd","Sudanese dinarr","Lulangeni","Lulangeni","Tansanian shilling","Tansanian shilling","CFA francc","Dinnar","Ugandda shilling","Uganda shilliing","Zambian Kwacha","Zambabe dollar"]}]},"context":{"page_title":null,"page_url":null,"page_entity_id":null,"content_hierarchy":[]},"links":[[[],[],[],[],[],[],[],[]],[[],[],[],[],[],[],[],[]],[[],[],[],[],[],[],[],[]],[[],[],[],[],[],[],[],[]],[[],[],[],[],[],[],[],[]],[[],[],[],[],[],[],[],[]],[[],[],[],[],[],[],[],[]],[[],[],[],[],[],[],[],[]],[[],[],[],[],[],[],[],[]],[[],[],[],[],[],[],[],[]],[[],[],[],[],[],[],[],[]],[[],[],[],[],[],[],[],[]],[[],[],[],[],[],[],[],[]],[[],[],[],[],[],[],[],[]],[[],[],[],[],[],[],[],[]],[[],[],[],[],[],[],[],[]],[[],[],[],[],[],[],[],[]],[[],[],[],[],[],[],[],[]],[[],[],[],[],[],[],[],[]],[[],[],[],[],[],[],[],[]],[[],[],[],[],[],[],[],[]],[[],[],[],[],[],[],[],[]],[[],[],[],[],[],[],[],[]],[[],[],[],[],[],[],[],[]],[[],[],[],[],[],[],[],[]],[[],[],[],[],[],[],[],[]],[[],[],[],[],[],[],[],[]],[[],[],[],[],[],[],[],[]],[[],[],[],[],[],[],[],[]],[[],[],[],[],[],[],[],[]],[[],[],[],[],[],[],[],[]],[[],[],[],[],[],[],[],[]],[[],[],[],[],[],[],[],[]],[[],[],[],[],[],[],[],[]],[[],[],[],[],[],[],[],[]],[[],[],[],[],[],[],[],[]],[[],[],[],[],[],[],[],[]],[[],[],[],[],[],[],[],[]],[[],[],[],[],[],[],[],[]],[[],[],[],[],[],[],[],[]],[[],[],[],[],[],[],[],[]],[[],[],[],[],[],[],[],[]],[[],[],[],[],[],[],[],[]],[[],[],[],[],[],[],[],[]],[[],[],[],[],[],[],[],[]],[[],[],[],[],[],[],[],[]],[[],[],[],[],[],[],[],[]],[[],[],[],[],[],[],[],[]],[[],[],[],[],[],[],[],[]],[[],[],[],[],[],[],[],[]],[[],[],[],[],[],[],[],[]],[[],[],[],[],[],[],[],[]],[[],[],[],[],[],[],[],[]],[[],[],[],[],[],[],[],[]],[[],[],[],[],[],[],[],[]],[[],[],[],[],[],[],[],[]],[[],[],[],[],[],[],[],[]],[[],[],[],[],[],[],[],[]],[[],[],[],[],[],[],[],[]],[[],[],[],[],[],[],[],[]],[[],[],[],[],[],[],[],[]],[[],[],[],[],[],[],[],[]],[[],[],[],[],[],[],[],[]],[[],[],[],[],[],[],[],[]],[[],[],[],[],[],[],[],[]],[[],[],[],[],[],[],[],[]]]}