{"version":"1.2","table":{"version":"2","table_id":"1MU2BR3G","columns":[{"index":0,"name":"col0","values":["osmium-196","osmium-194","osmium-193","osmium-192","osmium-191","osmium-190","osmium-189","osmium-188","osmium-187","osmium-186","osmium-185","osmium-184","osmium-183","osmium-182","osmium-181","osmium-180","osmium-179","osmium-178","osmium-177","osmium-176"]},{"index":1,"name":"col1","values":["-28277.105","-32435.108","-33394.289","-35882.191","-36395.185","-38707.771","-38986.745","-41137.233","-41218.945","-42999.943","-42805.88","-44252.533","-43664.043","-44609.104","-43549.963","-44357.81","-43019.495","-43544.27","-41956.462","-42097.94"]},{"index":2,"name":"col2","values":["120","118","117","116","115","114","113","112","111","110","109","108","107","106","105","104","103","102","101","100"]},{"index":3,"name":"col3","values":["195.969643277","193.965179477","192.964149753","191.961478881","190.960928159","189.958445496","188.958146005","187.955837361","186.95574964","185.95383766","184.954045995","183.952492949","182.953124719","181.952110153","180.953247188","179.95237993","178.953816669","177.9532533","176.954957882","175.954806"]},{"index":4,"name":"col4","values":["1","1","-1","1","-1","1","-1","1","-1","1","-1","1","1","1","-1","1","-1","1","-1","1"]},{"index":5,"name":"col5","values":["76","76","76","76","76","76","76","76","76","76","76","76","76","76","76","76","76","76","76","76"]}]},"context":{"page_title":null,"page_url":null,"page_entity_id":null,"content_hierarchy":[]},"links":[[[{"start":0,"end":10,"url":null,"entity_id":"Q18882986","candidates":[]}],[],[],[],[],[]],[[{"start":0,"end":10,"url":null,"entity_id":"Q18882984","candidates":[]}],[],[],[],[],[]],[[{"start":0,"end":10,"url":null,"entity_id":"Q18882983","candidates":[]}],[],[],[],[],[]],[[{"start":0,"end":10,"url":null,"entity_id":"Q18882981","candidates":[]}],[],[],[],[],[]],[[{"start":0,"end":10,"url":null,"entity_id":"Q18882979","candidates":[]}],[],[],[],[],[]],[[{"start":0,"end":10,"url":null,"entity_id":"Q18882977","candidates":[]}],[],[],[],[],[]],[[{"start":0,"end":10,"url":null,"entity_id":"Q18882975","candidates":[]}],[],[],[],[],[]],[[{"start":0,"end":10,"url":null,"entity_id":"Q18882973","candidates":[]}],[],[],[],[],[]],[[{"start":0,"end":10,"url":null,"entity_id":"Q18882972","candidates":[]}],[],[],[],[],[]],[[{"start":0,"end":10,"url":null,"entity_id":"Q18882971","candidates":[]}],[],[],[],[],[]],[[{"start":0,"end":10,"url":null,"entity_id":"Q18882968","candidates":[]}],[],[],[],[],[]],[[{"start":0,"end":10,"url":null,"entity_id":"Q18882967","candidates":[]}],[],[],[],[],[]],[[{"start":0,"end":10,"url":null,"entity_id":"Q18882965","candidates":[]}],[],[],[],[],[]],[[{"start":0,"end":10,"url":null,"entity_id":"Q18882964","candidates":[]}],[],[],[],[],[]],[[{"start":0,"end":10,"url":null,"entity_id":"Q18882960","candidates":[]}],[],[],[],[],[]],[[{"start":0,"end":10,"url":null,"entity_id":"Q18882958","candidates":[]}],[],[],[],[],[]],[[{"start":0,"end":10,"url":null,"entity_id":"Q18882957","candidates":[]}],[],[],[],[],[]],[[{"start":0,"end":10,"url":null,"entity_id":"Q18882956","candidates":[]}],[],[],[],[],[]],[[{"start":0,"end":10,"url":null,"entity_id":"Q18882955","candidates":[]}],[],[],[],[],[]],[[{"start":0,"end":10,"url":null,"entity_id":"Q18882954","candidates":[]}],[],[],[],[],[]]]}