{"version":"1.2","table":{"version":"2","table_id":"1OEPKWVT","columns":[{"index":0,"name":"col0","values":["Simushir","Kasatochi Island","Semisopochnoi Island","Babase Island","Mikura-jima","Nii-jima","Miyakejima","Oshima Ōshima","Io-Torishima","Nightingale Island","Trindade","Great Sitkin Island","Hawaii","Narcondam Island","Barren Island","Kiska","Seguam Island","Raoul Island","Ischia","Rarotonga"]},{"index":1,"name":"col1","values":["1539","314","1221","200","851","432","815","737","212","370","5","1740","4205","710","353","4004","1054","516","789","236"]},{"index":2,"name":"col2","values":["Middle Kurils","volcanic arc","Rat Islands","Feni Islands","Izu Islands","Izu Islands","Izu Islands","Japanese Archipelago","Okinawa Islands","Nightingale Islands","Trindade and Martim Vaz","Andreanof Islands","Hawaiian Islands","Andaman Islands","Andaman Islands","Aleutian Islands","Aleutian Islands","Kermadec Islands","Phlegraean Islands","Cook Islands"]},{"index":3,"name":"col3","values":["12","2.4","14","5","5.5","2.5","8","3.5","1","1.5","3","13","131","2.4","2.9","9.7","10.9","6.7","7.2","7"]}]},"context":{"page_title":null,"page_url":null,"page_entity_id":null,"content_hierarchy":[]},"links":[[[{"start":0,"end":8,"url":null,"entity_id":"Q1423489","candidates":[]}],[],[{"start":0,"end":13,"url":null,"entity_id":"Q20745676","candidates":[]}],[]],[[{"start":0,"end":16,"url":null,"entity_id":"Q1734831","candidates":[]}],[],[{"start":0,"end":12,"url":null,"entity_id":"Q13426043","candidates":[]}],[]],[[{"start":0,"end":20,"url":null,"entity_id":"Q2030657","candidates":[]}],[],[{"start":0,"end":11,"url":null,"entity_id":"Q1623916","candidates":[]}],[]],[[{"start":0,"end":13,"url":null,"entity_id":"Q797590","candidates":[]}],[],[{"start":0,"end":12,"url":null,"entity_id":"Q1401407","candidates":[]}],[]],[[{"start":0,"end":11,"url":null,"entity_id":"Q1197235","candidates":[]}],[],[{"start":0,"end":11,"url":null,"entity_id":"Q864302","candidates":[]}],[]],[[{"start":0,"end":8,"url":null,"entity_id":"Q1191108","candidates":[]}],[],[{"start":0,"end":11,"url":null,"entity_id":"Q864302","candidates":[]}],[]],[[{"start":0,"end":10,"url":null,"entity_id":"Q1075076","candidates":[]}],[],[{"start":0,"end":11,"url":null,"entity_id":"Q864302","candidates":[]}],[]],[[{"start":0,"end":13,"url":null,"entity_id":"Q7370377","candidates":[]}],[],[{"start":0,"end":20,"url":null,"entity_id":"Q841337","candidates":[]}],[]],[[{"start":0,"end":12,"url":null,"entity_id":"Q250462","candidates":[]}],[],[{"start":0,"end":15,"url":null,"entity_id":"Q697589","candidates":[]}],[]],[[{"start":0,"end":18,"url":null,"entity_id":"Q1421835","candidates":[]}],[],[{"start":0,"end":19,"url":null,"entity_id":"Q615054","candidates":[]}],[]],[[{"start":0,"end":8,"url":null,"entity_id":"Q1096095","candidates":[]}],[],[{"start":0,"end":23,"url":null,"entity_id":"Q241478","candidates":[]}],[]],[[{"start":0,"end":19,"url":null,"entity_id":"Q1544363","candidates":[]}],[],[{"start":0,"end":17,"url":null,"entity_id":"Q195248","candidates":[]}],[]],[[{"start":0,"end":6,"url":null,"entity_id":"Q68740","candidates":[]}],[],[{"start":0,"end":16,"url":null,"entity_id":"Q192626","candidates":[]}],[]],[[{"start":0,"end":16,"url":null,"entity_id":"Q1965316","candidates":[]}],[],[{"start":0,"end":15,"url":null,"entity_id":"Q186233","candidates":[]}],[]],[[{"start":0,"end":13,"url":null,"entity_id":"Q248212","candidates":[]}],[],[{"start":0,"end":15,"url":null,"entity_id":"Q186233","candidates":[]}],[]],[[{"start":0,"end":5,"url":null,"entity_id":"Q1096067","candidates":[]}],[],[{"start":0,"end":16,"url":null,"entity_id":"Q119285","candidates":[]}],[]],[[{"start":0,"end":13,"url":null,"entity_id":"Q955387","candidates":[]}],[],[{"start":0,"end":16,"url":null,"entity_id":"Q119285","candidates":[]}],[]],[[{"start":0,"end":12,"url":null,"entity_id":"Q28048","candidates":[]}],[],[{"start":0,"end":16,"url":null,"entity_id":"Q114935","candidates":[]}],[]],[[{"start":0,"end":6,"url":null,"entity_id":"Q189387","candidates":[]}],[],[{"start":0,"end":18,"url":null,"entity_id":"Q75524","candidates":[]}],[]],[[{"start":0,"end":9,"url":null,"entity_id":"Q471793","candidates":[]}],[],[{"start":0,"end":12,"url":null,"entity_id":"Q26988","candidates":[]}],[]]]}