{"version":"1.2","table":{"version":"2","table_id":"1OR2860Q","columns":[{"index":0,"name":"col0","values":["Gdańsk","Helsingborg","Ostend","New York City","Almería","Malaga","Hiroshima","Alexandria","Amsterdam","Stockholm","Barcelona","Djibouti","Singapore","Berbera","Benghazi","Porto Alegre","Tartessos","Tobruk","Toamasina","Misrata"]},{"index":1,"name":"col1","values":["Poland","Sweden","Belgium","United States of America","Spain","Spain","Japan","Egypt","Netherlands","Sweden","Spain","Djibouti","Singapore","Somaliland","Libya","Brazil","Spain","Libya","Madagascar","Libya"]},{"index":2,"name":"col2","values":["Brockhaus and Efron Encyclopedic Dictionary","Brockhaus and Efron Encyclopedic Dictionary","Brockhaus and Efron Encyclopedic Dictionary","Brockhaus and Efron Encyclopedic Dictionary","Brockhaus and Efron Encyclopedic Dictionary","Brockhaus and Efron Encyclopedic Dictionary","Brockhaus and Efron Encyclopedic Dictionary","Catholic Encyclopedia","Catholic Encyclopedia","Catholic Encyclopedia","Encyclopædia Britannica","Brockhaus and Efron Encyclopedic Dictionary","Brockhaus and Efron Encyclopedic Dictionary","The Nuttall Encyclopædia","The Nuttall Encyclopædia","Armenian Soviet Encyclopedia","Armenian Soviet Encyclopedia","Paulys Realenzyklopädie der klassischen Altertumswissenschaft","Brockhaus and Efron Encyclopedic Dictionary","Brockhaus and Efron Encyclopedic Dictionary"]}]},"context":{"page_title":null,"page_url":null,"page_entity_id":null,"content_hierarchy":[]},"links":[[[{"start":0,"end":11,"url":null,"entity_id":"Q25411","candidates":[]}],[{"start":0,"end":6,"url":null,"entity_id":"Q34","candidates":[]}],[{"start":0,"end":43,"url":null,"entity_id":"Q602358","candidates":[]}]],[[{"start":0,"end":6,"url":null,"entity_id":"Q12996","candidates":[]}],[{"start":0,"end":7,"url":null,"entity_id":"Q31","candidates":[]}],[{"start":0,"end":43,"url":null,"entity_id":"Q602358","candidates":[]}]],[[{"start":0,"end":13,"url":null,"entity_id":"Q60","candidates":[]}],[{"start":0,"end":24,"url":null,"entity_id":"Q30","candidates":[]}],[{"start":0,"end":43,"url":null,"entity_id":"Q602358","candidates":[]}]],[[{"start":0,"end":7,"url":null,"entity_id":"Q10400","candidates":[]}],[{"start":0,"end":5,"url":null,"entity_id":"Q29","candidates":[]}],[{"start":0,"end":43,"url":null,"entity_id":"Q602358","candidates":[]}]],[[{"start":0,"end":6,"url":null,"entity_id":"Q8851","candidates":[]}],[{"start":0,"end":5,"url":null,"entity_id":"Q29","candidates":[]}],[{"start":0,"end":43,"url":null,"entity_id":"Q602358","candidates":[]}]],[[{"start":0,"end":9,"url":null,"entity_id":"Q34664","candidates":[]}],[{"start":0,"end":5,"url":null,"entity_id":"Q17","candidates":[]}],[{"start":0,"end":43,"url":null,"entity_id":"Q602358","candidates":[]}]],[[{"start":0,"end":10,"url":null,"entity_id":"Q87","candidates":[]}],[{"start":0,"end":5,"url":null,"entity_id":"Q79","candidates":[]}],[{"start":0,"end":21,"url":null,"entity_id":"Q302556","candidates":[]}]],[[{"start":0,"end":9,"url":null,"entity_id":"Q727","candidates":[]}],[{"start":0,"end":11,"url":null,"entity_id":"Q55","candidates":[]}],[{"start":0,"end":21,"url":null,"entity_id":"Q302556","candidates":[]}]],[[{"start":0,"end":9,"url":null,"entity_id":"Q1754","candidates":[]}],[{"start":0,"end":6,"url":null,"entity_id":"Q34","candidates":[]}],[{"start":0,"end":21,"url":null,"entity_id":"Q302556","candidates":[]}]],[[{"start":0,"end":9,"url":null,"entity_id":"Q1492","candidates":[]}],[{"start":0,"end":5,"url":null,"entity_id":"Q29","candidates":[]}],[{"start":0,"end":23,"url":null,"entity_id":"Q455","candidates":[]}]],[[{"start":0,"end":8,"url":null,"entity_id":"Q3604","candidates":[]}],[{"start":0,"end":8,"url":null,"entity_id":"Q977","candidates":[]}],[{"start":0,"end":43,"url":null,"entity_id":"Q602358","candidates":[]}]],[[{"start":0,"end":9,"url":null,"entity_id":"Q334","candidates":[]}],[{"start":0,"end":9,"url":null,"entity_id":"Q334","candidates":[]}],[{"start":0,"end":43,"url":null,"entity_id":"Q602358","candidates":[]}]],[[{"start":0,"end":7,"url":null,"entity_id":"Q191718","candidates":[]}],[{"start":0,"end":10,"url":null,"entity_id":"Q34754","candidates":[]}],[{"start":0,"end":24,"url":null,"entity_id":"Q3181656","candidates":[]}]],[[{"start":0,"end":8,"url":null,"entity_id":"Q40816","candidates":[]}],[{"start":0,"end":5,"url":null,"entity_id":"Q1016","candidates":[]}],[{"start":0,"end":24,"url":null,"entity_id":"Q3181656","candidates":[]}]],[[{"start":0,"end":12,"url":null,"entity_id":"Q40269","candidates":[]}],[{"start":0,"end":6,"url":null,"entity_id":"Q155","candidates":[]}],[{"start":0,"end":28,"url":null,"entity_id":"Q2657718","candidates":[]}]],[[{"start":0,"end":9,"url":null,"entity_id":"Q320416","candidates":[]}],[{"start":0,"end":5,"url":null,"entity_id":"Q29","candidates":[]}],[{"start":0,"end":28,"url":null,"entity_id":"Q2657718","candidates":[]}]],[[{"start":0,"end":6,"url":null,"entity_id":"Q182092","candidates":[]}],[{"start":0,"end":5,"url":null,"entity_id":"Q1016","candidates":[]}],[{"start":0,"end":61,"url":null,"entity_id":"Q1138524","candidates":[]}]],[[{"start":0,"end":9,"url":null,"entity_id":"Q178067","candidates":[]}],[{"start":0,"end":10,"url":null,"entity_id":"Q1019","candidates":[]}],[{"start":0,"end":43,"url":null,"entity_id":"Q602358","candidates":[]}]],[[{"start":0,"end":7,"url":null,"entity_id":"Q131323","candidates":[]}],[{"start":0,"end":5,"url":null,"entity_id":"Q1016","candidates":[]}],[{"start":0,"end":43,"url":null,"entity_id":"Q602358","candidates":[]}]],[[{"start":0,"end":6,"url":null,"entity_id":"Q1792","candidates":[]}],[{"start":0,"end":6,"url":null,"entity_id":"Q36","candidates":[]}],[{"start":0,"end":43,"url":null,"entity_id":"Q602358","candidates":[]}]]]}