{"version":"1.2","table":{"version":"2","table_id":"1P5E5Q75","columns":[{"index":0,"name":"col0","values":["SheBelieves Cup","División de Honor Femenina de Rugby","18U Baseball World Championship","CONCACAF Under-20 Championship","CONCACAF Women's U-20 Championship","CONCACAF U17 Championship","Copa de la Reina de Fútbol","Campeonato Nacional da Guiné-Bissau","Frauen DFB Pokal","FIFA U-17 Women's World Cup","UEFA Intertonto","AFC Asian Cup","DFB-Pokal","South American Under-17 Women's Championship","Ascenso MX","Mobcast Cup International Women's Club Championship","Kagame Interclub Cup","Boys' Youth Pan-American Volleyball Cup","Girls' Youth Pan-American Volleyball Cup","South American U-20 Women's Championship"]},{"index":1,"name":"col1","values":["4","8","12","34","12","12","16","12","56","16","50","24","64","10","14","6","16","9","10","10"]},{"index":2,"name":"col2","values":["1","1","2","2","2","2","1","1","1","2","1","4","1","2","1","1","1","1","2","2"]}]},"context":{"page_title":null,"page_url":null,"page_entity_id":null,"content_hierarchy":[]},"links":[[[{"start":0,"end":35,"url":null,"entity_id":"Q5811758","candidates":[]}],[],[]],[[{"start":0,"end":31,"url":null,"entity_id":"Q1072470","candidates":[]}],[],[]],[[{"start":0,"end":30,"url":null,"entity_id":"Q1024080","candidates":[]}],[],[]],[[{"start":0,"end":34,"url":null,"entity_id":"Q1024079","candidates":[]}],[],[]],[[{"start":0,"end":25,"url":null,"entity_id":"Q926154","candidates":[]}],[],[]],[[{"start":0,"end":26,"url":null,"entity_id":"Q610727","candidates":[]}],[],[]],[[{"start":0,"end":35,"url":null,"entity_id":"Q557588","candidates":[]}],[],[]],[[{"start":0,"end":16,"url":null,"entity_id":"Q283414","candidates":[]}],[],[]],[[{"start":0,"end":27,"url":null,"entity_id":"Q241618","candidates":[]}],[],[]],[[{"start":0,"end":15,"url":null,"entity_id":"Q182068","candidates":[]}],[],[]],[[{"start":0,"end":13,"url":null,"entity_id":"Q157894","candidates":[]}],[],[]],[[{"start":0,"end":9,"url":null,"entity_id":"Q150880","candidates":[]}],[],[]],[[{"start":0,"end":44,"url":null,"entity_id":"Q139177","candidates":[]}],[],[]],[[{"start":0,"end":10,"url":null,"entity_id":"Q129950","candidates":[]}],[],[]],[[{"start":0,"end":51,"url":null,"entity_id":"Q115802","candidates":[]}],[],[]],[[{"start":0,"end":20,"url":null,"entity_id":"Q82336","candidates":[]}],[],[]],[[{"start":0,"end":39,"url":null,"entity_id":"Q3691823","candidates":[]}],[],[]],[[{"start":0,"end":40,"url":null,"entity_id":"Q3691822","candidates":[]}],[],[]],[[{"start":0,"end":40,"url":null,"entity_id":"Q2094431","candidates":[]}],[],[]],[[{"start":0,"end":15,"url":null,"entity_id":"Q28473086","candidates":[]}],[],[]]]}