{"version":"1.2","table":{"version":"2","table_id":"1RWMT82Q","columns":[{"index":0,"name":"col0","values":["Real Irish Reublican Army","Continuity Irish Republidan Army","AfrikanerWeerstandsbeweging","Lryalist Volunteer Force","Ulvter Defence Association","Ulster Volunter Force","Irsh People's Liberation Organisation","AlShabaab","Aqsar-e Hezbollah","Camelots duRoi","Lehi","Cumann na#mBn","Provisonal Irish Republican Army","Viking Lgague","osovo Liberation Army","Euskadi Ta Askatasxna","Internationl Brigades","Nosaltres Sols#","Stahlhlm, Bund der Frontsoldaten","Arab Liberation rmy"]},{"index":1,"name":"col1","values":["1997/01/01","1986/01/01","1973/07/07","1996/01/01","1971/09/01","1966/05/01","1986/01/01","2006/01/01","1990/01/01","1908/11/16","1940/01/01","1914/04/02","1969/01/01","1923/01/01","1993/01/01","1959/07/31","1936/09/18","1931/01/01","1918/11/13","1947/01/01"]},{"index":2,"name":"col2","values":["Ireland","Northern Ireland","South Africa","United Kingdom","United Kingdom","United Kingdom","Northern Ireland","Somalia","Iran","France","Mandatory Palestine","Ireland","Northern Ireland","Germany","Republic of Kosova","Spain","Second Spanish Republic","Spain","Nazi Germany","Mandatory Palestine"]},{"index":3,"name":"col3","values":["United Ireland","United Ireland","White separatism","Ulster loyalism","Ulster loyalism","Ulster loyalism","anti-imperialism","Islamic fundamentalism","Islamic fundamentalism","integralism","Revisionist Zionism","Irish republicanism","Irish republicanism","German nationalism","Greater Albania","Marxism–Leninism","anti-fascism","anti-fascism","far-right","Pan-Arabism"]}]},"context":{"page_title":null,"page_url":null,"page_entity_id":null,"content_hierarchy":[]},"links":[[[{"start":0,"end":32,"url":null,"entity_id":"Q1128945","candidates":[]}],[],[{"start":0,"end":16,"url":null,"entity_id":"Q26","candidates":[]}],[{"start":0,"end":14,"url":null,"entity_id":"Q3752036","candidates":[]}]],[[{"start":0,"end":27,"url":null,"entity_id":"Q385873","candidates":[]}],[],[{"start":0,"end":12,"url":null,"entity_id":"Q258","candidates":[]}],[{"start":0,"end":16,"url":null,"entity_id":"Q2560112","candidates":[]}]],[[{"start":0,"end":24,"url":null,"entity_id":"Q1872696","candidates":[]}],[],[{"start":0,"end":14,"url":null,"entity_id":"Q145","candidates":[]}],[{"start":0,"end":15,"url":null,"entity_id":"Q2394819","candidates":[]}]],[[{"start":0,"end":26,"url":null,"entity_id":"Q1330968","candidates":[]}],[],[{"start":0,"end":14,"url":null,"entity_id":"Q145","candidates":[]}],[{"start":0,"end":15,"url":null,"entity_id":"Q2394819","candidates":[]}]],[[{"start":0,"end":21,"url":null,"entity_id":"Q1127576","candidates":[]}],[],[{"start":0,"end":14,"url":null,"entity_id":"Q145","candidates":[]}],[{"start":0,"end":15,"url":null,"entity_id":"Q2394819","candidates":[]}]],[[{"start":0,"end":37,"url":null,"entity_id":"Q2701081","candidates":[]}],[],[{"start":0,"end":16,"url":null,"entity_id":"Q26","candidates":[]}],[{"start":0,"end":16,"url":null,"entity_id":"Q1144178","candidates":[]}]],[[{"start":0,"end":9,"url":null,"entity_id":"Q309998","candidates":[]}],[],[{"start":0,"end":7,"url":null,"entity_id":"Q1045","candidates":[]}],[{"start":0,"end":22,"url":null,"entity_id":"Q1140370","candidates":[]}]],[[{"start":0,"end":17,"url":null,"entity_id":"Q568919","candidates":[]}],[],[{"start":0,"end":4,"url":null,"entity_id":"Q794","candidates":[]}],[{"start":0,"end":22,"url":null,"entity_id":"Q1140370","candidates":[]}]],[[{"start":0,"end":14,"url":null,"entity_id":"Q805447","candidates":[]}],[],[{"start":0,"end":6,"url":null,"entity_id":"Q142","candidates":[]}],[{"start":0,"end":11,"url":null,"entity_id":"Q592832","candidates":[]}]],[[{"start":0,"end":4,"url":null,"entity_id":"Q293332","candidates":[]}],[],[{"start":0,"end":19,"url":null,"entity_id":"Q193714","candidates":[]}],[{"start":0,"end":19,"url":null,"entity_id":"Q592710","candidates":[]}]],[[{"start":0,"end":13,"url":null,"entity_id":"Q427496","candidates":[]}],[],[{"start":0,"end":7,"url":null,"entity_id":"Q27","candidates":[]}],[{"start":0,"end":19,"url":null,"entity_id":"Q517372","candidates":[]}]],[[{"start":0,"end":32,"url":null,"entity_id":"Q504628","candidates":[]}],[],[{"start":0,"end":16,"url":null,"entity_id":"Q26","candidates":[]}],[{"start":0,"end":19,"url":null,"entity_id":"Q517372","candidates":[]}]],[[{"start":0,"end":13,"url":null,"entity_id":"Q1005141","candidates":[]}],[],[{"start":0,"end":7,"url":null,"entity_id":"Q183","candidates":[]}],[{"start":0,"end":18,"url":null,"entity_id":"Q370744","candidates":[]}]],[[{"start":0,"end":21,"url":null,"entity_id":"Q193366","candidates":[]}],[],[{"start":0,"end":18,"url":null,"entity_id":"Q2631403","candidates":[]}],[{"start":0,"end":15,"url":null,"entity_id":"Q331022","candidates":[]}]],[[{"start":0,"end":21,"url":null,"entity_id":"Q42814","candidates":[]}],[],[{"start":0,"end":5,"url":null,"entity_id":"Q29","candidates":[]}],[{"start":0,"end":16,"url":null,"entity_id":"Q211930","candidates":[]}]],[[{"start":0,"end":21,"url":null,"entity_id":"Q132518","candidates":[]}],[],[{"start":0,"end":23,"url":null,"entity_id":"Q178038","candidates":[]}],[{"start":0,"end":12,"url":null,"entity_id":"Q210189","candidates":[]}]],[[{"start":0,"end":15,"url":null,"entity_id":"Q3757011","candidates":[]}],[],[{"start":0,"end":5,"url":null,"entity_id":"Q29","candidates":[]}],[{"start":0,"end":12,"url":null,"entity_id":"Q210189","candidates":[]}]],[[{"start":0,"end":32,"url":null,"entity_id":"Q568522","candidates":[]}],[],[{"start":0,"end":12,"url":null,"entity_id":"Q7318","candidates":[]}],[{"start":0,"end":9,"url":null,"entity_id":"Q204481","candidates":[]}]],[[{"start":0,"end":19,"url":null,"entity_id":"Q623911","candidates":[]}],[],[{"start":0,"end":19,"url":null,"entity_id":"Q193714","candidates":[]}],[{"start":0,"end":11,"url":null,"entity_id":"Q193476","candidates":[]}]],[[{"start":0,"end":25,"url":null,"entity_id":"Q1122988","candidates":[]}],[],[{"start":0,"end":7,"url":null,"entity_id":"Q27","candidates":[]}],[{"start":0,"end":14,"url":null,"entity_id":"Q3752036","candidates":[]}]]]}