{"version":"1.2","table":{"version":"2","table_id":"1S0HRDLA","columns":[{"index":0,"name":"col0","values":["Aubundale","Bentn","Silver Lak","Maden Rock","Oxfrd","Iola","Hbles Corners","inden","Eagle","Pattoon","Peshkoro","Lowll","Oadale","Mhrrimac","Blxe Mounds","Black!Earth","Birnamwod","Radivson","Asgyle","Almod"]},{"index":1,"name":"col1","values":["696.673","978.838","2406.178","118.643","610.642","1302.301","7772.764999999999","544.059","1946.1","438.876","434.868","340.34","297.0","418.32","851.58","1343.352","813.91","223.332","851.858","444.864"]},{"index":2,"name":"col2","values":["377.25","260.428","231.38","344.27","265.53","317.896","237.286","336.34","273.35","390.556","244.777","252.494","286.688","248.496","326.688","256.275","394.618","386.836","246.24599999999998","352.0"]},{"index":3,"name":"col3","values":["5.456959606","2.0422463499999997","3.522964325","1.1693799999999999","1.0296","4.753160082","8.299218927999998","2.0201042699999996","3.4816029319999995","4.226005091999999","5.480112126","1.05105","0.8625799999999999","1.50698","2.25861372","2.2276098409999996","5.747105747999999","1.022432411","1.6922837009999998","1.01808"]}]},"context":{"page_title":null,"page_url":null,"page_entity_id":null,"content_hierarchy":[]},"links":[[[{"start":0,"end":9,"url":null,"entity_id":"Q2671421","candidates":[]}],[],[],[]],[[{"start":0,"end":5,"url":null,"entity_id":"Q2671418","candidates":[]}],[],[],[]],[[{"start":0,"end":10,"url":null,"entity_id":"Q2671412","candidates":[]}],[],[],[]],[[{"start":0,"end":10,"url":null,"entity_id":"Q2671407","candidates":[]}],[],[],[]],[[{"start":0,"end":5,"url":null,"entity_id":"Q2671403","candidates":[]}],[],[],[]],[[{"start":0,"end":4,"url":null,"entity_id":"Q2671397","candidates":[]}],[],[],[]],[[{"start":0,"end":13,"url":null,"entity_id":"Q2671393","candidates":[]}],[],[],[]],[[{"start":0,"end":5,"url":null,"entity_id":"Q2671389","candidates":[]}],[],[],[]],[[{"start":0,"end":5,"url":null,"entity_id":"Q2671381","candidates":[]}],[],[],[]],[[{"start":0,"end":7,"url":null,"entity_id":"Q2671377","candidates":[]}],[],[],[]],[[{"start":0,"end":8,"url":null,"entity_id":"Q2671332","candidates":[]}],[],[],[]],[[{"start":0,"end":5,"url":null,"entity_id":"Q2671325","candidates":[]}],[],[],[]],[[{"start":0,"end":6,"url":null,"entity_id":"Q2671317","candidates":[]}],[],[],[]],[[{"start":0,"end":8,"url":null,"entity_id":"Q2671313","candidates":[]}],[],[],[]],[[{"start":0,"end":11,"url":null,"entity_id":"Q2671310","candidates":[]}],[],[],[]],[[{"start":0,"end":11,"url":null,"entity_id":"Q2671303","candidates":[]}],[],[],[]],[[{"start":0,"end":9,"url":null,"entity_id":"Q2671297","candidates":[]}],[],[],[]],[[{"start":0,"end":8,"url":null,"entity_id":"Q2671264","candidates":[]}],[],[],[]],[[{"start":0,"end":6,"url":null,"entity_id":"Q2671236","candidates":[]}],[],[],[]],[[{"start":0,"end":5,"url":null,"entity_id":"Q2671180","candidates":[]}],[],[],[]]]}