{"version":"1.2","table":{"version":"2","table_id":"1S9AW0VQ","columns":[{"index":0,"name":"col0","values":["2MASX J10325260+4926128","SDSS J104731.84+063603.7","SDSS J112238.84+143348.4","2MASX J11315721+1252410","SDSS J112535.93+195716.6","SDSS J115926.02+433537.4","SDSS J115118.56+333739.5","2dFGRS TGN429Z201","2dFGRS TGN224Z156","2MASX J10320844-0056143","LEDA 1900870","2MASX J23201102+1448147","SDSS J161355.52+303914.5","SDSS J161931.73+245153.1","2MASX J16420394+3603315","SDSS J164411.87+350654.5","2MASX J16253064+2323447","SDSS J113023.80+115342.4","SDSS J150111.92+040422.8","2MASS J16093641+2544596"]},{"index":1,"name":"col1","values":["33624","103817","52657","56526","29406","20985","40565","31965","8903","24710","16090","23642","18894","32064","45643","30247","42359","132725","43412","12091"]},{"index":2,"name":"col2","values":["49.4368979592962","6.6010337646762","14.5634263882732","12.8780610356119","19.954644607303","43.5937428162855","33.6276428909683","1.5512931114152","-2.7211605137067","-0.9373244350632","30.3650936865602","14.8042079875399","30.6540400288408","24.8647401492008","36.0586960002358","35.115180207733","23.3959623842665","11.8951243698723","4.0730479583312","25.7498972034877"]},{"index":3,"name":"col3","values":["-0.665","-0.994","-0.538","-1.478","-1.197","0.219","0.701","0.713","-0.277","-0.27","-3.602","-0.334","1.208","-1.203","-7.12","-0.906","-4.09","-0.694","-5.674","-0.325"]}]},"context":{"page_title":null,"page_url":null,"page_entity_id":null,"content_hierarchy":[]},"links":[[[{"start":0,"end":23,"url":null,"entity_id":"Q78440301","candidates":[]}],[],[],[]],[[{"start":0,"end":24,"url":null,"entity_id":"Q78440081","candidates":[]}],[],[],[]],[[{"start":0,"end":24,"url":null,"entity_id":"Q77017346","candidates":[]}],[],[],[]],[[{"start":0,"end":23,"url":null,"entity_id":"Q77017267","candidates":[]}],[],[],[]],[[{"start":0,"end":24,"url":null,"entity_id":"Q77014751","candidates":[]}],[],[],[]],[[{"start":0,"end":24,"url":null,"entity_id":"Q77014320","candidates":[]}],[],[],[]],[[{"start":0,"end":24,"url":null,"entity_id":"Q77012784","candidates":[]}],[],[],[]],[[{"start":0,"end":17,"url":null,"entity_id":"Q77388236","candidates":[]}],[],[],[]],[[{"start":0,"end":17,"url":null,"entity_id":"Q77376340","candidates":[]}],[],[],[]],[[{"start":0,"end":23,"url":null,"entity_id":"Q77373829","candidates":[]}],[],[],[]],[[{"start":0,"end":12,"url":null,"entity_id":"Q77344998","candidates":[]}],[],[],[]],[[{"start":0,"end":23,"url":null,"entity_id":"Q77103723","candidates":[]}],[],[],[]],[[{"start":0,"end":24,"url":null,"entity_id":"Q77102356","candidates":[]}],[],[],[]],[[{"start":0,"end":24,"url":null,"entity_id":"Q77099440","candidates":[]}],[],[],[]],[[{"start":0,"end":23,"url":null,"entity_id":"Q77097936","candidates":[]}],[],[],[]],[[{"start":0,"end":24,"url":null,"entity_id":"Q77095336","candidates":[]}],[],[],[]],[[{"start":0,"end":23,"url":null,"entity_id":"Q77093470","candidates":[]}],[],[],[]],[[{"start":0,"end":24,"url":null,"entity_id":"Q76924727","candidates":[]}],[],[],[]],[[{"start":0,"end":24,"url":null,"entity_id":"Q76917523","candidates":[]}],[],[],[]],[[{"start":0,"end":23,"url":null,"entity_id":"Q76890528","candidates":[]}],[],[],[]]]}