{"version":"1.2","table":{"version":"2","table_id":"1UGZFKQS","columns":[{"index":0,"name":"col0","values":["Atucha Nuclear Power Plant","Hinkley Point A nuclear power station","Santa María de Garoña Nuclear Power Plant","Oldbury Nuclear Power Station","Belleville Nuclear Power Plant","Saint-Alban Nuclear Power Plant","Beaver Valley Nuclear Generating Station","Ling Ao Nuclear Power Plant","Tsuruga Nuclear Power Plant","Civaux Nuclear Power Plant","Ascó Nuclear Power Plant","Chinon Nuclear Power Plant","José Cabrera Nuclear Power Station","Ågesta Nuclear Plant","Gravelines Nuclear Power Station","Doel Nuclear Power Station","Tihange Nuclear Power Station","Cofrentes Nuclear Power Plant","Forsmark Nuclear Power Plant","Garigliano Nuclear Power Plant"]},{"index":1,"name":"col1","values":["1968-01-01","1957-01-01","1966-01-01","1961-01-01","1979-01-15","1978-01-01","1976-01-01","2002-01-01","1966-01-01","2002-01-01","1971-01-01","1957-02-01","1965-01-01","1963-01-01","1974-01-01","1969-01-01","1970-01-01","1975-01-01","1980-12-10","1964-01-01"]},{"index":2,"name":"col2","values":["Zárate Partido","Stogursey","Valle de Tobalina","South Gloucestershire","Belleville-sur-Loire","Saint-Alban-du-Rhône","Shippingport","Longgang District","Tsuruga","Civaux","Ascó","Avoine","Almonacid de Zorita","Huddinge Municipality","Gravelines","Beveren","Huy","Cofrentes","Östhammar Municipality","Sessa Aurunca"]}]},"context":{"page_title":null,"page_url":null,"page_entity_id":null,"content_hierarchy":[]},"links":[[[{"start":0,"end":37,"url":null,"entity_id":"Q1765322","candidates":[]}],[],[{"start":0,"end":9,"url":null,"entity_id":"Q2081184","candidates":[]}]],[[{"start":0,"end":41,"url":null,"entity_id":"Q1695264","candidates":[]}],[],[{"start":0,"end":17,"url":null,"entity_id":"Q1630657","candidates":[]}]],[[{"start":0,"end":29,"url":null,"entity_id":"Q1739449","candidates":[]}],[],[{"start":0,"end":21,"url":null,"entity_id":"Q1369280","candidates":[]}]],[[{"start":0,"end":30,"url":null,"entity_id":"Q1645882","candidates":[]}],[],[{"start":0,"end":20,"url":null,"entity_id":"Q1139878","candidates":[]}]],[[{"start":0,"end":31,"url":null,"entity_id":"Q2409863","candidates":[]}],[],[{"start":0,"end":20,"url":null,"entity_id":"Q1067925","candidates":[]}]],[[{"start":0,"end":40,"url":null,"entity_id":"Q1735267","candidates":[]}],[],[{"start":0,"end":12,"url":null,"entity_id":"Q1013515","candidates":[]}]],[[{"start":0,"end":27,"url":null,"entity_id":"Q1739439","candidates":[]}],[],[{"start":0,"end":17,"url":null,"entity_id":"Q1001406","candidates":[]}]],[[{"start":0,"end":27,"url":null,"entity_id":"Q1623116","candidates":[]}],[],[{"start":0,"end":7,"url":null,"entity_id":"Q847581","candidates":[]}]],[[{"start":0,"end":26,"url":null,"entity_id":"Q1739375","candidates":[]}],[],[{"start":0,"end":6,"url":null,"entity_id":"Q819285","candidates":[]}]],[[{"start":0,"end":24,"url":null,"entity_id":"Q1640098","candidates":[]}],[],[{"start":0,"end":4,"url":null,"entity_id":"Q723440","candidates":[]}]],[[{"start":0,"end":26,"url":null,"entity_id":"Q1735581","candidates":[]}],[],[{"start":0,"end":6,"url":null,"entity_id":"Q654358","candidates":[]}]],[[{"start":0,"end":34,"url":null,"entity_id":"Q1561460","candidates":[]}],[],[{"start":0,"end":19,"url":null,"entity_id":"Q634303","candidates":[]}]],[[{"start":0,"end":20,"url":null,"entity_id":"Q1739508","candidates":[]}],[],[{"start":0,"end":21,"url":null,"entity_id":"Q492575","candidates":[]}]],[[{"start":0,"end":32,"url":null,"entity_id":"Q1739407","candidates":[]}],[],[{"start":0,"end":10,"url":null,"entity_id":"Q323399","candidates":[]}]],[[{"start":0,"end":26,"url":null,"entity_id":"Q1739399","candidates":[]}],[],[{"start":0,"end":7,"url":null,"entity_id":"Q270644","candidates":[]}]],[[{"start":0,"end":29,"url":null,"entity_id":"Q1739481","candidates":[]}],[],[{"start":0,"end":3,"url":null,"entity_id":"Q207095","candidates":[]}]],[[{"start":0,"end":29,"url":null,"entity_id":"Q1715858","candidates":[]}],[],[{"start":0,"end":9,"url":null,"entity_id":"Q115313","candidates":[]}]],[[{"start":0,"end":28,"url":null,"entity_id":"Q1575435","candidates":[]}],[],[{"start":0,"end":22,"url":null,"entity_id":"Q59093","candidates":[]}]],[[{"start":0,"end":30,"url":null,"entity_id":"Q1724901","candidates":[]}],[],[{"start":0,"end":13,"url":null,"entity_id":"Q58898","candidates":[]}]],[[{"start":0,"end":26,"url":null,"entity_id":"Q1756456","candidates":[]}],[],[{"start":0,"end":14,"url":null,"entity_id":"Q2622012","candidates":[]}]]]}