{"version":"1.2","table":{"version":"2","table_id":"1WIVEMN5","columns":[{"index":0,"name":"col0","values":["LG G Flex 2","Samsung Galaxy Note 5","Samsung Galaxy Note Edge","Microsoft Lumia 532","Microsoft Lumia 535","Nokia Lumia 735","Nokia Lumia 830","LG G2","Samsung Galaxy Note 3 Neo","Samsung Galaxy Note 3","Sony Xperia Z2 Tablet","Nokia Lumia 2520","Huawei Honor 20","Huawei Honor 8 Pro","Samsung Galaxy S10","Samsung Galaxy S III Mini","Samsung Galaxy S II","Samsung Omnia 7","Samsung Galaxy Note","Nokia Lumia 810"]},{"index":1,"name":"col1","values":["smartphone","phablet","smartphone","smartphone","smartphone","smartphone","smartphone","smartphone","phablet","phablet","tablet computer","tablet computer","electronic machine","electronic machine","smartphone","smartphone","smartphone","smartphone","Internet tablet","smartphone"]},{"index":2,"name":"col2","values":["LG G series","Samsung Galaxy Note series","Samsung Galaxy Note series","Lumia series","Lumia series","Lumia series","Lumia series","LG G series","Samsung Galaxy Note series","Samsung Galaxy Note series","Sony Xperia","Lumia series","Honor","Honor","Samsung Galaxy S series","Template:Samsung Galaxy S","Template:Samsung Galaxy S","Samsung Omnia Series","Samsung Galaxy Note series","Lumia series"]}]},"context":{"page_title":null,"page_url":null,"page_entity_id":null,"content_hierarchy":[]},"links":[[[{"start":0,"end":11,"url":null,"entity_id":"Q18921035","candidates":[]}],[{"start":0,"end":10,"url":null,"entity_id":"Q22645","candidates":[]}],[{"start":0,"end":11,"url":null,"entity_id":"Q15052060","candidates":[]}]],[[{"start":0,"end":21,"url":null,"entity_id":"Q20819458","candidates":[]}],[{"start":0,"end":7,"url":null,"entity_id":"Q521097","candidates":[]}],[{"start":0,"end":26,"url":null,"entity_id":"Q7410478","candidates":[]}]],[[{"start":0,"end":24,"url":null,"entity_id":"Q17914033","candidates":[]}],[{"start":0,"end":10,"url":null,"entity_id":"Q22645","candidates":[]}],[{"start":0,"end":26,"url":null,"entity_id":"Q7410478","candidates":[]}]],[[{"start":0,"end":19,"url":null,"entity_id":"Q18923001","candidates":[]}],[{"start":0,"end":10,"url":null,"entity_id":"Q22645","candidates":[]}],[{"start":0,"end":12,"url":null,"entity_id":"Q782736","candidates":[]}]],[[{"start":0,"end":19,"url":null,"entity_id":"Q18642203","candidates":[]}],[{"start":0,"end":10,"url":null,"entity_id":"Q22645","candidates":[]}],[{"start":0,"end":12,"url":null,"entity_id":"Q782736","candidates":[]}]],[[{"start":0,"end":15,"url":null,"entity_id":"Q18146823","candidates":[]}],[{"start":0,"end":10,"url":null,"entity_id":"Q22645","candidates":[]}],[{"start":0,"end":12,"url":null,"entity_id":"Q782736","candidates":[]}]],[[{"start":0,"end":15,"url":null,"entity_id":"Q17905075","candidates":[]}],[{"start":0,"end":10,"url":null,"entity_id":"Q22645","candidates":[]}],[{"start":0,"end":12,"url":null,"entity_id":"Q782736","candidates":[]}]],[[{"start":0,"end":5,"url":null,"entity_id":"Q14516389","candidates":[]}],[{"start":0,"end":10,"url":null,"entity_id":"Q22645","candidates":[]}],[{"start":0,"end":11,"url":null,"entity_id":"Q15052060","candidates":[]}]],[[{"start":0,"end":25,"url":null,"entity_id":"Q15951068","candidates":[]}],[{"start":0,"end":7,"url":null,"entity_id":"Q521097","candidates":[]}],[{"start":0,"end":26,"url":null,"entity_id":"Q7410478","candidates":[]}]],[[{"start":0,"end":21,"url":null,"entity_id":"Q14822047","candidates":[]}],[{"start":0,"end":7,"url":null,"entity_id":"Q521097","candidates":[]}],[{"start":0,"end":26,"url":null,"entity_id":"Q7410478","candidates":[]}]],[[{"start":0,"end":21,"url":null,"entity_id":"Q15888063","candidates":[]}],[{"start":0,"end":15,"url":null,"entity_id":"Q155972","candidates":[]}],[{"start":0,"end":11,"url":null,"entity_id":"Q1141217","candidates":[]}]],[[{"start":0,"end":16,"url":null,"entity_id":"Q15091626","candidates":[]}],[{"start":0,"end":15,"url":null,"entity_id":"Q155972","candidates":[]}],[{"start":0,"end":12,"url":null,"entity_id":"Q782736","candidates":[]}]],[[{"start":0,"end":15,"url":null,"entity_id":"Q65042989","candidates":[]}],[{"start":0,"end":18,"url":null,"entity_id":"Q2858615","candidates":[]}],[{"start":0,"end":5,"url":null,"entity_id":"Q27070331","candidates":[]}]],[[{"start":0,"end":18,"url":null,"entity_id":"Q30326193","candidates":[]}],[{"start":0,"end":18,"url":null,"entity_id":"Q2858615","candidates":[]}],[{"start":0,"end":5,"url":null,"entity_id":"Q27070331","candidates":[]}]],[[{"start":0,"end":18,"url":null,"entity_id":"Q60021939","candidates":[]}],[{"start":0,"end":10,"url":null,"entity_id":"Q22645","candidates":[]}],[{"start":0,"end":23,"url":null,"entity_id":"Q73389","candidates":[]}]],[[{"start":0,"end":25,"url":null,"entity_id":"Q490473","candidates":[]}],[{"start":0,"end":10,"url":null,"entity_id":"Q22645","candidates":[]}],[{"start":0,"end":25,"url":null,"entity_id":"Q12912235","candidates":[]}]],[[{"start":0,"end":19,"url":null,"entity_id":"Q154851","candidates":[]}],[{"start":0,"end":10,"url":null,"entity_id":"Q22645","candidates":[]}],[{"start":0,"end":25,"url":null,"entity_id":"Q12912235","candidates":[]}]],[[{"start":0,"end":15,"url":null,"entity_id":"Q485216","candidates":[]}],[{"start":0,"end":10,"url":null,"entity_id":"Q22645","candidates":[]}],[{"start":0,"end":20,"url":null,"entity_id":"Q7410520","candidates":[]}]],[[{"start":0,"end":19,"url":null,"entity_id":"Q494698","candidates":[]}],[{"start":0,"end":15,"url":null,"entity_id":"Q2727415","candidates":[]}],[{"start":0,"end":26,"url":null,"entity_id":"Q7410478","candidates":[]}]],[[{"start":0,"end":15,"url":null,"entity_id":"Q280681","candidates":[]}],[{"start":0,"end":10,"url":null,"entity_id":"Q22645","candidates":[]}],[{"start":0,"end":12,"url":null,"entity_id":"Q782736","candidates":[]}]]]}