{"version":"1.2","table":{"version":"2","table_id":"1Y1IUCGF","columns":[{"index":0,"name":"col0","values":["1976 Summer Olympics","1932 Summer Olympics","1928 Summer Olympics","1968 Summer Olympics","1956 Summer Olympics","1952 Summer Olympics","1992 Summer Olympics","1924 Summer Olympics","1936 Summer Olympics","1964 Summer Olympics","1960 Summer Olympics","2000 Summer Olympics","2012 Summer Olympics","1948 Summer Olympics","1996 Summer Olympics","1980 Summer Olympics","2004 Summer Olympics","1920 Summer Olympics","2008 Summer Olympics","1988 Summer Olympics"]},{"index":1,"name":"col1","values":["Pierre Saint-Jean","George Calnan","Harry Dénis","Pablo Garrido Lugo","John Landy","Heikki Savolainen","Luis Doreste","Géo André","Rudolf Ismayr","Takashi Ono","Adolfo Consolini","Rechelle Hawkes","Sarah Stevenson","Don Finlay","Teresa Edwards","Nikolai Andrianov","Zoi Dimoschaki","Victor Boin","Zhang Yining","Hur Jae"]},{"index":2,"name":"col2","values":["1976-08-01","1932-08-14","1928-08-12","1968-10-27","1956-12-08","1952-08-03","1992-08-09","1924-07-27","1936-08-16","1964-10-24","1960-09-11","2000-10-01","2012-08-12","1948-08-14","1996-08-04","1980-08-03","2004-08-29","1920-09-12","2008-08-24","1988-10-02"]},{"index":3,"name":"col3","values":["1976-07-17","1932-07-30","1928-07-28","1968-10-12","1956-11-22","1952-07-19","1992-07-25","1924-05-04","1936-08-01","1964-10-10","1960-08-25","2000-09-15","2012-07-25","1948-07-29","1996-07-19","1980-07-19","2004-08-13","1920-04-20","2008-08-08","1988-09-17"]},{"index":4,"name":"col4","values":["Olympic sporting event","Olympic sporting event","Olympic sporting event","Olympic sporting event","Olympic sporting event","Olympic sporting event","Olympic sporting event","Olympic sporting event","Olympic sporting event","Olympic sporting event","Olympic sporting event","Olympic sporting event","Olympic sporting event","Olympic sporting event","Olympic sporting event","Olympic sporting event","Olympic sporting event","Olympic sporting event","Olympic sporting event","Olympic sporting event"]}]},"context":{"page_title":null,"page_url":null,"page_entity_id":null,"content_hierarchy":[]},"links":[[[{"start":0,"end":20,"url":null,"entity_id":"Q8444","candidates":[]}],[{"start":0,"end":17,"url":null,"entity_id":"Q3386920","candidates":[]}],[],[],[{"start":0,"end":22,"url":null,"entity_id":"Q18536594","candidates":[]}]],[[{"start":0,"end":20,"url":null,"entity_id":"Q8143","candidates":[]}],[{"start":0,"end":13,"url":null,"entity_id":"Q2735183","candidates":[]}],[],[],[{"start":0,"end":22,"url":null,"entity_id":"Q18536594","candidates":[]}]],[[{"start":0,"end":20,"url":null,"entity_id":"Q8138","candidates":[]}],[{"start":0,"end":11,"url":null,"entity_id":"Q2529272","candidates":[]}],[],[],[{"start":0,"end":22,"url":null,"entity_id":"Q18536594","candidates":[]}]],[[{"start":0,"end":20,"url":null,"entity_id":"Q8429","candidates":[]}],[{"start":0,"end":18,"url":null,"entity_id":"Q2045186","candidates":[]}],[],[],[{"start":0,"end":22,"url":null,"entity_id":"Q18536594","candidates":[]}]],[[{"start":0,"end":20,"url":null,"entity_id":"Q8411","candidates":[]}],[{"start":0,"end":10,"url":null,"entity_id":"Q1353311","candidates":[]}],[],[],[{"start":0,"end":22,"url":null,"entity_id":"Q18536594","candidates":[]}]],[[{"start":0,"end":20,"url":null,"entity_id":"Q8407","candidates":[]}],[{"start":0,"end":17,"url":null,"entity_id":"Q1334461","candidates":[]}],[],[],[{"start":0,"end":22,"url":null,"entity_id":"Q18536594","candidates":[]}]],[[{"start":0,"end":20,"url":null,"entity_id":"Q8488","candidates":[]}],[{"start":0,"end":12,"url":null,"entity_id":"Q929653","candidates":[]}],[],[],[{"start":0,"end":22,"url":null,"entity_id":"Q18536594","candidates":[]}]],[[{"start":0,"end":20,"url":null,"entity_id":"Q8132","candidates":[]}],[{"start":0,"end":9,"url":null,"entity_id":"Q927905","candidates":[]}],[],[],[{"start":0,"end":22,"url":null,"entity_id":"Q18536594","candidates":[]}]],[[{"start":0,"end":20,"url":null,"entity_id":"Q8150","candidates":[]}],[{"start":0,"end":13,"url":null,"entity_id":"Q568591","candidates":[]}],[],[],[{"start":0,"end":22,"url":null,"entity_id":"Q18536594","candidates":[]}]],[[{"start":0,"end":20,"url":null,"entity_id":"Q8420","candidates":[]}],[{"start":0,"end":11,"url":null,"entity_id":"Q372171","candidates":[]}],[],[],[{"start":0,"end":22,"url":null,"entity_id":"Q18536594","candidates":[]}]],[[{"start":0,"end":20,"url":null,"entity_id":"Q8415","candidates":[]}],[{"start":0,"end":16,"url":null,"entity_id":"Q365050","candidates":[]}],[],[],[{"start":0,"end":22,"url":null,"entity_id":"Q18536594","candidates":[]}]],[[{"start":0,"end":20,"url":null,"entity_id":"Q8544","candidates":[]}],[{"start":0,"end":15,"url":null,"entity_id":"Q272139","candidates":[]}],[],[],[{"start":0,"end":22,"url":null,"entity_id":"Q18536594","candidates":[]}]],[[{"start":0,"end":20,"url":null,"entity_id":"Q8577","candidates":[]}],[{"start":0,"end":15,"url":null,"entity_id":"Q260653","candidates":[]}],[],[],[{"start":0,"end":22,"url":null,"entity_id":"Q18536594","candidates":[]}]],[[{"start":0,"end":20,"url":null,"entity_id":"Q8403","candidates":[]}],[{"start":0,"end":10,"url":null,"entity_id":"Q260598","candidates":[]}],[],[],[{"start":0,"end":22,"url":null,"entity_id":"Q18536594","candidates":[]}]],[[{"start":0,"end":20,"url":null,"entity_id":"Q8531","candidates":[]}],[{"start":0,"end":14,"url":null,"entity_id":"Q240741","candidates":[]}],[],[],[{"start":0,"end":22,"url":null,"entity_id":"Q18536594","candidates":[]}]],[[{"start":0,"end":20,"url":null,"entity_id":"Q8450","candidates":[]}],[{"start":0,"end":17,"url":null,"entity_id":"Q219309","candidates":[]}],[],[],[{"start":0,"end":22,"url":null,"entity_id":"Q18536594","candidates":[]}]],[[{"start":0,"end":20,"url":null,"entity_id":"Q8558","candidates":[]}],[{"start":0,"end":14,"url":null,"entity_id":"Q218409","candidates":[]}],[],[],[{"start":0,"end":22,"url":null,"entity_id":"Q18536594","candidates":[]}]],[[{"start":0,"end":20,"url":null,"entity_id":"Q8128","candidates":[]}],[{"start":0,"end":11,"url":null,"entity_id":"Q201317","candidates":[]}],[],[],[{"start":0,"end":22,"url":null,"entity_id":"Q18536594","candidates":[]}]],[[{"start":0,"end":20,"url":null,"entity_id":"Q8567","candidates":[]}],[{"start":0,"end":12,"url":null,"entity_id":"Q197335","candidates":[]}],[],[],[{"start":0,"end":22,"url":null,"entity_id":"Q18536594","candidates":[]}]],[[{"start":0,"end":20,"url":null,"entity_id":"Q8470","candidates":[]}],[{"start":0,"end":7,"url":null,"entity_id":"Q165698","candidates":[]}],[],[],[{"start":0,"end":22,"url":null,"entity_id":"Q18536594","candidates":[]}]]]}