{"version":"1.2","table":{"version":"2","table_id":"1YNGU50L","columns":[{"index":0,"name":"col0","values":["2017 Grand Prix Cycliste de ontréal","2017 Eschborn-Frankfurt – Rund um dep Finanzplatz","2017 Giro di Lombardi","2017 Amstel Gold Raee","2017 Liège–Bastogne–Ljège","2017 La Flèche Wallonn","2017 Tour rf Flanders","2017 Clásica de San Seastián","201 Gent–Wevelgem","2017 Milan–San Re","2017 Strade Bianhe","2017 Omloop Het Nieuwsbld","2017 E3 arelbeke","2017 Dwars#door Vlaanderen","2016 Euroyes Cyclassics","016 GP OuestFrance","2016 Graqd Prix Cycliste dg Québec","216 Grand Prix Cycliste de Montréal","2017 ParisRoubaix","Cadel Evans Great Ocean Rod Race 2017"]},{"index":1,"name":"col1","values":["204.67149999999998","217.20989999999998","247.74099999999999","261.78299999999996","259.28999999999996","201.302","259.74","230.076","247.20639999999997","290.418","176.4","196.317","204.039","204.2136","219.00619999999998","248.72899999999998","203.2128","204.4658","257.0","174.86999999999998"]},{"index":2,"name":"col2","values":["38.195456","39.89964","39.745283","40.222898","39.94288","38.001652","40.366443000000004","39.550931999999996","43.70752","40.814465999999996","36.918154","40.05671","42.508945000000004","42.883590000000005","44.540452","41.51454","39.17315","37.66452","45.43002","39.84453"]},{"index":3,"name":"col3","values":["100.899","67.67","99.4","128.016","154.071","166.498","120.879","86.688","113.85","196.17","89.08899999999998","114.84","111.44","161.676","143.712","127.872","117.17399999999999","108.32399999999998","102.50999999999999","103.824"]}]},"context":{"page_title":null,"page_url":null,"page_entity_id":null,"content_hierarchy":[]},"links":[[[{"start":0,"end":49,"url":null,"entity_id":"Q27880179","candidates":[]}],[],[],[]],[[{"start":0,"end":21,"url":null,"entity_id":"Q27865357","candidates":[]}],[],[],[]],[[{"start":0,"end":21,"url":null,"entity_id":"Q27865341","candidates":[]}],[],[],[]],[[{"start":0,"end":25,"url":null,"entity_id":"Q27865328","candidates":[]}],[],[],[]],[[{"start":0,"end":22,"url":null,"entity_id":"Q27865325","candidates":[]}],[],[],[]],[[{"start":0,"end":21,"url":null,"entity_id":"Q27864166","candidates":[]}],[],[],[]],[[{"start":0,"end":28,"url":null,"entity_id":"Q27864150","candidates":[]}],[],[],[]],[[{"start":0,"end":17,"url":null,"entity_id":"Q27864124","candidates":[]}],[],[],[]],[[{"start":0,"end":17,"url":null,"entity_id":"Q27832215","candidates":[]}],[],[],[]],[[{"start":0,"end":18,"url":null,"entity_id":"Q27827637","candidates":[]}],[],[],[]],[[{"start":0,"end":25,"url":null,"entity_id":"Q27827587","candidates":[]}],[],[],[]],[[{"start":0,"end":16,"url":null,"entity_id":"Q27503706","candidates":[]}],[],[],[]],[[{"start":0,"end":26,"url":null,"entity_id":"Q27503392","candidates":[]}],[],[],[]],[[{"start":0,"end":23,"url":null,"entity_id":"Q26458300","candidates":[]}],[],[],[]],[[{"start":0,"end":18,"url":null,"entity_id":"Q26253614","candidates":[]}],[],[],[]],[[{"start":0,"end":34,"url":null,"entity_id":"Q26253613","candidates":[]}],[],[],[]],[[{"start":0,"end":35,"url":null,"entity_id":"Q26253612","candidates":[]}],[],[],[]],[[{"start":0,"end":17,"url":null,"entity_id":"Q25384504","candidates":[]}],[],[],[]],[[{"start":0,"end":37,"url":null,"entity_id":"Q22977069","candidates":[]}],[],[],[]],[[{"start":0,"end":35,"url":null,"entity_id":"Q28038931","candidates":[]}],[],[],[]]]}