{"version":"1.2","table":{"version":"2","table_id":"1ZN8VEU1","columns":[{"index":0,"name":"col0","values":["The Alienist and Neurologist (Volume 21)","The Alienist and Neurologist (Volume 20)","The Alienist and Neurologist (Volume 19)","The Alienist and Neurologist (Volume 18)","The Alienist and Neurologist (Volume 17)","The Alienist and Neurologist (Volume 16)","The Alienist and Neurologist (Volume 15)","The Alienist and Neurologist (Volume 14)","The Alienist and Neurologist (Volume 13)","The Alienist and Neurologist (Volume 12)","The Alienist and Neurologist (Volume 11)","The Alienist and Neurologist (Volume 10)","The Alienist and Neurologist (Volume 9)","The Alienist and Neurologist (Volume 8)","The Alienist and Neurologist (Volume 7)","The Alienist and Neurologist (Volume 6)","The Alienist and Neurologist (Volume 5)","The Alienist and Neurologist (Volume 4)","The Alienist and Neurologist (Volume 3)","The Alienist and Neurologist (Volume 2)"]},{"index":1,"name":"col1","values":["public domain","public domain","public domain","public domain","public domain","public domain","public domain","public domain","public domain","public domain","public domain","public domain","public domain","public domain","public domain","public domain","public domain","public domain","public domain","public domain"]},{"index":2,"name":"col2","values":["The Alienist and Neurologist","The Alienist and Neurologist","The Alienist and Neurologist","The Alienist and Neurologist","The Alienist and Neurologist","The Alienist and Neurologist","The Alienist and Neurologist","The Alienist and Neurologist","The Alienist and Neurologist","The Alienist and Neurologist","The Alienist and Neurologist","The Alienist and Neurologist","The Alienist and Neurologist","The Alienist and Neurologist","The Alienist and Neurologist","The Alienist and Neurologist","The Alienist and Neurologist","The Alienist and Neurologist","The Alienist and Neurologist","The Alienist and Neurologist"]}]},"context":{"page_title":null,"page_url":null,"page_entity_id":null,"content_hierarchy":[]},"links":[[[{"start":0,"end":40,"url":null,"entity_id":"Q19914291","candidates":[]}],[{"start":0,"end":13,"url":null,"entity_id":"Q19652","candidates":[]}],[{"start":0,"end":28,"url":null,"entity_id":"Q19913667","candidates":[]}]],[[{"start":0,"end":40,"url":null,"entity_id":"Q19914290","candidates":[]}],[{"start":0,"end":13,"url":null,"entity_id":"Q19652","candidates":[]}],[{"start":0,"end":28,"url":null,"entity_id":"Q19913667","candidates":[]}]],[[{"start":0,"end":40,"url":null,"entity_id":"Q19914287","candidates":[]}],[{"start":0,"end":13,"url":null,"entity_id":"Q19652","candidates":[]}],[{"start":0,"end":28,"url":null,"entity_id":"Q19913667","candidates":[]}]],[[{"start":0,"end":40,"url":null,"entity_id":"Q19914286","candidates":[]}],[{"start":0,"end":13,"url":null,"entity_id":"Q19652","candidates":[]}],[{"start":0,"end":28,"url":null,"entity_id":"Q19913667","candidates":[]}]],[[{"start":0,"end":40,"url":null,"entity_id":"Q19914284","candidates":[]}],[{"start":0,"end":13,"url":null,"entity_id":"Q19652","candidates":[]}],[{"start":0,"end":28,"url":null,"entity_id":"Q19913667","candidates":[]}]],[[{"start":0,"end":40,"url":null,"entity_id":"Q19914283","candidates":[]}],[{"start":0,"end":13,"url":null,"entity_id":"Q19652","candidates":[]}],[{"start":0,"end":28,"url":null,"entity_id":"Q19913667","candidates":[]}]],[[{"start":0,"end":40,"url":null,"entity_id":"Q19914281","candidates":[]}],[{"start":0,"end":13,"url":null,"entity_id":"Q19652","candidates":[]}],[{"start":0,"end":28,"url":null,"entity_id":"Q19913667","candidates":[]}]],[[{"start":0,"end":40,"url":null,"entity_id":"Q19914280","candidates":[]}],[{"start":0,"end":13,"url":null,"entity_id":"Q19652","candidates":[]}],[{"start":0,"end":28,"url":null,"entity_id":"Q19913667","candidates":[]}]],[[{"start":0,"end":40,"url":null,"entity_id":"Q19914278","candidates":[]}],[{"start":0,"end":13,"url":null,"entity_id":"Q19652","candidates":[]}],[{"start":0,"end":28,"url":null,"entity_id":"Q19913667","candidates":[]}]],[[{"start":0,"end":40,"url":null,"entity_id":"Q19914276","candidates":[]}],[{"start":0,"end":13,"url":null,"entity_id":"Q19652","candidates":[]}],[{"start":0,"end":28,"url":null,"entity_id":"Q19913667","candidates":[]}]],[[{"start":0,"end":40,"url":null,"entity_id":"Q19914275","candidates":[]}],[{"start":0,"end":13,"url":null,"entity_id":"Q19652","candidates":[]}],[{"start":0,"end":28,"url":null,"entity_id":"Q19913667","candidates":[]}]],[[{"start":0,"end":39,"url":null,"entity_id":"Q19914272","candidates":[]}],[{"start":0,"end":13,"url":null,"entity_id":"Q19652","candidates":[]}],[{"start":0,"end":28,"url":null,"entity_id":"Q19913667","candidates":[]}]],[[{"start":0,"end":39,"url":null,"entity_id":"Q19914270","candidates":[]}],[{"start":0,"end":13,"url":null,"entity_id":"Q19652","candidates":[]}],[{"start":0,"end":28,"url":null,"entity_id":"Q19913667","candidates":[]}]],[[{"start":0,"end":39,"url":null,"entity_id":"Q19914268","candidates":[]}],[{"start":0,"end":13,"url":null,"entity_id":"Q19652","candidates":[]}],[{"start":0,"end":28,"url":null,"entity_id":"Q19913667","candidates":[]}]],[[{"start":0,"end":39,"url":null,"entity_id":"Q19914266","candidates":[]}],[{"start":0,"end":13,"url":null,"entity_id":"Q19652","candidates":[]}],[{"start":0,"end":28,"url":null,"entity_id":"Q19913667","candidates":[]}]],[[{"start":0,"end":39,"url":null,"entity_id":"Q19914265","candidates":[]}],[{"start":0,"end":13,"url":null,"entity_id":"Q19652","candidates":[]}],[{"start":0,"end":28,"url":null,"entity_id":"Q19913667","candidates":[]}]],[[{"start":0,"end":39,"url":null,"entity_id":"Q19914263","candidates":[]}],[{"start":0,"end":13,"url":null,"entity_id":"Q19652","candidates":[]}],[{"start":0,"end":28,"url":null,"entity_id":"Q19913667","candidates":[]}]],[[{"start":0,"end":39,"url":null,"entity_id":"Q19914246","candidates":[]}],[{"start":0,"end":13,"url":null,"entity_id":"Q19652","candidates":[]}],[{"start":0,"end":28,"url":null,"entity_id":"Q19913667","candidates":[]}]],[[{"start":0,"end":39,"url":null,"entity_id":"Q19914227","candidates":[]}],[{"start":0,"end":13,"url":null,"entity_id":"Q19652","candidates":[]}],[{"start":0,"end":28,"url":null,"entity_id":"Q19913667","candidates":[]}]],[[{"start":0,"end":40,"url":null,"entity_id":"Q19914293","candidates":[]}],[{"start":0,"end":13,"url":null,"entity_id":"Q19652","candidates":[]}],[{"start":0,"end":28,"url":null,"entity_id":"Q19913667","candidates":[]}]]]}