{"version":"1.2","table":{"version":"2","table_id":"2149479S","columns":[{"index":0,"name":"col0","values":["Prostějov District","Písek District","Český Krumlov District","Strakonice District","Kladno District","Karlovy Vary District","Domažlice District","Benešov District","Uherské Hradiště District","Brno-Country District","Břeclav District","Žďár nad Sázavou District","Blansko District","Sokolov District","Plzeň-North District","Prachatice District","Beroun District","Nový Jičín District","Trutnov District","Česká Lípa District"]},{"index":1,"name":"col1","values":["Biskupice","Žďár","Frymburk","Stožice","Lidice","Štědrá","Kaničky","Vojkov","Částkov","Svatoslav","Zaječí","Kuklík","Chrudichromy","Kynšperk nad Ohří","Bohy","Němčice","Zdice","Příbor","Horní Olešnice","Zahrádky"]},{"index":2,"name":"col2","values":["77732","1138","161503","103210","71961","1514.95","112346","1474.69","99137","149895","103825","157851","86265","753.6","128679","137503","70371","88159","114678","1072.91"]},{"index":3,"name":"col3","values":["42.5","43.2","42","42.6","41.6","43.2","42","42.1","42.9","40.8","42.3","41.9","42.2","41.7","41.5","41.9","41.1","41.6","42.7","41.2"]}]},"context":{"page_title":null,"page_url":null,"page_entity_id":null,"content_hierarchy":[]},"links":[[[{"start":0,"end":14,"url":null,"entity_id":"Q594929","candidates":[]}],[{"start":0,"end":4,"url":null,"entity_id":"Q394481","candidates":[]}],[],[]],[[{"start":0,"end":22,"url":null,"entity_id":"Q605208","candidates":[]}],[{"start":0,"end":8,"url":null,"entity_id":"Q164536","candidates":[]}],[],[]],[[{"start":0,"end":19,"url":null,"entity_id":"Q837633","candidates":[]}],[{"start":0,"end":7,"url":null,"entity_id":"Q1193175","candidates":[]}],[],[]],[[{"start":0,"end":15,"url":null,"entity_id":"Q837635","candidates":[]}],[{"start":0,"end":6,"url":null,"entity_id":"Q154888","candidates":[]}],[],[]],[[{"start":0,"end":21,"url":null,"entity_id":"Q757240","candidates":[]}],[{"start":0,"end":6,"url":null,"entity_id":"Q392560","candidates":[]}],[],[]],[[{"start":0,"end":18,"url":null,"entity_id":"Q784736","candidates":[]}],[{"start":0,"end":7,"url":null,"entity_id":"Q2189407","candidates":[]}],[],[]],[[{"start":0,"end":16,"url":null,"entity_id":"Q792883","candidates":[]}],[{"start":0,"end":6,"url":null,"entity_id":"Q145096","candidates":[]}],[],[]],[[{"start":0,"end":25,"url":null,"entity_id":"Q277873","candidates":[]}],[{"start":0,"end":7,"url":null,"entity_id":"Q341801","candidates":[]}],[],[]],[[{"start":0,"end":21,"url":null,"entity_id":"Q286787","candidates":[]}],[{"start":0,"end":9,"url":null,"entity_id":"Q142525","candidates":[]}],[],[]],[[{"start":0,"end":16,"url":null,"entity_id":"Q582488","candidates":[]}],[{"start":0,"end":6,"url":null,"entity_id":"Q144496","candidates":[]}],[],[]],[[{"start":0,"end":25,"url":null,"entity_id":"Q579648","candidates":[]}],[{"start":0,"end":6,"url":null,"entity_id":"Q72355","candidates":[]}],[],[]],[[{"start":0,"end":16,"url":null,"entity_id":"Q804356","candidates":[]}],[{"start":0,"end":12,"url":null,"entity_id":"Q1088418","candidates":[]}],[],[]],[[{"start":0,"end":16,"url":null,"entity_id":"Q833856","candidates":[]}],[{"start":0,"end":17,"url":null,"entity_id":"Q188062","candidates":[]}],[],[]],[[{"start":0,"end":20,"url":null,"entity_id":"Q266036","candidates":[]}],[{"start":0,"end":4,"url":null,"entity_id":"Q42572","candidates":[]}],[],[]],[[{"start":0,"end":19,"url":null,"entity_id":"Q385016","candidates":[]}],[{"start":0,"end":7,"url":null,"entity_id":"Q1935440","candidates":[]}],[],[]],[[{"start":0,"end":15,"url":null,"entity_id":"Q480085","candidates":[]}],[{"start":0,"end":5,"url":null,"entity_id":"Q169133","candidates":[]}],[],[]],[[{"start":0,"end":19,"url":null,"entity_id":"Q517427","candidates":[]}],[{"start":0,"end":6,"url":null,"entity_id":"Q654019","candidates":[]}],[],[]],[[{"start":0,"end":16,"url":null,"entity_id":"Q517734","candidates":[]}],[{"start":0,"end":14,"url":null,"entity_id":"Q1628730","candidates":[]}],[],[]],[[{"start":0,"end":19,"url":null,"entity_id":"Q538500","candidates":[]}],[{"start":0,"end":8,"url":null,"entity_id":"Q144239","candidates":[]}],[],[]],[[{"start":0,"end":18,"url":null,"entity_id":"Q837629","candidates":[]}],[{"start":0,"end":9,"url":null,"entity_id":"Q142559","candidates":[]}],[],[]]]}