{"version":"1.2","table":{"version":"2","table_id":"22VG6NZH","columns":[{"index":0,"name":"col0","values":["Sesquicentennial Exposition","Scottish Exhibition of National History, Art and Industry","Irish International Exhibition","Independence Centenary International Exposition","Exhibition of citriculture","Glasgow International Exhibition","Ibero-American Exposition","Colonial and Indian Exhibition","California Midwinter International Exposition of 1894","Melbourne International Exhibition","Expo 2020","International Colonial and Export Exhibition","Brussels International Exposition (1897)","Expo '85","Vienna Jubilee Expo 1898","Pan-American Exposition","Prima Esposizione Internazionale d'Arte Decorativa Moderna","General Art and Industrial Exposition of Stockholm","Exposición Universal de Barcelona","Exhibition of the Industry of All Nations"]},{"index":1,"name":"col1","values":["1926-12-01","1911-11-04","1907-11-09","1923-03-23","1956-06-20","1901-11-04","1930-06-21","1886-10-15","1894-07-04","1881-04-30","2021-04-10","1883-10-01","1897-11-08","1985-09-16","1898-10-18","1901-11-02","1902-11-10","1897-10-03","1888-12-09","1854-11-01"]},{"index":2,"name":"col2","values":["1926-05-31","1911-05-02","1907-05-04","1922-09-07","1956-05-21","1901-05-02","1929-05-09","1886-05-04","1894-01-27","1880-10-01","2020-10-20","1883-05-01","1897-05-10","1985-03-17","1898-05-07","1901-05-01","1902-05-10","1897-05-15","1888-04-08","1853-07-14"]}]},"context":{"page_title":null,"page_url":null,"page_entity_id":null,"content_hierarchy":[]},"links":[[[{"start":0,"end":57,"url":null,"entity_id":"Q7437721","candidates":[]}],[],[]],[[{"start":0,"end":30,"url":null,"entity_id":"Q6070870","candidates":[]}],[],[]],[[{"start":0,"end":47,"url":null,"entity_id":"Q6015952","candidates":[]}],[],[]],[[{"start":0,"end":26,"url":null,"entity_id":"Q5680602","candidates":[]}],[],[]],[[{"start":0,"end":32,"url":null,"entity_id":"Q5566849","candidates":[]}],[],[]],[[{"start":0,"end":25,"url":null,"entity_id":"Q5393515","candidates":[]}],[],[]],[[{"start":0,"end":30,"url":null,"entity_id":"Q5148408","candidates":[]}],[],[]],[[{"start":0,"end":53,"url":null,"entity_id":"Q5020689","candidates":[]}],[],[]],[[{"start":0,"end":34,"url":null,"entity_id":"Q3041240","candidates":[]}],[],[]],[[{"start":0,"end":9,"url":null,"entity_id":"Q2629370","candidates":[]}],[],[]],[[{"start":0,"end":44,"url":null,"entity_id":"Q2417163","candidates":[]}],[],[]],[[{"start":0,"end":40,"url":null,"entity_id":"Q2405188","candidates":[]}],[],[]],[[{"start":0,"end":8,"url":null,"entity_id":"Q2312924","candidates":[]}],[],[]],[[{"start":0,"end":24,"url":null,"entity_id":"Q1710767","candidates":[]}],[],[]],[[{"start":0,"end":23,"url":null,"entity_id":"Q1693466","candidates":[]}],[],[]],[[{"start":0,"end":58,"url":null,"entity_id":"Q1571713","candidates":[]}],[],[]],[[{"start":0,"end":50,"url":null,"entity_id":"Q1505471","candidates":[]}],[],[]],[[{"start":0,"end":33,"url":null,"entity_id":"Q1384735","candidates":[]}],[],[]],[[{"start":0,"end":41,"url":null,"entity_id":"Q1142248","candidates":[]}],[],[]],[[{"start":0,"end":27,"url":null,"entity_id":"Q7456097","candidates":[]}],[],[]]]}