{"version":"1.2","table":{"version":"2","table_id":"2389HYHH","columns":[{"index":0,"name":"col0","values":["1952 Ronde van Lmburg","951 Ronde van Limburg","1950 Ronde van Lipburg","149 Ronde van Limburg","1948 Ronde vn Limburg","194 Ronde van Limburg","146 Ronde van Limburg","1945 Ronde van Limurg","1944 Ronde an imburg","1943 Ronde van imburg","142 Ronde van Limburg","1942 Ronde van imburg","1939 Ronde van Limbrg","1938 Ronde\"vap Limburg","1937 Ronde van Limcurg","1<36 Ronde van Limburg","1935 Rode van Limburg","4934 Ronde van Limburg","2018 Ronde van Ljmburg","2019 Ronde van Lmburg"]},{"index":1,"name":"col1","values":["1953 Ronde van Limburg","1952 Ronde van Limburg","1951 Ronde van Limburg","1950 Ronde van Limburg","1949 Ronde van Limburg","1948 Ronde van Limburg","1947 Ronde van Limburg","1946 Ronde van Limburg","1945 Ronde van Limburg","1944 Ronde van Limburg","1943 Ronde van Limburg","1942 Ronde van Limburg","1941 Ronde van Limburg","1939 Ronde van Limburg","1938 Ronde van Limburg","1937 Ronde van Limburg","1936 Ronde van Limburg","1935 Ronde van Limburg","2019 Ronde van Limburg","2018 Ronde van Limburg"]},{"index":2,"name":"col2","values":["1951 Ronde van Limburg","1950 Ronde van Limburg","1949 Ronde van Limburg","1948 Ronde van Limburg","1947 Ronde van Limburg","1946 Ronde van Limburg","1945 Ronde van Limburg","1944 Ronde van Limburg","1943 Ronde van Limburg","1942 Ronde van Limburg","1941 Ronde van Limburg","1939 Ronde van Limburg","1938 Ronde van Limburg","1937 Ronde van Limburg","1936 Ronde van Limburg","1935 Ronde van Limburg","1934 Ronde van Limburg","1933 Ronde van Limburg","2017 Ronde van Limburg","2016 Ronde van Limburg"]}]},"context":{"page_title":null,"page_url":null,"page_entity_id":null,"content_hierarchy":[]},"links":[[[{"start":0,"end":21,"url":null,"entity_id":"Q62059057","candidates":[]}],[{"start":0,"end":22,"url":null,"entity_id":"Q62059058","candidates":[]}],[{"start":0,"end":22,"url":null,"entity_id":"Q62059056","candidates":[]}]],[[{"start":0,"end":22,"url":null,"entity_id":"Q62059056","candidates":[]}],[{"start":0,"end":22,"url":null,"entity_id":"Q62059057","candidates":[]}],[{"start":0,"end":22,"url":null,"entity_id":"Q62059055","candidates":[]}]],[[{"start":0,"end":21,"url":null,"entity_id":"Q62059055","candidates":[]}],[{"start":0,"end":22,"url":null,"entity_id":"Q62059056","candidates":[]}],[{"start":0,"end":22,"url":null,"entity_id":"Q62059054","candidates":[]}]],[[{"start":0,"end":21,"url":null,"entity_id":"Q62059054","candidates":[]}],[{"start":0,"end":22,"url":null,"entity_id":"Q62059055","candidates":[]}],[{"start":0,"end":22,"url":null,"entity_id":"Q62059053","candidates":[]}]],[[{"start":0,"end":21,"url":null,"entity_id":"Q62059053","candidates":[]}],[{"start":0,"end":22,"url":null,"entity_id":"Q62059054","candidates":[]}],[{"start":0,"end":22,"url":null,"entity_id":"Q62059052","candidates":[]}]],[[{"start":0,"end":21,"url":null,"entity_id":"Q62059052","candidates":[]}],[{"start":0,"end":22,"url":null,"entity_id":"Q62059053","candidates":[]}],[{"start":0,"end":22,"url":null,"entity_id":"Q62059051","candidates":[]}]],[[{"start":0,"end":21,"url":null,"entity_id":"Q62059051","candidates":[]}],[{"start":0,"end":22,"url":null,"entity_id":"Q62059052","candidates":[]}],[{"start":0,"end":22,"url":null,"entity_id":"Q62059050","candidates":[]}]],[[{"start":0,"end":20,"url":null,"entity_id":"Q62059050","candidates":[]}],[{"start":0,"end":22,"url":null,"entity_id":"Q62059051","candidates":[]}],[{"start":0,"end":22,"url":null,"entity_id":"Q62059049","candidates":[]}]],[[{"start":0,"end":21,"url":null,"entity_id":"Q62059049","candidates":[]}],[{"start":0,"end":22,"url":null,"entity_id":"Q62059050","candidates":[]}],[{"start":0,"end":22,"url":null,"entity_id":"Q62059048","candidates":[]}]],[[{"start":0,"end":21,"url":null,"entity_id":"Q62059048","candidates":[]}],[{"start":0,"end":22,"url":null,"entity_id":"Q62059049","candidates":[]}],[{"start":0,"end":22,"url":null,"entity_id":"Q62059047","candidates":[]}]],[[{"start":0,"end":21,"url":null,"entity_id":"Q62059047","candidates":[]}],[{"start":0,"end":22,"url":null,"entity_id":"Q62059048","candidates":[]}],[{"start":0,"end":22,"url":null,"entity_id":"Q62059046","candidates":[]}]],[[{"start":0,"end":21,"url":null,"entity_id":"Q62059046","candidates":[]}],[{"start":0,"end":22,"url":null,"entity_id":"Q62059047","candidates":[]}],[{"start":0,"end":22,"url":null,"entity_id":"Q62059045","candidates":[]}]],[[{"start":0,"end":22,"url":null,"entity_id":"Q62059045","candidates":[]}],[{"start":0,"end":22,"url":null,"entity_id":"Q62059046","candidates":[]}],[{"start":0,"end":22,"url":null,"entity_id":"Q62059044","candidates":[]}]],[[{"start":0,"end":22,"url":null,"entity_id":"Q62059044","candidates":[]}],[{"start":0,"end":22,"url":null,"entity_id":"Q62059045","candidates":[]}],[{"start":0,"end":22,"url":null,"entity_id":"Q62059043","candidates":[]}]],[[{"start":0,"end":22,"url":null,"entity_id":"Q62059043","candidates":[]}],[{"start":0,"end":22,"url":null,"entity_id":"Q62059044","candidates":[]}],[{"start":0,"end":22,"url":null,"entity_id":"Q62059042","candidates":[]}]],[[{"start":0,"end":21,"url":null,"entity_id":"Q62059042","candidates":[]}],[{"start":0,"end":22,"url":null,"entity_id":"Q62059043","candidates":[]}],[{"start":0,"end":22,"url":null,"entity_id":"Q62059041","candidates":[]}]],[[{"start":0,"end":22,"url":null,"entity_id":"Q62059041","candidates":[]}],[{"start":0,"end":22,"url":null,"entity_id":"Q62059042","candidates":[]}],[{"start":0,"end":22,"url":null,"entity_id":"Q62059040","candidates":[]}]],[[{"start":0,"end":22,"url":null,"entity_id":"Q56322858","candidates":[]}],[{"start":0,"end":22,"url":null,"entity_id":"Q64541618","candidates":[]}],[{"start":0,"end":22,"url":null,"entity_id":"Q48833384","candidates":[]}]],[[{"start":0,"end":21,"url":null,"entity_id":"Q48833384","candidates":[]}],[{"start":0,"end":22,"url":null,"entity_id":"Q56322858","candidates":[]}],[{"start":0,"end":22,"url":null,"entity_id":"Q20011874","candidates":[]}]],[[{"start":0,"end":21,"url":null,"entity_id":"Q62059058","candidates":[]}],[{"start":0,"end":22,"url":null,"entity_id":"Q62059059","candidates":[]}],[{"start":0,"end":22,"url":null,"entity_id":"Q62059057","candidates":[]}]]]}