{"version":"1.2","table":{"version":"2","table_id":"23DJ1SS1","columns":[{"index":0,"name":"col0","values":["Prvlaka, Zadar County","Vižiqada","Dudrovačko Primorje","Gonji Lapac","Dvor","Lopar","Oprtlj","Rogoznia","Kijeo","Perušć","Motoun","Butonigla","Vškovo","Uučepi","Bale","Mbtulji","Psomina","Otčac","Beli Manstir","Župa dubrovaďka"]},{"index":1,"name":"col1","values":["11.06556","35.05998","199.08110000000002","353.706","499.851","21.9438","61.010949999999994","70.47945","74.89059","380.30931","33.31136","32.72","19.19","16.016","81.73165","12.922","86.304","560.7776","54.835","22.65033"]},{"index":2,"name":"col2","values":["4.004","40.4","3.0089999999999995","579.672","129.69","0.0","357.12","1.982","475.838","598.779","268.92","142.12800000000001","337.01","0.0","142.426","179.28","233.62399999999997","458.541","99.0","1.004"]}]},"context":{"page_title":null,"page_url":null,"page_entity_id":null,"content_hierarchy":[]},"links":[[[{"start":0,"end":21,"url":null,"entity_id":"Q1018714","candidates":[]}],[],[]],[[{"start":0,"end":8,"url":null,"entity_id":"Q1018664","candidates":[]}],[],[]],[[{"start":0,"end":19,"url":null,"entity_id":"Q1018647","candidates":[]}],[],[]],[[{"start":0,"end":11,"url":null,"entity_id":"Q1018626","candidates":[]}],[],[]],[[{"start":0,"end":4,"url":null,"entity_id":"Q1018619","candidates":[]}],[],[]],[[{"start":0,"end":5,"url":null,"entity_id":"Q1013185","candidates":[]}],[],[]],[[{"start":0,"end":6,"url":null,"entity_id":"Q1013171","candidates":[]}],[],[]],[[{"start":0,"end":8,"url":null,"entity_id":"Q1013147","candidates":[]}],[],[]],[[{"start":0,"end":5,"url":null,"entity_id":"Q1013142","candidates":[]}],[],[]],[[{"start":0,"end":6,"url":null,"entity_id":"Q1008121","candidates":[]}],[],[]],[[{"start":0,"end":6,"url":null,"entity_id":"Q998826","candidates":[]}],[],[]],[[{"start":0,"end":9,"url":null,"entity_id":"Q991426","candidates":[]}],[],[]],[[{"start":0,"end":6,"url":null,"entity_id":"Q963229","candidates":[]}],[],[]],[[{"start":0,"end":6,"url":null,"entity_id":"Q530331","candidates":[]}],[],[]],[[{"start":0,"end":4,"url":null,"entity_id":"Q519226","candidates":[]}],[],[]],[[{"start":0,"end":7,"url":null,"entity_id":"Q518871","candidates":[]}],[],[]],[[{"start":0,"end":7,"url":null,"entity_id":"Q507745","candidates":[]}],[],[]],[[{"start":0,"end":5,"url":null,"entity_id":"Q399109","candidates":[]}],[],[]],[[{"start":0,"end":12,"url":null,"entity_id":"Q397645","candidates":[]}],[],[]],[[{"start":0,"end":15,"url":null,"entity_id":"Q394299","candidates":[]}],[],[]]]}