{"version":"1.2","table":{"version":"2","table_id":"23GQKB5S","columns":[{"index":0,"name":"col0","values":["2019 Belgian International Badminton Championships","2018 Belgian International Badminton Championships","2016 Belgian International Badminton Championships","2017 Belgian International Badminton Championships","2014 Belgian International Badminton Championships","2013 Belgian International Badminton Championships","2011 Belgian International Badminton Championships","1973 Belgian International Badminton Championships","1971 Belgian International Badminton Championships","2015 Belgian International Badminton Championships","1975 Belgian International Badminton Championships","1972 Belgian International Badminton Championships","2012 Belgian International Badminton Championships","2010 Belgian International Badminton Championships","1977 Belgian International Badminton Championships","1969 Belgian International Badminton Championships","1962 Belgian International Badminton Championships","2009 Belgian International Badminton Championships","1959 Belgian International Badminton Championships","1974 Belgian International Badminton Championships"]},{"index":1,"name":"col1","values":["2020 Belgian International Badminton Championships","2019 Belgian International Badminton Championships","2017 Belgian International Badminton Championships","2018 Belgian International Badminton Championships","2015 Belgian International Badminton Championships","2014 Belgian International Badminton Championships","2012 Belgian International Badminton Championships","1974 Belgian International Badminton Championships","1972 Belgian International Badminton Championships","2016 Belgian International Badminton Championships","1977 Belgian International Badminton Championships","1973 Belgian International Badminton Championships","2013 Belgian International Badminton Championships","2011 Belgian International Badminton Championships","1980 Belgian International Badminton Championships","1970 Belgian International Badminton Championships","1969 Belgian International Badminton Championships","2010 Belgian International Badminton Championships","1962 Belgian International Badminton Championships","1975 Belgian International Badminton Championships"]},{"index":2,"name":"col2","values":["2018 Belgian International Badminton Championships","2017 Belgian International Badminton Championships","2015 Belgian International Badminton Championships","2016 Belgian International Badminton Championships","2013 Belgian International Badminton Championships","2012 Belgian International Badminton Championships","2010 Belgian International Badminton Championships","1972 Belgian International Badminton Championships","1970 Belgian International Badminton Championships","2014 Belgian International Badminton Championships","1974 Belgian International Badminton Championships","1971 Belgian International Badminton Championships","2011 Belgian International Badminton Championships","2009 Belgian International Badminton Championships","1975 Belgian International Badminton Championships","1962 Belgian International Badminton Championships","1959 Belgian International Badminton Championships","2008 Belgian International Badminton Championships","1931 Belgian International Badminton Championships","1973 Belgian International Badminton Championships"]},{"index":3,"name":"col3","values":["2019-01-01","2018-01-01","2016-01-01","2017-01-01","2014-01-01","2013-01-01","2011-01-01","1973-01-01","1971-01-01","2015-01-01","1975-01-01","1972-01-01","2012-01-01","2010-01-01","1977-01-01","1969-01-01","1962-01-01","2009-01-01","1959-01-01","1974-01-01"]},{"index":4,"name":"col4","values":["badminton","badminton","badminton","badminton","badminton","badminton","badminton","badminton","badminton","badminton","badminton","badminton","badminton","badminton","badminton","badminton","badminton","badminton","badminton","badminton"]},{"index":5,"name":"col5","values":["Leuven","Leuven","Leuven","Leuven","Leuven","Leuven","Leuven","Brussels","Brussels","Leuven","Brussels","Brussels","Leuven","Leuven","Brussels","Brussels","Brussels","Mechelen","Leuven","Brussels"]},{"index":6,"name":"col6","values":["2019 Belgian International Badminton Championships – Men's doubles","2018 Belgian International Badminton Championships – Men's doubles","2016 Belgian International Badminton Championships – Men's doubles","2017 Belgian International Badminton Championships – Men's singles","2014 Belgian International Badminton Championships – Men's doubles","2013 Belgian International Badminton Championships – Men's doubles","2011 Belgian International Badminton Championships – Men's doubles","1973 Belgian International Badminton Championships – Men's doubles","1971 Belgian International Badminton Championships – Men's doubles","2015 Belgian International Badminton Championships – Men's doubles","1975 Belgian International Badminton Championships – Men's doubles","1972 Belgian International Badminton Championships – Men's doubles","2012 Belgian International Badminton Championships – Men's doubles","2010 Belgian International Badminton Championships – Men's doubles","1977 Belgian International Badminton Championships – Men's doubles","1969 Belgian International Badminton Championships – Men's doubles","1962 Belgian International Badminton Championships – Men's doubles","2009 Belgian International Badminton Championships – Men's doubles","1959 Belgian International Badminton Championships – Men's doubles","1974 Belgian International Badminton Championships – Men's doubles"]}]},"context":{"page_title":null,"page_url":null,"page_entity_id":null,"content_hierarchy":[]},"links":[[[{"start":0,"end":50,"url":null,"entity_id":"Q68467778","candidates":[]}],[{"start":0,"end":50,"url":null,"entity_id":"Q79742131","candidates":[]}],[{"start":0,"end":50,"url":null,"entity_id":"Q56633723","candidates":[]}],[],[{"start":0,"end":9,"url":null,"entity_id":"Q7291","candidates":[]}],[{"start":0,"end":6,"url":null,"entity_id":"Q118958","candidates":[]}],[{"start":0,"end":66,"url":null,"entity_id":"Q79743677","candidates":[]}]],[[{"start":0,"end":50,"url":null,"entity_id":"Q56633723","candidates":[]}],[{"start":0,"end":50,"url":null,"entity_id":"Q68467778","candidates":[]}],[{"start":0,"end":50,"url":null,"entity_id":"Q40073792","candidates":[]}],[],[{"start":0,"end":9,"url":null,"entity_id":"Q7291","candidates":[]}],[{"start":0,"end":6,"url":null,"entity_id":"Q118958","candidates":[]}],[{"start":0,"end":66,"url":null,"entity_id":"Q79743674","candidates":[]}]],[[{"start":0,"end":50,"url":null,"entity_id":"Q26922748","candidates":[]}],[{"start":0,"end":50,"url":null,"entity_id":"Q40073792","candidates":[]}],[{"start":0,"end":50,"url":null,"entity_id":"Q21004284","candidates":[]}],[],[{"start":0,"end":9,"url":null,"entity_id":"Q7291","candidates":[]}],[{"start":0,"end":6,"url":null,"entity_id":"Q118958","candidates":[]}],[{"start":0,"end":66,"url":null,"entity_id":"Q27911960","candidates":[]}]],[[{"start":0,"end":50,"url":null,"entity_id":"Q40073792","candidates":[]}],[{"start":0,"end":50,"url":null,"entity_id":"Q56633723","candidates":[]}],[{"start":0,"end":50,"url":null,"entity_id":"Q26922748","candidates":[]}],[],[{"start":0,"end":9,"url":null,"entity_id":"Q7291","candidates":[]}],[{"start":0,"end":6,"url":null,"entity_id":"Q118958","candidates":[]}],[{"start":0,"end":66,"url":null,"entity_id":"Q27911524","candidates":[]}]],[[{"start":0,"end":50,"url":null,"entity_id":"Q18041950","candidates":[]}],[{"start":0,"end":50,"url":null,"entity_id":"Q21004284","candidates":[]}],[{"start":0,"end":50,"url":null,"entity_id":"Q14916431","candidates":[]}],[],[{"start":0,"end":9,"url":null,"entity_id":"Q7291","candidates":[]}],[{"start":0,"end":6,"url":null,"entity_id":"Q118958","candidates":[]}],[{"start":0,"end":66,"url":null,"entity_id":"Q27911958","candidates":[]}]],[[{"start":0,"end":50,"url":null,"entity_id":"Q14916431","candidates":[]}],[{"start":0,"end":50,"url":null,"entity_id":"Q18041950","candidates":[]}],[{"start":0,"end":50,"url":null,"entity_id":"Q815466","candidates":[]}],[],[{"start":0,"end":9,"url":null,"entity_id":"Q7291","candidates":[]}],[{"start":0,"end":6,"url":null,"entity_id":"Q118958","candidates":[]}],[{"start":0,"end":66,"url":null,"entity_id":"Q27911957","candidates":[]}]],[[{"start":0,"end":50,"url":null,"entity_id":"Q815465","candidates":[]}],[{"start":0,"end":50,"url":null,"entity_id":"Q815466","candidates":[]}],[{"start":0,"end":50,"url":null,"entity_id":"Q815468","candidates":[]}],[],[{"start":0,"end":9,"url":null,"entity_id":"Q7291","candidates":[]}],[{"start":0,"end":6,"url":null,"entity_id":"Q118958","candidates":[]}],[{"start":0,"end":66,"url":null,"entity_id":"Q27911955","candidates":[]}]],[[{"start":0,"end":50,"url":null,"entity_id":"Q815457","candidates":[]}],[{"start":0,"end":50,"url":null,"entity_id":"Q26995015","candidates":[]}],[{"start":0,"end":50,"url":null,"entity_id":"Q26995040","candidates":[]}],[],[{"start":0,"end":9,"url":null,"entity_id":"Q7291","candidates":[]}],[{"start":0,"end":8,"url":null,"entity_id":"Q239","candidates":[]}],[{"start":0,"end":66,"url":null,"entity_id":"Q27911936","candidates":[]}]],[[{"start":0,"end":50,"url":null,"entity_id":"Q815455","candidates":[]}],[{"start":0,"end":50,"url":null,"entity_id":"Q26995040","candidates":[]}],[{"start":0,"end":50,"url":null,"entity_id":"Q13512176","candidates":[]}],[],[{"start":0,"end":9,"url":null,"entity_id":"Q7291","candidates":[]}],[{"start":0,"end":8,"url":null,"entity_id":"Q239","candidates":[]}],[{"start":0,"end":66,"url":null,"entity_id":"Q27911934","candidates":[]}]],[[{"start":0,"end":50,"url":null,"entity_id":"Q21004284","candidates":[]}],[{"start":0,"end":50,"url":null,"entity_id":"Q26922748","candidates":[]}],[{"start":0,"end":50,"url":null,"entity_id":"Q18041950","candidates":[]}],[],[{"start":0,"end":9,"url":null,"entity_id":"Q7291","candidates":[]}],[{"start":0,"end":6,"url":null,"entity_id":"Q118958","candidates":[]}],[{"start":0,"end":66,"url":null,"entity_id":"Q27911959","candidates":[]}]],[[{"start":0,"end":50,"url":null,"entity_id":"Q26995018","candidates":[]}],[{"start":0,"end":50,"url":null,"entity_id":"Q18819956","candidates":[]}],[{"start":0,"end":50,"url":null,"entity_id":"Q26995015","candidates":[]}],[],[{"start":0,"end":9,"url":null,"entity_id":"Q7291","candidates":[]}],[{"start":0,"end":8,"url":null,"entity_id":"Q239","candidates":[]}],[{"start":0,"end":66,"url":null,"entity_id":"Q27911938","candidates":[]}]],[[{"start":0,"end":50,"url":null,"entity_id":"Q26995040","candidates":[]}],[{"start":0,"end":50,"url":null,"entity_id":"Q815457","candidates":[]}],[{"start":0,"end":50,"url":null,"entity_id":"Q815455","candidates":[]}],[],[{"start":0,"end":9,"url":null,"entity_id":"Q7291","candidates":[]}],[{"start":0,"end":8,"url":null,"entity_id":"Q239","candidates":[]}],[{"start":0,"end":66,"url":null,"entity_id":"Q27911935","candidates":[]}]],[[{"start":0,"end":50,"url":null,"entity_id":"Q815466","candidates":[]}],[{"start":0,"end":50,"url":null,"entity_id":"Q14916431","candidates":[]}],[{"start":0,"end":50,"url":null,"entity_id":"Q815465","candidates":[]}],[],[{"start":0,"end":9,"url":null,"entity_id":"Q7291","candidates":[]}],[{"start":0,"end":6,"url":null,"entity_id":"Q118958","candidates":[]}],[{"start":0,"end":66,"url":null,"entity_id":"Q27911956","candidates":[]}]],[[{"start":0,"end":50,"url":null,"entity_id":"Q815468","candidates":[]}],[{"start":0,"end":50,"url":null,"entity_id":"Q815465","candidates":[]}],[{"start":0,"end":50,"url":null,"entity_id":"Q815467","candidates":[]}],[],[{"start":0,"end":9,"url":null,"entity_id":"Q7291","candidates":[]}],[{"start":0,"end":6,"url":null,"entity_id":"Q118958","candidates":[]}],[{"start":0,"end":66,"url":null,"entity_id":"Q27911954","candidates":[]}]],[[{"start":0,"end":50,"url":null,"entity_id":"Q18819956","candidates":[]}],[{"start":0,"end":50,"url":null,"entity_id":"Q18819957","candidates":[]}],[{"start":0,"end":50,"url":null,"entity_id":"Q26995018","candidates":[]}],[],[{"start":0,"end":9,"url":null,"entity_id":"Q7291","candidates":[]}],[{"start":0,"end":8,"url":null,"entity_id":"Q239","candidates":[]}],[{"start":0,"end":66,"url":null,"entity_id":"Q27911939","candidates":[]}]],[[{"start":0,"end":50,"url":null,"entity_id":"Q1549701","candidates":[]}],[{"start":0,"end":50,"url":null,"entity_id":"Q13512176","candidates":[]}],[{"start":0,"end":50,"url":null,"entity_id":"Q1751510","candidates":[]}],[],[{"start":0,"end":9,"url":null,"entity_id":"Q7291","candidates":[]}],[{"start":0,"end":8,"url":null,"entity_id":"Q239","candidates":[]}],[{"start":0,"end":66,"url":null,"entity_id":"Q27911932","candidates":[]}]],[[{"start":0,"end":50,"url":null,"entity_id":"Q1751510","candidates":[]}],[{"start":0,"end":50,"url":null,"entity_id":"Q1549701","candidates":[]}],[{"start":0,"end":50,"url":null,"entity_id":"Q2660217","candidates":[]}],[],[{"start":0,"end":9,"url":null,"entity_id":"Q7291","candidates":[]}],[{"start":0,"end":8,"url":null,"entity_id":"Q239","candidates":[]}],[{"start":0,"end":66,"url":null,"entity_id":"Q27911931","candidates":[]}]],[[{"start":0,"end":50,"url":null,"entity_id":"Q815467","candidates":[]}],[{"start":0,"end":50,"url":null,"entity_id":"Q815468","candidates":[]}],[{"start":0,"end":50,"url":null,"entity_id":"Q815463","candidates":[]}],[],[{"start":0,"end":9,"url":null,"entity_id":"Q7291","candidates":[]}],[{"start":0,"end":8,"url":null,"entity_id":"Q162022","candidates":[]}],[{"start":0,"end":66,"url":null,"entity_id":"Q27911953","candidates":[]}]],[[{"start":0,"end":50,"url":null,"entity_id":"Q2660217","candidates":[]}],[{"start":0,"end":50,"url":null,"entity_id":"Q1751510","candidates":[]}],[{"start":0,"end":50,"url":null,"entity_id":"Q27913105","candidates":[]}],[],[{"start":0,"end":9,"url":null,"entity_id":"Q7291","candidates":[]}],[{"start":0,"end":6,"url":null,"entity_id":"Q118958","candidates":[]}],[{"start":0,"end":66,"url":null,"entity_id":"Q27911930","candidates":[]}]],[[{"start":0,"end":50,"url":null,"entity_id":"Q26995015","candidates":[]}],[{"start":0,"end":50,"url":null,"entity_id":"Q26995018","candidates":[]}],[{"start":0,"end":50,"url":null,"entity_id":"Q815457","candidates":[]}],[],[{"start":0,"end":9,"url":null,"entity_id":"Q7291","candidates":[]}],[{"start":0,"end":8,"url":null,"entity_id":"Q239","candidates":[]}],[{"start":0,"end":66,"url":null,"entity_id":"Q27911937","candidates":[]}]]]}