{"version":"1.2","table":{"version":"2","table_id":"24CWMSRF","columns":[{"index":0,"name":"col0","values":["2018 Japan Cup","2018 Tre Valli Varesine","2018 Brussels Cycling Classic","2018 Giro del Piemonte","2018 Handzame Classic","2018 Nokere Koerse","2017 Gran Premio Bruno Beghelli","2017 Giro dell'Emilia","2017 Grand Prix Impanis-Van Petegem","2018 Grand Prix of Aargau Canton","2018 Grand Prix de Fourmies","2018 Brabantse Pijl","2018 Scheldeprijs","2018 Three Days of Bruges–De Panne","Tour de Münster 2018","2018 Tour de l'Eurométropole","Gran Premio Bruno Beghelli 2018","2018 Giro dell'Emilia","2018 Grand Prix Impanis-Van Petegem","2015 Omloop Het Nieuwsblad"]},{"index":1,"name":"col1","values":["144.2","197.07","201.4","191","199.1","191.1","196.3","223.3","199.6","185.9","205","201","200.4","202.4","198","206","196.3","207.4","193","200.2"]},{"index":2,"name":"col2","values":["Thailand Continental 2018","2018 Sangemini-MG.Kvis season","Quick-Step Floors 2018","EF Education First-Drapac 2018","Katusha-Alpecin 2018","Katusha-Alpecin 2018","Bahrain-Merida 2017","Bahrain-Merida 2017","Sport Vlaanderen-Baloise 2017","Katusha-Alpecin 2018","Quick-Step Floors 2018","Quick-Step Floors 2018","WB-Aqua Protect-Veranclassic 2018","Katusha-Alpecin 2018","Sauerland NRW-SKS Germany 2018","Quick-Step Floors 2018","Sky 2018","Sky 2018","Coop 2018","AG2R La Mondiale 2015"]},{"index":3,"name":"col3","values":["2017 Japan Cup","2017 Tre Valli Varesine","2017 Brussels Cycling Classic","2017 Giro del Piemonte","2017 Handzame Classic","2017 Nokere Koerse","2016 Gran Premio Bruno Beghelli","2016 Giro dell'Emilia","2016 Grand Prix Impanis-Van Petegem","2017 Grand Prix of Aargau Canton","2017 Grand Prix de Fourmies","2017 Brabantse Pijl","2017 Scheldeprijs","2017 Three Days of De Panne","2017 Münsterland Giro","2017 Tour de l'Eurométropole","2017 Gran Premio Bruno Beghelli","2017 Giro dell'Emilia","2017 Grand Prix Impanis-Van Petegem","2014 Omloop Het Nieuwsblad"]}]},"context":{"page_title":null,"page_url":null,"page_entity_id":null,"content_hierarchy":[]},"links":[[[{"start":0,"end":14,"url":null,"entity_id":"Q56967029","candidates":[]}],[],[{"start":0,"end":25,"url":null,"entity_id":"Q47508455","candidates":[]}],[{"start":0,"end":14,"url":null,"entity_id":"Q42308324","candidates":[]}]],[[{"start":0,"end":23,"url":null,"entity_id":"Q57043676","candidates":[]}],[],[{"start":0,"end":29,"url":null,"entity_id":"Q50807462","candidates":[]}],[{"start":0,"end":23,"url":null,"entity_id":"Q41516381","candidates":[]}]],[[{"start":0,"end":29,"url":null,"entity_id":"Q50384108","candidates":[]}],[],[{"start":0,"end":22,"url":null,"entity_id":"Q39075412","candidates":[]}],[{"start":0,"end":29,"url":null,"entity_id":"Q38574071","candidates":[]}]],[[{"start":0,"end":22,"url":null,"entity_id":"Q57050837","candidates":[]}],[],[{"start":0,"end":30,"url":null,"entity_id":"Q43104065","candidates":[]}],[{"start":0,"end":22,"url":null,"entity_id":"Q32318192","candidates":[]}]],[[{"start":0,"end":21,"url":null,"entity_id":"Q50616833","candidates":[]}],[],[{"start":0,"end":20,"url":null,"entity_id":"Q37004180","candidates":[]}],[{"start":0,"end":21,"url":null,"entity_id":"Q28945491","candidates":[]}]],[[{"start":0,"end":18,"url":null,"entity_id":"Q50331889","candidates":[]}],[],[{"start":0,"end":20,"url":null,"entity_id":"Q37004180","candidates":[]}],[{"start":0,"end":18,"url":null,"entity_id":"Q28912698","candidates":[]}]],[[{"start":0,"end":31,"url":null,"entity_id":"Q41502284","candidates":[]}],[],[{"start":0,"end":19,"url":null,"entity_id":"Q27067897","candidates":[]}],[{"start":0,"end":31,"url":null,"entity_id":"Q27011614","candidates":[]}]],[[{"start":0,"end":21,"url":null,"entity_id":"Q41463725","candidates":[]}],[],[{"start":0,"end":19,"url":null,"entity_id":"Q27067897","candidates":[]}],[{"start":0,"end":21,"url":null,"entity_id":"Q26922391","candidates":[]}]],[[{"start":0,"end":35,"url":null,"entity_id":"Q40122064","candidates":[]}],[],[{"start":0,"end":29,"url":null,"entity_id":"Q27670344","candidates":[]}],[{"start":0,"end":35,"url":null,"entity_id":"Q20984918","candidates":[]}]],[[{"start":0,"end":32,"url":null,"entity_id":"Q54824139","candidates":[]}],[],[{"start":0,"end":20,"url":null,"entity_id":"Q37004180","candidates":[]}],[{"start":0,"end":32,"url":null,"entity_id":"Q30129715","candidates":[]}]],[[{"start":0,"end":27,"url":null,"entity_id":"Q56439592","candidates":[]}],[],[{"start":0,"end":22,"url":null,"entity_id":"Q39075412","candidates":[]}],[{"start":0,"end":27,"url":null,"entity_id":"Q30109961","candidates":[]}]],[[{"start":0,"end":19,"url":null,"entity_id":"Q51635511","candidates":[]}],[],[{"start":0,"end":22,"url":null,"entity_id":"Q39075412","candidates":[]}],[{"start":0,"end":19,"url":null,"entity_id":"Q29185201","candidates":[]}]],[[{"start":0,"end":17,"url":null,"entity_id":"Q51045857","candidates":[]}],[],[{"start":0,"end":33,"url":null,"entity_id":"Q46034025","candidates":[]}],[{"start":0,"end":17,"url":null,"entity_id":"Q29167260","candidates":[]}]],[[{"start":0,"end":34,"url":null,"entity_id":"Q55392043","candidates":[]}],[],[{"start":0,"end":20,"url":null,"entity_id":"Q37004180","candidates":[]}],[{"start":0,"end":27,"url":null,"entity_id":"Q29017681","candidates":[]}]],[[{"start":0,"end":20,"url":null,"entity_id":"Q56719083","candidates":[]}],[],[{"start":0,"end":30,"url":null,"entity_id":"Q18510632","candidates":[]}],[{"start":0,"end":21,"url":null,"entity_id":"Q41517150","candidates":[]}]],[[{"start":0,"end":28,"url":null,"entity_id":"Q56677007","candidates":[]}],[],[{"start":0,"end":22,"url":null,"entity_id":"Q39075412","candidates":[]}],[{"start":0,"end":28,"url":null,"entity_id":"Q41515218","candidates":[]}]],[[{"start":0,"end":31,"url":null,"entity_id":"Q56871049","candidates":[]}],[],[{"start":0,"end":8,"url":null,"entity_id":"Q39059584","candidates":[]}],[{"start":0,"end":31,"url":null,"entity_id":"Q41502284","candidates":[]}]],[[{"start":0,"end":21,"url":null,"entity_id":"Q56870145","candidates":[]}],[],[{"start":0,"end":8,"url":null,"entity_id":"Q39059584","candidates":[]}],[{"start":0,"end":21,"url":null,"entity_id":"Q41463725","candidates":[]}]],[[{"start":0,"end":35,"url":null,"entity_id":"Q56640907","candidates":[]}],[],[{"start":0,"end":9,"url":null,"entity_id":"Q47494244","candidates":[]}],[{"start":0,"end":35,"url":null,"entity_id":"Q40122064","candidates":[]}]],[[{"start":0,"end":26,"url":null,"entity_id":"Q19056763","candidates":[]}],[],[{"start":0,"end":21,"url":null,"entity_id":"Q18384639","candidates":[]}],[{"start":0,"end":26,"url":null,"entity_id":"Q15731110","candidates":[]}]]]}