{"version":"1.2","table":{"version":"2","table_id":"24LL794J","columns":[{"index":0,"name":"col0","values":["Kolyshley","Kozulka (Krasnoyarsk Krai)","Kamensky, Saratov Oblast","Kalino, Chusovoy, Perm Krai","Ilyinogorsk","Yermish","Duminichi (settlement), Kaluga Oblast","Davydovka","Glushkovo, Glushkovsky District, Kursk Oblast","Vysokogorny","Gorny, Krasnosulinsky District, Rostov Oblast","Vetluzhsky, Nizhny Novgorod Oblast","Verkhneye Dubrovo, Sverdlovsk Oblast","Verkh-Neyvinsky","Buturlino, Nizhny Novgorod Oblast","Bolshoy Lug","Bolshegrivskoye","Bolshaya Murta","Bolshaya Irba","Bekovo"]},{"index":1,"name":"col1","values":["Russia","Russia","Russia","Russia","Russia","Russia","Russia","Russia","Russia","Russia","Russia","Russia","Russia","Russia","Russia","Russia","Russia","Russia","Russia","Russia"]},{"index":2,"name":"col2","values":["1896-01-01","1892-01-01","1765-01-01","1878-01-01","1970-01-01","1628-01-01","1882-01-01","1766-01-01","1647-01-01","1943-01-01","1912-01-01","1912-01-01","1889-01-01","1662-01-01","1551-01-01","1932-01-01","1958-01-01","1725-01-01","1732-01-01","1700-01-01"]}]},"context":{"page_title":null,"page_url":null,"page_entity_id":null,"content_hierarchy":[]},"links":[[[{"start":0,"end":9,"url":null,"entity_id":"Q4228907","candidates":[]}],[{"start":0,"end":6,"url":null,"entity_id":"Q159","candidates":[]}],[]],[[{"start":0,"end":26,"url":null,"entity_id":"Q4227025","candidates":[]}],[{"start":0,"end":6,"url":null,"entity_id":"Q159","candidates":[]}],[]],[[{"start":0,"end":24,"url":null,"entity_id":"Q4211378","candidates":[]}],[{"start":0,"end":6,"url":null,"entity_id":"Q159","candidates":[]}],[]],[[{"start":0,"end":27,"url":null,"entity_id":"Q4209719","candidates":[]}],[{"start":0,"end":6,"url":null,"entity_id":"Q159","candidates":[]}],[]],[[{"start":0,"end":11,"url":null,"entity_id":"Q4199671","candidates":[]}],[{"start":0,"end":6,"url":null,"entity_id":"Q159","candidates":[]}],[]],[[{"start":0,"end":7,"url":null,"entity_id":"Q4176556","candidates":[]}],[{"start":0,"end":6,"url":null,"entity_id":"Q159","candidates":[]}],[]],[[{"start":0,"end":37,"url":null,"entity_id":"Q4170592","candidates":[]}],[{"start":0,"end":6,"url":null,"entity_id":"Q159","candidates":[]}],[]],[[{"start":0,"end":9,"url":null,"entity_id":"Q4153831","candidates":[]}],[{"start":0,"end":6,"url":null,"entity_id":"Q159","candidates":[]}],[]],[[{"start":0,"end":45,"url":null,"entity_id":"Q4140418","candidates":[]}],[{"start":0,"end":6,"url":null,"entity_id":"Q159","candidates":[]}],[]],[[{"start":0,"end":11,"url":null,"entity_id":"Q4129388","candidates":[]}],[{"start":0,"end":6,"url":null,"entity_id":"Q159","candidates":[]}],[]],[[{"start":0,"end":45,"url":null,"entity_id":"Q4120386","candidates":[]}],[{"start":0,"end":6,"url":null,"entity_id":"Q159","candidates":[]}],[]],[[{"start":0,"end":34,"url":null,"entity_id":"Q4110010","candidates":[]}],[{"start":0,"end":6,"url":null,"entity_id":"Q159","candidates":[]}],[]],[[{"start":0,"end":36,"url":null,"entity_id":"Q4108368","candidates":[]}],[{"start":0,"end":6,"url":null,"entity_id":"Q159","candidates":[]}],[]],[[{"start":0,"end":15,"url":null,"entity_id":"Q4108232","candidates":[]}],[{"start":0,"end":6,"url":null,"entity_id":"Q159","candidates":[]}],[]],[[{"start":0,"end":33,"url":null,"entity_id":"Q4100355","candidates":[]}],[{"start":0,"end":6,"url":null,"entity_id":"Q159","candidates":[]}],[]],[[{"start":0,"end":11,"url":null,"entity_id":"Q4092732","candidates":[]}],[{"start":0,"end":6,"url":null,"entity_id":"Q159","candidates":[]}],[]],[[{"start":0,"end":15,"url":null,"entity_id":"Q4091942","candidates":[]}],[{"start":0,"end":6,"url":null,"entity_id":"Q159","candidates":[]}],[]],[[{"start":0,"end":14,"url":null,"entity_id":"Q4091509","candidates":[]}],[{"start":0,"end":6,"url":null,"entity_id":"Q159","candidates":[]}],[]],[[{"start":0,"end":13,"url":null,"entity_id":"Q4091354","candidates":[]}],[{"start":0,"end":6,"url":null,"entity_id":"Q159","candidates":[]}],[]],[[{"start":0,"end":6,"url":null,"entity_id":"Q4081425","candidates":[]}],[{"start":0,"end":6,"url":null,"entity_id":"Q159","candidates":[]}],[]]]}