{"version":"1.2","table":{"version":"2","table_id":"253NYP36","columns":[{"index":0,"name":"col0","values":["Mazurkas, Op. 41","Mazurkas, Op. 33","Mazurkas, Op. 30","Mazurkas, Op. 17","Mazurkas, Op. 7","Mazurkas, Op. 6","2 Bourrées","Nocturnes, Op. 27","Nocturnes, Op. 9","Polonaises, Op. 40","Nocturnes, Op. 62","Nocturnes, Op. 55","Nocturnes, Op. 48","Nocturnes, Op. 37","Nocturnes, Op. 32","Polonaises, Op. 26","Nocturnes, Op. 15","Mazurkas, Op. 24","Pieśni, Op. posth. 74","Three Écossaises, Op. posth. 72, No. 3"]},{"index":1,"name":"col1","values":["Mazurkas","Mazurkas","Mazurkas","Mazurkas","Mazurkas","Mazurkas","Miscellaneous compositions by Chopin","Nocturnes","Nocturnes","Polonaises","Nocturnes","Nocturnes","Nocturnes","Nocturnes","Nocturnes","Polonaises","Nocturnes","Mazurkas","Chamber Music by Chopin","Miscellaneous compositions by Chopin"]},{"index":2,"name":"col2","values":["Mazurka op. 41 no. 1","Mazurka Op. 33 nr. 1","Mazurka no. 18 in C minor, op. 30 no. 1","Mazurka no. 10 in B-flat major, op. 17 no. 1","Mazurka no. 5 in B-flat major, op. 7 no. 1","Mazurka no. 1 in F-sharp minor, op. 6 no. 1","Bourrée No. 2","Nocturne No. 7 in C-sharp minor, Op. 27, No. 1","Nocturne No. 1 in B-flat minor, Op. 9, No. 1","Polonaise Op. 40 No. 1 in A major","Nocturne No. 17 in B major, Op. 62, No. 1","Nocturne No. 15 in F minor, Op. 55, No. 1","Nocturne No. 13 in C minor, Op. 48, No. 1","Nocturne No. 11 in G minor, Op. 37, No. 1","Nocturne No.10 in A-flat major, Op.32 No.2","Polonaise, Op. 26, No. 1 in C-sharp minor","Nocturne No. 4 in F major, Op. 15, No. 1","Mazurka no. 14 in G minor, op. 24 no. 1","Song in C minor, op. 74 no. 15 'Narzeczony'","Écossaise No. 1, Op. posth. 72, No. 3/a"]}]},"context":{"page_title":null,"page_url":null,"page_entity_id":null,"content_hierarchy":[]},"links":[[[{"start":0,"end":16,"url":null,"entity_id":"Q6149400","candidates":[]}],[{"start":0,"end":8,"url":null,"entity_id":"Q3131015","candidates":[]}],[{"start":0,"end":20,"url":null,"entity_id":"Q28501421","candidates":[]}]],[[{"start":0,"end":16,"url":null,"entity_id":"Q6799054","candidates":[]}],[{"start":0,"end":8,"url":null,"entity_id":"Q3131015","candidates":[]}],[{"start":0,"end":39,"url":null,"entity_id":"Q17586941","candidates":[]}]],[[{"start":0,"end":16,"url":null,"entity_id":"Q3070647","candidates":[]}],[{"start":0,"end":8,"url":null,"entity_id":"Q3131015","candidates":[]}],[{"start":0,"end":44,"url":null,"entity_id":"Q17586714","candidates":[]}]],[[{"start":0,"end":15,"url":null,"entity_id":"Q6799062","candidates":[]}],[{"start":0,"end":8,"url":null,"entity_id":"Q3131015","candidates":[]}],[{"start":0,"end":42,"url":null,"entity_id":"Q17586682","candidates":[]}]],[[{"start":0,"end":15,"url":null,"entity_id":"Q6150184","candidates":[]}],[{"start":0,"end":8,"url":null,"entity_id":"Q3131015","candidates":[]}],[{"start":0,"end":43,"url":null,"entity_id":"Q17586672","candidates":[]}]],[[{"start":0,"end":10,"url":null,"entity_id":"Q5732877","candidates":[]}],[{"start":0,"end":36,"url":null,"entity_id":"Q16763476","candidates":[]}],[{"start":0,"end":13,"url":null,"entity_id":"Q16765124","candidates":[]}]],[[{"start":0,"end":17,"url":null,"entity_id":"Q1057403","candidates":[]}],[{"start":0,"end":9,"url":null,"entity_id":"Q769763","candidates":[]}],[{"start":0,"end":46,"url":null,"entity_id":"Q16142805","candidates":[]}]],[[{"start":0,"end":16,"url":null,"entity_id":"Q1140459","candidates":[]}],[{"start":0,"end":9,"url":null,"entity_id":"Q769763","candidates":[]}],[{"start":0,"end":44,"url":null,"entity_id":"Q16142728","candidates":[]}]],[[{"start":0,"end":18,"url":null,"entity_id":"Q3087780","candidates":[]}],[{"start":0,"end":10,"url":null,"entity_id":"Q3492430","candidates":[]}],[{"start":0,"end":33,"url":null,"entity_id":"Q11637459","candidates":[]}]],[[{"start":0,"end":17,"url":null,"entity_id":"Q7046561","candidates":[]}],[{"start":0,"end":9,"url":null,"entity_id":"Q769763","candidates":[]}],[{"start":0,"end":41,"url":null,"entity_id":"Q11431259","candidates":[]}]],[[{"start":0,"end":17,"url":null,"entity_id":"Q7046558","candidates":[]}],[{"start":0,"end":9,"url":null,"entity_id":"Q769763","candidates":[]}],[{"start":0,"end":41,"url":null,"entity_id":"Q11431258","candidates":[]}]],[[{"start":0,"end":17,"url":null,"entity_id":"Q7046559","candidates":[]}],[{"start":0,"end":9,"url":null,"entity_id":"Q769763","candidates":[]}],[{"start":0,"end":41,"url":null,"entity_id":"Q11431257","candidates":[]}]],[[{"start":0,"end":17,"url":null,"entity_id":"Q7046555","candidates":[]}],[{"start":0,"end":9,"url":null,"entity_id":"Q769763","candidates":[]}],[{"start":0,"end":41,"url":null,"entity_id":"Q11431256","candidates":[]}]],[[{"start":0,"end":17,"url":null,"entity_id":"Q900847","candidates":[]}],[{"start":0,"end":9,"url":null,"entity_id":"Q769763","candidates":[]}],[{"start":0,"end":42,"url":null,"entity_id":"Q11431255","candidates":[]}]],[[{"start":0,"end":18,"url":null,"entity_id":"Q3071076","candidates":[]}],[{"start":0,"end":10,"url":null,"entity_id":"Q3492430","candidates":[]}],[{"start":0,"end":41,"url":null,"entity_id":"Q11339374","candidates":[]}]],[[{"start":0,"end":17,"url":null,"entity_id":"Q1632466","candidates":[]}],[{"start":0,"end":9,"url":null,"entity_id":"Q769763","candidates":[]}],[{"start":0,"end":40,"url":null,"entity_id":"Q1060858","candidates":[]}]],[[{"start":0,"end":16,"url":null,"entity_id":"Q11340333","candidates":[]}],[{"start":0,"end":8,"url":null,"entity_id":"Q3131015","candidates":[]}],[{"start":0,"end":39,"url":null,"entity_id":"Q17586932","candidates":[]}]],[[{"start":0,"end":21,"url":null,"entity_id":"Q7210085","candidates":[]}],[{"start":0,"end":23,"url":null,"entity_id":"Q16766346","candidates":[]}],[{"start":0,"end":43,"url":null,"entity_id":"Q17583607","candidates":[]}]],[[{"start":0,"end":38,"url":null,"entity_id":"Q11289887","candidates":[]}],[{"start":0,"end":36,"url":null,"entity_id":"Q16763476","candidates":[]}],[{"start":0,"end":39,"url":null,"entity_id":"Q16765416","candidates":[]}]],[[{"start":0,"end":16,"url":null,"entity_id":"Q6799056","candidates":[]}],[{"start":0,"end":8,"url":null,"entity_id":"Q3131015","candidates":[]}],[{"start":0,"end":20,"url":null,"entity_id":"Q28843575","candidates":[]}]]]}