{"version":"1.2","table":{"version":"2","table_id":"2575OC6T","columns":[{"index":0,"name":"col0","values":["Isernhagen","Wedemark","Nordenham","Duderstadt","Northeim","Rinteln","Varel","Norden","Helmstedt","Verden (Aller)","Alfeld","Schortens","Osterode am Harz","Hann. Münden","Holzminden","Einbeck","Achim","Osterholz-Scharmbeck","Weyhe","Ganderkesee"]},{"index":1,"name":"col1","values":["24219","29599","26193","20466","29107","25484","24001","25060","25728","27661","18626","20329","21731","23805","19998","30826","31911","30300","30627","31100"]},{"index":2,"name":"col2","values":["58","48","2","180","120","56","6","7","123","20","145","6","220","123","89","112","14","11","6","27"]},{"index":3,"name":"col3","values":["59.72","173","87.32","95.61","145.67","109.02","113.75","104.39","46.97","71.58","72.86","68.67","102.46","121.16","88.24","231.31","68.06","147","60.36","138.26"]}]},"context":{"page_title":null,"page_url":null,"page_entity_id":null,"content_hierarchy":[]},"links":[[[{"start":0,"end":10,"url":null,"entity_id":"Q514571","candidates":[]}],[],[],[]],[[{"start":0,"end":8,"url":null,"entity_id":"Q505948","candidates":[]}],[],[],[]],[[{"start":0,"end":9,"url":null,"entity_id":"Q503711","candidates":[]}],[],[],[]],[[{"start":0,"end":10,"url":null,"entity_id":"Q498596","candidates":[]}],[],[],[]],[[{"start":0,"end":8,"url":null,"entity_id":"Q498575","candidates":[]}],[],[],[]],[[{"start":0,"end":7,"url":null,"entity_id":"Q498571","candidates":[]}],[],[],[]],[[{"start":0,"end":5,"url":null,"entity_id":"Q496056","candidates":[]}],[],[],[]],[[{"start":0,"end":6,"url":null,"entity_id":"Q492366","candidates":[]}],[],[],[]],[[{"start":0,"end":9,"url":null,"entity_id":"Q486562","candidates":[]}],[],[],[]],[[{"start":0,"end":14,"url":null,"entity_id":"Q486551","candidates":[]}],[],[],[]],[[{"start":0,"end":6,"url":null,"entity_id":"Q486543","candidates":[]}],[],[],[]],[[{"start":0,"end":9,"url":null,"entity_id":"Q382061","candidates":[]}],[],[],[]],[[{"start":0,"end":16,"url":null,"entity_id":"Q327727","candidates":[]}],[],[],[]],[[{"start":0,"end":12,"url":null,"entity_id":"Q165380","candidates":[]}],[],[],[]],[[{"start":0,"end":10,"url":null,"entity_id":"Q55425","candidates":[]}],[],[],[]],[[{"start":0,"end":7,"url":null,"entity_id":"Q47244","candidates":[]}],[],[],[]],[[{"start":0,"end":5,"url":null,"entity_id":"Q16143","candidates":[]}],[],[],[]],[[{"start":0,"end":20,"url":null,"entity_id":"Q16141","candidates":[]}],[],[],[]],[[{"start":0,"end":5,"url":null,"entity_id":"Q16125","candidates":[]}],[],[],[]],[[{"start":0,"end":11,"url":null,"entity_id":"Q16111","candidates":[]}],[],[],[]]]}