{"version":"1.2","table":{"version":"2","table_id":"258AFYQJ","columns":[{"index":0,"name":"col0","values":["1976 Belgian Grand Prix","1975 Belgian Grand Prix","2013 Belgian Grand Prix","1974 Belgian Grand Prix","1972 Belgian Grand Prix","1968 Belgian Grand Prix","1967 Belgian Grand Prix","1966 Belgian Grand Prix","1965 Belgian Grand Prix","1964 Belgian Grand Prix","1963 Belgian Grand Prix","1962 Belgian Grand Prix","1961 Belgian Grand Prix","1960 Belgian Grand Prix","1958 Belgian Grand Prix","1956 Belgian Grand Prix","1955 Belgian Grand Prix","1954 Belgian Grand Prix","1953 Belgian Grand Prix","1952 Belgian Grand Prix"]},{"index":1,"name":"col1","values":["1976 Formula One season","1975 Formula One season","2013 Formula One season","1974 Formula One season","1972 Formula One season","1968 Formula One season","1967 Formula One season","1966 Formula One season","1965 Formula One season","1964 Formula One season","1963 Formula One season","1962 Formula One season","1961 Formula One season","1960 Formula One season","1958 Formula One season","1956 Formula One season","1955 Formula One season","1954 Formula One season","1953 Formula One season","1952 Formula One season"]},{"index":2,"name":"col2","values":["auto racing","auto racing","auto racing","auto racing","auto racing","auto racing","auto racing","auto racing","auto racing","auto racing","auto racing","auto racing","auto racing","auto racing","auto racing","auto racing","auto racing","auto racing","auto racing","auto racing"]}]},"context":{"page_title":null,"page_url":null,"page_entity_id":null,"content_hierarchy":[]},"links":[[[{"start":0,"end":23,"url":null,"entity_id":"Q20910","candidates":[]}],[{"start":0,"end":23,"url":null,"entity_id":"Q69387","candidates":[]}],[{"start":0,"end":11,"url":null,"entity_id":"Q5386","candidates":[]}]],[[{"start":0,"end":23,"url":null,"entity_id":"Q20908","candidates":[]}],[{"start":0,"end":23,"url":null,"entity_id":"Q69375","candidates":[]}],[{"start":0,"end":11,"url":null,"entity_id":"Q5386","candidates":[]}]],[[{"start":0,"end":23,"url":null,"entity_id":"Q6352409","candidates":[]}],[{"start":0,"end":23,"url":null,"entity_id":"Q69356","candidates":[]}],[{"start":0,"end":11,"url":null,"entity_id":"Q5386","candidates":[]}]],[[{"start":0,"end":23,"url":null,"entity_id":"Q20907","candidates":[]}],[{"start":0,"end":23,"url":null,"entity_id":"Q69343","candidates":[]}],[{"start":0,"end":11,"url":null,"entity_id":"Q5386","candidates":[]}]],[[{"start":0,"end":23,"url":null,"entity_id":"Q20904","candidates":[]}],[{"start":0,"end":23,"url":null,"entity_id":"Q69267","candidates":[]}],[{"start":0,"end":11,"url":null,"entity_id":"Q5386","candidates":[]}]],[[{"start":0,"end":23,"url":null,"entity_id":"Q20901","candidates":[]}],[{"start":0,"end":23,"url":null,"entity_id":"Q69243","candidates":[]}],[{"start":0,"end":11,"url":null,"entity_id":"Q5386","candidates":[]}]],[[{"start":0,"end":23,"url":null,"entity_id":"Q20900","candidates":[]}],[{"start":0,"end":23,"url":null,"entity_id":"Q69229","candidates":[]}],[{"start":0,"end":11,"url":null,"entity_id":"Q5386","candidates":[]}]],[[{"start":0,"end":23,"url":null,"entity_id":"Q20898","candidates":[]}],[{"start":0,"end":23,"url":null,"entity_id":"Q69220","candidates":[]}],[{"start":0,"end":11,"url":null,"entity_id":"Q5386","candidates":[]}]],[[{"start":0,"end":23,"url":null,"entity_id":"Q20896","candidates":[]}],[{"start":0,"end":23,"url":null,"entity_id":"Q69204","candidates":[]}],[{"start":0,"end":11,"url":null,"entity_id":"Q5386","candidates":[]}]],[[{"start":0,"end":23,"url":null,"entity_id":"Q20895","candidates":[]}],[{"start":0,"end":23,"url":null,"entity_id":"Q69193","candidates":[]}],[{"start":0,"end":11,"url":null,"entity_id":"Q5386","candidates":[]}]],[[{"start":0,"end":23,"url":null,"entity_id":"Q20893","candidates":[]}],[{"start":0,"end":23,"url":null,"entity_id":"Q69184","candidates":[]}],[{"start":0,"end":11,"url":null,"entity_id":"Q5386","candidates":[]}]],[[{"start":0,"end":23,"url":null,"entity_id":"Q20890","candidates":[]}],[{"start":0,"end":23,"url":null,"entity_id":"Q69174","candidates":[]}],[{"start":0,"end":11,"url":null,"entity_id":"Q5386","candidates":[]}]],[[{"start":0,"end":23,"url":null,"entity_id":"Q20889","candidates":[]}],[{"start":0,"end":23,"url":null,"entity_id":"Q69161","candidates":[]}],[{"start":0,"end":11,"url":null,"entity_id":"Q5386","candidates":[]}]],[[{"start":0,"end":23,"url":null,"entity_id":"Q20884","candidates":[]}],[{"start":0,"end":23,"url":null,"entity_id":"Q69146","candidates":[]}],[{"start":0,"end":11,"url":null,"entity_id":"Q5386","candidates":[]}]],[[{"start":0,"end":23,"url":null,"entity_id":"Q20880","candidates":[]}],[{"start":0,"end":23,"url":null,"entity_id":"Q69106","candidates":[]}],[{"start":0,"end":11,"url":null,"entity_id":"Q5386","candidates":[]}]],[[{"start":0,"end":23,"url":null,"entity_id":"Q20878","candidates":[]}],[{"start":0,"end":23,"url":null,"entity_id":"Q69032","candidates":[]}],[{"start":0,"end":11,"url":null,"entity_id":"Q5386","candidates":[]}]],[[{"start":0,"end":23,"url":null,"entity_id":"Q20876","candidates":[]}],[{"start":0,"end":23,"url":null,"entity_id":"Q69015","candidates":[]}],[{"start":0,"end":11,"url":null,"entity_id":"Q5386","candidates":[]}]],[[{"start":0,"end":23,"url":null,"entity_id":"Q20874","candidates":[]}],[{"start":0,"end":23,"url":null,"entity_id":"Q69001","candidates":[]}],[{"start":0,"end":11,"url":null,"entity_id":"Q5386","candidates":[]}]],[[{"start":0,"end":23,"url":null,"entity_id":"Q20865","candidates":[]}],[{"start":0,"end":23,"url":null,"entity_id":"Q68980","candidates":[]}],[{"start":0,"end":11,"url":null,"entity_id":"Q5386","candidates":[]}]],[[{"start":0,"end":23,"url":null,"entity_id":"Q20856","candidates":[]}],[{"start":0,"end":23,"url":null,"entity_id":"Q68967","candidates":[]}],[{"start":0,"end":11,"url":null,"entity_id":"Q5386","candidates":[]}]]]}