{"version":"1.2","table":{"version":"2","table_id":"26QRH4QJ","columns":[{"index":0,"name":"col0","values":["Ebor","West Ryde","Tooms Lake","Millthorpe","Pimlico","Meerschaum Vale","Haigslea","Lake Grace","Ḱafa","Gateshead","Empire Vale","Allora","Boreen Point","Cumbalum","Brooklet","Edgecliff","Blanchetown","Boyanup","Cape Barren Island","Kingscote"]},{"index":1,"name":"col1","values":["1298","31","466","969","2","8","103","286","1318","37","4","470","9","79","81","48","28","40","715","14"]},{"index":2,"name":"col2","values":["87","6536","0","607","154","213","235","274","4","1519","103","613","160","750","136","1156","168","601","35","885"]},{"index":3,"name":"col3","values":["166","13394","3","1253","297","397","468","548","0","3145","173","1223","328","1522","257","2580","307","1217","66","1826"]}]},"context":{"page_title":null,"page_url":null,"page_entity_id":null,"content_hierarchy":[]},"links":[[[{"start":0,"end":4,"url":null,"entity_id":"Q2621159","candidates":[]}],[],[],[]],[[{"start":0,"end":9,"url":null,"entity_id":"Q2564361","candidates":[]}],[],[],[]],[[{"start":0,"end":10,"url":null,"entity_id":"Q2443041","candidates":[]}],[],[],[]],[[{"start":0,"end":10,"url":null,"entity_id":"Q2312709","candidates":[]}],[],[],[]],[[{"start":0,"end":7,"url":null,"entity_id":"Q3388556","candidates":[]}],[],[],[]],[[{"start":0,"end":15,"url":null,"entity_id":"Q3304135","candidates":[]}],[],[],[]],[[{"start":0,"end":8,"url":null,"entity_id":"Q1569213","candidates":[]}],[],[],[]],[[{"start":0,"end":10,"url":null,"entity_id":"Q3216458","candidates":[]}],[],[],[]],[[{"start":0,"end":4,"url":null,"entity_id":"Q3136891","candidates":[]}],[],[],[]],[[{"start":0,"end":9,"url":null,"entity_id":"Q3099255","candidates":[]}],[],[],[]],[[{"start":0,"end":11,"url":null,"entity_id":"Q3053259","candidates":[]}],[],[],[]],[[{"start":0,"end":6,"url":null,"entity_id":"Q3049454","candidates":[]}],[],[],[]],[[{"start":0,"end":12,"url":null,"entity_id":"Q980064","candidates":[]}],[],[],[]],[[{"start":0,"end":8,"url":null,"entity_id":"Q3007509","candidates":[]}],[],[],[]],[[{"start":0,"end":8,"url":null,"entity_id":"Q2926156","candidates":[]}],[],[],[]],[[{"start":0,"end":9,"url":null,"entity_id":"Q2918689","candidates":[]}],[],[],[]],[[{"start":0,"end":11,"url":null,"entity_id":"Q2906057","candidates":[]}],[],[],[]],[[{"start":0,"end":7,"url":null,"entity_id":"Q1151970","candidates":[]}],[],[],[]],[[{"start":0,"end":18,"url":null,"entity_id":"Q1034271","candidates":[]}],[],[],[]],[[{"start":0,"end":9,"url":null,"entity_id":"Q1361416","candidates":[]}],[],[],[]]]}