{"version":"1.2","table":{"version":"2","table_id":"272DBRVN","columns":[{"index":0,"name":"col0","values":["3rd Baltic Fropt","2nd Belorussian Froqt","Reservf Front","Caucasian Froqt","KurskFront","ranscaucasian Front","Crimean Fron","Karelian Fropt","Malinin Front","Bryansk Hront","TransbaikalFron","North\"Caucasian Front","Oryo Front","2nd Far Eastern Fronv","2d Baltic#Front","3ud Belorussian Front","1st Ukrainian Fronv","3rdUkrainian Front","Steppe ront","2nd Ukrinian Front"]},{"index":1,"name":"col1","values":["1944/04/18","1944/04/16","1941/07/30","1941/12/30","1943/03/23","1941/08/23","1942/01/28","1941/08/23","1941/10/19","1941/08/14","1941/09/15","1942/05/20","1943/01/01","1945/01/01","1943/10/20","1944/02/24","1943/10/20","1943/10/20","1943/07/09","1943/10/20"]},{"index":2,"name":"col2","values":["1944/10/16","1944/04/05","1943/03/23","1942/01/28","1943/03/27","1945/08/25","1942/05/19","1944/01/01","1943/10/20","1943/10/10","1945/01/10","1943/11/20","1943/01/01","1945/10/01","1945/04/01","1945/08/15","1945/06/10","1945/06/15","1943/10/20","1945/06/10"]},{"index":3,"name":"col3","values":["Ivan Maslennikov","Pavel Kurochkin","Stavka","Stavka","Stavka","Stavka","Stavka","Stavka","Stavka","Stavka","Stavka","Stavka","Stavka","Stavka","Markian Popov","Ivan Danilovich Chernyakhovsky","Nikolai Vatutin","Rodion Malinovsky","Ivan Konev","Ivan Konev"]}]},"context":{"page_title":null,"page_url":null,"page_entity_id":null,"content_hierarchy":[]},"links":[[[{"start":0,"end":21,"url":null,"entity_id":"Q210633","candidates":[]}],[],[],[{"start":0,"end":15,"url":null,"entity_id":"Q1064496","candidates":[]}]],[[{"start":0,"end":13,"url":null,"entity_id":"Q2599920","candidates":[]}],[],[],[{"start":0,"end":6,"url":null,"entity_id":"Q540951","candidates":[]}]],[[{"start":0,"end":15,"url":null,"entity_id":"Q2595244","candidates":[]}],[],[],[{"start":0,"end":6,"url":null,"entity_id":"Q540951","candidates":[]}]],[[{"start":0,"end":10,"url":null,"entity_id":"Q2591968","candidates":[]}],[],[],[{"start":0,"end":6,"url":null,"entity_id":"Q540951","candidates":[]}]],[[{"start":0,"end":19,"url":null,"entity_id":"Q2298875","candidates":[]}],[],[],[{"start":0,"end":6,"url":null,"entity_id":"Q540951","candidates":[]}]],[[{"start":0,"end":12,"url":null,"entity_id":"Q1788961","candidates":[]}],[],[],[{"start":0,"end":6,"url":null,"entity_id":"Q540951","candidates":[]}]],[[{"start":0,"end":14,"url":null,"entity_id":"Q1729228","candidates":[]}],[],[],[{"start":0,"end":6,"url":null,"entity_id":"Q540951","candidates":[]}]],[[{"start":0,"end":13,"url":null,"entity_id":"Q1421194","candidates":[]}],[],[],[{"start":0,"end":6,"url":null,"entity_id":"Q540951","candidates":[]}]],[[{"start":0,"end":13,"url":null,"entity_id":"Q921618","candidates":[]}],[],[],[{"start":0,"end":6,"url":null,"entity_id":"Q540951","candidates":[]}]],[[{"start":0,"end":15,"url":null,"entity_id":"Q911083","candidates":[]}],[],[],[{"start":0,"end":6,"url":null,"entity_id":"Q540951","candidates":[]}]],[[{"start":0,"end":21,"url":null,"entity_id":"Q655740","candidates":[]}],[],[],[{"start":0,"end":6,"url":null,"entity_id":"Q540951","candidates":[]}]],[[{"start":0,"end":10,"url":null,"entity_id":"Q277973","candidates":[]}],[],[],[{"start":0,"end":6,"url":null,"entity_id":"Q540951","candidates":[]}]],[[{"start":0,"end":21,"url":null,"entity_id":"Q209817","candidates":[]}],[],[],[{"start":0,"end":6,"url":null,"entity_id":"Q540951","candidates":[]}]],[[{"start":0,"end":15,"url":null,"entity_id":"Q209587","candidates":[]}],[],[],[{"start":0,"end":13,"url":null,"entity_id":"Q462301","candidates":[]}]],[[{"start":0,"end":21,"url":null,"entity_id":"Q2354459","candidates":[]}],[],[],[{"start":0,"end":30,"url":null,"entity_id":"Q444979","candidates":[]}]],[[{"start":0,"end":19,"url":null,"entity_id":"Q277985","candidates":[]}],[],[],[{"start":0,"end":15,"url":null,"entity_id":"Q299364","candidates":[]}]],[[{"start":0,"end":18,"url":null,"entity_id":"Q2414156","candidates":[]}],[],[],[{"start":0,"end":17,"url":null,"entity_id":"Q204338","candidates":[]}]],[[{"start":0,"end":11,"url":null,"entity_id":"Q1347332","candidates":[]}],[],[],[{"start":0,"end":10,"url":null,"entity_id":"Q185024","candidates":[]}]],[[{"start":0,"end":18,"url":null,"entity_id":"Q1078966","candidates":[]}],[],[],[{"start":0,"end":10,"url":null,"entity_id":"Q185024","candidates":[]}]],[[{"start":0,"end":16,"url":null,"entity_id":"Q223144","candidates":[]}],[],[],[{"start":0,"end":16,"url":null,"entity_id":"Q2988605","candidates":[]}]]]}