{"version":"1.2","table":{"version":"2","table_id":"27FGS6WC","columns":[{"index":0,"name":"col0","values":["V* V793 Tau","V* V851 Tau","SDSS J130236.21+060148.0","2MASS J16371052+0644308","WISE J072448.87+533951.7","G 115-42","G 123-35","V* AS CVn","LP 275-68","1RXS J111056.1+402049","V* CW UMa","V* V375 Tau","V* V1057 Tau","V* V341 Tau","LP 356-106","LP 593-68","V* V631 Cas","GJ 3085","LP 245-10","G 205-35","LP 229-30","HD 120476B","Wolf 1494","V* DT Cnc","V* AX Cnc","V* EN Cnc","V* EO Cnc","V* DO Cnc","V* V864 Tau","V* V747 Tau","V* V862 Tau","V* V448 Tau","V* V1005 Tau","V* V335 Tau","V* V1014 Tau","V* V533 Tau","V* V854 Tau","V* V639 Tau","V* QW Tau","V* V516 Tau","V* V702 Tau","V* V653 Tau","V* PS Tau","V* V442 Tau","V* V652 Tau","V* V1008 Tau","V* V645 Tau","V* V655 Tau","V* V453 Tau","V* V858 Tau","V* PQ Tau","V* V1012 Tau","V* V790 Tau","V* V537 Tau","V* V863 Tau","V* V853 Tau","V* PU Tau"]},{"index":1,"name":"col1","values":["14.02","13.386","13.679","15.3","12.848","13.314","7.932","14.136","7.788","14.309","7.497","12.542","13.096","17.9","8.459","18.02","8.643","13.45","9.011","8.375","10.308","8.01","8.882","11.639","11.312","14.115","14.41","16.23","17.8","18.08","12.374","14.02","10.074","18.3","18.2","16.155","18.8","17.3","17.7","19.4","11.89","12.319","17.33","17.64","12.22","12.997","15.78","13.3","15.498","12.463","9.696","12.39","13.62","17.5","13.72","17.8","17.8"]},{"index":2,"name":"col2","values":["134.633","192.9757","82.6808","209.4943","94.2676","10.0879","23.5652","45.1663","16.9831","72.776","13.358","1005.935","962.001","139.6219","15.3884","14.6989","3245.6994","54.8862","10.3392","12.491","14.3974","13.4763","16.3506","270.0732","189.2685","253.8522","181.8645","182.6684","135.7626","138.154","108.6744","139.9404","2564.7602","134.5696","133.6416","140.8709","131.9122","146.7782","133.6416","137.8854","365.1901","1879.6992","154.4449","138.1693","173.0164","931.012","136.8963","290.4191","137.114","406.1738","144.6404","1343.7248","136.5896","133.4347","1262.6263","139.6024","134.4972"]},{"index":3,"name":"col3","values":["7.477","5.182","12.0947","4.7734","10.6081","99.1286","42.4354","22.1404","58.8819","13.7408","74.8614","0.9941","1.0395","7.314","64.9841","68.0325","0.3081","18.2195","96.7195","80.0574","69.4569","74.2043","61.1599","3.7027","5.2835","3.9393","5.4986","5.387","7.168","7.368","9.2018","7.144","0.3899","7.555","7.572","7.214","7.532","6.912","7.35","7.301","2.7383","0.532","6.4748","7.356","5.7798","1.0741","7.36","3.4433","7.414","2.462","6.9137","0.7442","7.323","7.448","0.792","7.331","7.367"]}]},"context":{"page_title":null,"page_url":null,"page_entity_id":null,"content_hierarchy":[]},"links":[[[{"start":0,"end":11,"url":null,"entity_id":"Q82753074","candidates":[]}],[],[],[]],[[{"start":0,"end":11,"url":null,"entity_id":"Q82753040","candidates":[]}],[],[],[]],[[{"start":0,"end":24,"url":null,"entity_id":"Q82671351","candidates":[]}],[],[],[]],[[{"start":0,"end":23,"url":null,"entity_id":"Q81979858","candidates":[]}],[],[],[]],[[{"start":0,"end":24,"url":null,"entity_id":"Q81974322","candidates":[]}],[],[],[]],[[{"start":0,"end":8,"url":null,"entity_id":"Q81915304","candidates":[]}],[],[],[]],[[{"start":0,"end":8,"url":null,"entity_id":"Q81868547","candidates":[]}],[],[],[]],[[{"start":0,"end":9,"url":null,"entity_id":"Q81862438","candidates":[]}],[],[],[]],[[{"start":0,"end":9,"url":null,"entity_id":"Q81824220","candidates":[]}],[],[],[]],[[{"start":0,"end":21,"url":null,"entity_id":"Q81814409","candidates":[]}],[],[],[]],[[{"start":0,"end":9,"url":null,"entity_id":"Q81812603","candidates":[]}],[],[],[]],[[{"start":0,"end":11,"url":null,"entity_id":"Q85139677","candidates":[]}],[],[],[]],[[{"start":0,"end":12,"url":null,"entity_id":"Q85139675","candidates":[]}],[],[],[]],[[{"start":0,"end":11,"url":null,"entity_id":"Q85139673","candidates":[]}],[],[],[]],[[{"start":0,"end":10,"url":null,"entity_id":"Q85132000","candidates":[]}],[],[],[]],[[{"start":0,"end":9,"url":null,"entity_id":"Q85112409","candidates":[]}],[],[],[]],[[{"start":0,"end":11,"url":null,"entity_id":"Q85067080","candidates":[]}],[],[],[]],[[{"start":0,"end":7,"url":null,"entity_id":"Q85035373","candidates":[]}],[],[],[]],[[{"start":0,"end":9,"url":null,"entity_id":"Q85025864","candidates":[]}],[],[],[]],[[{"start":0,"end":8,"url":null,"entity_id":"Q85013081","candidates":[]}],[],[],[]],[[{"start":0,"end":9,"url":null,"entity_id":"Q85012982","candidates":[]}],[],[],[]],[[{"start":0,"end":10,"url":null,"entity_id":"Q84927762","candidates":[]}],[],[],[]],[[{"start":0,"end":9,"url":null,"entity_id":"Q84925373","candidates":[]}],[],[],[]],[[{"start":0,"end":9,"url":null,"entity_id":"Q84868835","candidates":[]}],[],[],[]],[[{"start":0,"end":9,"url":null,"entity_id":"Q84868527","candidates":[]}],[],[],[]],[[{"start":0,"end":9,"url":null,"entity_id":"Q84864618","candidates":[]}],[],[],[]],[[{"start":0,"end":9,"url":null,"entity_id":"Q84863466","candidates":[]}],[],[],[]],[[{"start":0,"end":9,"url":null,"entity_id":"Q84863409","candidates":[]}],[],[],[]],[[{"start":0,"end":11,"url":null,"entity_id":"Q86221981","candidates":[]}],[],[],[]],[[{"start":0,"end":11,"url":null,"entity_id":"Q86221977","candidates":[]}],[],[],[]],[[{"start":0,"end":11,"url":null,"entity_id":"Q86221960","candidates":[]}],[],[],[]],[[{"start":0,"end":11,"url":null,"entity_id":"Q86221922","candidates":[]}],[],[],[]],[[{"start":0,"end":12,"url":null,"entity_id":"Q86221918","candidates":[]}],[],[],[]],[[{"start":0,"end":11,"url":null,"entity_id":"Q86221911","candidates":[]}],[],[],[]],[[{"start":0,"end":12,"url":null,"entity_id":"Q86221880","candidates":[]}],[],[],[]],[[{"start":0,"end":11,"url":null,"entity_id":"Q86221875","candidates":[]}],[],[],[]],[[{"start":0,"end":11,"url":null,"entity_id":"Q86221844","candidates":[]}],[],[],[]],[[{"start":0,"end":11,"url":null,"entity_id":"Q86221840","candidates":[]}],[],[],[]],[[{"start":0,"end":9,"url":null,"entity_id":"Q86221827","candidates":[]}],[],[],[]],[[{"start":0,"end":11,"url":null,"entity_id":"Q86221810","candidates":[]}],[],[],[]],[[{"start":0,"end":11,"url":null,"entity_id":"Q86221802","candidates":[]}],[],[],[]],[[{"start":0,"end":11,"url":null,"entity_id":"Q86221787","candidates":[]}],[],[],[]],[[{"start":0,"end":9,"url":null,"entity_id":"Q86221777","candidates":[]}],[],[],[]],[[{"start":0,"end":11,"url":null,"entity_id":"Q86221757","candidates":[]}],[],[],[]],[[{"start":0,"end":11,"url":null,"entity_id":"Q86221755","candidates":[]}],[],[],[]],[[{"start":0,"end":12,"url":null,"entity_id":"Q86221751","candidates":[]}],[],[],[]],[[{"start":0,"end":11,"url":null,"entity_id":"Q86221731","candidates":[]}],[],[],[]],[[{"start":0,"end":11,"url":null,"entity_id":"Q86221716","candidates":[]}],[],[],[]],[[{"start":0,"end":11,"url":null,"entity_id":"Q86221701","candidates":[]}],[],[],[]],[[{"start":0,"end":11,"url":null,"entity_id":"Q86221683","candidates":[]}],[],[],[]],[[{"start":0,"end":9,"url":null,"entity_id":"Q86221670","candidates":[]}],[],[],[]],[[{"start":0,"end":12,"url":null,"entity_id":"Q86221653","candidates":[]}],[],[],[]],[[{"start":0,"end":11,"url":null,"entity_id":"Q86221634","candidates":[]}],[],[],[]],[[{"start":0,"end":11,"url":null,"entity_id":"Q86221591","candidates":[]}],[],[],[]],[[{"start":0,"end":11,"url":null,"entity_id":"Q86221582","candidates":[]}],[],[],[]],[[{"start":0,"end":11,"url":null,"entity_id":"Q86221547","candidates":[]}],[],[],[]],[[{"start":0,"end":9,"url":null,"entity_id":"Q86221541","candidates":[]}],[],[],[]]]}