{"version":"1.2","table":{"version":"2","table_id":"286FGTP4","columns":[{"index":0,"name":"col0","values":["2MASS J08490880+0206220","[VV2006] J084932.6+045508","[MGL2015] 5BZB J1525+2153","2FGL J1023.1-0115","WISE J194457.83-370709.8","[MGL2015] 5BZB J1609+3421","7C 161634.60+363913.00","2MASX J01533430-0118087","ICRF J174726.6+465850","7C 173836.20+473929.00","SDSS J160339.50+500955.4","87GB 163837.5+114955","2QZ J122809.1-022137","6dFGS gJ123341.3-014424","ICRF J023816.5+471218","2MASS J03100630+4056547","2MASS J03135785+4115237","QSO B2344+514","[VV98] J031024.3+391058","2FGL J0007.8+4713"]},{"index":1,"name":"col1","values":["2.1061306","4.9188462248743","21.8952768429965","-1.2173334470998","-37.11940944","34.3650112245688","36.533834533414","-1.302404","46.980812889","47.632878210167","50.1653861697405","11.7345065181288","-2.3600585679025","-1.7399389","47.2051554455242","40.94854","41.2566572537728","51.7049653853379","39.1827585032294","47.202158385946"]},{"index":2,"name":"col2","values":["219365","186304","93138","203441","233654","127955","150088","64539","216171","80313","90882","22474","81727","20303","154654","38281","8666","13191","91379","72539"]}]},"context":{"page_title":null,"page_url":null,"page_entity_id":null,"content_hierarchy":[]},"links":[[[{"start":0,"end":25,"url":null,"entity_id":"Q75008902","candidates":[]}],[],[]],[[{"start":0,"end":25,"url":null,"entity_id":"Q75005153","candidates":[]}],[],[]],[[{"start":0,"end":17,"url":null,"entity_id":"Q74959347","candidates":[]}],[],[]],[[{"start":0,"end":24,"url":null,"entity_id":"Q74922676","candidates":[]}],[],[]],[[{"start":0,"end":25,"url":null,"entity_id":"Q74898567","candidates":[]}],[],[]],[[{"start":0,"end":22,"url":null,"entity_id":"Q74897655","candidates":[]}],[],[]],[[{"start":0,"end":23,"url":null,"entity_id":"Q74865521","candidates":[]}],[],[]],[[{"start":0,"end":21,"url":null,"entity_id":"Q74844790","candidates":[]}],[],[]],[[{"start":0,"end":22,"url":null,"entity_id":"Q74844310","candidates":[]}],[],[]],[[{"start":0,"end":24,"url":null,"entity_id":"Q74736873","candidates":[]}],[],[]],[[{"start":0,"end":20,"url":null,"entity_id":"Q74693247","candidates":[]}],[],[]],[[{"start":0,"end":20,"url":null,"entity_id":"Q74667572","candidates":[]}],[],[]],[[{"start":0,"end":23,"url":null,"entity_id":"Q74666963","candidates":[]}],[],[]],[[{"start":0,"end":21,"url":null,"entity_id":"Q74288456","candidates":[]}],[],[]],[[{"start":0,"end":23,"url":null,"entity_id":"Q74169343","candidates":[]}],[],[]],[[{"start":0,"end":23,"url":null,"entity_id":"Q74164671","candidates":[]}],[],[]],[[{"start":0,"end":13,"url":null,"entity_id":"Q74140717","candidates":[]}],[],[]],[[{"start":0,"end":23,"url":null,"entity_id":"Q74093297","candidates":[]}],[],[]],[[{"start":0,"end":17,"url":null,"entity_id":"Q74003145","candidates":[]}],[],[]],[[{"start":0,"end":23,"url":null,"entity_id":"Q75009026","candidates":[]}],[],[]]]}