{"version":"1.2","table":{"version":"2","table_id":"28ZARTUD","columns":[{"index":0,"name":"col0","values":["V* V1972 Ori","V* V1582 Ori","V* V1552 Ori","V* V2042 Ori","V* V2397 Ori","V* V2525 Ori","V* V2286 Ori","V* V1515 Ori","V* MW Ori","V* IN Ori","V* V2569 Ori","V* V1976 Ori","V* V1922 Ori","V* V2184 Ori","V* V1759 Ori","V* V2386 Ori","V* OQ Ori","V* V497 Ori","V* V484 Ori","V* V2006 Ori"]},{"index":1,"name":"col1","values":["395.5853","414.8001","413.1719","400.4325","377.672","392.2184","394.1974","411.4041","393.1436","394.82","454.277","393.0972","370.247","415.1962","384.3788","433.0879","409.2993","388.259","419.9916","386.952"]},{"index":2,"name":"col2","values":["27.28246","27.817144","31.633839","24.47888","31.416914","29.639645","26.209974","27.15155","23.01","26.62","19.962093","26.07251","26.247972","23.257893","82.24","26.400534","26.063686","28.750156","27.325024","25.49"]}]},"context":{"page_title":null,"page_url":null,"page_entity_id":null,"content_hierarchy":[]},"links":[[[{"start":0,"end":12,"url":null,"entity_id":"Q78245542","candidates":[]}],[],[]],[[{"start":0,"end":12,"url":null,"entity_id":"Q78245537","candidates":[]}],[],[]],[[{"start":0,"end":12,"url":null,"entity_id":"Q78245513","candidates":[]}],[],[]],[[{"start":0,"end":12,"url":null,"entity_id":"Q78245509","candidates":[]}],[],[]],[[{"start":0,"end":12,"url":null,"entity_id":"Q78245459","candidates":[]}],[],[]],[[{"start":0,"end":12,"url":null,"entity_id":"Q78245443","candidates":[]}],[],[]],[[{"start":0,"end":12,"url":null,"entity_id":"Q78245440","candidates":[]}],[],[]],[[{"start":0,"end":12,"url":null,"entity_id":"Q78241248","candidates":[]}],[],[]],[[{"start":0,"end":9,"url":null,"entity_id":"Q78241222","candidates":[]}],[],[]],[[{"start":0,"end":9,"url":null,"entity_id":"Q78241209","candidates":[]}],[],[]],[[{"start":0,"end":12,"url":null,"entity_id":"Q78241192","candidates":[]}],[],[]],[[{"start":0,"end":12,"url":null,"entity_id":"Q78241178","candidates":[]}],[],[]],[[{"start":0,"end":12,"url":null,"entity_id":"Q78241174","candidates":[]}],[],[]],[[{"start":0,"end":12,"url":null,"entity_id":"Q78241150","candidates":[]}],[],[]],[[{"start":0,"end":12,"url":null,"entity_id":"Q78241130","candidates":[]}],[],[]],[[{"start":0,"end":12,"url":null,"entity_id":"Q78241106","candidates":[]}],[],[]],[[{"start":0,"end":9,"url":null,"entity_id":"Q78242208","candidates":[]}],[],[]],[[{"start":0,"end":11,"url":null,"entity_id":"Q78242173","candidates":[]}],[],[]],[[{"start":0,"end":11,"url":null,"entity_id":"Q78242167","candidates":[]}],[],[]],[[{"start":0,"end":12,"url":null,"entity_id":"Q78242137","candidates":[]}],[],[]]]}