{"version":"1.2","table":{"version":"2","table_id":"2AONPTOZ","columns":[{"index":0,"name":"col0","values":["Pamilacan","Mantalongon","San Isidro","Imelda","Ilihan","Calanggaman","Camambugan","Camali‑an","California","Cagting","Bulilis","Buenavista","Booy","Bool","Bood","Bongbong","Biabas","Benliw","Bay‑ang","Arkong Bato"]},{"index":1,"name":"col1","values":["1.75","9.17","4.29","6.57","6.83","6.18","5.47","5.32","3.19","10.44","7.4","6.51","1.46","3.49","1.52","1.61","22","5.89","6.32","34.4"]},{"index":2,"name":"col2","values":["1418","6517","5424","1865","768","1689","2591","642","941","1712","2046","709","9838","6132","2833","895","2599","2193","1906","9999"]}]},"context":{"page_title":null,"page_url":null,"page_entity_id":null,"content_hierarchy":[]},"links":[[[{"start":0,"end":9,"url":null,"entity_id":"Q17277331","candidates":[]}],[],[]],[[{"start":0,"end":11,"url":null,"entity_id":"Q17078091","candidates":[]}],[],[]],[[{"start":0,"end":10,"url":null,"entity_id":"Q15274816","candidates":[]}],[],[]],[[{"start":0,"end":6,"url":null,"entity_id":"Q15228491","candidates":[]}],[],[]],[[{"start":0,"end":6,"url":null,"entity_id":"Q15228282","candidates":[]}],[],[]],[[{"start":0,"end":11,"url":null,"entity_id":"Q15206815","candidates":[]}],[],[]],[[{"start":0,"end":10,"url":null,"entity_id":"Q5024915","candidates":[]}],[],[]],[[{"start":0,"end":9,"url":null,"entity_id":"Q5024911","candidates":[]}],[],[]],[[{"start":0,"end":10,"url":null,"entity_id":"Q5020182","candidates":[]}],[],[]],[[{"start":0,"end":7,"url":null,"entity_id":"Q5017377","candidates":[]}],[],[]],[[{"start":0,"end":7,"url":null,"entity_id":"Q4996406","candidates":[]}],[],[]],[[{"start":0,"end":10,"url":null,"entity_id":"Q4985490","candidates":[]}],[],[]],[[{"start":0,"end":4,"url":null,"entity_id":"Q4944119","candidates":[]}],[],[]],[[{"start":0,"end":4,"url":null,"entity_id":"Q4943329","candidates":[]}],[],[]],[[{"start":0,"end":4,"url":null,"entity_id":"Q4942788","candidates":[]}],[],[]],[[{"start":0,"end":8,"url":null,"entity_id":"Q4941843","candidates":[]}],[],[]],[[{"start":0,"end":6,"url":null,"entity_id":"Q4902397","candidates":[]}],[],[]],[[{"start":0,"end":6,"url":null,"entity_id":"Q4889572","candidates":[]}],[],[]],[[{"start":0,"end":7,"url":null,"entity_id":"Q4873888","candidates":[]}],[],[]],[[{"start":0,"end":11,"url":null,"entity_id":"Q4792036","candidates":[]}],[],[]]]}