{"version":"1.2","table":{"version":"2","table_id":"2B7XQAWC","columns":[{"index":0,"name":"col0","values":["2MASS J12130337+5138548","2MASX J12544030+5057051","SDSS J142945.39+452942.9","SDSS J163830.70+315116.7","2MASX J16390068+2858015","2MASX J16262989+3038216","2MASX J16205635+0953456","3XMM J151845.7+061356","3XMM J125732.1+470345","2MASX J11010735+5818345","2MASX J17200044+2618546","2MASX J12175049+3105031","LEDA 2212682","2MASX J12332202+5551388","SDSS J151858.36+560816.1","2MASX J14570254+3150177","2MASS J11584466+4134263","2MASX J12125746+2601580","2MASX J12161355+5646465","LEDA 2299193"]},{"index":1,"name":"col1","values":["0.523","-0.121","1.088","-3.159","-1.132","0.17","0.073","-0.019","0.428","-2.331","2.644","-4.757","1.767","-0.23","0.105","-5.024","0.04","-1.707","-1.076","-0.839"]},{"index":2,"name":"col2","values":["51.6485893280424","50.9515512809771","45.4952525330182","31.8546570256739","28.9670712423365","30.63932155507","9.8959815920218","6.2322492713865","47.0625215610589","58.309765314879","26.3152703537271","31.084318512219","43.0865343840188","55.86075129732","56.1377943350208","31.8382032364246","41.5739677033543","26.03269222953","56.77958175738","47.4935637130453"]}]},"context":{"page_title":null,"page_url":null,"page_entity_id":null,"content_hierarchy":[]},"links":[[[{"start":0,"end":23,"url":null,"entity_id":"Q78318343","candidates":[]}],[],[]],[[{"start":0,"end":23,"url":null,"entity_id":"Q78314771","candidates":[]}],[],[]],[[{"start":0,"end":24,"url":null,"entity_id":"Q78309078","candidates":[]}],[],[]],[[{"start":0,"end":24,"url":null,"entity_id":"Q77094457","candidates":[]}],[],[]],[[{"start":0,"end":23,"url":null,"entity_id":"Q77086749","candidates":[]}],[],[]],[[{"start":0,"end":23,"url":null,"entity_id":"Q77086379","candidates":[]}],[],[]],[[{"start":0,"end":23,"url":null,"entity_id":"Q77085885","candidates":[]}],[],[]],[[{"start":0,"end":21,"url":null,"entity_id":"Q76916130","candidates":[]}],[],[]],[[{"start":0,"end":21,"url":null,"entity_id":"Q76898868","candidates":[]}],[],[]],[[{"start":0,"end":23,"url":null,"entity_id":"Q76867859","candidates":[]}],[],[]],[[{"start":0,"end":23,"url":null,"entity_id":"Q76830755","candidates":[]}],[],[]],[[{"start":0,"end":23,"url":null,"entity_id":"Q76682835","candidates":[]}],[],[]],[[{"start":0,"end":12,"url":null,"entity_id":"Q76682530","candidates":[]}],[],[]],[[{"start":0,"end":23,"url":null,"entity_id":"Q76681636","candidates":[]}],[],[]],[[{"start":0,"end":24,"url":null,"entity_id":"Q76448088","candidates":[]}],[],[]],[[{"start":0,"end":23,"url":null,"entity_id":"Q75800857","candidates":[]}],[],[]],[[{"start":0,"end":23,"url":null,"entity_id":"Q75285044","candidates":[]}],[],[]],[[{"start":0,"end":23,"url":null,"entity_id":"Q76678728","candidates":[]}],[],[]],[[{"start":0,"end":23,"url":null,"entity_id":"Q76675358","candidates":[]}],[],[]],[[{"start":0,"end":12,"url":null,"entity_id":"Q76673411","candidates":[]}],[],[]]]}