{"version":"1.2","table":{"version":"2","table_id":"2BA0SWCP","columns":[{"index":0,"name":"col0","values":["Akebono","Akagi","Aizu Liner","Airport Narita","Odoriko","Tanigawa","Ariake","A-Train","Sakura","Lemano (train)","Brabant (train)","Flèche d'argent","Molière","Rubens (train)","Gitanjali Express","East Coast Express","Dhauli Express","Goutami Express","Golconda Express","Falaknuma Express"]},{"index":1,"name":"col1","values":["Japan","Japan","Japan","Japan","Japan","Japan","Japan","Japan","Japan","Italy","France","France","France","Belgium","India","India","India","India","India","India"]},{"index":2,"name":"col2","values":["East Japan Railway Company","East Japan Railway Company","East Japan Railway Company","East Japan Railway Company","East Japan Railway Company","East Japan Railway Company","Kyushu Railway Company","Kyushu Railway Company","Kyushu Railway Company","Ferrovie dello Stato Italiane","SNCF","SNCF","SNCF","SNCF","South Eastern Railway zone","South Eastern Railway zone","South Eastern Railway zone","South Central Railway zone","South Central Railway zone","South Central Railway zone"]}]},"context":{"page_title":null,"page_url":null,"page_entity_id":null,"content_hierarchy":[]},"links":[[[{"start":0,"end":7,"url":null,"entity_id":"Q4700555","candidates":[]}],[{"start":0,"end":5,"url":null,"entity_id":"Q17","candidates":[]}],[{"start":0,"end":26,"url":null,"entity_id":"Q499071","candidates":[]}]],[[{"start":0,"end":5,"url":null,"entity_id":"Q4700140","candidates":[]}],[{"start":0,"end":5,"url":null,"entity_id":"Q17","candidates":[]}],[{"start":0,"end":26,"url":null,"entity_id":"Q499071","candidates":[]}]],[[{"start":0,"end":10,"url":null,"entity_id":"Q4699463","candidates":[]}],[{"start":0,"end":5,"url":null,"entity_id":"Q17","candidates":[]}],[{"start":0,"end":26,"url":null,"entity_id":"Q499071","candidates":[]}]],[[{"start":0,"end":14,"url":null,"entity_id":"Q4698934","candidates":[]}],[{"start":0,"end":5,"url":null,"entity_id":"Q17","candidates":[]}],[{"start":0,"end":26,"url":null,"entity_id":"Q499071","candidates":[]}]],[[{"start":0,"end":7,"url":null,"entity_id":"Q3849320","candidates":[]}],[{"start":0,"end":5,"url":null,"entity_id":"Q17","candidates":[]}],[{"start":0,"end":26,"url":null,"entity_id":"Q499071","candidates":[]}]],[[{"start":0,"end":8,"url":null,"entity_id":"Q3515196","candidates":[]}],[{"start":0,"end":5,"url":null,"entity_id":"Q17","candidates":[]}],[{"start":0,"end":26,"url":null,"entity_id":"Q499071","candidates":[]}]],[[{"start":0,"end":6,"url":null,"entity_id":"Q4790196","candidates":[]}],[{"start":0,"end":5,"url":null,"entity_id":"Q17","candidates":[]}],[{"start":0,"end":22,"url":null,"entity_id":"Q498366","candidates":[]}]],[[{"start":0,"end":7,"url":null,"entity_id":"Q4646958","candidates":[]}],[{"start":0,"end":5,"url":null,"entity_id":"Q17","candidates":[]}],[{"start":0,"end":22,"url":null,"entity_id":"Q498366","candidates":[]}]],[[{"start":0,"end":6,"url":null,"entity_id":"Q3469411","candidates":[]}],[{"start":0,"end":5,"url":null,"entity_id":"Q17","candidates":[]}],[{"start":0,"end":22,"url":null,"entity_id":"Q498366","candidates":[]}]],[[{"start":0,"end":14,"url":null,"entity_id":"Q2779844","candidates":[]}],[{"start":0,"end":5,"url":null,"entity_id":"Q38","candidates":[]}],[{"start":0,"end":29,"url":null,"entity_id":"Q83823","candidates":[]}]],[[{"start":0,"end":15,"url":null,"entity_id":"Q4583060","candidates":[]}],[{"start":0,"end":6,"url":null,"entity_id":"Q142","candidates":[]}],[{"start":0,"end":4,"url":null,"entity_id":"Q13646","candidates":[]}]],[[{"start":0,"end":15,"url":null,"entity_id":"Q3074674","candidates":[]}],[{"start":0,"end":6,"url":null,"entity_id":"Q142","candidates":[]}],[{"start":0,"end":4,"url":null,"entity_id":"Q13646","candidates":[]}]],[[{"start":0,"end":7,"url":null,"entity_id":"Q2660211","candidates":[]}],[{"start":0,"end":6,"url":null,"entity_id":"Q142","candidates":[]}],[{"start":0,"end":4,"url":null,"entity_id":"Q13646","candidates":[]}]],[[{"start":0,"end":14,"url":null,"entity_id":"Q2702504","candidates":[]}],[{"start":0,"end":7,"url":null,"entity_id":"Q31","candidates":[]}],[{"start":0,"end":4,"url":null,"entity_id":"Q13646","candidates":[]}]],[[{"start":0,"end":17,"url":null,"entity_id":"Q5565053","candidates":[]}],[{"start":0,"end":5,"url":null,"entity_id":"Q668","candidates":[]}],[{"start":0,"end":26,"url":null,"entity_id":"Q7567157","candidates":[]}]],[[{"start":0,"end":18,"url":null,"entity_id":"Q5328115","candidates":[]}],[{"start":0,"end":5,"url":null,"entity_id":"Q668","candidates":[]}],[{"start":0,"end":26,"url":null,"entity_id":"Q7567157","candidates":[]}]],[[{"start":0,"end":14,"url":null,"entity_id":"Q5269445","candidates":[]}],[{"start":0,"end":5,"url":null,"entity_id":"Q668","candidates":[]}],[{"start":0,"end":26,"url":null,"entity_id":"Q7567157","candidates":[]}]],[[{"start":0,"end":15,"url":null,"entity_id":"Q5588484","candidates":[]}],[{"start":0,"end":5,"url":null,"entity_id":"Q668","candidates":[]}],[{"start":0,"end":26,"url":null,"entity_id":"Q3595157","candidates":[]}]],[[{"start":0,"end":16,"url":null,"entity_id":"Q5578481","candidates":[]}],[{"start":0,"end":5,"url":null,"entity_id":"Q668","candidates":[]}],[{"start":0,"end":26,"url":null,"entity_id":"Q3595157","candidates":[]}]],[[{"start":0,"end":17,"url":null,"entity_id":"Q5431639","candidates":[]}],[{"start":0,"end":5,"url":null,"entity_id":"Q668","candidates":[]}],[{"start":0,"end":26,"url":null,"entity_id":"Q3595157","candidates":[]}]]]}