{"version":"1.2","table":{"version":"2","table_id":"2BB7MJ4F","columns":[{"index":0,"name":"col0","values":["radon-228","radon-226","radon-225","radon-224","radon-221","radon-218","radon-217","radon-216","radon-215","radon-214","radon-213","radon-212","radon-211","radon-210","radon-209","radon-208","radon-207","radon-206","radon-205","radon-204"]},{"index":1,"name":"col1","values":["228.037835418","226.030861382","225.028485574","224.024095804","221.015535709","218.005601052","217.003927562","216.000271464","214.998745498","213.995362566","212.993885064","211.990703528","210.990600686","209.989688854","208.990401388","207.989634295","206.9907302","205.990195358","204.991723204","203.991443644"]},{"index":2,"name":"col2","values":["142","140","139","138","135","132","131","130","129","128","127","126","125","124","123","122","121","120","119","118"]},{"index":3,"name":"col3","values":["1737735.06","1728088.66","1722230.325","1718248.224","1702007.853","1687047.936","1680535.451","1675869.912","1669220.01","1664299.828","1657604.766","1652496.964","1644521.551","1637299.65","1628564.575","1621207.744","1612115.586","1604542.446","1595048.01","1587237.096"]},{"index":4,"name":"col4","values":["0","0","3.5","0","3.5","0","4.5","0","4.5","0","4.5","0","0.5","0","2.5","0","2.5","0","2.5","0"]},{"index":5,"name":"col5","values":["1","1","-1","1","1","1","1","1","1","1","1","1","-1","1","-1","1","-1","1","-1","1"]}]},"context":{"page_title":null,"page_url":null,"page_entity_id":null,"content_hierarchy":[]},"links":[[[{"start":0,"end":9,"url":null,"entity_id":"Q18888595","candidates":[]}],[],[],[],[],[]],[[{"start":0,"end":9,"url":null,"entity_id":"Q18888594","candidates":[]}],[],[],[],[],[]],[[{"start":0,"end":9,"url":null,"entity_id":"Q18888593","candidates":[]}],[],[],[],[],[]],[[{"start":0,"end":9,"url":null,"entity_id":"Q18888588","candidates":[]}],[],[],[],[],[]],[[{"start":0,"end":9,"url":null,"entity_id":"Q18888586","candidates":[]}],[],[],[],[],[]],[[{"start":0,"end":9,"url":null,"entity_id":"Q18888585","candidates":[]}],[],[],[],[],[]],[[{"start":0,"end":9,"url":null,"entity_id":"Q18888583","candidates":[]}],[],[],[],[],[]],[[{"start":0,"end":9,"url":null,"entity_id":"Q18888582","candidates":[]}],[],[],[],[],[]],[[{"start":0,"end":9,"url":null,"entity_id":"Q18888578","candidates":[]}],[],[],[],[],[]],[[{"start":0,"end":9,"url":null,"entity_id":"Q18888577","candidates":[]}],[],[],[],[],[]],[[{"start":0,"end":9,"url":null,"entity_id":"Q18888575","candidates":[]}],[],[],[],[],[]],[[{"start":0,"end":9,"url":null,"entity_id":"Q18888571","candidates":[]}],[],[],[],[],[]],[[{"start":0,"end":9,"url":null,"entity_id":"Q18888562","candidates":[]}],[],[],[],[],[]],[[{"start":0,"end":9,"url":null,"entity_id":"Q18888555","candidates":[]}],[],[],[],[],[]],[[{"start":0,"end":9,"url":null,"entity_id":"Q18888552","candidates":[]}],[],[],[],[],[]],[[{"start":0,"end":9,"url":null,"entity_id":"Q18888544","candidates":[]}],[],[],[],[],[]],[[{"start":0,"end":9,"url":null,"entity_id":"Q18888541","candidates":[]}],[],[],[],[],[]],[[{"start":0,"end":9,"url":null,"entity_id":"Q18888537","candidates":[]}],[],[],[],[],[]],[[{"start":0,"end":9,"url":null,"entity_id":"Q18888535","candidates":[]}],[],[],[],[],[]],[[{"start":0,"end":9,"url":null,"entity_id":"Q18888599","candidates":[]}],[],[],[],[],[]]]}