{"version":"1.2","table":{"version":"2","table_id":"2BP2M50F","columns":[{"index":0,"name":"col0","values":["Szentlőrinc  District","Komló  District","Szigetvár  District","Mohács  District","Bóly  District","Hegyhát  District","Keszthely District","Zalaszentgrót  District","Balmazújváros District","Hajdúnánás District","Nyíradony District","Biharkeresztes District","Debrecen  District","Kunszentmiklós  District","Tiszakécske  District","Kalocsa  District","Kiskőrös  District","Kiskunmajsa  District","Jánoshalma  District","Kecskemét  District"]},{"index":1,"name":"col1","values":["Szentlőrinc","Komló","Szigetvár","Mohács","Bóly","Sásd","Keszthely","Zalaszentgrót","Balmazújváros","Hajdúnánás","Nyíradony","Biharkeresztes","Debrecen","Kunszentmiklós","Tiszakécske","Kalocsa","Kiskőrös","Kiskunmajsa","Jánoshalma","Kecskemét"]},{"index":2,"name":"col2","values":["15042","36040","25451","35796","12055","12703","49384","15518","29616","29232","29303","31551","220699","29748","23435","51028","54807","19429","17297","156413"]},{"index":3,"name":"col3","values":["Baranya County","Baranya County","Baranya County","Baranya County","Baranya County","Baranya County","Zala County","Zala County","Hajdú-Bihar County","Hajdú-Bihar County","Hajdú-Bihar County","Hajdú-Bihar County","Hajdú-Bihar County","Bács-Kiskun County","Bács-Kiskun County","Bács-Kiskun County","Bács-Kiskun County","Bács-Kiskun County","Bács-Kiskun County","Bács-Kiskun County"]}]},"context":{"page_title":null,"page_url":null,"page_entity_id":null,"content_hierarchy":[]},"links":[[[{"start":0,"end":15,"url":null,"entity_id":"Q1070048","candidates":[]}],[{"start":0,"end":5,"url":null,"entity_id":"Q430207","candidates":[]}],[],[{"start":0,"end":14,"url":null,"entity_id":"Q186195","candidates":[]}]],[[{"start":0,"end":19,"url":null,"entity_id":"Q1070189","candidates":[]}],[{"start":0,"end":9,"url":null,"entity_id":"Q373542","candidates":[]}],[],[{"start":0,"end":14,"url":null,"entity_id":"Q186195","candidates":[]}]],[[{"start":0,"end":16,"url":null,"entity_id":"Q948656","candidates":[]}],[{"start":0,"end":6,"url":null,"entity_id":"Q320798","candidates":[]}],[],[{"start":0,"end":14,"url":null,"entity_id":"Q186195","candidates":[]}]],[[{"start":0,"end":14,"url":null,"entity_id":"Q854943","candidates":[]}],[{"start":0,"end":4,"url":null,"entity_id":"Q284480","candidates":[]}],[],[{"start":0,"end":14,"url":null,"entity_id":"Q186195","candidates":[]}]],[[{"start":0,"end":17,"url":null,"entity_id":"Q3031288","candidates":[]}],[{"start":0,"end":4,"url":null,"entity_id":"Q154540","candidates":[]}],[],[{"start":0,"end":14,"url":null,"entity_id":"Q186195","candidates":[]}]],[[{"start":0,"end":18,"url":null,"entity_id":"Q15075381","candidates":[]}],[{"start":0,"end":9,"url":null,"entity_id":"Q526335","candidates":[]}],[],[{"start":0,"end":11,"url":null,"entity_id":"Q185374","candidates":[]}]],[[{"start":0,"end":23,"url":null,"entity_id":"Q3032008","candidates":[]}],[{"start":0,"end":13,"url":null,"entity_id":"Q379030","candidates":[]}],[],[{"start":0,"end":11,"url":null,"entity_id":"Q185374","candidates":[]}]],[[{"start":0,"end":22,"url":null,"entity_id":"Q15129766","candidates":[]}],[{"start":0,"end":13,"url":null,"entity_id":"Q789510","candidates":[]}],[],[{"start":0,"end":18,"url":null,"entity_id":"Q185368","candidates":[]}]],[[{"start":0,"end":19,"url":null,"entity_id":"Q14425545","candidates":[]}],[{"start":0,"end":10,"url":null,"entity_id":"Q739304","candidates":[]}],[],[{"start":0,"end":18,"url":null,"entity_id":"Q185368","candidates":[]}]],[[{"start":0,"end":18,"url":null,"entity_id":"Q14424877","candidates":[]}],[{"start":0,"end":9,"url":null,"entity_id":"Q375862","candidates":[]}],[],[{"start":0,"end":18,"url":null,"entity_id":"Q185368","candidates":[]}]],[[{"start":0,"end":23,"url":null,"entity_id":"Q18815222","candidates":[]}],[{"start":0,"end":14,"url":null,"entity_id":"Q177042","candidates":[]}],[],[{"start":0,"end":18,"url":null,"entity_id":"Q185368","candidates":[]}]],[[{"start":0,"end":18,"url":null,"entity_id":"Q903107","candidates":[]}],[{"start":0,"end":8,"url":null,"entity_id":"Q79880","candidates":[]}],[],[{"start":0,"end":18,"url":null,"entity_id":"Q185368","candidates":[]}]],[[{"start":0,"end":24,"url":null,"entity_id":"Q1121984","candidates":[]}],[{"start":0,"end":14,"url":null,"entity_id":"Q843018","candidates":[]}],[],[{"start":0,"end":18,"url":null,"entity_id":"Q181018","candidates":[]}]],[[{"start":0,"end":21,"url":null,"entity_id":"Q14427041","candidates":[]}],[{"start":0,"end":11,"url":null,"entity_id":"Q841603","candidates":[]}],[],[{"start":0,"end":18,"url":null,"entity_id":"Q181018","candidates":[]}]],[[{"start":0,"end":17,"url":null,"entity_id":"Q912473","candidates":[]}],[{"start":0,"end":7,"url":null,"entity_id":"Q679249","candidates":[]}],[],[{"start":0,"end":18,"url":null,"entity_id":"Q181018","candidates":[]}]],[[{"start":0,"end":18,"url":null,"entity_id":"Q1070417","candidates":[]}],[{"start":0,"end":8,"url":null,"entity_id":"Q646850","candidates":[]}],[],[{"start":0,"end":18,"url":null,"entity_id":"Q181018","candidates":[]}]],[[{"start":0,"end":21,"url":null,"entity_id":"Q1070041","candidates":[]}],[{"start":0,"end":11,"url":null,"entity_id":"Q629471","candidates":[]}],[],[{"start":0,"end":18,"url":null,"entity_id":"Q181018","candidates":[]}]],[[{"start":0,"end":20,"url":null,"entity_id":"Q1070352","candidates":[]}],[{"start":0,"end":10,"url":null,"entity_id":"Q549427","candidates":[]}],[],[{"start":0,"end":18,"url":null,"entity_id":"Q181018","candidates":[]}]],[[{"start":0,"end":19,"url":null,"entity_id":"Q1070345","candidates":[]}],[{"start":0,"end":9,"url":null,"entity_id":"Q171357","candidates":[]}],[],[{"start":0,"end":18,"url":null,"entity_id":"Q181018","candidates":[]}]],[[{"start":0,"end":21,"url":null,"entity_id":"Q923858","candidates":[]}],[{"start":0,"end":11,"url":null,"entity_id":"Q578343","candidates":[]}],[],[{"start":0,"end":14,"url":null,"entity_id":"Q186195","candidates":[]}]]]}