{"version":"1.2","table":{"version":"2","table_id":"2BTRGJFN","columns":[{"index":0,"name":"col0","values":["TiK oK","I anna Go","Mony for Nothing","Conquest of Parafise","Part qf Me","eacock","carborough Fair","Like a Payer","Smile","Mucille","I'll Gly Aay","Roar","Cray in Love","Califoria Gurls","I Dreamhd a Dream","Mqskau","Georgib on My Mind","Blwe Bayou","Wide Aake","Aml Star"]},{"index":1,"name":"col1","values":["D minor","D minor","G minor","D minor","D minor","D minor","D minor","D minor","D minor","B-flat major","B-flat major","B-flat major","F major","F major","F major","F major","F major","F major","F major","F-sharp major"]},{"index":2,"name":"col2","values":["Dr. Luke","Max Martin","Mark Knopfler","Vangelis","Katy Perry","Katy Perry","Paul Simon","Madonna","Charlie Chaplin","Hal Bynum","Albert E. Brumley","Katy Perry","Beyoncé","Snoop Dogg","Claude-Michel Schönberg","Ralph Siegel","Hoagy Carmichael","Roy Orbison","Katy Perry","Greg Camp"]}]},"context":{"page_title":null,"page_url":null,"page_entity_id":null,"content_hierarchy":[]},"links":[[[{"start":0,"end":6,"url":null,"entity_id":"Q164100","candidates":[]}],[{"start":0,"end":7,"url":null,"entity_id":"Q283903","candidates":[]}],[{"start":0,"end":8,"url":null,"entity_id":"Q350588","candidates":[]}]],[[{"start":0,"end":9,"url":null,"entity_id":"Q179715","candidates":[]}],[{"start":0,"end":7,"url":null,"entity_id":"Q283903","candidates":[]}],[{"start":0,"end":10,"url":null,"entity_id":"Q318223","candidates":[]}]],[[{"start":0,"end":16,"url":null,"entity_id":"Q1165404","candidates":[]}],[{"start":0,"end":7,"url":null,"entity_id":"Q283895","candidates":[]}],[{"start":0,"end":13,"url":null,"entity_id":"Q185343","candidates":[]}]],[[{"start":0,"end":20,"url":null,"entity_id":"Q2789951","candidates":[]}],[{"start":0,"end":7,"url":null,"entity_id":"Q283903","candidates":[]}],[{"start":0,"end":8,"url":null,"entity_id":"Q153172","candidates":[]}]],[[{"start":0,"end":10,"url":null,"entity_id":"Q836630","candidates":[]}],[{"start":0,"end":7,"url":null,"entity_id":"Q283903","candidates":[]}],[{"start":0,"end":10,"url":null,"entity_id":"Q42493","candidates":[]}]],[[{"start":0,"end":6,"url":null,"entity_id":"Q743963","candidates":[]}],[{"start":0,"end":7,"url":null,"entity_id":"Q283903","candidates":[]}],[{"start":0,"end":10,"url":null,"entity_id":"Q42493","candidates":[]}]],[[{"start":0,"end":15,"url":null,"entity_id":"Q1053575","candidates":[]}],[{"start":0,"end":7,"url":null,"entity_id":"Q283903","candidates":[]}],[{"start":0,"end":10,"url":null,"entity_id":"Q4028","candidates":[]}]],[[{"start":0,"end":12,"url":null,"entity_id":"Q1420677","candidates":[]}],[{"start":0,"end":7,"url":null,"entity_id":"Q283903","candidates":[]}],[{"start":0,"end":7,"url":null,"entity_id":"Q1744","candidates":[]}]],[[{"start":0,"end":5,"url":null,"entity_id":"Q1152776","candidates":[]}],[{"start":0,"end":7,"url":null,"entity_id":"Q283903","candidates":[]}],[{"start":0,"end":15,"url":null,"entity_id":"Q882","candidates":[]}]],[[{"start":0,"end":7,"url":null,"entity_id":"Q6697256","candidates":[]}],[{"start":0,"end":12,"url":null,"entity_id":"Q795134","candidates":[]}],[{"start":0,"end":9,"url":null,"entity_id":"Q5640719","candidates":[]}]],[[{"start":0,"end":12,"url":null,"entity_id":"Q5965793","candidates":[]}],[{"start":0,"end":12,"url":null,"entity_id":"Q795134","candidates":[]}],[{"start":0,"end":17,"url":null,"entity_id":"Q2392538","candidates":[]}]],[[{"start":0,"end":4,"url":null,"entity_id":"Q14559271","candidates":[]}],[{"start":0,"end":12,"url":null,"entity_id":"Q795134","candidates":[]}],[{"start":0,"end":10,"url":null,"entity_id":"Q42493","candidates":[]}]],[[{"start":0,"end":12,"url":null,"entity_id":"Q148511","candidates":[]}],[{"start":0,"end":7,"url":null,"entity_id":"Q913790","candidates":[]}],[{"start":0,"end":7,"url":null,"entity_id":"Q36153","candidates":[]}]],[[{"start":0,"end":15,"url":null,"entity_id":"Q155586","candidates":[]}],[{"start":0,"end":7,"url":null,"entity_id":"Q913790","candidates":[]}],[{"start":0,"end":10,"url":null,"entity_id":"Q6096","candidates":[]}]],[[{"start":0,"end":17,"url":null,"entity_id":"Q2454167","candidates":[]}],[{"start":0,"end":7,"url":null,"entity_id":"Q913790","candidates":[]}],[{"start":0,"end":23,"url":null,"entity_id":"Q712004","candidates":[]}]],[[{"start":0,"end":6,"url":null,"entity_id":"Q1519358","candidates":[]}],[{"start":0,"end":7,"url":null,"entity_id":"Q913790","candidates":[]}],[{"start":0,"end":12,"url":null,"entity_id":"Q665856","candidates":[]}]],[[{"start":0,"end":18,"url":null,"entity_id":"Q1420007","candidates":[]}],[{"start":0,"end":7,"url":null,"entity_id":"Q913790","candidates":[]}],[{"start":0,"end":16,"url":null,"entity_id":"Q460662","candidates":[]}]],[[{"start":0,"end":10,"url":null,"entity_id":"Q4928860","candidates":[]}],[{"start":0,"end":7,"url":null,"entity_id":"Q913790","candidates":[]}],[{"start":0,"end":11,"url":null,"entity_id":"Q188426","candidates":[]}]],[[{"start":0,"end":9,"url":null,"entity_id":"Q1987149","candidates":[]}],[{"start":0,"end":7,"url":null,"entity_id":"Q913790","candidates":[]}],[{"start":0,"end":10,"url":null,"entity_id":"Q42493","candidates":[]}]],[[{"start":0,"end":8,"url":null,"entity_id":"Q1404968","candidates":[]}],[{"start":0,"end":13,"url":null,"entity_id":"Q507255","candidates":[]}],[{"start":0,"end":9,"url":null,"entity_id":"Q5605390","candidates":[]}]]]}