[
    {
      "version": 1, 
      "nodes": [
        {
          "abs_uri": "http://www.wikidata.org/entity/Q5", 
          "rel_uri": "wd:Q5", 
          "approximation": false, 
          "readable_label": "human (Q5)", 
          "id": 0
        }, 
        {
          "col_index": 2, 
          "label": "Member", 
          "id": 1
        }, 
        {
          "abs_uri": "http://www.wikidata.org/entity/Q7278", 
          "rel_uri": "wd:Q7278", 
          "approximation": false, 
          "readable_label": "political party (Q7278)", 
          "id": 2
        }, 
        {
          "col_index": 3, 
          "label": "Party", 
          "id": 3
        }, 
        {
          "col_index": 0, 
          "label": "", 
          "id": 4
        }, 
        {
          "col_index": 1, 
          "label": "Electoral district", 
          "id": 5
        }, 
        {
          "value": "http://www.wikidata.org/entity/Q4553635", 
          "readable_label": "17th Saskatchewan Legislature (Q4553635)", 
          "is_in_context": true, 
          "datatype": "entity-id", 
          "id": 6
        }, 
        {
          "abs_uri": "http://wikiba.se/ontology#Statement", 
          "rel_uri": "wikibase:Statement", 
          "approximation": false, 
          "readable_label": "wikibase:Statement", 
          "id": 7
        }, 
        {
          "abs_uri": "http://www.wikidata.org/entity/Q6596424", 
          "rel_uri": "wd:Q6596424", 
          "approximation": false, 
          "readable_label": "provincial electoral district of Saskatchewan (Q6596424)", 
          "id": 8
        }, 
        {
          "value": "http://www.wikidata.org/entity/Q18675661", 
          "readable_label": "Member of the Legislative Assembly of Saskatchewan (Q18675661)", 
          "is_in_context": false, 
          "datatype": "entity-id", 
          "id": 9
        }
      ], 
      "edges": [
        {
          "source": 0, 
          "target": 1, 
          "abs_uri": "http://www.w3.org/2000/01/rdf-schema#label", 
          "rel_uri": "rdfs:label", 
          "approximation": false, 
          "readable_label": "rdfs:label", 
          "id": 0
        }, 
        {
          "source": 0, 
          "target": 7, 
          "abs_uri": "http://www.wikidata.org/prop/P39", 
          "rel_uri": "p:P39", 
          "approximation": false, 
          "readable_label": "position held (P39)", 
          "id": 1
        }, 
        {
          "source": 0, 
          "target": 2, 
          "abs_uri": "http://www.wikidata.org/prop/P102", 
          "rel_uri": "p:P102", 
          "approximation": false, 
          "readable_label": "member of political party (P102)", 
          "id": 2
        }, 
        {
          "source": 2, 
          "target": 3, 
          "abs_uri": "http://www.w3.org/2000/01/rdf-schema#label", 
          "rel_uri": "rdfs:label", 
          "approximation": false, 
          "readable_label": "rdfs:label", 
          "id": 3
        }, 
        {
          "source": 7, 
          "target": 8, 
          "abs_uri": "http://www.wikidata.org/prop/P768", 
          "rel_uri": "p:P768", 
          "approximation": false, 
          "readable_label": "electoral district (P768)", 
          "id": 4
        }, 
        {
          "source": 7, 
          "target": 6, 
          "abs_uri": "http://www.wikidata.org/prop/P2937", 
          "rel_uri": "p:P2937", 
          "approximation": false, 
          "readable_label": "parliamentary term (P2937)", 
          "id": 5
        }, 
        {
          "source": 7, 
          "target": 9, 
          "abs_uri": "http://www.wikidata.org/prop/P39", 
          "rel_uri": "p:P39", 
          "approximation": false, 
          "readable_label": "position held (P39)", 
          "id": 6
        }, 
        {
          "source": 8, 
          "target": 5, 
          "abs_uri": "http://www.w3.org/2000/01/rdf-schema#label", 
          "rel_uri": "rdfs:label", 
          "approximation": false, 
          "readable_label": "rdfs:label", 
          "id": 7
        }
      ]
    }
  ]