[{"version":1,"nodes":[{"col_index":0,"label":"col0","id":0},{"col_index":1,"label":"col1","id":1},{"col_index":2,"label":"col2","id":2},{"abs_uri":"http://www.wikidata.org/entity/Q7944","rel_uri":"wd:Q7944","approximation":false,"readable_label":"earthquake (Q7944)","id":3}],"edges":[{"source":3,"target":0,"abs_uri":"http://www.w3.org/2000/01/rdf-schema#label","rel_uri":"rdfs:label","approximation":false,"readable_label":"rdfs:label","id":0},{"source":3,"target":1,"abs_uri":"http://www.wikidata.org/prop/P2528","rel_uri":"p:P2528","approximation":false,"readable_label":"earthquake magnitude on the Richter magnitude scale (P2528)","id":1},{"source":3,"target":2,"abs_uri":"http://www.wikidata.org/prop/P1120","rel_uri":"p:P1120","approximation":false,"readable_label":"number of deaths (P1120)","id":2}]}]