[{"version":1,"nodes":[{"col_index":0,"label":"col0","id":0},{"col_index":1,"label":"col1","id":1},{"col_index":2,"label":"col2","id":2},{"abs_uri":"http://www.wikidata.org/entity/Q23058","rel_uri":"wd:Q23058","approximation":false,"readable_label":"canton of Switzerland (Q23058)","id":3}],"edges":[{"source":3,"target":0,"abs_uri":"http://www.w3.org/2000/01/rdf-schema#label","rel_uri":"rdfs:label","approximation":false,"readable_label":"rdfs:label","id":0},{"source":3,"target":1,"abs_uri":"http://www.wikidata.org/prop/P1082","rel_uri":"p:P1082","approximation":false,"readable_label":"population (P1082)","id":1},{"source":3,"target":2,"abs_uri":"http://www.wikidata.org/prop/P1342","rel_uri":"p:P1342","approximation":false,"readable_label":"number of seats (P1342)","id":2}]}]