[{"version":1,"nodes":[{"col_index":0,"label":"col0","id":0},{"col_index":1,"label":"col1","id":1},{"col_index":2,"label":"col2","id":2},{"col_index":3,"label":"col3","id":3},{"col_index":4,"label":"col4","id":4},{"abs_uri":"http://www.wikidata.org/entity/Q15584664","rel_uri":"wd:Q15584664","approximation":false,"readable_label":"city under municipality jurisdiction in Latvia (Q15584664)","id":5},{"abs_uri":"http://www.wikidata.org/entity/Q3345345","rel_uri":"wd:Q3345345","approximation":false,"readable_label":"municipality of Latvia (Q3345345)","id":6}],"edges":[{"source":5,"target":0,"abs_uri":"http://www.w3.org/2000/01/rdf-schema#label","rel_uri":"rdfs:label","approximation":false,"readable_label":"rdfs:label","id":0},{"source":6,"target":2,"abs_uri":"http://www.w3.org/2000/01/rdf-schema#label","rel_uri":"rdfs:label","approximation":false,"readable_label":"rdfs:label","id":1},{"source":5,"target":6,"abs_uri":"http://www.wikidata.org/prop/P131","rel_uri":"p:P131","approximation":false,"readable_label":"located in the administrative territorial entity (P131)","id":2},{"source":5,"target":1,"abs_uri":"http://www.wikidata.org/prop/P1082","rel_uri":"p:P1082","approximation":false,"readable_label":"population (P1082)","id":3},{"source":5,"target":3,"abs_uri":"http://www.wikidata.org/prop/P571","rel_uri":"p:P571","approximation":false,"readable_label":"inception (P571)","id":4},{"source":5,"target":4,"abs_uri":"http://www.wikidata.org/prop/P2044","rel_uri":"p:P2044","approximation":false,"readable_label":"elevation above sea level (P2044)","id":5}]}]