[{"version":1,"nodes":[{"col_index":0,"label":"col0","id":0},{"col_index":1,"label":"col1","id":1},{"col_index":2,"label":"col2","id":2},{"col_index":3,"label":"col3","id":3},{"abs_uri":"http://www.wikidata.org/entity/Q3863","rel_uri":"wd:Q3863","approximation":false,"readable_label":"asteroid (Q3863)","id":4}],"edges":[{"source":4,"target":0,"abs_uri":"http://www.w3.org/2000/01/rdf-schema#label","rel_uri":"rdfs:label","approximation":false,"readable_label":"rdfs:label","id":0},{"source":4,"target":1,"abs_uri":"http://www.wikidata.org/prop/P1215","rel_uri":"p:P1215","approximation":false,"readable_label":"apparent magnitude (P1215)","id":1},{"source":4,"target":2,"abs_uri":"http://www.wikidata.org/prop/P2248","rel_uri":"p:P2248","approximation":false,"readable_label":"argument of periapsis (P2248)","id":2},{"source":4,"target":3,"abs_uri":"http://www.wikidata.org/prop/P2045","rel_uri":"p:P2045","approximation":false,"readable_label":"orbital inclination (P2045)","id":3}]}]