[{"version":1,"nodes":[{"col_index":0,"label":"col0","id":0},{"col_index":1,"label":"col1","id":1},{"col_index":2,"label":"col2","id":2},{"abs_uri":"http://www.wikidata.org/entity/Q7241458","rel_uri":"wd:Q7241458","approximation":false,"readable_label":"presidential proclamation (United States) (Q7241458)","id":3},{"abs_uri":"http://www.wikidata.org/entity/Q50424085","rel_uri":"wd:Q50424085","approximation":false,"readable_label":"copyright status (Q50424085)","id":4}],"edges":[{"source":3,"target":0,"abs_uri":"http://www.w3.org/2000/01/rdf-schema#label","rel_uri":"rdfs:label","approximation":false,"readable_label":"rdfs:label","id":0},{"source":4,"target":1,"abs_uri":"http://www.w3.org/2000/01/rdf-schema#label","rel_uri":"rdfs:label","approximation":false,"readable_label":"rdfs:label","id":1},{"source":3,"target":4,"abs_uri":"http://www.wikidata.org/prop/P275","rel_uri":"p:P275","approximation":false,"readable_label":"copyright license (P275)","id":2},{"source":3,"target":2,"abs_uri":"http://www.wikidata.org/prop/P585","rel_uri":"p:P585","approximation":false,"readable_label":"point in time (P585)","id":3}]}]