{"version":"1.2","table":{"version":"2","table_id":"SW8BX6F4","columns":[{"index":0,"name":"col0","values":["[VV2006] J140406.0+525410","[VV2006] J141659.8+535807","[VV2006] J133602.4+541824","[VV2006] J135209.8+534824","6C 132806+543014","[VV2006] J103015.9+132804","[VV2006] J163632.1+451358","[VV2006] J165328.0+293945","2MASS J14492560+0802079","[VV2006] J145141.4-020627","[CC91] 103521.6+040559","[VV2006] J145401.5+000822","[VV2006] J144943.6+041047","[VV2006] J092341.5+571555","[VV2006] J161335.4+263127","[VV2006] J092931.1+581900","[VV2006] J111106.9+615523","[VV2006] J142352.0-000705","[VV2006] J114049.8-033435","2MASS J14363195+3438292"]},{"index":1,"name":"col1","values":["0.046","-0.453","-0.166","-0.28","-0.285","0.05","-0.053","-0.34","-2","-0.575","-0.184","-0.639","-1.323","-0.563","-0.344","-0.28","0.063","-0.145","-0.276","-0.152"]},{"index":2,"name":"col2","values":["148579","148316","255175","152635","162867","153897","243997","157909","138893","153536","162603","146089","152688","155358","146825","139835","205997","142978","245095","87159"]},{"index":3,"name":"col3","values":["0","0.7193","2.526792","0.75341","0.83818","0.76343","2.121864","0.79608","0.6512","0.76055","0.83589","0.70321","0.75383","0.77518","0.70871","0.65783","1.32217","0.68034","2.15624","0.349"]},{"index":4,"name":"col4","values":["2148","353","197","119","52","241","415","138","337","137","40","319","337","149","82","234","74","367","73","1870"]},{"index":5,"name":"col5","values":["18.51","18.43","18.2","18.58","18.58","18.54","18.11","18.16","16.48","18.56","18.65","18.83","19","18.29","18.61","18.68","19.01","18.94","19.1","14.794"]}]},"context":{"page_title":null,"page_url":null,"page_entity_id":null,"content_hierarchy":[]},"links":[[[{"start":0,"end":25,"url":null,"entity_id":"Q77698887","candidates":[]}],[],[],[],[],[]],[[{"start":0,"end":25,"url":null,"entity_id":"Q77698806","candidates":[]}],[],[],[],[],[]],[[{"start":0,"end":25,"url":null,"entity_id":"Q77693332","candidates":[]}],[],[],[],[],[]],[[{"start":0,"end":25,"url":null,"entity_id":"Q77692677","candidates":[]}],[],[],[],[],[]],[[{"start":0,"end":16,"url":null,"entity_id":"Q77692079","candidates":[]}],[],[],[],[],[]],[[{"start":0,"end":25,"url":null,"entity_id":"Q77376704","candidates":[]}],[],[],[],[],[]],[[{"start":0,"end":25,"url":null,"entity_id":"Q77477064","candidates":[]}],[],[],[],[],[]],[[{"start":0,"end":25,"url":null,"entity_id":"Q76886632","candidates":[]}],[],[],[],[],[]],[[{"start":0,"end":23,"url":null,"entity_id":"Q75803307","candidates":[]}],[],[],[],[],[]],[[{"start":0,"end":25,"url":null,"entity_id":"Q75801563","candidates":[]}],[],[],[],[],[]],[[{"start":0,"end":22,"url":null,"entity_id":"Q77384311","candidates":[]}],[],[],[],[],[]],[[{"start":0,"end":25,"url":null,"entity_id":"Q75787930","candidates":[]}],[],[],[],[],[]],[[{"start":0,"end":25,"url":null,"entity_id":"Q75787108","candidates":[]}],[],[],[],[],[]],[[{"start":0,"end":25,"url":null,"entity_id":"Q75398295","candidates":[]}],[],[],[],[],[]],[[{"start":0,"end":25,"url":null,"entity_id":"Q76890902","candidates":[]}],[],[],[],[],[]],[[{"start":0,"end":25,"url":null,"entity_id":"Q75397073","candidates":[]}],[],[],[],[],[]],[[{"start":0,"end":25,"url":null,"entity_id":"Q75396115","candidates":[]}],[],[],[],[],[]],[[{"start":0,"end":25,"url":null,"entity_id":"Q75201366","candidates":[]}],[],[],[],[],[]],[[{"start":0,"end":25,"url":null,"entity_id":"Q75287215","candidates":[]}],[],[],[],[],[]],[[{"start":0,"end":23,"url":null,"entity_id":"Q75195333","candidates":[]}],[],[],[],[],[]]]}