{"version":"1.2","table":{"version":"2","table_id":"SWI7L14Q","columns":[{"index":0,"name":"col0","values":["hmdingen","innhansa","Stuttgart (ship, 1:60)","Königin Latharina","Konstantin Simonov\"(ship)","Ocean Diva (ship,1995)","Maioau","Petr Pan","MS Stena Germanifa","Jens\"Albrecht III","Lavanese Prince","MV Corinthlan","Runghlt","Helgoland (ship/ 1972)","Noa Star","annsee","Herrschin","Romandie I (shi, 1952)","Louisicna Star (ship, 1999)","MV Ark Futxsa"]},{"index":1,"name":"col1","values":["30.256","181.719","57.395399999999995","52.86299999999999","128.01760000000002","85.45","28.884","191.32224999999997","189.4298","26.606","134.78055","89.09469999999999","17.675","77.10119999999999","159.873","44.772749999999995","54.54","19.597499999999997","56.391999999999996","184.93099999999998"]},{"index":2,"name":"col2","values":["6.4675","29.187299999999997","12.6252","9.8802","16.71","16.6332","6.1752","29.795","28.5565","5.858","18.45461","15.3","5.353","12.084","25.7024","8.09424","13.874","5.5","11.64948","25.4016"]},{"index":3,"name":"col3","values":["299.1","113.658","1000.9999999999999","503.0","297.702","1507.4999999999998","302.4","746.976","443.96","251.0","12.096","110.334","49.85","1205.9999999999998","1215.0","302.4","399.2","131.04","505.0","12.059999999999999"]}]},"context":{"page_title":null,"page_url":null,"page_entity_id":null,"content_hierarchy":[]},"links":[[[{"start":0,"end":8,"url":null,"entity_id":"Q2474108","candidates":[]}],[],[],[]],[[{"start":0,"end":8,"url":null,"entity_id":"Q2449769","candidates":[]}],[],[],[]],[[{"start":0,"end":22,"url":null,"entity_id":"Q2359468","candidates":[]}],[],[],[]],[[{"start":0,"end":17,"url":null,"entity_id":"Q1796025","candidates":[]}],[],[],[]],[[{"start":0,"end":25,"url":null,"entity_id":"Q1782770","candidates":[]}],[],[],[]],[[{"start":0,"end":22,"url":null,"entity_id":"Q1746051","candidates":[]}],[],[],[]],[[{"start":0,"end":6,"url":null,"entity_id":"Q1724629","candidates":[]}],[],[],[]],[[{"start":0,"end":8,"url":null,"entity_id":"Q1712123","candidates":[]}],[],[],[]],[[{"start":0,"end":18,"url":null,"entity_id":"Q1691246","candidates":[]}],[],[],[]],[[{"start":0,"end":17,"url":null,"entity_id":"Q1687109","candidates":[]}],[],[],[]],[[{"start":0,"end":15,"url":null,"entity_id":"Q1684203","candidates":[]}],[],[],[]],[[{"start":0,"end":13,"url":null,"entity_id":"Q1675395","candidates":[]}],[],[],[]],[[{"start":0,"end":7,"url":null,"entity_id":"Q1632547","candidates":[]}],[],[],[]],[[{"start":0,"end":22,"url":null,"entity_id":"Q1602434","candidates":[]}],[],[],[]],[[{"start":0,"end":8,"url":null,"entity_id":"Q16001044","candidates":[]}],[],[],[]],[[{"start":0,"end":6,"url":null,"entity_id":"Q15853630","candidates":[]}],[],[],[]],[[{"start":0,"end":9,"url":null,"entity_id":"Q15815444","candidates":[]}],[],[],[]],[[{"start":0,"end":22,"url":null,"entity_id":"Q15732447","candidates":[]}],[],[],[]],[[{"start":0,"end":27,"url":null,"entity_id":"Q15725873","candidates":[]}],[],[],[]],[[{"start":0,"end":13,"url":null,"entity_id":"Q15621889","candidates":[]}],[],[],[]]]}