{"version":"1.2","table":{"version":"2","table_id":"SYPH7U77","columns":[{"index":0,"name":"col0","values":["Avro 529","Braemar","DH.77","JA3","SPCA 80","Microjet 200","SNCAO 200","PA-22","S.251 Antilope","CANT Z.1010 Balilla","Adamoli-Cattani","Ca.60 Transaereo","HK-1","ACAZ C.2","Stout 3-AT","Beecraft Honey Bee","Beecraft Wee Bee","Model 236","XP-4","YF-22"]},{"index":1,"name":"col1","values":["1917-04-01","1918-08-13","1929-07-11","1938-01-01","1932-03-30","1980-06-24","1939-01-31","1941-10-18","1962-11-07","1935-08-14","1918-01-01","1921-03-02","1954-08-01","1926-01-01","1926-01-01","1952-07-12","1948-01-01","1933-02-01","1927-01-01","1990-09-29"]},{"index":2,"name":"col2","values":["United Kingdom","United Kingdom","United Kingdom","United Kingdom","France","France","France","France","France","Italy","Italy","Italy","Finland","Belgium","United States of America","United States of America","United States of America","United States of America","United States of America","United States of America"]}]},"context":{"page_title":null,"page_url":null,"page_entity_id":null,"content_hierarchy":[]},"links":[[[{"start":0,"end":8,"url":null,"entity_id":"Q791419","candidates":[]}],[],[{"start":0,"end":14,"url":null,"entity_id":"Q145","candidates":[]}]],[[{"start":0,"end":7,"url":null,"entity_id":"Q678961","candidates":[]}],[],[{"start":0,"end":14,"url":null,"entity_id":"Q145","candidates":[]}]],[[{"start":0,"end":5,"url":null,"entity_id":"Q616154","candidates":[]}],[],[{"start":0,"end":14,"url":null,"entity_id":"Q145","candidates":[]}]],[[{"start":0,"end":3,"url":null,"entity_id":"Q613534","candidates":[]}],[],[{"start":0,"end":14,"url":null,"entity_id":"Q145","candidates":[]}]],[[{"start":0,"end":7,"url":null,"entity_id":"Q1027368","candidates":[]}],[],[{"start":0,"end":6,"url":null,"entity_id":"Q142","candidates":[]}]],[[{"start":0,"end":12,"url":null,"entity_id":"Q687084","candidates":[]}],[],[{"start":0,"end":6,"url":null,"entity_id":"Q142","candidates":[]}]],[[{"start":0,"end":9,"url":null,"entity_id":"Q552714","candidates":[]}],[],[{"start":0,"end":6,"url":null,"entity_id":"Q142","candidates":[]}]],[[{"start":0,"end":5,"url":null,"entity_id":"Q183305","candidates":[]}],[],[{"start":0,"end":6,"url":null,"entity_id":"Q142","candidates":[]}]],[[{"start":0,"end":14,"url":null,"entity_id":"Q172687","candidates":[]}],[],[{"start":0,"end":6,"url":null,"entity_id":"Q142","candidates":[]}]],[[{"start":0,"end":19,"url":null,"entity_id":"Q3648499","candidates":[]}],[],[{"start":0,"end":5,"url":null,"entity_id":"Q38","candidates":[]}]],[[{"start":0,"end":15,"url":null,"entity_id":"Q2824064","candidates":[]}],[],[{"start":0,"end":5,"url":null,"entity_id":"Q38","candidates":[]}]],[[{"start":0,"end":16,"url":null,"entity_id":"Q289764","candidates":[]}],[],[{"start":0,"end":5,"url":null,"entity_id":"Q38","candidates":[]}]],[[{"start":0,"end":4,"url":null,"entity_id":"Q11861975","candidates":[]}],[],[{"start":0,"end":7,"url":null,"entity_id":"Q33","candidates":[]}]],[[{"start":0,"end":8,"url":null,"entity_id":"Q130115","candidates":[]}],[],[{"start":0,"end":7,"url":null,"entity_id":"Q31","candidates":[]}]],[[{"start":0,"end":10,"url":null,"entity_id":"Q7620607","candidates":[]}],[],[{"start":0,"end":24,"url":null,"entity_id":"Q30","candidates":[]}]],[[{"start":0,"end":18,"url":null,"entity_id":"Q4879712","candidates":[]}],[],[{"start":0,"end":24,"url":null,"entity_id":"Q30","candidates":[]}]],[[{"start":0,"end":16,"url":null,"entity_id":"Q4879710","candidates":[]}],[],[{"start":0,"end":24,"url":null,"entity_id":"Q30","candidates":[]}]],[[{"start":0,"end":9,"url":null,"entity_id":"Q2908560","candidates":[]}],[],[{"start":0,"end":24,"url":null,"entity_id":"Q30","candidates":[]}]],[[{"start":0,"end":4,"url":null,"entity_id":"Q2908555","candidates":[]}],[],[{"start":0,"end":24,"url":null,"entity_id":"Q30","candidates":[]}]],[[{"start":0,"end":5,"url":null,"entity_id":"Q1957486","candidates":[]}],[],[{"start":0,"end":24,"url":null,"entity_id":"Q30","candidates":[]}]]]}