{"version":"1.2","table":{"version":"2","table_id":"SZE6BHH2","columns":[{"index":0,"name":"col0","values":["El Nido","Brooke's Point","Naujan","Mansalay","San Jose","Sablayan","Mamburao","Abra de Ilog","Boac","Teresa","Cainta","Angono","Unisan","Tiaong","Sariaya","San Narciso","Lubuagan","Jaen","Del Carmen","La Paz"]},{"index":1,"name":"col1","values":["609","52","9","18","9","10","9","23","17","46","12","11","4","47","197","21","816","25","10","91"]},{"index":2,"name":"col2","values":["290343349.24","291086034.37","233898767.05","154936645.66","307944122.94","426370654.58","132318636.29","135705287.18","151820774.29","139661233","925911478.91","283464815.44","79013542.94","199834328.54","290454112.97","125711643.45","66844015.33","137131188.39","69358360.57","61203688.67"]},{"index":3,"name":"col3","values":["923.26","1303.4","503.1","446.62","446.7","2188.8","283.51","533.7","212.7","18.61","42.99","26.22","124.15","168.38","212.16","263.58","234.2","85.46","151.68","51.41"]},{"index":4,"name":"col4","values":["41606","66374","102998","54533","143430","83169","42975","31306","54730","57755","322128","113283","26884","99712","148980","48461","8733","73184","18392","15437"]},{"index":5,"name":"col5","values":["27679","42539","61503","28728","79863","45454","28550","18897","34007","40027","170015","76349","17446","57355","86884","29815","7872","50734","8255","10168"]}]},"context":{"page_title":null,"page_url":null,"page_entity_id":null,"content_hierarchy":[]},"links":[[[{"start":0,"end":7,"url":null,"entity_id":"Q111483","candidates":[]}],[],[],[],[],[]],[[{"start":0,"end":14,"url":null,"entity_id":"Q111386","candidates":[]}],[],[],[],[],[]],[[{"start":0,"end":6,"url":null,"entity_id":"Q107573","candidates":[]}],[],[],[],[],[]],[[{"start":0,"end":8,"url":null,"entity_id":"Q107567","candidates":[]}],[],[],[],[],[]],[[{"start":0,"end":8,"url":null,"entity_id":"Q107511","candidates":[]}],[],[],[],[],[]],[[{"start":0,"end":8,"url":null,"entity_id":"Q107505","candidates":[]}],[],[],[],[],[]],[[{"start":0,"end":8,"url":null,"entity_id":"Q107488","candidates":[]}],[],[],[],[],[]],[[{"start":0,"end":12,"url":null,"entity_id":"Q107454","candidates":[]}],[],[],[],[],[]],[[{"start":0,"end":4,"url":null,"entity_id":"Q107011","candidates":[]}],[],[],[],[],[]],[[{"start":0,"end":6,"url":null,"entity_id":"Q106848","candidates":[]}],[],[],[],[],[]],[[{"start":0,"end":6,"url":null,"entity_id":"Q106790","candidates":[]}],[],[],[],[],[]],[[{"start":0,"end":6,"url":null,"entity_id":"Q106758","candidates":[]}],[],[],[],[],[]],[[{"start":0,"end":6,"url":null,"entity_id":"Q104099","candidates":[]}],[],[],[],[],[]],[[{"start":0,"end":6,"url":null,"entity_id":"Q104092","candidates":[]}],[],[],[],[],[]],[[{"start":0,"end":7,"url":null,"entity_id":"Q104078","candidates":[]}],[],[],[],[],[]],[[{"start":0,"end":11,"url":null,"entity_id":"Q104071","candidates":[]}],[],[],[],[],[]],[[{"start":0,"end":8,"url":null,"entity_id":"Q35858","candidates":[]}],[],[],[],[],[]],[[{"start":0,"end":4,"url":null,"entity_id":"Q30871","candidates":[]}],[],[],[],[],[]],[[{"start":0,"end":10,"url":null,"entity_id":"Q28735","candidates":[]}],[],[],[],[],[]],[[{"start":0,"end":6,"url":null,"entity_id":"Q28124","candidates":[]}],[],[],[],[],[]]]}