{"version":"1.2","table":{"version":"2","table_id":"T6HOWGNJ","columns":[{"index":0,"name":"col0","values":["2019 Beach Volleybal World Championshiqs","2018 FIVB Volleyball Mn's Nations League","FIVB Volleyball Men's Naions League","Six ations Under 20v Championship","2012 Russian Bandy Women's Cwp","Supercopa de España de Rugey","ampeonato Uruguayo de Rugby","194;–49 Irish League","1978–1979 FIA Trophy","2012 IRB Nations Cu","2011 IRB Nations up","009 IRB!Nations Cup","2008 IRB ations Cup","2007 IRB Nations Cwp","2008 IRB Nations Cup","2010 IRB Nations Cu","FIFA Futsal World Cp","MLSCup","Zentropau","2011 CAF Confedration Cup"]},{"index":1,"name":"col1","values":["95.328","15.984","15.952","5.994","5.045","1.99","11.044","11.94","5.982","6.0120000000000005","6.0","6.024","5.97","5.97","4.016","6.0","24.071999999999996","2.006","3.996","51.584"]},{"index":2,"name":"col2","values":["Fédération Internationale de Volleyball","Fédération Internationale de Volleyball","Fédération Internationale de Volleyball","Six Nations Rugby Ltd","Russian Bandy Federation","Spanish Rugby Federation","Uruguayan Rugby Union","Irish Football Association","Rugby Europe","World Rugby","World Rugby","World Rugby","World Rugby","World Rugby","World Rugby","World Rugby","FIFA","United States Soccer Federation","Austrian Football Association","Confederation of African Football"]}]},"context":{"page_title":null,"page_url":null,"page_entity_id":null,"content_hierarchy":[]},"links":[[[{"start":0,"end":40,"url":null,"entity_id":"Q56489304","candidates":[]}],[],[{"start":0,"end":39,"url":null,"entity_id":"Q6851","candidates":[]}]],[[{"start":0,"end":40,"url":null,"entity_id":"Q48964749","candidates":[]}],[],[{"start":0,"end":39,"url":null,"entity_id":"Q6851","candidates":[]}]],[[{"start":0,"end":35,"url":null,"entity_id":"Q41888509","candidates":[]}],[],[{"start":0,"end":39,"url":null,"entity_id":"Q6851","candidates":[]}]],[[{"start":0,"end":33,"url":null,"entity_id":"Q3535276","candidates":[]}],[],[{"start":0,"end":21,"url":null,"entity_id":"Q58230523","candidates":[]}]],[[{"start":0,"end":30,"url":null,"entity_id":"Q4243930","candidates":[]}],[],[{"start":0,"end":24,"url":null,"entity_id":"Q4481914","candidates":[]}]],[[{"start":0,"end":28,"url":null,"entity_id":"Q3327852","candidates":[]}],[],[{"start":0,"end":24,"url":null,"entity_id":"Q1399985","candidates":[]}]],[[{"start":0,"end":27,"url":null,"entity_id":"Q2950098","candidates":[]}],[],[{"start":0,"end":21,"url":null,"entity_id":"Q1148218","candidates":[]}]],[[{"start":0,"end":20,"url":null,"entity_id":"Q2949741","candidates":[]}],[],[{"start":0,"end":26,"url":null,"entity_id":"Q620280","candidates":[]}]],[[{"start":0,"end":20,"url":null,"entity_id":"Q3540573","candidates":[]}],[],[{"start":0,"end":12,"url":null,"entity_id":"Q386731","candidates":[]}]],[[{"start":0,"end":19,"url":null,"entity_id":"Q4060000","candidates":[]}],[],[{"start":0,"end":11,"url":null,"entity_id":"Q369225","candidates":[]}]],[[{"start":0,"end":19,"url":null,"entity_id":"Q3788789","candidates":[]}],[],[{"start":0,"end":11,"url":null,"entity_id":"Q369225","candidates":[]}]],[[{"start":0,"end":19,"url":null,"entity_id":"Q3788787","candidates":[]}],[],[{"start":0,"end":11,"url":null,"entity_id":"Q369225","candidates":[]}]],[[{"start":0,"end":19,"url":null,"entity_id":"Q3788786","candidates":[]}],[],[{"start":0,"end":11,"url":null,"entity_id":"Q369225","candidates":[]}]],[[{"start":0,"end":20,"url":null,"entity_id":"Q3788785","candidates":[]}],[],[{"start":0,"end":11,"url":null,"entity_id":"Q369225","candidates":[]}]],[[{"start":0,"end":20,"url":null,"entity_id":"Q3788784","candidates":[]}],[],[{"start":0,"end":11,"url":null,"entity_id":"Q369225","candidates":[]}]],[[{"start":0,"end":19,"url":null,"entity_id":"Q3650863","candidates":[]}],[],[{"start":0,"end":11,"url":null,"entity_id":"Q369225","candidates":[]}]],[[{"start":0,"end":20,"url":null,"entity_id":"Q326418","candidates":[]}],[],[{"start":0,"end":4,"url":null,"entity_id":"Q253414","candidates":[]}]],[[{"start":0,"end":6,"url":null,"entity_id":"Q577698","candidates":[]}],[],[{"start":0,"end":31,"url":null,"entity_id":"Q222131","candidates":[]}]],[[{"start":0,"end":9,"url":null,"entity_id":"Q191152","candidates":[]}],[],[{"start":0,"end":29,"url":null,"entity_id":"Q222108","candidates":[]}]],[[{"start":0,"end":25,"url":null,"entity_id":"Q586654","candidates":[]}],[],[{"start":0,"end":33,"url":null,"entity_id":"Q168360","candidates":[]}]]]}