{"version":"1.2","table":{"version":"2","table_id":"T7UTODQK","columns":[{"index":0,"name":"col0","values":["Type 96 tank","BM Oplot","Ramses II tank","Sabra","M-84","Challenger 1","MBT-70","Stridsvagn 103","Type 99 tank","Type 90 Tank","Arjun","Centurion tank","K2 Black Panther","Al-Khalid tank","T-84","T-64","AMX-56 Leclerc","T-80","T-90","VT tank"]},{"index":1,"name":"col1","values":["3.45","3.8","3.42","3.63","3.6","3.51","3510","3.63","3372","3.43","4","3.38","3.6","3.5","3.78","3.38","3.6","3.6","3.78","3540"]},{"index":2,"name":"col2","values":["2.3","2.3","2.4","3.27","2.22","2.95","2210","2.14","2200","2.34","2","2.94","2.5","2.4","2.3","2.2","2.5","2.2","2.22","2040"]}]},"context":{"page_title":null,"page_url":null,"page_entity_id":null,"content_hierarchy":[]},"links":[[[{"start":0,"end":12,"url":null,"entity_id":"Q8139673","candidates":[]}],[],[]],[[{"start":0,"end":8,"url":null,"entity_id":"Q4073968","candidates":[]}],[],[]],[[{"start":0,"end":14,"url":null,"entity_id":"Q2007972","candidates":[]}],[],[]],[[{"start":0,"end":5,"url":null,"entity_id":"Q1423875","candidates":[]}],[],[]],[[{"start":0,"end":4,"url":null,"entity_id":"Q746774","candidates":[]}],[],[]],[[{"start":0,"end":12,"url":null,"entity_id":"Q722813","candidates":[]}],[],[]],[[{"start":0,"end":6,"url":null,"entity_id":"Q707466","candidates":[]}],[],[]],[[{"start":0,"end":14,"url":null,"entity_id":"Q684337","candidates":[]}],[],[]],[[{"start":0,"end":12,"url":null,"entity_id":"Q645845","candidates":[]}],[],[]],[[{"start":0,"end":12,"url":null,"entity_id":"Q614530","candidates":[]}],[],[]],[[{"start":0,"end":5,"url":null,"entity_id":"Q512263","candidates":[]}],[],[]],[[{"start":0,"end":14,"url":null,"entity_id":"Q504320","candidates":[]}],[],[]],[[{"start":0,"end":16,"url":null,"entity_id":"Q495177","candidates":[]}],[],[]],[[{"start":0,"end":14,"url":null,"entity_id":"Q429898","candidates":[]}],[],[]],[[{"start":0,"end":4,"url":null,"entity_id":"Q373788","candidates":[]}],[],[]],[[{"start":0,"end":4,"url":null,"entity_id":"Q270697","candidates":[]}],[],[]],[[{"start":0,"end":14,"url":null,"entity_id":"Q242398","candidates":[]}],[],[]],[[{"start":0,"end":4,"url":null,"entity_id":"Q237135","candidates":[]}],[],[]],[[{"start":0,"end":4,"url":null,"entity_id":"Q192757","candidates":[]}],[],[]],[[{"start":0,"end":7,"url":null,"entity_id":"Q112976","candidates":[]}],[],[]]]}