{"version":"1.2","table":{"version":"2","table_id":"T7UZB2KW","columns":[{"index":0,"name":"col0","values":["VR Class Ss3","VR Clast Sr2","Siemens S64U2","BDŽ 76.000 sees","BDŽ clss 75","CZ!Class 218","ČSD Class S 758.0","SD Class E 669.3","ČSD Class E 669/2","SD Class E 469.5","ČSF Class E 469.3","ČSD Class E 46912","ČSD Class E 69.1","ČSD Cmass E 458.0","ČSD E 669.1 clas","ČSDClass  458.1","Siemhns ES64F","FU E.326","VR Clas Sr1","Russan Railways ЭП20"]},{"index":1,"name":"col1","values":["198.4","210.84","228.16","70.21","70.07","80.16","80.0","90.63","89.64","90.63","89.28","90.18","89.28","79.68","89.64","80.39999999999999","141.4","141.4","140.7","158.72"]},{"index":2,"name":"col2","values":["19017.96","18783.449999999997","19472.8","13454.006","13157.359999999999","14443.199999999999","14544.0","19110.46","18912.8","17069.67","17244.42","17055.11","16123.86","14443.199999999999","18781.2","14256.0","19736.64","16365.2","19111.68","22730.4"]}]},"context":{"page_title":null,"page_url":null,"page_entity_id":null,"content_hierarchy":[]},"links":[[[{"start":0,"end":12,"url":null,"entity_id":"Q23045333","candidates":[]}],[],[]],[[{"start":0,"end":12,"url":null,"entity_id":"Q948522","candidates":[]}],[],[]],[[{"start":0,"end":13,"url":null,"entity_id":"Q248035","candidates":[]}],[],[]],[[{"start":0,"end":15,"url":null,"entity_id":"Q25483219","candidates":[]}],[],[]],[[{"start":0,"end":11,"url":null,"entity_id":"Q25480676","candidates":[]}],[],[]],[[{"start":0,"end":12,"url":null,"entity_id":"Q12033823","candidates":[]}],[],[]],[[{"start":0,"end":17,"url":null,"entity_id":"Q1412932","candidates":[]}],[],[]],[[{"start":0,"end":16,"url":null,"entity_id":"Q337073","candidates":[]}],[],[]],[[{"start":0,"end":17,"url":null,"entity_id":"Q337068","candidates":[]}],[],[]],[[{"start":0,"end":16,"url":null,"entity_id":"Q337014","candidates":[]}],[],[]],[[{"start":0,"end":17,"url":null,"entity_id":"Q337006","candidates":[]}],[],[]],[[{"start":0,"end":17,"url":null,"entity_id":"Q337003","candidates":[]}],[],[]],[[{"start":0,"end":16,"url":null,"entity_id":"Q336999","candidates":[]}],[],[]],[[{"start":0,"end":17,"url":null,"entity_id":"Q336979","candidates":[]}],[],[]],[[{"start":0,"end":16,"url":null,"entity_id":"Q257660","candidates":[]}],[],[]],[[{"start":0,"end":15,"url":null,"entity_id":"Q240724","candidates":[]}],[],[]],[[{"start":0,"end":13,"url":null,"entity_id":"Q3357379","candidates":[]}],[],[]],[[{"start":0,"end":8,"url":null,"entity_id":"Q3063439","candidates":[]}],[],[]],[[{"start":0,"end":11,"url":null,"entity_id":"Q1188716","candidates":[]}],[],[]],[[{"start":0,"end":20,"url":null,"entity_id":"Q968687","candidates":[]}],[],[]]]}