{"version":"1.2","table":{"version":"2","table_id":"T84LKFS5","columns":[{"index":0,"name":"col0","values":["2016 Estonian Badminton Championships","2015 Estonian Badminton Championships","2014 Estonian Badminton Championships","2013 Estonian Badminton Championships","2012 Estonian Badminton Championships","2011 Estonian Badminton Championships","2010 Estonian Badminton Championships","2008 Estonian Badminton Championships","2007 Estonian Badminton Championships","2005 Estonian Badminton Championships","2004 Estonian Badminton Championships","2002 Estonian Badminton Championships","2001 Estonian Badminton Championships","1998 Estonian Badminton Championships","1999 Estonian Badminton Championships","1997 Estonian Badminton Championships","1995 Estonian Badminton Championships","1993 Estonian Badminton Championships","1992 Estonian Badminton Championships","1988 Estonian Badminton Championships"]},{"index":1,"name":"col1","values":["2016-01-01","2015-01-01","2014-01-01","2013-01-01","2012-01-01","2011-01-01","2010-01-01","2008-01-01","2007-01-01","2005-01-01","2004-01-01","2002-01-01","2001-01-01","1998-01-01","1999-01-01","1997-01-01","1995-01-01","1993-01-01","1992-01-01","1988-01-01"]},{"index":2,"name":"col2","values":["2017 Estonian Badminton Championships","2016 Estonian Badminton Championships","2015 Estonian Badminton Championships","2014 Estonian Badminton Championships","2013 Estonian Badminton Championships","2012 Estonian Badminton Championships","2011 Estonian Badminton Championships","2009 Estonian Badminton Championships","2008 Estonian Badminton Championships","2006 Estonian Badminton Championships","2005 Estonian Badminton Championships","2003 Estonian Badminton Championships","2002 Estonian Badminton Championships","1999 Estonian Badminton Championships","2000 Estonian Badminton Championships","1998 Estonian Badminton Championships","1996 Estonian Badminton Championships","1994 Estonian Badminton Championships","1993 Estonian Badminton Championships","1989 Estonian Badminton Championships"]},{"index":3,"name":"col3","values":["2015 Estonian Badminton Championships","2014 Estonian Badminton Championships","2013 Estonian Badminton Championships","2012 Estonian Badminton Championships","2011 Estonian Badminton Championships","2010 Estonian Badminton Championships","2009 Estonian Badminton Championships","2007 Estonian Badminton Championships","2006 Estonian Badminton Championships","2004 Estonian Badminton Championships","2003 Estonian Badminton Championships","2001 Estonian Badminton Championships","2000 Estonian Badminton Championships","1997 Estonian Badminton Championships","1998 Estonian Badminton Championships","1996 Estonian Badminton Championships","1994 Estonian Badminton Championships","1992 Estonian Badminton Championships","1991 Estonian Badminton Championships","1987 Estonian Badminton Championships"]},{"index":4,"name":"col4","values":["Estonia","Estonia","Estonia","Estonia","Estonia","Estonia","Estonia","Estonia","Estonia","Estonia","Estonia","Estonia","Estonia","Estonia","Estonia","Estonia","Estonia","Estonia","Estonia","Estonia"]}]},"context":{"page_title":null,"page_url":null,"page_entity_id":null,"content_hierarchy":[]},"links":[[[{"start":0,"end":37,"url":null,"entity_id":"Q22671335","candidates":[]}],[],[{"start":0,"end":37,"url":null,"entity_id":"Q63435069","candidates":[]}],[{"start":0,"end":37,"url":null,"entity_id":"Q19057324","candidates":[]}],[{"start":0,"end":7,"url":null,"entity_id":"Q191","candidates":[]}]],[[{"start":0,"end":37,"url":null,"entity_id":"Q19057324","candidates":[]}],[],[{"start":0,"end":37,"url":null,"entity_id":"Q22671335","candidates":[]}],[{"start":0,"end":37,"url":null,"entity_id":"Q15708048","candidates":[]}],[{"start":0,"end":7,"url":null,"entity_id":"Q191","candidates":[]}]],[[{"start":0,"end":37,"url":null,"entity_id":"Q15708048","candidates":[]}],[],[{"start":0,"end":37,"url":null,"entity_id":"Q19057324","candidates":[]}],[{"start":0,"end":37,"url":null,"entity_id":"Q13506442","candidates":[]}],[{"start":0,"end":7,"url":null,"entity_id":"Q191","candidates":[]}]],[[{"start":0,"end":37,"url":null,"entity_id":"Q13506442","candidates":[]}],[],[{"start":0,"end":37,"url":null,"entity_id":"Q15708048","candidates":[]}],[{"start":0,"end":37,"url":null,"entity_id":"Q1370275","candidates":[]}],[{"start":0,"end":7,"url":null,"entity_id":"Q191","candidates":[]}]],[[{"start":0,"end":37,"url":null,"entity_id":"Q1370275","candidates":[]}],[],[{"start":0,"end":37,"url":null,"entity_id":"Q13506442","candidates":[]}],[{"start":0,"end":37,"url":null,"entity_id":"Q1370274","candidates":[]}],[{"start":0,"end":7,"url":null,"entity_id":"Q191","candidates":[]}]],[[{"start":0,"end":37,"url":null,"entity_id":"Q1370274","candidates":[]}],[],[{"start":0,"end":37,"url":null,"entity_id":"Q1370275","candidates":[]}],[{"start":0,"end":37,"url":null,"entity_id":"Q1370272","candidates":[]}],[{"start":0,"end":7,"url":null,"entity_id":"Q191","candidates":[]}]],[[{"start":0,"end":37,"url":null,"entity_id":"Q1370272","candidates":[]}],[],[{"start":0,"end":37,"url":null,"entity_id":"Q1370274","candidates":[]}],[{"start":0,"end":37,"url":null,"entity_id":"Q1370271","candidates":[]}],[{"start":0,"end":7,"url":null,"entity_id":"Q191","candidates":[]}]],[[{"start":0,"end":37,"url":null,"entity_id":"Q1370265","candidates":[]}],[],[{"start":0,"end":37,"url":null,"entity_id":"Q1370271","candidates":[]}],[{"start":0,"end":37,"url":null,"entity_id":"Q1370270","candidates":[]}],[{"start":0,"end":7,"url":null,"entity_id":"Q191","candidates":[]}]],[[{"start":0,"end":37,"url":null,"entity_id":"Q1370270","candidates":[]}],[],[{"start":0,"end":37,"url":null,"entity_id":"Q1370265","candidates":[]}],[{"start":0,"end":37,"url":null,"entity_id":"Q1370266","candidates":[]}],[{"start":0,"end":7,"url":null,"entity_id":"Q191","candidates":[]}]],[[{"start":0,"end":37,"url":null,"entity_id":"Q1370263","candidates":[]}],[],[{"start":0,"end":37,"url":null,"entity_id":"Q1370266","candidates":[]}],[{"start":0,"end":37,"url":null,"entity_id":"Q1370262","candidates":[]}],[{"start":0,"end":7,"url":null,"entity_id":"Q191","candidates":[]}]],[[{"start":0,"end":37,"url":null,"entity_id":"Q1370262","candidates":[]}],[],[{"start":0,"end":37,"url":null,"entity_id":"Q1370263","candidates":[]}],[{"start":0,"end":37,"url":null,"entity_id":"Q1370260","candidates":[]}],[{"start":0,"end":7,"url":null,"entity_id":"Q191","candidates":[]}]],[[{"start":0,"end":37,"url":null,"entity_id":"Q1370255","candidates":[]}],[],[{"start":0,"end":37,"url":null,"entity_id":"Q1370260","candidates":[]}],[{"start":0,"end":37,"url":null,"entity_id":"Q1370259","candidates":[]}],[{"start":0,"end":7,"url":null,"entity_id":"Q191","candidates":[]}]],[[{"start":0,"end":37,"url":null,"entity_id":"Q1370259","candidates":[]}],[],[{"start":0,"end":37,"url":null,"entity_id":"Q1370255","candidates":[]}],[{"start":0,"end":37,"url":null,"entity_id":"Q1370257","candidates":[]}],[{"start":0,"end":7,"url":null,"entity_id":"Q191","candidates":[]}]],[[{"start":0,"end":37,"url":null,"entity_id":"Q1370250","candidates":[]}],[],[{"start":0,"end":37,"url":null,"entity_id":"Q1370254","candidates":[]}],[{"start":0,"end":37,"url":null,"entity_id":"Q1370252","candidates":[]}],[{"start":0,"end":7,"url":null,"entity_id":"Q191","candidates":[]}]],[[{"start":0,"end":37,"url":null,"entity_id":"Q1370254","candidates":[]}],[],[{"start":0,"end":37,"url":null,"entity_id":"Q1370257","candidates":[]}],[{"start":0,"end":37,"url":null,"entity_id":"Q1370250","candidates":[]}],[{"start":0,"end":7,"url":null,"entity_id":"Q191","candidates":[]}]],[[{"start":0,"end":37,"url":null,"entity_id":"Q1370252","candidates":[]}],[],[{"start":0,"end":37,"url":null,"entity_id":"Q1370250","candidates":[]}],[{"start":0,"end":37,"url":null,"entity_id":"Q1370247","candidates":[]}],[{"start":0,"end":7,"url":null,"entity_id":"Q191","candidates":[]}]],[[{"start":0,"end":37,"url":null,"entity_id":"Q1370249","candidates":[]}],[],[{"start":0,"end":37,"url":null,"entity_id":"Q1370247","candidates":[]}],[{"start":0,"end":37,"url":null,"entity_id":"Q1370246","candidates":[]}],[{"start":0,"end":7,"url":null,"entity_id":"Q191","candidates":[]}]],[[{"start":0,"end":37,"url":null,"entity_id":"Q1370243","candidates":[]}],[],[{"start":0,"end":37,"url":null,"entity_id":"Q1370246","candidates":[]}],[{"start":0,"end":37,"url":null,"entity_id":"Q1370245","candidates":[]}],[{"start":0,"end":7,"url":null,"entity_id":"Q191","candidates":[]}]],[[{"start":0,"end":37,"url":null,"entity_id":"Q1370245","candidates":[]}],[],[{"start":0,"end":37,"url":null,"entity_id":"Q1370243","candidates":[]}],[{"start":0,"end":37,"url":null,"entity_id":"Q1370240","candidates":[]}],[{"start":0,"end":7,"url":null,"entity_id":"Q191","candidates":[]}]],[[{"start":0,"end":37,"url":null,"entity_id":"Q1370237","candidates":[]}],[],[{"start":0,"end":37,"url":null,"entity_id":"Q999967","candidates":[]}],[{"start":0,"end":37,"url":null,"entity_id":"Q1370234","candidates":[]}],[{"start":0,"end":7,"url":null,"entity_id":"Q191","candidates":[]}]]]}