{"version":"1.2","table":{"version":"2","table_id":"T9FGV2YS","columns":[{"index":0,"name":"col0","values":["Corpus Christi!College","Emmanuel Collee","Magdalene Colleje","University of Helsinki main buildkng","Pis Law Faculty","Joachimsthalsche Gymnasium","The Quegn's College","Triniwy College","The Edg","Building of Faculty of Law, Chales University","Main building of the Uiversity of Vienna","Ihnatowycz Hbll","Muziekl|chum building","Old Bokler Rom Building","Quastel da Quinta da Torre da Marca","faculty of Medicine of Montpelmier","Bonythn Hall","Séminaire de Québed","chool of Geography","Hollar#building"]},{"index":1,"name":"col1","values":["Cambridge","Cambridge","Cambridge","Helsinki","5th arrondissement of Paris","Charlottenburg-Wilmersdorf","Oxford","Oxford","Leeds","Old Town","Innere Stadt","Toronto","Amsterdam","Śródmieście","Cedofeita, Santo Ildefonso, Sé, Miragaia, São Nicolau e Vitória","Montpellier","Adelaide","La Cité-Limoilou","Leeds","Old Town"]},{"index":2,"name":"col2","values":["Trumpington Street","St Andrew's Street","Magdalene Street","Unioninkatu","place du Panthéon","Bundesallee","High Street","Broad Street","Willow Terrace Road","Náměstí Curieových","Rathausplatz","Bloor Street","Albert Hahnplantsoen","Nowowiejska Street","Dom Manuel II street","street of the School of Medicine","North Terrace","rue des Remparts","University Road","Divadelní"]}]},"context":{"page_title":null,"page_url":null,"page_entity_id":null,"content_hierarchy":[]},"links":[[[{"start":0,"end":22,"url":null,"entity_id":"Q536282","candidates":[]}],[{"start":0,"end":9,"url":null,"entity_id":"Q21713103","candidates":[]}],[{"start":0,"end":18,"url":null,"entity_id":"Q7847831","candidates":[]}]],[[{"start":0,"end":15,"url":null,"entity_id":"Q797892","candidates":[]}],[{"start":0,"end":9,"url":null,"entity_id":"Q21713103","candidates":[]}],[{"start":0,"end":18,"url":null,"entity_id":"Q7592407","candidates":[]}]],[[{"start":0,"end":17,"url":null,"entity_id":"Q776807","candidates":[]}],[{"start":0,"end":9,"url":null,"entity_id":"Q21713103","candidates":[]}],[{"start":0,"end":16,"url":null,"entity_id":"Q6729934","candidates":[]}]],[[{"start":0,"end":36,"url":null,"entity_id":"Q1393776","candidates":[]}],[{"start":0,"end":8,"url":null,"entity_id":"Q1757","candidates":[]}],[{"start":0,"end":11,"url":null,"entity_id":"Q4943680","candidates":[]}]],[[{"start":0,"end":15,"url":null,"entity_id":"Q3064259","candidates":[]}],[{"start":0,"end":27,"url":null,"entity_id":"Q238723","candidates":[]}],[{"start":0,"end":17,"url":null,"entity_id":"Q3390667","candidates":[]}]],[[{"start":0,"end":26,"url":null,"entity_id":"Q1690674","candidates":[]}],[{"start":0,"end":26,"url":null,"entity_id":"Q158095","candidates":[]}],[{"start":0,"end":11,"url":null,"entity_id":"Q1005415","candidates":[]}]],[[{"start":0,"end":19,"url":null,"entity_id":"Q73094","candidates":[]}],[{"start":0,"end":6,"url":null,"entity_id":"Q20986484","candidates":[]}],[{"start":0,"end":11,"url":null,"entity_id":"Q60282","candidates":[]}]],[[{"start":0,"end":15,"url":null,"entity_id":"Q73079","candidates":[]}],[{"start":0,"end":6,"url":null,"entity_id":"Q34217","candidates":[]}],[{"start":0,"end":12,"url":null,"entity_id":"Q60032","candidates":[]}]],[[{"start":0,"end":7,"url":null,"entity_id":"Q26262673","candidates":[]}],[{"start":0,"end":5,"url":null,"entity_id":"Q774015","candidates":[]}],[{"start":0,"end":19,"url":null,"entity_id":"Q26311261","candidates":[]}]],[[{"start":0,"end":45,"url":null,"entity_id":"Q22379612","candidates":[]}],[{"start":0,"end":8,"url":null,"entity_id":"Q748211","candidates":[]}],[{"start":0,"end":18,"url":null,"entity_id":"Q12041584","candidates":[]}]],[[{"start":0,"end":40,"url":null,"entity_id":"Q19971231","candidates":[]}],[{"start":0,"end":12,"url":null,"entity_id":"Q267329","candidates":[]}],[{"start":0,"end":12,"url":null,"entity_id":"Q2132674","candidates":[]}]],[[{"start":0,"end":15,"url":null,"entity_id":"Q23647588","candidates":[]}],[{"start":0,"end":7,"url":null,"entity_id":"Q172","candidates":[]}],[{"start":0,"end":12,"url":null,"entity_id":"Q885416","candidates":[]}]],[[{"start":0,"end":21,"url":null,"entity_id":"Q66686079","candidates":[]}],[{"start":0,"end":9,"url":null,"entity_id":"Q9899","candidates":[]}],[{"start":0,"end":20,"url":null,"entity_id":"Q18934716","candidates":[]}]],[[{"start":0,"end":23,"url":null,"entity_id":"Q75979649","candidates":[]}],[{"start":0,"end":11,"url":null,"entity_id":"Q7095","candidates":[]}],[{"start":0,"end":18,"url":null,"entity_id":"Q9365722","candidates":[]}]],[[{"start":0,"end":35,"url":null,"entity_id":"Q4666615","candidates":[]}],[{"start":0,"end":63,"url":null,"entity_id":"Q15905280","candidates":[]}],[{"start":0,"end":20,"url":null,"entity_id":"Q64943232","candidates":[]}]],[[{"start":0,"end":34,"url":null,"entity_id":"Q3298462","candidates":[]}],[{"start":0,"end":11,"url":null,"entity_id":"Q6441","candidates":[]}],[{"start":0,"end":32,"url":null,"entity_id":"Q58373753","candidates":[]}]],[[{"start":0,"end":12,"url":null,"entity_id":"Q4942700","candidates":[]}],[{"start":0,"end":8,"url":null,"entity_id":"Q1094063","candidates":[]}],[{"start":0,"end":13,"url":null,"entity_id":"Q7056959","candidates":[]}]],[[{"start":0,"end":19,"url":null,"entity_id":"Q3296532","candidates":[]}],[{"start":0,"end":16,"url":null,"entity_id":"Q3114194","candidates":[]}],[{"start":0,"end":16,"url":null,"entity_id":"Q3452012","candidates":[]}]],[[{"start":0,"end":18,"url":null,"entity_id":"Q7432461","candidates":[]}],[{"start":0,"end":5,"url":null,"entity_id":"Q774015","candidates":[]}],[{"start":0,"end":15,"url":null,"entity_id":"Q26270186","candidates":[]}]],[[{"start":0,"end":15,"url":null,"entity_id":"Q12020007","candidates":[]}],[{"start":0,"end":8,"url":null,"entity_id":"Q748211","candidates":[]}],[{"start":0,"end":9,"url":null,"entity_id":"Q22667173","candidates":[]}]]]}