{"version":"1.2","table":{"version":"2","table_id":"T9VIZ965","columns":[{"index":0,"name":"col0","values":["Desvination Moon","The ikings","Pinm Flaminjos","Vhe Brothers Bloom","Wioly Wonka & the Chocolate Factory","Sotbs","Red Sonj","Trollhuqter","Peaceful Wrrior","Atlas Shrugged:#Part I","Equilibriuo","Aabesque","The Inredible Hulk","TheReturn","City Oights","Once Upon a Tioe in America","Irn Man 2","The Propoition","Don)t Come Kocking","Rnce Upon a Time in the West"]},{"index":1,"name":"col1","values":["595200.0","3517499.9999999995","9910.0","19920000.0","2988000.0","2012000.0","17810500.0","2973000.0","11916000.0","20139999.999999996","20160000.0","4761600.0","148800000.0","398000.0","1495500.0","30089999.999999996","199400000.0","1980000.0","10945000.0","5014999.999999999"]},{"index":2,"name":"col2","values":["4970000.0","5982000.0","6024000.0","5500000.0","4003999.9999999995","5437799.999999999","6886095.303","4192988.2919999994","4257000.0","4585728.625","5373000.0","5034999.999999999","4880897.48728","4400000.0","5024999.999999999","5300221.968","5706567.756889999","4975000.0","4563200.0","5348115.539999999"]},{"index":3,"name":"col3","values":["90.181","111.216","93.0","112.548","99.1","101.082","84.915","102.485","122.08899999999998","102.10199999999999","107.53499999999998","100.192","111.776","105.788","86.391","229.458","124.25","98.901","121.268","164.835"]}]},"context":{"page_title":null,"page_url":null,"page_entity_id":null,"content_hierarchy":[]},"links":[[[{"start":0,"end":16,"url":null,"entity_id":"Q1245160","candidates":[]}],[],[],[]],[[{"start":0,"end":10,"url":null,"entity_id":"Q1146960","candidates":[]}],[],[],[]],[[{"start":0,"end":14,"url":null,"entity_id":"Q1140590","candidates":[]}],[],[],[]],[[{"start":0,"end":18,"url":null,"entity_id":"Q990840","candidates":[]}],[],[],[]],[[{"start":0,"end":35,"url":null,"entity_id":"Q936327","candidates":[]}],[],[],[]],[[{"start":0,"end":5,"url":null,"entity_id":"Q930746","candidates":[]}],[],[],[]],[[{"start":0,"end":8,"url":null,"entity_id":"Q858860","candidates":[]}],[],[],[]],[[{"start":0,"end":11,"url":null,"entity_id":"Q633131","candidates":[]}],[],[],[]],[[{"start":0,"end":15,"url":null,"entity_id":"Q603545","candidates":[]}],[],[],[]],[[{"start":0,"end":22,"url":null,"entity_id":"Q519619","candidates":[]}],[],[],[]],[[{"start":0,"end":11,"url":null,"entity_id":"Q507461","candidates":[]}],[],[],[]],[[{"start":0,"end":8,"url":null,"entity_id":"Q490632","candidates":[]}],[],[],[]],[[{"start":0,"end":18,"url":null,"entity_id":"Q466611","candidates":[]}],[],[],[]],[[{"start":0,"end":9,"url":null,"entity_id":"Q385494","candidates":[]}],[],[],[]],[[{"start":0,"end":11,"url":null,"entity_id":"Q238211","candidates":[]}],[],[],[]],[[{"start":0,"end":27,"url":null,"entity_id":"Q206388","candidates":[]}],[],[],[]],[[{"start":0,"end":9,"url":null,"entity_id":"Q205028","candidates":[]}],[],[],[]],[[{"start":0,"end":14,"url":null,"entity_id":"Q180337","candidates":[]}],[],[],[]],[[{"start":0,"end":18,"url":null,"entity_id":"Q175600","candidates":[]}],[],[],[]],[[{"start":0,"end":28,"url":null,"entity_id":"Q168154","candidates":[]}],[],[],[]]]}