{"version":"1.2","table":{"version":"2","table_id":"TAL04AKM","columns":[{"index":0,"name":"col0","values":["Unité d'Habitatioq de Marseille","Th San Remo","257 Central Park Wes","370 Riveside Drive","Kennedy-Warren ApartmentBuilding","45 Chistopher Street","The Dakowa",";10 Fifth Avenue","520 Pak Avenue",":70 Park Avenue","432 Park Avnue","737 Park Avenu","740 Park Aenue","The Dnsonia","The Clebowrne","The angham","The Pateroo","998 Fifwh Avenue","961 Fifth Avenue","Rit} Tower"]},{"index":1,"name":"col1","values":["Le Corbusier","Emery Roth","Mulliken & Moeller","Schwartz & Gross","Joseph Younger","Boak & Paris","Henry Janeway Hardenbergh","J.E.R. Carpenter","Robert A. M. Stern","Schwartz & Gross","Rafael Viñoly","Sylvan Bien","Rosario Candela","Paul E. M. DuBoy","Schwartz & Gross","Clinton and Russell","Schwartz & Gross","McKim, Mead & White","Rosario Candela","Emery Roth"]},{"index":2,"name":"col2","values":["17.928","27.134999999999998","12.048","15.120000000000001","11.044","18.144","10.04","13.026","50.592","11.952","84.83","20.18","18.867","18.162","13.104","12.961","12.896","11.988","15.014999999999999","41.916"]},{"index":3,"name":"col3","values":["functionalism","English Baroque","Beaux-Arts","Georgian architecture","Art Deco","Art Deco","Gothic Revival architecture","Renaissance Revival architecture","New Classical architecture","Georgian architecture","Modern Movement","Art Deco","Art Deco","Beaux-Arts","Arts and Crafts movement","Second Empire architecture in Europe","Renaissance Revival architecture","Renaissance architecture","Art Deco architecture","Beaux-Arts"]},{"index":4,"name":"col4","values":["boulevard Michelet","Central Park West","Central Park West","Riverside Drive","Connecticut Avenue NW","Christopher Street","72nd Street","Fifth Avenue","Park Avenue","Park Avenue","Park Avenue","Park Avenue","Park Avenue","Broadway","Broadway","Central Park West","Riverside Drive","Fifth Avenue","Fifth Avenue","Park Avenue"]}]},"context":{"page_title":null,"page_url":null,"page_entity_id":null,"content_hierarchy":[]},"links":[[[{"start":0,"end":31,"url":null,"entity_id":"Q2587975","candidates":[]}],[{"start":0,"end":12,"url":null,"entity_id":"Q4724","candidates":[]}],[],[{"start":0,"end":13,"url":null,"entity_id":"Q47942","candidates":[]}],[{"start":0,"end":18,"url":null,"entity_id":"Q2921880","candidates":[]}]],[[{"start":0,"end":11,"url":null,"entity_id":"Q1319147","candidates":[]}],[{"start":0,"end":10,"url":null,"entity_id":"Q371506","candidates":[]}],[],[{"start":0,"end":15,"url":null,"entity_id":"Q2574110","candidates":[]}],[{"start":0,"end":17,"url":null,"entity_id":"Q2738041","candidates":[]}]],[[{"start":0,"end":20,"url":null,"entity_id":"Q4632116","candidates":[]}],[{"start":0,"end":18,"url":null,"entity_id":"Q46612200","candidates":[]}],[],[{"start":0,"end":10,"url":null,"entity_id":"Q1268134","candidates":[]}],[{"start":0,"end":17,"url":null,"entity_id":"Q2738041","candidates":[]}]],[[{"start":0,"end":18,"url":null,"entity_id":"Q4635797","candidates":[]}],[{"start":0,"end":16,"url":null,"entity_id":"Q7433166","candidates":[]}],[],[{"start":0,"end":21,"url":null,"entity_id":"Q1125300","candidates":[]}],[{"start":0,"end":15,"url":null,"entity_id":"Q2589766","candidates":[]}]],[[{"start":0,"end":32,"url":null,"entity_id":"Q1738794","candidates":[]}],[{"start":0,"end":14,"url":null,"entity_id":"Q19662899","candidates":[]}],[],[{"start":0,"end":8,"url":null,"entity_id":"Q173782","candidates":[]}],[{"start":0,"end":21,"url":null,"entity_id":"Q1841410","candidates":[]}]],[[{"start":0,"end":20,"url":null,"entity_id":"Q4638180","candidates":[]}],[{"start":0,"end":12,"url":null,"entity_id":"Q56884815","candidates":[]}],[],[{"start":0,"end":8,"url":null,"entity_id":"Q173782","candidates":[]}],[{"start":0,"end":18,"url":null,"entity_id":"Q1086990","candidates":[]}]],[[{"start":0,"end":10,"url":null,"entity_id":"Q829806","candidates":[]}],[{"start":0,"end":25,"url":null,"entity_id":"Q1300255","candidates":[]}],[],[{"start":0,"end":27,"url":null,"entity_id":"Q186363","candidates":[]}],[{"start":0,"end":11,"url":null,"entity_id":"Q264022","candidates":[]}]],[[{"start":0,"end":16,"url":null,"entity_id":"Q4644471","candidates":[]}],[{"start":0,"end":16,"url":null,"entity_id":"Q6133401","candidates":[]}],[],[{"start":0,"end":32,"url":null,"entity_id":"Q502163","candidates":[]}],[{"start":0,"end":12,"url":null,"entity_id":"Q109858","candidates":[]}]],[[{"start":0,"end":14,"url":null,"entity_id":"Q2631831","candidates":[]}],[{"start":0,"end":18,"url":null,"entity_id":"Q166567","candidates":[]}],[],[{"start":0,"end":26,"url":null,"entity_id":"Q50084199","candidates":[]}],[{"start":0,"end":11,"url":null,"entity_id":"Q109711","candidates":[]}]],[[{"start":0,"end":15,"url":null,"entity_id":"Q4646141","candidates":[]}],[{"start":0,"end":16,"url":null,"entity_id":"Q7433166","candidates":[]}],[],[{"start":0,"end":21,"url":null,"entity_id":"Q1125300","candidates":[]}],[{"start":0,"end":11,"url":null,"entity_id":"Q109711","candidates":[]}]],[[{"start":0,"end":14,"url":null,"entity_id":"Q233940","candidates":[]}],[{"start":0,"end":13,"url":null,"entity_id":"Q952826","candidates":[]}],[],[{"start":0,"end":15,"url":null,"entity_id":"Q245188","candidates":[]}],[{"start":0,"end":11,"url":null,"entity_id":"Q109711","candidates":[]}]],[[{"start":0,"end":14,"url":null,"entity_id":"Q4643268","candidates":[]}],[{"start":0,"end":11,"url":null,"entity_id":"Q45063302","candidates":[]}],[],[{"start":0,"end":8,"url":null,"entity_id":"Q173782","candidates":[]}],[{"start":0,"end":11,"url":null,"entity_id":"Q109711","candidates":[]}]],[[{"start":0,"end":14,"url":null,"entity_id":"Q264972","candidates":[]}],[{"start":0,"end":15,"url":null,"entity_id":"Q2166604","candidates":[]}],[],[{"start":0,"end":8,"url":null,"entity_id":"Q173782","candidates":[]}],[{"start":0,"end":11,"url":null,"entity_id":"Q109711","candidates":[]}]],[[{"start":0,"end":11,"url":null,"entity_id":"Q1364295","candidates":[]}],[{"start":0,"end":16,"url":null,"entity_id":"Q47092596","candidates":[]}],[],[{"start":0,"end":10,"url":null,"entity_id":"Q1268134","candidates":[]}],[{"start":0,"end":8,"url":null,"entity_id":"Q11260","candidates":[]}]],[[{"start":0,"end":13,"url":null,"entity_id":"Q5131022","candidates":[]}],[{"start":0,"end":16,"url":null,"entity_id":"Q7433166","candidates":[]}],[],[{"start":0,"end":24,"url":null,"entity_id":"Q330369","candidates":[]}],[{"start":0,"end":8,"url":null,"entity_id":"Q11260","candidates":[]}]],[[{"start":0,"end":10,"url":null,"entity_id":"Q5818178","candidates":[]}],[{"start":0,"end":19,"url":null,"entity_id":"Q5134287","candidates":[]}],[],[{"start":0,"end":36,"url":null,"entity_id":"Q27958345","candidates":[]}],[{"start":0,"end":17,"url":null,"entity_id":"Q2738041","candidates":[]}]],[[{"start":0,"end":11,"url":null,"entity_id":"Q7756319","candidates":[]}],[{"start":0,"end":16,"url":null,"entity_id":"Q7433166","candidates":[]}],[],[{"start":0,"end":32,"url":null,"entity_id":"Q502163","candidates":[]}],[{"start":0,"end":15,"url":null,"entity_id":"Q2589766","candidates":[]}]],[[{"start":0,"end":16,"url":null,"entity_id":"Q14706154","candidates":[]}],[{"start":0,"end":19,"url":null,"entity_id":"Q1915267","candidates":[]}],[],[{"start":0,"end":24,"url":null,"entity_id":"Q236122","candidates":[]}],[{"start":0,"end":12,"url":null,"entity_id":"Q109858","candidates":[]}]],[[{"start":0,"end":16,"url":null,"entity_id":"Q40151582","candidates":[]}],[{"start":0,"end":15,"url":null,"entity_id":"Q2166604","candidates":[]}],[],[{"start":0,"end":21,"url":null,"entity_id":"Q12720942","candidates":[]}],[{"start":0,"end":12,"url":null,"entity_id":"Q109858","candidates":[]}]],[[{"start":0,"end":10,"url":null,"entity_id":"Q30172759","candidates":[]}],[{"start":0,"end":10,"url":null,"entity_id":"Q371506","candidates":[]}],[],[{"start":0,"end":10,"url":null,"entity_id":"Q1268134","candidates":[]}],[{"start":0,"end":11,"url":null,"entity_id":"Q109711","candidates":[]}]]]}