{"version":"1.2","table":{"version":"2","table_id":"TE8KYSS1","columns":[{"index":0,"name":"col0","values":["1998 French Grand Prix","1991 French Grand Prix","2002 French Grand Prix","1947 French Grand Prix","1946 Nice Grand Prix","1949 French Grand Prix","1959 French Grand Prix","1972 French Grand Prix","1979 French Grand Prix","1980 French Grand Prix","1978 French Grand Prix","1985 French Grand Prix","1977 French Grand Prix","1999 French Grand Prix","1976 French Grand Prix","2007 French Grand Prix","1974 French Grand Prix","1975 French Grand Prix","2003 French Grand Prix","2001 French Grand Prix"]},{"index":1,"name":"col1","values":["auto racing","auto racing","auto racing","auto racing","auto racing","auto racing","auto racing","auto racing","auto racing","auto racing","auto racing","auto racing","auto racing","auto racing","auto racing","auto racing","auto racing","auto racing","auto racing","auto racing"]},{"index":2,"name":"col2","values":["Mika Häkkinen","Riccardo Patrese","Juan Pablo Montoya","Henri Louveau","Luigi Villoresi","Luigi Villoresi","Tony Brooks","Chris Amon","Jean-Pierre Jabouille","Jacques Laffite","John Watson","Keke Rosberg","Mario Andretti","Rubens Barrichello","James Hunt","Felipe Massa","Niki Lauda","Niki Lauda","Ralf Schumacher","Ralf Schumacher"]}]},"context":{"page_title":null,"page_url":null,"page_entity_id":null,"content_hierarchy":[]},"links":[[[{"start":0,"end":22,"url":null,"entity_id":"Q221581","candidates":[]}],[{"start":0,"end":11,"url":null,"entity_id":"Q5386","candidates":[]}],[{"start":0,"end":13,"url":null,"entity_id":"Q172842","candidates":[]}]],[[{"start":0,"end":22,"url":null,"entity_id":"Q221527","candidates":[]}],[{"start":0,"end":11,"url":null,"entity_id":"Q5386","candidates":[]}],[{"start":0,"end":16,"url":null,"entity_id":"Q172759","candidates":[]}]],[[{"start":0,"end":22,"url":null,"entity_id":"Q221603","candidates":[]}],[{"start":0,"end":11,"url":null,"entity_id":"Q5386","candidates":[]}],[{"start":0,"end":18,"url":null,"entity_id":"Q172744","candidates":[]}]],[[{"start":0,"end":22,"url":null,"entity_id":"Q3113871","candidates":[]}],[{"start":0,"end":11,"url":null,"entity_id":"Q5386","candidates":[]}],[{"start":0,"end":13,"url":null,"entity_id":"Q172123","candidates":[]}]],[[{"start":0,"end":20,"url":null,"entity_id":"Q4565776","candidates":[]}],[{"start":0,"end":11,"url":null,"entity_id":"Q5386","candidates":[]}],[{"start":0,"end":15,"url":null,"entity_id":"Q171514","candidates":[]}]],[[{"start":0,"end":22,"url":null,"entity_id":"Q2080231","candidates":[]}],[{"start":0,"end":11,"url":null,"entity_id":"Q5386","candidates":[]}],[{"start":0,"end":15,"url":null,"entity_id":"Q171514","candidates":[]}]],[[{"start":0,"end":22,"url":null,"entity_id":"Q221324","candidates":[]}],[{"start":0,"end":11,"url":null,"entity_id":"Q5386","candidates":[]}],[{"start":0,"end":11,"url":null,"entity_id":"Q171481","candidates":[]}]],[[{"start":0,"end":22,"url":null,"entity_id":"Q171845","candidates":[]}],[{"start":0,"end":11,"url":null,"entity_id":"Q5386","candidates":[]}],[{"start":0,"end":10,"url":null,"entity_id":"Q171469","candidates":[]}]],[[{"start":0,"end":22,"url":null,"entity_id":"Q172178","candidates":[]}],[{"start":0,"end":11,"url":null,"entity_id":"Q5386","candidates":[]}],[{"start":0,"end":21,"url":null,"entity_id":"Q171462","candidates":[]}]],[[{"start":0,"end":22,"url":null,"entity_id":"Q171873","candidates":[]}],[{"start":0,"end":11,"url":null,"entity_id":"Q5386","candidates":[]}],[{"start":0,"end":15,"url":null,"entity_id":"Q171434","candidates":[]}]],[[{"start":0,"end":22,"url":null,"entity_id":"Q171776","candidates":[]}],[{"start":0,"end":11,"url":null,"entity_id":"Q5386","candidates":[]}],[{"start":0,"end":11,"url":null,"entity_id":"Q171422","candidates":[]}]],[[{"start":0,"end":22,"url":null,"entity_id":"Q221489","candidates":[]}],[{"start":0,"end":11,"url":null,"entity_id":"Q5386","candidates":[]}],[{"start":0,"end":12,"url":null,"entity_id":"Q171381","candidates":[]}]],[[{"start":0,"end":22,"url":null,"entity_id":"Q171987","candidates":[]}],[{"start":0,"end":11,"url":null,"entity_id":"Q5386","candidates":[]}],[{"start":0,"end":14,"url":null,"entity_id":"Q171312","candidates":[]}]],[[{"start":0,"end":22,"url":null,"entity_id":"Q221590","candidates":[]}],[{"start":0,"end":11,"url":null,"entity_id":"Q5386","candidates":[]}],[{"start":0,"end":18,"url":null,"entity_id":"Q169846","candidates":[]}]],[[{"start":0,"end":22,"url":null,"entity_id":"Q171904","candidates":[]}],[{"start":0,"end":11,"url":null,"entity_id":"Q5386","candidates":[]}],[{"start":0,"end":10,"url":null,"entity_id":"Q140393","candidates":[]}]],[[{"start":0,"end":22,"url":null,"entity_id":"Q221646","candidates":[]}],[{"start":0,"end":11,"url":null,"entity_id":"Q5386","candidates":[]}],[{"start":0,"end":12,"url":null,"entity_id":"Q82652","candidates":[]}]],[[{"start":0,"end":22,"url":null,"entity_id":"Q172046","candidates":[]}],[{"start":0,"end":11,"url":null,"entity_id":"Q5386","candidates":[]}],[{"start":0,"end":10,"url":null,"entity_id":"Q78489","candidates":[]}]],[[{"start":0,"end":22,"url":null,"entity_id":"Q171864","candidates":[]}],[{"start":0,"end":11,"url":null,"entity_id":"Q5386","candidates":[]}],[{"start":0,"end":10,"url":null,"entity_id":"Q78489","candidates":[]}]],[[{"start":0,"end":22,"url":null,"entity_id":"Q221611","candidates":[]}],[{"start":0,"end":11,"url":null,"entity_id":"Q5386","candidates":[]}],[{"start":0,"end":15,"url":null,"entity_id":"Q75825","candidates":[]}]],[[{"start":0,"end":22,"url":null,"entity_id":"Q221600","candidates":[]}],[{"start":0,"end":11,"url":null,"entity_id":"Q5386","candidates":[]}],[{"start":0,"end":15,"url":null,"entity_id":"Q75825","candidates":[]}]]]}