{"version":"1.2","table":{"version":"2","table_id":"TGTTMF6B","columns":[{"index":0,"name":"col0","values":["Dr. Meyer-Struckmann Science Prize","James Craig Watson Medal","Lomonosov Gold Medal","Knuth Prize","Michael Faraday Prize","Albert Einstein World Award of Science","Vinogradov Prize","Gerda Henkel Prize","Lavrentiev Prize","Friedmann Prize","Carl-Ritter-Medal","La Caze Prize of the Academy of Sciences","Prix Jules Janssen","Landau Gold Medal","Karl Schwarzschild Medal","Rumford Prize","Goldman Environmental Prize","Rosenstiel Award","Holberg International Memorial Prize","Gödel Prize"]},{"index":1,"name":"col1","values":["Germany","United States of America","Russia","United States of America","United Kingdom","Mexico","Russia","Germany","Russia","Russia","Germany","France","France","Russia","Germany","United States of America","international","United States of America","Norway","United States of America"]},{"index":2,"name":"col2","values":["1998-01-01","1887-01-01","1959-01-01","1996-01-01","3333-01-01","1984-01-01","1995-01-01","2006-01-01","1993-01-01","1972-01-01","1878-01-01","1875-01-01","1897-01-01","1993-01-01","1959-01-01","1796-01-01","1990-01-01","1972-01-01","2003-01-01","1993-01-01"]},{"index":3,"name":"col3","values":["Fritz Meyer-Struckmann","James Craig Watson","Mikhail Vassilyevich Lomonosov","Donald Knuth","Michael Faraday","Albert Einstein","Ivan Matveevich Vinogradov","Gerda Henkel","Michail Lavrentyev","Alexander Friedmann","Carl Ritter","Louis La Caze","Pierre Janssen","Lev Landau","Karl Schwarzschild","Benjamin Thompson","Rhoda Haas Goldman","Lewis Rosenstiel","Ludvig Holberg","Kurt Gödel"]}]},"context":{"page_title":null,"page_url":null,"page_entity_id":null,"content_hierarchy":[]},"links":[[[{"start":0,"end":34,"url":null,"entity_id":"Q1253990","candidates":[]}],[{"start":0,"end":7,"url":null,"entity_id":"Q183","candidates":[]}],[],[{"start":0,"end":22,"url":null,"entity_id":"Q1467514","candidates":[]}]],[[{"start":0,"end":24,"url":null,"entity_id":"Q1143433","candidates":[]}],[{"start":0,"end":24,"url":null,"entity_id":"Q30","candidates":[]}],[],[{"start":0,"end":18,"url":null,"entity_id":"Q311220","candidates":[]}]],[[{"start":0,"end":20,"url":null,"entity_id":"Q1340199","candidates":[]}],[{"start":0,"end":6,"url":null,"entity_id":"Q159","candidates":[]}],[],[{"start":0,"end":30,"url":null,"entity_id":"Q58720","candidates":[]}]],[[{"start":0,"end":11,"url":null,"entity_id":"Q1165991","candidates":[]}],[{"start":0,"end":24,"url":null,"entity_id":"Q30","candidates":[]}],[],[{"start":0,"end":12,"url":null,"entity_id":"Q17457","candidates":[]}]],[[{"start":0,"end":21,"url":null,"entity_id":"Q1383983","candidates":[]}],[{"start":0,"end":14,"url":null,"entity_id":"Q145","candidates":[]}],[],[{"start":0,"end":15,"url":null,"entity_id":"Q8750","candidates":[]}]],[[{"start":0,"end":38,"url":null,"entity_id":"Q1287930","candidates":[]}],[{"start":0,"end":6,"url":null,"entity_id":"Q96","candidates":[]}],[],[{"start":0,"end":15,"url":null,"entity_id":"Q937","candidates":[]}]],[[{"start":0,"end":16,"url":null,"entity_id":"Q19907605","candidates":[]}],[{"start":0,"end":6,"url":null,"entity_id":"Q159","candidates":[]}],[],[{"start":0,"end":26,"url":null,"entity_id":"Q451330","candidates":[]}]],[[{"start":0,"end":18,"url":null,"entity_id":"Q20988255","candidates":[]}],[{"start":0,"end":7,"url":null,"entity_id":"Q183","candidates":[]}],[],[{"start":0,"end":12,"url":null,"entity_id":"Q15332862","candidates":[]}]],[[{"start":0,"end":16,"url":null,"entity_id":"Q19908339","candidates":[]}],[{"start":0,"end":6,"url":null,"entity_id":"Q159","candidates":[]}],[],[{"start":0,"end":18,"url":null,"entity_id":"Q707137","candidates":[]}]],[[{"start":0,"end":15,"url":null,"entity_id":"Q19909593","candidates":[]}],[{"start":0,"end":6,"url":null,"entity_id":"Q159","candidates":[]}],[],[{"start":0,"end":19,"url":null,"entity_id":"Q205981","candidates":[]}]],[[{"start":0,"end":17,"url":null,"entity_id":"Q19971597","candidates":[]}],[{"start":0,"end":7,"url":null,"entity_id":"Q183","candidates":[]}],[],[{"start":0,"end":11,"url":null,"entity_id":"Q29297","candidates":[]}]],[[{"start":0,"end":40,"url":null,"entity_id":"Q30727734","candidates":[]}],[{"start":0,"end":6,"url":null,"entity_id":"Q142","candidates":[]}],[],[{"start":0,"end":13,"url":null,"entity_id":"Q3197963","candidates":[]}]],[[{"start":0,"end":18,"url":null,"entity_id":"Q1711648","candidates":[]}],[{"start":0,"end":6,"url":null,"entity_id":"Q142","candidates":[]}],[],[{"start":0,"end":14,"url":null,"entity_id":"Q298581","candidates":[]}]],[[{"start":0,"end":17,"url":null,"entity_id":"Q1801949","candidates":[]}],[{"start":0,"end":6,"url":null,"entity_id":"Q159","candidates":[]}],[],[{"start":0,"end":10,"url":null,"entity_id":"Q133267","candidates":[]}]],[[{"start":0,"end":24,"url":null,"entity_id":"Q1730176","candidates":[]}],[{"start":0,"end":7,"url":null,"entity_id":"Q183","candidates":[]}],[],[{"start":0,"end":18,"url":null,"entity_id":"Q57145","candidates":[]}]],[[{"start":0,"end":13,"url":null,"entity_id":"Q2096481","candidates":[]}],[{"start":0,"end":24,"url":null,"entity_id":"Q30","candidates":[]}],[],[{"start":0,"end":17,"url":null,"entity_id":"Q44645","candidates":[]}]],[[{"start":0,"end":27,"url":null,"entity_id":"Q1506625","candidates":[]}],[{"start":0,"end":13,"url":null,"entity_id":"Q1072012","candidates":[]}],[],[{"start":0,"end":18,"url":null,"entity_id":"Q7320845","candidates":[]}]],[[{"start":0,"end":16,"url":null,"entity_id":"Q1577949","candidates":[]}],[{"start":0,"end":24,"url":null,"entity_id":"Q30","candidates":[]}],[],[{"start":0,"end":16,"url":null,"entity_id":"Q1822153","candidates":[]}]],[[{"start":0,"end":36,"url":null,"entity_id":"Q1624297","candidates":[]}],[{"start":0,"end":6,"url":null,"entity_id":"Q20","candidates":[]}],[],[{"start":0,"end":14,"url":null,"entity_id":"Q216692","candidates":[]}]],[[{"start":0,"end":11,"url":null,"entity_id":"Q1417143","candidates":[]}],[{"start":0,"end":24,"url":null,"entity_id":"Q30","candidates":[]}],[],[{"start":0,"end":10,"url":null,"entity_id":"Q41390","candidates":[]}]]]}