{"version":"1.2","table":{"version":"2","table_id":"TGX4A0C6","columns":[{"index":0,"name":"col0","values":["2018 Vuelta del Uruguay stage 1","2018 Tour de Langkawi stage 8","2018 Tour of Norway, Stage 5","2018 Tour of Norway, Stage 4","2018 Tour of Norway, Stage 2","2018 Arctic Race of Norway, stage 3","2018 Arctic Race of Norway, stage 2","2018 Tour des Fjords, Stage 3","2018 Dubai Tour, Stage 4","2018 Vuelta al Táchira, Stage 7","2018 Giro d'Italia Stage 4","2018 Giro d'Italia Stage 3","2012 Tour of Norway, Stage 5","2012 Tour of Norway, Stage 4","2017 Tour des Fjords, Stage 5","2017 Tour des Fjords, Stage 4","2017 Tour des Fjords, Stage 2","2017 Tour des Fjords, Stage 1","2017 Tour of Norway, Stage 5","2017 Tour of Norway, Stage 3"]},{"index":1,"name":"col1","values":["201.6","141.1","154","218","146.6","194","195","183.78","172","104.8","202","229","171.8","195","163","160.4","183.1","189.8","154.6","192.5"]},{"index":2,"name":"col2","values":["37.379","44.46","42.993","42.974","42.796","44.07","44.93","39.849","46.596","33.88","38.17","45.47","41.8","40.66","43.1","39.448","38.534","41.371","43.81","41.664"]}]},"context":{"page_title":null,"page_url":null,"page_entity_id":null,"content_hierarchy":[]},"links":[[[{"start":0,"end":31,"url":null,"entity_id":"Q50437510","candidates":[]}],[],[]],[[{"start":0,"end":29,"url":null,"entity_id":"Q49506823","candidates":[]}],[],[]],[[{"start":0,"end":28,"url":null,"entity_id":"Q47493323","candidates":[]}],[],[]],[[{"start":0,"end":28,"url":null,"entity_id":"Q47493322","candidates":[]}],[],[]],[[{"start":0,"end":28,"url":null,"entity_id":"Q47493320","candidates":[]}],[],[]],[[{"start":0,"end":35,"url":null,"entity_id":"Q47491570","candidates":[]}],[],[]],[[{"start":0,"end":35,"url":null,"entity_id":"Q47491569","candidates":[]}],[],[]],[[{"start":0,"end":29,"url":null,"entity_id":"Q47491465","candidates":[]}],[],[]],[[{"start":0,"end":24,"url":null,"entity_id":"Q47455656","candidates":[]}],[],[]],[[{"start":0,"end":31,"url":null,"entity_id":"Q47006780","candidates":[]}],[],[]],[[{"start":0,"end":26,"url":null,"entity_id":"Q44120007","candidates":[]}],[],[]],[[{"start":0,"end":26,"url":null,"entity_id":"Q40451668","candidates":[]}],[],[]],[[{"start":0,"end":28,"url":null,"entity_id":"Q29715748","candidates":[]}],[],[]],[[{"start":0,"end":28,"url":null,"entity_id":"Q29714266","candidates":[]}],[],[]],[[{"start":0,"end":29,"url":null,"entity_id":"Q29643846","candidates":[]}],[],[]],[[{"start":0,"end":29,"url":null,"entity_id":"Q29643843","candidates":[]}],[],[]],[[{"start":0,"end":29,"url":null,"entity_id":"Q29643836","candidates":[]}],[],[]],[[{"start":0,"end":29,"url":null,"entity_id":"Q29643809","candidates":[]}],[],[]],[[{"start":0,"end":28,"url":null,"entity_id":"Q29643616","candidates":[]}],[],[]],[[{"start":0,"end":28,"url":null,"entity_id":"Q29643559","candidates":[]}],[],[]]]}