{"version":"1.2","table":{"version":"2","table_id":"TH3FWK8S","columns":[{"index":0,"name":"col0","values":["Žabalj","Preševo","Ruma","Novi Bečej","Kladovo","Municipality Boljevac","Žabari","Merošina","Vlasotince","Trgovište","Petrovac","Boljevac","Mali Zvornik","Knić","Priboj","Doljevac","Pećinci","Kosjerić","Požega","Trstenik"]},{"index":1,"name":"col1","values":["80","463","169","80","67","263","105","240","234","805","348","733","149","271","882","193","76","415","315","164"]},{"index":2,"name":"col2","values":["400","264","582","609","629","828","264","193","308","370","655","828","184","413","553","121","489","358","426","448"]}]},"context":{"page_title":null,"page_url":null,"page_entity_id":null,"content_hierarchy":[]},"links":[[[{"start":0,"end":6,"url":null,"entity_id":"Q176217","candidates":[]}],[],[]],[[{"start":0,"end":7,"url":null,"entity_id":"Q145871","candidates":[]}],[],[]],[[{"start":0,"end":4,"url":null,"entity_id":"Q144973","candidates":[]}],[],[]],[[{"start":0,"end":10,"url":null,"entity_id":"Q138474","candidates":[]}],[],[]],[[{"start":0,"end":7,"url":null,"entity_id":"Q27163","candidates":[]}],[],[]],[[{"start":0,"end":21,"url":null,"entity_id":"Q2047431","candidates":[]}],[],[]],[[{"start":0,"end":6,"url":null,"entity_id":"Q2019035","candidates":[]}],[],[]],[[{"start":0,"end":8,"url":null,"entity_id":"Q1922000","candidates":[]}],[],[]],[[{"start":0,"end":10,"url":null,"entity_id":"Q1649631","candidates":[]}],[],[]],[[{"start":0,"end":9,"url":null,"entity_id":"Q1551657","candidates":[]}],[],[]],[[{"start":0,"end":8,"url":null,"entity_id":"Q1544334","candidates":[]}],[],[]],[[{"start":0,"end":8,"url":null,"entity_id":"Q1419953","candidates":[]}],[],[]],[[{"start":0,"end":12,"url":null,"entity_id":"Q1282903","candidates":[]}],[],[]],[[{"start":0,"end":4,"url":null,"entity_id":"Q1276528","candidates":[]}],[],[]],[[{"start":0,"end":6,"url":null,"entity_id":"Q1256993","candidates":[]}],[],[]],[[{"start":0,"end":8,"url":null,"entity_id":"Q1235642","candidates":[]}],[],[]],[[{"start":0,"end":7,"url":null,"entity_id":"Q1070018","candidates":[]}],[],[]],[[{"start":0,"end":8,"url":null,"entity_id":"Q1017748","candidates":[]}],[],[]],[[{"start":0,"end":6,"url":null,"entity_id":"Q1013322","candidates":[]}],[],[]],[[{"start":0,"end":8,"url":null,"entity_id":"Q1013189","candidates":[]}],[],[]]]}