{"version":"1.2","table":{"version":"2","table_id":"TLMDJ5NX","columns":[{"index":0,"name":"col0","values":["2013 Rostelecom Cup - ladies' singles short program","2013–14 Grand Prix of Figure Skating Final - pair skating short program","2013–14 Grand Prix of Figure Skating Final - ladies' singles short program","2014 Skate America - pair skating short program","2014 Skate America - ladies' singles short program","2014 Skate Canada International - pair skating short program","2014 Skate Canada International - ladies' singles short program","2013 Rostelecom Cup - men's singles short program","2012 Rostelecom Cup - men's singles short program","2013 NHK Trophy - men's singles short program","2012 NHK Trophy - men's singles short program","2013 Trophée Eric Bompard - men's singles short program","2012 Trophée Eric Bompard - men's singles short program","2013 Cup of China - men's singles short program","2012 Cup of China - men's singles short program","2014 Skate Canada International - men's singles short program","2013 Skate Canada International - men's singles short program","2012 Skate Canada International - men's singles short program","2014 Skate America - men's singles short program","2013 Skate America - men's singles short program"]},{"index":1,"name":"col1","values":["International Skating Union","International Skating Union","International Skating Union","International Skating Union","International Skating Union","International Skating Union","International Skating Union","International Skating Union","International Skating Union","International Skating Union","International Skating Union","International Skating Union","International Skating Union","International Skating Union","International Skating Union","International Skating Union","International Skating Union","International Skating Union","International Skating Union","International Skating Union"]},{"index":2,"name":"col2","values":["2013-11-22","2013-12-06","2013-12-05","2014-10-25","2014-10-25","2014-10-31","2014-10-31","2013-11-22","2012-11-09","2013-11-08","2012-11-23","2013-11-15","2012-11-16","2013-11-01","2012-11-02","2014-10-31","2013-10-25","2012-10-26","2014-10-24","2013-10-18"]},{"index":3,"name":"col3","values":["2013 Rostelecom Cup - ladies' singles","2013–14 Grand Prix of Figure Skating Final - pair skating","2013–14 Grand Prix of Figure Skating Final - ladies' singles","2014 Skate America - pair skating","2014 Skate America - ladies' singles","2014 Skate Canada International - pair skating","2014 Skate Canada International - ladies' singles","2013 Rostelecom Cup - men's singles","2012 Rostelecom Cup - men's singles","2013 NHK Trophy - men's singles","2012 NHK Trophy - men's singles","2013 Trophée Eric Bompard - men's singles","2012 Trophée Eric Bompard - men's singles","2013 Cup of China - men's singles","2012 Cup of China - men's singles","2014 Skate Canada International - men's singles","2013 Skate Canada International - men's singles","2012 Skate Canada International - men's singles","2014 Skate America - men's singles","2013 Skate America - men's singles"]}]},"context":{"page_title":null,"page_url":null,"page_entity_id":null,"content_hierarchy":[]},"links":[[[{"start":0,"end":51,"url":null,"entity_id":"Q62051162","candidates":[]}],[{"start":0,"end":27,"url":null,"entity_id":"Q543115","candidates":[]}],[],[{"start":0,"end":37,"url":null,"entity_id":"Q62051163","candidates":[]}]],[[{"start":0,"end":71,"url":null,"entity_id":"Q62051144","candidates":[]}],[{"start":0,"end":27,"url":null,"entity_id":"Q543115","candidates":[]}],[],[{"start":0,"end":57,"url":null,"entity_id":"Q62051145","candidates":[]}]],[[{"start":0,"end":74,"url":null,"entity_id":"Q62051140","candidates":[]}],[{"start":0,"end":27,"url":null,"entity_id":"Q543115","candidates":[]}],[],[{"start":0,"end":60,"url":null,"entity_id":"Q62051142","candidates":[]}]],[[{"start":0,"end":47,"url":null,"entity_id":"Q62051112","candidates":[]}],[{"start":0,"end":27,"url":null,"entity_id":"Q543115","candidates":[]}],[],[{"start":0,"end":33,"url":null,"entity_id":"Q62051110","candidates":[]}]],[[{"start":0,"end":50,"url":null,"entity_id":"Q62051107","candidates":[]}],[{"start":0,"end":27,"url":null,"entity_id":"Q543115","candidates":[]}],[],[{"start":0,"end":36,"url":null,"entity_id":"Q62051108","candidates":[]}]],[[{"start":0,"end":60,"url":null,"entity_id":"Q62051089","candidates":[]}],[{"start":0,"end":27,"url":null,"entity_id":"Q543115","candidates":[]}],[],[{"start":0,"end":46,"url":null,"entity_id":"Q62051091","candidates":[]}]],[[{"start":0,"end":63,"url":null,"entity_id":"Q62051087","candidates":[]}],[{"start":0,"end":27,"url":null,"entity_id":"Q543115","candidates":[]}],[],[{"start":0,"end":49,"url":null,"entity_id":"Q62051086","candidates":[]}]],[[{"start":0,"end":49,"url":null,"entity_id":"Q62051158","candidates":[]}],[{"start":0,"end":27,"url":null,"entity_id":"Q543115","candidates":[]}],[],[{"start":0,"end":35,"url":null,"entity_id":"Q56751427","candidates":[]}]],[[{"start":0,"end":49,"url":null,"entity_id":"Q62051413","candidates":[]}],[{"start":0,"end":27,"url":null,"entity_id":"Q543115","candidates":[]}],[],[{"start":0,"end":35,"url":null,"entity_id":"Q56558334","candidates":[]}]],[[{"start":0,"end":45,"url":null,"entity_id":"Q62051252","candidates":[]}],[{"start":0,"end":27,"url":null,"entity_id":"Q543115","candidates":[]}],[],[{"start":0,"end":31,"url":null,"entity_id":"Q56556695","candidates":[]}]],[[{"start":0,"end":45,"url":null,"entity_id":"Q62051363","candidates":[]}],[{"start":0,"end":27,"url":null,"entity_id":"Q543115","candidates":[]}],[],[{"start":0,"end":31,"url":null,"entity_id":"Q56556661","candidates":[]}]],[[{"start":0,"end":55,"url":null,"entity_id":"Q62051226","candidates":[]}],[{"start":0,"end":27,"url":null,"entity_id":"Q543115","candidates":[]}],[],[{"start":0,"end":41,"url":null,"entity_id":"Q56299164","candidates":[]}]],[[{"start":0,"end":55,"url":null,"entity_id":"Q62051383","candidates":[]}],[{"start":0,"end":27,"url":null,"entity_id":"Q543115","candidates":[]}],[],[{"start":0,"end":41,"url":null,"entity_id":"Q56299091","candidates":[]}]],[[{"start":0,"end":47,"url":null,"entity_id":"Q62051278","candidates":[]}],[{"start":0,"end":27,"url":null,"entity_id":"Q543115","candidates":[]}],[],[{"start":0,"end":33,"url":null,"entity_id":"Q56279662","candidates":[]}]],[[{"start":0,"end":47,"url":null,"entity_id":"Q62051438","candidates":[]}],[{"start":0,"end":27,"url":null,"entity_id":"Q543115","candidates":[]}],[],[{"start":0,"end":33,"url":null,"entity_id":"Q56277416","candidates":[]}]],[[{"start":0,"end":61,"url":null,"entity_id":"Q62051080","candidates":[]}],[{"start":0,"end":27,"url":null,"entity_id":"Q543115","candidates":[]}],[],[{"start":0,"end":47,"url":null,"entity_id":"Q56259130","candidates":[]}]],[[{"start":0,"end":61,"url":null,"entity_id":"Q62051299","candidates":[]}],[{"start":0,"end":27,"url":null,"entity_id":"Q543115","candidates":[]}],[],[{"start":0,"end":47,"url":null,"entity_id":"Q56259056","candidates":[]}]],[[{"start":0,"end":61,"url":null,"entity_id":"Q62051457","candidates":[]}],[{"start":0,"end":27,"url":null,"entity_id":"Q543115","candidates":[]}],[],[{"start":0,"end":47,"url":null,"entity_id":"Q56259047","candidates":[]}]],[[{"start":0,"end":48,"url":null,"entity_id":"Q62051101","candidates":[]}],[{"start":0,"end":27,"url":null,"entity_id":"Q543115","candidates":[]}],[],[{"start":0,"end":34,"url":null,"entity_id":"Q56257640","candidates":[]}]],[[{"start":0,"end":48,"url":null,"entity_id":"Q62051315","candidates":[]}],[{"start":0,"end":27,"url":null,"entity_id":"Q543115","candidates":[]}],[],[{"start":0,"end":34,"url":null,"entity_id":"Q56257613","candidates":[]}]]]}