{"version":2,"table":{"version":"2","table_id":"20135078_0_7570343137119682530","columns":[{"index":0,"name":"Fans' Rank","values":["101","102","103","104","105","106","107","108","109","110","111","112","113","114","115","116","117","118","119","120","121","122","123","124","125","126","127","128","129","130","131","132","133","134","135","136","137","138","139","140","141","142","143","144","145","146","147","148","149","150","151","152","153","154","155","156","157","158","159","160","161","162","163","164","165","166","167","168","169","170","171","172","173","174","175","176","177","178","179","180","181","182","183","184","185","186","187","188","189","190","191","192","193","194","195","196","197","198","199","200"]},{"index":1,"name":"Title","values":["The Treasure of the Sierra Madre","Groundhog Day","The Seventh Seal","Rash?mon","Duck Soup","City Lights","Do the Right Thing","Crouching Tiger, Hidden Dragon","Manhattan","Ben-Hur","M","Twelve Monkeys","Trainspotting","Paths of Glory","Requiem for a Dream","The Apartment","Network","Rain Man","This Is Spinal Tap","Dances with Wolves","Ran","Mr. Smith Goes to Washington","Mulholland Dr.","The Bicycle Thief","High Noon","Metropolis","The Great Escape","Indiana Jones and the Last Crusade","American History X","The Sting","Modern Times","Being John Malkovich","Good Will Hunting","West Side Story","Dog Day Afternoon","The Professional","King Kong","Clerks.","A Streetcar Named Desire","The 400 Blows","Am?lie","Life Is Beautiful","Rebel without a Cause","Ed Wood","The Big Sleep","The Truman Show","Young Frankenstein","Cool Hand Luke","The Elephant Man","The Untouchables","Patton","Ferris Bueller's Day Off","It Happened One Night","The Conversation","The Philadelphia Story","Glory","Das Boot","The African Queen","Once Upon a Time in America","The Grapes of Wrath","Batman","Raising Arizona","Airplane!","The Night of the Hunter","Stand by Me","Almost Famous","Strangers on a Train","Notorious","The Sound of Music","Boogie Nights","Rebecca","Casino","Bringing Up Baby","The Green Mile","The General","Mean Streets","Moulin Rouge!","Life of Brian","Halloween","Ghostbusters","Kill Bill: Vol. 1","The Fugitive","City of God","Planet of the Apes","Fantasia","Field of Dreams","The Battleship Potemkin","Breathless","The French Connection","The Birds","Run Lola Run","The Rules of the Game","Spartacus","The Best Years of Our Lives","Donnie Darko","Edward Scissorhands","Persona","Beauty and the Beast","The Passion of Joan of Arc","La Dolce Vita"]},{"index":2,"name":"Year","values":["1948","1993","1957","1950","1933","1931","1989","2000","1979","1959","1931","1995","1996","1957","2000","1960","1976","1988","1984","1990","1985","1939","2001","1948","1952","1927","1963","1989","1998","1973","1936","1999","1997","1961","1975","1994","1933","1994","1951","1959","2001","1997","1955","1994","1946","1998","1974","1967","1980","1987","1970","1986","1934","1974","1940","1989","1981","1951","1984","1940","1989","1987","1980","1955","1986","2000","1951","1946","1965","1997","1940","1995","1938","1999","1926","1973","2001","1979","1978","1984","2003","1993","2002","1968","1940","1989","1925","1960","1971","1963","1998","1939","1960","1946","2001","1990","1966","1991","1928","1960"]},{"index":3,"name":"Director(s)","values":["John Huston","Harold Ramis","Ingmar Bergman","Akira Kurosawa","Leo McCarey","Charles Chaplin","Spike Lee","Ang Lee","Woody Allen","William Wyler","Fritz Lang","Terry Gilliam","Danny Boyle","Stanley Kubrick","Darren Aronofsky","Billy Wilder","Sidney Lumet","Barry Levinson","Rob Reiner","Kevin Costner","Akira Kurosawa","Frank Capra","David Lynch","Vittorio De Sica","Fred Zinnemann","Fritz Lang","John Sturges","Steven Spielberg","Tony Kaye","George Roy Hill","Charles Chaplin","Spike Jonze","Gus Van Sant","Jerome Robbins and Robert Wise","Sidney Lumet","Luc Besson","Merian C. Cooper and Ernest B. Schoedsack","Kevin Smith","Elia Kazan","Fran?ois Truffaut","Jean-Pierre Jeunet","Roberto Benigni","Nicholas Ray","Tim Burton","Howard Hawks","Peter Weir","Mel Brooks","Stuart Rosenberg","David Lynch","Brian De Palma","Franklin J. Schaffner","John Hughes","Frank Capra","Francis Ford Coppola","George Cukor","Edward Zwick","Wolfgang Petersen","John Huston","Sergio Leone","John Ford","Tim Burton","Joel Coen","Jerry Zucker, Jim Abrahams, and David Zucker","Charles Laughton","Rob Reiner","Cameron Crowe","Alfred Hitchcock","Alfred Hitchcock","Robert Wise","Paul Thomas Anderson","Alfred Hitchcock","Martin Scorsese","Howard Hawks","Frank Darabont","Clyde Bruckman and Buster Keaton","Martin Scorsese","Baz Luhrmann","Terry Jones","John Carpenter","Ivan Reitman","Quentin Tarantino","Andrew Davis","Fernando Meirelles","Franklin J. Schaffner","James Algar, Samuel Armstrong, Ford Beebe, Norman Ferguson, Jim Handley, T. Hee, Wilfred Jackson, Hamilton Luske, Bill Roberts, and Paul Satterfield","Phil Alden Robinson","Sergei M. Eisenstein","Jean-Luc Godard","William Friedkin","Alfred Hitchcock","Tom Tykwer","Jean Renoir","Stanley Kubrick","William Wyler","Richard Kelly","Tim Burton","Ingmar Bergman","Gary Trousdale and Kirk Wise","Carl Theodor Dreyer","Federico Fellini"]},{"index":4,"name":"Overall Rank","values":["92","130","119","84","56","68","100","165","135","140","75","341","117","152","434","127","221","347","78","213","185","156","310","67","58","53","166","450","706","281","108","319","387","88","285","282","47","322","145","71","182","238","115","497","163","291","260","336","421","408","241","295","69","155","109","395","194","120","207","102","451","528","175","61","315","571","235","104","79","373","225","488","52","560","45","190","219","147","131","314","351","496","227","240","199","245","74","81","151","262","494","70","211","126","212","287","158","246","143","134"]}]},"context":{"version":2,"page_title":null,"page_url":null,"page_entities":[],"content_hierarchy":[]},"links":[[[],[{"version":2,"start":0,"end":32,"url":null,"entities":[{"id":"http://dbpedia.org/resource/The_Treasure_of_the_Sierra_Madre_(film)","type":"dbpedia"},{"id":"http://dbpedia.org/resource/The_Treasure_of_the_Sierra_Madre_(film)","type":"dbpedia"}]}],[],[],[]],[[],[{"version":2,"start":0,"end":13,"url":null,"entities":[{"id":"http://dbpedia.org/resource/Groundhog_Day_(film)","type":"dbpedia"},{"id":"http://dbpedia.org/resource/Groundhog_Day_(movie)","type":"dbpedia"},{"id":"http://dbpedia.org/resource/Groundhog_Day_(film)","type":"dbpedia"},{"id":"http://dbpedia.org/resource/Groundhog_Day_(film","type":"dbpedia"},{"id":"http://dbpedia.org/resource/Groundhog_Day_(1993_movie)","type":"dbpedia"},{"id":"http://dbpedia.org/resource/Groundhog_day_movie","type":"dbpedia"},{"id":"http://dbpedia.org/resource/Ned_Ryerson","type":"dbpedia"},{"id":"http://dbpedia.org/resource/Groundhog_Day_movie","type":"dbpedia"}]}],[],[],[]],[[],[{"version":2,"start":0,"end":16,"url":null,"entities":[{"id":"http://dbpedia.org/resource/The_Seventh_Seal","type":"dbpedia"},{"id":"http://dbpedia.org/resource/The_seventh_seal","type":"dbpedia"},{"id":"http://dbpedia.org/resource/Det_Sjunde_Inseglet","type":"dbpedia"},{"id":"http://dbpedia.org/resource/Det_sjunde_inseglet","type":"dbpedia"},{"id":"http://dbpedia.org/resource/The_Seventh_Seal","type":"dbpedia"},{"id":"http://dbpedia.org/resource/Det_Sjunde_inseglet","type":"dbpedia"},{"id":"http://dbpedia.org/resource/The_Seventh_Seal_(film)","type":"dbpedia"},{"id":"http://dbpedia.org/resource/The_7th_seal","type":"dbpedia"},{"id":"http://dbpedia.org/resource/Sjunde_inseglet","type":"dbpedia"},{"id":"http://dbpedia.org/resource/Seventh_seal","type":"dbpedia"},{"id":"http://dbpedia.org/resource/7th_Seal","type":"dbpedia"},{"id":"http://dbpedia.org/resource/Seventh_Seal","type":"dbpedia"},{"id":"http://dbpedia.org/resource/El_séptimo_sello","type":"dbpedia"}]}],[],[],[]],[[],[{"version":2,"start":0,"end":8,"url":null,"entities":[{"id":"http://dbpedia.org/resource/Rashomon","type":"dbpedia"},{"id":"http://dbpedia.org/resource/Rashōmon_Gate","type":"dbpedia"},{"id":"http://dbpedia.org/resource/Raseimon","type":"dbpedia"},{"id":"http://dbpedia.org/resource/Rasyomon","type":"dbpedia"},{"id":"http://dbpedia.org/resource/RASHOMON_(1951)","type":"dbpedia"},{"id":"http://dbpedia.org/resource/Rashomon","type":"dbpedia"},{"id":"http://dbpedia.org/resource/Rashamon","type":"dbpedia"},{"id":"http://dbpedia.org/resource/Rashoman","type":"dbpedia"},{"id":"http://dbpedia.org/resource/Rashaman","type":"dbpedia"},{"id":"http://dbpedia.org/resource/Rasyomon_Gate","type":"dbpedia"},{"id":"http://dbpedia.org/resource/Rashōmon_(film)","type":"dbpedia"},{"id":"http://dbpedia.org/resource/Rajyomon_Gate","type":"dbpedia"},{"id":"http://dbpedia.org/resource/Rashomon_(film)","type":"dbpedia"},{"id":"http://dbpedia.org/resource/Roshomon","type":"dbpedia"},{"id":"http://dbpedia.org/resource/Rashōmon","type":"dbpedia"},{"id":"http://dbpedia.org/resource/Rashoumon","type":"dbpedia"},{"id":"http://dbpedia.org/resource/Rashomon_(gate)","type":"dbpedia"},{"id":"http://dbpedia.org/resource/Rashomon_(movie)","type":"dbpedia"},{"id":"http://dbpedia.org/resource/Razyomon_Gate","type":"dbpedia"},{"id":"http://dbpedia.org/resource/Rashomon_(Kurosawa_film)","type":"dbpedia"},{"id":"http://dbpedia.org/resource/Rajomon_Gate","type":"dbpedia"},{"id":"http://dbpedia.org/resource/Rashômon","type":"dbpedia"}]}],[],[],[]],[[],[{"version":2,"start":0,"end":9,"url":null,"entities":[{"id":"http://dbpedia.org/resource/Duck_Soup_(1933_film)","type":"dbpedia"},{"id":"http://dbpedia.org/resource/DUCK_SOUP_(1933)","type":"dbpedia"},{"id":"http://dbpedia.org/resource/Duck_Soup_(Marx_Brothers)","type":"dbpedia"},{"id":"http://dbpedia.org/resource/Rufus_T._Firefly","type":"dbpedia"},{"id":"http://dbpedia.org/resource/Duck_Soup_(1933_film)","type":"dbpedia"},{"id":"http://dbpedia.org/resource/Rufus_t_firefly","type":"dbpedia"}]}],[],[],[]],[[],[{"version":2,"start":0,"end":11,"url":null,"entities":[{"id":"http://dbpedia.org/resource/City_Lights","type":"dbpedia"},{"id":"http://dbpedia.org/resource/City_Lights","type":"dbpedia"}]}],[],[],[]],[[],[{"version":2,"start":0,"end":18,"url":null,"entities":[{"id":"http://dbpedia.org/resource/Do_the_Right_Thing","type":"dbpedia"},{"id":"http://dbpedia.org/resource/Sal's_Famous_Pizzeria","type":"dbpedia"},{"id":"http://dbpedia.org/resource/Do_the_right_thing","type":"dbpedia"},{"id":"http://dbpedia.org/resource/Radio_raheem","type":"dbpedia"},{"id":"http://dbpedia.org/resource/Radio_Raheem","type":"dbpedia"},{"id":"http://dbpedia.org/resource/Do_The_Right_Thing","type":"dbpedia"},{"id":"http://dbpedia.org/resource/Do_the_Right_Thing","type":"dbpedia"}]}],[],[],[]],[[],[{"version":2,"start":0,"end":30,"url":null,"entities":[{"id":"http://dbpedia.org/resource/Crouching_Tiger,_Hidden_Dragon","type":"dbpedia"},{"id":"http://dbpedia.org/resource/臥虎藏龍","type":"dbpedia"},{"id":"http://dbpedia.org/resource/Green_Destiny","type":"dbpedia"},{"id":"http://dbpedia.org/resource/Yú_Xiùlián","type":"dbpedia"},{"id":"http://dbpedia.org/resource/Yü_Hsiulien","type":"dbpedia"},{"id":"http://dbpedia.org/resource/Crouching_Tiger,_Hidden_Dragon_(iflm)","type":"dbpedia"},{"id":"http://dbpedia.org/resource/Crouching_Tiger,_Hidden_Dragon","type":"dbpedia"},{"id":"http://dbpedia.org/resource/Wo_Hu_Cang_Long","type":"dbpedia"},{"id":"http://dbpedia.org/resource/Wo-hu_Ts'ang-lung","type":"dbpedia"},{"id":"http://dbpedia.org/resource/Yü_Hsiu-lien","type":"dbpedia"},{"id":"http://dbpedia.org/resource/CTHD","type":"dbpedia"},{"id":"http://dbpedia.org/resource/Crouching_tiger","type":"dbpedia"},{"id":"http://dbpedia.org/resource/Crouching_Tiger,_Hidden_Dragon_II_-_The_Green_Destiny","type":"dbpedia"},{"id":"http://dbpedia.org/resource/Li_Mubai","type":"dbpedia"},{"id":"http://dbpedia.org/resource/Luo_Hsiao-hu","type":"dbpedia"},{"id":"http://dbpedia.org/resource/Lǐ_Mùbái","type":"dbpedia"},{"id":"http://dbpedia.org/resource/Yu_Hsiu-lien","type":"dbpedia"},{"id":"http://dbpedia.org/resource/Yu_Chiaolung","type":"dbpedia"},{"id":"http://dbpedia.org/resource/Yü_Chiao-lung","type":"dbpedia"},{"id":"http://dbpedia.org/resource/Crouching_Tiger,_Hidden_Dragon_2_-_The_Green_Destiny","type":"dbpedia"},{"id":"http://dbpedia.org/resource/Luo_Xiaohu","type":"dbpedia"},{"id":"http://dbpedia.org/resource/Crouching_Tiger,_Hidden_Dragon_II","type":"dbpedia"},{"id":"http://dbpedia.org/resource/Yu_Chiao-lung","type":"dbpedia"},{"id":"http://dbpedia.org/resource/Yü_Chiaolung","type":"dbpedia"},{"id":"http://dbpedia.org/resource/Li_Mu-pai","type":"dbpedia"},{"id":"http://dbpedia.org/resource/Yu_Shu_Lien","type":"dbpedia"},{"id":"http://dbpedia.org/resource/Crouching_Tiger_Hidden_Dragon","type":"dbpedia"},{"id":"http://dbpedia.org/resource/Li_Mupai","type":"dbpedia"},{"id":"http://dbpedia.org/resource/Yu_Hsiulien","type":"dbpedia"},{"id":"http://dbpedia.org/resource/The_Green_Destiny","type":"dbpedia"},{"id":"http://dbpedia.org/resource/Luo_Hsiaohu","type":"dbpedia"},{"id":"http://dbpedia.org/resource/Yu_Xiulian","type":"dbpedia"},{"id":"http://dbpedia.org/resource/Wohu_Canglong","type":"dbpedia"},{"id":"http://dbpedia.org/resource/Crouching_Tiger,_Hiden_Dragon","type":"dbpedia"},{"id":"http://dbpedia.org/resource/Yu_Jiaolong","type":"dbpedia"},{"id":"http://dbpedia.org/resource/GreenDestiny","type":"dbpedia"},{"id":"http://dbpedia.org/resource/Li_Mu_Bai","type":"dbpedia"},{"id":"http://dbpedia.org/resource/Crouching_Tiger,_Hidden_Dragon_(film)","type":"dbpedia"},{"id":"http://dbpedia.org/resource/Crouching_Tiger","type":"dbpedia"},{"id":"http://dbpedia.org/resource/Wo_hu_cang_long","type":"dbpedia"},{"id":"http://dbpedia.org/resource/Crouching_tiger_hidden_dragon","type":"dbpedia"},{"id":"http://dbpedia.org/resource/Hidden_Dragon_Crouching_Tiger","type":"dbpedia"},{"id":"http://dbpedia.org/resource/Luó_Xiǎohǔ","type":"dbpedia"},{"id":"http://dbpedia.org/resource/Crouching_Tiger,_Hidden_Dragon_(2000)","type":"dbpedia"},{"id":"http://dbpedia.org/resource/Wòhu_Cánglóng","type":"dbpedia"},{"id":"http://dbpedia.org/resource/Yù_Jiāolóng","type":"dbpedia"},{"id":"http://dbpedia.org/resource/Crouching_Tiger_and_Hidden_Dragon","type":"dbpedia"},{"id":"http://dbpedia.org/resource/Dark_Cloud_(Crouching_Tiger,_Hidden_Dragon)","type":"dbpedia"}]}],[],[],[]],[[],[{"version":2,"start":0,"end":9,"url":null,"entities":[{"id":"http://dbpedia.org/resource/Manhattan_(film)","type":"dbpedia"},{"id":"http://dbpedia.org/resource/Manhattan_(1979_film)","type":"dbpedia"},{"id":"http://dbpedia.org/resource/Manhattan_(1979_movie)","type":"dbpedia"},{"id":"http://dbpedia.org/resource/Manhattan_(film)","type":"dbpedia"}]}],[],[],[]],[[],[{"version":2,"start":0,"end":7,"url":null,"entities":[{"id":"http://dbpedia.org/resource/Ben-Hur_(1959_film)","type":"dbpedia"},{"id":"http://dbpedia.org/resource/Ben-Hur_(1959_movie)","type":"dbpedia"},{"id":"http://dbpedia.org/resource/Ben-Hur_(1959_film)","type":"dbpedia"},{"id":"http://dbpedia.org/resource/Ben-hur_(1959_film)","type":"dbpedia"},{"id":"http://dbpedia.org/resource/Ben_Hur_(1959_film)","type":"dbpedia"}]}],[],[],[]],[[],[{"version":2,"start":0,"end":1,"url":null,"entities":[{"id":"http://dbpedia.org/resource/M_%281931_film%29","type":"dbpedia"},{"id":"http://dbpedia.org/resource/M_%281931_film%29","type":"dbpedia"}]}],[],[],[]],[[],[{"version":2,"start":0,"end":14,"url":null,"entities":[{"id":"http://dbpedia.org/resource/12_Monkeys","type":"dbpedia"},{"id":"http://dbpedia.org/resource/Twelve_Monkeys_(film)","type":"dbpedia"},{"id":"http://dbpedia.org/resource/Jeffrey_Goines","type":"dbpedia"},{"id":"http://dbpedia.org/resource/Twelve_Monkeys_(12_Monkeys)","type":"dbpedia"},{"id":"http://dbpedia.org/resource/Kathryn_Railly","type":"dbpedia"},{"id":"http://dbpedia.org/resource/Twelve_monkeys","type":"dbpedia"},{"id":"http://dbpedia.org/resource/12_Monkeys","type":"dbpedia"},{"id":"http://dbpedia.org/resource/12_monkeys","type":"dbpedia"},{"id":"http://dbpedia.org/resource/Army_of_the_Twelve_Monkeys","type":"dbpedia"},{"id":"http://dbpedia.org/resource/Twelve_monkeys_(1995)","type":"dbpedia"},{"id":"http://dbpedia.org/resource/Army_of_the_12_monkeys","type":"dbpedia"},{"id":"http://dbpedia.org/resource/12_monkies","type":"dbpedia"},{"id":"http://dbpedia.org/resource/Twelve_Monkeys","type":"dbpedia"},{"id":"http://dbpedia.org/resource/12_Monkeys_(film)","type":"dbpedia"},{"id":"http://dbpedia.org/resource/Twelve_monkies","type":"dbpedia"},{"id":"http://dbpedia.org/resource/The_12_Monkeys","type":"dbpedia"},{"id":"http://dbpedia.org/resource/Bob_Adrian","type":"dbpedia"}]}],[],[],[]],[[],[{"version":2,"start":0,"end":13,"url":null,"entities":[{"id":"http://dbpedia.org/resource/Trainspotting_(film)","type":"dbpedia"},{"id":"http://dbpedia.org/resource/Trainspotting_(film)","type":"dbpedia"},{"id":"http://dbpedia.org/resource/Trainspotting_(movie)","type":"dbpedia"}]}],[],[],[]],[[],[{"version":2,"start":0,"end":14,"url":null,"entities":[{"id":"http://dbpedia.org/resource/Paths_of_Glory","type":"dbpedia"},{"id":"http://dbpedia.org/resource/Paths_of_Glory","type":"dbpedia"},{"id":"http://dbpedia.org/resource/Paths_of_Glory_(film).","type":"dbpedia"},{"id":"http://dbpedia.org/resource/Paths_Of_Glory","type":"dbpedia"},{"id":"http://dbpedia.org/resource/Paths_of_Glory_(film)","type":"dbpedia"},{"id":"http://dbpedia.org/resource/Path_of_Glory","type":"dbpedia"},{"id":"http://dbpedia.org/resource/PATHS_OF_GLORY_(1958)","type":"dbpedia"},{"id":"http://dbpedia.org/resource/Paths_of_glory","type":"dbpedia"}]}],[],[],[]],[[],[{"version":2,"start":0,"end":19,"url":null,"entities":[{"id":"http://dbpedia.org/resource/Requiem_for_a_Dream","type":"dbpedia"},{"id":"http://dbpedia.org/resource/Requiem_of_a_Dream","type":"dbpedia"},{"id":"http://dbpedia.org/resource/Requiem_for_a_dream","type":"dbpedia"},{"id":"http://dbpedia.org/resource/Requiem_for_a_Dream_(film)","type":"dbpedia"},{"id":"http://dbpedia.org/resource/RFAD","type":"dbpedia"},{"id":"http://dbpedia.org/resource/Sara_Goldfarb","type":"dbpedia"},{"id":"http://dbpedia.org/resource/Requiem_For_A_Dream","type":"dbpedia"},{"id":"http://dbpedia.org/resource/Tappy_Tibbons","type":"dbpedia"},{"id":"http://dbpedia.org/resource/Requiem_for_a_Dream","type":"dbpedia"},{"id":"http://dbpedia.org/resource/Requiem_of_a_dream","type":"dbpedia"},{"id":"http://dbpedia.org/resource/Requiem_For_a_Dream","type":"dbpedia"}]}],[],[],[]],[[],[{"version":2,"start":0,"end":13,"url":null,"entities":[{"id":"http://dbpedia.org/resource/The_Apartment","type":"dbpedia"},{"id":"http://dbpedia.org/resource/The_apartment","type":"dbpedia"},{"id":"http://dbpedia.org/resource/The_Apartment","type":"dbpedia"}]}],[],[],[]],[[],[{"version":2,"start":0,"end":7,"url":null,"entities":[{"id":"http://dbpedia.org/resource/Network_(film)","type":"dbpedia"},{"id":"http://dbpedia.org/resource/Network_movie","type":"dbpedia"},{"id":"http://dbpedia.org/resource/Network_film","type":"dbpedia"},{"id":"http://dbpedia.org/resource/Union_Broadcasting_System","type":"dbpedia"},{"id":"http://dbpedia.org/resource/I'm_as_mad_as_hell,_and_I'm_not_going_to_take_this_anymore","type":"dbpedia"},{"id":"http://dbpedia.org/resource/Network_(film)","type":"dbpedia"},{"id":"http://dbpedia.org/resource/NETWORK_(1976)","type":"dbpedia"},{"id":"http://dbpedia.org/resource/I'm_as_mad_as_hell,_and_I'm_not_going_to_take_this_anymore!","type":"dbpedia"},{"id":"http://dbpedia.org/resource/Ecumenical_Liberation_Army","type":"dbpedia"},{"id":"http://dbpedia.org/resource/Howard_beal","type":"dbpedia"},{"id":"http://dbpedia.org/resource/Network_(movie)","type":"dbpedia"}]}],[],[],[]],[[],[{"version":2,"start":0,"end":8,"url":null,"entities":[{"id":"http://dbpedia.org/resource/Rain_Man","type":"dbpedia"},{"id":"http://dbpedia.org/resource/Raymond_Babbitt","type":"dbpedia"},{"id":"http://dbpedia.org/resource/Rainman","type":"dbpedia"},{"id":"http://dbpedia.org/resource/The_Rain_Man","type":"dbpedia"},{"id":"http://dbpedia.org/resource/Rain_Man_(Song)","type":"dbpedia"},{"id":"http://dbpedia.org/resource/Charlie_Babbitt","type":"dbpedia"},{"id":"http://dbpedia.org/resource/Rain_Man","type":"dbpedia"},{"id":"http://dbpedia.org/resource/Rain_man","type":"dbpedia"}]}],[],[],[]],[[],[{"version":2,"start":0,"end":18,"url":null,"entities":[{"id":"http://dbpedia.org/resource/This_Is_Spinal_Tap","type":"dbpedia"},{"id":"http://dbpedia.org/resource/Ian_Faith","type":"dbpedia"},{"id":"http://dbpedia.org/resource/Artie_Fufkin","type":"dbpedia"},{"id":"http://dbpedia.org/resource/This_is_Spinal_Tap","type":"dbpedia"},{"id":"http://dbpedia.org/resource/The_Return_of_Spinal_Tap","type":"dbpedia"},{"id":"http://dbpedia.org/resource/Marti_DeBergi","type":"dbpedia"},{"id":"http://dbpedia.org/resource/Marty_DiBergi","type":"dbpedia"},{"id":"http://dbpedia.org/resource/This_Is_Spın̈al_Tap","type":"dbpedia"},{"id":"http://dbpedia.org/resource/This_Is_Spınal_Tap","type":"dbpedia"},{"id":"http://dbpedia.org/resource/This_Is_Spin̈al_Tap","type":"dbpedia"},{"id":"http://dbpedia.org/resource/Spinal_Tap_(movie)","type":"dbpedia"},{"id":"http://dbpedia.org/resource/This_Is_Spinal_Tap","type":"dbpedia"},{"id":"http://dbpedia.org/resource/Marti_Di_Bergi","type":"dbpedia"}]}],[],[],[]],[[],[{"version":2,"start":0,"end":18,"url":null,"entities":[{"id":"http://dbpedia.org/resource/Dances_with_Wolves","type":"dbpedia"},{"id":"http://dbpedia.org/resource/Dancing_with_wolves","type":"dbpedia"},{"id":"http://dbpedia.org/resource/Dances_with_Wolves","type":"dbpedia"},{"id":"http://dbpedia.org/resource/The_Holy_Road","type":"dbpedia"},{"id":"http://dbpedia.org/resource/Dances_With_Wolves","type":"dbpedia"},{"id":"http://dbpedia.org/resource/Holy_Road","type":"dbpedia"},{"id":"http://dbpedia.org/resource/Dances_With_the_Wolves","type":"dbpedia"},{"id":"http://dbpedia.org/resource/Dances_with_wolves","type":"dbpedia"}]}],[],[],[]],[[],[{"version":2,"start":0,"end":3,"url":null,"entities":[{"id":"http://dbpedia.org/resource/Ran_(film)","type":"dbpedia"},{"id":"http://dbpedia.org/resource/Characters_in_Ran","type":"dbpedia"},{"id":"http://dbpedia.org/resource/Characters_in_Ran_(film)","type":"dbpedia"},{"id":"http://dbpedia.org/resource/Ran_(1985_movie)","type":"dbpedia"},{"id":"http://dbpedia.org/resource/Ran_-_Movie","type":"dbpedia"},{"id":"http://dbpedia.org/resource/Ran_(movie)","type":"dbpedia"},{"id":"http://dbpedia.org/resource/Ichimonji_Hidetora","type":"dbpedia"},{"id":"http://dbpedia.org/resource/乱","type":"dbpedia"},{"id":"http://dbpedia.org/resource/Ran_(1985_film)","type":"dbpedia"},{"id":"http://dbpedia.org/resource/Ran_(film)","type":"dbpedia"}]}],[],[],[]],[[],[{"version":2,"start":0,"end":28,"url":null,"entities":[{"id":"http://dbpedia.org/resource/Mr._Smith_Goes_to_Washington","type":"dbpedia"},{"id":"http://dbpedia.org/resource/Mr._Smith_Goes_To_Washington","type":"dbpedia"},{"id":"http://dbpedia.org/resource/Jackson_City","type":"dbpedia"},{"id":"http://dbpedia.org/resource/Mister_Smith_Goes_To_Washington","type":"dbpedia"},{"id":"http://dbpedia.org/resource/Mr._Smith_goes_to_Washington","type":"dbpedia"},{"id":"http://dbpedia.org/resource/Mr_Smith_Goes_To_Washington","type":"dbpedia"},{"id":"http://dbpedia.org/resource/Mr_smith_goes_to_washington","type":"dbpedia"},{"id":"http://dbpedia.org/resource/Mr_Smith_Goes_to_Washington","type":"dbpedia"},{"id":"http://dbpedia.org/resource/The_Gentleman_From_Montana","type":"dbpedia"},{"id":"http://dbpedia.org/resource/Sen._Joseph_Harrison_Paine","type":"dbpedia"},{"id":"http://dbpedia.org/resource/Senator_Joseph_Harrison_Paine","type":"dbpedia"},{"id":"http://dbpedia.org/resource/Mister_Smith_Goes_to_Washington","type":"dbpedia"},{"id":"http://dbpedia.org/resource/Joseph_Harrison_Paine","type":"dbpedia"},{"id":"http://dbpedia.org/resource/Mr._Smith_Goes_to_Washington","type":"dbpedia"}]}],[],[],[]],[[],[{"version":2,"start":0,"end":14,"url":null,"entities":[{"id":"http://dbpedia.org/resource/Mulholland_Drive_(film)","type":"dbpedia"},{"id":"http://dbpedia.org/resource/Mullholland_Drive_(film)","type":"dbpedia"},{"id":"http://dbpedia.org/resource/Mulholland_Drive_(film)","type":"dbpedia"},{"id":"http://dbpedia.org/resource/The_Sylvia_North_Story","type":"dbpedia"},{"id":"http://dbpedia.org/resource/Mulholland_Drive_(movie)","type":"dbpedia"},{"id":"http://dbpedia.org/resource/Adam_kesher","type":"dbpedia"},{"id":"http://dbpedia.org/resource/Mulholland_Dr._(film)","type":"dbpedia"},{"id":"http://dbpedia.org/resource/Club_Silencio","type":"dbpedia"}]}],[],[],[]],[[],[{"version":2,"start":0,"end":17,"url":null,"entities":[{"id":"http://dbpedia.org/resource/Bicycle_Thieves","type":"dbpedia"},{"id":"http://dbpedia.org/resource/THE_BICYCLE_THIEF_(1948)","type":"dbpedia"},{"id":"http://dbpedia.org/resource/Ladri_di_biciclette","type":"dbpedia"},{"id":"http://dbpedia.org/resource/Bicycle_thieves","type":"dbpedia"},{"id":"http://dbpedia.org/resource/Ladri_di_biciclette_(The_Bicycle_Thief)","type":"dbpedia"},{"id":"http://dbpedia.org/resource/The_Bicycle_Thief","type":"dbpedia"},{"id":"http://dbpedia.org/resource/The_Bicycle_Thief_(film)","type":"dbpedia"},{"id":"http://dbpedia.org/resource/The_Bicycle_Thieves","type":"dbpedia"},{"id":"http://dbpedia.org/resource/Bicycle_Thieves","type":"dbpedia"}]}],[],[],[]],[[],[{"version":2,"start":0,"end":9,"url":null,"entities":[{"id":"http://dbpedia.org/resource/High_Noon","type":"dbpedia"},{"id":"http://dbpedia.org/resource/High_Noon","type":"dbpedia"},{"id":"http://dbpedia.org/resource/High_Noon_(1952_film)","type":"dbpedia"},{"id":"http://dbpedia.org/resource/High_Noon_(movie)","type":"dbpedia"},{"id":"http://dbpedia.org/resource/High_noon","type":"dbpedia"},{"id":"http://dbpedia.org/resource/High_Noon_(film)","type":"dbpedia"}]}],[],[],[]],[[],[{"version":2,"start":0,"end":10,"url":null,"entities":[{"id":"http://dbpedia.org/resource/Metropolis_(1927_film)","type":"dbpedia"},{"id":"http://dbpedia.org/resource/Hel_(Metropolis)","type":"dbpedia"},{"id":"http://dbpedia.org/resource/Metropolis_(1927_movie)","type":"dbpedia"},{"id":"http://dbpedia.org/resource/Metropolis_(film)","type":"dbpedia"},{"id":"http://dbpedia.org/resource/Metropolis_(1927_film)","type":"dbpedia"}]}],[],[],[]],[[],[{"version":2,"start":0,"end":16,"url":null,"entities":[{"id":"http://dbpedia.org/resource/The_Great_Escape_(film)","type":"dbpedia"},{"id":"http://dbpedia.org/resource/Gesprengte_Ketten","type":"dbpedia"},{"id":"http://dbpedia.org/resource/Virgil_Hilts","type":"dbpedia"},{"id":"http://dbpedia.org/resource/The_Great_Escape_(film)_fact_versus_fiction","type":"dbpedia"},{"id":"http://dbpedia.org/resource/The_Great_Escape_(movie)","type":"dbpedia"},{"id":"http://dbpedia.org/resource/Factual_accuracy_of_The_Great_Escape","type":"dbpedia"},{"id":"http://dbpedia.org/resource/Great_escape_steve_mcqueen","type":"dbpedia"},{"id":"http://dbpedia.org/resource/The_Great_Escape_(film)","type":"dbpedia"}]}],[],[],[]],[[],[{"version":2,"start":0,"end":34,"url":null,"entities":[{"id":"http://dbpedia.org/resource/Indiana_Jones_and_the_Last_Crusade","type":"dbpedia"},{"id":"http://dbpedia.org/resource/Indiana_Jones_&_The_Last_Crusade","type":"dbpedia"},{"id":"http://dbpedia.org/resource/Indiana_jones_3","type":"dbpedia"},{"id":"http://dbpedia.org/resource/Indiana_Jones_3","type":"dbpedia"},{"id":"http://dbpedia.org/resource/IJ3","type":"dbpedia"},{"id":"http://dbpedia.org/resource/Indy_3","type":"dbpedia"},{"id":"http://dbpedia.org/resource/Indiana_Jones_And_The_Last_Crusade","type":"dbpedia"},{"id":"http://dbpedia.org/resource/Indiana_Jones_and_the_Last_Crusade","type":"dbpedia"},{"id":"http://dbpedia.org/resource/Indiana_Jones_and_the_last_crusade","type":"dbpedia"},{"id":"http://dbpedia.org/resource/Indiana_jones_iii","type":"dbpedia"},{"id":"http://dbpedia.org/resource/Cross_of_Coronado","type":"dbpedia"},{"id":"http://dbpedia.org/resource/IJATLC","type":"dbpedia"},{"id":"http://dbpedia.org/resource/Indiana_Jones_&_the_Last_Crusade","type":"dbpedia"},{"id":"http://dbpedia.org/resource/Last_Crusade","type":"dbpedia"}]}],[],[],[]],[[],[{"version":2,"start":0,"end":18,"url":null,"entities":[{"id":"http://dbpedia.org/resource/American_History_X","type":"dbpedia"},{"id":"http://dbpedia.org/resource/American_history_x","type":"dbpedia"},{"id":"http://dbpedia.org/resource/Derek_Vinyard","type":"dbpedia"},{"id":"http://dbpedia.org/resource/Historyx.com","type":"dbpedia"},{"id":"http://dbpedia.org/resource/Danny_Vinyard","type":"dbpedia"},{"id":"http://dbpedia.org/resource/American_History_X","type":"dbpedia"},{"id":"http://dbpedia.org/resource/White_man_marches_on","type":"dbpedia"},{"id":"http://dbpedia.org/resource/Daniel_Vinyard","type":"dbpedia"}]}],[],[],[]],[[],[{"version":2,"start":0,"end":9,"url":null,"entities":[{"id":"http://dbpedia.org/resource/The_Sting","type":"dbpedia"},{"id":"http://dbpedia.org/resource/The_Sting_(film)","type":"dbpedia"},{"id":"http://dbpedia.org/resource/The_sting","type":"dbpedia"},{"id":"http://dbpedia.org/resource/The_Sting","type":"dbpedia"},{"id":"http://dbpedia.org/resource/Doyle_Lonnegan","type":"dbpedia"}]}],[],[],[]],[[],[{"version":2,"start":0,"end":12,"url":null,"entities":[{"id":"http://dbpedia.org/resource/Modern_Times_(film)","type":"dbpedia"},{"id":"http://dbpedia.org/resource/MODERN_TIMES_(1936)","type":"dbpedia"},{"id":"http://dbpedia.org/resource/Modern_Times_(film)","type":"dbpedia"}]}],[],[],[]],[[],[{"version":2,"start":0,"end":20,"url":null,"entities":[{"id":"http://dbpedia.org/resource/Being_John_Malkovich","type":"dbpedia"},{"id":"http://dbpedia.org/resource/Craig_Schwartz","type":"dbpedia"},{"id":"http://dbpedia.org/resource/Being_John_Malkovitch","type":"dbpedia"},{"id":"http://dbpedia.org/resource/Dans_la_peau_de_John_Malkovich","type":"dbpedia"},{"id":"http://dbpedia.org/resource/Being_john_malkovich","type":"dbpedia"},{"id":"http://dbpedia.org/resource/Being_John_Malcovich","type":"dbpedia"},{"id":"http://dbpedia.org/resource/John_Horatio_Malkovich","type":"dbpedia"},{"id":"http://dbpedia.org/resource/Being_John_Malkovich","type":"dbpedia"}]}],[],[],[]],[[],[{"version":2,"start":0,"end":17,"url":null,"entities":[{"id":"http://dbpedia.org/resource/Good_Will_Hunting","type":"dbpedia"},{"id":"http://dbpedia.org/resource/Goodwill_Hunting","type":"dbpedia"},{"id":"http://dbpedia.org/resource/Good_Wil_Hunting","type":"dbpedia"},{"id":"http://dbpedia.org/resource/Good_Will_Hunting","type":"dbpedia"},{"id":"http://dbpedia.org/resource/Dr._Sean_Maguire","type":"dbpedia"},{"id":"http://dbpedia.org/resource/Will_Hunting","type":"dbpedia"},{"id":"http://dbpedia.org/resource/Good_will_hunting","type":"dbpedia"}]}],[],[],[]],[[],[{"version":2,"start":0,"end":15,"url":null,"entities":[{"id":"http://dbpedia.org/resource/West_Side_Story_(film)","type":"dbpedia"},{"id":"http://dbpedia.org/resource/West_Side_Story_(film)","type":"dbpedia"},{"id":"http://dbpedia.org/resource/West_side_story(film)","type":"dbpedia"},{"id":"http://dbpedia.org/resource/West_side_story_(film)","type":"dbpedia"},{"id":"http://dbpedia.org/resource/West_Side_Story_(movie)","type":"dbpedia"}]}],[],[],[]],[[],[{"version":2,"start":0,"end":17,"url":null,"entities":[{"id":"http://dbpedia.org/resource/Dog_Day_Afternoon","type":"dbpedia"},{"id":"http://dbpedia.org/resource/The_Boys_in_the_Bank","type":"dbpedia"},{"id":"http://dbpedia.org/resource/Dog_Day_Afternoon","type":"dbpedia"}]}],[],[],[]],[[],[{"version":2,"start":0,"end":16,"url":null,"entities":[{"id":"http://dbpedia.org/resource/L%C3%A9on:_The_Professional","type":"dbpedia"},{"id":"http://dbpedia.org/resource/L%C3%A9on:_The_Professional","type":"dbpedia"}]}],[],[],[]],[[],[{"version":2,"start":0,"end":9,"url":null,"entities":[{"id":"http://dbpedia.org/resource/King_Kong_(1933_film)","type":"dbpedia"},{"id":"http://dbpedia.org/resource/King_Kong_original","type":"dbpedia"},{"id":"http://dbpedia.org/resource/King_Kong_(1933_film)","type":"dbpedia"},{"id":"http://dbpedia.org/resource/King_kong_1","type":"dbpedia"},{"id":"http://dbpedia.org/resource/King_Kong(1933_film)","type":"dbpedia"},{"id":"http://dbpedia.org/resource/The_Lost_Spider_Pit_Sequence","type":"dbpedia"},{"id":"http://dbpedia.org/resource/King_Kong_(1933)","type":"dbpedia"}]}],[],[],[]],[[],[{"version":2,"start":0,"end":7,"url":null,"entities":[{"id":"http://dbpedia.org/resource/Clerks","type":"dbpedia"},{"id":"http://dbpedia.org/resource/Big_Choice_Video","type":"dbpedia"},{"id":"http://dbpedia.org/resource/Clerks_X","type":"dbpedia"},{"id":"http://dbpedia.org/resource/Dante_And_Randall","type":"dbpedia"},{"id":"http://dbpedia.org/resource/Quick_Stop","type":"dbpedia"},{"id":"http://dbpedia.org/resource/Clerks_III","type":"dbpedia"},{"id":"http://dbpedia.org/resource/Clerks_(film)","type":"dbpedia"},{"id":"http://dbpedia.org/resource/Clerks_(movie)","type":"dbpedia"},{"id":"http://dbpedia.org/resource/Clerks_movie","type":"dbpedia"},{"id":"http://dbpedia.org/resource/Clerks","type":"dbpedia"},{"id":"http://dbpedia.org/resource/Clerks_3","type":"dbpedia"},{"id":"http://dbpedia.org/resource/Clerks.","type":"dbpedia"},{"id":"http://dbpedia.org/resource/I'm_37!!","type":"dbpedia"}]}],[],[],[]],[[],[{"version":2,"start":0,"end":24,"url":null,"entities":[{"id":"http://dbpedia.org/resource/A_Streetcar_Named_Desire_(1951_film)","type":"dbpedia"},{"id":"http://dbpedia.org/resource/A_Streetcar_Named_Desire_(1951_movie)","type":"dbpedia"},{"id":"http://dbpedia.org/resource/A_Streetcar_Named_Desire_(1951_film)","type":"dbpedia"}]}],[],[],[]],[[],[{"version":2,"start":0,"end":13,"url":null,"entities":[{"id":"http://dbpedia.org/resource/The_400_Blows","type":"dbpedia"},{"id":"http://dbpedia.org/resource/400_blows","type":"dbpedia"},{"id":"http://dbpedia.org/resource/400_coups","type":"dbpedia"},{"id":"http://dbpedia.org/resource/Les_Quatre_Cent_Coups","type":"dbpedia"},{"id":"http://dbpedia.org/resource/The_400_Blows","type":"dbpedia"},{"id":"http://dbpedia.org/resource/Les_Quatre_cents_coups","type":"dbpedia"},{"id":"http://dbpedia.org/resource/THE_400_BLOWS_(1959)","type":"dbpedia"},{"id":"http://dbpedia.org/resource/Les_quatre_cents_coups","type":"dbpedia"},{"id":"http://dbpedia.org/resource/The_Four_Hundred_Blows","type":"dbpedia"}]}],[],[],[]],[[],[{"version":2,"start":0,"end":6,"url":null,"entities":[{"id":"http://dbpedia.org/resource/Am%C3%A9lie","type":"dbpedia"},{"id":"http://dbpedia.org/resource/Am%C3%A9lie","type":"dbpedia"}]}],[],[],[]],[[],[{"version":2,"start":0,"end":17,"url":null,"entities":[{"id":"http://dbpedia.org/resource/Life_Is_Beautiful","type":"dbpedia"},{"id":"http://dbpedia.org/resource/Life_Is_Beautiful","type":"dbpedia"},{"id":"http://dbpedia.org/resource/La_Vita_e_bella","type":"dbpedia"},{"id":"http://dbpedia.org/resource/La_vita_e_bella","type":"dbpedia"},{"id":"http://dbpedia.org/resource/La_vita_e_bella_(song)","type":"dbpedia"},{"id":"http://dbpedia.org/resource/It's_a_Beautiful_Life","type":"dbpedia"},{"id":"http://dbpedia.org/resource/La_Vita_è_Bella","type":"dbpedia"},{"id":"http://dbpedia.org/resource/La_Vita_e_Bella","type":"dbpedia"},{"id":"http://dbpedia.org/resource/La_Vita_E_Bella","type":"dbpedia"},{"id":"http://dbpedia.org/resource/La_Vita_è_bella","type":"dbpedia"},{"id":"http://dbpedia.org/resource/Life_is_beautiful","type":"dbpedia"},{"id":"http://dbpedia.org/resource/Beautiful_That_Way","type":"dbpedia"},{"id":"http://dbpedia.org/resource/La_vita_è_bella","type":"dbpedia"},{"id":"http://dbpedia.org/resource/Life_is_Beautiful","type":"dbpedia"},{"id":"http://dbpedia.org/resource/Life_Is_Beautiful_(1997_film)","type":"dbpedia"},{"id":"http://dbpedia.org/resource/La_vita_e'_bella","type":"dbpedia"}]}],[],[],[]],[[],[{"version":2,"start":0,"end":21,"url":null,"entities":[{"id":"http://dbpedia.org/resource/Rebel_Without_a_Cause","type":"dbpedia"},{"id":"http://dbpedia.org/resource/Rebel_without_a_cause","type":"dbpedia"},{"id":"http://dbpedia.org/resource/Rebel_Without_A_Cause","type":"dbpedia"},{"id":"http://dbpedia.org/resource/Rebel_Without_a_Cause","type":"dbpedia"},{"id":"http://dbpedia.org/resource/Rwac","type":"dbpedia"},{"id":"http://dbpedia.org/resource/Rebel_without_a_Cause","type":"dbpedia"},{"id":"http://dbpedia.org/resource/Rebel_Without_a_Cause_curse","type":"dbpedia"},{"id":"http://dbpedia.org/resource/Rebel_Without_A_Cause_curse","type":"dbpedia"},{"id":"http://dbpedia.org/resource/REBEL_WITHOUT_A_CAUSE_(1955)","type":"dbpedia"},{"id":"http://dbpedia.org/resource/Rebel_Without_a_cause","type":"dbpedia"},{"id":"http://dbpedia.org/resource/Rebel_Without_A_Cause_Curse","type":"dbpedia"}]}],[],[],[]],[[],[{"version":2,"start":0,"end":7,"url":null,"entities":[{"id":"http://dbpedia.org/resource/Ed_Wood_(film)","type":"dbpedia"},{"id":"http://dbpedia.org/resource/Ed_Wood_(movie)","type":"dbpedia"},{"id":"http://dbpedia.org/resource/Ed_Wood_(film)","type":"dbpedia"}]}],[],[],[]],[[],[{"version":2,"start":0,"end":13,"url":null,"entities":[{"id":"http://dbpedia.org/resource/The_Big_Sleep_(1946_film)","type":"dbpedia"},{"id":"http://dbpedia.org/resource/Owen_Taylor","type":"dbpedia"},{"id":"http://dbpedia.org/resource/The_Big_Sleep_(1946_film)","type":"dbpedia"},{"id":"http://dbpedia.org/resource/Sternwood","type":"dbpedia"}]}],[],[],[]],[[],[{"version":2,"start":0,"end":15,"url":null,"entities":[{"id":"http://dbpedia.org/resource/The_Truman_Show","type":"dbpedia"},{"id":"http://dbpedia.org/resource/In_case_I_don't_see_you..._good_afternoon,_good_evening,_and_good_night","type":"dbpedia"},{"id":"http://dbpedia.org/resource/Truman_Burbank","type":"dbpedia"},{"id":"http://dbpedia.org/resource/The_Truman_Show","type":"dbpedia"},{"id":"http://dbpedia.org/resource/Truman_Show","type":"dbpedia"},{"id":"http://dbpedia.org/resource/The_Truman_Show_(film)","type":"dbpedia"}]}],[],[],[]],[[],[{"version":2,"start":0,"end":18,"url":null,"entities":[{"id":"http://dbpedia.org/resource/Young_Frankenstein","type":"dbpedia"},{"id":"http://dbpedia.org/resource/Beaufort_Frankenstein","type":"dbpedia"},{"id":"http://dbpedia.org/resource/Young_Frankenstien","type":"dbpedia"},{"id":"http://dbpedia.org/resource/Abby_normal","type":"dbpedia"},{"id":"http://dbpedia.org/resource/Young_Frankenstein_(film)","type":"dbpedia"},{"id":"http://dbpedia.org/resource/Baron_Beaufort_von_Frankenstein","type":"dbpedia"},{"id":"http://dbpedia.org/resource/Young_Frankenstein","type":"dbpedia"},{"id":"http://dbpedia.org/resource/Frederick_Frankenstein","type":"dbpedia"},{"id":"http://dbpedia.org/resource/Frau_Blücher","type":"dbpedia"},{"id":"http://dbpedia.org/resource/Abby_Normal","type":"dbpedia"}]}],[],[],[]],[[],[{"version":2,"start":0,"end":14,"url":null,"entities":[{"id":"http://dbpedia.org/resource/Cool_Hand_Luke","type":"dbpedia"},{"id":"http://dbpedia.org/resource/Cool_Hand_Luke","type":"dbpedia"},{"id":"http://dbpedia.org/resource/Cool-Hand_Luke","type":"dbpedia"},{"id":"http://dbpedia.org/resource/Blind_Dick","type":"dbpedia"},{"id":"http://dbpedia.org/resource/Man_with_No_Eyes","type":"dbpedia"},{"id":"http://dbpedia.org/resource/Coolhand_Luke","type":"dbpedia"}]}],[],[],[]],[[],[{"version":2,"start":0,"end":16,"url":null,"entities":[{"id":"http://dbpedia.org/resource/The_Elephant_Man_(film)","type":"dbpedia"},{"id":"http://dbpedia.org/resource/The_Elephant_Man_(movie)","type":"dbpedia"},{"id":"http://dbpedia.org/resource/The_Elephant_Man_(film)","type":"dbpedia"}]}],[],[],[]],[[],[{"version":2,"start":0,"end":16,"url":null,"entities":[{"id":"http://dbpedia.org/resource/The_Untouchables_(film)","type":"dbpedia"},{"id":"http://dbpedia.org/resource/The_Untouchables_(1987_film)","type":"dbpedia"},{"id":"http://dbpedia.org/resource/Untouchables_(video_game)","type":"dbpedia"},{"id":"http://dbpedia.org/resource/The_Untouchables_(video_game)","type":"dbpedia"},{"id":"http://dbpedia.org/resource/The_Untouchables_(film)","type":"dbpedia"},{"id":"http://dbpedia.org/resource/The_Untouchables_(1991_video_game)","type":"dbpedia"},{"id":"http://dbpedia.org/resource/The_Untouchables:_Capone_Rising","type":"dbpedia"},{"id":"http://dbpedia.org/resource/Capone_Rising","type":"dbpedia"}]}],[],[],[]],[[],[{"version":2,"start":0,"end":6,"url":null,"entities":[{"id":"http://dbpedia.org/resource/Patton_(film)","type":"dbpedia"},{"id":"http://dbpedia.org/resource/Patton_film","type":"dbpedia"},{"id":"http://dbpedia.org/resource/Patton_(film)","type":"dbpedia"},{"id":"http://dbpedia.org/resource/All_glory_is_fleeting","type":"dbpedia"}]}],[],[],[]],[[],[{"version":2,"start":0,"end":24,"url":null,"entities":[{"id":"http://dbpedia.org/resource/Ferris_Bueller's_Day_Off","type":"dbpedia"},{"id":"http://dbpedia.org/resource/Ferris_Beuller's_Day_Off","type":"dbpedia"},{"id":"http://dbpedia.org/resource/Bueller_bueller","type":"dbpedia"},{"id":"http://dbpedia.org/resource/Ferris_Bueller's_Day_Off_(soundtrack)","type":"dbpedia"},{"id":"http://dbpedia.org/resource/Ferris_Beuler's_Day_Off","type":"dbpedia"},{"id":"http://dbpedia.org/resource/Cameron_frye","type":"dbpedia"},{"id":"http://dbpedia.org/resource/Ferris_Bueller's_day_off","type":"dbpedia"},{"id":"http://dbpedia.org/resource/Leisure_Rules","type":"dbpedia"},{"id":"http://dbpedia.org/resource/Fbdo","type":"dbpedia"},{"id":"http://dbpedia.org/resource/Ferris_buelers_day_off","type":"dbpedia"},{"id":"http://dbpedia.org/resource/Abe_Froman","type":"dbpedia"},{"id":"http://dbpedia.org/resource/Ferris_Bueller's_Day_Off","type":"dbpedia"},{"id":"http://dbpedia.org/resource/Ferris_Bueller’s_Day_Off","type":"dbpedia"},{"id":"http://dbpedia.org/resource/Ferris_Bueler's_Day_Off","type":"dbpedia"},{"id":"http://dbpedia.org/resource/Ferris_Bueler","type":"dbpedia"},{"id":"http://dbpedia.org/resource/Ferris_Bueller's_Day_Off_in_popular_culture","type":"dbpedia"},{"id":"http://dbpedia.org/resource/Ferris_Buehler's_Day_Off","type":"dbpedia"},{"id":"http://dbpedia.org/resource/Bueller%3F_...Bueller%3F_...Bueller%3F","type":"dbpedia"},{"id":"http://dbpedia.org/resource/Ferris_Buellers_Day_Off","type":"dbpedia"},{"id":"http://dbpedia.org/resource/Edward_Rooney","type":"dbpedia"},{"id":"http://dbpedia.org/resource/Matthew's_Day_Off","type":"dbpedia"},{"id":"http://dbpedia.org/resource/Ferris_Bueller","type":"dbpedia"},{"id":"http://dbpedia.org/resource/Bueller,_Bueller","type":"dbpedia"},{"id":"http://dbpedia.org/resource/Bueler,_Bueler","type":"dbpedia"},{"id":"http://dbpedia.org/resource/Ferris_Beuller","type":"dbpedia"},{"id":"http://dbpedia.org/resource/Sloane_peterson","type":"dbpedia"},{"id":"http://dbpedia.org/resource/Ferris_bueller","type":"dbpedia"},{"id":"http://dbpedia.org/resource/FBDO","type":"dbpedia"},{"id":"http://dbpedia.org/resource/Ferris_Bueller_(character)","type":"dbpedia"}]}],[],[],[]],[[],[{"version":2,"start":0,"end":21,"url":null,"entities":[{"id":"http://dbpedia.org/resource/It_Happened_One_Night","type":"dbpedia"},{"id":"http://dbpedia.org/resource/It_Happened_One_Night","type":"dbpedia"},{"id":"http://dbpedia.org/resource/IT_HAPPENED_ONE_NIGHT_(1934)","type":"dbpedia"},{"id":"http://dbpedia.org/resource/It_happened_one_night","type":"dbpedia"}]}],[],[],[]],[[],[{"version":2,"start":0,"end":16,"url":null,"entities":[{"id":"http://dbpedia.org/resource/The_Conversation","type":"dbpedia"},{"id":"http://dbpedia.org/resource/The_Conversation_(film)","type":"dbpedia"},{"id":"http://dbpedia.org/resource/Harry_caul","type":"dbpedia"},{"id":"http://dbpedia.org/resource/The_Conversation","type":"dbpedia"}]}],[],[],[]],[[],[{"version":2,"start":0,"end":22,"url":null,"entities":[{"id":"http://dbpedia.org/resource/The_Philadelphia_Story_(film)","type":"dbpedia"},{"id":"http://dbpedia.org/resource/The_Philadelphia_Story_(film)","type":"dbpedia"}]}],[],[],[]],[[],[{"version":2,"start":0,"end":5,"url":null,"entities":[{"id":"http://dbpedia.org/resource/Glory_(1989_film)","type":"dbpedia"},{"id":"http://dbpedia.org/resource/Glory_(movie)","type":"dbpedia"},{"id":"http://dbpedia.org/resource/Glory_(1989_film)","type":"dbpedia"},{"id":"http://dbpedia.org/resource/Glory_film","type":"dbpedia"}]}],[],[],[]],[[],[{"version":2,"start":0,"end":8,"url":null,"entities":[{"id":"http://dbpedia.org/resource/Das_Boot","type":"dbpedia"},{"id":"http://dbpedia.org/resource/Das_Boot_(film)","type":"dbpedia"},{"id":"http://dbpedia.org/resource/Boot,_Das","type":"dbpedia"},{"id":"http://dbpedia.org/resource/Das_boot","type":"dbpedia"},{"id":"http://dbpedia.org/resource/Das_Boot:_The_Original_Uncut_Version","type":"dbpedia"},{"id":"http://dbpedia.org/resource/Das_Boot_versions","type":"dbpedia"},{"id":"http://dbpedia.org/resource/Das_Boot","type":"dbpedia"}]}],[],[],[]],[[],[{"version":2,"start":0,"end":17,"url":null,"entities":[{"id":"http://dbpedia.org/resource/The_African_Queen_(film)","type":"dbpedia"},{"id":"http://dbpedia.org/resource/Charlie_Allnut","type":"dbpedia"},{"id":"http://dbpedia.org/resource/The_African_Queen_(film)","type":"dbpedia"},{"id":"http://dbpedia.org/resource/THE_AFRICAN_QUEEN_(1952)","type":"dbpedia"}]}],[],[],[]],[[],[{"version":2,"start":0,"end":27,"url":null,"entities":[{"id":"http://dbpedia.org/resource/Once_Upon_a_Time_in_America","type":"dbpedia"},{"id":"http://dbpedia.org/resource/Once_upon_a_time_in_america","type":"dbpedia"},{"id":"http://dbpedia.org/resource/Once_Upon_A_Time_in_America","type":"dbpedia"},{"id":"http://dbpedia.org/resource/Once_Upon_a_Time_in_America:_Restored_Version","type":"dbpedia"},{"id":"http://dbpedia.org/resource/OUATIA","type":"dbpedia"},{"id":"http://dbpedia.org/resource/Ouatia","type":"dbpedia"},{"id":"http://dbpedia.org/resource/Once_Upon_A_Time_In_America","type":"dbpedia"},{"id":"http://dbpedia.org/resource/Once_Upon_a_Time_in_America","type":"dbpedia"},{"id":"http://dbpedia.org/resource/Once_upon_a_Time_in_America","type":"dbpedia"}]}],[],[],[]],[[],[{"version":2,"start":0,"end":19,"url":null,"entities":[{"id":"http://dbpedia.org/resource/The_Grapes_of_Wrath_(film)","type":"dbpedia"},{"id":"http://dbpedia.org/resource/The_Grapes_of_Wrath_(film)","type":"dbpedia"}]}],[],[],[]],[[],[{"version":2,"start":0,"end":6,"url":null,"entities":[{"id":"http://dbpedia.org/resource/Batman_(1989_film)","type":"dbpedia"},{"id":"http://dbpedia.org/resource/Burton_Batman","type":"dbpedia"},{"id":"http://dbpedia.org/resource/Alexander_Knox_(Batman)","type":"dbpedia"},{"id":"http://dbpedia.org/resource/Batsuit_(1989)","type":"dbpedia"},{"id":"http://dbpedia.org/resource/Lt._Max_Eckhart","type":"dbpedia"},{"id":"http://dbpedia.org/resource/Batman_'89","type":"dbpedia"},{"id":"http://dbpedia.org/resource/Batman:_The_Motion_Picture","type":"dbpedia"},{"id":"http://dbpedia.org/resource/Lt._Eckhardt","type":"dbpedia"},{"id":"http://dbpedia.org/resource/Batman_(1989)","type":"dbpedia"},{"id":"http://dbpedia.org/resource/Tim_Burton's_Batman","type":"dbpedia"},{"id":"http://dbpedia.org/resource/Batman_1989","type":"dbpedia"},{"id":"http://dbpedia.org/resource/Batman_(1989_novel)","type":"dbpedia"},{"id":"http://dbpedia.org/resource/Max_Eckhardt","type":"dbpedia"},{"id":"http://dbpedia.org/resource/Smylex","type":"dbpedia"},{"id":"http://dbpedia.org/resource/1989_Batman_film","type":"dbpedia"},{"id":"http://dbpedia.org/resource/Bob_the_Goon","type":"dbpedia"},{"id":"http://dbpedia.org/resource/Carl_Grissom","type":"dbpedia"},{"id":"http://dbpedia.org/resource/Lt._Max_Eckhardt","type":"dbpedia"},{"id":"http://dbpedia.org/resource/Batman_(1989_film)","type":"dbpedia"},{"id":"http://dbpedia.org/resource/Batman_(1989_movie)","type":"dbpedia"},{"id":"http://dbpedia.org/resource/Batman/Batman","type":"dbpedia"}]}],[],[],[]],[[],[{"version":2,"start":0,"end":15,"url":null,"entities":[{"id":"http://dbpedia.org/resource/Raising_Arizona","type":"dbpedia"},{"id":"http://dbpedia.org/resource/H.I._McDunnough","type":"dbpedia"},{"id":"http://dbpedia.org/resource/Raising_Arizona","type":"dbpedia"},{"id":"http://dbpedia.org/resource/Glen_Kowalski","type":"dbpedia"},{"id":"http://dbpedia.org/resource/Leonard_Smalls","type":"dbpedia"},{"id":"http://dbpedia.org/resource/Glen_(Raising_Arizona)","type":"dbpedia"}]}],[],[],[]],[[],[{"version":2,"start":0,"end":9,"url":null,"entities":[{"id":"http://dbpedia.org/resource/Airplane!","type":"dbpedia"},{"id":"http://dbpedia.org/resource/Flying_High!","type":"dbpedia"},{"id":"http://dbpedia.org/resource/Airplane!_(movie)","type":"dbpedia"},{"id":"http://dbpedia.org/resource/Airplane!_Films","type":"dbpedia"},{"id":"http://dbpedia.org/resource/Airplane!","type":"dbpedia"},{"id":"http://dbpedia.org/resource/Don't_call_me_Shirley","type":"dbpedia"},{"id":"http://dbpedia.org/resource/Otto_Pilot","type":"dbpedia"},{"id":"http://dbpedia.org/resource/Aeroplane!","type":"dbpedia"},{"id":"http://dbpedia.org/resource/Ted_Striker","type":"dbpedia"},{"id":"http://dbpedia.org/resource/George_Zip","type":"dbpedia"},{"id":"http://dbpedia.org/resource/And_don't_call_me_Shirley","type":"dbpedia"},{"id":"http://dbpedia.org/resource/Airplane_(movie)","type":"dbpedia"},{"id":"http://dbpedia.org/resource/Airplane_jokes","type":"dbpedia"},{"id":"http://dbpedia.org/resource/Kentucky_Fried_Airplane","type":"dbpedia"},{"id":"http://dbpedia.org/resource/Airplane_(film)","type":"dbpedia"},{"id":"http://dbpedia.org/resource/Airplane(film)","type":"dbpedia"},{"id":"http://dbpedia.org/resource/George_Zipp","type":"dbpedia"}]}],[],[],[]],[[],[{"version":2,"start":0,"end":23,"url":null,"entities":[{"id":"http://dbpedia.org/resource/The_Night_of_the_Hunter_(film)","type":"dbpedia"},{"id":"http://dbpedia.org/resource/Night_of_the_Hunter_(1991_film)","type":"dbpedia"},{"id":"http://dbpedia.org/resource/The_Night_of_the_Hunter_(film)","type":"dbpedia"}]}],[],[],[]],[[],[{"version":2,"start":0,"end":11,"url":null,"entities":[{"id":"http://dbpedia.org/resource/Stand_by_Me_(film)","type":"dbpedia"},{"id":"http://dbpedia.org/resource/Stand_by_me_(film)","type":"dbpedia"},{"id":"http://dbpedia.org/resource/Vern_Tessio","type":"dbpedia"},{"id":"http://dbpedia.org/resource/Gordon_Lachance","type":"dbpedia"},{"id":"http://dbpedia.org/resource/Stand_by_Me_(film)","type":"dbpedia"},{"id":"http://dbpedia.org/resource/Teddy_Duchamp","type":"dbpedia"},{"id":"http://dbpedia.org/resource/Stand_By_Me_(film)","type":"dbpedia"},{"id":"http://dbpedia.org/resource/Ace_Merrill","type":"dbpedia"},{"id":"http://dbpedia.org/resource/Stand_By_Me_(movie)","type":"dbpedia"}]}],[],[],[]],[[],[{"version":2,"start":0,"end":13,"url":null,"entities":[{"id":"http://dbpedia.org/resource/Almost_Famous","type":"dbpedia"},{"id":"http://dbpedia.org/resource/William_Miller_(Almost_Famous_character)","type":"dbpedia"},{"id":"http://dbpedia.org/resource/Almost_Famous:_The_Bootleg_Cut","type":"dbpedia"},{"id":"http://dbpedia.org/resource/Stillwater_(fictional_band)","type":"dbpedia"},{"id":"http://dbpedia.org/resource/Almost_Famous","type":"dbpedia"},{"id":"http://dbpedia.org/resource/Almost_Famous,_The_Bootleg_Cut","type":"dbpedia"},{"id":"http://dbpedia.org/resource/Stillwater_(Band-Almost_Famous)","type":"dbpedia"}]}],[],[],[]],[[],[{"version":2,"start":0,"end":20,"url":null,"entities":[{"id":"http://dbpedia.org/resource/Strangers_on_a_Train_(film)","type":"dbpedia"},{"id":"http://dbpedia.org/resource/Strangers_on_a_Train_(film)","type":"dbpedia"}]}],[],[],[]],[[],[{"version":2,"start":0,"end":9,"url":null,"entities":[{"id":"http://dbpedia.org/resource/Notorious_(1946_film)","type":"dbpedia"},{"id":"http://dbpedia.org/resource/Notorious!","type":"dbpedia"},{"id":"http://dbpedia.org/resource/Notorious_(1946_film)","type":"dbpedia"}]}],[],[],[]],[[],[{"version":2,"start":0,"end":18,"url":null,"entities":[{"id":"http://dbpedia.org/resource/The_Sound_of_Music_(film)","type":"dbpedia"},{"id":"http://dbpedia.org/resource/Sing-Along-a_Sound_of_Music","type":"dbpedia"},{"id":"http://dbpedia.org/resource/Sound_of_Music_(film)","type":"dbpedia"},{"id":"http://dbpedia.org/resource/Sound_of_Music_Sing-A-Long","type":"dbpedia"},{"id":"http://dbpedia.org/resource/The_sound_of_music_(film)","type":"dbpedia"},{"id":"http://dbpedia.org/resource/The_Sound_of_Music_(film)","type":"dbpedia"},{"id":"http://dbpedia.org/resource/Margery_McKay","type":"dbpedia"},{"id":"http://dbpedia.org/resource/Sound_of_Music_Sing-Along","type":"dbpedia"},{"id":"http://dbpedia.org/resource/Sing-A-Long_Sound_of_Music","type":"dbpedia"},{"id":"http://dbpedia.org/resource/The_Sound_of_Music_(movie)","type":"dbpedia"},{"id":"http://dbpedia.org/resource/The_Sound_of_Music_(1965_film)","type":"dbpedia"},{"id":"http://dbpedia.org/resource/Sing-Along_Sound_of_Music","type":"dbpedia"}]}],[],[],[]],[[],[{"version":2,"start":0,"end":13,"url":null,"entities":[{"id":"http://dbpedia.org/resource/Boogie_Nights","type":"dbpedia"},{"id":"http://dbpedia.org/resource/Boogie_Nights","type":"dbpedia"},{"id":"http://dbpedia.org/resource/Boogie_nights","type":"dbpedia"},{"id":"http://dbpedia.org/resource/Jonathan_L_Allen","type":"dbpedia"},{"id":"http://dbpedia.org/resource/Amber_Waves","type":"dbpedia"},{"id":"http://dbpedia.org/resource/Rahad_Jackson","type":"dbpedia"},{"id":"http://dbpedia.org/resource/Dirk_Diggler","type":"dbpedia"}]}],[],[],[]],[[],[{"version":2,"start":0,"end":7,"url":null,"entities":[{"id":"http://dbpedia.org/resource/Rebecca_(1940_film)","type":"dbpedia"},{"id":"http://dbpedia.org/resource/Rebecca_(movie)","type":"dbpedia"},{"id":"http://dbpedia.org/resource/Rebecca_(1940_film)","type":"dbpedia"},{"id":"http://dbpedia.org/resource/Rebecca_(1940_movie)","type":"dbpedia"}]}],[],[],[]],[[],[{"version":2,"start":0,"end":6,"url":null,"entities":[{"id":"http://dbpedia.org/resource/Casino_(film)","type":"dbpedia"},{"id":"http://dbpedia.org/resource/Casino_(movie)","type":"dbpedia"},{"id":"http://dbpedia.org/resource/Ace_Rothstein","type":"dbpedia"},{"id":"http://dbpedia.org/resource/Sam_Rothstein","type":"dbpedia"},{"id":"http://dbpedia.org/resource/Casino_film","type":"dbpedia"},{"id":"http://dbpedia.org/resource/Casino_(1995_film)","type":"dbpedia"},{"id":"http://dbpedia.org/resource/Casino_(film)","type":"dbpedia"}]}],[],[],[]],[[],[{"version":2,"start":0,"end":16,"url":null,"entities":[{"id":"http://dbpedia.org/resource/Bringing_Up_Baby","type":"dbpedia"},{"id":"http://dbpedia.org/resource/Susan_Vance","type":"dbpedia"},{"id":"http://dbpedia.org/resource/BRINGING_UP_BABY_(1938)","type":"dbpedia"},{"id":"http://dbpedia.org/resource/Bringing_up_Baby","type":"dbpedia"},{"id":"http://dbpedia.org/resource/Bringing_up_baby","type":"dbpedia"},{"id":"http://dbpedia.org/resource/Bringing_Up_Baby","type":"dbpedia"}]}],[],[],[]],[[],[{"version":2,"start":0,"end":14,"url":null,"entities":[{"id":"http://dbpedia.org/resource/The_Green_Mile_(film)","type":"dbpedia"},{"id":"http://dbpedia.org/resource/The_Green_Mile(movie)","type":"dbpedia"},{"id":"http://dbpedia.org/resource/The_Green_Mile_(movie)","type":"dbpedia"},{"id":"http://dbpedia.org/resource/Percy_Wetmore","type":"dbpedia"},{"id":"http://dbpedia.org/resource/The_Green_Mile_(film)","type":"dbpedia"},{"id":"http://dbpedia.org/resource/The_green_mile_(film)","type":"dbpedia"}]}],[],[],[]],[[],[{"version":2,"start":0,"end":11,"url":null,"entities":[{"id":"http://dbpedia.org/resource/The_General_%281926_film%29","type":"dbpedia"},{"id":"http://dbpedia.org/resource/The_General_%281926_film%29","type":"dbpedia"}]}],[],[],[]],[[],[{"version":2,"start":0,"end":12,"url":null,"entities":[{"id":"http://dbpedia.org/resource/Mean_Streets","type":"dbpedia"},{"id":"http://dbpedia.org/resource/Mean_streets","type":"dbpedia"},{"id":"http://dbpedia.org/resource/Mean_Streets","type":"dbpedia"}]}],[],[],[]],[[],[{"version":2,"start":0,"end":13,"url":null,"entities":[{"id":"http://dbpedia.org/resource/Moulin_Rouge!","type":"dbpedia"},{"id":"http://dbpedia.org/resource/Moulin_Rouge_(2001_movie)","type":"dbpedia"},{"id":"http://dbpedia.org/resource/Moulin_Rouge!","type":"dbpedia"},{"id":"http://dbpedia.org/resource/Moulin_Rouge_OST","type":"dbpedia"},{"id":"http://dbpedia.org/resource/Moulin_rouge!","type":"dbpedia"},{"id":"http://dbpedia.org/resource/Moulin_Rouge_(2001_film)","type":"dbpedia"}]}],[],[],[]],[[],[{"version":2,"start":0,"end":13,"url":null,"entities":[{"id":"http://dbpedia.org/resource/Monty_Python's_Life_of_Brian","type":"dbpedia"},{"id":"http://dbpedia.org/resource/People's_Front_of_Judea","type":"dbpedia"},{"id":"http://dbpedia.org/resource/The_PFJ","type":"dbpedia"},{"id":"http://dbpedia.org/resource/Peoples'_Front_of_Judea","type":"dbpedia"},{"id":"http://dbpedia.org/resource/Judaean_People's_Front","type":"dbpedia"},{"id":"http://dbpedia.org/resource/Blessed_are_the_cheesemakers","type":"dbpedia"},{"id":"http://dbpedia.org/resource/Monty_Python's_Life_of_Brian","type":"dbpedia"},{"id":"http://dbpedia.org/resource/Life_of_brian","type":"dbpedia"},{"id":"http://dbpedia.org/resource/Silius_Soddus","type":"dbpedia"},{"id":"http://dbpedia.org/resource/Bigus_Dickus","type":"dbpedia"},{"id":"http://dbpedia.org/resource/Monty_Python's_the_Life_of_Brian","type":"dbpedia"},{"id":"http://dbpedia.org/resource/Judean_People’s_Front","type":"dbpedia"},{"id":"http://dbpedia.org/resource/Brian_Cohen","type":"dbpedia"},{"id":"http://dbpedia.org/resource/People's_Judean_Front","type":"dbpedia"},{"id":"http://dbpedia.org/resource/Life_of_Brian","type":"dbpedia"},{"id":"http://dbpedia.org/resource/Judean_Popular_People’s_Front","type":"dbpedia"},{"id":"http://dbpedia.org/resource/Judean_People's_Front","type":"dbpedia"},{"id":"http://dbpedia.org/resource/Monty_python's_life_of_brian","type":"dbpedia"},{"id":"http://dbpedia.org/resource/Brian_Cohen_of_Nazareth","type":"dbpedia"},{"id":"http://dbpedia.org/resource/Judean_Popular_People's_Front","type":"dbpedia"},{"id":"http://dbpedia.org/resource/Life_of_Bryan","type":"dbpedia"},{"id":"http://dbpedia.org/resource/Incontinentia_Buttocks","type":"dbpedia"},{"id":"http://dbpedia.org/resource/Biggus_dickus","type":"dbpedia"},{"id":"http://dbpedia.org/resource/People's_Front_of_Judaea","type":"dbpedia"},{"id":"http://dbpedia.org/resource/Biggus_Diccus","type":"dbpedia"},{"id":"http://dbpedia.org/resource/Biggus_Dickus","type":"dbpedia"},{"id":"http://dbpedia.org/resource/The_Life_Of_Brian","type":"dbpedia"},{"id":"http://dbpedia.org/resource/Monty_Python’s_Life_of_Brian","type":"dbpedia"},{"id":"http://dbpedia.org/resource/It's_so_funny_that_they_banned_it_in_Norway","type":"dbpedia"},{"id":"http://dbpedia.org/resource/The_People's_Front_of_Judea","type":"dbpedia"},{"id":"http://dbpedia.org/resource/Monty_Python's_The_Life_of_Brian","type":"dbpedia"},{"id":"http://dbpedia.org/resource/Life_Of_Brian","type":"dbpedia"},{"id":"http://dbpedia.org/resource/Monty_Python_s_Life_of_Brian","type":"dbpedia"},{"id":"http://dbpedia.org/resource/Monty_Python_and_the_Life_of_Brian","type":"dbpedia"},{"id":"http://dbpedia.org/resource/Popular_Front_of_Judea","type":"dbpedia"},{"id":"http://dbpedia.org/resource/Life_of_Brian:_Monty_Python","type":"dbpedia"},{"id":"http://dbpedia.org/resource/Brian_of_Nazareth","type":"dbpedia"},{"id":"http://dbpedia.org/resource/The_Judean_People's_Front","type":"dbpedia"},{"id":"http://dbpedia.org/resource/The_life_of_brian","type":"dbpedia"},{"id":"http://dbpedia.org/resource/The_Life_of_Brian","type":"dbpedia"}]}],[],[],[]],[[],[{"version":2,"start":0,"end":9,"url":null,"entities":[{"id":"http://dbpedia.org/resource/Halloween_(1978_film)","type":"dbpedia"},{"id":"http://dbpedia.org/resource/Halloween:_The_Night_He_Came_Home!","type":"dbpedia"},{"id":"http://dbpedia.org/resource/Halloween_(Movie)","type":"dbpedia"},{"id":"http://dbpedia.org/resource/Halloween_(movie)","type":"dbpedia"},{"id":"http://dbpedia.org/resource/John_Carpenter's_Halloween","type":"dbpedia"},{"id":"http://dbpedia.org/resource/Halloween_I","type":"dbpedia"},{"id":"http://dbpedia.org/resource/William_Shatner_mask","type":"dbpedia"},{"id":"http://dbpedia.org/resource/Halloween:_Unmasked","type":"dbpedia"},{"id":"http://dbpedia.org/resource/Micahel_myers","type":"dbpedia"},{"id":"http://dbpedia.org/resource/The_night_he_came_home","type":"dbpedia"},{"id":"http://dbpedia.org/resource/Halloween_(1978_film)","type":"dbpedia"},{"id":"http://dbpedia.org/resource/Halloween:_Unmasked_2000","type":"dbpedia"},{"id":"http://dbpedia.org/resource/Halloween_1","type":"dbpedia"},{"id":"http://dbpedia.org/resource/Michael_Myers_Themesong","type":"dbpedia"}]}],[],[],[]],[[],[{"version":2,"start":0,"end":12,"url":null,"entities":[{"id":"http://dbpedia.org/resource/Ghostbusters","type":"dbpedia"},{"id":"http://dbpedia.org/resource/Vinz_Clortho","type":"dbpedia"},{"id":"http://dbpedia.org/resource/Who_you_gonna_call%3F","type":"dbpedia"},{"id":"http://dbpedia.org/resource/Ghost_buster","type":"dbpedia"},{"id":"http://dbpedia.org/resource/Ghost_busters","type":"dbpedia"},{"id":"http://dbpedia.org/resource/Ghostbusters","type":"dbpedia"},{"id":"http://dbpedia.org/resource/Ghostbusters_1","type":"dbpedia"},{"id":"http://dbpedia.org/resource/Ghost_Busters","type":"dbpedia"},{"id":"http://dbpedia.org/resource/GB1","type":"dbpedia"},{"id":"http://dbpedia.org/resource/Peter_Vankman","type":"dbpedia"},{"id":"http://dbpedia.org/resource/Evo_Shandor","type":"dbpedia"},{"id":"http://dbpedia.org/resource/Ghostbusters_I","type":"dbpedia"},{"id":"http://dbpedia.org/resource/I_ain't_afraid_of_no_ghosts","type":"dbpedia"},{"id":"http://dbpedia.org/resource/Zuul","type":"dbpedia"},{"id":"http://dbpedia.org/resource/Ghostbusters_(1984_film)","type":"dbpedia"},{"id":"http://dbpedia.org/resource/Walter_Peck","type":"dbpedia"},{"id":"http://dbpedia.org/resource/Ghostbusters_Trivia","type":"dbpedia"},{"id":"http://dbpedia.org/resource/Ghostbusters_(film)","type":"dbpedia"},{"id":"http://dbpedia.org/resource/Keymaster","type":"dbpedia"}]}],[],[],[]],[[],[{"version":2,"start":0,"end":17,"url":null,"entities":[{"id":"http://dbpedia.org/resource/Kill_Bill_Volume_1","type":"dbpedia"},{"id":"http://dbpedia.org/resource/Kill_Bill,_Volume_1","type":"dbpedia"},{"id":"http://dbpedia.org/resource/Five_Point_Palm_Exploding_Heart_Technique","type":"dbpedia"},{"id":"http://dbpedia.org/resource/Kill_Bill_1","type":"dbpedia"},{"id":"http://dbpedia.org/resource/Kill_Bill:_Volume_Two","type":"dbpedia"},{"id":"http://dbpedia.org/resource/Kill_Bill_Vol._I","type":"dbpedia"},{"id":"http://dbpedia.org/resource/Kill_Bill_Volume_I","type":"dbpedia"},{"id":"http://dbpedia.org/resource/Kill_Bill_Volume_1_and_2","type":"dbpedia"},{"id":"http://dbpedia.org/resource/Kill_Bill:_Vol._Two","type":"dbpedia"},{"id":"http://dbpedia.org/resource/Kill_Bill:_Vol_1","type":"dbpedia"},{"id":"http://dbpedia.org/resource/Kill_Bill_Vol._II","type":"dbpedia"},{"id":"http://dbpedia.org/resource/Kill_Bill,_Vol._II","type":"dbpedia"},{"id":"http://dbpedia.org/resource/Kill_Bill,_Volume_II","type":"dbpedia"},{"id":"http://dbpedia.org/resource/Kill_Bill,_Vol._1","type":"dbpedia"},{"id":"http://dbpedia.org/resource/Kill_Bill,_Vol._I","type":"dbpedia"},{"id":"http://dbpedia.org/resource/Kill_Bill_Vol_I","type":"dbpedia"},{"id":"http://dbpedia.org/resource/Kill_Bill_–_Part_1","type":"dbpedia"},{"id":"http://dbpedia.org/resource/Kill_Bill:_Vol._One","type":"dbpedia"},{"id":"http://dbpedia.org/resource/Rufus_(Kill_Bill)","type":"dbpedia"},{"id":"http://dbpedia.org/resource/Boss_Matsumoto","type":"dbpedia"},{"id":"http://dbpedia.org/resource/Kill_Bill:_Volume_One","type":"dbpedia"},{"id":"http://dbpedia.org/resource/Kill_Bill:_Vol._1","type":"dbpedia"},{"id":"http://dbpedia.org/resource/Go_Go_Yubari(Kill_Bill_Vol.1)","type":"dbpedia"},{"id":"http://dbpedia.org/resource/Kill_Bill_Vol._1_(film)","type":"dbpedia"},{"id":"http://dbpedia.org/resource/Kill_Bill:_Vol._II","type":"dbpedia"},{"id":"http://dbpedia.org/resource/Kill_Bill_Vol._1","type":"dbpedia"},{"id":"http://dbpedia.org/resource/Kill_Bill:_Volume_I","type":"dbpedia"},{"id":"http://dbpedia.org/resource/Kill_Bill:_Vol._I","type":"dbpedia"},{"id":"http://dbpedia.org/resource/The_Five_Point_Palm_Exploding_Heart_Technique","type":"dbpedia"},{"id":"http://dbpedia.org/resource/Kill_Bill,_Volume_One","type":"dbpedia"},{"id":"http://dbpedia.org/resource/Killbill","type":"dbpedia"},{"id":"http://dbpedia.org/resource/Kill_Bill_Vol._3","type":"dbpedia"},{"id":"http://dbpedia.org/resource/Kill_Bill:_Volume_1","type":"dbpedia"},{"id":"http://dbpedia.org/resource/Kill_Bill_Volume_1","type":"dbpedia"},{"id":"http://dbpedia.org/resource/Kill_Bill,_Volume_I","type":"dbpedia"},{"id":"http://dbpedia.org/resource/Kill_Bill_-_Part_1","type":"dbpedia"},{"id":"http://dbpedia.org/resource/Kill_Bill_Vol_II","type":"dbpedia"},{"id":"http://dbpedia.org/resource/Kill_Bill_Volume_One","type":"dbpedia"}]}],[],[],[]],[[],[{"version":2,"start":0,"end":12,"url":null,"entities":[{"id":"http://dbpedia.org/resource/The_Fugitive_(1993_film)","type":"dbpedia"},{"id":"http://dbpedia.org/resource/The_Fugitive_(1993_film)","type":"dbpedia"},{"id":"http://dbpedia.org/resource/Provasik","type":"dbpedia"},{"id":"http://dbpedia.org/resource/Samuel_Gerard","type":"dbpedia"}]}],[],[],[]],[[],[{"version":2,"start":0,"end":11,"url":null,"entities":[{"id":"http://dbpedia.org/resource/City_of_God_(2002_film)","type":"dbpedia"},{"id":"http://dbpedia.org/resource/Li'l_Ze","type":"dbpedia"},{"id":"http://dbpedia.org/resource/Mane_Galinha","type":"dbpedia"},{"id":"http://dbpedia.org/resource/Zé_Pequeno","type":"dbpedia"},{"id":"http://dbpedia.org/resource/Li'l_Ze_(Ze_Pequeno)","type":"dbpedia"},{"id":"http://dbpedia.org/resource/Li'l_Zé","type":"dbpedia"},{"id":"http://dbpedia.org/resource/City_of_God_(2002_film)","type":"dbpedia"},{"id":"http://dbpedia.org/resource/Mané_Galinha","type":"dbpedia"},{"id":"http://dbpedia.org/resource/Li'l_Zé_(Zé_Pequeno)","type":"dbpedia"},{"id":"http://dbpedia.org/resource/Knockout_Ned","type":"dbpedia"},{"id":"http://dbpedia.org/resource/Cidade_de_Deus_(film)","type":"dbpedia"},{"id":"http://dbpedia.org/resource/Ze_Pequeno","type":"dbpedia"},{"id":"http://dbpedia.org/resource/Knockout_Ned_(Mane_Galinha)","type":"dbpedia"},{"id":"http://dbpedia.org/resource/Knockout_Ned_(Mané_Galinha)","type":"dbpedia"},{"id":"http://dbpedia.org/resource/Rocket_(Buscapé)","type":"dbpedia"},{"id":"http://dbpedia.org/resource/Rocket_(Buscape)","type":"dbpedia"}]}],[],[],[]],[[],[{"version":2,"start":0,"end":18,"url":null,"entities":[{"id":"http://dbpedia.org/resource/Planet_of_the_Apes_(1968_film)","type":"dbpedia"},{"id":"http://dbpedia.org/resource/Planet_of_the_Apes_(1968)","type":"dbpedia"},{"id":"http://dbpedia.org/resource/Planet_of_the_Apes_(original)","type":"dbpedia"},{"id":"http://dbpedia.org/resource/Planet_of_the_Apes_(1968_film)","type":"dbpedia"},{"id":"http://dbpedia.org/resource/Dodge_(Planet_of_the_Apes)","type":"dbpedia"},{"id":"http://dbpedia.org/resource/Icarus_(Planet_of_the_Apes)","type":"dbpedia"},{"id":"http://dbpedia.org/resource/Damned_Dirty_Ape","type":"dbpedia"},{"id":"http://dbpedia.org/resource/Planet_of_the_Apes_timeline","type":"dbpedia"},{"id":"http://dbpedia.org/resource/Damn_Dirty_Ape","type":"dbpedia"},{"id":"http://dbpedia.org/resource/Planet_of_the_Apes_(1968_movie)","type":"dbpedia"}]}],[],[],[]],[[],[{"version":2,"start":0,"end":8,"url":null,"entities":[{"id":"http://dbpedia.org/resource/Fantasia_(film)","type":"dbpedia"},{"id":"http://dbpedia.org/resource/Fantasia","type":"dbpedia"},{"id":"http://dbpedia.org/resource/Fantasia_(album)","type":"dbpedia"},{"id":"http://dbpedia.org/resource/Fantasia_(film)","type":"dbpedia"},{"id":"http://dbpedia.org/resource/Fantasia_(disambiguation)","type":"dbpedia"}]}],[],[],[]],[[],[{"version":2,"start":0,"end":15,"url":null,"entities":[{"id":"http://dbpedia.org/resource/Field_of_Dreams","type":"dbpedia"},{"id":"http://dbpedia.org/resource/Field_of_dreams","type":"dbpedia"},{"id":"http://dbpedia.org/resource/Field_of_Dreams","type":"dbpedia"},{"id":"http://dbpedia.org/resource/If_you_build_it,_they_will_come","type":"dbpedia"},{"id":"http://dbpedia.org/resource/Build_it_and_they_will_come","type":"dbpedia"},{"id":"http://dbpedia.org/resource/If_you_build_it,_he_will_come","type":"dbpedia"},{"id":"http://dbpedia.org/resource/Field_Of_Dreams","type":"dbpedia"},{"id":"http://dbpedia.org/resource/Field_of_Dreams_(film)","type":"dbpedia"}]}],[],[],[]],[[],[{"version":2,"start":0,"end":23,"url":null,"entities":[{"id":"http://dbpedia.org/resource/Battleship_Potemkin","type":"dbpedia"},{"id":"http://dbpedia.org/resource/Mutiny_of_Potemkin","type":"dbpedia"},{"id":"http://dbpedia.org/resource/The_Battleship_Potemkin_(film)","type":"dbpedia"},{"id":"http://dbpedia.org/resource/The_Battleship_Potemkin","type":"dbpedia"},{"id":"http://dbpedia.org/resource/Bronenosets_Potyomkin","type":"dbpedia"},{"id":"http://dbpedia.org/resource/Acorazado_Potemkin","type":"dbpedia"},{"id":"http://dbpedia.org/resource/Battleship_Potemkin","type":"dbpedia"}]}],[],[],[]],[[],[{"version":2,"start":0,"end":10,"url":null,"entities":[{"id":"http://dbpedia.org/resource/Breathless_(1960_film)","type":"dbpedia"},{"id":"http://dbpedia.org/resource/À_bout_de_souffle_(film)","type":"dbpedia"},{"id":"http://dbpedia.org/resource/A_bout_de_souffle_(film)","type":"dbpedia"},{"id":"http://dbpedia.org/resource/BREATHLESS_(1960)","type":"dbpedia"},{"id":"http://dbpedia.org/resource/À_Bout_de_Souffle","type":"dbpedia"},{"id":"http://dbpedia.org/resource/À_bout_de_souffle","type":"dbpedia"},{"id":"http://dbpedia.org/resource/A_bout_de_souffl","type":"dbpedia"},{"id":"http://dbpedia.org/resource/A_Bout_De_Souffle","type":"dbpedia"},{"id":"http://dbpedia.org/resource/Breathless_(1960_film)","type":"dbpedia"},{"id":"http://dbpedia.org/resource/A_bout_de_Souffle","type":"dbpedia"},{"id":"http://dbpedia.org/resource/A_Bout_de_Souffle","type":"dbpedia"},{"id":"http://dbpedia.org/resource/A_bout_de_souffle","type":"dbpedia"}]}],[],[],[]],[[],[{"version":2,"start":0,"end":21,"url":null,"entities":[{"id":"http://dbpedia.org/resource/The_French_Connection_(film)","type":"dbpedia"},{"id":"http://dbpedia.org/resource/Frog_One","type":"dbpedia"},{"id":"http://dbpedia.org/resource/French_Connection_(film)","type":"dbpedia"},{"id":"http://dbpedia.org/resource/The_French_Connection_(film)","type":"dbpedia"}]}],[],[],[]],[[],[{"version":2,"start":0,"end":9,"url":null,"entities":[{"id":"http://dbpedia.org/resource/The_Birds_(film)","type":"dbpedia"},{"id":"http://dbpedia.org/resource/The_Birds_(movie)","type":"dbpedia"},{"id":"http://dbpedia.org/resource/Melanie_Daniels","type":"dbpedia"},{"id":"http://dbpedia.org/resource/The_Birds_(1963_film)","type":"dbpedia"},{"id":"http://dbpedia.org/resource/The_Birds_(film)","type":"dbpedia"},{"id":"http://dbpedia.org/resource/The_Birds_(2009_film)","type":"dbpedia"},{"id":"http://dbpedia.org/resource/Alfred_Hitchcock's_The_Birds","type":"dbpedia"},{"id":"http://dbpedia.org/resource/Birds_(film)","type":"dbpedia"}]}],[],[],[]],[[],[{"version":2,"start":0,"end":12,"url":null,"entities":[{"id":"http://dbpedia.org/resource/Run_Lola_Run","type":"dbpedia"},{"id":"http://dbpedia.org/resource/Lola_Runs","type":"dbpedia"},{"id":"http://dbpedia.org/resource/Lola_rennt","type":"dbpedia"},{"id":"http://dbpedia.org/resource/Run_lola_run","type":"dbpedia"},{"id":"http://dbpedia.org/resource/Run_Lola_Run","type":"dbpedia"},{"id":"http://dbpedia.org/resource/Run_Lola,_Run","type":"dbpedia"},{"id":"http://dbpedia.org/resource/Run_Lola_run","type":"dbpedia"},{"id":"http://dbpedia.org/resource/Lola_Rendt","type":"dbpedia"},{"id":"http://dbpedia.org/resource/Lola_is_Running","type":"dbpedia"},{"id":"http://dbpedia.org/resource/Lola_Rennt","type":"dbpedia"},{"id":"http://dbpedia.org/resource/Run,_Lola,_Run","type":"dbpedia"}]}],[],[],[]],[[],[{"version":2,"start":0,"end":21,"url":null,"entities":[{"id":"http://dbpedia.org/resource/The_Rules_of_the_Game","type":"dbpedia"},{"id":"http://dbpedia.org/resource/The_Rules_of_the_Game_(movie)","type":"dbpedia"},{"id":"http://dbpedia.org/resource/La_Règle_du_jeu","type":"dbpedia"},{"id":"http://dbpedia.org/resource/La_rêgle_du_jeu","type":"dbpedia"},{"id":"http://dbpedia.org/resource/La_règle_du_jeu","type":"dbpedia"},{"id":"http://dbpedia.org/resource/La_Règle_du_Jeu","type":"dbpedia"},{"id":"http://dbpedia.org/resource/Rules_of_the_Game","type":"dbpedia"},{"id":"http://dbpedia.org/resource/Rules_of_the_game","type":"dbpedia"},{"id":"http://dbpedia.org/resource/Rules_Of_The_Game","type":"dbpedia"},{"id":"http://dbpedia.org/resource/La_Regle_de_Jeu","type":"dbpedia"},{"id":"http://dbpedia.org/resource/La_Regle_du_Jeu","type":"dbpedia"},{"id":"http://dbpedia.org/resource/La_regle_du_jeu","type":"dbpedia"},{"id":"http://dbpedia.org/resource/La_Régle_du_jeu","type":"dbpedia"},{"id":"http://dbpedia.org/resource/The_rules_of_the_game","type":"dbpedia"},{"id":"http://dbpedia.org/resource/La_Regle_du_jeu","type":"dbpedia"},{"id":"http://dbpedia.org/resource/The_Rules_of_the_Game","type":"dbpedia"}]}],[],[],[]],[[],[{"version":2,"start":0,"end":9,"url":null,"entities":[{"id":"http://dbpedia.org/resource/Spartacus_(film)","type":"dbpedia"},{"id":"http://dbpedia.org/resource/I_am_Spartacus","type":"dbpedia"},{"id":"http://dbpedia.org/resource/I'm_Spartacus","type":"dbpedia"},{"id":"http://dbpedia.org/resource/Spartacus_moment","type":"dbpedia"},{"id":"http://dbpedia.org/resource/Draba_(gladiator)","type":"dbpedia"},{"id":"http://dbpedia.org/resource/Spartacus_(movie)","type":"dbpedia"},{"id":"http://dbpedia.org/resource/Spartacus_(film)","type":"dbpedia"},{"id":"http://dbpedia.org/resource/Spartacus_(1960_film)","type":"dbpedia"},{"id":"http://dbpedia.org/resource/I'm_Spartacus!","type":"dbpedia"}]}],[],[],[]],[[],[{"version":2,"start":0,"end":27,"url":null,"entities":[{"id":"http://dbpedia.org/resource/The_Best_Years_of_Our_Lives","type":"dbpedia"},{"id":"http://dbpedia.org/resource/The_Best_Years_Of_Our_Lives","type":"dbpedia"},{"id":"http://dbpedia.org/resource/The_best_years_of_our_lives","type":"dbpedia"},{"id":"http://dbpedia.org/resource/Best_years_of_our_lives","type":"dbpedia"},{"id":"http://dbpedia.org/resource/TBYOOL","type":"dbpedia"},{"id":"http://dbpedia.org/resource/The_Best_Years_of_Our_Lives","type":"dbpedia"},{"id":"http://dbpedia.org/resource/Best_Years_of_Our_Lives","type":"dbpedia"}]}],[],[],[]],[[],[{"version":2,"start":0,"end":12,"url":null,"entities":[{"id":"http://dbpedia.org/resource/Donnie_Darko","type":"dbpedia"},{"id":"http://dbpedia.org/resource/Jim_Cunningham_(Donnie_Darko)","type":"dbpedia"},{"id":"http://dbpedia.org/resource/Frank_the_bunny","type":"dbpedia"},{"id":"http://dbpedia.org/resource/Frank_the_Rabbit","type":"dbpedia"},{"id":"http://dbpedia.org/resource/They_made_me_do_it","type":"dbpedia"},{"id":"http://dbpedia.org/resource/Donnie_Darko_(character)","type":"dbpedia"},{"id":"http://dbpedia.org/resource/Donnie_darko","type":"dbpedia"},{"id":"http://dbpedia.org/resource/Donnie_Darko_Characters","type":"dbpedia"},{"id":"http://dbpedia.org/resource/Donnie_Darko_(film)","type":"dbpedia"},{"id":"http://dbpedia.org/resource/The_Donnie_Darko_Book","type":"dbpedia"},{"id":"http://dbpedia.org/resource/Donald_Darko","type":"dbpedia"},{"id":"http://dbpedia.org/resource/I'm_voting_for_Dukakis","type":"dbpedia"},{"id":"http://dbpedia.org/resource/28:6:42:12","type":"dbpedia"},{"id":"http://dbpedia.org/resource/The_philosophy_of_time_travel","type":"dbpedia"},{"id":"http://dbpedia.org/resource/Donnie_Darko_(2001_film)","type":"dbpedia"},{"id":"http://dbpedia.org/resource/Donald_J._Darko","type":"dbpedia"},{"id":"http://dbpedia.org/resource/Donnie_Darko","type":"dbpedia"},{"id":"http://dbpedia.org/resource/Frank_(fictional_rabbit)","type":"dbpedia"},{"id":"http://dbpedia.org/resource/Chut_up!","type":"dbpedia"},{"id":"http://dbpedia.org/resource/Gretchen_Ross","type":"dbpedia"},{"id":"http://dbpedia.org/resource/List_of_Donnie_Darko_characters","type":"dbpedia"},{"id":"http://dbpedia.org/resource/Sparkle_motion","type":"dbpedia"},{"id":"http://dbpedia.org/resource/Donny_Darko","type":"dbpedia"},{"id":"http://dbpedia.org/resource/Chut_up","type":"dbpedia"},{"id":"http://dbpedia.org/resource/Roberta_Sparrow","type":"dbpedia"},{"id":"http://dbpedia.org/resource/Manipulated_Living","type":"dbpedia"},{"id":"http://dbpedia.org/resource/Sometimes_I_doubt_your_commitment_to_Sparkle_Motion","type":"dbpedia"},{"id":"http://dbpedia.org/resource/Donald_J._Darko_(Donnie_Darko)","type":"dbpedia"},{"id":"http://dbpedia.org/resource/Kitty_Farmer","type":"dbpedia"},{"id":"http://dbpedia.org/resource/Frank_(Donnie_Darko)","type":"dbpedia"},{"id":"http://dbpedia.org/resource/The_Philosophy_of_Time_Travel_(book)","type":"dbpedia"},{"id":"http://dbpedia.org/resource/Roberta_sparrow","type":"dbpedia"},{"id":"http://dbpedia.org/resource/The_Philosophy_of_Time_Travel","type":"dbpedia"}]}],[],[],[]],[[],[{"version":2,"start":0,"end":19,"url":null,"entities":[{"id":"http://dbpedia.org/resource/Edward_Scissorhands","type":"dbpedia"},{"id":"http://dbpedia.org/resource/Edward_Scissorhands_(character)","type":"dbpedia"},{"id":"http://dbpedia.org/resource/Edward_scissorhands","type":"dbpedia"},{"id":"http://dbpedia.org/resource/Scissorhands","type":"dbpedia"},{"id":"http://dbpedia.org/resource/Edward_Scissorhands","type":"dbpedia"},{"id":"http://dbpedia.org/resource/Edward_Scissor_Hands","type":"dbpedia"},{"id":"http://dbpedia.org/resource/Edward_ScissorHands","type":"dbpedia"}]}],[],[],[]],[[],[{"version":2,"start":0,"end":7,"url":null,"entities":[{"id":"http://dbpedia.org/resource/Persona_(film)","type":"dbpedia"},{"id":"http://dbpedia.org/resource/Persona_(movie)","type":"dbpedia"},{"id":"http://dbpedia.org/resource/Persona_(1966_film)","type":"dbpedia"},{"id":"http://dbpedia.org/resource/Persona_(film)","type":"dbpedia"}]}],[],[],[]],[[],[{"version":2,"start":0,"end":20,"url":null,"entities":[{"id":"http://dbpedia.org/resource/Beauty_and_the_Beast_(1991_film)","type":"dbpedia"},{"id":"http://dbpedia.org/resource/Disney's_Beauty_and_The_Beast","type":"dbpedia"},{"id":"http://dbpedia.org/resource/Mrs._Potts","type":"dbpedia"},{"id":"http://dbpedia.org/resource/Beauty_and_the_Beast_Companion","type":"dbpedia"},{"id":"http://dbpedia.org/resource/Gaston_(character)","type":"dbpedia"},{"id":"http://dbpedia.org/resource/Disney's_Beauty_and_the_Beast_(video_game)","type":"dbpedia"},{"id":"http://dbpedia.org/resource/Beauty_&_the_Beast_(1991_film)","type":"dbpedia"},{"id":"http://dbpedia.org/resource/Beauty_and_the_Beast_(video_game)","type":"dbpedia"},{"id":"http://dbpedia.org/resource/Beauty_and_the_Beast_(Disney_film)","type":"dbpedia"},{"id":"http://dbpedia.org/resource/Beauty_&_The_Beast_-_Belle's_Quest","type":"dbpedia"},{"id":"http://dbpedia.org/resource/Beauty_and_the_Beast_3D","type":"dbpedia"},{"id":"http://dbpedia.org/resource/Bijo_to_Yajuu","type":"dbpedia"},{"id":"http://dbpedia.org/resource/Beauty_and_the_Beast_video_games","type":"dbpedia"},{"id":"http://dbpedia.org/resource/Disney's_Beauty_and_the_Beast","type":"dbpedia"},{"id":"http://dbpedia.org/resource/Walt_Disney's_Beauty_and_the_Beast","type":"dbpedia"},{"id":"http://dbpedia.org/resource/Beauty_and_the_beast_(disney)","type":"dbpedia"},{"id":"http://dbpedia.org/resource/Beauty_and_the_Beast_(Disney)","type":"dbpedia"},{"id":"http://dbpedia.org/resource/Beauty_and_The_Beast_(1991_film)","type":"dbpedia"},{"id":"http://dbpedia.org/resource/Beauty_and_the_Beast_(1991_film)","type":"dbpedia"},{"id":"http://dbpedia.org/resource/Disney's_Beauty_and_the_Beast:_Belle's_Quest","type":"dbpedia"},{"id":"http://dbpedia.org/resource/Lumière_(Beauty_and_the_Beast)","type":"dbpedia"},{"id":"http://dbpedia.org/resource/Beauty_and_the_Beast_(video_games)","type":"dbpedia"},{"id":"http://dbpedia.org/resource/Batb","type":"dbpedia"},{"id":"http://dbpedia.org/resource/Beauty_and_the_Beast_(1991_movie)","type":"dbpedia"}]}],[],[],[]],[[],[{"version":2,"start":0,"end":26,"url":null,"entities":[{"id":"http://dbpedia.org/resource/The_Passion_of_Joan_of_Arc","type":"dbpedia"},{"id":"http://dbpedia.org/resource/Joan_of_Arc_(1928_film)","type":"dbpedia"},{"id":"http://dbpedia.org/resource/The_Passion_of_Joan_of_Arc","type":"dbpedia"},{"id":"http://dbpedia.org/resource/Passion_of_joan_of_arc","type":"dbpedia"},{"id":"http://dbpedia.org/resource/La_Passion_de_Jeanne_d'Arc","type":"dbpedia"},{"id":"http://dbpedia.org/resource/The_passion_of_joan_of_arc","type":"dbpedia"},{"id":"http://dbpedia.org/resource/Passion_of_Joan_of_Arc","type":"dbpedia"}]}],[],[],[]],[[],[{"version":2,"start":0,"end":13,"url":null,"entities":[{"id":"http://dbpedia.org/resource/La_Dolce_Vita","type":"dbpedia"},{"id":"http://dbpedia.org/resource/La_dolce_vita_(film)","type":"dbpedia"},{"id":"http://dbpedia.org/resource/Dolce_vita,_La","type":"dbpedia"},{"id":"http://dbpedia.org/resource/La_dolce_vita","type":"dbpedia"},{"id":"http://dbpedia.org/resource/La_dolce_vita_(1960_film)","type":"dbpedia"},{"id":"http://dbpedia.org/resource/La_dulce_vita","type":"dbpedia"},{"id":"http://dbpedia.org/resource/La_Dolce_Vita","type":"dbpedia"}]}],[],[],[]]]}