{"version":2,"table":{"version":2,"table_id":"PPJ0A3YI","columns":[{"index":0,"name":"col0","values":["Negovan","Lisovo","Gorno Spanchevo","Ribnik","Lilyanovo","Leshko","Kremen"]},{"index":1,"name":"col1","values":["9.33","22338","14863","3907","76502","43427","61869"]},{"index":2,"name":"col2","values":["549","430","477","74","676","591","1100"]},{"index":3,"name":"col3","values":["1489","6","62","121","222","185","131"]}]},"context":{"version":3,"page_title":null,"page_url":null,"entities":[],"literals":[],"content_hierarchy":[]},"links":[[[{"version":2,"start":0,"end":7,"url":null,"entities":[{"id":"Q2653970","type":"wikidata"}]}],[],[],[]],[[{"version":2,"start":0,"end":6,"url":null,"entities":[{"id":"Q2653966","type":"wikidata"}]}],[],[],[]],[[{"version":2,"start":0,"end":15,"url":null,"entities":[{"id":"Q2653911","type":"wikidata"}]}],[],[],[]],[[{"version":2,"start":0,"end":6,"url":null,"entities":[{"id":"Q2654060","type":"wikidata"}]}],[],[],[]],[[{"version":2,"start":0,"end":9,"url":null,"entities":[{"id":"Q2654055","type":"wikidata"}]}],[],[],[]],[[{"version":2,"start":0,"end":6,"url":null,"entities":[{"id":"Q2654023","type":"wikidata"}]}],[],[],[]],[[{"version":2,"start":0,"end":6,"url":null,"entities":[{"id":"Q2653902","type":"wikidata"}]}],[],[],[]]]}