{"version":2,"table":{"version":2,"table_id":"PRVTJVX7","columns":[{"index":0,"name":"col0","values":["Zacharia","Achna"]},{"index":1,"name":"col1","values":["485","75"]},{"index":2,"name":"col2","values":["Paphos District","Famagusta District"]},{"index":3,"name":"col3","values":["UTC+02:00","UTC+02:00"]}]},"context":{"version":3,"page_title":null,"page_url":null,"entities":[],"literals":[],"content_hierarchy":[]},"links":[[[{"version":2,"start":0,"end":8,"url":null,"entities":[{"id":"Q4817645","type":"wikidata"}]}],[],[{"version":2,"start":0,"end":15,"url":null,"entities":[{"id":"Q59133","type":"wikidata"}]}],[{"version":2,"start":0,"end":9,"url":null,"entities":[{"id":"Q6723","type":"wikidata"}]}]],[[{"version":2,"start":0,"end":5,"url":null,"entities":[{"id":"Q56421345","type":"wikidata"}]}],[],[{"version":2,"start":0,"end":18,"url":null,"entities":[{"id":"Q59148","type":"wikidata"}]}],[{"version":2,"start":0,"end":9,"url":null,"entities":[{"id":"Q6723","type":"wikidata"}]}]]]}