{"version":2,"table":{"version":2,"table_id":"PSQEHJAR","columns":[{"index":0,"name":"col0","values":["Hundorp","Tretten","Lunner","Tuv"]},{"index":1,"name":"col1","values":["586","881","983","243"]},{"index":2,"name":"col2","values":["0.84","1.2","0.93","0.21"]}]},"context":{"version":3,"page_title":null,"page_url":null,"entities":[],"literals":[],"content_hierarchy":[]},"links":[[[{"version":2,"start":0,"end":7,"url":null,"entities":[{"id":"Q1772488","type":"wikidata"}]}],[],[]],[[{"version":2,"start":0,"end":7,"url":null,"entities":[{"id":"Q1770106","type":"wikidata"}]}],[],[]],[[{"version":2,"start":0,"end":6,"url":null,"entities":[{"id":"Q11987035","type":"wikidata"}]}],[],[]],[[{"version":2,"start":0,"end":3,"url":null,"entities":[{"id":"Q68072361","type":"wikidata"}]}],[],[]]]}