{"version":2,"table":{"version":2,"table_id":"PXYPD13U","columns":[{"index":0,"name":"col0","values":["Audace","USS Roosevelt"]},{"index":1,"name":"col1","values":["","Arleigh Burke-class destroyer"]},{"index":2,"name":"col2","values":["Italian Navy","United States Navy"]}]},"context":{"version":3,"page_title":null,"page_url":null,"entities":[],"literals":[],"content_hierarchy":[]},"links":[[[{"version":2,"start":0,"end":6,"url":null,"entities":[{"id":"Q3629460","type":"wikidata"}]}],[],[{"version":2,"start":0,"end":12,"url":null,"entities":[{"id":"Q833040","type":"wikidata"}]}]],[[{"version":2,"start":0,"end":13,"url":null,"entities":[{"id":"Q175059","type":"wikidata"}]}],[{"version":2,"start":0,"end":29,"url":null,"entities":[{"id":"Q674909","type":"wikidata"}]}],[{"version":2,"start":0,"end":18,"url":null,"entities":[{"id":"Q11220","type":"wikidata"}]}]]]}