{"version":2,"table":{"version":2,"table_id":"PZDWSKC1","columns":[{"index":0,"name":"col0","values":["Uma no Koku","Ikutama emadō"]},{"index":1,"name":"col1","values":["","1980-01-01"]}]},"context":{"version":3,"page_title":null,"page_url":null,"entities":[],"literals":[],"content_hierarchy":[]},"links":[[[{"version":2,"start":0,"end":11,"url":null,"entities":[{"id":"Q60596948","type":"wikidata"}]}],[]],[[{"version":2,"start":0,"end":13,"url":null,"entities":[{"id":"Q60807277","type":"wikidata"}]}],[]]]}