{"version":2,"table":{"version":2,"table_id":"Q20ASU4B","columns":[{"index":0,"name":"col0","values":["Iosco Township","Itasca Township","Island Lake Township"]},{"index":1,"name":"col1","values":["509","129","233"]}]},"context":{"version":3,"page_title":null,"page_url":null,"entities":[],"literals":[],"content_hierarchy":[]},"links":[[[{"version":2,"start":0,"end":14,"url":null,"entities":[{"id":"Q1905803","type":"wikidata"}]}],[]],[[{"version":2,"start":0,"end":15,"url":null,"entities":[{"id":"Q1905785","type":"wikidata"}]}],[]],[[{"version":2,"start":0,"end":20,"url":null,"entities":[{"id":"Q1905758","type":"wikidata"}]}],[]]]}