{"version":2,"table":{"version":2,"table_id":"Q50GWUIW","columns":[{"index":0,"name":"col0","values":["Reuterstadt Stavenhagen station","Sponholz railway station"]},{"index":1,"name":"col1","values":["2","2"]}]},"context":{"version":3,"page_title":null,"page_url":null,"entities":[],"literals":[],"content_hierarchy":[]},"links":[[[{"version":2,"start":0,"end":31,"url":null,"entities":[{"id":"Q50376514","type":"wikidata"}]}],[]],[[{"version":2,"start":0,"end":24,"url":null,"entities":[{"id":"Q50376500","type":"wikidata"}]}],[]]]}