{"version":2,"table":{"version":2,"table_id":"QH72XG3P","columns":[{"index":0,"name":"col0","values":["Hinchinbrook","Marulan","Bannaby","Minore","Chillingham","Middle Point","De Grey"]},{"index":1,"name":"col1","values":["5554","606","17","82","117","40","18"]},{"index":2,"name":"col2","values":["5668","570","16","69","115","19","15"]}]},"context":{"version":3,"page_title":null,"page_url":null,"entities":[],"literals":[],"content_hierarchy":[]},"links":[[[{"version":2,"start":0,"end":12,"url":null,"entities":[{"id":"Q5765710","type":"wikidata"}]}],[],[]],[[{"version":2,"start":0,"end":7,"url":null,"entities":[{"id":"Q6777932","type":"wikidata"}]}],[],[]],[[{"version":2,"start":0,"end":7,"url":null,"entities":[{"id":"Q4856856","type":"wikidata"}]}],[],[]],[[{"version":2,"start":0,"end":6,"url":null,"entities":[{"id":"Q6869215","type":"wikidata"}]}],[],[]],[[{"version":2,"start":0,"end":11,"url":null,"entities":[{"id":"Q5099066","type":"wikidata"}]}],[],[]],[[{"version":2,"start":0,"end":12,"url":null,"entities":[{"id":"Q6841531","type":"wikidata"}]}],[],[]],[[{"version":2,"start":0,"end":7,"url":null,"entities":[{"id":"Q5244393","type":"wikidata"}]}],[],[]]]}