{"version":2,"table":{"version":2,"table_id":"QHCZ6CTJ","columns":[{"index":0,"name":"col0","values":["Descriptive catalogue of Forest Nursery Company","Catalog of leading seeds from Smith Brothers Seed Company","Catalog of leading seeds from Smith Brothers Seed Company"]},{"index":1,"name":"col1","values":["30","",""]}]},"context":{"version":3,"page_title":null,"page_url":null,"entities":[],"literals":[],"content_hierarchy":[]},"links":[[[{"version":2,"start":0,"end":47,"url":null,"entities":[{"id":"Q51403014","type":"wikidata"}]}],[]],[[{"version":2,"start":0,"end":57,"url":null,"entities":[{"id":"Q51394433","type":"wikidata"}]}],[]],[[{"version":2,"start":0,"end":57,"url":null,"entities":[{"id":"Q51394445","type":"wikidata"}]}],[]]]}