{"version":2,"table":{"version":2,"table_id":"QK7X7BBA","columns":[{"index":0,"name":"col0","values":["Pasewalk railway station","Nordhausen station","München-Riem station","Kaufering station","Garmisch-Partenkirchen station","Demmin railway station"]},{"index":1,"name":"col1","values":["4","3","3","5","5","2"]},{"index":2,"name":"col2","values":["7","183","520.76","591.5","708","5"]}]},"context":{"version":3,"page_title":null,"page_url":null,"entities":[],"literals":[],"content_hierarchy":[]},"links":[[[{"version":2,"start":0,"end":24,"url":null,"entities":[{"id":"Q801310","type":"wikidata"}]}],[],[]],[[{"version":2,"start":0,"end":18,"url":null,"entities":[{"id":"Q801265","type":"wikidata"}]}],[],[]],[[{"version":2,"start":0,"end":20,"url":null,"entities":[{"id":"Q801218","type":"wikidata"}]}],[],[]],[[{"version":2,"start":0,"end":17,"url":null,"entities":[{"id":"Q800991","type":"wikidata"}]}],[],[]],[[{"version":2,"start":0,"end":30,"url":null,"entities":[{"id":"Q800804","type":"wikidata"}]}],[],[]],[[{"version":2,"start":0,"end":22,"url":null,"entities":[{"id":"Q800652","type":"wikidata"}]}],[],[]]]}