{"version":2,"table":{"version":2,"table_id":"QNFAKJIX","columns":[{"index":0,"name":"col0","values":["RT Aurigae","Tevel","HD 209458","Ayeyarwady"]},{"index":1,"name":"col1","values":["0.05","0.13","0","-0.03"]},{"index":2,"name":"col2","values":["140","17800","20600","1230"]},{"index":3,"name":"col3","values":["","","1.61","20.659874"]}]},"context":{"version":3,"page_title":null,"page_url":null,"entities":[],"literals":[],"content_hierarchy":[]},"links":[[[{"version":2,"start":0,"end":10,"url":null,"entities":[{"id":"Q2608606","type":"wikidata"}]}],[],[],[]],[[{"version":2,"start":0,"end":5,"url":null,"entities":[{"id":"Q2562542","type":"wikidata"}]}],[],[],[]],[[{"version":2,"start":0,"end":9,"url":null,"entities":[{"id":"Q186053","type":"wikidata"}]}],[],[],[]],[[{"version":2,"start":0,"end":10,"url":null,"entities":[{"id":"Q4039884","type":"wikidata"}]}],[],[],[]]]}