{"version":2,"table":{"version":2,"table_id":"QRA0V3ID","columns":[{"index":0,"name":"col0","values":["ESO 35-1","ESO 34-10","UGC 9532","ESO 201-24","ESO 202-5","ESO 202-9","ESO 68-14"]},{"index":1,"name":"col1","values":["-73.5100778","-75.115883495575","19.0603093664225","-48.169361","-50.0438806","-48.305667","-68.05056"]}]},"context":{"version":3,"page_title":null,"page_url":null,"entities":[],"literals":[],"content_hierarchy":[]},"links":[[[{"version":2,"start":0,"end":8,"url":null,"entities":[{"id":"Q86111139","type":"wikidata"}]}],[]],[[{"version":2,"start":0,"end":9,"url":null,"entities":[{"id":"Q86110656","type":"wikidata"}]}],[]],[[{"version":2,"start":0,"end":8,"url":null,"entities":[{"id":"Q86094369","type":"wikidata"}]}],[]],[[{"version":2,"start":0,"end":10,"url":null,"entities":[{"id":"Q86061569","type":"wikidata"}]}],[]],[[{"version":2,"start":0,"end":9,"url":null,"entities":[{"id":"Q86061298","type":"wikidata"}]}],[]],[[{"version":2,"start":0,"end":9,"url":null,"entities":[{"id":"Q86061221","type":"wikidata"}]}],[]],[[{"version":2,"start":0,"end":9,"url":null,"entities":[{"id":"Q86035768","type":"wikidata"}]}],[]]]}