{"version":2,"table":{"version":2,"table_id":"QV2WHBBB","columns":[{"index":0,"name":"col0","values":["Ravda","Zorritos","Bognor Regis","Nebel","Golden Sands","Thiessow","Brodersby"]},{"index":1,"name":"col1","values":["5","8","","6","24","3","17"]},{"index":2,"name":"col2","values":["11.4","","4.41","11.96","","","9.79"]}]},"context":{"version":3,"page_title":null,"page_url":null,"entities":[],"literals":[],"content_hierarchy":[]},"links":[[[{"version":2,"start":0,"end":5,"url":null,"entities":[{"id":"Q1022288","type":"wikidata"}]}],[],[]],[[{"version":2,"start":0,"end":8,"url":null,"entities":[{"id":"Q3317432","type":"wikidata"}]}],[],[]],[[{"version":2,"start":0,"end":12,"url":null,"entities":[{"id":"Q890621","type":"wikidata"}]}],[],[]],[[{"version":2,"start":0,"end":5,"url":null,"entities":[{"id":"Q21042","type":"wikidata"}]}],[],[]],[[{"version":2,"start":0,"end":12,"url":null,"entities":[{"id":"Q1026748","type":"wikidata"}]}],[],[]],[[{"version":2,"start":0,"end":8,"url":null,"entities":[{"id":"Q33506380","type":"wikidata"}]}],[],[]],[[{"version":2,"start":0,"end":9,"url":null,"entities":[{"id":"Q636651","type":"wikidata"}]}],[],[]]]}