{"version":2,"table":{"version":2,"table_id":"QYQZJQBG","columns":[{"index":0,"name":"col0","values":["Hurricane Marie","Hurricane Genevieve","Hurricane Gilma","Hurricane Emilia","Hurricane Ava","Hurricane Rick"]},{"index":1,"name":"col1","values":["2014-09-02","2014-08-14","1994-07-31","1994-07-25","1973-06-12","2009-10-21"]}]},"context":{"version":3,"page_title":null,"page_url":null,"entities":[],"literals":[],"content_hierarchy":[]},"links":[[[{"version":2,"start":0,"end":15,"url":null,"entities":[{"id":"Q17602356","type":"wikidata"}]}],[]],[[{"version":2,"start":0,"end":19,"url":null,"entities":[{"id":"Q17486636","type":"wikidata"}]}],[]],[[{"version":2,"start":0,"end":15,"url":null,"entities":[{"id":"Q8463701","type":"wikidata"}]}],[]],[[{"version":2,"start":0,"end":16,"url":null,"entities":[{"id":"Q5947487","type":"wikidata"}]}],[]],[[{"version":2,"start":0,"end":13,"url":null,"entities":[{"id":"Q5947170","type":"wikidata"}]}],[]],[[{"version":2,"start":0,"end":14,"url":null,"entities":[{"id":"Q3123924","type":"wikidata"}]}],[]]]}