{"version":2,"table":{"version":2,"table_id":"R3YEPA5H","columns":[{"index":0,"name":"col0","values":["The great proletarian Cultural Revolution","Uniting all proletarian Revolutionaries and Seize Power from the Capitalists","Celebrating the 40th anniversary of the Chinese Communist Party 1921-1961","Fill the world with love","Premier Zhou Enlai","Get full marks","Chairman Mao waving hands to point out the direction of voyage"]},{"index":1,"name":"col1","values":["105","105","75","53","53","53","69"]}]},"context":{"version":3,"page_title":null,"page_url":null,"entities":[],"literals":[],"content_hierarchy":[]},"links":[[[{"version":2,"start":0,"end":41,"url":null,"entities":[{"id":"Q106122200","type":"wikidata"}]}],[]],[[{"version":2,"start":0,"end":76,"url":null,"entities":[{"id":"Q106122175","type":"wikidata"}]}],[]],[[{"version":2,"start":0,"end":73,"url":null,"entities":[{"id":"Q106122164","type":"wikidata"}]}],[]],[[{"version":2,"start":0,"end":24,"url":null,"entities":[{"id":"Q106122099","type":"wikidata"}]}],[]],[[{"version":2,"start":0,"end":18,"url":null,"entities":[{"id":"Q106122083","type":"wikidata"}]}],[]],[[{"version":2,"start":0,"end":14,"url":null,"entities":[{"id":"Q106122042","type":"wikidata"}]}],[]],[[{"version":2,"start":0,"end":62,"url":null,"entities":[{"id":"Q106122029","type":"wikidata"}]}],[]]]}