{"version":2,"table":{"version":2,"table_id":"R4UH0GXQ","columns":[{"index":0,"name":"col0","values":["Portrait of Hieronymus Tscheckenburlin and Death","The Annunciation","The Annunciation","Our Lady of the Seven Sorrows (left wing of diptych: Joris van de Velde, his wife Barbara Le Maire and their children with Saints George and Barbara)","Portrait Diptych of Dürer's Parents","Matheron Diptych"]},{"index":1,"name":"col1","values":["portrait","religious art","religious art","religious art","portrait painting","portrait"]},{"index":2,"name":"col2","values":["","66.7","23","144","47","18"]},{"index":3,"name":"col3","values":["Kunstmuseum Basel","Philadelphia Museum of Art","Royal Museum of Fine Arts Antwerp","Church of Our Lady","","Room 833"]}]},"context":{"version":3,"page_title":null,"page_url":null,"entities":[],"literals":[],"content_hierarchy":[]},"links":[[[{"version":2,"start":0,"end":48,"url":null,"entities":[{"id":"Q110008222","type":"wikidata"}]}],[{"version":2,"start":0,"end":8,"url":null,"entities":[{"id":"Q134307","type":"wikidata"}]}],[],[{"version":2,"start":0,"end":17,"url":null,"entities":[{"id":"Q194626","type":"wikidata"}]}]],[[{"version":2,"start":0,"end":16,"url":null,"entities":[{"id":"Q20808260","type":"wikidata"}]}],[{"version":2,"start":0,"end":13,"url":null,"entities":[{"id":"Q2864737","type":"wikidata"}]}],[],[{"version":2,"start":0,"end":26,"url":null,"entities":[{"id":"Q510324","type":"wikidata"}]}]],[[{"version":2,"start":0,"end":16,"url":null,"entities":[{"id":"Q5815959","type":"wikidata"}]}],[{"version":2,"start":0,"end":13,"url":null,"entities":[{"id":"Q2864737","type":"wikidata"}]}],[],[{"version":2,"start":0,"end":33,"url":null,"entities":[{"id":"Q1471477","type":"wikidata"}]}]],[[{"version":2,"start":0,"end":149,"url":null,"entities":[{"id":"Q27058597","type":"wikidata"}]}],[{"version":2,"start":0,"end":13,"url":null,"entities":[{"id":"Q2864737","type":"wikidata"}]}],[],[{"version":2,"start":0,"end":18,"url":null,"entities":[{"id":"Q917183","type":"wikidata"}]}]],[[{"version":2,"start":0,"end":35,"url":null,"entities":[{"id":"Q1988057","type":"wikidata"}]}],[{"version":2,"start":0,"end":17,"url":null,"entities":[{"id":"Q1400853","type":"wikidata"}]}],[],[]],[[{"version":2,"start":0,"end":16,"url":null,"entities":[{"id":"Q29855822","type":"wikidata"}]}],[{"version":2,"start":0,"end":8,"url":null,"entities":[{"id":"Q134307","type":"wikidata"}]}],[],[{"version":2,"start":0,"end":8,"url":null,"entities":[{"id":"Q19119678","type":"wikidata"}]}]]]}