[{"version":1,"nodes":[{"col_index":0,"label":"col0","id":0},{"col_index":1,"label":"col1","id":1},{"col_index":2,"label":"col2","id":2},{"abs_uri":"http://www.wikidata.org/entity/Q6498959","rel_uri":"wd:Q6498959","approximation":false,"readable_label":"scale model (Q6498959)","id":3}],"edges":[{"source":3,"target":0,"abs_uri":"http://www.w3.org/2000/01/rdf-schema#label","rel_uri":"rdfs:label","approximation":false,"readable_label":"rdfs:label","id":0},{"source":3,"target":1,"abs_uri":"http://www.wikidata.org/prop/P276","rel_uri":"p:P276","approximation":false,"readable_label":"location (P276)","id":1},{"source":3,"target":2,"abs_uri":"http://www.wikidata.org/prop/P170","rel_uri":"p:P170","approximation":false,"readable_label":"creator (P170)","id":2}]}]