[{"version":1,"nodes":[{"col_index":0,"label":"col0","id":0},{"col_index":1,"label":"col1","id":1},{"col_index":2,"label":"col2","id":2},{"abs_uri":"http://www.wikidata.org/entity/Q1497364","rel_uri":"wd:Q1497364","approximation":false,"readable_label":"building complex (Q1497364)","id":3}],"edges":[{"source":3,"target":0,"abs_uri":"http://www.w3.org/2000/01/rdf-schema#label","rel_uri":"rdfs:label","approximation":false,"readable_label":"rdfs:label","id":0},{"source":3,"target":1,"abs_uri":"http://www.wikidata.org/prop/P1101","rel_uri":"p:P1101","approximation":false,"readable_label":"floors above ground (P1101)","id":1},{"source":3,"target":2,"abs_uri":"http://www.wikidata.org/prop/P6375","rel_uri":"p:P6375","approximation":false,"readable_label":"street address (P6375)","id":2}]}]