{"version":"1.2","table":{"version":"2","table_id":"BVX4GLEE","columns":[{"index":0,"name":"col0","values":["IRAS 09548-5337","IRAS 09527-5337","IRAS 11335-6804","IRAS 17488+2909","IRAS 17352-2233","IRAS 17222-2231","IRAS 17573-2259","IRAS 18013-2443","IRAS 17386-2317","IRAS 17239-2443","IRAS 17099-2207","IRAS 16434-2327","IRAS 17387-3757","IRAS 17312-3756","IRAS 15227-3135","IRAS 17232-3658","IRAS 17334-3846","IRAS 16342-3555","IRAS 20218+3935","IRAS 20208+4014"]},{"index":1,"name":"col1","values":["-6.333","-4.692","-5.229","-8.15","-4.366","-6.843","-3.565","1.303","-5.204","-1.439","-7.562","-3.497","-3.171","-5.593","2.274","-0.413","-7.903","-2.176","-6.099","-4.146"]},{"index":2,"name":"col2","values":["1.2699","0.0959","0.4232","4.8212","0.1918","0.2222","0.4378","1.2267","0.015","0.6164","0.4321","0.3039","0.2902","0.2537","0.4126","0.4","0.091","0.29","0.5278","0.018"]}]},"context":{"page_title":null,"page_url":null,"page_entity_id":null,"content_hierarchy":[]},"links":[[[{"start":0,"end":15,"url":null,"entity_id":"Q75721776","candidates":[]}],[],[]],[[{"start":0,"end":15,"url":null,"entity_id":"Q75276697","candidates":[]}],[],[]],[[{"start":0,"end":15,"url":null,"entity_id":"Q76881809","candidates":[]}],[],[]],[[{"start":0,"end":15,"url":null,"entity_id":"Q76789056","candidates":[]}],[],[]],[[{"start":0,"end":15,"url":null,"entity_id":"Q76784430","candidates":[]}],[],[]],[[{"start":0,"end":15,"url":null,"entity_id":"Q76784328","candidates":[]}],[],[]],[[{"start":0,"end":15,"url":null,"entity_id":"Q76782609","candidates":[]}],[],[]],[[{"start":0,"end":15,"url":null,"entity_id":"Q76782522","candidates":[]}],[],[]],[[{"start":0,"end":15,"url":null,"entity_id":"Q76782095","candidates":[]}],[],[]],[[{"start":0,"end":15,"url":null,"entity_id":"Q76780948","candidates":[]}],[],[]],[[{"start":0,"end":15,"url":null,"entity_id":"Q76780765","candidates":[]}],[],[]],[[{"start":0,"end":15,"url":null,"entity_id":"Q76565808","candidates":[]}],[],[]],[[{"start":0,"end":15,"url":null,"entity_id":"Q76565645","candidates":[]}],[],[]],[[{"start":0,"end":15,"url":null,"entity_id":"Q76565355","candidates":[]}],[],[]],[[{"start":0,"end":15,"url":null,"entity_id":"Q76563666","candidates":[]}],[],[]],[[{"start":0,"end":15,"url":null,"entity_id":"Q76563569","candidates":[]}],[],[]],[[{"start":0,"end":15,"url":null,"entity_id":"Q76562016","candidates":[]}],[],[]],[[{"start":0,"end":15,"url":null,"entity_id":"Q74174663","candidates":[]}],[],[]],[[{"start":0,"end":15,"url":null,"entity_id":"Q74174305","candidates":[]}],[],[]],[[{"start":0,"end":15,"url":null,"entity_id":"Q75722887","candidates":[]}],[],[]]]}