{"version":"1.2","table":{"version":"2","table_id":"BW5I08RD","columns":[{"index":0,"name":"col0","values":["Beaupuy","Courbiac","Bourgougnague","Beaugas","Gourdon","Saint-Priest","Saint-Saëns","Marseille","Cahors","Epping","Calmeilles","Toulouse","Alos","Allières","Alliat","Aleu","Albiès","L'Aiguillon","Amélie-les-Bains-Palalda","Challans"]},{"index":1,"name":"col1","values":["160","100","190","100","600","420","110","12","130","280","469","141","553","347","62","800.5","531","457","240","1"]},{"index":2,"name":"col2","values":["1650","114","321","359","88","1200","2391","855393","19878","570","59","482738","117","71","51","130","123","429","3460","20622"]}]},"context":{"page_title":null,"page_url":null,"page_entity_id":null,"content_hierarchy":[]},"links":[[[{"start":0,"end":7,"url":null,"entity_id":"Q24587","candidates":[]}],[],[]],[[{"start":0,"end":8,"url":null,"entity_id":"Q24581","candidates":[]}],[],[]],[[{"start":0,"end":13,"url":null,"entity_id":"Q24578","candidates":[]}],[],[]],[[{"start":0,"end":7,"url":null,"entity_id":"Q24564","candidates":[]}],[],[]],[[{"start":0,"end":7,"url":null,"entity_id":"Q24238","candidates":[]}],[],[]],[[{"start":0,"end":12,"url":null,"entity_id":"Q24126","candidates":[]}],[],[]],[[{"start":0,"end":11,"url":null,"entity_id":"Q23783","candidates":[]}],[],[]],[[{"start":0,"end":9,"url":null,"entity_id":"Q23482","candidates":[]}],[],[]],[[{"start":0,"end":6,"url":null,"entity_id":"Q23047","candidates":[]}],[],[]],[[{"start":0,"end":6,"url":null,"entity_id":"Q22944","candidates":[]}],[],[]],[[{"start":0,"end":10,"url":null,"entity_id":"Q7963","candidates":[]}],[],[]],[[{"start":0,"end":8,"url":null,"entity_id":"Q7880","candidates":[]}],[],[]],[[{"start":0,"end":4,"url":null,"entity_id":"Q7190","candidates":[]}],[],[]],[[{"start":0,"end":8,"url":null,"entity_id":"Q7189","candidates":[]}],[],[]],[[{"start":0,"end":6,"url":null,"entity_id":"Q7185","candidates":[]}],[],[]],[[{"start":0,"end":4,"url":null,"entity_id":"Q7182","candidates":[]}],[],[]],[[{"start":0,"end":6,"url":null,"entity_id":"Q7180","candidates":[]}],[],[]],[[{"start":0,"end":11,"url":null,"entity_id":"Q7179","candidates":[]}],[],[]],[[{"start":0,"end":24,"url":null,"entity_id":"Q7152","candidates":[]}],[],[]],[[{"start":0,"end":8,"url":null,"entity_id":"Q7148","candidates":[]}],[],[]]]}