{"version":"1.2","table":{"version":"2","table_id":"BWTY6IHV","columns":[{"index":0,"name":"col0","values":["Darton","Blaxlad","Hxnter","erowra","Aston","Mayo","cMillan","Llndsay","MPhersrn","Warrinah","Oacquarie","Wakefielg","McMhon","Lalor","Eden-Monar","Chjfley","Farre","Caare","Brcddon","Mackellr"]},{"index":1,"name":"col1","values":["174232.8","175856.438","158363.96","145716.544","136426.05399999997","141489.936","167829.98399999997","165362.304","150823.095","145859.67","141014.683","168380.21199999997","164036.07","232906.916","146499.276","172447.743","164143.97999999998","161943.192","96475.652","148910.226"]},{"index":2,"name":"col2","values":["40.279999999999994","61.122","20211.554999999997","776.526","98.307","9398.835","8336.328","336.288","230.92","73.292","4404.6179999999995","6368.558","161.322","994.964","41533.766","126.756","125577.28","30800.733999999997","20701.044","233.0"]},{"index":3,"name":"col3","values":["106191.467","102574.446","112736.49799999999","104613.53","97003.43000000001","108318.032","115619.0","110821.24","103864.76099999998","103671.45","104669.226","112587.75299999998","105097.41","122620.128","114482.41999999998","104279.456","110608.284","113860.656","73608.488","109134.144"]}]},"context":{"page_title":null,"page_url":null,"page_entity_id":null,"content_hierarchy":[]},"links":[[[{"start":0,"end":6,"url":null,"entity_id":"Q1074151","candidates":[]}],[],[],[]],[[{"start":0,"end":7,"url":null,"entity_id":"Q1074143","candidates":[]}],[],[],[]],[[{"start":0,"end":6,"url":null,"entity_id":"Q1074124","candidates":[]}],[],[],[]],[[{"start":0,"end":6,"url":null,"entity_id":"Q1074115","candidates":[]}],[],[],[]],[[{"start":0,"end":5,"url":null,"entity_id":"Q1074102","candidates":[]}],[],[],[]],[[{"start":0,"end":4,"url":null,"entity_id":"Q1074088","candidates":[]}],[],[],[]],[[{"start":0,"end":7,"url":null,"entity_id":"Q1074082","candidates":[]}],[],[],[]],[[{"start":0,"end":7,"url":null,"entity_id":"Q1074066","candidates":[]}],[],[],[]],[[{"start":0,"end":8,"url":null,"entity_id":"Q1074030","candidates":[]}],[],[],[]],[[{"start":0,"end":8,"url":null,"entity_id":"Q1074025","candidates":[]}],[],[],[]],[[{"start":0,"end":9,"url":null,"entity_id":"Q1074005","candidates":[]}],[],[],[]],[[{"start":0,"end":9,"url":null,"entity_id":"Q1073964","candidates":[]}],[],[],[]],[[{"start":0,"end":6,"url":null,"entity_id":"Q1073946","candidates":[]}],[],[],[]],[[{"start":0,"end":5,"url":null,"entity_id":"Q1073721","candidates":[]}],[],[],[]],[[{"start":0,"end":10,"url":null,"entity_id":"Q1073695","candidates":[]}],[],[],[]],[[{"start":0,"end":7,"url":null,"entity_id":"Q1073690","candidates":[]}],[],[],[]],[[{"start":0,"end":5,"url":null,"entity_id":"Q1073683","candidates":[]}],[],[],[]],[[{"start":0,"end":5,"url":null,"entity_id":"Q1026265","candidates":[]}],[],[],[]],[[{"start":0,"end":7,"url":null,"entity_id":"Q924832","candidates":[]}],[],[],[]],[[{"start":0,"end":8,"url":null,"entity_id":"Q918989","candidates":[]}],[],[],[]]]}