{"version":"1.2","table":{"version":"2","table_id":"BX8NBUBN","columns":[{"index":0,"name":"col0","values":["housewife","women's rights activist","settler","postmaster","impostor","Sardar","hierodule","prankster","witch","research assistant","merenguero","gamer","vedette","player","lone wolf","fiddler","information broker","publican","cornetist","pentathlete"]},{"index":1,"name":"col1","values":["wife","feminist","explorer","official","delinquent","mountain guide","slavery","comedian","magician","researcher","merchant","competitive player","actor","person","terrorist","violinist","broker","bartender","instrumentalist","combined track and field event athlete"]},{"index":2,"name":"col2","values":["maid","feminist","colonial","postal official","impersonator","Sirdar","sacred prostitution","trickster","magician in fantasy","new investigator","Merenguero","Gamer","Vedette","competitive player","lone wolf","violinist","broker","publican","cornettist","modern pentathlete"]}]},"context":{"page_title":null,"page_url":null,"page_entity_id":null,"content_hierarchy":[]},"links":[[[{"start":0,"end":23,"url":null,"entity_id":"Q28692502","candidates":[]}],[{"start":0,"end":8,"url":null,"entity_id":"Q34074720","candidates":[]}],[{"start":0,"end":8,"url":null,"entity_id":"Q34074720","candidates":[]}]],[[{"start":0,"end":7,"url":null,"entity_id":"Q1818899","candidates":[]}],[{"start":0,"end":8,"url":null,"entity_id":"Q11900058","candidates":[]}],[{"start":0,"end":8,"url":null,"entity_id":"Q50329651","candidates":[]}]],[[{"start":0,"end":10,"url":null,"entity_id":"Q1416611","candidates":[]}],[{"start":0,"end":8,"url":null,"entity_id":"Q599151","candidates":[]}],[{"start":0,"end":15,"url":null,"entity_id":"Q50118159","candidates":[]}]],[[{"start":0,"end":8,"url":null,"entity_id":"Q1413522","candidates":[]}],[{"start":0,"end":10,"url":null,"entity_id":"Q1184268","candidates":[]}],[{"start":0,"end":12,"url":null,"entity_id":"Q17379560","candidates":[]}]],[[{"start":0,"end":6,"url":null,"entity_id":"Q1260222","candidates":[]}],[{"start":0,"end":14,"url":null,"entity_id":"Q819677","candidates":[]}],[{"start":0,"end":6,"url":null,"entity_id":"Q1626426","candidates":[]}]],[[{"start":0,"end":9,"url":null,"entity_id":"Q1617492","candidates":[]}],[{"start":0,"end":7,"url":null,"entity_id":"Q8463","candidates":[]}],[{"start":0,"end":19,"url":null,"entity_id":"Q1413317","candidates":[]}]],[[{"start":0,"end":9,"url":null,"entity_id":"Q1344569","candidates":[]}],[{"start":0,"end":8,"url":null,"entity_id":"Q245068","candidates":[]}],[{"start":0,"end":9,"url":null,"entity_id":"Q902180","candidates":[]}]],[[{"start":0,"end":5,"url":null,"entity_id":"Q1616828","candidates":[]}],[{"start":0,"end":8,"url":null,"entity_id":"Q2488257","candidates":[]}],[{"start":0,"end":19,"url":null,"entity_id":"Q148401","candidates":[]}]],[[{"start":0,"end":18,"url":null,"entity_id":"Q5405633","candidates":[]}],[{"start":0,"end":10,"url":null,"entity_id":"Q1650915","candidates":[]}],[{"start":0,"end":16,"url":null,"entity_id":"Q17125552","candidates":[]}]],[[{"start":0,"end":10,"url":null,"entity_id":"Q5393998","candidates":[]}],[{"start":0,"end":8,"url":null,"entity_id":"Q215536","candidates":[]}],[{"start":0,"end":10,"url":null,"entity_id":"Q5477468","candidates":[]}]],[[{"start":0,"end":5,"url":null,"entity_id":"Q5276395","candidates":[]}],[{"start":0,"end":18,"url":null,"entity_id":"Q18536342","candidates":[]}],[{"start":0,"end":5,"url":null,"entity_id":"Q947885","candidates":[]}]],[[{"start":0,"end":7,"url":null,"entity_id":"Q3178518","candidates":[]}],[{"start":0,"end":5,"url":null,"entity_id":"Q33999","candidates":[]}],[{"start":0,"end":7,"url":null,"entity_id":"Q400962","candidates":[]}]],[[{"start":0,"end":6,"url":null,"entity_id":"Q4197743","candidates":[]}],[{"start":0,"end":6,"url":null,"entity_id":"Q215627","candidates":[]}],[{"start":0,"end":18,"url":null,"entity_id":"Q18536342","candidates":[]}]],[[{"start":0,"end":9,"url":null,"entity_id":"Q3137997","candidates":[]}],[{"start":0,"end":9,"url":null,"entity_id":"Q14886050","candidates":[]}],[{"start":0,"end":9,"url":null,"entity_id":"Q4255009","candidates":[]}]],[[{"start":0,"end":7,"url":null,"entity_id":"Q3560496","candidates":[]}],[{"start":0,"end":9,"url":null,"entity_id":"Q1259917","candidates":[]}],[{"start":0,"end":9,"url":null,"entity_id":"Q1259917","candidates":[]}]],[[{"start":0,"end":18,"url":null,"entity_id":"Q1418159","candidates":[]}],[{"start":0,"end":6,"url":null,"entity_id":"Q160117","candidates":[]}],[{"start":0,"end":6,"url":null,"entity_id":"Q1864802","candidates":[]}]],[[{"start":0,"end":8,"url":null,"entity_id":"Q24729786","candidates":[]}],[{"start":0,"end":9,"url":null,"entity_id":"Q808266","candidates":[]}],[{"start":0,"end":8,"url":null,"entity_id":"Q285101","candidates":[]}]],[[{"start":0,"end":9,"url":null,"entity_id":"Q24574678","candidates":[]}],[{"start":0,"end":15,"url":null,"entity_id":"Q1278335","candidates":[]}],[{"start":0,"end":10,"url":null,"entity_id":"Q59139094","candidates":[]}]],[[{"start":0,"end":11,"url":null,"entity_id":"Q21141408","candidates":[]}],[{"start":0,"end":38,"url":null,"entity_id":"Q14605941","candidates":[]}],[{"start":0,"end":18,"url":null,"entity_id":"Q15972912","candidates":[]}]],[[{"start":0,"end":9,"url":null,"entity_id":"Q38126150","candidates":[]}],[{"start":0,"end":4,"url":null,"entity_id":"Q188830","candidates":[]}],[{"start":0,"end":4,"url":null,"entity_id":"Q833860","candidates":[]}]]]}