{"version":"1.2","table":{"version":"2","table_id":"BXLA6S8N","columns":[{"index":0,"name":"col0","values":["Alvin and the Chipmunks","Valley of the Dinosaurs","Voltron Force","Alvin and the Chipmunks","Mork & Mindy/Laverne & Shirley/Fonz Hour","Tara Duncan: The Evil Empress","Martha Speaks","Teen Days","W.I.T.C.H.","Star Wars Detours","Hulk and the Agents of S.M.A.S.H.","NFL Rush Zone: Guardians of the Core","The Yogi Bear Show","Steven Universe","Teen Titans Go!","Beware the Batman","Rupert","Legends of Chima","Challenge of the GoBots","Dragon Flyz"]},{"index":1,"name":"col1","values":["children's television series","science fiction television","adventure novel","comedic TV series","comedic TV series","comedic TV series","educational film","comedic TV series","fantasy","science fiction television","action film","action fiction","sitcom","science fiction","slapstick","comedic TV series","comedic TV series","fantasy television","science fiction television","science fiction"]},{"index":2,"name":"col2","values":["Ross Bagdasarian, Jr.","Hoyt Curtin","Steffan Andrews","Dean Elliott","Hoyt Curtin","Noam Kaniel","Daniel Ingram","Giovanni Cera","Noam Kaniel","Michael A. Levine","Guy Michelmore","David Robidoux","Hoyt Curtin","Rebecca Sugar","Armen Chakmakian","Frederik Wiedmann","Milan Kymlicka","Anthony Lledo","Hoyt Curtin","David Friedman"]},{"index":3,"name":"col3","values":["PGS Entertainment","Taft Broadcasting","NBCUniversal Television Distribution","Lorimar-Telepictures","CBS Television Distribution","Splash Entertainment","WildBrain","Cartoon One S.r.l.","Disney Media Distribution","Disney–ABC Domestic Television","Disney–ABC Domestic Television","ViacomCBS Networks International","Screen Gems","Warner Bros. Television","Warner Bros. Television","Warner Bros. Television","Corus Entertainment","The Lego Group","Worldvision Enterprises","Sony Pictures Television"]}]},"context":{"page_title":null,"page_url":null,"page_entity_id":null,"content_hierarchy":[]},"links":[[[{"start":0,"end":23,"url":null,"entity_id":"Q7722597","candidates":[]}],[{"start":0,"end":28,"url":null,"entity_id":"Q1273568","candidates":[]}],[{"start":0,"end":21,"url":null,"entity_id":"Q3442740","candidates":[]}],[{"start":0,"end":17,"url":null,"entity_id":"Q19644584","candidates":[]}]],[[{"start":0,"end":23,"url":null,"entity_id":"Q10339909","candidates":[]}],[{"start":0,"end":26,"url":null,"entity_id":"Q336059","candidates":[]}],[{"start":0,"end":11,"url":null,"entity_id":"Q753839","candidates":[]}],[{"start":0,"end":17,"url":null,"entity_id":"Q7675027","candidates":[]}]],[[{"start":0,"end":13,"url":null,"entity_id":"Q7940813","candidates":[]}],[{"start":0,"end":15,"url":null,"entity_id":"Q319226","candidates":[]}],[{"start":0,"end":15,"url":null,"entity_id":"Q7606589","candidates":[]}],[{"start":0,"end":36,"url":null,"entity_id":"Q6952746","candidates":[]}]],[[{"start":0,"end":23,"url":null,"entity_id":"Q6315248","candidates":[]}],[{"start":0,"end":17,"url":null,"entity_id":"Q22812458","candidates":[]}],[{"start":0,"end":12,"url":null,"entity_id":"Q5246133","candidates":[]}],[{"start":0,"end":20,"url":null,"entity_id":"Q6681211","candidates":[]}]],[[{"start":0,"end":40,"url":null,"entity_id":"Q6912466","candidates":[]}],[{"start":0,"end":17,"url":null,"entity_id":"Q22812458","candidates":[]}],[{"start":0,"end":11,"url":null,"entity_id":"Q753839","candidates":[]}],[{"start":0,"end":27,"url":null,"entity_id":"Q5009281","candidates":[]}]],[[{"start":0,"end":29,"url":null,"entity_id":"Q7685061","candidates":[]}],[{"start":0,"end":17,"url":null,"entity_id":"Q22812458","candidates":[]}],[{"start":0,"end":11,"url":null,"entity_id":"Q2897062","candidates":[]}],[{"start":0,"end":20,"url":null,"entity_id":"Q3857481","candidates":[]}]],[[{"start":0,"end":13,"url":null,"entity_id":"Q2912298","candidates":[]}],[{"start":0,"end":16,"url":null,"entity_id":"Q596138","candidates":[]}],[{"start":0,"end":13,"url":null,"entity_id":"Q5217578","candidates":[]}],[{"start":0,"end":9,"url":null,"entity_id":"Q3700394","candidates":[]}]],[[{"start":0,"end":9,"url":null,"entity_id":"Q3517109","candidates":[]}],[{"start":0,"end":17,"url":null,"entity_id":"Q22812458","candidates":[]}],[{"start":0,"end":13,"url":null,"entity_id":"Q57038936","candidates":[]}],[{"start":0,"end":18,"url":null,"entity_id":"Q3660965","candidates":[]}]],[[{"start":0,"end":10,"url":null,"entity_id":"Q3533342","candidates":[]}],[{"start":0,"end":7,"url":null,"entity_id":"Q132311","candidates":[]}],[{"start":0,"end":11,"url":null,"entity_id":"Q2897062","candidates":[]}],[{"start":0,"end":25,"url":null,"entity_id":"Q3030445","candidates":[]}]],[[{"start":0,"end":17,"url":null,"entity_id":"Q3497055","candidates":[]}],[{"start":0,"end":26,"url":null,"entity_id":"Q336059","candidates":[]}],[{"start":0,"end":17,"url":null,"entity_id":"Q6828073","candidates":[]}],[{"start":0,"end":30,"url":null,"entity_id":"Q2737435","candidates":[]}]],[[{"start":0,"end":33,"url":null,"entity_id":"Q5935752","candidates":[]}],[{"start":0,"end":11,"url":null,"entity_id":"Q188473","candidates":[]}],[{"start":0,"end":14,"url":null,"entity_id":"Q5622466","candidates":[]}],[{"start":0,"end":30,"url":null,"entity_id":"Q2737435","candidates":[]}]],[[{"start":0,"end":36,"url":null,"entity_id":"Q6953748","candidates":[]}],[{"start":0,"end":14,"url":null,"entity_id":"Q1762165","candidates":[]}],[{"start":0,"end":14,"url":null,"entity_id":"Q5239130","candidates":[]}],[{"start":0,"end":32,"url":null,"entity_id":"Q1697466","candidates":[]}]],[[{"start":0,"end":18,"url":null,"entity_id":"Q3818118","candidates":[]}],[{"start":0,"end":6,"url":null,"entity_id":"Q170238","candidates":[]}],[{"start":0,"end":11,"url":null,"entity_id":"Q753839","candidates":[]}],[{"start":0,"end":11,"url":null,"entity_id":"Q1370297","candidates":[]}]],[[{"start":0,"end":15,"url":null,"entity_id":"Q7615342","candidates":[]}],[{"start":0,"end":15,"url":null,"entity_id":"Q24925","candidates":[]}],[{"start":0,"end":13,"url":null,"entity_id":"Q12569944","candidates":[]}],[{"start":0,"end":23,"url":null,"entity_id":"Q1156642","candidates":[]}]],[[{"start":0,"end":15,"url":null,"entity_id":"Q3809524","candidates":[]}],[{"start":0,"end":9,"url":null,"entity_id":"Q624771","candidates":[]}],[{"start":0,"end":16,"url":null,"entity_id":"Q1145186","candidates":[]}],[{"start":0,"end":23,"url":null,"entity_id":"Q1156642","candidates":[]}]],[[{"start":0,"end":17,"url":null,"entity_id":"Q2900426","candidates":[]}],[{"start":0,"end":17,"url":null,"entity_id":"Q22812458","candidates":[]}],[{"start":0,"end":17,"url":null,"entity_id":"Q97308","candidates":[]}],[{"start":0,"end":23,"url":null,"entity_id":"Q1156642","candidates":[]}]],[[{"start":0,"end":6,"url":null,"entity_id":"Q7380248","candidates":[]}],[{"start":0,"end":17,"url":null,"entity_id":"Q22812458","candidates":[]}],[{"start":0,"end":14,"url":null,"entity_id":"Q1341089","candidates":[]}],[{"start":0,"end":19,"url":null,"entity_id":"Q1135686","candidates":[]}]],[[{"start":0,"end":16,"url":null,"entity_id":"Q4356942","candidates":[]}],[{"start":0,"end":18,"url":null,"entity_id":"Q5434357","candidates":[]}],[{"start":0,"end":13,"url":null,"entity_id":"Q4772956","candidates":[]}],[{"start":0,"end":14,"url":null,"entity_id":"Q1063455","candidates":[]}]],[[{"start":0,"end":23,"url":null,"entity_id":"Q2985330","candidates":[]}],[{"start":0,"end":26,"url":null,"entity_id":"Q336059","candidates":[]}],[{"start":0,"end":11,"url":null,"entity_id":"Q753839","candidates":[]}],[{"start":0,"end":23,"url":null,"entity_id":"Q771272","candidates":[]}]],[[{"start":0,"end":11,"url":null,"entity_id":"Q3038738","candidates":[]}],[{"start":0,"end":15,"url":null,"entity_id":"Q24925","candidates":[]}],[{"start":0,"end":14,"url":null,"entity_id":"Q5233862","candidates":[]}],[{"start":0,"end":24,"url":null,"entity_id":"Q652390","candidates":[]}]]]}