{"version":"1.2","table":{"version":"2","table_id":"BXR61SZ9","columns":[{"index":0,"name":"col0","values":["The Bes Movie 2","8 First Daes","The Fifvh Estate","Only Lovers Left Alivh","The Apcalypse Code","Tzhevsky versus Napoleon","Sgt. Pepper's Lonely Hedrts Club Band","Shadowbxing","Stan Helsiqg","Stoe Cold","White Zombi","The Iomh","Harley Davidson and the Marlboro!Man","Kipg Solomon's Mines","Vhe Swarm","Manhattan Murder Mystesy","Hell's\"Angels","Ei Stan","RoboCop 4","Bad Bpys","The Icf Harvest","Tje Last Temptation ofChrist","We're No Anggls","Play Miswy for Me","Universal Soldier: Te Retun","Thor","Love e Nq More","Iron Maq","12","ron Sky","Ghost Wold","Dr. Stsangelove","Moon","The#Intouchables","Orbiwer 9","Aouu Lve 2","Guardians of the Night – The Vamire War","The Queen!of Spades","Uhe Very Private Life of Mister Sim","A Matteu of Faith"]},{"index":1,"name":"col1","values":["9980000.0","2286200.0","27776000.0","7034999.999999999","401199999.99999994","8500000.0","17856000.0","3535000.0","14140000.0","25224999.999999996","50400.0","12083999.999999998","22954000.0","2280580.0","21126000.0","13419000.0","3950000.0","10040000.0","21824000.0","5020000.0","15904000.0","6972000.0","20179999.999999996","732250.0","44775000.0","149400000.0","8738400.0","139440000.0","2525000.0","7470000.0","6965000.0","1796400.0","5020000.0","11431000.0","4000000.0","79360000.0","229770000.0","3524499.9999999995","4638575.489999999","597000.0"]},{"index":2,"name":"col2","values":["11076999.999999998","9009000.0","8632003.071999999","7539200.0","10306400.0","7852164.998","11076999.999999998","8204993.169","11113252.124999998","9346499.999999998","8071999.999999999","10279882.72","7397552.37","9945045.0","7622799.999999999","11413000.0","7984000.0","8751072.329999998","10781779.68","9081000.0","9106949.82","8381958.584999999","10069999.999999998","10652999.999999998","10721232.464999998","8548711.27596","10900000.0","7683232.216619999","7507303.188","8191976.216999999","8851647.07","9345600.0","9760104.0","10300808.2","282162.957","685835.47","500003.988","504615.52499999997","981783.498","684352.77"]},{"index":3,"name":"col3","values":["81.836","82.917","125.11599999999999","123.86099999999999","104.58","79.76","112.887","133.188","109.08","95.57000000000001","69.207","92.736","96.86399999999999","98.68599999999999","116.57999999999998","103.206","127.12699999999998","104.79","102.01","123.246","84.32","164.164","101.082","97.51","86.688","113.772","83.832","126.756","152.082","92.907","111.999","93.372","95.904","111.44","94.335","108.32399999999998","97.388","120.48","103.02","88.199"]}]},"context":{"page_title":null,"page_url":null,"page_entity_id":null,"content_hierarchy":[]},"links":[[[{"start":0,"end":12,"url":null,"entity_id":"Q4032654","candidates":[]}],[],[],[]],[[{"start":0,"end":16,"url":null,"entity_id":"Q3575602","candidates":[]}],[],[],[]],[[{"start":0,"end":22,"url":null,"entity_id":"Q3352751","candidates":[]}],[],[],[]],[[{"start":0,"end":18,"url":null,"entity_id":"Q3221540","candidates":[]}],[],[],[]],[[{"start":0,"end":24,"url":null,"entity_id":"Q2603569","candidates":[]}],[],[],[]],[[{"start":0,"end":37,"url":null,"entity_id":"Q2532586","candidates":[]}],[],[],[]],[[{"start":0,"end":11,"url":null,"entity_id":"Q2369836","candidates":[]}],[],[],[]],[[{"start":0,"end":12,"url":null,"entity_id":"Q1917007","candidates":[]}],[],[],[]],[[{"start":0,"end":9,"url":null,"entity_id":"Q1768016","candidates":[]}],[],[],[]],[[{"start":0,"end":11,"url":null,"entity_id":"Q1751461","candidates":[]}],[],[],[]],[[{"start":0,"end":8,"url":null,"entity_id":"Q1747405","candidates":[]}],[],[],[]],[[{"start":0,"end":36,"url":null,"entity_id":"Q1585546","candidates":[]}],[],[],[]],[[{"start":0,"end":20,"url":null,"entity_id":"Q1471671","candidates":[]}],[],[],[]],[[{"start":0,"end":9,"url":null,"entity_id":"Q1199715","candidates":[]}],[],[],[]],[[{"start":0,"end":24,"url":null,"entity_id":"Q1133277","candidates":[]}],[],[],[]],[[{"start":0,"end":13,"url":null,"entity_id":"Q1068328","candidates":[]}],[],[],[]],[[{"start":0,"end":7,"url":null,"entity_id":"Q939728","candidates":[]}],[],[],[]],[[{"start":0,"end":9,"url":null,"entity_id":"Q841233","candidates":[]}],[],[],[]],[[{"start":0,"end":8,"url":null,"entity_id":"Q798650","candidates":[]}],[],[],[]],[[{"start":0,"end":15,"url":null,"entity_id":"Q784116","candidates":[]}],[],[],[]],[[{"start":0,"end":28,"url":null,"entity_id":"Q646031","candidates":[]}],[],[],[]],[[{"start":0,"end":15,"url":null,"entity_id":"Q617833","candidates":[]}],[],[],[]],[[{"start":0,"end":17,"url":null,"entity_id":"Q544434","candidates":[]}],[],[],[]],[[{"start":0,"end":27,"url":null,"entity_id":"Q225958","candidates":[]}],[],[],[]],[[{"start":0,"end":4,"url":null,"entity_id":"Q217020","candidates":[]}],[],[],[]],[[{"start":0,"end":14,"url":null,"entity_id":"Q211954","candidates":[]}],[],[],[]],[[{"start":0,"end":8,"url":null,"entity_id":"Q192724","candidates":[]}],[],[],[]],[[{"start":0,"end":2,"url":null,"entity_id":"Q175014","candidates":[]}],[],[],[]],[[{"start":0,"end":7,"url":null,"entity_id":"Q158398","candidates":[]}],[],[],[]],[[{"start":0,"end":10,"url":null,"entity_id":"Q139460","candidates":[]}],[],[],[]],[[{"start":0,"end":15,"url":null,"entity_id":"Q105702","candidates":[]}],[],[],[]],[[{"start":0,"end":4,"url":null,"entity_id":"Q26751","candidates":[]}],[],[],[]],[[{"start":0,"end":16,"url":null,"entity_id":"Q595","candidates":[]}],[],[],[]],[[{"start":0,"end":9,"url":null,"entity_id":"Q42577704","candidates":[]}],[],[],[]],[[{"start":0,"end":10,"url":null,"entity_id":"Q30890069","candidates":[]}],[],[],[]],[[{"start":0,"end":39,"url":null,"entity_id":"Q28667908","candidates":[]}],[],[],[]],[[{"start":0,"end":19,"url":null,"entity_id":"Q28665935","candidates":[]}],[],[],[]],[[{"start":0,"end":35,"url":null,"entity_id":"Q21027315","candidates":[]}],[],[],[]],[[{"start":0,"end":17,"url":null,"entity_id":"Q20792155","candidates":[]}],[],[],[]],[[{"start":0,"end":15,"url":null,"entity_id":"Q4407199","candidates":[]}],[],[],[]]]}