{"version":"1.2","table":{"version":"2","table_id":"BXUECP6C","columns":[{"index":0,"name":"col0","values":["1998 WBA Draft","1999WNBA Draft","2000 WNB Draft","2001 WNBA Drat","2006 WNBB Draft","2007 WPBA Draft","2002 WNBA Draf","2013 WNBADraft","2003 WNBA Drait","2010 WNBA Draht","2019 WNBAdraft","2018\"NBA#Graft","207 WNBA draft","2016 WNBA drat","2015 NBA draft","2014 WNBA Draf","202 WNBA Draft","2011 WNBADraft","2005 WOBA Dragt","200 WNBA Draft"]},{"index":1,"name":"col1","values":["women's sports","women's sports","women's sports","women's sports","women's sports","women's sports","women's sports","women's sports","women's sports","women's sports","women's sports","women's sports","women's sports","women's sports","women's sports","women's sports","women's sports","women's sports","women's sports","women's sports"]},{"index":2,"name":"col2","values":["1997 WNBA Draft","1998 WNBA Draft","1999 WNBA Draft","2000 WNBA Draft","2005 WNBA Draft","2006 WNBA Draft","2001 WNBA Draft","2012 WNBA Draft","2002 WNBA Draft","2009 WNBA Draft","2018 WNBA Draft","2017 WNBA draft","2016 WNBA draft","2015 WNBA draft","2014 WNBA Draft","2013 WNBA Draft","2011 WNBA Draft","2010 WNBA Draft","2004 WNBA Draft","2008 WNBA Draft"]},{"index":3,"name":"col3","values":["1998/04/28","1999/05/04","2000/04/25","2001/04/20","2006/04/05","2007/04/04","2002/04/20","2013/04/15","2003/04/24","2010/04/08","2019/04/10","2018/01/01","2017/04/13","2016/04/14","2015/04/16","2014/04/14","2012/04/16","2011/04/11","2005/04/16","2009/04/09"]}]},"context":{"page_title":null,"page_url":null,"page_entity_id":null,"content_hierarchy":[]},"links":[[[{"start":0,"end":14,"url":null,"entity_id":"Q912254","candidates":[]}],[{"start":0,"end":14,"url":null,"entity_id":"Q920057","candidates":[]}],[{"start":0,"end":15,"url":null,"entity_id":"Q912269","candidates":[]}],[]],[[{"start":0,"end":14,"url":null,"entity_id":"Q846977","candidates":[]}],[{"start":0,"end":14,"url":null,"entity_id":"Q920057","candidates":[]}],[{"start":0,"end":15,"url":null,"entity_id":"Q912254","candidates":[]}],[]],[[{"start":0,"end":14,"url":null,"entity_id":"Q629322","candidates":[]}],[{"start":0,"end":14,"url":null,"entity_id":"Q920057","candidates":[]}],[{"start":0,"end":15,"url":null,"entity_id":"Q846977","candidates":[]}],[]],[[{"start":0,"end":15,"url":null,"entity_id":"Q841504","candidates":[]}],[{"start":0,"end":14,"url":null,"entity_id":"Q920057","candidates":[]}],[{"start":0,"end":15,"url":null,"entity_id":"Q844855","candidates":[]}],[]],[[{"start":0,"end":15,"url":null,"entity_id":"Q841508","candidates":[]}],[{"start":0,"end":14,"url":null,"entity_id":"Q920057","candidates":[]}],[{"start":0,"end":15,"url":null,"entity_id":"Q841504","candidates":[]}],[]],[[{"start":0,"end":14,"url":null,"entity_id":"Q279416","candidates":[]}],[{"start":0,"end":14,"url":null,"entity_id":"Q920057","candidates":[]}],[{"start":0,"end":15,"url":null,"entity_id":"Q629322","candidates":[]}],[]],[[{"start":0,"end":14,"url":null,"entity_id":"Q3038587","candidates":[]}],[{"start":0,"end":14,"url":null,"entity_id":"Q920057","candidates":[]}],[{"start":0,"end":15,"url":null,"entity_id":"Q373487","candidates":[]}],[]],[[{"start":0,"end":15,"url":null,"entity_id":"Q729887","candidates":[]}],[{"start":0,"end":14,"url":null,"entity_id":"Q920057","candidates":[]}],[{"start":0,"end":15,"url":null,"entity_id":"Q279416","candidates":[]}],[]],[[{"start":0,"end":15,"url":null,"entity_id":"Q1137722","candidates":[]}],[{"start":0,"end":14,"url":null,"entity_id":"Q920057","candidates":[]}],[{"start":0,"end":15,"url":null,"entity_id":"Q121965","candidates":[]}],[]],[[{"start":0,"end":14,"url":null,"entity_id":"Q60220182","candidates":[]}],[{"start":0,"end":14,"url":null,"entity_id":"Q920057","candidates":[]}],[{"start":0,"end":15,"url":null,"entity_id":"Q30728766","candidates":[]}],[]],[[{"start":0,"end":14,"url":null,"entity_id":"Q30728766","candidates":[]}],[{"start":0,"end":14,"url":null,"entity_id":"Q920057","candidates":[]}],[{"start":0,"end":15,"url":null,"entity_id":"Q25388446","candidates":[]}],[]],[[{"start":0,"end":14,"url":null,"entity_id":"Q25388446","candidates":[]}],[{"start":0,"end":14,"url":null,"entity_id":"Q920057","candidates":[]}],[{"start":0,"end":15,"url":null,"entity_id":"Q21189892","candidates":[]}],[]],[[{"start":0,"end":14,"url":null,"entity_id":"Q21189892","candidates":[]}],[{"start":0,"end":14,"url":null,"entity_id":"Q920057","candidates":[]}],[{"start":0,"end":15,"url":null,"entity_id":"Q17625893","candidates":[]}],[]],[[{"start":0,"end":14,"url":null,"entity_id":"Q17625893","candidates":[]}],[{"start":0,"end":14,"url":null,"entity_id":"Q920057","candidates":[]}],[{"start":0,"end":15,"url":null,"entity_id":"Q16335554","candidates":[]}],[]],[[{"start":0,"end":14,"url":null,"entity_id":"Q16335554","candidates":[]}],[{"start":0,"end":14,"url":null,"entity_id":"Q920057","candidates":[]}],[{"start":0,"end":15,"url":null,"entity_id":"Q3038587","candidates":[]}],[]],[[{"start":0,"end":14,"url":null,"entity_id":"Q373487","candidates":[]}],[{"start":0,"end":14,"url":null,"entity_id":"Q920057","candidates":[]}],[{"start":0,"end":15,"url":null,"entity_id":"Q1165577","candidates":[]}],[]],[[{"start":0,"end":14,"url":null,"entity_id":"Q1165577","candidates":[]}],[{"start":0,"end":14,"url":null,"entity_id":"Q920057","candidates":[]}],[{"start":0,"end":15,"url":null,"entity_id":"Q1137722","candidates":[]}],[]],[[{"start":0,"end":15,"url":null,"entity_id":"Q844855","candidates":[]}],[{"start":0,"end":14,"url":null,"entity_id":"Q920057","candidates":[]}],[{"start":0,"end":15,"url":null,"entity_id":"Q846622","candidates":[]}],[]],[[{"start":0,"end":14,"url":null,"entity_id":"Q121965","candidates":[]}],[{"start":0,"end":14,"url":null,"entity_id":"Q920057","candidates":[]}],[{"start":0,"end":15,"url":null,"entity_id":"Q844378","candidates":[]}],[]],[[{"start":0,"end":14,"url":null,"entity_id":"Q912269","candidates":[]}],[{"start":0,"end":14,"url":null,"entity_id":"Q920057","candidates":[]}],[{"start":0,"end":15,"url":null,"entity_id":"Q912294","candidates":[]}],[]]]}