{"version":"1.2","table":{"version":"2","table_id":"BYY0H8CC","columns":[{"index":0,"name":"col0","values":["Kronenburgerpark","Ruimzicht: Arboretum","Verhildersum","Zionsburg (Vught)","Borgharen Castle - bridges","Slangenburg, tuinornamenten","Neubourg Castle: greenhouse west of garden pavilion","Neubourg Castle: cast iron image of a deer on a pedestal","Neubourg Castle: artificial waterfall with weir in Gulp","Neubourg Castle: garden wall north of castle","De Kemnade: historical park","Cantonspark","Kasteel Nieuwenbroeck","Castle Obbicht","De Overtuin, Oranjewoud","La Honda Creek Open Space Preserve","Marswiese","Sinebrychoff park","Ma Wan Park","Elswout park"]},{"index":1,"name":"col1","values":["Nijmegen","Doetinchem","De Marne","Vught","Maastricht","Doetinchem","Gulpen-Wittem","Gulpen-Wittem","Gulpen-Wittem","Gulpen-Wittem","Montferland","Baarn","Beesel","Sittard-Geleen","Heerenveen","San Mateo County","Hernals","Helsinki","Hong Kong","Bloemendaal"]},{"index":2,"name":"col2","values":["Kronenburger park","Villa Ruimzicht","Verhildersum","Zionsburg","Borgharen Castle","Slangenburg","Neubourg","Neubourg","Neubourg","Neubourg","De Kemnade","Cantonspark","Nieuwenbroeck castle","Obbicht Castle","Oranjewoud Palace","Midpeninsula Regional Open Space District","Schwarzenbergpark","Esplanadi-Bulevardi","Ma Wan","Elswout"]}]},"context":{"page_title":null,"page_url":null,"page_entity_id":null,"content_hierarchy":[]},"links":[[[{"start":0,"end":16,"url":null,"entity_id":"Q17600024","candidates":[]}],[{"start":0,"end":8,"url":null,"entity_id":"Q47887","candidates":[]}],[{"start":0,"end":17,"url":null,"entity_id":"Q2383906","candidates":[]}]],[[{"start":0,"end":20,"url":null,"entity_id":"Q17464476","candidates":[]}],[{"start":0,"end":10,"url":null,"entity_id":"Q145845","candidates":[]}],[{"start":0,"end":15,"url":null,"entity_id":"Q18770233","candidates":[]}]],[[{"start":0,"end":12,"url":null,"entity_id":"Q17589924","candidates":[]}],[{"start":0,"end":8,"url":null,"entity_id":"Q840663","candidates":[]}],[{"start":0,"end":12,"url":null,"entity_id":"Q2775823","candidates":[]}]],[[{"start":0,"end":17,"url":null,"entity_id":"Q17610006","candidates":[]}],[{"start":0,"end":5,"url":null,"entity_id":"Q9876","candidates":[]}],[{"start":0,"end":9,"url":null,"entity_id":"Q18775757","candidates":[]}]],[[{"start":0,"end":26,"url":null,"entity_id":"Q17609654","candidates":[]}],[{"start":0,"end":10,"url":null,"entity_id":"Q1309","candidates":[]}],[{"start":0,"end":16,"url":null,"entity_id":"Q2606808","candidates":[]}]],[[{"start":0,"end":27,"url":null,"entity_id":"Q17606237","candidates":[]}],[{"start":0,"end":10,"url":null,"entity_id":"Q145845","candidates":[]}],[{"start":0,"end":11,"url":null,"entity_id":"Q18775148","candidates":[]}]],[[{"start":0,"end":51,"url":null,"entity_id":"Q17606220","candidates":[]}],[{"start":0,"end":13,"url":null,"entity_id":"Q9767","candidates":[]}],[{"start":0,"end":8,"url":null,"entity_id":"Q18775144","candidates":[]}]],[[{"start":0,"end":56,"url":null,"entity_id":"Q17606218","candidates":[]}],[{"start":0,"end":13,"url":null,"entity_id":"Q9767","candidates":[]}],[{"start":0,"end":8,"url":null,"entity_id":"Q18775144","candidates":[]}]],[[{"start":0,"end":55,"url":null,"entity_id":"Q17606213","candidates":[]}],[{"start":0,"end":13,"url":null,"entity_id":"Q9767","candidates":[]}],[{"start":0,"end":8,"url":null,"entity_id":"Q18775144","candidates":[]}]],[[{"start":0,"end":44,"url":null,"entity_id":"Q17606207","candidates":[]}],[{"start":0,"end":13,"url":null,"entity_id":"Q9767","candidates":[]}],[{"start":0,"end":8,"url":null,"entity_id":"Q18775144","candidates":[]}]],[[{"start":0,"end":27,"url":null,"entity_id":"Q17604820","candidates":[]}],[{"start":0,"end":11,"url":null,"entity_id":"Q952963","candidates":[]}],[{"start":0,"end":10,"url":null,"entity_id":"Q18774841","candidates":[]}]],[[{"start":0,"end":11,"url":null,"entity_id":"Q17463225","candidates":[]}],[{"start":0,"end":5,"url":null,"entity_id":"Q10027","candidates":[]}],[{"start":0,"end":11,"url":null,"entity_id":"Q13135016","candidates":[]}]],[[{"start":0,"end":21,"url":null,"entity_id":"Q17460367","candidates":[]}],[{"start":0,"end":6,"url":null,"entity_id":"Q9805","candidates":[]}],[{"start":0,"end":20,"url":null,"entity_id":"Q2264361","candidates":[]}]],[[{"start":0,"end":14,"url":null,"entity_id":"Q17460537","candidates":[]}],[{"start":0,"end":14,"url":null,"entity_id":"Q9781","candidates":[]}],[{"start":0,"end":14,"url":null,"entity_id":"Q2186210","candidates":[]}]],[[{"start":0,"end":23,"url":null,"entity_id":"Q17453704","candidates":[]}],[{"start":0,"end":10,"url":null,"entity_id":"Q574558","candidates":[]}],[{"start":0,"end":17,"url":null,"entity_id":"Q12013004","candidates":[]}]],[[{"start":0,"end":34,"url":null,"entity_id":"Q48966166","candidates":[]}],[{"start":0,"end":16,"url":null,"entity_id":"Q108101","candidates":[]}],[{"start":0,"end":41,"url":null,"entity_id":"Q6842951","candidates":[]}]],[[{"start":0,"end":9,"url":null,"entity_id":"Q45454605","candidates":[]}],[{"start":0,"end":7,"url":null,"entity_id":"Q262808","candidates":[]}],[{"start":0,"end":17,"url":null,"entity_id":"Q2253835","candidates":[]}]],[[{"start":0,"end":17,"url":null,"entity_id":"Q3363915","candidates":[]}],[{"start":0,"end":8,"url":null,"entity_id":"Q1757","candidates":[]}],[{"start":0,"end":19,"url":null,"entity_id":"Q30560088","candidates":[]}]],[[{"start":0,"end":11,"url":null,"entity_id":"Q3273471","candidates":[]}],[{"start":0,"end":9,"url":null,"entity_id":"Q8646","candidates":[]}],[{"start":0,"end":6,"url":null,"entity_id":"Q167061","candidates":[]}]],[[{"start":0,"end":12,"url":null,"entity_id":"Q17000293","candidates":[]}],[{"start":0,"end":11,"url":null,"entity_id":"Q9908","candidates":[]}],[{"start":0,"end":7,"url":null,"entity_id":"Q2278595","candidates":[]}]]]}