{"version":"1.2","table":{"version":"2","table_id":"BZJOO2T1","columns":[{"index":0,"name":"col0","values":["Othonoi","Cabrera","Torcello","Burano","Mishima","Hegura-jima","Tobishima","Manra Island","Gau Island","Beqa","Baker Island","Macquarie Island","Ascension Island","Isla Zacate Grande","Harmil","Elba","Birnie Island","Hainan","Tahiti","Silhouette Island"]},{"index":1,"name":"col1","values":["3.6","5.29","1","0.475","2.5","0.6","1","2.8","14","6.8","1","5","12","10","5","18","0.6","170","29","4.3"]},{"index":2,"name":"col2","values":["392","20","13","2762","1041","164","250","0","8000","3000","0","20","806","3902","0","32000","0","9171300","178133","150"]}]},"context":{"page_title":null,"page_url":null,"page_entity_id":null,"content_hierarchy":[]},"links":[[[{"start":0,"end":7,"url":null,"entity_id":"Q52650","candidates":[]}],[],[]],[[{"start":0,"end":8,"url":null,"entity_id":"Q52441","candidates":[]}],[],[]],[[{"start":0,"end":6,"url":null,"entity_id":"Q52439","candidates":[]}],[],[]],[[{"start":0,"end":7,"url":null,"entity_id":"Q49513","candidates":[]}],[],[]],[[{"start":0,"end":11,"url":null,"entity_id":"Q49507","candidates":[]}],[],[]],[[{"start":0,"end":9,"url":null,"entity_id":"Q49493","candidates":[]}],[],[]],[[{"start":0,"end":12,"url":null,"entity_id":"Q48478","candidates":[]}],[],[]],[[{"start":0,"end":10,"url":null,"entity_id":"Q48317","candidates":[]}],[],[]],[[{"start":0,"end":4,"url":null,"entity_id":"Q48313","candidates":[]}],[],[]],[[{"start":0,"end":12,"url":null,"entity_id":"Q46879","candidates":[]}],[],[]],[[{"start":0,"end":16,"url":null,"entity_id":"Q46650","candidates":[]}],[],[]],[[{"start":0,"end":16,"url":null,"entity_id":"Q46197","candidates":[]}],[],[]],[[{"start":0,"end":18,"url":null,"entity_id":"Q46067","candidates":[]}],[],[]],[[{"start":0,"end":6,"url":null,"entity_id":"Q45569","candidates":[]}],[],[]],[[{"start":0,"end":4,"url":null,"entity_id":"Q45328","candidates":[]}],[],[]],[[{"start":0,"end":13,"url":null,"entity_id":"Q45295","candidates":[]}],[],[]],[[{"start":0,"end":6,"url":null,"entity_id":"Q42200","candidates":[]}],[],[]],[[{"start":0,"end":6,"url":null,"entity_id":"Q42000","candidates":[]}],[],[]],[[{"start":0,"end":17,"url":null,"entity_id":"Q40413","candidates":[]}],[],[]],[[{"start":0,"end":7,"url":null,"entity_id":"Q54239","candidates":[]}],[],[]]]}