{"version":"1.2","table":{"version":"2","table_id":"C19PI2QC","columns":[{"index":0,"name":"col0","values":["British Rail Class 351 and 342","First!Open","Britsh Rbil Class 171","Bombardjer Movia C951/C951A","Hoizon","BritishRail Class 376","AnsaloBreda Meneghino","AT6/5","Hitachi small-type monorbil","Buens Aires Underground 100 Series","InterCityNeigezug","EG2Tv","Peter Witt stretcar","SM C20","Bombardier MultiLevel Coah","Bombardier BiLevel Coch","heingold","Peva Elf","SNCF#Class Z 23500","Benos Aires Underground 300 Series"]},{"index":1,"name":"col1","values":["United Kingdom","United Kingdom","Canada","Canada","Canada","United Kingdom","Italy","United Kingdom","Canada","Argentina","Switzerland","Russia","United States of America","Sweden","Canada","Canada","Switzerland","Poland","Canada","Argentina"]},{"index":2,"name":"col2","values":["Networker","British Railways Mark 1","Turbostar","Bombardier Movia","Comet","Electrostar","electric multiple unit train","Incentro","Hitachi Monorail","Alstom Metropolis","InterCity","electric multiple unit train","tram","Bombardier Movia","bilevel rail car","bilevel rail car","Trans Europ Express","electric multiple unit train","electric multiple unit train","Alstom Metropolis"]}]},"context":{"page_title":null,"page_url":null,"page_entity_id":null,"content_hierarchy":[]},"links":[[[{"start":0,"end":30,"url":null,"entity_id":"Q4970773","candidates":[]}],[{"start":0,"end":14,"url":null,"entity_id":"Q145","candidates":[]}],[{"start":0,"end":9,"url":null,"entity_id":"Q7001262","candidates":[]}]],[[{"start":0,"end":10,"url":null,"entity_id":"Q5453468","candidates":[]}],[{"start":0,"end":14,"url":null,"entity_id":"Q145","candidates":[]}],[{"start":0,"end":23,"url":null,"entity_id":"Q4970953","candidates":[]}]],[[{"start":0,"end":21,"url":null,"entity_id":"Q3303824","candidates":[]}],[{"start":0,"end":6,"url":null,"entity_id":"Q16","candidates":[]}],[{"start":0,"end":9,"url":null,"entity_id":"Q3303940","candidates":[]}]],[[{"start":0,"end":27,"url":null,"entity_id":"Q4940484","candidates":[]}],[{"start":0,"end":6,"url":null,"entity_id":"Q16","candidates":[]}],[{"start":0,"end":16,"url":null,"entity_id":"Q2913359","candidates":[]}]],[[{"start":0,"end":6,"url":null,"entity_id":"Q5903351","candidates":[]}],[{"start":0,"end":6,"url":null,"entity_id":"Q16","candidates":[]}],[{"start":0,"end":5,"url":null,"entity_id":"Q1114230","candidates":[]}]],[[{"start":0,"end":21,"url":null,"entity_id":"Q3303842","candidates":[]}],[{"start":0,"end":14,"url":null,"entity_id":"Q145","candidates":[]}],[{"start":0,"end":11,"url":null,"entity_id":"Q841722","candidates":[]}]],[[{"start":0,"end":21,"url":null,"entity_id":"Q3854648","candidates":[]}],[{"start":0,"end":5,"url":null,"entity_id":"Q38","candidates":[]}],[{"start":0,"end":28,"url":null,"entity_id":"Q483373","candidates":[]}]],[[{"start":0,"end":5,"url":null,"entity_id":"Q4654572","candidates":[]}],[{"start":0,"end":14,"url":null,"entity_id":"Q145","candidates":[]}],[{"start":0,"end":8,"url":null,"entity_id":"Q378740","candidates":[]}]],[[{"start":0,"end":27,"url":null,"entity_id":"Q20983859","candidates":[]}],[{"start":0,"end":6,"url":null,"entity_id":"Q16","candidates":[]}],[{"start":0,"end":16,"url":null,"entity_id":"Q5871665","candidates":[]}]],[[{"start":0,"end":34,"url":null,"entity_id":"Q23926704","candidates":[]}],[{"start":0,"end":9,"url":null,"entity_id":"Q414","candidates":[]}],[{"start":0,"end":17,"url":null,"entity_id":"Q662195","candidates":[]}]],[[{"start":0,"end":17,"url":null,"entity_id":"Q16642948","candidates":[]}],[{"start":0,"end":11,"url":null,"entity_id":"Q39","candidates":[]}],[{"start":0,"end":9,"url":null,"entity_id":"Q529938","candidates":[]}]],[[{"start":0,"end":5,"url":null,"entity_id":"Q19973494","candidates":[]}],[{"start":0,"end":6,"url":null,"entity_id":"Q159","candidates":[]}],[{"start":0,"end":28,"url":null,"entity_id":"Q483373","candidates":[]}]],[[{"start":0,"end":19,"url":null,"entity_id":"Q2011252","candidates":[]}],[{"start":0,"end":24,"url":null,"entity_id":"Q30","candidates":[]}],[{"start":0,"end":4,"url":null,"entity_id":"Q3407658","candidates":[]}]],[[{"start":0,"end":6,"url":null,"entity_id":"Q1045156","candidates":[]}],[{"start":0,"end":6,"url":null,"entity_id":"Q34","candidates":[]}],[{"start":0,"end":16,"url":null,"entity_id":"Q2913359","candidates":[]}]],[[{"start":0,"end":26,"url":null,"entity_id":"Q891794","candidates":[]}],[{"start":0,"end":6,"url":null,"entity_id":"Q16","candidates":[]}],[{"start":0,"end":16,"url":null,"entity_id":"Q1243337","candidates":[]}]],[[{"start":0,"end":23,"url":null,"entity_id":"Q891775","candidates":[]}],[{"start":0,"end":6,"url":null,"entity_id":"Q16","candidates":[]}],[{"start":0,"end":16,"url":null,"entity_id":"Q1243337","candidates":[]}]],[[{"start":0,"end":8,"url":null,"entity_id":"Q1776775","candidates":[]}],[{"start":0,"end":11,"url":null,"entity_id":"Q39","candidates":[]}],[{"start":0,"end":19,"url":null,"entity_id":"Q606396","candidates":[]}]],[[{"start":0,"end":8,"url":null,"entity_id":"Q2129877","candidates":[]}],[{"start":0,"end":6,"url":null,"entity_id":"Q36","candidates":[]}],[{"start":0,"end":28,"url":null,"entity_id":"Q483373","candidates":[]}]],[[{"start":0,"end":18,"url":null,"entity_id":"Q2656211","candidates":[]}],[{"start":0,"end":6,"url":null,"entity_id":"Q16","candidates":[]}],[{"start":0,"end":28,"url":null,"entity_id":"Q483373","candidates":[]}]],[[{"start":0,"end":34,"url":null,"entity_id":"Q24769235","candidates":[]}],[{"start":0,"end":9,"url":null,"entity_id":"Q414","candidates":[]}],[{"start":0,"end":17,"url":null,"entity_id":"Q662195","candidates":[]}]]]}