{"version":"1.2","table":{"version":"2","table_id":"C1CT4OOE","columns":[{"index":0,"name":"col0","values":["iPhone 11 Pro Max","iPhone 11 Pro","iPhone 11","iPhone XR","iPhone XS","iPhone XS Max","iPhone 8 Plus","iPhone X","iPhone 8","iPhone 7 Plus","iPhone 7","iPhone 6S Plus","iPhone 6S","iPhone 6 Plus","iPhone 6","iPhone 5C","iPhone 5S","iPhone 4","iPhone 3GS","iPhone 4S"]},{"index":1,"name":"col1","values":["-20","-20","-20","-20","-20","-20","-20","-20","-20","-20","-20","-20","-20","-20","-20","-20","-20","-20","-20","-20"]},{"index":2,"name":"col2","values":["226","188","194","194","177","208","202","174","148","188","138","192","143","172","129","132","112","137","135","140"]},{"index":3,"name":"col3","values":["77.8","71.4","75.7","75.7","70.9","70.9","78.1","70.9","67.3","77.9","67.1","77.9","67.1","77.8","67","59.2","58.6","58.6","62.1","58.6"]}]},"context":{"page_title":null,"page_url":null,"page_entity_id":null,"content_hierarchy":[]},"links":[[[{"start":0,"end":13,"url":null,"entity_id":"Q67216142","candidates":[]}],[],[],[]],[[{"start":0,"end":9,"url":null,"entity_id":"Q67214165","candidates":[]}],[],[],[]],[[{"start":0,"end":9,"url":null,"entity_id":"Q56599334","candidates":[]}],[],[],[]],[[{"start":0,"end":9,"url":null,"entity_id":"Q56599248","candidates":[]}],[],[],[]],[[{"start":0,"end":13,"url":null,"entity_id":"Q56599233","candidates":[]}],[],[],[]],[[{"start":0,"end":13,"url":null,"entity_id":"Q39598190","candidates":[]}],[],[],[]],[[{"start":0,"end":8,"url":null,"entity_id":"Q39510168","candidates":[]}],[],[],[]],[[{"start":0,"end":8,"url":null,"entity_id":"Q29480689","candidates":[]}],[],[],[]],[[{"start":0,"end":13,"url":null,"entity_id":"Q26833946","candidates":[]}],[],[],[]],[[{"start":0,"end":8,"url":null,"entity_id":"Q26831164","candidates":[]}],[],[],[]],[[{"start":0,"end":14,"url":null,"entity_id":"Q20966885","candidates":[]}],[],[],[]],[[{"start":0,"end":9,"url":null,"entity_id":"Q20962117","candidates":[]}],[],[],[]],[[{"start":0,"end":13,"url":null,"entity_id":"Q18010891","candidates":[]}],[],[],[]],[[{"start":0,"end":8,"url":null,"entity_id":"Q18010890","candidates":[]}],[],[],[]],[[{"start":0,"end":9,"url":null,"entity_id":"Q14883923","candidates":[]}],[],[],[]],[[{"start":0,"end":9,"url":null,"entity_id":"Q14850354","candidates":[]}],[],[],[]],[[{"start":0,"end":8,"url":null,"entity_id":"Q300890","candidates":[]}],[],[],[]],[[{"start":0,"end":10,"url":null,"entity_id":"Q300859","candidates":[]}],[],[],[]],[[{"start":0,"end":9,"url":null,"entity_id":"Q245135","candidates":[]}],[],[],[]],[[{"start":0,"end":17,"url":null,"entity_id":"Q67216219","candidates":[]}],[],[],[]]]}