{"version":"1.2","table":{"version":"2","table_id":"C1GK98YR","columns":[{"index":0,"name":"col0","values":["Ottův slovník naučný/Supplements","Ottův slovník naučný/Volume 27","The Tragedies of Euripides, vol. 3","The Tragedies of Euripides, vol. 1","The Domestic Encyclopædia; Or, A Dictionary Of Facts, And Useful Knowledge, Volume 4","The Domestic Encyclopædia; Or, A Dictionary Of Facts, And Useful Knowledge, Volume  3","The Domestic Encyclopædia; Or, A Dictionary Of Facts, And Useful Knowledge, Volume 2","The Domestic Encyclopædia; Or, A Dictionary Of Facts, And Useful Knowledge, Volume 1","An illustrated flora of the Pacific States (vol. 1)","Guidebook of the western United States. Part A. The Northern Pacific route, with a side trip to Yellowstone Park","Medical Botany, Vol I","Ottův slovník naučný/Volume 11","Ottův slovník naučný/Volume 4","Ottův slovník naučný/Volume 16","Ottův slovník naučný/Volume 14","Ottův slovník naučný/Volume 13","Ottův slovník naučný/Volume 7","Ottův slovník naučný/Volume 6","Ottův slovník naučný/Volume 3","Ottův slovník naučný/Volume 26"]},{"index":1,"name":"col1","values":["public domain","public domain","public domain","public domain","public domain","public domain","public domain","public domain","public domain","public domain","public domain","public domain","public domain","public domain","public domain","public domain","public domain","public domain","public domain","public domain"]},{"index":2,"name":"col2","values":["Czech","Czech","English","English","English","English","English","English","English","English","Latin","Czech","Czech","Czech","Czech","Czech","Czech","Czech","Czech","Czech"]}]},"context":{"page_title":null,"page_url":null,"page_entity_id":null,"content_hierarchy":[]},"links":[[[{"start":0,"end":32,"url":null,"entity_id":"Q55004375","candidates":[]}],[{"start":0,"end":13,"url":null,"entity_id":"Q19652","candidates":[]}],[{"start":0,"end":5,"url":null,"entity_id":"Q9056","candidates":[]}]],[[{"start":0,"end":30,"url":null,"entity_id":"Q52180550","candidates":[]}],[{"start":0,"end":13,"url":null,"entity_id":"Q19652","candidates":[]}],[{"start":0,"end":5,"url":null,"entity_id":"Q9056","candidates":[]}]],[[{"start":0,"end":34,"url":null,"entity_id":"Q57909876","candidates":[]}],[{"start":0,"end":13,"url":null,"entity_id":"Q19652","candidates":[]}],[{"start":0,"end":7,"url":null,"entity_id":"Q1860","candidates":[]}]],[[{"start":0,"end":34,"url":null,"entity_id":"Q57909516","candidates":[]}],[{"start":0,"end":13,"url":null,"entity_id":"Q19652","candidates":[]}],[{"start":0,"end":7,"url":null,"entity_id":"Q1860","candidates":[]}]],[[{"start":0,"end":84,"url":null,"entity_id":"Q56449801","candidates":[]}],[{"start":0,"end":13,"url":null,"entity_id":"Q19652","candidates":[]}],[{"start":0,"end":7,"url":null,"entity_id":"Q1860","candidates":[]}]],[[{"start":0,"end":85,"url":null,"entity_id":"Q56449724","candidates":[]}],[{"start":0,"end":13,"url":null,"entity_id":"Q19652","candidates":[]}],[{"start":0,"end":7,"url":null,"entity_id":"Q1860","candidates":[]}]],[[{"start":0,"end":84,"url":null,"entity_id":"Q56449562","candidates":[]}],[{"start":0,"end":13,"url":null,"entity_id":"Q19652","candidates":[]}],[{"start":0,"end":7,"url":null,"entity_id":"Q1860","candidates":[]}]],[[{"start":0,"end":84,"url":null,"entity_id":"Q56449413","candidates":[]}],[{"start":0,"end":13,"url":null,"entity_id":"Q19652","candidates":[]}],[{"start":0,"end":7,"url":null,"entity_id":"Q1860","candidates":[]}]],[[{"start":0,"end":51,"url":null,"entity_id":"Q54856276","candidates":[]}],[{"start":0,"end":13,"url":null,"entity_id":"Q19652","candidates":[]}],[{"start":0,"end":7,"url":null,"entity_id":"Q1860","candidates":[]}]],[[{"start":0,"end":112,"url":null,"entity_id":"Q51485851","candidates":[]}],[{"start":0,"end":13,"url":null,"entity_id":"Q19652","candidates":[]}],[{"start":0,"end":7,"url":null,"entity_id":"Q1860","candidates":[]}]],[[{"start":0,"end":21,"url":null,"entity_id":"Q55453762","candidates":[]}],[{"start":0,"end":13,"url":null,"entity_id":"Q19652","candidates":[]}],[{"start":0,"end":5,"url":null,"entity_id":"Q397","candidates":[]}]],[[{"start":0,"end":30,"url":null,"entity_id":"Q23870370","candidates":[]}],[{"start":0,"end":13,"url":null,"entity_id":"Q19652","candidates":[]}],[{"start":0,"end":5,"url":null,"entity_id":"Q9056","candidates":[]}]],[[{"start":0,"end":29,"url":null,"entity_id":"Q23870362","candidates":[]}],[{"start":0,"end":13,"url":null,"entity_id":"Q19652","candidates":[]}],[{"start":0,"end":5,"url":null,"entity_id":"Q9056","candidates":[]}]],[[{"start":0,"end":30,"url":null,"entity_id":"Q23857650","candidates":[]}],[{"start":0,"end":13,"url":null,"entity_id":"Q19652","candidates":[]}],[{"start":0,"end":5,"url":null,"entity_id":"Q9056","candidates":[]}]],[[{"start":0,"end":30,"url":null,"entity_id":"Q23857648","candidates":[]}],[{"start":0,"end":13,"url":null,"entity_id":"Q19652","candidates":[]}],[{"start":0,"end":5,"url":null,"entity_id":"Q9056","candidates":[]}]],[[{"start":0,"end":30,"url":null,"entity_id":"Q23857645","candidates":[]}],[{"start":0,"end":13,"url":null,"entity_id":"Q19652","candidates":[]}],[{"start":0,"end":5,"url":null,"entity_id":"Q9056","candidates":[]}]],[[{"start":0,"end":29,"url":null,"entity_id":"Q23857641","candidates":[]}],[{"start":0,"end":13,"url":null,"entity_id":"Q19652","candidates":[]}],[{"start":0,"end":5,"url":null,"entity_id":"Q9056","candidates":[]}]],[[{"start":0,"end":29,"url":null,"entity_id":"Q23857639","candidates":[]}],[{"start":0,"end":13,"url":null,"entity_id":"Q19652","candidates":[]}],[{"start":0,"end":5,"url":null,"entity_id":"Q9056","candidates":[]}]],[[{"start":0,"end":29,"url":null,"entity_id":"Q23857636","candidates":[]}],[{"start":0,"end":13,"url":null,"entity_id":"Q19652","candidates":[]}],[{"start":0,"end":5,"url":null,"entity_id":"Q9056","candidates":[]}]],[[{"start":0,"end":30,"url":null,"entity_id":"Q23857593","candidates":[]}],[{"start":0,"end":13,"url":null,"entity_id":"Q19652","candidates":[]}],[{"start":0,"end":5,"url":null,"entity_id":"Q9056","candidates":[]}]]]}