{"version":"1.2","table":{"version":"2","table_id":"C2CIRW53","columns":[{"index":0,"name":"col0","values":["Kormoran","HMS Queen Mary","SS Chelyuskin","RMS Carpathia","MS Rio de Janeiro","SMS Cormoran","SS Westfalen","SMS Wiesbaden","Prinsesse Ragnhild","HMHS Britannic","Deepwater Horizon","German cruiser Blücher","German battleship Scharnhorst","ORP Grom","RMS Titanic","Loma","Perth","Crown of England","Star","Omeo","Klaraborg","James Service","Highland Forest","Hero of the Nile","Amur","Day Dawn","Villalta","Ville de Rouen"]},{"index":1,"name":"col1","values":["8.5","8.8","6.7","10.54","8.46","5.8","8.5","6.06","6.4","10.5","41","7.2","9.9","3.3","10.54","6.5","3.8","7","2.3","5.1","2.6","4.6","6","5.2","3.6","4.4","6.2","6.4"]},{"index":2,"name":"col2","values":["20.2","27.1","16.61","19.66","16.8","13.7","16.08","13.9","11.5","28.65","78","22","30","11.3","28.2","14.2","6.8","12.5","5.3","9.3","6.7","8.57","10.4","7.6","7.4","8.6","10","10.5"]}]},"context":{"page_title":null,"page_url":null,"page_entity_id":null,"content_hierarchy":[]},"links":[[[{"start":0,"end":14,"url":null,"entity_id":"Q589307","candidates":[]}],[],[]],[[{"start":0,"end":13,"url":null,"entity_id":"Q572950","candidates":[]}],[],[]],[[{"start":0,"end":13,"url":null,"entity_id":"Q504096","candidates":[]}],[],[]],[[{"start":0,"end":17,"url":null,"entity_id":"Q475557","candidates":[]}],[],[]],[[{"start":0,"end":12,"url":null,"entity_id":"Q326616","candidates":[]}],[],[]],[[{"start":0,"end":12,"url":null,"entity_id":"Q325095","candidates":[]}],[],[]],[[{"start":0,"end":13,"url":null,"entity_id":"Q317998","candidates":[]}],[],[]],[[{"start":0,"end":18,"url":null,"entity_id":"Q250122","candidates":[]}],[],[]],[[{"start":0,"end":14,"url":null,"entity_id":"Q215692","candidates":[]}],[],[]],[[{"start":0,"end":17,"url":null,"entity_id":"Q212975","candidates":[]}],[],[]],[[{"start":0,"end":22,"url":null,"entity_id":"Q161346","candidates":[]}],[],[]],[[{"start":0,"end":29,"url":null,"entity_id":"Q155222","candidates":[]}],[],[]],[[{"start":0,"end":8,"url":null,"entity_id":"Q118203","candidates":[]}],[],[]],[[{"start":0,"end":11,"url":null,"entity_id":"Q25173","candidates":[]}],[],[]],[[{"start":0,"end":4,"url":null,"entity_id":"Q77987323","candidates":[]}],[],[]],[[{"start":0,"end":5,"url":null,"entity_id":"Q55847283","candidates":[]}],[],[]],[[{"start":0,"end":16,"url":null,"entity_id":"Q55847262","candidates":[]}],[],[]],[[{"start":0,"end":4,"url":null,"entity_id":"Q55847106","candidates":[]}],[],[]],[[{"start":0,"end":4,"url":null,"entity_id":"Q55846741","candidates":[]}],[],[]],[[{"start":0,"end":9,"url":null,"entity_id":"Q55846530","candidates":[]}],[],[]],[[{"start":0,"end":13,"url":null,"entity_id":"Q55846288","candidates":[]}],[],[]],[[{"start":0,"end":15,"url":null,"entity_id":"Q55846188","candidates":[]}],[],[]],[[{"start":0,"end":16,"url":null,"entity_id":"Q55846071","candidates":[]}],[],[]],[[{"start":0,"end":4,"url":null,"entity_id":"Q55845703","candidates":[]}],[],[]],[[{"start":0,"end":8,"url":null,"entity_id":"Q55845516","candidates":[]}],[],[]],[[{"start":0,"end":8,"url":null,"entity_id":"Q55845261","candidates":[]}],[],[]],[[{"start":0,"end":14,"url":null,"entity_id":"Q55845139","candidates":[]}],[],[]],[[{"start":0,"end":8,"url":null,"entity_id":"Q708046","candidates":[]}],[],[]]]}