{"version":"1.2","table":{"version":"2","table_id":"C3X9UG7Q","columns":[{"index":0,"name":"col0","values":["Catalan regional election 2015 in Guils de Cesdanya","Catalan rggional election 2015 in el Masroig","Catalan regional election 2015!in Massoteres","Catalan regional election 2015 in Vilapova de Segrià","Catalan regional election 2015 in Guamta","Catalan regionbl election 2015 in Maspujols","Catalan regional election 2015 inMassalcoreig","Catalan regional election 2015 in Vilanova ge Meià","Catalan regipnal election 2015 in Gombrèn","Catalan regional electirn 2015 in Colomers","Catalan regional!election 2015 in Darnius","Catalan regional elction 2015 in Esponellà","Catalan regional eletion 2015 in Espolla","Catalan regional election 2015!in Espinelves","Cataman regional election 2015 in l'Escaa","Catalan regiopal election 2015 in Das","Catalan regional election 2015 in Cespià","Catalan regional election#2015 in Corçà","Catlan regional election 2015 in Cornellà del Terri","Catlan regional election 2015 in Cabanes"]},{"index":1,"name":"col1","values":["Member of the Parliament of Catalonia","Member of the Parliament of Catalonia","Member of the Parliament of Catalonia","Member of the Parliament of Catalonia","Member of the Parliament of Catalonia","Member of the Parliament of Catalonia","Member of the Parliament of Catalonia","Member of the Parliament of Catalonia","Member of the Parliament of Catalonia","Member of the Parliament of Catalonia","Member of the Parliament of Catalonia","Member of the Parliament of Catalonia","Member of the Parliament of Catalonia","Member of the Parliament of Catalonia","Member of the Parliament of Catalonia","Member of the Parliament of Catalonia","Member of the Parliament of Catalonia","Member of the Parliament of Catalonia","Member of the Parliament of Catalonia","Member of the Parliament of Catalonia"]},{"index":2,"name":"col2","values":["Spain","Spain","Spain","Spain","Spain","Spain","Spain","Spain","Spain","Spain","Spain","Spain","Spain","Spain","Spain","Spain","Spain","Spain","Spain","Spain"]},{"index":3,"name":"col3","values":["2015/09/27","2015/09/27","2015/09/27","2015/09/27","2015/09/27","2015/09/27","2015/09/27","2015/09/27","2015/09/27","2015/09/27","2015/09/27","2015/09/27","2015/09/27","2015/09/27","2015/09/27","2015/09/27","2015/09/27","2015/09/27","2015/09/27","2015/09/27"]},{"index":4,"name":"col4","values":["Party Against Mistreatment to Animals","Party Against Mistreatment to Animals","Party Against Mistreatment to Animals","Party Against Mistreatment to Animals","Party Against Mistreatment to Animals","Party Against Mistreatment to Animals","Party Against Mistreatment to Animals","Party Against Mistreatment to Animals","Party Against Mistreatment to Animals","Catalunya Sí que es Pot","blank vote","Party Against Mistreatment to Animals","Party Against Mistreatment to Animals","Party Against Mistreatment to Animals","Party Against Mistreatment to Animals","Party Against Mistreatment to Animals","Party Against Mistreatment to Animals","Party Against Mistreatment to Animals","Party Against Mistreatment to Animals","blank vote"]}]},"context":{"page_title":null,"page_url":null,"page_entity_id":null,"content_hierarchy":[]},"links":[[[{"start":0,"end":51,"url":null,"entity_id":"Q45034439","candidates":[]}],[{"start":0,"end":37,"url":null,"entity_id":"Q18714088","candidates":[]}],[{"start":0,"end":5,"url":null,"entity_id":"Q29","candidates":[]}],[],[{"start":0,"end":37,"url":null,"entity_id":"Q82558","candidates":[]}]],[[{"start":0,"end":44,"url":null,"entity_id":"Q45034359","candidates":[]}],[{"start":0,"end":37,"url":null,"entity_id":"Q18714088","candidates":[]}],[{"start":0,"end":5,"url":null,"entity_id":"Q29","candidates":[]}],[],[{"start":0,"end":37,"url":null,"entity_id":"Q82558","candidates":[]}]],[[{"start":0,"end":44,"url":null,"entity_id":"Q45034355","candidates":[]}],[{"start":0,"end":37,"url":null,"entity_id":"Q18714088","candidates":[]}],[{"start":0,"end":5,"url":null,"entity_id":"Q29","candidates":[]}],[],[{"start":0,"end":37,"url":null,"entity_id":"Q82558","candidates":[]}]],[[{"start":0,"end":52,"url":null,"entity_id":"Q45034350","candidates":[]}],[{"start":0,"end":37,"url":null,"entity_id":"Q18714088","candidates":[]}],[{"start":0,"end":5,"url":null,"entity_id":"Q29","candidates":[]}],[],[{"start":0,"end":37,"url":null,"entity_id":"Q82558","candidates":[]}]],[[{"start":0,"end":40,"url":null,"entity_id":"Q45034253","candidates":[]}],[{"start":0,"end":37,"url":null,"entity_id":"Q18714088","candidates":[]}],[{"start":0,"end":5,"url":null,"entity_id":"Q29","candidates":[]}],[],[{"start":0,"end":37,"url":null,"entity_id":"Q82558","candidates":[]}]],[[{"start":0,"end":43,"url":null,"entity_id":"Q45034179","candidates":[]}],[{"start":0,"end":37,"url":null,"entity_id":"Q18714088","candidates":[]}],[{"start":0,"end":5,"url":null,"entity_id":"Q29","candidates":[]}],[],[{"start":0,"end":37,"url":null,"entity_id":"Q82558","candidates":[]}]],[[{"start":0,"end":45,"url":null,"entity_id":"Q45034172","candidates":[]}],[{"start":0,"end":37,"url":null,"entity_id":"Q18714088","candidates":[]}],[{"start":0,"end":5,"url":null,"entity_id":"Q29","candidates":[]}],[],[{"start":0,"end":37,"url":null,"entity_id":"Q82558","candidates":[]}]],[[{"start":0,"end":50,"url":null,"entity_id":"Q45034170","candidates":[]}],[{"start":0,"end":37,"url":null,"entity_id":"Q18714088","candidates":[]}],[{"start":0,"end":5,"url":null,"entity_id":"Q29","candidates":[]}],[],[{"start":0,"end":37,"url":null,"entity_id":"Q82558","candidates":[]}]],[[{"start":0,"end":41,"url":null,"entity_id":"Q45034066","candidates":[]}],[{"start":0,"end":37,"url":null,"entity_id":"Q18714088","candidates":[]}],[{"start":0,"end":5,"url":null,"entity_id":"Q29","candidates":[]}],[],[{"start":0,"end":37,"url":null,"entity_id":"Q82558","candidates":[]}]],[[{"start":0,"end":42,"url":null,"entity_id":"Q45030063","candidates":[]}],[{"start":0,"end":37,"url":null,"entity_id":"Q18714088","candidates":[]}],[{"start":0,"end":5,"url":null,"entity_id":"Q29","candidates":[]}],[],[{"start":0,"end":23,"url":null,"entity_id":"Q20669461","candidates":[]}]],[[{"start":0,"end":41,"url":null,"entity_id":"Q45030702","candidates":[]}],[{"start":0,"end":37,"url":null,"entity_id":"Q18714088","candidates":[]}],[{"start":0,"end":5,"url":null,"entity_id":"Q29","candidates":[]}],[],[{"start":0,"end":10,"url":null,"entity_id":"Q2345115","candidates":[]}]],[[{"start":0,"end":42,"url":null,"entity_id":"Q45031448","candidates":[]}],[{"start":0,"end":37,"url":null,"entity_id":"Q18714088","candidates":[]}],[{"start":0,"end":5,"url":null,"entity_id":"Q29","candidates":[]}],[],[{"start":0,"end":37,"url":null,"entity_id":"Q82558","candidates":[]}]],[[{"start":0,"end":40,"url":null,"entity_id":"Q45031266","candidates":[]}],[{"start":0,"end":37,"url":null,"entity_id":"Q18714088","candidates":[]}],[{"start":0,"end":5,"url":null,"entity_id":"Q29","candidates":[]}],[],[{"start":0,"end":37,"url":null,"entity_id":"Q82558","candidates":[]}]],[[{"start":0,"end":44,"url":null,"entity_id":"Q45031093","candidates":[]}],[{"start":0,"end":37,"url":null,"entity_id":"Q18714088","candidates":[]}],[{"start":0,"end":5,"url":null,"entity_id":"Q29","candidates":[]}],[],[{"start":0,"end":37,"url":null,"entity_id":"Q82558","candidates":[]}]],[[{"start":0,"end":41,"url":null,"entity_id":"Q45030934","candidates":[]}],[{"start":0,"end":37,"url":null,"entity_id":"Q18714088","candidates":[]}],[{"start":0,"end":5,"url":null,"entity_id":"Q29","candidates":[]}],[],[{"start":0,"end":37,"url":null,"entity_id":"Q82558","candidates":[]}]],[[{"start":0,"end":37,"url":null,"entity_id":"Q45030778","candidates":[]}],[{"start":0,"end":37,"url":null,"entity_id":"Q18714088","candidates":[]}],[{"start":0,"end":5,"url":null,"entity_id":"Q29","candidates":[]}],[],[{"start":0,"end":37,"url":null,"entity_id":"Q82558","candidates":[]}]],[[{"start":0,"end":40,"url":null,"entity_id":"Q45030538","candidates":[]}],[{"start":0,"end":37,"url":null,"entity_id":"Q18714088","candidates":[]}],[{"start":0,"end":5,"url":null,"entity_id":"Q29","candidates":[]}],[],[{"start":0,"end":37,"url":null,"entity_id":"Q82558","candidates":[]}]],[[{"start":0,"end":39,"url":null,"entity_id":"Q45030372","candidates":[]}],[{"start":0,"end":37,"url":null,"entity_id":"Q18714088","candidates":[]}],[{"start":0,"end":5,"url":null,"entity_id":"Q29","candidates":[]}],[],[{"start":0,"end":37,"url":null,"entity_id":"Q82558","candidates":[]}]],[[{"start":0,"end":51,"url":null,"entity_id":"Q45030228","candidates":[]}],[{"start":0,"end":37,"url":null,"entity_id":"Q18714088","candidates":[]}],[{"start":0,"end":5,"url":null,"entity_id":"Q29","candidates":[]}],[],[{"start":0,"end":37,"url":null,"entity_id":"Q82558","candidates":[]}]],[[{"start":0,"end":40,"url":null,"entity_id":"Q45025490","candidates":[]}],[{"start":0,"end":37,"url":null,"entity_id":"Q18714088","candidates":[]}],[{"start":0,"end":5,"url":null,"entity_id":"Q29","candidates":[]}],[],[{"start":0,"end":10,"url":null,"entity_id":"Q2345115","candidates":[]}]]]}