{"version":"1.2","table":{"version":"2","table_id":"C4B732RB","columns":[{"index":0,"name":"col0","values":["Ponte de la Malvasia","Ponte Lion","ponte Giustinian","ponte de San Francesco o del Nuncio","Ponte Foscarini","Ponte del Forno","ponte Priuli o de le Convertite","ponte Giustiniani","Ponte di Betania","Private bridge on rio delle Muneghete","Private bridge of Ca' dei Conti at NA 4429","Ponte San Daniele","Ponte de la Cortesia","ponte Colombo o Carminati","ponte San Cipriano","Ponte Santa Caterina","Ponte dei Carmini","Ponte del Paradiso","Ponte Cavallo (Venice)","Oberbaum Bridge"]},{"index":1,"name":"col1","values":["2.8","2.86","2.66","2.44","2.03","2.5","2.79","2.06","2.06","1.95","1.76","2.63","2.83","2.68","3.76","1.88","1.87","2.17","3.26","4.5"]},{"index":2,"name":"col2","values":["2.9","3.15","2.06","4.18","4.95","2.48","2.52","3.83","4.06","3","2.3","3.47","3.29","4.17","2.21","1.98","2.74","3.6","4.2","27.9"]}]},"context":{"page_title":null,"page_url":null,"page_entity_id":null,"content_hierarchy":[]},"links":[[[{"start":0,"end":20,"url":null,"entity_id":"Q57204743","candidates":[]}],[],[]],[[{"start":0,"end":10,"url":null,"entity_id":"Q57022712","candidates":[]}],[],[]],[[{"start":0,"end":16,"url":null,"entity_id":"Q56884168","candidates":[]}],[],[]],[[{"start":0,"end":35,"url":null,"entity_id":"Q56875558","candidates":[]}],[],[]],[[{"start":0,"end":15,"url":null,"entity_id":"Q56875546","candidates":[]}],[],[]],[[{"start":0,"end":15,"url":null,"entity_id":"Q56867700","candidates":[]}],[],[]],[[{"start":0,"end":31,"url":null,"entity_id":"Q56825113","candidates":[]}],[],[]],[[{"start":0,"end":17,"url":null,"entity_id":"Q56755247","candidates":[]}],[],[]],[[{"start":0,"end":16,"url":null,"entity_id":"Q56751441","candidates":[]}],[],[]],[[{"start":0,"end":37,"url":null,"entity_id":"Q56735884","candidates":[]}],[],[]],[[{"start":0,"end":42,"url":null,"entity_id":"Q56703549","candidates":[]}],[],[]],[[{"start":0,"end":17,"url":null,"entity_id":"Q56683264","candidates":[]}],[],[]],[[{"start":0,"end":20,"url":null,"entity_id":"Q56660334","candidates":[]}],[],[]],[[{"start":0,"end":25,"url":null,"entity_id":"Q56653744","candidates":[]}],[],[]],[[{"start":0,"end":18,"url":null,"entity_id":"Q56651028","candidates":[]}],[],[]],[[{"start":0,"end":20,"url":null,"entity_id":"Q56650978","candidates":[]}],[],[]],[[{"start":0,"end":17,"url":null,"entity_id":"Q56650910","candidates":[]}],[],[]],[[{"start":0,"end":18,"url":null,"entity_id":"Q2931352","candidates":[]}],[],[]],[[{"start":0,"end":22,"url":null,"entity_id":"Q2103744","candidates":[]}],[],[]],[[{"start":0,"end":15,"url":null,"entity_id":"Q695082","candidates":[]}],[],[]]]}