{"version":"1.2","table":{"version":"2","table_id":"C4K4LNJS","columns":[{"index":0,"name":"col0","values":["SDSS J093259.38+402633.6","SDSS J103305.07+203208.6","SDSS J094955.39+002213.1","SDSS J093305.16+025844.8","SDSS J110115.92+622946.2","SDSS J083050.63+293952.7","SDSS J113147.70+111853.4","SDSS J084735.80-002916.9","SDSS J125358.55+030344.2","SDSS J150303.06+303443.6","SDSS J132937.80+092112.2","SDSS J143602.75-013517.4","SDSS J094529.74+635757.1","SDSS J162432.35+063204.9","SDSS J105210.42+380836.8","SDSS J075504.35+213224.2","SDSS J121546.05+303144.7","SDSS J161715.13+204108.9","SDSS J110345.72+431725.9","SDSS J081926.67+243258.6"]},{"index":1,"name":"col1","values":["40.442675","20.535728","0.370325","2.97912","62.496185","29.664658","11.314836","-0.488039","3.062303","30.578792","9.3534","-1.588186","63.965863","6.534721","38.143568","21.540075","30.529095","20.685806","43.29054","24.549632"]},{"index":2,"name":"col2","values":["17.772","18.05","19.16","18.51","16.77","18.7","19.2","19.9","18.22","19.1","18.67","18.39","18","18.9","18.03","19.04","19.1","19","18.51","19.7"]}]},"context":{"page_title":null,"page_url":null,"page_entity_id":null,"content_hierarchy":[]},"links":[[[{"start":0,"end":24,"url":null,"entity_id":"Q75030023","candidates":[]}],[],[]],[[{"start":0,"end":24,"url":null,"entity_id":"Q75030003","candidates":[]}],[],[]],[[{"start":0,"end":24,"url":null,"entity_id":"Q75030002","candidates":[]}],[],[]],[[{"start":0,"end":24,"url":null,"entity_id":"Q75030001","candidates":[]}],[],[]],[[{"start":0,"end":24,"url":null,"entity_id":"Q75030000","candidates":[]}],[],[]],[[{"start":0,"end":24,"url":null,"entity_id":"Q75029999","candidates":[]}],[],[]],[[{"start":0,"end":24,"url":null,"entity_id":"Q75029998","candidates":[]}],[],[]],[[{"start":0,"end":24,"url":null,"entity_id":"Q75029997","candidates":[]}],[],[]],[[{"start":0,"end":24,"url":null,"entity_id":"Q75029996","candidates":[]}],[],[]],[[{"start":0,"end":24,"url":null,"entity_id":"Q75029995","candidates":[]}],[],[]],[[{"start":0,"end":24,"url":null,"entity_id":"Q75029994","candidates":[]}],[],[]],[[{"start":0,"end":24,"url":null,"entity_id":"Q75029992","candidates":[]}],[],[]],[[{"start":0,"end":24,"url":null,"entity_id":"Q75029990","candidates":[]}],[],[]],[[{"start":0,"end":24,"url":null,"entity_id":"Q75029989","candidates":[]}],[],[]],[[{"start":0,"end":24,"url":null,"entity_id":"Q75029987","candidates":[]}],[],[]],[[{"start":0,"end":24,"url":null,"entity_id":"Q75029986","candidates":[]}],[],[]],[[{"start":0,"end":24,"url":null,"entity_id":"Q75029985","candidates":[]}],[],[]],[[{"start":0,"end":24,"url":null,"entity_id":"Q75029984","candidates":[]}],[],[]],[[{"start":0,"end":24,"url":null,"entity_id":"Q75029983","candidates":[]}],[],[]],[[{"start":0,"end":24,"url":null,"entity_id":"Q75029982","candidates":[]}],[],[]]]}