{"version":"1.2","table":{"version":"2","table_id":"C552J7F2","columns":[{"index":0,"name":"col0","values":["Buynaksk","Chernobyll","Veliky Ustyug","Tiraspol","Vytegra","Kaliningrad","Nizhny Novgorod","Krasnoyarsk","Arkhangelsk","Vladivostok","Cherepovets","Samara","Totma","Tolyatti","Abakan","Tomsk","Novosibirsk","Omsk","Chelyabinsk","Ufa"]},{"index":1,"name":"col1","values":["20.95","250","17","50","16","224.7","410.6","348","294.42","331.16","120.9","541","8","314.78","112.38","294.6","505.6","572.9","500.9","707.93"]},{"index":2,"name":"col2","values":["Buynaksky District","Chernobyl Raion","Northern Dvina Governorate","Transnistria autonomous territorial unit","Vytegorsky District","Kaliningrad Urban Okrug","Nizhny Novgorod Urban Okrug","krai city of Krasnoyarsk","Arkhangelsk Urban Okrug","Vladivostoksky Urban Okrug","Cherepovetsky District","Volzhsky District, Samara Oblast","Totemsky District","Stavropolsky District","Republic of Khakassia","Tomsk Oblast","Novosibirsk Oblast","Omsk Oblast","Chelyabinsk Oblast","Republic of Bashkortostan"]}]},"context":{"page_title":null,"page_url":null,"page_entity_id":null,"content_hierarchy":[]},"links":[[[{"start":0,"end":8,"url":null,"entity_id":"Q132931","candidates":[]}],[],[{"start":0,"end":18,"url":null,"entity_id":"Q851694","candidates":[]}]],[[{"start":0,"end":10,"url":null,"entity_id":"Q129677","candidates":[]}],[],[{"start":0,"end":15,"url":null,"entity_id":"Q797427","candidates":[]}]],[[{"start":0,"end":13,"url":null,"entity_id":"Q111048","candidates":[]}],[],[{"start":0,"end":26,"url":null,"entity_id":"Q763399","candidates":[]}]],[[{"start":0,"end":8,"url":null,"entity_id":"Q132572","candidates":[]}],[],[{"start":0,"end":40,"url":null,"entity_id":"Q648767","candidates":[]}]],[[{"start":0,"end":7,"url":null,"entity_id":"Q105392","candidates":[]}],[],[{"start":0,"end":19,"url":null,"entity_id":"Q540999","candidates":[]}]],[[{"start":0,"end":11,"url":null,"entity_id":"Q1829","candidates":[]}],[],[{"start":0,"end":23,"url":null,"entity_id":"Q27554528","candidates":[]}]],[[{"start":0,"end":15,"url":null,"entity_id":"Q891","candidates":[]}],[],[{"start":0,"end":27,"url":null,"entity_id":"Q23898959","candidates":[]}]],[[{"start":0,"end":11,"url":null,"entity_id":"Q919","candidates":[]}],[],[{"start":0,"end":24,"url":null,"entity_id":"Q18405934","candidates":[]}]],[[{"start":0,"end":11,"url":null,"entity_id":"Q1851","candidates":[]}],[],[{"start":0,"end":23,"url":null,"entity_id":"Q4307175","candidates":[]}]],[[{"start":0,"end":11,"url":null,"entity_id":"Q959","candidates":[]}],[],[{"start":0,"end":26,"url":null,"entity_id":"Q4112963","candidates":[]}]],[[{"start":0,"end":11,"url":null,"entity_id":"Q2144","candidates":[]}],[],[{"start":0,"end":22,"url":null,"entity_id":"Q2216969","candidates":[]}]],[[{"start":0,"end":6,"url":null,"entity_id":"Q894","candidates":[]}],[],[{"start":0,"end":32,"url":null,"entity_id":"Q1774580","candidates":[]}]],[[{"start":0,"end":5,"url":null,"entity_id":"Q2137","candidates":[]}],[],[{"start":0,"end":17,"url":null,"entity_id":"Q1655824","candidates":[]}]],[[{"start":0,"end":8,"url":null,"entity_id":"Q1341","candidates":[]}],[],[{"start":0,"end":21,"url":null,"entity_id":"Q52242","candidates":[]}]],[[{"start":0,"end":6,"url":null,"entity_id":"Q875","candidates":[]}],[],[{"start":0,"end":21,"url":null,"entity_id":"Q6543","candidates":[]}]],[[{"start":0,"end":5,"url":null,"entity_id":"Q976","candidates":[]}],[],[{"start":0,"end":12,"url":null,"entity_id":"Q5884","candidates":[]}]],[[{"start":0,"end":11,"url":null,"entity_id":"Q883","candidates":[]}],[],[{"start":0,"end":18,"url":null,"entity_id":"Q5851","candidates":[]}]],[[{"start":0,"end":4,"url":null,"entity_id":"Q898","candidates":[]}],[],[{"start":0,"end":11,"url":null,"entity_id":"Q5835","candidates":[]}]],[[{"start":0,"end":11,"url":null,"entity_id":"Q906","candidates":[]}],[],[{"start":0,"end":18,"url":null,"entity_id":"Q5714","candidates":[]}]],[[{"start":0,"end":3,"url":null,"entity_id":"Q911","candidates":[]}],[],[{"start":0,"end":25,"url":null,"entity_id":"Q5710","candidates":[]}]]]}