{"version":"1.2","table":{"version":"2","table_id":"C5H9WDFB","columns":[{"index":0,"name":"col0","values":["Carnival Fascination","MS Brilliance of the Seas","MS Bremen","Black Watch","Costa Favolosa","Sapphire Princess","MS Fram","MS Polarlys","Richard With","Midnatsol","Nordnorge","Azamara Journey","Celebrity Century","MS Louis Olympia","Sea Cloud II","Royal Clipper","MV Zenith","MS Saga Sapphire","Carnival Breeze","Carnival Valor"]},{"index":1,"name":"col1","values":["Nassau","Nassau","Nassau","Nassau","Genoa","London","Tromsø","Tromsø","Tromsø","Tromsø","Tromsø","Valletta","Valletta","Valletta","Valletta","Valletta","Valletta","Valletta","Panama City","Panama City"]},{"index":2,"name":"col2","values":["70367","90090","6752","28613","113216","115875","12700","11341","11205","16151","11286","30277","72458","37584","3849","5000","47413","37049","130000","110000"]}]},"context":{"page_title":null,"page_url":null,"page_entity_id":null,"content_hierarchy":[]},"links":[[[{"start":0,"end":25,"url":null,"entity_id":"Q917188","candidates":[]}],[{"start":0,"end":6,"url":null,"entity_id":"Q2467","candidates":[]}],[]],[[{"start":0,"end":9,"url":null,"entity_id":"Q907340","candidates":[]}],[{"start":0,"end":6,"url":null,"entity_id":"Q2467","candidates":[]}],[]],[[{"start":0,"end":11,"url":null,"entity_id":"Q880616","candidates":[]}],[{"start":0,"end":6,"url":null,"entity_id":"Q2467","candidates":[]}],[]],[[{"start":0,"end":14,"url":null,"entity_id":"Q1136360","candidates":[]}],[{"start":0,"end":5,"url":null,"entity_id":"Q1449","candidates":[]}],[]],[[{"start":0,"end":17,"url":null,"entity_id":"Q1514518","candidates":[]}],[{"start":0,"end":6,"url":null,"entity_id":"Q84","candidates":[]}],[]],[[{"start":0,"end":7,"url":null,"entity_id":"Q747160","candidates":[]}],[{"start":0,"end":6,"url":null,"entity_id":"Q42328401","candidates":[]}],[]],[[{"start":0,"end":11,"url":null,"entity_id":"Q624954","candidates":[]}],[{"start":0,"end":6,"url":null,"entity_id":"Q42328401","candidates":[]}],[]],[[{"start":0,"end":12,"url":null,"entity_id":"Q624946","candidates":[]}],[{"start":0,"end":6,"url":null,"entity_id":"Q42328401","candidates":[]}],[]],[[{"start":0,"end":9,"url":null,"entity_id":"Q585464","candidates":[]}],[{"start":0,"end":6,"url":null,"entity_id":"Q42328401","candidates":[]}],[]],[[{"start":0,"end":9,"url":null,"entity_id":"Q429427","candidates":[]}],[{"start":0,"end":6,"url":null,"entity_id":"Q42328401","candidates":[]}],[]],[[{"start":0,"end":15,"url":null,"entity_id":"Q734921","candidates":[]}],[{"start":0,"end":8,"url":null,"entity_id":"Q23800","candidates":[]}],[]],[[{"start":0,"end":17,"url":null,"entity_id":"Q655030","candidates":[]}],[{"start":0,"end":8,"url":null,"entity_id":"Q23800","candidates":[]}],[]],[[{"start":0,"end":16,"url":null,"entity_id":"Q540563","candidates":[]}],[{"start":0,"end":8,"url":null,"entity_id":"Q23800","candidates":[]}],[]],[[{"start":0,"end":12,"url":null,"entity_id":"Q532885","candidates":[]}],[{"start":0,"end":8,"url":null,"entity_id":"Q23800","candidates":[]}],[]],[[{"start":0,"end":13,"url":null,"entity_id":"Q493616","candidates":[]}],[{"start":0,"end":8,"url":null,"entity_id":"Q23800","candidates":[]}],[]],[[{"start":0,"end":9,"url":null,"entity_id":"Q189595","candidates":[]}],[{"start":0,"end":8,"url":null,"entity_id":"Q23800","candidates":[]}],[]],[[{"start":0,"end":16,"url":null,"entity_id":"Q176355","candidates":[]}],[{"start":0,"end":8,"url":null,"entity_id":"Q23800","candidates":[]}],[]],[[{"start":0,"end":15,"url":null,"entity_id":"Q727472","candidates":[]}],[{"start":0,"end":11,"url":null,"entity_id":"Q3306","candidates":[]}],[]],[[{"start":0,"end":14,"url":null,"entity_id":"Q649360","candidates":[]}],[{"start":0,"end":11,"url":null,"entity_id":"Q3306","candidates":[]}],[]],[[{"start":0,"end":20,"url":null,"entity_id":"Q1044053","candidates":[]}],[{"start":0,"end":6,"url":null,"entity_id":"Q2467","candidates":[]}],[]]]}