{"version":"1.2","table":{"version":"2","table_id":"C5Z5VG1W","columns":[{"index":0,"name":"col0","values":["V* V395 Hya","CRTS CSS141117 J030930+263804","V* IM Eri","V* DM Boo","V* CM Mic","V* TV Col","V* GR Sgr","V* HL Aqr","V* V396 Hya","V* ES Dra","OGLE LMC529.30.000114","V* IX Vel","NSV 6278","OGLE 2012-NOVA-2","V* V1193 Ori","V* V759 Sgr","V* DX Oct","V* PQ Ser","V* BO Cet","V* V425 Cas"]},{"index":1,"name":"col1","values":["1.6781","4.091","5.2311","5.65","1.2513","1.951","0.741","1.6818","10.6936","1.4796","2.9094","11.0421","5.9832","14.6017","1.2262","1.0075","0.5064","9.5128","1.9225","1.1009"]},{"index":2,"name":"col2","values":["595.912","244.439","191.1644","173.1302","799.1689","512.5577","1349.5277","594.601","93.5139","675.8583","343.7135","90.5625","167.1346","68.4852","815.5276","992.5558","1974.7235","105.1215","520.156","908.3477"]},{"index":3,"name":"col3","values":["-31.9907862156258","26.6345421473014","-20.1199332422397","10.5907856814567","-43.375433805916","-32.8177502706257","-25.5798106489769","2.0148265250458","-23.3590559857574","62.0166510683731","-71.3823504598222","-49.2224082399358","47.2342644831473","-74.3373752515557","-0.2039748669339","-27.4173267960506","-87.5062282401108","21.4407123528256","-2.0618306447348","53.2874619707826"]},{"index":4,"name":"col4","values":["180.3515922530378","47.373962212939","66.1712808399864","207.3447587504087","309.2276253743139","82.3563718862773","275.7437542542806","335.1121974935001","198.1935013746077","231.3825708792765","71.708543507968","123.8290382067951","202.3901602854905","8.2265994099144","79.1111313247229","267.5820547001379","42.6057098476497","234.4742069857683","31.6636369914796","345.9444085162015"]}]},"context":{"page_title":null,"page_url":null,"page_entity_id":null,"content_hierarchy":[]},"links":[[[{"start":0,"end":29,"url":null,"entity_id":"Q85295554","candidates":[]}],[],[],[],[]],[[{"start":0,"end":9,"url":null,"entity_id":"Q85205389","candidates":[]}],[],[],[],[]],[[{"start":0,"end":9,"url":null,"entity_id":"Q84927684","candidates":[]}],[],[],[],[]],[[{"start":0,"end":9,"url":null,"entity_id":"Q84366613","candidates":[]}],[],[],[],[]],[[{"start":0,"end":9,"url":null,"entity_id":"Q84206447","candidates":[]}],[],[],[],[]],[[{"start":0,"end":9,"url":null,"entity_id":"Q84005862","candidates":[]}],[],[],[],[]],[[{"start":0,"end":9,"url":null,"entity_id":"Q83811307","candidates":[]}],[],[],[],[]],[[{"start":0,"end":11,"url":null,"entity_id":"Q83469388","candidates":[]}],[],[],[],[]],[[{"start":0,"end":9,"url":null,"entity_id":"Q83254640","candidates":[]}],[],[],[],[]],[[{"start":0,"end":21,"url":null,"entity_id":"Q81895758","candidates":[]}],[],[],[],[]],[[{"start":0,"end":9,"url":null,"entity_id":"Q81666981","candidates":[]}],[],[],[],[]],[[{"start":0,"end":8,"url":null,"entity_id":"Q81509635","candidates":[]}],[],[],[],[]],[[{"start":0,"end":16,"url":null,"entity_id":"Q81222217","candidates":[]}],[],[],[],[]],[[{"start":0,"end":12,"url":null,"entity_id":"Q80725537","candidates":[]}],[],[],[],[]],[[{"start":0,"end":11,"url":null,"entity_id":"Q75832023","candidates":[]}],[],[],[],[]],[[{"start":0,"end":9,"url":null,"entity_id":"Q75273567","candidates":[]}],[],[],[],[]],[[{"start":0,"end":9,"url":null,"entity_id":"Q75005280","candidates":[]}],[],[],[],[]],[[{"start":0,"end":9,"url":null,"entity_id":"Q74863423","candidates":[]}],[],[],[],[]],[[{"start":0,"end":11,"url":null,"entity_id":"Q74251161","candidates":[]}],[],[],[],[]],[[{"start":0,"end":11,"url":null,"entity_id":"Q85299577","candidates":[]}],[],[],[],[]]]}