{"version":"1.2","table":{"version":"2","table_id":"C6FT7MYI","columns":[{"index":0,"name":"col0","values":["Blériot XI","Beech 18","Caproni Ca.97","Super Étendard","Saab 105","PC-12","PC-9","Morane-Borel monoplane","An-8","P-1 Explorer","PA-23","AB-95","Aero Ae-45","Aero A.42","A.35","A.304","Fokker 100","Z 526","IA 58 Pucará","Fury Mk. II"]},{"index":1,"name":"col1","values":["monoplane","monoplane","monoplane","monoplane","monoplane","monoplane","monoplane","monoplane","monoplane","monoplane","monoplane","monoplane","monoplane","monoplane","monoplane","monoplane","monoplane","monoplane","monoplane","biplane"]},{"index":2,"name":"col2","values":["1909-01-23","1937-01-15","1927-01-01","1974-10-28","1963-06-29","1991-05-31","1984-05-07","1911-01-01","1956-02-11","1937-01-01","1952-03-02","1959-03-12","1947-07-21","1929-01-01","1928-01-01","1937-01-01","1986-11-30","1959-01-01","1969-08-20","1936-12-03"]}]},"context":{"page_title":null,"page_url":null,"page_entity_id":null,"content_hierarchy":[]},"links":[[[{"start":0,"end":10,"url":null,"entity_id":"Q887098","candidates":[]}],[{"start":0,"end":9,"url":null,"entity_id":"Q627537","candidates":[]}],[]],[[{"start":0,"end":8,"url":null,"entity_id":"Q814006","candidates":[]}],[{"start":0,"end":9,"url":null,"entity_id":"Q627537","candidates":[]}],[]],[[{"start":0,"end":13,"url":null,"entity_id":"Q744874","candidates":[]}],[{"start":0,"end":9,"url":null,"entity_id":"Q627537","candidates":[]}],[]],[[{"start":0,"end":14,"url":null,"entity_id":"Q723756","candidates":[]}],[{"start":0,"end":9,"url":null,"entity_id":"Q627537","candidates":[]}],[]],[[{"start":0,"end":8,"url":null,"entity_id":"Q698235","candidates":[]}],[{"start":0,"end":9,"url":null,"entity_id":"Q627537","candidates":[]}],[]],[[{"start":0,"end":5,"url":null,"entity_id":"Q685211","candidates":[]}],[{"start":0,"end":9,"url":null,"entity_id":"Q627537","candidates":[]}],[]],[[{"start":0,"end":4,"url":null,"entity_id":"Q666994","candidates":[]}],[{"start":0,"end":9,"url":null,"entity_id":"Q627537","candidates":[]}],[]],[[{"start":0,"end":22,"url":null,"entity_id":"Q630020","candidates":[]}],[{"start":0,"end":9,"url":null,"entity_id":"Q627537","candidates":[]}],[]],[[{"start":0,"end":4,"url":null,"entity_id":"Q607758","candidates":[]}],[{"start":0,"end":9,"url":null,"entity_id":"Q627537","candidates":[]}],[]],[[{"start":0,"end":12,"url":null,"entity_id":"Q600806","candidates":[]}],[{"start":0,"end":9,"url":null,"entity_id":"Q627537","candidates":[]}],[]],[[{"start":0,"end":5,"url":null,"entity_id":"Q441585","candidates":[]}],[{"start":0,"end":9,"url":null,"entity_id":"Q627537","candidates":[]}],[]],[[{"start":0,"end":5,"url":null,"entity_id":"Q381272","candidates":[]}],[{"start":0,"end":9,"url":null,"entity_id":"Q627537","candidates":[]}],[]],[[{"start":0,"end":10,"url":null,"entity_id":"Q381249","candidates":[]}],[{"start":0,"end":9,"url":null,"entity_id":"Q627537","candidates":[]}],[]],[[{"start":0,"end":9,"url":null,"entity_id":"Q381241","candidates":[]}],[{"start":0,"end":9,"url":null,"entity_id":"Q627537","candidates":[]}],[]],[[{"start":0,"end":4,"url":null,"entity_id":"Q381237","candidates":[]}],[{"start":0,"end":9,"url":null,"entity_id":"Q627537","candidates":[]}],[]],[[{"start":0,"end":5,"url":null,"entity_id":"Q381231","candidates":[]}],[{"start":0,"end":9,"url":null,"entity_id":"Q627537","candidates":[]}],[]],[[{"start":0,"end":10,"url":null,"entity_id":"Q257298","candidates":[]}],[{"start":0,"end":9,"url":null,"entity_id":"Q627537","candidates":[]}],[]],[[{"start":0,"end":5,"url":null,"entity_id":"Q217883","candidates":[]}],[{"start":0,"end":9,"url":null,"entity_id":"Q627537","candidates":[]}],[]],[[{"start":0,"end":12,"url":null,"entity_id":"Q212172","candidates":[]}],[{"start":0,"end":9,"url":null,"entity_id":"Q627537","candidates":[]}],[]],[[{"start":0,"end":11,"url":null,"entity_id":"Q15427050","candidates":[]}],[{"start":0,"end":7,"url":null,"entity_id":"Q223818","candidates":[]}],[]]]}