{"version":"1.2","table":{"version":"2","table_id":"C8T1HRT7","columns":[{"index":0,"name":"col0","values":["Building of Peasant Land Bank, Mahilioŭ","Palácio das Indústrias","Custom House, Lancaster","Oude Turfmarkt 127","Rijksmuseum main building","Korfantego 3","Nationalmuseum","Tampere Art Museum","Centre Cultural la Beneficència","Museum Building (Trinity College, Dublin)","main building","Lugano Arte e Cultura","Kunstmuseum Appenzell","Palacio de las Artes y la Industria","Museum of Zaragoza building","Museo Nacional de Antropología","Archeological Museum of Seville building","Pabellón Mudéjar","Celler del Sindicat Agrícola de Cambrils","main building of the Estonian National Museum"]},{"index":1,"name":"col1","values":["Aleksandr Druker","Domiziano Rossi","Richard Gillow","Willem Anthonie Froger","Pierre Cuypers","Ignatz Grünfeld","Friedrich August Stüler","Carl Ludvig Engel","Joaquín María Belda Ibáñez","Thomas Newenham Deane","Ad van der Steur","Ivano Gianola","Gigon/Guyer","Emilio Boix y Merino","Julio Bravo Folch","Francisco de Cubas","Aníbal González","Aníbal González","Bernardí Martorell","Tsuyoshi Tane"]},{"index":2,"name":"col2","values":["Belarus","Brazil","United Kingdom","Netherlands","Netherlands","Poland","Sweden","Finland","Spain","Ireland","Netherlands","Switzerland","Switzerland","Spain","Spain","Spain","Spain","Spain","Spain","Estonia"]}]},"context":{"page_title":null,"page_url":null,"page_entity_id":null,"content_hierarchy":[]},"links":[[[{"start":0,"end":39,"url":null,"entity_id":"Q17288752","candidates":[]}],[{"start":0,"end":16,"url":null,"entity_id":"Q17288289","candidates":[]}],[{"start":0,"end":7,"url":null,"entity_id":"Q184","candidates":[]}]],[[{"start":0,"end":22,"url":null,"entity_id":"Q9054621","candidates":[]}],[{"start":0,"end":15,"url":null,"entity_id":"Q10268176","candidates":[]}],[{"start":0,"end":6,"url":null,"entity_id":"Q155","candidates":[]}]],[[{"start":0,"end":23,"url":null,"entity_id":"Q15212222","candidates":[]}],[{"start":0,"end":14,"url":null,"entity_id":"Q18390314","candidates":[]}],[{"start":0,"end":14,"url":null,"entity_id":"Q145","candidates":[]}]],[[{"start":0,"end":18,"url":null,"entity_id":"Q17307187","candidates":[]}],[{"start":0,"end":22,"url":null,"entity_id":"Q18663524","candidates":[]}],[{"start":0,"end":11,"url":null,"entity_id":"Q55","candidates":[]}]],[[{"start":0,"end":25,"url":null,"entity_id":"Q17307050","candidates":[]}],[{"start":0,"end":14,"url":null,"entity_id":"Q540431","candidates":[]}],[{"start":0,"end":11,"url":null,"entity_id":"Q55","candidates":[]}]],[[{"start":0,"end":12,"url":null,"entity_id":"Q9268886","candidates":[]}],[{"start":0,"end":15,"url":null,"entity_id":"Q11711416","candidates":[]}],[{"start":0,"end":6,"url":null,"entity_id":"Q36","candidates":[]}]],[[{"start":0,"end":14,"url":null,"entity_id":"Q10594801","candidates":[]}],[{"start":0,"end":23,"url":null,"entity_id":"Q61256","candidates":[]}],[{"start":0,"end":6,"url":null,"entity_id":"Q34","candidates":[]}]],[[{"start":0,"end":18,"url":null,"entity_id":"Q10690515","candidates":[]}],[{"start":0,"end":17,"url":null,"entity_id":"Q77103","candidates":[]}],[{"start":0,"end":7,"url":null,"entity_id":"Q33","candidates":[]}]],[[{"start":0,"end":31,"url":null,"entity_id":"Q8343592","candidates":[]}],[{"start":0,"end":26,"url":null,"entity_id":"Q5931632","candidates":[]}],[{"start":0,"end":5,"url":null,"entity_id":"Q29","candidates":[]}]],[[{"start":0,"end":41,"url":null,"entity_id":"Q15260359","candidates":[]}],[{"start":0,"end":21,"url":null,"entity_id":"Q7792724","candidates":[]}],[{"start":0,"end":7,"url":null,"entity_id":"Q27","candidates":[]}]],[[{"start":0,"end":13,"url":null,"entity_id":"Q29569055","candidates":[]}],[{"start":0,"end":16,"url":null,"entity_id":"Q279341","candidates":[]}],[{"start":0,"end":11,"url":null,"entity_id":"Q55","candidates":[]}]],[[{"start":0,"end":21,"url":null,"entity_id":"Q26986943","candidates":[]}],[{"start":0,"end":13,"url":null,"entity_id":"Q52063282","candidates":[]}],[{"start":0,"end":11,"url":null,"entity_id":"Q39","candidates":[]}]],[[{"start":0,"end":21,"url":null,"entity_id":"Q29650402","candidates":[]}],[{"start":0,"end":11,"url":null,"entity_id":"Q679348","candidates":[]}],[{"start":0,"end":11,"url":null,"entity_id":"Q39","candidates":[]}]],[[{"start":0,"end":35,"url":null,"entity_id":"Q29477212","candidates":[]}],[{"start":0,"end":20,"url":null,"entity_id":"Q29018461","candidates":[]}],[{"start":0,"end":5,"url":null,"entity_id":"Q29","candidates":[]}]],[[{"start":0,"end":27,"url":null,"entity_id":"Q29049230","candidates":[]}],[{"start":0,"end":17,"url":null,"entity_id":"Q5955013","candidates":[]}],[{"start":0,"end":5,"url":null,"entity_id":"Q29","candidates":[]}]],[[{"start":0,"end":30,"url":null,"entity_id":"Q29538755","candidates":[]}],[{"start":0,"end":18,"url":null,"entity_id":"Q3290205","candidates":[]}],[{"start":0,"end":5,"url":null,"entity_id":"Q29","candidates":[]}]],[[{"start":0,"end":40,"url":null,"entity_id":"Q28976433","candidates":[]}],[{"start":0,"end":15,"url":null,"entity_id":"Q2857931","candidates":[]}],[{"start":0,"end":5,"url":null,"entity_id":"Q29","candidates":[]}]],[[{"start":0,"end":16,"url":null,"entity_id":"Q28962357","candidates":[]}],[{"start":0,"end":15,"url":null,"entity_id":"Q2857931","candidates":[]}],[{"start":0,"end":5,"url":null,"entity_id":"Q29","candidates":[]}]],[[{"start":0,"end":40,"url":null,"entity_id":"Q27991268","candidates":[]}],[{"start":0,"end":18,"url":null,"entity_id":"Q459775","candidates":[]}],[{"start":0,"end":5,"url":null,"entity_id":"Q29","candidates":[]}]],[[{"start":0,"end":45,"url":null,"entity_id":"Q22909961","candidates":[]}],[{"start":0,"end":13,"url":null,"entity_id":"Q11577053","candidates":[]}],[{"start":0,"end":7,"url":null,"entity_id":"Q191","candidates":[]}]]]}