{"version":"1.2","table":{"version":"2","table_id":"CC2PPOSX","columns":[{"index":0,"name":"col0","values":["2015 Tour de Wallonie","2013 Tour de Wallonie","1991 Tour de Wallonie","2008 Tour de Wallonie","1987 Tour de Wallonie","1974 Tour de Wallonie","1992 Tour de Wallonie","1985 Tour de Wallonie","1996 Tour de Wallonie","2019 Tour de Wallonie","1997 Tour de Wallonie","2004 Tour de Wallonie","1994 Tour de Wallonie","2010 Tour de Wallonie","1993 Tour de Wallonie","2007 Tour de Wallonie","2000 Tour de Wallonie","1998 Tour de Wallonie","2009 Tour de Wallonie","2001 Tour de Wallonie"]},{"index":1,"name":"col1","values":["2015-07-25","2013-07-20","1991-08-08","2008-07-26","1987-08-08","1974-08-01","1992-08-08","1985-08-10","1996-08-03","2019-07-27","1997-08-01","2004-07-26","1994-08-06","2010-07-24","1993-08-07","2007-07-28","2000-07-29","1998-08-01","2009-07-25","2001-08-03"]},{"index":2,"name":"col2","values":["Sergey Lagutin","Alexandr Kolobnev","Abraham Olano","Paolo Bettini","Olaf Ludwig","Patrick Lefevere","Lars Teutenberg","Uwe Ampler","Thomas Fleischer","Tosh Van der Sande","Rik Verbrugghe","Christophe Agnolutto","Joona Laukka","Marco Marcato","Geert Van Bondt","Borut Božič","Axel Merckx","Frank Vandenbroucke","Alexandr Kolobnev","David Millar"]}]},"context":{"page_title":null,"page_url":null,"page_entity_id":null,"content_hierarchy":[]},"links":[[[{"start":0,"end":21,"url":null,"entity_id":"Q20735326","candidates":[]}],[],[{"start":0,"end":14,"url":null,"entity_id":"Q373300","candidates":[]}]],[[{"start":0,"end":21,"url":null,"entity_id":"Q13937018","candidates":[]}],[],[{"start":0,"end":17,"url":null,"entity_id":"Q362075","candidates":[]}]],[[{"start":0,"end":21,"url":null,"entity_id":"Q61106866","candidates":[]}],[],[{"start":0,"end":13,"url":null,"entity_id":"Q330457","candidates":[]}]],[[{"start":0,"end":21,"url":null,"entity_id":"Q1534579","candidates":[]}],[],[{"start":0,"end":13,"url":null,"entity_id":"Q298886","candidates":[]}]],[[{"start":0,"end":21,"url":null,"entity_id":"Q61106857","candidates":[]}],[],[{"start":0,"end":11,"url":null,"entity_id":"Q213590","candidates":[]}]],[[{"start":0,"end":21,"url":null,"entity_id":"Q61106828","candidates":[]}],[],[{"start":0,"end":16,"url":null,"entity_id":"Q175865","candidates":[]}]],[[{"start":0,"end":21,"url":null,"entity_id":"Q61106869","candidates":[]}],[],[{"start":0,"end":15,"url":null,"entity_id":"Q96002","candidates":[]}]],[[{"start":0,"end":21,"url":null,"entity_id":"Q61106853","candidates":[]}],[],[{"start":0,"end":10,"url":null,"entity_id":"Q61988","candidates":[]}]],[[{"start":0,"end":21,"url":null,"entity_id":"Q61106880","candidates":[]}],[],[{"start":0,"end":16,"url":null,"entity_id":"Q2013661","candidates":[]}]],[[{"start":0,"end":21,"url":null,"entity_id":"Q65966194","candidates":[]}],[],[{"start":0,"end":18,"url":null,"entity_id":"Q981161","candidates":[]}]],[[{"start":0,"end":21,"url":null,"entity_id":"Q61106882","candidates":[]}],[],[{"start":0,"end":14,"url":null,"entity_id":"Q731485","candidates":[]}]],[[{"start":0,"end":21,"url":null,"entity_id":"Q61106897","candidates":[]}],[],[{"start":0,"end":20,"url":null,"entity_id":"Q633938","candidates":[]}]],[[{"start":0,"end":21,"url":null,"entity_id":"Q61106873","candidates":[]}],[],[{"start":0,"end":12,"url":null,"entity_id":"Q605487","candidates":[]}]],[[{"start":0,"end":21,"url":null,"entity_id":"Q61106911","candidates":[]}],[],[{"start":0,"end":13,"url":null,"entity_id":"Q499286","candidates":[]}]],[[{"start":0,"end":21,"url":null,"entity_id":"Q61106870","candidates":[]}],[],[{"start":0,"end":15,"url":null,"entity_id":"Q485309","candidates":[]}]],[[{"start":0,"end":21,"url":null,"entity_id":"Q61106904","candidates":[]}],[],[{"start":0,"end":11,"url":null,"entity_id":"Q461559","candidates":[]}]],[[{"start":0,"end":21,"url":null,"entity_id":"Q61106889","candidates":[]}],[],[{"start":0,"end":11,"url":null,"entity_id":"Q455030","candidates":[]}]],[[{"start":0,"end":21,"url":null,"entity_id":"Q61106884","candidates":[]}],[],[{"start":0,"end":19,"url":null,"entity_id":"Q378167","candidates":[]}]],[[{"start":0,"end":21,"url":null,"entity_id":"Q61106907","candidates":[]}],[],[{"start":0,"end":17,"url":null,"entity_id":"Q362075","candidates":[]}]],[[{"start":0,"end":21,"url":null,"entity_id":"Q61106890","candidates":[]}],[],[{"start":0,"end":12,"url":null,"entity_id":"Q358203","candidates":[]}]]]}