{"version":"1.2","table":{"version":"2","table_id":"CCHWFIGH","columns":[{"index":0,"name":"col0","values":["Wash Pits Field, Euston EUN 035: Archaeological Evaluation Report","Second year post-construction monitoring of bats and birds at Wind Turbine Test Centre Østerild","Special Report on Global Warming of 1.5ºC","Garden and Other Earthworks, South of Wressle Castle, Wressle, East Yorkshire: Archaeological Survey","Knowledge Exchange Approach to Open Scholarship","Gleaston Castle, Gleaston, Cumbria: Results of Aerial Survey and Conservation Statement","The Chemical Properties of Silica Particle Surface in Relation to Silica-cell Interactions","Geophysical Magnetometer Survey of Clipstone Peel, Beeston Lodge, in Sherwood Forest. Mansfield Woodhouse, Nottinghamshire.","Orford Castle, Orford, Suffolk","Framlingham Castle, Suffolk: The Landscape Context","Community Archaeological Excavation: Halton Castle, Runcorn","WikiCite 2017 report","Health, Stress, and Social Networks: Evidence from Union Army Veterans","Geologic map of Alaska","A Geophysical Survey of Pevensey Castle, East Sussex","Kitchen Street, Rochdale: An Archaeological Desk-Based Assessment","Death and the City: Chicago's Mortality Transition, 1850-1925","Pevensey Castle, East Sussex: conservation statement","Pembroke Castle: geophysical survey 2016","Division of Household Labor and Relationship Dissolution in Denmark 2001-2009"]},{"index":1,"name":"col1","values":["Industrial Archaeology: a handbook","Flight speeds among bird species: allometric and phylogenetic effects","A solution to the misrepresentations of CO2-equivalent emissions of short-lived climate pollutants under ambitious mitigation","Archaeology of Destruction: a Reinterpretation of Castle Slightings in the English Civil War","Bibliometrics: The Leiden Manifesto for research metrics","Greater Medieval Houses of England and Wales, 1300-1500: Volume 1, Northern England","Dusts causing pneumoconiosis generate OH and produce hemolysis by acting as fenton catalysts","'A palace for our kings' - A decade of research into a royal residence in the heart of Sherwood Forest at Kings Clipstone, Nottinghamshire","The Castle in England and Wales: an Interpretative History","Early castles in the Medieval Landscape of East Anglia","Castles as prisons","WikiCite 2016 Report","Understanding the Twentieth-Century Decline in Chronic Conditions among Older Men","Geologic Map of Baranof Island, southeastern Alaska","Pevensey Castle","The Rochdale Borough survey","Spectrum of neuropsychiatric complications in 791 cases of typhoid fever.","Medieval Fortifications","The Round Tower at Barnard Castle and gendered space","When Does Gender Trump Money? Bargaining and Time in Household Work"]},{"index":2,"name":"col2","values":["2013-03-01","2017-06-01","2018-10-08","2015-02-01","2017-08-31","2016-01-01","1989-01-01","2018-03-10","2004-01-01","2007-01-01","2016-11-01","2017-12-07","2008-06-01","2015-01-01","2005-08-01","2010-01-01","2005-06-01","2003-01-01","2016-09-01","2019-09-01"]},{"index":3,"name":"col3","values":["Wash Pits Field, Euston EUN 035: Archaeological Evaluation Report","Second year post-construction monitoring of bats and birds at Wind Turbine Test Centre Østerild","Global Warming of 1.5 °C","Garden and Other Earthworks, South of Wressle Castle, Wressle, East Yorkshire: Archaeological Survey","Knowledge Exchange Approach to Open Scholarship","Gleaston Castle, Gleaston, Cumbria: Results of Aerial Survey and Conservation Statement","The Chemical Properties of Silica Particle Surface in Relation to Silica-cell Interactions","Geophysical Magnetometer Survey of Clipstone Peel, Beeston Lodge, in Sherwood Forest. Mansfield Woodhouse, Nottinghamshire.","Orford Castle, Orford, Suffolk","Framlingham Castle, Suffolk: The Landscape Context","Community Archaeological Excavation: Halton Castle, Runcorn","WikiCite 2017 report","Health, Stress, and Social Networks: Evidence from Union Army Veterans","Geologic map of Alaska","A Geophysical Survey of Pevensey Castle, East Sussex","Kitchen Street, Rochdale: An Archaeological Desk-Based Assessment","Death and the City: Chicago's Mortality Transition, 1850-1925","Pevensey Castle, East Sussex: conservation statement","Pembroke Castle: geophysical survey 2016","Division of Household Labor and Relationship Dissolution in Denmark 2001-2009"]}]},"context":{"page_title":null,"page_url":null,"page_entity_id":null,"content_hierarchy":[]},"links":[[[{"start":0,"end":95,"url":null,"entity_id":"Q64822150","candidates":[]}],[{"start":0,"end":69,"url":null,"entity_id":"Q28757434","candidates":[]}],[],[]],[[{"start":0,"end":41,"url":null,"entity_id":"Q57077013","candidates":[]}],[{"start":0,"end":125,"url":null,"entity_id":"Q57402935","candidates":[]}],[],[]],[[{"start":0,"end":100,"url":null,"entity_id":"Q42672781","candidates":[]}],[{"start":0,"end":92,"url":null,"entity_id":"Q44311369","candidates":[]}],[],[]],[[{"start":0,"end":47,"url":null,"entity_id":"Q41146719","candidates":[]}],[{"start":0,"end":56,"url":null,"entity_id":"Q29649990","candidates":[]}],[],[]],[[{"start":0,"end":87,"url":null,"entity_id":"Q42672803","candidates":[]}],[{"start":0,"end":83,"url":null,"entity_id":"Q28653687","candidates":[]}],[],[]],[[{"start":0,"end":90,"url":null,"entity_id":"Q26371690","candidates":[]}],[{"start":0,"end":92,"url":null,"entity_id":"Q23922662","candidates":[]}],[],[]],[[{"start":0,"end":123,"url":null,"entity_id":"Q51884814","candidates":[]}],[{"start":0,"end":138,"url":null,"entity_id":"Q42355095","candidates":[]}],[],[]],[[{"start":0,"end":30,"url":null,"entity_id":"Q46125238","candidates":[]}],[{"start":0,"end":58,"url":null,"entity_id":"Q43758221","candidates":[]}],[],[]],[[{"start":0,"end":50,"url":null,"entity_id":"Q46835461","candidates":[]}],[{"start":0,"end":54,"url":null,"entity_id":"Q42765346","candidates":[]}],[],[]],[[{"start":0,"end":59,"url":null,"entity_id":"Q44967032","candidates":[]}],[{"start":0,"end":18,"url":null,"entity_id":"Q42355420","candidates":[]}],[],[]],[[{"start":0,"end":20,"url":null,"entity_id":"Q44938902","candidates":[]}],[{"start":0,"end":20,"url":null,"entity_id":"Q28843308","candidates":[]}],[],[]],[[{"start":0,"end":70,"url":null,"entity_id":"Q58235212","candidates":[]}],[{"start":0,"end":81,"url":null,"entity_id":"Q58235201","candidates":[]}],[],[]],[[{"start":0,"end":22,"url":null,"entity_id":"Q57841811","candidates":[]}],[{"start":0,"end":51,"url":null,"entity_id":"Q57841813","candidates":[]}],[],[]],[[{"start":0,"end":52,"url":null,"entity_id":"Q57390194","candidates":[]}],[{"start":0,"end":15,"url":null,"entity_id":"Q50355576","candidates":[]}],[],[]],[[{"start":0,"end":65,"url":null,"entity_id":"Q57883970","candidates":[]}],[{"start":0,"end":27,"url":null,"entity_id":"Q42721057","candidates":[]}],[],[]],[[{"start":0,"end":61,"url":null,"entity_id":"Q57677224","candidates":[]}],[{"start":0,"end":73,"url":null,"entity_id":"Q40652602","candidates":[]}],[],[]],[[{"start":0,"end":52,"url":null,"entity_id":"Q51536054","candidates":[]}],[{"start":0,"end":23,"url":null,"entity_id":"Q46348260","candidates":[]}],[],[]],[[{"start":0,"end":40,"url":null,"entity_id":"Q64549292","candidates":[]}],[{"start":0,"end":52,"url":null,"entity_id":"Q42355072","candidates":[]}],[],[]],[[{"start":0,"end":77,"url":null,"entity_id":"Q67123609","candidates":[]}],[{"start":0,"end":67,"url":null,"entity_id":"Q55920339","candidates":[]}],[],[]],[[{"start":0,"end":65,"url":null,"entity_id":"Q65456195","candidates":[]}],[{"start":0,"end":34,"url":null,"entity_id":"Q47509529","candidates":[]}],[],[]]]}