{"version":"1.2","table":{"version":"2","table_id":"CDBQKDCS","columns":[{"index":0,"name":"col0","values":["LZ Vel","GX Lib","BM CVn","IL Hya","QU And","SZ Psc","LU Hya","TW Lep","AS Col","V1198 Ori","EI Eri","FG UMa","CL Cam","V376 Cep","V510 Per","V2075 Cyg","VY Ari","V492 Per","V4138 Sgr","V344 Pup"]},{"index":1,"name":"col1","values":["148.6629066262094","230.8585692831854","200.3844212602419","141.20422388069707","18.2752920177162","348.3490625097577","126.30866932145834","85.1654854121944","80.1585346043787","74.5707369532965","62.4203871939575","155.4477561639196","79.6295594356518","329.5822112522112","48.4634571884047","328.8102441395699","42.18220148870583","67.9872739678101","290.6679224808739","114.0575228869466"]},{"index":2,"name":"col2","values":["-43.3211435092343","-6.610484985629","38.8804217081302","-23.82630933833472","41.6543073293115","2.6754408880279","-7.17023565456028","-20.2987673245883","-39.7549428380119","0.4538820831272","-7.892827035759","60.9128360609369","75.9470359819643","82.8710664626228","43.8630010660744","44.4185845561788","31.1151646057875","36.7426864540864","-20.6429099350692","-44.9576254023777"]}]},"context":{"page_title":null,"page_url":null,"page_entity_id":null,"content_hierarchy":[]},"links":[[[{"start":0,"end":6,"url":null,"entity_id":"Q66531926","candidates":[]}],[],[]],[[{"start":0,"end":6,"url":null,"entity_id":"Q66531925","candidates":[]}],[],[]],[[{"start":0,"end":6,"url":null,"entity_id":"Q66531923","candidates":[]}],[],[]],[[{"start":0,"end":6,"url":null,"entity_id":"Q66531921","candidates":[]}],[],[]],[[{"start":0,"end":6,"url":null,"entity_id":"Q66531920","candidates":[]}],[],[]],[[{"start":0,"end":6,"url":null,"entity_id":"Q66531919","candidates":[]}],[],[]],[[{"start":0,"end":6,"url":null,"entity_id":"Q66531917","candidates":[]}],[],[]],[[{"start":0,"end":6,"url":null,"entity_id":"Q66531915","candidates":[]}],[],[]],[[{"start":0,"end":6,"url":null,"entity_id":"Q66531914","candidates":[]}],[],[]],[[{"start":0,"end":9,"url":null,"entity_id":"Q66531911","candidates":[]}],[],[]],[[{"start":0,"end":6,"url":null,"entity_id":"Q66531910","candidates":[]}],[],[]],[[{"start":0,"end":6,"url":null,"entity_id":"Q66531909","candidates":[]}],[],[]],[[{"start":0,"end":6,"url":null,"entity_id":"Q66531907","candidates":[]}],[],[]],[[{"start":0,"end":8,"url":null,"entity_id":"Q66531905","candidates":[]}],[],[]],[[{"start":0,"end":8,"url":null,"entity_id":"Q66531903","candidates":[]}],[],[]],[[{"start":0,"end":9,"url":null,"entity_id":"Q66531902","candidates":[]}],[],[]],[[{"start":0,"end":6,"url":null,"entity_id":"Q66531066","candidates":[]}],[],[]],[[{"start":0,"end":8,"url":null,"entity_id":"Q66531065","candidates":[]}],[],[]],[[{"start":0,"end":9,"url":null,"entity_id":"Q66531064","candidates":[]}],[],[]],[[{"start":0,"end":8,"url":null,"entity_id":"Q66531063","candidates":[]}],[],[]]]}