{"version":"1.2","table":{"version":"2","table_id":"CE88I823","columns":[{"index":0,"name":"col0","values":["Spiekerog","Parque Ld Carolina","Maumfe#Bay State Park","Buen Retro park","ElHierro","La Orovava","Arona","Puertode la Cruz","Old\"Danube","Adeje","Vienna Wopds","Gran Caaria","San Cistóbal de La Laguna","Mddelburg","Granaga","Lünfburg","Viena","Brcelona","Haoburg","Istnbul"]},{"index":1,"name":"col1","values":["4.98","2746.2","176.88","671.304","1490.493","363.6","635.04","4.02","158.41299999999998","278.04","480.072","1963.824","541.371","3.0269999999999997","731.358","16.966","152.51","8.928","6.029999999999999","99.1"]},{"index":2,"name":"col2","values":["18.4325","64.448","1.3493600000000001","118.11799999999998","270.076","206.27345","82.11716000000001","8.677620000000001","1.6898","106.52999999999999","1002.9999999999999","1575.6","103.0806","53.209149999999994","88812179.99999999","70.5","416.85389999999995","100.9961","756.60018","5385.744"]}]},"context":{"page_title":null,"page_url":null,"page_entity_id":null,"content_hierarchy":[]},"links":[[[{"start":0,"end":9,"url":null,"entity_id":"Q17081554","candidates":[]}],[],[]],[[{"start":0,"end":18,"url":null,"entity_id":"Q9055813","candidates":[]}],[],[]],[[{"start":0,"end":21,"url":null,"entity_id":"Q6792485","candidates":[]}],[],[]],[[{"start":0,"end":15,"url":null,"entity_id":"Q1131807","candidates":[]}],[],[]],[[{"start":0,"end":8,"url":null,"entity_id":"Q1036287","candidates":[]}],[],[]],[[{"start":0,"end":10,"url":null,"entity_id":"Q920391","candidates":[]}],[],[]],[[{"start":0,"end":5,"url":null,"entity_id":"Q698246","candidates":[]}],[],[]],[[{"start":0,"end":16,"url":null,"entity_id":"Q623549","candidates":[]}],[],[]],[[{"start":0,"end":10,"url":null,"entity_id":"Q435520","candidates":[]}],[],[]],[[{"start":0,"end":5,"url":null,"entity_id":"Q353618","candidates":[]}],[],[]],[[{"start":0,"end":12,"url":null,"entity_id":"Q251246","candidates":[]}],[],[]],[[{"start":0,"end":11,"url":null,"entity_id":"Q178925","candidates":[]}],[],[]],[[{"start":0,"end":25,"url":null,"entity_id":"Q54898","candidates":[]}],[],[]],[[{"start":0,"end":9,"url":null,"entity_id":"Q52101","candidates":[]}],[],[]],[[{"start":0,"end":7,"url":null,"entity_id":"Q8810","candidates":[]}],[],[]],[[{"start":0,"end":8,"url":null,"entity_id":"Q3920","candidates":[]}],[],[]],[[{"start":0,"end":5,"url":null,"entity_id":"Q1741","candidates":[]}],[],[]],[[{"start":0,"end":8,"url":null,"entity_id":"Q1492","candidates":[]}],[],[]],[[{"start":0,"end":7,"url":null,"entity_id":"Q1055","candidates":[]}],[],[]],[[{"start":0,"end":7,"url":null,"entity_id":"Q406","candidates":[]}],[],[]]]}