{"version":"1.2","table":{"version":"2","table_id":"CEVH1OOW","columns":[{"index":0,"name":"col0","values":["Al Boraq","Rychlík vyšší kvality","ICE Sprinter","Interexpress","Hamburg-Köln-Express","TER Hauts-de-France","TER Grand Est","TER Normandie","Ouigo","TER Provence-Alpes-Côte-d'Azur","TER Pays de la Loire","TER Bretagne","TER Centre-Val de Loire","TGV Lyria","ÖBB Nightjet","IZY","Thalys","Avlo","Renfe AVE City","Euromed"]},{"index":1,"name":"col1","values":["Morocco","Czech Republic","Germany","Germany","Germany","France","France","France","France","France","France","France","France","France","Austria","Belgium","Belgium","Spain","Spain","Spain"]},{"index":2,"name":"col2","values":["2018-11-15","2014-01-01","1992-01-01","1986-01-01","2009-10-05","2017-08-28","2016-12-11","2016-01-01","2013-01-01","1986-01-01","1986-01-01","1986-01-01","1986-01-01","1993-05-23","2016-12-11","2016-01-01","1995-05-01","2019-12-11","2014-01-01","1997-06-16"]}]},"context":{"page_title":null,"page_url":null,"page_entity_id":null,"content_hierarchy":[]},"links":[[[{"start":0,"end":21,"url":null,"entity_id":"Q18915641","candidates":[]}],[{"start":0,"end":14,"url":null,"entity_id":"Q213","candidates":[]}],[]],[[{"start":0,"end":12,"url":null,"entity_id":"Q1313005","candidates":[]}],[{"start":0,"end":7,"url":null,"entity_id":"Q183","candidates":[]}],[]],[[{"start":0,"end":12,"url":null,"entity_id":"Q1097383","candidates":[]}],[{"start":0,"end":7,"url":null,"entity_id":"Q183","candidates":[]}],[]],[[{"start":0,"end":20,"url":null,"entity_id":"Q822867","candidates":[]}],[{"start":0,"end":7,"url":null,"entity_id":"Q183","candidates":[]}],[]],[[{"start":0,"end":19,"url":null,"entity_id":"Q38223166","candidates":[]}],[{"start":0,"end":6,"url":null,"entity_id":"Q142","candidates":[]}],[]],[[{"start":0,"end":13,"url":null,"entity_id":"Q37800073","candidates":[]}],[{"start":0,"end":6,"url":null,"entity_id":"Q142","candidates":[]}],[]],[[{"start":0,"end":13,"url":null,"entity_id":"Q30740754","candidates":[]}],[{"start":0,"end":6,"url":null,"entity_id":"Q142","candidates":[]}],[]],[[{"start":0,"end":5,"url":null,"entity_id":"Q5102766","candidates":[]}],[{"start":0,"end":6,"url":null,"entity_id":"Q142","candidates":[]}],[]],[[{"start":0,"end":30,"url":null,"entity_id":"Q3512123","candidates":[]}],[{"start":0,"end":6,"url":null,"entity_id":"Q142","candidates":[]}],[]],[[{"start":0,"end":20,"url":null,"entity_id":"Q3512113","candidates":[]}],[{"start":0,"end":6,"url":null,"entity_id":"Q142","candidates":[]}],[]],[[{"start":0,"end":12,"url":null,"entity_id":"Q975369","candidates":[]}],[{"start":0,"end":6,"url":null,"entity_id":"Q142","candidates":[]}],[]],[[{"start":0,"end":23,"url":null,"entity_id":"Q912775","candidates":[]}],[{"start":0,"end":6,"url":null,"entity_id":"Q142","candidates":[]}],[]],[[{"start":0,"end":9,"url":null,"entity_id":"Q675756","candidates":[]}],[{"start":0,"end":6,"url":null,"entity_id":"Q142","candidates":[]}],[]],[[{"start":0,"end":12,"url":null,"entity_id":"Q28127371","candidates":[]}],[{"start":0,"end":7,"url":null,"entity_id":"Q40","candidates":[]}],[]],[[{"start":0,"end":3,"url":null,"entity_id":"Q22993132","candidates":[]}],[{"start":0,"end":7,"url":null,"entity_id":"Q31","candidates":[]}],[]],[[{"start":0,"end":6,"url":null,"entity_id":"Q466985","candidates":[]}],[{"start":0,"end":7,"url":null,"entity_id":"Q31","candidates":[]}],[]],[[{"start":0,"end":4,"url":null,"entity_id":"Q78223924","candidates":[]}],[{"start":0,"end":5,"url":null,"entity_id":"Q29","candidates":[]}],[]],[[{"start":0,"end":14,"url":null,"entity_id":"Q21480459","candidates":[]}],[{"start":0,"end":5,"url":null,"entity_id":"Q29","candidates":[]}],[]],[[{"start":0,"end":7,"url":null,"entity_id":"Q992790","candidates":[]}],[{"start":0,"end":5,"url":null,"entity_id":"Q29","candidates":[]}],[]],[[{"start":0,"end":8,"url":null,"entity_id":"Q60539878","candidates":[]}],[{"start":0,"end":7,"url":null,"entity_id":"Q1028","candidates":[]}],[]]]}