{"version":"1.2","table":{"version":"2","table_id":"CF9I7MWD","columns":[{"index":0,"name":"col0","values":["2006 China Open Badminton Championships","2005 China Open Badminton Championships","2004 China Open Badminton Championships","2003 China Open Badminton Championships","2002 China Open Badminton Championships","2007 China Open Super Series","1994 China Open Badminton Championships","2017 China Open Badminton Championships","2016 China Open Super Series Premier","2015 China Open Super Series Premier","2014 China Open Super Series Premier","1986 China Open Badminton Championships","1996 China Open Badminton Championships","2019 China Open Badminton Championships","2018 China Open Badminton Championships","2001 China Open Badminton Championships","1991 China Open Badminton Championships","1989 China Open Badminton Championships","1995 China Open Badminton Championships","1987 China Open Badminton Championships"]},{"index":1,"name":"col1","values":["Tianhe District","Tianhe District","Tianhe District","Tianhe District","Tianhe District","Tianhe District","Dalian","Fuzhou","Fuzhou","Fuzhou","Fuzhou","Fuzhou","Dongguan","Changzhou","Changzhou","Ningbo","Foshan","Foshan","Chengdu","Nanjing"]},{"index":2,"name":"col2","values":["2006-01-01","2005-01-01","2004-01-01","2003-01-01","2002-01-01","2007-01-01","1994-01-01","2017-01-01","2016-01-01","2015-01-01","2014-01-01","1986-01-01","1996-01-01","2019-01-01","2018-01-01","2001-01-01","1991-01-01","1989-01-01","1995-01-01","1987-01-01"]}]},"context":{"page_title":null,"page_url":null,"page_entity_id":null,"content_hierarchy":[]},"links":[[[{"start":0,"end":39,"url":null,"entity_id":"Q1073382","candidates":[]}],[{"start":0,"end":15,"url":null,"entity_id":"Q917049","candidates":[]}],[]],[[{"start":0,"end":39,"url":null,"entity_id":"Q1073381","candidates":[]}],[{"start":0,"end":15,"url":null,"entity_id":"Q917049","candidates":[]}],[]],[[{"start":0,"end":39,"url":null,"entity_id":"Q1073377","candidates":[]}],[{"start":0,"end":15,"url":null,"entity_id":"Q917049","candidates":[]}],[]],[[{"start":0,"end":39,"url":null,"entity_id":"Q1073376","candidates":[]}],[{"start":0,"end":15,"url":null,"entity_id":"Q917049","candidates":[]}],[]],[[{"start":0,"end":28,"url":null,"entity_id":"Q568542","candidates":[]}],[{"start":0,"end":15,"url":null,"entity_id":"Q917049","candidates":[]}],[]],[[{"start":0,"end":39,"url":null,"entity_id":"Q1073364","candidates":[]}],[{"start":0,"end":6,"url":null,"entity_id":"Q74881","candidates":[]}],[]],[[{"start":0,"end":39,"url":null,"entity_id":"Q42307550","candidates":[]}],[{"start":0,"end":6,"url":null,"entity_id":"Q68481","candidates":[]}],[]],[[{"start":0,"end":36,"url":null,"entity_id":"Q24706126","candidates":[]}],[{"start":0,"end":6,"url":null,"entity_id":"Q68481","candidates":[]}],[]],[[{"start":0,"end":36,"url":null,"entity_id":"Q20966431","candidates":[]}],[{"start":0,"end":6,"url":null,"entity_id":"Q68481","candidates":[]}],[]],[[{"start":0,"end":36,"url":null,"entity_id":"Q18364318","candidates":[]}],[{"start":0,"end":6,"url":null,"entity_id":"Q68481","candidates":[]}],[]],[[{"start":0,"end":39,"url":null,"entity_id":"Q1073350","candidates":[]}],[{"start":0,"end":6,"url":null,"entity_id":"Q68481","candidates":[]}],[]],[[{"start":0,"end":39,"url":null,"entity_id":"Q1073374","candidates":[]}],[{"start":0,"end":8,"url":null,"entity_id":"Q59218","candidates":[]}],[]],[[{"start":0,"end":39,"url":null,"entity_id":"Q65102754","candidates":[]}],[{"start":0,"end":9,"url":null,"entity_id":"Q57970","candidates":[]}],[]],[[{"start":0,"end":39,"url":null,"entity_id":"Q56197367","candidates":[]}],[{"start":0,"end":9,"url":null,"entity_id":"Q57970","candidates":[]}],[]],[[{"start":0,"end":39,"url":null,"entity_id":"Q1073373","candidates":[]}],[{"start":0,"end":6,"url":null,"entity_id":"Q42780","candidates":[]}],[]],[[{"start":0,"end":39,"url":null,"entity_id":"Q1073359","candidates":[]}],[{"start":0,"end":6,"url":null,"entity_id":"Q34412","candidates":[]}],[]],[[{"start":0,"end":39,"url":null,"entity_id":"Q1073352","candidates":[]}],[{"start":0,"end":6,"url":null,"entity_id":"Q34412","candidates":[]}],[]],[[{"start":0,"end":39,"url":null,"entity_id":"Q1073363","candidates":[]}],[{"start":0,"end":7,"url":null,"entity_id":"Q30002","candidates":[]}],[]],[[{"start":0,"end":39,"url":null,"entity_id":"Q1073351","candidates":[]}],[{"start":0,"end":7,"url":null,"entity_id":"Q16666","candidates":[]}],[]],[[{"start":0,"end":39,"url":null,"entity_id":"Q1073386","candidates":[]}],[{"start":0,"end":15,"url":null,"entity_id":"Q917049","candidates":[]}],[]]]}