{"version":"1.2","table":{"version":"2","table_id":"CFR57WIA","columns":[{"index":0,"name":"col0","values":["Bogen railway bridge","Deutschherrn bridge","Nijmegen railway bridge","Elbebrücke Hämerten","Delair Bridge","Cathedral Bridge","Blue Water Bridge","Salzachbrücke","Strassenbrücke Waldshut–Koblenz","Short Line Bridge","Kirchenfeldbrücke","Humboldthafen Bridge","Sault Ste. Marie International Bridge","Honeymoon Bridge","Hochdonn High Bridge","Richmond Railway Bridge","Sauer Valley Bridge","Kattwykbrücke","Rhine Bridge, Germersheim (railway)","Griethausener Eisenbahnbrücke"]},{"index":1,"name":"col1","values":["Germany","Germany","Netherlands","Germany","United States of America","Germany","Canada","Austria","Switzerland","United States of America","Switzerland","Germany","Canada","Canada","Germany","United Kingdom","Luxembourg","Germany","Germany","Germany"]},{"index":2,"name":"col2","values":["Bahnstrecke Miltach-Straubing","Frankfurt-Hanau Railway","Arnhem–Nijmegen railway","Hanover–Berlin high-speed railway","New Jersey Transit","Deutz–Gießen railway","Canada–United States border","Austria–Germany border","Germany–Switzerland border","Minnesota Commercial Railway","list of cultural properties in Bern Kirchenfeld-Schosshalde","Berlin Stadtbahn","Canada–United States border","Canada–United States border","Marsh Railway","Waterloo to Reading railway line","Germany–Luxembourg border","bridges over the Elbe in Hamburg","Bruhrain Railway","Spyck–Welle train ferry"]}]},"context":{"page_title":null,"page_url":null,"page_entity_id":null,"content_hierarchy":[]},"links":[[[{"start":0,"end":19,"url":null,"entity_id":"Q958287","candidates":[]}],[{"start":0,"end":7,"url":null,"entity_id":"Q183","candidates":[]}],[{"start":0,"end":23,"url":null,"entity_id":"Q802290","candidates":[]}]],[[{"start":0,"end":23,"url":null,"entity_id":"Q1311533","candidates":[]}],[{"start":0,"end":11,"url":null,"entity_id":"Q55","candidates":[]}],[{"start":0,"end":23,"url":null,"entity_id":"Q801856","candidates":[]}]],[[{"start":0,"end":19,"url":null,"entity_id":"Q1325136","candidates":[]}],[{"start":0,"end":7,"url":null,"entity_id":"Q183","candidates":[]}],[{"start":0,"end":33,"url":null,"entity_id":"Q570809","candidates":[]}]],[[{"start":0,"end":13,"url":null,"entity_id":"Q1183845","candidates":[]}],[{"start":0,"end":24,"url":null,"entity_id":"Q30","candidates":[]}],[{"start":0,"end":18,"url":null,"entity_id":"Q498553","candidates":[]}]],[[{"start":0,"end":16,"url":null,"entity_id":"Q1236965","candidates":[]}],[{"start":0,"end":7,"url":null,"entity_id":"Q183","candidates":[]}],[{"start":0,"end":20,"url":null,"entity_id":"Q129749","candidates":[]}]],[[{"start":0,"end":17,"url":null,"entity_id":"Q885931","candidates":[]}],[{"start":0,"end":6,"url":null,"entity_id":"Q16","candidates":[]}],[{"start":0,"end":27,"url":null,"entity_id":"Q119515","candidates":[]}]],[[{"start":0,"end":13,"url":null,"entity_id":"Q1493768","candidates":[]}],[{"start":0,"end":7,"url":null,"entity_id":"Q40","candidates":[]}],[{"start":0,"end":22,"url":null,"entity_id":"Q1991986","candidates":[]}]],[[{"start":0,"end":31,"url":null,"entity_id":"Q1516887","candidates":[]}],[{"start":0,"end":11,"url":null,"entity_id":"Q39","candidates":[]}],[{"start":0,"end":26,"url":null,"entity_id":"Q1991810","candidates":[]}]],[[{"start":0,"end":17,"url":null,"entity_id":"Q1438750","candidates":[]}],[{"start":0,"end":24,"url":null,"entity_id":"Q30","candidates":[]}],[{"start":0,"end":28,"url":null,"entity_id":"Q1937339","candidates":[]}]],[[{"start":0,"end":17,"url":null,"entity_id":"Q1743111","candidates":[]}],[{"start":0,"end":11,"url":null,"entity_id":"Q39","candidates":[]}],[{"start":0,"end":59,"url":null,"entity_id":"Q1845558","candidates":[]}]],[[{"start":0,"end":20,"url":null,"entity_id":"Q1481142","candidates":[]}],[{"start":0,"end":7,"url":null,"entity_id":"Q183","candidates":[]}],[{"start":0,"end":16,"url":null,"entity_id":"Q694223","candidates":[]}]],[[{"start":0,"end":37,"url":null,"entity_id":"Q1596245","candidates":[]}],[{"start":0,"end":6,"url":null,"entity_id":"Q16","candidates":[]}],[{"start":0,"end":27,"url":null,"entity_id":"Q119515","candidates":[]}]],[[{"start":0,"end":16,"url":null,"entity_id":"Q1547700","candidates":[]}],[{"start":0,"end":6,"url":null,"entity_id":"Q16","candidates":[]}],[{"start":0,"end":27,"url":null,"entity_id":"Q119515","candidates":[]}]],[[{"start":0,"end":20,"url":null,"entity_id":"Q1621705","candidates":[]}],[{"start":0,"end":7,"url":null,"entity_id":"Q183","candidates":[]}],[{"start":0,"end":13,"url":null,"entity_id":"Q20661","candidates":[]}]],[[{"start":0,"end":23,"url":null,"entity_id":"Q2151220","candidates":[]}],[{"start":0,"end":14,"url":null,"entity_id":"Q145","candidates":[]}],[{"start":0,"end":32,"url":null,"entity_id":"Q6265162","candidates":[]}]],[[{"start":0,"end":19,"url":null,"entity_id":"Q2227316","candidates":[]}],[{"start":0,"end":10,"url":null,"entity_id":"Q32","candidates":[]}],[{"start":0,"end":25,"url":null,"entity_id":"Q3088708","candidates":[]}]],[[{"start":0,"end":13,"url":null,"entity_id":"Q14552136","candidates":[]}],[{"start":0,"end":7,"url":null,"entity_id":"Q183","candidates":[]}],[{"start":0,"end":32,"url":null,"entity_id":"Q1572999","candidates":[]}]],[[{"start":0,"end":35,"url":null,"entity_id":"Q2147593","candidates":[]}],[{"start":0,"end":7,"url":null,"entity_id":"Q183","candidates":[]}],[{"start":0,"end":16,"url":null,"entity_id":"Q992338","candidates":[]}]],[[{"start":0,"end":29,"url":null,"entity_id":"Q14523639","candidates":[]}],[{"start":0,"end":7,"url":null,"entity_id":"Q183","candidates":[]}],[{"start":0,"end":23,"url":null,"entity_id":"Q120123","candidates":[]}]],[[{"start":0,"end":20,"url":null,"entity_id":"Q1295350","candidates":[]}],[{"start":0,"end":7,"url":null,"entity_id":"Q183","candidates":[]}],[{"start":0,"end":29,"url":null,"entity_id":"Q803276","candidates":[]}]]]}