{"version":"1.2","table":{"version":"2","table_id":"CG5MFU4Q","columns":[{"index":0,"name":"col0","values":["USS Clemson","USS Wickes","USS Caldwell","USS Sampson","USS Tucker","USS Cassin","USS Aylwin","USS Paulding","USS O'Brien (DD-51)","USS Farragut","USS Smith (DD-17)","HMS Swale","HSwMS Wrangel","JS Yūgiri","JS Shirane","USS Gearing","HMS Gipsy","HMS Conflict","HMCS Restigouche","HMCS Margaree"]},{"index":1,"name":"col1","values":["Clemson","Wickes","Caldwell","Sampson","Tucker","Cassin","Aylwin","Paulding","O'Brien","Farragut","Smith","Swale","Wrangel","Yūgiri","Shirane","Gearing","Gipsy","Conflict","Restigouche","Margaree"]},{"index":2,"name":"col2","values":["United States of America","United States of America","United States of America","United States of America","United States of America","United States of America","United States of America","United States of America","United States of America","United States of America","United States of America","United Kingdom","Sweden","Japan","Japan","United States of America","United Kingdom","United Kingdom","Canada","Canada"]}]},"context":{"page_title":null,"page_url":null,"page_entity_id":null,"content_hierarchy":[]},"links":[[[{"start":0,"end":11,"url":null,"entity_id":"Q4386686","candidates":[]}],[],[{"start":0,"end":24,"url":null,"entity_id":"Q30","candidates":[]}]],[[{"start":0,"end":10,"url":null,"entity_id":"Q4358483","candidates":[]}],[],[{"start":0,"end":24,"url":null,"entity_id":"Q30","candidates":[]}]],[[{"start":0,"end":12,"url":null,"entity_id":"Q4301093","candidates":[]}],[],[{"start":0,"end":24,"url":null,"entity_id":"Q30","candidates":[]}]],[[{"start":0,"end":11,"url":null,"entity_id":"Q4300728","candidates":[]}],[],[{"start":0,"end":24,"url":null,"entity_id":"Q30","candidates":[]}]],[[{"start":0,"end":10,"url":null,"entity_id":"Q4291176","candidates":[]}],[],[{"start":0,"end":24,"url":null,"entity_id":"Q30","candidates":[]}]],[[{"start":0,"end":10,"url":null,"entity_id":"Q4290731","candidates":[]}],[],[{"start":0,"end":24,"url":null,"entity_id":"Q30","candidates":[]}]],[[{"start":0,"end":10,"url":null,"entity_id":"Q4290724","candidates":[]}],[],[{"start":0,"end":24,"url":null,"entity_id":"Q30","candidates":[]}]],[[{"start":0,"end":12,"url":null,"entity_id":"Q4273218","candidates":[]}],[],[{"start":0,"end":24,"url":null,"entity_id":"Q30","candidates":[]}]],[[{"start":0,"end":19,"url":null,"entity_id":"Q4206524","candidates":[]}],[],[{"start":0,"end":24,"url":null,"entity_id":"Q30","candidates":[]}]],[[{"start":0,"end":12,"url":null,"entity_id":"Q4052218","candidates":[]}],[],[{"start":0,"end":24,"url":null,"entity_id":"Q30","candidates":[]}]],[[{"start":0,"end":17,"url":null,"entity_id":"Q3544580","candidates":[]}],[],[{"start":0,"end":24,"url":null,"entity_id":"Q30","candidates":[]}]],[[{"start":0,"end":9,"url":null,"entity_id":"Q16222939","candidates":[]}],[],[{"start":0,"end":14,"url":null,"entity_id":"Q145","candidates":[]}]],[[{"start":0,"end":13,"url":null,"entity_id":"Q10515272","candidates":[]}],[],[{"start":0,"end":6,"url":null,"entity_id":"Q34","candidates":[]}]],[[{"start":0,"end":9,"url":null,"entity_id":"Q11280648","candidates":[]}],[],[{"start":0,"end":5,"url":null,"entity_id":"Q17","candidates":[]}]],[[{"start":0,"end":10,"url":null,"entity_id":"Q11269215","candidates":[]}],[],[{"start":0,"end":5,"url":null,"entity_id":"Q17","candidates":[]}]],[[{"start":0,"end":11,"url":null,"entity_id":"Q7869595","candidates":[]}],[],[{"start":0,"end":24,"url":null,"entity_id":"Q30","candidates":[]}]],[[{"start":0,"end":9,"url":null,"entity_id":"Q5632563","candidates":[]}],[],[{"start":0,"end":14,"url":null,"entity_id":"Q145","candidates":[]}]],[[{"start":0,"end":12,"url":null,"entity_id":"Q5631940","candidates":[]}],[],[{"start":0,"end":14,"url":null,"entity_id":"Q145","candidates":[]}]],[[{"start":0,"end":16,"url":null,"entity_id":"Q5630900","candidates":[]}],[],[{"start":0,"end":6,"url":null,"entity_id":"Q16","candidates":[]}]],[[{"start":0,"end":13,"url":null,"entity_id":"Q5630845","candidates":[]}],[],[{"start":0,"end":6,"url":null,"entity_id":"Q16","candidates":[]}]]]}