{"version":"1.2","table":{"version":"2","table_id":"CH7U0ACB","columns":[{"index":0,"name":"col0","values":["Lotus Seven","Mitsubishi 500","Maico 500 Sport","Daihatsu Leeza","Daihatsu Consorte","DAF 600","DAF 33","Porsche 550","Triumph Mayflower","Nissan Saurus Jr.","Renault 4CV","BMW 700","BMW 3/20","Austin Champ","Autobianchi Y10","Fiat 12 HP","Autobianchi A112","Daihatsu Feroza","Riley One-Point-Five","Maserati 150 GT"]},{"index":1,"name":"col1","values":["1549","1390","1520","1395","1450","1440","1440","1610","1575","1440","1430","1480","1420","1650","1510","1630","1480","1580","1537","1480"]},{"index":2,"name":"col2","values":["750","460","550","640","670","600","665","550","889","400","600","640","650","1660","780","1220","670","1180","940","900"]},{"index":3,"name":"col3","values":["2184","2060","2070","2130","2160","2050","2050","2100","2134","2100","2100","2120","2150","2032","2159","2140","2038","2175","2184","2230"]},{"index":4,"name":"col4","values":["940","1372","1250","1335","1380","1440","1380","980","1524","1090","1470","1360","1550","1870","1420","1650","1360","1720","1500","1204"]}]},"context":{"page_title":null,"page_url":null,"page_entity_id":null,"content_hierarchy":[]},"links":[[[{"start":0,"end":14,"url":null,"entity_id":"Q1418208","candidates":[]}],[],[],[],[]],[[{"start":0,"end":15,"url":null,"entity_id":"Q1415222","candidates":[]}],[],[],[],[]],[[{"start":0,"end":14,"url":null,"entity_id":"Q1157568","candidates":[]}],[],[],[],[]],[[{"start":0,"end":17,"url":null,"entity_id":"Q1157558","candidates":[]}],[],[],[],[]],[[{"start":0,"end":7,"url":null,"entity_id":"Q1151620","candidates":[]}],[],[],[],[]],[[{"start":0,"end":6,"url":null,"entity_id":"Q1151607","candidates":[]}],[],[],[],[]],[[{"start":0,"end":11,"url":null,"entity_id":"Q1134282","candidates":[]}],[],[],[],[]],[[{"start":0,"end":17,"url":null,"entity_id":"Q1029670","candidates":[]}],[],[],[],[]],[[{"start":0,"end":17,"url":null,"entity_id":"Q925952","candidates":[]}],[],[],[],[]],[[{"start":0,"end":11,"url":null,"entity_id":"Q917677","candidates":[]}],[],[],[],[]],[[{"start":0,"end":7,"url":null,"entity_id":"Q796417","candidates":[]}],[],[],[],[]],[[{"start":0,"end":8,"url":null,"entity_id":"Q796381","candidates":[]}],[],[],[],[]],[[{"start":0,"end":12,"url":null,"entity_id":"Q781051","candidates":[]}],[],[],[],[]],[[{"start":0,"end":15,"url":null,"entity_id":"Q729322","candidates":[]}],[],[],[],[]],[[{"start":0,"end":10,"url":null,"entity_id":"Q615915","candidates":[]}],[],[],[],[]],[[{"start":0,"end":16,"url":null,"entity_id":"Q569210","candidates":[]}],[],[],[],[]],[[{"start":0,"end":15,"url":null,"entity_id":"Q262713","candidates":[]}],[],[],[],[]],[[{"start":0,"end":20,"url":null,"entity_id":"Q80270","candidates":[]}],[],[],[],[]],[[{"start":0,"end":15,"url":null,"entity_id":"Q85784137","candidates":[]}],[],[],[],[]],[[{"start":0,"end":11,"url":null,"entity_id":"Q1424429","candidates":[]}],[],[],[],[]]]}