{"version":"1.2","table":{"version":"2","table_id":"CI0575ML","columns":[{"index":0,"name":"col0","values":["Aemiwa","Eattleship Potemkin","Strie","Anna oleyn","The Oyster Princss","Perple on Sunday","Nosfertu","Asphant","Th Last Laugh","The Blaekguard","The Noqse","The!Birth of a Nation","Tarzan of the Aps","The Quen of Sheba","Smiling rish Eyes","Seenth Heaven","Sunrise: A Son of Two Humans","Orphans of th Storm","The old Rush","The M{sterious Lady"]},{"index":1,"name":"col1","values":["Aleksey Nikolayevich Tolstoy","Sergei Eisenstein","Sergei Eisenstein","Norbert Falk","Ernst Lubitsch","Billy Wilder","Henrik Galeen","Joe May","Carl Mayer","Alfred Hitchcock","Garrett Graham","D. W. Griffith","Lois Weber","J. Gordon Edwards","Thomas J. Geraghty","Benjamin Glazer","Hermann Sudermann","D. W. Griffith","Charlie Chaplin","Bess Meredyth"]},{"index":2,"name":"col2","values":["Mezhrabpom-Rus","Mosfilm","Mosfilm","PAGU","PAGU","Babelsberg Studio","Prana Film","Universum Film AG","Universum Film AG","Universum Film AG","First National","David W. Griffith Corp.","Centaur Film Company","Fox Film Corporation","First National","20th Century Studios","20th Century Studios","United Artists Corporation","United Artists Corporation","Metro-Goldwyn-Mayer"]},{"index":3,"name":"col3","values":["Russian","Russian","Russian","German","German","German","German","German","German","English","silent film","English","English","English","English","English","English","English","English","English"]},{"index":4,"name":"col4","values":["Soviet Union","Soviet Union","Soviet Union","Germany","Germany","Germany","Germany","Germany","Germany","United Kingdom","United States of America","United States of America","United States of America","United States of America","United States of America","United States of America","United States of America","United States of America","United States of America","United States of America"]}]},"context":{"page_title":null,"page_url":null,"page_entity_id":null,"content_hierarchy":[]},"links":[[[{"start":0,"end":19,"url":null,"entity_id":"Q152350","candidates":[]}],[{"start":0,"end":17,"url":null,"entity_id":"Q8003","candidates":[]}],[{"start":0,"end":7,"url":null,"entity_id":"Q141336","candidates":[]}],[{"start":0,"end":7,"url":null,"entity_id":"Q7737","candidates":[]}],[{"start":0,"end":12,"url":null,"entity_id":"Q15180","candidates":[]}]],[[{"start":0,"end":5,"url":null,"entity_id":"Q151177","candidates":[]}],[{"start":0,"end":17,"url":null,"entity_id":"Q8003","candidates":[]}],[{"start":0,"end":7,"url":null,"entity_id":"Q141336","candidates":[]}],[{"start":0,"end":7,"url":null,"entity_id":"Q7737","candidates":[]}],[{"start":0,"end":12,"url":null,"entity_id":"Q15180","candidates":[]}]],[[{"start":0,"end":10,"url":null,"entity_id":"Q152427","candidates":[]}],[{"start":0,"end":12,"url":null,"entity_id":"Q88157","candidates":[]}],[{"start":0,"end":4,"url":null,"entity_id":"Q7118104","candidates":[]}],[{"start":0,"end":6,"url":null,"entity_id":"Q188","candidates":[]}],[{"start":0,"end":7,"url":null,"entity_id":"Q183","candidates":[]}]],[[{"start":0,"end":18,"url":null,"entity_id":"Q329559","candidates":[]}],[{"start":0,"end":14,"url":null,"entity_id":"Q51562","candidates":[]}],[{"start":0,"end":4,"url":null,"entity_id":"Q7118104","candidates":[]}],[{"start":0,"end":6,"url":null,"entity_id":"Q188","candidates":[]}],[{"start":0,"end":7,"url":null,"entity_id":"Q183","candidates":[]}]],[[{"start":0,"end":16,"url":null,"entity_id":"Q315896","candidates":[]}],[{"start":0,"end":12,"url":null,"entity_id":"Q51547","candidates":[]}],[{"start":0,"end":17,"url":null,"entity_id":"Q705676","candidates":[]}],[{"start":0,"end":6,"url":null,"entity_id":"Q188","candidates":[]}],[{"start":0,"end":7,"url":null,"entity_id":"Q183","candidates":[]}]],[[{"start":0,"end":8,"url":null,"entity_id":"Q151895","candidates":[]}],[{"start":0,"end":13,"url":null,"entity_id":"Q97411","candidates":[]}],[{"start":0,"end":10,"url":null,"entity_id":"Q540172","candidates":[]}],[{"start":0,"end":6,"url":null,"entity_id":"Q188","candidates":[]}],[{"start":0,"end":7,"url":null,"entity_id":"Q183","candidates":[]}]],[[{"start":0,"end":7,"url":null,"entity_id":"Q386620","candidates":[]}],[{"start":0,"end":7,"url":null,"entity_id":"Q85134","candidates":[]}],[{"start":0,"end":17,"url":null,"entity_id":"Q41468","candidates":[]}],[{"start":0,"end":6,"url":null,"entity_id":"Q188","candidates":[]}],[{"start":0,"end":7,"url":null,"entity_id":"Q183","candidates":[]}]],[[{"start":0,"end":13,"url":null,"entity_id":"Q258830","candidates":[]}],[{"start":0,"end":10,"url":null,"entity_id":"Q78758","candidates":[]}],[{"start":0,"end":17,"url":null,"entity_id":"Q41468","candidates":[]}],[{"start":0,"end":6,"url":null,"entity_id":"Q188","candidates":[]}],[{"start":0,"end":7,"url":null,"entity_id":"Q183","candidates":[]}]],[[{"start":0,"end":14,"url":null,"entity_id":"Q320226","candidates":[]}],[{"start":0,"end":16,"url":null,"entity_id":"Q7374","candidates":[]}],[{"start":0,"end":17,"url":null,"entity_id":"Q41468","candidates":[]}],[{"start":0,"end":7,"url":null,"entity_id":"Q1860","candidates":[]}],[{"start":0,"end":14,"url":null,"entity_id":"Q145","candidates":[]}]],[[{"start":0,"end":9,"url":null,"entity_id":"Q252625","candidates":[]}],[{"start":0,"end":14,"url":null,"entity_id":"Q278246","candidates":[]}],[{"start":0,"end":14,"url":null,"entity_id":"Q1188369","candidates":[]}],[{"start":0,"end":11,"url":null,"entity_id":"Q226730","candidates":[]}],[{"start":0,"end":24,"url":null,"entity_id":"Q30","candidates":[]}]],[[{"start":0,"end":21,"url":null,"entity_id":"Q220394","candidates":[]}],[{"start":0,"end":14,"url":null,"entity_id":"Q51123","candidates":[]}],[{"start":0,"end":23,"url":null,"entity_id":"Q64434913","candidates":[]}],[{"start":0,"end":7,"url":null,"entity_id":"Q1860","candidates":[]}],[{"start":0,"end":24,"url":null,"entity_id":"Q30","candidates":[]}]],[[{"start":0,"end":17,"url":null,"entity_id":"Q171415","candidates":[]}],[{"start":0,"end":10,"url":null,"entity_id":"Q462440","candidates":[]}],[{"start":0,"end":20,"url":null,"entity_id":"Q5059005","candidates":[]}],[{"start":0,"end":7,"url":null,"entity_id":"Q1860","candidates":[]}],[{"start":0,"end":24,"url":null,"entity_id":"Q30","candidates":[]}]],[[{"start":0,"end":17,"url":null,"entity_id":"Q133972","candidates":[]}],[{"start":0,"end":17,"url":null,"entity_id":"Q2709694","candidates":[]}],[{"start":0,"end":20,"url":null,"entity_id":"Q2644123","candidates":[]}],[{"start":0,"end":7,"url":null,"entity_id":"Q1860","candidates":[]}],[{"start":0,"end":24,"url":null,"entity_id":"Q30","candidates":[]}]],[[{"start":0,"end":17,"url":null,"entity_id":"Q286157","candidates":[]}],[{"start":0,"end":18,"url":null,"entity_id":"Q7791068","candidates":[]}],[{"start":0,"end":14,"url":null,"entity_id":"Q1188369","candidates":[]}],[{"start":0,"end":7,"url":null,"entity_id":"Q1860","candidates":[]}],[{"start":0,"end":24,"url":null,"entity_id":"Q30","candidates":[]}]],[[{"start":0,"end":13,"url":null,"entity_id":"Q368451","candidates":[]}],[{"start":0,"end":15,"url":null,"entity_id":"Q817511","candidates":[]}],[{"start":0,"end":20,"url":null,"entity_id":"Q434841","candidates":[]}],[{"start":0,"end":7,"url":null,"entity_id":"Q1860","candidates":[]}],[{"start":0,"end":24,"url":null,"entity_id":"Q30","candidates":[]}]],[[{"start":0,"end":28,"url":null,"entity_id":"Q431093","candidates":[]}],[{"start":0,"end":17,"url":null,"entity_id":"Q65448","candidates":[]}],[{"start":0,"end":20,"url":null,"entity_id":"Q434841","candidates":[]}],[{"start":0,"end":7,"url":null,"entity_id":"Q1860","candidates":[]}],[{"start":0,"end":24,"url":null,"entity_id":"Q30","candidates":[]}]],[[{"start":0,"end":19,"url":null,"entity_id":"Q232133","candidates":[]}],[{"start":0,"end":14,"url":null,"entity_id":"Q51123","candidates":[]}],[{"start":0,"end":26,"url":null,"entity_id":"Q219400","candidates":[]}],[{"start":0,"end":7,"url":null,"entity_id":"Q1860","candidates":[]}],[{"start":0,"end":24,"url":null,"entity_id":"Q30","candidates":[]}]],[[{"start":0,"end":12,"url":null,"entity_id":"Q214723","candidates":[]}],[{"start":0,"end":15,"url":null,"entity_id":"Q882","candidates":[]}],[{"start":0,"end":26,"url":null,"entity_id":"Q219400","candidates":[]}],[{"start":0,"end":7,"url":null,"entity_id":"Q1860","candidates":[]}],[{"start":0,"end":24,"url":null,"entity_id":"Q30","candidates":[]}]],[[{"start":0,"end":19,"url":null,"entity_id":"Q384044","candidates":[]}],[{"start":0,"end":13,"url":null,"entity_id":"Q458801","candidates":[]}],[{"start":0,"end":19,"url":null,"entity_id":"Q179200","candidates":[]}],[{"start":0,"end":7,"url":null,"entity_id":"Q1860","candidates":[]}],[{"start":0,"end":24,"url":null,"entity_id":"Q30","candidates":[]}]],[[{"start":0,"end":6,"url":null,"entity_id":"Q380803","candidates":[]}],[{"start":0,"end":28,"url":null,"entity_id":"Q192279","candidates":[]}],[{"start":0,"end":14,"url":null,"entity_id":"Q4288857","candidates":[]}],[{"start":0,"end":7,"url":null,"entity_id":"Q7737","candidates":[]}],[{"start":0,"end":12,"url":null,"entity_id":"Q15180","candidates":[]}]]]}