{"version":"1.2","table":{"version":"2","table_id":"CIB34WE1","columns":[{"index":0,"name":"col0","values":["Lokalbahn Mixnitz–Sankt Erhard","Mindener Kreisbahnen","Bröltalbahn","Oresundtrain","Louisville and Nashville Railroad","Emden-Pewsum-Greetsiel Light Railway","New York Central Railroad","Elipsos","GO Transit","Welsh Highland Railway","Superga Rack Railway","Berliner Verkehrsbetriebe","Seaboard Coast Line Railroad","Seaboard Air Line Railroad","Metro de Mirandela","Bremgarten–Dietikon railway line (S17)","Hereford, Ross and Gloucester Railway","Herkulesbahn","Società Subalpina Imprese Ferroviarie","Trams in Magdeburg"]},{"index":1,"name":"col1","values":["Austria","Germany","Germany","Denmark","United States of America","Germany","United States of America","Spain","Canada","United Kingdom","Italy","Germany","United States of America","United States of America","Portugal","Switzerland","United Kingdom","Germany","Italy","Germany"]},{"index":2,"name":"col2","values":["760 mm track gauge","1000 mm track gauge","785 mm track gauge","1435 mm track gauge","1435 mm track gauge","1000 mm track gauge","1435 mm track gauge","1435 mm track gauge","1435 mm track gauge","1-foot 11½-inch track gauge","1445 mm track gauge","1435 mm track gauge","1435 mm track gauge","1435 mm track gauge","1000 mm track gauge","1000 mm track gauge","1435 mm track gauge","1000 mm track gauge","1000 mm track gauge","1435 mm track gauge"]}]},"context":{"page_title":null,"page_url":null,"page_entity_id":null,"content_hierarchy":[]},"links":[[[{"start":0,"end":30,"url":null,"entity_id":"Q1868436","candidates":[]}],[{"start":0,"end":7,"url":null,"entity_id":"Q40","candidates":[]}],[{"start":0,"end":18,"url":null,"entity_id":"Q682656","candidates":[]}]],[[{"start":0,"end":20,"url":null,"entity_id":"Q1936388","candidates":[]}],[{"start":0,"end":7,"url":null,"entity_id":"Q183","candidates":[]}],[{"start":0,"end":19,"url":null,"entity_id":"Q24609","candidates":[]}]],[[{"start":0,"end":11,"url":null,"entity_id":"Q995750","candidates":[]}],[{"start":0,"end":7,"url":null,"entity_id":"Q183","candidates":[]}],[{"start":0,"end":18,"url":null,"entity_id":"Q25338409","candidates":[]}]],[[{"start":0,"end":12,"url":null,"entity_id":"Q903625","candidates":[]}],[{"start":0,"end":7,"url":null,"entity_id":"Q35","candidates":[]}],[{"start":0,"end":19,"url":null,"entity_id":"Q1999572","candidates":[]}]],[[{"start":0,"end":33,"url":null,"entity_id":"Q918747","candidates":[]}],[{"start":0,"end":24,"url":null,"entity_id":"Q30","candidates":[]}],[{"start":0,"end":19,"url":null,"entity_id":"Q1999572","candidates":[]}]],[[{"start":0,"end":36,"url":null,"entity_id":"Q878012","candidates":[]}],[{"start":0,"end":7,"url":null,"entity_id":"Q183","candidates":[]}],[{"start":0,"end":19,"url":null,"entity_id":"Q24609","candidates":[]}]],[[{"start":0,"end":25,"url":null,"entity_id":"Q1371464","candidates":[]}],[{"start":0,"end":24,"url":null,"entity_id":"Q30","candidates":[]}],[{"start":0,"end":19,"url":null,"entity_id":"Q1999572","candidates":[]}]],[[{"start":0,"end":7,"url":null,"entity_id":"Q1329630","candidates":[]}],[{"start":0,"end":5,"url":null,"entity_id":"Q29","candidates":[]}],[{"start":0,"end":19,"url":null,"entity_id":"Q1999572","candidates":[]}]],[[{"start":0,"end":10,"url":null,"entity_id":"Q1357727","candidates":[]}],[{"start":0,"end":6,"url":null,"entity_id":"Q16","candidates":[]}],[{"start":0,"end":19,"url":null,"entity_id":"Q1999572","candidates":[]}]],[[{"start":0,"end":22,"url":null,"entity_id":"Q286634","candidates":[]}],[{"start":0,"end":14,"url":null,"entity_id":"Q145","candidates":[]}],[{"start":0,"end":27,"url":null,"entity_id":"Q52330131","candidates":[]}]],[[{"start":0,"end":20,"url":null,"entity_id":"Q143855","candidates":[]}],[{"start":0,"end":5,"url":null,"entity_id":"Q38","candidates":[]}],[{"start":0,"end":19,"url":null,"entity_id":"Q30106213","candidates":[]}]],[[{"start":0,"end":25,"url":null,"entity_id":"Q99633","candidates":[]}],[{"start":0,"end":7,"url":null,"entity_id":"Q183","candidates":[]}],[{"start":0,"end":19,"url":null,"entity_id":"Q1999572","candidates":[]}]],[[{"start":0,"end":28,"url":null,"entity_id":"Q262673","candidates":[]}],[{"start":0,"end":24,"url":null,"entity_id":"Q30","candidates":[]}],[{"start":0,"end":19,"url":null,"entity_id":"Q1999572","candidates":[]}]],[[{"start":0,"end":26,"url":null,"entity_id":"Q175292","candidates":[]}],[{"start":0,"end":24,"url":null,"entity_id":"Q30","candidates":[]}],[{"start":0,"end":19,"url":null,"entity_id":"Q1999572","candidates":[]}]],[[{"start":0,"end":18,"url":null,"entity_id":"Q29685","candidates":[]}],[{"start":0,"end":8,"url":null,"entity_id":"Q45","candidates":[]}],[{"start":0,"end":19,"url":null,"entity_id":"Q24609","candidates":[]}]],[[{"start":0,"end":38,"url":null,"entity_id":"Q225086","candidates":[]}],[{"start":0,"end":11,"url":null,"entity_id":"Q39","candidates":[]}],[{"start":0,"end":19,"url":null,"entity_id":"Q24609","candidates":[]}]],[[{"start":0,"end":37,"url":null,"entity_id":"Q1609753","candidates":[]}],[{"start":0,"end":14,"url":null,"entity_id":"Q145","candidates":[]}],[{"start":0,"end":19,"url":null,"entity_id":"Q1999572","candidates":[]}]],[[{"start":0,"end":12,"url":null,"entity_id":"Q1610082","candidates":[]}],[{"start":0,"end":7,"url":null,"entity_id":"Q183","candidates":[]}],[{"start":0,"end":19,"url":null,"entity_id":"Q24609","candidates":[]}]],[[{"start":0,"end":37,"url":null,"entity_id":"Q1658026","candidates":[]}],[{"start":0,"end":5,"url":null,"entity_id":"Q38","candidates":[]}],[{"start":0,"end":19,"url":null,"entity_id":"Q24609","candidates":[]}]],[[{"start":0,"end":18,"url":null,"entity_id":"Q1411089","candidates":[]}],[{"start":0,"end":7,"url":null,"entity_id":"Q183","candidates":[]}],[{"start":0,"end":19,"url":null,"entity_id":"Q1999572","candidates":[]}]]]}