{"version":"1.2","table":{"version":"2","table_id":"CJPMER11","columns":[{"index":0,"name":"col0","values":["Kirkwall","Inverbervie","Helensburgh","Gatehouse of Fleet","Fort William","East Linton","Dunblane","Buckie","Bridge of Allan","Blairgowrie and Rattray","Bishopbriggs","Banchory","Ballater","Aberfeldy","Portknockie","Portsoy","Pitlochry","Loanhead","Invergordon","Grantown-on-Spey"]},{"index":1,"name":"col1","values":["Orkney Islands","Aberdeenshire","Dunbartonshire","Dumfries and Galloway","Highland","East Lothian","Stirling","Moray","Stirling","Perth and Kinross","East Dunbartonshire","Aberdeenshire","Aberdeenshire","Perth and Kinross","Moray","Aberdeenshire","Perth and Kinross","Midlothian","Highland","Highland"]},{"index":2,"name":"col2","values":["list of listed buildings in Kirkwall, Orkney","list of listed buildings in Inverbervie, Aberdeenshire","list of listed buildings in Helensburgh","list of listed buildings in Gatehouse of Fleet, Dumfries and Galloway","list of listed buildings in Fort William, Highland","list of listed buildings in East Linton, East Lothian","list of listed buildings in Dunblane","list of listed buildings in Buckie, Moray","list of listed buildings in Bridge Of Allan, Stirling","list of listed buildings in Blairgowrie And Rattray, Perth and Kinross","list of listed buildings in Bishopbriggs","list of listed buildings in Banchory, Aberdeenshire","list of listed buildings in Ballater, Aberdeenshire","list of listed buildings in Aberfeldy, Perth and Kinross","list of listed buildings in Portknockie, Moray","list of listed buildings in Portsoy, Aberdeenshire","list of listed buildings in Pitlochry, Perth and Kinross","list of listed buildings in Loanhead, Midlothian","list of listed buildings in Invergordon, Highland","list of listed buildings in Grantown On Spey, Highland"]}]},"context":{"page_title":null,"page_url":null,"page_entity_id":null,"content_hierarchy":[]},"links":[[[{"start":0,"end":8,"url":null,"entity_id":"Q208329","candidates":[]}],[{"start":0,"end":14,"url":null,"entity_id":"Q100166","candidates":[]}],[{"start":0,"end":44,"url":null,"entity_id":"Q6626170","candidates":[]}]],[[{"start":0,"end":11,"url":null,"entity_id":"Q568713","candidates":[]}],[{"start":0,"end":13,"url":null,"entity_id":"Q189912","candidates":[]}],[{"start":0,"end":54,"url":null,"entity_id":"Q6626030","candidates":[]}]],[[{"start":0,"end":11,"url":null,"entity_id":"Q1007088","candidates":[]}],[{"start":0,"end":14,"url":null,"entity_id":"Q140090","candidates":[]}],[{"start":0,"end":39,"url":null,"entity_id":"Q6626003","candidates":[]}]],[[{"start":0,"end":18,"url":null,"entity_id":"Q996643","candidates":[]}],[{"start":0,"end":21,"url":null,"entity_id":"Q126514","candidates":[]}],[{"start":0,"end":69,"url":null,"entity_id":"Q6625953","candidates":[]}]],[[{"start":0,"end":12,"url":null,"entity_id":"Q848909","candidates":[]}],[{"start":0,"end":8,"url":null,"entity_id":"Q208279","candidates":[]}],[{"start":0,"end":50,"url":null,"entity_id":"Q6625931","candidates":[]}]],[[{"start":0,"end":11,"url":null,"entity_id":"Q1009895","candidates":[]}],[{"start":0,"end":12,"url":null,"entity_id":"Q207257","candidates":[]}],[{"start":0,"end":53,"url":null,"entity_id":"Q6625829","candidates":[]}]],[[{"start":0,"end":8,"url":null,"entity_id":"Q614314","candidates":[]}],[{"start":0,"end":8,"url":null,"entity_id":"Q217838","candidates":[]}],[{"start":0,"end":36,"url":null,"entity_id":"Q6625788","candidates":[]}]],[[{"start":0,"end":6,"url":null,"entity_id":"Q999708","candidates":[]}],[{"start":0,"end":5,"url":null,"entity_id":"Q211106","candidates":[]}],[{"start":0,"end":41,"url":null,"entity_id":"Q6625620","candidates":[]}]],[[{"start":0,"end":15,"url":null,"entity_id":"Q187892","candidates":[]}],[{"start":0,"end":8,"url":null,"entity_id":"Q217838","candidates":[]}],[{"start":0,"end":53,"url":null,"entity_id":"Q6625616","candidates":[]}]],[[{"start":0,"end":23,"url":null,"entity_id":"Q881185","candidates":[]}],[{"start":0,"end":17,"url":null,"entity_id":"Q207679","candidates":[]}],[{"start":0,"end":70,"url":null,"entity_id":"Q6625595","candidates":[]}]],[[{"start":0,"end":12,"url":null,"entity_id":"Q866347","candidates":[]}],[{"start":0,"end":19,"url":null,"entity_id":"Q211889","candidates":[]}],[{"start":0,"end":40,"url":null,"entity_id":"Q6625591","candidates":[]}]],[[{"start":0,"end":8,"url":null,"entity_id":"Q806177","candidates":[]}],[{"start":0,"end":13,"url":null,"entity_id":"Q189912","candidates":[]}],[{"start":0,"end":51,"url":null,"entity_id":"Q6625568","candidates":[]}]],[[{"start":0,"end":8,"url":null,"entity_id":"Q805175","candidates":[]}],[{"start":0,"end":13,"url":null,"entity_id":"Q189912","candidates":[]}],[{"start":0,"end":51,"url":null,"entity_id":"Q6625561","candidates":[]}]],[[{"start":0,"end":9,"url":null,"entity_id":"Q319566","candidates":[]}],[{"start":0,"end":17,"url":null,"entity_id":"Q207679","candidates":[]}],[{"start":0,"end":56,"url":null,"entity_id":"Q6625491","candidates":[]}]],[[{"start":0,"end":11,"url":null,"entity_id":"Q1011778","candidates":[]}],[{"start":0,"end":5,"url":null,"entity_id":"Q211106","candidates":[]}],[{"start":0,"end":46,"url":null,"entity_id":"Q16248528","candidates":[]}]],[[{"start":0,"end":7,"url":null,"entity_id":"Q1010537","candidates":[]}],[{"start":0,"end":13,"url":null,"entity_id":"Q189912","candidates":[]}],[{"start":0,"end":50,"url":null,"entity_id":"Q6626396","candidates":[]}]],[[{"start":0,"end":9,"url":null,"entity_id":"Q1011665","candidates":[]}],[{"start":0,"end":17,"url":null,"entity_id":"Q207679","candidates":[]}],[{"start":0,"end":56,"url":null,"entity_id":"Q6626388","candidates":[]}]],[[{"start":0,"end":8,"url":null,"entity_id":"Q1011156","candidates":[]}],[{"start":0,"end":10,"url":null,"entity_id":"Q206934","candidates":[]}],[{"start":0,"end":48,"url":null,"entity_id":"Q6626217","candidates":[]}]],[[{"start":0,"end":11,"url":null,"entity_id":"Q1011677","candidates":[]}],[{"start":0,"end":8,"url":null,"entity_id":"Q208279","candidates":[]}],[{"start":0,"end":49,"url":null,"entity_id":"Q6626038","candidates":[]}]],[[{"start":0,"end":16,"url":null,"entity_id":"Q1010396","candidates":[]}],[{"start":0,"end":8,"url":null,"entity_id":"Q208279","candidates":[]}],[{"start":0,"end":54,"url":null,"entity_id":"Q6625992","candidates":[]}]]]}