{"version":"1.2","table":{"version":"2","table_id":"CJTM73V7","columns":[{"index":0,"name":"col0","values":["Stourbridge Lon","Adler","Lancashire Wtch","John Bunl","Jllinois Central Railroad 201","Canadian\"National Railways 47","Fùrstlingen","Tom Uhumb","Olomaa","Souhern Railway 1509","Tennessee, Alabaa & Georgia Railway 101","Sierra Railway 8","Southern Rilway 722","Southern Railzay 542","Southern Railway 41","qwthern Railzay 385","Southern Railwa 107","Southern Pacific 259","St. Louis Soutiwestern 336","Santa Cruz Railroad no.#3"]},{"index":1,"name":"col1","values":["0-4-0","2-2-2","0-4-0","0-4-0","2-4-4T","4-6-4T","0-4-0","2-2-0","0-4-2T","0-4-4T","2-8-0","2-8-0","2-8-0","2-8-0","2-8-0","2-8-0","2-8-0","2-8-0","2-6-0","4-4-0"]},{"index":2,"name":"col2","values":["Foster, Rastrick and Company","Robert Stephenson and Company","Robert Stephenson and Company","Robert Stephenson and Company","Rogers Locomotive and Machine Works","Montreal Locomotive Works","Munktells Mekaniska Verkstad","Peter Cooper","Baldwin Locomotive Works","Baldwin Locomotive Works","Baldwin Locomotive Works","Baldwin Locomotive Works","Baldwin Locomotive Works","Baldwin Locomotive Works","Baldwin Locomotive Works","Baldwin Locomotive Works","Baldwin Locomotive Works","Baldwin Locomotive Works","Baldwin Locomotive Works","Baldwin Locomotive Works"]}]},"context":{"page_title":null,"page_url":null,"page_entity_id":null,"content_hierarchy":[]},"links":[[[{"start":0,"end":15,"url":null,"entity_id":"Q6457925","candidates":[]}],[{"start":0,"end":5,"url":null,"entity_id":"Q64134","candidates":[]}],[{"start":0,"end":28,"url":null,"entity_id":"Q2855703","candidates":[]}]],[[{"start":0,"end":5,"url":null,"entity_id":"Q358107","candidates":[]}],[{"start":0,"end":5,"url":null,"entity_id":"Q2036496","candidates":[]}],[{"start":0,"end":29,"url":null,"entity_id":"Q2814117","candidates":[]}]],[[{"start":0,"end":15,"url":null,"entity_id":"Q6483054","candidates":[]}],[{"start":0,"end":5,"url":null,"entity_id":"Q64134","candidates":[]}],[{"start":0,"end":29,"url":null,"entity_id":"Q2814117","candidates":[]}]],[[{"start":0,"end":9,"url":null,"entity_id":"Q1081474","candidates":[]}],[{"start":0,"end":5,"url":null,"entity_id":"Q64134","candidates":[]}],[{"start":0,"end":29,"url":null,"entity_id":"Q2814117","candidates":[]}]],[[{"start":0,"end":29,"url":null,"entity_id":"Q5999371","candidates":[]}],[{"start":0,"end":6,"url":null,"entity_id":"Q2807251","candidates":[]}],[{"start":0,"end":35,"url":null,"entity_id":"Q2734911","candidates":[]}]],[[{"start":0,"end":29,"url":null,"entity_id":"Q5030356","candidates":[]}],[{"start":0,"end":6,"url":null,"entity_id":"Q26086670","candidates":[]}],[{"start":0,"end":25,"url":null,"entity_id":"Q2076679","candidates":[]}]],[[{"start":0,"end":11,"url":null,"entity_id":"Q10501523","candidates":[]}],[{"start":0,"end":5,"url":null,"entity_id":"Q64134","candidates":[]}],[{"start":0,"end":28,"url":null,"entity_id":"Q1513771","candidates":[]}]],[[{"start":0,"end":9,"url":null,"entity_id":"Q649094","candidates":[]}],[{"start":0,"end":5,"url":null,"entity_id":"Q2036516","candidates":[]}],[{"start":0,"end":12,"url":null,"entity_id":"Q935291","candidates":[]}]],[[{"start":0,"end":6,"url":null,"entity_id":"Q7088509","candidates":[]}],[{"start":0,"end":6,"url":null,"entity_id":"Q26234694","candidates":[]}],[{"start":0,"end":24,"url":null,"entity_id":"Q804868","candidates":[]}]],[[{"start":0,"end":20,"url":null,"entity_id":"Q7570360","candidates":[]}],[{"start":0,"end":6,"url":null,"entity_id":"Q3077673","candidates":[]}],[{"start":0,"end":24,"url":null,"entity_id":"Q804868","candidates":[]}]],[[{"start":0,"end":39,"url":null,"entity_id":"Q18157173","candidates":[]}],[{"start":0,"end":5,"url":null,"entity_id":"Q2994663","candidates":[]}],[{"start":0,"end":24,"url":null,"entity_id":"Q804868","candidates":[]}]],[[{"start":0,"end":16,"url":null,"entity_id":"Q16984601","candidates":[]}],[{"start":0,"end":5,"url":null,"entity_id":"Q2994663","candidates":[]}],[{"start":0,"end":24,"url":null,"entity_id":"Q804868","candidates":[]}]],[[{"start":0,"end":19,"url":null,"entity_id":"Q7570370","candidates":[]}],[{"start":0,"end":5,"url":null,"entity_id":"Q2994663","candidates":[]}],[{"start":0,"end":24,"url":null,"entity_id":"Q804868","candidates":[]}]],[[{"start":0,"end":20,"url":null,"entity_id":"Q7570368","candidates":[]}],[{"start":0,"end":5,"url":null,"entity_id":"Q2994663","candidates":[]}],[{"start":0,"end":24,"url":null,"entity_id":"Q804868","candidates":[]}]],[[{"start":0,"end":19,"url":null,"entity_id":"Q7570366","candidates":[]}],[{"start":0,"end":5,"url":null,"entity_id":"Q2994663","candidates":[]}],[{"start":0,"end":24,"url":null,"entity_id":"Q804868","candidates":[]}]],[[{"start":0,"end":19,"url":null,"entity_id":"Q7570365","candidates":[]}],[{"start":0,"end":5,"url":null,"entity_id":"Q2994663","candidates":[]}],[{"start":0,"end":24,"url":null,"entity_id":"Q804868","candidates":[]}]],[[{"start":0,"end":19,"url":null,"entity_id":"Q7570359","candidates":[]}],[{"start":0,"end":5,"url":null,"entity_id":"Q2994663","candidates":[]}],[{"start":0,"end":24,"url":null,"entity_id":"Q804868","candidates":[]}]],[[{"start":0,"end":20,"url":null,"entity_id":"Q7570264","candidates":[]}],[{"start":0,"end":5,"url":null,"entity_id":"Q2994663","candidates":[]}],[{"start":0,"end":24,"url":null,"entity_id":"Q804868","candidates":[]}]],[[{"start":0,"end":26,"url":null,"entity_id":"Q22058728","candidates":[]}],[{"start":0,"end":5,"url":null,"entity_id":"Q2441836","candidates":[]}],[{"start":0,"end":24,"url":null,"entity_id":"Q804868","candidates":[]}]],[[{"start":0,"end":25,"url":null,"entity_id":"Q18156968","candidates":[]}],[{"start":0,"end":5,"url":null,"entity_id":"Q2037045","candidates":[]}],[{"start":0,"end":24,"url":null,"entity_id":"Q804868","candidates":[]}]]]}