{"version":"1.2","table":{"version":"2","table_id":"CL5E9S65","columns":[{"index":0,"name":"col0","values":["Sextbns Dwarf Spheroidal","OGC 59","IC 101","NGC 143","NGC 116","Centaurws A","NGC 533","NGC 191A","NGC 7","NGC 5228","NC 7700","NGC49","NGC 586","Mesier 85","NGE 71","NGC 2857","NGC621","NGC\"1497","OGC 49","NGC 4857"]},{"index":1,"name":"col1","values":["10.296","12.59","10.724400000000001","10.6","8.521469999999999","6.860519999999999","13.1524","14.6668","13.608","12.584779999999999","13.5456","14.170499999999999","9.909899999999999","9.027199999999999","13.2734","13.2794","12.876800000000001","13.3","13.758600000000001","14.142299999999999"]},{"index":2,"name":"col2","values":["Mike Irwin","Ormond Stone","Edward D. Swift","James Dunlop","James Dunlop","James Dunlop","Lewis A. Swift","Lewis A. Swift","Lewis A. Swift","Lewis A. Swift","Lewis A. Swift","Lewis A. Swift","Pierre Méchain","Pierre Méchain","William Parsons, 3rd Earl of Rosse","Édouard Stephan","Édouard Stephan","Édouard Stephan","Édouard Stephan","Édouard Stephan"]}]},"context":{"page_title":null,"page_url":null,"page_entity_id":null,"content_hierarchy":[]},"links":[[[{"start":0,"end":6,"url":null,"entity_id":"Q50653","candidates":[]}],[],[{"start":0,"end":12,"url":null,"entity_id":"Q945845","candidates":[]}]],[[{"start":0,"end":6,"url":null,"entity_id":"Q754936","candidates":[]}],[],[{"start":0,"end":15,"url":null,"entity_id":"Q738178","candidates":[]}]],[[{"start":0,"end":7,"url":null,"entity_id":"Q1027705","candidates":[]}],[],[{"start":0,"end":12,"url":null,"entity_id":"Q375158","candidates":[]}]],[[{"start":0,"end":7,"url":null,"entity_id":"Q495785","candidates":[]}],[],[{"start":0,"end":12,"url":null,"entity_id":"Q375158","candidates":[]}]],[[{"start":0,"end":11,"url":null,"entity_id":"Q487255","candidates":[]}],[],[{"start":0,"end":12,"url":null,"entity_id":"Q375158","candidates":[]}]],[[{"start":0,"end":7,"url":null,"entity_id":"Q1037188","candidates":[]}],[],[{"start":0,"end":14,"url":null,"entity_id":"Q314284","candidates":[]}]],[[{"start":0,"end":8,"url":null,"entity_id":"Q1035687","candidates":[]}],[],[{"start":0,"end":14,"url":null,"entity_id":"Q314284","candidates":[]}]],[[{"start":0,"end":5,"url":null,"entity_id":"Q754084","candidates":[]}],[],[{"start":0,"end":14,"url":null,"entity_id":"Q314284","candidates":[]}]],[[{"start":0,"end":8,"url":null,"entity_id":"Q738318","candidates":[]}],[],[{"start":0,"end":14,"url":null,"entity_id":"Q314284","candidates":[]}]],[[{"start":0,"end":7,"url":null,"entity_id":"Q305269","candidates":[]}],[],[{"start":0,"end":14,"url":null,"entity_id":"Q314284","candidates":[]}]],[[{"start":0,"end":5,"url":null,"entity_id":"Q49688","candidates":[]}],[],[{"start":0,"end":14,"url":null,"entity_id":"Q314284","candidates":[]}]],[[{"start":0,"end":7,"url":null,"entity_id":"Q830937","candidates":[]}],[],[{"start":0,"end":14,"url":null,"entity_id":"Q311022","candidates":[]}]],[[{"start":0,"end":9,"url":null,"entity_id":"Q14035","candidates":[]}],[],[{"start":0,"end":14,"url":null,"entity_id":"Q311022","candidates":[]}]],[[{"start":0,"end":6,"url":null,"entity_id":"Q756876","candidates":[]}],[],[{"start":0,"end":34,"url":null,"entity_id":"Q310121","candidates":[]}]],[[{"start":0,"end":8,"url":null,"entity_id":"Q1049709","candidates":[]}],[],[{"start":0,"end":15,"url":null,"entity_id":"Q274349","candidates":[]}]],[[{"start":0,"end":6,"url":null,"entity_id":"Q1037714","candidates":[]}],[],[{"start":0,"end":15,"url":null,"entity_id":"Q274349","candidates":[]}]],[[{"start":0,"end":8,"url":null,"entity_id":"Q937714","candidates":[]}],[],[{"start":0,"end":15,"url":null,"entity_id":"Q274349","candidates":[]}]],[[{"start":0,"end":6,"url":null,"entity_id":"Q870288","candidates":[]}],[],[{"start":0,"end":15,"url":null,"entity_id":"Q274349","candidates":[]}]],[[{"start":0,"end":8,"url":null,"entity_id":"Q183470","candidates":[]}],[],[{"start":0,"end":15,"url":null,"entity_id":"Q274349","candidates":[]}]],[[{"start":0,"end":24,"url":null,"entity_id":"Q32886","candidates":[]}],[],[{"start":0,"end":10,"url":null,"entity_id":"Q6847373","candidates":[]}]]]}