{"version":"1.2","table":{"version":"2","table_id":"CM6XGD0D","columns":[{"index":0,"name":"col0","values":["Llers","Llançà","Lladó","Garrigàs","Garriguella","Fortià","El Far d'Empordà","L'Escala","Colera","Cistella","Castelló d'Empúries","Cadaqués","Cabanes","Cabanelles","Borrassà","Boadella i les Escaules","Biure","Bàscara","Avinyonet de Puigventós","L'Armentera"]},{"index":1,"name":"col1","values":["UTC+01:00","UTC+01:00","UTC+01:00","UTC+01:00","UTC+01:00","UTC+01:00","UTC+01:00","UTC+01:00","UTC+01:00","UTC+01:00","UTC+01:00","UTC+01:00","UTC+01:00","UTC+01:00","UTC+01:00","UTC+01:00","UTC+01:00","UTC+01:00","UTC+01:00","UTC+01:00"]},{"index":2,"name":"col2","values":["21.3","28","13.5","19.9","21","10.8","9","16.3","24.4","25.6","42.3","26.4","15","55.6","9.4","10.8","10","17.5","12.3","5.6"]}]},"context":{"page_title":null,"page_url":null,"page_entity_id":null,"content_hierarchy":[]},"links":[[[{"start":0,"end":6,"url":null,"entity_id":"Q11339","candidates":[]}],[{"start":0,"end":9,"url":null,"entity_id":"Q6655","candidates":[]}],[]],[[{"start":0,"end":5,"url":null,"entity_id":"Q11334","candidates":[]}],[{"start":0,"end":9,"url":null,"entity_id":"Q6655","candidates":[]}],[]],[[{"start":0,"end":8,"url":null,"entity_id":"Q11329","candidates":[]}],[{"start":0,"end":9,"url":null,"entity_id":"Q6655","candidates":[]}],[]],[[{"start":0,"end":11,"url":null,"entity_id":"Q11324","candidates":[]}],[{"start":0,"end":9,"url":null,"entity_id":"Q6655","candidates":[]}],[]],[[{"start":0,"end":6,"url":null,"entity_id":"Q11314","candidates":[]}],[{"start":0,"end":9,"url":null,"entity_id":"Q6655","candidates":[]}],[]],[[{"start":0,"end":16,"url":null,"entity_id":"Q11309","candidates":[]}],[{"start":0,"end":9,"url":null,"entity_id":"Q6655","candidates":[]}],[]],[[{"start":0,"end":8,"url":null,"entity_id":"Q11304","candidates":[]}],[{"start":0,"end":9,"url":null,"entity_id":"Q6655","candidates":[]}],[]],[[{"start":0,"end":6,"url":null,"entity_id":"Q11296","candidates":[]}],[{"start":0,"end":9,"url":null,"entity_id":"Q6655","candidates":[]}],[]],[[{"start":0,"end":8,"url":null,"entity_id":"Q11291","candidates":[]}],[{"start":0,"end":9,"url":null,"entity_id":"Q6655","candidates":[]}],[]],[[{"start":0,"end":19,"url":null,"entity_id":"Q11286","candidates":[]}],[{"start":0,"end":9,"url":null,"entity_id":"Q6655","candidates":[]}],[]],[[{"start":0,"end":8,"url":null,"entity_id":"Q11263","candidates":[]}],[{"start":0,"end":9,"url":null,"entity_id":"Q6655","candidates":[]}],[]],[[{"start":0,"end":7,"url":null,"entity_id":"Q11257","candidates":[]}],[{"start":0,"end":9,"url":null,"entity_id":"Q6655","candidates":[]}],[]],[[{"start":0,"end":10,"url":null,"entity_id":"Q11247","candidates":[]}],[{"start":0,"end":9,"url":null,"entity_id":"Q6655","candidates":[]}],[]],[[{"start":0,"end":8,"url":null,"entity_id":"Q11242","candidates":[]}],[{"start":0,"end":9,"url":null,"entity_id":"Q6655","candidates":[]}],[]],[[{"start":0,"end":23,"url":null,"entity_id":"Q11238","candidates":[]}],[{"start":0,"end":9,"url":null,"entity_id":"Q6655","candidates":[]}],[]],[[{"start":0,"end":5,"url":null,"entity_id":"Q11236","candidates":[]}],[{"start":0,"end":9,"url":null,"entity_id":"Q6655","candidates":[]}],[]],[[{"start":0,"end":7,"url":null,"entity_id":"Q11232","candidates":[]}],[{"start":0,"end":9,"url":null,"entity_id":"Q6655","candidates":[]}],[]],[[{"start":0,"end":23,"url":null,"entity_id":"Q11227","candidates":[]}],[{"start":0,"end":9,"url":null,"entity_id":"Q6655","candidates":[]}],[]],[[{"start":0,"end":11,"url":null,"entity_id":"Q11200","candidates":[]}],[{"start":0,"end":9,"url":null,"entity_id":"Q6655","candidates":[]}],[]],[[{"start":0,"end":5,"url":null,"entity_id":"Q11342","candidates":[]}],[{"start":0,"end":9,"url":null,"entity_id":"Q6655","candidates":[]}],[]]]}