{"version":"1.2","table":{"version":"2","table_id":"CMB4Y4NX","columns":[{"index":0,"name":"col0","values":["Moste","Suché","Buč","Dvqrska","Kosmo","oorno","Lipie","ByšiĐky","Branna","Bolioa","Kleny","Dolslo (Nahořany)","Kdmenka","Čankv","Hony","Lavorníček","JaromĜř","Kubhice","Dlohá","Povel"]},{"index":1,"name":"col1","values":["Mostec","Suché","Buč","Dvorska","Kosmo","Komorno","Lipice","Byšičky","Branka","Bolina","Kleny","Dolsko","Kamenka","Čankov","Hony","Javorníček","Jaroměř","Hubenice","Dlouhá","Povel"]},{"index":2,"name":"col2","values":["5.0249999999999995","31.062","13.958","98.49","22.793","23.832","26.865","48.384","29.0","129.64499999999998","51.458999999999996","28.971","74.925","35.82","42.613","24.95","41.958","30.0","16.112","390.848"]}]},"context":{"page_title":null,"page_url":null,"page_entity_id":null,"content_hierarchy":[]},"links":[[[{"start":0,"end":5,"url":null,"entity_id":"Q12057176","candidates":[]}],[{"start":0,"end":5,"url":null,"entity_id":"Q679583","candidates":[]}],[]],[[{"start":0,"end":3,"url":null,"entity_id":"Q11706221","candidates":[]}],[{"start":0,"end":3,"url":null,"entity_id":"Q5003628","candidates":[]}],[]],[[{"start":0,"end":7,"url":null,"entity_id":"Q11836783","candidates":[]}],[{"start":0,"end":7,"url":null,"entity_id":"Q3041867","candidates":[]}],[]],[[{"start":0,"end":5,"url":null,"entity_id":"Q12030274","candidates":[]}],[{"start":0,"end":5,"url":null,"entity_id":"Q6433256","candidates":[]}],[]],[[{"start":0,"end":5,"url":null,"entity_id":"Q12029922","candidates":[]}],[{"start":0,"end":7,"url":null,"entity_id":"Q1725034","candidates":[]}],[]],[[{"start":0,"end":5,"url":null,"entity_id":"Q12033579","candidates":[]}],[{"start":0,"end":6,"url":null,"entity_id":"Q3446709","candidates":[]}],[]],[[{"start":0,"end":7,"url":null,"entity_id":"Q5004741","candidates":[]}],[{"start":0,"end":7,"url":null,"entity_id":"Q959792","candidates":[]}],[]],[[{"start":0,"end":6,"url":null,"entity_id":"Q5182503","candidates":[]}],[{"start":0,"end":6,"url":null,"entity_id":"Q898640","candidates":[]}],[]],[[{"start":0,"end":6,"url":null,"entity_id":"Q11225795","candidates":[]}],[{"start":0,"end":6,"url":null,"entity_id":"Q3954129","candidates":[]}],[]],[[{"start":0,"end":5,"url":null,"entity_id":"Q12029360","candidates":[]}],[{"start":0,"end":5,"url":null,"entity_id":"Q17492561","candidates":[]}],[]],[[{"start":0,"end":17,"url":null,"entity_id":"Q11818367","candidates":[]}],[{"start":0,"end":6,"url":null,"entity_id":"Q1967199","candidates":[]}],[]],[[{"start":0,"end":7,"url":null,"entity_id":"Q12027804","candidates":[]}],[{"start":0,"end":7,"url":null,"entity_id":"Q143839","candidates":[]}],[]],[[{"start":0,"end":5,"url":null,"entity_id":"Q11169398","candidates":[]}],[{"start":0,"end":6,"url":null,"entity_id":"Q13370504","candidates":[]}],[]],[[{"start":0,"end":4,"url":null,"entity_id":"Q12020094","candidates":[]}],[{"start":0,"end":4,"url":null,"entity_id":"Q2452944","candidates":[]}],[]],[[{"start":0,"end":10,"url":null,"entity_id":"Q12024289","candidates":[]}],[{"start":0,"end":10,"url":null,"entity_id":"Q20902933","candidates":[]}],[]],[[{"start":0,"end":7,"url":null,"entity_id":"Q12023710","candidates":[]}],[{"start":0,"end":7,"url":null,"entity_id":"Q999961","candidates":[]}],[]],[[{"start":0,"end":7,"url":null,"entity_id":"Q12020844","candidates":[]}],[{"start":0,"end":8,"url":null,"entity_id":"Q5927059","candidates":[]}],[]],[[{"start":0,"end":5,"url":null,"entity_id":"Q11812532","candidates":[]}],[{"start":0,"end":6,"url":null,"entity_id":"Q23820852","candidates":[]}],[]],[[{"start":0,"end":5,"url":null,"entity_id":"Q3182198","candidates":[]}],[{"start":0,"end":5,"url":null,"entity_id":"Q10638257","candidates":[]}],[]],[[{"start":0,"end":5,"url":null,"entity_id":"Q12038746","candidates":[]}],[{"start":0,"end":6,"url":null,"entity_id":"Q3440950","candidates":[]}],[]]]}