{"version":"1.2","table":{"version":"2","table_id":"CMNJDUMY","columns":[{"index":0,"name":"col0","values":["Huddersfield Library and Art Gallery","Thimblemill Library","Walsall Central Library","Hammersmith Library","Battersea Reference Library","Cathays Library","Bargoed Library","Wolverhampton Central Library","Ware Library","Manor House Library","Gosforth Village Library Link","Winchester Discovery Centre","Leytonstone Library","West Calder Library","Burnbank Library","Alexandria Library","Ayr Carnegie Library","Arran Library","Thurso Library","Darvel Community Library"]},{"index":1,"name":"col1","values":["Grade II listed building","Grade II listed building","Grade II listed building","Grade II listed building","Grade II listed building","Grade II* listed building or structure","Grade II* listed building or structure","Grade II* listed building or structure","Grade II* listed building or structure","Grade II* listed building or structure","Grade II* listed building or structure","Grade II* listed building or structure","Grade II* listed building or structure","category B listed building","category B listed building","category B listed building","category B listed building","category B listed building","category B listed building","category B listed building"]},{"index":2,"name":"col2","values":["85.9702","168.542","125.3694","6.448204","18.34471","26.699999999999999","200.90000000000001","156.1916","35.72528","20.80967","59.53347","48.94599","25.27066","176.9677","62.64886","23.10454","4.064083","5.038004","16.16053","104.5226"]}]},"context":{"page_title":null,"page_url":null,"page_entity_id":null,"content_hierarchy":[]},"links":[[[{"start":0,"end":19,"url":null,"entity_id":"Q19203439","candidates":[]}],[{"start":0,"end":24,"url":null,"entity_id":"Q15700834","candidates":[]}],[]],[[{"start":0,"end":23,"url":null,"entity_id":"Q18394400","candidates":[]}],[{"start":0,"end":24,"url":null,"entity_id":"Q15700834","candidates":[]}],[]],[[{"start":0,"end":19,"url":null,"entity_id":"Q18160113","candidates":[]}],[{"start":0,"end":24,"url":null,"entity_id":"Q15700834","candidates":[]}],[]],[[{"start":0,"end":27,"url":null,"entity_id":"Q18149385","candidates":[]}],[{"start":0,"end":24,"url":null,"entity_id":"Q15700834","candidates":[]}],[]],[[{"start":0,"end":15,"url":null,"entity_id":"Q17741298","candidates":[]}],[{"start":0,"end":38,"url":null,"entity_id":"Q15700831","candidates":[]}],[]],[[{"start":0,"end":15,"url":null,"entity_id":"Q17739752","candidates":[]}],[{"start":0,"end":38,"url":null,"entity_id":"Q15700831","candidates":[]}],[]],[[{"start":0,"end":29,"url":null,"entity_id":"Q17555324","candidates":[]}],[{"start":0,"end":38,"url":null,"entity_id":"Q15700831","candidates":[]}],[]],[[{"start":0,"end":12,"url":null,"entity_id":"Q17554041","candidates":[]}],[{"start":0,"end":38,"url":null,"entity_id":"Q15700831","candidates":[]}],[]],[[{"start":0,"end":19,"url":null,"entity_id":"Q17553094","candidates":[]}],[{"start":0,"end":38,"url":null,"entity_id":"Q15700831","candidates":[]}],[]],[[{"start":0,"end":29,"url":null,"entity_id":"Q17542699","candidates":[]}],[{"start":0,"end":38,"url":null,"entity_id":"Q15700831","candidates":[]}],[]],[[{"start":0,"end":27,"url":null,"entity_id":"Q17540256","candidates":[]}],[{"start":0,"end":38,"url":null,"entity_id":"Q15700831","candidates":[]}],[]],[[{"start":0,"end":19,"url":null,"entity_id":"Q17531944","candidates":[]}],[{"start":0,"end":38,"url":null,"entity_id":"Q15700831","candidates":[]}],[]],[[{"start":0,"end":19,"url":null,"entity_id":"Q17852742","candidates":[]}],[{"start":0,"end":26,"url":null,"entity_id":"Q10729125","candidates":[]}],[]],[[{"start":0,"end":16,"url":null,"entity_id":"Q17851254","candidates":[]}],[{"start":0,"end":26,"url":null,"entity_id":"Q10729125","candidates":[]}],[]],[[{"start":0,"end":18,"url":null,"entity_id":"Q17847550","candidates":[]}],[{"start":0,"end":26,"url":null,"entity_id":"Q10729125","candidates":[]}],[]],[[{"start":0,"end":20,"url":null,"entity_id":"Q17836338","candidates":[]}],[{"start":0,"end":26,"url":null,"entity_id":"Q10729125","candidates":[]}],[]],[[{"start":0,"end":13,"url":null,"entity_id":"Q17830356","candidates":[]}],[{"start":0,"end":26,"url":null,"entity_id":"Q10729125","candidates":[]}],[]],[[{"start":0,"end":14,"url":null,"entity_id":"Q17830133","candidates":[]}],[{"start":0,"end":26,"url":null,"entity_id":"Q10729125","candidates":[]}],[]],[[{"start":0,"end":24,"url":null,"entity_id":"Q17815011","candidates":[]}],[{"start":0,"end":26,"url":null,"entity_id":"Q10729125","candidates":[]}],[]],[[{"start":0,"end":36,"url":null,"entity_id":"Q19758543","candidates":[]}],[{"start":0,"end":24,"url":null,"entity_id":"Q15700834","candidates":[]}],[]]]}