{"version":"1.2","table":{"version":"2","table_id":"CNB15YX0","columns":[{"index":0,"name":"col0","values":["Portrait of Ichikawa Danjūrō VII with his family","Ichikawa Ebizo as Takemura Sadanoshin","Arashi Ryuzo as Ishibe Kinkichi the Moneylender","Sakurano-miya kei","Ryōhongan-ji","Yotsubashi","Yasui no tenjin no yashiro","Mori no miya rennyo-matsu","Mitsui gofuku-ten","Mishima-e","Matsuya gofuku-ten","Matsu no hana","Masui ukamu se no yoru","Horikawa bizen jinya","Fukushima sakaro no matsu","Hirota hoshiga-ike inari","Hirota no yashiro","Hamamura kishibojin","Hakken-chaya yūkei","Nonaka-kannon momohana sakari"]},{"index":1,"name":"col1","values":["18.1","24","24.7","17.6","17.8","17.6","17.6","17.8","17.8","17.8","17.8","17.6","17.6","17.8","17.6","17.6","17.6","17.8","17.6","17.8"]},{"index":2,"name":"col2","values":["20.2","36.5","37.1","24.8","24.5","24.8","24.8","24.5","24.5","24.5","24.5","24.8","24.8","24.5","24.8","24.8","24.8","24.5","24.8","24.5"]}]},"context":{"page_title":null,"page_url":null,"page_entity_id":null,"content_hierarchy":[]},"links":[[[{"start":0,"end":37,"url":null,"entity_id":"Q62029258","candidates":[]}],[],[]],[[{"start":0,"end":47,"url":null,"entity_id":"Q62024456","candidates":[]}],[],[]],[[{"start":0,"end":17,"url":null,"entity_id":"Q60807557","candidates":[]}],[],[]],[[{"start":0,"end":12,"url":null,"entity_id":"Q60807440","candidates":[]}],[],[]],[[{"start":0,"end":10,"url":null,"entity_id":"Q60807438","candidates":[]}],[],[]],[[{"start":0,"end":26,"url":null,"entity_id":"Q60807436","candidates":[]}],[],[]],[[{"start":0,"end":25,"url":null,"entity_id":"Q60807435","candidates":[]}],[],[]],[[{"start":0,"end":17,"url":null,"entity_id":"Q60807433","candidates":[]}],[],[]],[[{"start":0,"end":9,"url":null,"entity_id":"Q60807431","candidates":[]}],[],[]],[[{"start":0,"end":18,"url":null,"entity_id":"Q60807430","candidates":[]}],[],[]],[[{"start":0,"end":13,"url":null,"entity_id":"Q60807428","candidates":[]}],[],[]],[[{"start":0,"end":22,"url":null,"entity_id":"Q60807426","candidates":[]}],[],[]],[[{"start":0,"end":20,"url":null,"entity_id":"Q60807425","candidates":[]}],[],[]],[[{"start":0,"end":25,"url":null,"entity_id":"Q60807424","candidates":[]}],[],[]],[[{"start":0,"end":24,"url":null,"entity_id":"Q60807423","candidates":[]}],[],[]],[[{"start":0,"end":17,"url":null,"entity_id":"Q60807421","candidates":[]}],[],[]],[[{"start":0,"end":19,"url":null,"entity_id":"Q60807420","candidates":[]}],[],[]],[[{"start":0,"end":18,"url":null,"entity_id":"Q60807418","candidates":[]}],[],[]],[[{"start":0,"end":29,"url":null,"entity_id":"Q60807415","candidates":[]}],[],[]],[[{"start":0,"end":48,"url":null,"entity_id":"Q62429973","candidates":[]}],[],[]]]}