{"version":"1.2","table":{"version":"2","table_id":"CNSTXBVH","columns":[{"index":0,"name":"col0","values":["5 cm Panzergranate 40","5 cm Panzergranate 39","114 mm HE N4A1","Mark 91","Mark 80","L94A1 chain gun","70-K","130 53 TK","SU-76","Makarov PM","Zastava M72","Maxim gun","122 mm gun M1931/37","85 mm antitank gun D-48","Thompson submachine gun","2.8 cm sPzB 41","GBU-8","MP-443 Grach","SPG-82","M1939"]},{"index":1,"name":"col1","values":["130","69","1238","66.3","26","1.25","91.14","7640","5","161.5","1025","1067","7.87","9195","810","2.69","3630","198","2.15","6.16"]},{"index":2,"name":"col2","values":["0.925","2.06","7.15","29","67.6","17.86","277.9","16","11200","730","5","27.2","7907","2350","4.8","229","1027","0.95","43","2000"]}]},"context":{"page_title":null,"page_url":null,"page_entity_id":null,"content_hierarchy":[]},"links":[[[{"start":0,"end":21,"url":null,"entity_id":"Q42302281","candidates":[]}],[],[]],[[{"start":0,"end":21,"url":null,"entity_id":"Q42302084","candidates":[]}],[],[]],[[{"start":0,"end":14,"url":null,"entity_id":"Q41577697","candidates":[]}],[],[]],[[{"start":0,"end":7,"url":null,"entity_id":"Q39997381","candidates":[]}],[],[]],[[{"start":0,"end":7,"url":null,"entity_id":"Q39977605","candidates":[]}],[],[]],[[{"start":0,"end":15,"url":null,"entity_id":"Q6456907","candidates":[]}],[],[]],[[{"start":0,"end":4,"url":null,"entity_id":"Q4031056","candidates":[]}],[],[]],[[{"start":0,"end":9,"url":null,"entity_id":"Q3868302","candidates":[]}],[],[]],[[{"start":0,"end":5,"url":null,"entity_id":"Q645903","candidates":[]}],[],[]],[[{"start":0,"end":10,"url":null,"entity_id":"Q513478","candidates":[]}],[],[]],[[{"start":0,"end":11,"url":null,"entity_id":"Q389392","candidates":[]}],[],[]],[[{"start":0,"end":9,"url":null,"entity_id":"Q282352","candidates":[]}],[],[]],[[{"start":0,"end":19,"url":null,"entity_id":"Q280356","candidates":[]}],[],[]],[[{"start":0,"end":23,"url":null,"entity_id":"Q272659","candidates":[]}],[],[]],[[{"start":0,"end":23,"url":null,"entity_id":"Q269593","candidates":[]}],[],[]],[[{"start":0,"end":14,"url":null,"entity_id":"Q209292","candidates":[]}],[],[]],[[{"start":0,"end":5,"url":null,"entity_id":"Q1484856","candidates":[]}],[],[]],[[{"start":0,"end":12,"url":null,"entity_id":"Q1151929","candidates":[]}],[],[]],[[{"start":0,"end":6,"url":null,"entity_id":"Q949345","candidates":[]}],[],[]],[[{"start":0,"end":5,"url":null,"entity_id":"Q701703","candidates":[]}],[],[]]]}