{"version":"1.2","table":{"version":"2","table_id":"CNUDMZDQ","columns":[{"index":0,"name":"col0","values":["2017 Vuelta a España, Vtage 16","2017 Paris–Nice, Stcge 4","1974 Tur de France, stage 19b","1974 Tour df France, stage 21b","Stage 3 of the 2017 Vueta a San Juan","2017#Tour of the Basque Country, Stage 6","2017 Tirreno–Bdriatico, Stage 7","2017 Giro d'Italia, Vtage 21","2017Giro d'Italia, Stage 10","2017 Tur de France, Stage20","2016 Sibiu Cyclinh Tour, Stage 3","1983 Tour de France, stage 20","1980 Tur de France, stage 11","2016 Enco Tour, Stage 2","2016 Tour of Slovepia, Stage 3","2016 Tour of Alberwa, Stage 4","2016 Tour of Britain, Stage 7","4th stage of uhe 2016 Tour de l'Avenir","2016 Tour of California, Stge 6","Tour de Romandig 2016, stage 3"]},{"index":1,"name":"col1","values":["2017/09/05","2017/03/08","1974/07/18","1974/07/20","2017/01/25","2017/04/08","2017/03/14","2017/05/28","2017/05/16","2017/07/22","2016/07/09","1980/07/18","1980/07/08","2016/09/20","2016/06/18","2016/09/04","2016/09/10","2016/08/23","2016/05/20","2016/04/29"]},{"index":2,"name":"col2","values":["39.8784","14.413","12.3256","37.575","11.8881","27.893899999999995","10.06005","29.329299999999996","40.118399999999994","22.41","6.833999999999999","34.8105","51.6446","9.5712","16.7832","12.1","15.120000000000001","16.3515","20.1376","15.17044"]}]},"context":{"page_title":null,"page_url":null,"page_entity_id":null,"content_hierarchy":[]},"links":[[[{"start":0,"end":24,"url":null,"entity_id":"Q28122650","candidates":[]}],[],[]],[[{"start":0,"end":29,"url":null,"entity_id":"Q28054996","candidates":[]}],[],[]],[[{"start":0,"end":30,"url":null,"entity_id":"Q28054911","candidates":[]}],[],[]],[[{"start":0,"end":36,"url":null,"entity_id":"Q28037689","candidates":[]}],[],[]],[[{"start":0,"end":40,"url":null,"entity_id":"Q27827535","candidates":[]}],[],[]],[[{"start":0,"end":31,"url":null,"entity_id":"Q27826981","candidates":[]}],[],[]],[[{"start":0,"end":28,"url":null,"entity_id":"Q27628046","candidates":[]}],[],[]],[[{"start":0,"end":27,"url":null,"entity_id":"Q27627298","candidates":[]}],[],[]],[[{"start":0,"end":27,"url":null,"entity_id":"Q27437602","candidates":[]}],[],[]],[[{"start":0,"end":32,"url":null,"entity_id":"Q26923850","candidates":[]}],[],[]],[[{"start":0,"end":29,"url":null,"entity_id":"Q26846643","candidates":[]}],[],[]],[[{"start":0,"end":28,"url":null,"entity_id":"Q26846610","candidates":[]}],[],[]],[[{"start":0,"end":23,"url":null,"entity_id":"Q26845761","candidates":[]}],[],[]],[[{"start":0,"end":30,"url":null,"entity_id":"Q26834068","candidates":[]}],[],[]],[[{"start":0,"end":29,"url":null,"entity_id":"Q26806448","candidates":[]}],[],[]],[[{"start":0,"end":29,"url":null,"entity_id":"Q26793337","candidates":[]}],[],[]],[[{"start":0,"end":38,"url":null,"entity_id":"Q26703691","candidates":[]}],[],[]],[[{"start":0,"end":31,"url":null,"entity_id":"Q24070600","candidates":[]}],[],[]],[[{"start":0,"end":30,"url":null,"entity_id":"Q23924616","candidates":[]}],[],[]],[[{"start":0,"end":30,"url":null,"entity_id":"Q28241940","candidates":[]}],[],[]]]}