{"version":"1.2","table":{"version":"2","table_id":"CNZCRTM8","columns":[{"index":0,"name":"col0","values":["North London Railway 35","Cowes and Newport Railway 2 “Precursor”","Cowes and Newport Railway 1 “Pioneer”","WB G 3/3 (Krauss)","TCLR “Argadeen”","Rheidol","Walvis Bay 2-4-2T “Hope”","Manning Wardle works no. 2042 “Lew”","Shannon","NSW “Kiama”","Central Pacific Railroad 4 “T. D. Judah”","South Devon Railway “Taurus”","LPHC No.3 “R.H. Smyth”","Tubize 2069","NSW “Wallaby”","NSW “Burra”","Tx26-427","TB Henneberg","Lynton & Barnstaple Railway “Lyn”","Spremberger Stadtbahn 12"]},{"index":1,"name":"col1","values":["1907-01-01","1901-01-01","1901-01-01","1915-01-01","1950-01-01","1924-01-01","1915-01-01","t23094383","1945-12-01","1941-01-01","1912-01-01","1905-04-01","1962-01-01","1970-01-01","1962-11-01","1968-01-01","1973-01-01","1930-01-01","1935-01-01","1968-01-01"]},{"index":2,"name":"col2","values":["1861-01-01","1861-01-01","1861-01-01","1882-06-01","1894-01-01","1897-08-01","1899-01-01","1925-01-01","1857-05-01","1917-01-01","1864-04-01","1869-05-01","1928-01-01","1927-01-01","1913-01-01","1923-01-01","1928-01-01","1901-01-01","1898-01-01","1938-01-01"]},{"index":3,"name":"col3","values":["Slaughter, Grüning and Company","Slaughter, Grüning and Company","Slaughter, Grüning and Company","Lokomotivfabrik Krauss & Co.","Hunslet Engine Company","W. G. Bagnall Ltd.","Kerr, Stuart and Company","Manning, Wardle and Company","George England and Company","Davenport Locomotive Works","Cooke Locomotive and Machine Works","Avonside Engine Company","Avonside Engine Company","Société Anonyme la Métallurgique","R. & W. Hawthorn, Leslie and Company","R. & W. Hawthorn, Leslie and Company","Fablok","Maschinenfabrik Christian Hagans","Baldwin Locomotive Works","Orenstein & Koppel"]}]},"context":{"page_title":null,"page_url":null,"page_entity_id":null,"content_hierarchy":[]},"links":[[[{"start":0,"end":39,"url":null,"entity_id":"Q36060593","candidates":[]}],[],[],[{"start":0,"end":30,"url":null,"entity_id":"Q36054821","candidates":[]}]],[[{"start":0,"end":37,"url":null,"entity_id":"Q36046879","candidates":[]}],[],[],[{"start":0,"end":30,"url":null,"entity_id":"Q36054821","candidates":[]}]],[[{"start":0,"end":17,"url":null,"entity_id":"Q2536932","candidates":[]}],[],[],[{"start":0,"end":28,"url":null,"entity_id":"Q16283636","candidates":[]}]],[[{"start":0,"end":15,"url":null,"entity_id":"Q7669721","candidates":[]}],[],[],[{"start":0,"end":22,"url":null,"entity_id":"Q10298933","candidates":[]}]],[[{"start":0,"end":7,"url":null,"entity_id":"Q30600287","candidates":[]}],[],[],[{"start":0,"end":18,"url":null,"entity_id":"Q7945549","candidates":[]}]],[[{"start":0,"end":24,"url":null,"entity_id":"Q28223135","candidates":[]}],[],[],[{"start":0,"end":24,"url":null,"entity_id":"Q6394304","candidates":[]}]],[[{"start":0,"end":35,"url":null,"entity_id":"Q16996221","candidates":[]}],[],[],[{"start":0,"end":27,"url":null,"entity_id":"Q5965211","candidates":[]}]],[[{"start":0,"end":7,"url":null,"entity_id":"Q7488818","candidates":[]}],[],[],[{"start":0,"end":26,"url":null,"entity_id":"Q5538994","candidates":[]}]],[[{"start":0,"end":11,"url":null,"entity_id":"Q16926749","candidates":[]}],[],[],[{"start":0,"end":26,"url":null,"entity_id":"Q5230251","candidates":[]}]],[[{"start":0,"end":40,"url":null,"entity_id":"Q16985259","candidates":[]}],[],[],[{"start":0,"end":34,"url":null,"entity_id":"Q5167032","candidates":[]}]],[[{"start":0,"end":28,"url":null,"entity_id":"Q7567054","candidates":[]}],[],[],[{"start":0,"end":23,"url":null,"entity_id":"Q4829358","candidates":[]}]],[[{"start":0,"end":22,"url":null,"entity_id":"Q6459712","candidates":[]}],[],[],[{"start":0,"end":23,"url":null,"entity_id":"Q4829358","candidates":[]}]],[[{"start":0,"end":11,"url":null,"entity_id":"Q7850894","candidates":[]}],[],[],[{"start":0,"end":32,"url":null,"entity_id":"Q3487558","candidates":[]}]],[[{"start":0,"end":13,"url":null,"entity_id":"Q16926763","candidates":[]}],[],[],[{"start":0,"end":36,"url":null,"entity_id":"Q1548575","candidates":[]}]],[[{"start":0,"end":11,"url":null,"entity_id":"Q16926744","candidates":[]}],[],[],[{"start":0,"end":36,"url":null,"entity_id":"Q1548575","candidates":[]}]],[[{"start":0,"end":8,"url":null,"entity_id":"Q28150776","candidates":[]}],[],[],[{"start":0,"end":6,"url":null,"entity_id":"Q1128687","candidates":[]}]],[[{"start":0,"end":12,"url":null,"entity_id":"Q1778240","candidates":[]}],[],[],[{"start":0,"end":32,"url":null,"entity_id":"Q861290","candidates":[]}]],[[{"start":0,"end":33,"url":null,"entity_id":"Q1797704","candidates":[]}],[],[],[{"start":0,"end":24,"url":null,"entity_id":"Q804868","candidates":[]}]],[[{"start":0,"end":24,"url":null,"entity_id":"Q2313560","candidates":[]}],[],[],[{"start":0,"end":18,"url":null,"entity_id":"Q652491","candidates":[]}]],[[{"start":0,"end":23,"url":null,"entity_id":"Q36099871","candidates":[]}],[],[],[{"start":0,"end":30,"url":null,"entity_id":"Q36054821","candidates":[]}]]]}