{"version":"1.2","table":{"version":"2","table_id":"DI514ZE4","columns":[{"index":0,"name":"col0","values":["Wolf 1","LP 895-41","EGGR 261","GD 25","BD+43 100B","WASP-47 a","WD 1337+705","TY Coronae Borealis","RR Caeli","GD 165","WD 1202-232","Gliese 794","Глизе 318","Gliese 246","Gliese 127.1","CD Oct","G 263-3","G 21-15","WD 2359-434","GD 358"]},{"index":1,"name":"col1","values":["24.9603","15.4332","56.8996","49.0771","13.0213","3.7496","37.7083","30.4338","47.1596","29.9335","95.8404","67.4947","117.3281","58.5737","96.1708","52.4771","45.0427","22.4153","119.9752","23.2012"]},{"index":2,"name":"col2","values":["137","133","279","134","151","0.36","328","165","261","186","124","303","130","254","237","129","236","190","122","1018"]},{"index":3,"name":"col3","values":["3.4131281366141","101.1197142983937","312.2779157631769","34.0681321326669","8.261865209677","331.203025846827","204.710325332761","240.3466117706802","65.27317998742375","216.1631228887656","181.3611415595281","308.591187420385","130.38512210139834","101.9082905475577","47.6292507669668","331.0869113616888","321.7402370730291","276.8045301759851","0.5446849795178","251.8266362055467"]},{"index":4,"name":"col4","values":["93000000","140000000","214000000","224000000","186000000","19000","90000000","126000000","13000000","112000000","78000000","107000000","59000000","123000000","115000000","390000000","93000000","46000000","234000000","83000000"]},{"index":5,"name":"col5","values":["-183.809","-112.846","148.052","-158.758","-45.342","-41.309","-402.093","-545.455","-533.777","-213.353","41.773","-563.327","-1061.335","-937.763","-103.194","-527.672","-313.953","-284.164","-686.734","-159.096"]},{"index":6,"name":"col6","values":["40.0636","64.7954","17.5748","20.3761","76.7972","266.695","26.5194","32.8582","21.2046","33.4074","10.434","14.816","8.5231","17.0725","10.3982","19.0559","22.2012","44.6124","8.3351","43.1012"]}]},"context":{"page_title":null,"page_url":null,"page_entity_id":null,"content_hierarchy":[]},"links":[[[{"start":0,"end":6,"url":null,"entity_id":"Q75079843","candidates":[]}],[],[],[],[],[],[]],[[{"start":0,"end":9,"url":null,"entity_id":"Q74969935","candidates":[]}],[],[],[],[],[],[]],[[{"start":0,"end":8,"url":null,"entity_id":"Q74038569","candidates":[]}],[],[],[],[],[],[]],[[{"start":0,"end":5,"url":null,"entity_id":"Q74032514","candidates":[]}],[],[],[],[],[],[]],[[{"start":0,"end":10,"url":null,"entity_id":"Q74003971","candidates":[]}],[],[],[],[],[],[]],[[{"start":0,"end":9,"url":null,"entity_id":"Q25389922","candidates":[]}],[],[],[],[],[],[]],[[{"start":0,"end":11,"url":null,"entity_id":"Q22086975","candidates":[]}],[],[],[],[],[],[]],[[{"start":0,"end":19,"url":null,"entity_id":"Q18643788","candidates":[]}],[],[],[],[],[],[]],[[{"start":0,"end":8,"url":null,"entity_id":"Q17042262","candidates":[]}],[],[],[],[],[],[]],[[{"start":0,"end":6,"url":null,"entity_id":"Q14957153","candidates":[]}],[],[],[],[],[],[]],[[{"start":0,"end":11,"url":null,"entity_id":"Q6165874","candidates":[]}],[],[],[],[],[],[]],[[{"start":0,"end":10,"url":null,"entity_id":"Q5880949","candidates":[]}],[],[],[],[],[],[]],[[{"start":0,"end":9,"url":null,"entity_id":"Q5880882","candidates":[]}],[],[],[],[],[],[]],[[{"start":0,"end":10,"url":null,"entity_id":"Q5880871","candidates":[]}],[],[],[],[],[],[]],[[{"start":0,"end":12,"url":null,"entity_id":"Q5880862","candidates":[]}],[],[],[],[],[],[]],[[{"start":0,"end":6,"url":null,"entity_id":"Q5736975","candidates":[]}],[],[],[],[],[],[]],[[{"start":0,"end":7,"url":null,"entity_id":"Q5652004","candidates":[]}],[],[],[],[],[],[]],[[{"start":0,"end":7,"url":null,"entity_id":"Q5396188","candidates":[]}],[],[],[],[],[],[]],[[{"start":0,"end":11,"url":null,"entity_id":"Q5176940","candidates":[]}],[],[],[],[],[],[]],[[{"start":0,"end":6,"url":null,"entity_id":"Q5175111","candidates":[]}],[],[],[],[],[],[]]]}