{"version":"1.2","table":{"version":"2","table_id":"DIBWTQ42","columns":[{"index":0,"name":"col0","values":["PB 5476","LB 239","Ton S 103","CD-30 19716","PG 0957+037","SDSS J100019.98-003413.3","SBSS 1333+561","GALEX J161423.4+531405","SBSS 1610+558","PG 1032+007","PG 2352+181","HS 2108+1413","SDSS J000847.25-051217.1","SDSS J074935.53+142232.5","SDSS J014952.65+224215.1","SDSS J015235.11+223122.8","HE 2201-0001","KUV 06497+2904","FBS 0646+386","FBS 1519+343"]},{"index":1,"name":"col1","values":["-1.658","-15.865","-3.536","-13.283","-8.978","-6.193","-3.288","-7.144","-0.68","-10.924","-1.291","-8.25","-2.228","-5.439","-2.055","-3.851","-4.212","-4.478","0.7","-4.507"]},{"index":2,"name":"col2","values":["120200","114800","3160000","1260000","142000","537000","186000000","316000","513000","56000000","723000","1700000","277000","102300","141300","282000","447000","500000","69000000","1600"]}]},"context":{"page_title":null,"page_url":null,"page_entity_id":null,"content_hierarchy":[]},"links":[[[{"start":0,"end":7,"url":null,"entity_id":"Q75060768","candidates":[]}],[],[]],[[{"start":0,"end":6,"url":null,"entity_id":"Q77909440","candidates":[]}],[],[]],[[{"start":0,"end":9,"url":null,"entity_id":"Q77902562","candidates":[]}],[],[]],[[{"start":0,"end":11,"url":null,"entity_id":"Q77896242","candidates":[]}],[],[]],[[{"start":0,"end":11,"url":null,"entity_id":"Q77832552","candidates":[]}],[],[]],[[{"start":0,"end":24,"url":null,"entity_id":"Q77830591","candidates":[]}],[],[]],[[{"start":0,"end":13,"url":null,"entity_id":"Q77704800","candidates":[]}],[],[]],[[{"start":0,"end":22,"url":null,"entity_id":"Q77475499","candidates":[]}],[],[]],[[{"start":0,"end":13,"url":null,"entity_id":"Q77465046","candidates":[]}],[],[]],[[{"start":0,"end":11,"url":null,"entity_id":"Q77385883","candidates":[]}],[],[]],[[{"start":0,"end":11,"url":null,"entity_id":"Q77040438","candidates":[]}],[],[]],[[{"start":0,"end":12,"url":null,"entity_id":"Q76982621","candidates":[]}],[],[]],[[{"start":0,"end":24,"url":null,"entity_id":"Q76970516","candidates":[]}],[],[]],[[{"start":0,"end":24,"url":null,"entity_id":"Q76966019","candidates":[]}],[],[]],[[{"start":0,"end":24,"url":null,"entity_id":"Q76961816","candidates":[]}],[],[]],[[{"start":0,"end":24,"url":null,"entity_id":"Q76961429","candidates":[]}],[],[]],[[{"start":0,"end":12,"url":null,"entity_id":"Q83803257","candidates":[]}],[],[]],[[{"start":0,"end":14,"url":null,"entity_id":"Q83683642","candidates":[]}],[],[]],[[{"start":0,"end":12,"url":null,"entity_id":"Q83679204","candidates":[]}],[],[]],[[{"start":0,"end":12,"url":null,"entity_id":"Q83589165","candidates":[]}],[],[]]]}