{"version":"1.2","table":{"version":"2","table_id":"DJF82VJF","columns":[{"index":0,"name":"col0","values":["Suhozem","Gorno Kraishte","Ribnik","Lilyanovo","Malki Tsalim","Lyubovishte","Leshko","Mendovo","Lehovo","Novo Konomladi","Lozenitsa","Negovan","Lisovo","Dagonovo","Laskarevo","Ladarevo","Gorno Spanchevo","Dobri Laki","Golem Tsalim","Kremen, Blagoevgrad Province","Gostun","Karlanovo","Igralishte","Karpelevo","Kashina","Gorna Ribnitsa","Dobrotino","Gospodintsi","General Todorov","Krastiltsi","Zoychene","Konarsko","Krandzhilitsa","Kladentsi, Blagoevgrad Province","Karamantsi","Gorni Lom","Zmeitsa","Bukatsite","Karlievo","Vievo","Vinogradi","Doleni","Zelenodol"]},{"index":1,"name":"col1","values":["15.741","6.159","3907","76502","7229","6475","43427","4065","11871","4965","8168","9.33","22338","15.802","938","4025","14863","2679","7848","61869","52425","5463","26174","14465","17143","17345","2262","13353","9134","22911","5749","1892","18075","5481","11.629","83.565","34.643","10048","18.097","14.779","8266","10178","7044"]},{"index":2,"name":"col2","values":["249","846","74","676","847","507","591","212","489","152","391","549","430","1110","258","383","477","1027","659","1100","1028","632","819","618","728","835","650","560","96","435","1095","1329","714","326","315","427","1327","995","635","1277","391","796","480"]}]},"context":{"page_title":null,"page_url":null,"page_entity_id":null,"content_hierarchy":[]},"links":[[[{"start":0,"end":7,"url":null,"entity_id":"Q2654079","candidates":[]}],[],[]],[[{"start":0,"end":14,"url":null,"entity_id":"Q2654074","candidates":[]}],[],[]],[[{"start":0,"end":6,"url":null,"entity_id":"Q2654060","candidates":[]}],[],[]],[[{"start":0,"end":9,"url":null,"entity_id":"Q2654055","candidates":[]}],[],[]],[[{"start":0,"end":12,"url":null,"entity_id":"Q2654050","candidates":[]}],[],[]],[[{"start":0,"end":11,"url":null,"entity_id":"Q2654045","candidates":[]}],[],[]],[[{"start":0,"end":6,"url":null,"entity_id":"Q2654023","candidates":[]}],[],[]],[[{"start":0,"end":7,"url":null,"entity_id":"Q2654013","candidates":[]}],[],[]],[[{"start":0,"end":6,"url":null,"entity_id":"Q2654008","candidates":[]}],[],[]],[[{"start":0,"end":14,"url":null,"entity_id":"Q2654003","candidates":[]}],[],[]],[[{"start":0,"end":9,"url":null,"entity_id":"Q2653993","candidates":[]}],[],[]],[[{"start":0,"end":7,"url":null,"entity_id":"Q2653970","candidates":[]}],[],[]],[[{"start":0,"end":6,"url":null,"entity_id":"Q2653966","candidates":[]}],[],[]],[[{"start":0,"end":8,"url":null,"entity_id":"Q2653938","candidates":[]}],[],[]],[[{"start":0,"end":9,"url":null,"entity_id":"Q2653923","candidates":[]}],[],[]],[[{"start":0,"end":8,"url":null,"entity_id":"Q2653919","candidates":[]}],[],[]],[[{"start":0,"end":15,"url":null,"entity_id":"Q2653911","candidates":[]}],[],[]],[[{"start":0,"end":10,"url":null,"entity_id":"Q2653909","candidates":[]}],[],[]],[[{"start":0,"end":12,"url":null,"entity_id":"Q2653905","candidates":[]}],[],[]],[[{"start":0,"end":28,"url":null,"entity_id":"Q2653902","candidates":[]}],[],[]],[[{"start":0,"end":6,"url":null,"entity_id":"Q2653895","candidates":[]}],[],[]],[[{"start":0,"end":9,"url":null,"entity_id":"Q2653890","candidates":[]}],[],[]],[[{"start":0,"end":10,"url":null,"entity_id":"Q2653885","candidates":[]}],[],[]],[[{"start":0,"end":9,"url":null,"entity_id":"Q2653881","candidates":[]}],[],[]],[[{"start":0,"end":7,"url":null,"entity_id":"Q2653873","candidates":[]}],[],[]],[[{"start":0,"end":14,"url":null,"entity_id":"Q2653869","candidates":[]}],[],[]],[[{"start":0,"end":9,"url":null,"entity_id":"Q2653863","candidates":[]}],[],[]],[[{"start":0,"end":11,"url":null,"entity_id":"Q2653858","candidates":[]}],[],[]],[[{"start":0,"end":15,"url":null,"entity_id":"Q2653852","candidates":[]}],[],[]],[[{"start":0,"end":10,"url":null,"entity_id":"Q2653846","candidates":[]}],[],[]],[[{"start":0,"end":8,"url":null,"entity_id":"Q2653843","candidates":[]}],[],[]],[[{"start":0,"end":8,"url":null,"entity_id":"Q2653836","candidates":[]}],[],[]],[[{"start":0,"end":13,"url":null,"entity_id":"Q2653819","candidates":[]}],[],[]],[[{"start":0,"end":31,"url":null,"entity_id":"Q2653815","candidates":[]}],[],[]],[[{"start":0,"end":10,"url":null,"entity_id":"Q2653788","candidates":[]}],[],[]],[[{"start":0,"end":9,"url":null,"entity_id":"Q2653727","candidates":[]}],[],[]],[[{"start":0,"end":7,"url":null,"entity_id":"Q2653654","candidates":[]}],[],[]],[[{"start":0,"end":9,"url":null,"entity_id":"Q2653580","candidates":[]}],[],[]],[[{"start":0,"end":8,"url":null,"entity_id":"Q2653567","candidates":[]}],[],[]],[[{"start":0,"end":5,"url":null,"entity_id":"Q2653535","candidates":[]}],[],[]],[[{"start":0,"end":9,"url":null,"entity_id":"Q2653506","candidates":[]}],[],[]],[[{"start":0,"end":6,"url":null,"entity_id":"Q2653501","candidates":[]}],[],[]],[[{"start":0,"end":9,"url":null,"entity_id":"Q2653496","candidates":[]}],[],[]]]}