{"version":"1.2","table":{"version":"2","table_id":"DJMWXFDH","columns":[{"index":0,"name":"col0","values":["Kiso","Sai","Iakadate","Rokkaso","Higashichichibw","Shiukppu","Shinshinotvu","hosanbetsu","ikurajima","Kaxauchi","Kktayama","ozawaonsen","Ckaigawa","Makkar","Shimmaki","usutsu","Morosuka","Katturao","Mlnamidaitō","Ōgimi"]},{"index":1,"name":"col1","values":["141.4835","135.84018","22.171200000000002","251.66928000000001","37.356480000000005","567.41013","77.88392","278.91984","20.70432","197.35","48.3446","57.84408","282.8909","114.82124999999999","432.8082","119.24080000000001","186.24708","85.2137","30.71318","63.35935"]},{"index":2,"name":"col2","values":["2673.718","1911.4","7554.8","10375.344000000001","2627.4359999999997","1414.032","3084.441","1143.45","337.324","1890.72","416.832","3310.304","1188.432","2079.402","1441.662","1992.978","1522.808","0.0","1310.22","2885.85"]}]},"context":{"page_title":null,"page_url":null,"page_entity_id":null,"content_hierarchy":[]},"links":[[[{"start":0,"end":4,"url":null,"entity_id":"Q1743742","candidates":[]}],[],[]],[[{"start":0,"end":3,"url":null,"entity_id":"Q1362393","candidates":[]}],[],[]],[[{"start":0,"end":8,"url":null,"entity_id":"Q1362354","candidates":[]}],[],[]],[[{"start":0,"end":7,"url":null,"entity_id":"Q1362335","candidates":[]}],[],[]],[[{"start":0,"end":15,"url":null,"entity_id":"Q1357435","candidates":[]}],[],[]],[[{"start":0,"end":8,"url":null,"entity_id":"Q1356989","candidates":[]}],[],[]],[[{"start":0,"end":12,"url":null,"entity_id":"Q1355454","candidates":[]}],[],[]],[[{"start":0,"end":10,"url":null,"entity_id":"Q1355358","candidates":[]}],[],[]],[[{"start":0,"end":9,"url":null,"entity_id":"Q1354993","candidates":[]}],[],[]],[[{"start":0,"end":8,"url":null,"entity_id":"Q1354949","candidates":[]}],[],[]],[[{"start":0,"end":8,"url":null,"entity_id":"Q1354841","candidates":[]}],[],[]],[[{"start":0,"end":10,"url":null,"entity_id":"Q1354760","candidates":[]}],[],[]],[[{"start":0,"end":8,"url":null,"entity_id":"Q1354513","candidates":[]}],[],[]],[[{"start":0,"end":6,"url":null,"entity_id":"Q1354496","candidates":[]}],[],[]],[[{"start":0,"end":8,"url":null,"entity_id":"Q1354462","candidates":[]}],[],[]],[[{"start":0,"end":6,"url":null,"entity_id":"Q1354413","candidates":[]}],[],[]],[[{"start":0,"end":8,"url":null,"entity_id":"Q1352167","candidates":[]}],[],[]],[[{"start":0,"end":8,"url":null,"entity_id":"Q1352137","candidates":[]}],[],[]],[[{"start":0,"end":11,"url":null,"entity_id":"Q1351200","candidates":[]}],[],[]],[[{"start":0,"end":5,"url":null,"entity_id":"Q1351188","candidates":[]}],[],[]]]}