{"version":"1.2","table":{"version":"2","table_id":"DO6VV44Q","columns":[{"index":0,"name":"col0","values":["Attenwil","Schiznach-Bad","Malaeers","Vilenen","Brot-Desous","Enges","Loenen, Apeldoon","Rovio","Riva Sa Vitale","Iinterrhein","Spügen","Wildertwil","Villeneuv","Vuissent","Rue{res-les-Prés","Villaz-aint-Pierre","Niederösh","Brno-žebětín","Schönenbgrg","Gietoorn"]},{"index":1,"name":"col1","values":["list of cultural properties in Attelwil","list of cultural properties in Schinznach-Bad","list of cultural properties in Maladers","list of cultural properties in Silenen","list of cultural properties in Brot-Dessous","list of cultural properties in Enges","Gemeentelijke monumenten in Loenen (Apeldoorn)","list of cultural properties in Rovio","list of cultural properties in Riva San Vitale","list of cultural properties in Hinterrhein","list of cultural properties in Splügen","list of cultural properties in Wilderswil","list of cultural properties in Villeneuve FR","list of cultural properties in Vuissens","list of cultural properties in Rueyres-les-Prés","list of cultural properties in Villaz-Saint-Pierre","list of cultural properties in Niederösch","Cultural monuments in Brno-Žebětín","list of cultural properties in Schönenberg ZH","Rijksmonumenten in Giethoorn"]},{"index":2,"name":"col2","values":["502.992","363.272","1023.13","505.92","863.856","824.16","25.25","496.503","272.454","1607.76","1470.1129999999998","591.86","484.36699999999996","709.0","470.162","727.542","483.545","311.24","713.286","1.007"]},{"index":3,"name":"col3","values":["Switzerland","Switzerland","Switzerland","Switzerland","Switzerland","Switzerland","Netherlands","Switzerland","Switzerland","Switzerland","Switzerland","Switzerland","Switzerland","Switzerland","Switzerland","Switzerland","Switzerland","Czech Republic","Switzerland","Netherlands"]}]},"context":{"page_title":null,"page_url":null,"page_entity_id":null,"content_hierarchy":[]},"links":[[[{"start":0,"end":8,"url":null,"entity_id":"Q64389","candidates":[]}],[{"start":0,"end":39,"url":null,"entity_id":"Q14545629","candidates":[]}],[],[{"start":0,"end":11,"url":null,"entity_id":"Q39","candidates":[]}]],[[{"start":0,"end":13,"url":null,"entity_id":"Q65328","candidates":[]}],[{"start":0,"end":45,"url":null,"entity_id":"Q14545605","candidates":[]}],[],[{"start":0,"end":11,"url":null,"entity_id":"Q39","candidates":[]}]],[[{"start":0,"end":8,"url":null,"entity_id":"Q64972","candidates":[]}],[{"start":0,"end":39,"url":null,"entity_id":"Q14545376","candidates":[]}],[],[{"start":0,"end":11,"url":null,"entity_id":"Q39","candidates":[]}]],[[{"start":0,"end":7,"url":null,"entity_id":"Q69135","candidates":[]}],[{"start":0,"end":38,"url":null,"entity_id":"Q14545071","candidates":[]}],[],[{"start":0,"end":11,"url":null,"entity_id":"Q39","candidates":[]}]],[[{"start":0,"end":11,"url":null,"entity_id":"Q70522","candidates":[]}],[{"start":0,"end":43,"url":null,"entity_id":"Q14545054","candidates":[]}],[],[{"start":0,"end":11,"url":null,"entity_id":"Q39","candidates":[]}]],[[{"start":0,"end":5,"url":null,"entity_id":"Q68546","candidates":[]}],[{"start":0,"end":36,"url":null,"entity_id":"Q14544976","candidates":[]}],[],[{"start":0,"end":11,"url":null,"entity_id":"Q39","candidates":[]}]],[[{"start":0,"end":16,"url":null,"entity_id":"Q1867889","candidates":[]}],[{"start":0,"end":46,"url":null,"entity_id":"Q13754976","candidates":[]}],[],[{"start":0,"end":11,"url":null,"entity_id":"Q55","candidates":[]}]],[[{"start":0,"end":5,"url":null,"entity_id":"Q67986","candidates":[]}],[{"start":0,"end":36,"url":null,"entity_id":"Q14540531","candidates":[]}],[],[{"start":0,"end":11,"url":null,"entity_id":"Q39","candidates":[]}]],[[{"start":0,"end":14,"url":null,"entity_id":"Q67130","candidates":[]}],[{"start":0,"end":46,"url":null,"entity_id":"Q14540461","candidates":[]}],[],[{"start":0,"end":11,"url":null,"entity_id":"Q39","candidates":[]}]],[[{"start":0,"end":11,"url":null,"entity_id":"Q64886","candidates":[]}],[{"start":0,"end":42,"url":null,"entity_id":"Q14537873","candidates":[]}],[],[{"start":0,"end":11,"url":null,"entity_id":"Q39","candidates":[]}]],[[{"start":0,"end":6,"url":null,"entity_id":"Q64195","candidates":[]}],[{"start":0,"end":38,"url":null,"entity_id":"Q14537687","candidates":[]}],[],[{"start":0,"end":11,"url":null,"entity_id":"Q39","candidates":[]}]],[[{"start":0,"end":10,"url":null,"entity_id":"Q69256","candidates":[]}],[{"start":0,"end":41,"url":null,"entity_id":"Q14537458","candidates":[]}],[],[{"start":0,"end":11,"url":null,"entity_id":"Q39","candidates":[]}]],[[{"start":0,"end":9,"url":null,"entity_id":"Q68583","candidates":[]}],[{"start":0,"end":44,"url":null,"entity_id":"Q14537388","candidates":[]}],[],[{"start":0,"end":11,"url":null,"entity_id":"Q39","candidates":[]}]],[[{"start":0,"end":8,"url":null,"entity_id":"Q70002","candidates":[]}],[{"start":0,"end":39,"url":null,"entity_id":"Q14537387","candidates":[]}],[],[{"start":0,"end":11,"url":null,"entity_id":"Q39","candidates":[]}]],[[{"start":0,"end":16,"url":null,"entity_id":"Q68657","candidates":[]}],[{"start":0,"end":47,"url":null,"entity_id":"Q14537319","candidates":[]}],[],[{"start":0,"end":11,"url":null,"entity_id":"Q39","candidates":[]}]],[[{"start":0,"end":18,"url":null,"entity_id":"Q70440","candidates":[]}],[{"start":0,"end":50,"url":null,"entity_id":"Q14537036","candidates":[]}],[],[{"start":0,"end":11,"url":null,"entity_id":"Q39","candidates":[]}]],[[{"start":0,"end":9,"url":null,"entity_id":"Q67652","candidates":[]}],[{"start":0,"end":41,"url":null,"entity_id":"Q14536968","candidates":[]}],[],[{"start":0,"end":11,"url":null,"entity_id":"Q39","candidates":[]}]],[[{"start":0,"end":12,"url":null,"entity_id":"Q393476","candidates":[]}],[{"start":0,"end":34,"url":null,"entity_id":"Q12052043","candidates":[]}],[],[{"start":0,"end":14,"url":null,"entity_id":"Q213","candidates":[]}]],[[{"start":0,"end":11,"url":null,"entity_id":"Q67528","candidates":[]}],[{"start":0,"end":45,"url":null,"entity_id":"Q14913691","candidates":[]}],[],[{"start":0,"end":11,"url":null,"entity_id":"Q39","candidates":[]}]],[[{"start":0,"end":8,"url":null,"entity_id":"Q1025664","candidates":[]}],[{"start":0,"end":28,"url":null,"entity_id":"Q2275386","candidates":[]}],[],[{"start":0,"end":11,"url":null,"entity_id":"Q55","candidates":[]}]]]}