{"version":"1.2","table":{"version":"2","table_id":"DOTAG5RC","columns":[{"index":0,"name":"col0","values":["Chinese gunboat Chung Shan","SMS Möwe","SMS Delphin","SMS Cyclop","SMS Comet","SMS Salamander (1880)","Japanese gunboat Akagi","Soviet gunboat Krasnoye Znamya","Japanese gunboat Tsukushi","HMS Gnat","HMS Cricket","HMS Cockchafer","HMS Aphis","USS Ready","USS Gallup","USS Chehalis","USS Benicia","USS Antelope","USS Sciota","USS Otsego"]},{"index":1,"name":"col1","values":["Mitsubishi Heavy Industries","Schichau-Werke","Kaiserliche Werft Danzig","Kaiserliche Werft Danzig","Kaiserliche Werft Danzig","AG Weser","Onohama Shipyards","Admiralty Shipyard","Armstrong Whitworth","Lobnitz","Barclay Curle","Barclay Curle","Ailsa Shipbuilding Company","Tacoma Boatbuilding Company","Tacoma Boatbuilding Company","Tacoma Boatbuilding Company","Tacoma Boatbuilding Company","Tacoma Boatbuilding Company","Birely, Hillman & Streaker","Jacob Aaron Westervelt"]},{"index":2,"name":"col2","values":["Republic of China (1912–1949)","German Reich","German Reich","German Reich","German Reich","German Reich","Empire of Japan","Russian Empire","Chile","United Kingdom","United Kingdom","United Kingdom","United Kingdom","United States of America","United States of America","United States of America","United States of America","United States of America","United States of America","United States of America"]}]},"context":{"page_title":null,"page_url":null,"page_entity_id":null,"content_hierarchy":[]},"links":[[[{"start":0,"end":26,"url":null,"entity_id":"Q718158","candidates":[]}],[{"start":0,"end":27,"url":null,"entity_id":"Q648280","candidates":[]}],[{"start":0,"end":29,"url":null,"entity_id":"Q13426199","candidates":[]}]],[[{"start":0,"end":8,"url":null,"entity_id":"Q2207021","candidates":[]}],[{"start":0,"end":14,"url":null,"entity_id":"Q573094","candidates":[]}],[{"start":0,"end":12,"url":null,"entity_id":"Q1206012","candidates":[]}]],[[{"start":0,"end":11,"url":null,"entity_id":"Q2206816","candidates":[]}],[{"start":0,"end":24,"url":null,"entity_id":"Q531348","candidates":[]}],[{"start":0,"end":12,"url":null,"entity_id":"Q1206012","candidates":[]}]],[[{"start":0,"end":10,"url":null,"entity_id":"Q2206806","candidates":[]}],[{"start":0,"end":24,"url":null,"entity_id":"Q531348","candidates":[]}],[{"start":0,"end":12,"url":null,"entity_id":"Q1206012","candidates":[]}]],[[{"start":0,"end":9,"url":null,"entity_id":"Q2206792","candidates":[]}],[{"start":0,"end":24,"url":null,"entity_id":"Q531348","candidates":[]}],[{"start":0,"end":12,"url":null,"entity_id":"Q1206012","candidates":[]}]],[[{"start":0,"end":21,"url":null,"entity_id":"Q2207085","candidates":[]}],[{"start":0,"end":8,"url":null,"entity_id":"Q292748","candidates":[]}],[{"start":0,"end":12,"url":null,"entity_id":"Q1206012","candidates":[]}]],[[{"start":0,"end":22,"url":null,"entity_id":"Q4059117","candidates":[]}],[{"start":0,"end":17,"url":null,"entity_id":"Q11464151","candidates":[]}],[{"start":0,"end":15,"url":null,"entity_id":"Q188712","candidates":[]}]],[[{"start":0,"end":30,"url":null,"entity_id":"Q690490","candidates":[]}],[{"start":0,"end":18,"url":null,"entity_id":"Q2292711","candidates":[]}],[{"start":0,"end":14,"url":null,"entity_id":"Q34266","candidates":[]}]],[[{"start":0,"end":25,"url":null,"entity_id":"Q59636","candidates":[]}],[{"start":0,"end":19,"url":null,"entity_id":"Q689159","candidates":[]}],[{"start":0,"end":5,"url":null,"entity_id":"Q298","candidates":[]}]],[[{"start":0,"end":8,"url":null,"entity_id":"Q614298","candidates":[]}],[{"start":0,"end":7,"url":null,"entity_id":"Q6663729","candidates":[]}],[{"start":0,"end":14,"url":null,"entity_id":"Q145","candidates":[]}]],[[{"start":0,"end":11,"url":null,"entity_id":"Q5632007","candidates":[]}],[{"start":0,"end":13,"url":null,"entity_id":"Q807945","candidates":[]}],[{"start":0,"end":14,"url":null,"entity_id":"Q145","candidates":[]}]],[[{"start":0,"end":14,"url":null,"entity_id":"Q5631908","candidates":[]}],[{"start":0,"end":13,"url":null,"entity_id":"Q807945","candidates":[]}],[{"start":0,"end":14,"url":null,"entity_id":"Q145","candidates":[]}]],[[{"start":0,"end":9,"url":null,"entity_id":"Q5631366","candidates":[]}],[{"start":0,"end":26,"url":null,"entity_id":"Q248036","candidates":[]}],[{"start":0,"end":14,"url":null,"entity_id":"Q145","candidates":[]}]],[[{"start":0,"end":9,"url":null,"entity_id":"Q7873313","candidates":[]}],[{"start":0,"end":27,"url":null,"entity_id":"Q7673985","candidates":[]}],[{"start":0,"end":24,"url":null,"entity_id":"Q30","candidates":[]}]],[[{"start":0,"end":10,"url":null,"entity_id":"Q7869562","candidates":[]}],[{"start":0,"end":27,"url":null,"entity_id":"Q7673985","candidates":[]}],[{"start":0,"end":24,"url":null,"entity_id":"Q30","candidates":[]}]],[[{"start":0,"end":12,"url":null,"entity_id":"Q7868268","candidates":[]}],[{"start":0,"end":27,"url":null,"entity_id":"Q7673985","candidates":[]}],[{"start":0,"end":24,"url":null,"entity_id":"Q30","candidates":[]}]],[[{"start":0,"end":11,"url":null,"entity_id":"Q7867683","candidates":[]}],[{"start":0,"end":27,"url":null,"entity_id":"Q7673985","candidates":[]}],[{"start":0,"end":24,"url":null,"entity_id":"Q30","candidates":[]}]],[[{"start":0,"end":12,"url":null,"entity_id":"Q7867323","candidates":[]}],[{"start":0,"end":27,"url":null,"entity_id":"Q7673985","candidates":[]}],[{"start":0,"end":24,"url":null,"entity_id":"Q30","candidates":[]}]],[[{"start":0,"end":10,"url":null,"entity_id":"Q7873918","candidates":[]}],[{"start":0,"end":26,"url":null,"entity_id":"Q4916181","candidates":[]}],[{"start":0,"end":24,"url":null,"entity_id":"Q30","candidates":[]}]],[[{"start":0,"end":10,"url":null,"entity_id":"Q7872529","candidates":[]}],[{"start":0,"end":22,"url":null,"entity_id":"Q1677408","candidates":[]}],[{"start":0,"end":24,"url":null,"entity_id":"Q30","candidates":[]}]]]}