{"version":"1.2","table":{"version":"2","table_id":"DP3COR5G","columns":[{"index":0,"name":"col0","values":["econd Puni War","French invavion of Russia","War in the Vedée","Soviet–Japanese Wa","Aglo-Spanish War","Anglo-Spanish\"War","War of the Third Coaliton","Gothic War of 535–556","Italo-Turkih War","Eastern Front of WorldWar II","Secon Boer War","Caucasiaq War","Russo-Turkish War of1828–29","Crimeaq War","ovember Uprising","Russo-Swedih War of 1554–57","Secoqd Anglo-Afghan War","French Revoltionary Wars","Secnd Opium War","Iirst Oium War"]},{"index":1,"name":"col1","values":["Punic wars","Napoleonic Wars","War of the First Coalition","World War II","Franco-Spanish War (1635–1659)","Eighty Years' War","Napoleonic Wars","Justinian I","Scramble for Africa","World War II","Military history of South Africa","Russian conquest of the Caucasus","History of the Russo-Turkish wars","Ottoman wars in Europe","Polish–Russian War","Russo-Swedish Wars","Anglo-Afghan Wars","French Revolution","Opium Wars","Opium Wars"]},{"index":2,"name":"col2","values":["Brockhaus and Efron Encyclopedic Dictionary","Brockhaus and Efron Encyclopedic Dictionary","Brockhaus and Efron Encyclopedic Dictionary","Bashkir Encyclopedia","Sytin Military Encyclopedia","Sytin Military Encyclopedia","Sytin Military Encyclopedia","Sytin Military Encyclopedia","Armenian Soviet Encyclopedia","Armenian Soviet Encyclopedia","Nordisk familjebok","Brockhaus and Efron Encyclopedic Dictionary","Brockhaus and Efron Encyclopedic Dictionary","Brockhaus and Efron Encyclopedic Dictionary","Brockhaus and Efron Encyclopedic Dictionary","Brockhaus and Efron Encyclopedic Dictionary","Brockhaus and Efron Encyclopedic Dictionary","Brockhaus and Efron Encyclopedic Dictionary","Great Soviet Encyclopedia","Great Soviet Encyclopedia"]}]},"context":{"page_title":null,"page_url":null,"page_entity_id":null,"content_hierarchy":[]},"links":[[[{"start":0,"end":14,"url":null,"entity_id":"Q6271","candidates":[]}],[{"start":0,"end":10,"url":null,"entity_id":"Q124988","candidates":[]}],[{"start":0,"end":43,"url":null,"entity_id":"Q602358","candidates":[]}]],[[{"start":0,"end":25,"url":null,"entity_id":"Q179250","candidates":[]}],[{"start":0,"end":15,"url":null,"entity_id":"Q78994","candidates":[]}],[{"start":0,"end":43,"url":null,"entity_id":"Q602358","candidates":[]}]],[[{"start":0,"end":16,"url":null,"entity_id":"Q8628","candidates":[]}],[{"start":0,"end":26,"url":null,"entity_id":"Q18817","candidates":[]}],[{"start":0,"end":43,"url":null,"entity_id":"Q602358","candidates":[]}]],[[{"start":0,"end":18,"url":null,"entity_id":"Q220602","candidates":[]}],[{"start":0,"end":12,"url":null,"entity_id":"Q362","candidates":[]}],[{"start":0,"end":20,"url":null,"entity_id":"Q16271761","candidates":[]}]],[[{"start":0,"end":16,"url":null,"entity_id":"Q369291","candidates":[]}],[{"start":0,"end":30,"url":null,"entity_id":"Q617333","candidates":[]}],[{"start":0,"end":27,"url":null,"entity_id":"Q4114391","candidates":[]}]],[[{"start":0,"end":17,"url":null,"entity_id":"Q430726","candidates":[]}],[{"start":0,"end":17,"url":null,"entity_id":"Q164432","candidates":[]}],[{"start":0,"end":27,"url":null,"entity_id":"Q4114391","candidates":[]}]],[[{"start":0,"end":25,"url":null,"entity_id":"Q249232","candidates":[]}],[{"start":0,"end":15,"url":null,"entity_id":"Q78994","candidates":[]}],[{"start":0,"end":27,"url":null,"entity_id":"Q4114391","candidates":[]}]],[[{"start":0,"end":21,"url":null,"entity_id":"Q477973","candidates":[]}],[{"start":0,"end":11,"url":null,"entity_id":"Q41866","candidates":[]}],[{"start":0,"end":27,"url":null,"entity_id":"Q4114391","candidates":[]}]],[[{"start":0,"end":16,"url":null,"entity_id":"Q203824","candidates":[]}],[{"start":0,"end":19,"url":null,"entity_id":"Q179848","candidates":[]}],[{"start":0,"end":28,"url":null,"entity_id":"Q2657718","candidates":[]}]],[[{"start":0,"end":28,"url":null,"entity_id":"Q189266","candidates":[]}],[{"start":0,"end":12,"url":null,"entity_id":"Q362","candidates":[]}],[{"start":0,"end":28,"url":null,"entity_id":"Q2657718","candidates":[]}]],[[{"start":0,"end":14,"url":null,"entity_id":"Q215112","candidates":[]}],[{"start":0,"end":32,"url":null,"entity_id":"Q6857636","candidates":[]}],[{"start":0,"end":18,"url":null,"entity_id":"Q678259","candidates":[]}]],[[{"start":0,"end":13,"url":null,"entity_id":"Q382116","candidates":[]}],[{"start":0,"end":32,"url":null,"entity_id":"Q23039096","candidates":[]}],[{"start":0,"end":43,"url":null,"entity_id":"Q602358","candidates":[]}]],[[{"start":0,"end":27,"url":null,"entity_id":"Q287942","candidates":[]}],[{"start":0,"end":33,"url":null,"entity_id":"Q743046","candidates":[]}],[{"start":0,"end":43,"url":null,"entity_id":"Q602358","candidates":[]}]],[[{"start":0,"end":11,"url":null,"entity_id":"Q254106","candidates":[]}],[{"start":0,"end":22,"url":null,"entity_id":"Q698985","candidates":[]}],[{"start":0,"end":43,"url":null,"entity_id":"Q602358","candidates":[]}]],[[{"start":0,"end":16,"url":null,"entity_id":"Q462964","candidates":[]}],[{"start":0,"end":18,"url":null,"entity_id":"Q591608","candidates":[]}],[{"start":0,"end":43,"url":null,"entity_id":"Q602358","candidates":[]}]],[[{"start":0,"end":27,"url":null,"entity_id":"Q370963","candidates":[]}],[{"start":0,"end":18,"url":null,"entity_id":"Q278709","candidates":[]}],[{"start":0,"end":43,"url":null,"entity_id":"Q602358","candidates":[]}]],[[{"start":0,"end":23,"url":null,"entity_id":"Q233507","candidates":[]}],[{"start":0,"end":17,"url":null,"entity_id":"Q40837","candidates":[]}],[{"start":0,"end":43,"url":null,"entity_id":"Q602358","candidates":[]}]],[[{"start":0,"end":24,"url":null,"entity_id":"Q207318","candidates":[]}],[{"start":0,"end":17,"url":null,"entity_id":"Q6534","candidates":[]}],[{"start":0,"end":43,"url":null,"entity_id":"Q602358","candidates":[]}]],[[{"start":0,"end":15,"url":null,"entity_id":"Q418151","candidates":[]}],[{"start":0,"end":10,"url":null,"entity_id":"Q220984","candidates":[]}],[{"start":0,"end":25,"url":null,"entity_id":"Q234535","candidates":[]}]],[[{"start":0,"end":14,"url":null,"entity_id":"Q191282","candidates":[]}],[{"start":0,"end":10,"url":null,"entity_id":"Q220984","candidates":[]}],[{"start":0,"end":25,"url":null,"entity_id":"Q234535","candidates":[]}]]]}