{"version":"1.2","table":{"version":"2","table_id":"DQ9DTNC1","columns":[{"index":0,"name":"col0","values":["Zianagar Upazild","Dbkshin Sunamganj Upazila","Dakshin Uurma Upazila","Eumki Upazila","Dharamapash Upazila","Jamalgaj Upazila","Madhabpur Upa|ila","Bishwamvrpur Upazila","akiganj Upazila","Tahirpur Upazlla","Sylht Sadar Upazila","Sunanganj Sadar Upazila","Sullah Uazila","Rajnaar Upazila","Nesarabad (Swarupkati) Upzila","Maulvibazar Sadat Upazila","Juri Upazild","aintiapur Upazila","Habigank Sadar Upazila","Dowarabazar Upazilc"]},{"index":1,"name":"col1","values":["76522.047","182777.714","253894.776","70937.62","222085.99","168932.6","317739.936","155911.857","236425.589","214984.8","829932.1029999999","279577.038","113856.74299999999","231502.67","208921.68","343837.872","147468.42","160288.304","328105.721","229830.76"]},{"index":2,"name":"col2","values":["17199.0","31808.769","43004.0","15666.336","43478.82","29785.325","61863.9","29600.023999999998","40629.096","37627.552","158865.932","49061.43","20420.794","43242.28","48637.475999999995","62377.952","27288.928","27857.594999999998","62281.0","42308.763"]}]},"context":{"page_title":null,"page_url":null,"page_entity_id":null,"content_hierarchy":[]},"links":[[[{"start":0,"end":16,"url":null,"entity_id":"Q21757017","candidates":[]}],[],[]],[[{"start":0,"end":25,"url":null,"entity_id":"Q18987579","candidates":[]}],[],[]],[[{"start":0,"end":21,"url":null,"entity_id":"Q18379786","candidates":[]}],[],[]],[[{"start":0,"end":13,"url":null,"entity_id":"Q16967435","candidates":[]}],[],[]],[[{"start":0,"end":19,"url":null,"entity_id":"Q10977536","candidates":[]}],[],[]],[[{"start":0,"end":16,"url":null,"entity_id":"Q10971583","candidates":[]}],[],[]],[[{"start":0,"end":17,"url":null,"entity_id":"Q10960049","candidates":[]}],[],[]],[[{"start":0,"end":20,"url":null,"entity_id":"Q10954380","candidates":[]}],[],[]],[[{"start":0,"end":15,"url":null,"entity_id":"Q8065098","candidates":[]}],[],[]],[[{"start":0,"end":16,"url":null,"entity_id":"Q7675540","candidates":[]}],[],[]],[[{"start":0,"end":19,"url":null,"entity_id":"Q7660566","candidates":[]}],[],[]],[[{"start":0,"end":23,"url":null,"entity_id":"Q7638781","candidates":[]}],[],[]],[[{"start":0,"end":13,"url":null,"entity_id":"Q7636355","candidates":[]}],[],[]],[[{"start":0,"end":15,"url":null,"entity_id":"Q7215363","candidates":[]}],[],[]],[[{"start":0,"end":29,"url":null,"entity_id":"Q6997147","candidates":[]}],[],[]],[[{"start":0,"end":25,"url":null,"entity_id":"Q6792479","candidates":[]}],[],[]],[[{"start":0,"end":12,"url":null,"entity_id":"Q6315117","candidates":[]}],[],[]],[[{"start":0,"end":17,"url":null,"entity_id":"Q6124105","candidates":[]}],[],[]],[[{"start":0,"end":22,"url":null,"entity_id":"Q5636856","candidates":[]}],[],[]],[[{"start":0,"end":19,"url":null,"entity_id":"Q5302652","candidates":[]}],[],[]]]}