{"version":"1.2","table":{"version":"2","table_id":"DR848F2Z","columns":[{"index":0,"name":"col0","values":["V* PX Ori","V* V1212 Ori","KIC 9947924","KIC 8257903","KIC 6223646","KIC 11704155","KIC 2141697","KIC 11402381","KIC 9649493","KIC 10618253","KIC 6471048","KIC 6424124","KIC 7542091","KIC 4249218","KIC 11405559","KIC 10916675","KIC 6615041","KIC 7657914","KIC 5439790","TYC 3127-1267-1"]},{"index":1,"name":"col1","values":["6194","4355","5858","6444","9685","5446","6034","6239","5906","6075","5422","5916","5854","5681","5385","6231","5798","6636","6589","6103"]},{"index":2,"name":"col2","values":["3.469","17.067","193","240","299","124","281","358","188","255","258","278","339","181","374","128","368","212","253","190"]},{"index":3,"name":"col3","values":["84.2643403","83.2680313878166","290.3907853682636","299.1495275683136","296.8832985378874","286.9822221542895","286.3448884274582","291.5915044500653","291.9596320248755","298.1248131317588","299.1281409932584","284.3411014847212","295.7166762279571","287.7077417","293.2256334516102","290.0644153404501","294.3618824490887","279.9678483438593","289.1206060115327","283.2591298677639"]}]},"context":{"page_title":null,"page_url":null,"page_entity_id":null,"content_hierarchy":[]},"links":[[[{"start":0,"end":9,"url":null,"entity_id":"Q78242305","candidates":[]}],[],[],[]],[[{"start":0,"end":12,"url":null,"entity_id":"Q78241807","candidates":[]}],[],[],[]],[[{"start":0,"end":11,"url":null,"entity_id":"Q75212880","candidates":[]}],[],[],[]],[[{"start":0,"end":11,"url":null,"entity_id":"Q75212747","candidates":[]}],[],[],[]],[[{"start":0,"end":11,"url":null,"entity_id":"Q75212568","candidates":[]}],[],[],[]],[[{"start":0,"end":12,"url":null,"entity_id":"Q75211454","candidates":[]}],[],[],[]],[[{"start":0,"end":11,"url":null,"entity_id":"Q75210875","candidates":[]}],[],[],[]],[[{"start":0,"end":12,"url":null,"entity_id":"Q75210668","candidates":[]}],[],[],[]],[[{"start":0,"end":11,"url":null,"entity_id":"Q75209968","candidates":[]}],[],[],[]],[[{"start":0,"end":12,"url":null,"entity_id":"Q75209856","candidates":[]}],[],[],[]],[[{"start":0,"end":11,"url":null,"entity_id":"Q75209818","candidates":[]}],[],[],[]],[[{"start":0,"end":11,"url":null,"entity_id":"Q75209294","candidates":[]}],[],[],[]],[[{"start":0,"end":11,"url":null,"entity_id":"Q75208948","candidates":[]}],[],[],[]],[[{"start":0,"end":11,"url":null,"entity_id":"Q75208778","candidates":[]}],[],[],[]],[[{"start":0,"end":12,"url":null,"entity_id":"Q75208662","candidates":[]}],[],[],[]],[[{"start":0,"end":12,"url":null,"entity_id":"Q75208661","candidates":[]}],[],[],[]],[[{"start":0,"end":11,"url":null,"entity_id":"Q75208610","candidates":[]}],[],[],[]],[[{"start":0,"end":11,"url":null,"entity_id":"Q75208227","candidates":[]}],[],[],[]],[[{"start":0,"end":11,"url":null,"entity_id":"Q75207880","candidates":[]}],[],[],[]],[[{"start":0,"end":15,"url":null,"entity_id":"Q75207651","candidates":[]}],[],[],[]]]}