{"version":"1.2","table":{"version":"2","table_id":"DSK6KM67","columns":[{"index":0,"name":"col0","values":["1996 Tour of Slovenia","1998 Tour of Slovenia","2006 Tour of Slovenia","1995 Tour of Slovenia","2014 Tour of Slovenia","2003 Tour of Slovenia","2005 Tour of Slovenia","2000 Tour of Slovenia","2009 Tour of Slovenia","2004 Tour of Slovenia","2011 Tour of Slovenia","2015 Tour of Slovenia","2012 Tour of Slovenia","2017 Tour of Slovenia","2001 Tour of Slovenia","2002 Tour of Slovenia","1999 Tour of Slovenia","2008 Tour of Slovenia","2016 Tour of Slovenia","2010 Tour of Slovenia"]},{"index":1,"name":"col1","values":["Lorenzo Di Silvestro","Gorazd Štangelj","Przemysław Niemiec","Valter Bonča","Matteo Rabottini","Andreas Matzbacher","Fortunato Baliani","Martin Derganc","Domenico Pozzovivo","Aleksandr Kuschynski","Diego Ulissi","Mikel Nieve","Janez Brajkovič","Giovanni Visconti","Faat Zakirov","Dean Podgornik","Tadej Valjavec","Franco Pellizotti","Rein Taaramäe","Vincenzo Nibali"]},{"index":2,"name":"col2","values":["road bicycle racing","road bicycle racing","road bicycle racing","road bicycle racing","road bicycle racing","road bicycle racing","road bicycle racing","road bicycle racing","road bicycle racing","road bicycle racing","road bicycle racing","road bicycle racing","road bicycle racing","road bicycle racing","road bicycle racing","road bicycle racing","road bicycle racing","road bicycle racing","road bicycle racing","road bicycle racing"]}]},"context":{"page_title":null,"page_url":null,"page_entity_id":null,"content_hierarchy":[]},"links":[[[{"start":0,"end":21,"url":null,"entity_id":"Q2680614","candidates":[]}],[{"start":0,"end":20,"url":null,"entity_id":"Q2297466","candidates":[]}],[{"start":0,"end":19,"url":null,"entity_id":"Q3609","candidates":[]}]],[[{"start":0,"end":21,"url":null,"entity_id":"Q1910781","candidates":[]}],[{"start":0,"end":15,"url":null,"entity_id":"Q725593","candidates":[]}],[{"start":0,"end":19,"url":null,"entity_id":"Q3609","candidates":[]}]],[[{"start":0,"end":21,"url":null,"entity_id":"Q14286554","candidates":[]}],[{"start":0,"end":18,"url":null,"entity_id":"Q722490","candidates":[]}],[{"start":0,"end":19,"url":null,"entity_id":"Q3609","candidates":[]}]],[[{"start":0,"end":21,"url":null,"entity_id":"Q1887275","candidates":[]}],[{"start":0,"end":12,"url":null,"entity_id":"Q533088","candidates":[]}],[{"start":0,"end":19,"url":null,"entity_id":"Q3609","candidates":[]}]],[[{"start":0,"end":21,"url":null,"entity_id":"Q17277065","candidates":[]}],[{"start":0,"end":16,"url":null,"entity_id":"Q511898","candidates":[]}],[{"start":0,"end":19,"url":null,"entity_id":"Q3609","candidates":[]}]],[[{"start":0,"end":21,"url":null,"entity_id":"Q2381213","candidates":[]}],[{"start":0,"end":18,"url":null,"entity_id":"Q499476","candidates":[]}],[{"start":0,"end":19,"url":null,"entity_id":"Q3609","candidates":[]}]],[[{"start":0,"end":21,"url":null,"entity_id":"Q2211002","candidates":[]}],[{"start":0,"end":17,"url":null,"entity_id":"Q495827","candidates":[]}],[{"start":0,"end":19,"url":null,"entity_id":"Q3609","candidates":[]}]],[[{"start":0,"end":21,"url":null,"entity_id":"Q1831874","candidates":[]}],[{"start":0,"end":14,"url":null,"entity_id":"Q485318","candidates":[]}],[{"start":0,"end":19,"url":null,"entity_id":"Q3609","candidates":[]}]],[[{"start":0,"end":21,"url":null,"entity_id":"Q2643837","candidates":[]}],[{"start":0,"end":18,"url":null,"entity_id":"Q447932","candidates":[]}],[{"start":0,"end":19,"url":null,"entity_id":"Q3609","candidates":[]}]],[[{"start":0,"end":21,"url":null,"entity_id":"Q5140008","candidates":[]}],[{"start":0,"end":20,"url":null,"entity_id":"Q446904","candidates":[]}],[{"start":0,"end":19,"url":null,"entity_id":"Q3609","candidates":[]}]],[[{"start":0,"end":21,"url":null,"entity_id":"Q4834538","candidates":[]}],[{"start":0,"end":12,"url":null,"entity_id":"Q440041","candidates":[]}],[{"start":0,"end":19,"url":null,"entity_id":"Q3609","candidates":[]}]],[[{"start":0,"end":21,"url":null,"entity_id":"Q20165905","candidates":[]}],[{"start":0,"end":11,"url":null,"entity_id":"Q439803","candidates":[]}],[{"start":0,"end":19,"url":null,"entity_id":"Q3609","candidates":[]}]],[[{"start":0,"end":21,"url":null,"entity_id":"Q1922659","candidates":[]}],[{"start":0,"end":15,"url":null,"entity_id":"Q382065","candidates":[]}],[{"start":0,"end":19,"url":null,"entity_id":"Q3609","candidates":[]}]],[[{"start":0,"end":21,"url":null,"entity_id":"Q30337990","candidates":[]}],[{"start":0,"end":17,"url":null,"entity_id":"Q381259","candidates":[]}],[{"start":0,"end":19,"url":null,"entity_id":"Q3609","candidates":[]}]],[[{"start":0,"end":21,"url":null,"entity_id":"Q2171745","candidates":[]}],[{"start":0,"end":12,"url":null,"entity_id":"Q367923","candidates":[]}],[{"start":0,"end":19,"url":null,"entity_id":"Q3609","candidates":[]}]],[[{"start":0,"end":21,"url":null,"entity_id":"Q2314609","candidates":[]}],[{"start":0,"end":14,"url":null,"entity_id":"Q358831","candidates":[]}],[{"start":0,"end":19,"url":null,"entity_id":"Q3609","candidates":[]}]],[[{"start":0,"end":21,"url":null,"entity_id":"Q1825399","candidates":[]}],[{"start":0,"end":14,"url":null,"entity_id":"Q358249","candidates":[]}],[{"start":0,"end":19,"url":null,"entity_id":"Q3609","candidates":[]}]],[[{"start":0,"end":21,"url":null,"entity_id":"Q2520409","candidates":[]}],[{"start":0,"end":17,"url":null,"entity_id":"Q354229","candidates":[]}],[{"start":0,"end":19,"url":null,"entity_id":"Q3609","candidates":[]}]],[[{"start":0,"end":21,"url":null,"entity_id":"Q20202379","candidates":[]}],[{"start":0,"end":13,"url":null,"entity_id":"Q352105","candidates":[]}],[{"start":0,"end":19,"url":null,"entity_id":"Q3609","candidates":[]}]],[[{"start":0,"end":21,"url":null,"entity_id":"Q2628387","candidates":[]}],[{"start":0,"end":15,"url":null,"entity_id":"Q312322","candidates":[]}],[{"start":0,"end":19,"url":null,"entity_id":"Q3609","candidates":[]}]]]}