{"version":"1.2","table":{"version":"2","table_id":"DU1QVNIT","columns":[{"index":0,"name":"col0","values":["2018 Grand Prix Side","2018 Classica da Arrábida","2018 Dorpenomloop Rucphen","2018 Paris–Troyes","2018 International Rhodes Grand Prix","2018 Grand Prix de la Ville de Lillers","2018 Poreč Trophy","2018 Trofej Umag","2018 GP Izola","Grand Prix Alanya 2018","2018 GP Laguna","2018 Ringerike Grand Prix","2018 Sundvolden Grand Prix","2018 Himmerland Rundt","2018 Skive-Løbet","Gravel and Tar 2018","2017 Sundvolden Grand Prix","2017 Ringerike Grand Prix","2017 GP Horsens","2017 Fyen Rundt"]},{"index":1,"name":"col1","values":["183.2","169.6","187.5","180.3","195","186","156","144.4","106.5","175","161","162.2","164.4","199.8","179.1","131.5","155.2","166.8","191.4","200.2"]},{"index":2,"name":"col2","values":["2018 UCI Europe Tour","2018 UCI Europe Tour","2018 UCI Europe Tour","2018 UCI Europe Tour","2018 UCI Europe Tour","2018 UCI Europe Tour","2018 UCI Europe Tour","2018 UCI Europe Tour","2018 UCI Europe Tour","2018 UCI Europe Tour","2018 UCI Europe Tour","2018 UCI Europe Tour","2018 UCI Europe Tour","2018 UCI Europe Tour","2018 UCI Europe Tour","UCI Oceania Tour 2018","2017 UCI Europe Tour","2017 UCI Europe Tour","2017 UCI Europe Tour","2017 UCI Europe Tour"]}]},"context":{"page_title":null,"page_url":null,"page_entity_id":null,"content_hierarchy":[]},"links":[[[{"start":0,"end":20,"url":null,"entity_id":"Q50401756","candidates":[]}],[],[{"start":0,"end":20,"url":null,"entity_id":"Q44497477","candidates":[]}]],[[{"start":0,"end":25,"url":null,"entity_id":"Q50401346","candidates":[]}],[],[{"start":0,"end":20,"url":null,"entity_id":"Q44497477","candidates":[]}]],[[{"start":0,"end":25,"url":null,"entity_id":"Q50384912","candidates":[]}],[],[{"start":0,"end":20,"url":null,"entity_id":"Q44497477","candidates":[]}]],[[{"start":0,"end":17,"url":null,"entity_id":"Q50374663","candidates":[]}],[],[{"start":0,"end":20,"url":null,"entity_id":"Q44497477","candidates":[]}]],[[{"start":0,"end":36,"url":null,"entity_id":"Q50329712","candidates":[]}],[],[{"start":0,"end":20,"url":null,"entity_id":"Q44497477","candidates":[]}]],[[{"start":0,"end":38,"url":null,"entity_id":"Q50329437","candidates":[]}],[],[{"start":0,"end":20,"url":null,"entity_id":"Q44497477","candidates":[]}]],[[{"start":0,"end":17,"url":null,"entity_id":"Q50320990","candidates":[]}],[],[{"start":0,"end":20,"url":null,"entity_id":"Q44497477","candidates":[]}]],[[{"start":0,"end":16,"url":null,"entity_id":"Q50279739","candidates":[]}],[],[{"start":0,"end":20,"url":null,"entity_id":"Q44497477","candidates":[]}]],[[{"start":0,"end":13,"url":null,"entity_id":"Q50130339","candidates":[]}],[],[{"start":0,"end":20,"url":null,"entity_id":"Q44497477","candidates":[]}]],[[{"start":0,"end":22,"url":null,"entity_id":"Q49223032","candidates":[]}],[],[{"start":0,"end":20,"url":null,"entity_id":"Q44497477","candidates":[]}]],[[{"start":0,"end":14,"url":null,"entity_id":"Q49166097","candidates":[]}],[],[{"start":0,"end":20,"url":null,"entity_id":"Q44497477","candidates":[]}]],[[{"start":0,"end":25,"url":null,"entity_id":"Q47462153","candidates":[]}],[],[{"start":0,"end":20,"url":null,"entity_id":"Q44497477","candidates":[]}]],[[{"start":0,"end":26,"url":null,"entity_id":"Q47462108","candidates":[]}],[],[{"start":0,"end":20,"url":null,"entity_id":"Q44497477","candidates":[]}]],[[{"start":0,"end":21,"url":null,"entity_id":"Q47010914","candidates":[]}],[],[{"start":0,"end":20,"url":null,"entity_id":"Q44497477","candidates":[]}]],[[{"start":0,"end":16,"url":null,"entity_id":"Q47010892","candidates":[]}],[],[{"start":0,"end":20,"url":null,"entity_id":"Q44497477","candidates":[]}]],[[{"start":0,"end":19,"url":null,"entity_id":"Q50066186","candidates":[]}],[],[{"start":0,"end":21,"url":null,"entity_id":"Q42205000","candidates":[]}]],[[{"start":0,"end":26,"url":null,"entity_id":"Q29840965","candidates":[]}],[],[{"start":0,"end":20,"url":null,"entity_id":"Q27915850","candidates":[]}]],[[{"start":0,"end":25,"url":null,"entity_id":"Q29840882","candidates":[]}],[],[{"start":0,"end":20,"url":null,"entity_id":"Q27915850","candidates":[]}]],[[{"start":0,"end":15,"url":null,"entity_id":"Q29186860","candidates":[]}],[],[{"start":0,"end":20,"url":null,"entity_id":"Q27915850","candidates":[]}]],[[{"start":0,"end":15,"url":null,"entity_id":"Q29186338","candidates":[]}],[],[{"start":0,"end":20,"url":null,"entity_id":"Q27915850","candidates":[]}]]]}