{"version":"1.2","table":{"version":"2","table_id":"DUFPHTFP","columns":[{"index":0,"name":"col0","values":["Kodeljevo Park","Plaza Rodríguez Peña","Lourdes Land Settlement Site","Presentation Convent Grounds","Belvedere Lookout","Zionsburg (Vught)","Borgharen Castle - bridges","Kasteel Rijnhuizen","Huis Nederhoven","Huis Diepenheim","Huis 't Suideras","Roptastate","Slangenburg, tuinornamenten","Neubourg Castle: greenhouse west of garden pavilion","Neubourg Castle: cast iron image of a deer on a pedestal","Neubourg Castle: artificial waterfall with weir in Gulp","Neubourg Castle: garden wall north of castle","Eikenhorst, Esch","Sterrenbos, Sint-Michielsgestel","De Kemnade: historical park"]},{"index":1,"name":"col1","values":["Slovenia","Argentina","Canada","Canada","Canada","Netherlands","Netherlands","Netherlands","Netherlands","Netherlands","Netherlands","Netherlands","Netherlands","Netherlands","Netherlands","Netherlands","Netherlands","Netherlands","Netherlands","Netherlands"]},{"index":2,"name":"col2","values":["monument of local significance","Place or National Historic Site","municipal heritage site","municipal heritage site","designated heritage property (part IV)","Rijksmonument","Rijksmonument","Rijksmonument","Rijksmonument","Rijksmonument","Rijksmonument","Rijksmonument","Rijksmonument","Rijksmonument","Rijksmonument","Rijksmonument","Rijksmonument","Rijksmonument","Rijksmonument","Rijksmonument"]}]},"context":{"page_title":null,"page_url":null,"page_entity_id":null,"content_hierarchy":[]},"links":[[[{"start":0,"end":14,"url":null,"entity_id":"Q60357049","candidates":[]}],[{"start":0,"end":8,"url":null,"entity_id":"Q215","candidates":[]}],[{"start":0,"end":30,"url":null,"entity_id":"Q18363639","candidates":[]}]],[[{"start":0,"end":20,"url":null,"entity_id":"Q55980028","candidates":[]}],[{"start":0,"end":9,"url":null,"entity_id":"Q414","candidates":[]}],[{"start":0,"end":31,"url":null,"entity_id":"Q55784439","candidates":[]}]],[[{"start":0,"end":28,"url":null,"entity_id":"Q52545057","candidates":[]}],[{"start":0,"end":6,"url":null,"entity_id":"Q16","candidates":[]}],[{"start":0,"end":23,"url":null,"entity_id":"Q22871013","candidates":[]}]],[[{"start":0,"end":28,"url":null,"entity_id":"Q52244366","candidates":[]}],[{"start":0,"end":6,"url":null,"entity_id":"Q16","candidates":[]}],[{"start":0,"end":23,"url":null,"entity_id":"Q22871013","candidates":[]}]],[[{"start":0,"end":17,"url":null,"entity_id":"Q57378312","candidates":[]}],[{"start":0,"end":6,"url":null,"entity_id":"Q16","candidates":[]}],[{"start":0,"end":38,"url":null,"entity_id":"Q15080599","candidates":[]}]],[[{"start":0,"end":17,"url":null,"entity_id":"Q17610006","candidates":[]}],[{"start":0,"end":11,"url":null,"entity_id":"Q55","candidates":[]}],[{"start":0,"end":13,"url":null,"entity_id":"Q916333","candidates":[]}]],[[{"start":0,"end":26,"url":null,"entity_id":"Q17609654","candidates":[]}],[{"start":0,"end":11,"url":null,"entity_id":"Q55","candidates":[]}],[{"start":0,"end":13,"url":null,"entity_id":"Q916333","candidates":[]}]],[[{"start":0,"end":18,"url":null,"entity_id":"Q17608318","candidates":[]}],[{"start":0,"end":11,"url":null,"entity_id":"Q55","candidates":[]}],[{"start":0,"end":13,"url":null,"entity_id":"Q916333","candidates":[]}]],[[{"start":0,"end":15,"url":null,"entity_id":"Q17607684","candidates":[]}],[{"start":0,"end":11,"url":null,"entity_id":"Q55","candidates":[]}],[{"start":0,"end":13,"url":null,"entity_id":"Q916333","candidates":[]}]],[[{"start":0,"end":15,"url":null,"entity_id":"Q17606913","candidates":[]}],[{"start":0,"end":11,"url":null,"entity_id":"Q55","candidates":[]}],[{"start":0,"end":13,"url":null,"entity_id":"Q916333","candidates":[]}]],[[{"start":0,"end":16,"url":null,"entity_id":"Q17606454","candidates":[]}],[{"start":0,"end":11,"url":null,"entity_id":"Q55","candidates":[]}],[{"start":0,"end":13,"url":null,"entity_id":"Q916333","candidates":[]}]],[[{"start":0,"end":10,"url":null,"entity_id":"Q17606242","candidates":[]}],[{"start":0,"end":11,"url":null,"entity_id":"Q55","candidates":[]}],[{"start":0,"end":13,"url":null,"entity_id":"Q916333","candidates":[]}]],[[{"start":0,"end":27,"url":null,"entity_id":"Q17606237","candidates":[]}],[{"start":0,"end":11,"url":null,"entity_id":"Q55","candidates":[]}],[{"start":0,"end":13,"url":null,"entity_id":"Q916333","candidates":[]}]],[[{"start":0,"end":51,"url":null,"entity_id":"Q17606220","candidates":[]}],[{"start":0,"end":11,"url":null,"entity_id":"Q55","candidates":[]}],[{"start":0,"end":13,"url":null,"entity_id":"Q916333","candidates":[]}]],[[{"start":0,"end":56,"url":null,"entity_id":"Q17606218","candidates":[]}],[{"start":0,"end":11,"url":null,"entity_id":"Q55","candidates":[]}],[{"start":0,"end":13,"url":null,"entity_id":"Q916333","candidates":[]}]],[[{"start":0,"end":55,"url":null,"entity_id":"Q17606213","candidates":[]}],[{"start":0,"end":11,"url":null,"entity_id":"Q55","candidates":[]}],[{"start":0,"end":13,"url":null,"entity_id":"Q916333","candidates":[]}]],[[{"start":0,"end":44,"url":null,"entity_id":"Q17606207","candidates":[]}],[{"start":0,"end":11,"url":null,"entity_id":"Q55","candidates":[]}],[{"start":0,"end":13,"url":null,"entity_id":"Q916333","candidates":[]}]],[[{"start":0,"end":16,"url":null,"entity_id":"Q17605944","candidates":[]}],[{"start":0,"end":11,"url":null,"entity_id":"Q55","candidates":[]}],[{"start":0,"end":13,"url":null,"entity_id":"Q916333","candidates":[]}]],[[{"start":0,"end":31,"url":null,"entity_id":"Q17605322","candidates":[]}],[{"start":0,"end":11,"url":null,"entity_id":"Q55","candidates":[]}],[{"start":0,"end":13,"url":null,"entity_id":"Q916333","candidates":[]}]],[[{"start":0,"end":27,"url":null,"entity_id":"Q17604820","candidates":[]}],[{"start":0,"end":11,"url":null,"entity_id":"Q55","candidates":[]}],[{"start":0,"end":13,"url":null,"entity_id":"Q916333","candidates":[]}]]]}