{"version":"1.2","table":{"version":"2","table_id":"DVYQC6PD","columns":[{"index":0,"name":"col0","values":["March 2018","December 2016","November 2016","October 2016","September 2016","August 2016","June 2016","February 2016","January 2019","September 2018","May 2020","November 2020","April 2019","December 2018","February 2018","July 2016","May 2016","March 2016","January 2016","September 2020"]},{"index":1,"name":"col1","values":["2018-03-01","2016-12-01","2016-11-01","2016-10-01","2016-09-01","2016-08-01","2016-06-01","2016-02-01","2019-01-01","2018-09-01","2020-05-01","2020-11-01","2019-04-01","2018-12-01","2018-02-01","2016-07-01","2016-05-01","2016-03-01","2016-01-01","2020-09-01"]},{"index":2,"name":"col2","values":["February 2018","November 2016","October 2016","September 2016","August 2016","July 2016","May 2016","January 2016","December 2018","August 2018","April 2020","October 2020","March 2019","November 2018","January 2018","June 2016","April 2016","February 2016","December 2015","August 2020"]},{"index":3,"name":"col3","values":["2018","2016","2016","2016","2016","2016","2016","2016","2019","2018","2020","2020","2019","2018","2018","2016","2016","2016","2016","2020"]},{"index":4,"name":"col4","values":["April 2018","January 2017","December 2016","November 2016","October 2016","September 2016","July 2016","March 2016","February 2019","October 2018","June 2020","December 2020","May 2019","January 2019","March 2018","August 2016","June 2016","April 2016","February 2016","October 2020"]}]},"context":{"page_title":null,"page_url":null,"page_entity_id":null,"content_hierarchy":[]},"links":[[[{"start":0,"end":10,"url":null,"entity_id":"Q23994859","candidates":[]}],[],[{"start":0,"end":13,"url":null,"entity_id":"Q23994857","candidates":[]}],[{"start":0,"end":4,"url":null,"entity_id":"Q25291","candidates":[]}],[{"start":0,"end":10,"url":null,"entity_id":"Q23994861","candidates":[]}]],[[{"start":0,"end":13,"url":null,"entity_id":"Q19249637","candidates":[]}],[],[{"start":0,"end":13,"url":null,"entity_id":"Q19249617","candidates":[]}],[{"start":0,"end":4,"url":null,"entity_id":"Q25245","candidates":[]}],[{"start":0,"end":12,"url":null,"entity_id":"Q20650869","candidates":[]}]],[[{"start":0,"end":13,"url":null,"entity_id":"Q19249617","candidates":[]}],[],[{"start":0,"end":12,"url":null,"entity_id":"Q19249578","candidates":[]}],[{"start":0,"end":4,"url":null,"entity_id":"Q25245","candidates":[]}],[{"start":0,"end":13,"url":null,"entity_id":"Q19249637","candidates":[]}]],[[{"start":0,"end":12,"url":null,"entity_id":"Q19249578","candidates":[]}],[],[{"start":0,"end":14,"url":null,"entity_id":"Q19249552","candidates":[]}],[{"start":0,"end":4,"url":null,"entity_id":"Q25245","candidates":[]}],[{"start":0,"end":13,"url":null,"entity_id":"Q19249617","candidates":[]}]],[[{"start":0,"end":14,"url":null,"entity_id":"Q19249552","candidates":[]}],[],[{"start":0,"end":11,"url":null,"entity_id":"Q19249499","candidates":[]}],[{"start":0,"end":4,"url":null,"entity_id":"Q25245","candidates":[]}],[{"start":0,"end":12,"url":null,"entity_id":"Q19249578","candidates":[]}]],[[{"start":0,"end":11,"url":null,"entity_id":"Q19249499","candidates":[]}],[],[{"start":0,"end":9,"url":null,"entity_id":"Q19249393","candidates":[]}],[{"start":0,"end":4,"url":null,"entity_id":"Q25245","candidates":[]}],[{"start":0,"end":14,"url":null,"entity_id":"Q19249552","candidates":[]}]],[[{"start":0,"end":9,"url":null,"entity_id":"Q19248917","candidates":[]}],[],[{"start":0,"end":8,"url":null,"entity_id":"Q19249071","candidates":[]}],[{"start":0,"end":4,"url":null,"entity_id":"Q25245","candidates":[]}],[{"start":0,"end":9,"url":null,"entity_id":"Q19249393","candidates":[]}]],[[{"start":0,"end":13,"url":null,"entity_id":"Q19249183","candidates":[]}],[],[{"start":0,"end":12,"url":null,"entity_id":"Q19249232","candidates":[]}],[{"start":0,"end":4,"url":null,"entity_id":"Q25245","candidates":[]}],[{"start":0,"end":10,"url":null,"entity_id":"Q19249151","candidates":[]}]],[[{"start":0,"end":12,"url":null,"entity_id":"Q46992899","candidates":[]}],[],[{"start":0,"end":13,"url":null,"entity_id":"Q31179612","candidates":[]}],[{"start":0,"end":4,"url":null,"entity_id":"Q25274","candidates":[]}],[{"start":0,"end":13,"url":null,"entity_id":"Q47087594","candidates":[]}]],[[{"start":0,"end":14,"url":null,"entity_id":"Q31179569","candidates":[]}],[],[{"start":0,"end":11,"url":null,"entity_id":"Q31179558","candidates":[]}],[{"start":0,"end":4,"url":null,"entity_id":"Q25291","candidates":[]}],[{"start":0,"end":12,"url":null,"entity_id":"Q31179573","candidates":[]}]],[[{"start":0,"end":8,"url":null,"entity_id":"Q55019753","candidates":[]}],[],[{"start":0,"end":10,"url":null,"entity_id":"Q55020106","candidates":[]}],[{"start":0,"end":4,"url":null,"entity_id":"Q25337","candidates":[]}],[{"start":0,"end":9,"url":null,"entity_id":"Q55281155","candidates":[]}]],[[{"start":0,"end":13,"url":null,"entity_id":"Q38575003","candidates":[]}],[],[{"start":0,"end":12,"url":null,"entity_id":"Q55281169","candidates":[]}],[{"start":0,"end":4,"url":null,"entity_id":"Q25337","candidates":[]}],[{"start":0,"end":13,"url":null,"entity_id":"Q55281147","candidates":[]}]],[[{"start":0,"end":10,"url":null,"entity_id":"Q47087596","candidates":[]}],[],[{"start":0,"end":10,"url":null,"entity_id":"Q31275158","candidates":[]}],[{"start":0,"end":4,"url":null,"entity_id":"Q25274","candidates":[]}],[{"start":0,"end":8,"url":null,"entity_id":"Q47087597","candidates":[]}]],[[{"start":0,"end":13,"url":null,"entity_id":"Q31179612","candidates":[]}],[],[{"start":0,"end":13,"url":null,"entity_id":"Q31179571","candidates":[]}],[{"start":0,"end":4,"url":null,"entity_id":"Q25291","candidates":[]}],[{"start":0,"end":12,"url":null,"entity_id":"Q46992899","candidates":[]}]],[[{"start":0,"end":13,"url":null,"entity_id":"Q23994857","candidates":[]}],[],[{"start":0,"end":12,"url":null,"entity_id":"Q23994856","candidates":[]}],[{"start":0,"end":4,"url":null,"entity_id":"Q25291","candidates":[]}],[{"start":0,"end":10,"url":null,"entity_id":"Q23994859","candidates":[]}]],[[{"start":0,"end":9,"url":null,"entity_id":"Q19249393","candidates":[]}],[],[{"start":0,"end":9,"url":null,"entity_id":"Q19248917","candidates":[]}],[{"start":0,"end":4,"url":null,"entity_id":"Q25245","candidates":[]}],[{"start":0,"end":11,"url":null,"entity_id":"Q19249499","candidates":[]}]],[[{"start":0,"end":8,"url":null,"entity_id":"Q19249071","candidates":[]}],[],[{"start":0,"end":10,"url":null,"entity_id":"Q2874588","candidates":[]}],[{"start":0,"end":4,"url":null,"entity_id":"Q25245","candidates":[]}],[{"start":0,"end":9,"url":null,"entity_id":"Q19248917","candidates":[]}]],[[{"start":0,"end":10,"url":null,"entity_id":"Q19249151","candidates":[]}],[],[{"start":0,"end":13,"url":null,"entity_id":"Q19249183","candidates":[]}],[{"start":0,"end":4,"url":null,"entity_id":"Q25245","candidates":[]}],[{"start":0,"end":10,"url":null,"entity_id":"Q2874588","candidates":[]}]],[[{"start":0,"end":12,"url":null,"entity_id":"Q19249232","candidates":[]}],[],[{"start":0,"end":13,"url":null,"entity_id":"Q16726269","candidates":[]}],[{"start":0,"end":4,"url":null,"entity_id":"Q25245","candidates":[]}],[{"start":0,"end":13,"url":null,"entity_id":"Q19249183","candidates":[]}]],[[{"start":0,"end":14,"url":null,"entity_id":"Q55281173","candidates":[]}],[],[{"start":0,"end":11,"url":null,"entity_id":"Q55281141","candidates":[]}],[{"start":0,"end":4,"url":null,"entity_id":"Q25337","candidates":[]}],[{"start":0,"end":12,"url":null,"entity_id":"Q55281169","candidates":[]}]]]}