{"version":"1.2","table":{"version":"2","table_id":"DXVIMJ1I","columns":[{"index":0,"name":"col0","values":["Cimos","Prima Banka","Uniplet Třebíč","Phazotron","Argos North Sea Group","Teijin Aramid","Brabantia","Müller & Co","TUSAŞ Engine Industries, Inc.","Hershey Trust Company","Stewart Information Services Corporation","Eloquii","Scopely","InterAct","nxwire","Mondo Marine","Beijing Tourism Group","Louis Eschenauer S.A.","Electronic Arrays","Graphcool, Inc"]},{"index":1,"name":"col1","values":["automotive industry","financial services","mechanical engineering","aerospace industry","petroleum industry","chemical industry","manufacturing","transport","engine","confections","financial services","retail","video game","software","public relations","shipbuilding","tourism","wine merchant","semiconductor industry","information technology"]},{"index":2,"name":"col2","values":["Slovenia","Slovakia","Czech Republic","Russia","Netherlands","Netherlands","Netherlands","Netherlands","Turkey","United States of America","United States of America","United States of America","United States of America","United States of America","India","Monaco","People's Republic of China","France","United States of America","United States of America"]}]},"context":{"page_title":null,"page_url":null,"page_entity_id":null,"content_hierarchy":[]},"links":[[[{"start":0,"end":5,"url":null,"entity_id":"Q14906534","candidates":[]}],[{"start":0,"end":19,"url":null,"entity_id":"Q190117","candidates":[]}],[{"start":0,"end":8,"url":null,"entity_id":"Q215","candidates":[]}]],[[{"start":0,"end":11,"url":null,"entity_id":"Q13538661","candidates":[]}],[{"start":0,"end":18,"url":null,"entity_id":"Q837171","candidates":[]}],[{"start":0,"end":8,"url":null,"entity_id":"Q214","candidates":[]}]],[[{"start":0,"end":14,"url":null,"entity_id":"Q11878501","candidates":[]}],[{"start":0,"end":22,"url":null,"entity_id":"Q101333","candidates":[]}],[{"start":0,"end":14,"url":null,"entity_id":"Q213","candidates":[]}]],[[{"start":0,"end":9,"url":null,"entity_id":"Q3526596","candidates":[]}],[{"start":0,"end":18,"url":null,"entity_id":"Q3477363","candidates":[]}],[{"start":0,"end":6,"url":null,"entity_id":"Q159","candidates":[]}]],[[{"start":0,"end":21,"url":null,"entity_id":"Q4750477","candidates":[]}],[{"start":0,"end":18,"url":null,"entity_id":"Q862571","candidates":[]}],[{"start":0,"end":11,"url":null,"entity_id":"Q55","candidates":[]}]],[[{"start":0,"end":13,"url":null,"entity_id":"Q14466270","candidates":[]}],[{"start":0,"end":17,"url":null,"entity_id":"Q207652","candidates":[]}],[{"start":0,"end":11,"url":null,"entity_id":"Q55","candidates":[]}]],[[{"start":0,"end":9,"url":null,"entity_id":"Q4331734","candidates":[]}],[{"start":0,"end":13,"url":null,"entity_id":"Q187939","candidates":[]}],[{"start":0,"end":11,"url":null,"entity_id":"Q55","candidates":[]}]],[[{"start":0,"end":11,"url":null,"entity_id":"Q13872121","candidates":[]}],[{"start":0,"end":9,"url":null,"entity_id":"Q7590","candidates":[]}],[{"start":0,"end":11,"url":null,"entity_id":"Q55","candidates":[]}]],[[{"start":0,"end":29,"url":null,"entity_id":"Q6079164","candidates":[]}],[{"start":0,"end":6,"url":null,"entity_id":"Q44167","candidates":[]}],[{"start":0,"end":6,"url":null,"entity_id":"Q43","candidates":[]}]],[[{"start":0,"end":21,"url":null,"entity_id":"Q5744551","candidates":[]}],[{"start":0,"end":11,"url":null,"entity_id":"Q5200157","candidates":[]}],[{"start":0,"end":24,"url":null,"entity_id":"Q30","candidates":[]}]],[[{"start":0,"end":40,"url":null,"entity_id":"Q7615829","candidates":[]}],[{"start":0,"end":18,"url":null,"entity_id":"Q837171","candidates":[]}],[{"start":0,"end":24,"url":null,"entity_id":"Q30","candidates":[]}]],[[{"start":0,"end":7,"url":null,"entity_id":"Q16992453","candidates":[]}],[{"start":0,"end":6,"url":null,"entity_id":"Q126793","candidates":[]}],[{"start":0,"end":24,"url":null,"entity_id":"Q30","candidates":[]}]],[[{"start":0,"end":7,"url":null,"entity_id":"Q17108073","candidates":[]}],[{"start":0,"end":10,"url":null,"entity_id":"Q7889","candidates":[]}],[{"start":0,"end":24,"url":null,"entity_id":"Q30","candidates":[]}]],[[{"start":0,"end":8,"url":null,"entity_id":"Q16997118","candidates":[]}],[{"start":0,"end":8,"url":null,"entity_id":"Q7397","candidates":[]}],[{"start":0,"end":24,"url":null,"entity_id":"Q30","candidates":[]}]],[[{"start":0,"end":6,"url":null,"entity_id":"Q60711001","candidates":[]}],[{"start":0,"end":16,"url":null,"entity_id":"Q55670495","candidates":[]}],[{"start":0,"end":5,"url":null,"entity_id":"Q668","candidates":[]}]],[[{"start":0,"end":12,"url":null,"entity_id":"Q56421705","candidates":[]}],[{"start":0,"end":12,"url":null,"entity_id":"Q474200","candidates":[]}],[{"start":0,"end":6,"url":null,"entity_id":"Q235","candidates":[]}]],[[{"start":0,"end":21,"url":null,"entity_id":"Q55065197","candidates":[]}],[{"start":0,"end":7,"url":null,"entity_id":"Q49389","candidates":[]}],[{"start":0,"end":26,"url":null,"entity_id":"Q148","candidates":[]}]],[[{"start":0,"end":21,"url":null,"entity_id":"Q50850033","candidates":[]}],[{"start":0,"end":13,"url":null,"entity_id":"Q3346973","candidates":[]}],[{"start":0,"end":6,"url":null,"entity_id":"Q142","candidates":[]}]],[[{"start":0,"end":17,"url":null,"entity_id":"Q54929398","candidates":[]}],[{"start":0,"end":22,"url":null,"entity_id":"Q2986369","candidates":[]}],[{"start":0,"end":24,"url":null,"entity_id":"Q30","candidates":[]}]],[[{"start":0,"end":14,"url":null,"entity_id":"Q56098126","candidates":[]}],[{"start":0,"end":22,"url":null,"entity_id":"Q11661","candidates":[]}],[{"start":0,"end":24,"url":null,"entity_id":"Q30","candidates":[]}]]]}