{"version":"1.2","table":{"version":"2","table_id":"E1PSDLQO","columns":[{"index":0,"name":"col0","values":["1962 Schaal Sels","1961 Schaal Sels","1960 Schaal Sels","1959 Schaal Sels","1958 Schaal Sels","1957 Schaal Sels","1956 Schaal Sels","1955 Schaal Sels","1954 Schaal Sels","1953 Schaal Sels","1952 Schaal Sels","1951 Schaal Sels","1950 Schaal Sels","1949 Schaal Sels","1948 Schaal Sels","1947 Schaal Sels","1946 Schaal Sels","1943 Schaal Sels","1942 Schaal Sels","1941 Schaal Sels"]},{"index":1,"name":"col1","values":["1961 Schaal Sels","1960 Schaal Sels","1959 Schaal Sels","1958 Schaal Sels","1957 Schaal Sels","1956 Schaal Sels","1955 Schaal Sels","1954 Schaal Sels","1953 Schaal Sels","1952 Schaal Sels","1951 Schaal Sels","1950 Schaal Sels","1949 Schaal Sels","1948 Schaal Sels","1947 Schaal Sels","1946 Schaal Sels","1943 Schaal Sels","1942 Schaal Sels","1941 Schaal Sels","1938 Schaal Sels"]},{"index":2,"name":"col2","values":["Belgium","Belgium","Belgium","Belgium","Belgium","Belgium","Belgium","Belgium","Belgium","Belgium","Belgium","Belgium","Belgium","Belgium","Belgium","Belgium","Belgium","Belgium","Belgium","Belgium"]},{"index":3,"name":"col3","values":["road bicycle racing","road bicycle racing","road bicycle racing","road bicycle racing","road bicycle racing","road bicycle racing","road bicycle racing","road bicycle racing","road bicycle racing","road bicycle racing","road bicycle racing","road bicycle racing","road bicycle racing","road bicycle racing","road bicycle racing","road bicycle racing","road bicycle racing","road bicycle racing","road bicycle racing","road bicycle racing"]}]},"context":{"page_title":null,"page_url":null,"page_entity_id":null,"content_hierarchy":[]},"links":[[[{"start":0,"end":16,"url":null,"entity_id":"Q62102205","candidates":[]}],[{"start":0,"end":16,"url":null,"entity_id":"Q62102204","candidates":[]}],[{"start":0,"end":7,"url":null,"entity_id":"Q31","candidates":[]}],[{"start":0,"end":19,"url":null,"entity_id":"Q3609","candidates":[]}]],[[{"start":0,"end":16,"url":null,"entity_id":"Q62102204","candidates":[]}],[{"start":0,"end":16,"url":null,"entity_id":"Q62102203","candidates":[]}],[{"start":0,"end":7,"url":null,"entity_id":"Q31","candidates":[]}],[{"start":0,"end":19,"url":null,"entity_id":"Q3609","candidates":[]}]],[[{"start":0,"end":16,"url":null,"entity_id":"Q62102203","candidates":[]}],[{"start":0,"end":16,"url":null,"entity_id":"Q62102202","candidates":[]}],[{"start":0,"end":7,"url":null,"entity_id":"Q31","candidates":[]}],[{"start":0,"end":19,"url":null,"entity_id":"Q3609","candidates":[]}]],[[{"start":0,"end":16,"url":null,"entity_id":"Q62102202","candidates":[]}],[{"start":0,"end":16,"url":null,"entity_id":"Q62102200","candidates":[]}],[{"start":0,"end":7,"url":null,"entity_id":"Q31","candidates":[]}],[{"start":0,"end":19,"url":null,"entity_id":"Q3609","candidates":[]}]],[[{"start":0,"end":16,"url":null,"entity_id":"Q62102200","candidates":[]}],[{"start":0,"end":16,"url":null,"entity_id":"Q62102199","candidates":[]}],[{"start":0,"end":7,"url":null,"entity_id":"Q31","candidates":[]}],[{"start":0,"end":19,"url":null,"entity_id":"Q3609","candidates":[]}]],[[{"start":0,"end":16,"url":null,"entity_id":"Q62102199","candidates":[]}],[{"start":0,"end":16,"url":null,"entity_id":"Q62102198","candidates":[]}],[{"start":0,"end":7,"url":null,"entity_id":"Q31","candidates":[]}],[{"start":0,"end":19,"url":null,"entity_id":"Q3609","candidates":[]}]],[[{"start":0,"end":16,"url":null,"entity_id":"Q62102198","candidates":[]}],[{"start":0,"end":16,"url":null,"entity_id":"Q62102197","candidates":[]}],[{"start":0,"end":7,"url":null,"entity_id":"Q31","candidates":[]}],[{"start":0,"end":19,"url":null,"entity_id":"Q3609","candidates":[]}]],[[{"start":0,"end":16,"url":null,"entity_id":"Q62102197","candidates":[]}],[{"start":0,"end":16,"url":null,"entity_id":"Q62102195","candidates":[]}],[{"start":0,"end":7,"url":null,"entity_id":"Q31","candidates":[]}],[{"start":0,"end":19,"url":null,"entity_id":"Q3609","candidates":[]}]],[[{"start":0,"end":16,"url":null,"entity_id":"Q62102195","candidates":[]}],[{"start":0,"end":16,"url":null,"entity_id":"Q62102194","candidates":[]}],[{"start":0,"end":7,"url":null,"entity_id":"Q31","candidates":[]}],[{"start":0,"end":19,"url":null,"entity_id":"Q3609","candidates":[]}]],[[{"start":0,"end":16,"url":null,"entity_id":"Q62102194","candidates":[]}],[{"start":0,"end":16,"url":null,"entity_id":"Q62102193","candidates":[]}],[{"start":0,"end":7,"url":null,"entity_id":"Q31","candidates":[]}],[{"start":0,"end":19,"url":null,"entity_id":"Q3609","candidates":[]}]],[[{"start":0,"end":16,"url":null,"entity_id":"Q62102193","candidates":[]}],[{"start":0,"end":16,"url":null,"entity_id":"Q62102192","candidates":[]}],[{"start":0,"end":7,"url":null,"entity_id":"Q31","candidates":[]}],[{"start":0,"end":19,"url":null,"entity_id":"Q3609","candidates":[]}]],[[{"start":0,"end":16,"url":null,"entity_id":"Q62102192","candidates":[]}],[{"start":0,"end":16,"url":null,"entity_id":"Q62102191","candidates":[]}],[{"start":0,"end":7,"url":null,"entity_id":"Q31","candidates":[]}],[{"start":0,"end":19,"url":null,"entity_id":"Q3609","candidates":[]}]],[[{"start":0,"end":16,"url":null,"entity_id":"Q62102191","candidates":[]}],[{"start":0,"end":16,"url":null,"entity_id":"Q62102190","candidates":[]}],[{"start":0,"end":7,"url":null,"entity_id":"Q31","candidates":[]}],[{"start":0,"end":19,"url":null,"entity_id":"Q3609","candidates":[]}]],[[{"start":0,"end":16,"url":null,"entity_id":"Q62102190","candidates":[]}],[{"start":0,"end":16,"url":null,"entity_id":"Q62102189","candidates":[]}],[{"start":0,"end":7,"url":null,"entity_id":"Q31","candidates":[]}],[{"start":0,"end":19,"url":null,"entity_id":"Q3609","candidates":[]}]],[[{"start":0,"end":16,"url":null,"entity_id":"Q62102189","candidates":[]}],[{"start":0,"end":16,"url":null,"entity_id":"Q62102188","candidates":[]}],[{"start":0,"end":7,"url":null,"entity_id":"Q31","candidates":[]}],[{"start":0,"end":19,"url":null,"entity_id":"Q3609","candidates":[]}]],[[{"start":0,"end":16,"url":null,"entity_id":"Q62102188","candidates":[]}],[{"start":0,"end":16,"url":null,"entity_id":"Q62102187","candidates":[]}],[{"start":0,"end":7,"url":null,"entity_id":"Q31","candidates":[]}],[{"start":0,"end":19,"url":null,"entity_id":"Q3609","candidates":[]}]],[[{"start":0,"end":16,"url":null,"entity_id":"Q62102187","candidates":[]}],[{"start":0,"end":16,"url":null,"entity_id":"Q62102186","candidates":[]}],[{"start":0,"end":7,"url":null,"entity_id":"Q31","candidates":[]}],[{"start":0,"end":19,"url":null,"entity_id":"Q3609","candidates":[]}]],[[{"start":0,"end":16,"url":null,"entity_id":"Q62102186","candidates":[]}],[{"start":0,"end":16,"url":null,"entity_id":"Q62102185","candidates":[]}],[{"start":0,"end":7,"url":null,"entity_id":"Q31","candidates":[]}],[{"start":0,"end":19,"url":null,"entity_id":"Q3609","candidates":[]}]],[[{"start":0,"end":16,"url":null,"entity_id":"Q62102185","candidates":[]}],[{"start":0,"end":16,"url":null,"entity_id":"Q62102184","candidates":[]}],[{"start":0,"end":7,"url":null,"entity_id":"Q31","candidates":[]}],[{"start":0,"end":19,"url":null,"entity_id":"Q3609","candidates":[]}]],[[{"start":0,"end":16,"url":null,"entity_id":"Q62102184","candidates":[]}],[{"start":0,"end":16,"url":null,"entity_id":"Q62102183","candidates":[]}],[{"start":0,"end":7,"url":null,"entity_id":"Q31","candidates":[]}],[{"start":0,"end":19,"url":null,"entity_id":"Q3609","candidates":[]}]]]}