{"version":"1.2","table":{"version":"2","table_id":"E1QMVDBL","columns":[{"index":0,"name":"col0","values":["Villa Le Balze","Villa Wartholz","Villa Romana Prize","Michnův letohrádek","Villa Giulia","Villa Doria Pamphili","Ainola","Villa Monastero","Villa Giustiniani Odescalchi","Villa Mirabello","Villa Cahn","Tamminiemi","Villa Menafoglio Litta Panza","Bois-de-Coulonge Park","Villa Ephrussi de Rothschild","Truman-Villa","Villa Mirafiori","Villa di Castello","Villa Camphausen","Schloss Deichmannsaue"]},{"index":1,"name":"col1","values":["Fiesole","Reichenau an der Rax","Florence","New Town","Flaminio","Rome","Järvenpää","Varenna","Bassano Romano","Monza","Bad Godesberg","Helsinki","Varese","Sainte-Foy–Sillery–Cap-Rouge","Saint-Jean-Cap-Ferrat","Babelsberg","Lazio","Castello","Bad Godesberg","Bad Godesberg"]},{"index":2,"name":"col2","values":["Georgetown University","Archduke Karl Ludwig of Austria","Max Klinger","Prague","Italy","Italy","Finland","Province of Lecco","Ministry of Cultural Heritage and Activities and Tourism","Durini family","Frank Asbeck","Government of Finland","Fondo per l'Ambiente Italiano","Government of Canada","Institut de France","Friedrich Naumann Foundation","Sapienza University of Rome","Lorenzo de' Medici","South Korea","Germany"]}]},"context":{"page_title":null,"page_url":null,"page_entity_id":null,"content_hierarchy":[]},"links":[[[{"start":0,"end":14,"url":null,"entity_id":"Q664344","candidates":[]}],[{"start":0,"end":7,"url":null,"entity_id":"Q82670","candidates":[]}],[{"start":0,"end":21,"url":null,"entity_id":"Q333886","candidates":[]}]],[[{"start":0,"end":14,"url":null,"entity_id":"Q876743","candidates":[]}],[{"start":0,"end":20,"url":null,"entity_id":"Q665243","candidates":[]}],[{"start":0,"end":31,"url":null,"entity_id":"Q78519","candidates":[]}]],[[{"start":0,"end":18,"url":null,"entity_id":"Q460504","candidates":[]}],[{"start":0,"end":8,"url":null,"entity_id":"Q2044","candidates":[]}],[{"start":0,"end":11,"url":null,"entity_id":"Q44252","candidates":[]}]],[[{"start":0,"end":18,"url":null,"entity_id":"Q455746","candidates":[]}],[{"start":0,"end":8,"url":null,"entity_id":"Q753219","candidates":[]}],[{"start":0,"end":6,"url":null,"entity_id":"Q1085","candidates":[]}]],[[{"start":0,"end":12,"url":null,"entity_id":"Q964499","candidates":[]}],[{"start":0,"end":8,"url":null,"entity_id":"Q3073288","candidates":[]}],[{"start":0,"end":5,"url":null,"entity_id":"Q38","candidates":[]}]],[[{"start":0,"end":20,"url":null,"entity_id":"Q774654","candidates":[]}],[{"start":0,"end":4,"url":null,"entity_id":"Q220","candidates":[]}],[{"start":0,"end":5,"url":null,"entity_id":"Q38","candidates":[]}]],[[{"start":0,"end":6,"url":null,"entity_id":"Q151782","candidates":[]}],[{"start":0,"end":9,"url":null,"entity_id":"Q208293","candidates":[]}],[{"start":0,"end":7,"url":null,"entity_id":"Q33","candidates":[]}]],[[{"start":0,"end":15,"url":null,"entity_id":"Q17494386","candidates":[]}],[{"start":0,"end":7,"url":null,"entity_id":"Q42776","candidates":[]}],[{"start":0,"end":17,"url":null,"entity_id":"Q16199","candidates":[]}]],[[{"start":0,"end":28,"url":null,"entity_id":"Q21194539","candidates":[]}],[{"start":0,"end":14,"url":null,"entity_id":"Q159520","candidates":[]}],[{"start":0,"end":56,"url":null,"entity_id":"Q1347047","candidates":[]}]],[[{"start":0,"end":15,"url":null,"entity_id":"Q4012315","candidates":[]}],[{"start":0,"end":5,"url":null,"entity_id":"Q6252","candidates":[]}],[{"start":0,"end":13,"url":null,"entity_id":"Q3716518","candidates":[]}]],[[{"start":0,"end":10,"url":null,"entity_id":"Q2524912","candidates":[]}],[{"start":0,"end":13,"url":null,"entity_id":"Q153260","candidates":[]}],[{"start":0,"end":12,"url":null,"entity_id":"Q1410062","candidates":[]}]],[[{"start":0,"end":10,"url":null,"entity_id":"Q2459334","candidates":[]}],[{"start":0,"end":8,"url":null,"entity_id":"Q1757","candidates":[]}],[{"start":0,"end":21,"url":null,"entity_id":"Q1408055","candidates":[]}]],[[{"start":0,"end":28,"url":null,"entity_id":"Q4012306","candidates":[]}],[{"start":0,"end":6,"url":null,"entity_id":"Q6285","candidates":[]}],[{"start":0,"end":29,"url":null,"entity_id":"Q838266","candidates":[]}]],[[{"start":0,"end":21,"url":null,"entity_id":"Q2410305","candidates":[]}],[{"start":0,"end":28,"url":null,"entity_id":"Q7402342","candidates":[]}],[{"start":0,"end":20,"url":null,"entity_id":"Q422404","candidates":[]}]],[[{"start":0,"end":28,"url":null,"entity_id":"Q2452513","candidates":[]}],[{"start":0,"end":21,"url":null,"entity_id":"Q243713","candidates":[]}],[{"start":0,"end":18,"url":null,"entity_id":"Q377066","candidates":[]}]],[[{"start":0,"end":12,"url":null,"entity_id":"Q2456321","candidates":[]}],[{"start":0,"end":10,"url":null,"entity_id":"Q797635","candidates":[]}],[{"start":0,"end":28,"url":null,"entity_id":"Q338433","candidates":[]}]],[[{"start":0,"end":15,"url":null,"entity_id":"Q4012317","candidates":[]}],[{"start":0,"end":5,"url":null,"entity_id":"Q1282","candidates":[]}],[{"start":0,"end":27,"url":null,"entity_id":"Q209344","candidates":[]}]],[[{"start":0,"end":17,"url":null,"entity_id":"Q2094778","candidates":[]}],[{"start":0,"end":8,"url":null,"entity_id":"Q2163936","candidates":[]}],[{"start":0,"end":18,"url":null,"entity_id":"Q177854","candidates":[]}]],[[{"start":0,"end":16,"url":null,"entity_id":"Q2524914","candidates":[]}],[{"start":0,"end":13,"url":null,"entity_id":"Q153260","candidates":[]}],[{"start":0,"end":11,"url":null,"entity_id":"Q884","candidates":[]}]],[[{"start":0,"end":21,"url":null,"entity_id":"Q2240599","candidates":[]}],[{"start":0,"end":13,"url":null,"entity_id":"Q153260","candidates":[]}],[{"start":0,"end":7,"url":null,"entity_id":"Q183","candidates":[]}]]]}