{"version":"1.2","table":{"version":"2","table_id":"E5DZRALX","columns":[{"index":0,"name":"col0","values":["Svitavy District","Brno-City District","Bruntál District","Kolín District","Klatovy District","Tachov District","Šumperk District","Jičín District","Chrudim District","Přerov District","Opava District","Náchod District","Pardubice District","Louny District","Jeseník District","Jablonec nad Nisou District","Kladno District","Strakonice District","Prostějov District","Sokolov District"]},{"index":1,"name":"col1","values":["137856","230","153606","743.57","194569","1378.68","131306","88663","99262","84474","111311","85157","88009","111759","71896","402.3","71961","103210","77732","753.6"]},{"index":2,"name":"col2","values":["104401","380681","92018","101604","86336","53587","120711","79782","104344","129925","176254","110240","173329","86486","38330","90528","165271","70738","108587","88342"]},{"index":3,"name":"col3","values":["42","42.8","42.5","41.7","43.2","41.3","42.6","42.7","42.3","42.8","42","42.7","42.3","41.5","43.1","42.1","41.6","42.6","42.5","41.7"]}]},"context":{"page_title":null,"page_url":null,"page_entity_id":null,"content_hierarchy":[]},"links":[[[{"start":0,"end":16,"url":null,"entity_id":"Q852438","candidates":[]}],[],[],[]],[[{"start":0,"end":18,"url":null,"entity_id":"Q850531","candidates":[]}],[],[],[]],[[{"start":0,"end":16,"url":null,"entity_id":"Q850323","candidates":[]}],[],[],[]],[[{"start":0,"end":14,"url":null,"entity_id":"Q847318","candidates":[]}],[],[],[]],[[{"start":0,"end":16,"url":null,"entity_id":"Q838341","candidates":[]}],[],[],[]],[[{"start":0,"end":15,"url":null,"entity_id":"Q838338","candidates":[]}],[],[],[]],[[{"start":0,"end":16,"url":null,"entity_id":"Q838335","candidates":[]}],[],[],[]],[[{"start":0,"end":14,"url":null,"entity_id":"Q838333","candidates":[]}],[],[],[]],[[{"start":0,"end":16,"url":null,"entity_id":"Q838329","candidates":[]}],[],[],[]],[[{"start":0,"end":15,"url":null,"entity_id":"Q838324","candidates":[]}],[],[],[]],[[{"start":0,"end":14,"url":null,"entity_id":"Q838320","candidates":[]}],[],[],[]],[[{"start":0,"end":15,"url":null,"entity_id":"Q838308","candidates":[]}],[],[],[]],[[{"start":0,"end":18,"url":null,"entity_id":"Q838301","candidates":[]}],[],[],[]],[[{"start":0,"end":14,"url":null,"entity_id":"Q838292","candidates":[]}],[],[],[]],[[{"start":0,"end":16,"url":null,"entity_id":"Q838288","candidates":[]}],[],[],[]],[[{"start":0,"end":27,"url":null,"entity_id":"Q837639","candidates":[]}],[],[],[]],[[{"start":0,"end":15,"url":null,"entity_id":"Q837635","candidates":[]}],[],[],[]],[[{"start":0,"end":19,"url":null,"entity_id":"Q837633","candidates":[]}],[],[],[]],[[{"start":0,"end":18,"url":null,"entity_id":"Q837629","candidates":[]}],[],[],[]],[[{"start":0,"end":16,"url":null,"entity_id":"Q833856","candidates":[]}],[],[],[]]]}