{"version":"1.2","table":{"version":"2","table_id":"E6DCHXAE","columns":[{"index":0,"name":"col0","values":["Galerie espagnole","Poets' Corner","United States Senate chamber","Old Senate Chamber","Indian Treaty Room","East Sitting Hall","James S. Brady Press Briefing Room","Map Room","Lincoln Bedroom","Roosevelt Room","Room of the Immaculate Conception","Stanza di Eliodoro","Borgia Apartment","Room 734","Room 851","Room 842","Room 912","Boston College Law Library Daniel R. Coquillette Rare Book Room","Red room","Farnese room"]},{"index":1,"name":"col1","values":["France","United Kingdom","United States of America","United States of America","United States of America","United States of America","United States of America","United States of America","United States of America","United States of America","Vatican City","Vatican City","Vatican City","France","France","France","France","United States of America","Italy","Italy"]},{"index":2,"name":"col2","values":["Paris","London","Washington, D.C.","Washington, D.C.","Washington, D.C.","Washington, D.C.","Washington, D.C.","Washington, D.C.","Washington, D.C.","Washington, D.C.","Vatican City","Vatican City","Vatican City","1st arrondissement of Paris","1st arrondissement of Paris","1st arrondissement of Paris","1st arrondissement of Paris","Newton","Bologna","Bologna"]}]},"context":{"page_title":null,"page_url":null,"page_entity_id":null,"content_hierarchy":[]},"links":[[[{"start":0,"end":17,"url":null,"entity_id":"Q3094674","candidates":[]}],[{"start":0,"end":6,"url":null,"entity_id":"Q142","candidates":[]}],[{"start":0,"end":5,"url":null,"entity_id":"Q90","candidates":[]}]],[[{"start":0,"end":13,"url":null,"entity_id":"Q1275898","candidates":[]}],[{"start":0,"end":14,"url":null,"entity_id":"Q145","candidates":[]}],[{"start":0,"end":6,"url":null,"entity_id":"Q84","candidates":[]}]],[[{"start":0,"end":28,"url":null,"entity_id":"Q7891361","candidates":[]}],[{"start":0,"end":24,"url":null,"entity_id":"Q30","candidates":[]}],[{"start":0,"end":16,"url":null,"entity_id":"Q61","candidates":[]}]],[[{"start":0,"end":18,"url":null,"entity_id":"Q7084951","candidates":[]}],[{"start":0,"end":24,"url":null,"entity_id":"Q30","candidates":[]}],[{"start":0,"end":16,"url":null,"entity_id":"Q61","candidates":[]}]],[[{"start":0,"end":18,"url":null,"entity_id":"Q6021786","candidates":[]}],[{"start":0,"end":24,"url":null,"entity_id":"Q30","candidates":[]}],[{"start":0,"end":16,"url":null,"entity_id":"Q61","candidates":[]}]],[[{"start":0,"end":17,"url":null,"entity_id":"Q3469902","candidates":[]}],[{"start":0,"end":24,"url":null,"entity_id":"Q30","candidates":[]}],[{"start":0,"end":16,"url":null,"entity_id":"Q61","candidates":[]}]],[[{"start":0,"end":34,"url":null,"entity_id":"Q3161389","candidates":[]}],[{"start":0,"end":24,"url":null,"entity_id":"Q30","candidates":[]}],[{"start":0,"end":16,"url":null,"entity_id":"Q61","candidates":[]}]],[[{"start":0,"end":8,"url":null,"entity_id":"Q2915027","candidates":[]}],[{"start":0,"end":24,"url":null,"entity_id":"Q30","candidates":[]}],[{"start":0,"end":16,"url":null,"entity_id":"Q61","candidates":[]}]],[[{"start":0,"end":15,"url":null,"entity_id":"Q2906588","candidates":[]}],[{"start":0,"end":24,"url":null,"entity_id":"Q30","candidates":[]}],[{"start":0,"end":16,"url":null,"entity_id":"Q61","candidates":[]}]],[[{"start":0,"end":14,"url":null,"entity_id":"Q2898409","candidates":[]}],[{"start":0,"end":24,"url":null,"entity_id":"Q30","candidates":[]}],[{"start":0,"end":16,"url":null,"entity_id":"Q61","candidates":[]}]],[[{"start":0,"end":33,"url":null,"entity_id":"Q3945251","candidates":[]}],[{"start":0,"end":12,"url":null,"entity_id":"Q237","candidates":[]}],[{"start":0,"end":12,"url":null,"entity_id":"Q237","candidates":[]}]],[[{"start":0,"end":18,"url":null,"entity_id":"Q774018","candidates":[]}],[{"start":0,"end":12,"url":null,"entity_id":"Q237","candidates":[]}],[{"start":0,"end":12,"url":null,"entity_id":"Q237","candidates":[]}]],[[{"start":0,"end":16,"url":null,"entity_id":"Q498557","candidates":[]}],[{"start":0,"end":12,"url":null,"entity_id":"Q237","candidates":[]}],[{"start":0,"end":12,"url":null,"entity_id":"Q237","candidates":[]}]],[[{"start":0,"end":8,"url":null,"entity_id":"Q41189976","candidates":[]}],[{"start":0,"end":6,"url":null,"entity_id":"Q142","candidates":[]}],[{"start":0,"end":27,"url":null,"entity_id":"Q161741","candidates":[]}]],[[{"start":0,"end":8,"url":null,"entity_id":"Q41189025","candidates":[]}],[{"start":0,"end":6,"url":null,"entity_id":"Q142","candidates":[]}],[{"start":0,"end":27,"url":null,"entity_id":"Q161741","candidates":[]}]],[[{"start":0,"end":8,"url":null,"entity_id":"Q40145576","candidates":[]}],[{"start":0,"end":6,"url":null,"entity_id":"Q142","candidates":[]}],[{"start":0,"end":27,"url":null,"entity_id":"Q161741","candidates":[]}]],[[{"start":0,"end":8,"url":null,"entity_id":"Q29995082","candidates":[]}],[{"start":0,"end":6,"url":null,"entity_id":"Q142","candidates":[]}],[{"start":0,"end":27,"url":null,"entity_id":"Q161741","candidates":[]}]],[[{"start":0,"end":63,"url":null,"entity_id":"Q47490454","candidates":[]}],[{"start":0,"end":24,"url":null,"entity_id":"Q30","candidates":[]}],[{"start":0,"end":6,"url":null,"entity_id":"Q49196","candidates":[]}]],[[{"start":0,"end":8,"url":null,"entity_id":"Q28669736","candidates":[]}],[{"start":0,"end":5,"url":null,"entity_id":"Q38","candidates":[]}],[{"start":0,"end":7,"url":null,"entity_id":"Q1891","candidates":[]}]],[[{"start":0,"end":12,"url":null,"entity_id":"Q28669591","candidates":[]}],[{"start":0,"end":5,"url":null,"entity_id":"Q38","candidates":[]}],[{"start":0,"end":7,"url":null,"entity_id":"Q1891","candidates":[]}]]]}