{"version":"1.2","table":{"version":"2","table_id":"E6R56OU5","columns":[{"index":0,"name":"col0","values":["Team Motorola","IG-Sigma Sport","Selle Italia Ghezzi","CMAX Dila","Team Neotel","Amaya Seguros","Plowman Craven-Evans Cycles","Hong Kong","Tianyoude Hotel Cycling Team","Ed’ System ZVVZ","Doha Team","Pedaltech-Cyclingnews-Jako","Noris Cycling","Health Mate-Cyclelive","Voster ATS Team","Pezula Racing","Saturn Cycling Team","Team Shaklee","Team Specialized Designs for Women","Gewiss-Bianchi"]},{"index":1,"name":"col1","values":["Motorola","IG-Sigma Sport","Selle Italia Ghezzi","CMAX Dila","Neotel","Fosforera-Vereco MG","Plowman Craven-Madison","Hong Kong Pro","Qinghai Tianyoude","Ed System-ZVVZ","Doha","DFL-Cyclingnews-Litespeed","Noris cycling","Health Mate-Cyclelive Team","Voster ATS Team","Pezula Racing","Saturn Cycling Team","Team Shaklee","Team Specialized Designs for Women","San Giacomo-Benotto"]},{"index":2,"name":"col2","values":["1981-01-01","2009-01-01","2000-01-01","2007-01-01","2007-01-01","1979-01-01","2006-01-01","2005-01-01","2009-01-01","1998-01-01","2007-01-01","2001-01-01","1999-01-01","2018-01-01","2016-01-01","2008-01-01","1992-01-01","1987-01-01","2002-01-01","1973-01-01"]}]},"context":{"page_title":null,"page_url":null,"page_entity_id":null,"content_hierarchy":[]},"links":[[[{"start":0,"end":13,"url":null,"entity_id":"Q3589490","candidates":[]}],[],[]],[[{"start":0,"end":14,"url":null,"entity_id":"Q7691510","candidates":[]}],[],[]],[[{"start":0,"end":19,"url":null,"entity_id":"Q3589592","candidates":[]}],[],[]],[[{"start":0,"end":9,"url":null,"entity_id":"Q3589509","candidates":[]}],[],[]],[[{"start":0,"end":11,"url":null,"entity_id":"Q2388688","candidates":[]}],[],[]],[[{"start":0,"end":13,"url":null,"entity_id":"Q2102098","candidates":[]}],[],[]],[[{"start":0,"end":27,"url":null,"entity_id":"Q2099639","candidates":[]}],[],[]],[[{"start":0,"end":9,"url":null,"entity_id":"Q1395445","candidates":[]}],[],[]],[[{"start":0,"end":28,"url":null,"entity_id":"Q1297904","candidates":[]}],[],[]],[[{"start":0,"end":15,"url":null,"entity_id":"Q1295237","candidates":[]}],[],[]],[[{"start":0,"end":9,"url":null,"entity_id":"Q1234823","candidates":[]}],[],[]],[[{"start":0,"end":26,"url":null,"entity_id":"Q638376","candidates":[]}],[],[]],[[{"start":0,"end":13,"url":null,"entity_id":"Q316593","candidates":[]}],[],[]],[[{"start":0,"end":21,"url":null,"entity_id":"Q47073038","candidates":[]}],[],[]],[[{"start":0,"end":15,"url":null,"entity_id":"Q28870889","candidates":[]}],[],[]],[[{"start":0,"end":13,"url":null,"entity_id":"Q2081891","candidates":[]}],[],[]],[[{"start":0,"end":19,"url":null,"entity_id":"Q1421877","candidates":[]}],[],[]],[[{"start":0,"end":12,"url":null,"entity_id":"Q20715092","candidates":[]}],[],[]],[[{"start":0,"end":34,"url":null,"entity_id":"Q3516721","candidates":[]}],[],[]],[[{"start":0,"end":14,"url":null,"entity_id":"Q27169989","candidates":[]}],[],[]]]}