{"version":"1.2","table":{"version":"2","table_id":"E6XJ2C2G","columns":[{"index":0,"name":"col0","values":["V* V446 Mon","UCAC3 192-10346","TYC 3561-1734-1","UCAC4 639-050027","V* V1871 Ori","[HW78] V9","V* GP Per","ROTSE1 J173732.92+261253.2","V* BC Aql","ROTSE1 J164611.57+360937.9","V* V1048 Cen","ROTSE1 J155123.71+374231.8","ROTSE1 J171458.72+231344.2","BD-00 233","ROTSE1 J135058.20+263320.8","2MASS J19284396+4112456","V* IO Car","BD+18 94","TYC 267-687-1","V* BQ Ser"]},{"index":1,"name":"col1","values":["0.0964","1.7428","0.7268","16.969","0.6053","2.1541","0.1693","0.1594","0.2038","0.1048","0.4369","16.969","0.1552","0.5505","12.4691","2.9581","0.1602","1.718","1.7044","0.7943"]},{"index":2,"name":"col2","values":["0.083","-3.99","-6.065","-21.92","2.483","-0.981","-0.118","-8.251","-2.326","-3.462","-5.082","-21.92","-15.177","1.662","-59.485","-1.298","-5.716","-1.284","-16.422","1.104"]},{"index":3,"name":"col3","values":["7.2","-0.39","0.15","-0.26","-0.46","-1.22","6.7","-0.95","7.22","-0.57","-0.01","-0.26","-0.45","-0.31","-0.11","0.04","-0.05","0.08","-0.24","0.06"]},{"index":4,"name":"col4","values":["1.160912783355","5.9187876709076","47.5869958759548","37.7089552671675","6.5678549358197","12.267870104246","44.2368722803825","26.2151611069959","-9.0809977021598","36.1607132649228","-59.4287044490373","37.7089552671675","23.2287909695598","0.5859995408523","26.555495338628","41.2126692377788","-60.7326857416864","18.9845589917214","3.8406500071575","4.3982478555204"]},{"index":5,"name":"col5","values":["195","5500","7200","45000","450","9","35","21","66","630","145","45000","21","21","39000","17800","63","6600","8000","83"]},{"index":6,"name":"col6","values":["10.732","12.85","12.31","12.384","12.59","20.227","10.911","8.277","11.108","9.386","10.5","12.384","11.67","9.75","9.345","11.643","7.862","10.07","10.17","9.21"]}]},"context":{"page_title":null,"page_url":null,"page_entity_id":null,"content_hierarchy":[]},"links":[[[{"start":0,"end":11,"url":null,"entity_id":"Q83683198","candidates":[]}],[],[],[],[],[],[]],[[{"start":0,"end":15,"url":null,"entity_id":"Q82262999","candidates":[]}],[],[],[],[],[],[]],[[{"start":0,"end":15,"url":null,"entity_id":"Q81693268","candidates":[]}],[],[],[],[],[],[]],[[{"start":0,"end":16,"url":null,"entity_id":"Q81285339","candidates":[]}],[],[],[],[],[],[]],[[{"start":0,"end":12,"url":null,"entity_id":"Q81227595","candidates":[]}],[],[],[],[],[],[]],[[{"start":0,"end":9,"url":null,"entity_id":"Q86906603","candidates":[]}],[],[],[],[],[],[]],[[{"start":0,"end":9,"url":null,"entity_id":"Q86820372","candidates":[]}],[],[],[],[],[],[]],[[{"start":0,"end":26,"url":null,"entity_id":"Q86660027","candidates":[]}],[],[],[],[],[],[]],[[{"start":0,"end":9,"url":null,"entity_id":"Q86319465","candidates":[]}],[],[],[],[],[],[]],[[{"start":0,"end":26,"url":null,"entity_id":"Q86183232","candidates":[]}],[],[],[],[],[],[]],[[{"start":0,"end":12,"url":null,"entity_id":"Q86122854","candidates":[]}],[],[],[],[],[],[]],[[{"start":0,"end":26,"url":null,"entity_id":"Q86023167","candidates":[]}],[],[],[],[],[],[]],[[{"start":0,"end":26,"url":null,"entity_id":"Q85936487","candidates":[]}],[],[],[],[],[],[]],[[{"start":0,"end":9,"url":null,"entity_id":"Q85688981","candidates":[]}],[],[],[],[],[],[]],[[{"start":0,"end":26,"url":null,"entity_id":"Q84926965","candidates":[]}],[],[],[],[],[],[]],[[{"start":0,"end":23,"url":null,"entity_id":"Q84193089","candidates":[]}],[],[],[],[],[],[]],[[{"start":0,"end":9,"url":null,"entity_id":"Q77597055","candidates":[]}],[],[],[],[],[],[]],[[{"start":0,"end":8,"url":null,"entity_id":"Q77039392","candidates":[]}],[],[],[],[],[],[]],[[{"start":0,"end":13,"url":null,"entity_id":"Q76933161","candidates":[]}],[],[],[],[],[],[]],[[{"start":0,"end":9,"url":null,"entity_id":"Q76912621","candidates":[]}],[],[],[],[],[],[]]]}