{"version":"1.2","table":{"version":"2","table_id":"E9V3FVCD","columns":[{"index":0,"name":"col0","values":["Rundetaarn","Coit Tower","Ludwig Tower","Victory Tower","Kaiser-Karls-Turm","Moltketurm (Porta Westfalica)","Gillerberg Observation Tower","Rhein-Weser-Turm","Grugaturm","Stählibuckturm","Moltke Watchtower","Ernst Moritz Arndt Tower","Longinus Tower","Haldy-Turm","Harzbergturm","Desert View Watchtower","Wilhelminatoren","Helenenturm","Ještěd Tower","Portland Observatory"]},{"index":1,"name":"col1","values":["Copenhagen Municipality","San Francisco","Bad Kissingen","Bayreuth","Bad Driburg","Porta Westfalica","Hilchenbach","Kirchhundem","Essen","Thurgau","Sangerhausen","Bergen auf Rügen","Nottuln","Engelskirchen","Bad Vöslau","Coconino County","Valkenburg aan de Geul","Witten","Horní Hanychov","Maine"]},{"index":2,"name":"col2","values":["monument on Kulturstyrelsen register","place listed on the National Register of Historic Places","architectural heritage monument in Bavaria","architectural heritage monument in Bavaria","architectural heritage monument in North Rhine-Westphalia","architectural heritage monument in North Rhine-Westphalia","architectural heritage monument in North Rhine-Westphalia","architectural heritage monument in North Rhine-Westphalia","architectural heritage monument in North Rhine-Westphalia","class B Swiss cultural property of regional significance","Kulturdenkmal","Kulturdenkmal","Kulturdenkmal","Kulturdenkmal","Denkmalgeschütztes Objekt","NRHP contributing property","Rijksmonument","architectural heritage monument","national cultural monument of the Czech Republic","National Historic Landmark"]}]},"context":{"page_title":null,"page_url":null,"page_entity_id":null,"content_hierarchy":[]},"links":[[[{"start":0,"end":10,"url":null,"entity_id":"Q1140534","candidates":[]}],[{"start":0,"end":23,"url":null,"entity_id":"Q504125","candidates":[]}],[{"start":0,"end":36,"url":null,"entity_id":"Q21436546","candidates":[]}]],[[{"start":0,"end":10,"url":null,"entity_id":"Q1107297","candidates":[]}],[{"start":0,"end":13,"url":null,"entity_id":"Q62","candidates":[]}],[{"start":0,"end":56,"url":null,"entity_id":"Q19558910","candidates":[]}]],[[{"start":0,"end":12,"url":null,"entity_id":"Q1194859","candidates":[]}],[{"start":0,"end":13,"url":null,"entity_id":"Q488346","candidates":[]}],[{"start":0,"end":42,"url":null,"entity_id":"Q17297633","candidates":[]}]],[[{"start":0,"end":13,"url":null,"entity_id":"Q1799824","candidates":[]}],[{"start":0,"end":8,"url":null,"entity_id":"Q3923","candidates":[]}],[{"start":0,"end":42,"url":null,"entity_id":"Q17297633","candidates":[]}]],[[{"start":0,"end":17,"url":null,"entity_id":"Q1355126","candidates":[]}],[{"start":0,"end":11,"url":null,"entity_id":"Q242195","candidates":[]}],[{"start":0,"end":57,"url":null,"entity_id":"Q15632117","candidates":[]}]],[[{"start":0,"end":29,"url":null,"entity_id":"Q1943768","candidates":[]}],[{"start":0,"end":16,"url":null,"entity_id":"Q14954","candidates":[]}],[{"start":0,"end":57,"url":null,"entity_id":"Q15632117","candidates":[]}]],[[{"start":0,"end":28,"url":null,"entity_id":"Q1524437","candidates":[]}],[{"start":0,"end":11,"url":null,"entity_id":"Q10949","candidates":[]}],[{"start":0,"end":57,"url":null,"entity_id":"Q15632117","candidates":[]}]],[[{"start":0,"end":16,"url":null,"entity_id":"Q2147512","candidates":[]}],[{"start":0,"end":11,"url":null,"entity_id":"Q10906","candidates":[]}],[{"start":0,"end":57,"url":null,"entity_id":"Q15632117","candidates":[]}]],[[{"start":0,"end":9,"url":null,"entity_id":"Q1550328","candidates":[]}],[{"start":0,"end":5,"url":null,"entity_id":"Q2066","candidates":[]}],[{"start":0,"end":57,"url":null,"entity_id":"Q15632117","candidates":[]}]],[[{"start":0,"end":14,"url":null,"entity_id":"Q1613372","candidates":[]}],[{"start":0,"end":7,"url":null,"entity_id":"Q12713","candidates":[]}],[{"start":0,"end":56,"url":null,"entity_id":"Q12126757","candidates":[]}]],[[{"start":0,"end":17,"url":null,"entity_id":"Q1943773","candidates":[]}],[{"start":0,"end":12,"url":null,"entity_id":"Q502434","candidates":[]}],[{"start":0,"end":13,"url":null,"entity_id":"Q11691318","candidates":[]}]],[[{"start":0,"end":24,"url":null,"entity_id":"Q1242477","candidates":[]}],[{"start":0,"end":16,"url":null,"entity_id":"Q492538","candidates":[]}],[{"start":0,"end":13,"url":null,"entity_id":"Q11691318","candidates":[]}]],[[{"start":0,"end":14,"url":null,"entity_id":"Q1869530","candidates":[]}],[{"start":0,"end":7,"url":null,"entity_id":"Q14939","candidates":[]}],[{"start":0,"end":13,"url":null,"entity_id":"Q11691318","candidates":[]}]],[[{"start":0,"end":10,"url":null,"entity_id":"Q1570826","candidates":[]}],[{"start":0,"end":13,"url":null,"entity_id":"Q11046","candidates":[]}],[{"start":0,"end":13,"url":null,"entity_id":"Q11691318","candidates":[]}]],[[{"start":0,"end":12,"url":null,"entity_id":"Q1363013","candidates":[]}],[{"start":0,"end":10,"url":null,"entity_id":"Q798800","candidates":[]}],[{"start":0,"end":25,"url":null,"entity_id":"Q1188447","candidates":[]}]],[[{"start":0,"end":22,"url":null,"entity_id":"Q2062022","candidates":[]}],[{"start":0,"end":15,"url":null,"entity_id":"Q58684","candidates":[]}],[{"start":0,"end":26,"url":null,"entity_id":"Q1129142","candidates":[]}]],[[{"start":0,"end":15,"url":null,"entity_id":"Q1923415","candidates":[]}],[{"start":0,"end":22,"url":null,"entity_id":"Q9771","candidates":[]}],[{"start":0,"end":13,"url":null,"entity_id":"Q916333","candidates":[]}]],[[{"start":0,"end":11,"url":null,"entity_id":"Q1602068","candidates":[]}],[{"start":0,"end":6,"url":null,"entity_id":"Q3764","candidates":[]}],[{"start":0,"end":31,"url":null,"entity_id":"Q811165","candidates":[]}]],[[{"start":0,"end":12,"url":null,"entity_id":"Q1129608","candidates":[]}],[{"start":0,"end":14,"url":null,"entity_id":"Q12020169","candidates":[]}],[{"start":0,"end":48,"url":null,"entity_id":"Q649434","candidates":[]}]],[[{"start":0,"end":20,"url":null,"entity_id":"Q2105180","candidates":[]}],[{"start":0,"end":5,"url":null,"entity_id":"Q724","candidates":[]}],[{"start":0,"end":26,"url":null,"entity_id":"Q624232","candidates":[]}]]]}