{"version":"1.2","table":{"version":"2","table_id":"EBRID38M","columns":[{"index":0,"name":"col0","values":["Rossotrudnichestvo","State Council of the People's Republic of China","Government of Hong Kong","Ministry of Foreign Affairs of the Federal Democratic Republic of Ethiopia","Presidential Council of the Hungarian People's Republic","Department of Foreign Affairs and Trade of Ireland","Government of Japan","Ministry of Foreign Affairs of the Socialist Republic of Vietnam","Nantou County Government","Pingtung County Government","Keelung City Government","Miaoli County Government","Yunlin County Government","Changhua County Government","Hsinchu County Government","Council of Ministers of Saudi Arabia","Ministry of Foreign Affairs and Trade of New Zealand","Ministry of Foreign Affairs","Federal Agency for Scientific Organizations","Federal Agency for Geodesy and Cartography"]},{"index":1,"name":"col1","values":["1925-01-01","1954-09-27","1997-07-01","1907-01-01","1949-08-23","1919-01-01","1947-01-01","1945-01-01","1950-01-01","1950-01-01","1945-11-11","1950-01-01","1950-01-01","1950-01-01","1950-01-01","1953-01-01","1919-01-01","1959-12-23","2013-01-01","2004-05-20"]},{"index":2,"name":"col2","values":["Moscow","Zhongnanhai","Hong Kong","Addis Ababa","Budapest","Iveagh House","Chiyoda-ku","Hanoi","Nantou City","Pingtung City","Zhongzheng District","Miaoli City","Douliu","Changhua City","Zhubei","Palace of Yamamah","Wellington","Havana","Moscow","Moscow"]},{"index":3,"name":"col3","values":["Russia","People's Republic of China","People's Republic of China","Ethiopia","Hungary","Ireland","Japan","Vietnam","Taiwan","Taiwan","Taiwan","Taiwan","Taiwan","Taiwan","Taiwan","Saudi Arabia","New Zealand","Cuba","Russia","Russia"]}]},"context":{"page_title":null,"page_url":null,"page_entity_id":null,"content_hierarchy":[]},"links":[[[{"start":0,"end":18,"url":null,"entity_id":"Q2167813","candidates":[]}],[],[{"start":0,"end":6,"url":null,"entity_id":"Q649","candidates":[]}],[{"start":0,"end":6,"url":null,"entity_id":"Q159","candidates":[]}]],[[{"start":0,"end":47,"url":null,"entity_id":"Q59261","candidates":[]}],[],[{"start":0,"end":11,"url":null,"entity_id":"Q197889","candidates":[]}],[{"start":0,"end":26,"url":null,"entity_id":"Q148","candidates":[]}]],[[{"start":0,"end":23,"url":null,"entity_id":"Q15164","candidates":[]}],[],[{"start":0,"end":9,"url":null,"entity_id":"Q8646","candidates":[]}],[{"start":0,"end":26,"url":null,"entity_id":"Q148","candidates":[]}]],[[{"start":0,"end":74,"url":null,"entity_id":"Q3315366","candidates":[]}],[],[{"start":0,"end":11,"url":null,"entity_id":"Q3624","candidates":[]}],[{"start":0,"end":8,"url":null,"entity_id":"Q115","candidates":[]}]],[[{"start":0,"end":55,"url":null,"entity_id":"Q458910","candidates":[]}],[],[{"start":0,"end":8,"url":null,"entity_id":"Q1781","candidates":[]}],[{"start":0,"end":7,"url":null,"entity_id":"Q28","candidates":[]}]],[[{"start":0,"end":50,"url":null,"entity_id":"Q848798","candidates":[]}],[],[{"start":0,"end":12,"url":null,"entity_id":"Q6098632","candidates":[]}],[{"start":0,"end":7,"url":null,"entity_id":"Q27","candidates":[]}]],[[{"start":0,"end":19,"url":null,"entity_id":"Q1190574","candidates":[]}],[],[{"start":0,"end":10,"url":null,"entity_id":"Q214051","candidates":[]}],[{"start":0,"end":5,"url":null,"entity_id":"Q17","candidates":[]}]],[[{"start":0,"end":64,"url":null,"entity_id":"Q6867039","candidates":[]}],[],[{"start":0,"end":5,"url":null,"entity_id":"Q1858","candidates":[]}],[{"start":0,"end":7,"url":null,"entity_id":"Q881","candidates":[]}]],[[{"start":0,"end":24,"url":null,"entity_id":"Q17011999","candidates":[]}],[],[{"start":0,"end":11,"url":null,"entity_id":"Q715171","candidates":[]}],[{"start":0,"end":6,"url":null,"entity_id":"Q865","candidates":[]}]],[[{"start":0,"end":26,"url":null,"entity_id":"Q11042707","candidates":[]}],[],[{"start":0,"end":13,"url":null,"entity_id":"Q713377","candidates":[]}],[{"start":0,"end":6,"url":null,"entity_id":"Q865","candidates":[]}]],[[{"start":0,"end":23,"url":null,"entity_id":"Q10930430","candidates":[]}],[],[{"start":0,"end":19,"url":null,"entity_id":"Q712871","candidates":[]}],[{"start":0,"end":6,"url":null,"entity_id":"Q865","candidates":[]}]],[[{"start":0,"end":24,"url":null,"entity_id":"Q15909984","candidates":[]}],[],[{"start":0,"end":11,"url":null,"entity_id":"Q701651","candidates":[]}],[{"start":0,"end":6,"url":null,"entity_id":"Q865","candidates":[]}]],[[{"start":0,"end":24,"url":null,"entity_id":"Q15909106","candidates":[]}],[],[{"start":0,"end":6,"url":null,"entity_id":"Q669566","candidates":[]}],[{"start":0,"end":6,"url":null,"entity_id":"Q865","candidates":[]}]],[[{"start":0,"end":26,"url":null,"entity_id":"Q11070045","candidates":[]}],[],[{"start":0,"end":13,"url":null,"entity_id":"Q195215","candidates":[]}],[{"start":0,"end":6,"url":null,"entity_id":"Q865","candidates":[]}]],[[{"start":0,"end":25,"url":null,"entity_id":"Q11084050","candidates":[]}],[],[{"start":0,"end":6,"url":null,"entity_id":"Q29624","candidates":[]}],[{"start":0,"end":6,"url":null,"entity_id":"Q865","candidates":[]}]],[[{"start":0,"end":36,"url":null,"entity_id":"Q14654732","candidates":[]}],[],[{"start":0,"end":17,"url":null,"entity_id":"Q17621052","candidates":[]}],[{"start":0,"end":12,"url":null,"entity_id":"Q851","candidates":[]}]],[[{"start":0,"end":52,"url":null,"entity_id":"Q6867060","candidates":[]}],[],[{"start":0,"end":10,"url":null,"entity_id":"Q23661","candidates":[]}],[{"start":0,"end":11,"url":null,"entity_id":"Q664","candidates":[]}]],[[{"start":0,"end":27,"url":null,"entity_id":"Q10330349","candidates":[]}],[],[{"start":0,"end":6,"url":null,"entity_id":"Q1563","candidates":[]}],[{"start":0,"end":4,"url":null,"entity_id":"Q241","candidates":[]}]],[[{"start":0,"end":43,"url":null,"entity_id":"Q16711297","candidates":[]}],[],[{"start":0,"end":6,"url":null,"entity_id":"Q649","candidates":[]}],[{"start":0,"end":6,"url":null,"entity_id":"Q159","candidates":[]}]],[[{"start":0,"end":42,"url":null,"entity_id":"Q16711295","candidates":[]}],[],[{"start":0,"end":6,"url":null,"entity_id":"Q649","candidates":[]}],[{"start":0,"end":6,"url":null,"entity_id":"Q159","candidates":[]}]]]}