{"version":"1.2","table":{"version":"2","table_id":"EBZDSPNJ","columns":[{"index":0,"name":"col0","values":["Cotiujenii Mari","Cosăuți","Corestăuți","Copăceni","Constantinovca","Congazcicul de Sus","Condrătești","Vădeni","Colicăuți","Codreni","Codreanca","Cocieri","Cneazevca","Climăuții de Jos","Ciutulești","Ciutești","Ciuciuieni","Cioropcani","Ciorești","Ciorescu"]},{"index":1,"name":"col1","values":["Moldova","Moldova","Moldova","Moldova","Moldova","Moldova","Moldova","Moldova","Moldova","Moldova","Moldova","Moldova","Moldova","Moldova","Moldova","Moldova","Moldova","Moldova","Moldova","Moldova"]},{"index":2,"name":"col2","values":["3141","3254","990","2613","537","1480","1098","1922","2875","639","2236","3885","841","1239","2972","1530","1176","2467","3430","5961"]}]},"context":{"page_title":null,"page_url":null,"page_entity_id":null,"content_hierarchy":[]},"links":[[[{"start":0,"end":15,"url":null,"entity_id":"Q20858607","candidates":[]}],[{"start":0,"end":7,"url":null,"entity_id":"Q217","candidates":[]}],[]],[[{"start":0,"end":7,"url":null,"entity_id":"Q20858606","candidates":[]}],[{"start":0,"end":7,"url":null,"entity_id":"Q217","candidates":[]}],[]],[[{"start":0,"end":10,"url":null,"entity_id":"Q20858604","candidates":[]}],[{"start":0,"end":7,"url":null,"entity_id":"Q217","candidates":[]}],[]],[[{"start":0,"end":8,"url":null,"entity_id":"Q20858603","candidates":[]}],[{"start":0,"end":7,"url":null,"entity_id":"Q217","candidates":[]}],[]],[[{"start":0,"end":14,"url":null,"entity_id":"Q20858602","candidates":[]}],[{"start":0,"end":7,"url":null,"entity_id":"Q217","candidates":[]}],[]],[[{"start":0,"end":18,"url":null,"entity_id":"Q20858601","candidates":[]}],[{"start":0,"end":7,"url":null,"entity_id":"Q217","candidates":[]}],[]],[[{"start":0,"end":11,"url":null,"entity_id":"Q20858600","candidates":[]}],[{"start":0,"end":7,"url":null,"entity_id":"Q217","candidates":[]}],[]],[[{"start":0,"end":6,"url":null,"entity_id":"Q20858599","candidates":[]}],[{"start":0,"end":7,"url":null,"entity_id":"Q217","candidates":[]}],[]],[[{"start":0,"end":9,"url":null,"entity_id":"Q20858596","candidates":[]}],[{"start":0,"end":7,"url":null,"entity_id":"Q217","candidates":[]}],[]],[[{"start":0,"end":7,"url":null,"entity_id":"Q20858595","candidates":[]}],[{"start":0,"end":7,"url":null,"entity_id":"Q217","candidates":[]}],[]],[[{"start":0,"end":9,"url":null,"entity_id":"Q20858594","candidates":[]}],[{"start":0,"end":7,"url":null,"entity_id":"Q217","candidates":[]}],[]],[[{"start":0,"end":7,"url":null,"entity_id":"Q20858593","candidates":[]}],[{"start":0,"end":7,"url":null,"entity_id":"Q217","candidates":[]}],[]],[[{"start":0,"end":9,"url":null,"entity_id":"Q20858591","candidates":[]}],[{"start":0,"end":7,"url":null,"entity_id":"Q217","candidates":[]}],[]],[[{"start":0,"end":16,"url":null,"entity_id":"Q20858590","candidates":[]}],[{"start":0,"end":7,"url":null,"entity_id":"Q217","candidates":[]}],[]],[[{"start":0,"end":10,"url":null,"entity_id":"Q20858589","candidates":[]}],[{"start":0,"end":7,"url":null,"entity_id":"Q217","candidates":[]}],[]],[[{"start":0,"end":8,"url":null,"entity_id":"Q20858588","candidates":[]}],[{"start":0,"end":7,"url":null,"entity_id":"Q217","candidates":[]}],[]],[[{"start":0,"end":10,"url":null,"entity_id":"Q20858587","candidates":[]}],[{"start":0,"end":7,"url":null,"entity_id":"Q217","candidates":[]}],[]],[[{"start":0,"end":10,"url":null,"entity_id":"Q20858585","candidates":[]}],[{"start":0,"end":7,"url":null,"entity_id":"Q217","candidates":[]}],[]],[[{"start":0,"end":8,"url":null,"entity_id":"Q20858584","candidates":[]}],[{"start":0,"end":7,"url":null,"entity_id":"Q217","candidates":[]}],[]],[[{"start":0,"end":8,"url":null,"entity_id":"Q20858583","candidates":[]}],[{"start":0,"end":7,"url":null,"entity_id":"Q217","candidates":[]}],[]]]}