{"version":"1.2","table":{"version":"2","table_id":"ECHQDBSI","columns":[{"index":0,"name":"col0","values":["Sunday Gulc Trail","Grerock Mountaiq National Recreation Trail","Cut Fort Sioux Trail","Drippipg Springs Tail","Cliff\"Spring rail","Cae Final Tral","Boucher rail","WildOak Trail","Waldrn Trail","Uncle Jim Tsail","Tonto Tral","Tanqer Trail","TahoeRim Trail","Art Loeb rail","Sinhoti National Recreation Trail","outeburn Track","John Muir Tral","For MileTrail","Santa Cuz Trail","Windy Gap Train"]},{"index":1,"name":"col1","values":["3.472","3.0752","21.978","1.992","0.992","1.996","9.036","26.156","1.99","2.002","69.65","9.008999999999999","265.53","30.814","338.35","31.84","335.214","4.7664","21.3065","1.988"]},{"index":2,"name":"col2","values":["Custer State Park","Roosevelt National Forest","Chippewa National Forest","Grand Canyon National Park","Grand Canyon National Park","Grand Canyon National Park","Grand Canyon National Park","George Washington and Jefferson National Forests","Grand Canyon National Park","Grand Canyon National Park","Grand Canyon National Park","Grand Canyon National Park","Humboldt–Toiyabe National Forest","Pisgah National Forest","Chattahoochee-Oconee National Forest","Fiordland National Park","Sequoia National Park","Yosemite Wilderness","Los Padres National Forest","Angeles National Forest"]}]},"context":{"page_title":null,"page_url":null,"page_entity_id":null,"content_hierarchy":[]},"links":[[[{"start":0,"end":17,"url":null,"entity_id":"Q67186126","candidates":[]}],[],[{"start":0,"end":17,"url":null,"entity_id":"Q1803230","candidates":[]}]],[[{"start":0,"end":42,"url":null,"entity_id":"Q5608467","candidates":[]}],[],[{"start":0,"end":25,"url":null,"entity_id":"Q7366477","candidates":[]}]],[[{"start":0,"end":20,"url":null,"entity_id":"Q5196634","candidates":[]}],[],[{"start":0,"end":24,"url":null,"entity_id":"Q3079117","candidates":[]}]],[[{"start":0,"end":21,"url":null,"entity_id":"Q5307783","candidates":[]}],[],[{"start":0,"end":26,"url":null,"entity_id":"Q220289","candidates":[]}]],[[{"start":0,"end":17,"url":null,"entity_id":"Q5132770","candidates":[]}],[],[{"start":0,"end":26,"url":null,"entity_id":"Q220289","candidates":[]}]],[[{"start":0,"end":14,"url":null,"entity_id":"Q5034800","candidates":[]}],[],[{"start":0,"end":26,"url":null,"entity_id":"Q220289","candidates":[]}]],[[{"start":0,"end":12,"url":null,"entity_id":"Q4949284","candidates":[]}],[],[{"start":0,"end":26,"url":null,"entity_id":"Q220289","candidates":[]}]],[[{"start":0,"end":13,"url":null,"entity_id":"Q8000735","candidates":[]}],[],[{"start":0,"end":48,"url":null,"entity_id":"Q3079313","candidates":[]}]],[[{"start":0,"end":12,"url":null,"entity_id":"Q7961642","candidates":[]}],[],[{"start":0,"end":26,"url":null,"entity_id":"Q220289","candidates":[]}]],[[{"start":0,"end":15,"url":null,"entity_id":"Q7882751","candidates":[]}],[],[{"start":0,"end":26,"url":null,"entity_id":"Q220289","candidates":[]}]],[[{"start":0,"end":10,"url":null,"entity_id":"Q7821716","candidates":[]}],[],[{"start":0,"end":26,"url":null,"entity_id":"Q220289","candidates":[]}]],[[{"start":0,"end":12,"url":null,"entity_id":"Q7683659","candidates":[]}],[],[{"start":0,"end":26,"url":null,"entity_id":"Q220289","candidates":[]}]],[[{"start":0,"end":14,"url":null,"entity_id":"Q925069","candidates":[]}],[],[{"start":0,"end":32,"url":null,"entity_id":"Q5940240","candidates":[]}]],[[{"start":0,"end":13,"url":null,"entity_id":"Q4796939","candidates":[]}],[],[{"start":0,"end":22,"url":null,"entity_id":"Q1817477","candidates":[]}]],[[{"start":0,"end":33,"url":null,"entity_id":"Q3388726","candidates":[]}],[],[{"start":0,"end":36,"url":null,"entity_id":"Q1068278","candidates":[]}]],[[{"start":0,"end":14,"url":null,"entity_id":"Q2170592","candidates":[]}],[],[{"start":0,"end":23,"url":null,"entity_id":"Q877719","candidates":[]}]],[[{"start":0,"end":14,"url":null,"entity_id":"Q967917","candidates":[]}],[],[{"start":0,"end":21,"url":null,"entity_id":"Q152660","candidates":[]}]],[[{"start":0,"end":13,"url":null,"entity_id":"Q8565089","candidates":[]}],[],[{"start":0,"end":19,"url":null,"entity_id":"Q3572639","candidates":[]}]],[[{"start":0,"end":15,"url":null,"entity_id":"Q18156970","candidates":[]}],[],[{"start":0,"end":26,"url":null,"entity_id":"Q3290802","candidates":[]}]],[[{"start":0,"end":15,"url":null,"entity_id":"Q8024839","candidates":[]}],[],[{"start":0,"end":23,"url":null,"entity_id":"Q3079095","candidates":[]}]]]}