{"version":"1.2","table":{"version":"2","table_id":"ECKBVFV8","columns":[{"index":0,"name":"col0","values":["Centro Deportivo Municipal Margot Moles","Centro Deportivo Municipal Antonio Díaz Miguel","Centro Deportivo Municipal Vicente del Bosque","Centro Deportivo Municipal Francisco Fernández Ochoa","Centro Deportivo Municipal Marqués de Samaranch","Centro Deportivo Municipal Raúl González","KGV Oval","Kwai Chung Sports Ground","Loyce Harpe Park","Jack Russell Memorial Stadium","Jan Smuts Ground","Jerry Kindall Field at Frank Sancet Stadium","MCU Park","John F. Kennedy Civic Arena","Lindner Family Tennis Center","Josh Gibson Field","Area Sportiva Franco Ballerini","Impivaara Sports Centre","Pabellón Multiusos Alfonso Soláns Serrano","Juventus Training Center (Turin)"]},{"index":1,"name":"col1","values":["Margot Moles","Antonio Díaz-Miguel","Vicente del Bosque","Francisco Fernández Ochoa","Juan Antonio Samaranch","Raúl González","George V","Kwai Chung","Loyce Harpe","Jack Russell","Jan Christiaan Smuts","Jerry Kindall","Municipal Credit Union","John F. Kennedy","Lindner family","Josh Gibson","Franco Ballerini","Impivaara","Alfonso Solans Serrano","Continassa"]},{"index":2,"name":"col2","values":["Madrid","Madrid","Madrid","Madrid","Madrid","Madrid","Glenorchy","Kwai Tsing District","Polk County","Clearwater","East London","Tucson","Brooklyn","Rome","Ohio","Pittsburgh","Serravalle Pistoiese","Turku","Zaragoza","Turin"]}]},"context":{"page_title":null,"page_url":null,"page_entity_id":null,"content_hierarchy":[]},"links":[[[{"start":0,"end":39,"url":null,"entity_id":"Q63191268","candidates":[]}],[{"start":0,"end":12,"url":null,"entity_id":"Q28662972","candidates":[]}],[{"start":0,"end":6,"url":null,"entity_id":"Q2807","candidates":[]}]],[[{"start":0,"end":46,"url":null,"entity_id":"Q63191265","candidates":[]}],[{"start":0,"end":19,"url":null,"entity_id":"Q2350357","candidates":[]}],[{"start":0,"end":6,"url":null,"entity_id":"Q2807","candidates":[]}]],[[{"start":0,"end":45,"url":null,"entity_id":"Q63191252","candidates":[]}],[{"start":0,"end":18,"url":null,"entity_id":"Q657360","candidates":[]}],[{"start":0,"end":6,"url":null,"entity_id":"Q2807","candidates":[]}]],[[{"start":0,"end":52,"url":null,"entity_id":"Q63191262","candidates":[]}],[{"start":0,"end":25,"url":null,"entity_id":"Q251466","candidates":[]}],[{"start":0,"end":6,"url":null,"entity_id":"Q2807","candidates":[]}]],[[{"start":0,"end":47,"url":null,"entity_id":"Q63191216","candidates":[]}],[{"start":0,"end":22,"url":null,"entity_id":"Q171166","candidates":[]}],[{"start":0,"end":6,"url":null,"entity_id":"Q2807","candidates":[]}]],[[{"start":0,"end":40,"url":null,"entity_id":"Q63191257","candidates":[]}],[{"start":0,"end":13,"url":null,"entity_id":"Q11576","candidates":[]}],[{"start":0,"end":6,"url":null,"entity_id":"Q2807","candidates":[]}]],[[{"start":0,"end":8,"url":null,"entity_id":"Q6329932","candidates":[]}],[{"start":0,"end":8,"url":null,"entity_id":"Q269412","candidates":[]}],[{"start":0,"end":9,"url":null,"entity_id":"Q1531147","candidates":[]}]],[[{"start":0,"end":24,"url":null,"entity_id":"Q6449982","candidates":[]}],[{"start":0,"end":10,"url":null,"entity_id":"Q591960","candidates":[]}],[{"start":0,"end":19,"url":null,"entity_id":"Q877132","candidates":[]}]],[[{"start":0,"end":16,"url":null,"entity_id":"Q6694496","candidates":[]}],[{"start":0,"end":11,"url":null,"entity_id":"Q53791831","candidates":[]}],[{"start":0,"end":11,"url":null,"entity_id":"Q501043","candidates":[]}]],[[{"start":0,"end":29,"url":null,"entity_id":"Q6114945","candidates":[]}],[{"start":0,"end":12,"url":null,"entity_id":"Q6114942","candidates":[]}],[{"start":0,"end":10,"url":null,"entity_id":"Q244146","candidates":[]}]],[[{"start":0,"end":16,"url":null,"entity_id":"Q6149934","candidates":[]}],[{"start":0,"end":20,"url":null,"entity_id":"Q214321","candidates":[]}],[{"start":0,"end":11,"url":null,"entity_id":"Q209537","candidates":[]}]],[[{"start":0,"end":43,"url":null,"entity_id":"Q6183882","candidates":[]}],[{"start":0,"end":13,"url":null,"entity_id":"Q6183881","candidates":[]}],[{"start":0,"end":6,"url":null,"entity_id":"Q18575","candidates":[]}]],[[{"start":0,"end":8,"url":null,"entity_id":"Q6715011","candidates":[]}],[{"start":0,"end":22,"url":null,"entity_id":"Q6936232","candidates":[]}],[{"start":0,"end":8,"url":null,"entity_id":"Q18419","candidates":[]}]],[[{"start":0,"end":27,"url":null,"entity_id":"Q6232339","candidates":[]}],[{"start":0,"end":15,"url":null,"entity_id":"Q9696","candidates":[]}],[{"start":0,"end":4,"url":null,"entity_id":"Q6586","candidates":[]}]],[[{"start":0,"end":28,"url":null,"entity_id":"Q6552579","candidates":[]}],[{"start":0,"end":14,"url":null,"entity_id":"Q27901649","candidates":[]}],[{"start":0,"end":4,"url":null,"entity_id":"Q1397","candidates":[]}]],[[{"start":0,"end":17,"url":null,"entity_id":"Q6288901","candidates":[]}],[{"start":0,"end":11,"url":null,"entity_id":"Q1040584","candidates":[]}],[{"start":0,"end":10,"url":null,"entity_id":"Q1342","candidates":[]}]],[[{"start":0,"end":30,"url":null,"entity_id":"Q55652307","candidates":[]}],[{"start":0,"end":16,"url":null,"entity_id":"Q435488","candidates":[]}],[{"start":0,"end":20,"url":null,"entity_id":"Q102780","candidates":[]}]],[[{"start":0,"end":23,"url":null,"entity_id":"Q56402921","candidates":[]}],[{"start":0,"end":9,"url":null,"entity_id":"Q5400608","candidates":[]}],[{"start":0,"end":5,"url":null,"entity_id":"Q38511","candidates":[]}]],[[{"start":0,"end":41,"url":null,"entity_id":"Q54810968","candidates":[]}],[{"start":0,"end":22,"url":null,"entity_id":"Q2885503","candidates":[]}],[{"start":0,"end":8,"url":null,"entity_id":"Q10305","candidates":[]}]],[[{"start":0,"end":32,"url":null,"entity_id":"Q55832704","candidates":[]}],[{"start":0,"end":10,"url":null,"entity_id":"Q14090669","candidates":[]}],[{"start":0,"end":5,"url":null,"entity_id":"Q495","candidates":[]}]]]}