[{"version":1,"nodes":[{"col_index":0,"label":"col0","id":0},{"col_index":1,"label":"col1","id":1},{"col_index":2,"label":"col2","id":2},{"abs_uri":"http://www.wikidata.org/entity/Q7543083","rel_uri":"wd:Q7543083","approximation":false,"readable_label":"avenue (Q7543083)","id":3}],"edges":[{"source":3,"target":0,"abs_uri":"http://www.w3.org/2000/01/rdf-schema#label","rel_uri":"rdfs:label","approximation":false,"readable_label":"rdfs:label","id":0},{"source":3,"target":1,"abs_uri":"http://www.wikidata.org/prop/P138","rel_uri":"p:P138","approximation":false,"readable_label":"named after (P138)","id":1},{"source":3,"target":2,"abs_uri":"http://www.wikidata.org/prop/P2789","rel_uri":"p:P2789","approximation":false,"readable_label":"connects with (P2789)","id":2}]}]