[{"version":1,"nodes":[{"col_index":0,"label":"col0","id":0},{"col_index":1,"label":"col1","id":1},{"col_index":2,"label":"col2","id":2},{"col_index":3,"label":"col3","id":3},{"abs_uri":"http://www.wikidata.org/entity/Q1664428","rel_uri":"wd:Q1664428","approximation":false,"readable_label":"interurban (Q1664428)","id":4}],"edges":[{"source":4,"target":0,"abs_uri":"http://www.w3.org/2000/01/rdf-schema#label","rel_uri":"rdfs:label","approximation":false,"readable_label":"rdfs:label","id":0},{"source":4,"target":1,"abs_uri":"http://www.wikidata.org/prop/P131","rel_uri":"p:P131","approximation":false,"readable_label":"located in the administrative territorial entity (P131)","id":1},{"source":4,"target":3,"abs_uri":"http://www.wikidata.org/prop/P137","rel_uri":"p:P137","approximation":false,"readable_label":"operator (P137)","id":2},{"source":4,"target":2,"abs_uri":"http://www.wikidata.org/prop/P1619","rel_uri":"p:P1619","approximation":false,"readable_label":"date of official opening (P1619)","id":3}]}]