[{"version":1,"nodes":[{"col_index":0,"label":"col0","id":0},{"col_index":1,"label":"col1","id":1},{"col_index":2,"label":"col2","id":2},{"col_index":3,"label":"col3","id":3},{"col_index":4,"label":"col4","id":4},{"col_index":5,"label":"col5","id":5},{"abs_uri":"http://www.wikidata.org/entity/Q1374122","rel_uri":"wd:Q1374122","approximation":false,"readable_label":"isotope of ruthenium (Q1374122)","id":6},{"abs_uri":"http://www.wikidata.org/entity/Q11344","rel_uri":"wd:Q11344","approximation":false,"readable_label":"chemical element (Q11344)","id":7}],"edges":[{"source":6,"target":0,"abs_uri":"http://www.w3.org/2000/01/rdf-schema#label","rel_uri":"rdfs:label","approximation":false,"readable_label":"rdfs:label","id":0},{"source":7,"target":4,"abs_uri":"http://www.w3.org/2000/01/rdf-schema#label","rel_uri":"rdfs:label","approximation":false,"readable_label":"rdfs:label","id":1},{"source":6,"target":2,"abs_uri":"http://www.wikidata.org/prop/P816","rel_uri":"p:P816","approximation":false,"readable_label":"decays to (P816)","id":2},{"source":6,"target":7,"abs_uri":"http://www.wikidata.org/prop/P279","rel_uri":"p:P279","approximation":false,"readable_label":"subclass of (P279)","id":3},{"source":6,"target":1,"abs_uri":"http://www.wikidata.org/prop/P2160","rel_uri":"p:P2160","approximation":false,"readable_label":"mass excess (P2160)","id":4},{"source":6,"target":3,"abs_uri":"http://www.wikidata.org/prop/P2114","rel_uri":"p:P2114","approximation":false,"readable_label":"half-life (P2114)","id":5},{"source":6,"target":5,"abs_uri":"http://www.wikidata.org/prop/P1122","rel_uri":"p:P1122","approximation":false,"readable_label":"spin quantum number (P1122)","id":6}]}]