{"version":"1.2","table":{"version":"2","table_id":"401WBTEK","columns":[{"index":0,"name":"col0","values":["Huaraz District","La Libertad District","Corongo District","Pampas Grande District","Cochabamba District","Carhuaz District","Yuracmarca","Cusca District","Bambas District","Llamellín District","Colcabamba District","Buena Vista Alta District","Jangas District","Yanac District","San Nicolás District, Carlos Fermín Fitzcarrald","Milpuc District","Marcará District","San Nicolás District, Rodríguez de Mendoza","Chaccho District","Cochamal District"]},{"index":1,"name":"col1","values":["60896","1066","1677","1044","1639","15122","1980","2678","445","3288","294","4831","4781","634","3131","453","9478","6016","1368","595"]},{"index":2,"name":"col2","values":["432.99","164.26","143.13","357.81","135.65","194.62","565.7","411.55","151.13","90.82","50.65","476.62","59.84","45.85","197.39","26.8","157.49","206.01","73.99","199.44"]},{"index":3,"name":"col3","values":["3052","3300","3141","3699","2105","2638","1518","3242","2975","3384","3150","216","2825","2860","2875","1552","2726","1575","3329","1620"]}]},"context":{"page_title":null,"page_url":null,"page_entity_id":null,"content_hierarchy":[]},"links":[[[{"start":0,"end":15,"url":null,"entity_id":"Q2697234","candidates":[]}],[],[],[]],[[{"start":0,"end":20,"url":null,"entity_id":"Q2697226","candidates":[]}],[],[],[]],[[{"start":0,"end":16,"url":null,"entity_id":"Q2697221","candidates":[]}],[],[],[]],[[{"start":0,"end":22,"url":null,"entity_id":"Q2697202","candidates":[]}],[],[],[]],[[{"start":0,"end":19,"url":null,"entity_id":"Q2697195","candidates":[]}],[],[],[]],[[{"start":0,"end":16,"url":null,"entity_id":"Q2697185","candidates":[]}],[],[],[]],[[{"start":0,"end":10,"url":null,"entity_id":"Q2697176","candidates":[]}],[],[],[]],[[{"start":0,"end":14,"url":null,"entity_id":"Q2697166","candidates":[]}],[],[],[]],[[{"start":0,"end":15,"url":null,"entity_id":"Q2697158","candidates":[]}],[],[],[]],[[{"start":0,"end":18,"url":null,"entity_id":"Q2697150","candidates":[]}],[],[],[]],[[{"start":0,"end":19,"url":null,"entity_id":"Q2697142","candidates":[]}],[],[],[]],[[{"start":0,"end":25,"url":null,"entity_id":"Q2697136","candidates":[]}],[],[],[]],[[{"start":0,"end":15,"url":null,"entity_id":"Q2697129","candidates":[]}],[],[],[]],[[{"start":0,"end":14,"url":null,"entity_id":"Q2697126","candidates":[]}],[],[],[]],[[{"start":0,"end":47,"url":null,"entity_id":"Q2697116","candidates":[]}],[],[],[]],[[{"start":0,"end":15,"url":null,"entity_id":"Q2697109","candidates":[]}],[],[],[]],[[{"start":0,"end":16,"url":null,"entity_id":"Q2696753","candidates":[]}],[],[],[]],[[{"start":0,"end":42,"url":null,"entity_id":"Q2696745","candidates":[]}],[],[],[]],[[{"start":0,"end":16,"url":null,"entity_id":"Q2696732","candidates":[]}],[],[],[]],[[{"start":0,"end":17,"url":null,"entity_id":"Q2696717","candidates":[]}],[],[],[]]]}