{"version":"1.2","table":{"version":"2","table_id":"43NKPCQ8","columns":[{"index":0,"name":"col0","values":["Auto de Floripes","Festival Al-Qasr International of Theatre","Moengo Festival","Siječanjska akcija","Eurokaz","Borštnik Theatre Festival","Ana Desetnica - International Street Theatre Festival","DIV","Jedermann-Festspiele Haindorf","Das Große Welttheater Bad Godesberg","Autorenfestival Primeurs","Römerberg-Festspiele","Welttheater Einsiedeln","Festival Teatrale di Borgio Verezzi","Spots op West","Vila-real International Street Theatre Festival","Play the Fool Festival","Bad Hersfelder Festspiele","Burgfestspiele Rötteln","Festspiele Balver Höhle"]},{"index":1,"name":"col1","values":["Príncipe","Ksar el-Kebir","Moengo","Teatar &TD","Zagreb","Maribor","Ljubljana","Trnava","Basilica of the Visitation","Redoutenpark","Alte Feuerwache","Römerberg","Einsiedeln Abbey","Verezzi","Westouter","Vila-real","Bonnie Doon, Edmonton","Stiftsruine Bad Hersfeld","Rötteln Castle","Balve Cave"]},{"index":2,"name":"col2","values":["São Tomé and Príncipe","Morocco","Suriname","Croatia","Croatia","Slovenia","Slovenia","Slovakia","Czech Republic","Germany","Germany","Germany","Switzerland","Italy","Belgium","Spain","Canada","Germany","Germany","Germany"]}]},"context":{"page_title":null,"page_url":null,"page_entity_id":null,"content_hierarchy":[]},"links":[[[{"start":0,"end":16,"url":null,"entity_id":"Q60242395","candidates":[]}],[{"start":0,"end":8,"url":null,"entity_id":"Q210636","candidates":[]}],[{"start":0,"end":21,"url":null,"entity_id":"Q1039","candidates":[]}]],[[{"start":0,"end":41,"url":null,"entity_id":"Q20831526","candidates":[]}],[{"start":0,"end":13,"url":null,"entity_id":"Q52603","candidates":[]}],[{"start":0,"end":7,"url":null,"entity_id":"Q1028","candidates":[]}]],[[{"start":0,"end":15,"url":null,"entity_id":"Q66604982","candidates":[]}],[{"start":0,"end":6,"url":null,"entity_id":"Q24226","candidates":[]}],[{"start":0,"end":8,"url":null,"entity_id":"Q730","candidates":[]}]],[[{"start":0,"end":18,"url":null,"entity_id":"Q80710364","candidates":[]}],[{"start":0,"end":10,"url":null,"entity_id":"Q16114623","candidates":[]}],[{"start":0,"end":7,"url":null,"entity_id":"Q224","candidates":[]}]],[[{"start":0,"end":7,"url":null,"entity_id":"Q13081861","candidates":[]}],[{"start":0,"end":6,"url":null,"entity_id":"Q1435","candidates":[]}],[{"start":0,"end":7,"url":null,"entity_id":"Q224","candidates":[]}]],[[{"start":0,"end":25,"url":null,"entity_id":"Q12786240","candidates":[]}],[{"start":0,"end":7,"url":null,"entity_id":"Q1010","candidates":[]}],[{"start":0,"end":8,"url":null,"entity_id":"Q215","candidates":[]}]],[[{"start":0,"end":53,"url":null,"entity_id":"Q54912529","candidates":[]}],[{"start":0,"end":9,"url":null,"entity_id":"Q437","candidates":[]}],[{"start":0,"end":8,"url":null,"entity_id":"Q215","candidates":[]}]],[[{"start":0,"end":3,"url":null,"entity_id":"Q12764304","candidates":[]}],[{"start":0,"end":6,"url":null,"entity_id":"Q26175","candidates":[]}],[{"start":0,"end":8,"url":null,"entity_id":"Q214","candidates":[]}]],[[{"start":0,"end":29,"url":null,"entity_id":"Q72681308","candidates":[]}],[{"start":0,"end":26,"url":null,"entity_id":"Q11062142","candidates":[]}],[{"start":0,"end":14,"url":null,"entity_id":"Q213","candidates":[]}]],[[{"start":0,"end":35,"url":null,"entity_id":"Q61703474","candidates":[]}],[{"start":0,"end":12,"url":null,"entity_id":"Q61731081","candidates":[]}],[{"start":0,"end":7,"url":null,"entity_id":"Q183","candidates":[]}]],[[{"start":0,"end":24,"url":null,"entity_id":"Q40118407","candidates":[]}],[{"start":0,"end":15,"url":null,"entity_id":"Q30340485","candidates":[]}],[{"start":0,"end":7,"url":null,"entity_id":"Q183","candidates":[]}]],[[{"start":0,"end":20,"url":null,"entity_id":"Q55521094","candidates":[]}],[{"start":0,"end":9,"url":null,"entity_id":"Q195141","candidates":[]}],[{"start":0,"end":7,"url":null,"entity_id":"Q183","candidates":[]}]],[[{"start":0,"end":22,"url":null,"entity_id":"Q56557254","candidates":[]}],[{"start":0,"end":16,"url":null,"entity_id":"Q693087","candidates":[]}],[{"start":0,"end":11,"url":null,"entity_id":"Q39","candidates":[]}]],[[{"start":0,"end":35,"url":null,"entity_id":"Q60441717","candidates":[]}],[{"start":0,"end":7,"url":null,"entity_id":"Q18463513","candidates":[]}],[{"start":0,"end":5,"url":null,"entity_id":"Q38","candidates":[]}]],[[{"start":0,"end":13,"url":null,"entity_id":"Q33106174","candidates":[]}],[{"start":0,"end":9,"url":null,"entity_id":"Q2231539","candidates":[]}],[{"start":0,"end":7,"url":null,"entity_id":"Q31","candidates":[]}]],[[{"start":0,"end":47,"url":null,"entity_id":"Q23663335","candidates":[]}],[{"start":0,"end":9,"url":null,"entity_id":"Q12292","candidates":[]}],[{"start":0,"end":5,"url":null,"entity_id":"Q29","candidates":[]}]],[[{"start":0,"end":22,"url":null,"entity_id":"Q27063810","candidates":[]}],[{"start":0,"end":21,"url":null,"entity_id":"Q2910301","candidates":[]}],[{"start":0,"end":6,"url":null,"entity_id":"Q16","candidates":[]}]],[[{"start":0,"end":25,"url":null,"entity_id":"Q798705","candidates":[]}],[{"start":0,"end":24,"url":null,"entity_id":"Q2348846","candidates":[]}],[{"start":0,"end":7,"url":null,"entity_id":"Q183","candidates":[]}]],[[{"start":0,"end":22,"url":null,"entity_id":"Q1014936","candidates":[]}],[{"start":0,"end":14,"url":null,"entity_id":"Q885098","candidates":[]}],[{"start":0,"end":7,"url":null,"entity_id":"Q183","candidates":[]}]],[[{"start":0,"end":23,"url":null,"entity_id":"Q1408807","candidates":[]}],[{"start":0,"end":10,"url":null,"entity_id":"Q805845","candidates":[]}],[{"start":0,"end":7,"url":null,"entity_id":"Q183","candidates":[]}]]]}