{"version":"1.2","table":{"version":"2","table_id":"43RGFG09","columns":[{"index":0,"name":"col0","values":["Maxcanú","Tixkokob","Sierra Mojada","Cuautla","Bachíniva","Puerto Vallarta","Motul","Dzemul","Tlacotalpan","Boca del Río, Veracruz","Tequila","Namiquipa","Acámbaro","Acatlán","Ciudad Madero","Coahuayana","Maní, Yucatán","Pisté, Yucatán","Tepatitlán de Morelos","Puente de Ixtla"]},{"index":1,"name":"col1","values":["Yucatán","Yucatán","Coahuila","Cuautla Municipality","Bachíniva Municipality","Puerto Vallarta Municipality","Yucatán","Yucatán","Veracruz","Veracruz","Jalisco","Chihuahua","Acámbaro Municipality","Hidalgo","Tamaulipas","Michoacán","Yucatán","Yucatán","Jalisco","Puente de Ixtla Municipality"]},{"index":2,"name":"col2","values":["11","8","1530","1294","2020","21","2","10","10","16","1180","1836","1860","2137","8","49","20","20","1820","911"]}]},"context":{"page_title":null,"page_url":null,"page_entity_id":null,"content_hierarchy":[]},"links":[[[{"start":0,"end":7,"url":null,"entity_id":"Q2000119","candidates":[]}],[{"start":0,"end":7,"url":null,"entity_id":"Q60176","candidates":[]}],[]],[[{"start":0,"end":8,"url":null,"entity_id":"Q1999963","candidates":[]}],[{"start":0,"end":7,"url":null,"entity_id":"Q60176","candidates":[]}],[]],[[{"start":0,"end":13,"url":null,"entity_id":"Q2000131","candidates":[]}],[{"start":0,"end":8,"url":null,"entity_id":"Q53079","candidates":[]}],[]],[[{"start":0,"end":7,"url":null,"entity_id":"Q939959","candidates":[]}],[{"start":0,"end":20,"url":null,"entity_id":"Q12346318","candidates":[]}],[]],[[{"start":0,"end":9,"url":null,"entity_id":"Q863131","candidates":[]}],[{"start":0,"end":22,"url":null,"entity_id":"Q4838929","candidates":[]}],[]],[[{"start":0,"end":15,"url":null,"entity_id":"Q853258","candidates":[]}],[{"start":0,"end":28,"url":null,"entity_id":"Q2323499","candidates":[]}],[]],[[{"start":0,"end":5,"url":null,"entity_id":"Q944292","candidates":[]}],[{"start":0,"end":7,"url":null,"entity_id":"Q60176","candidates":[]}],[]],[[{"start":0,"end":6,"url":null,"entity_id":"Q921976","candidates":[]}],[{"start":0,"end":7,"url":null,"entity_id":"Q60176","candidates":[]}],[]],[[{"start":0,"end":11,"url":null,"entity_id":"Q903792","candidates":[]}],[{"start":0,"end":8,"url":null,"entity_id":"Q60130","candidates":[]}],[]],[[{"start":0,"end":22,"url":null,"entity_id":"Q888954","candidates":[]}],[{"start":0,"end":8,"url":null,"entity_id":"Q60130","candidates":[]}],[]],[[{"start":0,"end":7,"url":null,"entity_id":"Q847764","candidates":[]}],[{"start":0,"end":7,"url":null,"entity_id":"Q13160","candidates":[]}],[]],[[{"start":0,"end":9,"url":null,"entity_id":"Q863021","candidates":[]}],[{"start":0,"end":9,"url":null,"entity_id":"Q655","candidates":[]}],[]],[[{"start":0,"end":8,"url":null,"entity_id":"Q947689","candidates":[]}],[{"start":0,"end":21,"url":null,"entity_id":"Q16488140","candidates":[]}],[]],[[{"start":0,"end":7,"url":null,"entity_id":"Q968058","candidates":[]}],[{"start":0,"end":7,"url":null,"entity_id":"Q80903","candidates":[]}],[]],[[{"start":0,"end":13,"url":null,"entity_id":"Q985365","candidates":[]}],[{"start":0,"end":10,"url":null,"entity_id":"Q80007","candidates":[]}],[]],[[{"start":0,"end":10,"url":null,"entity_id":"Q958809","candidates":[]}],[{"start":0,"end":9,"url":null,"entity_id":"Q79861","candidates":[]}],[]],[[{"start":0,"end":13,"url":null,"entity_id":"Q957947","candidates":[]}],[{"start":0,"end":7,"url":null,"entity_id":"Q60176","candidates":[]}],[]],[[{"start":0,"end":14,"url":null,"entity_id":"Q952675","candidates":[]}],[{"start":0,"end":7,"url":null,"entity_id":"Q60176","candidates":[]}],[]],[[{"start":0,"end":21,"url":null,"entity_id":"Q971699","candidates":[]}],[{"start":0,"end":7,"url":null,"entity_id":"Q13160","candidates":[]}],[]],[[{"start":0,"end":15,"url":null,"entity_id":"Q2991369","candidates":[]}],[{"start":0,"end":28,"url":null,"entity_id":"Q6091388","candidates":[]}],[]]]}