{"version":"1.2","table":{"version":"2","table_id":"44ANMI4L","columns":[{"index":0,"name":"col0","values":["2018 Winter Olympics","2014 Winter Olympics","2010 Winter Olympics","2006 Winter Olympics","2002 Winter Olympics","1998 Winter Olympics","1994 Winter Olympics","1992 Winter Olympics","1988 Winter Olympics","1984 Winter Olympics","1980 Winter Olympics","1976 Winter Olympics","1972 Winter Olympics","1968 Winter Olympics","1964 Winter Olympics","1960 Winter Olympics","1956 Winter Olympics","1952 Winter Olympics","1948 Winter Olympics","1936 Winter Olympics"]},{"index":1,"name":"col1","values":["Pyeongchang Olympic Stadium","Sochi","BC Place","Stadio Olimpico Grande Torino","Rice–Eccles Stadium","Nagano Olympic Stadium","Kvitfjell","Théâtre des Cérémonies","Calgary","Jahorina","Lake Placid","Innsbruck","Makomanai Open Stadium","Olympic Stadium","Bergiselschanze","Blyth Arena","Stadio Olympica","Bislett Stadion","St. Moritz","Große Olympiaschanze"]},{"index":2,"name":"col2","values":["Moon Jae-in","Vladimir Putin","Michaëlle Jean","Carlo Azeglio Ciampi","George W. Bush","Akihito","Harald V of Norway","François Mitterrand","Jeanne Sauvé","Mika Špiljak","Walter Mondale","Rudolf Kirchschläger","Hirohito","Charles de Gaulle","Adolf Schärf","Richard Nixon","Giovanni Gronchi","Princess Ragnhild, Mrs. Lorentzen","Enrico Celio","Adolf Hitler"]},{"index":3,"name":"col3","values":["2018-02-25","2014-02-23","2010-02-28","2006-02-26","2002-02-24","1998-02-22","1994-02-27","1992-02-23","1988-02-28","1984-02-19","1980-02-23","1976-02-15","1972-02-13","1968-02-18","1964-02-09","1960-02-28","1956-02-05","1952-02-25","1948-02-08","1936-02-16"]},{"index":4,"name":"col4","values":["2022 Winter Olympics","2018 Winter Olympics","2014 Winter Olympics","2010 Winter Olympics","2006 Winter Olympics","2002 Winter Olympics","1998 Winter Olympics","1994 Winter Olympics","1992 Winter Olympics","1988 Winter Olympics","1984 Winter Olympics","1980 Winter Olympics","1976 Winter Olympics","1972 Winter Olympics","1968 Winter Olympics","1964 Winter Olympics","1960 Winter Olympics","1956 Winter Olympics","1952 Winter Olympics","1940 Winter Olympics"]}]},"context":{"page_title":null,"page_url":null,"page_entity_id":null,"content_hierarchy":[]},"links":[[[{"start":0,"end":20,"url":null,"entity_id":"Q9680","candidates":[]}],[{"start":0,"end":27,"url":null,"entity_id":"Q7089110","candidates":[]}],[{"start":0,"end":11,"url":null,"entity_id":"Q21001","candidates":[]}],[],[{"start":0,"end":20,"url":null,"entity_id":"Q193074","candidates":[]}]],[[{"start":0,"end":20,"url":null,"entity_id":"Q9678","candidates":[]}],[{"start":0,"end":5,"url":null,"entity_id":"Q39420","candidates":[]}],[{"start":0,"end":14,"url":null,"entity_id":"Q7747","candidates":[]}],[],[{"start":0,"end":20,"url":null,"entity_id":"Q9680","candidates":[]}]],[[{"start":0,"end":20,"url":null,"entity_id":"Q9674","candidates":[]}],[{"start":0,"end":8,"url":null,"entity_id":"Q612227","candidates":[]}],[{"start":0,"end":14,"url":null,"entity_id":"Q128933","candidates":[]}],[],[{"start":0,"end":20,"url":null,"entity_id":"Q9678","candidates":[]}]],[[{"start":0,"end":20,"url":null,"entity_id":"Q9672","candidates":[]}],[{"start":0,"end":29,"url":null,"entity_id":"Q214629","candidates":[]}],[{"start":0,"end":20,"url":null,"entity_id":"Q1224","candidates":[]}],[],[{"start":0,"end":20,"url":null,"entity_id":"Q9674","candidates":[]}]],[[{"start":0,"end":20,"url":null,"entity_id":"Q9668","candidates":[]}],[{"start":0,"end":19,"url":null,"entity_id":"Q922761","candidates":[]}],[{"start":0,"end":14,"url":null,"entity_id":"Q207","candidates":[]}],[],[{"start":0,"end":20,"url":null,"entity_id":"Q9672","candidates":[]}]],[[{"start":0,"end":20,"url":null,"entity_id":"Q9664","candidates":[]}],[{"start":0,"end":22,"url":null,"entity_id":"Q981819","candidates":[]}],[{"start":0,"end":7,"url":null,"entity_id":"Q37979","candidates":[]}],[],[{"start":0,"end":20,"url":null,"entity_id":"Q9668","candidates":[]}]],[[{"start":0,"end":20,"url":null,"entity_id":"Q9663","candidates":[]}],[{"start":0,"end":9,"url":null,"entity_id":"Q256064","candidates":[]}],[{"start":0,"end":18,"url":null,"entity_id":"Q57287","candidates":[]}],[],[{"start":0,"end":20,"url":null,"entity_id":"Q9664","candidates":[]}]],[[{"start":0,"end":20,"url":null,"entity_id":"Q9660","candidates":[]}],[{"start":0,"end":22,"url":null,"entity_id":"Q2698412","candidates":[]}],[{"start":0,"end":19,"url":null,"entity_id":"Q2038","candidates":[]}],[],[{"start":0,"end":20,"url":null,"entity_id":"Q9663","candidates":[]}]],[[{"start":0,"end":20,"url":null,"entity_id":"Q9658","candidates":[]}],[{"start":0,"end":7,"url":null,"entity_id":"Q36312","candidates":[]}],[{"start":0,"end":12,"url":null,"entity_id":"Q433191","candidates":[]}],[],[{"start":0,"end":20,"url":null,"entity_id":"Q9660","candidates":[]}]],[[{"start":0,"end":20,"url":null,"entity_id":"Q9657","candidates":[]}],[{"start":0,"end":8,"url":null,"entity_id":"Q187944","candidates":[]}],[{"start":0,"end":12,"url":null,"entity_id":"Q718148","candidates":[]}],[],[{"start":0,"end":20,"url":null,"entity_id":"Q9658","candidates":[]}]],[[{"start":0,"end":20,"url":null,"entity_id":"Q9652","candidates":[]}],[{"start":0,"end":11,"url":null,"entity_id":"Q192700","candidates":[]}],[{"start":0,"end":14,"url":null,"entity_id":"Q49216","candidates":[]}],[],[{"start":0,"end":20,"url":null,"entity_id":"Q9657","candidates":[]}]],[[{"start":0,"end":20,"url":null,"entity_id":"Q9651","candidates":[]}],[{"start":0,"end":9,"url":null,"entity_id":"Q1735","candidates":[]}],[{"start":0,"end":20,"url":null,"entity_id":"Q72856","candidates":[]}],[],[{"start":0,"end":20,"url":null,"entity_id":"Q9652","candidates":[]}]],[[{"start":0,"end":20,"url":null,"entity_id":"Q9646","candidates":[]}],[{"start":0,"end":22,"url":null,"entity_id":"Q673240","candidates":[]}],[{"start":0,"end":8,"url":null,"entity_id":"Q34479","candidates":[]}],[],[{"start":0,"end":20,"url":null,"entity_id":"Q9651","candidates":[]}]],[[{"start":0,"end":20,"url":null,"entity_id":"Q9642","candidates":[]}],[{"start":0,"end":15,"url":null,"entity_id":"Q3496212","candidates":[]}],[{"start":0,"end":17,"url":null,"entity_id":"Q2042","candidates":[]}],[],[{"start":0,"end":20,"url":null,"entity_id":"Q9646","candidates":[]}]],[[{"start":0,"end":20,"url":null,"entity_id":"Q9636","candidates":[]}],[{"start":0,"end":15,"url":null,"entity_id":"Q672833","candidates":[]}],[{"start":0,"end":12,"url":null,"entity_id":"Q72898","candidates":[]}],[],[{"start":0,"end":20,"url":null,"entity_id":"Q9642","candidates":[]}]],[[{"start":0,"end":20,"url":null,"entity_id":"Q9634","candidates":[]}],[{"start":0,"end":11,"url":null,"entity_id":"Q2610457","candidates":[]}],[{"start":0,"end":13,"url":null,"entity_id":"Q9588","candidates":[]}],[],[{"start":0,"end":20,"url":null,"entity_id":"Q9636","candidates":[]}]],[[{"start":0,"end":20,"url":null,"entity_id":"Q9632","candidates":[]}],[{"start":0,"end":15,"url":null,"entity_id":"Q2022888","candidates":[]}],[{"start":0,"end":16,"url":null,"entity_id":"Q1241","candidates":[]}],[],[{"start":0,"end":20,"url":null,"entity_id":"Q9634","candidates":[]}]],[[{"start":0,"end":20,"url":null,"entity_id":"Q9623","candidates":[]}],[{"start":0,"end":15,"url":null,"entity_id":"Q866409","candidates":[]}],[{"start":0,"end":33,"url":null,"entity_id":"Q235236","candidates":[]}],[],[{"start":0,"end":20,"url":null,"entity_id":"Q9632","candidates":[]}]],[[{"start":0,"end":20,"url":null,"entity_id":"Q9615","candidates":[]}],[{"start":0,"end":10,"url":null,"entity_id":"Q68986","candidates":[]}],[{"start":0,"end":12,"url":null,"entity_id":"Q167080","candidates":[]}],[],[{"start":0,"end":20,"url":null,"entity_id":"Q9623","candidates":[]}]],[[{"start":0,"end":20,"url":null,"entity_id":"Q9600","candidates":[]}],[{"start":0,"end":20,"url":null,"entity_id":"Q669932","candidates":[]}],[{"start":0,"end":12,"url":null,"entity_id":"Q352","candidates":[]}],[],[{"start":0,"end":20,"url":null,"entity_id":"Q9607","candidates":[]}]]]}