{"version":"1.2","table":{"version":"2","table_id":"460DXNFW","columns":[{"index":0,"name":"col0","values":["Derfflinger-class attlecruiser","Moltkeclass battlecruiser","Brandenburg class battleshiq","Wittlsbach class battleship","Kaiser Friefrich III-class battleship","König class battleshi","Königsberg-class fruiser","Mackenshn-class battlecruiser","Desden-classcruiser","Leipziglas cruiser","Scharnhorst-cmass battleship","H cass","Kaise-class battleship","randenburg-class frigate","Britannia class teamhip","Alaska-clas cruiser","NewYork class battleship","Clevhland-class cruiser","Yorktown-cnass","Fargp-class cruiser"]},{"index":1,"name":"col1","values":["Imperial German Navy","Imperial German Navy","Imperial German Navy","Imperial German Navy","Imperial German Navy","Imperial German Navy","Imperial German Navy","Imperial German Navy","Imperial German Navy","German Navy","German Navy","German Navy","Imperial German Navy","German Navy","Cunard Line","United States Navy","United States Navy","United States Navy","United States Navy","United States Navy"]},{"index":2,"name":"col2","values":["German Reich","German Reich","German Reich","German Reich","German Reich","German Reich","German Reich","German Reich","German Reich","German Reich","Nazi Germany","Nazi Germany","Germany","Germany","United Kingdom","United States of America","United States of America","United States of America","United States of America","United States of America"]}]},"context":{"page_title":null,"page_url":null,"page_entity_id":null,"content_hierarchy":[]},"links":[[[{"start":0,"end":30,"url":null,"entity_id":"Q701003","candidates":[]}],[{"start":0,"end":20,"url":null,"entity_id":"Q156649","candidates":[]}],[{"start":0,"end":12,"url":null,"entity_id":"Q1206012","candidates":[]}]],[[{"start":0,"end":25,"url":null,"entity_id":"Q697124","candidates":[]}],[{"start":0,"end":20,"url":null,"entity_id":"Q156649","candidates":[]}],[{"start":0,"end":12,"url":null,"entity_id":"Q1206012","candidates":[]}]],[[{"start":0,"end":28,"url":null,"entity_id":"Q693517","candidates":[]}],[{"start":0,"end":20,"url":null,"entity_id":"Q156649","candidates":[]}],[{"start":0,"end":12,"url":null,"entity_id":"Q1206012","candidates":[]}]],[[{"start":0,"end":27,"url":null,"entity_id":"Q690298","candidates":[]}],[{"start":0,"end":20,"url":null,"entity_id":"Q156649","candidates":[]}],[{"start":0,"end":12,"url":null,"entity_id":"Q1206012","candidates":[]}]],[[{"start":0,"end":37,"url":null,"entity_id":"Q689588","candidates":[]}],[{"start":0,"end":20,"url":null,"entity_id":"Q156649","candidates":[]}],[{"start":0,"end":12,"url":null,"entity_id":"Q1206012","candidates":[]}]],[[{"start":0,"end":21,"url":null,"entity_id":"Q688322","candidates":[]}],[{"start":0,"end":20,"url":null,"entity_id":"Q156649","candidates":[]}],[{"start":0,"end":12,"url":null,"entity_id":"Q1206012","candidates":[]}]],[[{"start":0,"end":24,"url":null,"entity_id":"Q636353","candidates":[]}],[{"start":0,"end":20,"url":null,"entity_id":"Q156649","candidates":[]}],[{"start":0,"end":12,"url":null,"entity_id":"Q1206012","candidates":[]}]],[[{"start":0,"end":29,"url":null,"entity_id":"Q591865","candidates":[]}],[{"start":0,"end":20,"url":null,"entity_id":"Q156649","candidates":[]}],[{"start":0,"end":12,"url":null,"entity_id":"Q1206012","candidates":[]}]],[[{"start":0,"end":19,"url":null,"entity_id":"Q571372","candidates":[]}],[{"start":0,"end":20,"url":null,"entity_id":"Q156649","candidates":[]}],[{"start":0,"end":12,"url":null,"entity_id":"Q1206012","candidates":[]}]],[[{"start":0,"end":18,"url":null,"entity_id":"Q644561","candidates":[]}],[{"start":0,"end":11,"url":null,"entity_id":"Q151701","candidates":[]}],[{"start":0,"end":12,"url":null,"entity_id":"Q1206012","candidates":[]}]],[[{"start":0,"end":28,"url":null,"entity_id":"Q701202","candidates":[]}],[{"start":0,"end":11,"url":null,"entity_id":"Q151701","candidates":[]}],[{"start":0,"end":12,"url":null,"entity_id":"Q7318","candidates":[]}]],[[{"start":0,"end":6,"url":null,"entity_id":"Q699253","candidates":[]}],[{"start":0,"end":11,"url":null,"entity_id":"Q151701","candidates":[]}],[{"start":0,"end":12,"url":null,"entity_id":"Q7318","candidates":[]}]],[[{"start":0,"end":22,"url":null,"entity_id":"Q688303","candidates":[]}],[{"start":0,"end":20,"url":null,"entity_id":"Q156649","candidates":[]}],[{"start":0,"end":7,"url":null,"entity_id":"Q183","candidates":[]}]],[[{"start":0,"end":24,"url":null,"entity_id":"Q694469","candidates":[]}],[{"start":0,"end":11,"url":null,"entity_id":"Q56015","candidates":[]}],[{"start":0,"end":7,"url":null,"entity_id":"Q183","candidates":[]}]],[[{"start":0,"end":23,"url":null,"entity_id":"Q634466","candidates":[]}],[{"start":0,"end":11,"url":null,"entity_id":"Q730587","candidates":[]}],[{"start":0,"end":14,"url":null,"entity_id":"Q145","candidates":[]}]],[[{"start":0,"end":19,"url":null,"entity_id":"Q673098","candidates":[]}],[{"start":0,"end":18,"url":null,"entity_id":"Q11220","candidates":[]}],[{"start":0,"end":24,"url":null,"entity_id":"Q30","candidates":[]}]],[[{"start":0,"end":24,"url":null,"entity_id":"Q648308","candidates":[]}],[{"start":0,"end":18,"url":null,"entity_id":"Q11220","candidates":[]}],[{"start":0,"end":24,"url":null,"entity_id":"Q30","candidates":[]}]],[[{"start":0,"end":23,"url":null,"entity_id":"Q637426","candidates":[]}],[{"start":0,"end":18,"url":null,"entity_id":"Q11220","candidates":[]}],[{"start":0,"end":24,"url":null,"entity_id":"Q30","candidates":[]}]],[[{"start":0,"end":14,"url":null,"entity_id":"Q634024","candidates":[]}],[{"start":0,"end":18,"url":null,"entity_id":"Q11220","candidates":[]}],[{"start":0,"end":24,"url":null,"entity_id":"Q30","candidates":[]}]],[[{"start":0,"end":19,"url":null,"entity_id":"Q626469","candidates":[]}],[{"start":0,"end":18,"url":null,"entity_id":"Q11220","candidates":[]}],[{"start":0,"end":24,"url":null,"entity_id":"Q30","candidates":[]}]]]}