{"version":"1.2","table":{"version":"2","table_id":"47VSK1OA","columns":[{"index":0,"name":"col0","values":["1991 Milan–San Remo","1990 Milan–San Remo","1989 Milan–San Remo","1980 Milan–San Remo","1958 Milan–San Remo","1957 Milan–San Remo","1956 Milan–San Remo","1955 Milan–San Remo","1954 Milan–San Remo","1953 Milan–San Remo","1952 Milan–San Remo","1951 Milan–San Remo","1950 Milan–San Remo","1949 Milan–San Remo","1948 Milan–San Remo","2018 Milan–San Remo","2017 Milan–San Remo","2016 Milan–San Remo","2015 Milan – San Remo","2014 Milan – San Remo"]},{"index":1,"name":"col1","values":["143","110","116","139","140","147","110","104","95","114","115","137","123","118","174","164","195","180","160","114"]},{"index":2,"name":"col2","values":["42.343","45.806","41.184","42.973","42.179","40.688","40.416","39.928","39.344","40.35","38.27","37.568","38.554","39.397","39.928","40.208","40.733","42.387","43.272","42.411"]},{"index":3,"name":"col3","values":["294","294","294","288","282","282","281","282","282","282","282","282","282","290.5","290.5","291","291","293","293","294"]}]},"context":{"page_title":null,"page_url":null,"page_entity_id":null,"content_hierarchy":[]},"links":[[[{"start":0,"end":19,"url":null,"entity_id":"Q3313971","candidates":[]}],[],[],[]],[[{"start":0,"end":19,"url":null,"entity_id":"Q3313967","candidates":[]}],[],[],[]],[[{"start":0,"end":19,"url":null,"entity_id":"Q3313965","candidates":[]}],[],[],[]],[[{"start":0,"end":19,"url":null,"entity_id":"Q3313951","candidates":[]}],[],[],[]],[[{"start":0,"end":19,"url":null,"entity_id":"Q3313922","candidates":[]}],[],[],[]],[[{"start":0,"end":19,"url":null,"entity_id":"Q3313920","candidates":[]}],[],[],[]],[[{"start":0,"end":19,"url":null,"entity_id":"Q3313919","candidates":[]}],[],[],[]],[[{"start":0,"end":19,"url":null,"entity_id":"Q3313917","candidates":[]}],[],[],[]],[[{"start":0,"end":19,"url":null,"entity_id":"Q3313916","candidates":[]}],[],[],[]],[[{"start":0,"end":19,"url":null,"entity_id":"Q3313915","candidates":[]}],[],[],[]],[[{"start":0,"end":19,"url":null,"entity_id":"Q3313914","candidates":[]}],[],[],[]],[[{"start":0,"end":19,"url":null,"entity_id":"Q3313913","candidates":[]}],[],[],[]],[[{"start":0,"end":19,"url":null,"entity_id":"Q3313909","candidates":[]}],[],[],[]],[[{"start":0,"end":19,"url":null,"entity_id":"Q3313908","candidates":[]}],[],[],[]],[[{"start":0,"end":19,"url":null,"entity_id":"Q3313907","candidates":[]}],[],[],[]],[[{"start":0,"end":19,"url":null,"entity_id":"Q47008032","candidates":[]}],[],[],[]],[[{"start":0,"end":19,"url":null,"entity_id":"Q27832215","candidates":[]}],[],[],[]],[[{"start":0,"end":19,"url":null,"entity_id":"Q20111975","candidates":[]}],[],[],[]],[[{"start":0,"end":21,"url":null,"entity_id":"Q18710416","candidates":[]}],[],[],[]],[[{"start":0,"end":21,"url":null,"entity_id":"Q15879396","candidates":[]}],[],[],[]]]}