{"version":"1.2","table":{"version":"2","table_id":"47Y4YFV9","columns":[{"index":0,"name":"col0","values":["FIDE World Chess Championship 2000","FIDE World Chess Championship 2005","World Chess Championship 2008","World Chess Championship 1961","World Chess Championship 1957","World Chess Championship 1960","World Chess Championship 1954","World Chess Championship 1969","World Chess Championship 1985","World Chess Championship 1993","Classical World Chess Championship 2000","Classical World Chess Championship 2004","FIDE World Chess Championship 1998","World Chess Championship 1987","FIDE World Chess Championship 2004","FIDE World Chess Championship 1996","World Chess Championship 1958","World Chess Championship 1951","World Chess Championship 1984","World Chess Championship 1986"]},{"index":1,"name":"col1","values":["2000-01-01","2005-01-01","2008-01-01","1961-01-01","1957-01-01","1960-01-01","1954-01-01","1969-01-01","1985-01-01","1993-01-01","2000-01-01","2004-01-01","1998-01-01","1987-01-01","2004-01-01","1996-01-01","1958-01-01","1951-01-01","1984-01-01","1986-01-01"]},{"index":2,"name":"col2","values":["2000-12-20","2005-09-27","2008-10-14","1961-03-15","1957-03-05","1960-03-15","1954-03-16","1969-04-14","1985-09-03","1993-09-07","2000-10-08","2004-09-25","1998-01-02","1987-10-12","2004-06-18","1996-06-06","1958-03-04","1951-03-15","1984-09-10","1986-07-28"]},{"index":3,"name":"col3","values":["Viswanathan Anand","Veselin Topalov","Viswanathan Anand","Mikhail Botvinnik","Vasily Smyslov","Mikhail Tal","Mikhail Botvinnik","Boris Spassky","Garry Kasparov","Garry Kasparov","Vladimir Kramnik","Vladimir Kramnik","Anatoly Karpov","Garry Kasparov","Rustam Kasimdzhanov","Anatoly Karpov","Mikhail Botvinnik","Mikhail Botvinnik","Anatoly Karpov","Garry Kasparov"]},{"index":4,"name":"col4","values":["FIDE World Chess Championship 2002","World Chess Championship 2006","World Chess Championship 2010","World Chess Championship 1963","World Chess Championship 1958","World Chess Championship 1961","World Chess Championship 1957","World Chess Championship 1972","World Chess Championship 1986","Classical World Chess Championship 1995","Classical World Chess Championship 2004","World Chess Championship 2006","FIDE World Chess Championship 1999","World Chess Championship 1990","FIDE World Chess Championship 2005","FIDE World Chess Championship 1998","World Chess Championship 1960","World Chess Championship 1954","World Chess Championship 1985","World Chess Championship 1987"]},{"index":5,"name":"col5","values":["2000-12-24","2005-10-16","2008-10-29","1961-05-13","1957-04-27","1960-05-13","1954-05-13","1969-06-17","1985-11-09","1993-10-21","2000-11-04","2004-10-18","1998-01-09","1987-12-19","2004-07-13","1996-07-11","1958-05-09","1951-05-11","1985-02-09","1986-10-08"]},{"index":6,"name":"col6","values":["India","Argentina","Germany","Russia","Russia","Russia","Russia","Russia","Russia","United Kingdom","United Kingdom","Switzerland","Switzerland","Spain","Libya","India","Russia","Russia","Russia","United Kingdom"]}]},"context":{"page_title":null,"page_url":null,"page_entity_id":null,"content_hierarchy":[]},"links":[[[{"start":0,"end":34,"url":null,"entity_id":"Q540849","candidates":[]}],[],[],[{"start":0,"end":17,"url":null,"entity_id":"Q45747","candidates":[]}],[{"start":0,"end":34,"url":null,"entity_id":"Q692193","candidates":[]}],[],[{"start":0,"end":5,"url":null,"entity_id":"Q668","candidates":[]}]],[[{"start":0,"end":34,"url":null,"entity_id":"Q2082745","candidates":[]}],[],[],[{"start":0,"end":15,"url":null,"entity_id":"Q172798","candidates":[]}],[{"start":0,"end":29,"url":null,"entity_id":"Q773632","candidates":[]}],[],[{"start":0,"end":9,"url":null,"entity_id":"Q414","candidates":[]}]],[[{"start":0,"end":29,"url":null,"entity_id":"Q634297","candidates":[]}],[],[],[{"start":0,"end":17,"url":null,"entity_id":"Q45747","candidates":[]}],[{"start":0,"end":29,"url":null,"entity_id":"Q733589","candidates":[]}],[],[{"start":0,"end":7,"url":null,"entity_id":"Q183","candidates":[]}]],[[{"start":0,"end":29,"url":null,"entity_id":"Q1579834","candidates":[]}],[],[],[{"start":0,"end":17,"url":null,"entity_id":"Q178865","candidates":[]}],[{"start":0,"end":29,"url":null,"entity_id":"Q2001837","candidates":[]}],[],[{"start":0,"end":6,"url":null,"entity_id":"Q159","candidates":[]}]],[[{"start":0,"end":29,"url":null,"entity_id":"Q1381914","candidates":[]}],[],[],[{"start":0,"end":14,"url":null,"entity_id":"Q104148","candidates":[]}],[{"start":0,"end":29,"url":null,"entity_id":"Q1580971","candidates":[]}],[],[{"start":0,"end":6,"url":null,"entity_id":"Q159","candidates":[]}]],[[{"start":0,"end":29,"url":null,"entity_id":"Q1628115","candidates":[]}],[],[],[{"start":0,"end":11,"url":null,"entity_id":"Q102664","candidates":[]}],[{"start":0,"end":29,"url":null,"entity_id":"Q1579834","candidates":[]}],[],[{"start":0,"end":6,"url":null,"entity_id":"Q159","candidates":[]}]],[[{"start":0,"end":29,"url":null,"entity_id":"Q1582436","candidates":[]}],[],[],[{"start":0,"end":17,"url":null,"entity_id":"Q178865","candidates":[]}],[{"start":0,"end":29,"url":null,"entity_id":"Q1381914","candidates":[]}],[],[{"start":0,"end":6,"url":null,"entity_id":"Q159","candidates":[]}]],[[{"start":0,"end":29,"url":null,"entity_id":"Q1110013","candidates":[]}],[],[],[{"start":0,"end":13,"url":null,"entity_id":"Q177310","candidates":[]}],[{"start":0,"end":29,"url":null,"entity_id":"Q596416","candidates":[]}],[],[{"start":0,"end":6,"url":null,"entity_id":"Q159","candidates":[]}]],[[{"start":0,"end":29,"url":null,"entity_id":"Q650624","candidates":[]}],[],[],[{"start":0,"end":14,"url":null,"entity_id":"Q28614","candidates":[]}],[{"start":0,"end":29,"url":null,"entity_id":"Q388588","candidates":[]}],[],[{"start":0,"end":6,"url":null,"entity_id":"Q159","candidates":[]}]],[[{"start":0,"end":29,"url":null,"entity_id":"Q1185145","candidates":[]}],[],[],[{"start":0,"end":14,"url":null,"entity_id":"Q28614","candidates":[]}],[{"start":0,"end":39,"url":null,"entity_id":"Q2000493","candidates":[]}],[],[{"start":0,"end":14,"url":null,"entity_id":"Q145","candidates":[]}]],[[{"start":0,"end":39,"url":null,"entity_id":"Q1345226","candidates":[]}],[],[],[{"start":0,"end":16,"url":null,"entity_id":"Q161092","candidates":[]}],[{"start":0,"end":39,"url":null,"entity_id":"Q667625","candidates":[]}],[],[{"start":0,"end":14,"url":null,"entity_id":"Q145","candidates":[]}]],[[{"start":0,"end":39,"url":null,"entity_id":"Q667625","candidates":[]}],[],[],[{"start":0,"end":16,"url":null,"entity_id":"Q161092","candidates":[]}],[{"start":0,"end":29,"url":null,"entity_id":"Q773632","candidates":[]}],[],[{"start":0,"end":11,"url":null,"entity_id":"Q39","candidates":[]}]],[[{"start":0,"end":34,"url":null,"entity_id":"Q2562809","candidates":[]}],[],[],[{"start":0,"end":14,"url":null,"entity_id":"Q131674","candidates":[]}],[{"start":0,"end":34,"url":null,"entity_id":"Q584449","candidates":[]}],[],[{"start":0,"end":11,"url":null,"entity_id":"Q39","candidates":[]}]],[[{"start":0,"end":29,"url":null,"entity_id":"Q1807557","candidates":[]}],[],[],[{"start":0,"end":14,"url":null,"entity_id":"Q28614","candidates":[]}],[{"start":0,"end":29,"url":null,"entity_id":"Q1583964","candidates":[]}],[],[{"start":0,"end":5,"url":null,"entity_id":"Q29","candidates":[]}]],[[{"start":0,"end":34,"url":null,"entity_id":"Q1388466","candidates":[]}],[],[],[{"start":0,"end":19,"url":null,"entity_id":"Q489015","candidates":[]}],[{"start":0,"end":34,"url":null,"entity_id":"Q2082745","candidates":[]}],[],[{"start":0,"end":5,"url":null,"entity_id":"Q1016","candidates":[]}]],[[{"start":0,"end":34,"url":null,"entity_id":"Q683588","candidates":[]}],[],[],[{"start":0,"end":14,"url":null,"entity_id":"Q131674","candidates":[]}],[{"start":0,"end":34,"url":null,"entity_id":"Q2562809","candidates":[]}],[],[{"start":0,"end":5,"url":null,"entity_id":"Q668","candidates":[]}]],[[{"start":0,"end":29,"url":null,"entity_id":"Q1580971","candidates":[]}],[],[],[{"start":0,"end":17,"url":null,"entity_id":"Q178865","candidates":[]}],[{"start":0,"end":29,"url":null,"entity_id":"Q1628115","candidates":[]}],[],[{"start":0,"end":6,"url":null,"entity_id":"Q159","candidates":[]}]],[[{"start":0,"end":29,"url":null,"entity_id":"Q629905","candidates":[]}],[],[],[{"start":0,"end":17,"url":null,"entity_id":"Q178865","candidates":[]}],[{"start":0,"end":29,"url":null,"entity_id":"Q1582436","candidates":[]}],[],[{"start":0,"end":6,"url":null,"entity_id":"Q159","candidates":[]}]],[[{"start":0,"end":29,"url":null,"entity_id":"Q661537","candidates":[]}],[],[],[{"start":0,"end":14,"url":null,"entity_id":"Q131674","candidates":[]}],[{"start":0,"end":29,"url":null,"entity_id":"Q650624","candidates":[]}],[],[{"start":0,"end":6,"url":null,"entity_id":"Q159","candidates":[]}]],[[{"start":0,"end":29,"url":null,"entity_id":"Q388588","candidates":[]}],[],[],[{"start":0,"end":14,"url":null,"entity_id":"Q28614","candidates":[]}],[{"start":0,"end":29,"url":null,"entity_id":"Q1807557","candidates":[]}],[],[{"start":0,"end":14,"url":null,"entity_id":"Q145","candidates":[]}]]]}