{"version":"1.2","table":{"version":"2","table_id":"4ABYQJCQ","columns":[{"index":0,"name":"col0","values":["Komyo-shingon Kudoku Emaki","Shigisan-engi","Kuwanomidera Engi Emaki","He-gassen","Tale of Nezame Scroll","Saigyō monogatari emaki","Ban Dainagon Ekotoba","Mōko Shūrai Ekotoba","Dojo-ji legend scrolls","Ishiyamadera engi emaki","Kitano Tenjin engi emaki","Kegon gojūgo-sho emaki","Nagauta song","Scroll of Sumiyoshi Monogatari","Kegon engi emaki","Gaki zoshi","Yamai no Sōshi","Ippen hijiri-e","Chōjū-jinbutsu-giga","Legend of Kokawa-dera Temple Handscroll"]},{"index":1,"name":"col1","values":["Meiyuin","Chōgosonshi-ji","Kuwanomidera","Waseda University Library","Museum of Japanese Art","Tokugawa Art Museum","Idemitsu Museum of Arts","Museum of the Imperial Collections","Dōjō-ji","Ishiyama-dera","Kitano Tenman-gū","Tōdai-ji","Chester Beatty Library","Metropolitan Museum of Art","Kyoto National Museum","Kyoto National Museum","Kyoto National Museum","Kyoto National Museum","Kyoto National Museum","Kyoto National Museum"]},{"index":2,"name":"col2","values":["1398-01-01","1200-01-01","1532-01-01","1603-01-01","1200-01-01","1200-01-01","1100-01-01","1275-01-01","1400-01-01","1497-01-01","1219-01-01","1100-01-01","1650-01-01","1300-01-01","1200-01-01","1100-01-01","1100-01-01","1299-01-01","1150-01-01","1150-01-01"]}]},"context":{"page_title":null,"page_url":null,"page_entity_id":null,"content_hierarchy":[]},"links":[[[{"start":0,"end":26,"url":null,"entity_id":"Q11388442","candidates":[]}],[{"start":0,"end":7,"url":null,"entity_id":"Q11512447","candidates":[]}],[]],[[{"start":0,"end":13,"url":null,"entity_id":"Q3443333","candidates":[]}],[{"start":0,"end":14,"url":null,"entity_id":"Q11092571","candidates":[]}],[]],[[{"start":0,"end":23,"url":null,"entity_id":"Q84590788","candidates":[]}],[{"start":0,"end":12,"url":null,"entity_id":"Q10855543","candidates":[]}],[]],[[{"start":0,"end":9,"url":null,"entity_id":"Q866925","candidates":[]}],[{"start":0,"end":25,"url":null,"entity_id":"Q7971387","candidates":[]}],[]],[[{"start":0,"end":21,"url":null,"entity_id":"Q51685293","candidates":[]}],[{"start":0,"end":22,"url":null,"entity_id":"Q3329639","candidates":[]}],[]],[[{"start":0,"end":23,"url":null,"entity_id":"Q3461598","candidates":[]}],[{"start":0,"end":19,"url":null,"entity_id":"Q3077236","candidates":[]}],[]],[[{"start":0,"end":20,"url":null,"entity_id":"Q952153","candidates":[]}],[{"start":0,"end":23,"url":null,"entity_id":"Q3076590","candidates":[]}],[]],[[{"start":0,"end":19,"url":null,"entity_id":"Q3087790","candidates":[]}],[{"start":0,"end":34,"url":null,"entity_id":"Q3076188","candidates":[]}],[]],[[{"start":0,"end":22,"url":null,"entity_id":"Q17177313","candidates":[]}],[{"start":0,"end":7,"url":null,"entity_id":"Q1272708","candidates":[]}],[]],[[{"start":0,"end":23,"url":null,"entity_id":"Q11585528","candidates":[]}],[{"start":0,"end":13,"url":null,"entity_id":"Q1082791","candidates":[]}],[]],[[{"start":0,"end":24,"url":null,"entity_id":"Q3197562","candidates":[]}],[{"start":0,"end":16,"url":null,"entity_id":"Q662176","candidates":[]}],[]],[[{"start":0,"end":22,"url":null,"entity_id":"Q3194660","candidates":[]}],[{"start":0,"end":8,"url":null,"entity_id":"Q460367","candidates":[]}],[]],[[{"start":0,"end":12,"url":null,"entity_id":"Q17214552","candidates":[]}],[{"start":0,"end":22,"url":null,"entity_id":"Q391976","candidates":[]}],[]],[[{"start":0,"end":30,"url":null,"entity_id":"Q52204034","candidates":[]}],[{"start":0,"end":26,"url":null,"entity_id":"Q160236","candidates":[]}],[]],[[{"start":0,"end":16,"url":null,"entity_id":"Q3443330","candidates":[]}],[{"start":0,"end":21,"url":null,"entity_id":"Q147286","candidates":[]}],[]],[[{"start":0,"end":10,"url":null,"entity_id":"Q3443328","candidates":[]}],[{"start":0,"end":21,"url":null,"entity_id":"Q147286","candidates":[]}],[]],[[{"start":0,"end":14,"url":null,"entity_id":"Q3443326","candidates":[]}],[{"start":0,"end":21,"url":null,"entity_id":"Q147286","candidates":[]}],[]],[[{"start":0,"end":14,"url":null,"entity_id":"Q2904124","candidates":[]}],[{"start":0,"end":21,"url":null,"entity_id":"Q147286","candidates":[]}],[]],[[{"start":0,"end":19,"url":null,"entity_id":"Q736832","candidates":[]}],[{"start":0,"end":21,"url":null,"entity_id":"Q147286","candidates":[]}],[]],[[{"start":0,"end":39,"url":null,"entity_id":"Q595722","candidates":[]}],[{"start":0,"end":21,"url":null,"entity_id":"Q147286","candidates":[]}],[]]]}