{"version":"1.2","table":{"version":"2","table_id":"4D838XK4","columns":[{"index":0,"name":"col0","values":["(Herreria salsaparilla)","(Herpestis)","(Heliconia)","(Heisteria)","(Hancormia speciosa, Gom)","(Gustavia Augusta)","(Guettarda)","(Guarea)","(Guaraná)","(Graminea)","(Graminea)","(Graminea)","(Graminea)","(Graminea)","(Gossypium)","(Folhas, flores e frutos)","(Folhas, flores e frutos)","(Folhas, flores e frutos)","(Folhas, flores e frutos)","(Folhas, flores e frutos)","(Folhas, flores e frutos)","(Folhas, flores e frutos)","(Folhas, flores e frutos)","(Folhas, flores e frutos)","(Folhas, flores e frutos)","(Folhas, flores e frutos"]},{"index":1,"name":"col1","values":["17","17","18.5","17","19","18.5","17","17","17","17","17","17","17","17","17","48.5","48.5","48.5","48.5","48.5","48.5","48.5","48.5","48.5","48.5","48.5"]},{"index":2,"name":"col2","values":["26.5","26.5","32","26.5","32","32","26.5","26.5","26.5","26.5","26.5","26.5","26.5","26.5","27","32","32","32","32","32","32","32","32","32","32","32"]}]},"context":{"page_title":null,"page_url":null,"page_entity_id":null,"content_hierarchy":[]},"links":[[[{"start":0,"end":23,"url":null,"entity_id":"Q59824923","candidates":[]}],[],[]],[[{"start":0,"end":11,"url":null,"entity_id":"Q59824922","candidates":[]}],[],[]],[[{"start":0,"end":11,"url":null,"entity_id":"Q59824921","candidates":[]}],[],[]],[[{"start":0,"end":11,"url":null,"entity_id":"Q59824919","candidates":[]}],[],[]],[[{"start":0,"end":25,"url":null,"entity_id":"Q59824918","candidates":[]}],[],[]],[[{"start":0,"end":18,"url":null,"entity_id":"Q59824916","candidates":[]}],[],[]],[[{"start":0,"end":11,"url":null,"entity_id":"Q59824913","candidates":[]}],[],[]],[[{"start":0,"end":8,"url":null,"entity_id":"Q59824912","candidates":[]}],[],[]],[[{"start":0,"end":9,"url":null,"entity_id":"Q59824911","candidates":[]}],[],[]],[[{"start":0,"end":10,"url":null,"entity_id":"Q59824910","candidates":[]}],[],[]],[[{"start":0,"end":10,"url":null,"entity_id":"Q59824909","candidates":[]}],[],[]],[[{"start":0,"end":10,"url":null,"entity_id":"Q59824907","candidates":[]}],[],[]],[[{"start":0,"end":10,"url":null,"entity_id":"Q59824906","candidates":[]}],[],[]],[[{"start":0,"end":10,"url":null,"entity_id":"Q59824905","candidates":[]}],[],[]],[[{"start":0,"end":11,"url":null,"entity_id":"Q59824904","candidates":[]}],[],[]],[[{"start":0,"end":25,"url":null,"entity_id":"Q59824864","candidates":[]}],[],[]],[[{"start":0,"end":25,"url":null,"entity_id":"Q59824863","candidates":[]}],[],[]],[[{"start":0,"end":25,"url":null,"entity_id":"Q59824862","candidates":[]}],[],[]],[[{"start":0,"end":25,"url":null,"entity_id":"Q59824861","candidates":[]}],[],[]],[[{"start":0,"end":25,"url":null,"entity_id":"Q59824860","candidates":[]}],[],[]],[[{"start":0,"end":25,"url":null,"entity_id":"Q59824858","candidates":[]}],[],[]],[[{"start":0,"end":25,"url":null,"entity_id":"Q59824857","candidates":[]}],[],[]],[[{"start":0,"end":25,"url":null,"entity_id":"Q59824856","candidates":[]}],[],[]],[[{"start":0,"end":25,"url":null,"entity_id":"Q59824855","candidates":[]}],[],[]],[[{"start":0,"end":25,"url":null,"entity_id":"Q59824854","candidates":[]}],[],[]],[[{"start":0,"end":24,"url":null,"entity_id":"Q59824853","candidates":[]}],[],[]]]}