{"version":"1.2","table":{"version":"2","table_id":"4DY95P7S","columns":[{"index":0,"name":"col0","values":["Voorhees ownship","Deeriield Township","Delanco Towship","Radolph","Mine Hill Townskip","Elsinboro Townsip","Yantage","Dwnf Township","Stw Creek Twnship","Hrmony Township","Lafayette Tqwnship","Little Egg Harbpr Township","Lower ownship","Hrdipg Township","Maurice Rier Township","Waterfor Township","Qwinton Township","Stilmwater Township","Middle Vownship","Wst Windsor Township"]},{"index":1,"name":"col1","values":["33.66","101.082","6.9719999999999995","1002.9459999999999","867.732","9.92","540.152","0.0","69.69","683.942","536.6049999999999","0.0","20.099999999999998","363.697","38.766","89.445","69.276","718.0","16.032","28.112000000000002"]},{"index":2,"name":"col2","values":["11.725508","16.947163999999997","3.3835","54.464852","3.0400929999999997","13.245049999999999","67.750924","53.779588","18.714078","24.297728999999997","18.030950999999998","190.15202999999997","30.70485","20.624968999999997","94.89816","36.303267","24.700889999999998","28.385","82.45727","6858.532800000001"]}]},"context":{"page_title":null,"page_url":null,"page_entity_id":null,"content_hierarchy":[]},"links":[[[{"start":0,"end":16,"url":null,"entity_id":"Q1073929","candidates":[]}],[],[]],[[{"start":0,"end":18,"url":null,"entity_id":"Q1073923","candidates":[]}],[],[]],[[{"start":0,"end":15,"url":null,"entity_id":"Q1073917","candidates":[]}],[],[]],[[{"start":0,"end":7,"url":null,"entity_id":"Q1073908","candidates":[]}],[],[]],[[{"start":0,"end":18,"url":null,"entity_id":"Q1073903","candidates":[]}],[],[]],[[{"start":0,"end":17,"url":null,"entity_id":"Q1073896","candidates":[]}],[],[]],[[{"start":0,"end":7,"url":null,"entity_id":"Q1073883","candidates":[]}],[],[]],[[{"start":0,"end":13,"url":null,"entity_id":"Q1073877","candidates":[]}],[],[]],[[{"start":0,"end":17,"url":null,"entity_id":"Q1073870","candidates":[]}],[],[]],[[{"start":0,"end":15,"url":null,"entity_id":"Q1073860","candidates":[]}],[],[]],[[{"start":0,"end":18,"url":null,"entity_id":"Q1073851","candidates":[]}],[],[]],[[{"start":0,"end":26,"url":null,"entity_id":"Q1073845","candidates":[]}],[],[]],[[{"start":0,"end":13,"url":null,"entity_id":"Q1073839","candidates":[]}],[],[]],[[{"start":0,"end":15,"url":null,"entity_id":"Q1073829","candidates":[]}],[],[]],[[{"start":0,"end":21,"url":null,"entity_id":"Q1073820","candidates":[]}],[],[]],[[{"start":0,"end":17,"url":null,"entity_id":"Q1073813","candidates":[]}],[],[]],[[{"start":0,"end":16,"url":null,"entity_id":"Q1073801","candidates":[]}],[],[]],[[{"start":0,"end":19,"url":null,"entity_id":"Q1073793","candidates":[]}],[],[]],[[{"start":0,"end":15,"url":null,"entity_id":"Q1073787","candidates":[]}],[],[]],[[{"start":0,"end":20,"url":null,"entity_id":"Q1073777","candidates":[]}],[],[]]]}