{"version":"1.2","table":{"version":"2","table_id":"4E0YL2SO","columns":[{"index":0,"name":"col0","values":["Alte Ziegel-Linde","Lange Anna","Vogelsangbach","Waldbühne Hardt","Femlinde in den Barmer Anlagen","Geologischer Garten Bochum","Kaditz Lime Tree","Brennender Berg","Hochstein","Zyklopensteine","Charlottenhöhle","Annalinde (Kirchhausen)","Alter Friedhof","Krautbühl","Scherstorklippen","Napoleoneiche","Oberer Egelsee","Düsselbacher Wand","Deckersberger Linde","Wasserbergfelsen"]},{"index":1,"name":"col1","values":["Germany","Germany","Germany","Germany","Germany","Germany","Germany","Germany","Germany","Belgium","Germany","Germany","Germany","Germany","Germany","Germany","Germany","Germany","Germany","Germany"]},{"index":2,"name":"col2","values":["Reutlingen","Heligoland","Wuppertal","Wuppertal","Wuppertal","Bochum","Dresden","Saarland","Rhineland-Palatinate","Aachen","Baden-Württemberg","Heilbronn","Heilbronn","Nagold","Germany","Winkelhaid","Winkelhaid","Vorra","Happurg","Happurg"]}]},"context":{"page_title":null,"page_url":null,"page_entity_id":null,"content_hierarchy":[]},"links":[[[{"start":0,"end":17,"url":null,"entity_id":"Q436398","candidates":[]}],[{"start":0,"end":7,"url":null,"entity_id":"Q183","candidates":[]}],[{"start":0,"end":10,"url":null,"entity_id":"Q3085","candidates":[]}]],[[{"start":0,"end":10,"url":null,"entity_id":"Q896804","candidates":[]}],[{"start":0,"end":7,"url":null,"entity_id":"Q183","candidates":[]}],[{"start":0,"end":10,"url":null,"entity_id":"Q3038","candidates":[]}]],[[{"start":0,"end":13,"url":null,"entity_id":"Q1521242","candidates":[]}],[{"start":0,"end":7,"url":null,"entity_id":"Q183","candidates":[]}],[{"start":0,"end":9,"url":null,"entity_id":"Q2107","candidates":[]}]],[[{"start":0,"end":15,"url":null,"entity_id":"Q1482670","candidates":[]}],[{"start":0,"end":7,"url":null,"entity_id":"Q183","candidates":[]}],[{"start":0,"end":9,"url":null,"entity_id":"Q2107","candidates":[]}]],[[{"start":0,"end":30,"url":null,"entity_id":"Q1404542","candidates":[]}],[{"start":0,"end":7,"url":null,"entity_id":"Q183","candidates":[]}],[{"start":0,"end":9,"url":null,"entity_id":"Q2107","candidates":[]}]],[[{"start":0,"end":26,"url":null,"entity_id":"Q679531","candidates":[]}],[{"start":0,"end":7,"url":null,"entity_id":"Q183","candidates":[]}],[{"start":0,"end":6,"url":null,"entity_id":"Q2103","candidates":[]}]],[[{"start":0,"end":16,"url":null,"entity_id":"Q800105","candidates":[]}],[{"start":0,"end":7,"url":null,"entity_id":"Q183","candidates":[]}],[{"start":0,"end":7,"url":null,"entity_id":"Q1731","candidates":[]}]],[[{"start":0,"end":15,"url":null,"entity_id":"Q316640","candidates":[]}],[{"start":0,"end":7,"url":null,"entity_id":"Q183","candidates":[]}],[{"start":0,"end":8,"url":null,"entity_id":"Q1201","candidates":[]}]],[[{"start":0,"end":9,"url":null,"entity_id":"Q1167534","candidates":[]}],[{"start":0,"end":7,"url":null,"entity_id":"Q183","candidates":[]}],[{"start":0,"end":20,"url":null,"entity_id":"Q1200","candidates":[]}]],[[{"start":0,"end":14,"url":null,"entity_id":"Q245576","candidates":[]}],[{"start":0,"end":7,"url":null,"entity_id":"Q31","candidates":[]}],[{"start":0,"end":6,"url":null,"entity_id":"Q1017","candidates":[]}]],[[{"start":0,"end":15,"url":null,"entity_id":"Q1067427","candidates":[]}],[{"start":0,"end":7,"url":null,"entity_id":"Q183","candidates":[]}],[{"start":0,"end":17,"url":null,"entity_id":"Q985","candidates":[]}]],[[{"start":0,"end":23,"url":null,"entity_id":"Q564391","candidates":[]}],[{"start":0,"end":7,"url":null,"entity_id":"Q183","candidates":[]}],[{"start":0,"end":9,"url":null,"entity_id":"Q715","candidates":[]}]],[[{"start":0,"end":14,"url":null,"entity_id":"Q437892","candidates":[]}],[{"start":0,"end":7,"url":null,"entity_id":"Q183","candidates":[]}],[{"start":0,"end":9,"url":null,"entity_id":"Q715","candidates":[]}]],[[{"start":0,"end":9,"url":null,"entity_id":"Q57994676","candidates":[]}],[{"start":0,"end":7,"url":null,"entity_id":"Q183","candidates":[]}],[{"start":0,"end":6,"url":null,"entity_id":"Q26344","candidates":[]}]],[[{"start":0,"end":16,"url":null,"entity_id":"Q2233803","candidates":[]}],[{"start":0,"end":7,"url":null,"entity_id":"Q183","candidates":[]}],[{"start":0,"end":7,"url":null,"entity_id":"Q183","candidates":[]}]],[[{"start":0,"end":13,"url":null,"entity_id":"Q54859504","candidates":[]}],[{"start":0,"end":7,"url":null,"entity_id":"Q183","candidates":[]}],[{"start":0,"end":10,"url":null,"entity_id":"Q1527035","candidates":[]}]],[[{"start":0,"end":14,"url":null,"entity_id":"Q54859503","candidates":[]}],[{"start":0,"end":7,"url":null,"entity_id":"Q183","candidates":[]}],[{"start":0,"end":10,"url":null,"entity_id":"Q1527035","candidates":[]}]],[[{"start":0,"end":17,"url":null,"entity_id":"Q54824962","candidates":[]}],[{"start":0,"end":7,"url":null,"entity_id":"Q183","candidates":[]}],[{"start":0,"end":5,"url":null,"entity_id":"Q554134","candidates":[]}]],[[{"start":0,"end":19,"url":null,"entity_id":"Q54859485","candidates":[]}],[{"start":0,"end":7,"url":null,"entity_id":"Q183","candidates":[]}],[{"start":0,"end":7,"url":null,"entity_id":"Q552430","candidates":[]}]],[[{"start":0,"end":16,"url":null,"entity_id":"Q54824301","candidates":[]}],[{"start":0,"end":7,"url":null,"entity_id":"Q183","candidates":[]}],[{"start":0,"end":7,"url":null,"entity_id":"Q552430","candidates":[]}]]]}