{"version":"1.2","table":{"version":"2","table_id":"4GJ0N1VM","columns":[{"index":0,"name":"col0","values":["A Estrad","Burea","Meira","Vilamastín de Valdeorras","Macea","Nigrá","Moaña","Q Bolo","Cervo","O Prriño","Vimianzp","iño, A Coruñb","Trazo","Vedra","Brión","Mondariz – alneario","Sarrfaus","Cenllg","Castrfl do Va","Radrenda"]},{"index":1,"name":"col1","values":["279.033","25.05","484.8","319.074","532.784","352.45","131.67","780.29","465.0","108.128","453.6","10.03","320.96","164.505","290.734","761.032","646.75","118.17","419.838","343.4"]},{"index":2,"name":"col2","values":["279.876","8.2","46.577","87.99522","100.98","34.93489999999999","31.437","90.272","78.234","61.814","188.88252","35.7564","102.02364","93.55040000000001","74.4","2.424","77.36729","29.086999999999996","121.268","57.456"]},{"index":3,"name":"col3","values":["20622.353","9664.704","1726.725","1779.26","2863.384","17798.725","19573.590999999997","876.044","4197.411","19669.368","7085.228","6162.8","3081.87","5030.964","7813.489","643.356","1159.676","1131.2","984.9839999999999","1756.7399999999998"]}]},"context":{"page_title":null,"page_url":null,"page_entity_id":null,"content_hierarchy":[]},"links":[[[{"start":0,"end":8,"url":null,"entity_id":"Q1621191","candidates":[]}],[],[],[]],[[{"start":0,"end":5,"url":null,"entity_id":"Q1619456","candidates":[]}],[],[],[]],[[{"start":0,"end":5,"url":null,"entity_id":"Q1618958","candidates":[]}],[],[],[]],[[{"start":0,"end":24,"url":null,"entity_id":"Q1618272","candidates":[]}],[],[],[]],[[{"start":0,"end":5,"url":null,"entity_id":"Q1617896","candidates":[]}],[],[],[]],[[{"start":0,"end":5,"url":null,"entity_id":"Q1617562","candidates":[]}],[],[],[]],[[{"start":0,"end":5,"url":null,"entity_id":"Q1617430","candidates":[]}],[],[],[]],[[{"start":0,"end":6,"url":null,"entity_id":"Q1617349","candidates":[]}],[],[],[]],[[{"start":0,"end":5,"url":null,"entity_id":"Q1616622","candidates":[]}],[],[],[]],[[{"start":0,"end":8,"url":null,"entity_id":"Q1616392","candidates":[]}],[],[],[]],[[{"start":0,"end":8,"url":null,"entity_id":"Q1616162","candidates":[]}],[],[],[]],[[{"start":0,"end":13,"url":null,"entity_id":"Q1616112","candidates":[]}],[],[],[]],[[{"start":0,"end":5,"url":null,"entity_id":"Q1616102","candidates":[]}],[],[],[]],[[{"start":0,"end":5,"url":null,"entity_id":"Q1616092","candidates":[]}],[],[],[]],[[{"start":0,"end":5,"url":null,"entity_id":"Q1615466","candidates":[]}],[],[],[]],[[{"start":0,"end":19,"url":null,"entity_id":"Q1614339","candidates":[]}],[],[],[]],[[{"start":0,"end":8,"url":null,"entity_id":"Q1607778","candidates":[]}],[],[],[]],[[{"start":0,"end":6,"url":null,"entity_id":"Q1607762","candidates":[]}],[],[],[]],[[{"start":0,"end":13,"url":null,"entity_id":"Q1607748","candidates":[]}],[],[],[]],[[{"start":0,"end":8,"url":null,"entity_id":"Q1607736","candidates":[]}],[],[],[]]]}