{"version":"1.2","table":{"version":"2","table_id":"4GPS65YW","columns":[{"index":0,"name":"col0","values":["Second Liberian Civil War","Argentine Civil Wars","Guatemalan Civil War","Jinshin War","Armagnac–Burgundian Civil War","Arkansas in the American Civil War","1383-85 Portuguese Interregnum","Samoan Civil War","Flemish revolts against Maximilian of Austria, 1482–1492","Second Sudanese Civil War","Republic of the Congo Civil War","Rhodesian Bush War","Civil war in Tajikistan","Laotian Civil War","Cambodian Civil War","Chilean Civil War of 1829–1830","Indonesian Leftists War","Third Fitna","Fourth Fitna","Ugandan Bush War"]},{"index":1,"name":"col1","values":["2003-08-18","1880-01-01","1996-12-29","0672-08-24","1435-01-01","1865-05-26","1385-10-01","1894-01-01","1492-01-01","2005-01-09","1999-01-01","1979-12-12","1997-06-27","1975-12-02","1975-04-17","1830-01-01","1962-01-01","0747-01-01","0819-01-01","1986-01-25"]},{"index":2,"name":"col2","values":["Liberians United for Reconciliation and Democracy","Colorado Party","Guatemalan National Revolutionary Unity","Temmu","Armagnac","Confederate States of America","Kingdom of Portugal","German Empire","Ghent","Uganda","Chad","South Africa","Russia","United States of America","United States of America","Pelucones","Communist Party of Indonesia","Al-Walid II","al-Maʾmun","Yoweri Kaguta Museveni"]},{"index":3,"name":"col3","values":["1999-04-21","1814-01-01","1965-03-03","0672-07-27","1407-01-01","1861-05-18","1383-04-01","1886-01-01","1482-01-01","1983-06-05","1997-01-01","1964-07-04","1992-05-05","1953-11-09","1967-03-11","1829-01-01","1956-01-01","0744-01-01","0811-01-01","1981-02-06"]}]},"context":{"page_title":null,"page_url":null,"page_entity_id":null,"content_hierarchy":[]},"links":[[[{"start":0,"end":25,"url":null,"entity_id":"Q1960733","candidates":[]}],[],[{"start":0,"end":49,"url":null,"entity_id":"Q3238013","candidates":[]}],[]],[[{"start":0,"end":20,"url":null,"entity_id":"Q2697981","candidates":[]}],[],[{"start":0,"end":14,"url":null,"entity_id":"Q1430823","candidates":[]}],[]],[[{"start":0,"end":20,"url":null,"entity_id":"Q1282732","candidates":[]}],[],[{"start":0,"end":39,"url":null,"entity_id":"Q430960","candidates":[]}],[]],[[{"start":0,"end":11,"url":null,"entity_id":"Q2378252","candidates":[]}],[],[{"start":0,"end":5,"url":null,"entity_id":"Q335181","candidates":[]}],[]],[[{"start":0,"end":29,"url":null,"entity_id":"Q1021160","candidates":[]}],[],[{"start":0,"end":8,"url":null,"entity_id":"Q301905","candidates":[]}],[]],[[{"start":0,"end":34,"url":null,"entity_id":"Q2151872","candidates":[]}],[],[{"start":0,"end":29,"url":null,"entity_id":"Q81931","candidates":[]}],[]],[[{"start":0,"end":30,"url":null,"entity_id":"Q2105495","candidates":[]}],[],[{"start":0,"end":19,"url":null,"entity_id":"Q45670","candidates":[]}],[]],[[{"start":0,"end":16,"url":null,"entity_id":"Q881762","candidates":[]}],[],[{"start":0,"end":13,"url":null,"entity_id":"Q43287","candidates":[]}],[]],[[{"start":0,"end":56,"url":null,"entity_id":"Q2206155","candidates":[]}],[],[{"start":0,"end":5,"url":null,"entity_id":"Q1296","candidates":[]}],[]],[[{"start":0,"end":25,"url":null,"entity_id":"Q842380","candidates":[]}],[],[{"start":0,"end":6,"url":null,"entity_id":"Q1036","candidates":[]}],[]],[[{"start":0,"end":31,"url":null,"entity_id":"Q1021172","candidates":[]}],[],[{"start":0,"end":4,"url":null,"entity_id":"Q657","candidates":[]}],[]],[[{"start":0,"end":18,"url":null,"entity_id":"Q2444955","candidates":[]}],[],[{"start":0,"end":12,"url":null,"entity_id":"Q258","candidates":[]}],[]],[[{"start":0,"end":23,"url":null,"entity_id":"Q1122110","candidates":[]}],[],[{"start":0,"end":6,"url":null,"entity_id":"Q159","candidates":[]}],[]],[[{"start":0,"end":17,"url":null,"entity_id":"Q877450","candidates":[]}],[],[{"start":0,"end":24,"url":null,"entity_id":"Q30","candidates":[]}],[]],[[{"start":0,"end":19,"url":null,"entity_id":"Q817206","candidates":[]}],[],[{"start":0,"end":24,"url":null,"entity_id":"Q30","candidates":[]}],[]],[[{"start":0,"end":30,"url":null,"entity_id":"Q5098735","candidates":[]}],[],[{"start":0,"end":9,"url":null,"entity_id":"Q7161789","candidates":[]}],[]],[[{"start":0,"end":23,"url":null,"entity_id":"Q42410504","candidates":[]}],[],[{"start":0,"end":28,"url":null,"entity_id":"Q157744","candidates":[]}],[]],[[{"start":0,"end":11,"url":null,"entity_id":"Q20007932","candidates":[]}],[],[{"start":0,"end":11,"url":null,"entity_id":"Q128307","candidates":[]}],[]],[[{"start":0,"end":12,"url":null,"entity_id":"Q3778593","candidates":[]}],[],[{"start":0,"end":9,"url":null,"entity_id":"Q61056","candidates":[]}],[]],[[{"start":0,"end":16,"url":null,"entity_id":"Q3119017","candidates":[]}],[],[{"start":0,"end":22,"url":null,"entity_id":"Q57274","candidates":[]}],[]]]}