{"version":"1.2","table":{"version":"2","table_id":"4HIYK3NQ","columns":[{"index":0,"name":"col0","values":["Party of the European Leht","German!Association of Judges","Association of the Scientific Medical Societies in German|","Part of European Socialists","DeutscherFrauenrat","Freedom From Reoigion Foundation","Eenter for Inquiry","German Mathematical ociety","Lebenshilfe Deuwschland","ADAC","Confederaion of German Employers' Associations","Natrschutzbund Deutschland","German Bar Associatioo","Bund für Umwelt und Naturschutz Deuttchland","Eurorean Democratic Party","Dfutsche Physikalische Gesellschaft","UCLG — Eutasa","Allian pro Schiene","Fédération Régions et Peuples Solidajres","Deutschhr Tierschutzbund"]},{"index":1,"name":"col1","values":["Gregor Gysi","Jens Gnisa","Rolf Kreienberg","Sergei Stanishev","Mona Küppers","Stephen Hirtle","Eddie Tabash","Volker Bach","Ulla Schmidt","August Markl","Ingo Kramer","Olaf Tschimpke","Ulrich Schellenberg","Hubert Weiger","François Bayrou","Rolf-Dieter Heuer","İlsur Mätşin","Norbert Hansen","Gustave Alirol","Thomas Schröder"]},{"index":2,"name":"col2","values":["Register of European Political Parties","IRZ-Foundation","Informationsdienst Wissenschaft e.V.","European Movement International","Bundesnetzwerk Bürgerschaftliches Engagement","Humanists International","Humanists International","International Mathematical Union","Arbeitsgemeinschaft für Kinder- und Jugendhilfe","European Movement Germany","European Movement Germany","BirdLife International","German Association for the Protection of Intellectual Property","Association for the Taxation of Financial Transactions and for Citizens' Action","Alliance of Democrats","International Union of Pure and Applied Physics","Magas","Initiative Transparent Civil Society","European Free Alliance","German alliance for nature conservation"]}]},"context":{"page_title":null,"page_url":null,"page_entity_id":null,"content_hierarchy":[]},"links":[[[{"start":0,"end":26,"url":null,"entity_id":"Q202649","candidates":[]}],[{"start":0,"end":11,"url":null,"entity_id":"Q65126","candidates":[]}],[{"start":0,"end":38,"url":null,"entity_id":"Q60310569","candidates":[]}]],[[{"start":0,"end":28,"url":null,"entity_id":"Q880067","candidates":[]}],[{"start":0,"end":10,"url":null,"entity_id":"Q26934877","candidates":[]}],[{"start":0,"end":14,"url":null,"entity_id":"Q16476870","candidates":[]}]],[[{"start":0,"end":58,"url":null,"entity_id":"Q627629","candidates":[]}],[{"start":0,"end":15,"url":null,"entity_id":"Q2163544","candidates":[]}],[{"start":0,"end":36,"url":null,"entity_id":"Q1559701","candidates":[]}]],[[{"start":0,"end":27,"url":null,"entity_id":"Q220945","candidates":[]}],[{"start":0,"end":16,"url":null,"entity_id":"Q202117","candidates":[]}],[{"start":0,"end":31,"url":null,"entity_id":"Q1377261","candidates":[]}]],[[{"start":0,"end":18,"url":null,"entity_id":"Q870977","candidates":[]}],[{"start":0,"end":12,"url":null,"entity_id":"Q29063282","candidates":[]}],[{"start":0,"end":44,"url":null,"entity_id":"Q1006424","candidates":[]}]],[[{"start":0,"end":32,"url":null,"entity_id":"Q531069","candidates":[]}],[{"start":0,"end":14,"url":null,"entity_id":"Q63373191","candidates":[]}],[{"start":0,"end":23,"url":null,"entity_id":"Q986980","candidates":[]}]],[[{"start":0,"end":18,"url":null,"entity_id":"Q648015","candidates":[]}],[{"start":0,"end":12,"url":null,"entity_id":"Q1282991","candidates":[]}],[{"start":0,"end":23,"url":null,"entity_id":"Q986980","candidates":[]}]],[[{"start":0,"end":26,"url":null,"entity_id":"Q563335","candidates":[]}],[{"start":0,"end":11,"url":null,"entity_id":"Q2530875","candidates":[]}],[{"start":0,"end":32,"url":null,"entity_id":"Q828490","candidates":[]}]],[[{"start":0,"end":23,"url":null,"entity_id":"Q20533","candidates":[]}],[{"start":0,"end":12,"url":null,"entity_id":"Q61307","candidates":[]}],[{"start":0,"end":47,"url":null,"entity_id":"Q627651","candidates":[]}]],[[{"start":0,"end":4,"url":null,"entity_id":"Q289953","candidates":[]}],[{"start":0,"end":12,"url":null,"entity_id":"Q19259801","candidates":[]}],[{"start":0,"end":25,"url":null,"entity_id":"Q537395","candidates":[]}]],[[{"start":0,"end":46,"url":null,"entity_id":"Q897107","candidates":[]}],[{"start":0,"end":11,"url":null,"entity_id":"Q15820134","candidates":[]}],[{"start":0,"end":25,"url":null,"entity_id":"Q537395","candidates":[]}]],[[{"start":0,"end":26,"url":null,"entity_id":"Q516755","candidates":[]}],[{"start":0,"end":14,"url":null,"entity_id":"Q2018109","candidates":[]}],[{"start":0,"end":22,"url":null,"entity_id":"Q210108","candidates":[]}]],[[{"start":0,"end":22,"url":null,"entity_id":"Q782391","candidates":[]}],[{"start":0,"end":19,"url":null,"entity_id":"Q2476591","candidates":[]}],[{"start":0,"end":62,"url":null,"entity_id":"Q120222","candidates":[]}]],[[{"start":0,"end":43,"url":null,"entity_id":"Q897009","candidates":[]}],[{"start":0,"end":13,"url":null,"entity_id":"Q1633483","candidates":[]}],[{"start":0,"end":79,"url":null,"entity_id":"Q118626","candidates":[]}]],[[{"start":0,"end":25,"url":null,"entity_id":"Q734792","candidates":[]}],[{"start":0,"end":15,"url":null,"entity_id":"Q12963","candidates":[]}],[{"start":0,"end":21,"url":null,"entity_id":"Q60175","candidates":[]}]],[[{"start":0,"end":35,"url":null,"entity_id":"Q819187","candidates":[]}],[{"start":0,"end":17,"url":null,"entity_id":"Q65092","candidates":[]}],[{"start":0,"end":47,"url":null,"entity_id":"Q28346","candidates":[]}]],[[{"start":0,"end":13,"url":null,"entity_id":"Q74568164","candidates":[]}],[{"start":0,"end":12,"url":null,"entity_id":"Q1969340","candidates":[]}],[{"start":0,"end":5,"url":null,"entity_id":"Q5222","candidates":[]}]],[[{"start":0,"end":18,"url":null,"entity_id":"Q2649144","candidates":[]}],[{"start":0,"end":14,"url":null,"entity_id":"Q1334552","candidates":[]}],[{"start":0,"end":36,"url":null,"entity_id":"Q1663590","candidates":[]}]],[[{"start":0,"end":40,"url":null,"entity_id":"Q3058074","candidates":[]}],[{"start":0,"end":14,"url":null,"entity_id":"Q3121106","candidates":[]}],[{"start":0,"end":22,"url":null,"entity_id":"Q639383","candidates":[]}]],[[{"start":0,"end":24,"url":null,"entity_id":"Q1205394","candidates":[]}],[{"start":0,"end":15,"url":null,"entity_id":"Q15515980","candidates":[]}],[{"start":0,"end":39,"url":null,"entity_id":"Q1205152","candidates":[]}]]]}