{"version":"1.2","table":{"version":"2","table_id":"4I995NNQ","columns":[{"index":0,"name":"col0","values":["Criteria for a recommended standard... occupational exposure to organotin compounds","Criteria for a recommended standard... occupational exposure to methyl parathion","Criteria for a recommended standard... occupational exposure to carbaryl","Criteria for a recommended standard... occupational exposure to hydrogen cyanide and cyanide salts (NaCN, KCN, and Ca(CN)2)","Criteria for a recommended standard... occupational exposure to acrylamide","Criteria for a recommended standard... occupational exposure to carbon dioxide","Criteria for a recommended standard... occupational exposure to malathion","Criteria for a recommended standard... occupational exposure to phenol","Criteria for a recommended standard... occupational exposure to acetylene","Criteria for a recommended standard... occupational exposure to chlorine","Criteria for a recommended standard... logging from felling to first haul","Guidelines for controlling hazardous energy during maintenance and service","Development of draft construction safety standards for excavations, volume I","Criteria for a recommended standard... occupational exposure to inorganic arsenic, new criteria - 1975","Criteria for a recommended standard... occupational exposure to oxides of nitrogen (nitrogen dioxide and nitric oxide)","Criteria for a recommended standard... occupational exposure to sulfuric acid","Criteria for a recommended standard... occupational exposure to nitric acid","Criteria for a recommended standard... occupational exposure to hydrogen fluoride","Criteria for a recommended standard... occupational exposure to isopropyl alcohol","Criteria for a recommended standard... occupational exposure to phosgene","Criteria for a recommended standard... occupational exposure to carbon tetrachloride","Criteria for a recommended standard... emergency egress from elevated workstations","Criteria for a recommended standard... occupational exposure to chromium(VI) (superseded by 2013-128)","Child labor research needs. Recommendations from the NIOSH child labor working team","Development of draft construction safety standards for excavations, volume II"]},{"index":1,"name":"col1","values":["1976-11-01","1976-09-01","1976-09-01","1976-10-01","1976-10-01","1976-08-01","1976-06-01","1976-07-01","1976-07-01","1976-05-01","1976-07-01","1983-09-01","1983-05-01","1975-01-01","1976-03-01","1974-01-01","1976-03-01","1976-03-01","1976-03-01","1976-01-01","1975-01-01","1975-01-01","1975-01-01","1997-08-01","1983-04-01"]},{"index":2,"name":"col2","values":["National Institute for Occupational Safety and Health","National Institute for Occupational Safety and Health","National Institute for Occupational Safety and Health","National Institute for Occupational Safety and Health","National Institute for Occupational Safety and Health","National Institute for Occupational Safety and Health","National Institute for Occupational Safety and Health","National Institute for Occupational Safety and Health","National Institute for Occupational Safety and Health","National Institute for Occupational Safety and Health","National Institute for Occupational Safety and Health","National Institute for Occupational Safety and Health","National Institute for Occupational Safety and Health","National Institute for Occupational Safety and Health","National Institute for Occupational Safety and Health","National Institute for Occupational Safety and Health","National Institute for Occupational Safety and Health","National Institute for Occupational Safety and Health","National Institute for Occupational Safety and Health","National Institute for Occupational Safety and Health","National Institute for Occupational Safety and Health","National Institute for Occupational Safety and Health","National Institute for Occupational Safety and Health","National Institute for Occupational Safety and Health","National Institute for Occupational Safety and Health"]}]},"context":{"page_title":null,"page_url":null,"page_entity_id":null,"content_hierarchy":[]},"links":[[[{"start":0,"end":83,"url":null,"entity_id":"Q26371642","candidates":[]}],[],[{"start":0,"end":53,"url":null,"entity_id":"Q60346","candidates":[]}]],[[{"start":0,"end":80,"url":null,"entity_id":"Q26371634","candidates":[]}],[],[{"start":0,"end":53,"url":null,"entity_id":"Q60346","candidates":[]}]],[[{"start":0,"end":72,"url":null,"entity_id":"Q26371627","candidates":[]}],[],[{"start":0,"end":53,"url":null,"entity_id":"Q60346","candidates":[]}]],[[{"start":0,"end":123,"url":null,"entity_id":"Q26371592","candidates":[]}],[],[{"start":0,"end":53,"url":null,"entity_id":"Q60346","candidates":[]}]],[[{"start":0,"end":74,"url":null,"entity_id":"Q26371583","candidates":[]}],[],[{"start":0,"end":53,"url":null,"entity_id":"Q60346","candidates":[]}]],[[{"start":0,"end":78,"url":null,"entity_id":"Q26371507","candidates":[]}],[],[{"start":0,"end":53,"url":null,"entity_id":"Q60346","candidates":[]}]],[[{"start":0,"end":73,"url":null,"entity_id":"Q26371500","candidates":[]}],[],[{"start":0,"end":53,"url":null,"entity_id":"Q60346","candidates":[]}]],[[{"start":0,"end":70,"url":null,"entity_id":"Q26371491","candidates":[]}],[],[{"start":0,"end":53,"url":null,"entity_id":"Q60346","candidates":[]}]],[[{"start":0,"end":73,"url":null,"entity_id":"Q26371486","candidates":[]}],[],[{"start":0,"end":53,"url":null,"entity_id":"Q60346","candidates":[]}]],[[{"start":0,"end":72,"url":null,"entity_id":"Q26371142","candidates":[]}],[],[{"start":0,"end":53,"url":null,"entity_id":"Q60346","candidates":[]}]],[[{"start":0,"end":73,"url":null,"entity_id":"Q26371134","candidates":[]}],[],[{"start":0,"end":53,"url":null,"entity_id":"Q60346","candidates":[]}]],[[{"start":0,"end":74,"url":null,"entity_id":"Q26371066","candidates":[]}],[],[{"start":0,"end":53,"url":null,"entity_id":"Q60346","candidates":[]}]],[[{"start":0,"end":76,"url":null,"entity_id":"Q26370965","candidates":[]}],[],[{"start":0,"end":53,"url":null,"entity_id":"Q60346","candidates":[]}]],[[{"start":0,"end":102,"url":null,"entity_id":"Q26370923","candidates":[]}],[],[{"start":0,"end":53,"url":null,"entity_id":"Q60346","candidates":[]}]],[[{"start":0,"end":118,"url":null,"entity_id":"Q26370908","candidates":[]}],[],[{"start":0,"end":53,"url":null,"entity_id":"Q60346","candidates":[]}]],[[{"start":0,"end":77,"url":null,"entity_id":"Q26370799","candidates":[]}],[],[{"start":0,"end":53,"url":null,"entity_id":"Q60346","candidates":[]}]],[[{"start":0,"end":75,"url":null,"entity_id":"Q26370792","candidates":[]}],[],[{"start":0,"end":53,"url":null,"entity_id":"Q60346","candidates":[]}]],[[{"start":0,"end":81,"url":null,"entity_id":"Q26370786","candidates":[]}],[],[{"start":0,"end":53,"url":null,"entity_id":"Q60346","candidates":[]}]],[[{"start":0,"end":81,"url":null,"entity_id":"Q26370779","candidates":[]}],[],[{"start":0,"end":53,"url":null,"entity_id":"Q60346","candidates":[]}]],[[{"start":0,"end":72,"url":null,"entity_id":"Q26370757","candidates":[]}],[],[{"start":0,"end":53,"url":null,"entity_id":"Q60346","candidates":[]}]],[[{"start":0,"end":84,"url":null,"entity_id":"Q26370736","candidates":[]}],[],[{"start":0,"end":53,"url":null,"entity_id":"Q60346","candidates":[]}]],[[{"start":0,"end":82,"url":null,"entity_id":"Q26370578","candidates":[]}],[],[{"start":0,"end":53,"url":null,"entity_id":"Q60346","candidates":[]}]],[[{"start":0,"end":101,"url":null,"entity_id":"Q26370551","candidates":[]}],[],[{"start":0,"end":53,"url":null,"entity_id":"Q60346","candidates":[]}]],[[{"start":0,"end":83,"url":null,"entity_id":"Q26370436","candidates":[]}],[],[{"start":0,"end":53,"url":null,"entity_id":"Q60346","candidates":[]}]],[[{"start":0,"end":77,"url":null,"entity_id":"Q26370204","candidates":[]}],[],[{"start":0,"end":53,"url":null,"entity_id":"Q60346","candidates":[]}]]]}