{"version":"1.2","table":{"version":"2","table_id":"4J1TUSVP","columns":[{"index":0,"name":"col0","values":["2019 ASB Classic (women)","2018 ASB Classic (women)","2017 ASB Classic (women)","2016 ASB Classic (women)","2015 ASB Classic","2014 ASB Classic","2001 ASB Classic","1997 ASB Classic","2012 ASB Classic","2007 ASB Classic","2011 ASB Classic","2000 ASB Classic","2003 ASB Classic","1999 ASB Classic","2005 ASB Classic","2013 ASB Classic","1998 ASB Classic","1996 Amway Classic","2010 ASB Classic","2009 ASB Classic"]},{"index":1,"name":"col1","values":["2018 ASB Classic (women)","2017 ASB Classic (women)","2016 ASB Classic (women)","2015 ASB Classic","2014 ASB Classic","2013 ASB Classic","2000 ASB Classic","1996 Amway Classic","2011 ASB Classic","2006 ASB Classic","2010 ASB Classic","1999 ASB Classic","2002 ASB Classic","1998 ASB Classic","2004 ASB Classic","2012 ASB Classic","1997 ASB Classic","1995 Amway Classic","2009 ASB Classic","2008 ASB Classic"]},{"index":2,"name":"col2","values":["2020 ASB Classic (women)","2019 ASB Classic (women)","2018 ASB Classic (women)","2017 ASB Classic (women)","2016 ASB Classic","2015 ASB Classic","2002 ASB Classic","1998 ASB Classic","2013 ASB Classic","2008 ASB Classic","2012 ASB Classic","2001 ASB Classic","2004 ASB Classic","2000 ASB Classic","2006 ASB Classic","2014 ASB Classic","1999 ASB Classic","1997 ASB Classic","2011 ASB Classic","2010 ASB Classic"]},{"index":3,"name":"col3","values":["2019-01-06","2018-01-07","2017-01-07","2016-01-09","2015-01-10","2014-01-04","2001-01-06","1997-01-05","2012-01-08","2007-01-06","2011-01-08","2000-01-08","2003-01-04","1999-01-09","2005-01-08","2013-01-05","1998-01-10","1996-01-06","2010-01-09","2009-01-11"]}]},"context":{"page_title":null,"page_url":null,"page_entity_id":null,"content_hierarchy":[]},"links":[[[{"start":0,"end":24,"url":null,"entity_id":"Q60176812","candidates":[]}],[{"start":0,"end":24,"url":null,"entity_id":"Q46596872","candidates":[]}],[{"start":0,"end":24,"url":null,"entity_id":"Q79944666","candidates":[]}],[]],[[{"start":0,"end":24,"url":null,"entity_id":"Q46596872","candidates":[]}],[{"start":0,"end":24,"url":null,"entity_id":"Q28003864","candidates":[]}],[{"start":0,"end":24,"url":null,"entity_id":"Q60176812","candidates":[]}],[]],[[{"start":0,"end":24,"url":null,"entity_id":"Q28003864","candidates":[]}],[{"start":0,"end":24,"url":null,"entity_id":"Q21935244","candidates":[]}],[{"start":0,"end":24,"url":null,"entity_id":"Q46596872","candidates":[]}],[]],[[{"start":0,"end":24,"url":null,"entity_id":"Q21935244","candidates":[]}],[{"start":0,"end":16,"url":null,"entity_id":"Q18353064","candidates":[]}],[{"start":0,"end":24,"url":null,"entity_id":"Q28003864","candidates":[]}],[]],[[{"start":0,"end":16,"url":null,"entity_id":"Q18353064","candidates":[]}],[{"start":0,"end":16,"url":null,"entity_id":"Q15079185","candidates":[]}],[{"start":0,"end":16,"url":null,"entity_id":"Q21613346","candidates":[]}],[]],[[{"start":0,"end":16,"url":null,"entity_id":"Q15079185","candidates":[]}],[{"start":0,"end":16,"url":null,"entity_id":"Q641759","candidates":[]}],[{"start":0,"end":16,"url":null,"entity_id":"Q18353064","candidates":[]}],[]],[[{"start":0,"end":16,"url":null,"entity_id":"Q264486","candidates":[]}],[{"start":0,"end":16,"url":null,"entity_id":"Q2976267","candidates":[]}],[{"start":0,"end":16,"url":null,"entity_id":"Q2976271","candidates":[]}],[]],[[{"start":0,"end":16,"url":null,"entity_id":"Q942724","candidates":[]}],[{"start":0,"end":18,"url":null,"entity_id":"Q2976262","candidates":[]}],[{"start":0,"end":16,"url":null,"entity_id":"Q2976264","candidates":[]}],[]],[[{"start":0,"end":16,"url":null,"entity_id":"Q297244","candidates":[]}],[{"start":0,"end":16,"url":null,"entity_id":"Q297245","candidates":[]}],[{"start":0,"end":16,"url":null,"entity_id":"Q641759","candidates":[]}],[]],[[{"start":0,"end":16,"url":null,"entity_id":"Q943810","candidates":[]}],[{"start":0,"end":16,"url":null,"entity_id":"Q2468922","candidates":[]}],[{"start":0,"end":16,"url":null,"entity_id":"Q641622","candidates":[]}],[]],[[{"start":0,"end":16,"url":null,"entity_id":"Q297245","candidates":[]}],[{"start":0,"end":16,"url":null,"entity_id":"Q297231","candidates":[]}],[{"start":0,"end":16,"url":null,"entity_id":"Q297244","candidates":[]}],[]],[[{"start":0,"end":16,"url":null,"entity_id":"Q2976267","candidates":[]}],[{"start":0,"end":16,"url":null,"entity_id":"Q2976265","candidates":[]}],[{"start":0,"end":16,"url":null,"entity_id":"Q264486","candidates":[]}],[]],[[{"start":0,"end":16,"url":null,"entity_id":"Q2976269","candidates":[]}],[{"start":0,"end":16,"url":null,"entity_id":"Q2976271","candidates":[]}],[{"start":0,"end":16,"url":null,"entity_id":"Q2976272","candidates":[]}],[]],[[{"start":0,"end":16,"url":null,"entity_id":"Q2976265","candidates":[]}],[{"start":0,"end":16,"url":null,"entity_id":"Q2976264","candidates":[]}],[{"start":0,"end":16,"url":null,"entity_id":"Q2976267","candidates":[]}],[]],[[{"start":0,"end":16,"url":null,"entity_id":"Q1440037","candidates":[]}],[{"start":0,"end":16,"url":null,"entity_id":"Q2976272","candidates":[]}],[{"start":0,"end":16,"url":null,"entity_id":"Q2468922","candidates":[]}],[]],[[{"start":0,"end":16,"url":null,"entity_id":"Q641759","candidates":[]}],[{"start":0,"end":16,"url":null,"entity_id":"Q297244","candidates":[]}],[{"start":0,"end":16,"url":null,"entity_id":"Q15079185","candidates":[]}],[]],[[{"start":0,"end":16,"url":null,"entity_id":"Q2976264","candidates":[]}],[{"start":0,"end":16,"url":null,"entity_id":"Q942724","candidates":[]}],[{"start":0,"end":16,"url":null,"entity_id":"Q2976265","candidates":[]}],[]],[[{"start":0,"end":18,"url":null,"entity_id":"Q2976262","candidates":[]}],[{"start":0,"end":18,"url":null,"entity_id":"Q2976261","candidates":[]}],[{"start":0,"end":16,"url":null,"entity_id":"Q942724","candidates":[]}],[]],[[{"start":0,"end":16,"url":null,"entity_id":"Q297231","candidates":[]}],[{"start":0,"end":16,"url":null,"entity_id":"Q297230","candidates":[]}],[{"start":0,"end":16,"url":null,"entity_id":"Q297245","candidates":[]}],[]],[[{"start":0,"end":16,"url":null,"entity_id":"Q297230","candidates":[]}],[{"start":0,"end":16,"url":null,"entity_id":"Q641622","candidates":[]}],[{"start":0,"end":16,"url":null,"entity_id":"Q297231","candidates":[]}],[]]]}