{"version":"1.2","table":{"version":"2","table_id":"4NDIOGB3","columns":[{"index":0,"name":"col0","values":["Budukh","Bagvalal","Chamalal","Botlikh","Godoberi language","Tindi","Kryts","Karata","Akhvakh","Dalmatian","Sudovian","Opata","Chicomuceltec","Mocho’ language","Aka-Jeru","A-Pucikwar","Kerek","Hunzib","Khwarshi language","Hinuq"]},{"index":1,"name":"col1","values":["Samur languages","Avar–Andic languages","Avar–Andic languages","Avar–Andic languages","Avar–Andic languages","Avar–Andic languages","Lezgic languages","Andic languages","Andic languages","Eastern Romance languages","Western Baltic languages","Opata-Eudeve","Huastecan languages","Q'anjobalan languages","Great Andamanese languages","Great Andamanese languages","Chukotkan languages","Tsezic languages","Tsezic languages","Tsezic languages"]},{"index":2,"name":"col2","values":["stress-timed language","stress-timed language","stress-timed language","stress-timed language","stress-timed language","stress-timed language","stress-timed language","stress-timed language","stress-timed language","subject–verb–object","fusional language","agglutinative language","agglutinative language","agglutinative language","agglutinative language","agglutinative language","agglutinative language","agglutinative language","agglutinative language","agglutinative language"]}]},"context":{"page_title":null,"page_url":null,"page_entity_id":null,"content_hierarchy":[]},"links":[[[{"start":0,"end":6,"url":null,"entity_id":"Q35397","candidates":[]}],[{"start":0,"end":15,"url":null,"entity_id":"Q15229151","candidates":[]}],[{"start":0,"end":21,"url":null,"entity_id":"Q7888721","candidates":[]}]],[[{"start":0,"end":8,"url":null,"entity_id":"Q56638","candidates":[]}],[{"start":0,"end":20,"url":null,"entity_id":"Q4827766","candidates":[]}],[{"start":0,"end":21,"url":null,"entity_id":"Q7888721","candidates":[]}]],[[{"start":0,"end":8,"url":null,"entity_id":"Q56567","candidates":[]}],[{"start":0,"end":20,"url":null,"entity_id":"Q4827766","candidates":[]}],[{"start":0,"end":21,"url":null,"entity_id":"Q7888721","candidates":[]}]],[[{"start":0,"end":7,"url":null,"entity_id":"Q56560","candidates":[]}],[{"start":0,"end":20,"url":null,"entity_id":"Q4827766","candidates":[]}],[{"start":0,"end":21,"url":null,"entity_id":"Q7888721","candidates":[]}]],[[{"start":0,"end":17,"url":null,"entity_id":"Q56515","candidates":[]}],[{"start":0,"end":20,"url":null,"entity_id":"Q4827766","candidates":[]}],[{"start":0,"end":21,"url":null,"entity_id":"Q7888721","candidates":[]}]],[[{"start":0,"end":5,"url":null,"entity_id":"Q36860","candidates":[]}],[{"start":0,"end":20,"url":null,"entity_id":"Q4827766","candidates":[]}],[{"start":0,"end":21,"url":null,"entity_id":"Q7888721","candidates":[]}]],[[{"start":0,"end":5,"url":null,"entity_id":"Q35861","candidates":[]}],[{"start":0,"end":16,"url":null,"entity_id":"Q2144370","candidates":[]}],[{"start":0,"end":21,"url":null,"entity_id":"Q7888721","candidates":[]}]],[[{"start":0,"end":6,"url":null,"entity_id":"Q56636","candidates":[]}],[{"start":0,"end":15,"url":null,"entity_id":"Q492152","candidates":[]}],[{"start":0,"end":21,"url":null,"entity_id":"Q7888721","candidates":[]}]],[[{"start":0,"end":7,"url":null,"entity_id":"Q56423","candidates":[]}],[{"start":0,"end":15,"url":null,"entity_id":"Q492152","candidates":[]}],[{"start":0,"end":21,"url":null,"entity_id":"Q7888721","candidates":[]}]],[[{"start":0,"end":9,"url":null,"entity_id":"Q35527","candidates":[]}],[{"start":0,"end":25,"url":null,"entity_id":"Q147576","candidates":[]}],[{"start":0,"end":19,"url":null,"entity_id":"Q651641","candidates":[]}]],[[{"start":0,"end":8,"url":null,"entity_id":"Q35603","candidates":[]}],[{"start":0,"end":24,"url":null,"entity_id":"Q149946","candidates":[]}],[{"start":0,"end":17,"url":null,"entity_id":"Q318917","candidates":[]}]],[[{"start":0,"end":5,"url":null,"entity_id":"Q2304583","candidates":[]}],[{"start":0,"end":12,"url":null,"entity_id":"Q56809813","candidates":[]}],[{"start":0,"end":22,"url":null,"entity_id":"Q171263","candidates":[]}]],[[{"start":0,"end":13,"url":null,"entity_id":"Q3307204","candidates":[]}],[{"start":0,"end":19,"url":null,"entity_id":"Q16242307","candidates":[]}],[{"start":0,"end":22,"url":null,"entity_id":"Q171263","candidates":[]}]],[[{"start":0,"end":15,"url":null,"entity_id":"Q1941682","candidates":[]}],[{"start":0,"end":21,"url":null,"entity_id":"Q7265246","candidates":[]}],[{"start":0,"end":22,"url":null,"entity_id":"Q171263","candidates":[]}]],[[{"start":0,"end":8,"url":null,"entity_id":"Q2919121","candidates":[]}],[{"start":0,"end":26,"url":null,"entity_id":"Q3515103","candidates":[]}],[{"start":0,"end":22,"url":null,"entity_id":"Q171263","candidates":[]}]],[[{"start":0,"end":10,"url":null,"entity_id":"Q28466","candidates":[]}],[{"start":0,"end":26,"url":null,"entity_id":"Q3515103","candidates":[]}],[{"start":0,"end":22,"url":null,"entity_id":"Q171263","candidates":[]}]],[[{"start":0,"end":5,"url":null,"entity_id":"Q332792","candidates":[]}],[{"start":0,"end":19,"url":null,"entity_id":"Q2606732","candidates":[]}],[{"start":0,"end":22,"url":null,"entity_id":"Q171263","candidates":[]}]],[[{"start":0,"end":6,"url":null,"entity_id":"Q56564","candidates":[]}],[{"start":0,"end":16,"url":null,"entity_id":"Q1651530","candidates":[]}],[{"start":0,"end":22,"url":null,"entity_id":"Q171263","candidates":[]}]],[[{"start":0,"end":17,"url":null,"entity_id":"Q56425","candidates":[]}],[{"start":0,"end":16,"url":null,"entity_id":"Q1651530","candidates":[]}],[{"start":0,"end":22,"url":null,"entity_id":"Q171263","candidates":[]}]],[[{"start":0,"end":5,"url":null,"entity_id":"Q33283","candidates":[]}],[{"start":0,"end":16,"url":null,"entity_id":"Q1651530","candidates":[]}],[{"start":0,"end":22,"url":null,"entity_id":"Q171263","candidates":[]}]]]}