{"version":"1.2","table":{"version":"2","table_id":"4OCJI82N","columns":[{"index":0,"name":"col0","values":["Monte Carlo","Zookeeper","Yogi Bear","The Song Remains the Same","Children of Heaven","Dreamer","La Grande Vadrouille","Groundhog Day","McLintock!","Honeymoon in Vegas","The Thief of Bagdad","Angel and the Badman","Go West","Vengeance Valley","The Big Store","Animals Are Beautiful People","Into Great Silence","Spy Kids","Lassie","Teacher's Pet"]},{"index":1,"name":"col1","values":["Jeffrey Ford","Scott Hill","Kent Beyda","Humphrey Dixon","Hassan Hassandoost","David Rosenbloom","Albert Jurgenson","Pembroke J. Herring","Otho Lovering","Barry Malkin","Charles Crichton","Harry Keller","Blanche Sewell","Conrad A. Nervig","Conrad A. Nervig","Jamie Uys","Philip Gröning","Robert Rodriguez","Peter Coulson","Alma Macrorie"]},{"index":2,"name":"col2","values":["Category I","Category I","Category I","Category I","Category I","Category I","Category I","Category I","Category I","Category I","Category I","Category I","Category I","Category I","Category I","Category I","Category I","Category I","Category I","Category I"]}]},"context":{"page_title":null,"page_url":null,"page_entity_id":null,"content_hierarchy":[]},"links":[[[{"start":0,"end":11,"url":null,"entity_id":"Q550248","candidates":[]}],[{"start":0,"end":12,"url":null,"entity_id":"Q11309299","candidates":[]}],[{"start":0,"end":10,"url":null,"entity_id":"Q23830576","candidates":[]}]],[[{"start":0,"end":9,"url":null,"entity_id":"Q477070","candidates":[]}],[{"start":0,"end":10,"url":null,"entity_id":"Q9075235","candidates":[]}],[{"start":0,"end":10,"url":null,"entity_id":"Q23830576","candidates":[]}]],[[{"start":0,"end":9,"url":null,"entity_id":"Q570271","candidates":[]}],[{"start":0,"end":10,"url":null,"entity_id":"Q6391622","candidates":[]}],[{"start":0,"end":10,"url":null,"entity_id":"Q23830576","candidates":[]}]],[[{"start":0,"end":25,"url":null,"entity_id":"Q510381","candidates":[]}],[{"start":0,"end":14,"url":null,"entity_id":"Q5941371","candidates":[]}],[{"start":0,"end":10,"url":null,"entity_id":"Q23830576","candidates":[]}]],[[{"start":0,"end":18,"url":null,"entity_id":"Q339804","candidates":[]}],[{"start":0,"end":18,"url":null,"entity_id":"Q5938819","candidates":[]}],[{"start":0,"end":10,"url":null,"entity_id":"Q23830576","candidates":[]}]],[[{"start":0,"end":7,"url":null,"entity_id":"Q625488","candidates":[]}],[{"start":0,"end":16,"url":null,"entity_id":"Q3018722","candidates":[]}],[{"start":0,"end":10,"url":null,"entity_id":"Q23830576","candidates":[]}]],[[{"start":0,"end":20,"url":null,"entity_id":"Q487789","candidates":[]}],[{"start":0,"end":16,"url":null,"entity_id":"Q2577191","candidates":[]}],[{"start":0,"end":10,"url":null,"entity_id":"Q23830576","candidates":[]}]],[[{"start":0,"end":13,"url":null,"entity_id":"Q488655","candidates":[]}],[{"start":0,"end":19,"url":null,"entity_id":"Q2068483","candidates":[]}],[{"start":0,"end":10,"url":null,"entity_id":"Q23830576","candidates":[]}]],[[{"start":0,"end":10,"url":null,"entity_id":"Q530507","candidates":[]}],[{"start":0,"end":13,"url":null,"entity_id":"Q2036992","candidates":[]}],[{"start":0,"end":10,"url":null,"entity_id":"Q23830576","candidates":[]}]],[[{"start":0,"end":18,"url":null,"entity_id":"Q426266","candidates":[]}],[{"start":0,"end":12,"url":null,"entity_id":"Q809066","candidates":[]}],[{"start":0,"end":10,"url":null,"entity_id":"Q23830576","candidates":[]}]],[[{"start":0,"end":19,"url":null,"entity_id":"Q463716","candidates":[]}],[{"start":0,"end":16,"url":null,"entity_id":"Q727753","candidates":[]}],[{"start":0,"end":10,"url":null,"entity_id":"Q23830576","candidates":[]}]],[[{"start":0,"end":20,"url":null,"entity_id":"Q645771","candidates":[]}],[{"start":0,"end":12,"url":null,"entity_id":"Q654897","candidates":[]}],[{"start":0,"end":10,"url":null,"entity_id":"Q23830576","candidates":[]}]],[[{"start":0,"end":7,"url":null,"entity_id":"Q427090","candidates":[]}],[{"start":0,"end":14,"url":null,"entity_id":"Q509759","candidates":[]}],[{"start":0,"end":10,"url":null,"entity_id":"Q23830576","candidates":[]}]],[[{"start":0,"end":16,"url":null,"entity_id":"Q542215","candidates":[]}],[{"start":0,"end":16,"url":null,"entity_id":"Q509635","candidates":[]}],[{"start":0,"end":10,"url":null,"entity_id":"Q23830576","candidates":[]}]],[[{"start":0,"end":13,"url":null,"entity_id":"Q371413","candidates":[]}],[{"start":0,"end":16,"url":null,"entity_id":"Q509635","candidates":[]}],[{"start":0,"end":10,"url":null,"entity_id":"Q23830576","candidates":[]}]],[[{"start":0,"end":28,"url":null,"entity_id":"Q493416","candidates":[]}],[{"start":0,"end":9,"url":null,"entity_id":"Q277663","candidates":[]}],[{"start":0,"end":10,"url":null,"entity_id":"Q23830576","candidates":[]}]],[[{"start":0,"end":18,"url":null,"entity_id":"Q569372","candidates":[]}],[{"start":0,"end":14,"url":null,"entity_id":"Q72014","candidates":[]}],[{"start":0,"end":10,"url":null,"entity_id":"Q23830576","candidates":[]}]],[[{"start":0,"end":8,"url":null,"entity_id":"Q550581","candidates":[]}],[{"start":0,"end":16,"url":null,"entity_id":"Q47284","candidates":[]}],[{"start":0,"end":10,"url":null,"entity_id":"Q23830576","candidates":[]}]],[[{"start":0,"end":6,"url":null,"entity_id":"Q1567731","candidates":[]}],[{"start":0,"end":13,"url":null,"entity_id":"Q18392511","candidates":[]}],[{"start":0,"end":10,"url":null,"entity_id":"Q23830576","candidates":[]}]],[[{"start":0,"end":13,"url":null,"entity_id":"Q1781998","candidates":[]}],[{"start":0,"end":13,"url":null,"entity_id":"Q6516309","candidates":[]}],[{"start":0,"end":10,"url":null,"entity_id":"Q23830576","candidates":[]}]]]}