{"version":"1.2","table":{"version":"2","table_id":"4PDTFS1U","columns":[{"index":0,"name":"col0","values":["Ovfrdammen","Tupnelgatan","Riddarhusgrçqd","Snareade","Mikkel Bryggers!Gade","Nagstræde","Sdhacksgade","Rosengårde","Silkegae","Strupā svreet","Qļu gate","Rozen street","Myptgaan","Bälgatan","Breitenfeldsgaan","Xerdandigatan","Vēsoas street (Riga)","Daugaas gate","Dmawu street","Tsta gatbn"]},{"index":1,"name":"col1","values":["Ribe","Norrmalm","Gamla stan","Indre By","Indre By","Indre By","Indre By","Indre By","Indre By","Teika","Vecrīga","Vecrīga","Gamla stan","Östermalm","Östermalm","Östermalm","Purvciems","Vecrīga","Vecrīga","Östermalm"]},{"index":2,"name":"col2","values":["110.0","100.29999999999998","100.89999999999999","100.8","99.8","99.0","105.21","105.52499999999999","105.42","101.707","92.721","91.632","91.908","92.256","92.92","99.2","98.307","96.768","96.768","96.672"]}]},"context":{"page_title":null,"page_url":null,"page_entity_id":null,"content_hierarchy":[]},"links":[[[{"start":0,"end":10,"url":null,"entity_id":"Q80094694","candidates":[]}],[{"start":0,"end":4,"url":null,"entity_id":"Q322361","candidates":[]}],[]],[[{"start":0,"end":11,"url":null,"entity_id":"Q1163704","candidates":[]}],[{"start":0,"end":8,"url":null,"entity_id":"Q1026676","candidates":[]}],[]],[[{"start":0,"end":14,"url":null,"entity_id":"Q7332356","candidates":[]}],[{"start":0,"end":10,"url":null,"entity_id":"Q579854","candidates":[]}],[]],[[{"start":0,"end":8,"url":null,"entity_id":"Q12336190","candidates":[]}],[{"start":0,"end":8,"url":null,"entity_id":"Q367402","candidates":[]}],[]],[[{"start":0,"end":20,"url":null,"entity_id":"Q12327148","candidates":[]}],[{"start":0,"end":8,"url":null,"entity_id":"Q367402","candidates":[]}],[]],[[{"start":0,"end":9,"url":null,"entity_id":"Q12325741","candidates":[]}],[{"start":0,"end":8,"url":null,"entity_id":"Q367402","candidates":[]}],[]],[[{"start":0,"end":11,"url":null,"entity_id":"Q77267251","candidates":[]}],[{"start":0,"end":8,"url":null,"entity_id":"Q367402","candidates":[]}],[]],[[{"start":0,"end":10,"url":null,"entity_id":"Q62561066","candidates":[]}],[{"start":0,"end":8,"url":null,"entity_id":"Q367402","candidates":[]}],[]],[[{"start":0,"end":8,"url":null,"entity_id":"Q12335325","candidates":[]}],[{"start":0,"end":8,"url":null,"entity_id":"Q367402","candidates":[]}],[]],[[{"start":0,"end":13,"url":null,"entity_id":"Q27987411","candidates":[]}],[{"start":0,"end":5,"url":null,"entity_id":"Q1974788","candidates":[]}],[]],[[{"start":0,"end":8,"url":null,"entity_id":"Q18409794","candidates":[]}],[{"start":0,"end":7,"url":null,"entity_id":"Q1026415","candidates":[]}],[]],[[{"start":0,"end":12,"url":null,"entity_id":"Q17563000","candidates":[]}],[{"start":0,"end":7,"url":null,"entity_id":"Q1026415","candidates":[]}],[]],[[{"start":0,"end":8,"url":null,"entity_id":"Q10591867","candidates":[]}],[{"start":0,"end":10,"url":null,"entity_id":"Q579854","candidates":[]}],[]],[[{"start":0,"end":8,"url":null,"entity_id":"Q28052489","candidates":[]}],[{"start":0,"end":9,"url":null,"entity_id":"Q298489","candidates":[]}],[]],[[{"start":0,"end":16,"url":null,"entity_id":"Q10435087","candidates":[]}],[{"start":0,"end":9,"url":null,"entity_id":"Q298489","candidates":[]}],[]],[[{"start":0,"end":13,"url":null,"entity_id":"Q63922501","candidates":[]}],[{"start":0,"end":9,"url":null,"entity_id":"Q298489","candidates":[]}],[]],[[{"start":0,"end":20,"url":null,"entity_id":"Q27987434","candidates":[]}],[{"start":0,"end":9,"url":null,"entity_id":"Q1974349","candidates":[]}],[]],[[{"start":0,"end":12,"url":null,"entity_id":"Q21654069","candidates":[]}],[{"start":0,"end":7,"url":null,"entity_id":"Q1026415","candidates":[]}],[]],[[{"start":0,"end":12,"url":null,"entity_id":"Q17495087","candidates":[]}],[{"start":0,"end":7,"url":null,"entity_id":"Q1026415","candidates":[]}],[]],[[{"start":0,"end":10,"url":null,"entity_id":"Q10707853","candidates":[]}],[{"start":0,"end":9,"url":null,"entity_id":"Q298489","candidates":[]}],[]]]}