{"version":"1.2","table":{"version":"2","table_id":"4QBJJPN6","columns":[{"index":0,"name":"col0","values":["Eurovision Song Contest 2013","Eurovision Song Contest 1962","Eurovision Song Contest 1982","Eurovision Song Contest 1966","Eurovision Song Contest 1967","Eurovision Song Contest 1994","Eurovision Song Contest 1995","Eurovision Song Contest 1977","Eurovision Song Contest 1964","Eurovision Song Contest 2001","Eurovision Song Contest 1992","Eurovision Song Contest 1981","Eurovision Song Contest 1980","Eurovision Song Contest 1969","Eurovision Song Contest 2010","Eurovision Song Contest 2002","Eurovision Song Contest 1998","Eurovision Song Contest 1999","Eurovision Song Contest 1965","Eurovision Song Contest 2004"]},{"index":1,"name":"col1","values":["Emmelie de Forest","Isabelle Aubret","Nicole","Udo Jürgens","Sandie Shaw","Paul Harrington","Secret Garden","Marie Myriam","Gigliola Cinquetti","Tanel Padar","Linda Martin","Bucks Fizz","Johnny Logan","Lulu","Lena Meyer-Landrut","Marija Naumova","Dana International","Charlotte Perrelli","Luxembourg in the Eurovision Song Contest 1965","Ruslana"]},{"index":2,"name":"col2","values":["Petra Mede","Mireille Delannoy","Jan Leeming","Josiane Shen","Erica Vaal","Cynthia Ní Mhurchú","Mary Kennedy","Angela Rippon","Lotte Wæver","Natasja Crone Back","Lydia Cappolicchio","Doireann Ní Bhriain","Marlous Fluitsma","Laurita Valenzuela","Erik Solbakken","Annely Peebo","Ulrika Jonsson","Dafna Dekel","Renata Mauro","Meltem Cumbul"]}]},"context":{"page_title":null,"page_url":null,"page_entity_id":null,"content_hierarchy":[]},"links":[[[{"start":0,"end":28,"url":null,"entity_id":"Q10162","candidates":[]}],[{"start":0,"end":17,"url":null,"entity_id":"Q3720656","candidates":[]}],[{"start":0,"end":10,"url":null,"entity_id":"Q3809242","candidates":[]}]],[[{"start":0,"end":28,"url":null,"entity_id":"Q203254","candidates":[]}],[{"start":0,"end":15,"url":null,"entity_id":"Q229359","candidates":[]}],[{"start":0,"end":17,"url":null,"entity_id":"Q1938069","candidates":[]}]],[[{"start":0,"end":28,"url":null,"entity_id":"Q211469","candidates":[]}],[{"start":0,"end":6,"url":null,"entity_id":"Q236061","candidates":[]}],[{"start":0,"end":11,"url":null,"entity_id":"Q1682007","candidates":[]}]],[[{"start":0,"end":28,"url":null,"entity_id":"Q207889","candidates":[]}],[{"start":0,"end":11,"url":null,"entity_id":"Q155236","candidates":[]}],[{"start":0,"end":12,"url":null,"entity_id":"Q1427676","candidates":[]}]],[[{"start":0,"end":28,"url":null,"entity_id":"Q205192","candidates":[]}],[{"start":0,"end":11,"url":null,"entity_id":"Q229356","candidates":[]}],[{"start":0,"end":10,"url":null,"entity_id":"Q1351824","candidates":[]}]],[[{"start":0,"end":28,"url":null,"entity_id":"Q211484","candidates":[]}],[{"start":0,"end":15,"url":null,"entity_id":"Q510093","candidates":[]}],[{"start":0,"end":18,"url":null,"entity_id":"Q926087","candidates":[]}]],[[{"start":0,"end":28,"url":null,"entity_id":"Q209678","candidates":[]}],[{"start":0,"end":13,"url":null,"entity_id":"Q187576","candidates":[]}],[{"start":0,"end":12,"url":null,"entity_id":"Q524183","candidates":[]}]],[[{"start":0,"end":28,"url":null,"entity_id":"Q211494","candidates":[]}],[{"start":0,"end":12,"url":null,"entity_id":"Q236053","candidates":[]}],[{"start":0,"end":13,"url":null,"entity_id":"Q513361","candidates":[]}]],[[{"start":0,"end":28,"url":null,"entity_id":"Q203983","candidates":[]}],[{"start":0,"end":18,"url":null,"entity_id":"Q229295","candidates":[]}],[{"start":0,"end":11,"url":null,"entity_id":"Q512926","candidates":[]}]],[[{"start":0,"end":28,"url":null,"entity_id":"Q11062","candidates":[]}],[{"start":0,"end":11,"url":null,"entity_id":"Q343318","candidates":[]}],[{"start":0,"end":18,"url":null,"entity_id":"Q512320","candidates":[]}]],[[{"start":0,"end":28,"url":null,"entity_id":"Q211487","candidates":[]}],[{"start":0,"end":12,"url":null,"entity_id":"Q237570","candidates":[]}],[{"start":0,"end":18,"url":null,"entity_id":"Q510390","candidates":[]}]],[[{"start":0,"end":28,"url":null,"entity_id":"Q211752","candidates":[]}],[{"start":0,"end":10,"url":null,"entity_id":"Q839831","candidates":[]}],[{"start":0,"end":19,"url":null,"entity_id":"Q467418","candidates":[]}]],[[{"start":0,"end":28,"url":null,"entity_id":"Q213942","candidates":[]}],[{"start":0,"end":12,"url":null,"entity_id":"Q298559","candidates":[]}],[{"start":0,"end":16,"url":null,"entity_id":"Q462787","candidates":[]}]],[[{"start":0,"end":28,"url":null,"entity_id":"Q203329","candidates":[]}],[{"start":0,"end":4,"url":null,"entity_id":"Q229716","candidates":[]}],[{"start":0,"end":18,"url":null,"entity_id":"Q462422","candidates":[]}]],[[{"start":0,"end":28,"url":null,"entity_id":"Q10158","candidates":[]}],[{"start":0,"end":18,"url":null,"entity_id":"Q7013","candidates":[]}],[{"start":0,"end":14,"url":null,"entity_id":"Q460999","candidates":[]}]],[[{"start":0,"end":28,"url":null,"entity_id":"Q10146","candidates":[]}],[{"start":0,"end":14,"url":null,"entity_id":"Q229366","candidates":[]}],[{"start":0,"end":12,"url":null,"entity_id":"Q458013","candidates":[]}]],[[{"start":0,"end":28,"url":null,"entity_id":"Q202110","candidates":[]}],[{"start":0,"end":18,"url":null,"entity_id":"Q201204","candidates":[]}],[{"start":0,"end":14,"url":null,"entity_id":"Q457997","candidates":[]}]],[[{"start":0,"end":28,"url":null,"entity_id":"Q11117","candidates":[]}],[{"start":0,"end":18,"url":null,"entity_id":"Q180836","candidates":[]}],[{"start":0,"end":11,"url":null,"entity_id":"Q455888","candidates":[]}]],[[{"start":0,"end":28,"url":null,"entity_id":"Q203975","candidates":[]}],[{"start":0,"end":46,"url":null,"entity_id":"Q6706279","candidates":[]}],[{"start":0,"end":12,"url":null,"entity_id":"Q451712","candidates":[]}]],[[{"start":0,"end":28,"url":null,"entity_id":"Q10150","candidates":[]}],[{"start":0,"end":7,"url":null,"entity_id":"Q129119","candidates":[]}],[{"start":0,"end":13,"url":null,"entity_id":"Q448164","candidates":[]}]]]}