{"version":"1.2","table":{"version":"2","table_id":"4RNF8DYJ","columns":[{"index":0,"name":"col0","values":["Eguchi no kimi-dō","Shin-kiyomizu momiji-zaka taki","Kizugawa-guchi senbon-matsu","Shirinashi urushizutsumi jinbē","Kita no daiyū-ji","Shōman-in aizen-dō","Jūsō nakamichi","Sumiyoshi honsha","Sumiyoshi sori-bashi","Sumiyoshi godairiki","Kinjō no baba","Kyōbashi","Shitennō-ji garan","Shitennō-ji","Ikutama benten-ike yoru no kei","Ikutama emadō","Imamiya ebisu no miya","Tenjin-matsuri yūkei","Tenpō-zan","Mitate (Parody) of Ono no Tofu (Famous calligrapher of the Heian period)"]},{"index":1,"name":"col1","values":["Museum of Fine Arts, Boston","Museum of Fine Arts, Boston","Museum of Fine Arts, Boston","Museum of Fine Arts, Boston","Museum of Fine Arts, Boston","Museum of Fine Arts, Boston","Museum of Fine Arts, Boston","Museum of Fine Arts, Boston","Museum of Fine Arts, Boston","Museum of Fine Arts, Boston","Museum of Fine Arts, Boston","Museum of Fine Arts, Boston","Museum of Fine Arts, Boston","Museum of Fine Arts, Boston","Museum of Fine Arts, Boston","Museum of Fine Arts, Boston","Museum of Fine Arts, Boston","Museum of Fine Arts, Boston","Museum of Fine Arts, Boston","Tokyo National Museum"]},{"index":2,"name":"col2","values":["Jakkō-ji","Kiyomizudera","Kizu River","Shirinashigawa","Taiyū-ji","Shōman-in","Jūsō","Sumiyoshi taisha","Sumiyoshi taisha","Sumiyoshi taisha","Osaka Castle","Kyōbashi","Shitennō-ji","Shitennō-ji","Ikukunitama Shrine","Ikukunitama Shrine","Imamiya Ebisu Shrine","Osaka Tenjin Festival","Mount Tenpō","exertion"]}]},"context":{"page_title":null,"page_url":null,"page_entity_id":null,"content_hierarchy":[]},"links":[[[{"start":0,"end":17,"url":null,"entity_id":"Q60807292","candidates":[]}],[{"start":0,"end":27,"url":null,"entity_id":"Q49133","candidates":[]}],[{"start":0,"end":8,"url":null,"entity_id":"Q60963353","candidates":[]}]],[[{"start":0,"end":30,"url":null,"entity_id":"Q60807355","candidates":[]}],[{"start":0,"end":27,"url":null,"entity_id":"Q49133","candidates":[]}],[{"start":0,"end":12,"url":null,"entity_id":"Q11560915","candidates":[]}]],[[{"start":0,"end":27,"url":null,"entity_id":"Q60807313","candidates":[]}],[{"start":0,"end":27,"url":null,"entity_id":"Q49133","candidates":[]}],[{"start":0,"end":10,"url":null,"entity_id":"Q11519216","candidates":[]}]],[[{"start":0,"end":30,"url":null,"entity_id":"Q60807353","candidates":[]}],[{"start":0,"end":27,"url":null,"entity_id":"Q49133","candidates":[]}],[{"start":0,"end":14,"url":null,"entity_id":"Q11464889","candidates":[]}]],[[{"start":0,"end":16,"url":null,"entity_id":"Q60807306","candidates":[]}],[{"start":0,"end":27,"url":null,"entity_id":"Q49133","candidates":[]}],[{"start":0,"end":8,"url":null,"entity_id":"Q11444501","candidates":[]}]],[[{"start":0,"end":18,"url":null,"entity_id":"Q60807349","candidates":[]}],[{"start":0,"end":27,"url":null,"entity_id":"Q49133","candidates":[]}],[{"start":0,"end":9,"url":null,"entity_id":"Q11400541","candidates":[]}]],[[{"start":0,"end":14,"url":null,"entity_id":"Q60807345","candidates":[]}],[{"start":0,"end":27,"url":null,"entity_id":"Q49133","candidates":[]}],[{"start":0,"end":4,"url":null,"entity_id":"Q6322366","candidates":[]}]],[[{"start":0,"end":16,"url":null,"entity_id":"Q60807373","candidates":[]}],[{"start":0,"end":27,"url":null,"entity_id":"Q49133","candidates":[]}],[{"start":0,"end":16,"url":null,"entity_id":"Q705949","candidates":[]}]],[[{"start":0,"end":20,"url":null,"entity_id":"Q60807370","candidates":[]}],[{"start":0,"end":27,"url":null,"entity_id":"Q49133","candidates":[]}],[{"start":0,"end":16,"url":null,"entity_id":"Q705949","candidates":[]}]],[[{"start":0,"end":19,"url":null,"entity_id":"Q60807366","candidates":[]}],[{"start":0,"end":27,"url":null,"entity_id":"Q49133","candidates":[]}],[{"start":0,"end":16,"url":null,"entity_id":"Q705949","candidates":[]}]],[[{"start":0,"end":13,"url":null,"entity_id":"Q60807316","candidates":[]}],[{"start":0,"end":27,"url":null,"entity_id":"Q49133","candidates":[]}],[{"start":0,"end":12,"url":null,"entity_id":"Q321242","candidates":[]}]],[[{"start":0,"end":8,"url":null,"entity_id":"Q60807314","candidates":[]}],[{"start":0,"end":27,"url":null,"entity_id":"Q49133","candidates":[]}],[{"start":0,"end":8,"url":null,"entity_id":"Q1112927","candidates":[]}]],[[{"start":0,"end":17,"url":null,"entity_id":"Q60807340","candidates":[]}],[{"start":0,"end":27,"url":null,"entity_id":"Q49133","candidates":[]}],[{"start":0,"end":11,"url":null,"entity_id":"Q339859","candidates":[]}]],[[{"start":0,"end":11,"url":null,"entity_id":"Q60807337","candidates":[]}],[{"start":0,"end":27,"url":null,"entity_id":"Q49133","candidates":[]}],[{"start":0,"end":11,"url":null,"entity_id":"Q339859","candidates":[]}]],[[{"start":0,"end":30,"url":null,"entity_id":"Q60807278","candidates":[]}],[{"start":0,"end":27,"url":null,"entity_id":"Q49133","candidates":[]}],[{"start":0,"end":18,"url":null,"entity_id":"Q11574477","candidates":[]}]],[[{"start":0,"end":13,"url":null,"entity_id":"Q60807277","candidates":[]}],[{"start":0,"end":27,"url":null,"entity_id":"Q49133","candidates":[]}],[{"start":0,"end":18,"url":null,"entity_id":"Q11574477","candidates":[]}]],[[{"start":0,"end":21,"url":null,"entity_id":"Q60807282","candidates":[]}],[{"start":0,"end":27,"url":null,"entity_id":"Q49133","candidates":[]}],[{"start":0,"end":20,"url":null,"entity_id":"Q11376859","candidates":[]}]],[[{"start":0,"end":20,"url":null,"entity_id":"Q60807387","candidates":[]}],[{"start":0,"end":27,"url":null,"entity_id":"Q49133","candidates":[]}],[{"start":0,"end":21,"url":null,"entity_id":"Q5371810","candidates":[]}]],[[{"start":0,"end":9,"url":null,"entity_id":"Q60807390","candidates":[]}],[{"start":0,"end":27,"url":null,"entity_id":"Q49133","candidates":[]}],[{"start":0,"end":11,"url":null,"entity_id":"Q871464","candidates":[]}]],[[{"start":0,"end":72,"url":null,"entity_id":"Q65556445","candidates":[]}],[{"start":0,"end":21,"url":null,"entity_id":"Q653433","candidates":[]}],[{"start":0,"end":8,"url":null,"entity_id":"Q14536140","candidates":[]}]]]}