[{"version":1,"nodes":[{"col_index":0,"label":"col0","id":0},{"col_index":1,"label":"col1","id":1},{"col_index":2,"label":"col2","id":2},{"col_index":3,"label":"col3","id":3},{"abs_uri":"http://www.wikidata.org/entity/Q571","rel_uri":"wd:Q571","approximation":false,"readable_label":"book (Q571)","id":4}],"edges":[{"source":4,"target":0,"abs_uri":"http://www.w3.org/2000/01/rdf-schema#label","rel_uri":"rdfs:label","approximation":false,"readable_label":"rdfs:label","id":0},{"source":4,"target":2,"abs_uri":"http://www.wikidata.org/prop/P921","rel_uri":"p:P921","approximation":false,"readable_label":"main subject (P921)","id":1},{"source":4,"target":3,"abs_uri":"http://www.wikidata.org/prop/P407","rel_uri":"p:P407","approximation":false,"readable_label":"language of work or name (P407)","id":2},{"source":4,"target":1,"abs_uri":"http://www.wikidata.org/prop/P1104","rel_uri":"p:P1104","approximation":false,"readable_label":"number of pages (P1104)","id":3}]}]