[{"version":1,"nodes":[{"col_index":0,"label":"col0","id":0},{"col_index":1,"label":"col1","id":1},{"col_index":2,"label":"col2","id":2},{"abs_uri":"http://www.wikidata.org/entity/Q785745","rel_uri":"wd:Q785745","approximation":false,"readable_label":"tank locomotive (Q785745)","id":3},{"abs_uri":"http://www.wikidata.org/entity/Q672593","rel_uri":"wd:Q672593","approximation":false,"readable_label":"wheel arrangement (Q672593)","id":4}],"edges":[{"source":3,"target":0,"abs_uri":"http://www.w3.org/2000/01/rdf-schema#label","rel_uri":"rdfs:label","approximation":false,"readable_label":"rdfs:label","id":0},{"source":4,"target":1,"abs_uri":"http://www.w3.org/2000/01/rdf-schema#label","rel_uri":"rdfs:label","approximation":false,"readable_label":"rdfs:label","id":1},{"source":3,"target":4,"abs_uri":"http://www.wikidata.org/prop/P2978","rel_uri":"p:P2978","approximation":false,"readable_label":"wheel arrangement (P2978)","id":2},{"source":3,"target":2,"abs_uri":"http://www.wikidata.org/prop/P131","rel_uri":"p:P131","approximation":false,"readable_label":"located in the administrative territorial entity (P131)","id":3}]}]