[{"version":1,"nodes":[{"col_index":0,"label":"col0","id":0},{"col_index":1,"label":"col1","id":1},{"col_index":2,"label":"col2","id":2},{"col_index":3,"label":"col3","id":3},{"abs_uri":"http://www.wikidata.org/entity/Q15057021","rel_uri":"wd:Q15057021","approximation":false,"readable_label":"engine model (Q15057021)","id":4}],"edges":[{"source":4,"target":0,"abs_uri":"http://www.w3.org/2000/01/rdf-schema#label","rel_uri":"rdfs:label","approximation":false,"readable_label":"rdfs:label","id":0},{"source":4,"target":1,"abs_uri":"http://www.wikidata.org/prop/P2556","rel_uri":"p:P2556","approximation":false,"readable_label":"bore (P2556)","id":1},{"source":4,"target":2,"abs_uri":"http://www.wikidata.org/prop/P2557","rel_uri":"p:P2557","approximation":false,"readable_label":"stroke (P2557)","id":2},{"source":4,"target":3,"abs_uri":"http://www.wikidata.org/prop/P1100","rel_uri":"p:P1100","approximation":false,"readable_label":"number of cylinders (P1100)","id":3}]}]