[{"version":1,"nodes":[{"col_index":0,"label":"col0","id":0},{"col_index":1,"label":"col1","id":1},{"col_index":2,"label":"col2","id":2},{"abs_uri":"http://www.wikidata.org/entity/Q2154519","rel_uri":"wd:Q2154519","approximation":false,"readable_label":"astrophysical X-ray source (Q2154519)","id":3}],"edges":[{"source":3,"target":0,"abs_uri":"http://www.w3.org/2000/01/rdf-schema#label","rel_uri":"rdfs:label","approximation":false,"readable_label":"rdfs:label","id":0},{"source":3,"target":1,"abs_uri":"http://www.wikidata.org/prop/P881","rel_uri":"p:P881","approximation":false,"readable_label":"type of variable star (P881)","id":1},{"source":3,"target":2,"abs_uri":"http://www.wikidata.org/prop/P6258","rel_uri":"p:P6258","approximation":false,"readable_label":"declination (P6258)","id":2}]}]