[{"version":1,"nodes":[{"col_index":0,"label":"col0","id":0},{"col_index":1,"label":"col1","id":1},{"col_index":2,"label":"col2","id":2},{"col_index":3,"label":"col3","id":3},{"abs_uri":"http://www.wikidata.org/entity/Q21009057","rel_uri":"wd:Q21009057","approximation":false,"readable_label":"Class II combustible liquid (Q21009057)","id":4}],"edges":[{"source":4,"target":0,"abs_uri":"http://www.w3.org/2000/01/rdf-schema#label","rel_uri":"rdfs:label","approximation":false,"readable_label":"rdfs:label","id":0},{"source":4,"target":1,"abs_uri":"http://www.wikidata.org/prop/P2102","rel_uri":"p:P2102","approximation":false,"readable_label":"boiling point (P2102)","id":1},{"source":4,"target":2,"abs_uri":"http://www.wikidata.org/prop/P2128","rel_uri":"p:P2128","approximation":false,"readable_label":"flash point (P2128)","id":2},{"source":4,"target":3,"abs_uri":"http://www.wikidata.org/prop/P2129","rel_uri":"p:P2129","approximation":false,"readable_label":"immediately dangerous to life or health (P2129)","id":3}]}]