{"version":"1.2","table":{"version":"2","table_id":"UJQRYV3H","columns":[{"index":0,"name":"col0","values":["Paris-Gare de Lyon","Gare du Nord","gare Saint-Lazare","Wien Hauptbahnhof","Winterthur railway station","Zurich Stadelhofen railway station","Basel Badischer Bahnhof","Bolzano/Bozen railway station","Turku Central railway station","Bøler","Besserud","Chhatrapati Shivaji Maharaj Terminus","Frankfurt East station","Göttingen station","Zürich Hauptbahnhof","Como San Giovanni railway station","Espoo railway station","Berlin Südkreuz station","Berlin Sonnenallee station","Friedrichshafen Stadt station"]},{"index":1,"name":"col1","values":["Marius Toudoire","Jacques Ignace Hittorff","Eugène Flachat","Theo Hotz","Jakob Friedrich Wanner","Santiago Calatrava","Karl Moser","Luigi Negrelli","Martti Välikangas","P A M Mellbye","Paul Due","Frederick William Stevens","Karl Radlbeck","Conrad Wilhelm Hase","Jakob Friedrich Wanner","Paolo Perilli","Bruno Granholm","JSK Architekten","Reinhold Kiehl","Ludwig Friedrich Gaab"]},{"index":2,"name":"col2","values":["France","France","France","Austria","Switzerland","Switzerland","Switzerland","Italy","Finland","Norway","Norway","India","Germany","Germany","Switzerland","Italy","Finland","Germany","Germany","Germany"]}]},"context":{"page_title":null,"page_url":null,"page_entity_id":null,"content_hierarchy":[]},"links":[[[{"start":0,"end":12,"url":null,"entity_id":"Q745942","candidates":[]}],[{"start":0,"end":23,"url":null,"entity_id":"Q643621","candidates":[]}],[{"start":0,"end":6,"url":null,"entity_id":"Q142","candidates":[]}]],[[{"start":0,"end":17,"url":null,"entity_id":"Q747506","candidates":[]}],[{"start":0,"end":14,"url":null,"entity_id":"Q374806","candidates":[]}],[{"start":0,"end":6,"url":null,"entity_id":"Q142","candidates":[]}]],[[{"start":0,"end":17,"url":null,"entity_id":"Q697300","candidates":[]}],[{"start":0,"end":9,"url":null,"entity_id":"Q2416907","candidates":[]}],[{"start":0,"end":7,"url":null,"entity_id":"Q40","candidates":[]}]],[[{"start":0,"end":26,"url":null,"entity_id":"Q677527","candidates":[]}],[{"start":0,"end":22,"url":null,"entity_id":"Q1679033","candidates":[]}],[{"start":0,"end":11,"url":null,"entity_id":"Q39","candidates":[]}]],[[{"start":0,"end":34,"url":null,"entity_id":"Q673228","candidates":[]}],[{"start":0,"end":18,"url":null,"entity_id":"Q168482","candidates":[]}],[{"start":0,"end":11,"url":null,"entity_id":"Q39","candidates":[]}]],[[{"start":0,"end":23,"url":null,"entity_id":"Q666725","candidates":[]}],[{"start":0,"end":10,"url":null,"entity_id":"Q115944","candidates":[]}],[{"start":0,"end":11,"url":null,"entity_id":"Q39","candidates":[]}]],[[{"start":0,"end":29,"url":null,"entity_id":"Q800560","candidates":[]}],[{"start":0,"end":14,"url":null,"entity_id":"Q78836","candidates":[]}],[{"start":0,"end":5,"url":null,"entity_id":"Q38","candidates":[]}]],[[{"start":0,"end":29,"url":null,"entity_id":"Q765376","candidates":[]}],[{"start":0,"end":17,"url":null,"entity_id":"Q6227662","candidates":[]}],[{"start":0,"end":7,"url":null,"entity_id":"Q33","candidates":[]}]],[[{"start":0,"end":5,"url":null,"entity_id":"Q5005217","candidates":[]}],[{"start":0,"end":13,"url":null,"entity_id":"Q11994582","candidates":[]}],[{"start":0,"end":6,"url":null,"entity_id":"Q20","candidates":[]}]],[[{"start":0,"end":8,"url":null,"entity_id":"Q4896444","candidates":[]}],[{"start":0,"end":8,"url":null,"entity_id":"Q335359","candidates":[]}],[{"start":0,"end":6,"url":null,"entity_id":"Q20","candidates":[]}]],[[{"start":0,"end":36,"url":null,"entity_id":"Q235884","candidates":[]}],[{"start":0,"end":25,"url":null,"entity_id":"Q5499109","candidates":[]}],[{"start":0,"end":5,"url":null,"entity_id":"Q668","candidates":[]}]],[[{"start":0,"end":22,"url":null,"entity_id":"Q198282","candidates":[]}],[{"start":0,"end":13,"url":null,"entity_id":"Q1732655","candidates":[]}],[{"start":0,"end":7,"url":null,"entity_id":"Q183","candidates":[]}]],[[{"start":0,"end":17,"url":null,"entity_id":"Q320098","candidates":[]}],[{"start":0,"end":19,"url":null,"entity_id":"Q95970","candidates":[]}],[{"start":0,"end":7,"url":null,"entity_id":"Q183","candidates":[]}]],[[{"start":0,"end":19,"url":null,"entity_id":"Q224494","candidates":[]}],[{"start":0,"end":22,"url":null,"entity_id":"Q1679033","candidates":[]}],[{"start":0,"end":11,"url":null,"entity_id":"Q39","candidates":[]}]],[[{"start":0,"end":33,"url":null,"entity_id":"Q260886","candidates":[]}],[{"start":0,"end":13,"url":null,"entity_id":"Q3894355","candidates":[]}],[{"start":0,"end":5,"url":null,"entity_id":"Q38","candidates":[]}]],[[{"start":0,"end":21,"url":null,"entity_id":"Q246802","candidates":[]}],[{"start":0,"end":14,"url":null,"entity_id":"Q993300","candidates":[]}],[{"start":0,"end":7,"url":null,"entity_id":"Q33","candidates":[]}]],[[{"start":0,"end":23,"url":null,"entity_id":"Q376589","candidates":[]}],[{"start":0,"end":15,"url":null,"entity_id":"Q1676681","candidates":[]}],[{"start":0,"end":7,"url":null,"entity_id":"Q183","candidates":[]}]],[[{"start":0,"end":26,"url":null,"entity_id":"Q481364","candidates":[]}],[{"start":0,"end":14,"url":null,"entity_id":"Q1412047","candidates":[]}],[{"start":0,"end":7,"url":null,"entity_id":"Q183","candidates":[]}]],[[{"start":0,"end":29,"url":null,"entity_id":"Q406198","candidates":[]}],[{"start":0,"end":21,"url":null,"entity_id":"Q113049","candidates":[]}],[{"start":0,"end":7,"url":null,"entity_id":"Q183","candidates":[]}]],[[{"start":0,"end":18,"url":null,"entity_id":"Q747541","candidates":[]}],[{"start":0,"end":15,"url":null,"entity_id":"Q1250347","candidates":[]}],[{"start":0,"end":6,"url":null,"entity_id":"Q142","candidates":[]}]]]}