{"version":"1.2","table":{"version":"2","table_id":"UK6LIR0X","columns":[{"index":0,"name":"col0","values":["58 Ophiuchi","94 Ceti","HD 212301","HAT-P-24","Eta Corvi","Pi3 Orionis","Beta Virginis","Gamma Virginis A","Alpha² Canum Venaticorum","Sāmaya","HD 86264","COROT-6","Epsilon Coronae Australis","HR 3220","WASP-7","HD 128093","HD 126141","Epsilon Ceti","HD 188405","HD 213429"]},{"index":1,"name":"col1","values":["6433","6105","6250","6448","6871","6448","6162","6922","11658","6199","6351","6090","6776","6523","6621","6546","7094","6547","6770","6060"]},{"index":2,"name":"col2","values":["17.1245","22.538","54.3156","420.256","17.9613","8.0419","11.1203","11.6194","37.6425","92.742","67.9422","657.246","31.1636","18.0702","163.052","41.5426","38.3765","23.5369","87.0163","25.5178"]},{"index":3,"name":"col3","values":["18600","11140","22300","19953","11500","19500","13000","18600","6000","13500","13200","26300","3160","13800","42000","15000","21400","10470","9300","12600"]}]},"context":{"page_title":null,"page_url":null,"page_entity_id":null,"content_hierarchy":[]},"links":[[[{"start":0,"end":7,"url":null,"entity_id":"Q276890","candidates":[]}],[],[],[]],[[{"start":0,"end":9,"url":null,"entity_id":"Q130691","candidates":[]}],[],[],[]],[[{"start":0,"end":8,"url":null,"entity_id":"Q81664","candidates":[]}],[],[],[]],[[{"start":0,"end":9,"url":null,"entity_id":"Q15703","candidates":[]}],[],[],[]],[[{"start":0,"end":11,"url":null,"entity_id":"Q14216","candidates":[]}],[],[],[]],[[{"start":0,"end":13,"url":null,"entity_id":"Q14201","candidates":[]}],[],[],[]],[[{"start":0,"end":16,"url":null,"entity_id":"Q14197","candidates":[]}],[],[],[]],[[{"start":0,"end":24,"url":null,"entity_id":"Q13176","candidates":[]}],[],[],[]],[[{"start":0,"end":6,"url":null,"entity_id":"Q2088803","candidates":[]}],[],[],[]],[[{"start":0,"end":8,"url":null,"entity_id":"Q2070190","candidates":[]}],[],[],[]],[[{"start":0,"end":7,"url":null,"entity_id":"Q2070158","candidates":[]}],[],[],[]],[[{"start":0,"end":25,"url":null,"entity_id":"Q2065871","candidates":[]}],[],[],[]],[[{"start":0,"end":7,"url":null,"entity_id":"Q2024988","candidates":[]}],[],[],[]],[[{"start":0,"end":6,"url":null,"entity_id":"Q1810861","candidates":[]}],[],[],[]],[[{"start":0,"end":9,"url":null,"entity_id":"Q1749040","candidates":[]}],[],[],[]],[[{"start":0,"end":9,"url":null,"entity_id":"Q1749004","candidates":[]}],[],[],[]],[[{"start":0,"end":12,"url":null,"entity_id":"Q1748880","candidates":[]}],[],[],[]],[[{"start":0,"end":9,"url":null,"entity_id":"Q1748543","candidates":[]}],[],[],[]],[[{"start":0,"end":9,"url":null,"entity_id":"Q1748003","candidates":[]}],[],[],[]],[[{"start":0,"end":11,"url":null,"entity_id":"Q387529","candidates":[]}],[],[],[]]]}