{"version":"1.2","table":{"version":"2","table_id":"UL4HW3WG","columns":[{"index":0,"name":"col0","values":["Tunisia","New Zealand","Cameroon","Monaco","Senegal","Thailand","Philippines","Bahrain","Egypt","South Korea","Lesotho","Burundi","Eswatini","Mauritania","Ivory Coast","Honduras","Sudan","Djibouti","Gabon","Indonesia"]},{"index":1,"name":"col1","values":["flag of Tunisia","flag of New Zealand","flag of Cameroon","flag of Monaco","flag of Senegal","flag of Thailand","Flag of the Philippines","flag of Bahrain","flag of Egypt","flag of South Korea","flag of Lesotho","flag of Burundi","flag of Swaziland","flag of Mauritania","flag of Ivory Coast","flag of Honduras","flag of Sudan","flag of Djibouti","flag of Gabon","flag of Indonesia"]},{"index":2,"name":"col2","values":["18","20","21","21","18","20","18","21","21","19","21","21","21","18","21","21","18","18","18","21"]}]},"context":{"page_title":null,"page_url":null,"page_entity_id":null,"content_hierarchy":[]},"links":[[[{"start":0,"end":11,"url":null,"entity_id":"Q664","candidates":[]}],[{"start":0,"end":19,"url":null,"entity_id":"Q160260","candidates":[]}],[]],[[{"start":0,"end":8,"url":null,"entity_id":"Q1009","candidates":[]}],[{"start":0,"end":16,"url":null,"entity_id":"Q159872","candidates":[]}],[]],[[{"start":0,"end":6,"url":null,"entity_id":"Q235","candidates":[]}],[{"start":0,"end":14,"url":null,"entity_id":"Q159746","candidates":[]}],[]],[[{"start":0,"end":7,"url":null,"entity_id":"Q1041","candidates":[]}],[{"start":0,"end":15,"url":null,"entity_id":"Q134933","candidates":[]}],[]],[[{"start":0,"end":8,"url":null,"entity_id":"Q869","candidates":[]}],[{"start":0,"end":16,"url":null,"entity_id":"Q134885","candidates":[]}],[]],[[{"start":0,"end":11,"url":null,"entity_id":"Q928","candidates":[]}],[{"start":0,"end":23,"url":null,"entity_id":"Q134627","candidates":[]}],[]],[[{"start":0,"end":7,"url":null,"entity_id":"Q398","candidates":[]}],[{"start":0,"end":15,"url":null,"entity_id":"Q130481","candidates":[]}],[]],[[{"start":0,"end":5,"url":null,"entity_id":"Q79","candidates":[]}],[{"start":0,"end":13,"url":null,"entity_id":"Q130458","candidates":[]}],[]],[[{"start":0,"end":11,"url":null,"entity_id":"Q884","candidates":[]}],[{"start":0,"end":19,"url":null,"entity_id":"Q127296","candidates":[]}],[]],[[{"start":0,"end":7,"url":null,"entity_id":"Q1013","candidates":[]}],[{"start":0,"end":15,"url":null,"entity_id":"Q104969","candidates":[]}],[]],[[{"start":0,"end":7,"url":null,"entity_id":"Q967","candidates":[]}],[{"start":0,"end":15,"url":null,"entity_id":"Q103084","candidates":[]}],[]],[[{"start":0,"end":8,"url":null,"entity_id":"Q1050","candidates":[]}],[{"start":0,"end":17,"url":null,"entity_id":"Q102993","candidates":[]}],[]],[[{"start":0,"end":10,"url":null,"entity_id":"Q1025","candidates":[]}],[{"start":0,"end":18,"url":null,"entity_id":"Q102977","candidates":[]}],[]],[[{"start":0,"end":11,"url":null,"entity_id":"Q1008","candidates":[]}],[{"start":0,"end":19,"url":null,"entity_id":"Q102967","candidates":[]}],[]],[[{"start":0,"end":8,"url":null,"entity_id":"Q783","candidates":[]}],[{"start":0,"end":16,"url":null,"entity_id":"Q102939","candidates":[]}],[]],[[{"start":0,"end":5,"url":null,"entity_id":"Q1049","candidates":[]}],[{"start":0,"end":13,"url":null,"entity_id":"Q102198","candidates":[]}],[]],[[{"start":0,"end":8,"url":null,"entity_id":"Q977","candidates":[]}],[{"start":0,"end":16,"url":null,"entity_id":"Q102184","candidates":[]}],[]],[[{"start":0,"end":5,"url":null,"entity_id":"Q1000","candidates":[]}],[{"start":0,"end":13,"url":null,"entity_id":"Q101769","candidates":[]}],[]],[[{"start":0,"end":9,"url":null,"entity_id":"Q252","candidates":[]}],[{"start":0,"end":17,"url":null,"entity_id":"Q101472","candidates":[]}],[]],[[{"start":0,"end":7,"url":null,"entity_id":"Q948","candidates":[]}],[{"start":0,"end":15,"url":null,"entity_id":"Q162789","candidates":[]}],[]]]}