{"version":"1.2","table":{"version":"2","table_id":"ULV7WVAP","columns":[{"index":0,"name":"col0","values":["2020 Le Samyn des Dames","2019 Croatia–Slovenia","2019 Tour de Okinawa","2019 Lillehammer Grand Prix","2019 Hafjell TT","2019 Gylne Gutuer","2019 100 Cycle Challenge","2019 Classica da Arrábida","2019 Paris–Troyes","2019 International Rhodes Grand Prix","2019 Poreč Trophy","2019 Trofej Umag","2019 Ringerike Grand Prix","2019 Sundvolden Grand Prix","2019 Himmerland Rundt","2019 Skive-Løbet","Fyen Rundt 2019","2020 Trofej Umag","2020 International Rhodes Grand Prix","Grand Prix Alanya 2020"]},{"index":1,"name":"col1","values":["Quaregnon","Zagreb","Nago","Lillehammer","Øyer","Stange","Germiston","Palmela","Paris","Rhodes","Poreč","Umag","Hønefoss","Sundvollen","Aars","Skive","Otterup","Umag","Rhodes","Alanya"]},{"index":2,"name":"col2","values":["2019 Le Samyn des Dames","2018 Croatia–Slovenia","2018 Tour de Okinawa","2018 Lillehammer Grand Prix","2018 Hafjell Grand Prix","2018 Gylne Gutuer","2018 100 Cycle Challenge","2018 Classica da Arrábida","2018 Paris–Troyes","2018 International Rhodes Grand Prix","2018 Poreč Trophy","2018 Trofej Umag","2018 Ringerike Grand Prix","2018 Sundvolden Grand Prix","2018 Himmerland Rundt","2018 Skive-Løbet","2018 Fyen Rundt","2019 Trofej Umag","2019 International Rhodes Grand Prix","Grand Prix Alanya 2019"]}]},"context":{"page_title":null,"page_url":null,"page_entity_id":null,"content_hierarchy":[]},"links":[[[{"start":0,"end":21,"url":null,"entity_id":"Q67023803","candidates":[]}],[{"start":0,"end":6,"url":null,"entity_id":"Q1435","candidates":[]}],[{"start":0,"end":21,"url":null,"entity_id":"Q59352643","candidates":[]}]],[[{"start":0,"end":20,"url":null,"entity_id":"Q74612930","candidates":[]}],[{"start":0,"end":4,"url":null,"entity_id":"Q117604","candidates":[]}],[{"start":0,"end":20,"url":null,"entity_id":"Q57706746","candidates":[]}]],[[{"start":0,"end":27,"url":null,"entity_id":"Q66558635","candidates":[]}],[{"start":0,"end":11,"url":null,"entity_id":"Q101341","candidates":[]}],[{"start":0,"end":27,"url":null,"entity_id":"Q54560144","candidates":[]}]],[[{"start":0,"end":15,"url":null,"entity_id":"Q66552985","candidates":[]}],[{"start":0,"end":4,"url":null,"entity_id":"Q316779","candidates":[]}],[{"start":0,"end":23,"url":null,"entity_id":"Q54560142","candidates":[]}]],[[{"start":0,"end":17,"url":null,"entity_id":"Q66561192","candidates":[]}],[{"start":0,"end":6,"url":null,"entity_id":"Q48542","candidates":[]}],[{"start":0,"end":17,"url":null,"entity_id":"Q54560140","candidates":[]}]],[[{"start":0,"end":24,"url":null,"entity_id":"Q63386308","candidates":[]}],[{"start":0,"end":9,"url":null,"entity_id":"Q993721","candidates":[]}],[{"start":0,"end":24,"url":null,"entity_id":"Q52755702","candidates":[]}]],[[{"start":0,"end":25,"url":null,"entity_id":"Q62090645","candidates":[]}],[{"start":0,"end":7,"url":null,"entity_id":"Q850855","candidates":[]}],[{"start":0,"end":25,"url":null,"entity_id":"Q50401346","candidates":[]}]],[[{"start":0,"end":17,"url":null,"entity_id":"Q62090499","candidates":[]}],[{"start":0,"end":5,"url":null,"entity_id":"Q90","candidates":[]}],[{"start":0,"end":17,"url":null,"entity_id":"Q50374663","candidates":[]}]],[[{"start":0,"end":36,"url":null,"entity_id":"Q61961616","candidates":[]}],[{"start":0,"end":6,"url":null,"entity_id":"Q43048","candidates":[]}],[{"start":0,"end":36,"url":null,"entity_id":"Q50329712","candidates":[]}]],[[{"start":0,"end":17,"url":null,"entity_id":"Q62023607","candidates":[]}],[{"start":0,"end":5,"url":null,"entity_id":"Q5323","candidates":[]}],[{"start":0,"end":17,"url":null,"entity_id":"Q50320990","candidates":[]}]],[[{"start":0,"end":16,"url":null,"entity_id":"Q61984386","candidates":[]}],[{"start":0,"end":4,"url":null,"entity_id":"Q221184","candidates":[]}],[{"start":0,"end":16,"url":null,"entity_id":"Q50279739","candidates":[]}]],[[{"start":0,"end":25,"url":null,"entity_id":"Q63484620","candidates":[]}],[{"start":0,"end":8,"url":null,"entity_id":"Q865925","candidates":[]}],[{"start":0,"end":25,"url":null,"entity_id":"Q47462153","candidates":[]}]],[[{"start":0,"end":26,"url":null,"entity_id":"Q63484206","candidates":[]}],[{"start":0,"end":10,"url":null,"entity_id":"Q2385157","candidates":[]}],[{"start":0,"end":26,"url":null,"entity_id":"Q47462108","candidates":[]}]],[[{"start":0,"end":21,"url":null,"entity_id":"Q63441124","candidates":[]}],[{"start":0,"end":4,"url":null,"entity_id":"Q303066","candidates":[]}],[{"start":0,"end":21,"url":null,"entity_id":"Q47010914","candidates":[]}]],[[{"start":0,"end":16,"url":null,"entity_id":"Q63441248","candidates":[]}],[{"start":0,"end":5,"url":null,"entity_id":"Q1019470","candidates":[]}],[{"start":0,"end":16,"url":null,"entity_id":"Q47010892","candidates":[]}]],[[{"start":0,"end":15,"url":null,"entity_id":"Q66491087","candidates":[]}],[{"start":0,"end":7,"url":null,"entity_id":"Q2633021","candidates":[]}],[{"start":0,"end":15,"url":null,"entity_id":"Q46996112","candidates":[]}]],[[{"start":0,"end":16,"url":null,"entity_id":"Q87069464","candidates":[]}],[{"start":0,"end":4,"url":null,"entity_id":"Q221184","candidates":[]}],[{"start":0,"end":16,"url":null,"entity_id":"Q61984386","candidates":[]}]],[[{"start":0,"end":36,"url":null,"entity_id":"Q86833749","candidates":[]}],[{"start":0,"end":6,"url":null,"entity_id":"Q43048","candidates":[]}],[{"start":0,"end":36,"url":null,"entity_id":"Q61961616","candidates":[]}]],[[{"start":0,"end":22,"url":null,"entity_id":"Q84997312","candidates":[]}],[{"start":0,"end":6,"url":null,"entity_id":"Q171810","candidates":[]}],[{"start":0,"end":22,"url":null,"entity_id":"Q61672274","candidates":[]}]],[[{"start":0,"end":23,"url":null,"entity_id":"Q78661016","candidates":[]}],[{"start":0,"end":9,"url":null,"entity_id":"Q538735","candidates":[]}],[{"start":0,"end":23,"url":null,"entity_id":"Q61013900","candidates":[]}]]]}