{"version":"1.2","table":{"version":"2","table_id":"UM9DOVMN","columns":[{"index":0,"name":"col0","values":["Excelsior JFT","Victria (program)","Chalk","Viena RNA Package","rspad","Nxitka","Freemcke Video Downloader","\\andgx.Metro","Carbonafo","Swnflow","oNTub","Tashark","Java Runtime nvironment","Osuxmaps","SP Gui","Sublime Uext","Solid","Okapi Framewrk","Lexne","Parboled"]},{"index":1,"name":"col1","values":["Modula-2","assembly language","Objective-C","C","C","C++","C#","JavaScript","Java","Java","Java","Java","Java","Java","C++","C++","JavaScript","Java","Java","Java"]},{"index":2,"name":"col2","values":["end-user license agreement","freeware","public domain","free software license","Apache License","Apache License","freeware","proprietary software","Apache License","MIT license","freeware","freeware","freeware","proprietary software","proprietary software","proprietary software","MIT license","Apache License","proprietary software","Apache License"]},{"index":3,"name":"col3","values":["Java Virtual Machine","x86","macOS","Microsoft Windows","Unix-like","x86-64","x86","Android","Java Virtual Machine","Java Virtual Machine","Java Virtual Machine","Java Virtual Machine","web browser","Android","SAP NetWeaver Application Server","IA-32","World Wide Web","Java Virtual Machine","cross-platform","Java Virtual Machine"]}]},"context":{"page_title":null,"page_url":null,"page_entity_id":null,"content_hierarchy":[]},"links":[[[{"start":0,"end":17,"url":null,"entity_id":"Q4052678","candidates":[]}],[{"start":0,"end":17,"url":null,"entity_id":"Q165436","candidates":[]}],[{"start":0,"end":8,"url":null,"entity_id":"Q178285","candidates":[]}],[{"start":0,"end":3,"url":null,"entity_id":"Q182933","candidates":[]}]],[[{"start":0,"end":5,"url":null,"entity_id":"Q61687348","candidates":[]}],[{"start":0,"end":11,"url":null,"entity_id":"Q188531","candidates":[]}],[{"start":0,"end":13,"url":null,"entity_id":"Q19652","candidates":[]}],[{"start":0,"end":5,"url":null,"entity_id":"Q14116","candidates":[]}]],[[{"start":0,"end":17,"url":null,"entity_id":"Q21933168","candidates":[]}],[{"start":0,"end":1,"url":null,"entity_id":"Q15777","candidates":[]}],[{"start":0,"end":21,"url":null,"entity_id":"Q3943414","candidates":[]}],[{"start":0,"end":17,"url":null,"entity_id":"Q1406","candidates":[]}]],[[{"start":0,"end":5,"url":null,"entity_id":"Q25927106","candidates":[]}],[{"start":0,"end":1,"url":null,"entity_id":"Q15777","candidates":[]}],[{"start":0,"end":14,"url":null,"entity_id":"Q616526","candidates":[]}],[{"start":0,"end":9,"url":null,"entity_id":"Q14656","candidates":[]}]],[[{"start":0,"end":6,"url":null,"entity_id":"Q48989469","candidates":[]}],[{"start":0,"end":3,"url":null,"entity_id":"Q2407","candidates":[]}],[{"start":0,"end":14,"url":null,"entity_id":"Q616526","candidates":[]}],[{"start":0,"end":6,"url":null,"entity_id":"Q272629","candidates":[]}]],[[{"start":0,"end":25,"url":null,"entity_id":"Q1453571","candidates":[]}],[{"start":0,"end":2,"url":null,"entity_id":"Q2370","candidates":[]}],[{"start":0,"end":8,"url":null,"entity_id":"Q178285","candidates":[]}],[{"start":0,"end":3,"url":null,"entity_id":"Q182933","candidates":[]}]],[[{"start":0,"end":12,"url":null,"entity_id":"Q85869255","candidates":[]}],[{"start":0,"end":10,"url":null,"entity_id":"Q2005","candidates":[]}],[{"start":0,"end":20,"url":null,"entity_id":"Q218616","candidates":[]}],[{"start":0,"end":7,"url":null,"entity_id":"Q94","candidates":[]}]],[[{"start":0,"end":9,"url":null,"entity_id":"Q5038005","candidates":[]}],[{"start":0,"end":4,"url":null,"entity_id":"Q251","candidates":[]}],[{"start":0,"end":14,"url":null,"entity_id":"Q616526","candidates":[]}],[{"start":0,"end":20,"url":null,"entity_id":"Q193321","candidates":[]}]],[[{"start":0,"end":7,"url":null,"entity_id":"Q4050391","candidates":[]}],[{"start":0,"end":4,"url":null,"entity_id":"Q251","candidates":[]}],[{"start":0,"end":11,"url":null,"entity_id":"Q334661","candidates":[]}],[{"start":0,"end":20,"url":null,"entity_id":"Q193321","candidates":[]}]],[[{"start":0,"end":5,"url":null,"entity_id":"Q5137542","candidates":[]}],[{"start":0,"end":4,"url":null,"entity_id":"Q251","candidates":[]}],[{"start":0,"end":8,"url":null,"entity_id":"Q178285","candidates":[]}],[{"start":0,"end":20,"url":null,"entity_id":"Q193321","candidates":[]}]],[[{"start":0,"end":7,"url":null,"entity_id":"Q4050779","candidates":[]}],[{"start":0,"end":4,"url":null,"entity_id":"Q251","candidates":[]}],[{"start":0,"end":8,"url":null,"entity_id":"Q178285","candidates":[]}],[{"start":0,"end":20,"url":null,"entity_id":"Q193321","candidates":[]}]],[[{"start":0,"end":23,"url":null,"entity_id":"Q1504505","candidates":[]}],[{"start":0,"end":4,"url":null,"entity_id":"Q251","candidates":[]}],[{"start":0,"end":8,"url":null,"entity_id":"Q178285","candidates":[]}],[{"start":0,"end":11,"url":null,"entity_id":"Q6368","candidates":[]}]],[[{"start":0,"end":8,"url":null,"entity_id":"Q2032305","candidates":[]}],[{"start":0,"end":4,"url":null,"entity_id":"Q251","candidates":[]}],[{"start":0,"end":20,"url":null,"entity_id":"Q218616","candidates":[]}],[{"start":0,"end":7,"url":null,"entity_id":"Q94","candidates":[]}]],[[{"start":0,"end":6,"url":null,"entity_id":"Q489479","candidates":[]}],[{"start":0,"end":3,"url":null,"entity_id":"Q2407","candidates":[]}],[{"start":0,"end":20,"url":null,"entity_id":"Q218616","candidates":[]}],[{"start":0,"end":32,"url":null,"entity_id":"Q388612","candidates":[]}]],[[{"start":0,"end":12,"url":null,"entity_id":"Q267193","candidates":[]}],[{"start":0,"end":3,"url":null,"entity_id":"Q2407","candidates":[]}],[{"start":0,"end":20,"url":null,"entity_id":"Q218616","candidates":[]}],[{"start":0,"end":5,"url":null,"entity_id":"Q262238","candidates":[]}]],[[{"start":0,"end":5,"url":null,"entity_id":"Q55408718","candidates":[]}],[{"start":0,"end":10,"url":null,"entity_id":"Q2005","candidates":[]}],[{"start":0,"end":11,"url":null,"entity_id":"Q334661","candidates":[]}],[{"start":0,"end":14,"url":null,"entity_id":"Q466","candidates":[]}]],[[{"start":0,"end":14,"url":null,"entity_id":"Q5970194","candidates":[]}],[{"start":0,"end":4,"url":null,"entity_id":"Q251","candidates":[]}],[{"start":0,"end":14,"url":null,"entity_id":"Q616526","candidates":[]}],[{"start":0,"end":20,"url":null,"entity_id":"Q193321","candidates":[]}]],[[{"start":0,"end":5,"url":null,"entity_id":"Q5961554","candidates":[]}],[{"start":0,"end":4,"url":null,"entity_id":"Q251","candidates":[]}],[{"start":0,"end":20,"url":null,"entity_id":"Q218616","candidates":[]}],[{"start":0,"end":14,"url":null,"entity_id":"Q174666","candidates":[]}]],[[{"start":0,"end":8,"url":null,"entity_id":"Q7136354","candidates":[]}],[{"start":0,"end":4,"url":null,"entity_id":"Q251","candidates":[]}],[{"start":0,"end":14,"url":null,"entity_id":"Q616526","candidates":[]}],[{"start":0,"end":20,"url":null,"entity_id":"Q193321","candidates":[]}]],[[{"start":0,"end":13,"url":null,"entity_id":"Q1383464","candidates":[]}],[{"start":0,"end":8,"url":null,"entity_id":"Q777358","candidates":[]}],[{"start":0,"end":26,"url":null,"entity_id":"Q725920","candidates":[]}],[{"start":0,"end":20,"url":null,"entity_id":"Q193321","candidates":[]}]]]}