{"version":"1.2","table":{"version":"2","table_id":"UMZFA9HO","columns":[{"index":0,"name":"col0","values":["One Churchill Place","10 Upper Bank Street","40 Bank Street","25 Bank Street","Empire State Building","Edifício Itália","Edifício Altino Arantes","Mirante do Vale","Elmbank Gardens","Gallowgate Twins","Dominion Tower","Elphinstone Place","São Vito Building","Williams Tower","Scandic Victoria Tower","Scotia Plaza","Atrium Tower","Gebouw Delftse Poort","Smith Tower","Europa Tower"]},{"index":1,"name":"col1","values":["32","32","33","33","102","46","36","51","14","30","26","39","27","64","35","68","23","41","38","33"]},{"index":2,"name":"col2","values":["Canary Wharf","Canary Wharf","Canary Wharf","Canary Wharf","Midtown Manhattan","São Paulo","São Paulo","São Paulo","Charing Cross","Camlachie","Norfolk","Glasgow","São Paulo","Uptown Houston","Kista","Financial District","Tiergarten","Rotterdam","Seattle","Vilnius"]}]},"context":{"page_title":null,"page_url":null,"page_entity_id":null,"content_hierarchy":[]},"links":[[[{"start":0,"end":20,"url":null,"entity_id":"Q138760","candidates":[]}],[],[{"start":0,"end":12,"url":null,"entity_id":"Q124377","candidates":[]}]],[[{"start":0,"end":14,"url":null,"entity_id":"Q138755","candidates":[]}],[],[{"start":0,"end":12,"url":null,"entity_id":"Q124377","candidates":[]}]],[[{"start":0,"end":14,"url":null,"entity_id":"Q138752","candidates":[]}],[],[{"start":0,"end":12,"url":null,"entity_id":"Q124377","candidates":[]}]],[[{"start":0,"end":21,"url":null,"entity_id":"Q9188","candidates":[]}],[],[{"start":0,"end":17,"url":null,"entity_id":"Q11249","candidates":[]}]],[[{"start":0,"end":15,"url":null,"entity_id":"Q170610","candidates":[]}],[],[{"start":0,"end":9,"url":null,"entity_id":"Q174","candidates":[]}]],[[{"start":0,"end":23,"url":null,"entity_id":"Q169420","candidates":[]}],[],[{"start":0,"end":9,"url":null,"entity_id":"Q174","candidates":[]}]],[[{"start":0,"end":15,"url":null,"entity_id":"Q42258","candidates":[]}],[],[{"start":0,"end":9,"url":null,"entity_id":"Q174","candidates":[]}]],[[{"start":0,"end":15,"url":null,"entity_id":"Q5366428","candidates":[]}],[],[{"start":0,"end":13,"url":null,"entity_id":"Q5074347","candidates":[]}]],[[{"start":0,"end":16,"url":null,"entity_id":"Q5519195","candidates":[]}],[],[{"start":0,"end":9,"url":null,"entity_id":"Q5026831","candidates":[]}]],[[{"start":0,"end":14,"url":null,"entity_id":"Q5291083","candidates":[]}],[],[{"start":0,"end":7,"url":null,"entity_id":"Q49231","candidates":[]}]],[[{"start":0,"end":17,"url":null,"entity_id":"Q5367291","candidates":[]}],[],[{"start":0,"end":7,"url":null,"entity_id":"Q4093","candidates":[]}]],[[{"start":0,"end":17,"url":null,"entity_id":"Q5338065","candidates":[]}],[],[{"start":0,"end":9,"url":null,"entity_id":"Q174","candidates":[]}]],[[{"start":0,"end":14,"url":null,"entity_id":"Q1357650","candidates":[]}],[],[{"start":0,"end":14,"url":null,"entity_id":"Q7899434","candidates":[]}]],[[{"start":0,"end":22,"url":null,"entity_id":"Q1300529","candidates":[]}],[],[{"start":0,"end":5,"url":null,"entity_id":"Q1245744","candidates":[]}]],[[{"start":0,"end":12,"url":null,"entity_id":"Q1327514","candidates":[]}],[],[{"start":0,"end":18,"url":null,"entity_id":"Q1002871","candidates":[]}]],[[{"start":0,"end":12,"url":null,"entity_id":"Q1181509","candidates":[]}],[],[{"start":0,"end":10,"url":null,"entity_id":"Q328672","candidates":[]}]],[[{"start":0,"end":20,"url":null,"entity_id":"Q1184156","candidates":[]}],[],[{"start":0,"end":9,"url":null,"entity_id":"Q34370","candidates":[]}]],[[{"start":0,"end":11,"url":null,"entity_id":"Q1196348","candidates":[]}],[],[{"start":0,"end":7,"url":null,"entity_id":"Q5083","candidates":[]}]],[[{"start":0,"end":12,"url":null,"entity_id":"Q1345944","candidates":[]}],[],[{"start":0,"end":7,"url":null,"entity_id":"Q216","candidates":[]}]],[[{"start":0,"end":19,"url":null,"entity_id":"Q138768","candidates":[]}],[],[{"start":0,"end":12,"url":null,"entity_id":"Q124377","candidates":[]}]]]}