{"version":"1.2","table":{"version":"2","table_id":"UN34G3SR","columns":[{"index":0,"name":"col0","values":["2020 Tarragona explosion","Gas explosion in Mukačevo Street in Prešov","Lebanon forest fire 2019","2019 Coatzacoalcos Massacre","Tamahere coolstore fire","2019 Dhaka fire","Ninho do Urubu fire","Harbin hotel fire","2016 Oakland warehouse fire","1937 Fox vault fire","2015 Harbin fire","USS Oriskany fire","Utopia nightclub fire","Blackwater fire of 1937","1999 incheon Beer Hope Fire","Happy Land fire","Gothenburg discothèque fire","Comandante Ferraz Antarctic Base fire","1965 MGM Vault fire","Kiss nightclub fire"]},{"index":1,"name":"col1","values":["3","7","1","28","1","80","10","20","36","1","5","44","29","15","56","87","63","2","1","237"]},{"index":2,"name":"col2","values":["7","40","0","13","7","50","3","23","2","2","14","156","57","38","78","6","213","1","0","200"]}]},"context":{"page_title":null,"page_url":null,"page_entity_id":null,"content_hierarchy":[]},"links":[[[{"start":0,"end":42,"url":null,"entity_id":"Q77610709","candidates":[]}],[],[]],[[{"start":0,"end":24,"url":null,"entity_id":"Q71045048","candidates":[]}],[],[]],[[{"start":0,"end":27,"url":null,"entity_id":"Q66822981","candidates":[]}],[],[]],[[{"start":0,"end":23,"url":null,"entity_id":"Q65018405","candidates":[]}],[],[]],[[{"start":0,"end":15,"url":null,"entity_id":"Q61783440","candidates":[]}],[],[]],[[{"start":0,"end":19,"url":null,"entity_id":"Q61646553","candidates":[]}],[],[]],[[{"start":0,"end":17,"url":null,"entity_id":"Q56273318","candidates":[]}],[],[]],[[{"start":0,"end":27,"url":null,"entity_id":"Q27950749","candidates":[]}],[],[]],[[{"start":0,"end":19,"url":null,"entity_id":"Q19865585","candidates":[]}],[],[]],[[{"start":0,"end":16,"url":null,"entity_id":"Q18713937","candidates":[]}],[],[]],[[{"start":0,"end":17,"url":null,"entity_id":"Q18355868","candidates":[]}],[],[]],[[{"start":0,"end":21,"url":null,"entity_id":"Q16578451","candidates":[]}],[],[]],[[{"start":0,"end":23,"url":null,"entity_id":"Q14714675","candidates":[]}],[],[]],[[{"start":0,"end":27,"url":null,"entity_id":"Q6875957","candidates":[]}],[],[]],[[{"start":0,"end":15,"url":null,"entity_id":"Q5652893","candidates":[]}],[],[]],[[{"start":0,"end":27,"url":null,"entity_id":"Q5587844","candidates":[]}],[],[]],[[{"start":0,"end":37,"url":null,"entity_id":"Q5150534","candidates":[]}],[],[]],[[{"start":0,"end":19,"url":null,"entity_id":"Q4572728","candidates":[]}],[],[]],[[{"start":0,"end":19,"url":null,"entity_id":"Q3750271","candidates":[]}],[],[]],[[{"start":0,"end":24,"url":null,"entity_id":"Q82083845","candidates":[]}],[],[]]]}