{"version":"1.2","table":{"version":"2","table_id":"UNCOHDFH","columns":[{"index":0,"name":"col0","values":["GRB 070411","GRB 070419B","GRB 060605","GRB 060507","GRB 051111A","GRB 111121A","GRB 070508","GRB 070518","GRB 070506","GRB 130701A","GRB 190114C","GRB 050406","GRB 051008","GRB 070309","GRB 070328","GRB 070318","GRB 050724","GRB 050824","GRB 060210","GRB 060707"]},{"index":1,"name":"col1","values":["263744","176949","273931","25499","219846","2.34","160755","145658","249616","193559","101857","253073","260380","216920","276731","163041","68078","161666","275933","270646"]},{"index":2,"name":"col2","values":["107.3330417","315.7075833","322.1555","89.9605","348.1382083","154.760966","312.7992083","254.1989583","347.2182917","357.229375","54.5068","34.4675","202.8670833","263.6660417","65.1153333","48.4867917","246.185","12.23375","57.7390417","357.0791667"]},{"index":3,"name":"col3","values":["17.94","20.35","16.53","20.52","19.5","12.458","19.62","19.01","19.04","19.61","15.6","18.83","14.11","19.03","20.29","15.49","19.7","20.46","20.27","19.79"]}]},"context":{"page_title":null,"page_url":null,"page_entity_id":null,"content_hierarchy":[]},"links":[[[{"start":0,"end":11,"url":null,"entity_id":"Q83985515","candidates":[]}],[],[],[]],[[{"start":0,"end":10,"url":null,"entity_id":"Q77836512","candidates":[]}],[],[],[]],[[{"start":0,"end":10,"url":null,"entity_id":"Q77836028","candidates":[]}],[],[],[]],[[{"start":0,"end":11,"url":null,"entity_id":"Q77045199","candidates":[]}],[],[],[]],[[{"start":0,"end":11,"url":null,"entity_id":"Q76866594","candidates":[]}],[],[],[]],[[{"start":0,"end":10,"url":null,"entity_id":"Q76843338","candidates":[]}],[],[],[]],[[{"start":0,"end":10,"url":null,"entity_id":"Q76840890","candidates":[]}],[],[],[]],[[{"start":0,"end":10,"url":null,"entity_id":"Q76833422","candidates":[]}],[],[],[]],[[{"start":0,"end":11,"url":null,"entity_id":"Q76495789","candidates":[]}],[],[],[]],[[{"start":0,"end":11,"url":null,"entity_id":"Q76305200","candidates":[]}],[],[],[]],[[{"start":0,"end":10,"url":null,"entity_id":"Q75765196","candidates":[]}],[],[],[]],[[{"start":0,"end":10,"url":null,"entity_id":"Q83755077","candidates":[]}],[],[],[]],[[{"start":0,"end":10,"url":null,"entity_id":"Q80499918","candidates":[]}],[],[],[]],[[{"start":0,"end":10,"url":null,"entity_id":"Q80498015","candidates":[]}],[],[],[]],[[{"start":0,"end":10,"url":null,"entity_id":"Q80494313","candidates":[]}],[],[],[]],[[{"start":0,"end":10,"url":null,"entity_id":"Q80475565","candidates":[]}],[],[],[]],[[{"start":0,"end":10,"url":null,"entity_id":"Q80430562","candidates":[]}],[],[],[]],[[{"start":0,"end":10,"url":null,"entity_id":"Q77842304","candidates":[]}],[],[],[]],[[{"start":0,"end":10,"url":null,"entity_id":"Q77841966","candidates":[]}],[],[],[]],[[{"start":0,"end":10,"url":null,"entity_id":"Q83986943","candidates":[]}],[],[],[]]]}