{"version":"1.2","table":{"version":"2","table_id":"UNPXK0R2","columns":[{"index":0,"name":"col0","values":["Eagle Mountain Shale Member","Bullfrog Tuff","Tram Tuff","Aaron Formation","Kalibeng Formation","Bigfork Chert","Sod House Tuff","Caetano Tuff","Beck Spring Dolomite","Los Moyos Limestone","Kreyenhagen Shale","Joana Limestone","Los Cabos Series","Santa Margarita Formation","Jackfork Sandstone","Savanna Sandstone","Al Rose Formation","Pizarras del Narcea","Antelope Valley Limestone","Greenbrier Limestone"]},{"index":1,"name":"col1","values":["Thimble Limestone","Prow Pass Tuff","Bullfrog Tuff","Virgilina Formation","Pucangan Formation","Polk Creek Shale","Frenchie Creek Rhyolite","Fish Creek Mountains Tuff","Kingston Peak Formation","Wild Cow Formation","Temblor Formation","Chainman Formation","Pizarras de Luarca Formation","Chanac Formation","Atoka Formation","Boggy Formation","Badger Flat Limestone","Cándana Formation","Copenhagen Formation","Bluefield Formation"]},{"index":2,"name":"col2","values":["shale","tuff","tuff","slate","clay","chert","tuff","tuff","dolomite","limestone","shale","limestone","sandstone","sandstone","sandstone","sandstone","siltstone","slate","limestone","limestone"]}]},"context":{"page_title":null,"page_url":null,"page_entity_id":null,"content_hierarchy":[]},"links":[[[{"start":0,"end":13,"url":null,"entity_id":"Q62474384","candidates":[]}],[{"start":0,"end":14,"url":null,"entity_id":"Q75099437","candidates":[]}],[{"start":0,"end":4,"url":null,"entity_id":"Q484924","candidates":[]}]],[[{"start":0,"end":9,"url":null,"entity_id":"Q75100546","candidates":[]}],[{"start":0,"end":13,"url":null,"entity_id":"Q62474384","candidates":[]}],[{"start":0,"end":4,"url":null,"entity_id":"Q484924","candidates":[]}]],[[{"start":0,"end":15,"url":null,"entity_id":"Q61249202","candidates":[]}],[{"start":0,"end":19,"url":null,"entity_id":"Q75628750","candidates":[]}],[{"start":0,"end":5,"url":null,"entity_id":"Q207079","candidates":[]}]],[[{"start":0,"end":18,"url":null,"entity_id":"Q75114163","candidates":[]}],[{"start":0,"end":18,"url":null,"entity_id":"Q75112163","candidates":[]}],[{"start":0,"end":4,"url":null,"entity_id":"Q42302","candidates":[]}]],[[{"start":0,"end":13,"url":null,"entity_id":"Q48971458","candidates":[]}],[{"start":0,"end":16,"url":null,"entity_id":"Q48971462","candidates":[]}],[{"start":0,"end":5,"url":null,"entity_id":"Q1070438","candidates":[]}]],[[{"start":0,"end":14,"url":null,"entity_id":"Q64850940","candidates":[]}],[{"start":0,"end":23,"url":null,"entity_id":"Q64850853","candidates":[]}],[{"start":0,"end":4,"url":null,"entity_id":"Q484924","candidates":[]}]],[[{"start":0,"end":12,"url":null,"entity_id":"Q57614762","candidates":[]}],[{"start":0,"end":25,"url":null,"entity_id":"Q59297217","candidates":[]}],[{"start":0,"end":4,"url":null,"entity_id":"Q484924","candidates":[]}]],[[{"start":0,"end":20,"url":null,"entity_id":"Q62597488","candidates":[]}],[{"start":0,"end":23,"url":null,"entity_id":"Q62597544","candidates":[]}],[{"start":0,"end":8,"url":null,"entity_id":"Q167741","candidates":[]}]],[[{"start":0,"end":19,"url":null,"entity_id":"Q66414847","candidates":[]}],[{"start":0,"end":18,"url":null,"entity_id":"Q18379726","candidates":[]}],[{"start":0,"end":9,"url":null,"entity_id":"Q23757","candidates":[]}]],[[{"start":0,"end":17,"url":null,"entity_id":"Q18154117","candidates":[]}],[{"start":0,"end":17,"url":null,"entity_id":"Q18388522","candidates":[]}],[{"start":0,"end":5,"url":null,"entity_id":"Q751300","candidates":[]}]],[[{"start":0,"end":15,"url":null,"entity_id":"Q18153641","candidates":[]}],[{"start":0,"end":18,"url":null,"entity_id":"Q17515433","candidates":[]}],[{"start":0,"end":9,"url":null,"entity_id":"Q23757","candidates":[]}]],[[{"start":0,"end":16,"url":null,"entity_id":"Q16630532","candidates":[]}],[{"start":0,"end":28,"url":null,"entity_id":"Q18223248","candidates":[]}],[{"start":0,"end":9,"url":null,"entity_id":"Q13085","candidates":[]}]],[[{"start":0,"end":25,"url":null,"entity_id":"Q18354876","candidates":[]}],[{"start":0,"end":16,"url":null,"entity_id":"Q17515534","candidates":[]}],[{"start":0,"end":9,"url":null,"entity_id":"Q13085","candidates":[]}]],[[{"start":0,"end":18,"url":null,"entity_id":"Q48970610","candidates":[]}],[{"start":0,"end":15,"url":null,"entity_id":"Q17513932","candidates":[]}],[{"start":0,"end":9,"url":null,"entity_id":"Q13085","candidates":[]}]],[[{"start":0,"end":17,"url":null,"entity_id":"Q48971495","candidates":[]}],[{"start":0,"end":15,"url":null,"entity_id":"Q17510878","candidates":[]}],[{"start":0,"end":9,"url":null,"entity_id":"Q13085","candidates":[]}]],[[{"start":0,"end":17,"url":null,"entity_id":"Q17510387","candidates":[]}],[{"start":0,"end":21,"url":null,"entity_id":"Q17514517","candidates":[]}],[{"start":0,"end":9,"url":null,"entity_id":"Q565731","candidates":[]}]],[[{"start":0,"end":19,"url":null,"entity_id":"Q21003475","candidates":[]}],[{"start":0,"end":17,"url":null,"entity_id":"Q16568572","candidates":[]}],[{"start":0,"end":5,"url":null,"entity_id":"Q207079","candidates":[]}]],[[{"start":0,"end":25,"url":null,"entity_id":"Q17512273","candidates":[]}],[{"start":0,"end":20,"url":null,"entity_id":"Q17511112","candidates":[]}],[{"start":0,"end":9,"url":null,"entity_id":"Q23757","candidates":[]}]],[[{"start":0,"end":20,"url":null,"entity_id":"Q2933646","candidates":[]}],[{"start":0,"end":19,"url":null,"entity_id":"Q17510575","candidates":[]}],[{"start":0,"end":9,"url":null,"entity_id":"Q23757","candidates":[]}]],[[{"start":0,"end":27,"url":null,"entity_id":"Q65589428","candidates":[]}],[{"start":0,"end":17,"url":null,"entity_id":"Q65589465","candidates":[]}],[{"start":0,"end":5,"url":null,"entity_id":"Q751300","candidates":[]}]]]}