{"version":"1.2","table":{"version":"2","table_id":"UP91N6UJ","columns":[{"index":0,"name":"col0","values":["Oocl Long Beah","Oocl Qingao","Giaporos","Cap Prestqn","MSC Elmb","CMA CGM adir","IMO 8512;09","MV Ascenskon","MS Fabiola","MV Hansa Brandenbxrg","NYK Vesa","SA Wateberg","APL Raffle","SC Nederland","MSC Olivhr","MSC Osdar","OPCL Hong Kong","Ewer Ultra","Iumber Bridge","SS Atlantic Causway"]},{"index":1,"name":"col1","values":["Hong Kong","Liberia","Liberia","Liberia","Portugal","Morocco","Panama","United States of America","Portugal","Greece","Panama","Belgium","Singapore","Panama","Panama","Panama","Hong Kong","Panama","Panama","United Kingdom"]},{"index":2,"name":"col2","values":["Anglo-Eastern Ship Management","Anglo-Eastern Ship Management","Anglo-Eastern Ship Management","CPO Containerschiffreederei","MSC Shipmanagement","CMA CGM","Mediterranean Shipping Company","Sealift Incorporated","Peter Döhle Schiffahrts-KG","Leonhardt & Blumberg","Nippon Yusen","Safmarine","CMA CGM","Mediterranean Shipping Company","Mediterranean Shipping Company","Mediterranean Shipping Company","Orient Overseas Container Line","Evergreen Marine","K Line","Royal Navy"]}]},"context":{"page_title":null,"page_url":null,"page_entity_id":null,"content_hierarchy":[]},"links":[[[{"start":0,"end":11,"url":null,"entity_id":"Q52352940","candidates":[]}],[{"start":0,"end":7,"url":null,"entity_id":"Q1014","candidates":[]}],[{"start":0,"end":29,"url":null,"entity_id":"Q57315440","candidates":[]}]],[[{"start":0,"end":8,"url":null,"entity_id":"Q52350400","candidates":[]}],[{"start":0,"end":7,"url":null,"entity_id":"Q1014","candidates":[]}],[{"start":0,"end":29,"url":null,"entity_id":"Q57315440","candidates":[]}]],[[{"start":0,"end":11,"url":null,"entity_id":"Q83650449","candidates":[]}],[{"start":0,"end":7,"url":null,"entity_id":"Q1014","candidates":[]}],[{"start":0,"end":27,"url":null,"entity_id":"Q57315799","candidates":[]}]],[[{"start":0,"end":8,"url":null,"entity_id":"Q83650401","candidates":[]}],[{"start":0,"end":8,"url":null,"entity_id":"Q45","candidates":[]}],[{"start":0,"end":18,"url":null,"entity_id":"Q57315556","candidates":[]}]],[[{"start":0,"end":12,"url":null,"entity_id":"Q85214874","candidates":[]}],[{"start":0,"end":7,"url":null,"entity_id":"Q1028","candidates":[]}],[{"start":0,"end":7,"url":null,"entity_id":"Q1023867","candidates":[]}]],[[{"start":0,"end":11,"url":null,"entity_id":"Q85943193","candidates":[]}],[{"start":0,"end":6,"url":null,"entity_id":"Q804","candidates":[]}],[{"start":0,"end":30,"url":null,"entity_id":"Q869570","candidates":[]}]],[[{"start":0,"end":12,"url":null,"entity_id":"Q11705702","candidates":[]}],[{"start":0,"end":24,"url":null,"entity_id":"Q30","candidates":[]}],[{"start":0,"end":20,"url":null,"entity_id":"Q16984451","candidates":[]}]],[[{"start":0,"end":10,"url":null,"entity_id":"Q15833244","candidates":[]}],[{"start":0,"end":8,"url":null,"entity_id":"Q45","candidates":[]}],[{"start":0,"end":26,"url":null,"entity_id":"Q2074607","candidates":[]}]],[[{"start":0,"end":20,"url":null,"entity_id":"Q15819595","candidates":[]}],[{"start":0,"end":6,"url":null,"entity_id":"Q41","candidates":[]}],[{"start":0,"end":20,"url":null,"entity_id":"Q1819343","candidates":[]}]],[[{"start":0,"end":8,"url":null,"entity_id":"Q11708076","candidates":[]}],[{"start":0,"end":6,"url":null,"entity_id":"Q804","candidates":[]}],[{"start":0,"end":12,"url":null,"entity_id":"Q1478918","candidates":[]}]],[[{"start":0,"end":11,"url":null,"entity_id":"Q36951130","candidates":[]}],[{"start":0,"end":7,"url":null,"entity_id":"Q31","candidates":[]}],[{"start":0,"end":9,"url":null,"entity_id":"Q1440470","candidates":[]}]],[[{"start":0,"end":10,"url":null,"entity_id":"Q29378806","candidates":[]}],[{"start":0,"end":9,"url":null,"entity_id":"Q334","candidates":[]}],[{"start":0,"end":7,"url":null,"entity_id":"Q1023867","candidates":[]}]],[[{"start":0,"end":12,"url":null,"entity_id":"Q31198397","candidates":[]}],[{"start":0,"end":6,"url":null,"entity_id":"Q804","candidates":[]}],[{"start":0,"end":30,"url":null,"entity_id":"Q869570","candidates":[]}]],[[{"start":0,"end":10,"url":null,"entity_id":"Q20010356","candidates":[]}],[{"start":0,"end":6,"url":null,"entity_id":"Q804","candidates":[]}],[{"start":0,"end":30,"url":null,"entity_id":"Q869570","candidates":[]}]],[[{"start":0,"end":9,"url":null,"entity_id":"Q18759253","candidates":[]}],[{"start":0,"end":6,"url":null,"entity_id":"Q804","candidates":[]}],[{"start":0,"end":30,"url":null,"entity_id":"Q869570","candidates":[]}]],[[{"start":0,"end":14,"url":null,"entity_id":"Q30095850","candidates":[]}],[{"start":0,"end":9,"url":null,"entity_id":"Q8646","candidates":[]}],[{"start":0,"end":30,"url":null,"entity_id":"Q727161","candidates":[]}]],[[{"start":0,"end":10,"url":null,"entity_id":"Q11291497","candidates":[]}],[{"start":0,"end":6,"url":null,"entity_id":"Q804","candidates":[]}],[{"start":0,"end":16,"url":null,"entity_id":"Q706946","candidates":[]}]],[[{"start":0,"end":13,"url":null,"entity_id":"Q11327144","candidates":[]}],[{"start":0,"end":6,"url":null,"entity_id":"Q804","candidates":[]}],[{"start":0,"end":6,"url":null,"entity_id":"Q425880","candidates":[]}]],[[{"start":0,"end":19,"url":null,"entity_id":"Q7393194","candidates":[]}],[{"start":0,"end":14,"url":null,"entity_id":"Q145","candidates":[]}],[{"start":0,"end":10,"url":null,"entity_id":"Q172771","candidates":[]}]],[[{"start":0,"end":14,"url":null,"entity_id":"Q52351738","candidates":[]}],[{"start":0,"end":9,"url":null,"entity_id":"Q8646","candidates":[]}],[{"start":0,"end":29,"url":null,"entity_id":"Q57315440","candidates":[]}]]]}