{"version":"1.2","table":{"version":"2","table_id":"UPW9EUXX","columns":[{"index":0,"name":"col0","values":["Crucifix (Cross No. 20)","Altar crucifix","Crucifix","Crucifix by the Master of the Bigallo Crucifixion","Painted Cross","Cut-out Crucifix","Painted crucifix","crucified with stone","en=crucifix","Crucifix","Processional cross","Painted Cross","Crucifix no. 434","Crucifix","Crucifix","Crucifix","Crucifix","Crucifix with stories of the Passion and Redemption","Crucifix","Crucifix"]},{"index":1,"name":"col1","values":["parchment","tempera","tempera","gold","gold","gold","wood","wood","wood","wood","wood","wood","wood","wood","wood","wood","wood","wood","wood","wood"]},{"index":2,"name":"col2","values":["1210-01-01","1187-01-01","1320-01-01","1250-01-01","1315-01-01","1410-01-01","1390-01-01","1230-01-01","1250-01-01","1250-01-01","1240-01-01","1300-01-01","1240-01-01","1230-01-01","1272-01-01","1250-01-01","1260-01-01","1180-01-01","1290-01-01","1330-01-01"]}]},"context":{"page_title":null,"page_url":null,"page_entity_id":null,"content_hierarchy":[]},"links":[[[{"start":0,"end":14,"url":null,"entity_id":"Q18611097","candidates":[]}],[{"start":0,"end":7,"url":null,"entity_id":"Q175166","candidates":[]}],[]],[[{"start":0,"end":8,"url":null,"entity_id":"Q18611094","candidates":[]}],[{"start":0,"end":7,"url":null,"entity_id":"Q175166","candidates":[]}],[]],[[{"start":0,"end":49,"url":null,"entity_id":"Q18577996","candidates":[]}],[{"start":0,"end":4,"url":null,"entity_id":"Q897","candidates":[]}],[]],[[{"start":0,"end":13,"url":null,"entity_id":"Q3005511","candidates":[]}],[{"start":0,"end":4,"url":null,"entity_id":"Q897","candidates":[]}],[]],[[{"start":0,"end":16,"url":null,"entity_id":"Q3005507","candidates":[]}],[{"start":0,"end":4,"url":null,"entity_id":"Q897","candidates":[]}],[]],[[{"start":0,"end":16,"url":null,"entity_id":"Q19947630","candidates":[]}],[{"start":0,"end":4,"url":null,"entity_id":"Q287","candidates":[]}],[]],[[{"start":0,"end":20,"url":null,"entity_id":"Q18611101","candidates":[]}],[{"start":0,"end":4,"url":null,"entity_id":"Q287","candidates":[]}],[]],[[{"start":0,"end":11,"url":null,"entity_id":"Q18611100","candidates":[]}],[{"start":0,"end":4,"url":null,"entity_id":"Q287","candidates":[]}],[]],[[{"start":0,"end":8,"url":null,"entity_id":"Q18534326","candidates":[]}],[{"start":0,"end":4,"url":null,"entity_id":"Q287","candidates":[]}],[]],[[{"start":0,"end":18,"url":null,"entity_id":"Q17628375","candidates":[]}],[{"start":0,"end":4,"url":null,"entity_id":"Q287","candidates":[]}],[]],[[{"start":0,"end":13,"url":null,"entity_id":"Q16265844","candidates":[]}],[{"start":0,"end":4,"url":null,"entity_id":"Q287","candidates":[]}],[]],[[{"start":0,"end":16,"url":null,"entity_id":"Q3698266","candidates":[]}],[{"start":0,"end":4,"url":null,"entity_id":"Q287","candidates":[]}],[]],[[{"start":0,"end":8,"url":null,"entity_id":"Q3698262","candidates":[]}],[{"start":0,"end":4,"url":null,"entity_id":"Q287","candidates":[]}],[]],[[{"start":0,"end":8,"url":null,"entity_id":"Q3698260","candidates":[]}],[{"start":0,"end":4,"url":null,"entity_id":"Q287","candidates":[]}],[]],[[{"start":0,"end":8,"url":null,"entity_id":"Q3698243","candidates":[]}],[{"start":0,"end":4,"url":null,"entity_id":"Q287","candidates":[]}],[]],[[{"start":0,"end":8,"url":null,"entity_id":"Q3698240","candidates":[]}],[{"start":0,"end":4,"url":null,"entity_id":"Q287","candidates":[]}],[]],[[{"start":0,"end":51,"url":null,"entity_id":"Q3698238","candidates":[]}],[{"start":0,"end":4,"url":null,"entity_id":"Q287","candidates":[]}],[]],[[{"start":0,"end":8,"url":null,"entity_id":"Q3005520","candidates":[]}],[{"start":0,"end":4,"url":null,"entity_id":"Q287","candidates":[]}],[]],[[{"start":0,"end":8,"url":null,"entity_id":"Q3005519","candidates":[]}],[{"start":0,"end":4,"url":null,"entity_id":"Q287","candidates":[]}],[]],[[{"start":0,"end":23,"url":null,"entity_id":"Q3698265","candidates":[]}],[{"start":0,"end":9,"url":null,"entity_id":"Q226697","candidates":[]}],[]]]}