{"version":"1.2","table":{"version":"2","table_id":"UQ7X50WS","columns":[{"index":0,"name":"col0","values":["Optical Gravitational Lensing Experiment","C-Band All Sky Survey","The INT Photometric H-Alpha Survey","WiggleZ Dark Energy Survey","Palomar Distant Solar System Survey","Magellan Planet Search Program","The Dark Energy Survey","Calán/Tololo Survey","2MASS","Bolocam Galactic Plane Survey","Calar Alto Legacy Integral Field Area Survey","Catalina Sky Survey","Lick–Carnegie Exoplanet Survey","Palomar–Leiden survey","PALFA Survey","GALEX Arecibo SDSS Survey","Cosmic Assembly Near-infrared Deep Extragalactic Legacy Survey","Cluster Lensing And Supernova survey with Hubble","Sagittarius Window Eclipsing Extrasolar Planet Search","Pico dos Dias Survey"]},{"index":1,"name":"col1","values":["extrasolar planet","Milky Way","OB star","Baryon acoustic oscillations","trans-Neptunian object","extrasolar planet","dark energy","supernova","galaxy","star formation","galaxy","near-Earth object","extrasolar planet","asteroid","pulsar","galaxy","galaxy formation and evolution","galaxy cluster","extrasolar planet","T Tauri type star"]},{"index":2,"name":"col2","values":["Warsaw Telescope","C-BASS North","Isaac Newton Telescope","Anglo-Australian Telescope","Samuel Oschin telescope","Magellan Telescopes","Cerro Tololo Inter-American Observatory","Cerro Tololo Inter-American Observatory","Cerro Tololo Inter-American Observatory","Caltech Submillimeter Observatory","Calar Alto Observatory","Mount Lemmon Observatory","W. M. Keck Observatory","Leiden Observatory","Arecibo Observatory","Arecibo Observatory","Hubble Space Telescope","Hubble Space Telescope","Hubble Space Telescope","Pico dos Dias Observatory"]}]},"context":{"page_title":null,"page_url":null,"page_entity_id":null,"content_hierarchy":[]},"links":[[[{"start":0,"end":21,"url":null,"entity_id":"Q16956185","candidates":[]}],[{"start":0,"end":9,"url":null,"entity_id":"Q321","candidates":[]}],[{"start":0,"end":12,"url":null,"entity_id":"Q41716258","candidates":[]}]],[[{"start":0,"end":34,"url":null,"entity_id":"Q3146779","candidates":[]}],[{"start":0,"end":7,"url":null,"entity_id":"Q5886","candidates":[]}],[{"start":0,"end":22,"url":null,"entity_id":"Q3129922","candidates":[]}]],[[{"start":0,"end":26,"url":null,"entity_id":"Q23309753","candidates":[]}],[{"start":0,"end":28,"url":null,"entity_id":"Q809676","candidates":[]}],[{"start":0,"end":26,"url":null,"entity_id":"Q2632045","candidates":[]}]],[[{"start":0,"end":35,"url":null,"entity_id":"Q7128603","candidates":[]}],[{"start":0,"end":22,"url":null,"entity_id":"Q6592","candidates":[]}],[{"start":0,"end":23,"url":null,"entity_id":"Q2428910","candidates":[]}]],[[{"start":0,"end":30,"url":null,"entity_id":"Q6730084","candidates":[]}],[{"start":0,"end":17,"url":null,"entity_id":"Q44559","candidates":[]}],[{"start":0,"end":19,"url":null,"entity_id":"Q1541020","candidates":[]}]],[[{"start":0,"end":22,"url":null,"entity_id":"Q7728930","candidates":[]}],[{"start":0,"end":11,"url":null,"entity_id":"Q18343","candidates":[]}],[{"start":0,"end":39,"url":null,"entity_id":"Q1056113","candidates":[]}]],[[{"start":0,"end":19,"url":null,"entity_id":"Q5024784","candidates":[]}],[{"start":0,"end":9,"url":null,"entity_id":"Q3937","candidates":[]}],[{"start":0,"end":39,"url":null,"entity_id":"Q1056113","candidates":[]}]],[[{"start":0,"end":5,"url":null,"entity_id":"Q1454942","candidates":[]}],[{"start":0,"end":6,"url":null,"entity_id":"Q318","candidates":[]}],[{"start":0,"end":39,"url":null,"entity_id":"Q1056113","candidates":[]}]],[[{"start":0,"end":29,"url":null,"entity_id":"Q4939961","candidates":[]}],[{"start":0,"end":14,"url":null,"entity_id":"Q16744","candidates":[]}],[{"start":0,"end":33,"url":null,"entity_id":"Q1027482","candidates":[]}]],[[{"start":0,"end":44,"url":null,"entity_id":"Q25109586","candidates":[]}],[{"start":0,"end":6,"url":null,"entity_id":"Q318","candidates":[]}],[{"start":0,"end":22,"url":null,"entity_id":"Q1026264","candidates":[]}]],[[{"start":0,"end":19,"url":null,"entity_id":"Q515838","candidates":[]}],[{"start":0,"end":17,"url":null,"entity_id":"Q265392","candidates":[]}],[{"start":0,"end":24,"url":null,"entity_id":"Q224761","candidates":[]}]],[[{"start":0,"end":30,"url":null,"entity_id":"Q6543515","candidates":[]}],[{"start":0,"end":17,"url":null,"entity_id":"Q44559","candidates":[]}],[{"start":0,"end":22,"url":null,"entity_id":"Q210997","candidates":[]}]],[[{"start":0,"end":21,"url":null,"entity_id":"Q2048368","candidates":[]}],[{"start":0,"end":8,"url":null,"entity_id":"Q3863","candidates":[]}],[{"start":0,"end":18,"url":null,"entity_id":"Q186244","candidates":[]}]],[[{"start":0,"end":12,"url":null,"entity_id":"Q7118129","candidates":[]}],[{"start":0,"end":6,"url":null,"entity_id":"Q4360","candidates":[]}],[{"start":0,"end":19,"url":null,"entity_id":"Q44547","candidates":[]}]],[[{"start":0,"end":25,"url":null,"entity_id":"Q16928201","candidates":[]}],[{"start":0,"end":6,"url":null,"entity_id":"Q318","candidates":[]}],[{"start":0,"end":19,"url":null,"entity_id":"Q44547","candidates":[]}]],[[{"start":0,"end":62,"url":null,"entity_id":"Q16951990","candidates":[]}],[{"start":0,"end":30,"url":null,"entity_id":"Q1995140","candidates":[]}],[{"start":0,"end":22,"url":null,"entity_id":"Q2513","candidates":[]}]],[[{"start":0,"end":48,"url":null,"entity_id":"Q5136682","candidates":[]}],[{"start":0,"end":14,"url":null,"entity_id":"Q204107","candidates":[]}],[{"start":0,"end":22,"url":null,"entity_id":"Q2513","candidates":[]}]],[[{"start":0,"end":53,"url":null,"entity_id":"Q2665313","candidates":[]}],[{"start":0,"end":17,"url":null,"entity_id":"Q44559","candidates":[]}],[{"start":0,"end":22,"url":null,"entity_id":"Q2513","candidates":[]}]],[[{"start":0,"end":20,"url":null,"entity_id":"Q65640216","candidates":[]}],[{"start":0,"end":17,"url":null,"entity_id":"Q6232","candidates":[]}],[{"start":0,"end":25,"url":null,"entity_id":"Q938369","candidates":[]}]],[[{"start":0,"end":40,"url":null,"entity_id":"Q1032158","candidates":[]}],[{"start":0,"end":17,"url":null,"entity_id":"Q44559","candidates":[]}],[{"start":0,"end":16,"url":null,"entity_id":"Q42127852","candidates":[]}]]]}