{"version":"1.2","table":{"version":"2","table_id":"UU0BQ1XJ","columns":[{"index":0,"name":"col0","values":["PGC 20557","PG 14858","GCA 291","CGCG 293-00<","IC 1626","IC 1:20","IC 191","IC 208","I 2162","IC 3209","ID 2389","I 2978","IC 303","JC 005","IC 305","IC 3178","LC 3131","IC 320:","IC3193","IC 333"]},{"index":1,"name":"col1","values":["-0.039234","-1.003","2.577","0.187677","-4.141","-0.101","12.713904","11.70576","1.404102","0.08019","-12.416604999999999","-24.449418","-6.511394999999999","-2.672727","-26.672973","-16.076956","-1.039616","-0.453264","0.636513","-0.196218"]},{"index":2,"name":"col2","values":["0.0273273","0.6090903","1.3343911999999998","0.1551641","9.3154","0.297849","1.6880007","1.4228399999999999","0.2288115","0.00297","0.5416304","1.8816224000000001","0.3096875","0.477972","0.24520449999999996","0.270963","0.5111619000000001","0.880209","1.3547961","1.160793"]}]},"context":{"page_title":null,"page_url":null,"page_entity_id":null,"content_hierarchy":[]},"links":[[[{"start":0,"end":8,"url":null,"entity_id":"Q60236531","candidates":[]}],[],[]],[[{"start":0,"end":7,"url":null,"entity_id":"Q60226882","candidates":[]}],[],[]],[[{"start":0,"end":12,"url":null,"entity_id":"Q60226705","candidates":[]}],[],[]],[[{"start":0,"end":7,"url":null,"entity_id":"Q3694140","candidates":[]}],[],[]],[[{"start":0,"end":7,"url":null,"entity_id":"Q3692523","candidates":[]}],[],[]],[[{"start":0,"end":6,"url":null,"entity_id":"Q3692424","candidates":[]}],[],[]],[[{"start":0,"end":6,"url":null,"entity_id":"Q3692354","candidates":[]}],[],[]],[[{"start":0,"end":6,"url":null,"entity_id":"Q3692101","candidates":[]}],[],[]],[[{"start":0,"end":7,"url":null,"entity_id":"Q3691817","candidates":[]}],[],[]],[[{"start":0,"end":7,"url":null,"entity_id":"Q3690423","candidates":[]}],[],[]],[[{"start":0,"end":6,"url":null,"entity_id":"Q3688222","candidates":[]}],[],[]],[[{"start":0,"end":6,"url":null,"entity_id":"Q3688099","candidates":[]}],[],[]],[[{"start":0,"end":6,"url":null,"entity_id":"Q3688081","candidates":[]}],[],[]],[[{"start":0,"end":6,"url":null,"entity_id":"Q3688003","candidates":[]}],[],[]],[[{"start":0,"end":7,"url":null,"entity_id":"Q3687802","candidates":[]}],[],[]],[[{"start":0,"end":7,"url":null,"entity_id":"Q3687645","candidates":[]}],[],[]],[[{"start":0,"end":7,"url":null,"entity_id":"Q3687538","candidates":[]}],[],[]],[[{"start":0,"end":6,"url":null,"entity_id":"Q3687486","candidates":[]}],[],[]],[[{"start":0,"end":6,"url":null,"entity_id":"Q3687087","candidates":[]}],[],[]],[[{"start":0,"end":9,"url":null,"entity_id":"Q60236624","candidates":[]}],[],[]]]}