{"version":"1.2","table":{"version":"2","table_id":"UX5N5Z4N","columns":[{"index":0,"name":"col0","values":["Pratapgarh district","Kodagu district","Raichur district","Longleng district","Wayanad district","Udaipur district","Daman District","Kozhikode district","Jagatsinghpur district","Kohima district","Thane district","Balangir district","Nicobar district","North West Delhi district","North Delhi district","Dimapur district","Barabanki district","Karnal district","Agra district","Rajsamand district"]},{"index":1,"name":"col1","values":["491","900","400","1066","700","577","0","127","559.31","1444","11","115","642","213","213","260","125","228","169","532"]},{"index":2,"name":"col2","values":["796041","473531","1438464","42871","785840","2459994","32313","1013721","1020991","146900","2545470","1451616","36842","213950","17746","180942","2929896","1050514","2394602","972777"]}]},"context":{"page_title":null,"page_url":null,"page_entity_id":null,"content_hierarchy":[]},"links":[[[{"start":0,"end":15,"url":null,"entity_id":"Q1553185","candidates":[]}],[],[]],[[{"start":0,"end":16,"url":null,"entity_id":"Q1430830","candidates":[]}],[],[]],[[{"start":0,"end":17,"url":null,"entity_id":"Q1426783","candidates":[]}],[],[]],[[{"start":0,"end":16,"url":null,"entity_id":"Q1364427","candidates":[]}],[],[]],[[{"start":0,"end":16,"url":null,"entity_id":"Q1321577","candidates":[]}],[],[]],[[{"start":0,"end":14,"url":null,"entity_id":"Q1158197","candidates":[]}],[],[]],[[{"start":0,"end":18,"url":null,"entity_id":"Q1142979","candidates":[]}],[],[]],[[{"start":0,"end":22,"url":null,"entity_id":"Q971581","candidates":[]}],[],[]],[[{"start":0,"end":15,"url":null,"entity_id":"Q953530","candidates":[]}],[],[]],[[{"start":0,"end":14,"url":null,"entity_id":"Q943099","candidates":[]}],[],[]],[[{"start":0,"end":17,"url":null,"entity_id":"Q804642","candidates":[]}],[],[]],[[{"start":0,"end":16,"url":null,"entity_id":"Q797295","candidates":[]}],[],[]],[[{"start":0,"end":25,"url":null,"entity_id":"Q766125","candidates":[]}],[],[]],[[{"start":0,"end":20,"url":null,"entity_id":"Q693367","candidates":[]}],[],[]],[[{"start":0,"end":16,"url":null,"entity_id":"Q634262","candidates":[]}],[],[]],[[{"start":0,"end":18,"url":null,"entity_id":"Q633114","candidates":[]}],[],[]],[[{"start":0,"end":15,"url":null,"entity_id":"Q607915","candidates":[]}],[],[]],[[{"start":0,"end":13,"url":null,"entity_id":"Q606343","candidates":[]}],[],[]],[[{"start":0,"end":18,"url":null,"entity_id":"Q596693","candidates":[]}],[],[]],[[{"start":0,"end":19,"url":null,"entity_id":"Q1585433","candidates":[]}],[],[]]]}