{"version":"1.2","table":{"version":"2","table_id":"V3HKPH54","columns":[{"index":0,"name":"col0","values":["Fraunhofer Society","German Research Foundation","American Statistical Association","Société zoologique de France","Royal Entomological Society","Institute of Physics","Arbeitsgemeinschaft Deutsche Lateinamerika-Forschung","Max Planck Society","German Association for the Protection of Intellectual Property","American Chemical Society","Association for Computing Machinery","American Geophysical Union","Acoustical Society of America","International Society for Computational Biology","American Society for Biochemistry and Molecular Biology","AOAC International","American Society of Agronomy","Entomological Society of America","Imperatorskoe sankt-peterburgskoe obshchestvo estestvoispytateleĭ","Estonian Naturalists' Society"]},{"index":1,"name":"col1","values":["Germany","Germany","United States of America","France","United Kingdom","United Kingdom","Germany","Germany","Germany","United States of America","United States of America","United States of America","United States of America","United States of America","United States of America","United States of America","United States of America","United States of America","Russia","Estonia"]},{"index":2,"name":"col2","values":["Munich","Bonn","Boston","Paris","London","London","Berlin","Berlin","Berlin","Washington, D.C.","New York City","United States of America","Melville","Leesburg","Rockville","Rockville","Madison","Annapolis","Saint Petersburg State University","Tartu"]}]},"context":{"page_title":null,"page_url":null,"page_entity_id":null,"content_hierarchy":[]},"links":[[[{"start":0,"end":26,"url":null,"entity_id":"Q707283","candidates":[]}],[{"start":0,"end":7,"url":null,"entity_id":"Q183","candidates":[]}],[{"start":0,"end":4,"url":null,"entity_id":"Q586","candidates":[]}]],[[{"start":0,"end":32,"url":null,"entity_id":"Q467040","candidates":[]}],[{"start":0,"end":24,"url":null,"entity_id":"Q30","candidates":[]}],[{"start":0,"end":6,"url":null,"entity_id":"Q100","candidates":[]}]],[[{"start":0,"end":28,"url":null,"entity_id":"Q749105","candidates":[]}],[{"start":0,"end":6,"url":null,"entity_id":"Q142","candidates":[]}],[{"start":0,"end":5,"url":null,"entity_id":"Q90","candidates":[]}]],[[{"start":0,"end":27,"url":null,"entity_id":"Q673864","candidates":[]}],[{"start":0,"end":14,"url":null,"entity_id":"Q145","candidates":[]}],[{"start":0,"end":6,"url":null,"entity_id":"Q84","candidates":[]}]],[[{"start":0,"end":20,"url":null,"entity_id":"Q513283","candidates":[]}],[{"start":0,"end":14,"url":null,"entity_id":"Q145","candidates":[]}],[{"start":0,"end":6,"url":null,"entity_id":"Q84","candidates":[]}]],[[{"start":0,"end":52,"url":null,"entity_id":"Q627475","candidates":[]}],[{"start":0,"end":7,"url":null,"entity_id":"Q183","candidates":[]}],[{"start":0,"end":6,"url":null,"entity_id":"Q64","candidates":[]}]],[[{"start":0,"end":18,"url":null,"entity_id":"Q158085","candidates":[]}],[{"start":0,"end":7,"url":null,"entity_id":"Q183","candidates":[]}],[{"start":0,"end":6,"url":null,"entity_id":"Q64","candidates":[]}]],[[{"start":0,"end":62,"url":null,"entity_id":"Q120222","candidates":[]}],[{"start":0,"end":7,"url":null,"entity_id":"Q183","candidates":[]}],[{"start":0,"end":6,"url":null,"entity_id":"Q64","candidates":[]}]],[[{"start":0,"end":25,"url":null,"entity_id":"Q247556","candidates":[]}],[{"start":0,"end":24,"url":null,"entity_id":"Q30","candidates":[]}],[{"start":0,"end":16,"url":null,"entity_id":"Q61","candidates":[]}]],[[{"start":0,"end":35,"url":null,"entity_id":"Q127992","candidates":[]}],[{"start":0,"end":24,"url":null,"entity_id":"Q30","candidates":[]}],[{"start":0,"end":13,"url":null,"entity_id":"Q60","candidates":[]}]],[[{"start":0,"end":26,"url":null,"entity_id":"Q464704","candidates":[]}],[{"start":0,"end":24,"url":null,"entity_id":"Q30","candidates":[]}],[{"start":0,"end":24,"url":null,"entity_id":"Q30","candidates":[]}]],[[{"start":0,"end":29,"url":null,"entity_id":"Q4064243","candidates":[]}],[{"start":0,"end":24,"url":null,"entity_id":"Q30","candidates":[]}],[{"start":0,"end":8,"url":null,"entity_id":"Q3101080","candidates":[]}]],[[{"start":0,"end":47,"url":null,"entity_id":"Q4288281","candidates":[]}],[{"start":0,"end":24,"url":null,"entity_id":"Q30","candidates":[]}],[{"start":0,"end":8,"url":null,"entity_id":"Q1012089","candidates":[]}]],[[{"start":0,"end":55,"url":null,"entity_id":"Q4745009","candidates":[]}],[{"start":0,"end":24,"url":null,"entity_id":"Q30","candidates":[]}],[{"start":0,"end":9,"url":null,"entity_id":"Q327022","candidates":[]}]],[[{"start":0,"end":18,"url":null,"entity_id":"Q4653128","candidates":[]}],[{"start":0,"end":24,"url":null,"entity_id":"Q30","candidates":[]}],[{"start":0,"end":9,"url":null,"entity_id":"Q327022","candidates":[]}]],[[{"start":0,"end":28,"url":null,"entity_id":"Q4745047","candidates":[]}],[{"start":0,"end":24,"url":null,"entity_id":"Q30","candidates":[]}],[{"start":0,"end":7,"url":null,"entity_id":"Q43788","candidates":[]}]],[[{"start":0,"end":32,"url":null,"entity_id":"Q3487623","candidates":[]}],[{"start":0,"end":24,"url":null,"entity_id":"Q30","candidates":[]}],[{"start":0,"end":9,"url":null,"entity_id":"Q28271","candidates":[]}]],[[{"start":0,"end":65,"url":null,"entity_id":"Q4407753","candidates":[]}],[{"start":0,"end":6,"url":null,"entity_id":"Q159","candidates":[]}],[{"start":0,"end":33,"url":null,"entity_id":"Q27621","candidates":[]}]],[[{"start":0,"end":29,"url":null,"entity_id":"Q5401601","candidates":[]}],[{"start":0,"end":7,"url":null,"entity_id":"Q191","candidates":[]}],[{"start":0,"end":5,"url":null,"entity_id":"Q13972","candidates":[]}]],[[{"start":0,"end":18,"url":null,"entity_id":"Q161057","candidates":[]}],[{"start":0,"end":7,"url":null,"entity_id":"Q183","candidates":[]}],[{"start":0,"end":6,"url":null,"entity_id":"Q1726","candidates":[]}]]]}