{"version":"1.2","table":{"version":"2","table_id":"V3RW3BL3","columns":[{"index":0,"name":"col0","values":["choir part of former Vrouwekerk","Ensenerkerk","Old Stanmore Church","St Bridget's Kirk","Ruïnekerk, Warmond","St Magnus Church (Egilsay)","Balnakeil Church","Cross Kirk","San Dionisio Church Ruins","Sankta Gertruds kyrkoruin, Visby","Drotten church ruin","Saint Nicolaus church ruin in Visby","Saint Lars church ruin, Visby","St. Göran's Church ruin","St. Clement church ruin","St Bartholomew's Church","Church of Saint James the Greater (Louchov)","St. Gertrude's Church (Gabrje)","Leicester's Church (remains)","archaeological site Kö 2.3"]},{"index":1,"name":"col1","values":["Rijksmonument","Rijksmonument","Grade II* listed building or structure","scheduled monument","Rijksmonument","scheduled monument","category B listed building","scheduled monument","place listed on the National Register of Historic Places","monument in Fornminnesregistret","monument in Fornminnesregistret","monument in Fornminnesregistret","monument in Fornminnesregistret","monument in Fornminnesregistret","monument in Fornminnesregistret","scheduled monument","cultural monument of the Czech Republic","monument of local significance","Grade I listed building","site in Åland archaeological sites register"]},{"index":2,"name":"col2","values":["Leiden","Ens","Stanmore","Dalgety Bay","Warmond","Egilsay","Sutherland","Peebles","Umatac, Guam","Visby","Visby","Visby","Visby","Visby","Visby","Heigham","Louchov","Gabrje, Novo Mesto","Denbigh","Hamnö"]}]},"context":{"page_title":null,"page_url":null,"page_entity_id":null,"content_hierarchy":[]},"links":[[[{"start":0,"end":11,"url":null,"entity_id":"Q17437659","candidates":[]}],[{"start":0,"end":13,"url":null,"entity_id":"Q916333","candidates":[]}],[{"start":0,"end":3,"url":null,"entity_id":"Q2805272","candidates":[]}]],[[{"start":0,"end":19,"url":null,"entity_id":"Q17551595","candidates":[]}],[{"start":0,"end":38,"url":null,"entity_id":"Q15700831","candidates":[]}],[{"start":0,"end":8,"url":null,"entity_id":"Q2279685","candidates":[]}]],[[{"start":0,"end":17,"url":null,"entity_id":"Q1836683","candidates":[]}],[{"start":0,"end":18,"url":null,"entity_id":"Q219538","candidates":[]}],[{"start":0,"end":11,"url":null,"entity_id":"Q1984807","candidates":[]}]],[[{"start":0,"end":18,"url":null,"entity_id":"Q17446666","candidates":[]}],[{"start":0,"end":13,"url":null,"entity_id":"Q916333","candidates":[]}],[{"start":0,"end":7,"url":null,"entity_id":"Q1615421","candidates":[]}]],[[{"start":0,"end":26,"url":null,"entity_id":"Q2556828","candidates":[]}],[{"start":0,"end":18,"url":null,"entity_id":"Q219538","candidates":[]}],[{"start":0,"end":7,"url":null,"entity_id":"Q1297992","candidates":[]}]],[[{"start":0,"end":16,"url":null,"entity_id":"Q2199319","candidates":[]}],[{"start":0,"end":26,"url":null,"entity_id":"Q10729125","candidates":[]}],[{"start":0,"end":10,"url":null,"entity_id":"Q1061313","candidates":[]}]],[[{"start":0,"end":10,"url":null,"entity_id":"Q2463503","candidates":[]}],[{"start":0,"end":18,"url":null,"entity_id":"Q219538","candidates":[]}],[{"start":0,"end":7,"url":null,"entity_id":"Q1011507","candidates":[]}]],[[{"start":0,"end":25,"url":null,"entity_id":"Q4255891","candidates":[]}],[{"start":0,"end":56,"url":null,"entity_id":"Q19558910","candidates":[]}],[{"start":0,"end":12,"url":null,"entity_id":"Q531529","candidates":[]}]],[[{"start":0,"end":32,"url":null,"entity_id":"Q10659441","candidates":[]}],[{"start":0,"end":31,"url":null,"entity_id":"Q21287602","candidates":[]}],[{"start":0,"end":5,"url":null,"entity_id":"Q54757","candidates":[]}]],[[{"start":0,"end":19,"url":null,"entity_id":"Q10659436","candidates":[]}],[{"start":0,"end":31,"url":null,"entity_id":"Q21287602","candidates":[]}],[{"start":0,"end":5,"url":null,"entity_id":"Q54757","candidates":[]}]],[[{"start":0,"end":35,"url":null,"entity_id":"Q10659417","candidates":[]}],[{"start":0,"end":31,"url":null,"entity_id":"Q21287602","candidates":[]}],[{"start":0,"end":5,"url":null,"entity_id":"Q54757","candidates":[]}]],[[{"start":0,"end":29,"url":null,"entity_id":"Q10659407","candidates":[]}],[{"start":0,"end":31,"url":null,"entity_id":"Q21287602","candidates":[]}],[{"start":0,"end":5,"url":null,"entity_id":"Q54757","candidates":[]}]],[[{"start":0,"end":23,"url":null,"entity_id":"Q10659391","candidates":[]}],[{"start":0,"end":31,"url":null,"entity_id":"Q21287602","candidates":[]}],[{"start":0,"end":5,"url":null,"entity_id":"Q54757","candidates":[]}]],[[{"start":0,"end":23,"url":null,"entity_id":"Q10659373","candidates":[]}],[{"start":0,"end":31,"url":null,"entity_id":"Q21287602","candidates":[]}],[{"start":0,"end":5,"url":null,"entity_id":"Q54757","candidates":[]}]],[[{"start":0,"end":23,"url":null,"entity_id":"Q17646091","candidates":[]}],[{"start":0,"end":18,"url":null,"entity_id":"Q219538","candidates":[]}],[{"start":0,"end":7,"url":null,"entity_id":"Q66625294","candidates":[]}]],[[{"start":0,"end":43,"url":null,"entity_id":"Q18907471","candidates":[]}],[{"start":0,"end":39,"url":null,"entity_id":"Q385405","candidates":[]}],[{"start":0,"end":7,"url":null,"entity_id":"Q12033971","candidates":[]}]],[[{"start":0,"end":30,"url":null,"entity_id":"Q18515901","candidates":[]}],[{"start":0,"end":30,"url":null,"entity_id":"Q18363639","candidates":[]}],[{"start":0,"end":18,"url":null,"entity_id":"Q3439500","candidates":[]}]],[[{"start":0,"end":28,"url":null,"entity_id":"Q17736970","candidates":[]}],[{"start":0,"end":23,"url":null,"entity_id":"Q15700818","candidates":[]}],[{"start":0,"end":7,"url":null,"entity_id":"Q1186888","candidates":[]}]],[[{"start":0,"end":26,"url":null,"entity_id":"Q65971117","candidates":[]}],[{"start":0,"end":43,"url":null,"entity_id":"Q65967032","candidates":[]}],[{"start":0,"end":5,"url":null,"entity_id":"Q65962734","candidates":[]}]],[[{"start":0,"end":31,"url":null,"entity_id":"Q17339369","candidates":[]}],[{"start":0,"end":13,"url":null,"entity_id":"Q916333","candidates":[]}],[{"start":0,"end":6,"url":null,"entity_id":"Q33456378","candidates":[]}]]]}