{"version":"1.2","table":{"version":"2","table_id":"V4OA8YIQ","columns":[{"index":0,"name":"col0","values":["Hagenwerder substawion","Hamburg/Süd sustation","Gervteinwerk substation","Erzhasen PSW substation","Gethe substation","Guneremmingen substation","Grafenrjeinfeld substation","Heilbronn substdtion","Frmmersdorf substation","Großkrowzenburg substation","Friedrichshain substatlon","Kcrnap substation","Jochenstein subsvation","Ingolstadt substaion","Karlsruhe-Whst substation","Huntorf substatin","Irsching\"substation","Krümmel substtion","Lubmin sbstation","Großgartach substation (TransneuBW)"]},{"index":1,"name":"col1","values":["49.95","50.05","49.9","49.5","49.85","50.2","49.5","50.349999999999994","50.1","49.75","50.4","50.24999999999999","49.75","49.75","50.24999999999999","50.24999999999999","49.95","49.5","50.24999999999999","49.95"]},{"index":2,"name":"col2","values":["109450.0","109340.0","109120.0","218680.0","376200.0","108900.0","110220.0","218460.0","110109.99999999999","109120.0","110000.0","108900.0","219560.0","109890.0","110440.0","221099.99999999997","110329.99999999999","111100.0","217800.0","109450.0"]},{"index":3,"name":"col3","values":["Hagenwerder power station","Moorburg Power Plant","Gerstein power station","Erzhausen power station","Hamm-Uentrop power station","Gundremmingen Nuclear Power Plant","Grafenrheinfeld Nuclear Power Plant","Heilbronn Power Station","Frimmersdorf Power Station","Staudinger Power Station","380 kV Berlin diagonal power line","Essen-Karnap incinerator","Jochenstein power station","Ingolstadt power station","West power station","Huntorf power station","Irsching Power Station","Krümmel Nuclear Power Plant","Greifswald Nuclear Power Plant","Großgartach substation (Süwag)"]}]},"context":{"page_title":null,"page_url":null,"page_entity_id":null,"content_hierarchy":[]},"links":[[[{"start":0,"end":21,"url":null,"entity_id":"Q53141282","candidates":[]}],[],[],[{"start":0,"end":20,"url":null,"entity_id":"Q1740916","candidates":[]}]],[[{"start":0,"end":23,"url":null,"entity_id":"Q53059300","candidates":[]}],[],[],[{"start":0,"end":22,"url":null,"entity_id":"Q1515067","candidates":[]}]],[[{"start":0,"end":23,"url":null,"entity_id":"Q53043326","candidates":[]}],[],[],[{"start":0,"end":23,"url":null,"entity_id":"Q1501444","candidates":[]}]],[[{"start":0,"end":16,"url":null,"entity_id":"Q53055731","candidates":[]}],[],[],[{"start":0,"end":26,"url":null,"entity_id":"Q1457084","candidates":[]}]],[[{"start":0,"end":24,"url":null,"entity_id":"Q53133194","candidates":[]}],[],[],[{"start":0,"end":33,"url":null,"entity_id":"Q657029","candidates":[]}]],[[{"start":0,"end":26,"url":null,"entity_id":"Q53061582","candidates":[]}],[],[],[{"start":0,"end":35,"url":null,"entity_id":"Q656869","candidates":[]}]],[[{"start":0,"end":20,"url":null,"entity_id":"Q53150792","candidates":[]}],[],[],[{"start":0,"end":23,"url":null,"entity_id":"Q318035","candidates":[]}]],[[{"start":0,"end":22,"url":null,"entity_id":"Q53054088","candidates":[]}],[],[],[{"start":0,"end":26,"url":null,"entity_id":"Q317198","candidates":[]}]],[[{"start":0,"end":26,"url":null,"entity_id":"Q53131216","candidates":[]}],[],[],[{"start":0,"end":24,"url":null,"entity_id":"Q277070","candidates":[]}]],[[{"start":0,"end":25,"url":null,"entity_id":"Q53053582","candidates":[]}],[],[],[{"start":0,"end":33,"url":null,"entity_id":"Q228061","candidates":[]}]],[[{"start":0,"end":17,"url":null,"entity_id":"Q53260412","candidates":[]}],[],[],[{"start":0,"end":24,"url":null,"entity_id":"Q16854780","candidates":[]}]],[[{"start":0,"end":22,"url":null,"entity_id":"Q53255927","candidates":[]}],[],[],[{"start":0,"end":25,"url":null,"entity_id":"Q2752192","candidates":[]}]],[[{"start":0,"end":20,"url":null,"entity_id":"Q53244880","candidates":[]}],[],[],[{"start":0,"end":24,"url":null,"entity_id":"Q1640812","candidates":[]}]],[[{"start":0,"end":25,"url":null,"entity_id":"Q53259670","candidates":[]}],[],[],[{"start":0,"end":18,"url":null,"entity_id":"Q1601497","candidates":[]}]],[[{"start":0,"end":17,"url":null,"entity_id":"Q53165179","candidates":[]}],[],[],[{"start":0,"end":21,"url":null,"entity_id":"Q1315344","candidates":[]}]],[[{"start":0,"end":19,"url":null,"entity_id":"Q53246778","candidates":[]}],[],[],[{"start":0,"end":22,"url":null,"entity_id":"Q878529","candidates":[]}]],[[{"start":0,"end":17,"url":null,"entity_id":"Q55188462","candidates":[]}],[],[],[{"start":0,"end":27,"url":null,"entity_id":"Q703271","candidates":[]}]],[[{"start":0,"end":16,"url":null,"entity_id":"Q55195714","candidates":[]}],[],[],[{"start":0,"end":30,"url":null,"entity_id":"Q655947","candidates":[]}]],[[{"start":0,"end":35,"url":null,"entity_id":"Q53126418","candidates":[]}],[],[],[{"start":0,"end":30,"url":null,"entity_id":"Q53129265","candidates":[]}]],[[{"start":0,"end":22,"url":null,"entity_id":"Q53137536","candidates":[]}],[],[],[{"start":0,"end":25,"url":null,"entity_id":"Q1786106","candidates":[]}]]]}