{"version":"1.2","table":{"version":"2","table_id":"V53QZYEP","columns":[{"index":0,"name":"col0","values":["Banaripara Upazil","Bakerganj Xpazila","Mirzaganj Upazlla","Maopura Upazila","Bhola Sadar Upazina","Burhanuddin Upbzila","Bamna Upazioa","agannathpur Upazila","Companiganj Upazila, Syhet","Chunarughat\"Upazila","Chhatak Upazla","Bishwnath Upazila","Baniachang Urazia","Bahubal Upazioa","Amtli Upazila","Ajmiriganj Upazia","Tanail Sadar Upazila","Munshigan Sreenagar Upazila","Kulaura Upazjla","Satuakhai Sadar\"Updzila"]},{"index":1,"name":"col1","values":["134.72295999999997","414.6968","176.15179999999998","375.42914","409.02840000000003","284.10066","101.55524999999999","369.00654","280.2213","493.0424","431.71668","215.358","486.108","250.15868","718.59772","226.2198","335.93129999999996","161.75474","547.3671899999999","361.53214"]},{"index":2,"name":"col2","values":["147002.49599999998","312275.775","120498.84","75816.18","431811.55999999994","235029.3","80359.64","261825.40999999997","172984.826","300599.45","396449.074","234433.584","334192.64999999997","197205.012","270260.396","113122.35","379756.964","294823.0","358754.22","315196.152"]}]},"context":{"page_title":null,"page_url":null,"page_entity_id":null,"content_hierarchy":[]},"links":[[[{"start":0,"end":17,"url":null,"entity_id":"Q3346608","candidates":[]}],[],[]],[[{"start":0,"end":17,"url":null,"entity_id":"Q3346272","candidates":[]}],[],[]],[[{"start":0,"end":15,"url":null,"entity_id":"Q3346265","candidates":[]}],[],[]],[[{"start":0,"end":19,"url":null,"entity_id":"Q3346209","candidates":[]}],[],[]],[[{"start":0,"end":19,"url":null,"entity_id":"Q3346199","candidates":[]}],[],[]],[[{"start":0,"end":13,"url":null,"entity_id":"Q3346189","candidates":[]}],[],[]],[[{"start":0,"end":19,"url":null,"entity_id":"Q3346168","candidates":[]}],[],[]],[[{"start":0,"end":26,"url":null,"entity_id":"Q5155471","candidates":[]}],[],[]],[[{"start":0,"end":19,"url":null,"entity_id":"Q5116232","candidates":[]}],[],[]],[[{"start":0,"end":14,"url":null,"entity_id":"Q5094794","candidates":[]}],[],[]],[[{"start":0,"end":17,"url":null,"entity_id":"Q4918161","candidates":[]}],[],[]],[[{"start":0,"end":17,"url":null,"entity_id":"Q4855744","candidates":[]}],[],[]],[[{"start":0,"end":15,"url":null,"entity_id":"Q4842917","candidates":[]}],[],[]],[[{"start":0,"end":13,"url":null,"entity_id":"Q4748884","candidates":[]}],[],[]],[[{"start":0,"end":17,"url":null,"entity_id":"Q4699915","candidates":[]}],[],[]],[[{"start":0,"end":20,"url":null,"entity_id":"Q4451072","candidates":[]}],[],[]],[[{"start":0,"end":27,"url":null,"entity_id":"Q4307576","candidates":[]}],[],[]],[[{"start":0,"end":15,"url":null,"entity_id":"Q4246039","candidates":[]}],[],[]],[[{"start":0,"end":23,"url":null,"entity_id":"Q3346068","candidates":[]}],[],[]],[[{"start":0,"end":17,"url":null,"entity_id":"Q3346626","candidates":[]}],[],[]]]}