{"version":"1.2","table":{"version":"2","table_id":"LR913Y4B","columns":[{"index":0,"name":"col0","values":["Brestovăț","Câlnic","Adâncata","Șibot","Cenei","Faraoani","Cerna","Pianu","Nimigea","Vlădeni","Corbița","Corbasca","Rebrișoara","Moacșa","Feldioara","Hălchiu","Giulvăz","Cleja","Luizi-Călugăra","Satu Mare"]},{"index":1,"name":"col1","values":["133","459","354","210","77","208","54","458","287","193","126","186","338","546","389","505","77","161","330","337"]},{"index":2,"name":"col2","values":["UTC+02:00","UTC+02:00","UTC+02:00","UTC+02:00","UTC+02:00","UTC+02:00","UTC+02:00","UTC+02:00","UTC+02:00","UTC+02:00","UTC+02:00","UTC+02:00","UTC+02:00","UTC+02:00","UTC+02:00","UTC+02:00","UTC+02:00","UTC+02:00","UTC+02:00","UTC+02:00"]}]},"context":{"page_title":null,"page_url":null,"page_entity_id":null,"content_hierarchy":[]},"links":[[[{"start":0,"end":9,"url":null,"entity_id":"Q514748","candidates":[]}],[],[{"start":0,"end":9,"url":null,"entity_id":"Q6723","candidates":[]}]],[[{"start":0,"end":6,"url":null,"entity_id":"Q510532","candidates":[]}],[],[{"start":0,"end":9,"url":null,"entity_id":"Q6723","candidates":[]}]],[[{"start":0,"end":8,"url":null,"entity_id":"Q506706","candidates":[]}],[],[{"start":0,"end":9,"url":null,"entity_id":"Q6723","candidates":[]}]],[[{"start":0,"end":5,"url":null,"entity_id":"Q396988","candidates":[]}],[],[{"start":0,"end":9,"url":null,"entity_id":"Q6723","candidates":[]}]],[[{"start":0,"end":5,"url":null,"entity_id":"Q269201","candidates":[]}],[],[{"start":0,"end":9,"url":null,"entity_id":"Q6723","candidates":[]}]],[[{"start":0,"end":8,"url":null,"entity_id":"Q254871","candidates":[]}],[],[{"start":0,"end":9,"url":null,"entity_id":"Q6723","candidates":[]}]],[[{"start":0,"end":5,"url":null,"entity_id":"Q239839","candidates":[]}],[],[{"start":0,"end":9,"url":null,"entity_id":"Q6723","candidates":[]}]],[[{"start":0,"end":5,"url":null,"entity_id":"Q182693","candidates":[]}],[],[{"start":0,"end":9,"url":null,"entity_id":"Q6723","candidates":[]}]],[[{"start":0,"end":7,"url":null,"entity_id":"Q1188906","candidates":[]}],[],[{"start":0,"end":9,"url":null,"entity_id":"Q6723","candidates":[]}]],[[{"start":0,"end":7,"url":null,"entity_id":"Q1159701","candidates":[]}],[],[{"start":0,"end":9,"url":null,"entity_id":"Q6723","candidates":[]}]],[[{"start":0,"end":7,"url":null,"entity_id":"Q1132021","candidates":[]}],[],[{"start":0,"end":9,"url":null,"entity_id":"Q6723","candidates":[]}]],[[{"start":0,"end":8,"url":null,"entity_id":"Q1118909","candidates":[]}],[],[{"start":0,"end":9,"url":null,"entity_id":"Q6723","candidates":[]}]],[[{"start":0,"end":10,"url":null,"entity_id":"Q1111464","candidates":[]}],[],[{"start":0,"end":9,"url":null,"entity_id":"Q6723","candidates":[]}]],[[{"start":0,"end":6,"url":null,"entity_id":"Q1097245","candidates":[]}],[],[{"start":0,"end":9,"url":null,"entity_id":"Q6723","candidates":[]}]],[[{"start":0,"end":9,"url":null,"entity_id":"Q1094548","candidates":[]}],[],[{"start":0,"end":9,"url":null,"entity_id":"Q6723","candidates":[]}]],[[{"start":0,"end":7,"url":null,"entity_id":"Q1094277","candidates":[]}],[],[{"start":0,"end":9,"url":null,"entity_id":"Q6723","candidates":[]}]],[[{"start":0,"end":7,"url":null,"entity_id":"Q1092432","candidates":[]}],[],[{"start":0,"end":9,"url":null,"entity_id":"Q6723","candidates":[]}]],[[{"start":0,"end":5,"url":null,"entity_id":"Q1091669","candidates":[]}],[],[{"start":0,"end":9,"url":null,"entity_id":"Q6723","candidates":[]}]],[[{"start":0,"end":14,"url":null,"entity_id":"Q1091647","candidates":[]}],[],[{"start":0,"end":9,"url":null,"entity_id":"Q6723","candidates":[]}]],[[{"start":0,"end":9,"url":null,"entity_id":"Q1089034","candidates":[]}],[],[{"start":0,"end":9,"url":null,"entity_id":"Q6723","candidates":[]}]]]}