{"version":"1.2","table":{"version":"2","table_id":"LRJ6NALM","columns":[{"index":0,"name":"col0","values":["LP 442-52","G 146-70","HD 270818","G 219-26","G 261-35","G 261-34","G 224-74","HD 349726","RX J2350.0+2659","UCAC4 579-126555","UCAC4 712-117728","G 69-32","LP 449-10","G 137-60","LP 482-33","LP 425-176","Wolf 537","G 96-6","G 29-40","G 231-44","G 265-7","Ross 17","SP77 36-9","G 249-36","KOI-2705","LP 55-41"]},{"index":1,"name":"col1","values":["rotating variable star","rotating variable star","long period variable","rotating variable star","rotating variable star","rotating variable star","rotating variable star","rotating variable star","rotating variable star","rotating variable star","rotating variable star","rotating variable star","rotating variable star","rotating variable star","rotating variable star","rotating variable star","rotating variable star","rotating variable star","rotating variable star","rotating variable star","rotating variable star","rotating variable star","long period variable","rotating variable star","rotating variable star","rotating variable star"]},{"index":2,"name":"col2","values":["28.4929","40.7864","308.2234","31.1594","50.3292","43.354","30.1282","8.8334","33.2605","38.5652","29.1161","27.4963","14.9275","38.9965","45.6686","18.2937","29.5857","13.5526","57.459","28.6793","34.2425","32.7085","74.2225","16.3596","104.229","37.0362"]}]},"context":{"page_title":null,"page_url":null,"page_entity_id":null,"content_hierarchy":[]},"links":[[[{"start":0,"end":8,"url":null,"entity_id":"Q86254919","candidates":[]}],[{"start":0,"end":22,"url":null,"entity_id":"Q15917122","candidates":[]}],[]],[[{"start":0,"end":9,"url":null,"entity_id":"Q86288350","candidates":[]}],[{"start":0,"end":20,"url":null,"entity_id":"Q1153690","candidates":[]}],[]],[[{"start":0,"end":8,"url":null,"entity_id":"Q86371142","candidates":[]}],[{"start":0,"end":22,"url":null,"entity_id":"Q15917122","candidates":[]}],[]],[[{"start":0,"end":8,"url":null,"entity_id":"Q86366855","candidates":[]}],[{"start":0,"end":22,"url":null,"entity_id":"Q15917122","candidates":[]}],[]],[[{"start":0,"end":8,"url":null,"entity_id":"Q86366728","candidates":[]}],[{"start":0,"end":22,"url":null,"entity_id":"Q15917122","candidates":[]}],[]],[[{"start":0,"end":8,"url":null,"entity_id":"Q86386736","candidates":[]}],[{"start":0,"end":22,"url":null,"entity_id":"Q15917122","candidates":[]}],[]],[[{"start":0,"end":9,"url":null,"entity_id":"Q86112803","candidates":[]}],[{"start":0,"end":22,"url":null,"entity_id":"Q15917122","candidates":[]}],[]],[[{"start":0,"end":15,"url":null,"entity_id":"Q86102847","candidates":[]}],[{"start":0,"end":22,"url":null,"entity_id":"Q15917122","candidates":[]}],[]],[[{"start":0,"end":16,"url":null,"entity_id":"Q86102833","candidates":[]}],[{"start":0,"end":22,"url":null,"entity_id":"Q15917122","candidates":[]}],[]],[[{"start":0,"end":16,"url":null,"entity_id":"Q86102566","candidates":[]}],[{"start":0,"end":22,"url":null,"entity_id":"Q15917122","candidates":[]}],[]],[[{"start":0,"end":7,"url":null,"entity_id":"Q86095646","candidates":[]}],[{"start":0,"end":22,"url":null,"entity_id":"Q15917122","candidates":[]}],[]],[[{"start":0,"end":9,"url":null,"entity_id":"Q86094914","candidates":[]}],[{"start":0,"end":22,"url":null,"entity_id":"Q15917122","candidates":[]}],[]],[[{"start":0,"end":8,"url":null,"entity_id":"Q86091878","candidates":[]}],[{"start":0,"end":22,"url":null,"entity_id":"Q15917122","candidates":[]}],[]],[[{"start":0,"end":9,"url":null,"entity_id":"Q86091429","candidates":[]}],[{"start":0,"end":22,"url":null,"entity_id":"Q15917122","candidates":[]}],[]],[[{"start":0,"end":10,"url":null,"entity_id":"Q86194197","candidates":[]}],[{"start":0,"end":22,"url":null,"entity_id":"Q15917122","candidates":[]}],[]],[[{"start":0,"end":8,"url":null,"entity_id":"Q86193679","candidates":[]}],[{"start":0,"end":22,"url":null,"entity_id":"Q15917122","candidates":[]}],[]],[[{"start":0,"end":6,"url":null,"entity_id":"Q86191098","candidates":[]}],[{"start":0,"end":22,"url":null,"entity_id":"Q15917122","candidates":[]}],[]],[[{"start":0,"end":7,"url":null,"entity_id":"Q86065213","candidates":[]}],[{"start":0,"end":22,"url":null,"entity_id":"Q15917122","candidates":[]}],[]],[[{"start":0,"end":8,"url":null,"entity_id":"Q86064421","candidates":[]}],[{"start":0,"end":22,"url":null,"entity_id":"Q15917122","candidates":[]}],[]],[[{"start":0,"end":7,"url":null,"entity_id":"Q86055040","candidates":[]}],[{"start":0,"end":22,"url":null,"entity_id":"Q15917122","candidates":[]}],[]],[[{"start":0,"end":7,"url":null,"entity_id":"Q86043655","candidates":[]}],[{"start":0,"end":22,"url":null,"entity_id":"Q15917122","candidates":[]}],[]],[[{"start":0,"end":9,"url":null,"entity_id":"Q86050575","candidates":[]}],[{"start":0,"end":20,"url":null,"entity_id":"Q1153690","candidates":[]}],[]],[[{"start":0,"end":8,"url":null,"entity_id":"Q86176637","candidates":[]}],[{"start":0,"end":22,"url":null,"entity_id":"Q15917122","candidates":[]}],[]],[[{"start":0,"end":8,"url":null,"entity_id":"Q86174606","candidates":[]}],[{"start":0,"end":22,"url":null,"entity_id":"Q15917122","candidates":[]}],[]],[[{"start":0,"end":8,"url":null,"entity_id":"Q86166727","candidates":[]}],[{"start":0,"end":22,"url":null,"entity_id":"Q15917122","candidates":[]}],[]],[[{"start":0,"end":9,"url":null,"entity_id":"Q86278356","candidates":[]}],[{"start":0,"end":22,"url":null,"entity_id":"Q15917122","candidates":[]}],[]]]}