{"version":"1.2","table":{"version":"2","table_id":"LSCBWUOM","columns":[{"index":0,"name":"col0","values":["Imphal East distuict","Mayurbhanj dkstrict","Baraulla district","agalkot district","Panchlula district","Farrukhabaddistrict","Pandi district","Aproha district","Ri-Bhoi distict","Kamahandi district","Yamuna Ngar district","Mandsawr district","Davanagere distict","Kinnur distrjct","Paschim Medinpur district","Bhiwan district","Kuhinagar district","Rakgarh district","Imphal West fistrict","Sruth Tripura district","Saiha Disrict","Janandhar district","Pui district","Manpuri district","Hisr District","Gurugram istrict","Dehragun district","Siddkarthnagar district","Ramrur district","Mahoba dksvrict","Bageshwar disrict","Evawah district","Betvl district","Pavan district","Dudaun district","Vidisha ditrict","Rajkot distrjct","Raisen distuict","Hathras distrit","Faizabag district","Dhandara district","Shahjahanpur distict","Bahraich distric","Sitapur districw","Auraia district","Sikar distict","Laksjadweep District","Dadra & Nagar Haveni","Malkangiri disurict","Chandigarh districu","Bandipora dstrict","Poonci district","Ancntnag district","Jamndgar district","Shimoga Disttict"]},{"index":1,"name":"col1","values":["131186.102","1144589.295","466593.12","774787.32","157222.8","792527.0","278514.26999999996","863110.7769999999","103289.94299999998","780256.8309999999","380221.008","500761.8","630587.43","23351.734","1853395.45","569655.166","1619382.344","735636.448","124989.902","229420.19099999996","14384.023","572195.106","403129.881","669961.152","634027.34","402509.368","437625.18799999997","1329040.629","1299905.918","386300.592","80897.49","516688.158","631779.442","503797.716","2134419.0","597744.8709999999","1083820.008","510354.246","625246.6799999999","1011934.24","299272.104","1503483.136","2083094.911","2202459.2589999996","452747.38099999994","1028291.6479999999","11943.84","120117.563","372170.86","248761.94","204809.229","214895.889","534226.32","768930.095","484839.63"]},{"index":2,"name":"col2","values":["227450.564","1262494.065","530989.869","942510.112","297880.926","1013283.6799999999","500057.26","966339.347","133723.77899999998","788675.202","650598.308","686265.2549999999","978508.8","46665.240999999995","2983821.92","866672.0","1801692.505","795743.4839999999","254798.946","447991.54399999994","28393.842","1137194.523","861918.48","993377.0","926904.19","814239.93","891306.801","1283439.145","1218993.444","465425.284","123207.066","837397.44","794440.584","687453.03","1965791.241","771876.7039999999","1978393.89","698957.284","831946.365","1269705.024","606125.5199999999","1620860.6269999999","1840196.232","2380014.528","743740.2","1385989.92","33123.0","195503.83999999997","302713.128","584146.978","208718.39999999997","253410.394","562565.835","1109735.232","878292.4149999999"]},{"index":3,"name":"col3","values":["231859.152","1274896.7249999999","475199.224","937761.718","263183.684","871053.324","497196.592","884662.9479999999","127572.09","797665.68","564649.565","652957.08","962933.388","37834.128","2879421.852","767773.0","1742996.0219999999","748045.98","263726.81399999995","428457.0","27728.18","1054669.274","838350.1","876902.304","813993.738","701928.452","802081.515","1261673.596","1118601.58","407142.4","134894.13999999998","737425.908","774573.748","646090.315","1707280.452","687928.386","1813641.983","626189.088","722752.352","1222270.312","600762.14","1412736.2149999999","1645490.8469999998","2089749.448","640144.5049999999","1310157.058","31193.25","150548.796","312663.68","472887.852","184367.448","223811.32","516849.3","1036513.657","869210.634"]}]},"context":{"page_title":null,"page_url":null,"page_entity_id":null,"content_hierarchy":[]},"links":[[[{"start":0,"end":20,"url":null,"entity_id":"Q1916666","candidates":[]}],[],[],[]],[[{"start":0,"end":19,"url":null,"entity_id":"Q1914546","candidates":[]}],[],[],[]],[[{"start":0,"end":17,"url":null,"entity_id":"Q1912057","candidates":[]}],[],[],[]],[[{"start":0,"end":16,"url":null,"entity_id":"Q1910231","candidates":[]}],[],[],[]],[[{"start":0,"end":18,"url":null,"entity_id":"Q1898143","candidates":[]}],[],[],[]],[[{"start":0,"end":19,"url":null,"entity_id":"Q1897251","candidates":[]}],[],[],[]],[[{"start":0,"end":14,"url":null,"entity_id":"Q1892161","candidates":[]}],[],[],[]],[[{"start":0,"end":15,"url":null,"entity_id":"Q1891677","candidates":[]}],[],[],[]],[[{"start":0,"end":15,"url":null,"entity_id":"Q1884672","candidates":[]}],[],[],[]],[[{"start":0,"end":18,"url":null,"entity_id":"Q1876588","candidates":[]}],[],[],[]],[[{"start":0,"end":20,"url":null,"entity_id":"Q1873644","candidates":[]}],[],[],[]],[[{"start":0,"end":17,"url":null,"entity_id":"Q1870014","candidates":[]}],[],[],[]],[[{"start":0,"end":18,"url":null,"entity_id":"Q1863214","candidates":[]}],[],[],[]],[[{"start":0,"end":15,"url":null,"entity_id":"Q1862950","candidates":[]}],[],[],[]],[[{"start":0,"end":25,"url":null,"entity_id":"Q1855537","candidates":[]}],[],[],[]],[[{"start":0,"end":15,"url":null,"entity_id":"Q1852857","candidates":[]}],[],[],[]],[[{"start":0,"end":18,"url":null,"entity_id":"Q1840355","candidates":[]}],[],[],[]],[[{"start":0,"end":16,"url":null,"entity_id":"Q1833306","candidates":[]}],[],[],[]],[[{"start":0,"end":20,"url":null,"entity_id":"Q1822188","candidates":[]}],[],[],[]],[[{"start":0,"end":22,"url":null,"entity_id":"Q1822159","candidates":[]}],[],[],[]],[[{"start":0,"end":13,"url":null,"entity_id":"Q1821714","candidates":[]}],[],[],[]],[[{"start":0,"end":18,"url":null,"entity_id":"Q1817425","candidates":[]}],[],[],[]],[[{"start":0,"end":12,"url":null,"entity_id":"Q1817158","candidates":[]}],[],[],[]],[[{"start":0,"end":16,"url":null,"entity_id":"Q1816657","candidates":[]}],[],[],[]],[[{"start":0,"end":13,"url":null,"entity_id":"Q1815773","candidates":[]}],[],[],[]],[[{"start":0,"end":16,"url":null,"entity_id":"Q1815766","candidates":[]}],[],[],[]],[[{"start":0,"end":17,"url":null,"entity_id":"Q1815740","candidates":[]}],[],[],[]],[[{"start":0,"end":23,"url":null,"entity_id":"Q1815339","candidates":[]}],[],[],[]],[[{"start":0,"end":15,"url":null,"entity_id":"Q1815331","candidates":[]}],[],[],[]],[[{"start":0,"end":15,"url":null,"entity_id":"Q1815322","candidates":[]}],[],[],[]],[[{"start":0,"end":17,"url":null,"entity_id":"Q1815313","candidates":[]}],[],[],[]],[[{"start":0,"end":15,"url":null,"entity_id":"Q1815288","candidates":[]}],[],[],[]],[[{"start":0,"end":14,"url":null,"entity_id":"Q1815279","candidates":[]}],[],[],[]],[[{"start":0,"end":14,"url":null,"entity_id":"Q1815269","candidates":[]}],[],[],[]],[[{"start":0,"end":15,"url":null,"entity_id":"Q1815262","candidates":[]}],[],[],[]],[[{"start":0,"end":15,"url":null,"entity_id":"Q1815253","candidates":[]}],[],[],[]],[[{"start":0,"end":15,"url":null,"entity_id":"Q1815245","candidates":[]}],[],[],[]],[[{"start":0,"end":15,"url":null,"entity_id":"Q1815223","candidates":[]}],[],[],[]],[[{"start":0,"end":15,"url":null,"entity_id":"Q1814892","candidates":[]}],[],[],[]],[[{"start":0,"end":17,"url":null,"entity_id":"Q1814132","candidates":[]}],[],[],[]],[[{"start":0,"end":17,"url":null,"entity_id":"Q1813857","candidates":[]}],[],[],[]],[[{"start":0,"end":20,"url":null,"entity_id":"Q1812557","candidates":[]}],[],[],[]],[[{"start":0,"end":16,"url":null,"entity_id":"Q1812548","candidates":[]}],[],[],[]],[[{"start":0,"end":16,"url":null,"entity_id":"Q1812539","candidates":[]}],[],[],[]],[[{"start":0,"end":15,"url":null,"entity_id":"Q1812533","candidates":[]}],[],[],[]],[[{"start":0,"end":13,"url":null,"entity_id":"Q12945777","candidates":[]}],[],[],[]],[[{"start":0,"end":20,"url":null,"entity_id":"Q10784153","candidates":[]}],[],[],[]],[[{"start":0,"end":20,"url":null,"entity_id":"Q10752928","candidates":[]}],[],[],[]],[[{"start":0,"end":19,"url":null,"entity_id":"Q5122619","candidates":[]}],[],[],[]],[[{"start":0,"end":19,"url":null,"entity_id":"Q5071071","candidates":[]}],[],[],[]],[[{"start":0,"end":17,"url":null,"entity_id":"Q2983553","candidates":[]}],[],[],[]],[[{"start":0,"end":15,"url":null,"entity_id":"Q2983134","candidates":[]}],[],[],[]],[[{"start":0,"end":17,"url":null,"entity_id":"Q2982349","candidates":[]}],[],[],[]],[[{"start":0,"end":17,"url":null,"entity_id":"Q2982118","candidates":[]}],[],[],[]],[[{"start":0,"end":16,"url":null,"entity_id":"Q2981389","candidates":[]}],[],[],[]]]}