{"version":"1.2","table":{"version":"2","table_id":"LSXPK86O","columns":[{"index":0,"name":"col0","values":["Lewisville","Manila","Elaine","Evergreen","Kibler","Marmaduke","Coal Hill","Brewton","Huntington","Plainview","Goodwater","Tontitown","Earle","Tanana","Mansfield","Cotter","Booneville","Prichard","Cordova","Tuscumbia","Orange Beach","Gassville","Johnson","Leslie","Grannis","East Brewton","Brinkley","Jasper","Holland","Hackett","Livingston","Lincoln","Nikolai","Westover","Pell City","Marianna","Bradley","Tuscaloosa","Scottsboro"]},{"index":1,"name":"col1","values":["1285","3342","865","3630","961","1158","1001","5408","635","755","1475","2460","2414","246","1121","1078","3990","22659","2454","8434","3784","2158","3354","441","554","2478","3188","466","557","812","3297","6326","94","1275","9565","4115","563","90468","14770"]},{"index":2,"name":"col2","values":["89","73","51","83","133","85","144","25","194","129","256","393","63","63","186","193","153","9","25","142","13","233","365","311","285","30","64","258","113","164","47","153","130","147","182","69","77","68","196"]},{"index":3,"name":"col3","values":["5.712847","9.056585","1.315264","40.872054","12.154708","3.379024","7.048438","29.654778","1.860546","3.727772","16.895724","47.084355","8.399522","40.620618","5.836407","6.456152","10.151737","66.096647","195.946407","23.99568","41.303848","8.847434","9.393502","1.918557","20.987364","8.917267","15.393219","1.46432","17.472548","3.715717","18.682855","65.466184","12.646104","47.314905","71.573327","9.299887","2.373895","185.644238","148.693331"]}]},"context":{"page_title":null,"page_url":null,"page_entity_id":null,"content_hierarchy":[]},"links":[[[{"start":0,"end":6,"url":null,"entity_id":"Q79626","candidates":[]}],[],[],[]],[[{"start":0,"end":6,"url":null,"entity_id":"Q79625","candidates":[]}],[],[],[]],[[{"start":0,"end":9,"url":null,"entity_id":"Q79624","candidates":[]}],[],[],[]],[[{"start":0,"end":6,"url":null,"entity_id":"Q79623","candidates":[]}],[],[],[]],[[{"start":0,"end":9,"url":null,"entity_id":"Q79622","candidates":[]}],[],[],[]],[[{"start":0,"end":9,"url":null,"entity_id":"Q79621","candidates":[]}],[],[],[]],[[{"start":0,"end":7,"url":null,"entity_id":"Q79620","candidates":[]}],[],[],[]],[[{"start":0,"end":10,"url":null,"entity_id":"Q79619","candidates":[]}],[],[],[]],[[{"start":0,"end":9,"url":null,"entity_id":"Q79618","candidates":[]}],[],[],[]],[[{"start":0,"end":9,"url":null,"entity_id":"Q79617","candidates":[]}],[],[],[]],[[{"start":0,"end":9,"url":null,"entity_id":"Q79616","candidates":[]}],[],[],[]],[[{"start":0,"end":5,"url":null,"entity_id":"Q79615","candidates":[]}],[],[],[]],[[{"start":0,"end":6,"url":null,"entity_id":"Q79614","candidates":[]}],[],[],[]],[[{"start":0,"end":9,"url":null,"entity_id":"Q79613","candidates":[]}],[],[],[]],[[{"start":0,"end":6,"url":null,"entity_id":"Q79612","candidates":[]}],[],[],[]],[[{"start":0,"end":10,"url":null,"entity_id":"Q79610","candidates":[]}],[],[],[]],[[{"start":0,"end":8,"url":null,"entity_id":"Q79609","candidates":[]}],[],[],[]],[[{"start":0,"end":7,"url":null,"entity_id":"Q79607","candidates":[]}],[],[],[]],[[{"start":0,"end":9,"url":null,"entity_id":"Q79606","candidates":[]}],[],[],[]],[[{"start":0,"end":12,"url":null,"entity_id":"Q79603","candidates":[]}],[],[],[]],[[{"start":0,"end":9,"url":null,"entity_id":"Q79601","candidates":[]}],[],[],[]],[[{"start":0,"end":7,"url":null,"entity_id":"Q79599","candidates":[]}],[],[],[]],[[{"start":0,"end":6,"url":null,"entity_id":"Q79597","candidates":[]}],[],[],[]],[[{"start":0,"end":7,"url":null,"entity_id":"Q79596","candidates":[]}],[],[],[]],[[{"start":0,"end":12,"url":null,"entity_id":"Q79595","candidates":[]}],[],[],[]],[[{"start":0,"end":8,"url":null,"entity_id":"Q79594","candidates":[]}],[],[],[]],[[{"start":0,"end":6,"url":null,"entity_id":"Q79592","candidates":[]}],[],[],[]],[[{"start":0,"end":7,"url":null,"entity_id":"Q79591","candidates":[]}],[],[],[]],[[{"start":0,"end":7,"url":null,"entity_id":"Q79590","candidates":[]}],[],[],[]],[[{"start":0,"end":10,"url":null,"entity_id":"Q79589","candidates":[]}],[],[],[]],[[{"start":0,"end":7,"url":null,"entity_id":"Q79588","candidates":[]}],[],[],[]],[[{"start":0,"end":7,"url":null,"entity_id":"Q79586","candidates":[]}],[],[],[]],[[{"start":0,"end":8,"url":null,"entity_id":"Q79585","candidates":[]}],[],[],[]],[[{"start":0,"end":9,"url":null,"entity_id":"Q79584","candidates":[]}],[],[],[]],[[{"start":0,"end":8,"url":null,"entity_id":"Q79582","candidates":[]}],[],[],[]],[[{"start":0,"end":7,"url":null,"entity_id":"Q79581","candidates":[]}],[],[],[]],[[{"start":0,"end":10,"url":null,"entity_id":"Q79580","candidates":[]}],[],[],[]],[[{"start":0,"end":10,"url":null,"entity_id":"Q79577","candidates":[]}],[],[],[]],[[{"start":0,"end":10,"url":null,"entity_id":"Q79627","candidates":[]}],[],[],[]]]}