{"version":"1.2","table":{"version":"2","table_id":"LT7FVSM6","columns":[{"index":0,"name":"col0","values":["Theta Chti","BD+17° 3248","Eva Ceti","SDSS J15172209+603546.2","SDSS J233125.52+523213.","VDSS J080050.60+055232.1","SDSS J234155.63,461946.5","SDSS J114403.83+3449411","SDSS J166148.45+133201.8","SDSS J164930.20210917.9","SDTS J101741.37+201026.3","SDSS J10497.80+50565013","Ton 488","SDSU J124805.82+372108.8","SDSS J115058.33+38303.3","SDSS J085206.80-00000817","SDS J130004.32+122254.3","SDSS J031050.18-011031.5","SDSS J144856.90+41818.3","SDSS J172656.3+260649.6"]},{"index":1,"name":"col1","values":["35.155578399999996","813.3344247","35.1691116","8.9801","10.291799999999999","2536.2503540000002","7.637999999999999","44.698699999999995","8.191799999999999","10.8648","11.603499999999999","34.59119999999999","6.9","22.59","45.4712","12.969","16.8831","28.657200000000003","7.4325","8.3664"]},{"index":2,"name":"col2","values":["28.4435913","1.2147955000000001","28.0090294","0.036354","0.10301889999999998","0.39506549999999996","0.1197","0.5783544","0.04509","0.079689","0.039601000000000004","0.1535832","0.15240420000000002","0.1204945","0.159216","0.0199794","0.045490800000000005","0.377277","0.0107428","0.12862849999999998"]},{"index":3,"name":"col3","values":["7.61708","-147.48020000000002","11.1888","-31.305799999999998","-145.1951","57.974","-51.282","80.0975","-172.782","-228.4626","215.71549999999996","2.0895","-74.649","-181.9227","72.9456","246.90229999999997","27.838499999999996","-93.1068","9.126399999999999","-9.1182"]}]},"context":{"page_title":null,"page_url":null,"page_entity_id":null,"content_hierarchy":[]},"links":[[[{"start":0,"end":11,"url":null,"entity_id":"Q795778","candidates":[]}],[],[],[]],[[{"start":0,"end":8,"url":null,"entity_id":"Q15818","candidates":[]}],[],[],[]],[[{"start":0,"end":23,"url":null,"entity_id":"Q77971030","candidates":[]}],[],[],[]],[[{"start":0,"end":23,"url":null,"entity_id":"Q77971027","candidates":[]}],[],[],[]],[[{"start":0,"end":24,"url":null,"entity_id":"Q77971025","candidates":[]}],[],[],[]],[[{"start":0,"end":24,"url":null,"entity_id":"Q77970986","candidates":[]}],[],[],[]],[[{"start":0,"end":23,"url":null,"entity_id":"Q77970962","candidates":[]}],[],[],[]],[[{"start":0,"end":24,"url":null,"entity_id":"Q77970958","candidates":[]}],[],[],[]],[[{"start":0,"end":23,"url":null,"entity_id":"Q77970934","candidates":[]}],[],[],[]],[[{"start":0,"end":24,"url":null,"entity_id":"Q77970928","candidates":[]}],[],[],[]],[[{"start":0,"end":23,"url":null,"entity_id":"Q77970914","candidates":[]}],[],[],[]],[[{"start":0,"end":7,"url":null,"entity_id":"Q77970856","candidates":[]}],[],[],[]],[[{"start":0,"end":24,"url":null,"entity_id":"Q77970851","candidates":[]}],[],[],[]],[[{"start":0,"end":23,"url":null,"entity_id":"Q77970846","candidates":[]}],[],[],[]],[[{"start":0,"end":24,"url":null,"entity_id":"Q77970839","candidates":[]}],[],[],[]],[[{"start":0,"end":23,"url":null,"entity_id":"Q77970802","candidates":[]}],[],[],[]],[[{"start":0,"end":24,"url":null,"entity_id":"Q77970787","candidates":[]}],[],[],[]],[[{"start":0,"end":23,"url":null,"entity_id":"Q77970761","candidates":[]}],[],[],[]],[[{"start":0,"end":23,"url":null,"entity_id":"Q77970749","candidates":[]}],[],[],[]],[[{"start":0,"end":10,"url":null,"entity_id":"Q957301","candidates":[]}],[],[],[]]]}