{"version":"1.2","table":{"version":"2","table_id":"LTIG1ZS8","columns":[{"index":0,"name":"col0","values":["Notre-Dame-des-Sept-Douleurs","Saint-Louis-de-Gonzague-du-Cap-Tourmente","La Doré","Saint-Alexis-des-Monts","Parisville","Ragueneau","Saint-Malachie","Beaumont","La Durantaye","Notre-Dame-Auxiliatrice-de-Buckland","Saint-Louis-de-Gonzague","Notre-Dame-des-Pins","Sainte-Sabine","Notre-Dame-de-Lourdes","Sainte-Anne-de-la-Pocatière","Saint-Isidore","Saint-Jean-de-Cherbourg","Saint-Léandre","Saint-Augustin-de-Woburn","Saint-Léon-le-Grand"]},{"index":1,"name":"col1","values":["36","5","1365","2981","530","1343","1517","2942","755","768","1481","1594","353","688","1636","2608","165","400","692","953"]},{"index":2,"name":"col2","values":["L'Isle-Verte","Saint-Ferréol-les-Neiges","Saint-Félicien","Shawinigan","Deschaillons-sur-Saint-Laurent","Rivière-aux-Outardes","Saint-Lazare-de-Bellechasse","Saint-Laurent-de-l'Île-d'Orléans","Saint-Gervais","Armagh","Beauharnois","Beauceville","Saint-Magloire","Villeroy","La Pocatière","Châteauguay","Grosses-Roches","Matane","Piopolis","Sainte-Irène"]},{"index":3,"name":"col3","values":["Rivière-du-Loup Regional County Municipality","La Côte-de-Beaupré Regional County Municipality","Le Domaine-du-Roy Regional County Municipality","Maskinongé Regional County Municipality","Bécancour Regional County Municipality","Manicouagan Regional County Municipality","Bellechasse regional county municipality","Bellechasse regional county municipality","Bellechasse regional county municipality","Bellechasse regional county municipality","Beauharnois-Salaberry Regional County Municipality","Beauce-Sartigan Regional County Municipality","Les Etchemins Regional County Municipality","L'Érable Regional County Municipality","Kamouraska Regional County Municipality","Roussillon Regional County Municipality","La Matanie Regional County Municipality","La Matanie Regional County Municipality","Le Granit Regional County Municipality","La Matapédia Regional County Municipality"]},{"index":4,"name":"col4","values":["1874-01-01","1917-01-01","1906-03-16","1984-04-21","1901-03-18","1951-03-07","1874-06-01","1855-07-01","1910-08-04","1885-01-01","1855-07-01","1926-06-29","1908-08-26","1897-10-07","1855-07-01","1855-07-01","1954-05-01","1912-03-30","1900-01-13","1903-08-12"]}]},"context":{"page_title":null,"page_url":null,"page_entity_id":null,"content_hierarchy":[]},"links":[[[{"start":0,"end":40,"url":null,"entity_id":"Q920790","candidates":[]}],[],[{"start":0,"end":24,"url":null,"entity_id":"Q3462149","candidates":[]}],[{"start":0,"end":47,"url":null,"entity_id":"Q1517234","candidates":[]}],[]],[[{"start":0,"end":7,"url":null,"entity_id":"Q3208339","candidates":[]}],[],[{"start":0,"end":14,"url":null,"entity_id":"Q141511","candidates":[]}],[{"start":0,"end":46,"url":null,"entity_id":"Q1511248","candidates":[]}],[]],[[{"start":0,"end":22,"url":null,"entity_id":"Q3461718","candidates":[]}],[],[{"start":0,"end":10,"url":null,"entity_id":"Q141980","candidates":[]}],[{"start":0,"end":39,"url":null,"entity_id":"Q1342831","candidates":[]}],[]],[[{"start":0,"end":10,"url":null,"entity_id":"Q3365385","candidates":[]}],[],[{"start":0,"end":30,"url":null,"entity_id":"Q3024305","candidates":[]}],[{"start":0,"end":38,"url":null,"entity_id":"Q1019386","candidates":[]}],[]],[[{"start":0,"end":9,"url":null,"entity_id":"Q3417536","candidates":[]}],[],[{"start":0,"end":20,"url":null,"entity_id":"Q3433597","candidates":[]}],[{"start":0,"end":40,"url":null,"entity_id":"Q972230","candidates":[]}],[]],[[{"start":0,"end":14,"url":null,"entity_id":"Q937727","candidates":[]}],[],[{"start":0,"end":27,"url":null,"entity_id":"Q3462734","candidates":[]}],[{"start":0,"end":40,"url":null,"entity_id":"Q815883","candidates":[]}],[]],[[{"start":0,"end":8,"url":null,"entity_id":"Q2893240","candidates":[]}],[],[{"start":0,"end":32,"url":null,"entity_id":"Q3462701","candidates":[]}],[{"start":0,"end":40,"url":null,"entity_id":"Q815883","candidates":[]}],[]],[[{"start":0,"end":12,"url":null,"entity_id":"Q3208402","candidates":[]}],[],[{"start":0,"end":13,"url":null,"entity_id":"Q3462315","candidates":[]}],[{"start":0,"end":40,"url":null,"entity_id":"Q815883","candidates":[]}],[]],[[{"start":0,"end":35,"url":null,"entity_id":"Q3344575","candidates":[]}],[],[{"start":0,"end":6,"url":null,"entity_id":"Q2861708","candidates":[]}],[{"start":0,"end":40,"url":null,"entity_id":"Q815883","candidates":[]}],[]],[[{"start":0,"end":23,"url":null,"entity_id":"Q2419721","candidates":[]}],[],[{"start":0,"end":11,"url":null,"entity_id":"Q139109","candidates":[]}],[{"start":0,"end":50,"url":null,"entity_id":"Q813402","candidates":[]}],[]],[[{"start":0,"end":19,"url":null,"entity_id":"Q3344643","candidates":[]}],[],[{"start":0,"end":11,"url":null,"entity_id":"Q139422","candidates":[]}],[{"start":0,"end":44,"url":null,"entity_id":"Q813348","candidates":[]}],[]],[[{"start":0,"end":13,"url":null,"entity_id":"Q3277578","candidates":[]}],[],[{"start":0,"end":14,"url":null,"entity_id":"Q3462844","candidates":[]}],[{"start":0,"end":42,"url":null,"entity_id":"Q602027","candidates":[]}],[]],[[{"start":0,"end":21,"url":null,"entity_id":"Q3344599","candidates":[]}],[],[{"start":0,"end":8,"url":null,"entity_id":"Q3559217","candidates":[]}],[{"start":0,"end":37,"url":null,"entity_id":"Q575571","candidates":[]}],[]],[[{"start":0,"end":27,"url":null,"entity_id":"Q2075997","candidates":[]}],[],[{"start":0,"end":12,"url":null,"entity_id":"Q142355","candidates":[]}],[{"start":0,"end":39,"url":null,"entity_id":"Q178178","candidates":[]}],[]],[[{"start":0,"end":13,"url":null,"entity_id":"Q3462465","candidates":[]}],[],[{"start":0,"end":11,"url":null,"entity_id":"Q141522","candidates":[]}],[{"start":0,"end":39,"url":null,"entity_id":"Q1810607","candidates":[]}],[]],[[{"start":0,"end":23,"url":null,"entity_id":"Q3462524","candidates":[]}],[],[{"start":0,"end":14,"url":null,"entity_id":"Q3117070","candidates":[]}],[{"start":0,"end":39,"url":null,"entity_id":"Q1810586","candidates":[]}],[]],[[{"start":0,"end":13,"url":null,"entity_id":"Q3462803","candidates":[]}],[],[{"start":0,"end":6,"url":null,"entity_id":"Q142029","candidates":[]}],[{"start":0,"end":39,"url":null,"entity_id":"Q1810586","candidates":[]}],[]],[[{"start":0,"end":24,"url":null,"entity_id":"Q3461826","candidates":[]}],[],[{"start":0,"end":8,"url":null,"entity_id":"Q3388940","candidates":[]}],[{"start":0,"end":38,"url":null,"entity_id":"Q1809910","candidates":[]}],[]],[[{"start":0,"end":19,"url":null,"entity_id":"Q3462822","candidates":[]}],[],[{"start":0,"end":12,"url":null,"entity_id":"Q3464306","candidates":[]}],[{"start":0,"end":41,"url":null,"entity_id":"Q1798945","candidates":[]}],[]],[[{"start":0,"end":28,"url":null,"entity_id":"Q3344645","candidates":[]}],[],[{"start":0,"end":12,"url":null,"entity_id":"Q3204352","candidates":[]}],[{"start":0,"end":44,"url":null,"entity_id":"Q1517236","candidates":[]}],[]]]}