{"version":"1.2","table":{"version":"2","table_id":"LTUD75XD","columns":[{"index":0,"name":"col0","values":["Former Diptych, split and held in two museums","Deposition","Lachovsky–Bardi Diptych","Saint Christopher","Diptych with deposition","St John the Baptist and Veronica Diptych","Flight into Egypt, Joseph and Mary at the Inn","Diptych of Jan du Cellier","Grisaille Diptych","Rehlinger Diptych","Stigmatization of St. Francis, Penitent Hieronymus","Mater Dolorosa","Man of Sorrows","Judgement of Cambyses: The skinning of Sisamnes","Diptych of Jean Carondelet","Diptych: (left panel) Saint Clement and a Donor","Annunciation and the Adoration of the Christ-Child","The Annunciation to Mary (Diptych)","Portrait of the wife of a jurist","Judgement of Cambyses: The Arrest of Sisamnes"]},{"index":1,"name":"col1","values":["36","39","79","31.2","76.2","49","9.84","32","45.6","101","20.5","27","26.5","172.8","27","37","109.6","9.5","36.7","159.4"]},{"index":2,"name":"col2","values":["43","54","54","47.8","53.8","31.2","23.18","25","37.5","209","23.5","37.9","37.9","202","42","49.8","85.5","15.9","52.6","182.2"]}]},"context":{"page_title":null,"page_url":null,"page_entity_id":null,"content_hierarchy":[]},"links":[[[{"start":0,"end":45,"url":null,"entity_id":"Q43402212","candidates":[]}],[],[]],[[{"start":0,"end":10,"url":null,"entity_id":"Q43296063","candidates":[]}],[],[]],[[{"start":0,"end":23,"url":null,"entity_id":"Q43295565","candidates":[]}],[],[]],[[{"start":0,"end":17,"url":null,"entity_id":"Q43045231","candidates":[]}],[],[]],[[{"start":0,"end":23,"url":null,"entity_id":"Q42969085","candidates":[]}],[],[]],[[{"start":0,"end":40,"url":null,"entity_id":"Q42941289","candidates":[]}],[],[]],[[{"start":0,"end":45,"url":null,"entity_id":"Q42859579","candidates":[]}],[],[]],[[{"start":0,"end":25,"url":null,"entity_id":"Q30099116","candidates":[]}],[],[]],[[{"start":0,"end":17,"url":null,"entity_id":"Q29649099","candidates":[]}],[],[]],[[{"start":0,"end":17,"url":null,"entity_id":"Q29478006","candidates":[]}],[],[]],[[{"start":0,"end":50,"url":null,"entity_id":"Q28777637","candidates":[]}],[],[]],[[{"start":0,"end":14,"url":null,"entity_id":"Q27565389","candidates":[]}],[],[]],[[{"start":0,"end":14,"url":null,"entity_id":"Q27565352","candidates":[]}],[],[]],[[{"start":0,"end":47,"url":null,"entity_id":"Q27556184","candidates":[]}],[],[]],[[{"start":0,"end":26,"url":null,"entity_id":"Q27051640","candidates":[]}],[],[]],[[{"start":0,"end":47,"url":null,"entity_id":"Q26699512","candidates":[]}],[],[]],[[{"start":0,"end":50,"url":null,"entity_id":"Q21676379","candidates":[]}],[],[]],[[{"start":0,"end":34,"url":null,"entity_id":"Q21600827","candidates":[]}],[],[]],[[{"start":0,"end":32,"url":null,"entity_id":"Q21594957","candidates":[]}],[],[]],[[{"start":0,"end":45,"url":null,"entity_id":"Q21013240","candidates":[]}],[],[]]]}