{"version":"1.2","table":{"version":"2","table_id":"LV2IWPSJ","columns":[{"index":0,"name":"col0","values":["Siikalatva Parish","Tyrnävä Parish","Hailuoto Parish","Pudasjärvi parish","Mänttä-Vilppula Parish","Kärsämäki Parish","Lumijoki Parish","Liminka Parish","Kempele Parish","Orivesi Parish","Kalajoki Parish","Jämsä Parish","Raahe Parish","Pälkäne Parish","Äänekoski Parish","Solkan Parish","Vimpeli Parish","Evijärvi Parish","Parish of the Exaltation of the Holy Cross Prostějov","Töölö Parish"]},{"index":1,"name":"col1","values":["Finland","Finland","Finland","Finland","Finland","Finland","Finland","Finland","Finland","Finland","Finland","Finland","Finland","Finland","Finland","Slovenia","Finland","Finland","Czech Republic","Finland"]},{"index":2,"name":"col2","values":["Pulkkila","Tyrnävä village","Kirkonkylä","Kurenalus","Mänttä","Kärsämäki","Lumijoki","Liminka","Kempele","Orivesi","Kalajoki","Jämsä","Raahe","Pälkäne","Äänekoski","Solkan","Vimpeli","Evijärvi","Prostějov","Taka-Töölö"]}]},"context":{"page_title":null,"page_url":null,"page_entity_id":null,"content_hierarchy":[]},"links":[[[{"start":0,"end":17,"url":null,"entity_id":"Q60427125","candidates":[]}],[{"start":0,"end":7,"url":null,"entity_id":"Q33","candidates":[]}],[{"start":0,"end":8,"url":null,"entity_id":"Q11889020","candidates":[]}]],[[{"start":0,"end":14,"url":null,"entity_id":"Q60426962","candidates":[]}],[{"start":0,"end":7,"url":null,"entity_id":"Q33","candidates":[]}],[{"start":0,"end":15,"url":null,"entity_id":"Q11871742","candidates":[]}]],[[{"start":0,"end":15,"url":null,"entity_id":"Q60426798","candidates":[]}],[{"start":0,"end":7,"url":null,"entity_id":"Q33","candidates":[]}],[{"start":0,"end":10,"url":null,"entity_id":"Q11871739","candidates":[]}]],[[{"start":0,"end":17,"url":null,"entity_id":"Q60426980","candidates":[]}],[{"start":0,"end":7,"url":null,"entity_id":"Q33","candidates":[]}],[{"start":0,"end":9,"url":null,"entity_id":"Q5396591","candidates":[]}]],[[{"start":0,"end":22,"url":null,"entity_id":"Q60427528","candidates":[]}],[{"start":0,"end":7,"url":null,"entity_id":"Q33","candidates":[]}],[{"start":0,"end":6,"url":null,"entity_id":"Q1001762","candidates":[]}]],[[{"start":0,"end":16,"url":null,"entity_id":"Q60426790","candidates":[]}],[{"start":0,"end":7,"url":null,"entity_id":"Q33","candidates":[]}],[{"start":0,"end":9,"url":null,"entity_id":"Q992393","candidates":[]}]],[[{"start":0,"end":15,"url":null,"entity_id":"Q60426813","candidates":[]}],[{"start":0,"end":7,"url":null,"entity_id":"Q33","candidates":[]}],[{"start":0,"end":8,"url":null,"entity_id":"Q992376","candidates":[]}]],[[{"start":0,"end":14,"url":null,"entity_id":"Q60426896","candidates":[]}],[{"start":0,"end":7,"url":null,"entity_id":"Q33","candidates":[]}],[{"start":0,"end":7,"url":null,"entity_id":"Q985461","candidates":[]}]],[[{"start":0,"end":14,"url":null,"entity_id":"Q60426913","candidates":[]}],[{"start":0,"end":7,"url":null,"entity_id":"Q33","candidates":[]}],[{"start":0,"end":7,"url":null,"entity_id":"Q985451","candidates":[]}]],[[{"start":0,"end":14,"url":null,"entity_id":"Q60427510","candidates":[]}],[{"start":0,"end":7,"url":null,"entity_id":"Q33","candidates":[]}],[{"start":0,"end":7,"url":null,"entity_id":"Q953081","candidates":[]}]],[[{"start":0,"end":15,"url":null,"entity_id":"Q60427027","candidates":[]}],[{"start":0,"end":7,"url":null,"entity_id":"Q33","candidates":[]}],[{"start":0,"end":8,"url":null,"entity_id":"Q939758","candidates":[]}]],[[{"start":0,"end":12,"url":null,"entity_id":"Q60427544","candidates":[]}],[{"start":0,"end":7,"url":null,"entity_id":"Q33","candidates":[]}],[{"start":0,"end":5,"url":null,"entity_id":"Q642696","candidates":[]}]],[[{"start":0,"end":12,"url":null,"entity_id":"Q60427142","candidates":[]}],[{"start":0,"end":7,"url":null,"entity_id":"Q33","candidates":[]}],[{"start":0,"end":5,"url":null,"entity_id":"Q622592","candidates":[]}]],[[{"start":0,"end":14,"url":null,"entity_id":"Q60426855","candidates":[]}],[{"start":0,"end":7,"url":null,"entity_id":"Q33","candidates":[]}],[{"start":0,"end":7,"url":null,"entity_id":"Q374619","candidates":[]}]],[[{"start":0,"end":16,"url":null,"entity_id":"Q60427212","candidates":[]}],[{"start":0,"end":7,"url":null,"entity_id":"Q33","candidates":[]}],[{"start":0,"end":9,"url":null,"entity_id":"Q258447","candidates":[]}]],[[{"start":0,"end":13,"url":null,"entity_id":"Q37638785","candidates":[]}],[{"start":0,"end":8,"url":null,"entity_id":"Q215","candidates":[]}],[{"start":0,"end":6,"url":null,"entity_id":"Q543631","candidates":[]}]],[[{"start":0,"end":14,"url":null,"entity_id":"Q55654426","candidates":[]}],[{"start":0,"end":7,"url":null,"entity_id":"Q33","candidates":[]}],[{"start":0,"end":7,"url":null,"entity_id":"Q6171","candidates":[]}]],[[{"start":0,"end":15,"url":null,"entity_id":"Q55131745","candidates":[]}],[{"start":0,"end":7,"url":null,"entity_id":"Q33","candidates":[]}],[{"start":0,"end":8,"url":null,"entity_id":"Q5983","candidates":[]}]],[[{"start":0,"end":52,"url":null,"entity_id":"Q28914979","candidates":[]}],[{"start":0,"end":14,"url":null,"entity_id":"Q213","candidates":[]}],[{"start":0,"end":9,"url":null,"entity_id":"Q470445","candidates":[]}]],[[{"start":0,"end":12,"url":null,"entity_id":"Q65245915","candidates":[]}],[{"start":0,"end":7,"url":null,"entity_id":"Q33","candidates":[]}],[{"start":0,"end":10,"url":null,"entity_id":"Q3514122","candidates":[]}]]]}