{"version":"1.2","table":{"version":"2","table_id":"LX1DLPD3","columns":[{"index":0,"name":"col0","values":["Grand Phoenix","Hoegh Amsterdam","Hoegh St. Petersburg","Grande Colonia","Grande Scandinavia","Talia","Glorious Leader","Cassiopeia Leader","Sunshine Ace","City Of Beirut","Bishu Highway","City of Rome","City Of Mumbai","Hoegh America","Grande Spagna","Silver Sky","Jupiter Spirit","Sincerity Ace","Grande Anversa","Castor Leader"]},{"index":1,"name":"col1","values":["9.61","10","10.02","8.76","9.4","10","10.02","10.07","9.82","8.01","9.82","5.32","8.11","10","8.77","7.7","8.96","10.01","8.75","10.61"]},{"index":2,"name":"col2","values":["199.9","199.96","228.79","176.7","182.08","199.9","199.98","199.94","192.86","174","199.94","99.92","157.51","199.98","176.5","182.5","183","199.97","176.6","199"]}]},"context":{"page_title":null,"page_url":null,"page_entity_id":null,"content_hierarchy":[]},"links":[[[{"start":0,"end":13,"url":null,"entity_id":"Q83631318","candidates":[]}],[],[]],[[{"start":0,"end":15,"url":null,"entity_id":"Q83631295","candidates":[]}],[],[]],[[{"start":0,"end":20,"url":null,"entity_id":"Q83631234","candidates":[]}],[],[]],[[{"start":0,"end":14,"url":null,"entity_id":"Q83631232","candidates":[]}],[],[]],[[{"start":0,"end":18,"url":null,"entity_id":"Q83631135","candidates":[]}],[],[]],[[{"start":0,"end":5,"url":null,"entity_id":"Q83630937","candidates":[]}],[],[]],[[{"start":0,"end":15,"url":null,"entity_id":"Q83629469","candidates":[]}],[],[]],[[{"start":0,"end":17,"url":null,"entity_id":"Q83629465","candidates":[]}],[],[]],[[{"start":0,"end":12,"url":null,"entity_id":"Q83629452","candidates":[]}],[],[]],[[{"start":0,"end":14,"url":null,"entity_id":"Q83629329","candidates":[]}],[],[]],[[{"start":0,"end":13,"url":null,"entity_id":"Q83628245","candidates":[]}],[],[]],[[{"start":0,"end":12,"url":null,"entity_id":"Q83628217","candidates":[]}],[],[]],[[{"start":0,"end":14,"url":null,"entity_id":"Q83628126","candidates":[]}],[],[]],[[{"start":0,"end":13,"url":null,"entity_id":"Q83627678","candidates":[]}],[],[]],[[{"start":0,"end":13,"url":null,"entity_id":"Q83627668","candidates":[]}],[],[]],[[{"start":0,"end":10,"url":null,"entity_id":"Q83627071","candidates":[]}],[],[]],[[{"start":0,"end":14,"url":null,"entity_id":"Q83627009","candidates":[]}],[],[]],[[{"start":0,"end":13,"url":null,"entity_id":"Q60731972","candidates":[]}],[],[]],[[{"start":0,"end":14,"url":null,"entity_id":"Q56826684","candidates":[]}],[],[]],[[{"start":0,"end":13,"url":null,"entity_id":"Q52380900","candidates":[]}],[],[]]]}