{"version":"1.2","table":{"version":"2","table_id":"LX562VBW","columns":[{"index":0,"name":"col0","values":["Cărbuna","Tamașlîc","Holoșnița landscape reserve","Cosăuți landscape reserve","Țigănești landscape reserve","Voloca-Verbca landscape reserve","Temeleuți landscape reserve","Căbăiești–Pîrjolteni","Trebujeni landscape reserve","Pohrebeni landscape reserve","Valea Adîncă landscape reserve","Bugornea","Rudi-Arionești landscape reserve","Izvoare–Risipeni","Țipova landscape reserve","Saharna landscape reserve","Căpriana-Scoreni landscape reserve","Hîncești Forest","Zăbriceni","Fetești landscape reserve"]},{"index":1,"name":"col1","values":["Căinari District","Dubossary District","Soroca District","Soroca District","Călărași District","Călărași District","Călărași District","Călărași District","Orhei District","Orhei District","Kamenka District","Kamenka District","Dondușeni District","Fălești District","Rezina District","Rezina District","Strășeni District","Hîncești District","Edineț District","Edineț District"]},{"index":2,"name":"col2","values":["Moldova","Moldova","Moldova","Moldova","Moldova","Moldova","Moldova","Moldova","Moldova","Moldova","Moldova","Moldova","Moldova","Moldova","Moldova","Moldova","Moldova","Moldova","Moldova","Moldova"]},{"index":3,"name":"col3","values":["IUCN category V: Protected Landscape/Seascape","IUCN category V: Protected Landscape/Seascape","IUCN category V: Protected Landscape/Seascape","IUCN category V: Protected Landscape/Seascape","IUCN category V: Protected Landscape/Seascape","IUCN category V: Protected Landscape/Seascape","IUCN category V: Protected Landscape/Seascape","IUCN category V: Protected Landscape/Seascape","IUCN category V: Protected Landscape/Seascape","IUCN category V: Protected Landscape/Seascape","IUCN category V: Protected Landscape/Seascape","IUCN category V: Protected Landscape/Seascape","IUCN category V: Protected Landscape/Seascape","IUCN category V: Protected Landscape/Seascape","IUCN category V: Protected Landscape/Seascape","IUCN category V: Protected Landscape/Seascape","IUCN category V: Protected Landscape/Seascape","IUCN category V: Protected Landscape/Seascape","IUCN category V: Protected Landscape/Seascape","IUCN category V: Protected Landscape/Seascape"]},{"index":4,"name":"col4","values":["landscape reserve of Moldova","landscape reserve of Moldova","landscape reserve of Moldova","landscape reserve of Moldova","landscape reserve of Moldova","landscape reserve of Moldova","landscape reserve of Moldova","landscape reserve of Moldova","landscape reserve of Moldova","landscape reserve of Moldova","landscape reserve of Moldova","landscape reserve of Moldova","landscape reserve of Moldova","landscape reserve of Moldova","landscape reserve of Moldova","landscape reserve of Moldova","landscape reserve of Moldova","landscape reserve of Moldova","landscape reserve of Moldova","landscape reserve of Moldova"]}]},"context":{"page_title":null,"page_url":null,"page_entity_id":null,"content_hierarchy":[]},"links":[[[{"start":0,"end":7,"url":null,"entity_id":"Q20432031","candidates":[]}],[{"start":0,"end":16,"url":null,"entity_id":"Q16657091","candidates":[]}],[{"start":0,"end":7,"url":null,"entity_id":"Q217","candidates":[]}],[{"start":0,"end":45,"url":null,"entity_id":"Q14545646","candidates":[]}],[{"start":0,"end":28,"url":null,"entity_id":"Q28861616","candidates":[]}]],[[{"start":0,"end":8,"url":null,"entity_id":"Q20431766","candidates":[]}],[{"start":0,"end":18,"url":null,"entity_id":"Q2627106","candidates":[]}],[{"start":0,"end":7,"url":null,"entity_id":"Q217","candidates":[]}],[{"start":0,"end":45,"url":null,"entity_id":"Q14545646","candidates":[]}],[{"start":0,"end":28,"url":null,"entity_id":"Q28861616","candidates":[]}]],[[{"start":0,"end":27,"url":null,"entity_id":"Q20432065","candidates":[]}],[{"start":0,"end":15,"url":null,"entity_id":"Q2129022","candidates":[]}],[{"start":0,"end":7,"url":null,"entity_id":"Q217","candidates":[]}],[{"start":0,"end":45,"url":null,"entity_id":"Q14545646","candidates":[]}],[{"start":0,"end":28,"url":null,"entity_id":"Q28861616","candidates":[]}]],[[{"start":0,"end":25,"url":null,"entity_id":"Q20431999","candidates":[]}],[{"start":0,"end":15,"url":null,"entity_id":"Q2129022","candidates":[]}],[{"start":0,"end":7,"url":null,"entity_id":"Q217","candidates":[]}],[{"start":0,"end":45,"url":null,"entity_id":"Q14545646","candidates":[]}],[{"start":0,"end":28,"url":null,"entity_id":"Q28861616","candidates":[]}]],[[{"start":0,"end":27,"url":null,"entity_id":"Q20432160","candidates":[]}],[{"start":0,"end":17,"url":null,"entity_id":"Q2128868","candidates":[]}],[{"start":0,"end":7,"url":null,"entity_id":"Q217","candidates":[]}],[{"start":0,"end":45,"url":null,"entity_id":"Q14545646","candidates":[]}],[{"start":0,"end":28,"url":null,"entity_id":"Q28861616","candidates":[]}]],[[{"start":0,"end":31,"url":null,"entity_id":"Q20432147","candidates":[]}],[{"start":0,"end":17,"url":null,"entity_id":"Q2128868","candidates":[]}],[{"start":0,"end":7,"url":null,"entity_id":"Q217","candidates":[]}],[{"start":0,"end":45,"url":null,"entity_id":"Q14545646","candidates":[]}],[{"start":0,"end":28,"url":null,"entity_id":"Q28861616","candidates":[]}]],[[{"start":0,"end":27,"url":null,"entity_id":"Q20432112","candidates":[]}],[{"start":0,"end":17,"url":null,"entity_id":"Q2128868","candidates":[]}],[{"start":0,"end":7,"url":null,"entity_id":"Q217","candidates":[]}],[{"start":0,"end":45,"url":null,"entity_id":"Q14545646","candidates":[]}],[{"start":0,"end":28,"url":null,"entity_id":"Q28861616","candidates":[]}]],[[{"start":0,"end":20,"url":null,"entity_id":"Q20432005","candidates":[]}],[{"start":0,"end":17,"url":null,"entity_id":"Q2128868","candidates":[]}],[{"start":0,"end":7,"url":null,"entity_id":"Q217","candidates":[]}],[{"start":0,"end":45,"url":null,"entity_id":"Q14545646","candidates":[]}],[{"start":0,"end":28,"url":null,"entity_id":"Q28861616","candidates":[]}]],[[{"start":0,"end":27,"url":null,"entity_id":"Q20432126","candidates":[]}],[{"start":0,"end":14,"url":null,"entity_id":"Q2112462","candidates":[]}],[{"start":0,"end":7,"url":null,"entity_id":"Q217","candidates":[]}],[{"start":0,"end":45,"url":null,"entity_id":"Q14545646","candidates":[]}],[{"start":0,"end":28,"url":null,"entity_id":"Q28861616","candidates":[]}]],[[{"start":0,"end":27,"url":null,"entity_id":"Q20432079","candidates":[]}],[{"start":0,"end":14,"url":null,"entity_id":"Q2112462","candidates":[]}],[{"start":0,"end":7,"url":null,"entity_id":"Q217","candidates":[]}],[{"start":0,"end":45,"url":null,"entity_id":"Q14545646","candidates":[]}],[{"start":0,"end":28,"url":null,"entity_id":"Q28861616","candidates":[]}]],[[{"start":0,"end":30,"url":null,"entity_id":"Q20432135","candidates":[]}],[{"start":0,"end":16,"url":null,"entity_id":"Q2003188","candidates":[]}],[{"start":0,"end":7,"url":null,"entity_id":"Q217","candidates":[]}],[{"start":0,"end":45,"url":null,"entity_id":"Q14545646","candidates":[]}],[{"start":0,"end":28,"url":null,"entity_id":"Q28861616","candidates":[]}]],[[{"start":0,"end":8,"url":null,"entity_id":"Q20429443","candidates":[]}],[{"start":0,"end":16,"url":null,"entity_id":"Q2003188","candidates":[]}],[{"start":0,"end":7,"url":null,"entity_id":"Q217","candidates":[]}],[{"start":0,"end":45,"url":null,"entity_id":"Q14545646","candidates":[]}],[{"start":0,"end":28,"url":null,"entity_id":"Q28861616","candidates":[]}]],[[{"start":0,"end":32,"url":null,"entity_id":"Q20432095","candidates":[]}],[{"start":0,"end":18,"url":null,"entity_id":"Q1061128","candidates":[]}],[{"start":0,"end":7,"url":null,"entity_id":"Q217","candidates":[]}],[{"start":0,"end":45,"url":null,"entity_id":"Q14545646","candidates":[]}],[{"start":0,"end":28,"url":null,"entity_id":"Q28861616","candidates":[]}]],[[{"start":0,"end":16,"url":null,"entity_id":"Q20432072","candidates":[]}],[{"start":0,"end":16,"url":null,"entity_id":"Q878375","candidates":[]}],[{"start":0,"end":7,"url":null,"entity_id":"Q217","candidates":[]}],[{"start":0,"end":45,"url":null,"entity_id":"Q14545646","candidates":[]}],[{"start":0,"end":28,"url":null,"entity_id":"Q28861616","candidates":[]}]],[[{"start":0,"end":24,"url":null,"entity_id":"Q20432168","candidates":[]}],[{"start":0,"end":15,"url":null,"entity_id":"Q878317","candidates":[]}],[{"start":0,"end":7,"url":null,"entity_id":"Q217","candidates":[]}],[{"start":0,"end":45,"url":null,"entity_id":"Q14545646","candidates":[]}],[{"start":0,"end":28,"url":null,"entity_id":"Q28861616","candidates":[]}]],[[{"start":0,"end":25,"url":null,"entity_id":"Q20432102","candidates":[]}],[{"start":0,"end":15,"url":null,"entity_id":"Q878317","candidates":[]}],[{"start":0,"end":7,"url":null,"entity_id":"Q217","candidates":[]}],[{"start":0,"end":45,"url":null,"entity_id":"Q14545646","candidates":[]}],[{"start":0,"end":28,"url":null,"entity_id":"Q28861616","candidates":[]}]],[[{"start":0,"end":34,"url":null,"entity_id":"Q20432020","candidates":[]}],[{"start":0,"end":17,"url":null,"entity_id":"Q878308","candidates":[]}],[{"start":0,"end":7,"url":null,"entity_id":"Q217","candidates":[]}],[{"start":0,"end":45,"url":null,"entity_id":"Q14545646","candidates":[]}],[{"start":0,"end":28,"url":null,"entity_id":"Q28861616","candidates":[]}]],[[{"start":0,"end":15,"url":null,"entity_id":"Q20431034","candidates":[]}],[{"start":0,"end":17,"url":null,"entity_id":"Q878297","candidates":[]}],[{"start":0,"end":7,"url":null,"entity_id":"Q217","candidates":[]}],[{"start":0,"end":45,"url":null,"entity_id":"Q14545646","candidates":[]}],[{"start":0,"end":28,"url":null,"entity_id":"Q28861616","candidates":[]}]],[[{"start":0,"end":9,"url":null,"entity_id":"Q20432155","candidates":[]}],[{"start":0,"end":15,"url":null,"entity_id":"Q878290","candidates":[]}],[{"start":0,"end":7,"url":null,"entity_id":"Q217","candidates":[]}],[{"start":0,"end":45,"url":null,"entity_id":"Q14545646","candidates":[]}],[{"start":0,"end":28,"url":null,"entity_id":"Q28861616","candidates":[]}]],[[{"start":0,"end":25,"url":null,"entity_id":"Q20432056","candidates":[]}],[{"start":0,"end":15,"url":null,"entity_id":"Q878290","candidates":[]}],[{"start":0,"end":7,"url":null,"entity_id":"Q217","candidates":[]}],[{"start":0,"end":45,"url":null,"entity_id":"Q14545646","candidates":[]}],[{"start":0,"end":28,"url":null,"entity_id":"Q28861616","candidates":[]}]]]}