{"version":"1.2","table":{"version":"2","table_id":"LXGG3TNQ","columns":[{"index":0,"name":"col0","values":["Dent de l'Ours","Pic de Maupas","Pic d'Arlas","Paglia Orba","Pic des Mouches","Garlaban","Cime du Diable","Aiguille de Chambeyron","Pic de Bure","Petite Autane","Sirac","La Cucumelle","Gran Fillar","Cabeza del Covacho","Pico Malpica","Pico El Rematadero","Pico Campanario","Alto El Pozón","Alto El Paramito","Alto del Totumo"]},{"index":1,"name":"col1","values":["France","Spain","Spain","France","France","France","France","France","France","France","France","France","Italy","Spain","Venezuela","Venezuela","Venezuela","Venezuela","Venezuela","Venezuela"]},{"index":2,"name":"col2","values":["1738","2983","1924","2076","881","627","2685","3412","2709","2285","3051","2436","3676","1566","3559","3852","4033","3747","3514","4222"]},{"index":3,"name":"col3","values":["Isère","Haute-Garonne","Navarre","Haute-Corse","Bouches-du-Rhône","Bouches-du-Rhône","Alpes-Maritimes","Alpes-de-Haute-Provence","Hautes-Alpes","Hautes-Alpes","Hautes-Alpes","Hautes-Alpes","canton of Valais","Province of Ávila","Mérida","Mérida","Mérida","Mérida","Mérida","Mérida"]},{"index":4,"name":"col4","values":["Europe","Europe","Europe","Europe","Europe","Europe","Europe","Europe","Europe","Europe","Europe","Europe","Europe","Europe","Americas","Americas","Americas","Americas","Americas","Americas"]}]},"context":{"page_title":null,"page_url":null,"page_entity_id":null,"content_hierarchy":[]},"links":[[[{"start":0,"end":13,"url":null,"entity_id":"Q3382382","candidates":[]}],[{"start":0,"end":5,"url":null,"entity_id":"Q29","candidates":[]}],[],[{"start":0,"end":13,"url":null,"entity_id":"Q12538","candidates":[]}],[{"start":0,"end":6,"url":null,"entity_id":"Q46","candidates":[]}]],[[{"start":0,"end":11,"url":null,"entity_id":"Q2024489","candidates":[]}],[{"start":0,"end":5,"url":null,"entity_id":"Q29","candidates":[]}],[],[{"start":0,"end":7,"url":null,"entity_id":"Q4018","candidates":[]}],[{"start":0,"end":6,"url":null,"entity_id":"Q46","candidates":[]}]],[[{"start":0,"end":11,"url":null,"entity_id":"Q1935119","candidates":[]}],[{"start":0,"end":6,"url":null,"entity_id":"Q142","candidates":[]}],[],[{"start":0,"end":11,"url":null,"entity_id":"Q3334","candidates":[]}],[{"start":0,"end":6,"url":null,"entity_id":"Q46","candidates":[]}]],[[{"start":0,"end":15,"url":null,"entity_id":"Q3382413","candidates":[]}],[{"start":0,"end":6,"url":null,"entity_id":"Q142","candidates":[]}],[],[{"start":0,"end":16,"url":null,"entity_id":"Q3240","candidates":[]}],[{"start":0,"end":6,"url":null,"entity_id":"Q46","candidates":[]}]],[[{"start":0,"end":8,"url":null,"entity_id":"Q3098391","candidates":[]}],[{"start":0,"end":6,"url":null,"entity_id":"Q142","candidates":[]}],[],[{"start":0,"end":16,"url":null,"entity_id":"Q3240","candidates":[]}],[{"start":0,"end":6,"url":null,"entity_id":"Q46","candidates":[]}]],[[{"start":0,"end":14,"url":null,"entity_id":"Q2972425","candidates":[]}],[{"start":0,"end":6,"url":null,"entity_id":"Q142","candidates":[]}],[],[{"start":0,"end":15,"url":null,"entity_id":"Q3139","candidates":[]}],[{"start":0,"end":6,"url":null,"entity_id":"Q46","candidates":[]}]],[[{"start":0,"end":22,"url":null,"entity_id":"Q2827877","candidates":[]}],[{"start":0,"end":6,"url":null,"entity_id":"Q142","candidates":[]}],[],[{"start":0,"end":23,"url":null,"entity_id":"Q3131","candidates":[]}],[{"start":0,"end":6,"url":null,"entity_id":"Q46","candidates":[]}]],[[{"start":0,"end":11,"url":null,"entity_id":"Q3382358","candidates":[]}],[{"start":0,"end":6,"url":null,"entity_id":"Q142","candidates":[]}],[],[{"start":0,"end":12,"url":null,"entity_id":"Q3125","candidates":[]}],[{"start":0,"end":6,"url":null,"entity_id":"Q46","candidates":[]}]],[[{"start":0,"end":13,"url":null,"entity_id":"Q3377333","candidates":[]}],[{"start":0,"end":6,"url":null,"entity_id":"Q142","candidates":[]}],[],[{"start":0,"end":12,"url":null,"entity_id":"Q3125","candidates":[]}],[{"start":0,"end":6,"url":null,"entity_id":"Q46","candidates":[]}]],[[{"start":0,"end":5,"url":null,"entity_id":"Q3227209","candidates":[]}],[{"start":0,"end":6,"url":null,"entity_id":"Q142","candidates":[]}],[],[{"start":0,"end":12,"url":null,"entity_id":"Q3125","candidates":[]}],[{"start":0,"end":6,"url":null,"entity_id":"Q46","candidates":[]}]],[[{"start":0,"end":12,"url":null,"entity_id":"Q3208006","candidates":[]}],[{"start":0,"end":6,"url":null,"entity_id":"Q142","candidates":[]}],[],[{"start":0,"end":12,"url":null,"entity_id":"Q3125","candidates":[]}],[{"start":0,"end":6,"url":null,"entity_id":"Q46","candidates":[]}]],[[{"start":0,"end":11,"url":null,"entity_id":"Q2628221","candidates":[]}],[{"start":0,"end":5,"url":null,"entity_id":"Q38","candidates":[]}],[],[{"start":0,"end":16,"url":null,"entity_id":"Q834","candidates":[]}],[{"start":0,"end":6,"url":null,"entity_id":"Q46","candidates":[]}]],[[{"start":0,"end":18,"url":null,"entity_id":"Q26868963","candidates":[]}],[{"start":0,"end":5,"url":null,"entity_id":"Q29","candidates":[]}],[],[{"start":0,"end":17,"url":null,"entity_id":"Q55288","candidates":[]}],[{"start":0,"end":6,"url":null,"entity_id":"Q46","candidates":[]}]],[[{"start":0,"end":12,"url":null,"entity_id":"Q21007163","candidates":[]}],[{"start":0,"end":9,"url":null,"entity_id":"Q717","candidates":[]}],[],[{"start":0,"end":6,"url":null,"entity_id":"Q165582","candidates":[]}],[{"start":0,"end":8,"url":null,"entity_id":"Q828","candidates":[]}]],[[{"start":0,"end":18,"url":null,"entity_id":"Q21007152","candidates":[]}],[{"start":0,"end":9,"url":null,"entity_id":"Q717","candidates":[]}],[],[{"start":0,"end":6,"url":null,"entity_id":"Q165582","candidates":[]}],[{"start":0,"end":8,"url":null,"entity_id":"Q828","candidates":[]}]],[[{"start":0,"end":15,"url":null,"entity_id":"Q21007142","candidates":[]}],[{"start":0,"end":9,"url":null,"entity_id":"Q717","candidates":[]}],[],[{"start":0,"end":6,"url":null,"entity_id":"Q165582","candidates":[]}],[{"start":0,"end":8,"url":null,"entity_id":"Q828","candidates":[]}]],[[{"start":0,"end":13,"url":null,"entity_id":"Q21006988","candidates":[]}],[{"start":0,"end":9,"url":null,"entity_id":"Q717","candidates":[]}],[],[{"start":0,"end":6,"url":null,"entity_id":"Q165582","candidates":[]}],[{"start":0,"end":8,"url":null,"entity_id":"Q828","candidates":[]}]],[[{"start":0,"end":16,"url":null,"entity_id":"Q21006981","candidates":[]}],[{"start":0,"end":9,"url":null,"entity_id":"Q717","candidates":[]}],[],[{"start":0,"end":6,"url":null,"entity_id":"Q165582","candidates":[]}],[{"start":0,"end":8,"url":null,"entity_id":"Q828","candidates":[]}]],[[{"start":0,"end":15,"url":null,"entity_id":"Q21006980","candidates":[]}],[{"start":0,"end":9,"url":null,"entity_id":"Q717","candidates":[]}],[],[{"start":0,"end":6,"url":null,"entity_id":"Q165582","candidates":[]}],[{"start":0,"end":8,"url":null,"entity_id":"Q828","candidates":[]}]],[[{"start":0,"end":14,"url":null,"entity_id":"Q2387511","candidates":[]}],[{"start":0,"end":6,"url":null,"entity_id":"Q142","candidates":[]}],[],[{"start":0,"end":5,"url":null,"entity_id":"Q12559","candidates":[]}],[{"start":0,"end":6,"url":null,"entity_id":"Q46","candidates":[]}]]]}