{"version":"1.2","table":{"version":"2","table_id":"LZ7PQ5DM","columns":[{"index":0,"name":"col0","values":["RMS Arundel Castle","MS St. Louis","RMS Queen Elizabeth","SS Andrea Doria","MS Achille Lauro","SS Cap Arcona","SS Ceramic","MS Regal Empress","MS Gripsholm","SS Southern Cross","SS Malolo","SS Iberia","RMS Empress of Canada","MV Serenade","MS Oslofjord","MS Mediterranean Sky","MS Giulio Cesare","SS Lurline","SS Eugenio C","MV Ciudad de Barcelona"]},{"index":1,"name":"col1","values":["21.95","22.1","36","27.5","25.1","25.8","21.15","24.08","24.95","24","25.4","27.5","22.94","19.75","22.03","21.7","26.6","24.2","29.32","14.9"]},{"index":2,"name":"col2","values":["201.47","174.9","314","213.4","196","205.9","199.67","186.11","192.41","184.5","177.51","219","183","162.01","166.23","164.9","207","192.6","217.43","101.2"]},{"index":3,"name":"col3","values":["1170","937","2283","1241","300","475","600","1307","778","1160","620","1414","1570","757","625","946","1180","715","1636","62"]}]},"context":{"page_title":null,"page_url":null,"page_entity_id":null,"content_hierarchy":[]},"links":[[[{"start":0,"end":18,"url":null,"entity_id":"Q716671","candidates":[]}],[],[],[]],[[{"start":0,"end":12,"url":null,"entity_id":"Q682495","candidates":[]}],[],[],[]],[[{"start":0,"end":19,"url":null,"entity_id":"Q533218","candidates":[]}],[],[],[]],[[{"start":0,"end":15,"url":null,"entity_id":"Q493798","candidates":[]}],[],[],[]],[[{"start":0,"end":16,"url":null,"entity_id":"Q340233","candidates":[]}],[],[],[]],[[{"start":0,"end":13,"url":null,"entity_id":"Q165142","candidates":[]}],[],[],[]],[[{"start":0,"end":10,"url":null,"entity_id":"Q126277","candidates":[]}],[],[],[]],[[{"start":0,"end":16,"url":null,"entity_id":"Q11675847","candidates":[]}],[],[],[]],[[{"start":0,"end":12,"url":null,"entity_id":"Q10573079","candidates":[]}],[],[],[]],[[{"start":0,"end":17,"url":null,"entity_id":"Q7394396","candidates":[]}],[],[],[]],[[{"start":0,"end":9,"url":null,"entity_id":"Q7393999","candidates":[]}],[],[],[]],[[{"start":0,"end":9,"url":null,"entity_id":"Q7393835","candidates":[]}],[],[],[]],[[{"start":0,"end":21,"url":null,"entity_id":"Q7277081","candidates":[]}],[],[],[]],[[{"start":0,"end":11,"url":null,"entity_id":"Q6720041","candidates":[]}],[],[],[]],[[{"start":0,"end":12,"url":null,"entity_id":"Q6718144","candidates":[]}],[],[],[]],[[{"start":0,"end":20,"url":null,"entity_id":"Q6718110","candidates":[]}],[],[],[]],[[{"start":0,"end":16,"url":null,"entity_id":"Q6718074","candidates":[]}],[],[],[]],[[{"start":0,"end":10,"url":null,"entity_id":"Q6116290","candidates":[]}],[],[],[]],[[{"start":0,"end":12,"url":null,"entity_id":"Q3734320","candidates":[]}],[],[],[]],[[{"start":0,"end":22,"url":null,"entity_id":"Q26903924","candidates":[]}],[],[],[]]]}