{"version":"1.2","table":{"version":"2","table_id":"LZBINZVB","columns":[{"index":0,"name":"col0","values":["IC 231","IC 5267B","NGC 322-1","IC 310","ESO 358-50","ESO 358-10","IC 1000","IC 1386","IC 1264","IC 933","IC 1724","IC 858","IC 1392","IC 1746","IC 1209","IC 1024","IC 966","IC 947","IC 1153","IC 1071"]},{"index":1,"name":"col1","values":["Cetus","Grus","Phoenix","Perseus","Fornax","Fornax","Boötes","Capricornus","Hercules","Boötes","Sculptor","Coma Berenices","Cygnus","Pisces","Hercules","Virgo","Virgo","Virgo","Hercules","Virgo"]},{"index":2,"name":"col2","values":["1.1790700300932","-43.7604297324227","-43.7271278","41.3248971840131","-33.7793083","-33.556944","17.8546663287813","-21.1956417","43.6293056","23.2190611","-34.2419646252261","17.2267917","35.3983806","4.8039557420208","15.5583130636161","3.0091056","5.4082786074271","0.8182917","48.168374","4.7501889"]},{"index":3,"name":"col3","values":["6611","1754","7143","5651","1316","1730","5577","10682","9919","9170","3820","6867","4319.8","5199","8917","1395","4270","4396","5836","8302"]},{"index":4,"name":"col4","values":["[CHM2007] HDC 148","[CHM2007] HDC 1220","NGC 322","Perseus Cluster","Fornax Cluster","Fornax Cluster","ACO 1899","[T2015] nest 200613","[T2015] nest 100988","[SPD2011] 33579","[DMP2012] 10","[CHM2007] LDC 950","[CHM2007] LDC 1469","[CHM2007] LDC 119","[CHM2007] LDC 1180","[CHM2007] LDC 1076","[CHM2007] LDC 1019","[CHM2007] LDC 1012","[CHM2007] HDC 929","[CHM2007] HDC 892"]}]},"context":{"page_title":null,"page_url":null,"page_entity_id":null,"content_hierarchy":[]},"links":[[[{"start":0,"end":8,"url":null,"entity_id":"Q3716636","candidates":[]}],[{"start":0,"end":4,"url":null,"entity_id":"Q10563","candidates":[]}],[],[],[{"start":0,"end":18,"url":null,"entity_id":"Q67622755","candidates":[]}]],[[{"start":0,"end":9,"url":null,"entity_id":"Q12071773","candidates":[]}],[{"start":0,"end":7,"url":null,"entity_id":"Q10441","candidates":[]}],[],[],[{"start":0,"end":7,"url":null,"entity_id":"Q1259825","candidates":[]}]],[[{"start":0,"end":6,"url":null,"entity_id":"Q3714197","candidates":[]}],[{"start":0,"end":7,"url":null,"entity_id":"Q10511","candidates":[]}],[],[],[{"start":0,"end":15,"url":null,"entity_id":"Q1200684","candidates":[]}]],[[{"start":0,"end":10,"url":null,"entity_id":"Q15919312","candidates":[]}],[{"start":0,"end":6,"url":null,"entity_id":"Q8913","candidates":[]}],[],[],[{"start":0,"end":14,"url":null,"entity_id":"Q61226","candidates":[]}]],[[{"start":0,"end":10,"url":null,"entity_id":"Q15917853","candidates":[]}],[{"start":0,"end":6,"url":null,"entity_id":"Q8913","candidates":[]}],[],[],[{"start":0,"end":14,"url":null,"entity_id":"Q61226","candidates":[]}]],[[{"start":0,"end":7,"url":null,"entity_id":"Q3711132","candidates":[]}],[{"start":0,"end":6,"url":null,"entity_id":"Q8667","candidates":[]}],[],[],[{"start":0,"end":8,"url":null,"entity_id":"Q67847871","candidates":[]}]],[[{"start":0,"end":7,"url":null,"entity_id":"Q3710127","candidates":[]}],[{"start":0,"end":11,"url":null,"entity_id":"Q10535","candidates":[]}],[],[],[{"start":0,"end":19,"url":null,"entity_id":"Q67794102","candidates":[]}]],[[{"start":0,"end":7,"url":null,"entity_id":"Q3710700","candidates":[]}],[{"start":0,"end":8,"url":null,"entity_id":"Q10448","candidates":[]}],[],[],[{"start":0,"end":19,"url":null,"entity_id":"Q67792134","candidates":[]}]],[[{"start":0,"end":6,"url":null,"entity_id":"Q3711420","candidates":[]}],[{"start":0,"end":6,"url":null,"entity_id":"Q8667","candidates":[]}],[],[],[{"start":0,"end":15,"url":null,"entity_id":"Q67722301","candidates":[]}]],[[{"start":0,"end":7,"url":null,"entity_id":"Q3694001","candidates":[]}],[{"start":0,"end":8,"url":null,"entity_id":"Q9286","candidates":[]}],[],[],[{"start":0,"end":12,"url":null,"entity_id":"Q67626426","candidates":[]}]],[[{"start":0,"end":6,"url":null,"entity_id":"Q3711498","candidates":[]}],[{"start":0,"end":14,"url":null,"entity_id":"Q9285","candidates":[]}],[],[],[{"start":0,"end":17,"url":null,"entity_id":"Q67625697","candidates":[]}]],[[{"start":0,"end":7,"url":null,"entity_id":"Q3710427","candidates":[]}],[{"start":0,"end":6,"url":null,"entity_id":"Q8921","candidates":[]}],[],[],[{"start":0,"end":18,"url":null,"entity_id":"Q67624413","candidates":[]}]],[[{"start":0,"end":7,"url":null,"entity_id":"Q3693995","candidates":[]}],[{"start":0,"end":6,"url":null,"entity_id":"Q8679","candidates":[]}],[],[],[{"start":0,"end":17,"url":null,"entity_id":"Q67624088","candidates":[]}]],[[{"start":0,"end":7,"url":null,"entity_id":"Q3710854","candidates":[]}],[{"start":0,"end":8,"url":null,"entity_id":"Q10448","candidates":[]}],[],[],[{"start":0,"end":18,"url":null,"entity_id":"Q67624078","candidates":[]}]],[[{"start":0,"end":7,"url":null,"entity_id":"Q3711400","candidates":[]}],[{"start":0,"end":5,"url":null,"entity_id":"Q8842","candidates":[]}],[],[],[{"start":0,"end":18,"url":null,"entity_id":"Q67623940","candidates":[]}]],[[{"start":0,"end":6,"url":null,"entity_id":"Q3711394","candidates":[]}],[{"start":0,"end":5,"url":null,"entity_id":"Q8842","candidates":[]}],[],[],[{"start":0,"end":18,"url":null,"entity_id":"Q67623864","candidates":[]}]],[[{"start":0,"end":6,"url":null,"entity_id":"Q3711450","candidates":[]}],[{"start":0,"end":5,"url":null,"entity_id":"Q8842","candidates":[]}],[],[],[{"start":0,"end":18,"url":null,"entity_id":"Q67623855","candidates":[]}]],[[{"start":0,"end":7,"url":null,"entity_id":"Q3710875","candidates":[]}],[{"start":0,"end":8,"url":null,"entity_id":"Q10448","candidates":[]}],[],[],[{"start":0,"end":17,"url":null,"entity_id":"Q67623753","candidates":[]}]],[[{"start":0,"end":7,"url":null,"entity_id":"Q3711275","candidates":[]}],[{"start":0,"end":5,"url":null,"entity_id":"Q8842","candidates":[]}],[],[],[{"start":0,"end":17,"url":null,"entity_id":"Q67623719","candidates":[]}]],[[{"start":0,"end":6,"url":null,"entity_id":"Q3714205","candidates":[]}],[{"start":0,"end":5,"url":null,"entity_id":"Q8839","candidates":[]}],[],[],[{"start":0,"end":17,"url":null,"entity_id":"Q67622836","candidates":[]}]]]}