{"version":"1.2","table":{"version":"2","table_id":"LZILLR6M","columns":[{"index":0,"name":"col0","values":["Dark Horse Comics","Comics House","Dupuis","Image Comics","Hakusensha","Mag Garden","Pika Édition","Gladstone Publishing","Soleil Productions","Editora Vecchi","Western Publishing","IDW Publishing","All-American Publications","Elex Media Komputindo","Daewon C.I.","Record Publishing House","EBAL","Oni Press","Fantagraphics Books","Star Comics","Chingwin Publishing Group","Schibsted Forlag"]},{"index":1,"name":"col1","values":["United States of America","Malaysia","Belgium","United States of America","Japan","Japan","France","United States of America","France","Brazil","United States of America","United States of America","United States of America","Indonesia","South Korea","Brazil","Brazil","United States of America","United States of America","Italy","Taiwan","Sweden"]},{"index":2,"name":"col2","values":["Milwaukie","Petaling Jaya","Marcinelle","Berkeley","Chiyoda-ku","Chiyoda-ku","Boulogne-Billancourt","Prescott","Toulon","Rio de Janeiro","Racine","San Diego","Manhattan","Central Jakarta","Seoul","Rio de Janeiro","Rio de Janeiro","Portland","Seattle","Perugia","Taipei","Stockholm"]}]},"context":{"page_title":null,"page_url":null,"page_entity_id":null,"content_hierarchy":[]},"links":[[[{"start":0,"end":12,"url":null,"entity_id":"Q576741","candidates":[]}],[{"start":0,"end":8,"url":null,"entity_id":"Q833","candidates":[]}],[{"start":0,"end":13,"url":null,"entity_id":"Q864965","candidates":[]}]],[[{"start":0,"end":6,"url":null,"entity_id":"Q1266653","candidates":[]}],[{"start":0,"end":7,"url":null,"entity_id":"Q31","candidates":[]}],[{"start":0,"end":10,"url":null,"entity_id":"Q785440","candidates":[]}]],[[{"start":0,"end":12,"url":null,"entity_id":"Q913301","candidates":[]}],[{"start":0,"end":24,"url":null,"entity_id":"Q30","candidates":[]}],[{"start":0,"end":8,"url":null,"entity_id":"Q484678","candidates":[]}]],[[{"start":0,"end":10,"url":null,"entity_id":"Q1155260","candidates":[]}],[{"start":0,"end":5,"url":null,"entity_id":"Q17","candidates":[]}],[{"start":0,"end":10,"url":null,"entity_id":"Q214051","candidates":[]}]],[[{"start":0,"end":10,"url":null,"entity_id":"Q1092506","candidates":[]}],[{"start":0,"end":5,"url":null,"entity_id":"Q17","candidates":[]}],[{"start":0,"end":10,"url":null,"entity_id":"Q214051","candidates":[]}]],[[{"start":0,"end":12,"url":null,"entity_id":"Q3388349","candidates":[]}],[{"start":0,"end":6,"url":null,"entity_id":"Q142","candidates":[]}],[{"start":0,"end":20,"url":null,"entity_id":"Q172455","candidates":[]}]],[[{"start":0,"end":20,"url":null,"entity_id":"Q685270","candidates":[]}],[{"start":0,"end":24,"url":null,"entity_id":"Q30","candidates":[]}],[{"start":0,"end":8,"url":null,"entity_id":"Q79931","candidates":[]}]],[[{"start":0,"end":18,"url":null,"entity_id":"Q3489306","candidates":[]}],[{"start":0,"end":6,"url":null,"entity_id":"Q142","candidates":[]}],[{"start":0,"end":6,"url":null,"entity_id":"Q44160","candidates":[]}]],[[{"start":0,"end":14,"url":null,"entity_id":"Q10389428","candidates":[]}],[{"start":0,"end":6,"url":null,"entity_id":"Q155","candidates":[]}],[{"start":0,"end":14,"url":null,"entity_id":"Q41428","candidates":[]}]],[[{"start":0,"end":18,"url":null,"entity_id":"Q2744153","candidates":[]}],[{"start":0,"end":24,"url":null,"entity_id":"Q30","candidates":[]}],[{"start":0,"end":6,"url":null,"entity_id":"Q40340","candidates":[]}]],[[{"start":0,"end":14,"url":null,"entity_id":"Q3146596","candidates":[]}],[{"start":0,"end":24,"url":null,"entity_id":"Q30","candidates":[]}],[{"start":0,"end":9,"url":null,"entity_id":"Q16552","candidates":[]}]],[[{"start":0,"end":25,"url":null,"entity_id":"Q3611907","candidates":[]}],[{"start":0,"end":24,"url":null,"entity_id":"Q30","candidates":[]}],[{"start":0,"end":9,"url":null,"entity_id":"Q11299","candidates":[]}]],[[{"start":0,"end":21,"url":null,"entity_id":"Q2364677","candidates":[]}],[{"start":0,"end":9,"url":null,"entity_id":"Q252","candidates":[]}],[{"start":0,"end":15,"url":null,"entity_id":"Q10109","candidates":[]}]],[[{"start":0,"end":11,"url":null,"entity_id":"Q482767","candidates":[]}],[{"start":0,"end":11,"url":null,"entity_id":"Q884","candidates":[]}],[{"start":0,"end":5,"url":null,"entity_id":"Q8684","candidates":[]}]],[[{"start":0,"end":23,"url":null,"entity_id":"Q10291780","candidates":[]}],[{"start":0,"end":6,"url":null,"entity_id":"Q155","candidates":[]}],[{"start":0,"end":14,"url":null,"entity_id":"Q8678","candidates":[]}]],[[{"start":0,"end":4,"url":null,"entity_id":"Q10269414","candidates":[]}],[{"start":0,"end":6,"url":null,"entity_id":"Q155","candidates":[]}],[{"start":0,"end":14,"url":null,"entity_id":"Q8678","candidates":[]}]],[[{"start":0,"end":9,"url":null,"entity_id":"Q1425420","candidates":[]}],[{"start":0,"end":24,"url":null,"entity_id":"Q30","candidates":[]}],[{"start":0,"end":8,"url":null,"entity_id":"Q6106","candidates":[]}]],[[{"start":0,"end":19,"url":null,"entity_id":"Q1395850","candidates":[]}],[{"start":0,"end":24,"url":null,"entity_id":"Q30","candidates":[]}],[{"start":0,"end":7,"url":null,"entity_id":"Q5083","candidates":[]}]],[[{"start":0,"end":11,"url":null,"entity_id":"Q1054742","candidates":[]}],[{"start":0,"end":5,"url":null,"entity_id":"Q38","candidates":[]}],[{"start":0,"end":7,"url":null,"entity_id":"Q3437","candidates":[]}]],[[{"start":0,"end":25,"url":null,"entity_id":"Q5101053","candidates":[]}],[{"start":0,"end":6,"url":null,"entity_id":"Q865","candidates":[]}],[{"start":0,"end":6,"url":null,"entity_id":"Q1867","candidates":[]}]],[[{"start":0,"end":16,"url":null,"entity_id":"Q10663257","candidates":[]}],[{"start":0,"end":6,"url":null,"entity_id":"Q34","candidates":[]}],[{"start":0,"end":9,"url":null,"entity_id":"Q1754","candidates":[]}]],[[{"start":0,"end":17,"url":null,"entity_id":"Q373933","candidates":[]}],[{"start":0,"end":24,"url":null,"entity_id":"Q30","candidates":[]}],[{"start":0,"end":9,"url":null,"entity_id":"Q968392","candidates":[]}]]]}