{"version":"1.2","table":{"version":"2","table_id":"M0DQR2Q2","columns":[{"index":0,"name":"col0","values":["cobalt-77","cobalt-76","cobalt-75","cobalt-74","cobalt-73","cobalt-72","cobalt-71","cobalt-70","cobalt-69","cobalt-68","cobalt-67","cobalt-66","cobalt-65","cobalt-64","cobalt-63","cobalt-62","cobalt-61","cobalt-58","cobalt-57","cobalt-56"]},{"index":1,"name":"col1","values":["76.97744","75.973687","74.96817","73.964766","72.95983","71.956844","70.952366923","69.949941","68.946023102","67.944250135","66.940609628","65.939442945","64.936462073","63.935810291","62.933599744","61.934058317","60.932476145","57.935751429","56.936289913","55.93983815"]},{"index":2,"name":"col2","values":["27","27","27","27","27","27","27","27","27","27","27","27","27","27","27","27","27","27","27","27"]}]},"context":{"page_title":null,"page_url":null,"page_entity_id":null,"content_hierarchy":[]},"links":[[[{"start":0,"end":9,"url":null,"entity_id":"Q47456790","candidates":[]}],[],[]],[[{"start":0,"end":9,"url":null,"entity_id":"Q18844870","candidates":[]}],[],[]],[[{"start":0,"end":9,"url":null,"entity_id":"Q18844869","candidates":[]}],[],[]],[[{"start":0,"end":9,"url":null,"entity_id":"Q18844868","candidates":[]}],[],[]],[[{"start":0,"end":9,"url":null,"entity_id":"Q18844867","candidates":[]}],[],[]],[[{"start":0,"end":9,"url":null,"entity_id":"Q18844866","candidates":[]}],[],[]],[[{"start":0,"end":9,"url":null,"entity_id":"Q18844865","candidates":[]}],[],[]],[[{"start":0,"end":9,"url":null,"entity_id":"Q18844864","candidates":[]}],[],[]],[[{"start":0,"end":9,"url":null,"entity_id":"Q18844863","candidates":[]}],[],[]],[[{"start":0,"end":9,"url":null,"entity_id":"Q18844862","candidates":[]}],[],[]],[[{"start":0,"end":9,"url":null,"entity_id":"Q18844861","candidates":[]}],[],[]],[[{"start":0,"end":9,"url":null,"entity_id":"Q18844860","candidates":[]}],[],[]],[[{"start":0,"end":9,"url":null,"entity_id":"Q18844859","candidates":[]}],[],[]],[[{"start":0,"end":9,"url":null,"entity_id":"Q18844858","candidates":[]}],[],[]],[[{"start":0,"end":9,"url":null,"entity_id":"Q18844857","candidates":[]}],[],[]],[[{"start":0,"end":9,"url":null,"entity_id":"Q18844856","candidates":[]}],[],[]],[[{"start":0,"end":9,"url":null,"entity_id":"Q18844855","candidates":[]}],[],[]],[[{"start":0,"end":9,"url":null,"entity_id":"Q18844854","candidates":[]}],[],[]],[[{"start":0,"end":9,"url":null,"entity_id":"Q18844853","candidates":[]}],[],[]],[[{"start":0,"end":9,"url":null,"entity_id":"Q47456793","candidates":[]}],[],[]]]}