{"version":"1.2","table":{"version":"2","table_id":"M1TU7OH4","columns":[{"index":0,"name":"col0","values":["Gartempe","Chul'cha","Dyoma River","Crna","Nissan","Ilek River","Aube","Bolshoi Zelenchuk","Bolshoy Cheremshan River","Yantra","Sambre","Ohře","Korpvasselva","Sandvasselva","Holmvasselva","Vanadzor River","Vladaya River","Suola","Stryama","Vidbol","Byuragan","Shirokolashka River","Tahircal","Ropotamo","Gennach","Alma River"]},{"index":1,"name":"col1","values":["58","500","86","131","4","60","71","323","45","19","89","171","100","75","40","1338","515","85","149","29","1475","704","635","0","558","2"]},{"index":2,"name":"col2","values":["38","35.8","35","37","41","39.8","41","40","36.1","36.8","36","38","0.67","0.53","0.62","0.52","0.65","0.74","0.8","0.8","1.1","1.07","1.4","1.128","1.4","1.2"]},{"index":3,"name":"col3","values":["204.6","72","535","207","200","623","248.3","158","336","285.5","190","291","14.4","20.6","12.6","16","37","224","110.1","61.8","92","29","32","48.5","46.91","83"]},{"index":4,"name":"col4","values":["3922","2350","12800","4526","2685","41300","4595","2730","11500","7862","2740","5614","33.45","28.58","36.42","120","151","5350","1394","330","712","218","175","249","256.71","635"]}]},"context":{"page_title":null,"page_url":null,"page_entity_id":null,"content_hierarchy":[]},"links":[[[{"start":0,"end":8,"url":null,"entity_id":"Q1418617","candidates":[]}],[],[],[],[]],[[{"start":0,"end":11,"url":null,"entity_id":"Q1232261","candidates":[]}],[],[],[],[]],[[{"start":0,"end":4,"url":null,"entity_id":"Q1140644","candidates":[]}],[],[],[],[]],[[{"start":0,"end":6,"url":null,"entity_id":"Q958359","candidates":[]}],[],[],[],[]],[[{"start":0,"end":10,"url":null,"entity_id":"Q598256","candidates":[]}],[],[],[],[]],[[{"start":0,"end":4,"url":null,"entity_id":"Q548466","candidates":[]}],[],[],[],[]],[[{"start":0,"end":17,"url":null,"entity_id":"Q276906","candidates":[]}],[],[],[],[]],[[{"start":0,"end":24,"url":null,"entity_id":"Q224686","candidates":[]}],[],[],[],[]],[[{"start":0,"end":6,"url":null,"entity_id":"Q217126","candidates":[]}],[],[],[],[]],[[{"start":0,"end":6,"url":null,"entity_id":"Q208267","candidates":[]}],[],[],[],[]],[[{"start":0,"end":4,"url":null,"entity_id":"Q155045","candidates":[]}],[],[],[],[]],[[{"start":0,"end":12,"url":null,"entity_id":"Q31080512","candidates":[]}],[],[],[],[]],[[{"start":0,"end":12,"url":null,"entity_id":"Q30578878","candidates":[]}],[],[],[],[]],[[{"start":0,"end":12,"url":null,"entity_id":"Q30353355","candidates":[]}],[],[],[],[]],[[{"start":0,"end":14,"url":null,"entity_id":"Q15732500","candidates":[]}],[],[],[],[]],[[{"start":0,"end":13,"url":null,"entity_id":"Q3657979","candidates":[]}],[],[],[],[]],[[{"start":0,"end":5,"url":null,"entity_id":"Q2312049","candidates":[]}],[],[],[],[]],[[{"start":0,"end":7,"url":null,"entity_id":"Q1817769","candidates":[]}],[],[],[],[]],[[{"start":0,"end":6,"url":null,"entity_id":"Q667522","candidates":[]}],[],[],[],[]],[[{"start":0,"end":8,"url":null,"entity_id":"Q12820344","candidates":[]}],[],[],[],[]],[[{"start":0,"end":19,"url":null,"entity_id":"Q12299373","candidates":[]}],[],[],[],[]],[[{"start":0,"end":8,"url":null,"entity_id":"Q4449776","candidates":[]}],[],[],[],[]],[[{"start":0,"end":8,"url":null,"entity_id":"Q2119511","candidates":[]}],[],[],[],[]],[[{"start":0,"end":7,"url":null,"entity_id":"Q1502340","candidates":[]}],[],[],[],[]],[[{"start":0,"end":10,"url":null,"entity_id":"Q864843","candidates":[]}],[],[],[],[]],[[{"start":0,"end":8,"url":null,"entity_id":"Q1494587","candidates":[]}],[],[],[],[]]]}