{"version":"1.2","table":{"version":"2","table_id":"M2O43ADY","columns":[{"index":0,"name":"col0","values":["Ro","Mirabenlo","Miliaro","Migniarino","Massa Fiscagmia","Berra","B{zano","San Giovnni d'Asso","Figline Valdarnq","Acqwacanina","Treta","Spezzano Picolo","Srra Pedace","Rqssan","Pfdace","Corigliao Calabro","Casole Bruzko","Preicce","Acquaicadel\"Capo","Pratovecchlo"]},{"index":1,"name":"col1","values":["5.05","14.97","1.002","1.982","1.992","1.986","93.558","306.9","125.118","730.33","612.438","699.3","723.096","271.34999999999997","597.402","210.0","653.47","103.792","109.23","420.41999999999996"]},{"index":2,"name":"col2","values":["43.632000000000005","16.4125","22.6038","35.1153","57.98996","68.91456","13.92005","66.72583999999999","71.57149999999999","26.944049999999997","4.68255","49.02312","59.09219","152.27827999999997","51.61065","194.85744","3.96364","24.165119999999998","18.6252","75.74176"]}]},"context":{"page_title":null,"page_url":null,"page_entity_id":null,"content_hierarchy":[]},"links":[[[{"start":0,"end":9,"url":null,"entity_id":"Q95128","candidates":[]}],[],[]],[[{"start":0,"end":7,"url":null,"entity_id":"Q95124","candidates":[]}],[],[]],[[{"start":0,"end":10,"url":null,"entity_id":"Q95122","candidates":[]}],[],[]],[[{"start":0,"end":15,"url":null,"entity_id":"Q95114","candidates":[]}],[],[]],[[{"start":0,"end":5,"url":null,"entity_id":"Q95091","candidates":[]}],[],[]],[[{"start":0,"end":6,"url":null,"entity_id":"Q94548","candidates":[]}],[],[]],[[{"start":0,"end":18,"url":null,"entity_id":"Q91422","candidates":[]}],[],[]],[[{"start":0,"end":16,"url":null,"entity_id":"Q82676","candidates":[]}],[],[]],[[{"start":0,"end":11,"url":null,"entity_id":"Q73235","candidates":[]}],[],[]],[[{"start":0,"end":5,"url":null,"entity_id":"Q54033","candidates":[]}],[],[]],[[{"start":0,"end":15,"url":null,"entity_id":"Q54006","candidates":[]}],[],[]],[[{"start":0,"end":11,"url":null,"entity_id":"Q54003","candidates":[]}],[],[]],[[{"start":0,"end":6,"url":null,"entity_id":"Q53952","candidates":[]}],[],[]],[[{"start":0,"end":6,"url":null,"entity_id":"Q53932","candidates":[]}],[],[]],[[{"start":0,"end":17,"url":null,"entity_id":"Q53870","candidates":[]}],[],[]],[[{"start":0,"end":13,"url":null,"entity_id":"Q53852","candidates":[]}],[],[]],[[{"start":0,"end":7,"url":null,"entity_id":"Q52180","candidates":[]}],[],[]],[[{"start":0,"end":16,"url":null,"entity_id":"Q52108","candidates":[]}],[],[]],[[{"start":0,"end":12,"url":null,"entity_id":"Q52096","candidates":[]}],[],[]],[[{"start":0,"end":2,"url":null,"entity_id":"Q95138","candidates":[]}],[],[]]]}