{"version":"1.2","table":{"version":"2","table_id":"M4DK4B4L","columns":[{"index":0,"name":"col0","values":["Aeroflot Flight 821","American Airlines Flight 191","American Airlines Flight 587","American Airlines Flight 77","American Airlines Flight 11","Lufthansa Flight 2904","Pan Am Flight 103","Turkish Airlines Flight 981","JAT Flight 367","ValuJet Flight 592","2011 Silk Way Airlines Ilyushin Il-76 crash","BOAC Flight 911","Alaska Airlines Flight 261","Bangkok Airways Flight 266","FedEx Express Flight 80","TWA Flight 800","Itavia Flight 870","El Al Flight 1862","Mount Salak Sukhoi Superjet 100 crash","Ryanair Flight 4102"]},{"index":1,"name":"col1","values":["Russia","United States of America","United States of America","Argelia","United States of America","Poland","United Kingdom","France","Czechoslovakia","United States of America","Afghanistan","Japan","United States of America","Thailand","Japan","United States of America","Italy","Netherlands","Indonesia","Italy"]},{"index":2,"name":"col2","values":["88","273","265","189","92","2","11","346","27","110","9","124","88","1","2","230","81","1","45","0"]},{"index":3,"name":"col3","values":["Perm","Des Plaines","Queens","The Pentagon","New York City","Warsaw Chopin Airport","Lockerbie","Ermenonville Forest","Česká Kamenice","Everglades","Parwan","Mount Fuji","Pacific Ocean","Samui Airport","Narita International Airport","Moriches Inlet","Tyrrhenian Sea","Bijlmermeer","Gunung Salak Satu","Ciampino–G.B. Pastine International Airport"]},{"index":4,"name":"col4","values":["Aeroflot","American Airlines","American Airlines","American Airlines","American Airlines","Lufthansa","Pan Am","Turkish Airlines","Jat Airways","ValuJet Airlines","Silk Way Airline","British Overseas Airways Corporation","Alaska Airlines","Bangkok Airways","FedEx Express","Trans World Airlines","Itavia","El Al","Sukhoi","Ryanair"]}]},"context":{"page_title":null,"page_url":null,"page_entity_id":null,"content_hierarchy":[]},"links":[[[{"start":0,"end":19,"url":null,"entity_id":"Q381468","candidates":[]}],[{"start":0,"end":6,"url":null,"entity_id":"Q159","candidates":[]}],[],[{"start":0,"end":4,"url":null,"entity_id":"Q915","candidates":[]}],[{"start":0,"end":8,"url":null,"entity_id":"Q58707","candidates":[]}]],[[{"start":0,"end":28,"url":null,"entity_id":"Q463197","candidates":[]}],[{"start":0,"end":24,"url":null,"entity_id":"Q30","candidates":[]}],[],[{"start":0,"end":11,"url":null,"entity_id":"Q386961","candidates":[]}],[{"start":0,"end":17,"url":null,"entity_id":"Q32396","candidates":[]}]],[[{"start":0,"end":28,"url":null,"entity_id":"Q384845","candidates":[]}],[{"start":0,"end":24,"url":null,"entity_id":"Q30","candidates":[]}],[],[{"start":0,"end":6,"url":null,"entity_id":"Q18424","candidates":[]}],[{"start":0,"end":17,"url":null,"entity_id":"Q32396","candidates":[]}]],[[{"start":0,"end":27,"url":null,"entity_id":"Q463237","candidates":[]}],[{"start":0,"end":7,"url":null,"entity_id":"Q2336241","candidates":[]}],[],[{"start":0,"end":12,"url":null,"entity_id":"Q11208","candidates":[]}],[{"start":0,"end":17,"url":null,"entity_id":"Q32396","candidates":[]}]],[[{"start":0,"end":27,"url":null,"entity_id":"Q11694","candidates":[]}],[{"start":0,"end":24,"url":null,"entity_id":"Q30","candidates":[]}],[],[{"start":0,"end":13,"url":null,"entity_id":"Q60","candidates":[]}],[{"start":0,"end":17,"url":null,"entity_id":"Q32396","candidates":[]}]],[[{"start":0,"end":21,"url":null,"entity_id":"Q468754","candidates":[]}],[{"start":0,"end":6,"url":null,"entity_id":"Q36","candidates":[]}],[],[{"start":0,"end":21,"url":null,"entity_id":"Q465071","candidates":[]}],[{"start":0,"end":9,"url":null,"entity_id":"Q9325","candidates":[]}]],[[{"start":0,"end":17,"url":null,"entity_id":"Q211087","candidates":[]}],[{"start":0,"end":14,"url":null,"entity_id":"Q145","candidates":[]}],[],[{"start":0,"end":9,"url":null,"entity_id":"Q216045","candidates":[]}],[{"start":0,"end":6,"url":null,"entity_id":"Q8681","candidates":[]}]],[[{"start":0,"end":27,"url":null,"entity_id":"Q462716","candidates":[]}],[{"start":0,"end":6,"url":null,"entity_id":"Q142","candidates":[]}],[],[{"start":0,"end":19,"url":null,"entity_id":"Q3078774","candidates":[]}],[{"start":0,"end":16,"url":null,"entity_id":"Q4548","candidates":[]}]],[[{"start":0,"end":14,"url":null,"entity_id":"Q1262739","candidates":[]}],[{"start":0,"end":14,"url":null,"entity_id":"Q33946","candidates":[]}],[],[{"start":0,"end":14,"url":null,"entity_id":"Q340680","candidates":[]}],[{"start":0,"end":11,"url":null,"entity_id":"Q12428657","candidates":[]}]],[[{"start":0,"end":18,"url":null,"entity_id":"Q947452","candidates":[]}],[{"start":0,"end":24,"url":null,"entity_id":"Q30","candidates":[]}],[],[{"start":0,"end":10,"url":null,"entity_id":"Q597281","candidates":[]}],[{"start":0,"end":16,"url":null,"entity_id":"Q1878146","candidates":[]}]],[[{"start":0,"end":43,"url":null,"entity_id":"Q921029","candidates":[]}],[{"start":0,"end":11,"url":null,"entity_id":"Q889","candidates":[]}],[],[{"start":0,"end":6,"url":null,"entity_id":"Q188157","candidates":[]}],[{"start":0,"end":16,"url":null,"entity_id":"Q1715027","candidates":[]}]],[[{"start":0,"end":15,"url":null,"entity_id":"Q796847","candidates":[]}],[{"start":0,"end":5,"url":null,"entity_id":"Q17","candidates":[]}],[],[{"start":0,"end":10,"url":null,"entity_id":"Q39231","candidates":[]}],[{"start":0,"end":36,"url":null,"entity_id":"Q846885","candidates":[]}]],[[{"start":0,"end":26,"url":null,"entity_id":"Q770935","candidates":[]}],[{"start":0,"end":24,"url":null,"entity_id":"Q30","candidates":[]}],[],[{"start":0,"end":13,"url":null,"entity_id":"Q98","candidates":[]}],[{"start":0,"end":15,"url":null,"entity_id":"Q822614","candidates":[]}]],[[{"start":0,"end":26,"url":null,"entity_id":"Q806481","candidates":[]}],[{"start":0,"end":8,"url":null,"entity_id":"Q869","candidates":[]}],[],[{"start":0,"end":13,"url":null,"entity_id":"Q867656","candidates":[]}],[{"start":0,"end":15,"url":null,"entity_id":"Q806487","candidates":[]}]],[[{"start":0,"end":23,"url":null,"entity_id":"Q1330826","candidates":[]}],[{"start":0,"end":5,"url":null,"entity_id":"Q17","candidates":[]}],[],[{"start":0,"end":28,"url":null,"entity_id":"Q36454","candidates":[]}],[{"start":0,"end":13,"url":null,"entity_id":"Q782557","candidates":[]}]],[[{"start":0,"end":14,"url":null,"entity_id":"Q908717","candidates":[]}],[{"start":0,"end":24,"url":null,"entity_id":"Q30","candidates":[]}],[],[{"start":0,"end":14,"url":null,"entity_id":"Q6912178","candidates":[]}],[{"start":0,"end":20,"url":null,"entity_id":"Q527341","candidates":[]}]],[[{"start":0,"end":17,"url":null,"entity_id":"Q784466","candidates":[]}],[{"start":0,"end":5,"url":null,"entity_id":"Q38","candidates":[]}],[],[{"start":0,"end":14,"url":null,"entity_id":"Q38882","candidates":[]}],[{"start":0,"end":6,"url":null,"entity_id":"Q489547","candidates":[]}]],[[{"start":0,"end":17,"url":null,"entity_id":"Q1323799","candidates":[]}],[{"start":0,"end":11,"url":null,"entity_id":"Q55","candidates":[]}],[],[{"start":0,"end":11,"url":null,"entity_id":"Q128498","candidates":[]}],[{"start":0,"end":5,"url":null,"entity_id":"Q208489","candidates":[]}]],[[{"start":0,"end":37,"url":null,"entity_id":"Q1419491","candidates":[]}],[{"start":0,"end":9,"url":null,"entity_id":"Q252","candidates":[]}],[],[{"start":0,"end":17,"url":null,"entity_id":"Q669559","candidates":[]}],[{"start":0,"end":6,"url":null,"entity_id":"Q193007","candidates":[]}]],[[{"start":0,"end":19,"url":null,"entity_id":"Q1134591","candidates":[]}],[{"start":0,"end":5,"url":null,"entity_id":"Q38","candidates":[]}],[],[{"start":0,"end":43,"url":null,"entity_id":"Q1132616","candidates":[]}],[{"start":0,"end":7,"url":null,"entity_id":"Q170614","candidates":[]}]]]}