{"version":"1.2","table":{"version":"2","table_id":"M5MF7YG0","columns":[{"index":0,"name":"col0","values":["Leghorn Hills","Augusta Mountains","Aitana","White Cloud Mountains","Quantock Hills","Vercors Plateau","San Gabriel Mountains","Sangre de Cristo Range","Massif de l'Esterel","Canadian Rockies","Franklin Mountains","Ozarks","Termit Massif","Cantal mountains","Picos de Europa","Crazy Mountains","Ellsworth Mountains","Sierra de Gredos","Nuba Mountains","Sierra Madre Occidental"]},{"index":1,"name":"col1","values":["11","9","3","32","6","40","77","48","10","150","361","400","40","60","20","15","48","30","65","150"]},{"index":2,"name":"col2","values":["23","25","8","50","19","60","117","95","15","1450","501","350","180","70","40","60","360","120","140","1250"]},{"index":3,"name":"col3","values":["462","2563","1558","11815","384","2341","10064","14345","618","3954","1570","2561","732","1855","2650","11214","4892","2592","1325","10863"]},{"index":4,"name":"col4","values":["246","140","2000","461","98","1350","970","1250","320","180000","39393","122000","3500","2700","646","600","31400","3600","48000","289000"]}]},"context":{"page_title":null,"page_url":null,"page_entity_id":null,"content_hierarchy":[]},"links":[[[{"start":0,"end":17,"url":null,"entity_id":"Q3629557","candidates":[]}],[],[],[],[]],[[{"start":0,"end":6,"url":null,"entity_id":"Q3571138","candidates":[]}],[],[],[],[]],[[{"start":0,"end":21,"url":null,"entity_id":"Q7994576","candidates":[]}],[],[],[],[]],[[{"start":0,"end":14,"url":null,"entity_id":"Q1471502","candidates":[]}],[],[],[],[]],[[{"start":0,"end":15,"url":null,"entity_id":"Q1435063","candidates":[]}],[],[],[],[]],[[{"start":0,"end":21,"url":null,"entity_id":"Q1419854","candidates":[]}],[],[],[],[]],[[{"start":0,"end":22,"url":null,"entity_id":"Q1419187","candidates":[]}],[],[],[],[]],[[{"start":0,"end":19,"url":null,"entity_id":"Q1369923","candidates":[]}],[],[],[],[]],[[{"start":0,"end":16,"url":null,"entity_id":"Q1353201","candidates":[]}],[],[],[],[]],[[{"start":0,"end":18,"url":null,"entity_id":"Q1326192","candidates":[]}],[],[],[],[]],[[{"start":0,"end":6,"url":null,"entity_id":"Q1321468","candidates":[]}],[],[],[],[]],[[{"start":0,"end":13,"url":null,"entity_id":"Q1297643","candidates":[]}],[],[],[],[]],[[{"start":0,"end":16,"url":null,"entity_id":"Q1276372","candidates":[]}],[],[],[],[]],[[{"start":0,"end":15,"url":null,"entity_id":"Q1141172","candidates":[]}],[],[],[],[]],[[{"start":0,"end":15,"url":null,"entity_id":"Q1139255","candidates":[]}],[],[],[],[]],[[{"start":0,"end":19,"url":null,"entity_id":"Q1139110","candidates":[]}],[],[],[],[]],[[{"start":0,"end":16,"url":null,"entity_id":"Q1132904","candidates":[]}],[],[],[],[]],[[{"start":0,"end":14,"url":null,"entity_id":"Q1129989","candidates":[]}],[],[],[],[]],[[{"start":0,"end":23,"url":null,"entity_id":"Q1124584","candidates":[]}],[],[],[],[]],[[{"start":0,"end":13,"url":null,"entity_id":"Q3683249","candidates":[]}],[],[],[],[]]]}