{"version":"1.2","table":{"version":"2","table_id":"M66HUOXO","columns":[{"index":0,"name":"col0","values":["PGC 66503","PGC 66484","PGC 65398","PGC 64534","PGC 63525","PGC 63409","PGC 60860","PGC 60275","PGC 60189","PGC 59727","PGC 58817","PGC 58813","PGC 58632","PGC 58545","PGC 58473","PGC 58141","PGC 58120","PGC 57947","PGC 57369","PGC 57098","PGC 57046","PGC 56948","PGC 56611","PGC 56547","PGC 56336","PGC 56329","PGC 56154","PGC 55081","PGC 54815","PGC 54565","PGC 54526"]},{"index":1,"name":"col1","values":["0.027682","0.030024","0.01418","0.018863","0.017939","0.020104","0.02718","0.03509","0.043","0.02917","0.027","0.02266","0.026378","0.03006","0.05861","0.01652","0.03245","0.02914","0.03185","0.00664","0.04079","0.03961","0.02939","0.01415","0.03497","0.03631","0.027702","0.007755","0.02919","0.022195","0.034453"]},{"index":2,"name":"col2","values":["8292","8819","4230","5657","5387","5761","8154","10335","12853","8752","8267","6764","9457","9006","17611","4971","9711","8617","9558","1993","12228","11891","8826","4244","10301","10869","8359","2318","8826","6633","10143"]}]},"context":{"page_title":null,"page_url":null,"page_entity_id":null,"content_hierarchy":[]},"links":[[[{"start":0,"end":9,"url":null,"entity_id":"Q60248008","candidates":[]}],[],[]],[[{"start":0,"end":9,"url":null,"entity_id":"Q60247658","candidates":[]}],[],[]],[[{"start":0,"end":9,"url":null,"entity_id":"Q60247286","candidates":[]}],[],[]],[[{"start":0,"end":9,"url":null,"entity_id":"Q60247006","candidates":[]}],[],[]],[[{"start":0,"end":9,"url":null,"entity_id":"Q60246997","candidates":[]}],[],[]],[[{"start":0,"end":9,"url":null,"entity_id":"Q60246372","candidates":[]}],[],[]],[[{"start":0,"end":9,"url":null,"entity_id":"Q60246118","candidates":[]}],[],[]],[[{"start":0,"end":9,"url":null,"entity_id":"Q60246047","candidates":[]}],[],[]],[[{"start":0,"end":9,"url":null,"entity_id":"Q60245907","candidates":[]}],[],[]],[[{"start":0,"end":9,"url":null,"entity_id":"Q60240164","candidates":[]}],[],[]],[[{"start":0,"end":9,"url":null,"entity_id":"Q60240162","candidates":[]}],[],[]],[[{"start":0,"end":9,"url":null,"entity_id":"Q60240135","candidates":[]}],[],[]],[[{"start":0,"end":9,"url":null,"entity_id":"Q60240121","candidates":[]}],[],[]],[[{"start":0,"end":9,"url":null,"entity_id":"Q60240093","candidates":[]}],[],[]],[[{"start":0,"end":9,"url":null,"entity_id":"Q60240011","candidates":[]}],[],[]],[[{"start":0,"end":9,"url":null,"entity_id":"Q60240006","candidates":[]}],[],[]],[[{"start":0,"end":9,"url":null,"entity_id":"Q60239974","candidates":[]}],[],[]],[[{"start":0,"end":9,"url":null,"entity_id":"Q60239903","candidates":[]}],[],[]],[[{"start":0,"end":9,"url":null,"entity_id":"Q60239846","candidates":[]}],[],[]],[[{"start":0,"end":9,"url":null,"entity_id":"Q60239836","candidates":[]}],[],[]],[[{"start":0,"end":9,"url":null,"entity_id":"Q60239821","candidates":[]}],[],[]],[[{"start":0,"end":9,"url":null,"entity_id":"Q60239751","candidates":[]}],[],[]],[[{"start":0,"end":9,"url":null,"entity_id":"Q60239738","candidates":[]}],[],[]],[[{"start":0,"end":9,"url":null,"entity_id":"Q60239697","candidates":[]}],[],[]],[[{"start":0,"end":9,"url":null,"entity_id":"Q60239696","candidates":[]}],[],[]],[[{"start":0,"end":9,"url":null,"entity_id":"Q60239665","candidates":[]}],[],[]],[[{"start":0,"end":9,"url":null,"entity_id":"Q60239480","candidates":[]}],[],[]],[[{"start":0,"end":9,"url":null,"entity_id":"Q60239444","candidates":[]}],[],[]],[[{"start":0,"end":9,"url":null,"entity_id":"Q60239405","candidates":[]}],[],[]],[[{"start":0,"end":9,"url":null,"entity_id":"Q60239397","candidates":[]}],[],[]],[[{"start":0,"end":9,"url":null,"entity_id":"Q60248012","candidates":[]}],[],[]]]}