{"version":"1.2","table":{"version":"2","table_id":"M6LEJSLP","columns":[{"index":0,"name":"col0","values":["HD 119796A","Delta Canis Majoris","Cl* NGC 330 ARP 17","R Puppis","Phi Cassiopeiae","SkKM 263","PMMR 147","[M2002] SMC 41799","[M2002] SMC 47666","[M2002] SMC 11673","PMMR 98","[M2002] SMC 32561","PMMR 87","[M2002] SMC 6415","[M2002] SMC 33802","[M2002] SMC 50998","PMMR 166","PMMR 21","PMMR 137","PMMR 85"]},{"index":1,"name":"col1","values":["-62.5897389","-26.39319957889","-72.4689493533574","-31.661165895713","58.2316146203123","-72.38582558252929","-72.4157418369848","-73.5621519399502","-72.5718873549353","-72.9242817219759","-72.8499336672444","-72.5154553989322","-72.4462363066965","-73.3499876612458","-72.4804683184621","-72.2845023829646","-72.9248437978728","-72.3695330821634","-72.1909094520561","-73.5075535129859"]},{"index":2,"name":"col2","values":["V766 Centauri","C 0652-245","NGC 330","NGC 2439","NGC 457","Small Magellanic Cloud","Small Magellanic Cloud","Small Magellanic Cloud","Small Magellanic Cloud","Small Magellanic Cloud","Small Magellanic Cloud","Small Magellanic Cloud","Small Magellanic Cloud","Small Magellanic Cloud","Small Magellanic Cloud","Small Magellanic Cloud","Small Magellanic Cloud","Small Magellanic Cloud","Small Magellanic Cloud","Small Magellanic Cloud"]},{"index":3,"name":"col3","values":["-14.4","-3.12","-1.214","-2.265","-1.556","-1.19","-1.191","-1.063","-1.238","-1.118","-1.146","-1.213","-1.233","-1.2","-1.285","-1.231","-1.181","-1.227","-1.173","-1.157"]}]},"context":{"page_title":null,"page_url":null,"page_entity_id":null,"content_hierarchy":[]},"links":[[[{"start":0,"end":10,"url":null,"entity_id":"Q66530861","candidates":[]}],[],[{"start":0,"end":13,"url":null,"entity_id":"Q10905104","candidates":[]}],[]],[[{"start":0,"end":19,"url":null,"entity_id":"Q13411","candidates":[]}],[],[{"start":0,"end":10,"url":null,"entity_id":"Q3696404","candidates":[]}],[]],[[{"start":0,"end":18,"url":null,"entity_id":"Q79642429","candidates":[]}],[],[{"start":0,"end":7,"url":null,"entity_id":"Q1036169","candidates":[]}],[]],[[{"start":0,"end":8,"url":null,"entity_id":"Q3264506","candidates":[]}],[],[{"start":0,"end":8,"url":null,"entity_id":"Q942329","candidates":[]}],[]],[[{"start":0,"end":15,"url":null,"entity_id":"Q3304278","candidates":[]}],[],[{"start":0,"end":7,"url":null,"entity_id":"Q730450","candidates":[]}],[]],[[{"start":0,"end":8,"url":null,"entity_id":"Q83287621","candidates":[]}],[],[{"start":0,"end":22,"url":null,"entity_id":"Q49984","candidates":[]}],[]],[[{"start":0,"end":8,"url":null,"entity_id":"Q81912864","candidates":[]}],[],[{"start":0,"end":22,"url":null,"entity_id":"Q49984","candidates":[]}],[]],[[{"start":0,"end":17,"url":null,"entity_id":"Q81912784","candidates":[]}],[],[{"start":0,"end":22,"url":null,"entity_id":"Q49984","candidates":[]}],[]],[[{"start":0,"end":17,"url":null,"entity_id":"Q81912571","candidates":[]}],[],[{"start":0,"end":22,"url":null,"entity_id":"Q49984","candidates":[]}],[]],[[{"start":0,"end":17,"url":null,"entity_id":"Q81912560","candidates":[]}],[],[{"start":0,"end":22,"url":null,"entity_id":"Q49984","candidates":[]}],[]],[[{"start":0,"end":7,"url":null,"entity_id":"Q81911024","candidates":[]}],[],[{"start":0,"end":22,"url":null,"entity_id":"Q49984","candidates":[]}],[]],[[{"start":0,"end":17,"url":null,"entity_id":"Q81910624","candidates":[]}],[],[{"start":0,"end":22,"url":null,"entity_id":"Q49984","candidates":[]}],[]],[[{"start":0,"end":7,"url":null,"entity_id":"Q81910134","candidates":[]}],[],[{"start":0,"end":22,"url":null,"entity_id":"Q49984","candidates":[]}],[]],[[{"start":0,"end":16,"url":null,"entity_id":"Q81909555","candidates":[]}],[],[{"start":0,"end":22,"url":null,"entity_id":"Q49984","candidates":[]}],[]],[[{"start":0,"end":17,"url":null,"entity_id":"Q81909076","candidates":[]}],[],[{"start":0,"end":22,"url":null,"entity_id":"Q49984","candidates":[]}],[]],[[{"start":0,"end":17,"url":null,"entity_id":"Q81908592","candidates":[]}],[],[{"start":0,"end":22,"url":null,"entity_id":"Q49984","candidates":[]}],[]],[[{"start":0,"end":8,"url":null,"entity_id":"Q81908560","candidates":[]}],[],[{"start":0,"end":22,"url":null,"entity_id":"Q49984","candidates":[]}],[]],[[{"start":0,"end":7,"url":null,"entity_id":"Q81908523","candidates":[]}],[],[{"start":0,"end":22,"url":null,"entity_id":"Q49984","candidates":[]}],[]],[[{"start":0,"end":8,"url":null,"entity_id":"Q81908021","candidates":[]}],[],[{"start":0,"end":22,"url":null,"entity_id":"Q49984","candidates":[]}],[]],[[{"start":0,"end":7,"url":null,"entity_id":"Q81906911","candidates":[]}],[],[{"start":0,"end":22,"url":null,"entity_id":"Q49984","candidates":[]}],[]]]}