{"version":"1.2","table":{"version":"2","table_id":"M7FWCWJ9","columns":[{"index":0,"name":"col0","values":["neptunium compound","molybdenum compound","bromide","isocyanide","lipopolysaccharide","nitro compound","dicarboxylic acid","acid anhydride","hydroxide salts","diol","Ribonucleotide","Selenide","organosulfur compound","sulfur oxide","nitrogen oxide","fluorocarbon","cryptand","ketals","trisaccharide","heptose"]},{"index":1,"name":"col1","values":["chemical compound","chemical compound","halide","chemical compound","liposaccharide","nitrogen compound","polycarboxylic acid","chemical compound","salt","polyol","nucleotides","selenium compounds","organic compound","oxide","oxide","organofluorine","chemical compound","chemical compound","oligosaccharide","monosaccharide"]},{"index":2,"name":"col2","values":["neptunium","molybdenum","bromide ion","isocyanic group","Lipid A","nitro group","carboxyl","Acyl","hydroxide ion","hydroxyl","ribonucleoside","selenium","sulfur","oxygen","nitrogen","carbon","carbon","carbon","hydrogen","hydrogen"]}]},"context":{"page_title":null,"page_url":null,"page_entity_id":null,"content_hierarchy":[]},"links":[[[{"start":0,"end":19,"url":null,"entity_id":"Q78050120","candidates":[]}],[{"start":0,"end":17,"url":null,"entity_id":"Q11173","candidates":[]}],[{"start":0,"end":10,"url":null,"entity_id":"Q1053","candidates":[]}]],[[{"start":0,"end":7,"url":null,"entity_id":"Q422423","candidates":[]}],[{"start":0,"end":6,"url":null,"entity_id":"Q193086","candidates":[]}],[{"start":0,"end":11,"url":null,"entity_id":"Q31208886","candidates":[]}]],[[{"start":0,"end":10,"url":null,"entity_id":"Q421897","candidates":[]}],[{"start":0,"end":17,"url":null,"entity_id":"Q11173","candidates":[]}],[{"start":0,"end":15,"url":null,"entity_id":"Q9281428","candidates":[]}]],[[{"start":0,"end":18,"url":null,"entity_id":"Q421804","candidates":[]}],[{"start":0,"end":14,"url":null,"entity_id":"Q72078616","candidates":[]}],[{"start":0,"end":7,"url":null,"entity_id":"Q3077338","candidates":[]}]],[[{"start":0,"end":14,"url":null,"entity_id":"Q422772","candidates":[]}],[{"start":0,"end":17,"url":null,"entity_id":"Q3685323","candidates":[]}],[{"start":0,"end":11,"url":null,"entity_id":"Q1242465","candidates":[]}]],[[{"start":0,"end":17,"url":null,"entity_id":"Q422050","candidates":[]}],[{"start":0,"end":19,"url":null,"entity_id":"Q11751655","candidates":[]}],[{"start":0,"end":8,"url":null,"entity_id":"Q909913","candidates":[]}]],[[{"start":0,"end":14,"url":null,"entity_id":"Q423118","candidates":[]}],[{"start":0,"end":17,"url":null,"entity_id":"Q11173","candidates":[]}],[{"start":0,"end":4,"url":null,"entity_id":"Q345003","candidates":[]}]],[[{"start":0,"end":15,"url":null,"entity_id":"Q425597","candidates":[]}],[{"start":0,"end":4,"url":null,"entity_id":"Q12370","candidates":[]}],[{"start":0,"end":13,"url":null,"entity_id":"Q199877","candidates":[]}]],[[{"start":0,"end":4,"url":null,"entity_id":"Q421916","candidates":[]}],[{"start":0,"end":6,"url":null,"entity_id":"Q415812","candidates":[]}],[{"start":0,"end":8,"url":null,"entity_id":"Q104116","candidates":[]}]],[[{"start":0,"end":14,"url":null,"entity_id":"Q422484","candidates":[]}],[{"start":0,"end":11,"url":null,"entity_id":"Q28745","candidates":[]}],[{"start":0,"end":14,"url":null,"entity_id":"Q34402","candidates":[]}]],[[{"start":0,"end":8,"url":null,"entity_id":"Q425269","candidates":[]}],[{"start":0,"end":18,"url":null,"entity_id":"Q67457558","candidates":[]}],[{"start":0,"end":8,"url":null,"entity_id":"Q876","candidates":[]}]],[[{"start":0,"end":21,"url":null,"entity_id":"Q422785","candidates":[]}],[{"start":0,"end":16,"url":null,"entity_id":"Q174211","candidates":[]}],[{"start":0,"end":6,"url":null,"entity_id":"Q682","candidates":[]}]],[[{"start":0,"end":12,"url":null,"entity_id":"Q601852","candidates":[]}],[{"start":0,"end":5,"url":null,"entity_id":"Q50690","candidates":[]}],[{"start":0,"end":6,"url":null,"entity_id":"Q629","candidates":[]}]],[[{"start":0,"end":14,"url":null,"entity_id":"Q424418","candidates":[]}],[{"start":0,"end":5,"url":null,"entity_id":"Q50690","candidates":[]}],[{"start":0,"end":8,"url":null,"entity_id":"Q627","candidates":[]}]],[[{"start":0,"end":12,"url":null,"entity_id":"Q425094","candidates":[]}],[{"start":0,"end":14,"url":null,"entity_id":"Q2200141","candidates":[]}],[{"start":0,"end":6,"url":null,"entity_id":"Q623","candidates":[]}]],[[{"start":0,"end":8,"url":null,"entity_id":"Q596999","candidates":[]}],[{"start":0,"end":17,"url":null,"entity_id":"Q11173","candidates":[]}],[{"start":0,"end":6,"url":null,"entity_id":"Q623","candidates":[]}]],[[{"start":0,"end":6,"url":null,"entity_id":"Q426579","candidates":[]}],[{"start":0,"end":17,"url":null,"entity_id":"Q11173","candidates":[]}],[{"start":0,"end":6,"url":null,"entity_id":"Q623","candidates":[]}]],[[{"start":0,"end":13,"url":null,"entity_id":"Q421360","candidates":[]}],[{"start":0,"end":15,"url":null,"entity_id":"Q320607","candidates":[]}],[{"start":0,"end":8,"url":null,"entity_id":"Q556","candidates":[]}]],[[{"start":0,"end":7,"url":null,"entity_id":"Q424182","candidates":[]}],[{"start":0,"end":14,"url":null,"entity_id":"Q133516","candidates":[]}],[{"start":0,"end":8,"url":null,"entity_id":"Q556","candidates":[]}]],[[{"start":0,"end":18,"url":null,"entity_id":"Q84704641","candidates":[]}],[{"start":0,"end":17,"url":null,"entity_id":"Q11173","candidates":[]}],[{"start":0,"end":9,"url":null,"entity_id":"Q1105","candidates":[]}]]]}