{"version":"1.2","table":{"version":"2","table_id":"M8X7KKMS","columns":[{"index":0,"name":"col0","values":["Rauand","Tandstad municipality","Søgne","Ttoksund","Buvik","Ølen","Audndal","Kvalsun","Øvre Stjørdan","Bjrkøy","Mblangen","Borge","Berg","Sauhraf","Bksnes","Frei","Re","øtterøy","Langens","Hol"]},{"index":1,"name":"col1","values":["Vinje","Hitra","Kristiansand","Åfjord","Skaun","Vindafjord","Lyngdal","Hammerfest","Meråker","Harstad","Balsfjord","Vestvågøy","Senja Municipality","Midt-Telemark","Vestvågøy","Kristiansund Municipality","Tønsberg","Færder","Øksnes","Vestvågøy"]},{"index":2,"name":"col2","values":["Krossen","Sandstad","Tangvall","Revsnes","Buvika","Ølensjøen","Konsmo","Kvalsund village","Hegra","Nergården","Mortenhals","Bøstad","Skaland","Akkerhaugen","Gravdal","Rensvik","Revetal","Borgheim","Stø","Stamsund"]}]},"context":{"page_title":null,"page_url":null,"page_entity_id":null,"content_hierarchy":[]},"links":[[[{"start":0,"end":21,"url":null,"entity_id":"Q4587537","candidates":[]}],[{"start":0,"end":5,"url":null,"entity_id":"Q109025","candidates":[]}],[{"start":0,"end":8,"url":null,"entity_id":"Q12718168","candidates":[]}]],[[{"start":0,"end":5,"url":null,"entity_id":"Q501401","candidates":[]}],[{"start":0,"end":12,"url":null,"entity_id":"Q2415","candidates":[]}],[{"start":0,"end":8,"url":null,"entity_id":"Q12005187","candidates":[]}]],[[{"start":0,"end":8,"url":null,"entity_id":"Q4461072","candidates":[]}],[{"start":0,"end":6,"url":null,"entity_id":"Q270835","candidates":[]}],[{"start":0,"end":7,"url":null,"entity_id":"Q11997345","candidates":[]}]],[[{"start":0,"end":5,"url":null,"entity_id":"Q4562853","candidates":[]}],[{"start":0,"end":5,"url":null,"entity_id":"Q500186","candidates":[]}],[{"start":0,"end":6,"url":null,"entity_id":"Q7623962","candidates":[]}]],[[{"start":0,"end":4,"url":null,"entity_id":"Q308120","candidates":[]}],[{"start":0,"end":10,"url":null,"entity_id":"Q502197","candidates":[]}],[{"start":0,"end":9,"url":null,"entity_id":"Q6517575","candidates":[]}]],[[{"start":0,"end":7,"url":null,"entity_id":"Q499842","candidates":[]}],[{"start":0,"end":7,"url":null,"entity_id":"Q505952","candidates":[]}],[{"start":0,"end":6,"url":null,"entity_id":"Q6517056","candidates":[]}]],[[{"start":0,"end":7,"url":null,"entity_id":"Q493007","candidates":[]}],[{"start":0,"end":10,"url":null,"entity_id":"Q107351","candidates":[]}],[{"start":0,"end":16,"url":null,"entity_id":"Q6449599","candidates":[]}]],[[{"start":0,"end":13,"url":null,"entity_id":"Q4588515","candidates":[]}],[{"start":0,"end":7,"url":null,"entity_id":"Q48732","candidates":[]}],[{"start":0,"end":5,"url":null,"entity_id":"Q3357155","candidates":[]}]],[[{"start":0,"end":6,"url":null,"entity_id":"Q48333","candidates":[]}],[{"start":0,"end":7,"url":null,"entity_id":"Q62140","candidates":[]}],[{"start":0,"end":9,"url":null,"entity_id":"Q3338338","candidates":[]}]],[[{"start":0,"end":8,"url":null,"entity_id":"Q3199039","candidates":[]}],[{"start":0,"end":9,"url":null,"entity_id":"Q486717","candidates":[]}],[{"start":0,"end":10,"url":null,"entity_id":"Q3324576","candidates":[]}]],[[{"start":0,"end":5,"url":null,"entity_id":"Q1771311","candidates":[]}],[{"start":0,"end":9,"url":null,"entity_id":"Q507201","candidates":[]}],[{"start":0,"end":6,"url":null,"entity_id":"Q2930166","candidates":[]}]],[[{"start":0,"end":4,"url":null,"entity_id":"Q503912","candidates":[]}],[{"start":0,"end":18,"url":null,"entity_id":"Q56249968","candidates":[]}],[{"start":0,"end":7,"url":null,"entity_id":"Q2665990","candidates":[]}]],[[{"start":0,"end":7,"url":null,"entity_id":"Q2381","candidates":[]}],[{"start":0,"end":13,"url":null,"entity_id":"Q56405258","candidates":[]}],[{"start":0,"end":11,"url":null,"entity_id":"Q2593053","candidates":[]}]],[[{"start":0,"end":6,"url":null,"entity_id":"Q1771277","candidates":[]}],[{"start":0,"end":9,"url":null,"entity_id":"Q507201","candidates":[]}],[{"start":0,"end":7,"url":null,"entity_id":"Q2211730","candidates":[]}]],[[{"start":0,"end":4,"url":null,"entity_id":"Q499711","candidates":[]}],[{"start":0,"end":25,"url":null,"entity_id":"Q109483","candidates":[]}],[{"start":0,"end":7,"url":null,"entity_id":"Q1797586","candidates":[]}]],[[{"start":0,"end":2,"url":null,"entity_id":"Q499570","candidates":[]}],[{"start":0,"end":8,"url":null,"entity_id":"Q107392","candidates":[]}],[{"start":0,"end":7,"url":null,"entity_id":"Q1792375","candidates":[]}]],[[{"start":0,"end":7,"url":null,"entity_id":"Q206469","candidates":[]}],[{"start":0,"end":6,"url":null,"entity_id":"Q42320251","candidates":[]}],[{"start":0,"end":8,"url":null,"entity_id":"Q1783896","candidates":[]}]],[[{"start":0,"end":7,"url":null,"entity_id":"Q4253773","candidates":[]}],[{"start":0,"end":6,"url":null,"entity_id":"Q308134","candidates":[]}],[{"start":0,"end":3,"url":null,"entity_id":"Q991431","candidates":[]}]],[[{"start":0,"end":3,"url":null,"entity_id":"Q2561326","candidates":[]}],[{"start":0,"end":9,"url":null,"entity_id":"Q507201","candidates":[]}],[{"start":0,"end":8,"url":null,"entity_id":"Q786301","candidates":[]}]],[[{"start":0,"end":6,"url":null,"entity_id":"Q1772845","candidates":[]}],[{"start":0,"end":5,"url":null,"entity_id":"Q2245","candidates":[]}],[{"start":0,"end":7,"url":null,"entity_id":"Q28720397","candidates":[]}]]]}