{"version":"1.2","table":{"version":"2","table_id":"M9F8P3TP","columns":[{"index":0,"name":"col0","values":["Loras Tyrell","Margaery Tyrell","Stannis Baratheon","Robert Baratheon","Robb Stark","Catelyn Stark","Lysa Arryn","Hoster Tully","Theon Greyjoy","Tywin Lannister","Jaime Lannister","Cersei Lannister","Joanna Lannister","Beric Dondarrion","Jon Snow","Shireen Baratheon","Eddard Stark","Rickard Stark","Lyanna Stark","Myrcella Baratheon"]},{"index":1,"name":"col1","values":["explosion","explosion","stab wound","injury","stabbing","stabbing","Muerte accidental/asesinato","old age","stabbing","stabbing","injury","injury","childbirth","stabbing","stabbing","burn","decapitation","burn","bleeding","deliberate  poisoning"]},{"index":2,"name":"col2","values":["Highgarden","Highgarden","Storm's End","Storm's End","Riverrun","Riverrun","Riverrun","Riverrun","Pyke","Casterly Rock","Casterly Rock","Casterly Rock","Casterly Rock","The Stormlands","Tower of Joy","Dragonstone","Winterfell","Winterfell","Winterfell","King's Landing"]},{"index":3,"name":"col3","values":["Seven Kingdoms","Seven Kingdoms","Seven Kingdoms","Seven Kingdoms","Seven Kingdoms","Seven Kingdoms","Seven Kingdoms","Seven Kingdoms","Seven Kingdoms","Seven Kingdoms","Seven Kingdoms","Seven Kingdoms","Seven Kingdoms","Seven Kingdoms","Seven Kingdoms","Seven Kingdoms","Seven Kingdoms","Seven Kingdoms","Seven Kingdoms","Seven Kingdoms"]}]},"context":{"page_title":null,"page_url":null,"page_entity_id":null,"content_hierarchy":[]},"links":[[[{"start":0,"end":12,"url":null,"entity_id":"Q18920137","candidates":[]}],[{"start":0,"end":9,"url":null,"entity_id":"Q179057","candidates":[]}],[{"start":0,"end":10,"url":null,"entity_id":"Q57740197","candidates":[]}],[{"start":0,"end":14,"url":null,"entity_id":"Q53174509","candidates":[]}]],[[{"start":0,"end":15,"url":null,"entity_id":"Q12900933","candidates":[]}],[{"start":0,"end":9,"url":null,"entity_id":"Q179057","candidates":[]}],[{"start":0,"end":10,"url":null,"entity_id":"Q57740197","candidates":[]}],[{"start":0,"end":14,"url":null,"entity_id":"Q53174509","candidates":[]}]],[[{"start":0,"end":17,"url":null,"entity_id":"Q12056060","candidates":[]}],[{"start":0,"end":10,"url":null,"entity_id":"Q4228595","candidates":[]}],[{"start":0,"end":11,"url":null,"entity_id":"Q57740114","candidates":[]}],[{"start":0,"end":14,"url":null,"entity_id":"Q53174509","candidates":[]}]],[[{"start":0,"end":16,"url":null,"entity_id":"Q13634885","candidates":[]}],[{"start":0,"end":6,"url":null,"entity_id":"Q193078","candidates":[]}],[{"start":0,"end":11,"url":null,"entity_id":"Q57740114","candidates":[]}],[{"start":0,"end":14,"url":null,"entity_id":"Q53174509","candidates":[]}]],[[{"start":0,"end":10,"url":null,"entity_id":"Q13634884","candidates":[]}],[{"start":0,"end":8,"url":null,"entity_id":"Q464643","candidates":[]}],[{"start":0,"end":8,"url":null,"entity_id":"Q57739897","candidates":[]}],[{"start":0,"end":14,"url":null,"entity_id":"Q53174509","candidates":[]}]],[[{"start":0,"end":13,"url":null,"entity_id":"Q2941743","candidates":[]}],[{"start":0,"end":8,"url":null,"entity_id":"Q464643","candidates":[]}],[{"start":0,"end":8,"url":null,"entity_id":"Q57739897","candidates":[]}],[{"start":0,"end":14,"url":null,"entity_id":"Q53174509","candidates":[]}]],[[{"start":0,"end":10,"url":null,"entity_id":"Q19791067","candidates":[]}],[{"start":0,"end":27,"url":null,"entity_id":"Q333495","candidates":[]}],[{"start":0,"end":8,"url":null,"entity_id":"Q57739897","candidates":[]}],[{"start":0,"end":14,"url":null,"entity_id":"Q53174509","candidates":[]}]],[[{"start":0,"end":12,"url":null,"entity_id":"Q23730371","candidates":[]}],[{"start":0,"end":7,"url":null,"entity_id":"Q191089","candidates":[]}],[{"start":0,"end":8,"url":null,"entity_id":"Q57739897","candidates":[]}],[{"start":0,"end":14,"url":null,"entity_id":"Q53174509","candidates":[]}]],[[{"start":0,"end":13,"url":null,"entity_id":"Q1120793","candidates":[]}],[{"start":0,"end":8,"url":null,"entity_id":"Q464643","candidates":[]}],[{"start":0,"end":4,"url":null,"entity_id":"Q57739833","candidates":[]}],[{"start":0,"end":14,"url":null,"entity_id":"Q53174509","candidates":[]}]],[[{"start":0,"end":15,"url":null,"entity_id":"Q12902445","candidates":[]}],[{"start":0,"end":8,"url":null,"entity_id":"Q464643","candidates":[]}],[{"start":0,"end":13,"url":null,"entity_id":"Q57739629","candidates":[]}],[{"start":0,"end":14,"url":null,"entity_id":"Q53174509","candidates":[]}]],[[{"start":0,"end":15,"url":null,"entity_id":"Q3806180","candidates":[]}],[{"start":0,"end":6,"url":null,"entity_id":"Q193078","candidates":[]}],[{"start":0,"end":13,"url":null,"entity_id":"Q57739629","candidates":[]}],[{"start":0,"end":14,"url":null,"entity_id":"Q53174509","candidates":[]}]],[[{"start":0,"end":16,"url":null,"entity_id":"Q3665163","candidates":[]}],[{"start":0,"end":6,"url":null,"entity_id":"Q193078","candidates":[]}],[{"start":0,"end":13,"url":null,"entity_id":"Q57739629","candidates":[]}],[{"start":0,"end":14,"url":null,"entity_id":"Q53174509","candidates":[]}]],[[{"start":0,"end":16,"url":null,"entity_id":"Q23730388","candidates":[]}],[{"start":0,"end":10,"url":null,"entity_id":"Q34581","candidates":[]}],[{"start":0,"end":13,"url":null,"entity_id":"Q57739629","candidates":[]}],[{"start":0,"end":14,"url":null,"entity_id":"Q53174509","candidates":[]}]],[[{"start":0,"end":16,"url":null,"entity_id":"Q11680202","candidates":[]}],[{"start":0,"end":8,"url":null,"entity_id":"Q464643","candidates":[]}],[{"start":0,"end":14,"url":null,"entity_id":"Q53559573","candidates":[]}],[{"start":0,"end":14,"url":null,"entity_id":"Q53174509","candidates":[]}]],[[{"start":0,"end":8,"url":null,"entity_id":"Q3183235","candidates":[]}],[{"start":0,"end":8,"url":null,"entity_id":"Q464643","candidates":[]}],[{"start":0,"end":12,"url":null,"entity_id":"Q53553464","candidates":[]}],[{"start":0,"end":14,"url":null,"entity_id":"Q53174509","candidates":[]}]],[[{"start":0,"end":17,"url":null,"entity_id":"Q23747242","candidates":[]}],[{"start":0,"end":4,"url":null,"entity_id":"Q170518","candidates":[]}],[{"start":0,"end":11,"url":null,"entity_id":"Q40422975","candidates":[]}],[{"start":0,"end":14,"url":null,"entity_id":"Q53174509","candidates":[]}]],[[{"start":0,"end":12,"url":null,"entity_id":"Q259818","candidates":[]}],[{"start":0,"end":12,"url":null,"entity_id":"Q204933","candidates":[]}],[{"start":0,"end":10,"url":null,"entity_id":"Q20925302","candidates":[]}],[{"start":0,"end":14,"url":null,"entity_id":"Q53174509","candidates":[]}]],[[{"start":0,"end":13,"url":null,"entity_id":"Q23759020","candidates":[]}],[{"start":0,"end":4,"url":null,"entity_id":"Q170518","candidates":[]}],[{"start":0,"end":10,"url":null,"entity_id":"Q20925302","candidates":[]}],[{"start":0,"end":14,"url":null,"entity_id":"Q53174509","candidates":[]}]],[[{"start":0,"end":12,"url":null,"entity_id":"Q23759071","candidates":[]}],[{"start":0,"end":8,"url":null,"entity_id":"Q166019","candidates":[]}],[{"start":0,"end":10,"url":null,"entity_id":"Q20925302","candidates":[]}],[{"start":0,"end":14,"url":null,"entity_id":"Q53174509","candidates":[]}]],[[{"start":0,"end":18,"url":null,"entity_id":"Q19799435","candidates":[]}],[{"start":0,"end":21,"url":null,"entity_id":"Q51159762","candidates":[]}],[{"start":0,"end":14,"url":null,"entity_id":"Q18746111","candidates":[]}],[{"start":0,"end":14,"url":null,"entity_id":"Q53174509","candidates":[]}]]]}