{"version":"1.2","table":{"version":"2","table_id":"MA42OCHQ","columns":[{"index":0,"name":"col0","values":["Cloud Study","Cloud Study with Steep Cliffs","Cloud Study","From Øresund","At Øresund","Studies of trees","Drapery","From Ferring near Bovbjerg","Forest. Study","Moritz, Elector of Saxony","A forest lake surrounded by birches. Study","Ferns in the Forest. Siverskaya. Study","Study for the painting \"Lumbering\"","From Neighborhoods Gurzuf. Study","Study for The Golden Canvas of Flanders","Study for Autumn","Study for The Mermaids","Study of an Italian woman","Capitoline Hill","Study for L'Équipe de Cardiff"]},{"index":1,"name":"col1","values":["23.4","23.4","28.7","342","383","158","28.3","54.8","14.1","32.5","23.5","59.6","59.5","54","45.8","30.5","42","73.5","53.5","21"]},{"index":2,"name":"col2","values":["16","16","19.2","207","257","192","42.6","34.1","19.8","40.5","14.6","36.2","36","35","33.5","22.8","26.8","93","32.5","28"]}]},"context":{"page_title":null,"page_url":null,"page_entity_id":null,"content_hierarchy":[]},"links":[[[{"start":0,"end":11,"url":null,"entity_id":"Q56855898","candidates":[]}],[],[]],[[{"start":0,"end":29,"url":null,"entity_id":"Q56855803","candidates":[]}],[],[]],[[{"start":0,"end":11,"url":null,"entity_id":"Q56855540","candidates":[]}],[],[]],[[{"start":0,"end":12,"url":null,"entity_id":"Q56806474","candidates":[]}],[],[]],[[{"start":0,"end":10,"url":null,"entity_id":"Q56806248","candidates":[]}],[],[]],[[{"start":0,"end":16,"url":null,"entity_id":"Q56762146","candidates":[]}],[],[]],[[{"start":0,"end":7,"url":null,"entity_id":"Q54911413","candidates":[]}],[],[]],[[{"start":0,"end":26,"url":null,"entity_id":"Q51845245","candidates":[]}],[],[]],[[{"start":0,"end":13,"url":null,"entity_id":"Q50807842","candidates":[]}],[],[]],[[{"start":0,"end":25,"url":null,"entity_id":"Q50322866","candidates":[]}],[],[]],[[{"start":0,"end":42,"url":null,"entity_id":"Q47543354","candidates":[]}],[],[]],[[{"start":0,"end":38,"url":null,"entity_id":"Q43264770","candidates":[]}],[],[]],[[{"start":0,"end":34,"url":null,"entity_id":"Q43217683","candidates":[]}],[],[]],[[{"start":0,"end":32,"url":null,"entity_id":"Q42419681","candidates":[]}],[],[]],[[{"start":0,"end":39,"url":null,"entity_id":"Q30524127","candidates":[]}],[],[]],[[{"start":0,"end":16,"url":null,"entity_id":"Q30344111","candidates":[]}],[],[]],[[{"start":0,"end":22,"url":null,"entity_id":"Q30317178","candidates":[]}],[],[]],[[{"start":0,"end":25,"url":null,"entity_id":"Q29117632","candidates":[]}],[],[]],[[{"start":0,"end":15,"url":null,"entity_id":"Q28924051","candidates":[]}],[],[]],[[{"start":0,"end":29,"url":null,"entity_id":"Q28100421","candidates":[]}],[],[]]]}