{"version":"1.2","table":{"version":"2","table_id":"MB918EN8","columns":[{"index":0,"name":"col0","values":["Maison Ikkoku","Mirai Shounen Conan II: Taiga Adventure","Street Fighter II V","Ganbare, Kickers!","Baki the Grappler","Mahoromatic","Emma","Kiddy Grade","Monster","Voltron: Defender of the Universe","Gantz","Rosario + Vampire","Ulysses 31","Gasaraki","Haibane Renmei","Transformers: Armada","Piccolino no Bōken","Hell Girl","Samurai Harem: Asu no Yoichi","Dragon Ball GT"]},{"index":1,"name":"col1","values":["4","1","1","1","2","2","2","1","1","3","2","2","1","1","1","1","3","3","1","1"]},{"index":2,"name":"col2","values":["25","25","23","24","24","24","25","25","24","25","24","24","25","24","25","22","25","25","24","20"]},{"index":3,"name":"col3","values":["96","24","29","26","48","26","24","24","74","128","26","26","26","25","13","52","52","78","12","64"]}]},"context":{"page_title":null,"page_url":null,"page_entity_id":null,"content_hierarchy":[]},"links":[[[{"start":0,"end":39,"url":null,"entity_id":"Q63981748","candidates":[]}],[],[],[]],[[{"start":0,"end":19,"url":null,"entity_id":"Q1314180","candidates":[]}],[],[],[]],[[{"start":0,"end":17,"url":null,"entity_id":"Q1260373","candidates":[]}],[],[],[]],[[{"start":0,"end":17,"url":null,"entity_id":"Q1197213","candidates":[]}],[],[],[]],[[{"start":0,"end":11,"url":null,"entity_id":"Q1155222","candidates":[]}],[],[],[]],[[{"start":0,"end":4,"url":null,"entity_id":"Q1137447","candidates":[]}],[],[],[]],[[{"start":0,"end":11,"url":null,"entity_id":"Q870265","candidates":[]}],[],[],[]],[[{"start":0,"end":7,"url":null,"entity_id":"Q858384","candidates":[]}],[],[],[]],[[{"start":0,"end":33,"url":null,"entity_id":"Q60768356","candidates":[]}],[],[],[]],[[{"start":0,"end":5,"url":null,"entity_id":"Q59262674","candidates":[]}],[],[],[]],[[{"start":0,"end":17,"url":null,"entity_id":"Q58332165","candidates":[]}],[],[],[]],[[{"start":0,"end":10,"url":null,"entity_id":"Q1637108","candidates":[]}],[],[],[]],[[{"start":0,"end":8,"url":null,"entity_id":"Q1495051","candidates":[]}],[],[],[]],[[{"start":0,"end":14,"url":null,"entity_id":"Q1479392","candidates":[]}],[],[],[]],[[{"start":0,"end":20,"url":null,"entity_id":"Q1348354","candidates":[]}],[],[],[]],[[{"start":0,"end":18,"url":null,"entity_id":"Q2096030","candidates":[]}],[],[],[]],[[{"start":0,"end":9,"url":null,"entity_id":"Q753729","candidates":[]}],[],[],[]],[[{"start":0,"end":28,"url":null,"entity_id":"Q752373","candidates":[]}],[],[],[]],[[{"start":0,"end":14,"url":null,"entity_id":"Q735669","candidates":[]}],[],[],[]],[[{"start":0,"end":13,"url":null,"entity_id":"Q16143145","candidates":[]}],[],[],[]]]}