{"version":"1.2","table":{"version":"2","table_id":"MC7DIDSQ","columns":[{"index":0,"name":"col0","values":["Rabinal","Livingston","San Benito, El Petén","Chinautla","Chinique","Mazatenango","San Marcos","Salamá","Retalhuleu","Jutiapa","Jalapa","Huité","San Cristóbal Acasaguastlán","San Luis, El Petén","Teculután","Estanzuela","Morazán","San Agustín Acasaguastlán","El Estor","Unión Cantinil"]},{"index":1,"name":"col1","values":["973","0","137","1232","1850","374","2398","940","241","895","1392","293","263","404","216","160","355","297","1","1700"]},{"index":2,"name":"col2","values":["504","1940","112","80","41","356","121","776","796","620","544","517","124","2913","211","94.2","329","358","2896","43"]},{"index":3,"name":"col3","values":["45000","48588","56953","77071","8009","103276","48913","56359","40000","162312","122483","8835","6129","48745","14428","11652","11201","40121","15842","17450"]}]},"context":{"page_title":null,"page_url":null,"page_entity_id":null,"content_hierarchy":[]},"links":[[[{"start":0,"end":7,"url":null,"entity_id":"Q1246149","candidates":[]}],[],[],[]],[[{"start":0,"end":10,"url":null,"entity_id":"Q1192713","candidates":[]}],[],[],[]],[[{"start":0,"end":20,"url":null,"entity_id":"Q1113394","candidates":[]}],[],[],[]],[[{"start":0,"end":9,"url":null,"entity_id":"Q1027001","candidates":[]}],[],[],[]],[[{"start":0,"end":8,"url":null,"entity_id":"Q1025536","candidates":[]}],[],[],[]],[[{"start":0,"end":11,"url":null,"entity_id":"Q1023983","candidates":[]}],[],[],[]],[[{"start":0,"end":10,"url":null,"entity_id":"Q1023981","candidates":[]}],[],[],[]],[[{"start":0,"end":6,"url":null,"entity_id":"Q1023655","candidates":[]}],[],[],[]],[[{"start":0,"end":10,"url":null,"entity_id":"Q1023393","candidates":[]}],[],[],[]],[[{"start":0,"end":7,"url":null,"entity_id":"Q1023364","candidates":[]}],[],[],[]],[[{"start":0,"end":6,"url":null,"entity_id":"Q1023359","candidates":[]}],[],[],[]],[[{"start":0,"end":5,"url":null,"entity_id":"Q1020827","candidates":[]}],[],[],[]],[[{"start":0,"end":27,"url":null,"entity_id":"Q1020799","candidates":[]}],[],[],[]],[[{"start":0,"end":18,"url":null,"entity_id":"Q1020572","candidates":[]}],[],[],[]],[[{"start":0,"end":9,"url":null,"entity_id":"Q1020568","candidates":[]}],[],[],[]],[[{"start":0,"end":10,"url":null,"entity_id":"Q1020422","candidates":[]}],[],[],[]],[[{"start":0,"end":7,"url":null,"entity_id":"Q1020416","candidates":[]}],[],[],[]],[[{"start":0,"end":25,"url":null,"entity_id":"Q1020409","candidates":[]}],[],[],[]],[[{"start":0,"end":8,"url":null,"entity_id":"Q1020153","candidates":[]}],[],[],[]],[[{"start":0,"end":14,"url":null,"entity_id":"Q4005975","candidates":[]}],[],[],[]]]}