{"version":"1.2","table":{"version":"2","table_id":"MCT1LRPS","columns":[{"index":0,"name":"col0","values":["2017 Route Adélie","2016 Route Adélie","2015 Route Adélie","2014 Route Adélie","2013 Route Adélie","2012 Route Adélie","2008 Route Adélie","2007 Route Adélie","2006 Route Adélie","2005 Route Adélie","2004 Route Adélie","2003 Route Adélie","2002 Route Adélie","2001 Route Adélie","2000 Route Adélie","1999 Route Adélie","1998 Route Adélie","2011 Route Adélie","1996 Route Adélie","2009 Route Adélie"]},{"index":1,"name":"col1","values":["2018 Route Adélie","2017 Route Adélie","2016 Route Adélie","2015 Route Adélie","2014 Route Adélie","2013 Route Adélie","2009 Route Adélie","2008 Route Adélie","2007 Route Adélie","2006 Route Adélie","2005 Route Adélie","2004 Route Adélie","2003 Route Adélie","2002 Route Adélie","2001 Route Adélie","2000 Route Adélie","1999 Route Adélie","2012 Route Adélie","1997 Route Adélie","2010 Route Adélie"]},{"index":2,"name":"col2","values":["road bicycle racing","road bicycle racing","road bicycle racing","road bicycle racing","road bicycle racing","road bicycle racing","road bicycle racing","road bicycle racing","road bicycle racing","road bicycle racing","road bicycle racing","road bicycle racing","road bicycle racing","road bicycle racing","road bicycle racing","road bicycle racing","road bicycle racing","road bicycle racing","road bicycle racing","road bicycle racing"]}]},"context":{"page_title":null,"page_url":null,"page_entity_id":null,"content_hierarchy":[]},"links":[[[{"start":0,"end":17,"url":null,"entity_id":"Q20651314","candidates":[]}],[{"start":0,"end":17,"url":null,"entity_id":"Q28973130","candidates":[]}],[{"start":0,"end":19,"url":null,"entity_id":"Q3609","candidates":[]}]],[[{"start":0,"end":17,"url":null,"entity_id":"Q19749284","candidates":[]}],[{"start":0,"end":17,"url":null,"entity_id":"Q20651314","candidates":[]}],[{"start":0,"end":19,"url":null,"entity_id":"Q3609","candidates":[]}]],[[{"start":0,"end":17,"url":null,"entity_id":"Q16064718","candidates":[]}],[{"start":0,"end":17,"url":null,"entity_id":"Q19749284","candidates":[]}],[{"start":0,"end":19,"url":null,"entity_id":"Q3609","candidates":[]}]],[[{"start":0,"end":17,"url":null,"entity_id":"Q13583189","candidates":[]}],[{"start":0,"end":17,"url":null,"entity_id":"Q16064718","candidates":[]}],[{"start":0,"end":19,"url":null,"entity_id":"Q3609","candidates":[]}]],[[{"start":0,"end":17,"url":null,"entity_id":"Q590962","candidates":[]}],[{"start":0,"end":17,"url":null,"entity_id":"Q13583189","candidates":[]}],[{"start":0,"end":19,"url":null,"entity_id":"Q3609","candidates":[]}]],[[{"start":0,"end":17,"url":null,"entity_id":"Q3941896","candidates":[]}],[{"start":0,"end":17,"url":null,"entity_id":"Q3941897","candidates":[]}],[{"start":0,"end":19,"url":null,"entity_id":"Q3609","candidates":[]}]],[[{"start":0,"end":17,"url":null,"entity_id":"Q3941895","candidates":[]}],[{"start":0,"end":17,"url":null,"entity_id":"Q3941896","candidates":[]}],[{"start":0,"end":19,"url":null,"entity_id":"Q3609","candidates":[]}]],[[{"start":0,"end":17,"url":null,"entity_id":"Q3941894","candidates":[]}],[{"start":0,"end":17,"url":null,"entity_id":"Q3941895","candidates":[]}],[{"start":0,"end":19,"url":null,"entity_id":"Q3609","candidates":[]}]],[[{"start":0,"end":17,"url":null,"entity_id":"Q3941893","candidates":[]}],[{"start":0,"end":17,"url":null,"entity_id":"Q3941894","candidates":[]}],[{"start":0,"end":19,"url":null,"entity_id":"Q3609","candidates":[]}]],[[{"start":0,"end":17,"url":null,"entity_id":"Q3941892","candidates":[]}],[{"start":0,"end":17,"url":null,"entity_id":"Q3941893","candidates":[]}],[{"start":0,"end":19,"url":null,"entity_id":"Q3609","candidates":[]}]],[[{"start":0,"end":17,"url":null,"entity_id":"Q3941891","candidates":[]}],[{"start":0,"end":17,"url":null,"entity_id":"Q3941892","candidates":[]}],[{"start":0,"end":19,"url":null,"entity_id":"Q3609","candidates":[]}]],[[{"start":0,"end":17,"url":null,"entity_id":"Q3941890","candidates":[]}],[{"start":0,"end":17,"url":null,"entity_id":"Q3941891","candidates":[]}],[{"start":0,"end":19,"url":null,"entity_id":"Q3609","candidates":[]}]],[[{"start":0,"end":17,"url":null,"entity_id":"Q3941889","candidates":[]}],[{"start":0,"end":17,"url":null,"entity_id":"Q3941890","candidates":[]}],[{"start":0,"end":19,"url":null,"entity_id":"Q3609","candidates":[]}]],[[{"start":0,"end":17,"url":null,"entity_id":"Q3941888","candidates":[]}],[{"start":0,"end":17,"url":null,"entity_id":"Q3941889","candidates":[]}],[{"start":0,"end":19,"url":null,"entity_id":"Q3609","candidates":[]}]],[[{"start":0,"end":17,"url":null,"entity_id":"Q3941883","candidates":[]}],[{"start":0,"end":17,"url":null,"entity_id":"Q3941888","candidates":[]}],[{"start":0,"end":19,"url":null,"entity_id":"Q3609","candidates":[]}]],[[{"start":0,"end":17,"url":null,"entity_id":"Q3941884","candidates":[]}],[{"start":0,"end":17,"url":null,"entity_id":"Q3941883","candidates":[]}],[{"start":0,"end":19,"url":null,"entity_id":"Q3609","candidates":[]}]],[[{"start":0,"end":17,"url":null,"entity_id":"Q2087352","candidates":[]}],[{"start":0,"end":17,"url":null,"entity_id":"Q590962","candidates":[]}],[{"start":0,"end":19,"url":null,"entity_id":"Q3609","candidates":[]}]],[[{"start":0,"end":17,"url":null,"entity_id":"Q29415146","candidates":[]}],[{"start":0,"end":17,"url":null,"entity_id":"Q29415155","candidates":[]}],[{"start":0,"end":19,"url":null,"entity_id":"Q3609","candidates":[]}]],[[{"start":0,"end":17,"url":null,"entity_id":"Q3941897","candidates":[]}],[{"start":0,"end":17,"url":null,"entity_id":"Q3941898","candidates":[]}],[{"start":0,"end":19,"url":null,"entity_id":"Q3609","candidates":[]}]],[[{"start":0,"end":17,"url":null,"entity_id":"Q28973130","candidates":[]}],[{"start":0,"end":17,"url":null,"entity_id":"Q51044836","candidates":[]}],[{"start":0,"end":19,"url":null,"entity_id":"Q3609","candidates":[]}]]]}