{"version":"1.2","table":{"version":"2","table_id":"MDHBC3DN","columns":[{"index":0,"name":"col0","values":["Thangal Kunju Musaliar College of Engineering, Kollam","College of Engineering Munnar","Sri Revana Siddeshwara Institute of Technology","Vidya Academy of Science and Technology, Thrissur","Potti Sriramulu College of Engineering & Technology","Vallurupalli Nageswara Rao Vignana Jyothi Institute of Engineering and Technology","L.J. Institute of Engineering & Technology","Goa Engineering College","Gaya College of Engineering","Malaviya National Institute of Technology Jaipur","University College of Engineering, Kakatiya University","Marathwada Institute of Technology","State Council for Technical Education & Vocational Training","Sarabhai Institute of Science & Technology, Vellanadu, Thiruvananthapuram","Gandhi Institute for Technology","Thakur College of Engineering and Technology","St. Thomas' College of Engineering and Technology","Techno India College of Technology","IMPS College of Engineering and Technology","Hooghly Engineering and Technology College"]},{"index":1,"name":"col1","values":["Kollam district","Kerala","Bengaluru","Thrissur district","Vijayawada","Hyderabad","Gujarat","Farmagudi, Goa","Gaya","Rajasthan","Kothagudem","Aurangabad","Bhubaneswar","Thiruvananthapuram","Odisha","Maharashtra","Kolkata district","Kolkata district","Malda district","Hooghly district"]},{"index":2,"name":"col2","values":["APJ Abdul Kalam Technological University","APJ Abdul Kalam Technological University","Visvesvaraya Technological University","University of Calicut","Jawaharlal Nehru Technological University, Kakinada","Jawaharlal Nehru Technological University, Hyderabad","Gujarat Technological University","Goa University","Aryabhatta Knowledge University","Ministry of Human Resource Development","All India Council for Technical Education","All India Council for Technical Education","All India Council for Technical Education","All India Council for Technical Education","All India Council for Technical Education","All India Council for Technical Education","Maulana Abul Kalam Azad University of Technology","Maulana Abul Kalam Azad University of Technology","Maulana Abul Kalam Azad University of Technology","Maulana Abul Kalam Azad University of Technology"]}]},"context":{"page_title":null,"page_url":null,"page_entity_id":null,"content_hierarchy":[]},"links":[[[{"start":0,"end":29,"url":null,"entity_id":"Q16258666","candidates":[]}],[{"start":0,"end":6,"url":null,"entity_id":"Q1186","candidates":[]}],[{"start":0,"end":40,"url":null,"entity_id":"Q18387794","candidates":[]}]],[[{"start":0,"end":46,"url":null,"entity_id":"Q7586232","candidates":[]}],[{"start":0,"end":9,"url":null,"entity_id":"Q1355","candidates":[]}],[{"start":0,"end":37,"url":null,"entity_id":"Q7936658","candidates":[]}]],[[{"start":0,"end":49,"url":null,"entity_id":"Q7928162","candidates":[]}],[{"start":0,"end":17,"url":null,"entity_id":"Q2429655","candidates":[]}],[{"start":0,"end":21,"url":null,"entity_id":"Q7895155","candidates":[]}]],[[{"start":0,"end":51,"url":null,"entity_id":"Q12066319","candidates":[]}],[{"start":0,"end":10,"url":null,"entity_id":"Q200017","candidates":[]}],[{"start":0,"end":51,"url":null,"entity_id":"Q6166000","candidates":[]}]],[[{"start":0,"end":81,"url":null,"entity_id":"Q7907349","candidates":[]}],[{"start":0,"end":9,"url":null,"entity_id":"Q1361","candidates":[]}],[{"start":0,"end":52,"url":null,"entity_id":"Q6165999","candidates":[]}]],[[{"start":0,"end":42,"url":null,"entity_id":"Q14957015","candidates":[]}],[{"start":0,"end":7,"url":null,"entity_id":"Q1061","candidates":[]}],[{"start":0,"end":32,"url":null,"entity_id":"Q5617027","candidates":[]}]],[[{"start":0,"end":23,"url":null,"entity_id":"Q15221778","candidates":[]}],[{"start":0,"end":14,"url":null,"entity_id":"Q5435612","candidates":[]}],[{"start":0,"end":14,"url":null,"entity_id":"Q5575117","candidates":[]}]],[[{"start":0,"end":27,"url":null,"entity_id":"Q14625481","candidates":[]}],[{"start":0,"end":4,"url":null,"entity_id":"Q251329","candidates":[]}],[{"start":0,"end":31,"url":null,"entity_id":"Q4802623","candidates":[]}]],[[{"start":0,"end":48,"url":null,"entity_id":"Q12446581","candidates":[]}],[{"start":0,"end":9,"url":null,"entity_id":"Q1437","candidates":[]}],[{"start":0,"end":38,"url":null,"entity_id":"Q4294642","candidates":[]}]],[[{"start":0,"end":54,"url":null,"entity_id":"Q7894648","candidates":[]}],[{"start":0,"end":10,"url":null,"entity_id":"Q2238988","candidates":[]}],[{"start":0,"end":41,"url":null,"entity_id":"Q3532608","candidates":[]}]],[[{"start":0,"end":34,"url":null,"entity_id":"Q14957069","candidates":[]}],[{"start":0,"end":10,"url":null,"entity_id":"Q200713","candidates":[]}],[{"start":0,"end":41,"url":null,"entity_id":"Q3532608","candidates":[]}]],[[{"start":0,"end":59,"url":null,"entity_id":"Q7603166","candidates":[]}],[{"start":0,"end":11,"url":null,"entity_id":"Q171771","candidates":[]}],[{"start":0,"end":41,"url":null,"entity_id":"Q3532608","candidates":[]}]],[[{"start":0,"end":73,"url":null,"entity_id":"Q16258668","candidates":[]}],[{"start":0,"end":18,"url":null,"entity_id":"Q167715","candidates":[]}],[{"start":0,"end":41,"url":null,"entity_id":"Q3532608","candidates":[]}]],[[{"start":0,"end":31,"url":null,"entity_id":"Q16256773","candidates":[]}],[{"start":0,"end":6,"url":null,"entity_id":"Q22048","candidates":[]}],[{"start":0,"end":41,"url":null,"entity_id":"Q3532608","candidates":[]}]],[[{"start":0,"end":44,"url":null,"entity_id":"Q7709404","candidates":[]}],[{"start":0,"end":11,"url":null,"entity_id":"Q1191","candidates":[]}],[{"start":0,"end":41,"url":null,"entity_id":"Q3532608","candidates":[]}]],[[{"start":0,"end":49,"url":null,"entity_id":"Q16963436","candidates":[]}],[{"start":0,"end":16,"url":null,"entity_id":"Q2088496","candidates":[]}],[{"start":0,"end":48,"url":null,"entity_id":"Q3347298","candidates":[]}]],[[{"start":0,"end":34,"url":null,"entity_id":"Q7692431","candidates":[]}],[{"start":0,"end":16,"url":null,"entity_id":"Q2088496","candidates":[]}],[{"start":0,"end":48,"url":null,"entity_id":"Q3347298","candidates":[]}]],[[{"start":0,"end":42,"url":null,"entity_id":"Q15227656","candidates":[]}],[{"start":0,"end":14,"url":null,"entity_id":"Q2049820","candidates":[]}],[{"start":0,"end":48,"url":null,"entity_id":"Q3347298","candidates":[]}]],[[{"start":0,"end":42,"url":null,"entity_id":"Q16892406","candidates":[]}],[{"start":0,"end":16,"url":null,"entity_id":"Q548518","candidates":[]}],[{"start":0,"end":48,"url":null,"entity_id":"Q3347298","candidates":[]}]],[[{"start":0,"end":53,"url":null,"entity_id":"Q12070837","candidates":[]}],[{"start":0,"end":15,"url":null,"entity_id":"Q1356124","candidates":[]}],[{"start":0,"end":40,"url":null,"entity_id":"Q18387794","candidates":[]}]]]}