{"version":"1.2","table":{"version":"2","table_id":"MEKB7O06","columns":[{"index":0,"name":"col0","values":["Grimsay","Île à Bacchus","île de Berder","Grand Bé","Petit Bé","Erraid","Flodaigh","Omey Island","Grimsay","Penguin Island","Island Davaar","Tombelaine","Enoshima","Lihou","Baleshare","Charles Island","Gugh","Oronsay","Noirmoutier","île Carn"]},{"index":1,"name":"col1","values":["20","0","0","0","0","6","7","1","169","0","0","0","365","0","58","0","3","8","9592","0"]},{"index":2,"name":"col2","values":["117","8800","0.25","0.06","0.02","187","145","2.165","833","0.125","0.52","0.03","0.38","36","900","0.057","0.5","540","48.7","0.05"]}]},"context":{"page_title":null,"page_url":null,"page_entity_id":null,"content_hierarchy":[]},"links":[[[{"start":0,"end":7,"url":null,"entity_id":"Q3776198","candidates":[]}],[],[]],[[{"start":0,"end":13,"url":null,"entity_id":"Q3593518","candidates":[]}],[],[]],[[{"start":0,"end":13,"url":null,"entity_id":"Q3593337","candidates":[]}],[],[]],[[{"start":0,"end":8,"url":null,"entity_id":"Q3113539","candidates":[]}],[],[]],[[{"start":0,"end":8,"url":null,"entity_id":"Q3078373","candidates":[]}],[],[]],[[{"start":0,"end":6,"url":null,"entity_id":"Q3057404","candidates":[]}],[],[]],[[{"start":0,"end":8,"url":null,"entity_id":"Q2736445","candidates":[]}],[],[]],[[{"start":0,"end":11,"url":null,"entity_id":"Q2023356","candidates":[]}],[],[]],[[{"start":0,"end":7,"url":null,"entity_id":"Q1546934","candidates":[]}],[],[]],[[{"start":0,"end":14,"url":null,"entity_id":"Q1459828","candidates":[]}],[],[]],[[{"start":0,"end":13,"url":null,"entity_id":"Q1173072","candidates":[]}],[],[]],[[{"start":0,"end":10,"url":null,"entity_id":"Q1020145","candidates":[]}],[],[]],[[{"start":0,"end":8,"url":null,"entity_id":"Q989803","candidates":[]}],[],[]],[[{"start":0,"end":5,"url":null,"entity_id":"Q953452","candidates":[]}],[],[]],[[{"start":0,"end":9,"url":null,"entity_id":"Q789357","candidates":[]}],[],[]],[[{"start":0,"end":14,"url":null,"entity_id":"Q721961","candidates":[]}],[],[]],[[{"start":0,"end":4,"url":null,"entity_id":"Q547112","candidates":[]}],[],[]],[[{"start":0,"end":7,"url":null,"entity_id":"Q501179","candidates":[]}],[],[]],[[{"start":0,"end":11,"url":null,"entity_id":"Q292346","candidates":[]}],[],[]],[[{"start":0,"end":8,"url":null,"entity_id":"Q292009","candidates":[]}],[],[]]]}