{"version":"1.2","table":{"version":"2","table_id":"MF0MK7OS","columns":[{"index":0,"name":"col0","values":["Bassae Frieze","Phaistos disc","Empress pepper pot","Black Obelisk of Shalmaneser III","Nimrud lens","Gebel el-Arak Knife","The Seated Scribe","Stone of Terpon","Lady of Elche","Cyrus cylinder","Throne of Astare-AO 4565","Faune d'Arles-Ma 677","Late funerary stele-MAHG 9462","painted wood container for food offerings - GEM 4903","painted wood container for food offerings - GEM 4902","painted wood container for food offerings - GEM 4892","painted wood container for food offerings-GEM 6831","Royal portrait-MAHG 4587","Queens Kaouit and Kemsit-MAHG 4767","Pazuzu-N 8287"]},{"index":1,"name":"col1","values":["British Museum","Heraklion Archaeological Museum","British Museum","British Museum","London","Room 633","Room 635","musée d'archéologie d'Antibes","National Archaeological Museum of Spain","British Museum","Room 312","Greek antiquities, room 17","Musée d'Art et d'Histoire","Grand Egyptian Museum","Grand Egyptian Museum","Grand Egyptian Museum","Grand Egyptian Museum","Musée d'Art et d'Histoire","Musée d'Art et d'Histoire","Room 229, display case 1"]},{"index":2,"name":"col2","values":["Bassae","Phaistos","Hoxne","Nimrud","Nimrud","Abydos","Saqqara","Antibes","Elche","Babylon","Tyre","Trinquetaille","Terenuthis","KV62","KV62","KV62","KV62","Deir el-Bahari","Deir el-Bahari","Dur-Sharrukin"]}]},"context":{"page_title":null,"page_url":null,"page_entity_id":null,"content_hierarchy":[]},"links":[[[{"start":0,"end":13,"url":null,"entity_id":"Q465338","candidates":[]}],[{"start":0,"end":31,"url":null,"entity_id":"Q636972","candidates":[]}],[{"start":0,"end":8,"url":null,"entity_id":"Q249707","candidates":[]}]],[[{"start":0,"end":18,"url":null,"entity_id":"Q3393903","candidates":[]}],[{"start":0,"end":14,"url":null,"entity_id":"Q6373","candidates":[]}],[{"start":0,"end":5,"url":null,"entity_id":"Q239776","candidates":[]}]],[[{"start":0,"end":32,"url":null,"entity_id":"Q1471650","candidates":[]}],[{"start":0,"end":14,"url":null,"entity_id":"Q6373","candidates":[]}],[{"start":0,"end":6,"url":null,"entity_id":"Q237614","candidates":[]}]],[[{"start":0,"end":11,"url":null,"entity_id":"Q2205286","candidates":[]}],[{"start":0,"end":6,"url":null,"entity_id":"Q84","candidates":[]}],[{"start":0,"end":6,"url":null,"entity_id":"Q237614","candidates":[]}]],[[{"start":0,"end":19,"url":null,"entity_id":"Q695039","candidates":[]}],[{"start":0,"end":8,"url":null,"entity_id":"Q19119817","candidates":[]}],[{"start":0,"end":6,"url":null,"entity_id":"Q192268","candidates":[]}]],[[{"start":0,"end":17,"url":null,"entity_id":"Q378034","candidates":[]}],[{"start":0,"end":8,"url":null,"entity_id":"Q19119579","candidates":[]}],[{"start":0,"end":7,"url":null,"entity_id":"Q192134","candidates":[]}]],[[{"start":0,"end":15,"url":null,"entity_id":"Q3094704","candidates":[]}],[{"start":0,"end":29,"url":null,"entity_id":"Q13397967","candidates":[]}],[{"start":0,"end":7,"url":null,"entity_id":"Q126898","candidates":[]}]],[[{"start":0,"end":13,"url":null,"entity_id":"Q681067","candidates":[]}],[{"start":0,"end":39,"url":null,"entity_id":"Q1352282","candidates":[]}],[{"start":0,"end":5,"url":null,"entity_id":"Q10509","candidates":[]}]],[[{"start":0,"end":14,"url":null,"entity_id":"Q405008","candidates":[]}],[{"start":0,"end":14,"url":null,"entity_id":"Q6373","candidates":[]}],[{"start":0,"end":7,"url":null,"entity_id":"Q5684","candidates":[]}]],[[{"start":0,"end":24,"url":null,"entity_id":"Q87002932","candidates":[]}],[{"start":0,"end":8,"url":null,"entity_id":"Q19059436","candidates":[]}],[{"start":0,"end":4,"url":null,"entity_id":"Q82070","candidates":[]}]],[[{"start":0,"end":20,"url":null,"entity_id":"Q63616914","candidates":[]}],[{"start":0,"end":26,"url":null,"entity_id":"Q19118697","candidates":[]}],[{"start":0,"end":13,"url":null,"entity_id":"Q3539308","candidates":[]}]],[[{"start":0,"end":29,"url":null,"entity_id":"Q63302632","candidates":[]}],[{"start":0,"end":25,"url":null,"entity_id":"Q679075","candidates":[]}],[{"start":0,"end":10,"url":null,"entity_id":"Q2404564","candidates":[]}]],[[{"start":0,"end":52,"url":null,"entity_id":"Q63313716","candidates":[]}],[{"start":0,"end":21,"url":null,"entity_id":"Q2583681","candidates":[]}],[{"start":0,"end":4,"url":null,"entity_id":"Q835309","candidates":[]}]],[[{"start":0,"end":52,"url":null,"entity_id":"Q63313633","candidates":[]}],[{"start":0,"end":21,"url":null,"entity_id":"Q2583681","candidates":[]}],[{"start":0,"end":4,"url":null,"entity_id":"Q835309","candidates":[]}]],[[{"start":0,"end":52,"url":null,"entity_id":"Q63313540","candidates":[]}],[{"start":0,"end":21,"url":null,"entity_id":"Q2583681","candidates":[]}],[{"start":0,"end":4,"url":null,"entity_id":"Q835309","candidates":[]}]],[[{"start":0,"end":50,"url":null,"entity_id":"Q63256548","candidates":[]}],[{"start":0,"end":21,"url":null,"entity_id":"Q2583681","candidates":[]}],[{"start":0,"end":4,"url":null,"entity_id":"Q835309","candidates":[]}]],[[{"start":0,"end":24,"url":null,"entity_id":"Q63341231","candidates":[]}],[{"start":0,"end":25,"url":null,"entity_id":"Q679075","candidates":[]}],[{"start":0,"end":14,"url":null,"entity_id":"Q373909","candidates":[]}]],[[{"start":0,"end":34,"url":null,"entity_id":"Q63254260","candidates":[]}],[{"start":0,"end":25,"url":null,"entity_id":"Q679075","candidates":[]}],[{"start":0,"end":14,"url":null,"entity_id":"Q373909","candidates":[]}]],[[{"start":0,"end":13,"url":null,"entity_id":"Q63646471","candidates":[]}],[{"start":0,"end":24,"url":null,"entity_id":"Q30976344","candidates":[]}],[{"start":0,"end":13,"url":null,"entity_id":"Q253208","candidates":[]}]],[[{"start":0,"end":13,"url":null,"entity_id":"Q3087887","candidates":[]}],[{"start":0,"end":14,"url":null,"entity_id":"Q6373","candidates":[]}],[{"start":0,"end":6,"url":null,"entity_id":"Q464923","candidates":[]}]]]}