[{"version":1,"nodes":[{"col_index":0,"label":"col0","id":0},{"col_index":1,"label":"col1","id":1},{"col_index":2,"label":"col2","id":2},{"abs_uri":"http://www.wikidata.org/entity/Q63141557","rel_uri":"wd:Q63141557","approximation":false,"readable_label":"translated song (Q63141557)","id":3},{"abs_uri":"http://www.wikidata.org/entity/Q7366","rel_uri":"wd:Q7366","approximation":false,"readable_label":"song (Q7366)","id":4}],"edges":[{"source":3,"target":0,"abs_uri":"http://www.w3.org/2000/01/rdf-schema#label","rel_uri":"rdfs:label","approximation":false,"readable_label":"rdfs:label","id":0},{"source":4,"target":2,"abs_uri":"http://www.w3.org/2000/01/rdf-schema#label","rel_uri":"rdfs:label","approximation":false,"readable_label":"rdfs:label","id":1},{"source":3,"target":1,"abs_uri":"http://www.wikidata.org/prop/P175","rel_uri":"p:P175","approximation":false,"readable_label":"performer (P175)","id":2},{"source":3,"target":4,"abs_uri":"http://www.wikidata.org/prop/P1625","rel_uri":"p:P1625","approximation":false,"readable_label":"has melody (P1625)","id":3}]}]