[{"version":1,"nodes":[{"col_index":0,"label":"col0","id":0},{"col_index":1,"label":"col1","id":1},{"col_index":2,"label":"col2","id":2},{"abs_uri":"http://www.wikidata.org/entity/Q947103","rel_uri":"wd:Q947103","approximation":false,"readable_label":"watchtower (Q947103)","id":3},{"abs_uri":"http://www.wikidata.org/entity/Q32880","rel_uri":"wd:Q32880","approximation":false,"readable_label":"architectural style (Q32880)","id":4},{"abs_uri":"http://www.wikidata.org/entity/Q33146843","rel_uri":"wd:Q33146843","approximation":false,"readable_label":"municipality of Catalonia (Q33146843)","id":5}],"edges":[{"source":3,"target":0,"abs_uri":"http://www.w3.org/2000/01/rdf-schema#label","rel_uri":"rdfs:label","approximation":false,"readable_label":"rdfs:label","id":0},{"source":4,"target":1,"abs_uri":"http://www.w3.org/2000/01/rdf-schema#label","rel_uri":"rdfs:label","approximation":false,"readable_label":"rdfs:label","id":1},{"source":5,"target":2,"abs_uri":"http://www.w3.org/2000/01/rdf-schema#label","rel_uri":"rdfs:label","approximation":false,"readable_label":"rdfs:label","id":2},{"source":3,"target":4,"abs_uri":"http://www.wikidata.org/prop/P149","rel_uri":"p:P149","approximation":false,"readable_label":"architectural style (P149)","id":3},{"source":3,"target":5,"abs_uri":"http://www.wikidata.org/prop/P131","rel_uri":"p:P131","approximation":false,"readable_label":"located in the administrative territorial entity (P131)","id":4}]}]