[{"version":1,"nodes":[{"col_index":0,"label":"col0","id":0},{"col_index":1,"label":"col1","id":1},{"col_index":2,"label":"col2","id":2},{"col_index":3,"label":"col3","id":3},{"abs_uri":"http://www.wikidata.org/entity/Q188593","rel_uri":"wd:Q188593","approximation":false,"readable_label":"cepheid variable (Q188593)","id":4},{"abs_uri":"http://www.wikidata.org/entity/Q17444909","rel_uri":"wd:Q17444909","approximation":false,"readable_label":"astronomical object type (Q17444909)","id":5}],"edges":[{"source":4,"target":0,"abs_uri":"http://www.w3.org/2000/01/rdf-schema#label","rel_uri":"rdfs:label","approximation":false,"readable_label":"rdfs:label","id":0},{"source":5,"target":2,"abs_uri":"http://www.w3.org/2000/01/rdf-schema#label","rel_uri":"rdfs:label","approximation":false,"readable_label":"rdfs:label","id":1},{"source":4,"target":1,"abs_uri":"http://www.wikidata.org/prop/P361","rel_uri":"p:P361","approximation":false,"readable_label":"part of (P361)","id":2},{"source":4,"target":5,"abs_uri":"http://www.wikidata.org/prop/P881","rel_uri":"p:P881","approximation":false,"readable_label":"type of variable star (P881)","id":3},{"source":4,"target":3,"abs_uri":"http://www.wikidata.org/prop/P6257","rel_uri":"p:P6257","approximation":false,"readable_label":"right ascension (P6257)","id":4}]}]