[{"version":1,"nodes":[{"col_index":0,"label":"col0","id":0},{"col_index":1,"label":"col1","id":1},{"col_index":2,"label":"col2","id":2},{"col_index":3,"label":"col3","id":3},{"col_index":4,"label":"col4","id":4},{"abs_uri":"http://www.wikidata.org/entity/Q18650988","rel_uri":"wd:Q18650988","approximation":false,"readable_label":"tropical depression (Q18650988)","id":5},{"abs_uri":"http://www.wikidata.org/entity/Q756721","rel_uri":"wd:Q756721","approximation":false,"readable_label":"Atlantic hurricane season (Q756721)","id":6}],"edges":[{"source":5,"target":0,"abs_uri":"http://www.w3.org/2000/01/rdf-schema#label","rel_uri":"rdfs:label","approximation":false,"readable_label":"rdfs:label","id":0},{"source":6,"target":4,"abs_uri":"http://www.w3.org/2000/01/rdf-schema#label","rel_uri":"rdfs:label","approximation":false,"readable_label":"rdfs:label","id":1},{"source":5,"target":3,"abs_uri":"http://www.wikidata.org/prop/P179","rel_uri":"p:P179","approximation":false,"readable_label":"part of the series (P179)","id":2},{"source":5,"target":6,"abs_uri":"http://www.wikidata.org/prop/P361","rel_uri":"p:P361","approximation":false,"readable_label":"part of (P361)","id":3},{"source":5,"target":1,"abs_uri":"http://www.wikidata.org/prop/P2532","rel_uri":"p:P2532","approximation":false,"readable_label":"lowest atmospheric pressure (P2532)","id":4},{"source":5,"target":2,"abs_uri":"http://www.wikidata.org/prop/P580","rel_uri":"p:P580","approximation":false,"readable_label":"start time (P580)","id":5}]}]