[{"version":1,"nodes":[{"col_index":0,"label":"col0","id":0},{"col_index":1,"label":"col1","id":1},{"col_index":2,"label":"col2","id":2},{"abs_uri":"http://www.wikidata.org/entity/Q34770","rel_uri":"wd:Q34770","approximation":false,"readable_label":"language (Q34770)","id":3},{"abs_uri":"http://www.wikidata.org/entity/Q128234","rel_uri":"wd:Q128234","approximation":false,"readable_label":"case (Q128234)","id":4}],"edges":[{"source":3,"target":0,"abs_uri":"http://www.w3.org/2000/01/rdf-schema#label","rel_uri":"rdfs:label","approximation":false,"readable_label":"rdfs:label","id":0},{"source":4,"target":2,"abs_uri":"http://www.w3.org/2000/01/rdf-schema#label","rel_uri":"rdfs:label","approximation":false,"readable_label":"rdfs:label","id":1},{"source":3,"target":1,"abs_uri":"http://www.wikidata.org/prop/P2341","rel_uri":"p:P2341","approximation":false,"readable_label":"indigenous to (P2341)","id":2},{"source":3,"target":4,"abs_uri":"http://www.wikidata.org/prop/P2989","rel_uri":"p:P2989","approximation":false,"readable_label":"has grammatical case (P2989)","id":3}]}]