[
  {
    "version": 1,
    "nodes": [
      {
        "id": "c-1",
        "abs_uri": "http://www.wikidata.org/entity/Q515",
        "rel_uri": "wd:Q515",
        "approximation": false,
        "readable_label": null
      },
      {
        "id": "d:c-1",
        "col_index": 1,
        "label": "City"
      },
      {
        "id": "c-2",
        "abs_uri": "http://www.wikidata.org/entity/Q6256",
        "rel_uri": "wd:Q6256",
        "approximation": false,
        "readable_label": null
      },
      {
        "id": "d:c-2",
        "col_index": 2,
        "label": "Country"
      },
      {
        "id": "c-3",
        "abs_uri": "http://www.wikidata.org/entity/Q41176",
        "rel_uri": "wd:Q41176",
        "approximation": false,
        "readable_label": null
      },
      {
        "id": "d:c-3",
        "col_index": 3,
        "label": "Venue"
      },
      {
        "id": "d-0",
        "col_index": 0,
        "label": "Date"
      }
    ],
    "edges": [
      {
        "source": "c-1",
        "target": "d:c-1",
        "abs_uri": "http://www.w3.org/2000/01/rdf-schema#label",
        "rel_uri": "rdfs:label",
        "approximation": false,
        "readable_label": null,
        "id": 1
      },
      {
        "source": "c-1",
        "target": "c-2",
        "abs_uri": "http://www.wikidata.org/prop/P17",
        "rel_uri": "p:P17",
        "approximation": false,
        "readable_label": null,
        "id": 2
      },
      {
        "source": "c-2",
        "target": "d:c-2",
        "abs_uri": "http://www.w3.org/2000/01/rdf-schema#label",
        "rel_uri": "rdfs:label",
        "approximation": false,
        "readable_label": null,
        "id": 3
      },
      {
        "source": "c-3",
        "target": "d:c-3",
        "abs_uri": "http://www.w3.org/2000/01/rdf-schema#label",
        "rel_uri": "rdfs:label",
        "approximation": false,
        "readable_label": null,
        "id": 4
      },
      {
        "source": "c-3",
        "target": "c-1",
        "abs_uri": "http://www.wikidata.org/prop/P131",
        "rel_uri": "p:P131",
        "approximation": false,
        "readable_label": null,
        "id": 5
      }
    ]
  }
]