[
  {
    "version": 1,
    "nodes": [
      {
        "id": "c-1",
        "abs_uri": "http://www.wikidata.org/entity/Q5",
        "rel_uri": "wd:Q5",
        "approximation": false,
        "readable_label": null
      },
      {
        "id": "d:c-1",
        "col_index": 1,
        "label": "Player"
      },
      {
        "id": "c-3",
        "abs_uri": "http://www.wikidata.org/entity/Q6256",
        "rel_uri": "wd:Q6256",
        "approximation": false,
        "readable_label": null
      },
      {
        "id": "d:c-3",
        "col_index": 3,
        "label": "Nationality"
      },
      {
        "id": "c-5",
        "abs_uri": "http://www.wikidata.org/entity/Q4498974",
        "rel_uri": "wd:Q4498974",
        "approximation": false,
        "readable_label": null
      },
      {
        "id": "d:c-5",
        "col_index": 5,
        "label": "Drafted from"
      },
      {
        "id": "c-0",
        "col_index": 0,
        "label": "Rank"
      },
      {
        "id": "d-2",
        "col_index": 2,
        "label": "Position"
      },
      {
        "id": "d-4",
        "col_index": 4,
        "label": "KHL team"
      },
      {
        "id": "d-6",
        "col_index": 6,
        "label": "Protected player"
      },
      {
        "id": "c-2",
        "abs_uri": "http://www.wikidata.org/entity/Q4498974",
        "rel_uri": "wd:Q4498974",
        "approximation": false,
        "readable_label": null
      },
      {
        "id": "c-4",
        "abs_uri": "http://wikiba.se/ontology#Statement",
        "rel_uri": "wikibase:Statement",
        "approximation": false,
        "readable_label": null
      }
    ],
    "edges": [
      {
        "source": "c-1",
        "target": "d:c-1",
        "abs_uri": "http://www.w3.org/2000/01/rdf-schema#label",
        "rel_uri": "rdfs:label",
        "approximation": false,
        "readable_label": null,
        "id": 1
      },
      {
        "source": "c-1",
        "target": "c-3",
        "abs_uri": "http://www.wikidata.org/prop/P27",
        "rel_uri": "p:P27",
        "approximation": false,
        "readable_label": null,
        "id": 2
      },
      {
        "source": "c-1",
        "target": "c-5",
        "abs_uri": "http://www.wikidata.org/prop/P54",
        "rel_uri": "p:P54",
        "approximation": false,
        "readable_label": null,
        "id": 3
      },
      {
        "source": "c-1",
        "target": "d-2",
        "abs_uri": "http://www.wikidata.org/prop/P413",
        "rel_uri": "p:P413",
        "approximation": false,
        "readable_label": null,
        "id": 4
      },
      {
        "source": "c-1",
        "target": "c-4",
        "abs_uri": "http://www.wikidata.org/prop/P647",
        "rel_uri": "p:P647",
        "approximation": false,
        "readable_label": null,
        "id": 5
      },
      {
        "source": "c-3",
        "target": "d:c-3",
        "abs_uri": "http://www.w3.org/2000/01/rdf-schema#label",
        "rel_uri": "rdfs:label",
        "approximation": false,
        "readable_label": null,
        "id": 6
      },
      {
        "source": "c-5",
        "target": "d:c-5",
        "abs_uri": "http://www.w3.org/2000/01/rdf-schema#label",
        "rel_uri": "rdfs:label",
        "approximation": false,
        "readable_label": null,
        "id": 7
      },
      {
        "source": "c-2",
        "target": "d-4",
        "abs_uri": "http://www.w3.org/2000/01/rdf-schema#label",
        "rel_uri": "rdfs:label",
        "approximation": false,
        "readable_label": null,
        "id": 8
      },
      {
        "source": "c-4",
        "target": "c-2",
        "abs_uri": "http://www.wikidata.org/prop/P647",
        "rel_uri": "p:P647",
        "approximation": false,
        "readable_label": null,
        "id": 9
      },
      {
        "source": "c-4",
        "target": "c-0",
        "abs_uri": "http://www.wikidata.org/prop/P1836",
        "rel_uri": "p:P1836",
        "approximation": false,
        "readable_label": null,
        "id": 10
      }
    ]
  }
]