{
  "version": "1.1",
  "table": {
    "version": "2",
    "table_id": "2008_UEC_European_Track_Championships_–_Women's_under-23_individual_pursuit",
    "columns": [
      {
        "index": 0,
        "name": "Rank",
        "values": [
          "1",
          "2",
          "3",
          "4",
          "5",
          "6",
          "7",
          "8",
          "9",
          "10",
          "11",
          "12",
          "13",
          "14",
          "15",
          "16",
          "17"
        ]
      },
      {
        "index": 1,
        "name": "Name",
        "values": [
          "Vilija Sereikaitė",
          "Ellen van Dijk",
          "Joanna Rowsell",
          "Svitlana Halyuk",
          "Aksana Papko",
          "Oxana Kozonchuk",
          "Jarmila Machačová",
          "Stephanie Pohl",
          "Lisa Brennauer",
          "Edyta Jasińska",
          "Audrey Cordon",
          "Alena Amialyusik",
          "Hannah Mayho",
          "Viktoriya Kondel",
          "Oksana Lyesnik",
          "Elise van Hage",
          "Dominika Maczka"
        ]
      },
      {
        "index": 2,
        "name": "Nation",
        "values": [
          " Lithuania",
          " Netherlands",
          " United Kingdom",
          " Ukraine",
          " Belarus",
          " Russia",
          " Czech Republic",
          " Germany",
          " Germany",
          " Poland",
          " France",
          " Belarus",
          " United Kingdom",
          " Russia",
          " Ukraine",
          " Netherlands",
          " Poland"
        ]
      },
      {
        "index": 3,
        "name": "Time",
        "values": [
          "3:33.766",
          "3:35.951",
          "3:37.641",
          "3:42.498",
          "3:43.935",
          "3:45.132",
          "3:47.209",
          "3:47.483",
          "3:48.017",
          "3:48.628",
          "3:49.376",
          "3:49.711",
          "3:50.176",
          "3:51.349",
          "3:51.543",
          "3:55.349",
          "4:01.597"
        ]
      },
      {
        "index": 4,
        "name": "Speed",
        "values": [
          "50.522",
          "50.011",
          "49.623",
          "48.539",
          "48.288",
          "47.971",
          "47.533",
          "47.476",
          "47.364",
          "47.238",
          "47.084",
          "47.015",
          "46.920",
          "46.682",
          "46.643",
          "45.889",
          "44.702"
        ]
      },
      {
        "index": 5,
        "name": "Note",
        "values": [
          "Q",
          "Q",
          "q",
          "q",
          "",
          "",
          "",
          "",
          "",
          "",
          "",
          "",
          "",
          "",
          "",
          "",
          ""
        ]
      }
    ]
  },
  "context": {
    "page_title": "2008 UEC European Track Championships – Women's under-23 individual pursuit",
    "page_url": "https://en.wikipedia.org/wiki/2008_UEC_European_Track_Championships_–_Women's_under-23_individual_pursuit",
    "page_entity_id": "Q4610970"
  },
  "links": [
    [
      [],
      [
        {
          "start": 0,
          "end": 17,
          "url": "http://en.wikipedia.org/wiki/Vilija_Sereikait%C4%97",
          "entity_id": "Q176987"
        }
      ],
      [
        {
          "start": 1,
          "end": 10,
          "url": "http://en.wikipedia.org/wiki/Lithuania",
          "entity_id": "Q37"
        }
      ],
      [],
      [],
      []
    ],
    [
      [],
      [
        {
          "start": 0,
          "end": 14,
          "url": "http://en.wikipedia.org/wiki/Ellen_van_Dijk",
          "entity_id": "Q241961"
        }
      ],
      [],
      [],
      [],
      []
    ],
    [
      [],
      [
        {
          "start": 0,
          "end": 14,
          "url": "http://en.wikipedia.org/wiki/Joanna_Rowsell",
          "entity_id": "Q272531"
        }
      ],
      [
        {
          "start": 1,
          "end": 15,
          "url": "http://en.wikipedia.org/wiki/United_Kingdom",
          "entity_id": "Q145"
        }
      ],
      [],
      [],
      []
    ],
    [
      [],
      [
        {
          "start": 0,
          "end": 15,
          "url": "http://en.wikipedia.org/wiki/Svitlana_Halyuk",
          "entity_id": "Q439488"
        }
      ],
      [
        {
          "start": 1,
          "end": 8,
          "url": "http://en.wikipedia.org/wiki/Ukraine",
          "entity_id": "Q212"
        }
      ],
      [],
      [],
      []
    ],
    [
      [],
      [
        {
          "start": 0,
          "end": 12,
          "url": "http://en.wikipedia.org/wiki/Aksana_Papko",
          "entity_id": "Q421377"
        }
      ],
      [
        {
          "start": 1,
          "end": 8,
          "url": "http://en.wikipedia.org/wiki/Belarus",
          "entity_id": "Q184"
        }
      ],
      [],
      [],
      []
    ],
    [
      [],
      [
        {
          "start": 0,
          "end": 15,
          "url": "http://en.wikipedia.org/wiki/Oxana_Kozonchuk",
          "entity_id": "Q16225986"
        }
      ],
      [],
      [],
      [],
      []
    ],
    [
      [],
      [
        {
          "start": 0,
          "end": 17,
          "url": "http://en.wikipedia.org/wiki/Jarmila_Macha%C4%8Dov%C3%A1",
          "entity_id": "Q436485"
        }
      ],
      [
        {
          "start": 1,
          "end": 15,
          "url": "http://en.wikipedia.org/wiki/Czech_Republic",
          "entity_id": "Q213"
        }
      ],
      [],
      [],
      []
    ],
    [
      [],
      [
        {
          "start": 0,
          "end": 14,
          "url": "http://en.wikipedia.org/wiki/Stephanie_Pohl_(cyclist)",
          "entity_id": "Q2344233"
        }
      ],
      [],
      [],
      [],
      []
    ],
    [
      [],
      [
        {
          "start": 0,
          "end": 14,
          "url": "http://en.wikipedia.org/wiki/Lisa_Brennauer",
          "entity_id": "Q91193"
        }
      ],
      [],
      [],
      [],
      []
    ],
    [
      [],
      [
        {
          "start": 0,
          "end": 14,
          "url": "http://en.wikipedia.org/wiki/Edyta_Jasi%C5%84ska",
          "entity_id": "Q19518455"
        }
      ],
      [
        {
          "start": 1,
          "end": 7,
          "url": "http://en.wikipedia.org/wiki/Poland",
          "entity_id": "Q36"
        }
      ],
      [],
      [],
      []
    ],
    [
      [],
      [
        {
          "start": 0,
          "end": 13,
          "url": "http://en.wikipedia.org/wiki/Audrey_Cordon",
          "entity_id": "Q2870834"
        }
      ],
      [],
      [],
      [],
      []
    ],
    [
      [],
      [
        {
          "start": 0,
          "end": 16,
          "url": "http://en.wikipedia.org/wiki/Alena_Amialyusik",
          "entity_id": "Q2688957"
        }
      ],
      [
        {
          "start": 1,
          "end": 8,
          "url": "http://en.wikipedia.org/wiki/Belarus",
          "entity_id": "Q184"
        }
      ],
      [],
      [],
      []
    ],
    [
      [],
      [
        {
          "start": 0,
          "end": 12,
          "url": "http://en.wikipedia.org/wiki/Hannah_Mayho",
          "entity_id": "Q5648890"
        }
      ],
      [
        {
          "start": 1,
          "end": 15,
          "url": "http://en.wikipedia.org/wiki/United_Kingdom",
          "entity_id": "Q145"
        }
      ],
      [],
      [],
      []
    ],
    [
      [],
      [
        {
          "start": 0,
          "end": 16,
          "url": "http://en.wikipedia.org/wiki/Viktoriya_Kondel",
          "entity_id": "Q22957576"
        }
      ],
      [],
      [],
      [],
      []
    ],
    [
      [],
      [
        {
          "start": 0,
          "end": 14,
          "url": "http://en.wikipedia.org/wiki/Oksana_Lyesnik",
          "entity_id": "Q22957588"
        }
      ],
      [
        {
          "start": 1,
          "end": 8,
          "url": "http://en.wikipedia.org/wiki/Ukraine",
          "entity_id": "Q212"
        }
      ],
      [],
      [],
      []
    ],
    [
      [],
      [
        {
          "start": 0,
          "end": 14,
          "url": "http://en.wikipedia.org/wiki/Elise_van_Hage",
          "entity_id": "Q5361688"
        }
      ],
      [],
      [],
      [],
      []
    ],
    [
      [],
      [
        {
          "start": 0,
          "end": 15,
          "url": "http://en.wikipedia.org/wiki/Dominika_Maczka",
          "entity_id": "Q23007865"
        }
      ],
      [
        {
          "start": 1,
          "end": 7,
          "url": "http://en.wikipedia.org/wiki/Poland",
          "entity_id": "Q36"
        }
      ],
      [],
      [],
      []
    ]
  ]
}