[{"version":1,"nodes":[{"col_index":0,"label":"col0","id":0},{"col_index":1,"label":"col1","id":1},{"col_index":2,"label":"col2","id":2},{"abs_uri":"http://www.wikidata.org/entity/Q217295","rel_uri":"wd:Q217295","approximation":false,"readable_label":"mass (Q217295)","id":3},{"abs_uri":"http://www.wikidata.org/entity/Q534932","rel_uri":"wd:Q534932","approximation":false,"readable_label":"key (Q534932)","id":4}],"edges":[{"source":3,"target":0,"abs_uri":"http://www.w3.org/2000/01/rdf-schema#label","rel_uri":"rdfs:label","approximation":false,"readable_label":"rdfs:label","id":0},{"source":4,"target":2,"abs_uri":"http://www.w3.org/2000/01/rdf-schema#label","rel_uri":"rdfs:label","approximation":false,"readable_label":"rdfs:label","id":1},{"source":3,"target":4,"abs_uri":"http://www.wikidata.org/prop/P826","rel_uri":"p:P826","approximation":false,"readable_label":"tonality (P826)","id":2},{"source":3,"target":1,"abs_uri":"http://www.wikidata.org/prop/P577","rel_uri":"p:P577","approximation":false,"readable_label":"publication date (P577)","id":3}]}]