[{"version":1,"nodes":[{"col_index":0,"label":"col0","id":0},{"col_index":1,"label":"col1","id":1},{"col_index":2,"label":"col2","id":2},{"col_index":3,"label":"col3","id":3},{"abs_uri":"http://www.wikidata.org/entity/Q15773347","rel_uri":"wd:Q15773347","approximation":false,"readable_label":"film character (Q15773347)","id":4},{"abs_uri":"http://www.wikidata.org/entity/Q5","rel_uri":"wd:Q5","approximation":false,"readable_label":"human (Q5)","id":5},{"abs_uri":"http://www.wikidata.org/entity/Q31629","rel_uri":"wd:Q31629","approximation":false,"readable_label":"type of sport (Q31629)","id":6}],"edges":[{"source":4,"target":0,"abs_uri":"http://www.w3.org/2000/01/rdf-schema#label","rel_uri":"rdfs:label","approximation":false,"readable_label":"rdfs:label","id":0},{"source":5,"target":2,"abs_uri":"http://www.w3.org/2000/01/rdf-schema#label","rel_uri":"rdfs:label","approximation":false,"readable_label":"rdfs:label","id":1},{"source":6,"target":3,"abs_uri":"http://www.w3.org/2000/01/rdf-schema#label","rel_uri":"rdfs:label","approximation":false,"readable_label":"rdfs:label","id":2},{"source":4,"target":1,"abs_uri":"http://www.wikidata.org/prop/P97","rel_uri":"p:P97","approximation":false,"readable_label":"noble title (P97)","id":3},{"source":4,"target":5,"abs_uri":"http://www.wikidata.org/prop/P170","rel_uri":"p:P170","approximation":false,"readable_label":"creator (P170)","id":4},{"source":4,"target":6,"abs_uri":"http://www.wikidata.org/prop/P641","rel_uri":"p:P641","approximation":false,"readable_label":"sport (P641)","id":5}]}]