[{"version":1,"nodes":[{"col_index":0,"label":"col0","id":0},{"col_index":1,"label":"col1","id":1},{"abs_uri":"http://www.wikidata.org/entity/Q18691601","rel_uri":"wd:Q18691601","approximation":false,"readable_label":"ward of Tanzania (Q18691601)","id":2},{"abs_uri":"http://www.wikidata.org/entity/Q2409750","rel_uri":"wd:Q2409750","approximation":false,"readable_label":"district of Tanzania (Q2409750)","id":3}],"edges":[{"source":2,"target":0,"abs_uri":"http://www.w3.org/2000/01/rdf-schema#label","rel_uri":"rdfs:label","approximation":false,"readable_label":"rdfs:label","id":0},{"source":3,"target":1,"abs_uri":"http://www.w3.org/2000/01/rdf-schema#label","rel_uri":"rdfs:label","approximation":false,"readable_label":"rdfs:label","id":1},{"source":2,"target":3,"abs_uri":"http://www.wikidata.org/prop/P131","rel_uri":"p:P131","approximation":false,"readable_label":"located in the administrative territorial entity (P131)","id":2}]}]