[{"version":1,"nodes":[{"col_index":0,"label":"col0","id":0},{"col_index":1,"label":"col1","id":1},{"col_index":2,"label":"col2","id":2},{"col_index":3,"label":"col3","id":3},{"abs_uri":"http://www.wikidata.org/entity/Q19723451","rel_uri":"wd:Q19723451","approximation":false,"readable_label":"smartphone model (Q19723451)","id":4}],"edges":[{"source":4,"target":0,"abs_uri":"http://www.w3.org/2000/01/rdf-schema#label","rel_uri":"rdfs:label","approximation":false,"readable_label":"rdfs:label","id":0},{"source":4,"target":2,"abs_uri":"http://www.wikidata.org/prop/P2049","rel_uri":"p:P2049","approximation":false,"readable_label":"width (P2049)","id":1},{"source":4,"target":3,"abs_uri":"http://www.wikidata.org/prop/P2048","rel_uri":"p:P2048","approximation":false,"readable_label":"height (P2048)","id":2}]}]