[{"version":1,"nodes":[{"col_index":0,"label":"col0","id":0},{"col_index":1,"label":"col1","id":1},{"col_index":2,"label":"col2","id":2},{"abs_uri":"http://www.wikidata.org/entity/Q22074477","rel_uri":"wd:Q22074477","approximation":false,"readable_label":"cyborg in a work of fiction (Q22074477)","id":3},{"abs_uri":"http://www.wikidata.org/entity/Q28640","rel_uri":"wd:Q28640","approximation":false,"readable_label":"profession (Q28640)","id":4}],"edges":[{"source":3,"target":0,"abs_uri":"http://www.w3.org/2000/01/rdf-schema#label","rel_uri":"rdfs:label","approximation":false,"readable_label":"rdfs:label","id":0},{"source":4,"target":2,"abs_uri":"http://www.w3.org/2000/01/rdf-schema#label","rel_uri":"rdfs:label","approximation":false,"readable_label":"rdfs:label","id":1},{"source":3,"target":1,"abs_uri":"http://www.wikidata.org/prop/P463","rel_uri":"p:P463","approximation":false,"readable_label":"member of (P463)","id":2},{"source":3,"target":4,"abs_uri":"http://www.wikidata.org/prop/P106","rel_uri":"p:P106","approximation":false,"readable_label":"occupation (P106)","id":3}]}]