[{"version":1,"nodes":[{"col_index":0,"label":"col0","id":0},{"col_index":1,"label":"col1","id":1},{"col_index":2,"label":"col2","id":2},{"abs_uri":"http://www.wikidata.org/entity/Q192287","rel_uri":"wd:Q192287","approximation":false,"readable_label":"subdivisions of Russia (Q192287)","id":3},{"abs_uri":"http://www.wikidata.org/entity/Q975413","rel_uri":"wd:Q975413","approximation":false,"readable_label":"encyclopedic dictionary (Q975413)","id":4}],"edges":[{"source":3,"target":0,"abs_uri":"http://www.w3.org/2000/01/rdf-schema#label","rel_uri":"rdfs:label","approximation":false,"readable_label":"rdfs:label","id":0},{"source":4,"target":2,"abs_uri":"http://www.w3.org/2000/01/rdf-schema#label","rel_uri":"rdfs:label","approximation":false,"readable_label":"rdfs:label","id":1},{"source":3,"target":1,"abs_uri":"http://www.wikidata.org/prop/P131","rel_uri":"p:P131","approximation":false,"readable_label":"located in the administrative territorial entity (P131)","id":2},{"source":3,"target":4,"abs_uri":"http://www.wikidata.org/prop/P1343","rel_uri":"p:P1343","approximation":false,"readable_label":"described by source (P1343)","id":3}]}]