{"version":"1.2","table":{"version":"2","table_id":"ADB0V7OO","columns":[{"index":0,"name":"col0","values":["Godewaersvelde","Lagny-sur-Marne","Montesquieu-des-Albères","Laroque-des-Albères","Cabestany","Beynost","Bernolsheim","Le Fousseret","Concarneau","Montmain","Seurre","Tichey","Allouis","Le Mans","Bron","Bordeaux","Poissy","Derval","Censerey","Bard-le-Régulier"]},{"index":1,"name":"col1","values":["Eecke","Conches-sur-Gondoire","Le Boulou","La Jonquera","Perpignan","Saint-Maurice-de-Beynost","Mommenheim","Saint-Élix-le-Château","Saint-Yvi","Bagnot","Glanon","Montagny-lès-Seurre","Mehun-sur-Yèvre","Coulaines","Lyon","Bègles","Saint-Germain-en-Laye","Grand-Fougeray","Brazey-en-Morvan","Brazey-en-Morvan"]},{"index":2,"name":"col2","values":["canton of Steenvoorde","Seine-et-Marne","Pyrénées-Orientales","Pyrénées-Orientales","Pyrénées-Orientales","Ain","Bas-Rhin","Haute-Garonne","Finistère","Côte-d’Or","Côte-d’Or","Côte-d’Or","Cher","Sarthe","Isère","Gironde","Yvelines","Loire-Atlantique","canton of Liernais","Côte-d’Or"]}]},"context":{"page_title":null,"page_url":null,"page_entity_id":null,"content_hierarchy":[]},"links":[[[{"start":0,"end":15,"url":null,"entity_id":"Q9155","candidates":[]}],[{"start":0,"end":20,"url":null,"entity_id":"Q250702","candidates":[]}],[{"start":0,"end":14,"url":null,"entity_id":"Q12753","candidates":[]}]],[[{"start":0,"end":23,"url":null,"entity_id":"Q8997","candidates":[]}],[{"start":0,"end":9,"url":null,"entity_id":"Q8672","candidates":[]}],[{"start":0,"end":19,"url":null,"entity_id":"Q12709","candidates":[]}]],[[{"start":0,"end":19,"url":null,"entity_id":"Q8895","candidates":[]}],[{"start":0,"end":11,"url":null,"entity_id":"Q7113","candidates":[]}],[{"start":0,"end":19,"url":null,"entity_id":"Q12709","candidates":[]}]],[[{"start":0,"end":9,"url":null,"entity_id":"Q8970","candidates":[]}],[{"start":0,"end":9,"url":null,"entity_id":"Q6730","candidates":[]}],[{"start":0,"end":19,"url":null,"entity_id":"Q12709","candidates":[]}]],[[{"start":0,"end":7,"url":null,"entity_id":"Q10235","candidates":[]}],[{"start":0,"end":24,"url":null,"entity_id":"Q11981","candidates":[]}],[{"start":0,"end":3,"url":null,"entity_id":"Q3083","candidates":[]}]],[[{"start":0,"end":11,"url":null,"entity_id":"Q21250","candidates":[]}],[{"start":0,"end":10,"url":null,"entity_id":"Q21312","candidates":[]}],[{"start":0,"end":8,"url":null,"entity_id":"Q12717","candidates":[]}]],[[{"start":0,"end":12,"url":null,"entity_id":"Q17173","candidates":[]}],[{"start":0,"end":21,"url":null,"entity_id":"Q591244","candidates":[]}],[{"start":0,"end":13,"url":null,"entity_id":"Q12538","candidates":[]}]],[[{"start":0,"end":10,"url":null,"entity_id":"Q17393","candidates":[]}],[{"start":0,"end":9,"url":null,"entity_id":"Q207823","candidates":[]}],[{"start":0,"end":9,"url":null,"entity_id":"Q3389","candidates":[]}]],[[{"start":0,"end":8,"url":null,"entity_id":"Q16895","candidates":[]}],[{"start":0,"end":6,"url":null,"entity_id":"Q16880","candidates":[]}],[{"start":0,"end":9,"url":null,"entity_id":"Q3342","candidates":[]}]],[[{"start":0,"end":6,"url":null,"entity_id":"Q16896","candidates":[]}],[{"start":0,"end":6,"url":null,"entity_id":"Q16874","candidates":[]}],[{"start":0,"end":9,"url":null,"entity_id":"Q3342","candidates":[]}]],[[{"start":0,"end":6,"url":null,"entity_id":"Q16897","candidates":[]}],[{"start":0,"end":19,"url":null,"entity_id":"Q16770","candidates":[]}],[{"start":0,"end":9,"url":null,"entity_id":"Q3342","candidates":[]}]],[[{"start":0,"end":7,"url":null,"entity_id":"Q16962","candidates":[]}],[{"start":0,"end":15,"url":null,"entity_id":"Q606352","candidates":[]}],[{"start":0,"end":4,"url":null,"entity_id":"Q3286","candidates":[]}]],[[{"start":0,"end":7,"url":null,"entity_id":"Q1476","candidates":[]}],[{"start":0,"end":9,"url":null,"entity_id":"Q305768","candidates":[]}],[{"start":0,"end":6,"url":null,"entity_id":"Q12740","candidates":[]}]],[[{"start":0,"end":4,"url":null,"entity_id":"Q1291","candidates":[]}],[{"start":0,"end":4,"url":null,"entity_id":"Q456","candidates":[]}],[{"start":0,"end":5,"url":null,"entity_id":"Q12559","candidates":[]}]],[[{"start":0,"end":8,"url":null,"entity_id":"Q1479","candidates":[]}],[{"start":0,"end":6,"url":null,"entity_id":"Q192438","candidates":[]}],[{"start":0,"end":7,"url":null,"entity_id":"Q12526","candidates":[]}]],[[{"start":0,"end":6,"url":null,"entity_id":"Q457","candidates":[]}],[{"start":0,"end":21,"url":null,"entity_id":"Q185075","candidates":[]}],[{"start":0,"end":8,"url":null,"entity_id":"Q12820","candidates":[]}]],[[{"start":0,"end":6,"url":null,"entity_id":"Q478","candidates":[]}],[{"start":0,"end":14,"url":null,"entity_id":"Q381743","candidates":[]}],[{"start":0,"end":16,"url":null,"entity_id":"Q3068","candidates":[]}]],[[{"start":0,"end":8,"url":null,"entity_id":"Q16262","candidates":[]}],[{"start":0,"end":16,"url":null,"entity_id":"Q16263","candidates":[]}],[{"start":0,"end":18,"url":null,"entity_id":"Q14847","candidates":[]}]],[[{"start":0,"end":16,"url":null,"entity_id":"Q16265","candidates":[]}],[{"start":0,"end":16,"url":null,"entity_id":"Q16263","candidates":[]}],[{"start":0,"end":9,"url":null,"entity_id":"Q3342","candidates":[]}]],[[{"start":0,"end":14,"url":null,"entity_id":"Q14007","candidates":[]}],[{"start":0,"end":5,"url":null,"entity_id":"Q14003","candidates":[]}],[{"start":0,"end":21,"url":null,"entity_id":"Q11178","candidates":[]}]]]}