{"version":"1.2","table":{"version":"2","table_id":"ADEE7G2B","columns":[{"index":0,"name":"col0","values":["Y-Brigade","-Brigade","Te Blue Brigade","1t Special Service Brigade","Polish Indpendent Carpathian Rifle Brigade","Wołyńskb Cavalry Brigade","Suwalska Cavalry Brigad","Podlaska Cavalr Brigade","Nowogrózka Cavalry Brigade","Mazowiecka Cavalr| Brigade","Krcków Cavalry Brigade","3rd Mountain Brigadh","2nd Mountdin Brigade","Polisi Independent Highland Brigade","Wileńska Cavalry Brigad","Wielkopolska Cavalry Brgade","Pomeranian Favaly Brigade","Podolska Cavalry Brigadh","3rd Brigade, Polish Legins","37th Infantry Brigade Cqmbat Team"]},{"index":1,"name":"col1","values":["1949/12/01","1949/12/23","1652/01/01","1946/01/01","1942/05/03","1939/01/01","1939/01/01","1939/01/01","1939/01/01","1939/01/01","1939/01/01","1939/01/01","1939/01/01","1940/01/01","1939/01/01","1939/01/01","1939/01/01","1939/01/01","1917/01/01","1919/01/01"]},{"index":2,"name":"col2","values":["Politionele Acties","Politionele Acties","Battle of Lützen (1632)","Dieppe Raid","World War II","World War II","World War II","World War II","World War II","World War II","World War II","World War II","World War II","World War II","World War II","World War II","World War II","World War II","World War I","World War I"]}]},"context":{"page_title":null,"page_url":null,"page_entity_id":null,"content_hierarchy":[]},"links":[[[{"start":0,"end":8,"url":null,"entity_id":"Q56762122","candidates":[]}],[],[{"start":0,"end":18,"url":null,"entity_id":"Q278039","candidates":[]}]],[[{"start":0,"end":15,"url":null,"entity_id":"Q10431692","candidates":[]}],[],[{"start":0,"end":23,"url":null,"entity_id":"Q167259","candidates":[]}]],[[{"start":0,"end":26,"url":null,"entity_id":"Q2813757","candidates":[]}],[],[{"start":0,"end":11,"url":null,"entity_id":"Q270517","candidates":[]}]],[[{"start":0,"end":42,"url":null,"entity_id":"Q2925304","candidates":[]}],[],[{"start":0,"end":12,"url":null,"entity_id":"Q362","candidates":[]}]],[[{"start":0,"end":24,"url":null,"entity_id":"Q2925274","candidates":[]}],[],[{"start":0,"end":12,"url":null,"entity_id":"Q362","candidates":[]}]],[[{"start":0,"end":23,"url":null,"entity_id":"Q2925271","candidates":[]}],[],[{"start":0,"end":12,"url":null,"entity_id":"Q362","candidates":[]}]],[[{"start":0,"end":23,"url":null,"entity_id":"Q2925266","candidates":[]}],[],[{"start":0,"end":12,"url":null,"entity_id":"Q362","candidates":[]}]],[[{"start":0,"end":26,"url":null,"entity_id":"Q2925265","candidates":[]}],[],[{"start":0,"end":12,"url":null,"entity_id":"Q362","candidates":[]}]],[[{"start":0,"end":26,"url":null,"entity_id":"Q2925263","candidates":[]}],[],[{"start":0,"end":12,"url":null,"entity_id":"Q362","candidates":[]}]],[[{"start":0,"end":22,"url":null,"entity_id":"Q2925262","candidates":[]}],[],[{"start":0,"end":12,"url":null,"entity_id":"Q362","candidates":[]}]],[[{"start":0,"end":20,"url":null,"entity_id":"Q2816556","candidates":[]}],[],[{"start":0,"end":12,"url":null,"entity_id":"Q362","candidates":[]}]],[[{"start":0,"end":20,"url":null,"entity_id":"Q2815838","candidates":[]}],[],[{"start":0,"end":12,"url":null,"entity_id":"Q362","candidates":[]}]],[[{"start":0,"end":35,"url":null,"entity_id":"Q2734521","candidates":[]}],[],[{"start":0,"end":12,"url":null,"entity_id":"Q362","candidates":[]}]],[[{"start":0,"end":23,"url":null,"entity_id":"Q8001648","candidates":[]}],[],[{"start":0,"end":12,"url":null,"entity_id":"Q362","candidates":[]}]],[[{"start":0,"end":27,"url":null,"entity_id":"Q7999067","candidates":[]}],[],[{"start":0,"end":12,"url":null,"entity_id":"Q362","candidates":[]}]],[[{"start":0,"end":25,"url":null,"entity_id":"Q7227270","candidates":[]}],[],[{"start":0,"end":12,"url":null,"entity_id":"Q362","candidates":[]}]],[[{"start":0,"end":24,"url":null,"entity_id":"Q7207043","candidates":[]}],[],[{"start":0,"end":12,"url":null,"entity_id":"Q362","candidates":[]}]],[[{"start":0,"end":26,"url":null,"entity_id":"Q4636700","candidates":[]}],[],[{"start":0,"end":11,"url":null,"entity_id":"Q361","candidates":[]}]],[[{"start":0,"end":33,"url":null,"entity_id":"Q4635893","candidates":[]}],[],[{"start":0,"end":11,"url":null,"entity_id":"Q361","candidates":[]}]],[[{"start":0,"end":9,"url":null,"entity_id":"Q56762127","candidates":[]}],[],[{"start":0,"end":18,"url":null,"entity_id":"Q278039","candidates":[]}]]]}