{"version":"1.2","table":{"version":"2","table_id":"AFBDW2VE","columns":[{"index":0,"name":"col0","values":["Vuelta al Táchira 2019","2018 Vuelta al Táchira","2017 Vuelta al Táchira","1995 Vuelta al Táchira","1994 Vuelta al Táchira","1993 Vuelta al Táchira","1992 Vuelta al Táchira","1991 Vuelta al Táchira","1990 Vuelta al Táchira","1989 Vuelta al Táchira","1987 Vuelta al Táchira","1986 Vuelta al Táchira","1985 Vuelta al Táchira","1984 Vuelta al Táchira","1983 Vuelta al Táchira","1979 Vuelta al Táchira","1997 Vuelta al Táchira","1981 Vuelta al Táchira","2016 Vuelta al Táchira","1982 Vuelta al Táchira"]},{"index":1,"name":"col1","values":["Jimmi Briceño","José Serpa","Jonathan Monsalve","Carlos Maya","Alexis Méndez","Leonardo Sierra","Santiago Amador","Chepe González","Alexis Méndez","Viatcheslav Ekimov","Fernando Correa","Eduardo Alonso","Fernando Correa","Aleksandr Kulikov","Martín Ramírez","José Duaxt","Hernán Darío Muñoz","Fabio Parra","Yosvangs Rojas","Ramazan Galaletdinov"]},{"index":2,"name":"col2","values":["Vuelta al Táchira 2020","Vuelta al Táchira 2019","2018 Vuelta al Táchira","1996 Vuelta al Táchira","1995 Vuelta al Táchira","1994 Vuelta al Táchira","1993 Vuelta al Táchira","1992 Vuelta al Táchira","1991 Vuelta al Táchira","1990 Vuelta al Táchira","1988 Vuelta al Táchira","1987 Vuelta al Táchira","1986 Vuelta al Táchira","1985 Vuelta al Táchira","1984 Vuelta al Táchira","1980 Vuelta al Táchira","1998 Vuelta al Táchira","1982 Vuelta al Táchira","2017 Vuelta al Táchira","1983 Vuelta al Táchira"]},{"index":3,"name":"col3","values":["2019-01-11","2018-01-12","2017-01-13","1995-01-13","1994-09-23","1993-09-24","1992-09-18","1991-01-11","1990-01-11","1989-01-17","1987-01-10","1986-01-11","1985-01-05","1984-01-13","1983-01-08","1979-01-13","1997-01-08","1981-01-10","2016-01-08","1982-01-08"]},{"index":4,"name":"col4","values":["road bicycle racing","road bicycle racing","road bicycle racing","road bicycle racing","road bicycle racing","road bicycle racing","road bicycle racing","road bicycle racing","road bicycle racing","road bicycle racing","road bicycle racing","road bicycle racing","road bicycle racing","road bicycle racing","road bicycle racing","road bicycle racing","road bicycle racing","road bicycle racing","road bicycle racing","road bicycle racing"]}]},"context":{"page_title":null,"page_url":null,"page_entity_id":null,"content_hierarchy":[]},"links":[[[{"start":0,"end":22,"url":null,"entity_id":"Q46951171","candidates":[]}],[{"start":0,"end":10,"url":null,"entity_id":"Q384128","candidates":[]}],[{"start":0,"end":22,"url":null,"entity_id":"Q60323809","candidates":[]}],[],[{"start":0,"end":19,"url":null,"entity_id":"Q3609","candidates":[]}]],[[{"start":0,"end":22,"url":null,"entity_id":"Q27987477","candidates":[]}],[{"start":0,"end":17,"url":null,"entity_id":"Q175878","candidates":[]}],[{"start":0,"end":22,"url":null,"entity_id":"Q46951171","candidates":[]}],[],[{"start":0,"end":19,"url":null,"entity_id":"Q3609","candidates":[]}]],[[{"start":0,"end":22,"url":null,"entity_id":"Q25405705","candidates":[]}],[{"start":0,"end":11,"url":null,"entity_id":"Q5042356","candidates":[]}],[{"start":0,"end":22,"url":null,"entity_id":"Q25405727","candidates":[]}],[],[{"start":0,"end":19,"url":null,"entity_id":"Q3609","candidates":[]}]],[[{"start":0,"end":22,"url":null,"entity_id":"Q25405702","candidates":[]}],[{"start":0,"end":13,"url":null,"entity_id":"Q4721498","candidates":[]}],[{"start":0,"end":22,"url":null,"entity_id":"Q25405705","candidates":[]}],[],[{"start":0,"end":19,"url":null,"entity_id":"Q3609","candidates":[]}]],[[{"start":0,"end":22,"url":null,"entity_id":"Q25405697","candidates":[]}],[{"start":0,"end":15,"url":null,"entity_id":"Q2584278","candidates":[]}],[{"start":0,"end":22,"url":null,"entity_id":"Q25405702","candidates":[]}],[],[{"start":0,"end":19,"url":null,"entity_id":"Q3609","candidates":[]}]],[[{"start":0,"end":22,"url":null,"entity_id":"Q25405642","candidates":[]}],[{"start":0,"end":15,"url":null,"entity_id":"Q7420210","candidates":[]}],[{"start":0,"end":22,"url":null,"entity_id":"Q25405697","candidates":[]}],[],[{"start":0,"end":19,"url":null,"entity_id":"Q3609","candidates":[]}]],[[{"start":0,"end":22,"url":null,"entity_id":"Q25405640","candidates":[]}],[{"start":0,"end":14,"url":null,"entity_id":"Q1314612","candidates":[]}],[{"start":0,"end":22,"url":null,"entity_id":"Q25405642","candidates":[]}],[],[{"start":0,"end":19,"url":null,"entity_id":"Q3609","candidates":[]}]],[[{"start":0,"end":22,"url":null,"entity_id":"Q25405626","candidates":[]}],[{"start":0,"end":13,"url":null,"entity_id":"Q4721498","candidates":[]}],[{"start":0,"end":22,"url":null,"entity_id":"Q25405640","candidates":[]}],[],[{"start":0,"end":19,"url":null,"entity_id":"Q3609","candidates":[]}]],[[{"start":0,"end":22,"url":null,"entity_id":"Q25405627","candidates":[]}],[{"start":0,"end":18,"url":null,"entity_id":"Q505731","candidates":[]}],[{"start":0,"end":22,"url":null,"entity_id":"Q25405626","candidates":[]}],[],[{"start":0,"end":19,"url":null,"entity_id":"Q3609","candidates":[]}]],[[{"start":0,"end":22,"url":null,"entity_id":"Q25405611","candidates":[]}],[{"start":0,"end":15,"url":null,"entity_id":"Q19975727","candidates":[]}],[{"start":0,"end":22,"url":null,"entity_id":"Q25405624","candidates":[]}],[],[{"start":0,"end":19,"url":null,"entity_id":"Q3609","candidates":[]}]],[[{"start":0,"end":22,"url":null,"entity_id":"Q25405607","candidates":[]}],[{"start":0,"end":14,"url":null,"entity_id":"Q3048302","candidates":[]}],[{"start":0,"end":22,"url":null,"entity_id":"Q25405611","candidates":[]}],[],[{"start":0,"end":19,"url":null,"entity_id":"Q3609","candidates":[]}]],[[{"start":0,"end":22,"url":null,"entity_id":"Q25405604","candidates":[]}],[{"start":0,"end":15,"url":null,"entity_id":"Q19975727","candidates":[]}],[{"start":0,"end":22,"url":null,"entity_id":"Q25405607","candidates":[]}],[],[{"start":0,"end":19,"url":null,"entity_id":"Q3609","candidates":[]}]],[[{"start":0,"end":22,"url":null,"entity_id":"Q25405600","candidates":[]}],[{"start":0,"end":17,"url":null,"entity_id":"Q22964740","candidates":[]}],[{"start":0,"end":22,"url":null,"entity_id":"Q25405604","candidates":[]}],[],[{"start":0,"end":19,"url":null,"entity_id":"Q3609","candidates":[]}]],[[{"start":0,"end":22,"url":null,"entity_id":"Q25405593","candidates":[]}],[{"start":0,"end":14,"url":null,"entity_id":"Q2785417","candidates":[]}],[{"start":0,"end":22,"url":null,"entity_id":"Q25405600","candidates":[]}],[],[{"start":0,"end":19,"url":null,"entity_id":"Q3609","candidates":[]}]],[[{"start":0,"end":22,"url":null,"entity_id":"Q25405547","candidates":[]}],[{"start":0,"end":10,"url":null,"entity_id":"Q24634630","candidates":[]}],[{"start":0,"end":22,"url":null,"entity_id":"Q25405545","candidates":[]}],[],[{"start":0,"end":19,"url":null,"entity_id":"Q3609","candidates":[]}]],[[{"start":0,"end":22,"url":null,"entity_id":"Q25405729","candidates":[]}],[{"start":0,"end":18,"url":null,"entity_id":"Q1613718","candidates":[]}],[{"start":0,"end":22,"url":null,"entity_id":"Q25405253","candidates":[]}],[],[{"start":0,"end":19,"url":null,"entity_id":"Q3609","candidates":[]}]],[[{"start":0,"end":22,"url":null,"entity_id":"Q25405584","candidates":[]}],[{"start":0,"end":11,"url":null,"entity_id":"Q1390574","candidates":[]}],[{"start":0,"end":22,"url":null,"entity_id":"Q23641099","candidates":[]}],[],[{"start":0,"end":19,"url":null,"entity_id":"Q3609","candidates":[]}]],[[{"start":0,"end":22,"url":null,"entity_id":"Q21006972","candidates":[]}],[{"start":0,"end":14,"url":null,"entity_id":"Q2600893","candidates":[]}],[{"start":0,"end":22,"url":null,"entity_id":"Q27987477","candidates":[]}],[],[{"start":0,"end":19,"url":null,"entity_id":"Q3609","candidates":[]}]],[[{"start":0,"end":22,"url":null,"entity_id":"Q23641099","candidates":[]}],[{"start":0,"end":20,"url":null,"entity_id":"Q3418387","candidates":[]}],[{"start":0,"end":22,"url":null,"entity_id":"Q25405593","candidates":[]}],[],[{"start":0,"end":19,"url":null,"entity_id":"Q3609","candidates":[]}]],[[{"start":0,"end":22,"url":null,"entity_id":"Q60323809","candidates":[]}],[{"start":0,"end":13,"url":null,"entity_id":"Q3179019","candidates":[]}],[{"start":0,"end":22,"url":null,"entity_id":"Q81560194","candidates":[]}],[],[{"start":0,"end":19,"url":null,"entity_id":"Q3609","candidates":[]}]]]}