{"version":"1.2","table":{"version":"2","table_id":"AFJLXKOG","columns":[{"index":0,"name":"col0","values":["Worthing","Watford","Stevenage","Norwich","Hastings","Gosport","Exeter","Eastbourne","Crawley","City of Nottingham","City of Kingston upon Hull","City of Derby","Cambridge","City of Bristol","City of Leicester","Poole","City of Portsmouth","City of Southampton","City of Plymouth","Reading"]},{"index":1,"name":"col1","values":["32.5216","21.4304","25.9691","39.0235","29.7241","25.3582","47.0431","44.1594","44.9711","74.6135","71.4498","78.0311","40.6987","109.7001","73.3421","64.7678","40.3919","49.9142","79.8302","40.3979"]},{"index":2,"name":"col2","values":["110025","96767","87754","141137","92855","85283","130428","103160","112448","331069","260645","257174","125758","463405","355218","150600","215133","252796","263100","163203"]}]},"context":{"page_title":null,"page_url":null,"page_entity_id":null,"content_hierarchy":[]},"links":[[[{"start":0,"end":7,"url":null,"entity_id":"Q21886164","candidates":[]}],[],[]],[[{"start":0,"end":9,"url":null,"entity_id":"Q21886152","candidates":[]}],[],[]],[[{"start":0,"end":7,"url":null,"entity_id":"Q21886147","candidates":[]}],[],[]],[[{"start":0,"end":8,"url":null,"entity_id":"Q21886138","candidates":[]}],[],[]],[[{"start":0,"end":7,"url":null,"entity_id":"Q21886128","candidates":[]}],[],[]],[[{"start":0,"end":6,"url":null,"entity_id":"Q21886091","candidates":[]}],[],[]],[[{"start":0,"end":10,"url":null,"entity_id":"Q21886079","candidates":[]}],[],[]],[[{"start":0,"end":7,"url":null,"entity_id":"Q21886073","candidates":[]}],[],[]],[[{"start":0,"end":18,"url":null,"entity_id":"Q21885994","candidates":[]}],[],[]],[[{"start":0,"end":26,"url":null,"entity_id":"Q21885987","candidates":[]}],[],[]],[[{"start":0,"end":13,"url":null,"entity_id":"Q21885980","candidates":[]}],[],[]],[[{"start":0,"end":9,"url":null,"entity_id":"Q21713103","candidates":[]}],[],[]],[[{"start":0,"end":15,"url":null,"entity_id":"Q21693433","candidates":[]}],[],[]],[[{"start":0,"end":17,"url":null,"entity_id":"Q21683242","candidates":[]}],[],[]],[[{"start":0,"end":5,"url":null,"entity_id":"Q21683234","candidates":[]}],[],[]],[[{"start":0,"end":18,"url":null,"entity_id":"Q21683233","candidates":[]}],[],[]],[[{"start":0,"end":19,"url":null,"entity_id":"Q21683230","candidates":[]}],[],[]],[[{"start":0,"end":16,"url":null,"entity_id":"Q21674890","candidates":[]}],[],[]],[[{"start":0,"end":7,"url":null,"entity_id":"Q21496716","candidates":[]}],[],[]],[[{"start":0,"end":8,"url":null,"entity_id":"Q21886170","candidates":[]}],[],[]]]}