{"version":"1.2","table":{"version":"2","table_id":"AFYTV47Z","columns":[{"index":0,"name":"col0","values":["Zod","Simon Utag","dg Doll\"(comics)","Ming thePerciless","Ooxie Mannheim","Tyler Strne","Shingfn Yashida","Zor-Fl","uga Khan","Hgggra","Senei","erlyn","Daniel!West","Anellg","Noran Osborn","Ooira Queen","PaulaBrooks","abaras","Doruek VII","David Bnner"]},{"index":1,"name":"col1","values":["leader","chief executive officer","criminal","ruler","gangster","chief executive officer","crime boss","fictional scientist","ruler","dictator","martial artist","mercenary","criminal","politician","businessperson","supervillain","superhero","biologist","ruler","scientist"]},{"index":2,"name":"col2","values":["Davis Bloome","Sapphire Stagg","Rag Doll","Princess Aura","Bruno Mannheim","Spider-Man 2099","Silver Samurai","Kara Zor-El","Darkseid","Darkseid","Ra's al Ghul","Thea Queen","Wallace West","Hulkling","Harry Osborn","Green Arrow","Artemis Crock","Dylan Dog","Anelle","Bruce Banner"]}]},"context":{"page_title":null,"page_url":null,"page_entity_id":null,"content_hierarchy":[]},"links":[[[{"start":0,"end":10,"url":null,"entity_id":"Q7519812","candidates":[]}],[{"start":0,"end":23,"url":null,"entity_id":"Q484876","candidates":[]}],[{"start":0,"end":14,"url":null,"entity_id":"Q17066394","candidates":[]}]],[[{"start":0,"end":16,"url":null,"entity_id":"Q11052262","candidates":[]}],[{"start":0,"end":8,"url":null,"entity_id":"Q2159907","candidates":[]}],[{"start":0,"end":8,"url":null,"entity_id":"Q7282770","candidates":[]}]],[[{"start":0,"end":17,"url":null,"entity_id":"Q13322719","candidates":[]}],[{"start":0,"end":5,"url":null,"entity_id":"Q1097498","candidates":[]}],[{"start":0,"end":13,"url":null,"entity_id":"Q7244553","candidates":[]}]],[[{"start":0,"end":14,"url":null,"entity_id":"Q6927518","candidates":[]}],[{"start":0,"end":8,"url":null,"entity_id":"Q46961","candidates":[]}],[{"start":0,"end":14,"url":null,"entity_id":"Q4979293","candidates":[]}]],[[{"start":0,"end":11,"url":null,"entity_id":"Q7860164","candidates":[]}],[{"start":0,"end":23,"url":null,"entity_id":"Q484876","candidates":[]}],[{"start":0,"end":15,"url":null,"entity_id":"Q2092660","candidates":[]}]],[[{"start":0,"end":15,"url":null,"entity_id":"Q7497450","candidates":[]}],[{"start":0,"end":10,"url":null,"entity_id":"Q4947495","candidates":[]}],[{"start":0,"end":14,"url":null,"entity_id":"Q898201","candidates":[]}]],[[{"start":0,"end":6,"url":null,"entity_id":"Q9291384","candidates":[]}],[{"start":0,"end":19,"url":null,"entity_id":"Q76451247","candidates":[]}],[{"start":0,"end":11,"url":null,"entity_id":"Q738569","candidates":[]}]],[[{"start":0,"end":8,"url":null,"entity_id":"Q8060323","candidates":[]}],[{"start":0,"end":5,"url":null,"entity_id":"Q1097498","candidates":[]}],[{"start":0,"end":8,"url":null,"entity_id":"Q430698","candidates":[]}]],[[{"start":0,"end":6,"url":null,"entity_id":"Q5698444","candidates":[]}],[{"start":0,"end":8,"url":null,"entity_id":"Q183318","candidates":[]}],[{"start":0,"end":8,"url":null,"entity_id":"Q430698","candidates":[]}]],[[{"start":0,"end":5,"url":null,"entity_id":"Q7451006","candidates":[]}],[{"start":0,"end":14,"url":null,"entity_id":"Q11124885","candidates":[]}],[{"start":0,"end":12,"url":null,"entity_id":"Q158931","candidates":[]}]],[[{"start":0,"end":5,"url":null,"entity_id":"Q2919098","candidates":[]}],[{"start":0,"end":9,"url":null,"entity_id":"Q178197","candidates":[]}],[{"start":0,"end":10,"url":null,"entity_id":"Q30315607","candidates":[]}]],[[{"start":0,"end":11,"url":null,"entity_id":"Q30919260","candidates":[]}],[{"start":0,"end":8,"url":null,"entity_id":"Q2159907","candidates":[]}],[{"start":0,"end":12,"url":null,"entity_id":"Q24912110","candidates":[]}]],[[{"start":0,"end":6,"url":null,"entity_id":"Q22906371","candidates":[]}],[{"start":0,"end":10,"url":null,"entity_id":"Q82955","candidates":[]}],[{"start":0,"end":8,"url":null,"entity_id":"Q2526766","candidates":[]}]],[[{"start":0,"end":12,"url":null,"entity_id":"Q17090877","candidates":[]}],[{"start":0,"end":14,"url":null,"entity_id":"Q43845","candidates":[]}],[{"start":0,"end":12,"url":null,"entity_id":"Q1779361","candidates":[]}]],[[{"start":0,"end":11,"url":null,"entity_id":"Q47381662","candidates":[]}],[{"start":0,"end":12,"url":null,"entity_id":"Q6498903","candidates":[]}],[{"start":0,"end":11,"url":null,"entity_id":"Q611993","candidates":[]}]],[[{"start":0,"end":11,"url":null,"entity_id":"Q3898184","candidates":[]}],[{"start":0,"end":9,"url":null,"entity_id":"Q188784","candidates":[]}],[{"start":0,"end":13,"url":null,"entity_id":"Q28401111","candidates":[]}]],[[{"start":0,"end":6,"url":null,"entity_id":"Q4021700","candidates":[]}],[{"start":0,"end":9,"url":null,"entity_id":"Q864503","candidates":[]}],[{"start":0,"end":9,"url":null,"entity_id":"Q1774370","candidates":[]}]],[[{"start":0,"end":10,"url":null,"entity_id":"Q22907914","candidates":[]}],[{"start":0,"end":5,"url":null,"entity_id":"Q1097498","candidates":[]}],[{"start":0,"end":6,"url":null,"entity_id":"Q22906371","candidates":[]}]],[[{"start":0,"end":11,"url":null,"entity_id":"Q50808600","candidates":[]}],[{"start":0,"end":9,"url":null,"entity_id":"Q901","candidates":[]}],[{"start":0,"end":12,"url":null,"entity_id":"Q51817522","candidates":[]}]],[[{"start":0,"end":3,"url":null,"entity_id":"Q6738319","candidates":[]}],[{"start":0,"end":6,"url":null,"entity_id":"Q1251441","candidates":[]}],[{"start":0,"end":12,"url":null,"entity_id":"Q50389784","candidates":[]}]]]}