{"version":"1.2","table":{"version":"2","table_id":"AGX8N0IF","columns":[{"index":0,"name":"col0","values":["Commodore Plus/4","Commodore CBM-II","Commodore 116","Commodore 64","Texas Instruments TI-99/4A","FM Towns","ABC 80","ZX80","Macintosh Plus","Sharp PC-1211","BeBox","Kindle Fire","Kindle Fire HD","Cray T3D","Amiga 600","Amiga 4000","Amiga 2000","Amiga 1200","Amiga 1000","Amiga 500"]},{"index":1,"name":"col1","values":["Commodore International","Commodore International","Commodore International","Commodore International","Texas Instruments","Fujitsu","Luxor AB","Sinclair Research","Apple Inc.","Sharp Corporation","Be Inc.","Amazon","Amazon","Cray","Commodore International","Commodore International","Commodore International","Commodore International","Commodore International","Commodore International"]},{"index":2,"name":"col2","values":["home computer","home computer","home computer","home computer","home computer","home computer","home computer","home computer","home computer","pocket computer","workstation","tablet computer","tablet computer","supercomputer","Commodore Amiga","Commodore Amiga","Commodore Amiga","Commodore Amiga","Commodore Amiga","Commodore Amiga"]}]},"context":{"page_title":null,"page_url":null,"page_entity_id":null,"content_hierarchy":[]},"links":[[[{"start":0,"end":16,"url":null,"entity_id":"Q379710","candidates":[]}],[{"start":0,"end":23,"url":null,"entity_id":"Q208305","candidates":[]}],[{"start":0,"end":13,"url":null,"entity_id":"Q473708","candidates":[]}]],[[{"start":0,"end":13,"url":null,"entity_id":"Q338783","candidates":[]}],[{"start":0,"end":23,"url":null,"entity_id":"Q208305","candidates":[]}],[{"start":0,"end":13,"url":null,"entity_id":"Q473708","candidates":[]}]],[[{"start":0,"end":12,"url":null,"entity_id":"Q99775","candidates":[]}],[{"start":0,"end":23,"url":null,"entity_id":"Q208305","candidates":[]}],[{"start":0,"end":13,"url":null,"entity_id":"Q473708","candidates":[]}]],[[{"start":0,"end":26,"url":null,"entity_id":"Q454390","candidates":[]}],[{"start":0,"end":17,"url":null,"entity_id":"Q193412","candidates":[]}],[{"start":0,"end":13,"url":null,"entity_id":"Q473708","candidates":[]}]],[[{"start":0,"end":8,"url":null,"entity_id":"Q531896","candidates":[]}],[{"start":0,"end":7,"url":null,"entity_id":"Q186394","candidates":[]}],[{"start":0,"end":13,"url":null,"entity_id":"Q473708","candidates":[]}]],[[{"start":0,"end":6,"url":null,"entity_id":"Q287115","candidates":[]}],[{"start":0,"end":8,"url":null,"entity_id":"Q48505","candidates":[]}],[{"start":0,"end":13,"url":null,"entity_id":"Q473708","candidates":[]}]],[[{"start":0,"end":4,"url":null,"entity_id":"Q602406","candidates":[]}],[{"start":0,"end":17,"url":null,"entity_id":"Q4409","candidates":[]}],[{"start":0,"end":13,"url":null,"entity_id":"Q473708","candidates":[]}]],[[{"start":0,"end":14,"url":null,"entity_id":"Q1255728","candidates":[]}],[{"start":0,"end":10,"url":null,"entity_id":"Q312","candidates":[]}],[{"start":0,"end":13,"url":null,"entity_id":"Q473708","candidates":[]}]],[[{"start":0,"end":13,"url":null,"entity_id":"Q629703","candidates":[]}],[{"start":0,"end":17,"url":null,"entity_id":"Q53227","candidates":[]}],[{"start":0,"end":15,"url":null,"entity_id":"Q206190","candidates":[]}]],[[{"start":0,"end":5,"url":null,"entity_id":"Q812806","candidates":[]}],[{"start":0,"end":7,"url":null,"entity_id":"Q791615","candidates":[]}],[{"start":0,"end":11,"url":null,"entity_id":"Q192525","candidates":[]}]],[[{"start":0,"end":11,"url":null,"entity_id":"Q196561","candidates":[]}],[{"start":0,"end":6,"url":null,"entity_id":"Q3884","candidates":[]}],[{"start":0,"end":15,"url":null,"entity_id":"Q155972","candidates":[]}]],[[{"start":0,"end":14,"url":null,"entity_id":"Q143298","candidates":[]}],[{"start":0,"end":6,"url":null,"entity_id":"Q3884","candidates":[]}],[{"start":0,"end":15,"url":null,"entity_id":"Q155972","candidates":[]}]],[[{"start":0,"end":8,"url":null,"entity_id":"Q637619","candidates":[]}],[{"start":0,"end":4,"url":null,"entity_id":"Q144060","candidates":[]}],[{"start":0,"end":13,"url":null,"entity_id":"Q121117","candidates":[]}]],[[{"start":0,"end":9,"url":null,"entity_id":"Q471158","candidates":[]}],[{"start":0,"end":23,"url":null,"entity_id":"Q208305","candidates":[]}],[{"start":0,"end":15,"url":null,"entity_id":"Q100047","candidates":[]}]],[[{"start":0,"end":10,"url":null,"entity_id":"Q471144","candidates":[]}],[{"start":0,"end":23,"url":null,"entity_id":"Q208305","candidates":[]}],[{"start":0,"end":15,"url":null,"entity_id":"Q100047","candidates":[]}]],[[{"start":0,"end":10,"url":null,"entity_id":"Q471102","candidates":[]}],[{"start":0,"end":23,"url":null,"entity_id":"Q208305","candidates":[]}],[{"start":0,"end":15,"url":null,"entity_id":"Q100047","candidates":[]}]],[[{"start":0,"end":10,"url":null,"entity_id":"Q471094","candidates":[]}],[{"start":0,"end":23,"url":null,"entity_id":"Q208305","candidates":[]}],[{"start":0,"end":15,"url":null,"entity_id":"Q100047","candidates":[]}]],[[{"start":0,"end":10,"url":null,"entity_id":"Q471089","candidates":[]}],[{"start":0,"end":23,"url":null,"entity_id":"Q208305","candidates":[]}],[{"start":0,"end":15,"url":null,"entity_id":"Q100047","candidates":[]}]],[[{"start":0,"end":9,"url":null,"entity_id":"Q384656","candidates":[]}],[{"start":0,"end":23,"url":null,"entity_id":"Q208305","candidates":[]}],[{"start":0,"end":15,"url":null,"entity_id":"Q100047","candidates":[]}]],[[{"start":0,"end":16,"url":null,"entity_id":"Q868568","candidates":[]}],[{"start":0,"end":23,"url":null,"entity_id":"Q208305","candidates":[]}],[{"start":0,"end":13,"url":null,"entity_id":"Q473708","candidates":[]}]]]}