{"version":"1.2","table":{"version":"2","table_id":"AHI5Q4Y1","columns":[{"index":0,"name":"col0","values":["Petergofsky Uyezd","Permsky Uyezd","Podolsky uezd","Perekopsky Uyezd","Penza Uyezd","Okhansky Uyezd","Ostashkovsky Uyezd","Orsk County","Orlovsky Uyezd (Vyatka Governorate)","Onezhsky Uyezd","Omsk Uyezd","Odessky Uyezd","Nolinsky Uyezd","Novotorzhsky Uyezd","Novorzhevskij County","Novooskolskij County","Novoladozhsky Uyezd","Novozybkovsky uezd","Novobayazetsky Uyezd","Nikolskij ujezd"]},{"index":1,"name":"col1","values":["Russian Empire","Russian Empire","Soviet Union","Russian Empire","Russian Empire","Russian Empire","Russian Empire","Russian Empire","Russian Empire","Russian Empire","Russian Empire","Russian Empire","Russian Empire","Russian Empire","Russian Empire","Russian Empire","Russian Empire","Russian Empire","Russian Empire","Russian Empire"]},{"index":2,"name":"col2","values":["140547","240428","86311","51393","161983","268390","176600","206944","213479","39300","1005000","206227","180707","190000","113769","157849","87841","229000","122573","228400"]}]},"context":{"page_title":null,"page_url":null,"page_entity_id":null,"content_hierarchy":[]},"links":[[[{"start":0,"end":13,"url":null,"entity_id":"Q4351557","candidates":[]}],[{"start":0,"end":14,"url":null,"entity_id":"Q34266","candidates":[]}],[]],[[{"start":0,"end":13,"url":null,"entity_id":"Q4368069","candidates":[]}],[{"start":0,"end":12,"url":null,"entity_id":"Q15180","candidates":[]}],[]],[[{"start":0,"end":16,"url":null,"entity_id":"Q4350415","candidates":[]}],[{"start":0,"end":14,"url":null,"entity_id":"Q34266","candidates":[]}],[]],[[{"start":0,"end":11,"url":null,"entity_id":"Q4348503","candidates":[]}],[{"start":0,"end":14,"url":null,"entity_id":"Q34266","candidates":[]}],[]],[[{"start":0,"end":14,"url":null,"entity_id":"Q4340358","candidates":[]}],[{"start":0,"end":14,"url":null,"entity_id":"Q34266","candidates":[]}],[]],[[{"start":0,"end":18,"url":null,"entity_id":"Q4338606","candidates":[]}],[{"start":0,"end":14,"url":null,"entity_id":"Q34266","candidates":[]}],[]],[[{"start":0,"end":11,"url":null,"entity_id":"Q4337085","candidates":[]}],[{"start":0,"end":14,"url":null,"entity_id":"Q34266","candidates":[]}],[]],[[{"start":0,"end":35,"url":null,"entity_id":"Q4336907","candidates":[]}],[{"start":0,"end":14,"url":null,"entity_id":"Q34266","candidates":[]}],[]],[[{"start":0,"end":14,"url":null,"entity_id":"Q4334864","candidates":[]}],[{"start":0,"end":14,"url":null,"entity_id":"Q34266","candidates":[]}],[]],[[{"start":0,"end":10,"url":null,"entity_id":"Q4334743","candidates":[]}],[{"start":0,"end":14,"url":null,"entity_id":"Q34266","candidates":[]}],[]],[[{"start":0,"end":13,"url":null,"entity_id":"Q4331476","candidates":[]}],[{"start":0,"end":14,"url":null,"entity_id":"Q34266","candidates":[]}],[]],[[{"start":0,"end":14,"url":null,"entity_id":"Q4327157","candidates":[]}],[{"start":0,"end":14,"url":null,"entity_id":"Q34266","candidates":[]}],[]],[[{"start":0,"end":18,"url":null,"entity_id":"Q4325959","candidates":[]}],[{"start":0,"end":14,"url":null,"entity_id":"Q34266","candidates":[]}],[]],[[{"start":0,"end":20,"url":null,"entity_id":"Q4325102","candidates":[]}],[{"start":0,"end":14,"url":null,"entity_id":"Q34266","candidates":[]}],[]],[[{"start":0,"end":20,"url":null,"entity_id":"Q4324800","candidates":[]}],[{"start":0,"end":14,"url":null,"entity_id":"Q34266","candidates":[]}],[]],[[{"start":0,"end":19,"url":null,"entity_id":"Q4324374","candidates":[]}],[{"start":0,"end":14,"url":null,"entity_id":"Q34266","candidates":[]}],[]],[[{"start":0,"end":18,"url":null,"entity_id":"Q4324052","candidates":[]}],[{"start":0,"end":14,"url":null,"entity_id":"Q34266","candidates":[]}],[]],[[{"start":0,"end":20,"url":null,"entity_id":"Q4323207","candidates":[]}],[{"start":0,"end":14,"url":null,"entity_id":"Q34266","candidates":[]}],[]],[[{"start":0,"end":15,"url":null,"entity_id":"Q4320935","candidates":[]}],[{"start":0,"end":14,"url":null,"entity_id":"Q34266","candidates":[]}],[]],[[{"start":0,"end":17,"url":null,"entity_id":"Q4360244","candidates":[]}],[{"start":0,"end":14,"url":null,"entity_id":"Q34266","candidates":[]}],[]]]}