{"version":"1.2","table":{"version":"2","table_id":"AIAIPRA2","columns":[{"index":0,"name":"col0","values":["Binong","Pusakanagara","Sukra","Anjatan","Gabus Wetan","Sampung","Ngargoyoso","Kutowinangun","Kutoarjo","Kerjo","Karangpandan","Jati","Kalibening","Pejawaran","Bawang","Pituruh","Prembun","Butuh","Kemiri","Bayan","Bruno","Selomerto","Kalikajar","Pulokulon","Kradenan","Gabus","Randublatung","Pulosari","Bojong","Bumijawa"]},{"index":1,"name":"col1","values":["West Java","West Java","West Java","West Java","West Java","East Java","Central Java","Central Java","Central Java","Central Java","Central Java","Central Java","Central Java","Central Java","Central Java","Central Java","Central Java","Central Java","Central Java","Central Java","Central Java","Central Java","Central Java","Central Java","Central Java","Central Java","Central Java","Central Java","Central Java","Central Java"]},{"index":2,"name":"col2","values":["16","10","6","14","11","161","836","41","19","365","534","132","992","1249","1116","59","15","15","140","21","225","592","750","59","75","81","55","1392","783","1204"]}]},"context":{"page_title":null,"page_url":null,"page_entity_id":null,"content_hierarchy":[]},"links":[[[{"start":0,"end":12,"url":null,"entity_id":"Q25158883","candidates":[]}],[{"start":0,"end":9,"url":null,"entity_id":"Q3724","candidates":[]}],[]],[[{"start":0,"end":5,"url":null,"entity_id":"Q25158881","candidates":[]}],[{"start":0,"end":9,"url":null,"entity_id":"Q3724","candidates":[]}],[]],[[{"start":0,"end":7,"url":null,"entity_id":"Q25158879","candidates":[]}],[{"start":0,"end":9,"url":null,"entity_id":"Q3724","candidates":[]}],[]],[[{"start":0,"end":11,"url":null,"entity_id":"Q25158813","candidates":[]}],[{"start":0,"end":9,"url":null,"entity_id":"Q3724","candidates":[]}],[]],[[{"start":0,"end":7,"url":null,"entity_id":"Q25154201","candidates":[]}],[{"start":0,"end":9,"url":null,"entity_id":"Q3586","candidates":[]}],[]],[[{"start":0,"end":10,"url":null,"entity_id":"Q25163813","candidates":[]}],[{"start":0,"end":12,"url":null,"entity_id":"Q3557","candidates":[]}],[]],[[{"start":0,"end":12,"url":null,"entity_id":"Q25161914","candidates":[]}],[{"start":0,"end":12,"url":null,"entity_id":"Q3557","candidates":[]}],[]],[[{"start":0,"end":8,"url":null,"entity_id":"Q25161893","candidates":[]}],[{"start":0,"end":12,"url":null,"entity_id":"Q3557","candidates":[]}],[]],[[{"start":0,"end":5,"url":null,"entity_id":"Q25161792","candidates":[]}],[{"start":0,"end":12,"url":null,"entity_id":"Q3557","candidates":[]}],[]],[[{"start":0,"end":12,"url":null,"entity_id":"Q25161790","candidates":[]}],[{"start":0,"end":12,"url":null,"entity_id":"Q3557","candidates":[]}],[]],[[{"start":0,"end":4,"url":null,"entity_id":"Q25159848","candidates":[]}],[{"start":0,"end":12,"url":null,"entity_id":"Q3557","candidates":[]}],[]],[[{"start":0,"end":10,"url":null,"entity_id":"Q25159826","candidates":[]}],[{"start":0,"end":12,"url":null,"entity_id":"Q3557","candidates":[]}],[]],[[{"start":0,"end":9,"url":null,"entity_id":"Q25159824","candidates":[]}],[{"start":0,"end":12,"url":null,"entity_id":"Q3557","candidates":[]}],[]],[[{"start":0,"end":6,"url":null,"entity_id":"Q25159815","candidates":[]}],[{"start":0,"end":12,"url":null,"entity_id":"Q3557","candidates":[]}],[]],[[{"start":0,"end":7,"url":null,"entity_id":"Q25159647","candidates":[]}],[{"start":0,"end":12,"url":null,"entity_id":"Q3557","candidates":[]}],[]],[[{"start":0,"end":7,"url":null,"entity_id":"Q25159642","candidates":[]}],[{"start":0,"end":12,"url":null,"entity_id":"Q3557","candidates":[]}],[]],[[{"start":0,"end":5,"url":null,"entity_id":"Q25159626","candidates":[]}],[{"start":0,"end":12,"url":null,"entity_id":"Q3557","candidates":[]}],[]],[[{"start":0,"end":6,"url":null,"entity_id":"Q25159506","candidates":[]}],[{"start":0,"end":12,"url":null,"entity_id":"Q3557","candidates":[]}],[]],[[{"start":0,"end":5,"url":null,"entity_id":"Q25159505","candidates":[]}],[{"start":0,"end":12,"url":null,"entity_id":"Q3557","candidates":[]}],[]],[[{"start":0,"end":5,"url":null,"entity_id":"Q25159469","candidates":[]}],[{"start":0,"end":12,"url":null,"entity_id":"Q3557","candidates":[]}],[]],[[{"start":0,"end":9,"url":null,"entity_id":"Q25159210","candidates":[]}],[{"start":0,"end":12,"url":null,"entity_id":"Q3557","candidates":[]}],[]],[[{"start":0,"end":9,"url":null,"entity_id":"Q25159209","candidates":[]}],[{"start":0,"end":12,"url":null,"entity_id":"Q3557","candidates":[]}],[]],[[{"start":0,"end":9,"url":null,"entity_id":"Q25154014","candidates":[]}],[{"start":0,"end":12,"url":null,"entity_id":"Q3557","candidates":[]}],[]],[[{"start":0,"end":8,"url":null,"entity_id":"Q25154008","candidates":[]}],[{"start":0,"end":12,"url":null,"entity_id":"Q3557","candidates":[]}],[]],[[{"start":0,"end":5,"url":null,"entity_id":"Q25153833","candidates":[]}],[{"start":0,"end":12,"url":null,"entity_id":"Q3557","candidates":[]}],[]],[[{"start":0,"end":12,"url":null,"entity_id":"Q25153762","candidates":[]}],[{"start":0,"end":12,"url":null,"entity_id":"Q3557","candidates":[]}],[]],[[{"start":0,"end":8,"url":null,"entity_id":"Q25153689","candidates":[]}],[{"start":0,"end":12,"url":null,"entity_id":"Q3557","candidates":[]}],[]],[[{"start":0,"end":6,"url":null,"entity_id":"Q25153562","candidates":[]}],[{"start":0,"end":12,"url":null,"entity_id":"Q3557","candidates":[]}],[]],[[{"start":0,"end":8,"url":null,"entity_id":"Q25153527","candidates":[]}],[{"start":0,"end":12,"url":null,"entity_id":"Q3557","candidates":[]}],[]],[[{"start":0,"end":6,"url":null,"entity_id":"Q25158910","candidates":[]}],[{"start":0,"end":9,"url":null,"entity_id":"Q3724","candidates":[]}],[]]]}