{"version":"1.2","table":{"version":"2","table_id":"AID9F2NI","columns":[{"index":0,"name":"col0","values":["Notebook 35 [Erwin Raisz notebooks]","Notebook 34 [Erwin Raisz notebooks]","Notebook 32 [Erwin Raisz notebooks]","Notebook 25 [Erwin Raisz notebooks]","Notebook 13 [Erwin Raisz notebooks]","Notebook 12 [Erwin Raisz notebooks]","Notebook 10 [Erwin Raisz notebooks]","Notebook 46 [Erwin Raisz notebooks]","Notebook 30 [Erwin Raisz notebooks]","Notebook 28 [Erwin Raisz notebooks]","Layla visits Majnun among the animals","Layla and Majnun","Page from a manuscript with Queen Trishala reclining","Sam before Manuchihr","Notitia dignitatum, etc.","The fire ordeal of Siyavush","Kay Kavus on his flying machine","The disrobing of Draupadi","Record of Famous Sights of the Tōkaidō Road, volume 4","Record of Famous Sights of the Tōkaidō Road, volume 3"]},{"index":1,"name":"col1","values":["1953-06-30","1951-07-03","1949-12-31","1946-07-04","1932-07-23","1932-07-13","1930-04-12","1963-04-16","1949-02-01","1947-08-11","1751-01-01","1501-01-01","1451-01-01","1600-01-01","1436-01-01","1625-01-01","1552-01-01","1760-01-01","1700-01-01","1700-01-01"]},{"index":2,"name":"col2","values":["United States of America","United States of America","United States of America","United States of America","United States of America","United States of America","United States of America","Canada","Canada","Canada","Layla bint Mahdi","Layla bint Mahdi","Trishala","Manuchihr","Taijitu","Siyâvash","Kay Kāvus","Draupadi","Tōkaidō","Tōkaidō"]}]},"context":{"page_title":null,"page_url":null,"page_entity_id":null,"content_hierarchy":[]},"links":[[[{"start":0,"end":35,"url":null,"entity_id":"Q62564083","candidates":[]}],[],[{"start":0,"end":24,"url":null,"entity_id":"Q30","candidates":[]}]],[[{"start":0,"end":35,"url":null,"entity_id":"Q62564081","candidates":[]}],[],[{"start":0,"end":24,"url":null,"entity_id":"Q30","candidates":[]}]],[[{"start":0,"end":35,"url":null,"entity_id":"Q62564074","candidates":[]}],[],[{"start":0,"end":24,"url":null,"entity_id":"Q30","candidates":[]}]],[[{"start":0,"end":35,"url":null,"entity_id":"Q62564060","candidates":[]}],[],[{"start":0,"end":24,"url":null,"entity_id":"Q30","candidates":[]}]],[[{"start":0,"end":35,"url":null,"entity_id":"Q62564059","candidates":[]}],[],[{"start":0,"end":24,"url":null,"entity_id":"Q30","candidates":[]}]],[[{"start":0,"end":35,"url":null,"entity_id":"Q62564057","candidates":[]}],[],[{"start":0,"end":24,"url":null,"entity_id":"Q30","candidates":[]}]],[[{"start":0,"end":35,"url":null,"entity_id":"Q62564096","candidates":[]}],[],[{"start":0,"end":6,"url":null,"entity_id":"Q16","candidates":[]}]],[[{"start":0,"end":35,"url":null,"entity_id":"Q62564079","candidates":[]}],[],[{"start":0,"end":6,"url":null,"entity_id":"Q16","candidates":[]}]],[[{"start":0,"end":35,"url":null,"entity_id":"Q62564077","candidates":[]}],[],[{"start":0,"end":6,"url":null,"entity_id":"Q16","candidates":[]}]],[[{"start":0,"end":37,"url":null,"entity_id":"Q50813142","candidates":[]}],[],[{"start":0,"end":16,"url":null,"entity_id":"Q10555340","candidates":[]}]],[[{"start":0,"end":16,"url":null,"entity_id":"Q50811587","candidates":[]}],[],[{"start":0,"end":16,"url":null,"entity_id":"Q10555340","candidates":[]}]],[[{"start":0,"end":52,"url":null,"entity_id":"Q50811568","candidates":[]}],[],[{"start":0,"end":8,"url":null,"entity_id":"Q7844032","candidates":[]}]],[[{"start":0,"end":20,"url":null,"entity_id":"Q50811817","candidates":[]}],[],[{"start":0,"end":9,"url":null,"entity_id":"Q3111779","candidates":[]}]],[[{"start":0,"end":24,"url":null,"entity_id":"Q54960789","candidates":[]}],[],[{"start":0,"end":7,"url":null,"entity_id":"Q1465408","candidates":[]}]],[[{"start":0,"end":27,"url":null,"entity_id":"Q50812023","candidates":[]}],[],[{"start":0,"end":8,"url":null,"entity_id":"Q1338926","candidates":[]}]],[[{"start":0,"end":31,"url":null,"entity_id":"Q50811614","candidates":[]}],[],[{"start":0,"end":9,"url":null,"entity_id":"Q1338913","candidates":[]}]],[[{"start":0,"end":25,"url":null,"entity_id":"Q50812963","candidates":[]}],[],[{"start":0,"end":8,"url":null,"entity_id":"Q1057886","candidates":[]}]],[[{"start":0,"end":53,"url":null,"entity_id":"Q50812662","candidates":[]}],[],[{"start":0,"end":7,"url":null,"entity_id":"Q963514","candidates":[]}]],[[{"start":0,"end":53,"url":null,"entity_id":"Q50812661","candidates":[]}],[],[{"start":0,"end":7,"url":null,"entity_id":"Q963514","candidates":[]}]],[[{"start":0,"end":35,"url":null,"entity_id":"Q62564084","candidates":[]}],[],[{"start":0,"end":24,"url":null,"entity_id":"Q30","candidates":[]}]]]}