{"version":"1.2","table":{"version":"2","table_id":"AJU6NMYH","columns":[{"index":0,"name":"col0","values":["Friedrich-Theater","Gasolin-Raffinerie Dollbergen","Kenyon Peel Hall","Tauentzien-Tageskino","Herzogliches Hoftheater","National Theatre","Loew's Orpheum Theatre","Gramercy Theater","Film Forum 1 & 2","Century Theatre","Phoenix Theatre","Hudson Theatre","York Theatre","Ufa-Palast","Strand Theatre","Casino Theatre","Hippodrome Cinema","Strand Theatre","Paris Theater","Corinth Cinema"]},{"index":1,"name":"col1","values":["Dessau","Dollbergen","Little Hulton","Berlin-Schöneberg","Dessau","Erzsébetváros","Upper East Side","Gramercy Park","SoHo","Bedford–Stuyvesant","Upper East Side","Washington Heights","Upper East Side","Hamburg-Neustadt","West Town","Chicago Loop","Earlestown","Chicago Loop","Chicago Loop","Hayes"]},{"index":2,"name":"col2","values":["Herzogliches Hoftheater","Avista Oil","Peel Hall","Tauentzienpalast","Friedrich-Theater","National Theatre","Orpheum Theatre","Gramercy Theatre","Film Forum","Shubert Theatre","Phoenix Theatre","Hudson Theatre","York Theatre","Ufa Palast","Strand Theatre","Casino Theater","Hippodrome","Strand Theatre","Paris Theater","Savoy Cinema"]}]},"context":{"page_title":null,"page_url":null,"page_entity_id":null,"content_hierarchy":[]},"links":[[[{"start":0,"end":29,"url":null,"entity_id":"Q53513418","candidates":[]}],[{"start":0,"end":10,"url":null,"entity_id":"Q1235702","candidates":[]}],[{"start":0,"end":10,"url":null,"entity_id":"Q28344682","candidates":[]}]],[[{"start":0,"end":16,"url":null,"entity_id":"Q61862831","candidates":[]}],[{"start":0,"end":13,"url":null,"entity_id":"Q6650377","candidates":[]}],[{"start":0,"end":9,"url":null,"entity_id":"Q26509886","candidates":[]}]],[[{"start":0,"end":20,"url":null,"entity_id":"Q47036396","candidates":[]}],[{"start":0,"end":17,"url":null,"entity_id":"Q313189","candidates":[]}],[{"start":0,"end":16,"url":null,"entity_id":"Q25089244","candidates":[]}]],[[{"start":0,"end":23,"url":null,"entity_id":"Q60617135","candidates":[]}],[{"start":0,"end":6,"url":null,"entity_id":"Q487070","candidates":[]}],[{"start":0,"end":17,"url":null,"entity_id":"Q60799913","candidates":[]}]],[[{"start":0,"end":16,"url":null,"entity_id":"Q62129086","candidates":[]}],[{"start":0,"end":13,"url":null,"entity_id":"Q284541","candidates":[]}],[{"start":0,"end":16,"url":null,"entity_id":"Q1187508","candidates":[]}]],[[{"start":0,"end":22,"url":null,"entity_id":"Q45099572","candidates":[]}],[{"start":0,"end":15,"url":null,"entity_id":"Q455587","candidates":[]}],[{"start":0,"end":15,"url":null,"entity_id":"Q7103965","candidates":[]}]],[[{"start":0,"end":16,"url":null,"entity_id":"Q45092860","candidates":[]}],[{"start":0,"end":13,"url":null,"entity_id":"Q1191972","candidates":[]}],[{"start":0,"end":16,"url":null,"entity_id":"Q5593640","candidates":[]}]],[[{"start":0,"end":16,"url":null,"entity_id":"Q45037427","candidates":[]}],[{"start":0,"end":4,"url":null,"entity_id":"Q461572","candidates":[]}],[{"start":0,"end":10,"url":null,"entity_id":"Q5448940","candidates":[]}]],[[{"start":0,"end":15,"url":null,"entity_id":"Q45032101","candidates":[]}],[{"start":0,"end":18,"url":null,"entity_id":"Q1156982","candidates":[]}],[{"start":0,"end":15,"url":null,"entity_id":"Q1797756","candidates":[]}]],[[{"start":0,"end":15,"url":null,"entity_id":"Q45099951","candidates":[]}],[{"start":0,"end":15,"url":null,"entity_id":"Q455587","candidates":[]}],[{"start":0,"end":15,"url":null,"entity_id":"Q30600719","candidates":[]}]],[[{"start":0,"end":14,"url":null,"entity_id":"Q45094945","candidates":[]}],[{"start":0,"end":18,"url":null,"entity_id":"Q1370292","candidates":[]}],[{"start":0,"end":14,"url":null,"entity_id":"Q10526870","candidates":[]}]],[[{"start":0,"end":12,"url":null,"entity_id":"Q45101146","candidates":[]}],[{"start":0,"end":15,"url":null,"entity_id":"Q455587","candidates":[]}],[{"start":0,"end":12,"url":null,"entity_id":"Q8055572","candidates":[]}]],[[{"start":0,"end":10,"url":null,"entity_id":"Q69496617","candidates":[]}],[{"start":0,"end":16,"url":null,"entity_id":"Q1554","candidates":[]}],[{"start":0,"end":10,"url":null,"entity_id":"Q34379156","candidates":[]}]],[[{"start":0,"end":14,"url":null,"entity_id":"Q42539426","candidates":[]}],[{"start":0,"end":9,"url":null,"entity_id":"Q3567449","candidates":[]}],[{"start":0,"end":14,"url":null,"entity_id":"Q42538167","candidates":[]}]],[[{"start":0,"end":14,"url":null,"entity_id":"Q42537993","candidates":[]}],[{"start":0,"end":12,"url":null,"entity_id":"Q70626","candidates":[]}],[{"start":0,"end":14,"url":null,"entity_id":"Q42536503","candidates":[]}]],[[{"start":0,"end":17,"url":null,"entity_id":"Q41560680","candidates":[]}],[{"start":0,"end":10,"url":null,"entity_id":"Q1748301","candidates":[]}],[{"start":0,"end":10,"url":null,"entity_id":"Q31679754","candidates":[]}]],[[{"start":0,"end":14,"url":null,"entity_id":"Q42538167","candidates":[]}],[{"start":0,"end":12,"url":null,"entity_id":"Q70626","candidates":[]}],[{"start":0,"end":14,"url":null,"entity_id":"Q42539426","candidates":[]}]],[[{"start":0,"end":13,"url":null,"entity_id":"Q42538080","candidates":[]}],[{"start":0,"end":12,"url":null,"entity_id":"Q70626","candidates":[]}],[{"start":0,"end":13,"url":null,"entity_id":"Q42538982","candidates":[]}]],[[{"start":0,"end":14,"url":null,"entity_id":"Q42117048","candidates":[]}],[{"start":0,"end":5,"url":null,"entity_id":"Q678138","candidates":[]}],[{"start":0,"end":12,"url":null,"entity_id":"Q42117041","candidates":[]}]],[[{"start":0,"end":17,"url":null,"entity_id":"Q60799913","candidates":[]}],[{"start":0,"end":6,"url":null,"entity_id":"Q487070","candidates":[]}],[{"start":0,"end":23,"url":null,"entity_id":"Q60617135","candidates":[]}]]]}