{"version":"1.2","table":{"version":"2","table_id":"AK4LM6TU","columns":[{"index":0,"name":"col0","values":["2MASS J20173903+3804143","ROTSE1 J183327.02+405925.4","ROTSE1 J182759.39+410212.8","ROTSE1 J135058.20+263320.8","BD+08 2750","Cl* NGC 5139 B V92","2MASS J19284396+4112456","ROTSE1 J175945.41+313519.3","ROTSE1 J174817.71+334046.1","ROTSE1 J173732.92+261253.2","ROTSE1 J193106.88+435256.5","HD 150792","ROTSE1 J164556.26+235808.6","IRAS 16414+2349","ROTSE1 J164611.57+360937.9","V* V1048 Cen","ROTSE1 J155123.71+374231.8","ROTSE1 J171458.72+231344.2","TYC 8957-1819-1","TYC 8152-1422-1"]},{"index":1,"name":"col1","values":["0.163","0.2799","0.0858","12.4691","0.51","0.0336","2.9581","0.0131","0.192","0.1594","0.2869","0.6894","1.6739","0.5031","0.1048","0.4369","16.969","0.1552","0.1172","0.2282"]},{"index":2,"name":"col2","values":["38.070631254101","40.9904099517232","41.0370877459525","26.555495338628","8.1692872849555","-47.3541022844394","41.2126692377788","31.588434568673","33.6793846644079","26.2151611069959","43.8823437064858","-41.4829858286281","23.9703829215532","23.7407484765375","36.1607132649228","-59.4287044490373","37.7089552671675","23.2287909695598","-61.520078706666","-46.4539814347335"]},{"index":3,"name":"col3","values":["-27.39","-21.1","-99.12","1.45","-15.01","215.5","-19.8","-142.42","-33.31","-142.28","-57.49","-224.19","57.65","59.03","66.58","-30.15","-18.86","-200.44","3.37","50.4"]},{"index":4,"name":"col4","values":["304.4126712129095","278.3625809465184","276.9972159372196","207.742441439202","205.6038431143547","201.5617597023153","292.1832011270394","269.9396036777438","267.0739038869677","264.3872047355552","292.7791414422788","251.2773013468711","251.4848652006169","250.8821387205825","251.5484665482381","172.1777648689387","237.8490911116845","258.7448716456228","160.7502363711733","132.4630649990522"]}]},"context":{"page_title":null,"page_url":null,"page_entity_id":null,"content_hierarchy":[]},"links":[[[{"start":0,"end":26,"url":null,"entity_id":"Q85013164","candidates":[]}],[],[],[],[]],[[{"start":0,"end":26,"url":null,"entity_id":"Q85012837","candidates":[]}],[],[],[],[]],[[{"start":0,"end":26,"url":null,"entity_id":"Q84926965","candidates":[]}],[],[],[],[]],[[{"start":0,"end":10,"url":null,"entity_id":"Q84919527","candidates":[]}],[],[],[],[]],[[{"start":0,"end":18,"url":null,"entity_id":"Q84621247","candidates":[]}],[],[],[],[]],[[{"start":0,"end":23,"url":null,"entity_id":"Q84193089","candidates":[]}],[],[],[],[]],[[{"start":0,"end":26,"url":null,"entity_id":"Q84059763","candidates":[]}],[],[],[],[]],[[{"start":0,"end":26,"url":null,"entity_id":"Q84059247","candidates":[]}],[],[],[],[]],[[{"start":0,"end":26,"url":null,"entity_id":"Q86660027","candidates":[]}],[],[],[],[]],[[{"start":0,"end":26,"url":null,"entity_id":"Q86451730","candidates":[]}],[],[],[],[]],[[{"start":0,"end":9,"url":null,"entity_id":"Q86316223","candidates":[]}],[],[],[],[]],[[{"start":0,"end":26,"url":null,"entity_id":"Q86248990","candidates":[]}],[],[],[],[]],[[{"start":0,"end":15,"url":null,"entity_id":"Q86248988","candidates":[]}],[],[],[],[]],[[{"start":0,"end":26,"url":null,"entity_id":"Q86183232","candidates":[]}],[],[],[],[]],[[{"start":0,"end":12,"url":null,"entity_id":"Q86122854","candidates":[]}],[],[],[],[]],[[{"start":0,"end":26,"url":null,"entity_id":"Q86023167","candidates":[]}],[],[],[],[]],[[{"start":0,"end":26,"url":null,"entity_id":"Q85936487","candidates":[]}],[],[],[],[]],[[{"start":0,"end":15,"url":null,"entity_id":"Q85794500","candidates":[]}],[],[],[],[]],[[{"start":0,"end":15,"url":null,"entity_id":"Q85794469","candidates":[]}],[],[],[],[]],[[{"start":0,"end":23,"url":null,"entity_id":"Q85086083","candidates":[]}],[],[],[],[]]]}