{"version":"1.2","table":{"version":"2","table_id":"ALF8SYQT","columns":[{"index":0,"name":"col0","values":["2MASS J00595306-3343583","2MASS J00595586-3345435","2MASS J01001759-3346552","2MASS J10390537-1104472","2MASS J10400360-1122115","2MASS J10390909-1109062","HD 219553","HD 214573","HD 209788","HD 206354","HD 205972","HD 204447","HD 188057","HD 187878","HD 186641","HD 184148","HD 181827","HD 177151","HD 175955","HD 171427"]},{"index":1,"name":"col1","values":["18.47","18.356","18.038","11.39","11.817","11.1","7.25","7.37","7.14","7.18","7.24","7.16","7.26","7.13","7.34","7.17","7.19","7.04","7.02","7.21"]},{"index":2,"name":"col2","values":["-0.404","0.075","-0.482","-4.47","-13.193","-14.144","-50.105","-63.488","-169.457","53","-57.743","-32.741","-3.199","20.475","-54.24","-7.195","16.614","-26.96","-58.887","1.765"]}]},"context":{"page_title":null,"page_url":null,"page_entity_id":null,"content_hierarchy":[]},"links":[[[{"start":0,"end":23,"url":null,"entity_id":"Q75104107","candidates":[]}],[],[]],[[{"start":0,"end":23,"url":null,"entity_id":"Q75103790","candidates":[]}],[],[]],[[{"start":0,"end":23,"url":null,"entity_id":"Q75103748","candidates":[]}],[],[]],[[{"start":0,"end":23,"url":null,"entity_id":"Q75103703","candidates":[]}],[],[]],[[{"start":0,"end":23,"url":null,"entity_id":"Q75103388","candidates":[]}],[],[]],[[{"start":0,"end":9,"url":null,"entity_id":"Q66621660","candidates":[]}],[],[]],[[{"start":0,"end":9,"url":null,"entity_id":"Q66621659","candidates":[]}],[],[]],[[{"start":0,"end":9,"url":null,"entity_id":"Q66621658","candidates":[]}],[],[]],[[{"start":0,"end":9,"url":null,"entity_id":"Q66621657","candidates":[]}],[],[]],[[{"start":0,"end":9,"url":null,"entity_id":"Q66621656","candidates":[]}],[],[]],[[{"start":0,"end":9,"url":null,"entity_id":"Q66621655","candidates":[]}],[],[]],[[{"start":0,"end":9,"url":null,"entity_id":"Q66621654","candidates":[]}],[],[]],[[{"start":0,"end":9,"url":null,"entity_id":"Q66621652","candidates":[]}],[],[]],[[{"start":0,"end":9,"url":null,"entity_id":"Q66621649","candidates":[]}],[],[]],[[{"start":0,"end":9,"url":null,"entity_id":"Q66621648","candidates":[]}],[],[]],[[{"start":0,"end":9,"url":null,"entity_id":"Q66621647","candidates":[]}],[],[]],[[{"start":0,"end":9,"url":null,"entity_id":"Q66621646","candidates":[]}],[],[]],[[{"start":0,"end":9,"url":null,"entity_id":"Q66621645","candidates":[]}],[],[]],[[{"start":0,"end":9,"url":null,"entity_id":"Q66621644","candidates":[]}],[],[]],[[{"start":0,"end":23,"url":null,"entity_id":"Q75104446","candidates":[]}],[],[]]]}