{"version":"1.2","table":{"version":"2","table_id":"ARJ646LG","columns":[{"index":0,"name":"col0","values":["Tampa Bay Buceaneers","tlanta Falcons","New Orleans Scints","Detroit Liont","Minnesta Vikings","Grfn Bay Packers","San Francisco 49erv","Lot Angeles Rams","Arizrna Cardinals","Seattle Seahaks","Philadelpia Eagles","Washington Redskns","Fallas Cowboys","New York Giantt","Ls#Vegas Raiders","LosAngelesChargers","Kansas Dity Chiefs","Denver\"Brqnos","Tenpessee Titans","Jacksopville Jaguars"]},{"index":1,"name":"col1","values":["NFC South","NFC South","NFC South","NFC North","NFC North","NFC North","NFC West","NFC West","NFC West","NFC West","NFC East","NFC East","NFC East","NFC East","AFC West","AFC West","AFC West","AFC West","AFC South","AFC South"]},{"index":2,"name":"col2","values":["National Football League","National Football League","National Football League","National Football League","National Football League","National Football League","National Football League","National Football League","National Football League","National Football League","National Football League","National Football League","National Football League","National Football League","National Football League","National Football League","National Football League","National Football League","National Football League","National Football League"]}]},"context":{"page_title":null,"page_url":null,"page_entity_id":null,"content_hierarchy":[]},"links":[[[{"start":0,"end":14,"url":null,"entity_id":"Q272059","candidates":[]}],[{"start":0,"end":9,"url":null,"entity_id":"Q934745","candidates":[]}],[{"start":0,"end":24,"url":null,"entity_id":"Q1215884","candidates":[]}]],[[{"start":0,"end":18,"url":null,"entity_id":"Q172435","candidates":[]}],[{"start":0,"end":9,"url":null,"entity_id":"Q934745","candidates":[]}],[{"start":0,"end":24,"url":null,"entity_id":"Q1215884","candidates":[]}]],[[{"start":0,"end":13,"url":null,"entity_id":"Q271880","candidates":[]}],[{"start":0,"end":9,"url":null,"entity_id":"Q925668","candidates":[]}],[{"start":0,"end":24,"url":null,"entity_id":"Q1215884","candidates":[]}]],[[{"start":0,"end":16,"url":null,"entity_id":"Q221150","candidates":[]}],[{"start":0,"end":9,"url":null,"entity_id":"Q925668","candidates":[]}],[{"start":0,"end":24,"url":null,"entity_id":"Q1215884","candidates":[]}]],[[{"start":0,"end":16,"url":null,"entity_id":"Q213837","candidates":[]}],[{"start":0,"end":9,"url":null,"entity_id":"Q925668","candidates":[]}],[{"start":0,"end":24,"url":null,"entity_id":"Q1215884","candidates":[]}]],[[{"start":0,"end":19,"url":null,"entity_id":"Q337758","candidates":[]}],[{"start":0,"end":8,"url":null,"entity_id":"Q747915","candidates":[]}],[{"start":0,"end":24,"url":null,"entity_id":"Q1215884","candidates":[]}]],[[{"start":0,"end":16,"url":null,"entity_id":"Q337377","candidates":[]}],[{"start":0,"end":8,"url":null,"entity_id":"Q747915","candidates":[]}],[{"start":0,"end":24,"url":null,"entity_id":"Q1215884","candidates":[]}]],[[{"start":0,"end":17,"url":null,"entity_id":"Q224164","candidates":[]}],[{"start":0,"end":8,"url":null,"entity_id":"Q747915","candidates":[]}],[{"start":0,"end":24,"url":null,"entity_id":"Q1215884","candidates":[]}]],[[{"start":0,"end":15,"url":null,"entity_id":"Q221878","candidates":[]}],[{"start":0,"end":8,"url":null,"entity_id":"Q747915","candidates":[]}],[{"start":0,"end":24,"url":null,"entity_id":"Q1215884","candidates":[]}]],[[{"start":0,"end":18,"url":null,"entity_id":"Q219714","candidates":[]}],[{"start":0,"end":8,"url":null,"entity_id":"Q594428","candidates":[]}],[{"start":0,"end":24,"url":null,"entity_id":"Q1215884","candidates":[]}]],[[{"start":0,"end":18,"url":null,"entity_id":"Q212654","candidates":[]}],[{"start":0,"end":8,"url":null,"entity_id":"Q594428","candidates":[]}],[{"start":0,"end":24,"url":null,"entity_id":"Q1215884","candidates":[]}]],[[{"start":0,"end":14,"url":null,"entity_id":"Q204862","candidates":[]}],[{"start":0,"end":8,"url":null,"entity_id":"Q594428","candidates":[]}],[{"start":0,"end":24,"url":null,"entity_id":"Q1215884","candidates":[]}]],[[{"start":0,"end":15,"url":null,"entity_id":"Q190618","candidates":[]}],[{"start":0,"end":8,"url":null,"entity_id":"Q594428","candidates":[]}],[{"start":0,"end":24,"url":null,"entity_id":"Q1215884","candidates":[]}]],[[{"start":0,"end":16,"url":null,"entity_id":"Q324523","candidates":[]}],[{"start":0,"end":8,"url":null,"entity_id":"Q431944","candidates":[]}],[{"start":0,"end":24,"url":null,"entity_id":"Q1215884","candidates":[]}]],[[{"start":0,"end":18,"url":null,"entity_id":"Q272220","candidates":[]}],[{"start":0,"end":8,"url":null,"entity_id":"Q431944","candidates":[]}],[{"start":0,"end":24,"url":null,"entity_id":"Q1215884","candidates":[]}]],[[{"start":0,"end":18,"url":null,"entity_id":"Q223522","candidates":[]}],[{"start":0,"end":8,"url":null,"entity_id":"Q431944","candidates":[]}],[{"start":0,"end":24,"url":null,"entity_id":"Q1215884","candidates":[]}]],[[{"start":0,"end":13,"url":null,"entity_id":"Q223507","candidates":[]}],[{"start":0,"end":8,"url":null,"entity_id":"Q431944","candidates":[]}],[{"start":0,"end":24,"url":null,"entity_id":"Q1215884","candidates":[]}]],[[{"start":0,"end":16,"url":null,"entity_id":"Q320484","candidates":[]}],[{"start":0,"end":9,"url":null,"entity_id":"Q431925","candidates":[]}],[{"start":0,"end":24,"url":null,"entity_id":"Q1215884","candidates":[]}]],[[{"start":0,"end":20,"url":null,"entity_id":"Q272223","candidates":[]}],[{"start":0,"end":9,"url":null,"entity_id":"Q431925","candidates":[]}],[{"start":0,"end":24,"url":null,"entity_id":"Q1215884","candidates":[]}]],[[{"start":0,"end":20,"url":null,"entity_id":"Q320476","candidates":[]}],[{"start":0,"end":9,"url":null,"entity_id":"Q934745","candidates":[]}],[{"start":0,"end":24,"url":null,"entity_id":"Q1215884","candidates":[]}]]]}