{"version":"1.2","table":{"version":"2","table_id":"ASG7G54W","columns":[{"index":0,"name":"col0","values":["Cellers","Cassibrós","Boldú","Bellveí","Amorós","Altadill","Alta-riba","Alentorn","Alberola","Nas","L'Estrada","Sant Pol","Ratera","Sant Sebastià dels Gorgs","Gerb","Viliella","Vilademires","Melió","Llorenç de Rocafort","Llanera"]},{"index":1,"name":"col1","values":["396","958","266","412","755","755","664","380","661","1225","723","39","412","212","244","1563","180","670","8849","603"]},{"index":2,"name":"col2","values":["29","24","247","41","13","0","13","125","12","6","83","29","9","87","599","18","34","6","100000","15"]}]},"context":{"page_title":null,"page_url":null,"page_entity_id":null,"content_hierarchy":[]},"links":[[[{"start":0,"end":9,"url":null,"entity_id":"Q11912961","candidates":[]}],[],[]],[[{"start":0,"end":5,"url":null,"entity_id":"Q11909577","candidates":[]}],[],[]],[[{"start":0,"end":7,"url":null,"entity_id":"Q11908948","candidates":[]}],[],[]],[[{"start":0,"end":6,"url":null,"entity_id":"Q11905377","candidates":[]}],[],[]],[[{"start":0,"end":8,"url":null,"entity_id":"Q11905162","candidates":[]}],[],[]],[[{"start":0,"end":9,"url":null,"entity_id":"Q11905154","candidates":[]}],[],[]],[[{"start":0,"end":8,"url":null,"entity_id":"Q11904875","candidates":[]}],[],[]],[[{"start":0,"end":8,"url":null,"entity_id":"Q11904751","candidates":[]}],[],[]],[[{"start":0,"end":3,"url":null,"entity_id":"Q11789827","candidates":[]}],[],[]],[[{"start":0,"end":9,"url":null,"entity_id":"Q11752225","candidates":[]}],[],[]],[[{"start":0,"end":8,"url":null,"entity_id":"Q11703548","candidates":[]}],[],[]],[[{"start":0,"end":6,"url":null,"entity_id":"Q11702189","candidates":[]}],[],[]],[[{"start":0,"end":24,"url":null,"entity_id":"Q11693397","candidates":[]}],[],[]],[[{"start":0,"end":4,"url":null,"entity_id":"Q11682081","candidates":[]}],[],[]],[[{"start":0,"end":8,"url":null,"entity_id":"Q9368754","candidates":[]}],[],[]],[[{"start":0,"end":11,"url":null,"entity_id":"Q9368734","candidates":[]}],[],[]],[[{"start":0,"end":5,"url":null,"entity_id":"Q11936421","candidates":[]}],[],[]],[[{"start":0,"end":19,"url":null,"entity_id":"Q11933531","candidates":[]}],[],[]],[[{"start":0,"end":7,"url":null,"entity_id":"Q11932060","candidates":[]}],[],[]],[[{"start":0,"end":7,"url":null,"entity_id":"Q11913397","candidates":[]}],[],[]]]}