{"version":"1.2","table":{"version":"2","table_id":"AUKLKZZI","columns":[{"index":0,"name":"col0","values":["Wissa Wewa","Swan Lakg, Yerevan","Paunkül Teservoir","Lake Mäniku","Bernsteinsee(Stüde)","Uankumsee","Blausteisee","Aussenmuehlentich","Oberschleißjeim Regatta Course","Kcnurka","Rutland Watr","Étangs de Holland","lac des#Minims","lad Daumesnil","lac de Gravele","lac e Saint-Mandé","Lac de Villefor","Tête dOr Lake","Idrqscalo di Milano","Lago Ex NIA"]},{"index":1,"name":"col1","values":["159.36","2504.94","421.46059999999994","117.55199999999999","9.481","62.124","101.0","0.1313","0.3140732","8.158999999999999","10.957739999999998","1.003","0.059519999999999997","0.11879999999999999","0.009980000000000001","0.01503","1.2738099999999999","0.17034000000000002","1.5952000000000002","9970.0"]},{"index":2,"name":"col2","values":["Anuradhapura","Yerevan","Kose Rural Municipality","Saku Rural Municipality","Sassenburg","Gifhorn","Eschweiler","Harburg","Bavaria","Yashkulsky District","Rutland","Saint-Léger-en-Yvelines","12th arrondissement of Paris","12th arrondissement of Paris","12th arrondissement of Paris","12th arrondissement of Paris","Lozère","6th arrondissement of Lyon","Segrate","Rome"]},{"index":3,"name":"col3","values":["Sri Lanka","Armenia","Estonia","Estonia","Germany","Germany","Germany","Germany","Germany","Russia","United Kingdom","France","France","France","France","France","France","France","Italy","Italy"]}]},"context":{"page_title":null,"page_url":null,"page_entity_id":null,"content_hierarchy":[]},"links":[[[{"start":0,"end":18,"url":null,"entity_id":"Q20515955","candidates":[]}],[],[{"start":0,"end":7,"url":null,"entity_id":"Q1953","candidates":[]}],[{"start":0,"end":7,"url":null,"entity_id":"Q399","candidates":[]}]],[[{"start":0,"end":17,"url":null,"entity_id":"Q3742798","candidates":[]}],[],[{"start":0,"end":23,"url":null,"entity_id":"Q992983","candidates":[]}],[{"start":0,"end":7,"url":null,"entity_id":"Q191","candidates":[]}]],[[{"start":0,"end":11,"url":null,"entity_id":"Q6477054","candidates":[]}],[],[{"start":0,"end":23,"url":null,"entity_id":"Q527669","candidates":[]}],[{"start":0,"end":7,"url":null,"entity_id":"Q191","candidates":[]}]],[[{"start":0,"end":19,"url":null,"entity_id":"Q826842","candidates":[]}],[],[{"start":0,"end":10,"url":null,"entity_id":"Q475659","candidates":[]}],[{"start":0,"end":7,"url":null,"entity_id":"Q183","candidates":[]}]],[[{"start":0,"end":9,"url":null,"entity_id":"Q2392876","candidates":[]}],[],[{"start":0,"end":7,"url":null,"entity_id":"Q6053","candidates":[]}],[{"start":0,"end":7,"url":null,"entity_id":"Q183","candidates":[]}]],[[{"start":0,"end":11,"url":null,"entity_id":"Q883062","candidates":[]}],[],[{"start":0,"end":10,"url":null,"entity_id":"Q4083","candidates":[]}],[{"start":0,"end":7,"url":null,"entity_id":"Q183","candidates":[]}]],[[{"start":0,"end":17,"url":null,"entity_id":"Q19259871","candidates":[]}],[],[{"start":0,"end":7,"url":null,"entity_id":"Q1635","candidates":[]}],[{"start":0,"end":7,"url":null,"entity_id":"Q183","candidates":[]}]],[[{"start":0,"end":30,"url":null,"entity_id":"Q872352","candidates":[]}],[],[{"start":0,"end":7,"url":null,"entity_id":"Q980","candidates":[]}],[{"start":0,"end":7,"url":null,"entity_id":"Q183","candidates":[]}]],[[{"start":0,"end":7,"url":null,"entity_id":"Q4212724","candidates":[]}],[],[{"start":0,"end":19,"url":null,"entity_id":"Q717061","candidates":[]}],[{"start":0,"end":6,"url":null,"entity_id":"Q159","candidates":[]}]],[[{"start":0,"end":12,"url":null,"entity_id":"Q822190","candidates":[]}],[],[{"start":0,"end":7,"url":null,"entity_id":"Q23107","candidates":[]}],[{"start":0,"end":14,"url":null,"entity_id":"Q145","candidates":[]}]],[[{"start":0,"end":17,"url":null,"entity_id":"Q288985","candidates":[]}],[],[{"start":0,"end":23,"url":null,"entity_id":"Q274844","candidates":[]}],[{"start":0,"end":6,"url":null,"entity_id":"Q142","candidates":[]}]],[[{"start":0,"end":14,"url":null,"entity_id":"Q2659603","candidates":[]}],[],[{"start":0,"end":28,"url":null,"entity_id":"Q171689","candidates":[]}],[{"start":0,"end":6,"url":null,"entity_id":"Q142","candidates":[]}]],[[{"start":0,"end":13,"url":null,"entity_id":"Q2659121","candidates":[]}],[],[{"start":0,"end":28,"url":null,"entity_id":"Q171689","candidates":[]}],[{"start":0,"end":6,"url":null,"entity_id":"Q142","candidates":[]}]],[[{"start":0,"end":14,"url":null,"entity_id":"Q2574917","candidates":[]}],[],[{"start":0,"end":28,"url":null,"entity_id":"Q171689","candidates":[]}],[{"start":0,"end":6,"url":null,"entity_id":"Q142","candidates":[]}]],[[{"start":0,"end":17,"url":null,"entity_id":"Q384109","candidates":[]}],[],[{"start":0,"end":28,"url":null,"entity_id":"Q171689","candidates":[]}],[{"start":0,"end":6,"url":null,"entity_id":"Q142","candidates":[]}]],[[{"start":0,"end":15,"url":null,"entity_id":"Q1799632","candidates":[]}],[],[{"start":0,"end":6,"url":null,"entity_id":"Q12580","candidates":[]}],[{"start":0,"end":6,"url":null,"entity_id":"Q142","candidates":[]}]],[[{"start":0,"end":13,"url":null,"entity_id":"Q17156468","candidates":[]}],[],[{"start":0,"end":26,"url":null,"entity_id":"Q3358","candidates":[]}],[{"start":0,"end":6,"url":null,"entity_id":"Q142","candidates":[]}]],[[{"start":0,"end":19,"url":null,"entity_id":"Q2239600","candidates":[]}],[],[{"start":0,"end":7,"url":null,"entity_id":"Q42902","candidates":[]}],[{"start":0,"end":5,"url":null,"entity_id":"Q38","candidates":[]}]],[[{"start":0,"end":11,"url":null,"entity_id":"Q18289671","candidates":[]}],[],[{"start":0,"end":4,"url":null,"entity_id":"Q220","candidates":[]}],[{"start":0,"end":5,"url":null,"entity_id":"Q38","candidates":[]}]],[[{"start":0,"end":10,"url":null,"entity_id":"Q20823327","candidates":[]}],[],[{"start":0,"end":12,"url":null,"entity_id":"Q5724","candidates":[]}],[{"start":0,"end":9,"url":null,"entity_id":"Q854","candidates":[]}]]]}