{"version":"1.2","table":{"version":"2","table_id":"AXT9AIKD","columns":[{"index":0,"name":"col0","values":["São Paulo","Lins","Getúlio Vargas","Bento de Abreu","Álvares Machado","Dom Feliciano","Capivari","Bálsamo","Pirassununga","Itacoatiara","Novo Airão","São João do Polêsine","Nova Pádua","Elias Fausto","São José da Coroa Grande","Paula Cândido","Pedro de Toledo","Bom Progresso","Conselheiro Lafaiete","Bom Conselho"]},{"index":1,"name":"col1","values":["1523","570.058","286.564","301.395","346.283","1356.171","322.878","150.6","726.942","8892.038","37771.378","8585","103.239","201.471","69.338","268.74","670.44","88.757","370.246","792.181"]},{"index":2,"name":"col2","values":["760","437","636","431","475","154","636","500","627","40","45","37","638","612","2","730","45","480","995","654"]},{"index":3,"name":"col3","values":["0.805","0.786","0.79","0.802","0.772","0.587","0.803","0.756","0.801","0.644","0.57","0.748","0.832","0.768","0.608","0.699","0.696","0.754","0.761","0.563"]}]},"context":{"page_title":null,"page_url":null,"page_entity_id":null,"content_hierarchy":[]},"links":[[[{"start":0,"end":4,"url":null,"entity_id":"Q1750605","candidates":[]}],[],[],[]],[[{"start":0,"end":14,"url":null,"entity_id":"Q1750452","candidates":[]}],[],[],[]],[[{"start":0,"end":14,"url":null,"entity_id":"Q1750448","candidates":[]}],[],[],[]],[[{"start":0,"end":15,"url":null,"entity_id":"Q1750446","candidates":[]}],[],[],[]],[[{"start":0,"end":13,"url":null,"entity_id":"Q1750443","candidates":[]}],[],[],[]],[[{"start":0,"end":8,"url":null,"entity_id":"Q1750439","candidates":[]}],[],[],[]],[[{"start":0,"end":7,"url":null,"entity_id":"Q1750436","candidates":[]}],[],[],[]],[[{"start":0,"end":12,"url":null,"entity_id":"Q1750431","candidates":[]}],[],[],[]],[[{"start":0,"end":11,"url":null,"entity_id":"Q1750426","candidates":[]}],[],[],[]],[[{"start":0,"end":10,"url":null,"entity_id":"Q1750332","candidates":[]}],[],[],[]],[[{"start":0,"end":20,"url":null,"entity_id":"Q1750271","candidates":[]}],[],[],[]],[[{"start":0,"end":10,"url":null,"entity_id":"Q1750269","candidates":[]}],[],[],[]],[[{"start":0,"end":12,"url":null,"entity_id":"Q1750262","candidates":[]}],[],[],[]],[[{"start":0,"end":24,"url":null,"entity_id":"Q573729","candidates":[]}],[],[],[]],[[{"start":0,"end":13,"url":null,"entity_id":"Q571111","candidates":[]}],[],[],[]],[[{"start":0,"end":15,"url":null,"entity_id":"Q570464","candidates":[]}],[],[],[]],[[{"start":0,"end":13,"url":null,"entity_id":"Q570340","candidates":[]}],[],[],[]],[[{"start":0,"end":20,"url":null,"entity_id":"Q570312","candidates":[]}],[],[],[]],[[{"start":0,"end":12,"url":null,"entity_id":"Q568749","candidates":[]}],[],[],[]],[[{"start":0,"end":9,"url":null,"entity_id":"Q174","candidates":[]}],[],[],[]]]}