{"version":"1.2","table":{"version":"2","table_id":"AZR4DEML","columns":[{"index":0,"name":"col0","values":["TYC 3599-875-1","PGC 60189","PGC 51780","PGC 33083","CGCG 013-117","UGC 6780","UGC 1871","V Hydrae","NGC 6286","NGC 5658","Arp 299","TW Hydrae","NGC 7541","NGC 6572","NGC 6120","NGC 5953","NGC 5900","NGC 5738","NGC 5705","NGC 4194"]},{"index":1,"name":"col1","values":["11.24","11.263","13.8","11.294","11.331","13.094","10.13","6.8","13.3","11.125","12.86","10.5","11.7","10.8","13.9","12.45","13.39","13.9","13.2","13.3"]},{"index":2,"name":"col2","values":["4.94","12853","1541","12580","12012","1726","10136","-14.8","5539","1616","3115","13.4","2678","-8.7","9170","1970","2549","1723","1759","2464"]},{"index":3,"name":"col3","values":["517.7591","187.9","28.97","185.2","116.41","36.81","225.94","478.5147","79.2","23.12","44","60.086","31.77","1736","134.9","30.9","61.38","28.09","19.59","39.4"]}]},"context":{"page_title":null,"page_url":null,"page_entity_id":null,"content_hierarchy":[]},"links":[[[{"start":0,"end":9,"url":null,"entity_id":"Q60246047","candidates":[]}],[],[],[]],[[{"start":0,"end":9,"url":null,"entity_id":"Q60238913","candidates":[]}],[],[],[]],[[{"start":0,"end":9,"url":null,"entity_id":"Q60236712","candidates":[]}],[],[],[]],[[{"start":0,"end":12,"url":null,"entity_id":"Q60226693","candidates":[]}],[],[],[]],[[{"start":0,"end":8,"url":null,"entity_id":"Q60226315","candidates":[]}],[],[],[]],[[{"start":0,"end":8,"url":null,"entity_id":"Q60223356","candidates":[]}],[],[],[]],[[{"start":0,"end":8,"url":null,"entity_id":"Q5175379","candidates":[]}],[],[],[]],[[{"start":0,"end":8,"url":null,"entity_id":"Q2085282","candidates":[]}],[],[],[]],[[{"start":0,"end":8,"url":null,"entity_id":"Q1942545","candidates":[]}],[],[],[]],[[{"start":0,"end":7,"url":null,"entity_id":"Q1786601","candidates":[]}],[],[],[]],[[{"start":0,"end":9,"url":null,"entity_id":"Q1195419","candidates":[]}],[],[],[]],[[{"start":0,"end":8,"url":null,"entity_id":"Q1167958","candidates":[]}],[],[],[]],[[{"start":0,"end":8,"url":null,"entity_id":"Q1146530","candidates":[]}],[],[],[]],[[{"start":0,"end":8,"url":null,"entity_id":"Q1125854","candidates":[]}],[],[],[]],[[{"start":0,"end":8,"url":null,"entity_id":"Q1124368","candidates":[]}],[],[],[]],[[{"start":0,"end":8,"url":null,"entity_id":"Q1123911","candidates":[]}],[],[],[]],[[{"start":0,"end":8,"url":null,"entity_id":"Q1122511","candidates":[]}],[],[],[]],[[{"start":0,"end":8,"url":null,"entity_id":"Q1122248","candidates":[]}],[],[],[]],[[{"start":0,"end":8,"url":null,"entity_id":"Q1109710","candidates":[]}],[],[],[]],[[{"start":0,"end":14,"url":null,"entity_id":"Q86368571","candidates":[]}],[],[],[]]]}