{"version":"1.2","table":{"version":"2","table_id":"AZT3N2MV","columns":[{"index":0,"name":"col0","values":["Yeniseysk Urban Okrug","Novokuznetsk Urban Okrug","Chernyakhovsky District","Syzran Urban Okrug","Samara Urban Okrug","Srednekansky District","Omsukchansky District","Susumansky District","Starooskolsky Urban Okrug","Angarsky District","Resort Town of Gelendzhik","Municipal Formation of the City of Armavir","Arkhangelsk Urban Okrug","Yagodninsky District","Chkalovsky District","Shadrinsk Urban Okrug","Kurgan Urban Okrug","Reutov Urban Okrug","Zhukovsky Urban Okrug","Kashirsky District"]},{"index":1,"name":"col1","values":["Yeniseysk","Novokuznetsk","Chernyakhovsk","Syzran","Samara","Seymchan","Omsukchan","Susuman","Stary Oskol","Angarsk","Gelendzhik","Armavir","Arkhangelsk","Orotukan","Chkalovsk","Shadrinsk","Kurgan","Reutov","Zhukovsky","Kashira"]},{"index":2,"name":"col2","values":["2004-10-22","2004-12-17","1946-04-07","2005-01-01","2005-01-09","1931-01-01","1953-01-01","1953-01-01","2007-01-01","1997-01-01","2005-01-01","2005-01-01","2004-09-23","1953-01-01","1936-01-01","2004-07-06","2004-07-06","2004-10-29","2004-12-15","1929-07-12"]}]},"context":{"page_title":null,"page_url":null,"page_entity_id":null,"content_hierarchy":[]},"links":[[[{"start":0,"end":24,"url":null,"entity_id":"Q27566173","candidates":[]}],[{"start":0,"end":12,"url":null,"entity_id":"Q93910","candidates":[]}],[]],[[{"start":0,"end":23,"url":null,"entity_id":"Q127117","candidates":[]}],[{"start":0,"end":13,"url":null,"entity_id":"Q5655","candidates":[]}],[]],[[{"start":0,"end":18,"url":null,"entity_id":"Q27577215","candidates":[]}],[{"start":0,"end":6,"url":null,"entity_id":"Q2219","candidates":[]}],[]],[[{"start":0,"end":18,"url":null,"entity_id":"Q27577214","candidates":[]}],[{"start":0,"end":6,"url":null,"entity_id":"Q894","candidates":[]}],[]],[[{"start":0,"end":21,"url":null,"entity_id":"Q1043241","candidates":[]}],[{"start":0,"end":8,"url":null,"entity_id":"Q1024733","candidates":[]}],[]],[[{"start":0,"end":21,"url":null,"entity_id":"Q918178","candidates":[]}],[{"start":0,"end":9,"url":null,"entity_id":"Q985293","candidates":[]}],[]],[[{"start":0,"end":19,"url":null,"entity_id":"Q978260","candidates":[]}],[{"start":0,"end":7,"url":null,"entity_id":"Q196525","candidates":[]}],[]],[[{"start":0,"end":25,"url":null,"entity_id":"Q1653745","candidates":[]}],[{"start":0,"end":11,"url":null,"entity_id":"Q196486","candidates":[]}],[]],[[{"start":0,"end":17,"url":null,"entity_id":"Q1634174","candidates":[]}],[{"start":0,"end":7,"url":null,"entity_id":"Q103565","candidates":[]}],[]],[[{"start":0,"end":25,"url":null,"entity_id":"Q4307497","candidates":[]}],[{"start":0,"end":10,"url":null,"entity_id":"Q15775","candidates":[]}],[]],[[{"start":0,"end":42,"url":null,"entity_id":"Q4307500","candidates":[]}],[{"start":0,"end":7,"url":null,"entity_id":"Q15767","candidates":[]}],[]],[[{"start":0,"end":23,"url":null,"entity_id":"Q4307175","candidates":[]}],[{"start":0,"end":11,"url":null,"entity_id":"Q1851","candidates":[]}],[]],[[{"start":0,"end":20,"url":null,"entity_id":"Q429530","candidates":[]}],[{"start":0,"end":8,"url":null,"entity_id":"Q2031470","candidates":[]}],[]],[[{"start":0,"end":19,"url":null,"entity_id":"Q534197","candidates":[]}],[{"start":0,"end":9,"url":null,"entity_id":"Q198125","candidates":[]}],[]],[[{"start":0,"end":21,"url":null,"entity_id":"Q27577637","candidates":[]}],[{"start":0,"end":9,"url":null,"entity_id":"Q198155","candidates":[]}],[]],[[{"start":0,"end":18,"url":null,"entity_id":"Q27577636","candidates":[]}],[{"start":0,"end":6,"url":null,"entity_id":"Q13379","candidates":[]}],[]],[[{"start":0,"end":18,"url":null,"entity_id":"Q27477655","candidates":[]}],[{"start":0,"end":6,"url":null,"entity_id":"Q193293","candidates":[]}],[]],[[{"start":0,"end":21,"url":null,"entity_id":"Q27477627","candidates":[]}],[{"start":0,"end":9,"url":null,"entity_id":"Q136435","candidates":[]}],[]],[[{"start":0,"end":18,"url":null,"entity_id":"Q1965852","candidates":[]}],[{"start":0,"end":7,"url":null,"entity_id":"Q145638","candidates":[]}],[]],[[{"start":0,"end":21,"url":null,"entity_id":"Q19908755","candidates":[]}],[{"start":0,"end":9,"url":null,"entity_id":"Q135686","candidates":[]}],[]]]}