{"version":"1.2","table":{"version":"2","table_id":"B1ELYS3Q","columns":[{"index":0,"name":"col0","values":["Schloss Gutenberg","Valdštejn Castle","Rotštejn Castle","Vranov Castle","Falkenštejn Castle","Šaunštejn Castle","Jiljov","Castle Jestřebí","Frýdštejn Castle","Chřibský hrádek","Hrad Brada","Burgruine Groppenstein","Franchimont Castle","Castle Neudahn","Gräfenstein Castle","Falkenburg Castle","Blumenstein Castle","Drachenfels Castle","Kyjovský hrádek","Sloup"]},{"index":1,"name":"col1","values":["Austria","Czech Republic","Czech Republic","Czech Republic","Czech Republic","Czech Republic","Czech Republic","Czech Republic","Czech Republic","Czech Republic","Czech Republic","Austria","Belgium","Germany","Germany","Germany","Germany","Germany","Czech Republic","Czech Republic"]},{"index":2,"name":"col2","values":["Gutenberg-Stenzengreith","Pelešany","Bělá","Malá Skála","Jetřichovice","Vysoká Lípa","Holany","Jestřebí","Frýdštejn","Chřibská","Brada-Rybníček","Obervellach","Theux","Palatinate Forest","Palatinate Forest","Palatinate Forest","Palatinate Forest","Palatinate Forest","Doubice","Sloup v Čechách"]}]},"context":{"page_title":null,"page_url":null,"page_entity_id":null,"content_hierarchy":[]},"links":[[[{"start":0,"end":16,"url":null,"entity_id":"Q1014361","candidates":[]}],[{"start":0,"end":14,"url":null,"entity_id":"Q213","candidates":[]}],[{"start":0,"end":8,"url":null,"entity_id":"Q12044578","candidates":[]}]],[[{"start":0,"end":15,"url":null,"entity_id":"Q631338","candidates":[]}],[{"start":0,"end":14,"url":null,"entity_id":"Q213","candidates":[]}],[{"start":0,"end":4,"url":null,"entity_id":"Q11706797","candidates":[]}]],[[{"start":0,"end":13,"url":null,"entity_id":"Q122355","candidates":[]}],[{"start":0,"end":14,"url":null,"entity_id":"Q213","candidates":[]}],[{"start":0,"end":10,"url":null,"entity_id":"Q1888048","candidates":[]}]],[[{"start":0,"end":18,"url":null,"entity_id":"Q364803","candidates":[]}],[{"start":0,"end":14,"url":null,"entity_id":"Q213","candidates":[]}],[{"start":0,"end":12,"url":null,"entity_id":"Q1688552","candidates":[]}]],[[{"start":0,"end":16,"url":null,"entity_id":"Q363704","candidates":[]}],[{"start":0,"end":14,"url":null,"entity_id":"Q213","candidates":[]}],[{"start":0,"end":11,"url":null,"entity_id":"Q1648041","candidates":[]}]],[[{"start":0,"end":6,"url":null,"entity_id":"Q12024735","candidates":[]}],[{"start":0,"end":14,"url":null,"entity_id":"Q213","candidates":[]}],[{"start":0,"end":6,"url":null,"entity_id":"Q1624267","candidates":[]}]],[[{"start":0,"end":15,"url":null,"entity_id":"Q1404209","candidates":[]}],[{"start":0,"end":14,"url":null,"entity_id":"Q213","candidates":[]}],[{"start":0,"end":8,"url":null,"entity_id":"Q1570465","candidates":[]}]],[[{"start":0,"end":16,"url":null,"entity_id":"Q573922","candidates":[]}],[{"start":0,"end":14,"url":null,"entity_id":"Q213","candidates":[]}],[{"start":0,"end":9,"url":null,"entity_id":"Q1358148","candidates":[]}]],[[{"start":0,"end":15,"url":null,"entity_id":"Q1091155","candidates":[]}],[{"start":0,"end":14,"url":null,"entity_id":"Q213","candidates":[]}],[{"start":0,"end":8,"url":null,"entity_id":"Q1091181","candidates":[]}]],[[{"start":0,"end":10,"url":null,"entity_id":"Q11242786","candidates":[]}],[{"start":0,"end":14,"url":null,"entity_id":"Q213","candidates":[]}],[{"start":0,"end":14,"url":null,"entity_id":"Q896888","candidates":[]}]],[[{"start":0,"end":22,"url":null,"entity_id":"Q1012065","candidates":[]}],[{"start":0,"end":7,"url":null,"entity_id":"Q40","candidates":[]}],[{"start":0,"end":11,"url":null,"entity_id":"Q876239","candidates":[]}]],[[{"start":0,"end":18,"url":null,"entity_id":"Q474267","candidates":[]}],[{"start":0,"end":7,"url":null,"entity_id":"Q31","candidates":[]}],[{"start":0,"end":5,"url":null,"entity_id":"Q711079","candidates":[]}]],[[{"start":0,"end":14,"url":null,"entity_id":"Q22849","candidates":[]}],[{"start":0,"end":7,"url":null,"entity_id":"Q183","candidates":[]}],[{"start":0,"end":17,"url":null,"entity_id":"Q707004","candidates":[]}]],[[{"start":0,"end":18,"url":null,"entity_id":"Q22608","candidates":[]}],[{"start":0,"end":7,"url":null,"entity_id":"Q183","candidates":[]}],[{"start":0,"end":17,"url":null,"entity_id":"Q707004","candidates":[]}]],[[{"start":0,"end":17,"url":null,"entity_id":"Q22562","candidates":[]}],[{"start":0,"end":7,"url":null,"entity_id":"Q183","candidates":[]}],[{"start":0,"end":17,"url":null,"entity_id":"Q707004","candidates":[]}]],[[{"start":0,"end":18,"url":null,"entity_id":"Q22552","candidates":[]}],[{"start":0,"end":7,"url":null,"entity_id":"Q183","candidates":[]}],[{"start":0,"end":17,"url":null,"entity_id":"Q707004","candidates":[]}]],[[{"start":0,"end":18,"url":null,"entity_id":"Q22551","candidates":[]}],[{"start":0,"end":7,"url":null,"entity_id":"Q183","candidates":[]}],[{"start":0,"end":17,"url":null,"entity_id":"Q707004","candidates":[]}]],[[{"start":0,"end":15,"url":null,"entity_id":"Q1505666","candidates":[]}],[{"start":0,"end":14,"url":null,"entity_id":"Q213","candidates":[]}],[{"start":0,"end":7,"url":null,"entity_id":"Q662227","candidates":[]}]],[[{"start":0,"end":5,"url":null,"entity_id":"Q499095","candidates":[]}],[{"start":0,"end":14,"url":null,"entity_id":"Q213","candidates":[]}],[{"start":0,"end":15,"url":null,"entity_id":"Q603503","candidates":[]}]],[[{"start":0,"end":17,"url":null,"entity_id":"Q2241348","candidates":[]}],[{"start":0,"end":7,"url":null,"entity_id":"Q40","candidates":[]}],[{"start":0,"end":23,"url":null,"entity_id":"Q18624891","candidates":[]}]]]}