{"version":"1.2","table":{"version":"2","table_id":"B2D7BU4X","columns":[{"index":0,"name":"col0","values":["Design drawing from the Jos De Beer collection, ref. obj-0002462","Design drawing from the Jos De Beer collection, ref. obj-0002475","Design drawing from the Jos De Beer collection, ref. obj-0002459","Design drawing from the Jos De Beer collection, ref. obj-0002454","Design drawing from the Jos De Beer collection, ref. obj-0002481","Design drawing from the Jos De Beer collection, ref. obj-0002480","Design drawing from the Jos De Beer collection, ref. obj-0002479","Design drawing from the Jos De Beer collection, ref. obj-0002465","Design drawing from the Jos De Beer collection, ref. obj-0002522","Design drawing from the Jos De Beer collection, ref. obj-0002516","Design drawing from the Jos De Beer collection, ref. obj-0002505","Design drawing from the Jos De Beer collection, ref. obj-0002504","Design drawing from the Jos De Beer collection, ref. obj-0002491","Design drawing from the Jos De Beer collection, ref. obj-0002490","Design drawing from the Jos De Beer collection, ref. obj-0002489","Design drawing from the Jos De Beer collection, ref. obj-0002488","Design drawing from the Jos De Beer collection, ref. obj-0002486","Design drawing from the Jos De Beer collection, ref. obj-0002474","Design drawing from the Jos De Beer collection, ref. obj-0002474","Design drawing from the Jos De Beer collection, ref. obj-0002472","Design drawing from the Jos De Beer collection, ref. obj-0002471","Design drawing from the Jos De Beer collection, ref. obj-0002470","Design drawing from the Jos De Beer collection, ref. obj-0002452","Design drawing from the Jos De Beer collection, ref. obj-0002482"]},{"index":1,"name":"col1","values":["annex","stable","stable","castle","park","park","park","park","church building","house","house","house","house","house","house","house","house","house","house","house","house","house","house","park"]},{"index":2,"name":"col2","values":["pen and ink drawing","pen and ink drawing","pen and ink drawing","pen and ink drawing","pen and ink drawing","pen and ink drawing","pen and ink drawing","pen and ink drawing","pen and ink drawing","pen and ink drawing","pen and ink drawing","pen and ink drawing","pen and ink drawing","pen and ink drawing","pen and ink drawing","pen and ink drawing","pen and ink drawing","pen and ink drawing","pen and ink drawing","pen and ink drawing","pen and ink drawing","pen and ink drawing","pen and ink drawing","watercolor painting"]},{"index":3,"name":"col3","values":["Jos De Beer collection","Jos De Beer collection","Jos De Beer collection","Jos De Beer collection","Jos De Beer collection","Jos De Beer collection","Jos De Beer collection","Jos De Beer collection","Jos De Beer collection","Jos De Beer collection","Jos De Beer collection","Jos De Beer collection","Jos De Beer collection","Jos De Beer collection","Jos De Beer collection","Jos De Beer collection","Jos De Beer collection","Jos De Beer collection","Jos De Beer collection","Jos De Beer collection","Jos De Beer collection","Jos De Beer collection","Jos De Beer collection","Jos De Beer collection"]},{"index":4,"name":"col4","values":["paper","paper","paper","paper","paper","paper","paper","paper","paper","paper","paper","paper","paper","paper","paper","paper","paper","paper","paper","paper","paper","paper","paper","paper"]},{"index":5,"name":"col5","values":["Flanders Architecture Institute collection","Flanders Architecture Institute collection","Flanders Architecture Institute collection","Flanders Architecture Institute collection","Flanders Architecture Institute collection","Flanders Architecture Institute collection","Flanders Architecture Institute collection","Flanders Architecture Institute collection","Flanders Architecture Institute collection","Flanders Architecture Institute collection","Flanders Architecture Institute collection","Flanders Architecture Institute collection","Flanders Architecture Institute collection","Flanders Architecture Institute collection","Flanders Architecture Institute collection","Flanders Architecture Institute collection","Flanders Architecture Institute collection","Flanders Architecture Institute collection","Flanders Architecture Institute collection","Flanders Architecture Institute collection","Flanders Architecture Institute collection","Flanders Architecture Institute collection","Flanders Architecture Institute collection","Flanders Architecture Institute collection"]}]},"context":{"page_title":null,"page_url":null,"page_entity_id":null,"content_hierarchy":[]},"links":[[[{"start":0,"end":64,"url":null,"entity_id":"Q86515791","candidates":[]}],[{"start":0,"end":6,"url":null,"entity_id":"Q214252","candidates":[]}],[{"start":0,"end":19,"url":null,"entity_id":"Q19898787","candidates":[]}],[{"start":0,"end":22,"url":null,"entity_id":"Q86501875","candidates":[]}],[{"start":0,"end":5,"url":null,"entity_id":"Q11472","candidates":[]}],[{"start":0,"end":42,"url":null,"entity_id":"Q77201544","candidates":[]}]],[[{"start":0,"end":64,"url":null,"entity_id":"Q86515756","candidates":[]}],[{"start":0,"end":6,"url":null,"entity_id":"Q214252","candidates":[]}],[{"start":0,"end":19,"url":null,"entity_id":"Q19898787","candidates":[]}],[{"start":0,"end":22,"url":null,"entity_id":"Q86501875","candidates":[]}],[{"start":0,"end":5,"url":null,"entity_id":"Q11472","candidates":[]}],[{"start":0,"end":42,"url":null,"entity_id":"Q77201544","candidates":[]}]],[[{"start":0,"end":64,"url":null,"entity_id":"Q86515744","candidates":[]}],[{"start":0,"end":6,"url":null,"entity_id":"Q23413","candidates":[]}],[{"start":0,"end":19,"url":null,"entity_id":"Q19898787","candidates":[]}],[{"start":0,"end":22,"url":null,"entity_id":"Q86501875","candidates":[]}],[{"start":0,"end":5,"url":null,"entity_id":"Q11472","candidates":[]}],[{"start":0,"end":42,"url":null,"entity_id":"Q77201544","candidates":[]}]],[[{"start":0,"end":64,"url":null,"entity_id":"Q86515803","candidates":[]}],[{"start":0,"end":4,"url":null,"entity_id":"Q22698","candidates":[]}],[{"start":0,"end":19,"url":null,"entity_id":"Q19898787","candidates":[]}],[{"start":0,"end":22,"url":null,"entity_id":"Q86501875","candidates":[]}],[{"start":0,"end":5,"url":null,"entity_id":"Q11472","candidates":[]}],[{"start":0,"end":42,"url":null,"entity_id":"Q77201544","candidates":[]}]],[[{"start":0,"end":64,"url":null,"entity_id":"Q86515801","candidates":[]}],[{"start":0,"end":4,"url":null,"entity_id":"Q22698","candidates":[]}],[{"start":0,"end":19,"url":null,"entity_id":"Q19898787","candidates":[]}],[{"start":0,"end":22,"url":null,"entity_id":"Q86501875","candidates":[]}],[{"start":0,"end":5,"url":null,"entity_id":"Q11472","candidates":[]}],[{"start":0,"end":42,"url":null,"entity_id":"Q77201544","candidates":[]}]],[[{"start":0,"end":64,"url":null,"entity_id":"Q86515800","candidates":[]}],[{"start":0,"end":4,"url":null,"entity_id":"Q22698","candidates":[]}],[{"start":0,"end":19,"url":null,"entity_id":"Q19898787","candidates":[]}],[{"start":0,"end":22,"url":null,"entity_id":"Q86501875","candidates":[]}],[{"start":0,"end":5,"url":null,"entity_id":"Q11472","candidates":[]}],[{"start":0,"end":42,"url":null,"entity_id":"Q77201544","candidates":[]}]],[[{"start":0,"end":64,"url":null,"entity_id":"Q86515771","candidates":[]}],[{"start":0,"end":4,"url":null,"entity_id":"Q22698","candidates":[]}],[{"start":0,"end":19,"url":null,"entity_id":"Q19898787","candidates":[]}],[{"start":0,"end":22,"url":null,"entity_id":"Q86501875","candidates":[]}],[{"start":0,"end":5,"url":null,"entity_id":"Q11472","candidates":[]}],[{"start":0,"end":42,"url":null,"entity_id":"Q77201544","candidates":[]}]],[[{"start":0,"end":64,"url":null,"entity_id":"Q86515908","candidates":[]}],[{"start":0,"end":15,"url":null,"entity_id":"Q16970","candidates":[]}],[{"start":0,"end":19,"url":null,"entity_id":"Q19898787","candidates":[]}],[{"start":0,"end":22,"url":null,"entity_id":"Q86501875","candidates":[]}],[{"start":0,"end":5,"url":null,"entity_id":"Q11472","candidates":[]}],[{"start":0,"end":42,"url":null,"entity_id":"Q77201544","candidates":[]}]],[[{"start":0,"end":64,"url":null,"entity_id":"Q86515887","candidates":[]}],[{"start":0,"end":5,"url":null,"entity_id":"Q3947","candidates":[]}],[{"start":0,"end":19,"url":null,"entity_id":"Q19898787","candidates":[]}],[{"start":0,"end":22,"url":null,"entity_id":"Q86501875","candidates":[]}],[{"start":0,"end":5,"url":null,"entity_id":"Q11472","candidates":[]}],[{"start":0,"end":42,"url":null,"entity_id":"Q77201544","candidates":[]}]],[[{"start":0,"end":64,"url":null,"entity_id":"Q86515867","candidates":[]}],[{"start":0,"end":5,"url":null,"entity_id":"Q3947","candidates":[]}],[{"start":0,"end":19,"url":null,"entity_id":"Q19898787","candidates":[]}],[{"start":0,"end":22,"url":null,"entity_id":"Q86501875","candidates":[]}],[{"start":0,"end":5,"url":null,"entity_id":"Q11472","candidates":[]}],[{"start":0,"end":42,"url":null,"entity_id":"Q77201544","candidates":[]}]],[[{"start":0,"end":64,"url":null,"entity_id":"Q86515864","candidates":[]}],[{"start":0,"end":5,"url":null,"entity_id":"Q3947","candidates":[]}],[{"start":0,"end":19,"url":null,"entity_id":"Q19898787","candidates":[]}],[{"start":0,"end":22,"url":null,"entity_id":"Q86501875","candidates":[]}],[{"start":0,"end":5,"url":null,"entity_id":"Q11472","candidates":[]}],[{"start":0,"end":42,"url":null,"entity_id":"Q77201544","candidates":[]}]],[[{"start":0,"end":64,"url":null,"entity_id":"Q86515826","candidates":[]}],[{"start":0,"end":5,"url":null,"entity_id":"Q3947","candidates":[]}],[{"start":0,"end":19,"url":null,"entity_id":"Q19898787","candidates":[]}],[{"start":0,"end":22,"url":null,"entity_id":"Q86501875","candidates":[]}],[{"start":0,"end":5,"url":null,"entity_id":"Q11472","candidates":[]}],[{"start":0,"end":42,"url":null,"entity_id":"Q77201544","candidates":[]}]],[[{"start":0,"end":64,"url":null,"entity_id":"Q86515824","candidates":[]}],[{"start":0,"end":5,"url":null,"entity_id":"Q3947","candidates":[]}],[{"start":0,"end":19,"url":null,"entity_id":"Q19898787","candidates":[]}],[{"start":0,"end":22,"url":null,"entity_id":"Q86501875","candidates":[]}],[{"start":0,"end":5,"url":null,"entity_id":"Q11472","candidates":[]}],[{"start":0,"end":42,"url":null,"entity_id":"Q77201544","candidates":[]}]],[[{"start":0,"end":64,"url":null,"entity_id":"Q86515822","candidates":[]}],[{"start":0,"end":5,"url":null,"entity_id":"Q3947","candidates":[]}],[{"start":0,"end":19,"url":null,"entity_id":"Q19898787","candidates":[]}],[{"start":0,"end":22,"url":null,"entity_id":"Q86501875","candidates":[]}],[{"start":0,"end":5,"url":null,"entity_id":"Q11472","candidates":[]}],[{"start":0,"end":42,"url":null,"entity_id":"Q77201544","candidates":[]}]],[[{"start":0,"end":64,"url":null,"entity_id":"Q86515819","candidates":[]}],[{"start":0,"end":5,"url":null,"entity_id":"Q3947","candidates":[]}],[{"start":0,"end":19,"url":null,"entity_id":"Q19898787","candidates":[]}],[{"start":0,"end":22,"url":null,"entity_id":"Q86501875","candidates":[]}],[{"start":0,"end":5,"url":null,"entity_id":"Q11472","candidates":[]}],[{"start":0,"end":42,"url":null,"entity_id":"Q77201544","candidates":[]}]],[[{"start":0,"end":64,"url":null,"entity_id":"Q86515814","candidates":[]}],[{"start":0,"end":5,"url":null,"entity_id":"Q3947","candidates":[]}],[{"start":0,"end":19,"url":null,"entity_id":"Q19898787","candidates":[]}],[{"start":0,"end":22,"url":null,"entity_id":"Q86501875","candidates":[]}],[{"start":0,"end":5,"url":null,"entity_id":"Q11472","candidates":[]}],[{"start":0,"end":42,"url":null,"entity_id":"Q77201544","candidates":[]}]],[[{"start":0,"end":64,"url":null,"entity_id":"Q86515789","candidates":[]}],[{"start":0,"end":5,"url":null,"entity_id":"Q3947","candidates":[]}],[{"start":0,"end":19,"url":null,"entity_id":"Q19898787","candidates":[]}],[{"start":0,"end":22,"url":null,"entity_id":"Q86501875","candidates":[]}],[{"start":0,"end":5,"url":null,"entity_id":"Q11472","candidates":[]}],[{"start":0,"end":42,"url":null,"entity_id":"Q77201544","candidates":[]}]],[[{"start":0,"end":64,"url":null,"entity_id":"Q86515787","candidates":[]}],[{"start":0,"end":5,"url":null,"entity_id":"Q3947","candidates":[]}],[{"start":0,"end":19,"url":null,"entity_id":"Q19898787","candidates":[]}],[{"start":0,"end":22,"url":null,"entity_id":"Q86501875","candidates":[]}],[{"start":0,"end":5,"url":null,"entity_id":"Q11472","candidates":[]}],[{"start":0,"end":42,"url":null,"entity_id":"Q77201544","candidates":[]}]],[[{"start":0,"end":64,"url":null,"entity_id":"Q86515783","candidates":[]}],[{"start":0,"end":5,"url":null,"entity_id":"Q3947","candidates":[]}],[{"start":0,"end":19,"url":null,"entity_id":"Q19898787","candidates":[]}],[{"start":0,"end":22,"url":null,"entity_id":"Q86501875","candidates":[]}],[{"start":0,"end":5,"url":null,"entity_id":"Q11472","candidates":[]}],[{"start":0,"end":42,"url":null,"entity_id":"Q77201544","candidates":[]}]],[[{"start":0,"end":64,"url":null,"entity_id":"Q86515781","candidates":[]}],[{"start":0,"end":5,"url":null,"entity_id":"Q3947","candidates":[]}],[{"start":0,"end":19,"url":null,"entity_id":"Q19898787","candidates":[]}],[{"start":0,"end":22,"url":null,"entity_id":"Q86501875","candidates":[]}],[{"start":0,"end":5,"url":null,"entity_id":"Q11472","candidates":[]}],[{"start":0,"end":42,"url":null,"entity_id":"Q77201544","candidates":[]}]],[[{"start":0,"end":64,"url":null,"entity_id":"Q86515779","candidates":[]}],[{"start":0,"end":5,"url":null,"entity_id":"Q3947","candidates":[]}],[{"start":0,"end":19,"url":null,"entity_id":"Q19898787","candidates":[]}],[{"start":0,"end":22,"url":null,"entity_id":"Q86501875","candidates":[]}],[{"start":0,"end":5,"url":null,"entity_id":"Q11472","candidates":[]}],[{"start":0,"end":42,"url":null,"entity_id":"Q77201544","candidates":[]}]],[[{"start":0,"end":64,"url":null,"entity_id":"Q86515739","candidates":[]}],[{"start":0,"end":5,"url":null,"entity_id":"Q3947","candidates":[]}],[{"start":0,"end":19,"url":null,"entity_id":"Q19898787","candidates":[]}],[{"start":0,"end":22,"url":null,"entity_id":"Q86501875","candidates":[]}],[{"start":0,"end":5,"url":null,"entity_id":"Q11472","candidates":[]}],[{"start":0,"end":42,"url":null,"entity_id":"Q77201544","candidates":[]}]],[[{"start":0,"end":64,"url":null,"entity_id":"Q86515805","candidates":[]}],[{"start":0,"end":4,"url":null,"entity_id":"Q22698","candidates":[]}],[{"start":0,"end":19,"url":null,"entity_id":"Q18761202","candidates":[]}],[{"start":0,"end":22,"url":null,"entity_id":"Q86501875","candidates":[]}],[{"start":0,"end":5,"url":null,"entity_id":"Q11472","candidates":[]}],[{"start":0,"end":42,"url":null,"entity_id":"Q77201544","candidates":[]}]],[[{"start":0,"end":64,"url":null,"entity_id":"Q86515764","candidates":[]}],[{"start":0,"end":5,"url":null,"entity_id":"Q566749","candidates":[]}],[{"start":0,"end":19,"url":null,"entity_id":"Q19898787","candidates":[]}],[{"start":0,"end":22,"url":null,"entity_id":"Q86501875","candidates":[]}],[{"start":0,"end":5,"url":null,"entity_id":"Q11472","candidates":[]}],[{"start":0,"end":42,"url":null,"entity_id":"Q77201544","candidates":[]}]]]}