{"version":"1.2","table":{"version":"2","table_id":"B2Z333AS","columns":[{"index":0,"name":"col0","values":["2019 Tour de France, stage 11","2019 Tour de France, stage 10","2019 Tour de France, stage 7","2019 Tour de France, stage 4","2019 Deutschland Tour, stage 1","2019 Ladies Tour of Norway, Stage 3","2019 Ladies Tour of Norway, Stage 1","2017 Giro d'Italia, Stage 12","2017 Giro d'Italia, Stage 7","2017 Giro d'Italia, Stage 5","2017 Giro d'Italia, Stage 3","2017 Tour de France, Stage 7","2017 Tour de France, Stage 6","2017 Tour de France, Stage 11","2017 Tour de France, Stage 10","2017 Tour de France, Stage 4","2018 Tour de France, Stage 1","2018 Tour de France, stage 2","2018 Tour de France, stage 21","2018 Tour de France, stage 4"]},{"index":1,"name":"col1","values":["Peter Sagan","Peter Sagan","Peter Sagan","Peter Sagan","Alexander Kristoff","Marianne Vos","Marianne Vos","André Greipel","André Greipel","André Greipel","André Greipel","André Greipel","André Greipel","John Degenkolb","John Degenkolb","André Greipel","Michael Matthews","André Greipel","John Degenkolb","John Degenkolb"]},{"index":2,"name":"col2","values":["France","France","France","France","Germany","Norway","Norway","Italy","Italy","Italy","Italy","France","France","France","France","Luxembourg","France","France","France","France"]},{"index":3,"name":"col3","values":["2019 Tour de France","2019 Tour de France","2019 Tour de France","2019 Tour de France","2019 Deutschland Tour","2019 Ladies Tour of Norway","2019 Ladies Tour of Norway","2017 Giro d'Italia","2017 Giro d'Italia","2017 Giro d'Italia","2017 Giro d'Italia","2017 Tour de France","2017 Tour de France","2017 Tour de France","2017 Tour de France","2017 Tour de France","2018 Tour de France","2018 Tour de France","2018 Tour de France","2018 Tour de France"]}]},"context":{"page_title":null,"page_url":null,"page_entity_id":null,"content_hierarchy":[]},"links":[[[{"start":0,"end":29,"url":null,"entity_id":"Q57743833","candidates":[]}],[{"start":0,"end":11,"url":null,"entity_id":"Q309911","candidates":[]}],[{"start":0,"end":6,"url":null,"entity_id":"Q142","candidates":[]}],[{"start":0,"end":19,"url":null,"entity_id":"Q30091668","candidates":[]}]],[[{"start":0,"end":28,"url":null,"entity_id":"Q57742922","candidates":[]}],[{"start":0,"end":11,"url":null,"entity_id":"Q309911","candidates":[]}],[{"start":0,"end":6,"url":null,"entity_id":"Q142","candidates":[]}],[{"start":0,"end":19,"url":null,"entity_id":"Q30091668","candidates":[]}]],[[{"start":0,"end":28,"url":null,"entity_id":"Q57741771","candidates":[]}],[{"start":0,"end":11,"url":null,"entity_id":"Q309911","candidates":[]}],[{"start":0,"end":6,"url":null,"entity_id":"Q142","candidates":[]}],[{"start":0,"end":19,"url":null,"entity_id":"Q30091668","candidates":[]}]],[[{"start":0,"end":30,"url":null,"entity_id":"Q65588671","candidates":[]}],[{"start":0,"end":18,"url":null,"entity_id":"Q352080","candidates":[]}],[{"start":0,"end":7,"url":null,"entity_id":"Q183","candidates":[]}],[{"start":0,"end":21,"url":null,"entity_id":"Q61641355","candidates":[]}]],[[{"start":0,"end":35,"url":null,"entity_id":"Q65099689","candidates":[]}],[{"start":0,"end":12,"url":null,"entity_id":"Q6242","candidates":[]}],[{"start":0,"end":6,"url":null,"entity_id":"Q20","candidates":[]}],[{"start":0,"end":26,"url":null,"entity_id":"Q57277596","candidates":[]}]],[[{"start":0,"end":35,"url":null,"entity_id":"Q65099673","candidates":[]}],[{"start":0,"end":12,"url":null,"entity_id":"Q6242","candidates":[]}],[{"start":0,"end":6,"url":null,"entity_id":"Q20","candidates":[]}],[{"start":0,"end":26,"url":null,"entity_id":"Q57277596","candidates":[]}]],[[{"start":0,"end":28,"url":null,"entity_id":"Q27627413","candidates":[]}],[{"start":0,"end":13,"url":null,"entity_id":"Q168712","candidates":[]}],[{"start":0,"end":5,"url":null,"entity_id":"Q38","candidates":[]}],[{"start":0,"end":18,"url":null,"entity_id":"Q26838733","candidates":[]}]],[[{"start":0,"end":27,"url":null,"entity_id":"Q27627168","candidates":[]}],[{"start":0,"end":13,"url":null,"entity_id":"Q168712","candidates":[]}],[{"start":0,"end":5,"url":null,"entity_id":"Q38","candidates":[]}],[{"start":0,"end":18,"url":null,"entity_id":"Q26838733","candidates":[]}]],[[{"start":0,"end":27,"url":null,"entity_id":"Q27627046","candidates":[]}],[{"start":0,"end":13,"url":null,"entity_id":"Q168712","candidates":[]}],[{"start":0,"end":5,"url":null,"entity_id":"Q38","candidates":[]}],[{"start":0,"end":18,"url":null,"entity_id":"Q26838733","candidates":[]}]],[[{"start":0,"end":27,"url":null,"entity_id":"Q27495479","candidates":[]}],[{"start":0,"end":13,"url":null,"entity_id":"Q168712","candidates":[]}],[{"start":0,"end":5,"url":null,"entity_id":"Q38","candidates":[]}],[{"start":0,"end":18,"url":null,"entity_id":"Q26838733","candidates":[]}]],[[{"start":0,"end":28,"url":null,"entity_id":"Q27437590","candidates":[]}],[{"start":0,"end":13,"url":null,"entity_id":"Q168712","candidates":[]}],[{"start":0,"end":6,"url":null,"entity_id":"Q142","candidates":[]}],[{"start":0,"end":19,"url":null,"entity_id":"Q21821246","candidates":[]}]],[[{"start":0,"end":28,"url":null,"entity_id":"Q27437589","candidates":[]}],[{"start":0,"end":13,"url":null,"entity_id":"Q168712","candidates":[]}],[{"start":0,"end":6,"url":null,"entity_id":"Q142","candidates":[]}],[{"start":0,"end":19,"url":null,"entity_id":"Q21821246","candidates":[]}]],[[{"start":0,"end":29,"url":null,"entity_id":"Q27437596","candidates":[]}],[{"start":0,"end":14,"url":null,"entity_id":"Q77352","candidates":[]}],[{"start":0,"end":6,"url":null,"entity_id":"Q142","candidates":[]}],[{"start":0,"end":19,"url":null,"entity_id":"Q21821246","candidates":[]}]],[[{"start":0,"end":29,"url":null,"entity_id":"Q27437595","candidates":[]}],[{"start":0,"end":14,"url":null,"entity_id":"Q77352","candidates":[]}],[{"start":0,"end":6,"url":null,"entity_id":"Q142","candidates":[]}],[{"start":0,"end":19,"url":null,"entity_id":"Q21821246","candidates":[]}]],[[{"start":0,"end":28,"url":null,"entity_id":"Q27437587","candidates":[]}],[{"start":0,"end":13,"url":null,"entity_id":"Q168712","candidates":[]}],[{"start":0,"end":10,"url":null,"entity_id":"Q32","candidates":[]}],[{"start":0,"end":19,"url":null,"entity_id":"Q21821246","candidates":[]}]],[[{"start":0,"end":28,"url":null,"entity_id":"Q29311499","candidates":[]}],[{"start":0,"end":16,"url":null,"entity_id":"Q561546","candidates":[]}],[{"start":0,"end":6,"url":null,"entity_id":"Q142","candidates":[]}],[{"start":0,"end":19,"url":null,"entity_id":"Q28859163","candidates":[]}]],[[{"start":0,"end":28,"url":null,"entity_id":"Q29311609","candidates":[]}],[{"start":0,"end":13,"url":null,"entity_id":"Q168712","candidates":[]}],[{"start":0,"end":6,"url":null,"entity_id":"Q142","candidates":[]}],[{"start":0,"end":19,"url":null,"entity_id":"Q28859163","candidates":[]}]],[[{"start":0,"end":29,"url":null,"entity_id":"Q29314633","candidates":[]}],[{"start":0,"end":14,"url":null,"entity_id":"Q77352","candidates":[]}],[{"start":0,"end":6,"url":null,"entity_id":"Q142","candidates":[]}],[{"start":0,"end":19,"url":null,"entity_id":"Q28859163","candidates":[]}]],[[{"start":0,"end":28,"url":null,"entity_id":"Q29311995","candidates":[]}],[{"start":0,"end":14,"url":null,"entity_id":"Q77352","candidates":[]}],[{"start":0,"end":6,"url":null,"entity_id":"Q142","candidates":[]}],[{"start":0,"end":19,"url":null,"entity_id":"Q28859163","candidates":[]}]],[[{"start":0,"end":29,"url":null,"entity_id":"Q57744379","candidates":[]}],[{"start":0,"end":11,"url":null,"entity_id":"Q309911","candidates":[]}],[{"start":0,"end":6,"url":null,"entity_id":"Q142","candidates":[]}],[{"start":0,"end":19,"url":null,"entity_id":"Q30091668","candidates":[]}]]]}