{"version":"1.2","table":{"version":"2","table_id":"B31V4GXY","columns":[{"index":0,"name":"col0","values":["A bridje","A group in the suare, St David's","A framed phoograph of a young man","A Evns (Cymro)","[adrack Pert, Lmansannan","Yr Hgn Saer (R Edward), Chwilog","“Yr Hen Gal, Llithfaen†","A famiy outside a house","A family group in fronu of the house","A family group in front of hose (Evans)","A famjly group (Jones) (1883)","A group of children and!young persons (a choir?)","A dead chlld","A chimd standing on a chest","A child standing o a char","A child sittjng","Snox in Llandysul (Cer)","Sheep mart, Narbeth","A irmhouse","A gkrl standing"]},{"index":1,"name":"col1","values":["bridge","man","man","man","man","man","man","family","family","family","family","child","child","child","child","child","snow","domestic sheep","house","girl"]},{"index":2,"name":"col2","values":["John Thomas","John Thomas","John Thomas","John Thomas","John Thomas","John Thomas","John Thomas","John Thomas","John Thomas","John Thomas","John Thomas","John Thomas","John Thomas","John Thomas","John Thomas","John Thomas","John Thomas","John Thomas","John Thomas","John Thomas"]}]},"context":{"page_title":null,"page_url":null,"page_entity_id":null,"content_hierarchy":[]},"links":[[[{"start":0,"end":32,"url":null,"entity_id":"Q21665448","candidates":[]}],[{"start":0,"end":3,"url":null,"entity_id":"Q8441","candidates":[]}],[{"start":0,"end":11,"url":null,"entity_id":"Q3403561","candidates":[]}]],[[{"start":0,"end":33,"url":null,"entity_id":"Q21665439","candidates":[]}],[{"start":0,"end":3,"url":null,"entity_id":"Q8441","candidates":[]}],[{"start":0,"end":11,"url":null,"entity_id":"Q3403561","candidates":[]}]],[[{"start":0,"end":14,"url":null,"entity_id":"Q21665432","candidates":[]}],[{"start":0,"end":3,"url":null,"entity_id":"Q8441","candidates":[]}],[{"start":0,"end":11,"url":null,"entity_id":"Q3403561","candidates":[]}]],[[{"start":0,"end":24,"url":null,"entity_id":"Q21665391","candidates":[]}],[{"start":0,"end":3,"url":null,"entity_id":"Q8441","candidates":[]}],[{"start":0,"end":11,"url":null,"entity_id":"Q3403561","candidates":[]}]],[[{"start":0,"end":31,"url":null,"entity_id":"Q21665384","candidates":[]}],[{"start":0,"end":3,"url":null,"entity_id":"Q8441","candidates":[]}],[{"start":0,"end":11,"url":null,"entity_id":"Q3403561","candidates":[]}]],[[{"start":0,"end":23,"url":null,"entity_id":"Q21665381","candidates":[]}],[{"start":0,"end":3,"url":null,"entity_id":"Q8441","candidates":[]}],[{"start":0,"end":11,"url":null,"entity_id":"Q3403561","candidates":[]}]],[[{"start":0,"end":23,"url":null,"entity_id":"Q21665436","candidates":[]}],[{"start":0,"end":6,"url":null,"entity_id":"Q8436","candidates":[]}],[{"start":0,"end":11,"url":null,"entity_id":"Q3403561","candidates":[]}]],[[{"start":0,"end":36,"url":null,"entity_id":"Q21665435","candidates":[]}],[{"start":0,"end":6,"url":null,"entity_id":"Q8436","candidates":[]}],[{"start":0,"end":11,"url":null,"entity_id":"Q3403561","candidates":[]}]],[[{"start":0,"end":39,"url":null,"entity_id":"Q21665434","candidates":[]}],[{"start":0,"end":6,"url":null,"entity_id":"Q8436","candidates":[]}],[{"start":0,"end":11,"url":null,"entity_id":"Q3403561","candidates":[]}]],[[{"start":0,"end":29,"url":null,"entity_id":"Q21665433","candidates":[]}],[{"start":0,"end":6,"url":null,"entity_id":"Q8436","candidates":[]}],[{"start":0,"end":11,"url":null,"entity_id":"Q3403561","candidates":[]}]],[[{"start":0,"end":48,"url":null,"entity_id":"Q21665457","candidates":[]}],[{"start":0,"end":5,"url":null,"entity_id":"Q7569","candidates":[]}],[{"start":0,"end":11,"url":null,"entity_id":"Q3403561","candidates":[]}]],[[{"start":0,"end":12,"url":null,"entity_id":"Q21665418","candidates":[]}],[{"start":0,"end":5,"url":null,"entity_id":"Q7569","candidates":[]}],[{"start":0,"end":11,"url":null,"entity_id":"Q3403561","candidates":[]}]],[[{"start":0,"end":27,"url":null,"entity_id":"Q21665405","candidates":[]}],[{"start":0,"end":5,"url":null,"entity_id":"Q7569","candidates":[]}],[{"start":0,"end":11,"url":null,"entity_id":"Q3403561","candidates":[]}]],[[{"start":0,"end":25,"url":null,"entity_id":"Q21665403","candidates":[]}],[{"start":0,"end":5,"url":null,"entity_id":"Q7569","candidates":[]}],[{"start":0,"end":11,"url":null,"entity_id":"Q3403561","candidates":[]}]],[[{"start":0,"end":15,"url":null,"entity_id":"Q21665402","candidates":[]}],[{"start":0,"end":5,"url":null,"entity_id":"Q7569","candidates":[]}],[{"start":0,"end":11,"url":null,"entity_id":"Q3403561","candidates":[]}]],[[{"start":0,"end":23,"url":null,"entity_id":"Q21665426","candidates":[]}],[{"start":0,"end":4,"url":null,"entity_id":"Q7561","candidates":[]}],[{"start":0,"end":11,"url":null,"entity_id":"Q3403561","candidates":[]}]],[[{"start":0,"end":19,"url":null,"entity_id":"Q21665410","candidates":[]}],[{"start":0,"end":14,"url":null,"entity_id":"Q7368","candidates":[]}],[{"start":0,"end":11,"url":null,"entity_id":"Q3403561","candidates":[]}]],[[{"start":0,"end":10,"url":null,"entity_id":"Q21665437","candidates":[]}],[{"start":0,"end":5,"url":null,"entity_id":"Q3947","candidates":[]}],[{"start":0,"end":11,"url":null,"entity_id":"Q3403561","candidates":[]}]],[[{"start":0,"end":15,"url":null,"entity_id":"Q21665443","candidates":[]}],[{"start":0,"end":4,"url":null,"entity_id":"Q3031","candidates":[]}],[{"start":0,"end":11,"url":null,"entity_id":"Q3403561","candidates":[]}]],[[{"start":0,"end":8,"url":null,"entity_id":"Q21665398","candidates":[]}],[{"start":0,"end":6,"url":null,"entity_id":"Q12280","candidates":[]}],[{"start":0,"end":11,"url":null,"entity_id":"Q3403561","candidates":[]}]]]}