[{"version":1,"nodes":[{"col_index":0,"label":"col0","id":0},{"col_index":1,"label":"col1","id":1},{"col_index":2,"label":"col2","id":2},{"col_index":3,"label":"col3","id":3},{"col_index":4,"label":"col4","id":4},{"abs_uri":"http://www.wikidata.org/entity/Q11344","rel_uri":"wd:Q11344","approximation":false,"readable_label":"chemical element (Q11344)","id":5}],"edges":[{"source":5,"target":0,"abs_uri":"http://www.w3.org/2000/01/rdf-schema#label","rel_uri":"rdfs:label","approximation":false,"readable_label":"rdfs:label","id":0},{"source":5,"target":1,"abs_uri":"http://www.wikidata.org/prop/P2129","rel_uri":"p:P2129","approximation":false,"readable_label":"immediately dangerous to life or health (P2129)","id":1},{"source":5,"target":2,"abs_uri":"http://www.wikidata.org/prop/P2102","rel_uri":"p:P2102","approximation":false,"readable_label":"boiling point (P2102)","id":2},{"source":5,"target":3,"abs_uri":"http://www.wikidata.org/prop/P1086","rel_uri":"p:P1086","approximation":false,"readable_label":"atomic number (P1086)","id":3},{"source":5,"target":4,"abs_uri":"http://www.wikidata.org/prop/P2119","rel_uri":"p:P2119","approximation":false,"readable_label":"vapor pressure (P2119)","id":4}]}]