[{"version":1,"nodes":[{"col_index":0,"label":"col0","id":0},{"col_index":1,"label":"col1","id":1},{"col_index":2,"label":"col2","id":2},{"abs_uri":"http://www.wikidata.org/entity/Q1364302","rel_uri":"wd:Q1364302","approximation":false,"readable_label":"agriculture ministry (Q1364302)","id":3}],"edges":[{"source":3,"target":0,"abs_uri":"http://www.w3.org/2000/01/rdf-schema#label","rel_uri":"rdfs:label","approximation":false,"readable_label":"rdfs:label","id":0},{"source":3,"target":1,"abs_uri":"http://www.wikidata.org/prop/P131","rel_uri":"p:P131","approximation":false,"readable_label":"located in the administrative territorial entity (P131)","id":1},{"source":3,"target":2,"abs_uri":"http://www.wikidata.org/prop/P1001","rel_uri":"p:P1001","approximation":false,"readable_label":"applies to jurisdiction (P1001)","id":2}]}]