[{"version":1,"nodes":[{"col_index":0,"label":"col0","id":0},{"col_index":1,"label":"col1","id":1},{"col_index":2,"label":"col2","id":2},{"abs_uri":"http://www.wikidata.org/entity/Q507619","rel_uri":"wd:Q507619","approximation":false,"readable_label":"retail chain (Q507619)","id":3}],"edges":[{"source":3,"target":0,"abs_uri":"http://www.w3.org/2000/01/rdf-schema#label","rel_uri":"rdfs:label","approximation":false,"readable_label":"rdfs:label","id":0},{"source":3,"target":2,"abs_uri":"http://www.wikidata.org/prop/P1454","rel_uri":"p:P1454","approximation":false,"readable_label":"legal form (P1454)","id":1},{"source":3,"target":1,"abs_uri":"http://www.wikidata.org/prop/P571","rel_uri":"p:P571","approximation":false,"readable_label":"inception (P571)","id":2}]}]