{"version":2,"table":{"version":2,"table_id":"LU7WZTFS","columns":[{"index":0,"name":"col0","values":["Kirby's Dream Eollction","Evplution Worlds","Samuri Shodown Antology","Backpacker 3: The Cllection","Namco Antholoy 1"]},{"index":1,"name":"col1","values":["HAL Laboratory","Sting Entertainment","SNK","Pan Vision","Namco"]},{"index":2,"name":"col2","values":["digital download","Nintendo optical disc","digital download","",""]}]},"context":{"version":3,"page_title":null,"page_url":null,"entities":[],"literals":[],"content_hierarchy":[]},"links":[[[{"version":2,"start":0,"end":23,"url":null,"entities":[{"id":"Q2785011","type":"wikidata"}]}],[{"version":2,"start":0,"end":14,"url":null,"entities":[{"id":"Q1068734","type":"wikidata"}]}],[{"version":2,"start":0,"end":16,"url":null,"entities":[{"id":"Q54820071","type":"wikidata"}]}]],[[{"version":2,"start":0,"end":16,"url":null,"entities":[{"id":"Q5418625","type":"wikidata"}]}],[{"version":2,"start":0,"end":19,"url":null,"entities":[{"id":"Q2983159","type":"wikidata"}]}],[{"version":2,"start":0,"end":21,"url":null,"entities":[{"id":"Q2270470","type":"wikidata"}]}]],[[{"version":2,"start":0,"end":23,"url":null,"entities":[{"id":"Q3122108","type":"wikidata"}]}],[{"version":2,"start":0,"end":3,"url":null,"entities":[{"id":"Q1044563","type":"wikidata"}]}],[{"version":2,"start":0,"end":16,"url":null,"entities":[{"id":"Q54820071","type":"wikidata"}]}]],[[{"version":2,"start":0,"end":27,"url":null,"entities":[{"id":"Q59636086","type":"wikidata"}]}],[{"version":2,"start":0,"end":10,"url":null,"entities":[{"id":"Q10615750","type":"wikidata"}]}],[]],[[{"version":2,"start":0,"end":16,"url":null,"entities":[{"id":"Q20240918","type":"wikidata"}]}],[{"version":2,"start":0,"end":5,"url":null,"entities":[{"id":"Q309996","type":"wikidata"}]}],[]]]}