{"version":2,"table":{"version":2,"table_id":"LWJWE4MP","columns":[{"index":0,"name":"col0","values":["copper-77","copper-78","copper-58","copper-53"]},{"index":1,"name":"col1","values":["-1","-1","1","-1"]}]},"context":{"version":3,"page_title":null,"page_url":null,"entities":[],"literals":[],"content_hierarchy":[]},"links":[[[{"version":2,"start":0,"end":9,"url":null,"entities":[{"id":"Q18844918","type":"wikidata"}]}],[]],[[{"version":2,"start":0,"end":9,"url":null,"entities":[{"id":"Q18844920","type":"wikidata"}]}],[]],[[{"version":2,"start":0,"end":9,"url":null,"entities":[{"id":"Q18844898","type":"wikidata"}]}],[]],[[{"version":2,"start":0,"end":9,"url":null,"entities":[{"id":"Q18844893","type":"wikidata"}]}],[]]]}