{"version":2,"table":{"version":2,"table_id":"M3GJIKOO","columns":[{"index":0,"name":"col0","values":["R. Hunt","S. J. Baumgarten",". Holl","G. Anson","G. Anson"]},{"index":1,"name":"col1","values":["Söder!Torn","","","Geprge Anson","George Bnson"]},{"index":2,"name":"col2","values":["New York City","Halle (Saale)","Augsburg","Karnal","Chelsea"]}]},"context":{"version":3,"page_title":null,"page_url":null,"entities":[],"literals":[],"content_hierarchy":[]},"links":[[[{"version":2,"start":0,"end":7,"url":null,"entities":[{"id":"Q561809","type":"wikidata"}]}],[],[{"version":2,"start":0,"end":13,"url":null,"entities":[{"id":"Q60","type":"wikidata"}]}]],[[{"version":2,"start":0,"end":16,"url":null,"entities":[{"id":"Q70333","type":"wikidata"}]}],[],[{"version":2,"start":0,"end":13,"url":null,"entities":[{"id":"Q2814","type":"wikidata"}]}]],[[{"version":2,"start":0,"end":6,"url":null,"entities":[{"id":"Q66894","type":"wikidata"}]}],[],[{"version":2,"start":0,"end":8,"url":null,"entities":[{"id":"Q2749","type":"wikidata"}]}]],[[{"version":2,"start":0,"end":8,"url":null,"entities":[{"id":"Q1506864","type":"wikidata"}]}],[],[{"version":2,"start":0,"end":6,"url":null,"entities":[{"id":"Q256194","type":"wikidata"}]}]],[[{"version":2,"start":0,"end":8,"url":null,"entities":[{"id":"Q1506865","type":"wikidata"}]}],[],[{"version":2,"start":0,"end":7,"url":null,"entities":[{"id":"Q743535","type":"wikidata"}]}]]]}