{"version":2,"table":{"version":2,"table_id":"M8IQLL6Y","columns":[{"index":0,"name":"col0","values":["Zaubin","Imangxlovo","Sytyvkar.","Avadn","armanovo.","yla","osnogorsk"]},{"index":1,"name":"col1","values":["","Imangulovsky selsoviet","Syktyvkar Urban Okrug","Selo Avadan","Karmanovsky selsoviet","Rural settlement Mylinskoye","Sosnogorsk Municipal District"]}]},"context":{"version":3,"page_title":null,"page_url":null,"entities":[],"literals":[],"content_hierarchy":[]},"links":[[[{"version":2,"start":0,"end":6,"url":null,"entities":[{"id":"Q4187603","type":"wikidata"}]}],[]],[[{"version":2,"start":0,"end":10,"url":null,"entities":[{"id":"Q4200121","type":"wikidata"}]}],[{"version":2,"start":0,"end":22,"url":null,"entities":[{"id":"Q4200120","type":"wikidata"}]}]],[[{"version":2,"start":0,"end":9,"url":null,"entities":[{"id":"Q2143","type":"wikidata"}]}],[{"version":2,"start":0,"end":21,"url":null,"entities":[{"id":"Q3744966","type":"wikidata"}]}]],[[{"version":2,"start":0,"end":5,"url":null,"entities":[{"id":"Q4055277","type":"wikidata"}]}],[{"version":2,"start":0,"end":11,"url":null,"entities":[{"id":"Q21193743","type":"wikidata"}]}]],[[{"version":2,"start":0,"end":9,"url":null,"entities":[{"id":"Q4215429","type":"wikidata"}]}],[{"version":2,"start":0,"end":21,"url":null,"entities":[{"id":"Q4215431","type":"wikidata"}]}]],[[{"version":2,"start":0,"end":3,"url":null,"entities":[{"id":"Q4309355","type":"wikidata"}]}],[{"version":2,"start":0,"end":27,"url":null,"entities":[{"id":"Q20658528","type":"wikidata"}]}]],[[{"version":2,"start":0,"end":9,"url":null,"entities":[{"id":"Q196415","type":"wikidata"}]}],[{"version":2,"start":0,"end":29,"url":null,"entities":[{"id":"Q1075102","type":"wikidata"}]}]]]}