{"version":2,"table":{"version":2,"table_id":"MBV0JULN","columns":[{"index":0,"name":"col0","values":["Mouot Song","Mount!Gilboa"]},{"index":1,"name":"col1","values":["Taishi Mountain","Har Avinadav"]}]},"context":{"version":3,"page_title":null,"page_url":null,"entities":[],"literals":[],"content_hierarchy":[]},"links":[[[{"version":2,"start":0,"end":10,"url":null,"entities":[{"id":"Q1140980","type":"wikidata"}]}],[{"version":2,"start":0,"end":15,"url":null,"entities":[{"id":"Q99217096","type":"wikidata"}]}]],[[{"version":2,"start":0,"end":12,"url":null,"entities":[{"id":"Q1161616","type":"wikidata"}]}],[{"version":2,"start":0,"end":12,"url":null,"entities":[{"id":"Q12019076","type":"wikidata"}]}]]]}