{"version":2,"table":{"version":2,"table_id":"MMSQH88M","columns":[{"index":0,"name":"col0","values":["Shelby County","Richland County","Wayne County"]},{"index":1,"name":"col1","values":["48230","124936","116894"]},{"index":2,"name":"col2","values":["1065","1296","557"]}]},"context":{"version":3,"page_title":null,"page_url":null,"entities":[],"literals":[],"content_hierarchy":[]},"links":[[[{"version":2,"start":0,"end":13,"url":null,"entities":[{"id":"Q489546","type":"wikidata"}]}],[],[]],[[{"version":2,"start":0,"end":15,"url":null,"entities":[{"id":"Q403310","type":"wikidata"}]}],[],[]],[[{"version":2,"start":0,"end":12,"url":null,"entities":[{"id":"Q403184","type":"wikidata"}]}],[],[]]]}