{"version":2,"table":{"version":2,"table_id":"MOD0AU5I","columns":[{"index":0,"name":"col0","values":["Embassy of India, Kinshasa","embassy of Slovakia in Albania","Embassy of Jordan","Embassy of Turkey, Baku","Embassy of India, Abidjan","Embassy of Turkey, Rome","Embassy of Turkey, Abuja","Embassy of Latvia","Embassy of India, Havana"]},{"index":1,"name":"col1","values":["","","","","","ambassador of Turkey to Italy","","",""]}]},"context":{"version":3,"page_title":null,"page_url":null,"entities":[],"literals":[],"content_hierarchy":[]},"links":[[[{"version":2,"start":0,"end":26,"url":null,"entities":[{"id":"Q73093005","type":"wikidata"}]}],[]],[[{"version":2,"start":0,"end":30,"url":null,"entities":[{"id":"Q52197775","type":"wikidata"}]}],[]],[[{"version":2,"start":0,"end":17,"url":null,"entities":[{"id":"Q16941281","type":"wikidata"}]}],[]],[[{"version":2,"start":0,"end":23,"url":null,"entities":[{"id":"Q16417782","type":"wikidata"}]}],[]],[[{"version":2,"start":0,"end":25,"url":null,"entities":[{"id":"Q73093098","type":"wikidata"}]}],[]],[[{"version":2,"start":0,"end":23,"url":null,"entities":[{"id":"Q94234549","type":"wikidata"}]}],[{"version":2,"start":0,"end":29,"url":null,"entities":[{"id":"Q85098838","type":"wikidata"}]}]],[[{"version":2,"start":0,"end":24,"url":null,"entities":[{"id":"Q1148225","type":"wikidata"}]}],[]],[[{"version":2,"start":0,"end":17,"url":null,"entities":[{"id":"Q2383217","type":"wikidata"}]}],[]],[[{"version":2,"start":0,"end":24,"url":null,"entities":[{"id":"Q73093349","type":"wikidata"}]}],[]]]}