{"version":2,"table":{"version":2,"table_id":"MTL36NFP","columns":[{"index":0,"name":"col0","values":["Kula Palež","Capela de Santo António dos Índios","Kirchenruine","Morbegna","Ruine Moschellandsberg"]},{"index":1,"name":"col1","values":["1087","50.3","455","2500","306"]}]},"context":{"version":3,"page_title":null,"page_url":null,"entities":[],"literals":[],"content_hierarchy":[]},"links":[[[{"version":2,"start":0,"end":10,"url":null,"entities":[{"id":"Q64788718","type":"wikidata"}]}],[]],[[{"version":2,"start":0,"end":34,"url":null,"entities":[{"id":"Q61727395","type":"wikidata"}]}],[]],[[{"version":2,"start":0,"end":12,"url":null,"entities":[{"id":"Q41400722","type":"wikidata"}]}],[]],[[{"version":2,"start":0,"end":8,"url":null,"entities":[{"id":"Q29000289","type":"wikidata"}]}],[]],[[{"version":2,"start":0,"end":22,"url":null,"entities":[{"id":"Q32269286","type":"wikidata"}]}],[]]]}