{"version":2,"table":{"version":2,"table_id":"MUH0245O","columns":[{"index":0,"name":"col0","values":["Darmstadt-Arheilgen station","Wismar railway station","Wilmersdorf (b Angermünde) railway station","Wesenberg railway station","Velgast station","Torgelow railway station"]},{"index":1,"name":"col1","values":["1","3","3","2","3","2"]}]},"context":{"version":3,"page_title":null,"page_url":null,"entities":[],"literals":[],"content_hierarchy":[]},"links":[[[{"version":2,"start":0,"end":27,"url":null,"entities":[{"id":"Q9202355","type":"wikidata"}]}],[]],[[{"version":2,"start":0,"end":22,"url":null,"entities":[{"id":"Q8027670","type":"wikidata"}]}],[]],[[{"version":2,"start":0,"end":42,"url":null,"entities":[{"id":"Q8022711","type":"wikidata"}]}],[]],[[{"version":2,"start":0,"end":25,"url":null,"entities":[{"id":"Q7983806","type":"wikidata"}]}],[]],[[{"version":2,"start":0,"end":15,"url":null,"entities":[{"id":"Q7918908","type":"wikidata"}]}],[]],[[{"version":2,"start":0,"end":24,"url":null,"entities":[{"id":"Q7825714","type":"wikidata"}]}],[]]]}