{"version":2,"table":{"version":2,"table_id":"MZ6SF5Q8","columns":[{"index":0,"name":"col0","values":["Mark Chang","Krang","Krang","Krang","Krang"]},{"index":1,"name":"col1","values":["The Fairly OddParents","Secret Origins, Part 3","Teenage Mutant Ninja Turtles Adventures","Teenage Mutant Ninja Turtles: Out of the Shadows","The Blue Door"]},{"index":2,"name":"col2","values":["red","","","",""]}]},"context":{"version":3,"page_title":null,"page_url":null,"entities":[],"literals":[],"content_hierarchy":[]},"links":[[[{"version":2,"start":0,"end":10,"url":null,"entities":[{"id":"Q10326577","type":"wikidata"}]}],[{"version":2,"start":0,"end":21,"url":null,"entities":[{"id":"Q39037","type":"wikidata"}]}],[{"version":2,"start":0,"end":3,"url":null,"entities":[{"id":"Q17126729","type":"wikidata"}]}]],[[{"version":2,"start":0,"end":5,"url":null,"entities":[{"id":"Q106807080","type":"wikidata"}]}],[{"version":2,"start":0,"end":22,"url":null,"entities":[{"id":"Q80290191","type":"wikidata"}]}],[]],[[{"version":2,"start":0,"end":5,"url":null,"entities":[{"id":"Q83986530","type":"wikidata"}]}],[{"version":2,"start":0,"end":39,"url":null,"entities":[{"id":"Q2342463","type":"wikidata"}]}],[]],[[{"version":2,"start":0,"end":5,"url":null,"entities":[{"id":"Q83985013","type":"wikidata"}]}],[{"version":2,"start":0,"end":48,"url":null,"entities":[{"id":"Q19842746","type":"wikidata"}]}],[]],[[{"version":2,"start":0,"end":5,"url":null,"entities":[{"id":"Q83890497","type":"wikidata"}]}],[{"version":2,"start":0,"end":13,"url":null,"entities":[{"id":"Q80904214","type":"wikidata"}]}],[]]]}