{"version":2,"table":{"version":2,"table_id":"N3MW429J","columns":[{"index":0,"name":"col0","values":["Busang","Gotthard Oberalp\"Crena","shiuchi Maryama Ski Resort","Fauaya Mzaar Kfardebian","Invincble Snowfields","Eschenberglft","Bonabì"]},{"index":1,"name":"col1","values":["France","Switzerland","Japan","Lebanon","New Zealand","Germany","Spain"]}]},"context":{"version":3,"page_title":null,"page_url":null,"entities":[],"literals":[],"content_hierarchy":[]},"links":[[[{"version":2,"start":0,"end":6,"url":null,"entities":[{"id":"Q819331","type":"wikidata"}]}],[{"version":2,"start":0,"end":6,"url":null,"entities":[{"id":"Q142","type":"wikidata"}]}]],[[{"version":2,"start":0,"end":22,"url":null,"entities":[{"id":"Q5588044","type":"wikidata"}]}],[{"version":2,"start":0,"end":11,"url":null,"entities":[{"id":"Q39","type":"wikidata"}]}]],[[{"version":2,"start":0,"end":26,"url":null,"entities":[{"id":"Q11586538","type":"wikidata"}]}],[{"version":2,"start":0,"end":5,"url":null,"entities":[{"id":"Q17","type":"wikidata"}]}]],[[{"version":2,"start":0,"end":23,"url":null,"entities":[{"id":"Q787069","type":"wikidata"}]}],[{"version":2,"start":0,"end":7,"url":null,"entities":[{"id":"Q822","type":"wikidata"}]}]],[[{"version":2,"start":0,"end":20,"url":null,"entities":[{"id":"Q6061066","type":"wikidata"}]}],[{"version":2,"start":0,"end":11,"url":null,"entities":[{"id":"Q664","type":"wikidata"}]}]],[[{"version":2,"start":0,"end":13,"url":null,"entities":[{"id":"Q1665319","type":"wikidata"}]}],[{"version":2,"start":0,"end":7,"url":null,"entities":[{"id":"Q183","type":"wikidata"}]}]],[[{"version":2,"start":0,"end":6,"url":null,"entities":[{"id":"Q2909884","type":"wikidata"}]}],[{"version":2,"start":0,"end":5,"url":null,"entities":[{"id":"Q29","type":"wikidata"}]}]]]}