{"version":2,"table":{"version":2,"table_id":"N52BG3XY","columns":[{"index":0,"name":"col0","values":["methylcyclopentadienyl manganese tricarbonyl","thioglycolic acid","dicyclohexylmethane-4,4'-diisocyanate","o-anisidine","triorthocresyl phosphate","m-nitrotoluene","oil mist"]},{"index":1,"name":"col1","values":["","","","1","","0.05",""]},{"index":2,"name":"col2","values":["7","10","0.001","0.1","0.00002","0.1","0.5"]}]},"context":{"version":3,"page_title":null,"page_url":null,"entities":[],"literals":[],"content_hierarchy":[]},"links":[[[{"version":2,"start":0,"end":44,"url":null,"entities":[{"id":"Q158568","type":"wikidata"}]}],[],[]],[[{"version":2,"start":0,"end":17,"url":null,"entities":[{"id":"Q414738","type":"wikidata"}]}],[],[]],[[{"version":2,"start":0,"end":37,"url":null,"entities":[{"id":"Q1562648","type":"wikidata"}]}],[],[]],[[{"version":2,"start":0,"end":11,"url":null,"entities":[{"id":"Q3295808","type":"wikidata"}]}],[],[]],[[{"version":2,"start":0,"end":24,"url":null,"entities":[{"id":"Q20964363","type":"wikidata"}]}],[],[]],[[{"version":2,"start":0,"end":14,"url":null,"entities":[{"id":"Q2816005","type":"wikidata"}]}],[],[]],[[{"version":2,"start":0,"end":8,"url":null,"entities":[{"id":"Q12269575","type":"wikidata"}]}],[],[]]]}