{"version":2,"table":{"version":2,"table_id":"N5PNP10I","columns":[{"index":0,"name":"col0","values":["Observation tower","Artix"]},{"index":1,"name":"col1","values":["Heading from Forst, turn the first street left","In Chlastawa, of the petrol station,opposite IKEA"]}]},"context":{"version":3,"page_title":null,"page_url":null,"entities":[],"literals":[],"content_hierarchy":[]},"links":[[[{"version":2,"start":0,"end":17,"url":null,"entities":[{"id":"Q93091566","type":"wikidata"}]}],[]],[[{"version":2,"start":0,"end":5,"url":null,"entities":[{"id":"Q88262640","type":"wikidata"}]}],[]]]}