{"version":2,"table":{"version":2,"table_id":"N8W4RPHS","columns":[{"index":0,"name":"col0","values":["Hurricane Michael","Hurricane Gilbert","Hurricane Genevieve","Hurricane Ingrid","Hurricane Edith","Hurricane Dean"]},{"index":1,"name":"col1","values":["919","888","915","862","943","907"]}]},"context":{"version":3,"page_title":null,"page_url":null,"entities":[],"literals":[],"content_hierarchy":[]},"links":[[[{"version":2,"start":0,"end":17,"url":null,"entities":[{"id":"Q57082056","type":"wikidata"}]}],[]],[[{"version":2,"start":0,"end":17,"url":null,"entities":[{"id":"Q1139080","type":"wikidata"}]}],[]],[[{"version":2,"start":0,"end":19,"url":null,"entities":[{"id":"Q17486636","type":"wikidata"}]}],[]],[[{"version":2,"start":0,"end":16,"url":null,"entities":[{"id":"Q14917757","type":"wikidata"}]}],[]],[[{"version":2,"start":0,"end":15,"url":null,"entities":[{"id":"Q3045604","type":"wikidata"}]}],[]],[[{"version":2,"start":0,"end":14,"url":null,"entities":[{"id":"Q695842","type":"wikidata"}]}],[]]]}