{"version":2,"table":{"version":2,"table_id":"NAEJ1RRU","columns":[{"index":0,"name":"col0","values":["Andreas Maurer","Kurt Linder","Katie O'Brien","Pere Riba","Barry MacKay","Chris Roberts"]},{"index":1,"name":"col1","values":["1958-03-08","1933-10-08","1986-05-02","1988-04-07","1935-08-31","1944-03-13"]},{"index":2,"name":"col2","values":["","2022-12-12","","","2012-06-15","2017-07-02"]},{"index":3,"name":"col3","values":["right-handedness","","two-handed backhand","right-handedness","right-handedness",""]}]},"context":{"version":3,"page_title":null,"page_url":null,"entities":[],"literals":[],"content_hierarchy":[]},"links":[[[{"version":2,"start":0,"end":14,"url":null,"entities":[{"id":"Q96378","type":"wikidata"}]}],[],[],[{"version":2,"start":0,"end":16,"url":null,"entities":[{"id":"Q3039938","type":"wikidata"}]}]],[[{"version":2,"start":0,"end":11,"url":null,"entities":[{"id":"Q71565","type":"wikidata"}]}],[],[],[]],[[{"version":2,"start":0,"end":13,"url":null,"entities":[{"id":"Q254319","type":"wikidata"}]}],[],[],[{"version":2,"start":0,"end":19,"url":null,"entities":[{"id":"Q14420068","type":"wikidata"}]}]],[[{"version":2,"start":0,"end":9,"url":null,"entities":[{"id":"Q457055","type":"wikidata"}]}],[],[],[{"version":2,"start":0,"end":16,"url":null,"entities":[{"id":"Q3039938","type":"wikidata"}]}]],[[{"version":2,"start":0,"end":12,"url":null,"entities":[{"id":"Q1258939","type":"wikidata"}]}],[],[],[{"version":2,"start":0,"end":16,"url":null,"entities":[{"id":"Q3039938","type":"wikidata"}]}]],[[{"version":2,"start":0,"end":13,"url":null,"entities":[{"id":"Q70303","type":"wikidata"}]}],[],[],[]]]}