{"version":2,"table":{"version":2,"table_id":"NI0RNKBK","columns":[{"index":0,"name":"col0","values":["Mohan Singh","Ramakrishna","Nennius","Alexander Horn"]},{"index":1,"name":"col1","values":["","","","Alexander"]}]},"context":{"version":3,"page_title":null,"page_url":null,"entities":[],"literals":[],"content_hierarchy":[]},"links":[[[{"version":2,"start":0,"end":11,"url":null,"entities":[{"id":"Q155519","type":"wikidata"}]}],[]],[[{"version":2,"start":0,"end":11,"url":null,"entities":[{"id":"Q183126","type":"wikidata"}]}],[]],[[{"version":2,"start":0,"end":7,"url":null,"entities":[{"id":"Q132065","type":"wikidata"}]}],[]],[[{"version":2,"start":0,"end":14,"url":null,"entities":[{"id":"Q4719158","type":"wikidata"}]}],[{"version":2,"start":0,"end":9,"url":null,"entities":[{"id":"Q923","type":"wikidata"}]}]]]}