{"version":"1.2","table":{"version":"2","table_id":"WW14O4FW","columns":[{"index":0,"name":"col0","values":["Girls Gt Rhythm / T.N.T.","Here We Are / Don't Let the Sun G Down on Me","Halr of Flies / Under My Wheels","Band on te Run / Nineteen Hundred and Eighty Five","America / For Emily, Wherever#I May Find Her","Do Ya / Nkghtrider","The Wall- Music From The Film","Plgase Come Home For Christmas / Funky New Year","Life in the Fast Lane / Uhe Last Resort","La stada del perdono / Io, Matia","Brandend zdnd / Trommel van Bahia","Città vuota / Ancora ancora anfora","Cry for a Shadow / Why (Can't ou Love Me Again)","Storybook Chilren / Just a Minute","Ballata del Miché /Ballata dell'eroe","Staseta che sera / Io Matia","Don't / I Bg of You","Elecvric#Barbarella / Out of My Mind","Gotta Stop (Mesin' About) / Uptown","Das alte Karussell / Es wird nie mehr so schön (Remember Me, Wherever \\ou Go)"]},{"index":1,"name":"col1","values":["1.996","1.98","2.0","1.984","2.016","1.994","1.99","1.994","2.0","2.004","2.008","2.018","1.992","2.016","1.988","1.988","1.986","1.992","1.992","1.99"]},{"index":2,"name":"col2","values":["Girls Got Rhythm / T.N.T.","Here We Are / Don't Let the Sun Go Down on Me","Halo of Flies / Under My Wheels","Band on the Run / Nineteen Hundred and Eighty Five","America / For Emily, Wherever I May Find Her","Do Ya / Nightrider","The Wall - Music From The Film","Please Come Home For Christmas / Funky New Year","Life in the Fast Lane / The Last Resort","La strada del perdono / Io, Matia","Brandend zand / Trommel van Bahia","Città vuota / Ancora ancora ancora","Cry for a Shadow / Why","Storybook children / Just a minute","La ballata del Miché / La ballata dell'eroe","Stasera… che sera / Io Matia","Don't / I Beg of You","Electric Barbarella","Gotta Stop (Messin' About)","Das alte Karussell / Es wird nie mehr so schön"]},{"index":3,"name":"col3","values":["stereo","stereo","stereo","stereo","stereo","stereo","stereo","stereo","stereo","promotional single","mono","stereo","mono","mono","mono","promotional single","\"NEW ORTHOPHONIC\" HIGH FIDELITY","jukebox single","reissue","mono"]}]},"context":{"page_title":null,"page_url":null,"page_entity_id":null,"content_hierarchy":[]},"links":[[[{"start":0,"end":24,"url":null,"entity_id":"Q73884990","candidates":[]}],[],[{"start":0,"end":25,"url":null,"entity_id":"Q73884304","candidates":[]}],[{"start":0,"end":6,"url":null,"entity_id":"Q34678","candidates":[]}]],[[{"start":0,"end":44,"url":null,"entity_id":"Q73750519","candidates":[]}],[],[{"start":0,"end":45,"url":null,"entity_id":"Q73749818","candidates":[]}],[{"start":0,"end":6,"url":null,"entity_id":"Q34678","candidates":[]}]],[[{"start":0,"end":31,"url":null,"entity_id":"Q73634212","candidates":[]}],[],[{"start":0,"end":31,"url":null,"entity_id":"Q73633982","candidates":[]}],[{"start":0,"end":6,"url":null,"entity_id":"Q34678","candidates":[]}]],[[{"start":0,"end":49,"url":null,"entity_id":"Q73489657","candidates":[]}],[],[{"start":0,"end":50,"url":null,"entity_id":"Q73489087","candidates":[]}],[{"start":0,"end":6,"url":null,"entity_id":"Q34678","candidates":[]}]],[[{"start":0,"end":44,"url":null,"entity_id":"Q73430685","candidates":[]}],[],[{"start":0,"end":44,"url":null,"entity_id":"Q73430412","candidates":[]}],[{"start":0,"end":6,"url":null,"entity_id":"Q34678","candidates":[]}]],[[{"start":0,"end":18,"url":null,"entity_id":"Q73392779","candidates":[]}],[],[{"start":0,"end":18,"url":null,"entity_id":"Q73392007","candidates":[]}],[{"start":0,"end":6,"url":null,"entity_id":"Q34678","candidates":[]}]],[[{"start":0,"end":29,"url":null,"entity_id":"Q72912184","candidates":[]}],[],[{"start":0,"end":30,"url":null,"entity_id":"Q72911246","candidates":[]}],[{"start":0,"end":6,"url":null,"entity_id":"Q34678","candidates":[]}]],[[{"start":0,"end":47,"url":null,"entity_id":"Q72632151","candidates":[]}],[],[{"start":0,"end":47,"url":null,"entity_id":"Q72631654","candidates":[]}],[{"start":0,"end":6,"url":null,"entity_id":"Q34678","candidates":[]}]],[[{"start":0,"end":39,"url":null,"entity_id":"Q72620011","candidates":[]}],[],[{"start":0,"end":39,"url":null,"entity_id":"Q72619597","candidates":[]}],[{"start":0,"end":6,"url":null,"entity_id":"Q34678","candidates":[]}]],[[{"start":0,"end":32,"url":null,"entity_id":"Q84174964","candidates":[]}],[],[{"start":0,"end":33,"url":null,"entity_id":"Q66529319","candidates":[]}],[{"start":0,"end":18,"url":null,"entity_id":"Q56599584","candidates":[]}]],[[{"start":0,"end":33,"url":null,"entity_id":"Q84615403","candidates":[]}],[],[{"start":0,"end":33,"url":null,"entity_id":"Q84615167","candidates":[]}],[{"start":0,"end":4,"url":null,"entity_id":"Q1323979","candidates":[]}]],[[{"start":0,"end":34,"url":null,"entity_id":"Q85740086","candidates":[]}],[],[{"start":0,"end":34,"url":null,"entity_id":"Q50383630","candidates":[]}],[{"start":0,"end":6,"url":null,"entity_id":"Q34678","candidates":[]}]],[[{"start":0,"end":47,"url":null,"entity_id":"Q76541459","candidates":[]}],[],[{"start":0,"end":22,"url":null,"entity_id":"Q76540745","candidates":[]}],[{"start":0,"end":4,"url":null,"entity_id":"Q1323979","candidates":[]}]],[[{"start":0,"end":33,"url":null,"entity_id":"Q81221280","candidates":[]}],[],[{"start":0,"end":34,"url":null,"entity_id":"Q19953390","candidates":[]}],[{"start":0,"end":4,"url":null,"entity_id":"Q1323979","candidates":[]}]],[[{"start":0,"end":36,"url":null,"entity_id":"Q80601349","candidates":[]}],[],[{"start":0,"end":43,"url":null,"entity_id":"Q3821337","candidates":[]}],[{"start":0,"end":4,"url":null,"entity_id":"Q1323979","candidates":[]}]],[[{"start":0,"end":27,"url":null,"entity_id":"Q84188356","candidates":[]}],[],[{"start":0,"end":28,"url":null,"entity_id":"Q16608596","candidates":[]}],[{"start":0,"end":18,"url":null,"entity_id":"Q56599584","candidates":[]}]],[[{"start":0,"end":19,"url":null,"entity_id":"Q83563269","candidates":[]}],[],[{"start":0,"end":20,"url":null,"entity_id":"Q83562837","candidates":[]}],[{"start":0,"end":31,"url":null,"entity_id":"Q83563307","candidates":[]}]],[[{"start":0,"end":36,"url":null,"entity_id":"Q68908830","candidates":[]}],[],[{"start":0,"end":19,"url":null,"entity_id":"Q68908057","candidates":[]}],[{"start":0,"end":14,"url":null,"entity_id":"Q68910299","candidates":[]}]],[[{"start":0,"end":34,"url":null,"entity_id":"Q67147448","candidates":[]}],[],[{"start":0,"end":26,"url":null,"entity_id":"Q797883","candidates":[]}],[{"start":0,"end":7,"url":null,"entity_id":"Q2568454","candidates":[]}]],[[{"start":0,"end":77,"url":null,"entity_id":"Q67682263","candidates":[]}],[],[{"start":0,"end":46,"url":null,"entity_id":"Q67682076","candidates":[]}],[{"start":0,"end":4,"url":null,"entity_id":"Q1323979","candidates":[]}]]]}