{"version":"1.2","table":{"version":"2","table_id":"WWBIR8H6","columns":[{"index":0,"name":"col0","values":["Michael Schumacher","Michael Schumacher","Michael Schumacher","Michael Schumacher","Michael Schumacher","Michael Schumacher","Michael Schumacher","Michael Schumacher","Michael Schumacher","Michael Schumacher","Michael Schumacher","Michael Schumacher","Michael Schumacher","Michael Schumacher","Michael Schumacher","Michael Schumacher","Michael Schumacher","Michael Schumacher","Michael Schumacher","Michael Schumacher","Michael Schumacher","Michael Schumacher","Michael Schumacher","Michael Schumacher","Michael Schumacher","Michael Schumacher","Michael Schumacher","Michael Schumacher","Michael Schumacher","Michael Schumacher","Michael Schumacher","Michael Schumacher","Michael Schumacher","Michael Schumacher","Michael Schumacher","Michael Schumacher","Michael Schumacher","Michael Schumacher","Michael Schumacher","Michael Schumacher","Michael Schumacher","Michael Schumacher","Michael Schumacher","Michael Schumacher","Michael Schumacher","Michael Schumacher","Michael Schumacher","Michael Schumacher","Michael Schumacher","Michael Schumacher","Michael Schumacher","Michael Schumacher","Michael Schumacher","Michael Schumacher","Michael Schumacher","Michael Schumacher","Michael Schumacher","Michael Schumacher","Michael Schumacher","Michael Schumacher","Michael Schumacher","Michael Schumacher","Michael Schumacher","Michael Schumacher","Michael Schumacher","Michael Schumacher","Michael Schumacher","Michael Schumacher","Michael Schumacher","Michael Schumacher","Michael Schumacher","Michael Schumacher","Alain Prost","Alain Prost","Alain Prost","Alain Prost","Alain Prost","Alain Prost","Alain Prost","Alain Prost","Alain Prost","Alain Prost","Alain Prost","Alain Prost","Alain Prost","Alain Prost","Alain Prost","Alain Prost","Alain Prost","Alain Prost","Alain Prost","Alain Prost","Alain Prost","Alain Prost","Alain Prost","Alain Prost","Lewis Hamilton","Lewis Hamilton","Lewis Hamilton","Lewis Hamilton","Lewis Hamilton","Lewis Hamilton","Lewis Hamilton","Lewis Hamilton","Lewis Hamilton","Lewis Hamilton","Lewis Hamilton","Lewis Hamilton","Lewis Hamilton","Lewis Hamilton","Lewis Hamilton","Lewis Hamilton","Lewis Hamilton","Lewis Hamilton","Lewis Hamilton","Lewis Hamilton","Lewis Hamilton","Lewis Hamilton","Lewis Hamilton","Lewis Hamilton","Lewis Hamilton","Lewis Hamilton","Lewis Hamilton","Lewis Hamilton","Lewis Hamilton","Lewis Hamilton","Lewis Hamilton","Lewis Hamilton","Lewis Hamilton","Lewis Hamilton","Lewis Hamilton","Lewis Hamilton","Lewis Hamilton","Lewis Hamilton","Lewis Hamilton","Lewis Hamilton","Lewis Hamilton","Mario Andretti","Ayrton Senna","Ayrton Senna","Ayrton Senna","Ayrton Senna","Ayrton Senna","Ayrton Senna","Ayrton Senna","Ayrton Senna","Ayrton Senna","Ayrton Senna","Ayrton Senna","Ayrton Senna","Ayrton Senna","Ayrton Senna","Ayrton Senna","Ayrton Senna","Ayrton Senna","Ayrton Senna","Ayrton Senna","Ayrton Senna","Ayrton Senna","Ayrton Senna","Ayrton Senna","Ayrton Senna","Ayrton Senna","Stirling Moss","Sebastian Vettel","Sebastian Vettel","Sebastian Vettel","Sebastian Vettel","Sebastian Vettel","Sebastian Vettel","Sebastian Vettel","Sebastian Vettel","Sebastian Vettel","Sebastian Vettel","Sebastian Vettel","Sebastian Vettel","Sebastian Vettel","Sebastian Vettel","Sebastian Vettel","Sebastian Vettel","Sebastian Vettel","Sebastian Vettel","Sebastian Vettel","Sebastian Vettel","Sebastian Vettel","Sebastian Vettel","Sebastian Vettel","Sebastian Vettel","Sebastian Vettel","Sebastian Vettel","Sebastian Vettel","Sebastian Vettel","Sebastian Vettel","Sebastian Vettel","Sebastian Vettel","Sebastian Vettel","Sebastian Vettel","Sebastian Vettel","Sebastian Vettel","Sebastian Vettel","Sebastian Vettel","Sebastian Vettel","Sebastian Vettel","Sebastian Vettel","Sebastian Vettel","Juan Manuel Fangio","Juan Manuel Fangio","Juan Manuel Fangio","Juan Manuel Fangio","Juan Manuel Fangio","Juan Manuel Fangio","Juan Manuel Fangio","Juan Manuel Fangio","Juan Manuel Fangio","Juan Manuel Fangio","Juan Manuel Fangio","Juan Manuel Fangio","Juan Manuel Fangio","Juan Manuel Fangio","Juan Manuel Fangio","Juan Manuel Fangio","Fernando Alonso","Fernando Alonso","Fernando Alonso","Fernando Alonso","Fernando Alonso","Fernando Alonso","Fernando Alonso","Fernando Alonso","Fernando Alonso","Fernando Alonso","Fernando Alonso","Emerson Fittipaldi","Emerson Fittipaldi","Emerson Fittipaldi","Emerson Fittipaldi","Emerson Fittipaldi","Nico Rosberg","Nico Rosberg","Nico Rosberg","Nico Rosberg","Damon Hill","Damon Hill","Nico Rosberg","Nico Rosberg","Nico Rosberg","Nico Rosberg","Nico Rosberg","Nico Rosberg","Nico Rosberg","Nico Rosberg","Nico Rosberg","Nico Rosberg","Nico Rosberg","Nico Rosberg","Nico Rosberg","Nico Rosberg","Nico Rosberg","Nico Rosberg","Nico Rosberg","Nico Rosberg","Nico Rosberg","Niki Lauda","Niki Lauda","Niki Lauda","Niki Lauda","Niki Lauda","Niki Lauda","Niki Lauda","Niki Lauda","Niki Lauda","Niki Lauda","Niki Lauda","Niki Lauda","Niki Lauda","Niki Lauda","Niki Lauda","Niki Lauda","Niki Lauda","Niki Lauda","Niki Lauda","Niki Lauda","Mika Häkkinen","Mika Häkkinen","Mika Häkkinen","Mika Häkkinen","Mika Häkkinen","Mika Häkkinen","Mika Häkkinen","Mika Häkkinen","Mika Häkkinen","Mika Häkkinen","Mika Häkkinen","Mika Häkkinen","Mika Häkkinen","Mika Häkkinen","Mika Häkkinen","Mika Häkkinen","Bruce McLaren","Jacky Ickx","Jacky Ickx","Jacky Ickx","Jacky Ickx","Jacky Ickx","Jacky Ickx","Jacky Ickx","David Coulthard","David Coulthard","David Coulthard","David Coulthard","David Coulthard","David Coulthard","David Coulthard","David Coulthard","David Coulthard","Alberto Ascari","Alberto Ascari","Alberto Ascari","Alberto Ascari","Alberto Ascari","Alberto Ascari","Alberto Ascari","Alberto Ascari","Alberto Ascari","Alberto Ascari","Alberto Ascari","Alberto Ascari","Alberto Ascari","Alberto Ascari","Alberto Ascari","Alberto Ascari","Alberto Ascari","Denny Hulme","Chris Amon","Chris Amon","Chris Amon","Maurice Trintignant","Jenson Button","Jenson Button","Jenson Button","Jenson Button","Jenson Button","Jenson Button","Jenson Button","Jenson Button","Phil Hill","Phil Hill","Phil Hill","Mike Parkes","Louis Chiron","Peter Revson","Gerhard Berger","Gerhard Berger","Gerhard Berger","Felipe Massa","Felipe Massa","Felipe Massa","Felipe Massa","Felipe Massa","Felipe Massa","Felipe Massa","Felipe Massa","Felipe Massa","Felipe Massa","Felipe Massa","Gerhard Berger","Gerhard Berger","Gerhard Berger","Gerhard Berger","Gerhard Berger","James Hunt","James Hunt","James Hunt","James Hunt","James Hunt","James Hunt","James Hunt","Carlos Reutemann","Carlos Reutemann","Carlos Reutemann","Carlos Reutemann","Carlos Reutemann","Peter Collins (racing driver)","Peter Collins (racing driver)","Peter Collins (racing driver)","René Arnoux","René Arnoux","René Arnoux","Keke Rosberg","Reg Parnell","Giancarlo Baghetti","Giancarlo Baghetti","Jody Scheckter","Giancarlo Baghetti","Ludovico Scarfiotti","Jody Scheckter","Jody Scheckter","Riccardo Patrese","Willy Mairesse","Willy Mairesse","Luigi Villoresi","Mike Hawthorn","Lorenzo Bandini","Mike Hawthorn","Mike Hawthorn","Mike Hawthorn","Tony Brooks","Tony Brooks","Lorenzo Bandini","Clay Regazzoni","José Froilán González","Clay Regazzoni","Clay Regazzoni","José Froilán González","José Froilán González","Clay Regazzoni","Clay Regazzoni","Clay Regazzoni","Eddie Irvine","Eddie Irvine","Eddie Irvine","Eddie Irvine","José Froilán González","Gilles Villeneuve","Gilles Villeneuve","Gilles Villeneuve","Gilles Villeneuve","Gilles Villeneuve","Gilles Villeneuve","Gilles Villeneuve","Heikki Kovalainen","Daniel Ricciardo","Daniel Ricciardo","Daniel Ricciardo","Daniel Ricciardo","Jochen Mass","John Watson (racing driver)","Luigi Musso","Didier Pironi","Didier Pironi","Patrick Tambay","Patrick Tambay","Max Verstappen","Piero Taruffi"]},{"index":1,"name":"col1","values":["Scuderia Ferrari","Scuderia Ferrari","Scuderia Ferrari","Scuderia Ferrari","Scuderia Ferrari","Scuderia Ferrari","Scuderia Ferrari","Scuderia Ferrari","Scuderia Ferrari","Scuderia Ferrari","Scuderia Ferrari","Scuderia Ferrari","Scuderia Ferrari","Scuderia Ferrari","Scuderia Ferrari","Scuderia Ferrari","Scuderia Ferrari","Scuderia Ferrari","Scuderia Ferrari","Scuderia Ferrari","Scuderia Ferrari","Scuderia Ferrari","Scuderia Ferrari","Scuderia Ferrari","Scuderia Ferrari","Scuderia Ferrari","Scuderia Ferrari","Scuderia Ferrari","Scuderia Ferrari","Scuderia Ferrari","Scuderia Ferrari","Scuderia Ferrari","Scuderia Ferrari","Scuderia Ferrari","Scuderia Ferrari","Scuderia Ferrari","Scuderia Ferrari","Scuderia Ferrari","Scuderia Ferrari","Scuderia Ferrari","Scuderia Ferrari","Scuderia Ferrari","Scuderia Ferrari","Scuderia Ferrari","Scuderia Ferrari","Scuderia Ferrari","Scuderia Ferrari","Scuderia Ferrari","Scuderia Ferrari","Scuderia Ferrari","Scuderia Ferrari","Scuderia Ferrari","Scuderia Ferrari","Scuderia Ferrari","Scuderia Ferrari","Scuderia Ferrari","Scuderia Ferrari","Scuderia Ferrari","Scuderia Ferrari","Scuderia Ferrari","Scuderia Ferrari","Scuderia Ferrari","Scuderia Ferrari","Scuderia Ferrari","Scuderia Ferrari","Scuderia Ferrari","Scuderia Ferrari","Scuderia Ferrari","Scuderia Ferrari","Scuderia Ferrari","Scuderia Ferrari","Scuderia Ferrari","McLaren","McLaren","McLaren","McLaren","McLaren","McLaren","McLaren","McLaren","McLaren","McLaren","McLaren","McLaren","McLaren","McLaren","McLaren","McLaren","McLaren","Williams Grand Prix Engineering","Williams Grand Prix Engineering","Scuderia Ferrari","Scuderia Ferrari","Scuderia Ferrari","Scuderia Ferrari","Scuderia Ferrari","McLaren","McLaren","McLaren","McLaren","McLaren","McLaren","McLaren","McLaren","McLaren","McLaren","McLaren","McLaren","McLaren","Mercedes-Benz in Formula One","Mercedes-Benz in Formula One","Mercedes-Benz in Formula One","Mercedes-Benz in Formula One","Mercedes-Benz in Formula One","Mercedes-Benz in Formula One","Mercedes-Benz in Formula One","Mercedes-Benz in Formula One","Mercedes-Benz in Formula One","Mercedes-Benz in Formula One","Mercedes-Benz in Formula One","Mercedes-Benz in Formula One","Mercedes-Benz in Formula One","Mercedes-Benz in Formula One","Mercedes-Benz in Formula One","Mercedes-Benz in Formula One","Mercedes-Benz in Formula One","Mercedes-Benz in Formula One","Mercedes-Benz in Formula One","Mercedes-Benz in Formula One","Mercedes-Benz in Formula One","Mercedes-Benz in Formula One","Mercedes-Benz in Formula One","Mercedes-Benz in Formula One","Mercedes-Benz in Formula One","Mercedes-Benz in Formula One","Mercedes-Benz in Formula One","Mercedes-Benz in Formula One","Scuderia Ferrari","McLaren","McLaren","McLaren","McLaren","McLaren","McLaren","McLaren","McLaren","McLaren","McLaren","McLaren","McLaren","McLaren","McLaren","McLaren","McLaren","McLaren","McLaren","McLaren","McLaren","McLaren","McLaren","McLaren","McLaren","McLaren","Mercedes-Benz in Formula One","Red Bull Racing","Red Bull Racing","Red Bull Racing","Red Bull Racing","Red Bull Racing","Red Bull Racing","Red Bull Racing","Red Bull Racing","Red Bull Racing","Red Bull Racing","Red Bull Racing","Red Bull Racing","Red Bull Racing","Red Bull Racing","Red Bull Racing","Red Bull Racing","Red Bull Racing","Red Bull Racing","Red Bull Racing","Red Bull Racing","Red Bull Racing","Red Bull Racing","Red Bull Racing","Red Bull Racing","Red Bull Racing","Red Bull Racing","Red Bull Racing","Red Bull Racing","Red Bull Racing","Red Bull Racing","Red Bull Racing","Red Bull Racing","Red Bull Racing","Red Bull Racing","Red Bull Racing","Red Bull Racing","Red Bull Racing","Red Bull Racing","Scuderia Ferrari","Scuderia Ferrari","Scuderia Ferrari","Mercedes-Benz in Formula One","Mercedes-Benz in Formula One","Mercedes-Benz in Formula One","Mercedes-Benz in Formula One","Mercedes-Benz in Formula One","Mercedes-Benz in Formula One","Mercedes-Benz in Formula One","Mercedes-Benz in Formula One","Scuderia Ferrari","Scuderia Ferrari","Scuderia Ferrari","Scuderia Ferrari","Scuderia Ferrari","Scuderia Ferrari","Scuderia Ferrari","Scuderia Ferrari","Scuderia Ferrari","Scuderia Ferrari","Scuderia Ferrari","Scuderia Ferrari","Scuderia Ferrari","Scuderia Ferrari","Scuderia Ferrari","Scuderia Ferrari","Scuderia Ferrari","Scuderia Ferrari","Scuderia Ferrari","McLaren","McLaren","McLaren","McLaren","McLaren","Mercedes-Benz in Formula One","Mercedes-Benz in Formula One","Mercedes-Benz in Formula One","Mercedes-Benz in Formula One","Williams Grand Prix Engineering","Williams Grand Prix Engineering","Mercedes-Benz in Formula One","Mercedes-Benz in Formula One","Mercedes-Benz in Formula One","Mercedes-Benz in Formula One","Mercedes-Benz in Formula One","Mercedes-Benz in Formula One","Mercedes-Benz in Formula One","Mercedes-Benz in Formula One","Mercedes-Benz in Formula One","Mercedes-Benz in Formula One","Mercedes-Benz in Formula One","Mercedes-Benz in Formula One","Mercedes-Benz in Formula One","Mercedes-Benz in Formula One","Mercedes-Benz in Formula One","Mercedes-Benz in Formula One","Mercedes-Benz in Formula One","Mercedes-Benz in Formula One","Mercedes-Benz in Formula One","McLaren","McLaren","McLaren","McLaren","Scuderia Ferrari","Scuderia Ferrari","Scuderia Ferrari","Scuderia Ferrari","Scuderia Ferrari","Scuderia Ferrari","Scuderia Ferrari","Scuderia Ferrari","Scuderia Ferrari","Scuderia Ferrari","Scuderia Ferrari","Scuderia Ferrari","Scuderia Ferrari","Scuderia Ferrari","Scuderia Ferrari","Scuderia Ferrari","McLaren","McLaren","McLaren","McLaren","McLaren","McLaren","McLaren","McLaren","McLaren","McLaren","McLaren","McLaren","McLaren","McLaren","McLaren","McLaren","McLaren","Scuderia Ferrari","Scuderia Ferrari","Scuderia Ferrari","Scuderia Ferrari","Scuderia Ferrari","Scuderia Ferrari","Scuderia Ferrari","McLaren","McLaren","McLaren","McLaren","McLaren","McLaren","McLaren","McLaren","McLaren","Scuderia Ferrari","Scuderia Ferrari","Scuderia Ferrari","Scuderia Ferrari","Scuderia Ferrari","Scuderia Ferrari","Scuderia Ferrari","Scuderia Ferrari","Scuderia Ferrari","Scuderia Ferrari","Scuderia Ferrari","Scuderia Ferrari","Scuderia Ferrari","Scuderia Ferrari","Scuderia Ferrari","Scuderia Ferrari","Scuderia Ferrari","McLaren","Scuderia Ferrari","Scuderia Ferrari","Scuderia Ferrari","Scuderia Ferrari","McLaren","McLaren","McLaren","McLaren","McLaren","McLaren","McLaren","McLaren","Scuderia Ferrari","Scuderia Ferrari","Scuderia Ferrari","Scuderia Ferrari","Scuderia Ferrari","McLaren","McLaren","McLaren","McLaren","Scuderia Ferrari","Scuderia Ferrari","Scuderia Ferrari","Scuderia Ferrari","Scuderia Ferrari","Scuderia Ferrari","Scuderia Ferrari","Scuderia Ferrari","Scuderia Ferrari","Scuderia Ferrari","Scuderia Ferrari","Scuderia Ferrari","Scuderia Ferrari","Scuderia Ferrari","Scuderia Ferrari","Scuderia Ferrari","McLaren","McLaren","McLaren","McLaren","McLaren","McLaren","McLaren","Scuderia Ferrari","Scuderia Ferrari","Scuderia Ferrari","Scuderia Ferrari","Scuderia Ferrari","Scuderia Ferrari","Scuderia Ferrari","Scuderia Ferrari","Scuderia Ferrari","Scuderia Ferrari","Scuderia Ferrari","Williams Grand Prix Engineering","Scuderia Ferrari","Scuderia Ferrari","Scuderia Ferrari","Scuderia Ferrari","Scuderia Ferrari","Scuderia Ferrari","Scuderia Ferrari","Scuderia Ferrari","Williams Grand Prix Engineering","Scuderia Ferrari","Scuderia Ferrari","Scuderia Ferrari","Scuderia Ferrari","Scuderia Ferrari","Scuderia Ferrari","Scuderia Ferrari","Scuderia Ferrari","Scuderia Ferrari","Scuderia Ferrari","Scuderia Ferrari","Scuderia Ferrari","Scuderia Ferrari","Scuderia Ferrari","Scuderia Ferrari","Scuderia Ferrari","Scuderia Ferrari","Scuderia Ferrari","Scuderia Ferrari","Scuderia Ferrari","Scuderia Ferrari","Scuderia Ferrari","Scuderia Ferrari","Scuderia Ferrari","Scuderia Ferrari","Scuderia Ferrari","Scuderia Ferrari","Scuderia Ferrari","Scuderia Ferrari","Scuderia Ferrari","Scuderia Ferrari","Scuderia Ferrari","McLaren","Red Bull Racing","Red Bull Racing","Red Bull Racing","Red Bull Racing","McLaren","McLaren","Scuderia Ferrari","Scuderia Ferrari","Scuderia Ferrari","Scuderia Ferrari","Scuderia Ferrari","Red Bull Racing","Scuderia Ferrari"]},{"index":2,"name":"col2","values":["2005 United States Grand Prix","1997 Monaco Grand Prix","1999 Monaco Grand Prix","2000 Australian Grand Prix","2000 Brazilian Grand Prix","2000 Canadian Grand Prix","2000 Italian Grand Prix","2000 Japanese Grand Prix","2000 Malaysian Grand Prix","2000 San Marino Grand Prix","2000 United States Grand Prix","2001 Australian Grand Prix","2001 Japanese Grand Prix","2001 Malaysian Grand Prix","2001 Monaco Grand Prix","2001 Spanish Grand Prix","2002 Australian Grand Prix","2002 Austrian Grand Prix","2002 Brazilian Grand Prix","2002 Japanese Grand Prix","2002 San Marino Grand Prix","2002 Spanish Grand Prix","2003 Austrian Grand Prix","2003 Canadian Grand Prix","2003 Italian Grand Prix","2003 San Marino Grand Prix","2003 Spanish Grand Prix","2003 United States Grand Prix","2004 Australian Grand Prix","2004 Bahrain Grand Prix","2004 British Grand Prix","2004 Canadian Grand Prix","2004 European Grand Prix","2004 French Grand Prix","2004 German Grand Prix","2004 Hungarian Grand Prix","2004 Japanese Grand Prix","2004 Malaysian Grand Prix","2004 San Marino Grand Prix","2004 Spanish Grand Prix","2004 United States Grand Prix","2006 French Grand Prix","2006 United States Grand Prix","2006 European Grand Prix","2006 San Marino Grand Prix","2006 Chinese Grand Prix","2006 German Grand Prix","2006 Italian Grand Prix","1996 Belgian Grand Prix","1996 Italian Grand Prix","1996 Spanish Grand Prix","1997 Belgian Grand Prix","1997 Canadian Grand Prix","1997 French Grand Prix","1997 Japanese Grand Prix","1998 Argentine Grand Prix","1998 British Grand Prix","1998 Canadian Grand Prix","1998 French Grand Prix","1998 Hungarian Grand Prix","1998 Italian Grand Prix","1999 San Marino Grand Prix","2000 European Grand Prix","2001 Belgian Grand Prix","2001 European Grand Prix","2001 French Grand Prix","2001 Hungarian Grand Prix","2002 Belgian Grand Prix","2002 British Grand Prix","2002 Canadian Grand Prix","2002 French Grand Prix","2002 German Grand Prix","1984 Monaco Grand Prix","1986 Monaco Grand Prix","1988 Monaco Grand Prix","1984 Dutch Grand Prix","1984 German Grand Prix","1985 Austrian Grand Prix","1985 British Grand Prix","1985 Italian Grand Prix","1986 Austrian Grand Prix","1987 Belgian Grand Prix","1987 Brazilian Grand Prix","1987 Portuguese Grand Prix","1988 Australian Grand Prix","1988 French Grand Prix","1988 Mexican Grand Prix","1988 Portuguese Grand Prix","1989 British Grand Prix","1993 German Grand Prix","1993 San Marino Grand Prix","1990 Brazilian Grand Prix","1990 British Grand Prix","1990 French Grand Prix","1990 Mexican Grand Prix","1990 Spanish Grand Prix","2009 Singapore Grand Prix","2010 Turkish Grand Prix","2011 Chinese Grand Prix","2011 German Grand Prix","2012 Hungarian Grand Prix","2012 Italian Grand Prix","2008 German Grand Prix","2011 Abu Dhabi Grand Prix","2008 Australian Grand Prix","2010 Belgian Grand Prix","2010 Canadian Grand Prix","2009 Hungarian Grand Prix","2012 United States Grand Prix","2013 Hungarian Grand Prix","2014 Abu Dhabi Grand Prix","2014 Bahrain Grand Prix","2014 Italian Grand Prix","2014 Japanese Grand Prix","2014 Malaysian Grand Prix","2014 Russian Grand Prix","2014 Singapore Grand Prix","2014 Spanish Grand Prix","2014 United States Grand Prix","2015 Bahrain Grand Prix","2015 Belgian Grand Prix","2015 Chinese Grand Prix","2015 Italian Grand Prix","2015 Japanese Grand Prix","2015 Russian Grand Prix","2015 United States Grand Prix","2014 Chinese Grand Prix","2014 British Grand Prix","2016 British Grand Prix","2016 Canadian Grand Prix","2016 German Grand Prix","2016 Hungarian Grand Prix","2015 British Grand Prix","2015 Canadian Grand Prix","2016 Austrian Grand Prix","2016 Monaco Grand Prix","2015 Australian Grand Prix","1971 South African Grand Prix","1988 Detroit Grand Prix","1989 Monaco Grand Prix","1990 Monaco Grand Prix","1990 United States Grand Prix","1991 Monaco Grand Prix","1992 Monaco Grand Prix","1993 Monaco Grand Prix","1988 Belgian Grand Prix","1988 British Grand Prix","1988 Canadian Grand Prix","1988 German Grand Prix","1988 Hungarian Grand Prix","1988 Japanese Grand Prix","1988 San Marino Grand Prix","1989 German Grand Prix","1989 Mexican Grand Prix","1989 San Marino Grand Prix","1990 Belgian Grand Prix","1990 Canadian Grand Prix","1990 German Grand Prix","1990 Italian Grand Prix","1991 Brazilian Grand Prix","1991 San Marino Grand Prix","1993 Australian Grand Prix","1993 Japanese Grand Prix","1955 British Grand Prix","2009 British Grand Prix","2010 Japanese Grand Prix","2011 Indian Grand Prix","2011 Italian Grand Prix","2011 Singapore Grand Prix","2011 Turkish Grand Prix","2012 Japanese Grand Prix","2012 Singapore Grand Prix","2013 Abu Dhabi Grand Prix","2013 Bahrain Grand Prix","2013 Belgian Grand Prix","2013 Brazilian Grand Prix","2013 Canadian Grand Prix","2013 German Grand Prix","2013 Indian Grand Prix","2013 Italian Grand Prix","2013 Japanese Grand Prix","2013 Malaysian Grand Prix","2013 Singapore Grand Prix","2013 United States Grand Prix","2009 Japanese Grand Prix","2011 Monaco Grand Prix","2011 Spanish Grand Prix","2013 Korean Grand Prix","2011 Malaysian Grand Prix","2009 Abu Dhabi Grand Prix","2010 Abu Dhabi Grand Prix","2010 European Grand Prix","2010 Malaysian Grand Prix","2011 Australian Grand Prix","2011 Belgian Grand Prix","2012 Bahrain Grand Prix","2012 Korean Grand Prix","2012 Indian Grand Prix","2009 Chinese Grand Prix","2010 Brazilian Grand Prix","2011 European Grand Prix","2011 Korean Grand Prix","2015 Hungarian Grand Prix","2015 Malaysian Grand Prix","2015 Singapore Grand Prix","1954 French Grand Prix","1954 German Grand Prix","1954 Italian Grand Prix","1954 Swiss Grand Prix","1955 Argentine Grand Prix","1955 Belgian Grand Prix","1955 Dutch Grand Prix","1955 Italian Grand Prix","1952 Buenos Aires Grand Prix (I)","1956 Buenos Aires Grand Prix","1956 Syracuse Grand Prix","1950 Chilean Grand Prix","1956 Argentine Grand Prix","1956 British Grand Prix","1956 German Grand Prix","1952 Buenos Aires Grand Prix (II)","2010 German Grand Prix","2010 Italian Grand Prix","2011 British Grand Prix","2012 German Grand Prix","2013 Spanish Grand Prix","2010 Singapore Grand Prix","2013 Chinese Grand Prix","2010 Korean Grand Prix","2012 European Grand Prix","2012 Malaysian Grand Prix","2010 Bahrain Grand Prix","Grande Premio Presidente Emilio Medici","1974 Belgian Grand Prix","1974 Brazilian Grand Prix","1975 Argentine Grand Prix","1975 British Grand Prix","2012 Chinese Grand Prix","2014 Austrian Grand Prix","2014 Brazilian Grand Prix","2014 German Grand Prix","1995 Australian Grand Prix","1996 San Marino Grand Prix","2014 Monaco Grand Prix","2015 Abu Dhabi Grand Prix","2015 Austrian Grand Prix","2015 Brazilian Grand Prix","2015 Mexican Grand Prix","2015 Spanish Grand Prix","2013 British Grand Prix","2014 Australian Grand Prix","2016 Belgian Grand Prix","2016 Italian Grand Prix","2016 Japanese Grand Prix","2016 Russian Grand Prix","2016 Singapore Grand Prix","2016 Australian Grand Prix","2015 Monaco Grand Prix","2016 Bahrain Grand Prix","2016 Chinese Grand Prix","2013 Monaco Grand Prix","2016 European Grand Prix","1982 United States Grand Prix West","1982 British Grand Prix","1984 British Grand Prix","1985 Dutch Grand Prix","1975 Monaco Grand Prix","1976 Monaco Grand Prix","1975 BRDC International Trophy","1974 Dutch Grand Prix","1974 Spanish Grand Prix","1975 Belgian Grand Prix","1975 French Grand Prix","1975 Swedish Grand Prix","1975 United States Grand Prix","1976 Belgian Grand Prix","1976 Brazilian Grand Prix","1976 British Grand Prix","1976 South African Grand Prix","1977 Dutch Grand Prix","1977 German Grand Prix","1977 South African Grand Prix","1998 Spanish Grand Prix","2000 Austrian Grand Prix","2000 Belgian Grand Prix","2000 Hungarian Grand Prix","2000 Spanish Grand Prix","2001 United States Grand Prix","1997 European Grand Prix","1998 Australian Grand Prix","1998 Austrian Grand Prix","1998 Brazilian Grand Prix","1998 German Grand Prix","1998 Luxembourg Grand Prix","1999 Brazilian Grand Prix","1999 Canadian Grand Prix","1999 Japanese Grand Prix","1999 Spanish Grand Prix","1968 Race of Champions","1971 Jochen Rindt Gedächtnisrennen","1968 French Grand Prix","1970 Austrian Grand Prix","1970 Canadian Grand Prix","1970 Mexican Grand Prix","1971 Dutch Grand Prix","1972 German Grand Prix","2002 Monaco Grand Prix","2003 Australian Grand Prix","1997 Australian Grand Prix","1997 Italian Grand Prix","1998 San Marino Grand Prix","1999 Belgian Grand Prix","1999 British Grand Prix","2000 British Grand Prix","2000 French Grand Prix","1949 Italian Grand Prix","1951 San Remo Grand Prix","1951 German Grand Prix","1951 Italian Grand Prix","1952 Belgian Grand Prix","1952 British Grand Prix","1952 Dutch Grand Prix","1952 French Grand Prix","1952 German Grand Prix","1952 Italian Grand Prix","1953 Argentine Grand Prix","1953 Belgian Grand Prix","1953 British Grand Prix","1953 Dutch Grand Prix","1953 Swiss Grand Prix","1949 Buenos Aires Grand Prix (III)","1949 Swiss Grand Prix","1968 BRDC International Trophy","1968 New Zealand Grand Prix","1969 New Zealand Grand Prix","1969 Australian Grand Prix","1955 Monaco Grand Prix","2010 Chinese Grand Prix","2011 Hungarian Grand Prix","2011 Japanese Grand Prix","2010 Australian Grand Prix","2012 Australian Grand Prix","2012 Belgian Grand Prix","2011 Canadian Grand Prix","2012 Brazilian Grand Prix","1960 Italian Grand Prix","1961 Belgian Grand Prix","1961 Italian Grand Prix","1967 Syracuse Grand Prix","1934 Moroccan Grand Prix","1973 British Grand Prix","1991 Japanese Grand Prix","1992 Australian Grand Prix","1992 Canadian Grand Prix","2008 Bahrain Grand Prix","2008 Belgian Grand Prix","2008 Brazilian Grand Prix","2008 European Grand Prix","2008 French Grand Prix","2008 Turkish Grand Prix","2007 Bahrain Grand Prix","2007 Spanish Grand Prix","2007 Turkish Grand Prix","2006 Brazilian Grand Prix","2006 Turkish Grand Prix","1987 Australian Grand Prix","1987 Japanese Grand Prix","1988 Italian Grand Prix","1989 Portuguese Grand Prix","1994 German Grand Prix","1976 BRDC International Trophy","1976 Race of Champions","1977 Race of Champions","1976 Dutch Grand Prix","1976 French Grand Prix","1976 Spanish Grand Prix","1977 British Grand Prix","1978 United States Grand Prix","1978 United States Grand Prix West","1977 Brazilian Grand Prix","1978 Brazilian Grand Prix","1978 British Grand Prix","1956 Belgian Grand Prix","1956 French Grand Prix","1958 British Grand Prix","1983 Canadian Grand Prix","1983 Dutch Grand Prix","1983 German Grand Prix","1983 Race of Champions","1957 New Zealand Grand Prix","1961 Syracuse Grand Prix","1961 Naples Grand Prix","1979 Monaco Grand Prix","1961 French Grand Prix","1966 Italian Grand Prix","1979 Belgian Grand Prix","1979 Italian Grand Prix","1992 Japanese Grand Prix","1962 Naples Grand Prix","1962 Brussels Grand Prix","1950 Buenos Aires Grand Prix","1958 Glover Trophy","1962 Mediterranean Grand Prix","1953 French Grand Prix","1954 Spanish Grand Prix","1958 French Grand Prix","1959 French Grand Prix","1959 German Grand Prix","1964 Austrian Grand Prix","1975 Swiss Grand Prix","1951 Buenos Aires Grand Prix (I)","1971 Race of Champions","1976 United States Grand Prix West","1951 British Grand Prix","1954 British Grand Prix","1970 Italian Grand Prix","1974 German Grand Prix","1975 Italian Grand Prix","1999 Australian Grand Prix","1999 Austrian Grand Prix","1999 German Grand Prix","1999 Malaysian Grand Prix","1951 Buenos Aires Grand Prix (II)","1979 United States Grand Prix","1979 United States Grand Prix West","1981 Monaco Grand Prix","1979 Race of Champions","1978 Canadian Grand Prix","1979 South African Grand Prix","1981 Spanish Grand Prix","2008 Hungarian Grand Prix","2014 Belgian Grand Prix","2014 Canadian Grand Prix","2014 Hungarian Grand Prix","2016 Malaysian Grand Prix","1975 Spanish Grand Prix","1982 Belgian Grand Prix","1956 Argentine Grand Prix","1982 Dutch Grand Prix","1982 San Marino Grand Prix","1982 German Grand Prix","1983 San Marino Grand Prix","2016 Spanish Grand Prix","1952 Swiss Grand Prix"]},{"index":3,"name":"col3","values":["2005","1997","1999","2000","2000","2000","2000","2000","2000","2000","2000","2001","2001","2001","2001","2001","2002","2002","2002","2002","2002","2002","2003","2003","2003","2003","2003","2003","2004","2004","2004","2004","2004","2004","2004","2004","2004","2004","2004","2004","2004","2006","2006","2006","2006","2006","2006","2006","1996","1996","1996","1997","1997","1997","1997","1998","1998","1998","1998","1998","1998","1999","2000","2001","2001","2001","2001","2002","2002","2002","2002","2002","1984","1986","1988","1984","1984","1985","1985","1985","1986","1987","1987","1987","1988","1988","1988","1988","1989","1993","1993","1990","1990","1990","1990","1990","2009","2010","2011","2011","2012","2012","2008","2011","2008","2010","2010","2009","2012","2013","2014","2014","2014","2014","2014","2014","2014","2014","2014","2015","2015","2015","2015","2015","2015","2015","2014","2014","2016","2016","2016","2016","2015","2015","2016","2016","2015","1971","1988","1989","1990","1990","1991","1992","1993","1988","1988","1988","1988","1988","1988","1988","1989","1989","1989","1990","1990","1990","1990","1991","1991","1993","1993","1955","2009","2010","2011","2011","2011","2011","2012","2012","2013","2013","2013","2013","2013","2013","2013","2013","2013","2013","2013","2013","2009","2011","2011","2013","2011","2009","2010","2010","2010","2011","2011","2012","2012","2012","2009","2010","2011","2011","2015","2015","2015","1954","1954","1954","1954","1955","1955","1955","1955","1952","1956","1956","1950","1956","1956","1956","1952","2010","2010","2011","2012","2013","2010","2013","2010","2012","2012","2010","1974","1974","1974","1975","1975","2012","2014","2014","2014","1995","1996","2014","2015","2015","2015","2015","2015","2013","2014","2016","2016","2016","2016","2016","2016","2015","2016","2016","2013","2016","1982","1982","1984","1985","1975","1976","1975","1974","1974","1975","1975","1975","1975","1976","1976","1976","1976","1977","1977","1977","1998","2000","2000","2000","2000","2001","1997","1998","1998","1998","1998","1998","1999","1999","1999","1999","1968","1971","1968","1970","1970","1970","1971","1972","2002","2003","1997","1997","1998","1999","1999","2000","2000","1949","1951","1951","1951","1952","1952","1952","1952","1952","1952","1953","1953","1953","1953","1953","1949","1949","1968","1968","1969","1969","1955","2010","2011","2011","2010","2012","2012","2011","2012","1960","1961","1961","1967","1934","1973","1991","1992","1992","2008","2008","2008","2008","2008","2008","2007","2007","2007","2006","2006","1987","1987","1988","1989","1994","1976","1976","1977","1976","1976","1976","1977","1978","1978","1977","1978","1978","1956","1956","1958","1983","1983","1983","1983","1957","1961","1961","1979","1961","1966","1979","1979","1992","1962","1962","1950","1958","1962","1953","1954","1958","1959","1959","1964","1975","1951","1971","1976","1951","1954","1970","1974","1975","1999","1999","1999","1999","1951","1979","1979","1981","1979","1978","1979","1981","2008","2014","2014","2014","2016","1975","1982","1956","1982","1982","1982","1983","2016","1952"]}]},"context":{"page_title":null,"page_url":null,"page_entity_id":null,"content_hierarchy":[]},"links":[[[],[],[],[]],[[],[],[],[]],[[],[],[],[]],[[],[],[],[]],[[],[],[],[]],[[],[],[],[]],[[],[],[],[]],[[],[],[],[]],[[],[],[],[]],[[],[],[],[]],[[],[],[],[]],[[],[],[],[]],[[],[],[],[]],[[],[],[],[]],[[],[],[],[]],[[],[],[],[]],[[],[],[],[]],[[],[],[],[]],[[],[],[],[]],[[],[],[],[]],[[],[],[],[]],[[],[],[],[]],[[],[],[],[]],[[],[],[],[]],[[],[],[],[]],[[],[],[],[]],[[],[],[],[]],[[],[],[],[]],[[],[],[],[]],[[],[],[],[]],[[],[],[],[]],[[],[],[],[]],[[],[],[],[]],[[],[],[],[]],[[],[],[],[]],[[],[],[],[]],[[],[],[],[]],[[],[],[],[]],[[],[],[],[]],[[],[],[],[]],[[],[],[],[]],[[],[],[],[]],[[],[],[],[]],[[],[],[],[]],[[],[],[],[]],[[],[],[],[]],[[],[],[],[]],[[],[],[],[]],[[],[],[],[]],[[],[],[],[]],[[],[],[],[]],[[],[],[],[]],[[],[],[],[]],[[],[],[],[]],[[],[],[],[]],[[],[],[],[]],[[],[],[],[]],[[],[],[],[]],[[],[],[],[]],[[],[],[],[]],[[],[],[],[]],[[],[],[],[]],[[],[],[],[]],[[],[],[],[]],[[],[],[],[]],[[],[],[],[]],[[],[],[],[]],[[],[],[],[]],[[],[],[],[]],[[],[],[],[]],[[],[],[],[]],[[],[],[],[]],[[],[],[],[]],[[],[],[],[]],[[],[],[],[]],[[],[],[],[]],[[],[],[],[]],[[],[],[],[]],[[],[],[],[]],[[],[],[],[]],[[],[],[],[]],[[],[],[],[]],[[],[],[],[]],[[],[],[],[]],[[],[],[],[]],[[],[],[],[]],[[],[],[],[]],[[],[],[],[]],[[],[],[],[]],[[],[],[],[]],[[],[],[],[]],[[],[],[],[]],[[],[],[],[]],[[],[],[],[]],[[],[],[],[]],[[],[],[],[]],[[],[],[],[]],[[],[],[],[]],[[],[],[],[]],[[],[],[],[]],[[],[],[],[]],[[],[],[],[]],[[],[],[],[]],[[],[],[],[]],[[],[],[],[]],[[],[],[],[]],[[],[],[],[]],[[],[],[],[]],[[],[],[],[]],[[],[],[],[]],[[],[],[],[]],[[],[],[],[]],[[],[],[],[]],[[],[],[],[]],[[],[],[],[]],[[],[],[],[]],[[],[],[],[]],[[],[],[],[]],[[],[],[],[]],[[],[],[],[]],[[],[],[],[]],[[],[],[],[]],[[],[],[],[]],[[],[],[],[]],[[],[],[],[]],[[],[],[],[]],[[],[],[],[]],[[],[],[],[]],[[],[],[],[]],[[],[],[],[]],[[],[],[],[]],[[],[],[],[]],[[],[],[],[]],[[],[],[],[]],[[],[],[],[]],[[],[],[],[]],[[],[],[],[]],[[],[],[],[]],[[],[],[],[]],[[],[],[],[]],[[],[],[],[]],[[],[],[],[]],[[],[],[],[]],[[],[],[],[]],[[],[],[],[]],[[],[],[],[]],[[],[],[],[]],[[],[],[],[]],[[],[],[],[]],[[],[],[],[]],[[],[],[],[]],[[],[],[],[]],[[],[],[],[]],[[],[],[],[]],[[],[],[],[]],[[],[],[],[]],[[],[],[],[]],[[],[],[],[]],[[],[],[],[]],[[],[],[],[]],[[],[],[],[]],[[],[],[],[]],[[],[],[],[]],[[],[],[],[]],[[],[],[],[]],[[],[],[],[]],[[],[],[],[]],[[],[],[],[]],[[],[],[],[]],[[],[],[],[]],[[],[],[],[]],[[],[],[],[]],[[],[],[],[]],[[],[],[],[]],[[],[],[],[]],[[],[],[],[]],[[],[],[],[]],[[],[],[],[]],[[],[],[],[]],[[],[],[],[]],[[],[],[],[]],[[],[],[],[]],[[],[],[],[]],[[],[],[],[]],[[],[],[],[]],[[],[],[],[]],[[],[],[],[]],[[],[],[],[]],[[],[],[],[]],[[],[],[],[]],[[],[],[],[]],[[],[],[],[]],[[],[],[],[]],[[],[],[],[]],[[],[],[],[]],[[],[],[],[]],[[],[],[],[]],[[],[],[],[]],[[],[],[],[]],[[],[],[],[]],[[],[],[],[]],[[],[],[],[]],[[],[],[],[]],[[],[],[],[]],[[],[],[],[]],[[],[],[],[]],[[],[],[],[]],[[],[],[],[]],[[],[],[],[]],[[],[],[],[]],[[],[],[],[]],[[],[],[],[]],[[],[],[],[]],[[],[],[],[]],[[],[],[],[]],[[],[],[],[]],[[],[],[],[]],[[],[],[],[]],[[],[],[],[]],[[],[],[],[]],[[],[],[],[]],[[],[],[],[]],[[],[],[],[]],[[],[],[],[]],[[],[],[],[]],[[],[],[],[]],[[],[],[],[]],[[],[],[],[]],[[],[],[],[]],[[],[],[],[]],[[],[],[],[]],[[],[],[],[]],[[],[],[],[]],[[],[],[],[]],[[],[],[],[]],[[],[],[],[]],[[],[],[],[]],[[],[],[],[]],[[],[],[],[]],[[],[],[],[]],[[],[],[],[]],[[],[],[],[]],[[],[],[],[]],[[],[],[],[]],[[],[],[],[]],[[],[],[],[]],[[],[],[],[]],[[],[],[],[]],[[],[],[],[]],[[],[],[],[]],[[],[],[],[]],[[],[],[],[]],[[],[],[],[]],[[],[],[],[]],[[],[],[],[]],[[],[],[],[]],[[],[],[],[]],[[],[],[],[]],[[],[],[],[]],[[],[],[],[]],[[],[],[],[]],[[],[],[],[]],[[],[],[],[]],[[],[],[],[]],[[],[],[],[]],[[],[],[],[]],[[],[],[],[]],[[],[],[],[]],[[],[],[],[]],[[],[],[],[]],[[],[],[],[]],[[],[],[],[]],[[],[],[],[]],[[],[],[],[]],[[],[],[],[]],[[],[],[],[]],[[],[],[],[]],[[],[],[],[]],[[],[],[],[]],[[],[],[],[]],[[],[],[],[]],[[],[],[],[]],[[],[],[],[]],[[],[],[],[]],[[],[],[],[]],[[],[],[],[]],[[],[],[],[]],[[],[],[],[]],[[],[],[],[]],[[],[],[],[]],[[],[],[],[]],[[],[],[],[]],[[],[],[],[]],[[],[],[],[]],[[],[],[],[]],[[],[],[],[]],[[],[],[],[]],[[],[],[],[]],[[],[],[],[]],[[],[],[],[]],[[],[],[],[]],[[],[],[],[]],[[],[],[],[]],[[],[],[],[]],[[],[],[],[]],[[],[],[],[]],[[],[],[],[]],[[],[],[],[]],[[],[],[],[]],[[],[],[],[]],[[],[],[],[]],[[],[],[],[]],[[],[],[],[]],[[],[],[],[]],[[],[],[],[]],[[],[],[],[]],[[],[],[],[]],[[],[],[],[]],[[],[],[],[]],[[],[],[],[]],[[],[],[],[]],[[],[],[],[]],[[],[],[],[]],[[],[],[],[]],[[],[],[],[]],[[],[],[],[]],[[],[],[],[]],[[],[],[],[]],[[],[],[],[]],[[],[],[],[]],[[],[],[],[]],[[],[],[],[]],[[],[],[],[]],[[],[],[],[]],[[],[],[],[]],[[],[],[],[]],[[],[],[],[]],[[],[],[],[]],[[],[],[],[]],[[],[],[],[]],[[],[],[],[]],[[],[],[],[]],[[],[],[],[]],[[],[],[],[]],[[],[],[],[]],[[],[],[],[]],[[],[],[],[]],[[],[],[],[]],[[],[],[],[]],[[],[],[],[]],[[],[],[],[]],[[],[],[],[]],[[],[],[],[]],[[],[],[],[]],[[],[],[],[]],[[],[],[],[]],[[],[],[],[]],[[],[],[],[]],[[],[],[],[]],[[],[],[],[]],[[],[],[],[]],[[],[],[],[]],[[],[],[],[]],[[],[],[],[]],[[],[],[],[]],[[],[],[],[]],[[],[],[],[]],[[],[],[],[]],[[],[],[],[]],[[],[],[],[]],[[],[],[],[]],[[],[],[],[]],[[],[],[],[]],[[],[],[],[]],[[],[],[],[]],[[],[],[],[]],[[],[],[],[]],[[],[],[],[]],[[],[],[],[]],[[],[],[],[]],[[],[],[],[]],[[],[],[],[]],[[],[],[],[]],[[],[],[],[]],[[],[],[],[]],[[],[],[],[]],[[],[],[],[]],[[],[],[],[]],[[],[],[],[]],[[],[],[],[]],[[],[],[],[]],[[],[],[],[]],[[],[],[],[]],[[],[],[],[]],[[],[],[],[]],[[],[],[],[]],[[],[],[],[]],[[],[],[],[]],[[],[],[],[]],[[],[],[],[]],[[],[],[],[]],[[],[],[],[]],[[],[],[],[]],[[],[],[],[]],[[],[],[],[]],[[],[],[],[]],[[],[],[],[]],[[],[],[],[]],[[],[],[],[]],[[],[],[],[]],[[],[],[],[]],[[],[],[],[]],[[],[],[],[]],[[],[],[],[]],[[],[],[],[]],[[],[],[],[]],[[],[],[],[]],[[],[],[],[]],[[],[],[],[]],[[],[],[],[]],[[],[],[],[]],[[],[],[],[]],[[],[],[],[]],[[],[],[],[]],[[],[],[],[]],[[],[],[],[]],[[],[],[],[]],[[],[],[],[]],[[],[],[],[]],[[],[],[],[]],[[],[],[],[]],[[],[],[],[]],[[],[],[],[]],[[],[],[],[]],[[],[],[],[]],[[],[],[],[]],[[],[],[],[]],[[],[],[],[]],[[],[],[],[]],[[],[],[],[]],[[],[],[],[]],[[],[],[],[]],[[],[],[],[]],[[],[],[],[]]]}