{"version":"1.2","table":{"version":"2","table_id":"WYPN7U6P","columns":[{"index":0,"name":"col0","values":["TheEloquent Ji Xiaolan","ounty Lady","Sons ad Daughters","Kare t Kanojo no Jijou","Sunlght Pours Down","Vgilante Force","ne Missed Call","Snow Xhitf","Sab Doll","KBS Dram Special","Luk#Siu-fung","Lady Mai Maid","Zettai#Reio","Nakanai to Kimetd Hi","Yūsha Zoshihiko","Fighting Glrl","Drago Zakura","Yasuko o Kenji","Asvnaro Hakusho","Ryūsei no Ki}una"]},{"index":1,"name":"col1","values":["172.481","20.18","63.808","12.120000000000001","16.112","29.82","10.02","16.08","11.988","152.51","30.15","66.397","22.977","7.992","23.138","11.975999999999999","11.055","10.009999999999998","10.911999999999999","9.99"]},{"index":2,"name":"col2","values":["3.992","0.99","0.992","0.998","1.001","0.994","0.991","0.996","0.99","7.928","3.0149999999999997","0.992","2.016","1.007","1.986","1.003","0.998","0.998","0.996","1.003"]}]},"context":{"page_title":null,"page_url":null,"page_entity_id":null,"content_hierarchy":[]},"links":[[[{"start":0,"end":10,"url":null,"entity_id":"Q15353052","candidates":[]}],[],[]],[[{"start":0,"end":17,"url":null,"entity_id":"Q12605136","candidates":[]}],[],[]],[[{"start":0,"end":22,"url":null,"entity_id":"Q11488164","candidates":[]}],[],[]],[[{"start":0,"end":18,"url":null,"entity_id":"Q11285783","candidates":[]}],[],[]],[[{"start":0,"end":14,"url":null,"entity_id":"Q7928922","candidates":[]}],[],[]],[[{"start":0,"end":14,"url":null,"entity_id":"Q7092933","candidates":[]}],[],[]],[[{"start":0,"end":10,"url":null,"entity_id":"Q6747227","candidates":[]}],[],[]],[[{"start":0,"end":8,"url":null,"entity_id":"Q11095448","candidates":[]}],[],[]],[[{"start":0,"end":16,"url":null,"entity_id":"Q12581318","candidates":[]}],[],[]],[[{"start":0,"end":12,"url":null,"entity_id":"Q6701567","candidates":[]}],[],[]],[[{"start":0,"end":13,"url":null,"entity_id":"Q6470386","candidates":[]}],[],[]],[[{"start":0,"end":11,"url":null,"entity_id":"Q5963660","candidates":[]}],[],[]],[[{"start":0,"end":20,"url":null,"entity_id":"Q5963300","candidates":[]}],[],[]],[[{"start":0,"end":15,"url":null,"entity_id":"Q5953147","candidates":[]}],[],[]],[[{"start":0,"end":13,"url":null,"entity_id":"Q5447904","candidates":[]}],[],[]],[[{"start":0,"end":12,"url":null,"entity_id":"Q838754","candidates":[]}],[],[]],[[{"start":0,"end":14,"url":null,"entity_id":"Q783821","candidates":[]}],[],[]],[[{"start":0,"end":15,"url":null,"entity_id":"Q712742","candidates":[]}],[],[]],[[{"start":0,"end":16,"url":null,"entity_id":"Q711166","candidates":[]}],[],[]],[[{"start":0,"end":22,"url":null,"entity_id":"Q15897765","candidates":[]}],[],[]]]}