{"version":"1.2","table":{"version":"2","table_id":"WZ22QCQU","columns":[{"index":0,"name":"col0","values":["Atlantic Canada Aviation Museum","Western Canada Aviation Museum","Alberta Aviation Museum","Canada Aviation and Space Museum","Museum of aviation","National Air and Space Museum","Intrepid Sea, Air & Space Museum","Aircraft Museum Kathmandu","East Essex Aviation Society and Museum","Warbirds and Wheels","Greenwood Military Aviation Museum","Vintage Flying Museum","Champaign Aviation Museum","South African Airways Museum Society","Canadian Aviation Heritage Centre","Quonset Air Museum","Liberty Aviation Museum","Bomber Command Museum of Canada","College Park Aviation Museum","Aircraft Museum Dhangadhi"]},{"index":1,"name":"col1","values":["Halifax","Winnipeg","Edmonton","Ottawa","Plovdiv","Washington, D.C.","New York City","Sinamangal","Martello Tower","Wanaka Airport","Greenwood, Nova Scotia","Fort Worth Meacham International Airport","Grimes Field","Rand Airport","Macdonald Campus","North Kingstown","Port Clinton","Nanton","College Park Airport","Dhangadhi"]},{"index":2,"name":"col2","values":["1975-01-01","1974-01-01","1942-01-01","1964-01-01","1991-09-21","1946-01-01","1982-01-01","2017-11-05","1986-01-01","2011-12-01","1992-01-01","1993-01-01","2005-01-01","1986-01-01","1998-01-01","1992-01-01","1991-01-01","1986-01-01","1998-01-01","2014-09-17"]}]},"context":{"page_title":null,"page_url":null,"page_entity_id":null,"content_hierarchy":[]},"links":[[[{"start":0,"end":30,"url":null,"entity_id":"Q3567485","candidates":[]}],[{"start":0,"end":8,"url":null,"entity_id":"Q2135","candidates":[]}],[]],[[{"start":0,"end":23,"url":null,"entity_id":"Q4711581","candidates":[]}],[{"start":0,"end":8,"url":null,"entity_id":"Q2096","candidates":[]}],[]],[[{"start":0,"end":32,"url":null,"entity_id":"Q1031932","candidates":[]}],[{"start":0,"end":6,"url":null,"entity_id":"Q1930","candidates":[]}],[]],[[{"start":0,"end":18,"url":null,"entity_id":"Q1004006","candidates":[]}],[{"start":0,"end":7,"url":null,"entity_id":"Q459","candidates":[]}],[]],[[{"start":0,"end":29,"url":null,"entity_id":"Q752669","candidates":[]}],[{"start":0,"end":16,"url":null,"entity_id":"Q61","candidates":[]}],[]],[[{"start":0,"end":32,"url":null,"entity_id":"Q952270","candidates":[]}],[{"start":0,"end":13,"url":null,"entity_id":"Q60","candidates":[]}],[]],[[{"start":0,"end":25,"url":null,"entity_id":"Q55075091","candidates":[]}],[{"start":0,"end":10,"url":null,"entity_id":"Q56275284","candidates":[]}],[]],[[{"start":0,"end":38,"url":null,"entity_id":"Q85819898","candidates":[]}],[{"start":0,"end":14,"url":null,"entity_id":"Q26595604","candidates":[]}],[]],[[{"start":0,"end":19,"url":null,"entity_id":"Q19876942","candidates":[]}],[{"start":0,"end":14,"url":null,"entity_id":"Q7967043","candidates":[]}],[]],[[{"start":0,"end":34,"url":null,"entity_id":"Q48769674","candidates":[]}],[{"start":0,"end":22,"url":null,"entity_id":"Q5604945","candidates":[]}],[]],[[{"start":0,"end":21,"url":null,"entity_id":"Q14711398","candidates":[]}],[{"start":0,"end":40,"url":null,"entity_id":"Q5472402","candidates":[]}],[]],[[{"start":0,"end":25,"url":null,"entity_id":"Q24534789","candidates":[]}],[{"start":0,"end":12,"url":null,"entity_id":"Q4455495","candidates":[]}],[]],[[{"start":0,"end":36,"url":null,"entity_id":"Q17091747","candidates":[]}],[{"start":0,"end":12,"url":null,"entity_id":"Q3270757","candidates":[]}],[]],[[{"start":0,"end":33,"url":null,"entity_id":"Q15961659","candidates":[]}],[{"start":0,"end":16,"url":null,"entity_id":"Q2935614","candidates":[]}],[]],[[{"start":0,"end":18,"url":null,"entity_id":"Q16983887","candidates":[]}],[{"start":0,"end":15,"url":null,"entity_id":"Q2000741","candidates":[]}],[]],[[{"start":0,"end":23,"url":null,"entity_id":"Q19876691","candidates":[]}],[{"start":0,"end":12,"url":null,"entity_id":"Q1925091","candidates":[]}],[]],[[{"start":0,"end":31,"url":null,"entity_id":"Q18340370","candidates":[]}],[{"start":0,"end":6,"url":null,"entity_id":"Q1744143","candidates":[]}],[]],[[{"start":0,"end":28,"url":null,"entity_id":"Q62032417","candidates":[]}],[{"start":0,"end":20,"url":null,"entity_id":"Q1655471","candidates":[]}],[]],[[{"start":0,"end":25,"url":null,"entity_id":"Q55642860","candidates":[]}],[{"start":0,"end":9,"url":null,"entity_id":"Q1446993","candidates":[]}],[]],[[{"start":0,"end":31,"url":null,"entity_id":"Q4816323","candidates":[]}],[{"start":0,"end":7,"url":null,"entity_id":"Q2141","candidates":[]}],[]]]}