{"version":"1.2","table":{"version":"2","table_id":"X0TEEJCK","columns":[{"index":0,"name":"col0","values":["World Esperanto Congress 1959","World Esperanto Congress 1957","World Esperanto Congress 1951","World Esperanto Congress 1947","World Esperanto Congress 1952","World Esperanto Congress 1953","World Esperanto Congress 1930","World Esperanto Congress 1928","World Esperanto Congress 1936","World Esperanto Congress 1937","World Esperanto Congress 2010","World Esperanto Congress 2005","World Esperanto Congress 2008","World Esperanto Congress 2006","World Esperanto Congress 1982","World Esperanto Congress 1975","World Esperanto Congress 1976","World Esperanto Congress 1966","World Esperanto Congress 1948","World Esperanto Congress 1949"]},{"index":1,"name":"col1","values":["1959-08-08","1957-08-10","1951-08-11","1947-08-02","1952-08-09","1953-08-01","1930-08-08","1928-08-11","1936-08-15","1937-08-15","2010-07-24","2005-07-30","2008-07-26","2006-08-05","1982-07-31","1975-08-02","1976-08-07","1966-08-06","1948-08-07","1949-08-13"]},{"index":2,"name":"col2","values":["1959-08-01","1957-08-03","1951-08-04","1947-07-26","1952-08-02","1953-07-25","1930-08-02","1928-08-03","1936-08-08","1937-08-07","2010-07-17","2005-07-23","2008-07-19","2006-07-29","1982-07-24","1975-07-26","1976-07-31","1966-07-30","1948-07-31","1949-08-06"]},{"index":3,"name":"col3","values":["World Esperanto Congress 1960","World Esperanto Congress 1958","World Esperanto Congress 1952","World Esperanto Congress 1948","World Esperanto Congress 1953","World Esperanto Congress 1954","World Esperanto Congress 1931","World Esperanto Congress 1929","World Esperanto Congress 1937","World Esperanto Congress 1938","World Esperanto Congress 2011","World Esperanto Congress 2006","World Esperanto Congress 2009","World Esperanto Congress 2007","World Esperanto Congress 1983","World Esperanto Congress 1976","World Esperanto Congress 1977","World Esperanto Congress 1967","World Esperanto Congress 1949","World Esperanto Congress 1950"]}]},"context":{"page_title":null,"page_url":null,"page_entity_id":null,"content_hierarchy":[]},"links":[[[{"start":0,"end":29,"url":null,"entity_id":"Q12356191","candidates":[]}],[],[],[{"start":0,"end":29,"url":null,"entity_id":"Q15729864","candidates":[]}]],[[{"start":0,"end":29,"url":null,"entity_id":"Q15729862","candidates":[]}],[],[],[{"start":0,"end":29,"url":null,"entity_id":"Q15729863","candidates":[]}]],[[{"start":0,"end":29,"url":null,"entity_id":"Q12356186","candidates":[]}],[],[],[{"start":0,"end":29,"url":null,"entity_id":"Q15729691","candidates":[]}]],[[{"start":0,"end":29,"url":null,"entity_id":"Q12356188","candidates":[]}],[],[],[{"start":0,"end":29,"url":null,"entity_id":"Q15729685","candidates":[]}]],[[{"start":0,"end":29,"url":null,"entity_id":"Q15729691","candidates":[]}],[],[],[{"start":0,"end":29,"url":null,"entity_id":"Q15729682","candidates":[]}]],[[{"start":0,"end":29,"url":null,"entity_id":"Q15729682","candidates":[]}],[],[],[{"start":0,"end":29,"url":null,"entity_id":"Q15729681","candidates":[]}]],[[{"start":0,"end":29,"url":null,"entity_id":"Q12356178","candidates":[]}],[],[],[{"start":0,"end":29,"url":null,"entity_id":"Q15729665","candidates":[]}]],[[{"start":0,"end":29,"url":null,"entity_id":"Q15729646","candidates":[]}],[],[],[{"start":0,"end":29,"url":null,"entity_id":"Q15729662","candidates":[]}]],[[{"start":0,"end":29,"url":null,"entity_id":"Q12356183","candidates":[]}],[],[],[{"start":0,"end":29,"url":null,"entity_id":"Q15729661","candidates":[]}]],[[{"start":0,"end":29,"url":null,"entity_id":"Q15729661","candidates":[]}],[],[],[{"start":0,"end":29,"url":null,"entity_id":"Q15729659","candidates":[]}]],[[{"start":0,"end":29,"url":null,"entity_id":"Q12356218","candidates":[]}],[],[],[{"start":0,"end":29,"url":null,"entity_id":"Q12356223","candidates":[]}]],[[{"start":0,"end":29,"url":null,"entity_id":"Q12356216","candidates":[]}],[],[],[{"start":0,"end":29,"url":null,"entity_id":"Q12356221","candidates":[]}]],[[{"start":0,"end":29,"url":null,"entity_id":"Q12356217","candidates":[]}],[],[],[{"start":0,"end":29,"url":null,"entity_id":"Q12356220","candidates":[]}]],[[{"start":0,"end":29,"url":null,"entity_id":"Q12356221","candidates":[]}],[],[],[{"start":0,"end":29,"url":null,"entity_id":"Q12356219","candidates":[]}]],[[{"start":0,"end":29,"url":null,"entity_id":"Q12356206","candidates":[]}],[],[],[{"start":0,"end":29,"url":null,"entity_id":"Q12356207","candidates":[]}]],[[{"start":0,"end":29,"url":null,"entity_id":"Q12356199","candidates":[]}],[],[],[{"start":0,"end":29,"url":null,"entity_id":"Q12356202","candidates":[]}]],[[{"start":0,"end":29,"url":null,"entity_id":"Q12356202","candidates":[]}],[],[],[{"start":0,"end":29,"url":null,"entity_id":"Q12356201","candidates":[]}]],[[{"start":0,"end":29,"url":null,"entity_id":"Q17044617","candidates":[]}],[],[],[{"start":0,"end":29,"url":null,"entity_id":"Q12356196","candidates":[]}]],[[{"start":0,"end":29,"url":null,"entity_id":"Q15729685","candidates":[]}],[],[],[{"start":0,"end":29,"url":null,"entity_id":"Q12356189","candidates":[]}]],[[{"start":0,"end":29,"url":null,"entity_id":"Q12356189","candidates":[]}],[],[],[{"start":0,"end":29,"url":null,"entity_id":"Q12356187","candidates":[]}]]]}