{"version":"1.2","table":{"version":"2","table_id":"X0UC776S","columns":[{"index":0,"name":"col0","values":["Westborg","Transwood","Sydborg","Stadiongracht","Statengracht","Slotergracht","Spuigracht","Sluisgracht","Schippersgracht","Sampogracht","Ostborg","Prima Donna","Arne","Link Star","IMO 9197533","Prima Ballerina","Lady Alexandra","Misana","Saimaagracht","Kps Ibrahim Bey"]},{"index":1,"name":"col1","values":["13.4","25.6","13.4","25.49","25.65","25.2","25.2","25.3","25.4","25.3","13.3","12.81","16.5","17.2","20","13.03","13","23.4","25.66","25"]},{"index":2,"name":"col2","values":["3780","18855","3780","21250","21250","21402","21349","21250","21402","23688","3792","3004","9150","4453","7261","2975","3700","11407","23660","18855"]}]},"context":{"page_title":null,"page_url":null,"page_entity_id":null,"content_hierarchy":[]},"links":[[[{"start":0,"end":9,"url":null,"entity_id":"Q11880216","candidates":[]}],[],[]],[[{"start":0,"end":7,"url":null,"entity_id":"Q11880204","candidates":[]}],[],[]],[[{"start":0,"end":13,"url":null,"entity_id":"Q11880199","candidates":[]}],[],[]],[[{"start":0,"end":12,"url":null,"entity_id":"Q11880198","candidates":[]}],[],[]],[[{"start":0,"end":12,"url":null,"entity_id":"Q11880197","candidates":[]}],[],[]],[[{"start":0,"end":10,"url":null,"entity_id":"Q11880196","candidates":[]}],[],[]],[[{"start":0,"end":11,"url":null,"entity_id":"Q11880195","candidates":[]}],[],[]],[[{"start":0,"end":15,"url":null,"entity_id":"Q11880187","candidates":[]}],[],[]],[[{"start":0,"end":11,"url":null,"entity_id":"Q11880182","candidates":[]}],[],[]],[[{"start":0,"end":7,"url":null,"entity_id":"Q11880172","candidates":[]}],[],[]],[[{"start":0,"end":11,"url":null,"entity_id":"Q11880167","candidates":[]}],[],[]],[[{"start":0,"end":4,"url":null,"entity_id":"Q11880164","candidates":[]}],[],[]],[[{"start":0,"end":9,"url":null,"entity_id":"Q11880157","candidates":[]}],[],[]],[[{"start":0,"end":11,"url":null,"entity_id":"Q11880122","candidates":[]}],[],[]],[[{"start":0,"end":15,"url":null,"entity_id":"Q11880109","candidates":[]}],[],[]],[[{"start":0,"end":14,"url":null,"entity_id":"Q6469917","candidates":[]}],[],[]],[[{"start":0,"end":6,"url":null,"entity_id":"Q5409873","candidates":[]}],[],[]],[[{"start":0,"end":12,"url":null,"entity_id":"Q5397429","candidates":[]}],[],[]],[[{"start":0,"end":15,"url":null,"entity_id":"Q5395276","candidates":[]}],[],[]],[[{"start":0,"end":8,"url":null,"entity_id":"Q11880226","candidates":[]}],[],[]]]}