{"version":"1.2","table":{"version":"2","table_id":"X0WM9RER","columns":[{"index":0,"name":"col0","values":["Preobrjenka, rînîcikî","Novpoleksandrivka","Novooleksandrvka","Abrykosivkd","Bahatocierneschynskyy village council","Avhustynivka ouncil","Oleksijvka","Marianqvsky Selsoviet","Lukov|tsya, Hlyboka Raion","Lulivtsi","Vikno rual council","Peremogy Vlllage Council (Hlukhiv district)","Pyrohiska village council","Stepoye","Biluhivtka","Berbenytsj rural council","Bilenke Rural Counci","Dovge","Dolynske Couqcil","Hayi-Shvchenkivski"]},{"index":1,"name":"col1","values":["Krynychky Raion","Kreminna Raion","Bashtanka Raion","Oleshky Raion","Sakhnovschyna Raion","Zaporizhia Raion","Kodyma Raion","Ternopil Raion","Hlyboka Raion","Vyzhnytsia Raion","Husiatyn Raion","Hlukhiv Raion","Hlobyne Raion","Kamianka-Dniprovska Raion","Karlivka Raion","Lokhvytsia Raion","Zaporizhia Raion","Drohobych Raion","Zaporizhia Raion","Ternopil Raion"]},{"index":2,"name":"col2","values":["Ukraine","Ukraine","Ukraine","Ukraine","Ukraine","Ukraine","Ukraine","Ukraine","Ukraine","Ukraine","Ukraine","Ukraine","Ukraine","Ukraine","Ukraine","Ukraine","Ukraine","Ukraine","Ukraine","Ukraine"]}]},"context":{"page_title":null,"page_url":null,"page_entity_id":null,"content_hierarchy":[]},"links":[[[{"start":0,"end":17,"url":null,"entity_id":"Q4323037","candidates":[]}],[{"start":0,"end":14,"url":null,"entity_id":"Q2216928","candidates":[]}],[{"start":0,"end":7,"url":null,"entity_id":"Q212","candidates":[]}]],[[{"start":0,"end":16,"url":null,"entity_id":"Q4323042","candidates":[]}],[{"start":0,"end":15,"url":null,"entity_id":"Q610094","candidates":[]}],[{"start":0,"end":7,"url":null,"entity_id":"Q212","candidates":[]}]],[[{"start":0,"end":11,"url":null,"entity_id":"Q4055066","candidates":[]}],[{"start":0,"end":13,"url":null,"entity_id":"Q2639686","candidates":[]}],[{"start":0,"end":7,"url":null,"entity_id":"Q212","candidates":[]}]],[[{"start":0,"end":37,"url":null,"entity_id":"Q4074705","candidates":[]}],[{"start":0,"end":19,"url":null,"entity_id":"Q2216243","candidates":[]}],[{"start":0,"end":7,"url":null,"entity_id":"Q212","candidates":[]}]],[[{"start":0,"end":19,"url":null,"entity_id":"Q4055470","candidates":[]}],[{"start":0,"end":16,"url":null,"entity_id":"Q1654125","candidates":[]}],[{"start":0,"end":7,"url":null,"entity_id":"Q212","candidates":[]}]],[[{"start":0,"end":10,"url":null,"entity_id":"Q4061792","candidates":[]}],[{"start":0,"end":12,"url":null,"entity_id":"Q1275798","candidates":[]}],[{"start":0,"end":7,"url":null,"entity_id":"Q212","candidates":[]}]],[[{"start":0,"end":21,"url":null,"entity_id":"Q12121279","candidates":[]}],[{"start":0,"end":14,"url":null,"entity_id":"Q2995495","candidates":[]}],[{"start":0,"end":7,"url":null,"entity_id":"Q212","candidates":[]}]],[[{"start":0,"end":25,"url":null,"entity_id":"Q12118746","candidates":[]}],[{"start":0,"end":13,"url":null,"entity_id":"Q2128889","candidates":[]}],[{"start":0,"end":7,"url":null,"entity_id":"Q212","candidates":[]}]],[[{"start":0,"end":8,"url":null,"entity_id":"Q12118700","candidates":[]}],[{"start":0,"end":16,"url":null,"entity_id":"Q2001364","candidates":[]}],[{"start":0,"end":7,"url":null,"entity_id":"Q212","candidates":[]}]],[[{"start":0,"end":18,"url":null,"entity_id":"Q4332602","candidates":[]}],[{"start":0,"end":14,"url":null,"entity_id":"Q591946","candidates":[]}],[{"start":0,"end":7,"url":null,"entity_id":"Q212","candidates":[]}]],[[{"start":0,"end":43,"url":null,"entity_id":"Q4350632","candidates":[]}],[{"start":0,"end":13,"url":null,"entity_id":"Q2998021","candidates":[]}],[{"start":0,"end":7,"url":null,"entity_id":"Q212","candidates":[]}]],[[{"start":0,"end":25,"url":null,"entity_id":"Q4363395","candidates":[]}],[{"start":0,"end":13,"url":null,"entity_id":"Q2216141","candidates":[]}],[{"start":0,"end":7,"url":null,"entity_id":"Q212","candidates":[]}]],[[{"start":0,"end":7,"url":null,"entity_id":"Q4361347","candidates":[]}],[{"start":0,"end":25,"url":null,"entity_id":"Q2215968","candidates":[]}],[{"start":0,"end":7,"url":null,"entity_id":"Q212","candidates":[]}]],[[{"start":0,"end":10,"url":null,"entity_id":"Q4082986","candidates":[]}],[{"start":0,"end":14,"url":null,"entity_id":"Q2216288","candidates":[]}],[{"start":0,"end":7,"url":null,"entity_id":"Q212","candidates":[]}]],[[{"start":0,"end":24,"url":null,"entity_id":"Q4083937","candidates":[]}],[{"start":0,"end":16,"url":null,"entity_id":"Q1971361","candidates":[]}],[{"start":0,"end":7,"url":null,"entity_id":"Q212","candidates":[]}]],[[{"start":0,"end":20,"url":null,"entity_id":"Q4081836","candidates":[]}],[{"start":0,"end":16,"url":null,"entity_id":"Q1654125","candidates":[]}],[{"start":0,"end":7,"url":null,"entity_id":"Q212","candidates":[]}]],[[{"start":0,"end":5,"url":null,"entity_id":"Q4164604","candidates":[]}],[{"start":0,"end":15,"url":null,"entity_id":"Q2597158","candidates":[]}],[{"start":0,"end":7,"url":null,"entity_id":"Q212","candidates":[]}]],[[{"start":0,"end":16,"url":null,"entity_id":"Q4165022","candidates":[]}],[{"start":0,"end":16,"url":null,"entity_id":"Q1654125","candidates":[]}],[{"start":0,"end":7,"url":null,"entity_id":"Q212","candidates":[]}]],[[{"start":0,"end":18,"url":null,"entity_id":"Q4131821","candidates":[]}],[{"start":0,"end":14,"url":null,"entity_id":"Q2995495","candidates":[]}],[{"start":0,"end":7,"url":null,"entity_id":"Q212","candidates":[]}]],[[{"start":0,"end":21,"url":null,"entity_id":"Q4377326","candidates":[]}],[{"start":0,"end":15,"url":null,"entity_id":"Q2637034","candidates":[]}],[{"start":0,"end":7,"url":null,"entity_id":"Q212","candidates":[]}]]]}