{"version":"1.2","table":{"version":"2","table_id":"X1U74JPM","columns":[{"index":0,"name":"col0","values":["Konstal\"102Na","Konstal 102","Tata T3RF","TatraB6A2","Satrc II","Tata T3R.EV","Tbtra T3R.PV","Tatra KR-N","Tatrb T3AS","škoea 16 T","Watra T3R.PLF","Vdrio LF3","Škoda 05 W","Škoda14 T","Škoda!06 T","Tatra K5","Konstal 105N","Utra T5B6","Tatra T6E5","Tata T7B5"]},{"index":1,"name":"col1","values":["25848.2","25925.899999999998","17127.0","14214.2","24204.8","14428.699999999999","16079.999999999998","36380.99999999999","17675.0","37285.28","20623.0","37886.0","38478.75","37584.16","38001.6","22031.4","17068.0","17859.3","18216.0","20019.999999999996"]},{"index":2,"name":"col2","values":["13443.56","19435.1","14041.999999999998","14601.499999999998","20542.8","14069.999999999998","14125.999999999998","28193.5","14140.0","30371.0","15024.5","29829.1","32249.3","29947.5","29696.429999999997","20481.6","13459.5","14626.5","15177.6","15345.899999999998"]},{"index":3,"name":"col3","values":["3066.12","3100.608","3053.88","3110.0","3105.75","3059.1499999999996","3025.6","3050.4","3056.1","3423.7999999999997","3216.85","3109.68","3436.56","3376.2","3514.0","3065.2499999999995","3069.18","3141.855","3122.985","3122.985"]},{"index":4,"name":"col4","values":["2424.0","2411.9999999999995","2522.4999999999995","2208.8","2487.5","2485.0","2515.0","2507.4999999999995","2507.4999999999995","2460.0","2502.3199999999997","2525.0","2455.08","2452.62","2437.86","2477.5","2376.0","2594.8","2485.0","2505.0"]},{"index":5,"name":"col5","values":["68.56849999999999","54.945","60.36","54.615","65.0","65.455","65.65","65.065","65.52","69.93","64.415","65.39","69.79","60.12","69.79","60.059999999999995","72.648","64.935","64.61","64.74"]}]},"context":{"page_title":null,"page_url":null,"page_entity_id":null,"content_hierarchy":[]},"links":[[[{"start":0,"end":11,"url":null,"entity_id":"Q11742792","candidates":[]}],[],[],[],[],[]],[[{"start":0,"end":9,"url":null,"entity_id":"Q3566220","candidates":[]}],[],[],[],[],[]],[[{"start":0,"end":9,"url":null,"entity_id":"Q3563273","candidates":[]}],[],[],[],[],[]],[[{"start":0,"end":8,"url":null,"entity_id":"Q3561505","candidates":[]}],[],[],[],[],[]],[[{"start":0,"end":11,"url":null,"entity_id":"Q3511962","candidates":[]}],[],[],[],[],[]],[[{"start":0,"end":12,"url":null,"entity_id":"Q3511945","candidates":[]}],[],[],[],[],[]],[[{"start":0,"end":10,"url":null,"entity_id":"Q3509848","candidates":[]}],[],[],[],[],[]],[[{"start":0,"end":10,"url":null,"entity_id":"Q3509720","candidates":[]}],[],[],[],[],[]],[[{"start":0,"end":10,"url":null,"entity_id":"Q3491843","candidates":[]}],[],[],[],[],[]],[[{"start":0,"end":13,"url":null,"entity_id":"Q3491116","candidates":[]}],[],[],[],[],[]],[[{"start":0,"end":9,"url":null,"entity_id":"Q2653452","candidates":[]}],[],[],[],[],[]],[[{"start":0,"end":10,"url":null,"entity_id":"Q2630980","candidates":[]}],[],[],[],[],[]],[[{"start":0,"end":9,"url":null,"entity_id":"Q2592602","candidates":[]}],[],[],[],[],[]],[[{"start":0,"end":10,"url":null,"entity_id":"Q2097460","candidates":[]}],[],[],[],[],[]],[[{"start":0,"end":8,"url":null,"entity_id":"Q1857849","candidates":[]}],[],[],[],[],[]],[[{"start":0,"end":12,"url":null,"entity_id":"Q1782636","candidates":[]}],[],[],[],[],[]],[[{"start":0,"end":9,"url":null,"entity_id":"Q1761164","candidates":[]}],[],[],[],[],[]],[[{"start":0,"end":10,"url":null,"entity_id":"Q1642248","candidates":[]}],[],[],[],[],[]],[[{"start":0,"end":9,"url":null,"entity_id":"Q1567674","candidates":[]}],[],[],[],[],[]],[[{"start":0,"end":13,"url":null,"entity_id":"Q11742793","candidates":[]}],[],[],[],[],[]]]}