{"version":"1.2","table":{"version":"2","table_id":"X2TXHNH9","columns":[{"index":0,"name":"col0","values":["Pilot","Pilot","Pilot","Pilot","Pilot","Assignmenu: Earth","Pilot","Pilot","Pilot","Pilot","Pilot","Pilot","Cit| Of","Pilot","Pilot","Pilot","Pilot","Pilot","Pilot","Chuck Versus the Inthrsect"]},{"index":1,"name":"col1","values":["Elementary","Suits","White Collar","Up All Night","Sit Down, Shut Up","Star Trek: The Original Series","Boy Meets World","Psych","Sabrina, the Teenage Witch","The Cosby Show","The New Adventures of Old Christine","Knots Landing","Angel","Community","Burn Notice","Luck","NYPD Blue","Awake","Everybody Loves Raymond","Chuck"]},{"index":2,"name":"col2","values":["Robert Doherty","Aaron Korsh","Jeff Eastin","Emily Spivey","Mitchell Hurwitz","Art Wallace","April Kelly","Steve Franks","Nell Scovell","Michael J. Leeson","Kari Lizer","David Jacobs","David Greenwalt","Dan Harmon","Matt Nix","David Milch","David Milch","Kyle Killen","Philip Rosenthal","Josh Schwartz"]}]},"context":{"page_title":null,"page_url":null,"page_entity_id":null,"content_hierarchy":[]},"links":[[[{"start":0,"end":5,"url":null,"entity_id":"Q7194379","candidates":[]}],[{"start":0,"end":5,"url":null,"entity_id":"Q370185","candidates":[]}],[{"start":0,"end":11,"url":null,"entity_id":"Q13422029","candidates":[]}]],[[{"start":0,"end":5,"url":null,"entity_id":"Q7194395","candidates":[]}],[{"start":0,"end":12,"url":null,"entity_id":"Q31915","candidates":[]}],[{"start":0,"end":11,"url":null,"entity_id":"Q6173763","candidates":[]}]],[[{"start":0,"end":5,"url":null,"entity_id":"Q7194392","candidates":[]}],[{"start":0,"end":12,"url":null,"entity_id":"Q1806765","candidates":[]}],[{"start":0,"end":12,"url":null,"entity_id":"Q5372371","candidates":[]}]],[[{"start":0,"end":5,"url":null,"entity_id":"Q7194373","candidates":[]}],[{"start":0,"end":17,"url":null,"entity_id":"Q2633079","candidates":[]}],[{"start":0,"end":16,"url":null,"entity_id":"Q4992236","candidates":[]}]],[[{"start":0,"end":17,"url":null,"entity_id":"Q3487499","candidates":[]}],[{"start":0,"end":30,"url":null,"entity_id":"Q1077","candidates":[]}],[{"start":0,"end":11,"url":null,"entity_id":"Q4797126","candidates":[]}]],[[{"start":0,"end":5,"url":null,"entity_id":"Q7194335","candidates":[]}],[{"start":0,"end":15,"url":null,"entity_id":"Q509485","candidates":[]}],[{"start":0,"end":11,"url":null,"entity_id":"Q4782039","candidates":[]}]],[[{"start":0,"end":5,"url":null,"entity_id":"Q7194367","candidates":[]}],[{"start":0,"end":5,"url":null,"entity_id":"Q48758","candidates":[]}],[{"start":0,"end":12,"url":null,"entity_id":"Q3973335","candidates":[]}]],[[{"start":0,"end":5,"url":null,"entity_id":"Q7194371","candidates":[]}],[{"start":0,"end":26,"url":null,"entity_id":"Q383104","candidates":[]}],[{"start":0,"end":12,"url":null,"entity_id":"Q3337908","candidates":[]}]],[[{"start":0,"end":5,"url":null,"entity_id":"Q7194383","candidates":[]}],[{"start":0,"end":14,"url":null,"entity_id":"Q463999","candidates":[]}],[{"start":0,"end":17,"url":null,"entity_id":"Q3308321","candidates":[]}]],[[{"start":0,"end":5,"url":null,"entity_id":"Q7194386","candidates":[]}],[{"start":0,"end":35,"url":null,"entity_id":"Q1247170","candidates":[]}],[{"start":0,"end":10,"url":null,"entity_id":"Q3193149","candidates":[]}]],[[{"start":0,"end":5,"url":null,"entity_id":"Q1236101","candidates":[]}],[{"start":0,"end":13,"url":null,"entity_id":"Q640535","candidates":[]}],[{"start":0,"end":12,"url":null,"entity_id":"Q2583584","candidates":[]}]],[[{"start":0,"end":7,"url":null,"entity_id":"Q2902020","candidates":[]}],[{"start":0,"end":5,"url":null,"entity_id":"Q212156","candidates":[]}],[{"start":0,"end":15,"url":null,"entity_id":"Q2413805","candidates":[]}]],[[{"start":0,"end":5,"url":null,"entity_id":"Q7194337","candidates":[]}],[{"start":0,"end":9,"url":null,"entity_id":"Q728553","candidates":[]}],[{"start":0,"end":10,"url":null,"entity_id":"Q2150289","candidates":[]}]],[[{"start":0,"end":5,"url":null,"entity_id":"Q4362802","candidates":[]}],[{"start":0,"end":11,"url":null,"entity_id":"Q682825","candidates":[]}],[{"start":0,"end":8,"url":null,"entity_id":"Q1273019","candidates":[]}]],[[{"start":0,"end":5,"url":null,"entity_id":"Q7194352","candidates":[]}],[{"start":0,"end":4,"url":null,"entity_id":"Q717769","candidates":[]}],[{"start":0,"end":11,"url":null,"entity_id":"Q1175673","candidates":[]}]],[[{"start":0,"end":5,"url":null,"entity_id":"Q7194359","candidates":[]}],[{"start":0,"end":9,"url":null,"entity_id":"Q609274","candidates":[]}],[{"start":0,"end":11,"url":null,"entity_id":"Q1175673","candidates":[]}]],[[{"start":0,"end":5,"url":null,"entity_id":"Q7194333","candidates":[]}],[{"start":0,"end":5,"url":null,"entity_id":"Q613334","candidates":[]}],[{"start":0,"end":11,"url":null,"entity_id":"Q1113366","candidates":[]}]],[[{"start":0,"end":5,"url":null,"entity_id":"Q7194342","candidates":[]}],[{"start":0,"end":23,"url":null,"entity_id":"Q208568","candidates":[]}],[{"start":0,"end":16,"url":null,"entity_id":"Q946980","candidates":[]}]],[[{"start":0,"end":26,"url":null,"entity_id":"Q5115791","candidates":[]}],[{"start":0,"end":5,"url":null,"entity_id":"Q2293","candidates":[]}],[{"start":0,"end":13,"url":null,"entity_id":"Q728217","candidates":[]}]],[[{"start":0,"end":5,"url":null,"entity_id":"Q6075967","candidates":[]}],[{"start":0,"end":10,"url":null,"entity_id":"Q247643","candidates":[]}],[{"start":0,"end":14,"url":null,"entity_id":"Q16241423","candidates":[]}]]]}