{"version":"1.2","table":{"version":"2","table_id":"X2UIKS69","columns":[{"index":0,"name":"col0","values":["Ministry of Defense","Defense Ministry","Ministry of Defence","Ministry of National Defence","Ministry of Defence","Ministry of National Defence","Ministry of Defence","Secretariat of National Defense","Ministry of Defence and Urban Development","Ministry of Defense","Department of National Defence","Venezuelan Ministry of the Popular Participation for the Defense","Ministry of Defence","Ministry of Defence of Norway","Ministry of Defence of Germany","Ministry of National Defense of South Korea","Ministry of Defence","Ministry of Defence","Ministry of Defense","United States Department of Defense"]},{"index":1,"name":"col1","values":["Interministerial Commission for Sea Resources","Chairman of the General Staff","Defence Command","National Defense Institute","Gómez Ulla Military Hospital","Defence Science and Technology Laboratory","Defence Science and Technology Agency","Mexican Army","Sri Lanka Armed Forces","Ecuadorian Armed Forces","Defence Research and Development Canada","National Bolivarian Armed Forces of Venezuela","Koninklijke Militaire Academie","Norwegian Armed Forces","George C. Marshall European Center for Security Studies","Military Manpower Administration","University of Defence","Defence Intelligence","Pakistan International Airlines","United States Air Force"]},{"index":2,"name":"col2","values":["1999-01-01","1943-11-10","1918-06-14","1950-01-01","1977-01-01","1950-01-01","1970-08-11","1821-01-01","1948-01-01","1830-01-01","1921-01-01","1951-01-01","1928-01-01","1885-09-01","1955-06-07","1948-07-17","1969-01-01","1964-01-01","1947-08-14","1949-08-10"]}]},"context":{"page_title":null,"page_url":null,"page_entity_id":null,"content_hierarchy":[]},"links":[[[{"start":0,"end":16,"url":null,"entity_id":"Q6866094","candidates":[]}],[{"start":0,"end":29,"url":null,"entity_id":"Q25462113","candidates":[]}],[]],[[{"start":0,"end":19,"url":null,"entity_id":"Q4294512","candidates":[]}],[{"start":0,"end":15,"url":null,"entity_id":"Q18661506","candidates":[]}],[]],[[{"start":0,"end":28,"url":null,"entity_id":"Q4294480","candidates":[]}],[{"start":0,"end":26,"url":null,"entity_id":"Q10302726","candidates":[]}],[]],[[{"start":0,"end":19,"url":null,"entity_id":"Q3181026","candidates":[]}],[{"start":0,"end":28,"url":null,"entity_id":"Q5902561","candidates":[]}],[]],[[{"start":0,"end":28,"url":null,"entity_id":"Q2606039","candidates":[]}],[{"start":0,"end":41,"url":null,"entity_id":"Q5251253","candidates":[]}],[]],[[{"start":0,"end":19,"url":null,"entity_id":"Q4294509","candidates":[]}],[{"start":0,"end":37,"url":null,"entity_id":"Q5251252","candidates":[]}],[]],[[{"start":0,"end":31,"url":null,"entity_id":"Q179861","candidates":[]}],[{"start":0,"end":12,"url":null,"entity_id":"Q2862975","candidates":[]}],[]],[[{"start":0,"end":41,"url":null,"entity_id":"Q276724","candidates":[]}],[{"start":0,"end":22,"url":null,"entity_id":"Q2579178","candidates":[]}],[]],[[{"start":0,"end":19,"url":null,"entity_id":"Q6867384","candidates":[]}],[{"start":0,"end":23,"url":null,"entity_id":"Q1472865","candidates":[]}],[]],[[{"start":0,"end":30,"url":null,"entity_id":"Q1191463","candidates":[]}],[{"start":0,"end":39,"url":null,"entity_id":"Q1182587","candidates":[]}],[]],[[{"start":0,"end":64,"url":null,"entity_id":"Q4141450","candidates":[]}],[{"start":0,"end":45,"url":null,"entity_id":"Q1076869","candidates":[]}],[]],[[{"start":0,"end":19,"url":null,"entity_id":"Q2119820","candidates":[]}],[{"start":0,"end":30,"url":null,"entity_id":"Q934782","candidates":[]}],[]],[[{"start":0,"end":29,"url":null,"entity_id":"Q2982684","candidates":[]}],[{"start":0,"end":22,"url":null,"entity_id":"Q917374","candidates":[]}],[]],[[{"start":0,"end":30,"url":null,"entity_id":"Q493353","candidates":[]}],[{"start":0,"end":55,"url":null,"entity_id":"Q836625","candidates":[]}],[]],[[{"start":0,"end":43,"url":null,"entity_id":"Q488542","candidates":[]}],[{"start":0,"end":32,"url":null,"entity_id":"Q624457","candidates":[]}],[]],[[{"start":0,"end":19,"url":null,"entity_id":"Q3564646","candidates":[]}],[{"start":0,"end":21,"url":null,"entity_id":"Q462723","candidates":[]}],[]],[[{"start":0,"end":19,"url":null,"entity_id":"Q1143261","candidates":[]}],[{"start":0,"end":20,"url":null,"entity_id":"Q352160","candidates":[]}],[]],[[{"start":0,"end":19,"url":null,"entity_id":"Q169217","candidates":[]}],[{"start":0,"end":31,"url":null,"entity_id":"Q204887","candidates":[]}],[]],[[{"start":0,"end":35,"url":null,"entity_id":"Q11209","candidates":[]}],[{"start":0,"end":23,"url":null,"entity_id":"Q11223","candidates":[]}],[]],[[{"start":0,"end":19,"url":null,"entity_id":"Q1153972","candidates":[]}],[{"start":0,"end":45,"url":null,"entity_id":"Q29512403","candidates":[]}],[]]]}