{"version":"1.2","table":{"version":"2","table_id":"X3SW3AXA","columns":[{"index":0,"name":"col0","values":["1905 All England Badminton Championships","1998 All England Badminton Championships","1936 All England Badminton Championships","1949 All England Badminton Championships","1937 All England Badminton Championships","1973 All England Badminton Championships","1972 All England Badminton Championships","1971 All England Badminton Championships","1966 All England Badminton Championships","1965 All England Badminton Championships","1964 All England Badminton Championships","1963 All England Badminton Championships","1962 All England Badminton Championships","1961 All England Badminton Championships","1960 All England Badminton Championships","1959 All England Badminton Championships","1948 All England Badminton Championships","1931 All England Badminton Championships","1954 All England Badminton Championships","1957 All England Badminton Championships"]},{"index":1,"name":"col1","values":["1905 All England Badminton Championships – Men's singles","1998 All England Badminton Championships – Men's singles","1936 All England Badminton Championships – Men's singles","1949 All England Badminton Championships – Men's singles","1937 All England Badminton Championships – Men's singles","1973 All England Badminton Championships – Men's singles","1972 All England Badminton Championships – Men's singles","1971 All England Badminton Championships – Men's singles","1966 All England Badminton Championships – Men's singles","1965 All England Badminton Championships – Men's singles","1964 All England Badminton Championships – Men's singles","1963 All England Badminton Championships – Men's singles","1962 All England Badminton Championships – Men's singles","1961 All England Badminton Championships – Men's singles","1960 All England Badminton Championships – Men's singles","1959 All England Badminton Championships – Men's singles","1948 All England Badminton Championships – Men's singles","1931 All England Badminton Championships – Men's singles","1954 All England Badminton Championships – Men's singles","1957 All England Badminton Championships – Men's singles"]},{"index":2,"name":"col2","values":["1906 All England Badminton Championships","1999 All England Badminton Championships","1937 All England Badminton Championships","1950 All England Badminton Championships","1938 All England Badminton Championships","1974 All England Badminton Championships","1973 All England Badminton Championships","1972 All England Badminton Championships","1967 All England Badminton Championships","1966 All England Badminton Championships","1965 All England Badminton Championships","1964 All England Badminton Championships","1963 All England Badminton Championships","1962 All England Badminton Championships","1961 All England Badminton Championships","1960 All England Badminton Championships","1949 All England Badminton Championships","1932 All England Badminton Championships","1955 All England Badminton Championships","1958 All England Badminton Championships"]}]},"context":{"page_title":null,"page_url":null,"page_entity_id":null,"content_hierarchy":[]},"links":[[[{"start":0,"end":40,"url":null,"entity_id":"Q1423338","candidates":[]}],[{"start":0,"end":56,"url":null,"entity_id":"Q27340042","candidates":[]}],[{"start":0,"end":40,"url":null,"entity_id":"Q1737154","candidates":[]}]],[[{"start":0,"end":40,"url":null,"entity_id":"Q1363948","candidates":[]}],[{"start":0,"end":56,"url":null,"entity_id":"Q27339860","candidates":[]}],[{"start":0,"end":40,"url":null,"entity_id":"Q1591614","candidates":[]}]],[[{"start":0,"end":40,"url":null,"entity_id":"Q1755243","candidates":[]}],[{"start":0,"end":56,"url":null,"entity_id":"Q27339880","candidates":[]}],[{"start":0,"end":40,"url":null,"entity_id":"Q1369774","candidates":[]}]],[[{"start":0,"end":40,"url":null,"entity_id":"Q1591614","candidates":[]}],[{"start":0,"end":56,"url":null,"entity_id":"Q27339864","candidates":[]}],[{"start":0,"end":40,"url":null,"entity_id":"Q1268068","candidates":[]}]],[[{"start":0,"end":40,"url":null,"entity_id":"Q2647705","candidates":[]}],[{"start":0,"end":56,"url":null,"entity_id":"Q27339963","candidates":[]}],[{"start":0,"end":40,"url":null,"entity_id":"Q2647709","candidates":[]}]],[[{"start":0,"end":40,"url":null,"entity_id":"Q2647703","candidates":[]}],[{"start":0,"end":56,"url":null,"entity_id":"Q27339959","candidates":[]}],[{"start":0,"end":40,"url":null,"entity_id":"Q2647705","candidates":[]}]],[[{"start":0,"end":40,"url":null,"entity_id":"Q2647697","candidates":[]}],[{"start":0,"end":56,"url":null,"entity_id":"Q27339955","candidates":[]}],[{"start":0,"end":40,"url":null,"entity_id":"Q2647703","candidates":[]}]],[[{"start":0,"end":40,"url":null,"entity_id":"Q2647690","candidates":[]}],[{"start":0,"end":56,"url":null,"entity_id":"Q27339940","candidates":[]}],[{"start":0,"end":40,"url":null,"entity_id":"Q2647692","candidates":[]}]],[[{"start":0,"end":40,"url":null,"entity_id":"Q2647686","candidates":[]}],[{"start":0,"end":56,"url":null,"entity_id":"Q27339938","candidates":[]}],[{"start":0,"end":40,"url":null,"entity_id":"Q2647690","candidates":[]}]],[[{"start":0,"end":40,"url":null,"entity_id":"Q2647682","candidates":[]}],[{"start":0,"end":56,"url":null,"entity_id":"Q27339933","candidates":[]}],[{"start":0,"end":40,"url":null,"entity_id":"Q2647686","candidates":[]}]],[[{"start":0,"end":40,"url":null,"entity_id":"Q2647677","candidates":[]}],[{"start":0,"end":56,"url":null,"entity_id":"Q27339927","candidates":[]}],[{"start":0,"end":40,"url":null,"entity_id":"Q2647682","candidates":[]}]],[[{"start":0,"end":40,"url":null,"entity_id":"Q2647673","candidates":[]}],[{"start":0,"end":56,"url":null,"entity_id":"Q27339921","candidates":[]}],[{"start":0,"end":40,"url":null,"entity_id":"Q2647677","candidates":[]}]],[[{"start":0,"end":40,"url":null,"entity_id":"Q2647671","candidates":[]}],[{"start":0,"end":56,"url":null,"entity_id":"Q27339915","candidates":[]}],[{"start":0,"end":40,"url":null,"entity_id":"Q2647673","candidates":[]}]],[[{"start":0,"end":40,"url":null,"entity_id":"Q2647668","candidates":[]}],[{"start":0,"end":56,"url":null,"entity_id":"Q27339909","candidates":[]}],[{"start":0,"end":40,"url":null,"entity_id":"Q2647671","candidates":[]}]],[[{"start":0,"end":40,"url":null,"entity_id":"Q2647662","candidates":[]}],[{"start":0,"end":56,"url":null,"entity_id":"Q27339908","candidates":[]}],[{"start":0,"end":40,"url":null,"entity_id":"Q2647668","candidates":[]}]],[[{"start":0,"end":40,"url":null,"entity_id":"Q2647647","candidates":[]}],[{"start":0,"end":56,"url":null,"entity_id":"Q27339874","candidates":[]}],[{"start":0,"end":40,"url":null,"entity_id":"Q1755243","candidates":[]}]],[[{"start":0,"end":40,"url":null,"entity_id":"Q2647641","candidates":[]}],[{"start":0,"end":56,"url":null,"entity_id":"Q27339848","candidates":[]}],[{"start":0,"end":40,"url":null,"entity_id":"Q1737966","candidates":[]}]],[[{"start":0,"end":40,"url":null,"entity_id":"Q2647657","candidates":[]}],[{"start":0,"end":56,"url":null,"entity_id":"Q27339888","candidates":[]}],[{"start":0,"end":40,"url":null,"entity_id":"Q1603178","candidates":[]}]],[[{"start":0,"end":40,"url":null,"entity_id":"Q2647658","candidates":[]}],[{"start":0,"end":56,"url":null,"entity_id":"Q27339899","candidates":[]}],[{"start":0,"end":40,"url":null,"entity_id":"Q1377457","candidates":[]}]],[[{"start":0,"end":40,"url":null,"entity_id":"Q2647580","candidates":[]}],[{"start":0,"end":56,"url":null,"entity_id":"Q27339778","candidates":[]}],[{"start":0,"end":40,"url":null,"entity_id":"Q117890","candidates":[]}]]]}