{"version":"1.2","table":{"version":"2","table_id":"X47Q9SON","columns":[{"index":0,"name":"col0","values":["Iertsmere","MidBedfordshire","Berick-upon-Tweed","Bury St Edmund","Dover","Lewes","East Renfrewshie","Bistol East","Buckigham","Kilmarnocl and Loudoun","Goasgow Central","Livjngston","Doncaster Noth","Brighton Pavklion","Edinburgh Touth","Manhester Central","Boltpn West","Canuerbury","BirminghamLadywood","Edinburgh Zest"]},{"index":1,"name":"col1","values":["1.007","1.005","1.003","1.01","0.998","0.996","0.999","0.997","1.0","1.004","0.991","1.003","1.004","1.005","1.003","1.008","0.995","1.004","0.998","1.008"]},{"index":2,"name":"col2","values":["100.60843","456.558054","2396.073926","500.51394","214.83056399999995","368.52450600000003","172.685714","23.47884","865.222088","705.324075","20.4828","268.992085","256.794538","29.2243","28.625633999999998","28.339188","71.41911","249.92741999999998","25.942895999999998","98.89098800000001"]}]},"context":{"page_title":null,"page_url":null,"page_entity_id":null,"content_hierarchy":[]},"links":[[[{"start":0,"end":9,"url":null,"entity_id":"Q1072635","candidates":[]}],[],[]],[[{"start":0,"end":15,"url":null,"entity_id":"Q1072632","candidates":[]}],[],[]],[[{"start":0,"end":17,"url":null,"entity_id":"Q1072626","candidates":[]}],[],[]],[[{"start":0,"end":14,"url":null,"entity_id":"Q1072621","candidates":[]}],[],[]],[[{"start":0,"end":5,"url":null,"entity_id":"Q1070334","candidates":[]}],[],[]],[[{"start":0,"end":5,"url":null,"entity_id":"Q1070328","candidates":[]}],[],[]],[[{"start":0,"end":16,"url":null,"entity_id":"Q1070154","candidates":[]}],[],[]],[[{"start":0,"end":11,"url":null,"entity_id":"Q1070148","candidates":[]}],[],[]],[[{"start":0,"end":9,"url":null,"entity_id":"Q1070140","candidates":[]}],[],[]],[[{"start":0,"end":22,"url":null,"entity_id":"Q1070130","candidates":[]}],[],[]],[[{"start":0,"end":15,"url":null,"entity_id":"Q1070123","candidates":[]}],[],[]],[[{"start":0,"end":10,"url":null,"entity_id":"Q1070116","candidates":[]}],[],[]],[[{"start":0,"end":14,"url":null,"entity_id":"Q1070108","candidates":[]}],[],[]],[[{"start":0,"end":17,"url":null,"entity_id":"Q1070099","candidates":[]}],[],[]],[[{"start":0,"end":15,"url":null,"entity_id":"Q1070093","candidates":[]}],[],[]],[[{"start":0,"end":17,"url":null,"entity_id":"Q1070072","candidates":[]}],[],[]],[[{"start":0,"end":11,"url":null,"entity_id":"Q1070064","candidates":[]}],[],[]],[[{"start":0,"end":10,"url":null,"entity_id":"Q1070055","candidates":[]}],[],[]],[[{"start":0,"end":18,"url":null,"entity_id":"Q1070050","candidates":[]}],[],[]],[[{"start":0,"end":14,"url":null,"entity_id":"Q1070045","candidates":[]}],[],[]]]}