{"version":"1.2","table":{"version":"2","table_id":"X5CBV95R","columns":[{"index":0,"name":"col0","values":["Taiki","Nogi","Shimizu","Tawaramoto","Sangō","Takamori","Kihō","Fusō","Ide","Shirosato","Shimoichi","Kanna","Hiraizumi","Rifu","Tako","Matsuda","Yoshida","Manazuru","Kujūkuri","Sakae"]},{"index":1,"name":"col1","values":["233.32","30.26","8.81","21.09","8.79","45.36","79.62","11.18","18.04","161.8","61.99","114.6","63.39","44.89","72.8","37.75","20.73","7.05","23.72","32.51"]},{"index":2,"name":"col2","values":["8016","25038","31974","31028","23315","12713","10580","34069","7553","18429","4964","1641","7389","35597","14021","10884","28899","6843","15075","20217"]}]},"context":{"page_title":null,"page_url":null,"page_entity_id":null,"content_hierarchy":[]},"links":[[[{"start":0,"end":4,"url":null,"entity_id":"Q1203180","candidates":[]}],[],[]],[[{"start":0,"end":7,"url":null,"entity_id":"Q1203168","candidates":[]}],[],[]],[[{"start":0,"end":10,"url":null,"entity_id":"Q1203159","candidates":[]}],[],[]],[[{"start":0,"end":5,"url":null,"entity_id":"Q1203139","candidates":[]}],[],[]],[[{"start":0,"end":8,"url":null,"entity_id":"Q1203136","candidates":[]}],[],[]],[[{"start":0,"end":4,"url":null,"entity_id":"Q1203117","candidates":[]}],[],[]],[[{"start":0,"end":4,"url":null,"entity_id":"Q1203107","candidates":[]}],[],[]],[[{"start":0,"end":3,"url":null,"entity_id":"Q1203097","candidates":[]}],[],[]],[[{"start":0,"end":9,"url":null,"entity_id":"Q1203068","candidates":[]}],[],[]],[[{"start":0,"end":9,"url":null,"entity_id":"Q1203064","candidates":[]}],[],[]],[[{"start":0,"end":5,"url":null,"entity_id":"Q1203059","candidates":[]}],[],[]],[[{"start":0,"end":9,"url":null,"entity_id":"Q1203004","candidates":[]}],[],[]],[[{"start":0,"end":4,"url":null,"entity_id":"Q1202986","candidates":[]}],[],[]],[[{"start":0,"end":4,"url":null,"entity_id":"Q1202807","candidates":[]}],[],[]],[[{"start":0,"end":7,"url":null,"entity_id":"Q1202796","candidates":[]}],[],[]],[[{"start":0,"end":7,"url":null,"entity_id":"Q1202789","candidates":[]}],[],[]],[[{"start":0,"end":8,"url":null,"entity_id":"Q1202786","candidates":[]}],[],[]],[[{"start":0,"end":8,"url":null,"entity_id":"Q1202775","candidates":[]}],[],[]],[[{"start":0,"end":5,"url":null,"entity_id":"Q1202754","candidates":[]}],[],[]],[[{"start":0,"end":5,"url":null,"entity_id":"Q1203189","candidates":[]}],[],[]]]}