{"version":"1.2","table":{"version":"2","table_id":"X5YQ51VT","columns":[{"index":0,"name":"col0","values":["Town Bmuff Dam","Clear Fork Brazs River Diversion Dam","Belton Fam","hitney Dam","Waco\"Dam","Stillhouse Holow Dam","Vaal Gam","Chasha Barrage","Mupdaring Weir","Canning Fam","Grassz Trail Dam","El Dorado Lke Dam","Sanfore Dam","Eufaula Dm","Sashe Dam","Hartbeeupoort Dam","Manyuch Dam","Fern Rjdge Dam","Barrage ee Chaudanne","Lock nd Dam Number 53"]},{"index":1,"name":"col1","values":["Sabin Pass basin","Brazos River basin","Brazos River basin","Brazos River basin","Brazos River basin","Brazos River basin","Orange River basin","Indus basin","Swan River Basin","Swan River Basin","Green River Basin","Arkansas River basin","Arkansas River basin","Arkansas River basin","Limpopo basin","Limpopo basin","Limpopo basin","Willamette River basin","Durance basin","Ohio River basin"]},{"index":2,"name":"col2","values":["24.825","474.615","201.173","145.87","146.118","188.85999999999999","1472.626","185.84","133.598","197.208","7599.77","392.501","904.623","179.358","981.0","1152.36","628.992","355.77","748.494","92.46"]}]},"context":{"page_title":null,"page_url":null,"page_entity_id":null,"content_hierarchy":[]},"links":[[[{"start":0,"end":14,"url":null,"entity_id":"Q31559725","candidates":[]}],[{"start":0,"end":16,"url":null,"entity_id":"Q47150380","candidates":[]}],[]],[[{"start":0,"end":36,"url":null,"entity_id":"Q32833302","candidates":[]}],[{"start":0,"end":18,"url":null,"entity_id":"Q47145063","candidates":[]}],[]],[[{"start":0,"end":10,"url":null,"entity_id":"Q32828150","candidates":[]}],[{"start":0,"end":18,"url":null,"entity_id":"Q47145063","candidates":[]}],[]],[[{"start":0,"end":10,"url":null,"entity_id":"Q31586809","candidates":[]}],[{"start":0,"end":18,"url":null,"entity_id":"Q47145063","candidates":[]}],[]],[[{"start":0,"end":8,"url":null,"entity_id":"Q31575446","candidates":[]}],[{"start":0,"end":18,"url":null,"entity_id":"Q47145063","candidates":[]}],[]],[[{"start":0,"end":20,"url":null,"entity_id":"Q31533848","candidates":[]}],[{"start":0,"end":18,"url":null,"entity_id":"Q47145063","candidates":[]}],[]],[[{"start":0,"end":8,"url":null,"entity_id":"Q978936","candidates":[]}],[{"start":0,"end":18,"url":null,"entity_id":"Q46511967","candidates":[]}],[]],[[{"start":0,"end":14,"url":null,"entity_id":"Q5087276","candidates":[]}],[{"start":0,"end":11,"url":null,"entity_id":"Q46507260","candidates":[]}],[]],[[{"start":0,"end":14,"url":null,"entity_id":"Q1800878","candidates":[]}],[{"start":0,"end":16,"url":null,"entity_id":"Q46483643","candidates":[]}],[]],[[{"start":0,"end":11,"url":null,"entity_id":"Q1033406","candidates":[]}],[{"start":0,"end":16,"url":null,"entity_id":"Q46483643","candidates":[]}],[]],[[{"start":0,"end":16,"url":null,"entity_id":"Q48987939","candidates":[]}],[{"start":0,"end":17,"url":null,"entity_id":"Q46181533","candidates":[]}],[]],[[{"start":0,"end":17,"url":null,"entity_id":"Q32838279","candidates":[]}],[{"start":0,"end":20,"url":null,"entity_id":"Q44758029","candidates":[]}],[]],[[{"start":0,"end":11,"url":null,"entity_id":"Q31509703","candidates":[]}],[{"start":0,"end":20,"url":null,"entity_id":"Q44758029","candidates":[]}],[]],[[{"start":0,"end":10,"url":null,"entity_id":"Q5406817","candidates":[]}],[{"start":0,"end":20,"url":null,"entity_id":"Q44758029","candidates":[]}],[]],[[{"start":0,"end":9,"url":null,"entity_id":"Q7490545","candidates":[]}],[{"start":0,"end":13,"url":null,"entity_id":"Q46474054","candidates":[]}],[]],[[{"start":0,"end":17,"url":null,"entity_id":"Q908661","candidates":[]}],[{"start":0,"end":13,"url":null,"entity_id":"Q46474054","candidates":[]}],[]],[[{"start":0,"end":11,"url":null,"entity_id":"Q640849","candidates":[]}],[{"start":0,"end":13,"url":null,"entity_id":"Q46474054","candidates":[]}],[]],[[{"start":0,"end":14,"url":null,"entity_id":"Q48986118","candidates":[]}],[{"start":0,"end":22,"url":null,"entity_id":"Q46210901","candidates":[]}],[]],[[{"start":0,"end":20,"url":null,"entity_id":"Q2885086","candidates":[]}],[{"start":0,"end":13,"url":null,"entity_id":"Q46200876","candidates":[]}],[]],[[{"start":0,"end":21,"url":null,"entity_id":"Q23018137","candidates":[]}],[{"start":0,"end":16,"url":null,"entity_id":"Q44725607","candidates":[]}],[]]]}