{"version":"1.2","table":{"version":"2","table_id":"X6GR4C8A","columns":[{"index":0,"name":"col0","values":["Sini vir","Rakovitsa","Mechata dupka","Mechata lapa","Peshova dupka","Golyama i Malka pod Listsa","Apostolskata","Mariyna dupka","Tsepkata","Duhlatata peshtera","Yonchova dupka","Furnata","Kalchova dupka 3","Malkiya vodopad","Imanyarskata","Manastirskata 2","Manastirskata 1","Ovchata propast","Pod prashnata","Smocheto","Kostenurkata","Mahnatite skali","Gornata propast","Golyamata nisha","Danina dupka","Kalugerskata dupka","Malak chuchur","Tsiganskata yama","Tyulenovata peshtera","Vlayne 6"]},{"index":1,"name":"col1","values":["0","0","0","0","0","0","0","0","0","0","0","0","0","0","0","0","0","0","0","18","0","0","0","0","0","0","0","20","0","23"]},{"index":2,"name":"col2","values":["0","0","0","0","0","0","0","0","0","0","0","0","0","0","0","0","0","0","0","35","0","0","0","0","0","0","0","0","107","7"]}]},"context":{"page_title":null,"page_url":null,"page_entity_id":null,"content_hierarchy":[]},"links":[[[{"start":0,"end":8,"url":null,"entity_id":"Q61871511","candidates":[]}],[],[]],[[{"start":0,"end":9,"url":null,"entity_id":"Q61871510","candidates":[]}],[],[]],[[{"start":0,"end":13,"url":null,"entity_id":"Q61871509","candidates":[]}],[],[]],[[{"start":0,"end":12,"url":null,"entity_id":"Q61871508","candidates":[]}],[],[]],[[{"start":0,"end":13,"url":null,"entity_id":"Q61871507","candidates":[]}],[],[]],[[{"start":0,"end":26,"url":null,"entity_id":"Q61871506","candidates":[]}],[],[]],[[{"start":0,"end":12,"url":null,"entity_id":"Q61871503","candidates":[]}],[],[]],[[{"start":0,"end":13,"url":null,"entity_id":"Q61871502","candidates":[]}],[],[]],[[{"start":0,"end":8,"url":null,"entity_id":"Q61871501","candidates":[]}],[],[]],[[{"start":0,"end":18,"url":null,"entity_id":"Q61871500","candidates":[]}],[],[]],[[{"start":0,"end":14,"url":null,"entity_id":"Q61871499","candidates":[]}],[],[]],[[{"start":0,"end":7,"url":null,"entity_id":"Q61871498","candidates":[]}],[],[]],[[{"start":0,"end":16,"url":null,"entity_id":"Q61871497","candidates":[]}],[],[]],[[{"start":0,"end":15,"url":null,"entity_id":"Q61871496","candidates":[]}],[],[]],[[{"start":0,"end":12,"url":null,"entity_id":"Q61871495","candidates":[]}],[],[]],[[{"start":0,"end":15,"url":null,"entity_id":"Q61871494","candidates":[]}],[],[]],[[{"start":0,"end":15,"url":null,"entity_id":"Q61871493","candidates":[]}],[],[]],[[{"start":0,"end":15,"url":null,"entity_id":"Q61871492","candidates":[]}],[],[]],[[{"start":0,"end":13,"url":null,"entity_id":"Q61871491","candidates":[]}],[],[]],[[{"start":0,"end":8,"url":null,"entity_id":"Q61871490","candidates":[]}],[],[]],[[{"start":0,"end":12,"url":null,"entity_id":"Q61871489","candidates":[]}],[],[]],[[{"start":0,"end":15,"url":null,"entity_id":"Q61871488","candidates":[]}],[],[]],[[{"start":0,"end":15,"url":null,"entity_id":"Q61871487","candidates":[]}],[],[]],[[{"start":0,"end":15,"url":null,"entity_id":"Q61871485","candidates":[]}],[],[]],[[{"start":0,"end":12,"url":null,"entity_id":"Q61871484","candidates":[]}],[],[]],[[{"start":0,"end":18,"url":null,"entity_id":"Q61871483","candidates":[]}],[],[]],[[{"start":0,"end":13,"url":null,"entity_id":"Q61871482","candidates":[]}],[],[]],[[{"start":0,"end":16,"url":null,"entity_id":"Q61871480","candidates":[]}],[],[]],[[{"start":0,"end":20,"url":null,"entity_id":"Q61871479","candidates":[]}],[],[]],[[{"start":0,"end":8,"url":null,"entity_id":"Q61871478","candidates":[]}],[],[]]]}