{"version":"1.2","table":{"version":"2","table_id":"X6ZGVFP2","columns":[{"index":0,"name":"col0","values":["Alipurduar II community development block","Garhbeta III community development block","Garhbeta II community development block","Galsi II community development block","Galsi I community development block","Dhupguri community development block","Egra II community development block","Egra I community development block","Dinhata II community development block","Dinhata I community development block","Daspur I community development block","Debra community development block","Khejuri II community development block","Keshiari community development block","Khanakul II community development block","Khanakul I community development block","Ketugram I community development block","Kharagpur I community development block","Ketugram II community development block","Katwa II community development block"]},{"index":1,"name":"col1","values":["Alipurduar I community development block","Garhbeta II community development block","Garhbeta III community development block","Galsi I community development block","Galsi II community development block","Falakata community development block","Egra I community development block","Egra II community development block","Dinhata I community development block","Dinhata II community development block","Debra community development block","Daspur I community development block","Khejuri I community development block","Kharagpur I community development block","Khanakul I community development block","Khanakul II community development block","Ketugram II community development block","Keshiari community development block","Katwa I community development block","Katwa I community development block"]},{"index":2,"name":"col2","values":["321.26","312.82","392.55","219.09","257.37","535.27","184.71","197.1","103.3","248.54","168.3","342.41","137.46","292.09","121.83","171.92","193.98","313.31","160.03","163.2"]},{"index":3,"name":"col3","values":["218272","169528","148410","147177","187588","414854","178763","167163","244066","286269","203987","288619","139463","149260","184734","254434","165408","258040","118567","136708"]},{"index":4,"name":"col4","values":["71892","60643","48789","54999","65048","162979","41128","44329","88992","102532","51798","78001","36314","47703","55944","79929","67216","81296","49232","52661"]}]},"context":{"page_title":null,"page_url":null,"page_entity_id":null,"content_hierarchy":[]},"links":[[[{"start":0,"end":40,"url":null,"entity_id":"Q5523225","candidates":[]}],[{"start":0,"end":39,"url":null,"entity_id":"Q5523227","candidates":[]}],[],[],[]],[[{"start":0,"end":39,"url":null,"entity_id":"Q5523227","candidates":[]}],[{"start":0,"end":40,"url":null,"entity_id":"Q5523225","candidates":[]}],[],[],[]],[[{"start":0,"end":36,"url":null,"entity_id":"Q5519327","candidates":[]}],[{"start":0,"end":35,"url":null,"entity_id":"Q5519330","candidates":[]}],[],[],[]],[[{"start":0,"end":35,"url":null,"entity_id":"Q5519330","candidates":[]}],[{"start":0,"end":36,"url":null,"entity_id":"Q5519327","candidates":[]}],[],[],[]],[[{"start":0,"end":36,"url":null,"entity_id":"Q5269904","candidates":[]}],[{"start":0,"end":36,"url":null,"entity_id":"Q5431636","candidates":[]}],[],[],[]],[[{"start":0,"end":35,"url":null,"entity_id":"Q5348248","candidates":[]}],[{"start":0,"end":34,"url":null,"entity_id":"Q5348250","candidates":[]}],[],[],[]],[[{"start":0,"end":34,"url":null,"entity_id":"Q5348250","candidates":[]}],[{"start":0,"end":35,"url":null,"entity_id":"Q5348248","candidates":[]}],[],[],[]],[[{"start":0,"end":38,"url":null,"entity_id":"Q5278312","candidates":[]}],[{"start":0,"end":37,"url":null,"entity_id":"Q5278313","candidates":[]}],[],[],[]],[[{"start":0,"end":37,"url":null,"entity_id":"Q5278313","candidates":[]}],[{"start":0,"end":38,"url":null,"entity_id":"Q5278312","candidates":[]}],[],[],[]],[[{"start":0,"end":36,"url":null,"entity_id":"Q5226823","candidates":[]}],[{"start":0,"end":33,"url":null,"entity_id":"Q5248429","candidates":[]}],[],[],[]],[[{"start":0,"end":33,"url":null,"entity_id":"Q5248429","candidates":[]}],[{"start":0,"end":36,"url":null,"entity_id":"Q5226823","candidates":[]}],[],[],[]],[[{"start":0,"end":38,"url":null,"entity_id":"Q6401220","candidates":[]}],[{"start":0,"end":37,"url":null,"entity_id":"Q6401221","candidates":[]}],[],[],[]],[[{"start":0,"end":36,"url":null,"entity_id":"Q6395040","candidates":[]}],[{"start":0,"end":39,"url":null,"entity_id":"Q6400532","candidates":[]}],[],[],[]],[[{"start":0,"end":39,"url":null,"entity_id":"Q6400150","candidates":[]}],[{"start":0,"end":38,"url":null,"entity_id":"Q6400153","candidates":[]}],[],[],[]],[[{"start":0,"end":38,"url":null,"entity_id":"Q6400153","candidates":[]}],[{"start":0,"end":39,"url":null,"entity_id":"Q6400150","candidates":[]}],[],[],[]],[[{"start":0,"end":38,"url":null,"entity_id":"Q6395589","candidates":[]}],[{"start":0,"end":39,"url":null,"entity_id":"Q6395590","candidates":[]}],[],[],[]],[[{"start":0,"end":39,"url":null,"entity_id":"Q6400532","candidates":[]}],[{"start":0,"end":36,"url":null,"entity_id":"Q6395040","candidates":[]}],[],[],[]],[[{"start":0,"end":39,"url":null,"entity_id":"Q6395590","candidates":[]}],[{"start":0,"end":35,"url":null,"entity_id":"Q6378467","candidates":[]}],[],[],[]],[[{"start":0,"end":36,"url":null,"entity_id":"Q6378465","candidates":[]}],[{"start":0,"end":35,"url":null,"entity_id":"Q6378467","candidates":[]}],[],[],[]],[[{"start":0,"end":41,"url":null,"entity_id":"Q4726839","candidates":[]}],[{"start":0,"end":40,"url":null,"entity_id":"Q4726841","candidates":[]}],[],[],[]]]}