{"version":"1.2","table":{"version":"2","table_id":"X75YB86D","columns":[{"index":0,"name":"col0","values":["1983 Cirduito de Getxo","182 Circuito de Getxo","1984 Circuito de Getxo","1980 Cicuito de Getxo","1966 Circuito dh Getxo","1965 Circuto de Getxo","164 Circuito de Getxo","1963 Circuto de Getxo","1962 Circuito de Ghtxo","1961 Ckrcuito de Getxo","1960 Citcuito de Getxo","1<59 Circuito de Getxo","1958 Circxito de Getxo","1957 Circuito de Get{o","1956 Circuito e Getxo","1955 Circuito de!Getxo","194 Circuito de Getxo","1953 Circuito de\"Getxo","1952 Cjrcuito de Getxo","1951 Ciruito de Getxo"]},{"index":1,"name":"col1","values":["1983/01/01","1982/01/01","1981/01/01","1980/01/01","1966/01/01","1965/01/01","1964/01/01","1963/01/01","1962/01/01","1961/01/01","1960/01/01","1959/01/01","1958/01/01","1957/01/01","1956/01/01","1955/01/01","1954/01/01","1953/01/01","1952/01/01","1951/01/01"]},{"index":2,"name":"col2","values":["Spain","Spain","Spain","Spain","Spain","Spain","Spain","Spain","Spain","Spain","Spain","Spain","Spain","Spain","Spain","Spain","Spain","Spain","Spain","Spain"]},{"index":3,"name":"col3","values":["1982 Circuito de Getxo","1981 Circuito de Getxo","1980 Circuito de Getxo","1966 Circuito de Getxo","1965 Circuito de Getxo","1964 Circuito de Getxo","1963 Circuito de Getxo","1962 Circuito de Getxo","1961 Circuito de Getxo","1960 Circuito de Getxo","1959 Circuito de Getxo","1958 Circuito de Getxo","1957 Circuito de Getxo","1956 Circuito de Getxo","1955 Circuito de Getxo","1954 Circuito de Getxo","1953 Circuito de Getxo","1952 Circuito de Getxo","1951 Circuito de Getxo","1950 Circuito de Getxo"]}]},"context":{"page_title":null,"page_url":null,"page_entity_id":null,"content_hierarchy":[]},"links":[[[{"start":0,"end":22,"url":null,"entity_id":"Q59595836","candidates":[]}],[],[{"start":0,"end":5,"url":null,"entity_id":"Q29","candidates":[]}],[{"start":0,"end":22,"url":null,"entity_id":"Q59595835","candidates":[]}]],[[{"start":0,"end":21,"url":null,"entity_id":"Q59595835","candidates":[]}],[],[{"start":0,"end":5,"url":null,"entity_id":"Q29","candidates":[]}],[{"start":0,"end":22,"url":null,"entity_id":"Q59595834","candidates":[]}]],[[{"start":0,"end":22,"url":null,"entity_id":"Q59595834","candidates":[]}],[],[{"start":0,"end":5,"url":null,"entity_id":"Q29","candidates":[]}],[{"start":0,"end":22,"url":null,"entity_id":"Q59595833","candidates":[]}]],[[{"start":0,"end":21,"url":null,"entity_id":"Q59595833","candidates":[]}],[],[{"start":0,"end":5,"url":null,"entity_id":"Q29","candidates":[]}],[{"start":0,"end":22,"url":null,"entity_id":"Q59595832","candidates":[]}]],[[{"start":0,"end":22,"url":null,"entity_id":"Q59595832","candidates":[]}],[],[{"start":0,"end":5,"url":null,"entity_id":"Q29","candidates":[]}],[{"start":0,"end":22,"url":null,"entity_id":"Q59595830","candidates":[]}]],[[{"start":0,"end":21,"url":null,"entity_id":"Q59595830","candidates":[]}],[],[{"start":0,"end":5,"url":null,"entity_id":"Q29","candidates":[]}],[{"start":0,"end":22,"url":null,"entity_id":"Q59595828","candidates":[]}]],[[{"start":0,"end":21,"url":null,"entity_id":"Q59595828","candidates":[]}],[],[{"start":0,"end":5,"url":null,"entity_id":"Q29","candidates":[]}],[{"start":0,"end":22,"url":null,"entity_id":"Q59595826","candidates":[]}]],[[{"start":0,"end":21,"url":null,"entity_id":"Q59595826","candidates":[]}],[],[{"start":0,"end":5,"url":null,"entity_id":"Q29","candidates":[]}],[{"start":0,"end":22,"url":null,"entity_id":"Q59595824","candidates":[]}]],[[{"start":0,"end":22,"url":null,"entity_id":"Q59595824","candidates":[]}],[],[{"start":0,"end":5,"url":null,"entity_id":"Q29","candidates":[]}],[{"start":0,"end":22,"url":null,"entity_id":"Q59595822","candidates":[]}]],[[{"start":0,"end":22,"url":null,"entity_id":"Q59595822","candidates":[]}],[],[{"start":0,"end":5,"url":null,"entity_id":"Q29","candidates":[]}],[{"start":0,"end":22,"url":null,"entity_id":"Q59595819","candidates":[]}]],[[{"start":0,"end":22,"url":null,"entity_id":"Q59595819","candidates":[]}],[],[{"start":0,"end":5,"url":null,"entity_id":"Q29","candidates":[]}],[{"start":0,"end":22,"url":null,"entity_id":"Q59595817","candidates":[]}]],[[{"start":0,"end":22,"url":null,"entity_id":"Q59595817","candidates":[]}],[],[{"start":0,"end":5,"url":null,"entity_id":"Q29","candidates":[]}],[{"start":0,"end":22,"url":null,"entity_id":"Q59595815","candidates":[]}]],[[{"start":0,"end":22,"url":null,"entity_id":"Q59595815","candidates":[]}],[],[{"start":0,"end":5,"url":null,"entity_id":"Q29","candidates":[]}],[{"start":0,"end":22,"url":null,"entity_id":"Q59595814","candidates":[]}]],[[{"start":0,"end":22,"url":null,"entity_id":"Q59595814","candidates":[]}],[],[{"start":0,"end":5,"url":null,"entity_id":"Q29","candidates":[]}],[{"start":0,"end":22,"url":null,"entity_id":"Q59595813","candidates":[]}]],[[{"start":0,"end":21,"url":null,"entity_id":"Q59595813","candidates":[]}],[],[{"start":0,"end":5,"url":null,"entity_id":"Q29","candidates":[]}],[{"start":0,"end":22,"url":null,"entity_id":"Q59595812","candidates":[]}]],[[{"start":0,"end":22,"url":null,"entity_id":"Q59595812","candidates":[]}],[],[{"start":0,"end":5,"url":null,"entity_id":"Q29","candidates":[]}],[{"start":0,"end":22,"url":null,"entity_id":"Q59595811","candidates":[]}]],[[{"start":0,"end":21,"url":null,"entity_id":"Q59595811","candidates":[]}],[],[{"start":0,"end":5,"url":null,"entity_id":"Q29","candidates":[]}],[{"start":0,"end":22,"url":null,"entity_id":"Q59595810","candidates":[]}]],[[{"start":0,"end":22,"url":null,"entity_id":"Q59595810","candidates":[]}],[],[{"start":0,"end":5,"url":null,"entity_id":"Q29","candidates":[]}],[{"start":0,"end":22,"url":null,"entity_id":"Q59595809","candidates":[]}]],[[{"start":0,"end":22,"url":null,"entity_id":"Q59595809","candidates":[]}],[],[{"start":0,"end":5,"url":null,"entity_id":"Q29","candidates":[]}],[{"start":0,"end":22,"url":null,"entity_id":"Q59595808","candidates":[]}]],[[{"start":0,"end":21,"url":null,"entity_id":"Q59595808","candidates":[]}],[],[{"start":0,"end":5,"url":null,"entity_id":"Q29","candidates":[]}],[{"start":0,"end":22,"url":null,"entity_id":"Q59595807","candidates":[]}]]]}