{"version":"1.2","table":{"version":"2","table_id":"X7WO0EON","columns":[{"index":0,"name":"col0","values":["Plymouth","Central Valley","Virgin","Wales","Springdale","Rush Valley","Scofield","Joseph","Howell","Wallsburg","Leeds","Clarkston","Union","Midland City","Rosa","Cowarts","Hodges","Dayton","Elkmont","Ethelsville"]},{"index":1,"name":"col1","values":["2.141621","5.433943","44.459451","1.028819","11.953221","46.834607","2.386682","2.34887","91.874169","1.339309","16.304076","2.402789","2.126776","15.682077","9.773489","19.325776","10.70629","2.585204","4.166875","1.468611"]},{"index":2,"name":"col2","values":["411","528","605","302","457","466","24","342","245","272","837","679","227","2344","316","1546","288","60","434","81"]},{"index":3,"name":"col3","values":["1368","1618","1099","1715","1188","1537","2359","1657","1390","1730","1061","1487","93","115","189","99","263","74","246","111"]}]},"context":{"page_title":null,"page_url":null,"page_entity_id":null,"content_hierarchy":[]},"links":[[[{"start":0,"end":8,"url":null,"entity_id":"Q482667","candidates":[]}],[],[],[]],[[{"start":0,"end":14,"url":null,"entity_id":"Q482613","candidates":[]}],[],[],[]],[[{"start":0,"end":6,"url":null,"entity_id":"Q482603","candidates":[]}],[],[],[]],[[{"start":0,"end":5,"url":null,"entity_id":"Q482546","candidates":[]}],[],[],[]],[[{"start":0,"end":10,"url":null,"entity_id":"Q482508","candidates":[]}],[],[],[]],[[{"start":0,"end":11,"url":null,"entity_id":"Q482495","candidates":[]}],[],[],[]],[[{"start":0,"end":8,"url":null,"entity_id":"Q482489","candidates":[]}],[],[],[]],[[{"start":0,"end":6,"url":null,"entity_id":"Q482481","candidates":[]}],[],[],[]],[[{"start":0,"end":6,"url":null,"entity_id":"Q482480","candidates":[]}],[],[],[]],[[{"start":0,"end":9,"url":null,"entity_id":"Q482471","candidates":[]}],[],[],[]],[[{"start":0,"end":5,"url":null,"entity_id":"Q482468","candidates":[]}],[],[],[]],[[{"start":0,"end":9,"url":null,"entity_id":"Q482467","candidates":[]}],[],[],[]],[[{"start":0,"end":5,"url":null,"entity_id":"Q67077","candidates":[]}],[],[],[]],[[{"start":0,"end":12,"url":null,"entity_id":"Q67065","candidates":[]}],[],[],[]],[[{"start":0,"end":4,"url":null,"entity_id":"Q67056","candidates":[]}],[],[],[]],[[{"start":0,"end":7,"url":null,"entity_id":"Q67046","candidates":[]}],[],[],[]],[[{"start":0,"end":6,"url":null,"entity_id":"Q67021","candidates":[]}],[],[],[]],[[{"start":0,"end":6,"url":null,"entity_id":"Q67012","candidates":[]}],[],[],[]],[[{"start":0,"end":7,"url":null,"entity_id":"Q67000","candidates":[]}],[],[],[]],[[{"start":0,"end":11,"url":null,"entity_id":"Q66990","candidates":[]}],[],[],[]]]}