{"version":"1.2","table":{"version":"2","table_id":"XA85TJN0","columns":[{"index":0,"name":"col0","values":["Çadırlı","Hacıahmetli","Karacahisar","Kadıköy","Karadiken","Kavaklı","Kayaönü","Kelceköy","Gençali","Güzelköy","Güzelyurt, Mut","Hacıilyaslı","Hisarköy","Hocalı","Irmaklı","Kumaçukuru","Kurtuluş","Kırkkavak","Kızılalan","Kışlaköy"]},{"index":1,"name":"col1","values":["Mersin","Mut","Milas","Mut","Mut","Mut","Mut","Mut","Mut","Mut","Mut","Mut","Mut","Mut","Mut","Mut","Mut","Mut","Mut","Mut"]},{"index":2,"name":"col2","values":["540","1210","150","160","110","370","800","485","275","370","630","315","215","280","130","800","740","175","3180","395"]}]},"context":{"page_title":null,"page_url":null,"page_entity_id":null,"content_hierarchy":[]},"links":[[[{"start":0,"end":7,"url":null,"entity_id":"Q8077423","candidates":[]}],[{"start":0,"end":6,"url":null,"entity_id":"Q134291","candidates":[]}],[]],[[{"start":0,"end":11,"url":null,"entity_id":"Q8002532","candidates":[]}],[{"start":0,"end":3,"url":null,"entity_id":"Q94637","candidates":[]}],[]],[[{"start":0,"end":11,"url":null,"entity_id":"Q6641209","candidates":[]}],[{"start":0,"end":5,"url":null,"entity_id":"Q924252","candidates":[]}],[]],[[{"start":0,"end":7,"url":null,"entity_id":"Q6652776","candidates":[]}],[{"start":0,"end":3,"url":null,"entity_id":"Q94637","candidates":[]}],[]],[[{"start":0,"end":9,"url":null,"entity_id":"Q6639147","candidates":[]}],[{"start":0,"end":3,"url":null,"entity_id":"Q94637","candidates":[]}],[]],[[{"start":0,"end":7,"url":null,"entity_id":"Q6627988","candidates":[]}],[{"start":0,"end":3,"url":null,"entity_id":"Q94637","candidates":[]}],[]],[[{"start":0,"end":7,"url":null,"entity_id":"Q6624405","candidates":[]}],[{"start":0,"end":3,"url":null,"entity_id":"Q94637","candidates":[]}],[]],[[{"start":0,"end":8,"url":null,"entity_id":"Q6621317","candidates":[]}],[{"start":0,"end":3,"url":null,"entity_id":"Q94637","candidates":[]}],[]],[[{"start":0,"end":7,"url":null,"entity_id":"Q6729197","candidates":[]}],[{"start":0,"end":3,"url":null,"entity_id":"Q94637","candidates":[]}],[]],[[{"start":0,"end":8,"url":null,"entity_id":"Q6684345","candidates":[]}],[{"start":0,"end":3,"url":null,"entity_id":"Q94637","candidates":[]}],[]],[[{"start":0,"end":14,"url":null,"entity_id":"Q6682108","candidates":[]}],[{"start":0,"end":3,"url":null,"entity_id":"Q94637","candidates":[]}],[]],[[{"start":0,"end":11,"url":null,"entity_id":"Q6677861","candidates":[]}],[{"start":0,"end":3,"url":null,"entity_id":"Q94637","candidates":[]}],[]],[[{"start":0,"end":8,"url":null,"entity_id":"Q6663431","candidates":[]}],[{"start":0,"end":3,"url":null,"entity_id":"Q94637","candidates":[]}],[]],[[{"start":0,"end":6,"url":null,"entity_id":"Q6662925","candidates":[]}],[{"start":0,"end":3,"url":null,"entity_id":"Q94637","candidates":[]}],[]],[[{"start":0,"end":7,"url":null,"entity_id":"Q6657675","candidates":[]}],[{"start":0,"end":3,"url":null,"entity_id":"Q94637","candidates":[]}],[]],[[{"start":0,"end":10,"url":null,"entity_id":"Q6604465","candidates":[]}],[{"start":0,"end":3,"url":null,"entity_id":"Q94637","candidates":[]}],[]],[[{"start":0,"end":8,"url":null,"entity_id":"Q6602843","candidates":[]}],[{"start":0,"end":3,"url":null,"entity_id":"Q94637","candidates":[]}],[]],[[{"start":0,"end":9,"url":null,"entity_id":"Q6588549","candidates":[]}],[{"start":0,"end":3,"url":null,"entity_id":"Q94637","candidates":[]}],[]],[[{"start":0,"end":9,"url":null,"entity_id":"Q6588004","candidates":[]}],[{"start":0,"end":3,"url":null,"entity_id":"Q94637","candidates":[]}],[]],[[{"start":0,"end":8,"url":null,"entity_id":"Q6587118","candidates":[]}],[{"start":0,"end":3,"url":null,"entity_id":"Q94637","candidates":[]}],[]]]}