{"version":"1.2","table":{"version":"2","table_id":"XAFWZLPB","columns":[{"index":0,"name":"col0","values":["USS Massahusetts","Italian battleship Glulio Cesare","USS Utbh","French battleship Jan Bart","HM Queen Elizabeth","SS Uexs","USS!Alabama","HMS Nalbya","HMS Irn Duke","HMS Kiqg George V","Japanese battleshipTosa","Japanese bawtleship Musashi","HMS Nhlson","US Oklahoma","French attleship Bretagne","HMS Duke of Youk","HMS Rodne{","SMS!König","UVS North Carolina","HMS Prince pf Wales (53)"]},{"index":1,"name":"col1","values":["32.9289","27.86","27.115199999999998","35.35","27.517200000000003","28.797","32.868","27.544800000000002","27.180799999999998","31.086","30.2904","38.467800000000004","32.59069999999999","28.942","27.134999999999998","31.44","32.3","29.264","33.165","31.16695"]},{"index":2,"name":"col2","values":["8.9089","9.362400000000001","8.5656","9.6672","9.3","8.647799999999998","11.088000000000001","9.2163","9.016969999999999","19.8801","9.334200000000001","11.066","10.04","8.647799999999998","9.7118","10.5735","10.009999999999998","9.12567","8.181","10.791"]}]},"context":{"page_title":null,"page_url":null,"page_entity_id":null,"content_hierarchy":[]},"links":[[[{"start":0,"end":16,"url":null,"entity_id":"Q2364733","candidates":[]}],[],[]],[[{"start":0,"end":32,"url":null,"entity_id":"Q1789521","candidates":[]}],[],[]],[[{"start":0,"end":8,"url":null,"entity_id":"Q1754624","candidates":[]}],[],[]],[[{"start":0,"end":26,"url":null,"entity_id":"Q1638571","candidates":[]}],[],[]],[[{"start":0,"end":18,"url":null,"entity_id":"Q1565225","candidates":[]}],[],[]],[[{"start":0,"end":7,"url":null,"entity_id":"Q1500182","candidates":[]}],[],[]],[[{"start":0,"end":11,"url":null,"entity_id":"Q1405465","candidates":[]}],[],[]],[[{"start":0,"end":10,"url":null,"entity_id":"Q1300547","candidates":[]}],[],[]],[[{"start":0,"end":12,"url":null,"entity_id":"Q1201408","candidates":[]}],[],[]],[[{"start":0,"end":17,"url":null,"entity_id":"Q1139653","candidates":[]}],[],[]],[[{"start":0,"end":23,"url":null,"entity_id":"Q1138094","candidates":[]}],[],[]],[[{"start":0,"end":27,"url":null,"entity_id":"Q1127368","candidates":[]}],[],[]],[[{"start":0,"end":10,"url":null,"entity_id":"Q1032062","candidates":[]}],[],[]],[[{"start":0,"end":11,"url":null,"entity_id":"Q948229","candidates":[]}],[],[]],[[{"start":0,"end":25,"url":null,"entity_id":"Q910512","candidates":[]}],[],[]],[[{"start":0,"end":16,"url":null,"entity_id":"Q904353","candidates":[]}],[],[]],[[{"start":0,"end":10,"url":null,"entity_id":"Q855635","candidates":[]}],[],[]],[[{"start":0,"end":9,"url":null,"entity_id":"Q819361","candidates":[]}],[],[]],[[{"start":0,"end":18,"url":null,"entity_id":"Q727245","candidates":[]}],[],[]],[[{"start":0,"end":24,"url":null,"entity_id":"Q724919","candidates":[]}],[],[]]]}