{"version":"1.2","table":{"version":"2","table_id":"XGE08TM3","columns":[{"index":0,"name":"col0","values":["bossed and flat gongs","sets of percussion tubes","individual percussion tubes","sets of percussion plaques","individual percussion plaques","sets of percussion sticks","individual percussion sticks","non-idiophonic interruptive instruments","interruptive free aerophone","percussion vessels","percussion tubes","percussion plaques","percussion sticks","board zithers","tube zither","bar zither","concussion tubes","concussion vessels","concussion troughs","concussion plaques"]},{"index":1,"name":"col1","values":["MIMO's classification of musical instrument","MIMO's classification of musical instrument","MIMO's classification of musical instrument","MIMO's classification of musical instrument","MIMO's classification of musical instrument","MIMO's classification of musical instrument","MIMO's classification of musical instrument","MIMO's classification of musical instrument","MIMO's classification of musical instrument","MIMO's classification of musical instrument","MIMO's classification of musical instrument","MIMO's classification of musical instrument","MIMO's classification of musical instrument","MIMO's classification of musical instrument","MIMO's classification of musical instrument","MIMO's classification of musical instrument","Guizzi's classification of musical instruments","MIMO's classification of musical instrument","MIMO's classification of musical instrument","MIMO's classification of musical instrument"]},{"index":2,"name":"col2","values":["individual gongs","percussion tubes","percussion tubes","percussion plaques","percussion plaques","percussion sticks","percussion sticks","interruptive free aerophone","free aerophone","percussion idiophones","percussion idiophones","percussion idiophones","percussion idiophones","simple chordophone","simple chordophone","simple chordophone","concussion idiophone","concussion idiophone","concussion idiophone","concussion idiophone"]},{"index":3,"name":"col3","values":["Bossed and flat gongs","Sets of percussion tubes","(Individual) percussion tubes","Sets of percussion plaques","(Individual) percussion plaques","Sets of percussion sticks","(Individual) percussion sticks","Non-autophonic interruptive instruments","Interruptive aerophones","Percussion vessels","Percussion tubes","Percussion plaques","Percussion sticks","Board zithers","Tube zithers","Bar zithers","Concussion tubes or tubular clappers","Concussion vessels or vessel clappers","Concussion troughs or trough clappers","Concussion plaques or plaque clappers"]}]},"context":{"page_title":null,"page_url":null,"page_entity_id":null,"content_hierarchy":[]},"links":[[[{"start":0,"end":21,"url":null,"entity_id":"Q55721732","candidates":[]}],[{"start":0,"end":43,"url":null,"entity_id":"Q26836418","candidates":[]}],[{"start":0,"end":16,"url":null,"entity_id":"Q55721731","candidates":[]}],[]],[[{"start":0,"end":24,"url":null,"entity_id":"Q55721727","candidates":[]}],[{"start":0,"end":43,"url":null,"entity_id":"Q26836418","candidates":[]}],[{"start":0,"end":16,"url":null,"entity_id":"Q55721724","candidates":[]}],[]],[[{"start":0,"end":27,"url":null,"entity_id":"Q55721726","candidates":[]}],[{"start":0,"end":43,"url":null,"entity_id":"Q26836418","candidates":[]}],[{"start":0,"end":16,"url":null,"entity_id":"Q55721724","candidates":[]}],[]],[[{"start":0,"end":26,"url":null,"entity_id":"Q55721723","candidates":[]}],[{"start":0,"end":43,"url":null,"entity_id":"Q26836418","candidates":[]}],[{"start":0,"end":18,"url":null,"entity_id":"Q55721721","candidates":[]}],[]],[[{"start":0,"end":29,"url":null,"entity_id":"Q55721722","candidates":[]}],[{"start":0,"end":43,"url":null,"entity_id":"Q26836418","candidates":[]}],[{"start":0,"end":18,"url":null,"entity_id":"Q55721721","candidates":[]}],[]],[[{"start":0,"end":25,"url":null,"entity_id":"Q55721719","candidates":[]}],[{"start":0,"end":43,"url":null,"entity_id":"Q26836418","candidates":[]}],[{"start":0,"end":17,"url":null,"entity_id":"Q55721717","candidates":[]}],[]],[[{"start":0,"end":28,"url":null,"entity_id":"Q55721718","candidates":[]}],[{"start":0,"end":43,"url":null,"entity_id":"Q26836418","candidates":[]}],[{"start":0,"end":17,"url":null,"entity_id":"Q55721717","candidates":[]}],[]],[[{"start":0,"end":39,"url":null,"entity_id":"Q54819544","candidates":[]}],[{"start":0,"end":43,"url":null,"entity_id":"Q26836418","candidates":[]}],[{"start":0,"end":27,"url":null,"entity_id":"Q54819588","candidates":[]}],[]],[[{"start":0,"end":27,"url":null,"entity_id":"Q54819588","candidates":[]}],[{"start":0,"end":43,"url":null,"entity_id":"Q26836418","candidates":[]}],[{"start":0,"end":14,"url":null,"entity_id":"Q50840728","candidates":[]}],[]],[[{"start":0,"end":18,"url":null,"entity_id":"Q55721729","candidates":[]}],[{"start":0,"end":43,"url":null,"entity_id":"Q26836418","candidates":[]}],[{"start":0,"end":21,"url":null,"entity_id":"Q30038792","candidates":[]}],[]],[[{"start":0,"end":16,"url":null,"entity_id":"Q55721724","candidates":[]}],[{"start":0,"end":43,"url":null,"entity_id":"Q26836418","candidates":[]}],[{"start":0,"end":21,"url":null,"entity_id":"Q30038792","candidates":[]}],[]],[[{"start":0,"end":18,"url":null,"entity_id":"Q55721721","candidates":[]}],[{"start":0,"end":43,"url":null,"entity_id":"Q26836418","candidates":[]}],[{"start":0,"end":21,"url":null,"entity_id":"Q30038792","candidates":[]}],[]],[[{"start":0,"end":17,"url":null,"entity_id":"Q55721717","candidates":[]}],[{"start":0,"end":43,"url":null,"entity_id":"Q26836418","candidates":[]}],[{"start":0,"end":21,"url":null,"entity_id":"Q30038792","candidates":[]}],[]],[[{"start":0,"end":13,"url":null,"entity_id":"Q50829016","candidates":[]}],[{"start":0,"end":43,"url":null,"entity_id":"Q26836418","candidates":[]}],[{"start":0,"end":18,"url":null,"entity_id":"Q19589438","candidates":[]}],[]],[[{"start":0,"end":11,"url":null,"entity_id":"Q30034781","candidates":[]}],[{"start":0,"end":43,"url":null,"entity_id":"Q26836418","candidates":[]}],[{"start":0,"end":18,"url":null,"entity_id":"Q19589438","candidates":[]}],[]],[[{"start":0,"end":10,"url":null,"entity_id":"Q30034751","candidates":[]}],[{"start":0,"end":43,"url":null,"entity_id":"Q26836418","candidates":[]}],[{"start":0,"end":18,"url":null,"entity_id":"Q19589438","candidates":[]}],[]],[[{"start":0,"end":16,"url":null,"entity_id":"Q55721707","candidates":[]}],[{"start":0,"end":46,"url":null,"entity_id":"Q53424891","candidates":[]}],[{"start":0,"end":20,"url":null,"entity_id":"Q19589361","candidates":[]}],[]],[[{"start":0,"end":18,"url":null,"entity_id":"Q55720626","candidates":[]}],[{"start":0,"end":43,"url":null,"entity_id":"Q26836418","candidates":[]}],[{"start":0,"end":20,"url":null,"entity_id":"Q19589361","candidates":[]}],[]],[[{"start":0,"end":18,"url":null,"entity_id":"Q55720623","candidates":[]}],[{"start":0,"end":43,"url":null,"entity_id":"Q26836418","candidates":[]}],[{"start":0,"end":20,"url":null,"entity_id":"Q19589361","candidates":[]}],[]],[[{"start":0,"end":18,"url":null,"entity_id":"Q55720619","candidates":[]}],[{"start":0,"end":43,"url":null,"entity_id":"Q26836418","candidates":[]}],[{"start":0,"end":20,"url":null,"entity_id":"Q19589361","candidates":[]}],[]]]}