{"version":"1.2","table":{"version":"2","table_id":"XHHP07ZA","columns":[{"index":0,"name":"col0","values":["Gorey","Dreger Harbour","Akaroa Harbour","Aotea Harbour","Kāwhia Harbour","Parengarenga Harbour","Carnley Harbour","Otago Harbour","Hokianga","Fremantle Harbour","Fremantle Fishing Boat Harbour","Challenger Harbour","Circular Quay","Bathurst Harbour","Darling Harbour","Princess Royal Harbour","Yalta port","Skandinavienkai","Ostuferhafen","Galley Haven, Saint Petersburg"]},{"index":1,"name":"col1","values":["Saint Martin","Morobe Province","Christchurch City","Waikato District","King Country","Far North District","New Zealand outlying islands","Otago Region","Northland Region","City of Fremantle","City of Fremantle","City of Fremantle","City of Sydney","Tasmania","New South Wales","Western Australia","Yalta","Travemünde","Kiel","Saint Petersburg"]},{"index":2,"name":"col2","values":["Jersey","Papua New Guinea","New Zealand","New Zealand","New Zealand","New Zealand","New Zealand","New Zealand","New Zealand","Australia","Australia","Australia","Australia","Australia","Australia","Australia","Ukraine","Germany","Germany","Russia"]}]},"context":{"page_title":null,"page_url":null,"page_entity_id":null,"content_hierarchy":[]},"links":[[[{"start":0,"end":14,"url":null,"entity_id":"Q5306866","candidates":[]}],[{"start":0,"end":15,"url":null,"entity_id":"Q853664","candidates":[]}],[{"start":0,"end":16,"url":null,"entity_id":"Q691","candidates":[]}]],[[{"start":0,"end":14,"url":null,"entity_id":"Q416076","candidates":[]}],[{"start":0,"end":17,"url":null,"entity_id":"Q32159699","candidates":[]}],[{"start":0,"end":11,"url":null,"entity_id":"Q664","candidates":[]}]],[[{"start":0,"end":13,"url":null,"entity_id":"Q616220","candidates":[]}],[{"start":0,"end":16,"url":null,"entity_id":"Q1973593","candidates":[]}],[{"start":0,"end":11,"url":null,"entity_id":"Q664","candidates":[]}]],[[{"start":0,"end":14,"url":null,"entity_id":"Q838734","candidates":[]}],[{"start":0,"end":12,"url":null,"entity_id":"Q1705697","candidates":[]}],[{"start":0,"end":11,"url":null,"entity_id":"Q664","candidates":[]}]],[[{"start":0,"end":20,"url":null,"entity_id":"Q1375426","candidates":[]}],[{"start":0,"end":18,"url":null,"entity_id":"Q1365839","candidates":[]}],[{"start":0,"end":11,"url":null,"entity_id":"Q664","candidates":[]}]],[[{"start":0,"end":15,"url":null,"entity_id":"Q5044145","candidates":[]}],[{"start":0,"end":28,"url":null,"entity_id":"Q851132","candidates":[]}],[{"start":0,"end":11,"url":null,"entity_id":"Q664","candidates":[]}]],[[{"start":0,"end":13,"url":null,"entity_id":"Q2036651","candidates":[]}],[{"start":0,"end":12,"url":null,"entity_id":"Q692912","candidates":[]}],[{"start":0,"end":11,"url":null,"entity_id":"Q664","candidates":[]}]],[[{"start":0,"end":8,"url":null,"entity_id":"Q697092","candidates":[]}],[{"start":0,"end":16,"url":null,"entity_id":"Q59596","candidates":[]}],[{"start":0,"end":11,"url":null,"entity_id":"Q664","candidates":[]}]],[[{"start":0,"end":17,"url":null,"entity_id":"Q5501488","candidates":[]}],[{"start":0,"end":17,"url":null,"entity_id":"Q1455046","candidates":[]}],[{"start":0,"end":9,"url":null,"entity_id":"Q408","candidates":[]}]],[[{"start":0,"end":30,"url":null,"entity_id":"Q5501480","candidates":[]}],[{"start":0,"end":17,"url":null,"entity_id":"Q1455046","candidates":[]}],[{"start":0,"end":9,"url":null,"entity_id":"Q408","candidates":[]}]],[[{"start":0,"end":18,"url":null,"entity_id":"Q5068953","candidates":[]}],[{"start":0,"end":17,"url":null,"entity_id":"Q1455046","candidates":[]}],[{"start":0,"end":9,"url":null,"entity_id":"Q408","candidates":[]}]],[[{"start":0,"end":13,"url":null,"entity_id":"Q1092910","candidates":[]}],[{"start":0,"end":14,"url":null,"entity_id":"Q1094194","candidates":[]}],[{"start":0,"end":9,"url":null,"entity_id":"Q408","candidates":[]}]],[[{"start":0,"end":16,"url":null,"entity_id":"Q203879","candidates":[]}],[{"start":0,"end":8,"url":null,"entity_id":"Q34366","candidates":[]}],[{"start":0,"end":9,"url":null,"entity_id":"Q408","candidates":[]}]],[[{"start":0,"end":15,"url":null,"entity_id":"Q54488","candidates":[]}],[{"start":0,"end":15,"url":null,"entity_id":"Q3224","candidates":[]}],[{"start":0,"end":9,"url":null,"entity_id":"Q408","candidates":[]}]],[[{"start":0,"end":22,"url":null,"entity_id":"Q3403452","candidates":[]}],[{"start":0,"end":17,"url":null,"entity_id":"Q3206","candidates":[]}],[{"start":0,"end":9,"url":null,"entity_id":"Q408","candidates":[]}]],[[{"start":0,"end":10,"url":null,"entity_id":"Q4537471","candidates":[]}],[{"start":0,"end":5,"url":null,"entity_id":"Q128499","candidates":[]}],[{"start":0,"end":7,"url":null,"entity_id":"Q212","candidates":[]}]],[[{"start":0,"end":15,"url":null,"entity_id":"Q1536954","candidates":[]}],[{"start":0,"end":10,"url":null,"entity_id":"Q321792","candidates":[]}],[{"start":0,"end":7,"url":null,"entity_id":"Q183","candidates":[]}]],[[{"start":0,"end":12,"url":null,"entity_id":"Q2036166","candidates":[]}],[{"start":0,"end":4,"url":null,"entity_id":"Q1707","candidates":[]}],[{"start":0,"end":7,"url":null,"entity_id":"Q183","candidates":[]}]],[[{"start":0,"end":30,"url":null,"entity_id":"Q4132376","candidates":[]}],[{"start":0,"end":16,"url":null,"entity_id":"Q656","candidates":[]}],[{"start":0,"end":6,"url":null,"entity_id":"Q159","candidates":[]}]],[[{"start":0,"end":5,"url":null,"entity_id":"Q639326","candidates":[]}],[{"start":0,"end":12,"url":null,"entity_id":"Q593645","candidates":[]}],[{"start":0,"end":6,"url":null,"entity_id":"Q785","candidates":[]}]]]}