{"version":"1.2","table":{"version":"2","table_id":"XIQW8FYH","columns":[{"index":0,"name":"col0","values":["January 1910 United Kingdom general election","1922 United Kingdom general election","1923 United Kingdom general election","1924 United Kingdom general election","1892 United Kingdom general election","1885 United Kingdom general election","1868 United Kingdom general election","1880 United Kingdom general election","1847 United Kingdom general election","1807 United Kingdom general election","1918 United Kingdom general election","1906 United Kingdom general election","1874 United Kingdom general election","1931 United Kingdom general election","1929 United Kingdom general election","1935 United Kingdom general election","1950 United Kingdom general election","1955 United Kingdom general election","1959 United Kingdom general election","1970 United Kingdom general election"]},{"index":1,"name":"col1","values":["H. H. Asquith","Bonar Law","Ramsay MacDonald","Stanley Baldwin","William Ewart Gladstone","William Ewart Gladstone","William Ewart Gladstone","William Ewart Gladstone","John Russell, 1st Earl Russell","William Cavendish-Bentinck, 3rd Duke of Portland","David Lloyd George","Henry Campbell-Bannerman","Benjamin Disraeli","Ramsay MacDonald","Ramsay MacDonald","Stanley Baldwin","Clement Attlee","Anthony Eden","Harold Macmillan","Edward Heath"]},{"index":2,"name":"col2","values":["United Kingdom of Great Britain and Ireland","United Kingdom of Great Britain and Ireland","United Kingdom of Great Britain and Ireland","United Kingdom of Great Britain and Ireland","United Kingdom of Great Britain and Ireland","United Kingdom of Great Britain and Ireland","United Kingdom of Great Britain and Ireland","United Kingdom of Great Britain and Ireland","United Kingdom of Great Britain and Ireland","United Kingdom of Great Britain and Ireland","United Kingdom of Great Britain and Ireland","United Kingdom of Great Britain and Ireland","United Kingdom of Great Britain and Ireland","United Kingdom","United Kingdom","United Kingdom","United Kingdom","United Kingdom","United Kingdom","United Kingdom"]}]},"context":{"page_title":null,"page_url":null,"page_entity_id":null,"content_hierarchy":[]},"links":[[[{"start":0,"end":36,"url":null,"entity_id":"Q3084303","candidates":[]}],[{"start":0,"end":9,"url":null,"entity_id":"Q166663","candidates":[]}],[{"start":0,"end":43,"url":null,"entity_id":"Q174193","candidates":[]}]],[[{"start":0,"end":36,"url":null,"entity_id":"Q3084294","candidates":[]}],[{"start":0,"end":16,"url":null,"entity_id":"Q166646","candidates":[]}],[{"start":0,"end":43,"url":null,"entity_id":"Q174193","candidates":[]}]],[[{"start":0,"end":36,"url":null,"entity_id":"Q2632991","candidates":[]}],[{"start":0,"end":15,"url":null,"entity_id":"Q166635","candidates":[]}],[{"start":0,"end":43,"url":null,"entity_id":"Q174193","candidates":[]}]],[[{"start":0,"end":36,"url":null,"entity_id":"Q7888018","candidates":[]}],[{"start":0,"end":23,"url":null,"entity_id":"Q160852","candidates":[]}],[{"start":0,"end":43,"url":null,"entity_id":"Q174193","candidates":[]}]],[[{"start":0,"end":36,"url":null,"entity_id":"Q3397257","candidates":[]}],[{"start":0,"end":23,"url":null,"entity_id":"Q160852","candidates":[]}],[{"start":0,"end":43,"url":null,"entity_id":"Q174193","candidates":[]}]],[[{"start":0,"end":36,"url":null,"entity_id":"Q2074525","candidates":[]}],[{"start":0,"end":23,"url":null,"entity_id":"Q160852","candidates":[]}],[{"start":0,"end":43,"url":null,"entity_id":"Q174193","candidates":[]}]],[[{"start":0,"end":36,"url":null,"entity_id":"Q2074515","candidates":[]}],[{"start":0,"end":23,"url":null,"entity_id":"Q160852","candidates":[]}],[{"start":0,"end":43,"url":null,"entity_id":"Q174193","candidates":[]}]],[[{"start":0,"end":36,"url":null,"entity_id":"Q2073198","candidates":[]}],[{"start":0,"end":30,"url":null,"entity_id":"Q157259","candidates":[]}],[{"start":0,"end":43,"url":null,"entity_id":"Q174193","candidates":[]}]],[[{"start":0,"end":36,"url":null,"entity_id":"Q7887996","candidates":[]}],[{"start":0,"end":48,"url":null,"entity_id":"Q157208","candidates":[]}],[{"start":0,"end":43,"url":null,"entity_id":"Q174193","candidates":[]}]],[[{"start":0,"end":36,"url":null,"entity_id":"Q3042701","candidates":[]}],[{"start":0,"end":18,"url":null,"entity_id":"Q134982","candidates":[]}],[{"start":0,"end":43,"url":null,"entity_id":"Q174193","candidates":[]}]],[[{"start":0,"end":36,"url":null,"entity_id":"Q3076606","candidates":[]}],[{"start":0,"end":24,"url":null,"entity_id":"Q106618","candidates":[]}],[{"start":0,"end":43,"url":null,"entity_id":"Q174193","candidates":[]}]],[[{"start":0,"end":36,"url":null,"entity_id":"Q918351","candidates":[]}],[{"start":0,"end":17,"url":null,"entity_id":"Q82006","candidates":[]}],[{"start":0,"end":43,"url":null,"entity_id":"Q174193","candidates":[]}]],[[{"start":0,"end":36,"url":null,"entity_id":"Q918375","candidates":[]}],[{"start":0,"end":16,"url":null,"entity_id":"Q166646","candidates":[]}],[{"start":0,"end":14,"url":null,"entity_id":"Q145","candidates":[]}]],[[{"start":0,"end":36,"url":null,"entity_id":"Q517639","candidates":[]}],[{"start":0,"end":16,"url":null,"entity_id":"Q166646","candidates":[]}],[{"start":0,"end":14,"url":null,"entity_id":"Q145","candidates":[]}]],[[{"start":0,"end":36,"url":null,"entity_id":"Q918378","candidates":[]}],[{"start":0,"end":15,"url":null,"entity_id":"Q166635","candidates":[]}],[{"start":0,"end":14,"url":null,"entity_id":"Q145","candidates":[]}]],[[{"start":0,"end":36,"url":null,"entity_id":"Q748667","candidates":[]}],[{"start":0,"end":14,"url":null,"entity_id":"Q129006","candidates":[]}],[{"start":0,"end":14,"url":null,"entity_id":"Q145","candidates":[]}]],[[{"start":0,"end":36,"url":null,"entity_id":"Q918412","candidates":[]}],[{"start":0,"end":12,"url":null,"entity_id":"Q128995","candidates":[]}],[{"start":0,"end":14,"url":null,"entity_id":"Q145","candidates":[]}]],[[{"start":0,"end":36,"url":null,"entity_id":"Q918420","candidates":[]}],[{"start":0,"end":16,"url":null,"entity_id":"Q128985","candidates":[]}],[{"start":0,"end":14,"url":null,"entity_id":"Q145","candidates":[]}]],[[{"start":0,"end":36,"url":null,"entity_id":"Q918442","candidates":[]}],[{"start":0,"end":12,"url":null,"entity_id":"Q128967","candidates":[]}],[{"start":0,"end":14,"url":null,"entity_id":"Q145","candidates":[]}]],[[{"start":0,"end":44,"url":null,"entity_id":"Q3075752","candidates":[]}],[{"start":0,"end":13,"url":null,"entity_id":"Q166714","candidates":[]}],[{"start":0,"end":43,"url":null,"entity_id":"Q174193","candidates":[]}]]]}