{"version":"1.2","table":{"version":"2","table_id":"XJUFM98W","columns":[{"index":0,"name":"col0","values":["Ward Hunt Ice Shelf","Illecillewaet Glacier","Bow Glacier","Hector Glacier","Powell Glacier","Quien Sabe Glacier","Red Eagle Glacier","Rainbow Glacier","Pumpkin Glacier","Pumpelly Glacier","Reid Glacier","Robson Glacier","Italia Glacier","Grey Glacier","Goethe Glacier","Guyot Glacier","Southern Patagonian Ice Field","Upsala Glacier","Dyngjujökull","Brúarjökull"]},{"index":1,"name":"col1","values":["Quttinirpaaq National Park","Glacier National Park","Banff National Park","Banff National Park","Inyo National Forest","North Cascades National Park","Glacier National Park","Glacier National Park","Glacier National Park","Glacier National Park","Glacier Bay National Park and Preserve","Mount Robson Provincial Park","Alberto de Agostini National Park","Torres del Paine National Park","Sierra National Forest","Wrangell–St. Elias National Park and Preserve","Los Glaciares National Park","Los Glaciares National Park","Vatnajökull National Park","Vatnajökull National Park"]},{"index":2,"name":"col2","values":["Canada","Canada","Canada","Canada","United States of America","United States of America","United States of America","United States of America","United States of America","United States of America","United States of America","Canada","Chile","Chile","United States of America","United States of America","Chile","Chile","Iceland","Iceland"]}]},"context":{"page_title":null,"page_url":null,"page_entity_id":null,"content_hierarchy":[]},"links":[[[{"start":0,"end":19,"url":null,"entity_id":"Q2709575","candidates":[]}],[{"start":0,"end":26,"url":null,"entity_id":"Q1327341","candidates":[]}],[{"start":0,"end":6,"url":null,"entity_id":"Q16","candidates":[]}]],[[{"start":0,"end":21,"url":null,"entity_id":"Q3108297","candidates":[]}],[{"start":0,"end":21,"url":null,"entity_id":"Q1161253","candidates":[]}],[{"start":0,"end":6,"url":null,"entity_id":"Q16","candidates":[]}]],[[{"start":0,"end":11,"url":null,"entity_id":"Q3108273","candidates":[]}],[{"start":0,"end":19,"url":null,"entity_id":"Q41858","candidates":[]}],[{"start":0,"end":6,"url":null,"entity_id":"Q16","candidates":[]}]],[[{"start":0,"end":14,"url":null,"entity_id":"Q2403376","candidates":[]}],[{"start":0,"end":19,"url":null,"entity_id":"Q41858","candidates":[]}],[{"start":0,"end":6,"url":null,"entity_id":"Q16","candidates":[]}]],[[{"start":0,"end":14,"url":null,"entity_id":"Q7236069","candidates":[]}],[{"start":0,"end":20,"url":null,"entity_id":"Q1671852","candidates":[]}],[{"start":0,"end":24,"url":null,"entity_id":"Q30","candidates":[]}]],[[{"start":0,"end":18,"url":null,"entity_id":"Q7271824","candidates":[]}],[{"start":0,"end":28,"url":null,"entity_id":"Q1163799","candidates":[]}],[{"start":0,"end":24,"url":null,"entity_id":"Q30","candidates":[]}]],[[{"start":0,"end":17,"url":null,"entity_id":"Q7304087","candidates":[]}],[{"start":0,"end":21,"url":null,"entity_id":"Q373567","candidates":[]}],[{"start":0,"end":24,"url":null,"entity_id":"Q30","candidates":[]}]],[[{"start":0,"end":15,"url":null,"entity_id":"Q7284639","candidates":[]}],[{"start":0,"end":21,"url":null,"entity_id":"Q373567","candidates":[]}],[{"start":0,"end":24,"url":null,"entity_id":"Q30","candidates":[]}]],[[{"start":0,"end":15,"url":null,"entity_id":"Q7259848","candidates":[]}],[{"start":0,"end":21,"url":null,"entity_id":"Q373567","candidates":[]}],[{"start":0,"end":24,"url":null,"entity_id":"Q30","candidates":[]}]],[[{"start":0,"end":16,"url":null,"entity_id":"Q7259815","candidates":[]}],[{"start":0,"end":21,"url":null,"entity_id":"Q373567","candidates":[]}],[{"start":0,"end":24,"url":null,"entity_id":"Q30","candidates":[]}]],[[{"start":0,"end":12,"url":null,"entity_id":"Q7309950","candidates":[]}],[{"start":0,"end":38,"url":null,"entity_id":"Q261577","candidates":[]}],[{"start":0,"end":24,"url":null,"entity_id":"Q30","candidates":[]}]],[[{"start":0,"end":14,"url":null,"entity_id":"Q7353503","candidates":[]}],[{"start":0,"end":28,"url":null,"entity_id":"Q1950710","candidates":[]}],[{"start":0,"end":6,"url":null,"entity_id":"Q16","candidates":[]}]],[[{"start":0,"end":14,"url":null,"entity_id":"Q11829097","candidates":[]}],[{"start":0,"end":33,"url":null,"entity_id":"Q1759349","candidates":[]}],[{"start":0,"end":5,"url":null,"entity_id":"Q298","candidates":[]}]],[[{"start":0,"end":12,"url":null,"entity_id":"Q5608166","candidates":[]}],[{"start":0,"end":30,"url":null,"entity_id":"Q901646","candidates":[]}],[{"start":0,"end":5,"url":null,"entity_id":"Q298","candidates":[]}]],[[{"start":0,"end":14,"url":null,"entity_id":"Q5577182","candidates":[]}],[{"start":0,"end":22,"url":null,"entity_id":"Q1332987","candidates":[]}],[{"start":0,"end":24,"url":null,"entity_id":"Q30","candidates":[]}]],[[{"start":0,"end":13,"url":null,"entity_id":"Q5622856","candidates":[]}],[{"start":0,"end":45,"url":null,"entity_id":"Q748597","candidates":[]}],[{"start":0,"end":24,"url":null,"entity_id":"Q30","candidates":[]}]],[[{"start":0,"end":29,"url":null,"entity_id":"Q1031467","candidates":[]}],[{"start":0,"end":27,"url":null,"entity_id":"Q215992","candidates":[]}],[{"start":0,"end":5,"url":null,"entity_id":"Q298","candidates":[]}]],[[{"start":0,"end":14,"url":null,"entity_id":"Q962630","candidates":[]}],[{"start":0,"end":27,"url":null,"entity_id":"Q215992","candidates":[]}],[{"start":0,"end":5,"url":null,"entity_id":"Q298","candidates":[]}]],[[{"start":0,"end":12,"url":null,"entity_id":"Q1269176","candidates":[]}],[{"start":0,"end":25,"url":null,"entity_id":"Q1353292","candidates":[]}],[{"start":0,"end":7,"url":null,"entity_id":"Q189","candidates":[]}]],[[{"start":0,"end":11,"url":null,"entity_id":"Q995887","candidates":[]}],[{"start":0,"end":25,"url":null,"entity_id":"Q1353292","candidates":[]}],[{"start":0,"end":7,"url":null,"entity_id":"Q189","candidates":[]}]]]}