{"version":"1.2","table":{"version":"2","table_id":"XK0WFSDY","columns":[{"index":0,"name":"col0","values":["Charkh","Surobi","Arghandab District","Mandol District","Kuran wa Munjan","Achin","Ziruk District","Ghorband District","Tagab","Mihtarlam","Alingar","Chora District","Bagram District","Narang Aw Badil District","Dih Yak District","Kuf Ab District","Surobi District (Paktika)","Ishtarlay District","Dawlat Shah","Kohistan","Muqur","Alishing","Warsaj","Darqad","Yangi Qala","Taluqan","Darah Sof District","Parun","Kohistanat","Pashtun Kot","Khwaja Hijran","Dihdadi","Shortepa","Dawlat Abad","Nurgaram District","Almar","Ab Band District","Andar District","Shirin Tagab"]},{"index":1,"name":"col1","values":["2042","1537","3648","3534","4614","1403","2295","1984","1305","779","1872","1700","1475","1626","2136","3308","2398","2705","3215","2186","2107","1465","4185","445","740","910","1246","4421","2705","907","2208","760","274","502","1836","732","2034","2069","525"]},{"index":2,"name":"col2","values":["UTC+04:30","UTC+04:30","UTC+04:30","UTC+04:30","UTC+04:30","UTC+04:30","UTC+04:30","UTC+04:30","UTC+04:30","UTC+04:30","UTC+04:30","UTC+04:30","UTC+04:30","UTC+04:30","UTC+04:30","UTC+04:30","UTC+04:30","UTC+04:30","UTC+04:30","UTC+04:30","UTC+04:30","UTC+04:30","UTC+04:30","UTC+04:30","UTC+04:30","UTC+04:30","UTC+04:30","UTC+04:30","UTC+04:30","UTC+04:30","UTC+04:30","UTC+04:30","UTC+04:30","UTC+04:30","UTC+04:30","UTC+04:30","UTC+04:30","UTC+04:30","UTC+04:30"]}]},"context":{"page_title":null,"page_url":null,"page_entity_id":null,"content_hierarchy":[]},"links":[[[{"start":0,"end":6,"url":null,"entity_id":"Q2215285","candidates":[]}],[],[{"start":0,"end":9,"url":null,"entity_id":"Q6792","candidates":[]}]],[[{"start":0,"end":6,"url":null,"entity_id":"Q2002430","candidates":[]}],[],[{"start":0,"end":9,"url":null,"entity_id":"Q6792","candidates":[]}]],[[{"start":0,"end":18,"url":null,"entity_id":"Q1920624","candidates":[]}],[],[{"start":0,"end":9,"url":null,"entity_id":"Q6792","candidates":[]}]],[[{"start":0,"end":15,"url":null,"entity_id":"Q1889040","candidates":[]}],[],[{"start":0,"end":9,"url":null,"entity_id":"Q6792","candidates":[]}]],[[{"start":0,"end":15,"url":null,"entity_id":"Q1792940","candidates":[]}],[],[{"start":0,"end":9,"url":null,"entity_id":"Q6792","candidates":[]}]],[[{"start":0,"end":5,"url":null,"entity_id":"Q1650529","candidates":[]}],[],[{"start":0,"end":9,"url":null,"entity_id":"Q6792","candidates":[]}]],[[{"start":0,"end":14,"url":null,"entity_id":"Q1650506","candidates":[]}],[],[{"start":0,"end":9,"url":null,"entity_id":"Q6792","candidates":[]}]],[[{"start":0,"end":17,"url":null,"entity_id":"Q1650493","candidates":[]}],[],[{"start":0,"end":9,"url":null,"entity_id":"Q6792","candidates":[]}]],[[{"start":0,"end":5,"url":null,"entity_id":"Q1397654","candidates":[]}],[],[{"start":0,"end":9,"url":null,"entity_id":"Q6792","candidates":[]}]],[[{"start":0,"end":9,"url":null,"entity_id":"Q1229983","candidates":[]}],[],[{"start":0,"end":9,"url":null,"entity_id":"Q6792","candidates":[]}]],[[{"start":0,"end":7,"url":null,"entity_id":"Q1229725","candidates":[]}],[],[{"start":0,"end":9,"url":null,"entity_id":"Q6792","candidates":[]}]],[[{"start":0,"end":14,"url":null,"entity_id":"Q1076307","candidates":[]}],[],[{"start":0,"end":9,"url":null,"entity_id":"Q6792","candidates":[]}]],[[{"start":0,"end":15,"url":null,"entity_id":"Q799961","candidates":[]}],[],[{"start":0,"end":9,"url":null,"entity_id":"Q6792","candidates":[]}]],[[{"start":0,"end":24,"url":null,"entity_id":"Q798530","candidates":[]}],[],[{"start":0,"end":9,"url":null,"entity_id":"Q6792","candidates":[]}]],[[{"start":0,"end":16,"url":null,"entity_id":"Q429594","candidates":[]}],[],[{"start":0,"end":9,"url":null,"entity_id":"Q6792","candidates":[]}]],[[{"start":0,"end":15,"url":null,"entity_id":"Q280595","candidates":[]}],[],[{"start":0,"end":9,"url":null,"entity_id":"Q6792","candidates":[]}]],[[{"start":0,"end":25,"url":null,"entity_id":"Q6596821","candidates":[]}],[],[{"start":0,"end":9,"url":null,"entity_id":"Q6792","candidates":[]}]],[[{"start":0,"end":18,"url":null,"entity_id":"Q6595513","candidates":[]}],[],[{"start":0,"end":9,"url":null,"entity_id":"Q6792","candidates":[]}]],[[{"start":0,"end":11,"url":null,"entity_id":"Q5242376","candidates":[]}],[],[{"start":0,"end":9,"url":null,"entity_id":"Q6792","candidates":[]}]],[[{"start":0,"end":8,"url":null,"entity_id":"Q4809030","candidates":[]}],[],[{"start":0,"end":9,"url":null,"entity_id":"Q6792","candidates":[]}]],[[{"start":0,"end":5,"url":null,"entity_id":"Q4808934","candidates":[]}],[],[{"start":0,"end":9,"url":null,"entity_id":"Q6792","candidates":[]}]],[[{"start":0,"end":8,"url":null,"entity_id":"Q4726991","candidates":[]}],[],[{"start":0,"end":9,"url":null,"entity_id":"Q6792","candidates":[]}]],[[{"start":0,"end":6,"url":null,"entity_id":"Q3918451","candidates":[]}],[],[{"start":0,"end":9,"url":null,"entity_id":"Q6792","candidates":[]}]],[[{"start":0,"end":6,"url":null,"entity_id":"Q3918446","candidates":[]}],[],[{"start":0,"end":9,"url":null,"entity_id":"Q6792","candidates":[]}]],[[{"start":0,"end":10,"url":null,"entity_id":"Q3918442","candidates":[]}],[],[{"start":0,"end":9,"url":null,"entity_id":"Q6792","candidates":[]}]],[[{"start":0,"end":7,"url":null,"entity_id":"Q3918440","candidates":[]}],[],[{"start":0,"end":9,"url":null,"entity_id":"Q6792","candidates":[]}]],[[{"start":0,"end":18,"url":null,"entity_id":"Q3696215","candidates":[]}],[],[{"start":0,"end":9,"url":null,"entity_id":"Q6792","candidates":[]}]],[[{"start":0,"end":5,"url":null,"entity_id":"Q3696165","candidates":[]}],[],[{"start":0,"end":9,"url":null,"entity_id":"Q6792","candidates":[]}]],[[{"start":0,"end":10,"url":null,"entity_id":"Q3696160","candidates":[]}],[],[{"start":0,"end":9,"url":null,"entity_id":"Q6792","candidates":[]}]],[[{"start":0,"end":11,"url":null,"entity_id":"Q3696097","candidates":[]}],[],[{"start":0,"end":9,"url":null,"entity_id":"Q6792","candidates":[]}]],[[{"start":0,"end":13,"url":null,"entity_id":"Q3696090","candidates":[]}],[],[{"start":0,"end":9,"url":null,"entity_id":"Q6792","candidates":[]}]],[[{"start":0,"end":7,"url":null,"entity_id":"Q3696070","candidates":[]}],[],[{"start":0,"end":9,"url":null,"entity_id":"Q6792","candidates":[]}]],[[{"start":0,"end":8,"url":null,"entity_id":"Q3696060","candidates":[]}],[],[{"start":0,"end":9,"url":null,"entity_id":"Q6792","candidates":[]}]],[[{"start":0,"end":11,"url":null,"entity_id":"Q3696057","candidates":[]}],[],[{"start":0,"end":9,"url":null,"entity_id":"Q6792","candidates":[]}]],[[{"start":0,"end":17,"url":null,"entity_id":"Q3696055","candidates":[]}],[],[{"start":0,"end":9,"url":null,"entity_id":"Q6792","candidates":[]}]],[[{"start":0,"end":5,"url":null,"entity_id":"Q3694490","candidates":[]}],[],[{"start":0,"end":9,"url":null,"entity_id":"Q6792","candidates":[]}]],[[{"start":0,"end":16,"url":null,"entity_id":"Q3694483","candidates":[]}],[],[{"start":0,"end":9,"url":null,"entity_id":"Q6792","candidates":[]}]],[[{"start":0,"end":14,"url":null,"entity_id":"Q3694476","candidates":[]}],[],[{"start":0,"end":9,"url":null,"entity_id":"Q6792","candidates":[]}]],[[{"start":0,"end":12,"url":null,"entity_id":"Q3694468","candidates":[]}],[],[{"start":0,"end":9,"url":null,"entity_id":"Q6792","candidates":[]}]]]}