{"version":"1.2","table":{"version":"2","table_id":"XKO9Y83K","columns":[{"index":0,"name":"col0","values":["Bergskaren","Bengtsholm","Langnaesholm","Kalvholmen","Maafee Island","Danajon Islet","Sunday Islet","Milman Islet","Magra Islet","Diamond Cay","Panagia","Apasa","Angödrommen","Manigonigo Island","Magosipal Islet","Capitancillo","Little Hans Lollik Island","Cinnamon Cay","Na Pobra","Trøllhøvdi"]},{"index":1,"name":"col1","values":["Finland","Finland","Finland","Finland","United States of America","Philippines","Australia","Australia","Australia","United Kingdom","Greece","Greece","Sweden","Philippines","Philippines","Philippines","United States of America","United States of America","Spain","Faroe Islands"]},{"index":2,"name":"col2","values":["10","10","15","24","1","3","31","14","6","1","187","17","3","5","5","4.5","52","77","1","160"]}]},"context":{"page_title":null,"page_url":null,"page_entity_id":null,"content_hierarchy":[]},"links":[[[{"start":0,"end":10,"url":null,"entity_id":"Q21975717","candidates":[]}],[{"start":0,"end":7,"url":null,"entity_id":"Q33","candidates":[]}],[]],[[{"start":0,"end":10,"url":null,"entity_id":"Q21975526","candidates":[]}],[{"start":0,"end":7,"url":null,"entity_id":"Q33","candidates":[]}],[]],[[{"start":0,"end":12,"url":null,"entity_id":"Q21975229","candidates":[]}],[{"start":0,"end":7,"url":null,"entity_id":"Q33","candidates":[]}],[]],[[{"start":0,"end":10,"url":null,"entity_id":"Q21975187","candidates":[]}],[{"start":0,"end":7,"url":null,"entity_id":"Q33","candidates":[]}],[]],[[{"start":0,"end":13,"url":null,"entity_id":"Q21847264","candidates":[]}],[{"start":0,"end":24,"url":null,"entity_id":"Q30","candidates":[]}],[]],[[{"start":0,"end":13,"url":null,"entity_id":"Q5214908","candidates":[]}],[{"start":0,"end":11,"url":null,"entity_id":"Q928","candidates":[]}],[]],[[{"start":0,"end":12,"url":null,"entity_id":"Q7639423","candidates":[]}],[{"start":0,"end":9,"url":null,"entity_id":"Q408","candidates":[]}],[]],[[{"start":0,"end":12,"url":null,"entity_id":"Q6860174","candidates":[]}],[{"start":0,"end":9,"url":null,"entity_id":"Q408","candidates":[]}],[]],[[{"start":0,"end":11,"url":null,"entity_id":"Q6732427","candidates":[]}],[{"start":0,"end":9,"url":null,"entity_id":"Q408","candidates":[]}],[]],[[{"start":0,"end":11,"url":null,"entity_id":"Q5270743","candidates":[]}],[{"start":0,"end":14,"url":null,"entity_id":"Q145","candidates":[]}],[]],[[{"start":0,"end":7,"url":null,"entity_id":"Q7129820","candidates":[]}],[{"start":0,"end":6,"url":null,"entity_id":"Q41","candidates":[]}],[]],[[{"start":0,"end":5,"url":null,"entity_id":"Q4779200","candidates":[]}],[{"start":0,"end":6,"url":null,"entity_id":"Q41","candidates":[]}],[]],[[{"start":0,"end":11,"url":null,"entity_id":"Q10411885","candidates":[]}],[{"start":0,"end":6,"url":null,"entity_id":"Q34","candidates":[]}],[]],[[{"start":0,"end":17,"url":null,"entity_id":"Q18352189","candidates":[]}],[{"start":0,"end":11,"url":null,"entity_id":"Q928","candidates":[]}],[]],[[{"start":0,"end":15,"url":null,"entity_id":"Q18351563","candidates":[]}],[{"start":0,"end":11,"url":null,"entity_id":"Q928","candidates":[]}],[]],[[{"start":0,"end":12,"url":null,"entity_id":"Q18208369","candidates":[]}],[{"start":0,"end":11,"url":null,"entity_id":"Q928","candidates":[]}],[]],[[{"start":0,"end":25,"url":null,"entity_id":"Q20850528","candidates":[]}],[{"start":0,"end":24,"url":null,"entity_id":"Q30","candidates":[]}],[]],[[{"start":0,"end":12,"url":null,"entity_id":"Q20715605","candidates":[]}],[{"start":0,"end":24,"url":null,"entity_id":"Q30","candidates":[]}],[]],[[{"start":0,"end":8,"url":null,"entity_id":"Q18170491","candidates":[]}],[{"start":0,"end":5,"url":null,"entity_id":"Q29","candidates":[]}],[]],[[{"start":0,"end":10,"url":null,"entity_id":"Q1152187","candidates":[]}],[{"start":0,"end":13,"url":null,"entity_id":"Q4628","candidates":[]}],[]]]}