{"version":"1.2","table":{"version":"2","table_id":"XLHB29HB","columns":[{"index":0,"name":"col0","values":["International Street Theatre Festival of Lekeitio","Moengo Festival","Zsámbék Summer Theatre and Festival","Festival Teatrale di Borgio Verezzi","Showzam!","Das Große Welttheater Bad Godesberg","Welttheater Einsiedeln","Play the Fool Festival","Magnetic North Theatre Festival","Siječanjska akcija","Yelagin Park","Impro League","Edinburgh International Festival","Oberammergau Passion Play","Théâtre des Arènes","Szene Salzburg","Printemps des Comédiens","Bard on the Beach","Holland Festival","Nibelungenfestspiele Worms"]},{"index":1,"name":"col1","values":["1989-01-01","2013-09-01","1995-01-01","1967-01-01","2008-02-06","1926-01-01","1924-01-01","2016-01-01","2002-01-01","2014-01-01","2011-01-01","1994-01-01","1947-01-01","1634-01-01","1898-01-01","1971-01-01","1987-01-01","1990-01-01","1947-01-01","2002-01-01"]},{"index":2,"name":"col2","values":["Lekeitio","Marowijne District","Zsámbék","Borgio Verezzi","Blackpool","Bad Godesberg","Einsiedeln","Edmonton","Ottawa","Zagreb","Saint Petersburg","Ljubljana","City of Edinburgh","Oberammergau","Béziers","Salzburg","Montpelier","Vancouver","Amsterdam","Worms"]}]},"context":{"page_title":null,"page_url":null,"page_entity_id":null,"content_hierarchy":[]},"links":[[[{"start":0,"end":49,"url":null,"entity_id":"Q12262149","candidates":[]}],[],[{"start":0,"end":8,"url":null,"entity_id":"Q1227965","candidates":[]}]],[[{"start":0,"end":15,"url":null,"entity_id":"Q66604982","candidates":[]}],[],[{"start":0,"end":18,"url":null,"entity_id":"Q1140897","candidates":[]}]],[[{"start":0,"end":35,"url":null,"entity_id":"Q26721262","candidates":[]}],[],[{"start":0,"end":7,"url":null,"entity_id":"Q1088790","candidates":[]}]],[[{"start":0,"end":35,"url":null,"entity_id":"Q60441717","candidates":[]}],[],[{"start":0,"end":14,"url":null,"entity_id":"Q270548","candidates":[]}]],[[{"start":0,"end":8,"url":null,"entity_id":"Q51175454","candidates":[]}],[],[{"start":0,"end":9,"url":null,"entity_id":"Q170377","candidates":[]}]],[[{"start":0,"end":35,"url":null,"entity_id":"Q61703474","candidates":[]}],[],[{"start":0,"end":13,"url":null,"entity_id":"Q153260","candidates":[]}]],[[{"start":0,"end":22,"url":null,"entity_id":"Q56557254","candidates":[]}],[],[{"start":0,"end":10,"url":null,"entity_id":"Q68950","candidates":[]}]],[[{"start":0,"end":22,"url":null,"entity_id":"Q27063810","candidates":[]}],[],[{"start":0,"end":8,"url":null,"entity_id":"Q2096","candidates":[]}]],[[{"start":0,"end":31,"url":null,"entity_id":"Q17109085","candidates":[]}],[],[{"start":0,"end":6,"url":null,"entity_id":"Q1930","candidates":[]}]],[[{"start":0,"end":18,"url":null,"entity_id":"Q80710364","candidates":[]}],[],[{"start":0,"end":6,"url":null,"entity_id":"Q1435","candidates":[]}]],[[{"start":0,"end":12,"url":null,"entity_id":"Q66689064","candidates":[]}],[],[{"start":0,"end":16,"url":null,"entity_id":"Q656","candidates":[]}]],[[{"start":0,"end":12,"url":null,"entity_id":"Q12791338","candidates":[]}],[],[{"start":0,"end":9,"url":null,"entity_id":"Q437","candidates":[]}]],[[{"start":0,"end":32,"url":null,"entity_id":"Q1151919","candidates":[]}],[],[{"start":0,"end":17,"url":null,"entity_id":"Q2379199","candidates":[]}]],[[{"start":0,"end":25,"url":null,"entity_id":"Q2008913","candidates":[]}],[],[{"start":0,"end":12,"url":null,"entity_id":"Q503757","candidates":[]}]],[[{"start":0,"end":18,"url":null,"entity_id":"Q3527740","candidates":[]}],[],[{"start":0,"end":7,"url":null,"entity_id":"Q174019","candidates":[]}]],[[{"start":0,"end":14,"url":null,"entity_id":"Q1674643","candidates":[]}],[],[{"start":0,"end":8,"url":null,"entity_id":"Q34713","candidates":[]}]],[[{"start":0,"end":23,"url":null,"entity_id":"Q3403706","candidates":[]}],[],[{"start":0,"end":10,"url":null,"entity_id":"Q26426","candidates":[]}]],[[{"start":0,"end":17,"url":null,"entity_id":"Q807984","candidates":[]}],[],[{"start":0,"end":9,"url":null,"entity_id":"Q24639","candidates":[]}]],[[{"start":0,"end":16,"url":null,"entity_id":"Q1129967","candidates":[]}],[],[{"start":0,"end":9,"url":null,"entity_id":"Q9899","candidates":[]}]],[[{"start":0,"end":26,"url":null,"entity_id":"Q882578","candidates":[]}],[],[{"start":0,"end":5,"url":null,"entity_id":"Q3852","candidates":[]}]]]}