{"version":"1.2","table":{"version":"2","table_id":"XM948AVN","columns":[{"index":0,"name":"col0","values":["rubidium-101","rubidium-100","rubidium-99","rubidium-97","rubidium-95","rubidium-93","rubidium-92","rubidium-79","rubidium-77","rubidium-75","rubidium-74","rubidium-72","rubidium-82","rubidium-81","rubidium-80","rubidium-84","rubidium-83","rubidium-89","rubidium-88","rubidium-86"]},{"index":1,"name":"col1","values":["1.5","3","2.5","1.5","2.5","2.5","0","2.5","1.5","1.5","0","3","1","1.5","1","2","2.5","1.5","2","2"]},{"index":2,"name":"col2","values":["100.954004","99.950351731","98.945119192","96.937177118","94.929262568","92.922039325","91.919728481","78.923989864","76.9304016","74.938573201","73.944265868","71.958851","81.918209024","80.918993927","79.922516444","83.914375225","82.915114182","88.912278137","87.911315591","85.911167443"]},{"index":3,"name":"col3","values":["32","51","54","169.1","377.7","5.84","4.492","22.9","3.77","19","64.9","1.2","1.2575","4.572","33.4","32.82","86.2","15.15","17.773","18.642"]},{"index":4,"name":"col4","values":["1","1","1","1","-1","-1","-1","1","-1","-1","1","1","1","-1","1","-1","-1","-1","-1","-1"]},{"index":5,"name":"col5","values":["-42845","-46247.064","-51121.143","-58519.137","-65891.493","-72619.901","-74772.438","-70802.985","-64830.492","-57218.694","-51916.009","-38330","-76187.803","-75456.67","-72175.467","-79758.964","-79070.63","-81712.388","-82608.995","-82746.993"]}]},"context":{"page_title":null,"page_url":null,"page_entity_id":null,"content_hierarchy":[]},"links":[[[{"start":0,"end":12,"url":null,"entity_id":"Q18845254","candidates":[]}],[],[],[],[],[]],[[{"start":0,"end":11,"url":null,"entity_id":"Q18845253","candidates":[]}],[],[],[],[],[]],[[{"start":0,"end":11,"url":null,"entity_id":"Q18845251","candidates":[]}],[],[],[],[],[]],[[{"start":0,"end":11,"url":null,"entity_id":"Q18845248","candidates":[]}],[],[],[],[],[]],[[{"start":0,"end":11,"url":null,"entity_id":"Q18845246","candidates":[]}],[],[],[],[],[]],[[{"start":0,"end":11,"url":null,"entity_id":"Q18845245","candidates":[]}],[],[],[],[],[]],[[{"start":0,"end":11,"url":null,"entity_id":"Q18845244","candidates":[]}],[],[],[],[],[]],[[{"start":0,"end":11,"url":null,"entity_id":"Q18845242","candidates":[]}],[],[],[],[],[]],[[{"start":0,"end":11,"url":null,"entity_id":"Q18845240","candidates":[]}],[],[],[],[],[]],[[{"start":0,"end":11,"url":null,"entity_id":"Q18845239","candidates":[]}],[],[],[],[],[]],[[{"start":0,"end":11,"url":null,"entity_id":"Q18845237","candidates":[]}],[],[],[],[],[]],[[{"start":0,"end":11,"url":null,"entity_id":"Q2860122","candidates":[]}],[],[],[],[],[]],[[{"start":0,"end":11,"url":null,"entity_id":"Q2799631","candidates":[]}],[],[],[],[],[]],[[{"start":0,"end":11,"url":null,"entity_id":"Q2789066","candidates":[]}],[],[],[],[],[]],[[{"start":0,"end":11,"url":null,"entity_id":"Q2575578","candidates":[]}],[],[],[],[],[]],[[{"start":0,"end":11,"url":null,"entity_id":"Q2302007","candidates":[]}],[],[],[],[],[]],[[{"start":0,"end":11,"url":null,"entity_id":"Q2273763","candidates":[]}],[],[],[],[],[]],[[{"start":0,"end":11,"url":null,"entity_id":"Q2231227","candidates":[]}],[],[],[],[],[]],[[{"start":0,"end":11,"url":null,"entity_id":"Q2142068","candidates":[]}],[],[],[],[],[]],[[{"start":0,"end":12,"url":null,"entity_id":"Q18845255","candidates":[]}],[],[],[],[],[]]]}