{"version":"1.2","table":{"version":"2","table_id":"XMMTKSX9","columns":[{"index":0,"name":"col0","values":["The Addams Family","Harvie and the Magic Museum","Kids Against the Sorcerers","Victor Robot","Three heroes and the King of the Sea","Ballerina","Loving Vincent","Despicable Me 3","Robinson Crusoe","Capture the Flag","Savva. Heart of the Warrior","Krepost. Schitom i mechom","Sing","My Life as a Zucchini","The Angry Birds Movie","Moana","The Snow Queen 2: The Snow King","Sausage Party","The Little Prince","Penguins of Madagascar"]},{"index":1,"name":"col1","values":["86","85","97","80","75","89","94","90","91","94","95","76","108","66","95","107","78","89","108","92"]},{"index":2,"name":"col2","values":["40000000","6500000","50000000","31117000","4000000","30000000","5500000","75000000","13000000","12500000","1000000000","3500000","75000000","6500000","73000000","150000000","8000000","19000000","57000000","132000000"]}]},"context":{"page_title":null,"page_url":null,"page_entity_id":null,"content_hierarchy":[]},"links":[[[{"start":0,"end":27,"url":null,"entity_id":"Q41252539","candidates":[]}],[],[]],[[{"start":0,"end":26,"url":null,"entity_id":"Q29348620","candidates":[]}],[],[]],[[{"start":0,"end":12,"url":null,"entity_id":"Q28704137","candidates":[]}],[],[]],[[{"start":0,"end":36,"url":null,"entity_id":"Q28546933","candidates":[]}],[],[]],[[{"start":0,"end":9,"url":null,"entity_id":"Q27918412","candidates":[]}],[],[]],[[{"start":0,"end":14,"url":null,"entity_id":"Q23013713","candidates":[]}],[],[]],[[{"start":0,"end":15,"url":null,"entity_id":"Q22997984","candidates":[]}],[],[]],[[{"start":0,"end":15,"url":null,"entity_id":"Q21755531","candidates":[]}],[],[]],[[{"start":0,"end":16,"url":null,"entity_id":"Q21647697","candidates":[]}],[],[]],[[{"start":0,"end":27,"url":null,"entity_id":"Q21644285","candidates":[]}],[],[]],[[{"start":0,"end":25,"url":null,"entity_id":"Q21529463","candidates":[]}],[],[]],[[{"start":0,"end":4,"url":null,"entity_id":"Q20762698","candidates":[]}],[],[]],[[{"start":0,"end":21,"url":null,"entity_id":"Q19608844","candidates":[]}],[],[]],[[{"start":0,"end":21,"url":null,"entity_id":"Q18703062","candidates":[]}],[],[]],[[{"start":0,"end":5,"url":null,"entity_id":"Q18647981","candidates":[]}],[],[]],[[{"start":0,"end":31,"url":null,"entity_id":"Q18621595","candidates":[]}],[],[]],[[{"start":0,"end":13,"url":null,"entity_id":"Q17030810","candidates":[]}],[],[]],[[{"start":0,"end":17,"url":null,"entity_id":"Q16386722","candidates":[]}],[],[]],[[{"start":0,"end":22,"url":null,"entity_id":"Q15616479","candidates":[]}],[],[]],[[{"start":0,"end":17,"url":null,"entity_id":"Q54825652","candidates":[]}],[],[]]]}