{"version":"1.2","table":{"version":"2","table_id":"XMO7YALZ","columns":[{"index":0,"name":"col0","values":["NYC Pride March","Taiwan Pride","Cabo Rojo Pride","San Juan Pride","ChillOut Festival","Hong Kong Pride Parade","Auckland Pride Festival","Hero Parade","İzmir Pride","Tucson Pride","River City Pride","Varese Pride","Beirut Pride","March against Homophobia and Transphobia","Halifax Pride","Mexico City Gay Pride","Buenos Aires Pride Parade","Uruguay March for Diversity","Pride Leeuwarden","Oslo Pride"]},{"index":1,"name":"col1","values":["United States of America","Taiwan","United States of America","United States of America","Australia","People's Republic of China","New Zealand","Australia","Turkey","United States of America","United States of America","Italy","Lebanon","Turkey","Canada","Mexico","Argentina","Uruguay","Kingdom of the Netherlands","Norway"]},{"index":2,"name":"col2","values":["New York City","Taiwan","Boquerón, Cabo Rojo","Condado","Daylesford","Wan Chai District","Auckland","Auckland","İzmir","Tucson","Jacksonville","Varese","Beirut","Ankara","Halifax","Mexico City","Buenos Aires","Montevideo","Friesland","Oslo"]},{"index":3,"name":"col3","values":["1970-06-28","2003-01-01","2003-01-01","1990-01-01","1997-01-01","2008-01-01","2013-01-01","1992-01-01","2013-01-01","1976-05-01","1978-01-01","2016-01-01","2017-01-01","2003-01-01","1987-01-01","1979-01-01","2011-01-01","2004-01-01","2015-01-01","1982-01-01"]}]},"context":{"page_title":null,"page_url":null,"page_entity_id":null,"content_hierarchy":[]},"links":[[[{"start":0,"end":15,"url":null,"entity_id":"Q6457810","candidates":[]}],[{"start":0,"end":24,"url":null,"entity_id":"Q30","candidates":[]}],[{"start":0,"end":13,"url":null,"entity_id":"Q60","candidates":[]}],[]],[[{"start":0,"end":12,"url":null,"entity_id":"Q7676561","candidates":[]}],[{"start":0,"end":6,"url":null,"entity_id":"Q865","candidates":[]}],[{"start":0,"end":6,"url":null,"entity_id":"Q865","candidates":[]}],[]],[[{"start":0,"end":15,"url":null,"entity_id":"Q29443804","candidates":[]}],[{"start":0,"end":24,"url":null,"entity_id":"Q30","candidates":[]}],[{"start":0,"end":19,"url":null,"entity_id":"Q8250813","candidates":[]}],[]],[[{"start":0,"end":14,"url":null,"entity_id":"Q29443700","candidates":[]}],[{"start":0,"end":24,"url":null,"entity_id":"Q30","candidates":[]}],[{"start":0,"end":7,"url":null,"entity_id":"Q5159133","candidates":[]}],[]],[[{"start":0,"end":17,"url":null,"entity_id":"Q28943092","candidates":[]}],[{"start":0,"end":9,"url":null,"entity_id":"Q408","candidates":[]}],[{"start":0,"end":10,"url":null,"entity_id":"Q3019340","candidates":[]}],[]],[[{"start":0,"end":22,"url":null,"entity_id":"Q16844570","candidates":[]}],[{"start":0,"end":26,"url":null,"entity_id":"Q148","candidates":[]}],[{"start":0,"end":17,"url":null,"entity_id":"Q986434","candidates":[]}],[]],[[{"start":0,"end":23,"url":null,"entity_id":"Q28135542","candidates":[]}],[{"start":0,"end":11,"url":null,"entity_id":"Q664","candidates":[]}],[{"start":0,"end":8,"url":null,"entity_id":"Q37100","candidates":[]}],[]],[[{"start":0,"end":11,"url":null,"entity_id":"Q16843244","candidates":[]}],[{"start":0,"end":9,"url":null,"entity_id":"Q408","candidates":[]}],[{"start":0,"end":8,"url":null,"entity_id":"Q37100","candidates":[]}],[]],[[{"start":0,"end":11,"url":null,"entity_id":"Q20477164","candidates":[]}],[{"start":0,"end":6,"url":null,"entity_id":"Q43","candidates":[]}],[{"start":0,"end":5,"url":null,"entity_id":"Q35997","candidates":[]}],[]],[[{"start":0,"end":12,"url":null,"entity_id":"Q22058683","candidates":[]}],[{"start":0,"end":24,"url":null,"entity_id":"Q30","candidates":[]}],[{"start":0,"end":6,"url":null,"entity_id":"Q18575","candidates":[]}],[]],[[{"start":0,"end":16,"url":null,"entity_id":"Q18636186","candidates":[]}],[{"start":0,"end":24,"url":null,"entity_id":"Q30","candidates":[]}],[{"start":0,"end":12,"url":null,"entity_id":"Q16568","candidates":[]}],[]],[[{"start":0,"end":12,"url":null,"entity_id":"Q27940504","candidates":[]}],[{"start":0,"end":5,"url":null,"entity_id":"Q38","candidates":[]}],[{"start":0,"end":6,"url":null,"entity_id":"Q6285","candidates":[]}],[]],[[{"start":0,"end":12,"url":null,"entity_id":"Q30135152","candidates":[]}],[{"start":0,"end":7,"url":null,"entity_id":"Q822","candidates":[]}],[{"start":0,"end":6,"url":null,"entity_id":"Q3820","candidates":[]}],[]],[[{"start":0,"end":40,"url":null,"entity_id":"Q16999358","candidates":[]}],[{"start":0,"end":6,"url":null,"entity_id":"Q43","candidates":[]}],[{"start":0,"end":6,"url":null,"entity_id":"Q3640","candidates":[]}],[]],[[{"start":0,"end":13,"url":null,"entity_id":"Q17512396","candidates":[]}],[{"start":0,"end":6,"url":null,"entity_id":"Q16","candidates":[]}],[{"start":0,"end":7,"url":null,"entity_id":"Q2141","candidates":[]}],[]],[[{"start":0,"end":21,"url":null,"entity_id":"Q29443339","candidates":[]}],[{"start":0,"end":6,"url":null,"entity_id":"Q96","candidates":[]}],[{"start":0,"end":11,"url":null,"entity_id":"Q1489","candidates":[]}],[]],[[{"start":0,"end":25,"url":null,"entity_id":"Q29444104","candidates":[]}],[{"start":0,"end":9,"url":null,"entity_id":"Q414","candidates":[]}],[{"start":0,"end":12,"url":null,"entity_id":"Q1486","candidates":[]}],[]],[[{"start":0,"end":27,"url":null,"entity_id":"Q51647311","candidates":[]}],[{"start":0,"end":7,"url":null,"entity_id":"Q77","candidates":[]}],[{"start":0,"end":10,"url":null,"entity_id":"Q1335","candidates":[]}],[]],[[{"start":0,"end":16,"url":null,"entity_id":"Q54439870","candidates":[]}],[{"start":0,"end":26,"url":null,"entity_id":"Q29999","candidates":[]}],[{"start":0,"end":9,"url":null,"entity_id":"Q770","candidates":[]}],[]],[[{"start":0,"end":10,"url":null,"entity_id":"Q19384846","candidates":[]}],[{"start":0,"end":6,"url":null,"entity_id":"Q20","candidates":[]}],[{"start":0,"end":4,"url":null,"entity_id":"Q585","candidates":[]}],[]]]}