{"version":"1.2","table":{"version":"2","table_id":"XPAIJ1O2","columns":[{"index":0,"name":"col0","values":["Fleurus","Zottegem","Turnhout","Couvin","Nivelles","Gembloux","Ottignies-Louvain-la-Neuve","Beauraing","Mouscron","Bree","Vilvoorde","Ronse","Andenne","Damme","Poperinge","Halen","Herentals","Izegem","Rochefort","Geel"]},{"index":1,"name":"col1","values":["Arrondissement of Charleroi","East Flanders","Arrondissement of Turnhout","Namur","Arrondissement of Nivelles","Namur","Arrondissement of Nivelles","Arrondissement of Dinant","Arrondissement of Mouscron","Limburg","Arrondissement of Halle-Vilvoorde","Arrondissement of Oudenaarde","Arrondissement of Namur","West Flanders","Arrondissement of Ypres","Limburg","Arrondissement of Turnhout","West Flanders","Namur","Arrondissement of Turnhout"]},{"index":2,"name":"col2","values":["Couëron","Mödling","Gödöllő","Montbard","Saintes","Épinal","Veszprém","Seurre","Rheinfelden (Baden)","Geldern","Ennepetal","Kleve","Bergheim","Damme","Rixensart","Pasewalk","Cosne-Cours-sur-Loire","Hotton","Morges","Lugo"]}]},"context":{"page_title":null,"page_url":null,"page_entity_id":null,"content_hierarchy":[]},"links":[[[{"start":0,"end":7,"url":null,"entity_id":"Q314922","candidates":[]}],[{"start":0,"end":27,"url":null,"entity_id":"Q94077","candidates":[]}],[{"start":0,"end":7,"url":null,"entity_id":"Q631274","candidates":[]}]],[[{"start":0,"end":8,"url":null,"entity_id":"Q226941","candidates":[]}],[{"start":0,"end":13,"url":null,"entity_id":"Q1114","candidates":[]}],[{"start":0,"end":7,"url":null,"entity_id":"Q277965","candidates":[]}]],[[{"start":0,"end":8,"url":null,"entity_id":"Q271783","candidates":[]}],[{"start":0,"end":26,"url":null,"entity_id":"Q90911","candidates":[]}],[{"start":0,"end":7,"url":null,"entity_id":"Q209988","candidates":[]}]],[[{"start":0,"end":6,"url":null,"entity_id":"Q326771","candidates":[]}],[{"start":0,"end":5,"url":null,"entity_id":"Q1125","candidates":[]}],[{"start":0,"end":8,"url":null,"entity_id":"Q209838","candidates":[]}]],[[{"start":0,"end":8,"url":null,"entity_id":"Q319463","candidates":[]}],[{"start":0,"end":26,"url":null,"entity_id":"Q93707","candidates":[]}],[{"start":0,"end":7,"url":null,"entity_id":"Q191126","candidates":[]}]],[[{"start":0,"end":8,"url":null,"entity_id":"Q223927","candidates":[]}],[{"start":0,"end":5,"url":null,"entity_id":"Q1125","candidates":[]}],[{"start":0,"end":6,"url":null,"entity_id":"Q173695","candidates":[]}]],[[{"start":0,"end":26,"url":null,"entity_id":"Q329642","candidates":[]}],[{"start":0,"end":26,"url":null,"entity_id":"Q93707","candidates":[]}],[{"start":0,"end":8,"url":null,"entity_id":"Q146317","candidates":[]}]],[[{"start":0,"end":9,"url":null,"entity_id":"Q329621","candidates":[]}],[{"start":0,"end":24,"url":null,"entity_id":"Q93740","candidates":[]}],[{"start":0,"end":6,"url":null,"entity_id":"Q16896","candidates":[]}]],[[{"start":0,"end":8,"url":null,"entity_id":"Q220145","candidates":[]}],[{"start":0,"end":26,"url":null,"entity_id":"Q94095","candidates":[]}],[{"start":0,"end":19,"url":null,"entity_id":"Q16077","candidates":[]}]],[[{"start":0,"end":4,"url":null,"entity_id":"Q275863","candidates":[]}],[{"start":0,"end":7,"url":null,"entity_id":"Q1095","candidates":[]}],[{"start":0,"end":7,"url":null,"entity_id":"Q16024","candidates":[]}]],[[{"start":0,"end":9,"url":null,"entity_id":"Q318418","candidates":[]}],[{"start":0,"end":33,"url":null,"entity_id":"Q93368","candidates":[]}],[{"start":0,"end":9,"url":null,"entity_id":"Q11301","candidates":[]}]],[[{"start":0,"end":5,"url":null,"entity_id":"Q268219","candidates":[]}],[{"start":0,"end":28,"url":null,"entity_id":"Q90932","candidates":[]}],[{"start":0,"end":5,"url":null,"entity_id":"Q6842","candidates":[]}]],[[{"start":0,"end":7,"url":null,"entity_id":"Q333466","candidates":[]}],[{"start":0,"end":23,"url":null,"entity_id":"Q93782","candidates":[]}],[{"start":0,"end":8,"url":null,"entity_id":"Q3989","candidates":[]}]],[[{"start":0,"end":5,"url":null,"entity_id":"Q323408","candidates":[]}],[{"start":0,"end":13,"url":null,"entity_id":"Q1113","candidates":[]}],[{"start":0,"end":5,"url":null,"entity_id":"Q523394","candidates":[]}]],[[{"start":0,"end":9,"url":null,"entity_id":"Q499588","candidates":[]}],[{"start":0,"end":23,"url":null,"entity_id":"Q91450","candidates":[]}],[{"start":0,"end":9,"url":null,"entity_id":"Q630478","candidates":[]}]],[[{"start":0,"end":5,"url":null,"entity_id":"Q461436","candidates":[]}],[{"start":0,"end":7,"url":null,"entity_id":"Q1095","candidates":[]}],[{"start":0,"end":8,"url":null,"entity_id":"Q493924","candidates":[]}]],[[{"start":0,"end":9,"url":null,"entity_id":"Q383723","candidates":[]}],[{"start":0,"end":26,"url":null,"entity_id":"Q90911","candidates":[]}],[{"start":0,"end":21,"url":null,"entity_id":"Q476253","candidates":[]}]],[[{"start":0,"end":6,"url":null,"entity_id":"Q392337","candidates":[]}],[{"start":0,"end":13,"url":null,"entity_id":"Q1113","candidates":[]}],[{"start":0,"end":6,"url":null,"entity_id":"Q160709","candidates":[]}]],[[{"start":0,"end":9,"url":null,"entity_id":"Q497764","candidates":[]}],[{"start":0,"end":5,"url":null,"entity_id":"Q1125","candidates":[]}],[{"start":0,"end":6,"url":null,"entity_id":"Q69401","candidates":[]}]],[[{"start":0,"end":4,"url":null,"entity_id":"Q464454","candidates":[]}],[{"start":0,"end":26,"url":null,"entity_id":"Q90911","candidates":[]}],[{"start":0,"end":4,"url":null,"entity_id":"Q52983","candidates":[]}]]]}