{"version":"1.2","table":{"version":"2","table_id":"XPDRKZV7","columns":[{"index":0,"name":"col0","values":["RB 24","RB 60","RB 51 (Berlin/Brandenburg)","RB 32","RB 113","RB 33 (Berlin/Brandenburg)","RB 20","RB 54","RB 22","RB 26","RB 25","RB 36","RB 65","RB 46","RB 10","Rhein-IJssel-Express","Rhein-Express","Sunset Limited","CDG Express","Porta-Express"]},{"index":1,"name":"col1","values":["Eberswalde","Frankfurt (Oder)","Brandenburg an der Havel","Bocholt","Leipzig","Wannsee","Potsdam","Berlin","Berlin","Berlin","Berlin","Frankfurt (Oder)","Cottbus","Cottbus","Berlin","Arnhem","Koblenz Central Station","Los Angeles","Paris-Charles de Gaulle Airport","Bielefeld"]},{"index":2,"name":"col2","values":["180","86","34","21","44","67","92","38","68","124","67","80","125","22","33","92","226","4422","32","99"]}]},"context":{"page_title":null,"page_url":null,"page_entity_id":null,"content_hierarchy":[]},"links":[[[{"start":0,"end":5,"url":null,"entity_id":"Q67991827","candidates":[]}],[{"start":0,"end":16,"url":null,"entity_id":"Q4024","candidates":[]}],[]],[[{"start":0,"end":26,"url":null,"entity_id":"Q63348259","candidates":[]}],[{"start":0,"end":24,"url":null,"entity_id":"Q3931","candidates":[]}],[]],[[{"start":0,"end":5,"url":null,"entity_id":"Q69865641","candidates":[]}],[{"start":0,"end":7,"url":null,"entity_id":"Q3917","candidates":[]}],[]],[[{"start":0,"end":6,"url":null,"entity_id":"Q64017443","candidates":[]}],[{"start":0,"end":7,"url":null,"entity_id":"Q2079","candidates":[]}],[]],[[{"start":0,"end":26,"url":null,"entity_id":"Q63213924","candidates":[]}],[{"start":0,"end":7,"url":null,"entity_id":"Q1949","candidates":[]}],[]],[[{"start":0,"end":5,"url":null,"entity_id":"Q68007873","candidates":[]}],[{"start":0,"end":7,"url":null,"entity_id":"Q1711","candidates":[]}],[]],[[{"start":0,"end":5,"url":null,"entity_id":"Q68008478","candidates":[]}],[{"start":0,"end":6,"url":null,"entity_id":"Q64","candidates":[]}],[]],[[{"start":0,"end":5,"url":null,"entity_id":"Q68006335","candidates":[]}],[{"start":0,"end":6,"url":null,"entity_id":"Q64","candidates":[]}],[]],[[{"start":0,"end":5,"url":null,"entity_id":"Q66363934","candidates":[]}],[{"start":0,"end":6,"url":null,"entity_id":"Q64","candidates":[]}],[]],[[{"start":0,"end":5,"url":null,"entity_id":"Q63484785","candidates":[]}],[{"start":0,"end":6,"url":null,"entity_id":"Q64","candidates":[]}],[]],[[{"start":0,"end":5,"url":null,"entity_id":"Q11056720","candidates":[]}],[{"start":0,"end":16,"url":null,"entity_id":"Q4024","candidates":[]}],[]],[[{"start":0,"end":5,"url":null,"entity_id":"Q11056973","candidates":[]}],[{"start":0,"end":7,"url":null,"entity_id":"Q3214","candidates":[]}],[]],[[{"start":0,"end":5,"url":null,"entity_id":"Q11056790","candidates":[]}],[{"start":0,"end":7,"url":null,"entity_id":"Q3214","candidates":[]}],[]],[[{"start":0,"end":5,"url":null,"entity_id":"Q15195695","candidates":[]}],[{"start":0,"end":6,"url":null,"entity_id":"Q64","candidates":[]}],[]],[[{"start":0,"end":20,"url":null,"entity_id":"Q24355686","candidates":[]}],[{"start":0,"end":6,"url":null,"entity_id":"Q1310","candidates":[]}],[]],[[{"start":0,"end":13,"url":null,"entity_id":"Q872615","candidates":[]}],[{"start":0,"end":23,"url":null,"entity_id":"Q469682","candidates":[]}],[]],[[{"start":0,"end":14,"url":null,"entity_id":"Q906130","candidates":[]}],[{"start":0,"end":11,"url":null,"entity_id":"Q65","candidates":[]}],[]],[[{"start":0,"end":11,"url":null,"entity_id":"Q1023113","candidates":[]}],[{"start":0,"end":31,"url":null,"entity_id":"Q46280","candidates":[]}],[]],[[{"start":0,"end":13,"url":null,"entity_id":"Q1804703","candidates":[]}],[{"start":0,"end":9,"url":null,"entity_id":"Q2112","candidates":[]}],[]],[[{"start":0,"end":5,"url":null,"entity_id":"Q67993390","candidates":[]}],[{"start":0,"end":10,"url":null,"entity_id":"Q9306","candidates":[]}],[]]]}