{"version":"1.2","table":{"version":"2","table_id":"XPHO2CS9","columns":[{"index":0,"name":"col0","values":["Kai-kun","Masao","Nevado","Zeus","Zentarr Elizabeth","Zeltim Odie Peterson","Vbos The Kentuckian","Treo","Trakr","Torums Scarf Michael","Titan","Tillman","Tillamook Cheddar","Tich","Theo","Terry","Néro","Armaduk","Perrovaca","Bunkou"]},{"index":1,"name":"col1","values":["2003-10-10","1999-10-20","1813-01-01","2008-11-22","2005-01-29","1997-07-09","2001-08-30","2001-01-01","1994-01-01","1996-05-29","2005-01-01","2005-01-06","1999-01-17","1940-01-01","2009-05-01","1933-11-17","1861-01-01","1975-01-01","2008-01-01","1914-01-01"]},{"index":2,"name":"col2","values":["2018-06-28","2006-12-09","1821-06-24","2014-09-03","2017-01-01","2008-01-31","2013-06-03","2015-01-01","2009-04-01","2011-10-03","2010-03-31","2015-10-28","2014-01-29","1959-01-01","2011-03-01","1945-09-01","1868-06-02","1993-02-24","2019-03-28","1938-02-03"]}]},"context":{"page_title":null,"page_url":null,"page_entity_id":null,"content_hierarchy":[]},"links":[[[{"start":0,"end":7,"url":null,"entity_id":"Q11293772","candidates":[]}],[],[]],[[{"start":0,"end":5,"url":null,"entity_id":"Q11278222","candidates":[]}],[],[]],[[{"start":0,"end":6,"url":null,"entity_id":"Q9049682","candidates":[]}],[],[]],[[{"start":0,"end":4,"url":null,"entity_id":"Q8069810","candidates":[]}],[],[]],[[{"start":0,"end":17,"url":null,"entity_id":"Q8069235","candidates":[]}],[],[]],[[{"start":0,"end":20,"url":null,"entity_id":"Q8068831","candidates":[]}],[],[]],[[{"start":0,"end":19,"url":null,"entity_id":"Q7917667","candidates":[]}],[],[]],[[{"start":0,"end":4,"url":null,"entity_id":"Q7838632","candidates":[]}],[],[]],[[{"start":0,"end":5,"url":null,"entity_id":"Q7833074","candidates":[]}],[],[]],[[{"start":0,"end":20,"url":null,"entity_id":"Q7827441","candidates":[]}],[],[]],[[{"start":0,"end":5,"url":null,"entity_id":"Q7809730","candidates":[]}],[],[]],[[{"start":0,"end":7,"url":null,"entity_id":"Q7802871","candidates":[]}],[],[]],[[{"start":0,"end":17,"url":null,"entity_id":"Q7802239","candidates":[]}],[],[]],[[{"start":0,"end":4,"url":null,"entity_id":"Q7800581","candidates":[]}],[],[]],[[{"start":0,"end":4,"url":null,"entity_id":"Q7781418","candidates":[]}],[],[]],[[{"start":0,"end":5,"url":null,"entity_id":"Q7704028","candidates":[]}],[],[]],[[{"start":0,"end":4,"url":null,"entity_id":"Q86516809","candidates":[]}],[],[]],[[{"start":0,"end":7,"url":null,"entity_id":"Q63226099","candidates":[]}],[],[]],[[{"start":0,"end":9,"url":null,"entity_id":"Q61970530","candidates":[]}],[],[]],[[{"start":0,"end":6,"url":null,"entity_id":"Q58138181","candidates":[]}],[],[]]]}