{"version":"1.2","table":{"version":"2","table_id":"XQHYRS6Q","columns":[{"index":0,"name":"col0","values":["2019 Mexican Grand Prix","2018 Mexican Grand Prix","2017 Mexican Grand Prix","2016 Mexican Grand Prix","2015 Mexican Grand Prix","1992 Mexican Grand Prix","1991 Mexican Grand Prix","1990 Mexican Grand Prix","1989 Mexican Grand Prix","1988 Mexican Grand Prix","1987 Mexican Grand Prix","1986 Mexican Grand Prix","1969 Mexican Grand Prix","1968 Mexican Grand Prix","1967 Mexican Grand Prix","1966 Mexican Grand Prix","1965 Mexican Grand Prix","1964 Mexican Grand Prix","1963 Mexican Grand Prix","1962 Mexican Grand Prix"]},{"index":1,"name":"col1","values":["Autódromo Hermanos Rodríguez","Autódromo Hermanos Rodríguez","Autódromo Hermanos Rodríguez","Autódromo Hermanos Rodríguez","Autódromo Hermanos Rodríguez","Autódromo Hermanos Rodríguez","Autódromo Hermanos Rodríguez","Autódromo Hermanos Rodríguez","Autódromo Hermanos Rodríguez","Autódromo Hermanos Rodríguez","Autódromo Hermanos Rodríguez","Autódromo Hermanos Rodríguez","Autódromo Hermanos Rodríguez","Mexico City","Autódromo Hermanos Rodríguez","Autódromo Hermanos Rodríguez","Autódromo Hermanos Rodríguez","Autódromo Hermanos Rodríguez","Autódromo Hermanos Rodríguez","Autódromo Hermanos Rodríguez"]},{"index":2,"name":"col2","values":["2019 FIA Formula One World Championship","2018 Formula One World Championship","2017 Formula One season","2016 Formula One season","2015 Formula One season","1992 Formula One season","1991 Formula One season","1990 Formula One season","1989 Formula One season","1988 Formula One season","1987 Formula One season","1986 Formula One season","1969 Formula One season","1968 Formula One season","1967 Formula One season","1966 Formula One season","1965 Formula One season","1964 Formula One season","1963 Formula One season","1962 Formula One season"]},{"index":3,"name":"col3","values":["71","71","71","71","71","69","69","69","69","67","63","68","65","65","65","65","65","65","65","60"]},{"index":4,"name":"col4","values":["2019-10-27","2018-10-28","2017-10-29","2016-10-30","2015-11-01","1992-03-22","1991-06-16","1990-06-24","1989-05-28","1988-05-29","1987-10-18","1986-10-12","1969-10-19","1968-11-03","1967-10-22","1966-10-23","1965-10-24","1964-10-25","1963-10-27","1962-11-04"]}]},"context":{"page_title":null,"page_url":null,"page_entity_id":null,"content_hierarchy":[]},"links":[[[{"start":0,"end":23,"url":null,"entity_id":"Q61366474","candidates":[]}],[{"start":0,"end":28,"url":null,"entity_id":"Q173099","candidates":[]}],[{"start":0,"end":39,"url":null,"entity_id":"Q41173535","candidates":[]}],[],[]],[[{"start":0,"end":23,"url":null,"entity_id":"Q48311380","candidates":[]}],[{"start":0,"end":28,"url":null,"entity_id":"Q173099","candidates":[]}],[{"start":0,"end":35,"url":null,"entity_id":"Q23051084","candidates":[]}],[],[]],[[{"start":0,"end":23,"url":null,"entity_id":"Q29066592","candidates":[]}],[{"start":0,"end":28,"url":null,"entity_id":"Q173099","candidates":[]}],[{"start":0,"end":23,"url":null,"entity_id":"Q20755615","candidates":[]}],[],[]],[[{"start":0,"end":23,"url":null,"entity_id":"Q23045173","candidates":[]}],[{"start":0,"end":28,"url":null,"entity_id":"Q173099","candidates":[]}],[{"start":0,"end":23,"url":null,"entity_id":"Q17455748","candidates":[]}],[],[]],[[{"start":0,"end":23,"url":null,"entity_id":"Q19760257","candidates":[]}],[{"start":0,"end":28,"url":null,"entity_id":"Q173099","candidates":[]}],[{"start":0,"end":23,"url":null,"entity_id":"Q14293115","candidates":[]}],[],[]],[[{"start":0,"end":23,"url":null,"entity_id":"Q364067","candidates":[]}],[{"start":0,"end":28,"url":null,"entity_id":"Q173099","candidates":[]}],[{"start":0,"end":23,"url":null,"entity_id":"Q69686","candidates":[]}],[],[]],[[{"start":0,"end":23,"url":null,"entity_id":"Q364037","candidates":[]}],[{"start":0,"end":28,"url":null,"entity_id":"Q173099","candidates":[]}],[{"start":0,"end":23,"url":null,"entity_id":"Q69670","candidates":[]}],[],[]],[[{"start":0,"end":23,"url":null,"entity_id":"Q364015","candidates":[]}],[{"start":0,"end":28,"url":null,"entity_id":"Q173099","candidates":[]}],[{"start":0,"end":23,"url":null,"entity_id":"Q69657","candidates":[]}],[],[]],[[{"start":0,"end":23,"url":null,"entity_id":"Q364002","candidates":[]}],[{"start":0,"end":28,"url":null,"entity_id":"Q173099","candidates":[]}],[{"start":0,"end":23,"url":null,"entity_id":"Q69641","candidates":[]}],[],[]],[[{"start":0,"end":23,"url":null,"entity_id":"Q363986","candidates":[]}],[{"start":0,"end":28,"url":null,"entity_id":"Q173099","candidates":[]}],[{"start":0,"end":23,"url":null,"entity_id":"Q69633","candidates":[]}],[],[]],[[{"start":0,"end":23,"url":null,"entity_id":"Q363975","candidates":[]}],[{"start":0,"end":28,"url":null,"entity_id":"Q173099","candidates":[]}],[{"start":0,"end":23,"url":null,"entity_id":"Q69623","candidates":[]}],[],[]],[[{"start":0,"end":23,"url":null,"entity_id":"Q171590","candidates":[]}],[{"start":0,"end":28,"url":null,"entity_id":"Q173099","candidates":[]}],[{"start":0,"end":23,"url":null,"entity_id":"Q69614","candidates":[]}],[],[]],[[{"start":0,"end":23,"url":null,"entity_id":"Q171778","candidates":[]}],[{"start":0,"end":28,"url":null,"entity_id":"Q173099","candidates":[]}],[{"start":0,"end":23,"url":null,"entity_id":"Q69254","candidates":[]}],[],[]],[[{"start":0,"end":23,"url":null,"entity_id":"Q171785","candidates":[]}],[{"start":0,"end":11,"url":null,"entity_id":"Q1489","candidates":[]}],[{"start":0,"end":23,"url":null,"entity_id":"Q69243","candidates":[]}],[],[]],[[{"start":0,"end":23,"url":null,"entity_id":"Q171629","candidates":[]}],[{"start":0,"end":28,"url":null,"entity_id":"Q173099","candidates":[]}],[{"start":0,"end":23,"url":null,"entity_id":"Q69229","candidates":[]}],[],[]],[[{"start":0,"end":23,"url":null,"entity_id":"Q363904","candidates":[]}],[{"start":0,"end":28,"url":null,"entity_id":"Q173099","candidates":[]}],[{"start":0,"end":23,"url":null,"entity_id":"Q69220","candidates":[]}],[],[]],[[{"start":0,"end":23,"url":null,"entity_id":"Q338564","candidates":[]}],[{"start":0,"end":28,"url":null,"entity_id":"Q173099","candidates":[]}],[{"start":0,"end":23,"url":null,"entity_id":"Q69204","candidates":[]}],[],[]],[[{"start":0,"end":23,"url":null,"entity_id":"Q363891","candidates":[]}],[{"start":0,"end":28,"url":null,"entity_id":"Q173099","candidates":[]}],[{"start":0,"end":23,"url":null,"entity_id":"Q69193","candidates":[]}],[],[]],[[{"start":0,"end":23,"url":null,"entity_id":"Q363877","candidates":[]}],[{"start":0,"end":28,"url":null,"entity_id":"Q173099","candidates":[]}],[{"start":0,"end":23,"url":null,"entity_id":"Q69184","candidates":[]}],[],[]],[[{"start":0,"end":23,"url":null,"entity_id":"Q2740967","candidates":[]}],[{"start":0,"end":28,"url":null,"entity_id":"Q173099","candidates":[]}],[{"start":0,"end":23,"url":null,"entity_id":"Q69174","candidates":[]}],[],[]]]}