{"version":"1.2","table":{"version":"2","table_id":"XQPR403V","columns":[{"index":0,"name":"col0","values":["9th century","10th century","11th century","12th century","13th century","14th century","15th century","16th century","17th century","18th century","21st century","20th century","19th century","31st century BC","25th century BC","26th century BC","21st century BC","17th century BC","27th century BC","22nd century BC"]},{"index":1,"name":"col1","values":["0900-01-01","1000-01-01","1100-01-01","1200-01-01","1300-01-01","1400-01-01","1500-01-01","1600-01-01","1700-01-01","1800-01-01","2100-01-01","2000-01-01","1900-01-01","-3100-01-01T00:00:00Z","-2500-01-01T00:00:00Z","-2600-01-01T00:00:00Z","-2100-01-01T00:00:00Z","-1700-01-01T00:00:00Z","-2700-01-01T00:00:00Z","-2200-01-01T00:00:00Z"]},{"index":2,"name":"col2","values":["890s","930s","1040s","1150s","1230s","1370s","1420s","1500s","1600s","1700s","2010s","1980s","1840s","3000s BC","2490s BCE","2510s BCE","2000s BCE","1620s BC","2600s BC","2130s BCE"]},{"index":3,"name":"col3","values":["10th century","11th century","12th century","13th century","14th century","15th century","16th century","17th century","18th century","19th century","22nd century","21st century","20th century","30th century BC","24th century BC","25th century BC","20th century BC","16th century BC","26th century BC","21st century BC"]}]},"context":{"page_title":null,"page_url":null,"page_entity_id":null,"content_hierarchy":[]},"links":[[[{"start":0,"end":12,"url":null,"entity_id":"Q8052","candidates":[]}],[],[{"start":0,"end":4,"url":null,"entity_id":"Q79796","candidates":[]}],[{"start":0,"end":12,"url":null,"entity_id":"Q7063","candidates":[]}]],[[{"start":0,"end":12,"url":null,"entity_id":"Q7063","candidates":[]}],[],[{"start":0,"end":5,"url":null,"entity_id":"Q26501","candidates":[]}],[{"start":0,"end":12,"url":null,"entity_id":"Q7061","candidates":[]}]],[[{"start":0,"end":12,"url":null,"entity_id":"Q7061","candidates":[]}],[],[{"start":0,"end":5,"url":null,"entity_id":"Q60135","candidates":[]}],[{"start":0,"end":12,"url":null,"entity_id":"Q7049","candidates":[]}]],[[{"start":0,"end":12,"url":null,"entity_id":"Q7049","candidates":[]}],[],[{"start":0,"end":5,"url":null,"entity_id":"Q79748","candidates":[]}],[{"start":0,"end":12,"url":null,"entity_id":"Q7034","candidates":[]}]],[[{"start":0,"end":12,"url":null,"entity_id":"Q7034","candidates":[]}],[],[{"start":0,"end":5,"url":null,"entity_id":"Q72323","candidates":[]}],[{"start":0,"end":12,"url":null,"entity_id":"Q7018","candidates":[]}]],[[{"start":0,"end":12,"url":null,"entity_id":"Q7018","candidates":[]}],[],[{"start":0,"end":5,"url":null,"entity_id":"Q81774","candidates":[]}],[{"start":0,"end":12,"url":null,"entity_id":"Q7017","candidates":[]}]],[[{"start":0,"end":12,"url":null,"entity_id":"Q7017","candidates":[]}],[],[{"start":0,"end":5,"url":null,"entity_id":"Q44140","candidates":[]}],[{"start":0,"end":12,"url":null,"entity_id":"Q7016","candidates":[]}]],[[{"start":0,"end":12,"url":null,"entity_id":"Q7016","candidates":[]}],[],[{"start":0,"end":5,"url":null,"entity_id":"Q42995","candidates":[]}],[{"start":0,"end":12,"url":null,"entity_id":"Q7015","candidates":[]}]],[[{"start":0,"end":12,"url":null,"entity_id":"Q7015","candidates":[]}],[],[{"start":0,"end":5,"url":null,"entity_id":"Q43370","candidates":[]}],[{"start":0,"end":12,"url":null,"entity_id":"Q6955","candidates":[]}]],[[{"start":0,"end":12,"url":null,"entity_id":"Q6939","candidates":[]}],[],[{"start":0,"end":5,"url":null,"entity_id":"Q19022","candidates":[]}],[{"start":0,"end":12,"url":null,"entity_id":"Q11177","candidates":[]}]],[[{"start":0,"end":12,"url":null,"entity_id":"Q6927","candidates":[]}],[],[{"start":0,"end":5,"url":null,"entity_id":"Q34644","candidates":[]}],[{"start":0,"end":12,"url":null,"entity_id":"Q6939","candidates":[]}]],[[{"start":0,"end":12,"url":null,"entity_id":"Q6955","candidates":[]}],[],[{"start":0,"end":5,"url":null,"entity_id":"Q38324","candidates":[]}],[{"start":0,"end":12,"url":null,"entity_id":"Q6927","candidates":[]}]],[[{"start":0,"end":15,"url":null,"entity_id":"Q224266","candidates":[]}],[],[{"start":0,"end":8,"url":null,"entity_id":"Q2851983","candidates":[]}],[{"start":0,"end":15,"url":null,"entity_id":"Q211523","candidates":[]}]],[[{"start":0,"end":15,"url":null,"entity_id":"Q191744","candidates":[]}],[],[{"start":0,"end":9,"url":null,"entity_id":"Q3617983","candidates":[]}],[{"start":0,"end":15,"url":null,"entity_id":"Q200563","candidates":[]}]],[[{"start":0,"end":15,"url":null,"entity_id":"Q206110","candidates":[]}],[],[{"start":0,"end":9,"url":null,"entity_id":"Q3617985","candidates":[]}],[{"start":0,"end":15,"url":null,"entity_id":"Q191744","candidates":[]}]],[[{"start":0,"end":15,"url":null,"entity_id":"Q205487","candidates":[]}],[],[{"start":0,"end":9,"url":null,"entity_id":"Q30038","candidates":[]}],[{"start":0,"end":15,"url":null,"entity_id":"Q183376","candidates":[]}]],[[{"start":0,"end":15,"url":null,"entity_id":"Q186728","candidates":[]}],[],[{"start":0,"end":8,"url":null,"entity_id":"Q2851879","candidates":[]}],[{"start":0,"end":15,"url":null,"entity_id":"Q183370","candidates":[]}]],[[{"start":0,"end":15,"url":null,"entity_id":"Q208506","candidates":[]}],[],[{"start":0,"end":8,"url":null,"entity_id":"Q3617994","candidates":[]}],[{"start":0,"end":15,"url":null,"entity_id":"Q206110","candidates":[]}]],[[{"start":0,"end":15,"url":null,"entity_id":"Q202366","candidates":[]}],[],[{"start":0,"end":9,"url":null,"entity_id":"Q3348904","candidates":[]}],[{"start":0,"end":15,"url":null,"entity_id":"Q205487","candidates":[]}]],[[{"start":0,"end":11,"url":null,"entity_id":"Q8083","candidates":[]}],[],[{"start":0,"end":4,"url":null,"entity_id":"Q80762","candidates":[]}],[{"start":0,"end":12,"url":null,"entity_id":"Q8052","candidates":[]}]]]}