[{"version":1,"nodes":[{"col_index":0,"label":"col0","id":0},{"col_index":1,"label":"col1","id":1},{"col_index":2,"label":"col2","id":2},{"abs_uri":"http://www.wikidata.org/entity/Q55490","rel_uri":"wd:Q55490","approximation":false,"readable_label":"through station (Q55490)","id":3}],"edges":[{"source":3,"target":0,"abs_uri":"http://www.w3.org/2000/01/rdf-schema#label","rel_uri":"rdfs:label","approximation":false,"readable_label":"rdfs:label","id":0},{"source":3,"target":1,"abs_uri":"http://www.wikidata.org/prop/P138","rel_uri":"p:P138","approximation":false,"readable_label":"named after (P138)","id":1},{"source":3,"target":2,"abs_uri":"http://www.wikidata.org/prop/P137","rel_uri":"p:P137","approximation":false,"readable_label":"operator (P137)","id":2}]}]