[{"version":1,"nodes":[{"col_index":0,"label":"col0","id":0},{"col_index":1,"label":"col1","id":1},{"col_index":2,"label":"col2","id":2},{"abs_uri":"http://www.wikidata.org/entity/Q49084","rel_uri":"wd:Q49084","approximation":false,"readable_label":"short story (Q49084)","id":3}],"edges":[{"source":3,"target":0,"abs_uri":"http://www.w3.org/2000/01/rdf-schema#label","rel_uri":"rdfs:label","approximation":false,"readable_label":"rdfs:label","id":0},{"source":3,"target":1,"abs_uri":"http://www.wikidata.org/prop/P179","rel_uri":"p:P179","approximation":false,"readable_label":"part of the series (P179)","id":1},{"source":3,"target":2,"abs_uri":"http://www.wikidata.org/prop/P674","rel_uri":"p:P674","approximation":false,"readable_label":"characters (P674)","id":2}]}]