[{"version":1,"nodes":[{"col_index":0,"label":"col0","id":0},{"col_index":1,"label":"col1","id":1},{"col_index":2,"label":"col2","id":2},{"col_index":3,"label":"col3","id":3},{"col_index":4,"label":"col4","id":4},{"col_index":5,"label":"col5","id":5},{"abs_uri":"http://www.wikidata.org/entity/Q12225020","rel_uri":"wd:Q12225020","approximation":false,"readable_label":"uzlah (Q12225020)","id":6}],"edges":[{"source":6,"target":0,"abs_uri":"http://www.w3.org/2000/01/rdf-schema#label","rel_uri":"rdfs:label","approximation":false,"readable_label":"rdfs:label","id":0},{"source":6,"target":1,"abs_uri":"http://www.wikidata.org/prop/P1538","rel_uri":"p:P1538","approximation":false,"readable_label":"number of households (P1538)","id":1},{"source":6,"target":2,"abs_uri":"http://www.wikidata.org/prop/P1082","rel_uri":"p:P1082","approximation":false,"readable_label":"population (P1082)","id":2},{"source":6,"target":3,"abs_uri":"http://www.wikidata.org/prop/P1539","rel_uri":"p:P1539","approximation":false,"readable_label":"female population (P1539)","id":3},{"source":6,"target":4,"abs_uri":"http://www.wikidata.org/prop/P2044","rel_uri":"p:P2044","approximation":false,"readable_label":"elevation above sea level (P2044)","id":4},{"source":6,"target":5,"abs_uri":"http://www.wikidata.org/prop/P1540","rel_uri":"p:P1540","approximation":false,"readable_label":"male population (P1540)","id":5}]}]