[{"version":1,"nodes":[{"col_index":0,"label":"col0","id":0},{"col_index":1,"label":"col1","id":1},{"col_index":2,"label":"col2","id":2},{"abs_uri":"http://www.wikidata.org/entity/Q27654220","rel_uri":"wd:Q27654220","approximation":false,"readable_label":"abandoned hamlet (Q27654220)","id":3},{"abs_uri":"http://www.wikidata.org/entity/Q1620908","rel_uri":"wd:Q1620908","approximation":false,"readable_label":"historical region (Q1620908)","id":4}],"edges":[{"source":3,"target":0,"abs_uri":"http://www.w3.org/2000/01/rdf-schema#label","rel_uri":"rdfs:label","approximation":false,"readable_label":"rdfs:label","id":0},{"source":4,"target":2,"abs_uri":"http://www.w3.org/2000/01/rdf-schema#label","rel_uri":"rdfs:label","approximation":false,"readable_label":"rdfs:label","id":1},{"source":3,"target":4,"abs_uri":"http://www.wikidata.org/prop/P6885","rel_uri":"p:P6885","approximation":false,"readable_label":"historical region (P6885)","id":2},{"source":3,"target":1,"abs_uri":"http://www.wikidata.org/prop/P2046","rel_uri":"p:P2046","approximation":false,"readable_label":"area (P2046)","id":3}]}]