{"version":"1.2","table":{"version":"2","table_id":"O3V69KP0","columns":[{"index":0,"name":"col0","values":["2230s","2200s","2610s BCE","2500s BC","2140s BC","2180s","2160s","1860s BC","1720s BC","1230s BC","850s BC","10s","2140s","1940s BC","2010s BC","2240s","2210s","2190s","2110s BCE","2630s BCE"]},{"index":1,"name":"col1","values":["2230-01-01","2200-01-01","-2610-01-01T00:00:00Z","-2500-01-01T00:00:00Z","-2140-01-01T00:00:00Z","2180-01-01","2160-01-01","-1860-01-01T00:00:00Z","-1720-01-01T00:00:00Z","-1230-01-01T00:00:00Z","-0850-01-01T00:00:00Z","0010-01-01","2140-01-01","-1940-01-01T00:00:00Z","-2010-01-01T00:00:00Z","2240-01-01","2210-01-01","2190-01-01","-2110-01-01T00:00:00Z","-2630-01-01T00:00:00Z"]},{"index":2,"name":"col2","values":["2220s","2190s","2620s BCE","2510s BCE","2150s BCE","2170s","2150s","1870s BC","1730s BC","1240s BC","860s BC","0s","2130s","1950s BC","2020s BC","2230s","2200s","2180s","2120s BC","2640s BCE"]},{"index":3,"name":"col3","values":["2240s","2210s","2600s BC","2490s BCE","2130s BCE","2190s","2170s","1850s BC","1710s BC","1220s BC","840s BC","20s","2150s","1930s BC","2000s BCE","2250s","2220s","2200s","2100s BCE","2620s BCE"]}]},"context":{"page_title":null,"page_url":null,"page_entity_id":null,"content_hierarchy":[]},"links":[[[{"start":0,"end":5,"url":null,"entity_id":"Q25605835","candidates":[]}],[],[{"start":0,"end":5,"url":null,"entity_id":"Q25605832","candidates":[]}],[{"start":0,"end":5,"url":null,"entity_id":"Q25605834","candidates":[]}]],[[{"start":0,"end":5,"url":null,"entity_id":"Q25605831","candidates":[]}],[],[{"start":0,"end":5,"url":null,"entity_id":"Q3344377","candidates":[]}],[{"start":0,"end":5,"url":null,"entity_id":"Q25605833","candidates":[]}]],[[{"start":0,"end":9,"url":null,"entity_id":"Q3617996","candidates":[]}],[],[{"start":0,"end":9,"url":null,"entity_id":"Q3617995","candidates":[]}],[{"start":0,"end":8,"url":null,"entity_id":"Q3617994","candidates":[]}]],[[{"start":0,"end":8,"url":null,"entity_id":"Q19952552","candidates":[]}],[],[{"start":0,"end":9,"url":null,"entity_id":"Q3617985","candidates":[]}],[{"start":0,"end":9,"url":null,"entity_id":"Q3617983","candidates":[]}]],[[{"start":0,"end":8,"url":null,"entity_id":"Q12174717","candidates":[]}],[],[{"start":0,"end":9,"url":null,"entity_id":"Q12174730","candidates":[]}],[{"start":0,"end":9,"url":null,"entity_id":"Q3348904","candidates":[]}]],[[{"start":0,"end":5,"url":null,"entity_id":"Q3348442","candidates":[]}],[],[{"start":0,"end":5,"url":null,"entity_id":"Q3344372","candidates":[]}],[{"start":0,"end":5,"url":null,"entity_id":"Q3344377","candidates":[]}]],[[{"start":0,"end":5,"url":null,"entity_id":"Q3348448","candidates":[]}],[],[{"start":0,"end":5,"url":null,"entity_id":"Q1043488","candidates":[]}],[{"start":0,"end":5,"url":null,"entity_id":"Q3344372","candidates":[]}]],[[{"start":0,"end":8,"url":null,"entity_id":"Q2851929","candidates":[]}],[],[{"start":0,"end":8,"url":null,"entity_id":"Q2851932","candidates":[]}],[{"start":0,"end":8,"url":null,"entity_id":"Q2851928","candidates":[]}]],[[{"start":0,"end":8,"url":null,"entity_id":"Q3344660","candidates":[]}],[],[{"start":0,"end":8,"url":null,"entity_id":"Q2851893","candidates":[]}],[{"start":0,"end":8,"url":null,"entity_id":"Q2851892","candidates":[]}]],[[{"start":0,"end":8,"url":null,"entity_id":"Q3589450","candidates":[]}],[],[{"start":0,"end":8,"url":null,"entity_id":"Q2851844","candidates":[]}],[{"start":0,"end":8,"url":null,"entity_id":"Q2020195","candidates":[]}]],[[{"start":0,"end":7,"url":null,"entity_id":"Q2852010","candidates":[]}],[],[{"start":0,"end":7,"url":null,"entity_id":"Q586352","candidates":[]}],[{"start":0,"end":7,"url":null,"entity_id":"Q1450665","candidates":[]}]],[[{"start":0,"end":3,"url":null,"entity_id":"Q3085981","candidates":[]}],[],[{"start":0,"end":2,"url":null,"entity_id":"Q1414645","candidates":[]}],[{"start":0,"end":3,"url":null,"entity_id":"Q1415887","candidates":[]}]],[[{"start":0,"end":5,"url":null,"entity_id":"Q3348456","candidates":[]}],[],[{"start":0,"end":5,"url":null,"entity_id":"Q1048275","candidates":[]}],[{"start":0,"end":5,"url":null,"entity_id":"Q1043488","candidates":[]}]],[[{"start":0,"end":8,"url":null,"entity_id":"Q2851955","candidates":[]}],[],[{"start":0,"end":8,"url":null,"entity_id":"Q2851957","candidates":[]}],[{"start":0,"end":8,"url":null,"entity_id":"Q532116","candidates":[]}]],[[{"start":0,"end":8,"url":null,"entity_id":"Q2851970","candidates":[]}],[],[{"start":0,"end":8,"url":null,"entity_id":"Q2851971","candidates":[]}],[{"start":0,"end":9,"url":null,"entity_id":"Q30038","candidates":[]}]],[[{"start":0,"end":5,"url":null,"entity_id":"Q25605834","candidates":[]}],[],[{"start":0,"end":5,"url":null,"entity_id":"Q25605835","candidates":[]}],[{"start":0,"end":5,"url":null,"entity_id":"Q25605838","candidates":[]}]],[[{"start":0,"end":5,"url":null,"entity_id":"Q25605833","candidates":[]}],[],[{"start":0,"end":5,"url":null,"entity_id":"Q25605831","candidates":[]}],[{"start":0,"end":5,"url":null,"entity_id":"Q25605832","candidates":[]}]],[[{"start":0,"end":5,"url":null,"entity_id":"Q3344377","candidates":[]}],[],[{"start":0,"end":5,"url":null,"entity_id":"Q3348442","candidates":[]}],[{"start":0,"end":5,"url":null,"entity_id":"Q25605831","candidates":[]}]],[[{"start":0,"end":9,"url":null,"entity_id":"Q12174699","candidates":[]}],[],[{"start":0,"end":8,"url":null,"entity_id":"Q12174707","candidates":[]}],[{"start":0,"end":9,"url":null,"entity_id":"Q12174690","candidates":[]}]],[[{"start":0,"end":9,"url":null,"entity_id":"Q3617997","candidates":[]}],[],[{"start":0,"end":9,"url":null,"entity_id":"Q15728644","candidates":[]}],[{"start":0,"end":9,"url":null,"entity_id":"Q3617995","candidates":[]}]]]}