{"version":"1.2","table":{"version":"2","table_id":"O54MRTYW","columns":[{"index":0,"name":"col0","values":["coccidiosis","relapsing fever borreliosis","progressive multifocal leukoencephalopathy","parasitic helminthiasis infectious disease","molluscum contagiosum","pyelonephritis","sporotrichosis","blastomycosis","campylobacteriosis","Kaposi's sarcoma","otitis externa","bacterial infectious disease","hypodermyasis","lymph node tuberculosis","tuberculous meningitis","borderline leprosy","mansonelliasis","fungal meningitis","necatoriasis","tinea pedis"]},{"index":1,"name":"col1","values":["infectiology","infectiology","neurology","infectiology","dermatology","urology","infectiology","infectiology","infectiology","oncology","otolaryngology","infectiology","infectiology","infectiology","neurology","infectiology","infectiology","neurology","infectiology","infectiology"]},{"index":2,"name":"col2","values":["toltrazuril","doxycycline","mirtazapine","albendazole","cantharidin","ciprofloxacin","natamycin","natamycin","erythromycin","dactinomycin","acetic acid","bismuth","clorsulon","rifampicin","rifampicin","clofazimine","ivermectin","amphotericin B","albendazole","sodium hypochlorite"]}]},"context":{"page_title":null,"page_url":null,"page_entity_id":null,"content_hierarchy":[]},"links":[[[{"start":0,"end":11,"url":null,"entity_id":"Q487837","candidates":[]}],[{"start":0,"end":12,"url":null,"entity_id":"Q788926","candidates":[]}],[{"start":0,"end":11,"url":null,"entity_id":"Q1470932","candidates":[]}]],[[{"start":0,"end":27,"url":null,"entity_id":"Q690032","candidates":[]}],[{"start":0,"end":12,"url":null,"entity_id":"Q788926","candidates":[]}],[{"start":0,"end":11,"url":null,"entity_id":"Q422442","candidates":[]}]],[[{"start":0,"end":42,"url":null,"entity_id":"Q704930","candidates":[]}],[{"start":0,"end":9,"url":null,"entity_id":"Q83042","candidates":[]}],[{"start":0,"end":11,"url":null,"entity_id":"Q421930","candidates":[]}]],[[{"start":0,"end":42,"url":null,"entity_id":"Q578994","candidates":[]}],[{"start":0,"end":12,"url":null,"entity_id":"Q788926","candidates":[]}],[{"start":0,"end":11,"url":null,"entity_id":"Q411629","candidates":[]}]],[[{"start":0,"end":21,"url":null,"entity_id":"Q659584","candidates":[]}],[{"start":0,"end":11,"url":null,"entity_id":"Q171171","candidates":[]}],[{"start":0,"end":11,"url":null,"entity_id":"Q410884","candidates":[]}]],[[{"start":0,"end":14,"url":null,"entity_id":"Q506652","candidates":[]}],[{"start":0,"end":7,"url":null,"entity_id":"Q105650","candidates":[]}],[{"start":0,"end":13,"url":null,"entity_id":"Q256602","candidates":[]}]],[[{"start":0,"end":14,"url":null,"entity_id":"Q767327","candidates":[]}],[{"start":0,"end":12,"url":null,"entity_id":"Q788926","candidates":[]}],[{"start":0,"end":9,"url":null,"entity_id":"Q248466","candidates":[]}]],[[{"start":0,"end":13,"url":null,"entity_id":"Q627368","candidates":[]}],[{"start":0,"end":12,"url":null,"entity_id":"Q788926","candidates":[]}],[{"start":0,"end":9,"url":null,"entity_id":"Q248466","candidates":[]}]],[[{"start":0,"end":18,"url":null,"entity_id":"Q683861","candidates":[]}],[{"start":0,"end":12,"url":null,"entity_id":"Q788926","candidates":[]}],[{"start":0,"end":12,"url":null,"entity_id":"Q213511","candidates":[]}]],[[{"start":0,"end":16,"url":null,"entity_id":"Q725345","candidates":[]}],[{"start":0,"end":8,"url":null,"entity_id":"Q162555","candidates":[]}],[{"start":0,"end":12,"url":null,"entity_id":"Q186127","candidates":[]}]],[[{"start":0,"end":14,"url":null,"entity_id":"Q680873","candidates":[]}],[{"start":0,"end":14,"url":null,"entity_id":"Q189553","candidates":[]}],[{"start":0,"end":11,"url":null,"entity_id":"Q47512","candidates":[]}]],[[{"start":0,"end":28,"url":null,"entity_id":"Q727028","candidates":[]}],[{"start":0,"end":12,"url":null,"entity_id":"Q788926","candidates":[]}],[{"start":0,"end":7,"url":null,"entity_id":"Q942","candidates":[]}]],[[{"start":0,"end":13,"url":null,"entity_id":"Q4138775","candidates":[]}],[{"start":0,"end":12,"url":null,"entity_id":"Q788926","candidates":[]}],[{"start":0,"end":9,"url":null,"entity_id":"Q2743167","candidates":[]}]],[[{"start":0,"end":23,"url":null,"entity_id":"Q4678337","candidates":[]}],[{"start":0,"end":12,"url":null,"entity_id":"Q788926","candidates":[]}],[{"start":0,"end":10,"url":null,"entity_id":"Q422652","candidates":[]}]],[[{"start":0,"end":22,"url":null,"entity_id":"Q3854687","candidates":[]}],[{"start":0,"end":9,"url":null,"entity_id":"Q83042","candidates":[]}],[{"start":0,"end":10,"url":null,"entity_id":"Q422652","candidates":[]}]],[[{"start":0,"end":18,"url":null,"entity_id":"Q4944687","candidates":[]}],[{"start":0,"end":12,"url":null,"entity_id":"Q788926","candidates":[]}],[{"start":0,"end":11,"url":null,"entity_id":"Q418611","candidates":[]}]],[[{"start":0,"end":14,"url":null,"entity_id":"Q4280605","candidates":[]}],[{"start":0,"end":12,"url":null,"entity_id":"Q788926","candidates":[]}],[{"start":0,"end":10,"url":null,"entity_id":"Q415178","candidates":[]}]],[[{"start":0,"end":17,"url":null,"entity_id":"Q5509169","candidates":[]}],[{"start":0,"end":9,"url":null,"entity_id":"Q83042","candidates":[]}],[{"start":0,"end":14,"url":null,"entity_id":"Q412223","candidates":[]}]],[[{"start":0,"end":12,"url":null,"entity_id":"Q4118581","candidates":[]}],[{"start":0,"end":12,"url":null,"entity_id":"Q788926","candidates":[]}],[{"start":0,"end":11,"url":null,"entity_id":"Q411629","candidates":[]}]],[[{"start":0,"end":11,"url":null,"entity_id":"Q5609817","candidates":[]}],[{"start":0,"end":12,"url":null,"entity_id":"Q788926","candidates":[]}],[{"start":0,"end":19,"url":null,"entity_id":"Q407204","candidates":[]}]]]}