{"version":"1.2","table":{"version":"2","table_id":"O5DTBUEF","columns":[{"index":0,"name":"col0","values":["IRAS 20363+3401","V* GX Mon","IRC +60154","IRAS 14353-4809","2MASS J18282812-1050231","IRAS 14319-7154","IRAS 14086-6907","IRAS 20410+2949","OH 73.8 -6.3","IRAS 19382+3400","IRC +40346","IRAS 18549+0905","IRAS 19175+0958","OH 42.3 -0.1","IRAS 18231+0855","HD 328913","OH 341.102 -1.910","IRAS 16458-4425","OH 339.974 -0.192","IRAS 16320-4419","IRAS 01572+5844","IRAS 17132-5003","V* UX Pic","IRAS 19471+2944","IRAS 19190+3035","ROTSE1 J181147.53+312823.6","IRAS 19265+3116","IRAS 18165-2629","IRAS 17566-2115","IRAS 14352-5537","IRAS 14460-5529","OH 318.855 +1.066","RAFGL 5201","IRAS 20215+3205","V* YZ Peg","IRAS 05423+2905","IRAS 05552+1720","IRAS 17370-2529","OH 3.304 -2.039","IRC -30363","IRAS 17367-2521","IRAS 11589-5905","IRAS 12182-6803","IRC +40156","IRAS 15469-5311","OH 328.977 +0.479","OH 327.448 -0.627","IRAS 15337-5201","IRAS 14266-4211","OH 326.932 +2.754"]},{"index":1,"name":"col1","values":["5.121","15.46","1.99","5.57","6.154","5.677","4.281","5.615","5.555","5.797","3.649","18.79","8.489","9.726","6.166","9.01","16.8874","6.122","19.4505","6.156","4.24","5.055","10.09","5.023","7.677","4.267","4.352","4.541","6.096","5.897","14.62","14.8858","5.7","4.08","4.026","2.46","5.328","12.951","16.533","15","14.186","5.617","6.174","13.48","10.66","19.9371","15.9252","6.534","3.708","14.5741"]},{"index":2,"name":"col2","values":["-5.167","-14.417","-18.039","-5.973","-1.669","-10.055","-23.164","-6.282","-6.624","-4.705","-5.769","-1.589","-7.123","-4.826","-4.585","-2.455","-6.892","-2.407","-4.331","-2.162","2.954","-7.788","-0.488","-6.996","-3.387","-9.037","-8.647","-8.636","-0.936","-6.066","-5.84","-3.948","-8.064","-5.795","-4.182","-11.231","-2.584","-6.2","-5.828","-5.279","-5.548","-6.679","-9.256","-5.849","-6.671","-9.334","-8.481","-7.778","-13.704","-11.473"]}]},"context":{"page_title":null,"page_url":null,"page_entity_id":null,"content_hierarchy":[]},"links":[[[{"start":0,"end":15,"url":null,"entity_id":"Q81283289","candidates":[]}],[],[]],[[{"start":0,"end":9,"url":null,"entity_id":"Q81143089","candidates":[]}],[],[]],[[{"start":0,"end":10,"url":null,"entity_id":"Q81129843","candidates":[]}],[],[]],[[{"start":0,"end":15,"url":null,"entity_id":"Q80976120","candidates":[]}],[],[]],[[{"start":0,"end":23,"url":null,"entity_id":"Q80107295","candidates":[]}],[],[]],[[{"start":0,"end":15,"url":null,"entity_id":"Q80032760","candidates":[]}],[],[]],[[{"start":0,"end":15,"url":null,"entity_id":"Q80027289","candidates":[]}],[],[]],[[{"start":0,"end":15,"url":null,"entity_id":"Q83593221","candidates":[]}],[],[]],[[{"start":0,"end":12,"url":null,"entity_id":"Q83591235","candidates":[]}],[],[]],[[{"start":0,"end":15,"url":null,"entity_id":"Q83591199","candidates":[]}],[],[]],[[{"start":0,"end":10,"url":null,"entity_id":"Q83588455","candidates":[]}],[],[]],[[{"start":0,"end":15,"url":null,"entity_id":"Q83505962","candidates":[]}],[],[]],[[{"start":0,"end":15,"url":null,"entity_id":"Q83500886","candidates":[]}],[],[]],[[{"start":0,"end":12,"url":null,"entity_id":"Q83498308","candidates":[]}],[],[]],[[{"start":0,"end":15,"url":null,"entity_id":"Q83493784","candidates":[]}],[],[]],[[{"start":0,"end":9,"url":null,"entity_id":"Q83421680","candidates":[]}],[],[]],[[{"start":0,"end":17,"url":null,"entity_id":"Q83420554","candidates":[]}],[],[]],[[{"start":0,"end":15,"url":null,"entity_id":"Q83417513","candidates":[]}],[],[]],[[{"start":0,"end":17,"url":null,"entity_id":"Q83411243","candidates":[]}],[],[]],[[{"start":0,"end":15,"url":null,"entity_id":"Q83312488","candidates":[]}],[],[]],[[{"start":0,"end":15,"url":null,"entity_id":"Q83290366","candidates":[]}],[],[]],[[{"start":0,"end":15,"url":null,"entity_id":"Q84364597","candidates":[]}],[],[]],[[{"start":0,"end":9,"url":null,"entity_id":"Q84215588","candidates":[]}],[],[]],[[{"start":0,"end":15,"url":null,"entity_id":"Q84052171","candidates":[]}],[],[]],[[{"start":0,"end":15,"url":null,"entity_id":"Q84044167","candidates":[]}],[],[]],[[{"start":0,"end":26,"url":null,"entity_id":"Q84044108","candidates":[]}],[],[]],[[{"start":0,"end":15,"url":null,"entity_id":"Q84042979","candidates":[]}],[],[]],[[{"start":0,"end":15,"url":null,"entity_id":"Q84003936","candidates":[]}],[],[]],[[{"start":0,"end":15,"url":null,"entity_id":"Q83963468","candidates":[]}],[],[]],[[{"start":0,"end":15,"url":null,"entity_id":"Q83843631","candidates":[]}],[],[]],[[{"start":0,"end":15,"url":null,"entity_id":"Q83837470","candidates":[]}],[],[]],[[{"start":0,"end":17,"url":null,"entity_id":"Q83830196","candidates":[]}],[],[]],[[{"start":0,"end":10,"url":null,"entity_id":"Q83684330","candidates":[]}],[],[]],[[{"start":0,"end":15,"url":null,"entity_id":"Q83602557","candidates":[]}],[],[]],[[{"start":0,"end":9,"url":null,"entity_id":"Q79508880","candidates":[]}],[],[]],[[{"start":0,"end":15,"url":null,"entity_id":"Q79278520","candidates":[]}],[],[]],[[{"start":0,"end":15,"url":null,"entity_id":"Q79184099","candidates":[]}],[],[]],[[{"start":0,"end":15,"url":null,"entity_id":"Q79149228","candidates":[]}],[],[]],[[{"start":0,"end":15,"url":null,"entity_id":"Q79144171","candidates":[]}],[],[]],[[{"start":0,"end":10,"url":null,"entity_id":"Q79142564","candidates":[]}],[],[]],[[{"start":0,"end":15,"url":null,"entity_id":"Q79142282","candidates":[]}],[],[]],[[{"start":0,"end":15,"url":null,"entity_id":"Q79107443","candidates":[]}],[],[]],[[{"start":0,"end":15,"url":null,"entity_id":"Q79105332","candidates":[]}],[],[]],[[{"start":0,"end":10,"url":null,"entity_id":"Q78937874","candidates":[]}],[],[]],[[{"start":0,"end":15,"url":null,"entity_id":"Q78139411","candidates":[]}],[],[]],[[{"start":0,"end":17,"url":null,"entity_id":"Q78138443","candidates":[]}],[],[]],[[{"start":0,"end":17,"url":null,"entity_id":"Q78138029","candidates":[]}],[],[]],[[{"start":0,"end":15,"url":null,"entity_id":"Q78136812","candidates":[]}],[],[]],[[{"start":0,"end":15,"url":null,"entity_id":"Q78132055","candidates":[]}],[],[]],[[{"start":0,"end":17,"url":null,"entity_id":"Q78128437","candidates":[]}],[],[]]]}