{"version":"1.2","table":{"version":"2","table_id":"O873THRS","columns":[{"index":0,"name":"col0","values":["Soyuz TM-2","Soyuz TM-22","Soyuz TM-19","Soyuz TM-20","Soyuz TM-12","Soyuz TM-13","Soyuz TM-18","Soyuz TM-14","Vostok 3","Soyuz TMA-6","Soyuz TMA-15M","Soyuz 8","Soyuz 10","Soyuz 3","Gemini 4","Gemini 5","Gemini 3","Skylab 2","Soyuz TM-27","Soyuz 5"]},{"index":1,"name":"col1","values":["Soyuz-U2","Soyuz-U2","Soyuz-U2","Soyuz-U2","Soyuz-U2","Soyuz-U2","Soyuz-U2","Soyuz-U2","Vostok-K","Soyuz-FG","Soyuz-FG","Soyuz rocket family","Soyuz rocket family","Soyuz rocket family","Titan II GLV","Titan II GLV","Titan II GLV","Saturn IB","Soyuz-U","Soyuz rocket family"]},{"index":2,"name":"col2","values":["51.6","51.64","51.65","51.65","51.64","51.64","51.65","51.64","65","51.64","51.65","51.65","51.6","51.67","32.53","32.5","32.6","50","51.62","51.66"]},{"index":3,"name":"col3","values":["rocket launch","rocket launch","rocket launch","rocket launch","rocket launch","rocket launch","rocket launch","rocket launch","rocket launch","rocket launch","rocket launch","rocket launch","rocket launch","rocket launch","rocket launch","rocket launch","rocket launch","rocket launch","rocket launch","docking and berthing of spacecraft"]},{"index":4,"name":"col4","values":["low Earth orbit","low Earth orbit","low Earth orbit","low Earth orbit","low Earth orbit","low Earth orbit","low Earth orbit","low Earth orbit","low Earth orbit","low Earth orbit","low Earth orbit","low Earth orbit","low Earth orbit","low Earth orbit","low Earth orbit","low Earth orbit","low Earth orbit","low Earth orbit","low Earth orbit","low Earth orbit"]}]},"context":{"page_title":null,"page_url":null,"page_entity_id":null,"content_hierarchy":[]},"links":[[[{"start":0,"end":10,"url":null,"entity_id":"Q738200","candidates":[]}],[{"start":0,"end":8,"url":null,"entity_id":"Q5957052","candidates":[]}],[],[{"start":0,"end":13,"url":null,"entity_id":"Q797476","candidates":[]}],[{"start":0,"end":15,"url":null,"entity_id":"Q663611","candidates":[]}]],[[{"start":0,"end":11,"url":null,"entity_id":"Q700729","candidates":[]}],[{"start":0,"end":8,"url":null,"entity_id":"Q5957052","candidates":[]}],[],[{"start":0,"end":13,"url":null,"entity_id":"Q797476","candidates":[]}],[{"start":0,"end":15,"url":null,"entity_id":"Q663611","candidates":[]}]],[[{"start":0,"end":11,"url":null,"entity_id":"Q700718","candidates":[]}],[{"start":0,"end":8,"url":null,"entity_id":"Q5957052","candidates":[]}],[],[{"start":0,"end":13,"url":null,"entity_id":"Q797476","candidates":[]}],[{"start":0,"end":15,"url":null,"entity_id":"Q663611","candidates":[]}]],[[{"start":0,"end":11,"url":null,"entity_id":"Q700126","candidates":[]}],[{"start":0,"end":8,"url":null,"entity_id":"Q5957052","candidates":[]}],[],[{"start":0,"end":13,"url":null,"entity_id":"Q797476","candidates":[]}],[{"start":0,"end":15,"url":null,"entity_id":"Q663611","candidates":[]}]],[[{"start":0,"end":11,"url":null,"entity_id":"Q677528","candidates":[]}],[{"start":0,"end":8,"url":null,"entity_id":"Q5957052","candidates":[]}],[],[{"start":0,"end":13,"url":null,"entity_id":"Q797476","candidates":[]}],[{"start":0,"end":15,"url":null,"entity_id":"Q663611","candidates":[]}]],[[{"start":0,"end":11,"url":null,"entity_id":"Q677519","candidates":[]}],[{"start":0,"end":8,"url":null,"entity_id":"Q5957052","candidates":[]}],[],[{"start":0,"end":13,"url":null,"entity_id":"Q797476","candidates":[]}],[{"start":0,"end":15,"url":null,"entity_id":"Q663611","candidates":[]}]],[[{"start":0,"end":11,"url":null,"entity_id":"Q645825","candidates":[]}],[{"start":0,"end":8,"url":null,"entity_id":"Q5957052","candidates":[]}],[],[{"start":0,"end":13,"url":null,"entity_id":"Q797476","candidates":[]}],[{"start":0,"end":15,"url":null,"entity_id":"Q663611","candidates":[]}]],[[{"start":0,"end":11,"url":null,"entity_id":"Q611541","candidates":[]}],[{"start":0,"end":8,"url":null,"entity_id":"Q5957052","candidates":[]}],[],[{"start":0,"end":13,"url":null,"entity_id":"Q797476","candidates":[]}],[{"start":0,"end":15,"url":null,"entity_id":"Q663611","candidates":[]}]],[[{"start":0,"end":8,"url":null,"entity_id":"Q637048","candidates":[]}],[{"start":0,"end":8,"url":null,"entity_id":"Q3303767","candidates":[]}],[],[{"start":0,"end":13,"url":null,"entity_id":"Q797476","candidates":[]}],[{"start":0,"end":15,"url":null,"entity_id":"Q663611","candidates":[]}]],[[{"start":0,"end":11,"url":null,"entity_id":"Q647619","candidates":[]}],[{"start":0,"end":8,"url":null,"entity_id":"Q2415633","candidates":[]}],[],[{"start":0,"end":13,"url":null,"entity_id":"Q797476","candidates":[]}],[{"start":0,"end":15,"url":null,"entity_id":"Q663611","candidates":[]}]],[[{"start":0,"end":13,"url":null,"entity_id":"Q610681","candidates":[]}],[{"start":0,"end":8,"url":null,"entity_id":"Q2415633","candidates":[]}],[],[{"start":0,"end":13,"url":null,"entity_id":"Q797476","candidates":[]}],[{"start":0,"end":15,"url":null,"entity_id":"Q663611","candidates":[]}]],[[{"start":0,"end":7,"url":null,"entity_id":"Q663818","candidates":[]}],[{"start":0,"end":19,"url":null,"entity_id":"Q1299641","candidates":[]}],[],[{"start":0,"end":13,"url":null,"entity_id":"Q797476","candidates":[]}],[{"start":0,"end":15,"url":null,"entity_id":"Q663611","candidates":[]}]],[[{"start":0,"end":8,"url":null,"entity_id":"Q662021","candidates":[]}],[{"start":0,"end":19,"url":null,"entity_id":"Q1299641","candidates":[]}],[],[{"start":0,"end":13,"url":null,"entity_id":"Q797476","candidates":[]}],[{"start":0,"end":15,"url":null,"entity_id":"Q663611","candidates":[]}]],[[{"start":0,"end":7,"url":null,"entity_id":"Q619811","candidates":[]}],[{"start":0,"end":19,"url":null,"entity_id":"Q1299641","candidates":[]}],[],[{"start":0,"end":13,"url":null,"entity_id":"Q797476","candidates":[]}],[{"start":0,"end":15,"url":null,"entity_id":"Q663611","candidates":[]}]],[[{"start":0,"end":8,"url":null,"entity_id":"Q747769","candidates":[]}],[{"start":0,"end":12,"url":null,"entity_id":"Q1187238","candidates":[]}],[],[{"start":0,"end":13,"url":null,"entity_id":"Q797476","candidates":[]}],[{"start":0,"end":15,"url":null,"entity_id":"Q663611","candidates":[]}]],[[{"start":0,"end":8,"url":null,"entity_id":"Q725849","candidates":[]}],[{"start":0,"end":12,"url":null,"entity_id":"Q1187238","candidates":[]}],[],[{"start":0,"end":13,"url":null,"entity_id":"Q797476","candidates":[]}],[{"start":0,"end":15,"url":null,"entity_id":"Q663611","candidates":[]}]],[[{"start":0,"end":8,"url":null,"entity_id":"Q682628","candidates":[]}],[{"start":0,"end":12,"url":null,"entity_id":"Q1187238","candidates":[]}],[],[{"start":0,"end":13,"url":null,"entity_id":"Q797476","candidates":[]}],[{"start":0,"end":15,"url":null,"entity_id":"Q663611","candidates":[]}]],[[{"start":0,"end":8,"url":null,"entity_id":"Q684467","candidates":[]}],[{"start":0,"end":9,"url":null,"entity_id":"Q719315","candidates":[]}],[],[{"start":0,"end":13,"url":null,"entity_id":"Q797476","candidates":[]}],[{"start":0,"end":15,"url":null,"entity_id":"Q663611","candidates":[]}]],[[{"start":0,"end":11,"url":null,"entity_id":"Q643774","candidates":[]}],[{"start":0,"end":7,"url":null,"entity_id":"Q660345","candidates":[]}],[],[{"start":0,"end":13,"url":null,"entity_id":"Q797476","candidates":[]}],[{"start":0,"end":15,"url":null,"entity_id":"Q663611","candidates":[]}]],[[{"start":0,"end":7,"url":null,"entity_id":"Q748593","candidates":[]}],[{"start":0,"end":19,"url":null,"entity_id":"Q1299641","candidates":[]}],[],[{"start":0,"end":34,"url":null,"entity_id":"Q557450","candidates":[]}],[{"start":0,"end":15,"url":null,"entity_id":"Q663611","candidates":[]}]]]}