{"version":"1.2","table":{"version":"2","table_id":"O9AJBGKB","columns":[{"index":0,"name":"col0","values":["Lo-fi Worldwide","Cas-quet Productions","Abridged Pause Recordings","Mortification Records","MLD Entertainment","Gondwana Records","Temple of Mystery Records","Deep Elements Music Records","Kopfnussmusik","MER Musikk","90Degrees Records","Productions Jacques Canetti","FCMG","Soulistic Music","Banlieue Sale","MASQ","Who's Who in Jazz","Rise Records","S. Carter Records","T-Neck"]},{"index":1,"name":"col1","values":["Pedro Fernando","Piero Cassano","Alexandre Julien","Alexandre Julien","Duble Sidekick","Matthew Halsall","Annick Giroux","DeepTouchSA","Reece","Gunnar Greve Pettersen","DeepTouchSA","Jacques Canetti","Pedro Fernando","Black Coffee","La Fouine","Hervé Bergerat","Lionel Hampton","Alex Gaudino","Jay-Z","The Isley Brothers"]},{"index":2,"name":"col2","values":["Angola","United States of America","Canada","Canada","South Korea","United Kingdom","Canada","South Africa","Germany","Norway","South Africa","France","Angola","South Africa","France","France","United States of America","Italy","United States of America","United States of America"]}]},"context":{"page_title":null,"page_url":null,"page_entity_id":null,"content_hierarchy":[]},"links":[[[{"start":0,"end":15,"url":null,"entity_id":"Q64706272","candidates":[]}],[{"start":0,"end":14,"url":null,"entity_id":"Q30201990","candidates":[]}],[{"start":0,"end":6,"url":null,"entity_id":"Q916","candidates":[]}]],[[{"start":0,"end":20,"url":null,"entity_id":"Q64226547","candidates":[]}],[{"start":0,"end":13,"url":null,"entity_id":"Q2695292","candidates":[]}],[{"start":0,"end":24,"url":null,"entity_id":"Q30","candidates":[]}]],[[{"start":0,"end":25,"url":null,"entity_id":"Q62111221","candidates":[]}],[{"start":0,"end":16,"url":null,"entity_id":"Q61249179","candidates":[]}],[{"start":0,"end":6,"url":null,"entity_id":"Q16","candidates":[]}]],[[{"start":0,"end":21,"url":null,"entity_id":"Q67151508","candidates":[]}],[{"start":0,"end":16,"url":null,"entity_id":"Q61249179","candidates":[]}],[{"start":0,"end":6,"url":null,"entity_id":"Q16","candidates":[]}]],[[{"start":0,"end":17,"url":null,"entity_id":"Q54485190","candidates":[]}],[{"start":0,"end":14,"url":null,"entity_id":"Q17503979","candidates":[]}],[{"start":0,"end":11,"url":null,"entity_id":"Q884","candidates":[]}]],[[{"start":0,"end":16,"url":null,"entity_id":"Q56248515","candidates":[]}],[{"start":0,"end":15,"url":null,"entity_id":"Q56332626","candidates":[]}],[{"start":0,"end":14,"url":null,"entity_id":"Q145","candidates":[]}]],[[{"start":0,"end":25,"url":null,"entity_id":"Q56558591","candidates":[]}],[{"start":0,"end":13,"url":null,"entity_id":"Q47113478","candidates":[]}],[{"start":0,"end":6,"url":null,"entity_id":"Q16","candidates":[]}]],[[{"start":0,"end":27,"url":null,"entity_id":"Q28286546","candidates":[]}],[{"start":0,"end":11,"url":null,"entity_id":"Q28180252","candidates":[]}],[{"start":0,"end":12,"url":null,"entity_id":"Q258","candidates":[]}]],[[{"start":0,"end":13,"url":null,"entity_id":"Q22674604","candidates":[]}],[{"start":0,"end":5,"url":null,"entity_id":"Q29415210","candidates":[]}],[{"start":0,"end":7,"url":null,"entity_id":"Q183","candidates":[]}]],[[{"start":0,"end":10,"url":null,"entity_id":"Q59157222","candidates":[]}],[{"start":0,"end":22,"url":null,"entity_id":"Q11973295","candidates":[]}],[{"start":0,"end":6,"url":null,"entity_id":"Q20","candidates":[]}]],[[{"start":0,"end":17,"url":null,"entity_id":"Q33198882","candidates":[]}],[{"start":0,"end":11,"url":null,"entity_id":"Q28180252","candidates":[]}],[{"start":0,"end":12,"url":null,"entity_id":"Q258","candidates":[]}]],[[{"start":0,"end":27,"url":null,"entity_id":"Q16671225","candidates":[]}],[{"start":0,"end":15,"url":null,"entity_id":"Q1677931","candidates":[]}],[{"start":0,"end":6,"url":null,"entity_id":"Q142","candidates":[]}]],[[{"start":0,"end":4,"url":null,"entity_id":"Q30431407","candidates":[]}],[{"start":0,"end":14,"url":null,"entity_id":"Q30201990","candidates":[]}],[{"start":0,"end":6,"url":null,"entity_id":"Q916","candidates":[]}]],[[{"start":0,"end":15,"url":null,"entity_id":"Q30037340","candidates":[]}],[{"start":0,"end":12,"url":null,"entity_id":"Q16215736","candidates":[]}],[{"start":0,"end":12,"url":null,"entity_id":"Q258","candidates":[]}]],[[{"start":0,"end":13,"url":null,"entity_id":"Q18089592","candidates":[]}],[{"start":0,"end":9,"url":null,"entity_id":"Q284995","candidates":[]}],[{"start":0,"end":6,"url":null,"entity_id":"Q142","candidates":[]}]],[[{"start":0,"end":4,"url":null,"entity_id":"Q15254007","candidates":[]}],[{"start":0,"end":14,"url":null,"entity_id":"Q8326068","candidates":[]}],[{"start":0,"end":6,"url":null,"entity_id":"Q142","candidates":[]}]],[[{"start":0,"end":17,"url":null,"entity_id":"Q7997076","candidates":[]}],[{"start":0,"end":14,"url":null,"entity_id":"Q313525","candidates":[]}],[{"start":0,"end":24,"url":null,"entity_id":"Q30","candidates":[]}]],[[{"start":0,"end":12,"url":null,"entity_id":"Q7335907","candidates":[]}],[{"start":0,"end":12,"url":null,"entity_id":"Q428406","candidates":[]}],[{"start":0,"end":5,"url":null,"entity_id":"Q38","candidates":[]}]],[[{"start":0,"end":17,"url":null,"entity_id":"Q7387407","candidates":[]}],[{"start":0,"end":5,"url":null,"entity_id":"Q62766","candidates":[]}],[{"start":0,"end":24,"url":null,"entity_id":"Q30","candidates":[]}]],[[{"start":0,"end":6,"url":null,"entity_id":"Q7667826","candidates":[]}],[{"start":0,"end":18,"url":null,"entity_id":"Q178134","candidates":[]}],[{"start":0,"end":24,"url":null,"entity_id":"Q30","candidates":[]}]]]}