{"version":"1.2","table":{"version":"2","table_id":"ODY5I9XV","columns":[{"index":0,"name":"col0","values":["Roman Catholic Diocese of Basse-Terre","Roman Catholic Diocese of Avezzano","Roman Catholic Diocese of Mondovì","Roman Catholic Diocese of Aveiro","Roman Catholic Diocese of Rio Grande","Roman Catholic Diocese of Bacabal","Roman Catholic Diocese of Sonsonate","Roman Catholic Diocese of Yakima","Roman Catholic Diocese of Rockhampton","Roman Catholic Diocese of Belize City-Belmopan","Roman Catholic Diocese of Alife-Caiazzo","Roman Catholic Diocese of Barreiras","Roman Catholic Diocese of New Ulm","Roman Catholic Diocese of Mantua","Roman Catholic Diocese of Versailles","Roman Catholic Diocese of Nashik","Roman Catholic Diocese of Agen","Roman Catholic Diocese of Città di Castello","Roman Catholic Diocese of Mohale's Hoek","Roman Catholic Diocese of Port-Louis","Roman Catholic Diocese of Jalapa","Roman Catholic Diocese of Pitigliano-Sovana-Orbetello","Roman Catholic Diocese of Piracicaba","Roman Catholic Diocese of Pinheiro","Roman Catholic Diocese of Plzeň","Roman Catholic Diocese of Pinar del Río","Roman Catholic Diocese of Pinerolo","Roman Catholic Diocese of Piacenza-Bobbio","Roman Catholic Diocese of Piedras Negras","Roman Catholic Diocese of Picos","Roman Catholic Diocese of Piazza Armerina","Roman Catholic Diocese of Phoenix","Roman Catholic Diocese of Petrópolis","Roman Catholic Diocese of Petrolina","Roman Catholic Diocese of Peterborough","Roman Catholic Diocese of Pesqueira","Roman Catholic Diocese of Pereira","Roman Catholic Diocese of Pensacola-Tallahassee","Roman Catholic Diocese of Penonomé","Roman Catholic Diocese of Penedo","Roman Catholic Diocese of Penang","Roman Catholic Diocese of Pelplin","Roman Catholic Diocese of Pavia","Roman Catholic Diocese of Pekhon","Roman Catholic Diocese of Pemba","Roman Catholic Diocese of Paulo Afonso","Roman Catholic Diocese of Patos de Minas","Roman Catholic Diocese of Patos","Roman Catholic Diocese of Pathein","Diocese of Pasig","Roman Catholic Diocese of Pasto","Roman Catholic Diocese of Parramatta"]},{"index":1,"name":"col1","values":["1780","1700","2190","1537","12270","16945","1225","46051","415000","22966","580","76054","25535","2080","2284.4","57532","5384","820","5799","1843","3985","2177","4663","21360","9236","13500","1440","3714","56608","23121","2003","113831","2880","16260","25900","10065","6126","36724","4947","8095","46855","13361","782","25890","82625","26803","35416","10874","25328","78","7190","4289"]},{"index":2,"name":"col2","values":["410000","119210","126233","312000","300000","520704","559000","600055","435100","361000","70800","407505","287700","376015","1394266","3046000","341700","64800","713000","1143069","481920","69000","1020000","486000","836500","873000","96000","337632","571102","398000","221779","4294124","849000","422100","456963","471000","1380000","1427000","267000","1011000","7063290","775000","192891","243714","2121000","414000","631000","408900","5221000","1639697","941450","1083489"]}]},"context":{"page_title":null,"page_url":null,"page_entity_id":null,"content_hierarchy":[]},"links":[[[{"start":0,"end":37,"url":null,"entity_id":"Q741396","candidates":[]}],[],[]],[[{"start":0,"end":34,"url":null,"entity_id":"Q741144","candidates":[]}],[],[]],[[{"start":0,"end":33,"url":null,"entity_id":"Q741059","candidates":[]}],[],[]],[[{"start":0,"end":32,"url":null,"entity_id":"Q740828","candidates":[]}],[],[]],[[{"start":0,"end":36,"url":null,"entity_id":"Q740053","candidates":[]}],[],[]],[[{"start":0,"end":33,"url":null,"entity_id":"Q739979","candidates":[]}],[],[]],[[{"start":0,"end":35,"url":null,"entity_id":"Q738981","candidates":[]}],[],[]],[[{"start":0,"end":32,"url":null,"entity_id":"Q738271","candidates":[]}],[],[]],[[{"start":0,"end":37,"url":null,"entity_id":"Q736984","candidates":[]}],[],[]],[[{"start":0,"end":46,"url":null,"entity_id":"Q736339","candidates":[]}],[],[]],[[{"start":0,"end":39,"url":null,"entity_id":"Q735439","candidates":[]}],[],[]],[[{"start":0,"end":35,"url":null,"entity_id":"Q734947","candidates":[]}],[],[]],[[{"start":0,"end":33,"url":null,"entity_id":"Q734749","candidates":[]}],[],[]],[[{"start":0,"end":32,"url":null,"entity_id":"Q733350","candidates":[]}],[],[]],[[{"start":0,"end":36,"url":null,"entity_id":"Q732669","candidates":[]}],[],[]],[[{"start":0,"end":32,"url":null,"entity_id":"Q729947","candidates":[]}],[],[]],[[{"start":0,"end":30,"url":null,"entity_id":"Q729839","candidates":[]}],[],[]],[[{"start":0,"end":43,"url":null,"entity_id":"Q729485","candidates":[]}],[],[]],[[{"start":0,"end":39,"url":null,"entity_id":"Q729215","candidates":[]}],[],[]],[[{"start":0,"end":36,"url":null,"entity_id":"Q728111","candidates":[]}],[],[]],[[{"start":0,"end":32,"url":null,"entity_id":"Q727167","candidates":[]}],[],[]],[[{"start":0,"end":53,"url":null,"entity_id":"Q874285","candidates":[]}],[],[]],[[{"start":0,"end":36,"url":null,"entity_id":"Q874269","candidates":[]}],[],[]],[[{"start":0,"end":34,"url":null,"entity_id":"Q874260","candidates":[]}],[],[]],[[{"start":0,"end":31,"url":null,"entity_id":"Q874237","candidates":[]}],[],[]],[[{"start":0,"end":39,"url":null,"entity_id":"Q874217","candidates":[]}],[],[]],[[{"start":0,"end":34,"url":null,"entity_id":"Q874214","candidates":[]}],[],[]],[[{"start":0,"end":41,"url":null,"entity_id":"Q874204","candidates":[]}],[],[]],[[{"start":0,"end":40,"url":null,"entity_id":"Q874178","candidates":[]}],[],[]],[[{"start":0,"end":31,"url":null,"entity_id":"Q874172","candidates":[]}],[],[]],[[{"start":0,"end":41,"url":null,"entity_id":"Q874169","candidates":[]}],[],[]],[[{"start":0,"end":33,"url":null,"entity_id":"Q874158","candidates":[]}],[],[]],[[{"start":0,"end":36,"url":null,"entity_id":"Q874140","candidates":[]}],[],[]],[[{"start":0,"end":35,"url":null,"entity_id":"Q874125","candidates":[]}],[],[]],[[{"start":0,"end":38,"url":null,"entity_id":"Q874124","candidates":[]}],[],[]],[[{"start":0,"end":35,"url":null,"entity_id":"Q874120","candidates":[]}],[],[]],[[{"start":0,"end":33,"url":null,"entity_id":"Q874104","candidates":[]}],[],[]],[[{"start":0,"end":47,"url":null,"entity_id":"Q874098","candidates":[]}],[],[]],[[{"start":0,"end":34,"url":null,"entity_id":"Q874081","candidates":[]}],[],[]],[[{"start":0,"end":32,"url":null,"entity_id":"Q874077","candidates":[]}],[],[]],[[{"start":0,"end":32,"url":null,"entity_id":"Q874066","candidates":[]}],[],[]],[[{"start":0,"end":33,"url":null,"entity_id":"Q874059","candidates":[]}],[],[]],[[{"start":0,"end":31,"url":null,"entity_id":"Q874044","candidates":[]}],[],[]],[[{"start":0,"end":32,"url":null,"entity_id":"Q874037","candidates":[]}],[],[]],[[{"start":0,"end":31,"url":null,"entity_id":"Q874028","candidates":[]}],[],[]],[[{"start":0,"end":38,"url":null,"entity_id":"Q874022","candidates":[]}],[],[]],[[{"start":0,"end":40,"url":null,"entity_id":"Q873998","candidates":[]}],[],[]],[[{"start":0,"end":31,"url":null,"entity_id":"Q873986","candidates":[]}],[],[]],[[{"start":0,"end":33,"url":null,"entity_id":"Q873983","candidates":[]}],[],[]],[[{"start":0,"end":16,"url":null,"entity_id":"Q873971","candidates":[]}],[],[]],[[{"start":0,"end":31,"url":null,"entity_id":"Q873961","candidates":[]}],[],[]],[[{"start":0,"end":36,"url":null,"entity_id":"Q873953","candidates":[]}],[],[]]]}