{"version":"1.2","table":{"version":"2","table_id":"OEK8XET8","columns":[{"index":0,"name":"col0","values":["Athletics at the 2010 Summer Youth Olympics – Girls' 403 metre hurdles","Athletics at the 2010 Summer Youth Olympics – Girlu' 100 metre hurdles","Athletics at the 2010 Summer Youth Olympics – Girls' 2000 metre steerlechase","Athleticsat the 2010 Summer Youth Olympics – Girls' 3000 metres","Athlhtics at the 2010 Summer Youth Olympics – Girls' 400 metres","Athletics at the 2010 Summer Youth Olympics – Gils' 200 metres","Athletics at the 2010 Summer Youth Olympics – Bos' javelin throw","Athleticv at the 2010 Summer Youth Olympics – Boys' hammer throw","Athletics bt the 2010 Summer Youth Olympics – Boys' discus throw","Athletics at the 2010 Summer Youth Olympics – Boys' trkple jump","Athletics at the 2010 Summet Youth Olympics – Boys' long jump","Athletics at the 2010 Summer Youth Olympics  Boys' pole vault","Athletics at the 2010 Summer Youth Olymsics – Boys' high jump","Athletics t the 2010 Summer Youth Olympics – Boys' 10 kilometre walk","Athletics at the 2010 Summer Youth Olympics ‖ Boys' 400 metre hurdles","Athletics at th 2010 Summer Youth Olympics – Boys' 110 metre hurdles","Athletics at the 2010 Summer Youth Oympics – Boys' 2000 metre steeplechase","Athletics at the 2010 Summer Youth Olympics – Boys' 3000 metrs","Athletics at the 2010!Summer Youth Olympics – Girls' 100 metres","Athletics at the 2010 Summer Youth lypics – Boys' 200 metres"]},{"index":1,"name":"col1","values":["Athletics at the 2014 Summer Youth Olympics – Girls' 400 metre hurdles","Athletics at the 2014 Summer Youth Olympics – Girls' 100 metre hurdles","Athletics at the 2014 Summer Youth Olympics – Girls' 2000 metre steeplechase","Athletics at the 2014 Summer Youth Olympics – Girls' 3000 metres","Athletics at the 2014 Summer Youth Olympics – Girls' 400 metres","Athletics at the 2014 Summer Youth Olympics – Girls' 200 metres","Athletics at the 2014 Summer Youth Olympics – Boys' javelin throw","Athletics at the 2014 Summer Youth Olympics – Boys' hammer throw","Athletics at the 2014 Summer Youth Olympics – Boys' discus throw","Athletics at the 2014 Summer Youth Olympics – Boys' triple jump","Athletics at the 2014 Summer Youth Olympics – Boys' long jump","Athletics at the 2014 Summer Youth Olympics – Boys' pole vault","Athletics at the 2014 Summer Youth Olympics – Boys' high jump","Athletics at the 2014 Summer Youth Olympics – Boys' 10 kilometre walk","Athletics at the 2014 Summer Youth Olympics – Boys' 400 metre hurdles","Athletics at the 2014 Summer Youth Olympics – Boys' 110 metre hurdles","Athletics at the 2014 Summer Youth Olympics – Boys' 2000 metre steeplechase","Athletics at the 2014 Summer Youth Olympics – Boys' 3000 metres","Athletics at the 2014 Summer Youth Olympics – Girls' 100 metres","Athletics at the 2014 Summer Youth Olympics – Boys' 200 metres"]},{"index":2,"name":"col2","values":["Athletics at the 2010 Summer Youth Olympics","Athletics at the 2010 Summer Youth Olympics","Athletics at the 2010 Summer Youth Olympics","Athletics at the 2010 Summer Youth Olympics","Athletics at the 2010 Summer Youth Olympics","Athletics at the 2010 Summer Youth Olympics","Athletics at the 2010 Summer Youth Olympics","Athletics at the 2010 Summer Youth Olympics","Athletics at the 2010 Summer Youth Olympics","Athletics at the 2010 Summer Youth Olympics","Athletics at the 2010 Summer Youth Olympics","Athletics at the 2010 Summer Youth Olympics","Athletics at the 2010 Summer Youth Olympics","Athletics at the 2010 Summer Youth Olympics","Athletics at the 2010 Summer Youth Olympics","Athletics at the 2010 Summer Youth Olympics","Athletics at the 2010 Summer Youth Olympics","Athletics at the 2010 Summer Youth Olympics","Athletics at the 2010 Summer Youth Olympics","Athletics at the 2010 Summer Youth Olympics"]},{"index":3,"name":"col3","values":["2010/01/01","2010/01/01","2010/01/01","2010/01/01","2010/01/01","2010/01/01","2010/01/01","2010/01/01","2010/01/01","2010/01/01","2010/01/01","2010/01/01","2010/01/01","2010/01/01","2010/01/01","2010/01/01","2010/01/01","2010/01/01","2010/01/01","2010/01/01"]}]},"context":{"page_title":null,"page_url":null,"page_entity_id":null,"content_hierarchy":[]},"links":[[[{"start":0,"end":70,"url":null,"entity_id":"Q4815263","candidates":[]}],[{"start":0,"end":70,"url":null,"entity_id":"Q28224161","candidates":[]}],[{"start":0,"end":43,"url":null,"entity_id":"Q371751","candidates":[]}],[]],[[{"start":0,"end":70,"url":null,"entity_id":"Q4815258","candidates":[]}],[{"start":0,"end":70,"url":null,"entity_id":"Q28224158","candidates":[]}],[{"start":0,"end":43,"url":null,"entity_id":"Q371751","candidates":[]}],[]],[[{"start":0,"end":76,"url":null,"entity_id":"Q4815259","candidates":[]}],[{"start":0,"end":76,"url":null,"entity_id":"Q28224153","candidates":[]}],[{"start":0,"end":43,"url":null,"entity_id":"Q371751","candidates":[]}],[]],[[{"start":0,"end":63,"url":null,"entity_id":"Q4815261","candidates":[]}],[{"start":0,"end":64,"url":null,"entity_id":"Q28224151","candidates":[]}],[{"start":0,"end":43,"url":null,"entity_id":"Q371751","candidates":[]}],[]],[[{"start":0,"end":63,"url":null,"entity_id":"Q4815265","candidates":[]}],[{"start":0,"end":63,"url":null,"entity_id":"Q28224142","candidates":[]}],[{"start":0,"end":43,"url":null,"entity_id":"Q371751","candidates":[]}],[]],[[{"start":0,"end":62,"url":null,"entity_id":"Q4815260","candidates":[]}],[{"start":0,"end":63,"url":null,"entity_id":"Q28224138","candidates":[]}],[{"start":0,"end":43,"url":null,"entity_id":"Q371751","candidates":[]}],[]],[[{"start":0,"end":64,"url":null,"entity_id":"Q4815250","candidates":[]}],[{"start":0,"end":65,"url":null,"entity_id":"Q28224058","candidates":[]}],[{"start":0,"end":43,"url":null,"entity_id":"Q371751","candidates":[]}],[]],[[{"start":0,"end":64,"url":null,"entity_id":"Q4815247","candidates":[]}],[{"start":0,"end":64,"url":null,"entity_id":"Q28224056","candidates":[]}],[{"start":0,"end":43,"url":null,"entity_id":"Q371751","candidates":[]}],[]],[[{"start":0,"end":64,"url":null,"entity_id":"Q4815246","candidates":[]}],[{"start":0,"end":64,"url":null,"entity_id":"Q28224054","candidates":[]}],[{"start":0,"end":43,"url":null,"entity_id":"Q371751","candidates":[]}],[]],[[{"start":0,"end":63,"url":null,"entity_id":"Q4815255","candidates":[]}],[{"start":0,"end":63,"url":null,"entity_id":"Q28224049","candidates":[]}],[{"start":0,"end":43,"url":null,"entity_id":"Q371751","candidates":[]}],[]],[[{"start":0,"end":61,"url":null,"entity_id":"Q4815251","candidates":[]}],[{"start":0,"end":61,"url":null,"entity_id":"Q28224047","candidates":[]}],[{"start":0,"end":43,"url":null,"entity_id":"Q371751","candidates":[]}],[]],[[{"start":0,"end":61,"url":null,"entity_id":"Q4815253","candidates":[]}],[{"start":0,"end":62,"url":null,"entity_id":"Q28224045","candidates":[]}],[{"start":0,"end":43,"url":null,"entity_id":"Q371751","candidates":[]}],[]],[[{"start":0,"end":61,"url":null,"entity_id":"Q4815249","candidates":[]}],[{"start":0,"end":61,"url":null,"entity_id":"Q28224043","candidates":[]}],[{"start":0,"end":43,"url":null,"entity_id":"Q371751","candidates":[]}],[]],[[{"start":0,"end":68,"url":null,"entity_id":"Q4815239","candidates":[]}],[{"start":0,"end":69,"url":null,"entity_id":"Q28224029","candidates":[]}],[{"start":0,"end":43,"url":null,"entity_id":"Q371751","candidates":[]}],[]],[[{"start":0,"end":69,"url":null,"entity_id":"Q4815245","candidates":[]}],[{"start":0,"end":69,"url":null,"entity_id":"Q28224027","candidates":[]}],[{"start":0,"end":43,"url":null,"entity_id":"Q371751","candidates":[]}],[]],[[{"start":0,"end":68,"url":null,"entity_id":"Q4815240","candidates":[]}],[{"start":0,"end":69,"url":null,"entity_id":"Q28224025","candidates":[]}],[{"start":0,"end":43,"url":null,"entity_id":"Q371751","candidates":[]}],[]],[[{"start":0,"end":74,"url":null,"entity_id":"Q4815242","candidates":[]}],[{"start":0,"end":75,"url":null,"entity_id":"Q28224023","candidates":[]}],[{"start":0,"end":43,"url":null,"entity_id":"Q371751","candidates":[]}],[]],[[{"start":0,"end":62,"url":null,"entity_id":"Q4815244","candidates":[]}],[{"start":0,"end":63,"url":null,"entity_id":"Q28224020","candidates":[]}],[{"start":0,"end":43,"url":null,"entity_id":"Q371751","candidates":[]}],[]],[[{"start":0,"end":63,"url":null,"entity_id":"Q4815257","candidates":[]}],[{"start":0,"end":63,"url":null,"entity_id":"Q28224014","candidates":[]}],[{"start":0,"end":43,"url":null,"entity_id":"Q371751","candidates":[]}],[]],[[{"start":0,"end":60,"url":null,"entity_id":"Q4815243","candidates":[]}],[{"start":0,"end":62,"url":null,"entity_id":"Q18238177","candidates":[]}],[{"start":0,"end":43,"url":null,"entity_id":"Q371751","candidates":[]}],[]]]}