{"version":"1.2","table":{"version":"2","table_id":"OENF55GQ","columns":[{"index":0,"name":"col0","values":["Maserati","Lexus","Bentley","SEAT","Toyota","Datsun","Hummer","Tata Motors","Hanomag","Ford Motor Company","GMC","Suzuki","Mazda","Isuzu Motors","Daihatsu","De Soto","Wartburg","Hyundai Motor Company","Kia Motors","Holden"]},{"index":1,"name":"col1","values":["1914-01-01","1989-01-01","1919-01-18","1950-05-09","1937-08-28","1933-12-26","1992-01-01","1945-01-01","1871-03-10","1903-06-16","1911-07-22","1909-02-10","1920-01-01","1893-01-01","1907-03-01","1928-01-01","1956-01-01","1967-01-01","1944-12-21","1856-01-01"]},{"index":2,"name":"col2","values":["Italy","Japan","United Kingdom","Spain","Japan","Japan","United States of America","India","Germany","United States of America","United States of America","Japan","Japan","Japan","Japan","United States of America","German Democratic Republic","South Korea","South Korea","Australia"]},{"index":3,"name":"col3","values":["luxury vehicle","luxury vehicle","passenger car","passenger car","passenger car","passenger car","sport utility vehicle","truck","truck","truck","truck","truck","truck","truck","truck","vehicle","car","car","car","car"]}]},"context":{"page_title":null,"page_url":null,"page_entity_id":null,"content_hierarchy":[]},"links":[[[{"start":0,"end":8,"url":null,"entity_id":"Q35962","candidates":[]}],[],[{"start":0,"end":5,"url":null,"entity_id":"Q38","candidates":[]}],[{"start":0,"end":14,"url":null,"entity_id":"Q5581707","candidates":[]}]],[[{"start":0,"end":5,"url":null,"entity_id":"Q35919","candidates":[]}],[],[{"start":0,"end":5,"url":null,"entity_id":"Q17","candidates":[]}],[{"start":0,"end":14,"url":null,"entity_id":"Q5581707","candidates":[]}]],[[{"start":0,"end":7,"url":null,"entity_id":"Q27224","candidates":[]}],[],[{"start":0,"end":14,"url":null,"entity_id":"Q145","candidates":[]}],[{"start":0,"end":13,"url":null,"entity_id":"Q1144312","candidates":[]}]],[[{"start":0,"end":4,"url":null,"entity_id":"Q188217","candidates":[]}],[],[{"start":0,"end":5,"url":null,"entity_id":"Q29","candidates":[]}],[{"start":0,"end":13,"url":null,"entity_id":"Q1144312","candidates":[]}]],[[{"start":0,"end":6,"url":null,"entity_id":"Q53268","candidates":[]}],[],[{"start":0,"end":5,"url":null,"entity_id":"Q17","candidates":[]}],[{"start":0,"end":13,"url":null,"entity_id":"Q1144312","candidates":[]}]],[[{"start":0,"end":6,"url":null,"entity_id":"Q27543","candidates":[]}],[],[{"start":0,"end":5,"url":null,"entity_id":"Q17","candidates":[]}],[{"start":0,"end":13,"url":null,"entity_id":"Q1144312","candidates":[]}]],[[{"start":0,"end":6,"url":null,"entity_id":"Q213487","candidates":[]}],[],[{"start":0,"end":24,"url":null,"entity_id":"Q30","candidates":[]}],[{"start":0,"end":21,"url":null,"entity_id":"Q192152","candidates":[]}]],[[{"start":0,"end":11,"url":null,"entity_id":"Q188514","candidates":[]}],[],[{"start":0,"end":5,"url":null,"entity_id":"Q668","candidates":[]}],[{"start":0,"end":5,"url":null,"entity_id":"Q43193","candidates":[]}]],[[{"start":0,"end":7,"url":null,"entity_id":"Q29041","candidates":[]}],[],[{"start":0,"end":7,"url":null,"entity_id":"Q183","candidates":[]}],[{"start":0,"end":5,"url":null,"entity_id":"Q43193","candidates":[]}]],[[{"start":0,"end":18,"url":null,"entity_id":"Q44294","candidates":[]}],[],[{"start":0,"end":24,"url":null,"entity_id":"Q30","candidates":[]}],[{"start":0,"end":5,"url":null,"entity_id":"Q43193","candidates":[]}]],[[{"start":0,"end":3,"url":null,"entity_id":"Q28993","candidates":[]}],[],[{"start":0,"end":24,"url":null,"entity_id":"Q30","candidates":[]}],[{"start":0,"end":5,"url":null,"entity_id":"Q43193","candidates":[]}]],[[{"start":0,"end":6,"url":null,"entity_id":"Q181642","candidates":[]}],[],[{"start":0,"end":5,"url":null,"entity_id":"Q17","candidates":[]}],[{"start":0,"end":5,"url":null,"entity_id":"Q43193","candidates":[]}]],[[{"start":0,"end":5,"url":null,"entity_id":"Q35996","candidates":[]}],[],[{"start":0,"end":5,"url":null,"entity_id":"Q17","candidates":[]}],[{"start":0,"end":5,"url":null,"entity_id":"Q43193","candidates":[]}]],[[{"start":0,"end":12,"url":null,"entity_id":"Q29803","candidates":[]}],[],[{"start":0,"end":5,"url":null,"entity_id":"Q17","candidates":[]}],[{"start":0,"end":5,"url":null,"entity_id":"Q43193","candidates":[]}]],[[{"start":0,"end":8,"url":null,"entity_id":"Q27511","candidates":[]}],[],[{"start":0,"end":5,"url":null,"entity_id":"Q17","candidates":[]}],[{"start":0,"end":5,"url":null,"entity_id":"Q43193","candidates":[]}]],[[{"start":0,"end":7,"url":null,"entity_id":"Q27558","candidates":[]}],[],[{"start":0,"end":24,"url":null,"entity_id":"Q30","candidates":[]}],[{"start":0,"end":7,"url":null,"entity_id":"Q42889","candidates":[]}]],[[{"start":0,"end":8,"url":null,"entity_id":"Q59181","candidates":[]}],[],[{"start":0,"end":26,"url":null,"entity_id":"Q16957","candidates":[]}],[{"start":0,"end":3,"url":null,"entity_id":"Q1420","candidates":[]}]],[[{"start":0,"end":21,"url":null,"entity_id":"Q55931","candidates":[]}],[],[{"start":0,"end":11,"url":null,"entity_id":"Q884","candidates":[]}],[{"start":0,"end":3,"url":null,"entity_id":"Q1420","candidates":[]}]],[[{"start":0,"end":10,"url":null,"entity_id":"Q35349","candidates":[]}],[],[{"start":0,"end":11,"url":null,"entity_id":"Q884","candidates":[]}],[{"start":0,"end":3,"url":null,"entity_id":"Q1420","candidates":[]}]],[[{"start":0,"end":6,"url":null,"entity_id":"Q29281","candidates":[]}],[],[{"start":0,"end":9,"url":null,"entity_id":"Q408","candidates":[]}],[{"start":0,"end":3,"url":null,"entity_id":"Q1420","candidates":[]}]]]}