{"version":"1.2","table":{"version":"2","table_id":"OF3KSOXI","columns":[{"index":0,"name":"col0","values":["2017–18 Cypriot Second Division","2018–19 Cypriot Second Division","1990–91 Cypriot First Division","2014–15 Ekstraklasa","2012–13 Ekstraklasa","1992–93 Cypriot First Division","2008–09 Cypriot First Division","1970–71 Cypriot First Division","1984–85 Cypriot First Division","2016–17 Botola","2016-17 Croatian First Football League","2001–02 Cypriot First Division","2011–12 Cypriot First Division","1995–96 Cypriot First Division","1991–92 Cypriot First Division","2015–16 Ekstraklasa","1967–68 Fußball-Bundesliga","1999–2000 Fußball-Bundesliga","1988–89 Fußball-Bundesliga","1998–99 Fußball-Bundesliga","1990–91 Fußball-Bundesliga","2016-17 Ekstraklasa","2018-19 Ekstraklasa","1997–98 Cypriot First Division","1965–66 Fußball-Bundesliga","1999–2000 Cypriot First Division","2000–01 Cypriot First Division","1998–99 Cypriot First Division","2006–07 Cypriot First Division","1970–71 Fußball-Bundesliga","1964–65 Fußball-Bundesliga","1973–74 Cypriot First Division","1971–72 Cypriot First Division","1981–82 Cypriot First Division","1979–80 Cypriot First Division","1976–77 Cypriot First Division","1978–79 Cypriot First Division","2018–19 Cypriot First Division","1980–81 Cypriot First Division","2005–06 Cypriot First Division","2004–05 Cypriot First Division","2007–08 Cypriot First Division","1994–95 Fußball-Bundesliga","2004–05 Fußball-Bundesliga","2006–07 Israeli Basketball Super League","2017–18 Botola","2003–04 Cypriot First Division"]},{"index":1,"name":"col1","values":["Georgios Kolokoudias","Diogo Ramos","Panayiotis Xiourouppas","Kamil Wilczek","Róbert Demjan","Slađan Šćepović","Sérgio Luis Gardino da Silva","Andreas Stylianou","Giorgos Savvidis","William Jebor","Márkó Futács","Wojciech Kowalczyk","Freddy","József Kiprich","József Dzurják","Nemanja Nikolić","Hannes Löhr","Martin Max","Roland Wohlfarth","Michael Preetz","Roland Wohlfarth","Marco Paixão","Igor Angulo","Rainer Rauffmann","Lothar Emmerich","Rainer Rauffmann","Rainer Rauffmann","Rainer Rauffmann","Esteban Solari","Lothar Kobluhn","Rudolf Brunnenmeier","Sotiris Kaiafas","Sotiris Kaiafas","Sotiris Kaiafas","Sotiris Kaiafas","Sotiris Kaiafas","Sotiris Kaiafas","Adam Nemec","Sotiris Kaiafas","Łukasz Sosin","Łukasz Sosin","Łukasz Sosin","Mario Basler","Marek Mintál","Lee Nailon","Mouhcine Iajour","Jozef Kožlej"]},{"index":2,"name":"col2","values":["Ethnikos Assia F.C.","MEAP Nisou","APEP F.C.","Zawisza Bydgoszcz","GKS Bełchatów","Aris Limassol F.C.","AEK Larnaca F.C.","ASIL Lysi","Omonia Aradippou","KAC Kénitra","RNK Split","Ermis Aradippou FC","Aris Limassol F.C.","AEL Limassol FC","Alki Larnaca F.C.","Górnik Zabrze","Karlsruher SC","Arminia Bielefeld","Hannover 96","1. FC Nürnberg","FC St. Pauli","Ruch Chorzów","Zagłębie Sosnowiec","Ethnikos Assia F.C.","SC Tasmania 1900 Berlin","Alki Larnaca F.C.","Aris Limassol F.C.","Aris Limassol F.C.","AEP Paphos F.C.","Rot-Weiss Essen","Hertha BSC","APOP Paphos FC","APOP Paphos FC","Evagoras Paphos","Evagoras Paphos","ASIL Lysi","Nea Salamis Famagusta FC","Ermis Aradippou FC","Aris Limassol F.C.","APOP Kinyras FC","AEP Paphos F.C.","Olympiakos Nicosia FC","VfL Bochum","VfL Bochum","Elitzur Givat Shmuel","Racing de Casablanca","Doxa Katokopias F.C."]}]},"context":{"page_title":null,"page_url":null,"page_entity_id":null,"content_hierarchy":[]},"links":[[[{"start":0,"end":31,"url":null,"entity_id":"Q30064375","candidates":[]}],[{"start":0,"end":20,"url":null,"entity_id":"Q5548381","candidates":[]}],[{"start":0,"end":19,"url":null,"entity_id":"Q2091861","candidates":[]}]],[[{"start":0,"end":31,"url":null,"entity_id":"Q52124857","candidates":[]}],[{"start":0,"end":11,"url":null,"entity_id":"Q5279216","candidates":[]}],[{"start":0,"end":10,"url":null,"entity_id":"Q2069980","candidates":[]}]],[[{"start":0,"end":30,"url":null,"entity_id":"Q2697885","candidates":[]}],[{"start":0,"end":22,"url":null,"entity_id":"Q7130157","candidates":[]}],[{"start":0,"end":9,"url":null,"entity_id":"Q433237","candidates":[]}]],[[{"start":0,"end":19,"url":null,"entity_id":"Q16543222","candidates":[]}],[{"start":0,"end":13,"url":null,"entity_id":"Q6358010","candidates":[]}],[{"start":0,"end":17,"url":null,"entity_id":"Q167781","candidates":[]}]],[[{"start":0,"end":19,"url":null,"entity_id":"Q1068017","candidates":[]}],[{"start":0,"end":13,"url":null,"entity_id":"Q7386474","candidates":[]}],[{"start":0,"end":13,"url":null,"entity_id":"Q753580","candidates":[]}]],[[{"start":0,"end":30,"url":null,"entity_id":"Q2697940","candidates":[]}],[{"start":0,"end":15,"url":null,"entity_id":"Q7539568","candidates":[]}],[{"start":0,"end":18,"url":null,"entity_id":"Q367788","candidates":[]}]],[[{"start":0,"end":30,"url":null,"entity_id":"Q2705112","candidates":[]}],[{"start":0,"end":28,"url":null,"entity_id":"Q7666079","candidates":[]}],[{"start":0,"end":16,"url":null,"entity_id":"Q291447","candidates":[]}]],[[{"start":0,"end":30,"url":null,"entity_id":"Q980671","candidates":[]}],[{"start":0,"end":17,"url":null,"entity_id":"Q3616183","candidates":[]}],[{"start":0,"end":9,"url":null,"entity_id":"Q2697893","candidates":[]}]],[[{"start":0,"end":30,"url":null,"entity_id":"Q2697864","candidates":[]}],[{"start":0,"end":16,"url":null,"entity_id":"Q3563317","candidates":[]}],[{"start":0,"end":16,"url":null,"entity_id":"Q2569908","candidates":[]}]],[[{"start":0,"end":14,"url":null,"entity_id":"Q25453669","candidates":[]}],[{"start":0,"end":13,"url":null,"entity_id":"Q16211577","candidates":[]}],[{"start":0,"end":11,"url":null,"entity_id":"Q1503364","candidates":[]}]],[[{"start":0,"end":38,"url":null,"entity_id":"Q23992038","candidates":[]}],[{"start":0,"end":12,"url":null,"entity_id":"Q1004428","candidates":[]}],[{"start":0,"end":9,"url":null,"entity_id":"Q1255000","candidates":[]}]],[[{"start":0,"end":30,"url":null,"entity_id":"Q2698273","candidates":[]}],[{"start":0,"end":18,"url":null,"entity_id":"Q939343","candidates":[]}],[{"start":0,"end":18,"url":null,"entity_id":"Q378890","candidates":[]}]],[[{"start":0,"end":30,"url":null,"entity_id":"Q1782589","candidates":[]}],[{"start":0,"end":6,"url":null,"entity_id":"Q978689","candidates":[]}],[{"start":0,"end":18,"url":null,"entity_id":"Q367788","candidates":[]}]],[[{"start":0,"end":30,"url":null,"entity_id":"Q2698226","candidates":[]}],[{"start":0,"end":14,"url":null,"entity_id":"Q1071728","candidates":[]}],[{"start":0,"end":15,"url":null,"entity_id":"Q291471","candidates":[]}]],[[{"start":0,"end":30,"url":null,"entity_id":"Q2697856","candidates":[]}],[{"start":0,"end":14,"url":null,"entity_id":"Q664405","candidates":[]}],[{"start":0,"end":17,"url":null,"entity_id":"Q658131","candidates":[]}]],[[{"start":0,"end":19,"url":null,"entity_id":"Q20034958","candidates":[]}],[{"start":0,"end":15,"url":null,"entity_id":"Q842219","candidates":[]}],[{"start":0,"end":13,"url":null,"entity_id":"Q134255","candidates":[]}]],[[{"start":0,"end":26,"url":null,"entity_id":"Q819042","candidates":[]}],[{"start":0,"end":11,"url":null,"entity_id":"Q702406","candidates":[]}],[{"start":0,"end":13,"url":null,"entity_id":"Q105853","candidates":[]}]],[[{"start":0,"end":28,"url":null,"entity_id":"Q384900","candidates":[]}],[{"start":0,"end":10,"url":null,"entity_id":"Q703757","candidates":[]}],[{"start":0,"end":17,"url":null,"entity_id":"Q105844","candidates":[]}]],[[{"start":0,"end":26,"url":null,"entity_id":"Q700454","candidates":[]}],[{"start":0,"end":16,"url":null,"entity_id":"Q683030","candidates":[]}],[{"start":0,"end":11,"url":null,"entity_id":"Q33748","candidates":[]}]],[[{"start":0,"end":26,"url":null,"entity_id":"Q695361","candidates":[]}],[{"start":0,"end":14,"url":null,"entity_id":"Q644091","candidates":[]}],[{"start":0,"end":14,"url":null,"entity_id":"Q15786","candidates":[]}]],[[{"start":0,"end":26,"url":null,"entity_id":"Q570480","candidates":[]}],[{"start":0,"end":16,"url":null,"entity_id":"Q683030","candidates":[]}],[{"start":0,"end":12,"url":null,"entity_id":"Q6463","candidates":[]}]],[[{"start":0,"end":19,"url":null,"entity_id":"Q24054572","candidates":[]}],[{"start":0,"end":12,"url":null,"entity_id":"Q3294578","candidates":[]}],[{"start":0,"end":12,"url":null,"entity_id":"Q301726","candidates":[]}]],[[{"start":0,"end":19,"url":null,"entity_id":"Q54112739","candidates":[]}],[{"start":0,"end":11,"url":null,"entity_id":"Q3148260","candidates":[]}],[{"start":0,"end":18,"url":null,"entity_id":"Q140487","candidates":[]}]],[[{"start":0,"end":30,"url":null,"entity_id":"Q2705118","candidates":[]}],[{"start":0,"end":16,"url":null,"entity_id":"Q466385","candidates":[]}],[{"start":0,"end":19,"url":null,"entity_id":"Q2091861","candidates":[]}]],[[{"start":0,"end":26,"url":null,"entity_id":"Q704077","candidates":[]}],[{"start":0,"end":15,"url":null,"entity_id":"Q498257","candidates":[]}],[{"start":0,"end":23,"url":null,"entity_id":"Q819332","candidates":[]}]],[[{"start":0,"end":32,"url":null,"entity_id":"Q2698220","candidates":[]}],[{"start":0,"end":16,"url":null,"entity_id":"Q466385","candidates":[]}],[{"start":0,"end":17,"url":null,"entity_id":"Q658131","candidates":[]}]],[[{"start":0,"end":30,"url":null,"entity_id":"Q2698250","candidates":[]}],[{"start":0,"end":16,"url":null,"entity_id":"Q466385","candidates":[]}],[{"start":0,"end":18,"url":null,"entity_id":"Q367788","candidates":[]}]],[[{"start":0,"end":30,"url":null,"entity_id":"Q2698249","candidates":[]}],[{"start":0,"end":16,"url":null,"entity_id":"Q466385","candidates":[]}],[{"start":0,"end":18,"url":null,"entity_id":"Q367788","candidates":[]}]],[[{"start":0,"end":30,"url":null,"entity_id":"Q2698238","candidates":[]}],[{"start":0,"end":14,"url":null,"entity_id":"Q455540","candidates":[]}],[{"start":0,"end":15,"url":null,"entity_id":"Q291559","candidates":[]}]],[[{"start":0,"end":26,"url":null,"entity_id":"Q705491","candidates":[]}],[{"start":0,"end":14,"url":null,"entity_id":"Q450869","candidates":[]}],[{"start":0,"end":15,"url":null,"entity_id":"Q155218","candidates":[]}]],[[{"start":0,"end":26,"url":null,"entity_id":"Q704091","candidates":[]}],[{"start":0,"end":19,"url":null,"entity_id":"Q485817","candidates":[]}],[{"start":0,"end":10,"url":null,"entity_id":"Q102720","candidates":[]}]],[[{"start":0,"end":30,"url":null,"entity_id":"Q2736753","candidates":[]}],[{"start":0,"end":15,"url":null,"entity_id":"Q351862","candidates":[]}],[{"start":0,"end":14,"url":null,"entity_id":"Q3628068","candidates":[]}]],[[{"start":0,"end":30,"url":null,"entity_id":"Q2637917","candidates":[]}],[{"start":0,"end":15,"url":null,"entity_id":"Q351862","candidates":[]}],[{"start":0,"end":14,"url":null,"entity_id":"Q3628068","candidates":[]}]],[[{"start":0,"end":30,"url":null,"entity_id":"Q2697596","candidates":[]}],[{"start":0,"end":15,"url":null,"entity_id":"Q351862","candidates":[]}],[{"start":0,"end":15,"url":null,"entity_id":"Q3562383","candidates":[]}]],[[{"start":0,"end":30,"url":null,"entity_id":"Q738126","candidates":[]}],[{"start":0,"end":15,"url":null,"entity_id":"Q351862","candidates":[]}],[{"start":0,"end":15,"url":null,"entity_id":"Q3562383","candidates":[]}]],[[{"start":0,"end":30,"url":null,"entity_id":"Q577945","candidates":[]}],[{"start":0,"end":15,"url":null,"entity_id":"Q351862","candidates":[]}],[{"start":0,"end":9,"url":null,"entity_id":"Q2697893","candidates":[]}]],[[{"start":0,"end":30,"url":null,"entity_id":"Q2697320","candidates":[]}],[{"start":0,"end":15,"url":null,"entity_id":"Q351862","candidates":[]}],[{"start":0,"end":24,"url":null,"entity_id":"Q714581","candidates":[]}]],[[{"start":0,"end":30,"url":null,"entity_id":"Q52151351","candidates":[]}],[{"start":0,"end":10,"url":null,"entity_id":"Q350516","candidates":[]}],[{"start":0,"end":18,"url":null,"entity_id":"Q378890","candidates":[]}]],[[{"start":0,"end":30,"url":null,"entity_id":"Q604313","candidates":[]}],[{"start":0,"end":15,"url":null,"entity_id":"Q351862","candidates":[]}],[{"start":0,"end":18,"url":null,"entity_id":"Q367788","candidates":[]}]],[[{"start":0,"end":30,"url":null,"entity_id":"Q2698207","candidates":[]}],[{"start":0,"end":12,"url":null,"entity_id":"Q360219","candidates":[]}],[{"start":0,"end":15,"url":null,"entity_id":"Q296228","candidates":[]}]],[[{"start":0,"end":30,"url":null,"entity_id":"Q2698214","candidates":[]}],[{"start":0,"end":12,"url":null,"entity_id":"Q360219","candidates":[]}],[{"start":0,"end":15,"url":null,"entity_id":"Q291559","candidates":[]}]],[[{"start":0,"end":30,"url":null,"entity_id":"Q738504","candidates":[]}],[{"start":0,"end":12,"url":null,"entity_id":"Q360219","candidates":[]}],[{"start":0,"end":21,"url":null,"entity_id":"Q280814","candidates":[]}]],[[{"start":0,"end":26,"url":null,"entity_id":"Q695357","candidates":[]}],[{"start":0,"end":12,"url":null,"entity_id":"Q366109","candidates":[]}],[{"start":0,"end":10,"url":null,"entity_id":"Q105861","candidates":[]}]],[[{"start":0,"end":26,"url":null,"entity_id":"Q319987","candidates":[]}],[{"start":0,"end":12,"url":null,"entity_id":"Q354774","candidates":[]}],[{"start":0,"end":10,"url":null,"entity_id":"Q105861","candidates":[]}]],[[{"start":0,"end":39,"url":null,"entity_id":"Q4607493","candidates":[]}],[{"start":0,"end":10,"url":null,"entity_id":"Q2309134","candidates":[]}],[{"start":0,"end":20,"url":null,"entity_id":"Q30526919","candidates":[]}]],[[{"start":0,"end":14,"url":null,"entity_id":"Q30134560","candidates":[]}],[{"start":0,"end":15,"url":null,"entity_id":"Q2398894","candidates":[]}],[{"start":0,"end":20,"url":null,"entity_id":"Q1906329","candidates":[]}]],[[{"start":0,"end":30,"url":null,"entity_id":"Q371732","candidates":[]}],[{"start":0,"end":12,"url":null,"entity_id":"Q2449620","candidates":[]}],[{"start":0,"end":20,"url":null,"entity_id":"Q1253472","candidates":[]}]]]}