{"version":"1.2","table":{"version":"2","table_id":"OG4YE8C0","columns":[{"index":0,"name":"col0","values":["Rumours","70's","The Piper at the Gates of Dawn","The Piper at the Gates of Dawn","Watch Dog","Parsley, Sage, Rosemary and Thyme","Parsley, Sage, Rosemary and Thyme","Surprise","Guy Fletcher","Christmas Wishes","Dirty Deeds Done Dirt Cheap","Smash Hits","Smash Hits","High Voltage","Their Satanic Majesties Request","Let It Bleed","British Steel","British Steel","Rogues Gallery","Just a Game"]},{"index":1,"name":"col1","values":["33 RPM 12\" vinyl","33 RPM 12\" vinyl","33 RPM 12\" vinyl","33 RPM 12\" vinyl","33 RPM 12\" vinyl","33 RPM 12\" vinyl","33 RPM 12\" vinyl","33 RPM 12\" vinyl","33 RPM 12\" vinyl","33 RPM 12\" vinyl","33 RPM 12\" vinyl","33 RPM 12\" vinyl","33 RPM 12\" vinyl","33 RPM 12\" vinyl","33 RPM 12\" vinyl","33 RPM 12\" vinyl","33 RPM 12\" vinyl","33 RPM 12\" vinyl","33 RPM 12\" vinyl","33 RPM 12\" vinyl"]},{"index":2,"name":"col2","values":["Rumours","70's","The Piper at the Gates of Dawn","The Piper At The Gates Of Dawn","Watch Dog","Parsley, Sage, Rosemary and Thyme","Parsley, Sage, Rosemary and Thyme","Surprise","Guy Fletcher","Christmas Wishes","Dirty Deeds Done Dirt Cheap","Smash Hits","Smash Hits","High Voltage","Their Satanic Majesties Request","Let It Bleed","British Steel","British Steel","Rogues Gallery","Just a Game"]},{"index":3,"name":"col3","values":["Second Hand News","She’s a Lady","Scarecrow","See Emily Play","All Through the Night","For Emily, Whenever I May Find Her","For Emily, Whenever I May Find Her","Mama Do","Mary in the Morning","O Holy Night","Problem Child","Fire","Fire","Baby, Please Don't Go","She's a Rainbow","You Can't Always Get What You Want","Breaking the Law","Breaking the Law","Little Sheila","Lay It on the Line"]}]},"context":{"page_title":null,"page_url":null,"page_entity_id":null,"content_hierarchy":[]},"links":[[[{"start":0,"end":7,"url":null,"entity_id":"Q67433610","candidates":[]}],[{"start":0,"end":16,"url":null,"entity_id":"Q60648403","candidates":[]}],[],[{"start":0,"end":16,"url":null,"entity_id":"Q67434175","candidates":[]}]],[[{"start":0,"end":4,"url":null,"entity_id":"Q67411784","candidates":[]}],[{"start":0,"end":16,"url":null,"entity_id":"Q60648403","candidates":[]}],[],[{"start":0,"end":12,"url":null,"entity_id":"Q67411989","candidates":[]}]],[[{"start":0,"end":30,"url":null,"entity_id":"Q67203161","candidates":[]}],[{"start":0,"end":16,"url":null,"entity_id":"Q60648403","candidates":[]}],[],[{"start":0,"end":9,"url":null,"entity_id":"Q67203333","candidates":[]}]],[[{"start":0,"end":30,"url":null,"entity_id":"Q67203192","candidates":[]}],[{"start":0,"end":16,"url":null,"entity_id":"Q60648403","candidates":[]}],[],[{"start":0,"end":14,"url":null,"entity_id":"Q67203150","candidates":[]}]],[[{"start":0,"end":9,"url":null,"entity_id":"Q67155561","candidates":[]}],[{"start":0,"end":16,"url":null,"entity_id":"Q60648403","candidates":[]}],[],[{"start":0,"end":21,"url":null,"entity_id":"Q67156640","candidates":[]}]],[[{"start":0,"end":33,"url":null,"entity_id":"Q66813672","candidates":[]}],[{"start":0,"end":16,"url":null,"entity_id":"Q60648403","candidates":[]}],[],[{"start":0,"end":34,"url":null,"entity_id":"Q66813282","candidates":[]}]],[[{"start":0,"end":33,"url":null,"entity_id":"Q66813343","candidates":[]}],[{"start":0,"end":16,"url":null,"entity_id":"Q60648403","candidates":[]}],[],[{"start":0,"end":34,"url":null,"entity_id":"Q66813282","candidates":[]}]],[[{"start":0,"end":8,"url":null,"entity_id":"Q66442223","candidates":[]}],[{"start":0,"end":16,"url":null,"entity_id":"Q60648403","candidates":[]}],[],[{"start":0,"end":7,"url":null,"entity_id":"Q66442320","candidates":[]}]],[[{"start":0,"end":12,"url":null,"entity_id":"Q66429572","candidates":[]}],[{"start":0,"end":16,"url":null,"entity_id":"Q60648403","candidates":[]}],[],[{"start":0,"end":19,"url":null,"entity_id":"Q66429629","candidates":[]}]],[[{"start":0,"end":16,"url":null,"entity_id":"Q66311707","candidates":[]}],[{"start":0,"end":16,"url":null,"entity_id":"Q60648403","candidates":[]}],[],[{"start":0,"end":12,"url":null,"entity_id":"Q66311726","candidates":[]}]],[[{"start":0,"end":27,"url":null,"entity_id":"Q66255250","candidates":[]}],[{"start":0,"end":16,"url":null,"entity_id":"Q60648403","candidates":[]}],[],[{"start":0,"end":13,"url":null,"entity_id":"Q66249160","candidates":[]}]],[[{"start":0,"end":10,"url":null,"entity_id":"Q66103063","candidates":[]}],[{"start":0,"end":16,"url":null,"entity_id":"Q60648403","candidates":[]}],[],[{"start":0,"end":4,"url":null,"entity_id":"Q64153512","candidates":[]}]],[[{"start":0,"end":10,"url":null,"entity_id":"Q66102472","candidates":[]}],[{"start":0,"end":16,"url":null,"entity_id":"Q60648403","candidates":[]}],[],[{"start":0,"end":4,"url":null,"entity_id":"Q64153512","candidates":[]}]],[[{"start":0,"end":12,"url":null,"entity_id":"Q66250705","candidates":[]}],[{"start":0,"end":16,"url":null,"entity_id":"Q60648403","candidates":[]}],[],[{"start":0,"end":21,"url":null,"entity_id":"Q62027297","candidates":[]}]],[[{"start":0,"end":31,"url":null,"entity_id":"Q62596810","candidates":[]}],[{"start":0,"end":16,"url":null,"entity_id":"Q60648403","candidates":[]}],[],[{"start":0,"end":15,"url":null,"entity_id":"Q66084609","candidates":[]}]],[[{"start":0,"end":12,"url":null,"entity_id":"Q62606457","candidates":[]}],[{"start":0,"end":16,"url":null,"entity_id":"Q60648403","candidates":[]}],[],[{"start":0,"end":34,"url":null,"entity_id":"Q66041180","candidates":[]}]],[[{"start":0,"end":13,"url":null,"entity_id":"Q65965638","candidates":[]}],[{"start":0,"end":16,"url":null,"entity_id":"Q60648403","candidates":[]}],[],[{"start":0,"end":16,"url":null,"entity_id":"Q65965669","candidates":[]}]],[[{"start":0,"end":13,"url":null,"entity_id":"Q65965612","candidates":[]}],[{"start":0,"end":16,"url":null,"entity_id":"Q60648403","candidates":[]}],[],[{"start":0,"end":16,"url":null,"entity_id":"Q65965669","candidates":[]}]],[[{"start":0,"end":14,"url":null,"entity_id":"Q65926781","candidates":[]}],[{"start":0,"end":16,"url":null,"entity_id":"Q60648403","candidates":[]}],[],[{"start":0,"end":13,"url":null,"entity_id":"Q65926393","candidates":[]}]],[[{"start":0,"end":11,"url":null,"entity_id":"Q65029525","candidates":[]}],[{"start":0,"end":16,"url":null,"entity_id":"Q60648403","candidates":[]}],[],[{"start":0,"end":18,"url":null,"entity_id":"Q65028737","candidates":[]}]]]}