{"version":"1.2","table":{"version":"2","table_id":"OKXX7VG6","columns":[{"index":0,"name":"col0","values":["Wikov CZ","Radzionków coal mine","Toruńska Przędzalnia Czesankowa Merinotex","PTK Holding","Kopalnia Węgla Kamiennego Wałbrzych","Diora","DB Schenker Rail Kolchem","Elektryczne Koleje Dojazdowe","Thameslink","Polska Poczta, Telegraf i Telefon","Zakłady Celulozowo-Papiernicze im. Juliana Marchlewskiego we Włocławku","Defil guitars","DAG Fabrik Bromberg","Wessex Trains","Den Oudsten","West Anglia Great Northern","Doll & Co.","Ringling Brothers Circus","French-Polish Rail Association","Seddon Atkinson trucks"]},{"index":1,"name":"col1","values":["2016-01-01","1975-01-01","2013-01-01","2011-01-01","1998-01-01","2006-01-01","2010-01-01","1947-01-01","2006-01-01","1991-12-04","1994-01-01","2005-08-30","1945-01-01","2006-01-01","2002-01-01","2006-01-01","1938-01-01","2017-05-21","1939-01-01","1970-01-01"]},{"index":2,"name":"col2","values":["2015-11-27","1871-01-01","1965-01-01","2007-01-01","1778-01-01","1945-01-01","1996-01-01","1922-01-01","1997-01-01","1928-07-01","1899-01-01","2002-08-28","1939-01-01","2001-01-01","1926-01-01","1997-01-01","1898-01-01","1884-01-01","1931-01-01","1907-01-01"]}]},"context":{"page_title":null,"page_url":null,"page_entity_id":null,"content_hierarchy":[]},"links":[[[{"start":0,"end":8,"url":null,"entity_id":"Q66372733","candidates":[]}],[],[]],[[{"start":0,"end":20,"url":null,"entity_id":"Q30904135","candidates":[]}],[],[]],[[{"start":0,"end":41,"url":null,"entity_id":"Q26258812","candidates":[]}],[],[]],[[{"start":0,"end":11,"url":null,"entity_id":"Q11773962","candidates":[]}],[],[]],[[{"start":0,"end":35,"url":null,"entity_id":"Q11743409","candidates":[]}],[],[]],[[{"start":0,"end":5,"url":null,"entity_id":"Q11694255","candidates":[]}],[],[]],[[{"start":0,"end":24,"url":null,"entity_id":"Q11692520","candidates":[]}],[],[]],[[{"start":0,"end":28,"url":null,"entity_id":"Q25407414","candidates":[]}],[],[]],[[{"start":0,"end":10,"url":null,"entity_id":"Q14500773","candidates":[]}],[],[]],[[{"start":0,"end":33,"url":null,"entity_id":"Q11822295","candidates":[]}],[],[]],[[{"start":0,"end":70,"url":null,"entity_id":"Q9386274","candidates":[]}],[],[]],[[{"start":0,"end":13,"url":null,"entity_id":"Q9209201","candidates":[]}],[],[]],[[{"start":0,"end":19,"url":null,"entity_id":"Q9200339","candidates":[]}],[],[]],[[{"start":0,"end":13,"url":null,"entity_id":"Q3567397","candidates":[]}],[],[]],[[{"start":0,"end":11,"url":null,"entity_id":"Q3168966","candidates":[]}],[],[]],[[{"start":0,"end":26,"url":null,"entity_id":"Q2707736","candidates":[]}],[],[]],[[{"start":0,"end":10,"url":null,"entity_id":"Q1235629","candidates":[]}],[],[]],[[{"start":0,"end":24,"url":null,"entity_id":"Q1144946","candidates":[]}],[],[]],[[{"start":0,"end":30,"url":null,"entity_id":"Q969306","candidates":[]}],[],[]],[[{"start":0,"end":22,"url":null,"entity_id":"Q756041","candidates":[]}],[],[]]]}