{"version":"1.2","table":{"version":"2","table_id":"OM6W1G40","columns":[{"index":0,"name":"col0","values":["Sepetiba","Inhoaíba","Engenho de Dentro","Rocha","Tomás Coelho","Anil","Vista Alegre","Galeão","Grumari","Camorim","Recreio dos Bandeirantes","Campinho","Pau Grande","Curicica","Joá","Gardênia Azul","Santo Amaro (Recife)","Guaratiba","Campo Grande","Maré"]},{"index":1,"name":"col1","values":["Santa Cruz","Campo Grande","Méier","Méier","Inhaúma","Jacarepaguá","Irajá","Ilha do Governador","Barra da Tijuca","Barra da Tijuca","Barra da Tijuca","Grande Tijuca","Rio de Janeiro","Rio de Janeiro","Rio de Janeiro","Rio de Janeiro","Pernambuco","Guaratiba","Campo Grande","Maré"]},{"index":2,"name":"col2","values":["1981-07-23","1993-01-20","1981-07-23","1981-07-23","1981-07-23","1981-07-23","1981-07-23","1981-07-23","1981-07-23","1981-07-23","1981-07-23","1981-07-23","1848-01-01","1981-07-23","1981-07-23","1981-07-23","1814-01-01","1981-07-23","1603-11-17","1988-08-12"]}]},"context":{"page_title":null,"page_url":null,"page_entity_id":null,"content_hierarchy":[]},"links":[[[{"start":0,"end":8,"url":null,"entity_id":"Q917297","candidates":[]}],[{"start":0,"end":10,"url":null,"entity_id":"Q50134411","candidates":[]}],[]],[[{"start":0,"end":8,"url":null,"entity_id":"Q302109","candidates":[]}],[{"start":0,"end":12,"url":null,"entity_id":"Q50134405","candidates":[]}],[]],[[{"start":0,"end":17,"url":null,"entity_id":"Q1761642","candidates":[]}],[{"start":0,"end":5,"url":null,"entity_id":"Q50134369","candidates":[]}],[]],[[{"start":0,"end":5,"url":null,"entity_id":"Q587227","candidates":[]}],[{"start":0,"end":5,"url":null,"entity_id":"Q50134369","candidates":[]}],[]],[[{"start":0,"end":12,"url":null,"entity_id":"Q2107038","candidates":[]}],[{"start":0,"end":7,"url":null,"entity_id":"Q50134366","candidates":[]}],[]],[[{"start":0,"end":4,"url":null,"entity_id":"Q1762194","candidates":[]}],[{"start":0,"end":11,"url":null,"entity_id":"Q50134301","candidates":[]}],[]],[[{"start":0,"end":12,"url":null,"entity_id":"Q592884","candidates":[]}],[{"start":0,"end":5,"url":null,"entity_id":"Q50132454","candidates":[]}],[]],[[{"start":0,"end":6,"url":null,"entity_id":"Q1759962","candidates":[]}],[{"start":0,"end":18,"url":null,"entity_id":"Q48878231","candidates":[]}],[]],[[{"start":0,"end":7,"url":null,"entity_id":"Q1762445","candidates":[]}],[{"start":0,"end":15,"url":null,"entity_id":"Q30938870","candidates":[]}],[]],[[{"start":0,"end":7,"url":null,"entity_id":"Q1762439","candidates":[]}],[{"start":0,"end":15,"url":null,"entity_id":"Q30938870","candidates":[]}],[]],[[{"start":0,"end":24,"url":null,"entity_id":"Q1580587","candidates":[]}],[{"start":0,"end":15,"url":null,"entity_id":"Q30938870","candidates":[]}],[]],[[{"start":0,"end":8,"url":null,"entity_id":"Q738454","candidates":[]}],[{"start":0,"end":13,"url":null,"entity_id":"Q10291309","candidates":[]}],[]],[[{"start":0,"end":10,"url":null,"entity_id":"Q2058402","candidates":[]}],[{"start":0,"end":14,"url":null,"entity_id":"Q41428","candidates":[]}],[]],[[{"start":0,"end":8,"url":null,"entity_id":"Q1762245","candidates":[]}],[{"start":0,"end":14,"url":null,"entity_id":"Q8678","candidates":[]}],[]],[[{"start":0,"end":3,"url":null,"entity_id":"Q519320","candidates":[]}],[{"start":0,"end":14,"url":null,"entity_id":"Q8678","candidates":[]}],[]],[[{"start":0,"end":13,"url":null,"entity_id":"Q290350","candidates":[]}],[{"start":0,"end":14,"url":null,"entity_id":"Q8678","candidates":[]}],[]],[[{"start":0,"end":20,"url":null,"entity_id":"Q10368145","candidates":[]}],[{"start":0,"end":10,"url":null,"entity_id":"Q40942","candidates":[]}],[]],[[{"start":0,"end":9,"url":null,"entity_id":"Q917292","candidates":[]}],[{"start":0,"end":9,"url":null,"entity_id":"Q50134415","candidates":[]}],[]],[[{"start":0,"end":12,"url":null,"entity_id":"Q1762402","candidates":[]}],[{"start":0,"end":12,"url":null,"entity_id":"Q50134405","candidates":[]}],[]],[[{"start":0,"end":4,"url":null,"entity_id":"Q924981","candidates":[]}],[{"start":0,"end":4,"url":null,"entity_id":"Q50134392","candidates":[]}],[]]]}