{"version":"1.2","table":{"version":"2","table_id":"OMT8P77X","columns":[{"index":0,"name":"col0","values":["Morogoro tanker explosion","2018 Hanwha Daejeon plant explosion","2018 Foosung Precision Wonju plant explosion","2015 Hanwha Chemical Ulsan plant explosion","Kollam temple fire","2018 Magnitogorsk building collapse","2019 Xiangshui chemical plant explosion","Tlahuelilpan pipeline explosion","2016 San Pablito Market fireworks explosion","2015 Istanbul metro bombing","Bomb explosion in Patras (1991)","2016 New York and New Jersey bombings","2017 Port Authority Bus Terminal explosion","2020 Tarragona explosion","Explosion of a building in Alcanar in August 2017","Békásmegyer Explosion","Daallo Airlines Flight 3159","Silvertown explosion","Río Tercero explosion","Mihăileşti explosion"]},{"index":1,"name":"col1","values":["2019-08-10","2018-05-29","2018-11-10","2015-07-03","2016-04-10","2018-12-31","2019-03-21","2019-01-18","2016-12-20","2015-12-01","1991-04-19","2016-09-17","2017-12-11","2020-01-14","2017-08-16","1993-09-14","2016-02-02","1917-01-19","1995-11-03","2004-05-24"]},{"index":2,"name":"col2","values":["Morogoro","Yuseong District","Wonju","Ulsan","Paravur","Magnitogorsk","Chenjiagang Town","Tlahuelilpan","Tultepec","Bayrampaşa—Maltepe","Patras","Chelsea","Times Square–42nd Street/Port Authority Bus Terminal","Complex Petroquímic de Tarragona","Alcanar","Békásmegyer","Somalia","Silvertown","Río Tercero","Mihăilești"]},{"index":3,"name":"col3","values":["70","5","2","1","350","17","617","52","84","5","8","29","4","7","15","10","2","400","300","13"]},{"index":4,"name":"col4","values":["Tanzania","South Korea","South Korea","South Korea","India","Russia","People's Republic of China","Mexico","Mexico","Turkey","Greece","United States of America","United States of America","Spain","Spain","Hungary","Somalia","United Kingdom of Great Britain and Ireland","Argentina","Romania"]},{"index":5,"name":"col5","values":["71","2","2","5","111","39","78","300","32","1","7","0","0","3","2","7","1","73","7","18"]}]},"context":{"page_title":null,"page_url":null,"page_entity_id":null,"content_hierarchy":[]},"links":[[[{"start":0,"end":25,"url":null,"entity_id":"Q66363820","candidates":[]}],[],[{"start":0,"end":8,"url":null,"entity_id":"Q243319","candidates":[]}],[],[{"start":0,"end":8,"url":null,"entity_id":"Q924","candidates":[]}],[]],[[{"start":0,"end":35,"url":null,"entity_id":"Q61728714","candidates":[]}],[],[{"start":0,"end":16,"url":null,"entity_id":"Q50431","candidates":[]}],[],[{"start":0,"end":11,"url":null,"entity_id":"Q884","candidates":[]}],[]],[[{"start":0,"end":44,"url":null,"entity_id":"Q61728752","candidates":[]}],[],[{"start":0,"end":5,"url":null,"entity_id":"Q42131","candidates":[]}],[],[{"start":0,"end":11,"url":null,"entity_id":"Q884","candidates":[]}],[]],[[{"start":0,"end":42,"url":null,"entity_id":"Q61728726","candidates":[]}],[],[{"start":0,"end":5,"url":null,"entity_id":"Q41278","candidates":[]}],[],[{"start":0,"end":11,"url":null,"entity_id":"Q884","candidates":[]}],[]],[[{"start":0,"end":18,"url":null,"entity_id":"Q23772755","candidates":[]}],[],[{"start":0,"end":7,"url":null,"entity_id":"Q1939468","candidates":[]}],[],[{"start":0,"end":5,"url":null,"entity_id":"Q668","candidates":[]}],[]],[[{"start":0,"end":35,"url":null,"entity_id":"Q60311957","candidates":[]}],[],[{"start":0,"end":12,"url":null,"entity_id":"Q95449","candidates":[]}],[],[{"start":0,"end":6,"url":null,"entity_id":"Q159","candidates":[]}],[]],[[{"start":0,"end":39,"url":null,"entity_id":"Q62157533","candidates":[]}],[],[{"start":0,"end":16,"url":null,"entity_id":"Q13950316","candidates":[]}],[],[{"start":0,"end":26,"url":null,"entity_id":"Q148","candidates":[]}],[]],[[{"start":0,"end":31,"url":null,"entity_id":"Q60683841","candidates":[]}],[],[{"start":0,"end":12,"url":null,"entity_id":"Q20244308","candidates":[]}],[],[{"start":0,"end":6,"url":null,"entity_id":"Q96","candidates":[]}],[]],[[{"start":0,"end":43,"url":null,"entity_id":"Q28043392","candidates":[]}],[],[{"start":0,"end":8,"url":null,"entity_id":"Q1818778","candidates":[]}],[],[{"start":0,"end":6,"url":null,"entity_id":"Q96","candidates":[]}],[]],[[{"start":0,"end":27,"url":null,"entity_id":"Q22087795","candidates":[]}],[],[{"start":0,"end":18,"url":null,"entity_id":"Q20313065","candidates":[]}],[],[{"start":0,"end":6,"url":null,"entity_id":"Q43","candidates":[]}],[]],[[{"start":0,"end":31,"url":null,"entity_id":"Q56319463","candidates":[]}],[],[{"start":0,"end":6,"url":null,"entity_id":"Q133123","candidates":[]}],[],[{"start":0,"end":6,"url":null,"entity_id":"Q41","candidates":[]}],[]],[[{"start":0,"end":37,"url":null,"entity_id":"Q26916567","candidates":[]}],[],[{"start":0,"end":7,"url":null,"entity_id":"Q1069129","candidates":[]}],[],[{"start":0,"end":24,"url":null,"entity_id":"Q30","candidates":[]}],[]],[[{"start":0,"end":42,"url":null,"entity_id":"Q45272383","candidates":[]}],[],[{"start":0,"end":52,"url":null,"entity_id":"Q11265","candidates":[]}],[],[{"start":0,"end":24,"url":null,"entity_id":"Q30","candidates":[]}],[]],[[{"start":0,"end":24,"url":null,"entity_id":"Q82083845","candidates":[]}],[],[{"start":0,"end":32,"url":null,"entity_id":"Q19826580","candidates":[]}],[],[{"start":0,"end":5,"url":null,"entity_id":"Q29","candidates":[]}],[]],[[{"start":0,"end":49,"url":null,"entity_id":"Q37038786","candidates":[]}],[],[{"start":0,"end":7,"url":null,"entity_id":"Q987434","candidates":[]}],[],[{"start":0,"end":5,"url":null,"entity_id":"Q29","candidates":[]}],[]],[[{"start":0,"end":21,"url":null,"entity_id":"Q26869005","candidates":[]}],[],[{"start":0,"end":11,"url":null,"entity_id":"Q718260","candidates":[]}],[],[{"start":0,"end":7,"url":null,"entity_id":"Q28","candidates":[]}],[]],[[{"start":0,"end":27,"url":null,"entity_id":"Q22450721","candidates":[]}],[],[{"start":0,"end":7,"url":null,"entity_id":"Q1045","candidates":[]}],[],[{"start":0,"end":7,"url":null,"entity_id":"Q1045","candidates":[]}],[]],[[{"start":0,"end":20,"url":null,"entity_id":"Q3960716","candidates":[]}],[],[{"start":0,"end":10,"url":null,"entity_id":"Q2695621","candidates":[]}],[],[{"start":0,"end":43,"url":null,"entity_id":"Q174193","candidates":[]}],[]],[[{"start":0,"end":21,"url":null,"entity_id":"Q4110413","candidates":[]}],[],[{"start":0,"end":11,"url":null,"entity_id":"Q994351","candidates":[]}],[],[{"start":0,"end":9,"url":null,"entity_id":"Q414","candidates":[]}],[]],[[{"start":0,"end":20,"url":null,"entity_id":"Q6271321","candidates":[]}],[],[{"start":0,"end":10,"url":null,"entity_id":"Q2537527","candidates":[]}],[],[{"start":0,"end":7,"url":null,"entity_id":"Q218","candidates":[]}],[]]]}