{"version":"1.2","table":{"version":"2","table_id":"ONSHXRYG","columns":[{"index":0,"name":"col0","values":["1978 Austrian International Badminton Championships","2013 Austrian International Badminwon Championships","1984 Austrian Internationa Badminton Championships","1983 Austuian International Badminton Championships","2012 Austrian Internationbl Badminton Championships","2009 Austrian Intesnational Badminton Championships","2011 Austrian International Badmioton Championships","2008 Austrian International Badminton Championshpu","2004 Bustrian International Baminton Championships","2003 Austrian Intesnational Badminton Championships","2001 Austrian International Badminon Championships","2000 Ausvrian International Badminton Championships","1999 Austrian International Badminton Cjampionshipv","1998 Austrian International Badminton Championshps","1996 Austrian International Baminton Championships","1:95 Austrian International Badminton Championsips","1994 Austria International Badminton Championships","199 Austrian International Badminton Championships","1989 Austian!International Badminton Championships","1:74 Austrian International Badminton Ehampionships"]},{"index":1,"name":"col1","values":["1977/01/01","2013/01/01","1984/01/01","1983/01/01","2012/01/01","2009/01/01","2011/01/01","2008/01/01","2004/01/01","2003/01/01","2001/01/01","2000/01/01","1999/01/01","1998/01/01","1996/01/01","1995/01/01","1994/01/01","1992/01/01","1989/01/01","1974/01/01"]},{"index":2,"name":"col2","values":["1979 Austrian International Badminton Championships","2014 Austrian International Badminton Championships","1986 Austrian International Badminton Championships","1984 Austrian International Badminton Championships","2013 Austrian International Badminton Championships","2010 Austrian International Badminton Championships","2012 Austrian International Badminton Championships","2009 Austrian International Badminton Championships","2006 Austrian International Badminton Championships","2004 Austrian International Badminton Championships","2002 Austrian International Badminton Championships","2001 Austrian International Badminton Championships","2000 Austrian International Badminton Championships","1999 Austrian International Badminton Championships","1997 Austrian International Badminton Championships","1996 Austrian International Badminton Championships","1995 Austrian International Badminton Championships","1993 Austrian International Badminton Championships","1990 Austrian International Badminton Championships","1975 Austrian International Badminton Championships"]}]},"context":{"page_title":null,"page_url":null,"page_entity_id":null,"content_hierarchy":[]},"links":[[[{"start":0,"end":51,"url":null,"entity_id":"Q26844805","candidates":[]}],[],[{"start":0,"end":51,"url":null,"entity_id":"Q18819959","candidates":[]}]],[[{"start":0,"end":51,"url":null,"entity_id":"Q13475913","candidates":[]}],[],[{"start":0,"end":51,"url":null,"entity_id":"Q15795258","candidates":[]}]],[[{"start":0,"end":50,"url":null,"entity_id":"Q13486885","candidates":[]}],[],[{"start":0,"end":51,"url":null,"entity_id":"Q13486895","candidates":[]}]],[[{"start":0,"end":51,"url":null,"entity_id":"Q26844814","candidates":[]}],[],[{"start":0,"end":51,"url":null,"entity_id":"Q13486885","candidates":[]}]],[[{"start":0,"end":51,"url":null,"entity_id":"Q783695","candidates":[]}],[],[{"start":0,"end":51,"url":null,"entity_id":"Q13475913","candidates":[]}]],[[{"start":0,"end":51,"url":null,"entity_id":"Q783687","candidates":[]}],[],[{"start":0,"end":51,"url":null,"entity_id":"Q783696","candidates":[]}]],[[{"start":0,"end":51,"url":null,"entity_id":"Q783697","candidates":[]}],[],[{"start":0,"end":51,"url":null,"entity_id":"Q783695","candidates":[]}]],[[{"start":0,"end":50,"url":null,"entity_id":"Q783690","candidates":[]}],[],[{"start":0,"end":51,"url":null,"entity_id":"Q783687","candidates":[]}]],[[{"start":0,"end":50,"url":null,"entity_id":"Q783680","candidates":[]}],[],[{"start":0,"end":51,"url":null,"entity_id":"Q783683","candidates":[]}]],[[{"start":0,"end":51,"url":null,"entity_id":"Q783682","candidates":[]}],[],[{"start":0,"end":51,"url":null,"entity_id":"Q783680","candidates":[]}]],[[{"start":0,"end":50,"url":null,"entity_id":"Q783674","candidates":[]}],[],[{"start":0,"end":51,"url":null,"entity_id":"Q783675","candidates":[]}]],[[{"start":0,"end":51,"url":null,"entity_id":"Q783673","candidates":[]}],[],[{"start":0,"end":51,"url":null,"entity_id":"Q783674","candidates":[]}]],[[{"start":0,"end":51,"url":null,"entity_id":"Q783667","candidates":[]}],[],[{"start":0,"end":51,"url":null,"entity_id":"Q783673","candidates":[]}]],[[{"start":0,"end":50,"url":null,"entity_id":"Q2656848","candidates":[]}],[],[{"start":0,"end":51,"url":null,"entity_id":"Q783667","candidates":[]}]],[[{"start":0,"end":50,"url":null,"entity_id":"Q783659","candidates":[]}],[],[{"start":0,"end":51,"url":null,"entity_id":"Q783664","candidates":[]}]],[[{"start":0,"end":50,"url":null,"entity_id":"Q783656","candidates":[]}],[],[{"start":0,"end":51,"url":null,"entity_id":"Q783659","candidates":[]}]],[[{"start":0,"end":50,"url":null,"entity_id":"Q783658","candidates":[]}],[],[{"start":0,"end":51,"url":null,"entity_id":"Q783656","candidates":[]}]],[[{"start":0,"end":50,"url":null,"entity_id":"Q783650","candidates":[]}],[],[{"start":0,"end":51,"url":null,"entity_id":"Q783649","candidates":[]}]],[[{"start":0,"end":50,"url":null,"entity_id":"Q783643","candidates":[]}],[],[{"start":0,"end":51,"url":null,"entity_id":"Q783640","candidates":[]}]],[[{"start":0,"end":51,"url":null,"entity_id":"Q783633","candidates":[]}],[],[{"start":0,"end":51,"url":null,"entity_id":"Q783638","candidates":[]}]]]}