{"version":"1.2","table":{"version":"2","table_id":"ONSTX50J","columns":[{"index":0,"name":"col0","values":["1998 in broadcasting","2006 in broadcasting","1951 in broadcasting","2014 in radio","2014 in broadcasting","1890s in architecture","2018 United States elections","1927 in broadcasting","1948 in broadcasting","1940 in broadcasting","1936 in broadcasting","1932 in broadcasting","1949 in broadcasting","1941 in broadcasting","1933 in broadcasting","1924 in broadcasting","1992 in broadcasting","1990 in broadcasting","1895 in motor-sport","1926 in broadcasting"]},{"index":1,"name":"col1","values":["1997 in broadcasting","2005 in broadcasting","1950 in broadcasting","2013 in radio","2013 in broadcasting","1880s in architecture","United States elections, 2017","1926 in broadcasting","1947 in broadcasting","1939 in broadcasting","1935 in broadcasting","1931 in broadcasting","1948 in broadcasting","1940 in broadcasting","1932 in broadcasting","1923 in broadcasting","1991 in broadcasting","1989 in broadcasting","1894 in auto racing","1925 in broadcasting"]},{"index":2,"name":"col2","values":["1998 in television","2006 in radio","1951 in radio","2014 in British radio","2014 in television","1893 in architecture","2018 United States Senate elections","1927 in television","1948 in television","1940 in television","1936 in television","1932 in television","1949 in television","1941 in television","1933 in television","1924 in radio","1992 in television","1990 in television","Paris–Bordeaux–Paris race","1926 in television"]}]},"context":{"page_title":null,"page_url":null,"page_entity_id":null,"content_hierarchy":[]},"links":[[[{"start":0,"end":20,"url":null,"entity_id":"Q18412754","candidates":[]}],[{"start":0,"end":20,"url":null,"entity_id":"Q18412753","candidates":[]}],[{"start":0,"end":18,"url":null,"entity_id":"Q2813352","candidates":[]}]],[[{"start":0,"end":20,"url":null,"entity_id":"Q18412764","candidates":[]}],[{"start":0,"end":20,"url":null,"entity_id":"Q186640","candidates":[]}],[{"start":0,"end":13,"url":null,"entity_id":"Q2176193","candidates":[]}]],[[{"start":0,"end":20,"url":null,"entity_id":"Q18201642","candidates":[]}],[{"start":0,"end":20,"url":null,"entity_id":"Q1756028","candidates":[]}],[{"start":0,"end":13,"url":null,"entity_id":"Q1125482","candidates":[]}]],[[{"start":0,"end":13,"url":null,"entity_id":"Q16144196","candidates":[]}],[{"start":0,"end":13,"url":null,"entity_id":"Q17444666","candidates":[]}],[{"start":0,"end":21,"url":null,"entity_id":"Q16156210","candidates":[]}]],[[{"start":0,"end":20,"url":null,"entity_id":"Q15485842","candidates":[]}],[{"start":0,"end":20,"url":null,"entity_id":"Q2176200","candidates":[]}],[{"start":0,"end":18,"url":null,"entity_id":"Q15123425","candidates":[]}]],[[{"start":0,"end":21,"url":null,"entity_id":"Q11185467","candidates":[]}],[{"start":0,"end":21,"url":null,"entity_id":"Q60996911","candidates":[]}],[{"start":0,"end":20,"url":null,"entity_id":"Q2379268","candidates":[]}]],[[{"start":0,"end":28,"url":null,"entity_id":"Q7892468","candidates":[]}],[{"start":0,"end":29,"url":null,"entity_id":"Q18395045","candidates":[]}],[{"start":0,"end":35,"url":null,"entity_id":"Q7892140","candidates":[]}]],[[{"start":0,"end":20,"url":null,"entity_id":"Q2176083","candidates":[]}],[{"start":0,"end":20,"url":null,"entity_id":"Q1524580","candidates":[]}],[{"start":0,"end":18,"url":null,"entity_id":"Q3296696","candidates":[]}]],[[{"start":0,"end":20,"url":null,"entity_id":"Q2176104","candidates":[]}],[{"start":0,"end":20,"url":null,"entity_id":"Q1126996","candidates":[]}],[{"start":0,"end":18,"url":null,"entity_id":"Q2811966","candidates":[]}]],[[{"start":0,"end":20,"url":null,"entity_id":"Q2176098","candidates":[]}],[{"start":0,"end":20,"url":null,"entity_id":"Q1522117","candidates":[]}],[{"start":0,"end":18,"url":null,"entity_id":"Q2811761","candidates":[]}]],[[{"start":0,"end":20,"url":null,"entity_id":"Q2176088","candidates":[]}],[{"start":0,"end":20,"url":null,"entity_id":"Q1236652","candidates":[]}],[{"start":0,"end":18,"url":null,"entity_id":"Q2811676","candidates":[]}]],[[{"start":0,"end":20,"url":null,"entity_id":"Q2176084","candidates":[]}],[{"start":0,"end":20,"url":null,"entity_id":"Q1296821","candidates":[]}],[{"start":0,"end":18,"url":null,"entity_id":"Q2811575","candidates":[]}]],[[{"start":0,"end":20,"url":null,"entity_id":"Q2176105","candidates":[]}],[{"start":0,"end":20,"url":null,"entity_id":"Q2176104","candidates":[]}],[{"start":0,"end":18,"url":null,"entity_id":"Q2811987","candidates":[]}]],[[{"start":0,"end":20,"url":null,"entity_id":"Q2176100","candidates":[]}],[{"start":0,"end":20,"url":null,"entity_id":"Q2176098","candidates":[]}],[{"start":0,"end":18,"url":null,"entity_id":"Q2811786","candidates":[]}]],[[{"start":0,"end":20,"url":null,"entity_id":"Q2176086","candidates":[]}],[{"start":0,"end":20,"url":null,"entity_id":"Q2176084","candidates":[]}],[{"start":0,"end":18,"url":null,"entity_id":"Q2811606","candidates":[]}]],[[{"start":0,"end":20,"url":null,"entity_id":"Q848483","candidates":[]}],[{"start":0,"end":20,"url":null,"entity_id":"Q828560","candidates":[]}],[{"start":0,"end":13,"url":null,"entity_id":"Q17444742","candidates":[]}]],[[{"start":0,"end":20,"url":null,"entity_id":"Q918644","candidates":[]}],[{"start":0,"end":20,"url":null,"entity_id":"Q18412745","candidates":[]}],[{"start":0,"end":18,"url":null,"entity_id":"Q2813144","candidates":[]}]],[[{"start":0,"end":20,"url":null,"entity_id":"Q919216","candidates":[]}],[{"start":0,"end":20,"url":null,"entity_id":"Q346831","candidates":[]}],[{"start":0,"end":18,"url":null,"entity_id":"Q2813070","candidates":[]}]],[[{"start":0,"end":19,"url":null,"entity_id":"Q1490294","candidates":[]}],[{"start":0,"end":19,"url":null,"entity_id":"Q16524757","candidates":[]}],[{"start":0,"end":25,"url":null,"entity_id":"Q3365103","candidates":[]}]],[[{"start":0,"end":20,"url":null,"entity_id":"Q1524580","candidates":[]}],[{"start":0,"end":20,"url":null,"entity_id":"Q908308","candidates":[]}],[{"start":0,"end":18,"url":null,"entity_id":"Q3269334","candidates":[]}]]]}