{"version":"1.2","table":{"version":"2","table_id":"OO2TB8BR","columns":[{"index":0,"name":"col0","values":["RFC 1905: Protocol Operations for Version 2 of the Simple Network Management Protocol (SNMPv2)","RFC 3447: Public-Key Cryptography Standards (PKCS) #1: RSA Cryptography Specifications Version 2.1","RFC 1519: Classless Inter-Domain Routing (CIDR): an Address Assignment and Aggregation Strategy","RFC 300: ARPA Network mailing lists","RFC 3300: Internet Official Protocol Standards","RFC 993: PCMAIL: A distributed mail system for personal computers","RFC 2553: Basic Socket Interface Extensions for IPv6","RFC 930: Telnet terminal type option","RFC 16: M.I.T","RFC 2421: Voice Profile for Internet Mail - version 2","RFC 1062: Internet numbers","RFC 2437: PKCS #1: RSA Cryptography Specifications Version 2.0","RFC 1040: Privacy enhancement for Internet electronic mail: Part I: Message encipherment and authentication procedures","RFC 2727: IAB and IESG Selection, Confirmation, and Recall Process: Operation of the Nominating and Recall Committees","RFC 1036: Standard for Interchange of USENET Messages","RFC 822: STANDARD FOR THE FORMAT OF ARPA INTERNET TEXT MESSAGES","RFC 362: Network Host Status","RFC 2274: User-based Security Model (USM) for version 3 of the Simple Network Management Protocol (SNMPv3)","RFC 5735: Special Use IPv4 Addresses","RFC 265: The File Transfer Protocol"]},{"index":1,"name":"col1","values":["RFC 1448: Protocol Operations for version 2 of the Simple Network Management Protocol (SNMPv2)","RFC 2437: PKCS #1: RSA Cryptography Specifications Version 2.0","RFC 1338: Supernetting: an Address Assignment and Aggregation Strategy","RFC 211: ARPA Network Mailing Lists","RFC 3000: Internet Official Protocol Standards","RFC 984: PCMAIL: A distributed mail system for personal computers","RFC 2133: Basic Socket Interface Extensions for IPv6","RFC 884: Telnet terminal type option","RFC 10: Documentation conventions","RFC 1911: Voice Profile for Internet Mail","RFC 1020: Internet numbers","RFC 2313: PKCS #1: RSA Encryption Version 1.5","RFC 989: Privacy enhancement for Internet electronic mail: Part I: Message encipherment and authentication procedures","RFC 2282: IAB and IESG Selection, Confirmation, and Recall Process: Operation of the Nominating and Recall Committees","RFC 850: Standard for interchange of USENET messages","RFC 733: Standard for the format of ARPA network text messages","RFC 353: Network host status","RFC 2264: User-based Security Model (USM) for version 3 of the Simple Network Management Protocol (SNMPv3)","RFC 3330: Special-Use IPv4 Addresses","RFC 172: The File Transfer Protocol"]},{"index":2,"name":"col2","values":["RFC 3416: Version 2 of the Protocol Operations for the Simple Network Management Protocol (SNMP)","RFC 8017: PKCS #1: RSA Cryptography Specifications Version 2.2","RFC 4632: Classless Inter-domain Routing (CIDR): The Internet Address Assignment and Aggregation Plan","RFC 303: ARPA Network mailing lists","RFC 3600: Internet Official Protocol Standards","RFC 1056: PCMAIL: A distributed mail system for personal computers","RFC 3493: Basic Socket Interface Extensions for IPv6","RFC 1091: Telnet terminal-type option","RFC 24: Documentation Conventions","RFC 3801: Voice Profile for Internet Mail - version 2 (VPIMv2)","RFC 1166: Internet numbers","RFC 3447: Public-Key Cryptography Standards (PKCS) #1: RSA Cryptography Specifications Version 2.1","RFC 1113: Privacy enhancement for Internet electronic mail: Part I - message encipherment and authentication procedures","RFC 3777: IAB and IESG Selection, Confirmation, and Recall Process: Operation of the Nominating and Recall Committees","RFC 5536: Netnews Article Format","RFC 2822: Internet Message Format","RFC 366: Network Host Status","RFC 2574: User-based Security Model (USM) for version 3 of the Simple Network Management Protocol (SNMPv3)","RFC 6890: Special-Purpose IP Address Registries","RFC 354: File Transfer Protocol"]}]},"context":{"page_title":null,"page_url":null,"page_entity_id":null,"content_hierarchy":[]},"links":[[[{"start":0,"end":94,"url":null,"entity_id":"Q47313509","candidates":[]}],[{"start":0,"end":94,"url":null,"entity_id":"Q47274334","candidates":[]}],[{"start":0,"end":96,"url":null,"entity_id":"Q47459259","candidates":[]}]],[[{"start":0,"end":98,"url":null,"entity_id":"Q47310236","candidates":[]}],[{"start":0,"end":62,"url":null,"entity_id":"Q47165832","candidates":[]}],[{"start":0,"end":62,"url":null,"entity_id":"Q47458065","candidates":[]}]],[[{"start":0,"end":95,"url":null,"entity_id":"Q47199620","candidates":[]}],[{"start":0,"end":70,"url":null,"entity_id":"Q47468405","candidates":[]}],[{"start":0,"end":101,"url":null,"entity_id":"Q47485207","candidates":[]}]],[[{"start":0,"end":35,"url":null,"entity_id":"Q47198375","candidates":[]}],[{"start":0,"end":35,"url":null,"entity_id":"Q47455521","candidates":[]}],[{"start":0,"end":35,"url":null,"entity_id":"Q47475507","candidates":[]}]],[[{"start":0,"end":46,"url":null,"entity_id":"Q47199095","candidates":[]}],[{"start":0,"end":46,"url":null,"entity_id":"Q47481798","candidates":[]}],[{"start":0,"end":46,"url":null,"entity_id":"Q47459046","candidates":[]}]],[[{"start":0,"end":65,"url":null,"entity_id":"Q47196521","candidates":[]}],[{"start":0,"end":65,"url":null,"entity_id":"Q47483184","candidates":[]}],[{"start":0,"end":66,"url":null,"entity_id":"Q47456520","candidates":[]}]],[[{"start":0,"end":52,"url":null,"entity_id":"Q47165069","candidates":[]}],[{"start":0,"end":52,"url":null,"entity_id":"Q47322873","candidates":[]}],[{"start":0,"end":52,"url":null,"entity_id":"Q47484700","candidates":[]}]],[[{"start":0,"end":36,"url":null,"entity_id":"Q47167229","candidates":[]}],[{"start":0,"end":36,"url":null,"entity_id":"Q47472655","candidates":[]}],[{"start":0,"end":37,"url":null,"entity_id":"Q47468898","candidates":[]}]],[[{"start":0,"end":13,"url":null,"entity_id":"Q47165724","candidates":[]}],[{"start":0,"end":33,"url":null,"entity_id":"Q47461706","candidates":[]}],[{"start":0,"end":33,"url":null,"entity_id":"Q47468335","candidates":[]}]],[[{"start":0,"end":53,"url":null,"entity_id":"Q47166248","candidates":[]}],[{"start":0,"end":41,"url":null,"entity_id":"Q47445208","candidates":[]}],[{"start":0,"end":62,"url":null,"entity_id":"Q47464165","candidates":[]}]],[[{"start":0,"end":26,"url":null,"entity_id":"Q47165643","candidates":[]}],[{"start":0,"end":26,"url":null,"entity_id":"Q47324595","candidates":[]}],[{"start":0,"end":26,"url":null,"entity_id":"Q47315714","candidates":[]}]],[[{"start":0,"end":62,"url":null,"entity_id":"Q47165832","candidates":[]}],[{"start":0,"end":45,"url":null,"entity_id":"Q47470042","candidates":[]}],[{"start":0,"end":98,"url":null,"entity_id":"Q47310236","candidates":[]}]],[[{"start":0,"end":118,"url":null,"entity_id":"Q47082365","candidates":[]}],[{"start":0,"end":117,"url":null,"entity_id":"Q47458164","candidates":[]}],[{"start":0,"end":119,"url":null,"entity_id":"Q47471452","candidates":[]}]],[[{"start":0,"end":117,"url":null,"entity_id":"Q47164682","candidates":[]}],[{"start":0,"end":117,"url":null,"entity_id":"Q47462800","candidates":[]}],[{"start":0,"end":117,"url":null,"entity_id":"Q47468197","candidates":[]}]],[[{"start":0,"end":53,"url":null,"entity_id":"Q3415159","candidates":[]}],[{"start":0,"end":52,"url":null,"entity_id":"Q47469733","candidates":[]}],[{"start":0,"end":32,"url":null,"entity_id":"Q47459067","candidates":[]}]],[[{"start":0,"end":63,"url":null,"entity_id":"Q47207145","candidates":[]}],[{"start":0,"end":62,"url":null,"entity_id":"Q47464337","candidates":[]}],[{"start":0,"end":33,"url":null,"entity_id":"Q47483200","candidates":[]}]],[[{"start":0,"end":28,"url":null,"entity_id":"Q47207884","candidates":[]}],[{"start":0,"end":28,"url":null,"entity_id":"Q47484417","candidates":[]}],[{"start":0,"end":28,"url":null,"entity_id":"Q47469839","candidates":[]}]],[[{"start":0,"end":106,"url":null,"entity_id":"Q47208389","candidates":[]}],[{"start":0,"end":106,"url":null,"entity_id":"Q47483913","candidates":[]}],[{"start":0,"end":106,"url":null,"entity_id":"Q47463358","candidates":[]}]],[[{"start":0,"end":36,"url":null,"entity_id":"Q47205761","candidates":[]}],[{"start":0,"end":36,"url":null,"entity_id":"Q47455669","candidates":[]}],[{"start":0,"end":47,"url":null,"entity_id":"Q47462480","candidates":[]}]],[[{"start":0,"end":35,"url":null,"entity_id":"Q47206130","candidates":[]}],[{"start":0,"end":35,"url":null,"entity_id":"Q47296367","candidates":[]}],[{"start":0,"end":31,"url":null,"entity_id":"Q47281777","candidates":[]}]]]}