{"version":"1.2","table":{"version":"2","table_id":"OOHLNBO8","columns":[{"index":0,"name":"col0","values":["Dutch tower","Jewel Tower","Malakoffturm","Harkness Tower","Powder Tower","Għajn Tuffieħa Tower","RAI tower","Torre del Barbarossa (Seregno)","Isola di Sant'Erasmo","Friedrich Clemens Gerke Tower","TenneT Toren","Mamo Tower","St. Mary's Tower","Madliena Tower","Għajn Ħadid Tower","Ħamrija Tower","Torre Glòries","Aon Center","Cabot Tower","Cairo Tower"]},{"index":1,"name":"col1","values":["private","English Heritage","Hans Imhoff","Yale University","Prague","Government of Malta","Rai Way","Frederick I","Venice","Deutsche Funkturm","TenneT","Government of Malta","Government of Malta","Government of Malta","Government of Malta","Government of Malta","Merlin Properties","Aon plc","Parks Canada","public domain"]},{"index":2,"name":"col2","values":["1256-01-01","1366-01-01","1855-01-01","1921-01-01","1475-01-01","1637-01-01","1937-01-01","1100-01-01","1811-01-01","1991-01-01","1969-01-01","1657-01-01","1618-01-01","1658-01-01","1658-01-01","1659-01-01","2004-01-01","1973-01-01","1900-01-01","1961-01-01"]}]},"context":{"page_title":null,"page_url":null,"page_entity_id":null,"content_hierarchy":[]},"links":[[[{"start":0,"end":11,"url":null,"entity_id":"Q1624957","candidates":[]}],[{"start":0,"end":7,"url":null,"entity_id":"Q3248417","candidates":[]}],[]],[[{"start":0,"end":11,"url":null,"entity_id":"Q1568148","candidates":[]}],[{"start":0,"end":16,"url":null,"entity_id":"Q936287","candidates":[]}],[]],[[{"start":0,"end":12,"url":null,"entity_id":"Q1886685","candidates":[]}],[{"start":0,"end":11,"url":null,"entity_id":"Q95224","candidates":[]}],[]],[[{"start":0,"end":14,"url":null,"entity_id":"Q1585431","candidates":[]}],[{"start":0,"end":15,"url":null,"entity_id":"Q49112","candidates":[]}],[]],[[{"start":0,"end":12,"url":null,"entity_id":"Q1488700","candidates":[]}],[{"start":0,"end":6,"url":null,"entity_id":"Q1085","candidates":[]}],[]],[[{"start":0,"end":20,"url":null,"entity_id":"Q5627451","candidates":[]}],[{"start":0,"end":19,"url":null,"entity_id":"Q5589242","candidates":[]}],[]],[[{"start":0,"end":9,"url":null,"entity_id":"Q3664909","candidates":[]}],[{"start":0,"end":7,"url":null,"entity_id":"Q3929528","candidates":[]}],[]],[[{"start":0,"end":30,"url":null,"entity_id":"Q3995400","candidates":[]}],[{"start":0,"end":11,"url":null,"entity_id":"Q79789","candidates":[]}],[]],[[{"start":0,"end":20,"url":null,"entity_id":"Q3995216","candidates":[]}],[{"start":0,"end":6,"url":null,"entity_id":"Q641","candidates":[]}],[]],[[{"start":0,"end":29,"url":null,"entity_id":"Q1457709","candidates":[]}],[{"start":0,"end":17,"url":null,"entity_id":"Q1202561","candidates":[]}],[]],[[{"start":0,"end":12,"url":null,"entity_id":"Q1434726","candidates":[]}],[{"start":0,"end":6,"url":null,"entity_id":"Q1127569","candidates":[]}],[]],[[{"start":0,"end":10,"url":null,"entity_id":"Q2444657","candidates":[]}],[{"start":0,"end":19,"url":null,"entity_id":"Q5589242","candidates":[]}],[]],[[{"start":0,"end":16,"url":null,"entity_id":"Q1345155","candidates":[]}],[{"start":0,"end":19,"url":null,"entity_id":"Q5589242","candidates":[]}],[]],[[{"start":0,"end":14,"url":null,"entity_id":"Q1331011","candidates":[]}],[{"start":0,"end":19,"url":null,"entity_id":"Q5589242","candidates":[]}],[]],[[{"start":0,"end":17,"url":null,"entity_id":"Q1331006","candidates":[]}],[{"start":0,"end":19,"url":null,"entity_id":"Q5589242","candidates":[]}],[]],[[{"start":0,"end":13,"url":null,"entity_id":"Q1330999","candidates":[]}],[{"start":0,"end":19,"url":null,"entity_id":"Q5589242","candidates":[]}],[]],[[{"start":0,"end":13,"url":null,"entity_id":"Q336246","candidates":[]}],[{"start":0,"end":17,"url":null,"entity_id":"Q28226309","candidates":[]}],[]],[[{"start":0,"end":10,"url":null,"entity_id":"Q607743","candidates":[]}],[{"start":0,"end":7,"url":null,"entity_id":"Q739518","candidates":[]}],[]],[[{"start":0,"end":11,"url":null,"entity_id":"Q218501","candidates":[]}],[{"start":0,"end":12,"url":null,"entity_id":"Q349487","candidates":[]}],[]],[[{"start":0,"end":11,"url":null,"entity_id":"Q614684","candidates":[]}],[{"start":0,"end":13,"url":null,"entity_id":"Q19652","candidates":[]}],[]]]}