{"version":"1.2","table":{"version":"2","table_id":"OP2L5U9Y","columns":[{"index":0,"name":"col0","values":["RFC 2272: Message Processing and Dispatching for the Simple Network Management Protocol (SNMP)","RFC 599: Update on NETRJS","RFC 211: ARPA Network Mailing Lists","RFC 3291: Textual Conventions for Internet Network Addresses","RFC 1583: OSPF Version 2","RFC 1395: BOOTP Vendor Information Extensions","RFC 1493: Definitions of Managed Objects for Bridges","RFC 2139: RADIUS Accounting","RFC 2197: SMTP Service Extension for Command Pipelining","RFC 2401: Security Architecture for the Internet Protocol","RFC 1327: Mapping between X.400(1988) / ISO 10021 and RFC 822","RFC 1602: The Internet Standards Process -- Revision 2","RFC 901: Official ARPA-Internet protocols","RFC 2373: IP Version 6 Addressing Architecture","RFC 1009: Requirements for Internet gateways","RFC 1769: Simple Network Time Protocol (SNTP)","RFC 5268: Mobile IPv6 Fast Handovers","RFC 1880: Internet Official Protocol Standards","RFC 3344: IP Mobility Support for IPv4","RFC 4282: The Network Access Identifier"]},{"index":1,"name":"col1","values":["RFC 2262: Message Processing and Dispatching for the Simple Network Management Protocol (SNMP)","RFC 189: Interim NETRJS specifications","RFC 168: ARPA Network mailing lists","RFC 2851: Textual Conventions for Internet Network Addresses","RFC 1247: OSPF Version 2","RFC 1084: BOOTP vendor information extensions","RFC 1286: Definitions of Managed Objects for Bridges","RFC 2059: RADIUS Accounting","RFC 1854: SMTP Service Extension for Command Pipelining","RFC 1825: Security Architecture for the Internet Protocol","RFC 1148: Mapping between X.400(1988) / ISO 10021 and RFC 822","RFC 1310: The Internet Standards Process","RFC 880: Official protocols","RFC 1884: IP Version 6 Addressing Architecture","RFC 985: Requirements for Internet gateways - draft","RFC 1361: Simple Network Time Protocol (SNTP)","RFC 4068: Fast Handovers for Mobile IPv6","RFC 1800: Internet Official Protocol Standards","RFC 3220: IP Mobility Support for IPv4","RFC 2486: The Network Access Identifier"]},{"index":2,"name":"col2","values":["RFC 2572: Message Processing and Dispatching for the Simple Network Management Protocol (SNMP)","RFC 740: NETRJS Protocol","RFC 300: ARPA Network mailing lists","RFC 4001: Textual Conventions for Internet Network Addresses","RFC 2178: OSPF Version 2","RFC 1533: DHCP Options and BOOTP Vendor Extensions","RFC 4188: Definitions of Managed Objects for Bridges","RFC 2866: RADIUS Accounting","RFC 2920: SMTP Service Extension for Command Pipelining","RFC 4301: Security Architecture for the Internet Protocol","RFC 2156: MIXER (Mime Internet X.400 Enhanced Relay): Mapping between X.400 and RFC 822/MIME","RFC 2026: The Internet Standards Process -- Revision 3","RFC 924: Official ARPA-Internet protocols for connecting personal computers to the Internet","RFC 3513: Internet Protocol Version 6 (IPv6) Addressing Architecture","RFC 1812: Requirements for IP Version 4 Routers","RFC 4330: Simple Network Time Protocol (SNTP) Version 4 for IPv4, IPv6 and OSI","RFC 5568: Mobile IPv6 Fast Handovers","RFC 1920: Internet Official Protocol Standards","RFC 5944: IP Mobility Support for IPv4, Revised","RFC 7542: The Network Access Identifier"]}]},"context":{"page_title":null,"page_url":null,"page_entity_id":null,"content_hierarchy":[]},"links":[[[{"start":0,"end":94,"url":null,"entity_id":"Q47395401","candidates":[]}],[{"start":0,"end":94,"url":null,"entity_id":"Q47164944","candidates":[]}],[{"start":0,"end":94,"url":null,"entity_id":"Q47455720","candidates":[]}]],[[{"start":0,"end":25,"url":null,"entity_id":"Q47455707","candidates":[]}],[{"start":0,"end":38,"url":null,"entity_id":"Q47479732","candidates":[]}],[{"start":0,"end":24,"url":null,"entity_id":"Q47271126","candidates":[]}]],[[{"start":0,"end":35,"url":null,"entity_id":"Q47455521","candidates":[]}],[{"start":0,"end":35,"url":null,"entity_id":"Q47455068","candidates":[]}],[{"start":0,"end":35,"url":null,"entity_id":"Q47198375","candidates":[]}]],[[{"start":0,"end":60,"url":null,"entity_id":"Q47463919","candidates":[]}],[{"start":0,"end":60,"url":null,"entity_id":"Q47291856","candidates":[]}],[{"start":0,"end":60,"url":null,"entity_id":"Q47476888","candidates":[]}]],[[{"start":0,"end":24,"url":null,"entity_id":"Q47463810","candidates":[]}],[{"start":0,"end":24,"url":null,"entity_id":"Q47483943","candidates":[]}],[{"start":0,"end":24,"url":null,"entity_id":"Q47466049","candidates":[]}]],[[{"start":0,"end":45,"url":null,"entity_id":"Q47463758","candidates":[]}],[{"start":0,"end":45,"url":null,"entity_id":"Q47169066","candidates":[]}],[{"start":0,"end":50,"url":null,"entity_id":"Q47260143","candidates":[]}]],[[{"start":0,"end":52,"url":null,"entity_id":"Q47304910","candidates":[]}],[{"start":0,"end":52,"url":null,"entity_id":"Q47458407","candidates":[]}],[{"start":0,"end":52,"url":null,"entity_id":"Q47484356","candidates":[]}]],[[{"start":0,"end":27,"url":null,"entity_id":"Q47306791","candidates":[]}],[{"start":0,"end":27,"url":null,"entity_id":"Q47388407","candidates":[]}],[{"start":0,"end":27,"url":null,"entity_id":"Q47483851","candidates":[]}]],[[{"start":0,"end":55,"url":null,"entity_id":"Q47309078","candidates":[]}],[{"start":0,"end":55,"url":null,"entity_id":"Q47471803","candidates":[]}],[{"start":0,"end":55,"url":null,"entity_id":"Q47483443","candidates":[]}]],[[{"start":0,"end":57,"url":null,"entity_id":"Q47307059","candidates":[]}],[{"start":0,"end":57,"url":null,"entity_id":"Q47467043","candidates":[]}],[{"start":0,"end":57,"url":null,"entity_id":"Q47477244","candidates":[]}]],[[{"start":0,"end":61,"url":null,"entity_id":"Q47295061","candidates":[]}],[{"start":0,"end":61,"url":null,"entity_id":"Q47259576","candidates":[]}],[{"start":0,"end":92,"url":null,"entity_id":"Q47472832","candidates":[]}]],[[{"start":0,"end":54,"url":null,"entity_id":"Q47295650","candidates":[]}],[{"start":0,"end":40,"url":null,"entity_id":"Q47166192","candidates":[]}],[{"start":0,"end":54,"url":null,"entity_id":"Q47468706","candidates":[]}]],[[{"start":0,"end":41,"url":null,"entity_id":"Q47299881","candidates":[]}],[{"start":0,"end":27,"url":null,"entity_id":"Q47472565","candidates":[]}],[{"start":0,"end":91,"url":null,"entity_id":"Q47467381","candidates":[]}]],[[{"start":0,"end":46,"url":null,"entity_id":"Q47298883","candidates":[]}],[{"start":0,"end":46,"url":null,"entity_id":"Q47461872","candidates":[]}],[{"start":0,"end":68,"url":null,"entity_id":"Q47455939","candidates":[]}]],[[{"start":0,"end":44,"url":null,"entity_id":"Q47299787","candidates":[]}],[{"start":0,"end":51,"url":null,"entity_id":"Q47169501","candidates":[]}],[{"start":0,"end":47,"url":null,"entity_id":"Q47296817","candidates":[]}]],[[{"start":0,"end":45,"url":null,"entity_id":"Q47289474","candidates":[]}],[{"start":0,"end":45,"url":null,"entity_id":"Q47250296","candidates":[]}],[{"start":0,"end":78,"url":null,"entity_id":"Q47285450","candidates":[]}]],[[{"start":0,"end":36,"url":null,"entity_id":"Q47459987","candidates":[]}],[{"start":0,"end":40,"url":null,"entity_id":"Q47467316","candidates":[]}],[{"start":0,"end":36,"url":null,"entity_id":"Q47469692","candidates":[]}]],[[{"start":0,"end":46,"url":null,"entity_id":"Q47314563","candidates":[]}],[{"start":0,"end":46,"url":null,"entity_id":"Q47467170","candidates":[]}],[{"start":0,"end":46,"url":null,"entity_id":"Q47478287","candidates":[]}]],[[{"start":0,"end":38,"url":null,"entity_id":"Q47314006","candidates":[]}],[{"start":0,"end":38,"url":null,"entity_id":"Q47474444","candidates":[]}],[{"start":0,"end":47,"url":null,"entity_id":"Q47477675","candidates":[]}]],[[{"start":0,"end":39,"url":null,"entity_id":"Q47309582","candidates":[]}],[{"start":0,"end":39,"url":null,"entity_id":"Q47470451","candidates":[]}],[{"start":0,"end":39,"url":null,"entity_id":"Q47469545","candidates":[]}]]]}