{"version":"1.2","table":{"version":"2","table_id":"OP3LR2PJ","columns":[{"index":0,"name":"col0","values":["Royal Victria Hospital (Block Dated 1849)","Skiddaw Builing","AdministrationBlock Of Raikeswood Hospital","The Beverley Westwood Hospital (Original Block","Medina Hruse","Northern Part Of The Busy Bee Day Nursery Dt Newholme Hospital","Newiolme Hospital Porters Lodge","Community Transport Office At Newolme Hospital","NewholmeHospital (Main Bilding)","Ripon and DistrictHospital Main Block","South Range Of Eattern Courtyard At Babington Hospital","North Range Of Eastern Coutyard At Babington Hospital","Main Entrance Lodge To Eastern Courtyard At Babingtqn Hospital","Western Range To Eastern Courtyard Av Babington Hospital","Withington Hospival (Principal Administrative Block)","Sherburn HospitalDispensary","St Bernard's Iospital","Hereford General ospital (Central Block)","Nether Edge Hospital, ingswood Building","The X-Ray Department, Formerly The Underground Hospital, Erith And District ospital"]},{"index":1,"name":"col1","values":["Grade II listed building","Grade II listed building","Grade II listed building","Grade II listed building","Grade II listed building","Grade II listed building","Grade II listed building","Grade II listed building","Grade II listed building","Grade II listed building","Grade II listed building","Grade II listed building","Grade II listed building","Grade II listed building","Grade II listed building","Grade II listed building","Grade II listed building","Grade II listed building","Grade II listed building","Grade II listed building"]},{"index":2,"name":"col2","values":["Royal Victoria Hospital","Carlisle City General Hospital","Raikeswood Hospital","Westwood Hospital","Lloyd Hospital","Newholme Hospital","Newholme Hospital","Newholme Hospital","Newholme Hospital","Ripon Community Hospital","Babington Hospital","Babington Hospital","Babington Hospital","Babington Hospital","Withington Community Hospital","Sherburn Hospital","St Bernard's Hospital","Hereford General Hospital","Nether Edge Hospital","Erith and District Hospital"]}]},"context":{"page_title":null,"page_url":null,"page_entity_id":null,"content_hierarchy":[]},"links":[[[{"start":0,"end":41,"url":null,"entity_id":"Q26432002","candidates":[]}],[{"start":0,"end":24,"url":null,"entity_id":"Q15700834","candidates":[]}],[{"start":0,"end":23,"url":null,"entity_id":"Q84238284","candidates":[]}]],[[{"start":0,"end":15,"url":null,"entity_id":"Q26491445","candidates":[]}],[{"start":0,"end":24,"url":null,"entity_id":"Q15700834","candidates":[]}],[{"start":0,"end":30,"url":null,"entity_id":"Q84237787","candidates":[]}]],[[{"start":0,"end":42,"url":null,"entity_id":"Q26424830","candidates":[]}],[{"start":0,"end":24,"url":null,"entity_id":"Q15700834","candidates":[]}],[{"start":0,"end":19,"url":null,"entity_id":"Q84235743","candidates":[]}]],[[{"start":0,"end":46,"url":null,"entity_id":"Q26515733","candidates":[]}],[{"start":0,"end":24,"url":null,"entity_id":"Q15700834","candidates":[]}],[{"start":0,"end":17,"url":null,"entity_id":"Q84223656","candidates":[]}]],[[{"start":0,"end":12,"url":null,"entity_id":"Q26498893","candidates":[]}],[{"start":0,"end":24,"url":null,"entity_id":"Q15700834","candidates":[]}],[{"start":0,"end":14,"url":null,"entity_id":"Q84179048","candidates":[]}]],[[{"start":0,"end":62,"url":null,"entity_id":"Q26440990","candidates":[]}],[{"start":0,"end":24,"url":null,"entity_id":"Q15700834","candidates":[]}],[{"start":0,"end":17,"url":null,"entity_id":"Q30293134","candidates":[]}]],[[{"start":0,"end":31,"url":null,"entity_id":"Q26440989","candidates":[]}],[{"start":0,"end":24,"url":null,"entity_id":"Q15700834","candidates":[]}],[{"start":0,"end":17,"url":null,"entity_id":"Q30293134","candidates":[]}]],[[{"start":0,"end":46,"url":null,"entity_id":"Q26440988","candidates":[]}],[{"start":0,"end":24,"url":null,"entity_id":"Q15700834","candidates":[]}],[{"start":0,"end":17,"url":null,"entity_id":"Q30293134","candidates":[]}]],[[{"start":0,"end":31,"url":null,"entity_id":"Q26440987","candidates":[]}],[{"start":0,"end":24,"url":null,"entity_id":"Q15700834","candidates":[]}],[{"start":0,"end":17,"url":null,"entity_id":"Q30293134","candidates":[]}]],[[{"start":0,"end":37,"url":null,"entity_id":"Q26554110","candidates":[]}],[{"start":0,"end":24,"url":null,"entity_id":"Q15700834","candidates":[]}],[{"start":0,"end":24,"url":null,"entity_id":"Q30292965","candidates":[]}]],[[{"start":0,"end":54,"url":null,"entity_id":"Q26391331","candidates":[]}],[{"start":0,"end":24,"url":null,"entity_id":"Q15700834","candidates":[]}],[{"start":0,"end":18,"url":null,"entity_id":"Q30292853","candidates":[]}]],[[{"start":0,"end":53,"url":null,"entity_id":"Q26379829","candidates":[]}],[{"start":0,"end":24,"url":null,"entity_id":"Q15700834","candidates":[]}],[{"start":0,"end":18,"url":null,"entity_id":"Q30292853","candidates":[]}]],[[{"start":0,"end":62,"url":null,"entity_id":"Q26379828","candidates":[]}],[{"start":0,"end":24,"url":null,"entity_id":"Q15700834","candidates":[]}],[{"start":0,"end":18,"url":null,"entity_id":"Q30292853","candidates":[]}]],[[{"start":0,"end":56,"url":null,"entity_id":"Q26379827","candidates":[]}],[{"start":0,"end":24,"url":null,"entity_id":"Q15700834","candidates":[]}],[{"start":0,"end":18,"url":null,"entity_id":"Q30292853","candidates":[]}]],[[{"start":0,"end":52,"url":null,"entity_id":"Q26514776","candidates":[]}],[{"start":0,"end":24,"url":null,"entity_id":"Q15700834","candidates":[]}],[{"start":0,"end":29,"url":null,"entity_id":"Q8028200","candidates":[]}]],[[{"start":0,"end":27,"url":null,"entity_id":"Q26413961","candidates":[]}],[{"start":0,"end":24,"url":null,"entity_id":"Q15700834","candidates":[]}],[{"start":0,"end":17,"url":null,"entity_id":"Q7494762","candidates":[]}]],[[{"start":0,"end":21,"url":null,"entity_id":"Q26351687","candidates":[]}],[{"start":0,"end":24,"url":null,"entity_id":"Q15700834","candidates":[]}],[{"start":0,"end":21,"url":null,"entity_id":"Q5651415","candidates":[]}]],[[{"start":0,"end":40,"url":null,"entity_id":"Q26586247","candidates":[]}],[{"start":0,"end":24,"url":null,"entity_id":"Q15700834","candidates":[]}],[{"start":0,"end":25,"url":null,"entity_id":"Q84315402","candidates":[]}]],[[{"start":0,"end":39,"url":null,"entity_id":"Q26560885","candidates":[]}],[{"start":0,"end":24,"url":null,"entity_id":"Q15700834","candidates":[]}],[{"start":0,"end":20,"url":null,"entity_id":"Q84236541","candidates":[]}]],[[{"start":0,"end":83,"url":null,"entity_id":"Q26672442","candidates":[]}],[{"start":0,"end":24,"url":null,"entity_id":"Q15700834","candidates":[]}],[{"start":0,"end":27,"url":null,"entity_id":"Q30293058","candidates":[]}]]]}