{"version":"1.2","table":{"version":"2","table_id":"OPU3A2LA","columns":[{"index":0,"name":"col0","values":["Biskra","El Tarf Province","Boumerdès Province","Tipasa Province","Jijel Province","Oum El Bouaghi Province","Béjaïa Province","Bouïra Province","El Oued Province","Tizi Ouzou Province","Tiaret Province","Constantine Province","Chlef Province","Laghouat Province","Oran Province","Tamanghasset Province","Béchar Province","Batna Province","Adrar Province","Aïn Defla Province"]},{"index":1,"name":"col1","values":["20986","3339","1591","2166","2577","6768","3268","4439","54573","3568","20673","2187","4975","25057","2114","556200","161400","12192","497197","4897"]},{"index":2,"name":"col2","values":["105","15","61","8","541","918","30","647","89","179","1186","616","195","834","106","853","627","1490","276","315"]},{"index":3,"name":"col3","values":["721356","408414","801068","591010","634412","621612","912577","694750","673934","1190981","842060","943112","1002088","455602","1454078","198691","270061","1119791","399714","722300"]}]},"context":{"page_title":null,"page_url":null,"page_entity_id":null,"content_hierarchy":[]},"links":[[[{"start":0,"end":6,"url":null,"entity_id":"Q458402","candidates":[]}],[],[],[]],[[{"start":0,"end":16,"url":null,"entity_id":"Q236788","candidates":[]}],[],[],[]],[[{"start":0,"end":18,"url":null,"entity_id":"Q236752","candidates":[]}],[],[],[]],[[{"start":0,"end":15,"url":null,"entity_id":"Q235814","candidates":[]}],[],[],[]],[[{"start":0,"end":14,"url":null,"entity_id":"Q235718","candidates":[]}],[],[],[]],[[{"start":0,"end":23,"url":null,"entity_id":"Q235705","candidates":[]}],[],[],[]],[[{"start":0,"end":15,"url":null,"entity_id":"Q233665","candidates":[]}],[],[],[]],[[{"start":0,"end":15,"url":null,"entity_id":"Q233655","candidates":[]}],[],[],[]],[[{"start":0,"end":16,"url":null,"entity_id":"Q233651","candidates":[]}],[],[],[]],[[{"start":0,"end":19,"url":null,"entity_id":"Q233645","candidates":[]}],[],[],[]],[[{"start":0,"end":15,"url":null,"entity_id":"Q233258","candidates":[]}],[],[],[]],[[{"start":0,"end":20,"url":null,"entity_id":"Q232043","candidates":[]}],[],[],[]],[[{"start":0,"end":14,"url":null,"entity_id":"Q231752","candidates":[]}],[],[],[]],[[{"start":0,"end":17,"url":null,"entity_id":"Q231748","candidates":[]}],[],[],[]],[[{"start":0,"end":13,"url":null,"entity_id":"Q231331","candidates":[]}],[],[],[]],[[{"start":0,"end":21,"url":null,"entity_id":"Q229467","candidates":[]}],[],[],[]],[[{"start":0,"end":15,"url":null,"entity_id":"Q215467","candidates":[]}],[],[],[]],[[{"start":0,"end":14,"url":null,"entity_id":"Q215452","candidates":[]}],[],[],[]],[[{"start":0,"end":14,"url":null,"entity_id":"Q188166","candidates":[]}],[],[],[]],[[{"start":0,"end":18,"url":null,"entity_id":"Q168953","candidates":[]}],[],[],[]]]}