{"version":"1.2","table":{"version":"2","table_id":"OQJDLK17","columns":[{"index":0,"name":"col0","values":["Kaulsdorf","Biesdorf","Westend","Schmargendorf, Berlin","Charlottenburg-Nord","Niederschöneweide","Oberschöneweide","Baumschulenweg","Friedrichsfelde","Wittenau","Malchow","Lübars","Lichtenrade","Alt-Treptow","Blankenburg","Lankwitz","Wedding","Friedenau","Wilmersdorf","Alt-Hohenschönhausen"]},{"index":1,"name":"col1","values":["Marzahn-Hellersdorf","Marzahn-Hellersdorf","Charlottenburg-Wilmersdorf","Charlottenburg-Wilmersdorf","Charlottenburg-Wilmersdorf","Treptow-Köpenick","Treptow-Köpenick","Treptow-Köpenick","Lichtenberg","Reinickendorf","Lichtenberg","Reinickendorf","Tempelhof-Schöneberg","Treptow-Köpenick","Pankow","Steglitz-Zehlendorf","Mitte","Tempelhof-Schöneberg","Charlottenburg-Wilmersdorf","Lichtenberg"]},{"index":2,"name":"col2","values":["18656","25622","39969","21011","18856","10446","18919","17186","52502","25118","508","4969","49843","10859","6536","41955","83612","27499","98034","42609"]},{"index":3,"name":"col3","values":["55","44","60","47","28","36","36","37","39","41","57","53","45","36","47","43","41","44","39","55"]},{"index":4,"name":"col4","values":["8.81","12.44","13.53","3.59","6.2","3.49","6.18","4.82","5.55","5.9","1.54","5","10.1","2.31","6.03","6.99","9.23","1.65","7.16","9.33"]},{"index":5,"name":"col5","values":["Biesdorf","Kaulsdorf","Charlottenburg-Nord","Halensee","Westend","Baumschulenweg","Niederschöneweide","Niederschöneweide","Lichtenberg","Reinickendorf","Neu-Hohenschönhausen","Hermsdorf","Mariendorf","Neukölln","Pankow","Marienfelde","Reinickendorf","Wilmersdorf","Friedenau","Weissensee"]}]},"context":{"page_title":null,"page_url":null,"page_entity_id":null,"content_hierarchy":[]},"links":[[[{"start":0,"end":9,"url":null,"entity_id":"Q665953","candidates":[]}],[{"start":0,"end":19,"url":null,"entity_id":"Q119284","candidates":[]}],[],[],[],[{"start":0,"end":8,"url":null,"entity_id":"Q666141","candidates":[]}]],[[{"start":0,"end":8,"url":null,"entity_id":"Q666141","candidates":[]}],[{"start":0,"end":19,"url":null,"entity_id":"Q119284","candidates":[]}],[],[],[],[{"start":0,"end":9,"url":null,"entity_id":"Q665953","candidates":[]}]],[[{"start":0,"end":7,"url":null,"entity_id":"Q649947","candidates":[]}],[{"start":0,"end":26,"url":null,"entity_id":"Q158095","candidates":[]}],[],[],[],[{"start":0,"end":19,"url":null,"entity_id":"Q659451","candidates":[]}]],[[{"start":0,"end":21,"url":null,"entity_id":"Q641689","candidates":[]}],[{"start":0,"end":26,"url":null,"entity_id":"Q158095","candidates":[]}],[],[],[],[{"start":0,"end":8,"url":null,"entity_id":"Q651009","candidates":[]}]],[[{"start":0,"end":19,"url":null,"entity_id":"Q659451","candidates":[]}],[{"start":0,"end":26,"url":null,"entity_id":"Q158095","candidates":[]}],[],[],[],[{"start":0,"end":7,"url":null,"entity_id":"Q649947","candidates":[]}]],[[{"start":0,"end":17,"url":null,"entity_id":"Q644062","candidates":[]}],[{"start":0,"end":16,"url":null,"entity_id":"Q158089","candidates":[]}],[],[],[],[{"start":0,"end":14,"url":null,"entity_id":"Q644363","candidates":[]}]],[[{"start":0,"end":15,"url":null,"entity_id":"Q644448","candidates":[]}],[{"start":0,"end":16,"url":null,"entity_id":"Q158089","candidates":[]}],[],[],[],[{"start":0,"end":17,"url":null,"entity_id":"Q644062","candidates":[]}]],[[{"start":0,"end":14,"url":null,"entity_id":"Q644363","candidates":[]}],[{"start":0,"end":16,"url":null,"entity_id":"Q158089","candidates":[]}],[],[],[],[{"start":0,"end":17,"url":null,"entity_id":"Q644062","candidates":[]}]],[[{"start":0,"end":15,"url":null,"entity_id":"Q563588","candidates":[]}],[{"start":0,"end":11,"url":null,"entity_id":"Q329609","candidates":[]}],[],[],[],[{"start":0,"end":11,"url":null,"entity_id":"Q9169094","candidates":[]}]],[[{"start":0,"end":8,"url":null,"entity_id":"Q564913","candidates":[]}],[{"start":0,"end":13,"url":null,"entity_id":"Q158876","candidates":[]}],[],[],[],[{"start":0,"end":13,"url":null,"entity_id":"Q694034","candidates":[]}]],[[{"start":0,"end":7,"url":null,"entity_id":"Q563541","candidates":[]}],[{"start":0,"end":11,"url":null,"entity_id":"Q329609","candidates":[]}],[],[],[],[{"start":0,"end":20,"url":null,"entity_id":"Q569866","candidates":[]}]],[[{"start":0,"end":6,"url":null,"entity_id":"Q563664","candidates":[]}],[{"start":0,"end":13,"url":null,"entity_id":"Q158876","candidates":[]}],[],[],[],[{"start":0,"end":9,"url":null,"entity_id":"Q565018","candidates":[]}]],[[{"start":0,"end":11,"url":null,"entity_id":"Q821101","candidates":[]}],[{"start":0,"end":20,"url":null,"entity_id":"Q158106","candidates":[]}],[],[],[],[{"start":0,"end":10,"url":null,"entity_id":"Q602159","candidates":[]}]],[[{"start":0,"end":11,"url":null,"entity_id":"Q702517","candidates":[]}],[{"start":0,"end":16,"url":null,"entity_id":"Q158089","candidates":[]}],[],[],[],[{"start":0,"end":8,"url":null,"entity_id":"Q169492","candidates":[]}]],[[{"start":0,"end":11,"url":null,"entity_id":"Q693582","candidates":[]}],[{"start":0,"end":6,"url":null,"entity_id":"Q163012","candidates":[]}],[],[],[],[{"start":0,"end":6,"url":null,"entity_id":"Q4707648","candidates":[]}]],[[{"start":0,"end":8,"url":null,"entity_id":"Q671474","candidates":[]}],[{"start":0,"end":19,"url":null,"entity_id":"Q158064","candidates":[]}],[],[],[],[{"start":0,"end":11,"url":null,"entity_id":"Q695777","candidates":[]}]],[[{"start":0,"end":7,"url":null,"entity_id":"Q675187","candidates":[]}],[{"start":0,"end":5,"url":null,"entity_id":"Q163966","candidates":[]}],[],[],[],[{"start":0,"end":13,"url":null,"entity_id":"Q694034","candidates":[]}]],[[{"start":0,"end":9,"url":null,"entity_id":"Q692390","candidates":[]}],[{"start":0,"end":20,"url":null,"entity_id":"Q158106","candidates":[]}],[],[],[],[{"start":0,"end":11,"url":null,"entity_id":"Q693628","candidates":[]}]],[[{"start":0,"end":11,"url":null,"entity_id":"Q693628","candidates":[]}],[{"start":0,"end":26,"url":null,"entity_id":"Q158095","candidates":[]}],[],[],[],[{"start":0,"end":9,"url":null,"entity_id":"Q692390","candidates":[]}]],[[{"start":0,"end":20,"url":null,"entity_id":"Q675118","candidates":[]}],[{"start":0,"end":11,"url":null,"entity_id":"Q329609","candidates":[]}],[],[],[],[{"start":0,"end":10,"url":null,"entity_id":"Q675164","candidates":[]}]]]}