{"version":"1.2","table":{"version":"2","table_id":"OR5M951K","columns":[{"index":0,"name":"col0","values":["municipal chamber of Jaboatão dos Guararapes","municipal chamber of Osasco","Santo André City Council","municipal chamber of Joao Pessoa","municipal chamber of Sao Bernardo do Campo","municipal chamber of Teresina","municipal chamber of Duque de Caxias","municipal chamber of Maceio","municipal chamber of São Gonçalo","municipal chamber of Ribeirão Preto","Municipal Chamber of Goiânia","Municipal Chamber of Porto Alegre","Municipal Chamber of Curitiba","Municipal Chamber of Manaus","Municipal Chamber of Belo Horizonte","Municipal Chamber of Fortaleza","Municipal Chamber of Salvador","Municipal Chamber of São Luís","Municipal Chamber of Campinas","Municipal Chamber of Guarulhos"]},{"index":1,"name":"col1","values":["27","21","21","27","28","29","29","21","27","27","38","36","38","41","41","43","43","31","33","37"]},{"index":2,"name":"col2","values":["0","0","0","0","0","0","0","0","0","0","0","0","0","0","0","0","0","0","0","0"]}]},"context":{"page_title":null,"page_url":null,"page_entity_id":null,"content_hierarchy":[]},"links":[[[{"start":0,"end":44,"url":null,"entity_id":"Q56450229","candidates":[]}],[],[]],[[{"start":0,"end":27,"url":null,"entity_id":"Q56450228","candidates":[]}],[],[]],[[{"start":0,"end":24,"url":null,"entity_id":"Q56450226","candidates":[]}],[],[]],[[{"start":0,"end":32,"url":null,"entity_id":"Q56450225","candidates":[]}],[],[]],[[{"start":0,"end":42,"url":null,"entity_id":"Q56450224","candidates":[]}],[],[]],[[{"start":0,"end":29,"url":null,"entity_id":"Q56450223","candidates":[]}],[],[]],[[{"start":0,"end":36,"url":null,"entity_id":"Q56450222","candidates":[]}],[],[]],[[{"start":0,"end":27,"url":null,"entity_id":"Q56450221","candidates":[]}],[],[]],[[{"start":0,"end":32,"url":null,"entity_id":"Q56450220","candidates":[]}],[],[]],[[{"start":0,"end":35,"url":null,"entity_id":"Q56349614","candidates":[]}],[],[]],[[{"start":0,"end":28,"url":null,"entity_id":"Q53935073","candidates":[]}],[],[]],[[{"start":0,"end":33,"url":null,"entity_id":"Q53935048","candidates":[]}],[],[]],[[{"start":0,"end":29,"url":null,"entity_id":"Q53935035","candidates":[]}],[],[]],[[{"start":0,"end":27,"url":null,"entity_id":"Q53935013","candidates":[]}],[],[]],[[{"start":0,"end":35,"url":null,"entity_id":"Q53935004","candidates":[]}],[],[]],[[{"start":0,"end":30,"url":null,"entity_id":"Q53934998","candidates":[]}],[],[]],[[{"start":0,"end":29,"url":null,"entity_id":"Q53934981","candidates":[]}],[],[]],[[{"start":0,"end":29,"url":null,"entity_id":"Q53934979","candidates":[]}],[],[]],[[{"start":0,"end":29,"url":null,"entity_id":"Q53934977","candidates":[]}],[],[]],[[{"start":0,"end":30,"url":null,"entity_id":"Q53934976","candidates":[]}],[],[]]]}