{"version":"1.2","table":{"version":"2","table_id":"OTPHL2F0","columns":[{"index":0,"name":"col0","values":["quus asinus","Bos grunnjens","Homo apiens","Equs caballus","Javan usa","Sothern tree hyrax","Bornean oraogutan","Sambar dehr","mountain taplr","Equus revyi","Bair's tapir","Smphalangus syndactylus","Pèue David's Deer","Malayantapir","Ponghorn","Bos javankcus","Lama guanieoe","Vicgna vicugna","Ceratotherlum simum","spectaled bear"]},{"index":1,"name":"col1","values":["47.0","26.352600000000002","123.67349","61.122","21.2266","13.5864","58.764","26.3208","28.386","31.062","29.718400000000003","42.613","27.4175","36.3175","15.531","26.829","33.4641","31.7896","45.224999999999994","38.961"]},{"index":2,"name":"col2","values":["369.705","264.528","279.44","332.655","240.71999999999997","230.46","247.752","238.8","395.395","391.94999999999993","396.58","232.0","287.28000000000003","392.436","249.25","282.15","348.48","341.7","366.46","247.74099999999999"]}]},"context":{"page_title":null,"page_url":null,"page_entity_id":null,"content_hierarchy":[]},"links":[[[{"start":0,"end":11,"url":null,"entity_id":"Q19829417","candidates":[]}],[],[]],[[{"start":0,"end":13,"url":null,"entity_id":"Q19829410","candidates":[]}],[],[]],[[{"start":0,"end":11,"url":null,"entity_id":"Q15978631","candidates":[]}],[],[]],[[{"start":0,"end":13,"url":null,"entity_id":"Q10758650","candidates":[]}],[],[]],[[{"start":0,"end":9,"url":null,"entity_id":"Q663412","candidates":[]}],[],[]],[[{"start":0,"end":18,"url":null,"entity_id":"Q608652","candidates":[]}],[],[]],[[{"start":0,"end":17,"url":null,"entity_id":"Q599672","candidates":[]}],[],[]],[[{"start":0,"end":11,"url":null,"entity_id":"Q229337","candidates":[]}],[],[]],[[{"start":0,"end":14,"url":null,"entity_id":"Q223960","candidates":[]}],[],[]],[[{"start":0,"end":11,"url":null,"entity_id":"Q219565","candidates":[]}],[],[]],[[{"start":0,"end":12,"url":null,"entity_id":"Q215997","candidates":[]}],[],[]],[[{"start":0,"end":23,"url":null,"entity_id":"Q213889","candidates":[]}],[],[]],[[{"start":0,"end":17,"url":null,"entity_id":"Q207906","candidates":[]}],[],[]],[[{"start":0,"end":12,"url":null,"entity_id":"Q192710","candidates":[]}],[],[]],[[{"start":0,"end":8,"url":null,"entity_id":"Q187943","candidates":[]}],[],[]],[[{"start":0,"end":13,"url":null,"entity_id":"Q183035","candidates":[]}],[],[]],[[{"start":0,"end":13,"url":null,"entity_id":"Q172886","candidates":[]}],[],[]],[[{"start":0,"end":14,"url":null,"entity_id":"Q167797","candidates":[]}],[],[]],[[{"start":0,"end":19,"url":null,"entity_id":"Q159918","candidates":[]}],[],[]],[[{"start":0,"end":14,"url":null,"entity_id":"Q137641","candidates":[]}],[],[]]]}