[{"version":1,"nodes":[{"col_index":0,"label":"col0","id":0},{"col_index":1,"label":"col1","id":1},{"col_index":2,"label":"col2","id":2},{"abs_uri":"http://www.wikidata.org/entity/Q158683","rel_uri":"wd:Q158683","approximation":false,"readable_label":"province of Afghanistan (Q158683)","id":3},{"abs_uri":"http://www.wikidata.org/entity/Q496825","rel_uri":"wd:Q496825","approximation":false,"readable_label":"district of Afghanistan (Q496825)","id":4},{"abs_uri":"http://www.wikidata.org/entity/Q1288568","rel_uri":"wd:Q1288568","approximation":false,"readable_label":"modern language (Q1288568)","id":5}],"edges":[{"source":3,"target":0,"abs_uri":"http://www.w3.org/2000/01/rdf-schema#label","rel_uri":"rdfs:label","approximation":false,"readable_label":"rdfs:label","id":0},{"source":4,"target":1,"abs_uri":"http://www.w3.org/2000/01/rdf-schema#label","rel_uri":"rdfs:label","approximation":false,"readable_label":"rdfs:label","id":1},{"source":5,"target":2,"abs_uri":"http://www.w3.org/2000/01/rdf-schema#label","rel_uri":"rdfs:label","approximation":false,"readable_label":"rdfs:label","id":2},{"source":3,"target":4,"abs_uri":"http://www.wikidata.org/prop/P150","rel_uri":"p:P150","approximation":false,"readable_label":"contains administrative territorial entity (P150)","id":3},{"source":3,"target":5,"abs_uri":"http://www.wikidata.org/prop/P2936","rel_uri":"p:P2936","approximation":false,"readable_label":"language used (P2936)","id":4}]}]