[{"version":1,"nodes":[{"col_index":0,"label":"col0","id":0},{"col_index":1,"label":"col1","id":1},{"col_index":2,"label":"col2","id":2},{"col_index":3,"label":"col3","id":3},{"col_index":4,"label":"col4","id":4},{"abs_uri":"http://www.wikidata.org/entity/Q3345345","rel_uri":"wd:Q3345345","approximation":false,"readable_label":"municipality of Latvia (Q3345345)","id":5}],"edges":[{"source":5,"target":0,"abs_uri":"http://www.w3.org/2000/01/rdf-schema#label","rel_uri":"rdfs:label","approximation":false,"readable_label":"rdfs:label","id":0},{"source":5,"target":1,"abs_uri":"http://www.wikidata.org/prop/P36","rel_uri":"p:P36","approximation":false,"readable_label":"capital (P36)","id":1},{"source":5,"target":2,"abs_uri":"http://www.wikidata.org/prop/P1889","rel_uri":"p:P1889","approximation":false,"readable_label":"different from (P1889)","id":2},{"source":5,"target":3,"abs_uri":"http://www.wikidata.org/prop/P47","rel_uri":"p:P47","approximation":false,"readable_label":"shares border with (P47)","id":3},{"source":5,"target":4,"abs_uri":"http://www.wikidata.org/prop/P571","rel_uri":"p:P571","approximation":false,"readable_label":"inception (P571)","id":4}]}]