[{"version":1,"nodes":[{"col_index":0,"label":"col0","id":0},{"col_index":1,"label":"col1","id":1},{"col_index":2,"label":"col2","id":2},{"col_index":3,"label":"col3","id":3},{"abs_uri":"http://www.wikidata.org/entity/Q618198","rel_uri":"wd:Q618198","approximation":false,"readable_label":"isotope of erbium (Q618198)","id":4}],"edges":[{"source":4,"target":0,"abs_uri":"http://www.w3.org/2000/01/rdf-schema#label","rel_uri":"rdfs:label","approximation":false,"readable_label":"rdfs:label","id":0},{"source":4,"target":1,"abs_uri":"http://www.wikidata.org/prop/P1086","rel_uri":"p:P1086","approximation":false,"readable_label":"atomic number (P1086)","id":1},{"source":4,"target":2,"abs_uri":"http://www.wikidata.org/prop/P2160","rel_uri":"p:P2160","approximation":false,"readable_label":"mass excess (P2160)","id":2},{"source":4,"target":3,"abs_uri":"http://www.wikidata.org/prop/P2114","rel_uri":"p:P2114","approximation":false,"readable_label":"half-life (P2114)","id":3}]}]