[{"version":1,"nodes":[{"col_index":0,"label":"col0","id":0},{"col_index":1,"label":"col1","id":1},{"col_index":2,"label":"col2","id":2},{"col_index":3,"label":"col3","id":3},{"col_index":4,"label":"col4","id":4},{"abs_uri":"http://www.wikidata.org/entity/Q294562","rel_uri":"wd:Q294562","approximation":false,"readable_label":"Polar (Q294562)","id":5}],"edges":[{"source":5,"target":0,"abs_uri":"http://www.w3.org/2000/01/rdf-schema#label","rel_uri":"rdfs:label","approximation":false,"readable_label":"rdfs:label","id":0},{"source":5,"target":1,"abs_uri":"http://www.wikidata.org/prop/P2214","rel_uri":"p:P2214","approximation":false,"readable_label":"parallax (P2214)","id":1},{"source":5,"target":2,"abs_uri":"http://www.wikidata.org/prop/P6257","rel_uri":"p:P6257","approximation":false,"readable_label":"right ascension (P6257)","id":2},{"source":5,"target":3,"abs_uri":"http://www.wikidata.org/prop/P1215","rel_uri":"p:P1215","approximation":false,"readable_label":"apparent magnitude (P1215)","id":3},{"source":5,"target":4,"abs_uri":"http://www.wikidata.org/prop/P6258","rel_uri":"p:P6258","approximation":false,"readable_label":"declination (P6258)","id":4}]}]