[{"version":1,"nodes":[{"col_index":0,"label":"col0","id":0},{"col_index":1,"label":"col1","id":1},{"col_index":2,"label":"col2","id":2},{"abs_uri":"http://www.wikidata.org/entity/Q3917681","rel_uri":"wd:Q3917681","approximation":false,"readable_label":"embassy (Q3917681)","id":3}],"edges":[{"source":3,"target":0,"abs_uri":"http://www.w3.org/2000/01/rdf-schema#label","rel_uri":"rdfs:label","approximation":false,"readable_label":"rdfs:label","id":0},{"source":3,"target":1,"abs_uri":"http://www.wikidata.org/prop/P2388","rel_uri":"p:P2388","approximation":false,"readable_label":"office held by head of the organization (P2388)","id":1},{"source":3,"target":2,"abs_uri":"http://www.wikidata.org/prop/P6375","rel_uri":"p:P6375","approximation":false,"readable_label":"street address (P6375)","id":2}]}]