[{"version":1,"nodes":[{"col_index":0,"label":"col0","id":0},{"col_index":1,"label":"col1","id":1},{"col_index":2,"label":"col2","id":2},{"col_index":3,"label":"col3","id":3},{"abs_uri":"http://www.wikidata.org/entity/Q14795564","rel_uri":"wd:Q14795564","approximation":false,"readable_label":"point in time with respect to recurrent timeframe (Q14795564)","id":4},{"abs_uri":"http://www.wikidata.org/entity/Q14795564","rel_uri":"wd:Q14795564","approximation":false,"readable_label":"point in time with respect to recurrent timeframe (Q14795564)","id":5},{"abs_uri":"http://www.wikidata.org/entity/Q14795564","rel_uri":"wd:Q14795564","approximation":false,"readable_label":"point in time with respect to recurrent timeframe (Q14795564)","id":6}],"edges":[{"source":4,"target":0,"abs_uri":"http://www.w3.org/2000/01/rdf-schema#label","rel_uri":"rdfs:label","approximation":false,"readable_label":"rdfs:label","id":0},{"source":5,"target":2,"abs_uri":"http://www.w3.org/2000/01/rdf-schema#label","rel_uri":"rdfs:label","approximation":false,"readable_label":"rdfs:label","id":1},{"source":6,"target":3,"abs_uri":"http://www.w3.org/2000/01/rdf-schema#label","rel_uri":"rdfs:label","approximation":false,"readable_label":"rdfs:label","id":2},{"source":4,"target":5,"abs_uri":"http://www.wikidata.org/prop/P155","rel_uri":"p:P155","approximation":false,"readable_label":"follows (P155)","id":3},{"source":4,"target":6,"abs_uri":"http://www.wikidata.org/prop/P156","rel_uri":"p:P156","approximation":false,"readable_label":"followed by (P156)","id":4},{"source":4,"target":1,"abs_uri":"http://www.wikidata.org/prop/P4895","rel_uri":"p:P4895","approximation":false,"readable_label":"time index (P4895)","id":5}]}]