[{"version":1,"nodes":[{"col_index":0,"label":"col0","id":0},{"col_index":1,"label":"col1","id":1},{"col_index":2,"label":"col2","id":2},{"abs_uri":"http://www.wikidata.org/entity/Q928830","rel_uri":"wd:Q928830","approximation":false,"readable_label":"metro station (Q928830)","id":3},{"abs_uri":"http://www.wikidata.org/entity/Q25377652","rel_uri":"wd:Q25377652","approximation":false,"readable_label":"fare zone (Q25377652)","id":4}],"edges":[{"source":3,"target":0,"abs_uri":"http://www.w3.org/2000/01/rdf-schema#label","rel_uri":"rdfs:label","approximation":false,"readable_label":"rdfs:label","id":0},{"source":4,"target":1,"abs_uri":"http://www.w3.org/2000/01/rdf-schema#label","rel_uri":"rdfs:label","approximation":false,"readable_label":"rdfs:label","id":1},{"source":3,"target":4,"abs_uri":"http://www.wikidata.org/prop/P3610","rel_uri":"p:P3610","approximation":false,"readable_label":"fare zone (P3610)","id":2},{"source":3,"target":2,"abs_uri":"http://www.wikidata.org/prop/P84","rel_uri":"p:P84","approximation":false,"readable_label":"architect (P84)","id":3}]}]