[{"version":1,"nodes":[{"col_index":0,"label":"col0","id":0},{"col_index":1,"label":"col1","id":1},{"col_index":2,"label":"col2","id":2},{"abs_uri":"http://www.wikidata.org/entity/Q16510064","rel_uri":"wd:Q16510064","approximation":false,"readable_label":"sporting event (Q16510064)","id":3}],"edges":[{"source":3,"target":0,"abs_uri":"http://www.w3.org/2000/01/rdf-schema#label","rel_uri":"rdfs:label","approximation":false,"readable_label":"rdfs:label","id":0},{"source":3,"target":1,"abs_uri":"http://www.wikidata.org/prop/P1351","rel_uri":"p:P1351","approximation":false,"readable_label":"number of points/goals/set scored (P1351)","id":1},{"source":3,"target":2,"abs_uri":"http://www.wikidata.org/prop/P1350","rel_uri":"p:P1350","approximation":false,"readable_label":"number of matches played/races/starts (P1350)","id":2}]}]