[{"version":1,"nodes":[{"col_index":0,"label":"col0","id":0},{"col_index":1,"label":"col1","id":1},{"col_index":2,"label":"col2","id":2},{"col_index":3,"label":"col3","id":3},{"col_index":4,"label":"col4","id":4},{"col_index":5,"label":"col5","id":5},{"abs_uri":"http://www.wikidata.org/entity/Q512399","rel_uri":"wd:Q512399","approximation":false,"readable_label":"unmanned spaceflight (Q512399)","id":6},{"abs_uri":"http://www.wikidata.org/entity/Q13226541","rel_uri":"wd:Q13226541","approximation":false,"readable_label":"manned spaceflight programme (Q13226541)","id":7}],"edges":[{"source":6,"target":0,"abs_uri":"http://www.w3.org/2000/01/rdf-schema#label","rel_uri":"rdfs:label","approximation":false,"readable_label":"rdfs:label","id":0},{"source":7,"target":1,"abs_uri":"http://www.w3.org/2000/01/rdf-schema#label","rel_uri":"rdfs:label","approximation":false,"readable_label":"rdfs:label","id":1},{"source":6,"target":7,"abs_uri":"http://www.wikidata.org/prop/P361","rel_uri":"p:P361","approximation":false,"readable_label":"part of (P361)","id":2},{"source":6,"target":2,"abs_uri":"http://www.wikidata.org/prop/P793","rel_uri":"p:P793","approximation":false,"readable_label":"significant event (P793)","id":3},{"source":6,"target":4,"abs_uri":"http://www.wikidata.org/prop/P137","rel_uri":"p:P137","approximation":false,"readable_label":"operator (P137)","id":4},{"source":6,"target":5,"abs_uri":"http://www.wikidata.org/prop/P375","rel_uri":"p:P375","approximation":false,"readable_label":"space launch vehicle (P375)","id":5},{"source":6,"target":3,"abs_uri":"http://www.wikidata.org/prop/P2067","rel_uri":"p:P2067","approximation":false,"readable_label":"mass (P2067)","id":6}]}]