[{"version":1,"nodes":[{"col_index":0,"label":"col0","id":0},{"col_index":1,"label":"col1","id":1},{"col_index":2,"label":"col2","id":2},{"col_index":3,"label":"col3","id":3},{"col_index":4,"label":"col4","id":4},{"abs_uri":"http://www.wikidata.org/entity/Q324233","rel_uri":"wd:Q324233","approximation":false,"readable_label":"torpedo boat (Q324233)","id":5},{"abs_uri":"http://www.wikidata.org/entity/Q190928","rel_uri":"wd:Q190928","approximation":false,"readable_label":"shipyard (Q190928)","id":6},{"abs_uri":"http://www.wikidata.org/entity/Q559026","rel_uri":"wd:Q559026","approximation":false,"readable_label":"ship class (Q559026)","id":7}],"edges":[{"source":5,"target":0,"abs_uri":"http://www.w3.org/2000/01/rdf-schema#label","rel_uri":"rdfs:label","approximation":false,"readable_label":"rdfs:label","id":0},{"source":6,"target":2,"abs_uri":"http://www.w3.org/2000/01/rdf-schema#label","rel_uri":"rdfs:label","approximation":false,"readable_label":"rdfs:label","id":1},{"source":7,"target":4,"abs_uri":"http://www.w3.org/2000/01/rdf-schema#label","rel_uri":"rdfs:label","approximation":false,"readable_label":"rdfs:label","id":2},{"source":5,"target":6,"abs_uri":"http://www.wikidata.org/prop/P176","rel_uri":"p:P176","approximation":false,"readable_label":"manufacturer (P176)","id":3},{"source":5,"target":3,"abs_uri":"http://www.wikidata.org/prop/P516","rel_uri":"p:P516","approximation":false,"readable_label":"powered by (P516)","id":4},{"source":5,"target":7,"abs_uri":"http://www.wikidata.org/prop/P289","rel_uri":"p:P289","approximation":false,"readable_label":"vessel class (P289)","id":5},{"source":5,"target":1,"abs_uri":"http://www.wikidata.org/prop/P729","rel_uri":"p:P729","approximation":false,"readable_label":"service entry (P729)","id":6}]}]