[{"version":1,"nodes":[{"col_index":0,"label":"col0","id":0},{"col_index":1,"label":"col1","id":1},{"col_index":2,"label":"col2","id":2},{"abs_uri":"http://www.wikidata.org/entity/Q21191019","rel_uri":"wd:Q21191019","approximation":false,"readable_label":"Japanese TV series (Q21191019)","id":3}],"edges":[{"source":3,"target":0,"abs_uri":"http://www.w3.org/2000/01/rdf-schema#label","rel_uri":"rdfs:label","approximation":false,"readable_label":"rdfs:label","id":0},{"source":3,"target":1,"abs_uri":"http://www.wikidata.org/prop/P1113","rel_uri":"p:P1113","approximation":false,"readable_label":"number of episodes (P1113)","id":1},{"source":3,"target":2,"abs_uri":"http://www.wikidata.org/prop/P2437","rel_uri":"p:P2437","approximation":false,"readable_label":"number of seasons (P2437)","id":2}]}]