[{"version":1,"nodes":[{"col_index":0,"label":"col0","id":0},{"col_index":1,"label":"col1","id":1},{"col_index":2,"label":"col2","id":2},{"col_index":3,"label":"col3","id":3},{"col_index":4,"label":"col4","id":4},{"col_index":5,"label":"col5","id":5},{"abs_uri":"http://www.wikidata.org/entity/Q37953779","rel_uri":"wd:Q37953779","approximation":false,"readable_label":"Government of the Kingdom of Italy (Q37953779)","id":6},{"abs_uri":"http://www.wikidata.org/entity/Q5","rel_uri":"wd:Q5","approximation":false,"readable_label":"human (Q5)","id":7},{"abs_uri":"http://www.wikidata.org/entity/Q37953779","rel_uri":"wd:Q37953779","approximation":false,"readable_label":"Government of the Kingdom of Italy (Q37953779)","id":8},{"abs_uri":"http://www.wikidata.org/entity/Q3024240","rel_uri":"wd:Q3024240","approximation":false,"readable_label":"historical country (Q3024240)","id":9}],"edges":[{"source":6,"target":0,"abs_uri":"http://www.w3.org/2000/01/rdf-schema#label","rel_uri":"rdfs:label","approximation":false,"readable_label":"rdfs:label","id":0},{"source":7,"target":1,"abs_uri":"http://www.w3.org/2000/01/rdf-schema#label","rel_uri":"rdfs:label","approximation":false,"readable_label":"rdfs:label","id":1},{"source":8,"target":2,"abs_uri":"http://www.w3.org/2000/01/rdf-schema#label","rel_uri":"rdfs:label","approximation":false,"readable_label":"rdfs:label","id":2},{"source":9,"target":5,"abs_uri":"http://www.w3.org/2000/01/rdf-schema#label","rel_uri":"rdfs:label","approximation":false,"readable_label":"rdfs:label","id":3},{"source":6,"target":7,"abs_uri":"http://www.wikidata.org/prop/P6","rel_uri":"p:P6","approximation":false,"readable_label":"head of government (P6)","id":4},{"source":6,"target":8,"abs_uri":"http://www.wikidata.org/prop/P1366","rel_uri":"p:P1366","approximation":false,"readable_label":"replaced by (P1366)","id":5},{"source":6,"target":4,"abs_uri":"http://www.wikidata.org/prop/P1365","rel_uri":"p:P1365","approximation":false,"readable_label":"replaces (P1365)","id":6},{"source":6,"target":9,"abs_uri":"http://www.wikidata.org/prop/P17","rel_uri":"p:P17","approximation":false,"readable_label":"country (P17)","id":7},{"source":6,"target":3,"abs_uri":"http://www.wikidata.org/prop/P571","rel_uri":"p:P571","approximation":false,"readable_label":"inception (P571)","id":8}]}]