[{"version":1,"nodes":[{"col_index":0,"label":"col0","id":0},{"col_index":1,"label":"col1","id":1},{"col_index":2,"label":"col2","id":2},{"col_index":3,"label":"col3","id":3},{"abs_uri":"http://www.wikidata.org/entity/Q2668072","rel_uri":"wd:Q2668072","approximation":false,"readable_label":"collection (Q2668072)","id":4},{"abs_uri":"http://www.wikidata.org/entity/Q66739753","rel_uri":"wd:Q66739753","approximation":false,"readable_label":"access restriction status (Q66739753)","id":5}],"edges":[{"source":4,"target":0,"abs_uri":"http://www.w3.org/2000/01/rdf-schema#label","rel_uri":"rdfs:label","approximation":false,"readable_label":"rdfs:label","id":0},{"source":5,"target":3,"abs_uri":"http://www.w3.org/2000/01/rdf-schema#label","rel_uri":"rdfs:label","approximation":false,"readable_label":"rdfs:label","id":1},{"source":4,"target":5,"abs_uri":"http://www.wikidata.org/prop/P7228","rel_uri":"p:P7228","approximation":false,"readable_label":"access restriction status (P7228)","id":2},{"source":4,"target":1,"abs_uri":"http://www.wikidata.org/prop/P1476","rel_uri":"p:P1476","approximation":false,"readable_label":"title (P1476)","id":3},{"source":4,"target":2,"abs_uri":"http://www.wikidata.org/prop/P580","rel_uri":"p:P580","approximation":false,"readable_label":"start time (P580)","id":4}]}]