[{"version":1,"nodes":[{"col_index":0,"label":"col0","id":0},{"col_index":1,"label":"col1","id":1},{"col_index":2,"label":"col2","id":2},{"abs_uri":"http://www.wikidata.org/entity/Q191851","rel_uri":"wd:Q191851","approximation":false,"readable_label":"vase (Q191851)","id":3}],"edges":[{"source":3,"target":0,"abs_uri":"http://www.w3.org/2000/01/rdf-schema#label","rel_uri":"rdfs:label","approximation":false,"readable_label":"rdfs:label","id":0},{"source":3,"target":1,"abs_uri":"http://www.wikidata.org/prop/P195","rel_uri":"p:P195","approximation":false,"readable_label":"collection (P195)","id":1},{"source":3,"target":2,"abs_uri":"http://www.wikidata.org/prop/P2049","rel_uri":"p:P2049","approximation":false,"readable_label":"width (P2049)","id":2}]}]