[{"version":1,"nodes":[{"col_index":0,"label":"col0","id":0},{"col_index":1,"label":"col1","id":1},{"col_index":2,"label":"col2","id":2},{"col_index":3,"label":"col3","id":3},{"col_index":4,"label":"col4","id":4},{"abs_uri":"http://www.wikidata.org/entity/Q752783","rel_uri":"wd:Q752783","approximation":false,"readable_label":"human spaceflight (Q752783)","id":5},{"abs_uri":"http://www.wikidata.org/entity/Q13226541","rel_uri":"wd:Q13226541","approximation":false,"readable_label":"manned spaceflight programme (Q13226541)","id":6}],"edges":[{"source":5,"target":0,"abs_uri":"http://www.w3.org/2000/01/rdf-schema#label","rel_uri":"rdfs:label","approximation":false,"readable_label":"rdfs:label","id":0},{"source":6,"target":4,"abs_uri":"http://www.w3.org/2000/01/rdf-schema#label","rel_uri":"rdfs:label","approximation":false,"readable_label":"rdfs:label","id":1},{"source":5,"target":6,"abs_uri":"http://www.wikidata.org/prop/P361","rel_uri":"p:P361","approximation":false,"readable_label":"part of (P361)","id":2},{"source":5,"target":1,"abs_uri":"http://www.wikidata.org/prop/P2047","rel_uri":"p:P2047","approximation":false,"readable_label":"duration (P2047)","id":3},{"source":5,"target":2,"abs_uri":"http://www.wikidata.org/prop/P2146","rel_uri":"p:P2146","approximation":false,"readable_label":"orbital period (P2146)","id":4},{"source":5,"target":3,"abs_uri":"http://www.wikidata.org/prop/P621","rel_uri":"p:P621","approximation":false,"readable_label":"time of spacecraft orbit decay (P621)","id":5}]}]