[{"version":1,"nodes":[{"col_index":0,"label":"col0","id":0},{"col_index":1,"label":"col1","id":1},{"col_index":2,"label":"col2","id":2},{"abs_uri":"http://www.wikidata.org/entity/Q207326","rel_uri":"wd:Q207326","approximation":false,"readable_label":"summit (Q207326)","id":3}],"edges":[{"source":3,"target":0,"abs_uri":"http://www.w3.org/2000/01/rdf-schema#label","rel_uri":"rdfs:label","approximation":false,"readable_label":"rdfs:label","id":0},{"source":3,"target":2,"abs_uri":"http://www.wikidata.org/prop/P4552","rel_uri":"p:P4552","approximation":false,"readable_label":"mountain range (P4552)","id":1},{"source":3,"target":1,"abs_uri":"http://www.wikidata.org/prop/P2660","rel_uri":"p:P2660","approximation":false,"readable_label":"topographic prominence (P2660)","id":2}]}]