[{"version":1,"nodes":[{"col_index":0,"label":"col0","id":0},{"col_index":1,"label":"col1","id":1},{"col_index":2,"label":"col2","id":2},{"abs_uri":"http://www.wikidata.org/entity/Q1344","rel_uri":"wd:Q1344","approximation":false,"readable_label":"opera (Q1344)","id":3},{"abs_uri":"http://www.wikidata.org/entity/Q50424085","rel_uri":"wd:Q50424085","approximation":false,"readable_label":"copyright status (Q50424085)","id":4},{"abs_uri":"http://www.wikidata.org/entity/Q5","rel_uri":"wd:Q5","approximation":false,"readable_label":"human (Q5)","id":5}],"edges":[{"source":3,"target":0,"abs_uri":"http://www.w3.org/2000/01/rdf-schema#label","rel_uri":"rdfs:label","approximation":false,"readable_label":"rdfs:label","id":0},{"source":4,"target":1,"abs_uri":"http://www.w3.org/2000/01/rdf-schema#label","rel_uri":"rdfs:label","approximation":false,"readable_label":"rdfs:label","id":1},{"source":5,"target":2,"abs_uri":"http://www.w3.org/2000/01/rdf-schema#label","rel_uri":"rdfs:label","approximation":false,"readable_label":"rdfs:label","id":2},{"source":3,"target":4,"abs_uri":"http://www.wikidata.org/prop/P6216","rel_uri":"p:P6216","approximation":false,"readable_label":"copyright status (P6216)","id":3},{"source":3,"target":5,"abs_uri":"http://www.wikidata.org/prop/P86","rel_uri":"p:P86","approximation":false,"readable_label":"composer (P86)","id":4}]}]