[{"version":1,"nodes":[{"col_index":0,"label":"col0","id":0},{"col_index":1,"label":"col1","id":1},{"col_index":2,"label":"col2","id":2},{"abs_uri":"http://www.wikidata.org/entity/Q1621322","rel_uri":"wd:Q1621322","approximation":false,"readable_label":"men in Tolkien's legendarium (Q1621322)","id":3}],"edges":[{"source":3,"target":0,"abs_uri":"http://www.w3.org/2000/01/rdf-schema#label","rel_uri":"rdfs:label","approximation":false,"readable_label":"rdfs:label","id":0},{"source":3,"target":1,"abs_uri":"http://www.wikidata.org/prop/P172","rel_uri":"p:P172","approximation":false,"readable_label":"ethnic group (P172)","id":1},{"source":3,"target":2,"abs_uri":"http://www.wikidata.org/prop/P551","rel_uri":"p:P551","approximation":false,"readable_label":"residence (P551)","id":2}]}]