[{"version":1,"nodes":[{"col_index":0,"label":"col0","id":0},{"col_index":1,"label":"col1","id":1},{"col_index":2,"label":"col2","id":2},{"abs_uri":"http://www.wikidata.org/entity/Q216057","rel_uri":"wd:Q216057","approximation":false,"readable_label":"barque (Q216057)","id":3}],"edges":[{"source":3,"target":0,"abs_uri":"http://www.w3.org/2000/01/rdf-schema#label","rel_uri":"rdfs:label","approximation":false,"readable_label":"rdfs:label","id":0},{"source":3,"target":1,"abs_uri":"http://www.wikidata.org/prop/P1071","rel_uri":"p:P1071","approximation":false,"readable_label":"location of creation (P1071)","id":1},{"source":3,"target":2,"abs_uri":"http://www.wikidata.org/prop/P127","rel_uri":"p:P127","approximation":false,"readable_label":"owned by (P127)","id":2}]}]