[{"version":1,"nodes":[{"col_index":0,"label":"col0","id":0},{"col_index":1,"label":"col1","id":1},{"col_index":2,"label":"col2","id":2},{"abs_uri":"http://www.wikidata.org/entity/Q1307329","rel_uri":"wd:Q1307329","approximation":false,"readable_label":"extraterrestrials in fiction (Q1307329)","id":3}],"edges":[{"source":3,"target":0,"abs_uri":"http://www.w3.org/2000/01/rdf-schema#label","rel_uri":"rdfs:label","approximation":false,"readable_label":"rdfs:label","id":0},{"source":3,"target":1,"abs_uri":"http://www.wikidata.org/prop/P1441","rel_uri":"p:P1441","approximation":false,"readable_label":"present in work (P1441)","id":1},{"source":3,"target":2,"abs_uri":"http://www.wikidata.org/prop/P2563","rel_uri":"p:P2563","approximation":false,"readable_label":"superhuman feature or ability (P2563)","id":2}]}]