[
  {
    "version": 1,
    "nodes": [
      {
        "id": "c-1",
        "abs_uri": "http://www.wikidata.org/entity/Q5",
        "rel_uri": "wd:Q5",
        "approximation": false,
        "readable_label": null
      },
      {
        "id": "d:c-1",
        "col_index": 1,
        "label": "Player"
      },
      {
        "id": "c-2",
        "abs_uri": "http://www.wikidata.org/entity/Q694589",
        "rel_uri": "wd:Q694589",
        "approximation": false,
        "readable_label": null
      },
      {
        "id": "d:c-2",
        "col_index": 2,
        "label": "Pos."
      },
      {
        "id": "c-3",
        "abs_uri": "http://www.wikidata.org/entity/Q35120",
        "rel_uri": "wd:Q35120",
        "approximation": false,
        "readable_label": null
      },
      {
        "id": "d:c-3",
        "col_index": 3,
        "label": "College"
      },
      {
        "id": "c-4",
        "abs_uri": "http://www.wikidata.org/entity/Q2992826",
        "rel_uri": "wd:Q2992826",
        "approximation": false,
        "readable_label": null
      },
      {
        "id": "d:c-4",
        "col_index": 4,
        "label": "Conf."
      },
      {
        "id": "d-0",
        "col_index": 0,
        "label": "Original NFL team"
      },
      {
        "id": "d-5",
        "col_index": 5,
        "label": "Notes"
      },
      {
        "id": "c-0",
        "abs_uri": "http://www.wikidata.org/entity/Q26895936",
        "rel_uri": "wd:Q26895936",
        "approximation": false,
        "readable_label": null
      }
    ],
    "edges": [
      {
        "source": "c-1",
        "target": "d:c-1",
        "abs_uri": "http://www.w3.org/2000/01/rdf-schema#label",
        "rel_uri": "rdfs:label",
        "approximation": false,
        "readable_label": null,
        "id": 1
      },
      {
        "source": "c-1",
        "target": "c-2",
        "abs_uri": "http://www.wikidata.org/prop/P413",
        "rel_uri": "p:P413",
        "approximation": false,
        "readable_label": null,
        "id": 2
      },
      {
        "source": "c-1",
        "target": "c-3",
        "abs_uri": "http://www.wikidata.org/prop/P54",
        "rel_uri": "p:P54",
        "approximation": false,
        "readable_label": null,
        "id": 3
      },
      {
        "source": "c-1",
        "target": "c-0",
        "abs_uri": "http://www.wikidata.org/prop/P54",
        "rel_uri": "p:P54",
        "approximation": false,
        "readable_label": null,
        "id": 4
      },
      {
        "source": "c-2",
        "target": "d:c-2",
        "abs_uri": "http://www.w3.org/2000/01/rdf-schema#label",
        "rel_uri": "rdfs:label",
        "approximation": false,
        "readable_label": null,
        "id": 5
      },
      {
        "source": "c-3",
        "target": "d:c-3",
        "abs_uri": "http://www.w3.org/2000/01/rdf-schema#label",
        "rel_uri": "rdfs:label",
        "approximation": false,
        "readable_label": null,
        "id": 6
      },
      {
        "source": "c-3",
        "target": "c-4",
        "abs_uri": "http://www.wikidata.org/prop/P463",
        "rel_uri": "p:P463",
        "approximation": false,
        "readable_label": null,
        "id": 7
      },
      {
        "source": "c-4",
        "target": "d:c-4",
        "abs_uri": "http://www.w3.org/2000/01/rdf-schema#label",
        "rel_uri": "rdfs:label",
        "approximation": false,
        "readable_label": null,
        "id": 8
      },
      {
        "source": "c-0",
        "target": "d-0",
        "abs_uri": "http://www.w3.org/2000/01/rdf-schema#label",
        "rel_uri": "rdfs:label",
        "approximation": false,
        "readable_label": null,
        "id": 9
      }
    ]
  },
  {
    "version": 1,
    "nodes": [
      {
        "id": "c-1",
        "abs_uri": "http://www.wikidata.org/entity/Q5",
        "rel_uri": "wd:Q5",
        "approximation": false,
        "readable_label": null
      },
      {
        "id": "d:c-1",
        "col_index": 1,
        "label": "Player"
      },
      {
        "id": "c-2",
        "abs_uri": "http://www.wikidata.org/entity/Q694589",
        "rel_uri": "wd:Q694589",
        "approximation": false,
        "readable_label": null
      },
      {
        "id": "d:c-2",
        "col_index": 2,
        "label": "Pos."
      },
      {
        "id": "c-3",
        "abs_uri": "http://www.wikidata.org/entity/Q35120",
        "rel_uri": "wd:Q35120",
        "approximation": false,
        "readable_label": null
      },
      {
        "id": "d:c-3",
        "col_index": 3,
        "label": "College"
      },
      {
        "id": "c-4",
        "abs_uri": "http://www.wikidata.org/entity/Q2992826",
        "rel_uri": "wd:Q2992826",
        "approximation": false,
        "readable_label": null
      },
      {
        "id": "d:c-4",
        "col_index": 4,
        "label": "Conf."
      },
      {
        "id": "d-0",
        "col_index": 0,
        "label": "Original NFL team"
      },
      {
        "id": "d-5",
        "col_index": 5,
        "label": "Notes"
      },
      {
        "id": "c-0",
        "abs_uri": "http://www.wikidata.org/entity/Q26895936",
        "rel_uri": "wd:Q26895936",
        "approximation": false,
        "readable_label": null
      }
    ],
    "edges": [
      {
        "source": "c-1",
        "target": "d:c-1",
        "abs_uri": "http://www.w3.org/2000/01/rdf-schema#label",
        "rel_uri": "rdfs:label",
        "approximation": false,
        "readable_label": null,
        "id": 1
      },
      {
        "source": "c-1",
        "target": "c-2",
        "abs_uri": "http://www.wikidata.org/prop/P413",
        "rel_uri": "p:P413",
        "approximation": false,
        "readable_label": null,
        "id": 2
      },
      {
        "source": "c-1",
        "target": "c-3",
        "abs_uri": "http://www.wikidata.org/prop/P54",
        "rel_uri": "p:P54",
        "approximation": false,
        "readable_label": null,
        "id": 3
      },
      {
        "source": "c-1",
        "target": "c-0",
        "abs_uri": "http://www.wikidata.org/prop/P54",
        "rel_uri": "p:P54",
        "approximation": false,
        "readable_label": null,
        "id": 4
      },
      {
        "source": "c-2",
        "target": "d:c-2",
        "abs_uri": "http://www.w3.org/2000/01/rdf-schema#label",
        "rel_uri": "rdfs:label",
        "approximation": false,
        "readable_label": null,
        "id": 5
      },
      {
        "source": "c-3",
        "target": "d:c-3",
        "abs_uri": "http://www.w3.org/2000/01/rdf-schema#label",
        "rel_uri": "rdfs:label",
        "approximation": false,
        "readable_label": null,
        "id": 6
      },
      {
        "source": "c-3",
        "target": "c-4",
        "abs_uri": "http://www.wikidata.org/prop/P361",
        "rel_uri": "p:P361",
        "approximation": false,
        "readable_label": null,
        "id": 7
      },
      {
        "source": "c-4",
        "target": "d:c-4",
        "abs_uri": "http://www.w3.org/2000/01/rdf-schema#label",
        "rel_uri": "rdfs:label",
        "approximation": false,
        "readable_label": null,
        "id": 8
      },
      {
        "source": "c-0",
        "target": "d-0",
        "abs_uri": "http://www.w3.org/2000/01/rdf-schema#label",
        "rel_uri": "rdfs:label",
        "approximation": false,
        "readable_label": null,
        "id": 9
      }
    ]
  }
]