[{"version":1,"nodes":[{"col_index":0,"label":"col0","id":0},{"col_index":1,"label":"col1","id":1},{"col_index":2,"label":"col2","id":2},{"col_index":3,"label":"col3","id":3},{"abs_uri":"http://www.wikidata.org/entity/Q7889","rel_uri":"wd:Q7889","approximation":false,"readable_label":"video game (Q7889)","id":4},{"abs_uri":"http://www.wikidata.org/entity/Q559618","rel_uri":"wd:Q559618","approximation":false,"readable_label":"fictional universe (Q559618)","id":5}],"edges":[{"source":4,"target":0,"abs_uri":"http://www.w3.org/2000/01/rdf-schema#label","rel_uri":"rdfs:label","approximation":false,"readable_label":"rdfs:label","id":0},{"source":5,"target":2,"abs_uri":"http://www.w3.org/2000/01/rdf-schema#label","rel_uri":"rdfs:label","approximation":false,"readable_label":"rdfs:label","id":1},{"source":4,"target":1,"abs_uri":"http://www.wikidata.org/prop/P57","rel_uri":"p:P57","approximation":false,"readable_label":"director (P57)","id":2},{"source":4,"target":5,"abs_uri":"http://www.wikidata.org/prop/P1434","rel_uri":"p:P1434","approximation":false,"readable_label":"takes place in fictional universe (P1434)","id":3},{"source":4,"target":3,"abs_uri":"http://www.wikidata.org/prop/P479","rel_uri":"p:P479","approximation":false,"readable_label":"input method (P479)","id":4}]}]