[{"version":1,"nodes":[{"col_index":0,"label":"col0","id":0},{"col_index":1,"label":"col1","id":1},{"col_index":2,"label":"col2","id":2},{"col_index":3,"label":"col3","id":3},{"abs_uri":"http://www.wikidata.org/entity/Q5864","rel_uri":"wd:Q5864","approximation":false,"readable_label":"G-type main-sequence star (Q5864)","id":4}],"edges":[{"source":4,"target":0,"abs_uri":"http://www.w3.org/2000/01/rdf-schema#label","rel_uri":"rdfs:label","approximation":false,"readable_label":"rdfs:label","id":0},{"source":4,"target":1,"abs_uri":"http://www.wikidata.org/prop/P2583","rel_uri":"p:P2583","approximation":false,"readable_label":"distance from Earth (P2583)","id":1},{"source":4,"target":2,"abs_uri":"http://www.wikidata.org/prop/P7015","rel_uri":"p:P7015","approximation":false,"readable_label":"surface gravity (P7015)","id":2},{"source":4,"target":3,"abs_uri":"http://www.wikidata.org/prop/P2227","rel_uri":"p:P2227","approximation":false,"readable_label":"metallicity (P2227)","id":3}]}]