[{"version":1,"nodes":[{"col_index":0,"label":"col0","id":0},{"col_index":1,"label":"col1","id":1},{"col_index":2,"label":"col2","id":2},{"abs_uri":"http://www.wikidata.org/entity/Q21505397","rel_uri":"wd:Q21505397","approximation":false,"readable_label":"motor yacht (Q21505397)","id":3}],"edges":[{"source":3,"target":0,"abs_uri":"http://www.w3.org/2000/01/rdf-schema#label","rel_uri":"rdfs:label","approximation":false,"readable_label":"rdfs:label","id":0},{"source":3,"target":2,"abs_uri":"http://www.wikidata.org/prop/P176","rel_uri":"p:P176","approximation":false,"readable_label":"manufacturer (P176)","id":1},{"source":3,"target":1,"abs_uri":"http://www.wikidata.org/prop/P1093","rel_uri":"p:P1093","approximation":false,"readable_label":"gross tonnage (P1093)","id":2}]}]