[{"version":1,"nodes":[{"col_index":0,"label":"col0","id":0},{"col_index":1,"label":"col1","id":1},{"col_index":2,"label":"col2","id":2},{"col_index":3,"label":"col3","id":3},{"abs_uri":"http://www.wikidata.org/entity/Q40231","rel_uri":"wd:Q40231","approximation":false,"readable_label":"election (Q40231)","id":4}],"edges":[{"source":4,"target":0,"abs_uri":"http://www.w3.org/2000/01/rdf-schema#label","rel_uri":"rdfs:label","approximation":false,"readable_label":"rdfs:label","id":0},{"source":4,"target":1,"abs_uri":"http://www.wikidata.org/prop/P1831","rel_uri":"p:P1831","approximation":false,"readable_label":"electorate (P1831)","id":1},{"source":4,"target":2,"abs_uri":"http://www.wikidata.org/prop/P1868","rel_uri":"p:P1868","approximation":false,"readable_label":"ballots cast (P1868)","id":2},{"source":4,"target":3,"abs_uri":"http://www.wikidata.org/prop/P5044","rel_uri":"p:P5044","approximation":false,"readable_label":"number of spoilt votes (P5044)","id":3}]}]