[{"version":1,"nodes":[{"col_index":0,"label":"col0","id":0},{"col_index":1,"label":"col1","id":1},{"col_index":2,"label":"col2","id":2},{"abs_uri":"http://www.wikidata.org/entity/Q55491","rel_uri":"wd:Q55491","approximation":false,"readable_label":"underground railway station (Q55491)","id":3}],"edges":[{"source":3,"target":0,"abs_uri":"http://www.w3.org/2000/01/rdf-schema#label","rel_uri":"rdfs:label","approximation":false,"readable_label":"rdfs:label","id":0},{"source":3,"target":1,"abs_uri":"http://www.wikidata.org/prop/P84","rel_uri":"p:P84","approximation":false,"readable_label":"architect (P84)","id":1},{"source":3,"target":2,"abs_uri":"http://www.wikidata.org/prop/P197","rel_uri":"p:P197","approximation":false,"readable_label":"adjacent station (P197)","id":2}]}]