[{"version":1,"nodes":[{"col_index":0,"label":"col0","id":0},{"col_index":1,"label":"col1","id":1},{"col_index":2,"label":"col2","id":2},{"col_index":3,"label":"col3","id":3},{"abs_uri":"http://www.wikidata.org/entity/Q12302","rel_uri":"wd:Q12302","approximation":false,"readable_label":"bagad (Q12302)","id":4},{"abs_uri":"http://www.wikidata.org/entity/Q484170","rel_uri":"wd:Q484170","approximation":false,"readable_label":"commune of France (Q484170)","id":5},{"abs_uri":"http://www.wikidata.org/entity/Q188451","rel_uri":"wd:Q188451","approximation":false,"readable_label":"music genre (Q188451)","id":6}],"edges":[{"source":4,"target":0,"abs_uri":"http://www.w3.org/2000/01/rdf-schema#label","rel_uri":"rdfs:label","approximation":false,"readable_label":"rdfs:label","id":0},{"source":5,"target":1,"abs_uri":"http://www.w3.org/2000/01/rdf-schema#label","rel_uri":"rdfs:label","approximation":false,"readable_label":"rdfs:label","id":1},{"source":6,"target":3,"abs_uri":"http://www.w3.org/2000/01/rdf-schema#label","rel_uri":"rdfs:label","approximation":false,"readable_label":"rdfs:label","id":2},{"source":4,"target":5,"abs_uri":"http://www.wikidata.org/prop/P131","rel_uri":"p:P131","approximation":false,"readable_label":"located in the administrative territorial entity (P131)","id":3},{"source":4,"target":6,"abs_uri":"http://www.wikidata.org/prop/P136","rel_uri":"p:P136","approximation":false,"readable_label":"genre (P136)","id":4},{"source":4,"target":2,"abs_uri":"http://www.wikidata.org/prop/P571","rel_uri":"p:P571","approximation":false,"readable_label":"inception (P571)","id":5}]}]