[{"version":1,"nodes":[{"col_index":0,"label":"col0","id":0},{"col_index":1,"label":"col1","id":1},{"abs_uri":"http://www.wikidata.org/entity/Q2217301","rel_uri":"wd:Q2217301","approximation":false,"readable_label":"serial (Q2217301)","id":2},{"abs_uri":"http://www.wikidata.org/entity/Q6256","rel_uri":"wd:Q6256","approximation":false,"readable_label":"country (Q6256)","id":3}],"edges":[{"source":2,"target":0,"abs_uri":"http://www.w3.org/2000/01/rdf-schema#label","rel_uri":"rdfs:label","approximation":false,"readable_label":"rdfs:label","id":0},{"source":3,"target":1,"abs_uri":"http://www.w3.org/2000/01/rdf-schema#label","rel_uri":"rdfs:label","approximation":false,"readable_label":"rdfs:label","id":1},{"source":2,"target":3,"abs_uri":"http://www.wikidata.org/prop/P495","rel_uri":"p:P495","approximation":false,"readable_label":"country of origin (P495)","id":2}]}]