[{"version":1,"nodes":[{"col_index":0,"label":"col0","id":0},{"col_index":1,"label":"col1","id":1},{"col_index":2,"label":"col2","id":2},{"abs_uri":"http://www.wikidata.org/entity/Q878130","rel_uri":"wd:Q878130","approximation":false,"readable_label":"stable isotope (Q878130)","id":3}],"edges":[{"source":3,"target":0,"abs_uri":"http://www.w3.org/2000/01/rdf-schema#label","rel_uri":"rdfs:label","approximation":false,"readable_label":"rdfs:label","id":0},{"source":3,"target":1,"abs_uri":"http://www.wikidata.org/prop/P1122","rel_uri":"p:P1122","approximation":false,"readable_label":"spin quantum number (P1122)","id":1},{"source":3,"target":2,"abs_uri":"http://www.wikidata.org/prop/P2374","rel_uri":"p:P2374","approximation":false,"readable_label":"natural abundance (P2374)","id":2}]}]