[{"version":1,"nodes":[{"col_index":0,"label":"col0","id":0},{"col_index":1,"label":"col1","id":1},{"col_index":2,"label":"col2","id":2},{"col_index":3,"label":"col3","id":3},{"abs_uri":"http://www.wikidata.org/entity/Q23442","rel_uri":"wd:Q23442","approximation":false,"readable_label":"island (Q23442)","id":4}],"edges":[{"source":4,"target":0,"abs_uri":"http://www.w3.org/2000/01/rdf-schema#label","rel_uri":"rdfs:label","approximation":false,"readable_label":"rdfs:label","id":0},{"source":4,"target":1,"abs_uri":"http://www.wikidata.org/prop/P1540","rel_uri":"p:P1540","approximation":false,"readable_label":"male population (P1540)","id":1},{"source":4,"target":2,"abs_uri":"http://www.wikidata.org/prop/P2547","rel_uri":"p:P2547","approximation":false,"readable_label":"perimeter (P2547)","id":2},{"source":4,"target":3,"abs_uri":"http://www.wikidata.org/prop/P1082","rel_uri":"p:P1082","approximation":false,"readable_label":"population (P1082)","id":3}]}]